display_name,dba,legal_name,address,zip,website,logo,license_id,license_description,class,type,original_issue,effective,expires,lat,lon,assignment_method
& BOKA MANAGEMENT WILLIAMSBURG LLC,& BOKA MANAGEMENT WILLIAMSBURG LLC,"The Hoxton (Williamsburg) LLC, 97th Avenue Brooklyn Management, LLC & Boka Management Williamsburg, LLC",93 97 WYTHE AVE,11249,,,0423-22-115601,Additional Bar,0423,license,2026-07-09,2026-08-01,2028-07-31,40.7209,-73.95893,pip
& BOKA MANAGEMENT WILLIAMSBURG LLC,& BOKA MANAGEMENT WILLIAMSBURG LLC,"The Hoxton (Williamsburg) LLC, 97th Avenue Brooklyn Management, LLC & Boka Management Williamsburg, LLC",93 97 WYTHE AVE,11249,,,0423-22-115526,Additional Bar,0423,license,2026-07-09,2026-08-01,2028-07-31,40.7209,-73.95893,pip
& BOKA MANAGEMENT WILLIAMSBURG LLC,& BOKA MANAGEMENT WILLIAMSBURG LLC,"The Hoxton (Williamsburg) LLC, 97th Avenue Brooklyn Management, LLC & Boka Management Williamsburg, LLC",93 97 WYTHE AVE,11249,,,0423-22-108853,Additional Bar,0423,license,2026-07-09,2026-08-01,2028-07-31,40.7209,-73.95893,pip
& BOKA MANAGEMENT WILLIAMSBURG LLC,& BOKA MANAGEMENT WILLIAMSBURG LLC,"The Hoxton (Williamsburg) LLC, 97th Avenue Brooklyn Management, LLC & Boka Management Williamsburg, LLC",93 97 WYTHE AVE,11249,,,0423-22-115600,Additional Bar,0423,license,2026-07-09,2026-08-01,2028-07-31,40.7209,-73.95893,pip
& BOKA MANAGEMENT WILLIAMSBURG LLC,& BOKA MANAGEMENT WILLIAMSBURG LLC,"The Hoxton (Williamsburg) LLC, 97th Avenue Brooklyn Management, LLC & Boka Management Williamsburg, LLC",93 97 WYTHE AVE,11249,,,0343-22-127274,Hotel,0343,license,2026-07-09,2026-08-01,2028-07-31,40.7209,-73.95893,pip
100 SUTTON,100 SUTTON,SH SUTTON STREET LLC,100 SUTTON ST,11222,,,0346-24-111963,Catering Establishment,0346,license,2026-03-25,2026-05-01,2028-04-30,40.72661,-73.94084,pip
1068 MINI MART DELI GROCERY CORP,,1068 MINI MART DELI GROCERY CORP,1068 MANHATTAN AVE,11222,,,0071-23-132385,Grocery Store,0071,license,2026-02-28,2026-03-01,2029-02-28,40.73527,-73.9551,pip
1111 Cafe LLC,,1111 Cafe LLC,65 Richardson St,11211,,,0267-25-123927,Food & Beverage Business,0267,license,2025-09-25,2025-09-25,2027-08-31,40.71836,-73.94938,pip
1122 EVENTS VENUE CORP.,,1122 EVENTS VENUE CORP.,141 Meserole St,11206,,,0524-26-43771,Temporary retail,0524,temporary,2026-05-21,2026-05-21,2026-11-17,40.70801,-73.94387,pip
12 CHAIRS CAFE,12 CHAIRS CAFE,12 CHAIRS BYN LLC,342 WYTHE AVE,11211,,,0340-23-135295,Restaurant,0340,license,2025-07-24,2025-06-01,2027-05-31,40.71452,-73.96504,pip
148 Noble Street,148 Noble Street,148 NOBLE RESTAURANT LLC,148 Noble St,11222,,,0524-26-51896,Temporary retail,0524,temporary,2026-08-18,2026-08-18,2027-02-14,40.72874,-73.95443,pip
175 Morgan Ave LLC,,175 Morgan Ave LLC,173-175 Morgan Ave,11237,,,0340-25-117288,Restaurant,0340,license,2026-03-31,2025-07-21,2027-06-30,40.71016,-73.93337,pip
186 New Way Mini Market Corp,,186 New Way Mini Market Corp,186 Scholes St,11206,,,0081-26-142293,Grocery Store,0081,license,2026-05-06,2026-05-06,2029-04-30,40.70894,-73.94159,pip
20 N 5TH STREET DELI INC,,20 N 5TH STREET DELI INC,20 N 5TH STREET,11249,,,0081-23-122758,Grocery Store,0081,license,2026-02-06,2026-02-06,2029-01-31,40.71944,-73.9633,pip
21 GREENPOINT,21 GREENPOINT,SMS 21 LLC,21 GREENPOINT AVE,11222,https://www.21greenpoint.com,/liquor/logos/e35c4374c519.png,0340-23-134158,Restaurant,0340,license,2025-08-07,2025-04-01,2027-03-31,40.72966,-73.9599,pip
2184 HAVEMEYER CORP,,2184 HAVEMEYER CORP,181 HAVEMEYER STREET,11211,,,0071-23-130240,Grocery Store,0071,license,2026-06-04,2026-08-01,2029-07-31,40.71069,-73.9581,pip
243 Jackson Deli Grocery Inc,,243 Jackson Deli Grocery Inc,243 Jackson St,11211,,,0071-26-145180,Grocery Store,0071,license,2026-06-04,2026-06-04,2029-05-31,40.71707,-73.94045,pip
268 JOSE DELI GROCERY INC,,268 JOSE DELI GROCERY INC,268 FRANKLIN ST,11222,,,0081-23-103094,Grocery Store,0081,license,2026-03-03,2026-03-03,2029-02-28,40.73525,-73.95847,pip
3 DOLLAR BILL,3 DOLLAR BILL,260 MESEROLE REST CORP,260 MESEROLE ST,11206,https://www.3dollarbillbk.com/,/liquor/logos/01005f4a2fc2.png,0370-24-110933,Food & Beverage Business,0370,license,2026-04-20,2026-06-01,2028-05-31,40.70855,-73.93818,pip
3 TIMES,3 TIMES,3 TIMES 483 INC,483 Grand St,11211,,,0340-24-104785,Restaurant,0340,license,2026-02-18,2026-02-18,2028-01-31,40.71095,-73.95186,pip
413 BROOKLYN DELI & GRILL CORP,,413 BROOKLYN DELI & GRILL CORP,413 BUSHWICH AVE,11206,,,0081-23-112691,Grocery Store,0081,license,2026-01-06,2026-01-06,2028-12-31,40.70307,-73.93749,pip
"42 Hotel, Cellar at 42, Cafe at 42","42 Hotel, Cellar at 42, Cafe at 42",RIAM FOODS LLC & RIAM REALTY LLC,428 S 5th St,11211,https://42hotel.com,/liquor/logos/ffd6bde03ce4.png,0343-26-134101,Hotel,0343,license,2026-01-23,2026-01-23,2027-12-31,40.70715,-73.95191,pip
431 GRAHAM AVE LIQUOR STORE CORP,,431 GRAHAM AVE LIQUOR STORE CORP,431 GRAHAM AVE,11211,,,0100-22-116622,Liquor Store,0100,license,2025-08-04,2025-09-01,2028-08-31,40.71789,-73.94493,pip
470 Kent Ave Associates LLC,,470 Kent Ave Associates LLC,"470 Kent Avenue, Store #13",11249,,,0524-26-43292,Temporary retail,0524,temporary,2026-05-15,2026-05-15,2026-11-11,40.70766,-73.9684,pip
4P's New York LLC,,4P's New York LLC,38 Norman Ave Unit C,11222,,,0524-26-44723,Temporary retail,0524,temporary,2026-06-01,2026-06-01,2026-11-28,40.72466,-73.95407,pip
560 MA BK LLC,,560 MA BK LLC,560 Manhattan Ave,11222,,,0524-26-48266,Temporary retail,0524,temporary,2026-07-10,2026-07-10,2027-01-06,40.72231,-73.94998,pip
7 DAYS WINE & SPIRITS,7 DAYS WINE & SPIRITS,FIRE DANCE WINE & SPIRITS NY LLC,143 DRIGGS AVE,11222,,,0100-23-123956,Liquor Store,0100,license,2026-05-01,2026-06-01,2029-05-31,40.72307,-73.94424,pip
711 Flushing Avenue Food Inc,,711 Flushing Avenue Food Inc,711 Flushing Ave,11206,,,0081-25-112825,Grocery Store,0081,license,2025-06-05,2025-06-05,2028-05-31,40.70047,-73.94406,geoclient
728 Organic Deli Grocery Inc.,,728 Organic Deli Grocery Inc.,728 Driggs Ave,11211,,,0081-26-142155,Grocery Store,0081,license,2026-05-05,2026-05-05,2029-04-30,40.7129,-73.96043,pip
737 One Love Deli Corp,,737 One Love Deli Corp,737 Metropolitan Ave,11211,,,0081-26-132852,Grocery Store,0081,license,2026-01-05,2026-01-05,2028-12-31,40.7145,-73.94456,pip
74 WYTHE AVE TENANT LLC,,74 WYTHE AVE TENANT LLC,74 WYTHE AVE,11249,,,0423-21-117589,Additional Bar,0423,license,2025-02-28,2025-03-01,2027-02-28,40.72215,-73.95758,pip
74 WYTHE AVE TENANT LLC,,74 WYTHE AVE TENANT LLC,74 WYTHE AVE,11249,,,0423-21-117565,Additional Bar,0423,license,2025-02-28,2025-03-01,2027-02-28,40.72215,-73.95758,pip
74 WYTHE AVE TENANT LLC,,74 WYTHE AVE TENANT LLC,74 WYTHE AVE,11249,,,0417-23-142094,Cabaret,0417,license,2025-10-14,2025-03-01,2027-02-28,40.72215,-73.95758,pip
797 Market & Deli Corp.,,797 Market & Deli Corp.,797 Flushing Ave,11206,,,0524-26-51780,Temporary retail,0524,temporary,2026-08-17,2026-08-17,2027-02-13,40.70101,-73.94075,geoclient
9 BOB NOTE,9 BOB NOTE,270 MESEROLE REST CORP,272 MESEROLE ST,11206,,,0340-23-133371,Restaurant,0340,license,2025-01-07,2025-02-01,2027-01-31,40.70859,-73.9377,pip
97 ORGANIC DELI CORP,,97 ORGANIC DELI CORP,97 FRANKLIN ST,11222,,,0081-21-110884,Grocery Store,0081,license,2024-07-29,2024-08-01,2027-07-31,40.72928,-73.9575,pip
99 SCOTT,99 SCOTT,99 SCOTT STUDIO LLC,99 SCOTT AVENUE,11237,,,0346-23-124007-02,Additional Bar,0423,license,2026-07-29,2025-09-04,2027-08-31,40.71057,-73.92303,pip
99 SCOTT,99 SCOTT,99 SCOTT STUDIO LLC,99 SCOTT AVENUE,11237,,,0346-23-124007-01,Additional Bar,0423,license,2026-07-29,2025-09-04,2027-08-31,40.71057,-73.92303,pip
99 SCOTT,99 SCOTT,99 SCOTT STUDIO LLC,99 SCOTT AVENUE,11237,,,0346-23-124007,Catering Establishment,0346,license,2026-07-29,2025-09-04,2027-08-31,40.71057,-73.92303,pip
A & J GOURMET DELI INC,,A & J GOURMET DELI INC,95 KNICKERBOCKER AVE,11237,,,0081-21-100478,Grocery Store,0081,license,2024-05-23,2024-06-01,2027-05-31,40.70542,-73.92989,pip
A BAR,A BAR,NO NAME KINGS INC,597 MANHATTAN AVE,11222,,,0370-24-135366,Food & Beverage Business,0370,license,2024-11-13,2025-01-01,2026-12-31,40.7231,-73.95041,pip
A F DELI GROCERY & MEAT CORP,,A F DELI GROCERY & MEAT CORP,326 ROEBLING ST,11211,,,0071-21-121230,Grocery Store,0071,license,2024-11-26,2024-12-01,2027-11-30,40.70857,-73.96096,pip
A&N DELI AND GRILL CORP,,A&N DELI AND GRILL CORP,400 LORIMER ST,11206,,,0081-23-112243,Grocery Store,0081,license,2026-03-09,2026-04-01,2029-03-31,40.70892,-73.94854,pip
ABBA BAR AND GRILL CORP,,ABBA BAR AND GRILL CORP,492 GRAND ST,11211,,,0340-23-138895,Restaurant,0340,license,2025-04-23,2025-05-01,2027-04-30,40.71091,-73.95156,pip
ACAPULCO RESTAURANT & DELI,ACAPULCO RESTAURANT & DELI,YURIT SMUNOZ & EUGENIO ZENTENO,1116 MANHATTAN AVENUE,11222,https://acapulcodeliandrestaurant.com/,/liquor/logos/7ebc3e736896.png,0138-22-101650,Food & Beverage Business,0138,license,2025-06-17,2025-07-01,2028-06-30,40.73669,-73.95531,pip
ACES PIZZA SHOP,ACES PIZZA SHOP,MDMPZZA LLC,637 DRIGGS AVE,11211,,,0340-23-135800,Restaurant,0340,license,2025-05-19,2025-06-01,2027-05-31,40.71505,-73.95857,pip
ACRE,ACRE,"Bird Circle, Inc.",64 Meserole Ave,11222,https://www.acrenyc.com/,/liquor/logos/46c6665e0909.png,0240-26-143508,Restaurant,0240,license,2026-05-19,2026-05-19,2028-04-30,40.7264,-73.95476,pip
ADAM DELI,ADAM DELI,ADAM DELI & DELICATESSEN CORP,112A NASSAU AVENUE,11222,,,0071-23-131812,Grocery Store,0071,license,2026-01-29,2026-03-01,2029-02-28,40.72426,-73.94929,pip
ADAMBA IMPORTS INTERNATIONAL INC,,ADAMBA IMPORTS INTERNATIONAL INC,585 MESEROLE ST,11237,,,0011-23-123926,Importer,0011,license,2026-07-08,2026-09-01,2029-08-31,40.7115,-73.92452,pip
ADEN FOOD MARKET,ADEN FOOD MARKET,ADEN FOOD MARKET CORP,351 BEDFORD AVENUE,11211,,,0081-22-128928,Grocery Store,0081,license,2025-09-12,2025-11-01,2028-10-31,40.71181,-73.963,pip
ADEN GOURMET DELI CORP,,ADEN GOURMET DELI CORP,244 ROEBLING ST,11211,,,0081-22-126847,Grocery Store,0081,license,2025-08-18,2025-10-01,2028-09-30,40.71126,-73.95963,pip
AFGHAN KABAB & BOMBAY GRILL,AFGHAN KABAB & BOMBAY GRILL,NEW BOMBAY GRILL & CURRY INC,1015 MANHATTAN AVE,11222,,,0240-23-139630,Restaurant,0240,license,2025-03-10,2025-04-01,2027-03-31,40.73361,-73.95482,pip
AFURI RAMEN + DUMPLING,AFURI RAMEN + DUMPLING,AFURI NEW YORK LLC,61 N 11TH ST,11249,,,0340-24-113025,Restaurant,0340,license,2026-04-20,2026-05-01,2028-04-30,40.72203,-73.95857,pip
AINSLIE,AINSLIE,76 AINSLIE OPCO LLC,76 AINSLIE ST,11211,https://ainsliebk.com,/liquor/logos/f2f90bbffaf9.png,0423-23-136845,Additional Bar,0423,license,2025-07-28,2025-08-01,2027-07-31,40.71254,-73.95191,pip
AINSLIE,AINSLIE,76 AINSLIE OPCO LLC,76 AINSLIE ST,11211,https://ainsliebk.com,/liquor/logos/f2f90bbffaf9.png,0423-23-137348,Additional Bar,0423,license,2025-07-28,2025-08-01,2027-07-31,40.71254,-73.95191,pip
AINSLIE,AINSLIE,76 AINSLIE OPCO LLC,76 AINSLIE ST,11211,https://ainsliebk.com,/liquor/logos/f2f90bbffaf9.png,0340-23-136844,Restaurant,0340,license,2025-07-28,2025-08-01,2027-07-31,40.71254,-73.95191,pip
AKO JAPANESE CUISINE,AKO JAPANESE CUISINE,NEW AKO RESTAURANT INC,205 BEDFORD AVE,11211,,,0240-22-100879,Restaurant,0240,license,2025-12-22,2026-01-01,2027-12-31,40.71698,-73.95864,pip
ALEX GROCERY & NEWS INC,,ALEX GROCERY & NEWS INC,300 BROADWAY,11211,,,0081-22-137705,Grocery Store,0081,license,2024-12-03,2025-01-01,2027-12-31,40.70846,-73.95803,pip
ALKORI ORGANIC DELI CORP,,ALKORI ORGANIC DELI CORP,407 KEAP ST,11211,,,0081-23-103020,Grocery Store,0081,license,2026-08-12,2026-08-12,2029-07-31,40.71104,-73.95335,pip
ALLSWELL,ALLSWELL,KETTLE PIE INC,124 BEDFORD AVE,11211,,,0340-23-134190,Restaurant,0340,license,2025-10-30,2025-10-30,2027-09-30,40.71958,-73.95584,pip
ALULA CAFE,ALULA CAFE,ALULA CAFE INC,252 FRANKLIN ST,11222,,,0267-22-114238,Food & Beverage Business,0267,license,2026-05-17,2026-07-01,2028-06-30,40.73459,-73.95837,pip
AMAMI SUSHI,AMAMI SUSHI,HAKU TEN INC,57 NASSAU AVE,11222,,,0340-22-115181,Restaurant,0340,license,2026-05-20,2026-06-01,2028-05-31,40.72331,-73.95214,pip
AMBER,AMBER,AMBER RESTAURANT LLC,119 NASSAU AVENUE,11222,,,0340-21-119253,Restaurant,0340,license,2025-10-09,2025-11-01,2027-10-31,40.72438,-73.94894,pip
Amelia's Food Corp,,Amelia's Food Corp,427 Wythe Ave,11249,,,0081-26-135984,Grocery Store,0081,license,2026-02-20,2026-02-20,2029-01-31,40.70996,-73.96694,pip
AMMAZZA CAFFE,AMMAZZA CAFFE,AMMAZZA CORP,702 GRAND ST,11211,https://ammazzacaffe.nyc/,/liquor/logos/f832a96f7344.png,0340-24-105402,Restaurant,0340,license,2026-02-18,2026-03-01,2028-02-29,40.71156,-73.94463,pip
AMTEC INTERNATIONAL OF NY CORP,,AMTEC INTERNATIONAL OF NY CORP,430 MORGAN AVE,11222,,,0002-23-112726,Wholesale Beer,0002,license,2026-05-19,2026-07-01,2027-06-30,40.71904,-73.93734,pip
ANCHORED INN,ANCHORED INN,MICADO BROOKLYN LLC,57 WATERBURY STREET,11206,https://theanchoredinn.com/,/liquor/logos/3c7ba0e6f769.png,0340-23-134006,Restaurant,0340,license,2025-01-08,2025-02-01,2027-01-31,40.70921,-73.93706,pip
ANDREAS CHICKEN #2,ANDREAS CHICKEN #2,ANDREAS CHICKEN 2 CORP,318 GRAND ST UNIT 1I,11211,,,0340-23-130892,Restaurant,0340,license,2025-01-16,2025-01-16,2026-12-31,40.71266,-73.95656,pip
Animal,Animal,FROST 64 LLC,64 FROST ST,11211,,,0370-24-125918,Food & Beverage Business,0370,license,2026-08-25,2026-10-01,2028-09-30,40.71764,-73.94935,pip
ANTHONY & SONS FRUIT & DELI,ANTHONY & SONS FRUIT & DELI,ANTONIO CURCIO,433 GRAHAM AVENUE,11211,,,0071-21-116129,Grocery Store,0071,license,2024-09-27,2024-09-27,2027-08-31,40.71795,-73.94494,pip
ANTIDOTE,ANTIDOTE,MFK GENTLEMAN INC,66 S 2ND ST,11249,https://www.antidoteny.com/,/liquor/logos/1d24effb907f.png,0340-22-105515,Restaurant,0340,license,2025-11-19,2026-01-01,2027-12-31,40.71435,-73.96537,pip
Apple Eats Corp,,Apple Eats Corp,230 Bushwick Ave,11206,,,0081-24-128004,Grocery Store,0081,license,2024-09-11,2024-09-11,2027-08-31,40.70786,-73.93988,pip
AREA 53 LLC,,AREA 53 LLC,616 Scholes St,11237,,,0370-26-146239,Food & Beverage Business,0370,license,2026-06-16,2026-06-16,2028-05-31,40.71253,-73.92347,pip
Art Williamsburg,Art Williamsburg,QUADRUM BK LLC & QUADRUM HOSPITALITY GROUP LLC,96 Wythe Ave,11249,https://arlohotels.com/williamsburg/,/liquor/logos/5954b0febc6c.png,0343-24-102685-03,Additional Bar,0423,license,2026-01-30,2026-02-01,2028-01-31,40.72135,-73.95843,pip
Art Williamsburg,Art Williamsburg,QUADRUM BK LLC & QUADRUM HOSPITALITY GROUP LLC,96 Wythe Ave,11249,https://arlohotels.com/williamsburg/,/liquor/logos/5954b0febc6c.png,0343-24-102685-01,Additional Bar,0423,license,2026-01-30,2026-02-01,2028-01-31,40.72135,-73.95843,pip
Art Williamsburg,Art Williamsburg,QUADRUM BK LLC & QUADRUM HOSPITALITY GROUP LLC,96 Wythe Ave,11249,https://arlohotels.com/williamsburg/,/liquor/logos/5954b0febc6c.png,0343-24-102685-02,Additional Bar,0423,license,2026-01-30,2026-02-01,2028-01-31,40.72135,-73.95843,pip
Art Williamsburg,Art Williamsburg,QUADRUM BK LLC & QUADRUM HOSPITALITY GROUP LLC,96 Wythe Ave,11249,https://arlohotels.com/williamsburg/,/liquor/logos/5954b0febc6c.png,0343-24-102685-04,Additional Bar,0423,license,2026-01-30,2026-02-01,2028-01-31,40.72135,-73.95843,pip
Art Williamsburg,Art Williamsburg,QUADRUM BK LLC & QUADRUM HOSPITALITY GROUP LLC,96 Wythe Ave,11249,https://arlohotels.com/williamsburg/,/liquor/logos/5954b0febc6c.png,0343-24-102685,Hotel,0343,license,2026-01-30,2026-02-01,2028-01-31,40.72135,-73.95843,pip
Arthur,Arthur,Arthur NYC LLC,132 Franklin St,11222,,,0340-26-149581,Restaurant,0340,license,2026-07-22,2026-07-22,2028-06-30,40.72942,-73.95752,pip
AS MANAGER. DBA: CLINTON HALL,AS MANAGER. DBA: CLINTON HALL,Pod BK F&B LLC & L Williamsburg LLC,247 METROPOLITAN AVE,11211,,,0423-21-119640,Additional Bar,0423,license,2025-12-09,2026-01-01,2027-12-31,40.71489,-73.95909,pip
AS MANAGER. DBA: CLINTON HALL,AS MANAGER. DBA: CLINTON HALL,Pod BK F&B LLC & L Williamsburg LLC,247 METROPOLITAN AVE,11211,,,0343-21-100018,Hotel,0343,license,2026-03-13,2026-01-01,2027-12-31,40.71489,-73.95909,pip
AS YOU LIKE,AS YOU LIKE,NAKAMEGURO LLC,428 HUMBOLDT ST GF,11211,https://www.asyoulike.nyc/,,0267-23-136416,Food & Beverage Business,0267,license,2025-06-29,2025-07-01,2027-06-30,40.71655,-73.94301,pip
ASIM DELI & GROCERY INC,,ASIM DELI & GROCERY INC,356 S 1ST ST,11211,,,0081-23-102920,Grocery Store,0081,license,2023-09-21,2023-10-01,2026-09-30,40.71061,-73.95271,pip
ASKA,ASKA,JA TACK LLC,47 S 5TH ST,11211,,,0340-22-106125,Restaurant,0340,license,2026-06-09,2026-07-01,2028-06-30,40.71217,-73.96646,pip
ASSOCIATED,ASSOCIATED,POLMOST FOOD CORP,802 MANHATTAN AVENUE,11222,,,0081-22-131485,Grocery Store,0081,license,2025-05-15,2025-07-01,2028-06-30,40.72794,-73.95317,pip
ATITHI INDIAN CUISINE,ATITHI INDIAN CUISINE,NY KISHAN CORP,159 Grand St,11249,,,0240-25-131665,Restaurant,0240,license,2025-12-15,2025-12-15,2027-11-30,40.71466,-73.96169,pip
AURA,AURA,AURA COCINA & BAR INC,315 MESEROLE ST,11206,,,0340-22-108724,Restaurant,0340,license,2026-01-28,2026-02-01,2028-01-31,40.70884,-73.93513,pip
AURORA,AURORA,BROMACO INC,70 GRAND ST,11211,,,0340-23-132462,Restaurant,0340,license,2025-08-12,2025-10-01,2027-09-30,40.71061,-73.95482,pip
Azure Gourmet,Azure Gourmet,Akshar 113 Inc,113 Franklin St,11222,,,0081-25-110354,Grocery Store,0081,license,2025-05-14,2025-05-14,2028-04-30,40.73026,-73.95765,pip
BABA COOL,BABA COOL,BABA COOL LLC,47 WITHERS ST,11211,,,0340-23-130637,Restaurant,0340,license,2025-05-07,2025-06-01,2027-05-31,40.71679,-73.95069,pip
BABY'S ALL RIGHT,BABY'S ALL RIGHT,146 BROADWAY ASSOCIATES LLC,146 150 BROADWAY,11211,https://babysallright.com,/liquor/logos/013464e39310.png,0423-23-138783,Additional Bar,0423,license,2025-09-05,2025-09-01,2027-08-31,40.71023,-73.96337,pip
BABY'S ALL RIGHT,BABY'S ALL RIGHT,146 BROADWAY ASSOCIATES LLC,146 150 BROADWAY,11211,https://babysallright.com,/liquor/logos/013464e39310.png,0340-23-136758,Restaurant,0340,license,2025-09-05,2025-09-01,2027-08-31,40.71023,-73.96337,pip
BACAN,BACAN,NEXTRA USA CORPORATION,79 GRAND ST,11249,,,0340-22-110374,Restaurant,0340,license,2024-10-03,2024-10-03,2026-09-30,40.71567,-73.96427,pip
BACO & ABBRACCI,BACO & ABBRACCI,TASSO RESTAURANT LLC,204 GRAND STREET,11211,https://www.baciny.com,/liquor/logos/b008c78b18ae.png,0340-22-106770,Restaurant,0340,license,2025-12-24,2026-03-01,2028-02-29,40.71409,-73.96032,pip
BAGELSMITH,BAGELSMITH,AFP BAGELS INC,566 LORIMER ST,11211,,,0081-22-127866,Grocery Store,0081,license,2025-06-25,2025-07-01,2028-06-30,40.71378,-73.94932,pip
BAHIA RESTAURANT & CAFE,BAHIA RESTAURANT & CAFE,FLOC LTD,690 GRAND STREET,11211,,,0240-23-142694,Restaurant,0240,license,2025-03-14,2025-04-01,2027-03-31,40.71153,-73.94498,pip
Balera,Balera,Balera LLC,442 Graham Ave,11211,,,0340-26-136250,Restaurant,0340,license,2026-02-25,2026-02-25,2028-01-31,40.7183,-73.945,pip
BAMONTES,BAMONTES,BAMONTES RESTAURANT CORP,32 WITHERS STREET,11211,,,0340-22-110982,Restaurant,0340,license,2026-01-21,2026-03-01,2028-02-29,40.71673,-73.95124,pip
BANG BANG BANGKOK,BANG BANG BANGKOK,Rich Mhasarn Inc,131 Grand St,11249,,,0240-24-136739,Restaurant,0240,license,2024-11-20,2024-11-20,2026-10-31,40.715,-73.96254,pip
Banks Tavern,Banks Tavern,19 GREENPOINT LLC,19 GREENPOINT AVE,11222,https://www.21greenpoint.com,/liquor/logos/7e909a583bdd.png,0370-25-102276,Food & Beverage Business,0370,license,2025-06-27,2025-06-27,2027-01-31,40.72965,-73.95997,pip
BANTER,BANTER,ANFIELD ROAD INC,132 HAVEMEYER ST STORE 3,11211,,,0340-23-134460,Restaurant,0340,license,2025-01-07,2025-02-01,2027-01-31,40.7121,-73.95721,pip
BAR AMERICANO,BAR AMERICANO,180 FRANKLIN LLC,180 FRANKLIN ST,11222,https://www.baramericanonyc.com,/liquor/logos/01abe99fb845.png,0370-24-136258,Food & Beverage Business,0370,license,2025-04-22,2025-04-22,2026-12-31,40.73148,-73.95785,pip
Bar Basseri,Bar Basseri,Pintxo Trading Co LLC,225 Kent Ave,11249,,,0240-25-117534,Restaurant,0240,license,2025-07-23,2025-07-23,2027-06-30,40.71691,-73.96536,pip
BAR MADONNA,BAR MADONNA,PAINT 367 LLC,367 Metropolitan Ave,11211,,,0340-24-113490,Restaurant,0340,license,2026-04-16,2026-05-01,2028-04-30,40.71407,-73.95569,pip
Bar Susanne,Bar Susanne,Rip Raf LLC,6 River St,11249,,,0340-26-140251,Restaurant,0340,license,2026-04-16,2026-04-16,2028-03-31,40.71648,-73.96654,pip
BARANO,BARANO,MOZZARELLA HOLDINGS LLC,26 BROADWAY,11249,https://www.baranobk.com/,/liquor/logos/964b238ef11b.png,0340-23-137684,Restaurant,0340,license,2025-02-28,2025-03-01,2027-02-28,40.71074,-73.96787,pip
BARCADE LLC,,BARCADE LLC,388 UNION AVE,11211,https://barcadebrooklyn.com,/liquor/logos/18e4c8d0cd02.png,0370-24-128998,Food & Beverage Business,0370,license,2026-08-13,2026-10-01,2028-09-30,40.71201,-73.95129,pip
Bark Barbecue Corp.,,Bark Barbecue Corp.,25 Thames St,11206,,,0524-26-48246,Temporary retail,0524,temporary,2026-07-10,2026-07-10,2027-01-06,40.70489,-73.93192,pip
"BEATS KARAOKE, BELLY KOREAN BACON SHOP","BEATS KARAOKE, BELLY KOREAN BACON SHOP",227 GRAND CORP,227 GRAND ST,11211,,,0240-21-122483,Restaurant,0240,license,2025-10-20,2025-11-01,2027-10-31,40.71372,-73.9594,pip
BECO,BECO,SAMPA RESTAURANT LLC,715 LORIMER ST,11211,https://www.becobar.com,/liquor/logos/5d5fb459035c.png,0340-23-136800,Restaurant,0340,license,2025-02-20,2025-03-01,2027-02-28,40.71842,-73.95009,pip
BEDFORD 101 FOOD CORP,,BEDFORD 101 FOOD CORP,95 BEDFORD AVE,11211,,,0071-21-118137,Grocery Store,0071,license,2024-12-31,2025-01-01,2027-12-31,40.72046,-73.95491,pip
BEDFORD BOTTLE SHOPPE INC,,BEDFORD BOTTLE SHOPPE INC,301 BEDFORD AVE,11211,,,0100-22-115785,Liquor Store,0100,license,2025-01-16,2025-02-01,2028-01-31,40.71362,-73.96185,pip
BEDFORD CONVENIENCE INC,,BEDFORD CONVENIENCE INC,154 BEDFORD AVE,11249,,,0081-21-112731,Grocery Store,0081,license,2024-08-30,2024-09-01,2027-08-31,40.71869,-73.95678,pip
BEDFORD EXOTICS INC,,BEDFORD EXOTICS INC,195A BEDFORD AVE,11211,,,0081-22-128670,Grocery Store,0081,license,2025-01-31,2025-02-01,2028-01-31,40.71743,-73.95816,pip
BEDFORD FRUIT MARKET,BEDFORD FRUIT MARKET,BIGKAT LLC,146 BEDFORD AVE,11249,,,0081-21-108954,Grocery Store,0081,license,2024-04-05,2024-05-01,2027-04-30,40.71886,-73.95661,pip
BEDFORD GOURMET FOOD,BEDFORD GOURMET FOOD,JALIL 105 CORP,160 BEDFORD AVE,11211,,,0081-21-112297,Grocery Store,0081,license,2024-09-04,2024-09-04,2027-07-31,40.71853,-73.95695,pip
BEDFORD WINES AND SPIRITS INC,,BEDFORD WINES AND SPIRITS INC,101 BEDFORD AVE,11211,,,0100-23-123791,Liquor Store,0100,license,2026-08-13,2026-10-01,2029-09-30,40.72022,-73.95515,pip
BEER BOUTIQUE INC,,BEER BOUTIQUE INC,497 UNION AVE,11211,,,0071-21-119112,Grocery Store,0071,license,2024-02-21,2024-03-01,2027-02-28,40.71552,-73.95187,pip
BEER KARMA LLC,,BEER KARMA LLC,470 UNION AVE,11211,https://www.beerkarmanyc.com,,0267-23-129181,Food & Beverage Business,0267,license,2025-03-11,2025-03-11,2027-02-28,40.71443,-73.95169,pip
BEES KNEES,BEES KNEES,BEES KNEES MANAGEMENT LLC,65 N 7TH ST,11249,,,0423-22-109826,Additional Bar,0423,license,2024-11-21,2024-12-01,2026-11-30,40.71998,-73.96118,pip
BEES KNEES,BEES KNEES,BEES KNEES MANAGEMENT LLC,65 N 7TH ST,11249,,,0340-22-110294,Restaurant,0340,license,2024-11-21,2024-12-01,2026-11-30,40.71998,-73.96118,pip
BEMBE,BEMBE,BEMBE INC,81 S 6TH STREET,11211,https://www.bembe.us/,/liquor/logos/ca69b8f3a696.png,0340-22-105729,Restaurant,0340,license,2024-11-27,2024-12-01,2026-11-30,40.71095,-73.9652,pip
BERNIE'S,BERNIE'S,BERNIE'S POINT LLC,836 LORIMER ST,11222,,,0340-22-113420,Restaurant,0340,license,2026-05-19,2026-06-01,2028-05-31,40.72189,-73.95072,pip
Berry Organic Inc,,Berry Organic Inc,228 Berry St,11249,,,0081-25-102515,Grocery Store,0081,license,2025-02-07,2025-02-07,2028-01-31,40.71541,-73.96246,pip
Berry Park,Berry Park,JHE HOSPITALITY INC,4-6 Berry St,11249,,,0423-25-108320,Additional Bar,0423,license,2025-04-27,2025-04-27,2027-03-31,40.72232,-73.95503,pip
Berry Park,Berry Park,JHE HOSPITALITY INC,4-6 Berry St,11249,,,0340-25-108321,Restaurant,0340,license,2025-04-27,2025-04-27,2027-03-31,40.72232,-73.95503,pip
BERSI ETHIOPIAN RESTAURANT,BERSI ETHIOPIAN RESTAURANT,SELAM LLC,1049 MANHATTAN AVE,11222,,,0240-24-102422,Restaurant,0240,license,2026-01-06,2026-01-06,2027-12-31,40.7347,-73.955,pip
BEST PIZZA,BEST PIZZA,BROOKLYNBACA LLC,33 HAVEMEYER ST,11211,,,0240-23-141275,Restaurant,0240,license,2025-08-18,2025-10-01,2027-09-30,40.71566,-73.95362,pip
BEVERAGE WORLD INC,,BEVERAGE WORLD INC,40 48 LOMBARDY ST,11222,,,0001-23-139839,Wholesale Beer (Retail),0001,license,2026-06-12,2026-07-01,2027-06-30,40.72206,-73.9392,pip
BEYOND NATURAL MARKET INC,,BEYOND NATURAL MARKET INC,195 MONTROSE AVE,11206,https://www.beyondnaturalmarket.com/montrose-ave,,0081-23-102796,Grocery Store,0081,license,2023-10-02,2023-11-01,2026-10-31,40.70751,-73.94127,pip
BIBBER AND BELL WINES & SPIRITS,BIBBER AND BELL WINES & SPIRITS,BIBBER AND BELL LLC,418 UNION AVE,11211,,,0100-22-116342,Liquor Store,0100,license,2025-02-28,2025-03-01,2028-02-29,40.71286,-73.95143,pip
Big Apple 22 Deli & Grill,Big Apple 22 Deli & Grill,Big Apple 22 Deli Corp,669 Grand St,11211,,,0081-25-125071,Grocery Store,0081,license,2025-10-04,2025-10-04,2028-09-30,40.71146,-73.94575,pip
BIG BLUE BEER,BIG BLUE BEER,BIG BLUE DISTRIBUTORS INC,223 GREENPOINT AVENUE,11222,https://www.bigbluebeer.com/,/liquor/logos/3d1685a5dbe8.png,0001-23-141862,Wholesale Beer (Retail),0001,license,2026-05-08,2026-07-01,2027-06-30,40.73057,-73.95032,pip
Big Tree Bottles,Big Tree Bottles,43 Bogart LLC,43 Bogart St,11206,https://bigtreebottles.com/,/liquor/logos/de701a4368c5.png,0100-24-133724,Liquor Store,0100,license,2024-10-23,2024-10-23,2027-09-30,40.70514,-73.93325,pip
BIG WONG RESTAURANT,BIG WONG RESTAURANT,ABUZU MANAGEMENT CORP,135 N 5th St Ste B,11249,,,0240-24-123909,Restaurant,0240,license,2026-07-28,2026-08-01,2028-07-31,40.71693,-73.95927,pip
BIN BIN SAKE,BIN BIN SAKE,NORMAN SAKE LLC,29 NORMAN AVE,11222,,,0100-22-117506,Liquor Store,0100,license,2025-02-06,2025-03-01,2028-02-29,40.72436,-73.95497,pip
Birdee,Birdee,Domino Refinery LLC and SHG 300 Kent Avenue LLC,300 Kent Ave,11249,,,0340-26-150962,Restaurant,0340,license,2026-08-07,2026-08-07,2028-07-31,40.71436,-73.96694,pip
Birds of a Feather,Birds of a Feather,DINGXIANG INC,172 N 1st St,11211,https://birdsofafeatherny.com,/liquor/logos/0f25a706cdd9.png,0340-25-130970,Restaurant,0340,license,2025-12-05,2025-12-05,2027-11-30,40.7146,-73.9603,pip
BISTRO SO,BISTRO SO,BISTRO SO CORP,530 DRIGGS AVE,11211,,,0423-22-112225,Additional Bar,0423,license,2026-06-18,2026-07-01,2028-06-30,40.71749,-73.95593,pip
BISTRO SO,BISTRO SO,BISTRO SO CORP,530 DRIGGS AVE,11211,,,0340-22-108160,Restaurant,0340,license,2026-06-18,2026-07-01,2028-06-30,40.71749,-73.95593,pip
BK BACKYARD BAR LLC,,BK BACKYARD BAR LLC,61 Dobbin Street,11222,,,0370-25-124818-01,Additional Bar,0423,license,2025-10-02,2025-10-02,2027-09-30,40.72421,-73.95406,pip
BK BACKYARD BAR LLC,,BK BACKYARD BAR LLC,61 Dobbin Street,11222,,,0370-25-124818,Food & Beverage Business,0370,license,2025-10-02,2025-10-02,2027-09-30,40.72421,-73.95406,pip
BK Belly,BK Belly,Cornerstone Performance Inc.,186 Scholes St,11206,,,0340-26-139114,Restaurant,0340,license,2026-04-02,2026-04-02,2028-03-31,40.70894,-73.94159,pip
BK NOODLES INC,,BK NOODLES INC,280 BEDFORD AVE,11249,,,0240-21-121867,Restaurant,0240,license,2025-11-10,2025-12-01,2027-11-30,40.71474,-73.96105,pip
BLACK RABBIT,BLACK RABBIT,BLACK RABBIT BAR LLC,91 GREENPOINT AVENUE,11222,,,0370-23-134268,Food & Beverage Business,0370,license,2025-05-30,2025-06-01,2027-05-31,40.72997,-73.95659,pip
BLANCA,BLANCA,SEVERED HEADS LLC,261 MOORE ST,11206,,,0340-23-134896,Restaurant,0340,license,2025-01-10,2025-02-01,2027-01-31,40.70494,-73.93344,pip
Blazers Sports Bar LLC,,Blazers Sports Bar LLC,308 Bedford Ave,11249,https://blazerssportsbar.com/,/liquor/logos/48f9ab33331b.png,0370-26-136217,Food & Beverage Business,0370,license,2026-02-25,2026-02-25,2028-01-31,40.71381,-73.96173,pip
BLEND,BLEND,291 KENT RESTAURANT INC,291 KENT AVE,11249,,,0423-23-128858,Additional Bar,0423,license,2025-10-20,2025-10-20,2027-03-31,40.7146,-73.96684,pip
BLEND,BLEND,291 KENT RESTAURANT INC,291 KENT AVE,11249,,,0340-23-136507,Restaurant,0340,license,2025-04-02,2025-04-02,2027-03-31,40.7146,-73.96684,pip
BLINKY'S,BLINKY'S,NEWNOORMS CORP,609 GRAND ST,11211,https://www.blinkysbar.com,,0370-23-130935,Food & Beverage Business,0370,license,2025-02-20,2025-03-01,2027-02-28,40.71127,-73.94775,pip
Blk Iris Express Inc. I,,Blk Iris Express Inc. I,128 Metropolitan Ave,11249,,,0524-26-48733,Temporary retail,0524,temporary,2026-07-15,2026-07-15,2027-01-11,40.71633,-73.96263,pip
Blue Angel Wines,Blue Angel Wines,"Matilde Wines & Spirits, LLC",638 Grand Street,11211,,,0100-25-129367,Liquor Store,0100,license,2025-11-18,2025-11-18,2028-10-31,40.71137,-73.94676,pip
BLUE COLLAR,BLUE COLLAR,160 HAVEMEYER STREET CORP,704 MANHATTAN AVE,11222,,,0267-24-105643,Food & Beverage Business,0267,license,2026-02-10,2026-03-01,2028-02-29,40.72563,-73.95184,pip
Blue Land,Blue Land,"Mixteca Spirits of Town 987, Corp",987 Flushing Ave,11206,,,0100-26-138556,Liquor Store,0100,license,2026-03-25,2026-03-25,2029-02-28,40.70301,-73.93313,geoclient
BLUE SLIP WINES AND LIQUORS,BLUE SLIP WINES AND LIQUORS,BLUE SLIP WINES AND LIQUORS INC,1122 MANHATTAN AVE,11222,,,0100-21-114226,Liquor Store,0100,license,2024-11-05,2024-12-01,2027-11-30,40.73683,-73.95534,pip
BLUE STAR DELI & ORGANIC INC,,BLUE STAR DELI & ORGANIC INC,715 LORIMER ST,11211,,,0081-22-126702,Grocery Store,0081,license,2025-11-10,2025-12-01,2028-11-30,40.71842,-73.95009,pip
BOARDROOM C LLC,,BOARDROOM C LLC,369 LEONARD ST,11211,,,0340-24-134126,Restaurant,0340,license,2024-10-25,2024-10-25,2026-09-30,40.7169,-73.94817,pip
BOGART HOUSE,BOGART HOUSE,BOGART HOUSE LLC,230 BOGART ST,11206,https://bogarthouse.com,/liquor/logos/3bb8881b6eee.png,0346-22-117153-01,Additional Bar,0423,license,2026-02-19,2026-03-01,2028-02-29,40.71156,-73.93575,pip
BOGART HOUSE,BOGART HOUSE,BOGART HOUSE LLC,230 BOGART ST,11206,https://bogarthouse.com,/liquor/logos/3bb8881b6eee.png,0423-22-111252,Additional Bar,0423,license,2026-02-19,2026-03-01,2028-02-29,40.71156,-73.93575,pip
BOGART HOUSE,BOGART HOUSE,BOGART HOUSE LLC,230 BOGART ST,11206,https://bogarthouse.com,/liquor/logos/3bb8881b6eee.png,0346-22-117153,Catering Establishment,0346,license,2026-02-19,2026-03-01,2028-02-29,40.71156,-73.93575,pip
Boil & Bite,Boil & Bite,"BOIL & BITE, INC.",148 N 7th St,11249,,,0524-26-39153,Temporary retail,0524,temporary,2026-04-02,2026-04-02,2026-09-29,40.71825,-73.9584,pip
BONNIE'S,BONNIE'S,MSG 88 LLC,398 MANHATTAN AVE,11211,https://www.bonniesbrooklyn.com/,/liquor/logos/266d528f4e48.png,0340-23-139145,Restaurant,0340,license,2025-08-26,2025-09-01,2027-08-31,40.71782,-73.94664,pip
Boon Thai,Boon Thai,WANGSAROJ INC,681 Manhattan Ave,11222,,,0240-25-125290,Restaurant,0240,license,2025-10-07,2025-10-07,2027-09-30,40.72502,-73.95149,pip
Booth's,Booth's,Booth's 1 LLC,62 S 2ND ST,11249,,,0524-26-52486,Temporary retail,0524,temporary,2026-08-25,2026-08-25,2027-02-21,40.71437,-73.96543,pip
Border Town,Border Town,Frontera LLC,189 Nassau Ave,11222,https://www.bordertown.co/,/liquor/logos/b1ebc02c88a0.png,0340-26-137616,Restaurant,0340,license,2026-03-15,2026-03-15,2028-02-29,40.72549,-73.94554,pip
Boro Brine,Boro Brine,3 Date Williamsburg LLC,109 S 6th St,11249,,,0340-25-121564,Restaurant,0340,license,2025-12-10,2025-09-03,2027-08-31,40.71063,-73.96429,pip
Bouquet,Bouquet,Bouquet BK LLC,1073 Manhattan Ave,11222,,,0340-24-137546,Restaurant,0340,license,2024-12-02,2024-12-02,2026-11-30,40.73541,-73.95512,pip
BP,BP,GRAND PETROLEUM LLC,1049 GRAND ST,11211,,,0081-21-109391,Grocery Store,0081,license,2024-04-04,2024-04-04,2027-03-31,40.71391,-73.93363,pip
BP SHOP,BP SHOP,MEEKER PETROLEUM INC,546 MORGAN AVE,11222,,,0081-23-103296,Grocery Store,0081,license,2026-05-05,2026-05-05,2029-04-30,40.72305,-73.93916,pip
BQE WINE & LIQUOR,BQE WINE & LIQUOR,GRAHAM WINE & LIQUOR LTD,504 MEEKER AVENUE,11222,https://www.bqewineandliquors.com/,/liquor/logos/dd834faed00e.png,0100-22-118133,Liquor Store,0100,license,2025-06-30,2025-08-01,2028-07-31,40.72012,-73.94398,pip
BRAVO SUPERMARKET,BRAVO SUPERMARKET,BAMA FOOD CORP,785 789 GRAND ST,11211,,,0081-22-131711,Grocery Store,0081,license,2025-08-25,2025-09-01,2028-08-31,40.71184,-73.94156,pip
BRAVO SUPERMARKET,BRAVO SUPERMARKET,MLD 91 FOOD CORP,91 HUMBOLDT ST,11206,,,0081-21-103168,Grocery Store,0081,license,2024-02-08,2024-03-01,2027-02-28,40.70442,-73.94099,pip
"BREW INN CORP, THE",,"BREW INN CORP, THE",924 MANHATTAN AVE,11222,https://www.instagram.com/the_brew_inn,,0340-22-111304,Restaurant,0340,license,2024-08-20,2024-10-01,2026-09-30,40.73102,-73.95437,pip
BRIGHT SIDE BROOKLYN LLC,,BRIGHT SIDE BROOKLYN LLC,184 KENT AVE,11249,https://www.brightside.cafe/,/liquor/logos/83bfcd6f45fa.png,0340-22-112423,Restaurant,0340,license,2026-07-28,2026-08-01,2028-07-31,40.71831,-73.96385,pip
BROADWAY GRAB & GO CORP,,BROADWAY GRAB & GO CORP,395 BROADWAY,11211,,,0081-23-122024,Grocery Store,0081,license,2026-06-03,2026-07-01,2029-06-30,40.70714,-73.95419,pip
BROADWAY MINI MARKET DELI CORP,,BROADWAY MINI MARKET DELI CORP,403 BROADWAY,11211,,,0081-23-122908,Grocery Store,0081,license,2025-12-09,2026-02-01,2029-01-31,40.70704,-73.95391,pip
BROKEN LAND,BROKEN LAND,GREEN BOTTLE LLC,105 FRANKLIN ST,11222,,,0370-23-131844,Food & Beverage Business,0370,license,2025-04-18,2025-05-01,2027-04-30,40.72954,-73.95753,pip
BROOKLYN BALL FACTORY INC,,BROOKLYN BALL FACTORY INC,95 MONTROSE AVE,11206,www.bkballfactory.com,,0240-22-100806,Restaurant,0240,license,2026-01-02,2026-02-01,2028-01-31,40.70706,-73.94585,pip
BROOKLYN BILLIARDS LLC,,BROOKLYN BILLIARDS LLC,90 N 11TH ST AKA 97 N 10TH ST,11249,,,0340-22-109348,Restaurant,0340,license,2024-12-27,2025-01-01,2026-12-31,40.72136,-73.95749,pip
BROOKLYN BODEGA,BROOKLYN BODEGA,GWQ ROEBLING FOOD CORP,340 ROEBLING ST,11211,,,0081-22-125870,Grocery Store,0081,license,2025-11-24,2025-12-01,2028-11-30,40.7082,-73.96103,pip
BROOKLYN BOWL LLC,,BROOKLYN BOWL LLC,61 77 WYTHE AVE,11249,,,0423-23-138336,Additional Bar,0423,license,2025-01-14,2025-02-01,2027-01-31,40.72153,-73.95824,pip
BROOKLYN BOWL LLC,,BROOKLYN BOWL LLC,61 77 WYTHE AVE,11249,,,0417-23-139920,Cabaret,0417,license,2025-01-14,2025-02-01,2027-01-31,40.72153,-73.95824,pip
BROOKLYN FLEA LLC,,BROOKLYN FLEA LLC,90 KENT AVENUE,11211,,,0371-23-135066,Summer Food & beverage business,0371,license,2026-02-09,2026-03-01,2026-11-30,40.71444,-73.95251,pip
BROOKLYN GOURMET DELI CORP,,BROOKLYN GOURMET DELI CORP,313 BEDFORD AVENUE,11211,,,0081-21-112435,Grocery Store,0081,license,2024-08-02,2024-09-01,2027-08-31,40.71317,-73.96213,pip
BROOKLYN HARVEST MARKET,BROOKLYN HARVEST MARKET,NORTH 3RD CORP,25 N 5TH ST,11249,https://brooklynharvestmarkets.com/,/liquor/logos/f046e6699477.png,0081-22-126638,Grocery Store,0081,license,2025-03-01,2025-03-01,2028-02-29,40.71933,-73.96312,pip
BROOKLYN HARVEST MARKET,BROOKLYN HARVEST MARKET,204 UNION FOOD CORP,204 UNION AVE,11211,https://www.brooklynharvestmarkets.com,/liquor/logos/45281248f5d1.png,0081-23-120187,Grocery Store,0081,license,2026-07-22,2026-08-01,2029-07-31,40.70651,-73.95037,pip
Brooklyn Roots Collective Inc,,Brooklyn Roots Collective Inc,255 Randolph St,11237,,,0417-25-126657,Cabaret,0417,license,2026-06-03,2025-10-20,2027-09-30,40.71051,-73.92228,pip
BROOKLYN SAFEHOUSE,BROOKLYN SAFEHOUSE,ANTHONY PETILLO,120 FRANKLIN ST,11222,https://brooklynsafehouse.com,/liquor/logos/24d2fade38c8.png,0340-22-104882,Restaurant,0340,license,2026-07-31,2026-09-01,2028-08-31,40.72885,-73.95744,pip
BROOKLYN WINERY,BROOKLYN WINERY,BROOKLYN WINERY LLC,63B GUERNSEY ST,11222,https://www.bkwinery.com,/liquor/logos/1650462816bc.png,0340-23-128532,Restaurant,0340,license,2025-01-31,2025-02-01,2027-01-31,40.72358,-73.95269,pip
BROOKLYN WINERY,BROOKLYN WINERY,BROOKLYN WINERY LLC,63B GUERNSEY ST,11222,https://www.bkwinery.com,/liquor/logos/1650462816bc.png,0031-23-133407,Winery,0031,license,2026-01-28,2026-02-01,2029-01-31,40.72358,-73.95269,pip
BTB Wild LLC,,BTB Wild LLC,1071 Manhattan Ave,11222,,,0100-24-113377,Liquor Store,0100,license,2024-05-13,2024-05-13,2027-04-30,40.73534,-73.95511,pip
BUSHNIWA,BUSHNIWA,KNR PARTNERS LLC,250 VARET ST,11206,https://bushniwa.com,,0340-22-109101,Restaurant,0340,license,2026-07-09,2026-08-01,2028-07-31,40.70419,-73.93351,pip
BUSHWICK COUNTRY CLUB,BUSHWICK COUNTRY CLUB,BUSHWICK C C LLC,608 GRAND ST,11211,https://www.bushwickcountryclub.com,/liquor/logos/94d0d5e91dbd.png,0370-23-138522,Food & Beverage Business,0370,license,2025-05-14,2025-05-14,2027-04-30,40.71127,-73.94778,pip
BUSHWICK DELI GROCERY CORP,,BUSHWICK DELI GROCERY CORP,285 BUSHWICK AVE,11206,,,0081-21-110237,Grocery Store,0081,license,2025-01-15,2025-01-15,2027-12-31,40.70628,-73.93961,pip
BUSHWICK ICE HOUSE LLC,,BUSHWICK ICE HOUSE LLC,35 INGRAHAM ST,11206,,,0340-22-107429,Restaurant,0340,license,2026-04-03,2026-04-03,2028-04-30,40.70697,-73.93246,pip
C & R WINE CORPORATION,,C & R WINE CORPORATION,169 B GARDNER AVENUE,11237,,,0009-22-117734,Wholesale Liquor,0009,license,2025-03-04,2025-04-01,2028-03-31,40.71288,-73.92582,pip
C TOWN,C TOWN,KIDS A M INC,330 GRAHAM AVENUE,11211,https://locations.ctownsupermarkets.com/ctown-supermarkets-3240f74cab63,/liquor/logos/54f935d08f35.png,0081-23-115831,Grocery Store,0081,license,2023-10-04,2023-10-04,2026-09-30,40.71409,-73.94431,pip
C TOWN,C TOWN,BILLY BOY FOOD CORP,130 HAVEMEYER ST,11211,https://locations.ctownsupermarkets.com/ctown-supermarkets-b31623d03646,/liquor/logos/0a4691cc370a.png,0081-21-109024,Grocery Store,0081,license,2024-10-18,2024-11-01,2027-10-31,40.71233,-73.95707,pip
C TOWN SUPERMARKET,C TOWN SUPERMARKET,953 MANHATTAN FOOD CORP,953 MANHATTAN AVENUE,11222,,,0081-21-109683,Grocery Store,0081,license,2024-11-06,2024-11-06,2027-10-31,40.73189,-73.95455,pip
CAFE BALEARICA,CAFE BALEARICA,90 WYTHE LLC,44 BERRY ST,11249,,,0423-22-111175,Additional Bar,0423,license,2026-02-27,2026-03-01,2028-02-29,40.72098,-73.95644,pip
CAFE BALEARICA,CAFE BALEARICA,90 WYTHE LLC,44 BERRY ST,11249,,,0370-24-106290,Food & Beverage Business,0370,license,2026-03-24,2026-03-01,2028-02-29,40.72098,-73.95644,pip
Cafe Bar J. F.,Cafe Bar J. F.,EL GOLPE LLC,50 WITHERS ST,11211,,,0340-23-133798,Restaurant,0340,license,2026-02-06,2026-02-06,2027-10-31,40.7168,-73.95052,pip
CAFE BUREAU LLC,,CAFE BUREAU LLC,251 Grand St,11211,,,0267-24-105298,Food & Beverage Business,0267,license,2026-01-22,2026-03-01,2028-02-29,40.71343,-73.95869,pip
CAFE COLETTE,CAFE COLETTE,SILENTH LLC,79 BERRY ST,11249,https://www.cafe-colette.com,,0340-21-119088,Restaurant,0340,license,2025-10-24,2025-11-01,2027-10-31,40.71982,-73.95771,pip
Cafe Little Armenia,Cafe Little Armenia,Cafe Little Armenia LLC,1035 Manhattan Ave,11222,https://littlearmeniacafe.com/,,0240-25-101113,Restaurant,0240,license,2025-01-17,2025-01-17,2026-12-31,40.7342,-73.95492,pip
CAFE MOGADOR LLC,,CAFE MOGADOR LLC,133 WYTHE AVE,11211,https://www.cafemogador.com/,/liquor/logos/d1e4013b1b02.png,0340-22-103260,Restaurant,0340,license,2026-01-25,2026-02-01,2028-01-31,40.71983,-73.96012,pip
CAFE O'TE BY HOUSE BROOKLYN,CAFE O'TE BY HOUSE BROOKLYN,"ARTISAN ORCHESTRA, INC.",38 Norman Ave Unit A,11222,,,0240-26-145293,Restaurant,0240,license,2026-06-04,2026-06-04,2028-05-31,40.72466,-73.95407,pip
Cafe Suzanne,Cafe Suzanne,Rip Raf LLC,8 River St Unit L,11249,,,0267-26-139814,Food & Beverage Business,0267,license,2026-04-10,2026-04-10,2028-03-31,40.71291,-73.96822,pip
CAFE ZOUAVE,CAFE ZOUAVE,759 RICHARDS CORP,759 GRAND ST,11211,,,0340-23-159082,Restaurant,0340,license,2025-09-27,2025-10-01,2027-09-30,40.71174,-73.94272,pip
CALEXICO CARNE ASADA LLC,,CALEXICO CARNE ASADA LLC,645 MANHATTAN AVENUE,11222,https://www.calexico.com/location/greenpoint/,/liquor/logos/7acdaa95c24f.png,0340-22-113610,Restaurant,0340,license,2024-11-22,2024-12-01,2026-11-30,40.72424,-73.95105,pip
Campbell &  Co. Greenpoint,Campbell &  Co. Greenpoint,Campbell Sisters Deux LLC,209 Nassau Ave,11222,https://greenpoint.campbellandco.nyc/,/liquor/logos/f04e0d3efc74.png,0071-25-114924,Grocery Store,0071,license,2025-06-24,2025-06-24,2028-05-31,40.72563,-73.94426,pip
CAMPBELL CHEESE & GROCERY,CAMPBELL CHEESE & GROCERY,CAMPBELL SISTERS LLC,502 LORIMER ST,11211,,,0081-22-128332,Grocery Store,0081,license,2025-06-26,2025-07-01,2028-06-30,40.71201,-73.94903,pip
CAPRI SOCIAL CLUB,CAPRI SOCIAL CLUB,CAPRI SOCIAL CLUB INC,156 CALYER ST,11222,,,0349-21-114431,Club,0349,license,2025-10-23,2025-11-01,2027-10-31,40.7278,-73.95428,pip
CARIBBEAN SPORTS BAR & GRILL INC,,CARIBBEAN SPORTS BAR & GRILL INC,244 GRAND STREET,11211,,,0370-24-112864,Food & Beverage Business,0370,license,2026-05-19,2026-06-01,2028-05-31,40.71356,-73.95901,pip
CARIDAD CHINA RESTAURANT,CARIDAD CHINA RESTAURANT,CHINA BORICUA INC,108 GRAHAM AVE,11206,,,0240-22-102183,Restaurant,0240,license,2026-07-03,2026-08-01,2028-07-31,40.70493,-73.9428,pip
CARLOS FOOD CENTER,CARLOS FOOD CENTER,CARLOS M BONILLA,62 MANHATTAN AVENUE,11207,,,0081-22-131199,Grocery Store,0081,license,2024-12-19,2025-01-01,2027-12-31,40.70447,-73.94445,pip
CARLOS FOOD CENTER II,CARLOS FOOD CENTER II,CARLOS M ROSARIO,78 MANHATTAN AVENUE,11207,,,0081-22-131200,Grocery Store,0081,license,2025-06-04,2025-07-01,2028-06-30,40.70491,-73.94453,pip
CARMINE'S PIZZERIA,CARMINE'S PIZZERIA,GRAHAM AVE PIZZA CORP,358 GRAHAM AVENUE,11211,https.//www.carmineapizzeriamenu.com,,0340-22-104151,Restaurant,0340,license,2024-12-17,2025-01-01,2026-12-31,40.71496,-73.94446,pip
CARNEVAL,CARNEVAL,SO3ALPHA CORP,507 GRAND ST,11211,https://www.carnevalbrooklyn.com,/liquor/logos/6f7a34ed9717.png,0340-23-129657,Restaurant,0340,license,2025-06-06,2025-06-06,2027-05-31,40.711,-73.95075,pip
CARROLL HALL,CARROLL HALL,CARROLL HALL LLC,2 VANDERVOORT PL,11237,,,0346-22-117534,Catering Establishment,0346,license,2025-12-02,2026-01-01,2027-12-31,40.70499,-73.9306,pip
CASA ORA LLC,,CASA ORA LLC,148 MESEROLE ST,11206,,,0340-22-114023,Restaurant,0340,license,2026-01-31,2026-01-31,2027-12-31,40.70801,-73.94378,pip
CASA PUBLICA,CASA PUBLICA,3 RICHARDSON MEXICO LLC,3 RICHARDSON ST AKA 592-594 UN,11211,https://www.casapublicabk.com,/liquor/logos/fd77a42fdedd.png,0340-23-135462,Restaurant,0340,license,2025-05-31,2025-06-01,2027-05-31,40.71812,-73.95187,pip
Casanova Pizza Restaurant & Bar,Casanova Pizza Restaurant & Bar,Casanova Pizza Corporation,338 McGuinness Blvd,11222,https://www.casanovarestaurantnyc.com/,/liquor/logos/4a717003f7d8.png,0340-26-146134,Restaurant,0340,license,2026-06-13,2026-06-13,2028-05-31,40.7341,-73.9522,pip
CENA,CENA,OJA COMO VA DOS LLC,138 HAVEMEYER ST,11211,,,0340-22-108091,Restaurant,0340,license,2025-03-13,2024-10-01,2026-09-30,40.71201,-73.95727,pip
CERVECERIA HAVEMEYER,CERVECERIA HAVEMEYER,CERVECERIA HAVEMEYER LLC,149 HAVEMEYER ST,11211,,,0423-23-129175,Additional Bar,0423,license,2025-06-02,2025-06-02,2027-05-31,40.71175,-73.95743,pip
CERVECERIA HAVEMEYER,CERVECERIA HAVEMEYER,CERVECERIA HAVEMEYER LLC,149 HAVEMEYER ST,11211,,,0340-23-134688,Restaurant,0340,license,2025-06-02,2025-06-02,2027-05-31,40.71175,-73.95743,pip
Chama Mama,Chama Mama,Chama Mama at Morgan LLC,81 Morgan Ave,11237,https://www.chamamama.com/location/chama-mama-bushwick/,/liquor/logos/9637de3ae3cb.png,0340-26-135298,Restaurant,0340,license,2026-02-11,2026-02-11,2028-01-31,40.70661,-73.93195,pip
Chama Mama,Chama Mama,Chama Mama at 113 Franklin LLC,113 Franklin St,11222,,,0340-26-140205,Restaurant,0340,license,2026-04-16,2026-04-16,2028-03-31,40.73026,-73.95765,pip
Charleston,Charleston,174 Bedford Tavern LLC,174 Bedford Ave,11249,https://www.charlestonbarbrooklyn.com,/liquor/logos/bfef268b3310.png,0370-25-115018,Food & Beverage Business,0370,license,2025-06-25,2025-06-25,2027-05-31,40.71805,-73.95749,pip
CHARLOTTE PATISSERIE,CHARLOTTE PATISSERIE,CHARLOTTE PATISSERIE INC,596 MANHATTAN AVE,11222,,,0340-24-128780,Restaurant,0340,license,2026-01-14,2026-02-01,2028-01-31,40.72304,-73.95038,pip
CHEESEBOAT LLC,,CHEESEBOAT LLC,80 BERRY ST,11211,,,0340-22-114979,Restaurant,0340,license,2025-05-15,2024-10-01,2026-09-30,40.71982,-73.95772,pip
CHEZ MA TANTE,CHEZ MA TANTE,F - C LLC,90 CALYER STREET,11222,,,0340-23-137349,Restaurant,0340,license,2025-07-15,2025-08-01,2027-07-31,40.72699,-73.9576,pip
CHIKILA BAR,CHIKILA BAR,CACTUS SHOP NYC LLC THE,231 KENT AVE,11249,,,0370-24-101182,Food & Beverage Business,0370,license,2026-03-09,2026-03-09,2028-02-29,40.71677,-73.96552,pip
CHINGOO RESTAURANT CORP,,CHINGOO RESTAURANT CORP,373 GRAHAM AVE,11211,,,0240-22-101604,Restaurant,0240,license,2026-08-17,2026-08-17,2028-05-31,40.71577,-73.94459,pip
CHINO GRANDE,CHINO GRANDE,FUZZY LOGIC LLC,253 GRAND ST,11211,,,0340-22-111822,Restaurant,0340,license,2026-06-30,2026-07-01,2028-06-30,40.7134,-73.95862,pip
Chinta,Chinta,"Chita Thai Team, LLC",157 Franklin St,11222,,,0340-25-105929,Restaurant,0340,license,2025-03-28,2025-03-28,2027-02-28,40.73183,-73.95791,pip
CHIPOTLE MEXICAN GRILL #2895,CHIPOTLE MEXICAN GRILL #2895,CHIPOTLE MEXICAN GRILL OF COLORADO LLC,130 N 4TH ST,11249,,,0340-22-108731,Restaurant,0340,license,2024-11-08,2024-11-08,2026-10-31,40.71642,-73.95994,pip
Chipotle Mexican Grill #5059,Chipotle Mexican Grill #5059,"Chipotle Mexican Grill of Colorado, LLC",219 Havemeyer St,11211,,,0240-26-145395,Restaurant,0240,license,2026-06-05,2026-06-05,2028-05-31,40.70931,-73.95901,pip
Ciao Ciao Disco,Ciao Ciao Disco,Free Ciao LLC,97 N 10th St,11249,,,0370-25-114466,Food & Beverage Business,0370,license,2025-06-20,2025-06-20,2027-05-31,40.72083,-73.95813,pip
CIBONE HOUSE DASHI OKUME,CIBONE HOUSE DASHI OKUME,88 SOUTH 8TH INC,50 NORMAN AVE,11222,,,0340-26-139912,Restaurant,0340,license,2026-04-13,2026-04-15,2028-03-31,40.72478,-73.95371,pip
CITIZEN CLUB INC,CITIZEN CLUB INC,BKLYN SLOVAK AMERICAN,619 MANHATTAN AVE,11222,,,0349-23-125633,Club,0349,license,2025-02-04,2025-03-01,2027-02-28,40.72356,-73.95066,pip
CITY FRESH MARKET,CITY FRESH MARKET,A & D SUPERMARKET CORP,57 KINGSLAND AVE,11211,https://mycityfreshmarket.com/57,/liquor/logos/ad1ea2198dbe.png,0081-21-108747,Grocery Store,0081,license,2024-02-27,2024-03-01,2027-02-28,40.71789,-73.94034,pip
Classy Bite Deli 2 Corp.,,Classy Bite Deli 2 Corp.,183 Bedford Ave,11211,,,0081-26-148153,Grocery Store,0081,license,2026-07-09,2026-07-09,2029-06-30,40.71792,-73.95763,pip
CLEM'S,CLEM'S,GRAND ENDEAVORS INC,264 GRAND STREET,11211,https://www.facebook.com/Clems-120297021319544/,,0370-23-127221,Food & Beverage Business,0370,license,2025-08-19,2025-04-01,2027-03-31,40.71335,-73.9585,pip
CLO CAFE,CLO CAFE,CLOCRUZ INC,39 BUSHWICK AVE,11211,,,0340-23-135001,Restaurant,0340,license,2025-04-27,2025-04-03,2027-03-31,40.71349,-73.94145,pip
CODA WILLIAMSBURG,CODA WILLIAMSBURG,147-149 McCarren LLC & Jueduichenggong LLC,160 N 12th St,11249,,,0423-23-135526,Additional Bar,0423,license,2025-01-08,2025-02-01,2027-01-31,40.72101,-73.95544,pip
CODA WILLIAMSBURG,CODA WILLIAMSBURG,147-149 McCarren LLC & Jueduichenggong LLC,160 N 12th St,11249,,,0423-23-135527,Additional Bar,0423,license,2025-01-08,2025-02-01,2027-01-31,40.72101,-73.95544,pip
CODA WILLIAMSBURG,CODA WILLIAMSBURG,147-149 McCarren LLC & Jueduichenggong LLC,160 N 12th St,11249,,,0343-23-104858,Hotel,0343,license,2025-08-29,2025-02-01,2027-01-31,40.72101,-73.95544,pip
COMMON MOLLIES,COMMON MOLLIES,301 TAVERN CORP,301 AINSLIE STREET,11211,,,0340-22-105968,Restaurant,0340,license,2026-01-28,2026-03-01,2028-02-29,40.71333,-73.94163,pip
CONNIE O S PUB,CONNIE O S PUB,RAHENY TAVERN CORP,158 NORMAN AVENUE,11222,,,0370-24-119976,Food & Beverage Business,0370,license,2026-07-08,2026-08-01,2028-07-31,40.72663,-73.94806,pip
CONTINENTAL CATERERS,CONTINENTAL CATERERS,PLATINUM AFFAIRS LTD,75 RUTLEDGE ST,11211,,,0346-21-115849,Catering Establishment,0346,license,2025-10-23,2025-11-01,2027-10-31,40.70056,-73.95935,pip
CONTRERAS DELI GROCERY CORP,,CONTRERAS DELI GROCERY CORP,29 KINGSLAND AVE,11211,,,0081-22-123140,Grocery Store,0081,license,2025-04-24,2025-05-01,2028-04-30,40.71698,-73.94022,pip
COOL WORLD,COOL WORLD,905 LORIMER F&B LLC & AUTHENTIC HOSPITALITY LLC,905 LORIMER ST,11222,,,0340-23-128725,Restaurant,0340,license,2026-03-24,2025-05-29,2027-04-30,40.72359,-73.95171,pip
Copper Mug Coffee,Copper Mug Coffee,Salka Food LLC,131 N 4th St,11249,https://www.coppermugcoffee.com/,/liquor/logos/d4539633e74d.png,0240-25-102583,Restaurant,0240,license,2025-02-10,2025-02-10,2027-01-31,40.71641,-73.95992,pip
COZY ROYALE,COZY ROYALE,COZY ROYALE LLC,434 HUMBOLDT ST,11211,,,0370-24-135959,Food & Beverage Business,0370,license,2025-12-12,2024-12-01,2026-11-30,40.71692,-73.94308,pip
CRACOVIA WINE & LIQUORS,CRACOVIA WINE & LIQUORS,150 NASSAU AVENUE LIQUORS CORP,150 NASSAU AVENUE,11222,,,0100-21-114844,Liquor Store,0100,license,2024-01-16,2024-02-01,2027-01-31,40.72497,-73.94713,pip
Craft Point Plus LLC,,Craft Point Plus LLC,197 Franklin St,11222,,,0071-26-133514,Grocery Store,0071,license,2026-01-14,2026-01-14,2028-12-31,40.73361,-73.9582,pip
CRYSTAL LAKE,CRYSTAL LAKE,GRAHAM ELECTRIC LLC,647 GRAND ST,11211,https://www.crystallakebrooklyn.com/,,0340-22-109437,Restaurant,0340,license,2025-12-23,2026-02-01,2028-01-31,40.7114,-73.94638,pip
CVS/PHARMACY #10042,CVS/PHARMACY #10042,CVS ALBANY LLC,859 MANHATTAN AVE,11222,https://www.cvs.com/store-locator/brooklyn-ny-pharmacies/859-manhattan-ave-brooklyn-ny-11222/storeid=10042,/liquor/logos/153c2fe6a254.svg,0082-21-122668,Drug Store,0082,license,2024-06-30,2024-06-30,2027-06-30,40.72942,-73.95391,pip
CVS/PHARMACY #4958,CVS/PHARMACY #4958,CVS ALBANY LLC,27 N 6TH ST,11249,https://www.cvs.com/store-locator/brooklyn-ny-pharmacies/27-n-6th-st-brooklyn-ny-11249/storeid=4958,/liquor/logos/c01ee6454cbf.svg,0082-21-122498,Drug Store,0082,license,2024-06-30,2024-06-30,2027-06-30,40.72004,-73.96278,pip
CYG TRADE CORP,,CYG TRADE CORP,540 Metropolitan Ave,11211,,,0100-23-124524,Liquor Store,0100,license,2026-05-15,2026-06-01,2029-05-31,40.71405,-73.95084,pip
D & J GROCERY SPANISH FOOD INC,,D & J GROCERY SPANISH FOOD INC,927 GRAND ST,11211,,,0138-23-140071,Food & Beverage Business,0138,license,2026-03-12,2026-03-12,2029-02-28,40.71282,-73.93709,pip
D. O. C. WINE SHOP,D. O. C. WINE SHOP,147 WINE SHOP INC,147 BROADWAY,11211,,,0100-22-116732,Liquor Store,0100,license,2025-10-09,2025-10-09,2028-09-30,40.71027,-73.9633,pip
DANDELION WINE,DANDELION WINE,DANDELION WINE LLC,153 FRANKLIN STREET,11222,https://www.dandelionwineshop.com,/liquor/logos/0ea19ea4a3b8.png,0091-22-102074,Wine Store,0091,license,2025-04-14,2025-05-01,2028-04-30,40.73169,-73.95789,pip
DANDY WINE & SPIRITS,DANDY WINE & SPIRITS,DOMINO WINE LLC,325 KENT AVE,11249,https://www.dandywineshop.com,,0100-21-114863,Liquor Store,0100,license,2024-07-22,2024-08-01,2027-07-31,40.71361,-73.96727,pip
DANIEL'S EUROPEAN MARKET,DANIEL'S EUROPEAN MARKET,PIAST EUROPEAN MARKET INC,152 NORMAN AVE,11222,,,0071-21-117822,Grocery Store,0071,license,2024-09-18,2024-10-01,2027-09-30,40.72649,-73.94849,pip
DANNY'S PIZZERIA,DANNY'S PIZZERIA,ANTOLA PIZZERIA CORP,241 Bushwick Ave,11206,https://dannyspizzeria.com/,/liquor/logos/f5c8489d0645.png,0240-23-141263,Restaurant,0240,license,2026-08-04,2025-03-01,2027-02-28,40.70785,-73.93987,pip
DAR 525,DAR 525,DAR 168 INC,168 DRIGGS AVE,11222,https://dar525.com/,/liquor/logos/43bc462d8d3b.png,0240-22-102726,Restaurant,0240,license,2026-02-06,2026-03-01,2028-02-29,40.72298,-73.94525,pip
DAY & NIGHT DELI GROCERY CORP I,,DAY & NIGHT DELI GROCERY CORP I,73 BUSHWICK AVE,11211,,,0081-23-102786,Grocery Store,0081,license,2023-09-21,2023-11-01,2026-10-31,40.71271,-73.94104,pip
DE MOLE,DE MOLE,DM HOPE ALLIANCE INC,2 HOPE ST,11211,https://demolehopest.com/,/liquor/logos/3dfecc91f23f.png,0340-22-106138,Restaurant,0340,license,2026-06-30,2026-06-30,2028-05-31,40.71389,-73.95777,pip
DE WINE SPOT INCORPORATED,,DE WINE SPOT INCORPORATED,428 LORIMER ST,11206,,,0100-23-126731,Liquor Store,0100,license,2026-06-18,2026-07-01,2029-06-30,40.70962,-73.94865,pip
DELI D'AMOUR I CORP,,DELI D'AMOUR I CORP,268 Metropolitan Ave,11211,,,0081-25-111715,Grocery Store,0081,license,2025-05-29,2025-06-16,2028-04-30,40.71474,-73.95853,pip
DELI POINT CORP,,DELI POINT CORP,145 FRANKLIN ST,11222,,,0081-21-104501,Grocery Store,0081,license,2024-11-01,2024-12-01,2027-11-30,40.73142,-73.95784,pip
DEPANNEUR,DEPANNEUR,WILLY BS TACKLE LLC,242 WYTHE,11211,,,0081-22-127688,Grocery Store,0081,license,2025-10-15,2025-11-01,2028-10-31,40.71743,-73.96269,pip
DEPANNEUR WINES,DEPANNEUR WINES,EVERYTHINGS FINE LLC,242 WYTHE AVE,11249,,,0091-22-101508,Wine Store,0091,license,2024-10-15,2024-11-01,2027-10-31,40.71743,-73.96269,pip
DESERT FIVE SPOT,DESERT FIVE SPOT,94 WYTHE F&B LLC,94 WYTHE AVE,11249,,,0370-24-119751,Food & Beverage Business,0370,license,2026-05-15,2026-06-01,2028-05-31,40.72155,-73.95821,pip
DESIGNERS COLLAB.,DESIGNERS COLLAB.,DESIGNLY INC,96 N 5th St,11249,,,0370-25-130975,Food & Beverage Business,0370,license,2025-12-05,2025-12-05,2027-11-30,40.71775,-73.96056,pip
DESTEFANO'S DEE BROOKLYN STEAKHOUSE,DESTEFANO'S DEE BROOKLYN STEAKHOUSE,89 CONSELYEA REALTY LLC,593 LORIMER ST,11211,,,0340-23-138667,Restaurant,0340,license,2025-05-26,2025-06-01,2027-05-31,40.71465,-73.94947,pip
Desys Clam Restaurant Corp,,Desys Clam Restaurant Corp,672 Grand St,11211,,,0240-25-104868,Restaurant,0240,license,2025-03-12,2025-03-12,2027-02-28,40.71148,-73.94544,pip
DI AN DI,DI AN DI,UNCLE THIEN HOSPITALITY LLC,68 GREENPOINT AVE,11222,https://diandi.nyc/,/liquor/logos/a4069f2a0f68.png,0340-22-109417,Restaurant,0340,license,2026-03-19,2026-04-01,2028-03-31,40.72981,-73.95829,pip
DIAMOND LIL,DIAMOND LIL,SOUTH OF HEAVEN LLC,179 NASSAU AVE,11222,https://diamondlilbar.com,,0370-23-135716,Food & Beverage Business,0370,license,2025-04-25,2025-05-01,2027-04-30,40.72533,-73.94603,pip
DIANES,DIANES,COCO RIVER LLC,425 GRAHAM AVE,11211,,,0370-23-164911,Food & Beverage Business,0370,license,2025-10-28,2025-12-01,2027-11-30,40.71766,-73.9449,pip
Dinastia Ecuadorian Food II Corp,,Dinastia Ecuadorian Food II Corp,394 Bedford Ave,11249,,,0340-25-124574,Restaurant,0340,license,2025-10-01,2025-10-01,2027-09-30,40.71072,-73.96368,pip
DOBBIN STREET,DOBBIN STREET,64 DOBBIN STREET CORP,64 DOBBIN ST,11222,,,0346-22-116181,Catering Establishment,0346,license,2026-04-20,2026-05-01,2028-04-30,40.72414,-73.95402,pip
DOC WINE BAR,DOC WINE BAR,DOC WINE BAR 1ST AVE INC,83 N 7TH ST,11249,,,0340-22-112351,Restaurant,0340,license,2026-07-01,2026-07-01,2028-06-30,40.71958,-73.96053,pip
DOKEBI,DOKEBI,KOJA GRILL LLC,199 GRAND ST,11211,,,0340-23-134346,Restaurant,0340,license,2025-08-25,2025-10-01,2027-09-30,40.71411,-73.96037,pip
Dokidoki,Dokidoki,ASMH 127 East 7 LLC,160 Havemeyer St # S5,11211,https://www.dokidokinyc.com/,/liquor/logos/304c08ddfd8f.png,0524-26-46843,Temporary retail,0524,temporary,2026-06-24,2026-06-24,2026-12-21,40.71142,-73.95764,pip
DOMINO CONVENIENCE INC,,DOMINO CONVENIENCE INC,234 KENT AVE,11249,,,0071-24-113581,Grocery Store,0071,license,2024-05-14,2024-05-14,2027-04-30,40.71685,-73.96543,pip
"Domino Refinery LLC and Skylight at Domino LLC, as mgr",,"Domino Refinery LLC and Skylight at Domino LLC, as mgr",300 Kent Avenue,11249,,,0346-26-141060,Catering Establishment,0346,license,2026-04-27,2026-04-27,2028-03-31,40.71436,-73.96694,pip
DON PANCHO VILLA RESTAURANT LTD,,DON PANCHO VILLA RESTAURANT LTD,189 BORINQUEN PL,11211,,,0340-22-112731,Restaurant,0340,license,2026-08-17,2026-10-01,2028-09-30,40.71077,-73.95295,pip
DON RIQUE,DON RIQUE,BUSHWICK BEER GARDEN LLC,2 Knickerbocker Ave,11237,,,0423-22-104963,Additional Bar,0423,license,2024-10-08,2024-11-01,2026-10-31,40.7075,-73.9318,pip
DON RIQUE,DON RIQUE,BUSHWICK BEER GARDEN LLC,2 Knickerbocker Ave,11237,,,0340-22-104962,Restaurant,0340,license,2026-05-07,2025-09-16,2026-10-31,40.7075,-73.9318,pip
DORIAN GRAYS BROOKLYN LLC,,DORIAN GRAYS BROOKLYN LLC,949 GRAND ST,11211,,,0370-23-133132,Food & Beverage Business,0370,license,2025-02-24,2025-03-01,2027-02-28,40.71296,-73.9365,pip
DOS TOROS,DOS TOROS,189 BEDFORD TACOS LLC,189 BEDFORD AVE,11211,https://www.dostoros.com/locations/new-york#williamsburg,/liquor/logos/d7d8e0d6d168.svg,0138-22-100884,Food & Beverage Business,0138,license,2025-03-05,2025-04-01,2028-03-31,40.71761,-73.95796,pip
Dreambean Cafe,Dreambean Cafe,Haricot Vert LLC,119 N 1st St,11249,,,0267-25-113558,Food & Beverage Business,0267,license,2025-06-12,2025-06-12,2027-05-31,40.71544,-73.96203,pip
DRIGGS MEAT MARKET INC,,DRIGGS MEAT MARKET INC,160 DRIGGS AVENUE,11222,,,0071-22-107069,Grocery Store,0071,license,2026-01-08,2025-12-01,2028-11-30,40.72302,-73.94477,pip
Dubai Organic Deli Corp,,Dubai Organic Deli Corp,496 Grand St,11211,,,0081-25-109108,Grocery Store,0081,license,2025-05-05,2025-05-05,2028-04-30,40.71093,-73.95137,pip
DUCKDUCK,DUCKDUCK,GAMERJOHANSSON INC,153 MONTROSE AVE,11206,,,0370-24-131669,Food & Beverage Business,0370,license,2024-10-10,2024-11-01,2026-10-31,40.70734,-73.94297,pip
DUFF'S BROOKLYN,DUFF'S BROOKLYN,BOOGALOO BAR INC,168 MARCY AVENUE,11211,,,0370-23-133286,Food & Beverage Business,0370,license,2025-06-02,2025-06-02,2027-05-31,40.70878,-73.95767,pip
DUKE'S LIQUOR BOX,DUKE'S LIQUOR BOX,MAPADU LLC,114 FRANKLIN ST,11222,,,0100-22-116198,Liquor Store,0100,license,2025-06-10,2025-07-01,2028-06-30,40.72864,-73.9574,pip
"DUMONT BURGER, SO PHO 88","DUMONT BURGER, SO PHO 88",MIZU SUSHI NY INC,314 BEDFORD AVE,11249,,,0340-22-104263,Restaurant,0340,license,2026-02-11,2026-02-11,2028-01-31,40.71361,-73.96186,pip
DUNNE'S POLEMOST LIQUORS,DUNNE'S POLEMOST LIQUORS,M E T WINE & LIQUOR CORP,591 MANHATTAN AVE,11222,https://www.dunnespolemost.com,/liquor/logos/491860823dc8.png,0100-21-115124,Liquor Store,0100,license,2024-11-06,2025-01-01,2027-12-31,40.72296,-73.95033,pip
DW CONSULTANTS & ADVISORS,DW CONSULTANTS & ADVISORS,DONATH WINE CORP,119 LEE AVE,11211,,,0100-23-125355,Liquor Store,0100,license,2026-02-03,2026-03-01,2029-02-28,40.7043,-73.95836,pip
Dylan Market and Deli Corp,,Dylan Market and Deli Corp,276 Humboldt St,11206,,,0081-24-125570,Grocery Store,0081,license,2024-08-21,2024-08-21,2027-07-31,40.71118,-73.94213,pip
EAST RIVER,EAST RIVER,4TH AVENUE OPERATING COMPANY INC,97 S 6TH ST,11211,https://eastriverbar.com/,/liquor/logos/35b4e242fc90.png,0370-24-106995,Food & Beverage Business,0370,license,2026-03-18,2026-04-01,2028-03-31,40.71078,-73.96473,pip
EASTERN DISTRICT CO,EASTERN DISTRICT CO,KRITI CORP,1053 MANHATTAN AVE,11222,https://easterndistrictny.com/,/liquor/logos/38544034c78c.png,0071-23-135650,Grocery Store,0071,license,2023-09-21,2023-11-01,2026-10-31,40.73477,-73.95502,pip
EASY LOVER,EASY LOVER,790 METRO GROUP INC,790 METROPOLITAN AVE,11211,https://www.easyloverbar.com,,0370-24-125487,Food & Beverage Business,0370,license,2026-07-29,2026-08-01,2028-07-31,40.7147,-73.94255,pip
EAVESDROP,EAVESDROP,LISTENING BAR LLC,674 MANHATTAN AVE,11222,https://www.eavesdrop.nyc,/liquor/logos/cef982088ad1.png,0370-24-105396,Food & Beverage Business,0370,license,2026-02-17,2026-04-01,2028-03-31,40.72482,-73.95138,pip
Echo Lake,Echo Lake,Lucky Lime LLC,58 Marcy Ave,11211,,,0340-26-139433-01,Additional Bar,0423,license,2026-04-07,2026-04-07,2028-03-31,40.71237,-73.9554,pip
Echo Lake,Echo Lake,Lucky Lime LLC,58 Marcy Ave,11211,,,0340-26-139433,Restaurant,0340,license,2026-04-07,2026-04-07,2028-03-31,40.71237,-73.9554,pip
Eckhart Beer Company,Eckhart Beer Company,MEYERBRAU LLC,545 Johnson Ave,11237,,,0014-25-101628,Micro-Brewer,0014,license,2025-11-06,2026-01-01,2026-12-31,40.70889,-73.92525,pip
Eckhart Beer Company,Eckhart Beer Company,MEYERBRAU LLC,545 Johnson Ave,11237,,,0340-25-119425,Restaurant,0340,license,2025-08-12,2025-08-12,2027-07-31,40.70889,-73.92525,pip
EDY'S GROCER,EDY'S GROCER,EDYS GROCER LLC,136 MESEROLE AVE,11222,https://edysgrocer.com/,/liquor/logos/62ecd45d62a5.png,0240-24-111160,Restaurant,0240,license,2026-02-24,2026-04-01,2028-03-31,40.72761,-73.95109,pip
EGG SHOP,EGG SHOP,EGG SHOP OF WILLIAMSBURG LLC,138 N 8TH ST,11249,,,0340-23-133707,Restaurant,0340,license,2025-05-30,2025-06-01,2027-05-31,40.71893,-73.95803,pip
EIGHT & DRIGGS WINE & SPIRITS,EIGHT & DRIGGS WINE & SPIRITS,EIGHT & DRIGGS INC,197 N 8TH ST,11211,,,0100-23-126655,Liquor Store,0100,license,2026-03-26,2026-05-01,2029-04-30,40.7175,-73.95573,pip
EL BORN,EL BORN,MANICH BROTHERS LLC,651 MANHATTAN AVE,11222,,,0340-23-138297,Restaurant,0340,license,2025-10-23,2025-11-01,2027-10-31,40.72438,-73.95113,pip
EL PINGUINO,EL PINGUINO,CATALPANYC LLC,25 GREENPOINT AVE,11222,https://www.pinguinogreenpoint.com,/liquor/logos/3b16a8dc83ff.png,0370-23-159772,Food & Beverage Business,0370,license,2025-10-14,2025-11-01,2027-10-31,40.72967,-73.95976,pip
EL SANTO TAQUERIA,EL SANTO TAQUERIA,MR JIMBO CORPORATION,1053 FLUSHING AVE,11237,,,0340-23-129153,Restaurant,0340,license,2024-12-31,2025-01-01,2026-12-31,40.70417,-73.93013,geoclient
ELDER GREENE,ELDER GREENE,CARRIE'S HOSPITALITY LLC,160 FRANKLIN ST,11222,https://eldergreene.com/,/liquor/logos/cf167d182245.png,0340-23-134072,Restaurant,0340,license,2025-05-05,2025-06-01,2027-05-31,40.73072,-73.95773,pip
ELEVA COFFEE GPL LLC,,ELEVA COFFEE GPL LLC,7 BELL SLIP,11222,,,0370-25-105661,Food & Beverage Business,0370,license,2025-03-25,2025-03-25,2027-02-28,40.73659,-73.95852,pip
Elsewhere,Elsewhere,"Elsewhere Group, Inc.",599 Johnson Ave,11237,http://elsewherebrooklyn.com/,/liquor/logos/87f964fe64c4.png,0417-25-132370-01,Additional Bar,0423,license,2025-12-24,2025-12-24,2027-11-30,40.70923,-73.92313,pip
Elsewhere,Elsewhere,"Elsewhere Group, Inc.",599 Johnson Ave,11237,http://elsewherebrooklyn.com/,/liquor/logos/87f964fe64c4.png,0417-25-132370-02,Additional Bar,0423,license,2025-12-24,2025-12-24,2027-11-30,40.70923,-73.92313,pip
Elsewhere,Elsewhere,"Elsewhere Group, Inc.",599 Johnson Ave,11237,http://elsewherebrooklyn.com/,/liquor/logos/87f964fe64c4.png,0417-25-132370-03,Additional Bar,0423,license,2025-12-24,2025-12-24,2027-11-30,40.70923,-73.92313,pip
Elsewhere,Elsewhere,"Elsewhere Group, Inc.",599 Johnson Ave,11237,http://elsewherebrooklyn.com/,/liquor/logos/87f964fe64c4.png,0417-25-132370-04,Additional Bar,0423,license,2025-12-24,2025-12-24,2027-11-30,40.70923,-73.92313,pip
Elsewhere,Elsewhere,"Elsewhere Group, Inc.",599 Johnson Ave,11237,http://elsewherebrooklyn.com/,/liquor/logos/87f964fe64c4.png,0417-25-132370,Cabaret,0417,license,2025-12-24,2025-12-24,2027-11-30,40.70923,-73.92313,pip
EMBLEM,EMBLEM,CARO 187 LLC,187 GRAHAM AVE,11206,,,0340-25-114008,Restaurant,0340,license,2025-06-16,2025-06-16,2027-05-30,40.70845,-73.9434,pip
EMPERADOR ELIAS REST CORP,EMPERADOR ELIAS REST CORP,274 BROADWAY CORP,274 BROADWAY,11211,,,0340-23-134178,Restaurant,0340,license,2025-01-07,2025-02-01,2027-01-31,40.70876,-73.95882,pip
Empire Merchants LLC,,Empire Merchants LLC,16 BRIDGEWATER STREET,11222,,,0009-22-116738,Wholesale Liquor,0009,license,2025-06-02,2025-06-02,2028-05-31,40.72698,-73.93468,pip
Empirical,Empirical,53 A.D.,53 Scott Ave,11237,,,0052-24-120473,Distiller Class A-1 (Micro-distiller),0052,license,2024-07-08,2024-07-08,2027-06-30,40.70966,-73.92263,pip
Empirical,Empirical,53 A.D.,53 Scott Ave,11237,,,0056-24-120472,Distiller Class D (Farm Distiller),0056,license,2024-07-08,2024-07-08,2027-06-30,40.70966,-73.92263,pip
Empirical,Empirical,53 A.D.,53 Scott Ave,11237,,,0370-24-131714,Food & Beverage Business,0370,license,2024-12-20,2024-12-20,2026-09-30,40.70966,-73.92263,pip
ENERUGI RAMEN,ENERUGI RAMEN,ENERUGI RAMEN & CO LLC,1020 MANHATTAN AVE,11222,,,0240-23-139616,Restaurant,0240,license,2025-03-03,2025-04-01,2027-03-31,40.73386,-73.95486,pip
ENLIGHTENMENT WINES,ENLIGHTENMENT WINES,ENLIGHTENMENT WINES FARM AND MEADERY LLC,99 SCOTT AVE,11237,,,0370-22-104861,Food & Beverage Business,0370,license,2026-05-26,2026-06-01,2028-05-31,40.71057,-73.92303,pip
ENSO SUSHI,ENSO SUSHI,AKO BEDFORD INC,117 BERRY ST,11249,,,0340-23-163254,Restaurant,0340,license,2025-11-10,2025-12-01,2027-11-30,40.71883,-73.95879,pip
ERIS EVOLUTION,ERIS EVOLUTION,ERIS EVOLUTION LLC,167 GRAHAM AVE,11206,https://www.erisevolution.com,/liquor/logos/a9762e397590.png,0423-22-111382,Additional Bar,0423,license,2026-07-30,2026-08-01,2028-07-31,40.70775,-73.94327,pip
ERIS EVOLUTION,ERIS EVOLUTION,ERIS EVOLUTION LLC,167 GRAHAM AVE,11206,https://www.erisevolution.com,/liquor/logos/a9762e397590.png,0370-24-118244,Food & Beverage Business,0370,license,2026-07-27,2026-08-01,2028-07-31,40.70775,-73.94327,pip
Esse Taco,Esse Taco,Esse Taco Williamsburg LLC,142 N 5TH ST,11211,,,0370-24-116202,Food & Beverage Business,0370,license,2026-05-12,2026-06-01,2028-05-31,40.71663,-73.9588,pip
"ESTERS NYC LLC, THE",,"ESTERS NYC LLC, THE",192 NASSAU AVE,11222,,,0370-24-101536,Food & Beverage Business,0370,license,2026-01-30,2026-02-01,2028-01-31,40.72553,-73.94528,pip
EYVAL,EYVAL,EYVAL NYC LLC,25 BOGART ST,11206,https://www.eyvalnyc.com,/liquor/logos/892c6f9215e4.png,0340-21-117485,Restaurant,0340,license,2025-10-16,2025-12-01,2027-11-30,40.70415,-73.93297,pip
F & RAW STUDIOS LLC,,F & RAW STUDIOS LLC,70 SCOTT AVE,11237,,,0370-23-127815,Food & Beverage Business,0370,license,2025-02-26,2025-03-01,2027-02-28,40.70979,-73.92269,pip
F.A.F Hospitality Williamsburg LLC,,F.A.F Hospitality Williamsburg LLC,185 Broadway,11211,,,0340-25-124432,Restaurant,0340,license,2025-09-30,2025-09-30,2027-08-31,40.70987,-73.96216,pip
Falu House Scandinavian Deli,Falu House Scandinavian Deli,Falu House LLC,34 Norman Ave,11222,https://www.faluhouse.com/,/liquor/logos/c3a7fae80f03.png,0240-25-112684,Restaurant,0240,license,2025-06-04,2025-06-04,2027-05-31,40.72452,-73.95448,pip
FAME ENTERTAINMENT NYC INC,,FAME ENTERTAINMENT NYC INC,207 JOHNSON AVE,11206,,,0346-23-124340,Catering Establishment,0346,license,2025-05-29,2025-06-01,2027-05-31,40.70673,-73.94154,pip
FANDI MATA,FANDI MATA,74 BAYARD STREET LLC,74 BAYARD ST,11222,https://fandimata.com/,/liquor/logos/1058885d2398.png,0340-22-114791,Restaurant,0340,license,2024-10-25,2024-11-01,2026-10-31,40.7191,-73.94912,pip
FARMER DELI,FARMER DELI,OMAR ALI MOZEB & ABDO ALI MOZEB,723 GRAND STREET,11211,,,0071-21-117737,Grocery Store,0071,license,2024-01-10,2024-02-01,2027-01-31,40.71161,-73.94409,pip
FERGS LLC,,FERGS LLC,732 Lorimer St,11211,,,0524-26-45782,Temporary retail,0524,temporary,2026-06-09,2026-06-09,2026-12-06,40.71888,-73.95017,pip
FEROX,FEROX,FEROX ATHLETICS LLC,72 NOBLE STREET,11222,,,0370-26-146302,Food & Beverage Business,0370,license,2026-06-17,2026-06-17,2028-05-31,40.7284,-73.95783,pip
FICTION,FICTION,LIFE'S A PINK BEACH CORP,308 HOOPER ST,11211,,,0370-23-136694,Food & Beverage Business,0370,license,2025-05-08,2025-07-01,2027-06-30,40.7073,-73.95386,pip
FINEAPPLE CORP.,,FINEAPPLE CORP.,223 Kent Ave,11249,,,0370-25-127567,Food & Beverage Business,0370,license,2025-10-29,2025-10-29,2027-09-30,40.71695,-73.96532,pip
FINI PIZZA,FINI PIZZA,LFG PIZZA LLC,305 BEDFORD AVE,11211,https://www.finipizza.com/,/liquor/logos/5a63adcbf4be.png,0370-24-106302,Food & Beverage Business,0370,license,2026-02-10,2026-03-01,2028-02-29,40.71351,-73.96192,pip
First Floor,First Floor,AG ACQUISITION 1 LLC AND FIVE INTERNATIONAL HOTEL MANAGEMENT LIMITED (DIFC) AS MGR,111 Gardner Avenue and 140 Stewart Ave,11237,,,0524-26-45232,Temporary retail,0524,temporary,2026-06-04,2026-06-04,2026-12-01,40.71107,-73.92503,pip
First Floor,First Floor,AG ACQUISITION 1 LLC AND FIVE INTERNATIONAL HOTEL MANAGEMENT LIMITED (DIFC) AS MGR,111 Gardner Avenue and 140 Stewart Ave,11237,,,0524-26-45226,Temporary retail,0524,temporary,2026-06-04,2026-06-04,2026-12-01,40.71107,-73.92503,pip
First Floor,First Floor,AG ACQUISITION 1 LLC AND FIVE INTERNATIONAL HOTEL MANAGEMENT LIMITED (DIFC) AS MGR,111 Gardner Avenue and 140 Stewart Ave,11237,,,0524-26-45229,Temporary retail,0524,temporary,2026-06-04,2026-06-04,2026-12-01,40.71107,-73.92503,pip
First Floor,First Floor,AG ACQUISITION 1 LLC AND FIVE INTERNATIONAL HOTEL MANAGEMENT LIMITED (DIFC) AS MGR,111 Gardner Avenue and 140 Stewart Ave,11237,,,0524-26-45234,Temporary retail,0524,temporary,2026-06-04,2026-06-04,2026-12-01,40.71107,-73.92503,pip
First Floor,First Floor,AG ACQUISITION 1 LLC AND FIVE INTERNATIONAL HOTEL MANAGEMENT LIMITED (DIFC) AS MGR,111 Gardner Avenue and 140 Stewart Ave,11237,,,0524-26-45233,Temporary retail,0524,temporary,2026-06-04,2026-06-04,2026-12-01,40.71107,-73.92503,pip
First Floor,First Floor,AG ACQUISITION 1 LLC AND FIVE INTERNATIONAL HOTEL MANAGEMENT LIMITED (DIFC) AS MGR,111 Gardner Avenue and 140 Stewart Ave,11237,,,0524-26-45235,Temporary retail,0524,temporary,2026-06-04,2026-06-04,2026-12-01,40.71107,-73.92503,pip
First Floor,First Floor,AG ACQUISITION 1 LLC AND FIVE INTERNATIONAL HOTEL MANAGEMENT LIMITED (DIFC) AS MGR,111 Gardner Avenue and 140 Stewart Ave,11237,,,0524-26-45230,Temporary retail,0524,temporary,2026-06-04,2026-06-04,2026-12-01,40.71107,-73.92503,pip
First Floor,First Floor,AG ACQUISITION 1 LLC AND FIVE INTERNATIONAL HOTEL MANAGEMENT LIMITED (DIFC) AS MGR,111 Gardner Avenue and 140 Stewart Ave,11237,,,0524-26-45236,Temporary retail,0524,temporary,2026-06-04,2026-06-04,2026-12-01,40.71107,-73.92503,pip
First Floor,First Floor,AG ACQUISITION 1 LLC AND FIVE INTERNATIONAL HOTEL MANAGEMENT LIMITED (DIFC) AS MGR,111 Gardner Avenue and 140 Stewart Ave,11237,,,0524-26-45231,Temporary retail,0524,temporary,2026-06-04,2026-06-04,2026-12-01,40.71107,-73.92503,pip
First Floor,First Floor,AG ACQUISITION 1 LLC AND FIVE INTERNATIONAL HOTEL MANAGEMENT LIMITED (DIFC) AS MGR,111 Gardner Avenue and 140 Stewart Ave,11237,,,0524-26-45228,Temporary retail,0524,temporary,2026-06-04,2026-06-04,2026-12-01,40.71107,-73.92503,pip
First Floor,First Floor,AG ACQUISITION 1 LLC AND FIVE INTERNATIONAL HOTEL MANAGEMENT LIMITED (DIFC) AS MGR,111 Gardner Avenue and 140 Stewart Ave,11237,,,0524-26-45217,Temporary retail,0524,temporary,2026-06-04,2026-06-04,2026-12-01,40.71107,-73.92503,pip
Fish Cheeks,Fish Cheeks,661 Driggs LLC,661 Driggs Ave,11211,,,0340-25-108578,Restaurant,0340,license,2025-04-30,2025-04-30,2027-03-31,40.71457,-73.95909,pip
FIVE LEAVES,FIVE LEAVES,18 BEDFORD AVE LLC,18 BEDFORD AVENUE,11222,https://fiveleavesny.com/,,0340-22-105739,Restaurant,0340,license,2026-06-23,2026-08-01,2028-07-31,40.72348,-73.95165,pip
Flop House Comedy Club,Flop House Comedy Club,Stand Up a La Mode LLC,362 Grand St,11211,https://www.flophousecomedy.com/,/liquor/logos/2b64f62db9bd.png,0267-24-125220,Food & Beverage Business,0267,license,2026-07-16,2026-08-01,2028-07-31,40.71234,-73.9557,pip
Flower Cat LLC,,Flower Cat LLC,837 Manhattan Ave,11222,,,0267-24-120793,Food & Beverage Business,0267,license,2026-06-29,2026-07-01,2028-06-30,40.72874,-73.95361,pip
FOOD BAZAAR,FOOD BAZAAR,BOGOPA-MANHATTAN INC,21 MANHATTAN AVENUE,11206,,,0081-23-118925,Grocery Store,0081,license,2026-04-09,2026-06-01,2029-05-31,40.70293,-73.9446,pip
FOOD STORY NATURAL MARKET INC,,FOOD STORY NATURAL MARKET INC,40 BOGART ST,11206,,,0081-22-128475,Grocery Store,0081,license,2025-08-04,2025-09-01,2028-08-31,40.70493,-73.93319,pip
FOOD TOWN,FOOD TOWN,159 MP CORP,159 N 3RD STREET,11211,https://www.foodtown.com/stores/foodtown-of-williamsburg-brooklyn,,0081-23-122766,Grocery Store,0081,license,2026-02-27,2026-03-01,2029-02-28,40.71526,-73.95963,pip
FOODTOWN,FOODTOWN,695 FOOD CORP,695 GRAND ST,11211,,,0081-24-130960,Grocery Store,0081,license,2024-10-01,2024-10-01,2027-09-30,40.71154,-73.94486,pip
Foodtown,Foodtown,781 METROPOLITAN FOOD CORP,781 METROPOLITAN AVE,11211,https://www.foodtown.com/stores/foodtown-of-metropolitan,,0081-23-111979,Grocery Store,0081,license,2025-03-13,2023-10-01,2026-09-30,40.71465,-73.94308,pip
Foolproof Whiskey Bar,Foolproof Whiskey Bar,Next Whiskey Bar LLC,470 Driggs Ave,11211,,,0370-25-114729,Food & Beverage Business,0370,license,2025-06-23,2025-06-23,2027-05-31,40.71887,-73.95448,pip
For The Record,For The Record,The Deysine Group LLC,1107 Manhattan Ave,11222,https://fortherecordnyc.com/,/liquor/logos/65acd25744b2.png,0267-26-141248,Food & Beverage Business,0267,license,2026-04-28,2026-04-28,2028-03-31,40.73633,-73.95525,pip
FOREVER THAI INC,,FOREVER THAI INC,1031 FLUSHING AVE,11237,https://www.foreverthaibushwick.com/,/liquor/logos/07b272f72693.png,0340-22-110361,Restaurant,0340,license,2026-02-03,2026-03-01,2028-02-29,40.70385,-73.93098,geoclient
FORMA PASTA LLC,,FORMA PASTA LLC,14 BEDFORD AVE,11222,,,0240-22-101678,Restaurant,0240,license,2025-07-29,2025-01-01,2026-12-31,40.72374,-73.95139,pip
FORNINO- THE ART & SCIENCE OF PIZZA,FORNINO- THE ART & SCIENCE OF PIZZA,CASPER JR CORP,849 MANHATTAN AVE,11222,,,0240-23-139900,Restaurant,0240,license,2025-04-08,2025-05-01,2027-04-30,40.72901,-73.95373,pip
FRANCHESCA MINI MARKET,FRANCHESCA MINI MARKET,CARLOS A TAVERAS,1074 MANHATTAN AVENUE,11222,,,0071-22-107291,Grocery Store,0071,license,2025-12-02,2026-01-01,2028-12-31,40.73542,-73.95512,pip
FRANCIE,FRANCIE,JFW LLC,134 BROADWAY,11249,https://www.franciebrooklyn.com/,/liquor/logos/a83e007154d6.png,0340-22-114115,Restaurant,0340,license,2024-11-05,2024-12-01,2026-11-30,40.71031,-73.96406,pip
FRANKLIN GUESTHOUSE; MADRE,FRANKLIN GUESTHOUSE; MADRE,MADRE HOSPITALITY INC,214 FRANKLIN ST,11222,,,0343-23-112803,Hotel,0343,license,2025-02-23,2025-03-01,2027-02-28,40.7331,-73.95812,pip
FRED'S DOG HOUSE,FRED'S DOG HOUSE,MOTO INC,354 GRAND ST,11211,https://www.fredsdoghouse.com/,/liquor/logos/4d259c7d66f0.png,0370-24-131959,Food & Beverage Business,0370,license,2024-11-29,2024-11-29,2026-09-30,40.7124,-73.95586,pip
FRESH KILLS BAR,FRESH KILLS BAR,161 GRAND ST REST INC,161 GRAND ST,11249,https://freshkillsbar.com,/liquor/logos/5e45d45f0372.svg,0370-24-104421,Food & Beverage Business,0370,license,2026-02-23,2026-03-01,2028-02-29,40.71464,-73.96163,pip
FRESH MARKET GOURMET DELI CORP,,FRESH MARKET GOURMET DELI CORP,974 976 MANHATTAN AVE,11222,,,0081-21-106711,Grocery Store,0081,license,2024-07-22,2024-08-01,2027-07-31,40.73252,-73.95464,pip
FRIDUCHA MEXICAN RESTAURANT,FRIDUCHA MEXICAN RESTAURANT,SANTIAGO & ARLO CORP,946 MANHATTAN AVE,11222,,,0340-22-113510,Restaurant,0340,license,2026-03-30,2026-04-01,2028-03-31,40.73149,-73.95447,pip
Frijoleros Restaurant Inc.,,Frijoleros Restaurant Inc.,131 Greenpoint Avenue,11222,https://frijolerosbk.com/,/liquor/logos/9f4d1edb27f3.png,0340-25-130689,Restaurant,0340,license,2025-12-02,2025-12-02,2027-11-30,40.73013,-73.9548,pip
Frita Batidos,Frita Batidos,"FB Domino, LLC",334 Kent Ave,11249,https://www.fritabk.com/location/brooklyn/,,0340-25-125032,Restaurant,0340,license,2025-10-03,2025-10-03,2027-09-30,40.71307,-73.96751,pip
FUJISAN JAPANESE MART,FUJISAN JAPANESE MART,118 Japanese Market Inc.,118 Bedford Ave,11249,,,0081-25-112708,Grocery Store,0081,license,2025-06-04,2025-06-04,2028-05-31,40.71974,-73.95566,pip
FULL CIRCLE BAR LLC,,FULL CIRCLE BAR LLC,318 GRAND STREET,11211,,,0370-23-132501,Food & Beverage Business,0370,license,2025-09-08,2025-10-01,2027-09-30,40.71266,-73.95656,pip
FUSHIMI JAPANESE CUISINE & LOUNGE,FUSHIMI JAPANESE CUISINE & LOUNGE,CITY CAFE INC,475 DRIGGS AVE UNIT A,11211,,,0340-21-119098,Restaurant,0340,license,2025-11-05,2025-12-01,2027-11-30,40.71893,-73.95441,pip
GABRIELA,GABRIELA,TVC15 LLC,90 WYTHE AVE,11249,https://www.gabriela.nyc,/liquor/logos/0d8bfa740423.png,0370-23-163911-01,Additional Bar,0423,license,2025-12-22,2025-12-22,2027-11-30,40.72163,-73.95813,pip
GABRIELA,GABRIELA,TVC15 LLC,90 WYTHE AVE,11249,https://www.gabriela.nyc,/liquor/logos/0d8bfa740423.png,0370-23-163911,Food & Beverage Business,0370,license,2025-11-20,2025-12-01,2027-11-30,40.72163,-73.95813,pip
GABY'S DELI GROCERY,GABY'S DELI GROCERY,DIVISION FOOD MARKET CORP,71 DIVISION AVE,11249,,,0081-22-124727,Grocery Store,0081,license,2025-03-06,2025-03-06,2028-02-29,40.7072,-73.96617,pip
GARDEN MARKET II CORP,,GARDEN MARKET II CORP,162 NASSAU AVE,11222,,,0081-23-110891,Grocery Store,0081,license,2026-06-01,2026-06-01,2029-05-31,40.72511,-73.94671,pip
Gator,Gator,Ctrl-A-Concepts LLC,105 Norman Ave,11222,https://www.gatorbk.com/,/liquor/logos/703c26e5b494.png,0240-24-126078,Restaurant,0240,license,2026-07-22,2026-08-01,2028-07-31,40.72566,-73.95101,pip
GBSC Grand Street LLC,,GBSC Grand Street LLC,216 Grand St,11211,,,0524-26-51533,Temporary retail,0524,temporary,2026-08-13,2026-08-13,2027-02-09,40.71395,-73.95997,pip
GEMINIS II RESTAURANT INC,,GEMINIS II RESTAURANT INC,109 Graham Ave,11206,,,0340-25-100789,Restaurant,0340,license,2025-01-14,2025-01-14,2026-12-31,40.70551,-73.94291,pip
GEORGE & JACKS,GEORGE & JACKS,RAW SUGAR BROOKLYN LLC,103 BERRY ST,11211,,,0370-24-135175,Food & Beverage Business,0370,license,2025-08-27,2025-01-01,2026-12-31,40.7191,-73.95849,pip
George's Latin Americana Bistro,George's Latin Americana Bistro,E Georges Restaurant Corporation,11 Graham Ave,11206,,,0240-26-135729,Restaurant,0240,license,2026-02-18,2026-02-18,2028-01-31,40.70145,-73.94223,pip
GIANDO ON THE WATER,GIANDO ON THE WATER,GIANDO ON THE WATER INC,412 420 KENT AVENUE,11249,,,0340-23-131214,Restaurant,0340,license,2025-01-08,2025-02-01,2027-01-31,40.70967,-73.96852,pip
Gigi's,Gigi's,Fulgurances Mutant Lobster LLC,138 Franklin Street,11222,,,0240-26-137860,Restaurant,0240,license,2026-03-18,2026-03-18,2028-02-29,40.72961,-73.95754,pip
GLASSERIE,GLASSERIE,NEBUCHADNEZZAR BROOKLYN LLC,93 99 COMMERCIAL ST,11222,https://www.glasserienyc.com/,/liquor/logos/65eb8c86d72f.png,0340-23-134818,Restaurant,0340,license,2025-07-31,2025-05-01,2027-04-30,40.73768,-73.95593,pip
GOD BLESS 2 CORP,,GOD BLESS 2 CORP,1115 MANHATTAN AVE,11222,,,0081-22-127907,Grocery Store,0081,license,2025-09-30,2025-10-01,2028-09-30,40.7367,-73.95531,pip
God Bless America Deli,God Bless America Deli,Manhattan Ave Deli and Grill Inc,818 Manhattan Ave,11222,,,0081-26-135290,Grocery Store,0081,license,2026-02-11,2026-02-11,2029-01-31,40.7283,-73.95338,pip
GOLDEN YEARS,GOLDEN YEARS,221 NORTH 4TH REST CORP,221 NORTH 4TH ST,11211,,,0340-21-119195,Restaurant,0340,license,2025-11-19,2025-12-01,2027-11-30,40.71432,-73.95656,pip
GOLDIE'S,GOLDIE'S,OX COLLAR LLC,195 NASSAU AVE,11222,https://goldiesbrooklyn.square.site,/liquor/logos/122267364025.png,0370-24-119974,Food & Beverage Business,0370,license,2026-07-21,2026-08-01,2028-07-31,40.72555,-73.94512,pip
GOOD BAR,GOOD BAR,NIGHTS & WEEKENDS BK CORP,627 631 MANHATTAN AVE,11222,,,0340-22-104280,Restaurant,0340,license,2026-06-23,2026-07-01,2028-06-30,40.72396,-73.95089,pip
Good Days,Good Days,Good Days BK LLC,91 South 6th Street,11249,,,0340-26-144845,Restaurant,0340,license,2026-06-02,2026-06-02,2028-05-31,40.71087,-73.96498,pip
Good Days,Good Days,Good Days BK LLC,91 S 6th St,11249,,,0340-26-144845-01,Additional Bar,0423,license,2026-06-02,2026-06-02,2028-05-31,40.71087,-73.96498,pip
GOOD ROOM,GOOD ROOM,KLUB EUROPA OF BROOKLYN INC,765 769 MANHATTAN AVENUE,11222,http://goodroombk.com,/liquor/logos/b90bdd9323ce.png,0370-24-105397,Food & Beverage Business,0370,license,2026-03-25,2026-04-01,2028-03-31,40.72753,-73.95293,pip
GOOD THANKS,GOOD THANKS,GOOD THANKS BROOKLYN LLC,374 GRAHAM AVE,11211,,,0340-23-128222,Restaurant,0340,license,2025-08-21,2025-09-01,2027-08-31,40.71555,-73.94456,pip
Grab & Go,Grab & Go,555 Deli Corp,555 Driggs Ave,11211,,,0081-24-123941,Grocery Store,0081,license,2024-08-05,2024-08-05,2027-07-31,40.71695,-73.95651,pip
Graham Garden,Graham Garden,359 Graham Foods Inc.,359 Graham Ave,11211,,,0081-25-126091,Grocery Store,0081,license,2025-10-15,2025-10-15,2028-09-30,40.71535,-73.94452,pip
GRAHAM GIFTS & CONVENIENCE INC,,GRAHAM GIFTS & CONVENIENCE INC,325 GRAHAM AVENUE,11211,,,0081-23-159096,Grocery Store,0081,license,2023-10-24,2023-10-24,2026-09-30,40.71405,-73.9443,pip
GRAHAM VAPE AND CIGARS,GRAHAM VAPE AND CIGARS,METRO NOVELTY & CONVENIENCE INC,354 GRAHAM AVE,11211,,,0081-23-122464,Grocery Store,0081,license,2026-04-07,2026-04-07,2029-03-31,40.71483,-73.94443,pip
GRAHAM WINE CO,GRAHAM WINE CO,FOX MEADOW WINES AND SPIRITS LLC,303 GRAHAM AVE,11211,,,0100-23-124325,Liquor Store,0100,license,2025-03-17,2025-04-01,2028-03-31,40.7132,-73.94417,pip
Grain and Vine Wine and Spirits,Grain and Vine Wine and Spirits,"BROOKLYN AV, LLC",190 Union Ave,11211,,,0100-26-138971,Liquor Store,0100,license,2026-03-31,2026-03-31,2029-02-28,40.70594,-73.9501,pip
GRAN MORELOS,GRAN MORELOS,GRAN MORELOS CORP,727 Grand St,11211,,,0240-24-100295,Restaurant,0240,license,2026-01-09,2026-01-09,2027-12-31,40.71166,-73.94363,pip
GRAN TORINO,GRAN TORINO,BERRY STREET ASSOCIATES LLC,131 BERRY ST,11249,,,0423-23-138036,Additional Bar,0423,license,2025-03-21,2025-04-01,2027-03-31,40.71848,-73.95917,pip
GRAN TORINO,GRAN TORINO,BERRY STREET ASSOCIATES LLC,131 BERRY ST,11249,,,0340-23-134797-01,Additional Bar-Seasonal,0426,license,2026-04-16,2026-04-16,2026-10-31,40.71848,-73.95917,pip
GRAN TORINO,GRAN TORINO,BERRY STREET ASSOCIATES LLC,131 BERRY ST,11249,,,0340-23-134797,Restaurant,0340,license,2025-03-21,2025-04-01,2027-03-31,40.71848,-73.95917,pip
Grand Gourmet Deli NY,Grand Gourmet Deli NY,Grand Gourmet Deli NY Inc,619 Grand St,11211,,,0081-26-135967,Grocery Store,0081,license,2026-02-20,2026-02-20,2029-01-31,40.71131,-73.94739,pip
GRAND ORGANIC,GRAND ORGANIC,GRAND ORGANIC INC,779 GRAND ST,11211,,,0081-21-113026,Grocery Store,0081,license,2024-06-24,2024-07-01,2027-06-30,40.71181,-73.94189,pip
Grand Smoke Shop,Grand Smoke Shop,Goga176 Inc,176-178 Grand St,11211,,,0081-25-106760,Grocery Store,0081,license,2025-04-07,2025-04-07,2028-03-31,40.7144,-73.96106,pip
Grand Ultra,Grand Ultra,Maceo Eagle Inc,118-120 Havemeyer St,11211,,,0524-26-52080,Temporary retail,0524,temporary,2026-08-19,2026-08-19,2027-02-15,40.71254,-73.95694,pip
GRAPEPOINT WINES,GRAPEPOINT WINES,JOANNA ZABLOCKI,155 NORMAN AVE,11222,,,0100-22-117678,Liquor Store,0100,license,2025-03-05,2025-04-01,2028-03-31,40.72657,-73.94825,pip
Greek Kitchen,Greek Kitchen,Greek Boys Kitchen LLC,912 Manhattan Ave,11222,https://greekkitchen.nyc,/liquor/logos/7794225d04ec.png,0240-25-111157,Restaurant,0240,license,2025-05-22,2025-05-22,2027-04-30,40.73058,-73.95429,pip
GREEN CORNER FISH & FARMERS MARKET,GREEN CORNER FISH & FARMERS MARKET,GREEN CORNER NY LLC,801 FLUSHING AVE,11206,,,0081-22-121506,Grocery Store,0081,license,2025-11-05,2026-01-01,2028-12-31,40.70103,-73.94067,geoclient
GREEN POINT TRUCK STOP INC,,GREEN POINT TRUCK STOP INC,278 GREENPOINT AVE,11222,,,0071-23-132559,Grocery Store,0071,license,2026-04-24,2026-07-01,2029-06-30,40.73071,-73.94823,pip
Green Room,Green Room,195 MORGAN LLC,195 Morgan Ave,11237,,,0370-26-133182,Food & Beverage Business,0370,license,2026-01-09,2026-01-09,2027-12-31,40.71088,-73.93369,geoclient
Greenburg Cafe,Greenburg Cafe,Greenburg Cafe LLC,55 Franklin St,11222,,,0370-26-136280,Food & Beverage Business,0370,license,2026-02-26,2026-02-26,2028-01-31,40.72736,-73.95719,pip
GREENHOOK GINSMITHS,GREENHOOK GINSMITHS,GREEN FARMS II LLC,208 DUPONT ST,11222,https://greenhookgin.com/,/liquor/logos/f9ac6d814dd3.png,0052-23-126743,Distiller Class A-1 (Micro-distiller),0052,license,2023-08-03,2023-10-01,2026-09-30,40.73624,-73.9511,pip
GREENHOOK GINSMITHS,GREENHOOK GINSMITHS,GREEN FARMS II LLC,208 DUPONT ST,11222,https://greenhookgin.com/,/liquor/logos/f9ac6d814dd3.png,0056-22-127074,Distiller Class D (Farm Distiller),0056,license,2025-12-18,2026-01-01,2028-12-31,40.73624,-73.9511,pip
GREENHOOK GINSMITHS,GREENHOOK GINSMITHS,GREEN FARMS II LLC,208 DUPONT ST,11222,https://greenhookgin.com/,/liquor/logos/f9ac6d814dd3.png,0031-21-120261,Winery,0031,license,2024-05-24,2024-06-01,2027-05-31,40.73624,-73.9511,pip
Greenpoint Comedy Club LLC,,Greenpoint Comedy Club LLC,66 Greenpoint Ave,11222,,,0370-26-145448,Food & Beverage Business,0370,license,2026-06-05,2026-06-05,2028-05-31,40.7298,-73.95837,pip
GREENPOINT FISH & LOBSTER COMPANY,GREENPOINT FISH & LOBSTER COMPANY,GFLC MARKET LLC,114 NASSAU AVE,11222,https://greenpointfish.com/,/liquor/logos/b97f201fb3b2.svg,0240-22-102470,Restaurant,0240,license,2026-06-01,2026-07-01,2028-06-30,40.7243,-73.94919,pip
GREENPOINT ORGANIC MARKET INC,,GREENPOINT ORGANIC MARKET INC,626 MANHATTAN AVE,11222,,,0081-20-104478,Grocery Store,0081,license,2023-11-01,2023-11-01,2026-10-31,40.72367,-73.95072,pip
Greenpoint Publichouse,Greenpoint Publichouse,GPP Hospitality LLC,623 Manhattan Ave,11222,,,0370-26-147212,Food & Beverage Business,0370,license,2026-06-29,2026-06-29,2028-05-31,40.72366,-73.95071,pip
GREENPOINT WINE & LIQUORS INC.,,GREENPOINT WINE & LIQUORS INC.,89 NASSAU AVENUE,11222,,,0100-23-124798,Liquor Store,0100,license,2026-01-09,2026-02-01,2029-01-31,40.72386,-73.95047,pip
Greta,Greta,Oak Cafe LLC,204 Nassau Ave,11222,,,0267-26-133223,Food & Beverage Business,0267,license,2026-01-11,2026-01-11,2027-12-31,40.72559,-73.94474,pip
Grillpoint Deli Corp,,Grillpoint Deli Corp,903 Manhattan Ave,11222,,,0081-25-118641,Grocery Store,0081,license,2025-08-05,2025-08-05,2028-07-31,40.73033,-73.95425,pip
GRIMM,GRIMM,GRIMM ALES LLC,990 METROPOLITAN AVE,11211,,,CM-20-00009,Combined Craft Status,CM,license,2020-08-03,2024-08-01,2027-07-31,40.71451,-73.9365,pip
GRIMM,GRIMM,GRIMM ALES LLC,990 METROPOLITAN AVE,11211,,,0015-23-103821,Farm Brewer,0015,license,2024-07-29,2024-08-01,2027-07-31,40.71451,-73.9365,pip
GRIMM,GRIMM,GRIMM ALES LLC,990 METROPOLITAN AVE,11211,,,0014-23-123967,Micro-Brewer,0014,license,2024-07-29,2024-08-01,2027-07-31,40.71451,-73.9365,pip
GRIMM,GRIMM,GRIMM ALES LLC,990 METROPOLITAN AVE,11211,,,0340-23-138055,Restaurant,0340,license,2025-02-24,2025-02-24,2027-01-31,40.71451,-73.9365,pip
GRIMM,GRIMM,GRIMM ALES LLC,990 METROPOLITAN AVE,11211,,,0031-23-138579,Winery,0031,license,2024-11-15,2024-11-15,2027-10-31,40.71451,-73.9365,pip
GUARAPO,GUARAPO,NORA ESTRADA LLC,58 N 3RD ST,11249,,,0340-23-139151,Restaurant,0340,license,2025-05-30,2025-06-01,2027-05-31,40.71761,-73.9634,pip
Guisados Maria,Guisados Maria,Guisados Marias Corp.,1077 Flushing Ave,11237,,,0524-26-52819,Temporary retail,0524,temporary,2026-08-28,2026-09-08,2026-10-08,40.70455,-73.92916,geoclient
Guisados Maria,Guisados Maria,Guisados Marias Corp.,1077 Flushing Ave,11237,,,0524-26-37320,Temporary retail,0524,temporary,2026-03-11,2026-03-11,2026-09-07,40.70455,-73.92916,geoclient
Gus & Marty's WB LLC,,Gus & Marty's WB LLC,232 N 12th St,11211,,,0340-25-118068,Restaurant,0340,license,2025-07-29,2025-07-29,2027-06-30,40.7194,-73.95286,pip
GUSTO LATINO CAFE 1 CORP,,GUSTO LATINO CAFE 1 CORP,583 DRIGGS AVE,11211,,,0240-22-101578,Restaurant,0240,license,2026-03-31,2026-04-01,2028-03-31,40.71624,-73.95729,pip
"GUTTER BAR LLC, THE",,"GUTTER BAR LLC, THE",200 N 14TH STREET,11211,,,0423-23-132544,Additional Bar,0423,license,2025-09-09,2025-09-09,2027-08-31,40.72283,-73.95539,pip
"GUTTER BAR LLC, THE",,"GUTTER BAR LLC, THE",200 N 14TH STREET,11211,,,0370-23-133122,Food & Beverage Business,0370,license,2025-09-09,2025-09-09,2027-08-31,40.72283,-73.95539,pip
H & H RESERVE,H & H RESERVE,LITTLE HORSE LLC,519 METROPOLITAN AVE,11211,,,0370-23-139068,Food & Beverage Business,0370,license,2025-08-18,2025-10-01,2027-09-30,40.71406,-73.95141,pip
H & M Market,H & M Market,DM 561 CORP.,561 Grand St,11211,,,0081-24-110595,Grocery Store,0081,license,2024-04-20,2024-04-20,2027-03-31,40.71114,-73.94912,pip
HAAB,HAAB,EL KETZALT CORP,202 LEONARD STREET A,11206,,,0240-23-140479,Restaurant,0240,license,2025-08-19,2025-09-01,2027-08-31,40.71097,-73.94719,pip
HAAM,HAAM,Healthy as a Motha LLC,234 Union Avenue,11211,https://healthyasamotha.com/,,0340-25-107174,Restaurant,0340,license,2026-06-11,2026-06-11,2028-05-31,40.70753,-73.95055,pip
HABANERO CAFE MEXICAN GRILL INC,,HABANERO CAFE MEXICAN GRILL INC,715 FLUSHING AVE,11206,,,0240-22-100264,Restaurant,0240,license,2024-10-03,2024-10-03,2026-09-30,40.70047,-73.94406,geoclient
HAI PAI,HAI PAI,GOLDEN MONKEY MAGIC INC,145 BORINQUEN PL,11211,,,0340-23-129459,Restaurant,0340,license,2025-02-20,2025-03-01,2027-02-28,40.71069,-73.95383,pip
HANA FOOD,HANA FOOD,HENU FOOD INC,534 METROPOLITAN AVE,11211,,,0081-24-103341,Grocery Store,0081,license,2024-02-09,2024-02-09,2027-01-31,40.71405,-73.95102,pip
HANA MAKGEOLLI,HANA MAKGEOLLI,Hana Makgeolli LLC,201 DUPONT ST,11222,https://www.hanamakgeolli.com/,/liquor/logos/9ebf02301f19.png,0370-24-116966,Food & Beverage Business,0370,license,2026-05-22,2026-06-01,2028-05-31,40.7362,-73.95146,pip
HANA MAKGEOLLI,HANA MAKGEOLLI,Hana Makgeolli LLC,201 DUPONT ST,11222,https://www.hanamakgeolli.com/,/liquor/logos/9ebf02301f19.png,0031-23-138156,Winery,0031,license,2026-04-17,2026-05-01,2029-04-30,40.7362,-73.95146,pip
HAREFIELD ROAD PUB,HAREFIELD ROAD PUB,"GEEZERS LLC, THE",769 METROPOLITAN AVE,11211,https.//harefieldroad.com,,0370-23-134319,Food & Beverage Business,0370,license,2025-10-15,2025-11-01,2027-10-31,40.71462,-73.94339,pip
HAVE & MEYER,HAVE & MEYER,VABEH FIRST LLC,103 HAVEMEYER ST,11211,,,0370-22-114873,Food & Beverage Business,0370,license,2025-11-19,2025-11-19,2027-12-31,40.71327,-73.95646,pip
HAVEMEYER CONVENIENCE STORE INC,,HAVEMEYER CONVENIENCE STORE INC,149 HAVEMEYER ST,11211,,,0081-23-103485,Grocery Store,0081,license,2025-11-19,2026-02-01,2029-01-31,40.71175,-73.95743,pip
Heaven & Earth,Heaven & Earth,Secret Promise LLC,290 Nassau Ave,11222,,,0370-26-151099,Food & Beverage Business,0370,license,2026-08-10,2026-08-10,2028-07-31,40.7261,-73.93914,pip
Hello Meadow,Hello Meadow,Propped NY LLC,20 Meadow St,11206,,,0346-25-100758,Catering Establishment,0346,license,2025-01-13,2025-01-13,2026-12-31,40.71067,-73.93641,pip
HERE BK,HERE BK,11211 NEGOTIUM LLC,26 BUSHWICK AVE,11211,,,0370-24-117837,Food & Beverage Business,0370,license,2026-04-20,2026-06-01,2028-05-31,40.71396,-73.94169,pip
HERE BUSHWICK,HERE BUSHWICK,JAAM BROOKLYN LLC,198 RANDOLPH ST,11237,,,0370-24-115485,Food & Beverage Business,0370,license,2026-04-25,2026-05-01,2028-04-30,40.70979,-73.9251,pip
HERMANOS ACOSTA FOOD CORP,,HERMANOS ACOSTA FOOD CORP,166 MANHATTAN AVENUE,11206,,,0081-23-115790,Grocery Store,0081,license,2026-01-30,2026-02-01,2029-01-31,40.70851,-73.94512,pip
HI HELLO CREPES LLC,,HI HELLO CREPES LLC,192 GRAHAM AVE,11206,,,0267-23-128148,Food & Beverage Business,0267,license,2025-03-28,2025-04-01,2027-03-31,40.70837,-73.94338,pip
HIDE AND SEEK,HIDE AND SEEK,BUILT DIFFERENT BK LLC,593 MANHATTAN AVE,11222,,,0370-23-128936,Food & Beverage Business,0370,license,2025-04-23,2025-05-01,2027-04-30,40.72301,-73.95036,pip
HIGH LUA VIETNAMESE KITCHEN,HIGH LUA VIETNAMESE KITCHEN,FISH SAUCE BOYS INC,182 S 2ND ST,11211,,,0240-21-121747,Restaurant,0240,license,2025-10-31,2025-12-01,2027-11-30,40.71264,-73.96042,pip
HOLE IN THE WALL WILLIAMSBURG LLC,,HOLE IN THE WALL WILLIAMSBURG LLC,292 BEDFORD AVE,11249,https://www.holeinthewallnyc.com/williamsburg-1,/liquor/logos/1286d6f79df1.png,0340-22-111521,Restaurant,0340,license,2026-05-04,2025-01-02,2026-12-31,40.71433,-73.96141,pip
HOOPER GARDEN FOOD CORP,,HOOPER GARDEN FOOD CORP,372 S 1st St,11211,,,0081-23-161435,Grocery Store,0081,license,2023-11-10,2023-11-10,2026-10-31,40.71042,-73.95221,pip
HORSES AND DIVORCES,HORSES AND DIVORCES,NYSF VENTURES LLC,285 BEDFORD AVE,11211,,,0370-24-117308,Food & Beverage Business,0370,license,2026-05-18,2026-08-01,2028-07-31,40.71414,-73.96153,pip
HOTEL DELMANO,HOTEL DELMANO,QUALITY ROCKETS INC,82 BERRY ST AKA 120 N 9TH ST,11211,,,0370-21-119428,Food & Beverage Business,0370,license,2025-12-01,2026-01-01,2027-12-31,40.70867,-73.96394,pip
Huda,Huda,SAINT JANE LLC,312 LEONARD ST,11211,,,0340-24-107513,Restaurant,0340,license,2026-02-04,2026-03-01,2028-02-29,40.71502,-73.94786,pip
HUDSON TABLE,HUDSON TABLE,HUDSON TABLE BK LLC,88 WITHERS ST,11211,https://hudsontable.com/brooklyn,/liquor/logos/a6cdd3ed76ff.png,0346-23-124337,Catering Establishment,0346,license,2025-02-06,2025-03-01,2027-02-28,40.71699,-73.94856,pip
HUMMUS MARKET,HUMMUS MARKET,HUMMUS MARKET LLC,361 Graham Ave,11211,,,0370-23-130943,Food & Beverage Business,0370,license,2025-01-29,2025-03-01,2027-02-28,40.71542,-73.94453,pip
I Cavallini,I Cavallini,284 Via Grande LLC,284 Grand St,11211,,,0340-25-129080,Restaurant,0340,license,2025-11-14,2025-11-14,2027-10-31,40.71309,-73.95777,pip
ICHIRAN,ICHIRAN,ICHIRAN U S A INC,374 376 JOHNSON AVE,11206,,,0240-25-106118,Restaurant,0240,license,2025-04-01,2025-04-01,2027-03-31,40.70751,-73.93365,pip
IHOP,IHOP,Opportunity Pancakes 2 LLC,785 Flushing Ave,11206,https://restaurants.ihop.com/en-us/ny/brooklyn/breakfast-785-flushing-ave-3353,/liquor/logos/01d9903620ad.svg,0240-26-139803,Restaurant,0240,license,2026-04-10,2026-04-10,2028-03-31,40.70091,-73.94116,geoclient
ILIS RESTAURANT,ILIS RESTAURANT,GREENSTREETKITCHEN LLC,150 GREEN ST,11222,,,0340-22-108021,Restaurant,0340,license,2024-10-11,2024-10-11,2026-09-30,40.73367,-73.95556,pip
INDAY 658 LLC,,INDAY 658 LLC,658 DRIGGS AVE,11211,,,0340-22-105219,Restaurant,0340,license,2024-10-11,2024-11-01,2026-10-31,40.71462,-73.95904,pip
"INDIGO WILLIAMSBURG HM LLC & VALOR BEVERAGE MANAGEMENT, LLC as MGR",,"INDIGO WILLIAMSBURG HM LLC & VALOR BEVERAGE MANAGEMENT, LLC as MGR",500 METROPOLITAN AVE,11211,,,0423-22-108746,Additional Bar,0423,license,2025-10-17,2025-11-01,2027-10-31,40.71406,-73.95245,pip
"INDIGO WILLIAMSBURG HM LLC & VALOR BEVERAGE MANAGEMENT, LLC as MGR",,"INDIGO WILLIAMSBURG HM LLC & VALOR BEVERAGE MANAGEMENT, LLC as MGR",500 METROPOLITAN AVE,11211,,,0423-22-108747,Additional Bar,0423,license,2025-10-17,2025-11-01,2027-10-31,40.71406,-73.95245,pip
"INDIGO WILLIAMSBURG HM LLC & VALOR BEVERAGE MANAGEMENT, LLC as MGR",,"INDIGO WILLIAMSBURG HM LLC & VALOR BEVERAGE MANAGEMENT, LLC as MGR",500 METROPOLITAN AVE,11211,,,0343-22-131986,Hotel,0343,license,2025-10-17,2025-11-01,2027-10-31,40.71406,-73.95245,pip
IONA,IONA,33 1/3 INC,180 GRAND STREET,11211,,,0370-24-117005,Food & Beverage Business,0370,license,2026-06-04,2026-08-01,2028-07-31,40.71436,-73.96096,pip
ISLA & CO,ISLA & CO,ISLA & CO WILLIAMSBURGH LLC,66 Grand St,11249,,,0340-23-136057,Restaurant,0340,license,2025-12-03,2025-01-02,2026-12-31,40.71583,-73.96483,pip
Isola Brooklyn,Isola Brooklyn,Isola Sessions LLC,361 Metropolitan Ave,11211,,,0370-25-104311-01,Additional Bar,0423,license,2025-03-06,2025-03-06,2027-02-28,40.71407,-73.95583,pip
Isola Brooklyn,Isola Brooklyn,Isola Sessions LLC,361 Metropolitan Ave,11211,,,0370-25-104311,Food & Beverage Business,0370,license,2025-03-10,2025-03-06,2027-02-28,40.71407,-73.95583,pip
IWAK,IWAK,MORI RESTAURANT INC,340 GRAND ST,11211,,,0240-24-129695,Restaurant,0240,license,2026-07-20,2026-09-01,2028-08-31,40.71252,-73.95619,pip
J & G GOURMET DELI CORP,,J & G GOURMET DELI CORP,232 MESEROLE ST,11206,,,0081-23-103228,Grocery Store,0081,license,2026-05-29,2026-06-01,2029-05-31,40.7084,-73.93964,pip
J&E Peruvian Kitchen Inc,,J&E Peruvian Kitchen Inc,316 McGuinness Blvd,11222,,,0524-26-50900,Temporary retail,0524,temporary,2026-08-06,2026-08-06,2027-02-02,40.73316,-73.95204,pip
J&Y DAK INC,,J&Y DAK INC,676 MANHATTAN AVE,11222,,,0240-23-139655,Restaurant,0240,license,2025-08-15,2025-09-01,2027-08-31,40.72489,-73.95142,pip
JACK'S WIFE FREDA,JACK'S WIFE FREDA,JANKYBOYZ LLC,258 WYTHE AVE,11249,,,0340-21-120728,Restaurant,0340,license,2025-11-05,2025-12-01,2027-11-30,40.71702,-73.96312,pip
JACKBAR,JACKBAR,ONE SHOT AWAY LLC,143 HAVEMEYER ST,11211,,,0370-23-138300,Food & Beverage Business,0370,license,2025-09-17,2025-10-01,2027-09-30,40.71189,-73.95734,pip
JAGAT ISLAND CORP,,JAGAT ISLAND CORP,239 UNION AVENUE,11211,,,0081-22-128174,Grocery Store,0081,license,2025-09-04,2025-10-01,2028-09-30,40.70721,-73.9505,pip
JAJAJA PLANTAS MEXICANA,JAJAJA PLANTAS MEXICANA,JAJAJA WILLIAMSBURG LLC,119 KENT AVE,11249,,,0340-23-138696,Restaurant,0340,license,2025-05-14,2025-06-01,2027-05-31,40.72022,-73.9618,pip
JC CHANG CORPORATION,,JC CHANG CORPORATION,251 NASSAU AVENUE,11222,,,0071-21-116122,Grocery Store,0071,license,2024-04-08,2024-05-01,2027-04-30,40.72585,-73.94193,pip
JC DELI & GRILL CORPORATION,JC DELI & GRILL CORPORATION,JC DELI & GRILL CORPORATION,442 LORIMER ST,11206,,,0081-23-122091,Grocery Store,0081,license,2026-06-11,2026-07-01,2029-06-30,40.71035,-73.94877,pip
JM DELI & GRILL INC,,JM DELI & GRILL INC,282 BROADWAY,11211,,,0081-24-108116,Grocery Store,0081,license,2024-03-27,2024-03-27,2027-02-28,40.70865,-73.95855,pip
Joe's Busy Corner,Joe's Busy Corner,PATSON 552 INC.,552 Driggs Ave,11211,,,0524-26-48642,Temporary retail,0524,temporary,2026-07-14,2026-07-14,2027-01-10,40.71711,-73.95633,pip
JOHAN FOOD CORP,,JOHAN FOOD CORP,179 GRAHAM AVE,11206,,,0081-23-116141,Grocery Store,0081,license,2026-04-20,2026-06-01,2029-05-31,40.70818,-73.94334,pip
JOHN'S DELI & GROCERY,JOHN'S DELI & GROCERY,RUSHIL DELI & GROCERY INC,260 NASSAU AVE,11222,,,0081-22-133957,Grocery Store,0081,license,2025-05-19,2025-06-01,2028-05-31,40.72595,-73.94086,pip
Johnny's,Johnny's,"FSMJ One, Inc",642 Lorimer St,11211,,,0340-25-112214,Restaurant,0340,license,2025-06-02,2025-06-02,2027-05-31,40.71606,-73.94972,pip
JOHNSON BUSHWICK LTD,,JOHNSON BUSHWICK LTD,255 BUSHWICK AVE,11206,,,0100-21-115380,Liquor Store,0100,license,2025-01-14,2025-02-01,2028-01-31,40.70706,-73.93974,pip
JR & Son,JR & Son,JR and Sons NY LLC,575 Lorimer St,11211,,,0340-25-122122,Restaurant,0340,license,2026-06-16,2025-09-09,2027-08-31,40.71421,-73.94938,pip
JR UNION MARKET INC,,JR UNION MARKET INC,568 UNION AVE,11211,,,0081-22-128593,Grocery Store,0081,license,2025-01-16,2025-02-01,2028-01-31,40.71774,-73.952,pip
JRC BEVERAGE INC,,JRC BEVERAGE INC,169 187 GARDNER AVENUE,11237,,,0001-23-142682,Wholesale Beer (Retail),0001,license,2026-06-02,2026-07-01,2027-06-30,40.71324,-73.92598,pip
JUBILEE MARKETPLACE,JUBILEE MARKETPLACE,356 BEDFORD MARKETPLACE CORP,356 BEDFORD AVE,11249,,,0081-22-121250,Grocery Store,0081,license,2025-06-13,2025-07-01,2028-06-30,40.7121,-73.96281,pip
JUBILEE MARKETPLACE,JUBILEE MARKETPLACE,145 WEST MARKETPLACE INC,145 WEST ST,11222,https://www.jubileemarketplace.com,/liquor/logos/10e0e55892c9.png,0081-22-122594,Grocery Store,0081,license,2025-10-24,2025-11-01,2028-10-31,40.73215,-73.95964,pip
JUCY LUCY,JUCY LUCY,PJ SUTTON INC,138 NASSAU AVE,11222,https://jucylucygreenpoint.com/,,0340-23-136767,Restaurant,0340,license,2025-04-28,2025-04-28,2027-03-31,40.72473,-73.94787,pip
JULIETTE,JULIETTE,135 STUDIO N ADR INC,135 NORTH 5TH STREET,11211,,,0340-21-116301,Restaurant,0340,license,2025-10-31,2025-12-01,2027-11-30,40.71693,-73.95927,pip
JUPITER DISCO,JUPITER DISCO,JUPITER DISCO LLC,1237 FLUSHING AVE,11237,http://jupiterdisco.com/,/liquor/logos/592dc5726f11.png,0370-24-132317,Food & Beverage Business,0370,license,2024-10-18,2024-11-01,2026-10-31,40.70807,-73.9234,geoclient
JUPITER DISCO,JUPITER DISCO,JUPITER DISCO LLC,1237 FLUSHING AVE,11237,http://jupiterdisco.com/,/liquor/logos/592dc5726f11.png,0340-22-104601,Restaurant,0340,license,2024-12-16,2024-12-16,2026-10-31,40.70807,-73.9234,geoclient
K & L CUISINES LLC,,K & L CUISINES LLC,265 GRAHAM AVE,11206,,,0340-23-162068,Restaurant,0340,license,2025-10-07,2025-11-01,2027-10-31,40.71117,-73.94385,pip
K & M GOURMET DELI GROCERY CORP,,K & M GOURMET DELI GROCERY CORP,146A NASSAU AVE,11222,,,0081-21-100814,Grocery Store,0081,license,2023-11-10,2023-12-01,2026-11-30,40.72485,-73.94754,pip
K & Z Organic Corp,,K & Z Organic Corp,186 Broadway,11211,,,0081-25-120637,Grocery Store,0081,license,2025-08-25,2025-08-25,2028-07-31,40.70984,-73.96206,pip
Kaewjaojorm,Kaewjaojorm,Benjarong Corp.,800 Grand St,11211,,,0240-25-132070,Restaurant,0240,license,2025-12-19,2025-12-19,2027-11-30,40.71186,-73.94135,pip
KAM KUO WINE CO INC,,KAM KUO WINE CO INC,488 LEONARD STREET,11222,,,0002-23-112727,Wholesale Beer,0002,license,2026-05-15,2026-07-01,2027-06-30,40.72186,-73.94898,pip
KAM KUO WINE CO INC,,KAM KUO WINE CO INC,488 LEONARD STREET,11222,,,0009-23-125407,Wholesale Liquor,0009,license,2026-01-15,2026-03-01,2029-02-28,40.72186,-73.94898,pip
Kanahashi,Kanahashi,Kanahashi Japanese House Inc.,981 Manhattan Ave,11222,https://kanahashi.dine.online/locations/726121,/liquor/logos/4d35d33fd45d.png,0340-26-148776,Restaurant,0340,license,2026-07-15,2026-07-15,2028-06-30,40.73264,-73.95466,pip
KARCZMA INC,,KARCZMA INC,136 GREENPOINT AVE,11222,https://karczmabrooklyn.com/,/liquor/logos/dc0330ef93b8.png,0340-21-119107,Restaurant,0340,license,2025-11-21,2025-12-01,2027-11-30,40.7301,-73.95513,pip
KASKADE,KASKADE,123 GPOINT LLC,123 GREENPOINT AVE,11222,,,0340-23-136984,Restaurant,0340,license,2025-08-15,2025-09-01,2027-08-31,40.7301,-73.95515,pip
KEAP ST GOURMET DELI CORP,,KEAP ST GOURMET DELI CORP,332 KEAP ST,11211,,,0081-23-102518,Grocery Store,0081,license,2023-09-14,2023-11-01,2026-10-31,40.7088,-73.95478,pip
KEG & LANTERN,KEG & LANTERN,KILLOWEN INC,95 97 NASSAU AVE,11222,https://www.kegandlanternbrooklyn.com/location/the-keg-and-lantern-greenpoint/,/liquor/logos/e3ef78cf41a5.png,0416-23-123911,Restaurant Brewer,0416,license,2026-07-20,2026-08-01,2029-07-31,40.72394,-73.95024,pip
Keg & Lantern Brewing,Keg & Lantern Brewing,104 SOUTH 4TH INC,104 S 4TH ST,11249,,,0416-23-125318,Restaurant Brewer,0416,license,2026-05-01,2026-05-01,2029-04-30,40.71207,-73.96345,pip
Kelang,Kelang,BBFUFU Hospitality Inc,715 Manhattan Ave,11222,,,0340-26-142530,Restaurant,0340,license,2026-05-08,2026-05-08,2028-04-30,40.72586,-73.95197,pip
Kellogg's,Kellogg's,Brooklyn 24 Hrs LLC,518 Metropolitan Ave,11211,,,0340-24-128005,Restaurant,0340,license,2026-07-30,2026-09-01,2028-08-31,40.71406,-73.95176,pip
KENT ALE HOUSE,KENT ALE HOUSE,51 KENT CAFE INC,51 KENT AVE,11211,https://www.kentalehouse.com,/liquor/logos/362e42d510b8.png,0340-22-103659,Restaurant,0340,license,2026-04-15,2026-05-01,2028-04-30,40.72244,-73.95944,pip
Kent Craft House Corp.,,Kent Craft House Corp.,240 Kent Ave,11249,,,0081-26-140839,Grocery Store,0081,license,2026-04-23,2026-04-23,2029-03-31,40.71675,-73.96553,pip
Kent Falls Brewing Company,Kent Falls Brewing Company,"THE FOOD CYCLE DISTILLERY, LLC",240 Kent Ave Ste,11249,,,0002-25-116690,Wholesale Beer,0002,license,2026-07-07,2026-07-07,2027-06-30,40.71675,-73.96553,pip
KENT WINES & LIQUORS INC,,KENT WINES & LIQUORS INC,420 KENT AVE,11249,,,0100-21-115055,Liquor Store,0100,license,2024-05-16,2024-06-01,2027-05-31,40.70967,-73.96852,pip
KESTANE KEBAB,KESTANE KEBAB,MSMN CORP,208 FRANKLIN ST,11222,,,0340-23-139156,Restaurant,0340,license,2025-07-17,2025-07-17,2027-05-31,40.7326,-73.95803,pip
KEY FOOD,KEY FOOD,PICK QUICK FOODS INC,224 MCGUINNESS BLVD,11222,,,0081-21-109238,Grocery Store,0081,license,2024-06-07,2024-07-01,2027-06-30,40.72985,-73.95091,pip
KILO BRAVO; WING JAWN,KILO BRAVO; WING JAWN,NIGHT RAFTER LLC,180 N 10TH ST,11211,,,0370-24-119975,Food & Beverage Business,0370,license,2026-06-23,2026-08-01,2028-07-31,40.71906,-73.95526,pip
"Kinda Nice, LLC",,"Kinda Nice, LLC",168 Borinquen Pl,11211,,,0370-26-149811-01,Additional Bar,0423,license,2026-07-24,2026-08-01,2028-07-31,40.71066,-73.95419,pip
"Kinda Nice, LLC",,"Kinda Nice, LLC",168 Borinquen Pl,11211,,,0370-26-149811,Food & Beverage Business,0370,license,2026-07-24,2026-08-01,2028-07-31,40.71066,-73.95419,pip
KING'S WINE & SPIRITS,KING'S WINE & SPIRITS,SUPER KINGS WINE & SPIRITS CORP,111 GRAHAM AVE,11206,,,0100-23-123650,Liquor Store,0100,license,2026-07-09,2026-09-01,2029-08-31,40.70558,-73.94292,pip
KINGS COUNTY IMPERIAL,KINGS COUNTY IMPERIAL,RED HOUSE BK LLC,22 SKILLMAN AVE,11211,,,0340-21-119696,Restaurant,0340,license,2025-10-20,2025-11-01,2027-10-31,40.71533,-73.95091,pip
KINGS COUNTY IMPERIAL,KINGS COUNTY IMPERIAL,RED HOUSE BK LLC,20 SKILLMAN AVE,11211,,,0340-23-135373,Restaurant,0340,license,2025-05-09,2025-06-01,2027-05-31,40.71532,-73.951,pip
KINGS MART,KINGS MART,KOMARKET INC,58 GRAHAM AVE,11206,,,0081-24-110341,Grocery Store,0081,license,2024-04-18,2024-04-18,2027-03-31,40.7028,-73.94245,pip
KINGS MEEKER SUNOCO,KINGS MEEKER SUNOCO,BOLLA OPERATING CORP.,497 MEEKER AVENUE,11222,,,0081-21-109454,Grocery Store,0081,license,2024-10-30,2024-11-01,2027-10-31,40.72038,-73.94412,pip
KINOKO BROOKLYN,KINOKO BROOKLYN,CHEF KELSEAY DUKAE LLC,179 Meserole Ave,11222,,,0240-24-111930,Restaurant,0240,license,2026-05-29,2026-05-29,2028-04-30,40.72824,-73.9492,pip
Kis Cafe,Kis Cafe,"AMANT Foundation, USA",932 Grand St,11211,,,0267-26-134230,Food & Beverage Business,0267,license,2026-01-26,2026-01-26,2027-12-31,40.7128,-73.93717,pip
Knori Handrol Bar,Knori Handrol Bar,Golden & Kui Inc,121 Greenpoint Ave,11222,https://knorihandrollbar.toast.site/,/liquor/logos/4e437383f0fd.png,0240-25-126240,Restaurant,0240,license,2025-10-15,2025-10-15,2027-09-30,40.73009,-73.95524,pip
KOKOMO RESTAURANT LLC,,KOKOMO RESTAURANT LLC,65 KENT AVE,11249,,,0340-22-114173,Restaurant,0340,license,2026-06-29,2026-07-01,2028-06-30,40.72206,-73.95982,pip
KRU,KRU,OK WILLIAMSBURG LLC,190 N 14TH ST,11249,,,0340-23-129071,Restaurant,0340,license,2025-04-21,2025-05-01,2027-04-30,40.72298,-73.95562,pip
KTM Grand Deli & Grocery Inc.,,KTM Grand Deli & Grocery Inc.,810 Grand St,11211,,,0524-26-49957,Temporary retail,0524,temporary,2026-07-27,2026-07-27,2027-01-23,40.71189,-73.94109,pip
Kub Kao,Kub Kao,Born99 LLC,988 Manhattan Ave,11222,https://www.kubkaony.com/,/liquor/logos/71ff115f15f0.png,0524-26-38387,Temporary retail,0524,temporary,2026-03-24,2026-03-24,2026-09-20,40.73285,-73.95469,pip
KYOTO SUSHI,KYOTO SUSHI,NASSAU KYOTO JAPANESE SUSHI INC,161 NASSAU AVE,11222,,,0240-22-102670,Restaurant,0240,license,2026-04-02,2026-06-01,2028-05-31,40.72505,-73.94689,pip
L & P WINES & LIQUORS INC,,L & P WINES & LIQUORS INC,633 METROPOLITAN AVE,11211,,,0100-21-115510,Liquor Store,0100,license,2024-03-06,2024-04-01,2027-03-31,40.71418,-73.94795,pip
L A PIZZA & CONVENIENCE,L A PIZZA & CONVENIENCE,887 PIZZA & DELI CORP,887 MANHATTAN AVENUE,11222,,,0138-23-140884,Food & Beverage Business,0138,license,2026-07-15,2026-07-15,2029-06-30,40.72988,-73.9541,pip
L ANGE NOIR CAFE,L ANGE NOIR CAFE,ANGELVAN CORP.,247 VARET ST,11206,https://angenoircafe.com/,,0423-22-110233,Additional Bar,0423,license,2026-06-11,2026-07-01,2028-06-30,40.70407,-73.93416,pip
L ANGE NOIR CAFE,L ANGE NOIR CAFE,ANGELVAN CORP.,247 VARET ST,11206,https://angenoircafe.com/,,0340-22-112495,Restaurant,0340,license,2026-06-11,2026-07-01,2028-06-30,40.70407,-73.93416,pip
L MO'S MARKET INC,,L MO'S MARKET INC,51 MORGAN AVE,11237,,,0081-21-111832,Grocery Store,0081,license,2024-12-20,2025-01-01,2027-12-31,40.70555,-73.93167,pip
L STOP GOURMET DELI,L STOP GOURMET DELI,L STOP GOURMET DELI CORP,223 MONTROSE AVE,11206,,,0081-22-128788,Grocery Store,0081,license,2025-02-26,2025-03-01,2028-02-29,40.70761,-73.94013,pip
L'CHAIM KOSHER WINES AND SPIRITS INC,,L'CHAIM KOSHER WINES AND SPIRITS INC,348 ROEBLING STREET,11211,,,0100-22-116759,Liquor Store,0100,license,2025-04-12,2025-05-01,2028-04-30,40.70777,-73.96111,pip
L'INDUSTRIE PIZZA,L'INDUSTRIE PIZZA,F&M INDUSTRIECORP,254 S 2ND ST,11211,https://lindustriebk.square.site/,,0240-22-101401,Restaurant,0240,license,2025-12-19,2026-01-01,2027-12-31,40.71168,-73.95779,pip
L-shaped Bar 2,L-shaped Bar 2,SCOTT AVENUE ASSOCIATES INC,154 SCOTT AVE,11237,,,0349-24-133217-01,Additional Bar,0423,license,2024-10-18,2024-10-18,2026-09-30,40.71193,-73.92365,pip
L-shaped Bar 2,L-shaped Bar 2,SCOTT AVENUE ASSOCIATES INC,154 SCOTT AVE,11237,,,0349-24-133217-05,Additional Bar,0423,license,2024-10-18,2024-10-18,2026-09-30,40.71193,-73.92365,pip
L-shaped Bar 2,L-shaped Bar 2,SCOTT AVENUE ASSOCIATES INC,154 SCOTT AVE,11237,,,0349-24-133217-02,Additional Bar,0423,license,2024-10-18,2024-10-18,2026-09-30,40.71193,-73.92365,pip
L-shaped Bar 2,L-shaped Bar 2,SCOTT AVENUE ASSOCIATES INC,154 SCOTT AVE,11237,,,0349-24-133217-03,Additional Bar,0423,license,2024-10-18,2024-10-18,2026-09-30,40.71193,-73.92365,pip
L-shaped Bar 2,L-shaped Bar 2,SCOTT AVENUE ASSOCIATES INC,154 SCOTT AVE,11237,,,0349-24-133217-04,Additional Bar,0423,license,2024-10-18,2024-10-18,2026-09-30,40.71193,-73.92365,pip
L-shaped Bar 2,L-shaped Bar 2,SCOTT AVENUE ASSOCIATES INC,154 SCOTT AVE,11237,,,0349-24-133217,Club,0349,license,2024-10-18,2024-10-18,2026-09-30,40.71193,-73.92365,pip
LA ALEGRIA GROCERY & DELI CORP,,LA ALEGRIA GROCERY & DELI CORP,224 S 3RD ST,11211,,,0081-21-110594,Grocery Store,0081,license,2024-03-01,2024-04-01,2027-03-31,40.71112,-73.95877,pip
LA BAMBA DELI GROCERY CORP,,LA BAMBA DELI GROCERY CORP,357 KEAP ST,11211,,,0081-21-103233,Grocery Store,0081,license,2024-08-18,2024-09-01,2027-08-31,40.7093,-73.95445,pip
LA CANTINA,LA CANTINA,THAHCO AND CANTINA CORP,297 Broadway,11211,,,0370-25-107743,Food & Beverage Business,0370,license,2026-03-14,2025-04-19,2027-03-31,40.70848,-73.95808,pip
LA CENISA CRUZ GROCERY,LA CENISA CRUZ GROCERY,LUIS A CRUZ,386 S 5TH ST,11211,,,0081-21-100529,Grocery Store,0081,license,2024-12-05,2025-01-01,2027-12-31,40.7078,-73.95379,pip
LA CHACRA RESTAURANT INC,,LA CHACRA RESTAURANT INC,613 GRAND ST,11211,,,0340-23-138058,Restaurant,0340,license,2025-06-13,2025-07-01,2027-06-30,40.71129,-73.94759,pip
LA COCINA II RESTAURANT CORP,,LA COCINA II RESTAURANT CORP,100 MOORE ST,11206,,,0240-23-140677,Restaurant,0240,license,2025-09-29,2025-10-01,2027-09-30,40.70386,-73.94153,pip
La Contenta Greenpoint,La Contenta Greenpoint,Tierra Linda LLC,1079 Manhattan Ave,11222,,,0340-26-148737,Restaurant,0340,license,2026-07-15,2026-07-15,2028-06-30,40.73555,-73.95514,pip
LA GUIRA RESTAURANT,LA GUIRA RESTAURANT,MIGDALIA GOMEZ,580 BROADWAY,11206,,,0370-23-138446,Food & Beverage Business,0370,license,2025-02-24,2025-03-01,2027-02-28,40.70393,-73.94754,pip
LA LOCANDA INC,,LA LOCANDA INC,432 GRAHAM AVE,11211,https://www.lalocandany.com/,/liquor/logos/d3cb432c513c.png,0340-22-115218,Restaurant,0340,license,2026-04-17,2026-05-01,2028-04-30,40.71782,-73.94492,pip
La Luz Del Puente Restaurant Incorporated,,La Luz Del Puente Restaurant Incorporated,231 S 4th St,11211,,,0524-26-48563,Temporary retail,0524,temporary,2026-07-14,2026-07-14,2027-01-10,40.71041,-73.95896,pip
La Marketica by La Finca Corp,,La Marketica by La Finca Corp,86 Graham Ave,11206,,,0524-26-43786,Temporary retail,0524,temporary,2026-05-21,2026-05-21,2026-11-17,40.70408,-73.94266,pip
La Meme Chose,La Meme Chose,LA MEME CHOSE WINE INC,364 LEONARD ST,11211,,,0100-23-160396,Liquor Store,0100,license,2023-11-03,2023-11-03,2026-10-31,40.71715,-73.94821,pip
LA NONNA RISTORANTE BAR ENOTECA,LA NONNA RISTORANTE BAR ENOTECA,184 KENT AVENUE INC,184 KENT AVE,11211,https://lanonnabk.com/,/liquor/logos/37369298beb6.png,0340-21-119490,Restaurant,0340,license,2025-11-17,2025-12-01,2027-11-30,40.71831,-73.96385,pip
LA NORTENA REST NO 2 CORP,,LA NORTENA REST NO 2 CORP,255 A GRAHAM AVE,11206,,,0340-23-138980,Restaurant,0340,license,2025-06-09,2025-07-01,2027-06-30,40.71114,-73.94384,pip
La Petite Joie,La Petite Joie,FAB Management Group Inc.,577 Union Ave,11211,,,0524-26-43749,Temporary retail,0524,temporary,2026-05-21,2026-05-21,2026-11-17,40.71771,-73.95223,pip
LA SUPERIOR,LA SUPERIOR,MENDEZ & AVELAR INC,295 BERRY STREET,11211,,,0340-22-107127,Restaurant,0340,license,2026-05-13,2026-06-01,2028-05-31,40.71361,-73.96375,pip
LADY JAYS,LADY JAYS,MENDENHALL LLC,633 GRAND ST,11211,,,0370-24-112571,Food & Beverage Business,0370,license,2026-04-29,2026-06-01,2028-05-31,40.71137,-73.94677,pip
Lady Pho Express,Lady Pho Express,LADY PHO WSB LLC,311 Bedford Ave,11211,,,0524-26-53114,Temporary retail,0524,temporary,2026-09-01,2026-09-01,2027-02-28,40.71337,-73.96201,pip
LAKE ST,LAKE ST,GREAT LAKES PUBLIC LLC,706 MANHATTAN AVE,11222,,,0370-23-137058,Food & Beverage Business,0370,license,2025-02-18,2025-04-01,2027-03-31,40.72568,-73.95187,pip
LALA MINI CONVENIENCE INC,,LALA MINI CONVENIENCE INC,617 Lorimer Street,11211,,,0081-25-113367,Grocery Store,0081,license,2025-06-11,2025-06-11,2028-05-31,40.71537,-73.94958,pip
LALAON,LALAON,OHKA HOSPITALITY INC,22 N 6TH ST,11249,,,0340-24-121677,Restaurant,0340,license,2026-04-08,2026-07-01,2028-06-30,40.72032,-73.96323,pip
LAMONTE,LAMONTE,SPECTACULAR BIRD LLC,557 DRIGGS AVE,11211,,,0340-21-121177,Restaurant,0340,license,2025-10-16,2025-11-01,2027-10-31,40.7169,-73.95657,pip
LAND TO SEA,LAND TO SEA,LAND TO SEA NY LLC,402 GRAHAM AVE,11211,https://www.landtoseanyc.com/,/liquor/logos/c1efdb11b7e0.svg,0267-24-117730,Food & Beverage Business,0267,license,2026-04-20,2026-06-01,2028-05-31,40.71681,-73.94476,pip
LAS TAINAS BAR & RESTAURANT LLC,,LAS TAINAS BAR & RESTAURANT LLC,347 BROADWAY,11211,,,0370-23-134634,Food & Beverage Business,0370,license,2025-09-09,2025-09-09,2027-08-31,40.70773,-73.95593,pip
LATE NIGHT 905 INC,,LATE NIGHT 905 INC,905 METROPOLITAN AVE,11211,,,0081-22-126185,Grocery Store,0081,license,2025-04-29,2025-05-01,2028-04-30,40.71461,-73.93889,pip
Late Night Stars Deli,Late Night Stars Deli,Graham Fresh Deli Corp,357 Graham Ave,11211,,,0081-26-147505,Grocery Store,0081,license,2026-07-01,2026-07-01,2029-06-30,40.71512,-73.94448,pip
LAVENDER LAKE,LAVENDER LAKE,D P T SUPREME CORPORATION,53 BROADWAY,11249,,,0370-23-128146,Food & Beverage Business,0370,license,2025-06-12,2025-06-12,2027-05-31,40.71056,-73.96631,pip
LAYLA HOSPITALTY LLC,,LAYLA HOSPITALTY LLC,352 BEDFORD AVE,11249,,,0340-24-103163,Restaurant,0340,license,2026-01-21,2026-02-01,2028-01-31,40.71224,-73.96272,pip
Le Botaniste,Le Botaniste,"Botanicus Greenpoint, Inc.",673 Manhattan Ave,11222,,,0267-25-132082,Food & Beverage Business,0267,license,2025-12-21,2025-12-21,2027-11-30,40.72484,-73.95139,pip
LE FANFARE,LE FANFARE,HOWARD PROJECT LLC,1103 MANHATTAN AVE,11222,,,0340-22-112739,Restaurant,0340,license,2026-05-17,2026-07-01,2028-06-30,40.73626,-73.95524,pip
LE GAMIN,LE GAMIN,POINT GREEN CAFE INC,108 FRANKLIN STREET,11222,https://legamin.com/,/liquor/logos/be2216647812.png,0340-22-103678,Restaurant,0340,license,2026-08-09,2026-09-01,2028-08-31,40.72828,-73.95734,pip
LELLA ALIMENTARI,LELLA ALIMENTARI,VIA DELLA FIERA 105 CORP,325 MANHATTAN AVE,11211,https://lellaalimentari.com/,,0267-22-108131,Food & Beverage Business,0267,license,2026-04-02,2026-05-01,2028-04-30,40.71518,-73.94622,pip
Lella2,Lella2,Via Siracusa 64 Corp,141 Havemeyer St,11211,,,0340-25-106756,Restaurant,0340,license,2025-04-07,2025-04-07,2027-03-31,40.71196,-73.9573,pip
LEMON TREE NATURAL MARKET,LEMON TREE NATURAL MARKET,LEMON TREE FOOD MARKET CORP,387 GRAHAM AVE,11211,,,0081-22-122178,Grocery Store,0081,license,2025-01-14,2025-03-01,2028-02-29,40.71639,-73.94469,pip
"LEMONS & OLIVES, INC.",,"LEMONS & OLIVES, INC.",98A S 4TH ST,11249,,,0346-23-123834,Catering Establishment,0346,license,2025-01-08,2025-02-01,2027-01-31,40.71225,-73.96395,pip
LEO,LEO,LEO GRANDPA CORP,318 GRAND ST,11211,,,0340-21-120009,Restaurant,0340,license,2025-11-26,2025-12-01,2027-11-30,40.71266,-73.95656,pip
LEROY'S AMERICAN BISTRO,LEROY'S AMERICAN BISTRO,FRANKLIN ST FOOD & DRINK LLC,195 FRANKLIN ST,11222,,,0340-23-130376,Restaurant,0340,license,2025-08-12,2025-09-01,2027-08-31,40.73354,-73.95819,pip
LES DEUX CHATS,LES DEUX CHATS,LE BIRD LLC,1 DUNHAM PL,11249,https://www.deuxchatsbk.com/,/liquor/logos/98fc16aa56e0.png,0370-24-117304,Food & Beverage Business,0370,license,2026-06-29,2026-07-01,2028-06-30,40.71085,-73.96761,pip
LeTish Cafe,LeTish Cafe,Savino Capital LLC,171-173 S 4th St,11211,,,0370-26-152667,Food & Beverage Business,0370,license,2026-08-27,2026-08-27,2028-07-31,40.71126,-73.9612,pip
LICEY GROCERY CORP,,LICEY GROCERY CORP,222 MANHATTAN AVE,11206,,,0081-23-102968,Grocery Store,0081,license,2026-01-14,2026-03-01,2029-02-28,40.71084,-73.94549,pip
Lidl,Lidl,"LUS Licensing, LLC",573 Grand St,11211,,,0524-26-50864,Temporary retail,0524,temporary,2026-08-05,2026-08-05,2027-02-01,40.71119,-73.94862,pip
LIGHTHOUSE,LIGHTHOUSE,CROW AND CHICK LLC,145 BORINQUEN PLACE,11211,https://www.lighthousebk.com,,0340-23-133654,Restaurant,0340,license,2025-02-03,2025-02-03,2027-01-31,40.71069,-73.95383,pip
Lili and Cata II LLC,,Lili and Cata II LLC,44 S 3rd Street,11249,https://www.liliandcata.com,/liquor/logos/a8ad52c4fc15.png,0267-25-114674,Food & Beverage Business,0267,license,2025-06-23,2025-06-23,2027-05-31,40.71365,-73.96609,pip
LILI AND CATA LLC,,LILI AND CATA LLC,72 GREENPOINT AVE,11222,,,0267-22-107191,Food & Beverage Business,0267,license,2026-04-22,2026-04-22,2028-02-29,40.72982,-73.95811,pip
LILIA RESTAURANT,LILIA RESTAURANT,WOODFIRE COLLISION LLC,567 575 UNION AVE,11211,,,0340-21-119438,Restaurant,0340,license,2025-12-15,2026-01-01,2027-12-31,40.71772,-73.95223,pip
LILY THAI RESTAURANT,LILY THAI RESTAURANT,RAMALES THAI FOOD CORP,615 GRAND ST,11211,,,0240-23-140085,Restaurant,0240,license,2025-06-18,2025-06-18,2027-05-31,40.71129,-73.94757,pip
LIMOSNEROS,LIMOSNEROS,EL POBLADO CORP,366 UNION AVE,11211,https://limosnerosbk.com,/liquor/logos/e4e8a41d1375.png,0240-23-140054,Restaurant,0240,license,2025-05-06,2025-05-06,2027-04-30,40.71138,-73.95118,pip
LIN'S LIQUOR,LIN'S LIQUOR,XIAO XIAO LIQUOR INC,106 MOORE ST,11206,,,0100-23-126294,Liquor Store,0100,license,2026-07-03,2026-09-01,2029-08-31,40.70389,-73.94126,pip
LINCOLN MARKET,LINCOLN MARKET,POM GROUP INC,1133 MANHATTAN AVE,11222,,,0081-23-101257,Grocery Store,0081,license,2026-05-26,2026-06-01,2029-05-31,40.737,-73.95537,pip
Lincoln Market,Lincoln Market,LM Kent Inc.,11 Broadway,11249,,,0524-26-52237,Temporary retail,0524,temporary,2026-08-20,2026-08-20,2027-02-16,40.71079,-73.96828,pip
LINGO,LINGO,SHIKI NYC LLC,27 GREENPOINT AVE,11222,https://www.lingobk.com/menu/,/liquor/logos/88cf9c8b3b0c.png,0340-23-128235,Restaurant,0340,license,2025-02-03,2025-03-01,2027-02-28,40.72968,-73.95969,pip
LIRIANO DELI CORP,,LIRIANO DELI CORP,361 S 4TH ST,11211,,,0081-21-100751,Grocery Store,0081,license,2024-01-12,2024-02-01,2027-01-31,40.70845,-73.95352,pip
LISE & VITO,LISE & VITO,BORN TO LOSE LLC,126A Nassau Ave,11222,https://www.liseandvito.com,/liquor/logos/df769c1efcee.png,0370-23-129050,Food & Beverage Business,0370,license,2026-08-25,2025-06-01,2027-05-31,40.72451,-73.94855,pip
LITTLE DOKEBI,LITTLE DOKEBI,LITTLE DOKEBI INC,85 DRIGGS AVE,11222,https://www.littledokebi.com/,/liquor/logos/a0af7cd4c9fd.png,0240-23-140828,Restaurant,0240,license,2026-07-30,2025-10-01,2027-09-30,40.72325,-73.94234,pip
LITTLE GRAND,LITTLE GRAND,TOMATO CAN INC,771 GRAND ST,11211,,,0340-24-123284,Restaurant,0340,license,2026-06-10,2026-07-01,2028-06-30,40.71177,-73.94239,pip
LITTLE RASCAL BAR,LITTLE RASCAL BAR,MY KISMET LLC,130 FRANKLIN ST,11222,https://www.littlerascalrestaurant.com/greenpoint,/liquor/logos/054076366cac.png,0370-24-113410,Food & Beverage Business,0370,license,2026-05-08,2026-05-08,2028-04-30,40.72933,-73.9575,pip
Little Ruby's Williamsburg,Little Ruby's Williamsburg,RUBY'S WILLIAMSBURG LLC,98 Berry St,11249,https://www.rubyscafe.com,/liquor/logos/380c48088cd1.png,0340-25-115276-01,Additional Bar,0423,license,2025-11-17,2025-06-27,2027-10-31,40.71909,-73.9585,pip
Little Ruby's Williamsburg,Little Ruby's Williamsburg,RUBY'S WILLIAMSBURG LLC,98 Berry St,11249,https://www.rubyscafe.com,/liquor/logos/380c48088cd1.png,0340-25-115276,Restaurant,0340,license,2025-06-27,2025-06-27,2027-05-31,40.71909,-73.9585,pip
LITTLE TIFFIN LLC,,LITTLE TIFFIN LLC,970 MANHATTAN AVE,11222,,,0240-22-100622,Restaurant,0240,license,2025-08-20,2025-01-01,2026-12-31,40.73221,-73.95459,pip
LLC AND BAR LAB NYC LLC; SEE RIDER,LLC AND BAR LAB NYC LLC; SEE RIDER,"BEDFORD AVENUE ASSOCIATES LLC, BEDFORD AVENUE TRS",353 361 BEDFORD AVE,11211,,,0423-23-128697,Additional Bar,0423,license,2025-01-30,2025-02-01,2027-01-31,40.71159,-73.96313,pip
LLC AND BAR LAB NYC LLC; SEE RIDER,LLC AND BAR LAB NYC LLC; SEE RIDER,"BEDFORD AVENUE ASSOCIATES LLC, BEDFORD AVENUE TRS",353 361 BEDFORD AVE,11211,,,0423-23-129008,Additional Bar,0423,license,2025-01-30,2025-02-01,2027-01-31,40.71159,-73.96313,pip
LLC AND BAR LAB NYC LLC; SEE RIDER,LLC AND BAR LAB NYC LLC; SEE RIDER,"BEDFORD AVENUE ASSOCIATES LLC, BEDFORD AVENUE TRS",353 361 BEDFORD AVE,11211,,,0423-23-128696,Additional Bar,0423,license,2025-01-30,2025-02-01,2027-01-31,40.71159,-73.96313,pip
LLC AND BAR LAB NYC LLC; SEE RIDER,LLC AND BAR LAB NYC LLC; SEE RIDER,"BEDFORD AVENUE ASSOCIATES LLC, BEDFORD AVENUE TRS",353 361 BEDFORD AVE,11211,,,0343-23-109402,Hotel,0343,license,2025-01-30,2025-02-01,2027-01-31,40.71159,-73.96313,pip
LOHI,LOHI,315 MESEROLE LLC,315 MESEROLE ST,11206,,,0370-24-125975,Food & Beverage Business,0370,license,2024-09-07,2024-10-01,2026-09-30,40.70884,-73.93513,pip
LORA SPORTS BAR CORP,,LORA SPORTS BAR CORP,163 Marcy Ave,11211,,,0370-24-138713,Food & Beverage Business,0370,license,2025-01-03,2025-01-03,2026-12-31,40.70869,-73.95772,pip
LORIMER DELI & GROCERY INC,,LORIMER DELI & GROCERY INC,593 METROPOLITAN AVE,11211,,,0081-22-127071,Grocery Store,0081,license,2025-12-15,2026-01-01,2028-12-31,40.71406,-73.94912,pip
LORIMER EXPRESS FOOD INC,,LORIMER EXPRESS FOOD INC,574 BROADWAY,11206,,,0081-21-101526,Grocery Store,0081,license,2024-12-11,2025-01-01,2027-12-31,40.704,-73.94767,pip
Los Ramos Deli Corp,,Los Ramos Deli Corp,105 Graham Ave Store B,11206,,,0081-25-123733,Grocery Store,0081,license,2025-09-24,2025-09-24,2028-08-31,40.70537,-73.94288,pip
LOVEBIRDS,LOVEBIRDS,211 RESERVE LLC,211 NASSAU AVE,11222,,,0267-24-124823,Food & Beverage Business,0267,license,2026-07-09,2026-08-01,2028-07-31,40.72564,-73.94417,pip
LUCKY DOG,LUCKY DOG,VINEGAR HILL NYC LLC,303 BEDFORD AVENUE,11211,,,0370-23-132551,Food & Beverage Business,0370,license,2025-09-17,2025-10-01,2027-09-30,40.71356,-73.96189,pip
LUCYS VIETNAMESE,LUCYS VIETNAMESE,BROOKLYN DYNAMIC SQUARED LLC,112 BERRY ST,11249,https://williamsburg.lucysvietnamese.com/,/liquor/logos/a646f8940fa7.png,0240-23-142429,Restaurant,0240,license,2025-05-07,2025-05-07,2027-04-30,40.7188,-73.95882,pip
Lulla's NYC,Lulla's NYC,Lullas NYC LLC,169 Graham Ave,11206,,,0340-24-135462,Restaurant,0340,license,2024-11-07,2024-11-07,2026-10-31,40.70794,-73.9433,pip
M & M DETOX DELI CORP,,M & M DETOX DELI CORP,134 MANHATTAN AVE,11206,,,0081-24-100495,Grocery Store,0081,license,2024-01-09,2024-01-09,2026-12-31,40.70732,-73.94492,pip
M SHANGHAI,M SHANGHAI,M NOODLE LLC,549 METROPOLITAN AVE,11211,,,0340-21-120897,Restaurant,0340,license,2026-03-02,2026-03-02,2027-12-31,40.71405,-73.95064,pip
MABLE'S SMOKEHOUSE AND BANQUET HALL,MABLE'S SMOKEHOUSE AND BANQUET HALL,MOTHERS SMOKEHOUSE AND BANQUET HALL LLC,44 A BERRY STREET,11211,,,0340-22-102955,Restaurant,0340,license,2025-02-15,2025-01-01,2026-12-31,40.72098,-73.95644,pip
MACOLETTA,MACOLETTA,MACOLETTA II LLC,56 N 9TH ST,11249,,,0340-23-136175,Restaurant,0340,license,2025-01-16,2025-02-01,2027-01-31,40.72132,-73.96039,pip
Macri Park,Macri Park,462 Union Tavern LLC,462 Union Ave,11211,https://www.macripark.com,/liquor/logos/ac3cc0d3c7c7.png,0370-25-116499,Food & Beverage Business,0370,license,2025-07-14,2025-07-14,2027-06-30,40.71429,-73.95167,pip
Mad Radio,Mad Radio,Mad Records NYC Corp,395 Wythe Ave,11249,,,0370-26-138735,Food & Beverage Business,0370,license,2026-03-27,2026-03-27,2028-02-29,40.7112,-73.96653,pip
MAISON PREMIERE,MAISON PREMIERE,MP SYNDICATE 1 LLC,298 BEDFORD AVE,11249,https://maisonpremiere.com/,/liquor/logos/c74743c0800f.png,0370-23-133457,Food & Beverage Business,0370,license,2025-07-31,2025-06-02,2027-05-31,40.7142,-73.96149,pip
MAISON PROVENCE CORP,,MAISON PROVENCE CORP,52 HAVEMEYER ST,11211,https://maisonprovencebk.com/,/liquor/logos/0892187deaa7.png,0240-24-127705,Restaurant,0240,license,2026-07-30,2026-09-01,2028-08-31,40.71479,-73.95456,pip
MALA PROJECT,MALA PROJECT,MALA PROJECT GREENPOINT LLC,603 MANHATTAN AVE,11222,,,0340-23-133027,Restaurant,0340,license,2025-06-10,2025-07-01,2027-06-30,40.72324,-73.95049,pip
Malavita,Malavita,Malavita Worldwide LLC,614 Manhattan Ave,11222,,,0370-26-143883,Food & Beverage Business,0370,license,2026-05-22,2026-05-22,2028-04-30,40.72341,-73.95058,pip
MALOYA LLC,,MALOYA LLC,983 Flushing Ave,11206,,,0340-24-117769,Restaurant,0340,license,2026-05-29,2026-06-01,2028-05-31,40.70294,-73.93331,geoclient
Mama Pho,Mama Pho,Banh Mi Inc,580-582 Grand St,11211,https://www.mamaphobk.com,/liquor/logos/a40fc807bb74.png,0524-26-46373,Temporary retail,0524,temporary,2026-06-17,2026-06-17,2026-12-14,40.71119,-73.94861,pip
Mama Pho,Mama Pho,Banh Mi Inc,580-582 Grand St,11211,https://www.mamaphobk.com,/liquor/logos/a40fc807bb74.png,0524-26-46370,Temporary retail,0524,temporary,2026-06-17,2026-06-17,2026-12-14,40.71119,-73.94861,pip
Mama Pho; Bedford Food Hall; Bedford Gardens,Mama Pho; Bedford Food Hall; Bedford Gardens,BEDFORD MP INC,172 BEDFORD AVE,11249,https://www.mamaphobk.com,/liquor/logos/23301773d45d.png,0240-22-101248,Restaurant,0240,license,2024-10-23,2024-11-01,2026-10-31,40.71809,-73.95743,pip
MAMASUSHI,MAMASUSHI,MAMASUSHI HOOPER LLC,391 Hooper St,11211,,,0340-24-131793,Restaurant,0340,license,2024-10-08,2024-10-08,2026-09-30,40.71049,-73.95189,pip
MANHATTAN AVE LIQUOR,MANHATTAN AVE LIQUOR,CAN LIQUOR STORE INC,64 MANHATTAN AVE,11206,,,0100-23-126161,Liquor Store,0100,license,2026-03-09,2026-05-01,2029-04-30,40.70452,-73.94446,pip
MARCELAS WINE BAR LLC,,MARCELAS WINE BAR LLC,173 MONTROSE AVE,11206,,,0267-23-136006,Food & Beverage Business,0267,license,2025-03-12,2025-04-01,2027-03-31,40.70742,-73.9422,pip
Maria's Pizza & Bistro,Maria's Pizza & Bistro,Little Bedford Pizza Inc,179 Bedford Ave,11211,,,0240-26-135960,Restaurant,0240,license,2026-02-20,2026-02-20,2028-01-31,40.718,-73.95754,pip
Mariscos El Submarino,Mariscos El Submarino,EL SUBMARINO INC,222 FRANKLIN STREET,11222,,,0340-24-107450,Restaurant,0340,license,2026-07-22,2026-07-22,2028-02-29,40.73325,-73.95814,pip
MARKET ON KENT,MARKET ON KENT,URTH MARKET LLC,917 921 MANHATTAN AVE,11222,https://marketonkent.com/,/liquor/logos/9755d0e32412.png,0081-21-111230,Grocery Store,0081,license,2024-06-26,2024-07-01,2027-06-30,40.7308,-73.95432,pip
MASQUERADE,MASQUERADE,MASQUERADE BROOKLYN I LLC,351 BROADWAY,11211,,,0340-22-110240,Restaurant,0340,license,2026-04-30,2026-05-01,2028-04-30,40.70769,-73.9558,pip
MCCARREN NATURAL,MCCARREN NATURAL,MCCARREN NATURAL GROCERY & FOODS CORP,57 NASSAU AVE,11222,,,0081-21-101291,Grocery Store,0081,license,2024-05-14,2024-06-01,2027-05-31,40.72331,-73.95214,pip
MCCARREN PARK HOUSE,MCCARREN PARK HOUSE,MCCARREN PARK HOUSE LLC,855 LORIMER ST,11222,,,0340-22-111053,Restaurant,0340,license,2026-05-08,2026-06-01,2028-05-31,40.72234,-73.95098,pip
MCGUINESS & KENT SERVICE STATION INC,,MCGUINESS & KENT SERVICE STATION INC,256 MCGUINESS BLVD,11222,,,0081-22-128047,Grocery Store,0081,license,2025-10-21,2025-11-01,2028-10-31,40.73098,-73.95145,pip
MCONDO 502,MCONDO 502,ONYSGRAND CORP,502 GRAND ST,11211,,,0340-22-103007,Restaurant,0340,license,2024-10-04,2024-10-04,2026-09-30,40.71098,-73.95093,pip
MEADOWSWEET,MEADOWSWEET,ELLA HOSPITALITY LLC,149 BROADWAY,11211,http://meadowsweetnyc.com/,/liquor/logos/b4ef0c7e7d21.png,0340-22-103470,Restaurant,0340,license,2026-04-20,2026-06-01,2028-05-31,40.71024,-73.96321,pip
MEDUSA,MEDUSA,Medusa Brooklyn LLC,618 GRAND ST,11211,https://medusabarbk.squarespace.com,/liquor/logos/ad686eda8069.png,0340-24-104890,Restaurant,0340,license,2026-01-23,2026-02-01,2028-01-31,40.7113,-73.94746,pip
Meet & Meat Williamsburg Inc.,,Meet & Meat Williamsburg Inc.,361 Graham Ave,11211,,,0340-26-141979,Restaurant,0340,license,2026-05-04,2026-05-04,2028-04-30,40.71542,-73.94453,pip
MERAKI GREEK BISTRO,MERAKI GREEK BISTRO,MERAKI BISTRO BROOKLYN LLC,252 Grand St,11211,,,0340-25-118379,Restaurant,0340,license,2025-08-01,2025-08-01,2027-07-31,40.71348,-73.95881,pip
MESA COYOACAN,MESA COYOACAN,TRES DE MEXICO LLC,372 GRAHAM AVENUE,11211,https://www.mesacoyoacan.com/,/liquor/logos/47844f9c2b6a.png,0340-23-132495,Restaurant,0340,license,2025-09-22,2025-10-01,2027-09-30,40.7155,-73.94455,pip
MET FOOD,MET FOOD,131 DRIGGS SUPERMARKET INC,131 DRIGGS AVENUE,11222,,,0081-22-131201,Grocery Store,0081,license,2025-04-07,2025-05-01,2028-04-30,40.72311,-73.94384,pip
METRO BEER & SMOKE INC,,METRO BEER & SMOKE INC,298 METROPOLITAN AVE,11211,,,0081-22-119926,Grocery Store,0081,license,2025-03-14,2025-04-01,2028-03-31,40.71459,-73.95795,pip
METRO DELI OF NORTHSIDE CORP,,METRO DELI OF NORTHSIDE CORP,78 HAVEMEYER STREET,11211,,,0081-23-120155,Grocery Store,0081,license,2026-04-28,2026-07-01,2029-06-30,40.71416,-73.95522,pip
Metro Fancy Deli 1 Corp,,Metro Fancy Deli 1 Corp,525 Metropolitan Ave,11211,,,0071-26-150330,Grocery Store,0071,license,2026-07-29,2026-07-29,2029-06-30,40.71406,-73.9513,pip
METRO FOODCENTER CORP.,,METRO FOODCENTER CORP.,259 Vandervoort Ave,11211,,,0081-25-117147,Grocery Store,0081,license,2025-07-20,2025-07-20,2028-06-30,40.71458,-73.93354,pip
Metropolitan,Metropolitan,559 Lorimer Tavern LLC,559 Lorimer St,11211,,,0370-25-114679,Food & Beverage Business,0370,license,2025-06-23,2025-06-23,2027-05-31,40.71364,-73.9493,pip
MEXI,MEXI,ESO CAFE LLC,149 N 9TH ST,11249,,,0340-23-138934,Restaurant,0340,license,2025-02-20,2025-03-01,2027-02-28,40.71914,-73.95687,pip
Mexico 2000 Grocery,Mexico 2000 Grocery,Muchachon Deli Grocery Corp,367A Broadway,11211,,,0081-25-104682,Grocery Store,0081,license,2025-03-11,2025-03-11,2028-02-29,40.70747,-73.95514,pip
MEXICO 2000 RESTAURANT,MEXICO 2000 RESTAURANT,COZUMEL MEXICAN RESTAURANT CORP,369 Broadway,11211,,,0340-25-107191,Restaurant,0340,license,2025-04-11,2025-04-11,2027-03-31,40.70744,-73.95505,pip
MIDNIGHTSBK,MIDNIGHTSBK,BIBLIO INC.,149 N 6TH ST,11211,,,0340-23-131845,Restaurant,0340,license,2025-04-23,2025-05-01,2027-04-30,40.71739,-73.95852,pip
Mido Omakase Room,Mido Omakase Room,LAB RESTAURANT INC,221 South 1st St,11211,,,0240-24-128206,Restaurant,0240,license,2026-07-30,2026-09-01,2028-08-31,40.71294,-73.95909,pip
MIDWAY BAR LLC,,MIDWAY BAR LLC,272 GRAND STREET,11211,,,0370-24-139385,Food & Beverage Business,0370,license,2024-12-31,2025-01-01,2026-12-31,40.7132,-73.95807,pip
Mikado,Mikado,Mikado at Greenpoint Inc,931 Manhattan Ave,11222,,,0240-26-143638,Restaurant,0240,license,2026-05-20,2026-05-20,2028-04-30,40.73122,-73.95441,pip
MIKE DELI & GRILL CORP,,MIKE DELI & GRILL CORP,200 GRAHAM AVE,11206,,,0081-20-108214,Grocery Store,0081,license,2023-11-01,2023-11-01,2026-09-30,40.70866,-73.94342,pip
MILK AND ROSES,MILK AND ROSES,PIGRI LLC,1140 MANHATTAN AVE,11222,https://milkandrosesbk.com,/liquor/logos/aac74e1b8fb5.png,0340-22-111476,Restaurant,0340,license,2026-01-07,2026-02-01,2028-01-31,40.73744,-73.95544,pip
"Million Goods, LLC",,"Million Goods, LLC",88 Franklin St,11222,https://million-goods.com/,/liquor/logos/849a46771e3b.png,0267-24-124453,Food & Beverage Business,0267,license,2026-05-27,2026-08-01,2028-07-31,40.72751,-73.95721,pip
MILLYS MINI MARKET,MILLYS MINI MARKET,PAULA LOPEZ,104 S 2ND STREET,11249,,,0071-22-108556,Grocery Store,0071,license,2025-06-05,2025-07-01,2028-06-30,40.71377,-73.96348,pip
MINGSTAR LIQUOR INC,,MINGSTAR LIQUOR INC,598 GRAND ST,11211,,,0100-23-126517,Liquor Store,0100,license,2026-01-06,2026-02-01,2029-01-31,40.71125,-73.94802,pip
Mini Market Manhattan Ave Corp,,Mini Market Manhattan Ave Corp,969 Manhattan Ave,11222,,,0081-25-129068,Grocery Store,0081,license,2025-11-14,2025-11-14,2028-10-31,40.73223,-73.9546,pip
Mini Mart & More Inc,,Mini Mart & More Inc,41 Montrose Ave,11206,,,0081-26-145731,Grocery Store,0081,license,2026-06-09,2026-06-09,2029-05-31,40.70679,-73.9486,pip
MINNOWS,MINNOWS,SAINT ELLIE LLC,167 NASSAU AVE,11222,https://www.minnowsnyc.com,/liquor/logos/5fa29612fd51.png,0340-22-105238,Restaurant,0340,license,2024-10-09,2024-11-01,2026-10-31,40.72527,-73.94624,pip
MISIPASTA,MISIPASTA,MISI DOMINO LLC,325 KENT AVE,11249,,,0340-22-113529,Restaurant,0340,license,2026-07-02,2026-08-01,2028-07-31,40.71361,-73.96727,pip
MISIPASTA,MISIPASTA,MISIPASTA LLC,46 GRAND STREET,11249,https://www.misipasta.com/,/liquor/logos/34572132566e.png,0370-23-136493,Food & Beverage Business,0370,license,2025-07-15,2025-08-01,2027-07-31,40.71601,-73.9655,pip
MITSUKI JAPANESE MARKET INC,,MITSUKI JAPANESE MARKET INC,703 MANHATTAN AVE,11222,,,0081-22-139539,Grocery Store,0081,license,2025-10-22,2025-11-01,2028-10-31,40.72562,-73.95183,pip
MO'S GENERAL,MO'S GENERAL,620 LOR LLC,620 LORIMER ST,11211,,,0340-22-110313,Restaurant,0340,license,2026-04-14,2026-06-01,2028-05-31,40.71561,-73.94962,pip
MOLE MEXICAN BAR & GRILL,MOLE MEXICAN BAR & GRILL,NLAM INC,178 KENT AVENUE,11211,,,0340-22-104424,Restaurant,0340,license,2024-10-30,2024-12-01,2026-11-30,40.71484,-73.95202,pip
Mommy's,Mommy's,Mommy's Bar NYC LLC,323 Graham Ave,11211,,,0340-25-116094,Restaurant,0340,license,2025-07-09,2025-07-09,2027-06-30,40.71398,-73.94429,pip
MOMO SUSHI INC,,MOMO SUSHI INC,43 BOGART STREET UNIT B,11206,momosushishack.com,,0240-23-141594,Restaurant,0240,license,2025-03-04,2025-03-01,2027-02-28,40.70514,-73.93325,pip
MON AMOUR GRILL & DELI INC,,MON AMOUR GRILL & DELI INC,144 WEST ST,11222,,,0081-23-108921,Grocery Store,0081,license,2026-08-05,2026-08-05,2029-07-31,40.73195,-73.95961,pip
MONTESACRO,MONTESACRO,AURORA EAST INC,432 UNION AVE,11211,https://montesacro.com,/liquor/logos/06d4d4513be5.png,0340-23-129870,Restaurant,0340,license,2025-07-21,2025-08-01,2027-07-31,40.71337,-73.95152,pip
MONTROSE & GRAHAM WINE AND SPIRITS,MONTROSE & GRAHAM WINE AND SPIRITS,MONTROSE AND GRAHAM INC,178 GRAHAM AVE,11206,,,0100-22-116155,Liquor Store,0100,license,2025-08-29,2025-09-01,2028-08-31,40.70783,-73.94329,pip
MoonBurger Brooklyn,MoonBurger Brooklyn,Moonrise Williamsburg LLC,126 Bedford Ave,11249,,,0267-25-115262,Food & Beverage Business,0267,license,2025-06-27,2025-06-27,2027-05-31,40.7194,-73.95603,pip
MOONDOG HIFI,MOONDOG HIFI,Oneeleven Hifi LLC,119 Ingraham St,11237,,,0370-25-127299,Food & Beverage Business,0370,license,2025-10-27,2025-10-27,2027-09-30,40.70754,-73.92908,pip
MOTHER'S,MOTHER'S,MIGHTY DIAMOND RESTAURANT CORP,347 GRAHAM AVE,11211,https://mothersbrooklyn.com,/liquor/logos/7afbf82a5369.png,0340-22-114034,Restaurant,0340,license,2026-05-17,2026-07-01,2028-06-30,40.7149,-73.94445,pip
Mother's Seafood & More,Mother's Seafood & More,Graham Avenue Inc.,59 Graham Avenue,11206,,,0340-26-133224,Restaurant,0340,license,2026-01-11,2026-01-11,2027-12-31,40.70358,-73.94258,pip
MOTORINO BROADWAY INC,,MOTORINO BROADWAY INC,139 BROADWAY,11211,https://www.motorinopizza.com/,/liquor/logos/44ae754d45a9.png,0340-21-119378,Restaurant,0340,license,2025-10-30,2025-11-01,2027-10-31,40.71038,-73.96358,pip
MR SUSHI JAPANESE RESTAURANT INC,,MR SUSHI JAPANESE RESTAURANT INC,331 GRAHAM AVE,11211,,,0267-24-131686,Food & Beverage Business,0267,license,2024-10-07,2024-10-07,2026-09-30,40.71426,-73.94434,pip
MR. PLUM,MR. PLUM,WOLVES DONT LIVE BY THE RULES LLC,658 Manhattan Avenue,11222,,,0081-26-140999,Grocery Store,0081,license,2026-04-26,2026-04-26,2029-03-31,40.72451,-73.9512,pip
MUGS ALE HOUSE,MUGS ALE HOUSE,ETA 125 CORP,125 BEDFORD AVE,11211,,,0340-22-105576-01,Additional Bar,0423,license,2026-05-07,2026-05-07,2028-04-30,40.71959,-73.95583,pip
MUGS ALE HOUSE,MUGS ALE HOUSE,ETA 125 CORP,125 BEDFORD AVE,11211,,,0340-22-105576,Restaurant,0340,license,2026-05-07,2026-05-07,2028-04-30,40.71959,-73.95583,pip
MUSASHI ASIAN CUISINE INC,,MUSASHI ASIAN CUISINE INC,495 GRAND ST,11211,,,0240-23-140464,Restaurant,0240,license,2025-05-08,2025-07-01,2027-06-30,40.71093,-73.95139,pip
My Friend Duke,My Friend Duke,Kappa 90 LLC,90 South 4th St,11249,,,0370-26-143411,Food & Beverage Business,0370,license,2026-05-18,2026-05-18,2028-04-30,40.7124,-73.96434,pip
Mya & Brooklyn Coffee & Bakery,Mya & Brooklyn Coffee & Bakery,Mia Brooklyn Inc,46 Roebling St,11211,,,0267-26-139869,Food & Beverage Business,0267,license,2026-04-13,2026-04-13,2028-03-31,40.71754,-73.9538,pip
MYMOON,MYMOON,MYMOON CORP,184 96 NORTH 10TH STREET,11211,,,0370-23-131388,Food & Beverage Business,0370,license,2025-03-18,2025-04-01,2027-03-31,40.71894,-73.95507,pip
N/A,N/A,Bread & Butter Market 505 LLC,505 Grand St,11211,,,0081-25-110743,Grocery Store,0081,license,2025-05-19,2025-05-19,2028-04-30,40.71098,-73.95088,pip
NAKED DOG,NAKED DOG,RIVERWALK MANAGEMENT INC,47 JAVA ST,11222,,,0340-23-139386,Restaurant,0340,license,2026-05-27,2025-09-01,2027-08-31,40.73114,-73.95932,pip
NAMDO. INC.,,NAMDO. INC.,639 Driggs Ave,11211,,,0240-26-140200,Restaurant,0240,license,2026-04-16,2026-04-16,2028-03-31,40.71508,-73.95854,pip
NAMI NORI,NAMI NORI,LPH TWO LLC,236 N 12th St,11211,,,0340-24-129313,Restaurant,0340,license,2025-07-24,2025-08-01,2027-07-31,40.71933,-73.95273,pip
NAN XIANG EXPRESS SOUP DUMPLINGS,NAN XIANG EXPRESS SOUP DUMPLINGS,KIM & HUA HOLDING LLC,167 Grand St,11249,https://nanxiangexpress.com,/liquor/logos/815d62706ccd.png,0240-24-114754,Restaurant,0240,license,2026-04-28,2026-05-01,2028-04-30,40.71458,-73.96149,pip
Nassau Finest Deli Corp.,,Nassau Finest Deli Corp.,183 Nassau Ave,11222,,,0081-25-130906,Grocery Store,0081,license,2025-12-04,2025-12-04,2028-11-30,40.72538,-73.94587,pip
Naxos,Naxos,Carneval on Driggs Corp,470 Driggs Ave,11211,,,0340-25-127559,Restaurant,0340,license,2025-10-29,2025-10-29,2027-09-30,40.71887,-73.95448,pip
NEALTICAN DELI GROCERY CORP.,,NEALTICAN DELI GROCERY CORP.,1225 FLUSHING AVE,11237,,,0240-21-122440,Restaurant,0240,license,2025-11-14,2025-12-01,2027-11-30,40.70792,-73.92357,geoclient
Nerina,Nerina,Koureli Brooklyn LLC,35 Commercial St Unit 2,11222,,,0340-25-113133,Restaurant,0340,license,2025-06-09,2025-06-09,2027-05-31,40.73657,-73.95796,pip
NEW APOLO RESTAURANT,NEW APOLO RESTAURANT,NEW MON SANG REST CORP,508 GRAND ST,11211,,,0340-22-103491,Restaurant,0340,license,2026-06-16,2026-09-01,2028-08-31,40.71099,-73.95079,pip
NEW CHRISTINAS POLISH REST CORP,,NEW CHRISTINAS POLISH REST CORP,853 MANHATTAN AVE,11222,,,0240-24-118142,Restaurant,0240,license,2026-06-04,2026-06-01,2028-05-31,40.72914,-73.95379,pip
NEW ESQUINA DEL SABOR,NEW ESQUINA DEL SABOR,NEW ESQUINA DEL SABOR CORP,572 GRAND ST,11211,,,0340-22-113248,Restaurant,0340,license,2026-05-28,2026-06-01,2028-05-31,40.71115,-73.94901,pip
NEW FINE WINES & SPIRITS INC,,NEW FINE WINES & SPIRITS INC,298 METROPOLITAN AVE,11211,,,0100-21-113895,Liquor Store,0100,license,2024-11-06,2024-12-01,2027-11-30,40.71459,-73.95795,pip
NEW GREEN APPLE GOURMET CORP,,NEW GREEN APPLE GOURMET CORP,375 GRAHAM AVE,11211,,,0081-21-100428,Grocery Store,0081,license,2024-11-25,2024-12-01,2027-11-30,40.71583,-73.9446,pip
NEW MEXICO PLACE,NEW MEXICO PLACE,GRAHAM UNITED CORP,189 GRAHAM AVE,11206,,,0240-23-141358,Restaurant,0240,license,2025-09-07,2025-08-25,2027-07-31,40.70852,-73.9434,pip
NEW YORK DELI OF WILLIAMSBURG CORP,,NEW YORK DELI OF WILLIAMSBURG CORP,82 84 HAVEMEYER STREET,11211,,,0081-22-131597,Grocery Store,0081,license,2025-08-06,2025-09-01,2028-08-31,40.71383,-73.95612,pip
NEW YORK DISTILLING,NEW YORK DISTILLING,NEW YORK DISTILLING COMPANY LLC,573 JOHNSON AVE,11222,,,CM-23-00021,Combined Craft Status,CM,license,2023-05-01,2025-08-01,2028-07-31,40.70902,-73.92446,pip
NEW YORK DISTILLING,NEW YORK DISTILLING,NEW YORK DISTILLING COMPANY LLC,573 JOHNSON AVE,11222,,,0052-23-124059,Distiller Class A-1 (Micro-distiller),0052,license,2026-05-05,2025-08-01,2028-07-31,40.70902,-73.92446,pip
NEW YORK DISTILLING,NEW YORK DISTILLING,NEW YORK DISTILLING COMPANY LLC,573 JOHNSON AVE,11222,,,0056-23-102288,Distiller Class D (Farm Distiller),0056,license,2025-07-25,2025-08-01,2028-07-31,40.70902,-73.92446,pip
NEW YORK DISTILLING,NEW YORK DISTILLING,NEW YORK DISTILLING COMPANY LLC,573 JOHNSON AVE,11222,,,0370-23-132453,Food & Beverage Business,0370,license,2025-10-27,2025-11-01,2027-10-31,40.70902,-73.92446,pip
NEW Z & J WINE & LIQUOR,NEW Z & J WINE & LIQUOR,ISLEWORTH MANAGEMENT LLC,761 MANHATTAN AVE,11222,,,0100-22-116304,Liquor Store,0100,license,2025-05-06,2025-07-01,2028-06-30,40.7269,-73.95256,pip
NEWTOWN,NEWTOWN,NEWTOWN BK LLC,55 WATERBURY ST,11206,https://newtownbk.com/,/liquor/logos/4145d8740d83.png,0240-22-101701,Restaurant,0240,license,2026-07-10,2026-08-01,2028-07-31,40.70911,-73.93705,pip
NIGHTS OF JOY,NIGHTS OF JOY,DAYS OF JOY INC.,667 675 677 LORIMER ST,11211,https://nightofjoybar.com,/liquor/logos/6310e96d6375.png,0423-22-113904,Additional Bar,0423,license,2026-04-29,2026-05-01,2028-04-30,40.71716,-73.94988,pip
NIGHTS OF JOY,NIGHTS OF JOY,DAYS OF JOY INC.,667 675 677 LORIMER ST,11211,https://nightofjoybar.com,/liquor/logos/6310e96d6375.png,0340-22-106020,Restaurant,0340,license,2026-04-29,2026-05-01,2028-04-30,40.71716,-73.94988,pip
NIGHTSHADE,NIGHTSHADE,MALYNSTOSS LLC,451 MEEKER AVE,11222,,,0370-23-159609,Food & Beverage Business,0370,license,2025-10-14,2025-11-01,2027-10-31,40.71945,-73.94567,pip
NITEHAWK CINEMA,NITEHAWK CINEMA,NITEHAWK BROOKLYN LLC,136 METROPOLITAN AVE,11211,https://nitehawkcinema.com/williamsburg/,/liquor/logos/0cb760f9b884.svg,0423-21-120425,Additional Bar,0423,license,2025-05-14,2025-06-01,2027-05-31,40.71619,-73.96238,pip
NITEHAWK CINEMA,NITEHAWK CINEMA,NITEHAWK BROOKLYN LLC,136 METROPOLITAN AVE,11211,https://nitehawkcinema.com/williamsburg/,/liquor/logos/0cb760f9b884.svg,0340-23-137230,Restaurant,0340,license,2025-05-14,2025-06-01,2027-05-31,40.71619,-73.96238,pip
NLC WINES,NLC WINES,LUNA WINES LLC,649 MORGAN AVE SUITE 4 E 8,11222,,,0007-22-126679,Wholesale Wine,0007,license,2025-03-12,2025-03-12,2028-02-29,40.72654,-73.93989,pip
NOBARS LLC,,NOBARS LLC,23 GREENPOINT AVE,11222,,,0340-23-130529,Restaurant,0340,license,2025-01-31,2025-02-01,2027-01-31,40.72966,-73.95983,pip
NORA THAI,NORA THAI,PLOYPERM CORP,176 N 9TH ST,11211,,,0340-22-108523,Restaurant,0340,license,2026-01-23,2026-02-01,2028-01-31,40.71871,-73.95617,pip
NORMAN CONVENIENCE & SMOKE SHOP,NORMAN CONVENIENCE & SMOKE SHOP,SHREE HARI ONE LLC,171 NORMAN AVE,11222,,,0081-23-102100,Grocery Store,0081,license,2026-04-22,2026-05-01,2029-04-30,40.72684,-73.94742,pip
NORTHERN BELL,NORTHERN BELL,MEDIA 5 CO LLC,612 METROPOLITAN AVE,11211,http://www.northernbellny.com/,/liquor/logos/ea79e9cb4e2b.png,0340-22-113379,Restaurant,0340,license,2026-04-24,2026-05-01,2028-04-30,40.71411,-73.94858,pip
NORWINDS,NORWINDS,FMW LLC,1041 Flushing Ave,11237,https://www.norwindsbk.com,/liquor/logos/3361283abe04.png,0370-24-125493,Food & Beverage Business,0370,license,2026-07-22,2026-08-01,2028-07-31,40.70399,-73.93061,geoclient
NORWINDS INC,,NORWINDS INC,1043 FLUSHING AVE,11237,https://www.norwindsbk.com,/liquor/logos/d8c726527a98.png,0340-21-119632,Restaurant,0340,license,2025-12-19,2026-01-01,2027-12-31,40.70404,-73.93048,geoclient
Nozomi NYC Inc,,Nozomi NYC Inc,130 Grand St,11249,,,0240-25-105070,Restaurant,0240,license,2025-03-17,2025-03-17,2027-02-28,40.71498,-73.96249,pip
NY Axe,NY Axe,NY Axe Williamsburg LLC,98 N 11th St,11249,,,0370-24-127935,Food & Beverage Business,0370,license,2026-07-28,2026-09-01,2028-08-31,40.72137,-73.95751,pip
NY GREEN CONVENIENCE CORP,,NY GREEN CONVENIENCE CORP,535 GRAHAM AVE,11222,,,0081-24-102751,Grocery Store,0081,license,2024-02-05,2024-02-05,2027-01-31,40.72162,-73.94703,pip
NY Ukranian Sports Club,NY Ukranian Sports Club,"Ukrainian American Soccer Assn., Inc.",663 Manhattan Ave,11222,,,0349-26-140590,Club,0349,license,2026-04-21,2026-04-21,2028-03-31,40.72465,-73.95128,pip
Nyla Cafe,Nyla Cafe,Nyla Cafe LLC,362 Hewes St,11211,,,0267-26-137752,Food & Beverage Business,0267,license,2026-03-17,2026-03-17,2028-02-29,40.70764,-73.95179,pip
O H S MINI MARKET,O H S MINI MARKET,OMAR SALEH ALJALAL,227 NASSAU AVENUE,11222,,,0081-22-136806,Grocery Store,0081,license,2024-03-11,2024-04-01,2027-03-31,40.72573,-73.94327,pip
OAK & IRON,OAK & IRON,JOMYGA ENTERPRISES LLC,147 FRANKLIN ST,11211,,,0370-21-119080,Food & Beverage Business,0370,license,2025-12-01,2025-12-01,2027-11-30,40.73149,-73.95786,pip
Oberon,Oberon,MurrayWalsh LLC,196 N 10th St,11211,,,0370-25-124142,Food & Beverage Business,0370,license,2025-09-26,2025-09-26,2027-08-31,40.7188,-73.95485,pip
ODDFELLOWS ICE CREAM CO,ODDFELLOWS ICE CREAM CO,ODDFELLOWS DOMINO LLC,266 KENT AVE,11249,,,0267-23-138635,Food & Beverage Business,0267,license,2025-05-04,2025-05-01,2027-04-30,40.71589,-73.96625,pip
OFFICINE ANTICA PESA NY LLC,,OFFICINE ANTICA PESA NY LLC,115 BERRY ST,11249,https://www.anticapesa.com/antica-pesa-newyork/,/liquor/logos/b94f1c8cea6c.png,0340-22-103571,Restaurant,0340,license,2024-09-05,2024-10-01,2026-09-30,40.71889,-73.95872,pip
OH BOY & BECK AND CALL,OH BOY & BECK AND CALL,OB HOSPITALITY INC,84 HAVEMEYER ST,11211,,,0340-23-138076,Restaurant,0340,license,2025-09-26,2025-10-01,2027-09-30,40.71383,-73.95612,pip
OH DUMPLINGS OF GREENPOINT INC,,OH DUMPLINGS OF GREENPOINT INC,56 INDIA ST,11222,,,0240-24-129147,Restaurant,0240,license,2026-08-12,2026-09-01,2028-08-31,40.73195,-73.95833,pip
Oh Mercy,Oh Mercy,Oh Mercy LLC,128 Franklin St,11222,,,0267-25-103834,Food & Beverage Business,0267,license,2025-02-28,2025-02-28,2027-01-31,40.72928,-73.9575,pip
"Okonomi, Yuji Ramen","Okonomi, Yuji Ramen",Okonomi Brooklyn LLC,150 Ainslie St,11211,,,0240-24-139565,Restaurant,0240,license,2024-12-19,2024-12-19,2026-11-30,40.71264,-73.94877,pip
OMAKASE SHOTA LLC,,OMAKASE SHOTA LLC,50 S 3RD ST,11249,,,0370-25-111651,Food & Beverage Business,0370,license,2025-05-28,2025-05-28,2027-04-30,40.71361,-73.96595,pip
ON TRACK BAR,ON TRACK BAR,CAJUN PROJECT LLC,141 BROADWAY,11211,,,0340-23-134738,Restaurant,0340,license,2025-01-31,2025-02-01,2027-01-31,40.71035,-73.96351,pip
ONTARIO BAR LLC,,ONTARIO BAR LLC,559 GRAND ST,11211,,,0370-23-133748,Food & Beverage Business,0370,license,2025-09-05,2025-09-05,2027-08-31,40.71113,-73.9492,pip
ORANGE TREE ORGANIC MARKET CORP,,ORANGE TREE ORGANIC MARKET CORP,121 GRAHAM AVE,11206,,,0081-22-127957,Grocery Store,0081,license,2026-01-06,2026-01-06,2028-12-31,40.706,-73.943,pip
ORE BAR,ORE BAR,OREPHANS INC,277 GRAHAM AVE,11211,,,0370-23-130084,Food & Beverage Business,0370,license,2025-06-20,2025-08-01,2027-07-31,40.71199,-73.94397,pip
OREGANO,OREGANO,OREGANO LLC,102 BERRY ST,11249,,,0340-23-138062,Restaurant,0340,license,2025-06-24,2025-07-01,2027-06-30,40.71898,-73.95862,pip
ORGANIC DELI AND GROCERY CORPORATION,,ORGANIC DELI AND GROCERY CORPORATION,1018 MANHATTAN AVE,11222,,,0081-20-109814,Grocery Store,0081,license,2024-05-15,2024-05-15,2026-11-30,40.73363,-73.95482,pip
ORGANIC PLANET DRIGGS CORP,,ORGANIC PLANET DRIGGS CORP,205 N 9TH ST,11211,,,0081-23-102579,Grocery Store,0081,license,2023-09-26,2023-11-01,2026-10-31,40.71789,-73.95486,pip
"Original Music Workshop, Inc., Cosmico, LLC as Mgr & Balance Brookyln LLC as Mgr",,"Original Music Workshop, Inc., Cosmico, LLC as Mgr & Balance Brookyln LLC as Mgr",80 N 6TH ST,11249,,,0423-23-131109,Additional Bar,0423,license,2025-08-26,2025-09-01,2027-08-31,40.71906,-73.9612,pip
OTHER HALF DOMINO PARK,OTHER HALF DOMINO PARK,OHB KENT LLC,266 KENT AVE,11249,,,CM-20-00013,Combined Craft Status,CM,license,2020-11-04,2024-05-03,2026-10-31,40.71589,-73.96625,pip
OTHER HALF DOMINO PARK,OTHER HALF DOMINO PARK,OHB KENT LLC,266 KENT AVE,11249,,,0015-20-107085,Farm Brewer,0015,license,2024-05-03,2024-05-03,2026-10-31,40.71589,-73.96625,pip
OTHER HALF DOMINO PARK,OTHER HALF DOMINO PARK,OHB KENT LLC,266 KENT AVE,11249,,,0370-24-133075,Food & Beverage Business,0370,license,2024-10-24,2024-11-01,2026-10-31,40.71589,-73.96625,pip
OTHER HALF DOMINO PARK,OTHER HALF DOMINO PARK,OHB KENT LLC,266 KENT AVE,11249,,,0014-20-103495,Micro-Brewer,0014,license,2024-05-03,2024-05-03,2026-10-31,40.71589,-73.96625,pip
OTIS,OTIS,4TH FLOOR PROJECT LLC,18 HARRISON PL,11206,https://otisbk.com/,/liquor/logos/d26c8e60aa24.png,0340-22-105423,Restaurant,0340,license,2025-12-24,2026-02-01,2028-01-31,40.70622,-73.93265,pip
OXOMOCO,OXOMOCO,CUP OF NACHOS LLC,128 GREENPOINT AVE,11222,,,0340-22-115606,Restaurant,0340,license,2026-04-09,2026-05-01,2028-04-30,40.73007,-73.9555,pip
P & P CANDY STORE,P & P CANDY STORE,P & P CANDY STORE INC,790 MANHATTAN AVE,11222,,,0081-21-110180,Grocery Store,0081,license,2024-02-27,2024-03-01,2027-02-28,40.72759,-73.95297,pip
Padel Haus,Padel Haus,PADEL HAUS WILLIAMSBURG LLC,307 Kent Ave,11249,https://www.padel.haus/,/liquor/logos/880ba605d462.png,0267-26-137214,Food & Beverage Business,0267,license,2026-03-10,2026-03-10,2028-02-29,40.71404,-73.96707,pip
Padel Haus,Padel Haus,"Padel Haus Greenpoint, LLC",12 Berry St,11249,,,0370-26-142572,Food & Beverage Business,0370,license,2026-05-08,2026-05-08,2028-04-30,40.72208,-73.95528,pip
PAINTING LOUNGE LLC,,PAINTING LOUNGE LLC,309 ROEBLING ST,11211,,,0423-21-119694,Additional Bar,0423,license,2025-11-13,2025-11-13,2027-10-31,40.70879,-73.96093,pip
PAINTING LOUNGE LLC,,PAINTING LOUNGE LLC,309 ROEBLING ST,11211,,,0267-21-119693,Food & Beverage Business,0267,license,2025-10-23,2025-11-01,2027-10-31,40.70879,-73.96093,pip
PALENQUE,PALENQUE,PALENQUE HOME MADE COLOMBIAN FOOD INC,298 GRAHAM AVE,11211,,,0340-23-128553,Restaurant,0340,license,2025-01-07,2025-02-01,2027-01-31,40.71264,-73.94408,pip
Pan Pan Vino Vino,Pan Pan Vino Vino,Norman Bakery LLC,120 Norman Ave,11222,https://www.panpanvinovinobk.com/,,0267-25-104317,Food & Beverage Business,0267,license,2025-03-06,2025-03-06,2027-02-28,40.72603,-73.94989,pip
"Parkish, LLC",,"Parkish, LLC",225 Roebling St Unit C,11211,,,0267-26-139725,Food & Beverage Business,0267,license,2026-04-09,2026-04-09,2028-03-31,40.71172,-73.95933,pip
PARLOUR WINE AND SPIRITS,PARLOUR WINE AND SPIRITS,NEON SKY LLC,128 NASSAU AVE,11222,,,0100-21-114949,Liquor Store,0100,license,2024-11-27,2025-01-01,2027-12-31,40.72454,-73.94844,pip
PATISSERIE TOMOKO,PATISSERIE TOMOKO,OKAMOTO HOLDINGS LLC,568 UNION AVE,11211,https://patisserietomoko.com/,/liquor/logos/2311de795d2d.png,0267-23-135075,Food & Beverage Business,0267,license,2025-10-01,2025-11-01,2027-10-31,40.71774,-73.952,pip
PATRIZIA PIZZA & PASTA,PATRIZIA PIZZA & PASTA,"FAMILY GROUP ENTERPRISES, INC.",35 BROADWAY,11211,,,0240-23-140829,Restaurant,0240,license,2025-05-31,2025-06-01,2027-05-31,40.71069,-73.96738,pip
Paulie Gee's,Paulie Gee's,Pieintheskybrooklyn LLC,60 Greenpoint Ave,11222,,,0340-24-126532,Restaurant,0340,license,2026-05-21,2026-08-01,2028-07-31,40.72978,-73.95861,pip
PAULIE GEE'S SLICE JOINT,PAULIE GEE'S SLICE JOINT,PAULIE GEE'S NY SLICE LLC,110 FRANKLIN ST,11222,https://pauliegee.com/restaurant/paulie-gees-slice-shop/,/liquor/logos/107dc82d18ca.svg,0240-22-100363,Restaurant,0240,license,2026-07-17,2026-08-01,2028-07-31,40.72835,-73.95735,pip
PECORARO LATTERIA,PECORARO LATTERIA,PECORARO DAIRY LLC,636 METROPOLITAN AVE,11211,https://pecoraronyc.com,,0340-23-137877,Restaurant,0340,license,2025-03-24,2025-04-01,2027-03-31,40.71419,-73.94786,pip
Peek In Cafe,Peek In Cafe,Peek In NYC Inc,80 Franklin St,11222,,,0240-26-151753,Restaurant,0240,license,2026-08-17,2026-08-17,2028-07-31,40.72733,-73.95719,pip
Peek Inn,Peek Inn,END OF THE WORLD NY LLC,38 Driggs Ave,11222,,,0370-26-148698,Food & Beverage Business,0370,license,2026-07-15,2026-07-15,2028-06-30,40.72343,-73.94044,pip
Penny Williamsburg,Penny Williamsburg,"292 N8 OWNER LLC & Real Hospitality Group, LLC",292 N 8th St,11211,,,0243-23-164897,Hotel,0243,license,2025-11-28,2025-12-01,2027-11-30,40.71562,-73.9527,pip
PETE'S CANDY STORE,PETE'S CANDY STORE,"709 LORIMER ST REST CORP, THE",709 LORIMER STREET,11211,https://www.petescandystore.com,,0370-23-159821,Food & Beverage Business,0370,license,2025-10-24,2025-11-01,2027-10-31,40.71811,-73.95004,pip
PETER LUGER INC,,PETER LUGER INC,176 178 BROADWAY,11211,https://peterluger.com/,/liquor/logos/2126a505e742.png,0340-23-127034,Restaurant,0340,license,2025-10-30,2025-03-01,2027-02-28,40.71002,-73.96258,pip
Pheasant,Pheasant,"Arca Ventures, Inc.",57 Driggs Ave,11222,,,0101-24-125591,Off Premises Caterer Establishment,0101,license,2024-08-21,2024-08-21,2027-07-31,40.72337,-73.9411,pip
Phil's Place,Phil's Place,WAYNES WORLD BAR LIMITED LIABILITY COMPANY,524 Graham Ave,11222,,,0370-26-146269,Food & Beverage Business,0370,license,2026-06-16,2026-06-16,2028-05-31,40.7209,-73.94659,pip
PHILOMENA'S,PHILOMENA'S,NILE PETERSON INDUSTRIES INC,790 GRAND ST,11211,,,0370-23-137258,Food & Beverage Business,0370,license,2025-08-06,2025-08-06,2027-07-31,40.71184,-73.94162,pip
PIER WINES CORP,,PIER WINES CORP,164 KENT AVE,11249,https://www.pierwines.com,/liquor/logos/3df7c56a19fa.png,0100-21-113586,Liquor Store,0100,license,2024-09-06,2024-10-01,2027-09-30,40.71905,-73.96306,pip
PIEROZEK,PIEROZEK,AUTHENTIC PIEROGI INC,592 MANHATTAN AVE,11222,https://www.pierozekbrooklyn.com/,/liquor/logos/de6deb868562.png,0340-21-121540,Restaurant,0340,license,2025-11-04,2025-12-01,2027-11-30,40.72297,-73.95034,pip
PIES 'N' THIGHS,PIES 'N' THIGHS,TRIBICHA INC,166 S 4TH ST,11211,,,0340-22-108398,Restaurant,0340,license,2026-07-16,2026-09-01,2028-08-31,40.71129,-73.9613,pip
PINE BOX ROCK SHOP,PINE BOX ROCK SHOP,"THE GUILD OF LIQUIDUS INTENT, LLC",12 GRATTAN STREET,11206,https://www.pineboxrockshop.com/,/liquor/logos/ef3aa5087187.png,0370-24-130242,Food & Beverage Business,0370,license,2024-09-30,2024-10-01,2026-09-30,40.7055,-73.93273,pip
PINKERTON WINE BAR LLC,,PINKERTON WINE BAR LLC,263 N 6TH ST STORE NO 1 WITH P,11211,,,0240-22-101899,Restaurant,0240,license,2024-12-30,2025-01-01,2026-12-31,40.71481,-73.95435,pip
PINKFROG CAFE,PINKFROG CAFE,PINKFROG LLC,221 N 9 ST,11211,https://pinkfrogcafe.com/,/liquor/logos/f678ba5a838c.png,0240-23-139886,Restaurant,0240,license,2025-03-13,2025-04-01,2027-03-31,40.71767,-73.95451,pip
PIZZETTE LLC,,PIZZETTE LLC,191 GRAHAM AVE,11206,,,0340-23-136701,Restaurant,0340,license,2025-04-17,2025-05-01,2027-04-30,40.70859,-73.94341,pip
Please Tell Me,Please Tell Me,PLEASE TELL ME LLC,749 METROPOLITAN AVE,11211,,,0370-24-114632,Food & Beverage Business,0370,license,2026-04-14,2026-05-01,2028-04-30,40.71457,-73.94395,pip
Plus De Vin,Plus De Vin,Sa Empty Plate LLC,445 Graham Ave,11211,,,0370-25-100249,Food & Beverage Business,0370,license,2025-01-06,2025-01-06,2026-12-31,40.71852,-73.94504,pip
PM Spirits Distributing Corp.,,PM Spirits Distributing Corp.,515 Johnson Ave,11237,,,0002-26-133095,Wholesale Beer,0002,license,2026-01-08,2026-01-08,2026-12-31,40.70867,-73.9266,pip
PM Spirits Distributing Corp.,,PM Spirits Distributing Corp.,515 Johnson Ave,11237,,,0009-22-117097,Wholesale Liquor,0009,license,2026-01-08,2026-01-08,2028-12-31,40.70867,-73.9266,pip
POKITO,POKITO,WOODFOOT LLC,155 S 4TH ST,11211,,,0340-23-135339,Restaurant,0340,license,2025-05-08,2025-05-01,2027-04-30,40.71152,-73.96191,pip
POLISH AND SLAVIC CENTER INC,,POLISH AND SLAVIC CENTER INC,177 KENT ST,11222,,,0249-24-124458,Club,0249,license,2026-06-30,2026-08-01,2028-07-31,40.73097,-73.95354,pip
POLONIA DEMOCRATIC CLUB INC,,POLONIA DEMOCRATIC CLUB INC,140 GRAND ST,11249,,,0349-23-124913,Club,0349,license,2025-02-27,2025-03-01,2027-02-28,40.71491,-73.96231,pip
POLYGON BROOKLYN,POLYGON BROOKLYN,STUDIO 299 LLC,299 VANDERVOORT AVE,11211,,,0340-23-139477,Restaurant,0340,license,2025-09-05,2025-09-05,2027-08-31,40.71547,-73.93392,pip
POST NO BILLS,POST NO BILLS,POST NO BILLS LLC,253 BUSHWICK AVE,11206,,,0370-24-104411,Food & Beverage Business,0370,license,2026-03-19,2026-03-19,2028-02-29,40.70724,-73.93977,pip
PREMIER ORGANIC CORP,,PREMIER ORGANIC CORP,111 FRANKLIN STREET,11222,,,0071-24-121684,Grocery Store,0071,license,2024-07-17,2024-07-17,2027-06-30,40.72977,-73.95757,pip
PRINCESS MANOR,PRINCESS MANOR,92 NASSAU ENTERPRISES LTD,92 NASSAU AVENUE,11222,https://www.princessmanor.com/,,0346-22-118250,Catering Establishment,0346,license,2024-11-07,2024-12-01,2026-11-30,40.72395,-73.95019,pip
Pro shop,Pro shop,Brooklyn Pro Shop LLC,632 Manhattan Ave,11222,,,0340-26-151073,Restaurant,0340,license,2026-08-10,2026-08-10,2028-07-31,40.72394,-73.95088,pip
PROPAGANDA,PROPAGANDA,NOLA BROOKLYN LLC,360 BEDFORD AVE,11249,,,0370-24-135646,Food & Beverage Business,0370,license,2024-11-15,2024-12-01,2026-11-30,40.71204,-73.96285,pip
Psaraki,Psaraki,View Hospitality LLC,420 Kent Ave,11249,,,0340-24-140213,Restaurant,0340,license,2024-12-28,2024-12-28,2026-11-30,40.70967,-73.96852,pip
PUEBLO QUERIDO COFFEE,PUEBLO QUERIDO COFFEE,PQCOFFEE ROASTERS LLC,696 698 MANHATTAN AVE,11222,,,0267-23-135963,Food & Beverage Business,0267,license,2025-05-03,2025-05-03,2027-04-30,40.72534,-73.95167,pip
Puertas Dining Group LLC,,Puertas Dining Group LLC,270 S 5th St,11211,,,0340-26-139072,Restaurant,0340,license,2026-04-01,2026-04-01,2028-03-31,40.70941,-73.95848,pip
PULASKI SERVICE STATION,PULASKI SERVICE STATION,MJB SERVICE STATION INC,321 MCGUINNESS BLVD,11222,,,0081-21-110493,Grocery Store,0081,license,2024-03-04,2024-04-01,2027-03-31,40.73349,-73.95222,pip
PUMPS EXOTIC DANCING,PUMPS EXOTIC DANCING,T C K MANAGEMENT INC,1089 GRAND STREET,11211,,,0370-24-123524,Food & Beverage Business,0370,license,2026-08-18,2026-09-01,2028-08-31,40.71395,-73.93261,pip
QUICK SHOP,QUICK SHOP,JJ.KANG ENTERPRISE INC,1188 METROPOLITAN AVE,11237,,,0081-21-100695,Grocery Store,0081,license,2024-04-04,2024-04-04,2027-03-31,40.7143,-73.92959,pip
QUISQUEYA GROCERY,QUISQUEYA GROCERY,YESENIA A RODRIGUEZ & MARCO A TAVAREZ RAMIREZ,120 GRATTAN ST,11237,,,0071-22-106959,Grocery Store,0071,license,2024-08-18,2024-10-01,2027-09-30,40.70621,-73.9282,pip
RACHELS GARDEN,RACHELS GARDEN,ECKFORD-NASSAU FRUIT INC,116 NASSAU AVE,11222,,,0081-21-101602,Grocery Store,0081,license,2024-12-30,2024-12-30,2027-11-30,40.72437,-73.94896,pip
RADEGAST HALL AND BIERGARTEN,RADEGAST HALL AND BIERGARTEN,RADEGAST HALL LLC,113 115 N 3RD AKA 186 BERRY ST,11211,,,0340-23-134850,Restaurant,0340,license,2025-10-01,2025-11-01,2027-10-31,40.71171,-73.96038,pip
RADIO STAR,RADIO STAR,RADIO GAGA LLC,13 GREENPOINT AVE,11222,https://www.theradiostar.com,/liquor/logos/ed1dec60d773.png,0340-23-161325,Restaurant,0340,license,2025-10-21,2025-11-01,2027-10-31,40.72963,-73.9602,pip
RAIZES,RAIZES,LPO REALTY INC,139 NASSAU AVE,11222,,,0340-23-137334,Restaurant,0340,license,2025-04-30,2025-05-01,2027-04-30,40.7247,-73.94795,pip
RAMEN SPOT INC,,RAMEN SPOT INC,760 MANHATTAN AVE,11222,,,0240-22-101408,Restaurant,0240,license,2026-04-20,2026-05-01,2028-04-30,40.72681,-73.95251,pip
RASHBI WINES CORP,,RASHBI WINES CORP,649 MORGAN AVE,11222,,,0007-21-113024,Wholesale Wine,0007,license,2024-07-03,2024-07-03,2027-05-31,40.72654,-73.93989,pip
RATTAN PETROLEUM 2 INC,,RATTAN PETROLEUM 2 INC,677 KENT AVE,11249,,,0081-22-134604,Grocery Store,0081,license,2025-06-11,2025-08-01,2028-07-31,40.70074,-73.96266,geoclient
RAVEN IMPORT COMPANY,RAVEN IMPORT COMPANY,RAVEN BRANDS INC,78 GREENPOINT AVE,11222,,,0001-23-140609,Wholesale Beer (Retail),0001,license,2026-05-29,2026-07-01,2027-06-30,40.72985,-73.95781,pip
Recess Grove,Recess Grove,PRONTO CELLARS LLC,327 Grand St,11211,https://www.recessgrove.com/,/liquor/logos/203f5dccd3bd.png,0267-25-115418,Food & Beverage Business,0267,license,2025-06-30,2025-06-30,2027-05-31,40.7126,-73.9564,pip
RECETTE NYC,RECETTE NYC,MMI 2020 LLC,103 HAVEMEYER ST,11211,,,0340-23-128201,Restaurant,0340,license,2026-06-25,2025-08-01,2027-07-31,40.71327,-73.95646,pip
RECLAMATION BAR,RECLAMATION BAR,BD & M BAR ONE LLC,817 METROPOLITAN AVE,11211,https://www.reclamationbar.com,/liquor/logos/74a0f4e65885.png,0370-23-137838,Food & Beverage Business,0370,license,2025-10-10,2025-10-10,2027-09-30,40.71472,-73.94159,pip
"RED PAVILION LLC, THE",,"RED PAVILION LLC, THE",1241 FLUSHING AVE,11327,,,0370-23-128597,Food & Beverage Business,0370,license,2025-02-26,2025-03-01,2027-02-28,40.70813,-73.92334,geoclient
RED ROVER,RED ROVER,RED ROVER BK LLC,928 MANHATTAN AVE,11222,,,0370-24-101456,Food & Beverage Business,0370,license,2025-12-15,2026-01-01,2027-12-31,40.73108,-73.95438,pip
RED WHITE & GREEN WINES,RED WHITE & GREEN WINES,ALEXANDER WINES INC,132 KENT AVE,11249,,,0100-22-116631,Liquor Store,0100,license,2026-08-29,2025-08-01,2028-07-31,40.72014,-73.96189,pip
REDD'S TAVERN INC,,REDD'S TAVERN INC,511 GRAND STREET,11211,https://reddsbrooklyn.com,/liquor/logos/eab8b322c765.png,0370-24-133367,Food & Beverage Business,0370,license,2024-11-16,2024-11-01,2026-10-31,40.711,-73.95066,pip
Refuge,Refuge,"Atium, LLC",55 Meadow Street,11206,,,0370-25-122550-01,Additional Bar,0423,license,2025-09-11,2025-09-11,2027-08-31,40.71103,-73.93503,pip
Refuge,Refuge,"Atium, LLC",55 Meadow Street,11206,,,0370-25-122550,Food & Beverage Business,0370,license,2025-09-11,2025-09-11,2027-08-31,40.71103,-73.93503,pip
Ren Brooklyn,Ren Brooklyn,JINLI BK LLC,623 Grand St,11211,,,0240-26-134145,Restaurant,0240,license,2026-01-23,2026-01-23,2027-12-31,40.71134,-73.94709,pip
REPUBLIC LATIN FUSION,REPUBLIC LATIN FUSION,REPUBLIC BAR & LOUNGE INC,470 DRIGGS AVE,11211,,,0340-22-115483,Restaurant,0340,license,2025-12-31,2026-01-01,2027-12-31,40.71887,-73.95448,pip
RESTAURANT KRAKOWSKA INC,,RESTAURANT KRAKOWSKA INC,68 A NEWELL STREET,11222,,,0138-21-123546,Food & Beverage Business,0138,license,2024-11-19,2025-01-01,2027-12-31,40.72471,-73.94733,pip
REUNION CAFE,REUNION CAFE,ZUPPANYC LLC,544 UNION AVE,11211,,,0340-23-139276,Restaurant,0340,license,2025-04-04,2025-04-04,2027-03-31,40.71734,-73.95217,pip
Reverie,Reverie,CR WILL LLC,135 Metropolitan Ave,11249,https://reveriebrooklyn.com/,,0340-25-107092,Restaurant,0340,license,2025-04-10,2025-04-10,2027-03-31,40.71621,-73.96242,pip
RICHIES WINES & LIQUORS,RICHIES WINES & LIQUORS,RICHIES WINES & LIQUORS INC,812 GRAND ST,11211,,,0100-21-114453,Liquor Store,0100,license,2024-04-10,2024-05-01,2027-04-30,40.7119,-73.94097,pip
RINGOLEVIO,RINGOLEVIO,HAH RESTAURANT GROUP LLC,490 HUMBOLDT ST,11222,http://www.ringolevio.nyc/,/liquor/logos/a32be6de7835.png,0423-22-104917,Additional Bar,0423,license,2026-07-15,2026-08-01,2028-07-31,40.71901,-73.94349,pip
RINGOLEVIO,RINGOLEVIO,HAH RESTAURANT GROUP LLC,490 HUMBOLDT ST,11222,http://www.ringolevio.nyc/,/liquor/logos/a32be6de7835.png,0340-22-111867,Restaurant,0340,license,2026-07-15,2026-08-01,2028-07-31,40.71901,-73.94349,pip
Rita's Pizzeria & Provisions,Rita's Pizzeria & Provisions,Ritas Pizzeria LLC,160 Huron St,11222,,,0240-25-108057,Restaurant,0240,license,2025-04-23,2025-04-23,2027-03-31,40.73297,-73.95518,pip
RJJ Deli Grocery Corp,,RJJ Deli Grocery Corp,194 Kingsland Ave,11222,,,0081-24-115992,Grocery Store,0081,license,2024-06-03,2024-06-03,2027-05-31,40.72347,-73.94129,pip
RM 101 Corp,,RM 101 Corp,101 Bogart St,11206,,,0524-26-45248,Temporary retail,0524,temporary,2026-06-04,2026-06-07,2026-09-04,40.70722,-73.93384,pip
ROBERTA'S,ROBERTA'S,GRAND ST PIZZA LLC,266 KENT AVENUE,11249,https://www.robertaspizza.com/domino/,/liquor/logos/8ae6d6cd886e.png,0340-22-111312,Restaurant,0340,license,2024-11-19,2024-12-01,2026-11-30,40.71589,-73.96625,pip
ROBERTA'S,ROBERTA'S,"NINETEEN TWENTY FOUR, INC.",43 BOGART ST AKA 271 MOORE ST,11206,,,0423-23-131730,Additional Bar,0423,license,2026-03-24,2026-04-01,2028-03-31,40.70514,-73.93325,pip
ROBERTA'S,ROBERTA'S,"NINETEEN TWENTY FOUR, INC.",43 BOGART ST AKA 271 MOORE ST,11206,,,0340-23-134484,Restaurant,0340,license,2026-03-24,2026-04-01,2028-03-31,40.70514,-73.93325,pip
ROCKA ROLLA,ROCKA ROLLA,STELLA MAE BROOKLYN LLC,486 METROPOLITAN AVE,11211,,,0370-24-117309,Food & Beverage Business,0370,license,2026-05-21,2026-08-01,2028-07-31,40.71406,-73.95283,pip
RODRIGUEZ GROCERY LLC,,RODRIGUEZ GROCERY LLC,127 GRAND STREET,11211,,,0071-21-116483,Grocery Store,0071,license,2024-11-06,2024-11-06,2027-10-31,40.71064,-73.95441,pip
ROEBLING LIQUORS INC,,ROEBLING LIQUORS INC,228 Broadway,11211,,,0100-23-124438,Liquor Store,0100,license,2026-02-09,2026-03-01,2029-02-28,40.70915,-73.96049,pip
ROEBLING SPORTING CLUB,ROEBLING SPORTING CLUB,K&M CAFE LLC,225 N 8TH ST,11211,https://www.roeblingsportingclub.com/,/liquor/logos/44a8a4055599.png,0340-22-103981,Restaurant,0340,license,2026-01-16,2026-02-01,2028-01-31,40.71689,-73.95474,pip
Rooftop Customer Bar,Rooftop Customer Bar,PALM SUNRISE 53 LLC,53 SCOTT AVE,11237,,,0346-24-123738-01,Additional Bar,0423,license,2026-07-16,2026-08-01,2028-07-31,40.70966,-73.92263,pip
Rooftop Customer Bar,Rooftop Customer Bar,PALM SUNRISE 53 LLC,53 SCOTT AVE,11237,,,0346-24-123738,Catering Establishment,0346,license,2026-07-16,2026-08-01,2028-07-31,40.70966,-73.92263,pip
Rosa,Rosa,Rosa NYC LLC,299 S 4th St,11211,,,0346-25-123860,Catering Establishment,0346,license,2025-09-25,2025-09-25,2027-08-31,40.70928,-73.95576,pip
Rose Marie,Rose Marie,Tres Hombres NY LLC,524 Lorimer St,11211,https://www.rosemarienyc.com,,0370-25-131195,Food & Beverage Business,0370,license,2025-12-08,2025-12-08,2027-11-30,40.7125,-73.94912,pip
ROSE'S R & R BAR,ROSE'S R & R BAR,LUCKY BAMBOO LLC,457 GRAHAM AVE,11222,,,0370-24-114674,Food & Beverage Business,0370,license,2026-05-15,2026-06-01,2028-05-31,40.71915,-73.94531,pip
ROSSI'S LOUNGE L.L.C.,,ROSSI'S LOUNGE L.L.C.,25 BROADWAY,11249,,,0370-24-101414,Food & Beverage Business,0370,license,2026-01-09,2026-02-01,2028-01-31,40.71074,-73.96782,pip
Round Table Brewery LLC,,Round Table Brewery LLC,245 S 1st St,11211,,,0370-25-104261,Food & Beverage Business,0370,license,2025-03-06,2025-03-06,2027-02-28,40.71252,-73.95796,pip
Rounders,Rounders,999 Manhattan Avenue Greenpoint LLC,999 Manhattan Ave,11222,https://rounders.nyc/,/liquor/logos/c574def21936.svg,0340-25-117488,Restaurant,0340,license,2025-07-23,2025-07-23,2027-06-30,40.73322,-73.95475,pip
ROYAL DELI GROCERY CORP I,,ROYAL DELI GROCERY CORP I,780A METROPOLITAN AVE,11211,https://royaldeli.business.site,,0081-22-126248,Grocery Store,0081,license,2025-05-14,2025-06-01,2028-05-31,40.71467,-73.94288,pip
ROYAL USA TRADE INC,,ROYAL USA TRADE INC,380 MANHATTAN AVE,11211,,,0081-23-112590,Grocery Store,0081,license,2026-04-17,2026-06-01,2029-05-31,40.71706,-73.94652,pip
Rude Mouth,Rude Mouth,RUDE MOUTH BK LLC,359 Metropolitan Ave,11211,,,0370-25-103394,Food & Beverage Business,0370,license,2025-02-24,2025-02-24,2027-01-31,40.71409,-73.95603,pip
RULE OF THIRDS,RULE OF THIRDS,622 VANDERBILT RESTAURANT LLC,29 NORMAN AVE,11222,https://www.thirdsbk.com,/liquor/logos/af5af24d7fab.png,0340-23-137172,Restaurant,0340,license,2025-09-10,2025-10-01,2027-09-30,40.72436,-73.95497,pip
RYUJIN RAMEN,RYUJIN RAMEN,HINOMARU KITCHEN INC,513 GRAND ST,11211,,,0240-23-140501,Restaurant,0240,license,2025-04-30,2025-05-01,2027-04-30,40.71101,-73.95058,pip
S BOERUM PROVISIONS INC,,S BOERUM PROVISIONS INC,410 BROADWAY,11211,,,0071-21-119958,Grocery Store,0071,license,2024-07-15,2024-08-01,2027-07-31,40.70688,-73.95374,pip
S K I WHOLESALE BEER CORP,,S K I WHOLESALE BEER CORP,187A GARDNER AVENUE,11237,,,0002-23-112764,Wholesale Beer,0002,license,2026-06-02,2026-07-01,2027-06-30,40.71324,-73.92598,pip
S.A.B. SUPER ACTION BURGER INC.,,S.A.B. SUPER ACTION BURGER INC.,292 Graham Ave,11211,,,0340-26-136102,Restaurant,0340,license,2026-02-24,2026-02-24,2028-02-24,40.71227,-73.94402,pip
SAGE,SAGE,GRAHAM RESTAURANT LLC,299 301 GRAHAM AVE,11211,,,0340-22-103941,Restaurant,0340,license,2026-02-04,2026-03-01,2028-02-29,40.71297,-73.94413,pip
SAILOR & SIREN 817 MANHATTAN LLC,,SAILOR & SIREN 817 MANHATTAN LLC,817A Manhattan Ave,11222,,,0524-26-47238,Temporary retail,0524,temporary,2026-06-29,2026-06-29,2026-12-26,40.72827,-73.95336,pip
SAINT ANSELM,SAINT ANSELM,SAINT ANSELM INC,355 METROPOLITAN AVENUE,11211,,,0267-23-134505,Food & Beverage Business,0267,license,2025-02-11,2025-03-01,2027-02-28,40.7141,-73.9561,pip
SAKE BOYS USA LLC,,SAKE BOYS USA LLC,649 Morgan Ave,11222,,,0011-25-121901,Importer,0011,license,2025-09-08,2025-09-08,2028-08-31,40.72654,-73.93989,pip
SAL'S PIZZERIA,SAL'S PIZZERIA,"LORIMER PIZZA, LLC",544 LORIMER ST,11211,https://salspizzawilliamsburg.com,/liquor/logos/b58690b79b9c.png,0240-21-121663,Restaurant,0240,license,2025-11-20,2025-12-01,2027-11-30,40.71321,-73.94924,pip
SALSA PIZZA NAPOLETANA,SALSA PIZZA NAPOLETANA,PIZZA PASTA SALAD LLC,40 CLIFFORD PL,11222,https://www.salsapizzeria.com/,/liquor/logos/89686d91f973.png,0240-24-119522,Restaurant,0240,license,2026-06-24,2026-06-24,2028-05-31,40.72684,-73.95556,pip
Salsamentaria Milagrosa LLC,,Salsamentaria Milagrosa LLC,112 Harrison Pl,11237,,,0524-26-49752,Temporary retail,0524,temporary,2026-07-23,2026-07-23,2027-01-19,40.70685,-73.9288,pip
SALT & CHARCOAL,SALT & CHARCOAL,TK FOOD CONCEPTS LLC,171 GRAND ST,11211,,,0340-22-112680,Restaurant,0340,license,2024-10-02,2024-11-01,2026-10-31,40.71078,-73.95288,pip
SAMURAI MAMA,SAMURAI MAMA,OHNO INC,205 GRAND ST,11211,,,0340-23-135300,Restaurant,0340,license,2025-03-17,2025-04-01,2027-03-31,40.71405,-73.96021,pip
SANG'S,SANG'S,EAT HAPPIER LLC,154 Scott Ave,11237,,,0370-25-108946,Food & Beverage Business,0370,license,2025-05-02,2025-05-02,2027-04-30,40.71193,-73.92365,pip
SANTA FE BK,SANTA FE BK,LIL FAMBLY LLC,178 N 8TH ST,11211,,,0340-22-115448,Restaurant,0340,license,2026-03-31,2026-04-01,2028-03-31,40.71805,-73.9566,pip
Sapporo Ichiban,Sapporo Ichiban,Sapporo Ichiban Sushi Inc,622 Manhattan Ave,11222,,,0240-25-103883,Restaurant,0240,license,2025-03-01,2025-03-01,2027-02-28,40.7236,-73.95068,pip
SAUCED ROOSTER LLC,,SAUCED ROOSTER LLC,331 BEDFORD AVE,11211,,,0240-22-100244,Restaurant,0240,license,2026-01-07,2026-01-07,2027-11-30,40.71269,-73.96244,pip
Savino's Quality Pasta,Savino's Quality Pasta,"Savino's Quality Pasta, Inc.",111 Conselyea St,11211,,,0240-25-130386,Restaurant,0240,license,2025-11-28,2025-11-28,2027-10-31,40.71501,-73.94666,pip
SAZON PEREZ RESTAURANT INC,,SAZON PEREZ RESTAURANT INC,417 S 4TH STREET,11211,,,0138-20-100428,Food & Beverage Business,0138,license,2023-11-27,2023-12-01,2026-11-30,40.70757,-73.95111,pip
SCALINO GP,SCALINO GP,MATTEO & VIDA INC,659 MANHATTAN AVE,11222,,,0340-21-120903,Restaurant,0340,license,2026-01-28,2026-02-01,2028-01-31,40.72456,-73.95123,pip
Scrappleland,Scrappleland,JUST MORE FUN LLC,1150 Manhattan Ave,11222,,,0370-25-112834-01,Additional Bar,0423,license,2025-06-06,2025-06-05,2027-05-31,40.73761,-73.95546,pip
Scrappleland,Scrappleland,JUST MORE FUN LLC,1150 Manhattan Ave,11222,,,0370-25-112834,Food & Beverage Business,0370,license,2025-06-05,2025-06-05,2027-05-31,40.73761,-73.95546,pip
SEA,SEA,SEA THAI HOSPITALITY INC,114 N 6TH ST,11249,,,0340-21-118727,Restaurant,0340,license,2025-11-24,2025-12-01,2027-11-30,40.71822,-73.95988,pip
SECOND CITY NEW YORK LLC & NY COMEDY CLUB LLC,,SECOND CITY NEW YORK LLC & NY COMEDY CLUB LLC,64 N 9TH ST,11249,,,0340-23-165086-01,Additional Bar,0423,license,2025-11-08,2025-12-01,2027-11-30,40.72096,-73.95979,pip
SECOND CITY NEW YORK LLC & NY COMEDY CLUB LLC,,SECOND CITY NEW YORK LLC & NY COMEDY CLUB LLC,64 N 9TH ST,11249,,,0370-23-165086,Food & Beverage Business,0370,license,2026-07-21,2025-12-01,2027-11-30,40.72096,-73.95979,pip
SELVATORE MARKET PLACE INC.,,SELVATORE MARKET PLACE INC.,336 McGuinness Blvd,11222,,,0081-26-133299,Grocery Store,0081,license,2026-01-12,2026-01-12,2028-12-31,40.73388,-73.95215,pip
SEM SEM DELI CORP,,SEM SEM DELI CORP,75 HUMBOLDT STREET,11206,,,0081-21-111932,Grocery Store,0081,license,2024-11-27,2025-01-01,2027-12-31,40.70412,-73.94093,pip
SERENECO,SERENECO,113 FRANKLIN DINING LLC,113 Franklin St,11222,,,0340-23-135772,Restaurant,0340,license,2026-08-12,2025-10-01,2027-09-30,40.73026,-73.95765,pip
Serious Face Ventures LLC,,Serious Face Ventures LLC,153 Morgan Ave,11237,,,0524-26-50516,Temporary retail,0524,temporary,2026-07-31,2026-07-31,2027-01-27,40.70943,-73.93304,pip
SHAKE SHACK,SHAKE SHACK,SHAKE SHACK NEW YORK LLC,160 BERRY ST,11249,,,0240-23-142442,Restaurant,0240,license,2025-07-17,2025-08-01,2027-07-31,40.71731,-73.96043,pip
SHAKING CRAB,SHAKING CRAB,SC METROPOLITAN LLC,1045 FLUSHING AVE,11237,https://www.shakingcrab.com/locations/williamsburg,/liquor/logos/cbd04e63729c.png,0340-22-109917,Restaurant,0340,license,2024-12-04,2024-12-04,2026-11-30,40.70408,-73.93037,geoclient
SHALOM JAPAN,SHALOM JAPAN,SCHMALTZ FOODS LLC,310 S 4TH ST,11211,https://shalomjapannyc.com/,/liquor/logos/131a1dcb0d2e.png,0340-23-135060,Restaurant,0340,license,2025-06-05,2025-07-01,2027-06-30,40.70926,-73.95571,pip
SHELISON RESTAURANT INC,,SHELISON RESTAURANT INC,492 BROADWAY,11211,,,0240-23-140670,Restaurant,0240,license,2025-09-29,2025-10-01,2027-09-30,40.70579,-73.95086,pip
SHOP FAIR FOODMARKETS,SHOP FAIR FOODMARKETS,J&E MEAT & PRODUCE CORP,385 BROADWAY,11211,,,0081-22-126164,Grocery Store,0081,license,2025-03-18,2025-04-01,2028-03-31,40.70723,-73.95447,pip
SHREEJI DELI CORP,,SHREEJI DELI CORP,560 MORGAN AVENUE,11222,,,0081-23-116050,Grocery Store,0081,license,2025-12-10,2026-03-01,2029-02-28,40.72366,-73.93942,pip
SILO BROOKLYN LLC,,SILO BROOKLYN LLC,90 SCOTT AVE,11237,,,0370-24-131610,Food & Beverage Business,0370,license,2024-10-09,2024-11-01,2026-10-31,40.71049,-73.923,pip
SILVER LIGHT TAVERN,SILVER LIGHT TAVERN,BRK BAR GROUP LLC,689 LORIMER ST,11211,,,0423-23-129597,Additional Bar,0423,license,2025-01-14,2025-01-14,2026-12-31,40.71748,-73.94994,pip
SILVER LIGHT TAVERN,SILVER LIGHT TAVERN,BRK BAR GROUP LLC,689 LORIMER ST,11211,,,0340-23-129596,Restaurant,0340,license,2025-01-14,2025-01-14,2026-12-31,40.71748,-73.94994,pip
SIMPLE CAFE,SIMPLE CAFE,SNBP INC,124 S 3RD ST,11211,https://www.simplecafenyc.com/,/liquor/logos/f532bf4e4e70.png,0267-23-132887,Food & Beverage Business,0267,license,2025-06-06,2025-07-01,2027-06-30,40.7126,-73.96278,pip
SJ NY DELI CORP.,,SJ NY DELI CORP.,172 S 3rd St,11211,,,0081-26-142603,Grocery Store,0081,license,2026-05-08,2026-05-08,2029-04-30,40.71191,-73.96091,pip
SKINNY DENNIS,SKINNY DENNIS,CRABBY PATTY BROOKLYN LLC,152 METROPOLITAN AVE,11211,,,0340-23-137118,Restaurant,0340,license,2025-08-27,2025-02-01,2027-01-31,40.716,-73.96205,pip
SLEEPWALK,SLEEPWALK,LOVER SAYS GO LLC,251 BUSHWICK AVE,11206,,,0370-24-112573,Food & Beverage Business,0370,license,2026-05-15,2026-06-01,2028-05-31,40.7073,-73.93978,pip
SMART CONVENIENCE CORP,,SMART CONVENIENCE CORP,676 GRAND ST,11211,,,0081-21-100946,Grocery Store,0081,license,2024-04-01,2024-04-01,2027-02-28,40.71149,-73.94535,pip
SMILING VIOLET WINE MERCHANTS,SMILING VIOLET WINE MERCHANTS,DIONY FINE WINE & LIQUOR LLC,206 BORINQUEN PL,11211,,,0091-22-101676,Wine Store,0091,license,2025-06-17,2025-07-01,2028-06-30,40.71083,-73.95237,pip
SOBRE MASA LLC,,SOBRE MASA LLC,52 HARRISON PL,11237,https://sobremasa.com,/liquor/logos/c8991ae50abe.png,0340-23-138184,Restaurant,0340,license,2025-09-18,2025-10-01,2027-09-30,40.70641,-73.93139,pip
Socceria,Socceria,Top Star Brooklyn LLC,46 Norman Ave,11222,,,0524-26-45772,Temporary retail,0524,temporary,2026-06-09,2026-06-09,2026-12-06,40.72476,-73.95377,pip
SOCIAL HOUSE ESPRESSO BAR,SOCIAL HOUSE ESPRESSO BAR,SOCIAL HOUSE CAFE LLC,60 BROADWAY,11249,,,0267-22-111380,Food & Beverage Business,0267,license,2026-07-20,2026-07-20,2028-01-31,40.71055,-73.96617,pip
Sonny's Corner,Sonny's Corner,142 Franklin Street Inc.,142 Franklin St,11222,,,0370-26-147329,Food & Beverage Business,0370,license,2026-06-30,2026-06-30,2028-05-31,40.72976,-73.95756,pip
SOREIKO VINYARDS CORP,,SOREIKO VINYARDS CORP,387 389  BROADWAY,11211,,,0100-23-123935,Liquor Store,0100,license,2026-07-22,2026-09-01,2029-08-31,40.70718,-73.95432,pip
SOUTHSIDE GROCERY CORP,,SOUTHSIDE GROCERY CORP,163 S 4TH ST,11211,,,0081-21-102038,Grocery Store,0081,license,2024-03-01,2024-04-01,2027-03-31,40.71146,-73.96174,pip
SPECTRUM CATERING AND CONCESSIONS,SPECTRUM CATERING AND CONCESSIONS,FACILITY CONCESSION SERVICES LLC,319 FROST ST,11222,,,0423-23-129521,Additional Bar,0423,license,2025-03-10,2025-04-01,2027-03-31,40.71916,-73.93864,pip
SPECTRUM CATERING AND CONCESSIONS,SPECTRUM CATERING AND CONCESSIONS,FACILITY CONCESSION SERVICES LLC,319 FROST ST,11222,,,0423-23-129522,Additional Bar,0423,license,2025-03-10,2025-04-01,2027-03-31,40.71916,-73.93864,pip
SPECTRUM CATERING AND CONCESSIONS,SPECTRUM CATERING AND CONCESSIONS,FACILITY CONCESSION SERVICES LLC,319 FROST ST,11222,,,0340-23-129457,Restaurant,0340,license,2025-03-10,2025-04-01,2027-03-31,40.71916,-73.93864,pip
SPECTRUM CATERING AND CONCESSIONS,SPECTRUM CATERING AND CONCESSIONS,FACILITY CONCESSION SERVICES LLC,66 N 6TH ST,11211,,,0423-23-133656,Additional Bar,0423,license,2024-11-15,2024-12-01,2026-11-30,40.71932,-73.96161,pip
SPECTRUM CATERING AND CONCESSIONS,SPECTRUM CATERING AND CONCESSIONS,FACILITY CONCESSION SERVICES LLC,66 N 6TH ST,11211,,,0340-23-133655,Restaurant,0340,license,2024-11-15,2024-12-01,2026-11-30,40.71932,-73.96161,pip
SPILOS CAFE LLC,,SPILOS CAFE LLC,104 Roebling St,11211,,,0524-26-47157,Temporary retail,0524,temporary,2026-06-26,2026-06-26,2026-12-23,40.71579,-73.95565,pip
SPIRIT ANIMAL,SPIRIT ANIMAL,WE LOVE TO DRINK LLC,20 BROADWAY,11249,https://spiritanimalbk.com,/liquor/logos/26fb1dc60374.png,0100-22-116272,Liquor Store,0100,license,2025-02-14,2025-03-01,2028-02-29,40.71077,-73.96811,pip
Spring Liquor Trading Inc,,Spring Liquor Trading Inc,75 Lombardy St,11222,,,0009-26-149457,Wholesale Liquor,0009,license,2026-07-21,2026-07-21,2029-06-30,40.72239,-73.93796,pip
"SPRING NATURAL FOOD, INC",,"SPRING NATURAL FOOD, INC",49 BOGART STREET,11206,,,0081-23-122789,Grocery Store,0081,license,2026-03-20,2026-05-01,2029-04-30,40.70533,-73.9333,pip
Spritzenhaus,Spritzenhaus,Little Sullivan LLC,33 Nassau Ave,11222,https://www.spritzenhaus33.com/,/liquor/logos/5b7bf17d40ce.png,0340-26-134786,Restaurant,0340,license,2026-02-03,2026-02-03,2028-01-31,40.72306,-73.95289,pip
SSAW Brooklyn,SSAW Brooklyn,SSAW Brooklyn Inc,330 S 3rd St,11211,,,0240-25-111498,Restaurant,0240,license,2025-05-27,2025-05-27,2027-04-30,40.7094,-73.95402,pip
ST MAZIE,ST MAZIE,DUTCH CONCORDE INC,345 GRAND ST,11211,,,0370-24-102433,Food & Beverage Business,0370,license,2026-02-02,2026-02-01,2028-01-31,40.71243,-73.95593,pip
STARLIGHT,STARLIGHT,TRI POINT HOLDINGS LLC,596 GRAND ST,11211,https://www.thestarlighttavern.com,/liquor/logos/0b1be483b2ee.png,0370-24-101638,Food & Beverage Business,0370,license,2026-01-15,2026-02-01,2028-01-31,40.71124,-73.94809,pip
STARS MINI MARKET DELI CORP,,STARS MINI MARKET DELI CORP,317 Bushwick Ave,11206,,,0081-25-126936,Grocery Store,0081,license,2025-10-22,2025-10-22,2028-09-30,40.70539,-73.93949,pip
STELLA'S JUICE BOX,STELLA'S JUICE BOX,983 MANHATTAN AVE LLC,983 MANHATTAN AVE,11222,https://stellasjuicebox.com/,/liquor/logos/8a1b2a9d88ab.png,0100-22-115851,Liquor Store,0100,license,2025-08-16,2025-09-01,2028-08-31,40.73271,-73.95467,pip
STORE 14426,STORE 14426,DUANE READE INC,250 BEDFORD AVE,11211,https://www.walgreens.com/locator/walgreens-250+bedford+ave-brooklyn-ny-11249/id=14426,/liquor/logos/ae6f20d4eef4.png,0082-22-100366,Drug Store,0082,license,2025-09-28,2025-10-01,2028-09-30,40.71577,-73.95993,pip
STOWAWAY,STOWAWAY,SHORELINE HOSPITALITY GROUP LLC,159 GREENPOINT AVE,11222,,,0340-21-120567,Restaurant,0340,license,2025-11-25,2025-12-01,2027-11-30,40.73027,-73.95336,pip
STRANGER WINES,STRANGER WINES,JUPITER WINES LLC,132 HAVEMEYER ST,11211,,,0100-22-116336,Liquor Store,0100,license,2025-09-05,2025-10-01,2028-09-30,40.7121,-73.95721,pip
Stretch Pizza,Stretch Pizza,"Stretch 320, LLC",320 Kent Ave,11249,,,0340-25-116454,Restaurant,0340,license,2025-07-14,2025-07-14,2027-06-30,40.71344,-73.96735,pip
SUGARFISH,SUGARFISH,SUSHI NOZAWA NYC LLC,157 WYTHE AVE,11249,,,0267-23-128303,Food & Beverage Business,0267,license,2025-04-15,2025-04-15,2027-03-31,40.71917,-73.96082,pip
SUN MORGAN AND SPIRITS INC,,SUN MORGAN AND SPIRITS INC,547 MORGAN AVE,11222,,,0100-23-126511,Liquor Store,0100,license,2026-05-01,2026-06-01,2029-05-31,40.72365,-73.93942,pip
SUNAC FOOD CORP,,SUNAC FOOD CORP,440 446 UNION AVENUE,11211,,,0081-23-122787,Grocery Store,0081,license,2026-07-31,2026-10-01,2029-09-30,40.7135,-73.95154,pip
SUNAC NATURAL,SUNAC NATURAL,78 BIG SMILE CORP,150 N 7TH ST,11249,,,0081-21-100647,Grocery Store,0081,license,2024-12-09,2025-01-01,2027-12-31,40.71821,-73.95834,pip
SUNDAY BEER CO,,SUNDAY BEER CO,1027 GRAND ST,11211,,,0002-23-113553,Wholesale Beer,0002,license,2026-08-20,2026-08-20,2027-06-30,40.71354,-73.93417,pip
SUNDAY IN BROOKLYN LLC,,SUNDAY IN BROOKLYN LLC,348 WYTHE AVE,11249,,,0340-22-115510,Restaurant,0340,license,2025-06-25,2025-01-01,2026-12-31,40.71417,-73.96519,pip
Sunrise East Restaurant LLC,,Sunrise East Restaurant LLC,562 Grand St,11211,https://www.sunriseeastchinesecuisine.com,/liquor/logos/0d4adcd22c89.png,0240-25-103280,Restaurant,0240,license,2025-02-20,2025-02-20,2027-01-31,40.71112,-73.9493,pip
SUNSHINE LAUNDROMAT & CLEANERS,SUNSHINE LAUNDROMAT & CLEANERS,FANA WORKS INC,860 MANHATTAN AVE,11222,,,0267-21-121297,Food & Beverage Business,0267,license,2025-12-05,2025-12-05,2027-11-30,40.72924,-73.95383,pip
SUPER BURRITO,SUPER BURRITO,BEDFORD COAST LLC,320 BEDFORD AVE,11249,https://superburritonyc.com,/liquor/logos/6a99c86e12ec.png,0340-23-129014,Restaurant,0340,license,2025-09-25,2025-03-01,2027-02-28,40.71347,-73.96194,pip
SURF BAR,SURF BAR,PIZZATI LTD,139 NORTH 6TH STREET,11211,https://www.brooklynsurfbar.com/,,0370-23-133234,Food & Beverage Business,0370,license,2025-04-17,2025-05-01,2027-04-30,40.7176,-73.95887,pip
Sushi On Me,Sushi On Me,Duod. Inc.,742 Driggs Ave,11211,,,0240-26-132817,Restaurant,0240,license,2026-01-05,2026-01-05,2027-12-31,40.71256,-73.96064,pip
Sushi Shiro Williamsburg Inc,,Sushi Shiro Williamsburg Inc,568 Metropolitan Ave,11211,,,0340-26-132839,Restaurant,0340,license,2026-01-05,2026-01-05,2027-12-31,40.71404,-73.94998,pip
SUZUME,SUZUME,BEST RESTAURANT INC,545 LORIMER ST,11211,https://www.suzumebk.com,/liquor/logos/dfef150564ea.png,0340-22-112463,Restaurant,0340,license,2024-11-18,2024-12-01,2026-11-30,40.71321,-73.94924,pip
SWEET CHICK,SWEET CHICK,PEBBLE CORP,164 BEDFORD AVE,11211,https://www.sweetchick.com/location/sweet-chick-williamsburg/,/liquor/logos/60357d34f3e8.png,0340-23-132000,Restaurant,0340,license,2025-03-03,2025-02-01,2027-01-31,40.71829,-73.95721,pip
SWEET SCIENCE,SWEET SCIENCE,THERE TO HERE LLC,135 GRAHAM AVE,11206,,,0340-23-134813,Restaurant,0340,license,2025-01-15,2025-02-01,2027-01-31,40.70642,-73.94306,pip
SWEETWATER,SWEETWATER,105 NORTH 6TH INC,105 N 6TH ST,11222,https://www.sweetwaterny.com/,/liquor/logos/39c655ddbc85.png,0340-22-103682,Restaurant,0340,license,2026-07-27,2026-09-01,2028-08-31,40.71836,-73.9601,pip
SYNDICATED,SYNDICATED,SYNDICATED BAR & THEATER LLC,40 46 BOGART ST,11206,https://syndicatedbk.com/,/liquor/logos/38b9e22d14b7.png,0340-21-121506,Restaurant,0340,license,2025-12-30,2026-01-01,2027-12-31,40.70502,-73.93322,pip
T & A GOURMET DELI CORP,,T & A GOURMET DELI CORP,891 GRAND ST,11211,,,0081-20-104562,Grocery Store,0081,license,2023-11-30,2023-11-30,2026-11-30,40.71253,-73.93824,pip
TABARE RESTAURANT,TABARE RESTAURANT,TERERE CORPORATION,221 SOUTH 1ST ST,11211,,,0340-22-114788,Restaurant,0340,license,2026-06-01,2026-02-01,2028-01-31,40.71294,-73.95909,pip
TACOCINA,TACOCINA,DOMINO PARK F&B MANAGEMENT LLC,292 KENT AVE,11249,,,0340-22-114012,Restaurant,0340,license,2026-05-12,2026-06-01,2028-05-31,40.7143,-73.96696,pip
TACOMBI WILLIAMSBURG,TACOMBI WILLIAMSBURG,CENADURIA LA PALMERA REAL LLC,242 METROPOLITAN AVE,11211,,,0340-23-129835,Restaurant,0340,license,2025-09-19,2025-10-01,2027-09-30,40.71498,-73.95944,pip
TAKU SANDO,TAKU SANDO,TAKU NEW YORK INC,29 Greenpoint Ave,11222,https://www.takusando.com/,/liquor/logos/baa8f72f5876.png,0267-24-107136,Food & Beverage Business,0267,license,2026-04-06,2026-03-01,2028-02-29,40.72968,-73.95961,pip
TALEA BEER INC,,TALEA BEER INC,87 RICHARDSON ST,11211,,,CM-21-00027,Combined Craft Status,CM,license,2021-03-03,2024-02-12,2027-01-31,40.71849,-73.94812,pip
TALEA BEER INC,,TALEA BEER INC,87 RICHARDSON ST,11211,,,0015-21-104032,Farm Brewer,0015,license,2024-02-12,2024-02-12,2027-01-31,40.71849,-73.94812,pip
TALEA BEER INC,,TALEA BEER INC,87 RICHARDSON ST,11211,,,0370-24-138809,Food & Beverage Business,0370,license,2024-12-11,2024-12-11,2026-11-30,40.71849,-73.94812,pip
TALEA BEER INC,,TALEA BEER INC,87 RICHARDSON ST,11211,,,0014-21-114308,Micro-Brewer,0014,license,2024-02-12,2024-02-12,2027-01-31,40.71849,-73.94812,pip
Talk About,Talk About,MJP SOCIAL LLC,134 Kingsland Ave,11222,,,0370-25-117663,Food & Beverage Business,0370,license,2025-07-24,2025-07-24,2027-06-30,40.72101,-73.94088,pip
Taqueria El Chato,Taqueria El Chato,VENDE HUMOO LLC,620 Manhattan Ave,11222,,,0524-26-42591,Temporary retail,0524,temporary,2026-05-08,2026-05-08,2026-11-04,40.72354,-73.95065,pip
TAQUERIA EL TORITO CORP,,TAQUERIA EL TORITO CORP,32 VARET ST,11206,,,0340-23-128493,Restaurant,0340,license,2024-12-24,2025-01-01,2026-12-31,40.70293,-73.94366,pip
TAQUERIA LA NORTENA,TAQUERIA LA NORTENA,TAQUERIA LA NORTENA CORP,668 MANHATTAN AVE,11222,,,0240-24-114782,Restaurant,0240,license,2026-05-08,2026-05-08,2028-04-30,40.7247,-73.95131,pip
TEDDY'S BAR & GRILL,TEDDY'S BAR & GRILL,DAVIS AND DEVORE GROUP LLC,96 BERRY ST,11249,,,0340-23-138891,Restaurant,0340,license,2025-05-01,2025-06-01,2027-05-31,40.71925,-73.95832,pip
Temakase,Temakase,Temakase WMB LLC,260 Kent Ave,11249,,,0524-25-32234,Temporary retail,0524,temporary,2026-08-20,2026-08-21,2026-09-19,40.71598,-73.96621,pip
TEMKINS,TEMKINS,120 SECONDS LLC,155 GREENPOINT AVE,11222,,,0370-23-130015,Food & Beverage Business,0370,license,2025-08-01,2025-09-01,2027-08-31,40.73025,-73.95354,pip
TEN ICHI MART NY INC,TEN ICHI MART NY INC,TEN ICHI MART NY INC,188 BERRY ST,11249,https://www.tenichimart.com/,/liquor/logos/a689fbe06199.png,0081-22-129156,Grocery Store,0081,license,2025-03-13,2025-05-01,2028-04-30,40.71653,-73.96124,pip
TESTO,TESTO,BALDRACCA LLC,141 Leonard St,11206,https://testobrooklyn.com/,,0240-23-140866,Restaurant,0240,license,2026-08-04,2025-10-01,2027-09-30,40.70833,-73.94673,pip
THE ALLIGATOR LOUNGE,THE ALLIGATOR LOUNGE,600 METROPOLITAN CORP,600 METROPOLITAN AVE,11211,https://www.alligatorloungebrooklyn.com,/liquor/logos/48eb2e00bf6d.png,0370-23-132605,Food & Beverage Business,0370,license,2025-05-20,2025-06-01,2027-05-31,40.71407,-73.94894,pip
The Am-Thai,The Am-Thai,Tum Rub Corporation,225 S 1st St,11211,,,0240-24-133883,Restaurant,0240,license,2024-10-24,2024-10-24,2026-09-30,40.71289,-73.95894,pip
THE BEDFORD,THE BEDFORD,110 BEDFORD REST CORP,110 BEDFORD AVENUE,11211,,,0340-22-104708,Restaurant,0340,license,2026-02-23,2026-03-01,2028-02-29,40.71995,-73.95543,pip
The Blue Blossom,The Blue Blossom,N5 Blossom Inc.,135 N 5th St,11249,https://theblueblossombrooklyn.com/,,0240-26-137708,Restaurant,0240,license,2026-03-17,2026-03-17,2028-02-29,40.71693,-73.95927,pip
THE BOTTLE SHOPPE,THE BOTTLE SHOPPE,GRAHAM AVENUE WINE CELLAR LLC,353 GRAHAM AVENUE,11211,https://thebottleshoppeny.com,,0100-22-116747,Liquor Store,0100,license,2025-11-05,2026-01-01,2028-12-31,40.71502,-73.94447,pip
"THE BOX HOUSE , BROOKLYN LANTERN","THE BOX HOUSE , BROOKLYN LANTERN",BROOKLYN LANTERN INC & BOX HOUSE EVENTS INC,77 BOX ST,11222,,,0423-23-136768,Additional Bar,0423,license,2025-03-13,2025-04-01,2027-03-31,40.73747,-73.95338,pip
"THE BOX HOUSE , BROOKLYN LANTERN","THE BOX HOUSE , BROOKLYN LANTERN",BROOKLYN LANTERN INC & BOX HOUSE EVENTS INC,77 BOX ST,11222,,,0343-23-102509,Hotel,0343,license,2025-03-13,2025-04-01,2027-03-31,40.73747,-73.95338,pip
THE BREEZE,THE BREEZE,YHG HOSPITALITY INC,595 MANHATTAN AVE,11222,https://www.breezebk.com,/liquor/logos/1f6e0259f34f.png,0340-23-127990,Restaurant,0340,license,2025-07-25,2025-09-01,2027-08-31,40.72306,-73.95039,pip
THE BROOKLYN BREWERY,THE BROOKLYN BREWERY,The Brooklyn Brewery Corporation,79 N 11TH STREET,11249,https://brooklynbrewery.com/visit-us/,/liquor/logos/7b5e4cf3a81c.png,0013-23-124955,Brewer,0013,license,2026-06-30,2026-07-01,2027-06-30,40.7215,-73.95773,pip
THE BROOKLYN BREWERY,THE BROOKLYN BREWERY,The Brooklyn Brewery Corporation,79 N 11TH STREET,11249,https://brooklynbrewery.com/visit-us/,/liquor/logos/7b5e4cf3a81c.png,0001-23-141863,Wholesale Beer (Retail),0001,license,2026-06-30,2026-07-01,2027-06-30,40.7215,-73.95773,pip
THE BROOKLYN TREE,THE BROOKLYN TREE,BUNS REST INC,188 MONTROSE AVE,11206,,,0340-22-106171,Restaurant,0340,license,2026-08-12,2026-09-01,2028-08-31,40.70745,-73.94188,pip
THE BUTCHER'S DAUGHTER,THE BUTCHER'S DAUGHTER,JUICERIE IV LLC,265 271 METROPOLITAN AVE,11211,,,0340-22-114489,Restaurant,0340,license,2026-07-28,2024-10-01,2026-09-30,40.71474,-73.95851,pip
THE CLONARD,THE CLONARD,POUND LONEY INC,506 GRAND ST,11211,https://www.theclonard.com,,0370-23-130956,Food & Beverage Business,0370,license,2025-09-16,2025-10-01,2027-09-30,40.71099,-73.95085,pip
The Collectors Bar,The Collectors Bar,852 Club LLC,305 Grand St,11211,,,0267-26-140856,Food & Beverage Business,0267,license,2026-04-24,2026-04-24,2028-03-31,40.71284,-73.95706,pip
THE COMMODORE,THE COMMODORE,DOW YOUNG GROUP INC,366 METROPOLITAN AVE,11211,https://thecommodorebrooklyn.com/,/liquor/logos/782f0f089826.png,0340-22-104682,Restaurant,0340,license,2026-03-16,2026-04-01,2028-03-31,40.71407,-73.9558,pip
THE CRAIC,THE CRAIC,MACMURRAY LLC,488 DRIGGS AVE,11211,http://thecraicbrooklyn.com/,,0340-22-115495-01,Additional Bar,0423,license,2025-04-09,2025-01-07,2026-12-31,40.71852,-73.95485,pip
THE CRAIC,THE CRAIC,MACMURRAY LLC,488 DRIGGS AVE,11211,http://thecraicbrooklyn.com/,,0340-22-115495,Restaurant,0340,license,2025-04-09,2025-01-07,2026-12-31,40.71852,-73.95485,pip
THE DEAD LETTER,THE DEAD LETTER,NUMBER NINE SHOW LLC,63-65 GRAND ST,11249,,,0340-24-111816,Restaurant,0340,license,2026-04-24,2026-05-01,2028-04-30,40.71586,-73.96496,pip
THE DINER,THE DINER,MARLOW INC,85 BROADWAY,11249,https://www.dinernyc.com/,/liquor/logos/47556d01618a.png,0340-22-107355,Restaurant,0340,license,2024-12-05,2025-01-01,2026-12-31,40.71049,-73.96565,pip
THE EXLEY,THE EXLEY,MISTER BLUE LLC,7 Jackson St,11211,https://www.theexley.com,/liquor/logos/052b0ec5944b.png,0370-24-123838,Food & Beverage Business,0370,license,2026-08-19,2026-09-01,2028-08-31,40.71597,-73.95162,pip
THE FOUR HORSEMEN and NIGHT MOVES,THE FOUR HORSEMEN and NIGHT MOVES,"GRAND STREET FOOD AND WINE, LLC & NIGHT MOVES BAR, LLC",295 GRAND ST,112211,https://www.fourhorsemenbk.com,/liquor/logos/63cc57731ce2.png,0423-22-107626,Additional Bar,0423,license,2025-12-17,2026-02-01,2028-01-31,40.71295,-73.95738,pip
THE FOUR HORSEMEN and NIGHT MOVES,THE FOUR HORSEMEN and NIGHT MOVES,"GRAND STREET FOOD AND WINE, LLC & NIGHT MOVES BAR, LLC",295 GRAND ST,112211,https://www.fourhorsemenbk.com,/liquor/logos/63cc57731ce2.png,0370-22-107700,Food & Beverage Business,0370,license,2026-03-26,2026-02-01,2028-01-31,40.71295,-73.95738,pip
THE GARDEN BAR & GRILL,THE GARDEN BAR & GRILL,M&M SPORTS BAR CORP,140 GRAHAM AVE,11206,,,0370-23-130591,Food & Beverage Business,0370,license,2025-07-29,2025-08-01,2027-07-31,40.70629,-73.94304,pip
THE GARDEN CARVER,THE GARDEN CARVER,NEW YORK EVENTS INC,187 GRAND ST,11211,,,0240-23-142396,Restaurant,0240,license,2025-05-26,2025-05-09,2027-04-30,40.71428,-73.96077,pip
THE GIBSON,THE GIBSON,BROOKLYN CRAFT INC.,108 BEDFORD AVE AKA145 153N11S,11211,https://www.thegibsonnyc.com/,/liquor/logos/bb3702898719.png,0370-24-115649,Food & Beverage Business,0370,license,2026-05-18,2026-07-01,2028-06-30,40.72013,-73.95524,pip
THE GRAND NATIONAL,THE GRAND NATIONAL,MEANE JOE GREENE LLC,524 GRAND ST,11211,,,0340-22-102943,Restaurant,0340,license,2026-07-15,2026-08-01,2028-07-31,40.71103,-73.95038,pip
THE HENRY NORMAN HOTEL,THE HENRY NORMAN HOTEL,GREENPOINT HOSPITALITY MANAGEMENT GROUP INC,233 NORMAN AVE,11222,https://henrynormanhotel.com,/liquor/logos/08acf0f7e9e1.png,0423-23-135976,Additional Bar,0423,license,2025-02-23,2025-03-01,2027-02-28,40.72754,-73.94411,pip
THE HENRY NORMAN HOTEL,THE HENRY NORMAN HOTEL,GREENPOINT HOSPITALITY MANAGEMENT GROUP INC,233 NORMAN AVE,11222,https://henrynormanhotel.com,/liquor/logos/08acf0f7e9e1.png,0343-23-102793,Hotel,0343,license,2025-02-23,2025-03-01,2027-02-28,40.72754,-73.94411,pip
The Last Call,The Last Call,FAMILY NEGOCIO CORP,588 Grand St,11211,https://www.thelastcallbk.com,/liquor/logos/d487a7ff0b32.png,0370-25-125065,Food & Beverage Business,0370,license,2025-10-03,2025-10-03,2027-09-30,40.71122,-73.94832,pip
THE LEVEE,THE LEVEE,BERRY 212 CORP,212 BERRY STREET,11249,,,0370-23-131767,Food & Beverage Business,0370,license,2025-03-13,2025-04-01,2027-03-31,40.71624,-73.96156,pip
The Little Bookshop LLC,,The Little Bookshop LLC,239 Bushwick Ave,11206,,,0267-26-150858,Food & Beverage Business,0267,license,2026-08-05,2026-08-05,2028-07-31,40.70788,-73.93988,pip
THE LOT RADIO KIOSK,THE LOT RADIO KIOSK,SOMEWHERE IN NEW YORK LLC,17 NASSAU AVE,11222,https://thelotradio.com/,/liquor/logos/de914b79af3f.png,0267-22-113461,Food & Beverage Business,0267,license,2026-08-13,2026-10-01,2028-09-30,40.72268,-73.95403,pip
THE MALLARD DRAKE,THE MALLARD DRAKE,120 FRANKLIN STREET LLC,43 FRANKLIN ST,11222,,,0340-23-128415,Restaurant,0340,license,2025-02-15,2025-02-06,2027-01-31,40.72675,-73.95727,pip
THE MEADOWS,THE MEADOWS,17 MEADOW LLC,17 MEADOW ST,11206,,,0370-22-108109,Food & Beverage Business,0370,license,2026-07-31,2026-09-01,2028-08-31,40.71064,-73.9365,pip
THE MEAT HOOK,THE MEAT HOOK,"THE MEAT HOOK, LLC",397 GRAHAM AVE,11211,http://the-meathook.com/,/liquor/logos/7a5811884a74.png,0071-23-132146,Grocery Store,0071,license,2026-06-03,2026-06-03,2029-05-31,40.71678,-73.94476,pip
THE MONARCH,THE MONARCH,23 MEADOW LLC,23 MEADOW ST,11206,,,0423-23-127665,Additional Bar,0423,license,2026-08-13,2026-10-01,2028-09-30,40.71073,-73.93616,pip
THE MONARCH,THE MONARCH,23 MEADOW LLC,23 MEADOW ST,11206,,,0417-22-102022,Cabaret,0417,license,2026-08-13,2026-10-01,2028-09-30,40.71073,-73.93616,pip
THE MONARCH THEATRE,THE MONARCH THEATRE,"MONARCH THEATRE LLC, THE",146 METROPOLITAN AVE,11249,,,0340-22-114531,Restaurant,0340,license,2024-09-27,2024-10-01,2026-09-30,40.71605,-73.96213,pip
THE MOONLIGHT MILE,THE MOONLIGHT MILE,HTL GREENPOINT LLC,200 FRANKLIN ST,11222,,,0370-22-113174,Food & Beverage Business,0370,license,2026-01-08,2026-02-01,2028-01-31,40.73222,-73.95798,pip
The Mouth,The Mouth,BROOKLYN ART HAUS LLC,20 26 MARCY AVE,11211,https://bkarthaus.com,/liquor/logos/28ee9917a5eb.png,0370-23-128602,Food & Beverage Business,0370,license,2025-09-02,2025-06-01,2027-05-31,40.71333,-73.9548,pip
The Narrows,The Narrows,"Future Bar, Inc.",1037 Flushing Ave,11237,,,0370-25-129821,Food & Beverage Business,0370,license,2025-11-21,2025-11-21,2027-10-31,40.70395,-73.93072,geoclient
THE NATURAL WINE COMPANY,THE NATURAL WINE COMPANY,HEYIN LLC,211 N 11TH ST,11211,https://naturalwine.com,/liquor/logos/ecd7aee8baf4.png,0100-22-115963,Liquor Store,0100,license,2025-09-09,2025-10-01,2028-09-30,40.71875,-73.9533,pip
The Nest,The Nest,The Nest Williamsburg LLC,171 N 3rd St,11211,,,0340-25-131565,Restaurant,0340,license,2025-12-11,2025-12-11,2027-11-30,40.71518,-73.95952,pip
THE PALACE,THE PALACE,FROZENBANANA LLC,206 NASSAU AVE,11222,https://www.greenpointpalace.com,/liquor/logos/a52c1c6ea697.png,0370-24-130925,Food & Beverage Business,0370,license,2024-10-04,2024-11-01,2026-10-31,40.7256,-73.94465,pip
THE PIZZA INN,THE PIZZA INN,LANFRANCO FAMILY LLC,198 UNION AVE,11211,,,0340-23-138529,Restaurant,0340,license,2026-01-12,2026-01-12,2027-02-28,40.70621,-73.95033,pip
The Residence of Mr. Moto,The Residence of Mr. Moto,AYS Don LLC,186 Grand St,11211,https://www.residenceofmrmoto.com,/liquor/logos/b8f24c4c3915.png,0240-25-107855,Restaurant,0240,license,2025-04-22,2025-04-22,2027-03-31,40.71431,-73.96084,pip
THE RICHARDSON,THE RICHARDSON,451 GRAHAM AVENUE CORP,451 GRAHAM AVE,11222,,,0370-24-102284,Food & Beverage Business,0370,license,2026-02-26,2026-03-01,2028-02-29,40.71894,-73.94515,pip
THE ROSEMONT,THE ROSEMONT,63 MONTROSE LLC,63 MONTROSE AVE,11206,https://therosemontnyc.com/,/liquor/logos/20589f0238db.png,0423-22-108807,Additional Bar,0423,license,2026-02-19,2026-03-01,2028-02-29,40.70691,-73.9474,pip
THE ROSEMONT,THE ROSEMONT,63 MONTROSE LLC,63 MONTROSE AVE,11206,https://therosemontnyc.com/,/liquor/logos/20589f0238db.png,0370-24-104417,Food & Beverage Business,0370,license,2026-02-19,2026-03-01,2028-02-29,40.70691,-73.9474,pip
The Snail,The Snail,Joy Hospitality LLC,544 Manhattan Ave,11222,,,0340-25-109212,Restaurant,0340,license,2025-05-06,2025-05-06,2027-04-30,40.72191,-73.9496,pip
The Test Brewery LLC,,The Test Brewery LLC,302 Metropolitan Ave,11211,https://www.thetestbrewery.com/,/liquor/logos/799bfe098bf2.png,0015-26-133651,Farm Brewer,0015,license,2026-01-15,2026-01-15,2028-12-31,40.71457,-73.95786,pip
The Test Brewery LLC,,The Test Brewery LLC,302 Metropolitan Ave,11211,https://www.thetestbrewery.com/,/liquor/logos/799bfe098bf2.png,0014-26-133652,Micro-Brewer,0014,license,2026-01-15,2026-01-15,2028-12-31,40.71457,-73.95786,pip
The Twisted Spine,The Twisted Spine,"The Twisted Spine, LLC",306 Grand St,11211,https://www.twistedspinebooks.com/,/liquor/logos/3cb9d7383ebd.png,0267-26-134603,Food & Beverage Business,0267,license,2026-01-30,2026-01-30,2027-12-31,40.71289,-73.9572,pip
THE WANDERING BARMAN LLC,,THE WANDERING BARMAN LLC,315 MESEROLE ST,11206,,,0054-23-112443,Distiller Class B-1 (Micro-rectifier),0054,license,2026-05-19,2026-08-01,2029-07-31,40.70884,-73.93513,pip
THE WANDERING BARMAN LLC,,THE WANDERING BARMAN LLC,315 MESEROLE ST,11206,,,0370-23-130358,Food & Beverage Business,0370,license,2025-09-22,2025-10-01,2027-09-30,40.70884,-73.93513,pip
THE WEST CAFE,THE WEST CAFE,"WEST CAFE LLC, THE",379 UNION AVE,11211,,,0370-24-123069,Food & Beverage Business,0370,license,2026-07-24,2026-08-01,2028-07-31,40.7118,-73.95125,pip
THE WHISKEY BROOKLYN,THE WHISKEY BROOKLYN,HARD EIGHT RESTAURANT COMPANY LLC,44 Berry St,11249,,,0423-22-103187,Additional Bar,0423,license,2026-07-17,2026-08-01,2028-07-31,40.72098,-73.95644,pip
THE WHISKEY BROOKLYN,THE WHISKEY BROOKLYN,HARD EIGHT RESTAURANT COMPANY LLC,44 Berry St,11249,,,0340-22-104546,Restaurant,0340,license,2026-07-17,2026-08-01,2028-07-31,40.72098,-73.95644,pip
The William Vale; Leuca; Little Fino; Turf Club; Vale Park; Vale Pool; Westlight,The William Vale; Leuca; Little Fino; Turf Club; Vale Park; Vale Pool; Westlight,"WB FNB LLC, William Vale Owner LLC, EOS Hospitality, LLC and WV Hospitality LLC as mgrs",45-59 Wythe Ave,11249,,,0343-25-107300-02,Additional Bar,0423,license,2025-04-14,2025-04-14,2027-03-31,40.70922,-73.96709,pip
The William Vale; Leuca; Little Fino; Turf Club; Vale Park; Vale Pool; Westlight,The William Vale; Leuca; Little Fino; Turf Club; Vale Park; Vale Pool; Westlight,"WB FNB LLC, William Vale Owner LLC, EOS Hospitality, LLC and WV Hospitality LLC as mgrs",45-59 Wythe Ave,11249,,,0343-25-107300-03,Additional Bar,0423,license,2025-04-14,2025-04-14,2027-03-31,40.70922,-73.96709,pip
The William Vale; Leuca; Little Fino; Turf Club; Vale Park; Vale Pool; Westlight,The William Vale; Leuca; Little Fino; Turf Club; Vale Park; Vale Pool; Westlight,"WB FNB LLC, William Vale Owner LLC, EOS Hospitality, LLC and WV Hospitality LLC as mgrs",45-59 Wythe Ave,11249,,,0343-25-107300-04,Additional Bar,0423,license,2025-04-14,2025-04-14,2027-03-31,40.70922,-73.96709,pip
The William Vale; Leuca; Little Fino; Turf Club; Vale Park; Vale Pool; Westlight,The William Vale; Leuca; Little Fino; Turf Club; Vale Park; Vale Pool; Westlight,"WB FNB LLC, William Vale Owner LLC, EOS Hospitality, LLC and WV Hospitality LLC as mgrs",45-59 Wythe Ave,11249,,,0343-25-107300-01,Additional Bar,0423,license,2025-04-14,2025-04-14,2027-03-31,40.70922,-73.96709,pip
The William Vale; Leuca; Little Fino; Turf Club; Vale Park; Vale Pool; Westlight,The William Vale; Leuca; Little Fino; Turf Club; Vale Park; Vale Pool; Westlight,"WB FNB LLC, William Vale Owner LLC, EOS Hospitality, LLC and WV Hospitality LLC as mgrs",45-59 Wythe Ave,11249,,,0343-25-107300,Hotel,0343,license,2025-04-14,2025-04-14,2027-03-31,40.70922,-73.96709,pip
THE WOODS,THE WOODS,48 SOUTH FOURTH STREET CORP,48 S 4TH STREET,11249,https://www.thewoodsbk.com/,/liquor/logos/c05b4e4e34f0.png,0370-23-132745,Food & Beverage Business,0370,license,2025-07-16,2025-09-01,2027-08-31,40.71305,-73.96655,pip
THIEF,THIEF,RHYMIN & THIEVIN LLC,595 UNION AVE,11211,,,0370-23-162933,Food & Beverage Business,0370,license,2025-11-28,2025-12-01,2027-11-30,40.71812,-73.9523,pip
THOMPSON BROOKE,THOMPSON BROOKE,RED TABLE CATERING INC,631 GRAND ST,11211,,,0346-22-116718,Catering Establishment,0346,license,2024-09-19,2024-10-01,2026-09-30,40.71136,-73.94684,pip
THREE DECKER DINER,THREE DECKER DINER,2 GUYS AND DINER INC,695 MANHATTAN AVE,11222,,,0340-23-128845,Restaurant,0340,license,2025-12-02,2025-12-02,2027-07-31,40.72529,-73.95164,pip
THREES BREWING,THREES BREWING,THREEFOLD HOLDINGS LLC,113 FRANKLIN ST,11222,https://threesbrewing.com/pages/greenpoint,/liquor/logos/be9114b90724.svg,0423-22-108215,Additional Bar,0423,license,2026-03-06,2026-04-01,2028-03-31,40.73026,-73.95765,pip
THREES BREWING,THREES BREWING,THREEFOLD HOLDINGS LLC,113 FRANKLIN ST,11222,https://threesbrewing.com/pages/greenpoint,/liquor/logos/be9114b90724.svg,0370-24-107985,Food & Beverage Business,0370,license,2026-03-06,2026-04-01,2028-03-31,40.73026,-73.95765,pip
Tikka Indian Grill Inc,,Tikka Indian Grill Inc,185 Grand St,11211,,,0240-26-140562,Restaurant,0240,license,2026-04-21,2026-04-21,2028-03-31,40.71431,-73.96085,pip
TIPSY SCOOP,TIPSY SCOOP,TIPSY SCOOP BROOKLYN LLC,270 METROPOLITAN AVE,11211,https://tipsyscoop.com/pages/brooklyn-location,/liquor/logos/e38fcc2009ce.png,0267-23-131228,Food & Beverage Business,0267,license,2025-08-15,2025-09-01,2027-08-31,40.71474,-73.95852,pip
Titi's Empanadas Inc,,Titi's Empanadas Inc,160 Havemeyer St,11211,,,0240-26-152512,Restaurant,0240,license,2026-08-25,2026-08-25,2028-07-31,40.71142,-73.95764,pip
Tokyo Mart,Tokyo Mart,GREAT TOKYO MART INC,517 GRAND ST,11211,,,0081-24-104321,Grocery Store,0081,license,2024-02-20,2024-02-20,2027-01-31,40.71102,-73.9505,pip
TOM & JOAN'S WHISKEY BAR,TOM & JOAN'S WHISKEY BAR,GRAHAM AVENUE RESTAURANT CO INC,437 GRAHAM AVE,11211,,,0370-23-133993,Food & Beverage Business,0370,license,2025-03-01,2025-03-01,2027-02-28,40.71826,-73.94499,pip
TONCHIN BROOKLYN,TONCHIN BROOKLYN,FOODEX BROOKLYN LLC,109 N 3RD ST,11211,,,0340-23-138047,Restaurant,0340,license,2026-04-17,2026-06-01,2028-05-31,40.71667,-73.96191,pip
TONY'S PIZZERIA,TONY'S PIZZERIA,TONY'S PIZZERIA OF NASSAU AVE CORP,175 NASSAU AVE,11222,,,0240-23-140218,Restaurant,0240,license,2025-09-26,2025-10-01,2027-09-30,40.72523,-73.94634,pip
Tonys Gril and Deli Corp,,Tonys Gril and Deli Corp,146 Graham Ave,11206,,,0081-25-126520,Grocery Store,0081,license,2025-10-17,2025-10-17,2028-09-30,40.70642,-73.94306,pip
Toribio Grocery Store Corp,,Toribio Grocery Store Corp,335 S 2nd St,11211,,,0081-24-136298,Grocery Store,0081,license,2024-11-15,2024-11-15,2027-10-31,40.71031,-73.954,pip
TORRES GROCERY 2,TORRES GROCERY 2,J & S 339 CORP,339 KEAP ST,11211,,,0081-23-102563,Grocery Store,0081,license,2023-09-29,2023-11-01,2026-10-31,40.70879,-73.95478,pip
TORST,TORST,ADMA LLC,615 MANHATTAN AVE,11222,,,0340-23-129201,Restaurant,0340,license,2025-06-27,2025-08-01,2027-07-31,40.72346,-73.95061,pip
TRACK & FIELD LLC,,TRACK & FIELD LLC,312 Grand St,11211,,,0370-25-114246,Food & Beverage Business,0370,license,2025-06-17,2025-06-17,2027-05-31,40.71283,-73.95704,pip
TRADER JOES #548,TRADER JOES #548,TRADER JOE'S EAST INC.,200 KENT AVE,11249,https://locations.traderjoes.com/ny/brooklyn/548/,/liquor/logos/3f6930f2342f.svg,0081-21-101600,Grocery Store,0081,license,2023-10-31,2023-11-01,2026-10-31,40.71782,-73.96438,pip
TRADESMAN,TRADESMAN,LAMA 222 CORP,222 BUSHWICK AVE,11206,https://tradesmanbar.com/,/liquor/logos/28657e4c9b54.png,0370-22-113928,Food & Beverage Business,0370,license,2026-01-16,2026-02-01,2028-01-31,40.70821,-73.93993,pip
TRAIF,TRAIF,TRAIF LLC,229 S 4TH ST,11211,,,0340-22-104628,Restaurant,0340,license,2026-04-01,2026-04-01,2028-03-31,40.71044,-73.95904,pip
Trisha Deli Inc,,Trisha Deli Inc,255 Greenpoint Ave,11222,,,0138-26-133532,Food & Beverage Business,0138,license,2026-01-14,2026-01-14,2028-12-31,40.73067,-73.94937,pip
TROOST,TROOST,FERRIS MITTLES INC,1011 MANHATTAN AVE,11222,https://troostny.com,/liquor/logos/66dde79fbeff.svg,0370-23-131763,Food & Beverage Business,0370,license,2025-05-02,2025-05-01,2027-04-30,40.73349,-73.9548,pip
TSTREET LLC,,TSTREET LLC,279 GRAND ST,11211,,,0340-22-107809,Restaurant,0340,license,2024-11-01,2024-12-01,2026-11-30,40.71312,-73.95785,pip
TUFFET,TUFFET,LITTLE MISS M'S LLC,286 GRAHAM AVE,11211,,,0370-24-136254,Food & Beverage Business,0370,license,2024-11-19,2024-12-01,2026-11-30,40.71211,-73.94399,pip
"TURKEYS NEST INC,THE",,"TURKEYS NEST INC,THE",94 BEDFORD AVE,11249,,,0370-22-107218,Food & Beverage Business,0370,license,2026-02-03,2026-03-01,2028-02-29,40.72052,-73.95485,pip
TWINS LOUNGE,TWINS LOUNGE,732 TOWNIES INC,732 MANHATTAN AVE,11222,https://www.instagram.com/twinsloungenyc,,0370-24-123337-01,Additional Bar,0423,license,2026-07-28,2026-09-01,2028-08-31,40.72624,-73.95219,pip
TWINS LOUNGE,TWINS LOUNGE,732 TOWNIES INC,732 MANHATTAN AVE,11222,https://www.instagram.com/twinsloungenyc,,0370-24-123337,Food & Beverage Business,0370,license,2026-07-28,2026-09-01,2028-08-31,40.72624,-73.95219,pip
TWO HANDS,TWO HANDS,TWO HANDS WILLIAMSBURG LLC,266 KENT AVE,11249,https://www.twohandsnyc.com/location/williamsburg/,,0340-22-108858,Restaurant,0340,license,2026-04-17,2026-05-01,2028-04-30,40.71589,-73.96625,pip
U Omakase,U Omakase,Tiny Omakase LLC,173 Greenpoint Ave,11222,,,0240-25-107603,Restaurant,0240,license,2025-04-17,2025-04-17,2027-03-31,40.73033,-73.95273,pip
UFO Mini Market Corp,,UFO Mini Market Corp,237 Bushwick Ave,11206,,,0081-26-135427,Grocery Store,0081,license,2026-02-12,2026-02-12,2029-01-31,40.70785,-73.93987,pip
Ugly Baby,Ugly Baby,Fluke Moon LLC,364 Grand St,11211,,,0340-26-150662-01,Additional Bar,0423,license,2026-08-05,2026-08-03,2028-07-31,40.71231,-73.95562,pip
Ugly Baby,Ugly Baby,Fluke Moon LLC,364 Grand St,11211,,,0340-26-150662,Restaurant,0340,license,2026-08-03,2026-08-03,2028-07-31,40.71231,-73.95562,pip
UME,UME,UME SUSHI LLC,237 KENT AVE,11249,,,0240-22-101687,Restaurant,0240,license,2024-10-22,2024-11-01,2026-10-31,40.71662,-73.96567,pip
UNION BEER DISTRIBUTORS,UNION BEER DISTRIBUTORS,U B DISTRIBUTORS LLC,1213 1217 GRAND STREET,11211,,,0001-23-141873,Wholesale Beer (Retail),0001,license,2026-06-11,2026-07-01,2027-06-30,40.71521,-73.92766,pip
UNION BEER DISTRIBUTORS,UNION BEER DISTRIBUTORS,U B DISTRIBUTORS LLC,1213 1217 GRAND STREET,11211,,,0009-21-113623,Wholesale Liquor,0009,license,2025-08-26,2024-04-01,2027-03-31,40.71521,-73.92766,pip
UNION POOL,UNION POOL,LOOP DE LOU PRODUCTION CORP,484 486 UNION AVENUE,11211,https://www.union-pool.com,/liquor/logos/6ba35a13c877.png,0423-22-103972,Additional Bar,0423,license,2024-09-26,2024-10-01,2026-09-30,40.715,-73.95179,pip
UNION POOL,UNION POOL,LOOP DE LOU PRODUCTION CORP,484 486 UNION AVENUE,11211,https://www.union-pool.com,/liquor/logos/6ba35a13c877.png,0423-22-104777,Additional Bar,0423,license,2024-09-26,2024-10-01,2026-09-30,40.715,-73.95179,pip
UNION POOL,UNION POOL,LOOP DE LOU PRODUCTION CORP,484 486 UNION AVENUE,11211,https://www.union-pool.com,/liquor/logos/6ba35a13c877.png,0340-22-109646,Restaurant,0340,license,2024-09-26,2024-10-01,2026-09-30,40.715,-73.95179,pip
unique restaurant & cafe,unique restaurant & cafe,Three Brother Minimart Inc,711 Manhattan Ave,11222,,,0524-26-46493,Temporary retail,0524,temporary,2026-06-20,2026-06-20,2026-12-17,40.7258,-73.95193,pip
UNIVERSAL CONVENIENCE CORP,,UNIVERSAL CONVENIENCE CORP,267 BROADWAY,11211,,,0081-22-132185,Grocery Store,0081,license,2024-12-10,2025-01-01,2027-12-31,40.70882,-73.95899,pip
UNKNOWN BATHS LLC,,UNKNOWN BATHS LLC,103 N 10TH ST,11249,,,0340-23-136898,Restaurant,0340,license,2025-09-30,2025-10-01,2027-09-30,40.72055,-73.95766,pip
UNVEILED,UNVEILED,WVH BAR LLC,94 N 13th St,11249,,,0370-24-125330,Food & Beverage Business,0370,license,2026-07-28,2026-08-01,2028-07-31,40.72269,-73.95667,pip
UPSIDE PIZZA,UPSIDE PIZZA,UP 640 LLC & MDW Hospitality LLC as Mgr,640 MANHATTAN AVE,11222,https://www.upsidepizza.com,/liquor/logos/9e7630f1d7dc.png,0370-24-117474,Food & Beverage Business,0370,license,2026-07-30,2026-07-01,2028-06-30,40.72413,-73.95099,pip
UPSTATE STOCK,UPSTATE STOCK,AGING YOUNG REBELS LLC,2 BERRY ST,11249,https://www.upstatestock.com/,/liquor/logos/01199af36815.png,0071-24-110761,Grocery Store,0071,license,2024-04-22,2024-04-22,2027-03-31,40.72237,-73.95496,pip
UVA WINES & SPIRITS,UVA WINES & SPIRITS,BEDFORD N4 WINE INC,237 BEDFORD AVE,11211,,,0100-22-117221,Liquor Store,0100,license,2024-12-06,2025-01-01,2027-12-31,40.71599,-73.9597,pip
VALENCIAS CAFE WINE & TAPAS INC,,VALENCIAS CAFE WINE & TAPAS INC,130 GRAND ST,11249,,,0267-23-127817,Food & Beverage Business,0267,license,2025-07-23,2025-08-01,2027-07-31,40.71498,-73.96249,pip
VAMOS AL TEQUILA,VAMOS AL TEQUILA,ABRIL NY CORPORATION,162 FRANKLIN ST,11222,,,0340-22-104908,Restaurant,0340,license,2024-10-30,2024-11-01,2026-10-31,40.73077,-73.95774,pip
VANESSAS DUMPLING HOUSE,VANESSAS DUMPLING HOUSE,VANESSAS DUMPLING HOUSE INC,310 BEDFORD AVE,11249,https://vanessas.com/williamsburg/,,0240-21-122617,Restaurant,0240,license,2025-11-13,2025-12-01,2027-11-30,40.71375,-73.96177,pip
VELVET LOUNGE,VELVET LOUNGE,PEANUT INDUSTRIES INC,174 BROADWAY,11211,https://velvetbrooklyn.com/,/liquor/logos/08c3c84502b8.png,0370-23-134984,Food & Beverage Business,0370,license,2025-10-09,2025-11-01,2027-10-31,40.71005,-73.96267,pip
VENUS WINES AND SPIRITS INC,,VENUS WINES AND SPIRITS INC,494 LORIMER ST,11211,https://venuswinesnyc.com,/liquor/logos/9758e333f992.png,0100-21-114925,Liquor Store,0100,license,2024-07-08,2024-08-01,2027-07-31,40.71169,-73.94898,pip
VERA CRUZ ON BEDFORD AVE,VERA CRUZ ON BEDFORD AVE,VERA CRUZ ON BEDFORD AVE CORP,195 BEDFORD AVE,11211,https://veracruzbrooklyn.com/,,0340-21-118503,Restaurant,0340,license,2025-10-23,2025-11-01,2027-10-31,40.71743,-73.95816,pip
VERGE,VERGE,C&Z YUNA INC,159 FRANKLIN ST,11222,,,0240-23-141465,Restaurant,0240,license,2025-07-09,2025-08-01,2027-07-31,40.7319,-73.95792,pip
VESELKA,VESELKA,VESELKA LORIMER RESTAURANT LLC,646 Lorimer St,11211,https://veselka.com/pages/locations,/liquor/logos/ca92ece18339.png,0340-25-120206,Restaurant,0340,license,2026-04-09,2026-06-01,2028-05-31,40.7164,-73.94977,pip
Vesper Events,Vesper Events,La Sirena Events Inc.,25 Kent Ave Fl 4,11249,,,0346-25-107884-01,Additional Bar,0423,license,2025-04-22,2025-04-22,2027-03-31,40.72328,-73.95853,pip
Vesper Events,Vesper Events,La Sirena Events Inc.,25 Kent Ave Fl 4,11249,,,0346-25-107884,Catering Establishment,0346,license,2025-04-22,2025-04-22,2027-03-31,40.72328,-73.95853,pip
VINE BOX,VINE BOX,GREENPOINT BAZAAR INC,178 NASSAU AVE,11222,,,0091-22-102348,Wine Store,0091,license,2025-03-06,2025-04-01,2028-03-31,40.7253,-73.94613,pip
VINE WINE,VINE WINE,CHANDELIER & CARDBOARD INC,619 LORIMER ST,11211,,,0100-21-114289,Liquor Store,0100,license,2024-07-29,2024-08-01,2027-07-31,40.71559,-73.94962,pip
VITAL CLIMBING GYM,VITAL CLIMBING GYM,VITAL EAST LLC & LIVING WELL LLC,1 NASSAU AVE,11222,https://www.vitalclimbinggym.com/brooklyn,/liquor/logos/1d683ea70540.png,0240-23-142047,Restaurant,0240,license,2025-04-03,2025-05-01,2027-04-30,40.72251,-73.95459,pip
VIVA TORO,VIVA TORO,VIVA DR CORP,987 GRAND ST,11211,,,0340-23-131307,Restaurant,0340,license,2025-04-25,2025-05-01,2027-04-30,40.71325,-73.93533,pip
WALGREENS,WALGREENS,"WALGREEN EASTERN CO., INC.",750 MANHATTAN AVE,11222,https://www.walgreens.com/locator/walgreens-750+manhattan+ave-brooklyn-ny-11222/id=17269,/liquor/logos/eba843ef37c2.png,0082-22-100592,Drug Store,0082,license,2025-02-13,2025-02-13,2028-01-31,40.72653,-73.95235,pip
WALGREENS,WALGREENS,"WALGREEN EASTERN CO., INC.",210 UNION AVE,11211,,,0082-22-102116,Drug Store,0082,license,2025-02-13,2025-02-13,2028-01-31,40.70708,-73.95025,pip
WALGREENS STORE #21337,WALGREENS STORE #21337,"WALGREEN EASTERN CO., INC.",285 BROADWAY,11211,,,0082-22-101311,Drug Store,0082,license,2025-02-13,2025-02-13,2028-01-31,40.70865,-73.95854,pip
WANPAKU,WANPAKU,TABEMEN INC,621 MANHATTAN AVE,11222,https://www.wanpakubk.com,/liquor/logos/2ab955192ced.png,0340-22-104818,Restaurant,0340,license,2026-04-03,2026-05-01,2028-04-30,40.72361,-73.95069,pip
WARIQUE GARDEN,WARIQUE GARDEN,MAYU RESTAURANT INC,181 GRAHAM AVE,11206,,,0340-24-112208,Restaurant,0340,license,2026-04-30,2026-05-01,2028-04-30,40.70825,-73.94336,pip
Warsaw,Warsaw,DLS EVENTS LLC,261 7 DRIGGS AVE,11222,,,0423-24-112082,Additional Bar,0423,license,2026-03-24,2026-04-01,2028-03-31,40.72354,-73.93918,pip
Warsaw,Warsaw,DLS EVENTS LLC,261 7 DRIGGS AVE,11222,,,0423-24-112083,Additional Bar,0423,license,2026-03-24,2026-04-01,2028-03-31,40.72354,-73.93918,pip
Warsaw,Warsaw,DLS EVENTS LLC,261 7 DRIGGS AVE,11222,,,0370-24-110986,Food & Beverage Business,0370,license,2026-03-24,2026-04-01,2028-03-31,40.72354,-73.93918,pip
WASABI,WASABI,RCLY INC,638 MANHATTAN AVE,11222,,,0340-23-136793,Restaurant,0340,license,2025-06-18,2025-07-01,2027-06-30,40.72407,-73.95095,pip
WATERBURY WINE & SPIRITS,WATERBURY WINE & SPIRITS,WATERBURY WINE & SPIRITS INC,53 WATERBURY ST,11206,,,0100-23-124331,Liquor Store,0100,license,2025-10-07,2025-11-01,2028-10-31,40.70922,-73.93707,pip
Wayne & Sons,Wayne & Sons,Trio Bravo LLC,404 Wythe Ave,11249,,,0340-26-143195,Restaurant,0340,license,2026-05-15,2026-05-15,2028-04-30,40.71222,-73.96607,pip
WE GOT COMPANY,WE GOT COMPANY,TEAM CAMEO LLC,441 METROPOLITAN AVE,11211,https://wegotcompany.bar/,/liquor/logos/ad4296a8b9ca.png,0370-24-136257,Food & Beverage Business,0370,license,2024-11-18,2024-12-01,2026-11-30,40.71407,-73.95389,pip
WENWEN,WENWEN,TASTY TAIWAN 2 LLC,1025 MANHATTAN AVE,11222,https://www.wenwenbrooklyn.com/,/liquor/logos/2aa5a1ae2219.png,0340-22-105174,Restaurant,0340,license,2026-01-29,2026-02-01,2028-01-31,40.73399,-73.95488,pip
WESTVILLE,WESTVILLE,WV DRIGGS LLC,658 DRIGGS AVE,11211,,,0340-23-139132,Restaurant,0340,license,2025-05-22,2025-02-01,2027-01-31,40.71462,-73.95904,pip
WEYLIN B SEYMOUR'S,WEYLIN B SEYMOUR'S,WEYLIN SEYMOUR LLC,175 BROADWAY,11211,,,0346-23-124164,Catering Establishment,0346,license,2025-05-30,2025-06-01,2027-05-31,40.71,-73.96253,pip
WEYLIN B SEYMOUR'S,WEYLIN B SEYMOUR'S,WEYLIN SEYMOUR LLC,175 BROADWAY,11211,,,0340-23-135943,Restaurant,0340,license,2025-01-15,2025-02-01,2027-01-31,40.71,-73.96253,pip
WHISKEY SHOP,WHISKEY SHOP,CK BROOKLYN LLC,44 BERRY ST STORE #5 AKA 109 N,11249,,,0100-23-123773,Liquor Store,0100,license,2026-03-27,2026-05-01,2029-04-30,40.72098,-73.95644,pip
WHITE STAR WINE & LIQUORS INC.,,WHITE STAR WINE & LIQUORS INC.,907 MANHATTAN AVENUE,11222,,,0100-21-114843,Liquor Store,0100,license,2024-09-03,2024-09-03,2027-08-31,40.73045,-73.95427,pip
Whole Foods Market Daily Shop,Whole Foods Market Daily Shop,"WHOLE FOODS MARKET GROUP, INC.",774 Grand St,11211,,,0071-26-136028,Grocery Store,0071,license,2026-02-23,2026-02-23,2027-10-31,40.7118,-73.94197,pip
"WHOLE FOODS MARKET GROUP, INC.",,"WHOLE FOODS MARKET GROUP, INC.",238 BEDFORD AVE,11249,https://www.wholefoodsmarket.com/stores/williamsburg,/liquor/logos/0b9b4a4d3ebd.svg,0081-21-110437,Grocery Store,0081,license,2024-10-25,2024-11-01,2027-10-31,40.71605,-73.95964,pip
Wholesome Basket Beer & Grocery,Wholesome Basket Beer & Grocery,741 Metro Mini Market Corp.,741 Metropolitan Ave,11211,,,0071-26-137787,Grocery Store,0071,license,2026-03-17,2026-03-17,2029-02-28,40.71455,-73.94412,pip
WHOLESOME GOURMET DELI INC,,WHOLESOME GOURMET DELI INC,101 NASSAU AVE,11354,,,0081-23-164425,Grocery Store,0081,license,2023-12-16,2023-12-16,2026-11-30,40.724,-73.95006,pip
WILLAMSBURG SUSHI HAYASHI INC.,,WILLAMSBURG SUSHI HAYASHI INC.,227 Grand St Unit C1,11211,,,0524-26-49058,Temporary retail,0524,temporary,2026-07-17,2026-07-23,2026-10-20,40.71372,-73.9594,pip
WILLIAM ORGANIC MARKET INC,,WILLIAM ORGANIC MARKET INC,296 LEONARD ST,11211,,,0081-22-119121,Grocery Store,0081,license,2025-05-21,2025-05-21,2028-04-30,40.71436,-73.94775,pip
Williamburg Convenience,Williamburg Convenience,Masud Enterprise Inc,358 Broadway Unit 1A,11211,,,0524-26-39409,Temporary retail,0524,temporary,2026-04-06,2026-04-06,2026-10-03,40.70756,-73.95542,pip
Williams 1 Stop Shop Corp,,Williams 1 Stop Shop Corp,100 Berry St,11249,,,0524-26-49878,Temporary retail,0524,temporary,2026-07-24,2026-07-24,2026-09-21,40.71904,-73.95855,pip
Williams Grab N Go Convenience,Williams Grab N Go Convenience,WB Market and Convenience Store Inc,364 Bedford Ave,11249,,,0081-24-126789,Grocery Store,0081,license,2024-09-03,2024-08-30,2027-07-31,40.71175,-73.96304,pip
WILLIAMSBURG CINEMAS,WILLIAMSBURG CINEMAS,WILLIAMSBURG CINEMAS LLC,217 GRAND STREET,11211,,,0267-23-128719,Food & Beverage Business,0267,license,2026-05-15,2025-07-11,2027-05-31,40.71392,-73.9599,pip
WILLIAMSBURG DELI GROCERY CORP,,WILLIAMSBURG DELI GROCERY CORP,153 HAVEMEYER ST,11211,,,0081-23-103303,Grocery Store,0081,license,2026-03-09,2026-05-01,2029-04-30,40.71151,-73.95758,pip
Williamsburg Deli Service LLC,,Williamsburg Deli Service LLC,296 Broadway,11211,,,0081-24-136305,Grocery Store,0081,license,2024-11-15,2024-11-15,2027-10-31,40.70851,-73.95817,pip
Williamsburg Organic Deli 2 Corp,,Williamsburg Organic Deli 2 Corp,301 Union Ave,11211,,,0081-25-130532,Grocery Store,0081,license,2025-12-01,2025-12-01,2028-11-30,40.70951,-73.95088,pip
WILLIAMSBURG THAI CUISINE,WILLIAMSBURG THAI CUISINE,WILLIAMSBURG THAI CUISINE NY INC,212 BEDFORD AVE,11211,http://thaicuisinebedford.com,/liquor/logos/c46e6d91743d.png,0240-22-100299,Restaurant,0240,license,2024-12-11,2025-01-01,2026-12-31,40.7169,-73.95873,pip
WILLIAMSBURGH LIQUOR STORE INC,,WILLIAMSBURGH LIQUOR STORE INC,181 Havemeyer St,11211,,,0100-21-115384,Liquor Store,0100,license,2025-10-15,2024-10-01,2027-09-30,40.71069,-73.9581,pip
WIN SON,WIN SON,WINSOME FOODS LLC,159 GRAHAM AVE,11206,https://www.winsonbrooklyn.com,/liquor/logos/cef450b3493f.svg,0340-22-104545,Restaurant,0340,license,2026-06-04,2026-04-02,2028-03-31,40.70748,-73.94323,pip
WIN SON BAKERY,WIN SON BAKERY,WIN STAR FOODS LLC,164 GRAHAM AVE,11206,https://www.winsonbrooklyn.com,/liquor/logos/cdced89a7516.svg,0340-23-136639,Restaurant,0340,license,2025-09-17,2025-10-01,2027-09-30,40.70719,-73.94319,pip
WINS' SOCIETY GOLF CLUB,WINS' SOCIETY GOLF CLUB,"SNOW WHITE GROUP LLC, THE",8 BERRY ST,11249,,,0340-24-100338,Restaurant,0340,license,2025-12-02,2026-01-01,2027-12-31,40.72214,-73.95522,pip
WITH OTHERS BROOKLYN,WITH OTHERS BROOKLYN,SHE SAID NYC LLC,340 BEDFORD AVE,11249,https://www.withothersbrooklyn.com,/liquor/logos/37e8e7ffa1b9.png,0267-24-117044,Food & Beverage Business,0267,license,2026-05-13,2026-06-01,2028-05-31,40.71275,-73.9624,pip
WOODHUL WINEBAR,WOODHUL WINEBAR,644 DRIGGS AVE LLC,644 DRIGGS AVE,11211,,,0340-22-103767,Restaurant,0340,license,2026-04-22,2026-05-01,2028-04-30,40.71494,-73.9587,pip
WVH RESTAURANT LLC,,WVH RESTAURANT LLC,107 N 12th St,11249,,,0524-26-46931,Temporary retail,0524,temporary,2026-06-24,2026-06-24,2026-12-21,40.72206,-73.95714,pip
WYTHE HOTEL AND REYNARD,WYTHE HOTEL AND REYNARD,80 WYTHE LLC,80 WYTHE AVE,11211,https://www.wythehotel.com/,/liquor/logos/f81ef470cbbd.png,0423-23-137274,Additional Bar,0423,license,2026-03-17,2026-04-01,2028-03-31,40.7218,-73.95794,pip
WYTHE HOTEL AND REYNARD,WYTHE HOTEL AND REYNARD,80 WYTHE LLC,80 WYTHE AVE,11211,https://www.wythehotel.com/,/liquor/logos/f81ef470cbbd.png,0423-23-136733,Additional Bar,0423,license,2026-03-17,2026-04-01,2028-03-31,40.7218,-73.95794,pip
WYTHE HOTEL AND REYNARD,WYTHE HOTEL AND REYNARD,80 WYTHE LLC,80 WYTHE AVE,11211,https://www.wythehotel.com/,/liquor/logos/f81ef470cbbd.png,0343-23-102507,Hotel,0343,license,2026-03-17,2026-04-01,2028-03-31,40.7218,-73.95794,pip
X Golf Brooklyn,X Golf Brooklyn,X-GOLF BROOKLYN LLC,105 N 13th St,11249,,,0370-24-123605,Food & Beverage Business,0370,license,2026-06-04,2026-08-01,2028-07-31,40.7224,-73.9562,pip
XIXA,XIXA,XIXA LLC,241 S 4TH ST,11211,,,0340-22-106719,Restaurant,0340,license,2026-04-30,2026-05-01,2028-04-30,40.71031,-73.95855,pip
XOLO,XOLO,CACTUS AND CO BK LLC,21 DUNHAM PLACE,11249,,,0340-22-105495,Restaurant,0340,license,2026-04-20,2026-05-01,2028-04-30,40.7114,-73.96736,pip
XTC Bushwick LLC,,XTC Bushwick LLC,1277 Flushing Ave,11237,,,0524-26-51407,Temporary retail,0524,temporary,2026-08-12,2026-08-12,2027-02-08,40.70918,-73.92213,geoclient
YIA YIA'S TAVERNA LLC,,YIA YIA'S TAVERNA LLC,1035 FLUSHING AVE,11237,,,0240-21-122764,Restaurant,0240,license,2026-01-02,2026-01-02,2027-12-31,40.70392,-73.9308,geoclient
Yoshi NY Inc,,Yoshi NY Inc,2 Havemeyer St,11211,,,0524-26-40248,Temporary retail,0524,temporary,2026-04-16,2026-04-16,2026-10-13,40.71646,-73.95276,pip
Yun Hai 170 Montrose LLC,,Yun Hai 170 Montrose LLC,170 Montrose Ave,11206,,,0081-25-112408,Grocery Store,0081,license,2025-06-03,2025-06-03,2028-05-31,40.70738,-73.94257,pip
YUU NEW YORK INC,,YUU NEW YORK INC,55 NASSAU AVE,11222,,,0340-23-138863,Restaurant,0340,license,2025-03-14,2025-04-01,2027-03-31,40.72328,-73.95223,pip
ZACK'S ORGANIC PLUS INC,,ZACK'S ORGANIC PLUS INC,1104 MANHATTAN AVE,11222,,,0081-24-107010,Grocery Store,0081,license,2024-03-18,2024-03-18,2027-02-28,40.73626,-73.95524,pip
ZAMAAN BAR & RESTAURANT INC,,ZAMAAN BAR & RESTAURANT INC,349 BROADWAY,11211,,,0370-23-164995,Food & Beverage Business,0370,license,2025-12-15,2026-01-01,2027-12-31,40.70771,-73.95587,pip
ZEN YAI,ZEN YAI,#1 PHO INC,208 GRAND ST,11211,,,0340-23-130284,Restaurant,0340,license,2025-08-21,2025-09-01,2027-08-31,40.71406,-73.96024,pip
ZEV ROVINE SELECTIONS,ZEV ROVINE SELECTIONS,ZRS WINES LLC,119 INGRAHAM ST,11237,,,0009-22-116763,Wholesale Liquor,0009,license,2024-12-16,2025-01-01,2027-12-31,40.70754,-73.92908,pip
Zoli,Zoli,"AMANT CAFE, LLC AND 312 MAUJER MANAGEMENT LLC",312 Maujer St,11206,,,0340-26-137575-01,Additional Bar,0423,license,2026-03-13,2026-03-13,2028-02-29,40.71218,-73.93662,pip
Zoli,Zoli,"AMANT CAFE, LLC AND 312 MAUJER MANAGEMENT LLC",312 Maujer St,11206,,,0340-26-137575,Restaurant,0340,license,2026-03-13,2026-03-13,2028-02-29,40.71218,-73.93662,pip
{Rear Ground Floor},{Rear Ground Floor},Mr. Melo LLC,61 Withers St,11211,,,0370-25-101419-01,Additional Bar,0423,license,2025-01-30,2025-01-23,2026-12-31,40.71679,-73.95011,pip
{Rear Ground Floor},{Rear Ground Floor},Mr. Melo LLC,61 Withers St,11211,,,0370-25-101419,Food & Beverage Business,0370,license,2025-01-23,2025-01-23,2026-12-31,40.71679,-73.95011,pip
