display_name,dba,legal_name,address,zip,website,logo,license_id,license_description,class,type,original_issue,effective,expires,lat,lon,assignment_method
(1st floor right side - Additional Bar #3),(1st floor right side - Additional Bar #3),DLS EVENTS LLC,385 FLATBUSH AVE EXT,11201,,,0417-24-112684-03,Additional bar- legitimate theater,0422,license,2026-04-27,2026-05-01,2028-04-30,40.69017,-73.98151,pip
(1st floor right side - Additional Bar #3),(1st floor right side - Additional Bar #3),DLS EVENTS LLC,385 FLATBUSH AVE EXT,11201,,,0422-24-112681,Additional bar- legitimate theater,0422,license,2026-04-27,2026-05-01,2028-04-30,40.69017,-73.98151,pip
(1st floor right side - Additional Bar #3),(1st floor right side - Additional Bar #3),DLS EVENTS LLC,385 FLATBUSH AVE EXT,11201,,,0417-24-112684-04,Additional bar- legitimate theater,0422,license,2026-04-24,2026-05-01,2028-04-30,40.69017,-73.98151,pip
(1st floor right side - Additional Bar #3),(1st floor right side - Additional Bar #3),DLS EVENTS LLC,385 FLATBUSH AVE EXT,11201,,,0417-24-112684-01,Additional bar- legitimate theater,0422,license,2026-04-24,2026-05-01,2028-04-30,40.69017,-73.98151,pip
(1st floor right side - Additional Bar #3),(1st floor right side - Additional Bar #3),DLS EVENTS LLC,385 FLATBUSH AVE EXT,11201,,,0417-24-112684-05,Additional bar- legitimate theater,0422,license,2026-04-27,2026-05-01,2028-04-30,40.69017,-73.98151,pip
(1st floor right side - Additional Bar #3),(1st floor right side - Additional Bar #3),DLS EVENTS LLC,385 FLATBUSH AVE EXT,11201,,,0417-24-112684-02,Additional bar- legitimate theater,0422,license,2026-04-27,2026-05-01,2028-04-30,40.69017,-73.98151,pip
(1st floor right side - Additional Bar #3),(1st floor right side - Additional Bar #3),DLS EVENTS LLC,385 FLATBUSH AVE EXT,11201,,,0417-24-112684,Cabaret,0417,license,2026-04-24,2026-05-01,2028-04-30,40.69017,-73.98151,pip
165 YORK FINE FOOD CORP,,165 YORK FINE FOOD CORP,165 YORK STREET,11201,,,0081-22-127355,Grocery Store,0081,license,2025-09-12,2025-10-01,2028-09-30,40.70143,-73.98437,pip
233 Metro Finest Corp,,233 Metro Finest Corp,233 Schermerhorn Street,11202,,,0081-26-136158,Grocery Store,0081,license,2026-02-24,2026-02-24,2029-01-31,40.68844,-73.9846,pip
28 Jay ST Wine,28 Jay ST Wine,145 Tijori LLC,28 Jay St,11201,,,0267-24-125545,Food & Beverage Business,0267,license,2026-07-02,2026-08-01,2028-07-31,40.70402,-73.98661,pip
2nd Floor Mezzanine Add Bar,2nd Floor Mezzanine Add Bar,Hersha Hospitality Management L.P. & PHG Tillary LLC,85 Flatbush Ave Extension,11201,,,0340-25-104273-01,Additional Bar,0423,license,2025-03-06,2025-03-06,2027-02-28,40.6965,-73.98466,pip
2nd Floor Mezzanine Add Bar,2nd Floor Mezzanine Add Bar,Hersha Hospitality Management L.P. & PHG Tillary LLC,85 Flatbush Ave Extension,11201,,,0340-25-104273,Restaurant,0340,license,2026-07-09,2025-03-06,2027-02-28,40.6965,-73.98466,pip
322 MUBAREZ GROCERY CORP,,322 MUBAREZ GROCERY CORP,322 DEKALB AVE,11205,,,0081-23-110889,Grocery Store,0081,license,2026-07-29,2026-08-01,2029-07-31,40.68973,-73.96557,pip
477 NEWS & TOBACCO,477 NEWS & TOBACCO,SAJAN INC,477 MYRTLE AVE,11205,,,0081-23-102763,Grocery Store,0081,license,2026-04-20,2026-06-01,2029-05-31,40.69341,-73.96624,pip
492 SUPERMARKET CORP,,492 SUPERMARKET CORP,492 MYRTLE AVENUE,11205,,,0081-23-116041,Grocery Store,0081,license,2026-06-17,2026-06-01,2029-05-31,40.6934,-73.96531,pip
497 MYRTLE DELI CORP,,497 MYRTLE DELI CORP,497 MYRTLE AVE,11205,,,0081-21-112778,Grocery Store,0081,license,2024-07-25,2024-08-01,2027-07-31,40.69352,-73.96523,pip
50 Slices LLC,,50 Slices LLC,50 Henry St,11201,,,0340-24-137591,Restaurant,0340,license,2024-12-02,2024-12-02,2026-11-30,40.69949,-73.99203,pip
7 ELEVEN STORE #41120A,7 ELEVEN STORE #41120A,TOGYZ CORPORATION,241 ATLANTIC AVE,11201,https://www.7-eleven.com/locations/ny/brooklyn/241-atlantic-ave-41120,/liquor/logos/2c72fe774890.svg,0081-24-105601,Grocery Store,0081,license,2024-03-06,2024-03-06,2027-02-28,40.68931,-73.99123,pip
7 ELEVEN STORE 34495B,7 ELEVEN STORE 34495B,RI STORE CORPORATION,395 FLATBUSH AVE EXTENSION,11201,https://www.7-eleven.com/locations/ny/brooklyn/395-flatbush-ave-ext-34495,/liquor/logos/d2f350a0fe4e.svg,0081-23-102357,Grocery Store,0081,license,2026-04-15,2026-07-01,2029-06-30,40.68934,-73.9811,pip
909 FULTON GROCERY DELI & CORP,,909 FULTON GROCERY DELI & CORP,909 FULTON STREET,11238,,,0081-22-128246,Grocery Store,0081,license,2025-01-14,2025-03-01,2028-02-29,40.68345,-73.96677,pip
A & G RIVER DELI LLC,,A & G RIVER DELI LLC,28 34 COLUMBIA PLACE,11201,,,0340-22-104448,Restaurant,0340,license,2026-02-17,2026-04-01,2028-03-31,40.69266,-73.99879,pip
A LOFT NEW YORK BROOKLYN,A LOFT NEW YORK BROOKLYN,BROOKLYN DOWNTOWN HOTEL LLC,216 DUFFIELD ST,11201,,,0343-23-122075,Hotel,0343,license,2025-04-14,2025-06-01,2027-05-31,40.6917,-73.98435,pip
A-ROD GROCERY,A-ROD GROCERY,R & R FOODS CORP,457 MYRTLE AVE,11205,,,0081-21-110883,Grocery Store,0081,license,2023-12-18,2024-01-01,2026-12-31,40.69329,-73.9672,pip
ABC Kitchen,ABC Kitchen,JG Dumbo LLC,55 Water St,11201,,,0340-25-120354,Restaurant,0340,license,2025-08-20,2025-08-20,2027-07-31,40.70329,-73.99166,pip
ABSOLUTE COFFEE,ABSOLUTE COFFEE,ABSOLUTE COFFEE LLC,327 ATLANTIC AVE,11201,https://www.absolutecoffee.nyc,/liquor/logos/733f90bc5461.png,0267-22-112302,Food & Beverage Business,0267,license,2026-06-29,2026-08-01,2028-07-31,40.68805,-73.98771,pip
ACE Hotel Brooklyn,ACE Hotel Brooklyn,"Bond Street Lessee, LLC and LDVBrooklyn, LLC",61 Bond St,11217,https://acehotel.com/brooklyn/,/liquor/logos/f8f566253343.svg,0343-25-132156-01,Additional Bar,0423,license,2025-12-22,2025-12-22,2027-11-30,40.68787,-73.9842,pip
ACE Hotel Brooklyn,ACE Hotel Brooklyn,"Bond Street Lessee, LLC and LDVBrooklyn, LLC",61 Bond St,11217,https://acehotel.com/brooklyn/,/liquor/logos/f8f566253343.svg,0343-25-132156,Hotel,0343,license,2025-12-22,2025-12-22,2027-11-30,40.68787,-73.9842,pip
AITA,AITA,GIURO LLC,132 GREENE AVE,11238,https://www.aitarestaurant.com,,0423-22-114729,Additional Bar,0423,license,2026-02-02,2026-03-01,2028-02-29,40.68659,-73.96666,pip
AITA,AITA,GIURO LLC,132 GREENE AVE,11238,https://www.aitarestaurant.com,,0340-22-114624,Restaurant,0340,license,2026-02-02,2026-03-01,2028-02-29,40.68659,-73.96666,pip
Alamo Drafthouse Cinema and House of Wax,Alamo Drafthouse Cinema and House of Wax,"ALAMO CITY POINT BUYER, LLC",445 Gold St,11201,https://drafthouse.com/nyc/theater/downtown-brooklyn,/liquor/logos/3c63cd30e2cd.png,0340-26-136199,Restaurant,0340,license,2026-02-25,2026-02-25,2028-01-31,40.69074,-73.98348,pip
Aldi #212,Aldi #212,ALDI INC. (NEW YORK),625 Fulton St,11201,,,0071-25-128592,Grocery Store,0071,license,2025-11-09,2025-11-09,2026-12-31,40.68857,-73.98012,pip
ALL IN ONE MART,ALL IN ONE MART,79 GREEN APPLE CORP,85 PINEAPPLE WALK,11201,,,0081-21-110242,Grocery Store,0081,license,2024-11-07,2024-12-01,2027-11-30,40.69802,-73.99235,pip
ALLIED IMPORTERS USA LTD,,ALLIED IMPORTERS USA LTD,63 FLUSHING AVE,11205,,,0009-22-116426,Wholesale Liquor,0009,license,2025-03-14,2025-04-01,2028-03-31,40.69865,-73.97924,pip
ALMAR,ALMAR,BUTTERFLY COTI LTD,111 FRONT ST,11201,,,0340-22-107046,Restaurant,0340,license,2026-06-03,2026-06-03,2028-05-31,40.70252,-73.98909,pip
AMERICAN HUEVOS CORP,,AMERICAN HUEVOS CORP,273 PACIFIC ST,11201,,,0370-24-113604,Food & Beverage Business,0370,license,2026-04-24,2026-05-01,2028-04-30,40.68804,-73.98976,pip
ANAIS,ANAIS,FOUR HANDS LLC,196 BERGEN ST,11217,,,0370-23-138509,Food & Beverage Business,0370,license,2026-04-16,2025-07-23,2027-06-30,40.68498,-73.986,pip
APPLE GOURMET FARM,APPLE GOURMET FARM,MAHANT 404 INC,404 ATLANTIC AVE,11217,,,0081-23-122054,Grocery Store,0081,license,2025-12-11,2026-02-01,2029-01-31,40.68688,-73.98473,pip
Applebee's Neighborhood Grill & Bar,Applebee's Neighborhood Grill & Bar,Doherty Apple NYC LLC,139 Flatbush Ave,11217,,,0340-24-137260,Restaurant,0340,license,2024-11-26,2024-11-26,2026-10-31,40.68424,-73.97758,pip
"ARAMARK SERVICES, INC.",,"ARAMARK SERVICES, INC.",4 METROTECH CENTER,11245,,,0346-23-124405,Catering Establishment,0346,license,2025-08-01,2025-09-01,2027-08-31,40.69358,-73.98372,pip
ARCHWAY CAFE,ARCHWAY CAFE,ARCHWAY ON WATER CORP,68 JAY ST,11201,http://archwaycafe.com,,0340-22-107710,Restaurant,0340,license,2026-07-16,2026-07-16,2028-06-30,40.70268,-73.98668,pip
AREA 53,AREA 53,AREA 53 LLC,53 BRIDGE ST,11201,,,0370-26-146548,Food & Beverage Business,0370,license,2026-06-22,2026-06-22,2028-05-31,40.70286,-73.98468,pip
ARTISAN WINE COMPANY AND THE GREENE GRAPE,ARTISAN WINE COMPANY AND THE GREENE GRAPE,FORT GREENE WINES INC,765 FULTON STREET,11217,https://www.greenegrape.com,/liquor/logos/3f08d88cd42c.png,0100-22-118320,Liquor Store,0100,license,2025-04-08,2025-05-01,2028-04-30,40.68615,-73.97412,pip
Athena Keke's,Athena Keke's,Swamp Kitty LLC,222 Greene Ave,11238,,,0370-25-128288,Food & Beverage Business,0370,license,2025-11-05,2025-11-05,2027-10-31,40.68712,-73.96224,pip
ATTI,ATTI,EIGHT TABLES INC,294 LIVINGSTON ST,11217,https://attinyc.com,/liquor/logos/ac276b0cc772.png,0340-22-110074,Restaurant,0340,license,2026-04-10,2026-07-01,2028-06-30,40.68847,-73.98276,pip
Ayman Organic Market Inc.,,Ayman Organic Market Inc.,320 Myrtle Ave,11205,,,0081-26-145996,Grocery Store,0081,license,2026-06-11,2026-06-11,2029-05-31,40.69327,-73.97366,pip
"B'KLYN BURRO, LLC",,"B'KLYN BURRO, LLC",922 FULTON ST,11238,https://bklynburro.square.site,/liquor/logos/a93d4d284754.png,0340-23-133242,Restaurant,0340,license,2025-08-27,2025-09-01,2027-08-31,40.68288,-73.96409,pip
Baba Cool Fort Greene,Baba Cool Fort Greene,LE BABA COOL INC,33 Lafayette Ave,11217,,,0340-24-139710,Restaurant,0340,license,2024-12-23,2024-12-23,2026-11-30,40.68689,-73.97764,pip
BACCHUS,BACCHUS,SUD OUEST 33 INC,409 411 ATLANTIC AVENUE,11217,https://bacchusbistro.com/,/liquor/logos/236346557c31.png,0240-23-140248,Restaurant,0240,license,2025-08-18,2025-09-01,2027-08-31,40.68674,-73.98439,pip
Baci,Baci,Baci Studio LLC,140 Plymouth St Ste C,11201,,,0524-26-43738,Temporary retail,0524,temporary,2026-05-21,2026-05-21,2026-11-17,40.7038,-73.98809,pip
BAG OF DOBBERS INC,,BAG OF DOBBERS INC,242 DEKALB AVENUE,11205,,,0370-23-127061,Food & Beverage Business,0370,license,2025-02-06,2025-03-01,2027-02-28,40.68949,-73.96968,pip
Bar Heretic,Bar Heretic,Dekalb Ave Heretic LLC,270 Clermont Ave,11205,,,0267-26-137035,Food & Beverage Business,0267,license,2026-03-06,2026-03-06,2028-02-29,40.68982,-73.97021,pip
BAR TABAC,BAR TABAC,MOULINAS LLC,128 SMITH STREET,11201,,,0340-23-133300,Restaurant,0340,license,2025-01-14,2025-02-01,2027-01-31,40.68729,-73.99008,pip
BARBALU BK,BARBALU BK,BARBALU BK LLC,68 BERGEN ST,11201,,,0340-23-138153,Restaurant,0340,license,2025-01-31,2025-03-01,2027-02-28,40.68686,-73.99084,pip
BAREBURGER,BAREBURGER,SYMBIONTS LIVING LLC,145 COURT ST,11201,https://order.bareburger.com/bareburger-court-street/menu,,0340-23-134804,Restaurant,0340,license,2025-04-26,2025-04-03,2027-03-31,40.68933,-73.99256,geoclient
Bathhouse,Bathhouse,Unknown Baths Three LLC,540 Atlantic Ave,11217,https://www.abathhouse.com/atlantic-ave,/liquor/logos/220ef836cfd2.png,0524-26-41838,Temporary retail,0524,temporary,2026-05-01,2026-05-01,2026-10-28,40.68507,-73.98002,pip
BATI ETHIOPIAN KITCHEN,BATI ETHIOPIAN KITCHEN,GOJO ETHIOPIAN RESTAURANT INC,1057 FULTON ST,11238,https://www.batikitchen.com,/liquor/logos/d48c9df79324.png,0340-23-164216,Restaurant,0340,license,2025-12-05,2025-12-05,2027-11-30,40.68193,-73.95951,pip
Bay Hopper,Bay Hopper,HNY Ferry II LLC,63 Flushing Ave,11205,,,0361-24-129206,Vessel,0361,license,2026-08-21,2026-09-01,2028-08-31,40.69865,-73.97924,pip
Bay Hopper,Bay Hopper,HNY Ferry II LLC,63 Flushing Ave,11205,,,0361-24-129136,Vessel,0361,license,2026-08-21,2026-09-01,2028-08-31,40.69865,-73.97924,pip
Bay Hopper,Bay Hopper,HNY Ferry II LLC,63 Flushing Ave,11205,,,0361-24-129261,Vessel,0361,license,2026-08-21,2026-09-01,2028-08-31,40.69865,-73.97924,pip
Bay Hopper,Bay Hopper,HNY Ferry II LLC,63 Flushing Ave,11205,,,0361-24-129072,Vessel,0361,license,2026-08-24,2026-09-01,2028-08-31,40.69865,-73.97924,pip
Bay Hopper,Bay Hopper,HNY Ferry II LLC,63 Flushing Ave,11205,,,0361-24-129305,Vessel,0361,license,2026-08-24,2026-09-01,2028-08-31,40.69865,-73.97924,pip
Bay Hopper,Bay Hopper,HNY Ferry II LLC,63 Flushing Ave,11205,,,0361-24-129062,Vessel,0361,license,2026-08-21,2026-09-01,2028-08-31,40.69865,-73.97924,pip
Bay Hopper,Bay Hopper,HNY Ferry II LLC,63 Flushing Ave,11205,,,0361-24-129240,Vessel,0361,license,2026-08-24,2026-09-01,2028-08-31,40.69865,-73.97924,pip
Bay Hopper,Bay Hopper,HNY Ferry II LLC,63 Flushing Ave,11205,,,0361-24-129254,Vessel,0361,license,2026-08-21,2026-09-01,2028-08-31,40.69865,-73.97924,pip
Bay Hopper,Bay Hopper,HNY Ferry II LLC,63 Flushing Ave,11205,,,0361-24-129102,Vessel,0361,license,2026-08-24,2026-09-01,2028-08-31,40.69865,-73.97924,pip
Bay Hopper,Bay Hopper,HNY Ferry II LLC,63 Flushing Ave,11205,,,0361-24-129306,Vessel,0361,license,2026-08-21,2026-09-01,2028-08-31,40.69865,-73.97924,pip
Bay Hopper,Bay Hopper,HNY Ferry II LLC,63 Flushing Ave,11205,,,0361-24-129111,Vessel,0361,license,2026-08-21,2026-09-01,2028-08-31,40.69865,-73.97924,pip
Bay Hopper,Bay Hopper,HNY Ferry II LLC,63 Flushing Ave,11205,,,0361-24-129222,Vessel,0361,license,2026-08-21,2026-09-01,2028-08-31,40.69865,-73.97924,pip
Bay Hopper,Bay Hopper,HNY Ferry II LLC,63 Flushing Ave,11205,,,0361-24-129126,Vessel,0361,license,2026-08-24,2026-09-01,2028-08-31,40.69865,-73.97924,pip
Bay Hopper,Bay Hopper,HNY Ferry II LLC,63 Flushing Ave,11205,,,0361-24-129295,Vessel,0361,license,2026-08-24,2026-09-01,2028-08-31,40.69865,-73.97924,pip
Bay Hopper,Bay Hopper,HNY Ferry II LLC,63 Flushing Ave,11205,,,0361-24-129260,Vessel,0361,license,2026-08-21,2026-09-01,2028-08-31,40.69865,-73.97924,pip
Bay Hopper,Bay Hopper,HNY Ferry II LLC,63 Flushing Ave,11205,,,0361-24-129068,Vessel,0361,license,2026-08-21,2026-09-01,2028-08-31,40.69865,-73.97924,pip
Bay Hopper,Bay Hopper,HNY Ferry II LLC,63 Flushing Ave,11205,,,0361-24-129250,Vessel,0361,license,2026-08-21,2026-09-01,2028-08-31,40.69865,-73.97924,pip
Bay Hopper,Bay Hopper,HNY Ferry II LLC,63 Flushing Ave,11205,,,0361-24-129105,Vessel,0361,license,2026-08-21,2026-09-01,2028-08-31,40.69865,-73.97924,pip
Bay Hopper,Bay Hopper,HNY Ferry II LLC,63 Flushing Ave,11205,,,0361-24-129085,Vessel,0361,license,2026-08-24,2026-09-01,2028-08-31,40.69865,-73.97924,pip
Bay Hopper,Bay Hopper,HNY Ferry II LLC,63 Flushing Ave,11205,,,0361-24-129264,Vessel,0361,license,2026-08-23,2026-09-01,2028-08-31,40.69865,-73.97924,pip
Bay Hopper,Bay Hopper,HNY Ferry II LLC,63 Flushing Ave,11205,,,0361-24-129308,Vessel,0361,license,2026-08-21,2026-09-01,2028-08-31,40.69865,-73.97924,pip
Bay Hopper,Bay Hopper,HNY Ferry II LLC,63 Flushing Ave,11205,,,0361-24-129113,Vessel,0361,license,2026-08-23,2026-09-01,2028-08-31,40.69865,-73.97924,pip
Bay Hopper,Bay Hopper,HNY Ferry II LLC,63 Flushing Ave,11205,,,0361-24-129145,Vessel,0361,license,2026-08-24,2026-09-01,2028-08-31,40.69865,-73.97924,pip
Bay Hopper,Bay Hopper,HNY Ferry II LLC,63 Flushing Ave,11205,,,0361-24-129143,Vessel,0361,license,2026-08-23,2026-09-01,2028-08-31,40.69865,-73.97924,pip
Bay Hopper,Bay Hopper,HNY Ferry II LLC,63 Flushing Ave,11205,,,0361-24-129259,Vessel,0361,license,2026-08-21,2026-09-01,2028-08-31,40.69865,-73.97924,pip
Bay Hopper,Bay Hopper,HNY Ferry II LLC,63 Flushing Ave,11205,,,0361-24-128241,Vessel,0361,license,2026-08-23,2026-09-01,2028-08-31,40.69865,-73.97924,pip
Bay Hopper,Bay Hopper,HNY Ferry II LLC,63 Flushing Ave,11205,,,0361-24-129228,Vessel,0361,license,2026-08-21,2026-09-01,2028-08-31,40.69865,-73.97924,pip
Bay Hopper,Bay Hopper,HNY Ferry II LLC,63 Flushing Ave,11205,,,0361-24-129117,Vessel,0361,license,2026-08-21,2026-09-01,2028-08-31,40.69865,-73.97924,pip
Bay Hopper,Bay Hopper,HNY Ferry II LLC,63 Flushing Ave,11205,,,0361-24-129065,Vessel,0361,license,2026-08-21,2026-09-01,2028-08-31,40.69865,-73.97924,pip
Bay Hopper,Bay Hopper,HNY Ferry II LLC,63 Flushing Ave,11205,,,0361-24-129262,Vessel,0361,license,2026-08-23,2026-09-01,2028-08-31,40.69865,-73.97924,pip
Bay Hopper,Bay Hopper,HNY Ferry II LLC,63 Flushing Ave,11205,,,0361-24-129200,Vessel,0361,license,2026-08-23,2026-09-01,2028-08-31,40.69865,-73.97924,pip
Bay Hopper,Bay Hopper,HNY Ferry II LLC,63 Flushing Ave,11205,,,0361-24-129077,Vessel,0361,license,2026-08-24,2026-09-01,2028-08-31,40.69865,-73.97924,pip
Bay Hopper,Bay Hopper,HNY Ferry II LLC,63 Flushing Ave,11205,,,0361-24-129297,Vessel,0361,license,2026-08-23,2026-09-01,2028-08-31,40.69865,-73.97924,pip
Bay Hopper,Bay Hopper,HNY Ferry II LLC,63 Flushing Ave,11205,,,0361-24-129141,Vessel,0361,license,2026-08-21,2026-09-01,2028-08-31,40.69865,-73.97924,pip
Bay Hopper,Bay Hopper,HNY Ferry II LLC,63 Flushing Ave,11205,,,0361-24-129233,Vessel,0361,license,2026-08-21,2026-09-01,2028-08-31,40.69865,-73.97924,pip
Bay Hopper,Bay Hopper,HNY Ferry II LLC,63 Flushing Ave,11205,,,0361-24-129064,Vessel,0361,license,2026-08-24,2026-09-01,2028-08-31,40.69865,-73.97924,pip
Bay Hopper,Bay Hopper,HNY Ferry II LLC,63 Flushing Ave,11205,,,0361-24-129309,Vessel,0361,license,2026-08-21,2026-09-01,2028-08-31,40.69865,-73.97924,pip
Bay Hopper,Bay Hopper,HNY Ferry II LLC,63 Flushing Ave,11205,,,0361-24-129257,Vessel,0361,license,2026-08-21,2026-09-01,2028-08-31,40.69865,-73.97924,pip
BEAT THE BOMB,BEAT THE BOMB,TASK FORCE ZERO LLC,247 Water Street,11201,https://www.beatthebomb.com/locations/brooklyn,/liquor/logos/80b4d4cf2c52.svg,0370-26-151331,Food & Beverage Business,0370,license,2026-08-12,2026-08-12,2028-07-31,40.70301,-73.98392,pip
BEEPUBLIC INC,,BEEPUBLIC INC,181 FRONT ST,11201,https://beepubliccoffee.com/home,,0340-23-128448,Restaurant,0340,license,2025-01-07,2025-01-07,2026-12-31,40.70239,-73.9861,pip
BELLI,BELLI,BELLIMASA LLC,860 Fulton St,11238,,,0340-24-109512,Restaurant,0340,license,2026-03-05,2026-04-01,2028-03-31,40.68342,-73.96665,pip
BEST BUY,BEST BUY,MS WINE SHOP INC,701 FULTON STREET,11217,https://bestbuywinebk.com,/liquor/logos/44a58143d796.png,0100-21-115866,Liquor Store,0100,license,2024-01-23,2024-01-23,2026-12-31,40.6875,-73.97746,pip
BIJAN'S,BIJAN'S,DC 5 GROUP INC,79 81 HOYT STREET,11217,https://www.bijansbrooklyn.com/,/liquor/logos/20f8c0c0460d.png,0370-23-128287,Food & Beverage Business,0370,license,2025-03-17,2025-04-01,2027-03-31,40.68806,-73.98678,pip
BKNY Restaurant LLC & Fini BK Heights LLC,,BKNY Restaurant LLC & Fini BK Heights LLC,159 Bridge Park Dr,11201,,,0340-26-137271,Restaurant,0340,license,2026-03-11,2026-03-11,2028-02-29,40.69417,-74.00071,geoclient
BLACK FOREST BROOKLYN,BLACK FOREST BROOKLYN,RESTAURANT 181 LLC,181 SMITH ST,11201,https://www.blackforestbrooklyn.com,/liquor/logos/753c2ba5fad3.png,0340-23-137560,Restaurant,0340,license,2025-09-30,2025-10-01,2027-09-30,40.68575,-73.99114,geoclient
BLACK FOREST BROOKLYN,BLACK FOREST BROOKLYN,BLACK FOREST HOSPITALITY GROUP LLC,733 735 FULTON ST,11217,https://www.blackforestbrooklyn.com/,/liquor/logos/49a5ab30e599.png,0340-23-137162,Restaurant,0340,license,2025-09-30,2025-10-01,2027-09-30,40.6866,-73.97523,pip
BLACK IRIS EXPRESS INC,,BLACK IRIS EXPRESS INC,277 CUMBERLAND ST,11238,,,0340-22-115417,Restaurant,0340,license,2026-02-23,2026-03-01,2028-02-29,40.68729,-73.97269,pip
BLANC ET ROUGE,BLANC ET ROUGE,BREWD LLC,81 WASHINGTON ST,11201,,,0100-24-116185,Liquor Store,0100,license,2024-06-05,2024-06-05,2027-05-31,40.70181,-73.98969,pip
BLUE COLLAR,BLUE COLLAR,ANARCHY BURGER LTD,187 COURT ST,11201,https://www.eatbluecollar.com/location/court-st/,,0267-23-138812,Food & Beverage Business,0267,license,2025-07-23,2025-08-01,2027-07-31,40.6877,-73.99334,geoclient
BLUESTONE LANE,BLUESTONE LANE,BL 55 PROSPECT NY LLC,55 PROSPECT ST,11201,https://bluestonelane.com/cafes/dumbo-cafe-55-prospect-st-brooklyn/,/liquor/logos/d0de41df8eff.png,0340-22-109273,Restaurant,0340,license,2026-05-13,2026-06-01,2028-05-31,40.7007,-73.98844,pip
BOAT BAR INC,,BOAT BAR INC,175 SMITH STREET,11201,,,0370-24-106993,Food & Beverage Business,0370,license,2026-03-05,2026-04-01,2028-03-31,40.68586,-73.99107,geoclient
BOKKI SEOUL FOOD,BOKKI SEOUL FOOD,BOKKI SEOUL FOOD LLC,374 PEARL ST,11201,,,0240-24-107254,Restaurant,0240,license,2026-03-16,2026-03-16,2028-02-29,40.69279,-73.9882,pip
BONBITE NYC INC,,BONBITE NYC INC,63 FLUSHING AVE,11205,,,0346-22-117927,Catering Establishment,0346,license,2026-02-25,2026-03-01,2028-02-29,40.69865,-73.97924,pip
BONCHON,BONCHON,SYY BK LLC,68 72 WILLOUGHBY ST,11201,https://bonchon.com/korean-fried-chicken-brooklyn-willoughby-street-ny/,,0240-23-140257,Restaurant,0240,license,2025-04-03,2025-05-01,2027-04-30,40.6922,-73.98582,pip
BOTTE BROOKLYN LLC,,BOTTE BROOKLYN LLC,327 GOLD ST,11201,,,0340-23-136019,Restaurant,0340,license,2025-02-18,2025-03-01,2027-02-28,40.69447,-73.98329,pip
BOUTROS LLC,,BOUTROS LLC,185 ATLANTIC AVE,11201,https://boutrosbk.com,/liquor/logos/670aa9ef7766.png,0340-22-115233,Restaurant,0340,license,2026-09-01,2026-10-01,2028-09-30,40.69001,-73.99355,geoclient
BRADO,BRADO,BROOKLYN THIN CRUST INC,155 ATLANTIC AVE,11201,,,0340-23-138680,Restaurant,0340,license,2025-06-12,2025-07-01,2027-06-30,40.69041,-73.99499,geoclient
BRAVO SUPERMARKET,BRAVO SUPERMARKET,331 EUSEBIO FOOD CORP,331 MYRTLE AVENUE,11205,,,0081-21-109696,Grocery Store,0081,license,2024-09-10,2024-10-01,2027-09-30,40.69327,-73.9735,pip
BRAZOS WINE IMPORTS LLC,,BRAZOS WINE IMPORTS LLC,2 PRINCE ST,11201,,,0007-23-102662,Wholesale Wine,0007,license,2026-02-13,2026-02-13,2029-01-31,40.69725,-73.98231,pip
BRIC,BRIC,BRIC ARTS MEDIA BKLYN INC,647 FULTON ST,11217,https://www.bricartsmedia.org,/liquor/logos/96ed29d09c28.png,0370-24-112866,Food & Beverage Business,0370,license,2026-04-20,2026-05-01,2028-04-30,40.68821,-73.97923,pip
BRIDGE FRESH INC,,BRIDGE FRESH INC,68 B JAY ST,11201,,,0081-20-109882,Grocery Store,0081,license,2023-11-14,2023-12-01,2026-11-30,40.70268,-73.98668,pip
Bronze Tavern,Bronze Tavern,"Haley's Harvest, LLC",479 Atlantic Ave,11217,,,0370-26-147730,Food & Beverage Business,0370,license,2026-07-03,2026-07-03,2028-06-30,40.68582,-73.98199,pip
"BROOKLYN ACADEMY OF MUSIC INC, THE",,"BROOKLYN ACADEMY OF MUSIC INC, THE",30 LAFAYETTE AVE,11217,,,0267-23-135947,Food & Beverage Business,0267,license,2026-01-30,2025-08-01,2027-07-31,40.68688,-73.97777,pip
Brooklyn Academy of Music Inc.,,Brooklyn Academy of Music Inc.,10 Lafayette Ave,11217,,,0524-26-48543,Temporary retail,0524,temporary,2026-07-14,2026-07-17,2026-10-14,40.6868,-73.97835,pip
BROOKLYN BRIDGE DINER INC,,BROOKLYN BRIDGE DINER INC,63 TILLARY ST,11201,,,0240-23-140449,Restaurant,0240,license,2025-08-11,2025-08-11,2027-03-31,40.69627,-73.98834,pip
Brooklyn Bull LLC,,Brooklyn Bull LLC,97 Atlantic Ave,11201,,,0370-26-137092,Food & Beverage Business,0370,license,2026-03-09,2026-03-09,2028-02-29,40.69099,-73.99711,geoclient
BROOKLYN DELI,BROOKLYN DELI,NADEEM INC,115 WILLOUGHBY ST,11201,,,0081-21-104324,Grocery Store,0081,license,2024-03-18,2024-04-01,2027-03-31,40.69216,-73.98448,pip
BROOKLYN FARE,BROOKLYN FARE,BC FOOD CORP,200 SCHERMERHORN ST,11201,https://www.brooklynfare.com/,/liquor/logos/c2802b1961b2.png,0081-21-112610,Grocery Store,0081,license,2024-03-17,2024-04-01,2027-03-31,40.68879,-73.98556,pip
BROOKLYN FARE,BROOKLYN FARE,BROOKLYN FARE KITCHEN CORP,200 SCHERMERHORN ST UNIT 3,11201,https://www.brooklynfare.com/,/liquor/logos/566789333082.png,0340-21-119406,Restaurant,0340,license,2025-11-06,2025-12-01,2027-11-30,40.68879,-73.98556,pip
BROOKLYN FARM & THE BINC,BROOKLYN FARM & THE BINC,BEVACCO INC,60 HENRY ST AKA 80 CRANBERRY S,11201,https://www.bevacco.com,/liquor/logos/01aa92510a46.png,0340-23-134908,Restaurant,0340,license,2026-02-11,2025-09-01,2027-08-31,40.69928,-73.99213,pip
BROOKLYN HERO SHOP LLC,,BROOKLYN HERO SHOP LLC,270 VANDERBILT AVE,11205,,,0267-22-109645,Food & Beverage Business,0267,license,2026-01-05,2026-01-01,2027-12-31,40.68924,-73.96907,pip
BROOKLYN MUSIC KITCHEN,BROOKLYN MUSIC KITCHEN,CLINTON HILL VENTURES LLC,177 VANDERBILT AVE,11205,,,0340-22-109230,Restaurant,0340,license,2024-10-20,2024-11-01,2026-10-31,40.69262,-73.96974,pip
BROOKLYN NAVY YARD DEVELOPMENT CORPORATION,,BROOKLYN NAVY YARD DEVELOPMENT CORPORATION,63 FLUSHING AVE BLDG 92,11205,,,0340-22-114969,Restaurant,0340,license,2025-10-09,2025-01-01,2026-12-31,40.69865,-73.97924,pip
BROOKLYN PUBLIC HOUSE,BROOKLYN PUBLIC HOUSE,DECO CAFE INC,247 DEKALB AVE,11205,https://www.brooklynpublic.com/,/liquor/logos/5c3c8415ac9e.png,0340-22-113260,Restaurant,0340,license,2026-04-02,2026-06-01,2028-05-31,40.68948,-73.9694,pip
"BROOKLYN SAIL, ENCHANTRESS","BROOKLYN SAIL, ENCHANTRESS",ARGO NAVIS LLC,159 BRIDGE PARK DR,11201,,,0362-24-110965,Summer Vessel,0362,license,2026-04-07,2026-04-07,2026-10-31,40.69417,-74.00071,geoclient
BROOKLYN WINE CELLAR,BROOKLYN WINE CELLAR,445 ALBEE CORP,445 GOLD ST,11201,,,0267-23-128223,Food & Beverage Business,0267,license,2025-03-25,2025-03-25,2027-02-28,40.69074,-73.98348,pip
Buka West African Corp,,Buka West African Corp,763 Fulton St,11217,,,0267-25-107494,Food & Beverage Business,0267,license,2025-04-16,2025-04-16,2027-03-31,40.68617,-73.97417,pip
BURLY COFFEE,BURLY COFFEE,BURLY3 CORP,847 ATLANTIC AVE,11238,https://burlycoffee.com,/liquor/logos/9707b48c1488.svg,0267-23-128050,Food & Beverage Business,0267,license,2025-08-06,2025-09-01,2027-08-31,40.68144,-73.96568,geoclient
CAFE BAR LAIKA,CAFE BAR LAIKA,ART DOMAIN LLC,224 GREENE AVE,11238,https://www.laika.bar,/liquor/logos/e3e25e44e6b4.png,0370-24-123335,Food & Beverage Business,0370,license,2026-07-27,2026-09-01,2028-08-31,40.68713,-73.96211,pip
Cafe Brume,Cafe Brume,Wurst & Durst LLC,80 Montague St,11201,https://www.brume.nyc,/liquor/logos/aeaba59f2011.png,0340-25-131596,Restaurant,0340,license,2025-12-12,2025-12-12,2027-11-30,40.69531,-73.99617,pip
CAFE GITANE,CAFE GITANE,CROSSTOWN TRAFFIC DUMBO LLC,70 HUDSON ST,11201,https://cafegitanenyc.com/vinegar-hill/location-v.php,,0267-22-107231,Food & Beverage Business,0267,license,2024-08-21,2024-10-01,2026-09-30,40.70282,-73.98112,pip
CAFE PAULETTE,CAFE PAULETTE,BANDE A PART LLC,1 S ELLIOTT PL,11217,,,0240-22-101087,Restaurant,0240,license,2026-06-04,2026-06-01,2028-05-31,40.68958,-73.97608,pip
Caffe Buon Gusto,Caffe Buon Gusto,CBG77 LLC,311 Henry St,11201,,,0240-25-118646,Restaurant,0240,license,2025-08-19,2025-08-05,2027-07-31,40.69109,-73.99608,geoclient
CANAAN DELI CORP,,CANAAN DELI CORP,191 YORK ST,11201,,,0081-22-131511,Grocery Store,0081,license,2025-04-15,2025-06-01,2028-05-31,40.70139,-73.98318,pip
CANAAN DELI CORP,,CANAAN DELI CORP,187 YORK ST,11201,,,0081-23-107468,Grocery Store,0081,license,2026-06-02,2026-08-01,2029-07-31,40.70139,-73.98336,pip
Casanara,Casanara,Narley Bars LLC,983 Fulton St,11238,https://www.casanaranyc.com,/liquor/logos/0909ff39044f.png,0370-24-124844,Food & Beverage Business,0370,license,2026-07-15,2026-08-01,2028-07-31,40.68278,-73.96357,pip
CASTROS,CASTROS,EL PATIO MEXICANA CORP,511 MYRTLE AVE,11205,https://www.castrosrestaurantny.com,/liquor/logos/711acd1b7c31.png,0340-22-113537,Restaurant,0340,license,2024-12-15,2024-12-01,2026-11-30,40.69361,-73.96439,pip
CECCONI'S,CECCONI'S,SOHO CECCONIS WATER STREET LLC,55 WATER ST,11201,,,0340-23-129336,Restaurant,0340,license,2025-05-13,2025-06-01,2027-05-31,40.70329,-73.99166,pip
CELESTINE,CELESTINE,1 JOHN VENTURES LLC,1 JOHN ST,11201,,,0340-23-129319,Restaurant,0340,license,2025-08-27,2025-09-01,2027-08-31,40.70448,-73.98783,geoclient
CHAMA MAMA LLC,,CHAMA MAMA LLC,121 MONTAGUE ST,11201,https://www.chamamama.com/location/chama-mama-montague/,/liquor/logos/3acb7b7fdfbf.png,0340-23-128622,Restaurant,0340,license,2025-05-29,2025-06-01,2027-05-31,40.69486,-73.99455,pip
Chef Katsu Brooklyn Inc.,,Chef Katsu Brooklyn Inc.,143 Greene Ave,11238,,,0240-25-102735,Restaurant,0240,license,2025-02-11,2025-02-11,2027-01-31,40.68663,-73.96633,pip
CHIPOTLE MEXICAN GRILL,CHIPOTLE MEXICAN GRILL,CHIPOTLE MEXICAN GRILL OF COLORADO LLC,394 MYRTLE AVE,11205,https://locations.chipotle.com/ny/brooklyn/394-myrtle-ave,/liquor/logos/958b0ceac550.png,0340-22-115236,Restaurant,0340,license,2026-02-23,2026-03-01,2028-02-29,40.69313,-73.97016,pip
CHIPOTLE MEXICAN GRILL #3309,CHIPOTLE MEXICAN GRILL #3309,CHIPOTLE MEXICAN GRILL OF COLORADO LLC,474 FULTON ST,11201,https://locations.chipotle.com/ny/brooklyn/474-fulton-st,/liquor/logos/e9e0a21b079a.png,0340-22-108503,Restaurant,0340,license,2024-11-08,2024-11-08,2026-10-31,40.69002,-73.98375,pip
CHIPOTLE MEXICAN GRILL #561,CHIPOTLE MEXICAN GRILL #561,CHIPOTLE MEXICAN GRILL OF COLORADO LLC,185 MONTAGUE STREET,11201,https://locations.chipotle.com/ny/brooklyn/185-montague-st,/liquor/logos/49dc77d7a27a.png,0340-22-106997,Restaurant,0340,license,2026-06-15,2026-07-01,2028-06-30,40.69415,-73.99191,pip
CHIPOTLE MEXICIAN GRILL #2090,CHIPOTLE MEXICIAN GRILL #2090,CHIPOTLE MEXICAN GRILL OF COLORADO LLC,1 METROTECH CENTER,11201,https://locations.chipotle.com/ny/brooklyn/1-metrotech-center,/liquor/logos/cdaf625c90ca.png,0340-22-106754,Restaurant,0340,license,2026-02-18,2026-03-01,2028-02-29,40.69376,-73.98723,pip
CHOICE MARKET,CHOICE MARKET,J & B NEWLAND LLC,284 Grand Ave,11238,,,0240-24-103973,Restaurant,0240,license,2026-01-26,2026-02-01,2028-01-31,40.68824,-73.96278,pip
Cibao Downtown Corp,,Cibao Downtown Corp,172 Smith St,11201,,,0240-26-138029,Restaurant,0240,license,2026-03-20,2026-03-20,2028-02-29,40.6858,-73.99111,geoclient
CIRCA BREWING COMPANY,CIRCA BREWING COMPANY,141 LAWRENCE REST LLC,141 LAWRENCE ST,11201,https://www.circabrewing.co,/liquor/logos/2c26f99dc213.png,0416-23-123793,Restaurant Brewer,0416,license,2026-05-18,2026-07-01,2029-06-30,40.69166,-73.9863,pip
CLARK COFFEE SHOP,CLARK COFFEE SHOP,P J COFFEE SHOP INC,80 CLARK STREET,11201,,,0240-23-141514,Restaurant,0240,license,2025-01-23,2025-02-01,2027-01-31,40.69749,-73.99316,pip
Clark Market Place Inc,,Clark Market Place Inc,51 Clark St,11201,,,0081-25-103384,Grocery Store,0081,license,2025-02-22,2025-02-22,2028-01-31,40.69772,-73.99398,pip
CLASE AZUL MEXICO,CLASE AZUL MEXICO,TEQUILAS PREMIUM INC,65 JAY ST,11201,,,0009-23-126219,Wholesale Liquor,0009,license,2026-02-19,2026-03-01,2029-02-28,40.70285,-73.98667,pip
COLONIA VERDE LLC,,COLONIA VERDE LLC,219 DEKALB AVE,11205,https://www.coloniaverdenyc.com/,/liquor/logos/af7dbd359f4d.png,0340-22-103170,Restaurant,0340,license,2026-01-05,2026-02-01,2028-01-31,40.68954,-73.97072,pip
Colors,Colors,Super Natural Wines LLC,138 Flushing Ave Unit 1,11205,,,0100-24-115666,Liquor Store,0100,license,2024-05-30,2024-06-03,2027-05-31,40.69785,-73.97109,pip
COMPANY INC/ DBA WHOLE FOODS MARKET 365 & NEXT LEV,COMPANY INC/ DBA WHOLE FOODS MARKET 365 & NEXT LEV,WHOLE FOODS MARKET GROUP INC,292 ASHLAND PL,11217,https://www.wholefoodsmarket.com/stores/fortgreene,/liquor/logos/3cf24af3fb54.svg,0240-21-121625,Restaurant,0240,license,2026-03-26,2026-03-26,2027-12-31,40.68649,-73.97815,pip
"Compass Group USA, Inc.",,"Compass Group USA, Inc.",6 METROTECH CENTER,11201,,,0346-22-117942,Catering Establishment,0346,license,2024-12-06,2025-01-01,2026-12-31,40.69406,-73.98722,pip
CONCORD MARKET,CONCORD MARKET,CONCORD MARKET CORP,270 JAY ST,11201,,,0081-21-112335,Grocery Store,0081,license,2024-02-01,2024-03-01,2027-02-28,40.69656,-73.98708,pip
Concrete Shoals,Concrete Shoals,BKNY Vessels LLC & Fini BK Heights LLC as Co-Licensee,159 Bridge Park Drive (Marina),11201,,,0371-25-129368,Summer Food & beverage business,0371,license,2026-05-04,2026-04-06,2026-11-30,40.69417,-74.00071,pip
Confidant,Confidant,Confidant Hospitality LLC,127 Atlantic Ave,11201,https://www.confidantnyc.com/,/liquor/logos/e8b2e34785b4.png,0340-26-144376,Restaurant,0340,license,2026-05-28,2026-05-28,2028-04-30,40.69066,-73.99591,geoclient
CORCKSCREW WINES BROOKLYN,CORCKSCREW WINES BROOKLYN,8 DROPS LLC,489 MYRTLE AVE,11205,,,0100-22-116412,Liquor Store,0100,license,2025-06-11,2025-08-01,2028-07-31,40.69348,-73.96555,pip
CRAFT AND CARRY,CRAFT AND CARRY,488 ALBEE CORP,445 GOLD ST,11201,,,0240-23-140486,Restaurant,0240,license,2025-04-14,2025-06-01,2027-05-31,40.69074,-73.98348,pip
CRAFTED EXPORTS INC,,CRAFTED EXPORTS INC,147 PRINCE ST,11201,,,0002-23-121940,Wholesale Beer,0002,license,2026-07-31,2026-07-31,2027-06-30,40.69282,-73.98255,pip
Crossroads Cafe,Crossroads Cafe,We Out Here Cafe LLC,"119 Knickerbocker Avenue 1087 Flushing Ave, Unit 121",11205,,,0240-26-144473,Restaurant,0240,license,2026-07-15,2026-05-29,2028-04-30,40.6979,-73.9722,pip
Cuban Shack LLC,,Cuban Shack LLC,75 Hoyt St,11201,https://cubanshacknyc.com,,0240-24-119970,Restaurant,0240,license,2026-05-29,2026-06-01,2028-05-31,40.68819,-73.98669,pip
CURRY HEIGHTS,CURRY HEIGHTS,RED HOT SPICE INC,151 REMSEN ST,11201,,,0240-22-100448,Restaurant,0240,license,2026-05-08,2026-06-01,2028-05-31,40.69347,-73.99228,pip
CVS/PHARMACY #10086,CVS/PHARMACY #10086,CVS ALBANY LLC,30 FLATBUSH AVE,11217,https://www.cvs.com/store-locator/brooklyn-ny-pharmacies/30-flatbush-ave-brooklyn-ny-11217/storeid=10086,/liquor/logos/fb4d60706c07.svg,0082-21-121738,Drug Store,0082,license,2024-06-30,2024-06-30,2027-06-30,40.68812,-73.98041,pip
CVS/PHARMACY #11502,CVS/PHARMACY #11502,CVS ALBANY LLC,79 JAY STREET,11201,https://www.cvs.com/store-locator/brooklyn-ny-pharmacies/79-jay-st-brooklyn-ny-11201/storeid=11502,/liquor/logos/8474e7bd2258.svg,0082-24-117457,Drug Store,0082,license,2024-06-12,2024-06-12,2027-05-31,40.7022,-73.98671,pip
CVS/PHARMACY #13019,CVS/PHARMACY #13019,CVS ALBANY LLC,218 MYRTLE AVE,11201,https://www.cvs.com/store-locator/brooklyn-ny-pharmacies/218-myrtle-ave-brooklyn-ny-11201/storeid=13019,/liquor/logos/5e49867ee7a9.svg,0082-21-122628,Drug Store,0082,license,2024-06-30,2024-06-30,2027-06-30,40.69349,-73.97965,pip
CVS/PHARMACY #1791,CVS/PHARMACY #1791,CVS ALBANY LLC,156 HENRY ST,11201,https://www.cvs.com/store-locator/brooklyn-ny-pharmacies/156-henry-street-brooklyn-ny-11201/storeid=1791,/liquor/logos/f1aa693d4ebc.svg,0082-21-123233,Drug Store,0082,license,2024-06-30,2024-06-30,2027-06-30,40.69596,-73.99374,pip
DAIGO HAND ROLL BAR,DAIGO HAND ROLL BAR,DHRB LLC,445 GOLD ST,11201,,,0240-23-141759,Restaurant,0240,license,2025-06-30,2025-08-01,2027-07-31,40.69074,-73.98348,pip
DAILY PROVISIONS,DAILY PROVISIONS,DAILY PROVISIONS OPERATIONS LLC,151-153 COURT ST,11201,https://www.dailyprovisionsnyc.com/,/liquor/logos/b75e65df2b48.png,0240-24-108881,Restaurant,0240,license,2026-03-09,2026-04-01,2028-03-31,40.68905,-73.9927,geoclient
DALLAS BBQ,DALLAS BBQ,180 BKLYN LIVINGSTON LLC,180 LIVINGSTON ST,11201,https://www.dallasbbq.com/downtown-brooklyn,/liquor/logos/b8b1526ddf3f.png,0340-22-106122,Restaurant,0340,license,2026-08-07,2026-09-01,2028-08-31,40.69006,-73.98676,pip
DAN AND JOHNS,DAN AND JOHNS,DAN AND JOHNS LLC,445 ALBEE SQ W,11201,,,0267-24-140054,Food & Beverage Business,0267,license,2024-12-26,2025-01-01,2026-12-31,40.69074,-73.98348,pip
DAVE & BUSTERS,DAVE & BUSTERS,DAVE & BUSTERS OF NEW YORK INC,625 ATLANTIC AVE,11217,,,0340-22-112192,Restaurant,0340,license,2026-03-19,2026-04-01,2028-03-31,40.68345,-73.97533,pip
DAWN'S 'TIL DUSK,DAWN'S 'TIL DUSK,OGC DUMBO LTD,33 MAIN ST,11201,,,0267-23-136781,Food & Beverage Business,0267,license,2026-05-11,2025-05-09,2027-04-30,40.70286,-73.99068,pip
DEAN ST MARKET & DELI,DEAN ST MARKET & DELI,GOOD MORNING DELI & GROCERY CORP,303 DEAN ST,11217,,,0071-21-119511,Grocery Store,0071,license,2024-05-03,2024-06-01,2027-05-31,40.6841,-73.9817,pip
DEITY II INC,,DEITY II INC,368 ATLANTIC AVENUE,11217,,,0370-23-132457,Food & Beverage Business,0370,license,2025-09-19,2025-10-01,2027-09-30,40.6874,-73.98608,pip
DEKALB CONVENIENCE,DEKALB CONVENIENCE,DEKALB CONVENIENCE INC,249 DEKALB AVE,11205,,,0081-21-110519,Grocery Store,0081,license,2024-04-15,2024-05-01,2027-04-30,40.68948,-73.96934,pip
DEKALB NATURAL MARKET INC,,DEKALB NATURAL MARKET INC,230 DEKALB AVENUE,11205,,,0081-22-128445,Grocery Store,0081,license,2025-02-03,2025-03-01,2028-02-29,40.6895,-73.9698,pip
DEKALB PIZZERIA INC,,DEKALB PIZZERIA INC,445 Albee Sq,11201,,,0240-24-115803,Restaurant,0240,license,2026-04-24,2026-05-01,2028-04-30,40.69074,-73.98348,pip
Dekalb Stage LLC,,Dekalb Stage LLC,445 GOLD ST,11201,,,0370-24-138590,Food & Beverage Business,0370,license,2024-12-13,2025-01-01,2026-12-31,40.69074,-73.98348,pip
DELI BITE CORP,,DELI BITE CORP,149 SMITH ST,11201,,,0081-21-106028,Grocery Store,0081,license,2024-07-11,2024-08-01,2027-07-31,40.68662,-73.99055,pip
DELLAROCCOS,DELLAROCCOS,GMS HICKS STREET CORP,214-216 HICKS STREET,11201,,,0340-22-102898,Restaurant,0340,license,2026-03-20,2026-04-01,2028-03-31,40.695,-73.99597,pip
DENIZ TURKISH CUISINE,DENIZ TURKISH CUISINE,662 FULTON ST RESTAURANT CORP,662 FULTON STREET,11217,,,0340-23-132618,Restaurant,0340,license,2025-10-16,2025-02-03,2027-01-31,40.68676,-73.97561,pip
DICK & JANES,DICK & JANES,ADELPHI BROTHERS TAVERN & LOUNGE INC,266 ADELPHI ST,11205,,,0370-24-116436,Food & Beverage Business,0370,license,2026-06-09,2026-07-01,2028-06-30,40.68989,-73.97123,pip
DIE STAMMKNEIPE / DER SCHWARZE KOLNER,DIE STAMMKNEIPE / DER SCHWARZE KOLNER,HL KOELN CORP,710 FULTON STREET,11217,,,0267-23-131396,Food & Beverage Business,0267,license,2025-07-23,2025-08-01,2027-07-31,40.68588,-73.97344,pip
Dinah,Dinah,ATLANTIC BAGEL FOODS LLC,200 Clinton Street,11201,https://www.dinahbrooklyn.com/,/liquor/logos/3789c79e4336.png,0240-26-148882,Restaurant,0240,license,2026-07-16,2026-07-16,2028-06-30,40.69068,-73.99413,geoclient
DING SOUP DUMPLING INC,,DING SOUP DUMPLING INC,162 MONTAGUE ST,11201,https://www.dinbrooklyn.com,/liquor/logos/59f6a0547970.png,0240-23-139607,Restaurant,0240,license,2025-01-28,2025-01-28,2026-12-31,40.69436,-73.99271,pip
Dinner Party Restaurant,Dinner Party Restaurant,Dinner Party Restaurant LLC,274 Hall St,11205,,,0340-25-114669,Restaurant,0340,license,2025-06-23,2025-06-23,2027-05-31,40.69006,-73.96524,pip
DINO,DINO,SELVAM CORP,222 DEKALB AVENUE,11205,http://www.dinobk.com,/liquor/logos/33ba29d0dfb2.png,0340-22-104696,Restaurant,0340,license,2026-05-13,2026-06-01,2028-05-31,40.68953,-73.97058,pip
Discovery New York Liquor,Discovery New York Liquor,ATSC II LLC and Brooklyn Operating Company LLC,21 Clark St,11201,,,0524-26-46350,Temporary retail,0524,temporary,2026-06-17,2026-06-17,2026-12-14,40.69808,-73.99524,pip
Discovery New York Liquor,Discovery New York Liquor,ATSC II LLC and Brooklyn Operating Company LLC,21 Clark St,11201,,,0524-26-46351,Temporary retail,0524,temporary,2026-06-17,2026-06-17,2026-12-14,40.69808,-73.99524,pip
Don,Don,Donburi Lab LLC,142 Montague St,11201,,,0240-24-132130,Restaurant,0240,license,2026-08-13,2026-10-01,2028-09-30,40.69459,-73.99357,pip
Doppelganger Bar,Doppelganger Bar,Double Walker Beer LLC,415 Myrtle Ave,11205,,,0340-25-124031,Restaurant,0340,license,2025-09-26,2025-09-26,2027-08-31,40.69311,-73.96923,pip
DOS TOROS,DOS TOROS,64 COURT TACO LLC,64 COURT ST,11201,https://www.dostoros.com/locations/new-york#downtown-brooklyn,/liquor/logos/40499505be88.svg,0138-21-121898,Food & Beverage Business,0138,license,2024-08-07,2024-09-01,2027-08-31,40.69195,-73.99129,pip
Dos Toros Taqueria,Dos Toros Taqueria,DT ONE BOERUM LLC,1 Boerum Pl,11201,,,0340-26-144674,Restaurant,0340,license,2026-06-01,2026-06-01,2028-05-31,40.69164,-73.98905,pip
DosA Royle,DosA Royle,BROOKLYN DOSA CORP,65 Lafayette Ave,11217,,,0340-26-133243,Restaurant,0340,license,2026-01-12,2026-01-12,2027-12-31,40.68707,-73.97589,pip
DUMBO HOUSE,DUMBO HOUSE,SOHO DUMBO INC,55 WATER ST,11201,https://www.sohohouse.com/en-us/houses/dumbo-house,/liquor/logos/624e6f3af28e.png,0423-22-109338,Additional Bar,0423,license,2026-04-24,2026-05-01,2028-04-30,40.70329,-73.99166,pip
DUMBO HOUSE,DUMBO HOUSE,SOHO DUMBO INC,55 WATER ST,11201,https://www.sohohouse.com/en-us/houses/dumbo-house,/liquor/logos/624e6f3af28e.png,0349-22-117631,Club,0349,license,2026-04-24,2026-05-01,2028-04-30,40.70329,-73.99166,pip
Dumbo Listening Lounge LLC,,Dumbo Listening Lounge LLC,117 Adams St,11201,,,0524-26-49904,Temporary retail,0524,temporary,2026-07-24,2026-07-24,2027-01-20,40.70038,-73.98872,pip
DUMBO MARKET,DUMBO MARKET,66 MEAT CORP,66 FRONT ST,11201,,,0081-22-127009,Grocery Store,0081,license,2025-03-17,2025-04-01,2028-03-31,40.70209,-73.99048,pip
Dumbo Oyster Bar,Dumbo Oyster Bar,Dumbo Restaurant Group Corp.,7 Old Fulton Street,11201,,,0340-26-137903,Restaurant,0340,license,2026-07-03,2026-03-19,2028-02-29,40.70276,-73.99401,pip
DUN HUANG,DUN HUANG,DUN HUANG NEWLAND CORP,531 MYRTLE AVE,11205,https://www.dunhuangfood.com,,0340-21-116736,Restaurant,0340,license,2025-12-24,2026-02-01,2028-01-31,40.69372,-73.96343,pip
EAGLES CONVENIENCE #1 CORP,,EAGLES CONVENIENCE #1 CORP,322 MYRTLE AVE,11205,,,0081-24-112458,Grocery Store,0081,license,2024-05-07,2024-05-07,2027-04-30,40.69327,-73.97357,pip
Eastville Comedy Club,Eastville Comedy Club,Oreo Taz Inc.,487 Atlantic Ave,11217,https://eastvillecomedy.com,/liquor/logos/bf3e9fec7e1f.png,0524-26-48053,Temporary retail,0524,temporary,2026-07-08,2026-07-08,2027-01-04,40.68572,-73.98173,pip
El Gallo Taqueria,El Gallo Taqueria,Coffee & Bread Inc,117 Adams St Unit 101,11201,,,0340-25-128419,Restaurant,0340,license,2025-11-06,2025-11-06,2027-10-31,40.70038,-73.98872,pip
EL ZASON,EL ZASON,EL ZZASON CORP,491 ATLANTIC AVE,11217,https://www.elzasonbrooklyn.com,/liquor/logos/5454f92867d0.png,0340-24-126977,Restaurant,0340,license,2026-07-06,2026-09-01,2028-08-31,40.68568,-73.98162,pip
Ela Products Corp,,Ela Products Corp,300 Cadman Plaza West Office 12076,11201,,,0009-25-104926,Wholesale Liquor,0009,license,2025-12-22,2025-03-13,2028-02-29,40.69507,-73.99082,pip
Elephant District,Elephant District,Siam Harbour Corporation,9 Old Fulton Street,11201,,,0340-25-104539,Restaurant,0340,license,2025-03-10,2025-03-10,2027-02-28,40.70274,-73.99396,pip
ELITE GOURMENT & DELI INC,,ELITE GOURMENT & DELI INC,187 SMITH ST,11201,,,0071-24-108588,Grocery Store,0071,license,2024-03-30,2024-03-30,2027-02-28,40.68556,-73.99127,geoclient
EM VIETNAMESE,EM VIETNAMESE,EM DUMBO CORP,57 FRONT ST,11201,https://www.emrestaurants.com/,/liquor/logos/9dd7980bbcc7.png,0340-21-116491,Restaurant,0340,license,2025-10-27,2025-11-01,2027-10-31,40.7026,-73.99127,pip
EMILY,EMILY,EMH 919 INC,919 FULTON ST,11238,https://www.pizzalovesemily.com/location/brooklyn/,/liquor/logos/7a0b7ada7640.png,0370-21-118504,Food & Beverage Business,0370,license,2025-11-15,2026-01-01,2027-12-31,40.68338,-73.96648,pip
ENDSWELL BAR & BISTRO,ENDSWELL BAR & BISTRO,HEYDAY COCKTAIL AND CAFE LLC,773 FULTON ST,11217,https://www.endswellbk.com,/liquor/logos/c7be89ce7455.png,0340-23-136894,Restaurant,0340,license,2025-09-18,2025-10-01,2027-09-30,40.68605,-73.97386,pip
Enerugi Ramen,Enerugi Ramen,ENERUGI RAMEN COBBLE HILL LLC,224 Atlantic Ave,11201,https://www.enerugiramen.com,/liquor/logos/287971ff67fd.png,0240-25-131498,Restaurant,0240,license,2025-12-10,2025-12-10,2027-11-30,40.68946,-73.99169,pip
Entre Nous,Entre Nous,Cachette LLC,39 Clifton Pl,11238,https://www.entrenousbrooklyn.com/,/liquor/logos/541b039c26c5.png,0370-25-115270,Food & Beverage Business,0370,license,2025-08-07,2025-06-27,2027-05-31,40.6878,-73.96284,pip
EURO PLACE LTD,,EURO PLACE LTD,454 MYRTLE AVE,11205,,,0240-22-102698,Restaurant,0240,license,2024-12-05,2025-01-01,2026-12-31,40.69328,-73.96734,pip
EVELINA,EVELINA,AURORA FG INC,211 DEKALB AVE,11205,https://www.evelinabk.com,/liquor/logos/37dc3b4834c7.png,0340-23-137715,Restaurant,0340,license,2025-09-27,2025-10-01,2027-09-30,40.68955,-73.971,pip
EVEN HOTELS,EVEN HOTELS,T-R 46 NEVINS OWNER LLC AND MERRITT HOSPITALITY LLC AS MGR,46 NEVINS ST,11217,https://www.ihg.com/evenhotels/hotels/us/en/brooklyn/bxyev/hoteldetail,,0243-22-117389,Hotel,0243,license,2026-06-08,2026-07-01,2028-06-30,40.68756,-73.98167,pip
EVIL TWIN BREWING,EVIL TWIN BREWING,CHARLIE WORK LLC,43 MAIN ST,11201,https://eviltwin.nyc,/liquor/logos/7e1cbab6f6f0.png,0370-23-130536,Food & Beverage Business,0370,license,2025-04-07,2025-05-01,2027-04-30,40.70271,-73.99068,pip
FAMOUS LAST WORDS,FAMOUS LAST WORDS,HANSON DRY INC,925 FULTON ST,11238,https://www.hansondry.com,/liquor/logos/4ae5e3e58675.svg,0370-24-136356,Food & Beverage Business,0370,license,2024-11-18,2024-11-18,2026-11-30,40.68334,-73.96629,pip
FANCY FREE,FANCY FREE,BROOKLYN HOSPITALITY PARTNERS LLC,71 LAFAYETTE AVE,11217,https://www.fancyfreebk.com,/liquor/logos/b7595ad98278.png,0340-23-137784,Restaurant,0340,license,2025-01-06,2025-02-01,2027-01-31,40.68712,-73.97542,pip
FARIA FOODS N GROCERIES INC,,FARIA FOODS N GROCERIES INC,143 NEVINS ST,11217,,,0081-24-110744,Grocery Store,0081,license,2024-04-22,2024-04-22,2027-03-31,40.68428,-73.98389,pip
FAST & FRESH BURRITO DELI CORP.,,FAST & FRESH BURRITO DELI CORP.,84 HOYT STREET,11201,https://www.fastfreshburrito.com,/liquor/logos/82e2e9f009b0.png,0240-22-100472,Restaurant,0240,license,2026-04-01,2026-04-01,2028-03-31,40.68801,-73.98682,pip
FAST STAR 2 CORP,,FAST STAR 2 CORP,103 3rd Ave,11217,,,0081-23-159750,Grocery Store,0081,license,2026-08-21,2026-10-01,2029-09-30,40.68308,-73.98223,geoclient
FAT FOWL INC,,FAT FOWL INC,445 ALBEE SQUARE MALL WEST,11201,,,0240-22-101462,Restaurant,0240,license,2026-07-28,2026-07-28,2028-06-30,40.69074,-73.98348,pip
FELICE,FELICE,FELICE MONTAGUE LLC,84 MONTAGUE ST,11201,https://www.felicerestaurants.com/felice-montague,/liquor/logos/b9d1b8ab3e5c.svg,0340-22-108489,Restaurant,0340,license,2024-09-28,2024-10-01,2026-09-30,40.69527,-73.99605,pip
FINI PIZZA,FINI PIZZA,FINI BARCLAYS LLC,620 ATLANTIC AVE,11217,https://www.finipizza.com/barclays-center/,/liquor/logos/6ba1e8b64a89.png,0370-24-113552,Food & Beverage Business,0370,license,2026-04-20,2026-05-01,2028-04-30,40.68341,-73.97587,pip
FLEA PRODUCTIONS LLC,,FLEA PRODUCTIONS LLC,80 Pearl St,11201,,,0370-25-107836-01,Additional Bar,0423,license,2025-04-21,2025-04-21,2027-03-31,40.70259,-73.98763,pip
FLEA PRODUCTIONS LLC,,FLEA PRODUCTIONS LLC,80 Pearl St,11201,,,0370-25-107836,Food & Beverage Business,0370,license,2025-04-21,2025-04-21,2027-03-31,40.70259,-73.98763,pip
Flik International Corp.,,Flik International Corp.,63 FLUSHING AVE,11205,,,0346-22-116425,Catering Establishment,0346,license,2026-08-06,2026-09-01,2028-08-31,40.69865,-73.97924,pip
FOGO DE CHAO BRAZILIAN STEAKHOUSE,FOGO DE CHAO BRAZILIAN STEAKHOUSE,FOGO DE CHAO CHURRASCARIA (BROOKLYN) LLC,445 Albee Sq,11201,,,0340-24-107366,Restaurant,0340,license,2026-03-23,2026-03-23,2028-02-29,40.69074,-73.98348,pip
Food Garden Market,Food Garden Market,FGM 58 SAINT MARKS CORP,58 SAINT MARKS PL,11217,,,0081-24-109644,Grocery Store,0081,license,2024-04-10,2024-04-10,2027-03-31,40.68204,-73.98053,geoclient
FOODTOWN,FOODTOWN,457 FOOD CORP,457 ATLANTIC AVE,11217,https://www.foodtown.com/stores/foodtown-of-atlantic-avenue,,0081-24-117831,Grocery Store,0081,license,2024-06-14,2024-06-14,2027-05-31,40.68598,-73.9824,pip
Foodtown,Foodtown,"Mujalli, Inc.",101 Clinton St,11201,,,0081-25-103544,Grocery Store,0081,license,2025-02-25,2025-02-25,2028-01-31,40.69313,-73.99297,pip
FORMA PASTA FACTORY,FORMA PASTA FACTORY,FORMA 5 GREENE LLC,5 GREENE AVE,11238,https://www.formapasta.com/location/fort-greene/,/liquor/logos/de5376f29e9b.png,0240-23-158066,Restaurant,0240,license,2025-09-05,2025-10-01,2027-09-30,40.68585,-73.97299,pip
FORT GREENE FOOD MARKET,FORT GREENE FOOD MARKET,HOYT CONVENIENCE INC,186 DEKALB AVENUE,11205,,,0081-22-128493,Grocery Store,0081,license,2025-04-30,2025-07-01,2028-06-30,40.6896,-73.97227,pip
FORTUNE HOUSE,FORTUNE HOUSE,NEW FORTUNE HOUSE INC,82 HENRY ST,11201,,,0240-22-101167,Restaurant,0240,license,2024-11-27,2024-12-01,2026-11-30,40.69839,-73.99256,pip
FOURTH AVENUE PUB,FOURTH AVENUE PUB,FOURTH AVENUE PUB INC,76 4TH AVE,11217,,,0370-24-124821,Food & Beverage Business,0370,license,2026-08-11,2026-10-01,2028-09-30,40.68223,-73.97989,geoclient
FRADEI,FRADEI,GNOCCA LOVERS LLC,99 S PORTLAND AVE,11217,,,0340-22-108868,Restaurant,0340,license,2024-12-05,2025-01-01,2026-12-31,40.68654,-73.9745,pip
FREE RANGE WINE & SPIRITS,FREE RANGE WINE & SPIRITS,WINEGEIST LLC,345 ATLANTIC AVE,11201,https://freerangebrooklyn.com,/liquor/logos/01d80f845554.png,0100-23-159727,Liquor Store,0100,license,2025-03-18,2025-04-01,2028-03-31,40.68778,-73.98703,pip
FRENCH LOUIE,FRENCH LOUIE,320 ATLANTIC RESTAURANT LLC,320 ATLANTIC AVE,11201,https://frenchlouienyc.com,,0340-22-113175,Restaurant,0340,license,2026-01-13,2026-02-01,2028-01-31,40.68819,-73.98808,pip
FRENZIE,FRENZIE,Confidant Hospitality LLC,129 Atlantic Ave,11201,https://www.confidantnyc.com/,/liquor/logos/8bf7a794ddcd.png,0370-26-146051,Food & Beverage Business,0370,license,2026-06-12,2026-06-12,2028-05-31,40.69064,-73.99584,geoclient
FRESH GARDEN,FRESH GARDEN,FRESH GARDEN SUPERMARKET INC.,729 Fulton St,11217,http://www.freshgardenbk.com,,0524-26-50052,Temporary retail,0524,temporary,2026-07-27,2026-07-27,2027-01-23,40.68666,-73.97536,pip
FRESH START MARKETPLACE,FRESH START MARKETPLACE,FRESH START FOOD INC,180 MONTAGUE ST,11201,http://freshstartmarketplace.com,/liquor/logos/decc677e06d1.png,0081-21-101771,Grocery Store,0081,license,2024-09-13,2024-10-01,2027-09-30,40.69413,-73.99183,pip
FRESHDIRECT WINE & SPIRITS,FRESHDIRECT WINE & SPIRITS,FRESH DIRECT LLC,3 Flushing Ave Ste 120,11205,https://www.freshdirect.com/d/fdw,,0100-23-161431,Liquor Store,0100,license,2026-04-01,2026-06-01,2029-05-31,40.69821,-73.97972,pip
FRITZ COCKTAIL BAR,FRITZ COCKTAIL BAR,RESTAURANT 737 LLC,737 FULTON ST,11217,,,0340-23-129126,Restaurant,0340,license,2026-01-23,2025-11-01,2027-10-31,40.68656,-73.97513,pip
FRONT STREET PIZZA,FRONT STREET PIZZA,MANNA 21 INC,80 FRONT ST,11201,,,0240-23-140003,Restaurant,0240,license,2025-06-16,2025-08-01,2027-07-31,40.70253,-73.98947,pip
Fujisan Japanese Mart,Fujisan Japanese Mart,Japanese Market 143 Inc.,143 Court Street,11201,,,0081-26-149915,Grocery Store,0081,license,2026-07-25,2026-07-25,2029-06-30,40.68938,-73.99254,geoclient
FULTON BEER HALL LLC,,FULTON BEER HALL LLC,250 Ashland Pl,11217,,,0340-26-133577,Restaurant,0340,license,2026-01-15,2026-01-15,2027-12-31,40.68776,-73.97831,pip
FULTONGRAND BAR,FULTONGRAND BAR,FULTONGRAND BAR INC,1011 FULTON STREET,11238,,,0340-22-103757,Restaurant,0340,license,2026-07-24,2026-08-01,2028-07-31,40.68235,-73.96152,pip
G & I WINE & SPIRITS INC,,G & I WINE & SPIRITS INC,48 WILLOUGHBY ST,11201,,,0100-23-124876,Liquor Store,0100,license,2026-08-21,2026-10-01,2029-09-30,40.69222,-73.98691,pip
GAGE & TOLLNER,GAGE & TOLLNER,GAGE & TOLLNER HOSPITALITY LLC,372 374 FULTON ST,11201,https://www.gageandtollner.com,/liquor/logos/a7f8ced80eda.svg,0423-22-113015,Additional Bar,0423,license,2026-01-16,2026-02-01,2028-01-31,40.69157,-73.98767,pip
GAGE & TOLLNER,GAGE & TOLLNER,GAGE & TOLLNER HOSPITALITY LLC,372 374 FULTON ST,11201,https://www.gageandtollner.com,/liquor/logos/a7f8ced80eda.svg,0340-22-111145,Restaurant,0340,license,2026-01-16,2026-02-01,2028-01-31,40.69157,-73.98767,pip
GAIR,GAIR,CALI CANUCK LLC,41 WASHINGTON ST,11201,,,0340-22-108392,Restaurant,0340,license,2024-11-13,2024-11-13,2026-10-31,40.7031,-73.98961,pip
GB Gourmet Deli Grill Corporation,,GB Gourmet Deli Grill Corporation,116 Dekalb Ave,11201,,,0081-25-102569,Grocery Store,0081,license,2025-02-10,2025-02-10,2028-01-31,40.68984,-73.97805,pip
GENESIS LIQUOR STORE CORP,,GENESIS LIQUOR STORE CORP,896A LAFAYETTE AVE -STORE #1,11221,,,0100-23-126654,Liquor Store,0100,license,2026-04-21,2026-05-01,2029-04-30,40.68673,-73.97888,pip
GLIN,GLIN,CHOT CHUANG CORP,330 MYRTLE AVE,11205,,,0340-23-138928,Restaurant,0340,license,2025-02-18,2025-03-01,2027-02-28,40.69326,-73.97328,pip
GNARLY VINES,GNARLY VINES,ROBINSON WINE AND SPIRITS LLC,350 MYRTLE AVENUE,11205,https://gnarlyvines.com,/liquor/logos/6f6c44530e06.png,0100-22-116592,Liquor Store,0100,license,2025-06-17,2025-08-01,2028-07-31,40.69322,-73.97229,pip
Gold Organic Market Corp,,Gold Organic Market Corp,257 Gold St,11201,,,0081-25-101679,Grocery Store,0081,license,2025-01-27,2025-01-27,2027-12-31,40.69688,-73.98316,pip
Golden Ratio Cocktail Bar,Golden Ratio Cocktail Bar,Sugar Dimes LLC,216 1/2 Greene Ave,11238,https://www.goldenrationyc.com,/liquor/logos/aaf0a3339ec2.png,0340-25-129607,Restaurant,0340,license,2025-11-19,2025-11-19,2027-10-31,40.68706,-73.9627,pip
GOLFZON SOCIAL,GOLFZON SOCIAL,GOLFZON SOCIAL LLC,11 HOYT ST,11201,,,0370-24-108938,Food & Beverage Business,0370,license,2026-03-31,2026-04-01,2028-03-31,40.68998,-73.98551,pip
GOTHAM MKT AT THE ASHLAND,GOTHAM MKT AT THE ASHLAND,GBK Market LLC and Peaches Prime LLC,590 Fulton St,11217,,,0423-23-132263,Additional Bar,0423,license,2024-12-31,2025-01-01,2026-12-31,40.68801,-73.97871,pip
GOTHAM MKT AT THE ASHLAND,GOTHAM MKT AT THE ASHLAND,GBK Market LLC and Peaches Prime LLC,590 Fulton St,11217,,,0340-23-132262,Restaurant,0340,license,2026-04-21,2025-01-01,2026-12-31,40.68801,-73.97871,pip
GRANADA INTERNATIONAL SALES INC,,GRANADA INTERNATIONAL SALES INC,117 SMITH ST,11201,,,0100-21-114258,Liquor Store,0100,license,2024-02-07,2024-03-01,2027-02-28,40.6878,-73.98974,pip
GRAND CANYON BISTRO,GRAND CANYON BISTRO,GRAND CANYON BISTRO CORP.,300 SCHERMERHORN ST,11217,,,0343-22-131758,Hotel,0343,license,2026-01-30,2026-03-01,2028-02-29,40.68764,-73.98247,pip
GRAND CANYON RESTAURANT,GRAND CANYON RESTAURANT,143 MONTAGUE RESTAURANT CORP.,143 MONTAGUE ST,11201,https://grandcr.com,/liquor/logos/c5383e53c504.png,0340-22-114191,Restaurant,0340,license,2026-06-06,2026-08-01,2028-07-31,40.69461,-73.99366,pip
GRAPE HILL LIQUOR TRADERS,GRAPE HILL LIQUOR TRADERS,GRAPE HILL LIQUOR TRADERS INC,501 ATLANTIC AVE,11217,,,0100-21-114151,Liquor Store,0100,license,2024-04-17,2024-05-01,2027-04-30,40.68554,-73.98124,pip
GRAZIELLA'S,GRAZIELLA'S,232 VANDERBILT RESTAURANT CORP,232 VANDERBILT AVE,11205,https://www.graziellasmenu.com/,/liquor/logos/d9a2d74211bc.png,0340-23-133060,Restaurant,0340,license,2025-08-01,2025-08-01,2027-06-30,40.69048,-73.96932,pip
"Great Performances/Artists as Waitresses, Inc.",,"Great Performances/Artists as Waitresses, Inc.",30 LAFAYETTE AVE,11217,,,0370-24-126901-02,Additional bar- legitimate theater,0422,license,2026-08-31,2026-10-01,2028-09-30,40.68688,-73.97777,pip
"Great Performances/Artists as Waitresses, Inc.",,"Great Performances/Artists as Waitresses, Inc.",30 LAFAYETTE AVE,11217,,,0370-24-126901-01,Additional bar- legitimate theater,0422,license,2026-08-31,2026-10-01,2028-09-30,40.68688,-73.97777,pip
"Great Performances/Artists as Waitresses, Inc.",,"Great Performances/Artists as Waitresses, Inc.",30 LAFAYETTE AVE,11217,,,0370-24-126901,Food & Beverage Business,0370,license,2026-08-31,2026-10-01,2028-09-30,40.68688,-73.97777,pip
GREEN VILLE GARDEN,GREEN VILLE GARDEN,GREENE HILL GARDEN CORP,375 MYRTLE AVE,11205,,,0081-23-122774,Grocery Store,0081,license,2026-01-29,2026-02-01,2029-01-31,40.69317,-73.97118,pip
GREENE GRAPE PROVISIONS,GREENE GRAPE PROVISIONS,JULINA INC,767 769 FULTON ST,11217,https://www.greenegrape.com,/liquor/logos/3c81bdabcac6.png,0081-23-102916,Grocery Store,0081,license,2026-01-30,2026-02-01,2029-01-31,40.6861,-73.974,pip
"GRILL, BEER ONLY; LEVEL 4","GRILL, BEER ONLY; LEVEL 4",LEVY PREMIUM FOODSERVICE LP,620 ATLANTIC AVE,11217,,,0423-22-109973,Additional Bar,0423,license,2026-07-18,2026-09-01,2028-08-31,40.68341,-73.97587,pip
"GRILL, BEER ONLY; LEVEL 4","GRILL, BEER ONLY; LEVEL 4",LEVY PREMIUM FOODSERVICE LP,620 ATLANTIC AVE,11217,,,0423-22-104145,Additional Bar,0423,license,2026-07-18,2026-09-01,2028-08-31,40.68341,-73.97587,pip
"GRILL, BEER ONLY; LEVEL 4","GRILL, BEER ONLY; LEVEL 4",LEVY PREMIUM FOODSERVICE LP,620 ATLANTIC AVE,11217,,,0423-22-104042,Additional Bar,0423,license,2026-07-18,2026-09-01,2028-08-31,40.68341,-73.97587,pip
"GRILL, BEER ONLY; LEVEL 4","GRILL, BEER ONLY; LEVEL 4",LEVY PREMIUM FOODSERVICE LP,620 ATLANTIC AVE,11217,,,0423-22-103276,Additional Bar,0423,license,2026-07-18,2026-09-01,2028-08-31,40.68341,-73.97587,pip
"GRILL, BEER ONLY; LEVEL 4","GRILL, BEER ONLY; LEVEL 4",LEVY PREMIUM FOODSERVICE LP,620 ATLANTIC AVE,11217,,,0423-22-104038,Additional Bar,0423,license,2026-07-18,2026-09-01,2028-08-31,40.68341,-73.97587,pip
"GRILL, BEER ONLY; LEVEL 4","GRILL, BEER ONLY; LEVEL 4",LEVY PREMIUM FOODSERVICE LP,620 ATLANTIC AVE,11217,,,0423-22-103280,Additional Bar,0423,license,2026-07-18,2026-09-01,2028-08-31,40.68341,-73.97587,pip
"GRILL, BEER ONLY; LEVEL 4","GRILL, BEER ONLY; LEVEL 4",LEVY PREMIUM FOODSERVICE LP,620 ATLANTIC AVE,11217,,,0423-22-104099,Additional Bar,0423,license,2026-07-18,2026-09-01,2028-08-31,40.68341,-73.97587,pip
"GRILL, BEER ONLY; LEVEL 4","GRILL, BEER ONLY; LEVEL 4",LEVY PREMIUM FOODSERVICE LP,620 ATLANTIC AVE,11217,,,0423-22-103277,Additional Bar,0423,license,2026-07-18,2026-09-01,2028-08-31,40.68341,-73.97587,pip
"GRILL, BEER ONLY; LEVEL 4","GRILL, BEER ONLY; LEVEL 4",LEVY PREMIUM FOODSERVICE LP,620 ATLANTIC AVE,11217,,,0423-22-104173,Additional Bar,0423,license,2026-07-18,2026-09-01,2028-08-31,40.68341,-73.97587,pip
"GRILL, BEER ONLY; LEVEL 4","GRILL, BEER ONLY; LEVEL 4",LEVY PREMIUM FOODSERVICE LP,620 ATLANTIC AVE,11217,,,0423-22-104225,Additional Bar,0423,license,2026-07-18,2026-09-01,2028-08-31,40.68341,-73.97587,pip
"GRILL, BEER ONLY; LEVEL 4","GRILL, BEER ONLY; LEVEL 4",LEVY PREMIUM FOODSERVICE LP,620 ATLANTIC AVE,11217,,,0423-22-104043,Additional Bar,0423,license,2026-07-07,2026-09-01,2028-08-31,40.68341,-73.97587,pip
"GRILL, BEER ONLY; LEVEL 4","GRILL, BEER ONLY; LEVEL 4",LEVY PREMIUM FOODSERVICE LP,620 ATLANTIC AVE,11217,,,0423-22-103281,Additional Bar,0423,license,2026-07-18,2026-09-01,2028-08-31,40.68341,-73.97587,pip
"GRILL, BEER ONLY; LEVEL 4","GRILL, BEER ONLY; LEVEL 4",LEVY PREMIUM FOODSERVICE LP,620 ATLANTIC AVE,11217,,,0423-22-104142,Additional Bar,0423,license,2026-07-18,2026-09-01,2028-08-31,40.68341,-73.97587,pip
"GRILL, BEER ONLY; LEVEL 4","GRILL, BEER ONLY; LEVEL 4",LEVY PREMIUM FOODSERVICE LP,620 ATLANTIC AVE,11217,,,0423-22-104098,Additional Bar,0423,license,2026-07-18,2026-09-01,2028-08-31,40.68341,-73.97587,pip
"GRILL, BEER ONLY; LEVEL 4","GRILL, BEER ONLY; LEVEL 4",LEVY PREMIUM FOODSERVICE LP,620 ATLANTIC AVE,11217,,,0423-22-104039,Additional Bar,0423,license,2026-07-18,2026-09-01,2028-08-31,40.68341,-73.97587,pip
"GRILL, BEER ONLY; LEVEL 4","GRILL, BEER ONLY; LEVEL 4",LEVY PREMIUM FOODSERVICE LP,620 ATLANTIC AVE,11217,,,0423-22-104226,Additional Bar,0423,license,2026-07-18,2026-09-01,2028-08-31,40.68341,-73.97587,pip
"GRILL, BEER ONLY; LEVEL 4","GRILL, BEER ONLY; LEVEL 4",LEVY PREMIUM FOODSERVICE LP,620 ATLANTIC AVE,11217,,,0423-22-103275,Additional Bar,0423,license,2026-07-18,2026-09-01,2028-08-31,40.68341,-73.97587,pip
"GRILL, BEER ONLY; LEVEL 4","GRILL, BEER ONLY; LEVEL 4",LEVY PREMIUM FOODSERVICE LP,620 ATLANTIC AVE,11217,,,0423-22-104143,Additional Bar,0423,license,2026-07-18,2026-09-01,2028-08-31,40.68341,-73.97587,pip
"GRILL, BEER ONLY; LEVEL 4","GRILL, BEER ONLY; LEVEL 4",LEVY PREMIUM FOODSERVICE LP,620 ATLANTIC AVE,11217,,,0423-22-103284,Additional Bar,0423,license,2026-07-18,2026-09-01,2028-08-31,40.68341,-73.97587,pip
"GRILL, BEER ONLY; LEVEL 4","GRILL, BEER ONLY; LEVEL 4",LEVY PREMIUM FOODSERVICE LP,620 ATLANTIC AVE,11217,,,0423-22-104177,Additional Bar,0423,license,2026-07-18,2026-09-01,2028-08-31,40.68341,-73.97587,pip
"GRILL, BEER ONLY; LEVEL 4","GRILL, BEER ONLY; LEVEL 4",LEVY PREMIUM FOODSERVICE LP,620 ATLANTIC AVE,11217,,,0423-22-111781,Additional Bar,0423,license,2026-07-18,2026-09-01,2028-08-31,40.68341,-73.97587,pip
"GRILL, BEER ONLY; LEVEL 4","GRILL, BEER ONLY; LEVEL 4",LEVY PREMIUM FOODSERVICE LP,620 ATLANTIC AVE,11217,,,0423-22-104097,Additional Bar,0423,license,2026-07-18,2026-09-01,2028-08-31,40.68341,-73.97587,pip
"GRILL, BEER ONLY; LEVEL 4","GRILL, BEER ONLY; LEVEL 4",LEVY PREMIUM FOODSERVICE LP,620 ATLANTIC AVE,11217,,,0423-22-104174,Additional Bar,0423,license,2026-07-18,2026-09-01,2028-08-31,40.68341,-73.97587,pip
"GRILL, BEER ONLY; LEVEL 4","GRILL, BEER ONLY; LEVEL 4",LEVY PREMIUM FOODSERVICE LP,620 ATLANTIC AVE,11217,,,0423-22-103279,Additional Bar,0423,license,2026-07-18,2026-09-01,2028-08-31,40.68341,-73.97587,pip
"GRILL, BEER ONLY; LEVEL 4","GRILL, BEER ONLY; LEVEL 4",LEVY PREMIUM FOODSERVICE LP,620 ATLANTIC AVE,11217,,,0423-22-103274,Additional Bar,0423,license,2026-07-18,2026-09-01,2028-08-31,40.68341,-73.97587,pip
"GRILL, BEER ONLY; LEVEL 4","GRILL, BEER ONLY; LEVEL 4",LEVY PREMIUM FOODSERVICE LP,620 ATLANTIC AVE,11217,,,0423-22-104040,Additional Bar,0423,license,2026-07-18,2026-09-01,2028-08-31,40.68341,-73.97587,pip
"GRILL, BEER ONLY; LEVEL 4","GRILL, BEER ONLY; LEVEL 4",LEVY PREMIUM FOODSERVICE LP,620 ATLANTIC AVE,11217,,,0423-22-109950,Additional Bar,0423,license,2026-07-18,2026-09-01,2028-08-31,40.68341,-73.97587,pip
"GRILL, BEER ONLY; LEVEL 4","GRILL, BEER ONLY; LEVEL 4",LEVY PREMIUM FOODSERVICE LP,620 ATLANTIC AVE,11217,,,0423-22-104175,Additional Bar,0423,license,2026-07-18,2026-09-01,2028-08-31,40.68341,-73.97587,pip
"GRILL, BEER ONLY; LEVEL 4","GRILL, BEER ONLY; LEVEL 4",LEVY PREMIUM FOODSERVICE LP,620 ATLANTIC AVE,11217,,,0423-22-104041,Additional Bar,0423,license,2026-07-18,2026-09-01,2028-08-31,40.68341,-73.97587,pip
"GRILL, BEER ONLY; LEVEL 4","GRILL, BEER ONLY; LEVEL 4",LEVY PREMIUM FOODSERVICE LP,620 ATLANTIC AVE,11217,,,0423-22-104227,Additional Bar,0423,license,2026-07-18,2026-09-01,2028-08-31,40.68341,-73.97587,pip
"GRILL, BEER ONLY; LEVEL 4","GRILL, BEER ONLY; LEVEL 4",LEVY PREMIUM FOODSERVICE LP,620 ATLANTIC AVE,11217,,,0423-22-104037,Additional Bar,0423,license,2026-07-18,2026-09-01,2028-08-31,40.68341,-73.97587,pip
"GRILL, BEER ONLY; LEVEL 4","GRILL, BEER ONLY; LEVEL 4",LEVY PREMIUM FOODSERVICE LP,620 ATLANTIC AVE,11217,,,0423-22-104176,Additional Bar,0423,license,2026-07-18,2026-09-01,2028-08-31,40.68341,-73.97587,pip
"GRILL, BEER ONLY; LEVEL 4","GRILL, BEER ONLY; LEVEL 4",LEVY PREMIUM FOODSERVICE LP,620 ATLANTIC AVE,11217,,,0423-22-112088,Additional Bar,0423,license,2026-07-18,2026-09-01,2028-08-31,40.68341,-73.97587,pip
"GRILL, BEER ONLY; LEVEL 4","GRILL, BEER ONLY; LEVEL 4",LEVY PREMIUM FOODSERVICE LP,620 ATLANTIC AVE,11217,,,0423-22-103278,Additional Bar,0423,license,2026-07-18,2026-09-01,2028-08-31,40.68341,-73.97587,pip
"GRILL, BEER ONLY; LEVEL 4","GRILL, BEER ONLY; LEVEL 4",LEVY PREMIUM FOODSERVICE LP,620 ATLANTIC AVE,11217,,,0423-22-104144,Additional Bar,0423,license,2026-07-18,2026-09-01,2028-08-31,40.68341,-73.97587,pip
"GRILL, BEER ONLY; LEVEL 4","GRILL, BEER ONLY; LEVEL 4",LEVY PREMIUM FOODSERVICE LP,620 ATLANTIC AVE,11217,,,0423-22-104100,Additional Bar,0423,license,2026-07-18,2026-09-01,2028-08-31,40.68341,-73.97587,pip
"GRILL, BEER ONLY; LEVEL 4","GRILL, BEER ONLY; LEVEL 4",LEVY PREMIUM FOODSERVICE LP,620 ATLANTIC AVE,11217,,,0189-22-128343,"Additional bar- ball park, race track, etc",0189,license,2026-07-18,2026-09-01,2028-08-31,40.68341,-73.97587,pip
"GRILL, BEER ONLY; LEVEL 4","GRILL, BEER ONLY; LEVEL 4",LEVY PREMIUM FOODSERVICE LP,620 ATLANTIC AVE,11217,,,0189-22-128286,"Additional bar- ball park, race track, etc",0189,license,2026-07-18,2026-09-01,2028-08-31,40.68341,-73.97587,pip
"GRILL, BEER ONLY; LEVEL 4","GRILL, BEER ONLY; LEVEL 4",LEVY PREMIUM FOODSERVICE LP,620 ATLANTIC AVE,11217,,,0189-22-128307,"Additional bar- ball park, race track, etc",0189,license,2026-07-18,2026-09-01,2028-08-31,40.68341,-73.97587,pip
"GRILL, BEER ONLY; LEVEL 4","GRILL, BEER ONLY; LEVEL 4",LEVY PREMIUM FOODSERVICE LP,620 ATLANTIC AVE,11217,,,0189-22-128344,"Additional bar- ball park, race track, etc",0189,license,2026-07-18,2026-09-01,2028-08-31,40.68341,-73.97587,pip
"GRILL, BEER ONLY; LEVEL 4","GRILL, BEER ONLY; LEVEL 4",LEVY PREMIUM FOODSERVICE LP,620 ATLANTIC AVE,11217,,,0189-22-122750,"Additional bar- ball park, race track, etc",0189,license,2026-07-18,2026-09-01,2028-08-31,40.68341,-73.97587,pip
"GRILL, BEER ONLY; LEVEL 4","GRILL, BEER ONLY; LEVEL 4",LEVY PREMIUM FOODSERVICE LP,620 ATLANTIC AVE,11217,,,0189-22-128308,"Additional bar- ball park, race track, etc",0189,license,2026-07-18,2026-09-01,2028-08-31,40.68341,-73.97587,pip
"GRILL, BEER ONLY; LEVEL 4","GRILL, BEER ONLY; LEVEL 4",LEVY PREMIUM FOODSERVICE LP,620 ATLANTIC AVE,11217,,,0189-22-128347,"Additional bar- ball park, race track, etc",0189,license,2026-07-18,2026-09-01,2028-08-31,40.68341,-73.97587,pip
"GRILL, BEER ONLY; LEVEL 4","GRILL, BEER ONLY; LEVEL 4",LEVY PREMIUM FOODSERVICE LP,620 ATLANTIC AVE,11217,,,0189-22-128068,"Additional bar- ball park, race track, etc",0189,license,2026-07-18,2026-09-01,2028-08-31,40.68341,-73.97587,pip
"GRILL, BEER ONLY; LEVEL 4","GRILL, BEER ONLY; LEVEL 4",LEVY PREMIUM FOODSERVICE LP,620 ATLANTIC AVE,11217,,,0189-22-122749,"Additional bar- ball park, race track, etc",0189,license,2026-07-18,2026-09-01,2028-08-31,40.68341,-73.97587,pip
"GRILL, BEER ONLY; LEVEL 4","GRILL, BEER ONLY; LEVEL 4",LEVY PREMIUM FOODSERVICE LP,620 ATLANTIC AVE,11217,,,0189-22-128341,"Additional bar- ball park, race track, etc",0189,license,2026-07-18,2026-09-01,2028-08-31,40.68341,-73.97587,pip
"GRILL, BEER ONLY; LEVEL 4","GRILL, BEER ONLY; LEVEL 4",LEVY PREMIUM FOODSERVICE LP,620 ATLANTIC AVE,11217,,,0189-22-128304,"Additional bar- ball park, race track, etc",0189,license,2026-07-18,2026-09-01,2028-08-31,40.68341,-73.97587,pip
"GRILL, BEER ONLY; LEVEL 4","GRILL, BEER ONLY; LEVEL 4",LEVY PREMIUM FOODSERVICE LP,620 ATLANTIC AVE,11217,,,0189-22-128346,"Additional bar- ball park, race track, etc",0189,license,2026-07-18,2026-09-01,2028-08-31,40.68341,-73.97587,pip
"GRILL, BEER ONLY; LEVEL 4","GRILL, BEER ONLY; LEVEL 4",LEVY PREMIUM FOODSERVICE LP,620 ATLANTIC AVE,11217,,,0189-22-128067,"Additional bar- ball park, race track, etc",0189,license,2026-07-18,2026-09-01,2028-08-31,40.68341,-73.97587,pip
"GRILL, BEER ONLY; LEVEL 4","GRILL, BEER ONLY; LEVEL 4",LEVY PREMIUM FOODSERVICE LP,620 ATLANTIC AVE,11217,,,0189-22-128303,"Additional bar- ball park, race track, etc",0189,license,2026-07-18,2026-09-01,2028-08-31,40.68341,-73.97587,pip
"GRILL, BEER ONLY; LEVEL 4","GRILL, BEER ONLY; LEVEL 4",LEVY PREMIUM FOODSERVICE LP,620 ATLANTIC AVE,11217,,,0189-22-128342,"Additional bar- ball park, race track, etc",0189,license,2026-07-18,2026-09-01,2028-08-31,40.68341,-73.97587,pip
"GRILL, BEER ONLY; LEVEL 4","GRILL, BEER ONLY; LEVEL 4",LEVY PREMIUM FOODSERVICE LP,620 ATLANTIC AVE,11217,,,0189-22-128305,"Additional bar- ball park, race track, etc",0189,license,2026-07-18,2026-09-01,2028-08-31,40.68341,-73.97587,pip
"GRILL, BEER ONLY; LEVEL 4","GRILL, BEER ONLY; LEVEL 4",LEVY PREMIUM FOODSERVICE LP,620 ATLANTIC AVE,11217,,,0189-22-128296,"Additional bar- ball park, race track, etc",0189,license,2026-07-18,2026-09-01,2028-08-31,40.68341,-73.97587,pip
"GRILL, BEER ONLY; LEVEL 4","GRILL, BEER ONLY; LEVEL 4",LEVY PREMIUM FOODSERVICE LP,620 ATLANTIC AVE,11217,,,0189-22-128345,"Additional bar- ball park, race track, etc",0189,license,2026-07-18,2026-09-01,2028-08-31,40.68341,-73.97587,pip
"GRILL, BEER ONLY; LEVEL 4","GRILL, BEER ONLY; LEVEL 4",LEVY PREMIUM FOODSERVICE LP,620 ATLANTIC AVE,11217,,,0189-22-128306,"Additional bar- ball park, race track, etc",0189,license,2026-07-18,2026-09-01,2028-08-31,40.68341,-73.97587,pip
"GRILL, BEER ONLY; LEVEL 4","GRILL, BEER ONLY; LEVEL 4",LEVY PREMIUM FOODSERVICE LP,620 ATLANTIC AVE,11217,,,0422-22-103283,Additional bar- legitimate theater,0422,license,2026-07-07,2026-09-01,2028-08-31,40.68341,-73.97587,pip
"GRILL, BEER ONLY; LEVEL 4","GRILL, BEER ONLY; LEVEL 4",LEVY PREMIUM FOODSERVICE LP,620 ATLANTIC AVE,11217,,,0422-22-103282,Additional bar- legitimate theater,0422,license,2026-07-18,2026-09-01,2028-08-31,40.68341,-73.97587,pip
"GRILL, BEER ONLY; LEVEL 4","GRILL, BEER ONLY; LEVEL 4",LEVY PREMIUM FOODSERVICE LP,620 ATLANTIC AVE,11217,,,0340-22-103273,Restaurant,0340,license,2026-07-18,2026-09-01,2028-08-31,40.68341,-73.97587,pip
GRIMALDIS PIZZERIA,GRIMALDIS PIZZERIA,BROOKLYN PIZZERIA INC,1 FRONT ST,11201,https://www.grimaldispizzeria.com/locations/1-front-street-brooklyn/,/liquor/logos/fdc355019b7e.png,0423-21-117664,Additional Bar,0423,license,2025-10-16,2025-12-01,2027-11-30,40.70245,-73.99319,pip
GRIMALDIS PIZZERIA,GRIMALDIS PIZZERIA,BROOKLYN PIZZERIA INC,1 FRONT ST,11201,https://www.grimaldispizzeria.com/locations/1-front-street-brooklyn/,/liquor/logos/fdc355019b7e.png,0240-21-123587,Restaurant,0240,license,2025-10-16,2025-12-01,2027-11-30,40.70245,-73.99319,pip
GRISTEDE'S # 544,GRISTEDE'S # 544,NAMDOR INC,101 CLARK STREET,11201,,,0081-23-116009,Grocery Store,0081,license,2026-06-17,2026-07-01,2029-06-30,40.69725,-73.9922,pip
Habana Outpost,Habana Outpost,Habana Outpost & Friends LLC,757 Fulton St,11217,https://www.habanaoutpost.com/location/habana-outpost-brooklyn/,,0340-25-107482,Restaurant,0340,license,2025-04-16,2025-04-16,2027-03-31,40.68623,-73.97431,pip
HAMPTON INN BROOKLYN,HAMPTON INN BROOKLYN,BROOKLYN LW LEASE CORP LLC&LODGEWORKS PARTNERS LP,125 FLATBUSH AVE EXT,11201,,,0423-22-104319,Additional Bar,0423,license,2026-04-29,2026-06-01,2028-05-31,40.69554,-73.98418,pip
HAMPTON INN BROOKLYN,HAMPTON INN BROOKLYN,BROOKLYN LW LEASE CORP LLC&LODGEWORKS PARTNERS LP,125 FLATBUSH AVE EXT,11201,,,0423-22-104318,Additional Bar,0423,license,2026-04-29,2026-06-01,2028-05-31,40.69554,-73.98418,pip
HAMPTON INN BROOKLYN,HAMPTON INN BROOKLYN,BROOKLYN LW LEASE CORP LLC&LODGEWORKS PARTNERS LP,125 FLATBUSH AVE EXT,11201,,,0343-22-127930,Hotel,0343,license,2026-05-09,2026-06-01,2028-05-31,40.69554,-73.98418,pip
HAN DYNASTY OF BROOKLYN LLC,,HAN DYNASTY OF BROOKLYN LLC,1 DEKALB AVE,11201,,,0340-23-137653,Restaurant,0340,license,2025-09-29,2025-10-01,2027-09-30,40.68997,-73.98238,pip
HARMONY DEKALB INC,,HARMONY DEKALB INC,245 DEKALB AVE,11205,,,0340-23-135961,Restaurant,0340,license,2025-09-12,2025-03-01,2027-02-28,40.68949,-73.96947,pip
HARTLEY'S,HARTLEY'S,THIRTY TREES CORP,14 PUTNAM AVE,11238,,,0370-23-164895,Food & Beverage Business,0370,license,2025-12-02,2026-01-01,2027-12-31,40.68272,-73.96132,pip
Hashi Market,Hashi Market,HASHI 299 NY LLC,299 Atlantic Ave,11201,,,0081-26-145791,Grocery Store,0081,license,2026-06-09,2026-06-09,2029-05-31,40.68841,-73.98865,pip
Healthy Dekalb Market Inc,,Healthy Dekalb Market Inc,80 Dekalb Ave,11201,,,0081-25-128595,Grocery Store,0081,license,2025-11-09,2025-11-09,2028-10-31,40.68993,-73.97992,pip
"HEIGHTS CASINO INC,THE",,"HEIGHTS CASINO INC,THE",75 MONTAGUE ST,11201,https://www.heightscasino.com,/liquor/logos/edd98c63d028.svg,0349-23-124911,Club,0349,license,2025-03-06,2025-03-06,2027-02-28,40.69536,-73.99637,pip
HEIGHTS CHATEAU,HEIGHTS CHATEAU,123 ATLANTIC AVE LIQUORS LLC,123 ATLANTIC AVE,11201,https://www.heightschateau.com,,0100-21-114044,Liquor Store,0100,license,2024-02-13,2024-03-01,2027-02-28,40.69069,-73.99599,geoclient
HENRY STREET ALE HOUSE,HENRY STREET ALE HOUSE,PSB SATELLITES LTD,62 HENRY ST BKLYN HGHTS ANNEX,11201,https://henrystreetalehouse.com/,,0340-23-131136,Restaurant,0340,license,2025-02-13,2025-03-01,2027-02-28,40.69903,-73.99225,pip
HENRY'S END,HENRY'S END,BRIDGE 72 LLC,72 HENRY ST,11201,https://www.henrysend.com,/liquor/logos/150ef2ab79e2.png,0340-23-129982,Restaurant,0340,license,2025-04-29,2025-05-01,2027-04-30,40.69865,-73.99243,pip
HERITAGE WINE,HERITAGE WINE,H WINE & SPIRITS INC,229 Dekalb Ave,11205,,,0100-22-116046,Liquor Store,0100,license,2025-08-22,2025-10-01,2028-09-30,40.68952,-73.97037,pip
HIGH TIDE,HIGH TIDE,FIREBOAT LLC,1 WATER ST,11201,,,0371-23-135998,Summer Food & beverage business,0371,license,2026-02-10,2026-03-01,2026-11-30,40.70341,-73.99441,geoclient
HILTON BROOKLYN NEW YORK,HILTON BROOKLYN NEW YORK,URGO HOTELS LLC and PHGBK LLC,140 SCHERMERHORN ST,11201,,,0343-23-122540,Hotel,0343,license,2026-08-07,2026-08-07,2027-02-07,40.68968,-73.98779,pip
HOLLOW NICKEL INC,,HOLLOW NICKEL INC,494 ATLANTIC AVE,11217,https://www.hollownickel.com,/liquor/logos/90b391a12ffb.png,0370-24-116104,Food & Beverage Business,0370,license,2026-06-27,2026-08-01,2028-07-31,40.68576,-73.98182,pip
Holy Pita,Holy Pita,Badur Amca LLC,10 Clermont Ave,11205,https://holypita.com,/liquor/logos/575233c7de94.png,0240-26-147675,Restaurant,0240,license,2026-07-03,2026-07-03,2028-06-30,40.69758,-73.97174,pip
HOPS HILL,HOPS HILL,BAR CHAIN LLC,886 FULTON ST,11238,https://www.hops-hill.com/,/liquor/logos/1fad975e3cc0.png,0370-24-115989,Food & Beverage Business,0370,license,2026-05-18,2026-07-01,2028-06-30,40.68319,-73.96554,pip
HOPS HILL AT ATLANTIC,HOPS HILL AT ATLANTIC,THIRD BAR LLC,533 ATLANTIC AVE,11217,,,0267-23-136603,Food & Beverage Business,0267,license,2025-06-17,2025-08-01,2027-07-31,40.68503,-73.97992,pip
HUNGRY GHOST COFFEE FRANCIS,HUNGRY GHOST COFFEE FRANCIS,HUNGRY GHOST CLERMONT LLC,810 FULTON ST SPACE #D,11238,https://www.hungryghostcoffee.com/location/clinton-hill/,/liquor/logos/2f2367841682.png,0370-24-130686,Food & Beverage Business,0370,license,2024-09-30,2024-10-01,2026-09-30,40.68401,-73.96872,pip
IGNAZIO'S LLC,,IGNAZIO'S LLC,4 WATER STREET,11201,https://www.ignaziospizzamenu.com/,/liquor/logos/8b56f657fa16.png,0240-23-141415,Restaurant,0240,license,2025-01-14,2025-03-01,2027-02-28,40.70332,-73.99389,pip
Ikigai,Ikigai,Ikigai NYC LLC,87 Lafayette Ave,11217,,,0340-24-121682,Restaurant,0340,license,2026-06-11,2026-07-01,2028-06-30,40.68719,-73.97485,pip
IKKI JAPANESE CUISINE INC,,IKKI JAPANESE CUISINE INC,122 SMITH STREET,11201,,,0240-23-141222,Restaurant,0240,license,2025-04-15,2025-06-01,2027-05-31,40.68754,-73.98992,pip
IL PORTO BRICK OVEN RISTORANTE LLC,,IL PORTO BRICK OVEN RISTORANTE LLC,37 WASHINGTON AVE,11205,,,0340-23-134944,Restaurant,0340,license,2025-10-15,2025-02-01,2027-01-31,40.69751,-73.96771,pip
IL VINO TORCHIO INC,,IL VINO TORCHIO INC,80 4TH AVE,11217,https://ilvinotorchio.com,/liquor/logos/468a6756b590.png,0100-23-124379,Liquor Store,0100,license,2023-11-10,2023-12-01,2026-11-30,40.68213,-73.97995,geoclient
IMPASTO,IMPASTO,IMPASTO LLC,373 WAVERLY AVE,11238,,,0267-22-112185,Food & Beverage Business,0267,license,2024-11-01,2024-12-01,2026-11-30,40.68681,-73.96659,pip
INGA'S BAR,INGA'S BAR,L&E PROVISIONS LLC,37 CRANBERRY ST,11201,,,0340-22-112274,Restaurant,0340,license,2026-05-22,2026-06-01,2028-05-31,40.69989,-73.99383,pip
IPPUDO NY LLC,,IPPUDO NY LLC,146 Pearl St,11201,,,0340-24-113842,Restaurant,0340,license,2026-05-07,2026-05-07,2028-04-30,40.70049,-73.98776,pip
ISLAND SHACK,ISLAND SHACK,LITTLE CARIBBEAN KITCHEN LLC,87 S ELLIOTT PL,11217,https://islandshackcaribbean.com,/liquor/logos/354f766a95a9.png,0340-23-127797,Restaurant,0340,license,2025-03-28,2025-04-01,2027-03-31,40.68694,-73.97555,pip
Istanbul Cinton Hill,Istanbul Cinton Hill,CSY Food Corp,852 Fulton St,11238,https://www.istanbulclintonhill.com,/liquor/logos/fa0711125179.png,0240-26-134176,Restaurant,0240,license,2026-01-24,2026-01-24,2027-12-31,40.68354,-73.96721,pip
IZZY ROSE,IZZY ROSE,224 GREENE AV BAR LLC,214 GREENE AVE,11238,https://www.izzyrosebk.com/,,0340-23-133854,Restaurant,0340,license,2025-07-07,2025-07-07,2027-06-30,40.68704,-73.96285,pip
JAN D'AMORE WINES,JAN D'AMORE WINES,JAN D AMORE WINES LTD,55 WASHINGTON ST STE 314,11201,,,0011-23-126025,Importer,0011,license,2026-07-02,2026-09-01,2029-08-31,40.7028,-73.98964,pip
JAN D'AMORE WINES,JAN D'AMORE WINES,JAN D AMORE WINES LTD,55 WASHINGTON ST STE 314,11201,,,0007-21-112956,Wholesale Wine,0007,license,2024-12-04,2024-12-04,2027-12-31,40.7028,-73.98964,pip
JEFE TACOS LLC,,JEFE TACOS LLC,445 GOLD ST,11201,,,0340-22-110687,Restaurant,0340,license,2026-05-05,2026-07-01,2028-06-30,40.69074,-73.98348,pip
JOE AND SALS PIZZERIA,JOE AND SALS PIZZERIA,LOUIE DUE LLC,353 MYRTLE AVE,11205,https://www.joeandsalspizza.com,/liquor/logos/b03d1f3ef717.png,0240-23-142452,Restaurant,0240,license,2025-04-08,2025-05-01,2027-04-30,40.69321,-73.97215,pip
Joya,Joya,Super Rich LLC,215 Court St,11201,https://www.joyabrooklyn.com,/liquor/logos/b39d01ffdfdd.png,0340-26-138217,Restaurant,0340,license,2026-03-23,2026-03-23,2028-02-29,40.68675,-73.99382,geoclient
JULIANA'S,JULIANA'S,JULIANA'S UTBB LLC,19 OLD FULTON ST,11201,https://julianaspizza.com,/liquor/logos/305a65293d4f.png,0340-25-131547,Restaurant,0340,license,2025-12-11,2025-12-11,2027-11-30,40.70257,-73.99358,pip
JUNIORS RESTAURANT,JUNIORS RESTAURANT,FOODS FOR JUNIORS INC,382 390 FLATBUSH AVE EXT,11201,,,0340-23-127140,Restaurant,0340,license,2025-02-15,2025-03-01,2027-02-28,40.68983,-73.98147,pip
KASHI,KASHI,INSTAFOODME INC,286 LIVINGSTON STREET,11217,,,0340-23-129107,Restaurant,0340,license,2025-10-09,2025-08-01,2027-07-31,40.68858,-73.98304,pip
KEY FOOD,KEY FOOD,RED APPLE TREE INC,169 175 ATLANTIC AVENUE,11201,https://www.keyfood.com/store/store/1570,,0081-22-131376,Grocery Store,0081,license,2025-09-08,2025-10-01,2028-09-30,40.69011,-73.99391,geoclient
KEY FOOD FOODMARKET,KEY FOOD FOODMARKET,991 FULTON STREET MEAT CORP,991 993 FULTON STREET,11238,,,0081-22-131156,Grocery Store,0081,license,2025-05-16,2025-07-01,2028-06-30,40.68272,-73.96325,pip
KEY FOOD SUPERMARKET,KEY FOOD SUPERMARKET,MATLYN FOODS INC,100 104 MONTAGUE STREET,11201,,,0081-22-131192,Grocery Store,0081,license,2025-05-08,2025-07-01,2028-06-30,40.69506,-73.99527,pip
Khaosan,Khaosan,Thong Thai Corporation,128 Montague St,11201,https://www.thaifoodbrooklyn.com,,0340-26-147909,Restaurant,0340,license,2026-07-07,2026-07-07,2028-06-30,40.69475,-73.99414,pip
KHIM'S MILLENNIUM MARKET,KHIM'S MILLENNIUM MARKET,KHIMS MARKET INC,536 Myrtle Ave,11205,,,0081-24-103132,Grocery Store,0081,license,2024-02-07,2024-02-07,2027-01-31,40.69361,-73.96357,pip
KIMOTO,KIMOTO,MIRA GROUP INC,216 DUFFIELD ST,11201,,,0370-23-133862,Food & Beverage Business,0370,license,2025-08-28,2025-09-01,2027-08-31,40.6917,-73.98435,pip
KINGS COUNTY DISTILLERY LLC,,KINGS COUNTY DISTILLERY LLC,63 Flushing Ave,11205,,,CM-22-00014,Combined Craft Status,CM,license,2022-04-11,2025-05-16,2028-04-30,40.69865,-73.97924,pip
KINGS COUNTY DISTILLERY LLC,,KINGS COUNTY DISTILLERY LLC,63 Flushing Ave,11205,,,0052-16-105027,Distiller Class A-1 (Micro-distiller),0052,license,2025-05-16,2025-05-16,2028-04-30,40.69865,-73.97924,pip
KINGS COUNTY DISTILLERY LLC,,KINGS COUNTY DISTILLERY LLC,63 Flushing Ave,11205,,,0056-16-106898,Distiller Class D (Farm Distiller),0056,license,2025-05-16,2025-05-16,2028-04-30,40.69865,-73.97924,pip
KINGS COUNTY DISTILLERY LLC,,KINGS COUNTY DISTILLERY LLC,63 Flushing Ave,11205,,,0025-26-150214,Farm Cidery,0025,license,2026-07-29,2026-07-29,2028-04-30,40.69865,-73.97924,pip
KINGS FLATBUSH EXTENSION C-STORE,KINGS FLATBUSH EXTENSION C-STORE,BOLLA OPERATING CORP.,185 FLATBUSH AVE EXT,11201,,,0081-21-108648,Grocery Store,0081,license,2024-10-30,2024-11-01,2027-10-31,40.69457,-73.98371,pip
Kinjo,Kinjo,KINJO DUMBO LLC,11 ADAMS ST,11201,,,0370-24-130272,Food & Beverage Business,0370,license,2026-08-06,2026-09-01,2028-08-31,40.70403,-73.98848,geoclient
Kiwami NYC Inc,,Kiwami NYC Inc,141 Bridge Park Dr,11201,,,0240-24-134726,Restaurant,0240,license,2024-11-01,2024-11-01,2026-10-31,40.69365,-74.00098,geoclient
KLEVOR WINES & LIQUORS,KLEVOR WINES & LIQUORS,343 MYRTLE LIQUORS INC,343 MYRTLE AVE,11205,,,0100-24-114918,Liquor Store,0100,license,2024-05-23,2024-05-23,2027-04-30,40.69323,-73.97254,pip
KOGANE RAMEN,KOGANE RAMEN,RAMEN AT WORK LLC,76 HENRY ST,11201,https://www.koganeramenny.com/brooklyn/,/liquor/logos/9bfda13fbae5.png,0240-24-117678,Restaurant,0240,license,2026-04-09,2026-06-01,2028-05-31,40.69855,-73.99248,pip
KOTTI BERLINER DONER,KOTTI BERLINER DONER,LECKER FOODS HOSPITALITY GROUP LLC,445 GOLD ST AKA 445 ALBEE SQ W,11201,,,0267-23-129529,Food & Beverage Business,0267,license,2025-07-03,2025-08-01,2027-07-31,40.69074,-73.98348,pip
KPOT KOREAN BBQ & HOT POT,KPOT KOREAN BBQ & HOT POT,CAJUN RESTAURANT ALBEE LLC,430 ALBEE SQ W,11201,,,0340-23-130968,Restaurant,0340,license,2025-01-03,2025-01-03,2026-12-31,40.69086,-73.98347,pip
KUUN INC,,KUUN INC,290 LIVINGSTON ST,11217,https://www.kuunbrooklyn.com,/liquor/logos/f98c4428359d.png,0340-22-112412,Restaurant,0340,license,2026-04-07,2026-05-01,2028-04-30,40.6885,-73.98282,pip
KYOTO SUSHI RESTAURANT INC,,KYOTO SUSHI RESTAURANT INC,115 SMITH ST,11201,,,0240-23-140371,Restaurant,0240,license,2025-01-14,2025-02-01,2027-01-31,40.68784,-73.98971,pip
L&B SPUMONI GARDENS,L&B SPUMONI GARDENS,SQUARE THAT GETS AROUND 46 OLD FULTON LLC THE,46 OLD FULTON ST,11201,,,0240-22-101400,Restaurant,0240,license,2026-07-24,2024-11-01,2026-10-31,40.70235,-73.99316,pip
L'APPARTEMENT 4F,L'APPARTEMENT 4F,4F SUR MONTAIGU LLC,115 117 MONTAGUE ST,11201,https://lappartement4f.com,/liquor/logos/0fc79f029e64.png,0267-23-128276,Food & Beverage Business,0267,license,2025-07-11,2025-08-01,2027-07-31,40.69493,-73.99479,pip
Lafayette Grocery & Dairy,Lafayette Grocery & Dairy,THF GOURMET CORP,133 LAFAYETTE AVE,11238,,,0081-24-105552,Grocery Store,0081,license,2024-03-05,2024-03-05,2027-02-28,40.68742,-73.97255,pip
LANTERN,LANTERN,THAI MONTAGUE INC,101 MONTAGUE STREET,11201,,,0340-22-110896,Restaurant,0340,license,2026-05-22,2026-06-01,2028-05-31,40.69513,-73.99553,pip
LARINA,LARINA,DURUM LLC,387 MYRTLE AVE,11205,https://larinabk.com,/liquor/logos/3252ccf8a574.png,0340-22-115302,Restaurant,0340,license,2026-07-09,2026-07-09,2028-06-30,40.69314,-73.97042,pip
LASSEN & HENNIGS INCORPORATED,,LASSEN & HENNIGS INCORPORATED,114 MONTAGUE STREET,11201,https://www.lassenandhennigs.com/,/liquor/logos/70a07cb612bc.png,0071-22-110923,Grocery Store,0071,license,2025-06-24,2025-07-01,2028-06-30,40.69494,-73.99485,pip
LASSEN AND HENNIGS,LASSEN AND HENNIGS,L & H 177 CORP,177 WATER ST,11201,https://www.lassencatering.com,/liquor/logos/ca0e8f449c64.png,0071-21-116641,Grocery Store,0071,license,2024-04-05,2024-04-05,2027-03-31,40.70312,-73.98713,pip
LE BOUDOIR/ CHEZ MOI,LE BOUDOIR/ CHEZ MOI,LE MONTAGUE LLC,135 ATLANTIC AVE,11201,https://chezmoiny.com,/liquor/logos/7f4463879665.png,0423-22-104557,Additional Bar,0423,license,2026-02-04,2026-03-01,2028-02-29,40.69059,-73.99563,geoclient
LE BOUDOIR/ CHEZ MOI,LE BOUDOIR/ CHEZ MOI,LE MONTAGUE LLC,135 ATLANTIC AVE,11201,https://chezmoiny.com,/liquor/logos/7f4463879665.png,0340-22-104106,Restaurant,0340,license,2026-02-04,2026-03-01,2028-02-29,40.69059,-73.99563,geoclient
LEON AND SON WINE,LEON AND SON WINE,G AND C WINES LLC,995 FULTON ST,11238,,,0100-21-115349,Liquor Store,0100,license,2024-04-18,2024-05-01,2027-04-30,40.68269,-73.9631,pip
LIBDIB,LIBDIB,LIBERATION DISTRIBUTION LLC,325 GOLD ST,11201,,,0009-22-116205,Wholesale Liquor,0009,license,2025-12-19,2026-01-01,2028-12-31,40.69453,-73.98329,pip
Lidl,Lidl,"LUS Licensing, LLC",490 Fulton St Fl 2,11201,https://www.lidl.com/stores/US01579,/liquor/logos/cba7d6bcc1c5.svg,0081-26-151048,Grocery Store,0081,license,2026-08-08,2026-08-08,2029-07-31,40.68974,-73.98308,pip
Life Time,Life Time,LTF CLUB OPERATIONS COMPANY INC,18 6th Ave,11217,https://www.lifetime.life/locations/ny/atlantic-avenue.html,/liquor/logos/27b532af4286.png,0267-25-105368,Food & Beverage Business,0267,license,2025-03-20,2025-03-20,2027-02-28,40.68233,-73.97394,geoclient
LIFE TIME,LIFE TIME,LTF CLUB OPERATIONS COMPANY INC,168 FRONT ST,11201,https://www.lifetime.life/life-time-locations/ny-dumbo.html,/liquor/logos/ae5f7f620fb5.png,0340-23-138790,Restaurant,0340,license,2026-01-13,2026-01-13,2027-07-31,40.70238,-73.98587,pip
LIONS 95 INC,,LIONS 95 INC,282 ATLANTIC AVENUE,11201,,,0340-23-137469,Restaurant,0340,license,2025-03-18,2025-04-01,2027-03-31,40.68876,-73.98959,pip
LITTLE PIZZA PARLOR,LITTLE PIZZA PARLOR,PIZZERIA FUCCIO INC,192 DUFFIELD ST,11201,,,0267-23-136465,Food & Beverage Business,0267,license,2026-01-15,2025-02-01,2027-01-31,40.69241,-73.98431,pip
LOCANDA VINI & OLII,LOCANDA VINI & OLII,FRANCAT INC,129 GATES AVE,11238,,,0340-22-104137,Restaurant,0340,license,2026-05-18,2026-07-01,2028-06-30,40.68479,-73.96291,pip
Lonnie's,Lonnie's,Swedish Schnapps LLC,100 112 Bond St,11217,https://www.lonniesnyc.com/,/liquor/logos/54ae9da3f3a5.png,0340-26-152529-02,Additional Bar,0423,license,2026-08-28,2026-08-26,2028-07-31,40.68632,-73.98525,pip
Lonnie's,Lonnie's,Swedish Schnapps LLC,100 112 Bond St,11217,https://www.lonniesnyc.com/,/liquor/logos/54ae9da3f3a5.png,0340-26-152529-01,Additional Bar,0423,license,2026-08-28,2026-08-26,2028-07-31,40.68632,-73.98525,pip
Lonnie's,Lonnie's,Swedish Schnapps LLC,100 112 Bond St,11217,https://www.lonniesnyc.com/,/liquor/logos/54ae9da3f3a5.png,0340-26-152529,Restaurant,0340,license,2026-08-26,2026-08-26,2028-07-31,40.68632,-73.98525,pip
LOPEZ FAMILY MARKET CORP,,LOPEZ FAMILY MARKET CORP,173 PARK AVE,11205,,,0081-21-111855,Grocery Store,0081,license,2024-09-22,2024-10-01,2027-09-30,40.69618,-73.97233,pip
LOS DOS HERMANOS INC,,LOS DOS HERMANOS INC,266 CARLTON AVE,11205,,,0370-23-130814,Food & Beverage Business,0370,license,2025-03-24,2025-04-01,2027-03-31,40.68984,-73.97221,pip
LOUI BROOKLYN INC,,LOUI BROOKLYN INC,413 MYRTLE AVE,11205,,,0340-22-107254,Restaurant,0340,license,2026-02-20,2026-03-01,2028-02-29,40.69311,-73.9693,pip
Love and Dough,Love and Dough,Water St Tavern Corp,68 Jay St,11201,https://loveanddough.com/,/liquor/logos/dbc9a8f9e461.png,0340-25-103269,Restaurant,0340,license,2025-02-20,2025-02-20,2027-01-31,40.70268,-73.98668,pip
LUANNE'S WILDGINGER ALL-ASIAN VEGAN,LUANNE'S WILDGINGER ALL-ASIAN VEGAN,OWEN INDUSTRIES INC,235 DEKALB AVE,11205,http://www.luanneswildgingernyc.com,,0340-23-139055,Restaurant,0340,license,2025-03-18,2025-04-01,2027-03-31,40.6895,-73.96983,pip
LUKE'S LOBSTER,LUKE'S LOBSTER,LUKES LOBSTER XII LLC,11 WATER ST,11201,https://lukeslobster.com/pages/brooklyn-bridge-park,/liquor/logos/1b38d257c52a.png,0240-23-139703,Restaurant,0240,license,2025-04-18,2025-04-18,2027-03-31,40.70329,-73.99405,pip
LULA MAE'S,LULA MAE'S,BALK ROOF LLC,472 MYRTLE AVE,11205,https://www.lulamaenyc.com,/liquor/logos/42effac9db6c.png,0340-23-128298,Restaurant,0340,license,2025-01-31,2025-02-01,2027-01-31,40.69339,-73.96641,pip
M S SMOKE & GROCERY INC,,M S SMOKE & GROCERY INC,707 FULTON ST,11217,,,0081-22-135372,Grocery Store,0081,license,2025-04-16,2025-06-01,2028-05-31,40.68742,-73.97724,pip
M&E CANDY STORE CORP,,M&E CANDY STORE CORP,148 MONTAGUE ST,11201,,,0081-22-132031,Grocery Store,0081,license,2025-08-06,2025-09-01,2028-08-31,40.69452,-73.99331,pip
MA Brooklyn Thai-Ger,MA Brooklyn Thai-Ger,Charoen Thong Group LLC,747 Fulton St,11217,,,0340-26-146422,Restaurant,0340,license,2026-06-18,2026-06-18,2028-05-31,40.68646,-73.97488,pip
Main St. Pirate Ship Hospitality LLC,,Main St. Pirate Ship Hospitality LLC,15 Main St,11201,,,0340-26-133476,Restaurant,0340,license,2026-06-29,2026-01-13,2027-12-31,40.70344,-73.99067,pip
MAISON MAY DEKALB,MAISON MAY DEKALB,SAILLARD BISTROT LLC,246 DEKALB AVENUE,11205,https://maison-may.com,/liquor/logos/1cba67ac9232.svg,0340-23-133047,Restaurant,0340,license,2025-07-25,2025-09-01,2027-08-31,40.68948,-73.96933,pip
MALKA,MALKA,MALKA DUMBO LLC,56 Adams St,11201,,,0340-25-124751,Restaurant,0340,license,2025-10-02,2025-10-02,2027-09-30,40.7028,-73.98855,pip
MANDATO MEXICAN RESTAURANT,MANDATO MEXICAN RESTAURANT,BROOKLYN LITTLE BITES CORP,72 18 3RD AVENUE,11209,,,0240-23-141721,Restaurant,0240,license,2025-09-26,2025-10-01,2027-09-30,40.68632,-73.98002,pip
Mango Bay Caribbean Restaurant,Mango Bay Caribbean Restaurant,WEST INDIES RESTAURANT GROUP LLC,208 DeKalb Ave,11205,http://www.themangobay.com,/liquor/logos/131ad19c138d.svg,0340-25-128279,Restaurant,0340,license,2025-11-05,2025-11-05,2027-10-31,40.68954,-73.97086,pip
MARGOT,MARGOT,MARGOT BROOKLYN LLC,69 LAFAYETTE AVE,11217,,,0340-23-135953,Restaurant,0340,license,2025-04-11,2025-04-11,2027-03-31,40.68709,-73.97575,pip
Mariscos El Submarino,Mariscos El Submarino,Los Del Submarino Inc,507 Myrtle Ave,11205,https://www.mariscoselsubmarinonyc.com/,/liquor/logos/7a721aadfcb7.png,0340-25-131675,Restaurant,0340,license,2025-12-15,2025-12-15,2027-11-30,40.6936,-73.96457,pip
"MARRIOTT HOTEL SERVICES, LLC & BROOKLYN HOSPITALITY SERVICES, LLC",,"MARRIOTT HOTEL SERVICES, LLC & BROOKLYN HOSPITALITY SERVICES, LLC",333 ADAMS STREET,11201,,,0343-23-115984,Hotel,0343,license,2025-05-23,2025-06-01,2027-05-31,40.6935,-73.98872,pip
Maya Congee Cafe,Maya Congee Cafe,MCC1013Fulton Inc,1013 Fulton St,11238,https://mayacongeecafe.com,/liquor/logos/e50a03caae8b.png,0240-25-100323,Restaurant,0240,license,2025-01-07,2025-01-07,2026-12-31,40.68233,-73.96143,pip
MEKONG BK CORP,,MEKONG BK CORP,250 DEKALB AVE,11205,,,0340-23-136355,Restaurant,0340,license,2025-04-01,2025-05-01,2027-04-30,40.68946,-73.96887,pip
MET FRESH SUPERMARKET,MET FRESH SUPERMARKET,340 Meat LLC,340 Myrtle Ave,11205,https://www.metfoods.com,/liquor/logos/49763176d00f.png,0524-26-39146,Temporary retail,0524,temporary,2026-04-02,2026-04-02,2026-09-29,40.69323,-73.97261,pip
Metro Market Deli 1 Corp.,,Metro Market Deli 1 Corp.,440 Myrtle Ave,11205,,,0081-26-146200,Grocery Store,0081,license,2026-06-15,2026-06-15,2029-05-31,40.6932,-73.96797,pip
METTA,METTA,PLATAMATA LLC,197 ADELPHI ST,11205,,,0340-23-137628,Restaurant,0340,license,2026-04-17,2025-03-01,2027-02-28,40.69173,-73.97159,pip
MICHAEL TOWNE WINE & SPIRITS,MICHAEL TOWNE WINE & SPIRITS,CLARK STREET WINES & SPIRITS INC,100 HENRY ST   AKA 73 CLARK ST,11201,https://www.michaeltownewines.com,/liquor/logos/5dbe9770ce82.png,0100-21-114441,Liquor Store,0100,license,2024-09-12,2024-10-01,2027-09-30,40.69785,-73.99282,pip
MIKADO,MIKADO,L AND F RESTAURANT GROUP INC,177 Atlantic Ave,11201,https://newmikadonyc.com/,/liquor/logos/9ccb303107d8.png,0240-24-120621,Restaurant,0240,license,2026-06-01,2026-07-01,2028-06-30,40.6901,-73.99389,geoclient
MIKE'S LIQUORS INC,,MIKE'S LIQUORS INC,66 4TH AVENUE,11217,,,0100-22-116743,Liquor Store,0100,license,2025-04-09,2025-05-01,2028-04-30,40.68272,-73.97955,geoclient
MILE END,MILE END,MEV HOYT STREET LLC,97A HOYT ST,11217,https://www.mileenddeli.com,/liquor/logos/8fa2e27d84e0.png,0240-22-100273,Restaurant,0240,license,2024-09-24,2024-10-01,2026-09-30,40.68757,-73.98712,pip
MISS ADA,MISS ADA,153 NIGEL LLC,184 DEKALB AVE,11205,https://www.missadanyc.com,/liquor/logos/be3a1a6a672b.png,0340-23-137604,Restaurant,0340,license,2025-12-09,2025-04-08,2027-03-31,40.68961,-73.97237,pip
Mito,Mito,Mito Fort Greene LLC,280 Ashland Pl,11217,,,0340-26-147055,Restaurant,0340,license,2026-06-25,2026-06-29,2028-05-31,40.68707,-73.97823,pip
MJAYS ORGANIC MART AND MORE INC.,,MJAYS ORGANIC MART AND MORE INC.,462 Myrtle Ave,11205,,,0071-26-143034,Grocery Store,0071,license,2026-05-13,2026-05-13,2029-04-30,40.69331,-73.96706,pip
MKJ INNOVATIONS CORP,,MKJ INNOVATIONS CORP,36 WAVERLY AVE,11205,,,0056-21-108641,Distiller Class D (Farm Distiller),0056,license,2024-07-30,2024-08-01,2027-07-31,40.69683,-73.96859,pip
MO'S BAR AND LOUNGE,MO'S BAR AND LOUNGE,NAVADAS BAR AND LOUNGE LLC,80 LAFAYETTE AVE,11217,,,0370-23-134161,Food & Beverage Business,0370,license,2025-06-23,2025-07-01,2027-06-30,40.68719,-73.97478,pip
Montague Diner,Montague Diner,Lady Wortley LLC,148 Montague St,11201,https://montaguediner.com,/liquor/logos/5a2e5910dbea.png,0340-25-102055,Restaurant,0340,license,2025-01-31,2025-01-31,2026-12-31,40.69452,-73.99331,pip
MONTAGUE WINE & SPIRITS,MONTAGUE WINE & SPIRITS,TBT WINES & LIQUORS INC,78 MONTAGUE STREET,11201,,,0100-22-118257,Liquor Store,0100,license,2025-04-08,2025-05-01,2028-04-30,40.69533,-73.99624,pip
Montero Bar & Grill,Montero Bar & Grill,73 Atlantic Avenue Operator LLC,73 Atlantic Ave,11201,,,0370-26-151712,Food & Beverage Business,0370,license,2026-08-15,2026-08-15,2028-07-31,40.69122,-73.99796,geoclient
MONTY Q'S,MONTY Q'S,G T C ENTERPRISES LTD,158 MONTAGUE STREET,11201,,,0240-23-141829,Restaurant,0240,license,2025-07-20,2025-08-01,2027-07-31,40.6944,-73.99289,pip
Moon Wok Inc,,Moon Wok Inc,306 Gold St,11201,,,0240-25-113992,Restaurant,0240,license,2025-06-16,2025-06-16,2027-05-31,40.69505,-73.98326,pip
Moor Imports LLC,,Moor Imports LLC,300 Cadman Plz W Ste 12006,11201,,,0011-25-103424,Importer,0011,license,2025-02-24,2025-02-24,2028-01-31,40.69507,-73.99082,pip
MORITZ AT DEKALB LLC,,MORITZ AT DEKALB LLC,445 GOLD ST,11201,,,0240-22-101155,Restaurant,0240,license,2026-07-20,2026-10-01,2028-09-30,40.69074,-73.98348,pip
MR MANGO,MR MANGO,ZUDY 59 CORP,59 & 61 LAFAYETTE AVE,11217,,,0081-22-127854,Grocery Store,0081,license,2025-06-12,2025-07-01,2028-06-30,40.68706,-73.97603,pip
MR. COCO,MR. COCO,RORO 414 CORP,414 MYRTLE AVE,11205,,,0081-23-102361,Grocery Store,0081,license,2026-07-24,2026-08-01,2029-07-31,40.69311,-73.96921,pip
MY DELI FOOD MARKET INC,,MY DELI FOOD MARKET INC,109 PARK AVENUE,11205,,,0081-23-102539,Grocery Store,0081,license,2026-03-30,2026-04-01,2029-03-31,40.6963,-73.97529,pip
MYRTLE WINES & SPIRITS,MYRTLE WINES & SPIRITS,WL BROOKLYN LLC,81 FLEET PL,11201,https://www.myrtlewines.com,,0370-23-137729,Food & Beverage Business,0370,license,2026-03-29,2025-06-01,2027-05-31,40.69308,-73.98137,pip
MYRTLE WINES & SPIRITS,MYRTLE WINES & SPIRITS,WL BROOKLYN LLC,81 FLEET PL,11201,https://www.myrtlewines.com,,0100-23-123807,Liquor Store,0100,license,2026-05-11,2026-06-01,2029-05-31,40.69308,-73.98137,pip
N/A,N/A,910 deli and Grocery Corp,910 Fulton St,11238,,,0081-24-110144,Grocery Store,0081,license,2024-04-16,2024-04-16,2027-03-31,40.68296,-73.96445,pip
Nako,Nako,Nako LLC,18 Columbia Pl AKA Store 8,11201,,,0267-25-123204,Food & Beverage Business,0267,license,2025-09-17,2025-09-17,2027-08-31,40.69317,-73.99854,pip
Native BK INC,,Native BK INC,509 Myrtle Ave,11205,,,0524-26-49275,Temporary retail,0524,temporary,2026-07-20,2026-07-20,2027-01-16,40.69361,-73.96447,pip
NATURE DELI CORP,,NATURE DELI CORP,228 LIVINGSTON ST,11201,https://naturedelibk.com,,0081-24-107767,Grocery Store,0081,license,2024-03-25,2024-03-25,2027-02-28,40.68934,-73.98496,pip
Navy Yard Hotel,Navy Yard Hotel,Sela Ryerson LLC,29 Ryerson St,11205,,,0524-26-44585,Temporary retail,0524,temporary,2026-05-29,2026-05-29,2026-11-25,40.69709,-73.9657,pip
NEON'S GOURMET MEXICAN STREET FOOD,NEON'S GOURMET MEXICAN STREET FOOD,CHINAMITL GROUP LLC,499 Myrtle Avenue,11205,,,0340-25-126770,Restaurant,0340,license,2025-10-21,2025-10-21,2027-09-30,40.69353,-73.96514,pip
NEVINS FOOD MART,NEVINS FOOD MART,S & F FOODS AND GROCERY INC,26 NEVINS ST,11217,,,0081-22-129794,Grocery Store,0081,license,2025-10-28,2025-11-01,2028-10-31,40.68806,-73.98132,pip
NEW LEE CHI GARDEN INC,,NEW LEE CHI GARDEN INC,162 MONTAGUE ST,11201,,,0240-23-141897,Restaurant,0240,license,2025-08-06,2025-10-01,2027-09-30,40.69436,-73.99271,pip
Next Stop Vegan,Next Stop Vegan,Vegan Fresh Fusion LLC,88 Livingston St,11201,,,0240-25-106769,Restaurant,0240,license,2025-04-07,2025-04-07,2027-03-31,40.6914,-73.99064,pip
Nobody Told Me,Nobody Told Me,NOBODY LIKES DUMBO LLC,188 Front St Unit 2,11201,https://nobodytoldme.squarespace.com/dumbo,,0340-24-103253,Restaurant,0340,license,2026-01-15,2026-02-01,2028-01-31,40.70235,-73.98494,pip
NOODLE PUDDING RESTAURANT LLC,,NOODLE PUDDING RESTAURANT LLC,38-40 Henry St,11201,,,0340-23-163600,Restaurant,0340,license,2025-12-11,2025-12-11,2027-11-30,40.69975,-73.9919,pip
NY Food Deli Inc,,NY Food Deli Inc,147 Park Ave,11205,,,0081-26-132904,Grocery Store,0081,license,2026-01-06,2026-01-06,2028-12-31,40.69623,-73.97373,pip
NYC FRESH MARKET,NYC FRESH MARKET,GORIS GROCERS FLATBUSH AVE CORP,150 MYRTLE AVE,11201,,,0081-21-101530,Grocery Store,0081,license,2024-08-09,2024-09-01,2027-08-31,40.69362,-73.98272,pip
O'KEEFE'S,O'KEEFE'S,C S I COURT ST INC,62 COURT ST,11201,,,0340-22-115184,Restaurant,0340,license,2026-05-14,2026-07-01,2028-06-30,40.692,-73.99126,pip
OLEA,OLEA,GAYSEAHORSE LLC,171 LAFAYETTE AVENUE,11217,,,0340-23-133116,Restaurant,0340,license,2025-05-12,2025-06-01,2027-05-31,40.68765,-73.97061,pip
OLIVINO WINES,OLIVINO WINES,OLIVINO LLC,905 FULTON ST,11238,,,0100-22-116402,Liquor Store,0100,license,2026-07-20,2025-10-01,2028-09-30,40.68358,-73.96738,pip
OLYMPIA WINE BAR,OLYMPIA WINE BAR,54 JAY ST PARTNERS LLC,54 JAY ST,11201,,,0340-23-134170,Restaurant,0340,license,2025-01-15,2025-02-01,2027-01-31,40.70326,-73.98665,pip
OSTERIA BROOKLYN,OSTERIA BROOKLYN,PR HOSPITALITY GROUP LLC,458 460 MYRTLE AVE,11205,https://www.osteriabrooklyn.com,/liquor/logos/a35ef3d2a562.png,0340-22-112638,Restaurant,0340,license,2025-09-17,2024-12-04,2026-11-30,40.6933,-73.96713,pip
OSTERIA DEKALB LLC,,OSTERIA DEKALB LLC,445 GOLD ST,11201,,,0340-24-112008,Restaurant,0340,license,2026-04-21,2026-05-01,2028-04-30,40.69074,-73.98348,pip
OTWAY,OTWAY,ST JAMES 930 LLC,930 FULTON ST,11238,,,0340-21-119789,Restaurant,0340,license,2025-12-04,2025-12-04,2027-11-30,40.68283,-73.96385,pip
PADEL HAUS,PADEL HAUS,PADEL HAUS DUMBO LLC,257 Water St,11201,,,0267-24-135655,Food & Beverage Business,0267,license,2026-05-12,2024-11-08,2026-10-31,40.703,-73.98362,pip
PAPA FIRO GROCERY CORP,,PAPA FIRO GROCERY CORP,109 3RD AVE,11217,,,0081-23-102955,Grocery Store,0081,license,2025-12-30,2026-02-01,2029-01-31,40.68289,-73.98236,geoclient
Pearl Street Restaurant,Pearl Street Restaurant,EKAALEE LLC,68 Jay St,11201,,,0267-25-130523,Food & Beverage Business,0267,license,2025-12-01,2025-12-01,2027-11-30,40.70268,-73.98668,pip
PEAS & PICKLES FARM CORP,,PEAS & PICKLES FARM CORP,45 55 WASHINGTON STREET,11201,,,0240-23-141425,Restaurant,0240,license,2025-04-09,2025-05-01,2027-04-30,40.7028,-73.98964,pip
PEDRO'S BAR & RESTAURANT,PEDRO'S BAR & RESTAURANT,PEDRO'S BAR & RESTAURANT INC,73 JAY STREET,11201,,,0340-22-104012,Restaurant,0340,license,2026-05-06,2026-06-01,2028-05-31,40.70253,-73.98669,pip
PETIT PAULETTE,PETIT PAULETTE,BANDE A PART LLC,136 DEKALB AVE,11217,,,0267-23-134994,Food & Beverage Business,0267,license,2025-09-03,2025-09-03,2027-08-31,40.68976,-73.97578,pip
PHILLIPS RETAIL WINES,PHILLIPS RETAIL WINES,403 MYRTLE DISCOUNT LIQUORS INC,403 MYRTLE AVENUE,11205,,,0100-21-114823,Liquor Store,0100,license,2024-03-27,2024-04-01,2027-03-31,40.69312,-73.96968,pip
Piccola Cucina,Piccola Cucina,LUISA CAPITAL LLC,141 Nevins St,11217,,,0340-24-131575,Restaurant,0340,license,2025-07-15,2024-10-05,2026-09-30,40.68433,-73.98385,pip
PIEROGI BOYS,PIEROGI BOYS,PIEROGI PIEROGI CORP,445 GOLD ST,11201,,,0240-23-140237,Restaurant,0240,license,2025-05-29,2025-06-01,2027-05-31,40.69074,-73.98348,pip
PLACE DES FETES,PLACE DES FETES,PLACE DES FETES LLC,212 GREENE AVE,11238,https://www.pdfnyc.com,/liquor/logos/3a7fa3fa73ac.svg,0340-22-108407,Restaurant,0340,license,2026-02-27,2026-03-01,2028-02-29,40.68703,-73.96292,pip
PRATT WINE & LIQUOR INC,,PRATT WINE & LIQUOR INC,465 MYRTLE AVE,11205,,,0100-23-124244,Liquor Store,0100,license,2024-11-14,2024-12-01,2027-11-30,40.69336,-73.96663,pip
PRIMA BROOKLYN,PRIMA BROOKLYN,VERDUGO VISTA LLC,147 GREENE AVE,11205,,,0267-23-128870,Food & Beverage Business,0267,license,2025-03-21,2025-04-01,2027-03-31,40.68664,-73.96619,pip
PRIME DELI & GROCERY INC,,PRIME DELI & GROCERY INC,504 CLASSON AVE,11238,,,0071-20-101372,Grocery Store,0071,license,2023-12-22,2023-12-22,2026-09-30,40.68314,-73.95886,geoclient
PRONTO GOURMET & DELI,PRONTO GOURMET & DELI,PRATT GOURMET & DELI CORP,551 MYRTLE AVE,11205,,,0081-20-104329,Grocery Store,0081,license,2023-12-22,2024-01-01,2026-12-31,40.69389,-73.96205,pip
PUNJTAN FOOD MARKET,PUNJTAN FOOD MARKET,MUHAMMAD SARWAR FAROOQ,168 FLUSHING AVENUE,11205,,,0081-22-128511,Grocery Store,0081,license,2025-04-10,2025-06-01,2028-05-31,40.69779,-73.96948,pip
PUTNAM'S,PUTNAM'S,419 MYRTLE REST CORP,419 MYRTLE AVENUE,11205,https://putnamspub.com/,/liquor/logos/336a03a15407.png,0423-23-131663,Additional Bar,0423,license,2025-06-10,2025-07-01,2027-06-30,40.69311,-73.96905,pip
PUTNAM'S,PUTNAM'S,419 MYRTLE REST CORP,419 MYRTLE AVENUE,11205,https://putnamspub.com/,/liquor/logos/336a03a15407.png,0340-23-134251,Restaurant,0340,license,2025-09-19,2025-07-01,2027-06-30,40.69311,-73.96905,pip
RADICLE WINES,RADICLE WINES,293 GREENE WINE LLC,293 GREENE AVE,11238,,,0100-23-124302,Liquor Store,0100,license,2026-08-06,2026-09-01,2029-08-31,40.68736,-73.9601,geoclient
Ramen Thukpa,Ramen Thukpa,Ramen Thukpa Corp.,535 Atlantic Ave,11217,,,0240-25-131084,Restaurant,0240,license,2025-12-06,2025-12-06,2027-11-30,40.685,-73.97985,pip
RANDOLPH BEER,RANDOLPH BEER,77 SANDS RG LLC,77 SANDS ST,11201,https://www.randolphbeer.com/,/liquor/logos/2d99464cb0d0.png,0340-23-128511,Restaurant,0340,license,2025-01-03,2025-01-03,2026-12-31,40.70018,-73.98724,pip
RANDOLPH BEER,RANDOLPH BEER,77 SANDS RG LLC,77 SANDS ST,11201,https://www.randolphbeer.com/,/liquor/logos/2d99464cb0d0.png,0416-20-103634,Restaurant Brewer,0416,license,2023-11-01,2023-11-01,2026-10-31,40.70018,-73.98724,pip
RES US LLC / DBA: 1 HOTEL BROOKLYN BRIDGE,RES US LLC / DBA: 1 HOTEL BROOKLYN BRIDGE,"BKLYN PIER 1 HOTEL TENANT LP & SH GROUP HOTELS & RESIDENCES U.S., L.L.C.",60 FURMAN ST,11201,,,0423-23-133701,Additional Bar,0423,license,2025-01-03,2025-02-01,2027-01-31,40.70214,-73.99525,pip
RES US LLC / DBA: 1 HOTEL BROOKLYN BRIDGE,RES US LLC / DBA: 1 HOTEL BROOKLYN BRIDGE,"BKLYN PIER 1 HOTEL TENANT LP & SH GROUP HOTELS & RESIDENCES U.S., L.L.C.",60 FURMAN ST,11201,,,0423-23-133702,Additional Bar,0423,license,2025-01-03,2025-02-01,2027-01-31,40.70214,-73.99525,pip
RES US LLC / DBA: 1 HOTEL BROOKLYN BRIDGE,RES US LLC / DBA: 1 HOTEL BROOKLYN BRIDGE,"BKLYN PIER 1 HOTEL TENANT LP & SH GROUP HOTELS & RESIDENCES U.S., L.L.C.",60 FURMAN ST,11201,,,0343-23-121884,Hotel,0343,license,2025-03-10,2025-02-01,2027-01-31,40.70214,-73.99525,pip
RESIDENCES US LLC&/MEADOW RUE&SOCIAL SPACE,RESIDENCES US LLC&/MEADOW RUE&SOCIAL SPACE,"BKLYN PIER 1 HOTEL TENANT LP & SH GROUP HOTELS & RESIDENCES U.S., L.L.C.",90 FURMAN ST,11201,,,0346-22-116113,Catering Establishment,0346,license,2024-11-12,2024-12-01,2026-11-30,40.70167,-73.99551,pip
RIVER CAFE,RIVER CAFE,DIRCKSEN & TALLEYRAND INC,1 WATER ST,11201,https://www.rivercafe.com/,/liquor/logos/976baccbc3ff.png,0340-22-110975,Restaurant,0340,license,2026-02-13,2026-03-01,2028-02-29,40.70341,-73.99441,geoclient
ROLL & X DELI & GROCERY,ROLL & X DELI & GROCERY,ROLL&X GOURMET DELI CORP,698 FULTON ST,11217,,,0081-21-105612,Grocery Store,0081,license,2024-04-26,2024-05-01,2027-04-30,40.68607,-73.97391,pip
ROMAN'S,ROMAN'S,243 DEKALB AVE. REST.CORP,243 DEKALB AVENUE,11205,https://www.romansnyc.com,/liquor/logos/d34011b6e5cd.png,0340-22-106958,Restaurant,0340,license,2024-10-08,2024-11-01,2026-10-31,40.68949,-73.96954,pip
ROSTICCERIA EVELINA,ROSTICCERIA EVELINA,VENERDI INC,455 MYRTLE AVE,11205,,,0340-24-102692,Restaurant,0340,license,2026-01-08,2026-02-01,2028-01-31,40.69328,-73.96728,pip
ROULETTE INTERMEDIUM INC,,ROULETTE INTERMEDIUM INC,509 ATLANTIC AVE / 30 3RD AVE,11217,https://roulette.org/,/liquor/logos/8158bcc288a6.png,0370-23-160086,Food & Beverage Business,0370,license,2025-09-23,2025-11-01,2027-10-31,40.68541,-73.98089,pip
RUCOLA,RUCOLA,ARUGULA NYC LLC,190 DEAN STREET,11217,https://rucolabrooklyn.com/,/liquor/logos/d157e819a519.png,0340-23-137433,Restaurant,0340,license,2026-04-02,2025-04-01,2027-03-31,40.68571,-73.98581,pip
RUTA OAXACA MEXICAN CUISINE,RUTA OAXACA MEXICAN CUISINE,SALVAMEX OAXACA INC,138 SMITH ST,11201,https://www.rutaoaxacamex.com/brooklyn-ny-location,,0340-24-127515,Restaurant,0340,license,2026-08-18,2026-09-01,2028-08-31,40.68705,-73.99025,pip
SAHADI'S IMPORTING COMPANY INC,,SAHADI'S IMPORTING COMPANY INC,187 191 ATLANTIC AVE,11201,https://sahadis.com,/liquor/logos/cce561e40cf6.png,0267-22-108325,Food & Beverage Business,0267,license,2024-10-04,2024-11-01,2026-10-31,40.68994,-73.99329,geoclient
SAILOR,SAILOR,DESTINATION MOON 22 LLC,228 DEKALB AVE,11205,,,0340-23-133219,Restaurant,0340,license,2026-05-11,2025-08-01,2027-07-31,40.68952,-73.97028,pip
SAKE TUMI ASIAN BISTRO,SAKE TUMI ASIAN BISTRO,TENDA ASIAN BISTRO INC,118 MONTAGUE ST,11201,,,0240-22-102601,Restaurant,0240,license,2026-01-02,2026-02-01,2028-01-31,40.6949,-73.99468,pip
SAMYAN,SAMYAN,MUNG KUNG CORP.,848 Fulton St,11238,,,0240-25-131624,Restaurant,0240,license,2025-12-12,2025-12-12,2027-11-30,40.68358,-73.96737,pip
SARAGHINA CAFFE,SARAGHINA CAFFE,ANITA FOREVER LLC,195 DEKALB AVE,11205,https://saraghinacaffe.com,/liquor/logos/bb467c8599fe.png,0340-23-137239,Restaurant,0340,license,2025-10-14,2025-11-01,2027-10-31,40.68959,-73.97183,pip
SEA&SOIL LLC,,SEA&SOIL LLC,388 Atlantic Ave,11217,https://www.seaandsoilcoop.com,/liquor/logos/8ef9f1d59a88.png,0524-26-48253,Temporary retail,0524,temporary,2026-07-10,2026-07-10,2027-01-06,40.68715,-73.98544,pip
SERVICES LLC,SERVICES LLC,MARRIOTT HOTEL SERVICES LLC & BROOKLYN HOSPITALITY SERVICES LLC,333 ADAMS STREET,11201,,,0423-23-132786,Additional Bar,0423,license,2025-05-23,2025-06-01,2027-05-31,40.6935,-73.98872,pip
SHAKE SHACK,SHAKE SHACK,SHAKE SHACK DUMBO BROOKLYN LLC,1 OLD FULTON ST,11201,https://shakeshack.com/location/dumbo-ny#/,/liquor/logos/8d2ee59fb102.png,0240-23-139904,Restaurant,0240,license,2026-06-11,2026-07-01,2028-06-30,40.70279,-73.9941,pip
SHAKE SHACK,SHAKE SHACK,SHAKE SHACK FULTON STREET BROOKLYN LLC,409 FULTON ST,11201,https://www.shakeshack.com/location/downtown-brooklyn/,/liquor/logos/ef2d0f8ea44c.png,0240-22-100359,Restaurant,0240,license,2026-02-13,2025-12-01,2027-11-30,40.69193,-73.98858,pip
Shell's Loft,Shell's Loft,SHELL'S BROOKLYN LOFT LLC & CANNONBALL LLC,11 Adelphi Street,11205,,,0346-26-133614,Catering Establishment,0346,license,2026-01-15,2026-01-15,2027-12-31,40.69746,-73.97273,pip
SHERATON BROOKLYN HOTEL & 228 ASIAN BISTRO,SHERATON BROOKLYN HOTEL & 228 ASIAN BISTRO,DUMBO REAL ESTATE HOLDINGS LLC & 228 BROOKLYN GROUP INC.,222 DUFFIELD STREET,11201,http://www.sheratonbrooklyn.com/,,0343-22-131246,Hotel,0343,license,2026-05-08,2026-05-01,2028-04-30,40.69147,-73.98437,pip
SISTERS,SISTERS,WAITERS 0 AND 82 LLC,894 900 FULTON ST,11238,https://www.sistersbklyn.com,/liquor/logos/0a5d809d6872.png,0423-22-103245,Additional Bar,0423,license,2024-09-13,2024-10-01,2026-09-30,40.68311,-73.96513,pip
SISTERS,SISTERS,WAITERS 0 AND 82 LLC,894 900 FULTON ST,11238,https://www.sistersbklyn.com,/liquor/logos/0a5d809d6872.png,0340-22-103455,Restaurant,0340,license,2024-09-13,2024-10-01,2026-09-30,40.68311,-73.96513,pip
SMITH FOOD EXPRESS,SMITH FOOD EXPRESS,SMITH DELI CORP,23 SMITH ST,11201,https://smith21.com,,0071-23-130974,Grocery Store,0071,license,2026-05-28,2026-08-01,2029-07-31,40.6908,-73.9877,pip
SMITH GOURMET DELI CORP,,SMITH GOURMET DELI CORP,126 SMITH ST,11201,https://126smithgourmetdeli.business.site,,0081-23-122027,Grocery Store,0081,license,2025-12-09,2026-02-01,2029-01-31,40.68747,-73.98996,pip
Smor Clinton Hill,Smor Clinton Hill,18 Putnam LLC,18 Putnam Ave,11238,,,0240-24-140251,Restaurant,0240,license,2024-12-30,2024-12-30,2026-11-30,40.68275,-73.96108,pip
SNAP AND GO MINI MART CORP.,,SNAP AND GO MINI MART CORP.,193 Park Ave,11205,,,0071-26-142871,Grocery Store,0071,license,2026-05-12,2026-05-12,2029-04-30,40.69616,-73.97166,pip
SOMEDAY BAR,SOMEDAY BAR,364 ATLANTIC REST LLC,364 ATLANTIC AVE,11217,,,0370-23-130078,Food & Beverage Business,0370,license,2025-08-18,2025-06-01,2027-05-31,40.68747,-73.98626,pip
SOTTOCASA,SOTTOCASA,SOTTOCASA INC,298 ATLANTIC AVE,11201,https://www.sottocasanyc.com/brooklyn/,/liquor/logos/deca8a437ae1.png,0267-23-136778,Food & Beverage Business,0267,license,2025-10-24,2025-11-01,2027-10-31,40.6885,-73.98886,pip
SPEEDY ROMEO LLC,,SPEEDY ROMEO LLC,376 CLASSON AVE,11238,https://speedyromeo.com/,/liquor/logos/7099326a17bc.png,0240-21-122041,Restaurant,0240,license,2026-01-29,2025-12-01,2027-11-30,40.68754,-73.95974,geoclient
SSAM,SSAM,176 SMITH CORP,170 SMITH ST,11201,http://www.ssamkoreanbistro.com,,0340-22-106561,Restaurant,0340,license,2024-11-07,2024-12-01,2026-11-30,40.68586,-73.99107,geoclient
ST ANN'S WAREHOUSE,ST ANN'S WAREHOUSE,St Ann's Warehouse Inc and OGC Dumbo LTD,45 WATER ST,11201,https://stannswarehouse.org,/liquor/logos/7d36290f33aa.png,0370-23-135854,Food & Beverage Business,0370,license,2025-04-23,2025-05-01,2027-04-30,40.70333,-73.99285,pip
STANDAGE US INC,,STANDAGE US INC,55 Washington St,11201,,,0011-25-111810,Importer,0011,license,2025-05-29,2025-05-29,2028-04-30,40.7028,-73.98964,pip
STANDAGE US INC,,STANDAGE US INC,55 Washington St,11201,,,0007-25-111809,Wholesale Wine,0007,license,2025-05-29,2025-05-29,2028-04-30,40.7028,-73.98964,pip
STATE EXPRESS DELI CORP,,STATE EXPRESS DELI CORP,68 BOND ST,11217,,,0081-22-126160,Grocery Store,0081,license,2025-10-16,2025-11-01,2028-10-31,40.6877,-73.98432,pip
STOP & SHOP STORE #2586,STOP & SHOP STORE #2586,The Stop & Shop Supermarket Company LLC,625 ATLANTIC AVE,11217,https://stores.stopandshop.com/ny/brooklyn/625-atlantic-ave,/liquor/logos/d5e5b5d5eac1.svg,0081-23-120290,Grocery Store,0081,license,2026-06-17,2026-07-01,2029-06-30,40.68345,-73.97533,pip
STOP 1 DELI GOURMET CORP,,STOP 1 DELI GOURMET CORP,320 LAFAYETTE AVE,11238,,,0081-22-121525,Grocery Store,0081,license,2025-02-25,2025-03-01,2028-02-29,40.68857,-73.96267,pip
STRANGE DELIGHT,STRANGE DELIGHT,FG OD LLC,63 LAFAYETTE AVE,11217,https://www.strangedelight.nyc,/liquor/logos/f5c9d0373497.png,0340-24-125674,Restaurant,0340,license,2026-07-09,2026-08-01,2028-07-31,40.68707,-73.97596,pip
SUKH,SUKH,PERMSUP INC,723 Fulton St,11217,https://www.sukhnyc.com/,/liquor/logos/9e81457df288.png,0340-24-127024,Restaurant,0340,license,2026-08-14,2026-09-01,2028-08-31,40.6871,-73.97643,pip
SUNNY DELI,SUNNY DELI,SUNNY GOURMET DELI INC,153 JORALEMON ST,11201,,,0081-20-108496,Grocery Store,0081,license,2024-01-16,2024-02-01,2027-01-31,40.69288,-73.99337,pip
SUNRISE MINI MART,SUNRISE MINI MART,WORKNPRAY ENTERPRISES INC,136 LAWRENCE ST,11201,,,0081-21-100280,Grocery Store,0081,license,2024-02-23,2024-03-01,2027-02-28,40.69204,-73.98627,pip
Super Wine & Liquor,Super Wine & Liquor,SUPER WINE & LIQUOR INC.,149 Park Avenue,11205,,,0100-26-148750,Liquor Store,0100,license,2026-07-15,2026-07-15,2029-06-30,40.69623,-73.97365,pip
SUPERFINE,SUPERFINE,BIG LUCKY INC,81 PEARL AKA 126 FRONT STREET,11201,https://superfine.nyc/,,0340-23-132864,Restaurant,0340,license,2025-09-29,2025-10-01,2027-09-30,40.70244,-73.98741,pip
Supergay Spirits,Supergay Spirits,"Aspirational Commodity Fetishism, LLC",68 Jay St,11201,,,0011-26-143652,Importer,0011,license,2026-05-20,2026-05-20,2029-04-30,40.70268,-73.98668,pip
Superior Markets,Superior Markets,GREENE AVE DELI AND MARKET INC,19 Greene Avenue,11238,,,0081-25-124995,Grocery Store,0081,license,2025-10-03,2025-10-03,2028-09-30,40.68591,-73.97256,pip
SUSHI D,SUSHI D,D SUSHI INC,207 Dekalb Ave,11205,,,0240-24-106411,Restaurant,0240,license,2026-02-28,2026-03-01,2028-02-29,40.68957,-73.97136,pip
SUSHI GALLERY,SUSHI GALLERY,SUSHI GALLERY INC,71 CLARK STREET,11201,,,0240-23-141147,Restaurant,0240,license,2025-03-16,2025-04-01,2027-03-31,40.69759,-73.99352,pip
SUSHI LIN,SUSHI LIN,OMAKASE DUMBO INC,78 Clark St,11201,,,0340-24-105932,Restaurant,0340,license,2026-01-08,2026-03-01,2028-02-29,40.69755,-73.99336,pip
"SWEET HOSPITALITY GROUP, LLC",,"SWEET HOSPITALITY GROUP, LLC",262 ASHLAND PL,11217,,,0373-24-102647,Legitimate theatre,0373,license,2026-02-19,2026-03-01,2028-02-29,40.68767,-73.9783,pip
TABLE 87,TABLE 87,87 ATLANTIC PIZZA CORP,87 ATLANTIC AVE,11201,https://www.table87.com,/liquor/logos/aa9e124ef966.png,0340-22-109921,Restaurant,0340,license,2026-01-05,2024-11-01,2026-10-31,40.69107,-73.99742,geoclient
TACOMBI,TACOMBI,LA LAFAYETTE LLC,25 LAFAYETTE AVE,11217,https://www.tacombi.com,/liquor/logos/bef2904a95fb.png,0340-22-113597,Restaurant,0340,license,2026-04-21,2026-05-01,2028-04-30,40.68686,-73.97787,pip
Take & Go Deli Market Corp,,Take & Go Deli Market Corp,182 Hoyt St,11217,,,0071-25-121677,Grocery Store,0071,license,2025-09-04,2025-09-04,2028-08-31,40.68471,-73.98905,geoclient
TALEA BEER INC,,TALEA BEER INC,61 BERGEN ST,11201,https://www.taleabeer.com/location/talea-cobble-hill/,,0267-22-110369,Food & Beverage Business,0267,license,2026-08-06,2026-09-01,2028-08-31,40.68691,-73.99095,pip
TAQUERIA AL PASTOR AND BAR INC,,TAQUERIA AL PASTOR AND BAR INC,119 COURT ST,11201,,,0240-23-142191,Restaurant,0240,license,2025-03-02,2025-03-02,2027-02-28,40.69049,-73.99202,pip
TARGET STORE T-1849,TARGET STORE T-1849,TARGET CORPORATION,139 FLATBUSH AVE,11217,,,0081-22-125022,Grocery Store,0081,license,2025-05-20,2025-06-01,2028-05-31,40.68424,-73.97758,pip
TARGET STORE T-2850,TARGET STORE T-2850,TARGET CORPORATION,445 GOLD ST,11201,,,0081-22-121305,Grocery Store,0081,license,2025-05-20,2025-06-01,2028-05-31,40.69074,-73.98348,pip
THAI 101 BISTRO,THAI 101 BISTRO,BATAVIANYC1 INC,448 MYRTLE AVE,11205,,,0340-23-137524,Restaurant,0340,license,2025-06-24,2025-08-01,2027-07-31,40.69325,-73.96754,pip
THANK YOU COME AGAIN INC,,THANK YOU COME AGAIN INC,445 GOLD ST,11201,,,0240-23-141495,Restaurant,0240,license,2025-06-18,2025-08-01,2027-07-31,40.69074,-73.98348,pip
THE ARTISAN COLLECTION,THE ARTISAN COLLECTION,F L NAVARRO LTD,365 BRIDGE ST SUITE 8PR,11201,,,0007-22-127686,Wholesale Wine,0007,license,2025-04-23,2025-05-01,2028-04-30,40.69231,-73.98528,pip
THE BRAZEN HEAD,THE BRAZEN HEAD,TROLLEY DODGER LLC,228-230 ATLANTIC AVENUE,11201,https://brazenheadbrooklyn.com/,/liquor/logos/d33c175b11d4.png,0370-24-118077,Food & Beverage Business,0370,license,2026-06-12,2026-07-01,2028-06-30,40.68941,-73.99155,pip
THE BROOKLYN ICE CREAM FACTORY,THE BROOKLYN ICE CREAM FACTORY,14 OLD FULTON STREET LLC & 14-18 OLD FULTON LLC,14 18 OLD FULTON ST,11201,https://www.brooklynicecreamfactory.com,,0340-22-109104,Restaurant,0340,license,2024-10-01,2024-10-01,2026-09-30,40.7029,-73.99436,geoclient
THE BROOKLYN INN,THE BROOKLYN INN,148 HOYT STREET LLC,148 HOYT ST AKA 136 BERGEN ST,11217,,,0370-23-131653,Food & Beverage Business,0370,license,2025-06-04,2025-08-01,2027-07-31,40.68578,-73.98834,pip
THE BROOKLYN STRATEGIST,THE BROOKLYN STRATEGIST,BROOKLYN STRATEGIC CONSULTING LLC,148 Pierrepont Street,11201,,,0267-22-115436,Food & Beverage Business,0267,license,2026-01-21,2024-12-01,2026-11-30,40.69477,-73.99142,pip
THE CENTER FOR FICTION,THE CENTER FOR FICTION,The Mercantile Library Association of the City of New York,15 LAFAYETTE AVE,11217,https://www.centerforfiction.org,,0340-23-129850,Restaurant,0340,license,2025-01-23,2025-02-01,2027-01-31,40.68678,-73.97847,pip
THE CUSTOMS HOUSE,THE CUSTOMS HOUSE,RDR BAR & RESTAURANT CORP,139 MONTAGUE ST,11201,https://thecustomhousenyc.com,/liquor/logos/d1f2609a9a6e.png,0340-22-103658,Restaurant,0340,license,2026-04-14,2026-06-01,2028-05-31,40.69465,-73.9938,pip
THE EMERSON,THE EMERSON,WALLABOUT ENTERPRISES INC,561 MYRTLE AVE,11205,,,0370-24-128668,Food & Beverage Business,0370,license,2024-09-19,2024-10-01,2026-09-30,40.69392,-73.96177,pip
THE FOOD EMPORIUM,THE FOOD EMPORIUM,LAFAYETTE MARKET INC,325 LAFAYETTE AVE,11238,,,0081-23-103695,Grocery Store,0081,license,2026-04-30,2026-05-01,2029-04-30,40.68855,-73.96284,pip
THE GRAND ARMY,THE GRAND ARMY,STATE STREET VENTURES LLC,336 STATE ST,11217,https://www.grandarmybar.com/,/liquor/logos/69d7c94ecaf9.png,0370-23-132325,Food & Beverage Business,0370,license,2025-03-11,2025-04-01,2027-03-31,40.68836,-73.98647,pip
THE GREAT GEORGIANA,THE GREAT GEORGIANA,REGULAR WOW LLC,248 DEKALB AVE,11205,https://www.thegreatgeorgiana.com,/liquor/logos/1a1b7e006d0d.png,0340-23-134771,Restaurant,0340,license,2026-02-20,2025-09-01,2027-08-31,40.68948,-73.96926,pip
THE HOTHOUSE,THE HOTHOUSE,HOT CHICKEN LLC,41 43 CLIFTON PLACE,11238,,,0340-22-112549,Restaurant,0340,license,2024-12-06,2025-01-01,2026-12-31,40.68784,-73.96255,pip
THE LITTLE PIG,THE LITTLE PIG,ONDERDONK RESTAURANT GROUP LLC,497 ATLANTIC AVE,11217,https://www.thelittlepigbk.com,/liquor/logos/4bc1e36f0b98.png,0370-23-133474,Food & Beverage Business,0370,license,2025-03-06,2025-03-06,2027-02-28,40.68559,-73.98138,pip
THE LITTLE SWEET CAFE,THE LITTLE SWEET CAFE,SOLTANI ENTERPRISES LLC,77B HOYT ST,11201,,,0267-22-111755,Food & Beverage Business,0267,license,2026-04-06,2026-05-01,2028-04-30,40.68816,-73.98671,pip
The Livingston & JDV by Hyatt,The Livingston & JDV by Hyatt,"Midas Hospitality, LLC & Midas Brooklyn LLC",291 Livingston St,11217,,,0343-26-133090-01,Additional Bar,0423,license,2026-01-08,2026-01-08,2027-12-31,40.6882,-73.98206,pip
The Livingston & JDV by Hyatt,The Livingston & JDV by Hyatt,"Midas Hospitality, LLC & Midas Brooklyn LLC",291 Livingston St,11217,,,0343-26-133090,Hotel,0343,license,2026-01-08,2026-01-08,2027-12-31,40.6882,-73.98206,pip
THE NU HOTEL,THE NU HOTEL,HERSHA HOSPITALITY MANAGEMENT L.P.,75 SMITH ST,11201,https://www.nuhotelbrooklyn.com,/liquor/logos/b4889f941436.png,0343-22-127874,Hotel,0343,license,2026-07-20,2026-08-01,2028-07-31,40.68913,-73.9888,pip
The Rat NYC,The Rat NYC,RA Theatre Corp.,68 Jay St Ste 117,11201,,,0370-26-137628,Food & Beverage Business,0370,license,2026-03-16,2026-03-16,2026-12-31,40.70268,-73.98668,pip
THE ROCKWELL PLACE,THE ROCKWELL PLACE,St. James Selections LLC,31 Rockwell Pl,11217,https://therockwellplace.com,/liquor/logos/87d2b71b5b59.png,0370-25-114036,Food & Beverage Business,0370,license,2025-06-16,2025-06-16,2027-05-31,40.68902,-73.97939,pip
THE SIMPSON RESTAURANT & BAR,THE SIMPSON RESTAURANT & BAR,THE CHEF SIMPSON GROUP LTD.,673 ATLANTIC AVE,11217,,,0340-23-139349,Restaurant,0340,license,2025-03-17,2025-04-01,2027-03-31,40.68309,-73.97354,pip
THELIQUORSTORE.COM,THELIQUORSTORE.COM,KOKO WINES INC,55 FLATBUSH AVE,11217,,,0100-21-114113,Liquor Store,0100,license,2024-11-18,2024-12-01,2027-11-30,40.68718,-73.97972,pip
THEODORA,THEODORA,007 NIGEL LLC,7 GREENE AVE,11238,https://www.theodoranyc.com/,/liquor/logos/8e817c509db4.png,0340-23-160986,Restaurant,0340,license,2025-10-09,2025-11-01,2027-10-31,40.68585,-73.97298,pip
Third Falcon,Third Falcon,Third Falcon LLC,360 Myrtle Ave,11205,https://www.third-falcon.com/,/liquor/logos/6840229b5058.png,0340-25-132614,Restaurant,0340,license,2025-12-30,2025-12-29,2027-11-30,40.6932,-73.97199,pip
THIRST MERCHANTS LLC,,THIRST MERCHANTS LLC,11 GREENE AVE,11238,https://thirstmerchants.com,/liquor/logos/8e766080f8ff.png,0100-21-114918,Liquor Store,0100,license,2024-07-01,2024-07-01,2027-05-31,40.68588,-73.97285,pip
THREE ANGELS GROCERY INC,,THREE ANGELS GROCERY INC,292 HENRY STREET,11201,,,0081-20-109910,Grocery Store,0081,license,2023-12-27,2024-01-01,2026-12-31,40.69132,-73.99595,pip
TIME OUT MARKET NEW YORK,TIME OUT MARKET NEW YORK,TIME OUT MARKET (NEW YORK) LLC,55 WATER ST,11201,https://www.timeoutmarket.com/newyork/,/liquor/logos/8de5d5b17fbc.png,0423-23-129348,Additional Bar,0423,license,2025-04-23,2025-05-01,2027-04-30,40.70329,-73.99166,pip
TIME OUT MARKET NEW YORK,TIME OUT MARKET NEW YORK,TIME OUT MARKET (NEW YORK) LLC,55 WATER ST,11201,https://www.timeoutmarket.com/newyork/,/liquor/logos/8de5d5b17fbc.png,0423-23-138094,Additional Bar,0423,license,2025-04-23,2025-05-01,2027-04-30,40.70329,-73.99166,pip
TIME OUT MARKET NEW YORK,TIME OUT MARKET NEW YORK,TIME OUT MARKET (NEW YORK) LLC,55 WATER ST,11201,https://www.timeoutmarket.com/newyork/,/liquor/logos/8de5d5b17fbc.png,0370-23-129351,Food & Beverage Business,0370,license,2025-04-23,2025-05-01,2027-04-30,40.70329,-73.99166,pip
TIME OUT MARKET NEW YORK,TIME OUT MARKET NEW YORK,TIME OUT MARKET (NEW YORK) LLC,55 WATER ST,11201,https://www.timeoutmarket.com/newyork/,/liquor/logos/8de5d5b17fbc.png,0370-23-129191,Food & Beverage Business,0370,license,2025-04-23,2025-05-01,2027-04-30,40.70329,-73.99166,pip
TIPSY LLC,,TIPSY LLC,584 MYRTLE AVE,11205,https://shoptipsy.com,,0100-22-116999,Liquor Store,0100,license,2025-10-28,2025-11-01,2028-10-31,40.69397,-73.9613,geoclient
Titan,Titan,Five Front Unlimited LLC,5 Front St,11201,,,0340-26-148387,Restaurant,0340,license,2026-07-13,2026-07-13,2028-06-30,40.70249,-73.993,pip
TRADER JOES #547,TRADER JOES #547,TRADER JOE'S EAST INC.,445 GOLD ST,11201,,,0081-20-104321,Grocery Store,0081,license,2023-10-31,2023-11-01,2026-10-31,40.69074,-73.98348,pip
TRANSMITTER BREWING LLC,,TRANSMITTER BREWING LLC,141 FLUSHING AVE,11205,,,0014-23-123669,Micro-Brewer,0014,license,2026-03-06,2026-03-06,2027-02-28,40.69786,-73.97121,pip
Tutt Heights,Tutt Heights,Marassi Cafe LLC,47 Hicks St,11201,,,0240-26-134641,Restaurant,0240,license,2026-01-30,2026-01-30,2027-12-31,40.70026,-73.99346,pip
Urban Deli,Urban Deli,URBAN LIQUORS CORP,75 Atlantic Ave,11201,,,0267-24-125581,Food & Beverage Business,0267,license,2026-06-01,2026-08-01,2028-07-31,40.69121,-73.99793,geoclient
URBAN UNCORKED,URBAN UNCORKED,GOLD STREET WINE INC,306 GOLD STREET,11201,https://www.urban-uncorked.com,/liquor/logos/9fbfefea79e8.png,0100-23-126163,Liquor Store,0100,license,2026-05-28,2026-06-01,2029-05-31,40.69505,-73.98326,pip
USAGI NEW YORK,USAGI NEW YORK,SSK SUPPLY NEW YORK INC,163 PLYMOUTH ST,11201,,,0267-24-125515,Food & Beverage Business,0267,license,2026-07-30,2026-08-01,2028-07-31,40.70377,-73.98691,pip
VINEAPPLE CAFE,VINEAPPLE CAFE,PINEAPPLE CAFE LLC,71 PINEAPPLE ST,11201,https://www.vineapple.cafe,/liquor/logos/105528602c1a.png,0340-22-113268,Restaurant,0340,license,2024-11-27,2024-12-01,2026-11-30,40.69824,-73.9931,pip
VINEGAR HILL HOUSE,VINEGAR HILL HOUSE,VINEGAR HILL HOUSE INC,72 HUDSON AVE,11201,https://www.vinegarhillhouse.com/,/liquor/logos/5b1c2dc26f17.png,0340-22-106055,Restaurant,0340,license,2024-11-14,2025-01-01,2026-12-31,40.70274,-73.98113,pip
VINO BUENO & LIQUEUR LLC,,VINO BUENO & LIQUEUR LLC,185 187 DEKALB AVE,11205,,,0100-22-116234,Liquor Store,0100,license,2025-02-10,2025-03-01,2028-02-29,40.68961,-73.97235,pip
WALGREENS,WALGREENS,"WALGREEN EASTERN CO., INC.",379 MYRTLE AVE,11205,,,0082-22-102525,Drug Store,0082,license,2025-02-13,2025-02-13,2028-01-31,40.69317,-73.9713,pip
WALGREENS #18305,WALGREENS #18305,"WALGREEN EASTERN CO., INC.",120 COURT ST,11201,https://www.walgreens.com/locator/walgreens-120+court+st-brooklyn-ny-11201/id=18305,/liquor/logos/c0c373d5ec24.png,0082-22-101741,Drug Store,0082,license,2025-02-13,2025-02-13,2028-01-31,40.68987,-73.99231,geoclient
WALTERS,WALTERS,DMDD LLC,166 DEKALB AVE,11217,https://www.waltersbrooklyn.com/,/liquor/logos/8c5a2616ad4e.png,0423-21-121124,Additional Bar,0423,license,2025-10-17,2025-11-01,2027-10-31,40.68964,-73.97323,pip
WALTERS,WALTERS,DMDD LLC,166 DEKALB AVE,11217,https://www.waltersbrooklyn.com/,/liquor/logos/8c5a2616ad4e.png,0340-21-119157,Restaurant,0340,license,2025-10-17,2025-11-01,2027-10-31,40.68964,-73.97323,pip
WATER ST TAVERN,WATER ST TAVERN,JAY STREET PLACE CORP,71 JAY ST,11201,https://watersttavern.com,/liquor/logos/a98c763e091d.png,0340-22-112958,Restaurant,0340,license,2026-03-18,2026-04-01,2028-03-31,40.70261,-73.98669,pip
WATERFRONT WINES & SPIRITS,WATERFRONT WINES & SPIRITS,LCMV LLC,169 Bridge Park Drive,11201,,,0100-24-111717,Liquor Store,0100,license,2024-04-30,2024-04-30,2027-03-31,40.69386,-74.00087,pip
WAVERLY CANDY STORE CORP,,WAVERLY CANDY STORE CORP,349B Waverly Ave,11238,,,0081-24-103032,Grocery Store,0081,license,2024-02-06,2024-02-06,2027-01-31,40.68762,-73.96673,pip
WAVERLY MEAT & GROCERY INC,,WAVERLY MEAT & GROCERY INC,367 WAVERLY AVENUE,11238,,,0081-22-131231,Grocery Store,0081,license,2025-08-21,2025-09-01,2028-08-31,40.68703,-73.96663,pip
Waytogo Inc,,Waytogo Inc,884 Fulton St,11238,,,0340-25-131607,Restaurant,0340,license,2025-12-12,2025-12-12,2027-11-30,40.68322,-73.96568,pip
Waza Sushi Ramen,Waza Sushi Ramen,Waza Yaba Sushi Inc,485 Myrtle Ave,11205,https://wazasushi.com,/liquor/logos/8f5d550ec334.png,0240-25-103748,Restaurant,0240,license,2025-02-27,2025-02-27,2027-01-31,40.69347,-73.9657,pip
WEGMANS,WEGMANS,"WEGMANS FOOD MARKETS, INC.",21 FLUSHING AVE,11205,,,0081-21-108584,Grocery Store,0081,license,2024-06-20,2024-07-01,2027-06-30,40.69809,-73.9771,pip
WEGMANS,WEGMANS,"WEGMANS FOOD MARKETS, INC.",21 FLUSHING AVE,11205,,,0340-23-131203,Restaurant,0340,license,2025-08-20,2025-10-01,2027-09-30,40.69809,-73.9771,pip
WESTVILLE DUMBO,WESTVILLE DUMBO,DIRTY BOOTS INC,81 WASHINGTON ST,11201,,,0340-22-106266,Restaurant,0340,license,2024-10-08,2024-11-01,2026-10-31,40.70181,-73.98969,pip
WHOLE FOODS MARKET,WHOLE FOODS MARKET,"WHOLE FOODS MARKET GROUP, INC.",292 ASHLAND PL,11217,https://www.wholefoodsmarket.com/stores/fortgreene,/liquor/logos/171091975055.svg,0081-21-100618,Grocery Store,0081,license,2024-10-25,2024-11-01,2027-10-31,40.68649,-73.97815,pip
WILDGINGER PAN ASIAN VEGAN RESTAURANT INC,,WILDGINGER PAN ASIAN VEGAN RESTAURANT INC,112 SMITH ST,11201,,,0240-23-141605,Restaurant,0240,license,2025-02-19,2025-03-01,2027-02-28,40.68785,-73.9897,pip
WINDHORSE GAS STATION INC,,WINDHORSE GAS STATION INC,569 MYRTLE AVENUE,11205,,,0081-22-127496,Grocery Store,0081,license,2025-12-17,2026-01-01,2028-12-31,40.69396,-73.96132,geoclient
WRIGHT AND GOEBEL WINE & SPIRITS,WRIGHT AND GOEBEL WINE & SPIRITS,W&G WINES LLC,292 Flatbush Avenue Ext,11201,https://wrightandgoebel.com,/liquor/logos/2c84cd0abc5d.png,0100-24-113482,Liquor Store,0100,license,2026-07-29,2026-09-01,2029-08-31,40.69183,-73.98252,pip
X0CHITL TEQUERIA,X0CHITL TEQUERIA,NESSA 176 CORP,176 SMITH ST,11201,https://www.xochitlnyc.com,/liquor/logos/9442919041dd.png,0340-23-128458,Restaurant,0340,license,2025-01-16,2025-02-01,2027-01-31,40.68568,-73.99119,geoclient
XOCHITL TAQUERIA,XOCHITL TAQUERIA,NESSA 10 CORP,1015 FULTON ST,11238,https://www.xochitlnyc.com,/liquor/logos/638f65451315.png,0340-21-116632,Restaurant,0340,license,2025-11-17,2025-12-01,2027-11-30,40.68232,-73.96137,pip
Yafa Chicken Middle East,Yafa Chicken Middle East,Yafa The Organic Blend Cafe Corp,887 Fulton St,11238,,,0081-25-129620,Grocery Store,0081,license,2025-11-19,2025-11-19,2028-10-31,40.68366,-73.96775,pip
YAMASHIRO JAPANESE CUISINE,YAMASHIRO JAPANESE CUISINE,JK ISLAND BROOKLYN INC,466 468 MYRTLE AVE,11205,https://yamashirony.com,/liquor/logos/39bc0baaeb11.png,0340-24-119982,Restaurant,0340,license,2026-05-05,2026-07-01,2028-06-30,40.69337,-73.96656,pip
Yih Brooklyn LLC,,Yih Brooklyn LLC,25 Bond St,11201,,,0524-26-51536,Temporary retail,0524,temporary,2026-08-13,2026-08-13,2027-02-09,40.68896,-73.98347,pip
YORK CELLARS,YORK CELLARS,YORK CELLARS LLC,102 JAY ST,11201,https://www.yorkcellars.com/,/liquor/logos/f6ef8624811a.png,0100-23-125112,Liquor Store,0100,license,2026-06-26,2026-09-01,2029-08-31,40.70208,-73.98672,pip
YUHAO INC,,YUHAO INC,92 CLARK STREET,11201,,,0240-23-142398,Restaurant,0240,license,2025-04-07,2025-05-01,2027-04-30,40.69734,-73.99257,pip
ZAP LIQUORS INC,,ZAP LIQUORS INC,105 COURT STREET,11201,,,0100-21-114613,Liquor Store,0100,license,2024-10-18,2024-11-01,2027-10-31,40.69083,-73.99184,pip
