display_name,dba,legal_name,address,zip,website,logo,license_id,license_description,class,type,original_issue,effective,expires,lat,lon,assignment_method
124 UNION STOP 1 FOOD MART INC,,124 UNION STOP 1 FOOD MART INC,124 UNION ST,11231,,,0081-21-112076,Grocery Store,0081,license,2024-06-26,2024-08-01,2027-07-31,40.68422,-74.00244,pip
129 MONEY MARKET & GRILL CORP,,129 MONEY MARKET & GRILL CORP,129 DWIGHT ST STORE #2,11231,,,0081-22-139317,Grocery Store,0081,license,2025-10-29,2025-12-01,2028-11-30,40.67515,-74.01009,pip
144 Social Club LLC,,144 Social Club LLC,144 Union St,11231,,,0370-26-147988,Food & Beverage Business,0370,license,2026-07-07,2026-07-07,2028-06-30,40.68404,-74.00177,pip
156 EXPRESS GROCERY,156 EXPRESS GROCERY,ANIS M MUNASER,156 UNION STREET,11231,,,0081-23-108933,Grocery Store,0081,license,2026-05-13,2026-07-01,2029-06-30,40.68387,-74.00115,pip
215 FINEST DELI & GRILL CORP,,215 FINEST DELI & GRILL CORP,215 4TH AVE,11215,,,0081-22-124902,Grocery Store,0081,license,2025-08-18,2025-10-01,2028-09-30,40.67726,-73.98306,pip
390 SOCIAL,390 SOCIAL,390 SOCIAL CORP,390 5TH AVE,11215,https://www.390social.com,logos/bd2365b6b95f.png,0370-24-122909,Food & Beverage Business,0370,license,2026-07-27,2026-08-01,2028-07-31,40.67079,-73.98496,pip
396 DELI GROCERY INC,,396 DELI GROCERY INC,396 7TH AVENUE,11215,,,0071-21-118977,Grocery Store,0071,license,2024-08-20,2024-10-01,2027-09-30,40.66493,-73.9832,pip
482 COURT CAFE INC,,482 COURT CAFE INC,482 COURT STREET,11231,,,0370-24-116105,Food & Beverage Business,0370,license,2026-06-01,2026-06-01,2028-05-31,40.67739,-73.99828,pip
4th AVE MARKET AND DELI CORP,,4th AVE MARKET AND DELI CORP,514 4th Ave,11215,,,0081-26-144277,Grocery Store,0081,license,2026-05-28,2026-05-28,2029-04-30,40.66767,-73.99102,pip
4TH AVENUE CONVENIENCE INC.,,4TH AVENUE CONVENIENCE INC.,246 11TH ST,11215,,,0081-23-162308,Grocery Store,0081,license,2023-11-22,2023-11-22,2026-10-31,40.66905,-73.98955,pip
501 UNION,501 UNION,499 UNION LLC,499 UNION ST,11231,https://www.501union.com,logos/5a13411643c3.png,0346-22-115996,Catering Establishment,0346,license,2026-06-09,2026-07-01,2028-06-30,40.67975,-73.98907,pip
520 HS BK LLC,,520 HS BK LLC,520 Henry St,11231,,,0340-26-148833,Restaurant,0340,license,2026-07-16,2026-07-16,2028-06-30,40.68337,-73.99977,pip
532 FOURTH AVENUE GROCERY DELI CORP,532 FOURTH AVENUE GROCERY DELI CORP,532 FOURTH AVENUE GROCERY DELI CORP,532 4TH AVENUE,11215,,,0081-22-127346,Grocery Store,0081,license,2025-09-17,2025-10-01,2028-09-30,40.6672,-73.9914,geoclient
532 Restaurant Inc,,532 Restaurant Inc,532 Court St,11231,,,0340-25-102280,Restaurant,0340,license,2025-02-05,2025-02-05,2027-01-31,40.67559,-73.99915,pip
538 3rd Ave Gas Station Inc.,,538 3rd Ave Gas Station Inc.,538 3rd Ave,11215,,,0524-26-47863,Temporary retail,0524,temporary,2026-07-06,2026-07-06,2027-01-02,40.66889,-73.99315,pip
5TH AVE GOURMET DELIGHT,5TH AVE GOURMET DELIGHT,WY FOOD CORP,270 5TH AVENUE,11215,,,0071-26-138309,Grocery Store,0071,license,2026-03-23,2026-03-23,2028-10-31,40.67451,-73.98186,pip
5TH AVE GOURMET DELIGHT,5TH AVE GOURMET DELIGHT,WY FOOD CORP,270 5TH AVENUE,11215,,,0081-26-144602,Grocery Store,0081,license,2026-05-31,2026-05-31,2028-10-31,40.67451,-73.98186,pip
5TH AVE MARKET,5TH AVE MARKET,MARKET ON 5TH INC,185 5TH AVE,11217,http://5thavenuemarketgourmetdeli.com,,0081-22-122899,Grocery Store,0081,license,2025-08-04,2025-09-01,2028-08-31,40.67714,-73.97993,pip
6,6,6 Restaurant Group LLC,481 Court St,11231,,,0240-25-104764,Restaurant,0240,license,2025-03-11,2025-03-11,2027-02-28,40.6764,-73.99876,pip
7 AVE GOURMET INC,,7 AVE GOURMET INC,75 7TH AVE,11217,,,0081-23-122664,Grocery Store,0081,license,2026-01-02,2026-02-01,2029-01-31,40.675,-73.9751,pip
7 ELEVEN STORE #34051B,7 ELEVEN STORE #34051B,520 FIFTH AVENUE FOODS INC,520 5TH AVE,11215,,,0081-20-105823,Grocery Store,0081,license,2024-01-09,2024-02-01,2027-01-31,40.66661,-73.98843,pip
7TH AVENUE DONUTS,7TH AVENUE DONUTS,324 DONUTS INC,324 7TH AVENUE,11215,https://7thavedonuts.com/,,0240-22-102350,Restaurant,0240,license,2026-07-22,2026-08-01,2028-07-31,40.66718,-73.98133,pip
A & M FAMILY STORE CORP,,A & M FAMILY STORE CORP,421 COLUMBIA ST,11231,,,0081-23-112488,Grocery Store,0081,license,2023-09-14,2023-11-01,2026-10-31,40.67776,-74.00618,pip
A R DELI COFFEE SHOP INC,,A R DELI COFFEE SHOP INC,29 31 5TH AVE,11217,,,0081-20-108117,Grocery Store,0081,license,2023-10-23,2023-11-01,2026-10-31,40.68202,-73.97666,pip
ABILENE'S,ABILENE'S,LEAHLALA LLC,442 446 COURT ST,11231,,,0370-21-118052,Food & Beverage Business,0370,license,2025-11-18,2026-01-01,2027-12-31,40.6788,-73.99762,pip
AD CATERING + EVENTS/ MAISON GREY/ BLOOM & TONIC,AD CATERING + EVENTS/ MAISON GREY/ BLOOM & TONIC,BAB FOOD LLC,34 VAN DYKE ST,11231,,,0346-23-124336,Catering Establishment,0346,license,2025-04-29,2025-05-01,2027-04-30,40.67377,-74.01193,pip
Al Dente Fresh Pasta,Al Dente Fresh Pasta,Jedola Dan LLC,375B 5th Ave,11215,,,0240-25-107941,Restaurant,0240,license,2025-04-23,2025-04-23,2027-03-31,40.67116,-73.98466,pip
AL DI LA RESTAURANT,AL DI LA RESTAURANT,JELA LLC,248 5TH AVE,11215,https://www.aldilatrattoria.com/,logos/0502d999d159.png,0340-23-138406,Restaurant,0340,license,2025-06-25,2025-07-01,2027-06-30,40.67524,-73.98126,pip
Alma,Alma,Chula Vista Inc.,187 Columbia St,11231,https://www.almabk.com,logos/567885471076.png,0340-24-139674,Restaurant,0340,license,2024-12-20,2024-12-20,2026-11-30,40.68563,-74.00243,pip
ALMA NEGRA,ALMA NEGRA,YOLOTL CORP,494 4TH AVE,11215,https://almanegranyc.com,logos/1fb7817d36a5.png,0340-23-136046,Restaurant,0340,license,2025-02-25,2025-03-01,2027-02-28,40.66866,-73.9902,pip
AMARO SPIRITS & WINE,AMARO SPIRITS & WINE,DIGESTEVE GASTRONOMIC SPIRITS & WINE LLC,211 7TH AVE,11215,,,0100-21-113931,Liquor Store,0100,license,2024-07-23,2024-08-01,2027-07-31,40.67024,-73.97876,pip
Andamiro,Andamiro,225 Hospitality LLC,276 5th Ave,11215,,,0240-26-142956,Restaurant,0240,license,2026-05-13,2026-05-13,2028-04-30,40.67431,-73.98202,pip
ANGELS' SHARE WINE IMPORTS LLC,,ANGELS' SHARE WINE IMPORTS LLC,106 FERRIS ST,11231,,,0009-22-117739,Wholesale Liquor,0009,license,2025-08-05,2025-10-01,2028-09-30,40.6778,-74.0173,pip
Antojitos BK1 Bar Corporation,,Antojitos BK1 Bar Corporation,224 4th Ave,11215,,,0340-26-136949,Restaurant,0340,license,2026-03-06,2026-03-06,2028-02-29,40.67732,-73.98319,pip
Apapacho,Apapacho,ENL CONFIANZA LLC,191 5th Ave,11217,,,0524-26-50368,Temporary retail,0524,temporary,2026-07-30,2026-07-30,2027-01-26,40.67683,-73.98013,pip
AROMI,AROMI,ALAS GROUP LLC,552 COURT ST,11231,,,0340-22-105537,Restaurant,0340,license,2026-03-02,2026-04-01,2028-03-31,40.67495,-73.99946,pip
Art Collective Café,Art Collective Café,"Art Collective Cafe, LLC",97A 7th Ave,11215,https://artcollectivecafe.com,logos/8a82978d6c44.png,0267-24-125646,Food & Beverage Business,0267,license,2026-08-13,2026-08-13,2028-07-31,40.67427,-73.97558,pip
ARTICHOKE PARK SLOPE LLC,,ARTICHOKE PARK SLOPE LLC,59 5TH AVE,11217,,,0340-23-128166,Restaurant,0340,license,2025-05-14,2025-05-14,2027-04-30,40.68101,-73.97734,pip
ASSOCIATES SUPERMARKET,ASSOCIATES SUPERMARKET,MP LORRAINE CORP,58 60 LORRAINE ST,11231,,,0081-22-126905,Grocery Store,0081,license,2025-01-08,2025-02-01,2028-01-31,40.67447,-74.00727,pip
ATHENA MEDITERRANEAN CUISINE,ATHENA MEDITERRANEAN CUISINE,ATHENA RESTAURANT SAAH INC,535 6TH AVE,11215,,,0240-23-141718,Restaurant,0240,license,2025-01-30,2025-02-01,2027-01-31,40.66483,-73.98662,geoclient
AUTHENTIC SZECHUAN,AUTHENTIC SZECHUAN,TOFU OF FIFTH AVENUE INC,384 5TH AVE,11215,,,0240-23-139724,Restaurant,0240,license,2025-07-21,2025-09-01,2027-08-31,40.67105,-73.98475,pip
AVLEE,AVLEE,FILI PANDA INC,349 SMITH ST,11231,https://avleegreekkitchen.com,,0240-21-122681,Restaurant,0240,license,2025-11-14,2026-01-01,2027-12-31,40.67995,-73.99504,pip
BABA'S PIEROGIES,BABA'S PIEROGIES,BABA'S PIEROGIES INC.,295 3RD AVE,11215,https://www.babasbk.com,logos/e12f70500876.png,0240-21-121842,Restaurant,0240,license,2025-10-22,2025-10-22,2027-09-30,40.67692,-73.98643,pip
BACICCIA RISTORANTE,BACICCIA RISTORANTE,LIGURIAN BROS INCORPORATED,426A 7TH AVE,11215,,,0340-23-139248,Restaurant,0340,license,2025-08-11,2025-10-01,2027-09-30,40.6637,-73.98423,geoclient
Badshah,Badshah,AR4 BK Inc,212 Flatbush Ave,11217,https://www.badshahny.com/,logos/b295da5734eb.png,0340-26-148762,Restaurant,0340,license,2026-07-15,2026-07-15,2028-06-30,40.68126,-73.97542,geoclient
BAGEL HOLE OF PARK SLOPE,BAGEL HOLE OF PARK SLOPE,BAGEL HOLE INC,400 7TH AVENUE,11215,,,0071-23-131348,Grocery Store,0071,license,2026-04-30,2026-04-30,2029-03-31,40.66476,-73.98335,pip
BANGKOK DEGREE INC,,BANGKOK DEGREE INC,847 UNION ST,11215,https://bangkokdegree.com,logos/10e463948999.png,0340-22-115484,Restaurant,0340,license,2026-02-13,2026-04-01,2028-03-31,40.6746,-73.97582,pip
BAR BASIC,BAR BASIC,B & D RESTAURANT GROUP INC,71 7TH AVE,11217,https://barbasicnyc.square.site,logos/a000b2d31113.png,0340-21-116561,Restaurant,0340,license,2025-10-31,2025-12-01,2027-11-30,40.67525,-73.97493,pip
BAR BETE LLC,,BAR BETE LLC,263 SMITH ST,11231,https://www.barbete.com,logos/7ab44d82ab0d.png,0340-21-120781,Restaurant,0340,license,2025-11-17,2025-11-17,2027-10-31,40.683,-73.99298,pip
Bar Ferdinando,Bar Ferdinando,Bar Ferdinando LLC,151 Union St,11231,https://www.barferdinando.com,logos/0d05df9ab5bc.png,0370-26-136013,Food & Beverage Business,0370,license,2026-02-23,2026-02-23,2028-01-31,40.68408,-74.00191,pip
BAR GOTO NIBAN,BAR GOTO NIBAN,LIQUID SAMURAI II LLC,474 BERGEN ST,11217,https://www.bargoto.com,logos/e1e47ad5e02b.png,0370-23-159656,Food & Beverage Business,0370,license,2025-10-23,2025-11-01,2027-10-31,40.68091,-73.97555,geoclient
BAR GREAT HARRY LLC,,BAR GREAT HARRY LLC,280 SMITH STREET,11231,,,0370-23-132762,Food & Beverage Business,0370,license,2025-06-30,2025-08-01,2027-07-31,40.68237,-73.99343,pip
Bar Louise LLC,,Bar Louise LLC,221 7th Ave,11215,https://www.barlouisenyc.com,logos/e8bb9acad8d2.png,0370-24-119111,Food & Beverage Business,0370,license,2026-05-15,2026-06-01,2028-05-31,40.67011,-73.97887,pip
BAR MARIO,BAR MARIO,BAR MARIO LLC,365 VAN BRUNT ST,11231,,,0340-23-128438,Restaurant,0340,license,2025-08-11,2025-09-01,2027-08-31,40.6767,-74.01364,pip
Bar Reve,Bar Reve,Bar Reve LLC,222 Smith St # 224,11231,https://barreve.com/,logos/780738f7dda1.svg,0370-26-133026,Food & Beverage Business,0370,license,2026-01-08,2026-01-08,2027-12-31,40.68404,-73.99228,pip
BAR SAN MIGUEL,BAR SAN MIGUEL,THE FAT MERMAID LLC,307 SMITH ST,11231,https://barsanmiguelbrooklyn.com,,0340-21-119337,Restaurant,0340,license,2025-10-30,2025-11-01,2027-10-31,40.68144,-73.99406,pip
BAR TOTO,BAR TOTO,"KENMARE CORP,THE",411 11TH STREET,11215,https://www.bartoto.com/,logos/1950ddc796cd.png,0340-23-132855,Restaurant,0340,license,2025-09-09,2025-10-01,2027-09-30,40.66676,-73.9848,pip
BARBE'S,BARBE'S,VINOLI INC,376 9TH ST,11215,,,0370-24-104416,Food & Beverage Business,0370,license,2026-03-16,2026-04-01,2028-03-31,40.66793,-73.98372,pip
BARELY DISFIGURED,BARELY DISFIGURED,VANDREY LLC,257 SMITH ST,11231,,,0370-23-133486,Food & Beverage Business,0370,license,2025-09-25,2025-10-01,2027-09-30,40.68312,-73.99289,pip
"BARREL INC,THE",,"BARREL INC,THE",363 5TH AVENUE,11215,,,0370-24-112577,Food & Beverage Business,0370,license,2026-05-13,2026-06-01,2028-05-31,40.67141,-73.98445,pip
BASS AND BOURBON LLC,,BASS AND BOURBON LLC,113 HAMILTON AVE,11231,,,0340-22-112876,Restaurant,0340,license,2026-03-16,2026-04-01,2028-03-31,40.68156,-74.00485,pip
Be Pasta,Be Pasta,TMN MANAGEMENT LLC,447 First Street,11215,https://www.bepastany.com,logos/874a87cf225d.svg,0267-25-129362,Food & Beverage Business,0267,license,2025-11-18,2025-11-18,2027-10-31,40.67187,-73.97789,pip
Bee's Knees Provisions,Bee's Knees Provisions,BEESKNEES LLC,215 SMITH ST,11201,https://www.beeskneesprovisions.com,logos/9d64855076b6.png,0370-24-119911,Food & Beverage Business,0370,license,2026-05-18,2026-06-01,2028-05-31,40.68452,-73.99196,pip
Bencienni Distribution LLC,,Bencienni Distribution LLC,168 Van Dyke St,11231,,,0009-25-129945,Wholesale Liquor,0009,license,2025-11-24,2025-11-24,2028-10-31,40.67701,-74.0167,pip
BIG J'S WINES & LIQUORS,BIG J'S WINES & LIQUORS,21ST CENTURY SPIRITS CORP,581 CLINTON ST,11231,,,0100-22-117644,Liquor Store,0100,license,2025-03-06,2025-03-06,2028-02-29,40.67561,-74.00153,pip
Big Nose Full Body,Big Nose Full Body,Appellation Trail LLC,389 7th Ave,11215,https://www.bignosefullbody.com,logos/6768d41a210b.png,0091-25-102035,Wine Store,0091,license,2025-01-31,2025-01-31,2027-12-31,40.66518,-73.983,pip
BIG TINY,BIG TINY,BENDOM BROOKLYN INC,244 SMITH ST,11231,https://bigtinybk.com/,logos/671c0b4ece46.png,0240-23-140239,Restaurant,0240,license,2025-04-28,2025-06-01,2027-05-31,40.68341,-73.99269,pip
Big Tree Organic Market Inc,,Big Tree Organic Market Inc,170 Court St,11201,,,0081-25-121735,Grocery Store,0081,license,2025-09-05,2025-09-05,2028-08-31,40.68801,-73.99319,geoclient
Bison and Bourbon,Bison and Bourbon,Bison and Bourbon 770 LLC,191 7th St,11215,,,0340-26-137397,Restaurant,0340,license,2026-03-12,2026-03-12,2028-02-29,40.67299,-73.99069,pip
BK WINE DEPOT,BK WINE DEPOT,BK WINE DEPOT CORP,212 214 HOYT STREET,11217,https://bkwinedepot.com,logos/d0dc8fb56fe6.png,0100-21-113793,Liquor Store,0100,license,2024-12-11,2025-01-01,2027-12-31,40.68372,-73.98973,pip
BK9,BK9,BK IX RESTAURANT & BAR LLC,62 5TH AVE,11217,https://www.bk9.nyc,logos/26e17969c3e7.png,0340-23-138150,Restaurant,0340,license,2025-07-17,2025-08-01,2027-07-31,40.68114,-73.97725,pip
BKLYN LARDER,BKLYN LARDER,"LARDER LLC, THE",228 FLATBUSH AVE,11217,https://bklynlarder.com,logos/979df63ac9b2.png,0138-23-141764,Food & Beverage Business,0138,license,2026-04-07,2026-05-01,2029-04-30,40.68064,-73.97497,geoclient
Black Cat Wines LLC,,Black Cat Wines LLC,252 4th Ave,11215,https://blackcatwinesbk.com,logos/0c27a87930a1.png,0100-24-121505,Liquor Store,0100,license,2024-07-15,2024-07-15,2027-06-30,40.67651,-73.98373,pip
BLACK MOUNTAIN WINE HOUSE,BLACK MOUNTAIN WINE HOUSE,GERARD HOSPITALITY LLC,415 UNION STREET,11231,https://www.blkmtnwinehouse.com,logos/0fbb1a28a9cd.png,0240-23-140753,Restaurant,0240,license,2025-06-04,2025-07-01,2027-06-30,40.68075,-73.99162,pip
BLACK OAK ON FIFTH,BLACK OAK ON FIFTH,LILAC GM LLC,200 5TH AVE,11217,,,0340-22-112197,Restaurant,0340,license,2026-05-14,2026-06-01,2028-05-31,40.67668,-73.98023,pip
BLUE PRINT,BLUE PRINT,196 FIFTH LLC,196 5TH AVENUE,11217,,,0340-23-134004,Restaurant,0340,license,2025-05-20,2025-05-01,2027-04-30,40.6768,-73.98015,pip
Bobbi's Italian Beef,Bobbi's Italian Beef,BOBBIS BEEF LLC,228 SMITH ST,11231,https://bobbisitalianbeef.com,logos/5be5748c3dce.png,0267-23-164917,Food & Beverage Business,0267,license,2025-12-24,2025-12-24,2027-11-30,40.68394,-73.99235,pip
BOGOTA LATIN BISTRO,BOGOTA LATIN BISTRO,BOGOTA LLC,141 5TH AVE,11217,https://www.bogotabistro.com,logos/ddf38981faa1.png,0340-23-132022,Restaurant,0340,license,2025-10-16,2025-06-05,2027-05-31,40.67825,-73.97921,pip
Bonnie's Grill,Bonnie's Grill,SVV Rod LLC,278A 5th Ave,11215,https://www.eatatbonnies.com,logos/491b08544e33.png,0340-25-107980,Restaurant,0340,license,2025-04-23,2025-04-23,2027-03-31,40.67425,-73.98208,pip
BORAN BY DAO THONG,BORAN BY DAO THONG,DAO THONG CORP,462 COURT ST,11231,,,0240-22-100124,Restaurant,0240,license,2026-04-15,2026-05-01,2028-04-30,40.67818,-73.99791,pip
BOTANICA,BOTANICA,WIDOW JANE DISTILLERIES LLC,220 CONOVER ST,11231,https://widowjane.com/botanica,,0340-23-132012,Restaurant,0340,license,2025-06-20,2025-07-01,2027-06-30,40.67718,-74.0153,pip
BP AMOCO,BP AMOCO,HAMILTON GAS & CONVENIENCE INC,327 HAMILTON AVE,11231,,,0081-23-115944,Grocery Store,0081,license,2026-05-01,2026-05-01,2029-04-30,40.67603,-74.00092,pip
Brasserie Le Mistral,Brasserie Le Mistral,BROOKLYN CORNER CORP,330 332 5TH ST,11215,,,0340-26-138081,Restaurant,0340,license,2026-05-15,2026-03-20,2028-11-30,40.67169,-73.98452,pip
Brewer's Row,Brewer's Row,BRBK 228 LLC,228 7TH AVE,11215,https://www.brewersrownyc.com,logos/05ad7f659e1c.png,0524-26-52740,Temporary retail,0524,temporary,2026-08-27,2026-08-27,2027-02-23,40.67009,-73.97889,pip
BRICOLAGE,BRICOLAGE,CHOUCROUTE LLC,162 5TH AVE,11217,https://www.bricolage.nyc,logos/26a0e10269c8.png,0340-23-132056,Restaurant,0340,license,2025-01-30,2025-02-01,2027-01-31,40.67781,-73.9795,pip
BROOKLYN BURGER & BEERS,BROOKLYN BURGER & BEERS,BROOKLYN BURGER & BEERS CORP,259 5TH AVE,11215,,,0340-23-137686,Restaurant,0340,license,2025-03-17,2025-04-01,2027-03-31,40.67453,-73.98185,pip
BROOKLYN CRAB LLC,,BROOKLYN CRAB LLC,24 REED ST,11231,https://www.brooklyncrab.com,logos/9caa0bcb9dc4.png,0340-22-104167,Restaurant,0340,license,2026-05-08,2026-06-01,2028-05-31,40.67519,-74.01678,pip
Brooklyn Craft Works,Brooklyn Craft Works,Brooklyn Craft Works LLC,6 Bay St Ste 1,11231,,,0052-25-129016,Distiller Class A-1 (Micro-distiller),0052,license,2025-11-13,2025-11-13,2028-10-31,40.67361,-74.00945,pip
Brooklyn Craft Works,Brooklyn Craft Works,Brooklyn Craft Works LLC,6 Bay St Ste 1,11231,,,0056-25-129019,Distiller Class D (Farm Distiller),0056,license,2025-11-13,2025-11-13,2028-10-31,40.67361,-74.00945,pip
BROOKLYN DOP,BROOKLYN DOP,BROOKLYN D O P LLC,237 5TH AVE,11215,https://www.brooklyndop.com,,0240-22-101330,Restaurant,0240,license,2026-07-03,2026-06-22,2028-05-31,40.67531,-73.98121,pip
BROOKLYN FARMACY & SODA FOUNTAIN INC,,BROOKLYN FARMACY & SODA FOUNTAIN INC,513 HENRY ST,11231,https://www.brooklynfarmacyandsodafountain.com,logos/487055e7d055.png,0267-21-116805,Food & Beverage Business,0267,license,2026-05-18,2026-05-18,2027-11-30,40.68404,-73.99945,pip
Brooklyn Habit,Brooklyn Habit,Benitobeachclub LLC,405 Smith St,11231,,,0267-26-144327,Food & Beverage Business,0267,license,2026-05-28,2026-05-28,2028-04-30,40.67802,-73.99618,pip
Brooklyn Ice House,Brooklyn Ice House,DOWN UNDER PUBS LLC,318 VAN BRUNT ST,11231,,,0340-22-105746,Restaurant,0340,license,2026-06-11,2026-07-01,2028-06-30,40.67905,-74.01088,pip
BROOKLYN MARRIOT FAIRFIELD INN & SUITES,BROOKLYN MARRIOT FAIRFIELD INN & SUITES,FREUD THIRD AVENUE PROPERTIES LLC,181 3RD AVE,11217,,,0243-23-140859,Hotel,0243,license,2025-06-24,2025-07-01,2027-06-30,40.68068,-73.98385,pip
BROOKLYN SOCIAL,BROOKLYN SOCIAL,335 SOCIETY INC,335 SMITH ST,11231,https://brooklynsocialbar.com/,,0370-24-107988,Food & Beverage Business,0370,license,2026-03-16,2026-04-01,2028-03-31,40.68054,-73.99466,pip
BROOKLYN WINE CO,BROOKLYN WINE CO,RED WHITE & BUBBLY LLC,205 5TH AVE,11215,,,0100-21-114643,Liquor Store,0100,license,2024-11-18,2024-12-01,2027-11-30,40.67249,-73.98615,pip
BROOKLYN WINE EXCHANGE,BROOKLYN WINE EXCHANGE,138 COURT STREET HOLDING CORP,138 COURT STREET - RETAIL B,11201,https://www.brooklynwineexchange.com,,0100-22-116633,Liquor Store,0100,license,2025-12-05,2025-12-05,2028-11-30,40.68928,-73.99258,pip
BROOKVIN,BROOKVIN,381 7TH AVENUE WINE BAR LLC,381 7TH AVE,11215,https://brookvin.com/,logos/47ca7f8e4586.png,0340-22-103554,Restaurant,0340,license,2026-02-27,2026-03-01,2028-02-29,40.66539,-73.98283,pip
BROWNSTONE BILLIARDS,BROWNSTONE BILLIARDS,308 16 BILLIARD INC,308 16 FLATBUSH AVENUE,11238,,,0370-24-127579,Food & Beverage Business,0370,license,2024-09-13,2024-10-01,2026-09-30,40.67746,-73.97266,geoclient
BUDDIES BURRITO & TACO BAR INC,,BUDDIES BURRITO & TACO BAR INC,260 COURT STREET,11201,,,0240-23-141746,Restaurant,0240,license,2026-01-15,2025-07-01,2027-06-30,40.68515,-73.99458,pip
BURGER VILLAGE,BURGER VILLAGE,SNV NY INC,222 7TH AVE,11215,https://www.burgervillage.com/brooklyn,logos/7d8323af0f31.png,0340-22-110051,Restaurant,0340,license,2026-07-22,2026-09-01,2028-08-31,40.6703,-73.97872,pip
BUSH DELI CORP,,BUSH DELI CORP,507 CLINTON STREET,11231,,,0071-23-132731,Grocery Store,0071,license,2026-04-03,2026-06-01,2029-05-31,40.67859,-73.99997,pip
C TOWN SUPERMARKET,C TOWN SUPERMARKET,57JR FOODS CORP,57 MILL ST,11231,,,0081-22-128039,Grocery Store,0081,license,2025-04-30,2025-05-01,2028-04-30,40.67589,-74.00447,pip
CAFE CHILI,CAFE CHILI,CAFE CHILI INC,172 COURT STREET,11201,https://www.cafechilithainy.com,,0240-23-141443,Restaurant,0240,license,2025-03-18,2025-04-01,2027-03-31,40.68796,-73.99322,geoclient
Cafe Kestrel,Cafe Kestrel,TEN THOUSAND A.D. LLC,293 Van Brunt St,11231,https://www.kesnewyork.com/,logos/2c37daaebdb6.png,0340-24-139099,Restaurant,0340,license,2024-12-13,2024-12-13,2026-11-30,40.67879,-74.01119,pip
CAFE LULUC,CAFE LULUC,MANDO INC,214 SMITH STREET,11231,https://www.cafeluluc.net/,,0340-23-127289,Restaurant,0340,license,2025-07-22,2025-08-01,2027-07-31,40.68442,-73.99202,pip
CAFE MARS,CAFE MARS,GOTCHA KNOWS LLC,272 3RD AVE,11215,https://cafemarsbk.com,logos/7a2b08e96609.png,0340-23-128608,Restaurant,0340,license,2025-01-23,2025-02-01,2027-01-31,40.6778,-73.98579,pip
CAFE MARTIN,CAFE MARTIN,CAFE MARTIN BK INC,355 5TH AVE,11215,,,0267-24-106723,Food & Beverage Business,0267,license,2026-02-24,2026-03-01,2028-02-29,40.67175,-73.98416,pip
CAFE SPAGHETTI,CAFE SPAGHETTI,UNION STREET PASTA LLC,126 UNION ST,11231,https://www.cafespaghetti.com,logos/33e61fac7d10.png,0340-23-127888,Restaurant,0340,license,2025-03-10,2025-04-01,2027-03-31,40.6842,-74.00237,pip
CANAL BAR,CANAL BAR,270 3RD AVENUE LLC,270 3RD AVE,11215,http://canalbar.com,logos/34ffcf163a19.png,0370-23-131731,Food & Beverage Business,0370,license,2025-07-08,2025-08-01,2027-07-31,40.67786,-73.98575,pip
CAROUSEL BEVERAGES,CAROUSEL BEVERAGES,LIBERTY BEER & SODA DISTRIBUTORS INC,436 3RD AVE,11215,https://carouselbeverages.com,logos/f534e68a9f53.png,0001-23-142043,Wholesale Beer (Retail),0001,license,2026-05-06,2026-07-01,2027-06-30,40.67235,-73.99028,pip
CARROLL GARDENS WINES & LIQUORS,CARROLL GARDENS WINES & LIQUORS,Carroll Gardens Wines & Liquors LLC,427 Court St,11231,http://www.courtstreetwines.com,,0100-26-135760,Liquor Store,0100,license,2026-02-18,2026-02-18,2029-01-31,40.67851,-73.99775,pip
CASITA OF BK,CASITA OF BK,CAFE CASITA LLC,318 11TH ST,11215,https://casitaofbk.com,logos/e20a9551e9c6.png,0267-22-113164,Food & Beverage Business,0267,license,2025-12-19,2026-01-01,2027-12-31,40.66814,-73.98766,pip
CHAAMA MARKET INC,,CHAAMA MARKET INC,137 5th Ave,11217,,,0081-25-119923,Grocery Store,0081,license,2025-08-16,2025-08-16,2028-07-31,40.6785,-73.97904,pip
Chaama Quick Stop Inc.,,Chaama Quick Stop Inc.,402 5th Ave,11215,,,0081-26-144061,Grocery Store,0081,license,2026-05-26,2026-05-26,2029-04-30,40.67048,-73.98521,pip
CHAM BAR/RESTAURANT,CHAM BAR/RESTAURANT,CAROLMCCRAE LLC,448 DEAN ST,11217,,,0340-22-113908,Restaurant,0340,license,2026-06-10,2026-06-10,2028-05-31,40.68196,-73.97621,pip
CHELA,CHELA,RACHEL'S TAQUERIA INC.,408 5TH AVE,11215,https://chelaparkslope.com,logos/61ee3d9d38cc.png,0370-23-134152,Food & Beverage Business,0370,license,2025-03-07,2025-03-07,2027-02-28,40.6702,-73.98545,pip
CHIPOTLE MEXICAN GRILL #1915,CHIPOTLE MEXICAN GRILL #1915,CHIPOTLE MEXICAN GRILL OF COLORADO LLC,140 COURT ST,11201,,,0340-23-134675,Restaurant,0340,license,2025-05-29,2025-06-01,2027-05-31,40.68919,-73.99263,geoclient
"Chipotle Mexican Grill of Colorado, LLC","Chipotle Mexican Grill of Colorado, LLC",CHIPOTLE MEXICAN GRILL OF COLORADO LLC,192 Prospect Park W,11215,,,0240-25-107810,Restaurant,0240,license,2025-04-21,2025-04-21,2027-03-31,40.66137,-73.97957,geoclient
CLARO,CLARO,EL BURRO GUAPO LLC,284 3RD AVE,11215,https://www.clarobk.com,,0340-22-106350,Restaurant,0340,license,2025-01-10,2025-01-01,2026-12-31,40.67736,-73.98609,pip
CLOVER CLUB,CLOVER CLUB,"GIN BLOSSOM BK, LLC",210 SMITH ST,11201,https://cloverclubny.com,logos/0f4086d300a4.png,0340-22-103251-02,Additional Bar,0423,license,2026-06-01,2026-07-01,2028-06-30,40.68452,-73.99195,pip
CLOVER CLUB,CLOVER CLUB,"GIN BLOSSOM BK, LLC",210 SMITH ST,11201,https://cloverclubny.com,logos/0f4086d300a4.png,0340-22-103251,Restaurant,0340,license,2026-06-01,2026-07-01,2028-06-30,40.68452,-73.99195,pip
COBBLE HILL CINEMAS,COBBLE HILL CINEMAS,H & K CINEMA CORP,265 COURT ST,11231,https://www.cobblehilltheatre.com/,,0267-23-136469,Food & Beverage Business,0267,license,2025-08-28,2025-08-28,2027-07-31,40.68495,-73.99467,pip
COLOMBIA IN PARK SLOPE RESTAURANT,COLOMBIA IN PARK SLOPE RESTAURANT,LOS ROBLES CORPORATION,376 5TH AVE,11215,,,0340-23-132015,Restaurant,0340,license,2025-10-09,2025-10-07,2027-09-30,40.67119,-73.98463,pip
Commonwealth,Commonwealth,Gished LLC,497 5th Ave,11215,https://commonwealthbar.com,,0370-25-122965,Food & Beverage Business,0370,license,2025-09-15,2025-09-15,2027-08-31,40.66727,-73.98787,pip
COMPANION SKAKA SHAKA TIKI,COMPANION SKAKA SHAKA TIKI,COFFEETIKI LLC,64 6TH AVE,11217,,,0370-22-113656,Food & Beverage Business,0370,license,2024-11-05,2024-11-05,2026-10-31,40.68095,-73.97445,geoclient
Compound Art & Sound Gallery,Compound Art & Sound Gallery,Compound Gallery LLC,185 Van Dyke St Ste 101,11231,https://www.compound7.gallery,logos/f314e6d2d938.png,0370-26-135892,Food & Beverage Business,0370,license,2026-02-20,2026-02-20,2028-01-31,40.67711,-74.01877,pip
CONGRESS,CONGRESS,JIM & ANDY INC,208 COURT ST,11201,https://www.congressbarbk.com,logos/05b37072606b.png,0370-21-119572,Food & Beverage Business,0370,license,2025-11-17,2025-12-01,2027-11-30,40.68694,-73.99373,geoclient
CONVIVIUM OSTERIA,CONVIVIUM OSTERIA,GIOCA REST CORP,68 5TH AVE,11217,,,0240-21-123696,Restaurant,0240,license,2025-11-29,2025-12-01,2027-11-30,40.681,-73.97735,pip
Cortelyou Brothers LLC,,Cortelyou Brothers LLC,847B Union St,11215,,,0340-24-126911,Restaurant,0340,license,2026-07-13,2026-09-01,2028-08-31,40.6746,-73.97582,pip
COSMO,COSMO,RUSTY 1 LLC,72 BOWNE ST,11231,,,0361-22-131705,Vessel,0361,license,2025-11-20,2025-12-01,2027-11-30,40.68223,-74.00748,pip
COTRA,COTRA,ZANGIRI HEADS LLC,451 CARROLL ST,11215,https://www.cotrabrooklyn.com,logos/8b772546d856.png,0340-23-135724,Restaurant,0340,license,2025-08-07,2025-09-01,2027-08-31,40.67746,-73.9873,pip
COTTON BEAN,COTTON BEAN,ISHOKUJUU CORP,372 SACKETT STREET,11231,,,0240-23-139537,Restaurant,0240,license,2025-09-09,2025-09-09,2027-08-31,40.68218,-73.99326,pip
COULEUR CAFE,COULEUR CAFE,TOUR DE PRE LLC,435 7TH AVE,11215,https://couleurcafeny.com,logos/bc39880da03e.png,0370-22-111461,Food & Beverage Business,0370,license,2026-05-22,2026-06-01,2028-05-31,40.66344,-73.98444,geoclient
COUSIN JOHNS CAFE AND BAKERY,COUSIN JOHNS CAFE AND BAKERY,COUSIN JOHNS PARK SLOPE INC,60 7TH AVE,11217,,,0340-23-136417,Restaurant,0340,license,2025-07-01,2025-07-01,2027-06-30,40.67557,-73.97471,pip
COZY ON THE SLOPE,COZY ON THE SLOPE,ATOLYE VENUE INC,236B 6TH ST,11215,,,0370-24-127273,Food & Beverage Business,0370,license,2026-08-14,2026-09-01,2028-08-31,40.67275,-73.98844,pip
CREMINI'S,CREMINI'S,CREMINI'S CORP,521 COURT ST,11231,https://creminis.com,logos/b0391e579588.png,0240-21-121667,Restaurant,0240,license,2025-12-03,2026-01-01,2027-12-31,40.675,-73.99943,pip
CROSTA,CROSTA,PICCOLI804 LLC,486 6TH AVE,11215,https://www.crostany.com,logos/2baba3498c5a.png,0340-21-116498,Restaurant,0340,license,2025-11-04,2025-12-01,2027-11-30,40.66635,-73.98535,pip
CUBANA CAFE,CUBANA CAFE,TORREJO CORP,272 SMITH ST,11231,https://www.cubanacafebrooklyn.com,,0340-22-108062,Restaurant,0340,license,2026-06-30,2026-07-01,2028-06-30,40.68257,-73.99329,pip
CVS/Pharmacy #11486,CVS/Pharmacy #11486,CVS ALBANY LLC,130 5th Ave,11217,https://www.cvs.com/store-locator/brooklyn-ny-pharmacies/130-5th-ave-brooklyn-ny-11217/storeid=11486,logos/7158c93cebef.svg,0081-26-139406,Grocery Store,0081,license,2026-04-06,2026-04-06,2027-06-30,40.67905,-73.97868,pip
CVS/PHARMACY #2498,CVS/PHARMACY #2498,CVS ALBANY LLC,341 9TH ST,11215,https://www.cvs.com/store-locator/brooklyn-ny-pharmacies/341-9th-street-brooklyn-ny-11215/storeid=2498,logos/bdfd4f35cb63.svg,0082-21-123189,Drug Store,0082,license,2024-06-30,2024-06-30,2027-06-30,40.66857,-73.98503,pip
CVS/PHARMACY #2672,CVS/PHARMACY #2672,CVS ALBANY LLC,150 COURT ST,11201,https://www.cvs.com/store-locator/brooklyn-ny-pharmacies/150-court-street-brooklyn-ny-11201/storeid=2672,logos/49d0c6ee57cf.svg,0082-21-123161,Drug Store,0082,license,2024-06-30,2024-06-30,2027-06-30,40.68874,-73.99284,geoclient
CVS/PHARMACY #845,CVS/PHARMACY #845,CVS ALBANY LLC,395 COURT ST,11231,https://www.cvs.com/store-locator/brooklyn-ny-pharmacies/395-court-street-brooklyn-ny-11231/storeid=845,logos/135febd979a8.svg,0082-21-123250,Drug Store,0082,license,2024-06-30,2024-06-30,2027-06-30,40.67992,-73.99706,pip
D'VINE TASTE,D'VINE TASTE,D'VINE TASTE INC,150 7TH AVENUE,11215,,,0081-21-110172,Grocery Store,0081,license,2024-08-15,2024-09-01,2027-08-31,40.67252,-73.97686,pip
DA NONNA ROSA,DA NONNA ROSA,BROOKLYN BROS CORP,140 7TH AVE,11215,https://danonnarosas.com,logos/fdc8158a0a56.png,0340-22-115118,Restaurant,0340,license,2026-01-29,2026-02-01,2028-01-31,40.67276,-73.97666,pip
DAIGO SUSHI ROLL BAR,DAIGO SUSHI ROLL BAR,DSRB LLC,527 CARROL ST,11215,https://daigobrooklyn.com/carroll/,logos/0e509c028deb.svg,0267-22-107575,Food & Beverage Business,0267,license,2026-06-01,2026-07-01,2028-06-30,40.67638,-73.98454,pip
Daisys Diner,Daisys Diner,Daisy's Cafe NYC LLC,452 5th Ave,11215,,,0340-26-138255,Restaurant,0340,license,2026-03-23,2026-03-23,2028-02-29,40.6689,-73.98652,pip
DEFONTE'S SANDWICH SHOP,DEFONTE'S SANDWICH SHOP,DEFONTES OF RED HOOK INC,379 COLUMBIA STREET,11231,https://www.defontesofbrooklyn.com,logos/5d90f4916b2e.png,0071-23-130049,Grocery Store,0071,license,2026-03-11,2026-04-01,2029-03-31,40.67903,-74.00557,pip
Deli Time & Grocery Inc,,Deli Time & Grocery Inc,294 5th Ave,11215,,,0081-26-151078,Grocery Store,0081,license,2026-08-10,2026-08-10,2029-07-31,40.67374,-73.9825,pip
DIAMOND GLOBAL ENTERPRISES LLC,,DIAMOND GLOBAL ENTERPRISES LLC,125 127 15TH ST,11215,,,0009-21-115186,Wholesale Liquor,0009,license,2024-02-12,2024-02-12,2027-01-31,40.66712,-73.99256,geoclient
DINOSAUR BAR B QUE,DINOSAUR BAR B QUE,"DINOSAUR RESTAURANTS, LLC",604 UNION ST,11215,,,0340-23-134950,Restaurant,0340,license,2025-05-03,2025-06-01,2027-05-31,40.67774,-73.98392,pip
Dirty Birdy,Dirty Birdy,Dirty Birdy NYC LLC,147 5th Ave,11217,,,0340-26-140589,Restaurant,0340,license,2026-04-21,2026-04-21,2028-03-31,40.67811,-73.9793,pip
DOCKY'S OF REDHOOK,DOCKY'S OF REDHOOK,DOCKYS OF REDHOOK LLC,354 VAN BRUNT ST,11231,,,0370-24-138887,Food & Beverage Business,0370,license,2024-12-16,2025-01-01,2026-12-31,40.67776,-74.01241,pip
DONIA DELI & GROCERY CORP,,DONIA DELI & GROCERY CORP,484 8TH STREET,11215,,,0081-23-102358,Grocery Store,0081,license,2026-05-20,2026-08-01,2029-07-31,40.66626,-73.97853,pip
Drum & Flats,Drum & Flats,Consultius Inc,56 5th Ave,11217,,,0340-26-148768,Restaurant,0340,license,2026-07-15,2026-07-15,2028-06-30,40.6813,-73.97715,pip
DRY DOCK WINE AND SPIRITS,DRY DOCK WINE AND SPIRITS,DRY DOCK LLC,442 VAN BRUNT ST,11231,,,0100-21-114832,Liquor Store,0100,license,2025-01-02,2025-01-02,2027-12-31,40.6751,-74.01552,pip
DUMBO MARKET,DUMBO MARKET,205 MEAT CORP,205 SMITH ST,11201,,,0081-22-123126,Grocery Store,0081,license,2025-02-24,2025-03-01,2028-02-29,40.68501,-73.99164,geoclient
EASTERN DISTRICT,EASTERN DISTRICT,KRITI CORP II,90 5TH AVE,11217,https://easterndistrictny.com,logos/2250dc79f378.png,0081-21-111518,Grocery Store,0081,license,2024-03-19,2024-04-01,2027-03-31,40.68032,-73.97781,pip
ECLIPSE,ECLIPSE,NEW YORK WATER TOURS INC,ATLANTIC BASIN PIER 11,11231,,,0361-22-129884-01,Additional Bar,0423,license,2025-08-26,2024-10-01,2026-09-30,,,manual: Atlantic Basin is in Red Hook (CB6); SLA record has no coordinates
EIGHTY SEVEN NEXT DOOR,EIGHTY SEVEN NEXT DOOR,TABLE 87 GOWANUS NYC LLC,473 3RD AVE,11215,,,0340-23-158862,Restaurant,0340,license,2025-10-06,2025-10-06,2027-09-30,40.67077,-73.9916,pip
El Mexicano Restaurante & Cafe #5 Inc,,El Mexicano Restaurante & Cafe #5 Inc,230 Hoyt St,11217,,,0524-26-44153,Temporary retail,0524,temporary,2026-05-27,2026-05-27,2026-11-23,40.68318,-73.99011,pip
EL VIEJO YAYO RESTAURANT & PIZZERIA,EL VIEJO YAYO RESTAURANT & PIZZERIA,IVANO RESTAURANT CORP,317 9TH ST,11215,,,0340-22-107000,Restaurant,0340,license,2026-04-29,2026-05-01,2028-04-30,40.66899,-73.9859,pip
ELSA,ELSA,PEKAR HANDWERKER NYC LLC,136 ATLANTIC AVE,11201,,,0340-23-135721,Restaurant,0340,license,2025-01-15,2025-02-01,2027-01-31,40.69048,-73.99524,geoclient
Emma's Torch,Emma's Torch,EMMA'S TORCH LTD.,345 SMITH ST,11231,https://emmastorch.org/restaurant,,0240-22-102190,Restaurant,0240,license,2026-05-18,2026-07-01,2028-06-30,40.68005,-73.99498,pip
EMMY SQUARED PIZZA,EMMY SQUARED PIZZA,ESQ PARK SLOPE LLC,315 5TH AVE,11215,https://www.emmysquaredpizza.com/location/park-slope-brooklyn-ny/,logos/2edcafdee6d5.png,0340-23-159640,Restaurant,0340,license,2025-10-02,2025-10-02,2027-09-30,40.67293,-73.98318,pip
Enso,Enso,Enso NY II Inc,192 Amity St,11201,,,0267-26-141967,Food & Beverage Business,0267,license,2026-05-04,2026-05-04,2028-04-30,40.68847,-73.99335,geoclient
EVALYN'S TAP HOUSE,EVALYN'S TAP HOUSE,236 BUTLER CAFE LLC,236 BUTLER ST,11217,https://www.evalynstaphouse.com,logos/62bd59806e53.png,0370-24-119233,Food & Beverage Business,0370,license,2026-06-18,2026-07-01,2028-06-30,40.68156,-73.98547,pip
EVERGREEN LIQUOR STORE INC,,EVERGREEN LIQUOR STORE INC,196 COLUMBIA ST,11231,,,0100-23-124311,Liquor Store,0100,license,2026-07-08,2026-08-01,2029-07-31,40.68538,-74.00253,pip
F & V DISTRIBUTION COMPANY LLC,,F & V DISTRIBUTION COMPANY LLC,700 COLUMBIA ST,11231,,,0002-23-112725,Wholesale Beer,0002,license,2026-06-25,2026-07-01,2027-06-30,40.66748,-74.01056,geoclient
FANCY GIRL CATERING LTD,,FANCY GIRL CATERING LTD,294 3RD AVE,11215,,,0101-24-135047,Off Premises Caterer Establishment,0101,license,2024-11-05,2024-11-05,2027-10-31,40.67694,-73.98642,pip
FAT CAT WINES LLC,,FAT CAT WINES LLC,538 COURT ST,11231,https://fatcatwinesny.com,,0100-21-113654,Liquor Store,0100,license,2024-07-17,2024-08-01,2027-07-31,40.67544,-73.99922,pip
FAUSTO,FAUSTO,PASTA PEOPLE LLC,346 348 FLATBUSH AVE,11238,https://www.faustobrooklyn.com,logos/d480abc9870e.png,0340-22-115598,Restaurant,0340,license,2026-01-13,2026-02-01,2028-01-31,40.67608,-73.97166,geoclient
FIFTH AVENUE DINER,FIFTH AVENUE DINER,GNS FOODS INC,432 5TH AVENUE,11215,,,0340-23-132669,Restaurant,0340,license,2024-12-13,2024-12-13,2026-11-30,40.66956,-73.98597,pip
FINBACK BROOKLYN,FINBACK BROOKLYN,FINBACK BROOKLYN LLC,545 PRESIDENT ST,11215,https://finbackbrewery.com,,0370-24-128904,Food & Beverage Business,0370,license,2024-10-13,2024-10-01,2026-09-30,40.67732,-73.98488,pip
FLATBUSH JAPANESE CUISINE,FLATBUSH JAPANESE CUISINE,FLATBUSH JAPANESE CUISINE INC,282 FLATBUSH AVE,11217,,,0240-23-140556,Restaurant,0240,license,2025-01-29,2025-03-01,2027-02-28,40.67862,-73.9735,geoclient
Flavor Taste,Flavor Taste,B Q Deli & Smoothie Bar Corp.,310 Flatbush Ave,11238,,,0081-26-132846,Grocery Store,0081,license,2026-01-05,2026-01-05,2028-12-31,40.67744,-73.97265,geoclient
Fleur,Fleur,Camellia Blossom Inc,392 5th Ave,11215,,,0340-25-131850,Restaurant,0340,license,2025-12-17,2025-12-17,2026-10-31,40.67074,-73.985,pip
FLORA TASTE EXPERIENCE LLC,,FLORA TASTE EXPERIENCE LLC,1021 8TH AVE,11215,,,0240-22-100229,Restaurant,0240,license,2024-11-12,2024-11-12,2026-11-30,40.66465,-73.98014,pip
FONDA,FONDA,VENADITO LLC,434 7TH AVENUE,11215,https://fondarestaurant.com/park-slope/,,0340-22-104714,Restaurant,0340,license,2025-12-12,2026-01-01,2027-12-31,40.66352,-73.98438,geoclient
FOOD BAZAAR,FOOD BAZAAR,BOGOPA RED HOOK LLC,480 500 VAN BRUNT ST,11231,https://www.foodbazaar.com/our-stores/?addr=11231,logos/5a87a0902faa.png,0267-22-112326,Food & Beverage Business,0267,license,2026-06-25,2026-07-01,2028-06-30,40.67402,-74.0168,pip
FOOD BAZAAR,FOOD BAZAAR,BOGOPA RED HOOK LLC,480 500 VAN BRUNT ST,11231,https://www.foodbazaar.com/our-stores/?addr=11231,logos/5a87a0902faa.png,0081-20-107820,Grocery Store,0081,license,2023-11-08,2023-12-01,2026-11-30,40.67402,-74.0168,pip
FOOD TRAIN INC,,FOOD TRAIN INC,368 7TH AVENUE,11215,,,0081-22-131188,Grocery Store,0081,license,2025-04-09,2025-05-01,2028-04-30,40.66579,-73.98251,pip
FOOD U DESIRE,FOOD U DESIRE,FOOD U DESIRE 2 CORP,423 7TH AVE,11215,,,0081-22-119922,Grocery Store,0081,license,2025-05-05,2025-06-01,2028-05-31,40.66378,-73.98416,pip
FOODTOWN,FOODTOWN,409 FOOD CORP,409 5TH AVE,11215,,,0081-20-105121,Grocery Store,0081,license,2023-10-23,2023-11-01,2026-10-31,40.67014,-73.9855,pip
Forever Brewing,Forever Brewing,Champion Beers LLC,574A President St,11215,https://foreverhomebrewing.com/,logos/62d454e52e0b.png,0015-26-148385,Farm Brewer,0015,license,2026-07-13,2026-07-13,2029-06-30,40.67698,-73.98402,pip
Forever Brewing,Forever Brewing,Champion Beers LLC,574A President St,11215,https://foreverhomebrewing.com/,logos/62d454e52e0b.png,0018-26-148384,Micro-Brewer 3 Year,0018,license,2026-07-13,2026-07-13,2029-06-30,40.67698,-73.98402,pip
FRAGOLE,FRAGOLE,FRAGOLE ON COURT CORP,394 COURT ST,11231,,,0340-23-132992,Restaurant,0340,license,2025-01-02,2025-02-01,2027-01-31,40.6808,-73.99664,pip
FRANKIES 457 COURT ST SPUTINO,FRANKIES 457 COURT ST SPUTINO,SORCERER INC,457 COURT ST,11231,,,0340-22-103663,Restaurant,0340,license,2026-06-10,2026-07-01,2028-06-30,40.67743,-73.99826,pip
FRANKS WINE BAR,FRANKS WINE BAR,FRANCESCA MERCHANTS LLC,465 COURT STREET,11231,https://frankswinebar.com,,0340-22-103429,Restaurant,0340,license,2026-06-11,2026-07-01,2028-06-30,40.67722,-73.99837,pip
FROG WINE SHOP,FROG WINE SHOP,MOSQUITO WINE SHOP LLC,389 HENRY ST,11201,https://www.frogwineshop.com,,0100-24-134494,Liquor Store,0100,license,2024-10-30,2024-10-30,2027-09-30,40.68814,-73.99749,pip
Fulton Burger Express,Fulton Burger Express,177 Fifth Corp,177 5th Ave,11217,,,0240-25-111377,Restaurant,0240,license,2025-05-23,2025-05-23,2027-04-30,40.67726,-73.97985,pip
G 200 GROCERY,G 200 GROCERY,G 200 GROCERY INC,200 FLATBUSH AVE,11217,,,0081-23-115703,Grocery Store,0081,license,2026-07-24,2026-08-01,2029-07-31,40.6816,-73.97567,pip
GARRYS WINE & LIQUOR INC,,GARRYS WINE & LIQUOR INC,231 FLATBUSH AVE,11217,,,0100-21-114759,Liquor Store,0100,license,2024-11-15,2025-01-01,2027-12-31,40.68116,-73.97535,geoclient
GENE FLATOW,GENE FLATOW,NYCL ACQUISITION LLC,499 VAN BRUNT ST,11231,,,0361-23-104136,Vessel,0361,license,2025-04-22,2025-05-01,2027-04-30,40.67324,-74.01684,geoclient
GENE FLATOW,GENE FLATOW,NYCL ACQUISITION LLC,499 VAN BRUNT ST,11231,,,0361-23-104084,Vessel,0361,license,2025-04-22,2025-05-01,2027-04-30,40.67324,-74.01684,geoclient
GENE FLATOW,GENE FLATOW,NYCL ACQUISITION LLC,499 VAN BRUNT ST,11231,,,0361-23-101555,Vessel,0361,license,2025-04-22,2025-05-01,2027-04-30,40.67324,-74.01684,geoclient
GENE FLATOW,GENE FLATOW,NYCL ACQUISITION LLC,499 VAN BRUNT ST,11231,,,0361-23-103956,Vessel,0361,license,2025-04-22,2025-05-01,2027-04-30,40.67324,-74.01684,geoclient
GERSI,GERSI,SOVI KITCHEN INC,316 COURT ST,11231,https://www.gersirestaurant.com,logos/831ec6cf8546.png,0340-22-112278,Restaurant,0340,license,2026-05-28,2026-07-01,2028-06-30,40.68335,-73.99541,pip
GG's Fish & Chips,GG's Fish & Chips,GG's Fish & Chips LLC,234 Hoyt St,11217,,,0240-24-139693,Restaurant,0240,license,2024-12-21,2024-12-21,2026-11-30,40.68309,-73.99017,pip
GHANG THAI FOOD SERVICES LLC,,GHANG THAI FOOD SERVICES LLC,229 COURT STREET,11201,,,0340-21-119264,Restaurant,0340,license,2025-08-28,2025-09-01,2027-08-31,40.68619,-73.9941,geoclient
Goog,Goog,SOMTUMDER REDHOOK INC,380 VAN BRUNT ST,11231,,,0340-23-138354,Restaurant,0340,license,2025-01-02,2025-01-02,2026-12-31,40.67698,-74.01331,pip
GOPUFF,GOPUFF,"GB LICENSE, LLC",535 4TH AVE,11215,,,0081-24-111548,Grocery Store,0081,license,2024-04-29,2024-04-29,2027-03-31,40.66704,-73.99139,geoclient
GOURMET FRESH LLC,,GOURMET FRESH LLC,437 439 COURT ST,11231,,,0081-20-108671,Grocery Store,0081,license,2023-11-20,2024-01-01,2026-12-31,40.67823,-73.99788,pip
GOWANUS CONVENIENCE INC,,GOWANUS CONVENIENCE INC,414 4TH AVE,11215,,,0071-23-130994,Grocery Store,0071,license,2026-08-05,2026-08-05,2029-07-31,40.67168,-73.98769,pip
GOWANUS GARDENS,GOWANUS GARDENS,GLK PARTNERS LLC,256 4TH AVE,11215,https://www.gowanusgardensbk.com,logos/ad178a32c4fe.png,0370-23-136715,Food & Beverage Business,0370,license,2025-07-24,2025-08-01,2027-07-31,40.67641,-73.98379,pip
GOWANUS WINE MERCHANTS,GOWANUS WINE MERCHANTS,GOWANUS WINE MERCHANTS LLC,493 3RD AVE,11215,https://www.gowanuswines.com,logos/2b239f108e3d.png,0100-21-115683,Liquor Store,0100,license,2024-06-06,2024-07-01,2027-06-30,40.67035,-73.99196,pip
GOWANUS WINE STUDIO & TASTING TABLE,GOWANUS WINE STUDIO & TASTING TABLE,CRENERGY WINE & DESIGN INC,257 3RD AVE,11215,,,0100-23-123929,Liquor Store,0100,license,2026-04-20,2026-06-01,2029-05-31,40.67808,-73.9856,pip
GOWANUS YACHT CLUB & BAGELS BY THE PARK,GOWANUS YACHT CLUB & BAGELS BY THE PARK,MJ BAGEL INC,323 SMITH STREET,11231,,,0240-23-141647,Restaurant,0240,license,2025-06-18,2025-06-18,2027-05-31,40.68108,-73.9943,pip
GRAND CANYON DINER CORP,,GRAND CANYON DINER CORP,179 7TH AVE,11215,,,0240-22-102591,Restaurant,0240,license,2025-03-13,2025-02-20,2027-01-31,40.67144,-73.97777,pip
GREEN IVY,GREEN IVY,GREEN IVY 1 INC,244 246 4TH AVE,11215,,,0081-21-102011,Grocery Store,0081,license,2024-08-22,2024-09-01,2027-08-31,40.67666,-73.98363,pip
GUS'S CHOP HOUSE,GUS'S CHOP HOUSE,SPAGHETTI215 LLC,215 UNION ST,11231,,,0340-23-138858,Restaurant,0340,license,2025-03-06,2025-02-01,2027-01-31,40.68336,-73.99934,pip
HA NOI,HA NOI,PHO KIE INC,448 9TH ST,11215,,,0240-24-113700,Restaurant,0240,license,2026-04-11,2026-05-01,2028-04-30,40.6668,-73.98136,pip
HAENYEO CORP,,HAENYEO CORP,239 5TH AVE,11215,,,0340-22-109160,Restaurant,0340,license,2024-10-16,2024-11-01,2026-10-31,40.67523,-73.98127,pip
HALYARDS LLC,,HALYARDS LLC,406 3RD AVENUE,11215,,,0370-25-101826,Food & Beverage Business,0370,license,2025-01-29,2025-02-01,2027-01-31,40.6732,-73.98958,pip
HARBOR BEVERAGE MERCHANTS,HARBOR BEVERAGE MERCHANTS,HARBOR BEVERAGE MERCHANTS INCORPORATED,225 THIRD AVE,11217,,,0001-23-140173,Wholesale Beer (Retail),0001,license,2026-07-28,2026-07-28,2027-06-30,40.67917,-73.98487,pip
HARLEM SHAKE,HARLEM SHAKE,HARLEM SHAKE PARK SLOPE LLC,119 5TH AVE,11217,,,0267-23-128485,Food & Beverage Business,0267,license,2025-04-07,2025-05-01,2027-04-30,40.67896,-73.97874,pip
HENRY PUBLIC,HENRY PUBLIC,HENRO JONES LLC,329 HENRY ST,11201,,,0340-23-131505,Restaurant,0340,license,2025-08-13,2025-09-01,2027-08-31,40.69034,-73.99646,geoclient
Henry St Mini Market Corp,,Henry St Mini Market Corp,517 Henry St,11231,,,0524-26-41557,Temporary retail,0524,temporary,2026-04-29,2026-04-29,2026-10-26,40.68395,-73.99949,pip
HENRY STREET WINES & LIQUORS,HENRY STREET WINES & LIQUORS,FRATELLI BRISCOLA LLC,494 HENRY ST,11231,,,0100-23-124394,Liquor Store,0100,license,2023-08-29,2023-10-01,2026-09-30,40.68441,-73.99927,pip
HIBINO,HIBINO,UNBI CORP,333 HENRY STREET,11201,,,0240-23-140966,Restaurant,0240,license,2025-04-08,2025-05-01,2027-04-30,40.69021,-73.99652,pip
Hicks Street,Hicks Street,Hicks Street Restaurant LLC,521 Hicks St,11231,,,0340-24-139656,Restaurant,0340,license,2024-12-20,2024-12-20,2026-11-30,40.68535,-74.00059,pip
Hidden Rivers BK LLC,,Hidden Rivers BK LLC,291 Nevins St,11217,,,0370-26-144037,Food & Beverage Business,0370,license,2026-05-26,2026-05-26,2028-04-30,40.67949,-73.98713,pip
High Horse NYC LLC,,High Horse NYC LLC,333 Court St,11231,,,0524-26-51936,Temporary retail,0524,temporary,2026-08-18,2026-08-18,2027-02-14,40.68278,-73.99568,pip
HIGHDIVE,HIGHDIVE,"KGD FIFTH, LLC",243 FIFTH AVENUE,11215,,,0370-23-132649,Food & Beverage Business,0370,license,2025-03-04,2025-03-03,2027-02-28,40.67502,-73.98144,pip
HOEK PIZZERIA,HOEK PIZZERIA,HOEK PIZZERIA INC,117 FERRIS ST,11231,,,0340-23-137434,Restaurant,0340,license,2025-05-08,2025-07-01,2027-06-30,40.67798,-74.01709,pip
Hom Cafe & Wine,Hom Cafe & Wine,Invigorated Lotus LLC,72-74 7th Ave,11217,,,0267-26-139468,Food & Beverage Business,0267,license,2026-04-07,2026-04-07,2028-03-31,40.67527,-73.97492,pip
HOMEMADE BY MIRIAM,HOMEMADE BY MIRIAM,HBM PARK SLOPE LLC,81 5TH AVE,11217,,,0240-23-140150,Restaurant,0240,license,2024-12-27,2025-01-01,2026-12-31,40.68016,-73.97792,pip
HOMETOWN BAR-B-QUE,HOMETOWN BAR-B-QUE,HOMETOWN BAR B QUE LLC,454 VAN BRUNT ST,11231,,,0423-23-133108,Additional Bar,0423,license,2025-08-26,2025-09-01,2027-08-31,40.67478,-74.01591,pip
HOMETOWN BAR-B-QUE,HOMETOWN BAR-B-QUE,HOMETOWN BAR B QUE LLC,454 VAN BRUNT ST,11231,,,0340-23-137796,Restaurant,0340,license,2025-11-17,2025-09-01,2027-08-31,40.67478,-74.01591,pip
HONEYCOMB,HONEYCOMB,CASABLANCA BROOKLYN LTD,74 5TH AVE,11217,,,0340-23-133322,Restaurant,0340,license,2025-02-10,2025-02-01,2027-01-31,40.68068,-73.97756,pip
HOUSE OF CALZONES CORP,,HOUSE OF CALZONES CORP,132 UNION ST,11231,,,0240-23-140302,Restaurant,0240,license,2025-07-14,2025-08-01,2027-07-31,40.68414,-74.00216,pip
"House UME, LLC",,"House UME, LLC",210 1st St,11215,,,0524-26-41539,Temporary retail,0524,temporary,2026-04-29,2026-04-29,2026-10-26,40.67571,-73.98584,pip
HUNAN DELIGHT,HUNAN DELIGHT,HUNANDELIGHT FOOD INC,752 Union St,11215,,,0240-24-132115,Restaurant,0240,license,2024-10-09,2024-10-09,2026-09-30,40.6755,-73.97811,pip
Hungry Thirsty LLC,,Hungry Thirsty LLC,407 Smith St,11231,,,0240-25-120172,Restaurant,0240,license,2026-07-07,2025-08-19,2027-07-31,40.67798,-73.9962,pip
Idashi Omakase Inc.,,Idashi Omakase Inc.,464 Bergen St,11217,,,0267-24-134145,Food & Beverage Business,0267,license,2026-08-31,2026-10-01,2028-09-30,40.68104,-73.97587,pip
Il Leone,Il Leone,Brooklyn Lion's Den LLC,158 7th Ave,11215,https://illeone.me/,logos/ed08ad0f65c8.png,0370-25-131546,Food & Beverage Business,0370,license,2025-12-22,2025-12-22,2027-11-30,40.67218,-73.97716,pip
IL VIGNETTO,IL VIGNETTO,IL VIGNETTO CORP,145 UNION ST,11231,https://ilvignettofinewines.com,logos/b45cc604acf3.png,0100-21-113888,Liquor Store,0100,license,2024-04-18,2024-05-01,2027-04-30,40.68413,-74.00212,pip
INDIAN TABLE,INDIAN TABLE,TULSI FOODS INC,234 COURT ST,11201,https://indiantableny.com,logos/845196da524b.png,0340-23-139259,Restaurant,0340,license,2025-09-22,2025-10-01,2027-09-30,40.68597,-73.9942,geoclient
Inkaico Peruvian Kitchen,Inkaico Peruvian Kitchen,Surfish Bistro III Inc,447 Bergen St,11217,,,0340-25-128713,Restaurant,0340,license,2025-11-10,2025-11-10,2027-10-31,40.68115,-73.97617,pip
INSA,INSA,Y B S LLC,326 DOUGLASS ST,11217,https://www.insabrooklyn.com/,logos/a7f700b3841b.png,0340-21-121203,Restaurant,0340,license,2025-10-29,2025-12-01,2027-11-30,40.67962,-73.98256,pip
ISHI GROUP INC,,ISHI GROUP INC,70 5TH AVE,11217,,,0240-22-102034,Restaurant,0240,license,2024-10-02,2024-11-01,2026-10-31,40.68094,-73.97739,pip
JALOPY TAVERN,JALOPY TAVERN,317 COLUMBIA CAFE CORP,317 COLUMBIA ST,11231,https://jalopytavern.biz/,logos/613e65289504.png,0370-24-102023,Food & Beverage Business,0370,license,2026-02-21,2026-02-13,2028-01-31,40.68134,-74.00448,pip
JINTANA THAI FARM HOUSE CORP,,JINTANA THAI FARM HOUSE CORP,344 7TH AVE,11215,,,0240-22-101497,Restaurant,0240,license,2026-06-04,2026-06-04,2028-04-30,40.66649,-73.98192,pip
JKJ 387 LLC,,JKJ 387 LLC,387 COURT ST,11231,,,0370-23-138321,Food & Beverage Business,0370,license,2025-03-27,2025-04-01,2027-03-31,40.6801,-73.99697,pip
JPAN SUSHI INC,,JPAN SUSHI INC,287 5TH AVE,11215,https://www.jpansushibrooklyn.com,logos/fd06d5f63ad9.png,0240-23-140911,Restaurant,0240,license,2025-08-06,2025-10-01,2027-09-30,40.67373,-73.98251,pip
JUNE RESTAURANT,JUNE RESTAURANT,ENTRE DEUX MERS LLC,231 COURT ST,11201,,,0340-23-139219,Restaurant,0340,license,2024-12-27,2025-01-01,2026-12-31,40.68615,-73.99412,geoclient
K-Slope Marketplace,K-Slope Marketplace,Baekdu Meat & Produce Inc,329 9th St,11215,https://www.kslopemarket.com,,0081-26-140211,Grocery Store,0081,license,2026-04-16,2026-04-16,2029-03-31,40.66875,-73.9854,pip
Kalhar Capital Inc.,,Kalhar Capital Inc.,341 5th Ave,11215,,,0524-26-51475,Temporary retail,0524,temporary,2026-08-13,2026-08-13,2027-02-09,40.67205,-73.98391,pip
KARAZISHI BOTAN,KARAZISHI BOTAN,RAW POWER NY INC,255 SMITH ST,11231,https://www.karazishibotan.com,logos/6864f1d51c0e.png,0340-22-107333,Restaurant,0340,license,2026-01-08,2026-02-01,2028-01-31,40.68316,-73.99286,pip
KARLOFF,KARLOFF,Chez Oly Int'l Inc.,254 COURT ST,11231,,,0340-23-135103,Restaurant,0340,license,2025-08-26,2025-09-01,2027-08-31,40.68524,-73.99454,pip
Keg & Lantern Brewing,Keg & Lantern Brewing,158 BEARD STREET BREWING INC,158 BEARD ST,11231,,,0416-22-116259,Restaurant Brewer,0416,license,2025-12-16,2025-12-16,2028-11-30,40.67558,-74.01597,pip
KEVIN'S,KEVIN'S,SALMON EAST SEVEN CORP.,277A VAN BRUNT ST,11231,,,0340-22-103609,Restaurant,0340,license,2026-03-04,2026-04-01,2028-03-31,40.67922,-74.01069,pip
KEY FOOD,KEY FOOD,MAN DELL FOOD STORES INC,130 7TH AVENUE,11215,,,0081-21-109564,Grocery Store,0081,license,2024-07-02,2024-07-02,2027-06-30,40.67299,-73.97647,pip
Kiku Asian Bistro & Sake Bar,Kiku Asian Bistro & Sake Bar,KIKU ASIAN 163 INC,2 LINCOLN PL,11201,,,0240-24-118825,Restaurant,0240,license,2026-04-06,2026-06-01,2028-05-31,40.67759,-73.9794,pip
Kimyo Omakase,Kimyo Omakase,Koi Sushi Chef Inc.,55 5th Ave,11217,,,0267-24-115771,Food & Beverage Business,0267,license,2026-03-17,2026-05-01,2028-04-30,40.68113,-73.97726,pip
Kings Co DDK LLC,,Kings Co DDK LLC,357 3rd St,11215,,,0340-26-149215,Restaurant,0340,license,2026-07-20,2026-07-20,2028-06-30,40.67297,-73.98367,pip
KINGS HAMILTON AVE MOBIL,KINGS HAMILTON AVE MOBIL,BOLLA OPERATING CORP.,375 HAMILTON AVENUE,11231,,,0081-21-109582,Grocery Store,0081,license,2024-10-30,2024-11-01,2027-10-31,40.67307,-73.99925,pip
KIROLOS INC,,KIROLOS INC,458 3RD AVENUE,11215,,,0081-21-113229,Grocery Store,0081,license,2024-12-12,2025-01-01,2027-12-31,40.6716,-73.9909,pip
Komenori Inc,,Komenori Inc,397 5th Ave,11215,,,0340-26-150105,Restaurant,0340,license,2026-07-28,2026-07-28,2028-06-30,40.67057,-73.98514,pip
KOTO SUSHI & STEAK,KOTO SUSHI & STEAK,NEW KOTO SUSHI AT CARROLL GARDEN INC,552 HENRY ST,11231,,,0240-22-100293,Restaurant,0240,license,2026-02-09,2026-03-01,2028-02-29,40.68224,-74.00031,pip
LA ESQUINA FOOD CORP.,,LA ESQUINA FOOD CORP.,206 HOYT ST,11217,,,0081-23-112434,Grocery Store,0081,license,2026-08-19,2026-09-01,2029-08-31,40.68411,-73.98946,geoclient
LA TAQ,LA TAQ,LA TAQ OF PARK SLOPE LLC,70 7TH AVE,11217,https://www.lataq.com,logos/2bdc83ae4a77.png,0340-24-117775,Restaurant,0340,license,2026-05-29,2026-06-01,2028-05-31,40.67534,-73.97487,pip
LA VARA,LA VARA,L V TAPAS INC,268 CLINTON ST,11201,https://www.lavarany.com,logos/70ddfafd7f98.png,0340-22-114705,Restaurant,0340,license,2026-01-30,2026-03-01,2028-02-29,40.68776,-73.99558,pip
LA VILLA PARK SLOPE,LA VILLA PARK SLOPE,DIBELLA CORP,261 263 5TH AVE,11215,,,0340-26-145083,Restaurant,0340,license,2026-06-03,2026-06-03,2027-04-30,40.67442,-73.98194,pip
Landmark Cevicheria,Landmark Cevicheria,Smith Hospitality Inc.,221 Smith St,11201,,,0340-25-130146,Restaurant,0340,license,2025-11-25,2025-11-25,2027-10-31,40.68435,-73.99207,pip
Las Chingonas Imports LLC,,Las Chingonas Imports LLC,104R Butler St,11231,,,0011-26-140199,Importer,0011,license,2026-04-16,2026-04-16,2029-03-31,40.68357,-73.99064,pip
LE PETIT CAFE INC,,LE PETIT CAFE INC,502 COURT ST,11231,https://www.lepetitny.com,logos/3e586b59fba1.png,0240-23-141662,Restaurant,0240,license,2025-03-01,2025-03-01,2027-02-28,40.67668,-73.99863,pip
LEMONGRASS,LEMONGRASS,SANGSIRI INC,156 COURT ST,11201,https://www.lemongrassbrooklyn.com/,logos/c6502664780c.png,0340-22-113519,Restaurant,0340,license,2026-06-04,2026-06-01,2028-05-31,40.68862,-73.9929,geoclient
LEVANT ON SMITH,LEVANT ON SMITH,SMITH STREET FOOD & BEVERAGE INC,223 SMITH ST,11201,,,0340-23-130549,Restaurant,0340,license,2025-08-01,2025-09-01,2027-08-31,40.68428,-73.99212,pip
Liar Liar,Liar Liar,Cagliostro LLC,285 Nevins St,11217,,,0340-25-122831-01,Additional Bar,0423,license,2025-09-15,2025-09-15,2027-08-31,40.67963,-73.98704,pip
Liar Liar,Liar Liar,Cagliostro LLC,285 Nevins St,11217,,,0340-25-122831,Restaurant,0340,license,2026-08-07,2025-09-15,2027-08-31,40.67963,-73.98704,pip
LIBERTADOR,LIBERTADOR,404 HENRY CORP,404 HENRY ST,11201,,,0240-21-122079,Restaurant,0240,license,2025-11-05,2025-11-05,2027-10-31,40.68727,-73.99791,pip
LIBERTY WAREHOUSE,LIBERTY WAREHOUSE,"LIBERTY EVENTS, LLC",175 VAN DYKE ST,11231,https://www.thelibertywarehouse.com/,logos/ac9b5db7212b.png,0340-23-134146,Restaurant,0340,license,2025-07-21,2025-08-01,2027-07-31,40.67714,-74.01814,geoclient
Lidl,Lidl,"LUS Licensing, LLC",120 5th Ave,11217,https://www.lidl.com/stores/US01561,logos/eb097a6129d7.svg,0524-25-30572,Temporary retail,0524,temporary,2026-08-31,2026-08-31,2026-09-30,40.67933,-73.9785,pip
LIL LARRY'S LIQUOR & WINE,LIL LARRY'S LIQUOR & WINE,BUSH HOOK LIQUORS LLC,54 LORRAINE ST,11231,,,0100-21-113617,Liquor Store,0100,license,2024-07-25,2024-09-01,2027-08-31,40.67453,-74.00749,pip
Lileo Inc.,,Lileo Inc.,86 5th Ave,11217,,,0524-26-47153,Temporary retail,0524,temporary,2026-06-26,2026-06-26,2026-12-23,40.68044,-73.97772,pip
LINCOLN STATION,LINCOLN STATION,LONGVIEW LS LLC,170 7th Ave,11215,https://www.stationfoods.com/,logos/3f6e43016fcb.png,0267-26-143093,Food & Beverage Business,0267,license,2026-05-14,2026-05-14,2028-04-30,40.67181,-73.97747,pip
LITTLE PURITY,LITTLE PURITY,7TH AVENUE EATERY CORP,390 7TH AVE,11215,,,0240-22-102456,Restaurant,0240,license,2025-10-16,2025-12-01,2027-11-30,40.66518,-73.983,pip
LITTLEFIELD,LITTLEFIELD,JUKIMOO LLC,635 SACKETT ST,11217,https://littlefieldnyc.com/,,0370-23-136177,Food & Beverage Business,0370,license,2025-03-30,2025-04-01,2027-03-31,40.67834,-73.9834,pip
Liz's Book Bar,Liz's Book Bar,Liz's Book Bar LLC,315 Smith St,11231,https://www.lizsbookbar.com/,logos/10957cb4a417.png,0267-24-134140,Food & Beverage Business,0267,license,2026-08-28,2026-10-01,2028-09-30,40.68125,-73.99418,pip
Loafer's Cocktail Bar,Loafer's Cocktail Bar,BND Consulting LLC,517 Court St,11231,,,0370-25-105697,Food & Beverage Business,0370,license,2025-03-25,2025-03-25,2027-02-28,40.6751,-73.99938,pip
LOBO,LOBO,LOBO BROOKLYN INC,218 COURT ST,11201,https://lobonyc.com,,0340-23-133404,Restaurant,0340,license,2024-12-05,2025-01-01,2026-12-31,40.68652,-73.99394,geoclient
LOFI,LOFI,LUGGAGE FACTORY LLC,304 5TH AVE,11215,https://www.lofibrooklyn.com,logos/1d32eb152808.png,0370-24-118365,Food & Beverage Business,0370,license,2026-05-14,2026-06-01,2028-05-31,40.6735,-73.9827,pip
LOGAN'S RUN,LOGAN'S RUN,Rawson ltd,375A 5TH AVE,11215,,,0370-23-164874,Food & Beverage Business,0370,license,2025-12-17,2026-01-01,2027-12-31,40.67116,-73.98466,pip
LOWLANDS,LOWLANDS,FLUXCO LLC,543 3RD AVE,11215,https://www.lowlandsbar.com/,logos/82a772d2cf0b.png,0340-22-104705,Restaurant,0340,license,2026-02-03,2026-03-01,2028-02-29,40.66859,-73.99341,pip
Luana's Tavern,Luana's Tavern,Luca512 LLC,449 451 Court Street,11231,,,0340-26-139994,Restaurant,0340,license,2026-04-14,2026-04-14,2028-03-31,40.67762,-73.99817,pip
Lucali,Lucali,Lucali Brooklyn LLC,575 Henry St,11231,https://www.lucali.com,logos/c2f1b9e95e25.png,0240-25-104529,Restaurant,0240,license,2025-03-10,2025-03-10,2027-02-28,40.68186,-74.0005,pip
LUCK THAI,LUCK THAI,SRIANAN INC,386 5TH AVE,11215,,,0240-23-142337,Restaurant,0240,license,2025-06-04,2025-07-01,2027-06-30,40.6709,-73.98487,pip
LUCKY 13 SALOON,LUCKY 13 SALOON,TEAM METAL LLC,644 SACKETT ST,11217,,,0370-24-129721,Food & Beverage Business,0370,license,2024-09-25,2024-10-01,2026-09-30,40.67837,-73.98348,pip
Lumiere Bar LLC,,Lumiere Bar LLC,117 Columbia St,11231,,,0370-25-128158,Food & Beverage Business,0370,license,2025-11-04,2025-11-04,2027-10-31,40.68765,-74.00145,pip
Lundy's,Lundy's,Pushanook LLC,44-46 Beard St,11231,https://www.lundysofbrooklyn.com,logos/45fb723fa5d6.png,0340-25-100654,Restaurant,0340,license,2025-01-11,2025-01-11,2026-12-31,40.67302,-74.01226,pip
LUYA,LUYA,TIE GUAN YIN HOSPITALITY LLC,219 5th Ave # 2,11215,https://www.luya-bk.com,logos/e64074a56496.png,0340-25-130482,Restaurant,0340,license,2025-12-01,2025-12-01,2027-11-30,40.67601,-73.9807,pip
Maison Vernhes,Maison Vernhes,APRT HOLDINGS LLC,94 9th St,11215,,,0007-24-129838,Wholesale Wine,0007,license,2024-09-24,2024-09-24,2027-08-31,40.67316,-73.99454,pip
MAMAN,MAMAN,MAMAN COBBLE HILL LLC,154 COURT ST,11201,,,0340-22-107980,Restaurant,0340,license,2026-05-07,2026-06-01,2028-05-31,40.68868,-73.99287,geoclient
MARCO POLO RESTAURANT,MARCO POLO RESTAURANT,345 COURT ST CORP,345 COURT STREET,11231,https://www.marcopoloristorante.com/,logos/bc9b58e7ca1b.png,0370-23-127676,Food & Beverage Business,0370,license,2025-09-12,2025-04-01,2027-03-31,40.68227,-73.99593,pip
MARIANNY GROCERY,MARIANNY GROCERY,EPIFANIO SABA,518 3RD AVE,11215,,,0081-22-121306,Grocery Store,0081,license,2025-07-11,2025-07-11,2028-06-30,40.66973,-73.99245,pip
MARIELLA,MARIELLA,LOCANDA MARIELLA CORP,492 6TH AVE,11215,,,0240-22-100727,Restaurant,0240,license,2026-01-09,2025-12-30,2027-11-30,40.66611,-73.98555,pip
MARISCOS EL SUBMARINO,MARISCOS EL SUBMARINO,LOS DE MARISCOS INC.,226 7th Ave,11215,https://www.mariscoselsubmarinonyc.com/,logos/b470eef5336d.png,0340-26-137173,Restaurant,0340,license,2026-03-09,2026-03-09,2028-02-29,40.67016,-73.97883,pip
MARTINEZ GROCERY STORE,MARTINEZ GROCERY STORE,NELSON MARTINEZ TRIUNFEL FRANC,370 COURT STREET,11231,,,0071-23-127096,Grocery Store,0071,license,2026-02-04,2026-02-04,2028-12-31,40.68157,-73.99626,pip
MASALAWALA PS LLC,,MASALAWALA PS LLC,365 5TH AVE,11215,,,0340-22-107778,Restaurant,0340,license,2026-07-31,2026-09-01,2028-08-31,40.67135,-73.98449,pip
Mash Inn,Mash Inn,JM Beer Counter LLC,451 13th St,11215,,,0138-26-145789,Food & Beverage Business,0138,license,2026-06-09,2026-06-09,2029-05-31,40.66322,-73.98098,pip
Max Bet LLC,,Max Bet LLC,317 3rd Ave,11215,,,0370-26-149242,Food & Beverage Business,0370,license,2026-07-20,2026-07-20,2028-06-30,40.67647,-73.98682,pip
MAYA TAQUERIA,MAYA TAQUERIA,JOSEPH FOOD 1 CORP,168 5th Ave,11217,https://www.mayataqueria.com,logos/709ad3ffbfac.png,0240-25-102827,Restaurant,0240,license,2025-07-31,2025-02-12,2027-01-31,40.67758,-73.97965,pip
Mazi,Mazi,826 Ave Corp,82 6th Ave,11217,,,0240-26-149595,Restaurant,0240,license,2026-07-22,2026-07-22,2028-06-30,40.67979,-73.97503,geoclient
MCMAHONS PUBLIC HOUSE,MCMAHONS PUBLIC HOUSE,KAYLEIGH O CONNORS INC,39 5TH AVENUE,11217,,,0423-22-111131,Additional Bar,0423,license,2026-05-01,2026-06-01,2028-05-31,40.68176,-73.97684,pip
MCMAHONS PUBLIC HOUSE,MCMAHONS PUBLIC HOUSE,KAYLEIGH O CONNORS INC,39 5TH AVENUE,11217,,,0370-24-113629,Food & Beverage Business,0370,license,2026-05-01,2026-06-01,2028-05-31,40.68176,-73.97684,pip
MEDUSA GREEK TAVERNA,MEDUSA GREEK TAVERNA,MEDUSA NYC LLC,133 5TH AVE,11217,https://www.medusathegreek.com,logos/9ee1540ffca8.png,0340-21-120248,Restaurant,0340,license,2025-12-10,2026-01-01,2027-12-31,40.67861,-73.97896,pip
MERCADO CENTRAL,MERCADO CENTRAL,BODEGA CENTRAL LLC,354 DEGRAW ST,11231,https://mercadocentralnyc.com,logos/8cecc92e8e10.png,0081-22-120386,Grocery Store,0081,license,2025-10-24,2025-11-01,2028-10-31,40.683,-73.99328,pip
Mercado Central Copa Y Cana,Mercado Central Copa Y Cana,Mercado Central NYC LLC,252 3rd Ave,11215,https://mercadocentralnyc.com,logos/d6d6b29fab48.png,0267-24-133132,Food & Beverage Business,0267,license,2026-08-13,2026-10-01,2028-09-30,40.67821,-73.9855,pip
MET FOOD,MET FOOD,486 HENRY ST SUPERMARKET INC,486 HENRY STREET,11231,,,0081-23-115965,Grocery Store,0081,license,2026-07-22,2026-10-01,2029-09-30,40.68453,-73.99921,pip
METRO PARKSLOPE GOURMET,METRO PARKSLOPE GOURMET,JIMMYS DELI INC I,239 9TH ST,11215,,,0081-21-108802,Grocery Store,0081,license,2024-02-29,2024-03-01,2027-02-28,40.67045,-73.98894,pip
MEX CARROLL'S DINER,MEX CARROLL'S DINER,HAPPY ONE RESTAURANT INC,192 COLUMBIA ST,11231,,,0340-23-136179,Restaurant,0340,license,2025-02-10,2025-03-01,2027-02-28,40.68549,-74.00249,pip
MEXICO AUTENTICO,MEXICO AUTENTICO,NAYBI RESTAURANT CORP,396 6TH AVE,11215,,,0340-23-132100,Restaurant,0340,license,2025-05-23,2025-06-01,2027-05-31,40.66933,-73.98286,pip
MEZCALS,MEZCALS,MEZCALS OF 5TH AVE REST CORP,223 5TH AVENUE,11215,,,0340-22-110920,Restaurant,0340,license,2026-07-31,2026-08-01,2028-07-31,40.67588,-73.9808,pip
MEZCALS,MEZCALS,RIO LUNA CORPORATION,522 COURT STREET,11231,,,0340-23-127457,Restaurant,0340,license,2025-04-24,2025-05-01,2027-04-30,40.67604,-73.99894,pip
MG Deli & Grill Corp,,MG Deli & Grill Corp,230 4th Ave,11215,,,0081-26-148628,Grocery Store,0081,license,2026-07-14,2026-07-14,2029-06-30,40.67719,-73.98328,pip
Miatzil,Miatzil,Limosneros Corp,289 5th Ave,11215,,,0340-24-123716,Restaurant,0340,license,2026-07-17,2026-08-01,2028-07-31,40.67368,-73.98255,pip
MIDORIYA,MIDORIYA,A ONE MART INC,60 5TH AVE,11217,,,0081-23-112351,Grocery Store,0081,license,2026-01-28,2026-03-01,2029-02-28,40.68119,-73.97722,pip
Mighty Quinn's BBQ,Mighty Quinn's BBQ,Gowanus BBQ LLC,433 3rd Ave,11215,,,0240-25-116028,Restaurant,0240,license,2025-07-09,2025-07-09,2027-06-30,40.67236,-73.99027,pip
Mikado,Mikado,Mikado at Park Slope Inc.,293 7th Ave,11215,,,0240-25-116722,Restaurant,0240,license,2025-07-16,2025-07-16,2027-06-30,40.66791,-73.98072,pip
Ming Mun,Ming Mun,SGH Asian Kitchen Inc.,196 Smith St,11201,https://www.mingmun.com,logos/b18daeb77661.png,0240-26-135358,Restaurant,0240,license,2026-02-11,2026-02-11,2028-01-31,40.68502,-73.99163,geoclient
MIRIAM RESTAURANT,MIRIAM RESTAURANT,SAMI AND SUSU FOOD INC,79 5TH AVE,11217,,,0240-23-140915,Restaurant,0240,license,2025-08-28,2025-09-01,2027-08-31,40.68021,-73.97788,pip
MIRROR TEA HOUSE,MIRROR TEA HOUSE,MIRROR IN THE WOODS LLC,575 UNION ST,11215,https://www.mirrorinthewoods.com,logos/7c4395bb3878.png,0267-21-118708,Food & Beverage Business,0267,license,2025-11-12,2025-12-01,2027-11-30,40.67869,-73.98633,pip
Mister Cheeks,Mister Cheeks,Mister Cheeks Court Street LLc,347 Court St,11231,https://www.mistercheeksbk.com,logos/7a69342edf39.png,0240-26-140139,Restaurant,0240,license,2026-04-15,2026-04-15,2028-03-31,40.68221,-73.99596,pip
MITI MITI TAPERIA,MITI MITI TAPERIA,wepa la arepa llc,138 5TH AVE,11217,,,0340-22-113270,Restaurant,0340,license,2025-07-21,2024-12-01,2026-11-30,40.6786,-73.97897,pip
MITSUKI MARKET INC.,,MITSUKI MARKET INC.,80 7th Ave,11217,,,0081-25-125094,Grocery Store,0081,license,2025-10-05,2025-10-05,2028-09-30,40.67495,-73.97513,pip
MOMO RAMEN,MOMO RAMEN,MOMO RAMEN CORP.,78 5TH AVE,11217,,,0240-23-139843,Restaurant,0240,license,2025-01-14,2025-01-14,2026-12-31,40.68056,-73.97764,pip
MONTAUK CLUB,,MONTAUK CLUB,25 8TH AVENUE,11215,,,0349-23-124915,Club,0349,license,2025-02-14,2025-03-01,2027-02-28,40.67297,-73.99239,pip
Monterone,Monterone,"MAAD HOSPITALITY, INC.",48-50 Coffey St,11231,,,0101-26-134271,Off Premises Caterer Establishment,0101,license,2026-01-27,2026-01-27,2027-12-31,40.67472,-74.01191,pip
Mozzlab LLC,,Mozzlab LLC,502 Henry St,11231,https://mozzlab.net,,0267-26-134226,Food & Beverage Business,0267,license,2026-01-26,2026-01-26,2027-12-31,40.68403,-73.99945,pip
MR BEET,MR BEET,ZUNS 193 CORP,193 SMITH ST,11201,,,0081-23-112587,Grocery Store,0081,license,2026-05-28,2026-06-01,2029-05-31,40.68523,-73.99149,geoclient
MR LIME,MR LIME,ZUMY 833 INC,313 7TH AVE,11215,,,0081-21-112814,Grocery Store,0081,license,2024-06-04,2024-06-04,2027-05-31,40.66729,-73.98124,pip
Mr. Wonton Ny Inc,,Mr. Wonton Ny Inc,73 7th Ave,11217,,,0524-26-42136,Temporary retail,0524,temporary,2026-05-05,2026-05-05,2026-11-01,40.67522,-73.97495,pip
Muan Thai,Muan Thai,Barbaco Tio LLC,339A 2nd St,11215,,,0340-25-122708,Restaurant,0340,license,2026-03-24,2025-09-12,2027-08-31,40.67361,-73.9833,pip
MURA SUSHI INC,,MURA SUSHI INC,370 5TH AVE,11215,,,0240-22-100438,Restaurant,0240,license,2024-09-04,2024-10-01,2026-09-30,40.67138,-73.98447,pip
N.28,N.28,TORANO CASTELLO INC,137 7TH AVE,11215,,,0240-23-140755,Restaurant,0240,license,2024-11-25,2024-12-01,2026-11-30,40.6729,-73.97655,pip
NABILA'S,NABILA'S,M&N CATERING LLC,248 COURT ST,11201,,,0267-22-108434,Food & Beverage Business,0267,license,2026-03-02,2026-04-01,2028-03-31,40.68557,-73.99439,pip
NAMASTE,NAMASTE,SK 195 INC,195 5TH AVE,11217,https://namastebk.com/,logos/d609e8fdfc7b.png,0240-22-100954,Restaurant,0240,license,2024-11-19,2024-12-01,2026-11-30,40.67676,-73.98017,pip
NEGRIL BK,NEGRIL BK,COOKS & CAPTAINS LLC,254 258 5TH AVE,11215,,,0340-23-133490,Restaurant,0340,license,2025-02-10,2025-02-10,2027-01-31,40.6749,-73.98154,pip
New 7th Ave Quick Stop,New 7th Ave Quick Stop,Cruz Convenience LLC,335 7th Ave,11215,,,0081-26-143082,Grocery Store,0081,license,2026-05-14,2026-05-14,2029-04-30,40.66667,-73.98176,pip
NEW KIKU INC,,NEW KIKU INC,361 7TH AVE,11215,,,0240-23-140425,Restaurant,0240,license,2025-08-06,2025-10-01,2027-09-30,40.66592,-73.9824,pip
NILI,NILI,360 NIGEL LLC,360 SMITH ST,11231,https://www.nilibk.com,logos/8e46ab39a886.png,0267-22-107956,Food & Beverage Business,0267,license,2025-04-16,2025-04-16,2026-11-30,40.67917,-73.99557,pip
NITEHAWK CINEMA,NITEHAWK CINEMA,NITEHAWK PROSPECT PARK LLC,188 PROSPECT PARK W,11215,https://nitehawkcinema.com/prospectpark/,logos/8f4f3049b858.svg,0423-22-113898,Additional Bar,0423,license,2024-12-03,2024-12-03,2026-11-30,40.66148,-73.97949,geoclient
NITEHAWK CINEMA,NITEHAWK CINEMA,NITEHAWK PROSPECT PARK LLC,188 PROSPECT PARK W,11215,https://nitehawkcinema.com/prospectpark/,logos/8f4f3049b858.svg,0340-22-113897,Restaurant,0340,license,2024-12-03,2024-12-03,2026-11-30,40.66148,-73.97949,geoclient
NOODLE LANE,NOODLE LANE,ANGRY FOODS LLC,230 7TH AVE,11215,https://www.noodlelane.com,logos/9b5919f890dc.png,0240-24-111317,Restaurant,0240,license,2026-03-25,2026-04-01,2028-03-31,40.67,-73.97896,pip
NORTH POLE PUB,NORTH POLE PUB,YNWA CORP,428 BERGEN ST,11217,,,0370-23-137972,Food & Beverage Business,0370,license,2025-07-16,2025-08-01,2027-07-31,40.68161,-73.97735,pip
NRT FOOD CORP,,NRT FOOD CORP,118 KANE STREET,11201,,,0081-21-112063,Grocery Store,0081,license,2024-11-19,2025-01-01,2027-12-31,40.68713,-73.99957,pip
OITA,OITA,BROOKLYN NY FOOD LLC,833 UNION ST,11215,,,0340-24-124104,Restaurant,0340,license,2026-07-17,2026-08-01,2028-07-31,40.67481,-73.97635,pip
OLIVIER RESTAURANT CORP,,OLIVIER RESTAURANT CORP,469 473 4TH AVE,11215,https://olivierbistro.com/,logos/3f58105bf45b.png,0340-22-103094,Restaurant,0340,license,2026-03-16,2026-04-01,2028-03-31,40.6689,-73.98984,pip
OM ORGANIC,OM ORGANIC,414 COURT ST CONVENIENCE INC,414 COURT ST,11231,,,0081-22-126335,Grocery Store,0081,license,2025-12-05,2026-01-01,2028-12-31,40.67996,-73.99704,pip
OMVARA FOODS INC.,,OMVARA FOODS INC.,550 Court St,11231,,,0524-26-48686,Temporary retail,0524,temporary,2026-07-15,2026-07-15,2027-01-11,40.675,-73.99943,pip
ONE MORE CHA <RM>,ONE MORE CHA <RM>,SRUBBDE INC,236 7TH AVE,11215,https://onemorecharm.com,logos/1905828acab6.png,0240-23-140061,Restaurant,0240,license,2025-03-17,2025-04-01,2027-03-31,40.66976,-73.97916,pip
Organic Valley Deli Inc.,,Organic Valley Deli Inc.,400 4th Ave,11215,,,0081-26-132798,Grocery Store,0081,license,2026-01-03,2026-01-03,2028-12-31,40.6721,-73.98734,pip
OSAKA,OSAKA,OSAKA COURT STREET INC,270 COURT ST,11231,https://www.osakany.com,logos/c5c14221b8c2.png,0240-22-101525,Restaurant,0240,license,2026-07-17,2026-09-01,2028-08-31,40.68482,-73.99473,pip
OSTERIA RADISA,OSTERIA RADISA,OSTERIA REGINA LLC,241 Smith St,11231,,,0340-25-117955,Restaurant,0340,license,2025-10-26,2025-07-28,2027-06-30,40.68364,-73.99254,pip
"OTHER HALF BREWING COMPANY, INC.",,"OTHER HALF BREWING COMPANY, INC.",195 CENTRE ST,11231,,,CM-21-00035,Combined Craft Status,CM,license,2021-05-03,2025-05-01,2029-04-30,40.67369,-73.99917,pip
"OTHER HALF BREWING COMPANY, INC.",,"OTHER HALF BREWING COMPANY, INC.",195 CENTRE ST,11231,,,0015-17-104194,Farm Brewer,0015,license,2026-04-23,2026-05-01,2029-04-30,40.67369,-73.99917,pip
"OTHER HALF BREWING COMPANY, INC.",,"OTHER HALF BREWING COMPANY, INC.",195 CENTRE ST,11231,,,0014-17-104429,Micro-Brewer,0014,license,2026-04-23,2026-05-01,2029-04-30,40.67369,-73.99917,pip
"OTHER HALF BREWING COMPANY, INC.",,"OTHER HALF BREWING COMPANY, INC.",195 CENTRE ST,11231,,,0340-21-119011,Restaurant,0340,license,2025-11-13,2025-12-01,2027-11-30,40.67369,-73.99917,pip
OTTAVA,OTTAVA,OLI RESTAURANT INC,"1123 8TH AVE, SPACE A",11215,https://ottavabrooklyn.com,logos/759a0e88c429.png,0370-22-108560,Food & Beverage Business,0370,license,2026-01-12,2026-02-01,2028-01-31,40.66403,-73.98065,pip
OTTAVA,OTTAVA,OLI RESTAURANT INC,"1123 8TH AVE, SPACE A",11215,https://ottavabrooklyn.com,logos/759a0e88c429.png,0340-22-108567,Restaurant,0340,license,2026-01-13,2026-02-01,2028-01-31,40.66403,-73.98065,pip
PADDY'S OF PARK SLOPE,PADDY'S OF PARK SLOPE,1920 RICHMOND BAR INC,273 13TH ST,11215,,,0370-23-159805,Food & Beverage Business,0370,license,2025-10-31,2025-11-01,2027-10-31,40.66657,-73.98793,pip
PALO SANTO INC,,PALO SANTO INC,652 UNION ST,11215,https://www.palosantorestaurant.com,logos/31e1f2989858.png,0240-21-122763,Restaurant,0240,license,2025-11-05,2025-12-01,2027-11-30,40.67694,-73.98185,pip
Pangat,Pangat,Mala Curry Mee Inc.,369 5th Ave,11215,https://www.pangatny.com,logos/4ff67616f263.svg,0240-26-143414,Restaurant,0240,license,2026-05-18,2026-05-18,2028-04-30,40.67126,-73.98457,pip
PANZEROTTI BITES,PANZEROTTI BITES,LATTANZIO & DE RUVO CORP,235 SMITH ST,11231,https://panzerottibites.com,logos/12425c3d219b.png,0240-22-100162,Restaurant,0240,license,2026-07-15,2026-09-01,2028-08-31,40.68379,-73.99244,pip
PARASHADES,PARASHADES,IMMIGRANT SONS FOOD GROUP CORP,241 FLATBUSH AVE,11217,,,0340-23-139025,Restaurant,0340,license,2025-04-11,2025-04-11,2027-03-31,40.68091,-73.97517,geoclient
PARK SLOPE ALE HOUSE,PARK SLOPE ALE HOUSE,ANCHOR MANAGEMENT BROOKLYN LLC,356 6TH AVE,11215,https://www.parkslopealehouse.com,logos/92328780297d.png,0370-24-100666,Food & Beverage Business,0370,license,2025-12-31,2026-01-01,2027-12-31,40.67054,-73.98185,pip
PARK SLOPE DELI FARM,PARK SLOPE DELI FARM,294 KIWI DELI & GROCERY INC,294 7TH AVE,11215,,,0081-22-120243,Grocery Store,0081,license,2025-01-14,2025-03-01,2028-02-29,40.66804,-73.98062,pip
PARK SLOPE FOOD COOP,PARK SLOPE FOOD COOP,"PARK SLOPE FOOD COOP, INC.",782 Union St,11215,https://www.foodcoop.com,logos/cff9d012fb91.png,0071-23-132754,Grocery Store,0071,license,2026-08-15,2026-06-01,2029-05-31,40.67493,-73.97667,pip
PARK SLOPE WINE AND LIQUOR INC,,PARK SLOPE WINE AND LIQUOR INC,539 541 5TH AVE,11215,,,0100-23-126417,Liquor Store,0100,license,2023-09-12,2023-11-01,2026-10-31,40.66598,-73.98896,geoclient
PARKLIFE,PARKLIFE,JUKIMOO LLC,636 DEGRAW ST,11217,,,0340-23-134042,Restaurant,0340,license,2025-06-02,2025-06-02,2027-05-31,40.67894,-73.98282,pip
PARKVIEW MARKET,PARKVIEW MARKET,MM3 LLC,511 9TH ST,11215,,,0081-21-106784,Grocery Store,0081,license,2024-03-18,2024-04-01,2027-03-31,40.66563,-73.97897,pip
PASTA LOUISE RESTAURANT,PASTA LOUISE RESTAURANT,LOUISES KITCHEN LLC,1114 1116 8TH AVE,11215,https://www.pastalouise.com,logos/625fb6b11e0e.png,0340-22-111572,Restaurant,0340,license,2024-09-22,2024-10-01,2026-09-30,40.66408,-73.9806,pip
PASTA LOUISE RESTAURANT LLC,,PASTA LOUISE RESTAURANT LLC,803 8TH AVE,11215,https://www.pastalouise.com,logos/6e0dacc1c8b8.png,0267-22-112747,Food & Beverage Business,0267,license,2026-06-29,2026-07-01,2028-06-30,40.6662,-73.97885,pip
PATSY'S PIZZERIA,PATSY'S PIZZERIA,BAM HOSPITALITY LLC,450 DEAN ST,11217,https://patsyspizza.nyc,,0340-23-132283,Restaurant,0340,license,2025-08-26,2025-09-01,2027-08-31,40.68193,-73.97614,pip
PEARL STREET CAVIAR,PEARL STREET CAVIAR,SALT AND SEA PARTNERS LLC,77 Commerce St,11231,,,0370-24-135357,Food & Beverage Business,0370,license,2024-11-06,2024-11-06,2026-10-31,40.68074,-74.0081,pip
Peppas Park Slope LTD,,Peppas Park Slope LTD,383 5th Ave,11215,,,0524-26-49524,Temporary retail,0524,temporary,2026-07-22,2026-07-22,2027-01-18,40.67088,-73.98489,pip
PEPPINO'S,PEPPINO'S,GRV 469 5TH AVE CORP,469 5TH AVE,11215,,,0240-23-140647,Restaurant,0240,license,2025-05-20,2025-06-01,2027-05-31,40.66825,-73.98706,pip
Petit Crevette Inc,,Petit Crevette Inc,144 Union St,11231,,,0240-26-138593,Restaurant,0240,license,2026-03-26,2026-03-26,2028-02-29,40.68404,-74.00177,pip
PETITE DUMPLING,PETITE DUMPLING,DIMSUM 276 INC,276 5TH AVE,11215,https://www.petitedumpling.com,logos/d1ea7c94a038.png,0240-22-100569,Restaurant,0240,license,2024-09-04,2024-10-01,2026-09-30,40.67431,-73.98202,pip
Phobar,Phobar,Luc Luck Inc,80 6th Ave,11217,http://phobar.com/,logos/f671daba8252.png,0240-25-109845,Restaurant,0240,license,2025-05-09,2025-05-09,2027-04-30,40.67999,-73.9749,geoclient
PICCOLI TRATTORIA,PICCOLI TRATTORIA,PICCOLION6TH CORP,522 6TH AVE,11215,https://www.piccoliny.com,logos/3fa3384bec8c.png,0240-22-100218,Restaurant,0240,license,2025-10-22,2025-01-01,2026-12-31,40.66512,-73.98638,pip
Pies 'N' Thighs,Pies 'N' Thighs,Pies 'N' Thighs Prospect Heights LLC,244 Flatbush Ave,11217,https://piesnthighs.com/piesnthighsparkslope,,0340-26-146943,Restaurant,0340,license,2026-06-24,2026-06-24,2028-05-31,40.67974,-73.97433,geoclient
PINO'S LA FORCHETTA,PINO'S LA FORCHETTA,PINO'S LA FORCHETTA INC,181 7TH AVENUE,11215,https://pinoslaforchettapizzerianyc.com/,,0240-23-140876,Restaurant,0240,license,2025-01-23,2025-02-01,2027-01-31,40.67138,-73.97782,pip
Pitt's,Pitt's,Pitt's Red Hook LLC,347 Van Brunt St,11231,,,0340-25-111288,Restaurant,0340,license,2025-05-23,2025-05-23,2027-04-30,40.67724,-74.01299,pip
PIZZA PLUS BOWLAPASTA BROS INC,,PIZZA PLUS BOWLAPASTA BROS INC,359 7TH AVENUE,11215,,,0240-23-141892,Restaurant,0240,license,2025-06-05,2025-07-01,2027-06-30,40.66597,-73.98236,pip
PIZZA SECRET,PIZZA SECRET,MADE IN SUD RESTAURANT INC,72 5TH AVE,11217,,,0340-22-109227,Restaurant,0340,license,2026-08-31,2026-09-01,2028-08-31,40.68074,-73.97752,pip
PIZZA TOWN INC,,PIZZA TOWN INC,85 5TH AVENUE,11217,,,0240-23-141902,Restaurant,0240,license,2025-07-22,2025-08-01,2027-07-31,40.68006,-73.97798,pip
PKLYN One LLC,,PKLYN One LLC,80 4th St,11231,,,0370-25-104223,Food & Beverage Business,0370,license,2025-03-05,2025-03-05,2027-02-28,40.67676,-73.99322,pip
PLANTED BROOKLYN LLC,,PLANTED BROOKLYN LLC,333 SMITH ST,11231,,,0267-23-138836,Food & Beverage Business,0267,license,2025-08-26,2025-09-01,2027-08-31,40.68058,-73.99463,pip
Pony's NYC,Pony's NYC,Five Seats Presents LLC,424 Van Brunt Street,11231,,,0370-26-150298,Food & Beverage Business,0370,license,2026-07-29,2026-07-29,2028-06-30,40.67565,-74.01489,pip
POPINA,POPINA,POPINA NYC LLC,127 COLUMBIA ST,11231,https://www.popinanyc.com,logos/308ac855abbe.png,0340-23-137494,Restaurant,0340,license,2025-07-23,2025-08-01,2027-07-31,40.68738,-74.00159,pip
POPPY'S,POPPY'S,POPPY'S CATERING & EVENTS LLC,243 DEGRAW ST,11231,,,0267-23-130396,Food & Beverage Business,0267,license,2025-07-08,2025-08-01,2027-07-31,40.6842,-73.99686,pip
PORTAL LATINO RESTAURANT INC,,PORTAL LATINO RESTAURANT INC,217 SMITH ST,11201,,,0240-22-101747,Restaurant,0240,license,2026-03-25,2026-04-01,2028-03-31,40.68443,-73.99201,pip
POST 1636 AMERICAN LEGION,POST 1636 AMERICAN LEGION,MICHAEL A RAWLEY JR,193 9TH STREET,11215,,,0349-23-124799,Club,0349,license,2025-02-19,2025-03-01,2027-02-28,40.67126,-73.99063,pip
Prem Thai Restaurant and Noodle Bar,Prem Thai Restaurant and Noodle Bar,Supsomboon Corporation,295 5th Ave,11215,,,0340-24-140401,Restaurant,0340,license,2024-12-31,2024-12-31,2026-11-30,40.67356,-73.98265,pip
PRESIDENT FOOD CORP,,PRESIDENT FOOD CORP,247 249 COLUMBIA STREET,11231,,,0081-22-128443,Grocery Store,0081,license,2025-09-03,2025-09-03,2028-08-31,40.68356,-74.00339,pip
PRIMETIME LIQUORS CORP,,PRIMETIME LIQUORS CORP,430 5TH AVE,11215,,,0100-23-124261,Liquor Store,0100,license,2025-03-14,2025-04-01,2028-03-31,40.6696,-73.98594,pip
Prince ST. Pizza,Prince ST. Pizza,Prince ST Pizza Express LLC,271 Smith St,11231,,,0524-26-43190,Temporary retail,0524,temporary,2026-05-15,2026-05-15,2026-11-11,40.68267,-73.99321,pip
PRINCESS PIZZA & RESTAURANT,PRINCESS PIZZA & RESTAURANT,NELSON A GARCIA,535 5TH AVE,11215,,,0240-21-122027,Restaurant,0240,license,2025-11-10,2025-11-01,2027-10-31,40.66607,-73.98888,pip
PROSPECT,PROSPECT,JB GRIFFIN INC,545 5TH AVE,11215,,,0340-22-106630,Restaurant,0340,license,2026-05-11,2026-06-01,2028-05-31,40.66584,-73.98908,geoclient
PROSPECT WINE SHOP LTD THE,,PROSPECT WINE SHOP LTD THE,322 7TH AVE,11215,,,0100-21-114713,Liquor Store,0100,license,2024-02-20,2024-03-01,2027-02-28,40.66723,-73.98129,pip
PROVINI,PROVINI,JUICE PRODUCTIONS INC,1302 8TH AVENUE,11215,,,0240-23-141593,Restaurant,0240,license,2025-06-12,2025-07-01,2027-06-30,40.66326,-73.98129,pip
psta.New York,psta.New York,PSTA Corp,210 Flatbush Ave,11217,https://pstanyc.com,logos/0883e51e67f7.png,0240-26-143091,Restaurant,0240,license,2026-05-14,2026-05-14,2028-04-30,40.68131,-73.97546,geoclient
PUBLIC DISPLAY OF AFFECTION,PUBLIC DISPLAY OF AFFECTION,AWKWARD RESCUE LLC,669 UNION ST,11219,,,0340-22-112861,Restaurant,0340,license,2024-11-12,2024-11-12,2026-11-30,40.67728,-73.98273,pip
PUBLIC RECORDS,PUBLIC RECORDS,SPEAKMANS GOWANUS LLC,233 BUTLER ST,11217,https://publicrecords.nyc,logos/334253e4fb90.png,0423-23-135733,Additional Bar,0423,license,2025-03-06,2025-04-01,2027-03-31,40.68197,-73.98653,pip
PUBLIC RECORDS,PUBLIC RECORDS,SPEAKMANS GOWANUS LLC,233 BUTLER ST,11217,https://publicrecords.nyc,logos/334253e4fb90.png,0423-23-130212,Additional Bar,0423,license,2025-03-06,2025-04-01,2027-03-31,40.68197,-73.98653,pip
PUBLIC RECORDS,PUBLIC RECORDS,SPEAKMANS GOWANUS LLC,233 BUTLER ST,11217,https://publicrecords.nyc,logos/334253e4fb90.png,0370-23-130211,Food & Beverage Business,0370,license,2025-03-06,2025-04-01,2027-03-31,40.68197,-73.98653,pip
PUNTA CANA RESTAURANT BAR,PUNTA CANA RESTAURANT BAR,NESSA 50 CORP,50 5TH AVE,11217,,,0340-22-106140,Restaurant,0340,license,2026-04-27,2026-06-01,2028-05-31,40.68157,-73.97697,pip
PUREPECHA MEXICAN RESTAURANT,PUREPECHA MEXICAN RESTAURANT,ARLO & SANTIAGO INC,213 SMITH ST,11201,,,0340-22-108922,Restaurant,0340,license,2026-04-30,2026-05-01,2028-04-30,40.68457,-73.99192,pip
"PURSLANE 233, LLC",,"PURSLANE 233, LLC",233 BUTLER ST GROUND FL - EAST,11217,,,0346-22-116343,Catering Establishment,0346,license,2026-07-24,2026-08-01,2028-07-31,40.68197,-73.98653,pip
QIAO FENG DELI INC,,QIAO FENG DELI INC,353 SMITH ST,11231,,,0081-23-121933,Grocery Store,0081,license,2026-07-14,2026-10-01,2029-09-30,40.67985,-73.99511,pip
"QUEUE BEER BAR INC, THE",,"QUEUE BEER BAR INC, THE",500 SMITH ST,11231,,,0340-24-134743,Restaurant,0340,license,2024-11-01,2024-11-01,2026-11-30,40.67403,-73.99812,pip
R & G GROUP INC,,R & G GROUP INC,208 COLUMBIA ST,11231,,,0340-22-103931,Restaurant,0340,license,2026-08-25,2026-10-01,2028-09-30,40.68491,-74.00274,pip
RAMEN DANBO,RAMEN DANBO,HEART CONNECTION USA INC,52 7TH AVE,11217,,,0240-23-142016,Restaurant,0240,license,2025-01-21,2025-02-01,2027-01-31,40.67606,-73.97438,pip
RANA FIFTEEN,RANA FIFTEEN,RANAFIFTEEN ONE INC,209 4TH AVE,11217,,,0340-23-138511,Restaurant,0340,license,2025-04-24,2025-05-01,2027-04-30,40.67757,-73.98285,pip
Red Hook Distillery LLC,,Red Hook Distillery LLC,185 Van Dyke St,11231,,,0370-25-122879-01,Additional Bar,0423,license,2025-09-15,2025-09-15,2027-08-31,40.67711,-74.01877,geoclient
Red Hook Distillery LLC,,Red Hook Distillery LLC,185 Van Dyke St,11231,,,0370-25-122879,Food & Beverage Business,0370,license,2025-09-15,2025-09-15,2027-08-31,40.67711,-74.01877,geoclient
RED HOOK LOBSTER POUND,RED HOOK LOBSTER POUND,RHLP 284 LLC,284 VAN BRUNT ST,11231,,,0340-23-135214,Restaurant,0340,license,2025-04-28,2025-04-01,2027-03-31,40.67969,-74.01014,pip
RED HOOK TAVERN,RED HOOK TAVERN,RED HOOK TAVERN LLC,327-329 VAN BRUNT ST,11231,,,0340-23-129158,Restaurant,0340,license,2026-04-24,2025-07-01,2027-06-30,40.678,-74.01212,pip
RED HOOK TAVERN,RED HOOK TAVERN,RED HOOK TAVERN LLC,329 VAN BRUNT ST,11231,,,0340-23-129158-01,Additional Bar,0423,license,2026-04-03,2025-07-01,2027-06-30,40.67795,-74.01218,pip
RED HOOK WINERY,RED HOOK WINERY,THE RED HOOK WINERY LLC,204 VAN DYKE ST SUITE 325A,11231,,,0031-22-103903,Winery,0031,license,2025-08-20,2025-09-01,2028-08-31,40.67751,-74.01742,pip
RICE & BEANS NEW YORK LLC,,RICE & BEANS NEW YORK LLC,234 4TH AVE,11215,,,0240-21-123361,Restaurant,0240,license,2025-11-20,2025-11-20,2027-10-31,40.67698,-73.98342,pip
RKH 142 Inc.,,RKH 142 Inc.,142 Carroll St,11231,,,0524-26-51716,Temporary retail,0524,temporary,2026-08-17,2026-08-17,2027-02-13,40.68207,-74.00025,pip
ROMA PIZZA AND RESTAURANT,ROMA PIZZA AND RESTAURANT,ROMA PIZZA OF PARK SLOPE INC,85 7TH AVE,11217,,,0240-22-102556,Restaurant,0240,license,2026-06-30,2026-07-01,2028-06-30,40.6747,-73.97529,pip
ROYAL DELI,ROYAL DELI,ZAID OMAR SARSOUR,1419 8TH AVE,11215,,,0081-20-109914,Grocery Store,0081,license,2023-11-29,2023-11-29,2026-11-30,40.66231,-73.98208,geoclient
"ROYAL PALMS SHUFFLEBOARD CLUB LLC, THE",,"ROYAL PALMS SHUFFLEBOARD CLUB LLC, THE",514 UNION ST,11215,,,0370-22-103344,Food & Beverage Business,0370,license,2026-01-13,2026-02-01,2028-01-31,40.67885,-73.98675,pip
RUA,RUA,ROUY SABAI INC,204 SMITH STREET,11201,,,0340-24-100311,Restaurant,0340,license,2025-12-03,2026-01-01,2027-12-31,40.68467,-73.99186,pip
RUBENS LIQUORS INC,,RUBENS LIQUORS INC,241 COURT STREET,11201,,,0100-22-118213,Liquor Store,0100,license,2025-02-10,2025-03-01,2028-02-29,40.68589,-73.99424,pip
RUNNER & STONE,RUNNER & STONE,I'LL HAVE COFFEE LLC,285 3RD AVE,11215,,,0340-22-103406,Restaurant,0340,license,2024-11-05,2024-12-01,2026-11-30,40.67729,-73.98613,pip
SAINT JULIVERT FISHERIE,SAINT JULIVERT FISHERIE,TEKOA LLC,264 CLINTON ST,11201,,,0340-22-104413,Restaurant,0340,license,2026-01-23,2026-03-01,2028-02-29,40.68784,-73.99554,pip
SAN PEDRO,SAN PEDRO,320 VAN BRUNT RESTAURANT LLC,320 VAN BRUNT ST,11231,,,0340-23-137464,Restaurant,0340,license,2025-01-08,2025-02-01,2027-01-31,40.679,-74.01094,pip
SANDWICH FACTORY,SANDWICH FACTORY,DEVPOOJA DELI GROCERY INC,336 BUTLER ST,11217,,,0081-22-122878,Grocery Store,0081,license,2025-10-05,2025-11-01,2028-10-31,40.68006,-73.98166,pip
Saturn Road LLC,,Saturn Road LLC,276 Court St,11231,,,0267-25-107856,Food & Beverage Business,0267,license,2025-04-22,2025-04-22,2027-03-31,40.68468,-73.9948,pip
SAVELLI INC,,SAVELLI INC,195 SMITH ST,11201,,,0340-22-114086,Restaurant,0340,license,2026-02-09,2026-02-09,2028-01-31,40.68516,-73.99153,geoclient
Sawa,Sawa,Levantine Brooklyn LLC,75 & 75A 5th Ave,11217,,,0340-24-124837,Restaurant,0340,license,2026-07-15,2026-08-01,2028-07-31,40.68049,-73.97769,pip
SCOTTADITO,SCOTTADITO,MADMCW CORP,788A UNION ST,11215,,,0340-22-103763,Restaurant,0340,license,2026-03-06,2026-04-01,2028-03-31,40.67484,-73.97643,pip
SCOTTO'S WINE CELLAR,SCOTTO'S WINE CELLAR,SCOTTO'S THE WINE SHOPPE INC,318 COURT STREET,11231,,,0100-21-114426,Liquor Store,0100,license,2024-02-16,2024-03-01,2027-02-28,40.6833,-73.99543,pip
SEABORNE,SEABORNE,VB 228 LLC,228 VAN BRUNT ST,11231,,,0370-21-120409,Food & Beverage Business,0370,license,2026-02-04,2026-02-04,2027-11-30,40.68096,-74.00863,pip
SEVEN HILLS HOSPITALITY LLC,,SEVEN HILLS HOSPITALITY LLC,153 Columbia Street,11231,,,0100-25-120174,Liquor Store,0100,license,2025-08-19,2025-08-19,2028-07-31,40.68671,-74.00192,pip
SHAKE SHACK FLATBUSH BROOKLYN LLC,,SHAKE SHACK FLATBUSH BROOKLYN LLC,170 FLATBUSH AVE,11217,,,0240-22-102669,Restaurant,0240,license,2025-09-26,2024-10-01,2026-09-30,40.68275,-73.97651,geoclient
SHAKING CRAB,SHAKING CRAB,SC BROOKLYN LLC,230 5TH AVE,11215,,,0340-21-119691,Restaurant,0340,license,2025-12-31,2025-12-31,2027-11-30,40.67567,-73.98095,pip
SHAN,SHAN,PEERLESS SZECHUAN INC,191 SMITH ST,11201,,,0340-22-107915,Restaurant,0340,license,2026-06-03,2026-08-01,2028-07-31,40.68529,-73.99145,geoclient
SHAPESHIFTER LAB,SHAPESHIFTER LAB,SSP HOLDINGS LLC,837 839 UNION ST,11215,,,0370-23-138924,Food & Beverage Business,0370,license,2025-07-31,2025-08-01,2027-07-31,40.67468,-73.97602,pip
Shawn Fine Wine & Spirits,Shawn Fine Wine & Spirits,SHAWN LIQUORS INC,141 7TH AVENUE,11215,,,0100-23-124448,Liquor Store,0100,license,2026-07-23,2026-03-01,2029-02-28,40.67281,-73.97662,pip
SHIPWRECKED MINIATURE GOLF,SHIPWRECKED MINIATURE GOLF,SHIPWRECKED BROOKLYN LLC,619 COURT ST,11231,,,0267-23-134077,Food & Beverage Business,0267,license,2025-03-18,2025-04-01,2027-03-31,40.67115,-74.00127,pip
SIEMPRE,SIEMPRE,EL POLLITO MEX INC,255 3RD AVE,11215,,,0340-23-127982,Restaurant,0340,license,2025-08-13,2025-08-13,2027-07-31,40.67815,-73.98555,pip
Simple Brewing Company LLC,,Simple Brewing Company LLC,574A President St,11215,,,0015-25-116000,Farm Brewer,0015,license,2026-07-22,2026-07-22,2027-06-30,40.67698,-73.98402,pip
Simple Brewing Company LLC,,Simple Brewing Company LLC,373 Union St,11231,,,0512-26-49414,Manufacturer's Temporary,0512,temporary,2026-07-21,2026-07-21,2027-01-17,40.68135,-73.99319,pip
SIMPLE LOAF BAKEHOUSE,SIMPLE LOAF BAKEHOUSE,SIMPLE LOAF BAKEHOUSE LLC,310 5TH AVE,11215,,,0240-23-139566,Restaurant,0240,license,2024-12-20,2025-01-01,2026-12-31,40.67322,-73.98293,pip
SIMPLY GREEK,SIMPLY GREEK,242 5TH AVE CHEF CORP,242 5TH AVE,11215,,,0340-22-112249,Restaurant,0340,license,2024-11-08,2024-11-08,2026-10-31,40.67543,-73.98113,pip
Sip Wines & Spirits of BK Inc.,,Sip Wines & Spirits of BK Inc.,67 5th Ave,11217,,,0100-26-143387,Liquor Store,0100,license,2026-05-18,2026-05-18,2029-04-30,40.68067,-73.97757,pip
"SIXPOINT CRAFT ALES,SIXPOINT BREWERY","SIXPOINT CRAFT ALES,SIXPOINT BREWERY",MAD SCIENTIST BREWING PARTNERS LLC,40 VAN DYKE ST,11231,,,CM-21-00062,Combined Craft Status,CM,license,2021-10-29,2024-11-01,2027-10-31,40.67386,-74.01206,pip
"SIXPOINT CRAFT ALES,SIXPOINT BREWERY","SIXPOINT CRAFT ALES,SIXPOINT BREWERY",MAD SCIENTIST BREWING PARTNERS LLC,40 VAN DYKE ST,11231,,,0015-21-106689,Farm Brewer,0015,license,2025-08-04,2025-08-04,2027-10-31,40.67386,-74.01206,pip
"SIXPOINT CRAFT ALES,SIXPOINT BREWERY","SIXPOINT CRAFT ALES,SIXPOINT BREWERY",MAD SCIENTIST BREWING PARTNERS LLC,40 VAN DYKE ST,11231,,,0014-20-103899,Micro-Brewer,0014,license,2024-10-25,2024-11-01,2027-10-31,40.67386,-74.01206,pip
SLOPE CELLARS INC,,SLOPE CELLARS INC,436 7TH AVENUE,11215,,,0100-21-115252,Liquor Store,0100,license,2025-09-02,2024-05-01,2027-04-30,40.66347,-73.98442,geoclient
Slope Wine & Spirits Corp,,Slope Wine & Spirits Corp,88 7th Ave,11217,,,0524-26-50366,Temporary retail,0524,temporary,2026-07-30,2026-07-30,2027-01-26,40.67477,-73.97525,pip
SMITH & VINE LLC,,SMITH & VINE LLC,317 SMITH ST,11231,,,0100-22-116114,Liquor Store,0100,license,2025-04-09,2025-05-01,2028-04-30,40.68121,-73.99421,pip
SMITH STREET GROCERY & CONVENIENCE,SMITH STREET GROCERY & CONVENIENCE,VINAYAK GROCERY INC,365 SMITH STREET,11231,,,0081-22-130939,Grocery Store,0081,license,2025-10-30,2025-11-01,2028-10-31,40.67931,-73.99547,pip
SMITH UNION MARKET,SMITH UNION MARKET,SMITH UNION MEAT MARKET INC,353 UNION STREET,11231,,,0071-22-107055,Grocery Store,0071,license,2025-05-08,2025-07-01,2028-06-30,40.68168,-73.99404,pip
SMITH'S TAVERN,SMITH'S TAVERN,SMITH'S TAVERN LLC,440 5TH AVENUE,11215,,,0370-24-120961,Food & Beverage Business,0370,license,2026-07-17,2026-08-01,2028-07-31,40.66941,-73.9861,pip
SMORGASBURG EVENTS LLC,,SMORGASBURG EVENTS LLC,141 PROSPECT PARK WEST,11215,,,0410-23-139563,Summer Athletic/Sporting Event/Expositions/Large Gathering Venue,0410,license,2026-06-03,2026-06-03,2026-11-30,40.66473,-73.97678,geoclient
SOBOKU,SOBOKU,YUTAKANA LLC,276 SMITH ST,11231,,,0240-23-139626,Restaurant,0240,license,2025-05-15,2025-06-01,2027-05-31,40.68247,-73.99336,pip
SOCIALE LLC,,SOCIALE LLC,320 COURT ST,11231,,,0340-23-136797,Restaurant,0340,license,2025-07-11,2025-08-01,2027-07-31,40.68318,-73.99549,pip
SOTO VOCE,SOTO VOCE,TAURASI INC,453 4TH ST AKA 225 7TH AVE,11215,,,0340-22-110969,Restaurant,0340,license,2025-09-26,2025-01-03,2026-12-31,40.67,-73.97896,pip
SOUTH SLOPE RESTAURANT & BAR,SOUTH SLOPE RESTAURANT & BAR,GREEN KITCHEN PARK SLOPE LLC,486 5TH AVE,11215,,,0340-23-133029,Restaurant,0340,license,2025-05-06,2025-05-06,2027-04-30,40.66775,-73.98748,pip
SPAGHETTI WESTERN IMPORTS LLC,,SPAGHETTI WESTERN IMPORTS LLC,56 2ND AVE,11215,,,0011-22-117248,Importer,0011,license,2025-04-29,2025-05-01,2028-04-30,40.6732,-73.99287,pip
SRB BROOKLYN LLC,,SRB BROOKLYN LLC,177 2ND AVE,11215,,,0340-22-113849,Restaurant,0340,license,2025-04-10,2025-04-10,2027-03-31,40.66973,-73.99578,pip
ST GABRIEL REST INC,,ST GABRIEL REST INC,242 COURT ST,11201,,,0340-22-114512,Restaurant,0340,license,2026-04-26,2026-06-01,2028-05-31,40.68577,-73.9943,pip
Star 6 Ave Deli grocery Inc,,Star 6 Ave Deli grocery Inc,133 6th Ave,11217,,,0071-24-127697,Grocery Store,0071,license,2024-09-09,2024-09-09,2027-08-31,40.67818,-73.9761,pip
STELLA'S,STELLA'S,ALEX & ARI INC,321 9TH ST,11215,,,0340-23-135601,Restaurant,0340,license,2025-02-28,2025-03-01,2027-02-28,40.66894,-73.98578,pip
STERLING GRAPES & GRAINS,STERLING GRAPES & GRAINS,JF1688 INC,115 5TH AVE,11217,,,0100-23-123805,Liquor Store,0100,license,2026-04-22,2026-05-01,2029-04-30,40.67919,-73.9786,pip
Still Life,Still Life,"STILL LIFE SACKETT, LLC",573 Sackett St,11217,,,0524-26-45867,Temporary retail,0524,temporary,2026-06-10,2026-06-10,2026-12-07,40.67912,-73.98542,pip
STONE PARK CAFE,STONE PARK CAFE,STONE PARK CORNER LLC,324 5TH AVENUE,11215,,,0340-22-106807,Restaurant,0340,license,2026-08-21,2026-09-01,2028-08-31,40.67291,-73.9832,pip
STOP 1 SUPERMARKET,STOP 1 SUPERMARKET,RAHMAH INC,368 VAN BRUNT ST,11231,,,0081-22-120289,Grocery Store,0081,license,2025-02-20,2025-04-01,2028-03-31,40.67741,-74.0128,pip
STORE 14312,STORE 14312,DUANE READE INC,296 FLATBUSH AVE,11217,,,0082-22-102393,Drug Store,0082,license,2025-09-29,2025-10-01,2028-09-30,40.67804,-73.97309,geoclient
STRONG ROPE BREWERY,STRONG ROPE BREWERY,STRONG ROPE BREWERY LLC,"185 Van Dyke St, Suites 114 - 118",11231,https://www.strongropebrewery.com,logos/7bfbfcea4d72.png,0015-22-123877,Farm Brewer,0015,license,2026-02-12,2025-11-01,2026-10-31,40.67711,-74.01877,geoclient
SUNNY'S BAR LTD,,SUNNY'S BAR LTD,253 CONOVER ST,11231,,,0370-24-104381,Food & Beverage Business,0370,license,2026-02-06,2026-03-01,2028-02-29,40.67575,-74.017,pip
SUNRISE OPTIMO,SUNRISE OPTIMO,COURT STREET CORNER SHOP INC,304 COURT ST,11231,,,0081-20-109781,Grocery Store,0081,license,2023-11-01,2023-11-01,2026-10-31,40.68384,-73.99518,pip
SURFISH BISTRO II INC,,SURFISH BISTRO II INC,550 3RD AVE,11215,,,0340-21-121027,Restaurant,0340,license,2025-10-02,2025-11-01,2027-10-31,40.66855,-73.99344,pip
SUSHI KATSUEI INC,,SUSHI KATSUEI INC,210 7TH AVE,11215,,,0240-22-101070,Restaurant,0240,license,2025-12-17,2026-02-01,2028-01-31,40.67068,-73.9784,pip
SWOONY'S,SWOONY'S,COLUMBIA STREET BAR LLC,215 Columbia St,11231,,,0340-24-105232,Restaurant,0340,license,2026-01-30,2026-02-01,2028-01-31,40.68475,-74.00282,pip
SZECHUAN DELIGHT,SZECHUAN DELIGHT,DELIGHT 152 INC,152 7TH AVE,11215,,,0240-23-139744,Restaurant,0240,license,2025-08-01,2025-09-01,2027-08-31,40.67246,-73.97691,pip
TACOS NUEVO MEXICO RESTAURANT,TACOS NUEVO MEXICO RESTAURANT,NUEVO MEXICO INC,489 491 5TH AVENUE,11215,,,0370-24-110938,Food & Beverage Business,0370,license,2026-05-09,2026-05-01,2028-04-30,40.66755,-73.98764,pip
TAVA TURKISH & MEDITERRANEAN CUISINE,TAVA TURKISH & MEDITERRANEAN CUISINE,LACIVERT LLC,318 5TH AVE,11215,,,0340-22-108509,Restaurant,0340,license,2026-06-12,2026-09-01,2028-08-31,40.67305,-73.98308,pip
TEN ICHI RAMEN,TEN ICHI RAMEN,CAI BROTHERS INC,382 7TH AVE,11215,,,0240-23-163072,Restaurant,0240,license,2025-10-31,2025-12-01,2027-11-30,40.66534,-73.98287,pip
TEN JAPANESE CUISINE CORP,,TEN JAPANESE CUISINE CORP,440 7TH AVE,11215,,,0340-22-103183,Restaurant,0340,license,2026-04-24,2026-07-01,2028-06-30,40.66336,-73.98451,geoclient
TENDER LOVIN CHICKEN,TENDER LOVIN CHICKEN,CALEXICO 278B LLC,278B 5TH AVE,11215,,,0340-22-104532,Restaurant,0340,license,2024-09-13,2024-10-01,2026-09-30,40.67425,-73.98208,pip
Tera Mera,Tera Mera,Taza Mkt LLC,272 Court St,11231,,,0240-26-134106,Restaurant,0240,license,2026-01-23,2026-01-23,2027-12-31,40.68477,-73.99476,pip
TERRACE RESTAURANT AND BAKERY CORP,,TERRACE RESTAURANT AND BAKERY CORP,280 5TH AVE,11215,,,0340-23-138664,Restaurant,0340,license,2025-03-24,2025-04-01,2027-03-31,40.67416,-73.98215,pip
TERRE PASTA E VINO,TERRE PASTA E VINO,DESTINAZIONE NATURALE CORP,341 5TH AVE,11215,,,0240-23-140837,Restaurant,0240,license,2025-06-03,2025-07-01,2027-06-30,40.67205,-73.98391,pip
THAISM,THAISM,THAI GOLDEN HOUSE INC,278 SMITH ST,11231,https://www.thaismnyc.com/,logos/5e7ee7f644e3.png,0340-23-137918,Restaurant,0340,license,2025-06-03,2025-06-03,2027-05-31,40.68242,-73.99339,pip
THE ARMORY,THE ARMORY,DDC & SYKES LLC,149 4TH AVE,11217,,,0370-24-130728,Food & Beverage Business,0370,license,2024-09-30,2024-10-01,2026-09-30,40.67939,-73.98162,pip
THE BAD WIFE,THE BAD WIFE,"BAD WIFE INC, THE",378 7TH AVENUE,11215,,,0071-22-107304,Grocery Store,0071,license,2025-04-09,2025-05-01,2028-04-30,40.66542,-73.98281,pip
The Bar,The Bar,Center Row LLC,286 3rd Ave,11215,,,0370-24-121694,Food & Beverage Business,0370,license,2026-06-26,2026-07-01,2028-06-30,40.6773,-73.98613,pip
THE BEER GARAGE,THE BEER GARAGE,"BEER GARAGE LLC, THE",412 DOUGLASS ST,11217,,,0370-23-136566,Food & Beverage Business,0370,license,2025-07-29,2025-06-01,2027-05-31,40.67839,-73.97937,pip
The Bell House,The Bell House,DLS EVENTS LLC,149 7th St,11215,https://www.thebellhouseny.com,logos/5b242f133279.png,0370-24-137182,Food & Beverage Business,0370,license,2024-11-25,2024-11-25,2026-10-31,40.67354,-73.99183,pip
THE BOIL,THE BOIL,"BOIL CORP, THE",242 FLATBUSH AVE,11217,,,0340-22-108096,Restaurant,0340,license,2026-06-06,2026-07-01,2028-06-30,40.68031,-73.97472,geoclient
THE CHOCOLATE ROOM,THE CHOCOLATE ROOM,"CHOCOLATE ROOM TWO INC, THE",269 COURT ST,11231,,,0240-21-122929,Restaurant,0240,license,2025-10-28,2025-11-01,2027-10-31,40.68485,-73.99472,pip
THE COMMISSIONER TAVERN,THE COMMISSIONER TAVERN,SYNTHETIC BARLOGICS LLC,247 5TH AVE,11215,,,0340-23-135621,Restaurant,0340,license,2025-04-18,2025-05-01,2027-04-30,40.67493,-73.98151,pip
THE COMMON,THE COMMON,COMMON 4TH AVE INC,548 4TH AVE,11215,,,0240-24-108676,Restaurant,0240,license,2026-02-13,2026-04-01,2028-03-31,40.66687,-73.99169,geoclient
THE DRAM SHOP,THE DRAM SHOP,LS TAVERN INC,339 9TH ST,11215,,,0340-21-118335,Restaurant,0340,license,2025-11-27,2025-12-01,2027-11-30,40.66866,-73.98522,pip
THE GATE,THE GATE,"SLOPE LLC,THE",321 5TH AVENUE,11234,https://thegatebrooklyn.getbento.com,logos/68f921cb7aee.png,0370-24-125915,Food & Beverage Business,0370,license,2026-08-05,2026-09-01,2028-08-31,40.67265,-73.98342,pip
The Good Fork Pub,The Good Fork Pub,Muddy Duck LLC,391 393 Van Brunt St,11231,,,0340-25-108136,Restaurant,0340,license,2025-04-24,2025-04-24,2027-03-31,40.67602,-74.01445,pip
THE HAMILTON,THE HAMILTON,HAMILTON BK LLC THE AND RED HOOK EVENTS LLC,120 HAMILTON AVE,11231,,,0346-23-123672-01,Additional Bar,0423,license,2025-06-23,2025-06-01,2027-05-31,40.68225,-74.00634,pip
THE HAMILTON,THE HAMILTON,HAMILTON BK LLC THE AND RED HOOK EVENTS LLC,120 HAMILTON AVE,11231,,,0346-23-123672,Catering Establishment,0346,license,2025-06-23,2025-06-01,2027-05-31,40.68225,-74.00634,pip
THE HOP SHOP,THE HOP SHOP,IMFENE LLC,121 COLUMBIA ST,11231,,,0370-23-139222,Food & Beverage Business,0370,license,2025-04-08,2025-05-01,2027-04-30,40.68754,-74.00151,pip
The Lay Up Bar,The Lay Up Bar,The LayUp LLC,47 5th Ave,11217,,,0524-26-45895,Temporary retail,0524,temporary,2026-06-10,2026-06-10,2026-12-07,40.68139,-73.97709,pip
THE LONG ISLAND BAR,THE LONG ISLAND BAR,LONG BLAST LLC,110 ATLANTIC AVE,11201,https://www.thelongislandbar.com/,logos/8d9cacb8b685.png,0340-23-134934,Restaurant,0340,license,2025-08-28,2025-10-01,2027-09-30,40.69079,-73.99637,geoclient
THE MONRO PUB,THE MONRO PUB,THE MONRO PUB INC.,481 5TH AVE,11215,,,0370-24-110021,Food & Beverage Business,0370,license,2026-03-17,2026-05-01,2028-04-30,40.66778,-73.98745,pip
THE OWL FARM,THE OWL FARM,REDWOOD BROOKLYN LLC,297 9TH ST,11215,https://www.theowlfarm.com,logos/ee95f96bdffa.png,0370-24-115324,Food & Beverage Business,0370,license,2026-04-14,2026-06-01,2028-05-31,40.66954,-73.98665,pip
THE RED HOOK WINERY,THE RED HOOK WINERY,THE RED HOOK WINERY LLC,185 VAN DYKE ST,11231,https://www.redhookwinery.com,logos/915fa7ca8201.png,0025-24-118996,Farm Cidery,0025,license,2024-06-24,2024-06-24,2027-05-31,40.67711,-74.01877,geoclient
THE SKYLARK,THE SKYLARK,SNOWDAY LLC,477 5TH AVE,11215,,,0370-24-109743,Food & Beverage Business,0370,license,2026-04-08,2026-05-01,2028-04-30,40.66789,-73.98737,pip
THE WING BAR,THE WING BAR,ABP 275 CORP,275 SMITH ST,11231,,,0340-21-118945,Restaurant,0340,license,2025-10-09,2025-11-01,2027-10-31,40.68257,-73.99329,pip
Third Times's the Charm,Third Times's the Charm,Bad Cholesterol Bakery LLC,275 Van Brunt St,11231,,,0340-26-134036,Restaurant,0340,license,2026-01-22,2026-01-22,2027-12-31,40.67925,-74.01064,pip
THREES BREWING,THREES BREWING,THREEFOLD HOLDINGS LLC,333 339 DOUGLAS ST,11217,https://threesbrewing.com/pages/gowanus,logos/f6e2f80af041.svg,CM-23-00009,Combined Craft Status,CM,license,2023-10-02,2023-11-01,2026-10-31,40.67951,-73.98228,pip
THREES BREWING,THREES BREWING,THREEFOLD HOLDINGS LLC,333 339 DOUGLAS ST,11217,https://threesbrewing.com/pages/gowanus,logos/f6e2f80af041.svg,0015-23-108010,Farm Brewer,0015,license,2023-04-10,2023-11-01,2026-10-31,40.67951,-73.98228,pip
THREES BREWING,THREES BREWING,THREEFOLD HOLDINGS LLC,333 339 DOUGLAS ST,11217,https://threesbrewing.com/pages/gowanus,logos/f6e2f80af041.svg,0370-24-132311,Food & Beverage Business,0370,license,2025-08-21,2024-11-01,2026-10-31,40.67951,-73.98228,pip
THREES BREWING,THREES BREWING,THREEFOLD HOLDINGS LLC,333 339 DOUGLAS ST,11217,https://threesbrewing.com/pages/gowanus,logos/f6e2f80af041.svg,0014-22-116364,Micro-Brewer,0014,license,2022-10-26,2023-11-01,2026-10-31,40.67951,-73.98228,pip
TINY'S CANTINA,TINY'S CANTINA,LITTLE BONES LLC,229 FLATBUSH AVE,11217,,,0340-23-139415,Restaurant,0340,license,2025-04-03,2025-04-03,2027-03-31,40.6812,-73.97538,geoclient
TONYS DELI AND GROCERY II CORP,,TONYS DELI AND GROCERY II CORP,51 WOLCOTT ST,11231,,,0081-23-112862,Grocery Store,0081,license,2026-04-03,2026-05-01,2029-04-30,40.67624,-74.01132,pip
Tonys Market Corp,,Tonys Market Corp,175 Richards St,11231,,,0524-26-49078,Temporary retail,0524,temporary,2026-07-17,2026-07-17,2027-01-13,40.67611,-74.01166,pip
Tortelli LLC,,Tortelli LLC,359 Sackett St,11231,https://tortellinyc.com,logos/733622195219.png,0267-26-137715,Food & Beverage Business,0267,license,2026-03-17,2026-03-17,2028-02-29,40.68216,-73.99323,pip
Toto Italian Restaurant,Toto Italian Restaurant,LU.MA FOOD INC,247 Smith ST,11231,,,0340-26-143236,Restaurant,0340,license,2026-05-15,2026-05-15,2028-04-30,40.68335,-73.99273,pip
Toyo Ramen Bar Inc.,,Toyo Ramen Bar Inc.,349 7th Ave,11215,https://www.toyoramen.com,logos/556448be1f17.png,0240-25-127262,Restaurant,0240,license,2025-10-24,2025-10-24,2027-09-30,40.66621,-73.98216,pip
TRADER JOES #558,TRADER JOES #558,TRADER JOE'S EAST INC.,130 COURT ST,11201,,,0081-20-108506,Grocery Store,0081,license,2024-10-08,2024-10-08,2026-10-31,40.68948,-73.99249,geoclient
TRAVEL BAR,TRAVEL BAR,HALF NELSON BK LLC,520 COURT ST,11231,https://www.travelbarbrooklyn.com,logos/aec4d20d0137.png,0370-24-128909,Food & Beverage Business,0370,license,2026-08-26,2026-10-01,2028-09-30,40.67609,-73.99891,pip
Trudie's Tavern,Trudie's Tavern,Rad Tavern LLC,524 Court St,11231,https://www.trudies.nyc,logos/b0aed3265cf7.png,0340-26-142122,Restaurant,0340,license,2026-05-05,2026-05-05,2028-04-30,40.67593,-73.99899,pip
Turbine CAfe,Turbine CAfe,"Powerhouse Arts, Inc.",322 3rd Ave,11215,,,0370-26-140595,Food & Beverage Business,0370,license,2026-04-21,2026-04-21,2028-03-31,40.67582,-73.98738,pip
TWO BOOTS PARK SLOPE,TWO BOOTS PARK SLOPE,BROOKLYN DOUGH BOYS LLC,284 5TH AVE,11215,,,0240-23-140818,Restaurant,0240,license,2025-02-02,2025-02-01,2027-01-31,40.67408,-73.98221,pip
Udon Muteki,Udon Muteki,Muteki Brooklyn Inc,234 Flatbush Ave,11217,https://mutekiudon.com,logos/44422d6af1dc.png,0240-24-134856,Restaurant,0240,license,2024-11-02,2024-11-02,2026-10-31,40.6805,-73.97486,geoclient
UN POSTO ITALIANO,UN POSTO ITALIANO,SENZA TITOLO LLC,206 GARFIELD PL,11215,https://www.unpostoitaliano.com,logos/699a382971aa.png,0340-22-107249,Restaurant,0340,license,2026-03-02,2026-04-01,2028-03-31,40.67222,-73.97686,pip
UNCLE BARRYS,UNCLE BARRYS,PIZZAIOL INC,58 5TH AVE,11217,,,0340-21-120245,Restaurant,0340,license,2025-10-17,2025-11-01,2027-10-31,40.68124,-73.97719,pip
Union Deli Grocery 2 Inc,,Union Deli Grocery 2 Inc,226 4th Ave Right Side,11215,,,0524-26-50250,Temporary retail,0524,temporary,2026-07-29,2026-07-29,2027-01-25,40.67728,-73.98322,pip
UNION GROUNDS,UNION GROUNDS,ILGT LLC,270 SMITH ST,11231,,,0340-22-114152,Restaurant,0340,license,2026-07-03,2026-09-01,2028-08-31,40.68262,-73.99325,pip
UNION HALL,UNION HALL,WARE FARM LLC,702 UNION ST,11215,https://www.unionhallny.com,,0423-22-103268,Additional Bar,0423,license,2026-05-07,2026-06-01,2028-05-31,40.67622,-73.97998,pip
UNION HALL,UNION HALL,WARE FARM LLC,702 UNION ST,11215,https://www.unionhallny.com,,0370-24-112557,Food & Beverage Business,0370,license,2026-05-07,2026-06-01,2028-05-31,40.67622,-73.97998,pip
UNION MARKET,UNION MARKET,MPM ENTERPRISES FLATBUSH INC,342 FLATBUSH AVE,11217,https://unionmarket.com/locations/#grand-army-plaza,logos/9ac29b059050.png,0081-21-100674,Grocery Store,0081,license,2024-08-16,2024-09-01,2027-08-31,40.67617,-73.97172,geoclient
UNION MARKET,UNION MARKET,MPM ENTERPRISES COURT STREET INC,288 COURT STREET,11231,,,0081-22-127504,Grocery Store,0081,license,2025-08-20,2025-10-01,2028-09-30,40.68427,-73.99498,pip
UNION MARKET,UNION MARKET,MPM ENTERPRISES SEVENTH INC,402 404 7TH AVE,11215,https://unionmarket.com,logos/743ba76779ed.png,0081-23-122910,Grocery Store,0081,license,2026-05-13,2026-07-01,2029-06-30,40.66463,-73.98346,pip
UNION MARKET,UNION MARKET,MPM ENTERPRISES INC,754 756 UNION STREET,11215,https://unionmarket.com,logos/b4a4d271b670.png,0081-23-122793,Grocery Store,0081,license,2026-07-29,2026-10-01,2029-09-30,40.67533,-73.9777,pip
UNTABLE,UNTABLE,SAMGLER CORPORATION,529 HENRY ST,11231,https://www.untablebrooklyn.com,,0340-24-115575,Restaurant,0340,license,2026-05-07,2026-05-01,2028-04-30,40.68363,-73.99964,pip
URBAN MARKET,URBAN MARKET,509 MEAT CORP,509 FIFTH AVE,11215,,,0081-21-103573,Grocery Store,0081,license,2024-05-15,2024-06-01,2027-05-31,40.66704,-73.98807,pip
Valentinos Pizza Brooklyn Inc,,Valentinos Pizza Brooklyn Inc,291 3rd Ave,11215,,,0524-26-41470,Temporary retail,0524,temporary,2026-04-29,2026-04-29,2026-10-26,40.67696,-73.9864,pip
Vato,Vato,Vato NYC LLC,226 7th Ave,11215,,,0340-26-136169,Restaurant,0340,license,2026-02-25,2026-02-25,2028-01-31,40.67016,-73.97883,pip
VERDE CAFE & LOUNGE,VERDE CAFE & LOUNGE,MIMOSA CAFE & LOUNGE INC,216 SMITH ST,11201,,,0340-23-132123,Restaurant,0340,license,2025-10-01,2025-11-01,2027-10-31,40.68437,-73.99205,pip
VFW POST 5195,VFW POST 5195,RED HOOK MEMORIAL POST NO 5195,325 VAN BRUNT STREET,11231,,,0249-23-132712,Club,0249,license,2025-06-24,2025-06-24,2027-05-31,40.67804,-74.01207,pip
VINNYS OF CARROLL GARDENS REST & LUNCHEONETTE INC,,VINNYS OF CARROLL GARDENS REST & LUNCHEONETTE INC,295 SMITH ST,11231,,,0240-23-141806,Restaurant,0240,license,2025-11-04,2025-11-04,2027-10-31,40.68194,-73.99373,pip
VSPOT,VSPOT,VEGAN WHOLESALE FOODS CORP,156 5TH AVE,11217,,,0340-23-135068,Restaurant,0340,license,2025-08-16,2025-09-01,2027-08-31,40.67802,-73.97936,pip
W & J LIQUOR INC,,W & J LIQUOR INC,468 4TH AVE,11215,,,0100-21-114924,Liquor Store,0100,license,2023-12-21,2024-01-01,2026-12-31,40.66955,-73.98947,pip
WALGREENS #17772,WALGREENS #17772,"WALGREEN EASTERN CO., INC.",462 5TH AVE,11215,https://www.walgreens.com/locator/walgreens-462+5th+avenue-brooklyn-ny-11215/id=17772,logos/fa7e9ed30c09.png,0082-22-101839,Drug Store,0082,license,2025-05-07,2025-05-07,2028-01-31,40.66846,-73.98688,pip
WASAN BROOKLYN,WASAN BROOKLYN,TKRO PLANNERS LLC,440 BERGEN ST,11217,,,0340-23-139144,Restaurant,0340,license,2025-09-19,2025-10-01,2027-09-30,40.68137,-73.97675,pip
WET WHISTLE WINES,WET WHISTLE WINES,357 VAN BRUNT LLC,357 VAN BRUNT ST,11231,http://bottadivino.net,,0100-21-114796,Liquor Store,0100,license,2025-01-16,2024-05-01,2027-04-30,40.67697,-74.01331,pip
WHOLE FOODS MARKET,WHOLE FOODS MARKET,"WHOLE FOODS MARKET GROUP, INC.",214 3RD ST,11215,https://www.wholefoodsmarket.com/stores/thirdand3rd,logos/d200e636ad68.svg,0081-21-101766,Grocery Store,0081,license,2024-10-25,2024-11-01,2027-10-31,40.67527,-73.98843,pip
Wholesome Bites Corp.,,Wholesome Bites Corp.,139 5th Ave,11217,https://www.wholesomebitesny.com,logos/940bdd2fe023.png,0081-26-136588,Grocery Store,0081,license,2026-03-02,2026-03-02,2029-02-28,40.67829,-73.97918,pip
WIDOW JANE DISTILLERIES LLC,,WIDOW JANE DISTILLERIES LLC,216 218 CONOVER ST,11231,https://widowjane.com,logos/eca4dce5d1c5.png,0052-23-126467,Distiller Class A-1 (Micro-distiller),0052,license,2023-11-27,2023-11-27,2026-09-30,40.67727,-74.01518,pip
WIDOW JANE DISTILLERIES LLC,,WIDOW JANE DISTILLERIES LLC,216 218 CONOVER ST,11231,https://widowjane.com,logos/eca4dce5d1c5.png,0056-23-114742,Distiller Class D (Farm Distiller),0056,license,2026-08-12,2026-08-12,2029-07-31,40.67727,-74.01518,pip
WILD EAST BREWING COMPANY LLC,,WILD EAST BREWING COMPANY LLC,623 SACKETT ST,11217,,,0015-22-127055,Farm Brewer,0015,license,2025-12-08,2025-12-08,2026-11-30,40.6784,-73.98356,pip
WILD EAST BREWING COMPANY LLC,,WILD EAST BREWING COMPANY LLC,623 SACKETT ST,11217,,,0014-22-116236,Micro-Brewer,0014,license,2025-12-08,2025-12-08,2026-11-30,40.6784,-73.98356,pip
WILD LIVING LLC,,WILD LIVING LLC,148 5TH AVE,11217,,,0340-22-104331,Restaurant,0340,license,2026-08-26,2024-11-01,2026-10-31,40.67822,-73.97922,pip
WILLY DELI GROCERY CORP,,WILLY DELI GROCERY CORP,506 COURT ST,11231,,,0081-21-109128,Grocery Store,0081,license,2024-01-19,2024-02-01,2027-01-31,40.67658,-73.99868,pip
Winner,Winner,Winner On 5th LLC,192 5th Ave,11217,,,0240-25-103274,Restaurant,0240,license,2025-02-20,2025-02-20,2027-01-31,40.67689,-73.98009,pip
WINNER,WINNER,WINNER BK LLC,367 7TH AVE,11215,https://www.winner.nyc,logos/1749b5d94323.png,0340-22-112935,Restaurant,0340,license,2024-11-18,2024-11-18,2026-10-31,40.66579,-73.98251,pip
WINNER,WINNER,WINNER BK LLC,367 7TH AVE,11215,https://www.winner.nyc,logos/1749b5d94323.png,0340-22-107594,Restaurant,0340,license,2025-01-02,2025-01-02,2026-12-31,40.66579,-73.98251,pip
WORLD FAMOUS DELI CORP,,WORLD FAMOUS DELI CORP,475 BERGEN ST,11217,,,0081-23-122036,Grocery Store,0081,license,2026-03-13,2026-05-01,2029-04-30,40.68075,-73.97466,geoclient
WUS KYU RAMEN LLC,,WUS KYU RAMEN LLC,155 5TH AVE,11217,,,0240-22-101352,Restaurant,0240,license,2026-02-13,2026-04-01,2028-03-31,40.67795,-73.9794,pip
XO Burgers NYC,XO Burgers NYC,Uz Osh Inc,437 5th Ave,11215,,,0340-25-124677,Restaurant,0340,license,2025-10-01,2025-10-01,2027-09-30,40.66943,-73.98608,pip
YAMATO RESTAURANT,YAMATO RESTAURANT,D&A FOODS CORP,168 7TH AVE,11215,,,0240-22-101558,Restaurant,0240,license,2024-11-01,2024-12-01,2026-11-30,40.67185,-73.97744,pip
YAYOS' LATIN CUISINE,YAYOS' LATIN CUISINE,YAYOS LATIN CUISINE CORP,36 40 5TH AVE,11217,,,0423-23-128856,Additional Bar,0423,license,2025-04-23,2025-04-23,2027-03-31,40.68182,-73.97679,pip
YAYOS' LATIN CUISINE,YAYOS' LATIN CUISINE,YAYOS LATIN CUISINE CORP,36 40 5TH AVE,11217,,,0340-23-129007,Restaurant,0340,license,2025-04-23,2025-04-23,2027-03-31,40.68182,-73.97679,pip
YOUNG ETHEL'S,YOUNG ETHEL'S,YOUNG ETHELS LLC,506 5TH AVE,11215,https://www.youngethels.com,logos/4c35454667f0.png,0370-23-137062,Food & Beverage Business,0370,license,2025-07-07,2025-08-01,2027-07-31,40.66709,-73.98803,pip
Ziti & Associates LLC,,Ziti & Associates LLC,238 Court St,11201,,,0524-26-43071,Temporary retail,0524,temporary,2026-05-14,2026-05-14,2026-11-10,40.68585,-73.99426,pip
ZOMBIE HUT INC,,ZOMBIE HUT INC,273 SMITH ST,11231,,,0370-23-127365,Food & Beverage Business,0370,license,2025-03-17,2025-04-01,2027-03-31,40.68262,-73.99325,pip
ZULA WINES & SPIRITS,ZULA WINES & SPIRITS,CAPTAIN WINES LLC,487 5TH AVE,11215,https://zulawine.com,logos/463c8a0faf1f.png,0100-21-114773,Liquor Store,0100,license,2024-09-06,2024-10-01,2027-09-30,40.66766,-73.98755,pip
