{"type":"FeatureCollection","features":[{"type":"Feature","properties":{"district":"14"},"geometry":{"type":"MultiPolygon","coordinates":[[[[-73.90647314610091,40.7901811752083],[-73.90251173700926,40.789472084525855],[-73.90239936084058,40.789551620686126],[-73.9020632788675,40.78949440599803],[-73.90203428533763,40.789414686929405],[-73.90169686089959,40.78932032382413],[-73.90077375891737,40.789143818251816],[-73.90032629743816,40.78900766282588],[-73.90010759371343,40.788850489597294],[-73.89961637941789,40.78840049623662],[-73.8992474849266,40.788148659625996],[-73.89783180169579,40.787182170394246],[-73.89725536651015,40.786750956944125],[-73.89702410373322,40.7866581569603],[-73.8969399356256,40.786624668969914],[-73.89651204913604,40.786068659026206],[-73.89637905280317,40.78613108158375],[-73.89640086049117,40.78615791177374],[-73.89635251322325,40.786179310203444],[-73.89630366096527,40.786119201562805],[-73.89635026246756,40.786097319613006],[-73.8963688834431,40.78612023020122],[-73.8965025483397,40.78605746784428],[-73.8963785598222,40.78590898109466],[-73.89626785620453,40.78596057194658],[-73.89628652699817,40.785983718636714],[-73.89621803522914,40.7860160228715],[-73.89604376668126,40.78579998748064],[-73.89611381864461,40.78576734216558],[-73.89613322780025,40.785791403565085],[-73.89624259793256,40.78574043299211],[-73.89614015089806,40.785607167288475],[-73.89600516772016,40.7856666502388],[-73.8960274447233,40.78568928642595],[-73.89598001322786,40.78571167576914],[-73.8959296297551,40.78564894431402],[-73.89597673220953,40.78562708775998],[-73.89599975377486,40.785655752018606],[-73.89612632632574,40.78559316880908],[-73.8958291437706,40.78522152738371],[-73.89683173824393,40.78442766370363],[-73.89677700751366,40.78438842096385],[-73.8967585725261,40.78440327601188],[-73.89672269281452,40.784377549325995],[-73.89673441949779,40.78436809984462],[-73.89672513646194,40.784361442109365],[-73.89673005421017,40.784357478677975],[-73.89672052173825,40.78435064397955],[-73.89675564813932,40.78432233937594],[-73.89677182707484,40.78433394109597],[-73.89678844985487,40.78432054842684],[-73.89682807945586,40.78434896455137],[-73.89680660094295,40.78436627062645],[-73.89685938880385,40.78440412048292],[-73.89715534459026,40.78419496285712],[-73.89707707781542,40.78413383132828],[-73.89706703746863,40.78414001728157],[-73.89703510112172,40.78411616279186],[-73.8970438920437,40.784107116234615],[-73.89703074018229,40.78409900429765],[-73.89706087137654,40.784073299318734],[-73.89707152062668,40.78407855019671],[-73.89708343278149,40.78407808489569],[-73.89711913265337,40.78410051273538],[-73.89711097076521,40.78410812969594],[-73.89719273550543,40.78416853742997],[-73.89729699220412,40.7840948569068],[-73.89742198964578,40.78399631472133],[-73.8973312936992,40.78392820290884],[-73.89732187904326,40.78393486538144],[-73.89728742994507,40.78391529820931],[-73.89729998277292,40.78390625498512],[-73.89728745934826,40.78389623770103],[-73.89731570793737,40.783871959800834],[-73.89734203875125,40.78387103037478],[-73.89737209664173,40.78389345361351],[-73.89736205077533,40.783902975520505],[-73.89745426052157,40.783970873888535],[-73.89761396594376,40.78384496778496],[-73.89772226528177,40.783743464835744],[-73.89764011148222,40.78368211898579],[-73.89763132509488,40.78368830543221],[-73.89759624556145,40.78367111966742],[-73.89761381306087,40.78366160442247],[-73.8975987852621,40.78365015495021],[-73.89763142253398,40.78362492848966],[-73.8976583777849,40.783625905984884],[-73.89768592455711,40.783650708788436],[-73.89768026826688,40.783659757508204],[-73.89775342406502,40.78371426047904],[-73.89781043874567,40.783684461545285],[-73.89767518069621,40.78358427275554],[-73.89876162661493,40.78274894588209],[-73.89885620397861,40.782804304604184],[-73.90114577552107,40.78271110609081],[-73.90172373164513,40.78212925463805],[-73.90174935055349,40.782117237604275],[-73.90179093113794,40.7821019195108],[-73.90185231621923,40.782080999301165],[-73.90186925588456,40.78207403378082],[-73.90188611408085,40.782065817778886],[-73.90191949285618,40.78204562135182],[-73.90195095786935,40.782021289094715],[-73.90198345147945,40.78199048351661],[-73.90205256434422,40.78191807899379],[-73.90211707957926,40.781847706125134],[-73.90217132811898,40.7817896965919],[-73.90217815315991,40.78178056186365],[-73.90218359459601,40.78176976980439],[-73.90218781908892,40.7817571387905],[-73.90230443036802,40.78151989321865],[-73.90251248041783,40.78110825136085],[-73.90258049398925,40.7808148981238],[-73.90267723582103,40.78059413174262],[-73.90267677081066,40.78035257204688],[-73.90257929672345,40.780289120835754],[-73.90234303882673,40.7801872448048],[-73.90225480922855,40.780274168316964],[-73.90218303706659,40.78035936664966],[-73.9021496741192,40.78078049395449],[-73.90203565790105,40.78120310196316],[-73.9012912761892,40.78185841927053],[-73.90121754094692,40.78181911242214],[-73.90072847022454,40.781979495284205],[-73.9003457266802,40.782066054511475],[-73.90034960780339,40.78216441002758],[-73.8994794775269,40.78216988593748],[-73.89865437844033,40.78199542032102],[-73.89718604765989,40.78280720996373],[-73.89711384250612,40.782723074238845],[-73.89705399044992,40.782756353988034],[-73.89704959252545,40.782765534360905],[-73.8970432306266,40.78277402374394],[-73.89703508510792,40.78278158146896],[-73.8970253868893,40.78278799327921],[-73.89701441090853,40.782793077404236],[-73.89700246832719,40.78279668971214],[-73.89698989770997,40.78279872779639],[-73.89697705542575,40.782799133878555],[-73.89693680919567,40.782821513126564],[-73.8969343156556,40.78282897645504],[-73.89693017255573,40.78283600326345],[-73.89692450306326,40.78284238465586],[-73.89691747572287,40.78284793092338],[-73.89690929944611,40.782852477184214],[-73.89690021730102,40.7828558882851],[-73.89689049928522,40.782858062819294],[-73.89688043430057,40.78285893614119],[-73.89687032156341,40.7828584822884],[-73.89681940823216,40.782886793069544],[-73.89681423587815,40.782895037430244],[-73.89680735475002,40.78290252536845],[-73.89679895119066,40.7829090541082],[-73.89678925277069,40.782914446848835],[-73.89677852212697,40.78291855755311],[-73.89676704984898,40.7829212749016],[-73.89675514661,40.782922525307384],[-73.89671207983265,40.7829464718301],[-73.89670510557967,40.782955920599704],[-73.89669611582838,40.78296432828068],[-73.89668537333624,40.78297144912826],[-73.89667319209084,40.78297707501002],[-73.89665992813262,40.78298104148903],[-73.89664596914923,40.78298323263073],[-73.89659467842824,40.783011751710454],[-73.89659295558971,40.78301803633884],[-73.89658991331801,40.783024024990375],[-73.89658563233206,40.78302955877006],[-73.89658022621809,40.78303449085178],[-73.89657383841448,40.78303869037423],[-73.89656663840654,40.78304204591256],[-73.8965588172303,40.78304446843532],[-73.89655058240254,40.78304589366643],[-73.89654215241552,40.7830462837906],[-73.89653375093991,40.78304562845671],[-73.89648431039481,40.78307311987219],[-73.8964803061435,40.783080778194076],[-73.89647474534387,40.783087852637266],[-73.89646777052967,40.78309416186998],[-73.89645956047877,40.78309954417395],[-73.89645032563075,40.78310386159033],[-73.89644030269278,40.78310700345506],[-73.89642974857277,40.783108889236],[-73.8964189337934,40.78310947059673],[-73.89636379011638,40.78314013294812],[-73.8963617553212,40.7831462329442],[-73.8963583714974,40.783151976333095],[-73.89635373935431,40.78315719217943],[-73.89634799675396,40.78316172524881],[-73.89634131460815,40.783165440627414],[-73.89633389179129,40.78316822773788],[-73.89632594922222,40.783170003629856],[-73.89631772328848,40.78317071544904],[-73.89630945881095,40.78317034201019],[-73.89625542678834,40.7832003873086],[-73.89624754407654,40.78321098853213],[-73.8962374163609,40.78322042382127],[-73.89622533536873,40.78322842139339],[-73.89621164909076,40.78323475087907],[-73.89619675175908,40.783239229958035],[-73.89618107249011,40.783241729610715],[-73.89600297728212,40.7833367268056],[-73.89600297461294,40.78333843572971],[-73.89600184769624,40.78334099600848],[-73.89600072122916,40.78334270391842],[-73.89599959276758,40.78334526536848],[-73.89599846784509,40.78334697210709],[-73.89599734071673,40.78334868001646],[-73.89599508911998,40.78335123928012],[-73.89599396353498,40.78335294668828],[-73.89599283640752,40.78335465392742],[-73.8959905863623,40.783356360823234],[-73.89598833543728,40.783358066545595],[-73.89598721051166,40.78335977495934],[-73.89598496024746,40.783361480682196],[-73.89598271020205,40.78336318757788],[-73.8959804586154,40.78336489329939],[-73.8959793336913,40.783366600540475],[-73.89597708342484,40.78336830743581],[-73.89597370959535,40.783369157429654],[-73.89597146021241,40.78337086315305],[-73.89596921060682,40.7833725700488],[-73.89596696123404,40.78337342273279],[-73.89596471318599,40.78337427374272],[-73.8959624629191,40.78337598063779],[-73.89595909107092,40.78337683163819],[-73.89595684169943,40.78337768331678],[-73.8959534691888,40.78337853498653],[-73.89595122113805,40.78337938767144],[-73.89594784708642,40.78338023816694],[-73.89594559903531,40.783381090851705],[-73.89594222786033,40.783381087807754],[-73.89593997981176,40.78338193881713],[-73.89593660841629,40.78338193577283],[-73.89593435904277,40.78338278845619],[-73.8959309885289,40.783382785412506],[-73.89592761601925,40.783383636076394],[-73.89592536842228,40.78338363404664],[-73.89592199724719,40.78338363100211],[-73.89591974987049,40.78338362897244],[-73.89574317446541,40.78348169687218],[-73.89574204733012,40.78348340360634],[-73.89574091951661,40.78348596555694],[-73.89573979238119,40.78348767229102],[-73.89573866611182,40.783490233237835],[-73.89573641583523,40.78349194012847],[-73.89573528958107,40.78349364686334],[-73.89573416110616,40.78349620881325],[-73.89573191171152,40.783497915202034],[-73.89572966209678,40.783499621423026],[-73.89572853496064,40.78350132815697],[-73.89572628424324,40.78350303454444],[-73.89572403484864,40.78350474076549],[-73.89572178390999,40.78350644765525],[-73.89571953451573,40.783508153373674],[-73.89571728512053,40.78350985959456],[-73.8957150361806,40.78351071227402],[-73.8957127861238,40.78351241866183],[-73.89571053606808,40.78351412437944],[-73.89570828646838,40.783514975885474],[-73.89570491394781,40.78351582754796],[-73.89570266455097,40.78351753443872],[-73.89570041495205,40.783518385441994],[-73.89569704375366,40.78351923710538],[-73.89569479437301,40.78352008928154],[-73.89569142185202,40.78352094094356],[-73.89568917225284,40.78352179194662],[-73.89568579973165,40.783522643608514],[-73.89568355167422,40.78352349511546],[-73.8956801811533,40.78352349206446],[-73.89567680775026,40.78352434372528],[-73.89567455970759,40.78352434169024],[-73.89567118851015,40.78352519234776],[-73.8956678166667,40.7835251892952],[-73.89566556994643,40.78352518726117],[-73.89566219788247,40.78352518420825],[-73.89548449389792,40.78362581315677],[-73.89548336629524,40.78362837342969],[-73.89548111532757,40.78363093452662],[-73.89547998840332,40.78363264125833],[-73.895478860579,40.78363520220117],[-73.89547661117338,40.78363690841738],[-73.89547543359768,40.78363943195692],[-73.89547323239827,40.78364117674759],[-73.89547098099025,40.783643737173854],[-73.89546985516668,40.783645444409],[-73.89546760309781,40.78364800433202],[-73.8954653536906,40.78364971121807],[-73.89546310428493,40.78365141693147],[-73.89546085333464,40.783653123816066],[-73.89545747946435,40.78365482850926],[-73.89545522917604,40.78365653472429],[-73.89545297844766,40.78365824043622],[-73.89545072904033,40.78365994681946],[-73.8954473562887,40.783660798474145],[-73.89544510555919,40.78366250468855],[-73.89544173234744,40.78366421055454],[-73.8954394842821,40.78366506205673],[-73.89543611175125,40.78366591320874],[-73.8954327378791,40.78366761840379],[-73.8954293653481,40.78366846955557],[-73.89542711573851,40.783669321726244],[-73.89542374320656,40.783670173380436],[-73.89542037133839,40.78367102335989],[-73.89541699880625,40.78367187501382],[-73.89541362761636,40.78367187195444],[-73.89541025508595,40.783672722435554],[-73.89540688321479,40.78367357408985],[-73.89540463560783,40.783673572049935],[-73.89540126441807,40.78367356899018],[-73.89539789122516,40.783674420140485],[-73.89539452003537,40.783674417080526],[-73.89497050778469,40.78390977515609],[-73.89496938282542,40.78391148238717],[-73.89496825431539,40.783914043324245],[-73.89496712712685,40.783916604765174],[-73.89496599949749,40.78391916620562],[-73.89496487233382,40.78392087360212],[-73.89496374514503,40.78392343504302],[-73.89496149505523,40.78392514124848],[-73.89496036654482,40.78392770218552],[-73.8949581162335,40.78392940906083],[-73.8949569899512,40.7839311162905],[-73.89495473917535,40.78393367620459],[-73.89495248886473,40.783935382409645],[-73.89495023877402,40.783937088782466],[-73.89494798934466,40.78393879498826],[-73.89494573903262,40.78394050186329],[-73.8949434882816,40.78394220756529],[-73.89494123885189,40.78394391377096],[-73.89493898787907,40.783945620142674],[-73.89493673844993,40.78394732584571],[-73.89493336455074,40.783949031026054],[-73.89493111492453,40.78394988368955],[-73.89492886549341,40.783951590565124],[-73.89492549206093,40.783952441031225],[-73.89492324130777,40.783954147402824],[-73.89491986941798,40.78395499787016],[-73.89491649686505,40.78395584950952],[-73.8949142487821,40.78395670167153],[-73.89491087689022,40.78395755331127],[-73.8949075036785,40.783958403274404],[-73.89490525405165,40.78395925593742],[-73.89490188284746,40.783959252863056],[-73.89489851095713,40.783960103329804],[-73.89489513840348,40.783960954968485],[-73.89489176719918,40.78396095189382],[-73.89488952046446,40.78396094984466],[-73.89488614903966,40.783960946769625],[-73.89488277736909,40.78396179740357],[-73.89487940528312,40.78396179432773],[-73.89471407574707,40.78405218232513],[-73.89471294722318,40.78405474426485],[-73.89471182090494,40.784057305201415],[-73.89471069373161,40.78405901309798],[-73.89470956586948,40.78406157453573],[-73.8947084373461,40.78406413597278],[-73.89470618790536,40.78406584284398],[-73.89470506070602,40.78406840310953],[-73.89470393353297,40.784070110503485],[-73.89470168208086,40.784072670914476],[-73.89469943264055,40.784074377115424],[-73.89469830546662,40.78407608501183],[-73.8946960551452,40.784077790709325],[-73.89469380303213,40.78408035061698],[-73.8946915535895,40.78408205799042],[-73.89468930260671,40.784083763687214],[-73.89468705316571,40.78408546988785],[-73.89468480372432,40.784087176256044],[-73.89468255475354,40.784088027742605],[-73.89467918150086,40.78408973358617],[-73.89467693073775,40.7840914392829],[-73.89467468044246,40.78409229194078],[-73.89467130785162,40.784093997114645],[-73.89466905910045,40.78409484876863],[-73.89466568518694,40.784096553941176],[-73.89466343621454,40.78409740609745],[-73.89466006453448,40.78409825655732],[-73.89465669042808,40.7840991081876],[-73.89465444233696,40.784099960344506],[-73.8946510697733,40.784100811976096],[-73.8946476978734,40.78410166193286],[-73.8946443257803,40.784101658850155],[-73.89464095409792,40.78410251048215],[-73.89463870581552,40.78410250842669],[-73.89463533325232,40.784103359555175],[-73.89463196336308,40.78410335647413],[-73.89462859149035,40.78410335339116],[-73.89462522027887,40.78410335030869],[-73.89462184906739,40.78410334722614],[-73.89461960232764,40.78410334517171],[-73.89461622957327,40.78410334208758],[-73.89461285968423,40.784103339005966],[-73.89460948850238,40.784102481711194],[-73.894606117952,40.78410247862878],[-73.89460274809352,40.78410162083249],[-73.89460050270418,40.784100765739694],[-73.89459713215402,40.78410076265703],[-73.89459376141407,40.784099904859566],[-73.89459039243657,40.78409904756624],[-73.89458814484625,40.78409819079597],[-73.89458477699999,40.78409647996177],[-73.89458253161183,40.78409562436604],[-73.89457916087252,40.7840947665682],[-73.89457691551564,40.784093056090455],[-73.89457354631736,40.78409219946654],[-73.89457130228209,40.78409048965993],[-73.89456793242468,40.78408963186257],[-73.8945656868486,40.784087920881845],[-73.89456344281467,40.78408621057253],[-73.89456119789922,40.78408450009483],[-73.89455895254228,40.78408279028684],[-73.89455670850849,40.78408107997736],[-73.89455446447508,40.78407936950041],[-73.89455221889884,40.78407765918948],[-73.89444200402872,40.78413478596401],[-73.89444424758945,40.78413734998457],[-73.8944453679978,40.784139914651576],[-73.89444648755892,40.784141623430685],[-73.89444760797008,40.7841441864224],[-73.89444872749884,40.78414674991595],[-73.89444984658591,40.78414931391158],[-73.89445096768914,40.78415102336216],[-73.89445208809968,40.784153586856405],[-73.89445320630652,40.784156150348686],[-73.89445320224532,40.78415871231047],[-73.894454322656,40.78416127580473],[-73.89445431859403,40.78416383826917],[-73.89445431453207,40.784166400733525],[-73.89445543406224,40.78416896372443],[-73.8944554300003,40.784171526188786],[-73.89445542593758,40.78417408915581],[-73.89445429828497,40.78417665008856],[-73.894454294223,40.78417921255299],[-73.89445429016183,40.78418177451481],[-73.8944531616249,40.784184337122],[-73.89445315891777,40.78418604487319],[-73.8944520325871,40.784188605807145],[-73.89445090405178,40.78419116724171],[-73.89445089998888,40.784193730208635],[-73.89444977211531,40.78419629114123],[-73.89444864490147,40.784198853079445],[-73.89444639412768,40.784200559441764],[-73.89444626716217,40.78420084746911],[-73.89444526559178,40.78420312087619],[-73.89444413705681,40.78420568180811],[-73.89444301207911,40.78420738903388],[-73.8944407603898,40.784209950612265],[-73.89443851027796,40.78421165630489],[-73.89443738174236,40.78421421723669],[-73.8944351322915,40.784215922929796],[-73.89443288195783,40.784217629124676],[-73.89443062982726,40.784220190702456],[-73.8944283803758,40.78422189639543],[-73.89442612938156,40.78422360208703],[-73.89442387992803,40.78422530895258],[-73.89442163047623,40.784227014645474],[-73.89441937948078,40.784228720839515],[-73.89441600690759,40.78422957246415],[-73.8944137565729,40.78423127882614],[-73.89441038352743,40.784232983991984],[-73.89440813388596,40.78423383614266],[-73.89440475995951,40.784235540804886],[-73.89440251185977,40.78423639345941],[-73.89439913994963,40.78423724340895],[-73.8943957653597,40.78423894924297],[-73.89439351571706,40.784239801895936],[-73.89439014314564,40.78424065184461],[-73.89438677123266,40.78424150346898],[-73.89438340001398,40.78424150037944],[-73.8943800274397,40.78424235200303],[-73.89437777934127,40.784243203484415],[-73.89437440790226,40.78424320039442],[-73.8943710362094,40.784244052018494],[-73.89436766410917,40.78424404892768],[-73.89436429222933,40.784244045837],[-73.89436092101059,40.784244042746806],[-73.89435754979199,40.784244039656514],[-73.8943541792346,40.78424403656673],[-73.89435080801601,40.784244033476256],[-73.8943474367972,40.78424403038566],[-73.89434406693489,40.7842431725818],[-73.89434069637754,40.784243169491646],[-73.89433845098681,40.78424231439377],[-73.89433507958181,40.784241456588155],[-73.89433170770215,40.78424145349651],[-73.89432833850138,40.78424059569277],[-73.89432496929868,40.7842397390616],[-73.89432272324987,40.78423888228757],[-73.89431935540499,40.784237170272974],[-73.89431598465926,40.784236314142674],[-73.89431373860967,40.78423545787104],[-73.8943103701031,40.784233746525686],[-73.89430812383327,40.78423289025375],[-73.89430475620783,40.78423117941151],[-73.89430251063372,40.784229468425686],[-73.89429914077274,40.78422861062049],[-73.89429689674014,40.78422690080857],[-73.89429465182651,40.78422519049327],[-73.89429240713474,40.78422347950806],[-73.8942901622206,40.78422176969521],[-73.894287916866,40.78422005988198],[-73.89428567419266,40.78421749418395],[-73.89428342927906,40.78421578437106],[-73.89428118458662,40.784214074055676],[-73.89428006418011,40.78421151156491],[-73.89427782014914,40.7842098012501],[-73.89427670106852,40.78420723658264],[-73.89427445571475,40.784205526769135],[-73.89427333530928,40.78420296377572],[-73.89427234227921,40.784200688037664],[-73.89427221777078,40.78420039977979],[-73.89426997374065,40.784198689297234],[-73.89426885333722,40.78419612529869],[-73.89426773293206,40.78419356230519],[-73.89426773700121,40.78419099984079],[-73.89426661791944,40.784188436346],[-73.89426549616009,40.78418672639046],[-73.89426550022745,40.78418416509872],[-73.89426438136819,40.78418160043141],[-73.89426438543667,40.7841790384696],[-73.89426438950595,40.784176476005165],[-73.89426326844011,40.78417391301109],[-73.89426327250943,40.784171350546664],[-73.89426327657955,40.78416878757972],[-73.89426440578228,40.784166226650186],[-73.89426440985156,40.78416366418581],[-73.89426441392003,40.784161102224004],[-73.89426554092007,40.784158540287265],[-73.89426554498851,40.78415597832548],[-73.89426667217491,40.78415427043326],[-73.89426779939441,40.78415170899935],[-73.89426892793547,40.784149148069154],[-73.89427005647703,40.784146586636425],[-73.89427118281537,40.78414402469903],[-73.89427230999976,40.784142317979516],[-73.89427343787925,40.784139757048635],[-73.89427456620189,40.78413719444299],[-73.89427681587486,40.784135488753115],[-73.89427794221116,40.784132927820885],[-73.89428019298647,40.78413122162937],[-73.89428244401624,40.78412866122625],[-73.89428357120173,40.784126953333846],[-73.89428582131488,40.784125247644226],[-73.89428807366826,40.78412268606954],[-73.89429032311996,40.7841209803792],[-73.89429257257153,40.78411927468889],[-73.89429482356759,40.784117567827174],[-73.89429819660938,40.78411586316735],[-73.89430044826526,40.7841141569763],[-73.89430269724292,40.78411330482706],[-73.89430607050454,40.78411160016718],[-73.89430831995726,40.78410989330385],[-73.89431169252575,40.784109041682306],[-73.89431394329883,40.784107335992765],[-73.89431731520406,40.78410648554322],[-73.8943195641812,40.78410563339368],[-73.89432293810421,40.78410392823128],[-73.89432631001102,40.78410307660874],[-73.89432968257816,40.78410222548932],[-73.89433193064029,40.78410222755058],[-73.89433530408981,40.78410137592925],[-73.89433867599362,40.78410052598161],[-73.89434204720494,40.784100529072454],[-73.89434541911156,40.78409967744932],[-73.89434879098404,40.78409968054057],[-73.89435216288952,40.78409882941986],[-73.89435553343955,40.7840988325097],[-73.89435890531216,40.78409883560066],[-73.89436227586219,40.7840988386903],[-73.89436564839589,40.78409884178167],[-73.89436789535576,40.78409884384125],[-73.89437126521202,40.78409970114189],[-73.89437463642331,40.78409970423176],[-73.89437800561754,40.78410056203421],[-73.89438137682909,40.784100565123914],[-73.8943847466873,40.78410142125149],[-73.89438811654294,40.78410227905417],[-73.89439148706067,40.78410313635481],[-73.89439373332645,40.78410399312771],[-73.8943971023025,40.78410484975672],[-73.89440047237899,40.78410570755929],[-73.89440271776407,40.78410656382862],[-73.89440608560533,40.78410827517072],[-73.89440945612552,40.78410913129818],[-73.89441170169829,40.78411084228203],[-73.89441394572995,40.78411255209164],[-73.89441731558674,40.784113409893514],[-73.89441956115967,40.78411512087721],[-73.8944218058521,40.784116831189905],[-73.8944251736954,40.78411854202887],[-73.89442741772665,40.784120252508416],[-73.89442966330132,40.78412196282172],[-73.89443190733381,40.78412367263109],[-73.89454100171902,40.784065691801516],[-73.89453987995448,40.78406398184858],[-73.89453763595257,40.78406141732696],[-73.89453651639212,40.78405970737606],[-73.89453539597996,40.784057143882514],[-73.89453315040416,40.784055434073835],[-73.89453203219534,40.784052871084896],[-73.89453091043019,40.784051161802],[-73.89452979002003,40.784048597135744],[-73.8945297940783,40.78404603517387],[-73.89452867451665,40.784044326395566],[-73.89452755410505,40.78404176290202],[-73.8945275581642,40.78403920043754],[-73.89452643907497,40.78403663694515],[-73.89452644313414,40.78403407448075],[-73.8945253213705,40.78403236452771],[-73.89452532542893,40.78402980256582],[-73.89452532948816,40.784027240101324],[-73.89452533354739,40.78402467763691],[-73.89452533760662,40.784022115172405],[-73.89452646478244,40.78402040845038],[-73.89452646884082,40.78401784648843],[-73.89452647290186,40.784015282851335],[-73.89452760010901,40.784012721414754],[-73.89452760416816,40.78401015895033],[-73.8945287313435,40.78400845222819],[-73.89452985766874,40.78400589079085],[-73.89453098619725,40.784003329858024],[-73.8945321133734,40.78400162263334],[-73.89453323969948,40.78399906052579],[-73.89453436822646,40.78399650026312],[-73.89453549474221,40.783994792367615],[-73.89453662327091,40.78399223093221],[-73.89453887271368,40.7839905240643],[-73.89453999900691,40.78398881734133],[-73.8945422506829,40.78398625693358],[-73.89454450012427,40.78398455073572],[-73.89454562730077,40.78398284284081],[-73.89454787875503,40.783980282935325],[-73.89455012907696,40.78397857724076],[-73.89455237851871,40.783976870372605],[-73.89455462950137,40.78397516467854],[-73.89455687894126,40.78397345898296],[-73.89455912703013,40.78397260632534],[-73.89456137779284,40.783970900128345],[-73.89456475258542,40.78396919428961],[-73.89456700067407,40.783968341631855],[-73.89456925165608,40.783966635937446],[-73.89457262333171,40.78396578481009],[-73.8945748729911,40.783964079114355],[-73.89457824554901,40.78396322748503],[-73.89458049495687,40.783962376503474],[-73.89458386619197,40.783961524872836],[-73.89458724029151,40.78396067374726],[-73.8945894883796,40.78395982108905],[-73.89459286093424,40.783958971134524],[-73.89459623349147,40.78395811950469],[-73.894599605357,40.7839581225886],[-73.89460185432445,40.783957271103695],[-73.89460522464705,40.78395727418603],[-73.89460859742452,40.783956422556024],[-73.89461196774687,40.78395642563817],[-73.89461533983261,40.78395642872182],[-73.89461758656739,40.78395643077633],[-73.89462095843263,40.78395643385961],[-73.89478403798543,40.783867752196656],[-73.8947840420339,40.7838651902347],[-73.89478516699714,40.78386348300547],[-73.89478629551601,40.78386092039491],[-73.8947874231513,40.78385835895612],[-73.8947885503174,40.78385665223148],[-73.89478967751104,40.78385409129485],[-73.89479192694161,40.78385238509214],[-73.89479305545987,40.783849822481436],[-73.89479418196466,40.78384811575613],[-73.89479643340498,40.783845555845744],[-73.89479868437782,40.78384384964428],[-73.89479981069096,40.7838412875341],[-73.89480206144246,40.783839581834975],[-73.8948043117537,40.7838378756328],[-73.89480656184537,40.783836168760224],[-73.8948088121558,40.783834463060565],[-73.89481106158604,40.783832756187365],[-73.89481331101454,40.78383105048671],[-73.89481556198565,40.78382934478752],[-73.89481781141471,40.783827638584235],[-73.8948211852848,40.78382678694901],[-73.89482343559621,40.783825080076376],[-73.89482680814122,40.783824230115016],[-73.8948290582319,40.783822523242],[-73.89483242945695,40.783821671604045],[-73.89483467907723,40.78382082061776],[-73.89483805162435,40.78381996898081],[-73.89484029970367,40.78381911682024],[-73.8948436715876,40.783818266355226],[-73.89484704479567,40.78381741471862],[-73.89485041888456,40.78381656358534],[-73.89485266696438,40.783815710922],[-73.89485603750012,40.78381571399719],[-73.89485941004429,40.783814864034845],[-73.89486278124117,40.783814867110465],[-73.89486615243806,40.78381487018597],[-73.8948695243233,40.78381401854751],[-73.89487177237567,40.783814020598264],[-73.89487514357252,40.783814023673514],[-73.89487851410838,40.78381402674806],[-73.89530927247156,40.783576113840724],[-73.89531040096466,40.78357355172741],[-73.89531152813396,40.783570990283046],[-73.89531265528277,40.78356928305055],[-73.89531378156964,40.78356672210798],[-73.89531490871939,40.78356501420533],[-73.8953160372108,40.783562452762155],[-73.89531716281648,40.783560745528234],[-73.89531941310429,40.78355903981845],[-73.89532054159481,40.78355647887779],[-73.89532166654014,40.783554770973105],[-73.89532391727117,40.78355306358845],[-73.89532616689736,40.783551357878],[-73.89532729404547,40.783549650645334],[-73.89532954345202,40.78354794426453],[-73.89533179418005,40.783546238554905],[-73.89533404446779,40.78354453234229],[-73.895336293875,40.783542825458795],[-73.8953385448229,40.78354111974924],[-73.89534079288642,40.783540267578914],[-73.89534304229129,40.78353856186795],[-73.895346417702,40.78353685667682],[-73.8953486664265,40.78353600450694],[-73.89535091515073,40.78353515233705],[-73.89535428769524,40.78353344764567],[-73.89535653730252,40.78353259447128],[-73.89535878536627,40.78353174179803],[-73.89536215788942,40.78353089182103],[-73.8953644072755,40.78353003914885],[-73.89536777913908,40.78352918799834],[-73.89537115254632,40.78352833634657],[-73.89537339926646,40.78352833838634],[-73.89537677178947,40.78352748840881],[-73.89538014231063,40.78352749146869],[-73.89538239169636,40.783526638796175],[-73.89538576376015,40.783526641857286],[-73.89538913428143,40.7835266449169],[-73.89539138234358,40.78352579274561],[-73.89539475352608,40.78352579580565],[-73.89557132620152,40.78343029207839],[-73.89557132887994,40.783428584326956],[-73.89557245735934,40.78342602288118],[-73.89557358251643,40.78342431497425],[-73.89557470965504,40.78342260824172],[-73.89557471233522,40.78342089931767],[-73.89557584013514,40.78341919258572],[-73.89557696507049,40.78341748534864],[-73.89557809154897,40.78341577794543],[-73.89558034226594,40.78341407223096],[-73.89558146808277,40.78341236499465],[-73.89558259522282,40.78341065708938],[-73.89558372015728,40.783408950354804],[-73.89558597109615,40.78340724346779],[-73.89558709823416,40.78340553673511],[-73.89558934629069,40.78340468405735],[-73.89559047254707,40.78340297732394],[-73.89559272282335,40.78340127110621],[-73.89559497087888,40.7834004189309],[-73.89559722093655,40.78339871154028],[-73.89559834673393,40.78339785952089],[-73.89560059567154,40.783397006843686],[-73.89560284506693,40.78339529995486],[-73.89560509444264,40.78339444895327],[-73.89560734271886,40.78339359627535],[-73.89560959077286,40.78339274476987],[-73.89561184015011,40.78339189259538],[-73.89561408908675,40.78339104042051],[-73.89561633714222,40.78339018774223],[-73.89561858673788,40.783389336740555],[-73.89562195925335,40.783388485080614],[-73.89562420596883,40.78338848711551],[-73.8956264555653,40.78338763561104],[-73.89562870294196,40.783387637646435],[-73.89563207479601,40.78338678598561],[-73.89563432371547,40.783386788022284],[-73.8956365704309,40.78338679005692],[-73.89563881980774,40.783385937881945],[-73.89564218899933,40.78338594093298],[-73.89564443703733,40.78338594296865],[-73.89564668397318,40.78338594500329],[-73.89582887869106,40.78328788283218],[-73.89583000582081,40.78328617609719],[-73.89583113074661,40.78328446936017],[-73.89583225921442,40.78328190740915],[-73.89583338568458,40.78328019950088],[-73.89583338835627,40.78327849174938],[-73.89583563840293,40.78327678485662],[-73.89583676553248,40.78327507812156],[-73.89583789399812,40.78327251717569],[-73.89583901958473,40.78327081043914],[-73.89584014671493,40.78326910320144],[-73.89584239698212,40.78326739580615],[-73.89584352190911,40.78326568789637],[-73.89584577149773,40.7832648368902],[-73.89584689708599,40.783263128980956],[-73.89584914801137,40.78326142326139],[-73.89585139739381,40.78325971754036],[-73.8958536467644,40.7832588648586],[-73.89585477191144,40.78325715694892],[-73.89585702195559,40.78325545072576],[-73.89585927154383,40.783254599719356],[-73.89586151959156,40.783253747036305],[-73.89586376897542,40.78325204014238],[-73.89586601922448,40.7832511891364],[-73.8958682688149,40.78325033645456],[-73.89587051752298,40.783249484274485],[-73.89587388936489,40.78324863377925],[-73.89587613741166,40.7832477815984],[-73.89587838612039,40.783246928915574],[-73.89588063504668,40.783246077908146],[-73.89588400755132,40.78324522624056],[-73.89588625558453,40.783245228271525],[-73.89588850385209,40.7832443755881],[-73.8958918763547,40.78324352509292],[-73.89589412438791,40.78324352712373],[-73.89589749423348,40.78324353016787],[-73.89589974382322,40.78324267748544],[-73.89590199053401,40.7832426795149],[-73.89590536170199,40.783242682560015],[-73.8959076097351,40.78324268459057],[-73.8960637773842,40.7831572018054],[-73.89605475062153,40.78315465824709],[-73.89604638629892,40.783151035274095],[-73.89603890601764,40.78314642887225],[-73.89603250795662,40.78314096108159],[-73.89602736162364,40.78313477676365],[-73.8960236033628,40.78312803976313],[-73.89602133274413,40.78312092856746],[-73.89602060992327,40.78311363157766],[-73.89602145405013,40.78310634211693],[-73.89601782384601,40.78310651438647],[-73.89601420934167,40.78310620553023],[-73.89601072006478,40.7831054249074],[-73.89600746174851,40.78310419617259],[-73.89600453312782,40.78310255655931],[-73.89600202294618,40.78310055575179],[-73.8960000072682,40.783098254378885],[-73.89599854717339,40.78309572217782],[-73.89599768690599,40.78309303587995],[-73.89599745253429,40.78309027688646],[-73.89598684946758,40.78309164807309],[-73.89597609404464,40.78309164317301],[-73.89596549314784,40.78309026232607],[-73.89595534925107,40.78308754493177],[-73.895945951788,40.783083568524944],[-73.89593756889445,40.78307844656381],[-73.89593043975805,40.78307232519216],[-73.8959247677923,40.78306537907],[-73.89592071483409,40.783057806389564],[-73.89591839652464,40.783049823220544],[-73.89591787901168,40.78304165734484],[-73.89591917706005,40.78303354175757],[-73.89591630068928,40.78303421415839],[-73.89591331597714,40.78303450611361],[-73.89591030935658,40.78303440916865],[-73.89590736789438,40.78303392613087],[-73.8959045767712,40.78303307098835],[-73.89590201681393,40.783031868504715],[-73.89589976215481,40.78303035350216],[-73.89589787808534,40.78302856985284],[-73.89589641916547,40.78302656920855],[-73.89589542764335,40.78302440950487],[-73.8958949322316,40.783022153283696],[-73.89589494727689,40.78301986588174],[-73.89588453814993,40.78302105297651],[-73.89587401391618,40.78302092256818],[-73.89586366122478,40.783019478208594],[-73.89585376205277,40.78301675923799],[-73.89584458602472,40.78301283971311],[-73.89583638306809,40.7830078263903],[-73.8958293766073,40.78300185581771],[-73.89582375747749,40.78299509061616],[-73.89581967872641,40.78298771504969],[-73.89581725144679,40.7829799300069],[-73.89581654175001,40.78297194752916],[-73.89581756896513,40.78296398503543],[-73.89579357075603,40.78294587109695],[-73.89578212877042,40.782946528819444],[-73.89577069965269,40.78294575252016],[-73.89575959236568,40.782943563184915],[-73.89574910717238,40.782940019997866],[-73.89573952751829,40.78293521874173],[-73.89573111236943,40.78292928920876],[-73.89572408921181,40.78292239169156],[-73.89571864790125,40.78291471265022],[-73.89571493553196,40.7829064596718],[-73.89571305245951,40.782897855858316],[-73.89571304958785,40.78288913379581],[-73.89570846360161,40.78288802752724],[-73.8957041433332,40.782886417817174],[-73.89570018382645,40.78288434007839],[-73.89569667218859,40.7828818400201],[-73.89569368567398,40.78287897264246],[-73.89569128998407,40.78287580102633],[-73.89568388888821,40.7828703328314],[-73.8956746629039,40.78287235294938],[-73.89566511840776,40.78287314451166],[-73.8956555363854,40.78287268421493],[-73.89564619892707,40.78287098561005],[-73.89563738092329,40.78286809870342],[-73.89562934197214,40.78286410848399],[-73.89562231873629,40.78285913242216],[-73.8956165179764,40.782853317010805],[-73.89561211046387,40.78284683345285],[-73.89560922595308,40.78283987262118],[-73.89560794936229,40.78283263943932],[-73.89560831827306,40.78282534684833],[-73.8956103218244,40.782818209538604],[-73.89560553354485,40.78281749610363],[-73.89560094568512,40.782816233278176],[-73.89559666665066,40.78281445090126],[-73.89559279754955,40.78281219108819],[-73.89558942980372,40.78280950723547],[-73.89558664298849,40.782806462759154],[-73.89558450295304,40.78280312959629],[-73.89558306026329,40.782799586505384],[-73.89558243942678,40.782796716900044],[-73.89558227729273,40.782793811363234],[-73.89558257621648,40.78279091210382],[-73.8955708104995,40.78279237694934],[-73.89555888835953,40.78279244707983],[-73.8955470942262,40.78279112082213],[-73.8955357094756,40.78278842981711],[-73.89552500571648,40.78278443826485],[-73.89551523831139,40.78277924139284],[-73.89542536848,40.782719970804514],[-73.89477429053531,40.78225359249442],[-73.89542197971655,40.78171777101649],[-73.8953575056752,40.781657657133636],[-73.89535083030216,40.78166394584016],[-73.89527872466518,40.78172268695977],[-73.89528796173525,40.7817292382267],[-73.89462439338403,40.782269809190915],[-73.89460091774579,40.78225315898151],[-73.8952373986715,40.78173465477362],[-73.89521264204427,40.781717096707766],[-73.8952434310705,40.78169201531769],[-73.8952661225133,40.7817081101757],[-73.89531098163927,40.781671565894236],[-73.89531667833324,40.78167560575181],[-73.89534092170129,40.78165585474458],[-73.89534850467375,40.781649265484575],[-73.89532558010079,40.78162627391116],[-73.89535590038525,40.781595651496175],[-73.89534447842289,40.781585566311456],[-73.895284679113,40.781541249255],[-73.89527648089769,40.78155307297096],[-73.89526579426165,40.78156368652241],[-73.89525292085874,40.78157279031754],[-73.89523822406923,40.78158012738076],[-73.89523151925067,40.78159093283299],[-73.89522278732632,40.781600866481426],[-73.89521222004234,40.781609710190075],[-73.89520004944862,40.78161726975705],[-73.89518654280283,40.781623379179145],[-73.89518621084041,40.781644994973185],[-73.89518095260196,40.78166623951715],[-73.8951709274137,40.781686469075396],[-73.89515643904737,40.78170507066723],[-73.89513792651513,40.78172148064062],[-73.89511595076827,40.78173520175221],[-73.89509117769865,40.78174581823427],[-73.89506435796224,40.78175300839334],[-73.89506095399058,40.78176120857212],[-73.89505582515399,40.78176887270739],[-73.89504911062846,40.78177579282512],[-73.89504099261858,40.78178178114107],[-73.89503169141436,40.78178667515629],[-73.89502145941343,40.781790342066714],[-73.8950105742711,40.78179268236708],[-73.89500426064093,40.78181301420961],[-73.89499345069386,40.78183222091805],[-73.89497846512413,40.78184973268753],[-73.89495974850544,40.78186502999664],[-73.89493785610166,40.78187765901988],[-73.89491343739395,40.7818872450918],[-73.89488721681201,40.78189350382191],[-73.89488496839809,40.78190215252365],[-73.8948809497007,40.781910422328714],[-73.89487526176993,40.78191810529088],[-73.89486804763,40.781925008220355],[-73.89485948868129,40.78193095754122],[-73.89484980014085,40.781935803656296],[-73.89483922562921,40.78193942470868],[-73.8948280310449,40.78194172964628],[-73.89482005609598,40.78196182401909],[-73.89480821818276,40.781980786131385],[-73.89479278344412,40.781998189673],[-73.89477409888502,40.78201364337351],[-73.89475258457443,40.78202679979905],[-73.89472872420049,40.78203736316338],[-73.89470305419827,40.78204509597825],[-73.89470149815,40.78205312348592],[-73.89469817337917,40.782060834057724],[-73.89469317623515,40.78206800424624],[-73.89468665153109,40.78207442626402],[-73.89467878834888,40.78207991400492],[-73.89466981455806,40.78208430843755],[-73.89465999021363,40.78208748221383],[-73.89464960001914,40.78208934335989],[-73.8946429797257,40.78210909810607],[-73.89463214651946,40.782127746566616],[-73.8946173996284,40.78214477363944],[-73.89459914638431,40.78215970900725],[-73.89457789097183,40.782172140129205],[-73.8945542205009,40.78218172363576],[-73.89452878879166,40.782188194813386],[-73.89452289517844,40.78219953254753],[-73.8945147639889,40.782210040274215],[-73.89450459119251,40.782219464745374],[-73.89449262196469,40.78222757882059],[-73.89447914477677,40.78223418694116],[-73.8944644844443,40.78223912984393],[-73.89445904523399,40.78225694091519],[-73.89444990515501,40.78227385419878],[-73.89443730258803,40.78228942857757],[-73.89442156621944,40.78230325785425],[-73.89440310647024,40.78231498134559],[-73.89438240479058,40.78232429328929],[-73.89436000110348,40.78233095081921],[-73.89433647972336,40.7823347802989],[-73.89433563699289,40.78234260534886],[-73.89433312559078,40.78235022096253],[-73.89432901285008,40.78235742295632],[-73.89432340903777,40.78236401823604],[-73.89431646439846,40.78236982997446],[-73.89430836512592,40.78237470235179],[-73.89429932837116,40.782378504733785],[-73.89428959642056,40.7823811351738],[-73.89427943019959,40.78238252314662],[-73.89427308559658,40.78240085248061],[-73.89426271457897,40.78241808841009],[-73.89424862209351,40.78243372412952],[-73.89423122251387,40.78244729988573],[-73.89421102745601,40.78245841649637],[-73.89418863073587,40.78246674708787],[-73.89416469090781,40.78247204670663],[-73.89413991190062,40.782474159522415],[-73.89411502231859,40.78247302340958],[-73.89409075401737,40.78246867177467],[-73.8940678205845,40.782461232573475],[-73.89404689635568,40.78245092454896],[-73.89402859658787,40.78243805079892],[-73.89401345936696,40.78242298986408],[-73.89400177803833,40.782424442993],[-73.89398994178553,40.78242452337923],[-73.89397822816315,40.782423229137926],[-73.89396691184992,40.78242059061841],[-73.89395625820784,40.78241666969262],[-73.89394651705946,40.78241155830433],[-73.89393791682957,40.78240537631327],[-73.89393065918937,40.782398268683856],[-73.89390715108048,40.78240092006579],[-73.8938833881687,40.78240065447342],[-73.89385999277843,40.782397478862215],[-73.89383757760861,40.78239147639796],[-73.89381672968695,40.78238280427847],[-73.89379799499679,40.78237168961678],[-73.89378186417683,40.78235842349319],[-73.89376875967315,40.78234335333219],[-73.89375902467498,40.78232687380359],[-73.89375291412806,40.78230941648678],[-73.89374075949519,40.78230640180146],[-73.8937294363084,40.782301888817955],[-73.89371926159122,40.78229600388985],[-73.8937105202123,40.78228891178176],[-73.8937034569107,40.78228081105684],[-73.8936982694416,40.782271928517204],[-73.89366772698187,40.78226410573792],[-73.89363936722398,40.78225246617131],[-73.89361400859983,40.78223734572317],[-73.89359238293027,40.78221918075379],[-73.89357511430588,40.78219849548464],[-73.89356270107572,40.782175886869716],[-73.89355402716856,40.78217441173723],[-73.89354577527426,40.78217190113894],[-73.8935381578218,40.782168419705215],[-73.89353137090754,40.78216405705883],[-73.89352558924718,40.7821589255077],[-73.89352096167788,40.78215315715348],[-73.89351760732723,40.78214690049119],[-73.89351561254605,40.78214031658626],[-73.89348965072793,40.78213501062652],[-73.89346528035885,40.78212638307131],[-73.89344323071678,40.782114692098595],[-73.89342416163204,40.782100287558634],[-73.89340864374078,40.78208360050428],[-73.89339714140951,40.78206513029176],[-73.89338999883915,40.78204542963754],[-73.89338099469879,40.782045635182534],[-73.8933720653866,40.78204473096843],[-73.89336344606531,40.78204274080857],[-73.89335536373335,40.78203971711593],[-73.89334803124737,40.78203573952252],[-73.8933416417155,40.7820309127823],[-73.8933363634123,40.782025364012284],[-73.89333233534717,40.782019239344976],[-73.89332966360237,40.78201270007958],[-73.89332841854092,40.78200591843404],[-73.89332863295209,40.78199907300986],[-73.89330984874526,40.78199986187214],[-73.89329113505842,40.78199839552209],[-73.89327295758399,40.78199471044988],[-73.89325576867073,40.78198889835913],[-73.89323999606657,40.78198110388437],[-73.89322603227414,40.78197152099211],[-73.89321422478301,40.781960388153585],[-73.8932048674227,40.78194798241061],[-73.89319819305062,40.78193461248109],[-73.89319436775718,40.781920611076785],[-73.89316202561442,40.78190028083097],[-73.89313414972762,40.7818764330714],[-73.8931080016681,40.78186982624574],[-73.89308341028187,40.78186037706741],[-73.89306090692054,40.78184828970733],[-73.89230750203646,40.782466041573905],[-73.8922970209443,40.78253435048876],[-73.89281494422083,40.78291321498279],[-73.89274917876409,40.78296570668492],[-73.89214593583782,40.78254084269166],[-73.89165459123714,40.78219478153091],[-73.89171690105482,40.78214228602748],[-73.89188955621871,40.782258065805436],[-73.89214162714589,40.78243172650337],[-73.89224191097368,40.782410799563905],[-73.89300986180193,40.78179802356241],[-73.89300068989456,40.7817797192585],[-73.89298944040658,40.781776617703315],[-73.89297902279341,40.78177214176664],[-73.89296972522777,40.781766415262304],[-73.89296180489951,40.78175959659733],[-73.89295548090088,40.78175187439023],[-73.89295092816623,40.78174346225317],[-73.89292378243888,40.78173841653685],[-73.89289812862303,40.78172999196001],[-73.89287468890664,40.781718425685796],[-73.89285412314685,40.78170404331984],[-73.89283701029424,40.78168724974411],[-73.89282383209442,40.78166851771913],[-73.89281495952696,40.7816483745746],[-73.89279607123358,40.781642234683254],[-73.89277875372505,40.781633834773736],[-73.89276347100113,40.781623399910636],[-73.89275063254144,40.78161120968292],[-73.89272707550118,40.78160525578756],[-73.89270499095133,40.78159663715556],[-73.89268489698156,40.7815855559747],[-73.89266726498201,40.781572272202396],[-73.89265250858692,40.781557097467484],[-73.89264097396934,40.7815403877592],[-73.89263293172104,40.781522535075915],[-73.89261894815432,40.781518412787854],[-73.89260590834243,40.78151277992559],[-73.89259409283873,40.78150575768113],[-73.89258375585601,40.781497497139355],[-73.89257511979511,40.78148817602739],[-73.89256837046231,40.781477994890544],[-73.89254346998541,40.78147283193151],[-73.89251990370916,40.78146483073014],[-73.89249822781176,40.78145418011962],[-73.89247895385681,40.78144113146098],[-73.89246253671939,40.7814259927103],[-73.89244936385147,40.78140912115094],[-73.89243974613807,40.781390914961385],[-73.89242833834692,40.781387883502035],[-73.89241768316587,40.78138354944614],[-73.8924080361711,40.78137801675108],[-73.8923996287566,40.78137141812468],[-73.89239266258372,40.78136391184269],[-73.8923873047433,40.781355677951716],[-73.89235597152192,40.78134718342773],[-73.89232690327587,40.78133488689221],[-73.89230089189091,40.781319123331876],[-73.89227864597586,40.78130032218299],[-73.89217832400549,40.78137075104892],[-73.89216184201894,40.78135819165588],[-73.89211148854682,40.78139517920925],[-73.89208480450479,40.78137365032231],[-73.89224627026225,40.781254752298075],[-73.89223503512561,40.78124399352785],[-73.89222640840977,40.781231923478835],[-73.89222064846463,40.781218903623035],[-73.89221792778646,40.78120532387674],[-73.89219774243176,40.781205094352984],[-73.89217786783173,40.7812024025735],[-73.89215882039414,40.78119731847934],[-73.89214109503283,40.78118997417196],[-73.89212515231024,40.78118056048034],[-73.8921114064691,40.78116932200288],[-73.89210021466991,40.781156550751525],[-73.89209186771004,40.78114257856454],[-73.89208658246865,40.78112776848434],[-73.89208449627081,40.78111250532394],[-73.8920775931036,40.78111342825885],[-73.89207058397244,40.781113430170365],[-73.89206367993602,40.78111251100086],[-73.89205708888804,40.78111069842846],[-73.89205100929793,40.78110804703307],[-73.89204562423407,40.781104636653566],[-73.89204109585083,40.78110056998304],[-73.89203756050685,40.781095969476745],[-73.8920351246573,40.781090973664924],[-73.89203386165076,40.78108573298108],[-73.89203380951797,40.781080405232196],[-73.89203496982869,40.78107515084708],[-73.89201473540034,40.78107477947678],[-73.89199485119507,40.78107190608521],[-73.89197584902857,40.78106660752322],[-73.89195823712579,40.781059025504014],[-73.89194248652747,40.781049362813626],[-73.89192901849222,40.78103787788666],[-73.89191819322978,40.7810248778945],[-73.89191030026653,40.78101071052955],[-73.89190555070239,40.780995754706254],[-73.89190407156478,40.78098041042644],[-73.89190406397672,40.78096695587621],[-73.89190683062985,40.7809536667008],[-73.89191230313938,40.7809408713701],[-73.89192034623892,40.78092888614771],[-73.89186879455195,40.780892684116594],[-73.89184879376016,40.780901419761165],[-73.89182713161306,40.78090744613815],[-73.89180443763595,40.78091058811471],[-73.89178137134047,40.78091075438129],[-73.89175860305873,40.78090794010622],[-73.8917367944619,40.78090222707538],[-73.89171657933147,40.78089378131557],[-73.89169854514009,40.78088284826983],[-73.89168321597965,40.78086974566418],[-73.89167103732989,40.780854854274025],[-73.89166236311286,40.78083860685876],[-73.89165744540756,40.78082147558477],[-73.89165642712457,40.780803958303885],[-73.89165933785294,40.78078656408531],[-73.89166609300104,40.780769798421744],[-73.8916588007794,40.780766615095885],[-73.89165234114579,40.780762522503466],[-73.8916469081293,40.7807576435744],[-73.89164266492187,40.78075212485775],[-73.89163973897692,40.78074613211998],[-73.89163821818126,40.7807398453657],[-73.89163814821477,40.780733453430834],[-73.89163953117858,40.7807271483109],[-73.89164232553213,40.78072111939327],[-73.89164644734056,40.78071554776915],[-73.89163697362129,40.780708596940585],[-73.89161945798152,40.780696824524156],[-73.89160475144033,40.7806830082006],[-73.89159326079647,40.78066753014553],[-73.89158530389199,40.78065081849969],[-73.89158110082072,40.7806333355261],[-73.8915807678416,40.78061556482323],[-73.89158431416209,40.78059799794792],[-73.89159164168407,40.78058112081885],[-73.89160254771814,40.78056540027477],[-73.89161673058945,40.78055127116228],[-73.89163379798391,40.780539124306664],[-73.89165327779901,40.780529295702074],[-73.89167463120283,40.78052205721724],[-73.89167988935395,40.780508920353455],[-73.89168741475608,40.78049643716557],[-73.89169832106516,40.78048355510337],[-73.89171163591914,40.780472055587445],[-73.89172706068778,40.78046219653214],[-73.89172861206339,40.78044467251151],[-73.89173389812679,40.78042757466709],[-73.89174277765987,40.780411359761715],[-73.89175501344639,40.78039646097016],[-73.89177027861068,40.78038327630774],[-73.89178816534827,40.78037215799719],[-73.89180819582167,40.78036340305923],[-73.89182983492502,40.78035724537823],[-73.8918525045792,40.78035384945381],[-73.89184972450708,40.78034873932372],[-73.89184813150253,40.7803433436794],[-73.89184777222857,40.78033782057264],[-73.89184865720875,40.780332331788706],[-73.89185076051976,40.780327038107636],[-73.89185402055014,40.78032209459411],[-73.89185834180519,40.78031764605575],[-73.89186359770507,40.78031382280106],[-73.89186963429121,40.780310736822344],[-73.89187627473741,40.78030847851546],[-73.89188332452913,40.78030711403163],[-73.89189057716082,40.78030668333991],[-73.89189782018565,40.78030719905615],[-73.89190484143744,40.780308646073955],[-73.89190843215663,40.78029036705601],[-73.89191589729641,40.78027277809737],[-73.89192703687932,40.78025635036587],[-73.89194155249987,40.780241523922236],[-73.89195905531605,40.780228695932244],[-73.89197907646714,40.78021821002747],[-73.89200107963292,40.78021034710063],[-73.89202447540029,40.78020531778073],[-73.89202531850046,40.780197002564115],[-73.89202790632538,40.780188897999665],[-73.89203217177996,40.78018121421341],[-73.89203800427404,40.78017415042172],[-73.89204525258872,40.78016788976641],[-73.89205372879782,40.78016259456657],[-73.89206321314,40.78015840210994],[-73.89207345971596,40.780155421093596],[-73.89208420286432,40.78015372880588],[-73.89209092157765,40.780133795168176],[-73.89210165696899,40.780114904957884],[-73.892116145078,40.78009752263911],[-73.89213402967553,40.78008207559987],[-73.89215487102163,40.780068943644594],[-73.89217815667818,40.780058449654916],[-73.89220331410868,40.78005085165176],[-73.8922095907272,40.780042226707664],[-73.89221743355724,40.78003437740314],[-73.89222667960959,40.780027466861505],[-73.89223713673375,40.78002163869678],[-73.89224651884531,40.780017733008684],[-73.8922564445809,40.78001470160603],[-73.8922667735545,40.7800125873639],[-73.89226759637118,40.780003072655575],[-73.89226953828597,40.77999365236508],[-73.89227640997638,40.779975968901304],[-73.89228720076754,40.77995945505686],[-73.89230158555651,40.77994460835328],[-73.89231913096312,40.779931876084994],[-73.89233930838617,40.779921641843316],[-73.89236150993007,40.77991421396043],[-73.89238693345635,40.77990742846381],[-73.89238594725954,40.77990319124199],[-73.89238594229003,40.779898888217325],[-73.89238691869848,40.77989464968579],[-73.89238884691879,40.77989060399061],[-73.89239335264537,40.77988442906888],[-73.89239897380979,40.77987880745451],[-73.89240559484588,40.779873854722595],[-73.89241307963125,40.77986967269665],[-73.89241853906681,40.77986745214715],[-73.89242435593188,40.77986583910385],[-73.89243041393676,40.77986486581426],[-73.8924365919707,40.77986455173636],[-73.89244276652364,40.779864903149104],[-73.89244504715467,40.77984206083194],[-73.89244763140513,40.77983118796244],[-73.89245239470101,40.77982074919506],[-73.89245922263511,40.77981099525197],[-73.89246795121068,40.7798021604067],[-73.89247837078098,40.77979445685771],[-73.89249023108479,40.7797880696313],[-73.8925032472575,40.77978315213794],[-73.89251710667185,40.779779822487704],[-73.89253484564897,40.779770519588666],[-73.8925128172441,40.779741786849655],[-73.89249619226824,40.77970211269653],[-73.89249710706602,40.779674412036925],[-73.89254394803135,40.77957559574732],[-73.89254018145542,40.77955183427164],[-73.8924774877329,40.77951465264386],[-73.89245856426385,40.77952809352362],[-73.89243701349254,40.779539011923816],[-73.89241341100086,40.7795471162331],[-73.89238838716915,40.77955218999973],[-73.89236261033997,40.779554097712165],[-73.89233676896743,40.779552788418876],[-73.89231155322946,40.77954829708877],[-73.89228763659428,40.77954074367741],[-73.89222623412786,40.77953164432707],[-73.8921639309212,40.77952735346818],[-73.89210137690594,40.77952791586192],[-73.89203922463032,40.77953332564137],[-73.89197812245183,40.77954352637308],[-73.89181791840944,40.779588573628814],[-73.89166859702924,40.77949253890751],[-73.89150718848505,40.77909786666841],[-73.89129658525385,40.77891576446917],[-73.8911958970439,40.77856328788731],[-73.89218330746341,40.77772181348761],[-73.89252259860889,40.77740462898924],[-73.89250271923288,40.777364694300225],[-73.89225365703457,40.77720452302912],[-73.89213229037036,40.7770909363802],[-73.89204077552408,40.77696289817088],[-73.89184469282341,40.77668550990637],[-73.8917722965256,40.77659352115351],[-73.8916521596491,40.77656232354988],[-73.89153058423848,40.776476769285544],[-73.89143415108215,40.77638052314365],[-73.89141605902395,40.776338956234454],[-73.89140128112405,40.77604486488044],[-73.89148016646897,40.77589684238901],[-73.89152987157546,40.775605631198225],[-73.89166785647701,40.77548456209784],[-73.89176577778602,40.7753571879054],[-73.89180883450248,40.775219640564586],[-73.89179251028406,40.77508872809527],[-73.89183244904503,40.77488019988893],[-73.8917254778065,40.77505203213421],[-73.89171751335823,40.775163632893126],[-73.89168935121086,40.77525473784375],[-73.89152759083345,40.77547813536764],[-73.89144361875265,40.77562269470986],[-73.89135801404615,40.77604940843293],[-73.8913676627334,40.77634299857876],[-73.89145185712488,40.77651276927105],[-73.89126414584786,40.77685585537479],[-73.89110422665516,40.777023206974945],[-73.8911204433948,40.77712469973621],[-73.89106681416045,40.77721292530503],[-73.89094860635713,40.77728384517281],[-73.89073132114231,40.77733204986795],[-73.89056250595347,40.777403920964474],[-73.89049834642208,40.77746263585217],[-73.89045915776707,40.77755049725362],[-73.89046537395117,40.777703219287254],[-73.89035193082525,40.77780032077764],[-73.89017369508576,40.777850812778034],[-73.89008729416877,40.77778419310447],[-73.8900236909521,40.777247126406515],[-73.88951644381002,40.775936714445834],[-73.88947151143196,40.77573805652358],[-73.88947105399666,40.77553555147002],[-73.8895551248035,40.77527870961313],[-73.88956149685701,40.77509223860272],[-73.88958184665684,40.7750350501166],[-73.88958935733962,40.77495871019269],[-73.88961448773941,40.77484568714233],[-73.88978900756054,40.77423686117006],[-73.88984246558316,40.774100378556945],[-73.88988671629585,40.77401734907445],[-73.89006760152654,40.77396248375363],[-73.8901917152066,40.773646876225214],[-73.89008921667374,40.77362643552502],[-73.88997672738805,40.77372361065078],[-73.88985169959678,40.7737532973641],[-73.88975035178007,40.77371739585044],[-73.88960719594927,40.77362033816162],[-73.88952353303053,40.773575180006496],[-73.88945486903737,40.773532951127386],[-73.88779843805143,40.77371129742483],[-73.88767940155543,40.77381879172342],[-73.88580762286652,40.77402222447557],[-73.88581012437984,40.77403601766643],[-73.88581792367333,40.77407899874065],[-73.88582793733663,40.774077948058256],[-73.88583361561382,40.77410924044009],[-73.88579151867035,40.77411365507259],[-73.88579034397598,40.77410718725059],[-73.88568182351509,40.77411856804333],[-73.88568292636887,40.774124645460425],[-73.88566947657924,40.774126056084015],[-73.88569498085096,40.77426661044574],[-73.88570207086131,40.77426586713144],[-73.88571221642837,40.77432177162436],[-73.88567398900969,40.77432577994907],[-73.88567349258264,40.7743230506313],[-73.88565054964837,40.774325457489766],[-73.88567007665036,40.77443307121707],[-73.8856265073983,40.77443763979227],[-73.88560236103582,40.77430456393926],[-73.88564627381488,40.77429995952859],[-73.88564767572932,40.77430769122328],[-73.88566773133905,40.7743055884075],[-73.88566130979969,40.774270205644704],[-73.88566791315597,40.77426951277739],[-73.88564276584658,40.774130933388776],[-73.8856385336236,40.77413137765454],[-73.8856323103537,40.77409707478877],[-73.88567586836314,40.77409250687032],[-73.88567708364296,40.77409920256871],[-73.88578804109207,40.77408756620651],[-73.88578683431469,40.774080917759996],[-73.88579477727255,40.774080084654],[-73.88578718974873,40.77403826926405],[-73.88578473697669,40.774024712164724],[-73.8843155668891,40.77418436448685],[-73.88408262463024,40.774104480143556],[-73.88391627963797,40.77413260659172],[-73.88393168284288,40.77418464485529],[-73.8841083630135,40.774167082896476],[-73.88455150532236,40.77436062182976],[-73.8846598266042,40.77448010121038],[-73.88479222517182,40.774807063120235],[-73.88483742391138,40.7749529802433],[-73.8848553608045,40.77510221157251],[-73.88483519595937,40.77522084211611],[-73.8847736190733,40.77533228058672],[-73.88467523733526,40.77539676597278],[-73.88460175355154,40.775420510694644],[-73.88454882637386,40.77542804910105],[-73.88445519420895,40.77546480385071],[-73.88441988513254,40.77545646570213],[-73.88428737712215,40.77547205566362],[-73.8842883055274,40.775483097036876],[-73.88433217018833,40.77548297036836],[-73.88436257156559,40.77549337373293],[-73.8844095718806,40.7755493603749],[-73.88443135248053,40.77565610207077],[-73.88471823791097,40.77706201279981],[-73.88475744404514,40.777254138182855],[-73.88482322075289,40.777512397707184],[-73.88493197897337,40.77790502210463],[-73.8849907041199,40.77814521738833],[-73.88503248656444,40.778299831723025],[-73.88505522658441,40.77840531274433],[-73.88511399222635,40.778475529034694],[-73.8852000839678,40.77851357126371],[-73.88523914391665,40.77855922067348],[-73.88525026986592,40.77861290174266],[-73.8852187594233,40.77866136230262],[-73.88508345876635,40.77867131316219],[-73.88505291741029,40.77877543516966],[-73.88512416435479,40.779061208780604],[-73.88508410716354,40.77935257111377],[-73.8851615248084,40.779413264719246],[-73.88511968881781,40.77951137538276],[-73.8851696401095,40.77953356919429],[-73.88517171996857,40.77952724902139],[-73.885425969449,40.77963987217423],[-73.88541287251148,40.77965996003542],[-73.88515622951502,40.77955045948967],[-73.88516119219204,40.77954415106876],[-73.8851088700627,40.77952231004403],[-73.8850249728927,40.77955731843963],[-73.88510057226836,40.77961243133521],[-73.88504930343672,40.7796252458291],[-73.88513138848677,40.7797361179983],[-73.88514973691991,40.77972863097634],[-73.88519336272715,40.77978621409936],[-73.88515854976067,40.77979833037122],[-73.88502158255687,40.77961485404021],[-73.8850578093422,40.77960023772876],[-73.88500897510102,40.7795648071175],[-73.88497842475462,40.779744382405376],[-73.88493466381271,40.779936912304606],[-73.88488113731138,40.779987196238906],[-73.88478225021177,40.78003847999549],[-73.88445032609445,40.78015460082379],[-73.88385203219467,40.78026432025726],[-73.88325271441282,40.78026542290231],[-73.88324038254821,40.78032572327398],[-73.88290491186646,40.78034869673741],[-73.88287851751367,40.78023632010952],[-73.88281116030053,40.7802189366978],[-73.88274449717208,40.78022342356979],[-73.88264030510899,40.78028585745655],[-73.88231777091454,40.78036054879596],[-73.88215899724435,40.78036786706076],[-73.88211863000274,40.78039586317739],[-73.88208293364791,40.78045083616741],[-73.88202629453511,40.780485043025465],[-73.88187200517194,40.780498454870006],[-73.88168407683789,40.78050006213649],[-73.88155872181727,40.78054662573683],[-73.88139075985553,40.780601608408254],[-73.8812191473708,40.78061061673527],[-73.88096087912395,40.78058557723653],[-73.88087003883926,40.7805730596729],[-73.88075025848272,40.780574326246374],[-73.88038817410674,40.780619416403056],[-73.88018929439177,40.78063496741922],[-73.8800224049746,40.78064471983997],[-73.87990587782483,40.78063914466854],[-73.87973466843114,40.7806548175475],[-73.87961343937253,40.78069431895551],[-73.87958646834709,40.780698110357726],[-73.87959071037675,40.780779148716725],[-73.87960408126767,40.78077916268684],[-73.87960692432854,40.78085031306543],[-73.87947468643911,40.7808569510753],[-73.87947341303446,40.78070268891435],[-73.87944805023491,40.78070047651209],[-73.87935806036118,40.78065668063011],[-73.87930409174436,40.78075940737843],[-73.87920483851617,40.780767389335054],[-73.87913370828576,40.78067822887982],[-73.87892488684354,40.78067355164912],[-73.87870562518874,40.78058590995029],[-73.87905115693079,40.78173053286097],[-73.87930868295247,40.78185365782992],[-73.87885837485584,40.78239817868136],[-73.8788883123546,40.782414426612156],[-73.87888384757909,40.782418939243804],[-73.87914510421407,40.78254456779583],[-73.87916445729643,40.78252313142994],[-73.87918078802261,40.782529923616636],[-73.87916440606021,40.7825513642734],[-73.87974777853584,40.78283656420728],[-73.8797016367226,40.78288281807247],[-73.87967788425708,40.78287262950673],[-73.87970469079072,40.782837648359575],[-73.87945679555362,40.782715422593064],[-73.87942106533065,40.782756040791845],[-73.87940622567464,40.78274586149505],[-73.87943006869374,40.78270635948356],[-73.87914654749872,40.7825682855528],[-73.87908251177446,40.78265065866094],[-73.87906024515908,40.78264047102379],[-73.87912427592009,40.782560356165746],[-73.87886747171292,40.78243699116023],[-73.87885705699973,40.782444885571394],[-73.87883146781734,40.782430714494545],[-73.87833923298054,40.78302592074961],[-73.87515754893464,40.78150944915086],[-73.87484527331385,40.78168492457808],[-73.87124856242608,40.786038150752596],[-73.87089907689167,40.78587142550366],[-73.86978081192638,40.785337933326005],[-73.86923491765864,40.78596991491654],[-73.86817127125069,40.787256196157244],[-73.86823784768373,40.78727964308499],[-73.86809912257888,40.787458661818576],[-73.8678840747076,40.78736103669476],[-73.8680330487346,40.78718202995289],[-73.86813032000016,40.78723277784437],[-73.86918113437791,40.78594348957018],[-73.86969325713977,40.785296163255026],[-73.86987007434445,40.78508590656581],[-73.86943751657189,40.783638399311336],[-73.86872657288411,40.78373169825418],[-73.86872335428404,40.78374216358834],[-73.86871750114238,40.78375414755494],[-73.86871737797436,40.78375435380602],[-73.86871725546841,40.78375455955521],[-73.86871665054205,40.78375553269154],[-73.86871597950507,40.783756613303886],[-73.86871545733726,40.7837574191766],[-73.86871532337727,40.78375762156226],[-73.86871519007946,40.78375782344609],[-73.86871505457674,40.783758025830004],[-73.86871491973757,40.783758227041986],[-73.86871478357465,40.78375842892255],[-73.86871464741276,40.783758630300525],[-73.86871450992972,40.78375883100692],[-73.86871437288613,40.783759032383934],[-73.86871295487254,40.78376103219511],[-73.86871237721111,40.78376181438346],[-73.86871095230745,40.78376361985721],[-73.8687093057912,40.78376570618613],[-73.86870914960257,40.78376589263156],[-73.86870899319342,40.78376607907675],[-73.8687086711011,40.78376646083536],[-73.8687085080725,40.78376665112607],[-73.86870834592867,40.783766839742505],[-73.86870702277703,40.78376834613165],[-73.86870685424478,40.78376853323315],[-73.86870668637502,40.78376871966521],[-73.86870651630134,40.783768906094814],[-73.86870634688985,40.78376909202261],[-73.86870617593685,40.78376927727854],[-73.86870600454273,40.783769462701464],[-73.86870583292722,40.783769648626716],[-73.86870566153539,40.783769832876985],[-73.86870548860074,40.783770017125484],[-73.86870531544581,40.78377020137372],[-73.86870514030724,40.783770385619725],[-73.86870496605344,40.78377056819141],[-73.86870479091718,40.78377075126474],[-73.8687046157806,40.78377093450561],[-73.86870426264595,40.78377129914125],[-73.8687039073105,40.78377166209911],[-73.86870318871276,40.78377238432026],[-73.86870300696991,40.7837725647056],[-73.86870282114214,40.7837727488557],[-73.86870263862994,40.78377292815124],[-73.86870246152844,40.783773102008404],[-73.86870208944583,40.783773463355686],[-73.86870135369193,40.78377416788335],[-73.86870096948554,40.783774530305784],[-73.86870021986307,40.78377522635759],[-73.8686994623186,40.78377591636948],[-73.86869926912908,40.78377608953815],[-73.86869907682099,40.78377626287547],[-73.86869830054985,40.78377694918041],[-73.86869789763098,40.78377730069233],[-73.86869770666178,40.783777465654815],[-73.86869751547329,40.78377763011454],[-73.86869731744228,40.78377779959215],[-73.86869711919243,40.783777968399455],[-73.86869672203255,40.78377830551076],[-73.86869630898637,40.78377865148281],[-73.86869469947082,40.783779968241795],[-73.86869386947504,40.7837806279327],[-73.8686930445821,40.78378127054188],[-73.86869006902297,40.783783491051864],[-73.86868920031573,40.783784110911384],[-73.86868610020906,40.78378623126662],[-73.86868584200998,40.78378640050817],[-73.86868150130894,40.783789123295264],[-73.86867962432555,40.78379022406027],[-73.86867865260106,40.78379077846737],[-73.86867770142211,40.783791308187915],[-73.86867674320342,40.78379183136686],[-73.86867649013732,40.783791968281776],[-73.86867623839557,40.78379210419315],[-73.86867575477865,40.78379236045851],[-73.86867546354904,40.78379251492018],[-73.86867428652042,40.78379312705713],[-73.86867179897192,40.783794371700665],[-73.86866722406542,40.78379649615447],[-73.8686667584026,40.78379670067488],[-73.86864732144208,40.78380356281345],[-73.86862661342214,40.78380775515435],[-73.86860526184714,40.78380915092564],[-73.86858391565679,40.78380770647252],[-73.86856322361506,40.78380346692939],[-73.86854381382541,40.78379656049971],[-73.86852627786214,40.78378719743348],[-73.86851114676412,40.78377566212554],[-73.86850398371179,40.78376847481686],[-73.86850192721394,40.7837661152197],[-73.86849499746143,40.7837567483354],[-73.86849323069349,40.7837538781161],[-73.8684927492194,40.78375304915331],[-73.86849029142766,40.7837484330327],[-73.86849026179225,40.78374837319232],[-73.86848925437694,40.78374624212409],[-73.8684890601713,40.78374581370741],[-73.86848832475243,40.783744116002914],[-73.86848814707096,40.78374369045303],[-73.86848713831819,40.78374112080157],[-73.86848711530357,40.783741056445564],[-73.86848621695336,40.78373849512888],[-73.86848620468355,40.783738458426846],[-73.8684860618424,40.783738024037866],[-73.86848539305899,40.78373584175819],[-73.86848514419836,40.78373496531611],[-73.86848500436861,40.783734456884275],[-73.86848478846119,40.78373363425545],[-73.86848477140039,40.78373356839852],[-73.86848466752525,40.7837331565024],[-73.86848456563213,40.78373274527862],[-73.8684844425616,40.78373223234279],[-73.8684843387523,40.78373178710923],[-73.86848404386413,40.783730446233996],[-73.86848387424986,40.78372961879974],[-73.86848369057954,40.783728654648705],[-73.86848361558077,40.783728240607694],[-73.86848354278783,40.78372782556406],[-73.8684834556516,40.78372730781101],[-73.86848338858789,40.783726893276516],[-73.8684833243928,40.78372647707003],[-73.8684832702145,40.78372612235682],[-73.86848321890123,40.78372576764683],[-73.86848316891162,40.783725412435864],[-73.86848313068545,40.78372512692883],[-73.86848312134615,40.78372505722759],[-73.86848296343113,40.78372377413744],[-73.86848285934144,40.78372280136595],[-73.86848281549241,40.783722350002314],[-73.86848266809096,40.783720542234434],[-73.86848263923088,40.78372008988281],[-73.8684825890053,40.783719184517885],[-73.86848256763952,40.783718731672245],[-73.86848254979928,40.78371827933314],[-73.86848253673728,40.78371786268243],[-73.86848252544073,40.78371744486106],[-73.86848250447672,40.78371556134848],[-73.86848254443093,40.78371329812523],[-73.86848257715279,40.783712464890954],[-73.86848259898403,40.78371201259718],[-73.86848264755395,40.78371118976759],[-73.86848309800821,40.783706522519935],[-73.86848322100579,40.783705621875946],[-73.86848335435995,40.78370472224888],[-73.86848382691949,40.783702030319084],[-73.86848399253009,40.78370120259729],[-73.86848450618764,40.783698904231684],[-73.86848461395819,40.783698459742126],[-73.86848495754461,40.78369712730176],[-73.868485076775,40.783696683327854],[-73.86848532470741,40.78369579807122],[-73.86848556479536,40.7836949788107],[-73.868485717428,40.78369447289045],[-73.86848597382019,40.78369365632897],[-73.86848754343325,40.78368922154359],[-73.86848786129309,40.78368841661147],[-73.86848806150762,40.78368792280736],[-73.86848860513953,40.783686628456],[-73.86848914555233,40.78368540161372],[-73.86848976641737,40.783684059605655],[-73.86849035375336,40.78368284370608],[-73.8684919167947,40.78367983891043],[-73.86849234788413,40.78367906158168],[-73.86849261549759,40.78367858929774],[-73.8684930936349,40.78367775975472],[-73.86849358212297,40.78367693424412],[-73.86849383066213,40.783676522750156],[-73.86849455720593,40.78367534889078],[-73.86849459125551,40.78367529398125],[-73.86849507674819,40.78367453430479],[-73.86849564179217,40.78367366917798],[-73.86849642119535,40.78367251347166],[-73.86849645722522,40.783672460239686],[-73.86849782906583,40.783670518509766],[-73.86849786729726,40.78367046645299],[-73.86849844894272,40.78366967656412],[-73.86849904049828,40.78366889070708],[-73.86849964218122,40.78366811022245],[-73.86850021400538,40.78366738297684],[-73.86850025399721,40.78366733242983],[-73.86850083462741,40.783666610219974],[-73.86850087439647,40.783666560845376],[-73.86850119010339,40.78366617639962],[-73.86850182569921,40.783665410193365],[-73.86850214779106,40.783665029105414],[-73.8685027572696,40.78366431882285],[-73.86850279857823,40.7836642711252],[-73.8685034579517,40.78366351767802],[-73.86850412877641,40.78366276910204],[-73.86850515163528,40.78366165538726],[-73.86850549684372,40.78366128689009],[-73.86850578616723,40.78366098148626],[-73.86850584491421,40.78366092007151],[-73.86850610684701,40.78366064579611],[-73.86850637032211,40.78366037169008],[-73.86850690277949,40.78365982499195],[-73.86850757522961,40.78365914610842],[-73.86850834569923,40.78365838457917],[-73.86850903598297,40.78365771509743],[-73.86850908102953,40.78365767175978],[-73.86850943697881,40.783657332926836],[-73.86851015460694,40.78365665577017],[-73.86851057788346,40.783656263238385],[-73.86851245326952,40.783654575716376],[-73.86851284316657,40.783654233571674],[-73.86851328361121,40.783653852618734],[-73.86851402892681,40.78365321720743],[-73.86851405784647,40.783653193116805],[-73.86851444771546,40.78365286521169],[-73.86851523405723,40.783652213429676],[-73.86851568616142,40.7836518433792],[-73.8685176997762,40.78365024714868],[-73.86851774833839,40.78365020934336],[-73.86851896058543,40.783649284645726],[-73.86852028910072,40.78364829977154],[-73.8685219821599,40.783647087981215],[-73.86852285216146,40.783646482364105],[-73.86852329487886,40.78364617814033],[-73.86852351601192,40.78364602862488],[-73.86852373891298,40.7836458767661],[-73.8685239860866,40.78364571019269],[-73.86852423502354,40.783645543621326],[-73.8685250824587,40.7836449813676],[-73.86852553375302,40.78364468653508],[-73.86852558362898,40.78364465308689],[-73.86852598768888,40.78364439338083],[-73.86852644338687,40.78364410073112],[-73.86852667178341,40.78364395608221],[-73.86852690040045,40.78364381143351],[-73.8685274101508,40.783643490868705],[-73.86852828443104,40.783642950591386],[-73.86852833430248,40.783642919320975],[-73.86852854106222,40.78364279391277],[-73.8685287493672,40.78364266733364],[-73.86852921496002,40.783642386254535],[-73.86852926637435,40.78364235498591],[-73.86852947379312,40.783642230583645],[-73.86852968407841,40.78364210568196],[-73.8685301540726,40.7836418279584],[-73.86853020482454,40.783641797191606],[-73.86853109846174,40.783641276201735],[-73.8685311498726,40.78364124660836],[-73.86853205143112,40.78364073216102],[-73.86853210261935,40.78364070374015],[-73.8685323153202,40.78364058319689],[-73.86853253066585,40.78364046265669],[-73.86853277005937,40.783640329579534],[-73.86853301011651,40.78364019533048],[-73.86853325083146,40.78364006275741],[-73.86853349309163,40.78363992901342],[-73.86853373380433,40.78363979761299],[-73.86853397672337,40.78363966504242],[-73.86853446255603,40.78363940258169],[-73.86853494970644,40.78363914246776],[-73.86853543861804,40.783638883361036],[-73.86853568351194,40.78363875514838],[-73.86853592928851,40.78363862643419],[-73.86853642105758,40.7836383711838],[-73.868536914806,40.78363811811351],[-73.86853740987347,40.78363786671992],[-73.86853790736198,40.783637617004445],[-73.86853840616864,40.783637369468266],[-73.86853895703543,40.78363709837035],[-73.86853991050218,40.78363663725526],[-73.86854016265394,40.78363651675706],[-73.86854041568732,40.783636396259844],[-73.86854092241103,40.78363615744401],[-73.86854143001159,40.78363592097446],[-73.86854168369861,40.78363580433106],[-73.8685419389316,40.78363568601423],[-73.86854244916968,40.78363545323325],[-73.86854296226831,40.783635222800946],[-73.86854321903755,40.78363510783633],[-73.8685434762465,40.78363499337483],[-73.86854373301378,40.78363487941535],[-73.8685439908827,40.78363476562463],[-73.8685445077174,40.78363454055738],[-73.86854476646482,40.783634428275484],[-73.86854502609256,40.78363431666458],[-73.86854528483678,40.78363420605791],[-73.86854554578476,40.783634095453706],[-73.86854580585047,40.78363398535109],[-73.86854606679628,40.78363387591956],[-73.86854632641872,40.78363376698911],[-73.86854658802457,40.78363365806091],[-73.86854685029084,40.78363354963602],[-73.8685471127764,40.783633441713974],[-73.86854739974439,40.78363332460597],[-73.8685476895773,40.78363320750126],[-73.86854792581069,40.78363311228118],[-73.86854816358789,40.78363301639283],[-73.86854868986937,40.783632806748635],[-73.86854922099701,40.783632598282736],[-73.86854948567671,40.78363249538892],[-73.86854975145835,40.78363239249641],[-73.86855028279922,40.7836321877163],[-73.86855081479561,40.78363198578484],[-73.86855135031524,40.783631785532634],[-73.86855188582936,40.78363158796084],[-73.86855242288537,40.78363139089335],[-73.86855296125799,40.783631196675344],[-73.86855323011227,40.783631100319774],[-73.86855349962646,40.7836310046351],[-73.86855409224606,40.783630795569174],[-73.86855433639319,40.7836307107447],[-73.86855458230333,40.78363062592229],[-73.86855566915132,40.783630255590445],[-73.86855594152334,40.78363016359457],[-73.86855621477551,40.783630072269865],[-73.8685564864817,40.783629982618606],[-73.86855676039322,40.78362989229971],[-73.86855730821155,40.78362971400736],[-73.86855785668676,40.7836295378936],[-73.86855840736291,40.78362936329002],[-73.86855868192674,40.78362927749509],[-73.86855895869562,40.78362919103257],[-73.86855951068547,40.78362902095375],[-73.86856006289105,40.78362885305295],[-73.86856033965344,40.7836287699409],[-73.86856061773834,40.783628686830426],[-73.86856089449743,40.78362860539365],[-73.86856117214037,40.78362852278519],[-73.8685617285218,40.78362836092007],[-73.86856228644251,40.78362820073196],[-73.86856284502039,40.783628042722455],[-73.86856312375434,40.783627965643596],[-73.86856340425494,40.783627886891495],[-73.86856396414643,40.78362773323907],[-73.86856452557723,40.78362758126373],[-73.86856480607027,40.78362750636472],[-73.86856508788436,40.7836274321373],[-73.8685655474314,40.783627310702876],[-73.86856564930754,40.78362728401497],[-73.86856593111867,40.78362721129527],[-73.8685662135908,40.78362713857638],[-73.86856677941343,40.783626994814746],[-73.86856734501013,40.78362685390073],[-73.86856791236698,40.78362671449653],[-73.86856848016,40.78362657743815],[-73.86856876350286,40.783626510248574],[-73.8685690494929,40.783626441889304],[-73.86856961749756,40.78362630918684],[-73.8685701890244,40.7836261786662],[-73.8685704730242,40.78362611365516],[-73.86857075988807,40.78362604914992],[-73.86857190490592,40.78362579799494],[-73.86857247795923,40.783625675684746],[-73.86857305166969,40.78362555555318],[-73.868573626699,40.783625437098394],[-73.86857420326673,40.783625320823155],[-73.86857477983034,40.783625206725745],[-73.86857535705067,40.78362509480687],[-73.86857593492778,40.78362498523414],[-73.86857651302118,40.78362487767199],[-73.86857709243236,40.783624772456626],[-73.86857738213524,40.78362472118916],[-73.86857767316297,40.783624668750534],[-73.86857796286488,40.783624617985645],[-73.86857825344708,40.78362456789189],[-73.86857883350655,40.78362446921074],[-73.8685791254092,40.783624420123665],[-73.86857941576798,40.78362437153731],[-73.86857999956662,40.783624276713596],[-73.86858028991978,40.78362423097521],[-73.86858058181808,40.78362418406589],[-73.86858087437432,40.7836241388326],[-73.86858116626937,40.783624093598526],[-73.86858174983466,40.783624005307985],[-73.86858233361457,40.78362391986563],[-73.8685829202578,40.783623835431655],[-73.8685835066765,40.78362375317528],[-73.86858409264858,40.783623673766314],[-73.86858468060117,40.78362359586732],[-73.86858526788708,40.783623520815546],[-73.86858585516875,40.783623447941515],[-73.86858644333007,40.78362337607373],[-73.86858703280798,40.78362330705533],[-73.86858753696855,40.78362325000146],[-73.86858778981868,40.78362322231305],[-73.86858804333,40.78362319462537],[-73.86858905450264,40.783623087556926],[-73.86858956085523,40.78362303653647],[-73.86859057443237,40.78362293952232],[-73.8685911645416,40.78362288574944],[-73.86859175684988,40.78362283432447],[-73.86859234915408,40.783622785077206],[-73.86859294145377,40.78362273800789],[-73.86859412824454,40.7836226504051],[-73.86859472119352,40.78362260936733],[-73.86859531479861,40.783622571010795],[-73.86859590861935,40.78362253499978],[-73.86859650221567,40.783622500998845],[-73.86859679846111,40.783622484919135],[-73.86859709602783,40.78362246934355],[-73.86859769049687,40.783622439866754],[-73.86859947520296,40.783622363332306],[-73.86860007031582,40.783622342567554],[-73.86860126052972,40.783622307236584],[-73.86860185629111,40.78362229300606],[-73.86860245138668,40.783622281120174],[-73.8686030473607,40.783622270743],[-73.86860364244767,40.7836222632128],[-73.86860423885273,40.78362225786187],[-73.86860453639233,40.78362225602325],[-73.86860483481357,40.7836222541857],[-73.8686054298876,40.78362225318892],[-73.86860602495605,40.783622255040065],[-73.86860632315155,40.78362225588263],[-73.86860662156519,40.78362225789808],[-73.86860721662731,40.7836222629322],[-73.86860781300526,40.7836222713183],[-73.86860840894131,40.78362228020654],[-73.86860900398922,40.783622292444235],[-73.8686095990329,40.7836223068597],[-73.86860989655194,40.7836223154077],[-73.8686101940722,40.78362232345306],[-73.86861078976929,40.78362234172239],[-73.86861108728426,40.78362235244818],[-73.86861138480002,40.78362236267132],[-73.86861168231266,40.78362237456978],[-73.86861197982748,40.78362238529556],[-73.86861227733914,40.783622397696575],[-73.86861257507111,40.783622410097855],[-73.86861316920697,40.783622437746864],[-73.86861356433894,40.78362245796531],[-73.86861376289812,40.78362246740558],[-73.86861396079468,40.78362247751524],[-73.86861435724683,40.78362249890786],[-73.86861495225143,40.7836225330913],[-73.86861554570892,40.7836225694508],[-73.86861613938255,40.78362260798841],[-73.86861673283238,40.783622648200996],[-73.86861732583743,40.7836226905909],[-73.86861851072993,40.78362278307557],[-73.8686188075574,40.78362280703506],[-73.86861910284118,40.78362283149531],[-73.868619694945,40.783622883768224],[-73.86861999088669,40.78362290990446],[-73.86862028704765,40.783622936543594],[-73.86862058166366,40.78362296435369],[-73.86862087694084,40.78362299216442],[-73.86862117375655,40.78362302215485],[-73.86862146903275,40.78362305046819],[-73.86862186258305,40.78362309045285],[-73.86862225613223,40.783623130940065],[-73.86862264945877,40.78362317259974],[-73.86862323867375,40.783623236931106],[-73.86862441642785,40.78362337279672],[-73.8686247110276,40.78362340881548],[-73.86862500562972,40.78362344366157],[-73.86862529934568,40.78362348085195],[-73.86862559262305,40.7836235168692],[-73.86862588722087,40.783623553893165],[-73.86862617961347,40.7836235915846],[-73.8686267665982,40.78362366914794],[-73.8686270611904,40.78362370901977],[-73.86862735357869,40.783623748889084],[-73.86862764728717,40.78362378976505],[-73.86862793989266,40.78362383130988],[-73.86862852466143,40.78362391490164],[-73.86862881704444,40.78362395745135],[-73.86862911008632,40.783624001174466],[-73.86862950007443,40.78362405924777],[-73.86862969484649,40.78362408912186],[-73.86862988851664,40.783624118994624],[-73.86863027761896,40.78362417924472],[-73.86863086170959,40.78362427154697],[-73.86863144359044,40.783624366694625],[-73.86863173441868,40.78362441527352],[-73.86863202480717,40.783624463349284],[-73.86863231651472,40.78362451310178],[-73.86863260668044,40.783624562350035],[-73.86863289750458,40.7836246131067],[-73.86863318788744,40.783624664030356],[-73.86863347804781,40.78362471595897],[-73.86863376754937,40.783624766714134],[-73.86863434654465,40.78362487224506],[-73.86863492553664,40.783624979451275],[-73.86863521502843,40.783625035232156],[-73.86863550386214,40.78362508933707],[-73.8686357924723,40.78362514511698],[-73.86863609617357,40.78362520392957],[-73.86863723352545,40.7836254310503],[-73.86863838264593,40.783625669576196],[-73.86863866926284,40.783625730212094],[-73.8686389715203,40.78362579480261],[-73.86863925703179,40.78362585719627],[-73.86863952844338,40.78362591680966],[-73.86864010078679,40.78362604260356],[-73.86864067246225,40.7836261717472],[-73.86864097206745,40.783626240104034],[-73.86864124215154,40.78362630239626],[-73.86864182725763,40.783626438423745],[-73.86864211055384,40.78362650659447],[-73.8686423804141,40.783626570561744],[-73.8686426648118,40.78362663890125],[-73.8686429478859,40.78362670790934],[-73.86864351535586,40.783626846262074],[-73.86864379754496,40.78362691694441],[-73.86864408127734,40.78362698746097],[-73.86864464631303,40.78362713083669],[-73.86864492717469,40.78362720419796],[-73.86864521002201,40.78362727638875],[-73.86864549242533,40.78362735025435],[-73.86864577394802,40.78362742361628],[-73.86864633610672,40.783627573019636],[-73.86864661630163,40.783627649060506],[-73.86864689781787,40.783627725772995],[-73.86864717713134,40.78362780181288],[-73.86864747120214,40.78362788256028],[-73.8686480166057,40.783628034457415],[-73.86864857522075,40.783628192567974],[-73.86864885386538,40.783628272460206],[-73.86864913251107,40.78362835184977],[-73.86864940961074,40.78362843291288],[-73.86864968825208,40.78362851448032],[-73.86864996601193,40.78362859604675],[-73.86865024399108,40.783628678116024],[-73.86865079818317,40.78362884392773],[-73.8686513519297,40.783629012084326],[-73.86865190390904,40.78362918224925],[-73.868652178353,40.78362926883761],[-73.86865245478288,40.78362935425561],[-73.86865357854127,40.78362971286818],[-73.86865410032509,40.783629883668745],[-73.86865464743727,40.78363006320948],[-73.86865493178193,40.78363015852054],[-73.86865519300018,40.78363024609899],[-73.86865573723945,40.78363042948954],[-73.86865682195649,40.78363080397248],[-73.86865709109375,40.7836308992662],[-73.86865736177478,40.783630994059074],[-73.8686576309101,40.783631090357865],[-73.8686579015891,40.78363118615582],[-73.8686581700609,40.78363128362658],[-73.86865843919475,40.78363138059553],[-73.86865870766553,40.78363147856884],[-73.86865897613505,40.783631577212255],[-73.86865924460353,40.78363167635823],[-73.8686595130734,40.78363177483414],[-73.86866004714085,40.78363197530063],[-73.8686605796636,40.783632176770546],[-73.86866707567825,40.78363484280266],[-73.86868461162118,40.78364420584768],[-73.8686997420582,40.78365574113232],[-73.86871200749013,40.7836690988435],[-73.86872103602697,40.783683871974176],[-73.86872154015259,40.783684950742305],[-73.8694234479541,40.78359131491797],[-73.87048029898958,40.782306112315425],[-73.87090614067678,40.78222823176451],[-73.87146292358177,40.78212640074099],[-73.87232286918953,40.781100761632636],[-73.8720174180928,40.78095575213115],[-73.87090823312283,40.78114896197649],[-73.87022837508347,40.781267381564426],[-73.8702191075742,40.78124732686801],[-73.87090827427645,40.781127734864945],[-73.87202831965163,40.78093336222344],[-73.87233603998413,40.781085052782494],[-73.87255732673727,40.780821121542765],[-73.87238637036882,40.78074052697459],[-73.87218014326729,40.780525915671035],[-73.87118588705202,40.7800015988524],[-73.87091070232971,40.77987531623153],[-73.8701948508614,40.77954680398184],[-73.87015751178103,40.77949794563923],[-73.86825520270827,40.77851264407592],[-73.86792643466,40.77839424779861],[-73.86632902853108,40.777641999061615],[-73.86615198692176,40.77759068048514],[-73.86576065015583,40.77735812019279],[-73.86513221186647,40.77696647001443],[-73.86471066497188,40.77673318575118],[-73.8610455233363,40.77497587419034],[-73.85917871934636,40.77407262023409],[-73.85908703816484,40.77409370518177],[-73.85892557017603,40.774030239169484],[-73.85896405555452,40.77393851803246],[-73.85884182547215,40.77390960837904],[-73.85863356071194,40.77380883459977],[-73.85840105715106,40.773721335551826],[-73.8579615794531,40.773489205888914],[-73.85773563893147,40.77338481475687],[-73.8572338759037,40.77318362930965],[-73.85690044014613,40.773058772869575],[-73.85674398259154,40.77297907257268],[-73.85656384691757,40.772899668258894],[-73.8559380688692,40.772636741062755],[-73.85551073610677,40.7724389681722],[-73.85505106271819,40.77219538998928],[-73.85504825390281,40.77211435071426],[-73.85504803073792,40.77203707832535],[-73.85505451774685,40.77192465791654],[-73.85506798595154,40.77187023014784],[-73.85508635910341,40.7718313882776],[-73.85511549005498,40.771813233787846],[-73.85518065336801,40.7717835813868],[-73.85565872554734,40.771150739738054],[-73.85642390661451,40.770300433917974],[-73.85644229717819,40.77028616889009],[-73.85646272989298,40.77027306182904],[-73.85650818677661,40.77025125163723],[-73.8565324020903,40.77024293062913],[-73.85655705879736,40.77023653805279],[-73.85658176666857,40.7702321700845],[-73.85663231971873,40.770228823512944],[-73.85668503415927,40.77023205097592],[-73.85671150743875,40.77023610334862],[-73.85673758293731,40.770241714216134],[-73.8567629111172,40.77024880893002],[-73.85678715526467,40.770257292420354],[-73.85728942707283,40.77044972817375],[-73.85733999311317,40.77047566046596],[-73.85736158398902,40.77048483109121],[-73.85738235149034,40.77049231756126],[-73.85740269216402,40.77049826360193],[-73.85742279256893,40.77050270646752],[-73.85743779543031,40.77050338927149],[-73.85744604508174,40.77050223349877],[-73.85746322334342,40.77050370786998],[-73.85747691598321,40.77050253688243],[-73.85748894692115,40.77049941618282],[-73.85749499993561,40.770496785975354],[-73.85750120310027,40.770493392873085],[-73.85751214373465,40.77048594229046],[-73.85753678724468,40.77046676341501],[-73.85754947757658,40.770458957659585],[-73.85755605000438,40.77045609975333],[-73.85756252810108,40.770454178199444],[-73.85756902299453,40.77045316030028],[-73.85757230002886,40.77045298375831],[-73.85763257266315,40.77047401271264],[-73.85767592172053,40.770498347292154],[-73.85771611323891,40.77052954601211],[-73.85775363226023,40.770568005002986],[-73.85777631483445,40.770580487543256],[-73.85780065837416,40.7705963058927],[-73.85788340877986,40.77065971164016],[-73.85783062282249,40.77043979970705],[-73.85782463231725,40.77043731109025],[-73.85800858246057,40.770221022694464],[-73.85801296886464,40.770222130419874],[-73.85801897632972,40.77022513335211],[-73.85802232055771,40.77022599118469],[-73.85802511127949,40.770226012716265],[-73.85802803046573,40.77022572481831],[-73.85803090179213,40.770225147041685],[-73.85803356873888,40.770224312028525],[-73.85803586923083,40.77022327402506],[-73.85803854986123,40.770221395007695],[-73.85804276986194,40.77021580099133],[-73.85804263575562,40.77020997042475],[-73.85803884070444,40.77020352220307],[-73.85798709647926,40.770173613711556],[-73.85771999546914,40.7703002478255],[-73.85734730950398,40.770184232215556],[-73.85684990452465,40.76954245203837],[-73.85656400281314,40.76937794375527],[-73.85621267610291,40.7691957972554],[-73.85614888582383,40.76907879647411],[-73.85614973578456,40.76898684694503],[-73.85624565746282,40.76888571369662],[-73.85631296048622,40.768878440583656],[-73.85647771882273,40.76890515690337],[-73.85663565957438,40.76894032925124],[-73.85681833769988,40.76903884617993],[-73.85704790262325,40.76913955544647],[-73.85710288000817,40.76909250012842],[-73.85716158430333,40.76899140170891],[-73.85724041942667,40.76888157464157],[-73.8573125445053,40.76876360817377],[-73.8576780026624,40.768276265391684],[-73.85797604163109,40.76811483047035],[-73.85805261946524,40.76809065637151],[-73.85819704236155,40.76794331360076],[-73.85832813918591,40.767824185555995],[-73.85843507175733,40.76770544045636],[-73.85859539017443,40.767485014273454],[-73.85877376553164,40.76734999509865],[-73.85892075977831,40.76727356006438],[-73.85937510429778,40.76707532894287],[-73.85963779907414,40.767027968221534],[-73.85983028214808,40.76703180419694],[-73.85998650669511,40.76695793648139],[-73.86016778943754,40.76694222677164],[-73.86033646054804,40.7669594333962],[-73.86055456613312,40.76700031925974],[-73.86069743030745,40.7670113343582],[-73.86077468876884,40.766994515669026],[-73.8608553594459,40.76693211808941],[-73.86092884231434,40.76694195011807],[-73.8609888367673,40.767014270241646],[-73.86100762175653,40.76705938082505],[-73.86100038287827,40.767173916247735],[-73.86103345678953,40.767256793678186],[-73.8611027715228,40.76727194252999],[-73.8611899843148,40.76720716636648],[-73.86121194395173,40.76703108993578],[-73.86131386166217,40.7669406312414],[-73.86143250938784,40.76691478503691],[-73.86169177207897,40.76691704203813],[-73.86181545316371,40.766937361567564],[-73.86202142385251,40.76691313355571],[-73.86205271633084,40.76691261216053],[-73.86212976522565,40.76691133536485],[-73.86222539270021,40.766894602013025],[-73.86220059780477,40.76683989374988],[-73.86226565137827,40.766803167270375],[-73.86243485599893,40.76688891752972],[-73.8626022140311,40.76689397984001],[-73.8626886417663,40.766875910505036],[-73.86275490196871,40.76676452542855],[-73.8627202147973,40.76667064229238],[-73.86224047985023,40.766283086506036],[-73.86215785661702,40.76619175792968],[-73.86216751063272,40.76604799421461],[-73.86201493096908,40.76589092640036],[-73.86176874486004,40.76559400452218],[-73.86153844239246,40.765342532216614],[-73.86123668863942,40.76496061610337],[-73.86043337819711,40.76386888237325],[-73.86001698390152,40.76326428551876],[-73.8597508382219,40.76287783919568],[-73.85949072467278,40.76256261590269],[-73.8594133939809,40.762483265339476],[-73.85922062888073,40.762482743979234],[-73.85915607632674,40.76251963069984],[-73.8590789336379,40.762522832270975],[-73.85892056312602,40.76240640118539],[-73.85899197332883,40.76224652320753],[-73.85898423264058,40.7621714744715],[-73.85892298182625,40.76212234601918],[-73.85879204218736,40.762279338747916],[-73.85867190067594,40.76252227000656],[-73.85864510487953,40.7625143959092],[-73.85876525911517,40.76226519184932],[-73.85888722726258,40.762133609398816],[-73.85883984926524,40.76210532221629],[-73.85871170031803,40.76223376195531],[-73.85869110268314,40.76222119050104],[-73.85884371506253,40.76205876677933],[-73.85861915281858,40.76193559699908],[-73.85854218676663,40.762026898691154],[-73.85853208671435,40.76202176133281],[-73.8584808798073,40.76208269986155],[-73.8584728963855,40.762092199501865],[-73.85846125776055,40.76210605116523],[-73.85846562340063,40.76210880228027],[-73.85840968995647,40.76217335587746],[-73.85840137452446,40.76218304290133],[-73.85833010330997,40.76226606561128],[-73.85832178366041,40.7622757564772],[-73.85824801084416,40.76236169369216],[-73.85823701549575,40.76237450260445],[-73.85816550201432,40.76245780652379],[-73.85815675514293,40.76246799574408],[-73.85808172268878,40.762555399832905],[-73.85807451463484,40.76256379539855],[-73.85800186588578,40.76264842076892],[-73.85799432914456,40.76265720073162],[-73.85793183124306,40.76273000386088],[-73.85792332108373,40.7627399155969],[-73.85786819502786,40.76280413118466],[-73.85785943105923,40.76281433962633],[-73.85780092280235,40.76288249356549],[-73.8577925082393,40.76289229618268],[-73.85773856319483,40.76295513258322],[-73.85773293300574,40.76296169164511],[-73.85767843741588,40.763027748527136],[-73.85768965370642,40.76303630520386],[-73.85765473616219,40.7630798233513],[-73.85777497639108,40.76313883512967],[-73.85786962064152,40.76318528375949],[-73.85788103167226,40.76319088449374],[-73.85796457800302,40.76323188698849],[-73.85805470915611,40.76327612040081],[-73.85815033962187,40.76332305366119],[-73.85815280980245,40.76332426607278],[-73.85816421582143,40.76332986291956],[-73.85825464723334,40.76337424480461],[-73.85826783696156,40.76338071714859],[-73.85835219792034,40.763422118907116],[-73.8584153868299,40.76345313042283],[-73.85848633892351,40.76336934637823],[-73.85850081255367,40.76337643308266],[-73.8583431930897,40.76356256095815],[-73.85832948824915,40.76355585127532],[-73.85839531409529,40.76347705912193],[-73.8583507077488,40.76345478950219],[-73.85833811315567,40.76344850284819],[-73.8582525680361,40.76340579359001],[-73.8582413092282,40.76340017280948],[-73.85813903143372,40.763349109965716],[-73.85812806185163,40.763343633267475],[-73.85805097021218,40.763305145871904],[-73.85803917484533,40.76329925703889],[-73.85795122974932,40.763255349132606],[-73.85794243473723,40.76325095932605],[-73.85786245501016,40.76321102718364],[-73.85784979492276,40.76320470688996],[-73.85777061776858,40.76316517706594],[-73.85775931084058,40.763159532557424],[-73.857638966019,40.76309944913737],[-73.85760068527979,40.76314040113701],[-73.85758834275435,40.76313355199239],[-73.85683888701782,40.76400017911506],[-73.85697078354372,40.764066067569075],[-73.8569635593979,40.76407442786328],[-73.8566748236235,40.763930188326334],[-73.85668299802342,40.76392072858638],[-73.8568029095629,40.763980845461006],[-73.8568542717766,40.76392254390583],[-73.85686149910754,40.76391434059406],[-73.85691477947739,40.76385386154637],[-73.85692072861944,40.76384710808851],[-73.85697496767945,40.76378553994404],[-73.8569812337523,40.76377842904095],[-73.85702898355706,40.76372422680623],[-73.85703613508508,40.763716110167756],[-73.8570833361649,40.76366252925317],[-73.85708959006735,40.76365543189858],[-73.85713828854433,40.763600153937496],[-73.8571452328759,40.763592270231385],[-73.85719464267632,40.763536184982655],[-73.85720087844675,40.76352910686493],[-73.85724903760318,40.76347443965767],[-73.85725666284304,40.76346578332082],[-73.85730643291356,40.763409287863546],[-73.85731353865413,40.76340122325138],[-73.85735990197745,40.76334859423946],[-73.85736795787706,40.76333944992252],[-73.85741662254361,40.76328420848811],[-73.85742519945221,40.76327447243994],[-73.85747258321598,40.76322068737509],[-73.85747974744922,40.76321255480931],[-73.85752810581147,40.76315766039702],[-73.85753555737759,40.76314920150734],[-73.85755915818433,40.76312241178643],[-73.85754793889828,40.76311556570148],[-73.85758285470693,40.763072900626796],[-73.85746422874624,40.763014782720205],[-73.85737359701506,40.762970378519775],[-73.8571849608701,40.76287796096556],[-73.85717606828264,40.76287360381427],[-73.85709111433482,40.76283198149742],[-73.85708275835432,40.762827888020325],[-73.85698207201663,40.76277855800114],[-73.85697105684375,40.7627731613804],[-73.85688415441997,40.76273058393799],[-73.85682507576553,40.76270163909835],[-73.85682436749566,40.76270129244444],[-73.85675571120355,40.762667654151166],[-73.85674350380765,40.762661673538176],[-73.85669035223006,40.762635632858924],[-73.85660302580854,40.76273141743066],[-73.8565867538878,40.76272284011443],[-73.85678236963491,40.76250827740677],[-73.856798581006,40.76251682329303],[-73.85671169399471,40.76261568695268],[-73.85676092804188,40.762639826189435],[-73.85677318714824,40.76264583651692],[-73.85682558731997,40.76267152709986],[-73.8568366081776,40.76267693094529],[-73.85688788040733,40.76270206793227],[-73.85690044326856,40.7627082273866],[-73.85698999094863,40.7627521310535],[-73.85709311210883,40.76280268870143],[-73.85710529468155,40.76280866154017],[-73.85718716762985,40.76284880177804],[-73.85719629175131,40.76285327497594],[-73.85728240762211,40.76289549655475],[-73.85729174591326,40.76290007370898],[-73.8573806782753,40.76294367543147],[-73.85738951387361,40.76294800770247],[-73.85747499963058,40.76298991927099],[-73.85748453757559,40.76299459499426],[-73.85760424037194,40.763053281789155],[-73.85763578363799,40.76301232196501],[-73.85765037151306,40.76301917337658],[-73.85770844688933,40.76295039528091],[-73.85771567256865,40.762941835082195],[-73.8577674057337,40.76288055227819],[-73.85777623039975,40.76287009799029],[-73.85783497417715,40.76280051049906],[-73.85784136663777,40.76279293800266],[-73.85789701257401,40.76272701849173],[-73.85794433387208,40.76267096216976],[-73.85796702347963,40.76264408345663],[-73.85797500120835,40.76263463209252],[-73.8580451152925,40.76255157517734],[-73.85807199853699,40.76251972927068],[-73.85813288714913,40.76244759870914],[-73.85814119991119,40.762437750876686],[-73.85817631070422,40.76239629472661],[-73.85781983894705,40.762226133889804],[-73.85780788168364,40.762220427100424],[-73.85768834724743,40.76216337376],[-73.85767257542702,40.76215584575959],[-73.85752950976803,40.76208756021184],[-73.8574600419264,40.762054402298595],[-73.85737149406725,40.76201213779653],[-73.85735065780416,40.762002192447056],[-73.8571880166612,40.76192456393177],[-73.85716303200995,40.76191263777116],[-73.85700279501253,40.76183615533876],[-73.85698328892109,40.76182684448694],[-73.85683800035645,40.761757495881106],[-73.85677632095462,40.76172805592285],[-73.85667457135649,40.76167948956165],[-73.85665617597306,40.76167070874811],[-73.8566119581344,40.76164954225694],[-73.85662772941468,40.76162906239342],[-73.8567789347342,40.76170097406432],[-73.85679154181352,40.7617069699137],[-73.85688557543547,40.76175169107752],[-73.85690054310561,40.76175880925641],[-73.85699014273463,40.76180142237486],[-73.85700272542273,40.76180740560629],[-73.85709011185035,40.76184896685129],[-73.85710534324438,40.76185621047247],[-73.85719139863377,40.76189713707591],[-73.85720516175633,40.761903682793054],[-73.8572941135809,40.76194598578527],[-73.85730868889533,40.76195291847597],[-73.85739929667307,40.761996009469684],[-73.85741179997494,40.76200195637224],[-73.85750467691464,40.762046126613306],[-73.85751841919019,40.7620526618804],[-73.85761007602228,40.76209625306478],[-73.85762293989328,40.76210236942379],[-73.85771566567898,40.762146469113574],[-73.8577302417447,40.762153400578924],[-73.85781948058784,40.7621958402187],[-73.8578332359116,40.76220238149507],[-73.85819433132532,40.76237410798477],[-73.85827164316137,40.7622876283531],[-73.85828091939456,40.762277251475744],[-73.85836158883279,40.762187015623866],[-73.85844323288775,40.762095689480056],[-73.85845113610489,40.76209946500831],[-73.85851749742324,40.7620149107001],[-73.85850740232591,40.76200806491529],[-73.85858526284439,40.761917008597145],[-73.85712133534516,40.76118890387295],[-73.8562732064007,40.760902408430546],[-73.8553026602967,40.76064958475243],[-73.85499808982104,40.760391170767655],[-73.85466366458898,40.760171169562284],[-73.8545203082371,40.760159344884855],[-73.8542521990179,40.76025067778149],[-73.85396489201246,40.76027142222465],[-73.85372403934942,40.76024638863503],[-73.8532844944673,40.76012651275224],[-73.85306618709187,40.76003870448129],[-73.85294927727868,40.760021401307746],[-73.85283056675318,40.75998759355682],[-73.85279376594949,40.75997216613469],[-73.85277836453682,40.76008620827148],[-73.85279727317364,40.760091411168304],[-73.8527782869497,40.76012131075255],[-73.85299079399765,40.76019178829338],[-73.85297408882357,40.760217086700635],[-73.85270107838191,40.760128117819136],[-73.85271551834427,40.76010051424385],[-73.85274274641262,40.76010802959417],[-73.85275870082357,40.76008042794926],[-73.85277483386959,40.75996422817616],[-73.85268917291368,40.759928315663906],[-73.85256070006267,40.76001667109657],[-73.85256604560091,40.760046858099315],[-73.85254750230214,40.76006981174311],[-73.85224158541398,40.75992160798411],[-73.85226103662544,40.759895911308256],[-73.85249396232948,40.7600104121598],[-73.85253050615127,40.76000565781475],[-73.85253955037818,40.75999435233387],[-73.85255397270343,40.75999951552032],[-73.85266534418564,40.759918326769665],[-73.85210362063114,40.75968282669989],[-73.85200759608715,40.759572500185214],[-73.85188711257045,40.759522367279054],[-73.85171252421836,40.75940125851682],[-73.85158552901191,40.75935542065714],[-73.85144347566316,40.759419084276395],[-73.85133438850517,40.7594206809654],[-73.85121495373974,40.759415853632966],[-73.8509512195169,40.759419583093006],[-73.8506905306545,40.75944879109056],[-73.85042437822479,40.75950641103776],[-73.85032061307749,40.75953361547996],[-73.85021978855804,40.75956659936089],[-73.85012246052085,40.759605180839166],[-73.85002916554669,40.759649147212954],[-73.84994041798495,40.75969825609303],[-73.84970908350618,40.75983883795763],[-73.84950202299183,40.76000672901082],[-73.84933909178683,40.760188589447466],[-73.84934906664418,40.760198282653],[-73.84930110814332,40.76024287535016],[-73.84987484496149,40.761103812948654],[-73.8518167929994,40.76035373284736],[-73.85184046510507,40.76030597882161],[-73.85197412962866,40.76024940738198],[-73.85207200177837,40.76039288467229],[-73.84981162475142,40.761270974008326],[-73.8491666240615,40.76029658428801],[-73.84914140272522,40.76030689063912],[-73.84891393714967,40.76027578667378],[-73.84868655659024,40.76013849460824],[-73.84858834617641,40.76017956308845],[-73.84821242063816,40.76043759450807],[-73.84796233649803,40.76055108883443],[-73.84670933730106,40.76134526913713],[-73.8456278805877,40.76214274135977],[-73.84523206915857,40.76243460761849],[-73.8447450720674,40.76275563070346],[-73.84467648051645,40.76275218035535],[-73.84428576361255,40.76299855215042],[-73.84411566722947,40.76313619957941],[-73.84377426607975,40.76329932296657],[-73.8435936131629,40.76337054278857],[-73.8436683263364,40.763469907396356],[-73.84361523822149,40.76349671406176],[-73.84368787664116,40.76361272608388],[-73.84365028079135,40.7636277942934],[-73.8435710063455,40.76351513280478],[-73.84352013946436,40.76353690309145],[-73.84343628780456,40.76343256619378],[-73.84314324185333,40.763548094765284],[-73.84306961269657,40.76359256915394],[-73.84300450700954,40.763704224006005],[-73.84298349190715,40.76383185137929],[-73.84300671126373,40.763994622334145],[-73.84305145175345,40.76409735815344],[-73.84304240810822,40.76432131992048],[-73.84298479705645,40.764423593619405],[-73.84272819396486,40.76462854893194],[-73.84261312263443,40.76468298969308],[-73.84231147973283,40.764831665329204],[-73.84211652153546,40.76490103419721],[-73.84183322138846,40.764975053969714],[-73.84107085269765,40.76520840672064],[-73.84052635479378,40.76538798970028],[-73.84046519597908,40.76530287000081],[-73.84016724084736,40.765308544926896],[-73.83992813236753,40.7653502119006],[-73.83970053428521,40.765289588437824],[-73.83957826853546,40.76525232297323],[-73.83945813446152,40.76544576845889],[-73.83913189263288,40.76599110607116],[-73.83905335035482,40.76595867810024],[-73.8392355914872,40.765631587573964],[-73.83935912292057,40.76540987185415],[-73.83946501500876,40.76520084178458],[-73.83958367660746,40.76498057264955],[-73.84002220207506,40.7642324655418],[-73.84002403337075,40.76412738821573],[-73.84002681390231,40.76406751441728],[-73.84002494238105,40.76395845253343],[-73.84002003445131,40.763672271360896],[-73.83998119206102,40.763438689953226],[-73.8399176745095,40.76320650809572],[-73.83983205649305,40.762978149576035],[-73.83972503589415,40.76275539963606],[-73.8396272931806,40.762590179064915],[-73.83965751651537,40.76258857384935],[-73.83985392376144,40.762578139106886],[-73.8399450996245,40.76257762251253],[-73.8408728368424,40.762547984202044],[-73.84174886991936,40.762661507059],[-73.84195325813053,40.76267338479115],[-73.84246622454522,40.762434352367954],[-73.84267746203656,40.76238284854776],[-73.84288667094313,40.76232676200054],[-73.84309367932752,40.7622661388223],[-73.84329831756385,40.76220102915683],[-73.84350041698512,40.762131486184764],[-73.84369981150108,40.76205756706102],[-73.84387377180629,40.761983247475236],[-73.84404441492366,40.76190460750584],[-73.84421155533038,40.76182173265552],[-73.84437501158848,40.76173471264897],[-73.84453460570207,40.76164364247458],[-73.84469016416722,40.76154862114883],[-73.84535458717,40.761103690508115],[-73.84565786343106,40.76090357199754],[-73.84596638489452,40.76069999140547],[-73.84591143909464,40.76058469950314],[-73.84585235744356,40.76045539769335],[-73.84633887519551,40.76018957878059],[-73.84789548079813,40.75912678333031],[-73.84818179958305,40.758966537794],[-73.84847623295474,40.758814523897975],[-73.84862039599581,40.75874603759381],[-73.84940192289804,40.75841115357421],[-73.84976560155057,40.75828037439717],[-73.85013240539895,40.75815474436042],[-73.85050220838112,40.75803430663423],[-73.85087488350068,40.75791910236419],[-73.85125030259447,40.757809171379414],[-73.85162833664613,40.75770455145512],[-73.8521911688582,40.757566795358656],[-73.85241027895623,40.75753373908528],[-73.85272285247615,40.7575313114528],[-73.85283902551508,40.75754355875681],[-73.85295357097947,40.75756271935704],[-73.85306577852303,40.757588674430366],[-73.8531749522963,40.75762126301848],[-73.85328041526031,40.757660283025174],[-73.85338151338554,40.757705492470045],[-73.8536861351371,40.75787746005687],[-73.85438909032044,40.75824976624242],[-73.85449593310997,40.75827863867488],[-73.85420831985961,40.75786736759512],[-73.85413907163607,40.757766244232066],[-73.85407475812698,40.75766325382859],[-73.85401546566374,40.757558534732354],[-73.85396127494427,40.75745222927053],[-73.85382000676749,40.75718569757332],[-73.85378515605312,40.75711460817838],[-73.85371826497907,40.75697606679583],[-73.85365479709697,40.75683659731192],[-73.85359477550011,40.75669624814953],[-73.85353822037182,40.75655506900673],[-73.85339372520993,40.756136691431216],[-73.85335095181829,40.7560128378116],[-73.8531868988809,40.75539842971507],[-73.85312635464314,40.75510934251396],[-73.85302119996702,40.75461800241172],[-73.85300762334099,40.75455456552125],[-73.85261725352233,40.75340506552812],[-73.85246329588337,40.75312740926744],[-73.8522045056585,40.75266068236296],[-73.85185614692335,40.75196793298843],[-73.85171508655567,40.75168741414659],[-73.8515188354631,40.75129713663897],[-73.85118150864382,40.75062629581912],[-73.8509869139011,40.75023929830318],[-73.85086439643943,40.74999564187392],[-73.85131104980279,40.74984337615],[-73.85442575253661,40.74885172688469],[-73.85447011758188,40.748939348138656],[-73.85739612357796,40.748067849853854],[-73.86032027659716,40.7471956990216],[-73.86253100986929,40.746533801558876],[-73.86285875027609,40.7471565242992],[-73.8631008491389,40.74763103791408],[-73.86349689170984,40.74751724224238],[-73.86370342334115,40.746906231671204],[-73.86490253499731,40.74655039505586],[-73.86641372275601,40.74609949970601],[-73.86808574184272,40.745600582551084],[-73.86928799804774,40.74524191204104],[-73.86963101861002,40.74590845160379],[-73.86981826444419,40.74585261610193],[-73.87097729362416,40.74550827197234],[-73.87159477375806,40.745324813834564],[-73.8716875215147,40.74573513421097],[-73.87177091310234,40.74610408448968],[-73.8719189884229,40.74678778849141],[-73.87194423375803,40.746904314893804],[-73.87196437474543,40.74698438405785],[-73.87206844641415,40.74748065142843],[-73.87215530441755,40.74787209894318],[-73.87222038934769,40.74815723664804],[-73.87237256353662,40.74885155133145],[-73.87277356856244,40.74881295798523],[-73.87330310096009,40.74875812514138],[-73.87370098283648,40.74871731948033],[-73.87398293746183,40.74868566897406],[-73.87462946284965,40.74861392791827],[-73.87543236162973,40.748527359521646],[-73.8755564314716,40.74851360855174],[-73.87625180213054,40.74843885011346],[-73.8764795304387,40.74841640211017],[-73.87692458255276,40.748368989117765],[-73.87741612426198,40.748319373846954],[-73.87834312554378,40.748222660042686],[-73.8784577926934,40.748214810867836],[-73.87927779893565,40.748124092974486],[-73.87983894853886,40.74806172504185],[-73.88020648025518,40.74802498019526],[-73.88113747601082,40.747927293495415],[-73.8820711212715,40.74782992681816],[-73.88256876956024,40.74777784590992],[-73.88299918222715,40.74773440242318],[-73.88393579462797,40.747630242518],[-73.88485538467171,40.74753481156675],[-73.88578740453835,40.747439754493875],[-73.88671656253132,40.747341462519465],[-73.88764663725344,40.74724483937575],[-73.88778326883876,40.74722892673646],[-73.88867766206562,40.747134277851266],[-73.88875599147387,40.74754305739901],[-73.88881269608991,40.74784775318844],[-73.88888809749153,40.7482529368405],[-73.88906212654578,40.74918805545914],[-73.8889761654057,40.74925683513949],[-73.88990288290616,40.749163927217644],[-73.89081892306535,40.74906071008007],[-73.89175154923065,40.74896464238893],[-73.8927082658752,40.74886306775721],[-73.89360735862284,40.748770681260176],[-73.89397587795591,40.75081140713499],[-73.89403734275172,40.75114854249628],[-73.89405409344549,40.75124045322718],[-73.89414679912632,40.75174895715802],[-73.89424708397557,40.75229902280093],[-73.89432229684732,40.75271152432623],[-73.89433037415534,40.75275583637451],[-73.89433755869186,40.75279551885526],[-73.89438750549259,40.753071623806534],[-73.89456107787629,40.754030886212924],[-73.89466106097451,40.7545834372867],[-73.89505218497628,40.75671050094225],[-73.89597574529137,40.75660809601123],[-73.89626218681772,40.75815848400844],[-73.8971912529071,40.758060054881405],[-73.89819224617763,40.75795482752411],[-73.89921206771177,40.75784765542888],[-73.89970129880811,40.75779531189304],[-73.8998335252937,40.75778129377641],[-73.89996692905218,40.75776772600263],[-73.90028590875298,40.75773338966264],[-73.90051916404204,40.75770828032533],[-73.90070155513048,40.757686659806815],[-73.90095630734224,40.75766543444558],[-73.90134618626077,40.75762263857963],[-73.90189898088776,40.757564343367584],[-73.90278581583758,40.757471731076556],[-73.9036778494739,40.757377234318724],[-73.90459249045982,40.7572815505639],[-73.90484694951775,40.75725491632312],[-73.90510230924637,40.757227797609445],[-73.90557464043899,40.75717763124441],[-73.90646810018751,40.757082474102184],[-73.90736565517435,40.75698759275779],[-73.9074858005846,40.75769774247698],[-73.90748727286629,40.75810767041276],[-73.9070578187741,40.758678145096155],[-73.90649338748715,40.7595639903817],[-73.90632327020698,40.75983682032036],[-73.90699706564197,40.76014455708603],[-73.90740335036807,40.76033397860808],[-73.9077940546158,40.760517800235924],[-73.90820628911993,40.760710351048246],[-73.90859193325353,40.760890479013796],[-73.90939068543719,40.76126391064514],[-73.91021703002687,40.76023923341646],[-73.9114896361602,40.758692943242174],[-73.91228635251018,40.759065794996154],[-73.91308659640978,40.75943817396413],[-73.91389659926975,40.75981817472579],[-73.91426700712039,40.75936667687884],[-73.9158059344032,40.75747274345539],[-73.91660423260994,40.757848438627846],[-73.91740379556343,40.75822398423809],[-73.91759580885824,40.758314229114156],[-73.91820294138837,40.75859957071524],[-73.91899822493824,40.75897380618548],[-73.91978551106625,40.7580045358381],[-73.92086506749426,40.75667820221264],[-73.92165917175153,40.75705141999054],[-73.92246264119035,40.75742317958809],[-73.92283071704023,40.75760188346738],[-73.92325796427114,40.75780282413076],[-73.92405428598202,40.75817635062378],[-73.92530122646983,40.75662875558457],[-73.92610209053595,40.75700428727565],[-73.92485424049214,40.75855071996177],[-73.92565361371292,40.7589221739202],[-73.92645313538871,40.75929614483869],[-73.92724676769906,40.75967091678582],[-73.92805140880438,40.76004792306822],[-73.92847209170387,40.760244800984495],[-73.92884954852063,40.76042145324288],[-73.92965061967544,40.76079776158708],[-73.93054963917294,40.76122060130277],[-73.93004851971588,40.76174504595409],[-73.92943440822901,40.76238009335101],[-73.93004986442054,40.76266994631968],[-73.93043814948432,40.7628525778655],[-73.93133626139114,40.7632764406959],[-73.9310944783277,40.763591657344215],[-73.93086652909956,40.763874224961256],[-73.9322492403018,40.76463927716905],[-73.93279554971826,40.76492386847138],[-73.93370788063035,40.76541338938085],[-73.9337967997006,40.76531051267347],[-73.93419008428842,40.76545369242769],[-73.93451113425719,40.764947783842224],[-73.9346155082645,40.76478331119019],[-73.9354137291951,40.76349678883937],[-73.93614654245971,40.763842829720055],[-73.93616861782976,40.76385325384967],[-73.9361918500845,40.76386422424729],[-73.9362163929477,40.7638758130335],[-73.93625574994702,40.76389439751349],[-73.9368424918659,40.76416508268245],[-73.93687031143854,40.76417791750667],[-73.93700478603866,40.764239954217174],[-73.93779578696544,40.76461642648081],[-73.93860286370438,40.76492140001059],[-73.93941945708528,40.76521523592758],[-73.94027215009253,40.765529803174296],[-73.93969995962307,40.76641124307831],[-73.93858976939421,40.766817359249636],[-73.94029954101744,40.767411754453605],[-73.94033836901089,40.767424798350625],[-73.94046256885547,40.76753046980303],[-73.94035103718282,40.76765337598725],[-73.93983559283014,40.76798800593915],[-73.93953321663712,40.76805874435444],[-73.93936587223833,40.768159701879746],[-73.93895502453307,40.76795818671982],[-73.93819730754757,40.76869974435682],[-73.93806943217606,40.76871540032437],[-73.93788768426388,40.76855755343234],[-73.93777816678471,40.76861905182275],[-73.93796200938895,40.76872232349616],[-73.93795822895135,40.76878493401805],[-73.93747109116856,40.76895155858922],[-73.93681460654729,40.76890394747858],[-73.93668539119408,40.769133054691075],[-73.9367073798918,40.76925260907431],[-73.93640381736164,40.76947488451707],[-73.93616913919553,40.76951611465473],[-73.93574021432624,40.76936722986672],[-73.93524016831192,40.76967932546318],[-73.93489533894557,40.7700418628897],[-73.93469499067021,40.77042533802277],[-73.93514715402594,40.77054195605863],[-73.9350081387223,40.771162394866764],[-73.934940272005,40.77116402093292],[-73.93493892956698,40.77116405317749],[-73.93490481282645,40.771270641186845],[-73.93452730109435,40.77117677510358],[-73.93443525743177,40.771462362333594],[-73.93482622761688,40.77157695807344],[-73.93480858897101,40.77169958689881],[-73.93480681344163,40.77173413889007],[-73.93515017807522,40.771833697122425],[-73.93554844669596,40.77195368682513],[-73.9355679704974,40.77191877803632],[-73.93560853449766,40.77193127768471],[-73.9355892281931,40.77196597367686],[-73.93605335028684,40.772105801626694],[-73.9374663860318,40.772531495125726],[-73.93781335903401,40.77356289464779],[-73.93785811888885,40.774087568973606],[-73.93765483090803,40.775085685383864],[-73.93704702087582,40.77586648704127],[-73.93703012839919,40.775893204998205],[-73.9363802281754,40.776921456562825],[-73.93608919699105,40.77718432207725],[-73.93585452641493,40.77721168462442],[-73.93508232492144,40.77794423372794],[-73.93474353077391,40.77807633537761],[-73.93437322789985,40.77808592213704],[-73.93381132859459,40.7781004537336],[-73.93289245404303,40.77794260599021],[-73.93277477801547,40.77792238877776],[-73.93274122899228,40.777993950317395],[-73.93272210387858,40.77803476711775],[-73.9326493110728,40.77802197423273],[-73.93184646011392,40.77788082503038],[-73.93178834239043,40.777870607104624],[-73.93104964232825,40.77744189731185],[-73.93107377146754,40.77726059439833],[-73.93088304197016,40.77697370667959],[-73.93062856554155,40.77659090274979],[-73.92988058500076,40.77622163190206],[-73.92903572077363,40.77646741705873],[-73.92860515023345,40.77659267510116],[-73.92839561141334,40.776790529567876],[-73.928277307666,40.77689897532418],[-73.926318334039,40.77824177518516],[-73.92582201179859,40.778385906262876],[-73.9257452158047,40.77840537134078],[-73.92565076178231,40.77843081233576],[-73.92557304262854,40.778458851828915],[-73.9248734454792,40.778625604007054],[-73.92423363007512,40.77910119376566],[-73.92318694397953,40.78024839362807],[-73.92295652690143,40.780441008122395],[-73.92263013764705,40.78056478572773],[-73.92209965433307,40.7808518746367],[-73.92097562099683,40.78176769150669],[-73.9199645879295,40.782635069039245],[-73.91909034674549,40.7833676460042],[-73.91847384225493,40.783754157698056],[-73.91818862873065,40.78393296611338],[-73.91773807374175,40.784075951912754],[-73.9172451642751,40.78414200119857],[-73.91717118646426,40.7841934843716],[-73.91718200679615,40.784552063682135],[-73.91683277016413,40.78519139248759],[-73.91575172894562,40.786107578578275],[-73.91541718757415,40.78606392941121],[-73.91534351270901,40.78611634808699],[-73.91526014002152,40.78619221714475],[-73.91558710139756,40.78642963116601],[-73.91423947898434,40.7878562095631],[-73.91259985977605,40.78937632963455],[-73.91240811000243,40.78927430344577],[-73.91266748228477,40.78900397504346],[-73.91222952426367,40.78917927996633],[-73.91206853578653,40.78933865431566],[-73.91195110905574,40.78940179722117],[-73.9120797495829,40.78952181498922],[-73.91183777736101,40.78968088445849],[-73.91169342372018,40.78957263861004],[-73.91124959039216,40.78974393580025],[-73.91094297500345,40.78975504325399],[-73.91090487032612,40.79004068496255],[-73.9102221578404,40.79046520778251],[-73.90985862925774,40.79094549378207],[-73.90677991420768,40.79037510865335],[-73.90647314610091,40.7901811752083]]],[[[-73.89680883223778,40.795808445159985],[-73.89693872998787,40.79563587285381],[-73.89723603843935,40.79572003753731],[-73.89796839783742,40.79564483916218],[-73.89857332665562,40.79606914025978],[-73.89895261832532,40.796227852579825],[-73.89919434249981,40.79650245601842],[-73.89852052071454,40.79693619419],[-73.89788253240101,40.797116532649795],[-73.89713149795635,40.79679807772849],[-73.89678526341234,40.79632916648729],[-73.89680883223778,40.795808445159985]]],[[[-73.83839013354552,40.79830487207619],[-73.83919004727183,40.79777726644782],[-73.84022425799824,40.79761115131175],[-73.84025860809128,40.79758885843238],[-73.83997099590049,40.79690564189244],[-73.839036768124,40.79705247657841],[-73.83843368287214,40.796786758893035],[-73.8384008307784,40.79675525880964],[-73.83736225289819,40.794263524247945],[-73.83730248774914,40.794219585637016],[-73.83722791422475,40.7941113844933],[-73.83717497439571,40.794023699524296],[-73.83708406769921,40.79390346197081],[-73.83706498880258,40.79385109842642],[-73.83707146777668,40.793798922451735],[-73.8371260469754,40.79369555004136],[-73.83686308628926,40.7930667981124],[-73.83663288923366,40.79251637553879],[-73.83662942537065,40.79232436214303],[-73.83659078616276,40.792082550551974],[-73.83661021423508,40.79188333618644],[-73.83661598944191,40.79176276700107],[-73.83669353525056,40.791687491164545],[-73.83676255579226,40.79162722285409],[-73.83682990433502,40.79158717428741],[-73.83688455193231,40.79155462004648],[-73.83690905539012,40.79153721952105],[-73.83698501936969,40.791507731120404],[-73.83709597645277,40.791492702497486],[-73.83714875497358,40.79147416501593],[-73.8372298811017,40.79145521740668],[-73.83724770462437,40.79143813136934],[-73.83732085415384,40.79139278568124],[-73.83744714593773,40.791183329672286],[-73.83751117653674,40.791027751207544],[-73.8375133794964,40.791019144682316],[-73.83751566674027,40.79101212959931],[-73.83751683834892,40.79100442508425],[-73.83751588013658,40.790987733013914],[-73.83751584646004,40.79098699082914],[-73.83751040318563,40.790967288035795],[-73.83750601456966,40.79095727338075],[-73.83749998204088,40.79094663120308],[-73.83746672971392,40.790900219157884],[-73.83745983383258,40.79088884400971],[-73.83745478480954,40.79087830322918],[-73.83744569423726,40.79085255851201],[-73.83744161531502,40.79083135627691],[-73.83744218024704,40.790812672466764],[-73.83744422542773,40.79080422989493],[-73.837447468808,40.79079633229764],[-73.83744832927512,40.79079482058965],[-73.83744938067478,40.790793379511534],[-73.83745202667372,40.79079064403598],[-73.83745545642513,40.7907881153868],[-73.83745971282376,40.79078573901124],[-73.83746868819681,40.790782015015154],[-73.83749102194345,40.7907745033428],[-73.83750020795696,40.79077026969403],[-73.83750363795043,40.79076800188082],[-73.83750638124673,40.79076558869247],[-73.83750846417098,40.79076299130029],[-73.83750925618348,40.79076162004903],[-73.83750990108953,40.79076019364209],[-73.8375208894185,40.790725999950084],[-73.83752705697874,40.7906931359786],[-73.83753166733324,40.7906480491707],[-73.83753380392707,40.790611082348164],[-73.83753316724052,40.79059197970505],[-73.83752817265974,40.790550554025884],[-73.83752708177603,40.79053231919381],[-73.83752781394429,40.790524398453506],[-73.83753018286113,40.79051561140136],[-73.83751928364208,40.79048576194503],[-73.83751437780397,40.79047517563381],[-73.83750760163697,40.790465610600634],[-73.83750358883579,40.79046166072568],[-73.83738034396792,40.79045813505086],[-73.83737820331612,40.79048797717907],[-73.83702682792124,40.79049690516996],[-73.83702688559703,40.79047334397975],[-73.83681814957033,40.79046990635997],[-73.83681410438504,40.79043377227666],[-73.83701872622892,40.79042934965875],[-73.83701257693828,40.79040892012164],[-73.8373722220789,40.79039843212066],[-73.83737212998825,40.79043613206954],[-73.83748191403235,40.79043449792194],[-73.83745089190515,40.79040164968967],[-73.83741435117388,40.79035859857199],[-73.83739429181087,40.79032921362811],[-73.83739029705124,40.79032059065405],[-73.83738781967513,40.79031141966725],[-73.83738681297147,40.79030160310234],[-73.83738726435584,40.79029096839028],[-73.83739143934558,40.7902701099995],[-73.83740848436383,40.7902136094743],[-73.8374107295372,40.790196918066925],[-73.83741000655037,40.79018212120503],[-73.83739734462176,40.790102777726396],[-73.8373822323697,40.79000383668356],[-73.8373779001222,40.789967801052754],[-73.8373734632574,40.7899121529088],[-73.83737352131341,40.78990291363028],[-73.83737506283587,40.7898924793085],[-73.83738634556106,40.78985242315392],[-73.83738906354904,40.78983617266988],[-73.83738894139316,40.789827617645784],[-73.83738742040879,40.78981989844248],[-73.83738447564578,40.789812852357755],[-73.83738008413481,40.78980640816061],[-73.83737555701477,40.78980188059749],[-73.83736959623602,40.78979746911665],[-73.83734725697362,40.789784901834615],[-73.8373396629284,40.78977993906653],[-73.83728739529073,40.78973836975003],[-73.83727913342925,40.789730595461535],[-73.83727167793585,40.78972188684907],[-73.8372589211474,40.78970129152478],[-73.8372490846532,40.78967763946622],[-73.83723554145406,40.78963476566854],[-73.83723208215262,40.78961992054557],[-73.83723098502493,40.78960337753805],[-73.8372311986952,40.789599826133795],[-73.83723210980034,40.7895846298512],[-73.83723765763209,40.78953885383136],[-73.83723892974659,40.789528358653676],[-73.83723862933185,40.78951068161904],[-73.83723591790589,40.78949502672906],[-73.83723436552562,40.78949069333499],[-73.83723199401433,40.78948638575562],[-73.83722878188202,40.789482058728694],[-73.83722467003669,40.78947763058593],[-73.83719323890342,40.789452732624184],[-73.83718405411784,40.789444092426095],[-73.8371806869702,40.789439883284196],[-73.83717815048342,40.78943571049614],[-73.83717640705441,40.78943153815824],[-73.83717544534922,40.78942731381915],[-73.8371730234024,40.789395504358986],[-73.83717427271856,40.78936396192753],[-73.83717674244352,40.78934847585],[-73.8371791828275,40.7893331800397],[-73.83718766733921,40.78930360218036],[-73.83722674841987,40.78920389063929],[-73.83723934588721,40.78916879711423],[-73.83724215608919,40.789160271023825],[-73.83726072517644,40.78910392862939],[-73.83727225675233,40.78906366476599],[-73.8372804584517,40.789018913052395],[-73.83728085145214,40.789012960759116],[-73.83728076133862,40.7890110520148],[-73.83728065697098,40.78901037606992],[-73.83728049134774,40.789009872422206],[-73.83728039786972,40.78900970107925],[-73.83728035021717,40.789009628473465],[-73.83728029129885,40.78900956590331],[-73.83728024446076,40.78900952077284],[-73.83728017293761,40.78900947510498],[-73.83728010158761,40.78900944870276],[-73.8372800429803,40.78900943923855],[-73.83727997092765,40.789009429755446],[-73.8372799001519,40.789009439036896],[-73.83727981701145,40.7890094570123],[-73.8372797461712,40.7890094925952],[-73.83727966298792,40.78900952816067],[-73.83727958041864,40.78900958299239],[-73.83727940241472,40.78900972597531],[-73.8372790108047,40.789010149261706],[-73.83727858238785,40.78901075191591],[-73.83727758270638,40.7890125060033],[-73.83726600112901,40.789039234916004],[-73.83724431967146,40.78910221194889],[-73.83718350813176,40.78924554070918],[-73.83716311195373,40.78930123503328],[-73.83714210587829,40.78937385793909],[-73.83714035499975,40.78938246409305],[-73.83713962153668,40.789391441078195],[-73.8371412213885,40.789410875448404],[-73.83714658267745,40.78943218991031],[-73.83716208040494,40.78947606610556],[-73.83716755539365,40.78949487638963],[-73.83717067065957,40.78951465548955],[-73.8371700220552,40.789532376248],[-73.83716883843061,40.78953705707827],[-73.83716668296842,40.78954156582712],[-73.83716356735161,40.789545902008435],[-73.83715950535763,40.78955001990716],[-73.83715450864108,40.789553930763816],[-73.83714862250166,40.78955758773519],[-73.83713432989512,40.78956403301447],[-73.83711662821919,40.78956925757469],[-73.83709699937343,40.789572705816916],[-73.83707698362737,40.78957410969893],[-73.83706743412114,40.78957399685675],[-73.83705851436486,40.7895733359233],[-73.83702441777633,40.789567695548236],[-73.83698752294842,40.78955784581505],[-73.83695332278485,40.789546172347585],[-73.8368751148168,40.789516713911524],[-73.83683725484383,40.78950452193158],[-73.83680302130759,40.78949641381528],[-73.83677086474431,40.78949209034885],[-73.83670469133989,40.789487836117424],[-73.83655947459667,40.78948096661927],[-73.83650023157045,40.78947697522905],[-73.83647469417721,40.78947389506193],[-73.83640120618942,40.78946187636424],[-73.83637809572132,40.789460178689815],[-73.8363573014982,40.789460679384874],[-73.83632428085798,40.78946490992189],[-73.8362883747538,40.78947263093089],[-73.8362546207189,40.789481993552265],[-73.83617393310658,40.78950677751879],[-73.83613203529262,40.789517397700536],[-73.83601155152638,40.789541926781645],[-73.83589707105293,40.789562656264636],[-73.83584206544015,40.78957040254133],[-73.83578722039772,40.78957506186227],[-73.83573311865497,40.789576569555976],[-73.83568022069021,40.78957491756856],[-73.83565808161073,40.78957267098123],[-73.83563618520216,40.7895687318915],[-73.83561551147777,40.789563263359334],[-73.83559665355094,40.7895564558701],[-73.83558026327755,40.78954854355001],[-73.83556638760025,40.78953961827106],[-73.83555521539449,40.78952977780344],[-73.83555067957171,40.78952454805683],[-73.83554685397677,40.789519121811075],[-73.83553285102528,40.78949444577491],[-73.83552040718325,40.789467323243144],[-73.83550928485678,40.78943730189339],[-73.83549889589764,40.78940280715298],[-73.83549690623202,40.789393070416594],[-73.83549597285105,40.78938206484259],[-73.83549634276064,40.78933315917404],[-73.8354945129096,40.789321098920546],[-73.83549110346662,40.78931041363878],[-73.83548346034272,40.789296400284684],[-73.8354724855882,40.7892830303299],[-73.83545814552562,40.78927028580019],[-73.83544041606656,40.78925810350284],[-73.8354194845401,40.78924658304638],[-73.83539490470189,40.78923541805777],[-73.83536640185672,40.7892244538514],[-73.83533150242076,40.78921274271704],[-73.83528735229477,40.789200171846005],[-73.83523905080214,40.78918932371817],[-73.83518580449777,40.78917999884366],[-73.83515382566965,40.78917565758951],[-73.83512500940951,40.78917174469004],[-73.83497802698093,40.78915567637411],[-73.83483050344489,40.78914274099324],[-73.83478381869124,40.78913931502733],[-73.83477833485253,40.78913892018231],[-73.83457184016916,40.78912747599562],[-73.83440941982468,40.78911585152469],[-73.83432302797345,40.789109666968066],[-73.83428255364446,40.7891058171758],[-73.83424292461969,40.7891001055347],[-73.8342080856836,40.789092617127466],[-73.83416564274562,40.78907995714803],[-73.83414953337565,40.78907336093986],[-73.83413566521284,40.78906613655161],[-73.83410403110443,40.78904725278726],[-73.8340944160126,40.78904023336846],[-73.83408663721427,40.789033297172104],[-73.83407004851237,40.78901474079005],[-73.83405560943376,40.78899463018424],[-73.83403866408011,40.788966716486264],[-73.83402388778488,40.788939356565415],[-73.83401535853562,40.78891940708064],[-73.83401305866674,40.78891076766488],[-73.83401195304188,40.788902643937156],[-73.83401331908667,40.7888350452048],[-73.83401007226306,40.7887734727542],[-73.83400506304766,40.78873885059676],[-73.8340009128614,40.78872585871763],[-73.83399530269593,40.78871444131737],[-73.83396023313809,40.78866190977065],[-73.83391732792282,40.78860160479785],[-73.83390129515621,40.788583796354594],[-73.83387417482521,40.788560289799946],[-73.83385767920349,40.78854725432074],[-73.83384261055957,40.78853703917691],[-73.83382786803351,40.788528894613115],[-73.83381316764698,40.788522677991025],[-73.83379548109895,40.78851716904383],[-73.8337759787702,40.78851263850413],[-73.83375444807315,40.788509041502486],[-73.83373021417556,40.788506260131484],[-73.83365829867995,40.78850110379151],[-73.83362430603356,40.78849680477226],[-73.83359974634502,40.78849165426128],[-73.83358017726817,40.78848552992245],[-73.83353782460622,40.78846958332604],[-73.83351863585291,40.78846324325064],[-73.83350311185124,40.78845948417012],[-73.83348846083359,40.78845751753079],[-73.83347264458895,40.78845709831367],[-73.83345664820672,40.78845820113784],[-73.8334409313363,40.78846079031441],[-73.83342600487724,40.788464784829515],[-73.83340396992567,40.78847307279631],[-73.83335417722043,40.78849500980044],[-73.83330930201198,40.788512414626055],[-73.83327559007684,40.788523739500235],[-73.83326688772705,40.78852602251214],[-73.83325759535903,40.78852776574039],[-73.83323709224194,40.78852971672861],[-73.83321371725937,40.78852968290393],[-73.83318342623784,40.78852767600118],[-73.83316390709939,40.788525207069114],[-73.83311955649597,40.78851742579997],[-73.8330984850652,40.788515279105894],[-73.83306179426454,40.78851436136753],[-73.83301120153702,40.78851485514815],[-73.83296901193458,40.78851487576403],[-73.83294877370874,40.788515701146395],[-73.8329293717141,40.78851811420333],[-73.83292072972789,40.78851996539605],[-73.83291266867468,40.78852228616647],[-73.83290227987413,40.78852625971806],[-73.83289140098701,40.78853159286466],[-73.83285624257178,40.78855285698141],[-73.83284200543767,40.788560392065726],[-73.83280758193688,40.788577145438175],[-73.83279684900029,40.7885813166636],[-73.83278675906116,40.788584238411],[-73.83277829537045,40.78858582901457],[-73.83276866011296,40.788586832248605],[-73.8327261578566,40.78858854416152],[-73.8326597673408,40.788595886584496],[-73.83260106426339,40.78860389666738],[-73.83256885862595,40.78860954960352],[-73.83253872405466,40.78861640384952],[-73.83251063647891,40.7886244771296],[-73.83248459394116,40.78863375872082],[-73.83240767132284,40.78866474145522],[-73.83232539607748,40.788698795971264],[-73.83228544136185,40.78871438890049],[-73.83224825358656,40.788727230049794],[-73.83223198697084,40.78873153757496],[-73.83219614055344,40.78873880675348],[-73.83218314719791,40.78874228124283],[-73.832161006322,40.78875008366397],[-73.83214084292744,40.78875905041489],[-73.83211813285997,40.78877203841898],[-73.8320967198753,40.788787667001415],[-73.83208628075752,40.788797485033584],[-73.83206704304968,40.78881948358399],[-73.83205805125776,40.78882856543793],[-73.83198201145302,40.788893858384114],[-73.83195418739795,40.78891953598829],[-73.83193642535558,40.78893888842605],[-73.8319189243068,40.78896294250802],[-73.83190176756774,40.788991697183135],[-73.83186571165919,40.789058372482835],[-73.83183792154614,40.78910774205735],[-73.83181680664157,40.78914569512616],[-73.83180112232989,40.7891776215154],[-73.83179240131156,40.78919212520137],[-73.8317800623501,40.78920838781633],[-73.83177319645581,40.7892155190689],[-73.8317646012586,40.78922226952441],[-73.8317543363848,40.789228593870064],[-73.83174255613113,40.78923440253706],[-73.8317185418299,40.789243471813116],[-73.8316893160563,40.78925165078221],[-73.83166578492866,40.78925643444732],[-73.83164202240388,40.78925937063413],[-73.83162642848157,40.78926013120288],[-73.83161005472476,40.78925984711424],[-73.83157493485916,40.78925614860094],[-73.83156328224034,40.78925375405086],[-73.83155137266947,40.78925020638157],[-73.83152669521195,40.78923963497218],[-73.83149805412681,40.789223014282705],[-73.8314733739143,40.78920448255175],[-73.83146520678658,40.78919667163029],[-73.83145804844364,40.789188187725976],[-73.83145205188623,40.78917919205482],[-73.83144734754092,40.78916988215267],[-73.83144590068446,40.789170510769964],[-73.8314445011178,40.789171265770534],[-73.83144187749328,40.789173188140964],[-73.83143957313953,40.78917558976592],[-73.83143767101389,40.78917835148865],[-73.83143628889387,40.78918135654878],[-73.83143548738299,40.78918443499652],[-73.83143531293632,40.789187433614146],[-73.83143576810112,40.78919021687728],[-73.83143628604451,40.789191623005664],[-73.8314369940182,40.789192929399285],[-73.83144863809257,40.789208183034354],[-73.83146277309501,40.78922169352301],[-73.83147868152236,40.78923278418532],[-73.8314871408735,40.7892373071764],[-73.83149585179967,40.789241102134135],[-73.83157593804385,40.78927162924913],[-73.83159563330902,40.78927964580901],[-73.83166863318911,40.78930602010343],[-73.83167776142388,40.789308752372946],[-73.83168820514707,40.78931111817434],[-73.83171973215707,40.789316080579816],[-73.83180053881553,40.78932457330051],[-73.83183317302232,40.78933214097093],[-73.83186317859901,40.78934326906827],[-73.83188360350213,40.78935346598145],[-73.83189154048269,40.78935834886298],[-73.83189837711858,40.78936333015176],[-73.83191627640754,40.78937862904776],[-73.83193340194333,40.789395277235045],[-73.83195118463726,40.78941477213239],[-73.83196548578309,40.789432901644474],[-73.83197646026684,40.78945047682162],[-73.83198460174005,40.78946875164205],[-73.83199053527478,40.7894884356501],[-73.83199270968751,40.78950485564111],[-73.8319923460442,40.789512437144104],[-73.83198967695232,40.78953290184438],[-73.83198960713706,40.78953680977565],[-73.83198921420795,40.78956114947381],[-73.83199196951847,40.789581810882446],[-73.83199969266938,40.7896061093057],[-73.83201458258128,40.7896405834492],[-73.83203429590175,40.78968326917742],[-73.83204000858483,40.7896968480666],[-73.83206986421519,40.78976785181974],[-73.83209381087134,40.78981913424063],[-73.83210275748144,40.78984209155462],[-73.83211841977328,40.7898941633427],[-73.83213625756267,40.78996181748972],[-73.8321411593998,40.78998194191779],[-73.8321487200091,40.79003324485338],[-73.83214914506108,40.79004344006358],[-73.83214820430491,40.790054459855035],[-73.83214207124183,40.79008091675424],[-73.83213206576016,40.79011125895797],[-73.83212057206087,40.79014000431866],[-73.83209261415041,40.790199693434644],[-73.83207110810378,40.79024250739374],[-73.83205476749012,40.79027119190953],[-73.83205224652362,40.790274961745716],[-73.83201384400635,40.79033225810076],[-73.83196639767755,40.790400005899315],[-73.83195529683569,40.790414092170174],[-73.83191507342448,40.79046023785879],[-73.83189574731281,40.790489188048156],[-73.83187554905086,40.79052553019276],[-73.83185670648172,40.79056470079997],[-73.8318419080428,40.79060208612273],[-73.83183057998045,40.790639783413724],[-73.83182483351116,40.79067298459267],[-73.83181918328192,40.79075211316501],[-73.83181353814662,40.79081953490187],[-73.83180901533892,40.79085608820498],[-73.83180861574999,40.790859302769135],[-73.83180369612916,40.790879124062194],[-73.83179395262196,40.79090399088081],[-73.83177044564832,40.79095586179987],[-73.83175692999276,40.7909826674087],[-73.83175371702877,40.7909882016104],[-73.83174331571016,40.791006106281756],[-73.83172443576608,40.791031985681215],[-73.83169117649335,40.791069847944065],[-73.83166080927866,40.791102591159955],[-73.83163531132125,40.791126030755066],[-73.83155495695918,40.79118638096264],[-73.8315088724828,40.79122153296486],[-73.83148597421784,40.79124309283929],[-73.83143773019351,40.79129791700857],[-73.83138529261826,40.79135723810447],[-73.8313735338278,40.7913689446622],[-73.83135904834073,40.791380675373325],[-73.83134155443788,40.79139269803279],[-73.8313181047826,40.79140703689051],[-73.8312710216949,40.79143428901656],[-73.83123311374406,40.79145464782239],[-73.83115486096948,40.79149424510264],[-73.8310761015808,40.79153296877992],[-73.83103001627039,40.79155409888218],[-73.83099216040134,40.79156786522654],[-73.8309626970729,40.79157601669012],[-73.83088186308554,40.79159581721142],[-73.83078035632445,40.791624404019046],[-73.83070547729416,40.79164199763658],[-73.83065972132654,40.79165021454874],[-73.83061230109162,40.791655854466995],[-73.83056779313932,40.79165792332055],[-73.83052501206322,40.79165597810774],[-73.83048383841357,40.79165079312474],[-73.83045112523254,40.791644075319084],[-73.8303998595889,40.791630460157734],[-73.83036308059442,40.79162093330958],[-73.83027476559894,40.79159708337486],[-73.83027048108701,40.791595927003826],[-73.83019131548005,40.79157052863909],[-73.83015443914225,40.7915598702819],[-73.83012339506115,40.791552643722625],[-73.83010876199121,40.79155049877],[-73.8300926392661,40.791549576397486],[-73.83007470930406,40.79154985737346],[-73.83005189780665,40.79155144806587],[-73.83000741522552,40.79155654978728],[-73.82997327104808,40.79156350834963],[-73.82988325268477,40.7915878519822],[-73.82977510813078,40.7916177224088],[-73.82973717450166,40.79163100860131],[-73.82968596870386,40.79165420222105],[-73.82956050733985,40.791715369912914],[-73.82947723828738,40.791755524034485],[-73.8294266966538,40.791776827997694],[-73.82928781586992,40.79182766132952],[-73.82916194004605,40.791873292675334],[-73.82913579449739,40.791884329523526],[-73.82910913605069,40.79189852848429],[-73.82908136489054,40.79191616123153],[-73.8290488866591,40.79193950094596],[-73.82895035710122,40.792014018810505],[-73.82887855926654,40.79207109266428],[-73.82881543199142,40.79212421168025],[-73.82871253640485,40.79220265651868],[-73.82865010588169,40.79228685461144],[-73.82860051245409,40.79235313046416],[-73.82851893012122,40.792494236175465],[-73.82859113821392,40.79253367066358],[-73.82929713664241,40.792930906672645],[-73.82923174651863,40.79300228767929],[-73.82847999937447,40.79259728641894],[-73.82839743076657,40.792552297545924],[-73.82832275822646,40.79258797981329],[-73.82808788725296,40.7927385281978],[-73.82807489247465,40.79274660632035],[-73.82806320797057,40.792755260002934],[-73.82803795895968,40.792778016337046],[-73.8280211013301,40.792797894871896],[-73.82801911982138,40.792800231574304],[-73.82796508292658,40.79283219836395],[-73.82791413746047,40.79289359289096],[-73.82792020873798,40.79297442506202],[-73.82791973370854,40.7929754509481],[-73.8277927784251,40.79329538970212],[-73.82778571374462,40.79336037663249],[-73.82778378411446,40.79339207155328],[-73.82778457368654,40.793420790428705],[-73.82779720735397,40.793497927581896],[-73.82780452241067,40.793573995681584],[-73.82781379322529,40.793659151097614],[-73.82782710831766,40.793731176389535],[-73.82786390498843,40.79383196097719],[-73.82788750813742,40.793895886530144],[-73.82789752025388,40.79392823822303],[-73.82790968658173,40.79397972016718],[-73.82791705183394,40.79401332953915],[-73.82792022633377,40.79403709757757],[-73.82792031712073,40.794056467828085],[-73.82791783454614,40.79408216418068],[-73.82790638647181,40.79415181014604],[-73.82789394577976,40.79424771288012],[-73.82788720393613,40.79432058051215],[-73.82788650586784,40.79433889568213],[-73.82788722287647,40.794345398410094],[-73.82788871323585,40.79435119098039],[-73.82789413592968,40.79436643500194],[-73.82789894642588,40.79437598844706],[-73.82791556374134,40.79440123570077],[-73.82793384220157,40.794425990897054],[-73.82795977829309,40.794467893851596],[-73.82797321529723,40.79449508249104],[-73.8279776450364,40.79450970367495],[-73.82797996235412,40.794525096845646],[-73.82798037396397,40.79454051414367],[-73.82797916037175,40.79455591075594],[-73.82797293455938,40.79459007562113],[-73.82796885705555,40.794632015191034],[-73.82796950868655,40.79467337598294],[-73.82796724490336,40.79471028378889],[-73.82796673849192,40.79474997798544],[-73.82796997734857,40.794785200993076],[-73.82797171977278,40.79479437041047],[-73.8279740950432,40.79480124467058],[-73.82797743419616,40.794806869122745],[-73.82797948961695,40.794809222235216],[-73.82798181867787,40.79481128811507],[-73.82798375778667,40.79481258765481],[-73.82798601853261,40.794813707584765],[-73.82798858771193,40.79481463917403],[-73.82801917129432,40.79483952077159],[-73.82802255360399,40.79487631135789],[-73.82801595078091,40.794881659132514],[-73.82801298038208,40.79488483315778],[-73.82801043644797,40.79488837771516],[-73.82800837665492,40.79489223760738],[-73.82800683694326,40.79489632393227],[-73.8280054641173,40.794904840377505],[-73.82800565470578,40.79490905492819],[-73.82800645038661,40.79491309917101],[-73.82801372355921,40.794932408770165],[-73.82802487159837,40.79495152429263],[-73.8280522646091,40.794988809551256],[-73.82808388029244,40.7950247332573],[-73.82809360846584,40.795033635653446],[-73.8281070896524,40.79504411989113],[-73.828115985711,40.79504976971356],[-73.82813785302965,40.795061320354606],[-73.8281427741165,40.795064443494894],[-73.82814690119959,40.7950675654512],[-73.82816011502915,40.79508060555246],[-73.82817505476505,40.795099665398304],[-73.8281991620083,40.79513417183901],[-73.82820799674396,40.79514958359644],[-73.82821393552774,40.795162469613935],[-73.8282301195962,40.79520461930697],[-73.82824392764142,40.7952395792922],[-73.82826262833551,40.7952981847182],[-73.82828572162349,40.79536288455328],[-73.828311457451,40.79544104076678],[-73.82832651007485,40.79548108196095],[-73.82834276079831,40.79551530661678],[-73.82835875023882,40.795541355479905],[-73.82838528126483,40.79557781095921],[-73.82841279822466,40.79561336828915],[-73.82843540215093,40.79563804791957],[-73.82844701207945,40.79564816044032],[-73.82845983360168,40.79565704881304],[-73.8284735119724,40.79566448048698],[-73.8284877636888,40.79567029203787],[-73.82851832007442,40.79568019820664],[-73.82852965393862,40.79568281707036],[-73.82854017212863,40.7956843456378],[-73.82855782431047,40.795685452767806],[-73.82857242430497,40.795684853633986],[-73.82857644262788,40.79568426456043],[-73.8285808528249,40.79568327199856],[-73.82859974191021,40.79567786054296],[-73.82860453183888,40.79567698497494],[-73.82860895260414,40.79567659635636],[-73.82861011408295,40.7956765980834],[-73.82861129852388,40.79567667121031],[-73.82861369144038,40.795677071635765],[-73.82861613028115,40.79567778607175],[-73.82861855689295,40.795678798181946],[-73.82862098271623,40.795680116527166],[-73.828623300956,40.79568169588421],[-73.82862545240833,40.7956834996446],[-73.82862697760957,40.795685042307184],[-73.82862735510265,40.79568542985182],[-73.8286318074325,40.79569136184022],[-73.82863534447911,40.7956979044376],[-73.82863787466461,40.79570492382258],[-73.82863931372879,40.79571218349186],[-73.82863957831913,40.79572894277835],[-73.82863657631913,40.79574909998171],[-73.8286343147076,40.7957572912855],[-73.82862557729011,40.795782014908994],[-73.82862144922055,40.79580725047383],[-73.82862189637235,40.795817570862795],[-73.82862402869226,40.79582689396645],[-73.82862725470012,40.7958347240357],[-73.82863190221397,40.79584310570113],[-73.82864862033784,40.795866778087166],[-73.8286692597616,40.79589502136297],[-73.82868433460277,40.795912504592934],[-73.82869161684573,40.79591907101491],[-73.8286951052269,40.79592148873069],[-73.8286984305136,40.79592329540694],[-73.82870155594443,40.795924470885865],[-73.82870304740106,40.79592482390023],[-73.82870449295862,40.79592502423087],[-73.82870587897406,40.79592506247612],[-73.82870721909322,40.79592494703241],[-73.82870849922915,40.795924669502654],[-73.82870973258431,40.795924239287835],[-73.82871204621735,40.79592307239456],[-73.82871437187114,40.795921517362956],[-73.82872286299764,40.795914461754634],[-73.82872444183316,40.79591341070182],[-73.82872600720091,40.7959125390485],[-73.82874087242854,40.79590594254791],[-73.82875497212024,40.79590146979845],[-73.82875611037336,40.79590124700565],[-73.8287572831818,40.79590113064275],[-73.82875850462334,40.79590113245736],[-73.82875975973262,40.79590124304593],[-73.82876105137834,40.79590146123993],[-73.82876235352465,40.79590179638217],[-73.82876504033172,40.79590278190423],[-73.82876778660132,40.79590421765494],[-73.82877045961766,40.79590602268994],[-73.82877290726722,40.795908115701124],[-73.82877495075478,40.795910333085665],[-73.82878010953803,40.795917923947606],[-73.82878406885135,40.79592631279321],[-73.82878674776182,40.79593534035341],[-73.82878808676787,40.79594474302258],[-73.82878811739174,40.795951092275644],[-73.82878736459838,40.79595786236118],[-73.82878342625989,40.795973372533645],[-73.82876332470153,40.79602188814357],[-73.82875467221558,40.79605010597637],[-73.82875327145067,40.7960605135801],[-73.8287535319323,40.79606996959542],[-73.8287546416061,40.79607605911209],[-73.82875659178978,40.79608250000521],[-73.82876324874735,40.796097179411966],[-73.82878634962549,40.79614096864584],[-73.82880615987096,40.79617856745237],[-73.82880772835877,40.79618119925838],[-73.82880962942951,40.79618376840129],[-73.82881432169924,40.79618856541982],[-73.82881996270449,40.79619268989298],[-73.82882303973867,40.79619443236972],[-73.82882623513585,40.79619592256152],[-73.82883505366314,40.79619940225729],[-73.82884211050003,40.79620157397958],[-73.82884679397146,40.79620276382986],[-73.82884902442508,40.796203086109855],[-73.8288626793351,40.79619638074796],[-73.82888724842445,40.796195407716525],[-73.82893570057227,40.79620153449973],[-73.82895826242003,40.796206109423665],[-73.82897683621346,40.79621269576517],[-73.8289953996389,40.796223319614505],[-73.82901396695897,40.79623242954081],[-73.82903054414149,40.79624103192621],[-73.82904711915067,40.79625013889199],[-73.82905837407732,40.796262769733126],[-73.82906960869217,40.796282969501576],[-73.82908152414366,40.79629711491056],[-73.82909607727711,40.79631782468572],[-73.82909936210619,40.79633145270977],[-73.82910198707997,40.79634356700228],[-73.8291052421193,40.79636880029383],[-73.8291045343394,40.7963859543329],[-73.82910202949202,40.79641308619197],[-73.82907268131228,40.79644732487516],[-73.82945157754537,40.796658960557764],[-73.82948799096398,40.796624115738226],[-73.82954962521475,40.796557036142076],[-73.82985726136953,40.7962344002832],[-73.82982361186332,40.796213334732684],[-73.82994060913852,40.796083471790794],[-73.83003294431451,40.796135491225144],[-73.83001561450708,40.79615319771546],[-73.83004150521604,40.79616702757836],[-73.8300319757947,40.79617620848548],[-73.82998537078512,40.79615249607621],[-73.82996808757363,40.79615247058236],[-73.82993516081726,40.796186573034504],[-73.82994029708411,40.79620562689378],[-73.82998000136055,40.796224730574274],[-73.82997565181783,40.79623588871145],[-73.82993336626794,40.79621218365791],[-73.82990916864607,40.79621280448472],[-73.82987970064087,40.79624625499058],[-73.8298813907157,40.79626136290197],[-73.82992799175007,40.796286387907394],[-73.82991759738259,40.79629622389263],[-73.82987358168015,40.79627317296346],[-73.82985284028726,40.796273798879675],[-73.82982251292444,40.796305277837604],[-73.82982420006927,40.79632169998101],[-73.82987166926333,40.79634541205506],[-73.82986300099591,40.7963559077845],[-73.82981294046128,40.79633153417679],[-73.8297956491651,40.79633413527365],[-73.8297627264713,40.79636692411629],[-73.82976700888258,40.796382035355165],[-73.8298144727028,40.79640837574819],[-73.8298023533342,40.796416238576484],[-73.82975574655484,40.796393184279445],[-73.8297358677,40.796393811448596],[-73.82970726766783,40.79642595012893],[-73.82970895647138,40.79644171390194],[-73.82975296586682,40.796466735148364],[-73.82974516438539,40.7964759179135],[-73.82969769514463,40.796452205285355],[-73.82967781379269,40.79645414600623],[-73.82964661476076,40.79648825042519],[-73.82965349083794,40.79650336600381],[-73.8296949122683,40.796526413183074],[-73.82969142823735,40.79653691655898],[-73.82963964150923,40.79651188329226],[-73.82962062784001,40.79651251222288],[-73.82958856383114,40.796547271878765],[-73.82959371858811,40.79655743839797],[-73.82963685834349,40.79658609185766],[-73.82963077821573,40.79659856098892],[-73.82958331857621,40.79657090729693],[-73.82956084437691,40.79657284483436],[-73.82949227653201,40.796641677383185],[-73.82947072470063,40.796667940095304],[-73.82950400128823,40.79668971432986],[-73.82976585679005,40.79683256297833],[-73.82978660304092,40.79683062284926],[-73.82983077892234,40.79679062709484],[-73.82982736373347,40.7967742030717],[-73.8297540210477,40.796730092757066],[-73.82977047577278,40.796716325376245],[-73.82984208561075,40.796762403219304],[-73.82986023624048,40.79676111694938],[-73.82990441203432,40.796721119993634],[-73.82990444559505,40.79670798539419],[-73.82982851975383,40.79665993045069],[-73.8298406490147,40.79664812744076],[-73.82991398919513,40.796693550592536],[-73.8299312725471,40.79669357609449],[-73.82997803792715,40.79665489716657],[-73.8299746269444,40.79663716009083],[-73.8299056078384,40.79659174268368],[-73.82991600561037,40.79658059297196],[-73.82998934788364,40.79662536021804],[-73.83001095628619,40.79662407902435],[-73.83005253551583,40.796585392417526],[-73.83005257240237,40.79657094358709],[-73.83003356229054,40.79656145389883],[-73.82997664493202,40.79652354593922],[-73.82999223062801,40.79651174734151],[-73.83005434679555,40.796553214158756],[-73.83008286122339,40.796554569259214],[-73.83012702669015,40.79651851306591],[-73.8301227477592,40.7965020889507],[-73.83004854979512,40.79645403669696],[-73.83006844644606,40.7964461848063],[-73.8301348729292,40.796491598296356],[-73.8301547509279,40.79649097105715],[-73.83019892557122,40.79645163101971],[-73.83019896577342,40.79643586980108],[-73.83012649126013,40.796389790400326],[-73.8301386247866,40.79637601643049],[-73.83020850671433,40.79642209150212],[-73.83023184139195,40.79642146934144],[-73.83027428404668,40.79638278342279],[-73.83027345865865,40.7963676772934],[-73.83019839917152,40.79631896800515],[-73.83021743455674,40.79630980058437],[-73.83028558880152,40.7963552170361],[-73.83030546596632,40.79635524630114],[-73.83034878234464,40.79631327831371],[-73.83034708546788,40.79630079719539],[-73.83027979680672,40.7962547260252],[-73.83028847001636,40.79624226067726],[-73.83052227564077,40.79639497040728],[-73.83050583452889,40.79640348348642],[-73.83039453642338,40.79633173489361],[-73.83037725316521,40.796331709461114],[-73.83029583878913,40.7964025184742],[-73.83029492633922,40.79642156223854],[-73.8304122666409,40.796495947114735],[-73.83039841573691,40.796505121525996],[-73.83027934975122,40.796430077060755],[-73.83026292869329,40.79643070941217],[-73.83017890764567,40.79650676910018],[-73.83018060326343,40.79651990624764],[-73.83025222625007,40.79656344936718],[-73.83030226567672,40.796593640400744],[-73.83028495256364,40.7966047799654],[-73.8302124176842,40.7965630860072],[-73.83016847845091,40.79652973920309],[-73.83014859338492,40.79653365026413],[-73.83011827741761,40.79656222710811],[-73.83007149935086,40.79660446548347],[-73.83007404667603,40.796622201283135],[-73.83019225768815,40.796693960868666],[-73.8301766722053,40.79670575949344],[-73.83006018943459,40.79663400244007],[-73.83004204087301,40.79663397568169],[-73.82995975012453,40.79670938055803],[-73.82995971154207,40.796724485414444],[-73.83007965633034,40.796794278077606],[-73.83006666887107,40.79680410975042],[-73.82994672138433,40.7967356306352],[-73.82993116516747,40.796735607683885],[-73.82984973939318,40.79681101442718],[-73.82984969743,40.79682743217364],[-73.82996790476818,40.79690050571425],[-73.82995664004932,40.796912310682586],[-73.8298392898919,40.79684186569434],[-73.82981595965761,40.79684051818807],[-73.82978477023461,40.79687133882697],[-73.82971918487982,40.79683512066832],[-73.82972784125222,40.796829222495376],[-73.82950917103797,40.7967108964972],[-73.82905966768637,40.796462507655335],[-73.82900907436915,40.79650866874513],[-73.828960444934,40.79652194047796],[-73.82890959570734,40.796528912312304],[-73.82885792939828,40.79652939192548],[-73.8288068712561,40.79652336608711],[-73.82875782975296,40.79651100102383],[-73.82871215772852,40.79649263783394],[-73.82866451653724,40.796475575444234],[-73.82858548315703,40.79653121435675],[-73.82850032721936,40.79658136533536],[-73.82840970635239,40.79662564107518],[-73.82831432039244,40.796663699643716],[-73.82821490597983,40.79669524712189],[-73.82811223086972,40.796720039874096],[-73.82800708800184,40.79673788643004],[-73.82790028937625,40.79674864896375],[-73.82760560907717,40.7967063535993],[-73.82760278894332,40.79670611283574],[-73.82758859635548,40.796707801035396],[-73.8275785493864,40.796709739183896],[-73.8275607571205,40.79671487100536],[-73.82753800840773,40.79671713206666],[-73.82751579861969,40.79672043375918],[-73.82749688492332,40.79672626213788],[-73.82747950809137,40.79673193751778],[-73.82745903381445,40.796738730175186],[-73.8274405711723,40.79674309638934],[-73.82742422822845,40.796748674971404],[-73.82740550257883,40.796758574145116],[-73.82737769315246,40.796780911361516],[-73.82735884290419,40.79679728351664],[-73.82735313682295,40.796802201720176],[-73.82734470098131,40.79681036515424],[-73.8273331767463,40.79682295332901],[-73.82731999674428,40.79683776275215],[-73.82731066144272,40.79684713587626],[-73.82730019820696,40.79685554923282],[-73.82729043338182,40.79686648991557],[-73.82728503879622,40.79687930086432],[-73.82728360722271,40.79689239651306],[-73.82728976463152,40.79690206507743],[-73.8272976506556,40.79691508087284],[-73.82729828229103,40.796927714227856],[-73.82729710261924,40.796930043239094],[-73.8272944488063,40.79693528062521],[-73.82729299815836,40.79693814011795],[-73.82729027490561,40.796939553971214],[-73.82728875379668,40.79694034324882],[-73.82728211443832,40.79694378281276],[-73.82726704843562,40.79694460891944],[-73.82724996113608,40.796940874638004],[-73.82724328510174,40.796933982025294],[-73.8272345277413,40.79692238720948],[-73.82722290728505,40.79690909676653],[-73.8272141262322,40.79689949847942],[-73.8272092466439,40.79689818681318],[-73.82720332863612,40.79689981717616],[-73.8271893127914,40.79690490183096],[-73.82717219605324,40.796911068905956],[-73.82715760515033,40.796920368635014],[-73.82714357425027,40.7969298900003],[-73.82712641319013,40.79694004778847],[-73.82711027499404,40.7969493485414],[-73.82709317429986,40.7969604494147],[-73.82707416487673,40.79697474464133],[-73.82706008571567,40.796987814778724],[-73.8270431688529,40.797003496898235],[-73.82702806448833,40.79701857144062],[-73.82701207972754,40.79703803616654],[-73.82699868829813,40.797058578954264],[-73.82698776992517,40.7970814394786],[-73.8269836152528,40.797093231207676],[-73.82697912996336,40.79710500485008],[-73.82697613317643,40.797112761293604],[-73.82697509656563,40.79711500223045],[-73.82697091510649,40.79712827768977],[-73.82697001638891,40.79714082029567],[-73.82696958332534,40.79715265329354],[-73.82697037970006,40.797165576213345],[-73.82697204859538,40.79717518746372],[-73.8269752051808,40.79718686284784],[-73.82697978921595,40.79720130420592],[-73.82698279311242,40.7972127811783],[-73.82698554335774,40.7972260945165],[-73.826990797513,40.797246993637586],[-73.82699346948093,40.797258110602165],[-73.82699897185793,40.797270527790076],[-73.8270121432221,40.79728633362841],[-73.82703330269894,40.7973014026145],[-73.82704654320895,40.79730867247172],[-73.82705837493968,40.797315407651084],[-73.82707441225851,40.79732715663534],[-73.82708843152105,40.79734056812595],[-73.8271015684704,40.79735546373765],[-73.82711225531278,40.79736997807108],[-73.82711969691147,40.797383685928025],[-73.82712728725124,40.79739928469725],[-73.82713648523858,40.79741634435162],[-73.82714904596723,40.797434554250366],[-73.827161276906,40.79745200543398],[-73.82717235863593,40.797469474158554],[-73.82718039545175,40.79748615496885],[-73.8271866948234,40.797497113694796],[-73.82719240016688,40.797508981694456],[-73.8271961600784,40.79752119807769],[-73.82719785571484,40.79753912163112],[-73.82719705421918,40.79755575233423],[-73.82719495057096,40.79757161599754],[-73.82719101670101,40.79758522504274],[-73.82718643262824,40.79759811342464],[-73.8271821380805,40.797609525673046],[-73.82717365601191,40.79762220131642],[-73.82716326243056,40.797632091499054],[-73.82714947039024,40.79764524500169],[-73.82712912435535,40.7976637375866],[-73.82711439259306,40.79767381877075],[-73.82709623419127,40.7976849401705],[-73.82707221507523,40.797698348373224],[-73.82706744562513,40.79770078122282],[-73.82706071893216,40.79770420204732],[-73.82703818958812,40.79771446099362],[-73.8270305591211,40.79771845691458],[-73.82697931778351,40.797738146479844],[-73.82691928311844,40.79774952881263],[-73.82689978813906,40.79775487475255],[-73.82688418235936,40.79775940816962],[-73.8268684709321,40.797763707560634],[-73.8268666088378,40.79776421739096],[-73.82685100446643,40.79776786861776],[-73.8268473410131,40.79776884464493],[-73.82683076310984,40.79777327725201],[-73.82681001426134,40.7977780180347],[-73.82679270318214,40.797782440655816],[-73.82677636279134,40.797786919178776],[-73.82675807820782,40.79779177237927],[-73.82673856166687,40.79779624545315],[-73.82671545112177,40.79779804695688],[-73.82669457238099,40.797797466587404],[-73.82667174584928,40.79779474901391],[-73.82665286668504,40.79779106472076],[-73.82663395331255,40.79778722708756],[-73.82661605440506,40.797780689130285],[-73.82657493594165,40.79775052851855],[-73.82653598312838,40.79771445684042],[-73.82649994722516,40.79767628760035],[-73.82646650022878,40.797639142642474],[-73.8264488063056,40.79761031439567],[-73.82641094790019,40.79753528013095],[-73.82640324327899,40.797518675991135],[-73.82638353331403,40.797483988015195],[-73.82636400114419,40.79745213617066],[-73.82635749073081,40.79743847188401],[-73.8263426926312,40.79741421254218],[-73.82633007352398,40.79739582019977],[-73.82631281893156,40.797375830721585],[-73.82629836372378,40.79736404665733],[-73.82626364903743,40.79733111466301],[-73.82623828794918,40.79731821066388],[-73.82620258999185,40.79730171709043],[-73.82616029692305,40.797289502373346],[-73.8261182190996,40.797271434465934],[-73.82607189649914,40.797268370064664],[-73.82599930483816,40.797266250371734],[-73.82594120672331,40.79726425554797],[-73.82590736699538,40.797264276311616],[-73.82587163989257,40.79726478238278],[-73.82581791517686,40.797266480328936],[-73.82577267744504,40.79726878562561],[-73.82572219286071,40.797272307581174],[-73.82567021409555,40.7972828226064],[-73.8256118196272,40.79729246866494],[-73.82556214231047,40.797298922123304],[-73.8255267623435,40.79730255530402],[-73.82549812857714,40.797307197305145],[-73.82549158215593,40.79731322852206],[-73.82547926446102,40.79731634929611],[-73.82544185438664,40.79731074940632],[-73.82541155883354,40.797308950204204],[-73.82537864218475,40.797309265379965],[-73.82534199346644,40.79729755679804],[-73.82530345235448,40.79728892109985],[-73.82526770840128,40.79729029691694],[-73.82523269192957,40.79729854939691],[-73.82520877517845,40.79731150119651],[-73.82518203251121,40.79732304618393],[-73.82516471196965,40.797338965133825],[-73.82514036020423,40.79734144676936],[-73.82511588636221,40.797352468148766],[-73.82510243068933,40.797359039516124],[-73.82507990262411,40.79736924430681],[-73.82506496699443,40.79737577656838],[-73.82504612538247,40.79738480723437],[-73.82502503724783,40.7973971029046],[-73.82501009483249,40.797406212022004],[-73.82499364106782,40.79741749700601],[-73.82497670188856,40.797429114960906],[-73.82495973803974,40.79744072299179],[-73.82494233868199,40.79745145755233],[-73.82492540431831,40.79746098629971],[-73.82490897841184,40.7974710559183],[-73.8248925106846,40.79748327850532],[-73.82487655546714,40.7974945010729],[-73.82483827649405,40.79751900881112],[-73.82481787170401,40.79753245772023],[-73.82479945953686,40.7975451361904],[-73.82478400216495,40.79755631510766],[-73.82476949624709,40.797566144378166],[-73.82475599888635,40.79757529134212],[-73.82474250297047,40.797583888153824],[-73.8247309675253,40.79759086747335],[-73.82471992705914,40.79759856773541],[-73.82470444905391,40.79760853121489],[-73.82468899079986,40.79762003344172],[-73.82467314457736,40.797629603845365],[-73.82465837283527,40.79763940907641],[-73.82464283145568,40.79765066139035],[-73.82462892497482,40.79765936796325],[-73.82461608042885,40.79766746568828],[-73.82460504554436,40.79767471094926],[-73.82459527149439,40.79768099083701],[-73.82457757238143,40.797693083013186],[-73.82455640725948,40.797705495915324],[-73.82453390441162,40.797718184031524],[-73.82452124963488,40.79772494752881],[-73.82450815083989,40.7977314759809],[-73.82449498029521,40.797738545093665],[-73.82448131855713,40.79774562987449],[-73.82446843578055,40.79775374997322],[-73.82445536161349,40.797761468053494],[-73.82442804384634,40.79777680844664],[-73.8244142788195,40.797784184053526],[-73.82440050868631,40.79779182300059],[-73.82438532200877,40.7977991986161],[-73.82438057285074,40.797801503563754],[-73.82437124341068,40.797806023587206],[-73.82435832559072,40.79781179206842],[-73.82433822309196,40.797820886031964],[-73.82431876264516,40.79782943199033],[-73.82429574294159,40.79783871365169],[-73.824271534035,40.79784937675133],[-73.82425946507009,40.7978555850967],[-73.82424681902977,40.79786235896364],[-73.82423506227413,40.79786887686647],[-73.82422322970594,40.79787638807714],[-73.82420876745216,40.79788465081501],[-73.82419397944382,40.79789363977857],[-73.82417993257212,40.79790270994786],[-73.82416518231116,40.79791167651692],[-73.82415141017674,40.79792005220712],[-73.82413798377735,40.79792772950791],[-73.824124868116,40.79793452140776],[-73.82411135666295,40.79794076372205],[-73.82410272584848,40.79794408765451],[-73.8238371126463,40.79758933365317],[-73.82354073890242,40.7971311195959],[-73.8234276413309,40.796954691739074],[-73.82297047157749,40.796213399150524],[-73.8252293386539,40.795725668541756],[-73.82555713602822,40.79564843303509],[-73.82561397576131,40.79563503912136],[-73.82568429594825,40.79561874677403],[-73.8255500029263,40.79540397235398],[-73.82525636093337,40.79494694589843],[-73.82504330209494,40.79461532279884],[-73.82483401191809,40.79428956069242],[-73.82459094405996,40.79391123161543],[-73.8244146809365,40.79363687837949],[-73.8242072975609,40.79331407949377],[-73.82416803123216,40.793252960293145],[-73.82403946187478,40.793045919187314],[-73.82392580338828,40.792989770031156],[-73.82380493490172,40.79279286179728],[-73.82368995426967,40.79272613819321],[-73.82347624470675,40.7921519966297],[-73.82343529307481,40.791783763353],[-73.82326844279764,40.79119767112886],[-73.82325485714037,40.79097659318462],[-73.82324939861184,40.79075531312781],[-73.82325207138716,40.790534003499985],[-73.82326287330119,40.79031283686375],[-73.82328179594101,40.79009198572824],[-73.82330882437884,40.78987162223775],[-73.82334393745991,40.78965191821219],[-73.82338710772662,40.78943304495566],[-73.82382786952898,40.78785563106252],[-73.82388923436851,40.78765684444065],[-73.82395236667828,40.787452333285984],[-73.82417027446355,40.78674636580916],[-73.82424395613721,40.78651697643683],[-73.82431645759296,40.78624694485632],[-73.82435001483775,40.78612196114363],[-73.82440500295112,40.785886950315174],[-73.82447901303587,40.78547395795023],[-73.82452161992599,40.78522523146438],[-73.8245350231654,40.785146988955105],[-73.82458840451794,40.78481405820397],[-73.82459002216612,40.78480397210869],[-73.82465643606541,40.784431219541275],[-73.8247880167291,40.78360995441018],[-73.82480499815871,40.78349995728452],[-73.8248255154303,40.783377699974324],[-73.82485902698988,40.78317800962113],[-73.82488764280878,40.78303174796192],[-73.82490696398006,40.78293301945993],[-73.82502096513767,40.78248295861766],[-73.82507098758732,40.78231401895463],[-73.82515005221589,40.78207096760749],[-73.8251894061385,40.78195753840548],[-73.82523295529293,40.781832019361346],[-73.82525305100985,40.78178096305743],[-73.82528484203165,40.78169729182531],[-73.82567639326807,40.780857348589436],[-73.82582562015384,40.78058718545177],[-73.8258728182529,40.780501738439234],[-73.82623910204374,40.779892882471444],[-73.8262922294845,40.7798063238082],[-73.82660376831687,40.77929470446567],[-73.8266158066977,40.77927440539675],[-73.82670178265016,40.779129444395025],[-73.82737224186882,40.777943552092495],[-73.82740940861271,40.77788202396366],[-73.82743582650455,40.777838294245804],[-73.82793791490332,40.776977444201414],[-73.82810298818531,40.77669389137251],[-73.82814422314972,40.77662299147587],[-73.82823904799028,40.77645994533681],[-73.82852812511321,40.77600724243221],[-73.82888299766202,40.77542700714486],[-73.82896119493293,40.77531562577889],[-73.82896465195567,40.775310702971375],[-73.8291849485995,40.775018059289415],[-73.82930125060555,40.77487527550159],[-73.82972909509758,40.774350009810405],[-73.83015693195934,40.773824742320144],[-73.83022000889481,40.77375899109294],[-73.83054002429236,40.77343694713405],[-73.83063703599059,40.77335802477379],[-73.8309997552642,40.773047234184176],[-73.83112245181655,40.7729421021366],[-73.83112498244094,40.772939934207976],[-73.83159305635503,40.772560020472646],[-73.83171305208468,40.77247399117312],[-73.83183305742095,40.77238796159442],[-73.83217842682248,40.77217512614575],[-73.83243798951314,40.77201402454933],[-73.83252211794338,40.77196440273561],[-73.83278903768719,40.771806959417496],[-73.83313303466852,40.77161000508228],[-73.83313515502579,40.77160874283006],[-73.8332539735256,40.771537985726134],[-73.83342888651568,40.77143427601579],[-73.83360101391168,40.77133601917181],[-73.83381302084416,40.771214106642574],[-73.83403528559627,40.77108629583928],[-73.83405501388565,40.77107495159196],[-73.8343753249955,40.77088813310124],[-73.83521611720701,40.770376538692496],[-73.83550765890412,40.77016426389074],[-73.83626891727624,40.76960997114909],[-73.83681154940093,40.76911504769751],[-73.83691159434402,40.769023797593945],[-73.83721938316582,40.76874306939395],[-73.8375769382122,40.76839940000421],[-73.83794778699777,40.76795557102404],[-73.83820473755632,40.76764804641113],[-73.83872288690196,40.766902564988776],[-73.8388173985019,40.766743722133384],[-73.83882892328643,40.766724579985116],[-73.83885466702176,40.766682986459394],[-73.83925621768789,40.76603420963985],[-73.8395267864783,40.76613954972582],[-73.83954371555879,40.76621172172179],[-73.83969772549081,40.7663926770456],[-73.83973778802071,40.766650871719165],[-73.83973386806854,40.76673441465341],[-73.83969375990986,40.7668248059601],[-73.8395605054185,40.766916841177235],[-73.83951000594953,40.766974160215355],[-73.83949805795804,40.76701701698489],[-73.83959072609815,40.76711082471924],[-73.83968175000142,40.76710489166387],[-73.83975387982154,40.76712044493855],[-73.83978750472959,40.76705148541037],[-73.839869578183,40.76708653570936],[-73.83993922177474,40.76706427714755],[-73.8399402231328,40.7670018816498],[-73.83988430822644,40.7669522042087],[-73.83990190913333,40.766824158916805],[-73.84000758970934,40.76662342046612],[-73.840113137722,40.76656666461249],[-73.84022374446803,40.766529240301594],[-73.84027020920483,40.766464666505364],[-73.84027438049095,40.766379672956454],[-73.84031170315292,40.766294797898624],[-73.8405722221806,40.766270404381686],[-73.84086515071165,40.766214869748524],[-73.84084759497334,40.766162020200234],[-73.8408401364553,40.766162954576004],[-73.840836443574,40.766147830924346],[-73.84086007103146,40.766142193980826],[-73.84087122017897,40.76615732742775],[-73.84086500211306,40.76615920886755],[-73.84088883538274,40.766210379761034],[-73.84102191922574,40.76618514877901],[-73.84100802893788,40.766116884216096],[-73.8410788870798,40.766110367716756],[-73.84108497073595,40.76616518206658],[-73.84105761922727,40.76616892439315],[-73.84105643008796,40.76617860508437],[-73.84120530561162,40.76615038087764],[-73.84120337400235,40.766097476524905],[-73.84119574495959,40.76609729965624],[-73.84120075497815,40.76608124266253],[-73.84123679749322,40.7660812923349],[-73.84123676821112,40.76609357613746],[-73.84122309104387,40.766095447317625],[-73.84122723929157,40.766146222119],[-73.84144364387917,40.76610519298741],[-73.84172286075041,40.766043280529686],[-73.8417012582299,40.76598832628343],[-73.84167323806332,40.76599495749314],[-73.84166211638194,40.76596848399228],[-73.8417130964574,40.76595816022886],[-73.84174481257077,40.766038413565155],[-73.84196444921872,40.7659897108493],[-73.84198401916441,40.76596514588204],[-73.84196546583156,40.765927323053674],[-73.8419157397382,40.76593292441648],[-73.84191572852203,40.76593764980665],[-73.84187344475318,40.76594893027452],[-73.84186231494718,40.765925291489076],[-73.84190335600015,40.76591400814727],[-73.8419058306349,40.76591873694848],[-73.8423186823178,40.76582102879716],[-73.84231744497019,40.76581913707552],[-73.842357230672,40.765812576589326],[-73.84236463453715,40.76583526605293],[-73.84232856912517,40.765844665167556],[-73.84232609735784,40.76583899287294],[-73.84227261595431,40.765855928246744],[-73.84228991176651,40.765899419891554],[-73.84231828010063,40.76591125187986],[-73.8425134757182,40.76586796797041],[-73.84249272360755,40.76580236758513],[-73.84248152879428,40.76580613233645],[-73.84247287859897,40.765785331874625],[-73.84252261658963,40.765775004882116],[-73.84252754583234,40.765792965547234],[-73.84251137775364,40.76579766885305],[-73.84253623494851,40.76586292069563],[-73.8426819600242,40.76583060716448],[-73.84295915637364,40.76585472242508],[-73.84336969753039,40.76572529284782],[-73.84346820695714,40.7656530714175],[-73.843599743765,40.76564347993863],[-73.84370633527863,40.765679968848104],[-73.8439474833579,40.76549488148595],[-73.84407906365566,40.765496761363764],[-73.84426568006505,40.76546921500905],[-73.84448895884195,40.76545960258417],[-73.84491332846012,40.765528388178716],[-73.84528163541583,40.76566611948273],[-73.84593023292938,40.76601257581861],[-73.84602715981245,40.76604487155403],[-73.8461407214992,40.7661157043139],[-73.84620024037952,40.766196343166605],[-73.8465217041874,40.76629580012938],[-73.84666768544618,40.76628375673118],[-73.84684964636887,40.76626203475858],[-73.84701309197985,40.76626796152793],[-73.84712188593454,40.76629056396787],[-73.84723067976141,40.76631315809593],[-73.84738263097066,40.766419412624145],[-73.84769353575076,40.76670591163128],[-73.84780575104425,40.766772948171884],[-73.84786167716109,40.7668502329004],[-73.84792234568383,40.76701249603316],[-73.84799048271634,40.76711716133738],[-73.84804248817565,40.76723778076506],[-73.84809411442576,40.767378768977096],[-73.84821324018463,40.76763459784819],[-73.84828222856984,40.76774537878644],[-73.84837411868462,40.76786934596794],[-73.84842038279727,40.76791076681397],[-73.84850333135284,40.76788032203355],[-73.84862313819373,40.768113973771555],[-73.8485253028606,40.768140530725994],[-73.84851149878781,40.76811178774681],[-73.84827134088809,40.7682021811484],[-73.84823630101616,40.76823548818975],[-73.84820841115749,40.76827249419865],[-73.84818833417313,40.7683123196665],[-73.84817654724043,40.76835401807418],[-73.84817333051197,40.76839659838687],[-73.8481787604554,40.76843904860822],[-73.84819270803453,40.76848035983155],[-73.84821484177444,40.7685195502189],[-73.84824463563893,40.76855568833625],[-73.84828138153037,40.76858791529103],[-73.84832420611953,40.76861546514594],[-73.8483720916009,40.76863768312338],[-73.84842389988253,40.76865404116793],[-73.84856303815775,40.76863659839559],[-73.84857330139103,40.768634827479964],[-73.84858380645535,40.768634344725974],[-73.84859427552723,40.768635162900864],[-73.84860443173491,40.76863726036652],[-73.8486140064813,40.76864058165223],[-73.84862274654644,40.768645038921136],[-73.84863042078474,40.768650514293405],[-73.84863682623828,40.76865686296402],[-73.84864179350393,40.76866391703189],[-73.84864519121382,40.768671489940445],[-73.84864692950902,40.768679381411786],[-73.84864696241715,40.76868738274268],[-73.84874543600232,40.76871174752752],[-73.84899656368121,40.76914831400686],[-73.84882194384387,40.76947636353881],[-73.84851435180302,40.76965662295707],[-73.84849314021328,40.76967769735873],[-73.8484769230442,40.76970119587818],[-73.84846616766745,40.76972644130648],[-73.84846118405116,40.76975270608929],[-73.84846211582636,40.76977923329433],[-73.84859368539989,40.77062391952263],[-73.84859790418997,40.77063540511],[-73.84861027612737,40.77065908656996],[-73.84862191287661,40.77068804462933],[-73.84864527048879,40.77071924132009],[-73.8486715286884,40.770761572902735],[-73.84874746796304,40.77084403300953],[-73.84882636338858,40.77091314161617],[-73.84890527065537,40.77098225068605],[-73.84912991114923,40.77106378837775],[-73.84933814775343,40.77118761986618],[-73.84949402711861,40.77132861681566],[-73.8495760947736,40.771438916609846],[-73.849609790169,40.7714842044612],[-73.84973230426172,40.771730094022935],[-73.84973804497628,40.77174241985032],[-73.8497730365678,40.77180479915276],[-73.8498050147528,40.77184258926541],[-73.84982268798642,40.771858290874746],[-73.84993252885828,40.771893778581024],[-73.84994046677298,40.77192059740457],[-73.84994241882967,40.77192719326011],[-73.85020188336162,40.77193739278493],[-73.85020240095878,40.771945534877084],[-73.85030397450468,40.77193819958973],[-73.85031075024499,40.771920286816545],[-73.85028379823399,40.771925372393085],[-73.8502906085098,40.77189209905689],[-73.85031415825226,40.77190237084057],[-73.85033808818524,40.771743668538946],[-73.85037848157002,40.77175140188971],[-73.85036823526178,40.77181539383081],[-73.85126052461453,40.771872872817035],[-73.85126742588308,40.77179863646534],[-73.85130108374476,40.77180636079786],[-73.85127037620715,40.77198553474381],[-73.85124007806625,40.77198037503722],[-73.85125374913342,40.77189078614873],[-73.85036146530206,40.77183074564805],[-73.85033410569255,40.77201760575838],[-73.85029707789941,40.77200987726794],[-73.85029717573904,40.771966353520206],[-73.8501973454494,40.771961326490754],[-73.85019486668942,40.77197227426262],[-73.84995162517303,40.771958298877244],[-73.849962928372,40.77199648468678],[-73.84994620808664,40.77205737261648],[-73.84986902411909,40.772183062008466],[-73.85003738572807,40.77218107343118],[-73.85004065546251,40.77222460105772],[-73.84983958377667,40.77223100286766],[-73.84972769544764,40.772413201796894],[-73.84957160955892,40.77256110383093],[-73.84918580437129,40.77310472058796],[-73.84897619867189,40.77356166795718],[-73.84896112400028,40.77374268475356],[-73.84921197208924,40.774547634476136],[-73.84921529930918,40.77465486043059],[-73.84920930556643,40.77476201938274],[-73.84919401697914,40.774868643579545],[-73.8491695002383,40.77497426760021],[-73.84913586231791,40.77507843038753],[-73.84909325000866,40.77518067726041],[-73.84901442828746,40.77534379666889],[-73.848968509044,40.77544960262436],[-73.84892988681854,40.775557080129644],[-73.84898905598314,40.77567771170865],[-73.84909641755493,40.77578595452596],[-73.84909658440891,40.77578720415121],[-73.84919240411048,40.775790469530534],[-73.84918973291776,40.775862897619724],[-73.84909323437407,40.77585700404361],[-73.84902645862653,40.77689875823444],[-73.84912737411649,40.77689530954598],[-73.84912563563911,40.77697095516855],[-73.8490217298192,40.7769725328639],[-73.84901971163633,40.777004019017475],[-73.84903491312318,40.77728844342937],[-73.84901842051995,40.777404632539906],[-73.84899941431672,40.777522051173676],[-73.84897771676305,40.77763491828822],[-73.84897404925754,40.77767465358554],[-73.8489716598805,40.777772616280714],[-73.84895680884686,40.7778905618543],[-73.84895450913376,40.77792770447241],[-73.84895559325422,40.77796167373155],[-73.84896008358999,40.77799309754706],[-73.84896802544691,40.778022212691745],[-73.84897383480374,40.7780353494591],[-73.84898207469953,40.77804830061011],[-73.84899254202304,40.7780607408782],[-73.84899380740218,40.778061922754624],[-73.84900491920531,40.77807228336503],[-73.84901882664829,40.778082586155264],[-73.84903388635963,40.77809137635656],[-73.84904969603313,40.77809841270701],[-73.8490659137323,40.77810355721993],[-73.84911406661877,40.77811469640734],[-73.84917605388868,40.77812687089838],[-73.84920561102659,40.778131385698636],[-73.84923662799198,40.778135009824474],[-73.84928764656797,40.77814096626172],[-73.84931206343556,40.778145456218844],[-73.84933338575425,40.778151013116194],[-73.84934534071375,40.77815546800891],[-73.8493567111171,40.77816133638772],[-73.84936761626928,40.778168680728314],[-73.84937825751246,40.778177635817194],[-73.84939585408341,40.7781963620503],[-73.84943535665232,40.77824556318478],[-73.8494784449966,40.778296066140264],[-73.84949436325356,40.77831779842378],[-73.84950757331885,40.778338536254],[-73.84951731632304,40.778357153371054],[-73.84952520807987,40.77837657839148],[-73.84953114505714,40.77839659523974],[-73.84953505641919,40.77841695203273],[-73.8495358659634,40.778425885557276],[-73.8496919692504,40.778428022693305],[-73.84969626130186,40.77841506767003],[-73.84974741420471,40.77841405400628],[-73.84974445808719,40.778464814108005],[-73.84953664690445,40.77845762079265],[-73.84953430348013,40.77847747370992],[-73.84952990130999,40.77849672067898],[-73.84952858977923,40.77849996042011],[-73.84952657007254,40.77850304678812],[-73.84952383818543,40.77850599653037],[-73.84952033715487,40.7785088558095],[-73.8495113336778,40.778514247424],[-73.84948131861695,40.778528940259896],[-73.84947722420407,40.778531753195615],[-73.84947388931542,40.77853462207176],[-73.84947124090858,40.778537589512],[-73.84946927977711,40.77854069455088],[-73.84945846130667,40.77856282278508],[-73.84945106324766,40.77858090421431],[-73.8494461945274,40.7785972153536],[-73.8494438267176,40.778611854336184],[-73.84944397412744,40.77862521871936],[-73.84944670731139,40.778637099858315],[-73.84944905360406,40.77864250512305],[-73.84945203895039,40.778647542833795],[-73.84945566507523,40.778652230080304],[-73.84945995577684,40.77865656806623],[-73.84946904846156,40.77866378321188],[-73.8494795769649,40.77867039747505],[-73.84950513864881,40.778681831986134],[-73.8495368533371,40.77869103973372],[-73.84957720816739,40.778698738791284],[-73.84960429240051,40.77870211443656],[-73.84968687978878,40.77870938977846],[-73.84969513318683,40.778710697192466],[-73.84973917397001,40.7787176895195],[-73.84975786860362,40.77872230577269],[-73.84977311348453,40.77872756702251],[-73.84978540855205,40.77873371482387],[-73.84979030575784,40.77873708076674],[-73.84979436044475,40.77874064329136],[-73.84979758647607,40.778744411629944],[-73.8497999937689,40.778748385795396],[-73.84980157152407,40.778752565941275],[-73.84980132097903,40.77876730653063],[-73.84993353296176,40.77876912338123],[-73.84993080856658,40.77879720785154],[-73.84980088112201,40.7787932848279],[-73.84979610479608,40.779075344023205],[-73.8497922389795,40.77909297122416],[-73.84979044990959,40.779097957135235],[-73.84978799963753,40.77910277214588],[-73.84978489696313,40.779107423136104],[-73.84978114316354,40.77911193004298],[-73.84977161159078,40.7791205448522],[-73.84975923714767,40.779128740993194],[-73.84973108396714,40.77914222108965],[-73.84966179483966,40.77916869542082],[-73.84965811870529,40.77917013101012],[-73.84965398205502,40.779171432145525],[-73.84964409727885,40.779173661076506],[-73.84960160472559,40.77917910716714],[-73.84959577388807,40.779180162339514],[-73.84959302348445,40.77918066383948],[-73.84958612583421,40.77918247349452],[-73.84958246208258,40.779183792164716],[-73.84957931896611,40.77918526530291],[-73.84957666210774,40.77918689169162],[-73.84957448948224,40.779188689923615],[-73.8495727922538,40.77919066886614],[-73.84957155453695,40.77919283670726],[-73.84957754850187,40.779397412751976],[-73.84957921443737,40.77941026414181],[-73.84958285649674,40.77942323671912],[-73.84958833734376,40.77943585972505],[-73.84959547717891,40.77944772851783],[-73.84960400544776,40.77945841940685],[-73.84961378096683,40.77946779835446],[-73.84962460342139,40.77947566406833],[-73.84963631633588,40.77948192035175],[-73.84963968933035,40.77948327517696],[-73.84964324176299,40.77948441446312],[-73.84965096095709,40.779486054391406],[-73.84965952458613,40.779486848913955],[-73.84966912057455,40.77948682574984],[-73.84968773448676,40.77948502148894],[-73.84973187730172,40.77947808268739],[-73.84974262512041,40.77947713275974],[-73.84974869047639,40.77947705120954],[-73.849751900693,40.77947700161949],[-73.8497540443524,40.77947720142458],[-73.8497385127623,40.779401446693434],[-73.8500700712478,40.7793479301086],[-73.85009114089188,40.77935138794196],[-73.85009398131915,40.77937335558608],[-73.85012866957865,40.77936681108528],[-73.85011148130093,40.779300895876816],[-73.85067227797757,40.77919399711261],[-73.85065788415096,40.779169818249116],[-73.85096718956459,40.779110914112735],[-73.85094705724252,40.77906915543044],[-73.85118700387086,40.77901455483198],[-73.85119275794486,40.77902554457248],[-73.85147606060335,40.77896440922819],[-73.85148755480422,40.7789929781152],[-73.85120426185314,40.779049719637996],[-73.8512099815756,40.779076085337714],[-73.85101339619412,40.77912195667458],[-73.85102767132106,40.77919885096299],[-73.8510507916471,40.779196683918826],[-73.85107946016636,40.77929775818595],[-73.8510505558126,40.77930211351805],[-73.8510390476669,40.779280133520835],[-73.85094655574714,40.7792931924931],[-73.85094937054778,40.77932614289488],[-73.85074415423068,40.779354431348374],[-73.85073555596264,40.77932367038131],[-73.85015741651672,40.77943274199108],[-73.85014017315828,40.77939098692588],[-73.85011125881357,40.77939973520139],[-73.85012275250425,40.779428304222556],[-73.85003696878458,40.77944943201969],[-73.84979304347623,40.77949768469514],[-73.84981720066128,40.77963034755182],[-73.8498785983377,40.77962573616534],[-73.84987537319611,40.77961461194857],[-73.84998643275294,40.77960582076232],[-73.85000542456552,40.779603661787775],[-73.85000701949747,40.77961725471433],[-73.8523526788141,40.779480672330955],[-73.85232086242218,40.779169284704],[-73.85235661936242,40.77916933052253],[-73.85238832778397,40.77952890238718],[-73.85236232095829,40.779530104739635],[-73.85235751917273,40.7794967390454],[-73.84997493056258,40.77964129089644],[-73.84982102259873,40.77965133880156],[-73.84984362844325,40.77977547491944],[-73.8498424903832,40.77977605910601],[-73.84984112663375,40.779776552534734],[-73.84984040336778,40.779776732184885],[-73.84983952619336,40.779776947317394],[-73.8498363029474,40.77977739325856],[-73.84983225116727,40.779777594370216],[-73.84981375969693,40.77977725515634],[-73.84980586942713,40.77977757808118],[-73.84980207764751,40.77977809581898],[-73.84979887674888,40.779778893089436],[-73.84979622113285,40.77977996061931],[-73.84979509438978,40.779780607977344],[-73.84979408627251,40.77978132685591],[-73.84977014020234,40.77980407811862],[-73.84975449349946,40.779818952924124],[-73.84973818784538,40.77983187201182],[-73.8497217813201,40.77984202528546],[-73.84970553216176,40.779850315709595],[-73.84968940703446,40.7798567695425],[-73.84967341589773,40.779861368704324],[-73.84966424252009,40.77986296833361],[-73.84965393555122,40.77986375699951],[-73.84961851526822,40.77986309814099],[-73.84961020050447,40.77986294288303],[-73.84960016522162,40.779863362337124],[-73.84959129058164,40.77986442174531],[-73.84958633626873,40.77986552362823],[-73.84958143974038,40.779867191487824],[-73.84957661227023,40.77986941009404],[-73.84957193877217,40.77987215040825],[-73.84956744174248,40.77987540475365],[-73.8495632520746,40.7798790821673],[-73.84955945235377,40.77988311139109],[-73.8495561490703,40.779887375128524],[-73.84955259386645,40.77989340341934],[-73.84955001985372,40.77989990239778],[-73.84954767585884,40.77991462266068],[-73.8495484951426,40.77992978848345],[-73.84954857704805,40.77993031060023],[-73.84955245478284,40.7799566190261],[-73.84973086006063,40.77995413671793],[-73.84973269286964,40.77997558272064],[-73.84963677775738,40.77997724443667],[-73.84963866694015,40.77999323169247],[-73.84986885874281,40.779992164306165],[-73.84986956817076,40.7800384925937],[-73.85031476156011,40.78003175706083],[-73.85031473957734,40.780041536004276],[-73.85037426478486,40.78003515000307],[-73.85037642447077,40.78000959158313],[-73.8504163523557,40.78001124077529],[-73.85041840010992,40.780035207300784],[-73.85044992795417,40.78003365069657],[-73.85045656031583,40.77988828041656],[-73.85048178019417,40.77988831314184],[-73.85048371588393,40.77996180377555],[-73.85162286781676,40.77993931246213],[-73.85163563328629,40.77986903549052],[-73.85169028085423,40.77986750847837],[-73.8516709916224,40.780035228878305],[-73.85162266134178,40.78003197177836],[-73.85162492646164,40.7799584865751],[-73.8504857822591,40.7799777820333],[-73.85047510549936,40.78005285432816],[-73.85042045570425,40.780055978788035],[-73.85041830321188,40.78007834183454],[-73.85036786060334,40.78007987370381],[-73.85036580861328,40.78005750536628],[-73.8499980041286,40.78006341745214],[-73.84973711049915,40.78006376541588],[-73.84949381208321,40.78006582811444],[-73.84948977929804,40.78007331492734],[-73.84948747742446,40.78008050697811],[-73.84948686941622,40.78008751126713],[-73.84948719303797,40.78009097879974],[-73.84948794336407,40.78009442946699],[-73.84949102749174,40.78010288834487],[-73.84949574651277,40.780111900014525],[-73.84951236065771,40.78013552422687],[-73.84952637351847,40.780152066413166],[-73.84956532837244,40.78019228873952],[-73.84957495568457,40.78020439464514],[-73.84958219167932,40.780215877081154],[-73.84958596479785,40.780224022410096],[-73.84958872905418,40.78023272512003],[-73.84959131415275,40.78025225075493],[-73.8495907270451,40.78027117820354],[-73.8495861252853,40.780315027718544],[-73.84958618687178,40.780335081953176],[-73.84959129206801,40.78038808299396],[-73.84959707959024,40.780448108602606],[-73.84960315614029,40.78049053099831],[-73.84961037731607,40.78052908203056],[-73.84961303589242,40.780537549730674],[-73.84961740029898,40.78054600206652],[-73.84962343481696,40.78055434903023],[-73.84963103378924,40.78056243619245],[-73.84964012579178,40.78057017450368],[-73.84965044094007,40.78057732924312],[-73.8496617154408,40.780583700710864],[-73.84967357421719,40.78058908386857],[-73.84967914925255,40.7805909816673],[-73.84968532984298,40.78059242190563],[-73.8496921628949,40.78059342055957],[-73.849699778369,40.78059400745051],[-73.84970842754502,40.780593774981234],[-73.84975146751547,40.78059264267881],[-73.84976094548882,40.78059283562855],[-73.84976904639166,40.780593557670855],[-73.84977733487823,40.78059514388653],[-73.8497810051181,40.78059625702025],[-73.84978438993299,40.78059757617338],[-73.84978747936445,40.78059911942558],[-73.84979031790674,40.780600897389114],[-73.84979287208388,40.780602899968784],[-73.84979518947942,40.780605136105535],[-73.84980162766685,40.78061304215595],[-73.84980707998362,40.78062176545121],[-73.8498082942797,40.780624810973734],[-73.84981503152129,40.78064171303481],[-73.84981746562704,40.78065561999332],[-73.84981911467304,40.78066505031501],[-73.84981943123964,40.7806921747955],[-73.84981943042992,40.78069253380183],[-73.84981214796522,40.780770400255214],[-73.84981067388031,40.78079830575129],[-73.84981008898778,40.78085272165451],[-73.84981173168417,40.78087073363326],[-73.84981488309079,40.780886821369066],[-73.84982676964914,40.78092633202086],[-73.8498498080579,40.780990486812904],[-73.84985673695407,40.78100695824438],[-73.84988263236174,40.78105985182892],[-73.84988560815725,40.78106957972748],[-73.84988800830871,40.78107744549948],[-73.84988932081794,40.78108913479864],[-73.84991219996311,40.781087504587916],[-73.85093970945037,40.78108116289226],[-73.85093646396534,40.781119575156204],[-73.84991855289982,40.78112074457552],[-73.84988728063747,40.781121511317096],[-73.84984470805739,40.78159250358293],[-73.84984092044368,40.781596307843905],[-73.84983660014265,40.78159962491646],[-73.84983172551624,40.78160247252996],[-73.84982629433665,40.78160486106809],[-73.84981313500577,40.78160927446743],[-73.8497989693572,40.78161291208303],[-73.84976687720791,40.78161808414838],[-73.8497362003665,40.781620439767764],[-73.8496531836167,40.78162387934664],[-73.8495843534843,40.78162942659487],[-73.8495464630235,40.78163139397267],[-73.84949053395341,40.781631447253986],[-73.8494510762917,40.78163019790554],[-73.84936169911553,40.78162737088003],[-73.84928815389694,40.78162815690975],[-73.84920125952722,40.78163229319146],[-73.84919977948272,40.78163244437311],[-73.84919835691392,40.781632713232824],[-73.84919696998567,40.78163310711333],[-73.84919562929343,40.78163361865721],[-73.84919434894228,40.78163424771549],[-73.84919312672957,40.78163499378262],[-73.84919084924877,40.78163682704992],[-73.84918882990345,40.78163912118278],[-73.84918709418461,40.7816418115497],[-73.84918567739616,40.781644879936636],[-73.84918460308101,40.78164824629711],[-73.84918361402629,40.781655810122196],[-73.84918433205542,40.78166340131015],[-73.84918531851869,40.781666906565896],[-73.84918667463242,40.78167009551448],[-73.84918838580806,40.78167288973494],[-73.84919040545033,40.78167523304517],[-73.8492029285044,40.78168554220365],[-73.84921772841273,40.78169429702212],[-73.849234925789,40.78170156835346],[-73.84925485088841,40.78170750220823],[-73.8492746246153,40.781711669304464],[-73.84928876450584,40.78171378639031],[-73.84929760029763,40.78171510397477],[-73.84938705771674,40.78172372134071],[-73.84942345201131,40.781728766523166],[-73.84944211373582,40.78173260881329],[-73.84945880658724,40.781737187986245],[-73.8494738402559,40.781742583519495],[-73.84948737902796,40.78174885091165],[-73.84950124349713,40.78175747765502],[-73.8495137890027,40.78176812001713],[-73.84952476609249,40.781780569605935],[-73.84953389183205,40.781794512779626],[-73.84954094279978,40.781809632288656],[-73.8495456102457,40.78182533452228],[-73.84954774265991,40.7818410783429],[-73.84954725821561,40.78185630494617],[-73.84954069379472,40.781888227584794],[-73.84952913459368,40.78191821799501],[-73.84952161585517,40.78193210257959],[-73.84951298514834,40.78194514908898],[-73.84950332753195,40.78195726549495],[-73.84949266315807,40.78196840893706],[-73.84947294903944,40.78198472698134],[-73.84945388296063,40.78199710281981],[-73.84944812889454,40.78200084134171],[-73.8494227221584,40.782014765706315],[-73.84936186667622,40.78204555510306],[-73.84933420378461,40.78206141326179],[-73.84931176686678,40.78207715126315],[-73.84929392410037,40.78209333669805],[-73.84926950224772,40.78212166180807],[-73.84925186203198,40.78214824899533],[-73.84924064542695,40.782173637394266],[-73.84923742986959,40.782185916496125],[-73.84923580368731,40.78219794504862],[-73.84923644337586,40.782224177371255],[-73.84923866768676,40.78223600406701],[-73.84924212637715,40.78224677780419],[-73.84924675980123,40.78225636582441],[-73.8492525818285,40.78226477501422],[-73.84925954248891,40.78227197917415],[-73.84926345684903,40.78227510948337],[-73.8492676449515,40.78227794145245],[-73.84929600721539,40.78229326072935],[-73.84932904044368,40.782307045206295],[-73.84936730007063,40.78231956783432],[-73.84941366539036,40.782331767330895],[-73.84947755621798,40.78234686175904],[-73.84952319204757,40.782356538329],[-73.84956490053888,40.78236385099446],[-73.84960336728604,40.78236881874728],[-73.84964463464058,40.78237219479547],[-73.8497424654662,40.78237721246494],[-73.84978655217171,40.782380556957925],[-73.84982764974079,40.782385247459686],[-73.8499344172467,40.78239948850597],[-73.84999442110664,40.78240473612995],[-73.85017560390794,40.78241117596849],[-73.85020961297208,40.78241285003455],[-73.8502303385557,40.78241557832115],[-73.85023230404369,40.7824160584909],[-73.85023422072196,40.78241668233402],[-73.85023606851347,40.782417459373505],[-73.8502378544331,40.7824184063709],[-73.8502412846246,40.782420761379505],[-73.8502445600841,40.7824238095751],[-73.8502498394481,40.78243044391346],[-73.85026066567058,40.78244717183688],[-73.85026365512806,40.78245087669543],[-73.85026662248416,40.78245382514745],[-73.85026987468241,40.7824562419083],[-73.85027156691282,40.78245719933764],[-73.85027330557234,40.78245799365735],[-73.85027510454267,40.78245862622572],[-73.85027696382406,40.78245909687522],[-73.85027889487543,40.78245940629086],[-73.8502808965778,40.78245956200981],[-73.85028520882396,40.78245945017668],[-73.85028961793518,40.782458798199386],[-73.85029412126622,40.782457606241984],[-73.85029868703998,40.78245589235594],[-73.85030798572052,40.78245086241863],[-73.85031711167846,40.78244393988766],[-73.85032112499799,40.782440036561965],[-73.85032509149033,40.78243539489022],[-73.8503404094519,40.78241432532879],[-73.85034477980166,40.78240963911648],[-73.85034933834744,40.782405745879196],[-73.85035396591742,40.78240261849071],[-73.8503591841537,40.78239977951031],[-73.85037136170378,40.782394995883045],[-73.85038574038353,40.782391457984076],[-73.85040198724082,40.78238923657889],[-73.85044211739617,40.782365541752995],[-73.85046237692144,40.78235969761366],[-73.85048366289533,40.782355681668484],[-73.85050121243168,40.78235387589508],[-73.85051869908605,40.782353377071665],[-73.85052785662293,40.782353577751],[-73.8505729439596,40.782354554597326],[-73.85064452756707,40.78235741190052],[-73.85080255677495,40.78236568563775],[-73.85085191062855,40.782366109033255],[-73.85095974363315,40.78236442938353],[-73.85105865211817,40.78236488225828],[-73.8511588822416,40.78236693913698],[-73.85116661764656,40.7823675073226],[-73.85117451639574,40.78236875101407],[-73.85118245021988,40.78237067054834],[-73.85119028608462,40.782373228897995],[-73.85120513920205,40.78238005547711],[-73.85121184750533,40.78238420654243],[-73.85121791474403,40.782388726173544],[-73.85122501973302,40.78239545228279],[-73.85123047734241,40.78240254733392],[-73.85168735535527,40.782362748504866],[-73.85192054727274,40.78234735174169],[-73.85201582564918,40.78234443136444],[-73.8520964483179,40.782342012936766],[-73.85216039867626,40.782341590575385],[-73.8522809761908,40.78234630206031],[-73.85234426450954,40.78234537466394],[-73.85238157190436,40.78234440474145],[-73.85253458158648,40.78233528002018],[-73.8526005387797,40.78233259168681],[-73.85277635625364,40.78233360799122],[-73.85285529539563,40.78233194392975],[-73.85297395843433,40.78232944780944],[-73.85314993069177,40.782323936276356],[-73.85322330949941,40.78206053436783],[-73.85324407205734,40.78205239243239],[-73.85326692782857,40.782045379600305],[-73.85329196150529,40.782039468001216],[-73.85331933850043,40.78203460406867],[-73.85346812122447,40.78201330752599],[-73.85364506982407,40.78198934521597],[-73.85367974095061,40.781985742044455],[-73.85371711005855,40.78198346573905],[-73.85375796075665,40.781982464186044],[-73.85380512238734,40.78198265905094],[-73.85395650777669,40.78198984787222],[-73.85405570899185,40.78199103632888],[-73.85413969536411,40.78198915329577],[-73.85417157081335,40.781985843460554],[-73.8542402730513,40.78197377388703],[-73.85426817724941,40.78197116981293],[-73.85429401466976,40.78197115808959],[-73.85435233041154,40.78197423068206],[-73.85437833322167,40.78197457865858],[-73.85449826596835,40.781970740359256],[-73.85459641854935,40.781964254356716],[-73.85463146933246,40.78196035435513],[-73.85470961107612,40.78194948550521],[-73.85474428264777,40.781945945171174],[-73.8548062259648,40.78194177210359],[-73.85485429206548,40.7819400414701],[-73.85490018569638,40.78194016242136],[-73.85496441517024,40.7819419356183],[-73.85505842171234,40.78194635879573],[-73.85516739460483,40.781954131617276],[-73.85519577265883,40.78195717553506],[-73.85522450332166,40.78196174922953],[-73.85525344295287,40.781967828396205],[-73.85528242786589,40.7819753843501],[-73.85530228006235,40.781982189874746],[-73.85532050466402,40.78199072255114],[-73.85533642950202,40.782000666420785],[-73.85534961480367,40.78201175909017],[-73.85536631186146,40.78203115839603],[-73.8553794260627,40.7820527693985],[-73.8553884517444,40.78207571631082],[-73.85545062834929,40.78314307913857],[-73.85561617015411,40.78314629374297],[-73.85573475263911,40.783156572015415],[-73.85573467582252,40.78319202567698],[-73.8558186269766,40.783194156960995],[-73.85587567996785,40.783309704325866],[-73.85587458930391,40.78319827873454],[-73.85592656549973,40.78319631750481],[-73.85593296680115,40.783317879498995],[-73.85593979280405,40.78331992650994],[-73.85594605696674,40.78332283159184],[-73.85595157431706,40.783326508961444],[-73.85595618193457,40.78333085003081],[-73.85612137571917,40.78334765934087],[-73.85614093675221,40.78336684197689],[-73.85645378741422,40.783350925658794],[-73.85643993663037,40.78315751746976],[-73.85667690893332,40.7831500881623],[-73.85667159264416,40.78309526904845],[-73.8566533206465,40.782979439290195],[-73.85662133635174,40.78297939950127],[-73.85661875947618,40.78293887790582],[-73.85660942954789,40.78293987965914],[-73.85660286912328,40.78289226124898],[-73.85664951090608,40.78289231927661],[-73.85665341005878,40.78293790765021],[-73.8566813904766,40.78293996917456],[-73.85670256831024,40.7830971218704],[-73.85670377431896,40.78314924541236],[-73.85671074167976,40.78318160961608],[-73.8567166980192,40.783199464351235],[-73.85671872229025,40.78320553665194],[-73.85672676824508,40.783221017635256],[-73.85674405554526,40.783247801994946],[-73.856783191625,40.78330561795302],[-73.85680365242803,40.783332414455856],[-73.85682476802232,40.7833578888196],[-73.85683209884915,40.783364957954056],[-73.85684129014666,40.7833713634854],[-73.85685209384219,40.78337695969281],[-73.85686419228801,40.7833815677667],[-73.85687720455233,40.78338502305861],[-73.85689057554147,40.78338718331986],[-73.85690380601619,40.783387965005254],[-73.85690977849738,40.783387675398416],[-73.85691574879351,40.783387377077204],[-73.856916424825,40.78338734173101],[-73.85693056185812,40.78338563008428],[-73.85698714612556,40.783378784697625],[-73.85708073280595,40.783369842024385],[-73.85712873299349,40.78336600238632],[-73.85717784525652,40.78336320812541],[-73.8572794625962,40.78336078528381],[-73.85729827323237,40.783361898833945],[-73.85731850031053,40.78336539919516],[-73.85734052316838,40.78337127058638],[-73.85736824871026,40.78338057174494],[-73.85739520262219,40.78339091596076],[-73.85741998550928,40.78340204083353],[-73.85744261237697,40.78341393767179],[-73.85746304507938,40.783426614470905],[-73.85749351368149,40.78344952457473],[-73.85751733577959,40.783472652109936],[-73.8575267060602,40.783484235517996],[-73.8575343581186,40.78349582500995],[-73.8575756101128,40.783552950444665],[-73.85761223352837,40.783611870504394],[-73.85763420683372,40.78362946397974],[-73.85765932415339,40.783644430295304],[-73.85768704715102,40.78365644867884],[-73.85771678164244,40.78366526154096],[-73.85774789032993,40.78367067999593],[-73.85800995834065,40.783701262811135],[-73.8580359580916,40.783705658724614],[-73.85806060295585,40.783713337841036],[-73.85808318103423,40.783724078339326],[-73.85809285605662,40.78373606665003],[-73.85809376715424,40.78373721615912],[-73.85810266478012,40.78375274801593],[-73.85810920597473,40.783768564109444],[-73.85811488840905,40.78378711349614],[-73.85813572511903,40.78385637458127],[-73.8581586875018,40.78393127433785],[-73.85816928146188,40.7839922803872],[-73.85817209063688,40.78400387928776],[-73.85817340077581,40.78401439044332],[-73.85817289998526,40.78402910442718],[-73.8581697266112,40.784045385003154],[-73.85814973869874,40.784104753711375],[-73.85813657521645,40.78415086564708],[-73.85813406799242,40.784158194313],[-73.85812542205791,40.78418349224516],[-73.85812274224,40.784189485185244],[-73.8581193244985,40.78419538759072],[-73.85811034393089,40.784206853369106],[-73.85809851691147,40.784217799663466],[-73.85808402046052,40.78422810372725],[-73.85806685142606,40.784237693017054],[-73.85804752640747,40.78424626461182],[-73.85802655325799,40.78425358694587],[-73.85800476197917,40.78425936033273],[-73.85799684977069,40.7842606460581],[-73.85798775535783,40.78426120025012],[-73.85795715948596,40.78426029526429],[-73.85794626183262,40.78426050849395],[-73.85793599434571,40.78426183687882],[-73.85793144486405,40.7842629736267],[-73.8579272140556,40.78426443141098],[-73.8579083833539,40.78427218288451],[-73.8578968091742,40.78427833824142],[-73.85789221034877,40.78428163064467],[-73.85790165547213,40.78449028085322],[-73.85797179309627,40.784486992847185],[-73.85797365031452,40.7845006749304],[-73.8579779869261,40.78452143383176],[-73.85800710926756,40.78464204265013],[-73.85799684414523,40.78464182193543],[-73.85799120782991,40.7846416218334],[-73.8579857118921,40.784641946593894],[-73.85798084679391,40.784642762981115],[-73.85797884217855,40.784643313847326],[-73.85797706128221,40.784643962154036],[-73.8579755371838,40.78464469906307],[-73.85797427099885,40.78464551820988],[-73.85797326008881,40.78464641674331],[-73.85797286101854,40.78464689822224],[-73.85797253220073,40.78464740558668],[-73.85797227477393,40.78464792175038],[-73.85797207351003,40.784648456243644],[-73.85797194450132,40.78464900774596],[-73.85797188553875,40.78464957860006],[-73.8579722069898,40.784654281268395],[-73.85797358409795,40.7846590127118],[-73.85797602735275,40.78466381515976],[-73.8579795821829,40.78466877980187],[-73.85798841705012,40.78467792467969],[-73.85801068070684,40.784697199279634],[-73.85805073362361,40.7847327874712],[-73.85813311890146,40.78479954930655],[-73.85816638626466,40.784827881282695],[-73.85827597655295,40.7849260256984],[-73.85831054794087,40.78496005141563],[-73.85833979201007,40.784991810488215],[-73.85841183131453,40.78507600265536],[-73.85846365372441,40.785135115513576],[-73.85847499512576,40.78514602663688],[-73.85850226968472,40.785168110161756],[-73.85851181985845,40.78517747985832],[-73.85851731771076,40.78518477882302],[-73.85852149095766,40.785192798531085],[-73.8585248542611,40.78520235814372],[-73.85852520170424,40.78521351878027],[-73.85900171407458,40.78518675473132],[-73.85905644532365,40.7854318130606],[-73.85909500008354,40.78543874885171],[-73.85909193046099,40.78542107669337],[-73.8590811990642,40.785421063571924],[-73.8590300448282,40.7852424356454],[-73.8590747615189,40.78523738181379],[-73.85912301747943,40.78542105321647],[-73.85910724423653,40.78542380782038],[-73.85910732207955,40.7854621177998],[-73.85920691515274,40.78547309666878],[-73.8592520435447,40.78547791604777],[-73.85925126232317,40.785471296498834],[-73.85920349066939,40.78531345850122],[-73.8592361058371,40.78530658875588],[-73.85929969658089,40.78547463880415],[-73.8593419053047,40.78548477619644],[-73.8594632808303,40.785494851995985],[-73.85931191458232,40.78503292297379],[-73.85934860119954,40.78502724994281],[-73.85950833484762,40.78553493444993],[-73.85941588762945,40.78552381428861],[-73.85909998722292,40.7854907870092],[-73.85910317120127,40.785467441374195],[-73.859066385959,40.785466687763176],[-73.85908887702199,40.78553228857333],[-73.85899048937371,40.78549159893389],[-73.85894034431864,40.785567647388454],[-73.85896945900994,40.78556825852218],[-73.85899808892869,40.785572326186454],[-73.8590255282003,40.78557975009237],[-73.85905110030502,40.785590347202394],[-73.85907417475737,40.785603856243235],[-73.85909418265133,40.78561994414716],[-73.85911063068637,40.785638214263884],[-73.85912311332928,40.78565821613985],[-73.85913132281455,40.78567945662454],[-73.85913505673093,40.78570141202837],[-73.85913431982968,40.78570864303287],[-73.85913188308693,40.78571758122166],[-73.85912804012771,40.78572580805373],[-73.85912285858095,40.78573313179513],[-73.85911539050545,40.785740794157846],[-73.85910597960674,40.78574843722492],[-73.85907851498793,40.78576585577403],[-73.859073094663,40.78576863174333],[-73.85906659710821,40.78577125327691],[-73.85904595729141,40.785777738575675],[-73.85904279128074,40.78577873432764],[-73.85903403038795,40.78578198265162],[-73.85902600066666,40.78578612461234],[-73.85902273779875,40.78578841622201],[-73.85901993539109,40.78579089903873],[-73.85901500687321,40.78579675522691],[-73.85901247467498,40.785801218357065],[-73.85912461223712,40.785850159663454],[-73.85910322798048,40.785879508770144],[-73.85900754869672,40.7858331440173],[-73.85900765755157,40.78583794358647],[-73.85901262561153,40.78586400104059],[-73.85901586237468,40.78587362313753],[-73.85902672912461,40.78589531103752],[-73.85903045064073,40.785905311999336],[-73.85903169431462,40.78591138263169],[-73.85903226093957,40.78591774945836],[-73.8590313789377,40.78593146335098],[-73.8590278402291,40.78594671371994],[-73.85902122503792,40.78596532808905],[-73.85901585991662,40.785975749313415],[-73.85900818594031,40.78598580703064],[-73.8589981662399,40.78599552984208],[-73.85898579987948,40.7860049428747],[-73.85897116148736,40.786013983732246],[-73.85895403468523,40.786022832071204],[-73.8589107413936,40.78604072691441],[-73.85885571609528,40.78606040676416],[-73.85880488978569,40.78607734599048],[-73.85875663984878,40.786092065122055],[-73.85871030047439,40.7861047586805],[-73.85865102736503,40.786116050922885],[-73.85865077887459,40.786116095012325],[-73.85863807102098,40.786119285862185],[-73.85862705727051,40.78612296343982],[-73.8586117707735,40.78613005027776],[-73.85859860229465,40.78613862516015],[-73.85859310695238,40.786143282827844],[-73.85858840508548,40.78614814015403],[-73.85858453141687,40.786153141227935],[-73.85858152390757,40.786158261972574],[-73.8585764279673,40.78617016895448],[-73.85857233568788,40.78618345506434],[-73.85856623298424,40.78621774857206],[-73.85856492361424,40.78624832822751],[-73.85856645703242,40.78626262086503],[-73.85856942617816,40.786276185691264],[-73.8585784455328,40.78630227560838],[-73.85859127699716,40.7863296299933],[-73.85860815700266,40.78635880046088],[-73.85863031307774,40.786391929657526],[-73.85864130325324,40.78640519037767],[-73.85866900182882,40.786433274970896],[-73.85867919947988,40.78644630788613],[-73.85868879765647,40.78646233960783],[-73.85869445579392,40.78647559378475],[-73.85869684685179,40.78648759940953],[-73.85869681117974,40.78649319153148],[-73.8586959592165,40.786498531196976],[-73.85869073576778,40.786514642914774],[-73.85868283350074,40.78653116647549],[-73.85867223053741,40.786548127985704],[-73.85865887626714,40.78656559120986],[-73.8586094910695,40.7866236937794],[-73.8585672513092,40.78666969367968],[-73.85854493188417,40.786690909513716],[-73.85848303366855,40.78674469176879],[-73.85847124228764,40.78675704183672],[-73.85844506383559,40.78678813992646],[-73.85842953643257,40.78680281668473],[-73.8584256195931,40.78680560385167],[-73.85842092224411,40.78680830880976],[-73.85839718127706,40.78681907631947],[-73.85839184340387,40.78682199676473],[-73.85838745384751,40.786824962769195],[-73.8583230983823,40.786874653963324],[-73.85826743102712,40.786916710617014],[-73.85826152049127,40.78692202596513],[-73.85825574781502,40.78692843056509],[-73.85823412406226,40.78695729238309],[-73.85820537379026,40.786988657305024],[-73.85816956419353,40.78702511987405],[-73.85815754110041,40.78703537974497],[-73.85814354176253,40.78704432244286],[-73.85812817158494,40.78705156105849],[-73.85811203509732,40.78705680953198],[-73.85809131675386,40.78706102459328],[-73.8580690623594,40.78706349214461],[-73.85804551953424,40.7870641652478],[-73.8580358282388,40.78706372075985],[-73.85802109164295,40.787063036692885],[-73.85799961604485,40.7870607052525],[-73.85797998052315,40.78705739454436],[-73.85796202844763,40.787053067520695],[-73.85794568998352,40.78704770784629],[-73.85792172009276,40.78703739424971],[-73.85786314840341,40.787008551216],[-73.85780599688667,40.78698547261076],[-73.85772986169724,40.78695886725294],[-73.85770909350568,40.78695330439644],[-73.85768482601809,40.78694943843564],[-73.85760255605203,40.78694386979122],[-73.85757378493405,40.7869405383443],[-73.85754734103337,40.786934563368035],[-73.85753581125718,40.78693055061984],[-73.85752521760918,40.786925791864434],[-73.85750542076828,40.7869141598891],[-73.85746576865716,40.78688587076376],[-73.85744739357709,40.78687439432502],[-73.85737743400954,40.786840601826015],[-73.85736136582724,40.78683114439649],[-73.85734834299664,40.7868214932217],[-73.8572937439897,40.78677411293477],[-73.85728559591055,40.78676704282191],[-73.85724349816154,40.78672979066174],[-73.85723836454252,40.78672603893713],[-73.85723247119613,40.786722690677514],[-73.85721807696163,40.78671708017706],[-73.85720314500293,40.786713288166986],[-73.85716818589594,40.78670633861115],[-73.85715356205523,40.78670234879399],[-73.85712345763554,40.78669109213242],[-73.85705112356344,40.78666036739852],[-73.85703042955764,40.78665296659005],[-73.85701118969901,40.786647358763716],[-73.85700889280255,40.78664686137893],[-73.8570065822965,40.78664654339694],[-73.85700423681998,40.786646396079846],[-73.85700184401013,40.78664642879383],[-73.85699693804672,40.78664700787275],[-73.85699174536678,40.786648289867365],[-73.8569816544257,40.78665231102223],[-73.8569625005109,40.786661896006486],[-73.8569521826025,40.7866669170038],[-73.85694857751135,40.78666819979429],[-73.85694418001007,40.786669401523966],[-73.85693993619978,40.7866701615122],[-73.85693580067614,40.78667048020527],[-73.85691545961224,40.786670230468964],[-73.85686648756545,40.78666745892955],[-73.85684155844464,40.78666805819657],[-73.85681133765485,40.78667261369734],[-73.85678425703162,40.78667899995706],[-73.8568309468409,40.786725094285515],[-73.85662510509634,40.78682109581189],[-73.85659430490479,40.78678148447125],[-73.85658367207004,40.78680570395809],[-73.85656012485984,40.786869114850106],[-73.8565517820311,40.7868867897884],[-73.85654281565932,40.78690211407103],[-73.85652107510892,40.7869405473224],[-73.85651686958872,40.78694562095437],[-73.85651235931141,40.78694994704343],[-73.85650746918365,40.786953597532055],[-73.85650214336668,40.786956607363386],[-73.85650037645313,40.78695737980084],[-73.85649853926243,40.78695803454793],[-73.8564946154943,40.78695898371939],[-73.8564903374551,40.78695945650989],[-73.85648559735232,40.78695945881605],[-73.85647634701824,40.78695844767256],[-73.85645160692633,40.786954023171425],[-73.85644453537552,40.78695350106539],[-73.85644134734402,40.78695352339573],[-73.85643833805396,40.78695375468538],[-73.85640981200986,40.78695812221817],[-73.8563852262836,40.786964493902275],[-73.8563646514819,40.78697283431285],[-73.85635589754584,40.78697773038909],[-73.85634817318284,40.786983115246855],[-73.85633435604626,40.78699556074112],[-73.85632138571486,40.78701076308236],[-73.85628495146479,40.78706655822743],[-73.85626918661787,40.787086935288066],[-73.85625338291565,40.78710253916419],[-73.85621071201784,40.78713918136841],[-73.85620020315073,40.78715009995919],[-73.85619204167791,40.787160590100186],[-73.85617856602606,40.78718439975213],[-73.85616904420905,40.787210385466004],[-73.85616371236846,40.78723789804151],[-73.85616275026432,40.787266065063896],[-73.85617045836483,40.78735648512495],[-73.8561760427645,40.78743673608807],[-73.85617604394366,40.78746322889024],[-73.85617436960048,40.787487053267284],[-73.85617378287428,40.787490213906764],[-73.85617275786555,40.78749322037845],[-73.85617128129024,40.78749609997253],[-73.85616935713371,40.78749884448502],[-73.85616696948934,40.7875014709838],[-73.8561641329056,40.78750397881684],[-73.85615699040483,40.78750872544586],[-73.85614910324811,40.78751260487112],[-73.85613932084576,40.78751645613127],[-73.8560977299245,40.78752950703885],[-73.85608104623329,40.787535816655755],[-73.85607509299993,40.78753875381523],[-73.85606648062428,40.78754388508411],[-73.8560569353308,40.78755305757479],[-73.85603742168071,40.787564275480385],[-73.85602027580107,40.78757754145634],[-73.85600586624402,40.78759257035075],[-73.85599450274503,40.787609039117235],[-73.85598642956526,40.7876265937592],[-73.85598182024057,40.787644856939096],[-73.85597900457782,40.78765409155797],[-73.85597423768952,40.78766285118537],[-73.85596764822233,40.78767089941985],[-73.85595941400926,40.78767801905877],[-73.8559497572716,40.78768401796009],[-73.85593893862168,40.78768873422765],[-73.85592725002891,40.78769204058048],[-73.8559150069408,40.78769384778798],[-73.85590253976946,40.78769410707784],[-73.8558901849745,40.78769281145248],[-73.85587827598272,40.78768999587771],[-73.85536415573695,40.787701265050714],[-73.85522886931604,40.78774066334735],[-73.8552279423134,40.78774084545569],[-73.8552218638764,40.787741531710225],[-73.85512749399334,40.787747977438414],[-73.8549497141386,40.78776024401812],[-73.85491542031168,40.78776363177191],[-73.85483685607232,40.78777470779196],[-73.85480173164414,40.787778536397774],[-73.85476457332538,40.787780011210955],[-73.85473138125592,40.78777797013043],[-73.8547070531823,40.787774436674894],[-73.85468022861875,40.7877693420803],[-73.85457032389033,40.78774439427834],[-73.85453886969691,40.7877383573418],[-73.85451097917948,40.78773329704524],[-73.85449877839754,40.7877322639259],[-73.8544845470797,40.787733299357924],[-73.8544674801146,40.787736178509995],[-73.85444998385437,40.787740136315946],[-73.85442754479743,40.78774524112091],[-73.85441587100384,40.787747036319544],[-73.85440532437035,40.787747832646794],[-73.85439211484702,40.78774777089418],[-73.85437741367018,40.78774676257974],[-73.85431409235964,40.78773918126927],[-73.85429883286434,40.78773858552416],[-73.85428498197075,40.7877391174961],[-73.85416877913345,40.78774962345783],[-73.85401805617188,40.787764254117],[-73.85393152201225,40.787773591400345],[-73.85371524447409,40.787798890843284],[-73.85354068080385,40.78781480652731],[-73.8534518446134,40.787826112299044],[-73.85336457538442,40.78784148047642],[-73.85332033752428,40.787851600010626],[-73.85328433106342,40.787862647878484],[-73.85325391367593,40.78787544193273],[-73.85322865679291,40.78789022303608],[-73.85313945328275,40.78795526940695],[-73.85304318488666,40.78802164841094],[-73.85301986377856,40.78804022303617],[-73.85299455222662,40.78806364011956],[-73.85293742640218,40.78812567459675],[-73.85287292575686,40.78817980298674],[-73.85285256044187,40.78820079505681],[-73.85284230133867,40.78821137174011],[-73.85284201138356,40.78834255597371],[-73.8528617928357,40.788344319808246],[-73.85288990261189,40.788346670054885],[-73.85297296851843,40.78835183682687],[-73.85306663884104,40.78835654815538],[-73.85312593333681,40.78835847924545],[-73.85316420377819,40.78835820351352],[-73.8532509376302,40.788354361055134],[-73.8532896704259,40.788353716476756],[-73.85346961745066,40.78835850276193],[-73.85353771951807,40.78835829180161],[-73.85359051889232,40.788355918210065],[-73.85361442297669,40.78835306713765],[-73.85367261903963,40.78834211937802],[-73.85369958159862,40.788338650149306],[-73.85386496770779,40.78832686549026],[-73.85401770764051,40.78831756723811],[-73.85415345566268,40.78831452445797],[-73.85424119113252,40.78831341955158],[-73.85432601017287,40.788313590451004],[-73.85435363507841,40.78831533646889],[-73.85438364788577,40.78832012876321],[-73.85441611713759,40.78832777057634],[-73.85446440284554,40.7883414289247],[-73.85450027715643,40.78835285606153],[-73.85453503358313,40.78836618285421],[-73.85456828189716,40.78838125334766],[-73.85459973691678,40.788397952428646],[-73.85463110180122,40.78841798363452],[-73.85466212641371,40.788441940359725],[-73.85469341458857,40.788470273674],[-73.85472744729312,40.78850521093876],[-73.8547654977257,40.788545807907475],[-73.85478518134681,40.78857125451734],[-73.8547924992481,40.78858380770203],[-73.85479768615797,40.78859587187539],[-73.8548008362411,40.788607626575875],[-73.85480194733205,40.7886191547261],[-73.85480065341518,40.78864244062976],[-73.85479536031521,40.78867916507034],[-73.8547935555014,40.788691625510985],[-73.85479289872485,40.788699684328876],[-73.85479170822225,40.78871304582469],[-73.85479015014025,40.78880257276655],[-73.85478828752535,40.788841633481105],[-73.85477488753459,40.78895587224313],[-73.85477486760239,40.789014018426904],[-73.8547725437133,40.789036374605445],[-73.85476700102991,40.789056944425546],[-73.85475092459733,40.78910019328498],[-73.85474513677647,40.78911925858478],[-73.85472716939931,40.7891978495563],[-73.8547134155777,40.789250827021455],[-73.85470067034733,40.78929330543468],[-73.85469330882098,40.78931121600541],[-73.8546740230833,40.78934767083643],[-73.85466678497424,40.78936366406581],[-73.8546457583267,40.78943264241275],[-73.85463754730262,40.78944903077804],[-73.85461486312076,40.78948447230699],[-73.85460743543418,40.789500662973154],[-73.8545936426242,40.78954447355323],[-73.8545792407035,40.78959649495258],[-73.85456120188782,40.78966970120314],[-73.85454851361663,40.78976139224757],[-73.85453150689433,40.78983956172715],[-73.85452614431206,40.78986025958243],[-73.85452541296591,40.789863084141636],[-73.8545234573319,40.78987422026521],[-73.85452124363744,40.78990560903845],[-73.85451938179,40.789971568113245],[-73.85451476467453,40.79006760170988],[-73.85450773724963,40.790143873990026],[-73.85450297303252,40.79018264389083],[-73.85449618458735,40.79020926313657],[-73.85448648377765,40.79023505850099],[-73.8544773471365,40.79025192329901],[-73.8544719407123,40.790258975319816],[-73.85446599251496,40.790265010615045],[-73.85445942840997,40.790270063098816],[-73.85445222779767,40.790274178814464],[-73.85444728241936,40.79027652261443],[-73.85443480521755,40.79028244093862],[-73.85442371474154,40.79028772207144],[-73.85415926148377,40.79041271946772],[-73.8540697206796,40.79045232738934],[-73.85389890575144,40.790521431455616],[-73.85383120135553,40.79055003583035],[-73.85362955320052,40.7906429548223],[-73.85355197936214,40.790676814164584],[-73.85347749436237,40.790706292406256],[-73.85340954041087,40.79073004183462],[-73.85337851301512,40.79073919665945],[-73.85330681318774,40.79075803360772],[-73.85327445626994,40.79076805080792],[-73.85316791455791,40.79080623218671],[-73.85312868602469,40.790822120897666],[-73.85309376971468,40.790837843713376],[-73.85300596376405,40.79088013627168],[-73.85283622037684,40.79096246926673],[-73.85279912994584,40.79098046739368],[-73.8527712656627,40.790994984391844],[-73.8527451415859,40.79101060207003],[-73.85273595696937,40.79101692078161],[-73.852720981704,40.79102720261043],[-73.85269895180701,40.79104467163865],[-73.85268853905957,40.79105464535178],[-73.8526792733986,40.79106580778198],[-73.85267114137163,40.79107816192788],[-73.85266414518988,40.79109170477704],[-73.85265830693045,40.791106420610525],[-73.85265359064718,40.79112231759127],[-73.85264759969778,40.79115771757879],[-73.85264742419872,40.7911894064416],[-73.85265299090051,40.79122229927866],[-73.85266418431857,40.791255795028185],[-73.85268071109522,40.79128899001712],[-73.85270703591516,40.791332437174475],[-73.85273431336955,40.79137402132116],[-73.852762579209,40.79141382308183],[-73.85279187961747,40.791451889421886],[-73.85283502179291,40.79150469555208],[-73.852858796491,40.79153378551445],[-73.85288469081824,40.79156296763583],[-73.85290948021535,40.79158884373708],[-73.85297910559555,40.791656821359766],[-73.85306080953109,40.791733459146364],[-73.85314657162884,40.79181301095382],[-73.85317478813964,40.791837396032584],[-73.85320119873296,40.7918585827568],[-73.85335450890952,40.79197048478558],[-73.85342445523895,40.79202232566954],[-73.85346170233008,40.792051809736364],[-73.85357001852788,40.79214460965143],[-73.8536655370685,40.79222770321833],[-73.85371695117264,40.79226911070614],[-73.85374337894159,40.792293772805394],[-73.85375336392234,40.792305653635935],[-73.85376137210714,40.79231744316901],[-73.85376299952767,40.7923209480198],[-73.853769898906,40.792335778907024],[-73.85377222418454,40.792345210012],[-73.85377521952759,40.79235706387988],[-73.85377760787473,40.79238053385008],[-73.85377854910695,40.79242127400729],[-73.8537779734007,40.79246239989328],[-73.85377595819327,40.79247919124242],[-73.8537726775182,40.79249457678915],[-73.85373126537303,40.79264103597827],[-73.85369739407174,40.79275209591191],[-73.8536903856595,40.792770817680235],[-73.85367235728862,40.79281175941095],[-73.85366602731114,40.79282949112698],[-73.85365784517334,40.79286462703569],[-73.85364967670063,40.79292081669784],[-73.85363607087064,40.79302424961799],[-73.85363080165997,40.793098182710814],[-73.85363152808593,40.793145252533705],[-73.8536365935801,40.793207294907276],[-73.8536504217716,40.79333593064659],[-73.85368396814049,40.79345372287903],[-73.85371089772221,40.793595406187414],[-73.85372635874646,40.7937199835052],[-73.85374051410696,40.79384049684222],[-73.85373351593826,40.79393537458875],[-73.85371825553295,40.793962036128214],[-73.85368561848587,40.794018394081974],[-73.85358451638857,40.79410782853755],[-73.85353237176378,40.794138856811934],[-73.85351764622185,40.79414337736223],[-73.85338820351056,40.79418311411077],[-73.85321701027607,40.79422058136195],[-73.85304034260248,40.79426355396407],[-73.85290227105678,40.79431522857141],[-73.85282872033453,40.794355260491386],[-73.8527662719851,40.794389247326926],[-73.85268508272915,40.794474970277804],[-73.85263725293437,40.79454229280656],[-73.85262416811536,40.79461344263238],[-73.85262310783055,40.79475015592477],[-73.85265711033942,40.79487509027929],[-73.85265879996285,40.79491971244373],[-73.8526309825624,40.794944854244925],[-73.85259261251832,40.794935638368706],[-73.85258042693617,40.79492158400413],[-73.8525561151049,40.79489356547537],[-73.85253153207259,40.794790057556035],[-73.85249076582929,40.79467497470579],[-73.85242651222973,40.79460975882123],[-73.85233601016046,40.79454536566459],[-73.85225478631884,40.794512546583796],[-73.85214062585952,40.79444649258866],[-73.85200288947303,40.79436318108876],[-73.85193160677206,40.79430978954548],[-73.85189730713637,40.79428665631354],[-73.85181651299672,40.79423690787686],[-73.85168072178335,40.79414255807349],[-73.85159077157341,40.79408653107805],[-73.85143723745641,40.79402591832619],[-73.85129178165232,40.79398321820875],[-73.85112011660945,40.79392412203377],[-73.85097034152753,40.793857948324245],[-73.85079807258425,40.79380961136832],[-73.85062808294123,40.79377521705137],[-73.85049082789963,40.79373727270534],[-73.85032638136603,40.793677662196046],[-73.85016769642228,40.79364306610549],[-73.85000721695765,40.793600911234265],[-73.8498408564086,40.793544485209765],[-73.84973467938588,40.793495694820756],[-73.84962251839083,40.79346569570828],[-73.84948233898469,40.79341860080359],[-73.8493365487603,40.79337149956644],[-73.8492203438544,40.793366160022174],[-73.84913455725516,40.793362705805535],[-73.84906160835088,40.79336261029871],[-73.84898342755147,40.79339361180362],[-73.84893051832798,40.79341069705535],[-73.84890131445043,40.793435387178405],[-73.84886198397842,40.79346863578067],[-73.84884894723113,40.79350168565849],[-73.84885848370783,40.793591099023104],[-73.84887965495555,40.79365488253975],[-73.84890147425774,40.79366828351375],[-73.84896194839715,40.79380491495379],[-73.84901721175498,40.793924843799566],[-73.84907814795721,40.794145384480984],[-73.84903163032195,40.794338085137994],[-73.84896271217512,40.79440847740678],[-73.8487837015379,40.794542102225456],[-73.84877745470259,40.79457974348285],[-73.84877122000401,40.79461737604429],[-73.84878457368544,40.79470091527713],[-73.84884690961489,40.79490523039225],[-73.84887162206836,40.79502748802506],[-73.84887654563339,40.79513404169143],[-73.84884566489967,40.79522916657775],[-73.84881376433067,40.79528731478978],[-73.84870999361334,40.79541648129005],[-73.84855988738981,40.795495060218535],[-73.84840067725099,40.79556462149263],[-73.84823442276506,40.79563184132063],[-73.84805933994913,40.795700188442936],[-73.84792364863638,40.79575351369502],[-73.84781967180635,40.79578469546829],[-73.84763762072186,40.795825814762196],[-73.84745840378464,40.79586126478103],[-73.84729839674371,40.79590035030753],[-73.84712646747457,40.79593506179976],[-73.84685831176914,40.79597954211474],[-73.84677146173746,40.79599288968749],[-73.84673086658061,40.79600147934493],[-73.84660914258019,40.79602723491124],[-73.84651631916125,40.7960618337929],[-73.84644727612637,40.79610167934122],[-73.84637823258807,40.796141516136004],[-73.84632264317928,40.79616408876099],[-73.84624420656029,40.79616309543737],[-73.84611557837326,40.79609530123253],[-73.84603306375169,40.79604054180848],[-73.84596567572895,40.79602065012767],[-73.84587487177845,40.79601824621496],[-73.84569256064597,40.79603647546697],[-73.8456625160152,40.7960371406903],[-73.84560827174333,40.79603834542511],[-73.8455780270891,40.796020896193355],[-73.84558173268519,40.795992183484664],[-73.8456152437029,40.79590102044855],[-73.84560469078744,40.79585478326092],[-73.84556537509833,40.79581619242233],[-73.845506387169,40.79577304733272],[-73.84542780237635,40.79565379201364],[-73.84536698604785,40.7955551768004],[-73.8452788515889,40.79544938630219],[-73.84519633478837,40.79540331328899],[-73.84505891720572,40.79532957854368],[-73.8449801717,40.7952686434178],[-73.84494765019107,40.79520559645224],[-73.84488660754504,40.795111594987574],[-73.84487085658016,40.79509919786356],[-73.84479944233325,40.79505942990976],[-73.84466681840445,40.79495724480707],[-73.8445991504444,40.7949115498754],[-73.84451391906175,40.794881790169015],[-73.84438471988366,40.794870341529766],[-73.84422311865038,40.79487698507376],[-73.84407887373855,40.79487506084198],[-73.84390523936045,40.79486930620659],[-73.84382499651063,40.794875362773496],[-73.84379857938124,40.79487735637744],[-73.84373233041337,40.79488235365075],[-73.84354668938991,40.79491394401068],[-73.8434326202129,40.794948449088075],[-73.84338511407076,40.794984918619946],[-73.84333760876113,40.79502138696053],[-73.84332414153769,40.795069050190946],[-73.84335588803987,40.795234353799636],[-73.84336415641455,40.795346098668965],[-73.84335118053616,40.79547252924388],[-73.8433063238679,40.79550093399164],[-73.84323462158957,40.79547660380343],[-73.84317961314824,40.795433872529806],[-73.84314830001613,40.79538678733117],[-73.8431105900181,40.79526369124019],[-73.84304363919163,40.79521473951449],[-73.84293426866013,40.79519114989733],[-73.84289545847199,40.79518278540833],[-73.84286053658465,40.79519887517511],[-73.84284865322397,40.79521340167193],[-73.84289254581735,40.795392778839876],[-73.8432849719419,40.79617439268523],[-73.84320653636648,40.79619290359594],[-73.8428087524122,40.79541822241329],[-73.84225959368331,40.79558496893755],[-73.84292069025271,40.79690368618418],[-73.8428667525936,40.79692222907211],[-73.84216747341128,40.79561294016378],[-73.84208804901434,40.79563705636489],[-73.84203334901652,40.79563868313414],[-73.84197864967462,40.795640311050924],[-73.84190480252057,40.795621793738384],[-73.84182062143596,40.79554404236425],[-73.84172701714695,40.79542260650589],[-73.84159674188363,40.79523513852131],[-73.84154864672101,40.7951837711616],[-73.84150804072782,40.79513729961805],[-73.84142122729105,40.79514695145784],[-73.84137294887665,40.79517294357759],[-73.8413071108237,40.795272514218894],[-73.84129082289424,40.7955298105531],[-73.84130921066598,40.79570733772885],[-73.84134496887965,40.795831282076314],[-73.8414198844707,40.79596838360924],[-73.84142243684357,40.79599978788022],[-73.84138863119556,40.796035094715855],[-73.84130642269719,40.79609724197453],[-73.84128551124326,40.79614226959165],[-73.84127903270395,40.79617197679592],[-73.84130047555209,40.79620124215115],[-73.84129943545976,40.79621966933024],[-73.84059982294505,40.7968068037133],[-73.84013930364449,40.79687918783632],[-73.84043977575945,40.79763751324551],[-73.84040055225613,40.79764862952226],[-73.84041517975831,40.79767843725892],[-73.83923388155388,40.79788530644842],[-73.83920948324106,40.7978443143542],[-73.8384194408379,40.79834214713817],[-73.8384291582917,40.79837567115353],[-73.83789967503715,40.79850897068427],[-73.83787044050948,40.798441908613455],[-73.83839013354552,40.79830487207619]]],[[[-73.88885148496334,40.798706328958936],[-73.88860021869947,40.7986509854163],[-73.88858562507319,40.79870607229726],[-73.88821348851273,40.79866530463878],[-73.8882141528278,40.79866379571516],[-73.88825230744402,40.79857718039849],[-73.88837251379998,40.79858745575393],[-73.88839250519779,40.79856629676754],[-73.88823353313644,40.7982428842861],[-73.88794420603693,40.79834333668389],[-73.88766940705628,40.79838105015464],[-73.88755967580657,40.798368732437254],[-73.88745451160933,40.79835365457675],[-73.8874441343899,40.79835193334368],[-73.88734380764393,40.79833532909434],[-73.88728568013728,40.79832435868468],[-73.88723161846639,40.798312265785185],[-73.88718674168409,40.79829965046044],[-73.88713264426238,40.7982811019027],[-73.88707655961188,40.79825992072723],[-73.8870335290872,40.79824148180369],[-73.88699057468439,40.798220809160036],[-73.88693756858686,40.79819382317725],[-73.8868262842496,40.798134208744656],[-73.88677992738062,40.798106814760196],[-73.88673071139016,40.798074880364425],[-73.88672123646833,40.79807189028063],[-73.88670122347439,40.79806432478145],[-73.88668224426033,40.798055399991846],[-73.88665108524579,40.79803819670012],[-73.88660440944788,40.79801033460094],[-73.88653645218785,40.7979686372548],[-73.88648571061235,40.797934827149284],[-73.88646193517566,40.79791690200806],[-73.88644762799625,40.79790611823286],[-73.88639344440251,40.79786125541424],[-73.88631837125503,40.797796075306174],[-73.88628680056246,40.7977700285324],[-73.88618605645821,40.79769315237746],[-73.88609112726316,40.7976185699369],[-73.88598921889324,40.797543565554605],[-73.8858667545628,40.797453971075925],[-73.8857087958639,40.797339297789726],[-73.88557218565714,40.79724109744507],[-73.8854196281804,40.79713548837205],[-73.88536002886438,40.79709249327758],[-73.88531358206146,40.797056525680695],[-73.88526897378183,40.79701915569975],[-73.8852237547494,40.79697882190987],[-73.88511038267097,40.79687410782239],[-73.88500486751617,40.7967753526205],[-73.8848710637576,40.796646159080154],[-73.88479288320566,40.79657631045883],[-73.88470366866711,40.79649503207046],[-73.88465812670354,40.7964571295256],[-73.8845759214609,40.79639244454086],[-73.88450450963163,40.79633557027983],[-73.88446288938577,40.79630395695967],[-73.88436938249488,40.7962385858733],[-73.88428576654385,40.79618176992711],[-73.88424498708427,40.796151012754535],[-73.88422937027987,40.79613685074939],[-73.88421619472517,40.79612287999517],[-73.8841566572552,40.796051518648966],[-73.88408036837752,40.79595839282097],[-73.88403220776799,40.795900316365035],[-73.88400985604724,40.795875394787636],[-73.88398001309021,40.79584548614976],[-73.88395093198055,40.79581988316348],[-73.88391718206042,40.79579502195962],[-73.88388038316793,40.79577162552917],[-73.88384160297444,40.79575001944122],[-73.88375741590156,40.795708565420014],[-73.88371602364624,40.79568983925958],[-73.88368606502722,40.795678309104034],[-73.88365916952804,40.7956707356248],[-73.8836472632472,40.79566874245486],[-73.88363602032433,40.7956678484155],[-73.88363491877148,40.79566786539613],[-73.88363371018019,40.79566795480703],[-73.88363113716696,40.79566837537784],[-73.883628660453,40.79566906626372],[-73.88362651450376,40.79566994678688],[-73.88362566059602,40.79567041415742],[-73.88362493671501,40.795670899249345],[-73.88362434350388,40.7956714124499],[-73.88362389181384,40.79567192529077],[-73.88362358249438,40.79567245636808],[-73.88362347511048,40.79567272631017],[-73.88362341600222,40.79567299630094],[-73.88362339107707,40.795673257614936],[-73.88362339060498,40.79567352766492],[-73.8836234384092,40.79567379726104],[-73.88362352038043,40.795674067394245],[-73.88363082548061,40.795691319970935],[-73.88364118305206,40.795710673042876],[-73.88366120810024,40.7957445423726],[-73.88368570715002,40.795788512448574],[-73.88369177813956,40.79579940536063],[-73.88372136446775,40.795854112889536],[-73.88372923494416,40.79587318468224],[-73.88373136425815,40.795882336715785],[-73.88373228479001,40.79589118062395],[-73.88373179288757,40.79590815410531],[-73.88372908649971,40.795924225575575],[-73.88372552582665,40.79593466784347],[-73.88372319549671,40.79593887975391],[-73.88372041619698,40.79594255111055],[-73.88371433895306,40.79594847905348],[-73.88370684004312,40.79595406364302],[-73.88369799188168,40.795959241124876],[-73.8836879120701,40.79596394963324],[-73.88368124897212,40.795966302332765],[-73.88367448015721,40.795967844606395],[-73.88366792669434,40.79596851261601],[-73.88366478678273,40.795968509446986],[-73.88366175261613,40.79596829128238],[-73.88365516756649,40.7959672300653],[-73.88364828586789,40.79596550380892],[-73.88363294995125,40.79595985998684],[-73.88362568067883,40.795956394259754],[-73.88361818816536,40.79595213675084],[-73.88360044806825,40.7959399893506],[-73.88357745705342,40.795920964932215],[-73.88354870255068,40.79589245377129],[-73.88352132338426,40.795862303754724],[-73.88349059449249,40.795824460776096],[-73.88343778229432,40.795749693030615],[-73.88341030322756,40.79571686030642],[-73.88338637422893,40.79569276525572],[-73.8833475098465,40.79565830923805],[-73.88332622624746,40.795639431405746],[-73.88326600487356,40.795587276491155],[-73.88324624360256,40.795571948032226],[-73.88322052550599,40.79555484815527],[-73.88320394303746,40.79554499746243],[-73.88318903725661,40.795537509062626],[-73.88317473357542,40.79553185684377],[-73.88316406288516,40.7955288558724],[-73.88316079453162,40.795527944070805],[-73.8831435822138,40.795525044687544],[-73.88309890770998,40.79552013680352],[-73.8829831164623,40.79550055976063],[-73.88294565228999,40.79549236274534],[-73.88289156223459,40.79547848530579],[-73.8828337519772,40.79546393764445],[-73.88281685343809,40.79545799460008],[-73.88280269382362,40.795451298967464],[-73.8827338115198,40.79541236241376],[-73.88264736334979,40.7953638370586],[-73.88256589218054,40.795321754196415],[-73.88251548178499,40.79529729944257],[-73.88245647333521,40.79527009887342],[-73.88241189497742,40.79525094398239],[-73.88237750527836,40.79523946391315],[-73.88228246152997,40.79521398197181],[-73.88218546415864,40.79518761526524],[-73.88209633687474,40.79515986104319],[-73.8820730731555,40.795155307365086],[-73.88202447821953,40.79514958423126],[-73.88200405621454,40.79514623125228],[-73.88189640244067,40.79512278910262],[-73.88179719700842,40.79509817647453],[-73.88170835287255,40.795078706359405],[-73.88166054417218,40.795070831516185],[-73.88159381157865,40.795062838374875],[-73.88153903087833,40.795057875109],[-73.88148620045226,40.79505534394186],[-73.88138137953057,40.7950572985189],[-73.88136502712474,40.795057605515346],[-73.88130870043936,40.79505603460773],[-73.88128967259648,40.79505425080537],[-73.88127276943128,40.795051531382704],[-73.88119676142401,40.795035892661744],[-73.88110369782537,40.7950171287077],[-73.88106414287374,40.79501153259843],[-73.88097705478948,40.79500379752585],[-73.88087685804106,40.79499131139751],[-73.8808401956071,40.79498513303551],[-73.88075892952047,40.794968515268565],[-73.88072255224039,40.79496203025804],[-73.8806622449003,40.79495316103858],[-73.88061282089043,40.79494722955719],[-73.8805007720725,40.79493616249463],[-73.88038031546304,40.79492314280377],[-73.88031188472486,40.79491772335884],[-73.88023542873849,40.79491445627401],[-73.88009881438347,40.79491159363506],[-73.87998700129212,40.7949080200521],[-73.87991508464377,40.79490431605237],[-73.87991449155298,40.794904261658935],[-73.8798539645331,40.794898849003516],[-73.87980493377017,40.79489225117053],[-73.87975745821161,40.79488368367087],[-73.87967478298795,40.794866496596306],[-73.8795627221194,40.79484239012772],[-73.87946001096141,40.7948185725926],[-73.87934893739131,40.794792621324014],[-73.87920446532179,40.7947582777923],[-73.87907659806768,40.794728274486864],[-73.87899352766185,40.794706529656985],[-73.87887252713152,40.794673606334186],[-73.87874662234786,40.794639444237426],[-73.87864663726114,40.79460883904992],[-73.87852685920592,40.79457407923472],[-73.87847233873828,40.7945567145735],[-73.87841281195189,40.79453577816269],[-73.8783743781276,40.79452080676742],[-73.87834370275957,40.79450663745013],[-73.87824960606076,40.794456857340414],[-73.87820787186249,40.79443256180657],[-73.87818989044003,40.79442319590693],[-73.87817745874578,40.79441798697585],[-73.87816302352924,40.79441314548615],[-73.87811831475943,40.79440155322276],[-73.8780418488097,40.79438437221039],[-73.87801071682776,40.79437429898077],[-73.87797523216784,40.794359790094596],[-73.87793243517783,40.79433971697939],[-73.87789422394029,40.79431924480321],[-73.87778072525003,40.794253333194064],[-73.8776219539544,40.7941604762445],[-73.87753980202646,40.794111366439544],[-73.8774471559981,40.79405969551765],[-73.87733499061804,40.79399729771867],[-73.87726571206598,40.793963491772885],[-73.87715743688997,40.79390651001018],[-73.87705474512775,40.7938531444357],[-73.87695902423698,40.79380537015957],[-73.87690341417036,40.7937754584677],[-73.8768533497296,40.793744959299815],[-73.87683239271817,40.79373019552984],[-73.87678543251913,40.79369322480153],[-73.87676325835338,40.793677253703954],[-73.87667149377093,40.79361710079418],[-73.87657771056746,40.79355319140981],[-73.87653382908445,40.79352398548326],[-73.8764934794008,40.793500700983685],[-73.87640255055383,40.79345691060213],[-73.8763654184663,40.79343652853094],[-73.87633147326574,40.793416321580324],[-73.87631755762334,40.79340643656772],[-73.876287519069,40.793381632046966],[-73.87627936699339,40.7933759049923],[-73.87627147160717,40.79337118704928],[-73.87624509705645,40.79335847975815],[-73.87620619071437,40.79334278693784],[-73.87614385924937,40.793321242408666],[-73.87612202605544,40.793312782209405],[-73.87609618491402,40.7932995259748],[-73.87606235014438,40.793277508115864],[-73.8760478671671,40.79326668649713],[-73.87601532254257,40.793239491808265],[-73.87599744174818,40.7932272085564],[-73.87596602598026,40.793210424747755],[-73.87591748808153,40.793188031513566],[-73.87586407715737,40.79316731596859],[-73.8758448384829,40.79315850721044],[-73.87583075485645,40.793150117287475],[-73.87581681561483,40.79313983649391],[-73.87580272711051,40.79312744857357],[-73.87578703333045,40.79311169937141],[-73.87575830870135,40.79307552250703],[-73.87574836430458,40.793064535034304],[-73.87572500179947,40.793043501182794],[-73.87569604980123,40.793021110207924],[-73.87561279450044,40.79296780115409],[-73.87557896865843,40.792941181914486],[-73.87555275917292,40.792916155676835],[-73.87553042327113,40.792890782315936],[-73.87551232737908,40.792867258987776],[-73.87547123144924,40.79280636776754],[-73.87544969810897,40.79277715038683],[-73.87543203665531,40.79275543862992],[-73.87538576406469,40.792706833777146],[-73.87530659534366,40.79262898982552],[-73.87522354103142,40.79255072665208],[-73.8751279512566,40.79246518393393],[-73.87507395872458,40.792420775472024],[-73.87498356453406,40.7923515552188],[-73.87491771753012,40.79230347842378],[-73.87485267905681,40.79226072390706],[-73.87481081338852,40.79223740098081],[-73.87471064054327,40.79218973574545],[-73.87466759149237,40.79216665405694],[-73.87463269006614,40.792144968323626],[-73.87454446880673,40.792087078140966],[-73.87449318523954,40.79205745058938],[-73.87440998103716,40.7920153600436],[-73.87429326006679,40.79195306184496],[-73.87420003309349,40.79190437831626],[-73.87417526889703,40.791892455653155],[-73.87415314054883,40.79188356220591],[-73.87413213350334,40.79187711819259],[-73.87411193956802,40.79187302628009],[-73.87407064434674,40.79186803733176],[-73.87401755922818,40.79186378314735],[-73.87392742618482,40.79185865900284],[-73.87388510082928,40.79185338122037],[-73.87386851936817,40.79184991406635],[-73.8736197824647,40.79177281820994],[-73.87351081387887,40.79172536073456],[-73.87343783594675,40.7916830386321],[-73.87337134112268,40.79164620704187],[-73.8733590410693,40.79164097963974],[-73.87334448778752,40.79163647933269],[-73.87329524220436,40.79162598804932],[-73.87327840110588,40.79162162895548],[-73.87320017614613,40.7915974189542],[-73.87314608947119,40.79157835872597],[-73.87309734778617,40.79155818729921],[-73.87303537491206,40.791529627025696],[-73.87297284856061,40.79149959004382],[-73.87292724191762,40.79147626113371],[-73.87288457445655,40.79145210820734],[-73.87284269361069,40.79142558682344],[-73.87273896798422,40.79135358558478],[-73.87264706604644,40.79129414076965],[-73.8725699039412,40.79124780678891],[-73.87246121603872,40.79118066172888],[-73.87235602503631,40.791119887235325],[-73.8722629891168,40.79106568272027],[-73.87222386671776,40.79104017317111],[-73.87221878971063,40.791036861766685],[-73.87216399871963,40.79099572113596],[-73.87208390642414,40.79093283057399],[-73.87197367245845,40.79084501775315],[-73.8718453860334,40.790736977019264],[-73.87175020506083,40.79065850952989],[-73.87171094798327,40.79062407591885],[-73.871682106399,40.79059470477735],[-73.87160773568894,40.79050799380069],[-73.87153422429404,40.7904246339029],[-73.87143773747367,40.790323687494215],[-73.87136151517977,40.790245430797334],[-73.87134366346872,40.79022488852243],[-73.8713252263043,40.79020128356399],[-73.87126782455506,40.79011992145711],[-73.87123092167771,40.79006873275472],[-73.87121154143503,40.79003612173736],[-73.87120394439432,40.7900190849732],[-73.87119724046633,40.789999896674246],[-73.87118336516131,40.789945319690084],[-73.87115500629314,40.78981952374334],[-73.87114607484399,40.78978815788273],[-73.87113409505933,40.78974607319286],[-73.87110291637639,40.78966364252131],[-73.87107215941816,40.78956494041265],[-73.87105158005147,40.78950368287396],[-73.87102842677966,40.78943168893734],[-73.87101839580144,40.78939257848005],[-73.87101587054414,40.789375259066404],[-73.87101491849423,40.789358913730204],[-73.87101411499657,40.78927214896484],[-73.87101378121669,40.78923054552528],[-73.87101364700264,40.78921403910693],[-73.87101127918709,40.78919441488827],[-73.87100344385925,40.789165859807035],[-73.87098474146595,40.789108153376766],[-73.87098333940936,40.78910382881675],[-73.87097263727193,40.78905713490412],[-73.87094746392428,40.78895375382282],[-73.87096139741688,40.78886528841771],[-73.87095613767588,40.788732181397656],[-73.87094258315723,40.7885994134517],[-73.87092076437831,40.78846728301253],[-73.87089073043123,40.788336087077795],[-73.87085254887327,40.78820612054297],[-73.87080132263121,40.78806324191995],[-73.87079045065406,40.78803026889137],[-73.87078573991235,40.787996465288884],[-73.87078728261062,40.78796249282668],[-73.87079504854091,40.78792901652307],[-73.87080888567434,40.78789669168323],[-73.8710731667842,40.787574840249654],[-73.87122538725035,40.78744541718091],[-73.87137398825207,40.78727091482832],[-73.87148752147036,40.7870525659713],[-73.87163065373458,40.786797905340684],[-73.87187562144997,40.786623508954264],[-73.87210572263048,40.786468817136324],[-73.87224806110342,40.786428740437174],[-73.87226518931465,40.7864239182743],[-73.87247298679291,40.78630300728329],[-73.87268454261819,40.78615392699033],[-73.87278847069514,40.78607797635332],[-73.87287195837743,40.78597502780425],[-73.87282839783694,40.78595446173851],[-73.8728226286446,40.78596397466708],[-73.8727740594054,40.78594192145899],[-73.87280920016116,40.785903109100175],[-73.87285350009333,40.78592565111329],[-73.8728404791595,40.785943122879196],[-73.87288496983648,40.78596263321615],[-73.87298121182396,40.78589445246452],[-73.87308761688928,40.785854952783566],[-73.87320234380296,40.78582496989625],[-73.87328576346641,40.785812383660385],[-73.87335461016077,40.78578868882487],[-73.87342763220683,40.78576182945625],[-73.87351452458729,40.785750091196704],[-73.87368942667607,40.785754652273646],[-73.87386399502293,40.785764043172776],[-73.87403799885864,40.78577825147984],[-73.87421120815972,40.78579725841238],[-73.87435662263823,40.785806996137836],[-73.87459684365722,40.78583260139791],[-73.87483801315787,40.78585239707295],[-73.87507988798546,40.78586636320425],[-73.87532222427271,40.78587448571063],[-73.87556477768716,40.78587675640277],[-73.87580730367732,40.78587317299118],[-73.87604955771899,40.78586373908887],[-73.87629129556292,40.78584846420735],[-73.87653227348001,40.785827363747366],[-73.87677224850904,40.78580045898304],[-73.87830680057644,40.78535662050863],[-73.88522186783523,40.786630487195644],[-73.8853744221112,40.78666912629612],[-73.88574422143155,40.78667729180759],[-73.88596200181902,40.78675251948504],[-73.88612955538368,40.786707993754966],[-73.88631726172164,40.786732870119394],[-73.88659282770269,40.78673817541287],[-73.8869219978638,40.78673311425447],[-73.88715316418762,40.78682618202947],[-73.88727783418645,40.786806673751535],[-73.88770126372525,40.78687227457343],[-73.88830725732343,40.78700634428385],[-73.88856541967114,40.787160949835894],[-73.88905212443284,40.78737255975572],[-73.88940460807078,40.78779128007474],[-73.88952254829911,40.78805882469798],[-73.8896109710906,40.78819999100903],[-73.88979724020069,40.78865239218935],[-73.88987049744203,40.788895497985116],[-73.88988482197048,40.78900996593536],[-73.89012684970766,40.78963627949072],[-73.89030135499006,40.789876726832304],[-73.89056971575052,40.79010763621307],[-73.89079999909828,40.790207576198725],[-73.89091952963899,40.790225554277995],[-73.89115649564229,40.79017385570527],[-73.89140452869826,40.79019391930026],[-73.89160587115441,40.79016070045078],[-73.89177016603412,40.79022204377219],[-73.89197448927068,40.79023627424179],[-73.89210433844183,40.79032333693973],[-73.89218182984935,40.79039426960916],[-73.89282283610926,40.792817081951654],[-73.89261805166494,40.79384099530898],[-73.89179289686568,40.79677524575884],[-73.89146412571839,40.797069709707195],[-73.89138566506293,40.79713592160803],[-73.89131158868787,40.79723247118069],[-73.89126861053201,40.797297593364526],[-73.89073139028322,40.797660899806736],[-73.89074667860793,40.79767465553898],[-73.89072763263877,40.79768290300265],[-73.89080903156564,40.797786294499176],[-73.89082535336973,40.79778217694939],[-73.89087421678985,40.797829748226555],[-73.89080346891845,40.79786274095037],[-73.89075732720383,40.79781310714188],[-73.89078725984355,40.79779867072512],[-73.89071401711375,40.79769528744921],[-73.89068952645441,40.79770766225179],[-73.89067322907707,40.7976973150244],[-73.89062148266537,40.79774892344873],[-73.89067572679147,40.797831626396125],[-73.89068932626901,40.79782957303993],[-73.89083042169466,40.798007406077254],[-73.8907950512707,40.79802183735321],[-73.89065123202073,40.797846066769964],[-73.89065939632935,40.79784194150482],[-73.89060785824246,40.79776750713797],[-73.89016916368625,40.79796465843273],[-73.89011894402665,40.79788745675346],[-73.89008344066386,40.79790090498289],[-73.89004647710622,40.79790311657516],[-73.89000362263465,40.79789184095774],[-73.88976564041533,40.7978691429795],[-73.88961192353301,40.79784765016889],[-73.88936510050216,40.797808091386045],[-73.88921283898088,40.79780120410432],[-73.88914925293622,40.7978101308579],[-73.88906339518934,40.797833878023766],[-73.88886162193924,40.79787305739867],[-73.88871105363494,40.797938248730354],[-73.88856224600543,40.79802249938173],[-73.88846004385208,40.79808501552175],[-73.88835248098275,40.79813935919857],[-73.88831097224373,40.79818418537036],[-73.88851389271126,40.79824315578644],[-73.8884606409117,40.798290858784426],[-73.88856204587574,40.798353403824635],[-73.88850873250016,40.798437839994726],[-73.88839282545207,40.798375280868],[-73.88851285371605,40.79859054101989],[-73.88861288997029,40.79859842395775],[-73.88861405901388,40.798619494205376],[-73.8889965422283,40.798680754488004],[-73.88897708980136,40.79875053035718],[-73.88883691629032,40.798746722276846],[-73.88885148496334,40.798706328958936]]],[[[-73.89833036270475,40.802412821442815],[-73.89646668834577,40.80079047089154],[-73.89798486686917,40.799604280819985],[-73.89864038714919,40.79910116512415],[-73.89902455567211,40.79917219984014],[-73.90021004993066,40.79926415639877],[-73.8997873880091,40.799509553872134],[-73.89971563817438,40.800798808503],[-73.90003735815736,40.80090874205041],[-73.89948919423654,40.80090111592974],[-73.8993874857105,40.8019356650705],[-73.89833036270475,40.802412821442815]]],[[[-73.78833349834521,40.83466712975954],[-73.78931223606624,40.83446488655362],[-73.78951019872305,40.83536404252595],[-73.78845700015209,40.835309914315566],[-73.78833349834521,40.83466712975954]]],[[[-73.80222295355253,40.84163481314427],[-73.80263811156284,40.841081152764744],[-73.80529495910672,40.841134924850394],[-73.80694608641734,40.841462446684005],[-73.80680801372397,40.8424891399877],[-73.80393073307255,40.842594073052695],[-73.80367560026521,40.842258492916194],[-73.80222295355253,40.84163481314427]]],[[[-73.7806894529125,40.854928807936076],[-73.78077248673605,40.85484357718099],[-73.78101002725666,40.85487625019061],[-73.78109250913853,40.85495857230501],[-73.78113617164199,40.85499141071876],[-73.78117396032519,40.85502820994144],[-73.78120525771952,40.85506836868231],[-73.78122955242041,40.855111230755966],[-73.78124644744258,40.85515609580362],[-73.78125566670865,40.8552022307368],[-73.78125705956097,40.85524888171603],[-73.78123322636526,40.85539866814683],[-73.78119582690192,40.85543461139487],[-73.7811517350907,40.85546587656931],[-73.7811019533515,40.855491752855436],[-73.7810476134694,40.855511651954416],[-73.78098995086282,40.85552512145861],[-73.78093027649513,40.8555318551375],[-73.78086994706949,40.85553169990013],[-73.78067959609207,40.85534445080752],[-73.78063107485207,40.85525897066272],[-73.78061653555879,40.85516388815887],[-73.78064008866333,40.855099489379135],[-73.78064667133084,40.85503344708464],[-73.7806894529125,40.854928807936076]]],[[[-73.78285213100395,40.855485805307886],[-73.78259711591907,40.85482256097164],[-73.78270657411414,40.85485586445819],[-73.7828189878568,40.85488290290499],[-73.78293373611008,40.85490352693581],[-73.78305018493813,40.85491762261123],[-73.78316769100819,40.85492511205836],[-73.78328560514613,40.85492595390085],[-73.78340327592272,40.85492014348807],[-73.78352005325367,40.85490771292006],[-73.78363529199119,40.85488873087071],[-73.78374835548897,40.85486330220833],[-73.7838586191202,40.85483156741573],[-73.78370470042903,40.85499309002891],[-73.78355666739014,40.855074310552645],[-73.78355850795515,40.8552843424529],[-73.78350401751486,40.85547793055766],[-73.78330379042221,40.85584858232035],[-73.78305970352147,40.85570846621881],[-73.78285213100395,40.855485805307886]]],[[[-73.78922202961881,40.85874251553153],[-73.78918597599228,40.858731728311895],[-73.78915300818143,40.858737624037076],[-73.78915779051108,40.85871380822983],[-73.78909831848121,40.85866604809248],[-73.78906536892322,40.85866598785678],[-73.7890591869176,40.858636194865085],[-73.78905926626486,40.858611177526754],[-73.78904206767606,40.85859208573942],[-73.78902799510594,40.85857657328086],[-73.78902807446326,40.85855155644485],[-73.78898270878821,40.8585085874185],[-73.78894356646978,40.85848230774641],[-73.78891859834047,40.85843937600605],[-73.78887939514078,40.85843215704514],[-73.78880876656129,40.858439175012194],[-73.78876651996593,40.85840216757863],[-73.78875415315552,40.85834377264777],[-73.78877207166127,40.858314132988916],[-73.78878549765221,40.85802240936252],[-73.78879862102762,40.85788507233009],[-73.78880761950242,40.857818377011334],[-73.78880539978151,40.857726882390004],[-73.7887868143247,40.857650606485485],[-73.7888182058395,40.85764685211528],[-73.7888146251877,40.85758871098124],[-73.78879831090912,40.85758772807498],[-73.78876616510139,40.8574332793713],[-73.78878402854569,40.85742069033674],[-73.78826498050694,40.85750700086087],[-73.788261953108,40.85749888146123],[-73.7881764099842,40.857512635102616],[-73.788182450876,40.857533511439655],[-73.788043429758,40.85755991768736],[-73.78802830701825,40.857514681283895],[-73.7881658003298,40.8574882722492],[-73.7881718624852,40.85750219354386],[-73.78825587182048,40.85749075578664],[-73.78825436690755,40.85748379794263],[-73.78877898544017,40.85740092519987],[-73.7887638907387,40.85732121926376],[-73.78875047058206,40.85727379569858],[-73.78873164778054,40.85721811889846],[-73.78872093476754,40.85717276216816],[-73.78870485884443,40.85710678617613],[-73.78871047688015,40.85704703321381],[-73.78871879677973,40.85699140661731],[-73.78875148515341,40.856954371696204],[-73.78876247260871,40.856913175616],[-73.78877463362326,40.85688983820493],[-73.78879251250656,40.8568555268968],[-73.7888062667889,40.856797849531276],[-73.78879556033824,40.85675043160451],[-73.7887794059048,40.85670918583064],[-73.78880667250745,40.85667008025664],[-73.78883933406065,40.85664128876793],[-73.78886926255427,40.85661867439685],[-73.78888830770909,40.85660428310915],[-73.78889654957185,40.856573386709975],[-73.78888312226786,40.85652802401782],[-73.78885616237595,40.85647027146315],[-73.78881837966696,40.85640219554333],[-73.78878247271498,40.85636294198673],[-73.78877003064156,40.85634934057019],[-73.78875894260247,40.85631553290681],[-73.78873183366792,40.85630517854695],[-73.78872519415646,40.85630485127615],[-73.78868841289075,40.85630303881878],[-73.78865312839909,40.85630297418652],[-73.78862333817503,40.85628231184357],[-73.78860444893704,40.85624724265718],[-73.78859643189443,40.85620807247337],[-73.78858212373433,40.85616288871928],[-73.78853687735324,40.856158504288196],[-73.78850992512635,40.85609869095234],[-73.78852086082905,40.85607398181196],[-73.78846710159921,40.85590901726226],[-73.78847402223268,40.85587324721095],[-73.788437671483,40.85577501112963],[-73.78840780812261,40.85577701707275],[-73.7883594322236,40.85562648914848],[-73.78842551577243,40.855329852882086],[-73.7884151118412,40.85518763760724],[-73.78853250003306,40.8551546769296],[-73.78855365724812,40.85514873611447],[-73.78853679526938,40.855101890854975],[-73.7884969618677,40.855053834835765],[-73.78844808747019,40.85505992685219],[-73.78843187532392,40.85503722914419],[-73.78839114316482,40.855043336570425],[-73.78835855433422,40.85504945959159],[-73.78833961444349,40.85503087711398],[-73.78833159638137,40.854991706398394],[-73.78832094280693,40.85492780265969],[-73.78831293198878,40.854886571245196],[-73.78830763495466,40.85484534531208],[-73.7882941364666,40.85482265139031],[-73.78829419550173,40.85480410443689],[-73.7883213888004,40.85478766798321],[-73.78835401751454,40.854769180114396],[-73.78839751595217,40.854746591423336],[-73.78842472253498,40.85472603287915],[-73.78842760041378,40.85467451721852],[-73.78841692123977,40.85461885577676],[-73.78841706546328,40.85457351890788],[-73.78842728684886,40.85455467815907],[-73.78844163730807,40.854528225161],[-73.78845805973428,40.854484978348744],[-73.78848260375469,40.8544479292255],[-73.7884826692924,40.854427320902374],[-73.7884773265335,40.85440052053239],[-73.7884313698025,40.854342733692846],[-73.78840976856601,40.85430765948793],[-73.78839632893767,40.854266418620384],[-73.78834700683626,40.85415351895001],[-73.78786849474646,40.854273241471034],[-73.78787151151583,40.85428484016842],[-73.78765149076932,40.85434007726077],[-73.78764693594782,40.854331953856004],[-73.7875567694506,40.854360768132445],[-73.78756282815206,40.85437584889343],[-73.78736269074899,40.85441953057176],[-73.78734753146423,40.8543858854597],[-73.78754919139483,40.8543433658761],[-73.78755374968748,40.854350330026385],[-73.78764390876884,40.8543238344357],[-73.78763935179043,40.85431687096147],[-73.78834514784103,40.8541320123503],[-73.78832399449908,40.854102515649856],[-73.78827221224078,40.85411296306859],[-73.78819872490007,40.854127789058296],[-73.78816813692171,40.85408577890374],[-73.78777873831666,40.85417338531989],[-73.78769014281549,40.85418829124569],[-73.78765807500491,40.85419055159386],[-73.78762757097078,40.85418122099115],[-73.78756345016576,40.854181102936636],[-73.78743057248586,40.85419824648052],[-73.78731450066233,40.85421194272587],[-73.78726555834814,40.854207627871716],[-73.78722448578456,40.854193229678465],[-73.7871970601856,40.85417579079092],[-73.78717271889464,40.85414908430572],[-73.78714539852163,40.85409918836243],[-73.78712545967669,40.85404437865457],[-73.78691339069742,40.85408369046224],[-73.78690734702697,40.8540639722994],[-73.78713287236009,40.8540242708785],[-73.7871545889612,40.85397968963632],[-73.78720845606802,40.8539544037861],[-73.78729251210585,40.85392673777942],[-73.78732350665297,40.85391716431213],[-73.78741935244048,40.85388755807519],[-73.78762411569329,40.85382881587766],[-73.78781206717181,40.85377583738096],[-73.78787778457564,40.853753934211355],[-73.78792821707314,40.85373779738932],[-73.78796799947445,40.85371005016582],[-73.78799403046995,40.85368575461554],[-73.78800508108596,40.853664868451396],[-73.78801104438995,40.85361623333728],[-73.78801424958179,40.85356871120846],[-73.78800064949667,40.85352463632825],[-73.78796264288077,40.85347472093576],[-73.78760502319017,40.85311470853511],[-73.78716496421869,40.852757412282045],[-73.78712672030899,40.85277997402535],[-73.78712215823363,40.85277417045437],[-73.78707627655096,40.85279958743559],[-73.78706106582088,40.85278217222692],[-73.78710999004409,40.852760237321505],[-73.78710390562176,40.852753270335086],[-73.78713667028038,40.85273387524431],[-73.78693805735814,40.85257908292906],[-73.78691672214161,40.85256745204486],[-73.78688470337569,40.85255464098333],[-73.78684958987257,40.85255457611164],[-73.78678232558076,40.852555707235815],[-73.78675959223264,40.85253122633296],[-73.7867657472106,40.852516167597734],[-73.78677648933812,40.85249879914515],[-73.7867765376467,40.852483729624886],[-73.7867689971708,40.85245473539856],[-73.78659390163293,40.852308351920705],[-73.78641733510756,40.852144576469875],[-73.78637622032105,40.85211204192073],[-73.78632442342095,40.85207832931154],[-73.78624762093361,40.852022814692695],[-73.78588186506491,40.85178867294363],[-73.78566404122394,40.851795995821085],[-73.78545277174172,40.851664225836664],[-73.78540194432473,40.851645584224656],[-73.78529210719022,40.8516206499737],[-73.7852188143439,40.85162515043444],[-73.78510066461135,40.85165275193459],[-73.78503542905987,40.8516835424066],[-73.78495591460657,40.85172358068362],[-73.78489888572953,40.85173429288929],[-73.78480722795186,40.85175266902394],[-73.78468307195402,40.85174934688005],[-73.7843347420855,40.851776157572594],[-73.78427457330046,40.851791993516706],[-73.78427798468037,40.85179917293424],[-73.78413189167978,40.85183280615744],[-73.78412338226437,40.85180866427959],[-73.78426432858579,40.851773717101466],[-73.78426688465254,40.85177959007625],[-73.78431415165997,40.85176754570707],[-73.78402637080502,40.85160993186302],[-73.78397932898604,40.85153261744062],[-73.78387115358136,40.85155896167022],[-73.78386093355654,40.851532860725165],[-73.78397173451573,40.8515076818599],[-73.78396112488305,40.85148693392315],[-73.78381306352931,40.851518883295036],[-73.78357767103407,40.851569677444985],[-73.78356242001053,40.85156501244084],[-73.78354267337754,40.85153797070435],[-73.78347956766932,40.85156018388736],[-73.78347528477201,40.85155691566591],[-73.78341001772286,40.85157901820901],[-73.78338158610377,40.85158673391453],[-73.78337646578845,40.85157694324879],[-73.7834133904305,40.851563419688766],[-73.78353416916762,40.851520780530905],[-73.78344495935941,40.8514009097272],[-73.78349609889963,40.85136877997594],[-73.78360210541598,40.85131951978288],[-73.78379501276285,40.851253935356425],[-73.78398791994971,40.85118835060701],[-73.78414275091883,40.85114742417648],[-73.78435188706086,40.851098355045536],[-73.78447953199854,40.85107180299257],[-73.78460077697598,40.85109569219537],[-73.78451936300075,40.85089273502157],[-73.78444750529482,40.850904817459565],[-73.78443407549099,40.850861514904054],[-73.78450494990597,40.850853500463856],[-73.78448807935747,40.85081582682428],[-73.78447441853888,40.85079145789826],[-73.78445463288537,40.850772873854645],[-73.78442108103755,40.85076237910975],[-73.78439207608851,40.8507623249034],[-73.78434575107649,40.8507700507915],[-73.78433708794135,40.85077149540508],[-73.78431265352698,40.85077376842185],[-73.78426993630782,40.850765573519716],[-73.78422574727722,40.85073998870744],[-73.78416329499144,40.850696980725225],[-73.78411913614839,40.850662121468126],[-73.78407975214462,40.85063061541128],[-73.7840413366316,40.85064458870927],[-73.7840474123544,40.85065387337047],[-73.78402142627081,40.850664257945255],[-73.78401687236345,40.85065613489494],[-73.78385181911865,40.85071146765882],[-73.78384119307984,40.850692899498476],[-73.78395428629129,40.85065485776562],[-73.78395883886576,40.85066298131847],[-73.78401079664634,40.85064684972953],[-73.78400319779757,40.85063640227871],[-73.78403070700506,40.850627180495344],[-73.7840352602505,40.85063530354389],[-73.78406580837334,40.850625233236585],[-73.78401710573822,40.850584263375104],[-73.78400879049795,40.850525932053664],[-73.78400362316144,40.85050541275782],[-73.78401288041832,40.85047528985322],[-73.78401421301417,40.85047391345866],[-73.78404198397533,40.850445205777675],[-73.78412613427056,40.850387402675885],[-73.78420112638035,40.850329582380965],[-73.78423943051325,40.8502867628731],[-73.78425785826201,40.85025318064254],[-73.78425338375496,40.8502207138397],[-73.78421247052574,40.85012674181838],[-73.78420494271475,40.850094270474095],[-73.78420047134377,40.85006064424078],[-73.78415333900804,40.85000143719415],[-73.78409701801215,40.849951485046475],[-73.78407378345817,40.849902425389665],[-73.78357825260379,40.849266386802384],[-73.78353497808567,40.84922096792302],[-73.78349977784661,40.849196171975784],[-73.78345368077743,40.84918372050792],[-73.78339395583203,40.849189790013405],[-73.78333693054921,40.84919998765872],[-73.78329074622592,40.849214326564365],[-73.78323644139,40.84922246805554],[-73.78322357300495,40.84922244387444],[-73.78317944898265,40.84922236094971],[-73.78314691693552,40.849211995567046],[-73.78311715803491,40.84918308830635],[-73.78303535537907,40.84907190812803],[-73.78244952709214,40.84934115401586],[-73.78221806474305,40.84916680459631],[-73.78209456304502,40.849247300009885],[-73.78207020661583,40.849226388719295],[-73.7821932862789,40.84914279099555],[-73.78215814152048,40.84911617392409],[-73.7820336745883,40.84919386175864],[-73.78201995532704,40.84918803900299],[-73.78196338004847,40.84921575363068],[-73.78197402498944,40.8492285251734],[-73.78179206236673,40.84931975894572],[-73.78178293737228,40.84930930795591],[-73.78174317784008,40.84933009919043],[-73.78175535569149,40.84934055428376],[-73.7815749238,40.84943063184558],[-73.78154449088434,40.84940043514604],[-73.78171883268428,40.849305709714116],[-73.78173101140973,40.84931616481179],[-73.78176924362299,40.849295372367294],[-73.78176163701295,40.84928724294775],[-73.7819390243339,40.84919484231351],[-73.78194967598748,40.849205294501616],[-73.78201082138871,40.84917990788632],[-73.78214108697831,40.84910066266785],[-73.78193782713453,40.848933981407555],[-73.78186608494606,40.848944841039504],[-73.78184847915905,40.84894750521804],[-73.78182869098212,40.84895920536379],[-73.78169581560914,40.84884836234802],[-73.78161594069067,40.848896204611336],[-73.78160738546254,40.84888640853152],[-73.78168604284517,40.84883788315241],[-73.78161367535198,40.84877238635009],[-73.78153019763666,40.8488575718798],[-73.78150620325309,40.84884252817931],[-73.78159491975414,40.84875294787679],[-73.78157440440629,40.8487318082126],[-73.78153956955133,40.848726375281935],[-73.78145563649926,40.84881309089798],[-73.78143249522284,40.84880000581349],[-73.78150756375803,40.84871928988158],[-73.78149337884118,40.84871530626425],[-73.78149386587489,40.84858047582596],[-73.78178514040063,40.848509801839384],[-73.78203616713344,40.84843804928362],[-73.78200212772735,40.84834408892651],[-73.78202189306508,40.84833956242027],[-73.78206189132595,40.848449183284856],[-73.78178920235625,40.848527207728935],[-73.7817970940135,40.848547143271475],[-73.78207041238296,40.848469412494794],[-73.78207657695802,40.848422476374786],[-73.78209640639666,40.84839838786328],[-73.78220384181365,40.84836794441457],[-73.78251408510305,40.84828963129776],[-73.78255877758681,40.848277326478986],[-73.78261900912084,40.84823961994366],[-73.78261910501016,40.84821027812599],[-73.78267467078871,40.84813967244418],[-73.78189457733075,40.848327161540325],[-73.78176219386184,40.84835164156288],[-73.7815544212034,40.84840070808906],[-73.78152611318389,40.84834346613728],[-73.78138148782878,40.84837719582945],[-73.78139151751184,40.8484220377293],[-73.78133652580439,40.84843275253894],[-73.78112258967961,40.84849880844884],[-73.78110827162968,40.848520420022474],[-73.78108791694191,40.84852038139721],[-73.78107575079667,40.84850644694743],[-73.78107580166363,40.848490991613694],[-73.78109415548866,40.84848020673835],[-73.78130194972267,40.848424958942935],[-73.7813182634964,40.848415716075905],[-73.78131833463323,40.84839407797157],[-73.78106574674733,40.848453877688854],[-73.78101890213868,40.848463062065036],[-73.78099244183939,40.84846301183248],[-73.78097820938946,40.848458347913756],[-73.78101090695242,40.84841822416235],[-73.78109036011065,40.8483967367271],[-73.78114129062811,40.84838292317667],[-73.78130627517389,40.84834768647283],[-73.7813022800297,40.84832449491512],[-73.78114557934342,40.84831646967796],[-73.78112520061279,40.84832415906397],[-73.78110078567471,40.84832102108122],[-73.78109878128048,40.848311743985754],[-73.78110697775486,40.848294757694134],[-73.78112733303547,40.84829479631729],[-73.78115378309634,40.848297938155376],[-73.7811538186934,40.848287118516716],[-73.78129420976416,40.848302841375364],[-73.78135124158516,40.84829058403858],[-73.78137145881892,40.84833235459965],[-73.78172594274021,40.84823410580616],[-73.781831743682,40.84824667089914],[-73.78263740397888,40.84807264924602],[-73.78250408633528,40.847913273763446],[-73.78158418081549,40.84803705203999],[-73.78148431950568,40.84788219384885],[-73.78150307163159,40.847681642963224],[-73.78142920347912,40.84745634535744],[-73.78155433497174,40.84734131210747],[-73.7818974308297,40.847231963016995],[-73.78207848450111,40.847130807905565],[-73.78209588578706,40.846990745609176],[-73.78212611369568,40.84691293518123],[-73.78223364202795,40.84685337267851],[-73.78218546562383,40.84671971512528],[-73.78216393435585,40.84663633778104],[-73.78112548291101,40.84682946640507],[-73.78113626322276,40.84685215537754],[-73.7810683698102,40.8468664522058],[-73.7810575836192,40.84684582392935],[-73.78063668411163,40.846923334752624],[-73.78067693704057,40.847061485793674],[-73.7804624159846,40.84710023328975],[-73.780403269586,40.846931134166255],[-73.78106043972839,40.846802552357055],[-73.78115182578563,40.84624630462727],[-73.78118979824524,40.84625255880374],[-73.78110675760784,40.84674699714134],[-73.78168786937849,40.84663887521212],[-73.78171847815004,40.84640812132635],[-73.78174288903251,40.84641229011609],[-73.78171494622761,40.84665747421488],[-73.78109853456938,40.84677171143925],[-73.78109301885183,40.84679849158762],[-73.78215667396832,40.84660757811384],[-73.7821423278313,40.84657770660878],[-73.7823282774843,40.84654861127149],[-73.78229152990997,40.84645779011683],[-73.7825134511685,40.84640877155137],[-73.78235702810511,40.845981588332826],[-73.78257932865696,40.84593589302793],[-73.78251990755304,40.845758194764805],[-73.78249597258944,40.845661561949214],[-73.78309442048653,40.84551828556489],[-73.78309556892438,40.84551369086337],[-73.78314644227363,40.8453099420262],[-73.78311070737087,40.84530812974251],[-73.78307455830657,40.84550976429207],[-73.78257509379014,40.84560185056625],[-73.78257849117324,40.84561315915006],[-73.7825383977149,40.84562003867015],[-73.78254177869935,40.84563656442672],[-73.78242148841352,40.84566068102325],[-73.78242487155511,40.845676336667196],[-73.78182047648949,40.84578198749826],[-73.78181646104312,40.84576497805119],[-73.78238057457457,40.84566557830377],[-73.78237655393292,40.84565011528115],[-73.78250690114284,40.84562408480108],[-73.78250088102259,40.845597798301924],[-73.783050749408,40.84549682317608],[-73.78308181330725,40.845333047389865],[-73.7830594398957,40.84532836841494],[-73.78309455887226,40.84516923547133],[-73.78306023126578,40.84508570856724],[-73.78190735927743,40.84535556224959],[-73.78183975772673,40.84548835758422],[-73.7818153590045,40.845480582880526],[-73.78188707672663,40.845333885649545],[-73.78307457446681,40.84505636873404],[-73.78313318952935,40.84518167305966],[-73.78310841324824,40.845289819903584],[-73.78315245505728,40.845295983327965],[-73.78322207613923,40.84506344465836],[-73.78309714310711,40.84499167433223],[-73.78297579244337,40.84468094802061],[-73.7833653613534,40.844444722981876],[-73.78335700996654,40.84440284653777],[-73.7833354347671,40.844361589719966],[-73.78332100656206,40.84434782480257],[-73.78328485082511,40.84433951285025],[-73.78323818917806,40.84434701485455],[-73.78323416798307,40.84434766164717],[-73.78315451147776,40.844363997809495],[-73.78310017474654,40.84438313060106],[-73.7830604095184,40.8443720643956],[-73.78304608891058,40.844325325035385],[-73.78301129829386,40.844172690850016],[-73.7832698713884,40.844069392091825],[-73.78309494706117,40.843866094402465],[-73.78349593173812,40.843732342936136],[-73.78348428748818,40.84367854599862],[-73.78298567054594,40.84379407880423],[-73.78289307603839,40.84389488425869],[-73.78290650949755,40.84393612584032],[-73.78057367810457,40.84446958598664],[-73.78054653995319,40.84446953435928],[-73.78057628971331,40.8445005030097],[-73.78052736048552,40.84452514033834],[-73.77992703744428,40.84388308135602],[-73.7799786859016,40.84385638925461],[-73.78053302714385,40.844453022265434],[-73.78056017668034,40.84444895181887],[-73.78036906217557,40.843976661193885],[-73.78039623282005,40.84396640817994],[-73.78058464728879,40.8444345726984],[-73.78106261364299,40.84432831787688],[-73.78087690198701,40.843862220487964],[-73.7809122002328,40.84385610539371],[-73.78108977797854,40.844320127077836],[-73.78154602523335,40.84421588974787],[-73.78135229180006,40.84371268255398],[-73.78137674098357,40.843704486540204],[-73.78157590302688,40.84420770347067],[-73.78200770536664,40.84410960066983],[-73.78180047475469,40.84358370068898],[-73.78183306599355,40.84357551830506],[-73.7820375758627,40.844103474973664],[-73.78243679895445,40.844009431100055],[-73.78221611882296,40.84344641111857],[-73.78224871668732,40.84343616841767],[-73.78246939706243,40.843999187835244],[-73.78282243971395,40.84391948119968],[-73.78257210723939,40.8432945819435],[-73.78260741176439,40.843286404957816],[-73.7827849863565,40.843754545481126],[-73.7830918611237,40.84368505481138],[-73.78287388243189,40.84312410236253],[-73.78290103888799,40.8431179713338],[-73.78313252568665,40.84369749673193],[-73.78280661506554,40.84377931612224],[-73.78284151617675,40.84389478720214],[-73.78286866600375,40.84389071688319],[-73.78294225812178,40.84379193640622],[-73.78298304439978,40.843767283235536],[-73.78347481249244,40.8436547381099],[-73.78319194518633,40.84286786448668],[-73.78304539815447,40.84289633206691],[-73.78324501260472,40.84347167587906],[-73.78321038850865,40.84347933886669],[-73.78300874308394,40.842902446433826],[-73.78291098678723,40.84292235550836],[-73.78289487635367,40.8428697736935],[-73.78313925968678,40.84282231949021],[-73.78311703961009,40.84277127263461],[-73.78291747085107,40.84280644567928],[-73.78289925507742,40.84277549983624],[-73.78312383020314,40.84273620299385],[-73.78301653344668,40.84260538729748],[-73.78288778301486,40.84249482884979],[-73.78273319376765,40.8425217054987],[-73.78281584526042,40.84276452259681],[-73.78277919046205,40.84277063689136],[-73.78270669982564,40.8425324758105],[-73.78229941270918,40.842605896413545],[-73.78244452404584,40.84304203441694],[-73.78240786884527,40.84304814691752],[-73.78226682874738,40.84261201822846],[-73.78180048362434,40.84269614579382],[-73.78196972502653,40.84322042881612],[-73.78193306593671,40.843228088076614],[-73.7817719692772,40.842702273492186],[-73.78124656634495,40.842797107289634],[-73.78142785188602,40.84337087377914],[-73.78138916319325,40.843376982605484],[-73.7812160111929,40.8428047773959],[-73.78067429925017,40.842907304537896],[-73.78085958503786,40.84350117186949],[-73.7808290368131,40.8435072971459],[-73.780643759933,40.84291033762104],[-73.78029552531899,40.84297304539673],[-73.78029286577419,40.843778305365575],[-73.78022773872677,40.843778181297886],[-73.78022662418242,40.84288326843306],[-73.78029175678296,40.84288184660052],[-73.78029152196487,40.8429529447542],[-73.78286499304913,40.842478101882875],[-73.78271552022589,40.84244650109323],[-73.78230783665784,40.84251935826552],[-73.78229572698882,40.84248842384878],[-73.7824348109359,40.84246612143526],[-73.7824108248818,40.84245005032477],[-73.7805973582243,40.84278660044373],[-73.78058525374071,40.84275411944164],[-73.78236855953504,40.84242849314983],[-73.78234000558811,40.842340925643704],[-73.78215975190268,40.842370699842746],[-73.7821516613938,40.84235522861413],[-73.78233051660837,40.84232245126299],[-73.78231110910542,40.84222417895734],[-73.78221716280949,40.842240977177525],[-73.78222115152285,40.84226571462903],[-73.78216005558019,40.84227796304791],[-73.78215604531863,40.842259408368875],[-73.78162861016037,40.84235423956545],[-73.78162055021923,40.842329494888226],[-73.78224574731087,40.84221320956464],[-73.78224979212551,40.84222094525888],[-73.78230643317748,40.84221111581018],[-73.78232118543183,40.842171620172294],[-73.78232536834764,40.842137624341255],[-73.78233160993894,40.84209590550908],[-73.78237240991096,40.84206661567235],[-73.78237057744737,40.84200478690915],[-73.78233257215892,40.84192284411156],[-73.78229348197947,40.84193045283009],[-73.78231163148813,40.84198149217117],[-73.78227701311965,40.841987608976844],[-73.78226695851775,40.84195049461257],[-73.78145418008431,40.84217152712623],[-73.78144003107849,40.842142133493596],[-73.7823235128594,40.8418983304548],[-73.7822677147174,40.8417861749049],[-73.78207533518163,40.84183242503779],[-73.78208103076508,40.84184112996936],[-73.78206499291763,40.84184457780568],[-73.78206158354115,40.84183674614099],[-73.78203752533935,40.84184191671524],[-73.78203410829978,40.84183669422465],[-73.78226345326232,40.84177811598265],[-73.78224024540252,40.841735866123585],[-73.78201593435602,40.841793189025346],[-73.78201252301916,40.84178622747617],[-73.78203658908592,40.84177844890525],[-73.78203546964845,40.841770621566894],[-73.78205150835818,40.84176717490897],[-73.78205377835471,40.84177326417977],[-73.78223592679377,40.84172788298075],[-73.78221542233346,40.84170401730042],[-73.78216624418963,40.84168914411031],[-73.78207235608491,40.84169331384556],[-73.78202093113624,40.84170433391508],[-73.78188333127854,40.84173381939358],[-73.78186601221255,40.841687364679835],[-73.7814069659545,40.841772040201754],[-73.7814183019977,40.84180596942097],[-73.7813667641349,40.84181282684609],[-73.78135197332516,40.8417849772274],[-73.7812992811557,40.841794441623804],[-73.78132082303267,40.84185794850839],[-73.7812749882927,40.841870902859114],[-73.7813386857138,40.84199621898691],[-73.78130775340559,40.8420031154462],[-73.78124863502505,40.841877807985504],[-73.78113290101255,40.841910626053824],[-73.78119772238884,40.84204202937318],[-73.78117137190374,40.84204806553916],[-73.78109967064516,40.84192012611351],[-73.78097935660904,40.84195293533575],[-73.78105448455362,40.84208348935705],[-73.78102354424838,40.84209299491431],[-73.78095529321284,40.84195984591591],[-73.78084643996941,40.841989198625996],[-73.78092499038787,40.84212323619856],[-73.78088717448651,40.84213446705882],[-73.7808143539402,40.84199870077774],[-73.78069632802122,40.84203238300086],[-73.78076452835761,40.84218031288267],[-73.7807209883043,40.84219153230599],[-73.78065508284249,40.84204186886651],[-73.78060581105882,40.84205568586591],[-73.78058402738796,40.84206520704634],[-73.78053131415075,40.842080756033475],[-73.78059157622188,40.84220606653776],[-73.78056292706853,40.842214705706375],[-73.78050381144551,40.84208939837409],[-73.78043963564963,40.84210927259159],[-73.78045552576683,40.842151034623036],[-73.78039480479654,40.8421648292372],[-73.78037662609164,40.842123063509945],[-73.78036980593723,40.842108270701345],[-73.78034805158214,40.84210909822463],[-73.7804257718152,40.84249439420706],[-73.78029863976153,40.84251154046752],[-73.78019599955293,40.84204621097634],[-73.78033227924816,40.84203169026757],[-73.78034466049733,40.84209605118064],[-73.78037786810292,40.84209350522464],[-73.78037675812324,40.84208307104413],[-73.78126135401865,40.84183957845718],[-73.78123754712247,40.84176824204223],[-73.78185048197783,40.8416539463945],[-73.78183863598309,40.841534784626276],[-73.78183884886525,40.84146986973248],[-73.78183909216312,40.841395679917476],[-73.78182300321745,40.84133691700406],[-73.7818048644,40.84128278594013],[-73.78176234410697,40.84121624445171],[-73.7817176560301,40.84118988354906],[-73.78168516996307,40.8411666385569],[-73.78166051213611,40.84112417508584],[-73.78084223802306,40.841276324028335],[-73.78092886504994,40.84154542526774],[-73.78089220610157,40.84155308419848],[-73.78079752923449,40.84125614604854],[-73.7816485529559,40.84109776352898],[-73.78161356543794,40.8410072720699],[-73.78139590619041,40.84104786583512],[-73.78139143568785,40.84103661012095],[-73.78161069651529,40.840996240025916],[-73.78159702603972,40.840948669593466],[-73.78137871885639,40.84098719200259],[-73.78137488194947,40.84097887100524],[-73.78159396937245,40.84093979674822],[-73.78156821701035,40.84083516059589],[-73.78154308949306,40.84078478202765],[-73.78151345014929,40.840772682570574],[-73.7814808892744,40.84076437132476],[-73.78144833514993,40.840754410638944],[-73.78142666976504,40.840736220344965],[-73.78141805071888,40.84071475571639],[-73.78142028765272,40.84069496127126],[-73.78144207161212,40.84067685331013],[-73.7814660242275,40.84066039906484],[-73.78147694069271,40.84064392129024],[-73.7814857056279,40.84062083948621],[-73.78148577066176,40.84060104025489],[-73.78147718457494,40.840569675512754],[-73.78146203707614,40.840551498745626],[-73.78145342800167,40.84052673391036],[-73.78145349846586,40.840505284575194],[-73.78146442574841,40.84048550709693],[-73.78148837696587,40.840469052843986],[-73.78151347737062,40.84045127129045],[-73.78152321749889,40.84044437031885],[-73.7815428414098,40.84042295969426],[-73.78154296060534,40.84038666160467],[-73.78153441046068,40.840343747644724],[-73.78151504322612,40.8402876144615],[-73.78149172006931,40.8402062245254],[-73.78125361834566,40.84025550043905],[-73.78124907233904,40.84024435480535],[-73.78148878089243,40.840197323922254],[-73.781465597873,40.84017515976356],[-73.78145366531946,40.84013628677332],[-73.78136267245321,40.83973018981652],[-73.78118431444773,40.839761649201556],[-73.78117947802396,40.83974586225597],[-73.78135932010665,40.839711708215994],[-73.78134125145772,40.83947856344309],[-73.78113994352726,40.839505416893736],[-73.78113875725964,40.839494278801894],[-73.78133988849423,40.83946969983049],[-73.78132522577029,40.83929178135677],[-73.78134240000914,40.83923837484461],[-73.78156780983515,40.83853740573653],[-73.78159698419161,40.83847785014322],[-73.78172154866506,40.838223566612506],[-73.78200420989037,40.83801557230729],[-73.7818845572027,40.83765027660498],[-73.78238142556087,40.83732410616755],[-73.78272760738652,40.83748795984906],[-73.78274559046712,40.8374743935972],[-73.78281452652847,40.83742239136648],[-73.78290629190879,40.83732000607291],[-73.7828873348317,40.83716473564687],[-73.78279680443434,40.83692052345217],[-73.78270364583639,40.83684280196576],[-73.78268131435576,40.83648367715375],[-73.78282260139727,40.8363381558881],[-73.78302921862723,40.83634585234493],[-73.7833816805932,40.83690927168086],[-73.78366393608437,40.83681161024679],[-73.78410164591317,40.836725529358155],[-73.78421807494082,40.83675490167144],[-73.78431347112934,40.836812826751384],[-73.78448456140005,40.83702422253876],[-73.78491512256413,40.836841998575444],[-73.78488487052027,40.83679244441227],[-73.78498060328094,40.83674642608077],[-73.78508226642776,40.836881907710726],[-73.78498435600915,40.83692957218076],[-73.78494325733283,40.8368750491438],[-73.78450333965363,40.83705776517131],[-73.78485009222665,40.83747048917873],[-73.78512582175478,40.8374460415696],[-73.78563997845447,40.83706443458557],[-73.78583067964114,40.83720998000472],[-73.78579367439752,40.83723301037365],[-73.7856527957231,40.83713210472616],[-73.78516584428648,40.837471334061945],[-73.7852771294841,40.837756718087114],[-73.78557796850949,40.837927113225575],[-73.7854986418295,40.83848036679523],[-73.78554772810212,40.8387257139476],[-73.78553011511515,40.838798277338576],[-73.78556031159738,40.83886597978376],[-73.78568113678001,40.839101104369284],[-73.7857350929868,40.839234231776],[-73.78592998544981,40.83942928196901],[-73.78607898490303,40.83953813339082],[-73.78614637767015,40.83958736625333],[-73.78627272274821,40.839588308565375],[-73.78652598496416,40.839723115607214],[-73.78690015821412,40.839714861894954],[-73.78730353132505,40.83967472450121],[-73.78732985698983,40.83970310072271],[-73.78740758746011,40.83967762319708],[-73.78741374512609,40.839686638806704],[-73.78733627876458,40.839710021597796],[-73.78738854482546,40.83976635600613],[-73.7874710857183,40.83994515630128],[-73.78749162161397,40.83998963932169],[-73.78749095280199,40.840049026097766],[-73.78748134063115,40.84005454556585],[-73.78745014326715,40.840072461586686],[-73.78747062422686,40.84012220342907],[-73.78763931218995,40.840531895236886],[-73.78739774725157,40.84058231694815],[-73.78735724244449,40.840590771776846],[-73.78738672135823,40.84065192521424],[-73.78749166412584,40.84084234167426],[-73.78771665246705,40.840804270638486],[-73.78771346922072,40.840780754098105],[-73.78791889178488,40.840742771796606],[-73.78792536909036,40.84075515855158],[-73.78818132144553,40.840711080501535],[-73.78816355627843,40.84066155184459],[-73.78813910778531,40.84066398160794],[-73.78809400249324,40.840501796296174],[-73.78815921166512,40.84049077856722],[-73.78821083495573,40.84065297632442],[-73.78818800455072,40.840659121573076],[-73.78820578964998,40.84070246426414],[-73.78824000945202,40.840701289760126],[-73.78825453283457,40.84074586311868],[-73.78796596546518,40.840798542046],[-73.78795786196089,40.84078491614283],[-73.78777526956972,40.84081675335076],[-73.78778496347275,40.84084275703816],[-73.78752379733524,40.840879612687914],[-73.78757937523613,40.84093271049895],[-73.78778656795092,40.840892222013],[-73.78786404049687,40.8410817258351],[-73.78760640589596,40.841141885756684],[-73.78761237782592,40.84119800529605],[-73.78780098073926,40.84144046340624],[-73.78784487499318,40.84147147983599],[-73.78789698683862,40.84148023684238],[-73.78795239075858,40.84147910137599],[-73.78804369145296,40.84146194567784],[-73.78812190151476,40.84146208936992],[-73.78812391608882,40.841462525617956],[-73.788196801177,40.84147831310468],[-73.78823908235239,40.84150437725502],[-73.78825197587601,40.84152874537181],[-73.7883661747497,40.841504610514185],[-73.78837101202566,40.8415207055638],[-73.7882606446571,40.84154196286093],[-73.78826006848325,40.8415662871516],[-73.78826000546675,40.84158608571339],[-73.78825337746505,40.841620721231436],[-73.78823370218421,40.84165904580145],[-73.78820427907804,40.84168868962668],[-73.78816020303367,40.841714594533336],[-73.78811941308066,40.84173184311947],[-73.78805250551599,40.841763893213006],[-73.78802003550352,40.84178384145895],[-73.7880484708972,40.84185072312664],[-73.78829358843848,40.84178537313683],[-73.78830167638179,40.84180394882192],[-73.78805599070779,40.84186703017776],[-73.78823199262384,40.84219608477226],[-73.78838456613674,40.842381978370796],[-73.78843909037009,40.8424024985782],[-73.78850993801106,40.842391035327154],[-73.78852027082256,40.84241176595335],[-73.78883864895148,40.84235039596138],[-73.78884273257208,40.84236345457374],[-73.7885278086737,40.84242557689498],[-73.78871619613503,40.84265675381698],[-73.78876384724528,40.84265962534256],[-73.78879053510718,40.84272185515499],[-73.78876233407998,40.842751501355366],[-73.78884308883703,40.8430002463253],[-73.78889086172579,40.84307006434984],[-73.78905825501361,40.84323533177022],[-73.78961660328444,40.84311265436519],[-73.78965755656859,40.843231354561844],[-73.78978620461294,40.84320812565834],[-73.78977897832426,40.84317470214727],[-73.78983522236183,40.843165524137135],[-73.78985456556266,40.843232380061615],[-73.7899242492441,40.84322415424088],[-73.78991705673337,40.843179593293875],[-73.78992928728755,40.84317683131789],[-73.78991962151179,40.84314154804311],[-73.78990617379338,40.84314337954995],[-73.78988202767307,40.843049600792895],[-73.78993093388092,40.843042264866405],[-73.78995751500784,40.843138832800825],[-73.78994406956032,40.843139736065105],[-73.78995006819898,40.84317501383257],[-73.78996596076009,40.843173186772454],[-73.78999975309044,40.843307817243826],[-73.78995207552975,40.843313298934525],[-73.78993152902382,40.84324087300442],[-73.78986183858275,40.8432509541469],[-73.78988953603827,40.843380934467504],[-73.78973469326765,40.84341324747887],[-73.78974579972716,40.843447822588864],[-73.78989919889905,40.843417146659206],[-73.78990645143352,40.84344221745655],[-73.78975626839903,40.84347034066205],[-73.78977421223743,40.84351357465332],[-73.78980449502046,40.84358665628257],[-73.78974084707778,40.84359957047416],[-73.78933708725715,40.84368149805576],[-73.78931949144584,40.843749111652464],[-73.78933021337059,40.8437936779064],[-73.78936047257154,40.843843230845465],[-73.78942132625365,40.84383674251054],[-73.78946443345264,40.843945714547615],[-73.7893470202629,40.84397519852228],[-73.7893404709631,40.84398508505831],[-73.78934690532084,40.844011496094865],[-73.78947033356705,40.84428962481847],[-73.78947182214094,40.844292978352215],[-73.78959737629594,40.84450197311136],[-73.78990804558647,40.84489761090367],[-73.78992895494343,40.84492423756822],[-73.79001969152111,40.844928417157476],[-73.79019920190943,40.84518777788456],[-73.79049642768068,40.845492754712645],[-73.79066589001023,40.84574155883457],[-73.79085156066733,40.845698781641445],[-73.79098858375902,40.845652832062655],[-73.79101885992935,40.845697434744785],[-73.79069785364858,40.845786012551024],[-73.79096069596184,40.84623024627471],[-73.79090848534585,40.84625160108998],[-73.790940734436,40.84630082064047],[-73.79094673676954,40.84630998134607],[-73.79097333310666,40.846357311525146],[-73.79106349089012,40.84634616665461],[-73.7910642712526,40.84634607040156],[-73.79149076513552,40.84625100496542],[-73.79149937351545,40.846277419129365],[-73.79112759246645,40.84635759094971],[-73.79114478825129,40.84641701890141],[-73.79112476570171,40.84642747233168],[-73.79118128785345,40.84655567593],[-73.79126057441356,40.846549170068144],[-73.79131170561901,40.846537763900926],[-73.79132901030732,40.84656254319447],[-73.79141379114441,40.846547847033],[-73.79143108331746,40.846575927181775],[-73.79132451947136,40.846608732499405],[-73.79138070403268,40.84670617747245],[-73.79141982667437,40.84670129956052],[-73.7914803472568,40.84680205271392],[-73.79179343625451,40.84673167232948],[-73.79180418591467,40.84676798949441],[-73.79143363007182,40.84686479796901],[-73.79136709858446,40.846887642686],[-73.79137658530516,40.846927821044616],[-73.79138428282982,40.84695036962537],[-73.79148637416802,40.84695880376298],[-73.79144049688172,40.84730604398631],[-73.79169837795337,40.847252868927164],[-73.79169408366229,40.84723636206905],[-73.79177232700852,40.847228253279255],[-73.79192007100076,40.847228519879195],[-73.79191997810095,40.84725821803094],[-73.79174613599426,40.84726615386975],[-73.79171569758651,40.84727269885708],[-73.79171562526108,40.847295797102795],[-73.79142962756488,40.84735998917455],[-73.79141738478454,40.84748004656231],[-73.79151739185973,40.847460429197],[-73.79154104882261,40.84753801729846],[-73.79130570048282,40.84759286747178],[-73.79126708567196,40.84760186785688],[-73.79127720066779,40.84764642509237],[-73.79127932953888,40.84766309155032],[-73.79132975970043,40.84805792306448],[-73.79160687331743,40.84802650566658],[-73.79161765431445,40.84805292440802],[-73.79133588063222,40.848086238652606],[-73.79136288106794,40.84823230239046],[-73.79131020699877,40.84840049699934],[-73.79123086312458,40.84850103935618],[-73.79124475264261,40.84855222044734],[-73.79106000608506,40.84872508882878],[-73.79111195407879,40.848808127034346],[-73.7910972646854,40.848815524928206],[-73.79104432321175,40.84874079645016],[-73.79101783522134,40.84881166906448],[-73.79091971727904,40.848866873015986],[-73.79101362338832,40.8489852102196],[-73.79098057835537,40.84899999916956],[-73.79088710207208,40.84888656379928],[-73.79024725580997,40.84917884699007],[-73.7897571107061,40.8495314692878],[-73.78983383329343,40.84985897364498],[-73.78985836952175,40.849972559362044],[-73.79016063798868,40.849922539976696],[-73.79015633936457,40.84990768266886],[-73.79022591071276,40.84989460932106],[-73.79022586388017,40.84990945922701],[-73.79064976493049,40.84984423323775],[-73.79064762821827,40.849832679590364],[-73.79092590534482,40.84978203770662],[-73.79091297721067,40.84974736613855],[-73.7909477685762,40.84973917964398],[-73.79098877124811,40.849828349029764],[-73.79067569819729,40.849888827590426],[-73.79066056595522,40.84986405098393],[-73.79044102699407,40.84989170124885],[-73.79044531982218,40.849908207976085],[-73.79036705822561,40.849921265161726],[-73.79036275955549,40.84990640786159],[-73.79023451253238,40.84992267433156],[-73.79024098424524,40.84993753441509],[-73.79017140897511,40.849952257372976],[-73.79016710514126,40.84993905016681],[-73.78986630313811,40.84998939020077],[-73.79001758788995,40.85031633196268],[-73.79016816439426,40.850292130202845],[-73.7902008337725,40.85026744164841],[-73.79020729510388,40.850285601432596],[-73.79024642580437,40.85027907315169],[-73.790237870093,40.8502361610855],[-73.79028137292694,40.85022139018959],[-73.79025767031686,40.850158651269936],[-73.79035766981725,40.8501423346161],[-73.79040506054308,40.85027276271417],[-73.79014198665578,40.85032508060781],[-73.79015490797059,40.85036140235745],[-73.79022013429515,40.85034832110939],[-73.79022659043213,40.850368132166075],[-73.7900548453779,40.850397518037155],[-73.79005271916627,40.850382664680296],[-73.7901244688738,40.85036794642039],[-73.79011588587757,40.85033328317365],[-73.79002411829491,40.85034781958303],[-73.7900365416546,40.850434869361244],[-73.78989186585837,40.85046418078952],[-73.78988675879765,40.850547137537745],[-73.78991872482864,40.85061172713799],[-73.78996768522282,40.85060275441793],[-73.78997766948439,40.85062087941716],[-73.78992953626651,40.85062612255523],[-73.79003174223271,40.850768547814155],[-73.79007093170742,40.85093202010702],[-73.79024764837524,40.850903510523025],[-73.79025006400954,40.85091279590667],[-73.79007405920494,40.85093971531273],[-73.79008640021898,40.850984473853664],[-73.79026460471547,40.85095272938421],[-73.79026824507268,40.850961088073994],[-73.79009094385734,40.850994764403076],[-73.79012439171822,40.851189912194755],[-73.78951371516158,40.85130077171335],[-73.78956272464195,40.85148733682227],[-73.78966051794421,40.85147686132145],[-73.78966276217217,40.851488703321124],[-73.78978510702639,40.851462293880886],[-73.789776630324,40.85143721970887],[-73.78971059211985,40.851449164586526],[-73.78970213099691,40.85141945136578],[-73.78968379674485,40.85141941794203],[-73.78966571913854,40.85133864332759],[-73.78976843228764,40.85132398106973],[-73.78977935323186,40.85134905852434],[-73.78979525427958,40.851345375002495],[-73.78980855115411,40.85139180351475],[-73.78979509883271,40.85139456274802],[-73.7898108047847,40.85145213196707],[-73.7900578142692,40.85141453021126],[-73.79001797053547,40.8512594709597],[-73.79004975343726,40.85125767280967],[-73.79008961569983,40.851407163590004],[-73.79034518797937,40.851366793055185],[-73.79030285187707,40.851226578857435],[-73.79033709518069,40.85122014385123],[-73.79037943653302,40.8513585037242],[-73.79082454198961,40.851289706318575],[-73.79078463524452,40.85115413577399],[-73.79081765352956,40.851148627155986],[-73.79085756325732,40.85128326944483],[-73.79098717984299,40.851264015299236],[-73.79099076649098,40.85128907935011],[-73.79086603902753,40.85130834236304],[-73.79089018435656,40.8514039779405],[-73.7908596129088,40.85140856209517],[-73.79083302265286,40.85131385099834],[-73.79038545954286,40.851386356467835],[-73.7904108048791,40.851488489896845],[-73.79038756834584,40.85149308792237],[-73.79035488894863,40.851390941160474],[-73.79009442491898,40.851432229893206],[-73.79011618216886,40.85150929930613],[-73.790073380741,40.85151664642084],[-73.79005162420025,40.85143957700121],[-73.78966490344513,40.85150038213228],[-73.78972573712088,40.85169267056516],[-73.79014778434473,40.851607407184204],[-73.79017310700394,40.85166257915507],[-73.79089217930074,40.85154690354906],[-73.79091633421972,40.85163882596752],[-73.79019588667279,40.851752904563085],[-73.79021640272948,40.85183982678943],[-73.79024838262285,40.85183343543809],[-73.79023273612084,40.851756377166474],[-73.79045528741679,40.851723372003256],[-73.790463705281,40.85176700615418],[-73.79038421946397,40.85177985473827],[-73.79038660320028,40.85179934812675],[-73.79026555282711,40.85181490584821],[-73.79026673300343,40.85182790030769],[-73.7902948451226,40.85182795141315],[-73.79030685108064,40.851896650317755],[-73.79027873037282,40.85189938394895],[-73.79029928958948,40.85196902614959],[-73.79025566394581,40.8519760649299],[-73.79008396904106,40.85203452738238],[-73.7901550926101,40.852251285235994],[-73.79024346325298,40.85223063998693],[-73.79016095150018,40.85204023592853],[-73.79019520313294,40.852031017738256],[-73.79027404235775,40.85222327109275],[-73.79053212420663,40.85216341514791],[-73.79045200336085,40.8519897209505],[-73.79050704238176,40.85197775634546],[-73.79057493410295,40.85215328413453],[-73.79080610587764,40.85209987596794],[-73.79074309499363,40.851926212494575],[-73.79058037559459,40.85197788949161],[-73.79056092524321,40.851944443891554],[-73.79079463354844,40.85186134138597],[-73.79081896780879,40.85189665230224],[-73.79076267521064,40.85191882351928],[-73.79079446716632,40.851914240430965],[-73.79085380717721,40.85208882496862],[-73.79099692237003,40.85205288980381],[-73.79098719999038,40.852035239632805],[-73.79111196150576,40.85200576731125],[-73.79106594789556,40.851868329827866],[-73.79102069040403,40.85187938483941],[-73.79101097118439,40.851860805253125],[-73.79117366731116,40.85181655326966],[-73.79118338365927,40.85183605991422],[-73.79110265321702,40.851856331062905],[-73.79116692916885,40.852016074894976],[-73.79118770764545,40.8520161125069],[-73.79146293338876,40.85194514969686],[-73.79139621768194,40.85178354562028],[-73.79132894174211,40.85180012825659],[-73.7913204511751,40.851779696094376],[-73.79151738677945,40.85172993589111],[-73.79152343356787,40.8517503647953],[-73.79142679645503,40.851776175917344],[-73.79149596814213,40.85193407242149],[-73.79176994883001,40.85187053095148],[-73.79172750188728,40.85176465395933],[-73.79227187668211,40.851610648258266],[-73.79226217075832,40.85158742973],[-73.79248359357182,40.85152379140708],[-73.79249450978061,40.85155072509292],[-73.79229143993996,40.85160789923669],[-73.79229872412925,40.851623690084594],[-73.79176780605944,40.85177400770625],[-73.79180175231375,40.85186223511019],[-73.79204882760345,40.85180328466143],[-73.79205731457873,40.85182557326258],[-73.79016350155007,40.852271831585675],[-73.79017007126295,40.852280661153614],[-73.79113795170926,40.85205585257387],[-73.79120559068458,40.852197749784644],[-73.79133456753253,40.85216606767377],[-73.79134184579833,40.852183482881486],[-73.79121251169283,40.85221517641553],[-73.79122653385119,40.852258010503384],[-73.79136187979887,40.85222597753412],[-73.7913646086994,40.852232943085525],[-73.79123084007854,40.8522648060279],[-73.79123655971779,40.85228028988674],[-73.79318284075845,40.85180857187147],[-73.79308901965723,40.85158442975825],[-73.79311837183832,40.85157829524103],[-73.79322026048357,40.85182843708713],[-73.79315339612619,40.85184440453386],[-73.7932525807951,40.85191635273398],[-73.79323786787624,40.85193117467465],[-73.7931435368942,40.85187037215138],[-73.79312894073925,40.851848072676106],[-73.79124556783773,40.85230468141089],[-73.79138052695512,40.85260203830498],[-73.79340960300392,40.852109878159105],[-73.793383767393,40.85203283608569],[-73.79340987631169,40.85202188373056],[-73.79350762831913,40.852264043925004],[-73.79347862914321,40.85227279103725],[-73.79342400669033,40.852136302527796],[-73.79139106468679,40.85262807498608],[-73.79144640027788,40.85277157192439],[-73.79042053780161,40.85302297821269],[-73.79049879362893,40.85318872201622],[-73.79077127595484,40.853118526990826],[-73.79079150757708,40.85316339959232],[-73.79100586740208,40.85311769126212],[-73.79098982724432,40.85303599282694],[-73.79100777755541,40.85302860035542],[-73.79103033114743,40.85311154909037],[-73.79145436303713,40.853010847713776],[-73.7913897249528,40.852836253937284],[-73.79143702716637,40.852822727983664],[-73.79150327251574,40.85300474895982],[-73.79170223896095,40.85295808594583],[-73.79163107691954,40.85278471852558],[-73.79165554436234,40.85277733822669],[-73.79172995524623,40.8529544234903],[-73.79196318311136,40.852895448228935],[-73.7918936538656,40.852720846583225],[-73.79191649946218,40.85271098813861],[-73.79198928164561,40.85288807029822],[-73.79222413063728,40.85283157209447],[-73.79215297057404,40.852656968169576],[-73.79217580837809,40.85264958432178],[-73.79225186097393,40.85282296088493],[-73.79248669881495,40.852770173952386],[-73.79241717582832,40.85259309796973],[-73.79243675473343,40.8525857082062],[-73.79250954048048,40.85276155271456],[-73.79283083884894,40.852680460768084],[-73.79276455802382,40.85250833946987],[-73.79281511966919,40.85249481930909],[-73.79290086687061,40.85269543598251],[-73.79283890218414,40.85270769837358],[-73.79080758729921,40.85319906006449],[-73.79086201986841,40.85331978110372],[-73.7911143142938,40.853264451924886],[-73.79126573165874,40.85370686423337],[-73.79252408728894,40.853409920705055],[-73.79238610589385,40.853062093881746],[-73.79240931036925,40.853053336114954],[-73.79255598392581,40.853401178541],[-73.79297928311047,40.853302944909615],[-73.79284710092672,40.85295292945374],[-73.79287610048584,40.85294418132866],[-73.7930399117026,40.8533712492854],[-73.7930138163248,40.853377802404154],[-73.792999480554,40.853329379722304],[-73.79127368128135,40.85373220788182],[-73.79129041006182,40.853844574253365],[-73.79105721254825,40.853918412426836],[-73.79128417842,40.853861078984195],[-73.79129023495192,40.853878722994686],[-73.7924581684481,40.85360070875515],[-73.79248836752521,40.85367170890952],[-73.79246226638655,40.85367991150013],[-73.79244069248763,40.85363037509801],[-73.79107002765942,40.85394495666483],[-73.79108281745842,40.853963196532796],[-73.79138477253804,40.85389547867405],[-73.79158360989689,40.85389088823221],[-73.79171835293752,40.853917328780724],[-73.7917861117569,40.853993539900955],[-73.7918178199531,40.853989436670204],[-73.79181716188373,40.85398003873758],[-73.79251418368892,40.8538963082709],[-73.79250616578265,40.85385422192285],[-73.79253714604856,40.8538493278131],[-73.79256758944628,40.85401643494329],[-73.79253009854844,40.85401884218883],[-73.79251736175782,40.85392230044608],[-73.79182612163208,40.85400148723051],[-73.79182140042256,40.85399695489845],[-73.79179366809404,40.8540048299006],[-73.7919181173638,40.854222354743115],[-73.79133811791566,40.854439011538496],[-73.79129282160632,40.854584025977054],[-73.79186843464394,40.855416752369756],[-73.79207675667554,40.85564516770727],[-73.79250306685435,40.85578866613724],[-73.7924879115736,40.85594699321],[-73.79241821541393,40.855995344340826],[-73.79230720796731,40.85607235540841],[-73.79211616948496,40.85601261529184],[-73.79203322933732,40.856140523472014],[-73.79201712228527,40.85617694860646],[-73.79257074199646,40.85620600721396],[-73.79256814125975,40.856256118770155],[-73.79201050009051,40.85622512771863],[-73.79198719874006,40.85636551214265],[-73.79193700279743,40.85640515792235],[-73.79207000927919,40.856414965161655],[-73.79205892560435,40.85644139483672],[-73.79209740206089,40.856449816912374],[-73.79208814819965,40.85647764200957],[-73.79206981995931,40.85647552196785],[-73.79205778470703,40.856513086234706],[-73.79201746383646,40.856508141126355],[-73.79200911229945,40.85654014421016],[-73.79190832251761,40.85652395422964],[-73.7919018334025,40.85654691136823],[-73.7930513380812,40.856725961149785],[-73.79306886680173,40.85667979474327],[-73.7930949215236,40.856686441404335],[-73.79305685295346,40.85681616547472],[-73.7930307836123,40.856813917951726],[-73.7930483589582,40.856752353857914],[-73.79189422958875,40.85656888932982],[-73.79185937713584,40.856665924380835],[-73.7918421311268,40.85666118333658],[-73.7918284550688,40.85666814339481],[-73.79196180591408,40.85671685658538],[-73.79195628211181,40.85672450279376],[-73.79182299976162,40.85667610751297],[-73.79179264535283,40.85671985281931],[-73.79192955714267,40.856769001668646],[-73.79192219262924,40.85677873324129],[-73.79178502817669,40.8567308579453],[-73.79170704257358,40.856851842855214],[-73.79186032552957,40.85679280353217],[-73.7918822302671,40.856824165125346],[-73.79183633462834,40.85684287530337],[-73.79183269744581,40.85683312505882],[-73.79173546476552,40.85686642952846],[-73.79182143771003,40.856900242551916],[-73.79187172581227,40.85698428896403],[-73.79220265950248,40.85714600041052],[-73.79222842636995,40.857114724238954],[-73.79221469914035,40.85710704284589],[-73.79237484012394,40.85690617253157],[-73.79242794130647,40.856928542034424],[-73.79226687280277,40.85713289038627],[-73.79224490126386,40.85712310596922],[-73.79222189186386,40.857152298424865],[-73.79273719867784,40.85739366621687],[-73.79282713237976,40.85743578991807],[-73.79289753888756,40.85718939649079],[-73.79295400784763,40.85699178335135],[-73.79301264383005,40.85700302604341],[-73.79299628478083,40.85706359655071],[-73.79288403888904,40.85747920249383],[-73.79281074586504,40.857464221427435],[-73.79271730383833,40.85741901131991],[-73.79185978715203,40.85700410725963],[-73.79185432641995,40.857013797198306],[-73.79268338575484,40.85742039359287],[-73.79260923020631,40.857507704502495],[-73.79257669621389,40.85748784672512],[-73.7926355732806,40.857421956602785],[-73.79211266783624,40.85716693187052],[-73.79189451913076,40.85743712186542],[-73.79246516065282,40.85771533178427],[-73.79254150089487,40.85762472518398],[-73.79255162803088,40.85763007584042],[-73.79256970440599,40.85763962536249],[-73.79239521723282,40.85784554775238],[-73.79238725639975,40.85783947526817],[-73.79237353813318,40.857829010337845],[-73.79244336403542,40.857736741972026],[-73.79174254082349,40.85739395000432],[-73.7917578139993,40.857374179454176],[-73.7918728196394,40.85742718307695],[-73.79209332504095,40.85715798994739],[-73.79184303217382,40.85702870201153],[-73.7917397997259,40.8571783542774],[-73.79160393461318,40.85737531299264],[-73.79129378852147,40.85726323869826],[-73.79094202260366,40.85755274818905],[-73.79123307405831,40.857686570302654],[-73.79124452095031,40.85767421738007],[-73.79131613460314,40.85770528253121],[-73.79130630096425,40.85772258820159],[-73.7916366458796,40.85788281257107],[-73.7917560035163,40.85776052352328],[-73.7917852942325,40.857775425855735],[-73.79159890915145,40.857963177560265],[-73.79143695908105,40.85815468512328],[-73.79140929150854,40.858142260297925],[-73.79161866075827,40.85790134204828],[-73.79129321642519,40.85773741400049],[-73.79127850954808,40.85774976103014],[-73.79121179649876,40.85771499223199],[-73.79122161784531,40.85770139903998],[-73.79093222800584,40.85756778797329],[-73.79079067047185,40.857750350818044],[-73.79068061700995,40.857802790330055],[-73.79044190145542,40.857916534098834],[-73.79023592738763,40.85815408481143],[-73.79006133563244,40.85845954856141],[-73.79012538798082,40.85852210234245],[-73.79013640468453,40.85851724995606],[-73.79016016469429,40.85854165463304],[-73.79014637788677,40.85855276703357],[-73.79020122975736,40.85860158971066],[-73.79018745194999,40.858609917386396],[-73.79013351158875,40.85856248730996],[-73.79012065319684,40.858570120589285],[-73.79009141537634,40.8585387453295],[-73.79009877156537,40.85853179810422],[-73.7900459983775,40.85847540491228],[-73.78998909959745,40.858522794150694],[-73.78995301341584,40.85852433953408],[-73.78986698714367,40.85854593750965],[-73.78979896705044,40.85857884726208],[-73.7897469344116,40.85858922670216],[-73.78967686716796,40.85859796166597],[-73.78960780258296,40.85862523021964],[-73.78953453907206,40.85863798787776],[-73.78949941875767,40.85867015217817],[-73.7894389203076,40.85867326460341],[-73.7893879675827,40.85867800616801],[-73.78934121024665,40.85869806368377],[-73.78930719084605,40.85871733848636],[-73.78928285354573,40.85874011528737],[-73.78925804550593,40.858765216451964],[-73.78922202961881,40.85874251553153]]],[[[-73.76783205637173,40.85444220574227],[-73.76823126524461,40.85388788880753],[-73.7685566032706,40.853238322959626],[-73.76904438987118,40.85329092469381],[-73.76938529139694,40.85253613399701],[-73.76860817687106,40.850788395378316],[-73.76959674311463,40.84759451909839],[-73.76950321562752,40.84721783423538],[-73.76805636086223,40.845598218137674],[-73.76789492672812,40.84528943301722],[-73.76901389181107,40.84509734272204],[-73.76998042657765,40.845951412869724],[-73.77118378010564,40.84694451331228],[-73.77157218833237,40.84750005858057],[-73.77130772937942,40.848028774321996],[-73.7708892022117,40.84975177133818],[-73.7720496366846,40.85161828975761],[-73.7724689293816,40.85170914738949],[-73.77246651950135,40.85180956889413],[-73.77271117496133,40.851826580933874],[-73.77270912061607,40.85184766346167],[-73.77246594126491,40.85183368450245],[-73.77246052295433,40.85205954217388],[-73.77264417003316,40.85213898057891],[-73.772671305329,40.85209888878245],[-73.77272072829567,40.852119485230254],[-73.77271845211186,40.852127168754826],[-73.77291739323333,40.85217453742299],[-73.77291952247647,40.85215838342717],[-73.77296356611284,40.85215925395881],[-73.77296793744162,40.85219684538576],[-73.77294539162784,40.852210466947085],[-73.77287681617626,40.85219837376411],[-73.77287683950732,40.852191541178506],[-73.77270601491719,40.85214593507715],[-73.77264837746921,40.85222440262974],[-73.772904294762,40.852387192161416],[-73.7728907573129,40.85239826899842],[-73.77263935802992,40.85223036227616],[-73.7726325831005,40.85223803693261],[-73.77258429583127,40.85221402586805],[-73.77261479509698,40.85217650433549],[-73.7724594016319,40.852106266579796],[-73.77245149415467,40.85243589689374],[-73.77173060411904,40.8524768313193],[-73.7717171593653,40.85300453928204],[-73.77229680531372,40.85308637825256],[-73.77227577057597,40.85331813153651],[-73.77227536313346,40.853437135364054],[-73.77229293607876,40.85347977623925],[-73.77231266873179,40.853527653312995],[-73.77233735401518,40.85364194680023],[-73.7723620067985,40.85376576110137],[-73.77234917454994,40.85385142023427],[-73.77280751808918,40.85385063127582],[-73.77281122687661,40.85379708655058],[-73.77296285334867,40.853800062246656],[-73.77295817517044,40.85413743292356],[-73.77279597721942,40.854131758702096],[-73.77280008065787,40.85396307625681],[-73.77269430639828,40.85395751299723],[-73.77269448026055,40.85390663901353],[-73.77233272219733,40.85390084467542],[-73.77231116956533,40.853965589997195],[-73.7722877176082,40.85401044932712],[-73.7722291318756,40.85412251504395],[-73.77219724701617,40.85427953840129],[-73.77214036841814,40.854412712600784],[-73.77212722589734,40.85458881421408],[-73.77214547937614,40.854750697092946],[-73.77218226378271,40.85499353996765],[-73.77220024034158,40.855236346857176],[-73.77220606901119,40.85536488384118],[-73.77218644563024,40.855602855442385],[-73.77217269968459,40.855955083362005],[-73.77214690490916,40.856164481774904],[-73.77213970639943,40.85643579919985],[-73.77216934064688,40.85693567876579],[-73.772168182894,40.857273651899796],[-73.77215380205806,40.85781152614194],[-73.77216585105373,40.857954356085635],[-73.77216552491815,40.85804955953909],[-73.77219618881765,40.85824954915719],[-73.77220802669532,40.85845426144427],[-73.77220755388522,40.8585923056184],[-73.77218824023912,40.85873983463891],[-73.77218152925143,40.85886834678368],[-73.77219364526202,40.85899213624813],[-73.7722368970485,40.859177868773386],[-73.77235432710658,40.85967316198077],[-73.77219223055423,40.85998663859717],[-73.77084562360575,40.86010101285692],[-73.76947305424014,40.85933013666878],[-73.76836277290778,40.85835828885209],[-73.76836085918974,40.85765536320354],[-73.76533243995276,40.85504359512506],[-73.76783205637173,40.85444220574227]]],[[[-73.78457451654569,40.86053199775851],[-73.78449625510059,40.860472287571014],[-73.78443747236375,40.86021247958598],[-73.7844409500086,40.86010765363385],[-73.78435938203638,40.8601003528095],[-73.78433753932383,40.860062191305076],[-73.7843696069389,40.85985020398061],[-73.78440764395414,40.8597335294961],[-73.78446120057856,40.85966930013639],[-73.78453026895454,40.85965989838853],[-73.78456220588265,40.85948841378914],[-73.78460325538694,40.85940986671389],[-73.78458778895202,40.859340743033115],[-73.78464124478947,40.859307487018626],[-73.7846445909122,40.859243164339205],[-73.78471397657268,40.85913607850752],[-73.7847610860609,40.85912425379343],[-73.78481458722788,40.859076702651365],[-73.78487654337043,40.85905832709199],[-73.78486937655396,40.85903164563348],[-73.78497860300764,40.858947687190565],[-73.78511612202557,40.85890478343425],[-73.7851087348765,40.85884506507058],[-73.78514017041738,40.85879261247825],[-73.78525334195011,40.85875129573201],[-73.78530970019669,40.85879071306722],[-73.7853281136783,40.858919405522265],[-73.78537508088712,40.85895165644453],[-73.78548331012583,40.85896258024696],[-73.78556784113202,40.85902349202585],[-73.7855629729891,40.859073516773314],[-73.78567111032355,40.85911302965163],[-73.78573199173253,40.8592096362036],[-73.7858215200494,40.85918121250968],[-73.78588258583176,40.85922063829958],[-73.78607540488525,40.859274602883524],[-73.78621664295056,40.85926771744504],[-73.78636744235834,40.85921438869049],[-73.78660807970739,40.85903614203593],[-73.78660836637704,40.85894679682781],[-73.78654275286385,40.8588573292113],[-73.78657601304653,40.85876089726763],[-73.78669393087422,40.858686064557176],[-73.78679258524701,40.858747002053555],[-73.7868633174421,40.85870782146664],[-73.78700899778488,40.85878314010175],[-73.78726083742153,40.85883084826399],[-73.78727504379454,40.858854636519446],[-73.78736638521627,40.85882749619117],[-73.78748259203486,40.85882786174121],[-73.78758926504298,40.8588040815219],[-73.78773372273469,40.85877099157831],[-73.78759848148124,40.85886604489265],[-73.78748048684874,40.8589968271017],[-73.78747846608492,40.85915898009511],[-73.7873713217297,40.85924683630829],[-73.78734283538122,40.85932302516707],[-73.7871569098527,40.859565703707815],[-73.78716621008341,40.85960145969141],[-73.78711182162428,40.859699399217774],[-73.78714096104935,40.85973145619751],[-73.78712205509541,40.85975524703267],[-73.78707169309541,40.85980280553296],[-73.78701808613862,40.859883713319924],[-73.78700848029298,40.85994325962593],[-73.78703656360081,40.859993345250906],[-73.78703014968066,40.860036219465236],[-73.7870519342239,40.86009344068743],[-73.78704544401347,40.86016014047591],[-73.78700130484604,40.860224388411744],[-73.78691957459877,40.86026712355165],[-73.78681913203756,40.860274085740244],[-73.78670929003565,40.86027626508824],[-73.78665607160664,40.86023566316362],[-73.78661512272824,40.86028323936982],[-73.7864864746884,40.860278235489595],[-73.7864362036492,40.86029720278587],[-73.78631058562058,40.860325561792834],[-73.78621640266633,40.86033729992505],[-73.78610346032411,40.860327559843064],[-73.78602510708401,40.86029644111234],[-73.78591840310548,40.86029862602971],[-73.78579907682291,40.86032223027418],[-73.78570166467097,40.86036255258112],[-73.78560747387554,40.860376673058184],[-73.78550707557231,40.86036933872473],[-73.78547558026418,40.86040501849006],[-73.78542845373684,40.86042160934308],[-73.78520891468817,40.860380696648456],[-73.7850925721168,40.86045195764981],[-73.78502653305509,40.86049472067589],[-73.78488543868433,40.860456335852824],[-73.784838405796,40.860444335546944],[-73.78480689335031,40.86048478047558],[-73.78473782261226,40.860494182384826],[-73.78468435198889,40.86053220278355],[-73.78462787304363,40.86052971484859],[-73.78457451654569,40.86053199775851]]],[[[-73.77321845469882,40.860794463857],[-73.77326219958742,40.860630611649825],[-73.77339678514288,40.86073948468019],[-73.77333634590616,40.86085386036116],[-73.77321845469882,40.860794463857]]],[[[-73.7751378266812,40.86118467534837],[-73.77516742171268,40.86117626838652],[-73.77519080850668,40.861180689507464],[-73.77521233827463,40.86118550236148],[-73.77523206567858,40.861192356996874],[-73.77525088505807,40.861202617123894],[-73.77526521436943,40.861212869004824],[-73.77527954829246,40.86122175741775],[-73.77529297955125,40.86123200821606],[-73.77530191604177,40.86124429388063],[-73.77530545442977,40.86125997746856],[-73.7753054060716,40.8612742904288],[-73.77530443892574,40.861294736651345],[-73.77530528862722,40.861309051360394],[-73.77530522414597,40.861328136368115],[-73.77530517118274,40.8613438122917],[-73.7753033342717,40.86135607764485],[-73.77529520995762,40.86136901190442],[-73.77529156793233,40.86138399968678],[-73.77527711947938,40.861409190391036],[-73.77527704577659,40.861431001995534],[-73.77527340232487,40.86144667092562],[-73.77525273004983,40.861453446360095],[-73.7752311396364,40.86146635488614],[-73.77522481965403,40.861477247861686],[-73.77519783801087,40.86149150901848],[-73.77518699402977,40.86151261714633],[-73.77517525592606,40.86153236005572],[-73.77516262896701,40.8615493756219],[-73.77515720845145,40.86155958852513],[-73.77515266437278,40.861575938187435],[-73.77513862733318,40.86159428114081],[-73.77493188967567,40.86155230236164],[-73.77492928975391,40.86152574663294],[-73.77492845924786,40.8615059787288],[-73.77492942815391,40.861484851864766],[-73.77492858842464,40.86146780938494],[-73.77492862302375,40.861457585985946],[-73.7749268524924,40.861450085680836],[-73.77492058397345,40.86144530204357],[-73.77491790681941,40.8614405254121],[-73.77491794834289,40.86142825656266],[-73.77492784743957,40.861421459670694],[-73.7749287867994,40.86140919324277],[-73.77493509683356,40.861401708700186],[-73.7749432115575,40.86139149988969],[-73.77495940759927,40.861380626192435],[-73.77497201524237,40.86136906434313],[-73.7749854888787,40.86136704582662],[-73.77500438446646,40.86135413142116],[-73.7750133716438,40.861351423503805],[-73.77502326610856,40.86134598956703],[-73.77503944137759,40.861341249696956],[-73.77505473165346,40.86133310083533],[-73.77506102234324,40.861331068305766],[-73.77507096157976,40.8613120032192],[-73.77508178153484,40.8612983919062],[-73.77510007843742,40.86128378399385],[-73.77510436129405,40.8612582220323],[-73.77510711704002,40.86123982476153],[-73.77510807711035,40.86122142332042],[-73.77511532368617,40.8612023529812],[-73.77512255323983,40.86118805452003],[-73.7751378266812,40.86118467534837]]],[[[-73.77460156350928,40.862069047459904],[-73.77458187384889,40.86204989320594],[-73.77457833789833,40.862033528451384],[-73.77457032723042,40.86201306519932],[-73.77457307831446,40.861996030906674],[-73.77457403579132,40.86197831128832],[-73.77457410741187,40.8619571821732],[-73.77458855460326,40.86193267270739],[-73.7745975950085,40.86191428823102],[-73.77461024990187,40.86188909343969],[-73.77462471323109,40.86185981376474],[-73.77462479638616,40.86183527623549],[-73.77463383677213,40.86181689058324],[-73.77465542355883,40.86180466448607],[-73.7746683104276,40.86179715159252],[-73.7746895827087,40.861791781115215],[-73.77471472524364,40.86179046656755],[-73.77473987425984,40.86178710790343],[-73.7747565754453,40.86178432318587],[-73.77477365078462,40.86178363731909],[-73.77479064576718,40.86178506855968],[-73.77480710802165,40.861788578810724],[-73.7748225993564,40.861794074636684],[-73.77483670742355,40.86180140974986],[-73.7748490566945,40.86181038890453],[-73.77485931845612,40.861820773093804],[-73.77486721955964,40.8618322859115],[-73.77487254969277,40.86184462090939],[-73.77486709592125,40.86186437655087],[-73.77486614039287,40.86188141385183],[-73.77487686060509,40.861897111967046],[-73.77487680292609,40.86191415101974],[-73.77487587189495,40.86192369135012],[-73.7748685983656,40.86195094096161],[-73.77486136712426,40.86196524107714],[-73.77485681624742,40.86198363433453],[-73.77483701776839,40.86199790992519],[-73.7748091371035,40.86201216806323],[-73.77478574578609,40.86202711778391],[-73.77477043454246,40.86204140094907],[-73.77474885077193,40.862052264100875],[-73.77472549317646,40.862056989907124],[-73.77470842425795,40.86206036501563],[-73.77467968098951,40.862064397972624],[-73.77466262361563,40.86206436466092],[-73.7746446734507,40.86206296713311],[-73.77462582015784,40.862062930308255],[-73.77460156350928,40.862069047459904]]],[[[-73.78312589594476,40.86285616730087],[-73.7831088609258,40.86283947439006],[-73.78308802390757,40.86283943521938],[-73.78307171542986,40.86284009241091],[-73.78305814187065,40.862835252597925],[-73.78303551097545,40.86282970806792],[-73.78301654119176,40.862813165124344],[-73.7830102575906,40.862795271002724],[-73.78300940115757,40.86278013832703],[-73.78299672466245,40.86277805109854],[-73.78297408257099,40.86277594495685],[-73.78296318511775,40.862784177843245],[-73.7829558947177,40.86279723281176],[-73.78293775624506,40.862803388016346],[-73.78292783598303,40.862789613992085],[-73.78291618674585,40.862750388876385],[-73.78291897441507,40.86272907205451],[-73.78292445681234,40.86271463982574],[-73.78291186723298,40.86268572853984],[-73.78290014705881,40.862668512034574],[-73.78289118224538,40.86263960823649],[-73.78289306367382,40.86261829037964],[-73.78290218565189,40.86259904953445],[-73.78290043669504,40.862579788904576],[-73.78290505414365,40.862552973547935],[-73.7828996766172,40.862535081124165],[-73.78289883055704,40.86251650937462],[-73.78289979786094,40.8624979410371],[-73.78290619366294,40.8624814464692],[-73.78290536622264,40.862457373279796],[-73.78289634979627,40.86244428763167],[-73.78288188625069,40.86243463149467],[-73.78288192666928,40.862422251242165],[-73.78288197831175,40.862406433091465],[-73.78289744217317,40.862387203677116],[-73.78289839828749,40.8623713865581],[-73.78289575072031,40.862350060178294],[-73.7828903208136,40.862317194228204],[-73.78290913725274,40.862317727513336],[-73.7829430212839,40.86232274108136],[-73.7829691084348,40.862319820295816],[-73.78297566695083,40.862307953533964],[-73.78299917499666,40.86229611982319],[-73.78302916358793,40.8622961762199],[-73.78305399875154,40.86227741454231],[-73.78305278875975,40.86224870475341],[-73.78304897317251,40.86221900100572],[-73.78301584621562,40.86219472769895],[-73.78303721101206,40.862173883880914],[-73.7830432358342,40.86216800508014],[-73.78308042402058,40.86217055518815],[-73.78308699864478,40.8621537391327],[-73.78308839527007,40.86212394684822],[-73.78310610268183,40.862106670424964],[-73.7831450428813,40.86206867890583],[-73.78315761269366,40.862090519128564],[-73.78317971460648,40.86211035826831],[-73.78319658363783,40.86213513789353],[-73.78319519264798,40.86216186266512],[-73.78318859891114,40.86218461706729],[-73.78318983477908,40.86220540722554],[-73.78319889402896,40.86222621208405],[-73.78320536214062,40.862242062253486],[-73.78320916011666,40.86227671645251],[-73.78321820970366,40.86230049047928],[-73.78323379517953,40.86231932763491],[-73.78323505687578,40.86233219883277],[-73.78322848616143,40.86234802450393],[-73.78321931974057,40.86235988638019],[-73.78321923261986,40.862386613098224],[-73.78322046681986,40.86240839298154],[-73.78322562653814,40.86242523109056],[-73.78322558459124,40.862438099839025],[-73.78322682047566,40.86245888999585],[-73.78320980870355,40.862477666409745],[-73.78319152877911,40.8624855505671],[-73.78317453767914,40.862498387465656],[-73.78317316493448,40.86251917272076],[-73.78317178126734,40.86254391687262],[-73.78315909842459,40.86257268565214],[-73.783159423968,40.862584371536734],[-73.78313379182322,40.86259829064151],[-73.78312068770416,40.86261806361327],[-73.78314283174262,40.86262503451282],[-73.78316056266704,40.862625217099925],[-73.78318585916101,40.86262511537403],[-73.78321713842091,40.8626291335669],[-73.78323014894237,40.862638067417656],[-73.78324441706707,40.862660861012934],[-73.78325863057353,40.86270048392301],[-73.7832585692753,40.86271929218316],[-73.78323114284134,40.8627330987134],[-73.78321153015568,40.86274989011154],[-73.78323629034399,40.86275389621774],[-73.78324935830416,40.86274501203077],[-73.78326241313788,40.862740086734995],[-73.78327150474333,40.86275099251045],[-73.78328057699733,40.86276783746242],[-73.78328053506085,40.862780706210124],[-73.78326872514111,40.86280345182201],[-73.7832530924721,40.86279946303693],[-73.78324136063814,40.86279845059842],[-73.78322307739924,40.862807325656306],[-73.78320868897492,40.86282115717843],[-73.78318905689552,40.86284388758209],[-73.78316714445815,40.862861217092394],[-73.78312589594476,40.86285616730087]]],[[[-73.78401249138903,40.86313199407458],[-73.78395232143458,40.86313026431993],[-73.78389534027667,40.86313015761142],[-73.78387081440881,40.863139410738945],[-73.78386118865099,40.863151521581806],[-73.78385122027875,40.863156005271634],[-73.78383612396978,40.863162794864465],[-73.78381322544635,40.86316275196279],[-73.78379568035888,40.8631538245917],[-73.7837787415074,40.863145959950884],[-73.78375633278242,40.863135557293155],[-73.78371746749234,40.863132654639124],[-73.78369885872442,40.86313488902999],[-73.78368763328497,40.863136237658416],[-73.78366256726542,40.86314791496774],[-73.78363488084095,40.863146245278344],[-73.78360828124866,40.86313811003812],[-73.78359127698181,40.86312675790882],[-73.78356481886246,40.863116312438834],[-73.78355166102793,40.86310968179952],[-73.7835410529967,40.863095506325],[-73.78353843789931,40.863080334672574],[-73.78353980995013,40.86306820518949],[-73.7835425231177,40.86305304303033],[-73.78354391074059,40.86303585771503],[-73.78356394999348,40.86301668403851],[-73.78358659292192,40.863015715840675],[-73.78361720203176,40.86302285078365],[-73.78364647814529,40.863029983219015],[-73.78368644190898,40.8630270246315],[-73.7837077989782,40.86301189859238],[-73.7837185262937,40.86298967441846],[-73.78374256752922,40.862968487040604],[-73.78377317859757,40.86297461077366],[-73.78380117343677,40.86296657452466],[-73.78379858786646,40.86294230372268],[-73.783777332747,40.86292608664416],[-73.78376405410621,40.86291392852958],[-73.7837507750274,40.862901770915215],[-73.78372021660923,40.86287946885291],[-73.78369627734214,40.862869313594096],[-73.78367633617862,40.86285815415136],[-73.7836724235964,40.86283286968573],[-73.78368048381525,40.86281165168652],[-73.78368722462388,40.862786387863956],[-73.78369528417225,40.862765169359676],[-73.78371130197182,40.862754077328944],[-73.78372199876624,40.86274095348006],[-73.7837274184065,40.86271265366137],[-73.78372750718717,40.862685353849876],[-73.78373688873616,40.86266717183997],[-73.78375691707438,40.862651032128184],[-73.78375829499413,40.86263687913532],[-73.78376770348979,40.862610608464536],[-73.78379307646343,40.86258942357078],[-73.78382641096425,40.86257735279904],[-73.7838597152167,40.86257438167458],[-73.78388769190262,40.86257140123208],[-73.78389574150191,40.86255321671424],[-73.78389450817899,40.86252288157868],[-73.78391453469666,40.862507752338175],[-73.78393983203304,40.862509822056886],[-73.78397177545816,40.862515948735656],[-73.7839891241564,40.8625048596605],[-73.78401316513425,40.86248367105169],[-73.78403314760357,40.86248168611126],[-73.7840757656106,40.862481765874456],[-73.78410369695534,40.86249294087028],[-73.78413030582986,40.86250107869537],[-73.78416090425225,40.86251124749479],[-73.78418483033813,40.86252544665258],[-73.78420876955245,40.8625356029833],[-73.78423274486083,40.86253463664817],[-73.78425940296712,40.8625276084578],[-73.78430733389965,40.862531742591315],[-73.78432861001875,40.862541893416186],[-73.78435921788525,40.86254902866348],[-73.78440446211651,40.86256023476898],[-73.78444173884387,40.86256434843562],[-73.78447101878139,40.862570469999945],[-73.78449766115587,40.862568497419375],[-73.78452699591023,40.86255743014725],[-73.7845523718973,40.86253523392006],[-73.78458968070763,40.86252923671301],[-73.78463228171132,40.86253437193303],[-73.78466024197701,40.86253644646425],[-73.78469165850701,40.862542789908396],[-73.78469476742643,40.862567854892184],[-73.78468005226556,40.86258804870118],[-73.78467197341281,40.86261533309954],[-73.78465196734292,40.86262439547521],[-73.78464133697304,40.86262286172361],[-73.78463066822701,40.8626213223711],[-73.784602707706,40.86261924783233],[-73.7845773613989,40.86263234491492],[-73.78454667485435,40.86264947603941],[-73.78454392939913,40.86267474804299],[-73.78453980858083,40.862713161880535],[-73.78453969720576,40.86274753851567],[-73.78454650079381,40.86277376480691],[-73.78456087516444,40.86278802244012],[-73.78456744948141,40.862814322347205],[-73.7845673217424,40.8628537548126],[-73.78455255057246,40.86289113759104],[-73.78452979565638,40.86292648311385],[-73.78451638211669,40.86295577921187],[-73.78449501214256,40.86297495006547],[-73.78447228643577,40.8630011964209],[-73.78444824869834,40.863021372784544],[-73.78441622565995,40.86303951254905],[-73.78439355912623,40.863047558903894],[-73.78435811804623,40.863073517961006],[-73.78432954841448,40.8630737275747],[-73.78430301799293,40.86304132331709],[-73.78429374826942,40.863025128739245],[-73.78427247111613,40.863014978577326],[-73.78425378453589,40.863028086867025],[-73.78422440861448,40.86305128789192],[-73.78419106476986,40.86306639110451],[-73.78416702363826,40.86308757974818],[-73.78416827678535,40.86311184804854],[-73.78420682075343,40.86313618609783],[-73.78425470292191,40.86315548573415],[-73.78427596567165,40.86316968106363],[-73.78428784760233,40.86318533004366],[-73.78428650500058,40.863205088780745],[-73.78426981898308,40.86321401741441],[-73.78425664943349,40.86321613977262],[-73.78423747960268,40.86321610392707],[-73.78421458891884,40.86321323131169],[-73.78418478751627,40.86320711088588],[-73.78416434113913,40.86319939955864],[-73.78414276900331,40.8631912649675],[-73.78410980767806,40.86317422294262],[-73.78408589281415,40.863159219009106],[-73.78404441686625,40.863140140362475],[-73.78401249138903,40.86313199407458]]],[[[-73.76963544622434,40.865542561079906],[-73.76994076930143,40.865523409999426],[-73.76977692817692,40.86568655790004],[-73.76944774766791,40.86576135090618],[-73.76963544622434,40.865542561079906]]],[[[-73.76692046625034,40.867049555851395],[-73.76722845921526,40.86692866789127],[-73.767123805844,40.867238188474154],[-73.76668098944248,40.867320683637594],[-73.76692046625034,40.867049555851395]]],[[[-73.77171762410595,40.87162118852291],[-73.77223564721527,40.871563993068285],[-73.77263488154172,40.87188020876713],[-73.77157057963991,40.871857949809595],[-73.77115806784697,40.87180498047058],[-73.77084864530934,40.87162776347454],[-73.77171762410595,40.87162118852291]]],[[[-73.77483042594686,40.87402873643642],[-73.77493941015999,40.87391868554238],[-73.77504980563911,40.873937718510874],[-73.7750986232066,40.87402878349381],[-73.77508889969181,40.87416568065063],[-73.77505906798629,40.87430822518778],[-73.77511836277873,40.87438834383393],[-73.77513690028573,40.87455444644262],[-73.7747807296371,40.87476726816389],[-73.77467379743139,40.8747905574114],[-73.77464371400303,40.87470931153508],[-73.77470462612145,40.87457977349043],[-73.77451430822582,40.87449818449205],[-73.77454436919932,40.874286311038176],[-73.77475466547281,40.87415772575362],[-73.77483042594686,40.87402873643642]]],[[[-73.78194122868925,40.87521595122493],[-73.78199556896487,40.87515896348627],[-73.78195660064013,40.87511550168826],[-73.78198695483078,40.87503334919445],[-73.78203527800056,40.8749763507383],[-73.78208620396805,40.87504267101848],[-73.78213787496449,40.87502908678764],[-73.78213983373824,40.874745965350655],[-73.78203308539688,40.874727435230234],[-73.78206650026371,40.87462930275428],[-73.78212699063377,40.87453122255998],[-73.78215990399929,40.87458609092448],[-73.78223807922573,40.874599940023494],[-73.78231632836336,40.87459095327975],[-73.78241250811136,40.87461853777849],[-73.78252682207763,40.87462103676623],[-73.78259880880712,40.87468739718064],[-73.78265785361069,40.874792656191694],[-73.78262393009697,40.87485820159454],[-73.78263986949881,40.87487845133502],[-73.78261138528606,40.874949873976114],[-73.7825261377403,40.87510267395158],[-73.78244064983123,40.87521232663188],[-73.78236527746738,40.87517533192106],[-73.78225475043425,40.87516077255353],[-73.78213695926486,40.875161514171474],[-73.78209638902854,40.875210507301304],[-73.78203769672622,40.87530474553701],[-73.78202613913511,40.87538334787791],[-73.78192813702833,40.87540460586876],[-73.78198145063529,40.87522744459569],[-73.78194122868925,40.87521595122493]]],[[[-73.7819018153177,40.87641936622736],[-73.78183290468851,40.87640876879347],[-73.78179773906247,40.87642868363669],[-73.7817602138885,40.87640387369489],[-73.78166863857506,40.87642368181051],[-73.78165999840893,40.87638275194845],[-73.78171693216893,40.87622300718711],[-73.7817195526909,40.87618875834317],[-73.78177336128749,40.87621740488352],[-73.78179836669786,40.876237433660194],[-73.78179445558845,40.87628309861295],[-73.7818671375582,40.87629084759854],[-73.7819160540748,40.8762823765975],[-73.7819713350504,40.8762444219609],[-73.782017747232,40.87623499431873],[-73.7820678796388,40.87623794292492],[-73.78210659338829,40.87628273650633],[-73.7821064873703,40.87631508754503],[-73.78215525981061,40.87635038478388],[-73.78217460499782,40.87640199967503],[-73.78220080379837,40.876434202682404],[-73.78210634442799,40.87652336984481],[-73.78198939823828,40.876469960543325],[-73.7819018153177,40.87641936622736]]],[[[-73.78129458150686,40.875944902905566],[-73.78142242881238,40.87576633940415],[-73.78146273943972,40.87585890111518],[-73.78147321282499,40.87596784821425],[-73.78151357091939,40.876046023437105],[-73.78149444248601,40.87609942376825],[-73.78139949796444,40.876152680007195],[-73.78136415592812,40.87619577289311],[-73.78138017887291,40.87626362584663],[-73.78143445960553,40.8764031473165],[-73.78139551937315,40.87653905698293],[-73.78133750338584,40.87657872444587],[-73.78120581379403,40.87659007834781],[-73.78120902883853,40.876435941509456],[-73.7812068417753,40.87627768457893],[-73.78123140006903,40.876220184073546],[-73.7812398408575,40.876123604193836],[-73.78130514926951,40.876025076916726],[-73.78129458150686,40.875944902905566]]],[[[-73.78352831439575,40.87724086715855],[-73.7835001052263,40.877197777881605],[-73.78346074457194,40.877230808954344],[-73.78341730782155,40.87717610468099],[-73.78345897369205,40.87710500730758],[-73.78350706239856,40.87707033814963],[-73.78352912275152,40.87699258261733],[-73.78358389357413,40.8769148890949],[-73.7835602079533,40.87682215059617],[-73.78366550670033,40.87663033985502],[-73.78374992090077,40.876539008470424],[-73.78384032438835,40.876519766758555],[-73.78389461027012,40.87659104348924],[-73.78393806382789,40.876640782401225],[-73.78395749657243,40.876700407941854],[-73.78388979207132,40.87673173046792],[-73.78389845603023,40.87674995394614],[-73.78400493947044,40.8768643657194],[-73.78390635026432,40.877004876648904],[-73.78386001708378,40.87717031330623],[-73.78379898274656,40.87716192317094],[-73.78374857829343,40.87723797001259],[-73.78374842216927,40.877285971801314],[-73.78370226697704,40.8773967864622],[-73.78363874012419,40.87748439506101],[-73.78355581816477,40.87750079186346],[-73.78348611016285,40.87747748813375],[-73.78344706652793,40.87741286067435],[-73.78352831439575,40.87724086715855]]],[[[-73.785251347366,40.879908803063],[-73.78521002400615,40.87989695415194],[-73.7851771772514,40.87992828633479],[-73.78513586168751,40.87991382053409],[-73.78509637250403,40.87986796496881],[-73.78504986960525,40.8798587220605],[-73.78501031195553,40.87983379516076],[-73.78501218289891,40.879788015934196],[-73.78503639048569,40.87976320780687],[-73.78507608896547,40.879744969126016],[-73.78514159504321,40.87973985801015],[-73.78516048905246,40.87975951448896],[-73.78522760394873,40.87978972453548],[-73.78527591910048,40.87977150182072],[-73.7853499785478,40.879786028475664],[-73.7854378807475,40.87978357622357],[-73.78546380817913,40.87976007872163],[-73.78550507219748,40.879790240549966],[-73.78557228075316,40.87979167362656],[-73.78566179687542,40.87982323372804],[-73.78567549107373,40.87985203677247],[-73.78542670816626,40.88004124410342],[-73.78536300205946,40.880022812526576],[-73.78529604249744,40.87994420443466],[-73.7852547266772,40.87992973867615],[-73.785251347366,40.879908803063]]],[[[-73.78483587809545,40.88055827447181],[-73.78469158854602,40.88052464953575],[-73.78451226057273,40.880659209091064],[-73.78443476167766,40.88062693763666],[-73.7844718979462,40.880509944071804],[-73.7843968686713,40.880414501918146],[-73.7842652131063,40.88035707508814],[-73.78411450563539,40.88036632400106],[-73.78398549646082,40.880472385865964],[-73.78382241823431,40.88042442926224],[-73.78376642609949,40.88026707567885],[-73.7838106213151,40.88019091739252],[-73.78369456618952,40.88015110821211],[-73.78366676633074,40.88002386958654],[-73.78370155778747,40.87993192593837],[-73.78384124933731,40.879904861964526],[-73.78395286850153,40.879875215173655],[-73.78396895307013,40.87976712020163],[-73.78406640087343,40.879713414752096],[-73.78414781497086,40.8797755132246],[-73.7840960101388,40.87987341362928],[-73.78416304840188,40.879929496245246],[-73.78412185173138,40.88003754494123],[-73.78432850433249,40.880199944686545],[-73.78451674116086,40.88023365214141],[-73.78463310563362,40.88017815905152],[-73.78469285391463,40.88013391344228],[-73.78475554227434,40.880162621364796],[-73.78480853945443,40.88028808422195],[-73.78479888799157,40.8803485407047],[-73.78491806558954,40.88038211871265],[-73.785091133701,40.880264784652795],[-73.78526652145354,40.88038900461633],[-73.78534770673647,40.88052257751909],[-73.78518901749193,40.880694525766565],[-73.78495773470225,40.880745811768094],[-73.78483587809545,40.88055827447181]]],[[[-73.81940651728573,40.89026043427482],[-73.81827738034055,40.88984713052758],[-73.81760626847706,40.889677023793894],[-73.81661400947539,40.889433427505544],[-73.81601699492089,40.889323833843214],[-73.81574261438452,40.88919733690446],[-73.81533047562158,40.889082505732354],[-73.81524197077452,40.889060148589934],[-73.81516854859295,40.88903776225961],[-73.81365108363869,40.888678450576116],[-73.812281112953,40.888343487316284],[-73.81126834832965,40.888098906475605],[-73.80989822384873,40.887740542007236],[-73.80943273248555,40.887638406933384],[-73.80872106080291,40.8874805983771],[-73.8075594419275,40.887108891601116],[-73.80637968629173,40.88682937918248],[-73.80483870702065,40.88647396409817],[-73.80452614949355,40.886409248342524],[-73.80423761725051,40.886341682386224],[-73.80290946421202,40.886030680335764],[-73.80192449949922,40.88571296802453],[-73.7993020621208,40.88506905485776],[-73.79772783081411,40.88464812956467],[-73.79732759318267,40.88454106116818],[-73.79628181547825,40.884290883524145],[-73.79486901056426,40.88391531733435],[-73.79405517396096,40.883699966781215],[-73.79385527142851,40.88364331133247],[-73.79300652649187,40.883358737383126],[-73.79322870882157,40.88282259540726],[-73.7935874192984,40.88251752388345],[-73.7937923749044,40.88197032676515],[-73.79491705586517,40.88054379148768],[-73.79554579908852,40.88069101537513],[-73.79502596232832,40.87974779721189],[-73.7962509753578,40.87701199977876],[-73.79712701174662,40.876190400904136],[-73.7972039970304,40.87578579298412],[-73.79743815457286,40.87513533295332],[-73.7985533078771,40.87440142827465],[-73.79891245463618,40.874645893143104],[-73.79981389580328,40.87415984971642],[-73.79987713793562,40.873484667292786],[-73.80027274375148,40.87282095182445],[-73.80035444559046,40.872730191592716],[-73.8003496779095,40.872629219453145],[-73.80047663437435,40.87254277676038],[-73.8005122388969,40.87244455830998],[-73.80047546648998,40.87231572935741],[-73.80058113680805,40.87210983935597],[-73.8005724562112,40.871988998731645],[-73.80065920852394,40.87184321729533],[-73.80065543734317,40.871792582077454],[-73.80069097044735,40.87171818909338],[-73.80073500101737,40.871715407353655],[-73.80076443821386,40.871595537175644],[-73.80080515564886,40.871494061246516],[-73.8008681538326,40.87150704262819],[-73.80095913173703,40.87140843642696],[-73.8011078060422,40.87139726282698],[-73.80118227005426,40.871424194696445],[-73.80135609496114,40.87128571109452],[-73.80145025762086,40.87128527693258],[-73.80153512824918,40.87124253697802],[-73.80178517404362,40.87106784933856],[-73.80196454528554,40.870910908421116],[-73.80191290649508,40.87086078612265],[-73.80199312315857,40.87080016930738],[-73.8020918507461,40.87084679823047],[-73.80208263753121,40.87077888022802],[-73.8020545070841,40.87073951895983],[-73.80213926053237,40.87073609137556],[-73.80219608545275,40.87062539946588],[-73.80221272869265,40.87050527863459],[-73.80207888724044,40.87045722879932],[-73.80211679577965,40.87037509550579],[-73.80233081193205,40.870397697672516],[-73.80253055962332,40.870215713535785],[-73.80256683612414,40.870158643639066],[-73.80267298767224,40.87015447044159],[-73.8027590760358,40.86970074110639],[-73.80270283604708,40.869614873039374],[-73.80268430202305,40.86951477449436],[-73.80268939134558,40.869386125307074],[-73.80260477623499,40.86934309462904],[-73.8026849489042,40.869296771673234],[-73.80264282203973,40.86921450181139],[-73.80269494722634,40.86910022798413],[-73.80276086752721,40.86909676707233],[-73.80277547772118,40.868932395392925],[-73.80297847593458,40.86874332976194],[-73.80314755852677,40.868808796793566],[-73.80325019879045,40.86891189816725],[-73.80335043989207,40.86897687476062],[-73.80344111177718,40.8688817265773],[-73.80351668565312,40.86879798926341],[-73.80361717452017,40.86877910002676],[-73.80369485921311,40.86883069537047],[-73.80376490362207,40.86891849235419],[-73.80385502948147,40.869008229342555],[-73.80392527661252,40.86902741019886],[-73.80403588856653,40.86898185267685],[-73.80406124951355,40.868896123811695],[-73.80407175267834,40.86873984625358],[-73.8042413879727,40.86868771745507],[-73.80429761485537,40.86874897793373],[-73.80437228507913,40.86879128356669],[-73.80442646656708,40.868800362029575],[-73.80447936693899,40.86871197457657],[-73.80454128169617,40.868731546514425],[-73.80451604590144,40.86885488199991],[-73.80455141472906,40.868919743276095],[-73.80463250556919,40.868958814184765],[-73.80468972912885,40.86896058963742],[-73.80477571140561,40.86894932328192],[-73.80484820181414,40.869006224404544],[-73.80492484771315,40.86910368822043],[-73.80499228310721,40.869145297219646],[-73.80517054833848,40.86914750425303],[-73.80528861843507,40.869126737332216],[-73.80538786100335,40.86902471285986],[-73.80540961386323,40.868964927645635],[-73.80550511544486,40.868934592377656],[-73.80565323791421,40.86894055968163],[-73.80571112084785,40.86889491223831],[-73.80594428659077,40.86892980282907],[-73.80588779778664,40.86899337990435],[-73.8058811414502,40.86905482429193],[-73.80595256985909,40.869085951315874],[-73.80599101807374,40.86913121240839],[-73.80595714305436,40.869172153591634],[-73.80587110332606,40.869165425378846],[-73.8057933375928,40.86918250218229],[-73.80570563892675,40.869273307970374],[-73.80565692940137,40.86931993143693],[-73.8056501944525,40.86940841527359],[-73.80565967261391,40.869489552542795],[-73.80569186812389,40.8695535199068],[-73.80577265785146,40.86961019401879],[-73.80598653155455,40.86972612275205],[-73.80604683738633,40.869837391063236],[-73.80617214549689,40.86991860932973],[-73.80630377155116,40.86998554079086],[-73.80640372103107,40.87015248814215],[-73.8064348985163,40.87022401625134],[-73.80660428628346,40.87025765665337],[-73.80671076382777,40.87033884159321],[-73.80670425166552,40.87041983722194],[-73.80678588320741,40.87041044437227],[-73.80684214298407,40.870491545093934],[-73.80694252278994,40.870510773366156],[-73.80704915324678,40.87053954273507],[-73.80711196683714,40.87052535164917],[-73.8071052199321,40.870687354609565],[-73.80724343082139,40.87064946497672],[-73.80739404249081,40.870664011385365],[-73.80746299641109,40.870697481671876],[-73.80763859458578,40.87075495656861],[-73.80785796804248,40.87086968379318],[-73.80786387390818,40.87099835146509],[-73.807825975553,40.871079296055306],[-73.80786348838444,40.87113177402405],[-73.80796429605779,40.87100328399127],[-73.80803952736517,40.87103676554903],[-73.80819632239215,40.87108467640719],[-73.80829659358103,40.871142025068224],[-73.80832774675598,40.871223083339444],[-73.80839069868804,40.871161241652054],[-73.8085287717393,40.87117100039022],[-73.80867306763331,40.871199830742306],[-73.80869776542085,40.871342824439694],[-73.8087671044107,40.87124287255955],[-73.80892403649001,40.87124313251754],[-73.80909984257174,40.871229128563556],[-73.80924423452986,40.87122460197507],[-73.80918048456857,40.871127288047944],[-73.80903095570528,40.87117183254483],[-73.80884896954194,40.87115247094436],[-73.80881771986402,40.87110476786686],[-73.80874862778613,40.87111894947463],[-73.80855436095419,40.871004264435015],[-73.8085796345419,40.87094712549268],[-73.80852940290238,40.87095180752259],[-73.8084102028284,40.87092778402305],[-73.80846068218605,40.87083733056449],[-73.80847970651376,40.870770650537814],[-73.80841712571666,40.87070383505307],[-73.80853032220448,40.87063254595942],[-73.80863105992634,40.87052788087712],[-73.80872549256001,40.87043273598667],[-73.80859789924018,40.8704004015062],[-73.80841771572402,40.87044780976928],[-73.80830048575972,40.87045792965467],[-73.80818998477763,40.87049127044834],[-73.80813905417355,40.87048216063324],[-73.80811538969562,40.87044214957007],[-73.80800846628993,40.8704123164239],[-73.80786394075747,40.87046365092081],[-73.80779771708515,40.87045709333822],[-73.80777569573327,40.87043642700766],[-73.80769582249158,40.87045047745073],[-73.80759568688245,40.87042323291348],[-73.80754063636171,40.870377552173665],[-73.8075396728945,40.87028245716844],[-73.80753683775592,40.870177620243275],[-73.80756837434039,40.87012525615255],[-73.80765320730268,40.870094424716875],[-73.80774121229805,40.870051685422595],[-73.80780416900961,40.869987461032714],[-73.80787343220845,40.86991371704507],[-73.80788610428165,40.86987323520704],[-73.80795388423176,40.86987355106875],[-73.80801902425975,40.86979410433965],[-73.80798693752256,40.86973521494023],[-73.80799645587938,40.869699492035366],[-73.80809241603014,40.86970459493974],[-73.80811806820309,40.869673308402504],[-73.80809393095325,40.86963770793259],[-73.80815376369584,40.869568713456275],[-73.80822544359827,40.869542350023956],[-73.8082664047882,40.8694923921249],[-73.80834553216039,40.86945943504691],[-73.80837387652605,40.86942612639424],[-73.80848997522054,40.86943584919695],[-73.8084085098663,40.86938806264186],[-73.80840226242542,40.869326694525014],[-73.80843268900867,40.86927517048827],[-73.8085255793098,40.86927913598271],[-73.80859346552984,40.86924684625612],[-73.8086187329307,40.86919161319045],[-73.80874947821162,40.86912893016251],[-73.80870942498368,40.8690869313551],[-73.80861139291319,40.86912488889201],[-73.8085081841476,40.86921620782317],[-73.80842773749417,40.869250383062806],[-73.80837762521674,40.869214085177724],[-73.80828945413725,40.869314959114796],[-73.80820951786093,40.869386489389356],[-73.80809321270407,40.86945186798374],[-73.80802530952337,40.86948987562664],[-73.80801511665211,40.86954132181707],[-73.80797988291111,40.86956985371803],[-73.80794203230538,40.86963459693502],[-73.80787162366511,40.86967069440445],[-73.80785387653275,40.86972975164993],[-73.80779108798288,40.86973536599082],[-73.80774851328377,40.869697173305774],[-73.80761786674609,40.86972554659676],[-73.80750241118376,40.869710105583906],[-73.8074195189601,40.86972140392093],[-73.80736184012385,40.8696965284426],[-73.8072915305307,40.869698316958775],[-73.8072546425487,40.86968270835291],[-73.8071558995549,40.86971333884477],[-73.80709070532703,40.86968273410694],[-73.80704815871559,40.86963501164817],[-73.80703067237356,40.869604485466354],[-73.80692538720366,40.869545222555004],[-73.80684256706517,40.86953174139339],[-73.80679490521185,40.86951641262876],[-73.80672958392707,40.86952964630318],[-73.80673216663396,40.86950487142371],[-73.80670216427964,40.86946098284168],[-73.8067400159939,40.86939624002941],[-73.80675023044198,40.869337169665314],[-73.8067454528107,40.86925329682917],[-73.8067783147002,40.86917710950082],[-73.80675342243596,40.8691027325417],[-73.80678129213878,40.8690170072878],[-73.80682740051249,40.86898446702996],[-73.80684930627777,40.86894087879147],[-73.80694235649268,40.86888957135158],[-73.80694997701667,40.86885908832819],[-73.80685454905765,40.86886464587393],[-73.8067993153804,40.868862647999784],[-73.8066836841928,40.86890819858703],[-73.80659584356569,40.86889471000715],[-73.80654573255609,40.86885841132417],[-73.80655084260056,40.86882792294513],[-73.80660364318773,40.868803232242094],[-73.80664637738282,40.868786149470665],[-73.80673074905101,40.86877001307853],[-73.80674194096345,40.86873389403254],[-73.80668423553176,40.86871854839763],[-73.80661127217445,40.86876988929673],[-73.80655362773112,40.86873357849307],[-73.80655392715141,40.868630652679244],[-73.80646610510614,40.86861144511997],[-73.80638494071765,40.868597714447425],[-73.8063784758117,40.86852552618403],[-73.80630833398801,40.86847013231038],[-73.80626076032095,40.86842430819574],[-73.80614272445376,40.868433639519985],[-73.80605635693223,40.868433996123045],[-73.80593179559793,40.86837193206796],[-73.80585685950726,40.868307360465714],[-73.80575587328347,40.86834890666791],[-73.80567355763102,40.86831086374481],[-73.80562586349127,40.86830697158954],[-73.80555042256735,40.868346870999645],[-73.80549772384727,40.86833725261965],[-73.80548532520044,40.868283862644546],[-73.80541021887358,40.8682093995515],[-73.80535732904866,40.86826458651051],[-73.80528689255252,40.86831021192855],[-73.80519403171988,40.86829671263436],[-73.80512535933639,40.868266379158754],[-73.80504092767912,40.86827739375897],[-73.80501201015092,40.86825154312373],[-73.80494293943129,40.8683001014606],[-73.80487266170081,40.86823330232991],[-73.8048024018356,40.86810317953644],[-73.80477377121474,40.867903515998584],[-73.80471983760408,40.867792527306015],[-73.80470364425025,40.867621401112075],[-73.80475779861106,40.86742933510452],[-73.80470124122259,40.86703346865853],[-73.80473936111443,40.866829338779105],[-73.80473569836796,40.866655065393964],[-73.80464604502912,40.86664711643706],[-73.80448519104667,40.866683157535704],[-73.80445469801134,40.8667724015151],[-73.8044304475561,40.86684782650942],[-73.80433559999915,40.86685038076696],[-73.80428021212516,40.86684123487517],[-73.80415894087783,40.86692024119686],[-73.80410471293008,40.867001552602005],[-73.80399555776621,40.86712591583081],[-73.80385280781442,40.867166484800215],[-73.80359915455531,40.8670903890727],[-73.80337244256731,40.86709595406982],[-73.80324010910245,40.867124630125815],[-73.80315252630896,40.867102301324806],[-73.8031110234224,40.86702301843349],[-73.80300388108948,40.86704183656898],[-73.80291387088569,40.866978246792506],[-73.80305552444528,40.86683553576816],[-73.80299926532395,40.8667568149825],[-73.80305620183744,40.866606810895654],[-73.80309874003318,40.866549702569294],[-73.80301876240081,40.866531696347046],[-73.80301448908723,40.86638516254782],[-73.80308530517495,40.86631737999392],[-73.80309503819672,40.866210181970246],[-73.80308131746402,40.86607435287033],[-73.80304407940909,40.865931335737415],[-73.80300695884918,40.86574900707735],[-73.80283759144776,40.8657129795319],[-73.80271535305002,40.86565916327484],[-73.80248109960336,40.86562558567943],[-73.80230488072836,40.86562291243208],[-73.80224855165116,40.86575024158384],[-73.8020529594055,40.86567203513102],[-73.80197789634363,40.865827647319364],[-73.80177260000845,40.86587684941246],[-73.80172555252892,40.86601835131759],[-73.80171538404554,40.866301500484674],[-73.80175234561221,40.866414830244125],[-73.80148082056103,40.866782479639404],[-73.8013686244782,40.86688139456164],[-73.80134009934908,40.86706540355329],[-73.8008531358763,40.867751242745356],[-73.80074078741399,40.86789971119332],[-73.80070065113912,40.86814093798174],[-73.80053734697132,40.86837163682541],[-73.80031940856153,40.868479473605596],[-73.80009472735529,40.86876932914075],[-73.79996385367663,40.86887528934578],[-73.79994477639701,40.86901683961289],[-73.7997764506442,40.869172289737534],[-73.79971057587679,40.86937039117706],[-73.79961710807657,40.86944102023564],[-73.7995700754862,40.86957544268007],[-73.79956949037609,40.869738885939995],[-73.79943138858232,40.8697803083592],[-73.79935424573821,40.86982888064352],[-73.79932169438716,40.86998468620465],[-73.7991800946583,40.87013056121931],[-73.79909618300718,40.87029601846033],[-73.79907221517158,40.87044783490919],[-73.79898034323472,40.87057881078549],[-73.7989021759524,40.87079736248689],[-73.79868294292379,40.871152541487746],[-73.7985410893299,40.87138121563044],[-73.79841233200219,40.87152224135533],[-73.79839280194481,40.87161475026195],[-73.79829639324544,40.87166816007868],[-73.79824476629872,40.87176548308723],[-73.7980685220546,40.871878713190796],[-73.79780377219292,40.87225613227414],[-73.79774041985266,40.87234517745106],[-73.79767400710234,40.872398145120115],[-73.79754324683066,40.87243004640658],[-73.79744193480066,40.87246060159248],[-73.79727077912163,40.87248111730647],[-73.79719830725475,40.872511708198466],[-73.79708651002932,40.87253960364169],[-73.79703498898961,40.87253671891741],[-73.79697064615902,40.872514255118666],[-73.7969337504041,40.87262338099968],[-73.79479044681445,40.87320048453674],[-73.79397363837722,40.8745665945685],[-73.79357210883583,40.876121058303575],[-73.79359605330511,40.876720732726156],[-73.79316703778704,40.877055639066654],[-73.79422169990922,40.87738237046652],[-73.79440294586249,40.877641842999125],[-73.79384702788154,40.87859445979098],[-73.7929988022016,40.879146862172256],[-73.79303879521895,40.87941535656311],[-73.79289389520618,40.87957710999628],[-73.7926048506947,40.87965759737301],[-73.79238531000759,40.87959525648419],[-73.79219070342037,40.879590140879706],[-73.79196782153977,40.879695104462],[-73.79189457480567,40.87992792976293],[-73.79173095484794,40.88005152693568],[-73.79150495676946,40.88004635402775],[-73.79095239067752,40.880073944963016],[-73.79063124525086,40.88037832993436],[-73.79063067503589,40.880559402011045],[-73.79080595419094,40.88072173386217],[-73.79076163255088,40.88084078046473],[-73.79044093247315,40.88100221143967],[-73.78955872944293,40.8812612849156],[-73.7894824554536,40.881254219786165],[-73.78940718391812,40.88124249684601],[-73.78933340778235,40.88122619286749],[-73.78926161019805,40.88120541462381],[-73.78914050790853,40.8812619235903],[-73.78905904197312,40.88121412347867],[-73.78912235379416,40.88104746098399],[-73.78907288326594,40.880809115512385],[-73.78911096048007,40.88068052742299],[-73.78931835780607,40.880578669589525],[-73.78912020636906,40.88008021099363],[-73.78929556596836,40.8798803281841],[-73.78947797770486,40.87977106364076],[-73.78975914817998,40.879751264850285],[-73.79006332860774,40.87959466151503],[-73.789523093688,40.87899812706076],[-73.78827313470907,40.878873573154436],[-73.78775900791796,40.8789732389805],[-73.78741655086955,40.87899426607137],[-73.78713126036915,40.87898291186227],[-73.7869457315313,40.879004226226606],[-73.78673946528019,40.87903170719725],[-73.78611470510947,40.87905789215071],[-73.78589457534795,40.87888769314296],[-73.78523624445602,40.87861962426065],[-73.78487241339062,40.878528409451754],[-73.78458976469672,40.878570768150524],[-73.7844329538062,40.87852758944487],[-73.78438168107714,40.87842053116804],[-73.78421715885797,40.87828178375187],[-73.78420190882026,40.87814475919276],[-73.78414757612103,40.87796000908337],[-73.78418223661708,40.87772136300397],[-73.78449730828078,40.876914324067485],[-73.78481030732993,40.87686527301873],[-73.78471449287477,40.876358003397876],[-73.78467950721335,40.87606091820709],[-73.78484429874727,40.87606122555443],[-73.78494673483075,40.8759303763403],[-73.78495492975732,40.87582317644142],[-73.78525351648248,40.87570005744863],[-73.78542459134808,40.875485301521955],[-73.7854037285381,40.87533768736199],[-73.78559292490134,40.87537895203899],[-73.78569560889208,40.87541020290808],[-73.78596227631884,40.87513865303466],[-73.78615431634967,40.87478453648978],[-73.7862492390622,40.87447792843039],[-73.78610640662673,40.874353762439675],[-73.7863156601852,40.874364239682585],[-73.78653936749643,40.87430660924396],[-73.78659823599959,40.87418161144246],[-73.7866273458749,40.87407374915321],[-73.78691061020537,40.87398751746425],[-73.78701377254752,40.873788617773556],[-73.7870473798354,40.87355498437782],[-73.78711498259597,40.87318124848682],[-73.78713685554287,40.87276046639283],[-73.78676993498064,40.87252649324305],[-73.78624874452605,40.87238284677232],[-73.78602387302995,40.87259425734683],[-73.78580368043986,40.87285140163834],[-73.785494716029,40.87315954799266],[-73.78528234706788,40.87355565411938],[-73.78508139658763,40.87358996272335],[-73.78500714623672,40.87351902540724],[-73.78506708596647,40.87342502618305],[-73.78510966795439,40.87336077739224],[-73.78510987200244,40.873297639764914],[-73.78519969960261,40.873182252807844],[-73.7852411741622,40.873177154033144],[-73.78547685823193,40.87292036562341],[-73.78548611128492,40.87277238640287],[-73.78553456958697,40.87254402950554],[-73.7854661029339,40.872362828170715],[-73.78554161579233,40.8723057871372],[-73.7855472964992,40.87202403541648],[-73.78521974032056,40.871634753409154],[-73.78506012778533,40.872008398219464],[-73.7848801469335,40.87234042855528],[-73.78476671395954,40.87247602331272],[-73.78424646244545,40.87336122629337],[-73.7840152230201,40.87376790371924],[-73.78378051689617,40.87379397911357],[-73.78340673949519,40.87371717153501],[-73.78323782844447,40.87353816218767],[-73.78336116030022,40.87325606180287],[-73.78354988022306,40.87313490577585],[-73.78365814388025,40.873142256002886],[-73.78374538347298,40.87299620872734],[-73.78384861785185,40.87301228736528],[-73.78395100413773,40.872896330018314],[-73.78392034231959,40.87282692433957],[-73.7837262669906,40.87266454717293],[-73.78374983772476,40.872499550755755],[-73.78335690828861,40.872354122386774],[-73.78314993990197,40.87229655275554],[-73.78306853426027,40.87215357592296],[-73.78306065005239,40.8716806873641],[-73.7831470414668,40.87143906132619],[-73.78324749452361,40.871255170566094],[-73.78324816515469,40.871049436088754],[-73.78319149451316,40.87093021886213],[-73.78328614178682,40.87069891608],[-73.78338064885028,40.870591878920635],[-73.78351040908998,40.87050277569807],[-73.7835304895217,40.87035986050026],[-73.7836127199858,40.87031254514223],[-73.78368271256575,40.87031547317276],[-73.78368401969306,40.87031533406586],[-73.78379260356293,40.87030376603202],[-73.78387907939234,40.87025329928296],[-73.78394227764241,40.870122376671326],[-73.78401290560062,40.87011953149658],[-73.78409875303876,40.87002907356962],[-73.78415460685828,40.86997684258724],[-73.78426883508418,40.86983708188145],[-73.78429649061825,40.86977756914017],[-73.78439859111593,40.86974797764519],[-73.78455244947189,40.86968436724286],[-73.7845616801035,40.86967594732973],[-73.78473513587663,40.86962991464207],[-73.78488459457667,40.86951404303929],[-73.78504612904659,40.86930289270352],[-73.78525517481874,40.86895781101783],[-73.78560245305442,40.86834165222387],[-73.78569446763933,40.86836989002144],[-73.7855920638096,40.86875454341828],[-73.78558012727397,40.868858728968085],[-73.78557465391606,40.86896322524629],[-73.78557565586196,40.869067801328],[-73.78558313092782,40.86917222611082],[-73.7856689953186,40.869217791663125],[-73.78575933437453,40.86925806411505],[-73.78585358312296,40.86929279160288],[-73.78595115213776,40.86932175694109],[-73.78605143122473,40.86934477897994],[-73.78615379323895,40.86936171373938],[-73.78625759800686,40.86937245530883],[-73.78636219633111,40.869376936510406],[-73.78646693405003,40.86937512931843],[-73.78657115613095,40.86936704503518],[-73.78686110009932,40.86935695911034],[-73.78715057428063,40.86934087910339],[-73.78743936365258,40.86931881695876],[-73.7877272537019,40.86929078906415],[-73.7880140305848,40.869256816238675],[-73.78829948128414,40.869216923717374],[-73.78858339376971,40.86917114113221],[-73.78886555715495,40.86911950249045],[-73.78914576185362,40.86906204614883],[-73.78934230601989,40.8689807358259],[-73.78953461257402,40.86889378247632],[-73.78972240050146,40.86880131317105],[-73.78990539539575,40.868703463041065],[-73.79008332985677,40.86860037508025],[-73.79025594388429,40.868492199936206],[-73.79042298525592,40.86837909568969],[-73.79058420989723,40.86826122762397],[-73.79073938223696,40.8681387679829],[-73.79088827555245,40.86801189571913],[-73.79103067230065,40.86788079623262],[-73.79116636443514,40.867745661099434],[-73.79129515371099,40.86760668779179],[-73.79141685197412,40.86746407938946],[-73.79153128143534,40.867318044282634],[-73.79163827493109,40.867168795867606],[-73.79173767616659,40.86701655223486],[-73.79182933994443,40.86686153584989],[-73.7919098620025,40.86666617733283],[-73.79198182966981,40.86646890416995],[-73.79204516429533,40.866269932163874],[-73.79209979667347,40.86606947897404],[-73.79214566712062,40.8658677638779],[-73.79218272553881,40.86566500753148],[-73.79221093147093,40.86546143172784],[-73.79223025414458,40.86525725915458],[-73.79224067250536,40.86505271314971],[-73.79224217523895,40.86484801745792],[-73.79223476078376,40.86464339598556],[-73.79221843733268,40.864439072555875],[-73.79219322282253,40.86423527066369],[-73.7921591449151,40.864032213231845],[-73.79211624096608,40.86383012236639],[-73.79206455798403,40.863629219114465],[-73.79200415257841,40.86342972322198],[-73.79193509089778,40.863231852893804],[-73.79185744855664,40.86303582455466],[-73.79177131055262,40.862841852612675],[-73.79167677117277,40.862650149225246],[-73.79157393389106,40.86246092406619],[-73.7914629112544,40.86227438409753],[-73.79188014597912,40.86125563170728],[-73.79189070810901,40.861071221861316],[-73.79216738652396,40.86104367729456],[-73.7923747503476,40.86096542628468],[-73.79244128530271,40.86090557204699],[-73.79304413523938,40.86079333697808],[-73.79314287829263,40.860695194286805],[-73.79330312412138,40.860631152077886],[-73.79359532737804,40.86051731318802],[-73.79370127902384,40.86037449414768],[-73.79377494371343,40.86027818668733],[-73.79385537658263,40.86014609867967],[-73.79385104632647,40.860024580538244],[-73.79371942164026,40.859967163777576],[-73.79381374308882,40.859910151371395],[-73.79399742247547,40.8598783147712],[-73.79412037403159,40.85969626870198],[-73.79417749042864,40.859492661711165],[-73.7941217124408,40.85931765680089],[-73.79425841532881,40.8591709884917],[-73.79440138750421,40.85902780735276],[-73.7945504747362,40.85888826780079],[-73.79471436628408,40.8584823238125],[-73.79487469148954,40.85807555988628],[-73.79482567811208,40.85789376588813],[-73.79476992750187,40.857713094435276],[-73.79470748411894,40.857533689431015],[-73.79463839775195,40.85735569376871],[-73.79456272348025,40.857179249218085],[-73.79448052162813,40.85700449631235],[-73.7944380998081,40.856986330081035],[-73.79439910011322,40.85696417973539],[-73.7943641677861,40.856938411750946],[-73.79433388077365,40.85690945245636],[-73.79430874016465,40.85687778097949],[-73.7942874184518,40.85684020830703],[-73.79427333699348,40.856800718139475],[-73.79426678094615,40.85676011020987],[-73.79426788306579,40.85671920688626],[-73.79427662101851,40.85667883651729],[-73.79429281783558,40.85663981665703],[-73.79430448203574,40.85657593402569],[-73.79435005934272,40.85652702380403],[-73.79447213282236,40.85646873083157],[-73.79451792450119,40.85645202925626],[-73.79456667198937,40.8564411734336],[-73.79461709056717,40.85643644946422],[-73.7946678514747,40.85643798184622],[-73.79471761693077,40.85644573019431],[-73.79476507538774,40.85645949030421],[-73.79480897609665,40.85647889953402],[-73.79489023543125,40.85656202371659],[-73.79558880172944,40.85651323676687],[-73.79685461759762,40.85626435871611],[-73.7970010887645,40.85614016997553],[-73.79714070964033,40.8560115130065],[-73.79727324405043,40.8558786054751],[-73.79739846781284,40.85574167223701],[-73.79751616911815,40.85560094495763],[-73.79762614888726,40.855456661719465],[-73.7977282211081,40.85530906661958],[-73.79782221315001,40.855158409356285],[-73.79790796605516,40.85500494480687],[-73.79798533480839,40.85484893259589],[-73.7982495022723,40.8547959856124],[-73.79853274127018,40.85500533260208],[-73.7987225560008,40.854914401172785],[-73.79904776834825,40.85405156055061],[-73.79902419392448,40.8539572676523],[-73.79899253391964,40.85386435010848],[-73.79895292441498,40.85377320719803],[-73.79890553564869,40.85368423057247],[-73.79885057128617,40.85359780257308],[-73.79878826754242,40.8535142945879],[-73.79871889216766,40.8534340654561],[-73.79864274329609,40.8533574599262],[-73.7985601481648,40.85328480717477],[-73.79843216210506,40.85323433355225],[-73.79830746263154,40.85317932105285],[-73.7981863287323,40.85311989275876],[-73.79806903141561,40.85305618163132],[-73.79795583310394,40.8529883302139],[-73.79780522990745,40.85194959809467],[-73.79819365996994,40.85059256090423],[-73.7993204316036,40.849912774874134],[-73.799877677972,40.84898152469158],[-73.79988337043328,40.84891083929977],[-73.79989651110147,40.84884072838365],[-73.79991618963476,40.84877399505823],[-73.79994261645535,40.84870861975047],[-73.79997376029236,40.848648248854026],[-73.80001065924299,40.848589777990654],[-73.80005311397247,40.848533523007106],[-73.80009912704898,40.84829841390017],[-73.80012554455764,40.84826373737192],[-73.8001566945169,40.84823140523832],[-73.80019221958266,40.84820178839861],[-73.8002388856203,40.84817098077682],[-73.8002902670751,40.84814485585505],[-73.80034555415492,40.848123825370195],[-73.800403875516,40.84810822076884],[-73.80046431199588,40.8480982879837],[-73.80058890199271,40.84814030336403],[-73.80070945950929,40.848188628668],[-73.80082543113305,40.84824304206455],[-73.8009362844986,40.84830329377559],[-73.80104151073124,40.848369107222176],[-73.80114062678321,40.848440180294055],[-73.80123317765029,40.848516186736],[-73.80131873846103,40.848596777645476],[-73.80139691642661,40.848681583074196],[-73.80146735264545,40.84877021372555],[-73.80152972374957,40.84886226274209],[-73.80158374339037,40.84895730757245],[-73.80162916355336,40.84905491191142],[-73.80166577569743,40.8491546277023],[-73.80169341171205,40.84925599719348],[-73.80171194469058,40.84935855504017],[-73.80172128951375,40.849461830439985],[-73.80172140323964,40.84956534929444],[-73.8017122853034,40.84966863638526],[-73.80172173365665,40.84976281463538],[-73.80173835350993,40.84985641884375],[-73.8017620890324,40.849949134396866],[-73.80179286047544,40.85004064966678],[-73.80183056444126,40.85013065705863],[-73.80197064757184,40.8503826760682],[-73.80211849567476,40.85063212452466],[-73.80227402709399,40.85087886451158],[-73.80243715592248,40.851122759608856],[-73.80260779204964,40.851363674967665],[-73.80278584121088,40.85160147738521],[-73.80297120504007,40.85183603537843],[-73.80316378112326,40.85206721925695],[-73.8033634630559,40.85229490119441],[-73.80357014050033,40.85251895529969],[-73.80378369924797,40.85273925768612],[-73.80417557932397,40.85334012018936],[-73.80454247276606,40.85473937751528],[-73.80453818117441,40.8547960011466],[-73.8045252672441,40.854851864448925],[-73.80450390533747,40.85490621306844],[-73.80447438389696,40.8549583131032],[-73.80443710155083,40.855007461013585],[-73.80439256173037,40.85505299312302],[-73.80434136587346,40.85509429458005],[-73.80428420530296,40.85513080766152],[-73.80422185189089,40.85516203930433],[-73.80415514763655,40.855187567763984],[-73.80408499329458,40.855207048309886],[-73.80401233621217,40.85522021788086],[-73.8039506693567,40.85521934647013],[-73.80388942572547,40.85522489162007],[-73.80382975795405,40.85523674896811],[-73.80377278902102,40.85525469535307],[-73.8037195911138,40.85527839301461],[-73.80367116545006,40.85530739595007],[-73.8036284234341,40.85534115830794],[-73.80359216950524,40.855379044660964],[-73.80356308599579,40.8554203419647],[-73.80354172029011,40.85546427297705],[-73.80352847452099,40.85551001088652],[-73.8035235980003,40.855556694872604],[-73.8035271825254,40.85560344630735],[-73.80353916065029,40.85564938529136],[-73.80368603416521,40.85613337035765],[-73.80377806309502,40.8563014596937],[-73.80383737490631,40.8564884565043],[-73.80386367685729,40.85666314431539],[-73.80389056334138,40.85690026632993],[-73.80395891628706,40.85717462927934],[-73.80405246302159,40.85750505118701],[-73.80413784756402,40.85784176037583],[-73.80417354171502,40.85814127514922],[-73.8042014225376,40.85848453815956],[-73.80417856111775,40.85867822182168],[-73.8041748501179,40.85875569100351],[-73.80417167874226,40.85882186816644],[-73.80420585726534,40.85895904893271],[-73.80422034282891,40.85897798290807],[-73.80430576415975,40.85908963203698],[-73.80439744909204,40.85922025991301],[-73.80449817480319,40.85943825334822],[-73.80456624045203,40.859681396965755],[-73.80464293882284,40.859968201572535],[-73.80467968804784,40.860380100366285],[-73.8046898389874,40.860586093454685],[-73.80468371760045,40.860810905723085],[-73.80463487426351,40.86100342015333],[-73.80462819630289,40.861029741032944],[-73.80460527769026,40.86121718099286],[-73.80464756427772,40.861341830967966],[-73.80473234281897,40.86147964011836],[-73.80478643021046,40.86153847336176],[-73.8048471818275,40.86159342997614],[-73.8049141182049,40.861644076217615],[-73.80498671106103,40.86169001236077],[-73.80506438746626,40.86173087585374],[-73.80514653436563,40.86176634418022],[-73.80523250341743,40.861796137404774],[-73.80532161611067,40.86182002038279],[-73.80541316912006,40.86183780461614],[-73.80550643985812,40.86184934974161],[-73.80560069217904,40.86185456463827],[-73.80569518218805,40.861853408147205],[-73.805789164115,40.861845889396186],[-73.80588189619962,40.86183206772743],[-73.8059487602447,40.861805572877394],[-73.80601085106464,40.86177306499939],[-73.80606723531169,40.861735032754986],[-73.80611706542328,40.86169204784808],[-73.80615959236421,40.86164475642984],[-73.80619417688439,40.86159386938609],[-73.80622029912867,40.861540151650104],[-73.80623756644927,40.86148441070453],[-73.80624571930763,40.861427484442665],[-73.80582041215786,40.86003461196704],[-73.80613057038929,40.85988100064549],[-73.80655629956537,40.85981792610032],[-73.80673711195125,40.85989887462229],[-73.80691567380347,40.86000638832907],[-73.8071130435446,40.86012108159857],[-73.80741432490069,40.860114437158956],[-73.8076877135112,40.859986235082346],[-73.8079896967062,40.85973656958152],[-73.80802776566082,40.85959367937747],[-73.808178704471,40.8594867161782],[-73.80830348668546,40.85970410279464],[-73.8086673158989,40.86004422134649],[-73.80900253688766,40.860325191745375],[-73.80924470529152,40.860418643496736],[-73.80940628102296,40.860547952221495],[-73.8099206914522,40.86110154670249],[-73.81011790183882,40.86134872853944],[-73.8103534741813,40.861700085253474],[-73.81045556571031,40.86191812870312],[-73.81066962972095,40.862021835956114],[-73.81082270092479,40.86206899176462],[-73.81085022792251,40.862331993972205],[-73.81110457149269,40.86246446873099],[-73.8112276766752,40.862505324295206],[-73.81134786517163,40.86255091150877],[-73.81146482170652,40.8626011107906],[-73.81152883807113,40.862626525471725],[-73.81159565238825,40.862647380205416],[-73.8116647025626,40.862663499544254],[-73.81173540768684,40.8626747478789],[-73.81180717293084,40.86268103057883],[-73.81200871482753,40.862671799903765],[-73.81202508504688,40.862670111728306],[-73.81204159929317,40.86267045823943],[-73.81205782170335,40.86267283029179],[-73.81207332411707,40.862677165279344],[-73.81208769737664,40.86268334878817],[-73.81210056212629,40.86269121761588],[-73.81211157882379,40.862700564079404],[-73.8121204567026,40.86271114149577],[-73.81212696144667,40.86272267069339],[-73.81213723958194,40.86272939646126],[-73.81214870386601,40.86273490748381],[-73.81216110729164,40.862739085021374],[-73.81217418261662,40.86274183906545],[-73.81218764812196,40.86274311027778],[-73.8122012136821,40.862742871268956],[-73.81221006150218,40.8627407198587],[-73.812219236893,40.86273961273877],[-73.8122285273171,40.862739575554386],[-73.81223771757348,40.86274060916673],[-73.81224659478045,40.86274268963348],[-73.81225495330845,40.862745768763155],[-73.81226249981079,40.8627497141466],[-73.8122691834238,40.8627544726528],[-73.81227485355359,40.862759937064034],[-73.81227938244125,40.86276598425714],[-73.81228266804271,40.86277247797783],[-73.81228463632658,40.86277927191059],[-73.81228524294377,40.86278621297574],[-73.81228462393001,40.86279239715697],[-73.81228292277255,40.86279846320657],[-73.81228102667109,40.86281469588846],[-73.81228283300887,40.862830934469606],[-73.81228828804839,40.862846695837135],[-73.81229722949956,40.86286151107579],[-73.81230939134795,40.862874939417964],[-73.81232441176833,40.86288658135735],[-73.81234184388987,40.86289609053464],[-73.81239628559224,40.862923018919915],[-73.8124462152828,40.862954587379505],[-73.81255373263707,40.863022458333404],[-73.8126656384673,40.86308610951614],[-73.81278164573646,40.86314537765646],[-73.81290145688526,40.86320011072586],[-73.81293557925365,40.86321662396236],[-73.81297268686156,40.863228876688865],[-73.81301186404947,40.8632365665593],[-73.81305214408798,40.863239503819734],[-73.81309253303327,40.86323761599078],[-73.81313203425402,40.863230949656156],[-73.81316967302473,40.863219669313274],[-73.81318153884439,40.863213923778574],[-73.81319449440348,40.863209749921594],[-73.81320818170343,40.8632072630776],[-73.81322222252658,40.86320653196502],[-73.81323622888574,40.86320757678644],[-73.81324981374652,40.86321036867065],[-73.81326260172136,40.86321483047011],[-73.81327423944288,40.863220838892836],[-73.81328440532808,40.86322822790952],[-73.81329281846459,40.86323679334081],[-73.8132992463731,40.86324629849998],[-73.81336098833314,40.86334158076268],[-73.81342766232765,40.863434927823995],[-73.81349916333353,40.86352619261728],[-73.81357537872134,40.863615231356135],[-73.81360918918536,40.86364368980632],[-73.81363758452376,40.86367537627191],[-73.8136600365297,40.86370970133389],[-73.81367612754957,40.86374602649024],[-73.81368555825351,40.86378367603287],[-73.81368815320297,40.86382194961663],[-73.81369750759185,40.86384009349761],[-73.81371085946222,40.86385673338308],[-73.81372780533933,40.86387136643538],[-73.81374783314027,40.863883550460834],[-73.81377033764934,40.863892917271876],[-73.8137946388068,40.86389918381421],[-73.81382000225875,40.86390216071972],[-73.81384566155016,40.86390175802983],[-73.81396877184316,40.86385222139558],[-73.81401681576699,40.86384384745734],[-73.81404089680626,40.86386039503266],[-73.81402791809269,40.86390520170481],[-73.81398447999442,40.86399484516184],[-73.81395190872958,40.864064564639804],[-73.81395857354593,40.864102704216286],[-73.81400877754665,40.864086033147],[-73.81405881262816,40.86401130738401],[-73.81417219552455,40.86393150012946],[-73.8142288047785,40.86386339803317],[-73.81420893904063,40.863793765764264],[-73.8141717099468,40.863763971410656],[-73.81412572186652,40.863727556314025],[-73.81437997747432,40.86325439834605],[-73.81448465164254,40.863186215791494],[-73.81459579280134,40.86308816539378],[-73.81466566434044,40.86307312029422],[-73.8147530485283,40.86306965685907],[-73.8148229056273,40.863049634352365],[-73.81488620682649,40.86302962440384],[-73.81493208808942,40.86302954706582],[-73.81495838904868,40.8630577010209],[-73.81498857405197,40.86309047228029],[-73.81501897203428,40.86312252536505],[-73.81510315384149,40.86305746536796],[-73.81550829063947,40.86248260870832],[-73.81641392102722,40.86118062770408],[-73.81632908278893,40.861152730019825],[-73.81587638257493,40.861003864611575],[-73.81549293707927,40.860955286737294],[-73.81526321415275,40.8611177471252],[-73.81479629757334,40.86112895674697],[-73.81485206024097,40.860900990310085],[-73.81381802586728,40.86054827917347],[-73.81273146495035,40.85887754194796],[-73.81230602708416,40.85416202647344],[-73.81640870908151,40.85408225461233],[-73.81657711471426,40.85382242670207],[-73.81684981404567,40.85328468250177],[-73.81696254429997,40.85278501267562],[-73.81696983734892,40.85271127789621],[-73.81698577766733,40.852638332811644],[-73.81701023771764,40.85256676092348],[-73.81704302181285,40.852497134747],[-73.81708386768247,40.85243001123165],[-73.81711166095664,40.85238939414478],[-73.81713326523271,40.85234666226819],[-73.81714840667891,40.85230235724712],[-73.8171568933843,40.85225704066605],[-73.81715861779017,40.85221128693053],[-73.81713069323155,40.85215009817672],[-73.81712633131626,40.852095273471356],[-73.81713099465547,40.85204046290457],[-73.81713976212657,40.852018440057854],[-73.81715825633253,40.851971983372934],[-73.81717191352776,40.85192746497501],[-73.81719459659091,40.851882961380646],[-73.81720828353117,40.8518281657775],[-73.81719039626154,40.85176989361146],[-73.81713189892271,40.85171155657291],[-73.81710848616748,40.85169856987082],[-73.81708234186158,40.85168406927624],[-73.81702373247587,40.85166684551836],[-73.81696953091003,40.851687315707096],[-73.81692891227493,40.8516906777866],[-73.81691542317304,40.85167352556728],[-73.81693804031417,40.8516530052886],[-73.8169742219704,40.851622226933664],[-73.81701488702417,40.851601735271935],[-73.81706907886695,40.85158468973463],[-73.81708724951115,40.851540179673336],[-73.81708739083649,40.85148878796162],[-73.81708786881536,40.85148770450568],[-73.81710555246485,40.851447703241],[-73.81712368537173,40.85141689622242],[-73.81712386434577,40.8513518007898],[-73.81712409042197,40.85126957344493],[-73.81708814456702,40.851214699159605],[-73.81705764722558,40.85117859633345],[-73.81701179857696,40.85108438497003],[-73.81696683811599,40.85102606981387],[-73.81691731869417,40.85098487771624],[-73.81685873870755,40.85095737599888],[-73.8167820523949,40.85095040183723],[-73.81670082809461,40.85095369816587],[-73.81660611270236,40.85093984385137],[-73.81650694371834,40.85090542502884],[-73.81641233245735,40.85085388255903],[-73.81632663289388,40.85084346721838],[-73.81628595906908,40.85086738515737],[-73.81623984150588,40.85089957410637],[-73.81622718968669,40.85090840574175],[-73.8161775944023,40.85089462177103],[-73.81615793715294,40.85087162930092],[-73.816110132014,40.850815713072826],[-73.81604706927784,40.85077792604383],[-73.81596136832383,40.850767510931824],[-73.81590219996258,40.85078437395182],[-73.81584564811483,40.85079542284942],[-73.81579537629278,40.850818704450674],[-73.81571378494519,40.8508162043476],[-73.8156984546635,40.850797117827035],[-73.8156997731397,40.85077233629603],[-73.81578432668536,40.85071907799674],[-73.81586130825937,40.850692740182105],[-73.8158842097373,40.85068490495959],[-73.81603568133824,40.8506026691165],[-73.81603963174226,40.850528324501525],[-73.81601028816237,40.850465370675096],[-73.81595449185566,40.85043883854165],[-73.8159652855003,40.85038952569722],[-73.81605536342397,40.85038608033412],[-73.81619472416118,40.85037793934121],[-73.81627177606603,40.85031203978012],[-73.81628619094234,40.850194576449205],[-73.81624901704988,40.85012517712778],[-73.81594076727501,40.8497744294365],[-73.81580963832361,40.84962768554439],[-73.81573266022268,40.84953844948214],[-73.81567166897973,40.84945590920929],[-73.81565279058907,40.849349837125985],[-73.81552034592364,40.84922787393102],[-73.81544040466153,40.84919439608589],[-73.8153669755986,40.84919214600583],[-73.81528275171019,40.849239208669374],[-73.81520965132282,40.849230762978806],[-73.81520855623974,40.849229951581876],[-73.81513102820745,40.8491725035534],[-73.81514191918652,40.84908061273524],[-73.81524086686231,40.849003964921465],[-73.81528550608475,40.84896321754739],[-73.8153439431239,40.84885332013806],[-73.81535631417046,40.84877983164668],[-73.81535751961216,40.84877267477931],[-73.8153183276321,40.84870412008114],[-73.81531732188195,40.84865238392134],[-73.81532344002714,40.84857757069286],[-73.81545090097023,40.84851289737674],[-73.81551735503943,40.848425909021394],[-73.81553003666825,40.84829927690476],[-73.81563378110684,40.848183122394424],[-73.81570146316245,40.84815936526358],[-73.8157624698265,40.8481816800652],[-73.81580020821305,40.8481570731122],[-73.81580733004625,40.848152428828186],[-73.8158666602996,40.848088518540145],[-73.81590281420665,40.8480131214819],[-73.81589711649299,40.84789897954577],[-73.81589732510677,40.8478236051905],[-73.81586136315826,40.847775582354004],[-73.81577576231183,40.84773090610581],[-73.8156945975249,40.84771364563114],[-73.81563145161955,40.84770669283008],[-73.81560442844047,40.847689518811926],[-73.81560451391982,40.84765868316229],[-73.81564516681594,40.84764161781654],[-73.81569476839675,40.84765197550459],[-73.81575340325438,40.84765892106608],[-73.81580298434562,40.84767613107166],[-73.81587968574792,40.84767625352149],[-73.81595734753984,40.847656733602136],[-73.81597449927862,40.84765242209693],[-73.81605589232831,40.84758745565092],[-73.81609670609207,40.84751214603305],[-73.81612862993478,40.84738885612003],[-73.81614705574117,40.84725184039107],[-73.81617026811975,40.847015474864534],[-73.81616622859919,40.84684416216926],[-73.81614872235666,40.84664884528294],[-73.81613006048687,40.8465279828848],[-73.81611797359875,40.84648732650413],[-73.81610537477145,40.846454544437655],[-73.81607246774338,40.84642365735312],[-73.81602685115041,40.84640045826761],[-73.81584432887755,40.8463269331041],[-73.81577586619562,40.84630562480645],[-73.81571903834562,40.846293443498986],[-73.81568488630352,40.84634080490576],[-73.81568770320885,40.84634184034884],[-73.81545867615472,40.84660302877172],[-73.81533644376235,40.84669088959351],[-73.81503963145552,40.84687195469755],[-73.8149346545324,40.84693500918101],[-73.81486160038544,40.84698411399722],[-73.8146272778874,40.847142794761155],[-73.81462363819276,40.84716769000006],[-73.81466741414516,40.847204006481995],[-73.81464594697542,40.84721961352912],[-73.81451106769596,40.847106078026904],[-73.81453370023934,40.8470908993941],[-73.81457540884735,40.84712481649328],[-73.8146084736806,40.84712713724167],[-73.8148473509641,40.84696357162579],[-73.81496489547806,40.84688983746225],[-73.81515846332752,40.84677136764723],[-73.8153287782355,40.84666566380017],[-73.81543413390233,40.84659072608587],[-73.81550409270032,40.84651260985824],[-73.81547456779656,40.84649683598949],[-73.8155550808554,40.846408939143615],[-73.8155831397371,40.84642362760622],[-73.81568288414337,40.84630782512503],[-73.81569104659609,40.84631082612383],[-73.81570353189448,40.846291340423996],[-73.81566171153669,40.846288098017496],[-73.81561559185766,40.84629327601469],[-73.81561094027825,40.846293798289956],[-73.81557285082476,40.84630144567676],[-73.81551442131693,40.846322551894325],[-73.81516370934222,40.846499292755674],[-73.81511795800365,40.846524272639066],[-73.81507222380488,40.846543471616336],[-73.81503922076097,40.846547272255705],[-73.8149986361343,40.84653949889591],[-73.81496569829835,40.84652017377936],[-73.81492265739294,40.84648348869245],[-73.8148468378496,40.846521234126556],[-73.8147021413662,40.846603315666904],[-73.81458976583284,40.846669227806466],[-73.81456579118257,40.84668301602299],[-73.81451301364092,40.846713368924895],[-73.81447890592015,40.846732983728145],[-73.81443423469617,40.84675867437336],[-73.8144095316957,40.84677288069795],[-73.81435726288592,40.84680294067743],[-73.81433272712044,40.84681705076084],[-73.81427876523455,40.84684808397386],[-73.8142426258526,40.84686886743329],[-73.8142011119944,40.84689274108221],[-73.81416157394456,40.846915479909306],[-73.81412394940415,40.8469371168184],[-73.81409776493702,40.846952176065976],[-73.81404710378914,40.846981311250424],[-73.81402010393937,40.84699683789775],[-73.8139672085705,40.84702725736861],[-73.81392771742684,40.84704996871706],[-73.81389036650836,40.847071447848506],[-73.81386532718723,40.847085848511384],[-73.81381218552613,40.84711640856874],[-73.81378699193705,40.84713089842328],[-73.81373354969317,40.847161631346296],[-73.81370805578399,40.84717629257821],[-73.81365740839362,40.84720527717661],[-73.81365654726848,40.84721570515385],[-73.81370542127034,40.8472649150025],[-73.81368634738199,40.84727432550922],[-73.81361194639693,40.84720259571658],[-73.81356372861671,40.84715141127873],[-73.8135830595809,40.84714071077086],[-73.8136274532093,40.8471895833908],[-73.8136447278293,40.84719024319947],[-73.81369588380107,40.847160518804685],[-73.81372091416908,40.84714618735159],[-73.81377318095336,40.84711626217975],[-73.81380002008125,40.84710089498122],[-73.81385116806617,40.84707161025471],[-73.8138789424857,40.84705570830307],[-73.8139064166056,40.847039978242314],[-73.81395483717435,40.847012254580626],[-73.81400644417953,40.84698270701024],[-73.81403390211042,40.84696698560415],[-73.81408421730941,40.84693817754463],[-73.8141126142839,40.84692191921139],[-73.81412248680294,40.84691626611089],[-73.81428325967708,40.84682421385899],[-73.81431749077636,40.84680461522706],[-73.81442363291603,40.84674384183811],[-73.81443094799484,40.84673965428405],[-73.81458182304954,40.846653268772975],[-73.81484315852317,40.84650508930134],[-73.81490858203199,40.846468764879255],[-73.81465695793435,40.84620554530155],[-73.81446907674172,40.84623415170216],[-73.8144235257982,40.846187825072654],[-73.81465507970387,40.84596849742536],[-73.81460449034037,40.845908673071634],[-73.81468170770279,40.84586721536355],[-73.81475299202867,40.845817530858895],[-73.81480534287803,40.845777945584466],[-73.8148629624093,40.845743562822186],[-73.81508593855912,40.84559500291618],[-73.81502627604301,40.8454999950586],[-73.81420573129112,40.84601018088854],[-73.813990421324,40.84582691919396],[-73.81390002991992,40.84586580865557],[-73.81318865072497,40.846229536475384],[-73.81314460200237,40.846168562138914],[-73.81381880576468,40.84580248822456],[-73.8140058901368,40.84566869163619],[-73.81401812695707,40.845631456888015],[-73.81397964395012,40.845649113005784],[-73.8134832683883,40.84596517094729],[-73.81346409683638,40.84594950610972],[-73.81397419150323,40.84563555470829],[-73.81402255974176,40.84561796663027],[-73.81403198219364,40.84558929786809],[-73.81395424463112,40.84552156755376],[-73.81368589093518,40.845659062254995],[-73.81367220100483,40.84564653246923],[-73.81394279128905,40.845511589111396],[-73.81390206940699,40.84547610835508],[-73.813856677988,40.84541756288922],[-73.81372892648757,40.84548506817241],[-73.81371114891502,40.84546210844952],[-73.8138425886934,40.84539939043935],[-73.8138054459058,40.845351482968496],[-73.81363258232699,40.84528076903155],[-73.81361921535247,40.845306143731726],[-73.81361456155729,40.845315742706205],[-73.8136099439479,40.84532525998715],[-73.81360627346879,40.84533285629349],[-73.81359840473648,40.845349026392725],[-73.81351835900998,40.84551779014557],[-73.8135169818933,40.845520585904346],[-73.81348525981512,40.84558498593972],[-73.81345513687894,40.845646141602586],[-73.81345137381052,40.845653781142595],[-73.81342525440728,40.845710185088834],[-73.8134056557891,40.84575250478205],[-73.81340174662493,40.8457609466912],[-73.8133590558502,40.845845499331226],[-73.81335311605325,40.8458542436842],[-73.81333092964144,40.84588690276133],[-73.81331925050839,40.84590409543857],[-73.81328932692877,40.84595102273183],[-73.81321295244251,40.845922939842026],[-73.81321888080062,40.845913642648846],[-73.81328359296052,40.84593743814784],[-73.81330787049271,40.84589936323234],[-73.81331213394002,40.84589218838095],[-73.81333800338913,40.84584866229315],[-73.81334354640917,40.84583933649343],[-73.81336084994268,40.845810223366236],[-73.81336591663198,40.84580169873174],[-73.81343964459093,40.84565015839809],[-73.81346215335952,40.8456016984584],[-73.81347146008751,40.84558165737305],[-73.81348768163402,40.8455467324103],[-73.81349880426079,40.845522787432515],[-73.81350354028108,40.84551259137311],[-73.81352545669,40.84546545122133],[-73.81352888367296,40.845458079508795],[-73.8135513216049,40.84540981761669],[-73.81355519045732,40.84540149809688],[-73.81357718780484,40.845354182332635],[-73.81358150186045,40.84534490562938],[-73.81358334364413,40.84534546411528],[-73.81359057586107,40.845330976604245],[-73.81359235780202,40.84532738391711],[-73.81360307935833,40.84530593757028],[-73.81360529679492,40.84530146843122],[-73.81360874968259,40.84529452930486],[-73.81361858267053,40.8452750423887],[-73.81346166413532,40.84521084953076],[-73.81325997724689,40.8452339904584],[-73.81323858414319,40.84529364896712],[-73.81323306389241,40.84530870462164],[-73.81320532266787,40.84537685920905],[-73.81318496869365,40.84542686732889],[-73.8131813263456,40.84543581742827],[-73.81315836336442,40.84549223296181],[-73.81312894063284,40.84556452164188],[-73.81310414849683,40.84562543004062],[-73.81310021214391,40.84563482259416],[-73.81307003010966,40.84570682624181],[-73.81306571530193,40.84571712180495],[-73.81305592038038,40.84574048758411],[-73.81303214849963,40.84579720147938],[-73.81297222056963,40.845931977356884],[-73.81296525153213,40.84594764931397],[-73.81296109021812,40.84595700866286],[-73.81293267079396,40.846017067321405],[-73.81292791787256,40.84602711071503],[-73.8128995185849,40.84608712617625],[-73.8128947510087,40.8460971996989],[-73.81286634522233,40.846157229882984],[-73.81286162489772,40.846167206484395],[-73.81283471482821,40.84622407321917],[-73.81282910435463,40.846235931176466],[-73.81280034773165,40.846295005049676],[-73.81285506329974,40.84631005254622],[-73.81284939958523,40.8463187994985],[-73.81272457676761,40.846286619947314],[-73.81273118509971,40.84627639345553],[-73.81278637726436,40.84628888969888],[-73.81281302458159,40.84623267840578],[-73.81291272697042,40.846022363578285],[-73.81291695576553,40.84601309497111],[-73.81294340748332,40.845955130525326],[-73.81294861826635,40.84594371216678],[-73.81298050490136,40.845873834683196],[-73.81298556073398,40.84586275648029],[-73.81301735339504,40.84579308572533],[-73.81302130291395,40.845784431976845],[-73.81304250986369,40.84573352064174],[-73.81308968175213,40.84562026897572],[-73.8131151569258,40.84555911040068],[-73.8131199180934,40.84554768024875],[-73.81314023855143,40.845496754893425],[-73.8131518944978,40.84546754536708],[-73.81316632973468,40.84543136866402],[-73.81316934230622,40.84542381787783],[-73.81319008790805,40.845371828754125],[-73.81320083160321,40.845344904111904],[-73.81321337703977,40.845313467280356],[-73.81321733224652,40.845303554256105],[-73.81321883271893,40.84530004019022],[-73.8132432635106,40.84523590785021],[-73.81320733625364,40.845240030405286],[-73.8131860321898,40.845218682092906],[-73.81316072544888,40.8452000230575],[-73.81313199700718,40.845184481659096],[-73.81310050639195,40.84517241468521],[-73.81306697654183,40.845164099159966],[-73.81303217720843,40.84515972598462],[-73.8129969072876,40.845159395554944],[-73.81293647422285,40.845148422557266],[-73.81287703597418,40.845134668448665],[-73.81286150958843,40.84517498772271],[-73.81299499392401,40.84521129724124],[-73.81314914269589,40.845199582312574],[-73.81315597044244,40.845212100376514],[-73.8129934380874,40.84522477118432],[-73.81285536957633,40.84518628546158],[-73.81283121824966,40.84525297023415],[-73.81275096195367,40.845465089157024],[-73.81269357395503,40.84560324714148],[-73.81263653799255,40.845749012426424],[-73.81260846487879,40.845820758040844],[-73.81258924696179,40.84586987198013],[-73.81258526774707,40.84588003957953],[-73.8125157943752,40.84606170959772],[-73.81248886322167,40.84613512255868],[-73.812469820348,40.846187031394535],[-73.81246665727525,40.84619565457274],[-73.81244657871599,40.846251522321495],[-73.81236589325664,40.84647602663053],[-73.81234003852563,40.84654452062258],[-73.81241445328128,40.84655938074896],[-73.81240957707571,40.846570543817435],[-73.81227790900505,40.8465434582794],[-73.81228170265383,40.846531223646934],[-73.81232960133006,40.84654151183268],[-73.81239225664594,40.846359429129066],[-73.81240162310164,40.84633220698055],[-73.81240460541035,40.84632354229938],[-73.8124274491956,40.8462571530235],[-73.8124437463115,40.84621312692536],[-73.81245152428279,40.846192117830086],[-73.81245518041634,40.846182240029464],[-73.81246537831102,40.84615469372776],[-73.8124794586283,40.84611665618379],[-73.81249769032014,40.846067405637285],[-73.81250124152159,40.84605780927221],[-73.8125193042311,40.846009016792685],[-73.81252247454867,40.84600032225939],[-73.81254490240872,40.84593881459876],[-73.8125481027327,40.845930037859134],[-73.81256795450659,40.84587559468012],[-73.81257091004795,40.845867489480646],[-73.81258909193433,40.845817624526504],[-73.81259307324967,40.845806709773505],[-73.81261586581401,40.8457441992213],[-73.81262066867933,40.845732881231434],[-73.81264753175402,40.84566958841414],[-73.81265211763224,40.84565878436898],[-73.81267740391031,40.84559920533444],[-73.81268166510716,40.84558916500497],[-73.81270305302144,40.8455387689928],[-73.81270737483513,40.84552858653292],[-73.81273003634698,40.84546969208241],[-73.81273369555522,40.845460182159535],[-73.81275913731979,40.84539405886669],[-73.81276260918139,40.84538503596582],[-73.81278779244019,40.84531958368231],[-73.81279160896055,40.84530966776704],[-73.81281480700459,40.84524937718635],[-73.8128187370873,40.845239161586484],[-73.81284143551537,40.84518017017501],[-73.81260675421473,40.84512956028309],[-73.81261378787293,40.8451095078661],[-73.81284896543556,40.84516302793793],[-73.8128577433794,40.84512954458932],[-73.81278677060246,40.845107764152395],[-73.81271815529463,40.845081992890655],[-73.81265228592578,40.845052376710605],[-73.81264187038248,40.845039728849564],[-73.81263431785516,40.84502595805514],[-73.812629831571,40.84501143488266],[-73.81262853224825,40.8449965501327],[-73.81254457815602,40.84497959800851],[-73.81244008431341,40.84523707381772],[-73.81254866464359,40.84526069010346],[-73.81253844344073,40.84528373015149],[-73.81245544053235,40.84526432796384],[-73.81218860345767,40.84595210250346],[-73.81217481496283,40.84594604165211],[-73.81195504551813,40.84647582533816],[-73.81196127339025,40.84648442528018],[-73.81203383713465,40.84650169799521],[-73.81202172363108,40.84652942792504],[-73.81203501629656,40.84653260540166],[-73.81202665040001,40.84655098137381],[-73.81191568266973,40.84652738919159],[-73.81188458844791,40.84659496706141],[-73.81230236496923,40.84668940756384],[-73.8124362506067,40.84673771207574],[-73.81242358654634,40.8467553669326],[-73.81230255202037,40.84671279219789],[-73.81187766058915,40.84661655663398],[-73.81184149221673,40.84671412757371],[-73.81169971823648,40.846681700813825],[-73.81223386948285,40.845396783522744],[-73.81224107628773,40.84537890034376],[-73.81231816792719,40.845187306013365],[-73.81231936981258,40.84518431733102],[-73.81232956124433,40.84515902757404],[-73.81234277106647,40.84512618337497],[-73.8124322321851,40.844868281985384],[-73.81243398195343,40.84486320818397],[-73.81244786509014,40.84482326774528],[-73.81251553354934,40.8446282000822],[-73.81251753680009,40.8446224125366],[-73.81252704775453,40.844594926587206],[-73.81260112783652,40.84438139792461],[-73.81260320565703,40.84437544582231],[-73.81262135209232,40.84432313310041],[-73.8126482067927,40.84424569285347],[-73.81266141349049,40.84420764950102],[-73.81277306108588,40.84422651790804],[-73.81278395303981,40.84422834819621],[-73.81278360795028,40.84422947188966],[-73.81278360787154,40.84422949986605],[-73.81271381182701,40.8444618637947],[-73.81271242301708,40.844466536296615],[-73.81271596620674,40.84446710962074],[-73.81272384166978,40.84446841250948],[-73.81272387652409,40.84446841256607],[-73.8127269832804,40.84446893911223],[-73.81272816252354,40.84446912379537],[-73.81277618716038,40.84428468345977],[-73.8127769894225,40.84428235115269],[-73.81277790078926,40.84427958111493],[-73.81277841251064,40.84427733176325],[-73.81277881686988,40.844275136180016],[-73.81278096800868,40.84425543198127],[-73.81282121937927,40.844259615547124],[-73.81279995233871,40.84435487689046],[-73.81276123529805,40.844473304438246],[-73.81276862682175,40.844478585735644],[-73.81277607099767,40.84448005192672],[-73.81280551188065,40.84448586420893],[-73.81280554651448,40.84448586426513],[-73.8129912030509,40.84452250705573],[-73.81298325218074,40.84454982704362],[-73.81297181218922,40.84454745143291],[-73.81275955825133,40.84450334044224],[-73.81276135037977,40.844496606709185],[-73.81276183239135,40.844494803090726],[-73.8127440865003,40.84449191263907],[-73.8127149339389,40.8444871987616],[-73.81271240439833,40.84448678288057],[-73.81270337280483,40.84448531243261],[-73.8127026798965,40.84448750871961],[-73.8126978656711,40.84450289819975],[-73.8126488933667,40.84465946766751],[-73.8128973137082,40.844713231459934],[-73.81291074426969,40.844683736021246],[-73.81290225785118,40.84468144409791],[-73.8129117569329,40.84465804769359],[-73.81296220789088,40.84467253925272],[-73.81297213793835,40.84465018537382],[-73.81311318152872,40.8446839544539],[-73.8130928806672,40.84473104823451],[-73.81304510205693,40.84471755029321],[-73.8130361971365,40.84474328446326],[-73.81307041827004,40.844750690374696],[-73.8130647312539,40.84477288914227],[-73.81311795023709,40.84478760306726],[-73.81309338317106,40.84484827629736],[-73.81265744462624,40.84475144920664],[-73.81268023984991,40.844690116161416],[-73.81267984609583,40.84469003209509],[-73.81264095809871,40.84468166226051],[-73.81254909120709,40.844952275146255],[-73.81263397114252,40.84497086631801],[-73.81264025475835,40.84495917681788],[-73.81264904036513,40.84494845760575],[-73.81266007712028,40.84493901473037],[-73.8126730499079,40.844931117798914],[-73.81268758833663,40.84492499227966],[-73.81270327731393,40.84492081306464],[-73.8127196688978,40.84491869947619],[-73.81285367163053,40.84491990464665],[-73.81298747453053,40.844925589344186],[-73.81312081807,40.84493574254238],[-73.81325344361194,40.84495034454803],[-73.8133517176972,40.844953369990336],[-73.81344958137838,40.844960824861246],[-73.81354668877825,40.84497268281295],[-73.81354761947729,40.84504186920382],[-73.8135909564649,40.84504822910715],[-73.81363296498195,40.8450585166115],[-73.81365580662245,40.84505912204414],[-73.81367848753,40.845056980515935],[-73.81370043845855,40.84505214577498],[-73.81372110848356,40.845044739163484],[-73.81373997882949,40.8450349465728],[-73.81375657588869,40.84502301377739],[-73.81377048311009,40.84500924026617],[-73.81378135145248,40.84499397172658],[-73.81378890814463,40.844977591367524],[-73.81383957780858,40.844966313163695],[-73.81389185092073,40.844960655650894],[-73.81394377729367,40.844949241985454],[-73.81399303797801,40.844932335683396],[-73.81403863131783,40.84491028051459],[-73.8140796302313,40.84488352494441],[-73.81411520106131,40.84485261301476],[-73.81414462052712,40.84481817328134],[-73.81416729043146,40.84478090603215],[-73.81418274982286,40.844741569048175],[-73.81411591388144,40.84476412450876],[-73.81386204925668,40.84481838155558],[-73.8138669488304,40.844842332155636],[-73.81374940735246,40.84486706764864],[-73.81373976204506,40.84484130615268],[-73.81369979287803,40.84484845686357],[-73.8136916217811,40.84482910453125],[-73.81389591464276,40.844788902559436],[-73.81389381184992,40.84477314454218],[-73.81395108050033,40.844760197864275],[-73.81396104947149,40.84477705546306],[-73.81403795661885,40.844760857781495],[-73.8141865321258,40.844725415443364],[-73.81418334592415,40.844682199083614],[-73.81417097555436,40.84463994675559],[-73.81414974835153,40.844599776449854],[-73.8141202259988,40.844562751065084],[-73.8140831896637,40.84452985028418],[-73.81403961932764,40.84450194465275],[-73.81399066785546,40.84447977254514],[-73.81393763049091,40.844463920627625],[-73.81388191058562,40.84445480833626],[-73.81383300770803,40.84446130138629],[-73.81381528117437,40.84446338290752],[-73.81372987022638,40.844456182873756],[-73.81366150236015,40.8444435351234],[-73.81359975786337,40.84440771120836],[-73.81356684047013,40.844390901088616],[-73.81354988058395,40.844354081890316],[-73.81354651379141,40.84434676888435],[-73.81350521383715,40.844299930593614],[-73.81346597094539,40.844263188431995],[-73.81343949836503,40.844211163427396],[-73.8134271652065,40.84415058690637],[-73.81341994879594,40.844092855008775],[-73.81339912331275,40.84404054445272],[-73.81337781950539,40.84399305626587],[-73.81336479556754,40.8439438724876],[-73.81336027094679,40.843893821912175],[-73.81336432186805,40.843843747938536],[-73.81337688005057,40.843794494357866],[-73.81339773385949,40.84374689113522],[-73.81342653187392,40.84370174042411],[-73.81346278880893,40.8436598030495],[-73.81347069171919,40.843654920136196],[-73.81347956598182,40.84365111955148],[-73.8134891572698,40.843648510215814],[-73.81349919070769,40.843647166909896],[-73.81350937874781,40.843647128131465],[-73.81355884098444,40.84365192068046],[-73.81360869292627,40.843651115677154],[-73.81365784219328,40.84364473076134],[-73.8137052118031,40.84363290584228],[-73.81376118043029,40.84363176438042],[-73.81381661088102,40.84362577456128],[-73.81387077729316,40.84361501482155],[-73.81392297035794,40.843599626060076],[-73.81397250660883,40.84357980979266],[-73.8140238704326,40.84358257466203],[-73.81407525455566,40.84358003662141],[-73.81412571401987,40.843572242345516],[-73.81417432087177,40.843559335171705],[-73.81422018122929,40.843541552463954],[-73.81429130375064,40.843509985007756],[-73.81436652331232,40.843484475754344],[-73.81444494847916,40.843465327015494],[-73.81452564982865,40.8434527657237],[-73.81460767096533,40.84344694074325],[-73.81469003985369,40.84344792110636],[-73.8147717803382,40.84345569519453],[-73.81485192370894,40.84347017087693],[-73.81492952018307,40.843491176601596],[-73.81499955039779,40.84350445264208],[-73.8151072615887,40.84370095141452],[-73.81520001112911,40.84404835232746],[-73.8152061150469,40.84406375042889],[-73.81521540865157,40.84407819957212],[-73.81522764870611,40.844091321583555],[-73.81524251485605,40.844102773023955],[-73.81525961801461,40.8441122541775],[-73.8153502700967,40.844152216128776],[-73.81543802153408,40.84419575229814],[-73.81552262819835,40.844242741568806],[-73.81553723328587,40.84425051026183],[-73.81555002226789,40.84425994656173],[-73.81556066852743,40.844270809475844],[-73.8155689001696,40.84428282157736],[-73.8155745069658,40.844295676090134],[-73.81557734572283,40.84430904472386],[-73.81557734394059,40.84432258605761],[-73.8155755007832,40.84433833105063],[-73.81557723475537,40.844354083194695],[-73.81558249464936,40.844369377270816],[-73.81559112512288,40.84438376158804],[-73.81560287128798,40.84439681132344],[-73.81561738623769,40.84440814106952],[-73.81563424129253,40.8444174162159],[-73.81565293865944,40.8444243628324],[-73.81567292613445,40.844428775759205],[-73.8156936134119,40.844430524665675],[-73.81571438951717,40.84442955789989],[-73.81616417815101,40.844426323224575],[-73.81622571008427,40.84441881857797],[-73.81628537752626,40.844405157012986],[-73.81629257775222,40.84440407983485],[-73.8162994264437,40.84440207772664],[-73.8163057192387,40.844399210430495],[-73.81631126836332,40.84439556350508],[-73.81631590823427,40.844391245772925],[-73.81631950040048,40.844386386073275],[-73.81632193767341,40.84438112941698],[-73.81632314732649,40.84437563266036],[-73.81632309326444,40.84437005982366],[-73.81632177710088,40.84436457719773],[-73.81631923810966,40.84435934838134],[-73.81631555205325,40.84435452939954],[-73.8162990229884,40.844346092387845],[-73.81628433637422,40.844335877154414],[-73.81627095822228,40.844323152913546],[-73.81626044344763,40.844308962747014],[-73.8162530648017,40.84429367474832],[-73.81624901368458,40.844277685488386],[-73.81624839517995,40.84426140972876],[-73.8162512253292,40.8442452696622],[-73.81625342535294,40.844214717222656],[-73.81626214797747,40.844184844743275],[-73.81627716030003,40.84415644981925],[-73.81629806148435,40.8441302905943],[-73.81632429346364,40.84410706551804],[-73.81635515584144,40.84408739469785],[-73.81638982459194,40.8440718033424],[-73.81641253248995,40.844067206208],[-73.81643583754615,40.84406490674788],[-73.81645933843272,40.84406494456007],[-73.81648263044927,40.84406731899345],[-73.81649627335578,40.84407221544042],[-73.81650867662741,40.84407874197611],[-73.81651950557728,40.84408672249007],[-73.81652846799885,40.8440959416385],[-73.81653532205227,40.84410615065394],[-73.81653988278784,40.84411707405907],[-73.8165403343665,40.84411958357602],[-73.81654132784801,40.84412200144071],[-73.81654283570553,40.84412426065917],[-73.816544816159,40.844126298633206],[-73.8165472143346,40.84412805889479],[-73.81654996378383,40.844129492670675],[-73.81655298832501,40.84413056023401],[-73.8165562041546,40.8441312320048],[-73.81655927942619,40.84413148494994],[-73.81656236931859,40.844131375414804],[-73.81656540018784,40.84413090600994],[-73.8165682997971,40.84413008792306],[-73.81657099903758,40.84412894065223],[-73.81657343357665,40.84412749154118],[-73.81657554538958,40.844125775127836],[-73.81657728414439,40.84412383232057],[-73.81657892280293,40.844117815582145],[-73.8165816957346,40.84411204363688],[-73.8165855723879,40.84410660449477],[-73.81659045530351,40.84410165465036],[-73.81659623937671,40.84409730064931],[-73.8166028001037,40.84409363621199],[-73.81660999626493,40.844090740215755],[-73.81663118869253,40.84410697791863],[-73.8166556135526,40.84412034300491],[-73.81668260363868,40.844130470383874],[-73.81671142166999,40.844137083408285],[-73.81674128043127,40.84414000143167],[-73.81677136427712,40.844139144742954],[-73.81680085141382,40.84413453674406],[-73.8168289363478,40.844126303310865],[-73.81684719788757,40.844112293585006],[-73.81686826987793,40.84410078181869],[-73.81689156694667,40.84409208780396],[-73.81691644191068,40.84408645305671],[-73.81694220375448,40.84408403410785],[-73.81696813682515,40.844084898154634],[-73.81699352071384,40.84408902119419],[-73.81701765026739,40.84409628869036],[-73.81703985517692,40.844106498755266],[-73.81705951859841,40.84411936775767],[-73.81707609428888,40.8441345382021],[-73.81708912177962,40.84415158865951],[-73.81709823916935,40.844170045474726],[-73.8170950774137,40.844187660491215],[-73.8170883528664,40.84420468916563],[-73.81707822859113,40.84422071856112],[-73.81707489055057,40.84422551602573],[-73.8170726400086,40.844230665842275],[-73.81707153859163,40.844236026994835],[-73.81707161645936,40.84424145268073],[-73.81707287148033,40.84424679432989],[-73.81707526928854,40.844251905673595],[-73.81707874422573,40.84425664674928],[-73.8170832011392,40.84426088773352],[-73.81708851798658,40.844264512496494],[-73.81709454917794,40.84426742178235],[-73.81710112956306,40.84426953592694],[-73.81710807895311,40.84427079703901],[-73.81711520705454,40.84427117058608],[-73.8171502115057,40.84427945628129],[-73.81718636615187,40.84428408789264],[-73.81722301274397,40.844284981094845],[-73.81731841759297,40.84430674088577],[-73.81741119253728,40.84433428898621],[-73.81750072974424,40.84436744491051],[-73.81783277820648,40.84437074682551],[-73.81823722746202,40.844355041712824],[-73.81824065893849,40.84434212791019],[-73.81824124460418,40.84432896131861],[-73.81823896848455,40.84431590110312],[-73.81823389267053,40.844303303526736],[-73.81822615562396,40.8442915122323],[-73.81821596840095,40.844280848867996],[-73.81820566335986,40.84427409514424],[-73.8181969617751,40.84426614602798],[-73.81819010075677,40.84425721812581],[-73.81818526726046,40.84424755471515],[-73.81818259299423,40.84423741911525],[-73.81818215082795,40.84422708751214],[-73.8181839528096,40.844216841432505],[-73.8181879498356,40.84420696007255],[-73.81819403298995,40.844197712690004],[-73.81819985134985,40.84417669324624],[-73.81820127217706,40.8441552415317],[-73.81819826055371,40.8441338848077],[-73.818190890506,40.84411314800023],[-73.81816887843856,40.84411106513087],[-73.8181467063517,40.844111575875694],[-73.8181249009949,40.84411466810072],[-73.81810398040574,40.844120268342905],[-73.81808444160234,40.84412824355528],[-73.81806674877531,40.84413840426804],[-73.81805132226046,40.844150509089275],[-73.81801695601595,40.844188497065346],[-73.81797529224418,40.844222009978004],[-73.81792732610197,40.84425024734865],[-73.81786296480249,40.84426306619376],[-73.81780564297966,40.84426942424266],[-73.81774776234236,40.844271240537424],[-73.81768994519228,40.8442684955502],[-73.81763281314862,40.84426121879369],[-73.81759643820855,40.844254115680044],[-73.8175607738279,40.84424517284446],[-73.81751331632307,40.84422661675677],[-73.81746907981551,40.84420393076997],[-73.81742868454774,40.84417743296733],[-73.81739269690169,40.84414749487748],[-73.81736232764399,40.84411538457135],[-73.81733703579305,40.8440808294615],[-73.81731715864605,40.84404429039305],[-73.81728029494576,40.84399785627264],[-73.81723673534268,40.843954896209915],[-73.81718704179603,40.843915964417775],[-73.81716878405808,40.843911398317516],[-73.8171497695999,40.84390925741496],[-73.81713055271028,40.843909604119396],[-73.81711169357992,40.8439124283241],[-73.81669068165954,40.84397496582548],[-73.81667877696881,40.84397102148414],[-73.81665600190958,40.84396347568825],[-73.81662677325095,40.84394489856042],[-73.81660732931886,40.8439170735758],[-73.81661234792885,40.84386705152056],[-73.81661236142155,40.84386215716113],[-73.81661244498649,40.84383184466554],[-73.81657668436134,40.843810768235514],[-73.81655885162657,40.84380025890605],[-73.81651503368255,40.84376312955546],[-73.81648830094261,40.84372417472273],[-73.8164445195421,40.84367407385231],[-73.816437307343,40.84363515057133],[-73.81642277916197,40.843594361323255],[-73.81639116165071,40.84355725134038],[-73.81636686950458,40.843518300865284],[-73.81635809445422,40.84349591641016],[-73.81635233182159,40.84348121806091],[-73.81635489948351,40.84343489740652],[-73.81636235714114,40.84338487806833],[-73.81635030529999,40.84333112287556],[-73.81630900985745,40.843264350232865],[-73.81627260471049,40.8431938782251],[-73.81623130431188,40.84312895869549],[-73.81620217852763,40.843073323130895],[-73.81615112347605,40.84300653420642],[-73.81610484559269,40.84297681320805],[-73.81602683823571,40.84295074621433],[-73.8159683757195,40.84291544711167],[-73.8159387775396,40.84289193312033],[-73.8159099453581,40.8428690291261],[-73.81587589831877,40.84282820982248],[-73.815867045438,40.84278860976389],[-73.81572300131998,40.8425365659871],[-73.81517113664873,40.84257716162403],[-73.81516936817916,40.84255492332534],[-73.81570207846407,40.84251972168978],[-73.8156179809096,40.84245835926568],[-73.81550698344903,40.84242060831824],[-73.81544243533563,40.84241082719351],[-73.81541503896409,40.84239132778359],[-73.81540599274832,40.84235379026775],[-73.81540790011591,40.842325998736854],[-73.81543361658642,40.84229129674333],[-73.81546847090203,40.842260778031424],[-73.81546968074403,40.842259542634366],[-73.81550517425269,40.842223314374344],[-73.81552354975133,40.84219554851035],[-73.81554743972904,40.8421594531202],[-73.81556406036422,40.842105280978664],[-73.81556419521851,40.84205664042013],[-73.81555879401786,40.842024668027975],[-73.81557540624675,40.84197327392143],[-73.81559206830936,40.841903813763174],[-73.81558492163327,40.841841264603744],[-73.81556869858584,40.84175229562179],[-73.81552506814646,40.841647995900345],[-73.81547217396636,40.84158537238356],[-73.81542649444837,40.84156028460383],[-73.81537535736672,40.841524069665944],[-73.81532969699884,40.84149203214234],[-73.81530238614381,40.841441958859434],[-73.8152915382386,40.84139469015312],[-73.81528985873143,40.84134048756462],[-73.81528083654388,40.84129461172724],[-73.81526263397677,40.84125983942325],[-73.81523211232663,40.84123377337676],[-73.81479748280582,40.84138417014315],[-73.81480293388552,40.841398075352075],[-73.81476263163094,40.841413298211926],[-73.81473345817533,40.841375728311085],[-73.81522026179319,40.841202676499854],[-73.81521713938884,40.84116804427197],[-73.81522089631062,40.84113330713788],[-73.81523378640455,40.84110414325042],[-73.81524671254658,40.84106247173657],[-73.81523404887245,40.84100964149672],[-73.81522135566156,40.84096792894316],[-73.81520503680377,40.84091370289629],[-73.8151831980253,40.840870585737775],[-73.81514858030347,40.84081633153251],[-73.81512854729706,40.840781555768075],[-73.81510852634034,40.84074261067972],[-73.81509998662794,40.84072432982916],[-73.81509033516018,40.84070366969369],[-73.8150739887725,40.84065917086763],[-73.81506678156754,40.84061885703715],[-73.8150663842936,40.840590686889435],[-73.81505399109437,40.84053808589673],[-73.81497890551917,40.8405511412463],[-73.81498025770709,40.84055843942463],[-73.8149157299578,40.84056667374005],[-73.81491163259714,40.84055937115586],[-73.81490477086102,40.84055936014477],[-73.81490069938222,40.8405426767552],[-73.81490894317905,40.84053956264461],[-73.81490758787837,40.84053330696292],[-73.8149707522553,40.840521943627806],[-73.81497347937896,40.84052820150934],[-73.81504912628199,40.8405176195515],[-73.81500569765576,40.84029373486608],[-73.8149733621314,40.84007688520061],[-73.81480646696137,40.83980436688663],[-73.81436596502486,40.83986536376513],[-73.81436188587946,40.839851807682095],[-73.81479697880735,40.839787957407104],[-73.8147889293362,40.83977327891827],[-73.81477935155439,40.839762840187745],[-73.81476701970094,40.83975552437373],[-73.81475878782422,40.839754469320944],[-73.81474506385649,40.83975444727908],[-73.81473269673526,40.839759639090275],[-73.8147203367438,40.83976274540384],[-73.81470935814185,40.83976272776774],[-73.81469838960713,40.83975854147672],[-73.81469567415562,40.83974811376369],[-73.81469983843601,40.83973144359562],[-73.81470537675676,40.83971373313209],[-73.81471914179468,40.83969916389409],[-73.81473018446566,40.83967625109853],[-73.8147302657413,40.83964706668498],[-73.81472761705194,40.839612666210705],[-73.81472319684482,40.839588886600204],[-73.81447505522941,40.83962580976251],[-73.8144709519398,40.83962059215706],[-73.81438444888573,40.83963504433319],[-73.81438717009922,40.83964338772798],[-73.8143157879994,40.8396495270122],[-73.81430900133682,40.83962241637948],[-73.81438450995326,40.83961315707003],[-73.81438722825912,40.839622542292744],[-73.81447097519408,40.83961225368136],[-73.81446962061504,40.83960599799462],[-73.81471999083716,40.839571879092226],[-73.81469650157487,40.83945105897789],[-73.81478277740266,40.83907648795785],[-73.81550481027338,40.83880312419989],[-73.81551354339493,40.838768872111196],[-73.81553592477883,40.838737602672026],[-73.81555950096255,40.838727677714594],[-73.81558255726303,40.838729836777695],[-73.81558375955498,40.83872994842835],[-73.81559230091561,40.8387388368437],[-73.81562458911664,40.83874084933243],[-73.81564850771602,40.83873702194534],[-73.8156941220816,40.83868973091045],[-73.81575630933776,40.838651067189126],[-73.81581969010287,40.838633747078276],[-73.81587589526418,40.8386319320666],[-73.81591903276558,40.838612210959774],[-73.81595328661291,40.83857750486644],[-73.81602281915458,40.838526386244894],[-73.8161067030315,40.83844425812291],[-73.81616735166749,40.83837815395078],[-73.81621894717196,40.838294014580825],[-73.81628378113338,40.83823082858482],[-73.81631128932499,40.83814746697967],[-73.81634067485723,40.83807270820902],[-73.81634147251413,40.83803170124058],[-73.81630880926807,40.838000190365534],[-73.81628721293391,40.83796721452033],[-73.81628730390062,40.837934272546754],[-73.81630907303996,40.83790465879287],[-73.81632225026149,40.83789469232303],[-73.81635253674234,40.837871787060116],[-73.81640906870976,40.837819169099596],[-73.81645257929289,40.83776982642761],[-73.81647878477862,40.8377039838886],[-73.8164789029114,40.837661159371045],[-73.81644869632308,40.83760511031903],[-73.81644033122897,40.83749309503588],[-73.81642765539806,40.83737118912999],[-73.81642365412327,40.83724929820006],[-73.81641525209498,40.83715045912892],[-73.81639818381184,40.83704831256716],[-73.81638980069276,40.836942884626914],[-73.81636407644832,40.83683413588467],[-73.8163425982448,40.83675833484848],[-73.8162993988209,40.836695676666224],[-73.81623447512588,40.836646160638935],[-73.81619549444878,40.836626332679046],[-73.81616090485204,40.83658674703244],[-73.81616966141667,40.836557114231816],[-73.81620014053696,40.836514338093394],[-73.81620466896582,40.836445167530464],[-73.816183265204,40.836343013512234],[-73.81614023718535,40.836217765478295],[-73.81609280117408,40.83611886413331],[-73.81606068234666,40.83603019645711],[-73.81598036912331,40.83599680021156],[-73.81592410268392,40.835953885704704],[-73.81588948558863,40.83592418251623],[-73.81585050609583,40.83590435561103],[-73.81578540086508,40.835920722120896],[-73.81571163104587,40.83593378105584],[-73.81565956542137,40.83594028574058],[-73.81562480304432,40.83596329021833],[-73.81556838162061,40.8359763762911],[-73.81552500922504,40.835976306926206],[-73.81550338608984,40.83595321346723],[-73.81550346830673,40.83592356566461],[-73.8155425777755,40.83589727515214],[-73.81561200118198,40.8358875029028],[-73.81567705144427,40.8358909010781],[-73.81572047919107,40.83587120579919],[-73.81579426718272,40.83585155782478],[-73.81590709059596,40.83583197328954],[-73.81599390874693,40.835805758765076],[-73.81605249592852,40.83577807787745],[-73.81606339574208,40.83577292747392],[-73.81607658058105,40.835710359104844],[-73.81607673539797,40.83565435717559],[-73.81607256205915,40.83559505531989],[-73.8160451953109,40.83555326614365],[-73.81603801016679,40.83554229340539],[-73.81600773070701,40.835512597838836],[-73.81598173584557,40.83550267310671],[-73.8159253513381,40.835502583129944],[-73.8158776139851,40.83551239019011],[-73.81579086935717,40.835512251675844],[-73.81572147374337,40.83551214081759],[-73.81567804623124,40.83553183609809],[-73.81564334731141,40.83553178063849],[-73.81559997608781,40.83553171130317],[-73.81557397060101,40.83552508183128],[-73.8155783626435,40.835505323675285],[-73.81560880514262,40.83547572441325],[-73.81569554972249,40.83547586306445],[-73.81575628058062,40.835472665900355],[-73.81585173701401,40.835459640894655],[-73.81596024072202,40.83543346101692],[-73.81602538032784,40.83540391700645],[-73.81603998826779,40.8353928698034],[-73.81608188313594,40.83536118240042],[-73.81609076772055,40.83528543088419],[-73.81610833453743,40.83520639784057],[-73.81610422427252,40.83512403720784],[-73.8160913869234,40.83506142733587],[-73.81604377742953,40.83502511507686],[-73.8160274400797,40.83500641726788],[-73.81600054186795,40.834975633491524],[-73.81600068763491,40.83492292640781],[-73.8160225096872,40.83487354860281],[-73.81602309893778,40.834872709073565],[-73.8160617003037,40.83481760892846],[-73.81607054775074,40.83475503363268],[-73.81609245230891,40.834676008674926],[-73.81608401401107,40.834590346265415],[-73.8160408429049,40.83451780424204],[-73.81601058212841,40.834481520808566],[-73.81601039495686,40.83448148868042],[-73.81597156677836,40.83447487016662],[-73.81591952032787,40.83447478710752],[-73.81583274903502,40.83448453117119],[-73.81577201908263,40.83448772837607],[-73.81571124482586,40.83450739596102],[-73.81568088451039,40.83450734744439],[-73.81566358139244,40.83449084930709],[-73.81566361790057,40.834477672577115],[-73.81570270666518,40.834457969193835],[-73.81577214678626,40.83444160965332],[-73.81588930522145,40.8344220308865],[-73.81599347092263,40.8343958445531],[-73.81600703303391,40.83437790641632],[-73.81602829523239,40.83434978118118],[-73.81602840454023,40.834310250822305],[-73.81603732548106,40.834221321895974],[-73.81603747121723,40.834168614805456],[-73.81602034962297,40.834086233400186],[-73.8160118301665,40.83403021879047],[-73.8160119668146,40.83398080521098],[-73.81599215149127,40.83391958016294],[-73.8158948330423,40.83393979563727],[-73.81588801171014,40.83392519154081],[-73.8159868428669,40.833901590474845],[-73.81593920982324,40.83367686641571],[-73.81589473438342,40.83360640172258],[-73.81587121741998,40.83356914246078],[-73.81584739072106,40.83353478505768],[-73.81583040473905,40.83350140351336],[-73.81581094367299,40.83348099025685],[-73.81578412892186,40.83347353498184],[-73.81575969200951,40.83348832017081],[-73.8157328297484,40.833497542353605],[-73.81570846020288,40.833488238316605],[-73.8156987722173,40.83346228086138],[-73.8157110123089,40.833447476698844],[-73.8157403130772,40.83343825908712],[-73.81577942432305,40.83341052627198],[-73.81580394394081,40.83336609443672],[-73.81580595261578,40.83335557226103],[-73.81581632050575,40.83330125985296],[-73.8158140512651,40.83324010718069],[-73.81580692689234,40.83316968282751],[-73.81578517553721,40.83309552913782],[-73.81576099019283,40.833019517228294],[-73.81575868443079,40.83297133606794],[-73.81573931591329,40.83291756902344],[-73.81570045065659,40.8328563578698],[-73.8156615055309,40.832824795697064],[-73.81563962587065,40.832796965424876],[-73.81564455576115,40.83277844427915],[-73.81565687208855,40.83273584511164],[-73.81561069892065,40.83267091694151],[-73.81558896401694,40.83259120410745],[-73.81552626574158,40.83244031603463],[-73.81552445059282,40.832421683086565],[-73.81551415741988,40.83238887775613],[-73.81550148340233,40.832340216626875],[-73.81548695785708,40.83229989105672],[-73.81545415504173,40.832252587162436],[-73.81541947560167,40.8322219576367],[-73.81538475036352,40.83220800390114],[-73.81536778603407,40.832200168602334],[-73.81536178096941,40.83218217994257],[-73.81535012883171,40.8321565283896],[-73.81534473691292,40.8321217765508],[-73.81534851485645,40.83207870036769],[-73.81533585027698,40.832027260003706],[-73.81531774665558,40.831957744098794],[-73.81528686987531,40.831875700533416],[-73.81523578077928,40.8318241986079],[-73.81519564015055,40.83178383195681],[-73.81515181352533,40.83175318718688],[-73.81513389129239,40.831732711946096],[-73.81511886641741,40.83170941705427],[-73.81509887669334,40.831708630142366],[-73.815071438477,40.83170580742182],[-73.81504219117475,40.8316960327162],[-73.8150312525411,40.831682117018055],[-73.81503311704115,40.831669612305916],[-73.815047781245,40.831659908523065],[-73.81505696355012,40.831647415043335],[-73.81508468995636,40.83163755931699],[-73.81508809871504,40.831636347215564],[-73.81511007088926,40.83163082381769],[-73.81511743613852,40.83161415874425],[-73.81511017129878,40.83159469031759],[-73.81510110443273,40.83156549119755],[-73.81508473776748,40.83152933179754],[-73.8150701972006,40.831494565272585],[-73.8150483259507,40.83146395566543],[-73.81502276436505,40.8314444590611],[-73.8150063166291,40.8314374836012],[-73.81498986889515,40.83143050864144],[-73.81498451183789,40.831426932448856],[-73.81497525883667,40.831420756896144],[-73.81497297607608,40.83140267752375],[-73.81496845670769,40.83137887193095],[-73.81495728330384,40.83130537949747],[-73.8149519676384,40.83124283312131],[-73.81494661465638,40.83119418316483],[-73.81491210654492,40.831102405353185],[-73.8148793738859,40.8310300864916],[-73.81485346914792,40.831008199729666],[-73.81449221012436,40.83117114022457],[-73.8144703368803,40.83114145825219],[-73.81484313432419,40.830986120513835],[-73.81476387691956,40.83081679999368],[-73.81471418896044,40.830789350880316],[-73.81468315863783,40.83076289633306],[-73.81465211672611,40.83074061093779],[-73.81461196249977,40.83070580267892],[-73.81457912170136,40.83067239594675],[-73.8145444348584,40.83064454553275],[-73.8145200857769,40.83062287579448],[-73.8141029873901,40.830824500449],[-73.81411027925253,40.8308342400079],[-73.81391425388853,40.83092425703572],[-73.81389783360487,40.83090755415845],[-73.81409205231331,40.83080919639045],[-73.81409935105553,40.83081615673193],[-73.81451016521439,40.83061404705133],[-73.81450063252917,40.83060556269121],[-73.81447146717437,40.83056660271055],[-73.81444535769789,40.830527532549894],[-73.81440990918281,40.83049533863714],[-73.81438383728965,40.83049697476894],[-73.81435818431459,40.83051083113253],[-73.81433805012041,40.8305135779497],[-73.81431243591469,40.830513536710555],[-73.81429416266316,40.83050516943103],[-73.81428691048255,40.83048153229205],[-73.8142869880651,40.830453736604184],[-73.81430350529638,40.83043569753962],[-73.8143209286821,40.83041452806339],[-73.81431644801685,40.83038707750743],[-73.81430920681511,40.83035927120766],[-73.81386585293004,40.83056701679312],[-73.81385671977277,40.830561442922836],[-73.81429959295038,40.83035010370283],[-73.81427271193942,40.830324468719766],[-73.81422894014088,40.83027436739546],[-73.81415593309119,40.830210321959896],[-73.81410480065875,40.83017549633121],[-73.81404635686468,40.83013787848828],[-73.81399844134208,40.83012165186613],[-73.81396593536506,40.83010856419372],[-73.81393851750965,40.83009879215525],[-73.8139038412147,40.830068161662226],[-73.81388380732328,40.830034776063016],[-73.81386793788012,40.83000313022143],[-73.81385179398956,40.82998846822787],[-73.81382087385553,40.82996758146267],[-73.81382094990104,40.82994040443753],[-73.81383081071448,40.82990336060906],[-73.8138677501533,40.829857368782875],[-73.81370296001816,40.82993303312877],[-73.81366831284689,40.82989128485404],[-73.81372876508036,40.829864977818914],[-73.81373601310447,40.829890004939145],[-73.81388709503958,40.829821032466775],[-73.81388971246565,40.82977745220246],[-73.81385742042924,40.82969339899344],[-73.81382829192314,40.82964146799027],[-73.81376330779892,40.8296166562309],[-73.81371136287328,40.82958198390364],[-73.81369726279111,40.82955233460196],[-73.81358494476265,40.82960764421991],[-73.81356669955272,40.82958954788858],[-73.81368881870836,40.82953457912035],[-73.81368549299344,40.829527587309464],[-73.81366931947859,40.82949544356625],[-73.81365646178284,40.829441067988],[-73.81363379708303,40.82940397161278],[-73.8136111049432,40.829376758458736],[-73.81357536743714,40.82936187696024],[-73.81354614192863,40.8293445346592],[-73.8135135811422,40.82935683542832],[-73.81350052277242,40.8293741088617],[-73.8134614348019,40.829393810340385],[-73.8134126382601,40.82939620272036],[-73.81337687307196,40.82939120271069],[-73.81336719226249,40.829364009893354],[-73.81337049362966,40.82934672135558],[-73.81339008524031,40.829319575908386],[-73.81343239701295,40.82930976176703],[-73.81345847285623,40.829290039250864],[-73.81349434254014,40.82925797848006],[-73.81350420409575,40.82922093467641],[-73.81349778929821,40.829188806185705],[-73.81348161595967,40.82915666124169],[-73.81345250898103,40.829097318892394],[-73.8133876638913,40.82902309447373],[-73.81334223828975,40.82898349038687],[-73.81329027328127,40.828956229113274],[-73.81324478514992,40.82893886157621],[-73.81319927513294,40.828928905266324],[-73.813143988668,40.828926344881545],[-73.81309840343981,40.82894356489292],[-73.81304629884026,40.82896571712588],[-73.81299420898003,40.828982926550964],[-73.81298393018706,40.828982909882505],[-73.81295192380884,40.82898285797396],[-73.8129259173973,40.82897787482423],[-73.81290321918756,40.828953131666175],[-73.81293061658954,40.82891763412894],[-73.8129651710785,40.828898877852765],[-73.81299450062069,40.82887915954446],[-73.81304009189215,40.82885946876599],[-73.8130824246846,40.82884224350586],[-73.81312472298374,40.82883737042076],[-73.8131605294834,40.82882754583705],[-73.81318011408925,40.82880287122972],[-73.81317040437483,40.82878556044488],[-73.81315741540365,40.82877812812027],[-73.81312813540961,40.82878055149549],[-73.81309886147173,40.828780504055295],[-73.81307603789213,40.828800231763296],[-73.81305326894844,40.828800194855184],[-73.81305005842924,40.82878536541351],[-73.81306314544747,40.82875820947449],[-73.81311848034197,40.82874347609455],[-73.81314783102388,40.82871634650025],[-73.81313163715156,40.82869161392453],[-73.81308614880464,40.82867424515074],[-73.8130373736048,40.828669225119825],[-73.81297875814815,40.828693836412505],[-73.81293970515073,40.828701184855994],[-73.81288120079817,40.82868626570562],[-73.81286608233691,40.82867206961158],[-73.81283902833232,40.82864666669585],[-73.81280015000063,40.828592250455294],[-73.81281003898482,40.828545324149104],[-73.81281664954157,40.828508275122196],[-73.81282141350364,40.82850210003012],[-73.81283950089782,40.82847866423779],[-73.81285913372197,40.828436694705736],[-73.81287548028874,40.82840707392796],[-73.81287233170012,40.828370009061196],[-73.81283989701991,40.828337837634194],[-73.81279771740698,40.828300709413085],[-73.81275469994516,40.82824823625153],[-73.81241743288683,40.828268337577576],[-73.81207967398305,40.82828291616274],[-73.81174157998137,40.828291965241306],[-73.81140330778518,40.828295480613754],[-73.81106501438015,40.82829346064876],[-73.81072685676286,40.82828590628369],[-73.81038899186555,40.828272821024385],[-73.81005157648552,40.82825421094347],[-73.81003364421288,40.82825548390175],[-73.81001568329455,40.828254470402634],[-73.80999819547917,40.82825119875882],[-73.8099816692982,40.82824576036558],[-73.80996656641996,40.828238307147316],[-73.80995330875096,40.828229047314025],[-73.80994226665057,40.82821823954398],[-73.80993374858441,40.828206185758],[-73.809927992508,40.82819322268483],[-73.80992515921803,40.82817971245443],[-73.80992532786243,40.82816603248146],[-73.80993254334919,40.82810445932631],[-73.80994476640555,40.8280433439442],[-73.80996195006811,40.82798292108381],[-73.80996243583235,40.82795728045834],[-73.80996812292405,40.827932003663484],[-73.80997887519166,40.82790769581129],[-73.809994435227,40.82788493881711],[-73.81001443052773,40.82786427746922],[-73.81003838241583,40.82784620638687],[-73.81006571749562,40.82783115817978],[-73.81009578138243,40.82781949309168],[-73.81014751966632,40.82784481954661],[-73.81019428960224,40.82787521398274],[-73.81023523691137,40.82791012123343],[-73.81026961366408,40.82794890370314],[-73.81029679194123,40.82799085301224],[-73.81105446059631,40.82798479483612],[-73.81104880187468,40.82784080515475],[-73.81025357097289,40.82783386391302],[-73.81025304023036,40.827800029964976],[-73.81003724920059,40.82779681589757],[-73.81003792061868,40.82778156842338],[-73.81027818725524,40.82778101090694],[-73.81027682730648,40.82781770071713],[-73.81182440558153,40.82782881363523],[-73.81182623156016,40.82784835348537],[-73.81107330717174,40.82784157654804],[-73.81107326796136,40.827984402314925],[-73.81117911647321,40.82797861803096],[-73.81128523383816,40.82797785894331],[-73.8113912069857,40.82798212800686],[-73.81149662340647,40.8279914086039],[-73.81159139311146,40.82799915354873],[-73.81168669429235,40.82800045697932],[-73.81178176962804,40.82799530853763],[-73.8118758635927,40.82798374913651],[-73.81196822846006,40.82796587063365],[-73.81205813024525,40.82794181510242],[-73.81214485453903,40.82791177370209],[-73.81223513808143,40.8278849476478],[-73.81232822158245,40.82786437103762],[-73.81242335699388,40.827850209231045],[-73.8125197797803,40.82784257603636],[-73.81261671506131,40.827841532796036],[-73.81263975263083,40.82783640656203],[-73.81266128683149,40.82782834796854],[-73.8126806763198,40.82781759702146],[-73.81269734362752,40.827804473911804],[-73.81271079236123,40.827789369479454],[-73.81272062198568,40.82777273357299],[-73.81272653975267,40.82775506165167],[-73.81272836941918,40.82773688002978],[-73.81272605649663,40.82771873020104],[-73.81271966987296,40.827701152712095],[-73.81271421811986,40.827662935102936],[-73.8127008776582,40.82762585345259],[-73.81267998430738,40.82759084118073],[-73.81265206400504,40.82755877961498],[-73.81279793338402,40.82748800481431],[-73.81294049773501,40.827413445547364],[-73.81307958696863,40.82733519077448],[-73.81322297909767,40.827248350084965],[-73.81327731603426,40.82721987366216],[-73.81332733267601,40.82718714693867],[-73.8133724554687,40.82715054520476],[-73.81341746814738,40.82710439662929],[-73.81345470467141,40.82705440933713],[-73.81347397102587,40.827021173992904],[-73.81350706825077,40.8269794449657],[-73.81354780917576,40.82694181981278],[-73.81359532599029,40.82690909996541],[-73.81364860655977,40.82688198236853],[-73.81370651598309,40.826861044636374],[-73.81376782076715,40.826846732749516],[-73.81379818052201,40.82683587612146],[-73.81382574495552,40.826821340198265],[-73.81384974845062,40.82680352872422],[-73.81386952429864,40.82678293642359],[-73.81388452321863,40.82676013525922],[-73.81389432861245,40.82673575854598],[-73.8138986681358,40.82671048335954],[-73.81389742126257,40.82668501173062],[-73.8138906226318,40.8266600511452],[-73.81387846108436,40.82663629489414],[-73.81386127441722,40.826614402816666],[-73.81383954000141,40.826594982973226],[-73.81381386152117,40.82657857475654],[-73.81377896429471,40.82656185713326],[-73.813748169365,40.82654100104539],[-73.81372231818291,40.82651657637423],[-73.8137023376649,40.82648961572012],[-73.81368839583156,40.82646054553769],[-73.81368086394735,40.82643013996976],[-73.81367994257826,40.82639920871966],[-73.81368565625148,40.826368575488296],[-73.8136978528025,40.82633905603951],[-73.81370737104264,40.826304786873706],[-73.81372207686603,40.82627159251522],[-73.81328356861474,40.82632509158751],[-73.81328485368158,40.826334055726434],[-73.81292293225121,40.826376287416174],[-73.81291776131222,40.82635038912083],[-73.81327444814539,40.82630516167462],[-73.81327835562455,40.826314130059906],[-73.81372787850215,40.82626121922073],[-73.81375293203124,40.826225377069385],[-73.81378411823823,40.826192427922415],[-73.8138208676619,40.82616297342336],[-73.81386250926063,40.82613755140368],[-73.81389973422617,40.82612680356135],[-73.81393416934924,40.82611160903927],[-73.81396490156706,40.82609237072784],[-73.81399111600322,40.826069598740425],[-73.81401211757496,40.82604389688681],[-73.81402734942218,40.82601594666288],[-73.81403640767431,40.82598648918021],[-73.81403905215623,40.825956305514815],[-73.81403521275747,40.8259261959968],[-73.81402301263817,40.82587493820357],[-73.81400472461357,40.8258247360057],[-73.81398050035554,40.825776005716946],[-73.8139505407614,40.825729151443774],[-73.81342885926271,40.825934987273165],[-73.81342102197195,40.82592501676849],[-73.8139416195339,40.82571703172866],[-73.81391025451549,40.825679123760736],[-73.81387896439911,40.82566500150793],[-73.81385119926806,40.82564712535917],[-73.8138277314118,40.825625992543024],[-73.81380921358831,40.82560219087228],[-73.81379616086778,40.82557638239351],[-73.8137889363064,40.8255492849724],[-73.81378774084915,40.825521652325854],[-73.81379260773984,40.82549425305692],[-73.81380340159866,40.82546784927655],[-73.81382905764595,40.82542559896606],[-73.81384158537399,40.82539021439009],[-73.81382927557087,40.82534770845495],[-73.81379523517661,40.82529808600175],[-73.81373629018793,40.825264946592895],[-73.81366797129029,40.825250673362056],[-73.81364421644444,40.82524725081255],[-73.81356857982061,40.82523635052982],[-73.81349093261149,40.82522442437575],[-73.81342574760329,40.82520071539235],[-73.81333522606086,40.82517094670781],[-73.81303096572003,40.825259083651204],[-73.81303402684433,40.82527561072132],[-73.81296590521575,40.82529445749657],[-73.81295635248642,40.82527312484078],[-73.81212588761488,40.82556917760966],[-73.81211350556435,40.825552634659516],[-73.81288179895613,40.825265923633275],[-73.81289110191149,40.82527301898519],[-73.81294709154035,40.825251867373325],[-73.81293781512854,40.82523532904611],[-73.81300000697752,40.82521890780813],[-73.81301238918822,40.825235449993954],[-73.81327735515306,40.82516132170772],[-73.81324198657879,40.82515038462809],[-73.8132088587319,40.825135956049984],[-73.81317856561382,40.82511829468701],[-73.81314867141738,40.82509506889583],[-73.81312368494794,40.82506870878189],[-73.81310416797548,40.82503980700515],[-73.81309055929613,40.82500901336935],[-73.81308316486731,40.82497702021226],[-73.81308215093006,40.824944546839895],[-73.81311298888502,40.824906756989975],[-73.81314913022479,40.824871784174256],[-73.81319013313613,40.82484005591347],[-73.81323549637867,40.824811960065105],[-73.8133594651703,40.82474843318888],[-73.81348709828539,40.824689241612994],[-73.81361813317882,40.82463450709203],[-73.81382718534614,40.82455801011529],[-73.81403745843352,40.824483469494105],[-73.81404084484815,40.82442334373799],[-73.81403579805155,40.82436328521186],[-73.81402237525997,40.82430397453513],[-73.81400072861022,40.824246083850774],[-73.81397110343492,40.82419026920771],[-73.81393383548162,40.82413716312635],[-73.81388934710678,40.82408736743081],[-73.81383814248866,40.82404144642925],[-73.81378080191381,40.82399992051855],[-73.8132741739903,40.82396666581975],[-73.81319339244563,40.82413798079523],[-73.81307687892671,40.824158431180074],[-73.81304282372506,40.8241905986624],[-73.81300354720268,40.824219125860765],[-73.81295971741383,40.8242435275519],[-73.81291207986256,40.824263388683164],[-73.8128614448218,40.82427837143294],[-73.81283277120244,40.824307238532114],[-73.81281028698106,40.82433911367457],[-73.81279452780765,40.82437323750041],[-73.81278586912302,40.82440879707819],[-73.81278451721477,40.82444494527131],[-73.81279050430132,40.82448082091927],[-73.81280368776335,40.824515569353004],[-73.8128173443127,40.82456968786906],[-73.81282365660982,40.82462458268798],[-73.81282255867971,40.824679680218736],[-73.81281406197633,40.82473440475093],[-73.81280769854108,40.8247447676966],[-73.81279911506363,40.82475416145977],[-73.81278855989761,40.824762314241795],[-73.81277633844459,40.824768990150176],[-73.81276280432002,40.82477399602444],[-73.81274834911939,40.82477718702469],[-73.81273339108938,40.82477847082255],[-73.81271836302544,40.824777810272536],[-73.81267565025148,40.82474855357686],[-73.81263921484612,40.824714750434715],[-73.8126098854334,40.8246771696159],[-73.81258832902596,40.82463666580305],[-73.81254791395124,40.82458342733984],[-73.81250030741208,40.8245337377012],[-73.8124460443369,40.82448815520603],[-73.81238573444398,40.82444719202387],[-73.81232005539012,40.8244113084201],[-73.81224974515709,40.824380907585265],[-73.8121755937595,40.824356331104234],[-73.81209843436784,40.82433785511916],[-73.81201913394872,40.82432568722658],[-73.81195839613497,40.82433527463156],[-73.81189679599484,40.824340846241256],[-73.81183479277101,40.82434236051819],[-73.81177284871205,40.82433980617299],[-73.8117418282738,40.8243553093245],[-73.81171416962154,40.8243741290071],[-73.81169048184779,40.82439585078003],[-73.81167128660182,40.82441999629311],[-73.81165700660038,40.824446033820884],[-73.81158752718979,40.824492600367755],[-73.81164355619616,40.824601662268854],[-73.81161100459448,40.82461149170266],[-73.81155844768891,40.82451209023524],[-73.81145450110421,40.824550777477754],[-73.81139235765173,40.82455067585321],[-73.8113333076674,40.82455530009854],[-73.81126489672882,40.82457407017891],[-73.81122136266126,40.82458580068875],[-73.81119333024951,40.82460935833433],[-73.81118706943631,40.82462587019269],[-73.81119009570455,40.824654199027165],[-73.81121173987003,40.824692000194645],[-73.81121163272373,40.8247297657497],[-73.81121152557873,40.82476753080186],[-73.81120379684033,40.82478211456274],[-73.81119903005337,40.824791113883485],[-73.81116795788424,40.824791063006046],[-73.81116561831503,40.824789871760835],[-73.81114003255594,40.82477685441329],[-73.81112145616682,40.82475322111849],[-73.8111029139569,40.82471778543667],[-73.81105945414954,40.82470355254888],[-73.81103147525586,40.82470822704219],[-73.81102206082721,40.82474125700529],[-73.8109752916904,40.824797828108466],[-73.81091717931496,40.82484035124969],[-73.81084728678641,40.824872490965],[-73.81087496294379,40.82511394844671],[-73.81078485286451,40.825113800625225],[-73.81076192559188,40.82490157071443],[-73.81068601764463,40.82492378484956],[-73.81064242541402,40.824936540965524],[-73.81052734503115,40.82497647758419],[-73.81046825426856,40.824995264180416],[-73.81040914396259,40.82502113046919],[-73.81036867618955,40.825047027385985],[-73.8103312351883,40.82510125364733],[-73.81031870564847,40.82513663767607],[-73.8102968738704,40.82516492631089],[-73.81025025884574,40.825167210037044],[-73.81020678524449,40.82515769664295],[-73.8101601978205,40.825150538527254],[-73.81006078637894,40.82514329456974],[-73.80990841221151,40.82518552905538],[-73.80980576678344,40.82522312553307],[-73.80968028036179,40.82526297277728],[-73.8096548114174,40.825275535621806],[-73.8095722864966,40.82537616136606],[-73.80944144497771,40.82549396224519],[-73.80935119369302,40.825543380566785],[-73.80930446315837,40.825585788862455],[-73.80924839089201,40.82563526361896],[-73.80922018271418,40.825720188582274],[-73.80919816842238,40.82581220521564],[-73.80916700777829,40.825842837949295],[-73.80909234633549,40.8258733981643],[-73.80898675442158,40.82585434128318],[-73.80888744462783,40.8258116906774],[-73.80878493921433,40.82579971898313],[-73.80870719042498,40.82582319357294],[-73.80859213406444,40.825853686951135],[-73.80853309675436,40.82585358894344],[-73.80846922650872,40.82586033865257],[-73.80843370571013,40.825839261687214],[-73.80838405054307,40.82581793674254],[-73.8082753447703,40.82580123328321],[-73.80816347858548,40.82580340715947],[-73.80807959655905,40.82579854724728],[-73.80799778085272,40.825790367362714],[-73.80798431158676,40.82582757491875],[-73.80795249362444,40.825825576973955],[-73.80796309299755,40.82578174273254],[-73.80789323724026,40.82577227298314],[-73.80783421319278,40.82576745480322],[-73.80775957168107,40.82579093276007],[-73.80772524164837,40.8258428029382],[-73.80770957571971,40.82588762397257],[-73.80766604765233,40.82589699205927],[-73.80764748561123,40.82586863722265],[-73.80763826655806,40.825833217208825],[-73.80757311562436,40.825797703205104],[-73.80752039504299,40.82576220991289],[-73.80746459514764,40.825717270777],[-73.80741500869622,40.82567234199062],[-73.80734677251863,40.82562974194507],[-73.80730969098877,40.825558869373616],[-73.80727567651664,40.82550216477559],[-73.8072287509376,40.825455623742094],[-73.80716084578602,40.82545476639783],[-73.80710187725667,40.8254310642326],[-73.80702113005167,40.825416767444395],[-73.80697771152201,40.82538837089766],[-73.80697779368697,40.82536004598361],[-73.80699654610872,40.825322312813185],[-73.80697191452626,40.8252443807074],[-73.80691927004251,40.825182923301895],[-73.80686672775298,40.82508606190446],[-73.80681727303701,40.82499628591205],[-73.80680811003201,40.82494198271807],[-73.8068081786768,40.824918339253294],[-73.8068082607937,40.82489005554809],[-73.80678982983369,40.824816854795024],[-73.80675587036104,40.82474126692528],[-73.80673428399315,40.8246845829846],[-73.8066940271135,40.82463730909292],[-73.80666416253398,40.82463077264209],[-73.80665055458624,40.82462779486027],[-73.80659773251966,40.824627706280886],[-73.80656361554976,40.82460640543196],[-73.8065730253077,40.824575737414534],[-73.80663305925727,40.82455197774082],[-73.80663835217979,40.82454988301009],[-73.80671607190361,40.824535851615444],[-73.80675345538381,40.824502869543814],[-73.80677536296291,40.824448617737126],[-73.80677866215531,40.82438253481802],[-73.80675402432223,40.82430696256082],[-73.80670755354015,40.82425967758689],[-73.80665477291527,40.824245426909144],[-73.80659267091683,40.82423116107607],[-73.8065398628887,40.82422635215293],[-73.80653971012154,40.824226255234954],[-73.80652125397425,40.824214519159476],[-73.80651819407534,40.82419799191291],[-73.80652975478517,40.82417364586338],[-73.80658800807504,40.82417240690557],[-73.80669991403106,40.82415607293711],[-73.80673104693946,40.82413488149515],[-73.80673534271885,40.824127044858585],[-73.80676853145432,40.824066494771685],[-73.80679049436186,40.82399336168939],[-73.80676901809413,40.823898912192725],[-73.80675058060025,40.82382807065881],[-73.80670714972958,40.823804394990766],[-73.80664809366584,40.82381137674576],[-73.8066002188434,40.82381649005922],[-73.80653930859727,40.82382299606178],[-73.80648339363748,40.823818181899355],[-73.80646480610469,40.82379926749933],[-73.80646486788677,40.82377802514867],[-73.80650842971899,40.823756854625024],[-73.8065799422165,40.823740452484586],[-73.80660475663646,40.82373630732938],[-73.8066638763997,40.82372643154842],[-73.80669197728993,40.82367927106443],[-73.80670458478495,40.82361792408355],[-73.80668314901997,40.82350931293989],[-73.80666166000621,40.823419584237335],[-73.80659975771903,40.82333686868617],[-73.80656262901503,40.82331927529299],[-73.80650977491689,40.82329423164883],[-73.80642582751348,40.82331297329438],[-73.80634189402245,40.823326994058554],[-73.806264174748,40.82334102570481],[-73.80623630693701,40.8233079346509],[-73.8063016326953,40.823282080431696],[-73.80637938534883,40.823256247544684],[-73.80646027418055,40.8232209775116],[-73.80651018671028,40.82315261172057],[-73.80650507976597,40.823136289101384],[-73.8064917147143,40.823093573024885],[-73.80644539068587,40.822996720660264],[-73.80638355020652,40.8228927626324],[-73.80629982379452,40.82283597423728],[-73.80622518370484,40.82285945171272],[-73.80612875487964,40.822897054873245],[-73.80604792752236,40.8229110811485],[-73.80596714429264,40.822910945244445],[-73.80595169124446,40.822882595349604],[-73.80601079450372,40.82285909124443],[-73.80608232613194,40.82283560868026],[-73.80614763085906,40.82281683527504],[-73.80620054772415,40.822783879989416],[-73.80622242082086,40.82274142998961],[-73.80622264763869,40.82266354012857],[-73.80621136474034,40.82260935291496],[-73.80611828824917,40.822419671143535],[-73.80607380641383,40.822329019288695],[-73.80604676609191,40.82227391080513],[-73.8058623716858,40.82189812884789],[-73.80582465580834,40.8217677897932],[-73.80581748219562,40.82167150380375],[-73.80585139220263,40.821546971806484],[-73.80590748413384,40.82148477084888],[-73.80595822489663,40.82142804377353],[-73.80599142834015,40.82082662792629],[-73.80599159848933,40.82082355849026],[-73.80572802989728,40.8201773386952],[-73.80571008397013,40.820157144012136],[-73.80547386437809,40.819906650556796],[-73.80523559070713,40.819657282881906],[-73.80507202199193,40.819487976380934],[-73.80461931205204,40.81902711471654],[-73.80451800416989,40.81892768796041],[-73.80441057113022,40.818832044133494],[-73.80429725735547,40.8187404008141],[-73.80417832064381,40.81865296647908],[-73.80405403158099,40.818569940029484],[-73.80392467292609,40.818491510338184],[-73.80379053896661,40.81841785582081],[-73.80365193485088,40.81834914402928],[-73.80350917589287,40.81828553127139],[-73.80348320649303,40.81827698546684],[-73.8033684017511,40.818251071676166],[-73.8032484670736,40.818244113993785],[-73.80313418501758,40.81823812810014],[-73.80301362934604,40.818233059630195],[-73.80288339224204,40.81823100031608],[-73.80276008083692,40.81823144647594],[-73.80267407634148,40.81823857509168],[-73.80262323567494,40.8182674487508],[-73.80259400940082,40.8183379343511],[-73.80258966124985,40.818389255992656],[-73.8025867881536,40.81842309141127],[-73.80257434029811,40.81845160643438],[-73.80256135485664,40.818481373285714],[-73.80252163401762,40.81852598830611],[-73.8024681188673,40.81854090752843],[-73.80241341714392,40.818516527403936],[-73.80233422077421,40.81849426583168],[-73.80230024253227,40.818484716294655],[-73.80226765659565,40.818497141850926],[-73.8022483224923,40.81850952629933],[-73.80220279006224,40.81853869718635],[-73.80207892871852,40.81855673696875],[-73.80204560721448,40.81854554121316],[-73.80204009442899,40.81846643141281],[-73.80197334958191,40.81841286769051],[-73.8019326756341,40.81838795976877],[-73.80188493617563,40.81835871604607],[-73.80181296255238,40.81833662198742],[-73.80171061980559,40.818305203332876],[-73.80161145368596,40.81826688769719],[-73.8014985136908,40.81824200284879],[-73.80139204580553,40.81821933466901],[-73.8012881698646,40.818181904888824],[-73.80118601433848,40.81812850298562],[-73.80111614609928,40.818105261560376],[-73.80105131432069,40.81810033656104],[-73.80102525135845,40.81810145588526],[-73.80092684531259,40.81810569511231],[-73.80081368242534,40.81808951764749],[-73.8007085972132,40.81804327579612],[-73.80061605242341,40.81796368509947],[-73.8005902735804,40.81793343647047],[-73.8005840214994,40.81790942404632],[-73.80056845152116,40.81784964889869],[-73.80056796051944,40.81776515105786],[-73.80057465165983,40.81769805136137],[-73.8005160029976,40.81766575583145],[-73.80041703028706,40.81761239124639],[-73.80032540130557,40.81756044516139],[-73.80022386030393,40.81751916203808],[-73.80012274051536,40.81748099099314],[-73.80001404318307,40.817440716844544],[-73.79990141867528,40.81740170176266],[-73.79980572877204,40.81736780671817],[-73.79969124449826,40.81733026258687],[-73.7995719363101,40.81729519786719],[-73.79945510758098,40.817257374852026],[-73.79934989786554,40.81721477821567],[-73.79850007735088,40.81690127453343],[-73.79841793857375,40.81687389287131],[-73.79833284888693,40.81685233068857],[-73.79824552091297,40.81683676856719],[-73.79820543963756,40.816832999079715],[-73.79816667581602,40.81682438726044],[-73.79813023616259,40.81681115676234],[-73.79809706702973,40.81679365118743],[-73.79806802983175,40.816772325163086],[-73.79798602931383,40.81665336118512],[-73.79794895970518,40.81662089357755],[-73.79786896666037,40.81659150939848],[-73.79775546111739,40.816563428865],[-73.79765368520133,40.816533345942545],[-73.79759032777474,40.81650753156775],[-73.79740587876202,40.81585153613411],[-73.79738112573526,40.81576350489581],[-73.79744080996149,40.81571872968748],[-73.79771465236787,40.81551329274363],[-73.79811945293466,40.81569878500344],[-73.798642206466,40.81546401593534],[-73.79902816314,40.81554113493885],[-73.7999467818626,40.8144495656896],[-73.8001114686428,40.81402452556079],[-73.8004882479156,40.81386700886436],[-73.80091593237641,40.813761402506735],[-73.80110647514584,40.81353949953014],[-73.80131991856462,40.813260900539206],[-73.801458005173,40.81294094720333],[-73.80174561215946,40.8128650174159],[-73.80151992552115,40.812554047116166],[-73.80142634447695,40.812424421536356],[-73.8013738591895,40.8124442463239],[-73.80133906141197,40.81239373439257],[-73.80139154446515,40.812373909616944],[-73.80138806882768,40.81236726411386],[-73.80140380968845,40.8123633086587],[-73.80155119869595,40.81256980959437],[-73.8017593218082,40.81286139698747],[-73.80198616934317,40.81280721841858],[-73.80204169408822,40.812801928780196],[-73.80209586192709,40.81279125641026],[-73.80214777278054,40.8127753786462],[-73.8021942557928,40.812755690928405],[-73.8022372188614,40.81273182985802],[-73.80227601633074,40.81270415402528],[-73.80231006514856,40.81267307934887],[-73.80237651454003,40.812624624999515],[-73.80244891708568,40.81258137390416],[-73.80252656997246,40.81254374589604],[-73.80260871942592,40.81251210622497],[-73.80269456802884,40.812486762012426],[-73.80278328245947,40.81246795927049],[-73.80287400158026,40.81245588051413],[-73.80296584479713,40.812450642989454],[-73.80305792060486,40.81245229753628],[-73.80314933524082,40.8124608280943],[-73.80323920136038,40.812476151858824],[-73.8033266466476,40.81249812008483],[-73.8034108222838,40.81252651953052],[-73.80343736671587,40.81254117547501],[-73.80346622080125,40.812556885061596],[-73.80347338523777,40.81256078435488],[-73.80351459219176,40.812560830966774],[-73.80352875391118,40.81254959240008],[-73.80355070404843,40.812532172701154],[-73.80355692192444,40.812529717496325],[-73.80357961727327,40.81252075404436],[-73.80361424977075,40.812523113660696],[-73.8036279543672,40.81253878299371],[-73.8036450851221,40.812558369532006],[-73.80365362617859,40.81258055600108],[-73.80365014193822,40.81260664140347],[-73.80364013123157,40.812635144801845],[-73.80355021877938,40.81285740190142],[-73.80351997906492,40.81292187125176],[-73.80362063328027,40.812964740817904],[-73.80373757162269,40.81279360802276],[-73.80377912019877,40.812809906043235],[-73.80361429261028,40.81304451492828],[-73.80368492820652,40.81310869607725],[-73.80370415669779,40.8131275339897],[-73.80377171351131,40.81319372114651],[-73.8037917388226,40.813213340563635],[-73.80385705015254,40.813277327596396],[-73.8038800682624,40.813299878414135],[-73.80394693022657,40.8133653836302],[-73.80398120596578,40.81339896380859],[-73.80399360549882,40.813411112183694],[-73.80417389009479,40.81358773881873],[-73.80423653201755,40.81364652799341],[-73.80425238349035,40.81365044031175],[-73.8043443365332,40.81359676461426],[-73.804358103467,40.81360853867418],[-73.80432127867917,40.81363188929223],[-73.80419004986149,40.81370794409663],[-73.80415365301042,40.81373067286529],[-73.8041423746032,40.81371830410712],[-73.80422899591787,40.81366330521183],[-73.80415866820893,40.813597522048745],[-73.80395040123676,40.81339773172154],[-73.80394338723917,40.81339100238126],[-73.80389636709151,40.81334589574311],[-73.80387189663088,40.81332242123882],[-73.80384850093265,40.813299977328114],[-73.80379871138616,40.81325221334832],[-73.80377802413402,40.81323236949532],[-73.80372561929765,40.813182096199824],[-73.80370612798548,40.81316339722443],[-73.80360189093184,40.81305645256893],[-73.80355921193633,40.813042712172475],[-73.80361455805945,40.81297219119175],[-73.80351370643069,40.812935243289566],[-73.80345921365522,40.81305142207812],[-73.80338820741223,40.81312996652149],[-73.8033003046772,40.813160684894314],[-73.80325294454971,40.81319677355019],[-73.8032354331691,40.81329636637092],[-73.80334439553558,40.81332008282442],[-73.80334968170573,40.813305156158115],[-73.80346101380117,40.813329243757735],[-73.80345177160164,40.81335213116926],[-73.80336795116905,40.8133320723839],[-73.80336399216976,40.813341027208935],[-73.80323201378704,40.81331580967383],[-73.80322449366629,40.8133585805214],[-73.80329365293555,40.81337585861381],[-73.80335641541957,40.813392021765516],[-73.8033586516029,40.81338421523359],[-73.8034551929976,40.81340269099075],[-73.80345039819939,40.81341422712514],[-73.80351937559516,40.8134850088733],[-73.80352565577272,40.813491655236625],[-73.80355921961917,40.81352717208738],[-73.80358389635965,40.81355328519079],[-73.80363362401805,40.81360590670721],[-73.80363990685947,40.81361255474398],[-73.80369692748782,40.813672893625196],[-73.80370197676172,40.81367823688458],[-73.80396704457125,40.813966553255575],[-73.80404393782305,40.81394089451788],[-73.80405436278971,40.81395450687973],[-73.80407143404256,40.813966010005146],[-73.80409073408251,40.81395152475985],[-73.80418428440666,40.81403045739749],[-73.80417379955185,40.81403815947133],[-73.80419080253513,40.81405279568072],[-73.80417701117335,40.814060768220266],[-73.8041919164268,40.81407447663177],[-73.80421121425614,40.81409222432182],[-73.80424913836396,40.81412710072015],[-73.8043747213263,40.8142425907481],[-73.80443465897424,40.81429319648734],[-73.80445407178665,40.814292191429516],[-73.80452231465456,40.81424730125932],[-73.80453081609834,40.81425461992452],[-73.80443367591059,40.81431888609888],[-73.80425937361548,40.81416055874263],[-73.80423729676549,40.81414087779602],[-73.80420271980937,40.81411005230133],[-73.80417015187051,40.814081016526096],[-73.80412441310237,40.814040240001226],[-73.80409350211184,40.814012682577996],[-73.80403602000342,40.813963048622945],[-73.80395955345396,40.81398808555844],[-73.80392654060662,40.81395130327659],[-73.80387071965497,40.813891952437174],[-73.80384261688646,40.8138620716294],[-73.8038389579504,40.81385818167487],[-73.8038036632947,40.81382065551718],[-73.80379652765603,40.813813068401636],[-73.80375932423901,40.813773511260614],[-73.80375575455592,40.813769715771734],[-73.80371743434281,40.813728971477325],[-73.80370996088197,40.813721024272766],[-73.80367439908748,40.813683213329924],[-73.80367016405384,40.8136787114256],[-73.80363275064951,40.81363893141202],[-73.8036267551889,40.81363255676241],[-73.80359077080303,40.81359429543649],[-73.8035847810641,40.81358792732789],[-73.80354829974338,40.81354913760587],[-73.80354113734674,40.813541521949304],[-73.80350374365536,40.81350176403949],[-73.80349891935164,40.81349663307363],[-73.80346343494928,40.813458903947954],[-73.8034602669293,40.81345290735467],[-73.8034304211,40.81342211984301],[-73.80335485916852,40.81340642122681],[-73.80335745131438,40.81340112448995],[-73.80329255692035,40.813388069644105],[-73.80322176299285,40.81337410994241],[-73.80319870538818,40.81350524057228],[-73.80351667337368,40.8139519636488],[-73.80356595538284,40.813999297010874],[-73.80388842506143,40.814309007761004],[-73.80418033130341,40.81458996281165],[-73.80431466904538,40.81459216048109],[-73.80436017115906,40.81456966791233],[-73.80435321971795,40.814556379268694],[-73.8043917200654,40.81453785620187],[-73.80443003333593,40.814583062613295],[-73.80438628236728,40.81460423205377],[-73.80436535843762,40.81458826393269],[-73.80432977892738,40.81460314258602],[-73.80435128904188,40.81461877682606],[-73.80436154415412,40.81469712818227],[-73.80440501682179,40.81477022485225],[-73.80447282080358,40.81488983215387],[-73.80460283523365,40.81504422819833],[-73.80461752374775,40.81505901320205],[-73.80464897468471,40.8151251050466],[-73.8046869621925,40.81518918424193],[-73.80471812332812,40.81523050509418],[-73.80475934689281,40.81527223036825],[-73.80480730478389,40.81530957125331],[-73.80486119709725,40.815341904921176],[-73.80488528909275,40.81538273996613],[-73.80491612832557,40.81542086566639],[-73.80495319708416,40.81545564197578],[-73.80499587307426,40.815486485076136],[-73.80501544168519,40.81549785184575],[-73.8050324876377,40.81551136175385],[-73.80504660860831,40.8155266959369],[-73.80505747130844,40.81554349247436],[-73.80506481935183,40.81556135493036],[-73.80508597816805,40.8156000538541],[-73.8051146551114,40.81563584974267],[-73.80515017978048,40.815667905755795],[-73.80519172168331,40.81569547248314],[-73.80523830965282,40.81571790546496],[-73.80528885455031,40.81573468025827],[-73.8058461181963,40.816014158147624],[-73.80596026416015,40.816042449239596],[-73.80619919500408,40.816287070772994],[-73.80628451748302,40.816268486891346],[-73.80641593595035,40.816513690357894],[-73.80654546539178,40.81661485284191],[-73.8065724726017,40.81660635539256],[-73.80656664218886,40.81660043734682],[-73.80658358725697,40.8165945881658],[-73.80654668247664,40.816527049441],[-73.80654330780881,40.8165278973177],[-73.80630968841191,40.816146807159036],[-73.80623465856394,40.8160696799883],[-73.80615069965506,40.815985857703694],[-73.80611761373622,40.815952209326255],[-73.80608837514092,40.81593114701581],[-73.8060233194087,40.81588685408788],[-73.8059940724492,40.81586694129439],[-73.80597884247236,40.815856571344376],[-73.80594103581147,40.81583082968164],[-73.8059290494145,40.81582266981081],[-73.80588896267908,40.815795375693384],[-73.80587372833129,40.815785003544185],[-73.80583410312231,40.8157580231209],[-73.80581997726605,40.81574840602276],[-73.8057992148723,40.81573426914946],[-73.80578506371808,40.81572463491688],[-73.80573575544753,40.815691061793835],[-73.80571940783229,40.81567993187625],[-73.80567946981297,40.81565273895319],[-73.80566605855704,40.81564360768961],[-73.8056135268847,40.81560783986623],[-73.80558653716136,40.81558946396087],[-73.80556394546224,40.81557408176343],[-73.80554519963408,40.81556131843001],[-73.80551227589076,40.815538902186624],[-73.80545310964646,40.81549861684724],[-73.80543412145816,40.81549900093806],[-73.80541005396141,40.81550527533792],[-73.8053787878482,40.815482620282864],[-73.8052821809176,40.8154111733449],[-73.8050810346668,40.815197964012754],[-73.80506739580066,40.815183188549376],[-73.80504496718325,40.81515889219258],[-73.80498138534985,40.81509001337177],[-73.80495091220341,40.81505700198104],[-73.80493788840948,40.81504289127586],[-73.80488927230539,40.814990226652114],[-73.8048746512254,40.81497438672553],[-73.80483702030689,40.81493362102916],[-73.80482922720184,40.814925178154624],[-73.80464185020507,40.814723741535225],[-73.80455440518865,40.81462984223728],[-73.80455902583564,40.81462613972926],[-73.80454209268697,40.814608369639195],[-73.80465942815025,40.814544989122176],[-73.80468358440335,40.814571940402224],[-73.80458924572565,40.81462151114415],[-73.80464142045771,40.814680847239785],[-73.80465309753217,40.81469412846002],[-73.80468790441603,40.814733712069895],[-73.80470143568597,40.814749101040796],[-73.80473920794104,40.81479205908503],[-73.80475413212416,40.81480903083805],[-73.80479626573847,40.81485694828318],[-73.80481419768991,40.81487734178974],[-73.80498880311676,40.815067255605975],[-73.80503703935383,40.815119720860096],[-73.80505018523058,40.81513402005814],[-73.80509851805564,40.81518659082229],[-73.8051115026287,40.81520071300178],[-73.80516130844806,40.815254884750644],[-73.80517384860573,40.815268524202956],[-73.80521866258812,40.81531726672242],[-73.8052425045649,40.81534064421292],[-73.80527878825075,40.815377264776494],[-73.805295359951,40.81539028515096],[-73.80535574933889,40.815437737506855],[-73.80538058746234,40.81545725436484],[-73.80539844430555,40.81547064745846],[-73.8054362345984,40.815459533642915],[-73.80554514789817,40.815534273469034],[-73.80556384511613,40.81554714376898],[-73.80562333543433,40.81558809333072],[-73.80564435234865,40.81560255884636],[-73.8056960781262,40.81563816447383],[-73.80571555266238,40.815651568452665],[-73.80574845644438,40.81567421796582],[-73.80588246586188,40.81576646002252],[-73.80589470306954,40.81577488333452],[-73.80591819777831,40.8157910553582],[-73.8060592785209,40.815890125359594],[-73.80610141797911,40.815919716954006],[-73.80621827961798,40.81602684183046],[-73.80632932566165,40.81613795881775],[-73.80639654597478,40.816245282896645],[-73.80641916862106,40.81628140254134],[-73.80642825943627,40.81629374762958],[-73.8064518701059,40.81632580611467],[-73.8064628307186,40.816340688821654],[-73.80648254634458,40.81636746054775],[-73.80649071162662,40.81637854864659],[-73.80651302341059,40.816408843918],[-73.80651889611549,40.81641681790203],[-73.80654164576909,40.81645487817441],[-73.80655014924943,40.81646910357071],[-73.80657281840737,40.81650702817389],[-73.80658167058787,40.81652183764161],[-73.80661216122775,40.81657794543175],[-73.80670737798758,40.8165529425348],[-73.80671967987072,40.81657517074711],[-73.8065868955687,40.81661680080262],[-73.80658464685322,40.81661679703046],[-73.80657923631752,40.81661807471217],[-73.80660603189511,40.81666449454388],[-73.80692933177552,40.81656837907689],[-73.8068860922784,40.81648781099866],[-73.80685196012053,40.81642687966955],[-73.80679665584827,40.816332788342564],[-73.80679174430693,40.81632443285394],[-73.80678668905028,40.81631583119788],[-73.80676068779934,40.81627159592006],[-73.80675616662523,40.816263901969485],[-73.80673208315861,40.81622292842406],[-73.80672672445573,40.816213811285294],[-73.80669928739934,40.816167131409266],[-73.80669511006323,40.816160025374586],[-73.80666804914362,40.816113983385655],[-73.80659999819879,40.815998204767915],[-73.80659257260054,40.815985570490064],[-73.80656839498864,40.81594443525635],[-73.80653572493937,40.81589198638647],[-73.80655435560061,40.815889090149675],[-73.80671792148993,40.816160117392],[-73.8068992956903,40.81648403113661],[-73.80694199535742,40.816564614220944],[-73.80694308670084,40.816564290547554],[-73.80695662026812,40.816560266980616],[-73.80704600153508,40.816533693875506],[-73.80694686997859,40.816214078576984],[-73.80679777288513,40.81602191978765],[-73.80679144235327,40.81600857420464],[-73.80676593813136,40.81597561451348],[-73.80662873423144,40.81568384020791],[-73.80658671974201,40.81569923127259],[-73.80657844298469,40.81573031518842],[-73.80640177811446,40.815702030649675],[-73.80641230578708,40.815664449389786],[-73.80656368335622,40.815687602254556],[-73.80661773802603,40.81566855824362],[-73.80663156323897,40.81559499146097],[-73.80641254543147,40.81538012363821],[-73.80568442908414,40.81503342491178],[-73.80563442479753,40.81484055102219],[-73.80563928157714,40.81478814202388],[-73.80563622499177,40.814760737344066],[-73.80552497104173,40.81473553275422],[-73.80545612201098,40.814686574062925],[-73.80552216254941,40.81462354753537],[-73.80553479961696,40.8145914039102],[-73.80557414932771,40.81454024485639],[-73.80556643108896,40.81449853724874],[-73.8055243508111,40.81447405907861],[-73.80544907246428,40.81441614019015],[-73.80542559785584,40.81440061374097],[-73.80544145249429,40.8143410760256],[-73.80544627434288,40.81430058016781],[-73.80541823151218,40.814238586001785],[-73.80542145441454,40.81413146096247],[-73.80540823057787,40.813797871824775],[-73.80543565869458,40.81377273356537],[-73.8054570410133,40.81374440914753],[-73.80547175081567,40.813713728773855],[-73.80547935695976,40.813681591700536],[-73.80547963651674,40.81364893987877],[-73.80547258130348,40.81361673034591],[-73.80545839812088,40.81358590717423],[-73.80544381730385,40.813573790725194],[-73.80543221175745,40.81355994219426],[-73.80542393068289,40.813544778274284],[-73.80541922324966,40.813528755236916],[-73.80541823109809,40.8135123552038],[-73.8054209840788,40.81349607163966],[-73.80543651178225,40.81347416294499],[-73.80544730491822,40.813450669856536],[-73.80545309417745,40.81342617858389],[-73.80545373510917,40.813401300243285],[-73.80544921172645,40.81337665560838],[-73.80543963690404,40.81335285962067],[-73.80532209378916,40.81322686157073],[-73.80535472506055,40.81313023034072],[-73.80527019981369,40.81284477092384],[-73.80504209289607,40.812629047234935],[-73.80503226584166,40.812607875054105],[-73.8050268852106,40.81258580029234],[-73.80502608153378,40.81256335849005],[-73.80502987430387,40.8125410940914],[-73.80503817150297,40.81251954723598],[-73.80505077183508,40.81249924065554],[-73.80506170233515,40.81244965584132],[-73.80506470877313,40.81239943229599],[-73.80505974756923,40.81234929833742],[-73.80504689068589,40.81229998098285],[-73.80502632458436,40.812252195406124],[-73.80499834751825,40.81220663456617],[-73.80496336520925,40.81216395915914],[-73.80492188496162,40.81212478803689],[-73.8048745083053,40.812089689233325],[-73.80482192227326,40.812059171727554],[-73.80476488943775,40.812033678062946],[-73.8045752201116,40.81212294134997],[-73.80454499255053,40.81211523111726],[-73.80451665529088,40.81210412464925],[-73.80449086484475,40.81208987925881],[-73.80446821871902,40.81207282498072],[-73.80444924157248,40.812053356925546],[-73.80443437306047,40.81203192612502],[-73.80441699793259,40.81202200899455],[-73.80438958921822,40.81201183661807],[-73.80409213791951,40.81212271705077],[-73.80405622463057,40.812072026803335],[-73.8039118606247,40.81211049788137],[-73.80371657801687,40.81189037655246],[-73.80343920885609,40.811591337864456],[-73.8033727645836,40.81153978619663],[-73.80324120111668,40.81124028477843],[-73.80317383566015,40.81086860210198],[-73.80293001868921,40.810541861353],[-73.80257487166328,40.810283833341174],[-73.80235340279003,40.81003705895922],[-73.80230363897527,40.81002485087821],[-73.8022519256302,40.810018949363425],[-73.80219963746983,40.81001951129686],[-73.80214816448928,40.810026521740625],[-73.8021513259832,40.810038094245456],[-73.802152036606,40.810049901085954],[-73.8021502784364,40.810061644530265],[-73.80214609580884,40.81007302844491],[-73.80213959419508,40.81008376576262],[-73.80213093754489,40.810093585721035],[-73.8021203441515,40.81010224069092],[-73.8014783291995,40.81060627908888],[-73.80135552746913,40.810710844895134],[-73.80115707624903,40.81058776561525],[-73.80101172909842,40.810713399647476],[-73.80099517994405,40.810707076331674],[-73.80113608416073,40.8105761778901],[-73.80124032530553,40.810479339740574],[-73.80146670007328,40.81014171796329],[-73.80010949916637,40.80971095407848],[-73.7985376596495,40.809587075529905],[-73.79575752264299,40.8083433211444],[-73.79376346976115,40.80745116787305],[-73.79367568886633,40.807423787976234],[-73.79361464719491,40.807392062706306],[-73.79228907337423,40.80684900557966],[-73.79172376985717,40.80687811405378],[-73.79166240650808,40.80688291238636],[-73.79160253201479,40.80689419247737],[-73.79154532621271,40.806911732051084],[-73.7914919163525,40.806935185487866],[-73.79144335488805,40.806964090634075],[-73.79140059873883,40.806997877908465],[-73.79136449043281,40.80703588152584],[-73.79134207789814,40.807054315757014],[-73.79132391894427,40.80707527898949],[-73.791310499146,40.80709821066611],[-73.79130217735484,40.80712249759266],[-73.79129917610152,40.80714749033493],[-73.79130157564589,40.80717252058432],[-73.79130866025348,40.807195389702784],[-73.79132025576118,40.80721716920474],[-73.79133609043717,40.80723734869633],[-73.79135579320533,40.807255455278536],[-73.79137890234104,40.80727106463028],[-73.79140863371939,40.807285320333825],[-73.79144116789494,40.80729544296882],[-73.79148511909492,40.80731907952266],[-73.79152496565665,40.80734659809345],[-73.79156011730521,40.807377591032996],[-73.79159005331158,40.80741159922459],[-73.79158656710288,40.80742742161496],[-73.79157971432251,40.807442595684684],[-73.79156968039233,40.80745671084958],[-73.79155673681113,40.807469385177704],[-73.7915412338091,40.80748027572318],[-73.79152359087004,40.8074890878062],[-73.7915042853815,40.807495582986604],[-73.79148383971754,40.807499585515714],[-73.79146280710383,40.80750098709168],[-73.79144175664779,40.807499749790075],[-73.79130225121963,40.8074506998064],[-73.79115926601413,40.8074078238027],[-73.79101327382497,40.80737126355057],[-73.79086475738563,40.80734113993815],[-73.79082222381102,40.807250977358834],[-73.79078700906337,40.807159010976385],[-73.79075924431392,40.807065583435275],[-73.79073903297527,40.80697104282227],[-73.79072645031711,40.80687574137004],[-73.79072154318602,40.80678003414408],[-73.79072432983139,40.80668427772046],[-73.79073479983785,40.80658882885675],[-73.79042839442921,40.806326649910964],[-73.79025263728434,40.806019197024774],[-73.79012463294092,40.805771559885905],[-73.7900820425006,40.80552272773643],[-73.79006256328036,40.80540894183462],[-73.79015192600129,40.80507998859258],[-73.79028410874172,40.80481710368903],[-73.79056823807788,40.80455801129187],[-73.79065958257803,40.804485792582284],[-73.79103717515576,40.804263031702185],[-73.79160012936444,40.80414342358686],[-73.7916944800095,40.804121917860954],[-73.79176840663663,40.8041269678209],[-73.79184262942988,40.80412737732439],[-73.79191664476575,40.8041231435928],[-73.79198995042789,40.80411429535336],[-73.79206204901634,40.80410089264384],[-73.79215607115313,40.80405105832496],[-73.79224529219154,40.80399636431506],[-73.7923589285197,40.804040466137955],[-73.7924756874154,40.80407957599188],[-73.79259518946087,40.80411356678438],[-73.79271704632252,40.804142328058056],[-73.79284911683528,40.80416712808113],[-73.79298292614732,40.80418578572208],[-73.79311797997227,40.80419823206013],[-73.79325377942544,40.80420442111906],[-73.7933898228672,40.80420433003646],[-73.79351389643507,40.804261200315054],[-73.79358593394123,40.80437214572896],[-73.79365540502964,40.80438665146701],[-73.79373474810106,40.80444351547724],[-73.79400631451679,40.80463795216548],[-73.79401383625986,40.804826861296974],[-73.79451648626257,40.80500321868438],[-73.79480016551285,40.8053572350725],[-73.79492122397163,40.805485186733854],[-73.79504902475034,40.80560929507918],[-73.79518335679417,40.80572935511497],[-73.79532316874308,40.805844511252104],[-73.79546898919453,40.80595528161491],[-73.79562058008857,40.80606148534251],[-73.79577769394001,40.80616294902936],[-73.79584187394705,40.80616872120238],[-73.79601037569107,40.80592103186723],[-73.79618823923639,40.80599687767523],[-73.79620903473185,40.80596859046204],[-73.79650268526494,40.80610443548761],[-73.79636945999799,40.806277202766786],[-73.79651535630437,40.806292273788664],[-73.79702945544223,40.80634537771918],[-73.79715349910241,40.806393986682814],[-73.79791578987737,40.80671223002207],[-73.79884822044146,40.80717719276591],[-73.8005393787115,40.80839721112492],[-73.80131405110978,40.80877887838998],[-73.80145040925719,40.80887270753418],[-73.80144864095614,40.808912337225216],[-73.80151935368468,40.808951535672904],[-73.8015939316602,40.80898635388814],[-73.801671905973,40.80901657294826],[-73.80175278635589,40.809042002848],[-73.80183606426795,40.809062483694234],[-73.80192121609174,40.80907788671139],[-73.80203926631657,40.8091118611806],[-73.80221649929564,40.80914279263085],[-73.80241050555271,40.80915495189423],[-73.80259571755643,40.809147249084276],[-73.80278236265518,40.80912012339995],[-73.80291391205996,40.809075062495445],[-73.80308980214446,40.808985122849016],[-73.80325943197697,40.80891050715608],[-73.80339269891807,40.80884213602137],[-73.80350293516075,40.80880785954198],[-73.80359386615068,40.80875717047808],[-73.80361883887213,40.808716300058066],[-73.80365216061284,40.80865341531635],[-73.80366472540902,40.808606229502566],[-73.80367523088591,40.80858526898999],[-73.80369016239071,40.808565920994404],[-73.80370910705608,40.80854872049799],[-73.8037315410494,40.80853414310313],[-73.8037568440577,40.80852259188191],[-73.80378431643985,40.808514386230996],[-73.80381319857138,40.80850975304045],[-73.80384269184806,40.808508820420016],[-73.80387198076775,40.80851161415715],[-73.80390025547871,40.80851805700357],[-73.80392673417204,40.80852797081189],[-73.80397063437927,40.80857948910592],[-73.80400670109309,40.8086344052665],[-73.80403448453426,40.80869203447763],[-73.8040536382148,40.808751658089],[-73.80413994427606,40.80882364584091],[-73.80432460556175,40.80897027228298],[-73.80451556897218,40.809112162212],[-73.8046780836849,40.8092257987877],[-73.80484464134274,40.809336004286],[-73.80501511652447,40.80944269570717],[-73.80503236536408,40.80941769848632],[-73.80502190996843,40.80940772345341],[-73.80506135232542,40.80936497243753],[-73.80511892265707,40.80939693436328],[-73.80507948389705,40.809438689133465],[-73.80506378406417,40.809429700503394],[-73.80503639918926,40.8094556023109],[-73.80521045489566,40.8095578710006],[-73.80536120429785,40.809641904445016],[-73.80551448225135,40.80972325460535],[-73.80567020604411,40.80980187757875],[-73.8058488976049,40.80988733214579],[-73.80603047814957,40.80996919582129],[-73.80621482271201,40.81004741226087],[-73.80661359765998,40.81031221261767],[-73.80713987884187,40.810661676453925],[-73.8072417566975,40.81081524049027],[-73.80735019739234,40.81096618789904],[-73.80746907414824,40.81111930788929],[-73.80759470369257,40.81126928329019],[-73.80773421277563,40.81142370401779],[-73.80788088051817,40.81157424697555],[-73.80799293417998,40.811682120636],[-73.8081086644715,40.81178772981442],[-73.80822799216608,40.811891002197285],[-73.80839689707666,40.812028355043054],[-73.80857216379025,40.81216102727168],[-73.80875356778743,40.81228884890047],[-73.80894087668212,40.81241165616009],[-73.80913385051821,40.81252929170515],[-73.80933224207777,40.81264160481549],[-73.8095357971971,40.81274845158968],[-73.8097260988671,40.8128411909254],[-73.8099202908178,40.812929152261944],[-73.8099831494505,40.81294695890116],[-73.81006463809193,40.81296833566414],[-73.810164771254,40.812987973839306],[-73.8102681226226,40.812999480874986],[-73.81034693698682,40.812992088722645],[-73.81042488566318,40.81298055702468],[-73.81050159246392,40.81296494143406],[-73.81059832209459,40.81293882460379],[-73.81066931287849,40.81276436653773],[-73.8107847786833,40.812770951355176],[-73.81078967106336,40.812793192494006],[-73.81079927014399,40.81281453015252],[-73.81081331911302,40.81283439345667],[-73.81083144210365,40.812852250977514],[-73.81085315425022,40.81286762494873],[-73.81087787466052,40.81288010404963],[-73.81090494195674,40.81288935440964],[-73.81093363197091,40.81289512854103],[-73.81096317711896,40.81289727196046],[-73.81099021524277,40.81288837429705],[-73.81101873876966,40.81288275940503],[-73.81104806187882,40.812880562288925],[-73.81107747952389,40.81288183577643],[-73.81111203579594,40.81289587204681],[-73.81114311206505,40.8129140065974],[-73.81116987433028,40.81293575274863],[-73.81119160436302,40.81296052689503],[-73.81121212830357,40.81297907150008],[-73.81124703768344,40.81299329087495],[-73.81133318625712,40.813014675039405],[-73.81142401094972,40.813030756249155],[-73.81147990483964,40.813039699335135],[-73.81154772603186,40.813050955975754],[-73.81156607359787,40.81305400191424],[-73.81166625396277,40.81305770573809],[-73.81169687915175,40.81305692466941],[-73.81173149756583,40.813056042562394],[-73.81177347317572,40.81304371861317],[-73.81179920804846,40.813006586017174],[-73.81181560739807,40.8129747482141],[-73.81183200304997,40.81294468063787],[-73.81185065747438,40.81293940004048],[-73.81187624715334,40.812953604015505],[-73.8118948321903,40.81297310709527],[-73.81191569106015,40.813012086637755],[-73.8119412707777,40.81302983071754],[-73.81199714539541,40.81304585446255],[-73.81207166602559,40.81306013817178],[-73.81216251439946,40.813067366488575],[-73.81225801881489,40.81307637389112],[-73.8123442043051,40.81308536537707],[-73.81241175315147,40.81309255607485],[-73.81248159793859,40.81311214244927],[-73.81255145273762,40.813128188662034],[-73.81260732758811,40.8131442109384],[-73.81268886647128,40.813147884745845],[-73.81276572662496,40.81315863116859],[-73.8128331909565,40.813195916318776],[-73.81290297626016,40.813236744325934],[-73.81297045202061,40.813270488775686],[-73.81304259684661,40.813300700118944],[-73.81313381796316,40.81333105424325],[-73.81333838357921,40.81336844931698],[-73.81347005244895,40.813392518454634],[-73.81349441555793,40.81335936600033],[-73.81356245602345,40.813329972404645],[-73.81359806345634,40.81332634208583],[-73.81357530286485,40.813364414175396],[-73.81359789818818,40.81338534960184],[-73.81400319066054,40.81355146726609],[-73.81407925685048,40.81353356327444],[-73.81415712366724,40.81352089225875],[-73.81418673916913,40.81351750355445],[-73.81426797169944,40.8135121288595],[-73.81434951077092,40.8135124203943],[-73.81443067312418,40.81351837571591],[-73.81446017919359,40.81296310225685],[-73.81437165013288,40.812959419117654],[-73.8143693843687,40.81293640140616],[-73.81443694808743,40.81293828107329],[-73.81446963225495,40.812915320279494],[-73.81446965692912,40.812906469142895],[-73.81449994116008,40.81290828760471],[-73.81450223252202,40.812922453508435],[-73.81452546792079,40.81294550378039],[-73.8146186626928,40.812947424068334],[-73.81461860845134,40.81296689723888],[-73.81449745463847,40.812964931467135],[-73.81447727191015,40.81351854184135],[-73.81469475694274,40.81351931861406],[-73.81470560966756,40.813519355824184],[-73.8148570008712,40.81354084268825],[-73.814890079811,40.81354089580213],[-73.81501777001836,40.81354110074156],[-73.81533237506966,40.813522132317914],[-73.81551416367422,40.81350472099349],[-73.81566326325769,40.81351203974366],[-73.81576169237755,40.8135718498212],[-73.81587919093577,40.813767055364025],[-73.8162005689643,40.81384747597692],[-73.81648015546668,40.81385323238154],[-73.81667835319973,40.81380043997101],[-73.81674850706848,40.81370849827403],[-73.81686078332396,40.813688428782584],[-73.81724755216894,40.81360783264794],[-73.8173548154798,40.813577908289744],[-73.81737201626999,40.813574343804625],[-73.81735988456629,40.81337572003741],[-73.81737692242481,40.81337574702597],[-73.81738942091515,40.81357073625084],[-73.8174480681646,40.81355858322624],[-73.81759488728466,40.81354819351767],[-73.81760101809583,40.813548387661726],[-73.81777195284765,40.81355378455124],[-73.81789779310256,40.81354690260488],[-73.81792084127568,40.813544680100904],[-73.81793125037362,40.813400521983745],[-73.81793912728281,40.813395556086746],[-73.81794185814809,40.81335572885549],[-73.81793138112988,40.81335272551078],[-73.81793546303673,40.81329796423302],[-73.81797608887013,40.81329902414658],[-73.81797068908665,40.813356770815496],[-73.8179588932762,40.81335675219152],[-73.81795616014033,40.813397574517055],[-73.81796401253763,40.813401569483226],[-73.81795807110466,40.81354109003127],[-73.81804229161185,40.81353296785646],[-73.81807961497645,40.81351709530943],[-73.81807968272179,40.8134923116246],[-73.81808440601228,40.81346930619051],[-73.81811703024695,40.813467586756104],[-73.81814963601113,40.81347294922829],[-73.81820085716599,40.813487191717876],[-73.81845432163811,40.813459900590296],[-73.81854113857591,40.81345055317745],[-73.8187439158347,40.81342608835109],[-73.81893043021248,40.81338389527936],[-73.81916590911875,40.81332938673503],[-73.81938042142714,40.81327307513339],[-73.81946672338206,40.81323957533402],[-73.81956231040617,40.813218481311246],[-73.819681173456,40.813206276464854],[-73.81981638454947,40.813179933156086],[-73.81990270879282,40.813137581890416],[-73.82001227716462,40.81309217350282],[-73.82006955436798,40.81304473912314],[-73.82009596025102,40.81297308472331],[-73.82010759340298,40.81286406966558],[-73.82039207280113,40.81284401451],[-73.8204130295436,40.81297161162675],[-73.82047810145939,40.813018766338814],[-73.82055521517309,40.813017655077104],[-73.82049024326342,40.81283644919581],[-73.82044595032454,40.81284523139957],[-73.82040420162947,40.812774356302754],[-73.8204624983142,40.81275674407724],[-73.82043933256568,40.81270714158675],[-73.82042068366609,40.81271065267618],[-73.8202909114851,40.81244845249349],[-73.8202582789071,40.81245371266463],[-73.82024436122057,40.81243067757415],[-73.82106512070945,40.81220359196503],[-73.8210813694438,40.812226630574386],[-73.8203235551588,40.812439652195124],[-73.82042087950583,40.812638072505415],[-73.82112969804922,40.81244975686706],[-73.82113664072327,40.812467471161696],[-73.82044179624134,40.81265757783644],[-73.82046264635122,40.812701867355976],[-73.82048115677324,40.812749692860834],[-73.82053476598452,40.812742694375366],[-73.82056254831423,40.812808237821976],[-73.82052755199602,40.8128258857007],[-73.82058709143863,40.813019447110854],[-73.82084163522701,40.812998089329646],[-73.82096282827025,40.81298588510782],[-73.82105838069417,40.812977182776436],[-73.8211306443835,40.81296490242757],[-73.82117960695338,40.81295258706871],[-73.82123791376041,40.81293143382996],[-73.82125429431079,40.81290490620454],[-73.82125259793112,40.812901337640824],[-73.82124502768364,40.81288541858283],[-73.82122873118149,40.81288008227521],[-73.82121710519647,40.812871213575434],[-73.82121713848622,40.81285882114445],[-73.82122415255697,40.812849980845776],[-73.82124512277771,40.8128500133604],[-73.8212660962076,40.81284827614377],[-73.82130103684717,40.81285187094249],[-73.82133130764494,40.812858998126195],[-73.82136621348968,40.8128749848311],[-73.82141253439893,40.81287295247819],[-73.82139426361708,40.812841393320554],[-73.82145723512515,40.81281847796704],[-73.8214039410239,40.81270863984842],[-73.82142259915253,40.81270158730655],[-73.82151718570914,40.81284732123563],[-73.82162030083451,40.8128311216827],[-73.82168925261536,40.81276832745527],[-73.82170205886845,40.81275335780764],[-73.82166033195143,40.81267363135509],[-73.82169530549909,40.81266483427267],[-73.82175599067492,40.812768536024436],[-73.82197234447621,40.812750234169926],[-73.8221099447492,40.81270088014666],[-73.82209149942082,40.81262827121227],[-73.82212646342491,40.81262301462197],[-73.82217757126159,40.812679740811916],[-73.82228290825742,40.81266149978779],[-73.82213413969149,40.81236633903041],[-73.8221714521873,40.812354005276646],[-73.82227114362937,40.812540035187496],[-73.82225248068919,40.81254885759172],[-73.82230863560132,40.812658215078734],[-73.82263918380445,40.81257600731629],[-73.82272558091378,40.81250532945086],[-73.82285185101995,40.81249017339961],[-73.82290738835799,40.81247905532765],[-73.82298666429773,40.81245793391398],[-73.82307756008963,40.812447452525376],[-73.82318481038556,40.812421062859656],[-73.82324776141463,40.8124052267669],[-73.82332937582875,40.812380568735115],[-73.82339468020483,40.81235588549569],[-73.82345068402797,40.812324106032136],[-73.8234551334144,40.81230986502479],[-73.82346008270217,40.81229402676306],[-73.82346484675003,40.81225508855128],[-73.82346492657616,40.812224993839564],[-73.82346265768916,40.81220197747682],[-73.82347433550338,40.81219137377928],[-73.82349762473447,40.81219494957034],[-73.82352317906111,40.812223312617526],[-73.82355798874956,40.81227647361704],[-73.823566809061,40.8122764871151],[-73.82362089732918,40.8122765698737],[-73.82372112788637,40.81226079121793],[-73.82381669226842,40.81223637848506],[-73.82387804733212,40.81222093597307],[-73.82408760781654,40.81216384832528],[-73.82425634238227,40.81211043421103],[-73.82440984438078,40.81204919719733],[-73.82460487060291,40.811966099347586],[-73.82505782162893,40.8118299178869],[-73.82480905359992,40.81143928160021],[-73.82483004135572,40.81143223154391],[-73.82487876522168,40.81151019708621],[-73.8249276238048,40.8115368248174],[-73.82491588091875,40.8115722123595],[-73.82507659171799,40.81182331338762],[-73.82515527774036,40.811795628141866],[-73.82524350467826,40.81176134024024],[-73.82493047923725,40.81133679072737],[-73.82492115121352,40.811340316697944],[-73.82487938938073,40.811272983828395],[-73.82491670053449,40.811260649183616],[-73.82496314503017,40.811319137972795],[-73.82494681756404,40.81132619395666],[-73.82526664318074,40.81175234789871],[-73.8254048364168,40.81169864206287],[-73.82549075318562,40.81165933042357],[-73.82520803886291,40.811223916137614],[-73.82523137433307,40.811209789296456],[-73.82551303817354,40.81164913340958],[-73.82559378915639,40.811612185357056],[-73.82565070298223,40.81159229041371],[-73.82540857363014,40.81116226108622],[-73.82539691090074,40.81116755329246],[-73.82532502163363,40.811038216045475],[-73.82535766859549,40.81102764392394],[-73.82567229084796,40.81158474373054],[-73.8257251505201,40.81156626540882],[-73.82576645033132,40.811551828553526],[-73.82559709277551,40.811240436769],[-73.8256250897204,40.81122631740229],[-73.82559029284799,40.811167845997986],[-73.82557397476148,40.811171362619454],[-73.82549979349373,40.81102785912652],[-73.82553710461548,40.81101552428081],[-73.8256229491065,40.81115373367998],[-73.8256066217491,40.811160790427664],[-73.8256390924955,40.81121748740381],[-73.82565308444987,40.811212197522806],[-73.82571569203296,40.81132735881526],[-73.82569235530275,40.8113414852496],[-73.82581255718912,40.81153370452054],[-73.82592714984648,40.81148650139682],[-73.82576724152807,40.811215910233415],[-73.82579755905094,40.81120533563991],[-73.82595641099927,40.811474448435305],[-73.82599286654501,40.81146288412515],[-73.8260266553418,40.81144733193843],[-73.82605702699043,40.811428137267264],[-73.82608330698366,40.81140572639736],[-73.82612343638607,40.81130540954555],[-73.82613817795152,40.81129627652956],[-73.82615455500788,40.81128892589545],[-73.82617219737747,40.81128352379263],[-73.82619070628222,40.81128019232693],[-73.826209663358,40.8112790068008],[-73.82630784757573,40.811284121706535],[-73.82649308418054,40.81131927032941],[-73.82667984776913,40.811349395559084],[-73.82686847297883,40.81138523390718],[-73.82705915482134,40.81141411429035],[-73.82725144893962,40.81143596940659],[-73.82744490721755,40.811450748325484],[-73.8276390788252,40.8114584166065],[-73.82783351126932,40.8114589563797],[-73.82802775144881,40.81145236638727],[-73.82822134671073,40.81143866198632],[-73.82841384590586,40.81141787511326],[-73.82860480043986,40.81139005420923],[-73.82879376531973,40.81135526410706],[-73.82898030019118,40.811313585880654],[-73.82916397036465,40.811265116655214],[-73.82934434782922,40.811209969381316],[-73.82952101224984,40.81114827257174],[-73.82969355194783,40.811080170001176],[-73.82986156485981,40.81100582037176],[-73.83002465947531,40.81092539694282],[-73.83018245574914,40.810839087126965],[-73.83033458598715,40.81074709205323],[-73.83048069570309,40.81064962609836],[-73.83064545153492,40.8105289387052],[-73.8308042977648,40.81040376130841],[-73.83095702259693,40.8102742608386],[-73.83110342240118,40.810140609990526],[-73.83124330198694,40.81000298699277],[-73.83137647486086,40.8098615753696],[-73.83150276347713,40.80971656369646],[-73.8316219994741,40.80956814534823],[-73.83173402389689,40.80941651824146],[-73.8318386874115,40.80926188457012],[-73.83214686211905,40.80826592330946],[-73.83217486842416,40.8081597794441],[-73.83219461906266,40.808052568707886],[-73.83220604584255,40.80794466148009],[-73.8322091093285,40.80783643054438],[-73.8322037989779,40.80772824980096],[-73.8321901331771,40.80762049297467],[-73.83216815917658,40.8075135323242],[-73.83213795292717,40.80740773735611],[-73.83209961881835,40.80730347354806],[-73.83205328931565,40.80720110108657],[-73.83199912450308,40.80710097362268],[-73.83193731153007,40.80700343705056],[-73.83186806396364,40.80690882831249],[-73.83179162105132,40.80681747423508],[-73.83170824689356,40.8067296904003],[-73.8316182295314,40.806645780055625],[-73.83164933127324,40.8061599985247],[-73.83139548735745,40.805170708059954],[-73.83160651058895,40.80503241752991],[-73.8316157445545,40.80493825599347],[-73.83168804504812,40.80495287845669],[-73.83195319686972,40.80494252836555],[-73.83221866147002,40.804939168418166],[-73.83248411981293,40.804942802652356],[-73.83274925286949,40.804953426700564],[-73.8330137420017,40.8049710277948],[-73.83327726934442,40.804995584781764],[-73.833539518188,40.80502706814873],[-73.83380017335772,40.805065440058726],[-73.83405892159304,40.805110654395754],[-73.83431545192279,40.805162656820706],[-73.8345694560401,40.805221384836116],[-73.83482062867103,40.80528676786148],[-73.83506866794279,40.80535872731803],[-73.83531327574488,40.8054371767227],[-73.83589256644531,40.80566144848222],[-73.83643061257128,40.805816421905305],[-73.83667080320707,40.805874315803926],[-73.83691225653348,40.805929093724714],[-73.83703585276515,40.805981039904005],[-73.83715549168909,40.80603808525381],[-73.83727080931058,40.806100056221396],[-73.83735487250836,40.80615004014872],[-73.83743612125988,40.80620264268076],[-73.83800223034129,40.80696132830978],[-73.83802727505267,40.80698494018156],[-73.83804695974653,40.80701132088461],[-73.83806076528177,40.80703977469353],[-73.83806795314575,40.80706710705457],[-73.8380697068465,40.80709494787836],[-73.83806598730753,40.80712267691459],[-73.83805687738803,40.80714967640259],[-73.83804258003671,40.80717534483406],[-73.83803522101175,40.80730290624662],[-73.83803725111957,40.80743058083437],[-73.83804866407415,40.807557969910754],[-73.83806942429057,40.80768467567838],[-73.83809946699363,40.807810302471474],[-73.8381386984199,40.80793445799139],[-73.83818699611095,40.80805675453164],[-73.83824420929385,40.80817681018891],[-73.83831015935164,40.80829425005549],[-73.83838464038142,40.808408707390306],[-73.83848257568704,40.80849121998219],[-73.83852374264876,40.80859513320016],[-73.83853400693792,40.80865045323884],[-73.8385441841748,40.80870531045047],[-73.83861835822066,40.80886277009608],[-73.8386802353457,40.80896671173735],[-73.83873795612331,40.80907694227698],[-73.83881633265246,40.809209230181935],[-73.83889477043294,40.809316341975794],[-73.83897298831992,40.80951471994929],[-73.83908458585886,40.80961243655207],[-73.83918782326498,40.80974161243645],[-73.83929500528217,40.80995261839066],[-73.83938574989406,40.81011010060339],[-73.83944757689694,40.81023607142335],[-73.83957150381413,40.81037471712408],[-73.83966635982604,40.810544794315824],[-73.83975711370256,40.81069912860769],[-73.83986029418318,40.810853480587504],[-73.83996760876352,40.81101098583281],[-73.84000050301461,40.81111173886592],[-73.84008711701065,40.811266068141435],[-73.84017805289606,40.81134487243247],[-73.84025952896259,40.81144303678297],[-73.84029762985404,40.81157163001088],[-73.84030146989977,40.81169752067102],[-73.8402887119283,40.81183597548011],[-73.84026339044534,40.81203106189046],[-73.84028789629474,40.81217586372856],[-73.84032899373672,40.812311246002565],[-73.84039504886474,40.8124026046312],[-73.84041550482482,40.812479299658264],[-73.84043199540953,40.8125411282371],[-73.84040031314534,40.81263430136857],[-73.8403902796153,40.81266380802472],[-73.84034035413804,40.81275500606039],[-73.84029454871813,40.81285564980125],[-73.84028603843748,40.81295005111935],[-73.84030654550884,40.81303505244257],[-73.84030952252826,40.81304970459641],[-73.84032701554298,40.81313578864055],[-73.8402686768038,40.81328047502404],[-73.84017126686112,40.813413118309676],[-73.84014400223221,40.8134502463802],[-73.84002346992017,40.81362002317788],[-73.83993631627357,40.81368913852012],[-73.83988754495567,40.81375800405204],[-73.83987397090876,40.81377717130755],[-73.83985463019523,40.81378992340023],[-73.83974535675048,40.81386196551973],[-73.83966236683594,40.81392164508082],[-73.83962901669811,40.81400971754946],[-73.83964836003369,40.81408176333917],[-73.83965775448749,40.81411676009299],[-73.83964922797608,40.81421745606552],[-73.83959097113721,40.814327523547014],[-73.83956806528863,40.81449124860831],[-73.83953091547295,40.81518345495011],[-73.8396174255155,40.81538184382558],[-73.83960446062093,40.815605271073906],[-73.83953766669438,40.815819182724965],[-73.8395938555068,40.815988232677114],[-73.83963034012044,40.81603133749935],[-73.83966215869607,40.816076525791175],[-73.83968910638657,40.816123506645056],[-73.83971280643432,40.81617660550268],[-73.83973028577903,40.81623107884878],[-73.83974140971097,40.816286506916946],[-73.83974609249415,40.81634246258235],[-73.83974429802706,40.81639851465381],[-73.83974355943748,40.81640607150298],[-73.83974417047615,40.81645136054392],[-73.8397533671251,40.81649610979133],[-73.83977095734822,40.816539384748644],[-73.83979657382467,40.81658028170499],[-73.83982968161882,40.81661794660772],[-73.83986958935027,40.81665159289805],[-73.839915463631,40.81668051793684],[-73.83996634646947,40.81670411767862],[-73.8400330873001,40.81682214095334],[-73.84009272319847,40.81694233975151],[-73.84014513171445,40.817064467347855],[-73.84019020523155,40.817188273056594],[-73.84007129934879,40.81754890870435],[-73.84008925876721,40.81761047231102],[-73.84009887582624,40.81767310502498],[-73.84010005058553,40.817736156124546],[-73.84009277081641,40.81779897053961],[-73.84007711212817,40.817860895657],[-73.8400532371849,40.817921288101395],[-73.84002139401602,40.81797952041952],[-73.8399819134396,40.818034987599304],[-73.83993520562676,40.818087113355894],[-73.83988175584034,40.8181353561196],[-73.83982211939349,40.818179214662514],[-73.83921022100891,40.81888835712699],[-73.83892733295289,40.81900121010729],[-73.83879133810841,40.81952858869013],[-73.83868347700866,40.81959138101699],[-73.83880789876105,40.81974193564454],[-73.83906398923855,40.81980243234184],[-73.83905466437488,40.81998400139844],[-73.83899692969895,40.82016459270358],[-73.83899820982806,40.8204051183966],[-73.83899977773552,40.82069960682318],[-73.83895314598207,40.82113240303756],[-73.83893197127122,40.82132893403125],[-73.8389604985146,40.821524095067865],[-73.83901168067597,40.82195017103238],[-73.83891701760722,40.82203972258273],[-73.83888231646733,40.82214048985618],[-73.83891082838034,40.82221526087119],[-73.8389946271518,40.82223497626605],[-73.83907059473005,40.82225284895774],[-73.83906223017863,40.82232134057099],[-73.83903519242583,40.82233703003301],[-73.83901290013966,40.82238043366335],[-73.83906086613176,40.822401620602164],[-73.83905358784037,40.822505042087045],[-73.83905338450177,40.82258911314007],[-73.83904904481194,40.822688748146064],[-73.83912263063188,40.822769809729664],[-73.83921255059413,40.822875803427266],[-73.83925243425654,40.822883564489786],[-73.83945427382974,40.82292284655822],[-73.8394991378315,40.82301632234613],[-73.83952777714225,40.82303815915202],[-73.83952358080967,40.82307863192028],[-73.83946189414036,40.82316261788704],[-73.83949864965886,40.82321871738554],[-73.83944934873239,40.82326535508363],[-73.83958012564537,40.823427453693604],[-73.83963278927277,40.82368597047639],[-73.83961874262435,40.82380510087944],[-73.83961186638554,40.823863426519246],[-73.83968199656572,40.82396422735457],[-73.83974013877227,40.82411049303689],[-73.83977886907526,40.82413803540295],[-73.83982204749462,40.82416145205207],[-73.83986891799198,40.82418033296503],[-73.8399139876869,40.82418360138754],[-73.83995782575703,40.824192196187255],[-73.83999934830801,40.82420590485821],[-73.8400414400055,40.824226669542895],[-73.84007814565392,40.824252671024716],[-73.84010834999111,40.8242831192808],[-73.84013113528489,40.82431708917762],[-73.8401385908754,40.82434500094146],[-73.84014119015093,40.82437341297508],[-73.84013888869323,40.82440183982626],[-73.84027247787519,40.82476197802382],[-73.84067027156776,40.82547609463157],[-73.84088074239565,40.8258194209673],[-73.8411078091212,40.82615332674894],[-73.84114422391922,40.82634916770755],[-73.84132088542798,40.82676473521866],[-73.84146448487586,40.82696427182518],[-73.84167732111614,40.82737567322],[-73.8419027099417,40.82781133066572],[-73.84194160834433,40.827885125692724],[-73.8420081997138,40.827978219593184],[-73.84207575103702,40.828123274453304],[-73.8422204799932,40.82834188794403],[-73.84222728410934,40.82837171373676],[-73.84223389473829,40.82840361740365],[-73.84227572757854,40.82860533187166],[-73.84228428375917,40.82864660498289],[-73.84229237322884,40.82869980753232],[-73.84230753757485,40.82879946872169],[-73.84231435750092,40.828922980997035],[-73.84233077477266,40.829073962453876],[-73.84223013648109,40.82983069124914],[-73.84191892734383,40.83062975863917],[-73.84188643774428,40.83071317653467],[-73.84084584525164,40.83174852432922],[-73.84075047236948,40.831779863610265],[-73.84024396311139,40.832204023321275],[-73.83943411928455,40.832983380288766],[-73.83918095199299,40.83315611875267],[-73.83899809143146,40.83338245535832],[-73.83888164699847,40.83360115423376],[-73.83885232384722,40.83369066784842],[-73.83882717280375,40.8338102233678],[-73.83881438332628,40.83395811930365],[-73.83883473556496,40.83410920866119],[-73.83887989543763,40.83428236293772],[-73.83892926676718,40.83442719808531],[-73.83894130815452,40.834587717131654],[-73.83893684463153,40.834719889813215],[-73.83895304620648,40.83487412044207],[-73.83896515672897,40.835006315758],[-73.83899797777033,40.83514168759417],[-73.83904319206685,40.835292811084955],[-73.8390594007588,40.835443894584635],[-73.839046635205,40.83558234988301],[-73.83909187186077,40.83572403322133],[-73.83911300794034,40.83591795547675],[-73.83920869903179,40.836569346657065],[-73.83923392305653,40.83674104076103],[-73.83918642065139,40.83710741592527],[-73.83926310319262,40.837204885477796],[-73.83922069456403,40.83739247261766],[-73.83924585035875,40.837592545849404],[-73.83928722778444,40.83783158633073],[-73.83928671889551,40.838042244632746],[-73.83921295817466,40.838247711620646],[-73.83920223870102,40.83827756956815],[-73.83915984293945,40.838459845655244],[-73.839192552357,40.83871362805796],[-73.83936180403167,40.83880178471607],[-73.83958953765703,40.838798485825855],[-73.83972014515525,40.839565405986335],[-73.84030282537191,40.839524313945226],[-73.84027376887582,40.839206273397906],[-73.84022375735451,40.83913683912749],[-73.84016248431176,40.83906606528629],[-73.84016698511662,40.83900415346545],[-73.8401454073211,40.838943997340444],[-73.84010873870915,40.83885211820906],[-73.84003063598395,40.83885759214797],[-73.84004441282266,40.83894435352982],[-73.84002808869033,40.838947871008166],[-73.84000970504759,40.83883809045604],[-73.84009889636495,40.83882745541149],[-73.84006879973869,40.838752040593576],[-73.84010742962782,40.83862842940547],[-73.84013531533367,40.83861417742025],[-73.83995595134354,40.8382865171443],[-73.84000264348624,40.83825197547406],[-73.8399334106231,40.837902496577435],[-73.83992026416507,40.83782066325953],[-73.83985132007375,40.83782174943244],[-73.83985578100584,40.837904957798415],[-73.83984179647032,40.83790493838039],[-73.8398283357182,40.83768717876147],[-73.83984697847082,40.83768897554651],[-73.83984907065555,40.837788111495115],[-73.83991581404842,40.83778279647426],[-73.83995029818,40.83758389709028],[-73.83991187540944,40.83722327714893],[-73.83988714189624,40.83699113382507],[-73.83984192033121,40.83688527655329],[-73.83983441084662,40.83676600822814],[-73.83985909371548,40.83667828684138],[-73.83983837999635,40.836419697176055],[-73.83984235556295,40.83611624146407],[-73.83975458111962,40.836131970844654],[-73.8397790955616,40.836296305692564],[-73.8397594290159,40.83629627837064],[-73.83972573144956,40.83613392228442],[-73.8396995054642,40.83613587686091],[-73.83969302493071,40.836104999690875],[-73.83968253637161,40.83610498511208],[-73.83968247158568,40.8361318706338],[-73.83966936372248,40.83613085664954],[-73.83965902852728,40.83606711375902],[-73.8396721387774,40.83606713198441],[-73.83967473692057,40.836077092895145],[-73.83982556569312,40.83605440007038],[-73.83982172292777,40.83601655488634],[-73.83971549108531,40.83603134408777],[-73.83971159080417,40.836017398314574],[-73.83982175649045,40.8360026145802],[-73.83981792943698,40.835958795339565],[-73.83972482818312,40.8359646412494],[-73.83972485456955,40.83595368822347],[-73.83981403197603,40.8359438543128],[-73.8398102282455,40.83589007730194],[-73.83975907248129,40.835899964041566],[-73.83975779019478,40.835888013433866],[-73.83981026660724,40.83587414480519],[-73.83979992825567,40.83581139835384],[-73.83965173481587,40.83582911599192],[-73.83969574805994,40.836063181747775],[-73.8396800156726,40.83606315988022],[-73.83960850400308,40.83570805068471],[-73.83960098545434,40.83567071869877],[-73.83961672561352,40.83566775262751],[-73.83962599476892,40.8356997123698],[-73.83965573346724,40.83580223593791],[-73.83979605087632,40.83578848940358],[-73.83978960150326,40.835744667690506],[-73.83966108593472,40.83575743368853],[-73.83965849740537,40.83574348973643],[-73.83979226940878,40.83572575155562],[-73.8397792782457,40.83567594483324],[-73.83968615907075,40.83568975696207],[-73.8396822601419,40.83567581001621],[-73.839776696226,40.83565901410493],[-73.83977542353502,40.83564307978621],[-73.83979488562292,40.835619206990465],[-73.83967394092835,40.83560120866426],[-73.8396148723857,40.83561056836595],[-73.83961491790703,40.83559168527569],[-73.83969886642244,40.8355752799167],[-73.83968659420826,40.835509173412674],[-73.83959955569631,40.83551849422506],[-73.83959649407475,40.8354996074833],[-73.83966798828114,40.83549262548048],[-73.83966494873249,40.83546429744549],[-73.83957792735119,40.83546653685231],[-73.83957796718978,40.83545001483896],[-73.83966499992795,40.835443053947486],[-73.83965271639232,40.83538166892305],[-73.83956877446222,40.83539571434514],[-73.8395563898934,40.83537681396304],[-73.83963722333964,40.83536276422787],[-73.83963111649646,40.83531791035997],[-73.83954719172142,40.835324873874484],[-73.8395441244311,40.83530834753809],[-73.83961561208373,40.83530372664398],[-73.8396033299459,40.835242340441944],[-73.83953492671941,40.83525640744847],[-73.83953185811168,40.83523988110971],[-73.8396189076475,40.8352258400358],[-73.83960659574576,40.8351762555334],[-73.8395195589816,40.8351855762878],[-73.83951337120288,40.83517376593617],[-73.83960353479867,40.8351573692943],[-73.83958501303327,40.8351054162399],[-73.8395104064141,40.83511475377295],[-73.83950733344841,40.835100587842426],[-73.83959437645453,40.83508890719316],[-73.83957586742348,40.83503223265354],[-73.83949815155427,40.835041566356374],[-73.83949818571932,40.83502740424678],[-73.8394577753272,40.835032068331266],[-73.83945783797591,40.83500610569212],[-73.83950134541065,40.83500616624573],[-73.83950138527082,40.83498964305855],[-73.83956666840038,40.83498029323235],[-73.83955747137699,40.83492835364519],[-73.83948288203746,40.83493060977074],[-73.83948291051087,40.83491880806841],[-73.83955130770877,40.83490710149941],[-73.83954830742049,40.83486225144269],[-73.83947681454364,40.834869232200326],[-73.83946132669112,40.83484796824418],[-73.83961986353515,40.834829305656264],[-73.839619931812,40.83480098193857],[-73.83947693983029,40.83481730507778],[-73.83947386622214,40.83480313981475],[-73.8396137738246,40.834777369890716],[-73.83960141648534,40.834746668477],[-73.83947085592489,40.83476301006961],[-73.83946467367059,40.834748838636585],[-73.83960456474958,40.834730151287246],[-73.83959530972268,40.8347018146025],[-73.83946474201342,40.83472051491856],[-73.83944316529578,40.834647315185364],[-73.83941519123677,40.83464963615165],[-73.8394122031086,40.83460006510758],[-73.83948681004493,40.834590728308505],[-73.83948374192396,40.83457420079455],[-73.83959266821329,40.834560475144066],[-73.83958027782917,40.83449172358095],[-73.83953085168062,40.834368918235974],[-73.83956886221634,40.834230491443435],[-73.83959108452291,40.8340416880908],[-73.83975991178126,40.83371789749603],[-73.83978358791967,40.8336672425939],[-73.83992048478672,40.83332079479967],[-73.84018151698999,40.83304342547392],[-73.84074229191083,40.83260077901729],[-73.8411267532835,40.832286982740236],[-73.841817259121,40.83172619365486],[-73.84221334664694,40.83155050727739],[-73.84234527492706,40.83130044802042],[-73.84253111710063,40.83112048820853],[-73.8426274568155,40.83100012051891],[-73.84275884293768,40.830818484142995],[-73.84270324854305,40.83074502667007],[-73.84293731237594,40.83012140168762],[-73.84305256297327,40.83010156708176],[-73.84309408652338,40.830020970022886],[-73.84309950959586,40.82996001179538],[-73.84302116297862,40.829961587120756],[-73.84305345327958,40.82976209003963],[-73.84310691599906,40.829794139320036],[-73.84303612708139,40.8293069823435],[-73.84303394542374,40.82893498494027],[-73.84299484136855,40.82882746670165],[-73.84294598405387,40.8287029156993],[-73.84291548074185,40.828622468676315],[-73.84289527507711,40.82856917662453],[-73.842874508125,40.82852757180882],[-73.84276131434113,40.828327724503325],[-73.84272187785834,40.828275620914646],[-73.84266998835984,40.82804005329726],[-73.84265027487103,40.82790898584307],[-73.84260103680262,40.82780573035204],[-73.84256508338187,40.827739260717095],[-73.84253934488183,40.82759983777544],[-73.84253325730938,40.82752730414867],[-73.84248198442683,40.827477571696804],[-73.84246322388854,40.82737496051735],[-73.84231712480313,40.827184684680454],[-73.84207620647236,40.826537735367694],[-73.84202727066095,40.82654744774526],[-73.8417046629585,40.825767381987305],[-73.84175457615963,40.82575542039693],[-73.84138206178059,40.825147433399145],[-73.84136106744249,40.82508503349925],[-73.84127392633422,40.824908997855594],[-73.84120250732005,40.82481685808521],[-73.84107400387136,40.82452611342784],[-73.8410237668876,40.82434116587385],[-73.84100637880951,40.82424102710978],[-73.84086821945748,40.82415350720846],[-73.840581564588,40.8235948361564],[-73.84044970316297,40.82334556649687],[-73.84042044446505,40.82326852505669],[-73.84043234895746,40.82311304379531],[-73.84046603526154,40.823080023584],[-73.84041765401979,40.82299802945687],[-73.84012785556982,40.82242142701484],[-73.84011253729896,40.82229940621922],[-73.84001752995842,40.822190242623094],[-73.84002656012701,40.82206773291311],[-73.83995959459851,40.821999860240034],[-73.83998726019148,40.82192193255437],[-73.83992345125985,40.82173953844173],[-73.83982926241688,40.821571501496216],[-73.83983703184639,40.82143133110805],[-73.83990886675211,40.82115479859553],[-73.83985813718604,40.8210099819194],[-73.83988142932397,40.82089686751465],[-73.83998460083185,40.82079477636286],[-73.83999403392806,40.820682561067926],[-73.84005150923348,40.82061444541444],[-73.8400535103904,40.82051207996271],[-73.8401006913585,40.820322761727894],[-73.8400605997814,40.82023007174004],[-73.83996730528736,40.82017908200419],[-73.83999860407302,40.81993494731587],[-73.84014625733073,40.81981924905517],[-73.84024605965783,40.81982602352299],[-73.84028911944901,40.81980770455402],[-73.84023155497631,40.81973553077122],[-73.84028066974183,40.81967849755766],[-73.84028506253634,40.819626266126555],[-73.84036528525603,40.819577750024415],[-73.84052340849294,40.819538797224986],[-73.8406188149607,40.81954950077863],[-73.84070339531256,40.81947762296225],[-73.84081344956941,40.819444691190554],[-73.84084352269784,40.819355043389876],[-73.84091856215316,40.81934212492101],[-73.84104454654545,40.81923016959933],[-73.84117574214476,40.81918308181398],[-73.84124966376413,40.81916101508219],[-73.841289746031,40.8191565095702],[-73.84131111727874,40.81913614403764],[-73.84134926355486,40.819122974148996],[-73.84142475199258,40.81904188082897],[-73.84156703725515,40.81894043221182],[-73.84170330169793,40.818904212247396],[-73.84188441800475,40.81885001810434],[-73.84192413895823,40.818832372922074],[-73.84194908907305,40.81880494783207],[-73.8419868483405,40.818774373908376],[-73.84212585817617,40.81845822191343],[-73.84213733844804,40.81825903377893],[-73.84209366311855,40.81805954295175],[-73.84237534420508,40.817489847080836],[-73.84279875811082,40.81693700864954],[-73.84289216450946,40.81673045392903],[-73.84306379033725,40.816558645026895],[-73.84304301763832,40.81637731955158],[-73.8431528346121,40.81627342796569],[-73.84316992763719,40.81605105501356],[-73.84344776972225,40.815698065257955],[-73.84358001433822,40.81546834659744],[-73.84374053000356,40.81532169954218],[-73.84377226782007,40.81513907077702],[-73.8440068651958,40.81470612263085],[-73.84411020155807,40.814513576646696],[-73.8441839942784,40.81433099237037],[-73.84417920712858,40.81418667055919],[-73.84438736896732,40.81364513082736],[-73.8445179136856,40.8134251528928],[-73.84464128726016,40.81320279884574],[-73.84475741490785,40.812978203597254],[-73.84486622624331,40.812751503417054],[-73.8449613212074,40.81253768005614],[-73.84504990735489,40.81232224900354],[-73.84513193772815,40.812105324607906],[-73.84520736885104,40.8118870220097],[-73.84528019236548,40.81177811674586],[-73.84536842801629,40.81175143836073],[-73.84546538675916,40.81176496766448],[-73.84576561702221,40.811582278842195],[-73.84585412185099,40.81142947153457],[-73.84591166916594,40.811330112446285],[-73.84602600366073,40.81102371442176],[-73.84617302872043,40.81067666443064],[-73.84688871208337,40.81052132517851],[-73.8471968450964,40.8105804876144],[-73.84746772168266,40.81090394285447],[-73.8475828339988,40.81128174975305],[-73.84763099298789,40.81135174127152],[-73.84770256622504,40.811455764866174],[-73.84821486515698,40.81246290899589],[-73.84876286855327,40.812904686119765],[-73.84938556147972,40.813236865345246],[-73.8500504981515,40.81348902434015],[-73.85020486696233,40.813534295519354],[-73.85041066819993,40.81358402439128],[-73.85052470545138,40.81383031534677],[-73.85060246203966,40.813930199539655],[-73.85159325007977,40.81430438675043],[-73.85179200511247,40.81430017452741],[-73.85198125577344,40.814340561920716],[-73.85218832395823,40.81428897365261],[-73.85243707672889,40.81430267449526],[-73.8523905801645,40.81442137590933],[-73.8522495647086,40.81447137713996],[-73.85225832249284,40.81449313256415],[-73.85243453472435,40.81445655925275],[-73.852531272285,40.814516900609426],[-73.85261932751686,40.814522030565556],[-73.85280004243604,40.81444029947171],[-73.85294505767718,40.81457262765664],[-73.85301328287127,40.814584423623714],[-73.85289463496574,40.814475547277794],[-73.85284208707395,40.814343337083734],[-73.85265496045065,40.8143380795577],[-73.85267278380891,40.81424275833718],[-73.85264651277087,40.81417581774808],[-73.85267306892696,40.814113961361976],[-73.85261815190952,40.81405869212329],[-73.85265799208821,40.81396339954507],[-73.85297962704782,40.81387348449559],[-73.85295105743774,40.81385003062104],[-73.85296870810235,40.81383332562251],[-73.85295131614686,40.81373294157056],[-73.85288090585419,40.813714452174146],[-73.852913985456,40.81368940370181],[-73.8529799523565,40.813673822100974],[-73.85336857868805,40.81359390313652],[-73.85374358027236,40.813645833154226],[-73.85434655584972,40.81386385791433],[-73.85484235409912,40.81409151801262],[-73.8549550400126,40.81419341717104],[-73.85514695315328,40.81436899479918],[-73.85531511789823,40.814412141687434],[-73.85538030243693,40.814288882082884],[-73.8553196589575,40.81416156715037],[-73.85504860133678,40.81407318962312],[-73.85471008210905,40.81384440141559],[-73.85443075596594,40.81371791906994],[-73.85411268734813,40.81363514682596],[-73.85385011057137,40.81357141221014],[-73.85346774058634,40.81347771110623],[-73.85335258745015,40.81349036017986],[-73.85323900921857,40.81350954198752],[-73.85312764697956,40.81353514825835],[-73.85301912931574,40.81356703445883],[-73.85291406875528,40.81360502060826],[-73.85284793045383,40.81363265721096],[-73.85278364056278,40.813662706288184],[-73.85274828340681,40.81368364637424],[-73.85271000151494,40.813701371089074],[-73.85266133386877,40.81371795413431],[-73.85261014676337,40.81372934610699],[-73.85255739434923,40.81373533465538],[-73.8525165212839,40.813736193509925],[-73.85247575393879,40.81373380190744],[-73.85206357413054,40.813726060663534],[-73.8519141729744,40.81367205792298],[-73.85171353554048,40.813646744048796],[-73.85148124228404,40.813590682107176],[-73.85136357625557,40.81355006169731],[-73.85119997725174,40.81355314437636],[-73.85104839749896,40.81349188083854],[-73.85089493587269,40.81343338440304],[-73.85072811301471,40.81332722281348],[-73.85056668355516,40.81321635270706],[-73.85041087755909,40.81310093211162],[-73.85034923468682,40.81306335794463],[-73.850284181508,40.81302926391312],[-73.85021605770041,40.81299882803799],[-73.85014521897367,40.81297220923891],[-73.85009783305254,40.812957002732965],[-73.8499795406617,40.81291414444754],[-73.84986516852912,40.81286553030973],[-73.84975520117884,40.81281136627121],[-73.84965010447104,40.812751881795165],[-73.84955032362794,40.81268732888404],[-73.84945628134807,40.81261798101143],[-73.84936837601525,40.81254413196359],[-73.84928698001039,40.81246609459476],[-73.84921243813564,40.812384199501274],[-73.84914506615208,40.81229879362125],[-73.84908514944324,40.812210238764294],[-73.84903294180673,40.81211891007871],[-73.84903822877388,40.81204871625267],[-73.84904536052214,40.811986324291446],[-73.84906301850037,40.811905358232245],[-73.84908240942389,40.811831033946866],[-73.84911051614033,40.81176601299356],[-73.84914037531507,40.811698340230876],[-73.84917019428873,40.81164925528597],[-73.84920883946317,40.81156035034909],[-73.84924043533324,40.811497990365346],[-73.84927896005827,40.811462192945626],[-73.84934201516832,40.811397218787874],[-73.84937358980308,40.81134415234329],[-73.84938420255818,40.8112870747678],[-73.84937559536057,40.811229973757406],[-73.84929711666227,40.81116083088653],[-73.8492482752338,40.811122263471184],[-73.84921346822934,40.81105981664494],[-73.84919088767829,40.811000041571646],[-73.84917358424858,40.810924340784176],[-73.84919469827567,40.81086063912478],[-73.8492490511082,40.81077972051305],[-73.84930338063882,40.81070942442427],[-73.84935768132704,40.81065240511451],[-73.84941898714325,40.810587427448866],[-73.84945411997754,40.81050648413509],[-73.84947877479328,40.81042154456303],[-73.84949990037589,40.81035253299195],[-73.84952977419123,40.81027822112516],[-73.84957706330714,40.81023048616386],[-73.84964356064835,40.81018808677159],[-73.84971355923824,40.81014303663671],[-73.84976960468839,40.81008601823048],[-73.84979804522021,40.810032877885234],[-73.84980999337265,40.80999844381552],[-73.84981189671988,40.809929405967516],[-73.84983485578132,40.80982189365166],[-73.84987171574225,40.80974891825675],[-73.84990892306314,40.809660122089625],[-73.84976705103755,40.80966912000886],[-73.84976011634066,40.80964521322063],[-73.84978633908524,40.809639936350614],[-73.84979155453436,40.80965189202163],[-73.84988767869739,40.80964405091274],[-73.84988421698606,40.8096294422612],[-73.84991938701842,40.80962666592707],[-73.85002012324549,40.80925403953025],[-73.84984833932583,40.80926693630347],[-73.84984662518073,40.80925232875322],[-73.85003001109642,40.80923510332385],[-73.85004241612901,40.80921540848781],[-73.85004422603993,40.8091875293484],[-73.85004255373175,40.809154334639516],[-73.85002340188676,40.80912377296416],[-73.85000535107207,40.80909363437785],[-73.84999554852983,40.8090772685191],[-73.84997993834935,40.80902546728397],[-73.84997477933597,40.80898828546794],[-73.84996962763664,40.80894844839217],[-73.84996732905364,40.8088755124546],[-73.8497477887842,40.80891363965215],[-73.84972865358634,40.80887511163899],[-73.84995749465193,40.80883006842527],[-73.8499511693801,40.808714720172375],[-73.84955595679362,40.80874477203561],[-73.84955076934936,40.80872086751106],[-73.84995355606374,40.80869340607654],[-73.84995975669713,40.80867625909922],[-73.84997030101277,40.80864971862496],[-73.84997211370978,40.80862051218833],[-73.84996696802705,40.80857801934643],[-73.84994260631795,40.80853284622496],[-73.84990773115473,40.80850093609086],[-73.84988093264316,40.80847625242883],[-73.84990019134227,40.808409655381716],[-73.84986663269066,40.80833700976077],[-73.84978989800263,40.808307340830694],[-73.84975944944871,40.80826933667003],[-73.84975452880195,40.808249803224314],[-73.84974410135966,40.80822456273525],[-73.84973191508689,40.80820463166351],[-73.84970227028309,40.8081780394909],[-73.84968135249555,40.80815544176096],[-73.84964993901428,40.80813814087796],[-73.8496116642038,40.80812418505141],[-73.8491657211891,40.80822513593631],[-73.84917093986465,40.8082357643431],[-73.84876007745984,40.80833745779327],[-73.84870962479235,40.80824047041919],[-73.84912748807834,40.808133474599146],[-73.84913269939788,40.80814675876988],[-73.84952218256849,40.80805527721786],[-73.84945431152298,40.808023680196],[-73.84944503360252,40.807949207462904],[-73.84938838508374,40.807877532836436],[-73.84927625554118,40.807831676125964],[-73.84910255923043,40.807769287459195],[-73.84895557083146,40.80770898386203],[-73.84877737861478,40.80763587827688],[-73.84864795874442,40.807543510282734],[-73.84852426767458,40.80746381873851],[-73.8484164096164,40.807368775795496],[-73.84836776547775,40.80721805149471],[-73.84832891885054,40.80703150497582],[-73.84828024018286,40.80685240504792],[-73.84834937076192,40.80667345962481],[-73.84839879797016,40.806524327784466],[-73.8483795372141,40.80636018633473],[-73.84828163452254,40.8062406997108],[-73.84811499148918,40.80612858267575],[-73.84798630581214,40.80610305062389],[-73.84785003790937,40.80607601426655],[-73.84763420691263,40.806008590411636],[-73.84753621975585,40.805926402795386],[-73.84751706251517,40.80571750200667],[-73.847488226419,40.80544890914937],[-73.8475277690615,40.80532960478867],[-73.84766805165862,40.805166449227485],[-73.8479029865273,40.80500217939745],[-73.84807624599382,40.80491964114936],[-73.84825364831518,40.804901006971406],[-73.84840272883373,40.8048580768283],[-73.84855540464777,40.80479358807278],[-73.84860518188748,40.804742441744516],[-73.8486478460621,40.804699371480574],[-73.8487009796497,40.80473178627744],[-73.84870289538134,40.804832908365306],[-73.84870423878404,40.80485847292939],[-73.8487431721285,40.80489625968633],[-73.84879992124694,40.804899029440655],[-73.84883551481973,40.80484516792821],[-73.84883560644,40.804804825022885],[-73.84883562500313,40.804796651169376],[-73.84887115183398,40.80477243929773],[-73.84890663580971,40.80476709519261],[-73.84894604005996,40.8047621689949],[-73.84898109667138,40.804780670479694],[-73.8490307194202,40.80479690682741],[-73.84908379915261,40.80485357982794],[-73.84910521575513,40.80489775186155],[-73.84911910597006,40.804926401397225],[-73.84916510390543,40.80497767329922],[-73.84921466578409,40.80502086441976],[-73.84933382307932,40.80505121826194],[-73.8493178894178,40.80466146570335],[-73.84941036337706,40.80466797627583],[-73.84942852727698,40.80505982814079],[-73.84952672182332,40.805064398445374],[-73.84961180552062,40.80508607261322],[-73.84970756101627,40.805094282914425],[-73.84982107183842,40.805094430843624],[-73.84997722709183,40.80505959498209],[-73.85006279732194,40.804865638537414],[-73.85008420001887,40.804779331549554],[-73.85011291203021,40.80466355067288],[-73.85012150751831,40.8046333281165],[-73.85013436531689,40.80458810723003],[-73.85014867564297,40.80453421881311],[-73.85019839036401,40.804510024974135],[-73.85033560101454,40.804515843590515],[-73.85036247088496,40.804512563990436],[-73.8506495461609,40.804477517135524],[-73.8509207057748,40.80447786811742],[-73.85118552925947,40.80449258610178],[-73.85126338998977,40.80453037668618],[-73.8513241118025,40.80455984994918],[-73.85147537230502,40.80459837832574],[-73.8517780752273,40.80459397671214],[-73.85204922599476,40.804599116241235],[-73.85234565390326,40.8045803292649],[-73.85257375622835,40.80455088870445],[-73.85399349144964,40.80446191315923],[-73.85407120427065,40.804457462419606],[-73.85412473375551,40.80446566836309],[-73.8542184149609,40.80448002866823],[-73.85435087482364,40.80451376525167],[-73.85460114248119,40.804547650330235],[-73.85479986369117,40.80454781955042],[-73.85503542725006,40.8045200549144],[-73.85516058150945,40.80449779001939],[-73.8551760519166,40.80449552810093],[-73.85538879311191,40.804464427294405],[-73.85560958798165,40.80447020507335],[-73.85585446335378,40.80451464613974],[-73.85605162931228,40.80458742958436],[-73.85624606304474,40.8046643402968],[-73.8564376149586,40.80474531910767],[-73.85662613767713,40.804830303717615],[-73.8566181343632,40.80486557116398],[-73.85657780148443,40.80493285143998],[-73.85649692048501,40.804949013268924],[-73.85639785205883,40.80494683571352],[-73.85626807997794,40.80488299357156],[-73.85616620309834,40.80483052836623],[-73.85604559311679,40.804774063139554],[-73.85592942720582,40.80472486973419],[-73.85580840784397,40.80467915750726],[-73.85569047098383,40.80467656557574],[-73.85561389738058,40.80470358377313],[-73.85556358433811,40.80478499633254],[-73.85557877130975,40.80488219624014],[-73.85558479360408,40.80497202177542],[-73.85560497039721,40.80506215703507],[-73.85572072708743,40.80512210417985],[-73.85589835705186,40.80516906028168],[-73.8560511716754,40.80524776024781],[-73.856125425633,40.80528168125097],[-73.85630011224407,40.805281931465736],[-73.85638598293741,40.80525870392674],[-73.85651604096779,40.80524122047616],[-73.85652361926937,40.80523993226016],[-73.85663854274237,40.805263893425206],[-73.85675792659512,40.80527331081347],[-73.85687753955732,40.80529359252111],[-73.85694865178846,40.805274614774554],[-73.8570444330499,40.80529518503119],[-73.85712145614184,40.805330475158954],[-73.85720240525748,40.80532586934826],[-73.85724491988559,40.805307238116306],[-73.85721963864646,40.80523871759436],[-73.85712793760415,40.80518549456149],[-73.8570030245838,40.80513991881933],[-73.85692623129785,40.80511549372523],[-73.85682514934712,40.80506962889863],[-73.85675297176324,40.805037903491545],[-73.85667579658389,40.804995370320974],[-73.8566748824054,40.80495191070491],[-73.85672715837755,40.80494403031404],[-73.85683421024447,40.80490927071551],[-73.8579240290869,40.80539103423734],[-73.85812705699767,40.8054665200495],[-73.85828137401826,40.80555873229721],[-73.85842317678659,40.80564458329251],[-73.85855664853813,40.805720903450215],[-73.85873606356634,40.80579410683751],[-73.85889037502385,40.80588949067536],[-73.85891121201264,40.80591275573514],[-73.85891177250483,40.80595412602415],[-73.85887206504354,40.805979689129956],[-73.8588264323911,40.805993192722724],[-73.85878284424714,40.80597807348794],[-73.85874722613602,40.80594488505062],[-73.85870561157756,40.80593428836142],[-73.8586660234084,40.80590260124913],[-73.85862247210319,40.805870909932956],[-73.85857294496417,40.80585126334549],[-73.85854325565357,40.80582712226377],[-73.85850560039144,40.80581954279294],[-73.85848171481507,40.80586320413544],[-73.85845580763139,40.805924941775],[-73.85844385359599,40.80595204619511],[-73.85841209142458,40.805970085639004],[-73.8583624971698,40.80598207729613],[-73.8583148770696,40.805998591514935],[-73.85831481613612,40.80602721675412],[-73.85831274962041,40.806066384717845],[-73.85834636354215,40.80611011718848],[-73.85838196938263,40.80614933143664],[-73.85838583154175,40.80619754682941],[-73.85839959570858,40.80625180008739],[-73.85839752923307,40.806290969223895],[-73.85839347795306,40.80633164113315],[-73.8583933657707,40.806384370961176],[-73.85839331448683,40.80640847622156],[-73.85841908323417,40.80641152164409],[-73.85846091890636,40.80640804276368],[-73.85850311702886,40.80642426976261],[-73.85851230178702,40.80648936177238],[-73.85850533176826,40.80654401390647],[-73.85851021651342,40.80659247479828],[-73.858517041745,40.806637883757325],[-73.85856148901685,40.806667730084],[-73.85861191901083,40.80669751353793],[-73.85867176437226,40.80669687493832],[-73.85874759605811,40.80669758101793],[-73.85880946373926,40.80669843629868],[-73.8588890885491,40.806688490338296],[-73.85893471726419,40.80667435866613],[-73.85899195070049,40.80664039516857],[-73.85901926254422,40.80660675020789],[-73.85905039378453,40.80656396774262],[-73.85906531435388,40.806507714712005],[-73.85908475852665,40.80648021816366],[-73.85909209311983,40.806445270884424],[-73.85908344078166,40.806408978271975],[-73.85905716576892,40.806366174535896],[-73.85904704593523,40.806343237052715],[-73.85900263278415,40.806292807673316],[-73.85897431305986,40.80623623606408],[-73.85895808201711,40.806182707752754],[-73.85892775532669,40.80612919887848],[-73.85889742868723,40.806075688990624],[-73.85885706633599,40.80603596399052],[-73.8588529763357,40.806008429952115],[-73.85887709403076,40.80598850860351],[-73.8589092914102,40.8059808155669],[-73.85893141325218,40.805968545641655],[-73.85897232007956,40.80596606723808],[-73.85900823999054,40.806005882924424],[-73.85912733403718,40.80615718170337],[-73.85919545024467,40.806269877829926],[-73.85925939022805,40.80641158161242],[-73.85931057819514,40.80654041242735],[-73.85936602332316,40.80667568320801],[-73.85936631205549,40.80680135854247],[-73.85936662423333,40.806936703103396],[-73.85938405578939,40.807139694813145],[-73.85940991782151,40.80732012030734],[-73.85939749996612,40.80745225764822],[-73.85940191920196,40.807529591337456],[-73.85937656357511,40.8075682951728],[-73.85931295377823,40.807571601734274],[-73.8592577527607,40.80754267300794],[-73.85925759821457,40.80747500048477],[-73.85925309049084,40.80735899842624],[-73.8592273765276,40.8072430237454],[-73.85922290557029,40.8071431320897],[-73.85922265247734,40.80703356951405],[-73.85920549594726,40.806949806901876],[-73.85915868148814,40.80687897464938],[-73.85908225488012,40.80684040682225],[-73.8589804571145,40.80683409682336],[-73.85882779743027,40.80684074432769],[-73.85866505169193,40.806832751495776],[-73.85857242494622,40.80731467797319],[-73.85841832709596,40.808112040631705],[-73.85838996228809,40.808258809148995],[-73.8586193056996,40.80884683607403],[-73.85877452654532,40.80923397513575],[-73.8589514122177,40.81027141758673],[-73.85900066509511,40.8101976370985],[-73.8590049367417,40.810104709122314],[-73.85903336121947,40.81004609127612],[-73.85907662566406,40.80997555810229],[-73.85915209523831,40.80995076988126],[-73.85931976564537,40.80994146254358],[-73.8594716149285,40.809905114265305],[-73.85954809610502,40.80981825020492],[-73.85966616558625,40.80980656472333],[-73.85983152493267,40.8097334773084],[-73.86012695235573,40.80960549989145],[-73.86011826350311,40.809569961528666],[-73.86008049117329,40.809559083371866],[-73.86003529913411,40.80951393486134],[-73.8600317284642,40.80949032159177],[-73.86000881658924,40.809487476508366],[-73.85995984693429,40.809481397367065],[-73.85992715349192,40.809441188553734],[-73.85992341159555,40.80940215340946],[-73.85987123219705,40.80938488335932],[-73.85977839204605,40.80928675741206],[-73.85974669043343,40.80927788191657],[-73.85971928075661,40.809239285698325],[-73.85972355427504,40.80921840239779],[-73.85967072961763,40.809198253897414],[-73.8596760694147,40.80917255220764],[-73.85962537388161,40.809145978015756],[-73.85954059862482,40.809019702446506],[-73.85947393164224,40.80901119905608],[-73.85940643254919,40.809008396408956],[-73.85933894305333,40.80901132945393],[-73.85933329773356,40.809004228085996],[-73.85932919264881,40.808996540463355],[-73.85932672998236,40.80898845794694],[-73.85932597103455,40.80898018172708],[-73.85932693469644,40.8089719178159],[-73.85932959698006,40.80896387191904],[-73.85933389161495,40.808956244315084],[-73.85935693269474,40.80892403559464],[-73.85938367275887,40.80889352176382],[-73.8594138974704,40.80886494740227],[-73.8593816792631,40.80873458515124],[-73.8593557823339,40.80860341197626],[-73.85933624157005,40.808471604774574],[-73.85932308328539,40.80833934129749],[-73.8593163251866,40.8082067999103],[-73.85931927042307,40.80819873990116],[-73.85932383779978,40.80819112885147],[-73.85932991499678,40.808184153929716],[-73.85933735256528,40.808177986660745],[-73.859345967603,40.80817277870779],[-73.85935554825153,40.808168658142975],[-73.85936585890701,40.808165726297865],[-73.85937189322392,40.80816462665984],[-73.85937803177191,40.80816393623394],[-73.85938982010812,40.8081637687326],[-73.85940147908326,40.808165102602494],[-73.85941267983783,40.80816790021977],[-73.85942310643678,40.80817208267341],[-73.85943246478159,40.80817753199058],[-73.85944049090544,40.80818409446488],[-73.85944695841837,40.808191584991526],[-73.85947507162857,40.8083406558845],[-73.85951217998615,40.8084885863623],[-73.85955820498705,40.80863506323399],[-73.85961304924707,40.80877977638383],[-73.85965403865742,40.80886700965502],[-73.85970273340908,40.80895192544013],[-73.85975890850727,40.809034131333306],[-73.85982230438597,40.80911324744989],[-73.8598926281084,40.80918890818236],[-73.85996955471984,40.809260763889746],[-73.86005272874854,40.80932848251357],[-73.86014176584979,40.809391751112784],[-73.86023625457962,40.809450277309686],[-73.86033575829836,40.80950379064182],[-73.8604398171872,40.80955204381126],[-73.86054795037334,40.80959481382843],[-73.86065965815283,40.809631903042096],[-73.86077442430015,40.80966314005322],[-73.86089171845343,40.809688380507204],[-73.86228604582757,40.80994591122756],[-73.86264680664829,40.810012540015535],[-73.86440333379517,40.81027598643777],[-73.86765646284456,40.81058376193739],[-73.8686889096087,40.81185427245676],[-73.86976955850027,40.81342369975737],[-73.87077804885931,40.814486895487974],[-73.87129421599971,40.814729536038044],[-73.8717160645012,40.814922335490365],[-73.8765199603362,40.81613106342433],[-73.87663459963709,40.81571150809938],[-73.87673185506821,40.81538649648675],[-73.8752053909247,40.81487874450047],[-73.87446381927738,40.8146452318618],[-73.87250110885978,40.813888128234254],[-73.87239437900097,40.81397433560603],[-73.87232977097987,40.813921823341474],[-73.87243667235077,40.813850934001785],[-73.87218961012046,40.813673670767336],[-73.87209716960993,40.81373802152119],[-73.87203687539917,40.813685513372874],[-73.87212931147351,40.813621168692784],[-73.87208038785018,40.813584054619696],[-73.87180463640202,40.813314890539395],[-73.87165777683393,40.81325426197617],[-73.87095753684095,40.812146180609645],[-73.87056806927927,40.81208731762259],[-73.87047093165313,40.811458294991866],[-73.87055342191628,40.81124338072315],[-73.8681121914008,40.80675183283206],[-73.86846346959135,40.80593654893927],[-73.86978968017556,40.80412510586402],[-73.8715185503029,40.801874148888366],[-73.87161142592561,40.801914396207195],[-73.87169881930807,40.80180527192066],[-73.87160336192524,40.80175181144664],[-73.87174509373908,40.80154736611633],[-73.87238060453703,40.8012901146329],[-73.87243864684854,40.80127061279647],[-73.87264765331871,40.80119011594847],[-73.87270503758596,40.80116717681076],[-73.87317223327184,40.8009978397062],[-73.87355096572502,40.800853302772026],[-73.87467716314049,40.80097942286441],[-73.87473060452689,40.80125663762884],[-73.87526517037327,40.80139815254867],[-73.8758578858133,40.80145598758661],[-73.87592998071601,40.801084223091316],[-73.87814218819913,40.801319290306694],[-73.87807685486534,40.80166664403526],[-73.87798629509405,40.80165671550709],[-73.87796880375369,40.80171111512834],[-73.8780330023647,40.80205990686098],[-73.87806294853425,40.80219431934518],[-73.87811438894289,40.80236808487942],[-73.87816581140062,40.80255168424769],[-73.878234649218,40.80264680576837],[-73.8784329551354,40.80270273419249],[-73.87874344166545,40.80273911424317],[-73.8789245383548,40.80277208050836],[-73.87921348407693,40.8027953268353],[-73.87934292184536,40.802772519178795],[-73.87950995961044,40.80276949081534],[-73.87962764836531,40.802743318719656],[-73.8797430082038,40.80274343912122],[-73.87975704576837,40.80274345376441],[-73.87991660603453,40.80276000771137],[-73.88005462984884,40.80276015140783],[-73.88017115118777,40.80272421955104],[-73.88027898796521,40.80272105380324],[-73.88041836510055,40.802667940286746],[-73.88056943638324,40.802632847479416],[-73.8807714980848,40.802587426709486],[-73.88092030545262,40.802558543427494],[-73.88106910311669,40.80253588232166],[-73.88117965667224,40.80252977344631],[-73.88132025761237,40.80251125198704],[-73.88143082957599,40.802494772761946],[-73.8815332076576,40.80248139645079],[-73.88170931957762,40.80244735497592],[-73.88182125479855,40.802431914257106],[-73.88193863933246,40.80242166390718],[-73.88203490143357,40.80240779338906],[-73.8820601312739,40.80240415828251],[-73.88206539258177,40.80240288628772],[-73.88219256706583,40.80237214533432],[-73.8823208879866,40.80235153497312],[-73.88237010115628,40.80235384745836],[-73.88239465208328,40.8023549999508],[-73.88244775081948,40.80235121209366],[-73.88243021774045,40.80226557239021],[-73.88251894912045,40.8022521812846],[-73.88254113402193,40.80233568156309],[-73.88259526944297,40.80232570632354],[-73.88276028400804,40.80230620885139],[-73.88288323972418,40.80228912718352],[-73.88297059068692,40.80228429954233],[-73.883070916428,40.802259819580506],[-73.88320360331396,40.80222799770911],[-73.88354011849312,40.80217917463196],[-73.88369542422465,40.80216212360307],[-73.883809410282,40.802122195736814],[-73.8838384999311,40.80210718449808],[-73.88385182690095,40.80209553165811],[-73.8838774507143,40.80207533486876],[-73.88389999312497,40.80206135734871],[-73.88391536772113,40.80204892757269],[-73.88393791667497,40.802031061295544],[-73.88396462519606,40.80196514886241],[-73.88378353970126,40.80192901592496],[-73.88377737963155,40.80193989917011],[-73.8837384573708,40.80195619376995],[-73.88369036996541,40.80194525580535],[-73.88366893088954,40.801913345465636],[-73.88368024716245,40.80188069019275],[-73.88372326665917,40.801862843941215],[-73.88377442409538,40.80187378498774],[-73.88379279040652,40.8019072480145],[-73.88378457957894,40.80191968382418],[-73.88396774707846,40.80195744535537],[-73.8839894532262,40.80190387966137],[-73.88505172336708,40.80213090679824],[-73.8851457697332,40.80225958948747],[-73.88526714505251,40.80228439481713],[-73.88527262213964,40.80227402896798],[-73.88531087058676,40.802253326772764],[-73.88536544598874,40.802260639744844],[-73.88539676408831,40.80230215307025],[-73.88538033197308,40.80233428526747],[-73.88533116885945,40.80235290267035],[-73.88528342105936,40.80234248553911],[-73.88525755169495,40.80230823696421],[-73.88526166505135,40.80229683395159],[-73.88515517126662,40.802272453544084],[-73.88525553670252,40.80240978102565],[-73.8855997811226,40.802565497333596],[-73.88578073880988,40.80268039213683],[-73.88591424672529,40.80279851749578],[-73.886008874247,40.80295265678872],[-73.88607771246615,40.80305432969523],[-73.88609972664483,40.803085372871465],[-73.88616377056557,40.803175684977],[-73.88627576454361,40.803264289368656],[-73.8864243555294,40.80334516275601],[-73.88648691823556,40.803379212832624],[-73.88672389248721,40.803530214982544],[-73.8868487982525,40.803635219116885],[-73.8870857353168,40.80380916368045],[-73.88727097347115,40.8039470023369],[-73.88738095624211,40.80411068128411],[-73.88724738458335,40.80418614061698],[-73.88733552633221,40.8042931899108],[-73.88740234683179,40.80437434258955],[-73.88752886022138,40.80440172674061],[-73.88771124600449,40.80461478122033],[-73.88763129537637,40.804671325376134],[-73.88795897223945,40.80499792592088],[-73.88859217706397,40.804789275098024],[-73.88876053713997,40.80486317859815],[-73.88889364219013,40.80495622746193],[-73.88906442026061,40.8050219124022],[-73.88915674193899,40.80512802616851],[-73.889274187757,40.80521033760609],[-73.88936640376924,40.8053807802984],[-73.88933783805413,40.80558803687511],[-73.8892232300482,40.80568442093199],[-73.88919794140901,40.80580709967949],[-73.88922416091161,40.805845351192204],[-73.88955634301638,40.805431606518944],[-73.88955664501934,40.805431231887724],[-73.8899743403496,40.80491313038329],[-73.88999598170847,40.80488628625035],[-73.89014756243863,40.804960609786804],[-73.8893743925369,40.80592527311549],[-73.88954478026055,40.80580707619296],[-73.88965874963529,40.80584774526973],[-73.8897533298726,40.80587549058643],[-73.88981346825864,40.80587739135786],[-73.88981398349773,40.80587739185031],[-73.88985041274157,40.805857146444545],[-73.88987229258508,40.80583135646509],[-73.88989905762257,40.80578529092795],[-73.88992823364853,40.80574844674457],[-73.88996089069998,40.80571476991765],[-73.8899913911535,40.8057042598732],[-73.89005932692429,40.80570432468147],[-73.89013594081199,40.80571469094769],[-73.89023295689198,40.805736907528434],[-73.89033596715234,40.8057666360141],[-73.89035259769872,40.80577143583916],[-73.89043667322538,40.80579363876666],[-73.89051422588408,40.80584779297391],[-73.89058213079707,40.80586752284725],[-73.89072122618872,40.8058750287228],[-73.89086354177184,40.805892371352954],[-73.89101234323621,40.805899886065376],[-73.89127112984032,40.8059124218944],[-73.89149717186729,40.805927198969606],[-73.89149903730073,40.80593123824068],[-73.89144104277193,40.80566189906758],[-73.89178618135598,40.8056228920864],[-73.89197929534278,40.806384708976395],[-73.89245494636062,40.80637010660546],[-73.89270641330663,40.80634398993957],[-73.89270681066425,40.806343948595696],[-73.89253177139425,40.80565655156854],[-73.89227315843527,40.805702433124985],[-73.89216364547643,40.80530259256561],[-73.8918131200952,40.80518695546629],[-73.89180973582809,40.805193784957794],[-73.89167604184013,40.80515095314277],[-73.89168699312522,40.80513011010947],[-73.89156417608577,40.80509393995647],[-73.89156004966463,40.80509998053834],[-73.89149997938128,40.80508158808926],[-73.89150751395867,40.805070311042904],[-73.89130372999014,40.80500678832584],[-73.89129856973766,40.805016498225264],[-73.8912671062289,40.80501048942434],[-73.89128402413917,40.80497628189934],[-73.89131376917373,40.804984938313304],[-73.89131118790088,40.80498982140644],[-73.89146488860877,40.80504398694363],[-73.89150645665745,40.805057693082674],[-73.89169561834646,40.80511584342239],[-73.89173240995615,40.80504936342049],[-73.89186610809385,40.80509048742681],[-73.89182888997543,40.805166472094264],[-73.89219739671567,40.80528468791955],[-73.89230020327568,40.80566060567038],[-73.89233730507779,40.805656370118605],[-73.8923350700471,40.80564867947991],[-73.8923980350899,40.805638488931976],[-73.8924002723912,40.80564532485995],[-73.89256667738417,40.805620710004824],[-73.8927481403741,40.80634026130218],[-73.89289770901856,40.8063269187965],[-73.89304654394503,40.80631476551225],[-73.89315654170535,40.8063124099213],[-73.89330516489147,40.806343998338114],[-73.8933765511915,40.80629786456446],[-73.89345420126807,40.80629302000564],[-73.89354804655919,40.80627589888872],[-73.8936224544213,40.8062759675728],[-73.89371954313471,40.8062539341316],[-73.89383602227224,40.80624420875596],[-73.89395248091247,40.80624677353274],[-73.894036586074,40.80625176721971],[-73.89410449503039,40.80626903743068],[-73.8942209637422,40.80626668559527],[-73.89452510142179,40.80624238250875],[-73.89462863918334,40.80623264499385],[-73.8946325235101,40.80623233242489],[-73.8945739391341,40.80604577300738],[-73.8947260190962,40.80602624658368],[-73.89477679721034,40.806213633742814],[-73.89480337371349,40.806208222822875],[-73.89485360535866,40.80621490815894],[-73.89472970526674,40.805741101461834],[-73.89484295983623,40.80572399701232],[-73.89496909528714,40.80623113049415],[-73.89509836487318,40.8068636396763],[-73.89528550564228,40.80684271107156],[-73.89537269057816,40.806703517335016],[-73.89545911867938,40.80660308388965],[-73.89550633968572,40.806595305303816],[-73.89541794877947,40.806267777688475],[-73.89539221099777,40.80617680177734],[-73.8953020614291,40.8059014041619],[-73.89531181635847,40.805869456157474],[-73.8952796287401,40.80576618406808],[-73.89531197487513,40.8057686710352],[-73.89534416707072,40.80586948553078],[-73.8954054906102,40.80596049374936],[-73.89546655698193,40.806216200015626],[-73.8955116391718,40.80634898300506],[-73.89559109091819,40.8065813433477],[-73.89572273778765,40.80655965730841],[-73.89569912530925,40.8064450216899],[-73.89567025138753,40.80629013045715],[-73.89574790898853,40.80628036801035],[-73.89583174887815,40.806454974302675],[-73.89583838073091,40.806540607572096],[-73.89597794687755,40.80651761583981],[-73.89594184174581,40.80639116118059],[-73.89593553363191,40.80628791146824],[-73.89587766345042,40.80605679059523],[-73.89579066958076,40.80583055920926],[-73.89587481599303,40.805808511582576],[-73.895948888355,40.80602244045207],[-73.89601320589148,40.8062683161561],[-73.89610824517877,40.80649615095144],[-73.89622424119065,40.80647704184248],[-73.89620708243055,40.80641584533924],[-73.89619572352184,40.8063240635269],[-73.89619585301467,40.80624103132277],[-73.89623040737013,40.80621047190233],[-73.8962764250295,40.80620614259339],[-73.89635118493798,40.80621058055478],[-73.89678682323746,40.806159258515095],[-73.89708748307676,40.80612383765694],[-73.89711438014326,40.8061108659292],[-73.89715079498718,40.806093303628714],[-73.89717387408167,40.80604525364772],[-73.89726014999152,40.80604095984748],[-73.8973129614691,40.80608152729486],[-73.89738639439193,40.806224617136934],[-73.8974968195382,40.806214400705294],[-73.89747588735356,40.80599922682164],[-73.89741472698567,40.80580005947825],[-73.8974859174091,40.80578783251681],[-73.89754706596734,40.80599437375098],[-73.89763818741136,40.80620132083903],[-73.89776126648744,40.80618993350169],[-73.89775065693242,40.80613712932554],[-73.89772827251059,40.805967494137455],[-73.89779945195382,40.80596264091166],[-73.89786715835076,40.80611264967465],[-73.8978736083504,40.80617953949257],[-73.89801340896226,40.8061666038594],[-73.89800306596389,40.80609064751392],[-73.89799037051526,40.80593085364826],[-73.89787127990651,40.805534981759834],[-73.89793600296244,40.80552029002899],[-73.89806803798805,40.80591371570868],[-73.89816110752683,40.80613807010011],[-73.89822085495241,40.80611999115431],[-73.8982949488794,40.80609757069854],[-73.898281719951,40.806050961839475],[-73.89827305836825,40.805917334915776],[-73.89826275488723,40.80589093849058],[-73.8982576122462,40.80587128446646],[-73.89827239228502,40.80586961338287],[-73.89827462411772,40.80585950975414],[-73.89824438081486,40.80582635922328],[-73.89819342379798,40.8058111555853],[-73.89811666687602,40.80575550656555],[-73.89813300760619,40.805699378755406],[-73.89812758027391,40.80569328283056],[-73.89812348826928,40.805686612029994],[-73.89812083433155,40.80567953383992],[-73.8981196850934,40.80567222597488],[-73.89812006940842,40.80566487191588],[-73.89812197762744,40.805657656303744],[-73.8981253618396,40.80565076030306],[-73.89813013707567,40.805644357054085],[-73.89817522313253,40.805634290784916],[-73.89818927544395,40.80562419826757],[-73.89819077474193,40.805610725739434],[-73.8982282783239,40.80557127543621],[-73.89820859619726,40.8055529144281],[-73.89824555840772,40.80553947270416],[-73.89827734404696,40.8055427214201],[-73.8982898837176,40.80554400382996],[-73.89852656516594,40.805434309098146],[-73.89958950658966,40.80522840281076],[-73.89970489842115,40.80521541856737],[-73.89973764677005,40.80519451198123],[-73.89973674855295,40.80518267590731],[-73.89973595797929,40.80517226723836],[-73.90007193060238,40.80510113508908],[-73.90026555019031,40.80506088890765],[-73.90052559486186,40.80500683488158],[-73.9007857843105,40.80491748944871],[-73.90084088110767,40.80491364592239],[-73.90091131597178,40.804899332354175],[-73.90097298881535,40.80487609789133],[-73.90125734119644,40.804881881847926],[-73.90130652153364,40.80487443024251],[-73.90152331419795,40.80484158292827],[-73.90153096032181,40.80484017370741],[-73.9018027093367,40.80479008691623],[-73.90204952277965,40.80478414052171],[-73.90207245447824,40.80479064356556],[-73.90209394229657,40.80479954982966],[-73.90212682831003,40.80482530956604],[-73.90214184468527,40.80484890997523],[-73.90215215586451,40.80487250571866],[-73.90216778045412,40.80491865682032],[-73.90216911888905,40.80492636987868],[-73.90216913679296,40.80493414968744],[-73.90216783386668,40.804941866255504],[-73.90218021957037,40.804953828320905],[-73.90220621473188,40.804950343243945],[-73.90222284699463,40.80494811318974],[-73.90223410893283,40.804938797305105],[-73.90223923415458,40.80493413508045],[-73.90223822515587,40.804924022594754],[-73.90222993489061,40.80491593567486],[-73.9022117858422,40.804882734956195],[-73.90220455137501,40.80485230899366],[-73.90219185700563,40.804823260645534],[-73.90219372753465,40.8047886934872],[-73.90222653239704,40.80475415307192],[-73.90225572751248,40.804700252261554],[-73.9023195673461,40.804597984559365],[-73.9023169760325,40.80459644917647],[-73.90230320400553,40.804588291779034],[-73.90229048802287,40.80457307075336],[-73.90229231992772,40.804564776141866],[-73.9024453913695,40.80441695405469],[-73.90252298450754,40.80446378809874],[-73.90275593595204,40.80432853482175],[-73.90292770331085,40.80419729170933],[-73.90287760500685,40.80415758214576],[-73.90271278211219,40.804176887939526],[-73.9027097310254,40.804163663467385],[-73.90290469388508,40.80413905393535],[-73.9030596666765,40.80401743434742],[-73.90297311945014,40.80393677187117],[-73.9030028317108,40.80391735277021],[-73.9030860978034,40.803997087896505],[-73.9032126886261,40.803899639513766],[-73.90325563815294,40.803927676169515],[-73.9033386526159,40.80385541243603],[-73.90331727421179,40.803775282455376],[-73.90333877121293,40.80377374417692],[-73.90335633787747,40.80386112361081],[-73.90339901556943,40.803874907139935],[-73.90355158434636,40.80383536819],[-73.9035658381191,40.80383102312863],[-73.90363555376396,40.80380977075986],[-73.90368265865864,40.80379503309565],[-73.90373284581685,40.80377329611797],[-73.90374201335611,40.803767808791044],[-73.90366539253372,40.80370246203216],[-73.9036899794642,40.80368770504235],[-73.90376599453884,40.80375345467926],[-73.9037717752447,40.803749995761216],[-73.90379945054784,40.80372279607337],[-73.90382200372163,40.80369870354436],[-73.90385991710878,40.80366995725003],[-73.90389269713351,40.80365209611327],[-73.9039273270431,40.80363439079928],[-73.90385084302861,40.80357428277809],[-73.90387236017004,40.8035587447008],[-73.90394842506747,40.80362130994804],[-73.9039674817376,40.80360782449522],[-73.90400232330249,40.803579075594705],[-73.90407055303467,40.803520977148395],[-73.90401680971797,40.80347097616906],[-73.90409774980017,40.80341659862836],[-73.904148988348,40.80345565258699],[-73.90437865610386,40.80327459802136],[-73.90445884046349,40.80321138584598],[-73.90448088690111,40.80319169531952],[-73.90449983884291,40.80318343345111],[-73.9045295409574,40.803170235652104],[-73.90455004089955,40.80315003003278],[-73.90457566775626,40.80312360745093],[-73.90462487687957,40.803069203267135],[-73.90467203828253,40.80301479669845],[-73.90476931117227,40.802912841894106],[-73.90479864625082,40.8028862439111],[-73.90485211233522,40.80283522898908],[-73.90495358976553,40.80272461344608],[-73.90500098071378,40.80266796125871],[-73.90503014241523,40.80263479995142],[-73.90504498642524,40.80260033338429],[-73.90505752846576,40.80257121666853],[-73.90506666976954,40.802540804361385],[-73.90508491686398,40.80250486787993],[-73.90511408874724,40.80246479364522],[-73.90515780873865,40.802430260866586],[-73.90518695888107,40.80240539617827],[-73.905245279871,40.802340456207894],[-73.90531233908494,40.802274729987595],[-73.90539107059975,40.80218571009493],[-73.90543844595938,40.802140119545975],[-73.90546395589014,40.802115251297984],[-73.90549128546061,40.802090384536044],[-73.90550588373289,40.8020613589135],[-73.90552153240687,40.80201995489873],[-73.9057605151765,40.80179988176526],[-73.90601427821801,40.801552931096126],[-73.90606336502242,40.801583391449775],[-73.90620386757755,40.80149299299685],[-73.90652042213162,40.80117551051997],[-73.90638976821404,40.801090791686036],[-73.9064517112551,40.8010369152019],[-73.90658587767751,40.801107478445594],[-73.9067289367693,40.8009699675519],[-73.90681401688877,40.800890639606386],[-73.90675009147205,40.80085059452268],[-73.90670130044862,40.80082002982652],[-73.90676850092169,40.80074671046334],[-73.90676872957964,40.80074541735598],[-73.90717872796287,40.800322633558395],[-73.90726298774263,40.80023744844509],[-73.90734272035664,40.800156838421564],[-73.90739374242607,40.80010433539632],[-73.90743384140606,40.80005458974884],[-73.90745262874306,40.80002824445113],[-73.90747030502901,40.80000345791558],[-73.90749762847857,40.79998135616764],[-73.90752658104599,40.799963219694966],[-73.90753951558,40.799955117843254],[-73.9075704592085,40.799946845819456],[-73.9076086725145,40.799945494205886],[-73.90763052690512,40.79993168488247],[-73.90764146516834,40.799916482885635],[-73.90764331288219,40.79989574410919],[-73.90775808108162,40.79979904428621],[-73.90790019737835,40.79966088568648],[-73.90793663556686,40.79962772927636],[-73.90795847677155,40.79962221554715],[-73.90799121626038,40.79963192127533],[-73.90802032355583,40.79963609292499],[-73.90807397255666,40.79957281916741],[-73.90802770464758,40.799561430603006],[-73.90795130658027,40.799544777783446],[-73.90787127636884,40.79952258966668],[-73.90779307559532,40.79949348953819],[-73.90773488799056,40.799465789300676],[-73.90765852928523,40.799420098214235],[-73.9076822280089,40.799388313925455],[-73.90778950640636,40.799442326072615],[-73.9078495142614,40.799470028240364],[-73.90793317717971,40.79949636769422],[-73.90799501744833,40.79951439232831],[-73.90805140706364,40.79952688191304],[-73.90810210034302,40.79953964636052],[-73.90816794754268,40.79946198619391],[-73.90813152403726,40.79943130077613],[-73.90796076542273,40.7992834492686],[-73.90802633276698,40.799237872162315],[-73.90816814020228,40.799322330683815],[-73.90825177132392,40.799372176312225],[-73.9083208685154,40.79940541664012],[-73.90842190767995,40.799442092445155],[-73.90847556062435,40.79938341538671],[-73.90855026742386,40.79930742538967],[-73.90848846163395,40.799264511396025],[-73.90837756004214,40.79919805242732],[-73.90829031194328,40.799132995090716],[-73.90825579566476,40.79909286818128],[-73.90825513733583,40.79909100008916],[-73.90824310840051,40.79905690706002],[-73.90824133200071,40.79902510304346],[-73.90830303542151,40.79895913541776],[-73.9091565966024,40.79830942792172],[-73.90963900093561,40.797942225801485],[-73.90967334768548,40.79796124955172],[-73.9096745552532,40.79796191909024],[-73.90974077921025,40.797912143674665],[-73.90979388517711,40.79786849523346],[-73.90984607703047,40.79790059833719],[-73.90991082881763,40.79785886052601],[-73.90994644280848,40.7978343059065],[-73.90996589145395,40.7978048229649],[-73.91004369318306,40.7976795165526],[-73.91013438705258,40.79758863462856],[-73.9103254478973,40.79742900177466],[-73.91046790525436,40.79733078539371],[-73.91060709552251,40.79725714741236],[-73.91071392139699,40.79719577567398],[-73.91079168499049,40.79709750926247],[-73.91089222265335,40.79701779503648],[-73.91090501284451,40.797011560093786],[-73.91095679669981,40.79698947591872],[-73.9109859346481,40.796969832998826],[-73.91105069334637,40.796920719929545],[-73.91109827415782,40.796888070833084],[-73.91126755502734,40.796815184825896],[-73.91141644034312,40.79674647085474],[-73.91149413374444,40.796699824564136],[-73.91162285800132,40.79664107849637],[-73.91168831241184,40.79662376988898],[-73.9117465332404,40.79662627324512],[-73.91178857213136,40.79663367937301],[-73.91182091990503,40.79663370412378],[-73.91188561236626,40.79663375359571],[-73.91195998908077,40.79664855949816],[-73.91203438162788,40.79665107505963],[-73.91208612977904,40.796656030896344],[-73.91214700601829,40.79667811807385],[-73.91215402389724,40.7966806644419],[-73.91223808592994,40.796710226112346],[-73.91234481835205,40.79671768244844],[-73.9126682602596,40.79673513462018],[-73.91300786031593,40.79676243196538],[-73.91317604910027,40.79677239148855],[-73.91344774544463,40.79678242853552],[-73.91372255973513,40.796789439261474],[-73.91512767444794,40.79736294850839],[-73.91616947132783,40.79783071892708],[-73.91880394070576,40.798879729722515],[-73.91889092597594,40.79891589459669],[-73.91895581639963,40.79894691777709],[-73.91903181973144,40.79898494624387],[-73.91912380270183,40.799032455052405],[-73.92024068026599,40.7996136878696],[-73.92044066980381,40.79980415649081],[-73.92078133924322,40.80027500995213],[-73.920956453305,40.80059881422539],[-73.9213273077852,40.801284591631585],[-73.9216882697391,40.801585723804344],[-73.9220376596916,40.80187719757288],[-73.92259611000277,40.80218820133195],[-73.92292709999647,40.80237329464266],[-73.92358699045947,40.80251572482153],[-73.92422706775078,40.80254501085532],[-73.92665794722352,40.80240980391447],[-73.92762788658843,40.802695665481764],[-73.92750834950354,40.80293323371176],[-73.92731248424305,40.80321177098347],[-73.92743689902498,40.80327744169394],[-73.92728271943585,40.80350826441722],[-73.92764500352583,40.80398863284625],[-73.92793174026234,40.803999462513914],[-73.92810959569337,40.80401293433759],[-73.92820591748352,40.8040480802544],[-73.92834056119443,40.80423989028116],[-73.92872607423743,40.80410362472447],[-73.93005458824385,40.805902347323],[-73.93031950058686,40.80619014569929],[-73.93053644993576,40.806470276942775],[-73.93051758773042,40.80659056356663],[-73.93116268063152,40.80712829577666],[-73.93176476876214,40.80776969297118],[-73.93181050747292,40.80781841795073],[-73.93184564426896,40.80785584548121],[-73.93182012189891,40.80786568620197],[-73.93149107008786,40.80800022352255],[-73.93133162304747,40.80808769095952],[-73.93092451432366,40.80831101378068],[-73.93081125284236,40.808380643662716],[-73.9301322297141,40.80885599363085],[-73.9295720590529,40.80928041203864],[-73.92950837446416,40.80932866259781],[-73.92941456154215,40.80940312233698],[-73.92936493261541,40.809442515514306],[-73.92930943534053,40.80948287772005],[-73.92924473247008,40.80943192394025],[-73.92906234001005,40.80929185674585],[-73.92861977756645,40.808951987164946],[-73.92849201455583,40.8088669548971],[-73.92817300308876,40.80862896303774],[-73.92810705514977,40.80857898936269],[-73.92799199105063,40.80850197799545],[-73.92777902752255,40.80836396963406],[-73.92762279410042,40.80826536731633],[-73.92756202236549,40.808227011731425],[-73.927251595165,40.80803523504073],[-73.92717004431198,40.80799302294972],[-73.92711997854424,40.80796598482408],[-73.9268729760736,40.80784396375323],[-73.92678673028047,40.80780327941944],[-73.92613558302631,40.80753654067829],[-73.92594957363048,40.80746451790723],[-73.92478116238595,40.807010904847814],[-73.92464386391545,40.80695760045598],[-73.92445329991352,40.806883615763525],[-73.92428741170005,40.80709730398548],[-73.92427980788884,40.80718671882302],[-73.92407160281918,40.80747953953782],[-73.92403595086252,40.80752968082024],[-73.92399898490967,40.80758166902241],[-73.923972365059,40.80761910714474],[-73.92383711511503,40.80780931888863],[-73.9233728609706,40.808431672354196],[-73.92329624395008,40.8085390970266],[-73.92323790710772,40.80861975098016],[-73.9228862983727,40.809105864389586],[-73.92239945418525,40.80978051531048],[-73.92194972058564,40.81040559859883],[-73.92148592972038,40.81103423592919],[-73.92103507363286,40.81165142653935],[-73.91934644923644,40.810943754254644],[-73.9175990630152,40.81035136775315],[-73.91722606074357,40.81100132443951],[-73.91690974768903,40.81153507406397],[-73.91689614394024,40.81155802769397],[-73.91687566273023,40.8115925876616],[-73.91683795823624,40.81165621060543],[-73.91679144720136,40.81164072809585],[-73.91676209328128,40.81163095714256],[-73.9167435580401,40.81162478672746],[-73.91667072869457,40.8116005432244],[-73.91662950617771,40.81158682113443],[-73.91659664181459,40.8115758804565],[-73.91650626960742,40.811545797148945],[-73.91647355824001,40.811534907641665],[-73.91632648857346,40.811485950489335],[-73.91629615777192,40.81147585304035],[-73.91613808507054,40.811423231601076],[-73.91610425531107,40.811411970108175],[-73.91592641911487,40.81135276920781],[-73.9155294299574,40.811220611528675],[-73.9148474522244,40.810993576356815],[-73.91470643402663,40.811242086356444],[-73.91468660436983,40.81127703122384],[-73.91463125593326,40.81137456898529],[-73.91460407191727,40.81142247395922],[-73.91447425632754,40.81165123929745],[-73.91443027558263,40.81172711641697],[-73.91409756611,40.81230110947372],[-73.91386443745888,40.81269920580151],[-73.91384809917929,40.81272710469634],[-73.913715484693,40.81295356039836],[-73.91333778596088,40.81361084620338],[-73.91295450752176,40.81426933468091],[-73.912518901765,40.814122144267145],[-73.91240322311323,40.814083056222245],[-73.911812107187,40.81388331455205],[-73.91094778957326,40.8136209212401],[-73.9104330767742,40.813516376705735],[-73.91038742234983,40.81350710359082],[-73.91033664523711,40.813496789497066],[-73.91029615542269,40.813488565045475],[-73.91013342187394,40.813455511532865],[-73.91001840364406,40.81343214880993],[-73.90952100997066,40.8148250539994],[-73.90949103972754,40.814909738750835],[-73.90912668305955,40.815939226669954],[-73.90898486177501,40.815956945611504],[-73.90893086522235,40.81596369224047],[-73.90889168843529,40.8159717862283],[-73.90873732514774,40.81600368243627],[-73.9086613028133,40.81602601037887],[-73.90857409061091,40.816051624773415],[-73.9085492401066,40.816058924043425],[-73.90836969259027,40.816128650600696],[-73.90834731094205,40.816139692443606],[-73.90829050892509,40.816167714163505],[-73.90822327252819,40.81620088495931],[-73.90820146982941,40.816211641772895],[-73.90804696761327,40.81630625928753],[-73.90790881631135,40.81639259786269],[-73.90787040321894,40.81641660543177],[-73.90780789973365,40.81645566674395],[-73.90777098289459,40.816478738344124],[-73.90768468725093,40.816532668959006],[-73.90761987703844,40.81657317137774],[-73.90756271105307,40.816608898069624],[-73.90732828075036,40.8167554037044],[-73.90727686586729,40.81678753544507],[-73.90695557072344,40.81698832475189],[-73.90665794659522,40.81717270118863],[-73.90658564391262,40.817215172070526],[-73.90630621903675,40.81737084663373],[-73.90528570069215,40.81792898618454],[-73.90500766046651,40.817866735046316],[-73.90439330900207,40.81774143244594],[-73.90426820940387,40.81771591703055],[-73.90357902164924,40.817575346087864],[-73.9025785907421,40.81736979443108],[-73.90210743306952,40.81850519210074],[-73.90183195256088,40.81915336456086],[-73.90166319409437,40.81955042685512],[-73.90160121247303,40.81969485926076],[-73.90085176859817,40.82005856677565],[-73.90064572840492,40.82016327997039],[-73.899859948969,40.82056261849645],[-73.89960733265471,40.82070045266618],[-73.89948792732916,40.82076560274323],[-73.89893339042436,40.82106816796208],[-73.89786321888668,40.82159775291564],[-73.89687836988527,40.8221178587033],[-73.89686410231809,40.82349209312318],[-73.89686032761962,40.823847587223],[-73.89683898585903,40.82599055207045],[-73.89582330235757,40.825994969772594],[-73.89622185956767,40.82716977266678],[-73.89543377433615,40.82799368123578],[-73.89529156500156,40.82814234986812],[-73.8950577045386,40.82838873859016],[-73.89488053050064,40.8283071447252],[-73.89384372382482,40.8283916165669],[-73.89290356052078,40.828466712809025],[-73.89189120079594,40.82854720942482],[-73.89087757799942,40.82862970289938],[-73.88993556871723,40.82870552086192],[-73.88991106473179,40.83012419229138],[-73.8890947870243,40.83152587243245],[-73.88893624114377,40.83179811639707],[-73.88888360932485,40.83188591801764],[-73.88867563035564,40.83223287930242],[-73.88863425658585,40.832301899153016],[-73.88849118981446,40.832540565323704],[-73.88845187261451,40.83260615452568],[-73.88825833596898,40.832929010715084],[-73.88794800252582,40.83344670474781],[-73.88722223199305,40.83466066004229],[-73.88719586508148,40.83470476209467],[-73.88716834704466,40.834750788200594],[-73.88714032221026,40.83479766415572],[-73.88711394855548,40.83484177656831],[-73.88709079678866,40.834880499363166],[-73.88696214380349,40.83509568458889],[-73.88596418437962,40.83676945911963],[-73.88510718273808,40.836475227880875],[-73.88496678479875,40.836705010907465],[-73.88370620323819,40.83888208773616],[-73.8835646981676,40.838986365811515],[-73.88351820405951,40.83902236632653],[-73.88346759772162,40.839056795314285],[-73.88395933010217,40.83932686183602],[-73.88404742062255,40.839378395676746],[-73.8838357117447,40.83944967799719],[-73.88288694756054,40.83957118975108],[-73.88267931332928,40.839588482306866],[-73.88247219962743,40.83958388818984],[-73.88226441078899,40.83959036567127],[-73.88205746447932,40.839607947626384],[-73.88185292366505,40.839636497956086],[-73.8816522697377,40.83967573708804],[-73.88032573936815,40.84012071549544],[-73.880191294308,40.84008341259062],[-73.87981901063863,40.84013248001632],[-73.87865983163488,40.84001990403683],[-73.87850461283068,40.840005594421314],[-73.87841925046051,40.839994590459],[-73.87831009136644,40.839989351457945],[-73.87823856763114,40.839985917623984],[-73.87812495360818,40.83998046400476],[-73.87791380431159,40.83997032848074],[-73.87738740241964,40.840003634885825],[-73.87690863842467,40.8407555717275],[-73.87650281314129,40.84140083606586],[-73.87608448669128,40.84206476992091],[-73.87459175436955,40.841520647539554],[-73.87417666437447,40.84137020031327],[-73.87372328248341,40.84120414888231],[-73.87281821824493,40.840865363349096],[-73.87244734702514,40.8413442671107],[-73.87236365249336,40.841476960983535],[-73.8722992108916,40.84157999573916],[-73.8722302467985,40.841643170682666],[-73.87153346176738,40.842514281670844],[-73.87099518133496,40.84311139204465],[-73.87030135671917,40.84354869664987],[-73.86959555547624,40.843981442117034],[-73.86889258777533,40.8444096587987],[-73.86804200391836,40.844813839307086],[-73.86778802755852,40.844875123862145],[-73.86687923062546,40.845066342839345],[-73.86611895998278,40.845223130629215],[-73.865194760326,40.84541565228115],[-73.86432328919572,40.84559585391352],[-73.86345159577374,40.845777688253904],[-73.86258526623577,40.84596109846057],[-73.86170692984372,40.84613967078835],[-73.86144357374562,40.845410207851906],[-73.86118547362967,40.8446818297292],[-73.86112863415708,40.84476332815326],[-73.85865367334866,40.84528639011323],[-73.85901191156238,40.84591533741236],[-73.8594398893357,40.84665921644603],[-73.85870245656686,40.84700070157097],[-73.85789556299895,40.84736387886562],[-73.85708581089905,40.84772915441142],[-73.85627949124941,40.84809297778193],[-73.85546799041661,40.84845776266088],[-73.85521046818351,40.848573781423674],[-73.85466225979535,40.848820756418],[-73.8538532105755,40.84918451479337],[-73.85304526801839,40.84954733293773],[-73.85224152566967,40.8499109961163],[-73.85136789660248,40.85030370490713],[-73.85049849136365,40.850696006799986],[-73.84968869730652,40.8510589065384],[-73.85010815882684,40.85159833452693],[-73.84942289742021,40.852118620221525],[-73.84874191875157,40.85264381452941],[-73.84810972468073,40.85261134070217],[-73.84806215825992,40.85323901182141],[-73.84801137559444,40.85395034257385],[-73.84798499586002,40.854065931419356],[-73.84798038003179,40.85418631247002],[-73.84799910167675,40.85430785790044],[-73.8480413110926,40.8544266439925],[-73.84810565408216,40.85453884018643],[-73.84818939895753,40.85464112035605],[-73.84828878096027,40.85473093985186],[-73.84890101474038,40.85528970580087],[-73.8498375588454,40.8546911380173],[-73.85017810182218,40.854473482015315],[-73.85063964875866,40.85507398800549],[-73.84948235554047,40.85581494822122],[-73.85009586755054,40.856346722835816],[-73.84938619801218,40.85685620664424],[-73.84935803756116,40.85749717536525],[-73.84935933063079,40.85763808640567],[-73.84935100470392,40.857863387224285],[-73.84933664599117,40.858107824400996],[-73.8493313094102,40.85822522490399],[-73.84930893471967,40.85871750285892],[-73.8483370910097,40.858701848891656],[-73.84829677418882,40.859810958596306],[-73.8473593391036,40.85979378318365],[-73.8464217778994,40.85977476325909],[-73.84548218988111,40.859703702069254],[-73.84453710469586,40.859631663059965],[-73.84300297147878,40.85950196802759],[-73.8431984552233,40.86089646472994],[-73.84343485966197,40.862767620192244],[-73.84176471581581,40.86273765994153],[-73.84129387386075,40.86272845851768],[-73.84082304437064,40.862719264570764],[-73.84076955415179,40.86443664253785],[-73.840746964339,40.86516206558751],[-73.84064364768105,40.86755417556994],[-73.83974233335545,40.8670879306192],[-73.83954475735605,40.86698673838366],[-73.83922085407514,40.86682084024325],[-73.83875223520987,40.86657277746524],[-73.83784380169178,40.86609918802338],[-73.83697021129967,40.86564313640198],[-73.83678824263289,40.865545906632185],[-73.83618601376536,40.865224099382694],[-73.83600943382928,40.86513261637757],[-73.83578436723768,40.86501601200074],[-73.83159620031925,40.8626447044246],[-73.83081688208388,40.86242982661717],[-73.82954731157693,40.86216408776828],[-73.83022388516258,40.86342952883346],[-73.83075292817593,40.864675936602985],[-73.8307142369562,40.864810602435384],[-73.83056146055006,40.864740743436286],[-73.83030404706861,40.86434395385353],[-73.82945606256278,40.8630367900043],[-73.82892085504717,40.86221174188399],[-73.8285591031433,40.86176132549942],[-73.82825651893167,40.86138457164619],[-73.828157720886,40.861227109147535],[-73.82812299010524,40.86118211338973],[-73.82806810727315,40.86110066431167],[-73.82778512088335,40.860719712090045],[-73.82763675254859,40.86047592164954],[-73.82742839912332,40.86013356246117],[-73.82735685960118,40.85998571062029],[-73.82722914161712,40.85971725420523],[-73.82712554322084,40.8594510400612],[-73.82705566989739,40.859258300913424],[-73.826894042563,40.85931217263688],[-73.8261532363796,40.859547143946564],[-73.82555438304924,40.85973708432209],[-73.82470826829764,40.8599724427552],[-73.8241806760213,40.86014514706993],[-73.82365309468689,40.86031784831767],[-73.82359124252545,40.86033907464504],[-73.82260585444746,40.86067724078083],[-73.82244707719273,40.86073428455354],[-73.82214995057957,40.860824878105404],[-73.82185639422543,40.860921949822774],[-73.82156665309519,40.86102541870695],[-73.82128096897364,40.86113519842074],[-73.82099958026384,40.86125119736085],[-73.82072272178799,40.86137331873374],[-73.82045062459214,40.86150146063682],[-73.8201835157531,40.861635516142954],[-73.81992161818933,40.86177537338976],[-73.81971890257992,40.86189625417866],[-73.81952332998252,40.86202405478527],[-73.81933549789365,40.86215837814521],[-73.81915596721898,40.86229881792551],[-73.81895425595263,40.86247456219397],[-73.81933446613868,40.86266431439333],[-73.81945975710126,40.86281038052482],[-73.82015584755969,40.863254759191676],[-73.82004266786849,40.86374089980739],[-73.81993067750169,40.86429800184866],[-73.81992738689561,40.86510251578074],[-73.82000377572942,40.866240230157786],[-73.82013341774542,40.86682260546928],[-73.82028029728563,40.86747769660914],[-73.82066687550842,40.868115602307775],[-73.82123312618576,40.86861453711916],[-73.82128824267375,40.868639196812666],[-73.8213619395761,40.868666704159054],[-73.82144675468591,40.8686983633036],[-73.82163900091048,40.868770121675226],[-73.82126543825758,40.869074543492104],[-73.82329599430467,40.87309741817947],[-73.82110268566079,40.878969245360835],[-73.8200544557936,40.882114129068775],[-73.82023958327974,40.88549105184989],[-73.82064930918283,40.8853824597278],[-73.82065579386985,40.88545047515474],[-73.8206783509202,40.885520712277405],[-73.82098951843177,40.88604465202942],[-73.82138824790884,40.886474188164705],[-73.82148558445347,40.8866118686806],[-73.82161365169077,40.886739974272786],[-73.82187799257022,40.88692919916585],[-73.82222287007622,40.88701500292249],[-73.82244741085519,40.887082347561524],[-73.82264423789472,40.887060251378],[-73.82276853725452,40.88704629668914],[-73.8230733522375,40.88710767288604],[-73.82330587172049,40.88719329994675],[-73.82356245262653,40.88728505662126],[-73.8236505091955,40.887370462235396],[-73.8238028369394,40.887431603423835],[-73.82385074939822,40.88752303955626],[-73.82395534210261,40.887672005310485],[-73.8238228887805,40.88774723783054],[-73.82385099061658,40.887768316035995],[-73.8238714058165,40.88778362843774],[-73.82392307250072,40.88782267152433],[-73.82461901678167,40.88864938778202],[-73.82391571094577,40.88997462544308],[-73.82366848120671,40.889903740295516],[-73.82252377666882,40.88942882391685],[-73.82241805998686,40.88951443289562],[-73.82241902333195,40.88951476372711],[-73.82241674149896,40.88952086272979],[-73.82240605490028,40.88956629014341],[-73.82240593162416,40.8896124342203],[-73.82241637543333,40.88965789464507],[-73.82242662500319,40.88967938764731],[-73.8224370666569,40.88970128433851],[-73.8224673768218,40.889741287611216],[-73.82249136642815,40.889763059723784],[-73.82250638447297,40.889776687159774],[-73.82255290044833,40.88980640464737],[-73.82259512351224,40.889824969905355],[-73.82260551457844,40.88982953763132],[-73.82265872630052,40.889844566431464],[-73.8227144434617,40.88985284219907],[-73.82274692820721,40.88985403224585],[-73.82274972438839,40.88985413470787],[-73.82282383913858,40.8898481322432],[-73.82284325790174,40.88984445125526],[-73.82292483598883,40.88982898661014],[-73.82295307614811,40.88982363218347],[-73.82303888604362,40.889796439326325],[-73.82306059122197,40.88978623596461],[-73.82308940590492,40.88977269120085],[-73.82313461243871,40.88976639713155],[-73.82316908441936,40.889771870139136],[-73.82317142491785,40.88977224160419],[-73.8231733710385,40.88977290713734],[-73.82319636787162,40.889776202521084],[-73.82325967746529,40.889798602762575],[-73.82330017793383,40.8898195156342],[-73.82333372805921,40.88984660278799],[-73.82335542632737,40.889873298387336],[-73.82337030037769,40.889902562550446],[-73.82337318141462,40.88992082792562],[-73.82337443102399,40.8899217624359],[-73.82337430680371,40.88992797029766],[-73.82338180233505,40.88997550490761],[-73.82337200909329,40.890043259674314],[-73.8233706894801,40.89010946341522],[-73.823355798533,40.890150008732775],[-73.82333799466596,40.89021750413962],[-73.82331070450302,40.890290081394305],[-73.82329745511043,40.890365167846426],[-73.82329471537932,40.89038874831714],[-73.8232946538122,40.89039231075779],[-73.82330626122148,40.89043214193954],[-73.82330693717743,40.8904344616541],[-73.82332733125303,40.89046504345794],[-73.8233326232064,40.890472980400496],[-73.82333413298413,40.890474287544436],[-73.82337010308933,40.8905054542115],[-73.82341703209961,40.890529854476256],[-73.82343611671692,40.89054508991629],[-73.82345198595698,40.89056231904033],[-73.82346428323993,40.89058115471514],[-73.8234727322461,40.89060117370839],[-73.82347714312534,40.890621926198634],[-73.82347741676232,40.890642945882306],[-73.82347354700444,40.89066376045189],[-73.82337003996082,40.890967295878525],[-73.82285335006459,40.891206829095374],[-73.82061223547116,40.8906132883949],[-73.81957464110047,40.890315096460895],[-73.81948724377858,40.890289980359434],[-73.81940651728573,40.89026043427482]]]]}}]}