{"type": "FeatureCollection", "features": [{"type": "Feature", "properties": {"felt:feature": 1, "ed_label": "AD 44 ED 001", "elect_dist": "44001", "borough": "Brooklyn", "community_board": 2, "community_board_label": "Brooklyn CB2", "popup_title": "Brooklyn CB2 \u2014 AD 44 ED 001", "general_mayor": "ZOHRAN KWAME MAMDANI beat ANDREW M. CUOMO, 360.1 to 61.5, 83.9% to 14.3%; total votes 429.", "general_mayor_winner": "Mamdani", "general_public_advocate": "JUMAANE D. WILLIAMS beat GONZALO DURAN, 388.7 to 17.7, 94.2% to 4.3%; total votes 412.8.", "general_public_advocate_winner": "Williams", "general_comptroller": "MARK D. LEVINE beat PETER KEFALAS, 382.3 to 13.8, 94.9% to 3.4%; total votes 402.9.", "general_comptroller_winner": "Levine", "question_1": "Disapprove beat Approve, 204.2 to 200.7, 50.4% to 49.6%; total votes 404.9.", "question_1_winner": "No-disapprove!", "question_2": "Approve beat Disapprove, 290.8 to 117.1, 71.3% to 28.7%; total votes 407.9.", "question_2_winner": "Yes-approve!", "question_3": "Approve beat Disapprove, 273.1 to 131.4, 67.5% to 32.5%; total votes 404.4.", "question_3_winner": "Yes-approve!", "question_4": "Approve beat Disapprove, 262.7 to 136.3, 65.8% to 34.2%; total votes 399.", "question_4_winner": "Yes-approve!", "question_5": "Approve beat Disapprove, 360.1 to 42.3, 89.5% to 10.5%; total votes 402.5.", "question_5_winner": "Yes-approve!", "question_6": "Approve beat Disapprove, 237.1 to 164.8, 59.0% to 41.0%; total votes 402.", "question_6_winner": "Yes-approve!", "dem_primary_mayor": "Zohran Kwame Mamdani beat Brad Lander, 193.4 to 45.8, 69.6% to 16.5%; total votes 278.", "dem_primary_mayor_winner": "Mamdani", "dem_primary_public_advocate": "Jumaane D. Williams beat Jenifer Rajkumar, 211.6 to 33, 84.5% to 13.2%; total votes 250.4.", "dem_primary_public_advocate_winner": "Williams", "dem_primary_comptroller": "Justin Brannan beat Mark D. Levine, 130.9 to 83.6, 51.9% to 33.1%; total votes 252.4.", "dem_primary_comptroller_winner": "Brannan", "popup_summary": "Mayor: ZOHRAN KWAME MAMDANI beat ANDREW M. CUOMO, 360.1 to 61.5, 83.9% to 14.3%; total votes 429. | Public Advocate: JUMAANE D. WILLIAMS beat GONZALO DURAN, 388.7 to 17.7, 94.2% to 4.3%; total votes 412.8. | City Comptroller: MARK D. LEVINE beat PETER KEFALAS, 382.3 to 13.8, 94.9% to 3.4%; total votes 402.9. | Question 1: Disapprove beat Approve, 204.2 to 200.7, 50.4% to 49.6%; total votes 404.9. | Question 2: Approve beat Disapprove, 290.8 to 117.1, 71.3% to 28.7%; total votes 407.9. | Question 3: Approve beat Disapprove, 273.1 to 131.4, 67.5% to 32.5%; total votes 404.4. | Question 4: Approve beat Disapprove, 262.7 to 136.3, 65.8% to 34.2%; total votes 399. | Question 5: Approve beat Disapprove, 360.1 to 42.3, 89.5% to 10.5%; total votes 402.5. | Question 6: Approve beat Disapprove, 237.1 to 164.8, 59.0% to 41.0%; total votes 402. | Dem Primary Mayor: Zohran Kwame Mamdani beat Brad Lander, 193.4 to 45.8, 69.6% to 16.5%; total votes 278. | Dem Primary Public Advocate: Jumaane D. Williams beat Jenifer Rajkumar, 211.6 to 33, 84.5% to 13.2%; total votes 250.4. | Dem Primary Comptroller: Justin Brannan beat Mark D. Levine, 130.9 to 83.6, 51.9% to 33.1%; total votes 252.4.", "mayor_margin": 69.6, "q2_yes": 71.3, "q3_yes": 67.5, "q4_yes": 65.8}, "geometry": {"type": "MultiPolygon", "coordinates": [[[[-73.9737608, 40.6830494], [-73.9737529, 40.6829894], [-73.9737262, 40.6829341], [-73.973935, 40.6823305], [-73.973956, 40.6822697], [-73.9742267, 40.6815046], [-73.9743914, 40.6810462], [-73.974504, 40.6807332], [-73.9746912, 40.6802666], [-73.9751432, 40.6808719], [-73.9758341, 40.6818356], [-73.9763163, 40.6825086], [-73.9765687, 40.6828271], [-73.9766666, 40.6829722], [-73.9774572, 40.6840523], [-73.9767775, 40.6838123], [-73.9759502, 40.6835132], [-73.9758396, 40.683491], [-73.9748384, 40.6832877], [-73.9737608, 40.6830494]]]]}}, {"type": "Feature", "properties": {"felt:feature": 2, "ed_label": "AD 44 ED 006", "elect_dist": "44006", "borough": "Brooklyn", "community_board": 2, "community_board_label": "Brooklyn CB2", "popup_title": "Brooklyn CB2 \u2014 AD 44 ED 006", "general_mayor": "ZOHRAN KWAME MAMDANI beat ANDREW M. CUOMO, 196.6 to 40, 81.2% to 16.5%; total votes 241.9.", "general_mayor_winner": "Mamdani", "general_public_advocate": "JUMAANE D. WILLIAMS beat GONZALO DURAN, 219.1 to 16.5, 92.0% to 6.9%; total votes 238.2.", "general_public_advocate_winner": "Williams", "general_comptroller": "MARK D. LEVINE beat PETER KEFALAS, 212.4 to 15.8, 91.9% to 6.8%; total votes 231.2.", "general_comptroller_winner": "Levine", "question_1": "Approve beat Disapprove, 118.3 to 116.3, 50.4% to 49.6%; total votes 234.5.", "question_1_winner": "Yes-approve!", "question_2": "Approve beat Disapprove, 156.9 to 78, 66.8% to 33.2%; total votes 234.9.", "question_2_winner": "Yes-approve!", "question_3": "Approve beat Disapprove, 152.9 to 77.6, 66.3% to 33.7%; total votes 230.5.", "question_3_winner": "Yes-approve!", "question_4": "Approve beat Disapprove, 141.5 to 90, 61.1% to 38.9%; total votes 231.5.", "question_4_winner": "Yes-approve!", "question_5": "Approve beat Disapprove, 212 to 20.5, 91.2% to 8.8%; total votes 232.5.", "question_5_winner": "Yes-approve!", "question_6": "Approve beat Disapprove, 132.7 to 97.1, 57.7% to 42.3%; total votes 229.8.", "question_6_winner": "Yes-approve!", "dem_primary_mayor": "Zohran Kwame Mamdani beat Brad Lander, 102.1 to 48.4, 55.6% to 26.3%; total votes 183.8.", "dem_primary_mayor_winner": "Mamdani", "dem_primary_public_advocate": "Jumaane D. Williams beat Jenifer Rajkumar, 133.1 to 19.2, 82.5% to 11.9%; total votes 161.3.", "dem_primary_public_advocate_winner": "Williams", "dem_primary_comptroller": "Justin Brannan beat Mark D. Levine, 86.4 to 59.1, 52.8% to 36.1%; total votes 163.6.", "dem_primary_comptroller_winner": "Brannan", "popup_summary": "Mayor: ZOHRAN KWAME MAMDANI beat ANDREW M. CUOMO, 196.6 to 40, 81.2% to 16.5%; total votes 241.9. | Public Advocate: JUMAANE D. WILLIAMS beat GONZALO DURAN, 219.1 to 16.5, 92.0% to 6.9%; total votes 238.2. | City Comptroller: MARK D. LEVINE beat PETER KEFALAS, 212.4 to 15.8, 91.9% to 6.8%; total votes 231.2. | Question 1: Approve beat Disapprove, 118.3 to 116.3, 50.4% to 49.6%; total votes 234.5. | Question 2: Approve beat Disapprove, 156.9 to 78, 66.8% to 33.2%; total votes 234.9. | Question 3: Approve beat Disapprove, 152.9 to 77.6, 66.3% to 33.7%; total votes 230.5. | Question 4: Approve beat Disapprove, 141.5 to 90, 61.1% to 38.9%; total votes 231.5. | Question 5: Approve beat Disapprove, 212 to 20.5, 91.2% to 8.8%; total votes 232.5. | Question 6: Approve beat Disapprove, 132.7 to 97.1, 57.7% to 42.3%; total votes 229.8. | Dem Primary Mayor: Zohran Kwame Mamdani beat Brad Lander, 102.1 to 48.4, 55.6% to 26.3%; total votes 183.8. | Dem Primary Public Advocate: Jumaane D. Williams beat Jenifer Rajkumar, 133.1 to 19.2, 82.5% to 11.9%; total votes 161.3. | Dem Primary Comptroller: Justin Brannan beat Mark D. Levine, 86.4 to 59.1, 52.8% to 36.1%; total votes 163.6.", "mayor_margin": 64.7, "q2_yes": 66.8, "q3_yes": 66.3, "q4_yes": 61.1}, "geometry": {"type": "MultiPolygon", "coordinates": [[[[-73.9722953, 40.6827556], [-73.9718642, 40.6826703], [-73.9706835, 40.6824229], [-73.9706511, 40.6823458], [-73.9706145, 40.6822464], [-73.9708091, 40.6816663], [-73.970826, 40.6816159], [-73.9711185, 40.6808504], [-73.9713942, 40.6800829], [-73.9741045, 40.6806497], [-73.974504, 40.6807332], [-73.9743914, 40.6810462], [-73.9742267, 40.6815046], [-73.973956, 40.6822697], [-73.973935, 40.6823305], [-73.9737262, 40.6829341], [-73.9737529, 40.6829894], [-73.9737608, 40.6830494], [-73.9727853, 40.6828526], [-73.9722953, 40.6827556]]]]}}, {"type": "Feature", "properties": {"felt:feature": 3, "ed_label": "AD 44 ED 079", "elect_dist": "44079", "borough": "Brooklyn", "community_board": 2, "community_board_label": "Brooklyn CB2", "popup_title": "Brooklyn CB2 \u2014 AD 44 ED 079", "general_mayor": "ZOHRAN KWAME MAMDANI beat ANDREW M. CUOMO, 350.1 to 74.9, 80.8% to 17.3%; total votes 433.1.", "general_mayor_winner": "Mamdani", "general_public_advocate": "JUMAANE D. WILLIAMS beat GONZALO DURAN, 384.8 to 27.2, 91.7% to 6.5%; total votes 419.5.", "general_public_advocate_winner": "Williams", "general_comptroller": "MARK D. LEVINE beat PETER KEFALAS, 378.3 to 26.7, 92.3% to 6.5%; total votes 409.9.", "general_comptroller_winner": "Levine", "question_1": "Approve beat Disapprove, 212.3 to 192.6, 52.4% to 47.6%; total votes 404.9.", "question_1_winner": "Yes-approve!", "question_2": "Approve beat Disapprove, 310.4 to 101.6, 75.3% to 24.7%; total votes 412.", "question_2_winner": "Yes-approve!", "question_3": "Approve beat Disapprove, 291.2 to 116.2, 71.5% to 28.5%; total votes 407.4.", "question_3_winner": "Yes-approve!", "question_4": "Approve beat Disapprove, 281.2 to 117.2, 70.6% to 29.4%; total votes 398.4.", "question_4_winner": "Yes-approve!", "question_5": "Approve beat Disapprove, 372.2 to 34.2, 91.6% to 8.4%; total votes 406.4.", "question_5_winner": "Yes-approve!", "question_6": "Approve beat Disapprove, 234.9 to 167.5, 58.4% to 41.6%; total votes 402.4.", "question_6_winner": "Yes-approve!", "dem_primary_mayor": "Zohran Kwame Mamdani beat Brad Lander, 172 to 72.4, 59.2% to 24.9%; total votes 290.7.", "dem_primary_mayor_winner": "Mamdani", "dem_primary_public_advocate": "Jumaane D. Williams beat Jenifer Rajkumar, 214.3 to 31.2, 83.9% to 12.2%; total votes 255.5.", "dem_primary_public_advocate_winner": "Williams", "dem_primary_comptroller": "Justin Brannan beat Mark D. Levine, 128.3 to 107.1, 48.7% to 40.6%; total votes 263.6.", "dem_primary_comptroller_winner": "Brannan", "popup_summary": "Mayor: ZOHRAN KWAME MAMDANI beat ANDREW M. CUOMO, 350.1 to 74.9, 80.8% to 17.3%; total votes 433.1. | Public Advocate: JUMAANE D. WILLIAMS beat GONZALO DURAN, 384.8 to 27.2, 91.7% to 6.5%; total votes 419.5. | City Comptroller: MARK D. LEVINE beat PETER KEFALAS, 378.3 to 26.7, 92.3% to 6.5%; total votes 409.9. | Question 1: Approve beat Disapprove, 212.3 to 192.6, 52.4% to 47.6%; total votes 404.9. | Question 2: Approve beat Disapprove, 310.4 to 101.6, 75.3% to 24.7%; total votes 412. | Question 3: Approve beat Disapprove, 291.2 to 116.2, 71.5% to 28.5%; total votes 407.4. | Question 4: Approve beat Disapprove, 281.2 to 117.2, 70.6% to 29.4%; total votes 398.4. | Question 5: Approve beat Disapprove, 372.2 to 34.2, 91.6% to 8.4%; total votes 406.4. | Question 6: Approve beat Disapprove, 234.9 to 167.5, 58.4% to 41.6%; total votes 402.4. | Dem Primary Mayor: Zohran Kwame Mamdani beat Brad Lander, 172 to 72.4, 59.2% to 24.9%; total votes 290.7. | Dem Primary Public Advocate: Jumaane D. Williams beat Jenifer Rajkumar, 214.3 to 31.2, 83.9% to 12.2%; total votes 255.5. | Dem Primary Comptroller: Justin Brannan beat Mark D. Levine, 128.3 to 107.1, 48.7% to 40.6%; total votes 263.6.", "mayor_margin": 63.5, "q2_yes": 75.3, "q3_yes": 71.5, "q4_yes": 70.6}, "geometry": {"type": "MultiPolygon", "coordinates": [[[[-73.967532, 40.6817688], [-73.967507, 40.681687], [-73.967478, 40.6815863], [-73.9676783, 40.6809555], [-73.9679538, 40.6801894], [-73.9711185, 40.6808504], [-73.970826, 40.6816159], [-73.9708091, 40.6816663], [-73.9706145, 40.6822464], [-73.9706511, 40.6823458], [-73.9706835, 40.6824229], [-73.9696694, 40.6822117], [-73.9686896, 40.6820053], [-73.967532, 40.6817688]]]]}}, {"type": "Feature", "properties": {"felt:feature": 4, "ed_label": "AD 52 ED 002", "elect_dist": "52002", "borough": "Brooklyn", "community_board": 2, "community_board_label": "Brooklyn CB2", "popup_title": "Brooklyn CB2 \u2014 AD 52 ED 002", "general_mayor": "ZOHRAN KWAME MAMDANI beat ANDREW M. CUOMO, 499 to 134, 76.0% to 20.4%; total votes 657.", "general_mayor_winner": "Mamdani", "general_public_advocate": "JUMAANE D. WILLIAMS beat GONZALO DURAN, 599 to 28, 93.9% to 4.4%; total votes 638.", "general_public_advocate_winner": "Williams", "general_comptroller": "MARK D. LEVINE beat PETER KEFALAS, 571 to 28, 92.7% to 4.5%; total votes 616.", "general_comptroller_winner": "Levine", "question_1": "Disapprove beat Approve, 325 to 267, 54.9% to 45.1%; total votes 592.", "question_1_winner": "No-disapprove!", "question_2": "Approve beat Disapprove, 435 to 176, 71.2% to 28.8%; total votes 611.", "question_2_winner": "Yes-approve!", "question_3": "Approve beat Disapprove, 398 to 201, 66.4% to 33.6%; total votes 599.", "question_3_winner": "Yes-approve!", "question_4": "Approve beat Disapprove, 422 to 179, 70.2% to 29.8%; total votes 601.", "question_4_winner": "Yes-approve!", "question_5": "Approve beat Disapprove, 506 to 98, 83.8% to 16.2%; total votes 604.", "question_5_winner": "Yes-approve!", "question_6": "Approve beat Disapprove, 302 to 292, 50.8% to 49.2%; total votes 594.", "question_6_winner": "Yes-approve!", "dem_primary_mayor": "Zohran Kwame Mamdani beat Andrew M. Cuomo, 246 to 86, 62.1% to 21.7%; total votes 396.", "dem_primary_mayor_winner": "Mamdani", "dem_primary_public_advocate": "Jumaane D. Williams beat Jenifer Rajkumar, 312 to 41, 84.8% to 11.1%; total votes 368.", "dem_primary_public_advocate_winner": "Williams", "dem_primary_comptroller": "Justin Brannan beat Mark D. Levine, 164 to 131, 45.2% to 36.1%; total votes 363.", "dem_primary_comptroller_winner": "Brannan", "popup_summary": "Mayor: ZOHRAN KWAME MAMDANI beat ANDREW M. CUOMO, 499 to 134, 76.0% to 20.4%; total votes 657. | Public Advocate: JUMAANE D. WILLIAMS beat GONZALO DURAN, 599 to 28, 93.9% to 4.4%; total votes 638. | City Comptroller: MARK D. LEVINE beat PETER KEFALAS, 571 to 28, 92.7% to 4.5%; total votes 616. | Question 1: Disapprove beat Approve, 325 to 267, 54.9% to 45.1%; total votes 592. | Question 2: Approve beat Disapprove, 435 to 176, 71.2% to 28.8%; total votes 611. | Question 3: Approve beat Disapprove, 398 to 201, 66.4% to 33.6%; total votes 599. | Question 4: Approve beat Disapprove, 422 to 179, 70.2% to 29.8%; total votes 601. | Question 5: Approve beat Disapprove, 506 to 98, 83.8% to 16.2%; total votes 604. | Question 6: Approve beat Disapprove, 302 to 292, 50.8% to 49.2%; total votes 594. | Dem Primary Mayor: Zohran Kwame Mamdani beat Andrew M. Cuomo, 246 to 86, 62.1% to 21.7%; total votes 396. | Dem Primary Public Advocate: Jumaane D. Williams beat Jenifer Rajkumar, 312 to 41, 84.8% to 11.1%; total votes 368. | Dem Primary Comptroller: Justin Brannan beat Mark D. Levine, 164 to 131, 45.2% to 36.1%; total votes 363.", "mayor_margin": 55.6, "q2_yes": 71.2, "q3_yes": 66.4, "q4_yes": 70.2}, "geometry": {"type": "MultiPolygon", "coordinates": [[[[-73.9697279, 40.697804], [-73.9693945, 40.6960804], [-73.9704299, 40.696117], [-73.97145, 40.6961653], [-73.9724797, 40.6962062], [-73.9734634, 40.6962399], [-73.9744517, 40.6962746], [-73.9754428, 40.6963025], [-73.9764337, 40.6963441], [-73.9773895, 40.696386], [-73.9776434, 40.6963991], [-73.9785104, 40.6964425], [-73.9794468, 40.6964814], [-73.9794888, 40.6964832], [-73.9804096, 40.6965593], [-73.9805093, 40.6974463], [-73.9805442, 40.6982465], [-73.9780889, 40.6981383], [-73.977531, 40.6981158], [-73.9767864, 40.6980869], [-73.9757828, 40.6980477], [-73.9751932, 40.6980222], [-73.9747866, 40.6980048], [-73.9737987, 40.6979605], [-73.9733238, 40.6979397], [-73.9727948, 40.6979208], [-73.9718079, 40.6978851], [-73.9712028, 40.697858], [-73.9707731, 40.6978408], [-73.9697279, 40.697804]]]]}}, {"type": "Feature", "properties": {"felt:feature": 5, "ed_label": "AD 52 ED 003", "elect_dist": "52003", "borough": "Brooklyn", "community_board": 2, "community_board_label": "Brooklyn CB2", "popup_title": "Brooklyn CB2 \u2014 AD 52 ED 003", "general_mayor": "ZOHRAN KWAME MAMDANI beat ANDREW M. CUOMO, 114 to 21, 83.8% to 15.4%; total votes 136.", "general_mayor_winner": "Mamdani", "general_public_advocate": "JUMAANE D. WILLIAMS beat GONZALO DURAN, 119 to 5, 92.2% to 3.9%; total votes 129.", "general_public_advocate_winner": "Williams", "general_comptroller": "MARK D. LEVINE beat PETER KEFALAS, 118 to 6, 93.7% to 4.8%; total votes 126.", "general_comptroller_winner": "Levine", "question_1": "Disapprove beat Approve, 74 to 54, 57.8% to 42.2%; total votes 128.", "question_1_winner": "No-disapprove!", "question_2": "Approve beat Disapprove, 92 to 39, 70.2% to 29.8%; total votes 131.", "question_2_winner": "Yes-approve!", "question_3": "Approve beat Disapprove, 81 to 48, 62.8% to 37.2%; total votes 129.", "question_3_winner": "Yes-approve!", "question_4": "Approve beat Disapprove, 83 to 46, 64.3% to 35.7%; total votes 129.", "question_4_winner": "Yes-approve!", "question_5": "Approve beat Disapprove, 113 to 18, 86.3% to 13.7%; total votes 131.", "question_5_winner": "Yes-approve!", "question_6": "Approve beat Disapprove, 76 to 56, 57.6% to 42.4%; total votes 132.", "question_6_winner": "Yes-approve!", "dem_primary_mayor": "Zohran Kwame Mamdani beat Brad Lander, 66 to 14, 68.0% to 14.4%; total votes 97.", "dem_primary_mayor_winner": "Mamdani", "dem_primary_public_advocate": "Jumaane D. Williams beat Jenifer Rajkumar, 54 to 15, 72.0% to 20.0%; total votes 75.", "dem_primary_public_advocate_winner": "Williams", "dem_primary_comptroller": "Justin Brannan beat Mark D. Levine, 32 to 31, 40.5% to 39.2%; total votes 79.", "dem_primary_comptroller_winner": "Brannan", "popup_summary": "Mayor: ZOHRAN KWAME MAMDANI beat ANDREW M. CUOMO, 114 to 21, 83.8% to 15.4%; total votes 136. | Public Advocate: JUMAANE D. WILLIAMS beat GONZALO DURAN, 119 to 5, 92.2% to 3.9%; total votes 129. | City Comptroller: MARK D. LEVINE beat PETER KEFALAS, 118 to 6, 93.7% to 4.8%; total votes 126. | Question 1: Disapprove beat Approve, 74 to 54, 57.8% to 42.2%; total votes 128. | Question 2: Approve beat Disapprove, 92 to 39, 70.2% to 29.8%; total votes 131. | Question 3: Approve beat Disapprove, 81 to 48, 62.8% to 37.2%; total votes 129. | Question 4: Approve beat Disapprove, 83 to 46, 64.3% to 35.7%; total votes 129. | Question 5: Approve beat Disapprove, 113 to 18, 86.3% to 13.7%; total votes 131. | Question 6: Approve beat Disapprove, 76 to 56, 57.6% to 42.4%; total votes 132. | Dem Primary Mayor: Zohran Kwame Mamdani beat Brad Lander, 66 to 14, 68.0% to 14.4%; total votes 97. | Dem Primary Public Advocate: Jumaane D. Williams beat Jenifer Rajkumar, 54 to 15, 72.0% to 20.0%; total votes 75. | Dem Primary Comptroller: Justin Brannan beat Mark D. Levine, 32 to 31, 40.5% to 39.2%; total votes 79.", "mayor_margin": 68.4, "q2_yes": 70.2, "q3_yes": 62.8, "q4_yes": 64.3}, "geometry": {"type": "MultiPolygon", "coordinates": [[[[-73.9648757, 40.6977143], [-73.9645507, 40.6961076], [-73.9646611, 40.6960747], [-73.9647729, 40.6960448], [-73.9648862, 40.6960181], [-73.9650006, 40.6959945], [-73.965116, 40.6959741], [-73.9652324, 40.6959569], [-73.9653495, 40.6959429], [-73.9654672, 40.6959322], [-73.9664198, 40.6959641], [-73.9674136, 40.6959986], [-73.9684066, 40.6960365], [-73.9693945, 40.6960804], [-73.9697279, 40.697804], [-73.9687395, 40.6977599], [-73.9677274, 40.6977176], [-73.9667423, 40.6976721], [-73.9657748, 40.6976358], [-73.9648757, 40.6977143]]]]}}, {"type": "Feature", "properties": {"felt:feature": 6, "ed_label": "AD 52 ED 004", "elect_dist": "52004", "borough": "Brooklyn", "community_board": 2, "community_board_label": "Brooklyn CB2", "popup_title": "Brooklyn CB2 \u2014 AD 52 ED 004", "general_mayor": "ZOHRAN KWAME MAMDANI beat ANDREW M. CUOMO, 2 to 0, 100.0% to 0.0%; total votes 2.", "general_mayor_winner": "Mamdani", "general_public_advocate": "JUMAANE D. WILLIAMS beat MARTY DOLAN, 1 to 1, 50.0% to 50.0%; total votes 2.", "general_public_advocate_winner": "Williams", "general_comptroller": "MARK D. LEVINE beat ISMAEL MALAVE PEREZ, 2 to 0, 100.0% to 0.0%; total votes 2.", "general_comptroller_winner": "Levine", "question_1": "Disapprove beat Approve, 2 to 0, 100.0% to 0.0%; total votes 2.", "question_1_winner": "No-disapprove!", "question_2": "Disapprove beat Approve, 1 to 1, 50.0% to 50.0%; total votes 2.", "question_2_winner": "No-disapprove!", "question_3": "Disapprove beat Approve, 1 to 1, 50.0% to 50.0%; total votes 2.", "question_3_winner": "No-disapprove!", "question_4": "Disapprove beat Approve, 1 to 1, 50.0% to 50.0%; total votes 2.", "question_4_winner": "No-disapprove!", "question_5": "Approve beat Disapprove, 2 to 0, 100.0% to 0.0%; total votes 2.", "question_5_winner": "Yes-approve!", "question_6": "Disapprove beat Approve, 2 to 0, 100.0% to 0.0%; total votes 2.", "question_6_winner": "No-disapprove!", "dem_primary_mayor": "Brad Lander beat NA, 1 to 0, 100.0% to 0.0%; total votes 1.", "dem_primary_mayor_winner": "Lander", "dem_primary_public_advocate": "Jenifer Rajkumar beat NA, 1 to 0, 100.0% to 0.0%; total votes 1.", "dem_primary_public_advocate_winner": "Rajkumar", "dem_primary_comptroller": "Mark D. Levine beat NA, 1 to 0, 100.0% to 0.0%; total votes 1.", "dem_primary_comptroller_winner": "Levine", "popup_summary": "Mayor: ZOHRAN KWAME MAMDANI beat ANDREW M. CUOMO, 2 to 0, 100.0% to 0.0%; total votes 2. | Public Advocate: JUMAANE D. WILLIAMS beat MARTY DOLAN, 1 to 1, 50.0% to 50.0%; total votes 2. | City Comptroller: MARK D. LEVINE beat ISMAEL MALAVE PEREZ, 2 to 0, 100.0% to 0.0%; total votes 2. | Question 1: Disapprove beat Approve, 2 to 0, 100.0% to 0.0%; total votes 2. | Question 2: Disapprove beat Approve, 1 to 1, 50.0% to 50.0%; total votes 2. | Question 3: Disapprove beat Approve, 1 to 1, 50.0% to 50.0%; total votes 2. | Question 4: Disapprove beat Approve, 1 to 1, 50.0% to 50.0%; total votes 2. | Question 5: Approve beat Disapprove, 2 to 0, 100.0% to 0.0%; total votes 2. | Question 6: Disapprove beat Approve, 2 to 0, 100.0% to 0.0%; total votes 2. | Dem Primary Mayor: Brad Lander beat NA, 1 to 0, 100.0% to 0.0%; total votes 1. | Dem Primary Public Advocate: Jenifer Rajkumar beat NA, 1 to 0, 100.0% to 0.0%; total votes 1. | Dem Primary Comptroller: Mark D. Levine beat NA, 1 to 0, 100.0% to 0.0%; total votes 1.", "mayor_margin": 100.0, "q2_yes": 50.0, "q3_yes": 50.0, "q4_yes": 50.0}, "geometry": {"type": "MultiPolygon", "coordinates": [[[[-73.9645507, 40.6961076], [-73.9648757, 40.6977143], [-73.9639491, 40.6978601], [-73.9628396, 40.6980387], [-73.9628822, 40.697827], [-73.9629542, 40.6976037], [-73.9630548, 40.6973929], [-73.9631758, 40.6971876], [-73.9633164, 40.6969897], [-73.9634752, 40.6968007], [-73.9636507, 40.6966219], [-73.9638034, 40.696495], [-73.9639719, 40.6963787], [-73.9641542, 40.6962745], [-73.964348, 40.6961838], [-73.9645507, 40.6961076]]]]}}, {"type": "Feature", "properties": {"felt:feature": 7, "ed_label": "AD 52 ED 005", "elect_dist": "52005", "borough": "Brooklyn", "community_board": 2, "community_board_label": "Brooklyn CB2", "popup_title": "Brooklyn CB2 \u2014 AD 52 ED 005", "general_mayor": "ZOHRAN KWAME MAMDANI beat ANDREW M. CUOMO, 426 to 122, 75.5% to 21.6%; total votes 564.", "general_mayor_winner": "Mamdani", "general_public_advocate": "JUMAANE D. WILLIAMS beat GONZALO DURAN, 457 to 70, 85.4% to 13.1%; total votes 535.", "general_public_advocate_winner": "Williams", "general_comptroller": "MARK D. LEVINE beat PETER KEFALAS, 459 to 58, 87.9% to 11.1%; total votes 522.", "general_comptroller_winner": "Levine", "question_1": "Approve beat Disapprove, 276 to 249, 52.6% to 47.4%; total votes 525.", "question_1_winner": "Yes-approve!", "question_2": "Approve beat Disapprove, 364 to 165, 68.8% to 31.2%; total votes 529.", "question_2_winner": "Yes-approve!", "question_3": "Approve beat Disapprove, 368 to 158, 70.0% to 30.0%; total votes 526.", "question_3_winner": "Yes-approve!", "question_4": "Approve beat Disapprove, 353 to 161, 68.7% to 31.3%; total votes 514.", "question_4_winner": "Yes-approve!", "question_5": "Approve beat Disapprove, 481 to 38, 92.7% to 7.3%; total votes 519.", "question_5_winner": "Yes-approve!", "question_6": "Approve beat Disapprove, 303 to 219, 58.0% to 42.0%; total votes 522.", "question_6_winner": "Yes-approve!", "dem_primary_mayor": "Zohran Kwame Mamdani beat Brad Lander, 185 to 70, 56.9% to 21.5%; total votes 325.", "dem_primary_mayor_winner": "Mamdani", "dem_primary_public_advocate": "Jumaane D. Williams beat Jenifer Rajkumar, 203 to 51, 72.0% to 18.1%; total votes 282.", "dem_primary_public_advocate_winner": "Williams", "dem_primary_comptroller": "Justin Brannan beat Mark D. Levine, 129 to 118, 45.4% to 41.5%; total votes 284.", "dem_primary_comptroller_winner": "Brannan", "popup_summary": "Mayor: ZOHRAN KWAME MAMDANI beat ANDREW M. CUOMO, 426 to 122, 75.5% to 21.6%; total votes 564. | Public Advocate: JUMAANE D. WILLIAMS beat GONZALO DURAN, 457 to 70, 85.4% to 13.1%; total votes 535. | City Comptroller: MARK D. LEVINE beat PETER KEFALAS, 459 to 58, 87.9% to 11.1%; total votes 522. | Question 1: Approve beat Disapprove, 276 to 249, 52.6% to 47.4%; total votes 525. | Question 2: Approve beat Disapprove, 364 to 165, 68.8% to 31.2%; total votes 529. | Question 3: Approve beat Disapprove, 368 to 158, 70.0% to 30.0%; total votes 526. | Question 4: Approve beat Disapprove, 353 to 161, 68.7% to 31.3%; total votes 514. | Question 5: Approve beat Disapprove, 481 to 38, 92.7% to 7.3%; total votes 519. | Question 6: Approve beat Disapprove, 303 to 219, 58.0% to 42.0%; total votes 522. | Dem Primary Mayor: Zohran Kwame Mamdani beat Brad Lander, 185 to 70, 56.9% to 21.5%; total votes 325. | Dem Primary Public Advocate: Jumaane D. Williams beat Jenifer Rajkumar, 203 to 51, 72.0% to 18.1%; total votes 282. | Dem Primary Comptroller: Justin Brannan beat Mark D. Levine, 129 to 118, 45.4% to 41.5%; total votes 284.", "mayor_margin": 53.9, "q2_yes": 68.8, "q3_yes": 70.0, "q4_yes": 68.7}, "geometry": {"type": "MultiPolygon", "coordinates": [[[[-73.9790577, 40.7059529], [-73.9790608, 40.705946], [-73.9792433, 40.7055512], [-73.9791209, 40.7055301], [-73.9793276, 40.7047463], [-73.9796029, 40.7041764], [-73.9799885, 40.7035411], [-73.9802744, 40.7030414], [-73.9802397, 40.7029244], [-73.9800264, 40.7021405], [-73.980904, 40.7018614], [-73.9806491, 40.7015609], [-73.9808444, 40.7012952], [-73.9817093, 40.7013102], [-73.9818163, 40.7013147], [-73.9819068, 40.7013186], [-73.9819889, 40.7013221], [-73.9823698, 40.7013383], [-73.9824576, 40.701342], [-73.9826603, 40.7013506], [-73.9827644, 40.701355], [-73.9828502, 40.7013587], [-73.9833895, 40.7013815], [-73.983519, 40.7013869], [-73.9847609, 40.7014394], [-73.9847049, 40.7023536], [-73.9846633, 40.703032], [-73.9846242, 40.7036895], [-73.9866082, 40.7037573], [-73.9875515, 40.7037909], [-73.9882987, 40.7038149], [-73.9884998, 40.7038243], [-73.9885938, 40.7038274], [-73.9887117, 40.7038314], [-73.988961, 40.7042866], [-73.989146, 40.7046245], [-73.9892005, 40.7047239], [-73.9890699, 40.7047059], [-73.988989, 40.7046904], [-73.9886972, 40.7045646], [-73.9884074, 40.7045545], [-73.9883033, 40.7045405], [-73.98829, 40.7050707], [-73.9879568, 40.7051342], [-73.9872697, 40.7051757], [-73.9869235, 40.7051625], [-73.9868725, 40.7051573], [-73.9868232, 40.7051462], [-73.9867768, 40.7051294], [-73.9867343, 40.7051073], [-73.9866969, 40.7050805], [-73.9866653, 40.7050496], [-73.9866404, 40.7050154], [-73.9866228, 40.7049786], [-73.9865297, 40.7049791], [-73.9864291, 40.7050692], [-73.9864343, 40.7053486], [-73.9847433, 40.7055429], [-73.9840215, 40.7055986], [-73.9834381, 40.7056441], [-73.9834263, 40.7055772], [-73.9834065, 40.7054664], [-73.9833682, 40.7054611], [-73.983264, 40.7054851], [-73.9830864, 40.7054771], [-73.9830899, 40.7055115], [-73.9828355, 40.7055558], [-73.9827416, 40.7055724], [-73.9827451, 40.7055527], [-73.9827486, 40.7055327], [-73.9824596, 40.7055088], [-73.982459, 40.7055424], [-73.9823734, 40.7055434], [-73.9823294, 40.705552], [-73.9809251, 40.7053693], [-73.9809086, 40.7059079], [-73.9807407, 40.7058552], [-73.98022, 40.7058511], [-73.9802372, 40.7057633], [-73.9795592, 40.7057436], [-73.9795558, 40.7057702], [-73.9793287, 40.7057654], [-73.9792798, 40.7057895], [-73.9792734, 40.7059171], [-73.9792139, 40.7059066], [-73.9791827, 40.7059652], [-73.9790505, 40.705967], [-73.9790577, 40.7059529]]]]}}, {"type": "Feature", "properties": {"felt:feature": 8, "ed_label": "AD 52 ED 006", "elect_dist": "52006", "borough": "Brooklyn", "community_board": 2, "community_board_label": "Brooklyn CB2", "popup_title": "Brooklyn CB2 \u2014 AD 52 ED 006", "general_mayor": "ZOHRAN KWAME MAMDANI beat ANDREW M. CUOMO, 551 to 444, 54.6% to 44.0%; total votes 1010.", "general_mayor_winner": "Mamdani", "general_public_advocate": "JUMAANE D. WILLIAMS beat GONZALO DURAN, 726 to 196, 76.5% to 20.7%; total votes 949.", "general_public_advocate_winner": "Williams", "general_comptroller": "MARK D. LEVINE beat PETER KEFALAS, 755 to 185, 79.6% to 19.5%; total votes 948.", "general_comptroller_winner": "Levine", "question_1": "Approve beat Disapprove, 512 to 395, 56.5% to 43.5%; total votes 907.", "question_1_winner": "Yes-approve!", "question_2": "Approve beat Disapprove, 610 to 296, 67.3% to 32.7%; total votes 906.", "question_2_winner": "Yes-approve!", "question_3": "Approve beat Disapprove, 666 to 236, 73.8% to 26.2%; total votes 902.", "question_3_winner": "Yes-approve!", "question_4": "Approve beat Disapprove, 577 to 307, 65.3% to 34.7%; total votes 884.", "question_4_winner": "Yes-approve!", "question_5": "Approve beat Disapprove, 842 to 61, 93.2% to 6.8%; total votes 903.", "question_5_winner": "Yes-approve!", "question_6": "Approve beat Disapprove, 586 to 309, 65.5% to 34.5%; total votes 895.", "question_6_winner": "Yes-approve!", "dem_primary_mayor": "Zohran Kwame Mamdani beat Andrew M. Cuomo, 222 to 130, 42.4% to 24.9%; total votes 523.", "dem_primary_mayor_winner": "Mamdani", "dem_primary_public_advocate": "Jumaane D. Williams beat Jenifer Rajkumar, 307 to 69, 70.3% to 15.8%; total votes 437.", "dem_primary_public_advocate_winner": "Williams", "dem_primary_comptroller": "Mark D. Levine beat Justin Brannan, 228 to 176, 51.4% to 39.6%; total votes 444.", "dem_primary_comptroller_winner": "Levine", "popup_summary": "Mayor: ZOHRAN KWAME MAMDANI beat ANDREW M. CUOMO, 551 to 444, 54.6% to 44.0%; total votes 1010. | Public Advocate: JUMAANE D. WILLIAMS beat GONZALO DURAN, 726 to 196, 76.5% to 20.7%; total votes 949. | City Comptroller: MARK D. LEVINE beat PETER KEFALAS, 755 to 185, 79.6% to 19.5%; total votes 948. | Question 1: Approve beat Disapprove, 512 to 395, 56.5% to 43.5%; total votes 907. | Question 2: Approve beat Disapprove, 610 to 296, 67.3% to 32.7%; total votes 906. | Question 3: Approve beat Disapprove, 666 to 236, 73.8% to 26.2%; total votes 902. | Question 4: Approve beat Disapprove, 577 to 307, 65.3% to 34.7%; total votes 884. | Question 5: Approve beat Disapprove, 842 to 61, 93.2% to 6.8%; total votes 903. | Question 6: Approve beat Disapprove, 586 to 309, 65.5% to 34.5%; total votes 895. | Dem Primary Mayor: Zohran Kwame Mamdani beat Andrew M. Cuomo, 222 to 130, 42.4% to 24.9%; total votes 523. | Dem Primary Public Advocate: Jumaane D. Williams beat Jenifer Rajkumar, 307 to 69, 70.3% to 15.8%; total votes 437. | Dem Primary Comptroller: Mark D. Levine beat Justin Brannan, 228 to 176, 51.4% to 39.6%; total votes 444.", "mayor_margin": 10.6, "q2_yes": 67.3, "q3_yes": 73.8, "q4_yes": 65.3}, "geometry": {"type": "MultiPolygon", "coordinates": [[[[-73.9847609, 40.7014394], [-73.9867478, 40.7015265], [-73.9867833, 40.7011197], [-73.9867845, 40.7010624], [-73.9867857, 40.7010051], [-73.9867856, 40.7009239], [-73.9867853, 40.7007611], [-73.9867938, 40.7006332], [-73.986923, 40.7006336], [-73.9871745, 40.7010875], [-73.987203, 40.7011383], [-73.9872302, 40.7011863], [-73.9873294, 40.7013658], [-73.9874286, 40.7015453], [-73.9875543, 40.7017675], [-73.9876588, 40.7019508], [-73.9877789, 40.7021654], [-73.9879441, 40.7024687], [-73.9883038, 40.7031131], [-73.9886464, 40.7037165], [-73.9887117, 40.7038314], [-73.9885938, 40.7038274], [-73.9884998, 40.7038243], [-73.9882987, 40.7038149], [-73.9875515, 40.7037909], [-73.9866082, 40.7037573], [-73.9846242, 40.7036895], [-73.9846633, 40.703032], [-73.9847049, 40.7023536], [-73.9847609, 40.7014394]]]]}}, {"type": "Feature", "properties": {"felt:feature": 9, "ed_label": "AD 52 ED 007", "elect_dist": "52007", "borough": "Brooklyn", "community_board": 2, "community_board_label": "Brooklyn CB2", "popup_title": "Brooklyn CB2 \u2014 AD 52 ED 007", "general_mayor": "ZOHRAN KWAME MAMDANI beat ANDREW M. CUOMO, 411 to 305, 55.6% to 41.3%; total votes 739.", "general_mayor_winner": "Mamdani", "general_public_advocate": "JUMAANE D. WILLIAMS beat GONZALO DURAN, 572 to 104, 82.1% to 14.9%; total votes 697.", "general_public_advocate_winner": "Williams", "general_comptroller": "MARK D. LEVINE beat PETER KEFALAS, 598 to 100, 85.1% to 14.2%; total votes 703.", "general_comptroller_winner": "Levine", "question_1": "Approve beat Disapprove, 424 to 269, 61.2% to 38.8%; total votes 693.", "question_1_winner": "Yes-approve!", "question_2": "Approve beat Disapprove, 488 to 212, 69.7% to 30.3%; total votes 700.", "question_2_winner": "Yes-approve!", "question_3": "Approve beat Disapprove, 519 to 181, 74.1% to 25.9%; total votes 700.", "question_3_winner": "Yes-approve!", "question_4": "Approve beat Disapprove, 453 to 229, 66.4% to 33.6%; total votes 682.", "question_4_winner": "Yes-approve!", "question_5": "Approve beat Disapprove, 640 to 52, 92.5% to 7.5%; total votes 692.", "question_5_winner": "Yes-approve!", "question_6": "Approve beat Disapprove, 442 to 253, 63.6% to 36.4%; total votes 695.", "question_6_winner": "Yes-approve!", "dem_primary_mayor": "Zohran Kwame Mamdani beat Andrew M. Cuomo, 167 to 125, 39.1% to 29.3%; total votes 427.", "dem_primary_mayor_winner": "Mamdani", "dem_primary_public_advocate": "Jumaane D. Williams beat Jenifer Rajkumar, 253 to 62, 69.7% to 17.1%; total votes 363.", "dem_primary_public_advocate_winner": "Williams", "dem_primary_comptroller": "Mark D. Levine beat Justin Brannan, 199 to 130, 54.7% to 35.7%; total votes 364.", "dem_primary_comptroller_winner": "Levine", "popup_summary": "Mayor: ZOHRAN KWAME MAMDANI beat ANDREW M. CUOMO, 411 to 305, 55.6% to 41.3%; total votes 739. | Public Advocate: JUMAANE D. WILLIAMS beat GONZALO DURAN, 572 to 104, 82.1% to 14.9%; total votes 697. | City Comptroller: MARK D. LEVINE beat PETER KEFALAS, 598 to 100, 85.1% to 14.2%; total votes 703. | Question 1: Approve beat Disapprove, 424 to 269, 61.2% to 38.8%; total votes 693. | Question 2: Approve beat Disapprove, 488 to 212, 69.7% to 30.3%; total votes 700. | Question 3: Approve beat Disapprove, 519 to 181, 74.1% to 25.9%; total votes 700. | Question 4: Approve beat Disapprove, 453 to 229, 66.4% to 33.6%; total votes 682. | Question 5: Approve beat Disapprove, 640 to 52, 92.5% to 7.5%; total votes 692. | Question 6: Approve beat Disapprove, 442 to 253, 63.6% to 36.4%; total votes 695. | Dem Primary Mayor: Zohran Kwame Mamdani beat Andrew M. Cuomo, 167 to 125, 39.1% to 29.3%; total votes 427. | Dem Primary Public Advocate: Jumaane D. Williams beat Jenifer Rajkumar, 253 to 62, 69.7% to 17.1%; total votes 363. | Dem Primary Comptroller: Mark D. Levine beat Justin Brannan, 199 to 130, 54.7% to 35.7%; total votes 364.", "mayor_margin": 14.3, "q2_yes": 69.7, "q3_yes": 74.1, "q4_yes": 66.4}, "geometry": {"type": "MultiPolygon", "coordinates": [[[[-73.9892005, 40.7047239], [-73.989146, 40.7046245], [-73.988961, 40.7042866], [-73.9887117, 40.7038314], [-73.9886464, 40.7037165], [-73.9883038, 40.7031131], [-73.9879441, 40.7024687], [-73.9880925, 40.7024728], [-73.9882162, 40.7024772], [-73.9885358, 40.7024887], [-73.9896235, 40.7025232], [-73.990697, 40.7025417], [-73.9917459, 40.7025638], [-73.9923744, 40.7026122], [-73.9925068, 40.7026119], [-73.9926082, 40.7026053], [-73.9926689, 40.7026043], [-73.9928364, 40.7025846], [-73.9929999, 40.7025486], [-73.9931554, 40.7024972], [-73.9932992, 40.7024319], [-73.9938176, 40.7026603], [-73.993852, 40.7026739], [-73.9941849, 40.7028058], [-73.9942198, 40.7027423], [-73.9944567, 40.7022885], [-73.994605, 40.7019293], [-73.9950351, 40.7010392], [-73.9951125, 40.7008725], [-73.9951899, 40.7007058], [-73.9952221, 40.7006351], [-73.9953979, 40.7005247], [-73.9954686, 40.7004803], [-73.9956232, 40.7003833], [-73.9956849, 40.7003445], [-73.9959338, 40.7001496], [-73.9961162, 40.6999706], [-73.9961545, 40.699933], [-73.9962238, 40.699865], [-73.9963357, 40.6997064], [-73.9963865, 40.6996344], [-73.9964342, 40.6995668], [-73.9964816, 40.6994767], [-73.9966206, 40.6991863], [-73.9966755, 40.6992037], [-73.996697, 40.6992107], [-73.9967184, 40.699273], [-73.996759, 40.69948], [-73.996817, 40.699546], [-73.996946, 40.699618], [-73.997096, 40.699667], [-73.9973213, 40.699544], [-73.997499, 40.6996389], [-73.9973675, 40.6996342], [-73.9971605, 40.6997928], [-73.9971815, 40.6999945], [-73.9971758, 40.700106], [-73.9972446, 40.7001414], [-73.9966977, 40.700877], [-73.9966174, 40.700985], [-73.9964983, 40.7011449], [-73.9962899, 40.7014252], [-73.9962164, 40.7015241], [-73.9953845, 40.702643], [-73.9952602, 40.7028102], [-73.9951383, 40.7029741], [-73.9950644, 40.7031003], [-73.9950459, 40.7031318], [-73.9950213, 40.7031479], [-73.9948004, 40.703292], [-73.9946629, 40.7034306], [-73.9948577, 40.7035661], [-73.9949954, 40.7036506], [-73.9948824, 40.703788], [-73.9947693, 40.7039529], [-73.9947142, 40.7039967], [-73.9947716, 40.7040494], [-73.9947923, 40.7040684], [-73.9947923, 40.7040889], [-73.9947729, 40.7041045], [-73.9946981, 40.7041647], [-73.9947761, 40.7042459], [-73.9947023, 40.7042925], [-73.994636, 40.7043344], [-73.9945698, 40.7043763], [-73.9938634, 40.704556], [-73.9938069, 40.7045396], [-73.9937816, 40.7044689], [-73.9937746, 40.7044495], [-73.9936934, 40.7044761], [-73.9936879, 40.7044779], [-73.9935861, 40.7045091], [-73.9936264, 40.7045952], [-73.9935088, 40.7046235], [-73.992801, 40.704634], [-73.9926914, 40.7046299], [-73.9925121, 40.7046941], [-73.9923083, 40.70469], [-73.992127, 40.7046896], [-73.992121, 40.7043962], [-73.9919572, 40.7042007], [-73.9918616, 40.7040866], [-73.9914179, 40.7040041], [-73.9909476, 40.7040324], [-73.9907147, 40.7043514], [-73.9905462, 40.7044162], [-73.9903077, 40.7048399], [-73.990285, 40.7048664], [-73.9902272, 40.704934], [-73.9900911, 40.7049435], [-73.9894936, 40.704809], [-73.9893473, 40.7047297], [-73.9892005, 40.7047239]]]]}}, {"type": "Feature", "properties": {"felt:feature": 10, "ed_label": "AD 52 ED 008", "elect_dist": "52008", "borough": "Brooklyn", "community_board": 2, "community_board_label": "Brooklyn CB2", "popup_title": "Brooklyn CB2 \u2014 AD 52 ED 008", "general_mayor": "ZOHRAN KWAME MAMDANI beat ANDREW M. CUOMO, 384 to 297, 55.8% to 43.2%; total votes 688.", "general_mayor_winner": "Mamdani", "general_public_advocate": "JUMAANE D. WILLIAMS beat GONZALO DURAN, 530 to 94, 82.0% to 14.6%; total votes 646.", "general_public_advocate_winner": "Williams", "general_comptroller": "MARK D. LEVINE beat PETER KEFALAS, 557 to 90, 85.4% to 13.8%; total votes 652.", "general_comptroller_winner": "Levine", "question_1": "Approve beat Disapprove, 365 to 275, 57.0% to 43.0%; total votes 640.", "question_1_winner": "Yes-approve!", "question_2": "Approve beat Disapprove, 421 to 227, 65.0% to 35.0%; total votes 648.", "question_2_winner": "Yes-approve!", "question_3": "Approve beat Disapprove, 451 to 185, 70.9% to 29.1%; total votes 636.", "question_3_winner": "Yes-approve!", "question_4": "Approve beat Disapprove, 394 to 237, 62.4% to 37.6%; total votes 631.", "question_4_winner": "Yes-approve!", "question_5": "Approve beat Disapprove, 596 to 53, 91.8% to 8.2%; total votes 649.", "question_5_winner": "Yes-approve!", "question_6": "Approve beat Disapprove, 387 to 250, 60.8% to 39.2%; total votes 637.", "question_6_winner": "Yes-approve!", "dem_primary_mayor": "Zohran Kwame Mamdani beat Andrew M. Cuomo, 139 to 112, 35.8% to 28.9%; total votes 388.", "dem_primary_mayor_winner": "Mamdani", "dem_primary_public_advocate": "Jumaane D. Williams beat Jenifer Rajkumar, 203 to 75, 64.4% to 23.8%; total votes 315.", "dem_primary_public_advocate_winner": "Williams", "dem_primary_comptroller": "Mark D. Levine beat Justin Brannan, 187 to 115, 57.4% to 35.3%; total votes 326.", "dem_primary_comptroller_winner": "Levine", "popup_summary": "Mayor: ZOHRAN KWAME MAMDANI beat ANDREW M. CUOMO, 384 to 297, 55.8% to 43.2%; total votes 688. | Public Advocate: JUMAANE D. WILLIAMS beat GONZALO DURAN, 530 to 94, 82.0% to 14.6%; total votes 646. | City Comptroller: MARK D. LEVINE beat PETER KEFALAS, 557 to 90, 85.4% to 13.8%; total votes 652. | Question 1: Approve beat Disapprove, 365 to 275, 57.0% to 43.0%; total votes 640. | Question 2: Approve beat Disapprove, 421 to 227, 65.0% to 35.0%; total votes 648. | Question 3: Approve beat Disapprove, 451 to 185, 70.9% to 29.1%; total votes 636. | Question 4: Approve beat Disapprove, 394 to 237, 62.4% to 37.6%; total votes 631. | Question 5: Approve beat Disapprove, 596 to 53, 91.8% to 8.2%; total votes 649. | Question 6: Approve beat Disapprove, 387 to 250, 60.8% to 39.2%; total votes 637. | Dem Primary Mayor: Zohran Kwame Mamdani beat Andrew M. Cuomo, 139 to 112, 35.8% to 28.9%; total votes 388. | Dem Primary Public Advocate: Jumaane D. Williams beat Jenifer Rajkumar, 203 to 75, 64.4% to 23.8%; total votes 315. | Dem Primary Comptroller: Mark D. Levine beat Justin Brannan, 187 to 115, 57.4% to 35.3%; total votes 326.", "mayor_margin": 12.6, "q2_yes": 65.0, "q3_yes": 70.9, "q4_yes": 62.4}, "geometry": {"type": "MultiPolygon", "coordinates": [[[[-73.9879441, 40.7024687], [-73.9877789, 40.7021654], [-73.9876588, 40.7019508], [-73.9875543, 40.7017675], [-73.9874286, 40.7015453], [-73.9873294, 40.7013658], [-73.9872302, 40.7011863], [-73.987203, 40.7011383], [-73.9871745, 40.7010875], [-73.986923, 40.7006336], [-73.9870577, 40.7006314], [-73.9871249, 40.7006345], [-73.9871793, 40.700637], [-73.9877428, 40.700663], [-73.9886671, 40.700705], [-73.9888185, 40.7007119], [-73.9897298, 40.700735], [-73.9899771, 40.7007383], [-73.9901328, 40.7007394], [-73.9912342, 40.7016124], [-73.9912977, 40.7016578], [-73.9914433, 40.7016633], [-73.9917725, 40.7016631], [-73.9919609, 40.7016631], [-73.9920668, 40.7016589], [-73.9921425, 40.7016554], [-73.9923401, 40.701646], [-73.9924683, 40.701629], [-73.9925958, 40.7016091], [-73.9927225, 40.7015865], [-73.9928483, 40.701561], [-73.9931266, 40.7014976], [-73.9932647, 40.7014581], [-73.9933988, 40.7014197], [-73.9936708, 40.7013313], [-73.9940153, 40.7012193], [-73.9942593, 40.7011191], [-73.9944941, 40.7010146], [-73.9948911, 40.7008132], [-73.9950282, 40.7007421], [-73.9952221, 40.7006351], [-73.9951899, 40.7007058], [-73.9951125, 40.7008725], [-73.9950351, 40.7010392], [-73.994605, 40.7019293], [-73.9944567, 40.7022885], [-73.9942198, 40.7027423], [-73.9941849, 40.7028058], [-73.993852, 40.7026739], [-73.9938176, 40.7026603], [-73.9932992, 40.7024319], [-73.9931554, 40.7024972], [-73.9929999, 40.7025486], [-73.9928364, 40.7025846], [-73.9926689, 40.7026043], [-73.9926082, 40.7026053], [-73.9925068, 40.7026119], [-73.9923744, 40.7026122], [-73.9917459, 40.7025638], [-73.990697, 40.7025417], [-73.9896235, 40.7025232], [-73.9885358, 40.7024887], [-73.9882162, 40.7024772], [-73.9880925, 40.7024728], [-73.9879441, 40.7024687]]]]}}, {"type": "Feature", "properties": {"felt:feature": 11, "ed_label": "AD 52 ED 009", "elect_dist": "52009", "borough": "Brooklyn", "community_board": 2, "community_board_label": "Brooklyn CB2", "popup_title": "Brooklyn CB2 \u2014 AD 52 ED 009", "general_mayor": "ZOHRAN KWAME MAMDANI beat ANDREW M. CUOMO, 431 to 272, 58.8% to 37.1%; total votes 733.", "general_mayor_winner": "Mamdani", "general_public_advocate": "JUMAANE D. WILLIAMS beat GONZALO DURAN, 586 to 103, 82.7% to 14.5%; total votes 709.", "general_public_advocate_winner": "Williams", "general_comptroller": "MARK D. LEVINE beat PETER KEFALAS, 587 to 96, 84.2% to 13.8%; total votes 697.", "general_comptroller_winner": "Levine", "question_1": "Approve beat Disapprove, 371 to 311, 54.4% to 45.6%; total votes 682.", "question_1_winner": "Yes-approve!", "question_2": "Approve beat Disapprove, 418 to 274, 60.4% to 39.6%; total votes 692.", "question_2_winner": "Yes-approve!", "question_3": "Approve beat Disapprove, 415 to 271, 60.5% to 39.5%; total votes 686.", "question_3_winner": "Yes-approve!", "question_4": "Approve beat Disapprove, 400 to 286, 58.3% to 41.7%; total votes 686.", "question_4_winner": "Yes-approve!", "question_5": "Approve beat Disapprove, 575 to 115, 83.3% to 16.7%; total votes 690.", "question_5_winner": "Yes-approve!", "question_6": "Approve beat Disapprove, 345 to 339, 50.4% to 49.6%; total votes 684.", "question_6_winner": "Yes-approve!", "dem_primary_mayor": "Zohran Kwame Mamdani beat Andrew M. Cuomo, 192 to 137, 37.3% to 26.6%; total votes 515.", "dem_primary_mayor_winner": "Mamdani", "dem_primary_public_advocate": "Jumaane D. Williams beat Jenifer Rajkumar, 346 to 68, 74.1% to 14.6%; total votes 467.", "dem_primary_public_advocate_winner": "Williams", "dem_primary_comptroller": "Mark D. Levine beat Justin Brannan, 242 to 171, 52.4% to 37.0%; total votes 462.", "dem_primary_comptroller_winner": "Levine", "popup_summary": "Mayor: ZOHRAN KWAME MAMDANI beat ANDREW M. CUOMO, 431 to 272, 58.8% to 37.1%; total votes 733. | Public Advocate: JUMAANE D. WILLIAMS beat GONZALO DURAN, 586 to 103, 82.7% to 14.5%; total votes 709. | City Comptroller: MARK D. LEVINE beat PETER KEFALAS, 587 to 96, 84.2% to 13.8%; total votes 697. | Question 1: Approve beat Disapprove, 371 to 311, 54.4% to 45.6%; total votes 682. | Question 2: Approve beat Disapprove, 418 to 274, 60.4% to 39.6%; total votes 692. | Question 3: Approve beat Disapprove, 415 to 271, 60.5% to 39.5%; total votes 686. | Question 4: Approve beat Disapprove, 400 to 286, 58.3% to 41.7%; total votes 686. | Question 5: Approve beat Disapprove, 575 to 115, 83.3% to 16.7%; total votes 690. | Question 6: Approve beat Disapprove, 345 to 339, 50.4% to 49.6%; total votes 684. | Dem Primary Mayor: Zohran Kwame Mamdani beat Andrew M. Cuomo, 192 to 137, 37.3% to 26.6%; total votes 515. | Dem Primary Public Advocate: Jumaane D. Williams beat Jenifer Rajkumar, 346 to 68, 74.1% to 14.6%; total votes 467. | Dem Primary Comptroller: Mark D. Levine beat Justin Brannan, 242 to 171, 52.4% to 37.0%; total votes 462.", "mayor_margin": 21.7, "q2_yes": 60.4, "q3_yes": 60.5, "q4_yes": 58.3}, "geometry": {"type": "MultiPolygon", "coordinates": [[[[-73.9901328, 40.7007394], [-73.9902549, 40.7007473], [-73.9901608, 40.7006772], [-73.9901213, 40.700617], [-73.9900888, 40.7005545], [-73.9900635, 40.7004901], [-73.9900456, 40.7004242], [-73.9900352, 40.7003574], [-73.9900323, 40.7002902], [-73.9900371, 40.700223], [-73.9900495, 40.7001564], [-73.9900694, 40.7000909], [-73.9900966, 40.7000269], [-73.9901253, 40.6999863], [-73.9901592, 40.6999481], [-73.9901981, 40.6999127], [-73.9902414, 40.6998804], [-73.9902887, 40.6998516], [-73.9903396, 40.6998266], [-73.9903966, 40.6998064], [-73.9904556, 40.6997899], [-73.9905162, 40.6997772], [-73.990578, 40.6997685], [-73.9906406, 40.6997638], [-73.9907035, 40.6997632], [-73.990969, 40.6998295], [-73.9910296, 40.6998472], [-73.9910889, 40.6998564], [-73.9917584, 40.7000518], [-73.9920756, 40.6994085], [-73.9936779, 40.6998444], [-73.9945283, 40.7000719], [-73.9953798, 40.7003094], [-73.9953225, 40.7004309], [-73.995261, 40.7005612], [-73.9952221, 40.7006351], [-73.9950282, 40.7007421], [-73.9948911, 40.7008132], [-73.9944941, 40.7010146], [-73.9942593, 40.7011191], [-73.9940153, 40.7012193], [-73.9936708, 40.7013313], [-73.9933988, 40.7014197], [-73.9932647, 40.7014581], [-73.9931266, 40.7014976], [-73.9928483, 40.701561], [-73.9927225, 40.7015865], [-73.9925958, 40.7016091], [-73.9924683, 40.701629], [-73.9923401, 40.701646], [-73.9921425, 40.7016554], [-73.9920668, 40.7016589], [-73.9919609, 40.7016631], [-73.9917725, 40.7016631], [-73.9914433, 40.7016633], [-73.9912977, 40.7016578], [-73.9912342, 40.7016124], [-73.9901328, 40.7007394]]]]}}, {"type": "Feature", "properties": {"felt:feature": 12, "ed_label": "AD 52 ED 010", "elect_dist": "52010", "borough": "Brooklyn", "community_board": 2, "community_board_label": "Brooklyn CB2", "popup_title": "Brooklyn CB2 \u2014 AD 52 ED 010", "general_mayor": "ZOHRAN KWAME MAMDANI beat ANDREW M. CUOMO, 574 to 339, 59.7% to 35.2%; total votes 962.", "general_mayor_winner": "Mamdani", "general_public_advocate": "JUMAANE D. WILLIAMS beat GONZALO DURAN, 773 to 119, 83.6% to 12.9%; total votes 925.", "general_public_advocate_winner": "Williams", "general_comptroller": "MARK D. LEVINE beat PETER KEFALAS, 778 to 107, 85.2% to 11.7%; total votes 913.", "general_comptroller_winner": "Levine", "question_1": "Approve beat Disapprove, 461 to 445, 50.9% to 49.1%; total votes 906.", "question_1_winner": "Yes-approve!", "question_2": "Approve beat Disapprove, 569 to 349, 62.0% to 38.0%; total votes 918.", "question_2_winner": "Yes-approve!", "question_3": "Approve beat Disapprove, 581 to 329, 63.8% to 36.2%; total votes 910.", "question_3_winner": "Yes-approve!", "question_4": "Approve beat Disapprove, 518 to 391, 57.0% to 43.0%; total votes 909.", "question_4_winner": "Yes-approve!", "question_5": "Approve beat Disapprove, 776 to 140, 84.7% to 15.3%; total votes 916.", "question_5_winner": "Yes-approve!", "question_6": "Disapprove beat Approve, 457 to 445, 50.7% to 49.3%; total votes 902.", "question_6_winner": "No-disapprove!", "dem_primary_mayor": "Zohran Kwame Mamdani beat Andrew M. Cuomo, 223 to 182, 32.9% to 26.9%; total votes 677.", "dem_primary_mayor_winner": "Mamdani", "dem_primary_public_advocate": "Jumaane D. Williams beat Jenifer Rajkumar, 437 to 122, 70.4% to 19.6%; total votes 621.", "dem_primary_public_advocate_winner": "Williams", "dem_primary_comptroller": "Mark D. Levine beat Justin Brannan, 325 to 245, 51.3% to 38.7%; total votes 633.", "dem_primary_comptroller_winner": "Levine", "popup_summary": "Mayor: ZOHRAN KWAME MAMDANI beat ANDREW M. CUOMO, 574 to 339, 59.7% to 35.2%; total votes 962. | Public Advocate: JUMAANE D. WILLIAMS beat GONZALO DURAN, 773 to 119, 83.6% to 12.9%; total votes 925. | City Comptroller: MARK D. LEVINE beat PETER KEFALAS, 778 to 107, 85.2% to 11.7%; total votes 913. | Question 1: Approve beat Disapprove, 461 to 445, 50.9% to 49.1%; total votes 906. | Question 2: Approve beat Disapprove, 569 to 349, 62.0% to 38.0%; total votes 918. | Question 3: Approve beat Disapprove, 581 to 329, 63.8% to 36.2%; total votes 910. | Question 4: Approve beat Disapprove, 518 to 391, 57.0% to 43.0%; total votes 909. | Question 5: Approve beat Disapprove, 776 to 140, 84.7% to 15.3%; total votes 916. | Question 6: Disapprove beat Approve, 457 to 445, 50.7% to 49.3%; total votes 902. | Dem Primary Mayor: Zohran Kwame Mamdani beat Andrew M. Cuomo, 223 to 182, 32.9% to 26.9%; total votes 677. | Dem Primary Public Advocate: Jumaane D. Williams beat Jenifer Rajkumar, 437 to 122, 70.4% to 19.6%; total votes 621. | Dem Primary Comptroller: Mark D. Levine beat Justin Brannan, 325 to 245, 51.3% to 38.7%; total votes 633.", "mayor_margin": 24.5, "q2_yes": 62.0, "q3_yes": 63.8, "q4_yes": 57.0}, "geometry": {"type": "MultiPolygon", "coordinates": [[[[-73.9901328, 40.7007394], [-73.9899771, 40.7007383], [-73.9897298, 40.700735], [-73.9888185, 40.7007119], [-73.9886671, 40.700705], [-73.9877428, 40.700663], [-73.9871793, 40.700637], [-73.9871249, 40.7006345], [-73.9870577, 40.7006314], [-73.986923, 40.7006336], [-73.9867981, 40.7004052], [-73.9866913, 40.700213], [-73.9866265, 40.7000964], [-73.9865278, 40.6999189], [-73.9864938, 40.6998541], [-73.9864344, 40.6997471], [-73.986297, 40.6994992], [-73.9862613, 40.699435], [-73.9862338, 40.6993857], [-73.986178, 40.6992855], [-73.9857122, 40.6984492], [-73.9858401, 40.6984576], [-73.9861599, 40.6984785], [-73.9869689, 40.6985036], [-73.9870218, 40.6976818], [-73.9870382, 40.6972772], [-73.9870624, 40.6968393], [-73.9870957, 40.6962949], [-73.987101, 40.6962075], [-73.9871057, 40.6961316], [-73.9871046, 40.696054], [-73.9871597, 40.6949687], [-73.9872008, 40.694268], [-73.9872275, 40.6937995], [-73.987254, 40.6931249], [-73.9873001, 40.6922261], [-73.9881859, 40.692277], [-73.9887507, 40.6922964], [-73.9888916, 40.6923012], [-73.9889746, 40.6923055], [-73.9889709, 40.6924372], [-73.9889721, 40.6924962], [-73.9889515, 40.6928497], [-73.9888814, 40.6943461], [-73.9888782, 40.6944136], [-73.9888612, 40.6947285], [-73.9888453, 40.6950215], [-73.9887643, 40.6961039], [-73.9887644, 40.696198], [-73.9888299, 40.6962018], [-73.988889, 40.6962007], [-73.9900379, 40.6962251], [-73.9900337, 40.6962913], [-73.9900284, 40.6963708], [-73.9898441, 40.6993294], [-73.9898056, 40.6995223], [-73.9897512, 40.7004017], [-73.9901608, 40.7006772], [-73.9902549, 40.7007473], [-73.9901328, 40.7007394]]]]}}, {"type": "Feature", "properties": {"felt:feature": 13, "ed_label": "AD 52 ED 011", "elect_dist": "52011", "borough": "Brooklyn", "community_board": 2, "community_board_label": "Brooklyn CB2", "popup_title": "Brooklyn CB2 \u2014 AD 52 ED 011", "general_mayor": "ZOHRAN KWAME MAMDANI beat ANDREW M. CUOMO, 751 to 112, 85.3% to 12.7%; total votes 880.", "general_mayor_winner": "Mamdani", "general_public_advocate": "JUMAANE D. WILLIAMS beat GONZALO DURAN, 776 to 66, 90.3% to 7.7%; total votes 859.", "general_public_advocate_winner": "Williams", "general_comptroller": "MARK D. LEVINE beat PETER KEFALAS, 754 to 62, 90.6% to 7.5%; total votes 832.", "general_comptroller_winner": "Levine", "question_1": "Disapprove beat Approve, 444 to 390, 53.2% to 46.8%; total votes 834.", "question_1_winner": "No-disapprove!", "question_2": "Approve beat Disapprove, 613 to 235, 72.3% to 27.7%; total votes 848.", "question_2_winner": "Yes-approve!", "question_3": "Approve beat Disapprove, 565 to 271, 67.6% to 32.4%; total votes 836.", "question_3_winner": "Yes-approve!", "question_4": "Approve beat Disapprove, 567 to 263, 68.3% to 31.7%; total votes 830.", "question_4_winner": "Yes-approve!", "question_5": "Approve beat Disapprove, 769 to 68, 91.9% to 8.1%; total votes 837.", "question_5_winner": "Yes-approve!", "question_6": "Approve beat Disapprove, 483 to 354, 57.7% to 42.3%; total votes 837.", "question_6_winner": "Yes-approve!", "dem_primary_mayor": "Zohran Kwame Mamdani beat Brad Lander, 417 to 82, 73.8% to 14.5%; total votes 565.", "dem_primary_mayor_winner": "Mamdani", "dem_primary_public_advocate": "Jumaane D. Williams beat Jenifer Rajkumar, 386 to 95, 76.7% to 18.9%; total votes 503.", "dem_primary_public_advocate_winner": "Williams", "dem_primary_comptroller": "Justin Brannan beat Mark D. Levine, 273 to 154, 53.5% to 30.2%; total votes 510.", "dem_primary_comptroller_winner": "Brannan", "popup_summary": "Mayor: ZOHRAN KWAME MAMDANI beat ANDREW M. CUOMO, 751 to 112, 85.3% to 12.7%; total votes 880. | Public Advocate: JUMAANE D. WILLIAMS beat GONZALO DURAN, 776 to 66, 90.3% to 7.7%; total votes 859. | City Comptroller: MARK D. LEVINE beat PETER KEFALAS, 754 to 62, 90.6% to 7.5%; total votes 832. | Question 1: Disapprove beat Approve, 444 to 390, 53.2% to 46.8%; total votes 834. | Question 2: Approve beat Disapprove, 613 to 235, 72.3% to 27.7%; total votes 848. | Question 3: Approve beat Disapprove, 565 to 271, 67.6% to 32.4%; total votes 836. | Question 4: Approve beat Disapprove, 567 to 263, 68.3% to 31.7%; total votes 830. | Question 5: Approve beat Disapprove, 769 to 68, 91.9% to 8.1%; total votes 837. | Question 6: Approve beat Disapprove, 483 to 354, 57.7% to 42.3%; total votes 837. | Dem Primary Mayor: Zohran Kwame Mamdani beat Brad Lander, 417 to 82, 73.8% to 14.5%; total votes 565. | Dem Primary Public Advocate: Jumaane D. Williams beat Jenifer Rajkumar, 386 to 95, 76.7% to 18.9%; total votes 503. | Dem Primary Comptroller: Justin Brannan beat Mark D. Levine, 273 to 154, 53.5% to 30.2%; total votes 510.", "mayor_margin": 72.6, "q2_yes": 72.3, "q3_yes": 67.6, "q4_yes": 68.3}, "geometry": {"type": "MultiPolygon", "coordinates": [[[[-73.9847609, 40.7014394], [-73.9847921, 40.7010378], [-73.9847975, 40.7009676], [-73.9848279, 40.700577], [-73.9854472, 40.7005929], [-73.9855776, 40.7005979], [-73.9857074, 40.7006023], [-73.9855186, 40.7004883], [-73.9854147, 40.7004195], [-73.9853483, 40.7003789], [-73.9851865, 40.7002658], [-73.9850348, 40.7001448], [-73.9848941, 40.7000168], [-73.9847523, 40.6998827], [-73.9847041, 40.6998403], [-73.9846474, 40.6997873], [-73.9845461, 40.6996951], [-73.9845288, 40.6996775], [-73.9841775, 40.6993204], [-73.983562, 40.6987579], [-73.9832818, 40.6985023], [-73.9831969, 40.6984248], [-73.9831489, 40.6983817], [-73.9830515, 40.6983779], [-73.983058, 40.6982961], [-73.9831179, 40.697542], [-73.9822735, 40.6975063], [-73.9823512, 40.696227], [-73.982375, 40.6961012], [-73.9826333, 40.6960443], [-73.9828379, 40.6960571], [-73.9832074, 40.6960778], [-73.9841274, 40.6961106], [-73.9844725, 40.6961191], [-73.9844304, 40.6960308], [-73.984381, 40.695941], [-73.9841673, 40.6955579], [-73.9840049, 40.6952413], [-73.9837995, 40.6948359], [-73.9839253, 40.6948389], [-73.9840318, 40.6948459], [-73.984204, 40.6948535], [-73.9851431, 40.6948851], [-73.986169, 40.6949241], [-73.9866947, 40.694944], [-73.9871597, 40.6949687], [-73.9871046, 40.696054], [-73.9871057, 40.6961316], [-73.987101, 40.6962075], [-73.9870957, 40.6962949], [-73.9870624, 40.6968393], [-73.9870382, 40.6972772], [-73.9870218, 40.6976818], [-73.9869689, 40.6985036], [-73.9861599, 40.6984785], [-73.9858401, 40.6984576], [-73.9857122, 40.6984492], [-73.986178, 40.6992855], [-73.9862338, 40.6993857], [-73.9862613, 40.699435], [-73.986297, 40.6994992], [-73.9864344, 40.6997471], [-73.9864938, 40.6998541], [-73.9865278, 40.6999189], [-73.9866265, 40.7000964], [-73.9866913, 40.700213], [-73.9867981, 40.7004052], [-73.986923, 40.7006336], [-73.9867938, 40.7006332], [-73.9867853, 40.7007611], [-73.9867856, 40.7009239], [-73.9867857, 40.7010051], [-73.9867845, 40.7010624], [-73.9867833, 40.7011197], [-73.9867478, 40.7015265], [-73.9847609, 40.7014394]]]]}}, {"type": "Feature", "properties": {"felt:feature": 14, "ed_label": "AD 52 ED 012", "elect_dist": "52012", "borough": "Brooklyn", "community_board": 2, "community_board_label": "Brooklyn CB2", "popup_title": "Brooklyn CB2 \u2014 AD 52 ED 012", "general_mayor": "ZOHRAN KWAME MAMDANI beat ANDREW M. CUOMO, 611 to 157, 77.1% to 19.8%; total votes 792.", "general_mayor_winner": "Mamdani", "general_public_advocate": "JUMAANE D. WILLIAMS beat GONZALO DURAN, 677 to 60, 90.0% to 8.0%; total votes 752.", "general_public_advocate_winner": "Williams", "general_comptroller": "MARK D. LEVINE beat PETER KEFALAS, 675 to 55, 91.0% to 7.4%; total votes 742.", "general_comptroller_winner": "Levine", "question_1": "Disapprove beat Approve, 375 to 361, 51.0% to 49.0%; total votes 736.", "question_1_winner": "No-disapprove!", "question_2": "Approve beat Disapprove, 501 to 245, 67.2% to 32.8%; total votes 746.", "question_2_winner": "Yes-approve!", "question_3": "Approve beat Disapprove, 501 to 242, 67.4% to 32.6%; total votes 743.", "question_3_winner": "Yes-approve!", "question_4": "Approve beat Disapprove, 466 to 268, 63.5% to 36.5%; total votes 734.", "question_4_winner": "Yes-approve!", "question_5": "Approve beat Disapprove, 684 to 61, 91.8% to 8.2%; total votes 745.", "question_5_winner": "Yes-approve!", "question_6": "Approve beat Disapprove, 422 to 315, 57.3% to 42.7%; total votes 737.", "question_6_winner": "Yes-approve!", "dem_primary_mayor": "Zohran Kwame Mamdani beat Brad Lander, 306 to 99, 59.1% to 19.1%; total votes 518.", "dem_primary_mayor_winner": "Mamdani", "dem_primary_public_advocate": "Jumaane D. Williams beat Jenifer Rajkumar, 350 to 77, 76.1% to 16.7%; total votes 460.", "dem_primary_public_advocate_winner": "Williams", "dem_primary_comptroller": "Mark D. Levine beat Justin Brannan, 207 to 201, 44.1% to 42.9%; total votes 469.", "dem_primary_comptroller_winner": "Levine", "popup_summary": "Mayor: ZOHRAN KWAME MAMDANI beat ANDREW M. CUOMO, 611 to 157, 77.1% to 19.8%; total votes 792. | Public Advocate: JUMAANE D. WILLIAMS beat GONZALO DURAN, 677 to 60, 90.0% to 8.0%; total votes 752. | City Comptroller: MARK D. LEVINE beat PETER KEFALAS, 675 to 55, 91.0% to 7.4%; total votes 742. | Question 1: Disapprove beat Approve, 375 to 361, 51.0% to 49.0%; total votes 736. | Question 2: Approve beat Disapprove, 501 to 245, 67.2% to 32.8%; total votes 746. | Question 3: Approve beat Disapprove, 501 to 242, 67.4% to 32.6%; total votes 743. | Question 4: Approve beat Disapprove, 466 to 268, 63.5% to 36.5%; total votes 734. | Question 5: Approve beat Disapprove, 684 to 61, 91.8% to 8.2%; total votes 745. | Question 6: Approve beat Disapprove, 422 to 315, 57.3% to 42.7%; total votes 737. | Dem Primary Mayor: Zohran Kwame Mamdani beat Brad Lander, 306 to 99, 59.1% to 19.1%; total votes 518. | Dem Primary Public Advocate: Jumaane D. Williams beat Jenifer Rajkumar, 350 to 77, 76.1% to 16.7%; total votes 460. | Dem Primary Comptroller: Mark D. Levine beat Justin Brannan, 207 to 201, 44.1% to 42.9%; total votes 469.", "mayor_margin": 57.3, "q2_yes": 67.2, "q3_yes": 67.4, "q4_yes": 63.5}, "geometry": {"type": "MultiPolygon", "coordinates": [[[[-73.982375, 40.6961012], [-73.9823849, 40.6960044], [-73.98239, 40.6959511], [-73.9823952, 40.6958606], [-73.9824349, 40.6951669], [-73.9824535, 40.6947961], [-73.9824814, 40.6942269], [-73.9825091, 40.693659], [-73.9825109, 40.6936066], [-73.9825116, 40.6935628], [-73.9825175, 40.6929774], [-73.9825668, 40.6922952], [-73.9828254, 40.6928076], [-73.983157, 40.6935605], [-73.9831814, 40.693613], [-73.9832189, 40.6936896], [-73.9833496, 40.6939415], [-73.9837995, 40.6948359], [-73.9840049, 40.6952413], [-73.9841673, 40.6955579], [-73.984381, 40.695941], [-73.9844304, 40.6960308], [-73.9844725, 40.6961191], [-73.9841274, 40.6961106], [-73.9832074, 40.6960778], [-73.9828379, 40.6960571], [-73.9826333, 40.6960443], [-73.982375, 40.6961012]]]]}}, {"type": "Feature", "properties": {"felt:feature": 15, "ed_label": "AD 52 ED 014", "elect_dist": "52014", "borough": "Brooklyn", "community_board": 2, "community_board_label": "Brooklyn CB2", "popup_title": "Brooklyn CB2 \u2014 AD 52 ED 014", "general_mayor": "ZOHRAN KWAME MAMDANI beat ANDREW M. CUOMO, 442 to 261, 59.8% to 35.3%; total votes 739.", "general_mayor_winner": "Mamdani", "general_public_advocate": "JUMAANE D. WILLIAMS beat GONZALO DURAN, 587 to 103, 82.6% to 14.5%; total votes 711.", "general_public_advocate_winner": "Williams", "general_comptroller": "MARK D. LEVINE beat PETER KEFALAS, 594 to 89, 85.1% to 12.8%; total votes 698.", "general_comptroller_winner": "Levine", "question_1": "Approve beat Disapprove, 366 to 338, 52.0% to 48.0%; total votes 704.", "question_1_winner": "Yes-approve!", "question_2": "Approve beat Disapprove, 406 to 300, 57.5% to 42.5%; total votes 706.", "question_2_winner": "Yes-approve!", "question_3": "Approve beat Disapprove, 431 to 273, 61.2% to 38.8%; total votes 704.", "question_3_winner": "Yes-approve!", "question_4": "Approve beat Disapprove, 371 to 322, 53.5% to 46.5%; total votes 693.", "question_4_winner": "Yes-approve!", "question_5": "Approve beat Disapprove, 600 to 96, 86.2% to 13.8%; total votes 696.", "question_5_winner": "Yes-approve!", "question_6": "Approve beat Disapprove, 393 to 303, 56.5% to 43.5%; total votes 696.", "question_6_winner": "Yes-approve!", "dem_primary_mayor": "Zohran Kwame Mamdani beat Brad Lander, 170 to 158, 34.0% to 31.6%; total votes 500.", "dem_primary_mayor_winner": "Mamdani", "dem_primary_public_advocate": "Jumaane D. Williams beat Jenifer Rajkumar, 308 to 89, 70.5% to 20.4%; total votes 437.", "dem_primary_public_advocate_winner": "Williams", "dem_primary_comptroller": "Mark D. Levine beat Justin Brannan, 251 to 157, 56.4% to 35.3%; total votes 445.", "dem_primary_comptroller_winner": "Levine", "popup_summary": "Mayor: ZOHRAN KWAME MAMDANI beat ANDREW M. CUOMO, 442 to 261, 59.8% to 35.3%; total votes 739. | Public Advocate: JUMAANE D. WILLIAMS beat GONZALO DURAN, 587 to 103, 82.6% to 14.5%; total votes 711. | City Comptroller: MARK D. LEVINE beat PETER KEFALAS, 594 to 89, 85.1% to 12.8%; total votes 698. | Question 1: Approve beat Disapprove, 366 to 338, 52.0% to 48.0%; total votes 704. | Question 2: Approve beat Disapprove, 406 to 300, 57.5% to 42.5%; total votes 706. | Question 3: Approve beat Disapprove, 431 to 273, 61.2% to 38.8%; total votes 704. | Question 4: Approve beat Disapprove, 371 to 322, 53.5% to 46.5%; total votes 693. | Question 5: Approve beat Disapprove, 600 to 96, 86.2% to 13.8%; total votes 696. | Question 6: Approve beat Disapprove, 393 to 303, 56.5% to 43.5%; total votes 696. | Dem Primary Mayor: Zohran Kwame Mamdani beat Brad Lander, 170 to 158, 34.0% to 31.6%; total votes 500. | Dem Primary Public Advocate: Jumaane D. Williams beat Jenifer Rajkumar, 308 to 89, 70.5% to 20.4%; total votes 437. | Dem Primary Comptroller: Mark D. Levine beat Justin Brannan, 251 to 157, 56.4% to 35.3%; total votes 445.", "mayor_margin": 24.5, "q2_yes": 57.5, "q3_yes": 61.2, "q4_yes": 53.5}, "geometry": {"type": "MultiPolygon", "coordinates": [[[[-73.9900379, 40.6962251], [-73.9910325, 40.6962618], [-73.9910979, 40.6962572], [-73.991175, 40.6962514], [-73.9911964, 40.6963245], [-73.9912311, 40.6964313], [-73.9912841, 40.6965882], [-73.9913681, 40.6970138], [-73.9914229, 40.697781], [-73.991487, 40.6977967], [-73.9927083, 40.6980993], [-73.9942921, 40.6985351], [-73.9939805, 40.6991865], [-73.9936779, 40.6998444], [-73.9920756, 40.6994085], [-73.9917584, 40.7000518], [-73.9910889, 40.6998564], [-73.9910296, 40.6998472], [-73.990969, 40.6998295], [-73.9907035, 40.6997632], [-73.9906406, 40.6997638], [-73.990578, 40.6997685], [-73.9905162, 40.6997772], [-73.9904556, 40.6997899], [-73.9903966, 40.6998064], [-73.9903396, 40.6998266], [-73.9902887, 40.6998516], [-73.9902414, 40.6998804], [-73.9901981, 40.6999127], [-73.9901592, 40.6999481], [-73.9901253, 40.6999863], [-73.9900966, 40.7000269], [-73.9900694, 40.7000909], [-73.9900495, 40.7001564], [-73.9900371, 40.700223], [-73.9900323, 40.7002902], [-73.9900352, 40.7003574], [-73.9900456, 40.7004242], [-73.9900635, 40.7004901], [-73.9900888, 40.7005545], [-73.9901213, 40.700617], [-73.9901608, 40.7006772], [-73.9897512, 40.7004017], [-73.9898056, 40.6995223], [-73.9898441, 40.6993294], [-73.9900284, 40.6963708], [-73.9900337, 40.6962913], [-73.9900379, 40.6962251]]]]}}, {"type": "Feature", "properties": {"felt:feature": 16, "ed_label": "AD 52 ED 015", "elect_dist": "52015", "borough": "Brooklyn", "community_board": 2, "community_board_label": "Brooklyn CB2", "popup_title": "Brooklyn CB2 \u2014 AD 52 ED 015", "general_mayor": "ZOHRAN KWAME MAMDANI beat ANDREW M. CUOMO, 430 to 273, 59.0% to 37.4%; total votes 729.", "general_mayor_winner": "Mamdani", "general_public_advocate": "JUMAANE D. WILLIAMS beat GONZALO DURAN, 591 to 79, 85.5% to 11.4%; total votes 691.", "general_public_advocate_winner": "Williams", "general_comptroller": "MARK D. LEVINE beat PETER KEFALAS, 604 to 61, 89.6% to 9.1%; total votes 674.", "general_comptroller_winner": "Levine", "question_1": "Approve beat Disapprove, 348 to 312, 52.7% to 47.3%; total votes 660.", "question_1_winner": "Yes-approve!", "question_2": "Approve beat Disapprove, 400 to 268, 59.9% to 40.1%; total votes 668.", "question_2_winner": "Yes-approve!", "question_3": "Approve beat Disapprove, 404 to 259, 60.9% to 39.1%; total votes 663.", "question_3_winner": "Yes-approve!", "question_4": "Approve beat Disapprove, 374 to 279, 57.3% to 42.7%; total votes 653.", "question_4_winner": "Yes-approve!", "question_5": "Approve beat Disapprove, 567 to 97, 85.4% to 14.6%; total votes 664.", "question_5_winner": "Yes-approve!", "question_6": "Approve beat Disapprove, 367 to 295, 55.4% to 44.6%; total votes 662.", "question_6_winner": "Yes-approve!", "dem_primary_mayor": "Andrew M. Cuomo beat Zohran Kwame Mamdani, 162 to 140, 32.9% to 28.4%; total votes 493.", "dem_primary_mayor_winner": "Cuomo", "dem_primary_public_advocate": "Jumaane D. Williams beat Jenifer Rajkumar, 347 to 62, 75.9% to 13.6%; total votes 457.", "dem_primary_public_advocate_winner": "Williams", "dem_primary_comptroller": "Mark D. Levine beat Justin Brannan, 229 to 187, 50.6% to 41.3%; total votes 453.", "dem_primary_comptroller_winner": "Levine", "popup_summary": "Mayor: ZOHRAN KWAME MAMDANI beat ANDREW M. CUOMO, 430 to 273, 59.0% to 37.4%; total votes 729. | Public Advocate: JUMAANE D. WILLIAMS beat GONZALO DURAN, 591 to 79, 85.5% to 11.4%; total votes 691. | City Comptroller: MARK D. LEVINE beat PETER KEFALAS, 604 to 61, 89.6% to 9.1%; total votes 674. | Question 1: Approve beat Disapprove, 348 to 312, 52.7% to 47.3%; total votes 660. | Question 2: Approve beat Disapprove, 400 to 268, 59.9% to 40.1%; total votes 668. | Question 3: Approve beat Disapprove, 404 to 259, 60.9% to 39.1%; total votes 663. | Question 4: Approve beat Disapprove, 374 to 279, 57.3% to 42.7%; total votes 653. | Question 5: Approve beat Disapprove, 567 to 97, 85.4% to 14.6%; total votes 664. | Question 6: Approve beat Disapprove, 367 to 295, 55.4% to 44.6%; total votes 662. | Dem Primary Mayor: Andrew M. Cuomo beat Zohran Kwame Mamdani, 162 to 140, 32.9% to 28.4%; total votes 493. | Dem Primary Public Advocate: Jumaane D. Williams beat Jenifer Rajkumar, 347 to 62, 75.9% to 13.6%; total votes 457. | Dem Primary Comptroller: Mark D. Levine beat Justin Brannan, 229 to 187, 50.6% to 41.3%; total votes 453.", "mayor_margin": 21.6, "q2_yes": 59.9, "q3_yes": 60.9, "q4_yes": 57.3}, "geometry": {"type": "MultiPolygon", "coordinates": [[[[-73.9913681, 40.6970138], [-73.9914287, 40.6970308], [-73.9919279, 40.6971709], [-73.9921234, 40.6972258], [-73.9930182, 40.6974624], [-73.9946047, 40.6978888], [-73.9942921, 40.6985351], [-73.9927083, 40.6980993], [-73.991487, 40.6977967], [-73.9914229, 40.697781], [-73.9913681, 40.6970138]]]]}}, {"type": "Feature", "properties": {"felt:feature": 17, "ed_label": "AD 52 ED 016", "elect_dist": "52016", "borough": "Brooklyn", "community_board": 2, "community_board_label": "Brooklyn CB2", "popup_title": "Brooklyn CB2 \u2014 AD 52 ED 016", "general_mayor": "ZOHRAN KWAME MAMDANI beat ANDREW M. CUOMO, 658 to 386, 60.6% to 35.6%; total votes 1085.", "general_mayor_winner": "Mamdani", "general_public_advocate": "JUMAANE D. WILLIAMS beat GONZALO DURAN, 841 to 151, 81.9% to 14.7%; total votes 1027.", "general_public_advocate_winner": "Williams", "general_comptroller": "MARK D. LEVINE beat PETER KEFALAS, 876 to 136, 85.5% to 13.3%; total votes 1024.", "general_comptroller_winner": "Levine", "question_1": "Approve beat Disapprove, 567 to 452, 55.6% to 44.4%; total votes 1019.", "question_1_winner": "Yes-approve!", "question_2": "Approve beat Disapprove, 657 to 376, 63.6% to 36.4%; total votes 1033.", "question_2_winner": "Yes-approve!", "question_3": "Approve beat Disapprove, 691 to 337, 67.2% to 32.8%; total votes 1028.", "question_3_winner": "Yes-approve!", "question_4": "Approve beat Disapprove, 604 to 412, 59.4% to 40.6%; total votes 1016.", "question_4_winner": "Yes-approve!", "question_5": "Approve beat Disapprove, 922 to 103, 90.0% to 10.0%; total votes 1025.", "question_5_winner": "Yes-approve!", "question_6": "Approve beat Disapprove, 595 to 422, 58.5% to 41.5%; total votes 1017.", "question_6_winner": "Yes-approve!", "dem_primary_mayor": "Zohran Kwame Mamdani beat Brad Lander, 245 to 237, 33.2% to 32.2%; total votes 737.", "dem_primary_mayor_winner": "Mamdani", "dem_primary_public_advocate": "Jumaane D. Williams beat Jenifer Rajkumar, 454 to 108, 70.9% to 16.9%; total votes 640.", "dem_primary_public_advocate_winner": "Williams", "dem_primary_comptroller": "Mark D. Levine beat Justin Brannan, 314 to 250, 50.2% to 40.0%; total votes 625.", "dem_primary_comptroller_winner": "Levine", "popup_summary": "Mayor: ZOHRAN KWAME MAMDANI beat ANDREW M. CUOMO, 658 to 386, 60.6% to 35.6%; total votes 1085. | Public Advocate: JUMAANE D. WILLIAMS beat GONZALO DURAN, 841 to 151, 81.9% to 14.7%; total votes 1027. | City Comptroller: MARK D. LEVINE beat PETER KEFALAS, 876 to 136, 85.5% to 13.3%; total votes 1024. | Question 1: Approve beat Disapprove, 567 to 452, 55.6% to 44.4%; total votes 1019. | Question 2: Approve beat Disapprove, 657 to 376, 63.6% to 36.4%; total votes 1033. | Question 3: Approve beat Disapprove, 691 to 337, 67.2% to 32.8%; total votes 1028. | Question 4: Approve beat Disapprove, 604 to 412, 59.4% to 40.6%; total votes 1016. | Question 5: Approve beat Disapprove, 922 to 103, 90.0% to 10.0%; total votes 1025. | Question 6: Approve beat Disapprove, 595 to 422, 58.5% to 41.5%; total votes 1017. | Dem Primary Mayor: Zohran Kwame Mamdani beat Brad Lander, 245 to 237, 33.2% to 32.2%; total votes 737. | Dem Primary Public Advocate: Jumaane D. Williams beat Jenifer Rajkumar, 454 to 108, 70.9% to 16.9%; total votes 640. | Dem Primary Comptroller: Mark D. Levine beat Justin Brannan, 314 to 250, 50.2% to 40.0%; total votes 625.", "mayor_margin": 25.0, "q2_yes": 63.6, "q3_yes": 67.2, "q4_yes": 59.4}, "geometry": {"type": "MultiPolygon", "coordinates": [[[[-73.9936779, 40.6998444], [-73.9939805, 40.6991865], [-73.9942921, 40.6985351], [-73.9946047, 40.6978888], [-73.9954563, 40.6981207], [-73.9964136, 40.6961311], [-73.997078, 40.696311], [-73.9972495, 40.6963701], [-73.9977908, 40.6965063], [-73.9978541, 40.6965223], [-73.9979007, 40.6965321], [-73.9969405, 40.6985017], [-73.9966206, 40.6991863], [-73.9964816, 40.6994767], [-73.9964342, 40.6995668], [-73.9963865, 40.6996344], [-73.9963357, 40.6997064], [-73.9962238, 40.699865], [-73.9961545, 40.699933], [-73.9961162, 40.6999706], [-73.9959338, 40.7001496], [-73.9956849, 40.7003445], [-73.9956232, 40.7003833], [-73.9954686, 40.7004803], [-73.9953979, 40.7005247], [-73.9952221, 40.7006351], [-73.995261, 40.7005612], [-73.9953225, 40.7004309], [-73.9953798, 40.7003094], [-73.9945283, 40.7000719], [-73.9936779, 40.6998444]]]]}}, {"type": "Feature", "properties": {"felt:feature": 18, "ed_label": "AD 52 ED 017", "elect_dist": "52017", "borough": "Brooklyn", "community_board": 2, "community_board_label": "Brooklyn CB2", "popup_title": "Brooklyn CB2 \u2014 AD 52 ED 017", "general_mayor": "ZOHRAN KWAME MAMDANI beat ANDREW M. CUOMO, 596 to 342, 61.3% to 35.1%; total votes 973.", "general_mayor_winner": "Mamdani", "general_public_advocate": "JUMAANE D. WILLIAMS beat GONZALO DURAN, 772 to 123, 83.7% to 13.3%; total votes 922.", "general_public_advocate_winner": "Williams", "general_comptroller": "MARK D. LEVINE beat PETER KEFALAS, 798 to 109, 87.0% to 11.9%; total votes 917.", "general_comptroller_winner": "Levine", "question_1": "Approve beat Disapprove, 463 to 403, 53.5% to 46.5%; total votes 866.", "question_1_winner": "Yes-approve!", "question_2": "Approve beat Disapprove, 590 to 299, 66.4% to 33.6%; total votes 889.", "question_2_winner": "Yes-approve!", "question_3": "Approve beat Disapprove, 594 to 282, 67.8% to 32.2%; total votes 876.", "question_3_winner": "Yes-approve!", "question_4": "Approve beat Disapprove, 521 to 355, 59.5% to 40.5%; total votes 876.", "question_4_winner": "Yes-approve!", "question_5": "Approve beat Disapprove, 781 to 105, 88.1% to 11.9%; total votes 886.", "question_5_winner": "Yes-approve!", "question_6": "Approve beat Disapprove, 471 to 398, 54.2% to 45.8%; total votes 869.", "question_6_winner": "Yes-approve!", "dem_primary_mayor": "Zohran Kwame Mamdani beat Brad Lander, 246 to 184, 37.4% to 28.0%; total votes 658.", "dem_primary_mayor_winner": "Mamdani", "dem_primary_public_advocate": "Jumaane D. Williams beat Jenifer Rajkumar, 403 to 95, 71.7% to 16.9%; total votes 562.", "dem_primary_public_advocate_winner": "Williams", "dem_primary_comptroller": "Mark D. Levine beat Justin Brannan, 280 to 232, 49.9% to 41.4%; total votes 561.", "dem_primary_comptroller_winner": "Levine", "popup_summary": "Mayor: ZOHRAN KWAME MAMDANI beat ANDREW M. CUOMO, 596 to 342, 61.3% to 35.1%; total votes 973. | Public Advocate: JUMAANE D. WILLIAMS beat GONZALO DURAN, 772 to 123, 83.7% to 13.3%; total votes 922. | City Comptroller: MARK D. LEVINE beat PETER KEFALAS, 798 to 109, 87.0% to 11.9%; total votes 917. | Question 1: Approve beat Disapprove, 463 to 403, 53.5% to 46.5%; total votes 866. | Question 2: Approve beat Disapprove, 590 to 299, 66.4% to 33.6%; total votes 889. | Question 3: Approve beat Disapprove, 594 to 282, 67.8% to 32.2%; total votes 876. | Question 4: Approve beat Disapprove, 521 to 355, 59.5% to 40.5%; total votes 876. | Question 5: Approve beat Disapprove, 781 to 105, 88.1% to 11.9%; total votes 886. | Question 6: Approve beat Disapprove, 471 to 398, 54.2% to 45.8%; total votes 869. | Dem Primary Mayor: Zohran Kwame Mamdani beat Brad Lander, 246 to 184, 37.4% to 28.0%; total votes 658. | Dem Primary Public Advocate: Jumaane D. Williams beat Jenifer Rajkumar, 403 to 95, 71.7% to 16.9%; total votes 562. | Dem Primary Comptroller: Mark D. Levine beat Justin Brannan, 280 to 232, 49.9% to 41.4%; total votes 561.", "mayor_margin": 26.2, "q2_yes": 66.4, "q3_yes": 67.8, "q4_yes": 59.5}, "geometry": {"type": "MultiPolygon", "coordinates": [[[[-73.9946047, 40.6978888], [-73.9930182, 40.6974624], [-73.9937852, 40.6958702], [-73.9939781, 40.695463], [-73.9955467, 40.6958927], [-73.9964136, 40.6961311], [-73.9954563, 40.6981207], [-73.9946047, 40.6978888]]]]}}, {"type": "Feature", "properties": {"felt:feature": 19, "ed_label": "AD 52 ED 018", "elect_dist": "52018", "borough": "Brooklyn", "community_board": 2, "community_board_label": "Brooklyn CB2", "popup_title": "Brooklyn CB2 \u2014 AD 52 ED 018", "general_mayor": "ZOHRAN KWAME MAMDANI beat ANDREW M. CUOMO, 497 to 359, 55.3% to 39.9%; total votes 899.", "general_mayor_winner": "Mamdani", "general_public_advocate": "JUMAANE D. WILLIAMS beat GONZALO DURAN, 703 to 120, 83.9% to 14.3%; total votes 838.", "general_public_advocate_winner": "Williams", "general_comptroller": "MARK D. LEVINE beat PETER KEFALAS, 728 to 107, 86.5% to 12.7%; total votes 842.", "general_comptroller_winner": "Levine", "question_1": "Approve beat Disapprove, 496 to 338, 59.5% to 40.5%; total votes 834.", "question_1_winner": "Yes-approve!", "question_2": "Approve beat Disapprove, 532 to 317, 62.7% to 37.3%; total votes 849.", "question_2_winner": "Yes-approve!", "question_3": "Approve beat Disapprove, 543 to 302, 64.3% to 35.7%; total votes 845.", "question_3_winner": "Yes-approve!", "question_4": "Approve beat Disapprove, 474 to 362, 56.7% to 43.3%; total votes 836.", "question_4_winner": "Yes-approve!", "question_5": "Approve beat Disapprove, 737 to 106, 87.4% to 12.6%; total votes 843.", "question_5_winner": "Yes-approve!", "question_6": "Approve beat Disapprove, 490 to 349, 58.4% to 41.6%; total votes 839.", "question_6_winner": "Yes-approve!", "dem_primary_mayor": "Andrew M. Cuomo beat Brad Lander, 196 to 192, 30.7% to 30.1%; total votes 638.", "dem_primary_mayor_winner": "Cuomo", "dem_primary_public_advocate": "Jumaane D. Williams beat Jenifer Rajkumar, 401 to 96, 72.0% to 17.2%; total votes 557.", "dem_primary_public_advocate_winner": "Williams", "dem_primary_comptroller": "Mark D. Levine beat Justin Brannan, 317 to 219, 55.6% to 38.4%; total votes 570.", "dem_primary_comptroller_winner": "Levine", "popup_summary": "Mayor: ZOHRAN KWAME MAMDANI beat ANDREW M. CUOMO, 497 to 359, 55.3% to 39.9%; total votes 899. | Public Advocate: JUMAANE D. WILLIAMS beat GONZALO DURAN, 703 to 120, 83.9% to 14.3%; total votes 838. | City Comptroller: MARK D. LEVINE beat PETER KEFALAS, 728 to 107, 86.5% to 12.7%; total votes 842. | Question 1: Approve beat Disapprove, 496 to 338, 59.5% to 40.5%; total votes 834. | Question 2: Approve beat Disapprove, 532 to 317, 62.7% to 37.3%; total votes 849. | Question 3: Approve beat Disapprove, 543 to 302, 64.3% to 35.7%; total votes 845. | Question 4: Approve beat Disapprove, 474 to 362, 56.7% to 43.3%; total votes 836. | Question 5: Approve beat Disapprove, 737 to 106, 87.4% to 12.6%; total votes 843. | Question 6: Approve beat Disapprove, 490 to 349, 58.4% to 41.6%; total votes 839. | Dem Primary Mayor: Andrew M. Cuomo beat Brad Lander, 196 to 192, 30.7% to 30.1%; total votes 638. | Dem Primary Public Advocate: Jumaane D. Williams beat Jenifer Rajkumar, 401 to 96, 72.0% to 17.2%; total votes 557. | Dem Primary Comptroller: Mark D. Levine beat Justin Brannan, 317 to 219, 55.6% to 38.4%; total votes 570.", "mayor_margin": 15.4, "q2_yes": 62.7, "q3_yes": 64.3, "q4_yes": 56.7}, "geometry": {"type": "MultiPolygon", "coordinates": [[[[-73.9913681, 40.6970138], [-73.9912841, 40.6965882], [-73.9912311, 40.6964313], [-73.9911964, 40.6963245], [-73.991175, 40.6962514], [-73.9910979, 40.6962572], [-73.9910325, 40.6962618], [-73.9900379, 40.6962251], [-73.9900411, 40.6961568], [-73.9900911, 40.6950758], [-73.99074, 40.6950317], [-73.990606, 40.694572], [-73.9906661, 40.6945688], [-73.9907242, 40.6945669], [-73.9920998, 40.6949474], [-73.9930807, 40.6952164], [-73.9939781, 40.695463], [-73.9937852, 40.6958702], [-73.9930182, 40.6974624], [-73.9921234, 40.6972258], [-73.9919279, 40.6971709], [-73.9914287, 40.6970308], [-73.9913681, 40.6970138]]]]}}, {"type": "Feature", "properties": {"felt:feature": 20, "ed_label": "AD 52 ED 019", "elect_dist": "52019", "borough": "Brooklyn", "community_board": 2, "community_board_label": "Brooklyn CB2", "popup_title": "Brooklyn CB2 \u2014 AD 52 ED 019", "general_mayor": "ZOHRAN KWAME MAMDANI beat ANDREW M. CUOMO, 394 to 113, 74.6% to 21.4%; total votes 528.", "general_mayor_winner": "Mamdani", "general_public_advocate": "JUMAANE D. WILLIAMS beat GONZALO DURAN, 454 to 48, 88.8% to 9.4%; total votes 511.", "general_public_advocate_winner": "Williams", "general_comptroller": "MARK D. LEVINE beat PETER KEFALAS, 451 to 43, 89.8% to 8.6%; total votes 502.", "general_comptroller_winner": "Levine", "question_1": "Approve beat Disapprove, 269 to 224, 54.6% to 45.4%; total votes 493.", "question_1_winner": "Yes-approve!", "question_2": "Approve beat Disapprove, 366 to 139, 72.5% to 27.5%; total votes 505.", "question_2_winner": "Yes-approve!", "question_3": "Approve beat Disapprove, 367 to 127, 74.3% to 25.7%; total votes 494.", "question_3_winner": "Yes-approve!", "question_4": "Approve beat Disapprove, 328 to 166, 66.4% to 33.6%; total votes 494.", "question_4_winner": "Yes-approve!", "question_5": "Approve beat Disapprove, 456 to 42, 91.6% to 8.4%; total votes 498.", "question_5_winner": "Yes-approve!", "question_6": "Approve beat Disapprove, 308 to 188, 62.1% to 37.9%; total votes 496.", "question_6_winner": "Yes-approve!", "dem_primary_mayor": "Zohran Kwame Mamdani beat Brad Lander, 166 to 68, 50.8% to 20.8%; total votes 327.", "dem_primary_mayor_winner": "Mamdani", "dem_primary_public_advocate": "Jumaane D. Williams beat Jenifer Rajkumar, 227 to 41, 76.4% to 13.8%; total votes 297.", "dem_primary_public_advocate_winner": "Williams", "dem_primary_comptroller": "Justin Brannan beat Mark D. Levine, 132 to 132, 44.6% to 44.6%; total votes 296.", "dem_primary_comptroller_winner": "Brannan", "popup_summary": "Mayor: ZOHRAN KWAME MAMDANI beat ANDREW M. CUOMO, 394 to 113, 74.6% to 21.4%; total votes 528. | Public Advocate: JUMAANE D. WILLIAMS beat GONZALO DURAN, 454 to 48, 88.8% to 9.4%; total votes 511. | City Comptroller: MARK D. LEVINE beat PETER KEFALAS, 451 to 43, 89.8% to 8.6%; total votes 502. | Question 1: Approve beat Disapprove, 269 to 224, 54.6% to 45.4%; total votes 493. | Question 2: Approve beat Disapprove, 366 to 139, 72.5% to 27.5%; total votes 505. | Question 3: Approve beat Disapprove, 367 to 127, 74.3% to 25.7%; total votes 494. | Question 4: Approve beat Disapprove, 328 to 166, 66.4% to 33.6%; total votes 494. | Question 5: Approve beat Disapprove, 456 to 42, 91.6% to 8.4%; total votes 498. | Question 6: Approve beat Disapprove, 308 to 188, 62.1% to 37.9%; total votes 496. | Dem Primary Mayor: Zohran Kwame Mamdani beat Brad Lander, 166 to 68, 50.8% to 20.8%; total votes 327. | Dem Primary Public Advocate: Jumaane D. Williams beat Jenifer Rajkumar, 227 to 41, 76.4% to 13.8%; total votes 297. | Dem Primary Comptroller: Justin Brannan beat Mark D. Levine, 132 to 132, 44.6% to 44.6%; total votes 296.", "mayor_margin": 53.2, "q2_yes": 72.5, "q3_yes": 74.3, "q4_yes": 66.4}, "geometry": {"type": "MultiPolygon", "coordinates": [[[[-73.9837995, 40.6948359], [-73.9833496, 40.6939415], [-73.9832189, 40.6936896], [-73.9831814, 40.693613], [-73.983157, 40.6935605], [-73.9828254, 40.6928076], [-73.9825668, 40.6922952], [-73.9824236, 40.6920493], [-73.9825401, 40.6920511], [-73.9826353, 40.6920573], [-73.9830979, 40.6920779], [-73.9834028, 40.6920869], [-73.9843409, 40.6921213], [-73.9852794, 40.6921577], [-73.9862723, 40.6921948], [-73.9873001, 40.6922261], [-73.987254, 40.6931249], [-73.9872275, 40.6937995], [-73.9872008, 40.694268], [-73.9871597, 40.6949687], [-73.9866947, 40.694944], [-73.986169, 40.6949241], [-73.9851431, 40.6948851], [-73.984204, 40.6948535], [-73.9840318, 40.6948459], [-73.9839253, 40.6948389], [-73.9837995, 40.6948359]]]]}}, {"type": "Feature", "properties": {"felt:feature": 21, "ed_label": "AD 52 ED 020", "elect_dist": "52020", "borough": "Brooklyn", "community_board": 2, "community_board_label": "Brooklyn CB2", "popup_title": "Brooklyn CB2 \u2014 AD 52 ED 020", "general_mayor": "ZOHRAN KWAME MAMDANI beat ANDREW M. CUOMO, 576 to 296, 64.0% to 32.9%; total votes 900.", "general_mayor_winner": "Mamdani", "general_public_advocate": "JUMAANE D. WILLIAMS beat GONZALO DURAN, 734 to 102, 85.4% to 11.9%; total votes 859.", "general_public_advocate_winner": "Williams", "general_comptroller": "MARK D. LEVINE beat PETER KEFALAS, 760 to 97, 87.9% to 11.2%; total votes 865.", "general_comptroller_winner": "Levine", "question_1": "Approve beat Disapprove, 462 to 352, 56.8% to 43.2%; total votes 814.", "question_1_winner": "Yes-approve!", "question_2": "Approve beat Disapprove, 539 to 289, 65.1% to 34.9%; total votes 828.", "question_2_winner": "Yes-approve!", "question_3": "Approve beat Disapprove, 568 to 254, 69.1% to 30.9%; total votes 822.", "question_3_winner": "Yes-approve!", "question_4": "Approve beat Disapprove, 495 to 316, 61.0% to 39.0%; total votes 811.", "question_4_winner": "Yes-approve!", "question_5": "Approve beat Disapprove, 742 to 80, 90.3% to 9.7%; total votes 822.", "question_5_winner": "Yes-approve!", "question_6": "Approve beat Disapprove, 475 to 334, 58.7% to 41.3%; total votes 809.", "question_6_winner": "Yes-approve!", "dem_primary_mayor": "Brad Lander beat Zohran Kwame Mamdani, 225 to 190, 37.1% to 31.3%; total votes 607.", "dem_primary_mayor_winner": "Lander", "dem_primary_public_advocate": "Jumaane D. Williams beat Jenifer Rajkumar, 395 to 82, 74.4% to 15.4%; total votes 531.", "dem_primary_public_advocate_winner": "Williams", "dem_primary_comptroller": "Mark D. Levine beat Justin Brannan, 266 to 227, 51.2% to 43.7%; total votes 520.", "dem_primary_comptroller_winner": "Levine", "popup_summary": "Mayor: ZOHRAN KWAME MAMDANI beat ANDREW M. CUOMO, 576 to 296, 64.0% to 32.9%; total votes 900. | Public Advocate: JUMAANE D. WILLIAMS beat GONZALO DURAN, 734 to 102, 85.4% to 11.9%; total votes 859. | City Comptroller: MARK D. LEVINE beat PETER KEFALAS, 760 to 97, 87.9% to 11.2%; total votes 865. | Question 1: Approve beat Disapprove, 462 to 352, 56.8% to 43.2%; total votes 814. | Question 2: Approve beat Disapprove, 539 to 289, 65.1% to 34.9%; total votes 828. | Question 3: Approve beat Disapprove, 568 to 254, 69.1% to 30.9%; total votes 822. | Question 4: Approve beat Disapprove, 495 to 316, 61.0% to 39.0%; total votes 811. | Question 5: Approve beat Disapprove, 742 to 80, 90.3% to 9.7%; total votes 822. | Question 6: Approve beat Disapprove, 475 to 334, 58.7% to 41.3%; total votes 809. | Dem Primary Mayor: Brad Lander beat Zohran Kwame Mamdani, 225 to 190, 37.1% to 31.3%; total votes 607. | Dem Primary Public Advocate: Jumaane D. Williams beat Jenifer Rajkumar, 395 to 82, 74.4% to 15.4%; total votes 531. | Dem Primary Comptroller: Mark D. Levine beat Justin Brannan, 266 to 227, 51.2% to 43.7%; total votes 520.", "mayor_margin": 31.1, "q2_yes": 65.1, "q3_yes": 69.1, "q4_yes": 61.0}, "geometry": {"type": "MultiPolygon", "coordinates": [[[[-73.9966206, 40.6991863], [-73.9969405, 40.6985017], [-73.9979007, 40.6965321], [-73.9978541, 40.6965223], [-73.9977908, 40.6965063], [-73.9972495, 40.6963701], [-73.997078, 40.696311], [-73.9964136, 40.6961311], [-73.9955467, 40.6958927], [-73.9958549, 40.6952206], [-73.9961735, 40.6945563], [-73.9964165, 40.6940473], [-73.9964549, 40.693967], [-73.996717, 40.6934393], [-73.9976088, 40.6936003], [-73.9983103, 40.6937307], [-73.9990718, 40.6938511], [-73.9991318, 40.693861], [-73.9992098, 40.69388], [-73.9992356, 40.6938864], [-73.9995771, 40.6939776], [-74.0005904, 40.6942938], [-74.000628, 40.6942758], [-74.0006627, 40.6942547], [-74.0007403, 40.6942758], [-74.000783, 40.6942865], [-74.000701, 40.6943879], [-74.0002687, 40.6949658], [-73.9998821, 40.6956052], [-73.9995955, 40.696065], [-73.9994614, 40.69628], [-73.9994197, 40.6963469], [-73.999413, 40.6963577], [-73.9995237, 40.6965748], [-73.9994741, 40.6967041], [-73.9992947, 40.6967951], [-73.999182, 40.6968852], [-73.998996, 40.6968123], [-73.9989397, 40.6969409], [-73.9988721, 40.6969238], [-73.9987646, 40.6971207], [-73.9988712, 40.6971576], [-73.9983776, 40.6980633], [-73.998021, 40.6987617], [-73.9979996, 40.6987977], [-73.997499, 40.6996389], [-73.9973213, 40.699544], [-73.997096, 40.699667], [-73.996946, 40.699618], [-73.996817, 40.699546], [-73.996759, 40.69948], [-73.9967184, 40.699273], [-73.996697, 40.6992107], [-73.9966755, 40.6992037], [-73.9966206, 40.6991863]]]]}}, {"type": "Feature", "properties": {"felt:feature": 22, "ed_label": "AD 52 ED 021", "elect_dist": "52021", "borough": "Brooklyn", "community_board": 2, "community_board_label": "Brooklyn CB2", "popup_title": "Brooklyn CB2 \u2014 AD 52 ED 021", "general_mayor": "ZOHRAN KWAME MAMDANI beat ANDREW M. CUOMO, 676 to 351, 64.0% to 33.2%; total votes 1057.", "general_mayor_winner": "Mamdani", "general_public_advocate": "JUMAANE D. WILLIAMS beat GONZALO DURAN, 854 to 125, 85.5% to 12.5%; total votes 999.", "general_public_advocate_winner": "Williams", "general_comptroller": "MARK D. LEVINE beat PETER KEFALAS, 858 to 121, 86.3% to 12.2%; total votes 994.", "general_comptroller_winner": "Levine", "question_1": "Approve beat Disapprove, 535 to 431, 55.4% to 44.6%; total votes 966.", "question_1_winner": "Yes-approve!", "question_2": "Approve beat Disapprove, 699 to 280, 71.4% to 28.6%; total votes 979.", "question_2_winner": "Yes-approve!", "question_3": "Approve beat Disapprove, 714 to 261, 73.2% to 26.8%; total votes 975.", "question_3_winner": "Yes-approve!", "question_4": "Approve beat Disapprove, 610 to 340, 64.2% to 35.8%; total votes 950.", "question_4_winner": "Yes-approve!", "question_5": "Approve beat Disapprove, 900 to 71, 92.7% to 7.3%; total votes 971.", "question_5_winner": "Yes-approve!", "question_6": "Approve beat Disapprove, 563 to 396, 58.7% to 41.3%; total votes 959.", "question_6_winner": "Yes-approve!", "dem_primary_mayor": "Zohran Kwame Mamdani beat Brad Lander, 315 to 218, 42.1% to 29.1%; total votes 749.", "dem_primary_mayor_winner": "Mamdani", "dem_primary_public_advocate": "Jumaane D. Williams beat Jenifer Rajkumar, 440 to 112, 71.3% to 18.2%; total votes 617.", "dem_primary_public_advocate_winner": "Williams", "dem_primary_comptroller": "Mark D. Levine beat Justin Brannan, 316 to 261, 49.4% to 40.8%; total votes 640.", "dem_primary_comptroller_winner": "Levine", "popup_summary": "Mayor: ZOHRAN KWAME MAMDANI beat ANDREW M. CUOMO, 676 to 351, 64.0% to 33.2%; total votes 1057. | Public Advocate: JUMAANE D. WILLIAMS beat GONZALO DURAN, 854 to 125, 85.5% to 12.5%; total votes 999. | City Comptroller: MARK D. LEVINE beat PETER KEFALAS, 858 to 121, 86.3% to 12.2%; total votes 994. | Question 1: Approve beat Disapprove, 535 to 431, 55.4% to 44.6%; total votes 966. | Question 2: Approve beat Disapprove, 699 to 280, 71.4% to 28.6%; total votes 979. | Question 3: Approve beat Disapprove, 714 to 261, 73.2% to 26.8%; total votes 975. | Question 4: Approve beat Disapprove, 610 to 340, 64.2% to 35.8%; total votes 950. | Question 5: Approve beat Disapprove, 900 to 71, 92.7% to 7.3%; total votes 971. | Question 6: Approve beat Disapprove, 563 to 396, 58.7% to 41.3%; total votes 959. | Dem Primary Mayor: Zohran Kwame Mamdani beat Brad Lander, 315 to 218, 42.1% to 29.1%; total votes 749. | Dem Primary Public Advocate: Jumaane D. Williams beat Jenifer Rajkumar, 440 to 112, 71.3% to 18.2%; total votes 617. | Dem Primary Comptroller: Mark D. Levine beat Justin Brannan, 316 to 261, 49.4% to 40.8%; total votes 640.", "mayor_margin": 30.8, "q2_yes": 71.4, "q3_yes": 73.2, "q4_yes": 64.2}, "geometry": {"type": "MultiPolygon", "coordinates": [[[[-73.9939781, 40.695463], [-73.9930807, 40.6952164], [-73.9920998, 40.6949474], [-73.9907242, 40.6945669], [-73.9906661, 40.6945688], [-73.9904447, 40.6938283], [-73.9904529, 40.6937206], [-73.9905879, 40.6933914], [-73.9906219, 40.6933086], [-73.990678, 40.6931718], [-73.990729, 40.6930477], [-73.9908504, 40.6927983], [-73.9909719, 40.6925488], [-73.993103, 40.6928459], [-73.9927437, 40.6936048], [-73.9946186, 40.6941199], [-73.9961735, 40.6945563], [-73.9958549, 40.6952206], [-73.9955467, 40.6958927], [-73.9939781, 40.695463]]]]}}, {"type": "Feature", "properties": {"felt:feature": 23, "ed_label": "AD 52 ED 022", "elect_dist": "52022", "borough": "Brooklyn", "community_board": 2, "community_board_label": "Brooklyn CB2", "popup_title": "Brooklyn CB2 \u2014 AD 52 ED 022", "general_mayor": "ZOHRAN KWAME MAMDANI beat ANDREW M. CUOMO, 673 to 325, 65.0% to 31.4%; total votes 1036.", "general_mayor_winner": "Mamdani", "general_public_advocate": "JUMAANE D. WILLIAMS beat GONZALO DURAN, 839 to 124, 84.5% to 12.5%; total votes 993.", "general_public_advocate_winner": "Williams", "general_comptroller": "MARK D. LEVINE beat PETER KEFALAS, 867 to 115, 87.4% to 11.6%; total votes 992.", "general_comptroller_winner": "Levine", "question_1": "Approve beat Disapprove, 519 to 445, 53.8% to 46.2%; total votes 964.", "question_1_winner": "Yes-approve!", "question_2": "Approve beat Disapprove, 636 to 347, 64.7% to 35.3%; total votes 983.", "question_2_winner": "Yes-approve!", "question_3": "Approve beat Disapprove, 650 to 322, 66.9% to 33.1%; total votes 972.", "question_3_winner": "Yes-approve!", "question_4": "Approve beat Disapprove, 559 to 412, 57.6% to 42.4%; total votes 971.", "question_4_winner": "Yes-approve!", "question_5": "Approve beat Disapprove, 887 to 92, 90.6% to 9.4%; total votes 979.", "question_5_winner": "Yes-approve!", "question_6": "Approve beat Disapprove, 537 to 428, 55.6% to 44.4%; total votes 965.", "question_6_winner": "Yes-approve!", "dem_primary_mayor": "Zohran Kwame Mamdani beat Brad Lander, 274 to 244, 37.5% to 33.4%; total votes 730.", "dem_primary_mayor_winner": "Mamdani", "dem_primary_public_advocate": "Jumaane D. Williams beat Jenifer Rajkumar, 491 to 104, 75.3% to 16.0%; total votes 652.", "dem_primary_public_advocate_winner": "Williams", "dem_primary_comptroller": "Mark D. Levine beat Justin Brannan, 333 to 273, 51.6% to 42.3%; total votes 645.", "dem_primary_comptroller_winner": "Levine", "popup_summary": "Mayor: ZOHRAN KWAME MAMDANI beat ANDREW M. CUOMO, 673 to 325, 65.0% to 31.4%; total votes 1036. | Public Advocate: JUMAANE D. WILLIAMS beat GONZALO DURAN, 839 to 124, 84.5% to 12.5%; total votes 993. | City Comptroller: MARK D. LEVINE beat PETER KEFALAS, 867 to 115, 87.4% to 11.6%; total votes 992. | Question 1: Approve beat Disapprove, 519 to 445, 53.8% to 46.2%; total votes 964. | Question 2: Approve beat Disapprove, 636 to 347, 64.7% to 35.3%; total votes 983. | Question 3: Approve beat Disapprove, 650 to 322, 66.9% to 33.1%; total votes 972. | Question 4: Approve beat Disapprove, 559 to 412, 57.6% to 42.4%; total votes 971. | Question 5: Approve beat Disapprove, 887 to 92, 90.6% to 9.4%; total votes 979. | Question 6: Approve beat Disapprove, 537 to 428, 55.6% to 44.4%; total votes 965. | Dem Primary Mayor: Zohran Kwame Mamdani beat Brad Lander, 274 to 244, 37.5% to 33.4%; total votes 730. | Dem Primary Public Advocate: Jumaane D. Williams beat Jenifer Rajkumar, 491 to 104, 75.3% to 16.0%; total votes 652. | Dem Primary Comptroller: Mark D. Levine beat Justin Brannan, 333 to 273, 51.6% to 42.3%; total votes 645.", "mayor_margin": 33.6, "q2_yes": 64.7, "q3_yes": 66.9, "q4_yes": 57.6}, "geometry": {"type": "MultiPolygon", "coordinates": [[[[-73.9909719, 40.6925488], [-73.9914483, 40.6915966], [-73.9934376, 40.6921544], [-73.9944637, 40.6924343], [-73.9941862, 40.6930088], [-73.9950802, 40.6931472], [-73.9959255, 40.6933009], [-73.996717, 40.6934393], [-73.9964549, 40.693967], [-73.9964165, 40.6940473], [-73.9961735, 40.6945563], [-73.9946186, 40.6941199], [-73.9927437, 40.6936048], [-73.993103, 40.6928459], [-73.9909719, 40.6925488]]]]}}, {"type": "Feature", "properties": {"felt:feature": 24, "ed_label": "AD 52 ED 023", "elect_dist": "52023", "borough": "Brooklyn", "community_board": 2, "community_board_label": "Brooklyn CB2", "popup_title": "Brooklyn CB2 \u2014 AD 52 ED 023", "general_mayor": "ZOHRAN KWAME MAMDANI beat ANDREW M. CUOMO, 561 to 238, 68.0% to 28.8%; total votes 825.", "general_mayor_winner": "Mamdani", "general_public_advocate": "JUMAANE D. WILLIAMS beat GONZALO DURAN, 676 to 94, 84.5% to 11.8%; total votes 800.", "general_public_advocate_winner": "Williams", "general_comptroller": "MARK D. LEVINE beat PETER KEFALAS, 678 to 94, 86.2% to 11.9%; total votes 787.", "general_comptroller_winner": "Levine", "question_1": "Approve beat Disapprove, 429 to 348, 55.2% to 44.8%; total votes 777.", "question_1_winner": "Yes-approve!", "question_2": "Approve beat Disapprove, 552 to 235, 70.1% to 29.9%; total votes 787.", "question_2_winner": "Yes-approve!", "question_3": "Approve beat Disapprove, 561 to 225, 71.4% to 28.6%; total votes 786.", "question_3_winner": "Yes-approve!", "question_4": "Approve beat Disapprove, 500 to 266, 65.3% to 34.7%; total votes 766.", "question_4_winner": "Yes-approve!", "question_5": "Approve beat Disapprove, 714 to 71, 91.0% to 9.0%; total votes 785.", "question_5_winner": "Yes-approve!", "question_6": "Approve beat Disapprove, 475 to 293, 61.8% to 38.2%; total votes 768.", "question_6_winner": "Yes-approve!", "dem_primary_mayor": "Zohran Kwame Mamdani beat Brad Lander, 261 to 161, 43.7% to 27.0%; total votes 597.", "dem_primary_mayor_winner": "Mamdani", "dem_primary_public_advocate": "Jumaane D. Williams beat Jenifer Rajkumar, 394 to 87, 73.5% to 16.2%; total votes 536.", "dem_primary_public_advocate_winner": "Williams", "dem_primary_comptroller": "Mark D. Levine beat Justin Brannan, 252 to 238, 47.3% to 44.7%; total votes 533.", "dem_primary_comptroller_winner": "Levine", "popup_summary": "Mayor: ZOHRAN KWAME MAMDANI beat ANDREW M. CUOMO, 561 to 238, 68.0% to 28.8%; total votes 825. | Public Advocate: JUMAANE D. WILLIAMS beat GONZALO DURAN, 676 to 94, 84.5% to 11.8%; total votes 800. | City Comptroller: MARK D. LEVINE beat PETER KEFALAS, 678 to 94, 86.2% to 11.9%; total votes 787. | Question 1: Approve beat Disapprove, 429 to 348, 55.2% to 44.8%; total votes 777. | Question 2: Approve beat Disapprove, 552 to 235, 70.1% to 29.9%; total votes 787. | Question 3: Approve beat Disapprove, 561 to 225, 71.4% to 28.6%; total votes 786. | Question 4: Approve beat Disapprove, 500 to 266, 65.3% to 34.7%; total votes 766. | Question 5: Approve beat Disapprove, 714 to 71, 91.0% to 9.0%; total votes 785. | Question 6: Approve beat Disapprove, 475 to 293, 61.8% to 38.2%; total votes 768. | Dem Primary Mayor: Zohran Kwame Mamdani beat Brad Lander, 261 to 161, 43.7% to 27.0%; total votes 597. | Dem Primary Public Advocate: Jumaane D. Williams beat Jenifer Rajkumar, 394 to 87, 73.5% to 16.2%; total votes 536. | Dem Primary Comptroller: Mark D. Levine beat Justin Brannan, 252 to 238, 47.3% to 44.7%; total votes 533.", "mayor_margin": 39.2, "q2_yes": 70.1, "q3_yes": 71.4, "q4_yes": 65.3}, "geometry": {"type": "MultiPolygon", "coordinates": [[[[-73.9889746, 40.6923055], [-73.9890294, 40.6921239], [-73.9891831, 40.6914436], [-73.9892858, 40.6910446], [-73.9893106, 40.6909924], [-73.9897369, 40.69036], [-73.9898222, 40.6903869], [-73.9917417, 40.6909926], [-73.9920527, 40.6903455], [-73.9940456, 40.6908973], [-73.9937366, 40.691535], [-73.9934376, 40.6921544], [-73.9914483, 40.6915966], [-73.9909719, 40.6925488], [-73.9906663, 40.6924972], [-73.9894711, 40.6922914], [-73.9893543, 40.6922979], [-73.9890762, 40.6923035], [-73.9889746, 40.6923055]]]]}}, {"type": "Feature", "properties": {"felt:feature": 25, "ed_label": "AD 52 ED 024", "elect_dist": "52024", "borough": "Brooklyn", "community_board": 2, "community_board_label": "Brooklyn CB2", "popup_title": "Brooklyn CB2 \u2014 AD 52 ED 024", "general_mayor": "ZOHRAN KWAME MAMDANI beat ANDREW M. CUOMO, 582 to 369, 60.2% to 38.2%; total votes 966.", "general_mayor_winner": "Mamdani", "general_public_advocate": "JUMAANE D. WILLIAMS beat GONZALO DURAN, 732 to 155, 80.8% to 17.1%; total votes 906.", "general_public_advocate_winner": "Williams", "general_comptroller": "MARK D. LEVINE beat PETER KEFALAS, 748 to 143, 82.6% to 15.8%; total votes 906.", "general_comptroller_winner": "Levine", "question_1": "Approve beat Disapprove, 498 to 396, 55.7% to 44.3%; total votes 894.", "question_1_winner": "Yes-approve!", "question_2": "Approve beat Disapprove, 585 to 321, 64.6% to 35.4%; total votes 906.", "question_2_winner": "Yes-approve!", "question_3": "Approve beat Disapprove, 607 to 288, 67.8% to 32.2%; total votes 895.", "question_3_winner": "Yes-approve!", "question_4": "Approve beat Disapprove, 544 to 333, 62.0% to 38.0%; total votes 877.", "question_4_winner": "Yes-approve!", "question_5": "Approve beat Disapprove, 808 to 80, 91.0% to 9.0%; total votes 888.", "question_5_winner": "Yes-approve!", "question_6": "Approve beat Disapprove, 530 to 347, 60.4% to 39.6%; total votes 877.", "question_6_winner": "Yes-approve!", "dem_primary_mayor": "Zohran Kwame Mamdani beat Andrew M. Cuomo, 236 to 147, 41.3% to 25.7%; total votes 572.", "dem_primary_mayor_winner": "Mamdani", "dem_primary_public_advocate": "Jumaane D. Williams beat Jenifer Rajkumar, 348 to 103, 69.3% to 20.5%; total votes 502.", "dem_primary_public_advocate_winner": "Williams", "dem_primary_comptroller": "Mark D. Levine beat Justin Brannan, 246 to 217, 47.6% to 42.0%; total votes 517.", "dem_primary_comptroller_winner": "Levine", "popup_summary": "Mayor: ZOHRAN KWAME MAMDANI beat ANDREW M. CUOMO, 582 to 369, 60.2% to 38.2%; total votes 966. | Public Advocate: JUMAANE D. WILLIAMS beat GONZALO DURAN, 732 to 155, 80.8% to 17.1%; total votes 906. | City Comptroller: MARK D. LEVINE beat PETER KEFALAS, 748 to 143, 82.6% to 15.8%; total votes 906. | Question 1: Approve beat Disapprove, 498 to 396, 55.7% to 44.3%; total votes 894. | Question 2: Approve beat Disapprove, 585 to 321, 64.6% to 35.4%; total votes 906. | Question 3: Approve beat Disapprove, 607 to 288, 67.8% to 32.2%; total votes 895. | Question 4: Approve beat Disapprove, 544 to 333, 62.0% to 38.0%; total votes 877. | Question 5: Approve beat Disapprove, 808 to 80, 91.0% to 9.0%; total votes 888. | Question 6: Approve beat Disapprove, 530 to 347, 60.4% to 39.6%; total votes 877. | Dem Primary Mayor: Zohran Kwame Mamdani beat Andrew M. Cuomo, 236 to 147, 41.3% to 25.7%; total votes 572. | Dem Primary Public Advocate: Jumaane D. Williams beat Jenifer Rajkumar, 348 to 103, 69.3% to 20.5%; total votes 502. | Dem Primary Comptroller: Mark D. Levine beat Justin Brannan, 246 to 217, 47.6% to 42.0%; total votes 517.", "mayor_margin": 22.0, "q2_yes": 64.6, "q3_yes": 67.8, "q4_yes": 62.0}, "geometry": {"type": "MultiPolygon", "coordinates": [[[[-73.996717, 40.6934393], [-73.9974894, 40.6918513], [-73.9977692, 40.6911947], [-73.9980305, 40.6912537], [-73.9984527, 40.69137], [-73.9989383, 40.6914951], [-73.9991006, 40.691537], [-73.9992016, 40.6915718], [-73.9992882, 40.691594], [-73.9993654, 40.6916131], [-73.9995127, 40.6916515], [-73.9999152, 40.6917672], [-74.0001904, 40.6918964], [-74.000623, 40.6920415], [-74.0005855, 40.6921259], [-74.0010472, 40.6922646], [-74.0016173, 40.6925491], [-74.0016999, 40.6923828], [-74.0017436, 40.6924067], [-74.0015417, 40.692786], [-74.0012701, 40.6932961], [-74.0009587, 40.6940691], [-74.000783, 40.6942865], [-74.0007403, 40.6942758], [-74.0006627, 40.6942547], [-74.000628, 40.6942758], [-74.0005904, 40.6942938], [-73.9995771, 40.6939776], [-73.9992356, 40.6938864], [-73.9992098, 40.69388], [-73.9991318, 40.693861], [-73.9990718, 40.6938511], [-73.9983103, 40.6937307], [-73.9976088, 40.6936003], [-73.996717, 40.6934393]]]]}}, {"type": "Feature", "properties": {"felt:feature": 26, "ed_label": "AD 52 ED 025", "elect_dist": "52025", "borough": "Brooklyn", "community_board": 2, "community_board_label": "Brooklyn CB2", "popup_title": "Brooklyn CB2 \u2014 AD 52 ED 025", "general_mayor": "ZOHRAN KWAME MAMDANI beat ANDREW M. CUOMO, 682 to 291, 68.8% to 29.4%; total votes 991.", "general_mayor_winner": "Mamdani", "general_public_advocate": "JUMAANE D. WILLIAMS beat GONZALO DURAN, 825 to 96, 88.3% to 10.3%; total votes 934.", "general_public_advocate_winner": "Williams", "general_comptroller": "MARK D. LEVINE beat PETER KEFALAS, 850 to 83, 90.0% to 8.8%; total votes 944.", "general_comptroller_winner": "Levine", "question_1": "Approve beat Disapprove, 525 to 416, 55.8% to 44.2%; total votes 941.", "question_1_winner": "Yes-approve!", "question_2": "Approve beat Disapprove, 638 to 316, 66.9% to 33.1%; total votes 954.", "question_2_winner": "Yes-approve!", "question_3": "Approve beat Disapprove, 644 to 301, 68.1% to 31.9%; total votes 945.", "question_3_winner": "Yes-approve!", "question_4": "Approve beat Disapprove, 573 to 368, 60.9% to 39.1%; total votes 941.", "question_4_winner": "Yes-approve!", "question_5": "Approve beat Disapprove, 867 to 79, 91.6% to 8.4%; total votes 946.", "question_5_winner": "Yes-approve!", "question_6": "Approve beat Disapprove, 523 to 409, 56.1% to 43.9%; total votes 932.", "question_6_winner": "Yes-approve!", "dem_primary_mayor": "Zohran Kwame Mamdani beat Brad Lander, 326 to 197, 46.5% to 28.1%; total votes 701.", "dem_primary_mayor_winner": "Mamdani", "dem_primary_public_advocate": "Jumaane D. Williams beat Jenifer Rajkumar, 485 to 90, 77.0% to 14.3%; total votes 630.", "dem_primary_public_advocate_winner": "Williams", "dem_primary_comptroller": "Justin Brannan beat Mark D. Levine, 309 to 294, 47.5% to 45.2%; total votes 651.", "dem_primary_comptroller_winner": "Brannan", "popup_summary": "Mayor: ZOHRAN KWAME MAMDANI beat ANDREW M. CUOMO, 682 to 291, 68.8% to 29.4%; total votes 991. | Public Advocate: JUMAANE D. WILLIAMS beat GONZALO DURAN, 825 to 96, 88.3% to 10.3%; total votes 934. | City Comptroller: MARK D. LEVINE beat PETER KEFALAS, 850 to 83, 90.0% to 8.8%; total votes 944. | Question 1: Approve beat Disapprove, 525 to 416, 55.8% to 44.2%; total votes 941. | Question 2: Approve beat Disapprove, 638 to 316, 66.9% to 33.1%; total votes 954. | Question 3: Approve beat Disapprove, 644 to 301, 68.1% to 31.9%; total votes 945. | Question 4: Approve beat Disapprove, 573 to 368, 60.9% to 39.1%; total votes 941. | Question 5: Approve beat Disapprove, 867 to 79, 91.6% to 8.4%; total votes 946. | Question 6: Approve beat Disapprove, 523 to 409, 56.1% to 43.9%; total votes 932. | Dem Primary Mayor: Zohran Kwame Mamdani beat Brad Lander, 326 to 197, 46.5% to 28.1%; total votes 701. | Dem Primary Public Advocate: Jumaane D. Williams beat Jenifer Rajkumar, 485 to 90, 77.0% to 14.3%; total votes 630. | Dem Primary Comptroller: Justin Brannan beat Mark D. Levine, 309 to 294, 47.5% to 45.2%; total votes 651.", "mayor_margin": 39.4, "q2_yes": 66.9, "q3_yes": 68.1, "q4_yes": 60.9}, "geometry": {"type": "MultiPolygon", "coordinates": [[[[-73.9934376, 40.6921544], [-73.9937366, 40.691535], [-73.9940456, 40.6908973], [-73.9920527, 40.6903455], [-73.9923637, 40.6896901], [-73.9943609, 40.6902395], [-73.9962328, 40.6907578], [-73.9977692, 40.6911947], [-73.9974894, 40.6918513], [-73.996717, 40.6934393], [-73.9959255, 40.6933009], [-73.9950802, 40.6931472], [-73.9941862, 40.6930088], [-73.9944637, 40.6924343], [-73.9934376, 40.6921544]]]]}}, {"type": "Feature", "properties": {"felt:feature": 27, "ed_label": "AD 52 ED 026", "elect_dist": "52026", "borough": "Brooklyn", "community_board": 2, "community_board_label": "Brooklyn CB2", "popup_title": "Brooklyn CB2 \u2014 AD 52 ED 026", "general_mayor": "ZOHRAN KWAME MAMDANI beat ANDREW M. CUOMO, 517 to 246, 65.9% to 31.3%; total votes 785.", "general_mayor_winner": "Mamdani", "general_public_advocate": "JUMAANE D. WILLIAMS beat GONZALO DURAN, 648 to 93, 85.2% to 12.2%; total votes 761.", "general_public_advocate_winner": "Williams", "general_comptroller": "MARK D. LEVINE beat PETER KEFALAS, 661 to 73, 88.3% to 9.7%; total votes 749.", "general_comptroller_winner": "Levine", "question_1": "Approve beat Disapprove, 428 to 310, 58.0% to 42.0%; total votes 738.", "question_1_winner": "Yes-approve!", "question_2": "Approve beat Disapprove, 543 to 209, 72.2% to 27.8%; total votes 752.", "question_2_winner": "Yes-approve!", "question_3": "Approve beat Disapprove, 558 to 194, 74.2% to 25.8%; total votes 752.", "question_3_winner": "Yes-approve!", "question_4": "Approve beat Disapprove, 469 to 261, 64.2% to 35.8%; total votes 730.", "question_4_winner": "Yes-approve!", "question_5": "Approve beat Disapprove, 689 to 49, 93.4% to 6.6%; total votes 738.", "question_5_winner": "Yes-approve!", "question_6": "Approve beat Disapprove, 479 to 255, 65.3% to 34.7%; total votes 734.", "question_6_winner": "Yes-approve!", "dem_primary_mayor": "Zohran Kwame Mamdani beat Brad Lander, 235 to 134, 44.4% to 25.3%; total votes 529.", "dem_primary_mayor_winner": "Mamdani", "dem_primary_public_advocate": "Jumaane D. Williams beat Jenifer Rajkumar, 322 to 83, 71.1% to 18.3%; total votes 453.", "dem_primary_public_advocate_winner": "Williams", "dem_primary_comptroller": "Mark D. Levine beat Justin Brannan, 223 to 197, 47.8% to 42.2%; total votes 467.", "dem_primary_comptroller_winner": "Levine", "popup_summary": "Mayor: ZOHRAN KWAME MAMDANI beat ANDREW M. CUOMO, 517 to 246, 65.9% to 31.3%; total votes 785. | Public Advocate: JUMAANE D. WILLIAMS beat GONZALO DURAN, 648 to 93, 85.2% to 12.2%; total votes 761. | City Comptroller: MARK D. LEVINE beat PETER KEFALAS, 661 to 73, 88.3% to 9.7%; total votes 749. | Question 1: Approve beat Disapprove, 428 to 310, 58.0% to 42.0%; total votes 738. | Question 2: Approve beat Disapprove, 543 to 209, 72.2% to 27.8%; total votes 752. | Question 3: Approve beat Disapprove, 558 to 194, 74.2% to 25.8%; total votes 752. | Question 4: Approve beat Disapprove, 469 to 261, 64.2% to 35.8%; total votes 730. | Question 5: Approve beat Disapprove, 689 to 49, 93.4% to 6.6%; total votes 738. | Question 6: Approve beat Disapprove, 479 to 255, 65.3% to 34.7%; total votes 734. | Dem Primary Mayor: Zohran Kwame Mamdani beat Brad Lander, 235 to 134, 44.4% to 25.3%; total votes 529. | Dem Primary Public Advocate: Jumaane D. Williams beat Jenifer Rajkumar, 322 to 83, 71.1% to 18.3%; total votes 453. | Dem Primary Comptroller: Mark D. Levine beat Justin Brannan, 223 to 197, 47.8% to 42.2%; total votes 467.", "mayor_margin": 34.6, "q2_yes": 72.2, "q3_yes": 74.2, "q4_yes": 64.2}, "geometry": {"type": "MultiPolygon", "coordinates": [[[[-73.9873001, 40.6922261], [-73.9862723, 40.6921948], [-73.9852794, 40.6921577], [-73.9853639, 40.6906666], [-73.9851041, 40.6905611], [-73.9844322, 40.6902922], [-73.9840703, 40.6901431], [-73.9846966, 40.6892277], [-73.9857394, 40.6896313], [-73.9870999, 40.6901627], [-73.987892, 40.6904675], [-73.9883005, 40.6898694], [-73.9896395, 40.6903267], [-73.9897369, 40.69036], [-73.9893106, 40.6909924], [-73.9892858, 40.6910446], [-73.9891831, 40.6914436], [-73.9890294, 40.6921239], [-73.9889746, 40.6923055], [-73.9888916, 40.6923012], [-73.9887507, 40.6922964], [-73.9881859, 40.692277], [-73.9873001, 40.6922261]]]]}}, {"type": "Feature", "properties": {"felt:feature": 28, "ed_label": "AD 52 ED 027", "elect_dist": "52027", "borough": "Brooklyn", "community_board": 2, "community_board_label": "Brooklyn CB2", "popup_title": "Brooklyn CB2 \u2014 AD 52 ED 027", "general_mayor": "ZOHRAN KWAME MAMDANI beat ANDREW M. CUOMO, 255 to 30, 87.0% to 10.2%; total votes 293.", "general_mayor_winner": "Mamdani", "general_public_advocate": "JUMAANE D. WILLIAMS beat GONZALO DURAN, 262 to 12, 93.9% to 4.3%; total votes 279.", "general_public_advocate_winner": "Williams", "general_comptroller": "MARK D. LEVINE beat PETER KEFALAS, 259 to 11, 94.5% to 4.0%; total votes 274.", "general_comptroller_winner": "Levine", "question_1": "Approve beat Disapprove, 138 to 128, 51.9% to 48.1%; total votes 266.", "question_1_winner": "Yes-approve!", "question_2": "Approve beat Disapprove, 202 to 75, 72.9% to 27.1%; total votes 277.", "question_2_winner": "Yes-approve!", "question_3": "Approve beat Disapprove, 196 to 79, 71.3% to 28.7%; total votes 275.", "question_3_winner": "Yes-approve!", "question_4": "Approve beat Disapprove, 172 to 96, 64.2% to 35.8%; total votes 268.", "question_4_winner": "Yes-approve!", "question_5": "Approve beat Disapprove, 269 to 10, 96.4% to 3.6%; total votes 279.", "question_5_winner": "Yes-approve!", "question_6": "Approve beat Disapprove, 162 to 113, 58.9% to 41.1%; total votes 275.", "question_6_winner": "Yes-approve!", "dem_primary_mayor": "Zohran Kwame Mamdani beat Brad Lander, 106 to 24, 70.2% to 15.9%; total votes 151.", "dem_primary_mayor_winner": "Mamdani", "dem_primary_public_advocate": "Jumaane D. Williams beat Jenifer Rajkumar, 98 to 25, 74.8% to 19.1%; total votes 131.", "dem_primary_public_advocate_winner": "Williams", "dem_primary_comptroller": "Justin Brannan beat Mark D. Levine, 71 to 52, 51.8% to 38.0%; total votes 137.", "dem_primary_comptroller_winner": "Brannan", "popup_summary": "Mayor: ZOHRAN KWAME MAMDANI beat ANDREW M. CUOMO, 255 to 30, 87.0% to 10.2%; total votes 293. | Public Advocate: JUMAANE D. WILLIAMS beat GONZALO DURAN, 262 to 12, 93.9% to 4.3%; total votes 279. | City Comptroller: MARK D. LEVINE beat PETER KEFALAS, 259 to 11, 94.5% to 4.0%; total votes 274. | Question 1: Approve beat Disapprove, 138 to 128, 51.9% to 48.1%; total votes 266. | Question 2: Approve beat Disapprove, 202 to 75, 72.9% to 27.1%; total votes 277. | Question 3: Approve beat Disapprove, 196 to 79, 71.3% to 28.7%; total votes 275. | Question 4: Approve beat Disapprove, 172 to 96, 64.2% to 35.8%; total votes 268. | Question 5: Approve beat Disapprove, 269 to 10, 96.4% to 3.6%; total votes 279. | Question 6: Approve beat Disapprove, 162 to 113, 58.9% to 41.1%; total votes 275. | Dem Primary Mayor: Zohran Kwame Mamdani beat Brad Lander, 106 to 24, 70.2% to 15.9%; total votes 151. | Dem Primary Public Advocate: Jumaane D. Williams beat Jenifer Rajkumar, 98 to 25, 74.8% to 19.1%; total votes 131. | Dem Primary Comptroller: Justin Brannan beat Mark D. Levine, 71 to 52, 51.8% to 38.0%; total votes 137.", "mayor_margin": 76.8, "q2_yes": 72.9, "q3_yes": 71.3, "q4_yes": 64.2}, "geometry": {"type": "MultiPolygon", "coordinates": [[[[-73.9813977, 40.6899287], [-73.9809948, 40.6891679], [-73.9808682, 40.6889289], [-73.9808338, 40.6888638], [-73.9809282, 40.6889025], [-73.9810179, 40.6889379], [-73.9808852, 40.6886995], [-73.9814005, 40.6879444], [-73.9827147, 40.6884587], [-73.9835726, 40.688786], [-73.9846966, 40.6892277], [-73.9840703, 40.6901431], [-73.9837201, 40.6900067], [-73.9835049, 40.6900057], [-73.9831347, 40.6900023], [-73.9827672, 40.6899865], [-73.9815742, 40.6899352], [-73.9814732, 40.6899312], [-73.9813977, 40.6899287]]]]}}, {"type": "Feature", "properties": {"felt:feature": 29, "ed_label": "AD 52 ED 028", "elect_dist": "52028", "borough": "Brooklyn", "community_board": 2, "community_board_label": "Brooklyn CB2", "popup_title": "Brooklyn CB2 \u2014 AD 52 ED 028", "general_mayor": "ZOHRAN KWAME MAMDANI beat ANDREW M. CUOMO, 505 to 138, 77.1% to 21.1%; total votes 655.", "general_mayor_winner": "Mamdani", "general_public_advocate": "JUMAANE D. WILLIAMS beat GONZALO DURAN, 569 to 55, 89.0% to 8.6%; total votes 639.", "general_public_advocate_winner": "Williams", "general_comptroller": "MARK D. LEVINE beat PETER KEFALAS, 565 to 54, 90.0% to 8.6%; total votes 628.", "general_comptroller_winner": "Levine", "question_1": "Approve beat Disapprove, 348 to 273, 56.0% to 44.0%; total votes 621.", "question_1_winner": "Yes-approve!", "question_2": "Approve beat Disapprove, 453 to 174, 72.2% to 27.8%; total votes 627.", "question_2_winner": "Yes-approve!", "question_3": "Approve beat Disapprove, 445 to 176, 71.7% to 28.3%; total votes 621.", "question_3_winner": "Yes-approve!", "question_4": "Approve beat Disapprove, 412 to 202, 67.1% to 32.9%; total votes 614.", "question_4_winner": "Yes-approve!", "question_5": "Approve beat Disapprove, 584 to 38, 93.9% to 6.1%; total votes 622.", "question_5_winner": "Yes-approve!", "question_6": "Approve beat Disapprove, 376 to 236, 61.4% to 38.6%; total votes 612.", "question_6_winner": "Yes-approve!", "dem_primary_mayor": "Zohran Kwame Mamdani beat Brad Lander, 256 to 128, 54.2% to 27.1%; total votes 472.", "dem_primary_mayor_winner": "Mamdani", "dem_primary_public_advocate": "Jumaane D. Williams beat Jenifer Rajkumar, 335 to 61, 80.1% to 14.6%; total votes 418.", "dem_primary_public_advocate_winner": "Williams", "dem_primary_comptroller": "Mark D. Levine beat Justin Brannan, 196 to 194, 46.2% to 45.8%; total votes 424.", "dem_primary_comptroller_winner": "Levine", "popup_summary": "Mayor: ZOHRAN KWAME MAMDANI beat ANDREW M. CUOMO, 505 to 138, 77.1% to 21.1%; total votes 655. | Public Advocate: JUMAANE D. WILLIAMS beat GONZALO DURAN, 569 to 55, 89.0% to 8.6%; total votes 639. | City Comptroller: MARK D. LEVINE beat PETER KEFALAS, 565 to 54, 90.0% to 8.6%; total votes 628. | Question 1: Approve beat Disapprove, 348 to 273, 56.0% to 44.0%; total votes 621. | Question 2: Approve beat Disapprove, 453 to 174, 72.2% to 27.8%; total votes 627. | Question 3: Approve beat Disapprove, 445 to 176, 71.7% to 28.3%; total votes 621. | Question 4: Approve beat Disapprove, 412 to 202, 67.1% to 32.9%; total votes 614. | Question 5: Approve beat Disapprove, 584 to 38, 93.9% to 6.1%; total votes 622. | Question 6: Approve beat Disapprove, 376 to 236, 61.4% to 38.6%; total votes 612. | Dem Primary Mayor: Zohran Kwame Mamdani beat Brad Lander, 256 to 128, 54.2% to 27.1%; total votes 472. | Dem Primary Public Advocate: Jumaane D. Williams beat Jenifer Rajkumar, 335 to 61, 80.1% to 14.6%; total votes 418. | Dem Primary Comptroller: Mark D. Levine beat Justin Brannan, 196 to 194, 46.2% to 45.8%; total votes 424.", "mayor_margin": 56.0, "q2_yes": 72.2, "q3_yes": 71.7, "q4_yes": 67.1}, "geometry": {"type": "MultiPolygon", "coordinates": [[[[-73.9846966, 40.6892277], [-73.9835726, 40.688786], [-73.9839878, 40.6881746], [-73.9861553, 40.689018], [-73.9870125, 40.6893582], [-73.9876231, 40.6896006], [-73.9883005, 40.6898694], [-73.987892, 40.6904675], [-73.9870999, 40.6901627], [-73.9857394, 40.6896313], [-73.9846966, 40.6892277]]]]}}, {"type": "Feature", "properties": {"felt:feature": 30, "ed_label": "AD 52 ED 029", "elect_dist": "52029", "borough": "Brooklyn", "community_board": 2, "community_board_label": "Brooklyn CB2", "popup_title": "Brooklyn CB2 \u2014 AD 52 ED 029", "general_mayor": "ZOHRAN KWAME MAMDANI beat ANDREW M. CUOMO, 733 to 135, 82.3% to 15.2%; total votes 891.", "general_mayor_winner": "Mamdani", "general_public_advocate": "JUMAANE D. WILLIAMS beat GONZALO DURAN, 785 to 53, 92.0% to 6.2%; total votes 853.", "general_public_advocate_winner": "Williams", "general_comptroller": "MARK D. LEVINE beat PETER KEFALAS, 786 to 47, 93.5% to 5.6%; total votes 841.", "general_comptroller_winner": "Levine", "question_1": "Approve beat Disapprove, 451 to 384, 54.0% to 46.0%; total votes 835.", "question_1_winner": "Yes-approve!", "question_2": "Approve beat Disapprove, 658 to 198, 76.9% to 23.1%; total votes 856.", "question_2_winner": "Yes-approve!", "question_3": "Approve beat Disapprove, 641 to 212, 75.1% to 24.9%; total votes 853.", "question_3_winner": "Yes-approve!", "question_4": "Approve beat Disapprove, 601 to 242, 71.3% to 28.7%; total votes 843.", "question_4_winner": "Yes-approve!", "question_5": "Approve beat Disapprove, 777 to 76, 91.1% to 8.9%; total votes 853.", "question_5_winner": "Yes-approve!", "question_6": "Approve beat Disapprove, 514 to 331, 60.8% to 39.2%; total votes 845.", "question_6_winner": "Yes-approve!", "dem_primary_mayor": "Zohran Kwame Mamdani beat Brad Lander, 373 to 124, 61.5% to 20.4%; total votes 607.", "dem_primary_mayor_winner": "Mamdani", "dem_primary_public_advocate": "Jumaane D. Williams beat Jenifer Rajkumar, 414 to 78, 80.1% to 15.1%; total votes 517.", "dem_primary_public_advocate_winner": "Williams", "dem_primary_comptroller": "Justin Brannan beat Mark D. Levine, 244 to 221, 46.8% to 42.4%; total votes 521.", "dem_primary_comptroller_winner": "Brannan", "popup_summary": "Mayor: ZOHRAN KWAME MAMDANI beat ANDREW M. CUOMO, 733 to 135, 82.3% to 15.2%; total votes 891. | Public Advocate: JUMAANE D. WILLIAMS beat GONZALO DURAN, 785 to 53, 92.0% to 6.2%; total votes 853. | City Comptroller: MARK D. LEVINE beat PETER KEFALAS, 786 to 47, 93.5% to 5.6%; total votes 841. | Question 1: Approve beat Disapprove, 451 to 384, 54.0% to 46.0%; total votes 835. | Question 2: Approve beat Disapprove, 658 to 198, 76.9% to 23.1%; total votes 856. | Question 3: Approve beat Disapprove, 641 to 212, 75.1% to 24.9%; total votes 853. | Question 4: Approve beat Disapprove, 601 to 242, 71.3% to 28.7%; total votes 843. | Question 5: Approve beat Disapprove, 777 to 76, 91.1% to 8.9%; total votes 853. | Question 6: Approve beat Disapprove, 514 to 331, 60.8% to 39.2%; total votes 845. | Dem Primary Mayor: Zohran Kwame Mamdani beat Brad Lander, 373 to 124, 61.5% to 20.4%; total votes 607. | Dem Primary Public Advocate: Jumaane D. Williams beat Jenifer Rajkumar, 414 to 78, 80.1% to 15.1%; total votes 517. | Dem Primary Comptroller: Justin Brannan beat Mark D. Levine, 244 to 221, 46.8% to 42.4%; total votes 521.", "mayor_margin": 67.1, "q2_yes": 76.9, "q3_yes": 75.1, "q4_yes": 71.3}, "geometry": {"type": "MultiPolygon", "coordinates": [[[[-73.9814005, 40.6879444], [-73.9803817, 40.6875525], [-73.9798406, 40.6873443], [-73.9795904, 40.6870039], [-73.9797637, 40.6867228], [-73.9798108, 40.6866468], [-73.9805238, 40.6868764], [-73.9818168, 40.6873298], [-73.9839878, 40.6881746], [-73.9835726, 40.688786], [-73.9827147, 40.6884587], [-73.9814005, 40.6879444]]]]}}, {"type": "Feature", "properties": {"felt:feature": 31, "ed_label": "AD 52 ED 030", "elect_dist": "52030", "borough": "Brooklyn", "community_board": 2, "community_board_label": "Brooklyn CB2", "popup_title": "Brooklyn CB2 \u2014 AD 52 ED 030", "general_mayor": "ZOHRAN KWAME MAMDANI beat ANDREW M. CUOMO, 600 to 148, 77.9% to 19.2%; total votes 770.", "general_mayor_winner": "Mamdani", "general_public_advocate": "JUMAANE D. WILLIAMS beat GONZALO DURAN, 652 to 66, 88.8% to 9.0%; total votes 734.", "general_public_advocate_winner": "Williams", "general_comptroller": "MARK D. LEVINE beat PETER KEFALAS, 663 to 51, 92.0% to 7.1%; total votes 721.", "general_comptroller_winner": "Levine", "question_1": "Disapprove beat Approve, 365 to 359, 50.4% to 49.6%; total votes 724.", "question_1_winner": "No-disapprove!", "question_2": "Approve beat Disapprove, 539 to 197, 73.2% to 26.8%; total votes 736.", "question_2_winner": "Yes-approve!", "question_3": "Approve beat Disapprove, 517 to 208, 71.3% to 28.7%; total votes 725.", "question_3_winner": "Yes-approve!", "question_4": "Approve beat Disapprove, 468 to 253, 64.9% to 35.1%; total votes 721.", "question_4_winner": "Yes-approve!", "question_5": "Approve beat Disapprove, 659 to 70, 90.4% to 9.6%; total votes 729.", "question_5_winner": "Yes-approve!", "question_6": "Approve beat Disapprove, 420 to 303, 58.1% to 41.9%; total votes 723.", "question_6_winner": "Yes-approve!", "dem_primary_mayor": "Zohran Kwame Mamdani beat Brad Lander, 274 to 94, 58.9% to 20.2%; total votes 465.", "dem_primary_mayor_winner": "Mamdani", "dem_primary_public_advocate": "Jumaane D. Williams beat Jenifer Rajkumar, 317 to 52, 77.9% to 12.8%; total votes 407.", "dem_primary_public_advocate_winner": "Williams", "dem_primary_comptroller": "Justin Brannan beat Mark D. Levine, 188 to 177, 44.8% to 42.1%; total votes 420.", "dem_primary_comptroller_winner": "Brannan", "popup_summary": "Mayor: ZOHRAN KWAME MAMDANI beat ANDREW M. CUOMO, 600 to 148, 77.9% to 19.2%; total votes 770. | Public Advocate: JUMAANE D. WILLIAMS beat GONZALO DURAN, 652 to 66, 88.8% to 9.0%; total votes 734. | City Comptroller: MARK D. LEVINE beat PETER KEFALAS, 663 to 51, 92.0% to 7.1%; total votes 721. | Question 1: Disapprove beat Approve, 365 to 359, 50.4% to 49.6%; total votes 724. | Question 2: Approve beat Disapprove, 539 to 197, 73.2% to 26.8%; total votes 736. | Question 3: Approve beat Disapprove, 517 to 208, 71.3% to 28.7%; total votes 725. | Question 4: Approve beat Disapprove, 468 to 253, 64.9% to 35.1%; total votes 721. | Question 5: Approve beat Disapprove, 659 to 70, 90.4% to 9.6%; total votes 729. | Question 6: Approve beat Disapprove, 420 to 303, 58.1% to 41.9%; total votes 723. | Dem Primary Mayor: Zohran Kwame Mamdani beat Brad Lander, 274 to 94, 58.9% to 20.2%; total votes 465. | Dem Primary Public Advocate: Jumaane D. Williams beat Jenifer Rajkumar, 317 to 52, 77.9% to 12.8%; total votes 407. | Dem Primary Comptroller: Justin Brannan beat Mark D. Levine, 188 to 177, 44.8% to 42.1%; total votes 420.", "mayor_margin": 58.7, "q2_yes": 73.2, "q3_yes": 71.3, "q4_yes": 64.9}, "geometry": {"type": "MultiPolygon", "coordinates": [[[[-73.9824236, 40.6920493], [-73.982358, 40.6919155], [-73.9822433, 40.6916815], [-73.9820622, 40.6913121], [-73.981423, 40.6899858], [-73.9813977, 40.6899287], [-73.9814732, 40.6899312], [-73.9815742, 40.6899352], [-73.9827672, 40.6899865], [-73.9831347, 40.6900023], [-73.9835049, 40.6900057], [-73.9837201, 40.6900067], [-73.9840703, 40.6901431], [-73.9844322, 40.6902922], [-73.9843409, 40.6921213], [-73.9834028, 40.6920869], [-73.9830979, 40.6920779], [-73.9826353, 40.6920573], [-73.9825401, 40.6920511], [-73.9824236, 40.6920493]]]]}}, {"type": "Feature", "properties": {"felt:feature": 32, "ed_label": "AD 52 ED 031", "elect_dist": "52031", "borough": "Brooklyn", "community_board": 2, "community_board_label": "Brooklyn CB2", "popup_title": "Brooklyn CB2 \u2014 AD 52 ED 031", "general_mayor": "ZOHRAN KWAME MAMDANI beat ANDREW M. CUOMO, 7.1 to 2.7, 69.9% to 26.7%; total votes 10.1.", "general_mayor_winner": "Mamdani", "general_public_advocate": "JUMAANE D. WILLIAMS beat GONZALO DURAN, 8.6 to 0.8, 88.7% to 8.6%; total votes 9.6.", "general_public_advocate_winner": "Williams", "general_comptroller": "MARK D. LEVINE beat PETER KEFALAS, 8.2 to 0.8, 88.3% to 8.7%; total votes 9.3.", "general_comptroller_winner": "Levine", "question_1": "Approve beat Disapprove, 4.8 to 4.7, 50.5% to 49.5%; total votes 9.4.", "question_1_winner": "Yes-approve!", "question_2": "Approve beat Disapprove, 5.5 to 4, 58.3% to 41.7%; total votes 9.5.", "question_2_winner": "Yes-approve!", "question_3": "Approve beat Disapprove, 5.4 to 4.1, 56.8% to 43.2%; total votes 9.4.", "question_3_winner": "Yes-approve!", "question_4": "Approve beat Disapprove, 5.4 to 3.9, 58.2% to 41.8%; total votes 9.3.", "question_4_winner": "Yes-approve!", "question_5": "Approve beat Disapprove, 8 to 1.5, 84.2% to 15.8%; total votes 9.4.", "question_5_winner": "Yes-approve!", "question_6": "Disapprove beat Approve, 5 to 4.4, 53.3% to 46.7%; total votes 9.3.", "question_6_winner": "No-disapprove!", "dem_primary_mayor": "Zohran Kwame Mamdani beat Brad Lander, 3.2 to 2, 46.4% to 29.5%; total votes 6.9.", "dem_primary_mayor_winner": "Mamdani", "dem_primary_public_advocate": "Jumaane D. Williams beat Jenifer Rajkumar, 4.7 to 0.8, 77.8% to 13.2%; total votes 6.", "dem_primary_public_advocate_winner": "Williams", "dem_primary_comptroller": "Justin Brannan beat Mark D. Levine, 3.1 to 2.3, 51.7% to 37.9%; total votes 6.", "dem_primary_comptroller_winner": "Brannan", "popup_summary": "Mayor: ZOHRAN KWAME MAMDANI beat ANDREW M. CUOMO, 7.1 to 2.7, 69.9% to 26.7%; total votes 10.1. | Public Advocate: JUMAANE D. WILLIAMS beat GONZALO DURAN, 8.6 to 0.8, 88.7% to 8.6%; total votes 9.6. | City Comptroller: MARK D. LEVINE beat PETER KEFALAS, 8.2 to 0.8, 88.3% to 8.7%; total votes 9.3. | Question 1: Approve beat Disapprove, 4.8 to 4.7, 50.5% to 49.5%; total votes 9.4. | Question 2: Approve beat Disapprove, 5.5 to 4, 58.3% to 41.7%; total votes 9.5. | Question 3: Approve beat Disapprove, 5.4 to 4.1, 56.8% to 43.2%; total votes 9.4. | Question 4: Approve beat Disapprove, 5.4 to 3.9, 58.2% to 41.8%; total votes 9.3. | Question 5: Approve beat Disapprove, 8 to 1.5, 84.2% to 15.8%; total votes 9.4. | Question 6: Disapprove beat Approve, 5 to 4.4, 53.3% to 46.7%; total votes 9.3. | Dem Primary Mayor: Zohran Kwame Mamdani beat Brad Lander, 3.2 to 2, 46.4% to 29.5%; total votes 6.9. | Dem Primary Public Advocate: Jumaane D. Williams beat Jenifer Rajkumar, 4.7 to 0.8, 77.8% to 13.2%; total votes 6. | Dem Primary Comptroller: Justin Brannan beat Mark D. Levine, 3.1 to 2.3, 51.7% to 37.9%; total votes 6.", "mayor_margin": 43.2, "q2_yes": 58.3, "q3_yes": 56.8, "q4_yes": 58.2}, "geometry": {"type": "MultiPolygon", "coordinates": [[[[-74.0016173, 40.6925491], [-74.0010472, 40.6922646], [-74.0005855, 40.6921259], [-74.000623, 40.6920415], [-74.0006844, 40.6918978], [-73.9999211, 40.6916743], [-73.999877, 40.6916546], [-73.9998369, 40.6916304], [-73.9998015, 40.6916023], [-73.9997717, 40.6915707], [-73.9997478, 40.6915363], [-73.9997305, 40.6914997], [-73.9997199, 40.6914616], [-73.9997164, 40.6914228], [-73.99972, 40.6913839], [-73.9997305, 40.6913458], [-74.0004769, 40.6897625], [-74.0005482, 40.6896807], [-74.0004685, 40.6896591], [-73.9991252, 40.689275], [-73.9989906, 40.6892411], [-73.9989305, 40.6892258], [-73.9992487, 40.6885566], [-73.9995536, 40.6879153], [-73.9998738, 40.6872539], [-73.9999383, 40.687277], [-74.0000534, 40.6873182], [-74.0005382, 40.6874803], [-74.0015017, 40.685492], [-74.0023577, 40.6857328], [-74.002467, 40.6857956], [-74.0029257, 40.6859152], [-74.0031724, 40.6859834], [-74.0045384, 40.6863536], [-74.0048524, 40.6856681], [-74.0049258, 40.6856886], [-74.0052677, 40.6857838], [-74.0071711, 40.686357], [-74.0075308, 40.6860745], [-74.0077171, 40.6862644], [-74.0075447, 40.6863182], [-74.0070199, 40.6865264], [-74.0064415, 40.6862885], [-74.0058822, 40.6861958], [-74.0056668, 40.6866981], [-74.0056299, 40.6867842], [-74.0050037, 40.687606], [-74.0045927, 40.6882152], [-74.0038204, 40.6889296], [-74.0034092, 40.6896133], [-74.0029757, 40.6904266], [-74.0019632, 40.6901364], [-74.001853, 40.690388], [-74.0009616, 40.6901288], [-74.0006991, 40.6906119], [-74.0013256, 40.6914631], [-74.0019694, 40.6918432], [-74.0018177, 40.692222], [-74.0018112, 40.692238], [-74.0017984, 40.69227], [-74.0017436, 40.6924067], [-74.0016999, 40.6923828], [-74.0016173, 40.6925491]]]]}}, {"type": "Feature", "properties": {"felt:feature": 33, "ed_label": "AD 52 ED 036", "elect_dist": "52036", "borough": "Brooklyn", "community_board": 2, "community_board_label": "Brooklyn CB2", "popup_title": "Brooklyn CB2 \u2014 AD 52 ED 036", "general_mayor": "ZOHRAN KWAME MAMDANI beat ANDREW M. CUOMO, 597 to 242, 69.3% to 28.1%; total votes 862.", "general_mayor_winner": "Mamdani", "general_public_advocate": "JUMAANE D. WILLIAMS beat GONZALO DURAN, 711 to 86, 87.1% to 10.5%; total votes 816.", "general_public_advocate_winner": "Williams", "general_comptroller": "MARK D. LEVINE beat PETER KEFALAS, 728 to 71, 90.1% to 8.8%; total votes 808.", "general_comptroller_winner": "Levine", "question_1": "Approve beat Disapprove, 458 to 367, 55.5% to 44.5%; total votes 825.", "question_1_winner": "Yes-approve!", "question_2": "Approve beat Disapprove, 582 to 246, 70.3% to 29.7%; total votes 828.", "question_2_winner": "Yes-approve!", "question_3": "Approve beat Disapprove, 582 to 239, 70.9% to 29.1%; total votes 821.", "question_3_winner": "Yes-approve!", "question_4": "Approve beat Disapprove, 539 to 270, 66.6% to 33.4%; total votes 809.", "question_4_winner": "Yes-approve!", "question_5": "Approve beat Disapprove, 734 to 81, 90.1% to 9.9%; total votes 815.", "question_5_winner": "Yes-approve!", "question_6": "Approve beat Disapprove, 475 to 340, 58.3% to 41.7%; total votes 815.", "question_6_winner": "Yes-approve!", "dem_primary_mayor": "Zohran Kwame Mamdani beat Brad Lander, 259 to 182, 43.3% to 30.4%; total votes 598.", "dem_primary_mayor_winner": "Mamdani", "dem_primary_public_advocate": "Jumaane D. Williams beat Jenifer Rajkumar, 372 to 83, 73.5% to 16.4%; total votes 506.", "dem_primary_public_advocate_winner": "Williams", "dem_primary_comptroller": "Mark D. Levine beat Justin Brannan, 255 to 241, 47.8% to 45.2%; total votes 533.", "dem_primary_comptroller_winner": "Levine", "popup_summary": "Mayor: ZOHRAN KWAME MAMDANI beat ANDREW M. CUOMO, 597 to 242, 69.3% to 28.1%; total votes 862. | Public Advocate: JUMAANE D. WILLIAMS beat GONZALO DURAN, 711 to 86, 87.1% to 10.5%; total votes 816. | City Comptroller: MARK D. LEVINE beat PETER KEFALAS, 728 to 71, 90.1% to 8.8%; total votes 808. | Question 1: Approve beat Disapprove, 458 to 367, 55.5% to 44.5%; total votes 825. | Question 2: Approve beat Disapprove, 582 to 246, 70.3% to 29.7%; total votes 828. | Question 3: Approve beat Disapprove, 582 to 239, 70.9% to 29.1%; total votes 821. | Question 4: Approve beat Disapprove, 539 to 270, 66.6% to 33.4%; total votes 809. | Question 5: Approve beat Disapprove, 734 to 81, 90.1% to 9.9%; total votes 815. | Question 6: Approve beat Disapprove, 475 to 340, 58.3% to 41.7%; total votes 815. | Dem Primary Mayor: Zohran Kwame Mamdani beat Brad Lander, 259 to 182, 43.3% to 30.4%; total votes 598. | Dem Primary Public Advocate: Jumaane D. Williams beat Jenifer Rajkumar, 372 to 83, 73.5% to 16.4%; total votes 506. | Dem Primary Comptroller: Mark D. Levine beat Justin Brannan, 255 to 241, 47.8% to 45.2%; total votes 533.", "mayor_margin": 41.2, "q2_yes": 70.3, "q3_yes": 70.9, "q4_yes": 66.6}, "geometry": {"type": "MultiPolygon", "coordinates": [[[[-73.9897369, 40.69036], [-73.9896395, 40.6903267], [-73.9883005, 40.6898694], [-73.9887215, 40.6892458], [-73.9889156, 40.6889719], [-73.9891681, 40.6886156], [-73.9907067, 40.6891367], [-73.9910934, 40.688571], [-73.9926229, 40.6891605], [-73.9923637, 40.6896901], [-73.9920527, 40.6903455], [-73.9917417, 40.6909926], [-73.9898222, 40.6903869], [-73.9897369, 40.69036]]]]}}, {"type": "Feature", "properties": {"felt:feature": 34, "ed_label": "AD 52 ED 037", "elect_dist": "52037", "borough": "Brooklyn", "community_board": 2, "community_board_label": "Brooklyn CB2", "popup_title": "Brooklyn CB2 \u2014 AD 52 ED 037", "general_mayor": "ZOHRAN KWAME MAMDANI beat ANDREW M. CUOMO, 491 to 162, 72.4% to 23.9%; total votes 678.", "general_mayor_winner": "Mamdani", "general_public_advocate": "JUMAANE D. WILLIAMS beat GONZALO DURAN, 582 to 47, 90.2% to 7.3%; total votes 645.", "general_public_advocate_winner": "Williams", "general_comptroller": "MARK D. LEVINE beat PETER KEFALAS, 590 to 38, 92.5% to 6.0%; total votes 638.", "general_comptroller_winner": "Levine", "question_1": "Approve beat Disapprove, 367 to 277, 57.0% to 43.0%; total votes 644.", "question_1_winner": "Yes-approve!", "question_2": "Approve beat Disapprove, 450 to 197, 69.6% to 30.4%; total votes 647.", "question_2_winner": "Yes-approve!", "question_3": "Approve beat Disapprove, 452 to 189, 70.5% to 29.5%; total votes 641.", "question_3_winner": "Yes-approve!", "question_4": "Approve beat Disapprove, 402 to 233, 63.3% to 36.7%; total votes 635.", "question_4_winner": "Yes-approve!", "question_5": "Approve beat Disapprove, 585 to 51, 92.0% to 8.0%; total votes 636.", "question_5_winner": "Yes-approve!", "question_6": "Approve beat Disapprove, 360 to 272, 57.0% to 43.0%; total votes 632.", "question_6_winner": "Yes-approve!", "dem_primary_mayor": "Zohran Kwame Mamdani beat Brad Lander, 257 to 132, 52.0% to 26.7%; total votes 494.", "dem_primary_mayor_winner": "Mamdani", "dem_primary_public_advocate": "Jumaane D. Williams beat Jenifer Rajkumar, 341 to 58, 79.7% to 13.6%; total votes 428.", "dem_primary_public_advocate_winner": "Williams", "dem_primary_comptroller": "Justin Brannan beat Mark D. Levine, 237 to 164, 53.9% to 37.3%; total votes 440.", "dem_primary_comptroller_winner": "Brannan", "popup_summary": "Mayor: ZOHRAN KWAME MAMDANI beat ANDREW M. CUOMO, 491 to 162, 72.4% to 23.9%; total votes 678. | Public Advocate: JUMAANE D. WILLIAMS beat GONZALO DURAN, 582 to 47, 90.2% to 7.3%; total votes 645. | City Comptroller: MARK D. LEVINE beat PETER KEFALAS, 590 to 38, 92.5% to 6.0%; total votes 638. | Question 1: Approve beat Disapprove, 367 to 277, 57.0% to 43.0%; total votes 644. | Question 2: Approve beat Disapprove, 450 to 197, 69.6% to 30.4%; total votes 647. | Question 3: Approve beat Disapprove, 452 to 189, 70.5% to 29.5%; total votes 641. | Question 4: Approve beat Disapprove, 402 to 233, 63.3% to 36.7%; total votes 635. | Question 5: Approve beat Disapprove, 585 to 51, 92.0% to 8.0%; total votes 636. | Question 6: Approve beat Disapprove, 360 to 272, 57.0% to 43.0%; total votes 632. | Dem Primary Mayor: Zohran Kwame Mamdani beat Brad Lander, 257 to 132, 52.0% to 26.7%; total votes 494. | Dem Primary Public Advocate: Jumaane D. Williams beat Jenifer Rajkumar, 341 to 58, 79.7% to 13.6%; total votes 428. | Dem Primary Comptroller: Justin Brannan beat Mark D. Levine, 237 to 164, 53.9% to 37.3%; total votes 440.", "mayor_margin": 48.5, "q2_yes": 69.6, "q3_yes": 70.5, "q4_yes": 63.3}, "geometry": {"type": "MultiPolygon", "coordinates": [[[[-73.9891681, 40.6886156], [-73.9896124, 40.6879918], [-73.990035, 40.6873651], [-73.9904668, 40.6867296], [-73.9919399, 40.6873141], [-73.9932683, 40.6878245], [-73.9930045, 40.6883646], [-73.9929289, 40.6885194], [-73.9926855, 40.6890332], [-73.9926229, 40.6891605], [-73.9910934, 40.688571], [-73.9907067, 40.6891367], [-73.9891681, 40.6886156]]]]}}, {"type": "Feature", "properties": {"felt:feature": 35, "ed_label": "AD 52 ED 038", "elect_dist": "52038", "borough": "Brooklyn", "community_board": 2, "community_board_label": "Brooklyn CB2", "popup_title": "Brooklyn CB2 \u2014 AD 52 ED 038", "general_mayor": "ZOHRAN KWAME MAMDANI beat ANDREW M. CUOMO, 300 to 63, 81.5% to 17.1%; total votes 368.", "general_mayor_winner": "Mamdani", "general_public_advocate": "JUMAANE D. WILLIAMS beat GONZALO DURAN, 329 to 22, 92.9% to 6.2%; total votes 354.", "general_public_advocate_winner": "Williams", "general_comptroller": "MARK D. LEVINE beat PETER KEFALAS, 322 to 21, 93.1% to 6.1%; total votes 346.", "general_comptroller_winner": "Levine", "question_1": "Approve beat Disapprove, 187 to 156, 54.5% to 45.5%; total votes 343.", "question_1_winner": "Yes-approve!", "question_2": "Approve beat Disapprove, 248 to 103, 70.7% to 29.3%; total votes 351.", "question_2_winner": "Yes-approve!", "question_3": "Approve beat Disapprove, 236 to 113, 67.6% to 32.4%; total votes 349.", "question_3_winner": "Yes-approve!", "question_4": "Approve beat Disapprove, 215 to 133, 61.8% to 38.2%; total votes 348.", "question_4_winner": "Yes-approve!", "question_5": "Approve beat Disapprove, 319 to 31, 91.1% to 8.9%; total votes 350.", "question_5_winner": "Yes-approve!", "question_6": "Approve beat Disapprove, 196 to 151, 56.5% to 43.5%; total votes 347.", "question_6_winner": "Yes-approve!", "dem_primary_mayor": "Zohran Kwame Mamdani beat Brad Lander, 143 to 82, 51.8% to 29.7%; total votes 276.", "dem_primary_mayor_winner": "Mamdani", "dem_primary_public_advocate": "Jumaane D. Williams beat Jenifer Rajkumar, 192 to 29, 81.4% to 12.3%; total votes 236.", "dem_primary_public_advocate_winner": "Williams", "dem_primary_comptroller": "Justin Brannan beat Mark D. Levine, 115 to 112, 47.7% to 46.5%; total votes 241.", "dem_primary_comptroller_winner": "Brannan", "popup_summary": "Mayor: ZOHRAN KWAME MAMDANI beat ANDREW M. CUOMO, 300 to 63, 81.5% to 17.1%; total votes 368. | Public Advocate: JUMAANE D. WILLIAMS beat GONZALO DURAN, 329 to 22, 92.9% to 6.2%; total votes 354. | City Comptroller: MARK D. LEVINE beat PETER KEFALAS, 322 to 21, 93.1% to 6.1%; total votes 346. | Question 1: Approve beat Disapprove, 187 to 156, 54.5% to 45.5%; total votes 343. | Question 2: Approve beat Disapprove, 248 to 103, 70.7% to 29.3%; total votes 351. | Question 3: Approve beat Disapprove, 236 to 113, 67.6% to 32.4%; total votes 349. | Question 4: Approve beat Disapprove, 215 to 133, 61.8% to 38.2%; total votes 348. | Question 5: Approve beat Disapprove, 319 to 31, 91.1% to 8.9%; total votes 350. | Question 6: Approve beat Disapprove, 196 to 151, 56.5% to 43.5%; total votes 347. | Dem Primary Mayor: Zohran Kwame Mamdani beat Brad Lander, 143 to 82, 51.8% to 29.7%; total votes 276. | Dem Primary Public Advocate: Jumaane D. Williams beat Jenifer Rajkumar, 192 to 29, 81.4% to 12.3%; total votes 236. | Dem Primary Comptroller: Justin Brannan beat Mark D. Levine, 115 to 112, 47.7% to 46.5%; total votes 241.", "mayor_margin": 64.4, "q2_yes": 70.7, "q3_yes": 67.6, "q4_yes": 61.8}, "geometry": {"type": "MultiPolygon", "coordinates": [[[[-73.9904668, 40.6867296], [-73.9882829, 40.6858668], [-73.9886336, 40.6853415], [-73.9887116, 40.6852246], [-73.9890078, 40.6853415], [-73.9909, 40.6860882], [-73.9936042, 40.6871272], [-73.9933382, 40.6876788], [-73.9932683, 40.6878245], [-73.9919399, 40.6873141], [-73.9904668, 40.6867296]]]]}}, {"type": "Feature", "properties": {"felt:feature": 36, "ed_label": "AD 52 ED 039", "elect_dist": "52039", "borough": "Brooklyn", "community_board": 2, "community_board_label": "Brooklyn CB2", "popup_title": "Brooklyn CB2 \u2014 AD 52 ED 039", "general_mayor": "ZOHRAN KWAME MAMDANI beat ANDREW M. CUOMO, 605 to 213, 72.2% to 25.4%; total votes 838.", "general_mayor_winner": "Mamdani", "general_public_advocate": "JUMAANE D. WILLIAMS beat GONZALO DURAN, 710 to 74, 88.6% to 9.2%; total votes 801.", "general_public_advocate_winner": "Williams", "general_comptroller": "MARK D. LEVINE beat PETER KEFALAS, 706 to 73, 90.2% to 9.3%; total votes 783.", "general_comptroller_winner": "Levine", "question_1": "Approve beat Disapprove, 423 to 355, 54.4% to 45.6%; total votes 778.", "question_1_winner": "Yes-approve!", "question_2": "Approve beat Disapprove, 551 to 238, 69.8% to 30.2%; total votes 789.", "question_2_winner": "Yes-approve!", "question_3": "Approve beat Disapprove, 545 to 236, 69.8% to 30.2%; total votes 781.", "question_3_winner": "Yes-approve!", "question_4": "Approve beat Disapprove, 496 to 283, 63.7% to 36.3%; total votes 779.", "question_4_winner": "Yes-approve!", "question_5": "Approve beat Disapprove, 714 to 74, 90.6% to 9.4%; total votes 788.", "question_5_winner": "Yes-approve!", "question_6": "Approve beat Disapprove, 427 to 356, 54.5% to 45.5%; total votes 783.", "question_6_winner": "Yes-approve!", "dem_primary_mayor": "Zohran Kwame Mamdani beat Brad Lander, 256 to 141, 46.6% to 25.7%; total votes 549.", "dem_primary_mayor_winner": "Mamdani", "dem_primary_public_advocate": "Jumaane D. Williams beat Jenifer Rajkumar, 412 to 55, 81.6% to 10.9%; total votes 505.", "dem_primary_public_advocate_winner": "Williams", "dem_primary_comptroller": "Justin Brannan beat Mark D. Levine, 242 to 215, 48.5% to 43.1%; total votes 499.", "dem_primary_comptroller_winner": "Brannan", "popup_summary": "Mayor: ZOHRAN KWAME MAMDANI beat ANDREW M. CUOMO, 605 to 213, 72.2% to 25.4%; total votes 838. | Public Advocate: JUMAANE D. WILLIAMS beat GONZALO DURAN, 710 to 74, 88.6% to 9.2%; total votes 801. | City Comptroller: MARK D. LEVINE beat PETER KEFALAS, 706 to 73, 90.2% to 9.3%; total votes 783. | Question 1: Approve beat Disapprove, 423 to 355, 54.4% to 45.6%; total votes 778. | Question 2: Approve beat Disapprove, 551 to 238, 69.8% to 30.2%; total votes 789. | Question 3: Approve beat Disapprove, 545 to 236, 69.8% to 30.2%; total votes 781. | Question 4: Approve beat Disapprove, 496 to 283, 63.7% to 36.3%; total votes 779. | Question 5: Approve beat Disapprove, 714 to 74, 90.6% to 9.4%; total votes 788. | Question 6: Approve beat Disapprove, 427 to 356, 54.5% to 45.5%; total votes 783. | Dem Primary Mayor: Zohran Kwame Mamdani beat Brad Lander, 256 to 141, 46.6% to 25.7%; total votes 549. | Dem Primary Public Advocate: Jumaane D. Williams beat Jenifer Rajkumar, 412 to 55, 81.6% to 10.9%; total votes 505. | Dem Primary Comptroller: Justin Brannan beat Mark D. Levine, 242 to 215, 48.5% to 43.1%; total votes 499.", "mayor_margin": 46.8, "q2_yes": 69.8, "q3_yes": 69.8, "q4_yes": 63.7}, "geometry": {"type": "MultiPolygon", "coordinates": [[[[-73.9839878, 40.6881746], [-73.9841775, 40.6878932], [-73.9843993, 40.6875644], [-73.9848293, 40.6869293], [-73.987, 40.6877731], [-73.9891681, 40.6886156], [-73.9889156, 40.6889719], [-73.9887215, 40.6892458], [-73.9883005, 40.6898694], [-73.9876231, 40.6896006], [-73.9870125, 40.6893582], [-73.9861553, 40.689018], [-73.9839878, 40.6881746]]]]}}, {"type": "Feature", "properties": {"felt:feature": 37, "ed_label": "AD 52 ED 040", "elect_dist": "52040", "borough": "Brooklyn", "community_board": 2, "community_board_label": "Brooklyn CB2", "popup_title": "Brooklyn CB2 \u2014 AD 52 ED 040", "general_mayor": "ZOHRAN KWAME MAMDANI beat ANDREW M. CUOMO, 643 to 170, 76.5% to 20.2%; total votes 841.", "general_mayor_winner": "Mamdani", "general_public_advocate": "JUMAANE D. WILLIAMS beat GONZALO DURAN, 744 to 56, 91.3% to 6.9%; total votes 815.", "general_public_advocate_winner": "Williams", "general_comptroller": "MARK D. LEVINE beat PETER KEFALAS, 728 to 49, 92.2% to 6.2%; total votes 790.", "general_comptroller_winner": "Levine", "question_1": "Approve beat Disapprove, 409 to 344, 54.3% to 45.7%; total votes 753.", "question_1_winner": "Yes-approve!", "question_2": "Approve beat Disapprove, 541 to 234, 69.8% to 30.2%; total votes 775.", "question_2_winner": "Yes-approve!", "question_3": "Approve beat Disapprove, 511 to 249, 67.2% to 32.8%; total votes 760.", "question_3_winner": "Yes-approve!", "question_4": "Approve beat Disapprove, 483 to 273, 63.9% to 36.1%; total votes 756.", "question_4_winner": "Yes-approve!", "question_5": "Approve beat Disapprove, 677 to 85, 88.8% to 11.2%; total votes 762.", "question_5_winner": "Yes-approve!", "question_6": "Approve beat Disapprove, 422 to 325, 56.5% to 43.5%; total votes 747.", "question_6_winner": "Yes-approve!", "dem_primary_mayor": "Zohran Kwame Mamdani beat Brad Lander, 330 to 177, 50.6% to 27.1%; total votes 652.", "dem_primary_mayor_winner": "Mamdani", "dem_primary_public_advocate": "Jumaane D. Williams beat Jenifer Rajkumar, 484 to 70, 81.3% to 11.8%; total votes 595.", "dem_primary_public_advocate_winner": "Williams", "dem_primary_comptroller": "Justin Brannan beat Mark D. Levine, 284 to 262, 48.2% to 44.5%; total votes 589.", "dem_primary_comptroller_winner": "Brannan", "popup_summary": "Mayor: ZOHRAN KWAME MAMDANI beat ANDREW M. CUOMO, 643 to 170, 76.5% to 20.2%; total votes 841. | Public Advocate: JUMAANE D. WILLIAMS beat GONZALO DURAN, 744 to 56, 91.3% to 6.9%; total votes 815. | City Comptroller: MARK D. LEVINE beat PETER KEFALAS, 728 to 49, 92.2% to 6.2%; total votes 790. | Question 1: Approve beat Disapprove, 409 to 344, 54.3% to 45.7%; total votes 753. | Question 2: Approve beat Disapprove, 541 to 234, 69.8% to 30.2%; total votes 775. | Question 3: Approve beat Disapprove, 511 to 249, 67.2% to 32.8%; total votes 760. | Question 4: Approve beat Disapprove, 483 to 273, 63.9% to 36.1%; total votes 756. | Question 5: Approve beat Disapprove, 677 to 85, 88.8% to 11.2%; total votes 762. | Question 6: Approve beat Disapprove, 422 to 325, 56.5% to 43.5%; total votes 747. | Dem Primary Mayor: Zohran Kwame Mamdani beat Brad Lander, 330 to 177, 50.6% to 27.1%; total votes 652. | Dem Primary Public Advocate: Jumaane D. Williams beat Jenifer Rajkumar, 484 to 70, 81.3% to 11.8%; total votes 595. | Dem Primary Comptroller: Justin Brannan beat Mark D. Levine, 284 to 262, 48.2% to 44.5%; total votes 589.", "mayor_margin": 56.3, "q2_yes": 69.8, "q3_yes": 67.2, "q4_yes": 63.9}, "geometry": {"type": "MultiPolygon", "coordinates": [[[[-73.9848293, 40.6869293], [-73.9852592, 40.6862941], [-73.9856897, 40.6856605], [-73.9859052, 40.6853412], [-73.9861191, 40.6850243], [-73.9869332, 40.6853413], [-73.9882829, 40.6858668], [-73.9904668, 40.6867296], [-73.990035, 40.6873651], [-73.9896124, 40.6879918], [-73.9891681, 40.6886156], [-73.987, 40.6877731], [-73.9848293, 40.6869293]]]]}}, {"type": "Feature", "properties": {"felt:feature": 38, "ed_label": "AD 52 ED 041", "elect_dist": "52041", "borough": "Brooklyn", "community_board": 2, "community_board_label": "Brooklyn CB2", "popup_title": "Brooklyn CB2 \u2014 AD 52 ED 041", "general_mayor": "ZOHRAN KWAME MAMDANI beat ANDREW M. CUOMO, 585 to 135, 79.4% to 18.3%; total votes 737.", "general_mayor_winner": "Mamdani", "general_public_advocate": "JUMAANE D. WILLIAMS beat GONZALO DURAN, 653 to 50, 91.6% to 7.0%; total votes 713.", "general_public_advocate_winner": "Williams", "general_comptroller": "MARK D. LEVINE beat PETER KEFALAS, 650 to 45, 92.6% to 6.4%; total votes 702.", "general_comptroller_winner": "Levine", "question_1": "Approve beat Disapprove, 380 to 331, 53.4% to 46.6%; total votes 711.", "question_1_winner": "Yes-approve!", "question_2": "Approve beat Disapprove, 477 to 241, 66.4% to 33.6%; total votes 718.", "question_2_winner": "Yes-approve!", "question_3": "Approve beat Disapprove, 475 to 237, 66.7% to 33.3%; total votes 712.", "question_3_winner": "Yes-approve!", "question_4": "Approve beat Disapprove, 443 to 259, 63.1% to 36.9%; total votes 702.", "question_4_winner": "Yes-approve!", "question_5": "Approve beat Disapprove, 641 to 68, 90.4% to 9.6%; total votes 709.", "question_5_winner": "Yes-approve!", "question_6": "Approve beat Disapprove, 391 to 318, 55.1% to 44.9%; total votes 709.", "question_6_winner": "Yes-approve!", "dem_primary_mayor": "Zohran Kwame Mamdani beat Brad Lander, 277 to 157, 50.8% to 28.8%; total votes 545.", "dem_primary_mayor_winner": "Mamdani", "dem_primary_public_advocate": "Jumaane D. Williams beat Jenifer Rajkumar, 413 to 55, 83.1% to 11.1%; total votes 497.", "dem_primary_public_advocate_winner": "Williams", "dem_primary_comptroller": "Justin Brannan beat Mark D. Levine, 247 to 216, 49.9% to 43.6%; total votes 495.", "dem_primary_comptroller_winner": "Brannan", "popup_summary": "Mayor: ZOHRAN KWAME MAMDANI beat ANDREW M. CUOMO, 585 to 135, 79.4% to 18.3%; total votes 737. | Public Advocate: JUMAANE D. WILLIAMS beat GONZALO DURAN, 653 to 50, 91.6% to 7.0%; total votes 713. | City Comptroller: MARK D. LEVINE beat PETER KEFALAS, 650 to 45, 92.6% to 6.4%; total votes 702. | Question 1: Approve beat Disapprove, 380 to 331, 53.4% to 46.6%; total votes 711. | Question 2: Approve beat Disapprove, 477 to 241, 66.4% to 33.6%; total votes 718. | Question 3: Approve beat Disapprove, 475 to 237, 66.7% to 33.3%; total votes 712. | Question 4: Approve beat Disapprove, 443 to 259, 63.1% to 36.9%; total votes 702. | Question 5: Approve beat Disapprove, 641 to 68, 90.4% to 9.6%; total votes 709. | Question 6: Approve beat Disapprove, 391 to 318, 55.1% to 44.9%; total votes 709. | Dem Primary Mayor: Zohran Kwame Mamdani beat Brad Lander, 277 to 157, 50.8% to 28.8%; total votes 545. | Dem Primary Public Advocate: Jumaane D. Williams beat Jenifer Rajkumar, 413 to 55, 83.1% to 11.1%; total votes 497. | Dem Primary Comptroller: Justin Brannan beat Mark D. Levine, 247 to 216, 49.9% to 43.6%; total votes 495.", "mayor_margin": 61.1, "q2_yes": 66.4, "q3_yes": 66.7, "q4_yes": 63.1}, "geometry": {"type": "MultiPolygon", "coordinates": [[[[-73.9818168, 40.6873298], [-73.9822316, 40.6867205], [-73.9826603, 40.6860865], [-73.9830914, 40.6854511], [-73.9831662, 40.6853408], [-73.983522, 40.6848163], [-73.9839529, 40.6841814], [-73.9861191, 40.6850243], [-73.9859052, 40.6853412], [-73.9856897, 40.6856605], [-73.9852592, 40.6862941], [-73.9848293, 40.6869293], [-73.9843993, 40.6875644], [-73.9841775, 40.6878932], [-73.9839878, 40.6881746], [-73.9818168, 40.6873298]]]]}}, {"type": "Feature", "properties": {"felt:feature": 39, "ed_label": "AD 52 ED 042", "elect_dist": "52042", "borough": "Brooklyn", "community_board": 2, "community_board_label": "Brooklyn CB2", "popup_title": "Brooklyn CB2 \u2014 AD 52 ED 042", "general_mayor": "ZOHRAN KWAME MAMDANI beat ANDREW M. CUOMO, 804 to 204, 77.1% to 19.6%; total votes 1043.", "general_mayor_winner": "Mamdani", "general_public_advocate": "JUMAANE D. WILLIAMS beat GONZALO DURAN, 912 to 62, 91.4% to 6.2%; total votes 998.", "general_public_advocate_winner": "Williams", "general_comptroller": "MARK D. LEVINE beat PETER KEFALAS, 910 to 62, 92.2% to 6.3%; total votes 987.", "general_comptroller_winner": "Levine", "question_1": "Approve beat Disapprove, 546 to 429, 56.0% to 44.0%; total votes 975.", "question_1_winner": "Yes-approve!", "question_2": "Approve beat Disapprove, 728 to 267, 73.2% to 26.8%; total votes 995.", "question_2_winner": "Yes-approve!", "question_3": "Approve beat Disapprove, 714 to 274, 72.3% to 27.7%; total votes 988.", "question_3_winner": "Yes-approve!", "question_4": "Approve beat Disapprove, 673 to 294, 69.6% to 30.4%; total votes 967.", "question_4_winner": "Yes-approve!", "question_5": "Approve beat Disapprove, 918 to 65, 93.4% to 6.6%; total votes 983.", "question_5_winner": "Yes-approve!", "question_6": "Approve beat Disapprove, 580 to 388, 59.9% to 40.1%; total votes 968.", "question_6_winner": "Yes-approve!", "dem_primary_mayor": "Zohran Kwame Mamdani beat Brad Lander, 373 to 160, 52.3% to 22.4%; total votes 713.", "dem_primary_mayor_winner": "Mamdani", "dem_primary_public_advocate": "Jumaane D. Williams beat Jenifer Rajkumar, 494 to 83, 77.1% to 12.9%; total votes 641.", "dem_primary_public_advocate_winner": "Williams", "dem_primary_comptroller": "Justin Brannan beat Mark D. Levine, 296 to 274, 46.3% to 42.9%; total votes 639.", "dem_primary_comptroller_winner": "Brannan", "popup_summary": "Mayor: ZOHRAN KWAME MAMDANI beat ANDREW M. CUOMO, 804 to 204, 77.1% to 19.6%; total votes 1043. | Public Advocate: JUMAANE D. WILLIAMS beat GONZALO DURAN, 912 to 62, 91.4% to 6.2%; total votes 998. | City Comptroller: MARK D. LEVINE beat PETER KEFALAS, 910 to 62, 92.2% to 6.3%; total votes 987. | Question 1: Approve beat Disapprove, 546 to 429, 56.0% to 44.0%; total votes 975. | Question 2: Approve beat Disapprove, 728 to 267, 73.2% to 26.8%; total votes 995. | Question 3: Approve beat Disapprove, 714 to 274, 72.3% to 27.7%; total votes 988. | Question 4: Approve beat Disapprove, 673 to 294, 69.6% to 30.4%; total votes 967. | Question 5: Approve beat Disapprove, 918 to 65, 93.4% to 6.6%; total votes 983. | Question 6: Approve beat Disapprove, 580 to 388, 59.9% to 40.1%; total votes 968. | Dem Primary Mayor: Zohran Kwame Mamdani beat Brad Lander, 373 to 160, 52.3% to 22.4%; total votes 713. | Dem Primary Public Advocate: Jumaane D. Williams beat Jenifer Rajkumar, 494 to 83, 77.1% to 12.9%; total votes 641. | Dem Primary Comptroller: Justin Brannan beat Mark D. Levine, 296 to 274, 46.3% to 42.9%; total votes 639.", "mayor_margin": 57.5, "q2_yes": 73.2, "q3_yes": 72.3, "q4_yes": 69.6}, "geometry": {"type": "MultiPolygon", "coordinates": [[[[-73.9795904, 40.6870039], [-73.979363, 40.686682], [-73.9790907, 40.6862939], [-73.978994, 40.6861561], [-73.9783822, 40.68534], [-73.9782742, 40.685196], [-73.9780773, 40.6849149], [-73.9783886, 40.6844233], [-73.9784297, 40.6843556], [-73.9787602, 40.6837654], [-73.9788439, 40.6838012], [-73.9811323, 40.6846884], [-73.9828078, 40.6853408], [-73.9830914, 40.6854511], [-73.9826603, 40.6860865], [-73.9822316, 40.6867205], [-73.9818168, 40.6873298], [-73.9805238, 40.6868764], [-73.9798108, 40.6866468], [-73.9797637, 40.6867228], [-73.9795904, 40.6870039]]]]}}, {"type": "Feature", "properties": {"felt:feature": 40, "ed_label": "AD 52 ED 045", "elect_dist": "52045", "borough": "Brooklyn", "community_board": 2, "community_board_label": "Brooklyn CB2", "popup_title": "Brooklyn CB2 \u2014 AD 52 ED 045", "general_mayor": "ZOHRAN KWAME MAMDANI beat ANDREW M. CUOMO, 124.9 to 38.6, 74.3% to 23.0%; total votes 168.1.", "general_mayor_winner": "Mamdani", "general_public_advocate": "JUMAANE D. WILLIAMS beat GONZALO DURAN, 141.9 to 14.8, 88.8% to 9.3%; total votes 159.8.", "general_public_advocate_winner": "Williams", "general_comptroller": "MARK D. LEVINE beat PETER KEFALAS, 140.6 to 15.3, 89.7% to 9.7%; total votes 156.7.", "general_comptroller_winner": "Levine", "question_1": "Approve beat Disapprove, 84.4 to 70.4, 54.5% to 45.5%; total votes 154.8.", "question_1_winner": "Yes-approve!", "question_2": "Approve beat Disapprove, 108.8 to 49.5, 68.7% to 31.3%; total votes 158.3.", "question_2_winner": "Yes-approve!", "question_3": "Approve beat Disapprove, 109.2 to 48.2, 69.4% to 30.6%; total votes 157.4.", "question_3_winner": "Yes-approve!", "question_4": "Approve beat Disapprove, 101.8 to 53.4, 65.6% to 34.4%; total votes 155.2.", "question_4_winner": "Yes-approve!", "question_5": "Approve beat Disapprove, 141.3 to 14.6, 90.6% to 9.4%; total votes 155.9.", "question_5_winner": "Yes-approve!", "question_6": "Approve beat Disapprove, 86.8 to 67.1, 56.4% to 43.6%; total votes 153.9.", "question_6_winner": "Yes-approve!", "dem_primary_mayor": "Zohran Kwame Mamdani beat Brad Lander, 57.6 to 37.7, 47.0% to 30.8%; total votes 122.5.", "dem_primary_mayor_winner": "Mamdani", "dem_primary_public_advocate": "Jumaane D. Williams beat Jenifer Rajkumar, 89.8 to 13.5, 81.1% to 12.2%; total votes 110.7.", "dem_primary_public_advocate_winner": "Williams", "dem_primary_comptroller": "Justin Brannan beat Mark D. Levine, 64.3 to 41, 57.2% to 36.4%; total votes 112.5.", "dem_primary_comptroller_winner": "Brannan", "popup_summary": "Mayor: ZOHRAN KWAME MAMDANI beat ANDREW M. CUOMO, 124.9 to 38.6, 74.3% to 23.0%; total votes 168.1. | Public Advocate: JUMAANE D. WILLIAMS beat GONZALO DURAN, 141.9 to 14.8, 88.8% to 9.3%; total votes 159.8. | City Comptroller: MARK D. LEVINE beat PETER KEFALAS, 140.6 to 15.3, 89.7% to 9.7%; total votes 156.7. | Question 1: Approve beat Disapprove, 84.4 to 70.4, 54.5% to 45.5%; total votes 154.8. | Question 2: Approve beat Disapprove, 108.8 to 49.5, 68.7% to 31.3%; total votes 158.3. | Question 3: Approve beat Disapprove, 109.2 to 48.2, 69.4% to 30.6%; total votes 157.4. | Question 4: Approve beat Disapprove, 101.8 to 53.4, 65.6% to 34.4%; total votes 155.2. | Question 5: Approve beat Disapprove, 141.3 to 14.6, 90.6% to 9.4%; total votes 155.9. | Question 6: Approve beat Disapprove, 86.8 to 67.1, 56.4% to 43.6%; total votes 153.9. | Dem Primary Mayor: Zohran Kwame Mamdani beat Brad Lander, 57.6 to 37.7, 47.0% to 30.8%; total votes 122.5. | Dem Primary Public Advocate: Jumaane D. Williams beat Jenifer Rajkumar, 89.8 to 13.5, 81.1% to 12.2%; total votes 110.7. | Dem Primary Comptroller: Justin Brannan beat Mark D. Levine, 64.3 to 41, 57.2% to 36.4%; total votes 112.5.", "mayor_margin": 51.3, "q2_yes": 68.7, "q3_yes": 69.4, "q4_yes": 65.6}, "geometry": {"type": "MultiPolygon", "coordinates": [[[[-73.9909, 40.6860882], [-73.9913325, 40.6854484], [-73.9914046, 40.6853417], [-73.9917618, 40.6848132], [-73.9921916, 40.6841783], [-73.9926229, 40.6835437], [-73.9930519, 40.6829092], [-73.9952324, 40.6837408], [-73.9949011, 40.6844302], [-73.9945781, 40.6851001], [-73.9944614, 40.6853419], [-73.994408, 40.6854525], [-73.9942537, 40.685778], [-73.9940915, 40.6861134], [-73.9939293, 40.6864529], [-73.9937874, 40.686756], [-73.9936042, 40.6871272], [-73.9909, 40.6860882]]]]}}, {"type": "Feature", "properties": {"felt:feature": 41, "ed_label": "AD 52 ED 053", "elect_dist": "52053", "borough": "Brooklyn", "community_board": 2, "community_board_label": "Brooklyn CB2", "popup_title": "Brooklyn CB2 \u2014 AD 52 ED 053", "general_mayor": "ZOHRAN KWAME MAMDANI beat ANDREW M. CUOMO, 141.2 to 25.3, 82.7% to 14.8%; total votes 170.8.", "general_mayor_winner": "Mamdani", "general_public_advocate": "JUMAANE D. WILLIAMS beat GONZALO DURAN, 153.8 to 9.3, 93.1% to 5.6%; total votes 165.2.", "general_public_advocate_winner": "Williams", "general_comptroller": "MARK D. LEVINE beat PETER KEFALAS, 147.2 to 8, 93.1% to 5.1%; total votes 158.2.", "general_comptroller_winner": "Levine", "question_1": "Approve beat Disapprove, 89.2 to 72.3, 55.3% to 44.7%; total votes 161.5.", "question_1_winner": "Yes-approve!", "question_2": "Approve beat Disapprove, 113.9 to 48, 70.4% to 29.6%; total votes 161.8.", "question_2_winner": "Yes-approve!", "question_3": "Approve beat Disapprove, 112.2 to 48.6, 69.8% to 30.2%; total votes 160.8.", "question_3_winner": "Yes-approve!", "question_4": "Approve beat Disapprove, 101.2 to 56.9, 64.0% to 36.0%; total votes 158.2.", "question_4_winner": "Yes-approve!", "question_5": "Approve beat Disapprove, 151.8 to 10, 93.8% to 6.2%; total votes 161.8.", "question_5_winner": "Yes-approve!", "question_6": "Approve beat Disapprove, 95.9 to 62.9, 60.4% to 39.6%; total votes 158.8.", "question_6_winner": "Yes-approve!", "dem_primary_mayor": "Zohran Kwame Mamdani beat Brad Lander, 73.6 to 36, 58.0% to 28.3%; total votes 126.9.", "dem_primary_mayor_winner": "Mamdani", "dem_primary_public_advocate": "Jumaane D. Williams beat Jenifer Rajkumar, 96.6 to 15.3, 82.6% to 13.1%; total votes 116.9.", "dem_primary_public_advocate_winner": "Williams", "dem_primary_comptroller": "Justin Brannan beat Mark D. Levine, 64.6 to 43, 54.5% to 36.2%; total votes 118.5.", "dem_primary_comptroller_winner": "Brannan", "popup_summary": "Mayor: ZOHRAN KWAME MAMDANI beat ANDREW M. CUOMO, 141.2 to 25.3, 82.7% to 14.8%; total votes 170.8. | Public Advocate: JUMAANE D. WILLIAMS beat GONZALO DURAN, 153.8 to 9.3, 93.1% to 5.6%; total votes 165.2. | City Comptroller: MARK D. LEVINE beat PETER KEFALAS, 147.2 to 8, 93.1% to 5.1%; total votes 158.2. | Question 1: Approve beat Disapprove, 89.2 to 72.3, 55.3% to 44.7%; total votes 161.5. | Question 2: Approve beat Disapprove, 113.9 to 48, 70.4% to 29.6%; total votes 161.8. | Question 3: Approve beat Disapprove, 112.2 to 48.6, 69.8% to 30.2%; total votes 160.8. | Question 4: Approve beat Disapprove, 101.2 to 56.9, 64.0% to 36.0%; total votes 158.2. | Question 5: Approve beat Disapprove, 151.8 to 10, 93.8% to 6.2%; total votes 161.8. | Question 6: Approve beat Disapprove, 95.9 to 62.9, 60.4% to 39.6%; total votes 158.8. | Dem Primary Mayor: Zohran Kwame Mamdani beat Brad Lander, 73.6 to 36, 58.0% to 28.3%; total votes 126.9. | Dem Primary Public Advocate: Jumaane D. Williams beat Jenifer Rajkumar, 96.6 to 15.3, 82.6% to 13.1%; total votes 116.9. | Dem Primary Comptroller: Justin Brannan beat Mark D. Levine, 64.6 to 43, 54.5% to 36.2%; total votes 118.5.", "mayor_margin": 67.9, "q2_yes": 70.4, "q3_yes": 69.8, "q4_yes": 64.0}, "geometry": {"type": "MultiPolygon", "coordinates": [[[[-73.9887116, 40.6852246], [-73.988788, 40.6851082], [-73.9888193, 40.6850605], [-73.9890687, 40.6846804], [-73.9890981, 40.6846356], [-73.9891284, 40.6845895], [-73.9891522, 40.6845543], [-73.9893492, 40.6842627], [-73.9893767, 40.684222], [-73.9895566, 40.6839557], [-73.9895937, 40.6839015], [-73.9896284, 40.6838506], [-73.9896604, 40.6838038], [-73.9896898, 40.6837609], [-73.9898244, 40.683564], [-73.9898613, 40.68351], [-73.989992, 40.6833188], [-73.9921916, 40.6841783], [-73.9917618, 40.6848132], [-73.9914046, 40.6853417], [-73.9913325, 40.6854484], [-73.9909, 40.6860882], [-73.9890078, 40.6853415], [-73.9887116, 40.6852246]]]]}}, {"type": "Feature", "properties": {"felt:feature": 42, "ed_label": "AD 52 ED 057", "elect_dist": "52057", "borough": "Brooklyn", "community_board": 2, "community_board_label": "Brooklyn CB2", "popup_title": "Brooklyn CB2 \u2014 AD 52 ED 057", "general_mayor": "ZOHRAN KWAME MAMDANI beat ANDREW M. CUOMO, 285.1 to 49.3, 82.8% to 14.3%; total votes 344.2.", "general_mayor_winner": "Mamdani", "general_public_advocate": "JUMAANE D. WILLIAMS beat GONZALO DURAN, 321.4 to 16.8, 94.4% to 4.9%; total votes 340.4.", "general_public_advocate_winner": "Williams", "general_comptroller": "MARK D. LEVINE beat PETER KEFALAS, 309.5 to 13.6, 94.4% to 4.1%; total votes 327.9.", "general_comptroller_winner": "Levine", "question_1": "Approve beat Disapprove, 174 to 149.6, 53.8% to 46.2%; total votes 323.6.", "question_1_winner": "Yes-approve!", "question_2": "Approve beat Disapprove, 236.9 to 90.5, 72.4% to 27.6%; total votes 327.4.", "question_2_winner": "Yes-approve!", "question_3": "Approve beat Disapprove, 219 to 105.1, 67.6% to 32.4%; total votes 324.1.", "question_3_winner": "Yes-approve!", "question_4": "Approve beat Disapprove, 204.9 to 118.7, 63.3% to 36.7%; total votes 323.6.", "question_4_winner": "Yes-approve!", "question_5": "Approve beat Disapprove, 290.5 to 36.3, 88.9% to 11.1%; total votes 326.8.", "question_5_winner": "Yes-approve!", "question_6": "Approve beat Disapprove, 197.3 to 126.3, 61.0% to 39.0%; total votes 323.6.", "question_6_winner": "Yes-approve!", "dem_primary_mayor": "Zohran Kwame Mamdani beat Brad Lander, 128.5 to 80.8, 48.9% to 30.7%; total votes 262.9.", "dem_primary_mayor_winner": "Mamdani", "dem_primary_public_advocate": "Jumaane D. Williams beat Jenifer Rajkumar, 201.1 to 19.5, 85.5% to 8.3%; total votes 235.2.", "dem_primary_public_advocate_winner": "Williams", "dem_primary_comptroller": "Justin Brannan beat Mark D. Levine, 118.2 to 90.5, 50.2% to 38.5%; total votes 235.2.", "dem_primary_comptroller_winner": "Brannan", "popup_summary": "Mayor: ZOHRAN KWAME MAMDANI beat ANDREW M. CUOMO, 285.1 to 49.3, 82.8% to 14.3%; total votes 344.2. | Public Advocate: JUMAANE D. WILLIAMS beat GONZALO DURAN, 321.4 to 16.8, 94.4% to 4.9%; total votes 340.4. | City Comptroller: MARK D. LEVINE beat PETER KEFALAS, 309.5 to 13.6, 94.4% to 4.1%; total votes 327.9. | Question 1: Approve beat Disapprove, 174 to 149.6, 53.8% to 46.2%; total votes 323.6. | Question 2: Approve beat Disapprove, 236.9 to 90.5, 72.4% to 27.6%; total votes 327.4. | Question 3: Approve beat Disapprove, 219 to 105.1, 67.6% to 32.4%; total votes 324.1. | Question 4: Approve beat Disapprove, 204.9 to 118.7, 63.3% to 36.7%; total votes 323.6. | Question 5: Approve beat Disapprove, 290.5 to 36.3, 88.9% to 11.1%; total votes 326.8. | Question 6: Approve beat Disapprove, 197.3 to 126.3, 61.0% to 39.0%; total votes 323.6. | Dem Primary Mayor: Zohran Kwame Mamdani beat Brad Lander, 128.5 to 80.8, 48.9% to 30.7%; total votes 262.9. | Dem Primary Public Advocate: Jumaane D. Williams beat Jenifer Rajkumar, 201.1 to 19.5, 85.5% to 8.3%; total votes 235.2. | Dem Primary Comptroller: Justin Brannan beat Mark D. Levine, 118.2 to 90.5, 50.2% to 38.5%; total votes 235.2.", "mayor_margin": 68.5, "q2_yes": 72.4, "q3_yes": 67.6, "q4_yes": 63.3}, "geometry": {"type": "MultiPolygon", "coordinates": [[[[-73.9861191, 40.6850243], [-73.9839529, 40.6841814], [-73.9819924, 40.6834181], [-73.9824164, 40.6827806], [-73.9828914, 40.6829654], [-73.9839113, 40.6833623], [-73.9839612, 40.6833818], [-73.9840151, 40.6834027], [-73.9840879, 40.6834311], [-73.984154, 40.6834568], [-73.9842215, 40.683483], [-73.9843741, 40.6835425], [-73.9847981, 40.6829092], [-73.9848496, 40.6828326], [-73.9848772, 40.6827926], [-73.9849005, 40.6827589], [-73.9852367, 40.6822813], [-73.9856718, 40.6816421], [-73.9861039, 40.6810085], [-73.9865331, 40.6803727], [-73.9872454, 40.6806643], [-73.9873153, 40.680693], [-73.9869064, 40.6813124], [-73.9867082, 40.6816419], [-73.9870232, 40.6817672], [-73.9872241, 40.6814473], [-73.9872757, 40.6814677], [-73.9882735, 40.6818601], [-73.988208, 40.6819601], [-73.9880539, 40.6821942], [-73.9880102, 40.6822606], [-73.9879717, 40.6823191], [-73.9879279, 40.6823856], [-73.9878899, 40.6824433], [-73.9878563, 40.6824943], [-73.9878068, 40.6825676], [-73.9875958, 40.6828804], [-73.9875525, 40.6829446], [-73.9874296, 40.6831267], [-73.9873762, 40.6832052], [-73.9869952, 40.683765], [-73.9869399, 40.6838448], [-73.9868895, 40.6839175], [-73.9868301, 40.6840034], [-73.9867226, 40.6841584], [-73.9866146, 40.6843143], [-73.986563, 40.6843888], [-73.9882044, 40.6850273], [-73.9887116, 40.6852246], [-73.9886336, 40.6853415], [-73.9882829, 40.6858668], [-73.9869332, 40.6853413], [-73.9861191, 40.6850243]]]]}}, {"type": "Feature", "properties": {"felt:feature": 43, "ed_label": "AD 52 ED 058", "elect_dist": "52058", "borough": "Brooklyn", "community_board": 2, "community_board_label": "Brooklyn CB2", "popup_title": "Brooklyn CB2 \u2014 AD 52 ED 058", "general_mayor": "ZOHRAN KWAME MAMDANI beat ANDREW M. CUOMO, 298 to 59, 81.6% to 16.2%; total votes 365.", "general_mayor_winner": "Mamdani", "general_public_advocate": "JUMAANE D. WILLIAMS beat GONZALO DURAN, 322 to 16, 93.6% to 4.7%; total votes 344.", "general_public_advocate_winner": "Williams", "general_comptroller": "MARK D. LEVINE beat PETER KEFALAS, 310 to 13, 92.3% to 3.9%; total votes 336.", "general_comptroller_winner": "Levine", "question_1": "Approve beat Disapprove, 190 to 154, 55.2% to 44.8%; total votes 344.", "question_1_winner": "Yes-approve!", "question_2": "Approve beat Disapprove, 244 to 106, 69.7% to 30.3%; total votes 350.", "question_2_winner": "Yes-approve!", "question_3": "Approve beat Disapprove, 234 to 112, 67.6% to 32.4%; total votes 346.", "question_3_winner": "Yes-approve!", "question_4": "Approve beat Disapprove, 224 to 117, 65.7% to 34.3%; total votes 341.", "question_4_winner": "Yes-approve!", "question_5": "Approve beat Disapprove, 314 to 31, 91.0% to 9.0%; total votes 345.", "question_5_winner": "Yes-approve!", "question_6": "Approve beat Disapprove, 193 to 147, 56.8% to 43.2%; total votes 340.", "question_6_winner": "Yes-approve!", "dem_primary_mayor": "Zohran Kwame Mamdani beat Brad Lander, 153 to 35, 68.0% to 15.6%; total votes 225.", "dem_primary_mayor_winner": "Mamdani", "dem_primary_public_advocate": "Jumaane D. Williams beat Jenifer Rajkumar, 177 to 20, 86.3% to 9.8%; total votes 205.", "dem_primary_public_advocate_winner": "Williams", "dem_primary_comptroller": "Justin Brannan beat Mark D. Levine, 119 to 69, 57.2% to 33.2%; total votes 208.", "dem_primary_comptroller_winner": "Brannan", "popup_summary": "Mayor: ZOHRAN KWAME MAMDANI beat ANDREW M. CUOMO, 298 to 59, 81.6% to 16.2%; total votes 365. | Public Advocate: JUMAANE D. WILLIAMS beat GONZALO DURAN, 322 to 16, 93.6% to 4.7%; total votes 344. | City Comptroller: MARK D. LEVINE beat PETER KEFALAS, 310 to 13, 92.3% to 3.9%; total votes 336. | Question 1: Approve beat Disapprove, 190 to 154, 55.2% to 44.8%; total votes 344. | Question 2: Approve beat Disapprove, 244 to 106, 69.7% to 30.3%; total votes 350. | Question 3: Approve beat Disapprove, 234 to 112, 67.6% to 32.4%; total votes 346. | Question 4: Approve beat Disapprove, 224 to 117, 65.7% to 34.3%; total votes 341. | Question 5: Approve beat Disapprove, 314 to 31, 91.0% to 9.0%; total votes 345. | Question 6: Approve beat Disapprove, 193 to 147, 56.8% to 43.2%; total votes 340. | Dem Primary Mayor: Zohran Kwame Mamdani beat Brad Lander, 153 to 35, 68.0% to 15.6%; total votes 225. | Dem Primary Public Advocate: Jumaane D. Williams beat Jenifer Rajkumar, 177 to 20, 86.3% to 9.8%; total votes 205. | Dem Primary Comptroller: Justin Brannan beat Mark D. Levine, 119 to 69, 57.2% to 33.2%; total votes 208.", "mayor_margin": 65.4, "q2_yes": 69.7, "q3_yes": 67.6, "q4_yes": 65.7}, "geometry": {"type": "MultiPolygon", "coordinates": [[[[-73.9787602, 40.6837654], [-73.9791839, 40.6831288], [-73.9796168, 40.6824913], [-73.979689, 40.682522], [-73.9819924, 40.6834181], [-73.9839529, 40.6841814], [-73.983522, 40.6848163], [-73.9831662, 40.6853408], [-73.9830914, 40.6854511], [-73.9828078, 40.6853408], [-73.9811323, 40.6846884], [-73.9788439, 40.6838012], [-73.9787602, 40.6837654]]]]}}, {"type": "Feature", "properties": {"felt:feature": 44, "ed_label": "AD 52 ED 060", "elect_dist": "52060", "borough": "Brooklyn", "community_board": 2, "community_board_label": "Brooklyn CB2", "popup_title": "Brooklyn CB2 \u2014 AD 52 ED 060", "general_mayor": "ZOHRAN KWAME MAMDANI beat ANDREW M. CUOMO, 388 to 89, 78.8% to 18.1%; total votes 492.3.", "general_mayor_winner": "Mamdani", "general_public_advocate": "JUMAANE D. WILLIAMS beat GONZALO DURAN, 439.5 to 33.1, 91.4% to 6.9%; total votes 480.8.", "general_public_advocate_winner": "Williams", "general_comptroller": "MARK D. LEVINE beat PETER KEFALAS, 419.1 to 30.5, 90.4% to 6.6%; total votes 463.6.", "general_comptroller_winner": "Levine", "question_1": "Approve beat Disapprove, 247.4 to 213.1, 53.7% to 46.3%; total votes 460.5.", "question_1_winner": "Yes-approve!", "question_2": "Approve beat Disapprove, 344.1 to 122.1, 73.8% to 26.2%; total votes 466.2.", "question_2_winner": "Yes-approve!", "question_3": "Approve beat Disapprove, 328.2 to 132.9, 71.2% to 28.8%; total votes 461.1.", "question_3_winner": "Yes-approve!", "question_4": "Approve beat Disapprove, 315.5 to 142.5, 68.9% to 31.1%; total votes 457.9.", "question_4_winner": "Yes-approve!", "question_5": "Approve beat Disapprove, 420.4 to 40.7, 91.2% to 8.8%; total votes 461.1.", "question_5_winner": "Yes-approve!", "question_6": "Approve beat Disapprove, 276.7 to 178.1, 60.8% to 39.2%; total votes 454.7.", "question_6_winner": "Yes-approve!", "dem_primary_mayor": "Zohran Kwame Mamdani beat Brad Lander, 188.3 to 94.8, 53.6% to 27.0%; total votes 351.1.", "dem_primary_mayor_winner": "Mamdani", "dem_primary_public_advocate": "Jumaane D. Williams beat Jenifer Rajkumar, 253.8 to 42, 81.1% to 13.4%; total votes 312.9.", "dem_primary_public_advocate_winner": "Williams", "dem_primary_comptroller": "Justin Brannan beat Mark D. Levine, 152.6 to 125.3, 48.9% to 40.1%; total votes 312.3.", "dem_primary_comptroller_winner": "Brannan", "popup_summary": "Mayor: ZOHRAN KWAME MAMDANI beat ANDREW M. CUOMO, 388 to 89, 78.8% to 18.1%; total votes 492.3. | Public Advocate: JUMAANE D. WILLIAMS beat GONZALO DURAN, 439.5 to 33.1, 91.4% to 6.9%; total votes 480.8. | City Comptroller: MARK D. LEVINE beat PETER KEFALAS, 419.1 to 30.5, 90.4% to 6.6%; total votes 463.6. | Question 1: Approve beat Disapprove, 247.4 to 213.1, 53.7% to 46.3%; total votes 460.5. | Question 2: Approve beat Disapprove, 344.1 to 122.1, 73.8% to 26.2%; total votes 466.2. | Question 3: Approve beat Disapprove, 328.2 to 132.9, 71.2% to 28.8%; total votes 461.1. | Question 4: Approve beat Disapprove, 315.5 to 142.5, 68.9% to 31.1%; total votes 457.9. | Question 5: Approve beat Disapprove, 420.4 to 40.7, 91.2% to 8.8%; total votes 461.1. | Question 6: Approve beat Disapprove, 276.7 to 178.1, 60.8% to 39.2%; total votes 454.7. | Dem Primary Mayor: Zohran Kwame Mamdani beat Brad Lander, 188.3 to 94.8, 53.6% to 27.0%; total votes 351.1. | Dem Primary Public Advocate: Jumaane D. Williams beat Jenifer Rajkumar, 253.8 to 42, 81.1% to 13.4%; total votes 312.9. | Dem Primary Comptroller: Justin Brannan beat Mark D. Levine, 152.6 to 125.3, 48.9% to 40.1%; total votes 312.3.", "mayor_margin": 60.7, "q2_yes": 73.8, "q3_yes": 71.2, "q4_yes": 68.9}, "geometry": {"type": "MultiPolygon", "coordinates": [[[[-73.9796168, 40.6824913], [-73.9800351, 40.6818526], [-73.9804616, 40.6812225], [-73.9808893, 40.6805933], [-73.9813241, 40.6799517], [-73.9817533, 40.6793132], [-73.9821894, 40.6786758], [-73.9826173, 40.6780424], [-73.9827197, 40.6780879], [-73.9822825, 40.6787118], [-73.9818572, 40.6793526], [-73.9814133, 40.6799884], [-73.9809593, 40.6806209], [-73.9822536, 40.6811258], [-73.9826548, 40.6812821], [-73.982743, 40.6813164], [-73.9832643, 40.6815192], [-73.9829645, 40.6819854], [-73.9829343, 40.6820302], [-73.9829047, 40.6820743], [-73.9828544, 40.682149], [-73.9824164, 40.6827806], [-73.9819924, 40.6834181], [-73.979689, 40.682522], [-73.9796168, 40.6824913]]]]}}, {"type": "Feature", "properties": {"felt:feature": 45, "ed_label": "AD 52 ED 073", "elect_dist": "52073", "borough": "Brooklyn", "community_board": 2, "community_board_label": "Brooklyn CB2", "popup_title": "Brooklyn CB2 \u2014 AD 52 ED 073", "general_mayor": "ZOHRAN KWAME MAMDANI beat ANDREW M. CUOMO, 82.6 to 12.7, 84.4% to 12.9%; total votes 97.9.", "general_mayor_winner": "Mamdani", "general_public_advocate": "JUMAANE D. WILLIAMS beat GONZALO DURAN, 88.8 to 4.6, 93.7% to 4.8%; total votes 94.8.", "general_public_advocate_winner": "Williams", "general_comptroller": "MARK D. LEVINE beat PETER KEFALAS, 86.1 to 4.1, 93.6% to 4.5%; total votes 92.", "general_comptroller_winner": "Levine", "question_1": "Approve beat Disapprove, 50.4 to 42.3, 54.4% to 45.6%; total votes 92.7.", "question_1_winner": "Yes-approve!", "question_2": "Approve beat Disapprove, 65.6 to 29, 69.4% to 30.6%; total votes 94.6.", "question_2_winner": "Yes-approve!", "question_3": "Approve beat Disapprove, 62.6 to 31.7, 66.4% to 33.6%; total votes 94.3.", "question_3_winner": "Yes-approve!", "question_4": "Approve beat Disapprove, 56.6 to 35.7, 61.3% to 38.7%; total votes 92.4.", "question_4_winner": "Yes-approve!", "question_5": "Approve beat Disapprove, 84.4 to 9.3, 90.0% to 10.0%; total votes 93.7.", "question_5_winner": "Yes-approve!", "question_6": "Approve beat Disapprove, 51.5 to 41, 55.7% to 44.3%; total votes 92.5.", "question_6_winner": "Yes-approve!", "dem_primary_mayor": "Zohran Kwame Mamdani beat Brad Lander, 42.7 to 19.3, 58.8% to 26.6%; total votes 72.7.", "dem_primary_mayor_winner": "Mamdani", "dem_primary_public_advocate": "Jumaane D. Williams beat Jenifer Rajkumar, 54.8 to 7.9, 84.6% to 12.2%; total votes 64.8.", "dem_primary_public_advocate_winner": "Williams", "dem_primary_comptroller": "Justin Brannan beat Mark D. Levine, 35.4 to 23.4, 54.1% to 35.8%; total votes 65.5.", "dem_primary_comptroller_winner": "Brannan", "popup_summary": "Mayor: ZOHRAN KWAME MAMDANI beat ANDREW M. CUOMO, 82.6 to 12.7, 84.4% to 12.9%; total votes 97.9. | Public Advocate: JUMAANE D. WILLIAMS beat GONZALO DURAN, 88.8 to 4.6, 93.7% to 4.8%; total votes 94.8. | City Comptroller: MARK D. LEVINE beat PETER KEFALAS, 86.1 to 4.1, 93.6% to 4.5%; total votes 92. | Question 1: Approve beat Disapprove, 50.4 to 42.3, 54.4% to 45.6%; total votes 92.7. | Question 2: Approve beat Disapprove, 65.6 to 29, 69.4% to 30.6%; total votes 94.6. | Question 3: Approve beat Disapprove, 62.6 to 31.7, 66.4% to 33.6%; total votes 94.3. | Question 4: Approve beat Disapprove, 56.6 to 35.7, 61.3% to 38.7%; total votes 92.4. | Question 5: Approve beat Disapprove, 84.4 to 9.3, 90.0% to 10.0%; total votes 93.7. | Question 6: Approve beat Disapprove, 51.5 to 41, 55.7% to 44.3%; total votes 92.5. | Dem Primary Mayor: Zohran Kwame Mamdani beat Brad Lander, 42.7 to 19.3, 58.8% to 26.6%; total votes 72.7. | Dem Primary Public Advocate: Jumaane D. Williams beat Jenifer Rajkumar, 54.8 to 7.9, 84.6% to 12.2%; total votes 64.8. | Dem Primary Comptroller: Justin Brannan beat Mark D. Levine, 35.4 to 23.4, 54.1% to 35.8%; total votes 65.5.", "mayor_margin": 71.5, "q2_yes": 69.4, "q3_yes": 66.4, "q4_yes": 61.3}, "geometry": {"type": "MultiPolygon", "coordinates": [[[[-73.9774572, 40.6840523], [-73.9766666, 40.6829722], [-73.9765687, 40.6828271], [-73.9763163, 40.6825086], [-73.9758341, 40.6818356], [-73.9751432, 40.6808719], [-73.9746912, 40.6802666], [-73.9743105, 40.6797348], [-73.9749047, 40.6799541], [-73.9749574, 40.6798771], [-73.9774546, 40.6808529], [-73.979975, 40.6818278], [-73.9800351, 40.6818526], [-73.9796168, 40.6824913], [-73.9791839, 40.6831288], [-73.9787602, 40.6837654], [-73.9784297, 40.6843556], [-73.9783886, 40.6844233], [-73.9774572, 40.6840523]]]]}}, {"type": "Feature", "properties": {"felt:feature": 46, "ed_label": "AD 52 ED 089", "elect_dist": "52089", "borough": "Brooklyn", "community_board": 2, "community_board_label": "Brooklyn CB2", "popup_title": "Brooklyn CB2 \u2014 AD 52 ED 089", "general_mayor": "ZOHRAN KWAME MAMDANI beat ANDREW M. CUOMO, 360 to 58, 84.1% to 13.6%; total votes 428.", "general_mayor_winner": "Mamdani", "general_public_advocate": "JUMAANE D. WILLIAMS beat GONZALO DURAN, 386 to 19, 93.9% to 4.6%; total votes 411.", "general_public_advocate_winner": "Williams", "general_comptroller": "MARK D. LEVINE beat PETER KEFALAS, 379 to 19, 93.8% to 4.7%; total votes 404.", "general_comptroller_winner": "Levine", "question_1": "Disapprove beat Approve, 210 to 184, 53.3% to 46.7%; total votes 394.", "question_1_winner": "No-disapprove!", "question_2": "Approve beat Disapprove, 294 to 110, 72.8% to 27.2%; total votes 404.", "question_2_winner": "Yes-approve!", "question_3": "Approve beat Disapprove, 298 to 101, 74.7% to 25.3%; total votes 399.", "question_3_winner": "Yes-approve!", "question_4": "Approve beat Disapprove, 274 to 119, 69.7% to 30.3%; total votes 393.", "question_4_winner": "Yes-approve!", "question_5": "Approve beat Disapprove, 378 to 22, 94.5% to 5.5%; total votes 400.", "question_5_winner": "Yes-approve!", "question_6": "Approve beat Disapprove, 235 to 160, 59.5% to 40.5%; total votes 395.", "question_6_winner": "Yes-approve!", "dem_primary_mayor": "Zohran Kwame Mamdani beat Brad Lander, 168 to 60, 62.0% to 22.1%; total votes 271.", "dem_primary_mayor_winner": "Mamdani", "dem_primary_public_advocate": "Jumaane D. Williams beat Jenifer Rajkumar, 183 to 42, 76.2% to 17.5%; total votes 240.", "dem_primary_public_advocate_winner": "Williams", "dem_primary_comptroller": "Justin Brannan beat Mark D. Levine, 113 to 95, 47.1% to 39.6%; total votes 240.", "dem_primary_comptroller_winner": "Brannan", "popup_summary": "Mayor: ZOHRAN KWAME MAMDANI beat ANDREW M. CUOMO, 360 to 58, 84.1% to 13.6%; total votes 428. | Public Advocate: JUMAANE D. WILLIAMS beat GONZALO DURAN, 386 to 19, 93.9% to 4.6%; total votes 411. | City Comptroller: MARK D. LEVINE beat PETER KEFALAS, 379 to 19, 93.8% to 4.7%; total votes 404. | Question 1: Disapprove beat Approve, 210 to 184, 53.3% to 46.7%; total votes 394. | Question 2: Approve beat Disapprove, 294 to 110, 72.8% to 27.2%; total votes 404. | Question 3: Approve beat Disapprove, 298 to 101, 74.7% to 25.3%; total votes 399. | Question 4: Approve beat Disapprove, 274 to 119, 69.7% to 30.3%; total votes 393. | Question 5: Approve beat Disapprove, 378 to 22, 94.5% to 5.5%; total votes 400. | Question 6: Approve beat Disapprove, 235 to 160, 59.5% to 40.5%; total votes 395. | Dem Primary Mayor: Zohran Kwame Mamdani beat Brad Lander, 168 to 60, 62.0% to 22.1%; total votes 271. | Dem Primary Public Advocate: Jumaane D. Williams beat Jenifer Rajkumar, 183 to 42, 76.2% to 17.5%; total votes 240. | Dem Primary Comptroller: Justin Brannan beat Mark D. Levine, 113 to 95, 47.1% to 39.6%; total votes 240.", "mayor_margin": 70.5, "q2_yes": 72.8, "q3_yes": 74.7, "q4_yes": 69.7}, "geometry": {"type": "MultiPolygon", "coordinates": [[[[-73.9843409, 40.6921213], [-73.9844322, 40.6902922], [-73.9851041, 40.6905611], [-73.9853639, 40.6906666], [-73.9852794, 40.6921577], [-73.9843409, 40.6921213]]]]}}, {"type": "Feature", "properties": {"felt:feature": 47, "ed_label": "AD 52 ED 090", "elect_dist": "52090", "borough": "Brooklyn", "community_board": 2, "community_board_label": "Brooklyn CB2", "popup_title": "Brooklyn CB2 \u2014 AD 52 ED 090", "general_mayor": "ANDREW M. CUOMO beat CURTIS A. SLIWA, 2 to 1, 40.0% to 20.0%; total votes 5.", "general_mayor_winner": "Cuomo", "general_public_advocate": "GONZALO DURAN beat JUMAANE D. WILLIAMS, 2 to 2, 50.0% to 50.0%; total votes 4.", "general_public_advocate_winner": "Duran", "general_comptroller": "MARK D. LEVINE beat PETER KEFALAS, 3 to 1, 75.0% to 25.0%; total votes 4.", "general_comptroller_winner": "Levine", "question_1": "Disapprove beat Approve, 2 to 2, 50.0% to 50.0%; total votes 4.", "question_1_winner": "No-disapprove!", "question_2": "Disapprove beat Approve, 2 to 2, 50.0% to 50.0%; total votes 4.", "question_2_winner": "No-disapprove!", "question_3": "Disapprove beat Approve, 3 to 1, 75.0% to 25.0%; total votes 4.", "question_3_winner": "No-disapprove!", "question_4": "Disapprove beat Approve, 3 to 2, 60.0% to 40.0%; total votes 5.", "question_4_winner": "No-disapprove!", "question_5": "Disapprove beat Approve, 3 to 2, 60.0% to 40.0%; total votes 5.", "question_5_winner": "No-disapprove!", "question_6": "Disapprove beat Approve, 5 to 0, 100.0% to 0.0%; total votes 5.", "question_6_winner": "No-disapprove!", "dem_primary_mayor": "Adrienne E. Adams beat Scott M. Stringer, 1 to 1, 50.0% to 50.0%; total votes 2.", "dem_primary_mayor_winner": "Adams", "dem_primary_public_advocate": "Jumaane D. Williams beat NA, 2 to 0, 100.0% to 0.0%; total votes 2.", "dem_primary_public_advocate_winner": "Williams", "dem_primary_comptroller": "Justin Brannan beat Mark D. Levine, 1 to 1, 50.0% to 50.0%; total votes 2.", "dem_primary_comptroller_winner": "Brannan", "popup_summary": "Mayor: ANDREW M. CUOMO beat CURTIS A. SLIWA, 2 to 1, 40.0% to 20.0%; total votes 5. | Public Advocate: GONZALO DURAN beat JUMAANE D. WILLIAMS, 2 to 2, 50.0% to 50.0%; total votes 4. | City Comptroller: MARK D. LEVINE beat PETER KEFALAS, 3 to 1, 75.0% to 25.0%; total votes 4. | Question 1: Disapprove beat Approve, 2 to 2, 50.0% to 50.0%; total votes 4. | Question 2: Disapprove beat Approve, 2 to 2, 50.0% to 50.0%; total votes 4. | Question 3: Disapprove beat Approve, 3 to 1, 75.0% to 25.0%; total votes 4. | Question 4: Disapprove beat Approve, 3 to 2, 60.0% to 40.0%; total votes 5. | Question 5: Disapprove beat Approve, 3 to 2, 60.0% to 40.0%; total votes 5. | Question 6: Disapprove beat Approve, 5 to 0, 100.0% to 0.0%; total votes 5. | Dem Primary Mayor: Adrienne E. Adams beat Scott M. Stringer, 1 to 1, 50.0% to 50.0%; total votes 2. | Dem Primary Public Advocate: Jumaane D. Williams beat NA, 2 to 0, 100.0% to 0.0%; total votes 2. | Dem Primary Comptroller: Justin Brannan beat Mark D. Levine, 1 to 1, 50.0% to 50.0%; total votes 2.", "mayor_margin": 20.0, "q2_yes": 50.0, "q3_yes": 75.0, "q4_yes": 60.0}, "geometry": {"type": "MultiPolygon", "coordinates": [[[[-73.9889746, 40.6923055], [-73.9890762, 40.6923035], [-73.9893543, 40.6922979], [-73.9894711, 40.6922914], [-73.9906663, 40.6924972], [-73.9909719, 40.6925488], [-73.9908504, 40.6927983], [-73.990729, 40.6930477], [-73.990678, 40.6931718], [-73.9906219, 40.6933086], [-73.9905879, 40.6933914], [-73.9904529, 40.6937206], [-73.9904447, 40.6938283], [-73.9906661, 40.6945688], [-73.990606, 40.694572], [-73.99074, 40.6950317], [-73.9900911, 40.6950758], [-73.9900411, 40.6961568], [-73.9900379, 40.6962251], [-73.988889, 40.6962007], [-73.9888299, 40.6962018], [-73.9887644, 40.696198], [-73.9887643, 40.6961039], [-73.9888453, 40.6950215], [-73.9888612, 40.6947285], [-73.9888782, 40.6944136], [-73.9888814, 40.6943461], [-73.9889515, 40.6928497], [-73.9889721, 40.6924962], [-73.9889709, 40.6924372], [-73.9889746, 40.6923055]]]]}}, {"type": "Feature", "properties": {"felt:feature": 48, "ed_label": "AD 52 ED 098", "elect_dist": "52098", "borough": "Brooklyn", "community_board": 2, "community_board_label": "Brooklyn CB2", "popup_title": "Brooklyn CB2 \u2014 AD 52 ED 098", "general_mayor": "ANDREW M. CUOMO beat CURTIS A. SLIWA, 0 to 0, 0.0% to 0.0%; total votes 0.", "general_mayor_winner": "Cuomo", "general_public_advocate": "GONZALO DURAN beat JUMAANE D. WILLIAMS, 0 to 0, 0.0% to 0.0%; total votes 0.", "general_public_advocate_winner": "Duran", "general_comptroller": "ISMAEL MALAVE PEREZ beat MARK D. LEVINE, 0 to 0, 0.0% to 0.0%; total votes 0.", "general_comptroller_winner": "Perez", "question_1": "Disapprove beat Approve, 0 to 0, 0.0% to 0.0%; total votes 0.", "question_1_winner": "No-disapprove!", "question_2": "Disapprove beat Approve, 0 to 0, 0.0% to 0.0%; total votes 0.", "question_2_winner": "No-disapprove!", "question_3": "Disapprove beat Approve, 0 to 0, 0.0% to 0.0%; total votes 0.", "question_3_winner": "No-disapprove!", "question_4": "Disapprove beat Approve, 0 to 0, 0.0% to 0.0%; total votes 0.", "question_4_winner": "No-disapprove!", "question_5": "Disapprove beat Approve, 0 to 0, 0.0% to 0.0%; total votes 0.", "question_5_winner": "No-disapprove!", "question_6": "Disapprove beat Approve, 0 to 0, 0.0% to 0.0%; total votes 0.", "question_6_winner": "No-disapprove!", "dem_primary_mayor": "No results found", "dem_primary_mayor_winner": "No winner found", "dem_primary_public_advocate": "No results found", "dem_primary_public_advocate_winner": "No winner found", "dem_primary_comptroller": "No results found", "dem_primary_comptroller_winner": "No winner found", "popup_summary": "Mayor: ANDREW M. CUOMO beat CURTIS A. SLIWA, 0 to 0, 0.0% to 0.0%; total votes 0. | Public Advocate: GONZALO DURAN beat JUMAANE D. WILLIAMS, 0 to 0, 0.0% to 0.0%; total votes 0. | City Comptroller: ISMAEL MALAVE PEREZ beat MARK D. LEVINE, 0 to 0, 0.0% to 0.0%; total votes 0. | Question 1: Disapprove beat Approve, 0 to 0, 0.0% to 0.0%; total votes 0. | Question 2: Disapprove beat Approve, 0 to 0, 0.0% to 0.0%; total votes 0. | Question 3: Disapprove beat Approve, 0 to 0, 0.0% to 0.0%; total votes 0. | Question 4: Disapprove beat Approve, 0 to 0, 0.0% to 0.0%; total votes 0. | Question 5: Disapprove beat Approve, 0 to 0, 0.0% to 0.0%; total votes 0. | Question 6: Disapprove beat Approve, 0 to 0, 0.0% to 0.0%; total votes 0.", "mayor_margin": 0.0, "q2_yes": 0.0, "q3_yes": 0.0, "q4_yes": 0.0}, "geometry": {"type": "MultiPolygon", "coordinates": [[[[-73.9822735, 40.6975063], [-73.9831179, 40.697542], [-73.983058, 40.6982961], [-73.9822044, 40.6975034], [-73.9822735, 40.6975063]]]]}}, {"type": "Feature", "properties": {"felt:feature": 49, "ed_label": "AD 57 ED 001", "elect_dist": "57001", "borough": "Brooklyn", "community_board": 2, "community_board_label": "Brooklyn CB2", "popup_title": "Brooklyn CB2 \u2014 AD 57 ED 001", "general_mayor": "ZOHRAN KWAME MAMDANI beat ANDREW M. CUOMO, 182 to 97, 61.5% to 32.8%; total votes 296.", "general_mayor_winner": "Mamdani", "general_public_advocate": "JUMAANE D. WILLIAMS beat GONZALO DURAN, 239 to 30, 86.9% to 10.9%; total votes 275.", "general_public_advocate_winner": "Williams", "general_comptroller": "MARK D. LEVINE beat PETER KEFALAS, 222 to 25, 87.1% to 9.8%; total votes 255.", "general_comptroller_winner": "Levine", "question_1": "Disapprove beat Approve, 124 to 97, 56.1% to 43.9%; total votes 221.", "question_1_winner": "No-disapprove!", "question_2": "Approve beat Disapprove, 181 to 58, 75.7% to 24.3%; total votes 239.", "question_2_winner": "Yes-approve!", "question_3": "Approve beat Disapprove, 163 to 72, 69.4% to 30.6%; total votes 235.", "question_3_winner": "Yes-approve!", "question_4": "Approve beat Disapprove, 178 to 61, 74.5% to 25.5%; total votes 239.", "question_4_winner": "Yes-approve!", "question_5": "Approve beat Disapprove, 175 to 58, 75.1% to 24.9%; total votes 233.", "question_5_winner": "Yes-approve!", "question_6": "Approve beat Disapprove, 124 to 103, 54.6% to 45.4%; total votes 227.", "question_6_winner": "Yes-approve!", "dem_primary_mayor": "Andrew M. Cuomo beat Zohran Kwame Mamdani, 71 to 62, 43.0% to 37.6%; total votes 165.", "dem_primary_mayor_winner": "Cuomo", "dem_primary_public_advocate": "Jumaane D. Williams beat Jenifer Rajkumar, 122 to 20, 79.2% to 13.0%; total votes 154.", "dem_primary_public_advocate_winner": "Williams", "dem_primary_comptroller": "Mark D. Levine beat Justin Brannan, 57 to 36, 39.0% to 24.7%; total votes 146.", "dem_primary_comptroller_winner": "Levine", "popup_summary": "Mayor: ZOHRAN KWAME MAMDANI beat ANDREW M. CUOMO, 182 to 97, 61.5% to 32.8%; total votes 296. | Public Advocate: JUMAANE D. WILLIAMS beat GONZALO DURAN, 239 to 30, 86.9% to 10.9%; total votes 275. | City Comptroller: MARK D. LEVINE beat PETER KEFALAS, 222 to 25, 87.1% to 9.8%; total votes 255. | Question 1: Disapprove beat Approve, 124 to 97, 56.1% to 43.9%; total votes 221. | Question 2: Approve beat Disapprove, 181 to 58, 75.7% to 24.3%; total votes 239. | Question 3: Approve beat Disapprove, 163 to 72, 69.4% to 30.6%; total votes 235. | Question 4: Approve beat Disapprove, 178 to 61, 74.5% to 25.5%; total votes 239. | Question 5: Approve beat Disapprove, 175 to 58, 75.1% to 24.9%; total votes 233. | Question 6: Approve beat Disapprove, 124 to 103, 54.6% to 45.4%; total votes 227. | Dem Primary Mayor: Andrew M. Cuomo beat Zohran Kwame Mamdani, 71 to 62, 43.0% to 37.6%; total votes 165. | Dem Primary Public Advocate: Jumaane D. Williams beat Jenifer Rajkumar, 122 to 20, 79.2% to 13.0%; total votes 154. | Dem Primary Comptroller: Mark D. Levine beat Justin Brannan, 57 to 36, 39.0% to 24.7%; total votes 146.", "mayor_margin": 28.7, "q2_yes": 75.7, "q3_yes": 69.4, "q4_yes": 74.5}, "geometry": {"type": "MultiPolygon", "coordinates": [[[[-73.9819889, 40.7013221], [-73.9820429, 40.6998007], [-73.9820523, 40.6997471], [-73.982305, 40.6997541], [-73.9824067, 40.6997569], [-73.9825555, 40.6997611], [-73.9826463, 40.6997636], [-73.982739, 40.6997661], [-73.9828225, 40.6997684], [-73.9828968, 40.6997705], [-73.9829322, 40.6997715], [-73.9830205, 40.6997881], [-73.9835525, 40.6997903], [-73.9836767, 40.6997912], [-73.9838694, 40.6997909], [-73.9845324, 40.6998237], [-73.9845877, 40.6998698], [-73.9847514, 40.7000142], [-73.9848992, 40.7001602], [-73.9850565, 40.7003006], [-73.9852229, 40.7004349], [-73.9852922, 40.7004856], [-73.9854472, 40.7005929], [-73.9848279, 40.700577], [-73.9847975, 40.7009676], [-73.9847921, 40.7010378], [-73.9847609, 40.7014394], [-73.983519, 40.7013869], [-73.9833895, 40.7013815], [-73.9828502, 40.7013587], [-73.9827644, 40.701355], [-73.9826603, 40.7013506], [-73.9824576, 40.701342], [-73.9823698, 40.7013383], [-73.9819889, 40.7013221]]]]}}, {"type": "Feature", "properties": {"felt:feature": 50, "ed_label": "AD 57 ED 002", "elect_dist": "57002", "borough": "Brooklyn", "community_board": 2, "community_board_label": "Brooklyn CB2", "popup_title": "Brooklyn CB2 \u2014 AD 57 ED 002", "general_mayor": "ZOHRAN KWAME MAMDANI beat ANDREW M. CUOMO, 172 to 123, 55.5% to 39.7%; total votes 310.", "general_mayor_winner": "Mamdani", "general_public_advocate": "JUMAANE D. WILLIAMS beat GONZALO DURAN, 260 to 19, 92.2% to 6.7%; total votes 282.", "general_public_advocate_winner": "Williams", "general_comptroller": "MARK D. LEVINE beat PETER KEFALAS, 242 to 18, 90.0% to 6.7%; total votes 269.", "general_comptroller_winner": "Levine", "question_1": "Disapprove beat Approve, 135 to 110, 55.1% to 44.9%; total votes 245.", "question_1_winner": "No-disapprove!", "question_2": "Approve beat Disapprove, 192 to 63, 75.3% to 24.7%; total votes 255.", "question_2_winner": "Yes-approve!", "question_3": "Approve beat Disapprove, 174 to 83, 67.7% to 32.3%; total votes 257.", "question_3_winner": "Yes-approve!", "question_4": "Approve beat Disapprove, 187 to 76, 71.1% to 28.9%; total votes 263.", "question_4_winner": "Yes-approve!", "question_5": "Approve beat Disapprove, 182 to 78, 70.0% to 30.0%; total votes 260.", "question_5_winner": "Yes-approve!", "question_6": "Disapprove beat Approve, 135 to 119, 53.1% to 46.9%; total votes 254.", "question_6_winner": "No-disapprove!", "dem_primary_mayor": "Andrew M. Cuomo beat Zohran Kwame Mamdani, 94 to 46, 56.0% to 27.4%; total votes 168.", "dem_primary_mayor_winner": "Cuomo", "dem_primary_public_advocate": "Jumaane D. Williams beat Marty Dolan, 127 to 17, 81.4% to 10.9%; total votes 156.", "dem_primary_public_advocate_winner": "Williams", "dem_primary_comptroller": "Mark D. Levine beat Justin Brannan, 63 to 31, 41.4% to 20.4%; total votes 152.", "dem_primary_comptroller_winner": "Levine", "popup_summary": "Mayor: ZOHRAN KWAME MAMDANI beat ANDREW M. CUOMO, 172 to 123, 55.5% to 39.7%; total votes 310. | Public Advocate: JUMAANE D. WILLIAMS beat GONZALO DURAN, 260 to 19, 92.2% to 6.7%; total votes 282. | City Comptroller: MARK D. LEVINE beat PETER KEFALAS, 242 to 18, 90.0% to 6.7%; total votes 269. | Question 1: Disapprove beat Approve, 135 to 110, 55.1% to 44.9%; total votes 245. | Question 2: Approve beat Disapprove, 192 to 63, 75.3% to 24.7%; total votes 255. | Question 3: Approve beat Disapprove, 174 to 83, 67.7% to 32.3%; total votes 257. | Question 4: Approve beat Disapprove, 187 to 76, 71.1% to 28.9%; total votes 263. | Question 5: Approve beat Disapprove, 182 to 78, 70.0% to 30.0%; total votes 260. | Question 6: Disapprove beat Approve, 135 to 119, 53.1% to 46.9%; total votes 254. | Dem Primary Mayor: Andrew M. Cuomo beat Zohran Kwame Mamdani, 94 to 46, 56.0% to 27.4%; total votes 168. | Dem Primary Public Advocate: Jumaane D. Williams beat Marty Dolan, 127 to 17, 81.4% to 10.9%; total votes 156. | Dem Primary Comptroller: Mark D. Levine beat Justin Brannan, 63 to 31, 41.4% to 20.4%; total votes 152.", "mayor_margin": 15.8, "q2_yes": 75.3, "q3_yes": 67.7, "q4_yes": 71.1}, "geometry": {"type": "MultiPolygon", "coordinates": [[[[-73.9808444, 40.7012952], [-73.9807778, 40.7012475], [-73.9807156, 40.7011964], [-73.980658, 40.7011422], [-73.9806054, 40.7010852], [-73.9805579, 40.7010256], [-73.9805158, 40.7009637], [-73.9804793, 40.7008998], [-73.9804486, 40.7008342], [-73.9804237, 40.7007672], [-73.9804048, 40.700699], [-73.9804174, 40.7005177], [-73.9804408, 40.7001836], [-73.9804622, 40.6997032], [-73.9804808, 40.6993727], [-73.980486, 40.6992792], [-73.9805442, 40.6982465], [-73.9817893, 40.6983118], [-73.981896, 40.6983174], [-73.9821471, 40.6983305], [-73.982265, 40.6983367], [-73.9829719, 40.6983738], [-73.9830515, 40.6983779], [-73.9830462, 40.6984391], [-73.9829566, 40.6994856], [-73.982952, 40.6995395], [-73.9829365, 40.6997213], [-73.9829322, 40.6997715], [-73.9828968, 40.6997705], [-73.9828225, 40.6997684], [-73.982739, 40.6997661], [-73.9826463, 40.6997636], [-73.9825555, 40.6997611], [-73.9824067, 40.6997569], [-73.982305, 40.6997541], [-73.9820523, 40.6997471], [-73.9820429, 40.6998007], [-73.9819889, 40.7013221], [-73.9819068, 40.7013186], [-73.9818163, 40.7013147], [-73.9817093, 40.7013102], [-73.9808444, 40.7012952]]]]}}, {"type": "Feature", "properties": {"felt:feature": 51, "ed_label": "AD 57 ED 003", "elect_dist": "57003", "borough": "Brooklyn", "community_board": 2, "community_board_label": "Brooklyn CB2", "popup_title": "Brooklyn CB2 \u2014 AD 57 ED 003", "general_mayor": "ZOHRAN KWAME MAMDANI beat ANDREW M. CUOMO, 187 to 128, 55.3% to 37.9%; total votes 338.", "general_mayor_winner": "Mamdani", "general_public_advocate": "JUMAANE D. WILLIAMS beat GONZALO DURAN, 283 to 27, 91.0% to 8.7%; total votes 311.", "general_public_advocate_winner": "Williams", "general_comptroller": "MARK D. LEVINE beat PETER KEFALAS, 265 to 24, 88.6% to 8.0%; total votes 299.", "general_comptroller_winner": "Levine", "question_1": "Disapprove beat Approve, 150 to 126, 54.3% to 45.7%; total votes 276.", "question_1_winner": "No-disapprove!", "question_2": "Approve beat Disapprove, 236 to 52, 81.9% to 18.1%; total votes 288.", "question_2_winner": "Yes-approve!", "question_3": "Approve beat Disapprove, 201 to 78, 72.0% to 28.0%; total votes 279.", "question_3_winner": "Yes-approve!", "question_4": "Approve beat Disapprove, 225 to 57, 79.8% to 20.2%; total votes 282.", "question_4_winner": "Yes-approve!", "question_5": "Approve beat Disapprove, 199 to 75, 72.6% to 27.4%; total votes 274.", "question_5_winner": "Yes-approve!", "question_6": "Disapprove beat Approve, 138 to 137, 50.2% to 49.8%; total votes 275.", "question_6_winner": "No-disapprove!", "dem_primary_mayor": "Andrew M. Cuomo beat Zohran Kwame Mamdani, 75 to 50, 49.0% to 32.7%; total votes 153.", "dem_primary_mayor_winner": "Cuomo", "dem_primary_public_advocate": "Jumaane D. Williams beat Jenifer Rajkumar, 114 to 15, 79.7% to 10.5%; total votes 143.", "dem_primary_public_advocate_winner": "Williams", "dem_primary_comptroller": "Mark D. Levine beat Justin Brannan, 60 to 36, 43.2% to 25.9%; total votes 139.", "dem_primary_comptroller_winner": "Levine", "popup_summary": "Mayor: ZOHRAN KWAME MAMDANI beat ANDREW M. CUOMO, 187 to 128, 55.3% to 37.9%; total votes 338. | Public Advocate: JUMAANE D. WILLIAMS beat GONZALO DURAN, 283 to 27, 91.0% to 8.7%; total votes 311. | City Comptroller: MARK D. LEVINE beat PETER KEFALAS, 265 to 24, 88.6% to 8.0%; total votes 299. | Question 1: Disapprove beat Approve, 150 to 126, 54.3% to 45.7%; total votes 276. | Question 2: Approve beat Disapprove, 236 to 52, 81.9% to 18.1%; total votes 288. | Question 3: Approve beat Disapprove, 201 to 78, 72.0% to 28.0%; total votes 279. | Question 4: Approve beat Disapprove, 225 to 57, 79.8% to 20.2%; total votes 282. | Question 5: Approve beat Disapprove, 199 to 75, 72.6% to 27.4%; total votes 274. | Question 6: Disapprove beat Approve, 138 to 137, 50.2% to 49.8%; total votes 275. | Dem Primary Mayor: Andrew M. Cuomo beat Zohran Kwame Mamdani, 75 to 50, 49.0% to 32.7%; total votes 153. | Dem Primary Public Advocate: Jumaane D. Williams beat Jenifer Rajkumar, 114 to 15, 79.7% to 10.5%; total votes 143. | Dem Primary Comptroller: Mark D. Levine beat Justin Brannan, 60 to 36, 43.2% to 25.9%; total votes 139.", "mayor_margin": 17.4, "q2_yes": 81.9, "q3_yes": 72.0, "q4_yes": 79.8}, "geometry": {"type": "MultiPolygon", "coordinates": [[[[-73.9791672, 40.6934883], [-73.980113, 40.6935239], [-73.9809833, 40.6935566], [-73.9814715, 40.6935749], [-73.9815476, 40.6935778], [-73.9817532, 40.6935834], [-73.9822669, 40.6936048], [-73.9823499, 40.6936079], [-73.9824301, 40.6936062], [-73.9825109, 40.6936066], [-73.9825091, 40.693659], [-73.9824814, 40.6942269], [-73.9824535, 40.6947961], [-73.9824349, 40.6951669], [-73.9823952, 40.6958606], [-73.98239, 40.6959511], [-73.9822586, 40.695881], [-73.981386, 40.6958304], [-73.9811056, 40.6959061], [-73.9809712, 40.6959809], [-73.9808272, 40.6960464], [-73.9806754, 40.6961014], [-73.9805179, 40.6961452], [-73.9803568, 40.6961775], [-73.9803102, 40.695906], [-73.9802819, 40.6956321], [-73.9802537, 40.6954573], [-73.9802297, 40.695289], [-73.980158, 40.6948245], [-73.9801381, 40.6947101], [-73.9800979, 40.6945966], [-73.9800378, 40.6944872], [-73.9799589, 40.6943849], [-73.9798638, 40.6942923], [-73.9797554, 40.6942115], [-73.9796165, 40.6941156], [-73.9796164, 40.6941155], [-73.9796163, 40.6941154], [-73.9794907, 40.6940071], [-73.9794906, 40.694007], [-73.9794905, 40.6940069], [-73.9793809, 40.6938878], [-73.9792897, 40.69376], [-73.9792896, 40.6937599], [-73.9792895, 40.6937597], [-73.9792182, 40.693626], [-73.9792181, 40.6936258], [-73.979218, 40.6936257], [-73.9791672, 40.6934883]]]]}}, {"type": "Feature", "properties": {"felt:feature": 52, "ed_label": "AD 57 ED 004", "elect_dist": "57004", "borough": "Brooklyn", "community_board": 2, "community_board_label": "Brooklyn CB2", "popup_title": "Brooklyn CB2 \u2014 AD 57 ED 004", "general_mayor": "ZOHRAN KWAME MAMDANI beat ANDREW M. CUOMO, 177 to 131, 52.4% to 38.8%; total votes 338.", "general_mayor_winner": "Mamdani", "general_public_advocate": "JUMAANE D. WILLIAMS beat GONZALO DURAN, 275 to 26, 91.1% to 8.6%; total votes 302.", "general_public_advocate_winner": "Williams", "general_comptroller": "MARK D. LEVINE beat PETER KEFALAS, 254 to 20, 90.4% to 7.1%; total votes 281.", "general_comptroller_winner": "Levine", "question_1": "Approve beat Disapprove, 138 to 130, 51.5% to 48.5%; total votes 268.", "question_1_winner": "Yes-approve!", "question_2": "Approve beat Disapprove, 221 to 65, 77.3% to 22.7%; total votes 286.", "question_2_winner": "Yes-approve!", "question_3": "Approve beat Disapprove, 193 to 81, 70.4% to 29.6%; total votes 274.", "question_3_winner": "Yes-approve!", "question_4": "Approve beat Disapprove, 223 to 58, 79.4% to 20.6%; total votes 281.", "question_4_winner": "Yes-approve!", "question_5": "Approve beat Disapprove, 203 to 75, 73.0% to 27.0%; total votes 278.", "question_5_winner": "Yes-approve!", "question_6": "Approve beat Disapprove, 153 to 124, 55.2% to 44.8%; total votes 277.", "question_6_winner": "Yes-approve!", "dem_primary_mayor": "Andrew M. Cuomo beat Zohran Kwame Mamdani, 90 to 36, 58.4% to 23.4%; total votes 154.", "dem_primary_mayor_winner": "Cuomo", "dem_primary_public_advocate": "Jumaane D. Williams beat Jenifer Rajkumar, 112 to 24, 78.3% to 16.8%; total votes 143.", "dem_primary_public_advocate_winner": "Williams", "dem_primary_comptroller": "Mark D. Levine beat Justin Brannan, 69 to 36, 48.6% to 25.4%; total votes 142.", "dem_primary_comptroller_winner": "Levine", "popup_summary": "Mayor: ZOHRAN KWAME MAMDANI beat ANDREW M. CUOMO, 177 to 131, 52.4% to 38.8%; total votes 338. | Public Advocate: JUMAANE D. WILLIAMS beat GONZALO DURAN, 275 to 26, 91.1% to 8.6%; total votes 302. | City Comptroller: MARK D. LEVINE beat PETER KEFALAS, 254 to 20, 90.4% to 7.1%; total votes 281. | Question 1: Approve beat Disapprove, 138 to 130, 51.5% to 48.5%; total votes 268. | Question 2: Approve beat Disapprove, 221 to 65, 77.3% to 22.7%; total votes 286. | Question 3: Approve beat Disapprove, 193 to 81, 70.4% to 29.6%; total votes 274. | Question 4: Approve beat Disapprove, 223 to 58, 79.4% to 20.6%; total votes 281. | Question 5: Approve beat Disapprove, 203 to 75, 73.0% to 27.0%; total votes 278. | Question 6: Approve beat Disapprove, 153 to 124, 55.2% to 44.8%; total votes 277. | Dem Primary Mayor: Andrew M. Cuomo beat Zohran Kwame Mamdani, 90 to 36, 58.4% to 23.4%; total votes 154. | Dem Primary Public Advocate: Jumaane D. Williams beat Jenifer Rajkumar, 112 to 24, 78.3% to 16.8%; total votes 143. | Dem Primary Comptroller: Mark D. Levine beat Justin Brannan, 69 to 36, 48.6% to 25.4%; total votes 142.", "mayor_margin": 13.6, "q2_yes": 77.3, "q3_yes": 70.4, "q4_yes": 79.4}, "geometry": {"type": "MultiPolygon", "coordinates": [[[[-73.9785104, 40.6964425], [-73.9785149, 40.6963565], [-73.9785159, 40.6962947], [-73.9785208, 40.696229], [-73.9785263, 40.6961516], [-73.9788732, 40.6961593], [-73.9789509, 40.6954682], [-73.9787674, 40.695435], [-73.9786031, 40.6953541], [-73.9781724, 40.6953838], [-73.9780127, 40.6946306], [-73.978008, 40.6945655], [-73.9780057, 40.6945328], [-73.9780013, 40.6944726], [-73.9779974, 40.6944173], [-73.9779858, 40.6942563], [-73.9778713, 40.6936634], [-73.9778268, 40.6934381], [-73.9783926, 40.6934593], [-73.9791672, 40.6934883], [-73.979218, 40.6936257], [-73.9792181, 40.6936258], [-73.9792182, 40.693626], [-73.9792895, 40.6937597], [-73.9792896, 40.6937599], [-73.9792897, 40.69376], [-73.9793809, 40.6938878], [-73.9794905, 40.6940069], [-73.9794906, 40.694007], [-73.9794907, 40.6940071], [-73.9796163, 40.6941154], [-73.9796164, 40.6941155], [-73.9796165, 40.6941156], [-73.9797554, 40.6942115], [-73.9798638, 40.6942923], [-73.9799589, 40.6943849], [-73.9800378, 40.6944872], [-73.9800979, 40.6945966], [-73.9801381, 40.6947101], [-73.980158, 40.6948245], [-73.9802297, 40.695289], [-73.9802537, 40.6954573], [-73.9802819, 40.6956321], [-73.9803102, 40.695906], [-73.9803568, 40.6961775], [-73.9803706, 40.6962631], [-73.9803872, 40.6963829], [-73.9803956, 40.6964435], [-73.9804027, 40.6965021], [-73.9804096, 40.6965593], [-73.9794888, 40.6964832], [-73.9794468, 40.6964814], [-73.9785104, 40.6964425]]]]}}, {"type": "Feature", "properties": {"felt:feature": 53, "ed_label": "AD 57 ED 005", "elect_dist": "57005", "borough": "Brooklyn", "community_board": 2, "community_board_label": "Brooklyn CB2", "popup_title": "Brooklyn CB2 \u2014 AD 57 ED 005", "general_mayor": "ZOHRAN KWAME MAMDANI beat ANDREW M. CUOMO, 88 to 69, 53.3% to 41.8%; total votes 165.", "general_mayor_winner": "Mamdani", "general_public_advocate": "JUMAANE D. WILLIAMS beat GONZALO DURAN, 148 to 7, 94.3% to 4.5%; total votes 157.", "general_public_advocate_winner": "Williams", "general_comptroller": "MARK D. LEVINE beat PETER KEFALAS, 130 to 7, 91.5% to 4.9%; total votes 142.", "general_comptroller_winner": "Levine", "question_1": "Disapprove beat Approve, 73 to 54, 57.5% to 42.5%; total votes 127.", "question_1_winner": "No-disapprove!", "question_2": "Approve beat Disapprove, 100 to 42, 70.4% to 29.6%; total votes 142.", "question_2_winner": "Yes-approve!", "question_3": "Approve beat Disapprove, 91 to 49, 65.0% to 35.0%; total votes 140.", "question_3_winner": "Yes-approve!", "question_4": "Approve beat Disapprove, 102 to 38, 72.9% to 27.1%; total votes 140.", "question_4_winner": "Yes-approve!", "question_5": "Approve beat Disapprove, 90 to 46, 66.2% to 33.8%; total votes 136.", "question_5_winner": "Yes-approve!", "question_6": "Disapprove beat Approve, 73 to 65, 52.9% to 47.1%; total votes 138.", "question_6_winner": "No-disapprove!", "dem_primary_mayor": "Andrew M. Cuomo beat Zohran Kwame Mamdani, 37 to 16, 56.9% to 24.6%; total votes 65.", "dem_primary_mayor_winner": "Cuomo", "dem_primary_public_advocate": "Jumaane D. Williams beat Jenifer Rajkumar, 51 to 3, 89.5% to 5.3%; total votes 57.", "dem_primary_public_advocate_winner": "Williams", "dem_primary_comptroller": "Mark D. Levine beat Justin Brannan, 22 to 19, 37.9% to 32.8%; total votes 58.", "dem_primary_comptroller_winner": "Levine", "popup_summary": "Mayor: ZOHRAN KWAME MAMDANI beat ANDREW M. CUOMO, 88 to 69, 53.3% to 41.8%; total votes 165. | Public Advocate: JUMAANE D. WILLIAMS beat GONZALO DURAN, 148 to 7, 94.3% to 4.5%; total votes 157. | City Comptroller: MARK D. LEVINE beat PETER KEFALAS, 130 to 7, 91.5% to 4.9%; total votes 142. | Question 1: Disapprove beat Approve, 73 to 54, 57.5% to 42.5%; total votes 127. | Question 2: Approve beat Disapprove, 100 to 42, 70.4% to 29.6%; total votes 142. | Question 3: Approve beat Disapprove, 91 to 49, 65.0% to 35.0%; total votes 140. | Question 4: Approve beat Disapprove, 102 to 38, 72.9% to 27.1%; total votes 140. | Question 5: Approve beat Disapprove, 90 to 46, 66.2% to 33.8%; total votes 136. | Question 6: Disapprove beat Approve, 73 to 65, 52.9% to 47.1%; total votes 138. | Dem Primary Mayor: Andrew M. Cuomo beat Zohran Kwame Mamdani, 37 to 16, 56.9% to 24.6%; total votes 65. | Dem Primary Public Advocate: Jumaane D. Williams beat Jenifer Rajkumar, 51 to 3, 89.5% to 5.3%; total votes 57. | Dem Primary Comptroller: Mark D. Levine beat Justin Brannan, 22 to 19, 37.9% to 32.8%; total votes 58.", "mayor_margin": 11.5, "q2_yes": 70.4, "q3_yes": 65.0, "q4_yes": 72.9}, "geometry": {"type": "MultiPolygon", "coordinates": [[[[-73.9764337, 40.6963441], [-73.9764188, 40.6962622], [-73.9764067, 40.6961956], [-73.976394, 40.6961358], [-73.976366, 40.6960233], [-73.9763317, 40.6958202], [-73.9762507, 40.6954156], [-73.9762379, 40.6953514], [-73.9762182, 40.6952531], [-73.9761978, 40.6951512], [-73.9761258, 40.6947874], [-73.9761154, 40.6947345], [-73.9760515, 40.6944121], [-73.9760408, 40.6943585], [-73.9760302, 40.6943057], [-73.9759839, 40.6940743], [-73.9753279, 40.6942019], [-73.9749856, 40.6933287], [-73.9758482, 40.6933608], [-73.9764326, 40.6933837], [-73.9770839, 40.6934091], [-73.9772258, 40.6934147], [-73.9778268, 40.6934381], [-73.9778713, 40.6936634], [-73.9779858, 40.6942563], [-73.9779974, 40.6944173], [-73.9780013, 40.6944726], [-73.9780057, 40.6945328], [-73.978008, 40.6945655], [-73.9780127, 40.6946306], [-73.9781724, 40.6953838], [-73.9786031, 40.6953541], [-73.9787674, 40.695435], [-73.9789509, 40.6954682], [-73.9788732, 40.6961593], [-73.9785263, 40.6961516], [-73.9785208, 40.696229], [-73.9785159, 40.6962947], [-73.9785149, 40.6963565], [-73.9785104, 40.6964425], [-73.9776434, 40.6963991], [-73.9773895, 40.696386], [-73.9764337, 40.6963441]]]]}}, {"type": "Feature", "properties": {"felt:feature": 54, "ed_label": "AD 57 ED 006", "elect_dist": "57006", "borough": "Brooklyn", "community_board": 2, "community_board_label": "Brooklyn CB2", "popup_title": "Brooklyn CB2 \u2014 AD 57 ED 006", "general_mayor": "ZOHRAN KWAME MAMDANI beat ANDREW M. CUOMO, 128 to 92, 55.9% to 40.2%; total votes 229.", "general_mayor_winner": "Mamdani", "general_public_advocate": "JUMAANE D. WILLIAMS beat GONZALO DURAN, 197 to 12, 92.5% to 5.6%; total votes 213.", "general_public_advocate_winner": "Williams", "general_comptroller": "MARK D. LEVINE beat PETER KEFALAS, 182 to 11, 90.5% to 5.5%; total votes 201.", "general_comptroller_winner": "Levine", "question_1": "Disapprove beat Approve, 102 to 83, 55.1% to 44.9%; total votes 185.", "question_1_winner": "No-disapprove!", "question_2": "Approve beat Disapprove, 151 to 40, 79.1% to 20.9%; total votes 191.", "question_2_winner": "Yes-approve!", "question_3": "Approve beat Disapprove, 139 to 47, 74.7% to 25.3%; total votes 186.", "question_3_winner": "Yes-approve!", "question_4": "Approve beat Disapprove, 152 to 36, 80.9% to 19.1%; total votes 188.", "question_4_winner": "Yes-approve!", "question_5": "Approve beat Disapprove, 134 to 50, 72.8% to 27.2%; total votes 184.", "question_5_winner": "Yes-approve!", "question_6": "Approve beat Disapprove, 104 to 82, 55.9% to 44.1%; total votes 186.", "question_6_winner": "Yes-approve!", "dem_primary_mayor": "Andrew M. Cuomo beat Zohran Kwame Mamdani, 72 to 32, 58.1% to 25.8%; total votes 124.", "dem_primary_mayor_winner": "Cuomo", "dem_primary_public_advocate": "Jumaane D. Williams beat Jenifer Rajkumar, 100 to 11, 85.5% to 9.4%; total votes 117.", "dem_primary_public_advocate_winner": "Williams", "dem_primary_comptroller": "Mark D. Levine beat Justin Brannan, 46 to 23, 43.0% to 21.5%; total votes 107.", "dem_primary_comptroller_winner": "Levine", "popup_summary": "Mayor: ZOHRAN KWAME MAMDANI beat ANDREW M. CUOMO, 128 to 92, 55.9% to 40.2%; total votes 229. | Public Advocate: JUMAANE D. WILLIAMS beat GONZALO DURAN, 197 to 12, 92.5% to 5.6%; total votes 213. | City Comptroller: MARK D. LEVINE beat PETER KEFALAS, 182 to 11, 90.5% to 5.5%; total votes 201. | Question 1: Disapprove beat Approve, 102 to 83, 55.1% to 44.9%; total votes 185. | Question 2: Approve beat Disapprove, 151 to 40, 79.1% to 20.9%; total votes 191. | Question 3: Approve beat Disapprove, 139 to 47, 74.7% to 25.3%; total votes 186. | Question 4: Approve beat Disapprove, 152 to 36, 80.9% to 19.1%; total votes 188. | Question 5: Approve beat Disapprove, 134 to 50, 72.8% to 27.2%; total votes 184. | Question 6: Approve beat Disapprove, 104 to 82, 55.9% to 44.1%; total votes 186. | Dem Primary Mayor: Andrew M. Cuomo beat Zohran Kwame Mamdani, 72 to 32, 58.1% to 25.8%; total votes 124. | Dem Primary Public Advocate: Jumaane D. Williams beat Jenifer Rajkumar, 100 to 11, 85.5% to 9.4%; total votes 117. | Dem Primary Comptroller: Mark D. Levine beat Justin Brannan, 46 to 23, 43.0% to 21.5%; total votes 107.", "mayor_margin": 15.7, "q2_yes": 79.1, "q3_yes": 74.7, "q4_yes": 80.9}, "geometry": {"type": "MultiPolygon", "coordinates": [[[[-73.9731444, 40.6943275], [-73.9730813, 40.6939979], [-73.9730617, 40.6939032], [-73.9730362, 40.6937666], [-73.9730245, 40.6937023], [-73.9730135, 40.6936449], [-73.9729653, 40.6933112], [-73.9728619, 40.6932484], [-73.9733295, 40.693258], [-73.9735594, 40.6932623], [-73.9738547, 40.6932866], [-73.9742198, 40.6933002], [-73.9749856, 40.6933287], [-73.9753279, 40.6942019], [-73.9759839, 40.6940743], [-73.9760302, 40.6943057], [-73.9760408, 40.6943585], [-73.9760515, 40.6944121], [-73.9761154, 40.6947345], [-73.9761258, 40.6947874], [-73.9761978, 40.6951512], [-73.9759026, 40.6951804], [-73.9751261, 40.6951396], [-73.9744394, 40.6951418], [-73.9743414, 40.6942705], [-73.9739279, 40.6942324], [-73.9732118, 40.6943193], [-73.9731444, 40.6943275]]]]}}, {"type": "Feature", "properties": {"felt:feature": 55, "ed_label": "AD 57 ED 007", "elect_dist": "57007", "borough": "Brooklyn", "community_board": 2, "community_board_label": "Brooklyn CB2", "popup_title": "Brooklyn CB2 \u2014 AD 57 ED 007", "general_mayor": "ZOHRAN KWAME MAMDANI beat ANDREW M. CUOMO, 118 to 113, 48.2% to 46.1%; total votes 245.", "general_mayor_winner": "Mamdani", "general_public_advocate": "JUMAANE D. WILLIAMS beat GONZALO DURAN, 204 to 15, 91.1% to 6.7%; total votes 224.", "general_public_advocate_winner": "Williams", "general_comptroller": "MARK D. LEVINE beat PETER KEFALAS, 187 to 15, 87.0% to 7.0%; total votes 215.", "general_comptroller_winner": "Levine", "question_1": "Approve beat Disapprove, 100 to 87, 53.5% to 46.5%; total votes 187.", "question_1_winner": "Yes-approve!", "question_2": "Approve beat Disapprove, 154 to 47, 76.6% to 23.4%; total votes 201.", "question_2_winner": "Yes-approve!", "question_3": "Approve beat Disapprove, 125 to 66, 65.4% to 34.6%; total votes 191.", "question_3_winner": "Yes-approve!", "question_4": "Approve beat Disapprove, 150 to 50, 75.0% to 25.0%; total votes 200.", "question_4_winner": "Yes-approve!", "question_5": "Approve beat Disapprove, 143 to 50, 74.1% to 25.9%; total votes 193.", "question_5_winner": "Yes-approve!", "question_6": "Approve beat Disapprove, 114 to 82, 58.2% to 41.8%; total votes 196.", "question_6_winner": "Yes-approve!", "dem_primary_mayor": "Andrew M. Cuomo beat Zohran Kwame Mamdani, 67 to 20, 62.6% to 18.7%; total votes 107.", "dem_primary_mayor_winner": "Cuomo", "dem_primary_public_advocate": "Jumaane D. Williams beat Jenifer Rajkumar, 83 to 13, 82.2% to 12.9%; total votes 101.", "dem_primary_public_advocate_winner": "Williams", "dem_primary_comptroller": "Mark D. Levine beat Justin Brannan, 38 to 20, 40.4% to 21.3%; total votes 94.", "dem_primary_comptroller_winner": "Levine", "popup_summary": "Mayor: ZOHRAN KWAME MAMDANI beat ANDREW M. CUOMO, 118 to 113, 48.2% to 46.1%; total votes 245. | Public Advocate: JUMAANE D. WILLIAMS beat GONZALO DURAN, 204 to 15, 91.1% to 6.7%; total votes 224. | City Comptroller: MARK D. LEVINE beat PETER KEFALAS, 187 to 15, 87.0% to 7.0%; total votes 215. | Question 1: Approve beat Disapprove, 100 to 87, 53.5% to 46.5%; total votes 187. | Question 2: Approve beat Disapprove, 154 to 47, 76.6% to 23.4%; total votes 201. | Question 3: Approve beat Disapprove, 125 to 66, 65.4% to 34.6%; total votes 191. | Question 4: Approve beat Disapprove, 150 to 50, 75.0% to 25.0%; total votes 200. | Question 5: Approve beat Disapprove, 143 to 50, 74.1% to 25.9%; total votes 193. | Question 6: Approve beat Disapprove, 114 to 82, 58.2% to 41.8%; total votes 196. | Dem Primary Mayor: Andrew M. Cuomo beat Zohran Kwame Mamdani, 67 to 20, 62.6% to 18.7%; total votes 107. | Dem Primary Public Advocate: Jumaane D. Williams beat Jenifer Rajkumar, 83 to 13, 82.2% to 12.9%; total votes 101. | Dem Primary Comptroller: Mark D. Levine beat Justin Brannan, 38 to 20, 40.4% to 21.3%; total votes 94.", "mayor_margin": 2.1, "q2_yes": 76.6, "q3_yes": 65.4, "q4_yes": 75.0}, "geometry": {"type": "MultiPolygon", "coordinates": [[[[-73.9734634, 40.6962399], [-73.9734533, 40.6961417], [-73.9734389, 40.6960783], [-73.9734236, 40.6960115], [-73.9734077, 40.6959341], [-73.9734499, 40.6958878], [-73.9733444, 40.6953068], [-73.9733262, 40.6952236], [-73.9733079, 40.695141], [-73.9732024, 40.6946014], [-73.9731704, 40.6944466], [-73.9731444, 40.6943275], [-73.9732118, 40.6943193], [-73.9739279, 40.6942324], [-73.9743414, 40.6942705], [-73.9744394, 40.6951418], [-73.9751261, 40.6951396], [-73.9759026, 40.6951804], [-73.9761978, 40.6951512], [-73.9762182, 40.6952531], [-73.9762379, 40.6953514], [-73.9762507, 40.6954156], [-73.9763317, 40.6958202], [-73.976366, 40.6960233], [-73.976394, 40.6961358], [-73.9764067, 40.6961956], [-73.9764188, 40.6962622], [-73.9764337, 40.6963441], [-73.9754428, 40.6963025], [-73.9744517, 40.6962746], [-73.9734634, 40.6962399]]]]}}, {"type": "Feature", "properties": {"felt:feature": 56, "ed_label": "AD 57 ED 008", "elect_dist": "57008", "borough": "Brooklyn", "community_board": 2, "community_board_label": "Brooklyn CB2", "popup_title": "Brooklyn CB2 \u2014 AD 57 ED 008", "general_mayor": "ZOHRAN KWAME MAMDANI beat ANDREW M. CUOMO, 704 to 90, 85.9% to 11.0%; total votes 820.", "general_mayor_winner": "Mamdani", "general_public_advocate": "JUMAANE D. WILLIAMS beat GONZALO DURAN, 760 to 40, 94.2% to 5.0%; total votes 807.", "general_public_advocate_winner": "Williams", "general_comptroller": "MARK D. LEVINE beat PETER KEFALAS, 723 to 38, 92.8% to 4.9%; total votes 779.", "general_comptroller_winner": "Levine", "question_1": "Disapprove beat Approve, 414 to 360, 53.5% to 46.5%; total votes 774.", "question_1_winner": "No-disapprove!", "question_2": "Approve beat Disapprove, 562 to 230, 71.0% to 29.0%; total votes 792.", "question_2_winner": "Yes-approve!", "question_3": "Approve beat Disapprove, 520 to 260, 66.7% to 33.3%; total votes 780.", "question_3_winner": "Yes-approve!", "question_4": "Approve beat Disapprove, 522 to 265, 66.3% to 33.7%; total votes 787.", "question_4_winner": "Yes-approve!", "question_5": "Approve beat Disapprove, 683 to 102, 87.0% to 13.0%; total votes 785.", "question_5_winner": "Yes-approve!", "question_6": "Approve beat Disapprove, 409 to 371, 52.4% to 47.6%; total votes 780.", "question_6_winner": "Yes-approve!", "dem_primary_mayor": "Zohran Kwame Mamdani beat Brad Lander, 393 to 82, 72.4% to 15.1%; total votes 543.", "dem_primary_mayor_winner": "Mamdani", "dem_primary_public_advocate": "Jumaane D. Williams beat Jenifer Rajkumar, 439 to 41, 88.5% to 8.3%; total votes 496.", "dem_primary_public_advocate_winner": "Williams", "dem_primary_comptroller": "Justin Brannan beat Mark D. Levine, 291 to 135, 59.9% to 27.8%; total votes 486.", "dem_primary_comptroller_winner": "Brannan", "popup_summary": "Mayor: ZOHRAN KWAME MAMDANI beat ANDREW M. CUOMO, 704 to 90, 85.9% to 11.0%; total votes 820. | Public Advocate: JUMAANE D. WILLIAMS beat GONZALO DURAN, 760 to 40, 94.2% to 5.0%; total votes 807. | City Comptroller: MARK D. LEVINE beat PETER KEFALAS, 723 to 38, 92.8% to 4.9%; total votes 779. | Question 1: Disapprove beat Approve, 414 to 360, 53.5% to 46.5%; total votes 774. | Question 2: Approve beat Disapprove, 562 to 230, 71.0% to 29.0%; total votes 792. | Question 3: Approve beat Disapprove, 520 to 260, 66.7% to 33.3%; total votes 780. | Question 4: Approve beat Disapprove, 522 to 265, 66.3% to 33.7%; total votes 787. | Question 5: Approve beat Disapprove, 683 to 102, 87.0% to 13.0%; total votes 785. | Question 6: Approve beat Disapprove, 409 to 371, 52.4% to 47.6%; total votes 780. | Dem Primary Mayor: Zohran Kwame Mamdani beat Brad Lander, 393 to 82, 72.4% to 15.1%; total votes 543. | Dem Primary Public Advocate: Jumaane D. Williams beat Jenifer Rajkumar, 439 to 41, 88.5% to 8.3%; total votes 496. | Dem Primary Comptroller: Justin Brannan beat Mark D. Levine, 291 to 135, 59.9% to 27.8%; total votes 486.", "mayor_margin": 74.9, "q2_yes": 71.0, "q3_yes": 66.7, "q4_yes": 66.3}, "geometry": {"type": "MultiPolygon", "coordinates": [[[[-73.9693945, 40.6960804], [-73.9693786, 40.6959913], [-73.969372, 40.6959378], [-73.9693557, 40.6958547], [-73.969341, 40.6957684], [-73.9688099, 40.6931204], [-73.9698312, 40.6931342], [-73.9708593, 40.693172], [-73.9718726, 40.6932099], [-73.9728619, 40.6932484], [-73.9729653, 40.6933112], [-73.9730135, 40.6936449], [-73.9730245, 40.6937023], [-73.9730362, 40.6937666], [-73.9730617, 40.6939032], [-73.9730813, 40.6939979], [-73.9731444, 40.6943275], [-73.9731704, 40.6944466], [-73.9732024, 40.6946014], [-73.9733079, 40.695141], [-73.9733262, 40.6952236], [-73.9733444, 40.6953068], [-73.9734499, 40.6958878], [-73.9734077, 40.6959341], [-73.9734236, 40.6960115], [-73.9734389, 40.6960783], [-73.9734533, 40.6961417], [-73.9734634, 40.6962399], [-73.9724797, 40.6962062], [-73.97145, 40.6961653], [-73.9704299, 40.696117], [-73.9693945, 40.6960804]]]]}}, {"type": "Feature", "properties": {"felt:feature": 57, "ed_label": "AD 57 ED 009", "elect_dist": "57009", "borough": "Brooklyn", "community_board": 2, "community_board_label": "Brooklyn CB2", "popup_title": "Brooklyn CB2 \u2014 AD 57 ED 009", "general_mayor": "ZOHRAN KWAME MAMDANI beat ANDREW M. CUOMO, 588 to 74, 87.5% to 11.0%; total votes 672.", "general_mayor_winner": "Mamdani", "general_public_advocate": "JUMAANE D. WILLIAMS beat GONZALO DURAN, 616 to 28, 95.2% to 4.3%; total votes 647.", "general_public_advocate_winner": "Williams", "general_comptroller": "MARK D. LEVINE beat PETER KEFALAS, 585 to 24, 95.0% to 3.9%; total votes 616.", "general_comptroller_winner": "Levine", "question_1": "Disapprove beat Approve, 340 to 266, 56.1% to 43.9%; total votes 606.", "question_1_winner": "No-disapprove!", "question_2": "Approve beat Disapprove, 432 to 185, 70.0% to 30.0%; total votes 617.", "question_2_winner": "Yes-approve!", "question_3": "Approve beat Disapprove, 392 to 215, 64.6% to 35.4%; total votes 607.", "question_3_winner": "Yes-approve!", "question_4": "Approve beat Disapprove, 380 to 228, 62.5% to 37.5%; total votes 608.", "question_4_winner": "Yes-approve!", "question_5": "Approve beat Disapprove, 533 to 73, 88.0% to 12.0%; total votes 606.", "question_5_winner": "Yes-approve!", "question_6": "Approve beat Disapprove, 353 to 248, 58.7% to 41.3%; total votes 601.", "question_6_winner": "Yes-approve!", "dem_primary_mayor": "Zohran Kwame Mamdani beat Brad Lander, 307 to 68, 65.9% to 14.6%; total votes 466.", "dem_primary_mayor_winner": "Mamdani", "dem_primary_public_advocate": "Jumaane D. Williams beat Jenifer Rajkumar, 351 to 48, 83.8% to 11.5%; total votes 419.", "dem_primary_public_advocate_winner": "Williams", "dem_primary_comptroller": "Justin Brannan beat Mark D. Levine, 224 to 128, 54.0% to 30.8%; total votes 415.", "dem_primary_comptroller_winner": "Brannan", "popup_summary": "Mayor: ZOHRAN KWAME MAMDANI beat ANDREW M. CUOMO, 588 to 74, 87.5% to 11.0%; total votes 672. | Public Advocate: JUMAANE D. WILLIAMS beat GONZALO DURAN, 616 to 28, 95.2% to 4.3%; total votes 647. | City Comptroller: MARK D. LEVINE beat PETER KEFALAS, 585 to 24, 95.0% to 3.9%; total votes 616. | Question 1: Disapprove beat Approve, 340 to 266, 56.1% to 43.9%; total votes 606. | Question 2: Approve beat Disapprove, 432 to 185, 70.0% to 30.0%; total votes 617. | Question 3: Approve beat Disapprove, 392 to 215, 64.6% to 35.4%; total votes 607. | Question 4: Approve beat Disapprove, 380 to 228, 62.5% to 37.5%; total votes 608. | Question 5: Approve beat Disapprove, 533 to 73, 88.0% to 12.0%; total votes 606. | Question 6: Approve beat Disapprove, 353 to 248, 58.7% to 41.3%; total votes 601. | Dem Primary Mayor: Zohran Kwame Mamdani beat Brad Lander, 307 to 68, 65.9% to 14.6%; total votes 466. | Dem Primary Public Advocate: Jumaane D. Williams beat Jenifer Rajkumar, 351 to 48, 83.8% to 11.5%; total votes 419. | Dem Primary Comptroller: Justin Brannan beat Mark D. Levine, 224 to 128, 54.0% to 30.8%; total votes 415.", "mayor_margin": 76.5, "q2_yes": 70.0, "q3_yes": 64.6, "q4_yes": 62.5}, "geometry": {"type": "MultiPolygon", "coordinates": [[[[-73.9645131, 40.6959647], [-73.9644943, 40.6958913], [-73.964477, 40.6958116], [-73.9644479, 40.6955951], [-73.9640613, 40.6936672], [-73.9649928, 40.6935566], [-73.9655176, 40.693497], [-73.9656148, 40.6934859], [-73.9659303, 40.6934554], [-73.9668804, 40.6933417], [-73.9678436, 40.6932299], [-73.9688099, 40.6931204], [-73.969341, 40.6957684], [-73.9693557, 40.6958547], [-73.969372, 40.6959378], [-73.9693786, 40.6959913], [-73.9693945, 40.6960804], [-73.9684066, 40.6960365], [-73.9674136, 40.6959986], [-73.9664198, 40.6959641], [-73.9654672, 40.6959322], [-73.9653495, 40.6959429], [-73.9652324, 40.6959569], [-73.965116, 40.6959741], [-73.9650006, 40.6959945], [-73.9648862, 40.6960181], [-73.9647729, 40.6960448], [-73.9646611, 40.6960747], [-73.9645507, 40.6961076], [-73.9645273, 40.6960202], [-73.9645131, 40.6959647]]]]}}, {"type": "Feature", "properties": {"felt:feature": 58, "ed_label": "AD 57 ED 010", "elect_dist": "57010", "borough": "Brooklyn", "community_board": 2, "community_board_label": "Brooklyn CB2", "popup_title": "Brooklyn CB2 \u2014 AD 57 ED 010", "general_mayor": "ZOHRAN KWAME MAMDANI beat ANDREW M. CUOMO, 875 to 163, 82.5% to 15.4%; total votes 1061.", "general_mayor_winner": "Mamdani", "general_public_advocate": "JUMAANE D. WILLIAMS beat GONZALO DURAN, 987 to 35, 95.7% to 3.4%; total votes 1031.", "general_public_advocate_winner": "Williams", "general_comptroller": "MARK D. LEVINE beat PETER KEFALAS, 925 to 36, 94.5% to 3.7%; total votes 979.", "general_comptroller_winner": "Levine", "question_1": "Disapprove beat Approve, 574 to 400, 58.9% to 41.1%; total votes 974.", "question_1_winner": "No-disapprove!", "question_2": "Approve beat Disapprove, 667 to 323, 67.4% to 32.6%; total votes 990.", "question_2_winner": "Yes-approve!", "question_3": "Approve beat Disapprove, 604 to 379, 61.4% to 38.6%; total votes 983.", "question_3_winner": "Yes-approve!", "question_4": "Approve beat Disapprove, 625 to 345, 64.4% to 35.6%; total votes 970.", "question_4_winner": "Yes-approve!", "question_5": "Approve beat Disapprove, 834 to 147, 85.0% to 15.0%; total votes 981.", "question_5_winner": "Yes-approve!", "question_6": "Approve beat Disapprove, 510 to 455, 52.9% to 47.1%; total votes 965.", "question_6_winner": "Yes-approve!", "dem_primary_mayor": "Zohran Kwame Mamdani beat Brad Lander, 433 to 111, 59.6% to 15.3%; total votes 727.", "dem_primary_mayor_winner": "Mamdani", "dem_primary_public_advocate": "Jumaane D. Williams beat Jenifer Rajkumar, 584 to 61, 87.3% to 9.1%; total votes 669.", "dem_primary_public_advocate_winner": "Williams", "dem_primary_comptroller": "Justin Brannan beat Mark D. Levine, 313 to 261, 47.8% to 39.8%; total votes 655.", "dem_primary_comptroller_winner": "Brannan", "popup_summary": "Mayor: ZOHRAN KWAME MAMDANI beat ANDREW M. CUOMO, 875 to 163, 82.5% to 15.4%; total votes 1061. | Public Advocate: JUMAANE D. WILLIAMS beat GONZALO DURAN, 987 to 35, 95.7% to 3.4%; total votes 1031. | City Comptroller: MARK D. LEVINE beat PETER KEFALAS, 925 to 36, 94.5% to 3.7%; total votes 979. | Question 1: Disapprove beat Approve, 574 to 400, 58.9% to 41.1%; total votes 974. | Question 2: Approve beat Disapprove, 667 to 323, 67.4% to 32.6%; total votes 990. | Question 3: Approve beat Disapprove, 604 to 379, 61.4% to 38.6%; total votes 983. | Question 4: Approve beat Disapprove, 625 to 345, 64.4% to 35.6%; total votes 970. | Question 5: Approve beat Disapprove, 834 to 147, 85.0% to 15.0%; total votes 981. | Question 6: Approve beat Disapprove, 510 to 455, 52.9% to 47.1%; total votes 965. | Dem Primary Mayor: Zohran Kwame Mamdani beat Brad Lander, 433 to 111, 59.6% to 15.3%; total votes 727. | Dem Primary Public Advocate: Jumaane D. Williams beat Jenifer Rajkumar, 584 to 61, 87.3% to 9.1%; total votes 669. | Dem Primary Comptroller: Justin Brannan beat Mark D. Levine, 313 to 261, 47.8% to 39.8%; total votes 655.", "mayor_margin": 67.1, "q2_yes": 67.4, "q3_yes": 61.4, "q4_yes": 64.4}, "geometry": {"type": "MultiPolygon", "coordinates": [[[[-73.9607386, 40.6924239], [-73.9618991, 40.6923007], [-73.9628089, 40.6922009], [-73.9637495, 40.6920888], [-73.9646831, 40.6919811], [-73.9655999, 40.6918711], [-73.9659303, 40.6934554], [-73.9656148, 40.6934859], [-73.9655176, 40.693497], [-73.9649928, 40.6935566], [-73.9640613, 40.6936672], [-73.9644479, 40.6955951], [-73.964477, 40.6958116], [-73.9644943, 40.6958913], [-73.9645131, 40.6959647], [-73.9643522, 40.6959312], [-73.9641779, 40.6959017], [-73.9639165, 40.6959128], [-73.96383, 40.6959165], [-73.9637443, 40.695926], [-73.9636601, 40.6959414], [-73.9635781, 40.6959625], [-73.9634269, 40.6959997], [-73.9632733, 40.6960306], [-73.9631176, 40.6960549], [-73.9629604, 40.6960727], [-73.9628022, 40.6960838], [-73.9626434, 40.6960882], [-73.9615856, 40.6962075], [-73.9610926, 40.6940105], [-73.9607386, 40.6924239]]]]}}, {"type": "Feature", "properties": {"felt:feature": 59, "ed_label": "AD 57 ED 011", "elect_dist": "57011", "borough": "Brooklyn", "community_board": 2, "community_board_label": "Brooklyn CB2", "popup_title": "Brooklyn CB2 \u2014 AD 57 ED 011", "general_mayor": "ZOHRAN KWAME MAMDANI beat ANDREW M. CUOMO, 700 to 162, 78.8% to 18.2%; total votes 888.", "general_mayor_winner": "Mamdani", "general_public_advocate": "JUMAANE D. WILLIAMS beat GONZALO DURAN, 822 to 23, 96.0% to 2.7%; total votes 856.", "general_public_advocate_winner": "Williams", "general_comptroller": "MARK D. LEVINE beat PETER KEFALAS, 798 to 22, 95.9% to 2.6%; total votes 832.", "general_comptroller_winner": "Levine", "question_1": "Disapprove beat Approve, 445 to 378, 54.1% to 45.9%; total votes 823.", "question_1_winner": "No-disapprove!", "question_2": "Approve beat Disapprove, 577 to 267, 68.4% to 31.6%; total votes 844.", "question_2_winner": "Yes-approve!", "question_3": "Approve beat Disapprove, 542 to 298, 64.5% to 35.5%; total votes 840.", "question_3_winner": "Yes-approve!", "question_4": "Approve beat Disapprove, 530 to 299, 63.9% to 36.1%; total votes 829.", "question_4_winner": "Yes-approve!", "question_5": "Approve beat Disapprove, 716 to 112, 86.5% to 13.5%; total votes 828.", "question_5_winner": "Yes-approve!", "question_6": "Approve beat Disapprove, 435 to 395, 52.4% to 47.6%; total votes 830.", "question_6_winner": "Yes-approve!", "dem_primary_mayor": "Zohran Kwame Mamdani beat Brad Lander, 361 to 154, 52.3% to 22.3%; total votes 690.", "dem_primary_mayor_winner": "Mamdani", "dem_primary_public_advocate": "Jumaane D. Williams beat Jenifer Rajkumar, 555 to 58, 87.0% to 9.1%; total votes 638.", "dem_primary_public_advocate_winner": "Williams", "dem_primary_comptroller": "Justin Brannan beat Mark D. Levine, 313 to 243, 50.6% to 39.3%; total votes 618.", "dem_primary_comptroller_winner": "Brannan", "popup_summary": "Mayor: ZOHRAN KWAME MAMDANI beat ANDREW M. CUOMO, 700 to 162, 78.8% to 18.2%; total votes 888. | Public Advocate: JUMAANE D. WILLIAMS beat GONZALO DURAN, 822 to 23, 96.0% to 2.7%; total votes 856. | City Comptroller: MARK D. LEVINE beat PETER KEFALAS, 798 to 22, 95.9% to 2.6%; total votes 832. | Question 1: Disapprove beat Approve, 445 to 378, 54.1% to 45.9%; total votes 823. | Question 2: Approve beat Disapprove, 577 to 267, 68.4% to 31.6%; total votes 844. | Question 3: Approve beat Disapprove, 542 to 298, 64.5% to 35.5%; total votes 840. | Question 4: Approve beat Disapprove, 530 to 299, 63.9% to 36.1%; total votes 829. | Question 5: Approve beat Disapprove, 716 to 112, 86.5% to 13.5%; total votes 828. | Question 6: Approve beat Disapprove, 435 to 395, 52.4% to 47.6%; total votes 830. | Dem Primary Mayor: Zohran Kwame Mamdani beat Brad Lander, 361 to 154, 52.3% to 22.3%; total votes 690. | Dem Primary Public Advocate: Jumaane D. Williams beat Jenifer Rajkumar, 555 to 58, 87.0% to 9.1%; total votes 638. | Dem Primary Comptroller: Justin Brannan beat Mark D. Levine, 313 to 243, 50.6% to 39.3%; total votes 618.", "mayor_margin": 60.6, "q2_yes": 68.4, "q3_yes": 64.5, "q4_yes": 63.9}, "geometry": {"type": "MultiPolygon", "coordinates": [[[[-73.9655999, 40.6918711], [-73.9665663, 40.6917557], [-73.9675312, 40.6916438], [-73.9684927, 40.6915448], [-73.9686468, 40.6923019], [-73.9688099, 40.6931204], [-73.9678436, 40.6932299], [-73.9668804, 40.6933417], [-73.9659303, 40.6934554], [-73.9655999, 40.6918711]]]]}}, {"type": "Feature", "properties": {"felt:feature": 60, "ed_label": "AD 57 ED 012", "elect_dist": "57012", "borough": "Brooklyn", "community_board": 2, "community_board_label": "Brooklyn CB2", "popup_title": "Brooklyn CB2 \u2014 AD 57 ED 012", "general_mayor": "ZOHRAN KWAME MAMDANI beat ANDREW M. CUOMO, 43.1 to 26.3, 61.0% to 37.2%; total votes 70.7.", "general_mayor_winner": "Mamdani", "general_public_advocate": "JUMAANE D. WILLIAMS beat GONZALO DURAN, 54.8 to 6.5, 88.5% to 10.5%; total votes 61.9.", "general_public_advocate_winner": "Williams", "general_comptroller": "MARK D. LEVINE beat PETER KEFALAS, 51.9 to 5.5, 88.4% to 9.4%; total votes 58.7.", "general_comptroller_winner": "Levine", "question_1": "Disapprove beat Approve, 30.2 to 25, 54.7% to 45.3%; total votes 55.1.", "question_1_winner": "No-disapprove!", "question_2": "Approve beat Disapprove, 36.6 to 19.8, 64.9% to 35.1%; total votes 56.4.", "question_2_winner": "Yes-approve!", "question_3": "Approve beat Disapprove, 31.1 to 23, 57.5% to 42.5%; total votes 54.2.", "question_3_winner": "Yes-approve!", "question_4": "Approve beat Disapprove, 31.5 to 23.4, 57.4% to 42.6%; total votes 54.8.", "question_4_winner": "Yes-approve!", "question_5": "Approve beat Disapprove, 43.1 to 9.1, 82.6% to 17.4%; total votes 52.2.", "question_5_winner": "Yes-approve!", "question_6": "Disapprove beat Approve, 26.9 to 25.9, 50.9% to 49.1%; total votes 52.9.", "question_6_winner": "No-disapprove!", "dem_primary_mayor": "Zohran Kwame Mamdani beat Andrew M. Cuomo, 27.9 to 14.3, 58.1% to 29.7%; total votes 48.", "dem_primary_mayor_winner": "Mamdani", "dem_primary_public_advocate": "Jumaane D. Williams beat Jenifer Rajkumar, 31.8 to 4.5, 84.5% to 12.1%; total votes 37.6.", "dem_primary_public_advocate_winner": "Williams", "dem_primary_comptroller": "Justin Brannan beat Mark D. Levine, 23.4 to 14.3, 52.9% to 32.4%; total votes 44.1.", "dem_primary_comptroller_winner": "Brannan", "popup_summary": "Mayor: ZOHRAN KWAME MAMDANI beat ANDREW M. CUOMO, 43.1 to 26.3, 61.0% to 37.2%; total votes 70.7. | Public Advocate: JUMAANE D. WILLIAMS beat GONZALO DURAN, 54.8 to 6.5, 88.5% to 10.5%; total votes 61.9. | City Comptroller: MARK D. LEVINE beat PETER KEFALAS, 51.9 to 5.5, 88.4% to 9.4%; total votes 58.7. | Question 1: Disapprove beat Approve, 30.2 to 25, 54.7% to 45.3%; total votes 55.1. | Question 2: Approve beat Disapprove, 36.6 to 19.8, 64.9% to 35.1%; total votes 56.4. | Question 3: Approve beat Disapprove, 31.1 to 23, 57.5% to 42.5%; total votes 54.2. | Question 4: Approve beat Disapprove, 31.5 to 23.4, 57.4% to 42.6%; total votes 54.8. | Question 5: Approve beat Disapprove, 43.1 to 9.1, 82.6% to 17.4%; total votes 52.2. | Question 6: Disapprove beat Approve, 26.9 to 25.9, 50.9% to 49.1%; total votes 52.9. | Dem Primary Mayor: Zohran Kwame Mamdani beat Andrew M. Cuomo, 27.9 to 14.3, 58.1% to 29.7%; total votes 48. | Dem Primary Public Advocate: Jumaane D. Williams beat Jenifer Rajkumar, 31.8 to 4.5, 84.5% to 12.1%; total votes 37.6. | Dem Primary Comptroller: Justin Brannan beat Mark D. Levine, 23.4 to 14.3, 52.9% to 32.4%; total votes 44.1.", "mayor_margin": 23.8, "q2_yes": 64.9, "q3_yes": 57.5, "q4_yes": 57.4}, "geometry": {"type": "MultiPolygon", "coordinates": [[[[-73.9593105, 40.6942151], [-73.9589936, 40.6926278], [-73.9598434, 40.6925305], [-73.9607386, 40.6924239], [-73.9610926, 40.6940105], [-73.9615856, 40.6962075], [-73.9626434, 40.6960882], [-73.9628022, 40.6960838], [-73.9629604, 40.6960727], [-73.9631176, 40.6960549], [-73.9632733, 40.6960306], [-73.9634269, 40.6959997], [-73.9635781, 40.6959625], [-73.9636601, 40.6959414], [-73.9637443, 40.695926], [-73.96383, 40.6959165], [-73.9639165, 40.6959128], [-73.9641779, 40.6959017], [-73.9643522, 40.6959312], [-73.9645131, 40.6959647], [-73.9645273, 40.6960202], [-73.9645507, 40.6961076], [-73.964348, 40.6961838], [-73.9641542, 40.6962745], [-73.9639719, 40.6963787], [-73.9638034, 40.696495], [-73.9636507, 40.6966219], [-73.9634752, 40.6968007], [-73.9633164, 40.6969897], [-73.9631758, 40.6971876], [-73.9630548, 40.6973929], [-73.9629542, 40.6976037], [-73.9628822, 40.697827], [-73.9628396, 40.6980387], [-73.962483, 40.6980954], [-73.9623977, 40.6981089], [-73.962359, 40.6981151], [-73.9623307, 40.6981196], [-73.9618984, 40.6981883], [-73.961051, 40.6983261], [-73.9609254, 40.6977365], [-73.9606206, 40.6963201], [-73.9601585, 40.6941173], [-73.9593105, 40.6942151]]]]}}, {"type": "Feature", "properties": {"felt:feature": 61, "ed_label": "AD 57 ED 015", "elect_dist": "57015", "borough": "Brooklyn", "community_board": 2, "community_board_label": "Brooklyn CB2", "popup_title": "Brooklyn CB2 \u2014 AD 57 ED 015", "general_mayor": "ZOHRAN KWAME MAMDANI beat ANDREW M. CUOMO, 505 to 170, 72.9% to 24.5%; total votes 693.", "general_mayor_winner": "Mamdani", "general_public_advocate": "JUMAANE D. WILLIAMS beat GONZALO DURAN, 611 to 53, 90.1% to 7.8%; total votes 678.", "general_public_advocate_winner": "Williams", "general_comptroller": "MARK D. LEVINE beat PETER KEFALAS, 593 to 53, 89.8% to 8.0%; total votes 660.", "general_comptroller_winner": "Levine", "question_1": "Disapprove beat Approve, 349 to 296, 54.1% to 45.9%; total votes 645.", "question_1_winner": "No-disapprove!", "question_2": "Approve beat Disapprove, 446 to 213, 67.7% to 32.3%; total votes 659.", "question_2_winner": "Yes-approve!", "question_3": "Approve beat Disapprove, 436 to 223, 66.2% to 33.8%; total votes 659.", "question_3_winner": "Yes-approve!", "question_4": "Approve beat Disapprove, 433 to 219, 66.4% to 33.6%; total votes 652.", "question_4_winner": "Yes-approve!", "question_5": "Approve beat Disapprove, 569 to 84, 87.1% to 12.9%; total votes 653.", "question_5_winner": "Yes-approve!", "question_6": "Approve beat Disapprove, 348 to 297, 54.0% to 46.0%; total votes 645.", "question_6_winner": "Yes-approve!", "dem_primary_mayor": "Zohran Kwame Mamdani beat Andrew M. Cuomo, 267 to 97, 53.1% to 19.3%; total votes 503.", "dem_primary_mayor_winner": "Mamdani", "dem_primary_public_advocate": "Jumaane D. Williams beat Jenifer Rajkumar, 386 to 65, 80.1% to 13.5%; total votes 482.", "dem_primary_public_advocate_winner": "Williams", "dem_primary_comptroller": "Justin Brannan beat Mark D. Levine, 224 to 193, 46.6% to 40.1%; total votes 481.", "dem_primary_comptroller_winner": "Brannan", "popup_summary": "Mayor: ZOHRAN KWAME MAMDANI beat ANDREW M. CUOMO, 505 to 170, 72.9% to 24.5%; total votes 693. | Public Advocate: JUMAANE D. WILLIAMS beat GONZALO DURAN, 611 to 53, 90.1% to 7.8%; total votes 678. | City Comptroller: MARK D. LEVINE beat PETER KEFALAS, 593 to 53, 89.8% to 8.0%; total votes 660. | Question 1: Disapprove beat Approve, 349 to 296, 54.1% to 45.9%; total votes 645. | Question 2: Approve beat Disapprove, 446 to 213, 67.7% to 32.3%; total votes 659. | Question 3: Approve beat Disapprove, 436 to 223, 66.2% to 33.8%; total votes 659. | Question 4: Approve beat Disapprove, 433 to 219, 66.4% to 33.6%; total votes 652. | Question 5: Approve beat Disapprove, 569 to 84, 87.1% to 12.9%; total votes 653. | Question 6: Approve beat Disapprove, 348 to 297, 54.0% to 46.0%; total votes 645. | Dem Primary Mayor: Zohran Kwame Mamdani beat Andrew M. Cuomo, 267 to 97, 53.1% to 19.3%; total votes 503. | Dem Primary Public Advocate: Jumaane D. Williams beat Jenifer Rajkumar, 386 to 65, 80.1% to 13.5%; total votes 482. | Dem Primary Comptroller: Justin Brannan beat Mark D. Levine, 224 to 193, 46.6% to 40.1%; total votes 481.", "mayor_margin": 48.4, "q2_yes": 67.7, "q3_yes": 66.2, "q4_yes": 66.4}, "geometry": {"type": "MultiPolygon", "coordinates": [[[[-73.9817532, 40.6935834], [-73.9817589, 40.6929552], [-73.9817753, 40.6924676], [-73.9805936, 40.6924267], [-73.9805649, 40.6930065], [-73.9790922, 40.6929541], [-73.9789472, 40.6919208], [-73.9814862, 40.6920139], [-73.9817903, 40.6920254], [-73.9824236, 40.6920493], [-73.9825668, 40.6922952], [-73.9825175, 40.6929774], [-73.9825116, 40.6935628], [-73.9825109, 40.6936066], [-73.9824301, 40.6936062], [-73.9823499, 40.6936079], [-73.9822669, 40.6936048], [-73.9817532, 40.6935834]]]]}}, {"type": "Feature", "properties": {"felt:feature": 62, "ed_label": "AD 57 ED 016", "elect_dist": "57016", "borough": "Brooklyn", "community_board": 2, "community_board_label": "Brooklyn CB2", "popup_title": "Brooklyn CB2 \u2014 AD 57 ED 016", "general_mayor": "ZOHRAN KWAME MAMDANI beat ANDREW M. CUOMO, 710 to 117, 82.2% to 13.5%; total votes 864.", "general_mayor_winner": "Mamdani", "general_public_advocate": "JUMAANE D. WILLIAMS beat GONZALO DURAN, 778 to 48, 92.8% to 5.7%; total votes 838.", "general_public_advocate_winner": "Williams", "general_comptroller": "MARK D. LEVINE beat PETER KEFALAS, 765 to 35, 93.3% to 4.3%; total votes 820.", "general_comptroller_winner": "Levine", "question_1": "Approve beat Disapprove, 415 to 374, 52.6% to 47.4%; total votes 789.", "question_1_winner": "Yes-approve!", "question_2": "Approve beat Disapprove, 563 to 246, 69.6% to 30.4%; total votes 809.", "question_2_winner": "Yes-approve!", "question_3": "Approve beat Disapprove, 544 to 255, 68.1% to 31.9%; total votes 799.", "question_3_winner": "Yes-approve!", "question_4": "Approve beat Disapprove, 536 to 253, 67.9% to 32.1%; total votes 789.", "question_4_winner": "Yes-approve!", "question_5": "Approve beat Disapprove, 706 to 88, 88.9% to 11.1%; total votes 794.", "question_5_winner": "Yes-approve!", "question_6": "Approve beat Disapprove, 463 to 321, 59.1% to 40.9%; total votes 784.", "question_6_winner": "Yes-approve!", "dem_primary_mayor": "Zohran Kwame Mamdani beat Brad Lander, 350 to 118, 59.7% to 20.1%; total votes 586.", "dem_primary_mayor_winner": "Mamdani", "dem_primary_public_advocate": "Jumaane D. Williams beat Jenifer Rajkumar, 446 to 75, 81.8% to 13.8%; total votes 545.", "dem_primary_public_advocate_winner": "Williams", "dem_primary_comptroller": "Justin Brannan beat Mark D. Levine, 260 to 205, 48.7% to 38.4%; total votes 534.", "dem_primary_comptroller_winner": "Brannan", "popup_summary": "Mayor: ZOHRAN KWAME MAMDANI beat ANDREW M. CUOMO, 710 to 117, 82.2% to 13.5%; total votes 864. | Public Advocate: JUMAANE D. WILLIAMS beat GONZALO DURAN, 778 to 48, 92.8% to 5.7%; total votes 838. | City Comptroller: MARK D. LEVINE beat PETER KEFALAS, 765 to 35, 93.3% to 4.3%; total votes 820. | Question 1: Approve beat Disapprove, 415 to 374, 52.6% to 47.4%; total votes 789. | Question 2: Approve beat Disapprove, 563 to 246, 69.6% to 30.4%; total votes 809. | Question 3: Approve beat Disapprove, 544 to 255, 68.1% to 31.9%; total votes 799. | Question 4: Approve beat Disapprove, 536 to 253, 67.9% to 32.1%; total votes 789. | Question 5: Approve beat Disapprove, 706 to 88, 88.9% to 11.1%; total votes 794. | Question 6: Approve beat Disapprove, 463 to 321, 59.1% to 40.9%; total votes 784. | Dem Primary Mayor: Zohran Kwame Mamdani beat Brad Lander, 350 to 118, 59.7% to 20.1%; total votes 586. | Dem Primary Public Advocate: Jumaane D. Williams beat Jenifer Rajkumar, 446 to 75, 81.8% to 13.8%; total votes 545. | Dem Primary Comptroller: Justin Brannan beat Mark D. Levine, 260 to 205, 48.7% to 38.4%; total votes 534.", "mayor_margin": 68.7, "q2_yes": 69.6, "q3_yes": 68.1, "q4_yes": 67.9}, "geometry": {"type": "MultiPolygon", "coordinates": [[[[-73.9791672, 40.6934883], [-73.9783926, 40.6934593], [-73.9778268, 40.6934381], [-73.977545, 40.6918964], [-73.9789472, 40.6919208], [-73.9790922, 40.6929541], [-73.9805649, 40.6930065], [-73.9805936, 40.6924267], [-73.9817753, 40.6924676], [-73.9817589, 40.6929552], [-73.9817532, 40.6935834], [-73.9815476, 40.6935778], [-73.9814715, 40.6935749], [-73.9809833, 40.6935566], [-73.980113, 40.6935239], [-73.9791672, 40.6934883]]]]}}, {"type": "Feature", "properties": {"felt:feature": 63, "ed_label": "AD 57 ED 017", "elect_dist": "57017", "borough": "Brooklyn", "community_board": 2, "community_board_label": "Brooklyn CB2", "popup_title": "Brooklyn CB2 \u2014 AD 57 ED 017", "general_mayor": "ZOHRAN KWAME MAMDANI beat ANDREW M. CUOMO, 813 to 136, 83.6% to 14.0%; total votes 972.", "general_mayor_winner": "Mamdani", "general_public_advocate": "JUMAANE D. WILLIAMS beat GONZALO DURAN, 880 to 50, 93.4% to 5.3%; total votes 942.", "general_public_advocate_winner": "Williams", "general_comptroller": "MARK D. LEVINE beat PETER KEFALAS, 858 to 49, 93.2% to 5.3%; total votes 921.", "general_comptroller_winner": "Levine", "question_1": "Disapprove beat Approve, 459 to 456, 50.2% to 49.8%; total votes 915.", "question_1_winner": "No-disapprove!", "question_2": "Approve beat Disapprove, 684 to 245, 73.6% to 26.4%; total votes 929.", "question_2_winner": "Yes-approve!", "question_3": "Approve beat Disapprove, 672 to 255, 72.5% to 27.5%; total votes 927.", "question_3_winner": "Yes-approve!", "question_4": "Approve beat Disapprove, 641 to 272, 70.2% to 29.8%; total votes 913.", "question_4_winner": "Yes-approve!", "question_5": "Approve beat Disapprove, 850 to 70, 92.4% to 7.6%; total votes 920.", "question_5_winner": "Yes-approve!", "question_6": "Approve beat Disapprove, 550 to 367, 60.0% to 40.0%; total votes 917.", "question_6_winner": "Yes-approve!", "dem_primary_mayor": "Zohran Kwame Mamdani beat Brad Lander, 341 to 122, 61.7% to 22.1%; total votes 553.", "dem_primary_mayor_winner": "Mamdani", "dem_primary_public_advocate": "Jumaane D. Williams beat Jenifer Rajkumar, 384 to 78, 79.0% to 16.0%; total votes 486.", "dem_primary_public_advocate_winner": "Williams", "dem_primary_comptroller": "Justin Brannan beat Mark D. Levine, 249 to 183, 49.7% to 36.5%; total votes 501.", "dem_primary_comptroller_winner": "Brannan", "popup_summary": "Mayor: ZOHRAN KWAME MAMDANI beat ANDREW M. CUOMO, 813 to 136, 83.6% to 14.0%; total votes 972. | Public Advocate: JUMAANE D. WILLIAMS beat GONZALO DURAN, 880 to 50, 93.4% to 5.3%; total votes 942. | City Comptroller: MARK D. LEVINE beat PETER KEFALAS, 858 to 49, 93.2% to 5.3%; total votes 921. | Question 1: Disapprove beat Approve, 459 to 456, 50.2% to 49.8%; total votes 915. | Question 2: Approve beat Disapprove, 684 to 245, 73.6% to 26.4%; total votes 929. | Question 3: Approve beat Disapprove, 672 to 255, 72.5% to 27.5%; total votes 927. | Question 4: Approve beat Disapprove, 641 to 272, 70.2% to 29.8%; total votes 913. | Question 5: Approve beat Disapprove, 850 to 70, 92.4% to 7.6%; total votes 920. | Question 6: Approve beat Disapprove, 550 to 367, 60.0% to 40.0%; total votes 917. | Dem Primary Mayor: Zohran Kwame Mamdani beat Brad Lander, 341 to 122, 61.7% to 22.1%; total votes 553. | Dem Primary Public Advocate: Jumaane D. Williams beat Jenifer Rajkumar, 384 to 78, 79.0% to 16.0%; total votes 486. | Dem Primary Comptroller: Justin Brannan beat Mark D. Levine, 249 to 183, 49.7% to 36.5%; total votes 501.", "mayor_margin": 69.6, "q2_yes": 73.6, "q3_yes": 72.5, "q4_yes": 70.2}, "geometry": {"type": "MultiPolygon", "coordinates": [[[[-73.9789472, 40.6919208], [-73.9786426, 40.689945], [-73.9786255, 40.6898389], [-73.9783512, 40.6878859], [-73.9788416, 40.6880812], [-73.9792854, 40.688254], [-73.9790659, 40.6867177], [-73.979363, 40.686682], [-73.9795904, 40.6870039], [-73.9798406, 40.6873443], [-73.9801276, 40.68775], [-73.9806497, 40.6884595], [-73.9806373, 40.688535], [-73.9807684, 40.6887523], [-73.9808338, 40.6888638], [-73.9808682, 40.6889289], [-73.9809948, 40.6891679], [-73.9813977, 40.6899287], [-73.981423, 40.6899858], [-73.9820622, 40.6913121], [-73.9817891, 40.6916449], [-73.9817903, 40.6920254], [-73.9814862, 40.6920139], [-73.9789472, 40.6919208]]]]}}, {"type": "Feature", "properties": {"felt:feature": 64, "ed_label": "AD 57 ED 018", "elect_dist": "57018", "borough": "Brooklyn", "community_board": 2, "community_board_label": "Brooklyn CB2", "popup_title": "Brooklyn CB2 \u2014 AD 57 ED 018", "general_mayor": "ZOHRAN KWAME MAMDANI beat ANDREW M. CUOMO, 315 to 91, 75.4% to 21.8%; total votes 418.", "general_mayor_winner": "Mamdani", "general_public_advocate": "JUMAANE D. WILLIAMS beat GONZALO DURAN, 372 to 31, 91.4% to 7.6%; total votes 407.", "general_public_advocate_winner": "Williams", "general_comptroller": "MARK D. LEVINE beat PETER KEFALAS, 360 to 34, 90.2% to 8.5%; total votes 399.", "general_comptroller_winner": "Levine", "question_1": "Approve beat Disapprove, 214 to 182, 54.0% to 46.0%; total votes 396.", "question_1_winner": "Yes-approve!", "question_2": "Approve beat Disapprove, 264 to 136, 66.0% to 34.0%; total votes 400.", "question_2_winner": "Yes-approve!", "question_3": "Approve beat Disapprove, 265 to 130, 67.1% to 32.9%; total votes 395.", "question_3_winner": "Yes-approve!", "question_4": "Approve beat Disapprove, 241 to 150, 61.6% to 38.4%; total votes 391.", "question_4_winner": "Yes-approve!", "question_5": "Approve beat Disapprove, 369 to 27, 93.2% to 6.8%; total votes 396.", "question_5_winner": "Yes-approve!", "question_6": "Approve beat Disapprove, 244 to 145, 62.7% to 37.3%; total votes 389.", "question_6_winner": "Yes-approve!", "dem_primary_mayor": "Zohran Kwame Mamdani beat Brad Lander, 136 to 82, 47.9% to 28.9%; total votes 284.", "dem_primary_mayor_winner": "Mamdani", "dem_primary_public_advocate": "Jumaane D. Williams beat Jenifer Rajkumar, 189 to 35, 77.5% to 14.3%; total votes 244.", "dem_primary_public_advocate_winner": "Williams", "dem_primary_comptroller": "Mark D. Levine beat Justin Brannan, 134 to 99, 52.3% to 38.7%; total votes 256.", "dem_primary_comptroller_winner": "Levine", "popup_summary": "Mayor: ZOHRAN KWAME MAMDANI beat ANDREW M. CUOMO, 315 to 91, 75.4% to 21.8%; total votes 418. | Public Advocate: JUMAANE D. WILLIAMS beat GONZALO DURAN, 372 to 31, 91.4% to 7.6%; total votes 407. | City Comptroller: MARK D. LEVINE beat PETER KEFALAS, 360 to 34, 90.2% to 8.5%; total votes 399. | Question 1: Approve beat Disapprove, 214 to 182, 54.0% to 46.0%; total votes 396. | Question 2: Approve beat Disapprove, 264 to 136, 66.0% to 34.0%; total votes 400. | Question 3: Approve beat Disapprove, 265 to 130, 67.1% to 32.9%; total votes 395. | Question 4: Approve beat Disapprove, 241 to 150, 61.6% to 38.4%; total votes 391. | Question 5: Approve beat Disapprove, 369 to 27, 93.2% to 6.8%; total votes 396. | Question 6: Approve beat Disapprove, 244 to 145, 62.7% to 37.3%; total votes 389. | Dem Primary Mayor: Zohran Kwame Mamdani beat Brad Lander, 136 to 82, 47.9% to 28.9%; total votes 284. | Dem Primary Public Advocate: Jumaane D. Williams beat Jenifer Rajkumar, 189 to 35, 77.5% to 14.3%; total votes 244. | Dem Primary Comptroller: Mark D. Levine beat Justin Brannan, 134 to 99, 52.3% to 38.7%; total votes 256.", "mayor_margin": 53.6, "q2_yes": 66.0, "q3_yes": 67.1, "q4_yes": 61.6}, "geometry": {"type": "MultiPolygon", "coordinates": [[[[-73.9770275, 40.6851927], [-73.9775855, 40.6851419], [-73.9779473, 40.6851103], [-73.9780773, 40.6849149], [-73.9782742, 40.685196], [-73.9783822, 40.68534], [-73.978994, 40.6861561], [-73.9790907, 40.6862939], [-73.979363, 40.686682], [-73.9790659, 40.6867177], [-73.9781981, 40.6868192], [-73.9773605, 40.6869079], [-73.977056, 40.6853398], [-73.9770275, 40.6851927]]]]}}, {"type": "Feature", "properties": {"felt:feature": 65, "ed_label": "AD 57 ED 019", "elect_dist": "57019", "borough": "Brooklyn", "community_board": 2, "community_board_label": "Brooklyn CB2", "popup_title": "Brooklyn CB2 \u2014 AD 57 ED 019", "general_mayor": "ZOHRAN KWAME MAMDANI beat ANDREW M. CUOMO, 584 to 78, 86.5% to 11.6%; total votes 675.", "general_mayor_winner": "Mamdani", "general_public_advocate": "JUMAANE D. WILLIAMS beat GONZALO DURAN, 629 to 26, 94.9% to 3.9%; total votes 663.", "general_public_advocate_winner": "Williams", "general_comptroller": "MARK D. LEVINE beat PETER KEFALAS, 611 to 26, 94.7% to 4.0%; total votes 645.", "general_comptroller_winner": "Levine", "question_1": "Approve beat Disapprove, 330 to 304, 52.0% to 48.0%; total votes 634.", "question_1_winner": "Yes-approve!", "question_2": "Approve beat Disapprove, 453 to 196, 69.8% to 30.2%; total votes 649.", "question_2_winner": "Yes-approve!", "question_3": "Approve beat Disapprove, 447 to 197, 69.4% to 30.6%; total votes 644.", "question_3_winner": "Yes-approve!", "question_4": "Approve beat Disapprove, 396 to 237, 62.6% to 37.4%; total votes 633.", "question_4_winner": "Yes-approve!", "question_5": "Approve beat Disapprove, 584 to 57, 91.1% to 8.9%; total votes 641.", "question_5_winner": "Yes-approve!", "question_6": "Approve beat Disapprove, 366 to 265, 58.0% to 42.0%; total votes 631.", "question_6_winner": "Yes-approve!", "dem_primary_mayor": "Zohran Kwame Mamdani beat Brad Lander, 300 to 139, 59.3% to 27.5%; total votes 506.", "dem_primary_mayor_winner": "Mamdani", "dem_primary_public_advocate": "Jumaane D. Williams beat Jenifer Rajkumar, 376 to 53, 84.9% to 12.0%; total votes 443.", "dem_primary_public_advocate_winner": "Williams", "dem_primary_comptroller": "Justin Brannan beat Mark D. Levine, 251 to 151, 57.3% to 34.5%; total votes 438.", "dem_primary_comptroller_winner": "Brannan", "popup_summary": "Mayor: ZOHRAN KWAME MAMDANI beat ANDREW M. CUOMO, 584 to 78, 86.5% to 11.6%; total votes 675. | Public Advocate: JUMAANE D. WILLIAMS beat GONZALO DURAN, 629 to 26, 94.9% to 3.9%; total votes 663. | City Comptroller: MARK D. LEVINE beat PETER KEFALAS, 611 to 26, 94.7% to 4.0%; total votes 645. | Question 1: Approve beat Disapprove, 330 to 304, 52.0% to 48.0%; total votes 634. | Question 2: Approve beat Disapprove, 453 to 196, 69.8% to 30.2%; total votes 649. | Question 3: Approve beat Disapprove, 447 to 197, 69.4% to 30.6%; total votes 644. | Question 4: Approve beat Disapprove, 396 to 237, 62.6% to 37.4%; total votes 633. | Question 5: Approve beat Disapprove, 584 to 57, 91.1% to 8.9%; total votes 641. | Question 6: Approve beat Disapprove, 366 to 265, 58.0% to 42.0%; total votes 631. | Dem Primary Mayor: Zohran Kwame Mamdani beat Brad Lander, 300 to 139, 59.3% to 27.5%; total votes 506. | Dem Primary Public Advocate: Jumaane D. Williams beat Jenifer Rajkumar, 376 to 53, 84.9% to 12.0%; total votes 443. | Dem Primary Comptroller: Justin Brannan beat Mark D. Levine, 251 to 151, 57.3% to 34.5%; total votes 438.", "mayor_margin": 74.9, "q2_yes": 69.8, "q3_yes": 69.4, "q4_yes": 62.6}, "geometry": {"type": "MultiPolygon", "coordinates": [[[[-73.9731264, 40.6896219], [-73.9730672, 40.6893246], [-73.9731884, 40.6893161], [-73.9735483, 40.6892725], [-73.9734579, 40.6888149], [-73.9735309, 40.688806], [-73.9735147, 40.6887237], [-73.9734417, 40.6887325], [-73.9732645, 40.6878347], [-73.9730852, 40.6878564], [-73.9730603, 40.6877306], [-73.9728781, 40.6877527], [-73.9727569, 40.6877645], [-73.9726875, 40.6874152], [-73.9736482, 40.6873026], [-73.9746166, 40.6871907], [-73.9751057, 40.6896975], [-73.9741091, 40.6896626], [-73.9731264, 40.6896219]]]]}}, {"type": "Feature", "properties": {"felt:feature": 66, "ed_label": "AD 57 ED 020", "elect_dist": "57020", "borough": "Brooklyn", "community_board": 2, "community_board_label": "Brooklyn CB2", "popup_title": "Brooklyn CB2 \u2014 AD 57 ED 020", "general_mayor": "ZOHRAN KWAME MAMDANI beat ANDREW M. CUOMO, 660 to 115, 83.2% to 14.5%; total votes 793.", "general_mayor_winner": "Mamdani", "general_public_advocate": "JUMAANE D. WILLIAMS beat GONZALO DURAN, 714 to 28, 94.6% to 3.7%; total votes 755.", "general_public_advocate_winner": "Williams", "general_comptroller": "MARK D. LEVINE beat PETER KEFALAS, 692 to 27, 95.1% to 3.7%; total votes 728.", "general_comptroller_winner": "Levine", "question_1": "Approve beat Disapprove, 390 to 333, 53.9% to 46.1%; total votes 723.", "question_1_winner": "Yes-approve!", "question_2": "Approve beat Disapprove, 494 to 243, 67.0% to 33.0%; total votes 737.", "question_2_winner": "Yes-approve!", "question_3": "Approve beat Disapprove, 493 to 234, 67.8% to 32.2%; total votes 727.", "question_3_winner": "Yes-approve!", "question_4": "Approve beat Disapprove, 460 to 255, 64.3% to 35.7%; total votes 715.", "question_4_winner": "Yes-approve!", "question_5": "Approve beat Disapprove, 651 to 74, 89.8% to 10.2%; total votes 725.", "question_5_winner": "Yes-approve!", "question_6": "Approve beat Disapprove, 416 to 301, 58.0% to 42.0%; total votes 717.", "question_6_winner": "Yes-approve!", "dem_primary_mayor": "Zohran Kwame Mamdani beat Brad Lander, 350 to 139, 58.5% to 23.2%; total votes 598.", "dem_primary_mayor_winner": "Mamdani", "dem_primary_public_advocate": "Jumaane D. Williams beat Jenifer Rajkumar, 465 to 54, 86.8% to 10.1%; total votes 536.", "dem_primary_public_advocate_winner": "Williams", "dem_primary_comptroller": "Justin Brannan beat Mark D. Levine, 295 to 168, 56.3% to 32.1%; total votes 524.", "dem_primary_comptroller_winner": "Brannan", "popup_summary": "Mayor: ZOHRAN KWAME MAMDANI beat ANDREW M. CUOMO, 660 to 115, 83.2% to 14.5%; total votes 793. | Public Advocate: JUMAANE D. WILLIAMS beat GONZALO DURAN, 714 to 28, 94.6% to 3.7%; total votes 755. | City Comptroller: MARK D. LEVINE beat PETER KEFALAS, 692 to 27, 95.1% to 3.7%; total votes 728. | Question 1: Approve beat Disapprove, 390 to 333, 53.9% to 46.1%; total votes 723. | Question 2: Approve beat Disapprove, 494 to 243, 67.0% to 33.0%; total votes 737. | Question 3: Approve beat Disapprove, 493 to 234, 67.8% to 32.2%; total votes 727. | Question 4: Approve beat Disapprove, 460 to 255, 64.3% to 35.7%; total votes 715. | Question 5: Approve beat Disapprove, 651 to 74, 89.8% to 10.2%; total votes 725. | Question 6: Approve beat Disapprove, 416 to 301, 58.0% to 42.0%; total votes 717. | Dem Primary Mayor: Zohran Kwame Mamdani beat Brad Lander, 350 to 139, 58.5% to 23.2%; total votes 598. | Dem Primary Public Advocate: Jumaane D. Williams beat Jenifer Rajkumar, 465 to 54, 86.8% to 10.1%; total votes 536. | Dem Primary Comptroller: Justin Brannan beat Mark D. Levine, 295 to 168, 56.3% to 32.1%; total votes 524.", "mayor_margin": 68.7, "q2_yes": 67.0, "q3_yes": 67.8, "q4_yes": 64.3}, "geometry": {"type": "MultiPolygon", "coordinates": [[[[-73.9701315, 40.6895063], [-73.9691036, 40.6894675], [-73.9688639, 40.6882638], [-73.9687849, 40.6878673], [-73.9684914, 40.6864029], [-73.9694894, 40.6862883], [-73.9704703, 40.6861746], [-73.9707637, 40.6876383], [-73.9717267, 40.687528], [-73.9726875, 40.6874152], [-73.9727569, 40.6877645], [-73.9728781, 40.6877527], [-73.9730603, 40.6877306], [-73.9730852, 40.6878564], [-73.9732645, 40.6878347], [-73.9734417, 40.6887325], [-73.9735147, 40.6887237], [-73.9735309, 40.688806], [-73.9734579, 40.6888149], [-73.9735483, 40.6892725], [-73.9731884, 40.6893161], [-73.9730672, 40.6893246], [-73.9731264, 40.6896219], [-73.9721359, 40.6895819], [-73.9711427, 40.6895438], [-73.9701315, 40.6895063]]]]}}, {"type": "Feature", "properties": {"felt:feature": 67, "ed_label": "AD 57 ED 021", "elect_dist": "57021", "borough": "Brooklyn", "community_board": 2, "community_board_label": "Brooklyn CB2", "popup_title": "Brooklyn CB2 \u2014 AD 57 ED 021", "general_mayor": "ZOHRAN KWAME MAMDANI beat ANDREW M. CUOMO, 655 to 109, 84.3% to 14.0%; total votes 777.", "general_mayor_winner": "Mamdani", "general_public_advocate": "JUMAANE D. WILLIAMS beat GONZALO DURAN, 722 to 31, 94.8% to 4.1%; total votes 762.", "general_public_advocate_winner": "Williams", "general_comptroller": "MARK D. LEVINE beat PETER KEFALAS, 691 to 31, 94.5% to 4.2%; total votes 731.", "general_comptroller_winner": "Levine", "question_1": "Approve beat Disapprove, 386 to 339, 53.2% to 46.8%; total votes 725.", "question_1_winner": "Yes-approve!", "question_2": "Approve beat Disapprove, 536 to 207, 72.1% to 27.9%; total votes 743.", "question_2_winner": "Yes-approve!", "question_3": "Approve beat Disapprove, 506 to 224, 69.3% to 30.7%; total votes 730.", "question_3_winner": "Yes-approve!", "question_4": "Approve beat Disapprove, 475 to 241, 66.3% to 33.7%; total votes 716.", "question_4_winner": "Yes-approve!", "question_5": "Approve beat Disapprove, 659 to 67, 90.8% to 9.2%; total votes 726.", "question_5_winner": "Yes-approve!", "question_6": "Approve beat Disapprove, 447 to 264, 62.9% to 37.1%; total votes 711.", "question_6_winner": "Yes-approve!", "dem_primary_mayor": "Zohran Kwame Mamdani beat Brad Lander, 327 to 118, 62.3% to 22.5%; total votes 525.", "dem_primary_mayor_winner": "Mamdani", "dem_primary_public_advocate": "Jumaane D. Williams beat Jenifer Rajkumar, 399 to 47, 86.2% to 10.2%; total votes 463.", "dem_primary_public_advocate_winner": "Williams", "dem_primary_comptroller": "Justin Brannan beat Mark D. Levine, 238 to 176, 53.1% to 39.3%; total votes 448.", "dem_primary_comptroller_winner": "Brannan", "popup_summary": "Mayor: ZOHRAN KWAME MAMDANI beat ANDREW M. CUOMO, 655 to 109, 84.3% to 14.0%; total votes 777. | Public Advocate: JUMAANE D. WILLIAMS beat GONZALO DURAN, 722 to 31, 94.8% to 4.1%; total votes 762. | City Comptroller: MARK D. LEVINE beat PETER KEFALAS, 691 to 31, 94.5% to 4.2%; total votes 731. | Question 1: Approve beat Disapprove, 386 to 339, 53.2% to 46.8%; total votes 725. | Question 2: Approve beat Disapprove, 536 to 207, 72.1% to 27.9%; total votes 743. | Question 3: Approve beat Disapprove, 506 to 224, 69.3% to 30.7%; total votes 730. | Question 4: Approve beat Disapprove, 475 to 241, 66.3% to 33.7%; total votes 716. | Question 5: Approve beat Disapprove, 659 to 67, 90.8% to 9.2%; total votes 726. | Question 6: Approve beat Disapprove, 447 to 264, 62.9% to 37.1%; total votes 711. | Dem Primary Mayor: Zohran Kwame Mamdani beat Brad Lander, 327 to 118, 62.3% to 22.5%; total votes 525. | Dem Primary Public Advocate: Jumaane D. Williams beat Jenifer Rajkumar, 399 to 47, 86.2% to 10.2%; total votes 463. | Dem Primary Comptroller: Justin Brannan beat Mark D. Levine, 238 to 176, 53.1% to 39.3%; total votes 448.", "mayor_margin": 70.3, "q2_yes": 72.1, "q3_yes": 69.3, "q4_yes": 66.3}, "geometry": {"type": "MultiPolygon", "coordinates": [[[[-73.9749856, 40.6933287], [-73.9742198, 40.6933002], [-73.9738547, 40.6932866], [-73.9735594, 40.6932623], [-73.9733295, 40.693258], [-73.9728619, 40.6932484], [-73.9718726, 40.6932099], [-73.9715597, 40.6916407], [-73.9705493, 40.6916019], [-73.9701315, 40.6895063], [-73.9711427, 40.6895438], [-73.9721359, 40.6895819], [-73.9731264, 40.6896219], [-73.9741091, 40.6896626], [-73.9751057, 40.6896975], [-73.976102, 40.6897365], [-73.977098, 40.6897729], [-73.9779394, 40.6898062], [-73.9786255, 40.6898389], [-73.9786426, 40.689945], [-73.9789472, 40.6919208], [-73.977545, 40.6918964], [-73.9778268, 40.6934381], [-73.9772258, 40.6934147], [-73.9770839, 40.6934091], [-73.9764326, 40.6933837], [-73.9758482, 40.6933608], [-73.9749856, 40.6933287]]]]}}, {"type": "Feature", "properties": {"felt:feature": 68, "ed_label": "AD 57 ED 022", "elect_dist": "57022", "borough": "Brooklyn", "community_board": 2, "community_board_label": "Brooklyn CB2", "popup_title": "Brooklyn CB2 \u2014 AD 57 ED 022", "general_mayor": "ZOHRAN KWAME MAMDANI beat ANDREW M. CUOMO, 738 to 123, 84.2% to 14.0%; total votes 877.", "general_mayor_winner": "Mamdani", "general_public_advocate": "JUMAANE D. WILLIAMS beat GONZALO DURAN, 818 to 31, 95.4% to 3.6%; total votes 857.", "general_public_advocate_winner": "Williams", "general_comptroller": "MARK D. LEVINE beat PETER KEFALAS, 794 to 30, 94.4% to 3.6%; total votes 841.", "general_comptroller_winner": "Levine", "question_1": "Disapprove beat Approve, 439 to 396, 52.6% to 47.4%; total votes 835.", "question_1_winner": "No-disapprove!", "question_2": "Approve beat Disapprove, 582 to 273, 68.1% to 31.9%; total votes 855.", "question_2_winner": "Yes-approve!", "question_3": "Approve beat Disapprove, 538 to 296, 64.5% to 35.5%; total votes 834.", "question_3_winner": "Yes-approve!", "question_4": "Approve beat Disapprove, 534 to 298, 64.2% to 35.8%; total votes 832.", "question_4_winner": "Yes-approve!", "question_5": "Approve beat Disapprove, 734 to 99, 88.1% to 11.9%; total votes 833.", "question_5_winner": "Yes-approve!", "question_6": "Approve beat Disapprove, 456 to 375, 54.9% to 45.1%; total votes 831.", "question_6_winner": "Yes-approve!", "dem_primary_mayor": "Zohran Kwame Mamdani beat Brad Lander, 430 to 132, 62.8% to 19.3%; total votes 685.", "dem_primary_mayor_winner": "Mamdani", "dem_primary_public_advocate": "Jumaane D. Williams beat Jenifer Rajkumar, 533 to 72, 84.1% to 11.4%; total votes 634.", "dem_primary_public_advocate_winner": "Williams", "dem_primary_comptroller": "Justin Brannan beat Mark D. Levine, 349 to 212, 56.0% to 34.0%; total votes 623.", "dem_primary_comptroller_winner": "Brannan", "popup_summary": "Mayor: ZOHRAN KWAME MAMDANI beat ANDREW M. CUOMO, 738 to 123, 84.2% to 14.0%; total votes 877. | Public Advocate: JUMAANE D. WILLIAMS beat GONZALO DURAN, 818 to 31, 95.4% to 3.6%; total votes 857. | City Comptroller: MARK D. LEVINE beat PETER KEFALAS, 794 to 30, 94.4% to 3.6%; total votes 841. | Question 1: Disapprove beat Approve, 439 to 396, 52.6% to 47.4%; total votes 835. | Question 2: Approve beat Disapprove, 582 to 273, 68.1% to 31.9%; total votes 855. | Question 3: Approve beat Disapprove, 538 to 296, 64.5% to 35.5%; total votes 834. | Question 4: Approve beat Disapprove, 534 to 298, 64.2% to 35.8%; total votes 832. | Question 5: Approve beat Disapprove, 734 to 99, 88.1% to 11.9%; total votes 833. | Question 6: Approve beat Disapprove, 456 to 375, 54.9% to 45.1%; total votes 831. | Dem Primary Mayor: Zohran Kwame Mamdani beat Brad Lander, 430 to 132, 62.8% to 19.3%; total votes 685. | Dem Primary Public Advocate: Jumaane D. Williams beat Jenifer Rajkumar, 533 to 72, 84.1% to 11.4%; total votes 634. | Dem Primary Comptroller: Justin Brannan beat Mark D. Levine, 349 to 212, 56.0% to 34.0%; total votes 623.", "mayor_margin": 70.2, "q2_yes": 68.1, "q3_yes": 64.5, "q4_yes": 64.2}, "geometry": {"type": "MultiPolygon", "coordinates": [[[[-73.9688099, 40.6931204], [-73.9686468, 40.6923019], [-73.9684927, 40.6915448], [-73.9695212, 40.6915636], [-73.9691036, 40.6894675], [-73.9701315, 40.6895063], [-73.9705493, 40.6916019], [-73.9715597, 40.6916407], [-73.9718726, 40.6932099], [-73.9708593, 40.693172], [-73.9698312, 40.6931342], [-73.9688099, 40.6931204]]]]}}, {"type": "Feature", "properties": {"felt:feature": 69, "ed_label": "AD 57 ED 023", "elect_dist": "57023", "borough": "Brooklyn", "community_board": 2, "community_board_label": "Brooklyn CB2", "popup_title": "Brooklyn CB2 \u2014 AD 57 ED 023", "general_mayor": "ZOHRAN KWAME MAMDANI beat ANDREW M. CUOMO, 832 to 97, 87.9% to 10.3%; total votes 946.", "general_mayor_winner": "Mamdani", "general_public_advocate": "JUMAANE D. WILLIAMS beat GONZALO DURAN, 870 to 28, 96.0% to 3.1%; total votes 906.", "general_public_advocate_winner": "Williams", "general_comptroller": "MARK D. LEVINE beat PETER KEFALAS, 830 to 30, 94.9% to 3.4%; total votes 875.", "general_comptroller_winner": "Levine", "question_1": "Disapprove beat Approve, 532 to 342, 60.9% to 39.1%; total votes 874.", "question_1_winner": "No-disapprove!", "question_2": "Approve beat Disapprove, 590 to 295, 66.7% to 33.3%; total votes 885.", "question_2_winner": "Yes-approve!", "question_3": "Approve beat Disapprove, 518 to 355, 59.3% to 40.7%; total votes 873.", "question_3_winner": "Yes-approve!", "question_4": "Approve beat Disapprove, 542 to 326, 62.4% to 37.6%; total votes 868.", "question_4_winner": "Yes-approve!", "question_5": "Approve beat Disapprove, 767 to 105, 88.0% to 12.0%; total votes 872.", "question_5_winner": "Yes-approve!", "question_6": "Approve beat Disapprove, 445 to 422, 51.3% to 48.7%; total votes 867.", "question_6_winner": "Yes-approve!", "dem_primary_mayor": "Zohran Kwame Mamdani beat Brad Lander, 360 to 85, 66.5% to 15.7%; total votes 541.", "dem_primary_mayor_winner": "Mamdani", "dem_primary_public_advocate": "Jumaane D. Williams beat Jenifer Rajkumar, 437 to 45, 87.4% to 9.0%; total votes 500.", "dem_primary_public_advocate_winner": "Williams", "dem_primary_comptroller": "Justin Brannan beat Mark D. Levine, 266 to 179, 53.3% to 35.9%; total votes 499.", "dem_primary_comptroller_winner": "Brannan", "popup_summary": "Mayor: ZOHRAN KWAME MAMDANI beat ANDREW M. CUOMO, 832 to 97, 87.9% to 10.3%; total votes 946. | Public Advocate: JUMAANE D. WILLIAMS beat GONZALO DURAN, 870 to 28, 96.0% to 3.1%; total votes 906. | City Comptroller: MARK D. LEVINE beat PETER KEFALAS, 830 to 30, 94.9% to 3.4%; total votes 875. | Question 1: Disapprove beat Approve, 532 to 342, 60.9% to 39.1%; total votes 874. | Question 2: Approve beat Disapprove, 590 to 295, 66.7% to 33.3%; total votes 885. | Question 3: Approve beat Disapprove, 518 to 355, 59.3% to 40.7%; total votes 873. | Question 4: Approve beat Disapprove, 542 to 326, 62.4% to 37.6%; total votes 868. | Question 5: Approve beat Disapprove, 767 to 105, 88.0% to 12.0%; total votes 872. | Question 6: Approve beat Disapprove, 445 to 422, 51.3% to 48.7%; total votes 867. | Dem Primary Mayor: Zohran Kwame Mamdani beat Brad Lander, 360 to 85, 66.5% to 15.7%; total votes 541. | Dem Primary Public Advocate: Jumaane D. Williams beat Jenifer Rajkumar, 437 to 45, 87.4% to 9.0%; total votes 500. | Dem Primary Comptroller: Justin Brannan beat Mark D. Levine, 266 to 179, 53.3% to 35.9%; total votes 499.", "mayor_margin": 77.6, "q2_yes": 66.7, "q3_yes": 59.3, "q4_yes": 62.4}, "geometry": {"type": "MultiPolygon", "coordinates": [[[[-73.9602928, 40.6903462], [-73.9622563, 40.6901217], [-73.9625096, 40.6900925], [-73.9633215, 40.689999], [-73.9642679, 40.6898893], [-73.9651877, 40.6897824], [-73.966135, 40.6896726], [-73.9671154, 40.6895611], [-73.9680779, 40.6894523], [-73.9691036, 40.6894675], [-73.9695212, 40.6915636], [-73.9684927, 40.6915448], [-73.9675312, 40.6916438], [-73.9665663, 40.6917557], [-73.9655999, 40.6918711], [-73.9646831, 40.6919811], [-73.9637495, 40.6920888], [-73.9628089, 40.6922009], [-73.9618991, 40.6923007], [-73.9607386, 40.6924239], [-73.9602928, 40.6903462]]]]}}, {"type": "Feature", "properties": {"felt:feature": 70, "ed_label": "AD 57 ED 026", "elect_dist": "57026", "borough": "Brooklyn", "community_board": 2, "community_board_label": "Brooklyn CB2", "popup_title": "Brooklyn CB2 \u2014 AD 57 ED 026", "general_mayor": "ZOHRAN KWAME MAMDANI beat ANDREW M. CUOMO, 452 to 132, 74.3% to 21.7%; total votes 608.", "general_mayor_winner": "Mamdani", "general_public_advocate": "JUMAANE D. WILLIAMS beat GONZALO DURAN, 540 to 38, 91.5% to 6.4%; total votes 590.", "general_public_advocate_winner": "Williams", "general_comptroller": "MARK D. LEVINE beat PETER KEFALAS, 514 to 35, 89.1% to 6.1%; total votes 577.", "general_comptroller_winner": "Levine", "question_1": "Disapprove beat Approve, 286 to 268, 51.6% to 48.4%; total votes 554.", "question_1_winner": "No-disapprove!", "question_2": "Approve beat Disapprove, 395 to 175, 69.3% to 30.7%; total votes 570.", "question_2_winner": "Yes-approve!", "question_3": "Approve beat Disapprove, 367 to 195, 65.3% to 34.7%; total votes 562.", "question_3_winner": "Yes-approve!", "question_4": "Approve beat Disapprove, 367 to 199, 64.8% to 35.2%; total votes 566.", "question_4_winner": "Yes-approve!", "question_5": "Approve beat Disapprove, 458 to 104, 81.5% to 18.5%; total votes 562.", "question_5_winner": "Yes-approve!", "question_6": "Approve beat Disapprove, 294 to 269, 52.2% to 47.8%; total votes 563.", "question_6_winner": "Yes-approve!", "dem_primary_mayor": "Zohran Kwame Mamdani beat Andrew M. Cuomo, 183 to 84, 46.7% to 21.4%; total votes 392.", "dem_primary_mayor_winner": "Mamdani", "dem_primary_public_advocate": "Jumaane D. Williams beat Jenifer Rajkumar, 317 to 35, 85.0% to 9.4%; total votes 373.", "dem_primary_public_advocate_winner": "Williams", "dem_primary_comptroller": "Justin Brannan beat Mark D. Levine, 158 to 137, 43.6% to 37.8%; total votes 362.", "dem_primary_comptroller_winner": "Brannan", "popup_summary": "Mayor: ZOHRAN KWAME MAMDANI beat ANDREW M. CUOMO, 452 to 132, 74.3% to 21.7%; total votes 608. | Public Advocate: JUMAANE D. WILLIAMS beat GONZALO DURAN, 540 to 38, 91.5% to 6.4%; total votes 590. | City Comptroller: MARK D. LEVINE beat PETER KEFALAS, 514 to 35, 89.1% to 6.1%; total votes 577. | Question 1: Disapprove beat Approve, 286 to 268, 51.6% to 48.4%; total votes 554. | Question 2: Approve beat Disapprove, 395 to 175, 69.3% to 30.7%; total votes 570. | Question 3: Approve beat Disapprove, 367 to 195, 65.3% to 34.7%; total votes 562. | Question 4: Approve beat Disapprove, 367 to 199, 64.8% to 35.2%; total votes 566. | Question 5: Approve beat Disapprove, 458 to 104, 81.5% to 18.5%; total votes 562. | Question 6: Approve beat Disapprove, 294 to 269, 52.2% to 47.8%; total votes 563. | Dem Primary Mayor: Zohran Kwame Mamdani beat Andrew M. Cuomo, 183 to 84, 46.7% to 21.4%; total votes 392. | Dem Primary Public Advocate: Jumaane D. Williams beat Jenifer Rajkumar, 317 to 35, 85.0% to 9.4%; total votes 373. | Dem Primary Comptroller: Justin Brannan beat Mark D. Levine, 158 to 137, 43.6% to 37.8%; total votes 362.", "mayor_margin": 52.6, "q2_yes": 69.3, "q3_yes": 65.3, "q4_yes": 64.8}, "geometry": {"type": "MultiPolygon", "coordinates": [[[[-73.9727648, 40.6856413], [-73.9727697, 40.6855234], [-73.9727915, 40.6854925], [-73.97276, 40.6853388], [-73.9727301, 40.685193], [-73.9726529, 40.685202], [-73.9726145, 40.6850146], [-73.9726366, 40.685012], [-73.9726285, 40.684972], [-73.9726322, 40.6849446], [-73.972691, 40.6849377], [-73.9726075, 40.6845274], [-73.9722648, 40.6845674], [-73.9721883, 40.6845598], [-73.9721222, 40.6842378], [-73.9725384, 40.6841952], [-73.9724469, 40.6841107], [-73.9724384, 40.684069], [-73.9725075, 40.684061], [-73.9723605, 40.6833385], [-73.9723742, 40.6833369], [-73.9722949, 40.6829468], [-73.9722901, 40.682827], [-73.9722953, 40.6827556], [-73.9727853, 40.6828526], [-73.9737608, 40.6830494], [-73.9748384, 40.6832877], [-73.9758396, 40.683491], [-73.9759502, 40.6835132], [-73.9767775, 40.6838123], [-73.9774572, 40.6840523], [-73.9780773, 40.6849149], [-73.9779473, 40.6851103], [-73.9775855, 40.6851419], [-73.9770275, 40.6851927], [-73.9762007, 40.6852935], [-73.9758076, 40.6853395], [-73.9752432, 40.6854056], [-73.9742815, 40.6855131], [-73.973316, 40.6855922], [-73.9730731, 40.6857631], [-73.9727648, 40.6856413]]]]}}, {"type": "Feature", "properties": {"felt:feature": 71, "ed_label": "AD 57 ED 027", "elect_dist": "57027", "borough": "Brooklyn", "community_board": 2, "community_board_label": "Brooklyn CB2", "popup_title": "Brooklyn CB2 \u2014 AD 57 ED 027", "general_mayor": "ZOHRAN KWAME MAMDANI beat ANDREW M. CUOMO, 746 to 131, 83.1% to 14.6%; total votes 898.", "general_mayor_winner": "Mamdani", "general_public_advocate": "JUMAANE D. WILLIAMS beat GONZALO DURAN, 834 to 29, 95.4% to 3.3%; total votes 874.", "general_public_advocate_winner": "Williams", "general_comptroller": "MARK D. LEVINE beat PETER KEFALAS, 820 to 25, 96.1% to 2.9%; total votes 853.", "general_comptroller_winner": "Levine", "question_1": "Disapprove beat Approve, 420 to 414, 50.4% to 49.6%; total votes 834.", "question_1_winner": "No-disapprove!", "question_2": "Approve beat Disapprove, 619 to 235, 72.5% to 27.5%; total votes 854.", "question_2_winner": "Yes-approve!", "question_3": "Approve beat Disapprove, 580 to 261, 69.0% to 31.0%; total votes 841.", "question_3_winner": "Yes-approve!", "question_4": "Approve beat Disapprove, 554 to 281, 66.3% to 33.7%; total votes 835.", "question_4_winner": "Yes-approve!", "question_5": "Approve beat Disapprove, 755 to 83, 90.1% to 9.9%; total votes 838.", "question_5_winner": "Yes-approve!", "question_6": "Approve beat Disapprove, 453 to 367, 55.2% to 44.8%; total votes 820.", "question_6_winner": "Yes-approve!", "dem_primary_mayor": "Zohran Kwame Mamdani beat Brad Lander, 393 to 143, 57.0% to 20.8%; total votes 689.", "dem_primary_mayor_winner": "Mamdani", "dem_primary_public_advocate": "Jumaane D. Williams beat Jenifer Rajkumar, 562 to 51, 88.1% to 8.0%; total votes 638.", "dem_primary_public_advocate_winner": "Williams", "dem_primary_comptroller": "Justin Brannan beat Mark D. Levine, 343 to 214, 53.8% to 33.6%; total votes 637.", "dem_primary_comptroller_winner": "Brannan", "popup_summary": "Mayor: ZOHRAN KWAME MAMDANI beat ANDREW M. CUOMO, 746 to 131, 83.1% to 14.6%; total votes 898. | Public Advocate: JUMAANE D. WILLIAMS beat GONZALO DURAN, 834 to 29, 95.4% to 3.3%; total votes 874. | City Comptroller: MARK D. LEVINE beat PETER KEFALAS, 820 to 25, 96.1% to 2.9%; total votes 853. | Question 1: Disapprove beat Approve, 420 to 414, 50.4% to 49.6%; total votes 834. | Question 2: Approve beat Disapprove, 619 to 235, 72.5% to 27.5%; total votes 854. | Question 3: Approve beat Disapprove, 580 to 261, 69.0% to 31.0%; total votes 841. | Question 4: Approve beat Disapprove, 554 to 281, 66.3% to 33.7%; total votes 835. | Question 5: Approve beat Disapprove, 755 to 83, 90.1% to 9.9%; total votes 838. | Question 6: Approve beat Disapprove, 453 to 367, 55.2% to 44.8%; total votes 820. | Dem Primary Mayor: Zohran Kwame Mamdani beat Brad Lander, 393 to 143, 57.0% to 20.8%; total votes 689. | Dem Primary Public Advocate: Jumaane D. Williams beat Jenifer Rajkumar, 562 to 51, 88.1% to 8.0%; total votes 638. | Dem Primary Comptroller: Justin Brannan beat Mark D. Levine, 343 to 214, 53.8% to 33.6%; total votes 637.", "mayor_margin": 68.5, "q2_yes": 72.5, "q3_yes": 69.0, "q4_yes": 66.3}, "geometry": {"type": "MultiPolygon", "coordinates": [[[[-73.9684914, 40.6864029], [-73.9682795, 40.6853377], [-73.9680542, 40.6842049], [-73.9679605, 40.6837268], [-73.9689219, 40.6841015], [-73.969062, 40.6841574], [-73.9701646, 40.6845911], [-73.9712392, 40.6850275], [-73.9720145, 40.6853386], [-73.9723125, 40.6854582], [-73.9727648, 40.6856413], [-73.9730731, 40.6857631], [-73.9733748, 40.6858848], [-73.9734137, 40.6860869], [-73.9736482, 40.6873026], [-73.9726875, 40.6874152], [-73.9717267, 40.687528], [-73.9707637, 40.6876383], [-73.9704703, 40.6861746], [-73.9694894, 40.6862883], [-73.9684914, 40.6864029]]]]}}, {"type": "Feature", "properties": {"felt:feature": 72, "ed_label": "AD 57 ED 028", "elect_dist": "57028", "borough": "Brooklyn", "community_board": 2, "community_board_label": "Brooklyn CB2", "popup_title": "Brooklyn CB2 \u2014 AD 57 ED 028", "general_mayor": "ZOHRAN KWAME MAMDANI beat ANDREW M. CUOMO, 602 to 224, 69.8% to 26.0%; total votes 863.", "general_mayor_winner": "Mamdani", "general_public_advocate": "JUMAANE D. WILLIAMS beat GONZALO DURAN, 778 to 37, 93.3% to 4.4%; total votes 834.", "general_public_advocate_winner": "Williams", "general_comptroller": "MARK D. LEVINE beat PETER KEFALAS, 745 to 43, 92.2% to 5.3%; total votes 808.", "general_comptroller_winner": "Levine", "question_1": "Disapprove beat Approve, 390 to 377, 50.8% to 49.2%; total votes 767.", "question_1_winner": "No-disapprove!", "question_2": "Approve beat Disapprove, 562 to 228, 71.1% to 28.9%; total votes 790.", "question_2_winner": "Yes-approve!", "question_3": "Approve beat Disapprove, 513 to 268, 65.7% to 34.3%; total votes 781.", "question_3_winner": "Yes-approve!", "question_4": "Approve beat Disapprove, 537 to 238, 69.3% to 30.7%; total votes 775.", "question_4_winner": "Yes-approve!", "question_5": "Approve beat Disapprove, 633 to 140, 81.9% to 18.1%; total votes 773.", "question_5_winner": "Yes-approve!", "question_6": "Approve beat Disapprove, 398 to 367, 52.0% to 48.0%; total votes 765.", "question_6_winner": "Yes-approve!", "dem_primary_mayor": "Zohran Kwame Mamdani beat Andrew M. Cuomo, 263 to 161, 46.3% to 28.3%; total votes 568.", "dem_primary_mayor_winner": "Mamdani", "dem_primary_public_advocate": "Jumaane D. Williams beat Jenifer Rajkumar, 458 to 58, 85.3% to 10.8%; total votes 537.", "dem_primary_public_advocate_winner": "Williams", "dem_primary_comptroller": "Mark D. Levine beat Justin Brannan, 204 to 202, 38.1% to 37.7%; total votes 536.", "dem_primary_comptroller_winner": "Levine", "popup_summary": "Mayor: ZOHRAN KWAME MAMDANI beat ANDREW M. CUOMO, 602 to 224, 69.8% to 26.0%; total votes 863. | Public Advocate: JUMAANE D. WILLIAMS beat GONZALO DURAN, 778 to 37, 93.3% to 4.4%; total votes 834. | City Comptroller: MARK D. LEVINE beat PETER KEFALAS, 745 to 43, 92.2% to 5.3%; total votes 808. | Question 1: Disapprove beat Approve, 390 to 377, 50.8% to 49.2%; total votes 767. | Question 2: Approve beat Disapprove, 562 to 228, 71.1% to 28.9%; total votes 790. | Question 3: Approve beat Disapprove, 513 to 268, 65.7% to 34.3%; total votes 781. | Question 4: Approve beat Disapprove, 537 to 238, 69.3% to 30.7%; total votes 775. | Question 5: Approve beat Disapprove, 633 to 140, 81.9% to 18.1%; total votes 773. | Question 6: Approve beat Disapprove, 398 to 367, 52.0% to 48.0%; total votes 765. | Dem Primary Mayor: Zohran Kwame Mamdani beat Andrew M. Cuomo, 263 to 161, 46.3% to 28.3%; total votes 568. | Dem Primary Public Advocate: Jumaane D. Williams beat Jenifer Rajkumar, 458 to 58, 85.3% to 10.8%; total votes 537. | Dem Primary Comptroller: Mark D. Levine beat Justin Brannan, 204 to 202, 38.1% to 37.7%; total votes 536.", "mayor_margin": 43.8, "q2_yes": 71.1, "q3_yes": 65.7, "q4_yes": 69.3}, "geometry": {"type": "MultiPolygon", "coordinates": [[[[-73.9679605, 40.6837268], [-73.9675539, 40.681849], [-73.967532, 40.6817688], [-73.9686896, 40.6820053], [-73.9696694, 40.6822117], [-73.9706835, 40.6824229], [-73.9718642, 40.6826703], [-73.971843, 40.682738], [-73.9718216, 40.6828342], [-73.9718243, 40.6830345], [-73.9718296, 40.6830636], [-73.9719531, 40.683691], [-73.9720625, 40.684245], [-73.972129, 40.6845705], [-73.972217, 40.685001], [-73.9722296, 40.6850627], [-73.9722874, 40.6853387], [-73.9723125, 40.6854582], [-73.9720145, 40.6853386], [-73.9712392, 40.6850275], [-73.9701646, 40.6845911], [-73.969062, 40.6841574], [-73.9689219, 40.6841015], [-73.9679605, 40.6837268]]]]}}, {"type": "Feature", "properties": {"felt:feature": 73, "ed_label": "AD 57 ED 029", "elect_dist": "57029", "borough": "Brooklyn", "community_board": 2, "community_board_label": "Brooklyn CB2", "popup_title": "Brooklyn CB2 \u2014 AD 57 ED 029", "general_mayor": "ZOHRAN KWAME MAMDANI beat ANDREW M. CUOMO, 612 to 119, 81.5% to 15.8%; total votes 751.", "general_mayor_winner": "Mamdani", "general_public_advocate": "JUMAANE D. WILLIAMS beat GONZALO DURAN, 698 to 32, 94.3% to 4.3%; total votes 740.", "general_public_advocate_winner": "Williams", "general_comptroller": "MARK D. LEVINE beat PETER KEFALAS, 663 to 27, 94.4% to 3.8%; total votes 702.", "general_comptroller_winner": "Levine", "question_1": "Disapprove beat Approve, 361 to 342, 51.4% to 48.6%; total votes 703.", "question_1_winner": "No-disapprove!", "question_2": "Approve beat Disapprove, 475 to 246, 65.9% to 34.1%; total votes 721.", "question_2_winner": "Yes-approve!", "question_3": "Approve beat Disapprove, 451 to 259, 63.5% to 36.5%; total votes 710.", "question_3_winner": "Yes-approve!", "question_4": "Approve beat Disapprove, 436 to 265, 62.2% to 37.8%; total votes 701.", "question_4_winner": "Yes-approve!", "question_5": "Approve beat Disapprove, 611 to 92, 86.9% to 13.1%; total votes 703.", "question_5_winner": "Yes-approve!", "question_6": "Approve beat Disapprove, 373 to 328, 53.2% to 46.8%; total votes 701.", "question_6_winner": "Yes-approve!", "dem_primary_mayor": "Zohran Kwame Mamdani beat Brad Lander, 308 to 135, 52.3% to 22.9%; total votes 589.", "dem_primary_mayor_winner": "Mamdani", "dem_primary_public_advocate": "Jumaane D. Williams beat Jenifer Rajkumar, 481 to 40, 88.1% to 7.3%; total votes 546.", "dem_primary_public_advocate_winner": "Williams", "dem_primary_comptroller": "Justin Brannan beat Mark D. Levine, 271 to 215, 49.4% to 39.2%; total votes 549.", "dem_primary_comptroller_winner": "Brannan", "popup_summary": "Mayor: ZOHRAN KWAME MAMDANI beat ANDREW M. CUOMO, 612 to 119, 81.5% to 15.8%; total votes 751. | Public Advocate: JUMAANE D. WILLIAMS beat GONZALO DURAN, 698 to 32, 94.3% to 4.3%; total votes 740. | City Comptroller: MARK D. LEVINE beat PETER KEFALAS, 663 to 27, 94.4% to 3.8%; total votes 702. | Question 1: Disapprove beat Approve, 361 to 342, 51.4% to 48.6%; total votes 703. | Question 2: Approve beat Disapprove, 475 to 246, 65.9% to 34.1%; total votes 721. | Question 3: Approve beat Disapprove, 451 to 259, 63.5% to 36.5%; total votes 710. | Question 4: Approve beat Disapprove, 436 to 265, 62.2% to 37.8%; total votes 701. | Question 5: Approve beat Disapprove, 611 to 92, 86.9% to 13.1%; total votes 703. | Question 6: Approve beat Disapprove, 373 to 328, 53.2% to 46.8%; total votes 701. | Dem Primary Mayor: Zohran Kwame Mamdani beat Brad Lander, 308 to 135, 52.3% to 22.9%; total votes 589. | Dem Primary Public Advocate: Jumaane D. Williams beat Jenifer Rajkumar, 481 to 40, 88.1% to 7.3%; total votes 546. | Dem Primary Comptroller: Justin Brannan beat Mark D. Levine, 271 to 215, 49.4% to 39.2%; total votes 549.", "mayor_margin": 65.7, "q2_yes": 65.9, "q3_yes": 63.5, "q4_yes": 62.2}, "geometry": {"type": "MultiPolygon", "coordinates": [[[[-73.9648096, 40.6883257], [-73.965822, 40.6882094], [-73.9668207, 40.6880887], [-73.9677875, 40.6879837], [-73.967493, 40.6865178], [-73.9684914, 40.6864029], [-73.9687849, 40.6878673], [-73.9688639, 40.6882638], [-73.9691036, 40.6894675], [-73.9680779, 40.6894523], [-73.9671154, 40.6895611], [-73.966135, 40.6896726], [-73.9651877, 40.6897824], [-73.9648096, 40.6883257]]]]}}, {"type": "Feature", "properties": {"felt:feature": 74, "ed_label": "AD 57 ED 030", "elect_dist": "57030", "borough": "Brooklyn", "community_board": 2, "community_board_label": "Brooklyn CB2", "popup_title": "Brooklyn CB2 \u2014 AD 57 ED 030", "general_mayor": "ZOHRAN KWAME MAMDANI beat ANDREW M. CUOMO, 584 to 319, 61.9% to 33.8%; total votes 944.", "general_mayor_winner": "Mamdani", "general_public_advocate": "JUMAANE D. WILLIAMS beat GONZALO DURAN, 857 to 47, 94.0% to 5.2%; total votes 912.", "general_public_advocate_winner": "Williams", "general_comptroller": "MARK D. LEVINE beat PETER KEFALAS, 802 to 46, 92.8% to 5.3%; total votes 864.", "general_comptroller_winner": "Levine", "question_1": "Disapprove beat Approve, 514 to 314, 62.1% to 37.9%; total votes 828.", "question_1_winner": "No-disapprove!", "question_2": "Approve beat Disapprove, 540 to 314, 63.2% to 36.8%; total votes 854.", "question_2_winner": "Yes-approve!", "question_3": "Approve beat Disapprove, 484 to 356, 57.6% to 42.4%; total votes 840.", "question_3_winner": "Yes-approve!", "question_4": "Approve beat Disapprove, 529 to 314, 62.8% to 37.2%; total votes 843.", "question_4_winner": "Yes-approve!", "question_5": "Approve beat Disapprove, 567 to 271, 67.7% to 32.3%; total votes 838.", "question_5_winner": "Yes-approve!", "question_6": "Disapprove beat Approve, 475 to 361, 56.8% to 43.2%; total votes 836.", "question_6_winner": "No-disapprove!", "dem_primary_mayor": "Andrew M. Cuomo beat Zohran Kwame Mamdani, 250 to 211, 38.3% to 32.4%; total votes 652.", "dem_primary_mayor_winner": "Cuomo", "dem_primary_public_advocate": "Jumaane D. Williams beat Jenifer Rajkumar, 560 to 52, 89.0% to 8.3%; total votes 629.", "dem_primary_public_advocate_winner": "Williams", "dem_primary_comptroller": "Mark D. Levine beat Justin Brannan, 291 to 180, 46.9% to 29.0%; total votes 620.", "dem_primary_comptroller_winner": "Levine", "popup_summary": "Mayor: ZOHRAN KWAME MAMDANI beat ANDREW M. CUOMO, 584 to 319, 61.9% to 33.8%; total votes 944. | Public Advocate: JUMAANE D. WILLIAMS beat GONZALO DURAN, 857 to 47, 94.0% to 5.2%; total votes 912. | City Comptroller: MARK D. LEVINE beat PETER KEFALAS, 802 to 46, 92.8% to 5.3%; total votes 864. | Question 1: Disapprove beat Approve, 514 to 314, 62.1% to 37.9%; total votes 828. | Question 2: Approve beat Disapprove, 540 to 314, 63.2% to 36.8%; total votes 854. | Question 3: Approve beat Disapprove, 484 to 356, 57.6% to 42.4%; total votes 840. | Question 4: Approve beat Disapprove, 529 to 314, 62.8% to 37.2%; total votes 843. | Question 5: Approve beat Disapprove, 567 to 271, 67.7% to 32.3%; total votes 838. | Question 6: Disapprove beat Approve, 475 to 361, 56.8% to 43.2%; total votes 836. | Dem Primary Mayor: Andrew M. Cuomo beat Zohran Kwame Mamdani, 250 to 211, 38.3% to 32.4%; total votes 652. | Dem Primary Public Advocate: Jumaane D. Williams beat Jenifer Rajkumar, 560 to 52, 89.0% to 8.3%; total votes 629. | Dem Primary Comptroller: Mark D. Levine beat Justin Brannan, 291 to 180, 46.9% to 29.0%; total votes 620.", "mayor_margin": 28.1, "q2_yes": 63.2, "q3_yes": 57.6, "q4_yes": 62.8}, "geometry": {"type": "MultiPolygon", "coordinates": [[[[-73.9600052, 40.688881], [-73.9622156, 40.6886263], [-73.9628356, 40.6885548], [-73.9648096, 40.6883257], [-73.9651877, 40.6897824], [-73.9642679, 40.6898893], [-73.9633215, 40.689999], [-73.9625096, 40.6900925], [-73.9622563, 40.6901217], [-73.9602928, 40.6903462], [-73.9602374, 40.6900622], [-73.960223, 40.6899886], [-73.9601869, 40.6898035], [-73.9601726, 40.6897299], [-73.9601468, 40.6896088], [-73.9600971, 40.6893452], [-73.9600052, 40.688881]]]]}}, {"type": "Feature", "properties": {"felt:feature": 75, "ed_label": "AD 57 ED 039", "elect_dist": "57039", "borough": "Brooklyn", "community_board": 2, "community_board_label": "Brooklyn CB2", "popup_title": "Brooklyn CB2 \u2014 AD 57 ED 039", "general_mayor": "ZOHRAN KWAME MAMDANI beat ANDREW M. CUOMO, 483 to 72, 85.3% to 12.7%; total votes 566.", "general_mayor_winner": "Mamdani", "general_public_advocate": "JUMAANE D. WILLIAMS beat GONZALO DURAN, 535 to 16, 96.6% to 2.9%; total votes 554.", "general_public_advocate_winner": "Williams", "general_comptroller": "MARK D. LEVINE beat PETER KEFALAS, 516 to 19, 95.9% to 3.5%; total votes 538.", "general_comptroller_winner": "Levine", "question_1": "Disapprove beat Approve, 279 to 260, 51.8% to 48.2%; total votes 539.", "question_1_winner": "No-disapprove!", "question_2": "Approve beat Disapprove, 396 to 153, 72.1% to 27.9%; total votes 549.", "question_2_winner": "Yes-approve!", "question_3": "Approve beat Disapprove, 389 to 154, 71.6% to 28.4%; total votes 543.", "question_3_winner": "Yes-approve!", "question_4": "Approve beat Disapprove, 374 to 163, 69.6% to 30.4%; total votes 537.", "question_4_winner": "Yes-approve!", "question_5": "Approve beat Disapprove, 491 to 51, 90.6% to 9.4%; total votes 542.", "question_5_winner": "Yes-approve!", "question_6": "Approve beat Disapprove, 289 to 248, 53.8% to 46.2%; total votes 537.", "question_6_winner": "Yes-approve!", "dem_primary_mayor": "Zohran Kwame Mamdani beat Brad Lander, 272 to 69, 66.5% to 16.9%; total votes 409.", "dem_primary_mayor_winner": "Mamdani", "dem_primary_public_advocate": "Jumaane D. Williams beat Jenifer Rajkumar, 322 to 38, 86.1% to 10.2%; total votes 374.", "dem_primary_public_advocate_winner": "Williams", "dem_primary_comptroller": "Justin Brannan beat Mark D. Levine, 202 to 130, 54.2% to 34.9%; total votes 373.", "dem_primary_comptroller_winner": "Brannan", "popup_summary": "Mayor: ZOHRAN KWAME MAMDANI beat ANDREW M. CUOMO, 483 to 72, 85.3% to 12.7%; total votes 566. | Public Advocate: JUMAANE D. WILLIAMS beat GONZALO DURAN, 535 to 16, 96.6% to 2.9%; total votes 554. | City Comptroller: MARK D. LEVINE beat PETER KEFALAS, 516 to 19, 95.9% to 3.5%; total votes 538. | Question 1: Disapprove beat Approve, 279 to 260, 51.8% to 48.2%; total votes 539. | Question 2: Approve beat Disapprove, 396 to 153, 72.1% to 27.9%; total votes 549. | Question 3: Approve beat Disapprove, 389 to 154, 71.6% to 28.4%; total votes 543. | Question 4: Approve beat Disapprove, 374 to 163, 69.6% to 30.4%; total votes 537. | Question 5: Approve beat Disapprove, 491 to 51, 90.6% to 9.4%; total votes 542. | Question 6: Approve beat Disapprove, 289 to 248, 53.8% to 46.2%; total votes 537. | Dem Primary Mayor: Zohran Kwame Mamdani beat Brad Lander, 272 to 69, 66.5% to 16.9%; total votes 409. | Dem Primary Public Advocate: Jumaane D. Williams beat Jenifer Rajkumar, 322 to 38, 86.1% to 10.2%; total votes 374. | Dem Primary Comptroller: Justin Brannan beat Mark D. Levine, 202 to 130, 54.2% to 34.9%; total votes 373.", "mayor_margin": 72.6, "q2_yes": 72.1, "q3_yes": 71.6, "q4_yes": 69.6}, "geometry": {"type": "MultiPolygon", "coordinates": [[[[-73.9582922, 40.6798311], [-73.9613466, 40.6804635], [-73.9612663, 40.6805231], [-73.9614237, 40.6814347], [-73.9616101, 40.6823751], [-73.9605951, 40.6821622], [-73.9595942, 40.6819533], [-73.9597844, 40.682909], [-73.9588406, 40.6830181], [-73.9585857, 40.6817425], [-73.9583957, 40.6807978], [-73.9582457, 40.6799851], [-73.9582693, 40.6799069], [-73.9582922, 40.6798311]]]]}}, {"type": "Feature", "properties": {"felt:feature": 76, "ed_label": "AD 57 ED 043", "elect_dist": "57043", "borough": "Brooklyn", "community_board": 2, "community_board_label": "Brooklyn CB2", "popup_title": "Brooklyn CB2 \u2014 AD 57 ED 043", "general_mayor": "ZOHRAN KWAME MAMDANI beat ANDREW M. CUOMO, 807 to 154, 82.0% to 15.7%; total votes 984.", "general_mayor_winner": "Mamdani", "general_public_advocate": "JUMAANE D. WILLIAMS beat GONZALO DURAN, 931 to 26, 95.8% to 2.7%; total votes 972.", "general_public_advocate_winner": "Williams", "general_comptroller": "MARK D. LEVINE beat PETER KEFALAS, 894 to 28, 95.9% to 3.0%; total votes 932.", "general_comptroller_winner": "Levine", "question_1": "Disapprove beat Approve, 511 to 424, 54.7% to 45.3%; total votes 935.", "question_1_winner": "No-disapprove!", "question_2": "Approve beat Disapprove, 667 to 284, 70.1% to 29.9%; total votes 951.", "question_2_winner": "Yes-approve!", "question_3": "Approve beat Disapprove, 627 to 322, 66.1% to 33.9%; total votes 949.", "question_3_winner": "Yes-approve!", "question_4": "Approve beat Disapprove, 614 to 322, 65.6% to 34.4%; total votes 936.", "question_4_winner": "Yes-approve!", "question_5": "Approve beat Disapprove, 806 to 136, 85.6% to 14.4%; total votes 942.", "question_5_winner": "Yes-approve!", "question_6": "Approve beat Disapprove, 539 to 399, 57.5% to 42.5%; total votes 938.", "question_6_winner": "Yes-approve!", "dem_primary_mayor": "Zohran Kwame Mamdani beat Brad Lander, 397 to 201, 49.5% to 25.1%; total votes 802.", "dem_primary_mayor_winner": "Mamdani", "dem_primary_public_advocate": "Jumaane D. Williams beat Jenifer Rajkumar, 659 to 69, 87.3% to 9.1%; total votes 755.", "dem_primary_public_advocate_winner": "Williams", "dem_primary_comptroller": "Justin Brannan beat Mark D. Levine, 355 to 279, 48.2% to 37.9%; total votes 737.", "dem_primary_comptroller_winner": "Brannan", "popup_summary": "Mayor: ZOHRAN KWAME MAMDANI beat ANDREW M. CUOMO, 807 to 154, 82.0% to 15.7%; total votes 984. | Public Advocate: JUMAANE D. WILLIAMS beat GONZALO DURAN, 931 to 26, 95.8% to 2.7%; total votes 972. | City Comptroller: MARK D. LEVINE beat PETER KEFALAS, 894 to 28, 95.9% to 3.0%; total votes 932. | Question 1: Disapprove beat Approve, 511 to 424, 54.7% to 45.3%; total votes 935. | Question 2: Approve beat Disapprove, 667 to 284, 70.1% to 29.9%; total votes 951. | Question 3: Approve beat Disapprove, 627 to 322, 66.1% to 33.9%; total votes 949. | Question 4: Approve beat Disapprove, 614 to 322, 65.6% to 34.4%; total votes 936. | Question 5: Approve beat Disapprove, 806 to 136, 85.6% to 14.4%; total votes 942. | Question 6: Approve beat Disapprove, 539 to 399, 57.5% to 42.5%; total votes 938. | Dem Primary Mayor: Zohran Kwame Mamdani beat Brad Lander, 397 to 201, 49.5% to 25.1%; total votes 802. | Dem Primary Public Advocate: Jumaane D. Williams beat Jenifer Rajkumar, 659 to 69, 87.3% to 9.1%; total votes 755. | Dem Primary Comptroller: Justin Brannan beat Mark D. Levine, 355 to 279, 48.2% to 37.9%; total votes 737.", "mayor_margin": 66.3, "q2_yes": 70.1, "q3_yes": 66.1, "q4_yes": 65.6}, "geometry": {"type": "MultiPolygon", "coordinates": [[[[-73.9660946, 40.6844303], [-73.9670557, 40.6843192], [-73.9680542, 40.6842049], [-73.9682795, 40.6853377], [-73.9684914, 40.6864029], [-73.967493, 40.6865178], [-73.9677875, 40.6879837], [-73.9668207, 40.6880887], [-73.9665292, 40.686627], [-73.966274, 40.6853371], [-73.9660946, 40.6844303]]]]}}, {"type": "Feature", "properties": {"felt:feature": 77, "ed_label": "AD 57 ED 044", "elect_dist": "57044", "borough": "Brooklyn", "community_board": 2, "community_board_label": "Brooklyn CB2", "popup_title": "Brooklyn CB2 \u2014 AD 57 ED 044", "general_mayor": "ZOHRAN KWAME MAMDANI beat ANDREW M. CUOMO, 684 to 98, 85.5% to 12.2%; total votes 800.", "general_mayor_winner": "Mamdani", "general_public_advocate": "JUMAANE D. WILLIAMS beat GONZALO DURAN, 745 to 23, 95.3% to 2.9%; total votes 782.", "general_public_advocate_winner": "Williams", "general_comptroller": "MARK D. LEVINE beat PETER KEFALAS, 716 to 28, 95.3% to 3.7%; total votes 751.", "general_comptroller_winner": "Levine", "question_1": "Disapprove beat Approve, 408 to 351, 53.8% to 46.2%; total votes 759.", "question_1_winner": "No-disapprove!", "question_2": "Approve beat Disapprove, 509 to 263, 65.9% to 34.1%; total votes 772.", "question_2_winner": "Yes-approve!", "question_3": "Approve beat Disapprove, 474 to 294, 61.7% to 38.3%; total votes 768.", "question_3_winner": "Yes-approve!", "question_4": "Approve beat Disapprove, 477 to 279, 63.1% to 36.9%; total votes 756.", "question_4_winner": "Yes-approve!", "question_5": "Approve beat Disapprove, 664 to 99, 87.0% to 13.0%; total votes 763.", "question_5_winner": "Yes-approve!", "question_6": "Approve beat Disapprove, 421 to 335, 55.7% to 44.3%; total votes 756.", "question_6_winner": "Yes-approve!", "dem_primary_mayor": "Zohran Kwame Mamdani beat Brad Lander, 365 to 133, 59.4% to 21.6%; total votes 615.", "dem_primary_mayor_winner": "Mamdani", "dem_primary_public_advocate": "Jumaane D. Williams beat Jenifer Rajkumar, 502 to 49, 88.2% to 8.6%; total votes 569.", "dem_primary_public_advocate_winner": "Williams", "dem_primary_comptroller": "Justin Brannan beat Mark D. Levine, 303 to 202, 53.4% to 35.6%; total votes 567.", "dem_primary_comptroller_winner": "Brannan", "popup_summary": "Mayor: ZOHRAN KWAME MAMDANI beat ANDREW M. CUOMO, 684 to 98, 85.5% to 12.2%; total votes 800. | Public Advocate: JUMAANE D. WILLIAMS beat GONZALO DURAN, 745 to 23, 95.3% to 2.9%; total votes 782. | City Comptroller: MARK D. LEVINE beat PETER KEFALAS, 716 to 28, 95.3% to 3.7%; total votes 751. | Question 1: Disapprove beat Approve, 408 to 351, 53.8% to 46.2%; total votes 759. | Question 2: Approve beat Disapprove, 509 to 263, 65.9% to 34.1%; total votes 772. | Question 3: Approve beat Disapprove, 474 to 294, 61.7% to 38.3%; total votes 768. | Question 4: Approve beat Disapprove, 477 to 279, 63.1% to 36.9%; total votes 756. | Question 5: Approve beat Disapprove, 664 to 99, 87.0% to 13.0%; total votes 763. | Question 6: Approve beat Disapprove, 421 to 335, 55.7% to 44.3%; total votes 756. | Dem Primary Mayor: Zohran Kwame Mamdani beat Brad Lander, 365 to 133, 59.4% to 21.6%; total votes 615. | Dem Primary Public Advocate: Jumaane D. Williams beat Jenifer Rajkumar, 502 to 49, 88.2% to 8.6%; total votes 569. | Dem Primary Comptroller: Justin Brannan beat Mark D. Levine, 303 to 202, 53.4% to 35.6%; total votes 567.", "mayor_margin": 73.3, "q2_yes": 65.9, "q3_yes": 61.7, "q4_yes": 63.1}, "geometry": {"type": "MultiPolygon", "coordinates": [[[[-73.9635084, 40.6869768], [-73.9631825, 40.6853362], [-73.963072, 40.6847798], [-73.964033, 40.6846679], [-73.9650825, 40.684546], [-73.9660946, 40.6844303], [-73.966274, 40.6853371], [-73.9665292, 40.686627], [-73.9668207, 40.6880887], [-73.965822, 40.6882094], [-73.9648096, 40.6883257], [-73.9646266, 40.6875919], [-73.9644698, 40.6868653], [-73.9635084, 40.6869768]]]]}}, {"type": "Feature", "properties": {"felt:feature": 78, "ed_label": "AD 57 ED 045", "elect_dist": "57045", "borough": "Brooklyn", "community_board": 2, "community_board_label": "Brooklyn CB2", "popup_title": "Brooklyn CB2 \u2014 AD 57 ED 045", "general_mayor": "ZOHRAN KWAME MAMDANI beat ANDREW M. CUOMO, 566 to 97, 84.0% to 14.4%; total votes 674.", "general_mayor_winner": "Mamdani", "general_public_advocate": "JUMAANE D. WILLIAMS beat GONZALO DURAN, 623 to 24, 95.0% to 3.7%; total votes 656.", "general_public_advocate_winner": "Williams", "general_comptroller": "MARK D. LEVINE beat PETER KEFALAS, 593 to 22, 95.2% to 3.5%; total votes 623.", "general_comptroller_winner": "Levine", "question_1": "Disapprove beat Approve, 347 to 282, 55.2% to 44.8%; total votes 629.", "question_1_winner": "No-disapprove!", "question_2": "Approve beat Disapprove, 430 to 213, 66.9% to 33.1%; total votes 643.", "question_2_winner": "Yes-approve!", "question_3": "Approve beat Disapprove, 406 to 221, 64.8% to 35.2%; total votes 627.", "question_3_winner": "Yes-approve!", "question_4": "Approve beat Disapprove, 405 to 223, 64.5% to 35.5%; total votes 628.", "question_4_winner": "Yes-approve!", "question_5": "Approve beat Disapprove, 544 to 93, 85.4% to 14.6%; total votes 637.", "question_5_winner": "Yes-approve!", "question_6": "Disapprove beat Approve, 322 to 303, 51.5% to 48.5%; total votes 625.", "question_6_winner": "No-disapprove!", "dem_primary_mayor": "Zohran Kwame Mamdani beat Brad Lander, 311 to 82, 62.3% to 16.4%; total votes 499.", "dem_primary_mayor_winner": "Mamdani", "dem_primary_public_advocate": "Jumaane D. Williams beat Jenifer Rajkumar, 421 to 38, 89.2% to 8.1%; total votes 472.", "dem_primary_public_advocate_winner": "Williams", "dem_primary_comptroller": "Justin Brannan beat Mark D. Levine, 252 to 157, 53.2% to 33.1%; total votes 474.", "dem_primary_comptroller_winner": "Brannan", "popup_summary": "Mayor: ZOHRAN KWAME MAMDANI beat ANDREW M. CUOMO, 566 to 97, 84.0% to 14.4%; total votes 674. | Public Advocate: JUMAANE D. WILLIAMS beat GONZALO DURAN, 623 to 24, 95.0% to 3.7%; total votes 656. | City Comptroller: MARK D. LEVINE beat PETER KEFALAS, 593 to 22, 95.2% to 3.5%; total votes 623. | Question 1: Disapprove beat Approve, 347 to 282, 55.2% to 44.8%; total votes 629. | Question 2: Approve beat Disapprove, 430 to 213, 66.9% to 33.1%; total votes 643. | Question 3: Approve beat Disapprove, 406 to 221, 64.8% to 35.2%; total votes 627. | Question 4: Approve beat Disapprove, 405 to 223, 64.5% to 35.5%; total votes 628. | Question 5: Approve beat Disapprove, 544 to 93, 85.4% to 14.6%; total votes 637. | Question 6: Disapprove beat Approve, 322 to 303, 51.5% to 48.5%; total votes 625. | Dem Primary Mayor: Zohran Kwame Mamdani beat Brad Lander, 311 to 82, 62.3% to 16.4%; total votes 499. | Dem Primary Public Advocate: Jumaane D. Williams beat Jenifer Rajkumar, 421 to 38, 89.2% to 8.1%; total votes 472. | Dem Primary Comptroller: Justin Brannan beat Mark D. Levine, 252 to 157, 53.2% to 33.1%; total votes 474.", "mayor_margin": 69.6, "q2_yes": 66.9, "q3_yes": 64.8, "q4_yes": 64.5}, "geometry": {"type": "MultiPolygon", "coordinates": [[[[-73.9597137, 40.6874156], [-73.9625466, 40.6870896], [-73.9635084, 40.6869768], [-73.9644698, 40.6868653], [-73.9646266, 40.6875919], [-73.9648096, 40.6883257], [-73.9628356, 40.6885548], [-73.9622156, 40.6886263], [-73.9600052, 40.688881], [-73.9598594, 40.6881475], [-73.9597137, 40.6874156]]]]}}, {"type": "Feature", "properties": {"felt:feature": 79, "ed_label": "AD 57 ED 046", "elect_dist": "57046", "borough": "Brooklyn", "community_board": 2, "community_board_label": "Brooklyn CB2", "popup_title": "Brooklyn CB2 \u2014 AD 57 ED 046", "general_mayor": "ZOHRAN KWAME MAMDANI beat ANDREW M. CUOMO, 750 to 123, 85.2% to 14.0%; total votes 880.", "general_mayor_winner": "Mamdani", "general_public_advocate": "JUMAANE D. WILLIAMS beat GONZALO DURAN, 818 to 27, 95.7% to 3.2%; total votes 855.", "general_public_advocate_winner": "Williams", "general_comptroller": "MARK D. LEVINE beat PETER KEFALAS, 778 to 20, 95.5% to 2.5%; total votes 815.", "general_comptroller_winner": "Levine", "question_1": "Approve beat Disapprove, 409 to 400, 50.6% to 49.4%; total votes 809.", "question_1_winner": "Yes-approve!", "question_2": "Approve beat Disapprove, 577 to 252, 69.6% to 30.4%; total votes 829.", "question_2_winner": "Yes-approve!", "question_3": "Approve beat Disapprove, 535 to 287, 65.1% to 34.9%; total votes 822.", "question_3_winner": "Yes-approve!", "question_4": "Approve beat Disapprove, 522 to 291, 64.2% to 35.8%; total votes 813.", "question_4_winner": "Yes-approve!", "question_5": "Approve beat Disapprove, 733 to 87, 89.4% to 10.6%; total votes 820.", "question_5_winner": "Yes-approve!", "question_6": "Approve beat Disapprove, 429 to 382, 52.9% to 47.1%; total votes 811.", "question_6_winner": "Yes-approve!", "dem_primary_mayor": "Zohran Kwame Mamdani beat Brad Lander, 431 to 106, 65.3% to 16.1%; total votes 660.", "dem_primary_mayor_winner": "Mamdani", "dem_primary_public_advocate": "Jumaane D. Williams beat Jenifer Rajkumar, 537 to 43, 88.8% to 7.1%; total votes 605.", "dem_primary_public_advocate_winner": "Williams", "dem_primary_comptroller": "Justin Brannan beat Mark D. Levine, 330 to 198, 54.8% to 32.9%; total votes 602.", "dem_primary_comptroller_winner": "Brannan", "popup_summary": "Mayor: ZOHRAN KWAME MAMDANI beat ANDREW M. CUOMO, 750 to 123, 85.2% to 14.0%; total votes 880. | Public Advocate: JUMAANE D. WILLIAMS beat GONZALO DURAN, 818 to 27, 95.7% to 3.2%; total votes 855. | City Comptroller: MARK D. LEVINE beat PETER KEFALAS, 778 to 20, 95.5% to 2.5%; total votes 815. | Question 1: Approve beat Disapprove, 409 to 400, 50.6% to 49.4%; total votes 809. | Question 2: Approve beat Disapprove, 577 to 252, 69.6% to 30.4%; total votes 829. | Question 3: Approve beat Disapprove, 535 to 287, 65.1% to 34.9%; total votes 822. | Question 4: Approve beat Disapprove, 522 to 291, 64.2% to 35.8%; total votes 813. | Question 5: Approve beat Disapprove, 733 to 87, 89.4% to 10.6%; total votes 820. | Question 6: Approve beat Disapprove, 429 to 382, 52.9% to 47.1%; total votes 811. | Dem Primary Mayor: Zohran Kwame Mamdani beat Brad Lander, 431 to 106, 65.3% to 16.1%; total votes 660. | Dem Primary Public Advocate: Jumaane D. Williams beat Jenifer Rajkumar, 537 to 43, 88.8% to 7.1%; total votes 605. | Dem Primary Comptroller: Justin Brannan beat Mark D. Levine, 330 to 198, 54.8% to 32.9%; total votes 602.", "mayor_margin": 71.2, "q2_yes": 69.6, "q3_yes": 65.1, "q4_yes": 64.2}, "geometry": {"type": "MultiPolygon", "coordinates": [[[[-73.959276, 40.6852167], [-73.9602212, 40.6851085], [-73.9611548, 40.6850016], [-73.9621075, 40.6848908], [-73.963072, 40.6847798], [-73.9631825, 40.6853362], [-73.9635084, 40.6869768], [-73.9625466, 40.6870896], [-73.9597137, 40.6874156], [-73.9595677, 40.6866826], [-73.9594226, 40.6859503], [-73.9592996, 40.6853348], [-73.959276, 40.6852167]]]]}}, {"type": "Feature", "properties": {"felt:feature": 80, "ed_label": "AD 57 ED 048", "elect_dist": "57048", "borough": "Brooklyn", "community_board": 2, "community_board_label": "Brooklyn CB2", "popup_title": "Brooklyn CB2 \u2014 AD 57 ED 048", "general_mayor": "ZOHRAN KWAME MAMDANI beat ANDREW M. CUOMO, 867 to 125, 86.2% to 12.4%; total votes 1006.", "general_mayor_winner": "Mamdani", "general_public_advocate": "JUMAANE D. WILLIAMS beat GONZALO DURAN, 946 to 31, 95.8% to 3.1%; total votes 987.", "general_public_advocate_winner": "Williams", "general_comptroller": "MARK D. LEVINE beat PETER KEFALAS, 894 to 30, 95.1% to 3.2%; total votes 940.", "general_comptroller_winner": "Levine", "question_1": "Disapprove beat Approve, 485 to 466, 51.0% to 49.0%; total votes 951.", "question_1_winner": "No-disapprove!", "question_2": "Approve beat Disapprove, 669 to 295, 69.4% to 30.6%; total votes 964.", "question_2_winner": "Yes-approve!", "question_3": "Approve beat Disapprove, 637 to 322, 66.4% to 33.6%; total votes 959.", "question_3_winner": "Yes-approve!", "question_4": "Approve beat Disapprove, 604 to 336, 64.3% to 35.7%; total votes 940.", "question_4_winner": "Yes-approve!", "question_5": "Approve beat Disapprove, 842 to 104, 89.0% to 11.0%; total votes 946.", "question_5_winner": "Yes-approve!", "question_6": "Approve beat Disapprove, 507 to 436, 53.8% to 46.2%; total votes 943.", "question_6_winner": "Yes-approve!", "dem_primary_mayor": "Zohran Kwame Mamdani beat Brad Lander, 509 to 127, 68.0% to 17.0%; total votes 749.", "dem_primary_mayor_winner": "Mamdani", "dem_primary_public_advocate": "Jumaane D. Williams beat Jenifer Rajkumar, 596 to 76, 86.0% to 11.0%; total votes 693.", "dem_primary_public_advocate_winner": "Williams", "dem_primary_comptroller": "Justin Brannan beat Mark D. Levine, 398 to 214, 58.3% to 31.3%; total votes 683.", "dem_primary_comptroller_winner": "Brannan", "popup_summary": "Mayor: ZOHRAN KWAME MAMDANI beat ANDREW M. CUOMO, 867 to 125, 86.2% to 12.4%; total votes 1006. | Public Advocate: JUMAANE D. WILLIAMS beat GONZALO DURAN, 946 to 31, 95.8% to 3.1%; total votes 987. | City Comptroller: MARK D. LEVINE beat PETER KEFALAS, 894 to 30, 95.1% to 3.2%; total votes 940. | Question 1: Disapprove beat Approve, 485 to 466, 51.0% to 49.0%; total votes 951. | Question 2: Approve beat Disapprove, 669 to 295, 69.4% to 30.6%; total votes 964. | Question 3: Approve beat Disapprove, 637 to 322, 66.4% to 33.6%; total votes 959. | Question 4: Approve beat Disapprove, 604 to 336, 64.3% to 35.7%; total votes 940. | Question 5: Approve beat Disapprove, 842 to 104, 89.0% to 11.0%; total votes 946. | Question 6: Approve beat Disapprove, 507 to 436, 53.8% to 46.2%; total votes 943. | Dem Primary Mayor: Zohran Kwame Mamdani beat Brad Lander, 509 to 127, 68.0% to 17.0%; total votes 749. | Dem Primary Public Advocate: Jumaane D. Williams beat Jenifer Rajkumar, 596 to 76, 86.0% to 11.0%; total votes 693. | Dem Primary Comptroller: Justin Brannan beat Mark D. Levine, 398 to 214, 58.3% to 31.3%; total votes 683.", "mayor_margin": 73.8, "q2_yes": 69.4, "q3_yes": 66.4, "q4_yes": 64.3}, "geometry": {"type": "MultiPolygon", "coordinates": [[[[-73.9644218, 40.6811191], [-73.9655104, 40.681344], [-73.9665725, 40.6815648], [-73.967532, 40.6817688], [-73.9675539, 40.681849], [-73.9679605, 40.6837268], [-73.9680542, 40.6842049], [-73.9670557, 40.6843192], [-73.9660946, 40.6844303], [-73.9650825, 40.684546], [-73.9647785, 40.6830397], [-73.9644085, 40.6811856], [-73.9644218, 40.6811191]]]]}}, {"type": "Feature", "properties": {"felt:feature": 81, "ed_label": "AD 57 ED 049", "elect_dist": "57049", "borough": "Brooklyn", "community_board": 2, "community_board_label": "Brooklyn CB2", "popup_title": "Brooklyn CB2 \u2014 AD 57 ED 049", "general_mayor": "ZOHRAN KWAME MAMDANI beat ANDREW M. CUOMO, 957 to 122, 87.6% to 11.2%; total votes 1092.", "general_mayor_winner": "Mamdani", "general_public_advocate": "JUMAANE D. WILLIAMS beat GONZALO DURAN, 1037 to 20, 97.6% to 1.9%; total votes 1063.", "general_public_advocate_winner": "Williams", "general_comptroller": "MARK D. LEVINE beat PETER KEFALAS, 984 to 21, 96.8% to 2.1%; total votes 1017.", "general_comptroller_winner": "Levine", "question_1": "Disapprove beat Approve, 520 to 500, 51.0% to 49.0%; total votes 1020.", "question_1_winner": "No-disapprove!", "question_2": "Approve beat Disapprove, 705 to 331, 68.0% to 31.9%; total votes 1036.", "question_2_winner": "Yes-approve!", "question_3": "Approve beat Disapprove, 655 to 376, 63.5% to 36.5%; total votes 1031.", "question_3_winner": "Yes-approve!", "question_4": "Approve beat Disapprove, 661 to 356, 65.0% to 35.0%; total votes 1017.", "question_4_winner": "Yes-approve!", "question_5": "Approve beat Disapprove, 900 to 116, 88.6% to 11.4%; total votes 1016.", "question_5_winner": "Yes-approve!", "question_6": "Approve beat Disapprove, 532 to 478, 52.7% to 47.3%; total votes 1010.", "question_6_winner": "Yes-approve!", "dem_primary_mayor": "Zohran Kwame Mamdani beat Brad Lander, 516 to 134, 65.8% to 17.1%; total votes 784.", "dem_primary_mayor_winner": "Mamdani", "dem_primary_public_advocate": "Jumaane D. Williams beat Jenifer Rajkumar, 651 to 56, 89.2% to 7.7%; total votes 730.", "dem_primary_public_advocate_winner": "Williams", "dem_primary_comptroller": "Justin Brannan beat Mark D. Levine, 412 to 224, 57.8% to 31.4%; total votes 713.", "dem_primary_comptroller_winner": "Brannan", "popup_summary": "Mayor: ZOHRAN KWAME MAMDANI beat ANDREW M. CUOMO, 957 to 122, 87.6% to 11.2%; total votes 1092. | Public Advocate: JUMAANE D. WILLIAMS beat GONZALO DURAN, 1037 to 20, 97.6% to 1.9%; total votes 1063. | City Comptroller: MARK D. LEVINE beat PETER KEFALAS, 984 to 21, 96.8% to 2.1%; total votes 1017. | Question 1: Disapprove beat Approve, 520 to 500, 51.0% to 49.0%; total votes 1020. | Question 2: Approve beat Disapprove, 705 to 331, 68.0% to 31.9%; total votes 1036. | Question 3: Approve beat Disapprove, 655 to 376, 63.5% to 36.5%; total votes 1031. | Question 4: Approve beat Disapprove, 661 to 356, 65.0% to 35.0%; total votes 1017. | Question 5: Approve beat Disapprove, 900 to 116, 88.6% to 11.4%; total votes 1016. | Question 6: Approve beat Disapprove, 532 to 478, 52.7% to 47.3%; total votes 1010. | Dem Primary Mayor: Zohran Kwame Mamdani beat Brad Lander, 516 to 134, 65.8% to 17.1%; total votes 784. | Dem Primary Public Advocate: Jumaane D. Williams beat Jenifer Rajkumar, 651 to 56, 89.2% to 7.7%; total votes 730. | Dem Primary Comptroller: Justin Brannan beat Mark D. Levine, 412 to 224, 57.8% to 31.4%; total votes 713.", "mayor_margin": 76.4, "q2_yes": 68.0, "q3_yes": 63.5, "q4_yes": 65.0}, "geometry": {"type": "MultiPolygon", "coordinates": [[[[-73.9616101, 40.6823751], [-73.9614237, 40.6814347], [-73.9612663, 40.6805231], [-73.9613466, 40.6804635], [-73.9632921, 40.6808816], [-73.9641039, 40.6810524], [-73.9643588, 40.6811059], [-73.9644218, 40.6811191], [-73.9644085, 40.6811856], [-73.9647785, 40.6830397], [-73.9650825, 40.684546], [-73.964033, 40.6846679], [-73.963072, 40.6847798], [-73.9626444, 40.6825943], [-73.9623528, 40.6825326], [-73.9616101, 40.6823751]]]]}}, {"type": "Feature", "properties": {"felt:feature": 82, "ed_label": "AD 57 ED 050", "elect_dist": "57050", "borough": "Brooklyn", "community_board": 2, "community_board_label": "Brooklyn CB2", "popup_title": "Brooklyn CB2 \u2014 AD 57 ED 050", "general_mayor": "ZOHRAN KWAME MAMDANI beat ANDREW M. CUOMO, 742 to 125, 84.0% to 14.2%; total votes 883.", "general_mayor_winner": "Mamdani", "general_public_advocate": "JUMAANE D. WILLIAMS beat GONZALO DURAN, 836 to 27, 96.2% to 3.1%; total votes 869.", "general_public_advocate_winner": "Williams", "general_comptroller": "MARK D. LEVINE beat PETER KEFALAS, 765 to 20, 95.1% to 2.5%; total votes 804.", "general_comptroller_winner": "Levine", "question_1": "Disapprove beat Approve, 441 to 390, 53.1% to 46.9%; total votes 831.", "question_1_winner": "No-disapprove!", "question_2": "Approve beat Disapprove, 585 to 260, 69.2% to 30.8%; total votes 845.", "question_2_winner": "Yes-approve!", "question_3": "Approve beat Disapprove, 536 to 296, 64.4% to 35.6%; total votes 832.", "question_3_winner": "Yes-approve!", "question_4": "Approve beat Disapprove, 558 to 283, 66.3% to 33.6%; total votes 841.", "question_4_winner": "Yes-approve!", "question_5": "Approve beat Disapprove, 738 to 100, 88.1% to 11.9%; total votes 838.", "question_5_winner": "Yes-approve!", "question_6": "Approve beat Disapprove, 447 to 384, 53.8% to 46.2%; total votes 831.", "question_6_winner": "Yes-approve!", "dem_primary_mayor": "Zohran Kwame Mamdani beat Brad Lander, 407 to 113, 62.0% to 17.2%; total votes 656.", "dem_primary_mayor_winner": "Mamdani", "dem_primary_public_advocate": "Jumaane D. Williams beat Jenifer Rajkumar, 539 to 51, 88.8% to 8.4%; total votes 607.", "dem_primary_public_advocate_winner": "Williams", "dem_primary_comptroller": "Justin Brannan beat Mark D. Levine, 339 to 181, 56.9% to 30.4%; total votes 596.", "dem_primary_comptroller_winner": "Brannan", "popup_summary": "Mayor: ZOHRAN KWAME MAMDANI beat ANDREW M. CUOMO, 742 to 125, 84.0% to 14.2%; total votes 883. | Public Advocate: JUMAANE D. WILLIAMS beat GONZALO DURAN, 836 to 27, 96.2% to 3.1%; total votes 869. | City Comptroller: MARK D. LEVINE beat PETER KEFALAS, 765 to 20, 95.1% to 2.5%; total votes 804. | Question 1: Disapprove beat Approve, 441 to 390, 53.1% to 46.9%; total votes 831. | Question 2: Approve beat Disapprove, 585 to 260, 69.2% to 30.8%; total votes 845. | Question 3: Approve beat Disapprove, 536 to 296, 64.4% to 35.6%; total votes 832. | Question 4: Approve beat Disapprove, 558 to 283, 66.3% to 33.6%; total votes 841. | Question 5: Approve beat Disapprove, 738 to 100, 88.1% to 11.9%; total votes 838. | Question 6: Approve beat Disapprove, 447 to 384, 53.8% to 46.2%; total votes 831. | Dem Primary Mayor: Zohran Kwame Mamdani beat Brad Lander, 407 to 113, 62.0% to 17.2%; total votes 656. | Dem Primary Public Advocate: Jumaane D. Williams beat Jenifer Rajkumar, 539 to 51, 88.8% to 8.4%; total votes 607. | Dem Primary Comptroller: Justin Brannan beat Mark D. Levine, 339 to 181, 56.9% to 30.4%; total votes 596.", "mayor_margin": 69.8, "q2_yes": 69.2, "q3_yes": 64.4, "q4_yes": 66.3}, "geometry": {"type": "MultiPolygon", "coordinates": [[[[-73.9588406, 40.6830181], [-73.9597844, 40.682909], [-73.9595942, 40.6819533], [-73.9605951, 40.6821622], [-73.9616101, 40.6823751], [-73.9623528, 40.6825326], [-73.9626444, 40.6825943], [-73.963072, 40.6847798], [-73.9621075, 40.6848908], [-73.9611548, 40.6850016], [-73.9602212, 40.6851085], [-73.959276, 40.6852167], [-73.9591321, 40.6844851], [-73.9589833, 40.6837499], [-73.9588406, 40.6830181]]]]}}, {"type": "Feature", "properties": {"felt:feature": 83, "ed_label": "AD 57 ED 067", "elect_dist": "57067", "borough": "Brooklyn", "community_board": 2, "community_board_label": "Brooklyn CB2", "popup_title": "Brooklyn CB2 \u2014 AD 57 ED 067", "general_mayor": "ZOHRAN KWAME MAMDANI beat ANDREW M. CUOMO, 55 to 16, 75.3% to 21.9%; total votes 73.", "general_mayor_winner": "Mamdani", "general_public_advocate": "JUMAANE D. WILLIAMS beat GONZALO DURAN, 67 to 6, 91.8% to 8.2%; total votes 73.", "general_public_advocate_winner": "Williams", "general_comptroller": "MARK D. LEVINE beat ISMAEL MALAVE PEREZ, 64 to 2, 94.1% to 2.9%; total votes 68.", "general_comptroller_winner": "Levine", "question_1": "Approve beat Disapprove, 34 to 31, 52.3% to 47.7%; total votes 65.", "question_1_winner": "Yes-approve!", "question_2": "Approve beat Disapprove, 41 to 27, 60.3% to 39.7%; total votes 68.", "question_2_winner": "Yes-approve!", "question_3": "Approve beat Disapprove, 35 to 33, 51.5% to 48.5%; total votes 68.", "question_3_winner": "Yes-approve!", "question_4": "Approve beat Disapprove, 46 to 22, 67.6% to 32.4%; total votes 68.", "question_4_winner": "Yes-approve!", "question_5": "Approve beat Disapprove, 55 to 12, 82.1% to 17.9%; total votes 67.", "question_5_winner": "Yes-approve!", "question_6": "Disapprove beat Approve, 37 to 29, 56.1% to 43.9%; total votes 66.", "question_6_winner": "No-disapprove!", "dem_primary_mayor": "Zohran Kwame Mamdani beat Andrew M. Cuomo, 26 to 11, 50.0% to 21.2%; total votes 52.", "dem_primary_mayor_winner": "Mamdani", "dem_primary_public_advocate": "Jumaane D. Williams beat Marty Dolan, 42 to 4, 85.7% to 8.2%; total votes 49.", "dem_primary_public_advocate_winner": "Williams", "dem_primary_comptroller": "Justin Brannan beat Mark D. Levine, 21 to 17, 46.7% to 37.8%; total votes 45.", "dem_primary_comptroller_winner": "Brannan", "popup_summary": "Mayor: ZOHRAN KWAME MAMDANI beat ANDREW M. CUOMO, 55 to 16, 75.3% to 21.9%; total votes 73. | Public Advocate: JUMAANE D. WILLIAMS beat GONZALO DURAN, 67 to 6, 91.8% to 8.2%; total votes 73. | City Comptroller: MARK D. LEVINE beat ISMAEL MALAVE PEREZ, 64 to 2, 94.1% to 2.9%; total votes 68. | Question 1: Approve beat Disapprove, 34 to 31, 52.3% to 47.7%; total votes 65. | Question 2: Approve beat Disapprove, 41 to 27, 60.3% to 39.7%; total votes 68. | Question 3: Approve beat Disapprove, 35 to 33, 51.5% to 48.5%; total votes 68. | Question 4: Approve beat Disapprove, 46 to 22, 67.6% to 32.4%; total votes 68. | Question 5: Approve beat Disapprove, 55 to 12, 82.1% to 17.9%; total votes 67. | Question 6: Disapprove beat Approve, 37 to 29, 56.1% to 43.9%; total votes 66. | Dem Primary Mayor: Zohran Kwame Mamdani beat Andrew M. Cuomo, 26 to 11, 50.0% to 21.2%; total votes 52. | Dem Primary Public Advocate: Jumaane D. Williams beat Marty Dolan, 42 to 4, 85.7% to 8.2%; total votes 49. | Dem Primary Comptroller: Justin Brannan beat Mark D. Levine, 21 to 17, 46.7% to 37.8%; total votes 45.", "mayor_margin": 53.4, "q2_yes": 60.3, "q3_yes": 51.5, "q4_yes": 67.6}, "geometry": {"type": "MultiPolygon", "coordinates": [[[[-73.9723125, 40.6854582], [-73.9722874, 40.6853387], [-73.9722296, 40.6850627], [-73.972217, 40.685001], [-73.972129, 40.6845705], [-73.9720625, 40.684245], [-73.9719531, 40.683691], [-73.9718296, 40.6830636], [-73.9718243, 40.6830345], [-73.9718216, 40.6828342], [-73.971843, 40.682738], [-73.9718642, 40.6826703], [-73.9722953, 40.6827556], [-73.9722901, 40.682827], [-73.9722949, 40.6829468], [-73.9723742, 40.6833369], [-73.9723605, 40.6833385], [-73.9725075, 40.684061], [-73.9724384, 40.684069], [-73.9724469, 40.6841107], [-73.9725384, 40.6841952], [-73.9721222, 40.6842378], [-73.9721883, 40.6845598], [-73.9722648, 40.6845674], [-73.9726075, 40.6845274], [-73.972691, 40.6849377], [-73.9726322, 40.6849446], [-73.9726285, 40.684972], [-73.9726366, 40.685012], [-73.9726145, 40.6850146], [-73.9726529, 40.685202], [-73.9727301, 40.685193], [-73.97276, 40.6853388], [-73.9727915, 40.6854925], [-73.9727697, 40.6855234], [-73.9727648, 40.6856413], [-73.9723125, 40.6854582]]]]}}, {"type": "Feature", "properties": {"felt:feature": 84, "ed_label": "AD 57 ED 069", "elect_dist": "57069", "borough": "Brooklyn", "community_board": 2, "community_board_label": "Brooklyn CB2", "popup_title": "Brooklyn CB2 \u2014 AD 57 ED 069", "general_mayor": "ZOHRAN KWAME MAMDANI beat ANDREW M. CUOMO, 114 to 13, 86.4% to 9.8%; total votes 132.", "general_mayor_winner": "Mamdani", "general_public_advocate": "JUMAANE D. WILLIAMS beat GONZALO DURAN, 123 to 5, 95.3% to 3.9%; total votes 129.", "general_public_advocate_winner": "Williams", "general_comptroller": "MARK D. LEVINE beat PETER KEFALAS, 111 to 6, 94.1% to 5.1%; total votes 118.", "general_comptroller_winner": "Levine", "question_1": "Disapprove beat Approve, 58 to 56, 50.9% to 49.1%; total votes 114.", "question_1_winner": "No-disapprove!", "question_2": "Approve beat Disapprove, 87 to 31, 73.7% to 26.3%; total votes 118.", "question_2_winner": "Yes-approve!", "question_3": "Approve beat Disapprove, 78 to 39, 66.7% to 33.3%; total votes 117.", "question_3_winner": "Yes-approve!", "question_4": "Approve beat Disapprove, 70 to 40, 63.6% to 36.4%; total votes 110.", "question_4_winner": "Yes-approve!", "question_5": "Approve beat Disapprove, 105 to 11, 90.5% to 9.5%; total votes 116.", "question_5_winner": "Yes-approve!", "question_6": "Approve beat Disapprove, 70 to 46, 60.3% to 39.7%; total votes 116.", "question_6_winner": "Yes-approve!", "dem_primary_mayor": "Zohran Kwame Mamdani beat Brad Lander, 67 to 18, 65.0% to 17.5%; total votes 103.", "dem_primary_mayor_winner": "Mamdani", "dem_primary_public_advocate": "Jumaane D. Williams beat Jenifer Rajkumar, 76 to 15, 80.0% to 15.8%; total votes 95.", "dem_primary_public_advocate_winner": "Williams", "dem_primary_comptroller": "Justin Brannan beat Mark D. Levine, 50 to 28, 56.2% to 31.5%; total votes 89.", "dem_primary_comptroller_winner": "Brannan", "popup_summary": "Mayor: ZOHRAN KWAME MAMDANI beat ANDREW M. CUOMO, 114 to 13, 86.4% to 9.8%; total votes 132. | Public Advocate: JUMAANE D. WILLIAMS beat GONZALO DURAN, 123 to 5, 95.3% to 3.9%; total votes 129. | City Comptroller: MARK D. LEVINE beat PETER KEFALAS, 111 to 6, 94.1% to 5.1%; total votes 118. | Question 1: Disapprove beat Approve, 58 to 56, 50.9% to 49.1%; total votes 114. | Question 2: Approve beat Disapprove, 87 to 31, 73.7% to 26.3%; total votes 118. | Question 3: Approve beat Disapprove, 78 to 39, 66.7% to 33.3%; total votes 117. | Question 4: Approve beat Disapprove, 70 to 40, 63.6% to 36.4%; total votes 110. | Question 5: Approve beat Disapprove, 105 to 11, 90.5% to 9.5%; total votes 116. | Question 6: Approve beat Disapprove, 70 to 46, 60.3% to 39.7%; total votes 116. | Dem Primary Mayor: Zohran Kwame Mamdani beat Brad Lander, 67 to 18, 65.0% to 17.5%; total votes 103. | Dem Primary Public Advocate: Jumaane D. Williams beat Jenifer Rajkumar, 76 to 15, 80.0% to 15.8%; total votes 95. | Dem Primary Comptroller: Justin Brannan beat Mark D. Levine, 50 to 28, 56.2% to 31.5%; total votes 89.", "mayor_margin": 76.6, "q2_yes": 73.7, "q3_yes": 66.7, "q4_yes": 63.6}, "geometry": {"type": "MultiPolygon", "coordinates": [[[[-73.9730731, 40.6857631], [-73.973316, 40.6855922], [-73.9742815, 40.6855131], [-73.9744425, 40.6863082], [-73.9746166, 40.6871907], [-73.9736482, 40.6873026], [-73.9734137, 40.6860869], [-73.9733748, 40.6858848], [-73.9730731, 40.6857631]]]]}}, {"type": "Feature", "properties": {"felt:feature": 85, "ed_label": "AD 57 ED 073", "elect_dist": "57073", "borough": "Brooklyn", "community_board": 2, "community_board_label": "Brooklyn CB2", "popup_title": "Brooklyn CB2 \u2014 AD 57 ED 073", "general_mayor": "ZOHRAN KWAME MAMDANI beat ANDREW M. CUOMO, 768 to 145, 82.5% to 15.6%; total votes 931.", "general_mayor_winner": "Mamdani", "general_public_advocate": "JUMAANE D. WILLIAMS beat GONZALO DURAN, 853 to 46, 93.8% to 5.1%; total votes 909.", "general_public_advocate_winner": "Williams", "general_comptroller": "MARK D. LEVINE beat PETER KEFALAS, 811 to 48, 92.5% to 5.5%; total votes 877.", "general_comptroller_winner": "Levine", "question_1": "Disapprove beat Approve, 439 to 431, 50.5% to 49.5%; total votes 870.", "question_1_winner": "No-disapprove!", "question_2": "Approve beat Disapprove, 623 to 267, 70.0% to 30.0%; total votes 890.", "question_2_winner": "Yes-approve!", "question_3": "Approve beat Disapprove, 596 to 293, 67.0% to 33.0%; total votes 889.", "question_3_winner": "Yes-approve!", "question_4": "Approve beat Disapprove, 578 to 291, 66.5% to 33.5%; total votes 869.", "question_4_winner": "Yes-approve!", "question_5": "Approve beat Disapprove, 774 to 98, 88.8% to 11.2%; total votes 872.", "question_5_winner": "Yes-approve!", "question_6": "Approve beat Disapprove, 475 to 392, 54.8% to 45.2%; total votes 867.", "question_6_winner": "Yes-approve!", "dem_primary_mayor": "Zohran Kwame Mamdani beat Brad Lander, 358 to 129, 56.0% to 20.2%; total votes 639.", "dem_primary_mayor_winner": "Mamdani", "dem_primary_public_advocate": "Jumaane D. Williams beat Jenifer Rajkumar, 469 to 76, 81.0% to 13.1%; total votes 579.", "dem_primary_public_advocate_winner": "Williams", "dem_primary_comptroller": "Justin Brannan beat Mark D. Levine, 291 to 221, 50.6% to 38.4%; total votes 575.", "dem_primary_comptroller_winner": "Brannan", "popup_summary": "Mayor: ZOHRAN KWAME MAMDANI beat ANDREW M. CUOMO, 768 to 145, 82.5% to 15.6%; total votes 931. | Public Advocate: JUMAANE D. WILLIAMS beat GONZALO DURAN, 853 to 46, 93.8% to 5.1%; total votes 909. | City Comptroller: MARK D. LEVINE beat PETER KEFALAS, 811 to 48, 92.5% to 5.5%; total votes 877. | Question 1: Disapprove beat Approve, 439 to 431, 50.5% to 49.5%; total votes 870. | Question 2: Approve beat Disapprove, 623 to 267, 70.0% to 30.0%; total votes 890. | Question 3: Approve beat Disapprove, 596 to 293, 67.0% to 33.0%; total votes 889. | Question 4: Approve beat Disapprove, 578 to 291, 66.5% to 33.5%; total votes 869. | Question 5: Approve beat Disapprove, 774 to 98, 88.8% to 11.2%; total votes 872. | Question 6: Approve beat Disapprove, 475 to 392, 54.8% to 45.2%; total votes 867. | Dem Primary Mayor: Zohran Kwame Mamdani beat Brad Lander, 358 to 129, 56.0% to 20.2%; total votes 639. | Dem Primary Public Advocate: Jumaane D. Williams beat Jenifer Rajkumar, 469 to 76, 81.0% to 13.1%; total votes 579. | Dem Primary Comptroller: Justin Brannan beat Mark D. Levine, 291 to 221, 50.6% to 38.4%; total votes 575.", "mayor_margin": 66.9, "q2_yes": 70.0, "q3_yes": 67.0, "q4_yes": 66.5}, "geometry": {"type": "MultiPolygon", "coordinates": [[[[-73.976102, 40.6897365], [-73.97559, 40.6870864], [-73.9762059, 40.6870254], [-73.9765466, 40.6869972], [-73.9768293, 40.686966], [-73.9773605, 40.6869079], [-73.9781981, 40.6868192], [-73.9790659, 40.6867177], [-73.9792854, 40.688254], [-73.9788416, 40.6880812], [-73.9783512, 40.6878859], [-73.9786255, 40.6898389], [-73.9779394, 40.6898062], [-73.977098, 40.6897729], [-73.976102, 40.6897365]]]]}}, {"type": "Feature", "properties": {"felt:feature": 86, "ed_label": "AD 57 ED 074", "elect_dist": "57074", "borough": "Brooklyn", "community_board": 2, "community_board_label": "Brooklyn CB2", "popup_title": "Brooklyn CB2 \u2014 AD 57 ED 074", "general_mayor": "ZOHRAN KWAME MAMDANI beat ANDREW M. CUOMO, 509 to 110, 80.9% to 17.5%; total votes 629.", "general_mayor_winner": "Mamdani", "general_public_advocate": "JUMAANE D. WILLIAMS beat GONZALO DURAN, 562 to 38, 92.6% to 6.3%; total votes 607.", "general_public_advocate_winner": "Williams", "general_comptroller": "MARK D. LEVINE beat PETER KEFALAS, 548 to 37, 91.5% to 6.2%; total votes 599.", "general_comptroller_winner": "Levine", "question_1": "Approve beat Disapprove, 301 to 283, 51.5% to 48.5%; total votes 584.", "question_1_winner": "Yes-approve!", "question_2": "Approve beat Disapprove, 413 to 184, 69.2% to 30.8%; total votes 597.", "question_2_winner": "Yes-approve!", "question_3": "Approve beat Disapprove, 394 to 188, 67.7% to 32.3%; total votes 582.", "question_3_winner": "Yes-approve!", "question_4": "Approve beat Disapprove, 387 to 196, 66.4% to 33.6%; total votes 583.", "question_4_winner": "Yes-approve!", "question_5": "Approve beat Disapprove, 527 to 68, 88.6% to 11.4%; total votes 595.", "question_5_winner": "Yes-approve!", "question_6": "Approve beat Disapprove, 342 to 244, 58.4% to 41.6%; total votes 586.", "question_6_winner": "Yes-approve!", "dem_primary_mayor": "Zohran Kwame Mamdani beat Brad Lander, 282 to 92, 59.9% to 19.5%; total votes 471.", "dem_primary_mayor_winner": "Mamdani", "dem_primary_public_advocate": "Jumaane D. Williams beat Jenifer Rajkumar, 356 to 41, 83.6% to 9.6%; total votes 426.", "dem_primary_public_advocate_winner": "Williams", "dem_primary_comptroller": "Justin Brannan beat Mark D. Levine, 217 to 147, 51.7% to 35.0%; total votes 420.", "dem_primary_comptroller_winner": "Brannan", "popup_summary": "Mayor: ZOHRAN KWAME MAMDANI beat ANDREW M. CUOMO, 509 to 110, 80.9% to 17.5%; total votes 629. | Public Advocate: JUMAANE D. WILLIAMS beat GONZALO DURAN, 562 to 38, 92.6% to 6.3%; total votes 607. | City Comptroller: MARK D. LEVINE beat PETER KEFALAS, 548 to 37, 91.5% to 6.2%; total votes 599. | Question 1: Approve beat Disapprove, 301 to 283, 51.5% to 48.5%; total votes 584. | Question 2: Approve beat Disapprove, 413 to 184, 69.2% to 30.8%; total votes 597. | Question 3: Approve beat Disapprove, 394 to 188, 67.7% to 32.3%; total votes 582. | Question 4: Approve beat Disapprove, 387 to 196, 66.4% to 33.6%; total votes 583. | Question 5: Approve beat Disapprove, 527 to 68, 88.6% to 11.4%; total votes 595. | Question 6: Approve beat Disapprove, 342 to 244, 58.4% to 41.6%; total votes 586. | Dem Primary Mayor: Zohran Kwame Mamdani beat Brad Lander, 282 to 92, 59.9% to 19.5%; total votes 471. | Dem Primary Public Advocate: Jumaane D. Williams beat Jenifer Rajkumar, 356 to 41, 83.6% to 9.6%; total votes 426. | Dem Primary Comptroller: Justin Brannan beat Mark D. Levine, 217 to 147, 51.7% to 35.0%; total votes 420.", "mayor_margin": 63.4, "q2_yes": 69.2, "q3_yes": 67.7, "q4_yes": 66.4}, "geometry": {"type": "MultiPolygon", "coordinates": [[[[-73.9751057, 40.6896975], [-73.9746166, 40.6871907], [-73.9744425, 40.6863082], [-73.9742815, 40.6855131], [-73.9752432, 40.6854056], [-73.9758076, 40.6853395], [-73.9762007, 40.6852935], [-73.9770275, 40.6851927], [-73.977056, 40.6853398], [-73.9773605, 40.6869079], [-73.9768293, 40.686966], [-73.9765466, 40.6869972], [-73.9762059, 40.6870254], [-73.97559, 40.6870864], [-73.976102, 40.6897365], [-73.9751057, 40.6896975]]]]}}, {"type": "Feature", "properties": {"felt:feature": 87, "ed_label": "AD 57 ED 078", "elect_dist": "57078", "borough": "Brooklyn", "community_board": 2, "community_board_label": "Brooklyn CB2", "popup_title": "Brooklyn CB2 \u2014 AD 57 ED 078", "general_mayor": "ANDREW M. CUOMO beat CURTIS A. SLIWA, 0 to 0, 0.0% to 0.0%; total votes 0.", "general_mayor_winner": "Cuomo", "general_public_advocate": "GONZALO DURAN beat JUMAANE D. WILLIAMS, 0 to 0, 0.0% to 0.0%; total votes 0.", "general_public_advocate_winner": "Duran", "general_comptroller": "ISMAEL MALAVE PEREZ beat MARK D. LEVINE, 0 to 0, 0.0% to 0.0%; total votes 0.", "general_comptroller_winner": "Perez", "question_1": "Disapprove beat Approve, 0 to 0, 0.0% to 0.0%; total votes 0.", "question_1_winner": "No-disapprove!", "question_2": "Disapprove beat Approve, 0 to 0, 0.0% to 0.0%; total votes 0.", "question_2_winner": "No-disapprove!", "question_3": "Disapprove beat Approve, 0 to 0, 0.0% to 0.0%; total votes 0.", "question_3_winner": "No-disapprove!", "question_4": "Disapprove beat Approve, 0 to 0, 0.0% to 0.0%; total votes 0.", "question_4_winner": "No-disapprove!", "question_5": "Disapprove beat Approve, 0 to 0, 0.0% to 0.0%; total votes 0.", "question_5_winner": "No-disapprove!", "question_6": "Disapprove beat Approve, 0 to 0, 0.0% to 0.0%; total votes 0.", "question_6_winner": "No-disapprove!", "dem_primary_mayor": "No results found", "dem_primary_mayor_winner": "No winner found", "dem_primary_public_advocate": "No results found", "dem_primary_public_advocate_winner": "No winner found", "dem_primary_comptroller": "No results found", "dem_primary_comptroller_winner": "No winner found", "popup_summary": "Mayor: ANDREW M. CUOMO beat CURTIS A. SLIWA, 0 to 0, 0.0% to 0.0%; total votes 0. | Public Advocate: GONZALO DURAN beat JUMAANE D. WILLIAMS, 0 to 0, 0.0% to 0.0%; total votes 0. | City Comptroller: ISMAEL MALAVE PEREZ beat MARK D. LEVINE, 0 to 0, 0.0% to 0.0%; total votes 0. | Question 1: Disapprove beat Approve, 0 to 0, 0.0% to 0.0%; total votes 0. | Question 2: Disapprove beat Approve, 0 to 0, 0.0% to 0.0%; total votes 0. | Question 3: Disapprove beat Approve, 0 to 0, 0.0% to 0.0%; total votes 0. | Question 4: Disapprove beat Approve, 0 to 0, 0.0% to 0.0%; total votes 0. | Question 5: Disapprove beat Approve, 0 to 0, 0.0% to 0.0%; total votes 0. | Question 6: Disapprove beat Approve, 0 to 0, 0.0% to 0.0%; total votes 0.", "mayor_margin": 0.0, "q2_yes": 0.0, "q3_yes": 0.0, "q4_yes": 0.0}, "geometry": {"type": "MultiPolygon", "coordinates": [[[[-73.9845324, 40.6998237], [-73.9838694, 40.6997909], [-73.9836767, 40.6997912], [-73.9835525, 40.6997903], [-73.9830205, 40.6997881], [-73.9829322, 40.6997715], [-73.9829365, 40.6997213], [-73.982952, 40.6995395], [-73.9829566, 40.6994856], [-73.9830462, 40.6984391], [-73.9830515, 40.6983779], [-73.9831489, 40.6983817], [-73.9831969, 40.6984248], [-73.9832818, 40.6985023], [-73.983562, 40.6987579], [-73.9841775, 40.6993204], [-73.9845288, 40.6996775], [-73.9845461, 40.6996951], [-73.9846474, 40.6997873], [-73.9847041, 40.6998403], [-73.9846524, 40.6998364], [-73.9845324, 40.6998237]]]]}}]}