{"type": "FeatureCollection", "features": [{"type": "Feature", "properties": {"felt:feature": 1, "ed_label": "AD 46 ED 001", "elect_dist": "46001", "borough": "Brooklyn", "community_board": 10, "community_board_label": "Brooklyn CB10", "popup_title": "Brooklyn CB10 \u2014 AD 46 ED 001", "general_mayor": "ZOHRAN KWAME MAMDANI beat ANDREW M. CUOMO, 289 to 220, 49.9% to 38.0%; total votes 579.", "general_mayor_winner": "Mamdani", "general_public_advocate": "JUMAANE D. WILLIAMS beat GONZALO DURAN, 333 to 190, 61.7% to 35.2%; total votes 540.", "general_public_advocate_winner": "Williams", "general_comptroller": "MARK D. LEVINE beat PETER KEFALAS, 320 to 190, 60.1% to 35.7%; total votes 532.", "general_comptroller_winner": "Levine", "question_1": "Disapprove beat Approve, 312 to 185, 62.8% to 37.2%; total votes 497.", "question_1_winner": "No-disapprove!", "question_2": "Disapprove beat Approve, 261 to 246, 51.5% to 48.5%; total votes 507.", "question_2_winner": "No-disapprove!", "question_3": "Approve beat Disapprove, 253 to 245, 50.8% to 49.2%; total votes 498.", "question_3_winner": "Yes-approve!", "question_4": "Approve beat Disapprove, 251 to 248, 50.3% to 49.7%; total votes 499.", "question_4_winner": "Yes-approve!", "question_5": "Approve beat Disapprove, 363 to 135, 72.9% to 27.1%; total votes 498.", "question_5_winner": "Yes-approve!", "question_6": "Disapprove beat Approve, 273 to 221, 55.3% to 44.7%; total votes 494.", "question_6_winner": "No-disapprove!", "dem_primary_mayor": "Zohran Kwame Mamdani beat Andrew M. Cuomo, 124 to 49, 52.1% to 20.6%; total votes 238.", "dem_primary_mayor_winner": "Mamdani", "dem_primary_public_advocate": "Jumaane D. Williams beat Jenifer Rajkumar, 147 to 50, 66.8% to 22.7%; total votes 220.", "dem_primary_public_advocate_winner": "Williams", "dem_primary_comptroller": "Justin Brannan beat Mark D. Levine, 186 to 27, 80.5% to 11.7%; total votes 231.", "dem_primary_comptroller_winner": "Brannan", "popup_summary": "Mayor: ZOHRAN KWAME MAMDANI beat ANDREW M. CUOMO, 289 to 220, 49.9% to 38.0%; total votes 579. | Public Advocate: JUMAANE D. WILLIAMS beat GONZALO DURAN, 333 to 190, 61.7% to 35.2%; total votes 540. | City Comptroller: MARK D. LEVINE beat PETER KEFALAS, 320 to 190, 60.1% to 35.7%; total votes 532. | Question 1: Disapprove beat Approve, 312 to 185, 62.8% to 37.2%; total votes 497. | Question 2: Disapprove beat Approve, 261 to 246, 51.5% to 48.5%; total votes 507. | Question 3: Approve beat Disapprove, 253 to 245, 50.8% to 49.2%; total votes 498. | Question 4: Approve beat Disapprove, 251 to 248, 50.3% to 49.7%; total votes 499. | Question 5: Approve beat Disapprove, 363 to 135, 72.9% to 27.1%; total votes 498. | Question 6: Disapprove beat Approve, 273 to 221, 55.3% to 44.7%; total votes 494. | Dem Primary Mayor: Zohran Kwame Mamdani beat Andrew M. Cuomo, 124 to 49, 52.1% to 20.6%; total votes 238. | Dem Primary Public Advocate: Jumaane D. Williams beat Jenifer Rajkumar, 147 to 50, 66.8% to 22.7%; total votes 220. | Dem Primary Comptroller: Justin Brannan beat Mark D. Levine, 186 to 27, 80.5% to 11.7%; total votes 231.", "mayor_margin": 11.9, "q2_yes": 51.5, "q3_yes": 50.8, "q4_yes": 50.3}, "geometry": {"type": "MultiPolygon", "coordinates": [[[[-74.0275072, 40.6321546], [-74.027791, 40.6314634], [-74.0280802, 40.6307542], [-74.02838, 40.6300227], [-74.028678, 40.6292943], [-74.0313599, 40.6299305], [-74.0310607, 40.630661], [-74.030764, 40.6313913], [-74.0306385, 40.6316965], [-74.0304731, 40.632099], [-74.0301909, 40.6327907], [-74.0275072, 40.6321546]]]]}}, {"type": "Feature", "properties": {"felt:feature": 2, "ed_label": "AD 46 ED 002", "elect_dist": "46002", "borough": "Brooklyn", "community_board": 10, "community_board_label": "Brooklyn CB10", "popup_title": "Brooklyn CB10 \u2014 AD 46 ED 002", "general_mayor": "ZOHRAN KWAME MAMDANI beat ANDREW M. CUOMO, 325 to 165, 58.6% to 29.7%; total votes 555.", "general_mayor_winner": "Mamdani", "general_public_advocate": "JUMAANE D. WILLIAMS beat GONZALO DURAN, 372 to 148, 69.8% to 27.8%; total votes 533.", "general_public_advocate_winner": "Williams", "general_comptroller": "MARK D. LEVINE beat PETER KEFALAS, 354 to 144, 69.0% to 28.1%; total votes 513.", "general_comptroller_winner": "Levine", "question_1": "Disapprove beat Approve, 290 to 189, 60.5% to 39.5%; total votes 479.", "question_1_winner": "No-disapprove!", "question_2": "Approve beat Disapprove, 261 to 228, 53.4% to 46.6%; total votes 489.", "question_2_winner": "Yes-approve!", "question_3": "Approve beat Disapprove, 244 to 238, 50.6% to 49.4%; total votes 482.", "question_3_winner": "Yes-approve!", "question_4": "Approve beat Disapprove, 243 to 236, 50.7% to 49.3%; total votes 479.", "question_4_winner": "Yes-approve!", "question_5": "Approve beat Disapprove, 344 to 130, 72.6% to 27.4%; total votes 474.", "question_5_winner": "Yes-approve!", "question_6": "Disapprove beat Approve, 276 to 202, 57.7% to 42.3%; total votes 478.", "question_6_winner": "No-disapprove!", "dem_primary_mayor": "Zohran Kwame Mamdani beat Andrew M. Cuomo, 163 to 44, 64.4% to 17.4%; total votes 253.", "dem_primary_mayor_winner": "Mamdani", "dem_primary_public_advocate": "Jumaane D. Williams beat Jenifer Rajkumar, 181 to 24, 80.1% to 10.6%; total votes 226.", "dem_primary_public_advocate_winner": "Williams", "dem_primary_comptroller": "Justin Brannan beat Mark D. Levine, 204 to 26, 84.6% to 10.8%; total votes 241.", "dem_primary_comptroller_winner": "Brannan", "popup_summary": "Mayor: ZOHRAN KWAME MAMDANI beat ANDREW M. CUOMO, 325 to 165, 58.6% to 29.7%; total votes 555. | Public Advocate: JUMAANE D. WILLIAMS beat GONZALO DURAN, 372 to 148, 69.8% to 27.8%; total votes 533. | City Comptroller: MARK D. LEVINE beat PETER KEFALAS, 354 to 144, 69.0% to 28.1%; total votes 513. | Question 1: Disapprove beat Approve, 290 to 189, 60.5% to 39.5%; total votes 479. | Question 2: Approve beat Disapprove, 261 to 228, 53.4% to 46.6%; total votes 489. | Question 3: Approve beat Disapprove, 244 to 238, 50.6% to 49.4%; total votes 482. | Question 4: Approve beat Disapprove, 243 to 236, 50.7% to 49.3%; total votes 479. | Question 5: Approve beat Disapprove, 344 to 130, 72.6% to 27.4%; total votes 474. | Question 6: Disapprove beat Approve, 276 to 202, 57.7% to 42.3%; total votes 478. | Dem Primary Mayor: Zohran Kwame Mamdani beat Andrew M. Cuomo, 163 to 44, 64.4% to 17.4%; total votes 253. | Dem Primary Public Advocate: Jumaane D. Williams beat Jenifer Rajkumar, 181 to 24, 80.1% to 10.6%; total votes 226. | Dem Primary Comptroller: Justin Brannan beat Mark D. Levine, 204 to 26, 84.6% to 10.8%; total votes 241.", "mayor_margin": 28.9, "q2_yes": 53.4, "q3_yes": 50.6, "q4_yes": 50.7}, "geometry": {"type": "MultiPolygon", "coordinates": [[[[-74.0247916, 40.6315057], [-74.0250863, 40.6308319], [-74.025361, 40.6301093], [-74.0256601, 40.6293777], [-74.0259582, 40.6286473], [-74.0262632, 40.62792], [-74.0271435, 40.628131], [-74.0284032, 40.6284281], [-74.0289758, 40.6285641], [-74.028678, 40.6292943], [-74.02838, 40.6300227], [-74.0280802, 40.6307542], [-74.027791, 40.6314634], [-74.0275072, 40.6321546], [-74.0247916, 40.6315057]]]]}}, {"type": "Feature", "properties": {"felt:feature": 3, "ed_label": "AD 46 ED 003", "elect_dist": "46003", "borough": "Brooklyn", "community_board": 10, "community_board_label": "Brooklyn CB10", "popup_title": "Brooklyn CB10 \u2014 AD 46 ED 003", "general_mayor": "ZOHRAN KWAME MAMDANI beat ANDREW M. CUOMO, 417 to 218, 57.0% to 29.8%; total votes 731.", "general_mayor_winner": "Mamdani", "general_public_advocate": "JUMAANE D. WILLIAMS beat GONZALO DURAN, 508 to 164, 73.3% to 23.7%; total votes 693.", "general_public_advocate_winner": "Williams", "general_comptroller": "MARK D. LEVINE beat PETER KEFALAS, 486 to 159, 72.6% to 23.8%; total votes 669.", "general_comptroller_winner": "Levine", "question_1": "Disapprove beat Approve, 366 to 260, 58.5% to 41.5%; total votes 626.", "question_1_winner": "No-disapprove!", "question_2": "Approve beat Disapprove, 326 to 305, 51.7% to 48.3%; total votes 631.", "question_2_winner": "Yes-approve!", "question_3": "Disapprove beat Approve, 318 to 303, 51.2% to 48.8%; total votes 621.", "question_3_winner": "No-disapprove!", "question_4": "Approve beat Disapprove, 320 to 303, 51.4% to 48.6%; total votes 623.", "question_4_winner": "Yes-approve!", "question_5": "Approve beat Disapprove, 448 to 175, 71.9% to 28.1%; total votes 623.", "question_5_winner": "Yes-approve!", "question_6": "Disapprove beat Approve, 338 to 284, 54.3% to 45.7%; total votes 622.", "question_6_winner": "No-disapprove!", "dem_primary_mayor": "Zohran Kwame Mamdani beat Andrew M. Cuomo, 195 to 82, 52.1% to 21.9%; total votes 374.", "dem_primary_mayor_winner": "Mamdani", "dem_primary_public_advocate": "Jumaane D. Williams beat Jenifer Rajkumar, 240 to 59, 70.6% to 17.4%; total votes 340.", "dem_primary_public_advocate_winner": "Williams", "dem_primary_comptroller": "Justin Brannan beat Mark D. Levine, 299 to 42, 83.5% to 11.7%; total votes 358.", "dem_primary_comptroller_winner": "Brannan", "popup_summary": "Mayor: ZOHRAN KWAME MAMDANI beat ANDREW M. CUOMO, 417 to 218, 57.0% to 29.8%; total votes 731. | Public Advocate: JUMAANE D. WILLIAMS beat GONZALO DURAN, 508 to 164, 73.3% to 23.7%; total votes 693. | City Comptroller: MARK D. LEVINE beat PETER KEFALAS, 486 to 159, 72.6% to 23.8%; total votes 669. | Question 1: Disapprove beat Approve, 366 to 260, 58.5% to 41.5%; total votes 626. | Question 2: Approve beat Disapprove, 326 to 305, 51.7% to 48.3%; total votes 631. | Question 3: Disapprove beat Approve, 318 to 303, 51.2% to 48.8%; total votes 621. | Question 4: Approve beat Disapprove, 320 to 303, 51.4% to 48.6%; total votes 623. | Question 5: Approve beat Disapprove, 448 to 175, 71.9% to 28.1%; total votes 623. | Question 6: Disapprove beat Approve, 338 to 284, 54.3% to 45.7%; total votes 622. | Dem Primary Mayor: Zohran Kwame Mamdani beat Andrew M. Cuomo, 195 to 82, 52.1% to 21.9%; total votes 374. | Dem Primary Public Advocate: Jumaane D. Williams beat Jenifer Rajkumar, 240 to 59, 70.6% to 17.4%; total votes 340. | Dem Primary Comptroller: Justin Brannan beat Mark D. Levine, 299 to 42, 83.5% to 11.7%; total votes 358.", "mayor_margin": 27.2, "q2_yes": 51.7, "q3_yes": 51.2, "q4_yes": 51.4}, "geometry": {"type": "MultiPolygon", "coordinates": [[[[-74.0222964, 40.6303231], [-74.0226379, 40.6294863], [-74.0229595, 40.6287013], [-74.023258, 40.6279714], [-74.0235568, 40.6272425], [-74.0238533, 40.6265145], [-74.0261346, 40.6278868], [-74.0262632, 40.62792], [-74.0259582, 40.6286473], [-74.0256601, 40.6293777], [-74.025361, 40.6301093], [-74.0250863, 40.6308319], [-74.0247916, 40.6315057], [-74.0229293, 40.6306231], [-74.0222964, 40.6303231]]]]}}, {"type": "Feature", "properties": {"felt:feature": 4, "ed_label": "AD 46 ED 004", "elect_dist": "46004", "borough": "Brooklyn", "community_board": 10, "community_board_label": "Brooklyn CB10", "popup_title": "Brooklyn CB10 \u2014 AD 46 ED 004", "general_mayor": "ZOHRAN KWAME MAMDANI beat ANDREW M. CUOMO, 352 to 232, 53.0% to 34.9%; total votes 664.", "general_mayor_winner": "Mamdani", "general_public_advocate": "JUMAANE D. WILLIAMS beat GONZALO DURAN, 421 to 182, 66.9% to 28.9%; total votes 629.", "general_public_advocate_winner": "Williams", "general_comptroller": "MARK D. LEVINE beat PETER KEFALAS, 412 to 186, 67.2% to 30.3%; total votes 613.", "general_comptroller_winner": "Levine", "question_1": "Disapprove beat Approve, 334 to 244, 57.8% to 42.2%; total votes 578.", "question_1_winner": "No-disapprove!", "question_2": "Disapprove beat Approve, 326 to 252, 56.4% to 43.6%; total votes 578.", "question_2_winner": "No-disapprove!", "question_3": "Disapprove beat Approve, 319 to 254, 55.7% to 44.3%; total votes 573.", "question_3_winner": "No-disapprove!", "question_4": "Disapprove beat Approve, 316 to 263, 54.6% to 45.4%; total votes 579.", "question_4_winner": "No-disapprove!", "question_5": "Approve beat Disapprove, 425 to 154, 73.4% to 26.6%; total votes 579.", "question_5_winner": "Yes-approve!", "question_6": "Disapprove beat Approve, 303 to 269, 53.0% to 47.0%; total votes 572.", "question_6_winner": "No-disapprove!", "dem_primary_mayor": "Zohran Kwame Mamdani beat Brad Lander, 162 to 72, 50.6% to 22.5%; total votes 320.", "dem_primary_mayor_winner": "Mamdani", "dem_primary_public_advocate": "Jumaane D. Williams beat Jenifer Rajkumar, 218 to 47, 71.9% to 15.5%; total votes 303.", "dem_primary_public_advocate_winner": "Williams", "dem_primary_comptroller": "Justin Brannan beat Mark D. Levine, 275 to 31, 85.9% to 9.7%; total votes 320.", "dem_primary_comptroller_winner": "Brannan", "popup_summary": "Mayor: ZOHRAN KWAME MAMDANI beat ANDREW M. CUOMO, 352 to 232, 53.0% to 34.9%; total votes 664. | Public Advocate: JUMAANE D. WILLIAMS beat GONZALO DURAN, 421 to 182, 66.9% to 28.9%; total votes 629. | City Comptroller: MARK D. LEVINE beat PETER KEFALAS, 412 to 186, 67.2% to 30.3%; total votes 613. | Question 1: Disapprove beat Approve, 334 to 244, 57.8% to 42.2%; total votes 578. | Question 2: Disapprove beat Approve, 326 to 252, 56.4% to 43.6%; total votes 578. | Question 3: Disapprove beat Approve, 319 to 254, 55.7% to 44.3%; total votes 573. | Question 4: Disapprove beat Approve, 316 to 263, 54.6% to 45.4%; total votes 579. | Question 5: Approve beat Disapprove, 425 to 154, 73.4% to 26.6%; total votes 579. | Question 6: Disapprove beat Approve, 303 to 269, 53.0% to 47.0%; total votes 572. | Dem Primary Mayor: Zohran Kwame Mamdani beat Brad Lander, 162 to 72, 50.6% to 22.5%; total votes 320. | Dem Primary Public Advocate: Jumaane D. Williams beat Jenifer Rajkumar, 218 to 47, 71.9% to 15.5%; total votes 303. | Dem Primary Comptroller: Justin Brannan beat Mark D. Levine, 275 to 31, 85.9% to 9.7%; total votes 320.", "mayor_margin": 18.1, "q2_yes": 56.4, "q3_yes": 55.7, "q4_yes": 54.6}, "geometry": {"type": "MultiPolygon", "coordinates": [[[[-74.0198289, 40.6291682], [-74.0199575, 40.6288378], [-74.0202772, 40.6280621], [-74.018639, 40.6270705], [-74.0189603, 40.6262956], [-74.0192638, 40.6255763], [-74.0194586, 40.6252074], [-74.0196317, 40.6248797], [-74.0211941, 40.6258159], [-74.0235568, 40.6272425], [-74.023258, 40.6279714], [-74.0229595, 40.6287013], [-74.0226379, 40.6294863], [-74.0222964, 40.6303231], [-74.0198289, 40.6291682]]]]}}, {"type": "Feature", "properties": {"felt:feature": 5, "ed_label": "AD 46 ED 005", "elect_dist": "46005", "borough": "Brooklyn", "community_board": 10, "community_board_label": "Brooklyn CB10", "popup_title": "Brooklyn CB10 \u2014 AD 46 ED 005", "general_mayor": "ZOHRAN KWAME MAMDANI beat ANDREW M. CUOMO, 345 to 290, 46.7% to 39.3%; total votes 738.", "general_mayor_winner": "Mamdani", "general_public_advocate": "JUMAANE D. WILLIAMS beat GONZALO DURAN, 433 to 237, 62.6% to 34.2%; total votes 692.", "general_public_advocate_winner": "Williams", "general_comptroller": "MARK D. LEVINE beat PETER KEFALAS, 427 to 243, 62.2% to 35.4%; total votes 687.", "general_comptroller_winner": "Levine", "question_1": "Disapprove beat Approve, 379 to 235, 61.7% to 38.3%; total votes 614.", "question_1_winner": "No-disapprove!", "question_2": "Disapprove beat Approve, 326 to 298, 52.2% to 47.8%; total votes 624.", "question_2_winner": "No-disapprove!", "question_3": "Disapprove beat Approve, 344 to 270, 56.0% to 44.0%; total votes 614.", "question_3_winner": "No-disapprove!", "question_4": "Disapprove beat Approve, 311 to 288, 51.9% to 48.1%; total votes 599.", "question_4_winner": "No-disapprove!", "question_5": "Approve beat Disapprove, 402 to 199, 66.9% to 33.1%; total votes 601.", "question_5_winner": "Yes-approve!", "question_6": "Disapprove beat Approve, 370 to 225, 62.2% to 37.8%; total votes 595.", "question_6_winner": "No-disapprove!", "dem_primary_mayor": "Zohran Kwame Mamdani beat Andrew M. Cuomo, 158 to 73, 55.6% to 25.7%; total votes 284.", "dem_primary_mayor_winner": "Mamdani", "dem_primary_public_advocate": "Jumaane D. Williams beat Jenifer Rajkumar, 170 to 49, 65.9% to 19.0%; total votes 258.", "dem_primary_public_advocate_winner": "Williams", "dem_primary_comptroller": "Justin Brannan beat Mark D. Levine, 203 to 54, 74.4% to 19.8%; total votes 273.", "dem_primary_comptroller_winner": "Brannan", "popup_summary": "Mayor: ZOHRAN KWAME MAMDANI beat ANDREW M. CUOMO, 345 to 290, 46.7% to 39.3%; total votes 738. | Public Advocate: JUMAANE D. WILLIAMS beat GONZALO DURAN, 433 to 237, 62.6% to 34.2%; total votes 692. | City Comptroller: MARK D. LEVINE beat PETER KEFALAS, 427 to 243, 62.2% to 35.4%; total votes 687. | Question 1: Disapprove beat Approve, 379 to 235, 61.7% to 38.3%; total votes 614. | Question 2: Disapprove beat Approve, 326 to 298, 52.2% to 47.8%; total votes 624. | Question 3: Disapprove beat Approve, 344 to 270, 56.0% to 44.0%; total votes 614. | Question 4: Disapprove beat Approve, 311 to 288, 51.9% to 48.1%; total votes 599. | Question 5: Approve beat Disapprove, 402 to 199, 66.9% to 33.1%; total votes 601. | Question 6: Disapprove beat Approve, 370 to 225, 62.2% to 37.8%; total votes 595. | Dem Primary Mayor: Zohran Kwame Mamdani beat Andrew M. Cuomo, 158 to 73, 55.6% to 25.7%; total votes 284. | Dem Primary Public Advocate: Jumaane D. Williams beat Jenifer Rajkumar, 170 to 49, 65.9% to 19.0%; total votes 258. | Dem Primary Comptroller: Justin Brannan beat Mark D. Levine, 203 to 54, 74.4% to 19.8%; total votes 273.", "mayor_margin": 7.4, "q2_yes": 52.2, "q3_yes": 56.0, "q4_yes": 51.9}, "geometry": {"type": "MultiPolygon", "coordinates": [[[[-74.0196317, 40.6248797], [-74.0200742, 40.6242464], [-74.019944, 40.6242749], [-74.019767, 40.624266], [-74.019582, 40.624267], [-74.0197765, 40.6239979], [-74.019801, 40.623964], [-74.020015, 40.6236782], [-74.0201982, 40.6234335], [-74.020224, 40.623399], [-74.020652, 40.622903], [-74.0207478, 40.622788], [-74.0210173, 40.6224645], [-74.0211113, 40.6223515], [-74.0212006, 40.6222449], [-74.0216129, 40.6221838], [-74.0214435, 40.6224109], [-74.0216502, 40.6224486], [-74.0223888, 40.622896], [-74.0247504, 40.6243208], [-74.0244489, 40.6250484], [-74.0241534, 40.6257804], [-74.0238533, 40.6265145], [-74.0235568, 40.6272425], [-74.0211941, 40.6258159], [-74.0196317, 40.6248797]]]]}}, {"type": "Feature", "properties": {"felt:feature": 6, "ed_label": "AD 46 ED 006", "elect_dist": "46006", "borough": "Brooklyn", "community_board": 10, "community_board_label": "Brooklyn CB10", "popup_title": "Brooklyn CB10 \u2014 AD 46 ED 006", "general_mayor": "ANDREW M. CUOMO beat ZOHRAN KWAME MAMDANI, 384 to 219, 49.8% to 28.4%; total votes 771.", "general_mayor_winner": "Cuomo", "general_public_advocate": "GONZALO DURAN beat JUMAANE D. WILLIAMS, 396 to 322, 53.7% to 43.6%; total votes 738.", "general_public_advocate_winner": "Duran", "general_comptroller": "PETER KEFALAS beat MARK D. LEVINE, 407 to 319, 54.9% to 43.0%; total votes 742.", "general_comptroller_winner": "Kefalas", "question_1": "Disapprove beat Approve, 415 to 267, 60.9% to 39.1%; total votes 682.", "question_1_winner": "No-disapprove!", "question_2": "Disapprove beat Approve, 469 to 221, 68.0% to 32.0%; total votes 690.", "question_2_winner": "No-disapprove!", "question_3": "Disapprove beat Approve, 432 to 252, 63.2% to 36.8%; total votes 684.", "question_3_winner": "No-disapprove!", "question_4": "Disapprove beat Approve, 414 to 266, 60.9% to 39.1%; total votes 680.", "question_4_winner": "No-disapprove!", "question_5": "Approve beat Disapprove, 407 to 274, 59.8% to 40.2%; total votes 681.", "question_5_winner": "Yes-approve!", "question_6": "Disapprove beat Approve, 445 to 234, 65.5% to 34.5%; total votes 679.", "question_6_winner": "No-disapprove!", "dem_primary_mayor": "Zohran Kwame Mamdani beat Andrew M. Cuomo, 106 to 90, 41.4% to 35.2%; total votes 256.", "dem_primary_mayor_winner": "Mamdani", "dem_primary_public_advocate": "Jumaane D. Williams beat Jenifer Rajkumar, 128 to 58, 56.1% to 25.4%; total votes 228.", "dem_primary_public_advocate_winner": "Williams", "dem_primary_comptroller": "Justin Brannan beat Mark D. Levine, 192 to 36, 78.7% to 14.8%; total votes 244.", "dem_primary_comptroller_winner": "Brannan", "popup_summary": "Mayor: ANDREW M. CUOMO beat ZOHRAN KWAME MAMDANI, 384 to 219, 49.8% to 28.4%; total votes 771. | Public Advocate: GONZALO DURAN beat JUMAANE D. WILLIAMS, 396 to 322, 53.7% to 43.6%; total votes 738. | City Comptroller: PETER KEFALAS beat MARK D. LEVINE, 407 to 319, 54.9% to 43.0%; total votes 742. | Question 1: Disapprove beat Approve, 415 to 267, 60.9% to 39.1%; total votes 682. | Question 2: Disapprove beat Approve, 469 to 221, 68.0% to 32.0%; total votes 690. | Question 3: Disapprove beat Approve, 432 to 252, 63.2% to 36.8%; total votes 684. | Question 4: Disapprove beat Approve, 414 to 266, 60.9% to 39.1%; total votes 680. | Question 5: Approve beat Disapprove, 407 to 274, 59.8% to 40.2%; total votes 681. | Question 6: Disapprove beat Approve, 445 to 234, 65.5% to 34.5%; total votes 679. | Dem Primary Mayor: Zohran Kwame Mamdani beat Andrew M. Cuomo, 106 to 90, 41.4% to 35.2%; total votes 256. | Dem Primary Public Advocate: Jumaane D. Williams beat Jenifer Rajkumar, 128 to 58, 56.1% to 25.4%; total votes 228. | Dem Primary Comptroller: Justin Brannan beat Mark D. Levine, 192 to 36, 78.7% to 14.8%; total votes 244.", "mayor_margin": 21.4, "q2_yes": 68.0, "q3_yes": 63.2, "q4_yes": 60.9}, "geometry": {"type": "MultiPolygon", "coordinates": [[[[-74.0319567, 40.6284706], [-74.0322565, 40.6277403], [-74.0325549, 40.6270101], [-74.0328323, 40.626329], [-74.0331084, 40.6256471], [-74.0333914, 40.6249668], [-74.0337421, 40.624099], [-74.0340433, 40.6233632], [-74.0343226, 40.6226822], [-74.0346006, 40.6220007], [-74.0350181, 40.6220999], [-74.0368212, 40.6225284], [-74.0372824, 40.6226379], [-74.0370036, 40.6233191], [-74.0367255, 40.6239995], [-74.0364258, 40.6247346], [-74.0362195, 40.6252373], [-74.0360711, 40.6255989], [-74.0357888, 40.626285], [-74.0355143, 40.6269617], [-74.0352352, 40.6276453], [-74.0349376, 40.628375], [-74.03464, 40.6291056], [-74.0319567, 40.6284706]]]]}}, {"type": "Feature", "properties": {"felt:feature": 7, "ed_label": "AD 46 ED 007", "elect_dist": "46007", "borough": "Brooklyn", "community_board": 10, "community_board_label": "Brooklyn CB10", "popup_title": "Brooklyn CB10 \u2014 AD 46 ED 007", "general_mayor": "ANDREW M. CUOMO beat ZOHRAN KWAME MAMDANI, 338 to 317, 45.0% to 42.2%; total votes 751.", "general_mayor_winner": "Cuomo", "general_public_advocate": "JUMAANE D. WILLIAMS beat GONZALO DURAN, 399 to 287, 56.8% to 40.8%; total votes 703.", "general_public_advocate_winner": "Williams", "general_comptroller": "MARK D. LEVINE beat PETER KEFALAS, 385 to 294, 55.6% to 42.5%; total votes 692.", "general_comptroller_winner": "Levine", "question_1": "Disapprove beat Approve, 407 to 265, 60.6% to 39.4%; total votes 672.", "question_1_winner": "No-disapprove!", "question_2": "Disapprove beat Approve, 387 to 298, 56.5% to 43.5%; total votes 685.", "question_2_winner": "No-disapprove!", "question_3": "Disapprove beat Approve, 349 to 329, 51.5% to 48.5%; total votes 678.", "question_3_winner": "No-disapprove!", "question_4": "Disapprove beat Approve, 359 to 316, 53.2% to 46.8%; total votes 675.", "question_4_winner": "No-disapprove!", "question_5": "Approve beat Disapprove, 451 to 218, 67.4% to 32.6%; total votes 669.", "question_5_winner": "Yes-approve!", "question_6": "Disapprove beat Approve, 398 to 273, 59.3% to 40.7%; total votes 671.", "question_6_winner": "No-disapprove!", "dem_primary_mayor": "Zohran Kwame Mamdani beat Andrew M. Cuomo, 156 to 76, 56.5% to 27.5%; total votes 276.", "dem_primary_mayor_winner": "Mamdani", "dem_primary_public_advocate": "Jumaane D. Williams beat Jenifer Rajkumar, 165 to 55, 65.7% to 21.9%; total votes 251.", "dem_primary_public_advocate_winner": "Williams", "dem_primary_comptroller": "Justin Brannan beat Mark D. Levine, 226 to 33, 83.7% to 12.2%; total votes 270.", "dem_primary_comptroller_winner": "Brannan", "popup_summary": "Mayor: ANDREW M. CUOMO beat ZOHRAN KWAME MAMDANI, 338 to 317, 45.0% to 42.2%; total votes 751. | Public Advocate: JUMAANE D. WILLIAMS beat GONZALO DURAN, 399 to 287, 56.8% to 40.8%; total votes 703. | City Comptroller: MARK D. LEVINE beat PETER KEFALAS, 385 to 294, 55.6% to 42.5%; total votes 692. | Question 1: Disapprove beat Approve, 407 to 265, 60.6% to 39.4%; total votes 672. | Question 2: Disapprove beat Approve, 387 to 298, 56.5% to 43.5%; total votes 685. | Question 3: Disapprove beat Approve, 349 to 329, 51.5% to 48.5%; total votes 678. | Question 4: Disapprove beat Approve, 359 to 316, 53.2% to 46.8%; total votes 675. | Question 5: Approve beat Disapprove, 451 to 218, 67.4% to 32.6%; total votes 669. | Question 6: Disapprove beat Approve, 398 to 273, 59.3% to 40.7%; total votes 671. | Dem Primary Mayor: Zohran Kwame Mamdani beat Andrew M. Cuomo, 156 to 76, 56.5% to 27.5%; total votes 276. | Dem Primary Public Advocate: Jumaane D. Williams beat Jenifer Rajkumar, 165 to 55, 65.7% to 21.9%; total votes 251. | Dem Primary Comptroller: Justin Brannan beat Mark D. Levine, 226 to 33, 83.7% to 12.2%; total votes 270.", "mayor_margin": 2.8, "q2_yes": 56.5, "q3_yes": 51.5, "q4_yes": 53.2}, "geometry": {"type": "MultiPolygon", "coordinates": [[[[-74.028678, 40.6292943], [-74.0289758, 40.6285641], [-74.0284032, 40.6284281], [-74.0271435, 40.628131], [-74.0262632, 40.62792], [-74.0265606, 40.6271872], [-74.0292746, 40.6278329], [-74.0295728, 40.6271036], [-74.029871, 40.6263734], [-74.0301495, 40.6256909], [-74.0304273, 40.6250099], [-74.0307078, 40.6243283], [-74.0310599, 40.6234629], [-74.0337421, 40.624099], [-74.0333914, 40.6249668], [-74.0331084, 40.6256471], [-74.0328323, 40.626329], [-74.0325549, 40.6270101], [-74.0322565, 40.6277403], [-74.0319567, 40.6284706], [-74.031658, 40.6291991], [-74.0313599, 40.6299305], [-74.028678, 40.6292943]]]]}}, {"type": "Feature", "properties": {"felt:feature": 8, "ed_label": "AD 46 ED 008", "elect_dist": "46008", "borough": "Brooklyn", "community_board": 10, "community_board_label": "Brooklyn CB10", "popup_title": "Brooklyn CB10 \u2014 AD 46 ED 008", "general_mayor": "ZOHRAN KWAME MAMDANI beat ANDREW M. CUOMO, 295 to 201, 50.1% to 34.1%; total votes 589.", "general_mayor_winner": "Mamdani", "general_public_advocate": "JUMAANE D. WILLIAMS beat GONZALO DURAN, 348 to 171, 64.7% to 31.8%; total votes 538.", "general_public_advocate_winner": "Williams", "general_comptroller": "MARK D. LEVINE beat PETER KEFALAS, 352 to 174, 65.1% to 32.2%; total votes 541.", "general_comptroller_winner": "Levine", "question_1": "Disapprove beat Approve, 326 to 214, 60.4% to 39.6%; total votes 540.", "question_1_winner": "No-disapprove!", "question_2": "Disapprove beat Approve, 270 to 267, 50.3% to 49.7%; total votes 537.", "question_2_winner": "No-disapprove!", "question_3": "Disapprove beat Approve, 270 to 264, 50.6% to 49.4%; total votes 534.", "question_3_winner": "No-disapprove!", "question_4": "Approve beat Disapprove, 266 to 259, 50.7% to 49.3%; total votes 525.", "question_4_winner": "Yes-approve!", "question_5": "Approve beat Disapprove, 368 to 163, 69.3% to 30.7%; total votes 531.", "question_5_winner": "Yes-approve!", "question_6": "Disapprove beat Approve, 305 to 223, 57.8% to 42.2%; total votes 528.", "question_6_winner": "No-disapprove!", "dem_primary_mayor": "Zohran Kwame Mamdani beat Andrew M. Cuomo, 115 to 52, 51.8% to 23.4%; total votes 222.", "dem_primary_mayor_winner": "Mamdani", "dem_primary_public_advocate": "Jumaane D. Williams beat Jenifer Rajkumar, 136 to 40, 67.0% to 19.7%; total votes 203.", "dem_primary_public_advocate_winner": "Williams", "dem_primary_comptroller": "Justin Brannan beat Mark D. Levine, 182 to 25, 84.3% to 11.6%; total votes 216.", "dem_primary_comptroller_winner": "Brannan", "popup_summary": "Mayor: ZOHRAN KWAME MAMDANI beat ANDREW M. CUOMO, 295 to 201, 50.1% to 34.1%; total votes 589. | Public Advocate: JUMAANE D. WILLIAMS beat GONZALO DURAN, 348 to 171, 64.7% to 31.8%; total votes 538. | City Comptroller: MARK D. LEVINE beat PETER KEFALAS, 352 to 174, 65.1% to 32.2%; total votes 541. | Question 1: Disapprove beat Approve, 326 to 214, 60.4% to 39.6%; total votes 540. | Question 2: Disapprove beat Approve, 270 to 267, 50.3% to 49.7%; total votes 537. | Question 3: Disapprove beat Approve, 270 to 264, 50.6% to 49.4%; total votes 534. | Question 4: Approve beat Disapprove, 266 to 259, 50.7% to 49.3%; total votes 525. | Question 5: Approve beat Disapprove, 368 to 163, 69.3% to 30.7%; total votes 531. | Question 6: Disapprove beat Approve, 305 to 223, 57.8% to 42.2%; total votes 528. | Dem Primary Mayor: Zohran Kwame Mamdani beat Andrew M. Cuomo, 115 to 52, 51.8% to 23.4%; total votes 222. | Dem Primary Public Advocate: Jumaane D. Williams beat Jenifer Rajkumar, 136 to 40, 67.0% to 19.7%; total votes 203. | Dem Primary Comptroller: Justin Brannan beat Mark D. Levine, 182 to 25, 84.3% to 11.6%; total votes 216.", "mayor_margin": 16.0, "q2_yes": 50.3, "q3_yes": 50.6, "q4_yes": 50.7}, "geometry": {"type": "MultiPolygon", "coordinates": [[[[-74.0265606, 40.6271872], [-74.0268572, 40.6264577], [-74.0271388, 40.6257619], [-74.027153, 40.6257269], [-74.0274373, 40.6250276], [-74.0277339, 40.6243014], [-74.0279903, 40.6236825], [-74.0307078, 40.6243283], [-74.0304273, 40.6250099], [-74.0301495, 40.6256909], [-74.029871, 40.6263734], [-74.0295728, 40.6271036], [-74.0292746, 40.6278329], [-74.0265606, 40.6271872]]]]}}, {"type": "Feature", "properties": {"felt:feature": 9, "ed_label": "AD 46 ED 009", "elect_dist": "46009", "borough": "Brooklyn", "community_board": 10, "community_board_label": "Brooklyn CB10", "popup_title": "Brooklyn CB10 \u2014 AD 46 ED 009", "general_mayor": "ZOHRAN KWAME MAMDANI beat ANDREW M. CUOMO, 387 to 252, 52.6% to 34.2%; total votes 736.", "general_mayor_winner": "Mamdani", "general_public_advocate": "JUMAANE D. WILLIAMS beat GONZALO DURAN, 461 to 206, 66.8% to 29.9%; total votes 690.", "general_public_advocate_winner": "Williams", "general_comptroller": "MARK D. LEVINE beat PETER KEFALAS, 444 to 221, 64.7% to 32.2%; total votes 686.", "general_comptroller_winner": "Levine", "question_1": "Disapprove beat Approve, 399 to 281, 58.7% to 41.3%; total votes 680.", "question_1_winner": "No-disapprove!", "question_2": "Approve beat Disapprove, 352 to 338, 51.0% to 49.0%; total votes 690.", "question_2_winner": "Yes-approve!", "question_3": "Disapprove beat Approve, 357 to 323, 52.5% to 47.5%; total votes 680.", "question_3_winner": "No-disapprove!", "question_4": "Approve beat Disapprove, 342 to 334, 50.6% to 49.4%; total votes 676.", "question_4_winner": "Yes-approve!", "question_5": "Approve beat Disapprove, 482 to 196, 71.1% to 28.9%; total votes 678.", "question_5_winner": "Yes-approve!", "question_6": "Disapprove beat Approve, 396 to 279, 58.7% to 41.3%; total votes 675.", "question_6_winner": "No-disapprove!", "dem_primary_mayor": "Zohran Kwame Mamdani beat Andrew M. Cuomo, 190 to 54, 60.1% to 17.1%; total votes 316.", "dem_primary_mayor_winner": "Mamdani", "dem_primary_public_advocate": "Jumaane D. Williams beat Jenifer Rajkumar, 209 to 58, 71.8% to 19.9%; total votes 291.", "dem_primary_public_advocate_winner": "Williams", "dem_primary_comptroller": "Justin Brannan beat Mark D. Levine, 265 to 23, 87.7% to 7.6%; total votes 302.", "dem_primary_comptroller_winner": "Brannan", "popup_summary": "Mayor: ZOHRAN KWAME MAMDANI beat ANDREW M. CUOMO, 387 to 252, 52.6% to 34.2%; total votes 736. | Public Advocate: JUMAANE D. WILLIAMS beat GONZALO DURAN, 461 to 206, 66.8% to 29.9%; total votes 690. | City Comptroller: MARK D. LEVINE beat PETER KEFALAS, 444 to 221, 64.7% to 32.2%; total votes 686. | Question 1: Disapprove beat Approve, 399 to 281, 58.7% to 41.3%; total votes 680. | Question 2: Approve beat Disapprove, 352 to 338, 51.0% to 49.0%; total votes 690. | Question 3: Disapprove beat Approve, 357 to 323, 52.5% to 47.5%; total votes 680. | Question 4: Approve beat Disapprove, 342 to 334, 50.6% to 49.4%; total votes 676. | Question 5: Approve beat Disapprove, 482 to 196, 71.1% to 28.9%; total votes 678. | Question 6: Disapprove beat Approve, 396 to 279, 58.7% to 41.3%; total votes 675. | Dem Primary Mayor: Zohran Kwame Mamdani beat Andrew M. Cuomo, 190 to 54, 60.1% to 17.1%; total votes 316. | Dem Primary Public Advocate: Jumaane D. Williams beat Jenifer Rajkumar, 209 to 58, 71.8% to 19.9%; total votes 291. | Dem Primary Comptroller: Justin Brannan beat Mark D. Levine, 265 to 23, 87.7% to 7.6%; total votes 302.", "mayor_margin": 18.4, "q2_yes": 51.0, "q3_yes": 52.5, "q4_yes": 50.6}, "geometry": {"type": "MultiPolygon", "coordinates": [[[[-74.0238533, 40.6265145], [-74.0241534, 40.6257804], [-74.0244489, 40.6250484], [-74.0247504, 40.6243208], [-74.0250473, 40.6235892], [-74.0253449, 40.6228594], [-74.0256616, 40.6221407], [-74.0280357, 40.6235718], [-74.0279903, 40.6236825], [-74.0277339, 40.6243014], [-74.0274373, 40.6250276], [-74.027153, 40.6257269], [-74.0271388, 40.6257619], [-74.0268572, 40.6264577], [-74.0265606, 40.6271872], [-74.0262632, 40.62792], [-74.0261346, 40.6278868], [-74.0238533, 40.6265145]]]]}}, {"type": "Feature", "properties": {"felt:feature": 10, "ed_label": "AD 46 ED 010", "elect_dist": "46010", "borough": "Brooklyn", "community_board": 10, "community_board_label": "Brooklyn CB10", "popup_title": "Brooklyn CB10 \u2014 AD 46 ED 010", "general_mayor": "ZOHRAN KWAME MAMDANI beat ANDREW M. CUOMO, 398 to 253, 54.1% to 34.4%; total votes 735.", "general_mayor_winner": "Mamdani", "general_public_advocate": "JUMAANE D. WILLIAMS beat GONZALO DURAN, 463 to 196, 67.7% to 28.7%; total votes 684.", "general_public_advocate_winner": "Williams", "general_comptroller": "MARK D. LEVINE beat PETER KEFALAS, 460 to 194, 68.0% to 28.7%; total votes 676.", "general_comptroller_winner": "Levine", "question_1": "Disapprove beat Approve, 385 to 245, 61.1% to 38.9%; total votes 630.", "question_1_winner": "No-disapprove!", "question_2": "Approve beat Disapprove, 337 to 308, 52.2% to 47.8%; total votes 645.", "question_2_winner": "Yes-approve!", "question_3": "Approve beat Disapprove, 325 to 307, 51.4% to 48.6%; total votes 632.", "question_3_winner": "Yes-approve!", "question_4": "Approve beat Disapprove, 353 to 270, 56.7% to 43.3%; total votes 623.", "question_4_winner": "Yes-approve!", "question_5": "Approve beat Disapprove, 454 to 170, 72.8% to 27.2%; total votes 624.", "question_5_winner": "Yes-approve!", "question_6": "Disapprove beat Approve, 377 to 244, 60.7% to 39.3%; total votes 621.", "question_6_winner": "No-disapprove!", "dem_primary_mayor": "Zohran Kwame Mamdani beat Andrew M. Cuomo, 173 to 69, 59.7% to 23.8%; total votes 290.", "dem_primary_mayor_winner": "Mamdani", "dem_primary_public_advocate": "Jumaane D. Williams beat Jenifer Rajkumar, 178 to 48, 67.7% to 18.3%; total votes 263.", "dem_primary_public_advocate_winner": "Williams", "dem_primary_comptroller": "Justin Brannan beat Mark D. Levine, 222 to 42, 79.6% to 15.1%; total votes 279.", "dem_primary_comptroller_winner": "Brannan", "popup_summary": "Mayor: ZOHRAN KWAME MAMDANI beat ANDREW M. CUOMO, 398 to 253, 54.1% to 34.4%; total votes 735. | Public Advocate: JUMAANE D. WILLIAMS beat GONZALO DURAN, 463 to 196, 67.7% to 28.7%; total votes 684. | City Comptroller: MARK D. LEVINE beat PETER KEFALAS, 460 to 194, 68.0% to 28.7%; total votes 676. | Question 1: Disapprove beat Approve, 385 to 245, 61.1% to 38.9%; total votes 630. | Question 2: Approve beat Disapprove, 337 to 308, 52.2% to 47.8%; total votes 645. | Question 3: Approve beat Disapprove, 325 to 307, 51.4% to 48.6%; total votes 632. | Question 4: Approve beat Disapprove, 353 to 270, 56.7% to 43.3%; total votes 623. | Question 5: Approve beat Disapprove, 454 to 170, 72.8% to 27.2%; total votes 624. | Question 6: Disapprove beat Approve, 377 to 244, 60.7% to 39.3%; total votes 621. | Dem Primary Mayor: Zohran Kwame Mamdani beat Andrew M. Cuomo, 173 to 69, 59.7% to 23.8%; total votes 290. | Dem Primary Public Advocate: Jumaane D. Williams beat Jenifer Rajkumar, 178 to 48, 67.7% to 18.3%; total votes 263. | Dem Primary Comptroller: Justin Brannan beat Mark D. Levine, 222 to 42, 79.6% to 15.1%; total votes 279.", "mayor_margin": 19.7, "q2_yes": 52.2, "q3_yes": 51.4, "q4_yes": 56.7}, "geometry": {"type": "MultiPolygon", "coordinates": [[[[-74.0279903, 40.6236825], [-74.0280357, 40.6235718], [-74.0283503, 40.6227986], [-74.0286434, 40.622086], [-74.0313599, 40.6227287], [-74.0316391, 40.6220485], [-74.0319179, 40.6213671], [-74.03205, 40.6210406], [-74.0321953, 40.6206875], [-74.0348865, 40.6213196], [-74.0346006, 40.6220007], [-74.0343226, 40.6226822], [-74.0340433, 40.6233632], [-74.0337421, 40.624099], [-74.0310599, 40.6234629], [-74.0307078, 40.6243283], [-74.0279903, 40.6236825]]]]}}, {"type": "Feature", "properties": {"felt:feature": 11, "ed_label": "AD 46 ED 011", "elect_dist": "46011", "borough": "Brooklyn", "community_board": 10, "community_board_label": "Brooklyn CB10", "popup_title": "Brooklyn CB10 \u2014 AD 46 ED 011", "general_mayor": "ZOHRAN KWAME MAMDANI beat ANDREW M. CUOMO, 262 to 160, 52.0% to 31.7%; total votes 504.", "general_mayor_winner": "Mamdani", "general_public_advocate": "JUMAANE D. WILLIAMS beat GONZALO DURAN, 303 to 147, 66.6% to 32.3%; total votes 455.", "general_public_advocate_winner": "Williams", "general_comptroller": "MARK D. LEVINE beat PETER KEFALAS, 295 to 148, 64.4% to 32.3%; total votes 458.", "general_comptroller_winner": "Levine", "question_1": "Disapprove beat Approve, 285 to 150, 65.5% to 34.5%; total votes 435.", "question_1_winner": "No-disapprove!", "question_2": "Approve beat Disapprove, 224 to 215, 51.0% to 49.0%; total votes 439.", "question_2_winner": "Yes-approve!", "question_3": "Disapprove beat Approve, 233 to 204, 53.3% to 46.7%; total votes 437.", "question_3_winner": "No-disapprove!", "question_4": "Approve beat Disapprove, 211 to 208, 50.4% to 49.6%; total votes 419.", "question_4_winner": "Yes-approve!", "question_5": "Approve beat Disapprove, 283 to 140, 66.9% to 33.1%; total votes 423.", "question_5_winner": "Yes-approve!", "question_6": "Disapprove beat Approve, 246 to 179, 57.9% to 42.1%; total votes 425.", "question_6_winner": "No-disapprove!", "dem_primary_mayor": "Zohran Kwame Mamdani beat Andrew M. Cuomo, 110 to 43, 59.5% to 23.2%; total votes 185.", "dem_primary_mayor_winner": "Mamdani", "dem_primary_public_advocate": "Jumaane D. Williams beat Jenifer Rajkumar, 124 to 23, 75.2% to 13.9%; total votes 165.", "dem_primary_public_advocate_winner": "Williams", "dem_primary_comptroller": "Justin Brannan beat Mark D. Levine, 145 to 20, 82.9% to 11.4%; total votes 175.", "dem_primary_comptroller_winner": "Brannan", "popup_summary": "Mayor: ZOHRAN KWAME MAMDANI beat ANDREW M. CUOMO, 262 to 160, 52.0% to 31.7%; total votes 504. | Public Advocate: JUMAANE D. WILLIAMS beat GONZALO DURAN, 303 to 147, 66.6% to 32.3%; total votes 455. | City Comptroller: MARK D. LEVINE beat PETER KEFALAS, 295 to 148, 64.4% to 32.3%; total votes 458. | Question 1: Disapprove beat Approve, 285 to 150, 65.5% to 34.5%; total votes 435. | Question 2: Approve beat Disapprove, 224 to 215, 51.0% to 49.0%; total votes 439. | Question 3: Disapprove beat Approve, 233 to 204, 53.3% to 46.7%; total votes 437. | Question 4: Approve beat Disapprove, 211 to 208, 50.4% to 49.6%; total votes 419. | Question 5: Approve beat Disapprove, 283 to 140, 66.9% to 33.1%; total votes 423. | Question 6: Disapprove beat Approve, 246 to 179, 57.9% to 42.1%; total votes 425. | Dem Primary Mayor: Zohran Kwame Mamdani beat Andrew M. Cuomo, 110 to 43, 59.5% to 23.2%; total votes 185. | Dem Primary Public Advocate: Jumaane D. Williams beat Jenifer Rajkumar, 124 to 23, 75.2% to 13.9%; total votes 165. | Dem Primary Comptroller: Justin Brannan beat Mark D. Levine, 145 to 20, 82.9% to 11.4%; total votes 175.", "mayor_margin": 20.3, "q2_yes": 51.0, "q3_yes": 53.3, "q4_yes": 50.4}, "geometry": {"type": "MultiPolygon", "coordinates": [[[[-74.0256616, 40.6221407], [-74.026214, 40.6214917], [-74.02677, 40.6208463], [-74.0272201, 40.6203224], [-74.027713, 40.6197485], [-74.0282052, 40.6191727], [-74.0287007, 40.6185936], [-74.0298426, 40.6191538], [-74.0323275, 40.6203619], [-74.0321953, 40.6206875], [-74.03205, 40.6210406], [-74.0319179, 40.6213671], [-74.0316391, 40.6220485], [-74.0313599, 40.6227287], [-74.0286434, 40.622086], [-74.0283503, 40.6227986], [-74.0280357, 40.6235718], [-74.0256616, 40.6221407]]]]}}, {"type": "Feature", "properties": {"felt:feature": 12, "ed_label": "AD 46 ED 012", "elect_dist": "46012", "borough": "Brooklyn", "community_board": 10, "community_board_label": "Brooklyn CB10", "popup_title": "Brooklyn CB10 \u2014 AD 46 ED 012", "general_mayor": "ANDREW M. CUOMO beat ZOHRAN KWAME MAMDANI, 524 to 323, 53.7% to 33.1%; total votes 975.", "general_mayor_winner": "Cuomo", "general_public_advocate": "JUMAANE D. WILLIAMS beat GONZALO DURAN, 487 to 396, 52.5% to 42.7%; total votes 927.", "general_public_advocate_winner": "Williams", "general_comptroller": "MARK D. LEVINE beat PETER KEFALAS, 504 to 398, 54.6% to 43.1%; total votes 923.", "general_comptroller_winner": "Levine", "question_1": "Disapprove beat Approve, 540 to 342, 61.2% to 38.8%; total votes 882.", "question_1_winner": "No-disapprove!", "question_2": "Disapprove beat Approve, 532 to 353, 60.1% to 39.9%; total votes 885.", "question_2_winner": "No-disapprove!", "question_3": "Disapprove beat Approve, 510 to 368, 58.1% to 41.9%; total votes 878.", "question_3_winner": "No-disapprove!", "question_4": "Disapprove beat Approve, 506 to 367, 58.0% to 42.0%; total votes 873.", "question_4_winner": "No-disapprove!", "question_5": "Approve beat Disapprove, 564 to 308, 64.7% to 35.3%; total votes 872.", "question_5_winner": "Yes-approve!", "question_6": "Disapprove beat Approve, 563 to 311, 64.4% to 35.6%; total votes 874.", "question_6_winner": "No-disapprove!", "dem_primary_mayor": "Andrew M. Cuomo beat Zohran Kwame Mamdani, 145 to 122, 40.6% to 34.2%; total votes 357.", "dem_primary_mayor_winner": "Cuomo", "dem_primary_public_advocate": "Jumaane D. Williams beat Marty Dolan, 203 to 64, 61.9% to 19.5%; total votes 328.", "dem_primary_public_advocate_winner": "Williams", "dem_primary_comptroller": "Justin Brannan beat Mark D. Levine, 272 to 56, 78.8% to 16.2%; total votes 345.", "dem_primary_comptroller_winner": "Brannan", "popup_summary": "Mayor: ANDREW M. CUOMO beat ZOHRAN KWAME MAMDANI, 524 to 323, 53.7% to 33.1%; total votes 975. | Public Advocate: JUMAANE D. WILLIAMS beat GONZALO DURAN, 487 to 396, 52.5% to 42.7%; total votes 927. | City Comptroller: MARK D. LEVINE beat PETER KEFALAS, 504 to 398, 54.6% to 43.1%; total votes 923. | Question 1: Disapprove beat Approve, 540 to 342, 61.2% to 38.8%; total votes 882. | Question 2: Disapprove beat Approve, 532 to 353, 60.1% to 39.9%; total votes 885. | Question 3: Disapprove beat Approve, 510 to 368, 58.1% to 41.9%; total votes 878. | Question 4: Disapprove beat Approve, 506 to 367, 58.0% to 42.0%; total votes 873. | Question 5: Approve beat Disapprove, 564 to 308, 64.7% to 35.3%; total votes 872. | Question 6: Disapprove beat Approve, 563 to 311, 64.4% to 35.6%; total votes 874. | Dem Primary Mayor: Andrew M. Cuomo beat Zohran Kwame Mamdani, 145 to 122, 40.6% to 34.2%; total votes 357. | Dem Primary Public Advocate: Jumaane D. Williams beat Marty Dolan, 203 to 64, 61.9% to 19.5%; total votes 328. | Dem Primary Comptroller: Justin Brannan beat Mark D. Levine, 272 to 56, 78.8% to 16.2%; total votes 345.", "mayor_margin": 20.6, "q2_yes": 60.1, "q3_yes": 58.1, "q4_yes": 58.0}, "geometry": {"type": "MultiPolygon", "coordinates": [[[[-74.0346006, 40.6220007], [-74.0348865, 40.6213196], [-74.0351578, 40.6206379], [-74.0354373, 40.6199558], [-74.0380945, 40.6205849], [-74.0377007, 40.6199553], [-74.0381311, 40.6198025], [-74.0399665, 40.6191508], [-74.0400551, 40.6192754], [-74.0401374, 40.6194024], [-74.0402132, 40.6195318], [-74.0402824, 40.6196632], [-74.040345, 40.6197966], [-74.0404008, 40.6199318], [-74.0404497, 40.6200684], [-74.0404918, 40.6202064], [-74.0404942, 40.6202192], [-74.0404943, 40.6202193], [-74.0404943, 40.6202194], [-74.0405093, 40.6204116], [-74.0405093, 40.6204117], [-74.0405093, 40.6204118], [-74.0405028, 40.6206025], [-74.0405028, 40.6206026], [-74.0405027, 40.6206027], [-74.0404754, 40.6207899], [-74.0401798, 40.6216322], [-74.0400173, 40.6216207], [-74.0398958, 40.6216228], [-74.039853, 40.6216235], [-74.0396903, 40.6216406], [-74.0395322, 40.6216717], [-74.0378401, 40.6212747], [-74.0372824, 40.6226379], [-74.0368212, 40.6225284], [-74.0350181, 40.6220999], [-74.0346006, 40.6220007]]]]}}, {"type": "Feature", "properties": {"felt:feature": 13, "ed_label": "AD 46 ED 013", "elect_dist": "46013", "borough": "Brooklyn", "community_board": 10, "community_board_label": "Brooklyn CB10", "popup_title": "Brooklyn CB10 \u2014 AD 46 ED 013", "general_mayor": "ANDREW M. CUOMO beat ZOHRAN KWAME MAMDANI, 415 to 334, 47.7% to 38.4%; total votes 870.", "general_mayor_winner": "Cuomo", "general_public_advocate": "JUMAANE D. WILLIAMS beat GONZALO DURAN, 467 to 333, 56.4% to 40.2%; total votes 828.", "general_public_advocate_winner": "Williams", "general_comptroller": "MARK D. LEVINE beat PETER KEFALAS, 473 to 335, 57.8% to 40.9%; total votes 819.", "general_comptroller_winner": "Levine", "question_1": "Disapprove beat Approve, 465 to 305, 60.4% to 39.6%; total votes 770.", "question_1_winner": "No-disapprove!", "question_2": "Disapprove beat Approve, 436 to 354, 55.2% to 44.8%; total votes 790.", "question_2_winner": "No-disapprove!", "question_3": "Disapprove beat Approve, 422 to 354, 54.4% to 45.6%; total votes 776.", "question_3_winner": "No-disapprove!", "question_4": "Disapprove beat Approve, 404 to 370, 52.2% to 47.8%; total votes 774.", "question_4_winner": "No-disapprove!", "question_5": "Approve beat Disapprove, 542 to 237, 69.6% to 30.4%; total votes 779.", "question_5_winner": "Yes-approve!", "question_6": "Disapprove beat Approve, 456 to 315, 59.1% to 40.9%; total votes 771.", "question_6_winner": "No-disapprove!", "dem_primary_mayor": "Zohran Kwame Mamdani beat Andrew M. Cuomo, 152 to 100, 47.1% to 31.0%; total votes 323.", "dem_primary_mayor_winner": "Mamdani", "dem_primary_public_advocate": "Jumaane D. Williams beat Jenifer Rajkumar, 207 to 63, 68.3% to 20.8%; total votes 303.", "dem_primary_public_advocate_winner": "Williams", "dem_primary_comptroller": "Justin Brannan beat Mark D. Levine, 265 to 37, 83.9% to 11.7%; total votes 316.", "dem_primary_comptroller_winner": "Brannan", "popup_summary": "Mayor: ANDREW M. CUOMO beat ZOHRAN KWAME MAMDANI, 415 to 334, 47.7% to 38.4%; total votes 870. | Public Advocate: JUMAANE D. WILLIAMS beat GONZALO DURAN, 467 to 333, 56.4% to 40.2%; total votes 828. | City Comptroller: MARK D. LEVINE beat PETER KEFALAS, 473 to 335, 57.8% to 40.9%; total votes 819. | Question 1: Disapprove beat Approve, 465 to 305, 60.4% to 39.6%; total votes 770. | Question 2: Disapprove beat Approve, 436 to 354, 55.2% to 44.8%; total votes 790. | Question 3: Disapprove beat Approve, 422 to 354, 54.4% to 45.6%; total votes 776. | Question 4: Disapprove beat Approve, 404 to 370, 52.2% to 47.8%; total votes 774. | Question 5: Approve beat Disapprove, 542 to 237, 69.6% to 30.4%; total votes 779. | Question 6: Disapprove beat Approve, 456 to 315, 59.1% to 40.9%; total votes 771. | Dem Primary Mayor: Zohran Kwame Mamdani beat Andrew M. Cuomo, 152 to 100, 47.1% to 31.0%; total votes 323. | Dem Primary Public Advocate: Jumaane D. Williams beat Jenifer Rajkumar, 207 to 63, 68.3% to 20.8%; total votes 303. | Dem Primary Comptroller: Justin Brannan beat Mark D. Levine, 265 to 37, 83.9% to 11.7%; total votes 316.", "mayor_margin": 9.3, "q2_yes": 55.2, "q3_yes": 54.4, "q4_yes": 52.2}, "geometry": {"type": "MultiPolygon", "coordinates": [[[[-74.0354373, 40.6199558], [-74.0357115, 40.6192749], [-74.0359894, 40.6185959], [-74.036176, 40.6181076], [-74.0362208, 40.6179063], [-74.0364913, 40.6179892], [-74.0387675, 40.6171811], [-74.0391828, 40.6178555], [-74.0395746, 40.618501], [-74.0399665, 40.6191508], [-74.0381311, 40.6198025], [-74.0377007, 40.6199553], [-74.0380945, 40.6205849], [-74.0354373, 40.6199558]]]]}}, {"type": "Feature", "properties": {"felt:feature": 14, "ed_label": "AD 46 ED 014", "elect_dist": "46014", "borough": "Brooklyn", "community_board": 10, "community_board_label": "Brooklyn CB10", "popup_title": "Brooklyn CB10 \u2014 AD 46 ED 014", "general_mayor": "ANDREW M. CUOMO beat ZOHRAN KWAME MAMDANI, 363 to 337, 43.1% to 40.0%; total votes 843.", "general_mayor_winner": "Cuomo", "general_public_advocate": "JUMAANE D. WILLIAMS beat GONZALO DURAN, 472 to 290, 59.5% to 36.6%; total votes 793.", "general_public_advocate_winner": "Williams", "general_comptroller": "MARK D. LEVINE beat PETER KEFALAS, 490 to 293, 61.7% to 36.9%; total votes 794.", "general_comptroller_winner": "Levine", "question_1": "Disapprove beat Approve, 449 to 290, 60.8% to 39.2%; total votes 739.", "question_1_winner": "No-disapprove!", "question_2": "Disapprove beat Approve, 390 to 353, 52.5% to 47.5%; total votes 743.", "question_2_winner": "No-disapprove!", "question_3": "Disapprove beat Approve, 376 to 357, 51.3% to 48.7%; total votes 733.", "question_3_winner": "No-disapprove!", "question_4": "Approve beat Disapprove, 370 to 361, 50.6% to 49.4%; total votes 731.", "question_4_winner": "Yes-approve!", "question_5": "Approve beat Disapprove, 511 to 219, 70.0% to 30.0%; total votes 730.", "question_5_winner": "Yes-approve!", "question_6": "Disapprove beat Approve, 439 to 290, 60.2% to 39.8%; total votes 729.", "question_6_winner": "No-disapprove!", "dem_primary_mayor": "Zohran Kwame Mamdani beat Andrew M. Cuomo, 133 to 117, 39.6% to 34.8%; total votes 336.", "dem_primary_mayor_winner": "Mamdani", "dem_primary_public_advocate": "Jumaane D. Williams beat Jenifer Rajkumar, 181 to 68, 59.0% to 22.1%; total votes 307.", "dem_primary_public_advocate_winner": "Williams", "dem_primary_comptroller": "Justin Brannan beat Mark D. Levine, 256 to 60, 77.6% to 18.2%; total votes 330.", "dem_primary_comptroller_winner": "Brannan", "popup_summary": "Mayor: ANDREW M. CUOMO beat ZOHRAN KWAME MAMDANI, 363 to 337, 43.1% to 40.0%; total votes 843. | Public Advocate: JUMAANE D. WILLIAMS beat GONZALO DURAN, 472 to 290, 59.5% to 36.6%; total votes 793. | City Comptroller: MARK D. LEVINE beat PETER KEFALAS, 490 to 293, 61.7% to 36.9%; total votes 794. | Question 1: Disapprove beat Approve, 449 to 290, 60.8% to 39.2%; total votes 739. | Question 2: Disapprove beat Approve, 390 to 353, 52.5% to 47.5%; total votes 743. | Question 3: Disapprove beat Approve, 376 to 357, 51.3% to 48.7%; total votes 733. | Question 4: Approve beat Disapprove, 370 to 361, 50.6% to 49.4%; total votes 731. | Question 5: Approve beat Disapprove, 511 to 219, 70.0% to 30.0%; total votes 730. | Question 6: Disapprove beat Approve, 439 to 290, 60.2% to 39.8%; total votes 729. | Dem Primary Mayor: Zohran Kwame Mamdani beat Andrew M. Cuomo, 133 to 117, 39.6% to 34.8%; total votes 336. | Dem Primary Public Advocate: Jumaane D. Williams beat Jenifer Rajkumar, 181 to 68, 59.0% to 22.1%; total votes 307. | Dem Primary Comptroller: Justin Brannan beat Mark D. Levine, 256 to 60, 77.6% to 18.2%; total votes 330.", "mayor_margin": 3.1, "q2_yes": 52.5, "q3_yes": 51.3, "q4_yes": 50.6}, "geometry": {"type": "MultiPolygon", "coordinates": [[[[-74.0329587, 40.6188174], [-74.0330321, 40.6186409], [-74.0333126, 40.617945], [-74.0335894, 40.6172762], [-74.0336128, 40.6172189], [-74.0338658, 40.616594], [-74.0359246, 40.6170548], [-74.0356817, 40.6166706], [-74.037975, 40.6158588], [-74.038364, 40.6165134], [-74.0387675, 40.6171811], [-74.0364913, 40.6179892], [-74.0362208, 40.6179063], [-74.036176, 40.6181076], [-74.0359894, 40.6185959], [-74.0357115, 40.6192749], [-74.0354373, 40.6199558], [-74.0327521, 40.619323], [-74.0329587, 40.6188174]]]]}}, {"type": "Feature", "properties": {"felt:feature": 15, "ed_label": "AD 46 ED 015", "elect_dist": "46015", "borough": "Brooklyn", "community_board": 10, "community_board_label": "Brooklyn CB10", "popup_title": "Brooklyn CB10 \u2014 AD 46 ED 015", "general_mayor": "ZOHRAN KWAME MAMDANI beat ANDREW M. CUOMO, 299 to 269, 44.4% to 40.0%; total votes 673.", "general_mayor_winner": "Mamdani", "general_public_advocate": "JUMAANE D. WILLIAMS beat GONZALO DURAN, 373 to 240, 58.9% to 37.9%; total votes 633.", "general_public_advocate_winner": "Williams", "general_comptroller": "MARK D. LEVINE beat PETER KEFALAS, 356 to 252, 57.2% to 40.5%; total votes 622.", "general_comptroller_winner": "Levine", "question_1": "Disapprove beat Approve, 357 to 220, 61.9% to 38.1%; total votes 577.", "question_1_winner": "No-disapprove!", "question_2": "Disapprove beat Approve, 321 to 257, 55.5% to 44.5%; total votes 578.", "question_2_winner": "No-disapprove!", "question_3": "Disapprove beat Approve, 314 to 260, 54.7% to 45.3%; total votes 574.", "question_3_winner": "No-disapprove!", "question_4": "Disapprove beat Approve, 293 to 276, 51.5% to 48.5%; total votes 569.", "question_4_winner": "No-disapprove!", "question_5": "Approve beat Disapprove, 381 to 190, 66.7% to 33.3%; total votes 571.", "question_5_winner": "Yes-approve!", "question_6": "Disapprove beat Approve, 347 to 222, 61.0% to 39.0%; total votes 569.", "question_6_winner": "No-disapprove!", "dem_primary_mayor": "Zohran Kwame Mamdani beat Andrew M. Cuomo, 135 to 51, 57.2% to 21.6%; total votes 236.", "dem_primary_mayor_winner": "Mamdani", "dem_primary_public_advocate": "Jumaane D. Williams beat Jenifer Rajkumar, 157 to 42, 70.4% to 18.8%; total votes 223.", "dem_primary_public_advocate_winner": "Williams", "dem_primary_comptroller": "Justin Brannan beat Mark D. Levine, 187 to 28, 81.0% to 12.1%; total votes 231.", "dem_primary_comptroller_winner": "Brannan", "popup_summary": "Mayor: ZOHRAN KWAME MAMDANI beat ANDREW M. CUOMO, 299 to 269, 44.4% to 40.0%; total votes 673. | Public Advocate: JUMAANE D. WILLIAMS beat GONZALO DURAN, 373 to 240, 58.9% to 37.9%; total votes 633. | City Comptroller: MARK D. LEVINE beat PETER KEFALAS, 356 to 252, 57.2% to 40.5%; total votes 622. | Question 1: Disapprove beat Approve, 357 to 220, 61.9% to 38.1%; total votes 577. | Question 2: Disapprove beat Approve, 321 to 257, 55.5% to 44.5%; total votes 578. | Question 3: Disapprove beat Approve, 314 to 260, 54.7% to 45.3%; total votes 574. | Question 4: Disapprove beat Approve, 293 to 276, 51.5% to 48.5%; total votes 569. | Question 5: Approve beat Disapprove, 381 to 190, 66.7% to 33.3%; total votes 571. | Question 6: Disapprove beat Approve, 347 to 222, 61.0% to 39.0%; total votes 569. | Dem Primary Mayor: Zohran Kwame Mamdani beat Andrew M. Cuomo, 135 to 51, 57.2% to 21.6%; total votes 236. | Dem Primary Public Advocate: Jumaane D. Williams beat Jenifer Rajkumar, 157 to 42, 70.4% to 18.8%; total votes 223. | Dem Primary Comptroller: Justin Brannan beat Mark D. Levine, 187 to 28, 81.0% to 12.1%; total votes 231.", "mayor_margin": 4.4, "q2_yes": 55.5, "q3_yes": 54.7, "q4_yes": 51.5}, "geometry": {"type": "MultiPolygon", "coordinates": [[[[-74.0321953, 40.6206875], [-74.0323275, 40.6203619], [-74.0298426, 40.6191538], [-74.0287007, 40.6185936], [-74.0282052, 40.6191727], [-74.0273016, 40.6187225], [-74.026873, 40.6185092], [-74.0268489, 40.6184972], [-74.02636, 40.6182538], [-74.0274886, 40.6169842], [-74.0283977, 40.6174435], [-74.0293018, 40.617896], [-74.0301741, 40.6183403], [-74.030485, 40.6175825], [-74.0329587, 40.6188174], [-74.0327521, 40.619323], [-74.0354373, 40.6199558], [-74.0351578, 40.6206379], [-74.0348865, 40.6213196], [-74.0321953, 40.6206875]]]]}}, {"type": "Feature", "properties": {"felt:feature": 16, "ed_label": "AD 46 ED 016", "elect_dist": "46016", "borough": "Brooklyn", "community_board": 10, "community_board_label": "Brooklyn CB10", "popup_title": "Brooklyn CB10 \u2014 AD 46 ED 016", "general_mayor": "ZOHRAN KWAME MAMDANI beat ANDREW M. CUOMO, 394 to 233, 54.8% to 32.4%; total votes 719.", "general_mayor_winner": "Mamdani", "general_public_advocate": "JUMAANE D. WILLIAMS beat GONZALO DURAN, 440 to 202, 66.8% to 30.7%; total votes 659.", "general_public_advocate_winner": "Williams", "general_comptroller": "MARK D. LEVINE beat PETER KEFALAS, 418 to 190, 65.5% to 29.8%; total votes 638.", "general_comptroller_winner": "Levine", "question_1": "Disapprove beat Approve, 347 to 260, 57.2% to 42.8%; total votes 607.", "question_1_winner": "No-disapprove!", "question_2": "Approve beat Disapprove, 327 to 285, 53.4% to 46.6%; total votes 612.", "question_2_winner": "Yes-approve!", "question_3": "Approve beat Disapprove, 324 to 281, 53.6% to 46.4%; total votes 605.", "question_3_winner": "Yes-approve!", "question_4": "Approve beat Disapprove, 333 to 259, 56.2% to 43.8%; total votes 592.", "question_4_winner": "Yes-approve!", "question_5": "Approve beat Disapprove, 439 to 150, 74.5% to 25.5%; total votes 589.", "question_5_winner": "Yes-approve!", "question_6": "Disapprove beat Approve, 326 to 264, 55.3% to 44.7%; total votes 590.", "question_6_winner": "No-disapprove!", "dem_primary_mayor": "Zohran Kwame Mamdani beat Andrew M. Cuomo, 170 to 65, 59.2% to 22.6%; total votes 287.", "dem_primary_mayor_winner": "Mamdani", "dem_primary_public_advocate": "Jumaane D. Williams beat Jenifer Rajkumar, 166 to 62, 63.6% to 23.8%; total votes 261.", "dem_primary_public_advocate_winner": "Williams", "dem_primary_comptroller": "Justin Brannan beat Mark D. Levine, 219 to 28, 80.8% to 10.3%; total votes 271.", "dem_primary_comptroller_winner": "Brannan", "popup_summary": "Mayor: ZOHRAN KWAME MAMDANI beat ANDREW M. CUOMO, 394 to 233, 54.8% to 32.4%; total votes 719. | Public Advocate: JUMAANE D. WILLIAMS beat GONZALO DURAN, 440 to 202, 66.8% to 30.7%; total votes 659. | City Comptroller: MARK D. LEVINE beat PETER KEFALAS, 418 to 190, 65.5% to 29.8%; total votes 638. | Question 1: Disapprove beat Approve, 347 to 260, 57.2% to 42.8%; total votes 607. | Question 2: Approve beat Disapprove, 327 to 285, 53.4% to 46.6%; total votes 612. | Question 3: Approve beat Disapprove, 324 to 281, 53.6% to 46.4%; total votes 605. | Question 4: Approve beat Disapprove, 333 to 259, 56.2% to 43.8%; total votes 592. | Question 5: Approve beat Disapprove, 439 to 150, 74.5% to 25.5%; total votes 589. | Question 6: Disapprove beat Approve, 326 to 264, 55.3% to 44.7%; total votes 590. | Dem Primary Mayor: Zohran Kwame Mamdani beat Andrew M. Cuomo, 170 to 65, 59.2% to 22.6%; total votes 287. | Dem Primary Public Advocate: Jumaane D. Williams beat Jenifer Rajkumar, 166 to 62, 63.6% to 23.8%; total votes 261. | Dem Primary Comptroller: Justin Brannan beat Mark D. Levine, 219 to 28, 80.8% to 10.3%; total votes 271.", "mayor_margin": 22.4, "q2_yes": 53.4, "q3_yes": 53.6, "q4_yes": 56.2}, "geometry": {"type": "MultiPolygon", "coordinates": [[[[-74.0274886, 40.6169842], [-74.0277745, 40.6167156], [-74.0287004, 40.61563], [-74.0295754, 40.6160662], [-74.0298065, 40.6161808], [-74.0300359, 40.616295], [-74.030485, 40.6165186], [-74.0308609, 40.6160363], [-74.0311861, 40.615702], [-74.0315143, 40.6153302], [-74.0338998, 40.6165113], [-74.0338658, 40.616594], [-74.0336128, 40.6172189], [-74.0335894, 40.6172762], [-74.0333126, 40.617945], [-74.0330321, 40.6186409], [-74.0329587, 40.6188174], [-74.030485, 40.6175825], [-74.0301741, 40.6183403], [-74.0293018, 40.617896], [-74.0283977, 40.6174435], [-74.0274886, 40.6169842]]]]}}, {"type": "Feature", "properties": {"felt:feature": 17, "ed_label": "AD 46 ED 017", "elect_dist": "46017", "borough": "Brooklyn", "community_board": 10, "community_board_label": "Brooklyn CB10", "popup_title": "Brooklyn CB10 \u2014 AD 46 ED 017", "general_mayor": "ZOHRAN KWAME MAMDANI beat ANDREW M. CUOMO, 311 to 197, 52.6% to 33.3%; total votes 591.", "general_mayor_winner": "Mamdani", "general_public_advocate": "JUMAANE D. WILLIAMS beat GONZALO DURAN, 355 to 170, 65.7% to 31.5%; total votes 540.", "general_public_advocate_winner": "Williams", "general_comptroller": "MARK D. LEVINE beat PETER KEFALAS, 336 to 173, 62.9% to 32.4%; total votes 534.", "general_comptroller_winner": "Levine", "question_1": "Disapprove beat Approve, 292 to 203, 59.0% to 41.0%; total votes 495.", "question_1_winner": "No-disapprove!", "question_2": "Approve beat Disapprove, 289 to 207, 58.3% to 41.7%; total votes 496.", "question_2_winner": "Yes-approve!", "question_3": "Approve beat Disapprove, 265 to 226, 54.0% to 46.0%; total votes 491.", "question_3_winner": "Yes-approve!", "question_4": "Approve beat Disapprove, 288 to 192, 60.0% to 40.0%; total votes 480.", "question_4_winner": "Yes-approve!", "question_5": "Approve beat Disapprove, 353 to 130, 73.1% to 26.9%; total votes 483.", "question_5_winner": "Yes-approve!", "question_6": "Disapprove beat Approve, 287 to 200, 58.9% to 41.1%; total votes 487.", "question_6_winner": "No-disapprove!", "dem_primary_mayor": "Zohran Kwame Mamdani beat Andrew M. Cuomo, 148 to 50, 64.1% to 21.6%; total votes 231.", "dem_primary_mayor_winner": "Mamdani", "dem_primary_public_advocate": "Jumaane D. Williams beat Jenifer Rajkumar, 140 to 42, 66.7% to 20.0%; total votes 210.", "dem_primary_public_advocate_winner": "Williams", "dem_primary_comptroller": "Justin Brannan beat Mark D. Levine, 175 to 26, 79.9% to 11.9%; total votes 219.", "dem_primary_comptroller_winner": "Brannan", "popup_summary": "Mayor: ZOHRAN KWAME MAMDANI beat ANDREW M. CUOMO, 311 to 197, 52.6% to 33.3%; total votes 591. | Public Advocate: JUMAANE D. WILLIAMS beat GONZALO DURAN, 355 to 170, 65.7% to 31.5%; total votes 540. | City Comptroller: MARK D. LEVINE beat PETER KEFALAS, 336 to 173, 62.9% to 32.4%; total votes 534. | Question 1: Disapprove beat Approve, 292 to 203, 59.0% to 41.0%; total votes 495. | Question 2: Approve beat Disapprove, 289 to 207, 58.3% to 41.7%; total votes 496. | Question 3: Approve beat Disapprove, 265 to 226, 54.0% to 46.0%; total votes 491. | Question 4: Approve beat Disapprove, 288 to 192, 60.0% to 40.0%; total votes 480. | Question 5: Approve beat Disapprove, 353 to 130, 73.1% to 26.9%; total votes 483. | Question 6: Disapprove beat Approve, 287 to 200, 58.9% to 41.1%; total votes 487. | Dem Primary Mayor: Zohran Kwame Mamdani beat Andrew M. Cuomo, 148 to 50, 64.1% to 21.6%; total votes 231. | Dem Primary Public Advocate: Jumaane D. Williams beat Jenifer Rajkumar, 140 to 42, 66.7% to 20.0%; total votes 210. | Dem Primary Comptroller: Justin Brannan beat Mark D. Levine, 175 to 26, 79.9% to 11.9%; total votes 219.", "mayor_margin": 19.3, "q2_yes": 58.3, "q3_yes": 54.0, "q4_yes": 60.0}, "geometry": {"type": "MultiPolygon", "coordinates": [[[[-74.0212006, 40.6222449], [-74.0211295, 40.6222521], [-74.021097, 40.6222554], [-74.0212969, 40.6220082], [-74.0216888, 40.621555], [-74.0221519, 40.6210195], [-74.02227, 40.6208809], [-74.0227163, 40.6203635], [-74.0231207, 40.6198938], [-74.0232664, 40.6197247], [-74.0232922, 40.6197392], [-74.0233675, 40.6197828], [-74.0236833, 40.619978], [-74.0244664, 40.6204368], [-74.0253636, 40.6209772], [-74.026214, 40.6214917], [-74.0256616, 40.6221407], [-74.0253449, 40.6228594], [-74.0250473, 40.6235892], [-74.0247504, 40.6243208], [-74.0223888, 40.622896], [-74.0216502, 40.6224486], [-74.0214435, 40.6224109], [-74.0216129, 40.6221838], [-74.0212006, 40.6222449]]]]}}, {"type": "Feature", "properties": {"felt:feature": 18, "ed_label": "AD 46 ED 018", "elect_dist": "46018", "borough": "Brooklyn", "community_board": 10, "community_board_label": "Brooklyn CB10", "popup_title": "Brooklyn CB10 \u2014 AD 46 ED 018", "general_mayor": "ZOHRAN KWAME MAMDANI beat ANDREW M. CUOMO, 335 to 210, 52.5% to 32.9%; total votes 638.", "general_mayor_winner": "Mamdani", "general_public_advocate": "JUMAANE D. WILLIAMS beat GONZALO DURAN, 387 to 185, 65.9% to 31.5%; total votes 587.", "general_public_advocate_winner": "Williams", "general_comptroller": "MARK D. LEVINE beat PETER KEFALAS, 374 to 186, 65.2% to 32.4%; total votes 574.", "general_comptroller_winner": "Levine", "question_1": "Disapprove beat Approve, 318 to 203, 61.0% to 39.0%; total votes 521.", "question_1_winner": "No-disapprove!", "question_2": "Approve beat Disapprove, 269 to 258, 51.0% to 49.0%; total votes 527.", "question_2_winner": "Yes-approve!", "question_3": "Approve beat Disapprove, 268 to 259, 50.9% to 49.1%; total votes 527.", "question_3_winner": "Yes-approve!", "question_4": "Approve beat Disapprove, 270 to 243, 52.6% to 47.4%; total votes 513.", "question_4_winner": "Yes-approve!", "question_5": "Approve beat Disapprove, 370 to 139, 72.7% to 27.3%; total votes 509.", "question_5_winner": "Yes-approve!", "question_6": "Disapprove beat Approve, 293 to 216, 57.6% to 42.4%; total votes 509.", "question_6_winner": "No-disapprove!", "dem_primary_mayor": "Zohran Kwame Mamdani beat Andrew M. Cuomo, 142 to 46, 59.9% to 19.4%; total votes 237.", "dem_primary_mayor_winner": "Mamdani", "dem_primary_public_advocate": "Jumaane D. Williams beat Jenifer Rajkumar, 159 to 45, 70.4% to 19.9%; total votes 226.", "dem_primary_public_advocate_winner": "Williams", "dem_primary_comptroller": "Justin Brannan beat Mark D. Levine, 180 to 22, 80.7% to 9.9%; total votes 223.", "dem_primary_comptroller_winner": "Brannan", "popup_summary": "Mayor: ZOHRAN KWAME MAMDANI beat ANDREW M. CUOMO, 335 to 210, 52.5% to 32.9%; total votes 638. | Public Advocate: JUMAANE D. WILLIAMS beat GONZALO DURAN, 387 to 185, 65.9% to 31.5%; total votes 587. | City Comptroller: MARK D. LEVINE beat PETER KEFALAS, 374 to 186, 65.2% to 32.4%; total votes 574. | Question 1: Disapprove beat Approve, 318 to 203, 61.0% to 39.0%; total votes 521. | Question 2: Approve beat Disapprove, 269 to 258, 51.0% to 49.0%; total votes 527. | Question 3: Approve beat Disapprove, 268 to 259, 50.9% to 49.1%; total votes 527. | Question 4: Approve beat Disapprove, 270 to 243, 52.6% to 47.4%; total votes 513. | Question 5: Approve beat Disapprove, 370 to 139, 72.7% to 27.3%; total votes 509. | Question 6: Disapprove beat Approve, 293 to 216, 57.6% to 42.4%; total votes 509. | Dem Primary Mayor: Zohran Kwame Mamdani beat Andrew M. Cuomo, 142 to 46, 59.9% to 19.4%; total votes 237. | Dem Primary Public Advocate: Jumaane D. Williams beat Jenifer Rajkumar, 159 to 45, 70.4% to 19.9%; total votes 226. | Dem Primary Comptroller: Justin Brannan beat Mark D. Levine, 180 to 22, 80.7% to 9.9%; total votes 223.", "mayor_margin": 19.6, "q2_yes": 51.0, "q3_yes": 50.9, "q4_yes": 52.6}, "geometry": {"type": "MultiPolygon", "coordinates": [[[[-74.0232664, 40.6197247], [-74.0231851, 40.6196759], [-74.0235175, 40.6192778], [-74.0236777, 40.619086], [-74.0240039, 40.6187162], [-74.0241185, 40.6185863], [-74.024297, 40.618384], [-74.024485, 40.618158], [-74.0244918, 40.6181502], [-74.0249826, 40.6175869], [-74.0249939, 40.6175719], [-74.0252435, 40.6172765], [-74.025588, 40.6168309], [-74.0260921, 40.6162282], [-74.0261536, 40.6162595], [-74.0261777, 40.6162719], [-74.0262898, 40.6163293], [-74.0266472, 40.6165077], [-74.0267671, 40.6165749], [-74.0274886, 40.6169842], [-74.02636, 40.6182538], [-74.0268489, 40.6184972], [-74.026873, 40.6185092], [-74.0273016, 40.6187225], [-74.0282052, 40.6191727], [-74.027713, 40.6197485], [-74.0272201, 40.6203224], [-74.02677, 40.6208463], [-74.026214, 40.6214917], [-74.0253636, 40.6209772], [-74.0244664, 40.6204368], [-74.0236833, 40.619978], [-74.0233675, 40.6197828], [-74.0232922, 40.6197392], [-74.0232664, 40.6197247]]]]}}, {"type": "Feature", "properties": {"felt:feature": 19, "ed_label": "AD 46 ED 019", "elect_dist": "46019", "borough": "Brooklyn", "community_board": 10, "community_board_label": "Brooklyn CB10", "popup_title": "Brooklyn CB10 \u2014 AD 46 ED 019", "general_mayor": "ANDREW M. CUOMO beat ZOHRAN KWAME MAMDANI, 406 to 267, 49.4% to 32.5%; total votes 822.", "general_mayor_winner": "Cuomo", "general_public_advocate": "JUMAANE D. WILLIAMS beat GONZALO DURAN, 398 to 345, 52.0% to 45.0%; total votes 766.", "general_public_advocate_winner": "Williams", "general_comptroller": "MARK D. LEVINE beat PETER KEFALAS, 398 to 357, 51.8% to 46.5%; total votes 768.", "general_comptroller_winner": "Levine", "question_1": "Disapprove beat Approve, 451 to 297, 60.3% to 39.7%; total votes 748.", "question_1_winner": "No-disapprove!", "question_2": "Disapprove beat Approve, 458 to 288, 61.4% to 38.6%; total votes 746.", "question_2_winner": "No-disapprove!", "question_3": "Disapprove beat Approve, 451 to 291, 60.8% to 39.2%; total votes 742.", "question_3_winner": "No-disapprove!", "question_4": "Disapprove beat Approve, 423 to 323, 56.7% to 43.3%; total votes 746.", "question_4_winner": "No-disapprove!", "question_5": "Approve beat Disapprove, 476 to 272, 63.6% to 36.4%; total votes 748.", "question_5_winner": "Yes-approve!", "question_6": "Disapprove beat Approve, 466 to 281, 62.4% to 37.6%; total votes 747.", "question_6_winner": "No-disapprove!", "dem_primary_mayor": "Andrew M. Cuomo beat Zohran Kwame Mamdani, 111 to 104, 39.8% to 37.3%; total votes 279.", "dem_primary_mayor_winner": "Cuomo", "dem_primary_public_advocate": "Jumaane D. Williams beat Jenifer Rajkumar, 156 to 60, 60.7% to 23.3%; total votes 257.", "dem_primary_public_advocate_winner": "Williams", "dem_primary_comptroller": "Justin Brannan beat Mark D. Levine, 211 to 48, 77.6% to 17.6%; total votes 272.", "dem_primary_comptroller_winner": "Brannan", "popup_summary": "Mayor: ANDREW M. CUOMO beat ZOHRAN KWAME MAMDANI, 406 to 267, 49.4% to 32.5%; total votes 822. | Public Advocate: JUMAANE D. WILLIAMS beat GONZALO DURAN, 398 to 345, 52.0% to 45.0%; total votes 766. | City Comptroller: MARK D. LEVINE beat PETER KEFALAS, 398 to 357, 51.8% to 46.5%; total votes 768. | Question 1: Disapprove beat Approve, 451 to 297, 60.3% to 39.7%; total votes 748. | Question 2: Disapprove beat Approve, 458 to 288, 61.4% to 38.6%; total votes 746. | Question 3: Disapprove beat Approve, 451 to 291, 60.8% to 39.2%; total votes 742. | Question 4: Disapprove beat Approve, 423 to 323, 56.7% to 43.3%; total votes 746. | Question 5: Approve beat Disapprove, 476 to 272, 63.6% to 36.4%; total votes 748. | Question 6: Disapprove beat Approve, 466 to 281, 62.4% to 37.6%; total votes 747. | Dem Primary Mayor: Andrew M. Cuomo beat Zohran Kwame Mamdani, 111 to 104, 39.8% to 37.3%; total votes 279. | Dem Primary Public Advocate: Jumaane D. Williams beat Jenifer Rajkumar, 156 to 60, 60.7% to 23.3%; total votes 257. | Dem Primary Comptroller: Justin Brannan beat Mark D. Levine, 211 to 48, 77.6% to 17.6%; total votes 272.", "mayor_margin": 16.9, "q2_yes": 61.4, "q3_yes": 60.8, "q4_yes": 56.7}, "geometry": {"type": "MultiPolygon", "coordinates": [[[[-74.0338658, 40.616594], [-74.0338998, 40.6165113], [-74.0341459, 40.6159135], [-74.03419, 40.6158049], [-74.0345383, 40.6149389], [-74.0345788, 40.6148599], [-74.0347005, 40.6146586], [-74.0349464, 40.6142885], [-74.0353519, 40.613673], [-74.0357258, 40.613103], [-74.0360946, 40.6125585], [-74.0362448, 40.6127037], [-74.0363877, 40.6128532], [-74.0365229, 40.6130067], [-74.0366504, 40.613164], [-74.03677, 40.6133249], [-74.0368814, 40.6134891], [-74.0369845, 40.6136565], [-74.0370792, 40.6138267], [-74.037442, 40.6146148], [-74.0376651, 40.6151812], [-74.037975, 40.6158588], [-74.0356817, 40.6166706], [-74.0359246, 40.6170548], [-74.0338658, 40.616594]]]]}}, {"type": "Feature", "properties": {"felt:feature": 20, "ed_label": "AD 46 ED 020", "elect_dist": "46020", "borough": "Brooklyn", "community_board": 10, "community_board_label": "Brooklyn CB10", "popup_title": "Brooklyn CB10 \u2014 AD 46 ED 020", "general_mayor": "ANDREW M. CUOMO beat ZOHRAN KWAME MAMDANI, 375 to 329, 44.0% to 38.6%; total votes 852.", "general_mayor_winner": "Cuomo", "general_public_advocate": "JUMAANE D. WILLIAMS beat GONZALO DURAN, 464 to 330, 57.1% to 40.6%; total votes 812.", "general_public_advocate_winner": "Williams", "general_comptroller": "MARK D. LEVINE beat PETER KEFALAS, 455 to 331, 56.0% to 40.8%; total votes 812.", "general_comptroller_winner": "Levine", "question_1": "Disapprove beat Approve, 472 to 293, 61.7% to 38.3%; total votes 765.", "question_1_winner": "No-disapprove!", "question_2": "Disapprove beat Approve, 462 to 314, 59.5% to 40.5%; total votes 776.", "question_2_winner": "No-disapprove!", "question_3": "Disapprove beat Approve, 438 to 329, 57.1% to 42.9%; total votes 767.", "question_3_winner": "No-disapprove!", "question_4": "Disapprove beat Approve, 422 to 336, 55.7% to 44.3%; total votes 758.", "question_4_winner": "No-disapprove!", "question_5": "Approve beat Disapprove, 505 to 259, 66.1% to 33.9%; total votes 764.", "question_5_winner": "Yes-approve!", "question_6": "Disapprove beat Approve, 489 to 274, 64.1% to 35.9%; total votes 763.", "question_6_winner": "No-disapprove!", "dem_primary_mayor": "Zohran Kwame Mamdani beat Andrew M. Cuomo, 148 to 93, 48.2% to 30.3%; total votes 307.", "dem_primary_mayor_winner": "Mamdani", "dem_primary_public_advocate": "Jumaane D. Williams beat Jenifer Rajkumar, 191 to 62, 65.6% to 21.3%; total votes 291.", "dem_primary_public_advocate_winner": "Williams", "dem_primary_comptroller": "Justin Brannan beat Mark D. Levine, 250 to 44, 82.0% to 14.4%; total votes 305.", "dem_primary_comptroller_winner": "Brannan", "popup_summary": "Mayor: ANDREW M. CUOMO beat ZOHRAN KWAME MAMDANI, 375 to 329, 44.0% to 38.6%; total votes 852. | Public Advocate: JUMAANE D. WILLIAMS beat GONZALO DURAN, 464 to 330, 57.1% to 40.6%; total votes 812. | City Comptroller: MARK D. LEVINE beat PETER KEFALAS, 455 to 331, 56.0% to 40.8%; total votes 812. | Question 1: Disapprove beat Approve, 472 to 293, 61.7% to 38.3%; total votes 765. | Question 2: Disapprove beat Approve, 462 to 314, 59.5% to 40.5%; total votes 776. | Question 3: Disapprove beat Approve, 438 to 329, 57.1% to 42.9%; total votes 767. | Question 4: Disapprove beat Approve, 422 to 336, 55.7% to 44.3%; total votes 758. | Question 5: Approve beat Disapprove, 505 to 259, 66.1% to 33.9%; total votes 764. | Question 6: Disapprove beat Approve, 489 to 274, 64.1% to 35.9%; total votes 763. | Dem Primary Mayor: Zohran Kwame Mamdani beat Andrew M. Cuomo, 148 to 93, 48.2% to 30.3%; total votes 307. | Dem Primary Public Advocate: Jumaane D. Williams beat Jenifer Rajkumar, 191 to 62, 65.6% to 21.3%; total votes 291. | Dem Primary Comptroller: Justin Brannan beat Mark D. Levine, 250 to 44, 82.0% to 14.4%; total votes 305.", "mayor_margin": 5.4, "q2_yes": 59.5, "q3_yes": 57.1, "q4_yes": 55.7}, "geometry": {"type": "MultiPolygon", "coordinates": [[[[-74.0315143, 40.6153302], [-74.0319467, 40.6148145], [-74.0320208, 40.6147275], [-74.0326372, 40.6140099], [-74.0331628, 40.6134021], [-74.0336474, 40.6128332], [-74.0341107, 40.612296], [-74.0343289, 40.6120429], [-74.0348715, 40.6113662], [-74.0360946, 40.6125585], [-74.0357258, 40.613103], [-74.0353519, 40.613673], [-74.0349464, 40.6142885], [-74.0347005, 40.6146586], [-74.0345788, 40.6148599], [-74.0345383, 40.6149389], [-74.03419, 40.6158049], [-74.0341459, 40.6159135], [-74.0338998, 40.6165113], [-74.0315143, 40.6153302]]]]}}, {"type": "Feature", "properties": {"felt:feature": 21, "ed_label": "AD 46 ED 021", "elect_dist": "46021", "borough": "Brooklyn", "community_board": 10, "community_board_label": "Brooklyn CB10", "popup_title": "Brooklyn CB10 \u2014 AD 46 ED 021", "general_mayor": "ZOHRAN KWAME MAMDANI beat ANDREW M. CUOMO, 59 to 49.5, 47.7% to 40.0%; total votes 123.8.", "general_mayor_winner": "Mamdani", "general_public_advocate": "JUMAANE D. WILLIAMS beat GONZALO DURAN, 75.2 to 40, 61.7% to 32.8%; total votes 121.9.", "general_public_advocate_winner": "Williams", "general_comptroller": "MARK D. LEVINE beat PETER KEFALAS, 73.3 to 42.8, 61.6% to 36.0%; total votes 119.", "general_comptroller_winner": "Levine", "question_1": "Disapprove beat Approve, 77.1 to 41.9, 64.8% to 35.2%; total votes 119.", "question_1_winner": "No-disapprove!", "question_2": "Approve beat Disapprove, 61.9 to 56.2, 52.4% to 47.6%; total votes 118.", "question_2_winner": "Yes-approve!", "question_3": "Approve beat Disapprove, 68.5 to 50.5, 57.6% to 42.4%; total votes 119.", "question_3_winner": "Yes-approve!", "question_4": "Approve beat Disapprove, 70.4 to 45.7, 60.7% to 39.3%; total votes 116.1.", "question_4_winner": "Yes-approve!", "question_5": "Approve beat Disapprove, 74.3 to 43.8, 62.9% to 37.1%; total votes 118.", "question_5_winner": "Yes-approve!", "question_6": "Disapprove beat Approve, 68.5 to 49.5, 58.1% to 41.9%; total votes 118.", "question_6_winner": "No-disapprove!", "dem_primary_mayor": "Zohran Kwame Mamdani beat Andrew M. Cuomo, 20 to 15.2, 47.7% to 36.4%; total votes 41.9.", "dem_primary_mayor_winner": "Mamdani", "dem_primary_public_advocate": "Jumaane D. Williams beat Jenifer Rajkumar, 31.4 to 4.8, 76.7% to 11.6%; total votes 40.9.", "dem_primary_public_advocate_winner": "Williams", "dem_primary_comptroller": "Justin Brannan beat Mark D. Levine, 26.7 to 9.5, 66.7% to 23.8%; total votes 40.", "dem_primary_comptroller_winner": "Brannan", "popup_summary": "Mayor: ZOHRAN KWAME MAMDANI beat ANDREW M. CUOMO, 59 to 49.5, 47.7% to 40.0%; total votes 123.8. | Public Advocate: JUMAANE D. WILLIAMS beat GONZALO DURAN, 75.2 to 40, 61.7% to 32.8%; total votes 121.9. | City Comptroller: MARK D. LEVINE beat PETER KEFALAS, 73.3 to 42.8, 61.6% to 36.0%; total votes 119. | Question 1: Disapprove beat Approve, 77.1 to 41.9, 64.8% to 35.2%; total votes 119. | Question 2: Approve beat Disapprove, 61.9 to 56.2, 52.4% to 47.6%; total votes 118. | Question 3: Approve beat Disapprove, 68.5 to 50.5, 57.6% to 42.4%; total votes 119. | Question 4: Approve beat Disapprove, 70.4 to 45.7, 60.7% to 39.3%; total votes 116.1. | Question 5: Approve beat Disapprove, 74.3 to 43.8, 62.9% to 37.1%; total votes 118. | Question 6: Disapprove beat Approve, 68.5 to 49.5, 58.1% to 41.9%; total votes 118. | Dem Primary Mayor: Zohran Kwame Mamdani beat Andrew M. Cuomo, 20 to 15.2, 47.7% to 36.4%; total votes 41.9. | Dem Primary Public Advocate: Jumaane D. Williams beat Jenifer Rajkumar, 31.4 to 4.8, 76.7% to 11.6%; total votes 40.9. | Dem Primary Comptroller: Justin Brannan beat Mark D. Levine, 26.7 to 9.5, 66.7% to 23.8%; total votes 40.", "mayor_margin": 7.7, "q2_yes": 52.4, "q3_yes": 57.6, "q4_yes": 60.7}, "geometry": {"type": "MultiPolygon", "coordinates": [[[[-74.0170191, 40.6076544], [-74.0162364, 40.6072333], [-74.0154986, 40.6068415], [-74.0164055, 40.6059759], [-74.0167128, 40.6056826], [-74.0172837, 40.6051378], [-74.0174671, 40.6049651], [-74.0175087, 40.6048505], [-74.018047, 40.6043657], [-74.018119, 40.6043152], [-74.0181765, 40.6042526], [-74.0182146, 40.604182], [-74.0182315, 40.6041085], [-74.0182307, 40.6040394], [-74.0182307, 40.6040392], [-74.0182306, 40.6040391], [-74.0182105, 40.6039704], [-74.0182104, 40.6039701], [-74.0182103, 40.6039699], [-74.0181715, 40.603906], [-74.0181714, 40.6039058], [-74.0181713, 40.6039057], [-74.0181169, 40.6038505], [-74.0176239, 40.6036068], [-74.0153665, 40.6029965], [-74.0145209, 40.6028127], [-74.0144735, 40.6024704], [-74.0144705, 40.6024338], [-74.0144602, 40.6023762], [-74.0146573, 40.6021359], [-74.0147284, 40.6020659], [-74.0152577, 40.6021787], [-74.015789, 40.602286], [-74.0160865, 40.6023345], [-74.0163853, 40.6023781], [-74.0166853, 40.6024168], [-74.0169863, 40.6024505], [-74.0172881, 40.6024793], [-74.0175908, 40.602503], [-74.0179923, 40.602492], [-74.0182929, 40.6024474], [-74.0183235, 40.6024177], [-74.0191356, 40.6026128], [-74.0191341, 40.6026486], [-74.0193283, 40.6028108], [-74.0194276, 40.6028716], [-74.0197477, 40.6030848], [-74.0201044, 40.6032596], [-74.0202469, 40.6033243], [-74.0203938, 40.6033831], [-74.0205447, 40.6034358], [-74.0206991, 40.6034822], [-74.0208566, 40.6035221], [-74.0210166, 40.6035556], [-74.0211788, 40.6035823], [-74.0213427, 40.6036024], [-74.0215077, 40.6036157], [-74.0251467, 40.6040831], [-74.0293088, 40.6045991], [-74.0300515, 40.6047592], [-74.0308851, 40.6051846], [-74.0310161, 40.6052514], [-74.0314347, 40.6055295], [-74.0317963, 40.6057803], [-74.0318604, 40.6058112], [-74.0321316, 40.6059018], [-74.0327068, 40.6063311], [-74.0335922, 40.6070826], [-74.0337835, 40.6072544], [-74.0342728, 40.6077175], [-74.0343554, 40.607823], [-74.03443, 40.6079318], [-74.0344966, 40.6080437], [-74.0345393, 40.6081406], [-74.0345901, 40.6082351], [-74.0346489, 40.6083269], [-74.0347155, 40.6084157], [-74.0347894, 40.6085009], [-74.0348705, 40.6085823], [-74.0349583, 40.6086595], [-74.0350525, 40.6087322], [-74.0351528, 40.6088], [-74.0352586, 40.6088628], [-74.0353037, 40.6088882], [-74.0353517, 40.6089104], [-74.0354022, 40.6089291], [-74.0354772, 40.608945], [-74.0355494, 40.6089671], [-74.0356181, 40.6089951], [-74.0356823, 40.6090285], [-74.0357414, 40.6090672], [-74.0357946, 40.6091105], [-74.0360398, 40.6092956], [-74.0359961, 40.6093091], [-74.0357345, 40.6093895], [-74.0352598, 40.6095461], [-74.0350903, 40.609602], [-74.0350496, 40.6096155], [-74.0349884, 40.6096357], [-74.0348394, 40.6096827], [-74.0344446, 40.6098131], [-74.0335424, 40.6101009], [-74.0331456, 40.6102275], [-74.0329522, 40.6102811], [-74.032817, 40.6103228], [-74.0326816, 40.6103605], [-74.0321804, 40.6105136], [-74.0316848, 40.6106768], [-74.0316108, 40.6106973], [-74.0313944, 40.6107714], [-74.0311816, 40.6108513], [-74.0309727, 40.610937], [-74.0307679, 40.6110283], [-74.0305676, 40.6111251], [-74.0303719, 40.6112273], [-74.0301811, 40.6113348], [-74.0301505, 40.611352], [-74.0299997, 40.611447], [-74.0298545, 40.6115468], [-74.029715, 40.6116512], [-74.0295815, 40.61176], [-74.0294591, 40.6118679], [-74.0293431, 40.6119799], [-74.0292338, 40.6120957], [-74.0291314, 40.6122151], [-74.0289467, 40.6124498], [-74.0289247, 40.6124777], [-74.0284706, 40.6130235], [-74.0281994, 40.6133299], [-74.0281068, 40.6134282], [-74.0280224, 40.6135178], [-74.0276532, 40.6138937], [-74.0274055, 40.6141445], [-74.0274601, 40.6140109], [-74.0279202, 40.6131359], [-74.027543, 40.6129372], [-74.0270233, 40.612674], [-74.0265323, 40.6124254], [-74.0263761, 40.6124506], [-74.0271066, 40.610244], [-74.0249793, 40.609742], [-74.0247773, 40.609696], [-74.0243044, 40.609457], [-74.0236613, 40.6090813], [-74.0226818, 40.608509], [-74.021506, 40.6078221], [-74.0212614, 40.607666], [-74.0210025, 40.6075219], [-74.020731, 40.607391], [-74.0204487, 40.6072742], [-74.0201574, 40.6071723], [-74.0198593, 40.6070856], [-74.0196396, 40.6070349], [-74.0193737, 40.6069894], [-74.0184401, 40.6068782], [-74.0182236, 40.6068865], [-74.0180546, 40.6069212], [-74.0179303, 40.6069532], [-74.0177981, 40.6070052], [-74.0176698, 40.6070786], [-74.0175716, 40.6071596], [-74.0174534, 40.6072558], [-74.017362, 40.6073272], [-74.017295, 40.6073796], [-74.0171476, 40.607513], [-74.0170191, 40.6076544]]]]}}, {"type": "Feature", "properties": {"felt:feature": 22, "ed_label": "AD 46 ED 022", "elect_dist": "46022", "borough": "Brooklyn", "community_board": 10, "community_board_label": "Brooklyn CB10", "popup_title": "Brooklyn CB10 \u2014 AD 46 ED 022", "general_mayor": "ZOHRAN KWAME MAMDANI beat ANDREW M. CUOMO, 269 to 258, 41.4% to 39.8%; total votes 649.", "general_mayor_winner": "Mamdani", "general_public_advocate": "JUMAANE D. WILLIAMS beat GONZALO DURAN, 327 to 255, 54.5% to 42.5%; total votes 600.", "general_public_advocate_winner": "Williams", "general_comptroller": "MARK D. LEVINE beat PETER KEFALAS, 332 to 253, 55.2% to 42.1%; total votes 601.", "general_comptroller_winner": "Levine", "question_1": "Disapprove beat Approve, 315 to 218, 59.1% to 40.9%; total votes 533.", "question_1_winner": "No-disapprove!", "question_2": "Disapprove beat Approve, 298 to 236, 55.8% to 44.2%; total votes 534.", "question_2_winner": "No-disapprove!", "question_3": "Disapprove beat Approve, 292 to 238, 55.1% to 44.9%; total votes 530.", "question_3_winner": "No-disapprove!", "question_4": "Disapprove beat Approve, 281 to 250, 52.9% to 47.1%; total votes 531.", "question_4_winner": "No-disapprove!", "question_5": "Approve beat Disapprove, 342 to 189, 64.4% to 35.6%; total votes 531.", "question_5_winner": "Yes-approve!", "question_6": "Disapprove beat Approve, 311 to 215, 59.1% to 40.9%; total votes 526.", "question_6_winner": "No-disapprove!", "dem_primary_mayor": "Zohran Kwame Mamdani beat Andrew M. Cuomo, 97 to 65, 45.5% to 30.5%; total votes 213.", "dem_primary_mayor_winner": "Mamdani", "dem_primary_public_advocate": "Jumaane D. Williams beat Jenifer Rajkumar, 116 to 36, 63.7% to 19.8%; total votes 182.", "dem_primary_public_advocate_winner": "Williams", "dem_primary_comptroller": "Justin Brannan beat Mark D. Levine, 147 to 33, 75.4% to 16.9%; total votes 195.", "dem_primary_comptroller_winner": "Brannan", "popup_summary": "Mayor: ZOHRAN KWAME MAMDANI beat ANDREW M. CUOMO, 269 to 258, 41.4% to 39.8%; total votes 649. | Public Advocate: JUMAANE D. WILLIAMS beat GONZALO DURAN, 327 to 255, 54.5% to 42.5%; total votes 600. | City Comptroller: MARK D. LEVINE beat PETER KEFALAS, 332 to 253, 55.2% to 42.1%; total votes 601. | Question 1: Disapprove beat Approve, 315 to 218, 59.1% to 40.9%; total votes 533. | Question 2: Disapprove beat Approve, 298 to 236, 55.8% to 44.2%; total votes 534. | Question 3: Disapprove beat Approve, 292 to 238, 55.1% to 44.9%; total votes 530. | Question 4: Disapprove beat Approve, 281 to 250, 52.9% to 47.1%; total votes 531. | Question 5: Approve beat Disapprove, 342 to 189, 64.4% to 35.6%; total votes 531. | Question 6: Disapprove beat Approve, 311 to 215, 59.1% to 40.9%; total votes 526. | Dem Primary Mayor: Zohran Kwame Mamdani beat Andrew M. Cuomo, 97 to 65, 45.5% to 30.5%; total votes 213. | Dem Primary Public Advocate: Jumaane D. Williams beat Jenifer Rajkumar, 116 to 36, 63.7% to 19.8%; total votes 182. | Dem Primary Comptroller: Justin Brannan beat Mark D. Levine, 147 to 33, 75.4% to 16.9%; total votes 195.", "mayor_margin": 1.6, "q2_yes": 55.8, "q3_yes": 55.1, "q4_yes": 52.9}, "geometry": {"type": "MultiPolygon", "coordinates": [[[[-74.0183258, 40.6167261], [-74.0161182, 40.615384], [-74.0144511, 40.6143802], [-74.0139066, 40.6140524], [-74.011712, 40.612735], [-74.0134826, 40.6110374], [-74.0152238, 40.6093564], [-74.0170191, 40.6076544], [-74.0171476, 40.607513], [-74.017295, 40.6073796], [-74.017362, 40.6073272], [-74.0174534, 40.6072558], [-74.0175716, 40.6071596], [-74.0176698, 40.6070786], [-74.0177981, 40.6070052], [-74.0179303, 40.6069532], [-74.0180546, 40.6069212], [-74.0182236, 40.6068865], [-74.0184401, 40.6068782], [-74.0193737, 40.6069894], [-74.0196396, 40.6070349], [-74.0198593, 40.6070856], [-74.0201574, 40.6071723], [-74.0204487, 40.6072742], [-74.020731, 40.607391], [-74.0210025, 40.6075219], [-74.0212614, 40.607666], [-74.021506, 40.6078221], [-74.0226818, 40.608509], [-74.0236613, 40.6090813], [-74.0243044, 40.609457], [-74.0247773, 40.609696], [-74.0249793, 40.609742], [-74.0271066, 40.610244], [-74.0263761, 40.6124506], [-74.0265323, 40.6124254], [-74.0270233, 40.612674], [-74.027543, 40.6129372], [-74.0279202, 40.6131359], [-74.0274601, 40.6140109], [-74.0274055, 40.6141445], [-74.0276532, 40.6138937], [-74.0280224, 40.6135178], [-74.0281068, 40.6134282], [-74.0281994, 40.6133299], [-74.0284706, 40.6130235], [-74.0289247, 40.6124777], [-74.0287496, 40.6128654], [-74.0286831, 40.6129534], [-74.0281838, 40.6136034], [-74.0280888, 40.6137181], [-74.0278595, 40.6139889], [-74.0277187, 40.6141494], [-74.0276274, 40.614256], [-74.0272332, 40.614701], [-74.0269935, 40.6149816], [-74.0268513, 40.6151672], [-74.0266511, 40.6154553], [-74.0266166, 40.6156432], [-74.0264256, 40.6158473], [-74.0262766, 40.6160222], [-74.026147, 40.6161668], [-74.0260921, 40.6162282], [-74.025588, 40.6168309], [-74.0252435, 40.6172765], [-74.0249939, 40.6175719], [-74.0249826, 40.6175869], [-74.0244918, 40.6181502], [-74.024485, 40.618158], [-74.024297, 40.618384], [-74.0241185, 40.6185863], [-74.0240039, 40.6187162], [-74.0236777, 40.619086], [-74.0235175, 40.6192778], [-74.0231851, 40.6196759], [-74.0229327, 40.6195046], [-74.022876, 40.6194661], [-74.0220037, 40.6189387], [-74.0212155, 40.618472], [-74.0205261, 40.6180578], [-74.0198416, 40.617644], [-74.0183258, 40.6167261]]]]}}, {"type": "Feature", "properties": {"felt:feature": 23, "ed_label": "AD 46 ED 023", "elect_dist": "46023", "borough": "Brooklyn", "community_board": 10, "community_board_label": "Brooklyn CB10", "popup_title": "Brooklyn CB10 \u2014 AD 46 ED 023", "general_mayor": "ANDREW M. CUOMO beat ZOHRAN KWAME MAMDANI, 366 to 145, 55.8% to 22.1%; total votes 656.", "general_mayor_winner": "Cuomo", "general_public_advocate": "GONZALO DURAN beat JUMAANE D. WILLIAMS, 368 to 204, 61.8% to 34.3%; total votes 595.", "general_public_advocate_winner": "Duran", "general_comptroller": "PETER KEFALAS beat MARK D. LEVINE, 378 to 199, 63.7% to 33.6%; total votes 593.", "general_comptroller_winner": "Kefalas", "question_1": "Disapprove beat Approve, 353 to 204, 63.4% to 36.6%; total votes 557.", "question_1_winner": "No-disapprove!", "question_2": "Disapprove beat Approve, 401 to 159, 71.6% to 28.4%; total votes 560.", "question_2_winner": "No-disapprove!", "question_3": "Disapprove beat Approve, 358 to 196, 64.6% to 35.4%; total votes 554.", "question_3_winner": "No-disapprove!", "question_4": "Disapprove beat Approve, 341 to 201, 62.9% to 37.1%; total votes 542.", "question_4_winner": "No-disapprove!", "question_5": "Approve beat Disapprove, 290 to 252, 53.5% to 46.5%; total votes 542.", "question_5_winner": "Yes-approve!", "question_6": "Disapprove beat Approve, 352 to 192, 64.7% to 35.3%; total votes 544.", "question_6_winner": "No-disapprove!", "dem_primary_mayor": "Zohran Kwame Mamdani beat Andrew M. Cuomo, 66 to 58, 44.3% to 38.9%; total votes 149.", "dem_primary_mayor_winner": "Mamdani", "dem_primary_public_advocate": "Jumaane D. Williams beat Marty Dolan, 82 to 26, 61.2% to 19.4%; total votes 134.", "dem_primary_public_advocate_winner": "Williams", "dem_primary_comptroller": "Justin Brannan beat Mark D. Levine, 98 to 32, 69.5% to 22.7%; total votes 141.", "dem_primary_comptroller_winner": "Brannan", "popup_summary": "Mayor: ANDREW M. CUOMO beat ZOHRAN KWAME MAMDANI, 366 to 145, 55.8% to 22.1%; total votes 656. | Public Advocate: GONZALO DURAN beat JUMAANE D. WILLIAMS, 368 to 204, 61.8% to 34.3%; total votes 595. | City Comptroller: PETER KEFALAS beat MARK D. LEVINE, 378 to 199, 63.7% to 33.6%; total votes 593. | Question 1: Disapprove beat Approve, 353 to 204, 63.4% to 36.6%; total votes 557. | Question 2: Disapprove beat Approve, 401 to 159, 71.6% to 28.4%; total votes 560. | Question 3: Disapprove beat Approve, 358 to 196, 64.6% to 35.4%; total votes 554. | Question 4: Disapprove beat Approve, 341 to 201, 62.9% to 37.1%; total votes 542. | Question 5: Approve beat Disapprove, 290 to 252, 53.5% to 46.5%; total votes 542. | Question 6: Disapprove beat Approve, 352 to 192, 64.7% to 35.3%; total votes 544. | Dem Primary Mayor: Zohran Kwame Mamdani beat Andrew M. Cuomo, 66 to 58, 44.3% to 38.9%; total votes 149. | Dem Primary Public Advocate: Jumaane D. Williams beat Marty Dolan, 82 to 26, 61.2% to 19.4%; total votes 134. | Dem Primary Comptroller: Justin Brannan beat Mark D. Levine, 98 to 32, 69.5% to 22.7%; total votes 141.", "mayor_margin": 33.7, "q2_yes": 71.6, "q3_yes": 64.6, "q4_yes": 62.9}, "geometry": {"type": "MultiPolygon", "coordinates": [[[[-74.0175699, 40.6208982], [-74.0171639, 40.6206522], [-74.0153673, 40.6195636], [-74.0131638, 40.6182362], [-74.0137481, 40.6176766], [-74.0159493, 40.6190049], [-74.0165298, 40.618447], [-74.017111, 40.6178875], [-74.0176916, 40.6173259], [-74.0183258, 40.6167261], [-74.0198416, 40.617644], [-74.0205261, 40.6180578], [-74.0212155, 40.618472], [-74.0220037, 40.6189387], [-74.022876, 40.6194661], [-74.0229327, 40.6195046], [-74.0231851, 40.6196759], [-74.0232664, 40.6197247], [-74.0231207, 40.6198938], [-74.0227163, 40.6203635], [-74.02227, 40.6208809], [-74.0221519, 40.6210195], [-74.0216888, 40.621555], [-74.0212969, 40.6220082], [-74.021097, 40.6222554], [-74.0209746, 40.6222761], [-74.020679, 40.622326], [-74.020582, 40.622343], [-74.0200867, 40.622421], [-74.0201374, 40.6223435], [-74.020357, 40.622123], [-74.0204241, 40.6221633], [-74.0206083, 40.6219262], [-74.0206233, 40.6218063], [-74.0199989, 40.6214514], [-74.0181516, 40.6203364], [-74.0175699, 40.6208982]]]]}}, {"type": "Feature", "properties": {"felt:feature": 24, "ed_label": "AD 46 ED 024", "elect_dist": "46024", "borough": "Brooklyn", "community_board": 10, "community_board_label": "Brooklyn CB10", "popup_title": "Brooklyn CB10 \u2014 AD 46 ED 024", "general_mayor": "ANDREW M. CUOMO beat CURTIS A. SLIWA, 399 to 137, 62.2% to 21.4%; total votes 641.", "general_mayor_winner": "Cuomo", "general_public_advocate": "GONZALO DURAN beat JUMAANE D. WILLIAMS, 419 to 145, 73.4% to 25.4%; total votes 571.", "general_public_advocate_winner": "Duran", "general_comptroller": "PETER KEFALAS beat MARK D. LEVINE, 413 to 156, 72.0% to 27.2%; total votes 574.", "general_comptroller_winner": "Kefalas", "question_1": "Disapprove beat Approve, 361 to 155, 70.0% to 30.0%; total votes 516.", "question_1_winner": "No-disapprove!", "question_2": "Disapprove beat Approve, 394 to 126, 75.8% to 24.2%; total votes 520.", "question_2_winner": "No-disapprove!", "question_3": "Disapprove beat Approve, 373 to 142, 72.4% to 27.6%; total votes 515.", "question_3_winner": "No-disapprove!", "question_4": "Disapprove beat Approve, 358 to 147, 70.9% to 29.1%; total votes 505.", "question_4_winner": "No-disapprove!", "question_5": "Disapprove beat Approve, 291 to 216, 57.4% to 42.6%; total votes 507.", "question_5_winner": "No-disapprove!", "question_6": "Disapprove beat Approve, 368 to 139, 72.6% to 27.4%; total votes 507.", "question_6_winner": "No-disapprove!", "dem_primary_mayor": "Andrew M. Cuomo beat Zohran Kwame Mamdani, 43 to 42, 41.0% to 40.0%; total votes 105.", "dem_primary_mayor_winner": "Cuomo", "dem_primary_public_advocate": "Jumaane D. Williams beat Marty Dolan, 41 to 31, 46.1% to 34.8%; total votes 89.", "dem_primary_public_advocate_winner": "Williams", "dem_primary_comptroller": "Justin Brannan beat Mark D. Levine, 58 to 30, 59.2% to 30.6%; total votes 98.", "dem_primary_comptroller_winner": "Brannan", "popup_summary": "Mayor: ANDREW M. CUOMO beat CURTIS A. SLIWA, 399 to 137, 62.2% to 21.4%; total votes 641. | Public Advocate: GONZALO DURAN beat JUMAANE D. WILLIAMS, 419 to 145, 73.4% to 25.4%; total votes 571. | City Comptroller: PETER KEFALAS beat MARK D. LEVINE, 413 to 156, 72.0% to 27.2%; total votes 574. | Question 1: Disapprove beat Approve, 361 to 155, 70.0% to 30.0%; total votes 516. | Question 2: Disapprove beat Approve, 394 to 126, 75.8% to 24.2%; total votes 520. | Question 3: Disapprove beat Approve, 373 to 142, 72.4% to 27.6%; total votes 515. | Question 4: Disapprove beat Approve, 358 to 147, 70.9% to 29.1%; total votes 505. | Question 5: Disapprove beat Approve, 291 to 216, 57.4% to 42.6%; total votes 507. | Question 6: Disapprove beat Approve, 368 to 139, 72.6% to 27.4%; total votes 507. | Dem Primary Mayor: Andrew M. Cuomo beat Zohran Kwame Mamdani, 43 to 42, 41.0% to 40.0%; total votes 105. | Dem Primary Public Advocate: Jumaane D. Williams beat Marty Dolan, 41 to 31, 46.1% to 34.8%; total votes 89. | Dem Primary Comptroller: Justin Brannan beat Mark D. Levine, 58 to 30, 59.2% to 30.6%; total votes 98.", "mayor_margin": 40.8, "q2_yes": 75.8, "q3_yes": 72.4, "q4_yes": 70.9}, "geometry": {"type": "MultiPolygon", "coordinates": [[[[-74.0137481, 40.6176766], [-74.0115435, 40.6163449], [-74.0093416, 40.6150151], [-74.0099237, 40.6144566], [-74.010504, 40.6138966], [-74.0110865, 40.613339], [-74.011712, 40.612735], [-74.0139066, 40.6140524], [-74.0144511, 40.6143802], [-74.0161182, 40.615384], [-74.0183258, 40.6167261], [-74.0176916, 40.6173259], [-74.017111, 40.6178875], [-74.0165298, 40.618447], [-74.0159493, 40.6190049], [-74.0137481, 40.6176766]]]]}}, {"type": "Feature", "properties": {"felt:feature": 25, "ed_label": "AD 46 ED 025", "elect_dist": "46025", "borough": "Brooklyn", "community_board": 10, "community_board_label": "Brooklyn CB10", "popup_title": "Brooklyn CB10 \u2014 AD 46 ED 025", "general_mayor": "ANDREW M. CUOMO beat CURTIS A. SLIWA, 363 to 128, 62.6% to 22.1%; total votes 580.", "general_mayor_winner": "Cuomo", "general_public_advocate": "GONZALO DURAN beat JUMAANE D. WILLIAMS, 352 to 159, 67.0% to 30.3%; total votes 525.", "general_public_advocate_winner": "Duran", "general_comptroller": "PETER KEFALAS beat MARK D. LEVINE, 365 to 164, 67.6% to 30.4%; total votes 540.", "general_comptroller_winner": "Kefalas", "question_1": "Disapprove beat Approve, 341 to 132, 72.1% to 27.9%; total votes 473.", "question_1_winner": "No-disapprove!", "question_2": "Disapprove beat Approve, 374 to 106, 77.9% to 22.1%; total votes 480.", "question_2_winner": "No-disapprove!", "question_3": "Disapprove beat Approve, 348 to 126, 73.4% to 26.6%; total votes 474.", "question_3_winner": "No-disapprove!", "question_4": "Disapprove beat Approve, 321 to 145, 68.9% to 31.1%; total votes 466.", "question_4_winner": "No-disapprove!", "question_5": "Disapprove beat Approve, 247 to 216, 53.3% to 46.7%; total votes 463.", "question_5_winner": "No-disapprove!", "question_6": "Disapprove beat Approve, 312 to 146, 68.1% to 31.9%; total votes 458.", "question_6_winner": "No-disapprove!", "dem_primary_mayor": "Andrew M. Cuomo beat Zohran Kwame Mamdani, 65 to 48, 46.4% to 34.3%; total votes 140.", "dem_primary_mayor_winner": "Cuomo", "dem_primary_public_advocate": "Jumaane D. Williams beat Marty Dolan, 69 to 35, 53.9% to 27.3%; total votes 128.", "dem_primary_public_advocate_winner": "Williams", "dem_primary_comptroller": "Justin Brannan beat Mark D. Levine, 80 to 38, 59.3% to 28.1%; total votes 135.", "dem_primary_comptroller_winner": "Brannan", "popup_summary": "Mayor: ANDREW M. CUOMO beat CURTIS A. SLIWA, 363 to 128, 62.6% to 22.1%; total votes 580. | Public Advocate: GONZALO DURAN beat JUMAANE D. WILLIAMS, 352 to 159, 67.0% to 30.3%; total votes 525. | City Comptroller: PETER KEFALAS beat MARK D. LEVINE, 365 to 164, 67.6% to 30.4%; total votes 540. | Question 1: Disapprove beat Approve, 341 to 132, 72.1% to 27.9%; total votes 473. | Question 2: Disapprove beat Approve, 374 to 106, 77.9% to 22.1%; total votes 480. | Question 3: Disapprove beat Approve, 348 to 126, 73.4% to 26.6%; total votes 474. | Question 4: Disapprove beat Approve, 321 to 145, 68.9% to 31.1%; total votes 466. | Question 5: Disapprove beat Approve, 247 to 216, 53.3% to 46.7%; total votes 463. | Question 6: Disapprove beat Approve, 312 to 146, 68.1% to 31.9%; total votes 458. | Dem Primary Mayor: Andrew M. Cuomo beat Zohran Kwame Mamdani, 65 to 48, 46.4% to 34.3%; total votes 140. | Dem Primary Public Advocate: Jumaane D. Williams beat Marty Dolan, 69 to 35, 53.9% to 27.3%; total votes 128. | Dem Primary Comptroller: Justin Brannan beat Mark D. Levine, 80 to 38, 59.3% to 28.1%; total votes 135.", "mayor_margin": 40.5, "q2_yes": 77.9, "q3_yes": 73.4, "q4_yes": 68.9}, "geometry": {"type": "MultiPolygon", "coordinates": [[[[-74.0124584, 40.622362], [-74.0117759, 40.6219497], [-74.0115758, 40.6218288], [-74.0113758, 40.621708], [-74.0111765, 40.6215875], [-74.0102574, 40.6210322], [-74.0108385, 40.620473], [-74.0111245, 40.6201978], [-74.01142, 40.6199135], [-74.0120024, 40.619353], [-74.012584, 40.6187941], [-74.0131638, 40.6182362], [-74.0153673, 40.6195636], [-74.0171639, 40.6206522], [-74.0175699, 40.6208982], [-74.0169878, 40.6214538], [-74.0164062, 40.6220142], [-74.0158254, 40.6225736], [-74.0136225, 40.6212438], [-74.0130407, 40.6218029], [-74.0124584, 40.622362]]]]}}, {"type": "Feature", "properties": {"felt:feature": 26, "ed_label": "AD 46 ED 026", "elect_dist": "46026", "borough": "Brooklyn", "community_board": 10, "community_board_label": "Brooklyn CB10", "popup_title": "Brooklyn CB10 \u2014 AD 46 ED 026", "general_mayor": "ANDREW M. CUOMO beat ZOHRAN KWAME MAMDANI, 418 to 169, 55.9% to 22.6%; total votes 748.", "general_mayor_winner": "Cuomo", "general_public_advocate": "GONZALO DURAN beat JUMAANE D. WILLIAMS, 410 to 241, 60.4% to 35.5%; total votes 679.", "general_public_advocate_winner": "Duran", "general_comptroller": "PETER KEFALAS beat MARK D. LEVINE, 428 to 242, 63.0% to 35.6%; total votes 679.", "general_comptroller_winner": "Kefalas", "question_1": "Disapprove beat Approve, 391 to 213, 64.7% to 35.3%; total votes 604.", "question_1_winner": "No-disapprove!", "question_2": "Disapprove beat Approve, 426 to 180, 70.3% to 29.7%; total votes 606.", "question_2_winner": "No-disapprove!", "question_3": "Disapprove beat Approve, 409 to 198, 67.4% to 32.6%; total votes 607.", "question_3_winner": "No-disapprove!", "question_4": "Disapprove beat Approve, 395 to 200, 66.4% to 33.6%; total votes 595.", "question_4_winner": "No-disapprove!", "question_5": "Disapprove beat Approve, 305 to 290, 51.3% to 48.7%; total votes 595.", "question_5_winner": "No-disapprove!", "question_6": "Disapprove beat Approve, 389 to 209, 65.0% to 35.0%; total votes 598.", "question_6_winner": "No-disapprove!", "dem_primary_mayor": "Andrew M. Cuomo beat Zohran Kwame Mamdani, 79 to 59, 48.5% to 36.2%; total votes 163.", "dem_primary_mayor_winner": "Cuomo", "dem_primary_public_advocate": "Jumaane D. Williams beat Marty Dolan, 72 to 44, 50.0% to 30.6%; total votes 144.", "dem_primary_public_advocate_winner": "Williams", "dem_primary_comptroller": "Justin Brannan beat Mark D. Levine, 83 to 48, 55.7% to 32.2%; total votes 149.", "dem_primary_comptroller_winner": "Brannan", "popup_summary": "Mayor: ANDREW M. CUOMO beat ZOHRAN KWAME MAMDANI, 418 to 169, 55.9% to 22.6%; total votes 748. | Public Advocate: GONZALO DURAN beat JUMAANE D. WILLIAMS, 410 to 241, 60.4% to 35.5%; total votes 679. | City Comptroller: PETER KEFALAS beat MARK D. LEVINE, 428 to 242, 63.0% to 35.6%; total votes 679. | Question 1: Disapprove beat Approve, 391 to 213, 64.7% to 35.3%; total votes 604. | Question 2: Disapprove beat Approve, 426 to 180, 70.3% to 29.7%; total votes 606. | Question 3: Disapprove beat Approve, 409 to 198, 67.4% to 32.6%; total votes 607. | Question 4: Disapprove beat Approve, 395 to 200, 66.4% to 33.6%; total votes 595. | Question 5: Disapprove beat Approve, 305 to 290, 51.3% to 48.7%; total votes 595. | Question 6: Disapprove beat Approve, 389 to 209, 65.0% to 35.0%; total votes 598. | Dem Primary Mayor: Andrew M. Cuomo beat Zohran Kwame Mamdani, 79 to 59, 48.5% to 36.2%; total votes 163. | Dem Primary Public Advocate: Jumaane D. Williams beat Marty Dolan, 72 to 44, 50.0% to 30.6%; total votes 144. | Dem Primary Comptroller: Justin Brannan beat Mark D. Levine, 83 to 48, 55.7% to 32.2%; total votes 149.", "mayor_margin": 33.3, "q2_yes": 70.3, "q3_yes": 67.4, "q4_yes": 66.4}, "geometry": {"type": "MultiPolygon", "coordinates": [[[[-74.0124584, 40.622362], [-74.0130407, 40.6218029], [-74.0136225, 40.6212438], [-74.0158254, 40.6225736], [-74.0164062, 40.6220142], [-74.0169878, 40.6214538], [-74.0175699, 40.6208982], [-74.0181516, 40.6203364], [-74.0199989, 40.6214514], [-74.0206233, 40.6218063], [-74.0206083, 40.6219262], [-74.0204241, 40.6221633], [-74.020357, 40.622123], [-74.0201374, 40.6223435], [-74.0200867, 40.622421], [-74.020582, 40.622343], [-74.020679, 40.622326], [-74.0209746, 40.6222761], [-74.021097, 40.6222554], [-74.0211295, 40.6222521], [-74.0212006, 40.6222449], [-74.0211113, 40.6223515], [-74.0210173, 40.6224645], [-74.0207478, 40.622788], [-74.020652, 40.622903], [-74.020224, 40.623399], [-74.0201982, 40.6234335], [-74.020015, 40.6236782], [-74.019801, 40.623964], [-74.0197765, 40.6239979], [-74.019582, 40.624267], [-74.0195124, 40.6242676], [-74.0194674, 40.624268], [-74.01938, 40.624268], [-74.0191999, 40.624268], [-74.0188579, 40.6242741], [-74.018615, 40.6243692], [-74.0179763, 40.624788], [-74.0172614, 40.6252692], [-74.0167907, 40.6249837], [-74.0146613, 40.6236918], [-74.012756, 40.6225417], [-74.0124584, 40.622362]]]]}}, {"type": "Feature", "properties": {"felt:feature": 27, "ed_label": "AD 46 ED 027", "elect_dist": "46027", "borough": "Brooklyn", "community_board": 10, "community_board_label": "Brooklyn CB10", "popup_title": "Brooklyn CB10 \u2014 AD 46 ED 027", "general_mayor": "ANDREW M. CUOMO beat ZOHRAN KWAME MAMDANI, 324 to 285, 43.4% to 38.2%; total votes 747.", "general_mayor_winner": "Cuomo", "general_public_advocate": "JUMAANE D. WILLIAMS beat GONZALO DURAN, 391 to 273, 56.6% to 39.5%; total votes 691.", "general_public_advocate_winner": "Williams", "general_comptroller": "MARK D. LEVINE beat PETER KEFALAS, 392 to 277, 57.1% to 40.4%; total votes 686.", "general_comptroller_winner": "Levine", "question_1": "Disapprove beat Approve, 374 to 284, 56.8% to 43.2%; total votes 658.", "question_1_winner": "No-disapprove!", "question_2": "Disapprove beat Approve, 365 to 305, 54.5% to 45.5%; total votes 670.", "question_2_winner": "No-disapprove!", "question_3": "Disapprove beat Approve, 366 to 293, 55.5% to 44.5%; total votes 659.", "question_3_winner": "No-disapprove!", "question_4": "Disapprove beat Approve, 346 to 313, 52.5% to 47.5%; total votes 659.", "question_4_winner": "No-disapprove!", "question_5": "Approve beat Disapprove, 450 to 206, 68.6% to 31.4%; total votes 656.", "question_5_winner": "Yes-approve!", "question_6": "Disapprove beat Approve, 392 to 262, 59.9% to 40.1%; total votes 654.", "question_6_winner": "No-disapprove!", "dem_primary_mayor": "Zohran Kwame Mamdani beat Andrew M. Cuomo, 102 to 100, 38.9% to 38.2%; total votes 262.", "dem_primary_mayor_winner": "Mamdani", "dem_primary_public_advocate": "Jumaane D. Williams beat Jenifer Rajkumar, 145 to 46, 62.2% to 19.7%; total votes 233.", "dem_primary_public_advocate_winner": "Williams", "dem_primary_comptroller": "Justin Brannan beat Mark D. Levine, 202 to 37, 80.2% to 14.7%; total votes 252.", "dem_primary_comptroller_winner": "Brannan", "popup_summary": "Mayor: ANDREW M. CUOMO beat ZOHRAN KWAME MAMDANI, 324 to 285, 43.4% to 38.2%; total votes 747. | Public Advocate: JUMAANE D. WILLIAMS beat GONZALO DURAN, 391 to 273, 56.6% to 39.5%; total votes 691. | City Comptroller: MARK D. LEVINE beat PETER KEFALAS, 392 to 277, 57.1% to 40.4%; total votes 686. | Question 1: Disapprove beat Approve, 374 to 284, 56.8% to 43.2%; total votes 658. | Question 2: Disapprove beat Approve, 365 to 305, 54.5% to 45.5%; total votes 670. | Question 3: Disapprove beat Approve, 366 to 293, 55.5% to 44.5%; total votes 659. | Question 4: Disapprove beat Approve, 346 to 313, 52.5% to 47.5%; total votes 659. | Question 5: Approve beat Disapprove, 450 to 206, 68.6% to 31.4%; total votes 656. | Question 6: Disapprove beat Approve, 392 to 262, 59.9% to 40.1%; total votes 654. | Dem Primary Mayor: Zohran Kwame Mamdani beat Andrew M. Cuomo, 102 to 100, 38.9% to 38.2%; total votes 262. | Dem Primary Public Advocate: Jumaane D. Williams beat Jenifer Rajkumar, 145 to 46, 62.2% to 19.7%; total votes 233. | Dem Primary Comptroller: Justin Brannan beat Mark D. Levine, 202 to 37, 80.2% to 14.7%; total votes 252.", "mayor_margin": 5.2, "q2_yes": 54.5, "q3_yes": 55.5, "q4_yes": 52.5}, "geometry": {"type": "MultiPolygon", "coordinates": [[[[-74.0260921, 40.6162282], [-74.026147, 40.6161668], [-74.0262766, 40.6160222], [-74.0264256, 40.6158473], [-74.0266166, 40.6156432], [-74.0266511, 40.6154553], [-74.0268513, 40.6151672], [-74.0269935, 40.6149816], [-74.0272332, 40.614701], [-74.0276274, 40.614256], [-74.0277187, 40.6141494], [-74.0278595, 40.6139889], [-74.0280888, 40.6137181], [-74.0281838, 40.6136034], [-74.0286831, 40.6129534], [-74.0287496, 40.6128654], [-74.0287147, 40.6129738], [-74.0282503, 40.6138221], [-74.0284021, 40.6137471], [-74.0289722, 40.6135161], [-74.0290321, 40.6135709], [-74.0290991, 40.6136209], [-74.0291722, 40.6136653], [-74.0292225, 40.6136897], [-74.0292744, 40.613712], [-74.029344, 40.6137388], [-74.0294166, 40.6137604], [-74.0294915, 40.6137767], [-74.0295682, 40.6137875], [-74.0296459, 40.6137927], [-74.0297238, 40.6137923], [-74.0298014, 40.6137863], [-74.0298778, 40.6137747], [-74.0301642, 40.613927], [-74.0308541, 40.6131222], [-74.0313781, 40.6125088], [-74.0318565, 40.611952], [-74.0325583, 40.6111559], [-74.0323278, 40.61104], [-74.0322115, 40.6109825], [-74.0319163, 40.6108261], [-74.0325032, 40.6105893], [-74.0326442, 40.6105214], [-74.0328273, 40.6104328], [-74.0330576, 40.6103631], [-74.0330933, 40.6103096], [-74.0331456, 40.6102275], [-74.0335424, 40.6101009], [-74.0344446, 40.6098131], [-74.0348394, 40.6096827], [-74.0349884, 40.6096357], [-74.0350496, 40.6096155], [-74.0350903, 40.609602], [-74.0350841, 40.6096705], [-74.0350573, 40.6097408], [-74.0349966, 40.6099813], [-74.0349992, 40.6099868], [-74.035049, 40.6101426], [-74.0350811, 40.6103015], [-74.0350952, 40.6104615], [-74.0350912, 40.610621], [-74.0350602, 40.6108108], [-74.035013, 40.610999], [-74.03495, 40.6111846], [-74.0348715, 40.6113662], [-74.0343289, 40.6120429], [-74.0341107, 40.612296], [-74.0336474, 40.6128332], [-74.0331628, 40.6134021], [-74.0326372, 40.6140099], [-74.0320208, 40.6147275], [-74.0319467, 40.6148145], [-74.0315143, 40.6153302], [-74.0311861, 40.615702], [-74.0308609, 40.6160363], [-74.030485, 40.6165186], [-74.0300359, 40.616295], [-74.0298065, 40.6161808], [-74.0295754, 40.6160662], [-74.0287004, 40.61563], [-74.0277745, 40.6167156], [-74.0274886, 40.6169842], [-74.0267671, 40.6165749], [-74.0266472, 40.6165077], [-74.0262898, 40.6163293], [-74.0261777, 40.6162719], [-74.0261536, 40.6162595], [-74.0260921, 40.6162282]]]]}}, {"type": "Feature", "properties": {"felt:feature": 28, "ed_label": "AD 46 ED 029", "elect_dist": "46029", "borough": "Brooklyn", "community_board": 10, "community_board_label": "Brooklyn CB10", "popup_title": "Brooklyn CB10 \u2014 AD 46 ED 029", "general_mayor": "ZOHRAN KWAME MAMDANI beat ANDREW M. CUOMO, 56 to 52, 44.8% to 41.6%; total votes 125.", "general_mayor_winner": "Mamdani", "general_public_advocate": "JUMAANE D. WILLIAMS beat GONZALO DURAN, 65 to 44, 57.5% to 38.9%; total votes 113.", "general_public_advocate_winner": "Williams", "general_comptroller": "MARK D. LEVINE beat PETER KEFALAS, 65 to 43, 58.6% to 38.7%; total votes 111.", "general_comptroller_winner": "Levine", "question_1": "Disapprove beat Approve, 54 to 42, 56.2% to 43.8%; total votes 96.", "question_1_winner": "No-disapprove!", "question_2": "Disapprove beat Approve, 53 to 46, 53.5% to 46.5%; total votes 99.", "question_2_winner": "No-disapprove!", "question_3": "Disapprove beat Approve, 54 to 45, 54.5% to 45.5%; total votes 99.", "question_3_winner": "No-disapprove!", "question_4": "Disapprove beat Approve, 55 to 43, 56.1% to 43.9%; total votes 98.", "question_4_winner": "No-disapprove!", "question_5": "Approve beat Disapprove, 65 to 34, 65.7% to 34.3%; total votes 99.", "question_5_winner": "Yes-approve!", "question_6": "Disapprove beat Approve, 63 to 35, 64.3% to 35.7%; total votes 98.", "question_6_winner": "No-disapprove!", "dem_primary_mayor": "Zohran Kwame Mamdani beat Andrew M. Cuomo, 28 to 14, 50.9% to 25.5%; total votes 55.", "dem_primary_mayor_winner": "Mamdani", "dem_primary_public_advocate": "Jumaane D. Williams beat Jenifer Rajkumar, 38 to 7, 76.0% to 14.0%; total votes 50.", "dem_primary_public_advocate_winner": "Williams", "dem_primary_comptroller": "Justin Brannan beat Mark D. Levine, 45 to 8, 81.8% to 14.5%; total votes 55.", "dem_primary_comptroller_winner": "Brannan", "popup_summary": "Mayor: ZOHRAN KWAME MAMDANI beat ANDREW M. CUOMO, 56 to 52, 44.8% to 41.6%; total votes 125. | Public Advocate: JUMAANE D. WILLIAMS beat GONZALO DURAN, 65 to 44, 57.5% to 38.9%; total votes 113. | City Comptroller: MARK D. LEVINE beat PETER KEFALAS, 65 to 43, 58.6% to 38.7%; total votes 111. | Question 1: Disapprove beat Approve, 54 to 42, 56.2% to 43.8%; total votes 96. | Question 2: Disapprove beat Approve, 53 to 46, 53.5% to 46.5%; total votes 99. | Question 3: Disapprove beat Approve, 54 to 45, 54.5% to 45.5%; total votes 99. | Question 4: Disapprove beat Approve, 55 to 43, 56.1% to 43.9%; total votes 98. | Question 5: Approve beat Disapprove, 65 to 34, 65.7% to 34.3%; total votes 99. | Question 6: Disapprove beat Approve, 63 to 35, 64.3% to 35.7%; total votes 98. | Dem Primary Mayor: Zohran Kwame Mamdani beat Andrew M. Cuomo, 28 to 14, 50.9% to 25.5%; total votes 55. | Dem Primary Public Advocate: Jumaane D. Williams beat Jenifer Rajkumar, 38 to 7, 76.0% to 14.0%; total votes 50. | Dem Primary Comptroller: Justin Brannan beat Mark D. Levine, 45 to 8, 81.8% to 14.5%; total votes 55.", "mayor_margin": 3.2, "q2_yes": 53.5, "q3_yes": 54.5, "q4_yes": 56.1}, "geometry": {"type": "MultiPolygon", "coordinates": [[[[-74.0180593, 40.6286196], [-74.0183278, 40.627862], [-74.018639, 40.6270705], [-74.0202772, 40.6280621], [-74.0199575, 40.6288378], [-74.0198289, 40.6291682], [-74.0196604, 40.6295769], [-74.0191551, 40.6292759], [-74.0180593, 40.6286196]]]]}}, {"type": "Feature", "properties": {"felt:feature": 29, "ed_label": "AD 49 ED 001", "elect_dist": "49001", "borough": "Brooklyn", "community_board": 10, "community_board_label": "Brooklyn CB10", "popup_title": "Brooklyn CB10 \u2014 AD 49 ED 001", "general_mayor": "ZOHRAN KWAME MAMDANI beat ANDREW M. CUOMO, 140 to 119, 47.0% to 39.9%; total votes 298.", "general_mayor_winner": "Mamdani", "general_public_advocate": "JUMAANE D. WILLIAMS beat GONZALO DURAN, 163 to 100, 61.0% to 37.5%; total votes 267.", "general_public_advocate_winner": "Williams", "general_comptroller": "MARK D. LEVINE beat PETER KEFALAS, 159 to 93, 59.8% to 35.0%; total votes 266.", "general_comptroller_winner": "Levine", "question_1": "Disapprove beat Approve, 154 to 96, 61.6% to 38.4%; total votes 250.", "question_1_winner": "No-disapprove!", "question_2": "Approve beat Disapprove, 133 to 118, 53.0% to 47.0%; total votes 251.", "question_2_winner": "Yes-approve!", "question_3": "Approve beat Disapprove, 125 to 124, 50.2% to 49.8%; total votes 249.", "question_3_winner": "Yes-approve!", "question_4": "Approve beat Disapprove, 129 to 115, 52.9% to 47.1%; total votes 244.", "question_4_winner": "Yes-approve!", "question_5": "Approve beat Disapprove, 157 to 86, 64.6% to 35.4%; total votes 243.", "question_5_winner": "Yes-approve!", "question_6": "Disapprove beat Approve, 137 to 102, 57.3% to 42.7%; total votes 239.", "question_6_winner": "No-disapprove!", "dem_primary_mayor": "Zohran Kwame Mamdani beat Andrew M. Cuomo, 70 to 28, 63.1% to 25.2%; total votes 111.", "dem_primary_mayor_winner": "Mamdani", "dem_primary_public_advocate": "Jumaane D. Williams beat Jenifer Rajkumar, 70 to 15, 72.2% to 15.5%; total votes 97.", "dem_primary_public_advocate_winner": "Williams", "dem_primary_comptroller": "Justin Brannan beat Mark D. Levine, 63 to 27, 62.4% to 26.7%; total votes 101.", "dem_primary_comptroller_winner": "Brannan", "popup_summary": "Mayor: ZOHRAN KWAME MAMDANI beat ANDREW M. CUOMO, 140 to 119, 47.0% to 39.9%; total votes 298. | Public Advocate: JUMAANE D. WILLIAMS beat GONZALO DURAN, 163 to 100, 61.0% to 37.5%; total votes 267. | City Comptroller: MARK D. LEVINE beat PETER KEFALAS, 159 to 93, 59.8% to 35.0%; total votes 266. | Question 1: Disapprove beat Approve, 154 to 96, 61.6% to 38.4%; total votes 250. | Question 2: Approve beat Disapprove, 133 to 118, 53.0% to 47.0%; total votes 251. | Question 3: Approve beat Disapprove, 125 to 124, 50.2% to 49.8%; total votes 249. | Question 4: Approve beat Disapprove, 129 to 115, 52.9% to 47.1%; total votes 244. | Question 5: Approve beat Disapprove, 157 to 86, 64.6% to 35.4%; total votes 243. | Question 6: Disapprove beat Approve, 137 to 102, 57.3% to 42.7%; total votes 239. | Dem Primary Mayor: Zohran Kwame Mamdani beat Andrew M. Cuomo, 70 to 28, 63.1% to 25.2%; total votes 111. | Dem Primary Public Advocate: Jumaane D. Williams beat Jenifer Rajkumar, 70 to 15, 72.2% to 15.5%; total votes 97. | Dem Primary Comptroller: Justin Brannan beat Mark D. Levine, 63 to 27, 62.4% to 26.7%; total votes 101.", "mayor_margin": 7.1, "q2_yes": 53.0, "q3_yes": 50.2, "q4_yes": 52.9}, "geometry": {"type": "MultiPolygon", "coordinates": [[[[-74.0100034, 40.6301131], [-74.0087539, 40.6293712], [-74.0093377, 40.6288122], [-74.0099198, 40.6282524], [-74.010014, 40.6281614], [-74.0105003, 40.6276928], [-74.0108786, 40.6279213], [-74.0117795, 40.6284655], [-74.0121416, 40.6286843], [-74.0123463, 40.6287117], [-74.0125437, 40.6288244], [-74.0126801, 40.628693], [-74.0127905, 40.6287636], [-74.0128805, 40.6286787], [-74.0147693, 40.6299522], [-74.0149032, 40.6303527], [-74.0143221, 40.6309113], [-74.0137063, 40.6305396], [-74.0121211, 40.6295827], [-74.0114272, 40.6291626], [-74.0107003, 40.6296463], [-74.0100034, 40.6301131]]]]}}, {"type": "Feature", "properties": {"felt:feature": 30, "ed_label": "AD 49 ED 012", "elect_dist": "49012", "borough": "Brooklyn", "community_board": 10, "community_board_label": "Brooklyn CB10", "popup_title": "Brooklyn CB10 \u2014 AD 49 ED 012", "general_mayor": "ANDREW M. CUOMO beat ZOHRAN KWAME MAMDANI, 14.3 to 13.9, 45.0% to 43.6%; total votes 31.8.", "general_mayor_winner": "Cuomo", "general_public_advocate": "JUMAANE D. WILLIAMS beat GONZALO DURAN, 17.7 to 7.9, 66.5% to 29.8%; total votes 26.6.", "general_public_advocate_winner": "Williams", "general_comptroller": "MARK D. LEVINE beat PETER KEFALAS, 18 to 7.2, 69.5% to 27.5%; total votes 26.", "general_comptroller_winner": "Levine", "question_1": "Disapprove beat Approve, 12.7 to 9, 58.4% to 41.6%; total votes 21.7.", "question_1_winner": "No-disapprove!", "question_2": "Approve beat Disapprove, 13.5 to 8, 62.8% to 37.2%; total votes 21.6.", "question_2_winner": "Yes-approve!", "question_3": "Approve beat Disapprove, 12.2 to 9.1, 57.2% to 42.8%; total votes 21.3.", "question_3_winner": "Yes-approve!", "question_4": "Approve beat Disapprove, 12.9 to 8.9, 59.1% to 40.9%; total votes 21.8.", "question_4_winner": "Yes-approve!", "question_5": "Approve beat Disapprove, 16.2 to 5.4, 75.0% to 25.0%; total votes 21.6.", "question_5_winner": "Yes-approve!", "question_6": "Disapprove beat Approve, 12 to 9.5, 55.9% to 44.1%; total votes 21.4.", "question_6_winner": "No-disapprove!", "dem_primary_mayor": "Zohran Kwame Mamdani beat Andrew M. Cuomo, 5.7 to 2.9, 59.1% to 29.5%; total votes 9.7.", "dem_primary_mayor_winner": "Mamdani", "dem_primary_public_advocate": "Jumaane D. Williams beat Jenifer Rajkumar, 5.6 to 1.5, 69.9% to 19.2%; total votes 8.", "dem_primary_public_advocate_winner": "Williams", "dem_primary_comptroller": "Justin Brannan beat Mark D. Levine, 3.6 to 3.3, 44.6% to 40.5%; total votes 8.1.", "dem_primary_comptroller_winner": "Brannan", "popup_summary": "Mayor: ANDREW M. CUOMO beat ZOHRAN KWAME MAMDANI, 14.3 to 13.9, 45.0% to 43.6%; total votes 31.8. | Public Advocate: JUMAANE D. WILLIAMS beat GONZALO DURAN, 17.7 to 7.9, 66.5% to 29.8%; total votes 26.6. | City Comptroller: MARK D. LEVINE beat PETER KEFALAS, 18 to 7.2, 69.5% to 27.5%; total votes 26. | Question 1: Disapprove beat Approve, 12.7 to 9, 58.4% to 41.6%; total votes 21.7. | Question 2: Approve beat Disapprove, 13.5 to 8, 62.8% to 37.2%; total votes 21.6. | Question 3: Approve beat Disapprove, 12.2 to 9.1, 57.2% to 42.8%; total votes 21.3. | Question 4: Approve beat Disapprove, 12.9 to 8.9, 59.1% to 40.9%; total votes 21.8. | Question 5: Approve beat Disapprove, 16.2 to 5.4, 75.0% to 25.0%; total votes 21.6. | Question 6: Disapprove beat Approve, 12 to 9.5, 55.9% to 44.1%; total votes 21.4. | Dem Primary Mayor: Zohran Kwame Mamdani beat Andrew M. Cuomo, 5.7 to 2.9, 59.1% to 29.5%; total votes 9.7. | Dem Primary Public Advocate: Jumaane D. Williams beat Jenifer Rajkumar, 5.6 to 1.5, 69.9% to 19.2%; total votes 8. | Dem Primary Comptroller: Justin Brannan beat Mark D. Levine, 3.6 to 3.3, 44.6% to 40.5%; total votes 8.1.", "mayor_margin": 1.4, "q2_yes": 62.8, "q3_yes": 57.2, "q4_yes": 59.1}, "geometry": {"type": "MultiPolygon", "coordinates": [[[[-74.0041065, 40.6340601], [-74.0048214, 40.63358], [-74.0055649, 40.6330832], [-74.0063062, 40.6325841], [-74.0064052, 40.6325181], [-74.0066191, 40.6323755], [-74.0068068, 40.6322504], [-74.0069678, 40.6321459], [-74.007023, 40.63211], [-74.008537, 40.6330282], [-74.0107422, 40.6343565], [-74.010697, 40.6343979], [-74.0106016, 40.6344852], [-74.0105038, 40.6345791], [-74.0102759, 40.6348004], [-74.0101606, 40.6349123], [-74.0095571, 40.635493], [-74.0089527, 40.6360751], [-74.0083757, 40.6366366], [-74.0077879, 40.6371955], [-74.0055861, 40.6358662], [-74.0061693, 40.6353035], [-74.0041065, 40.6340601]]]]}}, {"type": "Feature", "properties": {"felt:feature": 31, "ed_label": "AD 49 ED 013", "elect_dist": "49013", "borough": "Brooklyn", "community_board": 10, "community_board_label": "Brooklyn CB10", "popup_title": "Brooklyn CB10 \u2014 AD 49 ED 013", "general_mayor": "ANDREW M. CUOMO beat ZOHRAN KWAME MAMDANI, 16 to 13.4, 45.2% to 38.1%; total votes 35.3.", "general_mayor_winner": "Cuomo", "general_public_advocate": "JUMAANE D. WILLIAMS beat GONZALO DURAN, 17.6 to 7.6, 67.7% to 29.0%; total votes 26.", "general_public_advocate_winner": "Williams", "general_comptroller": "MARK D. LEVINE beat PETER KEFALAS, 18.5 to 8.4, 66.7% to 30.3%; total votes 27.7.", "general_comptroller_winner": "Levine", "question_1": "Disapprove beat Approve, 12.6 to 12.6, 50.0% to 50.0%; total votes 25.2.", "question_1_winner": "No-disapprove!", "question_2": "Approve beat Disapprove, 16 to 11.8, 57.6% to 42.4%; total votes 27.7.", "question_2_winner": "Yes-approve!", "question_3": "Approve beat Disapprove, 16 to 10.9, 59.4% to 40.6%; total votes 26.9.", "question_3_winner": "Yes-approve!", "question_4": "Approve beat Disapprove, 12.6 to 11.8, 51.7% to 48.3%; total votes 24.4.", "question_4_winner": "Yes-approve!", "question_5": "Approve beat Disapprove, 19.3 to 5.9, 76.7% to 23.3%; total votes 25.2.", "question_5_winner": "Yes-approve!", "question_6": "Disapprove beat Approve, 11.8 to 11.8, 50.0% to 50.0%; total votes 23.5.", "question_6_winner": "No-disapprove!", "dem_primary_mayor": "Andrew M. Cuomo beat Zohran Kwame Mamdani, 9.2 to 8.4, 50.0% to 45.5%; total votes 18.5.", "dem_primary_mayor_winner": "Cuomo", "dem_primary_public_advocate": "Jumaane D. Williams beat Jenifer Rajkumar, 6.7 to 3.4, 50.0% to 25.0%; total votes 13.4.", "dem_primary_public_advocate_winner": "Williams", "dem_primary_comptroller": "Justin Brannan beat Mark D. Levine, 7.6 to 3.4, 56.2% to 25.0%; total votes 13.4.", "dem_primary_comptroller_winner": "Brannan", "popup_summary": "Mayor: ANDREW M. CUOMO beat ZOHRAN KWAME MAMDANI, 16 to 13.4, 45.2% to 38.1%; total votes 35.3. | Public Advocate: JUMAANE D. WILLIAMS beat GONZALO DURAN, 17.6 to 7.6, 67.7% to 29.0%; total votes 26. | City Comptroller: MARK D. LEVINE beat PETER KEFALAS, 18.5 to 8.4, 66.7% to 30.3%; total votes 27.7. | Question 1: Disapprove beat Approve, 12.6 to 12.6, 50.0% to 50.0%; total votes 25.2. | Question 2: Approve beat Disapprove, 16 to 11.8, 57.6% to 42.4%; total votes 27.7. | Question 3: Approve beat Disapprove, 16 to 10.9, 59.4% to 40.6%; total votes 26.9. | Question 4: Approve beat Disapprove, 12.6 to 11.8, 51.7% to 48.3%; total votes 24.4. | Question 5: Approve beat Disapprove, 19.3 to 5.9, 76.7% to 23.3%; total votes 25.2. | Question 6: Disapprove beat Approve, 11.8 to 11.8, 50.0% to 50.0%; total votes 23.5. | Dem Primary Mayor: Andrew M. Cuomo beat Zohran Kwame Mamdani, 9.2 to 8.4, 50.0% to 45.5%; total votes 18.5. | Dem Primary Public Advocate: Jumaane D. Williams beat Jenifer Rajkumar, 6.7 to 3.4, 50.0% to 25.0%; total votes 13.4. | Dem Primary Comptroller: Justin Brannan beat Mark D. Levine, 7.6 to 3.4, 56.2% to 25.0%; total votes 13.4.", "mayor_margin": 7.1, "q2_yes": 57.6, "q3_yes": 59.4, "q4_yes": 51.7}, "geometry": {"type": "MultiPolygon", "coordinates": [[[[-74.0101606, 40.6349123], [-74.0102759, 40.6348004], [-74.0105038, 40.6345791], [-74.0106016, 40.6344852], [-74.010697, 40.6343979], [-74.0107422, 40.6343565], [-74.008537, 40.6330282], [-74.0091194, 40.6324639], [-74.0097042, 40.6319049], [-74.0103299, 40.6313016], [-74.0109703, 40.6306819], [-74.0131765, 40.6320138], [-74.0151463, 40.6332219], [-74.0156021, 40.633517], [-74.0158615, 40.6333913], [-74.0159235, 40.6333623], [-74.0159725, 40.633339], [-74.01613, 40.633264], [-74.0161014, 40.6334885], [-74.0161064, 40.6337082], [-74.0161341, 40.6339287], [-74.0161845, 40.6341478], [-74.0162576, 40.6343636], [-74.0163525, 40.6345739], [-74.0163646, 40.6345951], [-74.0163887, 40.6346373], [-74.0164683, 40.6347771], [-74.0165911, 40.6349535], [-74.0166034, 40.6349712], [-74.0166943, 40.6350818], [-74.0167509, 40.6351509], [-74.0169775, 40.6352351], [-74.0169057, 40.6353022], [-74.0168444, 40.6353633], [-74.0168103, 40.6353974], [-74.016774, 40.6354351], [-74.0166955, 40.6355215], [-74.0162904, 40.6359111], [-74.0160679, 40.6361385], [-74.0159483, 40.6362528], [-74.0158259, 40.6363697], [-74.0157395, 40.6364522], [-74.0151458, 40.6370146], [-74.0129438, 40.635686], [-74.0123637, 40.6362421], [-74.0101606, 40.6349123]]]]}}, {"type": "Feature", "properties": {"felt:feature": 32, "ed_label": "AD 49 ED 014", "elect_dist": "49014", "borough": "Brooklyn", "community_board": 10, "community_board_label": "Brooklyn CB10", "popup_title": "Brooklyn CB10 \u2014 AD 49 ED 014", "general_mayor": "ANDREW M. CUOMO beat ZOHRAN KWAME MAMDANI, 83 to 73, 45.6% to 40.1%; total votes 182.", "general_mayor_winner": "Cuomo", "general_public_advocate": "JUMAANE D. WILLIAMS beat GONZALO DURAN, 81 to 61, 55.5% to 41.8%; total votes 146.", "general_public_advocate_winner": "Williams", "general_comptroller": "MARK D. LEVINE beat PETER KEFALAS, 89 to 59, 59.7% to 39.6%; total votes 149.", "general_comptroller_winner": "Levine", "question_1": "Disapprove beat Approve, 88 to 34, 72.1% to 27.9%; total votes 122.", "question_1_winner": "No-disapprove!", "question_2": "Approve beat Disapprove, 63 to 60, 51.2% to 48.8%; total votes 123.", "question_2_winner": "Yes-approve!", "question_3": "Disapprove beat Approve, 62 to 59, 51.2% to 48.8%; total votes 121.", "question_3_winner": "No-disapprove!", "question_4": "Approve beat Disapprove, 67 to 57, 54.0% to 46.0%; total votes 124.", "question_4_winner": "Yes-approve!", "question_5": "Approve beat Disapprove, 82 to 42, 66.1% to 33.9%; total votes 124.", "question_5_winner": "Yes-approve!", "question_6": "Disapprove beat Approve, 73 to 47, 60.8% to 39.2%; total votes 120.", "question_6_winner": "No-disapprove!", "dem_primary_mayor": "Zohran Kwame Mamdani beat Andrew M. Cuomo, 40 to 15, 67.8% to 25.4%; total votes 59.", "dem_primary_mayor_winner": "Mamdani", "dem_primary_public_advocate": "Jumaane D. Williams beat Jenifer Rajkumar, 31 to 12, 68.9% to 26.7%; total votes 45.", "dem_primary_public_advocate_winner": "Williams", "dem_primary_comptroller": "Mark D. Levine beat Justin Brannan, 24 to 20, 48.0% to 40.0%; total votes 50.", "dem_primary_comptroller_winner": "Levine", "popup_summary": "Mayor: ANDREW M. CUOMO beat ZOHRAN KWAME MAMDANI, 83 to 73, 45.6% to 40.1%; total votes 182. | Public Advocate: JUMAANE D. WILLIAMS beat GONZALO DURAN, 81 to 61, 55.5% to 41.8%; total votes 146. | City Comptroller: MARK D. LEVINE beat PETER KEFALAS, 89 to 59, 59.7% to 39.6%; total votes 149. | Question 1: Disapprove beat Approve, 88 to 34, 72.1% to 27.9%; total votes 122. | Question 2: Approve beat Disapprove, 63 to 60, 51.2% to 48.8%; total votes 123. | Question 3: Disapprove beat Approve, 62 to 59, 51.2% to 48.8%; total votes 121. | Question 4: Approve beat Disapprove, 67 to 57, 54.0% to 46.0%; total votes 124. | Question 5: Approve beat Disapprove, 82 to 42, 66.1% to 33.9%; total votes 124. | Question 6: Disapprove beat Approve, 73 to 47, 60.8% to 39.2%; total votes 120. | Dem Primary Mayor: Zohran Kwame Mamdani beat Andrew M. Cuomo, 40 to 15, 67.8% to 25.4%; total votes 59. | Dem Primary Public Advocate: Jumaane D. Williams beat Jenifer Rajkumar, 31 to 12, 68.9% to 26.7%; total votes 45. | Dem Primary Comptroller: Mark D. Levine beat Justin Brannan, 24 to 20, 48.0% to 40.0%; total votes 50.", "mayor_margin": 5.5, "q2_yes": 51.2, "q3_yes": 51.2, "q4_yes": 54.0}, "geometry": {"type": "MultiPolygon", "coordinates": [[[[-74.007023, 40.63211], [-74.0063387, 40.6316936], [-74.0069209, 40.6311338], [-74.0075022, 40.6305765], [-74.0081286, 40.6299738], [-74.0087539, 40.6293712], [-74.0100034, 40.6301131], [-74.0109703, 40.6306819], [-74.0103299, 40.6313016], [-74.0097042, 40.6319049], [-74.0091194, 40.6324639], [-74.008537, 40.6330282], [-74.007023, 40.63211]]]]}}, {"type": "Feature", "properties": {"felt:feature": 33, "ed_label": "AD 49 ED 015", "elect_dist": "49015", "borough": "Brooklyn", "community_board": 10, "community_board_label": "Brooklyn CB10", "popup_title": "Brooklyn CB10 \u2014 AD 49 ED 015", "general_mayor": "ANDREW M. CUOMO beat ZOHRAN KWAME MAMDANI, 152 to 132, 47.2% to 41.0%; total votes 322.", "general_mayor_winner": "Cuomo", "general_public_advocate": "JUMAANE D. WILLIAMS beat GONZALO DURAN, 153 to 97, 59.5% to 37.7%; total votes 257.", "general_public_advocate_winner": "Williams", "general_comptroller": "MARK D. LEVINE beat PETER KEFALAS, 150 to 99, 57.7% to 38.1%; total votes 260.", "general_comptroller_winner": "Levine", "question_1": "Disapprove beat Approve, 148 to 97, 60.4% to 39.6%; total votes 245.", "question_1_winner": "No-disapprove!", "question_2": "Approve beat Disapprove, 128 to 118, 52.0% to 48.0%; total votes 246.", "question_2_winner": "Yes-approve!", "question_3": "Approve beat Disapprove, 127 to 119, 51.6% to 48.4%; total votes 246.", "question_3_winner": "Yes-approve!", "question_4": "Approve beat Disapprove, 132 to 105, 55.7% to 44.3%; total votes 237.", "question_4_winner": "Yes-approve!", "question_5": "Approve beat Disapprove, 157 to 80, 66.2% to 33.8%; total votes 237.", "question_5_winner": "Yes-approve!", "question_6": "Disapprove beat Approve, 133 to 101, 56.8% to 43.2%; total votes 234.", "question_6_winner": "No-disapprove!", "dem_primary_mayor": "Zohran Kwame Mamdani beat Andrew M. Cuomo, 41 to 29, 51.9% to 36.7%; total votes 79.", "dem_primary_mayor_winner": "Mamdani", "dem_primary_public_advocate": "Jumaane D. Williams beat Jenifer Rajkumar, 35 to 17, 53.8% to 26.2%; total votes 65.", "dem_primary_public_advocate_winner": "Williams", "dem_primary_comptroller": "Justin Brannan beat Mark D. Levine, 26 to 26, 38.2% to 38.2%; total votes 68.", "dem_primary_comptroller_winner": "Brannan", "popup_summary": "Mayor: ANDREW M. CUOMO beat ZOHRAN KWAME MAMDANI, 152 to 132, 47.2% to 41.0%; total votes 322. | Public Advocate: JUMAANE D. WILLIAMS beat GONZALO DURAN, 153 to 97, 59.5% to 37.7%; total votes 257. | City Comptroller: MARK D. LEVINE beat PETER KEFALAS, 150 to 99, 57.7% to 38.1%; total votes 260. | Question 1: Disapprove beat Approve, 148 to 97, 60.4% to 39.6%; total votes 245. | Question 2: Approve beat Disapprove, 128 to 118, 52.0% to 48.0%; total votes 246. | Question 3: Approve beat Disapprove, 127 to 119, 51.6% to 48.4%; total votes 246. | Question 4: Approve beat Disapprove, 132 to 105, 55.7% to 44.3%; total votes 237. | Question 5: Approve beat Disapprove, 157 to 80, 66.2% to 33.8%; total votes 237. | Question 6: Disapprove beat Approve, 133 to 101, 56.8% to 43.2%; total votes 234. | Dem Primary Mayor: Zohran Kwame Mamdani beat Andrew M. Cuomo, 41 to 29, 51.9% to 36.7%; total votes 79. | Dem Primary Public Advocate: Jumaane D. Williams beat Jenifer Rajkumar, 35 to 17, 53.8% to 26.2%; total votes 65. | Dem Primary Comptroller: Justin Brannan beat Mark D. Levine, 26 to 26, 38.2% to 38.2%; total votes 68.", "mayor_margin": 6.2, "q2_yes": 52.0, "q3_yes": 51.6, "q4_yes": 55.7}, "geometry": {"type": "MultiPolygon", "coordinates": [[[[-74.0030983, 40.6279159], [-74.0037227, 40.6273123], [-74.00435, 40.6267104], [-74.004932, 40.6261507], [-74.0071352, 40.6274811], [-74.0065543, 40.6280397], [-74.0087539, 40.6293712], [-74.0081286, 40.6299738], [-74.0075022, 40.6305765], [-74.0052985, 40.6292454], [-74.0047177, 40.6298044], [-74.0025145, 40.6284742], [-74.0030983, 40.6279159]]]]}}, {"type": "Feature", "properties": {"felt:feature": 34, "ed_label": "AD 49 ED 016", "elect_dist": "49016", "borough": "Brooklyn", "community_board": 10, "community_board_label": "Brooklyn CB10", "popup_title": "Brooklyn CB10 \u2014 AD 49 ED 016", "general_mayor": "ANDREW M. CUOMO beat ZOHRAN KWAME MAMDANI, 175 to 175, 43.2% to 43.2%; total votes 405.", "general_mayor_winner": "Cuomo", "general_public_advocate": "JUMAANE D. WILLIAMS beat GONZALO DURAN, 217 to 135, 59.6% to 37.1%; total votes 364.", "general_public_advocate_winner": "Williams", "general_comptroller": "MARK D. LEVINE beat PETER KEFALAS, 217 to 130, 61.1% to 36.6%; total votes 355.", "general_comptroller_winner": "Levine", "question_1": "Disapprove beat Approve, 177 to 132, 57.3% to 42.7%; total votes 309.", "question_1_winner": "No-disapprove!", "question_2": "Approve beat Disapprove, 173 to 142, 54.9% to 45.1%; total votes 315.", "question_2_winner": "Yes-approve!", "question_3": "Approve beat Disapprove, 162 to 151, 51.8% to 48.2%; total votes 313.", "question_3_winner": "Yes-approve!", "question_4": "Approve beat Disapprove, 186 to 124, 60.0% to 40.0%; total votes 310.", "question_4_winner": "Yes-approve!", "question_5": "Approve beat Disapprove, 236 to 73, 76.4% to 23.6%; total votes 309.", "question_5_winner": "Yes-approve!", "question_6": "Disapprove beat Approve, 179 to 135, 57.0% to 43.0%; total votes 314.", "question_6_winner": "No-disapprove!", "dem_primary_mayor": "Zohran Kwame Mamdani beat Andrew M. Cuomo, 70 to 41, 48.6% to 28.5%; total votes 144.", "dem_primary_mayor_winner": "Mamdani", "dem_primary_public_advocate": "Jumaane D. Williams beat Jenifer Rajkumar, 84 to 32, 65.1% to 24.8%; total votes 129.", "dem_primary_public_advocate_winner": "Williams", "dem_primary_comptroller": "Mark D. Levine beat Justin Brannan, 68 to 46, 50.7% to 34.3%; total votes 134.", "dem_primary_comptroller_winner": "Levine", "popup_summary": "Mayor: ANDREW M. CUOMO beat ZOHRAN KWAME MAMDANI, 175 to 175, 43.2% to 43.2%; total votes 405. | Public Advocate: JUMAANE D. WILLIAMS beat GONZALO DURAN, 217 to 135, 59.6% to 37.1%; total votes 364. | City Comptroller: MARK D. LEVINE beat PETER KEFALAS, 217 to 130, 61.1% to 36.6%; total votes 355. | Question 1: Disapprove beat Approve, 177 to 132, 57.3% to 42.7%; total votes 309. | Question 2: Approve beat Disapprove, 173 to 142, 54.9% to 45.1%; total votes 315. | Question 3: Approve beat Disapprove, 162 to 151, 51.8% to 48.2%; total votes 313. | Question 4: Approve beat Disapprove, 186 to 124, 60.0% to 40.0%; total votes 310. | Question 5: Approve beat Disapprove, 236 to 73, 76.4% to 23.6%; total votes 309. | Question 6: Disapprove beat Approve, 179 to 135, 57.0% to 43.0%; total votes 314. | Dem Primary Mayor: Zohran Kwame Mamdani beat Andrew M. Cuomo, 70 to 41, 48.6% to 28.5%; total votes 144. | Dem Primary Public Advocate: Jumaane D. Williams beat Jenifer Rajkumar, 84 to 32, 65.1% to 24.8%; total votes 129. | Dem Primary Comptroller: Mark D. Levine beat Justin Brannan, 68 to 46, 50.7% to 34.3%; total votes 134.", "mayor_margin": 0.0, "q2_yes": 54.9, "q3_yes": 51.8, "q4_yes": 60.0}, "geometry": {"type": "MultiPolygon", "coordinates": [[[[-73.9981161, 40.6258157], [-73.998697, 40.6252566], [-73.9993209, 40.6246552], [-73.9999466, 40.6240506], [-74.0005299, 40.6234899], [-74.0027295, 40.6248215], [-74.004932, 40.6261507], [-74.00435, 40.6267104], [-74.0037227, 40.6273123], [-74.0030983, 40.6279159], [-74.0008946, 40.6265844], [-74.0003137, 40.6271446], [-73.9981161, 40.6258157]]]]}}, {"type": "Feature", "properties": {"felt:feature": 35, "ed_label": "AD 49 ED 020", "elect_dist": "49020", "borough": "Brooklyn", "community_board": 10, "community_board_label": "Brooklyn CB10", "popup_title": "Brooklyn CB10 \u2014 AD 49 ED 020", "general_mayor": "ANDREW M. CUOMO beat CURTIS A. SLIWA, 89.4 to 34, 59.3% to 22.6%; total votes 150.7.", "general_mayor_winner": "Cuomo", "general_public_advocate": "GONZALO DURAN beat JUMAANE D. WILLIAMS, 90.7 to 36.7, 68.3% to 27.6%; total votes 132.7.", "general_public_advocate_winner": "Duran", "general_comptroller": "PETER KEFALAS beat MARK D. LEVINE, 96 to 38.7, 69.9% to 28.2%; total votes 137.4.", "general_comptroller_winner": "Kefalas", "question_1": "Disapprove beat Approve, 72 to 42, 63.2% to 36.8%; total votes 114.1.", "question_1_winner": "No-disapprove!", "question_2": "Disapprove beat Approve, 75.4 to 38, 66.5% to 33.5%; total votes 113.4.", "question_2_winner": "No-disapprove!", "question_3": "Disapprove beat Approve, 68 to 46, 59.6% to 40.4%; total votes 114.1.", "question_3_winner": "No-disapprove!", "question_4": "Disapprove beat Approve, 66 to 46, 58.9% to 41.1%; total votes 112.1.", "question_4_winner": "No-disapprove!", "question_5": "Approve beat Disapprove, 63.4 to 52, 54.9% to 45.1%; total votes 115.4.", "question_5_winner": "Yes-approve!", "question_6": "Disapprove beat Approve, 72 to 41.4, 63.5% to 36.5%; total votes 113.4.", "question_6_winner": "No-disapprove!", "dem_primary_mayor": "Andrew M. Cuomo beat Zohran Kwame Mamdani, 14.7 to 8.7, 55.0% to 32.5%; total votes 26.7.", "dem_primary_mayor_winner": "Cuomo", "dem_primary_public_advocate": "Jenifer Rajkumar beat Jumaane D. Williams, 8 to 8, 36.4% to 36.4%; total votes 22.", "dem_primary_public_advocate_winner": "Rajkumar", "dem_primary_comptroller": "Justin Brannan beat Mark D. Levine, 9.3 to 8.7, 42.4% to 39.4%; total votes 22.", "dem_primary_comptroller_winner": "Brannan", "popup_summary": "Mayor: ANDREW M. CUOMO beat CURTIS A. SLIWA, 89.4 to 34, 59.3% to 22.6%; total votes 150.7. | Public Advocate: GONZALO DURAN beat JUMAANE D. WILLIAMS, 90.7 to 36.7, 68.3% to 27.6%; total votes 132.7. | City Comptroller: PETER KEFALAS beat MARK D. LEVINE, 96 to 38.7, 69.9% to 28.2%; total votes 137.4. | Question 1: Disapprove beat Approve, 72 to 42, 63.2% to 36.8%; total votes 114.1. | Question 2: Disapprove beat Approve, 75.4 to 38, 66.5% to 33.5%; total votes 113.4. | Question 3: Disapprove beat Approve, 68 to 46, 59.6% to 40.4%; total votes 114.1. | Question 4: Disapprove beat Approve, 66 to 46, 58.9% to 41.1%; total votes 112.1. | Question 5: Approve beat Disapprove, 63.4 to 52, 54.9% to 45.1%; total votes 115.4. | Question 6: Disapprove beat Approve, 72 to 41.4, 63.5% to 36.5%; total votes 113.4. | Dem Primary Mayor: Andrew M. Cuomo beat Zohran Kwame Mamdani, 14.7 to 8.7, 55.0% to 32.5%; total votes 26.7. | Dem Primary Public Advocate: Jenifer Rajkumar beat Jumaane D. Williams, 8 to 8, 36.4% to 36.4%; total votes 22. | Dem Primary Comptroller: Justin Brannan beat Mark D. Levine, 9.3 to 8.7, 42.4% to 39.4%; total votes 22.", "mayor_margin": 36.7, "q2_yes": 66.5, "q3_yes": 59.6, "q4_yes": 58.9}, "geometry": {"type": "MultiPolygon", "coordinates": [[[[-74.0109618, 40.6169063], [-74.0087604, 40.6155758], [-74.0084896, 40.6154121], [-74.0065599, 40.6142454], [-74.0071425, 40.613685], [-74.0075164, 40.6139112], [-74.0090627, 40.6148464], [-74.0093416, 40.6150151], [-74.0115435, 40.6163449], [-74.0137481, 40.6176766], [-74.0131638, 40.6182362], [-74.0109618, 40.6169063]]]]}}, {"type": "Feature", "properties": {"felt:feature": 36, "ed_label": "AD 49 ED 035", "elect_dist": "49035", "borough": "Brooklyn", "community_board": 10, "community_board_label": "Brooklyn CB10", "popup_title": "Brooklyn CB10 \u2014 AD 49 ED 035", "general_mayor": "ANDREW M. CUOMO beat ZOHRAN KWAME MAMDANI, 303 to 139, 54.7% to 25.1%; total votes 554.", "general_mayor_winner": "Cuomo", "general_public_advocate": "GONZALO DURAN beat JUMAANE D. WILLIAMS, 279 to 207, 56.0% to 41.6%; total votes 498.", "general_public_advocate_winner": "Duran", "general_comptroller": "PETER KEFALAS beat MARK D. LEVINE, 272 to 221, 54.1% to 43.9%; total votes 503.", "general_comptroller_winner": "Kefalas", "question_1": "Disapprove beat Approve, 305 to 142, 68.2% to 31.8%; total votes 447.", "question_1_winner": "No-disapprove!", "question_2": "Disapprove beat Approve, 288 to 166, 63.4% to 36.6%; total votes 454.", "question_2_winner": "No-disapprove!", "question_3": "Disapprove beat Approve, 286 to 163, 63.7% to 36.3%; total votes 449.", "question_3_winner": "No-disapprove!", "question_4": "Disapprove beat Approve, 264 to 181, 59.3% to 40.7%; total votes 445.", "question_4_winner": "No-disapprove!", "question_5": "Approve beat Disapprove, 251 to 192, 56.7% to 43.3%; total votes 443.", "question_5_winner": "Yes-approve!", "question_6": "Disapprove beat Approve, 292 to 155, 65.3% to 34.7%; total votes 447.", "question_6_winner": "No-disapprove!", "dem_primary_mayor": "Andrew M. Cuomo beat Zohran Kwame Mamdani, 69 to 54, 44.8% to 35.1%; total votes 154.", "dem_primary_mayor_winner": "Cuomo", "dem_primary_public_advocate": "Jumaane D. Williams beat Jenifer Rajkumar, 76 to 28, 59.4% to 21.9%; total votes 128.", "dem_primary_public_advocate_winner": "Williams", "dem_primary_comptroller": "Justin Brannan beat Mark D. Levine, 96 to 34, 68.1% to 24.1%; total votes 141.", "dem_primary_comptroller_winner": "Brannan", "popup_summary": "Mayor: ANDREW M. CUOMO beat ZOHRAN KWAME MAMDANI, 303 to 139, 54.7% to 25.1%; total votes 554. | Public Advocate: GONZALO DURAN beat JUMAANE D. WILLIAMS, 279 to 207, 56.0% to 41.6%; total votes 498. | City Comptroller: PETER KEFALAS beat MARK D. LEVINE, 272 to 221, 54.1% to 43.9%; total votes 503. | Question 1: Disapprove beat Approve, 305 to 142, 68.2% to 31.8%; total votes 447. | Question 2: Disapprove beat Approve, 288 to 166, 63.4% to 36.6%; total votes 454. | Question 3: Disapprove beat Approve, 286 to 163, 63.7% to 36.3%; total votes 449. | Question 4: Disapprove beat Approve, 264 to 181, 59.3% to 40.7%; total votes 445. | Question 5: Approve beat Disapprove, 251 to 192, 56.7% to 43.3%; total votes 443. | Question 6: Disapprove beat Approve, 292 to 155, 65.3% to 34.7%; total votes 447. | Dem Primary Mayor: Andrew M. Cuomo beat Zohran Kwame Mamdani, 69 to 54, 44.8% to 35.1%; total votes 154. | Dem Primary Public Advocate: Jumaane D. Williams beat Jenifer Rajkumar, 76 to 28, 59.4% to 21.9%; total votes 128. | Dem Primary Comptroller: Justin Brannan beat Mark D. Levine, 96 to 34, 68.1% to 24.1%; total votes 141.", "mayor_margin": 29.6, "q2_yes": 63.4, "q3_yes": 63.7, "q4_yes": 59.3}, "geometry": {"type": "MultiPolygon", "coordinates": [[[[-74.0052267, 40.6189732], [-74.0058532, 40.6183705], [-74.0080538, 40.6197003], [-74.0086371, 40.6191422], [-74.0092177, 40.6185822], [-74.0097999, 40.6180238], [-74.0103826, 40.6174637], [-74.0109618, 40.6169063], [-74.0131638, 40.6182362], [-74.012584, 40.6187941], [-74.0120024, 40.619353], [-74.01142, 40.6199135], [-74.0111245, 40.6201978], [-74.0108385, 40.620473], [-74.0102574, 40.6210322], [-74.0111765, 40.6215875], [-74.0113758, 40.621708], [-74.0115758, 40.6218288], [-74.0117759, 40.6219497], [-74.0124584, 40.622362], [-74.0121247, 40.6226832], [-74.0118325, 40.6229644], [-74.0096301, 40.6216344], [-74.0074267, 40.6203036], [-74.0070428, 40.6200715], [-74.0052267, 40.6189732]]]]}}, {"type": "Feature", "properties": {"felt:feature": 37, "ed_label": "AD 49 ED 036", "elect_dist": "49036", "borough": "Brooklyn", "community_board": 10, "community_board_label": "Brooklyn CB10", "popup_title": "Brooklyn CB10 \u2014 AD 49 ED 036", "general_mayor": "ANDREW M. CUOMO beat ZOHRAN KWAME MAMDANI, 192.1 to 85, 53.4% to 23.6%; total votes 359.9.", "general_mayor_winner": "Cuomo", "general_public_advocate": "GONZALO DURAN beat JUMAANE D. WILLIAMS, 197.8 to 124.2, 59.6% to 37.4%; total votes 332.", "general_public_advocate_winner": "Duran", "general_comptroller": "PETER KEFALAS beat MARK D. LEVINE, 194.2 to 125.7, 59.5% to 38.5%; total votes 326.3.", "general_comptroller_winner": "Kefalas", "question_1": "Disapprove beat Approve, 209.2 to 97.8, 68.1% to 31.9%; total votes 307.", "question_1_winner": "No-disapprove!", "question_2": "Disapprove beat Approve, 214.9 to 97.8, 68.7% to 31.3%; total votes 312.7.", "question_2_winner": "No-disapprove!", "question_3": "Disapprove beat Approve, 213.5 to 97.1, 68.7% to 31.3%; total votes 310.6.", "question_3_winner": "No-disapprove!", "question_4": "Disapprove beat Approve, 194.9 to 112.8, 63.3% to 36.7%; total votes 307.7.", "question_4_winner": "No-disapprove!", "question_5": "Disapprove beat Approve, 159.9 to 148.5, 51.9% to 48.1%; total votes 308.4.", "question_5_winner": "No-disapprove!", "question_6": "Disapprove beat Approve, 207.8 to 98.5, 67.8% to 32.2%; total votes 306.3.", "question_6_winner": "No-disapprove!", "dem_primary_mayor": "Zohran Kwame Mamdani beat Andrew M. Cuomo, 35 to 34.3, 39.8% to 39.0%; total votes 87.8.", "dem_primary_mayor_winner": "Mamdani", "dem_primary_public_advocate": "Jumaane D. Williams beat Jenifer Rajkumar, 35.7 to 22.8, 49.5% to 31.7%; total votes 72.1.", "dem_primary_public_advocate_winner": "Williams", "dem_primary_comptroller": "Justin Brannan beat Mark D. Levine, 45.7 to 25, 56.6% to 31.0%; total votes 80.7.", "dem_primary_comptroller_winner": "Brannan", "popup_summary": "Mayor: ANDREW M. CUOMO beat ZOHRAN KWAME MAMDANI, 192.1 to 85, 53.4% to 23.6%; total votes 359.9. | Public Advocate: GONZALO DURAN beat JUMAANE D. WILLIAMS, 197.8 to 124.2, 59.6% to 37.4%; total votes 332. | City Comptroller: PETER KEFALAS beat MARK D. LEVINE, 194.2 to 125.7, 59.5% to 38.5%; total votes 326.3. | Question 1: Disapprove beat Approve, 209.2 to 97.8, 68.1% to 31.9%; total votes 307. | Question 2: Disapprove beat Approve, 214.9 to 97.8, 68.7% to 31.3%; total votes 312.7. | Question 3: Disapprove beat Approve, 213.5 to 97.1, 68.7% to 31.3%; total votes 310.6. | Question 4: Disapprove beat Approve, 194.9 to 112.8, 63.3% to 36.7%; total votes 307.7. | Question 5: Disapprove beat Approve, 159.9 to 148.5, 51.9% to 48.1%; total votes 308.4. | Question 6: Disapprove beat Approve, 207.8 to 98.5, 67.8% to 32.2%; total votes 306.3. | Dem Primary Mayor: Zohran Kwame Mamdani beat Andrew M. Cuomo, 35 to 34.3, 39.8% to 39.0%; total votes 87.8. | Dem Primary Public Advocate: Jumaane D. Williams beat Jenifer Rajkumar, 35.7 to 22.8, 49.5% to 31.7%; total votes 72.1. | Dem Primary Comptroller: Justin Brannan beat Mark D. Levine, 45.7 to 25, 56.6% to 31.0%; total votes 80.7.", "mayor_margin": 29.8, "q2_yes": 68.7, "q3_yes": 68.7, "q4_yes": 63.3}, "geometry": {"type": "MultiPolygon", "coordinates": [[[[-74.0058532, 40.6183705], [-74.0064339, 40.6178147], [-74.0070153, 40.6172539], [-74.0075981, 40.6166945], [-74.0053968, 40.6153629], [-74.0059785, 40.6148038], [-74.0065599, 40.6142454], [-74.0084896, 40.6154121], [-74.0087604, 40.6155758], [-74.0109618, 40.6169063], [-74.0103826, 40.6174637], [-74.0097999, 40.6180238], [-74.0092177, 40.6185822], [-74.0086371, 40.6191422], [-74.0080538, 40.6197003], [-74.0058532, 40.6183705]]]]}}, {"type": "Feature", "properties": {"felt:feature": 38, "ed_label": "AD 49 ED 038", "elect_dist": "49038", "borough": "Brooklyn", "community_board": 10, "community_board_label": "Brooklyn CB10", "popup_title": "Brooklyn CB10 \u2014 AD 49 ED 038", "general_mayor": "ANDREW M. CUOMO beat ZOHRAN KWAME MAMDANI, 168 to 112, 51.7% to 34.5%; total votes 325.", "general_mayor_winner": "Cuomo", "general_public_advocate": "JUMAANE D. WILLIAMS beat GONZALO DURAN, 161 to 109, 57.7% to 39.1%; total votes 279.", "general_public_advocate_winner": "Williams", "general_comptroller": "MARK D. LEVINE beat PETER KEFALAS, 155 to 118, 56.0% to 42.6%; total votes 277.", "general_comptroller_winner": "Levine", "question_1": "Disapprove beat Approve, 133 to 96, 58.1% to 41.9%; total votes 229.", "question_1_winner": "No-disapprove!", "question_2": "Approve beat Disapprove, 138 to 100, 58.0% to 42.0%; total votes 238.", "question_2_winner": "Yes-approve!", "question_3": "Approve beat Disapprove, 125 to 106, 54.1% to 45.9%; total votes 231.", "question_3_winner": "Yes-approve!", "question_4": "Approve beat Disapprove, 125 to 101, 55.3% to 44.7%; total votes 226.", "question_4_winner": "Yes-approve!", "question_5": "Approve beat Disapprove, 152 to 77, 66.4% to 33.6%; total votes 229.", "question_5_winner": "Yes-approve!", "question_6": "Disapprove beat Approve, 126 to 102, 55.3% to 44.7%; total votes 228.", "question_6_winner": "No-disapprove!", "dem_primary_mayor": "Andrew M. Cuomo beat Zohran Kwame Mamdani, 49 to 40, 45.8% to 37.4%; total votes 107.", "dem_primary_mayor_winner": "Cuomo", "dem_primary_public_advocate": "Jumaane D. Williams beat Jenifer Rajkumar, 51 to 27, 55.4% to 29.3%; total votes 92.", "dem_primary_public_advocate_winner": "Williams", "dem_primary_comptroller": "Mark D. Levine beat Justin Brannan, 39 to 36, 40.6% to 37.5%; total votes 96.", "dem_primary_comptroller_winner": "Levine", "popup_summary": "Mayor: ANDREW M. CUOMO beat ZOHRAN KWAME MAMDANI, 168 to 112, 51.7% to 34.5%; total votes 325. | Public Advocate: JUMAANE D. WILLIAMS beat GONZALO DURAN, 161 to 109, 57.7% to 39.1%; total votes 279. | City Comptroller: MARK D. LEVINE beat PETER KEFALAS, 155 to 118, 56.0% to 42.6%; total votes 277. | Question 1: Disapprove beat Approve, 133 to 96, 58.1% to 41.9%; total votes 229. | Question 2: Approve beat Disapprove, 138 to 100, 58.0% to 42.0%; total votes 238. | Question 3: Approve beat Disapprove, 125 to 106, 54.1% to 45.9%; total votes 231. | Question 4: Approve beat Disapprove, 125 to 101, 55.3% to 44.7%; total votes 226. | Question 5: Approve beat Disapprove, 152 to 77, 66.4% to 33.6%; total votes 229. | Question 6: Disapprove beat Approve, 126 to 102, 55.3% to 44.7%; total votes 228. | Dem Primary Mayor: Andrew M. Cuomo beat Zohran Kwame Mamdani, 49 to 40, 45.8% to 37.4%; total votes 107. | Dem Primary Public Advocate: Jumaane D. Williams beat Jenifer Rajkumar, 51 to 27, 55.4% to 29.3%; total votes 92. | Dem Primary Comptroller: Mark D. Levine beat Justin Brannan, 39 to 36, 40.6% to 37.5%; total votes 96.", "mayor_margin": 17.2, "q2_yes": 58.0, "q3_yes": 54.1, "q4_yes": 55.3}, "geometry": {"type": "MultiPolygon", "coordinates": [[[[-74.004932, 40.6261507], [-74.0027295, 40.6248215], [-74.0005299, 40.6234899], [-74.0012022, 40.6228427], [-74.0016938, 40.6223724], [-74.0021016, 40.622619], [-74.0034508, 40.6234347], [-74.0038922, 40.6237016], [-74.005929, 40.6249323], [-74.0060956, 40.6250329], [-74.0065069, 40.6252808], [-74.007903, 40.6261224], [-74.0082997, 40.6263615], [-74.0078344, 40.6268084], [-74.0071352, 40.6274811], [-74.004932, 40.6261507]]]]}}, {"type": "Feature", "properties": {"felt:feature": 39, "ed_label": "AD 49 ED 039", "elect_dist": "49039", "borough": "Brooklyn", "community_board": 10, "community_board_label": "Brooklyn CB10", "popup_title": "Brooklyn CB10 \u2014 AD 49 ED 039", "general_mayor": "ANDREW M. CUOMO beat ZOHRAN KWAME MAMDANI, 314 to 198, 50.7% to 32.0%; total votes 619.", "general_mayor_winner": "Cuomo", "general_public_advocate": "JUMAANE D. WILLIAMS beat GONZALO DURAN, 289 to 241, 52.3% to 43.6%; total votes 553.", "general_public_advocate_winner": "Williams", "general_comptroller": "MARK D. LEVINE beat PETER KEFALAS, 287 to 252, 52.1% to 45.7%; total votes 551.", "general_comptroller_winner": "Levine", "question_1": "Disapprove beat Approve, 322 to 170, 65.4% to 34.6%; total votes 492.", "question_1_winner": "No-disapprove!", "question_2": "Disapprove beat Approve, 270 to 222, 54.9% to 45.1%; total votes 492.", "question_2_winner": "No-disapprove!", "question_3": "Disapprove beat Approve, 268 to 222, 54.7% to 45.3%; total votes 490.", "question_3_winner": "No-disapprove!", "question_4": "Disapprove beat Approve, 245 to 239, 50.6% to 49.4%; total votes 484.", "question_4_winner": "No-disapprove!", "question_5": "Approve beat Disapprove, 282 to 202, 58.3% to 41.7%; total votes 484.", "question_5_winner": "Yes-approve!", "question_6": "Disapprove beat Approve, 302 to 185, 62.0% to 38.0%; total votes 487.", "question_6_winner": "No-disapprove!", "dem_primary_mayor": "Zohran Kwame Mamdani beat Andrew M. Cuomo, 98 to 68, 52.4% to 36.4%; total votes 187.", "dem_primary_mayor_winner": "Mamdani", "dem_primary_public_advocate": "Jumaane D. Williams beat Jenifer Rajkumar, 116 to 27, 70.3% to 16.4%; total votes 165.", "dem_primary_public_advocate_winner": "Williams", "dem_primary_comptroller": "Justin Brannan beat Mark D. Levine, 101 to 47, 58.7% to 27.3%; total votes 172.", "dem_primary_comptroller_winner": "Brannan", "popup_summary": "Mayor: ANDREW M. CUOMO beat ZOHRAN KWAME MAMDANI, 314 to 198, 50.7% to 32.0%; total votes 619. | Public Advocate: JUMAANE D. WILLIAMS beat GONZALO DURAN, 289 to 241, 52.3% to 43.6%; total votes 553. | City Comptroller: MARK D. LEVINE beat PETER KEFALAS, 287 to 252, 52.1% to 45.7%; total votes 551. | Question 1: Disapprove beat Approve, 322 to 170, 65.4% to 34.6%; total votes 492. | Question 2: Disapprove beat Approve, 270 to 222, 54.9% to 45.1%; total votes 492. | Question 3: Disapprove beat Approve, 268 to 222, 54.7% to 45.3%; total votes 490. | Question 4: Disapprove beat Approve, 245 to 239, 50.6% to 49.4%; total votes 484. | Question 5: Approve beat Disapprove, 282 to 202, 58.3% to 41.7%; total votes 484. | Question 6: Disapprove beat Approve, 302 to 185, 62.0% to 38.0%; total votes 487. | Dem Primary Mayor: Zohran Kwame Mamdani beat Andrew M. Cuomo, 98 to 68, 52.4% to 36.4%; total votes 187. | Dem Primary Public Advocate: Jumaane D. Williams beat Jenifer Rajkumar, 116 to 27, 70.3% to 16.4%; total votes 165. | Dem Primary Comptroller: Justin Brannan beat Mark D. Levine, 101 to 47, 58.7% to 27.3%; total votes 172.", "mayor_margin": 18.7, "q2_yes": 54.9, "q3_yes": 54.7, "q4_yes": 50.6}, "geometry": {"type": "MultiPolygon", "coordinates": [[[[-74.0082997, 40.6263615], [-74.007903, 40.6261224], [-74.0065069, 40.6252808], [-74.0060956, 40.6250329], [-74.005929, 40.6249323], [-74.0038922, 40.6237016], [-74.0034508, 40.6234347], [-74.0021016, 40.622619], [-74.0016938, 40.6223724], [-74.0022759, 40.6218143], [-74.004476, 40.6231442], [-74.0050579, 40.6225832], [-74.0056375, 40.6220236], [-74.0078392, 40.6233556], [-74.0075846, 40.6236013], [-74.0072597, 40.6239149], [-74.0094619, 40.6252428], [-74.0116653, 40.6265742], [-74.0110815, 40.627134], [-74.0108051, 40.6273998], [-74.0105003, 40.6276928], [-74.0082997, 40.6263615]]]]}}, {"type": "Feature", "properties": {"felt:feature": 40, "ed_label": "AD 49 ED 040", "elect_dist": "49040", "borough": "Brooklyn", "community_board": 10, "community_board_label": "Brooklyn CB10", "popup_title": "Brooklyn CB10 \u2014 AD 49 ED 040", "general_mayor": "ANDREW M. CUOMO beat ZOHRAN KWAME MAMDANI, 246 to 135, 48.3% to 26.5%; total votes 509.", "general_mayor_winner": "Cuomo", "general_public_advocate": "GONZALO DURAN beat JUMAANE D. WILLIAMS, 254 to 187, 55.9% to 41.2%; total votes 454.", "general_public_advocate_winner": "Duran", "general_comptroller": "PETER KEFALAS beat MARK D. LEVINE, 253 to 197, 55.6% to 43.3%; total votes 455.", "general_comptroller_winner": "Kefalas", "question_1": "Disapprove beat Approve, 284 to 121, 70.1% to 29.9%; total votes 405.", "question_1_winner": "No-disapprove!", "question_2": "Disapprove beat Approve, 266 to 143, 65.0% to 35.0%; total votes 409.", "question_2_winner": "No-disapprove!", "question_3": "Disapprove beat Approve, 264 to 144, 64.7% to 35.3%; total votes 408.", "question_3_winner": "No-disapprove!", "question_4": "Disapprove beat Approve, 242 to 156, 60.8% to 39.2%; total votes 398.", "question_4_winner": "No-disapprove!", "question_5": "Approve beat Disapprove, 202 to 195, 50.9% to 49.1%; total votes 397.", "question_5_winner": "Yes-approve!", "question_6": "Disapprove beat Approve, 258 to 138, 65.2% to 34.8%; total votes 396.", "question_6_winner": "No-disapprove!", "dem_primary_mayor": "Zohran Kwame Mamdani beat Andrew M. Cuomo, 56 to 44, 46.7% to 36.7%; total votes 120.", "dem_primary_mayor_winner": "Mamdani", "dem_primary_public_advocate": "Jumaane D. Williams beat Marty Dolan, 57 to 26, 54.8% to 25.0%; total votes 104.", "dem_primary_public_advocate_winner": "Williams", "dem_primary_comptroller": "Justin Brannan beat Mark D. Levine, 63 to 33, 59.4% to 31.1%; total votes 106.", "dem_primary_comptroller_winner": "Brannan", "popup_summary": "Mayor: ANDREW M. CUOMO beat ZOHRAN KWAME MAMDANI, 246 to 135, 48.3% to 26.5%; total votes 509. | Public Advocate: GONZALO DURAN beat JUMAANE D. WILLIAMS, 254 to 187, 55.9% to 41.2%; total votes 454. | City Comptroller: PETER KEFALAS beat MARK D. LEVINE, 253 to 197, 55.6% to 43.3%; total votes 455. | Question 1: Disapprove beat Approve, 284 to 121, 70.1% to 29.9%; total votes 405. | Question 2: Disapprove beat Approve, 266 to 143, 65.0% to 35.0%; total votes 409. | Question 3: Disapprove beat Approve, 264 to 144, 64.7% to 35.3%; total votes 408. | Question 4: Disapprove beat Approve, 242 to 156, 60.8% to 39.2%; total votes 398. | Question 5: Approve beat Disapprove, 202 to 195, 50.9% to 49.1%; total votes 397. | Question 6: Disapprove beat Approve, 258 to 138, 65.2% to 34.8%; total votes 396. | Dem Primary Mayor: Zohran Kwame Mamdani beat Andrew M. Cuomo, 56 to 44, 46.7% to 36.7%; total votes 120. | Dem Primary Public Advocate: Jumaane D. Williams beat Marty Dolan, 57 to 26, 54.8% to 25.0%; total votes 104. | Dem Primary Comptroller: Justin Brannan beat Mark D. Levine, 63 to 33, 59.4% to 31.1%; total votes 106.", "mayor_margin": 21.8, "q2_yes": 65.0, "q3_yes": 64.7, "q4_yes": 60.8}, "geometry": {"type": "MultiPolygon", "coordinates": [[[[-74.0078392, 40.6233556], [-74.0056375, 40.6220236], [-74.0050579, 40.6225832], [-74.004476, 40.6231442], [-74.0022759, 40.6218143], [-74.002857, 40.6212536], [-74.0034356, 40.6206954], [-74.0040191, 40.6201362], [-74.0045991, 40.6195769], [-74.0052267, 40.6189732], [-74.0070428, 40.6200715], [-74.0074267, 40.6203036], [-74.0096301, 40.6216344], [-74.0118325, 40.6229644], [-74.0115684, 40.623218], [-74.0112061, 40.623566], [-74.0093559, 40.6224492], [-74.009002, 40.6222356], [-74.008422, 40.6227954], [-74.0081819, 40.6230262], [-74.0080969, 40.623108], [-74.0078392, 40.6233556]]]]}}, {"type": "Feature", "properties": {"felt:feature": 41, "ed_label": "AD 49 ED 041", "elect_dist": "49041", "borough": "Brooklyn", "community_board": 10, "community_board_label": "Brooklyn CB10", "popup_title": "Brooklyn CB10 \u2014 AD 49 ED 041", "general_mayor": "ANDREW M. CUOMO beat ZOHRAN KWAME MAMDANI, 371 to 215, 51.7% to 29.9%; total votes 718.", "general_mayor_winner": "Cuomo", "general_public_advocate": "GONZALO DURAN beat JUMAANE D. WILLIAMS, 344 to 295, 51.9% to 44.5%; total votes 663.", "general_public_advocate_winner": "Duran", "general_comptroller": "PETER KEFALAS beat MARK D. LEVINE, 336 to 317, 50.8% to 48.0%; total votes 661.", "general_comptroller_winner": "Kefalas", "question_1": "Disapprove beat Approve, 380 to 224, 62.9% to 37.1%; total votes 604.", "question_1_winner": "No-disapprove!", "question_2": "Disapprove beat Approve, 369 to 245, 60.1% to 39.9%; total votes 614.", "question_2_winner": "No-disapprove!", "question_3": "Disapprove beat Approve, 365 to 245, 59.8% to 40.2%; total votes 610.", "question_3_winner": "No-disapprove!", "question_4": "Disapprove beat Approve, 357 to 244, 59.4% to 40.6%; total votes 601.", "question_4_winner": "No-disapprove!", "question_5": "Approve beat Disapprove, 336 to 268, 55.6% to 44.4%; total votes 604.", "question_5_winner": "Yes-approve!", "question_6": "Disapprove beat Approve, 387 to 217, 64.1% to 35.9%; total votes 604.", "question_6_winner": "No-disapprove!", "dem_primary_mayor": "Zohran Kwame Mamdani beat Andrew M. Cuomo, 111 to 71, 53.9% to 34.5%; total votes 206.", "dem_primary_mayor_winner": "Mamdani", "dem_primary_public_advocate": "Jumaane D. Williams beat Jenifer Rajkumar, 99 to 46, 53.8% to 25.0%; total votes 184.", "dem_primary_public_advocate_winner": "Williams", "dem_primary_comptroller": "Justin Brannan beat Mark D. Levine, 110 to 58, 55.0% to 29.0%; total votes 200.", "dem_primary_comptroller_winner": "Brannan", "popup_summary": "Mayor: ANDREW M. CUOMO beat ZOHRAN KWAME MAMDANI, 371 to 215, 51.7% to 29.9%; total votes 718. | Public Advocate: GONZALO DURAN beat JUMAANE D. WILLIAMS, 344 to 295, 51.9% to 44.5%; total votes 663. | City Comptroller: PETER KEFALAS beat MARK D. LEVINE, 336 to 317, 50.8% to 48.0%; total votes 661. | Question 1: Disapprove beat Approve, 380 to 224, 62.9% to 37.1%; total votes 604. | Question 2: Disapprove beat Approve, 369 to 245, 60.1% to 39.9%; total votes 614. | Question 3: Disapprove beat Approve, 365 to 245, 59.8% to 40.2%; total votes 610. | Question 4: Disapprove beat Approve, 357 to 244, 59.4% to 40.6%; total votes 601. | Question 5: Approve beat Disapprove, 336 to 268, 55.6% to 44.4%; total votes 604. | Question 6: Disapprove beat Approve, 387 to 217, 64.1% to 35.9%; total votes 604. | Dem Primary Mayor: Zohran Kwame Mamdani beat Andrew M. Cuomo, 111 to 71, 53.9% to 34.5%; total votes 206. | Dem Primary Public Advocate: Jumaane D. Williams beat Jenifer Rajkumar, 99 to 46, 53.8% to 25.0%; total votes 184. | Dem Primary Comptroller: Justin Brannan beat Mark D. Levine, 110 to 58, 55.0% to 29.0%; total votes 200.", "mayor_margin": 21.8, "q2_yes": 60.1, "q3_yes": 59.8, "q4_yes": 59.4}, "geometry": {"type": "MultiPolygon", "coordinates": [[[[-74.0105003, 40.6276928], [-74.0108051, 40.6273998], [-74.0110815, 40.627134], [-74.0116653, 40.6265742], [-74.0122453, 40.6260156], [-74.0100419, 40.6246862], [-74.0102966, 40.6244409], [-74.0103784, 40.6243621], [-74.0106241, 40.6241255], [-74.0128273, 40.6254557], [-74.0134088, 40.6248959], [-74.0112061, 40.623566], [-74.0115684, 40.623218], [-74.0118325, 40.6229644], [-74.0121247, 40.6226832], [-74.0124584, 40.622362], [-74.012756, 40.6225417], [-74.0146613, 40.6236918], [-74.0167907, 40.6249837], [-74.0172614, 40.6252692], [-74.0164877, 40.6257753], [-74.0157081, 40.626295], [-74.0150007, 40.6267689], [-74.0142847, 40.6272471], [-74.013572, 40.6277279], [-74.0128574, 40.6282064], [-74.0121416, 40.6286843], [-74.0117795, 40.6284655], [-74.0108786, 40.6279213], [-74.0105003, 40.6276928]]]]}}, {"type": "Feature", "properties": {"felt:feature": 42, "ed_label": "AD 49 ED 042", "elect_dist": "49042", "borough": "Brooklyn", "community_board": 10, "community_board_label": "Brooklyn CB10", "popup_title": "Brooklyn CB10 \u2014 AD 49 ED 042", "general_mayor": "ANDREW M. CUOMO beat ZOHRAN KWAME MAMDANI, 180 to 102, 52.9% to 30.0%; total votes 340.", "general_mayor_winner": "Cuomo", "general_public_advocate": "GONZALO DURAN beat JUMAANE D. WILLIAMS, 154 to 145, 48.9% to 46.0%; total votes 315.", "general_public_advocate_winner": "Duran", "general_comptroller": "PETER KEFALAS beat MARK D. LEVINE, 164 to 142, 52.4% to 45.4%; total votes 313.", "general_comptroller_winner": "Kefalas", "question_1": "Disapprove beat Approve, 184 to 117, 61.1% to 38.9%; total votes 301.", "question_1_winner": "No-disapprove!", "question_2": "Disapprove beat Approve, 167 to 134, 55.5% to 44.5%; total votes 301.", "question_2_winner": "No-disapprove!", "question_3": "Disapprove beat Approve, 172 to 130, 57.0% to 43.0%; total votes 302.", "question_3_winner": "No-disapprove!", "question_4": "Disapprove beat Approve, 154 to 145, 51.5% to 48.5%; total votes 299.", "question_4_winner": "No-disapprove!", "question_5": "Approve beat Disapprove, 196 to 106, 64.9% to 35.1%; total votes 302.", "question_5_winner": "Yes-approve!", "question_6": "Disapprove beat Approve, 169 to 130, 56.5% to 43.5%; total votes 299.", "question_6_winner": "No-disapprove!", "dem_primary_mayor": "Andrew M. Cuomo beat Zohran Kwame Mamdani, 46 to 44, 43.8% to 41.9%; total votes 105.", "dem_primary_mayor_winner": "Cuomo", "dem_primary_public_advocate": "Jumaane D. Williams beat Jenifer Rajkumar, 61 to 16, 64.9% to 17.0%; total votes 94.", "dem_primary_public_advocate_winner": "Williams", "dem_primary_comptroller": "Justin Brannan beat Mark D. Levine, 52 to 40, 51.0% to 39.2%; total votes 102.", "dem_primary_comptroller_winner": "Brannan", "popup_summary": "Mayor: ANDREW M. CUOMO beat ZOHRAN KWAME MAMDANI, 180 to 102, 52.9% to 30.0%; total votes 340. | Public Advocate: GONZALO DURAN beat JUMAANE D. WILLIAMS, 154 to 145, 48.9% to 46.0%; total votes 315. | City Comptroller: PETER KEFALAS beat MARK D. LEVINE, 164 to 142, 52.4% to 45.4%; total votes 313. | Question 1: Disapprove beat Approve, 184 to 117, 61.1% to 38.9%; total votes 301. | Question 2: Disapprove beat Approve, 167 to 134, 55.5% to 44.5%; total votes 301. | Question 3: Disapprove beat Approve, 172 to 130, 57.0% to 43.0%; total votes 302. | Question 4: Disapprove beat Approve, 154 to 145, 51.5% to 48.5%; total votes 299. | Question 5: Approve beat Disapprove, 196 to 106, 64.9% to 35.1%; total votes 302. | Question 6: Disapprove beat Approve, 169 to 130, 56.5% to 43.5%; total votes 299. | Dem Primary Mayor: Andrew M. Cuomo beat Zohran Kwame Mamdani, 46 to 44, 43.8% to 41.9%; total votes 105. | Dem Primary Public Advocate: Jumaane D. Williams beat Jenifer Rajkumar, 61 to 16, 64.9% to 17.0%; total votes 94. | Dem Primary Comptroller: Justin Brannan beat Mark D. Levine, 52 to 40, 51.0% to 39.2%; total votes 102.", "mayor_margin": 22.9, "q2_yes": 55.5, "q3_yes": 57.0, "q4_yes": 51.5}, "geometry": {"type": "MultiPolygon", "coordinates": [[[[-74.0078392, 40.6233556], [-74.0080969, 40.623108], [-74.0081819, 40.6230262], [-74.008422, 40.6227954], [-74.009002, 40.6222356], [-74.0093559, 40.6224492], [-74.0112061, 40.623566], [-74.0134088, 40.6248959], [-74.0128273, 40.6254557], [-74.0106241, 40.6241255], [-74.0103784, 40.6243621], [-74.0102966, 40.6244409], [-74.0100419, 40.6246862], [-74.0122453, 40.6260156], [-74.0116653, 40.6265742], [-74.0094619, 40.6252428], [-74.0072597, 40.6239149], [-74.0075846, 40.6236013], [-74.0078392, 40.6233556]]]]}}, {"type": "Feature", "properties": {"felt:feature": 43, "ed_label": "AD 49 ED 043", "elect_dist": "49043", "borough": "Brooklyn", "community_board": 10, "community_board_label": "Brooklyn CB10", "popup_title": "Brooklyn CB10 \u2014 AD 49 ED 043", "general_mayor": "ZOHRAN KWAME MAMDANI beat ANDREW M. CUOMO, 166 to 163, 42.8% to 42.0%; total votes 388.", "general_mayor_winner": "Mamdani", "general_public_advocate": "JUMAANE D. WILLIAMS beat GONZALO DURAN, 195 to 137, 56.7% to 39.8%; total votes 344.", "general_public_advocate_winner": "Williams", "general_comptroller": "MARK D. LEVINE beat PETER KEFALAS, 201 to 142, 57.6% to 40.7%; total votes 349.", "general_comptroller_winner": "Levine", "question_1": "Disapprove beat Approve, 177 to 133, 57.1% to 42.9%; total votes 310.", "question_1_winner": "No-disapprove!", "question_2": "Disapprove beat Approve, 161 to 158, 50.5% to 49.5%; total votes 319.", "question_2_winner": "No-disapprove!", "question_3": "Disapprove beat Approve, 163 to 153, 51.6% to 48.4%; total votes 316.", "question_3_winner": "No-disapprove!", "question_4": "Approve beat Disapprove, 160 to 155, 50.8% to 49.2%; total votes 315.", "question_4_winner": "Yes-approve!", "question_5": "Approve beat Disapprove, 212 to 99, 68.2% to 31.8%; total votes 311.", "question_5_winner": "Yes-approve!", "question_6": "Disapprove beat Approve, 191 to 123, 60.8% to 39.2%; total votes 314.", "question_6_winner": "No-disapprove!", "dem_primary_mayor": "Zohran Kwame Mamdani beat Andrew M. Cuomo, 78 to 33, 58.6% to 24.8%; total votes 133.", "dem_primary_mayor_winner": "Mamdani", "dem_primary_public_advocate": "Jumaane D. Williams beat Jenifer Rajkumar, 69 to 25, 60.5% to 21.9%; total votes 114.", "dem_primary_public_advocate_winner": "Williams", "dem_primary_comptroller": "Justin Brannan beat Mark D. Levine, 69 to 34, 58.5% to 28.8%; total votes 118.", "dem_primary_comptroller_winner": "Brannan", "popup_summary": "Mayor: ZOHRAN KWAME MAMDANI beat ANDREW M. CUOMO, 166 to 163, 42.8% to 42.0%; total votes 388. | Public Advocate: JUMAANE D. WILLIAMS beat GONZALO DURAN, 195 to 137, 56.7% to 39.8%; total votes 344. | City Comptroller: MARK D. LEVINE beat PETER KEFALAS, 201 to 142, 57.6% to 40.7%; total votes 349. | Question 1: Disapprove beat Approve, 177 to 133, 57.1% to 42.9%; total votes 310. | Question 2: Disapprove beat Approve, 161 to 158, 50.5% to 49.5%; total votes 319. | Question 3: Disapprove beat Approve, 163 to 153, 51.6% to 48.4%; total votes 316. | Question 4: Approve beat Disapprove, 160 to 155, 50.8% to 49.2%; total votes 315. | Question 5: Approve beat Disapprove, 212 to 99, 68.2% to 31.8%; total votes 311. | Question 6: Disapprove beat Approve, 191 to 123, 60.8% to 39.2%; total votes 314. | Dem Primary Mayor: Zohran Kwame Mamdani beat Andrew M. Cuomo, 78 to 33, 58.6% to 24.8%; total votes 133. | Dem Primary Public Advocate: Jumaane D. Williams beat Jenifer Rajkumar, 69 to 25, 60.5% to 21.9%; total votes 114. | Dem Primary Comptroller: Justin Brannan beat Mark D. Levine, 69 to 34, 58.5% to 28.8%; total votes 118.", "mayor_margin": 0.8, "q2_yes": 50.5, "q3_yes": 51.6, "q4_yes": 50.8}, "geometry": {"type": "MultiPolygon", "coordinates": [[[[-74.0149032, 40.6303527], [-74.0147693, 40.6299522], [-74.0128805, 40.6286787], [-74.0127905, 40.6287636], [-74.0126801, 40.628693], [-74.0125437, 40.6288244], [-74.0123463, 40.6287117], [-74.0121416, 40.6286843], [-74.0128574, 40.6282064], [-74.013572, 40.6277279], [-74.0142847, 40.6272471], [-74.0150007, 40.6267689], [-74.0157081, 40.626295], [-74.0164877, 40.6257753], [-74.0172614, 40.6252692], [-74.0179763, 40.624788], [-74.018615, 40.6243692], [-74.0188579, 40.6242741], [-74.0191999, 40.624268], [-74.01938, 40.624268], [-74.0194674, 40.624268], [-74.0195124, 40.6242676], [-74.019582, 40.624267], [-74.0191901, 40.6249622], [-74.0189835, 40.6254116], [-74.0187756, 40.6258636], [-74.0186822, 40.6260989], [-74.0185878, 40.6263247], [-74.018349, 40.6268963], [-74.0180799, 40.6275032], [-74.0180139, 40.627686], [-74.0179936, 40.6277421], [-74.0179464, 40.6278729], [-74.017822, 40.6282178], [-74.0177215, 40.6284966], [-74.0175234, 40.6290445], [-74.0175144, 40.6290705], [-74.017233, 40.6298909], [-74.0170385, 40.6304576], [-74.0169957, 40.6305822], [-74.0166738, 40.6314164], [-74.016543, 40.6313439], [-74.0164981, 40.6313195], [-74.0164633, 40.6313008], [-74.0162223, 40.6311451], [-74.0160482, 40.6310329], [-74.0156622, 40.6308036], [-74.0149032, 40.6303527]]]]}}, {"type": "Feature", "properties": {"felt:feature": 44, "ed_label": "AD 49 ED 044", "elect_dist": "49044", "borough": "Brooklyn", "community_board": 10, "community_board_label": "Brooklyn CB10", "popup_title": "Brooklyn CB10 \u2014 AD 49 ED 044", "general_mayor": "ANDREW M. CUOMO beat ZOHRAN KWAME MAMDANI, 83 to 53, 51.9% to 33.1%; total votes 160.", "general_mayor_winner": "Cuomo", "general_public_advocate": "JUMAANE D. WILLIAMS beat GONZALO DURAN, 74 to 59, 52.5% to 41.8%; total votes 141.", "general_public_advocate_winner": "Williams", "general_comptroller": "MARK D. LEVINE beat PETER KEFALAS, 77 to 60, 54.2% to 42.3%; total votes 142.", "general_comptroller_winner": "Levine", "question_1": "Disapprove beat Approve, 79 to 44, 64.2% to 35.8%; total votes 123.", "question_1_winner": "No-disapprove!", "question_2": "Disapprove beat Approve, 63 to 61, 50.8% to 49.2%; total votes 124.", "question_2_winner": "No-disapprove!", "question_3": "Approve beat Disapprove, 63 to 60, 51.2% to 48.8%; total votes 123.", "question_3_winner": "Yes-approve!", "question_4": "Approve beat Disapprove, 62 to 58, 51.7% to 48.3%; total votes 120.", "question_4_winner": "Yes-approve!", "question_5": "Approve beat Disapprove, 77 to 42, 64.7% to 35.3%; total votes 119.", "question_5_winner": "Yes-approve!", "question_6": "Disapprove beat Approve, 70 to 47, 59.8% to 40.2%; total votes 117.", "question_6_winner": "No-disapprove!", "dem_primary_mayor": "Andrew M. Cuomo beat Zohran Kwame Mamdani, 28 to 25, 49.1% to 43.9%; total votes 57.", "dem_primary_mayor_winner": "Cuomo", "dem_primary_public_advocate": "Jumaane D. Williams beat Jenifer Rajkumar, 19 to 16, 40.4% to 34.0%; total votes 47.", "dem_primary_public_advocate_winner": "Williams", "dem_primary_comptroller": "Mark D. Levine beat Justin Brannan, 23 to 21, 46.0% to 42.0%; total votes 50.", "dem_primary_comptroller_winner": "Levine", "popup_summary": "Mayor: ANDREW M. CUOMO beat ZOHRAN KWAME MAMDANI, 83 to 53, 51.9% to 33.1%; total votes 160. | Public Advocate: JUMAANE D. WILLIAMS beat GONZALO DURAN, 74 to 59, 52.5% to 41.8%; total votes 141. | City Comptroller: MARK D. LEVINE beat PETER KEFALAS, 77 to 60, 54.2% to 42.3%; total votes 142. | Question 1: Disapprove beat Approve, 79 to 44, 64.2% to 35.8%; total votes 123. | Question 2: Disapprove beat Approve, 63 to 61, 50.8% to 49.2%; total votes 124. | Question 3: Approve beat Disapprove, 63 to 60, 51.2% to 48.8%; total votes 123. | Question 4: Approve beat Disapprove, 62 to 58, 51.7% to 48.3%; total votes 120. | Question 5: Approve beat Disapprove, 77 to 42, 64.7% to 35.3%; total votes 119. | Question 6: Disapprove beat Approve, 70 to 47, 59.8% to 40.2%; total votes 117. | Dem Primary Mayor: Andrew M. Cuomo beat Zohran Kwame Mamdani, 28 to 25, 49.1% to 43.9%; total votes 57. | Dem Primary Public Advocate: Jumaane D. Williams beat Jenifer Rajkumar, 19 to 16, 40.4% to 34.0%; total votes 47. | Dem Primary Comptroller: Mark D. Levine beat Justin Brannan, 23 to 21, 46.0% to 42.0%; total votes 50.", "mayor_margin": 18.8, "q2_yes": 50.8, "q3_yes": 51.2, "q4_yes": 51.7}, "geometry": {"type": "MultiPolygon", "coordinates": [[[[-74.0071352, 40.6274811], [-74.0078344, 40.6268084], [-74.0082997, 40.6263615], [-74.0105003, 40.6276928], [-74.010014, 40.6281614], [-74.0099198, 40.6282524], [-74.0093377, 40.6288122], [-74.0087539, 40.6293712], [-74.0065543, 40.6280397], [-74.0071352, 40.6274811]]]]}}, {"type": "Feature", "properties": {"felt:feature": 45, "ed_label": "AD 49 ED 045", "elect_dist": "49045", "borough": "Brooklyn", "community_board": 10, "community_board_label": "Brooklyn CB10", "popup_title": "Brooklyn CB10 \u2014 AD 49 ED 045", "general_mayor": "ZOHRAN KWAME MAMDANI beat ANDREW M. CUOMO, 78 to 54, 47.9% to 33.1%; total votes 163.", "general_mayor_winner": "Mamdani", "general_public_advocate": "JUMAANE D. WILLIAMS beat GONZALO DURAN, 89 to 46, 64.0% to 33.1%; total votes 139.", "general_public_advocate_winner": "Williams", "general_comptroller": "MARK D. LEVINE beat PETER KEFALAS, 89 to 43, 65.0% to 31.4%; total votes 137.", "general_comptroller_winner": "Levine", "question_1": "Disapprove beat Approve, 86 to 39, 68.8% to 31.2%; total votes 125.", "question_1_winner": "No-disapprove!", "question_2": "Approve beat Disapprove, 72 to 63, 53.3% to 46.7%; total votes 135.", "question_2_winner": "Yes-approve!", "question_3": "Disapprove beat Approve, 69 to 63, 52.3% to 47.7%; total votes 132.", "question_3_winner": "No-disapprove!", "question_4": "Approve beat Disapprove, 69 to 62, 52.7% to 47.3%; total votes 131.", "question_4_winner": "Yes-approve!", "question_5": "Approve beat Disapprove, 78 to 53, 59.5% to 40.5%; total votes 131.", "question_5_winner": "Yes-approve!", "question_6": "Disapprove beat Approve, 88 to 43, 67.2% to 32.8%; total votes 131.", "question_6_winner": "No-disapprove!", "dem_primary_mayor": "Zohran Kwame Mamdani beat Andrew M. Cuomo, 39 to 20, 61.9% to 31.7%; total votes 63.", "dem_primary_mayor_winner": "Mamdani", "dem_primary_public_advocate": "Jumaane D. Williams beat Jenifer Rajkumar, 33 to 15, 60.0% to 27.3%; total votes 55.", "dem_primary_public_advocate_winner": "Williams", "dem_primary_comptroller": "Justin Brannan beat Mark D. Levine, 30 to 21, 50.8% to 35.6%; total votes 59.", "dem_primary_comptroller_winner": "Brannan", "popup_summary": "Mayor: ZOHRAN KWAME MAMDANI beat ANDREW M. CUOMO, 78 to 54, 47.9% to 33.1%; total votes 163. | Public Advocate: JUMAANE D. WILLIAMS beat GONZALO DURAN, 89 to 46, 64.0% to 33.1%; total votes 139. | City Comptroller: MARK D. LEVINE beat PETER KEFALAS, 89 to 43, 65.0% to 31.4%; total votes 137. | Question 1: Disapprove beat Approve, 86 to 39, 68.8% to 31.2%; total votes 125. | Question 2: Approve beat Disapprove, 72 to 63, 53.3% to 46.7%; total votes 135. | Question 3: Disapprove beat Approve, 69 to 63, 52.3% to 47.7%; total votes 132. | Question 4: Approve beat Disapprove, 69 to 62, 52.7% to 47.3%; total votes 131. | Question 5: Approve beat Disapprove, 78 to 53, 59.5% to 40.5%; total votes 131. | Question 6: Disapprove beat Approve, 88 to 43, 67.2% to 32.8%; total votes 131. | Dem Primary Mayor: Zohran Kwame Mamdani beat Andrew M. Cuomo, 39 to 20, 61.9% to 31.7%; total votes 63. | Dem Primary Public Advocate: Jumaane D. Williams beat Jenifer Rajkumar, 33 to 15, 60.0% to 27.3%; total votes 55. | Dem Primary Comptroller: Justin Brannan beat Mark D. Levine, 30 to 21, 50.8% to 35.6%; total votes 59.", "mayor_margin": 14.8, "q2_yes": 53.3, "q3_yes": 52.3, "q4_yes": 52.7}, "geometry": {"type": "MultiPolygon", "coordinates": [[[[-74.0109703, 40.6306819], [-74.0100034, 40.6301131], [-74.0107003, 40.6296463], [-74.0114272, 40.6291626], [-74.0121211, 40.6295827], [-74.0137063, 40.6305396], [-74.0143221, 40.6309113], [-74.0149032, 40.6303527], [-74.0156622, 40.6308036], [-74.0160482, 40.6310329], [-74.0162223, 40.6311451], [-74.0164633, 40.6313008], [-74.0164981, 40.6313195], [-74.016543, 40.6313439], [-74.0166738, 40.6314164], [-74.0165812, 40.6316706], [-74.0165203, 40.631838], [-74.0165046, 40.6318809], [-74.0163856, 40.6322456], [-74.016352, 40.6323488], [-74.016251, 40.6326984], [-74.016216, 40.6328196], [-74.0161569, 40.6331248], [-74.0161347, 40.6332397], [-74.01613, 40.633264], [-74.0159725, 40.633339], [-74.0159235, 40.6333623], [-74.0158615, 40.6333913], [-74.0156021, 40.633517], [-74.0151463, 40.6332219], [-74.0131765, 40.6320138], [-74.0109703, 40.6306819]]]]}}, {"type": "Feature", "properties": {"felt:feature": 46, "ed_label": "AD 49 ED 046", "elect_dist": "49046", "borough": "Brooklyn", "community_board": 10, "community_board_label": "Brooklyn CB10", "popup_title": "Brooklyn CB10 \u2014 AD 49 ED 046", "general_mayor": "ZOHRAN KWAME MAMDANI beat ANDREW M. CUOMO, 2.5 to 0.5, 83.3% to 16.7%; total votes 3.1.", "general_mayor_winner": "Mamdani", "general_public_advocate": "JUMAANE D. WILLIAMS beat GONZALO DURAN, 3.1 to 0, 100.0% to 0.0%; total votes 3.1.", "general_public_advocate_winner": "Williams", "general_comptroller": "MARK D. LEVINE beat ISMAEL MALAVE PEREZ, 2.5 to 0.5, 83.3% to 16.7%; total votes 3.1.", "general_comptroller_winner": "Levine", "question_1": "Disapprove beat Approve, 2.5 to 0, 100.0% to 0.0%; total votes 2.5.", "question_1_winner": "No-disapprove!", "question_2": "Approve beat Disapprove, 2.5 to 0, 100.0% to 0.0%; total votes 2.5.", "question_2_winner": "Yes-approve!", "question_3": "Approve beat Disapprove, 2.5 to 0, 100.0% to 0.0%; total votes 2.5.", "question_3_winner": "Yes-approve!", "question_4": "Approve beat Disapprove, 2.5 to 0, 100.0% to 0.0%; total votes 2.5.", "question_4_winner": "Yes-approve!", "question_5": "Approve beat Disapprove, 1.5 to 1, 60.0% to 40.0%; total votes 2.5.", "question_5_winner": "Yes-approve!", "question_6": "Disapprove beat Approve, 1.5 to 1, 60.0% to 40.0%; total votes 2.5.", "question_6_winner": "No-disapprove!", "dem_primary_mayor": "Zohran Kwame Mamdani beat NA, 0.5 to 0, 100.0% to 0.0%; total votes 0.5.", "dem_primary_mayor_winner": "Mamdani", "dem_primary_public_advocate": "Jumaane D. Williams beat NA, 0.5 to 0, 100.0% to 0.0%; total votes 0.5.", "dem_primary_public_advocate_winner": "Williams", "dem_primary_comptroller": "Justin Brannan beat NA, 0.5 to 0, 100.0% to 0.0%; total votes 0.5.", "dem_primary_comptroller_winner": "Brannan", "popup_summary": "Mayor: ZOHRAN KWAME MAMDANI beat ANDREW M. CUOMO, 2.5 to 0.5, 83.3% to 16.7%; total votes 3.1. | Public Advocate: JUMAANE D. WILLIAMS beat GONZALO DURAN, 3.1 to 0, 100.0% to 0.0%; total votes 3.1. | City Comptroller: MARK D. LEVINE beat ISMAEL MALAVE PEREZ, 2.5 to 0.5, 83.3% to 16.7%; total votes 3.1. | Question 1: Disapprove beat Approve, 2.5 to 0, 100.0% to 0.0%; total votes 2.5. | Question 2: Approve beat Disapprove, 2.5 to 0, 100.0% to 0.0%; total votes 2.5. | Question 3: Approve beat Disapprove, 2.5 to 0, 100.0% to 0.0%; total votes 2.5. | Question 4: Approve beat Disapprove, 2.5 to 0, 100.0% to 0.0%; total votes 2.5. | Question 5: Approve beat Disapprove, 1.5 to 1, 60.0% to 40.0%; total votes 2.5. | Question 6: Disapprove beat Approve, 1.5 to 1, 60.0% to 40.0%; total votes 2.5. | Dem Primary Mayor: Zohran Kwame Mamdani beat NA, 0.5 to 0, 100.0% to 0.0%; total votes 0.5. | Dem Primary Public Advocate: Jumaane D. Williams beat NA, 0.5 to 0, 100.0% to 0.0%; total votes 0.5. | Dem Primary Comptroller: Justin Brannan beat NA, 0.5 to 0, 100.0% to 0.0%; total votes 0.5.", "mayor_margin": 66.6, "q2_yes": 100.0, "q3_yes": 100.0, "q4_yes": 100.0}, "geometry": {"type": "MultiPolygon", "coordinates": [[[[-74.0035541, 40.6309229], [-74.0013491, 40.629598], [-73.9991491, 40.6282631], [-73.996953, 40.6269313], [-73.9967885, 40.6268261], [-73.9968413, 40.626661], [-73.9968796, 40.6265317], [-73.9969196, 40.6263891], [-73.9970163, 40.6260616], [-73.9974205, 40.6263068], [-73.9975357, 40.6263767], [-73.9997309, 40.6277012], [-74.0019301, 40.6290328], [-74.0030615, 40.6297152], [-74.003686, 40.6300918], [-74.0041373, 40.630364], [-74.0063387, 40.6316936], [-74.007023, 40.63211], [-74.0069678, 40.6321459], [-74.0068068, 40.6322504], [-74.0066191, 40.6323755], [-74.0064052, 40.6325181], [-74.0063062, 40.6325841], [-74.0055649, 40.6330832], [-74.0048214, 40.63358], [-74.0041065, 40.6340601], [-74.0039896, 40.6339896], [-74.004549, 40.6334143], [-74.0051532, 40.632833], [-74.0057596, 40.6322536], [-74.0035541, 40.6309229]]]]}}, {"type": "Feature", "properties": {"felt:feature": 47, "ed_label": "AD 49 ED 047", "elect_dist": "49047", "borough": "Brooklyn", "community_board": 10, "community_board_label": "Brooklyn CB10", "popup_title": "Brooklyn CB10 \u2014 AD 49 ED 047", "general_mayor": "ANDREW M. CUOMO beat ZOHRAN KWAME MAMDANI, 139.7 to 117.8, 46.1% to 38.9%; total votes 303.1.", "general_mayor_winner": "Cuomo", "general_public_advocate": "JUMAANE D. WILLIAMS beat GONZALO DURAN, 136.8 to 106.4, 52.6% to 40.9%; total votes 260.3.", "general_public_advocate_winner": "Williams", "general_comptroller": "MARK D. LEVINE beat PETER KEFALAS, 152.9 to 96, 59.4% to 37.3%; total votes 257.4.", "general_comptroller_winner": "Levine", "question_1": "Disapprove beat Approve, 152.9 to 85.5, 64.1% to 35.9%; total votes 238.4.", "question_1_winner": "No-disapprove!", "question_2": "Approve beat Disapprove, 127.3 to 115.9, 52.3% to 47.7%; total votes 243.2.", "question_2_winner": "Yes-approve!", "question_3": "Disapprove beat Approve, 119.7 to 115, 51.0% to 49.0%; total votes 234.7.", "question_3_winner": "No-disapprove!", "question_4": "Approve beat Disapprove, 122.5 to 109.2, 52.9% to 47.1%; total votes 231.8.", "question_4_winner": "Yes-approve!", "question_5": "Approve beat Disapprove, 158.7 to 73.2, 68.4% to 31.6%; total votes 231.8.", "question_5_winner": "Yes-approve!", "question_6": "Disapprove beat Approve, 139.7 to 93.1, 60.0% to 40.0%; total votes 232.8.", "question_6_winner": "No-disapprove!", "dem_primary_mayor": "Zohran Kwame Mamdani beat Andrew M. Cuomo, 41.8 to 28.5, 51.2% to 34.9%; total votes 81.7.", "dem_primary_mayor_winner": "Mamdani", "dem_primary_public_advocate": "Jumaane D. Williams beat Jenifer Rajkumar, 39.9 to 21.9, 58.3% to 31.9%; total votes 68.4.", "dem_primary_public_advocate_winner": "Williams", "dem_primary_comptroller": "Mark D. Levine beat Justin Brannan, 30.4 to 21.9, 43.8% to 31.5%; total votes 69.3.", "dem_primary_comptroller_winner": "Levine", "popup_summary": "Mayor: ANDREW M. CUOMO beat ZOHRAN KWAME MAMDANI, 139.7 to 117.8, 46.1% to 38.9%; total votes 303.1. | Public Advocate: JUMAANE D. WILLIAMS beat GONZALO DURAN, 136.8 to 106.4, 52.6% to 40.9%; total votes 260.3. | City Comptroller: MARK D. LEVINE beat PETER KEFALAS, 152.9 to 96, 59.4% to 37.3%; total votes 257.4. | Question 1: Disapprove beat Approve, 152.9 to 85.5, 64.1% to 35.9%; total votes 238.4. | Question 2: Approve beat Disapprove, 127.3 to 115.9, 52.3% to 47.7%; total votes 243.2. | Question 3: Disapprove beat Approve, 119.7 to 115, 51.0% to 49.0%; total votes 234.7. | Question 4: Approve beat Disapprove, 122.5 to 109.2, 52.9% to 47.1%; total votes 231.8. | Question 5: Approve beat Disapprove, 158.7 to 73.2, 68.4% to 31.6%; total votes 231.8. | Question 6: Disapprove beat Approve, 139.7 to 93.1, 60.0% to 40.0%; total votes 232.8. | Dem Primary Mayor: Zohran Kwame Mamdani beat Andrew M. Cuomo, 41.8 to 28.5, 51.2% to 34.9%; total votes 81.7. | Dem Primary Public Advocate: Jumaane D. Williams beat Jenifer Rajkumar, 39.9 to 21.9, 58.3% to 31.9%; total votes 68.4. | Dem Primary Comptroller: Mark D. Levine beat Justin Brannan, 30.4 to 21.9, 43.8% to 31.5%; total votes 69.3.", "mayor_margin": 7.2, "q2_yes": 52.3, "q3_yes": 51.0, "q4_yes": 52.9}, "geometry": {"type": "MultiPolygon", "coordinates": [[[[-73.9970163, 40.6260616], [-73.9970677, 40.6258847], [-73.9972407, 40.6252887], [-73.9981161, 40.6258157], [-74.0003137, 40.6271446], [-74.0008946, 40.6265844], [-74.0030983, 40.6279159], [-74.0025145, 40.6284742], [-74.0047177, 40.6298044], [-74.0052985, 40.6292454], [-74.0075022, 40.6305765], [-74.0069209, 40.6311338], [-74.0063387, 40.6316936], [-74.0041373, 40.630364], [-74.003686, 40.6300918], [-74.0030615, 40.6297152], [-74.0019301, 40.6290328], [-73.9997309, 40.6277012], [-73.9975357, 40.6263767], [-73.9974205, 40.6263068], [-73.9970163, 40.6260616]]]]}}, {"type": "Feature", "properties": {"felt:feature": 48, "ed_label": "AD 49 ED 054", "elect_dist": "49054", "borough": "Brooklyn", "community_board": 10, "community_board_label": "Brooklyn CB10", "popup_title": "Brooklyn CB10 \u2014 AD 49 ED 054", "general_mayor": "ANDREW M. CUOMO beat CURTIS A. SLIWA, 0 to 0, 0.0% to 0.0%; total votes 0.", "general_mayor_winner": "Cuomo", "general_public_advocate": "GONZALO DURAN beat JUMAANE D. WILLIAMS, 0 to 0, 0.0% to 0.0%; total votes 0.", "general_public_advocate_winner": "Duran", "general_comptroller": "ISMAEL MALAVE PEREZ beat MARK D. LEVINE, 0 to 0, 0.0% to 0.0%; total votes 0.", "general_comptroller_winner": "Perez", "question_1": "Disapprove beat Approve, 0 to 0, 0.0% to 0.0%; total votes 0.", "question_1_winner": "No-disapprove!", "question_2": "Disapprove beat Approve, 0 to 0, 0.0% to 0.0%; total votes 0.", "question_2_winner": "No-disapprove!", "question_3": "Disapprove beat Approve, 0 to 0, 0.0% to 0.0%; total votes 0.", "question_3_winner": "No-disapprove!", "question_4": "Disapprove beat Approve, 0 to 0, 0.0% to 0.0%; total votes 0.", "question_4_winner": "No-disapprove!", "question_5": "Disapprove beat Approve, 0 to 0, 0.0% to 0.0%; total votes 0.", "question_5_winner": "No-disapprove!", "question_6": "Disapprove beat Approve, 0 to 0, 0.0% to 0.0%; total votes 0.", "question_6_winner": "No-disapprove!", "dem_primary_mayor": "No results found", "dem_primary_mayor_winner": "No winner found", "dem_primary_public_advocate": "No results found", "dem_primary_public_advocate_winner": "No winner found", "dem_primary_comptroller": "No results found", "dem_primary_comptroller_winner": "No winner found", "popup_summary": "Mayor: ANDREW M. CUOMO beat CURTIS A. SLIWA, 0 to 0, 0.0% to 0.0%; total votes 0. | Public Advocate: GONZALO DURAN beat JUMAANE D. WILLIAMS, 0 to 0, 0.0% to 0.0%; total votes 0. | City Comptroller: ISMAEL MALAVE PEREZ beat MARK D. LEVINE, 0 to 0, 0.0% to 0.0%; total votes 0. | Question 1: Disapprove beat Approve, 0 to 0, 0.0% to 0.0%; total votes 0. | Question 2: Disapprove beat Approve, 0 to 0, 0.0% to 0.0%; total votes 0. | Question 3: Disapprove beat Approve, 0 to 0, 0.0% to 0.0%; total votes 0. | Question 4: Disapprove beat Approve, 0 to 0, 0.0% to 0.0%; total votes 0. | Question 5: Disapprove beat Approve, 0 to 0, 0.0% to 0.0%; total votes 0. | Question 6: Disapprove beat Approve, 0 to 0, 0.0% to 0.0%; total votes 0.", "mayor_margin": 0.0, "q2_yes": 0.0, "q3_yes": 0.0, "q4_yes": 0.0}, "geometry": {"type": "MultiPolygon", "coordinates": [[[[-74.0166738, 40.6314164], [-74.0169957, 40.6305822], [-74.0170385, 40.6304576], [-74.017233, 40.6298909], [-74.0175144, 40.6290705], [-74.0175234, 40.6290445], [-74.0177215, 40.6284966], [-74.017822, 40.6282178], [-74.0179464, 40.6278729], [-74.0179936, 40.6277421], [-74.0180139, 40.627686], [-74.0180799, 40.6275032], [-74.018349, 40.6268963], [-74.0185878, 40.6263247], [-74.0186822, 40.6260989], [-74.0187756, 40.6258636], [-74.0189835, 40.6254116], [-74.0191901, 40.6249622], [-74.019582, 40.624267], [-74.019767, 40.624266], [-74.019944, 40.6242749], [-74.0200742, 40.6242464], [-74.0196317, 40.6248797], [-74.0194586, 40.6252074], [-74.0192638, 40.6255763], [-74.0189603, 40.6262956], [-74.018639, 40.6270705], [-74.0183278, 40.627862], [-74.0180593, 40.6286196], [-74.0178198, 40.6293162], [-74.0178024, 40.6293668], [-74.0175594, 40.6301316], [-74.0173366, 40.6307293], [-74.016971, 40.631618], [-74.0166738, 40.6314164]]]]}}, {"type": "Feature", "properties": {"felt:feature": 49, "ed_label": "AD 51 ED 001", "elect_dist": "51001", "borough": "Brooklyn", "community_board": 10, "community_board_label": "Brooklyn CB10", "popup_title": "Brooklyn CB10 \u2014 AD 51 ED 001", "general_mayor": "ZOHRAN KWAME MAMDANI beat ANDREW M. CUOMO, 244 to 126, 57.7% to 29.8%; total votes 423.", "general_mayor_winner": "Mamdani", "general_public_advocate": "JUMAANE D. WILLIAMS beat GONZALO DURAN, 285 to 97, 73.1% to 24.9%; total votes 390.", "general_public_advocate_winner": "Williams", "general_comptroller": "MARK D. LEVINE beat PETER KEFALAS, 256 to 104, 69.4% to 28.2%; total votes 369.", "general_comptroller_winner": "Levine", "question_1": "Disapprove beat Approve, 194 to 157, 55.3% to 44.7%; total votes 351.", "question_1_winner": "No-disapprove!", "question_2": "Approve beat Disapprove, 181 to 169, 51.7% to 48.3%; total votes 350.", "question_2_winner": "Yes-approve!", "question_3": "Approve beat Disapprove, 192 to 154, 55.5% to 44.5%; total votes 346.", "question_3_winner": "Yes-approve!", "question_4": "Approve beat Disapprove, 177 to 165, 51.8% to 48.2%; total votes 342.", "question_4_winner": "Yes-approve!", "question_5": "Approve beat Disapprove, 247 to 97, 71.8% to 28.2%; total votes 344.", "question_5_winner": "Yes-approve!", "question_6": "Disapprove beat Approve, 192 to 147, 56.6% to 43.4%; total votes 339.", "question_6_winner": "No-disapprove!", "dem_primary_mayor": "Zohran Kwame Mamdani beat Andrew M. Cuomo, 123 to 45, 66.1% to 24.2%; total votes 186.", "dem_primary_mayor_winner": "Mamdani", "dem_primary_public_advocate": "Jumaane D. Williams beat Jenifer Rajkumar, 119 to 23, 75.8% to 14.7%; total votes 157.", "dem_primary_public_advocate_winner": "Williams", "dem_primary_comptroller": "Justin Brannan beat Mark D. Levine, 133 to 27, 77.3% to 15.7%; total votes 172.", "dem_primary_comptroller_winner": "Brannan", "popup_summary": "Mayor: ZOHRAN KWAME MAMDANI beat ANDREW M. CUOMO, 244 to 126, 57.7% to 29.8%; total votes 423. | Public Advocate: JUMAANE D. WILLIAMS beat GONZALO DURAN, 285 to 97, 73.1% to 24.9%; total votes 390. | City Comptroller: MARK D. LEVINE beat PETER KEFALAS, 256 to 104, 69.4% to 28.2%; total votes 369. | Question 1: Disapprove beat Approve, 194 to 157, 55.3% to 44.7%; total votes 351. | Question 2: Approve beat Disapprove, 181 to 169, 51.7% to 48.3%; total votes 350. | Question 3: Approve beat Disapprove, 192 to 154, 55.5% to 44.5%; total votes 346. | Question 4: Approve beat Disapprove, 177 to 165, 51.8% to 48.2%; total votes 342. | Question 5: Approve beat Disapprove, 247 to 97, 71.8% to 28.2%; total votes 344. | Question 6: Disapprove beat Approve, 192 to 147, 56.6% to 43.4%; total votes 339. | Dem Primary Mayor: Zohran Kwame Mamdani beat Andrew M. Cuomo, 123 to 45, 66.1% to 24.2%; total votes 186. | Dem Primary Public Advocate: Jumaane D. Williams beat Jenifer Rajkumar, 119 to 23, 75.8% to 14.7%; total votes 157. | Dem Primary Comptroller: Justin Brannan beat Mark D. Levine, 133 to 27, 77.3% to 15.7%; total votes 172.", "mayor_margin": 27.9, "q2_yes": 51.7, "q3_yes": 55.5, "q4_yes": 51.8}, "geometry": {"type": "MultiPolygon", "coordinates": [[[[-74.0241709, 40.6386694], [-74.0219528, 40.6374522], [-74.0221995, 40.637212], [-74.0224799, 40.6369508], [-74.0226257, 40.636799], [-74.0229099, 40.6361075], [-74.0232353, 40.6353188], [-74.0257455, 40.6364653], [-74.0256662, 40.6366678], [-74.0254719, 40.6371401], [-74.0258278, 40.637307], [-74.0267371, 40.6376568], [-74.0280041, 40.6381442], [-74.0278017, 40.6386255], [-74.0276239, 40.638805], [-74.0269524, 40.6394461], [-74.0268613, 40.6395363], [-74.0267827, 40.6396121], [-74.0266425, 40.6397474], [-74.0265998, 40.6397866], [-74.0264644, 40.6399183], [-74.0263501, 40.6400185], [-74.0241709, 40.6386694]]]]}}, {"type": "Feature", "properties": {"felt:feature": 50, "ed_label": "AD 51 ED 002", "elect_dist": "51002", "borough": "Brooklyn", "community_board": 10, "community_board_label": "Brooklyn CB10", "popup_title": "Brooklyn CB10 \u2014 AD 51 ED 002", "general_mayor": "ZOHRAN KWAME MAMDANI beat ANDREW M. CUOMO, 259 to 90, 66.8% to 23.2%; total votes 388.", "general_mayor_winner": "Mamdani", "general_public_advocate": "JUMAANE D. WILLIAMS beat GONZALO DURAN, 255 to 81, 73.7% to 23.4%; total votes 346.", "general_public_advocate_winner": "Williams", "general_comptroller": "MARK D. LEVINE beat PETER KEFALAS, 237 to 75, 71.0% to 22.5%; total votes 334.", "general_comptroller_winner": "Levine", "question_1": "Disapprove beat Approve, 173 to 134, 56.4% to 43.6%; total votes 307.", "question_1_winner": "No-disapprove!", "question_2": "Approve beat Disapprove, 161 to 153, 51.3% to 48.7%; total votes 314.", "question_2_winner": "Yes-approve!", "question_3": "Approve beat Disapprove, 159 to 156, 50.5% to 49.5%; total votes 315.", "question_3_winner": "Yes-approve!", "question_4": "Approve beat Disapprove, 162 to 151, 51.8% to 48.2%; total votes 313.", "question_4_winner": "Yes-approve!", "question_5": "Approve beat Disapprove, 246 to 69, 78.1% to 21.9%; total votes 315.", "question_5_winner": "Yes-approve!", "question_6": "Disapprove beat Approve, 173 to 138, 55.6% to 44.4%; total votes 311.", "question_6_winner": "No-disapprove!", "dem_primary_mayor": "Zohran Kwame Mamdani beat Andrew M. Cuomo, 130 to 30, 70.3% to 16.2%; total votes 185.", "dem_primary_mayor_winner": "Mamdani", "dem_primary_public_advocate": "Jumaane D. Williams beat Jenifer Rajkumar, 130 to 21, 79.3% to 12.8%; total votes 164.", "dem_primary_public_advocate_winner": "Williams", "dem_primary_comptroller": "Justin Brannan beat Mark D. Levine, 123 to 29, 71.5% to 16.9%; total votes 172.", "dem_primary_comptroller_winner": "Brannan", "popup_summary": "Mayor: ZOHRAN KWAME MAMDANI beat ANDREW M. CUOMO, 259 to 90, 66.8% to 23.2%; total votes 388. | Public Advocate: JUMAANE D. WILLIAMS beat GONZALO DURAN, 255 to 81, 73.7% to 23.4%; total votes 346. | City Comptroller: MARK D. LEVINE beat PETER KEFALAS, 237 to 75, 71.0% to 22.5%; total votes 334. | Question 1: Disapprove beat Approve, 173 to 134, 56.4% to 43.6%; total votes 307. | Question 2: Approve beat Disapprove, 161 to 153, 51.3% to 48.7%; total votes 314. | Question 3: Approve beat Disapprove, 159 to 156, 50.5% to 49.5%; total votes 315. | Question 4: Approve beat Disapprove, 162 to 151, 51.8% to 48.2%; total votes 313. | Question 5: Approve beat Disapprove, 246 to 69, 78.1% to 21.9%; total votes 315. | Question 6: Disapprove beat Approve, 173 to 138, 55.6% to 44.4%; total votes 311. | Dem Primary Mayor: Zohran Kwame Mamdani beat Andrew M. Cuomo, 130 to 30, 70.3% to 16.2%; total votes 185. | Dem Primary Public Advocate: Jumaane D. Williams beat Jenifer Rajkumar, 130 to 21, 79.3% to 12.8%; total votes 164. | Dem Primary Comptroller: Justin Brannan beat Mark D. Levine, 123 to 29, 71.5% to 16.9%; total votes 172.", "mayor_margin": 43.6, "q2_yes": 51.3, "q3_yes": 50.5, "q4_yes": 51.8}, "geometry": {"type": "MultiPolygon", "coordinates": [[[[-74.0190541, 40.636699], [-74.0189863, 40.6366586], [-74.0180528, 40.6361013], [-74.0176044, 40.6358335], [-74.0175095, 40.6357681], [-74.017412, 40.6357008], [-74.0173596, 40.6356647], [-74.0171268, 40.6354876], [-74.0169057, 40.6353022], [-74.0169775, 40.6352351], [-74.0175051, 40.6347475], [-74.0177562, 40.6342501], [-74.0177962, 40.6341709], [-74.0178699, 40.6339336], [-74.017951, 40.6337299], [-74.0182446, 40.6330336], [-74.0192635, 40.6334934], [-74.0207219, 40.634169], [-74.0232353, 40.6353188], [-74.0229099, 40.6361075], [-74.0226257, 40.636799], [-74.0224799, 40.6369508], [-74.0221995, 40.637212], [-74.0219528, 40.6374522], [-74.0218812, 40.63752], [-74.0218342, 40.6375645], [-74.0215823, 40.6378027], [-74.0213752, 40.6379985], [-74.0213198, 40.6380485], [-74.0212282, 40.6381322], [-74.021172, 40.6381836], [-74.0211388, 40.6381453], [-74.0211071, 40.6381154], [-74.0209364, 40.637962], [-74.0207598, 40.6378125], [-74.0206062, 40.6376895], [-74.0204484, 40.6375695], [-74.0203894, 40.6375261], [-74.0203082, 40.6374669], [-74.0200081, 40.6372598], [-74.0198285, 40.6371542], [-74.0196808, 40.6370674], [-74.0195456, 40.6369883], [-74.0190541, 40.636699]]]]}}, {"type": "Feature", "properties": {"felt:feature": 51, "ed_label": "AD 51 ED 003", "elect_dist": "51003", "borough": "Brooklyn", "community_board": 10, "community_board_label": "Brooklyn CB10", "popup_title": "Brooklyn CB10 \u2014 AD 51 ED 003", "general_mayor": "ANDREW M. CUOMO beat ZOHRAN KWAME MAMDANI, 139.3 to 52.5, 61.4% to 23.1%; total votes 226.8.", "general_mayor_winner": "Cuomo", "general_public_advocate": "JUMAANE D. WILLIAMS beat GONZALO DURAN, 90.3 to 89.6, 48.1% to 47.8%; total votes 187.6.", "general_public_advocate_winner": "Williams", "general_comptroller": "MARK D. LEVINE beat PETER KEFALAS, 95.9 to 86.1, 51.3% to 46.1%; total votes 186.9.", "general_comptroller_winner": "Levine", "question_1": "Disapprove beat Approve, 93.8 to 69.3, 57.5% to 42.5%; total votes 163.1.", "question_1_winner": "No-disapprove!", "question_2": "Approve beat Disapprove, 93.1 to 74.2, 55.6% to 44.4%; total votes 167.3.", "question_2_winner": "Yes-approve!", "question_3": "Approve beat Disapprove, 93.1 to 73.5, 55.9% to 44.1%; total votes 166.6.", "question_3_winner": "Yes-approve!", "question_4": "Approve beat Disapprove, 91 to 70, 56.5% to 43.5%; total votes 161.", "question_4_winner": "Yes-approve!", "question_5": "Approve beat Disapprove, 101.5 to 57.4, 63.9% to 36.1%; total votes 158.9.", "question_5_winner": "Yes-approve!", "question_6": "Disapprove beat Approve, 91.7 to 64.4, 58.7% to 41.3%; total votes 156.1.", "question_6_winner": "No-disapprove!", "dem_primary_mayor": "Andrew M. Cuomo beat Zohran Kwame Mamdani, 46.2 to 14.7, 64.7% to 20.6%; total votes 71.4.", "dem_primary_mayor_winner": "Cuomo", "dem_primary_public_advocate": "Jumaane D. Williams beat Marty Dolan, 32.9 to 15.4, 53.4% to 25.0%; total votes 61.6.", "dem_primary_public_advocate_winner": "Williams", "dem_primary_comptroller": "Justin Brannan beat Mark D. Levine, 32.2 to 27.3, 48.4% to 41.1%; total votes 66.5.", "dem_primary_comptroller_winner": "Brannan", "popup_summary": "Mayor: ANDREW M. CUOMO beat ZOHRAN KWAME MAMDANI, 139.3 to 52.5, 61.4% to 23.1%; total votes 226.8. | Public Advocate: JUMAANE D. WILLIAMS beat GONZALO DURAN, 90.3 to 89.6, 48.1% to 47.8%; total votes 187.6. | City Comptroller: MARK D. LEVINE beat PETER KEFALAS, 95.9 to 86.1, 51.3% to 46.1%; total votes 186.9. | Question 1: Disapprove beat Approve, 93.8 to 69.3, 57.5% to 42.5%; total votes 163.1. | Question 2: Approve beat Disapprove, 93.1 to 74.2, 55.6% to 44.4%; total votes 167.3. | Question 3: Approve beat Disapprove, 93.1 to 73.5, 55.9% to 44.1%; total votes 166.6. | Question 4: Approve beat Disapprove, 91 to 70, 56.5% to 43.5%; total votes 161. | Question 5: Approve beat Disapprove, 101.5 to 57.4, 63.9% to 36.1%; total votes 158.9. | Question 6: Disapprove beat Approve, 91.7 to 64.4, 58.7% to 41.3%; total votes 156.1. | Dem Primary Mayor: Andrew M. Cuomo beat Zohran Kwame Mamdani, 46.2 to 14.7, 64.7% to 20.6%; total votes 71.4. | Dem Primary Public Advocate: Jumaane D. Williams beat Marty Dolan, 32.9 to 15.4, 53.4% to 25.0%; total votes 61.6. | Dem Primary Comptroller: Justin Brannan beat Mark D. Levine, 32.2 to 27.3, 48.4% to 41.1%; total votes 66.5.", "mayor_margin": 38.3, "q2_yes": 55.6, "q3_yes": 55.9, "q4_yes": 56.5}, "geometry": {"type": "MultiPolygon", "coordinates": [[[[-74.0241709, 40.6386694], [-74.0263501, 40.6400185], [-74.0262861, 40.6400745], [-74.0262627, 40.6400944], [-74.026237, 40.6401265], [-74.0260135, 40.6400775], [-74.0257861, 40.6400403], [-74.0257234, 40.6399941], [-74.0256623, 40.6399568], [-74.025392, 40.6399287], [-74.0252125, 40.6399188], [-74.0251193, 40.6399137], [-74.0248459, 40.6399122], [-74.0245735, 40.6399239], [-74.0242645, 40.6399536], [-74.0239583, 40.6399999], [-74.023657, 40.6400624], [-74.0233801, 40.6401362], [-74.023363, 40.6401408], [-74.0232502, 40.6401772], [-74.0230968, 40.6402267], [-74.0228385, 40.6403263], [-74.0225902, 40.6404391], [-74.0224307, 40.6405242], [-74.0222493, 40.6406235], [-74.0221864, 40.6406649], [-74.0218063, 40.6408841], [-74.0217394, 40.6409227], [-74.0223535, 40.6404901], [-74.0229701, 40.6399346], [-74.0235494, 40.6393203], [-74.0236161, 40.6392457], [-74.0239261, 40.6388989], [-74.0241709, 40.6386694]]]]}}, {"type": "Feature", "properties": {"felt:feature": 52, "ed_label": "AD 51 ED 004", "elect_dist": "51004", "borough": "Brooklyn", "community_board": 10, "community_board_label": "Brooklyn CB10", "popup_title": "Brooklyn CB10 \u2014 AD 51 ED 004", "general_mayor": "ANDREW M. CUOMO beat ZOHRAN KWAME MAMDANI, 155 to 57.8, 63.2% to 23.6%; total votes 245.2.", "general_mayor_winner": "Cuomo", "general_public_advocate": "JUMAANE D. WILLIAMS beat GONZALO DURAN, 95.6 to 91, 49.2% to 46.8%; total votes 194.3.", "general_public_advocate_winner": "Williams", "general_comptroller": "MARK D. LEVINE beat PETER KEFALAS, 98.7 to 94.8, 49.8% to 47.9%; total votes 198.1.", "general_comptroller_winner": "Levine", "question_1": "Disapprove beat Approve, 107.2 to 74.8, 58.9% to 41.1%; total votes 182.", "question_1_winner": "No-disapprove!", "question_2": "Disapprove beat Approve, 96.4 to 89.4, 51.9% to 48.1%; total votes 185.8.", "question_2_winner": "No-disapprove!", "question_3": "Disapprove beat Approve, 100.2 to 82.5, 54.9% to 45.1%; total votes 182.7.", "question_3_winner": "No-disapprove!", "question_4": "Disapprove beat Approve, 96.4 to 92.5, 51.0% to 49.0%; total votes 188.9.", "question_4_winner": "No-disapprove!", "question_5": "Approve beat Disapprove, 115.7 to 67.8, 63.0% to 37.0%; total votes 183.5.", "question_5_winner": "Yes-approve!", "question_6": "Disapprove beat Approve, 105.6 to 76.3, 58.1% to 41.9%; total votes 182.", "question_6_winner": "No-disapprove!", "dem_primary_mayor": "Andrew M. Cuomo beat Zohran Kwame Mamdani, 36.2 to 30.1, 46.5% to 38.6%; total votes 77.9.", "dem_primary_mayor_winner": "Cuomo", "dem_primary_public_advocate": "Jumaane D. Williams beat Jenifer Rajkumar, 37 to 17, 55.2% to 25.3%; total votes 67.1.", "dem_primary_public_advocate_winner": "Williams", "dem_primary_comptroller": "Justin Brannan beat Mark D. Levine, 33.2 to 23.9, 48.9% to 35.2%; total votes 67.8.", "dem_primary_comptroller_winner": "Brannan", "popup_summary": "Mayor: ANDREW M. CUOMO beat ZOHRAN KWAME MAMDANI, 155 to 57.8, 63.2% to 23.6%; total votes 245.2. | Public Advocate: JUMAANE D. WILLIAMS beat GONZALO DURAN, 95.6 to 91, 49.2% to 46.8%; total votes 194.3. | City Comptroller: MARK D. LEVINE beat PETER KEFALAS, 98.7 to 94.8, 49.8% to 47.9%; total votes 198.1. | Question 1: Disapprove beat Approve, 107.2 to 74.8, 58.9% to 41.1%; total votes 182. | Question 2: Disapprove beat Approve, 96.4 to 89.4, 51.9% to 48.1%; total votes 185.8. | Question 3: Disapprove beat Approve, 100.2 to 82.5, 54.9% to 45.1%; total votes 182.7. | Question 4: Disapprove beat Approve, 96.4 to 92.5, 51.0% to 49.0%; total votes 188.9. | Question 5: Approve beat Disapprove, 115.7 to 67.8, 63.0% to 37.0%; total votes 183.5. | Question 6: Disapprove beat Approve, 105.6 to 76.3, 58.1% to 41.9%; total votes 182. | Dem Primary Mayor: Andrew M. Cuomo beat Zohran Kwame Mamdani, 36.2 to 30.1, 46.5% to 38.6%; total votes 77.9. | Dem Primary Public Advocate: Jumaane D. Williams beat Jenifer Rajkumar, 37 to 17, 55.2% to 25.3%; total votes 67.1. | Dem Primary Comptroller: Justin Brannan beat Mark D. Levine, 33.2 to 23.9, 48.9% to 35.2%; total votes 67.8.", "mayor_margin": 39.6, "q2_yes": 51.9, "q3_yes": 54.9, "q4_yes": 51.0}, "geometry": {"type": "MultiPolygon", "coordinates": [[[[-74.021172, 40.6381836], [-74.0212282, 40.6381322], [-74.0213198, 40.6380485], [-74.0213752, 40.6379985], [-74.0215823, 40.6378027], [-74.0218342, 40.6375645], [-74.0218812, 40.63752], [-74.0219528, 40.6374522], [-74.0241709, 40.6386694], [-74.0239261, 40.6388989], [-74.0236161, 40.6392457], [-74.0235494, 40.6393203], [-74.0229701, 40.6399346], [-74.0223535, 40.6404901], [-74.0217394, 40.6409227], [-74.0216331, 40.640979], [-74.0215504, 40.6410373], [-74.0213452, 40.6411822], [-74.0215294, 40.6408703], [-74.0216515, 40.6406037], [-74.0216798, 40.6405305], [-74.021725, 40.6404003], [-74.0217742, 40.6402311], [-74.0217952, 40.6401303], [-74.0218005, 40.6401051], [-74.021852, 40.6398161], [-74.0218499, 40.6397093], [-74.0218422, 40.6396027], [-74.0218287, 40.6394965], [-74.0218096, 40.6393907], [-74.0217848, 40.6392856], [-74.0217543, 40.6391814], [-74.0217308, 40.6390779], [-74.0217, 40.6389756], [-74.0216622, 40.6388746], [-74.0216173, 40.6387753], [-74.0215655, 40.638678], [-74.021507, 40.6385829], [-74.0214419, 40.6384904], [-74.0213704, 40.6384006], [-74.0212928, 40.6383138], [-74.0212092, 40.6382303], [-74.021172, 40.6381836]]]]}}, {"type": "Feature", "properties": {"felt:feature": 53, "ed_label": "AD 51 ED 005", "elect_dist": "51005", "borough": "Brooklyn", "community_board": 10, "community_board_label": "Brooklyn CB10", "popup_title": "Brooklyn CB10 \u2014 AD 51 ED 005", "general_mayor": "ZOHRAN KWAME MAMDANI beat ANDREW M. CUOMO, 2.7 to 1.9, 49.6% to 35.9%; total votes 5.4.", "general_mayor_winner": "Mamdani", "general_public_advocate": "JUMAANE D. WILLIAMS beat GONZALO DURAN, 3.1 to 1.6, 65.7% to 32.6%; total votes 4.8.", "general_public_advocate_winner": "Williams", "general_comptroller": "MARK D. LEVINE beat PETER KEFALAS, 3.1 to 1.2, 66.2% to 26.1%; total votes 4.7.", "general_comptroller_winner": "Levine", "question_1": "Disapprove beat Approve, 2.5 to 1.7, 59.0% to 41.0%; total votes 4.2.", "question_1_winner": "No-disapprove!", "question_2": "Approve beat Disapprove, 2.7 to 1.7, 61.6% to 38.4%; total votes 4.4.", "question_2_winner": "Yes-approve!", "question_3": "Approve beat Disapprove, 2.5 to 1.8, 58.0% to 42.0%; total votes 4.2.", "question_3_winner": "Yes-approve!", "question_4": "Approve beat Disapprove, 2.7 to 1.6, 63.4% to 36.6%; total votes 4.3.", "question_4_winner": "Yes-approve!", "question_5": "Approve beat Disapprove, 3.1 to 1.2, 72.9% to 27.1%; total votes 4.3.", "question_5_winner": "Yes-approve!", "question_6": "Disapprove beat Approve, 2.3 to 2, 53.0% to 47.0%; total votes 4.3.", "question_6_winner": "No-disapprove!", "dem_primary_mayor": "Zohran Kwame Mamdani beat Andrew M. Cuomo, 1.2 to 0.8, 54.5% to 35.7%; total votes 2.2.", "dem_primary_mayor_winner": "Mamdani", "dem_primary_public_advocate": "Jumaane D. Williams beat Jenifer Rajkumar, 1.3 to 0.3, 68.8% to 16.7%; total votes 1.9.", "dem_primary_public_advocate_winner": "Williams", "dem_primary_comptroller": "Justin Brannan beat Mark D. Levine, 0.7 to 0.7, 35.0% to 33.0%; total votes 2.1.", "dem_primary_comptroller_winner": "Brannan", "popup_summary": "Mayor: ZOHRAN KWAME MAMDANI beat ANDREW M. CUOMO, 2.7 to 1.9, 49.6% to 35.9%; total votes 5.4. | Public Advocate: JUMAANE D. WILLIAMS beat GONZALO DURAN, 3.1 to 1.6, 65.7% to 32.6%; total votes 4.8. | City Comptroller: MARK D. LEVINE beat PETER KEFALAS, 3.1 to 1.2, 66.2% to 26.1%; total votes 4.7. | Question 1: Disapprove beat Approve, 2.5 to 1.7, 59.0% to 41.0%; total votes 4.2. | Question 2: Approve beat Disapprove, 2.7 to 1.7, 61.6% to 38.4%; total votes 4.4. | Question 3: Approve beat Disapprove, 2.5 to 1.8, 58.0% to 42.0%; total votes 4.2. | Question 4: Approve beat Disapprove, 2.7 to 1.6, 63.4% to 36.6%; total votes 4.3. | Question 5: Approve beat Disapprove, 3.1 to 1.2, 72.9% to 27.1%; total votes 4.3. | Question 6: Disapprove beat Approve, 2.3 to 2, 53.0% to 47.0%; total votes 4.3. | Dem Primary Mayor: Zohran Kwame Mamdani beat Andrew M. Cuomo, 1.2 to 0.8, 54.5% to 35.7%; total votes 2.2. | Dem Primary Public Advocate: Jumaane D. Williams beat Jenifer Rajkumar, 1.3 to 0.3, 68.8% to 16.7%; total votes 1.9. | Dem Primary Comptroller: Justin Brannan beat Mark D. Levine, 0.7 to 0.7, 35.0% to 33.0%; total votes 2.1.", "mayor_margin": 13.7, "q2_yes": 61.6, "q3_yes": 58.0, "q4_yes": 63.4}, "geometry": {"type": "MultiPolygon", "coordinates": [[[[-74.0184307, 40.6408373], [-74.0190245, 40.6402637], [-74.019603, 40.639709], [-74.0201962, 40.6391387], [-74.0207721, 40.6385833], [-74.0209862, 40.6383667], [-74.0210487, 40.6383035], [-74.0210873, 40.6382636], [-74.0211138, 40.6382386], [-74.021172, 40.6381836], [-74.0212092, 40.6382303], [-74.0212928, 40.6383138], [-74.0213704, 40.6384006], [-74.0214419, 40.6384904], [-74.021507, 40.6385829], [-74.0215655, 40.638678], [-74.0216173, 40.6387753], [-74.0216622, 40.6388746], [-74.0217, 40.6389756], [-74.0217308, 40.6390779], [-74.0217543, 40.6391814], [-74.0217848, 40.6392856], [-74.0218096, 40.6393907], [-74.0218287, 40.6394965], [-74.0218422, 40.6396027], [-74.0218499, 40.6397093], [-74.021852, 40.6398161], [-74.0218005, 40.6401051], [-74.0217952, 40.6401303], [-74.0217742, 40.6402311], [-74.021725, 40.6404003], [-74.0216798, 40.6405305], [-74.0216515, 40.6406037], [-74.0215294, 40.6408703], [-74.0213452, 40.6411822], [-74.0211542, 40.641338], [-74.0210942, 40.6413885], [-74.0210482, 40.6414254], [-74.0210148, 40.6414511], [-74.0209283, 40.6415176], [-74.0208749, 40.6415538], [-74.0207119, 40.6417426], [-74.0203959, 40.6420405], [-74.0203539, 40.6420126], [-74.0202967, 40.6419738], [-74.0202293, 40.6419321], [-74.018493, 40.6408758], [-74.0184307, 40.6408373]]]]}}, {"type": "Feature", "properties": {"felt:feature": 54, "ed_label": "AD 51 ED 009", "elect_dist": "51009", "borough": "Brooklyn", "community_board": 10, "community_board_label": "Brooklyn CB10", "popup_title": "Brooklyn CB10 \u2014 AD 51 ED 009", "general_mayor": "ZOHRAN KWAME MAMDANI beat ANDREW M. CUOMO, 9.8 to 5.5, 56.4% to 31.9%; total votes 17.3.", "general_mayor_winner": "Mamdani", "general_public_advocate": "JUMAANE D. WILLIAMS beat GONZALO DURAN, 11.4 to 4.3, 71.7% to 27.1%; total votes 16.", "general_public_advocate_winner": "Williams", "general_comptroller": "MARK D. LEVINE beat PETER KEFALAS, 10.7 to 3.8, 68.5% to 24.0%; total votes 15.6.", "general_comptroller_winner": "Levine", "question_1": "Disapprove beat Approve, 8.8 to 6, 59.4% to 40.6%; total votes 14.8.", "question_1_winner": "No-disapprove!", "question_2": "Approve beat Disapprove, 9.4 to 5.7, 62.3% to 37.7%; total votes 15.1.", "question_2_winner": "Yes-approve!", "question_3": "Approve beat Disapprove, 8.8 to 6, 59.4% to 40.6%; total votes 14.9.", "question_3_winner": "Yes-approve!", "question_4": "Approve beat Disapprove, 9.5 to 5.2, 64.5% to 35.5%; total votes 14.8.", "question_4_winner": "Yes-approve!", "question_5": "Approve beat Disapprove, 10.5 to 4.1, 72.1% to 27.9%; total votes 14.6.", "question_5_winner": "Yes-approve!", "question_6": "Disapprove beat Approve, 8.8 to 5.8, 60.2% to 39.8%; total votes 14.7.", "question_6_winner": "No-disapprove!", "dem_primary_mayor": "Zohran Kwame Mamdani beat Andrew M. Cuomo, 4.8 to 1.8, 64.0% to 23.7%; total votes 7.4.", "dem_primary_mayor_winner": "Mamdani", "dem_primary_public_advocate": "Jumaane D. Williams beat Jenifer Rajkumar, 5 to 1.2, 74.3% to 18.6%; total votes 6.7.", "dem_primary_public_advocate_winner": "Williams", "dem_primary_comptroller": "Justin Brannan beat Mark D. Levine, 3.2 to 1.8, 45.7% to 26.0%; total votes 6.9.", "dem_primary_comptroller_winner": "Brannan", "popup_summary": "Mayor: ZOHRAN KWAME MAMDANI beat ANDREW M. CUOMO, 9.8 to 5.5, 56.4% to 31.9%; total votes 17.3. | Public Advocate: JUMAANE D. WILLIAMS beat GONZALO DURAN, 11.4 to 4.3, 71.7% to 27.1%; total votes 16. | City Comptroller: MARK D. LEVINE beat PETER KEFALAS, 10.7 to 3.8, 68.5% to 24.0%; total votes 15.6. | Question 1: Disapprove beat Approve, 8.8 to 6, 59.4% to 40.6%; total votes 14.8. | Question 2: Approve beat Disapprove, 9.4 to 5.7, 62.3% to 37.7%; total votes 15.1. | Question 3: Approve beat Disapprove, 8.8 to 6, 59.4% to 40.6%; total votes 14.9. | Question 4: Approve beat Disapprove, 9.5 to 5.2, 64.5% to 35.5%; total votes 14.8. | Question 5: Approve beat Disapprove, 10.5 to 4.1, 72.1% to 27.9%; total votes 14.6. | Question 6: Disapprove beat Approve, 8.8 to 5.8, 60.2% to 39.8%; total votes 14.7. | Dem Primary Mayor: Zohran Kwame Mamdani beat Andrew M. Cuomo, 4.8 to 1.8, 64.0% to 23.7%; total votes 7.4. | Dem Primary Public Advocate: Jumaane D. Williams beat Jenifer Rajkumar, 5 to 1.2, 74.3% to 18.6%; total votes 6.7. | Dem Primary Comptroller: Justin Brannan beat Mark D. Levine, 3.2 to 1.8, 45.7% to 26.0%; total votes 6.9.", "mayor_margin": 24.5, "q2_yes": 62.3, "q3_yes": 59.4, "q4_yes": 64.5}, "geometry": {"type": "MultiPolygon", "coordinates": [[[[-74.0161671, 40.6394824], [-74.0167684, 40.638899], [-74.0173511, 40.6383411], [-74.0179312, 40.637781], [-74.0185204, 40.6372169], [-74.0185708, 40.6371677], [-74.0187001, 40.6370414], [-74.0187832, 40.6369603], [-74.0188744, 40.6368717], [-74.0189247, 40.636826], [-74.0189652, 40.6367848], [-74.0189872, 40.6367636], [-74.0190541, 40.636699], [-74.0195456, 40.6369883], [-74.0196808, 40.6370674], [-74.0198285, 40.6371542], [-74.0200081, 40.6372598], [-74.0203082, 40.6374669], [-74.0203894, 40.6375261], [-74.0204484, 40.6375695], [-74.0206062, 40.6376895], [-74.0207598, 40.6378125], [-74.0209364, 40.637962], [-74.0211071, 40.6381154], [-74.0211388, 40.6381453], [-74.021172, 40.6381836], [-74.0211138, 40.6382386], [-74.0210873, 40.6382636], [-74.0210487, 40.6383035], [-74.0209862, 40.6383667], [-74.0207721, 40.6385833], [-74.0201962, 40.6391387], [-74.019603, 40.639709], [-74.0190245, 40.6402637], [-74.0184307, 40.6408373], [-74.0183576, 40.6407933], [-74.0161671, 40.6394824]]]]}}, {"type": "Feature", "properties": {"felt:feature": 55, "ed_label": "AD 51 ED 010", "elect_dist": "51010", "borough": "Brooklyn", "community_board": 10, "community_board_label": "Brooklyn CB10", "popup_title": "Brooklyn CB10 \u2014 AD 51 ED 010", "general_mayor": "ZOHRAN KWAME MAMDANI beat ANDREW M. CUOMO, 21.8 to 12.4, 55.7% to 31.8%; total votes 39.1.", "general_mayor_winner": "Mamdani", "general_public_advocate": "JUMAANE D. WILLIAMS beat GONZALO DURAN, 24 to 9.9, 70.3% to 29.0%; total votes 34.2.", "general_public_advocate_winner": "Williams", "general_comptroller": "MARK D. LEVINE beat PETER KEFALAS, 23.8 to 8.4, 70.9% to 25.2%; total votes 33.5.", "general_comptroller_winner": "Levine", "question_1": "Disapprove beat Approve, 19.3 to 12.3, 61.1% to 38.9%; total votes 31.5.", "question_1_winner": "No-disapprove!", "question_2": "Approve beat Disapprove, 17.3 to 14.7, 54.1% to 45.9%; total votes 31.9.", "question_2_winner": "Yes-approve!", "question_3": "Approve beat Disapprove, 16.2 to 14.8, 52.3% to 47.7%; total votes 31.", "question_3_winner": "Yes-approve!", "question_4": "Approve beat Disapprove, 18.3 to 13.3, 57.9% to 42.1%; total votes 31.7.", "question_4_winner": "Yes-approve!", "question_5": "Approve beat Disapprove, 21 to 10.7, 66.2% to 33.8%; total votes 31.7.", "question_5_winner": "Yes-approve!", "question_6": "Disapprove beat Approve, 18.9 to 12.5, 60.1% to 39.9%; total votes 31.4.", "question_6_winner": "No-disapprove!", "dem_primary_mayor": "Zohran Kwame Mamdani beat Andrew M. Cuomo, 9 to 4.4, 56.2% to 27.3%; total votes 16.", "dem_primary_mayor_winner": "Mamdani", "dem_primary_public_advocate": "Jumaane D. Williams beat Jenifer Rajkumar, 8.6 to 3, 62.5% to 22.1%; total votes 13.7.", "dem_primary_public_advocate_winner": "Williams", "dem_primary_comptroller": "Justin Brannan beat Mark D. Levine, 5.7 to 5.5, 41.3% to 40.4%; total votes 13.7.", "dem_primary_comptroller_winner": "Brannan", "popup_summary": "Mayor: ZOHRAN KWAME MAMDANI beat ANDREW M. CUOMO, 21.8 to 12.4, 55.7% to 31.8%; total votes 39.1. | Public Advocate: JUMAANE D. WILLIAMS beat GONZALO DURAN, 24 to 9.9, 70.3% to 29.0%; total votes 34.2. | City Comptroller: MARK D. LEVINE beat PETER KEFALAS, 23.8 to 8.4, 70.9% to 25.2%; total votes 33.5. | Question 1: Disapprove beat Approve, 19.3 to 12.3, 61.1% to 38.9%; total votes 31.5. | Question 2: Approve beat Disapprove, 17.3 to 14.7, 54.1% to 45.9%; total votes 31.9. | Question 3: Approve beat Disapprove, 16.2 to 14.8, 52.3% to 47.7%; total votes 31. | Question 4: Approve beat Disapprove, 18.3 to 13.3, 57.9% to 42.1%; total votes 31.7. | Question 5: Approve beat Disapprove, 21 to 10.7, 66.2% to 33.8%; total votes 31.7. | Question 6: Disapprove beat Approve, 18.9 to 12.5, 60.1% to 39.9%; total votes 31.4. | Dem Primary Mayor: Zohran Kwame Mamdani beat Andrew M. Cuomo, 9 to 4.4, 56.2% to 27.3%; total votes 16. | Dem Primary Public Advocate: Jumaane D. Williams beat Jenifer Rajkumar, 8.6 to 3, 62.5% to 22.1%; total votes 13.7. | Dem Primary Comptroller: Justin Brannan beat Mark D. Levine, 5.7 to 5.5, 41.3% to 40.4%; total votes 13.7.", "mayor_margin": 23.9, "q2_yes": 54.1, "q3_yes": 52.3, "q4_yes": 57.9}, "geometry": {"type": "MultiPolygon", "coordinates": [[[[-74.0127754, 40.6392956], [-74.0133567, 40.6387353], [-74.0139609, 40.6381533], [-74.0145669, 40.6375709], [-74.0151458, 40.6370146], [-74.0157395, 40.6364522], [-74.0158259, 40.6363697], [-74.0159483, 40.6362528], [-74.0160679, 40.6361385], [-74.0162904, 40.6359111], [-74.0166955, 40.6355215], [-74.016774, 40.6354351], [-74.0168103, 40.6353974], [-74.0168444, 40.6353633], [-74.0169057, 40.6353022], [-74.0171268, 40.6354876], [-74.0173596, 40.6356647], [-74.017412, 40.6357008], [-74.0175095, 40.6357681], [-74.0176044, 40.6358335], [-74.0180528, 40.6361013], [-74.0189863, 40.6366586], [-74.0190541, 40.636699], [-74.0189872, 40.6367636], [-74.0189652, 40.6367848], [-74.0189247, 40.636826], [-74.0188744, 40.6368717], [-74.0187832, 40.6369603], [-74.0187001, 40.6370414], [-74.0185708, 40.6371677], [-74.0185204, 40.6372169], [-74.0179312, 40.637781], [-74.0173511, 40.6383411], [-74.0167684, 40.638899], [-74.0161671, 40.6394824], [-74.0155627, 40.6400666], [-74.0149796, 40.6406255], [-74.0127754, 40.6392956]]]]}}, {"type": "Feature", "properties": {"felt:feature": 56, "ed_label": "AD 51 ED 039", "elect_dist": "51039", "borough": "Brooklyn", "community_board": 10, "community_board_label": "Brooklyn CB10", "popup_title": "Brooklyn CB10 \u2014 AD 51 ED 039", "general_mayor": "ZOHRAN KWAME MAMDANI beat ANDREW M. CUOMO, 2.6 to 0.9, 62.8% to 21.2%; total votes 4.1.", "general_mayor_winner": "Mamdani", "general_public_advocate": "JUMAANE D. WILLIAMS beat GONZALO DURAN, 2.7 to 1.1, 70.1% to 29.0%; total votes 3.9.", "general_public_advocate_winner": "Williams", "general_comptroller": "MARK D. LEVINE beat PETER KEFALAS, 2.4 to 0.9, 67.0% to 26.0%; total votes 3.6.", "general_comptroller_winner": "Levine", "question_1": "Disapprove beat Approve, 2.3 to 1, 70.7% to 29.3%; total votes 3.3.", "question_1_winner": "No-disapprove!", "question_2": "Approve beat Disapprove, 2.2 to 1.2, 65.6% to 34.4%; total votes 3.3.", "question_2_winner": "Yes-approve!", "question_3": "Approve beat Disapprove, 1.9 to 1.3, 60.0% to 40.0%; total votes 3.2.", "question_3_winner": "Yes-approve!", "question_4": "Approve beat Disapprove, 2.1 to 1.2, 63.7% to 36.3%; total votes 3.3.", "question_4_winner": "Yes-approve!", "question_5": "Approve beat Disapprove, 2.2 to 1, 69.7% to 30.3%; total votes 3.2.", "question_5_winner": "Yes-approve!", "question_6": "Disapprove beat Approve, 2.1 to 1.1, 65.6% to 34.4%; total votes 3.2.", "question_6_winner": "No-disapprove!", "dem_primary_mayor": "Zohran Kwame Mamdani beat Andrew M. Cuomo, 1.2 to 0.5, 65.3% to 26.5%; total votes 1.8.", "dem_primary_mayor_winner": "Mamdani", "dem_primary_public_advocate": "Jumaane D. Williams beat Jenifer Rajkumar, 1 to 0.3, 70.7% to 17.1%; total votes 1.5.", "dem_primary_public_advocate_winner": "Williams", "dem_primary_comptroller": "Justin Brannan beat Mark D. Levine, 0.8 to 0.4, 50.0% to 26.2%; total votes 1.5.", "dem_primary_comptroller_winner": "Brannan", "popup_summary": "Mayor: ZOHRAN KWAME MAMDANI beat ANDREW M. CUOMO, 2.6 to 0.9, 62.8% to 21.2%; total votes 4.1. | Public Advocate: JUMAANE D. WILLIAMS beat GONZALO DURAN, 2.7 to 1.1, 70.1% to 29.0%; total votes 3.9. | City Comptroller: MARK D. LEVINE beat PETER KEFALAS, 2.4 to 0.9, 67.0% to 26.0%; total votes 3.6. | Question 1: Disapprove beat Approve, 2.3 to 1, 70.7% to 29.3%; total votes 3.3. | Question 2: Approve beat Disapprove, 2.2 to 1.2, 65.6% to 34.4%; total votes 3.3. | Question 3: Approve beat Disapprove, 1.9 to 1.3, 60.0% to 40.0%; total votes 3.2. | Question 4: Approve beat Disapprove, 2.1 to 1.2, 63.7% to 36.3%; total votes 3.3. | Question 5: Approve beat Disapprove, 2.2 to 1, 69.7% to 30.3%; total votes 3.2. | Question 6: Disapprove beat Approve, 2.1 to 1.1, 65.6% to 34.4%; total votes 3.2. | Dem Primary Mayor: Zohran Kwame Mamdani beat Andrew M. Cuomo, 1.2 to 0.5, 65.3% to 26.5%; total votes 1.8. | Dem Primary Public Advocate: Jumaane D. Williams beat Jenifer Rajkumar, 1 to 0.3, 70.7% to 17.1%; total votes 1.5. | Dem Primary Comptroller: Justin Brannan beat Mark D. Levine, 0.8 to 0.4, 50.0% to 26.2%; total votes 1.5.", "mayor_margin": 41.6, "q2_yes": 65.6, "q3_yes": 60.0, "q4_yes": 63.7}, "geometry": {"type": "MultiPolygon", "coordinates": [[[[-74.0230201, 40.6510064], [-74.0229424, 40.6509435], [-74.0202944, 40.6493027], [-74.0180917, 40.6479729], [-74.0186733, 40.6474127], [-74.0192553, 40.6468528], [-74.0198361, 40.6462925], [-74.0204178, 40.6457332], [-74.0210027, 40.6451733], [-74.021598, 40.6445981], [-74.0221654, 40.6440512], [-74.0227695, 40.6434685], [-74.0233706, 40.6428884], [-74.0212305, 40.6415884], [-74.0211146, 40.6415136], [-74.0210658, 40.6414816], [-74.0210436, 40.6414677], [-74.0210148, 40.6414511], [-74.0210482, 40.6414254], [-74.0210942, 40.6413885], [-74.0211542, 40.641338], [-74.0213452, 40.6411822], [-74.0215504, 40.6410373], [-74.0216331, 40.640979], [-74.0217394, 40.6409227], [-74.0218063, 40.6408841], [-74.0221864, 40.6406649], [-74.0222493, 40.6406235], [-74.0224307, 40.6405242], [-74.0225902, 40.6404391], [-74.0228385, 40.6403263], [-74.0230968, 40.6402267], [-74.0232502, 40.6401772], [-74.023363, 40.6401408], [-74.0233801, 40.6401362], [-74.023657, 40.6400624], [-74.0239583, 40.6399999], [-74.0242645, 40.6399536], [-74.0245735, 40.6399239], [-74.0248459, 40.6399122], [-74.0251193, 40.6399137], [-74.0252125, 40.6399188], [-74.025392, 40.6399287], [-74.0256623, 40.6399568], [-74.0257234, 40.6399941], [-74.0257861, 40.6400403], [-74.0260135, 40.6400775], [-74.026237, 40.6401265], [-74.026606, 40.6402361], [-74.0267264, 40.6402719], [-74.0270038, 40.6404621], [-74.0283478, 40.6413838], [-74.0290554, 40.6417253], [-74.029831, 40.6423194], [-74.0322971, 40.6435813], [-74.0322352, 40.6436434], [-74.0324697, 40.6437861], [-74.0325417, 40.6438255], [-74.0323108, 40.6440392], [-74.0322687, 40.6440744], [-74.0322069, 40.6440299], [-74.0319786, 40.6438934], [-74.0318971, 40.6438893], [-74.0315976, 40.6442022], [-74.0305183, 40.6452744], [-74.0290809, 40.6444036], [-74.0289976, 40.644472], [-74.0289696, 40.6444975], [-74.0285012, 40.6441776], [-74.0284572, 40.6441561], [-74.0282057, 40.644016], [-74.027753, 40.6445063], [-74.0270343, 40.6451978], [-74.0260495, 40.6462614], [-74.0295471, 40.6483693], [-74.0297408, 40.648486], [-74.0293899, 40.6488041], [-74.0291918, 40.648686], [-74.0257176, 40.6466155], [-74.0253815, 40.6469123], [-74.0250711, 40.6467256], [-74.0248396, 40.6469444], [-74.024674, 40.6470945], [-74.0246149, 40.6471511], [-74.024355, 40.6473993], [-74.0241457, 40.6476151], [-74.0251291, 40.6483232], [-74.0249679, 40.648606], [-74.0255386, 40.6497822], [-74.0248444, 40.6505996], [-74.0247716, 40.6506877], [-74.0245233, 40.6509376], [-74.024488, 40.6509184], [-74.0244608, 40.6509446], [-74.0242892, 40.6511121], [-74.0242717, 40.6511025], [-74.0242402, 40.6511335], [-74.0241775, 40.6511918], [-74.0238235, 40.6513538], [-74.0236544, 40.6512562], [-74.023594, 40.6513157], [-74.0230599, 40.6509743], [-74.0230246, 40.6510027], [-74.0230201, 40.6510064]]]]}}, {"type": "Feature", "properties": {"felt:feature": 57, "ed_label": "AD 51 ED 043", "elect_dist": "51043", "borough": "Brooklyn", "community_board": 10, "community_board_label": "Brooklyn CB10", "popup_title": "Brooklyn CB10 \u2014 AD 51 ED 043", "general_mayor": "ZOHRAN KWAME MAMDANI beat ANDREW M. CUOMO, 306 to 230, 49.6% to 37.3%; total votes 617.", "general_mayor_winner": "Mamdani", "general_public_advocate": "JUMAANE D. WILLIAMS beat GONZALO DURAN, 360 to 209, 60.9% to 35.4%; total votes 591.", "general_public_advocate_winner": "Williams", "general_comptroller": "MARK D. LEVINE beat PETER KEFALAS, 363 to 197, 63.2% to 34.3%; total votes 574.", "general_comptroller_winner": "Levine", "question_1": "Disapprove beat Approve, 299 to 238, 55.7% to 44.3%; total votes 537.", "question_1_winner": "No-disapprove!", "question_2": "Disapprove beat Approve, 274 to 272, 50.2% to 49.8%; total votes 546.", "question_2_winner": "No-disapprove!", "question_3": "Disapprove beat Approve, 285 to 255, 52.8% to 47.2%; total votes 540.", "question_3_winner": "No-disapprove!", "question_4": "Disapprove beat Approve, 273 to 266, 50.6% to 49.4%; total votes 539.", "question_4_winner": "No-disapprove!", "question_5": "Approve beat Disapprove, 366 to 173, 67.9% to 32.1%; total votes 539.", "question_5_winner": "Yes-approve!", "question_6": "Disapprove beat Approve, 326 to 220, 59.7% to 40.3%; total votes 546.", "question_6_winner": "No-disapprove!", "dem_primary_mayor": "Zohran Kwame Mamdani beat Brad Lander, 137 to 62, 47.6% to 21.5%; total votes 288.", "dem_primary_mayor_winner": "Mamdani", "dem_primary_public_advocate": "Jumaane D. Williams beat Jenifer Rajkumar, 185 to 43, 69.8% to 16.2%; total votes 265.", "dem_primary_public_advocate_winner": "Williams", "dem_primary_comptroller": "Justin Brannan beat Mark D. Levine, 221 to 35, 79.8% to 12.6%; total votes 277.", "dem_primary_comptroller_winner": "Brannan", "popup_summary": "Mayor: ZOHRAN KWAME MAMDANI beat ANDREW M. CUOMO, 306 to 230, 49.6% to 37.3%; total votes 617. | Public Advocate: JUMAANE D. WILLIAMS beat GONZALO DURAN, 360 to 209, 60.9% to 35.4%; total votes 591. | City Comptroller: MARK D. LEVINE beat PETER KEFALAS, 363 to 197, 63.2% to 34.3%; total votes 574. | Question 1: Disapprove beat Approve, 299 to 238, 55.7% to 44.3%; total votes 537. | Question 2: Disapprove beat Approve, 274 to 272, 50.2% to 49.8%; total votes 546. | Question 3: Disapprove beat Approve, 285 to 255, 52.8% to 47.2%; total votes 540. | Question 4: Disapprove beat Approve, 273 to 266, 50.6% to 49.4%; total votes 539. | Question 5: Approve beat Disapprove, 366 to 173, 67.9% to 32.1%; total votes 539. | Question 6: Disapprove beat Approve, 326 to 220, 59.7% to 40.3%; total votes 546. | Dem Primary Mayor: Zohran Kwame Mamdani beat Brad Lander, 137 to 62, 47.6% to 21.5%; total votes 288. | Dem Primary Public Advocate: Jumaane D. Williams beat Jenifer Rajkumar, 185 to 43, 69.8% to 16.2%; total votes 265. | Dem Primary Comptroller: Justin Brannan beat Mark D. Levine, 221 to 35, 79.8% to 12.6%; total votes 277.", "mayor_margin": 12.3, "q2_yes": 50.2, "q3_yes": 52.8, "q4_yes": 50.6}, "geometry": {"type": "MultiPolygon", "coordinates": [[[[-74.026237, 40.6401265], [-74.0262627, 40.6400944], [-74.0262861, 40.6400745], [-74.0263501, 40.6400185], [-74.0264644, 40.6399183], [-74.0265998, 40.6397866], [-74.0266425, 40.6397474], [-74.0267827, 40.6396121], [-74.0268613, 40.6395363], [-74.0269524, 40.6394461], [-74.0276239, 40.638805], [-74.0278017, 40.6386255], [-74.0280041, 40.6381442], [-74.0267371, 40.6376568], [-74.0258278, 40.637307], [-74.0254719, 40.6371401], [-74.0256662, 40.6366678], [-74.0269778, 40.6370661], [-74.0273529, 40.6371799], [-74.0277484, 40.6373027], [-74.0282796, 40.6374676], [-74.0292057, 40.6377547], [-74.0299508, 40.6379856], [-74.0301655, 40.6380521], [-74.030376, 40.6381179], [-74.0305195, 40.6381627], [-74.0308909, 40.6382788], [-74.0306063, 40.6389633], [-74.0304726, 40.6392853], [-74.0303223, 40.6396472], [-74.0297132, 40.6402383], [-74.0293937, 40.6405483], [-74.0291602, 40.6407749], [-74.0288523, 40.6408024], [-74.0289007, 40.6410081], [-74.0289011, 40.6411466], [-74.0289083, 40.6411734], [-74.0288967, 40.641214], [-74.0290554, 40.6417253], [-74.0283478, 40.6413838], [-74.0270038, 40.6404621], [-74.0267264, 40.6402719], [-74.026606, 40.6402361], [-74.026237, 40.6401265]]]]}}, {"type": "Feature", "properties": {"felt:feature": 58, "ed_label": "AD 61 ED 113", "elect_dist": "61113", "borough": "Brooklyn", "community_board": 10, "community_board_label": "Brooklyn CB10", "popup_title": "Brooklyn CB10 \u2014 AD 61 ED 113", "general_mayor": "ANDREW M. CUOMO beat CURTIS A. SLIWA, 0 to 0, 0.0% to 0.0%; total votes 0.", "general_mayor_winner": "Cuomo", "general_public_advocate": "GONZALO DURAN beat JUMAANE D. WILLIAMS, 0 to 0, 0.0% to 0.0%; total votes 0.", "general_public_advocate_winner": "Duran", "general_comptroller": "ISMAEL MALAVE PEREZ beat MARK D. LEVINE, 0 to 0, 0.0% to 0.0%; total votes 0.", "general_comptroller_winner": "Perez", "question_1": "Disapprove beat Approve, 0 to 0, 0.0% to 0.0%; total votes 0.", "question_1_winner": "No-disapprove!", "question_2": "Disapprove beat Approve, 0 to 0, 0.0% to 0.0%; total votes 0.", "question_2_winner": "No-disapprove!", "question_3": "Disapprove beat Approve, 0 to 0, 0.0% to 0.0%; total votes 0.", "question_3_winner": "No-disapprove!", "question_4": "Disapprove beat Approve, 0 to 0, 0.0% to 0.0%; total votes 0.", "question_4_winner": "No-disapprove!", "question_5": "Disapprove beat Approve, 0 to 0, 0.0% to 0.0%; total votes 0.", "question_5_winner": "No-disapprove!", "question_6": "Disapprove beat Approve, 0 to 0, 0.0% to 0.0%; total votes 0.", "question_6_winner": "No-disapprove!", "dem_primary_mayor": "No results found", "dem_primary_mayor_winner": "No winner found", "dem_primary_public_advocate": "No results found", "dem_primary_public_advocate_winner": "No winner found", "dem_primary_comptroller": "No results found", "dem_primary_comptroller_winner": "No winner found", "popup_summary": "Mayor: ANDREW M. CUOMO beat CURTIS A. SLIWA, 0 to 0, 0.0% to 0.0%; total votes 0. | Public Advocate: GONZALO DURAN beat JUMAANE D. WILLIAMS, 0 to 0, 0.0% to 0.0%; total votes 0. | City Comptroller: ISMAEL MALAVE PEREZ beat MARK D. LEVINE, 0 to 0, 0.0% to 0.0%; total votes 0. | Question 1: Disapprove beat Approve, 0 to 0, 0.0% to 0.0%; total votes 0. | Question 2: Disapprove beat Approve, 0 to 0, 0.0% to 0.0%; total votes 0. | Question 3: Disapprove beat Approve, 0 to 0, 0.0% to 0.0%; total votes 0. | Question 4: Disapprove beat Approve, 0 to 0, 0.0% to 0.0%; total votes 0. | Question 5: Disapprove beat Approve, 0 to 0, 0.0% to 0.0%; total votes 0. | Question 6: Disapprove beat Approve, 0 to 0, 0.0% to 0.0%; total votes 0.", "mayor_margin": 0.0, "q2_yes": 0.0, "q3_yes": 0.0, "q4_yes": 0.0}, "geometry": {"type": "MultiPolygon", "coordinates": [[[[-74.0367248, 40.6391412], [-74.0368066, 40.6389842], [-74.038763, 40.6395883], [-74.038688, 40.6397383], [-74.0367248, 40.6391412]]]]}}, {"type": "Feature", "properties": {"felt:feature": 59, "ed_label": "AD 64 ED 075", "elect_dist": "64075", "borough": "Brooklyn", "community_board": 10, "community_board_label": "Brooklyn CB10", "popup_title": "Brooklyn CB10 \u2014 AD 64 ED 075", "general_mayor": "ZOHRAN KWAME MAMDANI beat ANDREW M. CUOMO, 368 to 343, 44.7% to 41.6%; total votes 824.", "general_mayor_winner": "Mamdani", "general_public_advocate": "JUMAANE D. WILLIAMS beat GONZALO DURAN, 478 to 262, 62.2% to 34.1%; total votes 768.", "general_public_advocate_winner": "Williams", "general_comptroller": "MARK D. LEVINE beat PETER KEFALAS, 477 to 270, 62.5% to 35.4%; total votes 763.", "general_comptroller_winner": "Levine", "question_1": "Disapprove beat Approve, 395 to 313, 55.8% to 44.2%; total votes 708.", "question_1_winner": "No-disapprove!", "question_2": "Disapprove beat Approve, 385 to 341, 53.0% to 47.0%; total votes 726.", "question_2_winner": "No-disapprove!", "question_3": "Disapprove beat Approve, 369 to 350, 51.3% to 48.7%; total votes 719.", "question_3_winner": "No-disapprove!", "question_4": "Disapprove beat Approve, 361 to 361, 50.0% to 50.0%; total votes 722.", "question_4_winner": "No-disapprove!", "question_5": "Approve beat Disapprove, 535 to 191, 73.7% to 26.3%; total votes 726.", "question_5_winner": "Yes-approve!", "question_6": "Disapprove beat Approve, 397 to 323, 55.1% to 44.9%; total votes 720.", "question_6_winner": "No-disapprove!", "dem_primary_mayor": "Zohran Kwame Mamdani beat Andrew M. Cuomo, 183 to 74, 54.5% to 22.0%; total votes 336.", "dem_primary_mayor_winner": "Mamdani", "dem_primary_public_advocate": "Jumaane D. Williams beat Jenifer Rajkumar, 204 to 66, 66.2% to 21.4%; total votes 308.", "dem_primary_public_advocate_winner": "Williams", "dem_primary_comptroller": "Justin Brannan beat Mark D. Levine, 253 to 48, 77.6% to 14.7%; total votes 326.", "dem_primary_comptroller_winner": "Brannan", "popup_summary": "Mayor: ZOHRAN KWAME MAMDANI beat ANDREW M. CUOMO, 368 to 343, 44.7% to 41.6%; total votes 824. | Public Advocate: JUMAANE D. WILLIAMS beat GONZALO DURAN, 478 to 262, 62.2% to 34.1%; total votes 768. | City Comptroller: MARK D. LEVINE beat PETER KEFALAS, 477 to 270, 62.5% to 35.4%; total votes 763. | Question 1: Disapprove beat Approve, 395 to 313, 55.8% to 44.2%; total votes 708. | Question 2: Disapprove beat Approve, 385 to 341, 53.0% to 47.0%; total votes 726. | Question 3: Disapprove beat Approve, 369 to 350, 51.3% to 48.7%; total votes 719. | Question 4: Disapprove beat Approve, 361 to 361, 50.0% to 50.0%; total votes 722. | Question 5: Approve beat Disapprove, 535 to 191, 73.7% to 26.3%; total votes 726. | Question 6: Disapprove beat Approve, 397 to 323, 55.1% to 44.9%; total votes 720. | Dem Primary Mayor: Zohran Kwame Mamdani beat Andrew M. Cuomo, 183 to 74, 54.5% to 22.0%; total votes 336. | Dem Primary Public Advocate: Jumaane D. Williams beat Jenifer Rajkumar, 204 to 66, 66.2% to 21.4%; total votes 308. | Dem Primary Comptroller: Justin Brannan beat Mark D. Levine, 253 to 48, 77.6% to 14.7%; total votes 326.", "mayor_margin": 3.1, "q2_yes": 53.0, "q3_yes": 51.3, "q4_yes": 50.0}, "geometry": {"type": "MultiPolygon", "coordinates": [[[[-74.0308909, 40.6382788], [-74.0305195, 40.6381627], [-74.030376, 40.6381179], [-74.0301655, 40.6380521], [-74.0299508, 40.6379856], [-74.0292057, 40.6377547], [-74.0282796, 40.6374676], [-74.0286578, 40.636546], [-74.028783, 40.6362393], [-74.0289422, 40.6358668], [-74.0294292, 40.6360165], [-74.0298264, 40.6361386], [-74.0302437, 40.6362644], [-74.030666, 40.6363917], [-74.0310719, 40.6365211], [-74.0315476, 40.6366726], [-74.0318665, 40.6367713], [-74.0321457, 40.6368578], [-74.0324297, 40.6369461], [-74.0341574, 40.6374833], [-74.0346079, 40.6376226], [-74.0348729, 40.6377045], [-74.0355611, 40.6379173], [-74.0361082, 40.638086], [-74.0360979, 40.6382722], [-74.0360692, 40.6384579], [-74.0360224, 40.6386414], [-74.0359578, 40.6388211], [-74.0355883, 40.6397631], [-74.0343821, 40.6393551], [-74.0335016, 40.6390886], [-74.0319632, 40.6386119], [-74.0316091, 40.6385022], [-74.0312528, 40.6383914], [-74.0308909, 40.6382788]]]]}}, {"type": "Feature", "properties": {"felt:feature": 60, "ed_label": "AD 64 ED 076", "elect_dist": "64076", "borough": "Brooklyn", "community_board": 10, "community_board_label": "Brooklyn CB10", "popup_title": "Brooklyn CB10 \u2014 AD 64 ED 076", "general_mayor": "ZOHRAN KWAME MAMDANI beat ANDREW M. CUOMO, 183 to 63, 69.3% to 23.9%; total votes 264.", "general_mayor_winner": "Mamdani", "general_public_advocate": "JUMAANE D. WILLIAMS beat GONZALO DURAN, 194 to 50, 78.5% to 20.2%; total votes 247.", "general_public_advocate_winner": "Williams", "general_comptroller": "MARK D. LEVINE beat PETER KEFALAS, 164 to 51, 71.9% to 22.4%; total votes 228.", "general_comptroller_winner": "Levine", "question_1": "Disapprove beat Approve, 113 to 106, 51.6% to 48.4%; total votes 219.", "question_1_winner": "No-disapprove!", "question_2": "Disapprove beat Approve, 117 to 103, 53.2% to 46.8%; total votes 220.", "question_2_winner": "No-disapprove!", "question_3": "Disapprove beat Approve, 121 to 96, 55.8% to 44.2%; total votes 217.", "question_3_winner": "No-disapprove!", "question_4": "Approve beat Disapprove, 110 to 105, 51.2% to 48.8%; total votes 215.", "question_4_winner": "Yes-approve!", "question_5": "Approve beat Disapprove, 164 to 47, 77.7% to 22.3%; total votes 211.", "question_5_winner": "Yes-approve!", "question_6": "Disapprove beat Approve, 114 to 95, 54.5% to 45.5%; total votes 209.", "question_6_winner": "No-disapprove!", "dem_primary_mayor": "Zohran Kwame Mamdani beat Andrew M. Cuomo, 86 to 10, 81.9% to 9.5%; total votes 105.", "dem_primary_mayor_winner": "Mamdani", "dem_primary_public_advocate": "Jumaane D. Williams beat Jenifer Rajkumar, 74 to 11, 83.1% to 12.4%; total votes 89.", "dem_primary_public_advocate_winner": "Williams", "dem_primary_comptroller": "Justin Brannan beat Ismael Malave Perez, 77 to 10, 81.9% to 10.6%; total votes 94.", "dem_primary_comptroller_winner": "Brannan", "popup_summary": "Mayor: ZOHRAN KWAME MAMDANI beat ANDREW M. CUOMO, 183 to 63, 69.3% to 23.9%; total votes 264. | Public Advocate: JUMAANE D. WILLIAMS beat GONZALO DURAN, 194 to 50, 78.5% to 20.2%; total votes 247. | City Comptroller: MARK D. LEVINE beat PETER KEFALAS, 164 to 51, 71.9% to 22.4%; total votes 228. | Question 1: Disapprove beat Approve, 113 to 106, 51.6% to 48.4%; total votes 219. | Question 2: Disapprove beat Approve, 117 to 103, 53.2% to 46.8%; total votes 220. | Question 3: Disapprove beat Approve, 121 to 96, 55.8% to 44.2%; total votes 217. | Question 4: Approve beat Disapprove, 110 to 105, 51.2% to 48.8%; total votes 215. | Question 5: Approve beat Disapprove, 164 to 47, 77.7% to 22.3%; total votes 211. | Question 6: Disapprove beat Approve, 114 to 95, 54.5% to 45.5%; total votes 209. | Dem Primary Mayor: Zohran Kwame Mamdani beat Andrew M. Cuomo, 86 to 10, 81.9% to 9.5%; total votes 105. | Dem Primary Public Advocate: Jumaane D. Williams beat Jenifer Rajkumar, 74 to 11, 83.1% to 12.4%; total votes 89. | Dem Primary Comptroller: Justin Brannan beat Ismael Malave Perez, 77 to 10, 81.9% to 10.6%; total votes 94.", "mayor_margin": 45.4, "q2_yes": 53.2, "q3_yes": 55.8, "q4_yes": 51.2}, "geometry": {"type": "MultiPolygon", "coordinates": [[[[-74.0256662, 40.6366678], [-74.0257455, 40.6364653], [-74.0232353, 40.6353188], [-74.0235187, 40.6346158], [-74.0260396, 40.6357412], [-74.0278879, 40.6363087], [-74.0286578, 40.636546], [-74.0282796, 40.6374676], [-74.0277484, 40.6373027], [-74.0273529, 40.6371799], [-74.0269778, 40.6370661], [-74.0256662, 40.6366678]]]]}}, {"type": "Feature", "properties": {"felt:feature": 61, "ed_label": "AD 64 ED 077", "elect_dist": "64077", "borough": "Brooklyn", "community_board": 10, "community_board_label": "Brooklyn CB10", "popup_title": "Brooklyn CB10 \u2014 AD 64 ED 077", "general_mayor": "ZOHRAN KWAME MAMDANI beat ANDREW M. CUOMO, 462 to 220, 61.6% to 29.3%; total votes 750.", "general_mayor_winner": "Mamdani", "general_public_advocate": "JUMAANE D. WILLIAMS beat GONZALO DURAN, 522 to 144, 76.2% to 21.0%; total votes 685.", "general_public_advocate_winner": "Williams", "general_comptroller": "MARK D. LEVINE beat PETER KEFALAS, 499 to 140, 74.6% to 20.9%; total votes 669.", "general_comptroller_winner": "Levine", "question_1": "Disapprove beat Approve, 366 to 260, 58.5% to 41.5%; total votes 626.", "question_1_winner": "No-disapprove!", "question_2": "Approve beat Disapprove, 377 to 253, 59.8% to 40.2%; total votes 630.", "question_2_winner": "Yes-approve!", "question_3": "Approve beat Disapprove, 345 to 278, 55.4% to 44.6%; total votes 623.", "question_3_winner": "Yes-approve!", "question_4": "Approve beat Disapprove, 368 to 251, 59.5% to 40.5%; total votes 619.", "question_4_winner": "Yes-approve!", "question_5": "Approve beat Disapprove, 475 to 141, 77.1% to 22.9%; total votes 616.", "question_5_winner": "Yes-approve!", "question_6": "Disapprove beat Approve, 350 to 264, 57.0% to 43.0%; total votes 614.", "question_6_winner": "No-disapprove!", "dem_primary_mayor": "Zohran Kwame Mamdani beat Andrew M. Cuomo, 198 to 69, 59.8% to 20.8%; total votes 331.", "dem_primary_mayor_winner": "Mamdani", "dem_primary_public_advocate": "Jumaane D. Williams beat Jenifer Rajkumar, 215 to 56, 71.4% to 18.6%; total votes 301.", "dem_primary_public_advocate_winner": "Williams", "dem_primary_comptroller": "Justin Brannan beat Mark D. Levine, 243 to 45, 77.4% to 14.3%; total votes 314.", "dem_primary_comptroller_winner": "Brannan", "popup_summary": "Mayor: ZOHRAN KWAME MAMDANI beat ANDREW M. CUOMO, 462 to 220, 61.6% to 29.3%; total votes 750. | Public Advocate: JUMAANE D. WILLIAMS beat GONZALO DURAN, 522 to 144, 76.2% to 21.0%; total votes 685. | City Comptroller: MARK D. LEVINE beat PETER KEFALAS, 499 to 140, 74.6% to 20.9%; total votes 669. | Question 1: Disapprove beat Approve, 366 to 260, 58.5% to 41.5%; total votes 626. | Question 2: Approve beat Disapprove, 377 to 253, 59.8% to 40.2%; total votes 630. | Question 3: Approve beat Disapprove, 345 to 278, 55.4% to 44.6%; total votes 623. | Question 4: Approve beat Disapprove, 368 to 251, 59.5% to 40.5%; total votes 619. | Question 5: Approve beat Disapprove, 475 to 141, 77.1% to 22.9%; total votes 616. | Question 6: Disapprove beat Approve, 350 to 264, 57.0% to 43.0%; total votes 614. | Dem Primary Mayor: Zohran Kwame Mamdani beat Andrew M. Cuomo, 198 to 69, 59.8% to 20.8%; total votes 331. | Dem Primary Public Advocate: Jumaane D. Williams beat Jenifer Rajkumar, 215 to 56, 71.4% to 18.6%; total votes 301. | Dem Primary Comptroller: Justin Brannan beat Mark D. Levine, 243 to 45, 77.4% to 14.3%; total votes 314.", "mayor_margin": 32.3, "q2_yes": 59.8, "q3_yes": 55.4, "q4_yes": 59.5}, "geometry": {"type": "MultiPolygon", "coordinates": [[[[-74.0235187, 40.6346158], [-74.0230451, 40.634399], [-74.0210122, 40.6334684], [-74.0211532, 40.6331221], [-74.0213746, 40.6325786], [-74.0217371, 40.6316879], [-74.0242377, 40.6328589], [-74.0251777, 40.6330965], [-74.026039, 40.6333024], [-74.0269508, 40.6335159], [-74.0266796, 40.6341973], [-74.0263795, 40.6348658], [-74.0260396, 40.6357412], [-74.0235187, 40.6346158]]]]}}, {"type": "Feature", "properties": {"felt:feature": 62, "ed_label": "AD 64 ED 078", "elect_dist": "64078", "borough": "Brooklyn", "community_board": 10, "community_board_label": "Brooklyn CB10", "popup_title": "Brooklyn CB10 \u2014 AD 64 ED 078", "general_mayor": "ZOHRAN KWAME MAMDANI beat ANDREW M. CUOMO, 302 to 183, 55.4% to 33.6%; total votes 545.", "general_mayor_winner": "Mamdani", "general_public_advocate": "JUMAANE D. WILLIAMS beat GONZALO DURAN, 323 to 142, 68.4% to 30.1%; total votes 472.", "general_public_advocate_winner": "Williams", "general_comptroller": "MARK D. LEVINE beat PETER KEFALAS, 335 to 129, 70.8% to 27.3%; total votes 473.", "general_comptroller_winner": "Levine", "question_1": "Disapprove beat Approve, 243 to 188, 56.4% to 43.6%; total votes 431.", "question_1_winner": "No-disapprove!", "question_2": "Approve beat Disapprove, 237 to 203, 53.9% to 46.1%; total votes 440.", "question_2_winner": "Yes-approve!", "question_3": "Approve beat Disapprove, 218 to 215, 50.3% to 49.7%; total votes 433.", "question_3_winner": "Yes-approve!", "question_4": "Approve beat Disapprove, 241 to 186, 56.4% to 43.6%; total votes 427.", "question_4_winner": "Yes-approve!", "question_5": "Approve beat Disapprove, 292 to 129, 69.4% to 30.6%; total votes 421.", "question_5_winner": "Yes-approve!", "question_6": "Disapprove beat Approve, 262 to 161, 61.9% to 38.1%; total votes 423.", "question_6_winner": "No-disapprove!", "dem_primary_mayor": "Zohran Kwame Mamdani beat Andrew M. Cuomo, 134 to 49, 62.0% to 22.7%; total votes 216.", "dem_primary_mayor_winner": "Mamdani", "dem_primary_public_advocate": "Jumaane D. Williams beat Jenifer Rajkumar, 147 to 33, 75.8% to 17.0%; total votes 194.", "dem_primary_public_advocate_winner": "Williams", "dem_primary_comptroller": "Justin Brannan beat Mark D. Levine, 160 to 33, 78.0% to 16.1%; total votes 205.", "dem_primary_comptroller_winner": "Brannan", "popup_summary": "Mayor: ZOHRAN KWAME MAMDANI beat ANDREW M. CUOMO, 302 to 183, 55.4% to 33.6%; total votes 545. | Public Advocate: JUMAANE D. WILLIAMS beat GONZALO DURAN, 323 to 142, 68.4% to 30.1%; total votes 472. | City Comptroller: MARK D. LEVINE beat PETER KEFALAS, 335 to 129, 70.8% to 27.3%; total votes 473. | Question 1: Disapprove beat Approve, 243 to 188, 56.4% to 43.6%; total votes 431. | Question 2: Approve beat Disapprove, 237 to 203, 53.9% to 46.1%; total votes 440. | Question 3: Approve beat Disapprove, 218 to 215, 50.3% to 49.7%; total votes 433. | Question 4: Approve beat Disapprove, 241 to 186, 56.4% to 43.6%; total votes 427. | Question 5: Approve beat Disapprove, 292 to 129, 69.4% to 30.6%; total votes 421. | Question 6: Disapprove beat Approve, 262 to 161, 61.9% to 38.1%; total votes 423. | Dem Primary Mayor: Zohran Kwame Mamdani beat Andrew M. Cuomo, 134 to 49, 62.0% to 22.7%; total votes 216. | Dem Primary Public Advocate: Jumaane D. Williams beat Jenifer Rajkumar, 147 to 33, 75.8% to 17.0%; total votes 194. | Dem Primary Comptroller: Justin Brannan beat Mark D. Levine, 160 to 33, 78.0% to 16.1%; total votes 205.", "mayor_margin": 21.8, "q2_yes": 53.9, "q3_yes": 50.3, "q4_yes": 56.4}, "geometry": {"type": "MultiPolygon", "coordinates": [[[[-74.016971, 40.631618], [-74.0173366, 40.6307293], [-74.0175594, 40.6301316], [-74.0178024, 40.6293668], [-74.0178198, 40.6293162], [-74.0180593, 40.6286196], [-74.0191551, 40.6292759], [-74.0196604, 40.6295769], [-74.0195501, 40.6298551], [-74.0193581, 40.6303105], [-74.0192589, 40.6305596], [-74.0195989, 40.6307143], [-74.0197375, 40.6307774], [-74.0217371, 40.6316879], [-74.0213746, 40.6325786], [-74.0211532, 40.6331221], [-74.0210122, 40.6334684], [-74.0197359, 40.6328849], [-74.0185294, 40.6323336], [-74.016971, 40.631618]]]]}}, {"type": "Feature", "properties": {"felt:feature": 63, "ed_label": "AD 64 ED 079", "elect_dist": "64079", "borough": "Brooklyn", "community_board": 10, "community_board_label": "Brooklyn CB10", "popup_title": "Brooklyn CB10 \u2014 AD 64 ED 079", "general_mayor": "ZOHRAN KWAME MAMDANI beat ANDREW M. CUOMO, 314 to 193, 57.7% to 35.5%; total votes 544.", "general_mayor_winner": "Mamdani", "general_public_advocate": "JUMAANE D. WILLIAMS beat GONZALO DURAN, 361 to 125, 71.6% to 24.8%; total votes 504.", "general_public_advocate_winner": "Williams", "general_comptroller": "MARK D. LEVINE beat PETER KEFALAS, 346 to 132, 70.9% to 27.0%; total votes 488.", "general_comptroller_winner": "Levine", "question_1": "Disapprove beat Approve, 286 to 170, 62.7% to 37.3%; total votes 456.", "question_1_winner": "No-disapprove!", "question_2": "Disapprove beat Approve, 235 to 226, 51.0% to 49.0%; total votes 461.", "question_2_winner": "No-disapprove!", "question_3": "Disapprove beat Approve, 248 to 211, 54.0% to 46.0%; total votes 459.", "question_3_winner": "No-disapprove!", "question_4": "Disapprove beat Approve, 238 to 215, 52.5% to 47.5%; total votes 453.", "question_4_winner": "No-disapprove!", "question_5": "Approve beat Disapprove, 321 to 130, 71.2% to 28.8%; total votes 451.", "question_5_winner": "Yes-approve!", "question_6": "Disapprove beat Approve, 264 to 187, 58.5% to 41.5%; total votes 451.", "question_6_winner": "No-disapprove!", "dem_primary_mayor": "Zohran Kwame Mamdani beat Andrew M. Cuomo, 181 to 48, 66.3% to 17.6%; total votes 273.", "dem_primary_mayor_winner": "Mamdani", "dem_primary_public_advocate": "Jumaane D. Williams beat Jenifer Rajkumar, 182 to 38, 74.6% to 15.6%; total votes 244.", "dem_primary_public_advocate_winner": "Williams", "dem_primary_comptroller": "Justin Brannan beat Mark D. Levine, 210 to 35, 80.5% to 13.4%; total votes 261.", "dem_primary_comptroller_winner": "Brannan", "popup_summary": "Mayor: ZOHRAN KWAME MAMDANI beat ANDREW M. CUOMO, 314 to 193, 57.7% to 35.5%; total votes 544. | Public Advocate: JUMAANE D. WILLIAMS beat GONZALO DURAN, 361 to 125, 71.6% to 24.8%; total votes 504. | City Comptroller: MARK D. LEVINE beat PETER KEFALAS, 346 to 132, 70.9% to 27.0%; total votes 488. | Question 1: Disapprove beat Approve, 286 to 170, 62.7% to 37.3%; total votes 456. | Question 2: Disapprove beat Approve, 235 to 226, 51.0% to 49.0%; total votes 461. | Question 3: Disapprove beat Approve, 248 to 211, 54.0% to 46.0%; total votes 459. | Question 4: Disapprove beat Approve, 238 to 215, 52.5% to 47.5%; total votes 453. | Question 5: Approve beat Disapprove, 321 to 130, 71.2% to 28.8%; total votes 451. | Question 6: Disapprove beat Approve, 264 to 187, 58.5% to 41.5%; total votes 451. | Dem Primary Mayor: Zohran Kwame Mamdani beat Andrew M. Cuomo, 181 to 48, 66.3% to 17.6%; total votes 273. | Dem Primary Public Advocate: Jumaane D. Williams beat Jenifer Rajkumar, 182 to 38, 74.6% to 15.6%; total votes 244. | Dem Primary Comptroller: Justin Brannan beat Mark D. Levine, 210 to 35, 80.5% to 13.4%; total votes 261.", "mayor_margin": 22.2, "q2_yes": 51.0, "q3_yes": 54.0, "q4_yes": 52.5}, "geometry": {"type": "MultiPolygon", "coordinates": [[[[-74.0217371, 40.6316879], [-74.0197375, 40.6307774], [-74.0195989, 40.6307143], [-74.0192589, 40.6305596], [-74.0193581, 40.6303105], [-74.0195501, 40.6298551], [-74.0196604, 40.6295769], [-74.0198289, 40.6291682], [-74.0222964, 40.6303231], [-74.0229293, 40.6306231], [-74.0247916, 40.6315057], [-74.0245201, 40.6321674], [-74.0242377, 40.6328589], [-74.0217371, 40.6316879]]]]}}, {"type": "Feature", "properties": {"felt:feature": 64, "ed_label": "AD 64 ED 080", "elect_dist": "64080", "borough": "Brooklyn", "community_board": 10, "community_board_label": "Brooklyn CB10", "popup_title": "Brooklyn CB10 \u2014 AD 64 ED 080", "general_mayor": "ZOHRAN KWAME MAMDANI beat ANDREW M. CUOMO, 424 to 226, 56.1% to 29.9%; total votes 756.", "general_mayor_winner": "Mamdani", "general_public_advocate": "JUMAANE D. WILLIAMS beat GONZALO DURAN, 493 to 191, 70.3% to 27.2%; total votes 701.", "general_public_advocate_winner": "Williams", "general_comptroller": "MARK D. LEVINE beat PETER KEFALAS, 473 to 185, 69.2% to 27.0%; total votes 684.", "general_comptroller_winner": "Levine", "question_1": "Disapprove beat Approve, 380 to 273, 58.2% to 41.8%; total votes 653.", "question_1_winner": "No-disapprove!", "question_2": "Approve beat Disapprove, 344 to 320, 51.8% to 48.2%; total votes 664.", "question_2_winner": "Yes-approve!", "question_3": "Approve beat Disapprove, 349 to 299, 53.9% to 46.1%; total votes 648.", "question_3_winner": "Yes-approve!", "question_4": "Approve beat Disapprove, 354 to 282, 55.7% to 44.3%; total votes 636.", "question_4_winner": "Yes-approve!", "question_5": "Approve beat Disapprove, 473 to 168, 73.8% to 26.2%; total votes 641.", "question_5_winner": "Yes-approve!", "question_6": "Disapprove beat Approve, 356 to 280, 56.0% to 44.0%; total votes 636.", "question_6_winner": "No-disapprove!", "dem_primary_mayor": "Zohran Kwame Mamdani beat Andrew M. Cuomo, 196 to 80, 58.0% to 23.7%; total votes 338.", "dem_primary_mayor_winner": "Mamdani", "dem_primary_public_advocate": "Jumaane D. Williams beat Jenifer Rajkumar, 242 to 43, 77.6% to 13.8%; total votes 312.", "dem_primary_public_advocate_winner": "Williams", "dem_primary_comptroller": "Justin Brannan beat Mark D. Levine, 269 to 35, 82.3% to 10.7%; total votes 327.", "dem_primary_comptroller_winner": "Brannan", "popup_summary": "Mayor: ZOHRAN KWAME MAMDANI beat ANDREW M. CUOMO, 424 to 226, 56.1% to 29.9%; total votes 756. | Public Advocate: JUMAANE D. WILLIAMS beat GONZALO DURAN, 493 to 191, 70.3% to 27.2%; total votes 701. | City Comptroller: MARK D. LEVINE beat PETER KEFALAS, 473 to 185, 69.2% to 27.0%; total votes 684. | Question 1: Disapprove beat Approve, 380 to 273, 58.2% to 41.8%; total votes 653. | Question 2: Approve beat Disapprove, 344 to 320, 51.8% to 48.2%; total votes 664. | Question 3: Approve beat Disapprove, 349 to 299, 53.9% to 46.1%; total votes 648. | Question 4: Approve beat Disapprove, 354 to 282, 55.7% to 44.3%; total votes 636. | Question 5: Approve beat Disapprove, 473 to 168, 73.8% to 26.2%; total votes 641. | Question 6: Disapprove beat Approve, 356 to 280, 56.0% to 44.0%; total votes 636. | Dem Primary Mayor: Zohran Kwame Mamdani beat Andrew M. Cuomo, 196 to 80, 58.0% to 23.7%; total votes 338. | Dem Primary Public Advocate: Jumaane D. Williams beat Jenifer Rajkumar, 242 to 43, 77.6% to 13.8%; total votes 312. | Dem Primary Comptroller: Justin Brannan beat Mark D. Levine, 269 to 35, 82.3% to 10.7%; total votes 327.", "mayor_margin": 26.2, "q2_yes": 51.8, "q3_yes": 53.9, "q4_yes": 55.7}, "geometry": {"type": "MultiPolygon", "coordinates": [[[[-74.0269508, 40.6335159], [-74.026039, 40.6333024], [-74.0251777, 40.6330965], [-74.0242377, 40.6328589], [-74.0245201, 40.6321674], [-74.0247916, 40.6315057], [-74.0275072, 40.6321546], [-74.0301909, 40.6327907], [-74.0299137, 40.6334741], [-74.030419, 40.633594], [-74.0325936, 40.6341097], [-74.0323165, 40.6347912], [-74.0296329, 40.6341529], [-74.0269508, 40.6335159]]]]}}, {"type": "Feature", "properties": {"felt:feature": 65, "ed_label": "AD 64 ED 081", "elect_dist": "64081", "borough": "Brooklyn", "community_board": 10, "community_board_label": "Brooklyn CB10", "popup_title": "Brooklyn CB10 \u2014 AD 64 ED 081", "general_mayor": "ZOHRAN KWAME MAMDANI beat ANDREW M. CUOMO, 528 to 336, 53.6% to 34.1%; total votes 985.", "general_mayor_winner": "Mamdani", "general_public_advocate": "JUMAANE D. WILLIAMS beat GONZALO DURAN, 621 to 267, 67.8% to 29.1%; total votes 916.", "general_public_advocate_winner": "Williams", "general_comptroller": "MARK D. LEVINE beat PETER KEFALAS, 603 to 270, 67.1% to 30.1%; total votes 898.", "general_comptroller_winner": "Levine", "question_1": "Disapprove beat Approve, 494 to 341, 59.2% to 40.8%; total votes 835.", "question_1_winner": "No-disapprove!", "question_2": "Disapprove beat Approve, 422 to 419, 50.2% to 49.8%; total votes 841.", "question_2_winner": "No-disapprove!", "question_3": "Disapprove beat Approve, 435 to 397, 52.3% to 47.7%; total votes 832.", "question_3_winner": "No-disapprove!", "question_4": "Approve beat Disapprove, 418 to 413, 50.3% to 49.7%; total votes 831.", "question_4_winner": "Yes-approve!", "question_5": "Approve beat Disapprove, 589 to 241, 71.0% to 29.0%; total votes 830.", "question_5_winner": "Yes-approve!", "question_6": "Disapprove beat Approve, 482 to 347, 58.1% to 41.9%; total votes 829.", "question_6_winner": "No-disapprove!", "dem_primary_mayor": "Zohran Kwame Mamdani beat Andrew M. Cuomo, 263 to 100, 52.4% to 19.9%; total votes 502.", "dem_primary_mayor_winner": "Mamdani", "dem_primary_public_advocate": "Jumaane D. Williams beat Jenifer Rajkumar, 316 to 74, 68.5% to 16.1%; total votes 461.", "dem_primary_public_advocate_winner": "Williams", "dem_primary_comptroller": "Justin Brannan beat Mark D. Levine, 402 to 51, 82.2% to 10.4%; total votes 489.", "dem_primary_comptroller_winner": "Brannan", "popup_summary": "Mayor: ZOHRAN KWAME MAMDANI beat ANDREW M. CUOMO, 528 to 336, 53.6% to 34.1%; total votes 985. | Public Advocate: JUMAANE D. WILLIAMS beat GONZALO DURAN, 621 to 267, 67.8% to 29.1%; total votes 916. | City Comptroller: MARK D. LEVINE beat PETER KEFALAS, 603 to 270, 67.1% to 30.1%; total votes 898. | Question 1: Disapprove beat Approve, 494 to 341, 59.2% to 40.8%; total votes 835. | Question 2: Disapprove beat Approve, 422 to 419, 50.2% to 49.8%; total votes 841. | Question 3: Disapprove beat Approve, 435 to 397, 52.3% to 47.7%; total votes 832. | Question 4: Approve beat Disapprove, 418 to 413, 50.3% to 49.7%; total votes 831. | Question 5: Approve beat Disapprove, 589 to 241, 71.0% to 29.0%; total votes 830. | Question 6: Disapprove beat Approve, 482 to 347, 58.1% to 41.9%; total votes 829. | Dem Primary Mayor: Zohran Kwame Mamdani beat Andrew M. Cuomo, 263 to 100, 52.4% to 19.9%; total votes 502. | Dem Primary Public Advocate: Jumaane D. Williams beat Jenifer Rajkumar, 316 to 74, 68.5% to 16.1%; total votes 461. | Dem Primary Comptroller: Justin Brannan beat Mark D. Levine, 402 to 51, 82.2% to 10.4%; total votes 489.", "mayor_margin": 19.5, "q2_yes": 50.2, "q3_yes": 52.3, "q4_yes": 50.3}, "geometry": {"type": "MultiPolygon", "coordinates": [[[[-74.0286578, 40.636546], [-74.0278879, 40.6363087], [-74.0260396, 40.6357412], [-74.0263795, 40.6348658], [-74.0266796, 40.6341973], [-74.0269508, 40.6335159], [-74.0296329, 40.6341529], [-74.0323165, 40.6347912], [-74.0320365, 40.6354752], [-74.0318255, 40.6359926], [-74.0322176, 40.6361117], [-74.0325038, 40.6361987], [-74.0328005, 40.6362907], [-74.032839, 40.6363026], [-74.0339561, 40.6366491], [-74.0344416, 40.6367997], [-74.0343497, 40.6370207], [-74.0341574, 40.6374833], [-74.0324297, 40.6369461], [-74.0321457, 40.6368578], [-74.0318665, 40.6367713], [-74.0315476, 40.6366726], [-74.0310719, 40.6365211], [-74.030666, 40.6363917], [-74.0302437, 40.6362644], [-74.0298264, 40.6361386], [-74.0294292, 40.6360165], [-74.0289422, 40.6358668], [-74.028783, 40.6362393], [-74.0286578, 40.636546]]]]}}, {"type": "Feature", "properties": {"felt:feature": 66, "ed_label": "AD 64 ED 082", "elect_dist": "64082", "borough": "Brooklyn", "community_board": 10, "community_board_label": "Brooklyn CB10", "popup_title": "Brooklyn CB10 \u2014 AD 64 ED 082", "general_mayor": "ANDREW M. CUOMO beat ZOHRAN KWAME MAMDANI, 406 to 375, 45.4% to 41.9%; total votes 894.", "general_mayor_winner": "Cuomo", "general_public_advocate": "JUMAANE D. WILLIAMS beat GONZALO DURAN, 470 to 329, 57.0% to 39.9%; total votes 824.", "general_public_advocate_winner": "Williams", "general_comptroller": "MARK D. LEVINE beat PETER KEFALAS, 472 to 336, 58.0% to 41.3%; total votes 814.", "general_comptroller_winner": "Levine", "question_1": "Disapprove beat Approve, 431 to 341, 55.8% to 44.2%; total votes 772.", "question_1_winner": "No-disapprove!", "question_2": "Disapprove beat Approve, 446 to 328, 57.6% to 42.4%; total votes 774.", "question_2_winner": "No-disapprove!", "question_3": "Disapprove beat Approve, 429 to 338, 55.9% to 44.1%; total votes 767.", "question_3_winner": "No-disapprove!", "question_4": "Disapprove beat Approve, 418 to 348, 54.6% to 45.4%; total votes 766.", "question_4_winner": "No-disapprove!", "question_5": "Approve beat Disapprove, 500 to 263, 65.5% to 34.5%; total votes 763.", "question_5_winner": "Yes-approve!", "question_6": "Disapprove beat Approve, 443 to 313, 58.6% to 41.4%; total votes 756.", "question_6_winner": "No-disapprove!", "dem_primary_mayor": "Zohran Kwame Mamdani beat Andrew M. Cuomo, 154 to 108, 42.3% to 29.7%; total votes 364.", "dem_primary_mayor_winner": "Mamdani", "dem_primary_public_advocate": "Jumaane D. Williams beat Jenifer Rajkumar, 207 to 76, 61.1% to 22.4%; total votes 339.", "dem_primary_public_advocate_winner": "Williams", "dem_primary_comptroller": "Justin Brannan beat Mark D. Levine, 296 to 41, 82.9% to 11.5%; total votes 357.", "dem_primary_comptroller_winner": "Brannan", "popup_summary": "Mayor: ANDREW M. CUOMO beat ZOHRAN KWAME MAMDANI, 406 to 375, 45.4% to 41.9%; total votes 894. | Public Advocate: JUMAANE D. WILLIAMS beat GONZALO DURAN, 470 to 329, 57.0% to 39.9%; total votes 824. | City Comptroller: MARK D. LEVINE beat PETER KEFALAS, 472 to 336, 58.0% to 41.3%; total votes 814. | Question 1: Disapprove beat Approve, 431 to 341, 55.8% to 44.2%; total votes 772. | Question 2: Disapprove beat Approve, 446 to 328, 57.6% to 42.4%; total votes 774. | Question 3: Disapprove beat Approve, 429 to 338, 55.9% to 44.1%; total votes 767. | Question 4: Disapprove beat Approve, 418 to 348, 54.6% to 45.4%; total votes 766. | Question 5: Approve beat Disapprove, 500 to 263, 65.5% to 34.5%; total votes 763. | Question 6: Disapprove beat Approve, 443 to 313, 58.6% to 41.4%; total votes 756. | Dem Primary Mayor: Zohran Kwame Mamdani beat Andrew M. Cuomo, 154 to 108, 42.3% to 29.7%; total votes 364. | Dem Primary Public Advocate: Jumaane D. Williams beat Jenifer Rajkumar, 207 to 76, 61.1% to 22.4%; total votes 339. | Dem Primary Comptroller: Justin Brannan beat Mark D. Levine, 296 to 41, 82.9% to 11.5%; total votes 357.", "mayor_margin": 3.5, "q2_yes": 57.6, "q3_yes": 55.9, "q4_yes": 54.6}, "geometry": {"type": "MultiPolygon", "coordinates": [[[[-74.0301909, 40.6327907], [-74.0304731, 40.632099], [-74.0306385, 40.6316965], [-74.030764, 40.6313913], [-74.0310607, 40.630661], [-74.0313599, 40.6299305], [-74.0340416, 40.630565], [-74.0337425, 40.6312966], [-74.0334473, 40.6320284], [-74.0339356, 40.632144], [-74.0361299, 40.6326633], [-74.0358359, 40.6333698], [-74.0356181, 40.6339083], [-74.035556, 40.634062], [-74.0328745, 40.6334293], [-74.0327424, 40.6337494], [-74.0327255, 40.6337902], [-74.0325936, 40.6341097], [-74.030419, 40.633594], [-74.0299137, 40.6334741], [-74.0301909, 40.6327907]]]]}}, {"type": "Feature", "properties": {"felt:feature": 67, "ed_label": "AD 64 ED 083", "elect_dist": "64083", "borough": "Brooklyn", "community_board": 10, "community_board_label": "Brooklyn CB10", "popup_title": "Brooklyn CB10 \u2014 AD 64 ED 083", "general_mayor": "ANDREW M. CUOMO beat ZOHRAN KWAME MAMDANI, 424 to 382, 45.4% to 40.9%; total votes 934.", "general_mayor_winner": "Cuomo", "general_public_advocate": "JUMAANE D. WILLIAMS beat GONZALO DURAN, 504 to 331, 57.7% to 37.9%; total votes 873.", "general_public_advocate_winner": "Williams", "general_comptroller": "MARK D. LEVINE beat PETER KEFALAS, 509 to 335, 58.8% to 38.7%; total votes 866.", "general_comptroller_winner": "Levine", "question_1": "Disapprove beat Approve, 505 to 308, 62.1% to 37.9%; total votes 813.", "question_1_winner": "No-disapprove!", "question_2": "Disapprove beat Approve, 469 to 343, 57.8% to 42.2%; total votes 812.", "question_2_winner": "No-disapprove!", "question_3": "Disapprove beat Approve, 462 to 338, 57.8% to 42.2%; total votes 800.", "question_3_winner": "No-disapprove!", "question_4": "Disapprove beat Approve, 456 to 338, 57.4% to 42.6%; total votes 794.", "question_4_winner": "No-disapprove!", "question_5": "Approve beat Disapprove, 550 to 248, 68.9% to 31.1%; total votes 798.", "question_5_winner": "Yes-approve!", "question_6": "Disapprove beat Approve, 491 to 298, 62.2% to 37.8%; total votes 789.", "question_6_winner": "No-disapprove!", "dem_primary_mayor": "Zohran Kwame Mamdani beat Andrew M. Cuomo, 168 to 94, 44.7% to 25.0%; total votes 376.", "dem_primary_mayor_winner": "Mamdani", "dem_primary_public_advocate": "Jumaane D. Williams beat Jenifer Rajkumar, 226 to 73, 65.7% to 21.2%; total votes 344.", "dem_primary_public_advocate_winner": "Williams", "dem_primary_comptroller": "Justin Brannan beat Mark D. Levine, 292 to 64, 79.1% to 17.3%; total votes 369.", "dem_primary_comptroller_winner": "Brannan", "popup_summary": "Mayor: ANDREW M. CUOMO beat ZOHRAN KWAME MAMDANI, 424 to 382, 45.4% to 40.9%; total votes 934. | Public Advocate: JUMAANE D. WILLIAMS beat GONZALO DURAN, 504 to 331, 57.7% to 37.9%; total votes 873. | City Comptroller: MARK D. LEVINE beat PETER KEFALAS, 509 to 335, 58.8% to 38.7%; total votes 866. | Question 1: Disapprove beat Approve, 505 to 308, 62.1% to 37.9%; total votes 813. | Question 2: Disapprove beat Approve, 469 to 343, 57.8% to 42.2%; total votes 812. | Question 3: Disapprove beat Approve, 462 to 338, 57.8% to 42.2%; total votes 800. | Question 4: Disapprove beat Approve, 456 to 338, 57.4% to 42.6%; total votes 794. | Question 5: Approve beat Disapprove, 550 to 248, 68.9% to 31.1%; total votes 798. | Question 6: Disapprove beat Approve, 491 to 298, 62.2% to 37.8%; total votes 789. | Dem Primary Mayor: Zohran Kwame Mamdani beat Andrew M. Cuomo, 168 to 94, 44.7% to 25.0%; total votes 376. | Dem Primary Public Advocate: Jumaane D. Williams beat Jenifer Rajkumar, 226 to 73, 65.7% to 21.2%; total votes 344. | Dem Primary Comptroller: Justin Brannan beat Mark D. Levine, 292 to 64, 79.1% to 17.3%; total votes 369.", "mayor_margin": 4.5, "q2_yes": 57.8, "q3_yes": 57.8, "q4_yes": 57.4}, "geometry": {"type": "MultiPolygon", "coordinates": [[[[-74.0359578, 40.6388211], [-74.0360224, 40.6386414], [-74.0360692, 40.6384579], [-74.0360979, 40.6382722], [-74.0361082, 40.638086], [-74.0355611, 40.6379173], [-74.0348729, 40.6377045], [-74.0346079, 40.6376226], [-74.0341574, 40.6374833], [-74.0343497, 40.6370207], [-74.0344416, 40.6367997], [-74.0339561, 40.6366491], [-74.032839, 40.6363026], [-74.0328005, 40.6362907], [-74.0325038, 40.6361987], [-74.0322176, 40.6361117], [-74.0318255, 40.6359926], [-74.0320365, 40.6354752], [-74.0323165, 40.6347912], [-74.0325936, 40.6341097], [-74.0327255, 40.6337902], [-74.0327424, 40.6337494], [-74.0328745, 40.6334293], [-74.035556, 40.634062], [-74.036766, 40.6343474], [-74.0367957, 40.6344108], [-74.0368308, 40.6344725], [-74.0368711, 40.6345323], [-74.0369165, 40.63459], [-74.0369667, 40.6346453], [-74.0370215, 40.634698], [-74.03735, 40.6350275], [-74.0373995, 40.6350816], [-74.0374423, 40.6351389], [-74.0374779, 40.6351989], [-74.0375062, 40.6352612], [-74.0375267, 40.6353252], [-74.0375394, 40.6353904], [-74.0375442, 40.6354562], [-74.0375409, 40.6355221], [-74.0375297, 40.6355874], [-74.0375107, 40.6356517], [-74.0374839, 40.6357144], [-74.0374496, 40.6357749], [-74.0374082, 40.6358327], [-74.0373599, 40.6358874], [-74.0373052, 40.6359385], [-74.0372446, 40.6359855], [-74.0379453, 40.6358037], [-74.0380253, 40.6357829], [-74.0380881, 40.6357669], [-74.0382758, 40.6357223], [-74.0384323, 40.6356852], [-74.0381606, 40.636244], [-74.0378338, 40.6369161], [-74.0374542, 40.6376965], [-74.037168, 40.6382851], [-74.0370144, 40.6383195], [-74.0367735, 40.6383702], [-74.0365647, 40.6388744], [-74.0365078, 40.6390118], [-74.0364547, 40.6389965], [-74.0364208, 40.638986], [-74.0359578, 40.6388211]]]]}}, {"type": "Feature", "properties": {"felt:feature": 68, "ed_label": "AD 64 ED 084", "elect_dist": "64084", "borough": "Brooklyn", "community_board": 10, "community_board_label": "Brooklyn CB10", "popup_title": "Brooklyn CB10 \u2014 AD 64 ED 084", "general_mayor": "ANDREW M. CUOMO beat ZOHRAN KWAME MAMDANI, 424 to 185, 57.8% to 25.2%; total votes 734.", "general_mayor_winner": "Cuomo", "general_public_advocate": "GONZALO DURAN beat JUMAANE D. WILLIAMS, 411 to 245, 59.8% to 35.7%; total votes 687.", "general_public_advocate_winner": "Duran", "general_comptroller": "PETER KEFALAS beat MARK D. LEVINE, 427 to 255, 61.5% to 36.7%; total votes 694.", "general_comptroller_winner": "Kefalas", "question_1": "Disapprove beat Approve, 382 to 269, 58.7% to 41.3%; total votes 651.", "question_1_winner": "No-disapprove!", "question_2": "Disapprove beat Approve, 469 to 187, 71.5% to 28.5%; total votes 656.", "question_2_winner": "No-disapprove!", "question_3": "Disapprove beat Approve, 432 to 216, 66.7% to 33.3%; total votes 648.", "question_3_winner": "No-disapprove!", "question_4": "Disapprove beat Approve, 432 to 206, 67.7% to 32.3%; total votes 638.", "question_4_winner": "No-disapprove!", "question_5": "Approve beat Disapprove, 360 to 286, 55.7% to 44.3%; total votes 646.", "question_5_winner": "Yes-approve!", "question_6": "Disapprove beat Approve, 416 to 226, 64.8% to 35.2%; total votes 642.", "question_6_winner": "No-disapprove!", "dem_primary_mayor": "Andrew M. Cuomo beat Zohran Kwame Mamdani, 78 to 53, 41.3% to 28.0%; total votes 189.", "dem_primary_mayor_winner": "Cuomo", "dem_primary_public_advocate": "Jumaane D. Williams beat Marty Dolan, 69 to 49, 42.9% to 30.4%; total votes 161.", "dem_primary_public_advocate_winner": "Williams", "dem_primary_comptroller": "Justin Brannan beat Mark D. Levine, 147 to 27, 81.2% to 14.9%; total votes 181.", "dem_primary_comptroller_winner": "Brannan", "popup_summary": "Mayor: ANDREW M. CUOMO beat ZOHRAN KWAME MAMDANI, 424 to 185, 57.8% to 25.2%; total votes 734. | Public Advocate: GONZALO DURAN beat JUMAANE D. WILLIAMS, 411 to 245, 59.8% to 35.7%; total votes 687. | City Comptroller: PETER KEFALAS beat MARK D. LEVINE, 427 to 255, 61.5% to 36.7%; total votes 694. | Question 1: Disapprove beat Approve, 382 to 269, 58.7% to 41.3%; total votes 651. | Question 2: Disapprove beat Approve, 469 to 187, 71.5% to 28.5%; total votes 656. | Question 3: Disapprove beat Approve, 432 to 216, 66.7% to 33.3%; total votes 648. | Question 4: Disapprove beat Approve, 432 to 206, 67.7% to 32.3%; total votes 638. | Question 5: Approve beat Disapprove, 360 to 286, 55.7% to 44.3%; total votes 646. | Question 6: Disapprove beat Approve, 416 to 226, 64.8% to 35.2%; total votes 642. | Dem Primary Mayor: Andrew M. Cuomo beat Zohran Kwame Mamdani, 78 to 53, 41.3% to 28.0%; total votes 189. | Dem Primary Public Advocate: Jumaane D. Williams beat Marty Dolan, 69 to 49, 42.9% to 30.4%; total votes 161. | Dem Primary Comptroller: Justin Brannan beat Mark D. Levine, 147 to 27, 81.2% to 14.9%; total votes 181.", "mayor_margin": 32.6, "q2_yes": 71.5, "q3_yes": 66.7, "q4_yes": 67.7}, "geometry": {"type": "MultiPolygon", "coordinates": [[[[-74.035556, 40.634062], [-74.0356181, 40.6339083], [-74.0358359, 40.6333698], [-74.0361299, 40.6326633], [-74.0339356, 40.632144], [-74.0334473, 40.6320284], [-74.0337425, 40.6312966], [-74.0340416, 40.630565], [-74.0313599, 40.6299305], [-74.031658, 40.6291991], [-74.0319567, 40.6284706], [-74.03464, 40.6291056], [-74.037321, 40.6297411], [-74.0371975, 40.6300416], [-74.0381111, 40.630259], [-74.0395963, 40.6306123], [-74.0396899, 40.6305192], [-74.039779, 40.6304236], [-74.0398636, 40.6303257], [-74.0399435, 40.6302255], [-74.0399963, 40.6302395], [-74.0400512, 40.6302478], [-74.0401069, 40.6302504], [-74.0401627, 40.6302472], [-74.0402173, 40.6302382], [-74.0402698, 40.6302236], [-74.0403193, 40.6302037], [-74.0403647, 40.6301789], [-74.0404052, 40.6301496], [-74.0404401, 40.6301163], [-74.0404688, 40.6300798], [-74.0404906, 40.6300406], [-74.0406297, 40.6300645], [-74.0406922, 40.6300741], [-74.040497, 40.630591], [-74.0404019, 40.6308134], [-74.0403169, 40.6310122], [-74.039989, 40.6317352], [-74.0396541, 40.6324736], [-74.039705, 40.6324813], [-74.0398235, 40.6325109], [-74.0399179, 40.6325344], [-74.0392939, 40.6338864], [-74.0384323, 40.6356852], [-74.0382758, 40.6357223], [-74.0380881, 40.6357669], [-74.0380253, 40.6357829], [-74.0379453, 40.6358037], [-74.0372446, 40.6359855], [-74.0373052, 40.6359385], [-74.0373599, 40.6358874], [-74.0374082, 40.6358327], [-74.0374496, 40.6357749], [-74.0374839, 40.6357144], [-74.0375107, 40.6356517], [-74.0375297, 40.6355874], [-74.0375409, 40.6355221], [-74.0375442, 40.6354562], [-74.0375394, 40.6353904], [-74.0375267, 40.6353252], [-74.0375062, 40.6352612], [-74.0374779, 40.6351989], [-74.0374423, 40.6351389], [-74.0373995, 40.6350816], [-74.03735, 40.6350275], [-74.0370215, 40.634698], [-74.0369667, 40.6346453], [-74.0369165, 40.63459], [-74.0368711, 40.6345323], [-74.0368308, 40.6344725], [-74.0367957, 40.6344108], [-74.036766, 40.6343474], [-74.035556, 40.634062]]]]}}, {"type": "Feature", "properties": {"felt:feature": 69, "ed_label": "AD 64 ED 085", "elect_dist": "64085", "borough": "Brooklyn", "community_board": 10, "community_board_label": "Brooklyn CB10", "popup_title": "Brooklyn CB10 \u2014 AD 64 ED 085", "general_mayor": "ANDREW M. CUOMO beat ZOHRAN KWAME MAMDANI, 334 to 157, 57.3% to 26.9%; total votes 583.", "general_mayor_winner": "Cuomo", "general_public_advocate": "GONZALO DURAN beat JUMAANE D. WILLIAMS, 240 to 219, 49.2% to 44.9%; total votes 488.", "general_public_advocate_winner": "Duran", "general_comptroller": "PETER KEFALAS beat MARK D. LEVINE, 245 to 235, 50.4% to 48.4%; total votes 486.", "general_comptroller_winner": "Kefalas", "question_1": "Disapprove beat Approve, 248 to 166, 59.9% to 40.1%; total votes 414.", "question_1_winner": "No-disapprove!", "question_2": "Disapprove beat Approve, 273 to 152, 64.2% to 35.8%; total votes 425.", "question_2_winner": "No-disapprove!", "question_3": "Disapprove beat Approve, 260 to 165, 61.2% to 38.8%; total votes 425.", "question_3_winner": "No-disapprove!", "question_4": "Disapprove beat Approve, 244 to 175, 58.2% to 41.8%; total votes 419.", "question_4_winner": "No-disapprove!", "question_5": "Approve beat Disapprove, 264 to 153, 63.3% to 36.7%; total votes 417.", "question_5_winner": "Yes-approve!", "question_6": "Disapprove beat Approve, 260 to 152, 63.1% to 36.9%; total votes 412.", "question_6_winner": "No-disapprove!", "dem_primary_mayor": "Andrew M. Cuomo beat Zohran Kwame Mamdani, 91 to 45, 51.1% to 25.3%; total votes 178.", "dem_primary_mayor_winner": "Cuomo", "dem_primary_public_advocate": "Jumaane D. Williams beat Jenifer Rajkumar, 83 to 32, 58.0% to 22.4%; total votes 143.", "dem_primary_public_advocate_winner": "Williams", "dem_primary_comptroller": "Justin Brannan beat Mark D. Levine, 123 to 27, 78.3% to 17.2%; total votes 157.", "dem_primary_comptroller_winner": "Brannan", "popup_summary": "Mayor: ANDREW M. CUOMO beat ZOHRAN KWAME MAMDANI, 334 to 157, 57.3% to 26.9%; total votes 583. | Public Advocate: GONZALO DURAN beat JUMAANE D. WILLIAMS, 240 to 219, 49.2% to 44.9%; total votes 488. | City Comptroller: PETER KEFALAS beat MARK D. LEVINE, 245 to 235, 50.4% to 48.4%; total votes 486. | Question 1: Disapprove beat Approve, 248 to 166, 59.9% to 40.1%; total votes 414. | Question 2: Disapprove beat Approve, 273 to 152, 64.2% to 35.8%; total votes 425. | Question 3: Disapprove beat Approve, 260 to 165, 61.2% to 38.8%; total votes 425. | Question 4: Disapprove beat Approve, 244 to 175, 58.2% to 41.8%; total votes 419. | Question 5: Approve beat Disapprove, 264 to 153, 63.3% to 36.7%; total votes 417. | Question 6: Disapprove beat Approve, 260 to 152, 63.1% to 36.9%; total votes 412. | Dem Primary Mayor: Andrew M. Cuomo beat Zohran Kwame Mamdani, 91 to 45, 51.1% to 25.3%; total votes 178. | Dem Primary Public Advocate: Jumaane D. Williams beat Jenifer Rajkumar, 83 to 32, 58.0% to 22.4%; total votes 143. | Dem Primary Comptroller: Justin Brannan beat Mark D. Levine, 123 to 27, 78.3% to 17.2%; total votes 157.", "mayor_margin": 30.4, "q2_yes": 64.2, "q3_yes": 61.2, "q4_yes": 58.2}, "geometry": {"type": "MultiPolygon", "coordinates": [[[[-74.0370036, 40.6233191], [-74.0372824, 40.6226379], [-74.0378401, 40.6212747], [-74.0395322, 40.6216717], [-74.0396903, 40.6216406], [-74.039853, 40.6216235], [-74.0398958, 40.6216228], [-74.0400173, 40.6216207], [-74.0401798, 40.6216322], [-74.0404754, 40.6207899], [-74.0405027, 40.6206027], [-74.0405028, 40.6206026], [-74.0405028, 40.6206025], [-74.0405093, 40.6204118], [-74.0405093, 40.6204117], [-74.0405093, 40.6204116], [-74.0404943, 40.6202194], [-74.0404943, 40.6202193], [-74.0404942, 40.6202192], [-74.0404918, 40.6202064], [-74.0404497, 40.6200684], [-74.0404008, 40.6199318], [-74.040345, 40.6197966], [-74.0402824, 40.6196632], [-74.0402132, 40.6195318], [-74.0401374, 40.6194024], [-74.0400551, 40.6192754], [-74.0399665, 40.6191508], [-74.0395746, 40.618501], [-74.0391828, 40.6178555], [-74.0387675, 40.6171811], [-74.038364, 40.6165134], [-74.037975, 40.6158588], [-74.0376651, 40.6151812], [-74.037442, 40.6146148], [-74.0370792, 40.6138267], [-74.0369845, 40.6136565], [-74.0368814, 40.6134891], [-74.03677, 40.6133249], [-74.0366504, 40.613164], [-74.0365229, 40.6130067], [-74.0363877, 40.6128532], [-74.0362448, 40.6127037], [-74.0360946, 40.6125585], [-74.0348715, 40.6113662], [-74.03495, 40.6111846], [-74.035013, 40.610999], [-74.0350602, 40.6108108], [-74.0350912, 40.610621], [-74.0350952, 40.6104615], [-74.0350811, 40.6103015], [-74.035049, 40.6101426], [-74.0349992, 40.6099868], [-74.0349966, 40.6099813], [-74.0350573, 40.6097408], [-74.0350841, 40.6096705], [-74.0350903, 40.609602], [-74.0352598, 40.6095461], [-74.0357345, 40.6093895], [-74.0359961, 40.6093091], [-74.0360398, 40.6092956], [-74.0360806, 40.6093469], [-74.0361134, 40.6093947], [-74.0362101, 40.609601], [-74.0362981, 40.6098096], [-74.0363772, 40.6100202], [-74.0364475, 40.6102327], [-74.0365087, 40.6104468], [-74.0365629, 40.6105876], [-74.0366254, 40.6107264], [-74.0366961, 40.6108629], [-74.0367747, 40.6109969], [-74.0368612, 40.611128], [-74.0369554, 40.611256], [-74.0370571, 40.6113807], [-74.037166, 40.6115017], [-74.037282, 40.6116188], [-74.0374047, 40.6117319], [-74.0375341, 40.6118406], [-74.0388202, 40.6129579], [-74.039025, 40.613159], [-74.039888, 40.6143498], [-74.0401309, 40.6147919], [-74.0402343, 40.6150283], [-74.0403813, 40.6153418], [-74.0404761, 40.6156253], [-74.0407276, 40.6170504], [-74.0408614, 40.6176308], [-74.0410175, 40.6183078], [-74.0411278, 40.6187861], [-74.0413752, 40.6199936], [-74.0414339, 40.6200833], [-74.0414854, 40.6201755], [-74.0415297, 40.6202699], [-74.0415665, 40.6203661], [-74.0415958, 40.6204638], [-74.0416174, 40.6205627], [-74.0416222, 40.6206688], [-74.0416234, 40.6207749], [-74.0416179, 40.6209423], [-74.0416033, 40.6211093], [-74.0415798, 40.6212758], [-74.0415997, 40.6214663], [-74.0416712, 40.6220918], [-74.0417493, 40.622457], [-74.0416949, 40.6228025], [-74.0417083, 40.6232449], [-74.0417102, 40.6233053], [-74.0417579, 40.6234283], [-74.0417988, 40.6235528], [-74.0418326, 40.6236784], [-74.0418593, 40.6238051], [-74.0418788, 40.6239325], [-74.0418912, 40.6240604], [-74.0418964, 40.6241886], [-74.0418966, 40.6242174], [-74.0418944, 40.6243182], [-74.0418877, 40.6244189], [-74.0418765, 40.6245193], [-74.0417567, 40.6250551], [-74.0416832, 40.6253835], [-74.0416421, 40.6260094], [-74.0415301, 40.6259723], [-74.0414145, 40.625934], [-74.04136, 40.625921], [-74.0413015, 40.6259051], [-74.040744, 40.6256883], [-74.0407131, 40.6255934], [-74.040688, 40.6254975], [-74.0406688, 40.6254008], [-74.0406556, 40.6253035], [-74.0406484, 40.6252059], [-74.0406471, 40.6251081], [-74.0406518, 40.6250104], [-74.0406625, 40.624913], [-74.0406857, 40.624733], [-74.0407151, 40.6245535], [-74.0407507, 40.6243746], [-74.0407924, 40.6241966], [-74.0396866, 40.6239566], [-74.0370036, 40.6233191]]]]}}, {"type": "Feature", "properties": {"felt:feature": 70, "ed_label": "AD 64 ED 086", "elect_dist": "64086", "borough": "Brooklyn", "community_board": 10, "community_board_label": "Brooklyn CB10", "popup_title": "Brooklyn CB10 \u2014 AD 64 ED 086", "general_mayor": "ANDREW M. CUOMO beat ZOHRAN KWAME MAMDANI, 404 to 130, 64.8% to 20.9%; total votes 623.", "general_mayor_winner": "Cuomo", "general_public_advocate": "GONZALO DURAN beat JUMAANE D. WILLIAMS, 365 to 194, 62.9% to 33.4%; total votes 580.", "general_public_advocate_winner": "Duran", "general_comptroller": "PETER KEFALAS beat MARK D. LEVINE, 371 to 209, 63.4% to 35.7%; total votes 585.", "general_comptroller_winner": "Kefalas", "question_1": "Disapprove beat Approve, 334 to 233, 58.9% to 41.1%; total votes 567.", "question_1_winner": "No-disapprove!", "question_2": "Disapprove beat Approve, 418 to 147, 74.0% to 26.0%; total votes 565.", "question_2_winner": "No-disapprove!", "question_3": "Disapprove beat Approve, 358 to 205, 63.6% to 36.4%; total votes 563.", "question_3_winner": "No-disapprove!", "question_4": "Disapprove beat Approve, 355 to 190, 65.1% to 34.9%; total votes 545.", "question_4_winner": "No-disapprove!", "question_5": "Approve beat Disapprove, 316 to 236, 57.2% to 42.8%; total votes 552.", "question_5_winner": "Yes-approve!", "question_6": "Disapprove beat Approve, 336 to 208, 61.8% to 38.2%; total votes 544.", "question_6_winner": "No-disapprove!", "dem_primary_mayor": "Andrew M. Cuomo beat Zohran Kwame Mamdani, 64 to 36, 44.8% to 25.2%; total votes 143.", "dem_primary_mayor_winner": "Cuomo", "dem_primary_public_advocate": "Jumaane D. Williams beat Marty Dolan, 68 to 33, 53.1% to 25.8%; total votes 128.", "dem_primary_public_advocate_winner": "Williams", "dem_primary_comptroller": "Justin Brannan beat Mark D. Levine, 110 to 17, 80.3% to 12.4%; total votes 137.", "dem_primary_comptroller_winner": "Brannan", "popup_summary": "Mayor: ANDREW M. CUOMO beat ZOHRAN KWAME MAMDANI, 404 to 130, 64.8% to 20.9%; total votes 623. | Public Advocate: GONZALO DURAN beat JUMAANE D. WILLIAMS, 365 to 194, 62.9% to 33.4%; total votes 580. | City Comptroller: PETER KEFALAS beat MARK D. LEVINE, 371 to 209, 63.4% to 35.7%; total votes 585. | Question 1: Disapprove beat Approve, 334 to 233, 58.9% to 41.1%; total votes 567. | Question 2: Disapprove beat Approve, 418 to 147, 74.0% to 26.0%; total votes 565. | Question 3: Disapprove beat Approve, 358 to 205, 63.6% to 36.4%; total votes 563. | Question 4: Disapprove beat Approve, 355 to 190, 65.1% to 34.9%; total votes 545. | Question 5: Approve beat Disapprove, 316 to 236, 57.2% to 42.8%; total votes 552. | Question 6: Disapprove beat Approve, 336 to 208, 61.8% to 38.2%; total votes 544. | Dem Primary Mayor: Andrew M. Cuomo beat Zohran Kwame Mamdani, 64 to 36, 44.8% to 25.2%; total votes 143. | Dem Primary Public Advocate: Jumaane D. Williams beat Marty Dolan, 68 to 33, 53.1% to 25.8%; total votes 128. | Dem Primary Comptroller: Justin Brannan beat Mark D. Levine, 110 to 17, 80.3% to 12.4%; total votes 137.", "mayor_margin": 43.9, "q2_yes": 74.0, "q3_yes": 63.6, "q4_yes": 65.1}, "geometry": {"type": "MultiPolygon", "coordinates": [[[[-74.03464, 40.6291056], [-74.0349376, 40.628375], [-74.0352352, 40.6276453], [-74.0355143, 40.6269617], [-74.0357888, 40.626285], [-74.0360711, 40.6255989], [-74.0362195, 40.6252373], [-74.0364258, 40.6247346], [-74.0367255, 40.6239995], [-74.0370036, 40.6233191], [-74.0396866, 40.6239566], [-74.0407924, 40.6241966], [-74.0407507, 40.6243746], [-74.0407151, 40.6245535], [-74.0406857, 40.624733], [-74.0406625, 40.624913], [-74.0406518, 40.6250104], [-74.0406471, 40.6251081], [-74.0406484, 40.6252059], [-74.0406556, 40.6253035], [-74.0406688, 40.6254008], [-74.040688, 40.6254975], [-74.0407131, 40.6255934], [-74.040744, 40.6256883], [-74.0413015, 40.6259051], [-74.04136, 40.625921], [-74.0414145, 40.625934], [-74.0415301, 40.6259723], [-74.0416421, 40.6260094], [-74.0415662, 40.6267436], [-74.0414292, 40.6280707], [-74.0414165, 40.62815], [-74.0413008, 40.6290061], [-74.041273, 40.6291411], [-74.0410906, 40.6297257], [-74.0411032, 40.629819], [-74.0411068, 40.6299127], [-74.0411016, 40.6300065], [-74.0410875, 40.6300996], [-74.0410647, 40.6301918], [-74.0410331, 40.6302824], [-74.0409931, 40.6303711], [-74.0409447, 40.6304574], [-74.0408883, 40.6305407], [-74.0408241, 40.6306208], [-74.0407525, 40.6306971], [-74.0406589, 40.6308888], [-74.0402891, 40.6317163], [-74.0401548, 40.6320169], [-74.0399179, 40.6325344], [-74.0398235, 40.6325109], [-74.039705, 40.6324813], [-74.0396541, 40.6324736], [-74.039989, 40.6317352], [-74.0403169, 40.6310122], [-74.0404019, 40.6308134], [-74.040497, 40.630591], [-74.0406922, 40.6300741], [-74.0406297, 40.6300645], [-74.0404906, 40.6300406], [-74.0404688, 40.6300798], [-74.0404401, 40.6301163], [-74.0404052, 40.6301496], [-74.0403647, 40.6301789], [-74.0403193, 40.6302037], [-74.0402698, 40.6302236], [-74.0402173, 40.6302382], [-74.0401627, 40.6302472], [-74.0401069, 40.6302504], [-74.0400512, 40.6302478], [-74.0399963, 40.6302395], [-74.0399435, 40.6302255], [-74.0398636, 40.6303257], [-74.039779, 40.6304236], [-74.0396899, 40.6305192], [-74.0395963, 40.6306123], [-74.0381111, 40.630259], [-74.0371975, 40.6300416], [-74.037321, 40.6297411], [-74.03464, 40.6291056]]]]}}, {"type": "Feature", "properties": {"felt:feature": 71, "ed_label": "AD 64 ED 087", "elect_dist": "64087", "borough": "Brooklyn", "community_board": 10, "community_board_label": "Brooklyn CB10", "popup_title": "Brooklyn CB10 \u2014 AD 64 ED 087", "general_mayor": "ZOHRAN KWAME MAMDANI beat ANDREW M. CUOMO, 201 to 99, 60.9% to 30.0%; total votes 330.", "general_mayor_winner": "Mamdani", "general_public_advocate": "JUMAANE D. WILLIAMS beat GONZALO DURAN, 219 to 76, 73.5% to 25.5%; total votes 298.", "general_public_advocate_winner": "Williams", "general_comptroller": "MARK D. LEVINE beat PETER KEFALAS, 211 to 78, 71.5% to 26.4%; total votes 295.", "general_comptroller_winner": "Levine", "question_1": "Disapprove beat Approve, 146 to 107, 57.7% to 42.3%; total votes 253.", "question_1_winner": "No-disapprove!", "question_2": "Approve beat Disapprove, 135 to 129, 51.1% to 48.9%; total votes 264.", "question_2_winner": "Yes-approve!", "question_3": "Disapprove beat Approve, 130 to 128, 50.4% to 49.6%; total votes 258.", "question_3_winner": "No-disapprove!", "question_4": "Approve beat Disapprove, 128 to 124, 50.8% to 49.2%; total votes 252.", "question_4_winner": "Yes-approve!", "question_5": "Approve beat Disapprove, 170 to 81, 67.7% to 32.3%; total votes 251.", "question_5_winner": "Yes-approve!", "question_6": "Disapprove beat Approve, 149 to 102, 59.4% to 40.6%; total votes 251.", "question_6_winner": "No-disapprove!", "dem_primary_mayor": "Zohran Kwame Mamdani beat Andrew M. Cuomo, 86 to 21, 68.8% to 16.8%; total votes 125.", "dem_primary_mayor_winner": "Mamdani", "dem_primary_public_advocate": "Jumaane D. Williams beat Jenifer Rajkumar, 81 to 22, 71.7% to 19.5%; total votes 113.", "dem_primary_public_advocate_winner": "Williams", "dem_primary_comptroller": "Justin Brannan beat Mark D. Levine, 90 to 21, 76.9% to 17.9%; total votes 117.", "dem_primary_comptroller_winner": "Brannan", "popup_summary": "Mayor: ZOHRAN KWAME MAMDANI beat ANDREW M. CUOMO, 201 to 99, 60.9% to 30.0%; total votes 330. | Public Advocate: JUMAANE D. WILLIAMS beat GONZALO DURAN, 219 to 76, 73.5% to 25.5%; total votes 298. | City Comptroller: MARK D. LEVINE beat PETER KEFALAS, 211 to 78, 71.5% to 26.4%; total votes 295. | Question 1: Disapprove beat Approve, 146 to 107, 57.7% to 42.3%; total votes 253. | Question 2: Approve beat Disapprove, 135 to 129, 51.1% to 48.9%; total votes 264. | Question 3: Disapprove beat Approve, 130 to 128, 50.4% to 49.6%; total votes 258. | Question 4: Approve beat Disapprove, 128 to 124, 50.8% to 49.2%; total votes 252. | Question 5: Approve beat Disapprove, 170 to 81, 67.7% to 32.3%; total votes 251. | Question 6: Disapprove beat Approve, 149 to 102, 59.4% to 40.6%; total votes 251. | Dem Primary Mayor: Zohran Kwame Mamdani beat Andrew M. Cuomo, 86 to 21, 68.8% to 16.8%; total votes 125. | Dem Primary Public Advocate: Jumaane D. Williams beat Jenifer Rajkumar, 81 to 22, 71.7% to 19.5%; total votes 113. | Dem Primary Comptroller: Justin Brannan beat Mark D. Levine, 90 to 21, 76.9% to 17.9%; total votes 117.", "mayor_margin": 30.9, "q2_yes": 51.1, "q3_yes": 50.4, "q4_yes": 50.8}, "geometry": {"type": "MultiPolygon", "coordinates": [[[[-74.0169775, 40.6352351], [-74.016474, 40.634554], [-74.0164172, 40.6342782], [-74.0163799, 40.634], [-74.0163622, 40.6337203], [-74.0163643, 40.6334406], [-74.016386, 40.633162], [-74.0164064, 40.6330629], [-74.016418, 40.633006], [-74.0164918, 40.6328192], [-74.016689, 40.6323049], [-74.016971, 40.631618], [-74.0185294, 40.6323336], [-74.0197359, 40.6328849], [-74.0210122, 40.6334684], [-74.0230451, 40.634399], [-74.0235187, 40.6346158], [-74.0232353, 40.6353188], [-74.0207219, 40.634169], [-74.0192635, 40.6334934], [-74.0182446, 40.6330336], [-74.017951, 40.6337299], [-74.0178699, 40.6339336], [-74.0177962, 40.6341709], [-74.0177562, 40.6342501], [-74.0175051, 40.6347475], [-74.0169775, 40.6352351]]]]}}]}