{"type": "FeatureCollection", "features": [{"type": "Feature", "properties": {"felt:feature": 1, "ed_label": "AD 50 ED 001", "elect_dist": "50001", "borough": "Brooklyn", "community_board": 1, "community_board_label": "Brooklyn CB1", "popup_title": "Brooklyn CB1 \u2014 AD 50 ED 001", "general_mayor": "ZOHRAN KWAME MAMDANI beat ANDREW M. CUOMO, 1064 to 281, 75.8% to 20.0%; total votes 1403.", "general_mayor_winner": "Mamdani", "general_public_advocate": "JUMAANE D. WILLIAMS beat GONZALO DURAN, 1175 to 159, 86.7% to 11.7%; total votes 1355.", "general_public_advocate_winner": "Williams", "general_comptroller": "MARK D. LEVINE beat PETER KEFALAS, 1145 to 148, 86.8% to 11.2%; total votes 1319.", "general_comptroller_winner": "Levine", "question_1": "Disapprove beat Approve, 708 to 590, 54.5% to 45.5%; total votes 1298.", "question_1_winner": "No-disapprove!", "question_2": "Approve beat Disapprove, 917 to 401, 69.6% to 30.4%; total votes 1318.", "question_2_winner": "Yes-approve!", "question_3": "Approve beat Disapprove, 876 to 423, 67.4% to 32.6%; total votes 1299.", "question_3_winner": "Yes-approve!", "question_4": "Approve beat Disapprove, 847 to 426, 66.5% to 33.5%; total votes 1273.", "question_4_winner": "Yes-approve!", "question_5": "Approve beat Disapprove, 1126 to 156, 87.8% to 12.2%; total votes 1282.", "question_5_winner": "Yes-approve!", "question_6": "Approve beat Disapprove, 705 to 565, 55.5% to 44.5%; total votes 1270.", "question_6_winner": "Yes-approve!", "dem_primary_mayor": "Zohran Kwame Mamdani beat Andrew M. Cuomo, 550 to 94, 71.4% to 12.2%; total votes 770.", "dem_primary_mayor_winner": "Mamdani", "dem_primary_public_advocate": "Jumaane D. Williams beat Jenifer Rajkumar, 542 to 92, 79.5% to 13.5%; total votes 682.", "dem_primary_public_advocate_winner": "Williams", "dem_primary_comptroller": "Justin Brannan beat Mark D. Levine, 335 to 230, 50.2% to 34.5%; total votes 667.", "dem_primary_comptroller_winner": "Brannan", "popup_summary": "Mayor: ZOHRAN KWAME MAMDANI beat ANDREW M. CUOMO, 1064 to 281, 75.8% to 20.0%; total votes 1403. | Public Advocate: JUMAANE D. WILLIAMS beat GONZALO DURAN, 1175 to 159, 86.7% to 11.7%; total votes 1355. | City Comptroller: MARK D. LEVINE beat PETER KEFALAS, 1145 to 148, 86.8% to 11.2%; total votes 1319. | Question 1: Disapprove beat Approve, 708 to 590, 54.5% to 45.5%; total votes 1298. | Question 2: Approve beat Disapprove, 917 to 401, 69.6% to 30.4%; total votes 1318. | Question 3: Approve beat Disapprove, 876 to 423, 67.4% to 32.6%; total votes 1299. | Question 4: Approve beat Disapprove, 847 to 426, 66.5% to 33.5%; total votes 1273. | Question 5: Approve beat Disapprove, 1126 to 156, 87.8% to 12.2%; total votes 1282. | Question 6: Approve beat Disapprove, 705 to 565, 55.5% to 44.5%; total votes 1270. | Dem Primary Mayor: Zohran Kwame Mamdani beat Andrew M. Cuomo, 550 to 94, 71.4% to 12.2%; total votes 770. | Dem Primary Public Advocate: Jumaane D. Williams beat Jenifer Rajkumar, 542 to 92, 79.5% to 13.5%; total votes 682. | Dem Primary Comptroller: Justin Brannan beat Mark D. Levine, 335 to 230, 50.2% to 34.5%; total votes 667.", "mayor_margin": 55.8, "q2_yes": 69.6, "q3_yes": 67.4, "q4_yes": 66.5}, "geometry": {"type": "MultiPolygon", "coordinates": [[[[-73.9527178, 40.7388911], [-73.9529403, 40.7382261], [-73.9529734, 40.7380839], [-73.9529923, 40.7379395], [-73.9529965, 40.7377943], [-73.952986, 40.7376495], [-73.952961, 40.7375064], [-73.9530277, 40.7375009], [-73.9530728, 40.737498], [-73.9531108, 40.7374955], [-73.9531999, 40.7374897], [-73.9554233, 40.7372851], [-73.9564636, 40.7371915], [-73.9569016, 40.7371521], [-73.9575937, 40.7367772], [-73.958299, 40.7363951], [-73.9585154, 40.7362778], [-73.9586354, 40.7362129], [-73.9585242, 40.7355524], [-73.9584081, 40.7348441], [-73.9582923, 40.734135], [-73.9599447, 40.7339788], [-73.9623285, 40.7337543], [-73.9622852, 40.7340477], [-73.9621855, 40.734249], [-73.9620903, 40.734508], [-73.9619848, 40.734638], [-73.9619096, 40.7347508], [-73.9617621, 40.7348916], [-73.9615749, 40.7351796], [-73.96119, 40.7356028], [-73.9605192, 40.7363422], [-73.9605116, 40.7363506], [-73.9604675, 40.7363996], [-73.9604226, 40.7364446], [-73.9602956, 40.7365629], [-73.9602386, 40.7366138], [-73.9602229, 40.7366367], [-73.9602158, 40.7366452], [-73.9601877, 40.7366755], [-73.9601473, 40.7367157], [-73.9600952, 40.7367585], [-73.9600771, 40.7367786], [-73.9600338, 40.7368343], [-73.9600011, 40.7368691], [-73.9599166, 40.7369541], [-73.959895, 40.7369791], [-73.9598508, 40.7370369], [-73.9598293, 40.7370609], [-73.9598158, 40.7370727], [-73.9597991, 40.7370844], [-73.9597797, 40.7370957], [-73.9597224, 40.7371263], [-73.9597059, 40.7371369], [-73.9596923, 40.7371473], [-73.9596654, 40.7371722], [-73.9596024, 40.737237], [-73.9595831, 40.7372542], [-73.9595643, 40.7372687], [-73.9594701, 40.7373348], [-73.9594014, 40.737381], [-73.9593687, 40.7374043], [-73.9593057, 40.7374521], [-73.9591911, 40.7375391], [-73.9591637, 40.737557], [-73.9591099, 40.737586], [-73.9590895, 40.737598], [-73.959028, 40.7376374], [-73.9589886, 40.7376647], [-73.9588882, 40.7377412], [-73.9588333, 40.7377855], [-73.9588247, 40.7377908], [-73.9588143, 40.7377958], [-73.958778, 40.7378094], [-73.9587654, 40.7378148], [-73.9587304, 40.7378337], [-73.958678, 40.7378665], [-73.9586403, 40.7378999], [-73.9586134, 40.7379212], [-73.9584875, 40.7380167], [-73.9584587, 40.7380392], [-73.9584319, 40.7380586], [-73.9583751, 40.7380969], [-73.9583124, 40.738137], [-73.9582421, 40.7381799], [-73.9581559, 40.7382308], [-73.9579599, 40.7383484], [-73.9578942, 40.7383864], [-73.9578544, 40.7384101], [-73.9577649, 40.7384644], [-73.9577167, 40.7384933], [-73.9576341, 40.7385381], [-73.957547, 40.7385822], [-73.9574182, 40.7386492], [-73.9571548, 40.7387763], [-73.9570933, 40.738806], [-73.9569585, 40.7388739], [-73.9569464, 40.7388792], [-73.95693, 40.7388871], [-73.9569182, 40.7388889], [-73.9569035, 40.73889], [-73.9567782, 40.7389056], [-73.95564, 40.7390443], [-73.9556352, 40.7390447], [-73.95563, 40.7390447], [-73.9556145, 40.7390458], [-73.9555834, 40.7390401], [-73.9555307, 40.7390327], [-73.9551966, 40.7390845], [-73.9549228, 40.7391033], [-73.9548076, 40.7391188], [-73.9547631, 40.7391235], [-73.9547153, 40.7391265], [-73.9546632, 40.739128], [-73.9546035, 40.7391278], [-73.9545464, 40.7391249], [-73.9544413, 40.7391177], [-73.9543956, 40.7391148], [-73.9542832, 40.7391074], [-73.9542326, 40.7391074], [-73.9541935, 40.739107], [-73.9541563, 40.7391069], [-73.9541219, 40.7391008], [-73.9540278, 40.7390831], [-73.9539724, 40.7390749], [-73.9538155, 40.7390531], [-73.9537378, 40.7390453], [-73.9535809, 40.739033], [-73.9535146, 40.7390269], [-73.9533674, 40.7390105], [-73.953233, 40.7389927], [-73.9529236, 40.7389349], [-73.9528623, 40.7389216], [-73.952823, 40.7389125], [-73.9527871, 40.7389042], [-73.9527178, 40.7388911]]]]}}, {"type": "Feature", "properties": {"felt:feature": 2, "ed_label": "AD 50 ED 002", "elect_dist": "50002", "borough": "Brooklyn", "community_board": 1, "community_board_label": "Brooklyn CB1", "popup_title": "Brooklyn CB1 \u2014 AD 50 ED 002", "general_mayor": "ZOHRAN KWAME MAMDANI beat ANDREW M. CUOMO, 811 to 166, 78.7% to 16.1%; total votes 1031.", "general_mayor_winner": "Mamdani", "general_public_advocate": "JUMAANE D. WILLIAMS beat GONZALO DURAN, 885 to 93, 89.1% to 9.4%; total votes 993.", "general_public_advocate_winner": "Williams", "general_comptroller": "MARK D. LEVINE beat PETER KEFALAS, 859 to 85, 89.6% to 8.9%; total votes 959.", "general_comptroller_winner": "Levine", "question_1": "Disapprove beat Approve, 501 to 476, 51.3% to 48.7%; total votes 977.", "question_1_winner": "No-disapprove!", "question_2": "Approve beat Disapprove, 624 to 353, 63.9% to 36.1%; total votes 977.", "question_2_winner": "Yes-approve!", "question_3": "Approve beat Disapprove, 608 to 363, 62.6% to 37.4%; total votes 971.", "question_3_winner": "Yes-approve!", "question_4": "Approve beat Disapprove, 605 to 354, 63.1% to 36.9%; total votes 959.", "question_4_winner": "Yes-approve!", "question_5": "Approve beat Disapprove, 839 to 123, 87.2% to 12.8%; total votes 962.", "question_5_winner": "Yes-approve!", "question_6": "Disapprove beat Approve, 483 to 479, 50.2% to 49.8%; total votes 962.", "question_6_winner": "No-disapprove!", "dem_primary_mayor": "Zohran Kwame Mamdani beat Brad Lander, 467 to 103, 70.5% to 15.6%; total votes 662.", "dem_primary_mayor_winner": "Mamdani", "dem_primary_public_advocate": "Jumaane D. Williams beat Jenifer Rajkumar, 467 to 76, 80.0% to 13.0%; total votes 584.", "dem_primary_public_advocate_winner": "Williams", "dem_primary_comptroller": "Justin Brannan beat Mark D. Levine, 345 to 170, 58.5% to 28.8%; total votes 590.", "dem_primary_comptroller_winner": "Brannan", "popup_summary": "Mayor: ZOHRAN KWAME MAMDANI beat ANDREW M. CUOMO, 811 to 166, 78.7% to 16.1%; total votes 1031. | Public Advocate: JUMAANE D. WILLIAMS beat GONZALO DURAN, 885 to 93, 89.1% to 9.4%; total votes 993. | City Comptroller: MARK D. LEVINE beat PETER KEFALAS, 859 to 85, 89.6% to 8.9%; total votes 959. | Question 1: Disapprove beat Approve, 501 to 476, 51.3% to 48.7%; total votes 977. | Question 2: Approve beat Disapprove, 624 to 353, 63.9% to 36.1%; total votes 977. | Question 3: Approve beat Disapprove, 608 to 363, 62.6% to 37.4%; total votes 971. | Question 4: Approve beat Disapprove, 605 to 354, 63.1% to 36.9%; total votes 959. | Question 5: Approve beat Disapprove, 839 to 123, 87.2% to 12.8%; total votes 962. | Question 6: Disapprove beat Approve, 483 to 479, 50.2% to 49.8%; total votes 962. | Dem Primary Mayor: Zohran Kwame Mamdani beat Brad Lander, 467 to 103, 70.5% to 15.6%; total votes 662. | Dem Primary Public Advocate: Jumaane D. Williams beat Jenifer Rajkumar, 467 to 76, 80.0% to 13.0%; total votes 584. | Dem Primary Comptroller: Justin Brannan beat Mark D. Levine, 345 to 170, 58.5% to 28.8%; total votes 590.", "mayor_margin": 62.6, "q2_yes": 63.9, "q3_yes": 62.6, "q4_yes": 63.1}, "geometry": {"type": "MultiPolygon", "coordinates": [[[[-73.9526087, 40.7353918], [-73.9526804, 40.7353843], [-73.9527022, 40.7353822], [-73.9527466, 40.735378], [-73.9528572, 40.7353676], [-73.955074, 40.7351597], [-73.9584081, 40.7348441], [-73.9585242, 40.7355524], [-73.9586354, 40.7362129], [-73.9585154, 40.7362778], [-73.958299, 40.7363951], [-73.9575937, 40.7367772], [-73.9569016, 40.7371521], [-73.9564636, 40.7371915], [-73.9554233, 40.7372851], [-73.9531999, 40.7374897], [-73.9531108, 40.7374955], [-73.9530728, 40.737498], [-73.9530277, 40.7375009], [-73.952961, 40.7375064], [-73.9528485, 40.7368122], [-73.9527424, 40.7360942], [-73.9526329, 40.7355051], [-73.9526087, 40.7353918]]]]}}, {"type": "Feature", "properties": {"felt:feature": 3, "ed_label": "AD 50 ED 003", "elect_dist": "50003", "borough": "Brooklyn", "community_board": 1, "community_board_label": "Brooklyn CB1", "popup_title": "Brooklyn CB1 \u2014 AD 50 ED 003", "general_mayor": "ZOHRAN KWAME MAMDANI beat ANDREW M. CUOMO, 856 to 184, 79.9% to 17.2%; total votes 1071.", "general_mayor_winner": "Mamdani", "general_public_advocate": "JUMAANE D. WILLIAMS beat GONZALO DURAN, 898 to 109, 87.9% to 10.7%; total votes 1022.", "general_public_advocate_winner": "Williams", "general_comptroller": "MARK D. LEVINE beat PETER KEFALAS, 873 to 101, 88.0% to 10.2%; total votes 992.", "general_comptroller_winner": "Levine", "question_1": "Disapprove beat Approve, 493 to 493, 50.0% to 50.0%; total votes 986.", "question_1_winner": "No-disapprove!", "question_2": "Approve beat Disapprove, 645 to 359, 64.2% to 35.8%; total votes 1004.", "question_2_winner": "Yes-approve!", "question_3": "Approve beat Disapprove, 628 to 367, 63.1% to 36.9%; total votes 995.", "question_3_winner": "Yes-approve!", "question_4": "Approve beat Disapprove, 608 to 381, 61.5% to 38.5%; total votes 989.", "question_4_winner": "Yes-approve!", "question_5": "Approve beat Disapprove, 883 to 110, 88.9% to 11.1%; total votes 993.", "question_5_winner": "Yes-approve!", "question_6": "Approve beat Disapprove, 553 to 434, 56.0% to 44.0%; total votes 987.", "question_6_winner": "Yes-approve!", "dem_primary_mayor": "Zohran Kwame Mamdani beat Brad Lander, 520 to 114, 72.0% to 15.8%; total votes 722.", "dem_primary_mayor_winner": "Mamdani", "dem_primary_public_advocate": "Jumaane D. Williams beat Jenifer Rajkumar, 520 to 87, 81.4% to 13.6%; total votes 639.", "dem_primary_public_advocate_winner": "Williams", "dem_primary_comptroller": "Justin Brannan beat Mark D. Levine, 368 to 215, 57.6% to 33.6%; total votes 639.", "dem_primary_comptroller_winner": "Brannan", "popup_summary": "Mayor: ZOHRAN KWAME MAMDANI beat ANDREW M. CUOMO, 856 to 184, 79.9% to 17.2%; total votes 1071. | Public Advocate: JUMAANE D. WILLIAMS beat GONZALO DURAN, 898 to 109, 87.9% to 10.7%; total votes 1022. | City Comptroller: MARK D. LEVINE beat PETER KEFALAS, 873 to 101, 88.0% to 10.2%; total votes 992. | Question 1: Disapprove beat Approve, 493 to 493, 50.0% to 50.0%; total votes 986. | Question 2: Approve beat Disapprove, 645 to 359, 64.2% to 35.8%; total votes 1004. | Question 3: Approve beat Disapprove, 628 to 367, 63.1% to 36.9%; total votes 995. | Question 4: Approve beat Disapprove, 608 to 381, 61.5% to 38.5%; total votes 989. | Question 5: Approve beat Disapprove, 883 to 110, 88.9% to 11.1%; total votes 993. | Question 6: Approve beat Disapprove, 553 to 434, 56.0% to 44.0%; total votes 987. | Dem Primary Mayor: Zohran Kwame Mamdani beat Brad Lander, 520 to 114, 72.0% to 15.8%; total votes 722. | Dem Primary Public Advocate: Jumaane D. Williams beat Jenifer Rajkumar, 520 to 87, 81.4% to 13.6%; total votes 639. | Dem Primary Comptroller: Justin Brannan beat Mark D. Levine, 368 to 215, 57.6% to 33.6%; total votes 639.", "mayor_margin": 62.7, "q2_yes": 64.2, "q3_yes": 63.1, "q4_yes": 61.5}, "geometry": {"type": "MultiPolygon", "coordinates": [[[[-73.9522583, 40.7339876], [-73.9523405, 40.7339796], [-73.9548427, 40.7337403], [-73.9581759, 40.7334257], [-73.9580594, 40.732716], [-73.9597119, 40.7325588], [-73.9617676, 40.7324008], [-73.9620346, 40.7323804], [-73.9622634, 40.7329156], [-73.9623039, 40.7331137], [-73.9623406, 40.7333892], [-73.9623084, 40.7335323], [-73.9623318, 40.733623], [-73.9623285, 40.7337543], [-73.9599447, 40.7339788], [-73.9582923, 40.734135], [-73.9584081, 40.7348441], [-73.955074, 40.7351597], [-73.9528572, 40.7353676], [-73.9527466, 40.735378], [-73.9527022, 40.7353822], [-73.9526804, 40.7353843], [-73.9526087, 40.7353918], [-73.9525776, 40.7352564], [-73.95249, 40.734875], [-73.9524379, 40.7346898], [-73.9522583, 40.7339876]]]]}}, {"type": "Feature", "properties": {"felt:feature": 4, "ed_label": "AD 50 ED 004", "elect_dist": "50004", "borough": "Brooklyn", "community_board": 1, "community_board_label": "Brooklyn CB1", "popup_title": "Brooklyn CB1 \u2014 AD 50 ED 004", "general_mayor": "ZOHRAN KWAME MAMDANI beat ANDREW M. CUOMO, 709 to 144, 78.9% to 16.0%; total votes 899.", "general_mayor_winner": "Mamdani", "general_public_advocate": "JUMAANE D. WILLIAMS beat GONZALO DURAN, 739 to 108, 85.9% to 12.6%; total votes 860.", "general_public_advocate_winner": "Williams", "general_comptroller": "MARK D. LEVINE beat PETER KEFALAS, 721 to 100, 85.9% to 11.9%; total votes 839.", "general_comptroller_winner": "Levine", "question_1": "Disapprove beat Approve, 453 to 372, 54.9% to 45.1%; total votes 825.", "question_1_winner": "No-disapprove!", "question_2": "Approve beat Disapprove, 534 to 302, 63.9% to 36.1%; total votes 836.", "question_2_winner": "Yes-approve!", "question_3": "Approve beat Disapprove, 519 to 305, 63.0% to 37.0%; total votes 824.", "question_3_winner": "Yes-approve!", "question_4": "Approve beat Disapprove, 501 to 316, 61.3% to 38.7%; total votes 817.", "question_4_winner": "Yes-approve!", "question_5": "Approve beat Disapprove, 713 to 111, 86.5% to 13.5%; total votes 824.", "question_5_winner": "Yes-approve!", "question_6": "Approve beat Disapprove, 438 to 386, 53.2% to 46.8%; total votes 824.", "question_6_winner": "Yes-approve!", "dem_primary_mayor": "Zohran Kwame Mamdani beat Brad Lander, 482 to 104, 71.6% to 15.5%; total votes 673.", "dem_primary_mayor_winner": "Mamdani", "dem_primary_public_advocate": "Jumaane D. Williams beat Jenifer Rajkumar, 483 to 73, 81.7% to 12.4%; total votes 591.", "dem_primary_public_advocate_winner": "Williams", "dem_primary_comptroller": "Justin Brannan beat Mark D. Levine, 358 to 165, 60.9% to 28.1%; total votes 588.", "dem_primary_comptroller_winner": "Brannan", "popup_summary": "Mayor: ZOHRAN KWAME MAMDANI beat ANDREW M. CUOMO, 709 to 144, 78.9% to 16.0%; total votes 899. | Public Advocate: JUMAANE D. WILLIAMS beat GONZALO DURAN, 739 to 108, 85.9% to 12.6%; total votes 860. | City Comptroller: MARK D. LEVINE beat PETER KEFALAS, 721 to 100, 85.9% to 11.9%; total votes 839. | Question 1: Disapprove beat Approve, 453 to 372, 54.9% to 45.1%; total votes 825. | Question 2: Approve beat Disapprove, 534 to 302, 63.9% to 36.1%; total votes 836. | Question 3: Approve beat Disapprove, 519 to 305, 63.0% to 37.0%; total votes 824. | Question 4: Approve beat Disapprove, 501 to 316, 61.3% to 38.7%; total votes 817. | Question 5: Approve beat Disapprove, 713 to 111, 86.5% to 13.5%; total votes 824. | Question 6: Approve beat Disapprove, 438 to 386, 53.2% to 46.8%; total votes 824. | Dem Primary Mayor: Zohran Kwame Mamdani beat Brad Lander, 482 to 104, 71.6% to 15.5%; total votes 673. | Dem Primary Public Advocate: Jumaane D. Williams beat Jenifer Rajkumar, 483 to 73, 81.7% to 12.4%; total votes 591. | Dem Primary Comptroller: Justin Brannan beat Mark D. Levine, 358 to 165, 60.9% to 28.1%; total votes 588.", "mayor_margin": 62.9, "q2_yes": 63.9, "q3_yes": 63.0, "q4_yes": 61.3}, "geometry": {"type": "MultiPolygon", "coordinates": [[[[-73.9406442, 40.7331705], [-73.9408098, 40.7331036], [-73.9409784, 40.7330412], [-73.9411498, 40.7329834], [-73.9413239, 40.7329303], [-73.9415003, 40.732882], [-73.9416789, 40.7328386], [-73.9418594, 40.7328], [-73.9420416, 40.7327663], [-73.9426212, 40.7326804], [-73.9427953, 40.7326546], [-73.9437198, 40.732391], [-73.9446119, 40.732071], [-73.9455116, 40.7317503], [-73.9464005, 40.7314248], [-73.9478952, 40.7308838], [-73.9487706, 40.7307221], [-73.94922, 40.7306786], [-73.9506482, 40.7305417], [-73.9514013, 40.7304717], [-73.9514829, 40.7304642], [-73.9515907, 40.7304504], [-73.9525066, 40.73036], [-73.9534694, 40.7302708], [-73.9542452, 40.7301975], [-73.9543786, 40.7309067], [-73.9544945, 40.7316137], [-73.9546091, 40.7323243], [-73.9547272, 40.7330309], [-73.9522184, 40.7332709], [-73.9521281, 40.7332795], [-73.9522583, 40.7339876], [-73.9524379, 40.7346898], [-73.95249, 40.734875], [-73.9525776, 40.7352564], [-73.9526087, 40.7353918], [-73.9526329, 40.7355051], [-73.9527424, 40.7360942], [-73.9528485, 40.7368122], [-73.952961, 40.7375064], [-73.952986, 40.7376495], [-73.9529965, 40.7377943], [-73.9529923, 40.7379395], [-73.9529734, 40.7380839], [-73.9529403, 40.7382261], [-73.9527178, 40.7388911], [-73.952657, 40.7388789], [-73.9525553, 40.7388577], [-73.9523845, 40.7388204], [-73.9521867, 40.7387853], [-73.9521773, 40.7387836], [-73.9521451, 40.7387783], [-73.9521054, 40.738771], [-73.9520334, 40.7387573], [-73.9520175, 40.7387538], [-73.9520051, 40.7387515], [-73.9519879, 40.7387476], [-73.9519773, 40.7387313], [-73.9519729, 40.7387274], [-73.9519547, 40.7387089], [-73.9519493, 40.7387048], [-73.9519437, 40.7387017], [-73.9519359, 40.7386985], [-73.9519276, 40.7386959], [-73.9519106, 40.7386927], [-73.9519024, 40.7386922], [-73.9518945, 40.7386925], [-73.9518871, 40.7386934], [-73.9518804, 40.7386952], [-73.95188, 40.7386953], [-73.9518798, 40.7386954], [-73.9518795, 40.7386956], [-73.9518793, 40.7386957], [-73.951879, 40.7386959], [-73.9518788, 40.7386961], [-73.9518785, 40.7386966], [-73.9518782, 40.7386971], [-73.951878, 40.7386978], [-73.9518779, 40.7386993], [-73.9518783, 40.7387021], [-73.9518804, 40.7387099], [-73.9518807, 40.7387115], [-73.9518807, 40.7387126], [-73.9518806, 40.7387131], [-73.9518804, 40.7387134], [-73.9518803, 40.7387136], [-73.9518802, 40.7387137], [-73.9518801, 40.7387138], [-73.9518799, 40.7387139], [-73.9518798, 40.738714], [-73.9518796, 40.738714], [-73.9518794, 40.7387141], [-73.9518791, 40.7387141], [-73.9518786, 40.7387141], [-73.9518781, 40.738714], [-73.9518579, 40.7387083], [-73.9518127, 40.7386942], [-73.9517171, 40.7386652], [-73.951542, 40.7386113], [-73.9506452, 40.7383645], [-73.9505097, 40.7383227], [-73.9504646, 40.7383096], [-73.9503875, 40.7382848], [-73.9502194, 40.7382215], [-73.9500485, 40.7381581], [-73.9499652, 40.7381245], [-73.9496477, 40.7379977], [-73.9494843, 40.7379339], [-73.949397, 40.7378997], [-73.9492574, 40.737845], [-73.9488438, 40.7376859], [-73.948612, 40.7375955], [-73.9485841, 40.7375846], [-73.9484052, 40.7375138], [-73.9481229, 40.7373972], [-73.9481068, 40.7374337], [-73.9480917, 40.7374677], [-73.9475421, 40.7372789], [-73.9472015, 40.7371664], [-73.9471814, 40.7371613], [-73.9471618, 40.7371549], [-73.9471363, 40.7371447], [-73.9470956, 40.7371249], [-73.9470493, 40.7371], [-73.9470362, 40.7370918], [-73.947034, 40.7370903], [-73.9470057, 40.7370706], [-73.9469886, 40.7370611], [-73.9469683, 40.7370526], [-73.9469105, 40.7370317], [-73.9468599, 40.7370074], [-73.9468398, 40.7369991], [-73.9468216, 40.7369938], [-73.9467782, 40.736984], [-73.9467593, 40.7369787], [-73.9466992, 40.7369578], [-73.9466159, 40.7369246], [-73.9465805, 40.7369443], [-73.9465235, 40.7369269], [-73.9464423, 40.7367806], [-73.9466617, 40.7363657], [-73.9466752, 40.7363406], [-73.9469038, 40.7359137], [-73.9470014, 40.7357169], [-73.9471998, 40.7353552], [-73.9471869, 40.7352308], [-73.9471578, 40.7350323], [-73.9470864, 40.7345459], [-73.9470653, 40.734402], [-73.9465981, 40.7344422], [-73.9466226, 40.7345581], [-73.9467391, 40.7352827], [-73.9466991, 40.7353561], [-73.94656, 40.7356031], [-73.9465546, 40.735613], [-73.9465475, 40.7356257], [-73.9465418, 40.735636], [-73.9465288, 40.7356593], [-73.946513, 40.7356874], [-73.9464901, 40.7357286], [-73.9464645, 40.7357749], [-73.9464431, 40.7358132], [-73.9464305, 40.7358354], [-73.9464005, 40.7358891], [-73.9463072, 40.7360575], [-73.9462475, 40.7361662], [-73.946172, 40.7362029], [-73.9458731, 40.7361018], [-73.9455705, 40.7366123], [-73.9455326, 40.7366051], [-73.94552, 40.7365907], [-73.9455453, 40.7365378], [-73.9454158, 40.7365017], [-73.9454, 40.7365378], [-73.945359, 40.7365498], [-73.9452074, 40.7365089], [-73.9452011, 40.7364872], [-73.9452201, 40.736444], [-73.9450781, 40.7363935], [-73.9450591, 40.7364391], [-73.9450338, 40.7364487], [-73.9449991, 40.7364367], [-73.9449991, 40.7364175], [-73.9452549, 40.7358928], [-73.9451851, 40.7354792], [-73.945033, 40.7354286], [-73.9450279, 40.7354505], [-73.9450218, 40.7354749], [-73.9450064, 40.7355314], [-73.9449906, 40.7355703], [-73.9449612, 40.7356342], [-73.9449231, 40.7357028], [-73.9448854, 40.7357664], [-73.9448621, 40.7358105], [-73.9448365, 40.7358678], [-73.9447855, 40.7359645], [-73.9447727, 40.7359858], [-73.9447592, 40.7360041], [-73.9447395, 40.7360242], [-73.9446905, 40.7360641], [-73.9446709, 40.7360828], [-73.944633, 40.7361239], [-73.9446127, 40.7361474], [-73.9445773, 40.7361912], [-73.9445677, 40.7362028], [-73.9445496, 40.7362247], [-73.944549, 40.7362253], [-73.9445484, 40.7362259], [-73.9445468, 40.7362269], [-73.9445449, 40.7362278], [-73.9445426, 40.7362286], [-73.9445392, 40.7362293], [-73.9445272, 40.736231], [-73.9445243, 40.7362316], [-73.9445219, 40.7362323], [-73.9445201, 40.736233], [-73.9445185, 40.7362338], [-73.9445172, 40.7362348], [-73.9445162, 40.7362359], [-73.9445157, 40.7362368], [-73.9445153, 40.7362376], [-73.9445153, 40.736238], [-73.9445152, 40.7362383], [-73.9445153, 40.7362387], [-73.9445154, 40.7362391], [-73.9445155, 40.7362395], [-73.9445157, 40.7362399], [-73.9445163, 40.7362406], [-73.944517, 40.7362414], [-73.9445181, 40.7362422], [-73.9445201, 40.7362434], [-73.9445228, 40.7362447], [-73.9445369, 40.7362507], [-73.94454, 40.7362524], [-73.9445412, 40.7362532], [-73.9445422, 40.736254], [-73.944543, 40.7362548], [-73.9445436, 40.7362556], [-73.9445442, 40.7362565], [-73.9445445, 40.7362575], [-73.9445448, 40.7362585], [-73.9445449, 40.7362596], [-73.9445448, 40.7362619], [-73.944544, 40.7362643], [-73.9445428, 40.7362669], [-73.9445411, 40.7362695], [-73.9445389, 40.7362721], [-73.9445332, 40.7362772], [-73.94453, 40.7362793], [-73.9445267, 40.7362812], [-73.9445201, 40.7362837], [-73.9445154, 40.7362844], [-73.9444924, 40.7362831], [-73.9444814, 40.7362815], [-73.9444641, 40.7362787], [-73.9444284, 40.7362703], [-73.9443909, 40.7362587], [-73.9443236, 40.7362326], [-73.9442225, 40.7361877], [-73.9432997, 40.7358236], [-73.9432135, 40.7357905], [-73.9431679, 40.7357675], [-73.9431051, 40.7357358], [-73.9430069, 40.7356887], [-73.9429441, 40.7356602], [-73.9428804, 40.7356329], [-73.9428419, 40.7356172], [-73.9423944, 40.7354257], [-73.9421225, 40.7352338], [-73.9421054, 40.735219], [-73.9419689, 40.735119], [-73.9417723, 40.7349821], [-73.9417382, 40.7349507], [-73.9417919, 40.7349129], [-73.9417862, 40.7348949], [-73.9417631, 40.7348594], [-73.9416937, 40.7347694], [-73.9416066, 40.7346877], [-73.9415457, 40.7347343], [-73.941298, 40.7343763], [-73.9411475, 40.7341529], [-73.9409975, 40.7337905], [-73.9411562, 40.7337489], [-73.9411353, 40.7337028], [-73.9410384, 40.7334883], [-73.9409421, 40.7335087], [-73.9409291, 40.7335114], [-73.9409176, 40.733484], [-73.9408991, 40.7334404], [-73.9408182, 40.7332489], [-73.9407256, 40.7332912], [-73.9406442, 40.7331705]]]]}}, {"type": "Feature", "properties": {"felt:feature": 5, "ed_label": "AD 50 ED 005", "elect_dist": "50005", "borough": "Brooklyn", "community_board": 1, "community_board_label": "Brooklyn CB1", "popup_title": "Brooklyn CB1 \u2014 AD 50 ED 005", "general_mayor": "ZOHRAN KWAME MAMDANI beat ANDREW M. CUOMO, 656 to 177, 74.6% to 20.1%; total votes 879.", "general_mayor_winner": "Mamdani", "general_public_advocate": "JUMAANE D. WILLIAMS beat GONZALO DURAN, 699 to 110, 84.9% to 13.4%; total votes 823.", "general_public_advocate_winner": "Williams", "general_comptroller": "MARK D. LEVINE beat PETER KEFALAS, 687 to 97, 86.4% to 12.2%; total votes 795.", "general_comptroller_winner": "Levine", "question_1": "Disapprove beat Approve, 458 to 348, 56.8% to 43.2%; total votes 806.", "question_1_winner": "No-disapprove!", "question_2": "Approve beat Disapprove, 518 to 290, 64.1% to 35.9%; total votes 808.", "question_2_winner": "Yes-approve!", "question_3": "Approve beat Disapprove, 483 to 317, 60.4% to 39.6%; total votes 800.", "question_3_winner": "Yes-approve!", "question_4": "Approve beat Disapprove, 501 to 300, 62.5% to 37.5%; total votes 801.", "question_4_winner": "Yes-approve!", "question_5": "Approve beat Disapprove, 690 to 113, 85.9% to 14.1%; total votes 803.", "question_5_winner": "Yes-approve!", "question_6": "Approve beat Disapprove, 408 to 385, 51.5% to 48.5%; total votes 793.", "question_6_winner": "Yes-approve!", "dem_primary_mayor": "Zohran Kwame Mamdani beat Brad Lander, 381 to 92, 68.0% to 16.4%; total votes 560.", "dem_primary_mayor_winner": "Mamdani", "dem_primary_public_advocate": "Jumaane D. Williams beat Jenifer Rajkumar, 392 to 72, 78.2% to 14.4%; total votes 501.", "dem_primary_public_advocate_winner": "Williams", "dem_primary_comptroller": "Justin Brannan beat Mark D. Levine, 278 to 154, 55.6% to 30.8%; total votes 500.", "dem_primary_comptroller_winner": "Brannan", "popup_summary": "Mayor: ZOHRAN KWAME MAMDANI beat ANDREW M. CUOMO, 656 to 177, 74.6% to 20.1%; total votes 879. | Public Advocate: JUMAANE D. WILLIAMS beat GONZALO DURAN, 699 to 110, 84.9% to 13.4%; total votes 823. | City Comptroller: MARK D. LEVINE beat PETER KEFALAS, 687 to 97, 86.4% to 12.2%; total votes 795. | Question 1: Disapprove beat Approve, 458 to 348, 56.8% to 43.2%; total votes 806. | Question 2: Approve beat Disapprove, 518 to 290, 64.1% to 35.9%; total votes 808. | Question 3: Approve beat Disapprove, 483 to 317, 60.4% to 39.6%; total votes 800. | Question 4: Approve beat Disapprove, 501 to 300, 62.5% to 37.5%; total votes 801. | Question 5: Approve beat Disapprove, 690 to 113, 85.9% to 14.1%; total votes 803. | Question 6: Approve beat Disapprove, 408 to 385, 51.5% to 48.5%; total votes 793. | Dem Primary Mayor: Zohran Kwame Mamdani beat Brad Lander, 381 to 92, 68.0% to 16.4%; total votes 560. | Dem Primary Public Advocate: Jumaane D. Williams beat Jenifer Rajkumar, 392 to 72, 78.2% to 14.4%; total votes 501. | Dem Primary Comptroller: Justin Brannan beat Mark D. Levine, 278 to 154, 55.6% to 30.8%; total votes 500.", "mayor_margin": 54.5, "q2_yes": 64.1, "q3_yes": 60.4, "q4_yes": 62.5}, "geometry": {"type": "MultiPolygon", "coordinates": [[[[-73.9546091, 40.7323243], [-73.9579431, 40.7320092], [-73.9578273, 40.7312988], [-73.9594768, 40.7311412], [-73.9595924, 40.7318517], [-73.9597119, 40.7325588], [-73.9580594, 40.732716], [-73.9581759, 40.7334257], [-73.9548427, 40.7337403], [-73.9523405, 40.7339796], [-73.9522583, 40.7339876], [-73.9521281, 40.7332795], [-73.9522184, 40.7332709], [-73.9547272, 40.7330309], [-73.9546091, 40.7323243]]]]}}, {"type": "Feature", "properties": {"felt:feature": 6, "ed_label": "AD 50 ED 006", "elect_dist": "50006", "borough": "Brooklyn", "community_board": 1, "community_board_label": "Brooklyn CB1", "popup_title": "Brooklyn CB1 \u2014 AD 50 ED 006", "general_mayor": "ZOHRAN KWAME MAMDANI beat ANDREW M. CUOMO, 534 to 127, 76.5% to 18.2%; total votes 698.", "general_mayor_winner": "Mamdani", "general_public_advocate": "JUMAANE D. WILLIAMS beat GONZALO DURAN, 561 to 89, 84.6% to 13.4%; total votes 663.", "general_public_advocate_winner": "Williams", "general_comptroller": "MARK D. LEVINE beat PETER KEFALAS, 548 to 83, 85.5% to 12.9%; total votes 641.", "general_comptroller_winner": "Levine", "question_1": "Disapprove beat Approve, 353 to 279, 55.9% to 44.1%; total votes 632.", "question_1_winner": "No-disapprove!", "question_2": "Approve beat Disapprove, 387 to 255, 60.3% to 39.7%; total votes 642.", "question_2_winner": "Yes-approve!", "question_3": "Approve beat Disapprove, 372 to 262, 58.7% to 41.3%; total votes 634.", "question_3_winner": "Yes-approve!", "question_4": "Approve beat Disapprove, 369 to 260, 58.7% to 41.3%; total votes 629.", "question_4_winner": "Yes-approve!", "question_5": "Approve beat Disapprove, 536 to 97, 84.7% to 15.3%; total votes 633.", "question_5_winner": "Yes-approve!", "question_6": "Approve beat Disapprove, 322 to 305, 51.4% to 48.6%; total votes 627.", "question_6_winner": "Yes-approve!", "dem_primary_mayor": "Zohran Kwame Mamdani beat Brad Lander, 344 to 80, 69.6% to 16.2%; total votes 494.", "dem_primary_mayor_winner": "Mamdani", "dem_primary_public_advocate": "Jumaane D. Williams beat Jenifer Rajkumar, 344 to 56, 80.0% to 13.0%; total votes 430.", "dem_primary_public_advocate_winner": "Williams", "dem_primary_comptroller": "Justin Brannan beat Mark D. Levine, 252 to 131, 58.7% to 30.5%; total votes 429.", "dem_primary_comptroller_winner": "Brannan", "popup_summary": "Mayor: ZOHRAN KWAME MAMDANI beat ANDREW M. CUOMO, 534 to 127, 76.5% to 18.2%; total votes 698. | Public Advocate: JUMAANE D. WILLIAMS beat GONZALO DURAN, 561 to 89, 84.6% to 13.4%; total votes 663. | City Comptroller: MARK D. LEVINE beat PETER KEFALAS, 548 to 83, 85.5% to 12.9%; total votes 641. | Question 1: Disapprove beat Approve, 353 to 279, 55.9% to 44.1%; total votes 632. | Question 2: Approve beat Disapprove, 387 to 255, 60.3% to 39.7%; total votes 642. | Question 3: Approve beat Disapprove, 372 to 262, 58.7% to 41.3%; total votes 634. | Question 4: Approve beat Disapprove, 369 to 260, 58.7% to 41.3%; total votes 629. | Question 5: Approve beat Disapprove, 536 to 97, 84.7% to 15.3%; total votes 633. | Question 6: Approve beat Disapprove, 322 to 305, 51.4% to 48.6%; total votes 627. | Dem Primary Mayor: Zohran Kwame Mamdani beat Brad Lander, 344 to 80, 69.6% to 16.2%; total votes 494. | Dem Primary Public Advocate: Jumaane D. Williams beat Jenifer Rajkumar, 344 to 56, 80.0% to 13.0%; total votes 430. | Dem Primary Comptroller: Justin Brannan beat Mark D. Levine, 252 to 131, 58.7% to 30.5%; total votes 429.", "mayor_margin": 58.3, "q2_yes": 60.3, "q3_yes": 58.7, "q4_yes": 58.7}, "geometry": {"type": "MultiPolygon", "coordinates": [[[[-73.9542452, 40.7301975], [-73.9575942, 40.7298787], [-73.9577109, 40.7305891], [-73.9578273, 40.7312988], [-73.9579431, 40.7320092], [-73.9546091, 40.7323243], [-73.9544945, 40.7316137], [-73.9543786, 40.7309067], [-73.9542452, 40.7301975]]]]}}, {"type": "Feature", "properties": {"felt:feature": 7, "ed_label": "AD 50 ED 007", "elect_dist": "50007", "borough": "Brooklyn", "community_board": 1, "community_board_label": "Brooklyn CB1", "popup_title": "Brooklyn CB1 \u2014 AD 50 ED 007", "general_mayor": "ZOHRAN KWAME MAMDANI beat ANDREW M. CUOMO, 525 to 172, 72.4% to 23.7%; total votes 725.", "general_mayor_winner": "Mamdani", "general_public_advocate": "JUMAANE D. WILLIAMS beat GONZALO DURAN, 592 to 86, 85.1% to 12.4%; total votes 696.", "general_public_advocate_winner": "Williams", "general_comptroller": "MARK D. LEVINE beat PETER KEFALAS, 599 to 75, 87.2% to 10.9%; total votes 687.", "general_comptroller_winner": "Levine", "question_1": "Disapprove beat Approve, 363 to 324, 52.8% to 47.2%; total votes 687.", "question_1_winner": "No-disapprove!", "question_2": "Approve beat Disapprove, 453 to 240, 65.4% to 34.6%; total votes 693.", "question_2_winner": "Yes-approve!", "question_3": "Approve beat Disapprove, 463 to 225, 67.3% to 32.7%; total votes 688.", "question_3_winner": "Yes-approve!", "question_4": "Approve beat Disapprove, 453 to 236, 65.7% to 34.3%; total votes 689.", "question_4_winner": "Yes-approve!", "question_5": "Approve beat Disapprove, 631 to 59, 91.4% to 8.6%; total votes 690.", "question_5_winner": "Yes-approve!", "question_6": "Approve beat Disapprove, 372 to 311, 54.5% to 45.5%; total votes 683.", "question_6_winner": "Yes-approve!", "dem_primary_mayor": "Zohran Kwame Mamdani beat Brad Lander, 300 to 96, 63.7% to 20.4%; total votes 471.", "dem_primary_mayor_winner": "Mamdani", "dem_primary_public_advocate": "Jumaane D. Williams beat Jenifer Rajkumar, 310 to 61, 78.3% to 15.4%; total votes 396.", "dem_primary_public_advocate_winner": "Williams", "dem_primary_comptroller": "Justin Brannan beat Mark D. Levine, 210 to 158, 50.6% to 38.1%; total votes 415.", "dem_primary_comptroller_winner": "Brannan", "popup_summary": "Mayor: ZOHRAN KWAME MAMDANI beat ANDREW M. CUOMO, 525 to 172, 72.4% to 23.7%; total votes 725. | Public Advocate: JUMAANE D. WILLIAMS beat GONZALO DURAN, 592 to 86, 85.1% to 12.4%; total votes 696. | City Comptroller: MARK D. LEVINE beat PETER KEFALAS, 599 to 75, 87.2% to 10.9%; total votes 687. | Question 1: Disapprove beat Approve, 363 to 324, 52.8% to 47.2%; total votes 687. | Question 2: Approve beat Disapprove, 453 to 240, 65.4% to 34.6%; total votes 693. | Question 3: Approve beat Disapprove, 463 to 225, 67.3% to 32.7%; total votes 688. | Question 4: Approve beat Disapprove, 453 to 236, 65.7% to 34.3%; total votes 689. | Question 5: Approve beat Disapprove, 631 to 59, 91.4% to 8.6%; total votes 690. | Question 6: Approve beat Disapprove, 372 to 311, 54.5% to 45.5%; total votes 683. | Dem Primary Mayor: Zohran Kwame Mamdani beat Brad Lander, 300 to 96, 63.7% to 20.4%; total votes 471. | Dem Primary Public Advocate: Jumaane D. Williams beat Jenifer Rajkumar, 310 to 61, 78.3% to 15.4%; total votes 396. | Dem Primary Comptroller: Justin Brannan beat Mark D. Levine, 210 to 158, 50.6% to 38.1%; total votes 415.", "mayor_margin": 48.7, "q2_yes": 65.4, "q3_yes": 67.3, "q4_yes": 65.7}, "geometry": {"type": "MultiPolygon", "coordinates": [[[[-73.9578273, 40.7312988], [-73.9577109, 40.7305891], [-73.9575942, 40.7298787], [-73.9542452, 40.7301975], [-73.9539568, 40.7295028], [-73.9574783, 40.7291695], [-73.9573597, 40.7284588], [-73.9590087, 40.7283127], [-73.9601375, 40.7282024], [-73.9610926, 40.7281085], [-73.9611416, 40.7281037], [-73.9610169, 40.7287044], [-73.9611509, 40.7295362], [-73.9612826, 40.730061], [-73.9612845, 40.7301591], [-73.9613014, 40.7302529], [-73.9614284, 40.7309464], [-73.9616745, 40.7314813], [-73.9616985, 40.7315323], [-73.9617129, 40.7315661], [-73.961755, 40.7316647], [-73.9620346, 40.7323804], [-73.9617676, 40.7324008], [-73.9597119, 40.7325588], [-73.9595924, 40.7318517], [-73.9594768, 40.7311412], [-73.9578273, 40.7312988]]]]}}, {"type": "Feature", "properties": {"felt:feature": 8, "ed_label": "AD 50 ED 008", "elect_dist": "50008", "borough": "Brooklyn", "community_board": 1, "community_board_label": "Brooklyn CB1", "popup_title": "Brooklyn CB1 \u2014 AD 50 ED 008", "general_mayor": "ZOHRAN KWAME MAMDANI beat ANDREW M. CUOMO, 820 to 215, 74.7% to 19.6%; total votes 1098.", "general_mayor_winner": "Mamdani", "general_public_advocate": "JUMAANE D. WILLIAMS beat GONZALO DURAN, 888 to 142, 84.4% to 13.5%; total votes 1052.", "general_public_advocate_winner": "Williams", "general_comptroller": "MARK D. LEVINE beat PETER KEFALAS, 886 to 127, 86.4% to 12.4%; total votes 1026.", "general_comptroller_winner": "Levine", "question_1": "Approve beat Disapprove, 531 to 493, 51.9% to 48.1%; total votes 1024.", "question_1_winner": "Yes-approve!", "question_2": "Approve beat Disapprove, 664 to 373, 64.0% to 36.0%; total votes 1037.", "question_2_winner": "Yes-approve!", "question_3": "Approve beat Disapprove, 658 to 369, 64.1% to 35.9%; total votes 1027.", "question_3_winner": "Yes-approve!", "question_4": "Approve beat Disapprove, 625 to 388, 61.7% to 38.3%; total votes 1013.", "question_4_winner": "Yes-approve!", "question_5": "Approve beat Disapprove, 903 to 113, 88.9% to 11.1%; total votes 1016.", "question_5_winner": "Yes-approve!", "question_6": "Approve beat Disapprove, 554 to 456, 54.9% to 45.1%; total votes 1010.", "question_6_winner": "Yes-approve!", "dem_primary_mayor": "Zohran Kwame Mamdani beat Brad Lander, 472 to 98, 69.6% to 14.5%; total votes 678.", "dem_primary_mayor_winner": "Mamdani", "dem_primary_public_advocate": "Jumaane D. Williams beat Jenifer Rajkumar, 486 to 60, 83.1% to 10.3%; total votes 585.", "dem_primary_public_advocate_winner": "Williams", "dem_primary_comptroller": "Justin Brannan beat Mark D. Levine, 353 to 189, 59.3% to 31.8%; total votes 595.", "dem_primary_comptroller_winner": "Brannan", "popup_summary": "Mayor: ZOHRAN KWAME MAMDANI beat ANDREW M. CUOMO, 820 to 215, 74.7% to 19.6%; total votes 1098. | Public Advocate: JUMAANE D. WILLIAMS beat GONZALO DURAN, 888 to 142, 84.4% to 13.5%; total votes 1052. | City Comptroller: MARK D. LEVINE beat PETER KEFALAS, 886 to 127, 86.4% to 12.4%; total votes 1026. | Question 1: Approve beat Disapprove, 531 to 493, 51.9% to 48.1%; total votes 1024. | Question 2: Approve beat Disapprove, 664 to 373, 64.0% to 36.0%; total votes 1037. | Question 3: Approve beat Disapprove, 658 to 369, 64.1% to 35.9%; total votes 1027. | Question 4: Approve beat Disapprove, 625 to 388, 61.7% to 38.3%; total votes 1013. | Question 5: Approve beat Disapprove, 903 to 113, 88.9% to 11.1%; total votes 1016. | Question 6: Approve beat Disapprove, 554 to 456, 54.9% to 45.1%; total votes 1010. | Dem Primary Mayor: Zohran Kwame Mamdani beat Brad Lander, 472 to 98, 69.6% to 14.5%; total votes 678. | Dem Primary Public Advocate: Jumaane D. Williams beat Jenifer Rajkumar, 486 to 60, 83.1% to 10.3%; total votes 585. | Dem Primary Comptroller: Justin Brannan beat Mark D. Levine, 353 to 189, 59.3% to 31.8%; total votes 595.", "mayor_margin": 55.1, "q2_yes": 64.0, "q3_yes": 64.1, "q4_yes": 61.7}, "geometry": {"type": "MultiPolygon", "coordinates": [[[[-73.9524123, 40.7284179], [-73.953273, 40.7281332], [-73.9541367, 40.7278478], [-73.9549791, 40.7275684], [-73.9558061, 40.7272961], [-73.956335, 40.7271227], [-73.9567416, 40.727081], [-73.9569415, 40.7270605], [-73.9572181, 40.7270327], [-73.9573534, 40.7262997], [-73.9586276, 40.7261912], [-73.9597926, 40.7261034], [-73.9602854, 40.7259481], [-73.9610634, 40.7258449], [-73.9616152, 40.7258656], [-73.9616528, 40.7262039], [-73.9616172, 40.7266614], [-73.9614992, 40.7267511], [-73.9614183, 40.7273562], [-73.9611416, 40.7281037], [-73.9610926, 40.7281085], [-73.9601375, 40.7282024], [-73.9590087, 40.7283127], [-73.9573597, 40.7284588], [-73.9574783, 40.7291695], [-73.9539568, 40.7295028], [-73.9542452, 40.7301975], [-73.9534694, 40.7302708], [-73.9524123, 40.7284179]]]]}}, {"type": "Feature", "properties": {"felt:feature": 9, "ed_label": "AD 50 ED 009", "elect_dist": "50009", "borough": "Brooklyn", "community_board": 1, "community_board_label": "Brooklyn CB1", "popup_title": "Brooklyn CB1 \u2014 AD 50 ED 009", "general_mayor": "ZOHRAN KWAME MAMDANI beat ANDREW M. CUOMO, 290 to 143, 63.2% to 31.2%; total votes 459.", "general_mayor_winner": "Mamdani", "general_public_advocate": "JUMAANE D. WILLIAMS beat GONZALO DURAN, 355 to 63, 82.6% to 14.7%; total votes 430.", "general_public_advocate_winner": "Williams", "general_comptroller": "MARK D. LEVINE beat PETER KEFALAS, 356 to 58, 84.0% to 13.7%; total votes 424.", "general_comptroller_winner": "Levine", "question_1": "Approve beat Disapprove, 228 to 202, 53.0% to 47.0%; total votes 430.", "question_1_winner": "Yes-approve!", "question_2": "Approve beat Disapprove, 304 to 132, 69.7% to 30.3%; total votes 436.", "question_2_winner": "Yes-approve!", "question_3": "Approve beat Disapprove, 311 to 121, 72.0% to 28.0%; total votes 432.", "question_3_winner": "Yes-approve!", "question_4": "Approve beat Disapprove, 291 to 136, 68.2% to 31.9%; total votes 427.", "question_4_winner": "Yes-approve!", "question_5": "Approve beat Disapprove, 386 to 51, 88.3% to 11.7%; total votes 437.", "question_5_winner": "Yes-approve!", "question_6": "Approve beat Disapprove, 243 to 187, 56.5% to 43.5%; total votes 430.", "question_6_winner": "Yes-approve!", "dem_primary_mayor": "Zohran Kwame Mamdani beat Brad Lander, 154 to 55, 57.0% to 20.4%; total votes 270.", "dem_primary_mayor_winner": "Mamdani", "dem_primary_public_advocate": "Jumaane D. Williams beat Jenifer Rajkumar, 160 to 50, 71.7% to 22.4%; total votes 223.", "dem_primary_public_advocate_winner": "Williams", "dem_primary_comptroller": "Mark D. Levine beat Justin Brannan, 102 to 98, 45.3% to 43.6%; total votes 225.", "dem_primary_comptroller_winner": "Levine", "popup_summary": "Mayor: ZOHRAN KWAME MAMDANI beat ANDREW M. CUOMO, 290 to 143, 63.2% to 31.2%; total votes 459. | Public Advocate: JUMAANE D. WILLIAMS beat GONZALO DURAN, 355 to 63, 82.6% to 14.7%; total votes 430. | City Comptroller: MARK D. LEVINE beat PETER KEFALAS, 356 to 58, 84.0% to 13.7%; total votes 424. | Question 1: Approve beat Disapprove, 228 to 202, 53.0% to 47.0%; total votes 430. | Question 2: Approve beat Disapprove, 304 to 132, 69.7% to 30.3%; total votes 436. | Question 3: Approve beat Disapprove, 311 to 121, 72.0% to 28.0%; total votes 432. | Question 4: Approve beat Disapprove, 291 to 136, 68.2% to 31.9%; total votes 427. | Question 5: Approve beat Disapprove, 386 to 51, 88.3% to 11.7%; total votes 437. | Question 6: Approve beat Disapprove, 243 to 187, 56.5% to 43.5%; total votes 430. | Dem Primary Mayor: Zohran Kwame Mamdani beat Brad Lander, 154 to 55, 57.0% to 20.4%; total votes 270. | Dem Primary Public Advocate: Jumaane D. Williams beat Jenifer Rajkumar, 160 to 50, 71.7% to 22.4%; total votes 223. | Dem Primary Comptroller: Mark D. Levine beat Justin Brannan, 102 to 98, 45.3% to 43.6%; total votes 225.", "mayor_margin": 32.0, "q2_yes": 69.7, "q3_yes": 72.0, "q4_yes": 68.2}, "geometry": {"type": "MultiPolygon", "coordinates": [[[[-73.9542698, 40.7246003], [-73.9533204, 40.7229327], [-73.9524959, 40.7232177], [-73.9516463, 40.7234859], [-73.9506459, 40.7217057], [-73.9527093, 40.7204512], [-73.9534687, 40.7197982], [-73.9547534, 40.7206008], [-73.9560378, 40.7213977], [-73.9566301, 40.720846], [-73.9572254, 40.7202926], [-73.9578206, 40.7197406], [-73.9584162, 40.7191888], [-73.959842, 40.7200746], [-73.9611269, 40.7208733], [-73.9614899, 40.7211222], [-73.9627567, 40.722399], [-73.9622535, 40.7235323], [-73.962235, 40.7235703], [-73.9620727, 40.7238803], [-73.9620074, 40.7239919], [-73.9619026, 40.7240983], [-73.9618943, 40.7241067], [-73.9616598, 40.7248605], [-73.9621146, 40.7251481], [-73.9619024, 40.7253205], [-73.9617607, 40.7252288], [-73.9615368, 40.7251089], [-73.9614126, 40.7251772], [-73.9611637, 40.7252646], [-73.9604323, 40.7251141], [-73.9603665, 40.7250473], [-73.9587593, 40.7245414], [-73.9583308, 40.7244117], [-73.9581429, 40.7244043], [-73.9580392, 40.7244274], [-73.9579418, 40.7246492], [-73.957951, 40.7250364], [-73.9582759, 40.7251675], [-73.9583518, 40.7251981], [-73.9584261, 40.7254005], [-73.960125, 40.7253196], [-73.9602854, 40.7259481], [-73.9597926, 40.7261034], [-73.9586276, 40.7261912], [-73.9573534, 40.7262997], [-73.9574935, 40.7255234], [-73.9575676, 40.7251215], [-73.9576336, 40.7247594], [-73.9577199, 40.724285], [-73.9562731, 40.7233899], [-73.9556708, 40.7239431], [-73.9553065, 40.7242664], [-73.9551382, 40.7243286], [-73.9542698, 40.7246003]]]]}}, {"type": "Feature", "properties": {"felt:feature": 10, "ed_label": "AD 50 ED 010", "elect_dist": "50010", "borough": "Brooklyn", "community_board": 1, "community_board_label": "Brooklyn CB1", "popup_title": "Brooklyn CB1 \u2014 AD 50 ED 010", "general_mayor": "ZOHRAN KWAME MAMDANI beat ANDREW M. CUOMO, 332 to 64, 80.6% to 15.5%; total votes 412.", "general_mayor_winner": "Mamdani", "general_public_advocate": "JUMAANE D. WILLIAMS beat GONZALO DURAN, 342 to 47, 86.8% to 11.9%; total votes 394.", "general_public_advocate_winner": "Williams", "general_comptroller": "MARK D. LEVINE beat PETER KEFALAS, 336 to 46, 87.5% to 12.0%; total votes 384.", "general_comptroller_winner": "Levine", "question_1": "Disapprove beat Approve, 203 to 174, 53.8% to 46.2%; total votes 377.", "question_1_winner": "No-disapprove!", "question_2": "Approve beat Disapprove, 252 to 137, 64.8% to 35.2%; total votes 389.", "question_2_winner": "Yes-approve!", "question_3": "Approve beat Disapprove, 236 to 143, 62.3% to 37.7%; total votes 379.", "question_3_winner": "Yes-approve!", "question_4": "Approve beat Disapprove, 238 to 143, 62.5% to 37.5%; total votes 381.", "question_4_winner": "Yes-approve!", "question_5": "Approve beat Disapprove, 344 to 44, 88.7% to 11.3%; total votes 388.", "question_5_winner": "Yes-approve!", "question_6": "Approve beat Disapprove, 204 to 176, 53.7% to 46.3%; total votes 380.", "question_6_winner": "Yes-approve!", "dem_primary_mayor": "Zohran Kwame Mamdani beat Brad Lander, 228 to 24, 81.4% to 8.6%; total votes 280.", "dem_primary_mayor_winner": "Mamdani", "dem_primary_public_advocate": "Jumaane D. Williams beat Jenifer Rajkumar, 198 to 35, 77.6% to 13.7%; total votes 255.", "dem_primary_public_advocate_winner": "Williams", "dem_primary_comptroller": "Justin Brannan beat Mark D. Levine, 155 to 68, 60.8% to 26.7%; total votes 255.", "dem_primary_comptroller_winner": "Brannan", "popup_summary": "Mayor: ZOHRAN KWAME MAMDANI beat ANDREW M. CUOMO, 332 to 64, 80.6% to 15.5%; total votes 412. | Public Advocate: JUMAANE D. WILLIAMS beat GONZALO DURAN, 342 to 47, 86.8% to 11.9%; total votes 394. | City Comptroller: MARK D. LEVINE beat PETER KEFALAS, 336 to 46, 87.5% to 12.0%; total votes 384. | Question 1: Disapprove beat Approve, 203 to 174, 53.8% to 46.2%; total votes 377. | Question 2: Approve beat Disapprove, 252 to 137, 64.8% to 35.2%; total votes 389. | Question 3: Approve beat Disapprove, 236 to 143, 62.3% to 37.7%; total votes 379. | Question 4: Approve beat Disapprove, 238 to 143, 62.5% to 37.5%; total votes 381. | Question 5: Approve beat Disapprove, 344 to 44, 88.7% to 11.3%; total votes 388. | Question 6: Approve beat Disapprove, 204 to 176, 53.7% to 46.3%; total votes 380. | Dem Primary Mayor: Zohran Kwame Mamdani beat Brad Lander, 228 to 24, 81.4% to 8.6%; total votes 280. | Dem Primary Public Advocate: Jumaane D. Williams beat Jenifer Rajkumar, 198 to 35, 77.6% to 13.7%; total votes 255. | Dem Primary Comptroller: Justin Brannan beat Mark D. Levine, 155 to 68, 60.8% to 26.7%; total votes 255.", "mayor_margin": 65.1, "q2_yes": 64.8, "q3_yes": 62.3, "q4_yes": 62.5}, "geometry": {"type": "MultiPolygon", "coordinates": [[[[-73.9470936, 40.7227751], [-73.9471694, 40.7227641], [-73.9474742, 40.7227275], [-73.948165, 40.7226548], [-73.9490782, 40.7225403], [-73.949866, 40.7221795], [-73.9507889, 40.7237714], [-73.9499241, 40.7240561], [-73.9490825, 40.7243364], [-73.9482503, 40.7246109], [-73.9481719, 40.7246368], [-73.9475508, 40.7235436], [-73.9470936, 40.7227751]]]]}}, {"type": "Feature", "properties": {"felt:feature": 11, "ed_label": "AD 50 ED 011", "elect_dist": "50011", "borough": "Brooklyn", "community_board": 1, "community_board_label": "Brooklyn CB1", "popup_title": "Brooklyn CB1 \u2014 AD 50 ED 011", "general_mayor": "ZOHRAN KWAME MAMDANI beat ANDREW M. CUOMO, 489 to 93, 77.7% to 14.8%; total votes 629.", "general_mayor_winner": "Mamdani", "general_public_advocate": "JUMAANE D. WILLIAMS beat GONZALO DURAN, 503 to 87, 83.6% to 14.5%; total votes 602.", "general_public_advocate_winner": "Williams", "general_comptroller": "MARK D. LEVINE beat PETER KEFALAS, 489 to 87, 83.6% to 14.9%; total votes 585.", "general_comptroller_winner": "Levine", "question_1": "Disapprove beat Approve, 303 to 282, 51.8% to 48.2%; total votes 585.", "question_1_winner": "No-disapprove!", "question_2": "Approve beat Disapprove, 380 to 209, 64.5% to 35.5%; total votes 589.", "question_2_winner": "Yes-approve!", "question_3": "Approve beat Disapprove, 368 to 223, 62.3% to 37.7%; total votes 591.", "question_3_winner": "Yes-approve!", "question_4": "Approve beat Disapprove, 339 to 244, 58.1% to 41.9%; total votes 583.", "question_4_winner": "Yes-approve!", "question_5": "Approve beat Disapprove, 500 to 81, 86.1% to 13.9%; total votes 581.", "question_5_winner": "Yes-approve!", "question_6": "Approve beat Disapprove, 301 to 277, 52.1% to 47.9%; total votes 578.", "question_6_winner": "Yes-approve!", "dem_primary_mayor": "Zohran Kwame Mamdani beat Brad Lander, 289 to 64, 73.7% to 16.3%; total votes 392.", "dem_primary_mayor_winner": "Mamdani", "dem_primary_public_advocate": "Jumaane D. Williams beat Jenifer Rajkumar, 305 to 37, 85.4% to 10.4%; total votes 357.", "dem_primary_public_advocate_winner": "Williams", "dem_primary_comptroller": "Justin Brannan beat Mark D. Levine, 231 to 81, 66.2% to 23.2%; total votes 349.", "dem_primary_comptroller_winner": "Brannan", "popup_summary": "Mayor: ZOHRAN KWAME MAMDANI beat ANDREW M. CUOMO, 489 to 93, 77.7% to 14.8%; total votes 629. | Public Advocate: JUMAANE D. WILLIAMS beat GONZALO DURAN, 503 to 87, 83.6% to 14.5%; total votes 602. | City Comptroller: MARK D. LEVINE beat PETER KEFALAS, 489 to 87, 83.6% to 14.9%; total votes 585. | Question 1: Disapprove beat Approve, 303 to 282, 51.8% to 48.2%; total votes 585. | Question 2: Approve beat Disapprove, 380 to 209, 64.5% to 35.5%; total votes 589. | Question 3: Approve beat Disapprove, 368 to 223, 62.3% to 37.7%; total votes 591. | Question 4: Approve beat Disapprove, 339 to 244, 58.1% to 41.9%; total votes 583. | Question 5: Approve beat Disapprove, 500 to 81, 86.1% to 13.9%; total votes 581. | Question 6: Approve beat Disapprove, 301 to 277, 52.1% to 47.9%; total votes 578. | Dem Primary Mayor: Zohran Kwame Mamdani beat Brad Lander, 289 to 64, 73.7% to 16.3%; total votes 392. | Dem Primary Public Advocate: Jumaane D. Williams beat Jenifer Rajkumar, 305 to 37, 85.4% to 10.4%; total votes 357. | Dem Primary Comptroller: Justin Brannan beat Mark D. Levine, 231 to 81, 66.2% to 23.2%; total votes 349.", "mayor_margin": 62.9, "q2_yes": 64.5, "q3_yes": 62.3, "q4_yes": 58.1}, "geometry": {"type": "MultiPolygon", "coordinates": [[[[-73.943146, 40.7231835], [-73.9440828, 40.7230972], [-73.9450151, 40.7230034], [-73.9453567, 40.7229658], [-73.9462744, 40.7228635], [-73.9474247, 40.7248846], [-73.9465934, 40.7251579], [-73.9457732, 40.7254318], [-73.94543, 40.7255176], [-73.944498, 40.7256159], [-73.9435689, 40.7257081], [-73.9426361, 40.7257928], [-73.9422218, 40.7232735], [-73.943146, 40.7231835]]]]}}, {"type": "Feature", "properties": {"felt:feature": 12, "ed_label": "AD 50 ED 012", "elect_dist": "50012", "borough": "Brooklyn", "community_board": 1, "community_board_label": "Brooklyn CB1", "popup_title": "Brooklyn CB1 \u2014 AD 50 ED 012", "general_mayor": "ZOHRAN KWAME MAMDANI beat ANDREW M. CUOMO, 383 to 181, 66.3% to 31.3%; total votes 578.", "general_mayor_winner": "Mamdani", "general_public_advocate": "JUMAANE D. WILLIAMS beat GONZALO DURAN, 446 to 89, 82.1% to 16.4%; total votes 543.", "general_public_advocate_winner": "Williams", "general_comptroller": "MARK D. LEVINE beat PETER KEFALAS, 452 to 84, 83.4% to 15.5%; total votes 542.", "general_comptroller_winner": "Levine", "question_1": "Approve beat Disapprove, 299 to 229, 56.6% to 43.4%; total votes 528.", "question_1_winner": "Yes-approve!", "question_2": "Approve beat Disapprove, 358 to 169, 67.9% to 32.1%; total votes 527.", "question_2_winner": "Yes-approve!", "question_3": "Approve beat Disapprove, 362 to 161, 69.2% to 30.8%; total votes 523.", "question_3_winner": "Yes-approve!", "question_4": "Approve beat Disapprove, 328 to 189, 63.4% to 36.6%; total votes 517.", "question_4_winner": "Yes-approve!", "question_5": "Approve beat Disapprove, 495 to 27, 94.8% to 5.2%; total votes 522.", "question_5_winner": "Yes-approve!", "question_6": "Approve beat Disapprove, 314 to 208, 60.2% to 39.8%; total votes 522.", "question_6_winner": "Yes-approve!", "dem_primary_mayor": "Zohran Kwame Mamdani beat Brad Lander, 192 to 95, 49.6% to 24.5%; total votes 387.", "dem_primary_mayor_winner": "Mamdani", "dem_primary_public_advocate": "Jumaane D. Williams beat Jenifer Rajkumar, 235 to 49, 72.8% to 15.2%; total votes 323.", "dem_primary_public_advocate_winner": "Williams", "dem_primary_comptroller": "Justin Brannan beat Mark D. Levine, 161 to 145, 48.3% to 43.5%; total votes 333.", "dem_primary_comptroller_winner": "Brannan", "popup_summary": "Mayor: ZOHRAN KWAME MAMDANI beat ANDREW M. CUOMO, 383 to 181, 66.3% to 31.3%; total votes 578. | Public Advocate: JUMAANE D. WILLIAMS beat GONZALO DURAN, 446 to 89, 82.1% to 16.4%; total votes 543. | City Comptroller: MARK D. LEVINE beat PETER KEFALAS, 452 to 84, 83.4% to 15.5%; total votes 542. | Question 1: Approve beat Disapprove, 299 to 229, 56.6% to 43.4%; total votes 528. | Question 2: Approve beat Disapprove, 358 to 169, 67.9% to 32.1%; total votes 527. | Question 3: Approve beat Disapprove, 362 to 161, 69.2% to 30.8%; total votes 523. | Question 4: Approve beat Disapprove, 328 to 189, 63.4% to 36.6%; total votes 517. | Question 5: Approve beat Disapprove, 495 to 27, 94.8% to 5.2%; total votes 522. | Question 6: Approve beat Disapprove, 314 to 208, 60.2% to 39.8%; total votes 522. | Dem Primary Mayor: Zohran Kwame Mamdani beat Brad Lander, 192 to 95, 49.6% to 24.5%; total votes 387. | Dem Primary Public Advocate: Jumaane D. Williams beat Jenifer Rajkumar, 235 to 49, 72.8% to 15.2%; total votes 323. | Dem Primary Comptroller: Justin Brannan beat Mark D. Levine, 161 to 145, 48.3% to 43.5%; total votes 333.", "mayor_margin": 35.0, "q2_yes": 67.9, "q3_yes": 69.2, "q4_yes": 63.4}, "geometry": {"type": "MultiPolygon", "coordinates": [[[[-73.9628507, 40.7172712], [-73.9633917, 40.7167654], [-73.9638517, 40.7163391], [-73.9644723, 40.7157331], [-73.9648013, 40.7150467], [-73.9651417, 40.7142896], [-73.9655034, 40.7134838], [-73.9671361, 40.7139254], [-73.9679757, 40.7141505], [-73.9683913, 40.7142619], [-73.9680083, 40.7151207], [-73.9676545, 40.7158691], [-73.9673639, 40.7164837], [-73.9672403, 40.7165879], [-73.9672598, 40.716671], [-73.967105, 40.7169084], [-73.9672511, 40.7169867], [-73.9667473, 40.7177378], [-73.9665969, 40.717968], [-73.9665624, 40.7180159], [-73.966552, 40.7180385], [-73.9665367, 40.7180344], [-73.9665275, 40.7180319], [-73.9665126, 40.7180516], [-73.9663133, 40.7183165], [-73.9662163, 40.7182644], [-73.9661983, 40.7182547], [-73.9661419, 40.7183036], [-73.96576, 40.718689], [-73.9657427, 40.7187069], [-73.9655243, 40.7189193], [-73.9653301, 40.7188028], [-73.9646257, 40.7183752], [-73.964135, 40.7180704], [-73.9628507, 40.7172712]]]]}}, {"type": "Feature", "properties": {"felt:feature": 13, "ed_label": "AD 50 ED 013", "elect_dist": "50013", "borough": "Brooklyn", "community_board": 1, "community_board_label": "Brooklyn CB1", "popup_title": "Brooklyn CB1 \u2014 AD 50 ED 013", "general_mayor": "ZOHRAN KWAME MAMDANI beat ANDREW M. CUOMO, 582 to 101, 79.9% to 13.9%; total votes 728.", "general_mayor_winner": "Mamdani", "general_public_advocate": "JUMAANE D. WILLIAMS beat GONZALO DURAN, 613 to 84, 87.1% to 11.9%; total votes 704.", "general_public_advocate_winner": "Williams", "general_comptroller": "MARK D. LEVINE beat PETER KEFALAS, 578 to 88, 84.9% to 12.9%; total votes 681.", "general_comptroller_winner": "Levine", "question_1": "Approve beat Disapprove, 344 to 335, 50.7% to 49.3%; total votes 679.", "question_1_winner": "Yes-approve!", "question_2": "Approve beat Disapprove, 489 to 201, 70.9% to 29.1%; total votes 690.", "question_2_winner": "Yes-approve!", "question_3": "Approve beat Disapprove, 451 to 230, 66.2% to 33.8%; total votes 681.", "question_3_winner": "Yes-approve!", "question_4": "Approve beat Disapprove, 443 to 234, 65.4% to 34.6%; total votes 677.", "question_4_winner": "Yes-approve!", "question_5": "Approve beat Disapprove, 614 to 67, 90.2% to 9.8%; total votes 681.", "question_5_winner": "Yes-approve!", "question_6": "Approve beat Disapprove, 340 to 317, 51.8% to 48.2%; total votes 657.", "question_6_winner": "Yes-approve!", "dem_primary_mayor": "Zohran Kwame Mamdani beat Brad Lander, 356 to 76, 74.9% to 16.0%; total votes 475.", "dem_primary_mayor_winner": "Mamdani", "dem_primary_public_advocate": "Jumaane D. Williams beat Jenifer Rajkumar, 337 to 56, 81.6% to 13.6%; total votes 413.", "dem_primary_public_advocate_winner": "Williams", "dem_primary_comptroller": "Justin Brannan beat Mark D. Levine, 253 to 115, 61.7% to 28.0%; total votes 410.", "dem_primary_comptroller_winner": "Brannan", "popup_summary": "Mayor: ZOHRAN KWAME MAMDANI beat ANDREW M. CUOMO, 582 to 101, 79.9% to 13.9%; total votes 728. | Public Advocate: JUMAANE D. WILLIAMS beat GONZALO DURAN, 613 to 84, 87.1% to 11.9%; total votes 704. | City Comptroller: MARK D. LEVINE beat PETER KEFALAS, 578 to 88, 84.9% to 12.9%; total votes 681. | Question 1: Approve beat Disapprove, 344 to 335, 50.7% to 49.3%; total votes 679. | Question 2: Approve beat Disapprove, 489 to 201, 70.9% to 29.1%; total votes 690. | Question 3: Approve beat Disapprove, 451 to 230, 66.2% to 33.8%; total votes 681. | Question 4: Approve beat Disapprove, 443 to 234, 65.4% to 34.6%; total votes 677. | Question 5: Approve beat Disapprove, 614 to 67, 90.2% to 9.8%; total votes 681. | Question 6: Approve beat Disapprove, 340 to 317, 51.8% to 48.2%; total votes 657. | Dem Primary Mayor: Zohran Kwame Mamdani beat Brad Lander, 356 to 76, 74.9% to 16.0%; total votes 475. | Dem Primary Public Advocate: Jumaane D. Williams beat Jenifer Rajkumar, 337 to 56, 81.6% to 13.6%; total votes 413. | Dem Primary Comptroller: Justin Brannan beat Mark D. Levine, 253 to 115, 61.7% to 28.0%; total votes 410.", "mayor_margin": 66.0, "q2_yes": 70.9, "q3_yes": 66.2, "q4_yes": 65.4}, "geometry": {"type": "MultiPolygon", "coordinates": [[[[-73.9429431, 40.7276617], [-73.9438725, 40.7275712], [-73.9448064, 40.7274849], [-73.9457416, 40.7273815], [-73.9458789, 40.7273546], [-73.9468406, 40.7290306], [-73.9476654, 40.7287584], [-73.9484943, 40.7284849], [-73.9493213, 40.7282123], [-73.9499895, 40.7279915], [-73.9500715, 40.7279636], [-73.9501454, 40.7279399], [-73.9509781, 40.7276644], [-73.9518215, 40.727384], [-73.9524123, 40.7284179], [-73.9534694, 40.7302708], [-73.9525066, 40.73036], [-73.9515907, 40.7304504], [-73.9514829, 40.7304642], [-73.9514013, 40.7304717], [-73.9506482, 40.7305417], [-73.94922, 40.7306786], [-73.9487706, 40.7307221], [-73.9478952, 40.7308838], [-73.9464005, 40.7314248], [-73.9455116, 40.7317503], [-73.9446119, 40.732071], [-73.9437198, 40.732391], [-73.9434642, 40.7308122], [-73.9429431, 40.7276617]]]]}}, {"type": "Feature", "properties": {"felt:feature": 14, "ed_label": "AD 50 ED 014", "elect_dist": "50014", "borough": "Brooklyn", "community_board": 1, "community_board_label": "Brooklyn CB1", "popup_title": "Brooklyn CB1 \u2014 AD 50 ED 014", "general_mayor": "ZOHRAN KWAME MAMDANI beat ANDREW M. CUOMO, 668 to 159, 76.7% to 18.3%; total votes 871.", "general_mayor_winner": "Mamdani", "general_public_advocate": "JUMAANE D. WILLIAMS beat GONZALO DURAN, 712 to 99, 85.4% to 11.9%; total votes 834.", "general_public_advocate_winner": "Williams", "general_comptroller": "MARK D. LEVINE beat PETER KEFALAS, 687 to 99, 85.8% to 12.4%; total votes 801.", "general_comptroller_winner": "Levine", "question_1": "Disapprove beat Approve, 404 to 398, 50.4% to 49.6%; total votes 802.", "question_1_winner": "No-disapprove!", "question_2": "Approve beat Disapprove, 544 to 275, 66.4% to 33.6%; total votes 819.", "question_2_winner": "Yes-approve!", "question_3": "Approve beat Disapprove, 506 to 290, 63.6% to 36.4%; total votes 796.", "question_3_winner": "Yes-approve!", "question_4": "Approve beat Disapprove, 508 to 273, 65.0% to 35.0%; total votes 781.", "question_4_winner": "Yes-approve!", "question_5": "Approve beat Disapprove, 681 to 112, 85.9% to 14.1%; total votes 793.", "question_5_winner": "Yes-approve!", "question_6": "Approve beat Disapprove, 389 to 378, 50.7% to 49.3%; total votes 767.", "question_6_winner": "Yes-approve!", "dem_primary_mayor": "Zohran Kwame Mamdani beat Brad Lander, 422 to 95, 72.0% to 16.2%; total votes 586.", "dem_primary_mayor_winner": "Mamdani", "dem_primary_public_advocate": "Jumaane D. Williams beat Jenifer Rajkumar, 416 to 64, 81.1% to 12.5%; total votes 513.", "dem_primary_public_advocate_winner": "Williams", "dem_primary_comptroller": "Justin Brannan beat Mark D. Levine, 309 to 172, 59.0% to 32.8%; total votes 524.", "dem_primary_comptroller_winner": "Brannan", "popup_summary": "Mayor: ZOHRAN KWAME MAMDANI beat ANDREW M. CUOMO, 668 to 159, 76.7% to 18.3%; total votes 871. | Public Advocate: JUMAANE D. WILLIAMS beat GONZALO DURAN, 712 to 99, 85.4% to 11.9%; total votes 834. | City Comptroller: MARK D. LEVINE beat PETER KEFALAS, 687 to 99, 85.8% to 12.4%; total votes 801. | Question 1: Disapprove beat Approve, 404 to 398, 50.4% to 49.6%; total votes 802. | Question 2: Approve beat Disapprove, 544 to 275, 66.4% to 33.6%; total votes 819. | Question 3: Approve beat Disapprove, 506 to 290, 63.6% to 36.4%; total votes 796. | Question 4: Approve beat Disapprove, 508 to 273, 65.0% to 35.0%; total votes 781. | Question 5: Approve beat Disapprove, 681 to 112, 85.9% to 14.1%; total votes 793. | Question 6: Approve beat Disapprove, 389 to 378, 50.7% to 49.3%; total votes 767. | Dem Primary Mayor: Zohran Kwame Mamdani beat Brad Lander, 422 to 95, 72.0% to 16.2%; total votes 586. | Dem Primary Public Advocate: Jumaane D. Williams beat Jenifer Rajkumar, 416 to 64, 81.1% to 12.5%; total votes 513. | Dem Primary Comptroller: Justin Brannan beat Mark D. Levine, 309 to 172, 59.0% to 32.8%; total votes 524.", "mayor_margin": 58.4, "q2_yes": 66.4, "q3_yes": 63.6, "q4_yes": 65.0}, "geometry": {"type": "MultiPolygon", "coordinates": [[[[-73.9518215, 40.727384], [-73.9526844, 40.7270985], [-73.9517364, 40.7254358], [-73.9525977, 40.7251521], [-73.9534421, 40.7248732], [-73.9542698, 40.7246003], [-73.9551382, 40.7243286], [-73.9553065, 40.7242664], [-73.9556708, 40.7239431], [-73.9562731, 40.7233899], [-73.9577199, 40.724285], [-73.9576336, 40.7247594], [-73.9575676, 40.7251215], [-73.9574935, 40.7255234], [-73.9573534, 40.7262997], [-73.9572181, 40.7270327], [-73.9569415, 40.7270605], [-73.9567416, 40.727081], [-73.956335, 40.7271227], [-73.9558061, 40.7272961], [-73.9549791, 40.7275684], [-73.9541367, 40.7278478], [-73.953273, 40.7281332], [-73.9524123, 40.7284179], [-73.9518215, 40.727384]]]]}}, {"type": "Feature", "properties": {"felt:feature": 15, "ed_label": "AD 50 ED 015", "elect_dist": "50015", "borough": "Brooklyn", "community_board": 1, "community_board_label": "Brooklyn CB1", "popup_title": "Brooklyn CB1 \u2014 AD 50 ED 015", "general_mayor": "ZOHRAN KWAME MAMDANI beat ANDREW M. CUOMO, 529 to 124, 75.4% to 17.7%; total votes 702.", "general_mayor_winner": "Mamdani", "general_public_advocate": "JUMAANE D. WILLIAMS beat GONZALO DURAN, 568 to 92, 84.5% to 13.7%; total votes 672.", "general_public_advocate_winner": "Williams", "general_comptroller": "MARK D. LEVINE beat PETER KEFALAS, 558 to 90, 84.7% to 13.7%; total votes 659.", "general_comptroller_winner": "Levine", "question_1": "Disapprove beat Approve, 328 to 313, 51.2% to 48.8%; total votes 641.", "question_1_winner": "No-disapprove!", "question_2": "Approve beat Disapprove, 415 to 234, 63.9% to 36.1%; total votes 649.", "question_2_winner": "Yes-approve!", "question_3": "Approve beat Disapprove, 405 to 239, 62.9% to 37.1%; total votes 644.", "question_3_winner": "Yes-approve!", "question_4": "Approve beat Disapprove, 394 to 245, 61.7% to 38.3%; total votes 639.", "question_4_winner": "Yes-approve!", "question_5": "Approve beat Disapprove, 552 to 88, 86.2% to 13.8%; total votes 640.", "question_5_winner": "Yes-approve!", "question_6": "Approve beat Disapprove, 364 to 271, 57.3% to 42.7%; total votes 635.", "question_6_winner": "Yes-approve!", "dem_primary_mayor": "Zohran Kwame Mamdani beat Brad Lander, 309 to 86, 66.3% to 18.5%; total votes 466.", "dem_primary_mayor_winner": "Mamdani", "dem_primary_public_advocate": "Jumaane D. Williams beat Jenifer Rajkumar, 338 to 55, 80.7% to 13.1%; total votes 419.", "dem_primary_public_advocate_winner": "Williams", "dem_primary_comptroller": "Justin Brannan beat Mark D. Levine, 230 to 145, 55.2% to 34.8%; total votes 417.", "dem_primary_comptroller_winner": "Brannan", "popup_summary": "Mayor: ZOHRAN KWAME MAMDANI beat ANDREW M. CUOMO, 529 to 124, 75.4% to 17.7%; total votes 702. | Public Advocate: JUMAANE D. WILLIAMS beat GONZALO DURAN, 568 to 92, 84.5% to 13.7%; total votes 672. | City Comptroller: MARK D. LEVINE beat PETER KEFALAS, 558 to 90, 84.7% to 13.7%; total votes 659. | Question 1: Disapprove beat Approve, 328 to 313, 51.2% to 48.8%; total votes 641. | Question 2: Approve beat Disapprove, 415 to 234, 63.9% to 36.1%; total votes 649. | Question 3: Approve beat Disapprove, 405 to 239, 62.9% to 37.1%; total votes 644. | Question 4: Approve beat Disapprove, 394 to 245, 61.7% to 38.3%; total votes 639. | Question 5: Approve beat Disapprove, 552 to 88, 86.2% to 13.8%; total votes 640. | Question 6: Approve beat Disapprove, 364 to 271, 57.3% to 42.7%; total votes 635. | Dem Primary Mayor: Zohran Kwame Mamdani beat Brad Lander, 309 to 86, 66.3% to 18.5%; total votes 466. | Dem Primary Public Advocate: Jumaane D. Williams beat Jenifer Rajkumar, 338 to 55, 80.7% to 13.1%; total votes 419. | Dem Primary Comptroller: Justin Brannan beat Mark D. Levine, 230 to 145, 55.2% to 34.8%; total votes 417.", "mayor_margin": 57.7, "q2_yes": 63.9, "q3_yes": 62.9, "q4_yes": 61.7}, "geometry": {"type": "MultiPolygon", "coordinates": [[[[-73.9508741, 40.7257212], [-73.9499241, 40.7240561], [-73.9507889, 40.7237714], [-73.949866, 40.7221795], [-73.9506459, 40.7217057], [-73.9516463, 40.7234859], [-73.9524959, 40.7232177], [-73.9533204, 40.7229327], [-73.9542698, 40.7246003], [-73.9534421, 40.7248732], [-73.9525977, 40.7251521], [-73.9517364, 40.7254358], [-73.9526844, 40.7270985], [-73.9518215, 40.727384], [-73.9508741, 40.7257212]]]]}}, {"type": "Feature", "properties": {"felt:feature": 16, "ed_label": "AD 50 ED 016", "elect_dist": "50016", "borough": "Brooklyn", "community_board": 1, "community_board_label": "Brooklyn CB1", "popup_title": "Brooklyn CB1 \u2014 AD 50 ED 016", "general_mayor": "ZOHRAN KWAME MAMDANI beat ANDREW M. CUOMO, 602 to 154, 72.9% to 18.6%; total votes 826.", "general_mayor_winner": "Mamdani", "general_public_advocate": "JUMAANE D. WILLIAMS beat GONZALO DURAN, 648 to 127, 82.4% to 16.2%; total votes 786.", "general_public_advocate_winner": "Williams", "general_comptroller": "MARK D. LEVINE beat PETER KEFALAS, 630 to 132, 81.8% to 17.1%; total votes 770.", "general_comptroller_winner": "Levine", "question_1": "Disapprove beat Approve, 453 to 330, 57.9% to 42.1%; total votes 783.", "question_1_winner": "No-disapprove!", "question_2": "Approve beat Disapprove, 464 to 317, 59.4% to 40.6%; total votes 781.", "question_2_winner": "Yes-approve!", "question_3": "Approve beat Disapprove, 441 to 335, 56.8% to 43.2%; total votes 776.", "question_3_winner": "Yes-approve!", "question_4": "Approve beat Disapprove, 437 to 332, 56.8% to 43.2%; total votes 769.", "question_4_winner": "Yes-approve!", "question_5": "Approve beat Disapprove, 634 to 135, 82.4% to 17.6%; total votes 769.", "question_5_winner": "Yes-approve!", "question_6": "Disapprove beat Approve, 399 to 364, 52.3% to 47.7%; total votes 763.", "question_6_winner": "No-disapprove!", "dem_primary_mayor": "Zohran Kwame Mamdani beat Brad Lander, 381 to 72, 73.7% to 13.9%; total votes 517.", "dem_primary_mayor_winner": "Mamdani", "dem_primary_public_advocate": "Jumaane D. Williams beat Jenifer Rajkumar, 372 to 53, 82.3% to 11.7%; total votes 452.", "dem_primary_public_advocate_winner": "Williams", "dem_primary_comptroller": "Justin Brannan beat Mark D. Levine, 291 to 126, 64.4% to 27.9%; total votes 452.", "dem_primary_comptroller_winner": "Brannan", "popup_summary": "Mayor: ZOHRAN KWAME MAMDANI beat ANDREW M. CUOMO, 602 to 154, 72.9% to 18.6%; total votes 826. | Public Advocate: JUMAANE D. WILLIAMS beat GONZALO DURAN, 648 to 127, 82.4% to 16.2%; total votes 786. | City Comptroller: MARK D. LEVINE beat PETER KEFALAS, 630 to 132, 81.8% to 17.1%; total votes 770. | Question 1: Disapprove beat Approve, 453 to 330, 57.9% to 42.1%; total votes 783. | Question 2: Approve beat Disapprove, 464 to 317, 59.4% to 40.6%; total votes 781. | Question 3: Approve beat Disapprove, 441 to 335, 56.8% to 43.2%; total votes 776. | Question 4: Approve beat Disapprove, 437 to 332, 56.8% to 43.2%; total votes 769. | Question 5: Approve beat Disapprove, 634 to 135, 82.4% to 17.6%; total votes 769. | Question 6: Disapprove beat Approve, 399 to 364, 52.3% to 47.7%; total votes 763. | Dem Primary Mayor: Zohran Kwame Mamdani beat Brad Lander, 381 to 72, 73.7% to 13.9%; total votes 517. | Dem Primary Public Advocate: Jumaane D. Williams beat Jenifer Rajkumar, 372 to 53, 82.3% to 11.7%; total votes 452. | Dem Primary Comptroller: Justin Brannan beat Mark D. Levine, 291 to 126, 64.4% to 27.9%; total votes 452.", "mayor_margin": 54.3, "q2_yes": 59.4, "q3_yes": 56.8, "q4_yes": 56.8}, "geometry": {"type": "MultiPolygon", "coordinates": [[[[-73.9458789, 40.7273546], [-73.9467153, 40.7270944], [-73.9475434, 40.7268222], [-73.948372, 40.7265479], [-73.9490277, 40.7263309], [-73.949118, 40.7263011], [-73.9491926, 40.7262764], [-73.9500295, 40.7259992], [-73.9508741, 40.7257212], [-73.9518215, 40.727384], [-73.9509781, 40.7276644], [-73.9501454, 40.7279399], [-73.9500715, 40.7279636], [-73.9499895, 40.7279915], [-73.9493213, 40.7282123], [-73.9484943, 40.7284849], [-73.9476654, 40.7287584], [-73.9468406, 40.7290306], [-73.9458789, 40.7273546]]]]}}, {"type": "Feature", "properties": {"felt:feature": 17, "ed_label": "AD 50 ED 017", "elect_dist": "50017", "borough": "Brooklyn", "community_board": 1, "community_board_label": "Brooklyn CB1", "popup_title": "Brooklyn CB1 \u2014 AD 50 ED 017", "general_mayor": "ZOHRAN KWAME MAMDANI beat ANDREW M. CUOMO, 712 to 160, 75.8% to 17.0%; total votes 939.", "general_mayor_winner": "Mamdani", "general_public_advocate": "JUMAANE D. WILLIAMS beat GONZALO DURAN, 749 to 139, 83.2% to 15.4%; total votes 900.", "general_public_advocate_winner": "Williams", "general_comptroller": "MARK D. LEVINE beat PETER KEFALAS, 725 to 140, 83.0% to 16.0%; total votes 874.", "general_comptroller_winner": "Levine", "question_1": "Disapprove beat Approve, 460 to 420, 52.3% to 47.7%; total votes 880.", "question_1_winner": "No-disapprove!", "question_2": "Approve beat Disapprove, 518 to 370, 58.3% to 41.7%; total votes 888.", "question_2_winner": "Yes-approve!", "question_3": "Approve beat Disapprove, 506 to 373, 57.6% to 42.4%; total votes 879.", "question_3_winner": "Yes-approve!", "question_4": "Approve beat Disapprove, 486 to 383, 55.9% to 44.1%; total votes 869.", "question_4_winner": "Yes-approve!", "question_5": "Approve beat Disapprove, 739 to 144, 83.7% to 16.3%; total votes 883.", "question_5_winner": "Yes-approve!", "question_6": "Approve beat Disapprove, 444 to 431, 50.7% to 49.3%; total votes 875.", "question_6_winner": "Yes-approve!", "dem_primary_mayor": "Zohran Kwame Mamdani beat Brad Lander, 445 to 79, 74.7% to 13.3%; total votes 596.", "dem_primary_mayor_winner": "Mamdani", "dem_primary_public_advocate": "Jumaane D. Williams beat Jenifer Rajkumar, 432 to 66, 80.1% to 12.2%; total votes 539.", "dem_primary_public_advocate_winner": "Williams", "dem_primary_comptroller": "Justin Brannan beat Mark D. Levine, 338 to 141, 63.3% to 26.4%; total votes 534.", "dem_primary_comptroller_winner": "Brannan", "popup_summary": "Mayor: ZOHRAN KWAME MAMDANI beat ANDREW M. CUOMO, 712 to 160, 75.8% to 17.0%; total votes 939. | Public Advocate: JUMAANE D. WILLIAMS beat GONZALO DURAN, 749 to 139, 83.2% to 15.4%; total votes 900. | City Comptroller: MARK D. LEVINE beat PETER KEFALAS, 725 to 140, 83.0% to 16.0%; total votes 874. | Question 1: Disapprove beat Approve, 460 to 420, 52.3% to 47.7%; total votes 880. | Question 2: Approve beat Disapprove, 518 to 370, 58.3% to 41.7%; total votes 888. | Question 3: Approve beat Disapprove, 506 to 373, 57.6% to 42.4%; total votes 879. | Question 4: Approve beat Disapprove, 486 to 383, 55.9% to 44.1%; total votes 869. | Question 5: Approve beat Disapprove, 739 to 144, 83.7% to 16.3%; total votes 883. | Question 6: Approve beat Disapprove, 444 to 431, 50.7% to 49.3%; total votes 875. | Dem Primary Mayor: Zohran Kwame Mamdani beat Brad Lander, 445 to 79, 74.7% to 13.3%; total votes 596. | Dem Primary Public Advocate: Jumaane D. Williams beat Jenifer Rajkumar, 432 to 66, 80.1% to 12.2%; total votes 539. | Dem Primary Comptroller: Justin Brannan beat Mark D. Levine, 338 to 141, 63.3% to 26.4%; total votes 534.", "mayor_margin": 58.8, "q2_yes": 58.3, "q3_yes": 57.6, "q4_yes": 55.9}, "geometry": {"type": "MultiPolygon", "coordinates": [[[[-73.9416866, 40.7258822], [-73.9426361, 40.7257928], [-73.9435689, 40.7257081], [-73.944498, 40.7256159], [-73.94543, 40.7255176], [-73.9457732, 40.7254318], [-73.9465934, 40.7251579], [-73.9475434, 40.7268222], [-73.9467153, 40.7270944], [-73.9458789, 40.7273546], [-73.9457416, 40.7273815], [-73.9448064, 40.7274849], [-73.9438725, 40.7275712], [-73.9429431, 40.7276617], [-73.9419921, 40.7277503], [-73.9416866, 40.7258822]]]]}}, {"type": "Feature", "properties": {"felt:feature": 18, "ed_label": "AD 50 ED 018", "elect_dist": "50018", "borough": "Brooklyn", "community_board": 1, "community_board_label": "Brooklyn CB1", "popup_title": "Brooklyn CB1 \u2014 AD 50 ED 018", "general_mayor": "ZOHRAN KWAME MAMDANI beat ANDREW M. CUOMO, 578 to 112, 76.3% to 14.8%; total votes 758.", "general_mayor_winner": "Mamdani", "general_public_advocate": "JUMAANE D. WILLIAMS beat GONZALO DURAN, 601 to 111, 83.0% to 15.3%; total votes 724.", "general_public_advocate_winner": "Williams", "general_comptroller": "MARK D. LEVINE beat PETER KEFALAS, 573 to 114, 82.7% to 16.4%; total votes 693.", "general_comptroller_winner": "Levine", "question_1": "Disapprove beat Approve, 392 to 328, 54.4% to 45.6%; total votes 720.", "question_1_winner": "No-disapprove!", "question_2": "Approve beat Disapprove, 412 to 310, 57.1% to 42.9%; total votes 722.", "question_2_winner": "Yes-approve!", "question_3": "Approve beat Disapprove, 405 to 314, 56.3% to 43.7%; total votes 719.", "question_3_winner": "Yes-approve!", "question_4": "Approve beat Disapprove, 366 to 334, 52.3% to 47.7%; total votes 700.", "question_4_winner": "Yes-approve!", "question_5": "Approve beat Disapprove, 593 to 119, 83.3% to 16.7%; total votes 712.", "question_5_winner": "Yes-approve!", "question_6": "Disapprove beat Approve, 358 to 346, 50.9% to 49.1%; total votes 704.", "question_6_winner": "No-disapprove!", "dem_primary_mayor": "Zohran Kwame Mamdani beat Brad Lander, 380 to 67, 77.6% to 13.7%; total votes 490.", "dem_primary_mayor_winner": "Mamdani", "dem_primary_public_advocate": "Jumaane D. Williams beat Jenifer Rajkumar, 371 to 48, 83.6% to 10.8%; total votes 444.", "dem_primary_public_advocate_winner": "Williams", "dem_primary_comptroller": "Justin Brannan beat Mark D. Levine, 278 to 119, 63.8% to 27.3%; total votes 436.", "dem_primary_comptroller_winner": "Brannan", "popup_summary": "Mayor: ZOHRAN KWAME MAMDANI beat ANDREW M. CUOMO, 578 to 112, 76.3% to 14.8%; total votes 758. | Public Advocate: JUMAANE D. WILLIAMS beat GONZALO DURAN, 601 to 111, 83.0% to 15.3%; total votes 724. | City Comptroller: MARK D. LEVINE beat PETER KEFALAS, 573 to 114, 82.7% to 16.4%; total votes 693. | Question 1: Disapprove beat Approve, 392 to 328, 54.4% to 45.6%; total votes 720. | Question 2: Approve beat Disapprove, 412 to 310, 57.1% to 42.9%; total votes 722. | Question 3: Approve beat Disapprove, 405 to 314, 56.3% to 43.7%; total votes 719. | Question 4: Approve beat Disapprove, 366 to 334, 52.3% to 47.7%; total votes 700. | Question 5: Approve beat Disapprove, 593 to 119, 83.3% to 16.7%; total votes 712. | Question 6: Disapprove beat Approve, 358 to 346, 50.9% to 49.1%; total votes 704. | Dem Primary Mayor: Zohran Kwame Mamdani beat Brad Lander, 380 to 67, 77.6% to 13.7%; total votes 490. | Dem Primary Public Advocate: Jumaane D. Williams beat Jenifer Rajkumar, 371 to 48, 83.6% to 10.8%; total votes 444. | Dem Primary Comptroller: Justin Brannan beat Mark D. Levine, 278 to 119, 63.8% to 27.3%; total votes 436.", "mayor_margin": 61.5, "q2_yes": 57.1, "q3_yes": 56.3, "q4_yes": 52.3}, "geometry": {"type": "MultiPolygon", "coordinates": [[[[-73.9465934, 40.7251579], [-73.9474247, 40.7248846], [-73.9462744, 40.7228635], [-73.9470039, 40.7227834], [-73.9470936, 40.7227751], [-73.9475508, 40.7235436], [-73.9481719, 40.7246368], [-73.9482503, 40.7246109], [-73.9490825, 40.7243364], [-73.9499241, 40.7240561], [-73.9508741, 40.7257212], [-73.9500295, 40.7259992], [-73.9491926, 40.7262764], [-73.949118, 40.7263011], [-73.9490277, 40.7263309], [-73.948372, 40.7265479], [-73.9475434, 40.7268222], [-73.9465934, 40.7251579]]]]}}, {"type": "Feature", "properties": {"felt:feature": 19, "ed_label": "AD 50 ED 019", "elect_dist": "50019", "borough": "Brooklyn", "community_board": 1, "community_board_label": "Brooklyn CB1", "popup_title": "Brooklyn CB1 \u2014 AD 50 ED 019", "general_mayor": "ZOHRAN KWAME MAMDANI beat ANDREW M. CUOMO, 628 to 174, 71.9% to 19.9%; total votes 874.", "general_mayor_winner": "Mamdani", "general_public_advocate": "JUMAANE D. WILLIAMS beat GONZALO DURAN, 680 to 143, 81.0% to 17.0%; total votes 840.", "general_public_advocate_winner": "Williams", "general_comptroller": "MARK D. LEVINE beat PETER KEFALAS, 651 to 143, 80.5% to 17.7%; total votes 809.", "general_comptroller_winner": "Levine", "question_1": "Disapprove beat Approve, 487 to 337, 59.1% to 40.9%; total votes 824.", "question_1_winner": "No-disapprove!", "question_2": "Approve beat Disapprove, 488 to 345, 58.6% to 41.4%; total votes 833.", "question_2_winner": "Yes-approve!", "question_3": "Approve beat Disapprove, 470 to 358, 56.8% to 43.2%; total votes 828.", "question_3_winner": "Yes-approve!", "question_4": "Approve beat Disapprove, 451 to 366, 55.2% to 44.8%; total votes 817.", "question_4_winner": "Yes-approve!", "question_5": "Approve beat Disapprove, 675 to 141, 82.7% to 17.3%; total votes 816.", "question_5_winner": "Yes-approve!", "question_6": "Disapprove beat Approve, 430 to 379, 53.2% to 46.8%; total votes 809.", "question_6_winner": "No-disapprove!", "dem_primary_mayor": "Zohran Kwame Mamdani beat Brad Lander, 411 to 57, 75.8% to 10.5%; total votes 542.", "dem_primary_mayor_winner": "Mamdani", "dem_primary_public_advocate": "Jumaane D. Williams beat Jenifer Rajkumar, 391 to 68, 80.1% to 13.9%; total votes 488.", "dem_primary_public_advocate_winner": "Williams", "dem_primary_comptroller": "Justin Brannan beat Mark D. Levine, 318 to 130, 64.4% to 26.3%; total votes 494.", "dem_primary_comptroller_winner": "Brannan", "popup_summary": "Mayor: ZOHRAN KWAME MAMDANI beat ANDREW M. CUOMO, 628 to 174, 71.9% to 19.9%; total votes 874. | Public Advocate: JUMAANE D. WILLIAMS beat GONZALO DURAN, 680 to 143, 81.0% to 17.0%; total votes 840. | City Comptroller: MARK D. LEVINE beat PETER KEFALAS, 651 to 143, 80.5% to 17.7%; total votes 809. | Question 1: Disapprove beat Approve, 487 to 337, 59.1% to 40.9%; total votes 824. | Question 2: Approve beat Disapprove, 488 to 345, 58.6% to 41.4%; total votes 833. | Question 3: Approve beat Disapprove, 470 to 358, 56.8% to 43.2%; total votes 828. | Question 4: Approve beat Disapprove, 451 to 366, 55.2% to 44.8%; total votes 817. | Question 5: Approve beat Disapprove, 675 to 141, 82.7% to 17.3%; total votes 816. | Question 6: Disapprove beat Approve, 430 to 379, 53.2% to 46.8%; total votes 809. | Dem Primary Mayor: Zohran Kwame Mamdani beat Brad Lander, 411 to 57, 75.8% to 10.5%; total votes 542. | Dem Primary Public Advocate: Jumaane D. Williams beat Jenifer Rajkumar, 391 to 68, 80.1% to 13.9%; total votes 488. | Dem Primary Comptroller: Justin Brannan beat Mark D. Levine, 318 to 130, 64.4% to 26.3%; total votes 494.", "mayor_margin": 52.0, "q2_yes": 58.6, "q3_yes": 56.8, "q4_yes": 55.2}, "geometry": {"type": "MultiPolygon", "coordinates": [[[[-73.9367638, 40.7248389], [-73.9368531, 40.7247441], [-73.9369489, 40.7246531], [-73.9370511, 40.7245662], [-73.9371593, 40.7244836], [-73.9372733, 40.7244056], [-73.9373926, 40.7243324], [-73.937517, 40.7242642], [-73.937646, 40.7242012], [-73.9384886, 40.7238089], [-73.9389118, 40.7235788], [-73.939312, 40.7233479], [-73.9402212, 40.7228915], [-73.9403226, 40.7234539], [-73.9407381, 40.7259729], [-73.9416866, 40.7258822], [-73.9419921, 40.7277503], [-73.9410437, 40.7278412], [-73.9401151, 40.7279292], [-73.9391816, 40.7280167], [-73.9381971, 40.7281025], [-73.9372423, 40.7277941], [-73.937011, 40.7263275], [-73.9369392, 40.7258951], [-73.9368296, 40.725235], [-73.9367638, 40.7248389]]]]}}, {"type": "Feature", "properties": {"felt:feature": 20, "ed_label": "AD 50 ED 020", "elect_dist": "50020", "borough": "Brooklyn", "community_board": 1, "community_board_label": "Brooklyn CB1", "popup_title": "Brooklyn CB1 \u2014 AD 50 ED 020", "general_mayor": "ZOHRAN KWAME MAMDANI beat ANDREW M. CUOMO, 737 to 119, 81.0% to 13.1%; total votes 910.", "general_mayor_winner": "Mamdani", "general_public_advocate": "JUMAANE D. WILLIAMS beat GONZALO DURAN, 753 to 119, 85.1% to 13.4%; total votes 885.", "general_public_advocate_winner": "Williams", "general_comptroller": "MARK D. LEVINE beat PETER KEFALAS, 731 to 119, 84.4% to 13.7%; total votes 866.", "general_comptroller_winner": "Levine", "question_1": "Disapprove beat Approve, 500 to 354, 58.5% to 41.5%; total votes 854.", "question_1_winner": "No-disapprove!", "question_2": "Approve beat Disapprove, 508 to 352, 59.1% to 40.9%; total votes 860.", "question_2_winner": "Yes-approve!", "question_3": "Approve beat Disapprove, 457 to 396, 53.6% to 46.4%; total votes 853.", "question_3_winner": "Yes-approve!", "question_4": "Approve beat Disapprove, 476 to 363, 56.7% to 43.3%; total votes 839.", "question_4_winner": "Yes-approve!", "question_5": "Approve beat Disapprove, 714 to 130, 84.6% to 15.4%; total votes 844.", "question_5_winner": "Yes-approve!", "question_6": "Approve beat Disapprove, 428 to 410, 51.1% to 48.9%; total votes 838.", "question_6_winner": "Yes-approve!", "dem_primary_mayor": "Zohran Kwame Mamdani beat Brad Lander, 490 to 81, 78.4% to 13.0%; total votes 625.", "dem_primary_mayor_winner": "Mamdani", "dem_primary_public_advocate": "Jumaane D. Williams beat Jenifer Rajkumar, 460 to 86, 80.4% to 15.0%; total votes 572.", "dem_primary_public_advocate_winner": "Williams", "dem_primary_comptroller": "Justin Brannan beat Mark D. Levine, 349 to 158, 60.7% to 27.5%; total votes 575.", "dem_primary_comptroller_winner": "Brannan", "popup_summary": "Mayor: ZOHRAN KWAME MAMDANI beat ANDREW M. CUOMO, 737 to 119, 81.0% to 13.1%; total votes 910. | Public Advocate: JUMAANE D. WILLIAMS beat GONZALO DURAN, 753 to 119, 85.1% to 13.4%; total votes 885. | City Comptroller: MARK D. LEVINE beat PETER KEFALAS, 731 to 119, 84.4% to 13.7%; total votes 866. | Question 1: Disapprove beat Approve, 500 to 354, 58.5% to 41.5%; total votes 854. | Question 2: Approve beat Disapprove, 508 to 352, 59.1% to 40.9%; total votes 860. | Question 3: Approve beat Disapprove, 457 to 396, 53.6% to 46.4%; total votes 853. | Question 4: Approve beat Disapprove, 476 to 363, 56.7% to 43.3%; total votes 839. | Question 5: Approve beat Disapprove, 714 to 130, 84.6% to 15.4%; total votes 844. | Question 6: Approve beat Disapprove, 428 to 410, 51.1% to 48.9%; total votes 838. | Dem Primary Mayor: Zohran Kwame Mamdani beat Brad Lander, 490 to 81, 78.4% to 13.0%; total votes 625. | Dem Primary Public Advocate: Jumaane D. Williams beat Jenifer Rajkumar, 460 to 86, 80.4% to 15.0%; total votes 572. | Dem Primary Comptroller: Justin Brannan beat Mark D. Levine, 349 to 158, 60.7% to 27.5%; total votes 575.", "mayor_margin": 67.9, "q2_yes": 59.1, "q3_yes": 53.6, "q4_yes": 56.7}, "geometry": {"type": "MultiPolygon", "coordinates": [[[[-73.9402212, 40.7228915], [-73.9410942, 40.7223092], [-73.9415038, 40.721991], [-73.9419563, 40.7216523], [-73.9428168, 40.7211436], [-73.9429357, 40.7218592], [-73.943146, 40.7231835], [-73.9422218, 40.7232735], [-73.9426361, 40.7257928], [-73.9416866, 40.7258822], [-73.9407381, 40.7259729], [-73.9403226, 40.7234539], [-73.9402212, 40.7228915]]]]}}, {"type": "Feature", "properties": {"felt:feature": 21, "ed_label": "AD 50 ED 021", "elect_dist": "50021", "borough": "Brooklyn", "community_board": 1, "community_board_label": "Brooklyn CB1", "popup_title": "Brooklyn CB1 \u2014 AD 50 ED 021", "general_mayor": "ZOHRAN KWAME MAMDANI beat ANDREW M. CUOMO, 624 to 159, 75.4% to 19.2%; total votes 828.", "general_mayor_winner": "Mamdani", "general_public_advocate": "JUMAANE D. WILLIAMS beat GONZALO DURAN, 682 to 102, 85.2% to 12.8%; total votes 800.", "general_public_advocate_winner": "Williams", "general_comptroller": "MARK D. LEVINE beat PETER KEFALAS, 663 to 106, 85.5% to 13.7%; total votes 775.", "general_comptroller_winner": "Levine", "question_1": "Disapprove beat Approve, 410 to 368, 52.7% to 47.3%; total votes 778.", "question_1_winner": "No-disapprove!", "question_2": "Approve beat Disapprove, 476 to 306, 60.9% to 39.1%; total votes 782.", "question_2_winner": "Yes-approve!", "question_3": "Approve beat Disapprove, 476 to 292, 62.0% to 38.0%; total votes 768.", "question_3_winner": "Yes-approve!", "question_4": "Approve beat Disapprove, 462 to 301, 60.5% to 39.5%; total votes 763.", "question_4_winner": "Yes-approve!", "question_5": "Approve beat Disapprove, 661 to 110, 85.7% to 14.3%; total votes 771.", "question_5_winner": "Yes-approve!", "question_6": "Approve beat Disapprove, 391 to 377, 50.9% to 49.1%; total votes 768.", "question_6_winner": "Yes-approve!", "dem_primary_mayor": "Zohran Kwame Mamdani beat Brad Lander, 404 to 77, 73.2% to 13.9%; total votes 552.", "dem_primary_mayor_winner": "Mamdani", "dem_primary_public_advocate": "Jumaane D. Williams beat Jenifer Rajkumar, 401 to 62, 80.4% to 12.4%; total votes 499.", "dem_primary_public_advocate_winner": "Williams", "dem_primary_comptroller": "Justin Brannan beat Mark D. Levine, 303 to 142, 60.7% to 28.5%; total votes 499.", "dem_primary_comptroller_winner": "Brannan", "popup_summary": "Mayor: ZOHRAN KWAME MAMDANI beat ANDREW M. CUOMO, 624 to 159, 75.4% to 19.2%; total votes 828. | Public Advocate: JUMAANE D. WILLIAMS beat GONZALO DURAN, 682 to 102, 85.2% to 12.8%; total votes 800. | City Comptroller: MARK D. LEVINE beat PETER KEFALAS, 663 to 106, 85.5% to 13.7%; total votes 775. | Question 1: Disapprove beat Approve, 410 to 368, 52.7% to 47.3%; total votes 778. | Question 2: Approve beat Disapprove, 476 to 306, 60.9% to 39.1%; total votes 782. | Question 3: Approve beat Disapprove, 476 to 292, 62.0% to 38.0%; total votes 768. | Question 4: Approve beat Disapprove, 462 to 301, 60.5% to 39.5%; total votes 763. | Question 5: Approve beat Disapprove, 661 to 110, 85.7% to 14.3%; total votes 771. | Question 6: Approve beat Disapprove, 391 to 377, 50.9% to 49.1%; total votes 768. | Dem Primary Mayor: Zohran Kwame Mamdani beat Brad Lander, 404 to 77, 73.2% to 13.9%; total votes 552. | Dem Primary Public Advocate: Jumaane D. Williams beat Jenifer Rajkumar, 401 to 62, 80.4% to 12.4%; total votes 499. | Dem Primary Comptroller: Justin Brannan beat Mark D. Levine, 303 to 142, 60.7% to 28.5%; total votes 499.", "mayor_margin": 56.2, "q2_yes": 60.9, "q3_yes": 62.0, "q4_yes": 60.5}, "geometry": {"type": "MultiPolygon", "coordinates": [[[[-73.9428168, 40.7211436], [-73.9436755, 40.72066], [-73.9444054, 40.7202404], [-73.9456036, 40.7195673], [-73.9460411, 40.720159], [-73.9465036, 40.7207891], [-73.94698, 40.721474], [-73.9472337, 40.7221435], [-73.9474742, 40.7227275], [-73.9471694, 40.7227641], [-73.9470936, 40.7227751], [-73.9470039, 40.7227834], [-73.9462744, 40.7228635], [-73.9453567, 40.7229658], [-73.9450151, 40.7230034], [-73.9440828, 40.7230972], [-73.943146, 40.7231835], [-73.9429357, 40.7218592], [-73.9428168, 40.7211436]]]]}}, {"type": "Feature", "properties": {"felt:feature": 22, "ed_label": "AD 50 ED 022", "elect_dist": "50022", "borough": "Brooklyn", "community_board": 1, "community_board_label": "Brooklyn CB1", "popup_title": "Brooklyn CB1 \u2014 AD 50 ED 022", "general_mayor": "ZOHRAN KWAME MAMDANI beat ANDREW M. CUOMO, 694 to 152, 79.9% to 17.5%; total votes 869.", "general_mayor_winner": "Mamdani", "general_public_advocate": "JUMAANE D. WILLIAMS beat GONZALO DURAN, 738 to 77, 89.5% to 9.3%; total votes 825.", "general_public_advocate_winner": "Williams", "general_comptroller": "MARK D. LEVINE beat PETER KEFALAS, 743 to 70, 90.7% to 8.5%; total votes 819.", "general_comptroller_winner": "Levine", "question_1": "Approve beat Disapprove, 417 to 395, 51.4% to 48.6%; total votes 812.", "question_1_winner": "Yes-approve!", "question_2": "Approve beat Disapprove, 569 to 245, 69.9% to 30.1%; total votes 814.", "question_2_winner": "Yes-approve!", "question_3": "Approve beat Disapprove, 543 to 257, 67.9% to 32.1%; total votes 800.", "question_3_winner": "Yes-approve!", "question_4": "Approve beat Disapprove, 521 to 273, 65.6% to 34.4%; total votes 794.", "question_4_winner": "Yes-approve!", "question_5": "Approve beat Disapprove, 749 to 63, 92.2% to 7.8%; total votes 812.", "question_5_winner": "Yes-approve!", "question_6": "Approve beat Disapprove, 483 to 313, 60.7% to 39.3%; total votes 796.", "question_6_winner": "Yes-approve!", "dem_primary_mayor": "Zohran Kwame Mamdani beat Brad Lander, 401 to 100, 69.7% to 17.4%; total votes 575.", "dem_primary_mayor_winner": "Mamdani", "dem_primary_public_advocate": "Jumaane D. Williams beat Jenifer Rajkumar, 366 to 76, 76.7% to 15.9%; total votes 477.", "dem_primary_public_advocate_winner": "Williams", "dem_primary_comptroller": "Justin Brannan beat Mark D. Levine, 246 to 174, 51.5% to 36.4%; total votes 478.", "dem_primary_comptroller_winner": "Brannan", "popup_summary": "Mayor: ZOHRAN KWAME MAMDANI beat ANDREW M. CUOMO, 694 to 152, 79.9% to 17.5%; total votes 869. | Public Advocate: JUMAANE D. WILLIAMS beat GONZALO DURAN, 738 to 77, 89.5% to 9.3%; total votes 825. | City Comptroller: MARK D. LEVINE beat PETER KEFALAS, 743 to 70, 90.7% to 8.5%; total votes 819. | Question 1: Approve beat Disapprove, 417 to 395, 51.4% to 48.6%; total votes 812. | Question 2: Approve beat Disapprove, 569 to 245, 69.9% to 30.1%; total votes 814. | Question 3: Approve beat Disapprove, 543 to 257, 67.9% to 32.1%; total votes 800. | Question 4: Approve beat Disapprove, 521 to 273, 65.6% to 34.4%; total votes 794. | Question 5: Approve beat Disapprove, 749 to 63, 92.2% to 7.8%; total votes 812. | Question 6: Approve beat Disapprove, 483 to 313, 60.7% to 39.3%; total votes 796. | Dem Primary Mayor: Zohran Kwame Mamdani beat Brad Lander, 401 to 100, 69.7% to 17.4%; total votes 575. | Dem Primary Public Advocate: Jumaane D. Williams beat Jenifer Rajkumar, 366 to 76, 76.7% to 15.9%; total votes 477. | Dem Primary Comptroller: Justin Brannan beat Mark D. Levine, 246 to 174, 51.5% to 36.4%; total votes 478.", "mayor_margin": 62.4, "q2_yes": 69.9, "q3_yes": 67.9, "q4_yes": 65.6}, "geometry": {"type": "MultiPolygon", "coordinates": [[[[-73.9456036, 40.7195673], [-73.9467921, 40.7188216], [-73.9472134, 40.718561], [-73.9476733, 40.7185207], [-73.9484164, 40.7184555], [-73.9500654, 40.7183002], [-73.9501803, 40.7190088], [-73.9502693, 40.7195245], [-73.9504951, 40.7208323], [-73.9506459, 40.7217057], [-73.949866, 40.7221795], [-73.9490782, 40.7225403], [-73.948165, 40.7226548], [-73.9474742, 40.7227275], [-73.9472337, 40.7221435], [-73.94698, 40.721474], [-73.9465036, 40.7207891], [-73.9460411, 40.720159], [-73.9456036, 40.7195673]]]]}}, {"type": "Feature", "properties": {"felt:feature": 23, "ed_label": "AD 50 ED 023", "elect_dist": "50023", "borough": "Brooklyn", "community_board": 1, "community_board_label": "Brooklyn CB1", "popup_title": "Brooklyn CB1 \u2014 AD 50 ED 023", "general_mayor": "ZOHRAN KWAME MAMDANI beat ANDREW M. CUOMO, 612 to 238, 70.4% to 27.4%; total votes 869.", "general_mayor_winner": "Mamdani", "general_public_advocate": "JUMAANE D. WILLIAMS beat GONZALO DURAN, 714 to 115, 84.8% to 13.7%; total votes 842.", "general_public_advocate_winner": "Williams", "general_comptroller": "MARK D. LEVINE beat PETER KEFALAS, 705 to 100, 86.0% to 12.2%; total votes 820.", "general_comptroller_winner": "Levine", "question_1": "Approve beat Disapprove, 412 to 385, 51.7% to 48.3%; total votes 797.", "question_1_winner": "Yes-approve!", "question_2": "Approve beat Disapprove, 568 to 233, 70.9% to 29.1%; total votes 801.", "question_2_winner": "Yes-approve!", "question_3": "Approve beat Disapprove, 584 to 213, 73.3% to 26.7%; total votes 797.", "question_3_winner": "Yes-approve!", "question_4": "Approve beat Disapprove, 522 to 263, 66.5% to 33.5%; total votes 785.", "question_4_winner": "Yes-approve!", "question_5": "Approve beat Disapprove, 742 to 59, 92.6% to 7.4%; total votes 801.", "question_5_winner": "Yes-approve!", "question_6": "Approve beat Disapprove, 478 to 309, 60.7% to 39.3%; total votes 787.", "question_6_winner": "Yes-approve!", "dem_primary_mayor": "Zohran Kwame Mamdani beat Brad Lander, 345 to 99, 61.4% to 17.6%; total votes 562.", "dem_primary_mayor_winner": "Mamdani", "dem_primary_public_advocate": "Jumaane D. Williams beat Jenifer Rajkumar, 355 to 84, 74.1% to 17.5%; total votes 479.", "dem_primary_public_advocate_winner": "Williams", "dem_primary_comptroller": "Justin Brannan beat Mark D. Levine, 222 to 212, 45.9% to 43.8%; total votes 484.", "dem_primary_comptroller_winner": "Brannan", "popup_summary": "Mayor: ZOHRAN KWAME MAMDANI beat ANDREW M. CUOMO, 612 to 238, 70.4% to 27.4%; total votes 869. | Public Advocate: JUMAANE D. WILLIAMS beat GONZALO DURAN, 714 to 115, 84.8% to 13.7%; total votes 842. | City Comptroller: MARK D. LEVINE beat PETER KEFALAS, 705 to 100, 86.0% to 12.2%; total votes 820. | Question 1: Approve beat Disapprove, 412 to 385, 51.7% to 48.3%; total votes 797. | Question 2: Approve beat Disapprove, 568 to 233, 70.9% to 29.1%; total votes 801. | Question 3: Approve beat Disapprove, 584 to 213, 73.3% to 26.7%; total votes 797. | Question 4: Approve beat Disapprove, 522 to 263, 66.5% to 33.5%; total votes 785. | Question 5: Approve beat Disapprove, 742 to 59, 92.6% to 7.4%; total votes 801. | Question 6: Approve beat Disapprove, 478 to 309, 60.7% to 39.3%; total votes 787. | Dem Primary Mayor: Zohran Kwame Mamdani beat Brad Lander, 345 to 99, 61.4% to 17.6%; total votes 562. | Dem Primary Public Advocate: Jumaane D. Williams beat Jenifer Rajkumar, 355 to 84, 74.1% to 17.5%; total votes 479. | Dem Primary Comptroller: Justin Brannan beat Mark D. Levine, 222 to 212, 45.9% to 43.8%; total votes 484.", "mayor_margin": 43.0, "q2_yes": 70.9, "q3_yes": 73.3, "q4_yes": 66.5}, "geometry": {"type": "MultiPolygon", "coordinates": [[[[-73.9500654, 40.7183002], [-73.9499482, 40.7175898], [-73.9498652, 40.7170995], [-73.9498313, 40.7169011], [-73.9511443, 40.7160345], [-73.9518424, 40.7154421], [-73.9519288, 40.7159627], [-73.9520508, 40.71667], [-73.9521239, 40.7170977], [-73.9525116, 40.717345], [-73.9533982, 40.7179104], [-73.9546555, 40.7186933], [-73.9540604, 40.7192462], [-73.9534687, 40.7197982], [-73.9527093, 40.7204512], [-73.9506459, 40.7217057], [-73.9504951, 40.7208323], [-73.9502693, 40.7195245], [-73.9501803, 40.7190088], [-73.9500654, 40.7183002]]]]}}, {"type": "Feature", "properties": {"felt:feature": 24, "ed_label": "AD 50 ED 024", "elect_dist": "50024", "borough": "Brooklyn", "community_board": 1, "community_board_label": "Brooklyn CB1", "popup_title": "Brooklyn CB1 \u2014 AD 50 ED 024", "general_mayor": "ZOHRAN KWAME MAMDANI beat ANDREW M. CUOMO, 429 to 153, 71.6% to 25.5%; total votes 599.", "general_mayor_winner": "Mamdani", "general_public_advocate": "JUMAANE D. WILLIAMS beat GONZALO DURAN, 470 to 73, 84.5% to 13.1%; total votes 556.", "general_public_advocate_winner": "Williams", "general_comptroller": "MARK D. LEVINE beat PETER KEFALAS, 465 to 76, 84.5% to 13.8%; total votes 550.", "general_comptroller_winner": "Levine", "question_1": "Approve beat Disapprove, 274 to 273, 50.1% to 49.9%; total votes 547.", "question_1_winner": "Yes-approve!", "question_2": "Approve beat Disapprove, 392 to 168, 70.0% to 30.0%; total votes 560.", "question_2_winner": "Yes-approve!", "question_3": "Approve beat Disapprove, 399 to 156, 71.9% to 28.1%; total votes 555.", "question_3_winner": "Yes-approve!", "question_4": "Approve beat Disapprove, 365 to 174, 67.7% to 32.3%; total votes 539.", "question_4_winner": "Yes-approve!", "question_5": "Approve beat Disapprove, 495 to 48, 91.2% to 8.8%; total votes 543.", "question_5_winner": "Yes-approve!", "question_6": "Approve beat Disapprove, 301 to 233, 56.4% to 43.6%; total votes 534.", "question_6_winner": "Yes-approve!", "dem_primary_mayor": "Zohran Kwame Mamdani beat Brad Lander, 234 to 74, 64.1% to 20.3%; total votes 365.", "dem_primary_mayor_winner": "Mamdani", "dem_primary_public_advocate": "Jumaane D. Williams beat Jenifer Rajkumar, 218 to 63, 71.2% to 20.6%; total votes 306.", "dem_primary_public_advocate_winner": "Williams", "dem_primary_comptroller": "Justin Brannan beat Mark D. Levine, 159 to 101, 50.6% to 32.2%; total votes 314.", "dem_primary_comptroller_winner": "Brannan", "popup_summary": "Mayor: ZOHRAN KWAME MAMDANI beat ANDREW M. CUOMO, 429 to 153, 71.6% to 25.5%; total votes 599. | Public Advocate: JUMAANE D. WILLIAMS beat GONZALO DURAN, 470 to 73, 84.5% to 13.1%; total votes 556. | City Comptroller: MARK D. LEVINE beat PETER KEFALAS, 465 to 76, 84.5% to 13.8%; total votes 550. | Question 1: Approve beat Disapprove, 274 to 273, 50.1% to 49.9%; total votes 547. | Question 2: Approve beat Disapprove, 392 to 168, 70.0% to 30.0%; total votes 560. | Question 3: Approve beat Disapprove, 399 to 156, 71.9% to 28.1%; total votes 555. | Question 4: Approve beat Disapprove, 365 to 174, 67.7% to 32.3%; total votes 539. | Question 5: Approve beat Disapprove, 495 to 48, 91.2% to 8.8%; total votes 543. | Question 6: Approve beat Disapprove, 301 to 233, 56.4% to 43.6%; total votes 534. | Dem Primary Mayor: Zohran Kwame Mamdani beat Brad Lander, 234 to 74, 64.1% to 20.3%; total votes 365. | Dem Primary Public Advocate: Jumaane D. Williams beat Jenifer Rajkumar, 218 to 63, 71.2% to 20.6%; total votes 306. | Dem Primary Comptroller: Justin Brannan beat Mark D. Levine, 159 to 101, 50.6% to 32.2%; total votes 314.", "mayor_margin": 46.1, "q2_yes": 70.0, "q3_yes": 71.9, "q4_yes": 67.7}, "geometry": {"type": "MultiPolygon", "coordinates": [[[[-73.9546555, 40.7186933], [-73.9533982, 40.7179104], [-73.953992, 40.7173567], [-73.9545865, 40.7168054], [-73.9551861, 40.7162521], [-73.956439, 40.7170324], [-73.9577254, 40.7178343], [-73.9590082, 40.7186364], [-73.9584162, 40.7191888], [-73.957131, 40.7183877], [-73.9558439, 40.7175884], [-73.9552506, 40.7181403], [-73.9546555, 40.7186933]]]]}}, {"type": "Feature", "properties": {"felt:feature": 25, "ed_label": "AD 50 ED 025", "elect_dist": "50025", "borough": "Brooklyn", "community_board": 1, "community_board_label": "Brooklyn CB1", "popup_title": "Brooklyn CB1 \u2014 AD 50 ED 025", "general_mayor": "ZOHRAN KWAME MAMDANI beat ANDREW M. CUOMO, 539 to 112, 80.7% to 16.8%; total votes 668.", "general_mayor_winner": "Mamdani", "general_public_advocate": "JUMAANE D. WILLIAMS beat GONZALO DURAN, 548 to 72, 87.1% to 11.4%; total votes 629.", "general_public_advocate_winner": "Williams", "general_comptroller": "MARK D. LEVINE beat PETER KEFALAS, 538 to 69, 87.6% to 11.2%; total votes 614.", "general_comptroller_winner": "Levine", "question_1": "Disapprove beat Approve, 311 to 296, 51.2% to 48.8%; total votes 607.", "question_1_winner": "No-disapprove!", "question_2": "Approve beat Disapprove, 426 to 190, 69.2% to 30.8%; total votes 616.", "question_2_winner": "Yes-approve!", "question_3": "Approve beat Disapprove, 403 to 204, 66.4% to 33.6%; total votes 607.", "question_3_winner": "Yes-approve!", "question_4": "Approve beat Disapprove, 391 to 209, 65.2% to 34.8%; total votes 600.", "question_4_winner": "Yes-approve!", "question_5": "Approve beat Disapprove, 556 to 51, 91.6% to 8.4%; total votes 607.", "question_5_winner": "Yes-approve!", "question_6": "Approve beat Disapprove, 321 to 283, 53.1% to 46.9%; total votes 604.", "question_6_winner": "Yes-approve!", "dem_primary_mayor": "Zohran Kwame Mamdani beat Brad Lander, 309 to 86, 68.7% to 19.1%; total votes 450.", "dem_primary_mayor_winner": "Mamdani", "dem_primary_public_advocate": "Jumaane D. Williams beat Jenifer Rajkumar, 271 to 67, 72.8% to 18.0%; total votes 372.", "dem_primary_public_advocate_winner": "Williams", "dem_primary_comptroller": "Justin Brannan beat Mark D. Levine, 187 to 132, 50.1% to 35.4%; total votes 373.", "dem_primary_comptroller_winner": "Brannan", "popup_summary": "Mayor: ZOHRAN KWAME MAMDANI beat ANDREW M. CUOMO, 539 to 112, 80.7% to 16.8%; total votes 668. | Public Advocate: JUMAANE D. WILLIAMS beat GONZALO DURAN, 548 to 72, 87.1% to 11.4%; total votes 629. | City Comptroller: MARK D. LEVINE beat PETER KEFALAS, 538 to 69, 87.6% to 11.2%; total votes 614. | Question 1: Disapprove beat Approve, 311 to 296, 51.2% to 48.8%; total votes 607. | Question 2: Approve beat Disapprove, 426 to 190, 69.2% to 30.8%; total votes 616. | Question 3: Approve beat Disapprove, 403 to 204, 66.4% to 33.6%; total votes 607. | Question 4: Approve beat Disapprove, 391 to 209, 65.2% to 34.8%; total votes 600. | Question 5: Approve beat Disapprove, 556 to 51, 91.6% to 8.4%; total votes 607. | Question 6: Approve beat Disapprove, 321 to 283, 53.1% to 46.9%; total votes 604. | Dem Primary Mayor: Zohran Kwame Mamdani beat Brad Lander, 309 to 86, 68.7% to 19.1%; total votes 450. | Dem Primary Public Advocate: Jumaane D. Williams beat Jenifer Rajkumar, 271 to 67, 72.8% to 18.0%; total votes 372. | Dem Primary Comptroller: Justin Brannan beat Mark D. Levine, 187 to 132, 50.1% to 35.4%; total votes 373.", "mayor_margin": 63.9, "q2_yes": 69.2, "q3_yes": 66.4, "q4_yes": 65.2}, "geometry": {"type": "MultiPolygon", "coordinates": [[[[-73.9551861, 40.7162521], [-73.9538652, 40.7154326], [-73.9527538, 40.714736], [-73.9533529, 40.7141837], [-73.9534847, 40.7140702], [-73.954339, 40.7140717], [-73.9546559, 40.714075], [-73.9550572, 40.7143256], [-73.9563686, 40.7151447], [-73.9576267, 40.7159275], [-73.9589139, 40.7167279], [-73.9583193, 40.7172804], [-73.9577254, 40.7178343], [-73.956439, 40.7170324], [-73.9551861, 40.7162521]]]]}}, {"type": "Feature", "properties": {"felt:feature": 26, "ed_label": "AD 50 ED 026", "elect_dist": "50026", "borough": "Brooklyn", "community_board": 1, "community_board_label": "Brooklyn CB1", "popup_title": "Brooklyn CB1 \u2014 AD 50 ED 026", "general_mayor": "ZOHRAN KWAME MAMDANI beat ANDREW M. CUOMO, 695 to 277, 69.3% to 27.6%; total votes 1003.", "general_mayor_winner": "Mamdani", "general_public_advocate": "JUMAANE D. WILLIAMS beat GONZALO DURAN, 815 to 114, 85.8% to 12.0%; total votes 950.", "general_public_advocate_winner": "Williams", "general_comptroller": "MARK D. LEVINE beat PETER KEFALAS, 812 to 110, 86.8% to 11.8%; total votes 936.", "general_comptroller_winner": "Levine", "question_1": "Approve beat Disapprove, 481 to 455, 51.4% to 48.6%; total votes 936.", "question_1_winner": "Yes-approve!", "question_2": "Approve beat Disapprove, 657 to 294, 69.1% to 30.9%; total votes 951.", "question_2_winner": "Yes-approve!", "question_3": "Approve beat Disapprove, 660 to 279, 70.3% to 29.7%; total votes 939.", "question_3_winner": "Yes-approve!", "question_4": "Approve beat Disapprove, 596 to 339, 63.7% to 36.3%; total votes 935.", "question_4_winner": "Yes-approve!", "question_5": "Approve beat Disapprove, 858 to 88, 90.7% to 9.3%; total votes 946.", "question_5_winner": "Yes-approve!", "question_6": "Approve beat Disapprove, 547 to 387, 58.6% to 41.4%; total votes 934.", "question_6_winner": "Yes-approve!", "dem_primary_mayor": "Zohran Kwame Mamdani beat Brad Lander, 365 to 129, 57.8% to 20.4%; total votes 632.", "dem_primary_mayor_winner": "Mamdani", "dem_primary_public_advocate": "Jumaane D. Williams beat Jenifer Rajkumar, 367 to 104, 70.3% to 19.9%; total votes 522.", "dem_primary_public_advocate_winner": "Williams", "dem_primary_comptroller": "Mark D. Levine beat Justin Brannan, 247 to 237, 45.8% to 44.0%; total votes 539.", "dem_primary_comptroller_winner": "Levine", "popup_summary": "Mayor: ZOHRAN KWAME MAMDANI beat ANDREW M. CUOMO, 695 to 277, 69.3% to 27.6%; total votes 1003. | Public Advocate: JUMAANE D. WILLIAMS beat GONZALO DURAN, 815 to 114, 85.8% to 12.0%; total votes 950. | City Comptroller: MARK D. LEVINE beat PETER KEFALAS, 812 to 110, 86.8% to 11.8%; total votes 936. | Question 1: Approve beat Disapprove, 481 to 455, 51.4% to 48.6%; total votes 936. | Question 2: Approve beat Disapprove, 657 to 294, 69.1% to 30.9%; total votes 951. | Question 3: Approve beat Disapprove, 660 to 279, 70.3% to 29.7%; total votes 939. | Question 4: Approve beat Disapprove, 596 to 339, 63.7% to 36.3%; total votes 935. | Question 5: Approve beat Disapprove, 858 to 88, 90.7% to 9.3%; total votes 946. | Question 6: Approve beat Disapprove, 547 to 387, 58.6% to 41.4%; total votes 934. | Dem Primary Mayor: Zohran Kwame Mamdani beat Brad Lander, 365 to 129, 57.8% to 20.4%; total votes 632. | Dem Primary Public Advocate: Jumaane D. Williams beat Jenifer Rajkumar, 367 to 104, 70.3% to 19.9%; total votes 522. | Dem Primary Comptroller: Mark D. Levine beat Justin Brannan, 247 to 237, 45.8% to 44.0%; total votes 539.", "mayor_margin": 41.7, "q2_yes": 69.1, "q3_yes": 70.3, "q4_yes": 63.7}, "geometry": {"type": "MultiPolygon", "coordinates": [[[[-73.9534687, 40.7197982], [-73.9540604, 40.7192462], [-73.9546555, 40.7186933], [-73.9552506, 40.7181403], [-73.9558439, 40.7175884], [-73.957131, 40.7183877], [-73.9584162, 40.7191888], [-73.9578206, 40.7197406], [-73.9572254, 40.7202926], [-73.9566301, 40.720846], [-73.9560378, 40.7213977], [-73.9547534, 40.7206008], [-73.9534687, 40.7197982]]]]}}, {"type": "Feature", "properties": {"felt:feature": 27, "ed_label": "AD 50 ED 027", "elect_dist": "50027", "borough": "Brooklyn", "community_board": 1, "community_board_label": "Brooklyn CB1", "popup_title": "Brooklyn CB1 \u2014 AD 50 ED 027", "general_mayor": "ZOHRAN KWAME MAMDANI beat ANDREW M. CUOMO, 432 to 288, 57.7% to 38.5%; total votes 749.", "general_mayor_winner": "Mamdani", "general_public_advocate": "JUMAANE D. WILLIAMS beat GONZALO DURAN, 545 to 123, 79.0% to 17.8%; total votes 690.", "general_public_advocate_winner": "Williams", "general_comptroller": "MARK D. LEVINE beat PETER KEFALAS, 564 to 106, 82.7% to 15.5%; total votes 682.", "general_comptroller_winner": "Levine", "question_1": "Approve beat Disapprove, 370 to 312, 54.3% to 45.7%; total votes 682.", "question_1_winner": "Yes-approve!", "question_2": "Approve beat Disapprove, 488 to 199, 71.0% to 29.0%; total votes 687.", "question_2_winner": "Yes-approve!", "question_3": "Approve beat Disapprove, 492 to 187, 72.5% to 27.5%; total votes 679.", "question_3_winner": "Yes-approve!", "question_4": "Approve beat Disapprove, 441 to 216, 67.1% to 32.9%; total votes 657.", "question_4_winner": "Yes-approve!", "question_5": "Approve beat Disapprove, 610 to 63, 90.6% to 9.4%; total votes 673.", "question_5_winner": "Yes-approve!", "question_6": "Approve beat Disapprove, 382 to 283, 57.4% to 42.6%; total votes 665.", "question_6_winner": "Yes-approve!", "dem_primary_mayor": "Zohran Kwame Mamdani beat Andrew M. Cuomo, 219 to 102, 53.0% to 24.7%; total votes 413.", "dem_primary_mayor_winner": "Mamdani", "dem_primary_public_advocate": "Jumaane D. Williams beat Jenifer Rajkumar, 224 to 66, 67.1% to 19.8%; total votes 334.", "dem_primary_public_advocate_winner": "Williams", "dem_primary_comptroller": "Mark D. Levine beat Justin Brannan, 177 to 136, 52.4% to 40.2%; total votes 338.", "dem_primary_comptroller_winner": "Levine", "popup_summary": "Mayor: ZOHRAN KWAME MAMDANI beat ANDREW M. CUOMO, 432 to 288, 57.7% to 38.5%; total votes 749. | Public Advocate: JUMAANE D. WILLIAMS beat GONZALO DURAN, 545 to 123, 79.0% to 17.8%; total votes 690. | City Comptroller: MARK D. LEVINE beat PETER KEFALAS, 564 to 106, 82.7% to 15.5%; total votes 682. | Question 1: Approve beat Disapprove, 370 to 312, 54.3% to 45.7%; total votes 682. | Question 2: Approve beat Disapprove, 488 to 199, 71.0% to 29.0%; total votes 687. | Question 3: Approve beat Disapprove, 492 to 187, 72.5% to 27.5%; total votes 679. | Question 4: Approve beat Disapprove, 441 to 216, 67.1% to 32.9%; total votes 657. | Question 5: Approve beat Disapprove, 610 to 63, 90.6% to 9.4%; total votes 673. | Question 6: Approve beat Disapprove, 382 to 283, 57.4% to 42.6%; total votes 665. | Dem Primary Mayor: Zohran Kwame Mamdani beat Andrew M. Cuomo, 219 to 102, 53.0% to 24.7%; total votes 413. | Dem Primary Public Advocate: Jumaane D. Williams beat Jenifer Rajkumar, 224 to 66, 67.1% to 19.8%; total votes 334. | Dem Primary Comptroller: Mark D. Levine beat Justin Brannan, 177 to 136, 52.4% to 40.2%; total votes 338.", "mayor_margin": 19.2, "q2_yes": 71.0, "q3_yes": 72.5, "q4_yes": 67.1}, "geometry": {"type": "MultiPolygon", "coordinates": [[[[-73.9584162, 40.7191888], [-73.9590082, 40.7186364], [-73.959831, 40.719147], [-73.9604337, 40.7195209], [-73.9610286, 40.7189677], [-73.9623111, 40.71977], [-73.9632678, 40.7203792], [-73.9639979, 40.7209384], [-73.9635596, 40.7215395], [-73.9635386, 40.7215734], [-73.9634376, 40.7215591], [-73.9634152, 40.7215816], [-73.9629657, 40.7220345], [-73.9627567, 40.722399], [-73.9614899, 40.7211222], [-73.9611269, 40.7208733], [-73.959842, 40.7200746], [-73.9584162, 40.7191888]]]]}}, {"type": "Feature", "properties": {"felt:feature": 28, "ed_label": "AD 50 ED 028", "elect_dist": "50028", "borough": "Brooklyn", "community_board": 1, "community_board_label": "Brooklyn CB1", "popup_title": "Brooklyn CB1 \u2014 AD 50 ED 028", "general_mayor": "ZOHRAN KWAME MAMDANI beat ANDREW M. CUOMO, 293 to 83, 75.9% to 21.5%; total votes 386.", "general_mayor_winner": "Mamdani", "general_public_advocate": "JUMAANE D. WILLIAMS beat GONZALO DURAN, 318 to 39, 88.3% to 10.8%; total votes 360.", "general_public_advocate_winner": "Williams", "general_comptroller": "MARK D. LEVINE beat PETER KEFALAS, 311 to 40, 87.4% to 11.2%; total votes 356.", "general_comptroller_winner": "Levine", "question_1": "Disapprove beat Approve, 204 to 145, 58.5% to 41.5%; total votes 349.", "question_1_winner": "No-disapprove!", "question_2": "Approve beat Disapprove, 242 to 114, 68.0% to 32.0%; total votes 356.", "question_2_winner": "Yes-approve!", "question_3": "Approve beat Disapprove, 238 to 110, 68.4% to 31.6%; total votes 348.", "question_3_winner": "Yes-approve!", "question_4": "Approve beat Disapprove, 228 to 120, 65.5% to 34.5%; total votes 348.", "question_4_winner": "Yes-approve!", "question_5": "Approve beat Disapprove, 316 to 33, 90.5% to 9.5%; total votes 349.", "question_5_winner": "Yes-approve!", "question_6": "Approve beat Disapprove, 197 to 150, 56.8% to 43.2%; total votes 347.", "question_6_winner": "Yes-approve!", "dem_primary_mayor": "Zohran Kwame Mamdani beat Brad Lander, 171 to 38, 70.1% to 15.6%; total votes 244.", "dem_primary_mayor_winner": "Mamdani", "dem_primary_public_advocate": "Jumaane D. Williams beat Jenifer Rajkumar, 154 to 40, 73.3% to 19.0%; total votes 210.", "dem_primary_public_advocate_winner": "Williams", "dem_primary_comptroller": "Justin Brannan beat Mark D. Levine, 111 to 73, 52.6% to 34.6%; total votes 211.", "dem_primary_comptroller_winner": "Brannan", "popup_summary": "Mayor: ZOHRAN KWAME MAMDANI beat ANDREW M. CUOMO, 293 to 83, 75.9% to 21.5%; total votes 386. | Public Advocate: JUMAANE D. WILLIAMS beat GONZALO DURAN, 318 to 39, 88.3% to 10.8%; total votes 360. | City Comptroller: MARK D. LEVINE beat PETER KEFALAS, 311 to 40, 87.4% to 11.2%; total votes 356. | Question 1: Disapprove beat Approve, 204 to 145, 58.5% to 41.5%; total votes 349. | Question 2: Approve beat Disapprove, 242 to 114, 68.0% to 32.0%; total votes 356. | Question 3: Approve beat Disapprove, 238 to 110, 68.4% to 31.6%; total votes 348. | Question 4: Approve beat Disapprove, 228 to 120, 65.5% to 34.5%; total votes 348. | Question 5: Approve beat Disapprove, 316 to 33, 90.5% to 9.5%; total votes 349. | Question 6: Approve beat Disapprove, 197 to 150, 56.8% to 43.2%; total votes 347. | Dem Primary Mayor: Zohran Kwame Mamdani beat Brad Lander, 171 to 38, 70.1% to 15.6%; total votes 244. | Dem Primary Public Advocate: Jumaane D. Williams beat Jenifer Rajkumar, 154 to 40, 73.3% to 19.0%; total votes 210. | Dem Primary Comptroller: Justin Brannan beat Mark D. Levine, 111 to 73, 52.6% to 34.6%; total votes 211.", "mayor_margin": 54.4, "q2_yes": 68.0, "q3_yes": 68.4, "q4_yes": 65.5}, "geometry": {"type": "MultiPolygon", "coordinates": [[[[-73.9590082, 40.7186364], [-73.9577254, 40.7178343], [-73.9583193, 40.7172804], [-73.9589139, 40.7167279], [-73.9595107, 40.7161726], [-73.9604459, 40.7167569], [-73.9607916, 40.7169729], [-73.9622177, 40.7178603], [-73.9616197, 40.7184168], [-73.9610286, 40.7189677], [-73.9604337, 40.7195209], [-73.959831, 40.719147], [-73.9590082, 40.7186364]]]]}}, {"type": "Feature", "properties": {"felt:feature": 29, "ed_label": "AD 50 ED 029", "elect_dist": "50029", "borough": "Brooklyn", "community_board": 1, "community_board_label": "Brooklyn CB1", "popup_title": "Brooklyn CB1 \u2014 AD 50 ED 029", "general_mayor": "ZOHRAN KWAME MAMDANI beat ANDREW M. CUOMO, 445 to 338, 54.5% to 41.4%; total votes 817.", "general_mayor_winner": "Mamdani", "general_public_advocate": "JUMAANE D. WILLIAMS beat GONZALO DURAN, 586 to 155, 77.3% to 20.4%; total votes 758.", "general_public_advocate_winner": "Williams", "general_comptroller": "MARK D. LEVINE beat PETER KEFALAS, 620 to 134, 81.4% to 17.6%; total votes 762.", "general_comptroller_winner": "Levine", "question_1": "Approve beat Disapprove, 403 to 320, 55.7% to 44.3%; total votes 723.", "question_1_winner": "Yes-approve!", "question_2": "Approve beat Disapprove, 487 to 253, 65.8% to 34.2%; total votes 740.", "question_2_winner": "Yes-approve!", "question_3": "Approve beat Disapprove, 486 to 244, 66.6% to 33.4%; total votes 730.", "question_3_winner": "Yes-approve!", "question_4": "Approve beat Disapprove, 471 to 247, 65.6% to 34.4%; total votes 718.", "question_4_winner": "Yes-approve!", "question_5": "Approve beat Disapprove, 646 to 83, 88.6% to 11.4%; total votes 729.", "question_5_winner": "Yes-approve!", "question_6": "Approve beat Disapprove, 441 to 280, 61.2% to 38.8%; total votes 721.", "question_6_winner": "Yes-approve!", "dem_primary_mayor": "Zohran Kwame Mamdani beat Andrew M. Cuomo, 218 to 120, 48.0% to 26.4%; total votes 454.", "dem_primary_mayor_winner": "Mamdani", "dem_primary_public_advocate": "Jumaane D. Williams beat Jenifer Rajkumar, 258 to 83, 68.4% to 22.0%; total votes 377.", "dem_primary_public_advocate_winner": "Williams", "dem_primary_comptroller": "Mark D. Levine beat Justin Brannan, 195 to 127, 50.6% to 33.0%; total votes 385.", "dem_primary_comptroller_winner": "Levine", "popup_summary": "Mayor: ZOHRAN KWAME MAMDANI beat ANDREW M. CUOMO, 445 to 338, 54.5% to 41.4%; total votes 817. | Public Advocate: JUMAANE D. WILLIAMS beat GONZALO DURAN, 586 to 155, 77.3% to 20.4%; total votes 758. | City Comptroller: MARK D. LEVINE beat PETER KEFALAS, 620 to 134, 81.4% to 17.6%; total votes 762. | Question 1: Approve beat Disapprove, 403 to 320, 55.7% to 44.3%; total votes 723. | Question 2: Approve beat Disapprove, 487 to 253, 65.8% to 34.2%; total votes 740. | Question 3: Approve beat Disapprove, 486 to 244, 66.6% to 33.4%; total votes 730. | Question 4: Approve beat Disapprove, 471 to 247, 65.6% to 34.4%; total votes 718. | Question 5: Approve beat Disapprove, 646 to 83, 88.6% to 11.4%; total votes 729. | Question 6: Approve beat Disapprove, 441 to 280, 61.2% to 38.8%; total votes 721. | Dem Primary Mayor: Zohran Kwame Mamdani beat Andrew M. Cuomo, 218 to 120, 48.0% to 26.4%; total votes 454. | Dem Primary Public Advocate: Jumaane D. Williams beat Jenifer Rajkumar, 258 to 83, 68.4% to 22.0%; total votes 377. | Dem Primary Comptroller: Mark D. Levine beat Justin Brannan, 195 to 127, 50.6% to 33.0%; total votes 385.", "mayor_margin": 13.1, "q2_yes": 65.8, "q3_yes": 66.6, "q4_yes": 65.6}, "geometry": {"type": "MultiPolygon", "coordinates": [[[[-73.9610286, 40.7189677], [-73.9616197, 40.7184168], [-73.9622177, 40.7178603], [-73.9634922, 40.7186696], [-73.9639642, 40.7188767], [-73.9642442, 40.7190546], [-73.9642538, 40.7190687], [-73.9642609, 40.7190837], [-73.9642653, 40.7190992], [-73.9642671, 40.719115], [-73.9642661, 40.7191309], [-73.9642624, 40.7191465], [-73.964256, 40.7191616], [-73.964247, 40.719176], [-73.9641461, 40.7192739], [-73.964005, 40.7194072], [-73.9636898, 40.7197029], [-73.9640308, 40.7199063], [-73.9640085, 40.7200244], [-73.9642526, 40.7202103], [-73.9641053, 40.720433], [-73.9642407, 40.7206122], [-73.9642019, 40.7206539], [-73.9640659, 40.7207999], [-73.9640262, 40.7208809], [-73.9639979, 40.7209384], [-73.9632678, 40.7203792], [-73.9623111, 40.71977], [-73.9610286, 40.7189677]]]]}}, {"type": "Feature", "properties": {"felt:feature": 30, "ed_label": "AD 50 ED 030", "elect_dist": "50030", "borough": "Brooklyn", "community_board": 1, "community_board_label": "Brooklyn CB1", "popup_title": "Brooklyn CB1 \u2014 AD 50 ED 030", "general_mayor": "ZOHRAN KWAME MAMDANI beat ANDREW M. CUOMO, 455 to 291, 59.3% to 37.9%; total votes 767.", "general_mayor_winner": "Mamdani", "general_public_advocate": "JUMAANE D. WILLIAMS beat GONZALO DURAN, 584 to 105, 82.5% to 14.8%; total votes 708.", "general_public_advocate_winner": "Williams", "general_comptroller": "MARK D. LEVINE beat PETER KEFALAS, 598 to 97, 84.9% to 13.8%; total votes 704.", "general_comptroller_winner": "Levine", "question_1": "Approve beat Disapprove, 384 to 305, 55.7% to 44.3%; total votes 689.", "question_1_winner": "Yes-approve!", "question_2": "Approve beat Disapprove, 483 to 215, 69.2% to 30.8%; total votes 698.", "question_2_winner": "Yes-approve!", "question_3": "Approve beat Disapprove, 506 to 183, 73.4% to 26.6%; total votes 689.", "question_3_winner": "Yes-approve!", "question_4": "Approve beat Disapprove, 458 to 219, 67.7% to 32.3%; total votes 677.", "question_4_winner": "Yes-approve!", "question_5": "Approve beat Disapprove, 655 to 44, 93.7% to 6.3%; total votes 699.", "question_5_winner": "Yes-approve!", "question_6": "Approve beat Disapprove, 437 to 250, 63.6% to 36.4%; total votes 687.", "question_6_winner": "Yes-approve!", "dem_primary_mayor": "Zohran Kwame Mamdani beat Andrew M. Cuomo, 218 to 98, 51.3% to 23.1%; total votes 425.", "dem_primary_mayor_winner": "Mamdani", "dem_primary_public_advocate": "Jumaane D. Williams beat Jenifer Rajkumar, 218 to 80, 63.6% to 23.3%; total votes 343.", "dem_primary_public_advocate_winner": "Williams", "dem_primary_comptroller": "Mark D. Levine beat Justin Brannan, 173 to 134, 49.9% to 38.6%; total votes 347.", "dem_primary_comptroller_winner": "Levine", "popup_summary": "Mayor: ZOHRAN KWAME MAMDANI beat ANDREW M. CUOMO, 455 to 291, 59.3% to 37.9%; total votes 767. | Public Advocate: JUMAANE D. WILLIAMS beat GONZALO DURAN, 584 to 105, 82.5% to 14.8%; total votes 708. | City Comptroller: MARK D. LEVINE beat PETER KEFALAS, 598 to 97, 84.9% to 13.8%; total votes 704. | Question 1: Approve beat Disapprove, 384 to 305, 55.7% to 44.3%; total votes 689. | Question 2: Approve beat Disapprove, 483 to 215, 69.2% to 30.8%; total votes 698. | Question 3: Approve beat Disapprove, 506 to 183, 73.4% to 26.6%; total votes 689. | Question 4: Approve beat Disapprove, 458 to 219, 67.7% to 32.3%; total votes 677. | Question 5: Approve beat Disapprove, 655 to 44, 93.7% to 6.3%; total votes 699. | Question 6: Approve beat Disapprove, 437 to 250, 63.6% to 36.4%; total votes 687. | Dem Primary Mayor: Zohran Kwame Mamdani beat Andrew M. Cuomo, 218 to 98, 51.3% to 23.1%; total votes 425. | Dem Primary Public Advocate: Jumaane D. Williams beat Jenifer Rajkumar, 218 to 80, 63.6% to 23.3%; total votes 343. | Dem Primary Comptroller: Mark D. Levine beat Justin Brannan, 173 to 134, 49.9% to 38.6%; total votes 347.", "mayor_margin": 21.4, "q2_yes": 69.2, "q3_yes": 73.4, "q4_yes": 67.7}, "geometry": {"type": "MultiPolygon", "coordinates": [[[[-73.9622177, 40.7178603], [-73.9628507, 40.7172712], [-73.964135, 40.7180704], [-73.9646257, 40.7183752], [-73.9653301, 40.7188028], [-73.9655243, 40.7189193], [-73.9651195, 40.7192269], [-73.9651781, 40.7192671], [-73.9652311, 40.7193116], [-73.9652778, 40.71936], [-73.9653179, 40.7194117], [-73.9653509, 40.7194662], [-73.9653764, 40.719523], [-73.9653943, 40.7195815], [-73.9654043, 40.7196411], [-73.9654063, 40.7197011], [-73.9654003, 40.719761], [-73.9653863, 40.7198201], [-73.965371, 40.7198969], [-73.9653477, 40.7199725], [-73.9653164, 40.7200464], [-73.9652775, 40.7201183], [-73.9652312, 40.7201875], [-73.9651777, 40.7202536], [-73.9651174, 40.7203163], [-73.9650328, 40.7203771], [-73.9644795, 40.7200362], [-73.9643819, 40.7201394], [-73.9643336, 40.7202083], [-73.9644475, 40.720277], [-73.9643348, 40.7203865], [-73.9643974, 40.7204418], [-73.9643611, 40.7204772], [-73.9642746, 40.7205758], [-73.9642407, 40.7206122], [-73.9641053, 40.720433], [-73.9642526, 40.7202103], [-73.9640085, 40.7200244], [-73.9640308, 40.7199063], [-73.9636898, 40.7197029], [-73.964005, 40.7194072], [-73.9641461, 40.7192739], [-73.964247, 40.719176], [-73.964256, 40.7191616], [-73.9642624, 40.7191465], [-73.9642661, 40.7191309], [-73.9642671, 40.719115], [-73.9642653, 40.7190992], [-73.9642609, 40.7190837], [-73.9642538, 40.7190687], [-73.9642442, 40.7190546], [-73.9639642, 40.7188767], [-73.9634922, 40.7186696], [-73.9622177, 40.7178603]]]]}}, {"type": "Feature", "properties": {"felt:feature": 31, "ed_label": "AD 50 ED 031", "elect_dist": "50031", "borough": "Brooklyn", "community_board": 1, "community_board_label": "Brooklyn CB1", "popup_title": "Brooklyn CB1 \u2014 AD 50 ED 031", "general_mayor": "ZOHRAN KWAME MAMDANI beat ANDREW M. CUOMO, 368 to 171, 66.8% to 31.0%; total votes 551.", "general_mayor_winner": "Mamdani", "general_public_advocate": "JUMAANE D. WILLIAMS beat GONZALO DURAN, 436 to 70, 84.5% to 13.6%; total votes 516.", "general_public_advocate_winner": "Williams", "general_comptroller": "MARK D. LEVINE beat PETER KEFALAS, 438 to 67, 85.5% to 13.1%; total votes 512.", "general_comptroller_winner": "Levine", "question_1": "Approve beat Disapprove, 276 to 228, 54.8% to 45.2%; total votes 504.", "question_1_winner": "Yes-approve!", "question_2": "Approve beat Disapprove, 390 to 125, 75.7% to 24.3%; total votes 515.", "question_2_winner": "Yes-approve!", "question_3": "Approve beat Disapprove, 379 to 122, 75.6% to 24.4%; total votes 501.", "question_3_winner": "Yes-approve!", "question_4": "Approve beat Disapprove, 358 to 141, 71.7% to 28.3%; total votes 499.", "question_4_winner": "Yes-approve!", "question_5": "Approve beat Disapprove, 470 to 34, 93.3% to 6.7%; total votes 504.", "question_5_winner": "Yes-approve!", "question_6": "Approve beat Disapprove, 293 to 212, 58.0% to 42.0%; total votes 505.", "question_6_winner": "Yes-approve!", "dem_primary_mayor": "Zohran Kwame Mamdani beat Brad Lander, 167 to 48, 61.9% to 17.8%; total votes 270.", "dem_primary_mayor_winner": "Mamdani", "dem_primary_public_advocate": "Jumaane D. Williams beat Jenifer Rajkumar, 143 to 54, 66.2% to 25.0%; total votes 216.", "dem_primary_public_advocate_winner": "Williams", "dem_primary_comptroller": "Justin Brannan beat Mark D. Levine, 89 to 89, 42.4% to 42.4%; total votes 210.", "dem_primary_comptroller_winner": "Brannan", "popup_summary": "Mayor: ZOHRAN KWAME MAMDANI beat ANDREW M. CUOMO, 368 to 171, 66.8% to 31.0%; total votes 551. | Public Advocate: JUMAANE D. WILLIAMS beat GONZALO DURAN, 436 to 70, 84.5% to 13.6%; total votes 516. | City Comptroller: MARK D. LEVINE beat PETER KEFALAS, 438 to 67, 85.5% to 13.1%; total votes 512. | Question 1: Approve beat Disapprove, 276 to 228, 54.8% to 45.2%; total votes 504. | Question 2: Approve beat Disapprove, 390 to 125, 75.7% to 24.3%; total votes 515. | Question 3: Approve beat Disapprove, 379 to 122, 75.6% to 24.4%; total votes 501. | Question 4: Approve beat Disapprove, 358 to 141, 71.7% to 28.3%; total votes 499. | Question 5: Approve beat Disapprove, 470 to 34, 93.3% to 6.7%; total votes 504. | Question 6: Approve beat Disapprove, 293 to 212, 58.0% to 42.0%; total votes 505. | Dem Primary Mayor: Zohran Kwame Mamdani beat Brad Lander, 167 to 48, 61.9% to 17.8%; total votes 270. | Dem Primary Public Advocate: Jumaane D. Williams beat Jenifer Rajkumar, 143 to 54, 66.2% to 25.0%; total votes 216. | Dem Primary Comptroller: Justin Brannan beat Mark D. Levine, 89 to 89, 42.4% to 42.4%; total votes 210.", "mayor_margin": 35.8, "q2_yes": 75.7, "q3_yes": 75.6, "q4_yes": 71.7}, "geometry": {"type": "MultiPolygon", "coordinates": [[[[-73.9655034, 40.7134838], [-73.9657815, 40.712861], [-73.9661428, 40.7120574], [-73.9661817, 40.7119757], [-73.9662087, 40.7119183], [-73.9662315, 40.7118718], [-73.966247, 40.7118291], [-73.9662636, 40.7117934], [-73.9666831, 40.7119206], [-73.9671542, 40.7120633], [-73.967877, 40.712282], [-73.9688725, 40.7125787], [-73.9688402, 40.7126332], [-73.9688245, 40.7126606], [-73.9688069, 40.7127086], [-73.9687839, 40.7127565], [-73.9687319, 40.7127406], [-73.9687224, 40.7127376], [-73.968717, 40.7127469], [-73.9686661, 40.7128572], [-73.9685439, 40.7128207], [-73.9684985, 40.7128069], [-73.9684697, 40.7128247], [-73.968473, 40.7128534], [-73.9684423, 40.7129384], [-73.9685597, 40.7129873], [-73.9685067, 40.7131055], [-73.9688492, 40.7132125], [-73.9683913, 40.7142619], [-73.9679757, 40.7141505], [-73.9671361, 40.7139254], [-73.9655034, 40.7134838]]]]}}, {"type": "Feature", "properties": {"felt:feature": 32, "ed_label": "AD 50 ED 032", "elect_dist": "50032", "borough": "Brooklyn", "community_board": 1, "community_board_label": "Brooklyn CB1", "popup_title": "Brooklyn CB1 \u2014 AD 50 ED 032", "general_mayor": "ZOHRAN KWAME MAMDANI beat ANDREW M. CUOMO, 308 to 188, 61.1% to 37.3%; total votes 504.", "general_mayor_winner": "Mamdani", "general_public_advocate": "JUMAANE D. WILLIAMS beat GONZALO DURAN, 365 to 75, 80.6% to 16.6%; total votes 453.", "general_public_advocate_winner": "Williams", "general_comptroller": "MARK D. LEVINE beat PETER KEFALAS, 369 to 74, 82.0% to 16.4%; total votes 450.", "general_comptroller_winner": "Levine", "question_1": "Disapprove beat Approve, 248 to 190, 56.6% to 43.4%; total votes 438.", "question_1_winner": "No-disapprove!", "question_2": "Approve beat Disapprove, 281 to 161, 63.6% to 36.4%; total votes 442.", "question_2_winner": "Yes-approve!", "question_3": "Approve beat Disapprove, 279 to 158, 63.8% to 36.2%; total votes 437.", "question_3_winner": "Yes-approve!", "question_4": "Approve beat Disapprove, 261 to 167, 61.0% to 39.0%; total votes 428.", "question_4_winner": "Yes-approve!", "question_5": "Approve beat Disapprove, 367 to 62, 85.5% to 14.5%; total votes 429.", "question_5_winner": "Yes-approve!", "question_6": "Approve beat Disapprove, 256 to 171, 60.0% to 40.0%; total votes 427.", "question_6_winner": "Yes-approve!", "dem_primary_mayor": "Zohran Kwame Mamdani beat Andrew M. Cuomo, 151 to 84, 53.0% to 29.5%; total votes 285.", "dem_primary_mayor_winner": "Mamdani", "dem_primary_public_advocate": "Jumaane D. Williams beat Jenifer Rajkumar, 133 to 43, 63.6% to 20.6%; total votes 209.", "dem_primary_public_advocate_winner": "Williams", "dem_primary_comptroller": "Justin Brannan beat Mark D. Levine, 118 to 108, 47.2% to 43.2%; total votes 250.", "dem_primary_comptroller_winner": "Brannan", "popup_summary": "Mayor: ZOHRAN KWAME MAMDANI beat ANDREW M. CUOMO, 308 to 188, 61.1% to 37.3%; total votes 504. | Public Advocate: JUMAANE D. WILLIAMS beat GONZALO DURAN, 365 to 75, 80.6% to 16.6%; total votes 453. | City Comptroller: MARK D. LEVINE beat PETER KEFALAS, 369 to 74, 82.0% to 16.4%; total votes 450. | Question 1: Disapprove beat Approve, 248 to 190, 56.6% to 43.4%; total votes 438. | Question 2: Approve beat Disapprove, 281 to 161, 63.6% to 36.4%; total votes 442. | Question 3: Approve beat Disapprove, 279 to 158, 63.8% to 36.2%; total votes 437. | Question 4: Approve beat Disapprove, 261 to 167, 61.0% to 39.0%; total votes 428. | Question 5: Approve beat Disapprove, 367 to 62, 85.5% to 14.5%; total votes 429. | Question 6: Approve beat Disapprove, 256 to 171, 60.0% to 40.0%; total votes 427. | Dem Primary Mayor: Zohran Kwame Mamdani beat Andrew M. Cuomo, 151 to 84, 53.0% to 29.5%; total votes 285. | Dem Primary Public Advocate: Jumaane D. Williams beat Jenifer Rajkumar, 133 to 43, 63.6% to 20.6%; total votes 209. | Dem Primary Comptroller: Justin Brannan beat Mark D. Levine, 118 to 108, 47.2% to 43.2%; total votes 250.", "mayor_margin": 23.8, "q2_yes": 63.6, "q3_yes": 63.8, "q4_yes": 61.0}, "geometry": {"type": "MultiPolygon", "coordinates": [[[[-73.9662636, 40.7117934], [-73.9663072, 40.7116956], [-73.9663475, 40.7116099], [-73.9664465, 40.7113781], [-73.9667774, 40.7106269], [-73.9669492, 40.7098646], [-73.9671041, 40.7090543], [-73.96848, 40.7091926], [-73.9685222, 40.7100447], [-73.9696149, 40.7101477], [-73.9696054, 40.7102708], [-73.9696858, 40.7103217], [-73.9699927, 40.7103821], [-73.9700085, 40.7103856], [-73.9700233, 40.7103912], [-73.9700366, 40.7103986], [-73.970048, 40.7104076], [-73.9700572, 40.710418], [-73.970064, 40.7104295], [-73.9700681, 40.7104416], [-73.9700694, 40.7104541], [-73.9700678, 40.7104666], [-73.9700635, 40.7104787], [-73.9700565, 40.7104901], [-73.9700471, 40.7105004], [-73.9700354, 40.7105093], [-73.970022, 40.7105165], [-73.9700071, 40.7105219], [-73.9699912, 40.7105253], [-73.9699748, 40.7105266], [-73.9699584, 40.7105257], [-73.9699424, 40.7105227], [-73.9696619, 40.7104997], [-73.9696311, 40.7106569], [-73.9697746, 40.7106863], [-73.9697824, 40.7107064], [-73.9697857, 40.7107272], [-73.9697845, 40.7107482], [-73.9697788, 40.7107688], [-73.9697688, 40.7107883], [-73.9697547, 40.7108064], [-73.9697369, 40.7108224], [-73.9697159, 40.7108361], [-73.9696923, 40.7108469], [-73.9694181, 40.7109381], [-73.9693743, 40.7110207], [-73.9699077, 40.7112681], [-73.9693104, 40.7111079], [-73.9692349, 40.7112405], [-73.969291, 40.7112702], [-73.9692335, 40.7114331], [-73.9691448, 40.711457], [-73.9690958, 40.7115631], [-73.9690798, 40.7116234], [-73.9688847, 40.7121769], [-73.9688659, 40.7122319], [-73.9688161, 40.7122519], [-73.9688654, 40.7122724], [-73.9688382, 40.7123896], [-73.9689408, 40.7124188], [-73.9689247, 40.7124634], [-73.968906, 40.7125068], [-73.968896, 40.7125283], [-73.9688725, 40.7125787], [-73.967877, 40.712282], [-73.9671542, 40.7120633], [-73.9666831, 40.7119206], [-73.9662636, 40.7117934]]]]}}, {"type": "Feature", "properties": {"felt:feature": 33, "ed_label": "AD 50 ED 033", "elect_dist": "50033", "borough": "Brooklyn", "community_board": 1, "community_board_label": "Brooklyn CB1", "popup_title": "Brooklyn CB1 \u2014 AD 50 ED 033", "general_mayor": "ANDREW M. CUOMO beat ZOHRAN KWAME MAMDANI, 372 to 289, 52.9% to 41.1%; total votes 703.", "general_mayor_winner": "Cuomo", "general_public_advocate": "JUMAANE D. WILLIAMS beat GONZALO DURAN, 401 to 153, 70.0% to 26.7%; total votes 573.", "general_public_advocate_winner": "Williams", "general_comptroller": "MARK D. LEVINE beat PETER KEFALAS, 452 to 104, 79.7% to 18.3%; total votes 567.", "general_comptroller_winner": "Levine", "question_1": "Disapprove beat Approve, 278 to 223, 55.5% to 44.5%; total votes 501.", "question_1_winner": "No-disapprove!", "question_2": "Approve beat Disapprove, 317 to 213, 59.8% to 40.2%; total votes 530.", "question_2_winner": "Yes-approve!", "question_3": "Approve beat Disapprove, 314 to 198, 61.3% to 38.7%; total votes 512.", "question_3_winner": "Yes-approve!", "question_4": "Approve beat Disapprove, 278 to 213, 56.6% to 43.4%; total votes 491.", "question_4_winner": "Yes-approve!", "question_5": "Approve beat Disapprove, 392 to 100, 79.7% to 20.3%; total votes 492.", "question_5_winner": "Yes-approve!", "question_6": "Approve beat Disapprove, 281 to 220, 56.1% to 43.9%; total votes 501.", "question_6_winner": "Yes-approve!", "dem_primary_mayor": "Andrew M. Cuomo beat Zohran Kwame Mamdani, 178 to 142, 45.6% to 36.4%; total votes 390.", "dem_primary_mayor_winner": "Cuomo", "dem_primary_public_advocate": "Jumaane D. Williams beat Jenifer Rajkumar, 175 to 32, 70.8% to 13.0%; total votes 247.", "dem_primary_public_advocate_winner": "Williams", "dem_primary_comptroller": "Justin Brannan beat Mark D. Levine, 194 to 116, 55.3% to 33.0%; total votes 351.", "dem_primary_comptroller_winner": "Brannan", "popup_summary": "Mayor: ANDREW M. CUOMO beat ZOHRAN KWAME MAMDANI, 372 to 289, 52.9% to 41.1%; total votes 703. | Public Advocate: JUMAANE D. WILLIAMS beat GONZALO DURAN, 401 to 153, 70.0% to 26.7%; total votes 573. | City Comptroller: MARK D. LEVINE beat PETER KEFALAS, 452 to 104, 79.7% to 18.3%; total votes 567. | Question 1: Disapprove beat Approve, 278 to 223, 55.5% to 44.5%; total votes 501. | Question 2: Approve beat Disapprove, 317 to 213, 59.8% to 40.2%; total votes 530. | Question 3: Approve beat Disapprove, 314 to 198, 61.3% to 38.7%; total votes 512. | Question 4: Approve beat Disapprove, 278 to 213, 56.6% to 43.4%; total votes 491. | Question 5: Approve beat Disapprove, 392 to 100, 79.7% to 20.3%; total votes 492. | Question 6: Approve beat Disapprove, 281 to 220, 56.1% to 43.9%; total votes 501. | Dem Primary Mayor: Andrew M. Cuomo beat Zohran Kwame Mamdani, 178 to 142, 45.6% to 36.4%; total votes 390. | Dem Primary Public Advocate: Jumaane D. Williams beat Jenifer Rajkumar, 175 to 32, 70.8% to 13.0%; total votes 247. | Dem Primary Comptroller: Justin Brannan beat Mark D. Levine, 194 to 116, 55.3% to 33.0%; total votes 351.", "mayor_margin": 11.8, "q2_yes": 59.8, "q3_yes": 61.3, "q4_yes": 56.6}, "geometry": {"type": "MultiPolygon", "coordinates": [[[[-73.9671041, 40.7090543], [-73.967236, 40.7083485], [-73.9673827, 40.7076373], [-73.9674176, 40.7074463], [-73.9672889, 40.707002], [-73.9670206, 40.7062839], [-73.9679514, 40.7057312], [-73.9683833, 40.7068294], [-73.9691301, 40.7070457], [-73.969293, 40.7070933], [-73.9696225, 40.7076276], [-73.9698486, 40.708003], [-73.969889, 40.7085749], [-73.969942, 40.7093021], [-73.9696149, 40.7101477], [-73.9685222, 40.7100447], [-73.96848, 40.7091926], [-73.9671041, 40.7090543]]]]}}, {"type": "Feature", "properties": {"felt:feature": 34, "ed_label": "AD 50 ED 034", "elect_dist": "50034", "borough": "Brooklyn", "community_board": 1, "community_board_label": "Brooklyn CB1", "popup_title": "Brooklyn CB1 \u2014 AD 50 ED 034", "general_mayor": "ZOHRAN KWAME MAMDANI beat ANDREW M. CUOMO, 357 to 351, 48.9% to 48.1%; total votes 730.", "general_mayor_winner": "Mamdani", "general_public_advocate": "JUMAANE D. WILLIAMS beat GONZALO DURAN, 437 to 125, 75.9% to 21.7%; total votes 576.", "general_public_advocate_winner": "Williams", "general_comptroller": "MARK D. LEVINE beat PETER KEFALAS, 481 to 101, 81.2% to 17.1%; total votes 592.", "general_comptroller_winner": "Levine", "question_1": "Disapprove beat Approve, 289 to 220, 56.8% to 43.2%; total votes 509.", "question_1_winner": "No-disapprove!", "question_2": "Approve beat Disapprove, 331 to 191, 63.4% to 36.6%; total votes 522.", "question_2_winner": "Yes-approve!", "question_3": "Approve beat Disapprove, 309 to 202, 60.5% to 39.5%; total votes 511.", "question_3_winner": "Yes-approve!", "question_4": "Approve beat Disapprove, 296 to 204, 59.2% to 40.8%; total votes 500.", "question_4_winner": "Yes-approve!", "question_5": "Approve beat Disapprove, 399 to 102, 79.6% to 20.4%; total votes 501.", "question_5_winner": "Yes-approve!", "question_6": "Approve beat Disapprove, 256 to 239, 51.7% to 48.3%; total votes 495.", "question_6_winner": "Yes-approve!", "dem_primary_mayor": "Andrew M. Cuomo beat Zohran Kwame Mamdani, 207 to 198, 45.5% to 43.5%; total votes 455.", "dem_primary_mayor_winner": "Cuomo", "dem_primary_public_advocate": "Jumaane D. Williams beat Jenifer Rajkumar, 230 to 38, 75.2% to 12.4%; total votes 306.", "dem_primary_public_advocate_winner": "Williams", "dem_primary_comptroller": "Justin Brannan beat Mark D. Levine, 231 to 129, 56.5% to 31.5%; total votes 409.", "dem_primary_comptroller_winner": "Brannan", "popup_summary": "Mayor: ZOHRAN KWAME MAMDANI beat ANDREW M. CUOMO, 357 to 351, 48.9% to 48.1%; total votes 730. | Public Advocate: JUMAANE D. WILLIAMS beat GONZALO DURAN, 437 to 125, 75.9% to 21.7%; total votes 576. | City Comptroller: MARK D. LEVINE beat PETER KEFALAS, 481 to 101, 81.2% to 17.1%; total votes 592. | Question 1: Disapprove beat Approve, 289 to 220, 56.8% to 43.2%; total votes 509. | Question 2: Approve beat Disapprove, 331 to 191, 63.4% to 36.6%; total votes 522. | Question 3: Approve beat Disapprove, 309 to 202, 60.5% to 39.5%; total votes 511. | Question 4: Approve beat Disapprove, 296 to 204, 59.2% to 40.8%; total votes 500. | Question 5: Approve beat Disapprove, 399 to 102, 79.6% to 20.4%; total votes 501. | Question 6: Approve beat Disapprove, 256 to 239, 51.7% to 48.3%; total votes 495. | Dem Primary Mayor: Andrew M. Cuomo beat Zohran Kwame Mamdani, 207 to 198, 45.5% to 43.5%; total votes 455. | Dem Primary Public Advocate: Jumaane D. Williams beat Jenifer Rajkumar, 230 to 38, 75.2% to 12.4%; total votes 306. | Dem Primary Comptroller: Justin Brannan beat Mark D. Levine, 231 to 129, 56.5% to 31.5%; total votes 409.", "mayor_margin": 0.8, "q2_yes": 63.4, "q3_yes": 60.5, "q4_yes": 59.2}, "geometry": {"type": "MultiPolygon", "coordinates": [[[[-73.9640277, 40.7095346], [-73.9641849, 40.7087195], [-73.9643284, 40.7080147], [-73.9643782, 40.7077558], [-73.9644231, 40.7075337], [-73.9648484, 40.7074536], [-73.9651152, 40.7071344], [-73.9667389, 40.7068161], [-73.9672889, 40.707002], [-73.9674176, 40.7074463], [-73.9673827, 40.7076373], [-73.967236, 40.7083485], [-73.9671041, 40.7090543], [-73.9669492, 40.7098646], [-73.9667774, 40.7106269], [-73.9655084, 40.7104543], [-73.9656412, 40.7097172], [-73.9640277, 40.7095346]]]]}}, {"type": "Feature", "properties": {"felt:feature": 35, "ed_label": "AD 50 ED 035", "elect_dist": "50035", "borough": "Brooklyn", "community_board": 1, "community_board_label": "Brooklyn CB1", "popup_title": "Brooklyn CB1 \u2014 AD 50 ED 035", "general_mayor": "ANDREW M. CUOMO beat ZOHRAN KWAME MAMDANI, 297 to 86, 69.7% to 20.2%; total votes 426.", "general_mayor_winner": "Cuomo", "general_public_advocate": "JUMAANE D. WILLIAMS beat GONZALO DURAN, 187 to 83, 68.0% to 30.2%; total votes 275.", "general_public_advocate_winner": "Williams", "general_comptroller": "MARK D. LEVINE beat PETER KEFALAS, 212 to 71, 72.1% to 24.1%; total votes 294.", "general_comptroller_winner": "Levine", "question_1": "Disapprove beat Approve, 144 to 100, 59.0% to 41.0%; total votes 244.", "question_1_winner": "No-disapprove!", "question_2": "Approve beat Disapprove, 169 to 82, 67.3% to 32.7%; total votes 251.", "question_2_winner": "Yes-approve!", "question_3": "Approve beat Disapprove, 148 to 99, 59.9% to 40.1%; total votes 247.", "question_3_winner": "Yes-approve!", "question_4": "Approve beat Disapprove, 139 to 90, 60.7% to 39.3%; total votes 229.", "question_4_winner": "Yes-approve!", "question_5": "Approve beat Disapprove, 144 to 83, 63.4% to 36.6%; total votes 227.", "question_5_winner": "Yes-approve!", "question_6": "Disapprove beat Approve, 130 to 105, 55.3% to 44.7%; total votes 235.", "question_6_winner": "No-disapprove!", "dem_primary_mayor": "Andrew M. Cuomo beat Zohran Kwame Mamdani, 202 to 29, 76.8% to 11.0%; total votes 263.", "dem_primary_mayor_winner": "Cuomo", "dem_primary_public_advocate": "Jumaane D. Williams beat Marty Dolan, 73 to 25, 59.4% to 20.3%; total votes 123.", "dem_primary_public_advocate_winner": "Williams", "dem_primary_comptroller": "Justin Brannan beat Mark D. Levine, 133 to 70, 55.0% to 28.9%; total votes 242.", "dem_primary_comptroller_winner": "Brannan", "popup_summary": "Mayor: ANDREW M. CUOMO beat ZOHRAN KWAME MAMDANI, 297 to 86, 69.7% to 20.2%; total votes 426. | Public Advocate: JUMAANE D. WILLIAMS beat GONZALO DURAN, 187 to 83, 68.0% to 30.2%; total votes 275. | City Comptroller: MARK D. LEVINE beat PETER KEFALAS, 212 to 71, 72.1% to 24.1%; total votes 294. | Question 1: Disapprove beat Approve, 144 to 100, 59.0% to 41.0%; total votes 244. | Question 2: Approve beat Disapprove, 169 to 82, 67.3% to 32.7%; total votes 251. | Question 3: Approve beat Disapprove, 148 to 99, 59.9% to 40.1%; total votes 247. | Question 4: Approve beat Disapprove, 139 to 90, 60.7% to 39.3%; total votes 229. | Question 5: Approve beat Disapprove, 144 to 83, 63.4% to 36.6%; total votes 227. | Question 6: Disapprove beat Approve, 130 to 105, 55.3% to 44.7%; total votes 235. | Dem Primary Mayor: Andrew M. Cuomo beat Zohran Kwame Mamdani, 202 to 29, 76.8% to 11.0%; total votes 263. | Dem Primary Public Advocate: Jumaane D. Williams beat Marty Dolan, 73 to 25, 59.4% to 20.3%; total votes 123. | Dem Primary Comptroller: Justin Brannan beat Mark D. Levine, 133 to 70, 55.0% to 28.9%; total votes 242.", "mayor_margin": 49.5, "q2_yes": 67.3, "q3_yes": 59.9, "q4_yes": 60.7}, "geometry": {"type": "MultiPolygon", "coordinates": [[[[-73.9637451, 40.7064788], [-73.9638967, 40.7063839], [-73.9641715, 40.7062118], [-73.9642682, 40.7061512], [-73.965094, 40.705634], [-73.9653121, 40.7054911], [-73.9655453, 40.7053318], [-73.9659616, 40.7050642], [-73.9660311, 40.7050195], [-73.9661061, 40.7049712], [-73.9661699, 40.7049302], [-73.9662317, 40.7048905], [-73.9663249, 40.7048306], [-73.966399, 40.7049078], [-73.9664667, 40.7049884], [-73.9665278, 40.7050719], [-73.9665821, 40.7051582], [-73.9666293, 40.7052468], [-73.9666692, 40.7053375], [-73.9667018, 40.7054298], [-73.9667268, 40.7055235], [-73.966849, 40.7058399], [-73.9670206, 40.7062839], [-73.9672889, 40.707002], [-73.9667389, 40.7068161], [-73.9651152, 40.7071344], [-73.9648484, 40.7074536], [-73.9647567, 40.7073413], [-73.9647566, 40.7073411], [-73.9647565, 40.707341], [-73.9646969, 40.7072829], [-73.964649, 40.7072362], [-73.9645274, 40.7071406], [-73.9645273, 40.7071405], [-73.9645272, 40.7071405], [-73.9643936, 40.7070558], [-73.9637451, 40.7064788]]]]}}, {"type": "Feature", "properties": {"felt:feature": 36, "ed_label": "AD 50 ED 036", "elect_dist": "50036", "borough": "Brooklyn", "community_board": 1, "community_board_label": "Brooklyn CB1", "popup_title": "Brooklyn CB1 \u2014 AD 50 ED 036", "general_mayor": "ANDREW M. CUOMO beat ZOHRAN KWAME MAMDANI, 177 to 52, 66.5% to 19.5%; total votes 266.", "general_mayor_winner": "Cuomo", "general_public_advocate": "JUMAANE D. WILLIAMS beat GONZALO DURAN, 103 to 53, 63.6% to 32.7%; total votes 162.", "general_public_advocate_winner": "Williams", "general_comptroller": "MARK D. LEVINE beat PETER KEFALAS, 126 to 43, 72.0% to 24.6%; total votes 175.", "general_comptroller_winner": "Levine", "question_1": "Disapprove beat Approve, 68 to 59, 53.5% to 46.5%; total votes 127.", "question_1_winner": "No-disapprove!", "question_2": "Approve beat Disapprove, 94 to 38, 71.2% to 28.8%; total votes 132.", "question_2_winner": "Yes-approve!", "question_3": "Approve beat Disapprove, 90 to 37, 70.9% to 29.1%; total votes 127.", "question_3_winner": "Yes-approve!", "question_4": "Approve beat Disapprove, 94 to 35, 72.9% to 27.1%; total votes 129.", "question_4_winner": "Yes-approve!", "question_5": "Approve beat Disapprove, 87 to 44, 66.4% to 33.6%; total votes 131.", "question_5_winner": "Yes-approve!", "question_6": "Approve beat Disapprove, 66 to 64, 50.8% to 49.2%; total votes 130.", "question_6_winner": "Yes-approve!", "dem_primary_mayor": "Andrew M. Cuomo beat Zohran Kwame Mamdani, 129 to 16, 81.6% to 10.1%; total votes 158.", "dem_primary_mayor_winner": "Cuomo", "dem_primary_public_advocate": "Jumaane D. Williams beat Jenifer Rajkumar, 57 to 11, 69.5% to 13.4%; total votes 82.", "dem_primary_public_advocate_winner": "Williams", "dem_primary_comptroller": "Justin Brannan beat Mark D. Levine, 60 to 54, 44.1% to 39.7%; total votes 136.", "dem_primary_comptroller_winner": "Brannan", "popup_summary": "Mayor: ANDREW M. CUOMO beat ZOHRAN KWAME MAMDANI, 177 to 52, 66.5% to 19.5%; total votes 266. | Public Advocate: JUMAANE D. WILLIAMS beat GONZALO DURAN, 103 to 53, 63.6% to 32.7%; total votes 162. | City Comptroller: MARK D. LEVINE beat PETER KEFALAS, 126 to 43, 72.0% to 24.6%; total votes 175. | Question 1: Disapprove beat Approve, 68 to 59, 53.5% to 46.5%; total votes 127. | Question 2: Approve beat Disapprove, 94 to 38, 71.2% to 28.8%; total votes 132. | Question 3: Approve beat Disapprove, 90 to 37, 70.9% to 29.1%; total votes 127. | Question 4: Approve beat Disapprove, 94 to 35, 72.9% to 27.1%; total votes 129. | Question 5: Approve beat Disapprove, 87 to 44, 66.4% to 33.6%; total votes 131. | Question 6: Approve beat Disapprove, 66 to 64, 50.8% to 49.2%; total votes 130. | Dem Primary Mayor: Andrew M. Cuomo beat Zohran Kwame Mamdani, 129 to 16, 81.6% to 10.1%; total votes 158. | Dem Primary Public Advocate: Jumaane D. Williams beat Jenifer Rajkumar, 57 to 11, 69.5% to 13.4%; total votes 82. | Dem Primary Comptroller: Justin Brannan beat Mark D. Levine, 60 to 54, 44.1% to 39.7%; total votes 136.", "mayor_margin": 47.0, "q2_yes": 71.2, "q3_yes": 70.9, "q4_yes": 72.9}, "geometry": {"type": "MultiPolygon", "coordinates": [[[[-73.9636678, 40.7036143], [-73.964158, 40.7032952], [-73.9642228, 40.7032533], [-73.9642913, 40.7032089], [-73.9644253, 40.7031222], [-73.9648659, 40.7035152], [-73.9648863, 40.7035342], [-73.965059, 40.7036885], [-73.9650804, 40.7037079], [-73.9651022, 40.7037276], [-73.9651448, 40.703766], [-73.9651635, 40.703783], [-73.9656904, 40.7042594], [-73.9663249, 40.7048306], [-73.9662317, 40.7048905], [-73.9661699, 40.7049302], [-73.9661061, 40.7049712], [-73.9660311, 40.7050195], [-73.9659616, 40.7050642], [-73.9655453, 40.7053318], [-73.9652055, 40.7050114], [-73.9651575, 40.7049977], [-73.9649026, 40.704762], [-73.9645883, 40.7044788], [-73.9645408, 40.7044359], [-73.9645008, 40.7043999], [-73.9643216, 40.7042384], [-73.9642799, 40.7042009], [-73.9642097, 40.7041717], [-73.9637151, 40.7037287], [-73.9636678, 40.7036143]]]]}}, {"type": "Feature", "properties": {"felt:feature": 37, "ed_label": "AD 50 ED 037", "elect_dist": "50037", "borough": "Brooklyn", "community_board": 1, "community_board_label": "Brooklyn CB1", "popup_title": "Brooklyn CB1 \u2014 AD 50 ED 037", "general_mayor": "ANDREW M. CUOMO beat ZOHRAN KWAME MAMDANI, 393 to 54, 83.1% to 11.4%; total votes 473.", "general_mayor_winner": "Cuomo", "general_public_advocate": "JUMAANE D. WILLIAMS beat GONZALO DURAN, 149 to 125, 53.4% to 44.8%; total votes 279.", "general_public_advocate_winner": "Williams", "general_comptroller": "MARK D. LEVINE beat PETER KEFALAS, 210 to 108, 64.0% to 32.9%; total votes 328.", "general_comptroller_winner": "Levine", "question_1": "Disapprove beat Approve, 141 to 96, 59.5% to 40.5%; total votes 237.", "question_1_winner": "No-disapprove!", "question_2": "Approve beat Disapprove, 156 to 93, 62.7% to 37.3%; total votes 249.", "question_2_winner": "Yes-approve!", "question_3": "Approve beat Disapprove, 148 to 89, 62.4% to 37.6%; total votes 237.", "question_3_winner": "Yes-approve!", "question_4": "Approve beat Disapprove, 130 to 89, 59.4% to 40.6%; total votes 219.", "question_4_winner": "Yes-approve!", "question_5": "Approve beat Disapprove, 141 to 86, 62.1% to 37.9%; total votes 227.", "question_5_winner": "Yes-approve!", "question_6": "Disapprove beat Approve, 123 to 105, 53.9% to 46.1%; total votes 228.", "question_6_winner": "No-disapprove!", "dem_primary_mayor": "Andrew M. Cuomo beat Zohran Kwame Mamdani, 298 to 29, 82.5% to 8.0%; total votes 361.", "dem_primary_mayor_winner": "Cuomo", "dem_primary_public_advocate": "Jumaane D. Williams beat Marty Dolan, 104 to 29, 67.5% to 18.8%; total votes 154.", "dem_primary_public_advocate_winner": "Williams", "dem_primary_comptroller": "Justin Brannan beat Mark D. Levine, 179 to 133, 53.6% to 39.8%; total votes 334.", "dem_primary_comptroller_winner": "Brannan", "popup_summary": "Mayor: ANDREW M. CUOMO beat ZOHRAN KWAME MAMDANI, 393 to 54, 83.1% to 11.4%; total votes 473. | Public Advocate: JUMAANE D. WILLIAMS beat GONZALO DURAN, 149 to 125, 53.4% to 44.8%; total votes 279. | City Comptroller: MARK D. LEVINE beat PETER KEFALAS, 210 to 108, 64.0% to 32.9%; total votes 328. | Question 1: Disapprove beat Approve, 141 to 96, 59.5% to 40.5%; total votes 237. | Question 2: Approve beat Disapprove, 156 to 93, 62.7% to 37.3%; total votes 249. | Question 3: Approve beat Disapprove, 148 to 89, 62.4% to 37.6%; total votes 237. | Question 4: Approve beat Disapprove, 130 to 89, 59.4% to 40.6%; total votes 219. | Question 5: Approve beat Disapprove, 141 to 86, 62.1% to 37.9%; total votes 227. | Question 6: Disapprove beat Approve, 123 to 105, 53.9% to 46.1%; total votes 228. | Dem Primary Mayor: Andrew M. Cuomo beat Zohran Kwame Mamdani, 298 to 29, 82.5% to 8.0%; total votes 361. | Dem Primary Public Advocate: Jumaane D. Williams beat Marty Dolan, 104 to 29, 67.5% to 18.8%; total votes 154. | Dem Primary Comptroller: Justin Brannan beat Mark D. Levine, 179 to 133, 53.6% to 39.8%; total votes 334.", "mayor_margin": 71.7, "q2_yes": 62.7, "q3_yes": 62.4, "q4_yes": 59.4}, "geometry": {"type": "MultiPolygon", "coordinates": [[[[-73.9591135, 40.7049787], [-73.9597839, 40.7038204], [-73.9598995, 40.7036151], [-73.9601126, 40.7032303], [-73.9602726, 40.7029447], [-73.9604153, 40.7026899], [-73.9611521, 40.7013865], [-73.961215, 40.701446], [-73.9614528, 40.7016627], [-73.961749, 40.7019439], [-73.962027, 40.7021866], [-73.9623925, 40.7025057], [-73.962776, 40.7026109], [-73.9634257, 40.7027889], [-73.9642962, 40.7030102], [-73.9644253, 40.7031222], [-73.9642913, 40.7032089], [-73.9642228, 40.7032533], [-73.964158, 40.7032952], [-73.9636678, 40.7036143], [-73.962542, 40.7043556], [-73.9618681, 40.7047867], [-73.9601523, 40.7058977], [-73.9595236, 40.7053319], [-73.9593384, 40.7051809], [-73.9591732, 40.7050348], [-73.9591135, 40.7049787]]]]}}, {"type": "Feature", "properties": {"felt:feature": 38, "ed_label": "AD 50 ED 038", "elect_dist": "50038", "borough": "Brooklyn", "community_board": 1, "community_board_label": "Brooklyn CB1", "popup_title": "Brooklyn CB1 \u2014 AD 50 ED 038", "general_mayor": "ANDREW M. CUOMO beat ZOHRAN KWAME MAMDANI, 202 to 153, 51.8% to 39.2%; total votes 390.", "general_mayor_winner": "Cuomo", "general_public_advocate": "JUMAANE D. WILLIAMS beat GONZALO DURAN, 235 to 60, 78.6% to 20.1%; total votes 299.", "general_public_advocate_winner": "Williams", "general_comptroller": "MARK D. LEVINE beat PETER KEFALAS, 229 to 51, 77.9% to 17.3%; total votes 294.", "general_comptroller_winner": "Levine", "question_1": "Disapprove beat Approve, 141 to 87, 61.8% to 38.2%; total votes 228.", "question_1_winner": "No-disapprove!", "question_2": "Approve beat Disapprove, 169 to 79, 68.1% to 31.9%; total votes 248.", "question_2_winner": "Yes-approve!", "question_3": "Approve beat Disapprove, 148 to 91, 61.9% to 38.1%; total votes 239.", "question_3_winner": "Yes-approve!", "question_4": "Approve beat Disapprove, 155 to 83, 65.1% to 34.9%; total votes 238.", "question_4_winner": "Yes-approve!", "question_5": "Approve beat Disapprove, 162 to 72, 69.2% to 30.8%; total votes 234.", "question_5_winner": "Yes-approve!", "question_6": "Disapprove beat Approve, 120 to 109, 52.4% to 47.6%; total votes 229.", "question_6_winner": "No-disapprove!", "dem_primary_mayor": "Andrew M. Cuomo beat Zohran Kwame Mamdani, 137 to 56, 61.2% to 25.0%; total votes 224.", "dem_primary_mayor_winner": "Cuomo", "dem_primary_public_advocate": "Jumaane D. Williams beat Jenifer Rajkumar, 104 to 19, 75.4% to 13.8%; total votes 138.", "dem_primary_public_advocate_winner": "Williams", "dem_primary_comptroller": "Justin Brannan beat Mark D. Levine, 77 to 67, 39.9% to 34.7%; total votes 193.", "dem_primary_comptroller_winner": "Brannan", "popup_summary": "Mayor: ANDREW M. CUOMO beat ZOHRAN KWAME MAMDANI, 202 to 153, 51.8% to 39.2%; total votes 390. | Public Advocate: JUMAANE D. WILLIAMS beat GONZALO DURAN, 235 to 60, 78.6% to 20.1%; total votes 299. | City Comptroller: MARK D. LEVINE beat PETER KEFALAS, 229 to 51, 77.9% to 17.3%; total votes 294. | Question 1: Disapprove beat Approve, 141 to 87, 61.8% to 38.2%; total votes 228. | Question 2: Approve beat Disapprove, 169 to 79, 68.1% to 31.9%; total votes 248. | Question 3: Approve beat Disapprove, 148 to 91, 61.9% to 38.1%; total votes 239. | Question 4: Approve beat Disapprove, 155 to 83, 65.1% to 34.9%; total votes 238. | Question 5: Approve beat Disapprove, 162 to 72, 69.2% to 30.8%; total votes 234. | Question 6: Disapprove beat Approve, 120 to 109, 52.4% to 47.6%; total votes 229. | Dem Primary Mayor: Andrew M. Cuomo beat Zohran Kwame Mamdani, 137 to 56, 61.2% to 25.0%; total votes 224. | Dem Primary Public Advocate: Jumaane D. Williams beat Jenifer Rajkumar, 104 to 19, 75.4% to 13.8%; total votes 138. | Dem Primary Comptroller: Justin Brannan beat Mark D. Levine, 77 to 67, 39.9% to 34.7%; total votes 193.", "mayor_margin": 12.6, "q2_yes": 68.1, "q3_yes": 61.9, "q4_yes": 65.1}, "geometry": {"type": "MultiPolygon", "coordinates": [[[[-73.9618681, 40.7047867], [-73.962542, 40.7043556], [-73.9636678, 40.7036143], [-73.9637151, 40.7037287], [-73.9642097, 40.7041717], [-73.9642799, 40.7042009], [-73.9643216, 40.7042384], [-73.9645008, 40.7043999], [-73.9645408, 40.7044359], [-73.9645883, 40.7044788], [-73.9649026, 40.704762], [-73.9651575, 40.7049977], [-73.9652055, 40.7050114], [-73.9655453, 40.7053318], [-73.9653121, 40.7054911], [-73.965094, 40.705634], [-73.9642682, 40.7061512], [-73.9641715, 40.7062118], [-73.9638967, 40.7063839], [-73.9637451, 40.7064788], [-73.963098, 40.7058999], [-73.9624853, 40.7053517], [-73.9618681, 40.7047867]]]]}}, {"type": "Feature", "properties": {"felt:feature": 39, "ed_label": "AD 50 ED 039", "elect_dist": "50039", "borough": "Brooklyn", "community_board": 1, "community_board_label": "Brooklyn CB1", "popup_title": "Brooklyn CB1 \u2014 AD 50 ED 039", "general_mayor": "ANDREW M. CUOMO beat ZOHRAN KWAME MAMDANI, 233 to 32, 80.6% to 11.1%; total votes 289.", "general_mayor_winner": "Cuomo", "general_public_advocate": "JUMAANE D. WILLIAMS beat GONZALO DURAN, 80 to 79, 49.1% to 48.5%; total votes 163.", "general_public_advocate_winner": "Williams", "general_comptroller": "MARK D. LEVINE beat PETER KEFALAS, 114 to 62, 63.3% to 34.4%; total votes 180.", "general_comptroller_winner": "Levine", "question_1": "Disapprove beat Approve, 80 to 45, 64.0% to 36.0%; total votes 125.", "question_1_winner": "No-disapprove!", "question_2": "Approve beat Disapprove, 88 to 61, 59.1% to 40.9%; total votes 149.", "question_2_winner": "Yes-approve!", "question_3": "Approve beat Disapprove, 82 to 52, 61.2% to 38.8%; total votes 134.", "question_3_winner": "Yes-approve!", "question_4": "Disapprove beat Approve, 68 to 57, 54.4% to 45.6%; total votes 125.", "question_4_winner": "No-disapprove!", "question_5": "Approve beat Disapprove, 78 to 45, 63.4% to 36.6%; total votes 123.", "question_5_winner": "Yes-approve!", "question_6": "Approve beat Disapprove, 69 to 64, 51.9% to 48.1%; total votes 133.", "question_6_winner": "Yes-approve!", "dem_primary_mayor": "Andrew M. Cuomo beat Adrienne E. Adams, 188 to 17, 83.6% to 7.6%; total votes 225.", "dem_primary_mayor_winner": "Cuomo", "dem_primary_public_advocate": "Jumaane D. Williams beat Marty Dolan, 38 to 10, 65.5% to 17.2%; total votes 58.", "dem_primary_public_advocate_winner": "Williams", "dem_primary_comptroller": "Justin Brannan beat Mark D. Levine, 156 to 43, 73.9% to 20.4%; total votes 211.", "dem_primary_comptroller_winner": "Brannan", "popup_summary": "Mayor: ANDREW M. CUOMO beat ZOHRAN KWAME MAMDANI, 233 to 32, 80.6% to 11.1%; total votes 289. | Public Advocate: JUMAANE D. WILLIAMS beat GONZALO DURAN, 80 to 79, 49.1% to 48.5%; total votes 163. | City Comptroller: MARK D. LEVINE beat PETER KEFALAS, 114 to 62, 63.3% to 34.4%; total votes 180. | Question 1: Disapprove beat Approve, 80 to 45, 64.0% to 36.0%; total votes 125. | Question 2: Approve beat Disapprove, 88 to 61, 59.1% to 40.9%; total votes 149. | Question 3: Approve beat Disapprove, 82 to 52, 61.2% to 38.8%; total votes 134. | Question 4: Disapprove beat Approve, 68 to 57, 54.4% to 45.6%; total votes 125. | Question 5: Approve beat Disapprove, 78 to 45, 63.4% to 36.6%; total votes 123. | Question 6: Approve beat Disapprove, 69 to 64, 51.9% to 48.1%; total votes 133. | Dem Primary Mayor: Andrew M. Cuomo beat Adrienne E. Adams, 188 to 17, 83.6% to 7.6%; total votes 225. | Dem Primary Public Advocate: Jumaane D. Williams beat Marty Dolan, 38 to 10, 65.5% to 17.2%; total votes 58. | Dem Primary Comptroller: Justin Brannan beat Mark D. Levine, 156 to 43, 73.9% to 20.4%; total votes 211.", "mayor_margin": 69.5, "q2_yes": 59.1, "q3_yes": 61.2, "q4_yes": 54.4}, "geometry": {"type": "MultiPolygon", "coordinates": [[[[-73.9599384, 40.7074068], [-73.9593954, 40.7073524], [-73.960782, 40.7064633], [-73.9601523, 40.7058977], [-73.9618681, 40.7047867], [-73.9624853, 40.7053517], [-73.963098, 40.7058999], [-73.9637451, 40.7064788], [-73.9643936, 40.7070558], [-73.9645272, 40.7071405], [-73.9645273, 40.7071405], [-73.9645274, 40.7071406], [-73.964649, 40.7072362], [-73.9646969, 40.7072829], [-73.9647565, 40.707341], [-73.9647566, 40.7073411], [-73.9647567, 40.7073413], [-73.9648484, 40.7074536], [-73.9644231, 40.7075337], [-73.9632787, 40.7077293], [-73.9627433, 40.7076851], [-73.9621313, 40.7076227], [-73.9618602, 40.7075951], [-73.9611442, 40.7075236], [-73.9605033, 40.7074615], [-73.9604038, 40.7074519], [-73.9599384, 40.7074068]]]]}}, {"type": "Feature", "properties": {"felt:feature": 40, "ed_label": "AD 50 ED 040", "elect_dist": "50040", "borough": "Brooklyn", "community_board": 1, "community_board_label": "Brooklyn CB1", "popup_title": "Brooklyn CB1 \u2014 AD 50 ED 040", "general_mayor": "ANDREW M. CUOMO beat ZOHRAN KWAME MAMDANI, 320 to 106, 69.6% to 23.0%; total votes 460.", "general_mayor_winner": "Cuomo", "general_public_advocate": "JUMAANE D. WILLIAMS beat GONZALO DURAN, 180 to 107, 60.8% to 36.1%; total votes 296.", "general_public_advocate_winner": "Williams", "general_comptroller": "MARK D. LEVINE beat PETER KEFALAS, 226 to 83, 70.8% to 26.0%; total votes 319.", "general_comptroller_winner": "Levine", "question_1": "Disapprove beat Approve, 157 to 80, 66.2% to 33.8%; total votes 237.", "question_1_winner": "No-disapprove!", "question_2": "Approve beat Disapprove, 162 to 87, 65.1% to 34.9%; total votes 249.", "question_2_winner": "Yes-approve!", "question_3": "Approve beat Disapprove, 139 to 99, 58.4% to 41.6%; total votes 238.", "question_3_winner": "Yes-approve!", "question_4": "Approve beat Disapprove, 137 to 95, 59.1% to 40.9%; total votes 232.", "question_4_winner": "Yes-approve!", "question_5": "Approve beat Disapprove, 143 to 79, 64.4% to 35.6%; total votes 222.", "question_5_winner": "Yes-approve!", "question_6": "Disapprove beat Approve, 130 to 102, 56.0% to 44.0%; total votes 232.", "question_6_winner": "No-disapprove!", "dem_primary_mayor": "Andrew M. Cuomo beat Zohran Kwame Mamdani, 200 to 44, 73.0% to 16.1%; total votes 274.", "dem_primary_mayor_winner": "Cuomo", "dem_primary_public_advocate": "Jumaane D. Williams beat Marty Dolan, 86 to 26, 64.2% to 19.4%; total votes 134.", "dem_primary_public_advocate_winner": "Williams", "dem_primary_comptroller": "Justin Brannan beat Mark D. Levine, 150 to 72, 60.5% to 29.0%; total votes 248.", "dem_primary_comptroller_winner": "Brannan", "popup_summary": "Mayor: ANDREW M. CUOMO beat ZOHRAN KWAME MAMDANI, 320 to 106, 69.6% to 23.0%; total votes 460. | Public Advocate: JUMAANE D. WILLIAMS beat GONZALO DURAN, 180 to 107, 60.8% to 36.1%; total votes 296. | City Comptroller: MARK D. LEVINE beat PETER KEFALAS, 226 to 83, 70.8% to 26.0%; total votes 319. | Question 1: Disapprove beat Approve, 157 to 80, 66.2% to 33.8%; total votes 237. | Question 2: Approve beat Disapprove, 162 to 87, 65.1% to 34.9%; total votes 249. | Question 3: Approve beat Disapprove, 139 to 99, 58.4% to 41.6%; total votes 238. | Question 4: Approve beat Disapprove, 137 to 95, 59.1% to 40.9%; total votes 232. | Question 5: Approve beat Disapprove, 143 to 79, 64.4% to 35.6%; total votes 222. | Question 6: Disapprove beat Approve, 130 to 102, 56.0% to 44.0%; total votes 232. | Dem Primary Mayor: Andrew M. Cuomo beat Zohran Kwame Mamdani, 200 to 44, 73.0% to 16.1%; total votes 274. | Dem Primary Public Advocate: Jumaane D. Williams beat Marty Dolan, 86 to 26, 64.2% to 19.4%; total votes 134. | Dem Primary Comptroller: Justin Brannan beat Mark D. Levine, 150 to 72, 60.5% to 29.0%; total votes 248.", "mayor_margin": 46.6, "q2_yes": 65.1, "q3_yes": 58.4, "q4_yes": 59.1}, "geometry": {"type": "MultiPolygon", "coordinates": [[[[-73.9609835, 40.708357], [-73.959678, 40.7082144], [-73.9598456, 40.7079396], [-73.9598968, 40.7076457], [-73.9599384, 40.7074068], [-73.9604038, 40.7074519], [-73.9605033, 40.7074615], [-73.9611442, 40.7075236], [-73.9618602, 40.7075951], [-73.9621313, 40.7076227], [-73.9627433, 40.7076851], [-73.9632787, 40.7077293], [-73.9644231, 40.7075337], [-73.9643782, 40.7077558], [-73.9643284, 40.7080147], [-73.9641849, 40.7087195], [-73.9640277, 40.7095346], [-73.9624139, 40.7093518], [-73.9625726, 40.7085357], [-73.9609835, 40.708357]]]]}}, {"type": "Feature", "properties": {"felt:feature": 41, "ed_label": "AD 50 ED 041", "elect_dist": "50041", "borough": "Brooklyn", "community_board": 1, "community_board_label": "Brooklyn CB1", "popup_title": "Brooklyn CB1 \u2014 AD 50 ED 041", "general_mayor": "ANDREW M. CUOMO beat ZOHRAN KWAME MAMDANI, 202 to 160, 53.4% to 42.3%; total votes 378.", "general_mayor_winner": "Cuomo", "general_public_advocate": "JUMAANE D. WILLIAMS beat GONZALO DURAN, 220 to 79, 72.1% to 25.9%; total votes 305.", "general_public_advocate_winner": "Williams", "general_comptroller": "MARK D. LEVINE beat PETER KEFALAS, 239 to 67, 77.1% to 21.6%; total votes 310.", "general_comptroller_winner": "Levine", "question_1": "Disapprove beat Approve, 132 to 123, 51.8% to 48.2%; total votes 255.", "question_1_winner": "No-disapprove!", "question_2": "Approve beat Disapprove, 180 to 87, 67.4% to 32.6%; total votes 267.", "question_2_winner": "Yes-approve!", "question_3": "Approve beat Disapprove, 166 to 96, 63.4% to 36.6%; total votes 262.", "question_3_winner": "Yes-approve!", "question_4": "Approve beat Disapprove, 163 to 88, 64.9% to 35.1%; total votes 251.", "question_4_winner": "Yes-approve!", "question_5": "Approve beat Disapprove, 183 to 67, 73.2% to 26.8%; total votes 250.", "question_5_winner": "Yes-approve!", "question_6": "Approve beat Disapprove, 145 to 104, 58.2% to 41.8%; total votes 249.", "question_6_winner": "Yes-approve!", "dem_primary_mayor": "Andrew M. Cuomo beat Zohran Kwame Mamdani, 118 to 92, 49.0% to 38.2%; total votes 241.", "dem_primary_mayor_winner": "Cuomo", "dem_primary_public_advocate": "Jumaane D. Williams beat Marty Dolan, 114 to 19, 76.5% to 12.8%; total votes 149.", "dem_primary_public_advocate_winner": "Williams", "dem_primary_comptroller": "Justin Brannan beat Mark D. Levine, 119 to 65, 55.6% to 30.4%; total votes 214.", "dem_primary_comptroller_winner": "Brannan", "popup_summary": "Mayor: ANDREW M. CUOMO beat ZOHRAN KWAME MAMDANI, 202 to 160, 53.4% to 42.3%; total votes 378. | Public Advocate: JUMAANE D. WILLIAMS beat GONZALO DURAN, 220 to 79, 72.1% to 25.9%; total votes 305. | City Comptroller: MARK D. LEVINE beat PETER KEFALAS, 239 to 67, 77.1% to 21.6%; total votes 310. | Question 1: Disapprove beat Approve, 132 to 123, 51.8% to 48.2%; total votes 255. | Question 2: Approve beat Disapprove, 180 to 87, 67.4% to 32.6%; total votes 267. | Question 3: Approve beat Disapprove, 166 to 96, 63.4% to 36.6%; total votes 262. | Question 4: Approve beat Disapprove, 163 to 88, 64.9% to 35.1%; total votes 251. | Question 5: Approve beat Disapprove, 183 to 67, 73.2% to 26.8%; total votes 250. | Question 6: Approve beat Disapprove, 145 to 104, 58.2% to 41.8%; total votes 249. | Dem Primary Mayor: Andrew M. Cuomo beat Zohran Kwame Mamdani, 118 to 92, 49.0% to 38.2%; total votes 241. | Dem Primary Public Advocate: Jumaane D. Williams beat Marty Dolan, 114 to 19, 76.5% to 12.8%; total votes 149. | Dem Primary Comptroller: Justin Brannan beat Mark D. Levine, 119 to 65, 55.6% to 30.4%; total votes 214.", "mayor_margin": 11.1, "q2_yes": 67.4, "q3_yes": 63.4, "q4_yes": 64.9}, "geometry": {"type": "MultiPolygon", "coordinates": [[[[-73.9579043, 40.7084272], [-73.9573598, 40.7082346], [-73.9572826, 40.7082073], [-73.9572032, 40.7081792], [-73.9567245, 40.70801], [-73.9562695, 40.7078496], [-73.9555417, 40.7075934], [-73.954017, 40.7070802], [-73.9533788, 40.7068563], [-73.9541286, 40.7069195], [-73.9544245, 40.7066733], [-73.9547426, 40.7069705], [-73.9556983, 40.7070413], [-73.9567158, 40.7071114], [-73.9570899, 40.7071407], [-73.957772, 40.7071839], [-73.9579403, 40.7068811], [-73.958004, 40.7069392], [-73.9580539, 40.7069866], [-73.9583068, 40.7072271], [-73.9584558, 40.7072518], [-73.9585502, 40.7068811], [-73.9601523, 40.7058977], [-73.960782, 40.7064633], [-73.9593954, 40.7073524], [-73.9599384, 40.7074068], [-73.9598968, 40.7076457], [-73.9598456, 40.7079396], [-73.959678, 40.7082144], [-73.9609835, 40.708357], [-73.9608248, 40.7091685], [-73.960786, 40.7093995], [-73.9597966, 40.7090637], [-73.959252, 40.7089039], [-73.9579043, 40.7084272]]]]}}, {"type": "Feature", "properties": {"felt:feature": 42, "ed_label": "AD 50 ED 042", "elect_dist": "50042", "borough": "Brooklyn", "community_board": 1, "community_board_label": "Brooklyn CB1", "popup_title": "Brooklyn CB1 \u2014 AD 50 ED 042", "general_mayor": "ANDREW M. CUOMO beat ZOHRAN KWAME MAMDANI, 306 to 66, 74.6% to 16.1%; total votes 410.", "general_mayor_winner": "Cuomo", "general_public_advocate": "JUMAANE D. WILLIAMS beat GONZALO DURAN, 139 to 115, 51.9% to 42.9%; total votes 268.", "general_public_advocate_winner": "Williams", "general_comptroller": "MARK D. LEVINE beat PETER KEFALAS, 186 to 94, 65.0% to 32.9%; total votes 286.", "general_comptroller_winner": "Levine", "question_1": "Disapprove beat Approve, 131 to 68, 65.8% to 34.2%; total votes 199.", "question_1_winner": "No-disapprove!", "question_2": "Approve beat Disapprove, 115 to 104, 52.5% to 47.5%; total votes 219.", "question_2_winner": "Yes-approve!", "question_3": "Disapprove beat Approve, 108 to 103, 51.2% to 48.8%; total votes 211.", "question_3_winner": "No-disapprove!", "question_4": "Disapprove beat Approve, 114 to 89, 56.2% to 43.8%; total votes 203.", "question_4_winner": "No-disapprove!", "question_5": "Approve beat Disapprove, 116 to 86, 57.4% to 42.6%; total votes 202.", "question_5_winner": "Yes-approve!", "question_6": "Disapprove beat Approve, 136 to 87, 61.0% to 39.0%; total votes 223.", "question_6_winner": "No-disapprove!", "dem_primary_mayor": "Andrew M. Cuomo beat Zohran Kwame Mamdani, 183 to 48, 72.6% to 19.0%; total votes 252.", "dem_primary_mayor_winner": "Cuomo", "dem_primary_public_advocate": "Jumaane D. Williams beat Marty Dolan, 76 to 26, 61.8% to 21.1%; total votes 123.", "dem_primary_public_advocate_winner": "Williams", "dem_primary_comptroller": "Justin Brannan beat Mark D. Levine, 141 to 85, 57.3% to 34.6%; total votes 246.", "dem_primary_comptroller_winner": "Brannan", "popup_summary": "Mayor: ANDREW M. CUOMO beat ZOHRAN KWAME MAMDANI, 306 to 66, 74.6% to 16.1%; total votes 410. | Public Advocate: JUMAANE D. WILLIAMS beat GONZALO DURAN, 139 to 115, 51.9% to 42.9%; total votes 268. | City Comptroller: MARK D. LEVINE beat PETER KEFALAS, 186 to 94, 65.0% to 32.9%; total votes 286. | Question 1: Disapprove beat Approve, 131 to 68, 65.8% to 34.2%; total votes 199. | Question 2: Approve beat Disapprove, 115 to 104, 52.5% to 47.5%; total votes 219. | Question 3: Disapprove beat Approve, 108 to 103, 51.2% to 48.8%; total votes 211. | Question 4: Disapprove beat Approve, 114 to 89, 56.2% to 43.8%; total votes 203. | Question 5: Approve beat Disapprove, 116 to 86, 57.4% to 42.6%; total votes 202. | Question 6: Disapprove beat Approve, 136 to 87, 61.0% to 39.0%; total votes 223. | Dem Primary Mayor: Andrew M. Cuomo beat Zohran Kwame Mamdani, 183 to 48, 72.6% to 19.0%; total votes 252. | Dem Primary Public Advocate: Jumaane D. Williams beat Marty Dolan, 76 to 26, 61.8% to 21.1%; total votes 123. | Dem Primary Comptroller: Justin Brannan beat Mark D. Levine, 141 to 85, 57.3% to 34.6%; total votes 246.", "mayor_margin": 58.5, "q2_yes": 52.5, "q3_yes": 51.2, "q4_yes": 56.2}, "geometry": {"type": "MultiPolygon", "coordinates": [[[[-73.9533788, 40.7068563], [-73.9529139, 40.7067003], [-73.9537942, 40.706109], [-73.9557038, 40.7048757], [-73.956336, 40.7054383], [-73.9582446, 40.7042029], [-73.9588834, 40.7047683], [-73.9590565, 40.7049266], [-73.9591135, 40.7049787], [-73.9591732, 40.7050348], [-73.9593384, 40.7051809], [-73.9595236, 40.7053319], [-73.9601523, 40.7058977], [-73.9585502, 40.7068811], [-73.9584558, 40.7072518], [-73.9583068, 40.7072271], [-73.9580539, 40.7069866], [-73.958004, 40.7069392], [-73.9579403, 40.7068811], [-73.957772, 40.7071839], [-73.9570899, 40.7071407], [-73.9567158, 40.7071114], [-73.9556983, 40.7070413], [-73.9547426, 40.7069705], [-73.9544245, 40.7066733], [-73.9541286, 40.7069195], [-73.9533788, 40.7068563]]]]}}, {"type": "Feature", "properties": {"felt:feature": 43, "ed_label": "AD 50 ED 043", "elect_dist": "50043", "borough": "Brooklyn", "community_board": 1, "community_board_label": "Brooklyn CB1", "popup_title": "Brooklyn CB1 \u2014 AD 50 ED 043", "general_mayor": "ANDREW M. CUOMO beat ZOHRAN KWAME MAMDANI, 293 to 18, 85.2% to 5.2%; total votes 344.", "general_mayor_winner": "Cuomo", "general_public_advocate": "GONZALO DURAN beat JUMAANE D. WILLIAMS, 103 to 103, 48.4% to 48.4%; total votes 213.", "general_public_advocate_winner": "Duran", "general_comptroller": "MARK D. LEVINE beat PETER KEFALAS, 150 to 85, 63.0% to 35.7%; total votes 238.", "general_comptroller_winner": "Levine", "question_1": "Disapprove beat Approve, 118 to 60, 66.3% to 33.7%; total votes 178.", "question_1_winner": "No-disapprove!", "question_2": "Approve beat Disapprove, 123 to 78, 61.2% to 38.8%; total votes 201.", "question_2_winner": "Yes-approve!", "question_3": "Approve beat Disapprove, 109 to 80, 57.7% to 42.3%; total votes 189.", "question_3_winner": "Yes-approve!", "question_4": "Approve beat Disapprove, 98 to 81, 54.7% to 45.3%; total votes 179.", "question_4_winner": "Yes-approve!", "question_5": "Disapprove beat Approve, 87 to 74, 54.0% to 46.0%; total votes 161.", "question_5_winner": "No-disapprove!", "question_6": "Disapprove beat Approve, 103 to 76, 57.5% to 42.5%; total votes 179.", "question_6_winner": "No-disapprove!", "dem_primary_mayor": "Andrew M. Cuomo beat Adrienne E. Adams, 178 to 15, 85.2% to 7.2%; total votes 209.", "dem_primary_mayor_winner": "Cuomo", "dem_primary_public_advocate": "Jumaane D. Williams beat Marty Dolan, 42 to 13, 56.0% to 17.3%; total votes 75.", "dem_primary_public_advocate_winner": "Williams", "dem_primary_comptroller": "Justin Brannan beat Mark D. Levine, 115 to 74, 58.4% to 37.6%; total votes 197.", "dem_primary_comptroller_winner": "Brannan", "popup_summary": "Mayor: ANDREW M. CUOMO beat ZOHRAN KWAME MAMDANI, 293 to 18, 85.2% to 5.2%; total votes 344. | Public Advocate: GONZALO DURAN beat JUMAANE D. WILLIAMS, 103 to 103, 48.4% to 48.4%; total votes 213. | City Comptroller: MARK D. LEVINE beat PETER KEFALAS, 150 to 85, 63.0% to 35.7%; total votes 238. | Question 1: Disapprove beat Approve, 118 to 60, 66.3% to 33.7%; total votes 178. | Question 2: Approve beat Disapprove, 123 to 78, 61.2% to 38.8%; total votes 201. | Question 3: Approve beat Disapprove, 109 to 80, 57.7% to 42.3%; total votes 189. | Question 4: Approve beat Disapprove, 98 to 81, 54.7% to 45.3%; total votes 179. | Question 5: Disapprove beat Approve, 87 to 74, 54.0% to 46.0%; total votes 161. | Question 6: Disapprove beat Approve, 103 to 76, 57.5% to 42.5%; total votes 179. | Dem Primary Mayor: Andrew M. Cuomo beat Adrienne E. Adams, 178 to 15, 85.2% to 7.2%; total votes 209. | Dem Primary Public Advocate: Jumaane D. Williams beat Marty Dolan, 42 to 13, 56.0% to 17.3%; total votes 75. | Dem Primary Comptroller: Justin Brannan beat Mark D. Levine, 115 to 74, 58.4% to 37.6%; total votes 197.", "mayor_margin": 80.0, "q2_yes": 61.2, "q3_yes": 57.7, "q4_yes": 54.7}, "geometry": {"type": "MultiPolygon", "coordinates": [[[[-73.9557038, 40.7048757], [-73.9550741, 40.7043114], [-73.9569844, 40.7030747], [-73.9576164, 40.7036384], [-73.9593326, 40.702528], [-73.9598892, 40.7030323], [-73.9599863, 40.703119], [-73.9600558, 40.7031811], [-73.9601126, 40.7032303], [-73.9598995, 40.7036151], [-73.9597839, 40.7038204], [-73.9591135, 40.7049787], [-73.9590565, 40.7049266], [-73.9588834, 40.7047683], [-73.9582446, 40.7042029], [-73.956336, 40.7054383], [-73.9557038, 40.7048757]]]]}}, {"type": "Feature", "properties": {"felt:feature": 44, "ed_label": "AD 50 ED 044", "elect_dist": "50044", "borough": "Brooklyn", "community_board": 1, "community_board_label": "Brooklyn CB1", "popup_title": "Brooklyn CB1 \u2014 AD 50 ED 044", "general_mayor": "ANDREW M. CUOMO beat ZOHRAN KWAME MAMDANI, 412 to 125, 70.2% to 21.3%; total votes 587.", "general_mayor_winner": "Cuomo", "general_public_advocate": "JUMAANE D. WILLIAMS beat GONZALO DURAN, 211 to 161, 54.2% to 41.4%; total votes 389.", "general_public_advocate_winner": "Williams", "general_comptroller": "MARK D. LEVINE beat PETER KEFALAS, 284 to 133, 66.2% to 31.0%; total votes 429.", "general_comptroller_winner": "Levine", "question_1": "Disapprove beat Approve, 225 to 106, 68.0% to 32.0%; total votes 331.", "question_1_winner": "No-disapprove!", "question_2": "Approve beat Disapprove, 190 to 150, 55.9% to 44.1%; total votes 340.", "question_2_winner": "Yes-approve!", "question_3": "Approve beat Disapprove, 171 to 162, 51.4% to 48.6%; total votes 333.", "question_3_winner": "Yes-approve!", "question_4": "Disapprove beat Approve, 159 to 158, 50.2% to 49.8%; total votes 317.", "question_4_winner": "No-disapprove!", "question_5": "Approve beat Disapprove, 201 to 116, 63.4% to 36.6%; total votes 317.", "question_5_winner": "Yes-approve!", "question_6": "Disapprove beat Approve, 168 to 156, 51.9% to 48.1%; total votes 324.", "question_6_winner": "No-disapprove!", "dem_primary_mayor": "Andrew M. Cuomo beat Zohran Kwame Mamdani, 266 to 83, 67.9% to 21.2%; total votes 392.", "dem_primary_mayor_winner": "Cuomo", "dem_primary_public_advocate": "Jumaane D. Williams beat Jenifer Rajkumar, 113 to 31, 64.2% to 17.6%; total votes 176.", "dem_primary_public_advocate_winner": "Williams", "dem_primary_comptroller": "Justin Brannan beat Mark D. Levine, 213 to 128, 57.7% to 34.7%; total votes 369.", "dem_primary_comptroller_winner": "Brannan", "popup_summary": "Mayor: ANDREW M. CUOMO beat ZOHRAN KWAME MAMDANI, 412 to 125, 70.2% to 21.3%; total votes 587. | Public Advocate: JUMAANE D. WILLIAMS beat GONZALO DURAN, 211 to 161, 54.2% to 41.4%; total votes 389. | City Comptroller: MARK D. LEVINE beat PETER KEFALAS, 284 to 133, 66.2% to 31.0%; total votes 429. | Question 1: Disapprove beat Approve, 225 to 106, 68.0% to 32.0%; total votes 331. | Question 2: Approve beat Disapprove, 190 to 150, 55.9% to 44.1%; total votes 340. | Question 3: Approve beat Disapprove, 171 to 162, 51.4% to 48.6%; total votes 333. | Question 4: Disapprove beat Approve, 159 to 158, 50.2% to 49.8%; total votes 317. | Question 5: Approve beat Disapprove, 201 to 116, 63.4% to 36.6%; total votes 317. | Question 6: Disapprove beat Approve, 168 to 156, 51.9% to 48.1%; total votes 324. | Dem Primary Mayor: Andrew M. Cuomo beat Zohran Kwame Mamdani, 266 to 83, 67.9% to 21.2%; total votes 392. | Dem Primary Public Advocate: Jumaane D. Williams beat Jenifer Rajkumar, 113 to 31, 64.2% to 17.6%; total votes 176. | Dem Primary Comptroller: Justin Brannan beat Mark D. Levine, 213 to 128, 57.7% to 34.7%; total votes 369.", "mayor_margin": 48.9, "q2_yes": 55.9, "q3_yes": 51.4, "q4_yes": 50.2}, "geometry": {"type": "MultiPolygon", "coordinates": [[[[-73.952515, 40.7065586], [-73.9522996, 40.7064903], [-73.9519106, 40.7063601], [-73.9510853, 40.705913], [-73.9509561, 40.7058429], [-73.9502369, 40.7054732], [-73.9498379, 40.705229], [-73.9494707, 40.705019], [-73.9492534, 40.7048959], [-73.9487916, 40.7044832], [-73.9502258, 40.7035562], [-73.9502475, 40.7029403], [-73.9506404, 40.7032874], [-73.9512706, 40.7038529], [-73.9519009, 40.7044175], [-73.953812, 40.703181], [-73.9544425, 40.7037466], [-73.9550741, 40.7043114], [-73.9557038, 40.7048757], [-73.9537942, 40.706109], [-73.9529139, 40.7067003], [-73.952515, 40.7065586]]]]}}, {"type": "Feature", "properties": {"felt:feature": 45, "ed_label": "AD 50 ED 045", "elect_dist": "50045", "borough": "Brooklyn", "community_board": 1, "community_board_label": "Brooklyn CB1", "popup_title": "Brooklyn CB1 \u2014 AD 50 ED 045", "general_mayor": "ANDREW M. CUOMO beat ZOHRAN KWAME MAMDANI, 478 to 27, 88.8% to 5.0%; total votes 538.", "general_mayor_winner": "Cuomo", "general_public_advocate": "GONZALO DURAN beat JUMAANE D. WILLIAMS, 165 to 133, 53.4% to 43.0%; total votes 309.", "general_public_advocate_winner": "Duran", "general_comptroller": "MARK D. LEVINE beat PETER KEFALAS, 214 to 126, 61.3% to 36.1%; total votes 349.", "general_comptroller_winner": "Levine", "question_1": "Disapprove beat Approve, 140 to 79, 63.9% to 36.1%; total votes 219.", "question_1_winner": "No-disapprove!", "question_2": "Approve beat Disapprove, 123 to 111, 52.6% to 47.4%; total votes 234.", "question_2_winner": "Yes-approve!", "question_3": "Approve beat Disapprove, 114 to 113, 50.2% to 49.8%; total votes 227.", "question_3_winner": "Yes-approve!", "question_4": "Disapprove beat Approve, 106 to 96, 52.5% to 47.5%; total votes 202.", "question_4_winner": "No-disapprove!", "question_5": "Disapprove beat Approve, 103 to 97, 51.5% to 48.5%; total votes 200.", "question_5_winner": "No-disapprove!", "question_6": "Disapprove beat Approve, 125 to 82, 60.4% to 39.6%; total votes 207.", "question_6_winner": "No-disapprove!", "dem_primary_mayor": "Andrew M. Cuomo beat Zohran Kwame Mamdani, 275 to 17, 86.2% to 5.3%; total votes 319.", "dem_primary_mayor_winner": "Cuomo", "dem_primary_public_advocate": "Jumaane D. Williams beat Marty Dolan, 70 to 24, 60.9% to 20.9%; total votes 115.", "dem_primary_public_advocate_winner": "Williams", "dem_primary_comptroller": "Justin Brannan beat Mark D. Levine, 171 to 119, 57.2% to 39.8%; total votes 299.", "dem_primary_comptroller_winner": "Brannan", "popup_summary": "Mayor: ANDREW M. CUOMO beat ZOHRAN KWAME MAMDANI, 478 to 27, 88.8% to 5.0%; total votes 538. | Public Advocate: GONZALO DURAN beat JUMAANE D. WILLIAMS, 165 to 133, 53.4% to 43.0%; total votes 309. | City Comptroller: MARK D. LEVINE beat PETER KEFALAS, 214 to 126, 61.3% to 36.1%; total votes 349. | Question 1: Disapprove beat Approve, 140 to 79, 63.9% to 36.1%; total votes 219. | Question 2: Approve beat Disapprove, 123 to 111, 52.6% to 47.4%; total votes 234. | Question 3: Approve beat Disapprove, 114 to 113, 50.2% to 49.8%; total votes 227. | Question 4: Disapprove beat Approve, 106 to 96, 52.5% to 47.5%; total votes 202. | Question 5: Disapprove beat Approve, 103 to 97, 51.5% to 48.5%; total votes 200. | Question 6: Disapprove beat Approve, 125 to 82, 60.4% to 39.6%; total votes 207. | Dem Primary Mayor: Andrew M. Cuomo beat Zohran Kwame Mamdani, 275 to 17, 86.2% to 5.3%; total votes 319. | Dem Primary Public Advocate: Jumaane D. Williams beat Marty Dolan, 70 to 24, 60.9% to 20.9%; total votes 115. | Dem Primary Comptroller: Justin Brannan beat Mark D. Levine, 171 to 119, 57.2% to 39.8%; total votes 299.", "mayor_margin": 83.8, "q2_yes": 52.6, "q3_yes": 50.2, "q4_yes": 52.5}, "geometry": {"type": "MultiPolygon", "coordinates": [[[[-73.9502475, 40.7029403], [-73.9500131, 40.7027258], [-73.950251, 40.7025696], [-73.9519202, 40.7014875], [-73.9525505, 40.7020517], [-73.9544598, 40.7008163], [-73.9550913, 40.7013816], [-73.9557236, 40.7019458], [-73.956037, 40.7022264], [-73.9563535, 40.7025097], [-73.9544425, 40.7037466], [-73.953812, 40.703181], [-73.9519009, 40.7044175], [-73.9512706, 40.7038529], [-73.9506404, 40.7032874], [-73.9502475, 40.7029403]]]]}}, {"type": "Feature", "properties": {"felt:feature": 46, "ed_label": "AD 50 ED 046", "elect_dist": "50046", "borough": "Brooklyn", "community_board": 1, "community_board_label": "Brooklyn CB1", "popup_title": "Brooklyn CB1 \u2014 AD 50 ED 046", "general_mayor": "ANDREW M. CUOMO beat ZOHRAN KWAME MAMDANI, 445 to 73, 79.5% to 13.0%; total votes 560.", "general_mayor_winner": "Cuomo", "general_public_advocate": "JUMAANE D. WILLIAMS beat GONZALO DURAN, 176 to 167, 50.1% to 47.6%; total votes 351.", "general_public_advocate_winner": "Williams", "general_comptroller": "MARK D. LEVINE beat PETER KEFALAS, 258 to 129, 65.8% to 32.9%; total votes 392.", "general_comptroller_winner": "Levine", "question_1": "Disapprove beat Approve, 175 to 74, 70.3% to 29.7%; total votes 249.", "question_1_winner": "No-disapprove!", "question_2": "Approve beat Disapprove, 154 to 124, 55.4% to 44.6%; total votes 278.", "question_2_winner": "Yes-approve!", "question_3": "Approve beat Disapprove, 134 to 131, 50.6% to 49.4%; total votes 265.", "question_3_winner": "Yes-approve!", "question_4": "Disapprove beat Approve, 126 to 114, 52.5% to 47.5%; total votes 240.", "question_4_winner": "No-disapprove!", "question_5": "Approve beat Disapprove, 139 to 93, 59.9% to 40.1%; total votes 232.", "question_5_winner": "Yes-approve!", "question_6": "Disapprove beat Approve, 124 to 122, 50.4% to 49.6%; total votes 246.", "question_6_winner": "No-disapprove!", "dem_primary_mayor": "Andrew M. Cuomo beat Zohran Kwame Mamdani, 265 to 49, 76.6% to 14.2%; total votes 346.", "dem_primary_mayor_winner": "Cuomo", "dem_primary_public_advocate": "Jumaane D. Williams beat Jenifer Rajkumar, 70 to 24, 56.5% to 19.4%; total votes 124.", "dem_primary_public_advocate_winner": "Williams", "dem_primary_comptroller": "Justin Brannan beat Mark D. Levine, 203 to 116, 61.3% to 35.0%; total votes 331.", "dem_primary_comptroller_winner": "Brannan", "popup_summary": "Mayor: ANDREW M. CUOMO beat ZOHRAN KWAME MAMDANI, 445 to 73, 79.5% to 13.0%; total votes 560. | Public Advocate: JUMAANE D. WILLIAMS beat GONZALO DURAN, 176 to 167, 50.1% to 47.6%; total votes 351. | City Comptroller: MARK D. LEVINE beat PETER KEFALAS, 258 to 129, 65.8% to 32.9%; total votes 392. | Question 1: Disapprove beat Approve, 175 to 74, 70.3% to 29.7%; total votes 249. | Question 2: Approve beat Disapprove, 154 to 124, 55.4% to 44.6%; total votes 278. | Question 3: Approve beat Disapprove, 134 to 131, 50.6% to 49.4%; total votes 265. | Question 4: Disapprove beat Approve, 126 to 114, 52.5% to 47.5%; total votes 240. | Question 5: Approve beat Disapprove, 139 to 93, 59.9% to 40.1%; total votes 232. | Question 6: Disapprove beat Approve, 124 to 122, 50.4% to 49.6%; total votes 246. | Dem Primary Mayor: Andrew M. Cuomo beat Zohran Kwame Mamdani, 265 to 49, 76.6% to 14.2%; total votes 346. | Dem Primary Public Advocate: Jumaane D. Williams beat Jenifer Rajkumar, 70 to 24, 56.5% to 19.4%; total votes 124. | Dem Primary Comptroller: Justin Brannan beat Mark D. Levine, 203 to 116, 61.3% to 35.0%; total votes 331.", "mayor_margin": 66.5, "q2_yes": 55.4, "q3_yes": 50.6, "q4_yes": 52.5}, "geometry": {"type": "MultiPolygon", "coordinates": [[[[-73.9519202, 40.7014875], [-73.9516115, 40.7012115], [-73.9512882, 40.7009224], [-73.9507561, 40.7004447], [-73.9506567, 40.700347], [-73.9501364, 40.6999154], [-73.9500909, 40.6997906], [-73.9510111, 40.699678], [-73.9513728, 40.6996337], [-73.9515374, 40.6996136], [-73.9517726, 40.6995848], [-73.9519516, 40.6995629], [-73.952548, 40.6994948], [-73.95337, 40.6994045], [-73.9538195, 40.700108], [-73.9538864, 40.700211], [-73.9540055, 40.7003746], [-73.9541416, 40.700531], [-73.9542935, 40.7006786], [-73.9544598, 40.7008163], [-73.9525505, 40.7020517], [-73.9519202, 40.7014875]]]]}}, {"type": "Feature", "properties": {"felt:feature": 47, "ed_label": "AD 50 ED 047", "elect_dist": "50047", "borough": "Brooklyn", "community_board": 1, "community_board_label": "Brooklyn CB1", "popup_title": "Brooklyn CB1 \u2014 AD 50 ED 047", "general_mayor": "ANDREW M. CUOMO beat ERIC L. ADAMS, 354 to 20, 89.4% to 5.1%; total votes 396.", "general_mayor_winner": "Cuomo", "general_public_advocate": "JUMAANE D. WILLIAMS beat GONZALO DURAN, 120 to 104, 51.3% to 44.4%; total votes 234.", "general_public_advocate_winner": "Williams", "general_comptroller": "MARK D. LEVINE beat PETER KEFALAS, 177 to 88, 66.0% to 32.8%; total votes 268.", "general_comptroller_winner": "Levine", "question_1": "Disapprove beat Approve, 133 to 57, 70.0% to 30.0%; total votes 190.", "question_1_winner": "No-disapprove!", "question_2": "Approve beat Disapprove, 108 to 92, 54.0% to 46.0%; total votes 200.", "question_2_winner": "Yes-approve!", "question_3": "Disapprove beat Approve, 97 to 97, 50.0% to 50.0%; total votes 194.", "question_3_winner": "No-disapprove!", "question_4": "Disapprove beat Approve, 102 to 77, 57.0% to 43.0%; total votes 179.", "question_4_winner": "No-disapprove!", "question_5": "Disapprove beat Approve, 93 to 76, 55.0% to 45.0%; total votes 169.", "question_5_winner": "No-disapprove!", "question_6": "Disapprove beat Approve, 105 to 81, 56.5% to 43.5%; total votes 186.", "question_6_winner": "No-disapprove!", "dem_primary_mayor": "Andrew M. Cuomo beat Adrienne E. Adams, 226 to 9, 88.3% to 3.5%; total votes 256.", "dem_primary_mayor_winner": "Cuomo", "dem_primary_public_advocate": "Jumaane D. Williams beat Jenifer Rajkumar, 52 to 14, 61.2% to 16.5%; total votes 85.", "dem_primary_public_advocate_winner": "Williams", "dem_primary_comptroller": "Justin Brannan beat Mark D. Levine, 143 to 96, 58.1% to 39.0%; total votes 246.", "dem_primary_comptroller_winner": "Brannan", "popup_summary": "Mayor: ANDREW M. CUOMO beat ERIC L. ADAMS, 354 to 20, 89.4% to 5.1%; total votes 396. | Public Advocate: JUMAANE D. WILLIAMS beat GONZALO DURAN, 120 to 104, 51.3% to 44.4%; total votes 234. | City Comptroller: MARK D. LEVINE beat PETER KEFALAS, 177 to 88, 66.0% to 32.8%; total votes 268. | Question 1: Disapprove beat Approve, 133 to 57, 70.0% to 30.0%; total votes 190. | Question 2: Approve beat Disapprove, 108 to 92, 54.0% to 46.0%; total votes 200. | Question 3: Disapprove beat Approve, 97 to 97, 50.0% to 50.0%; total votes 194. | Question 4: Disapprove beat Approve, 102 to 77, 57.0% to 43.0%; total votes 179. | Question 5: Disapprove beat Approve, 93 to 76, 55.0% to 45.0%; total votes 169. | Question 6: Disapprove beat Approve, 105 to 81, 56.5% to 43.5%; total votes 186. | Dem Primary Mayor: Andrew M. Cuomo beat Adrienne E. Adams, 226 to 9, 88.3% to 3.5%; total votes 256. | Dem Primary Public Advocate: Jumaane D. Williams beat Jenifer Rajkumar, 52 to 14, 61.2% to 16.5%; total votes 85. | Dem Primary Comptroller: Justin Brannan beat Mark D. Levine, 143 to 96, 58.1% to 39.0%; total votes 246.", "mayor_margin": 84.3, "q2_yes": 54.0, "q3_yes": 50.0, "q4_yes": 57.0}, "geometry": {"type": "MultiPolygon", "coordinates": [[[[-73.9544425, 40.7037466], [-73.9563535, 40.7025097], [-73.956037, 40.7022264], [-73.9557236, 40.7019458], [-73.9550913, 40.7013816], [-73.9572252, 40.6999994], [-73.9574574, 40.7008226], [-73.9580705, 40.7013982], [-73.9586889, 40.7019528], [-73.9593326, 40.702528], [-73.9576164, 40.7036384], [-73.9569844, 40.7030747], [-73.9550741, 40.7043114], [-73.9544425, 40.7037466]]]]}}, {"type": "Feature", "properties": {"felt:feature": 48, "ed_label": "AD 50 ED 048", "elect_dist": "50048", "borough": "Brooklyn", "community_board": 1, "community_board_label": "Brooklyn CB1", "popup_title": "Brooklyn CB1 \u2014 AD 50 ED 048", "general_mayor": "ANDREW M. CUOMO beat ERIC L. ADAMS, 370 to 11, 91.4% to 2.7%; total votes 405.", "general_mayor_winner": "Cuomo", "general_public_advocate": "GONZALO DURAN beat JUMAANE D. WILLIAMS, 132 to 109, 52.2% to 43.1%; total votes 253.", "general_public_advocate_winner": "Duran", "general_comptroller": "MARK D. LEVINE beat PETER KEFALAS, 165 to 111, 58.9% to 39.6%; total votes 280.", "general_comptroller_winner": "Levine", "question_1": "Disapprove beat Approve, 148 to 54, 73.3% to 26.7%; total votes 202.", "question_1_winner": "No-disapprove!", "question_2": "Approve beat Disapprove, 115 to 99, 53.7% to 46.3%; total votes 214.", "question_2_winner": "Yes-approve!", "question_3": "Approve beat Disapprove, 110 to 96, 53.4% to 46.6%; total votes 206.", "question_3_winner": "Yes-approve!", "question_4": "Approve beat Disapprove, 92 to 91, 50.3% to 49.7%; total votes 183.", "question_4_winner": "Yes-approve!", "question_5": "Disapprove beat Approve, 94 to 92, 50.5% to 49.5%; total votes 186.", "question_5_winner": "No-disapprove!", "question_6": "Disapprove beat Approve, 110 to 91, 54.7% to 45.3%; total votes 201.", "question_6_winner": "No-disapprove!", "dem_primary_mayor": "Andrew M. Cuomo beat Adrienne E. Adams, 251 to 19, 84.2% to 6.4%; total votes 298.", "dem_primary_mayor_winner": "Cuomo", "dem_primary_public_advocate": "Jumaane D. Williams beat Marty Dolan, 46 to 21, 51.7% to 23.6%; total votes 89.", "dem_primary_public_advocate_winner": "Williams", "dem_primary_comptroller": "Justin Brannan beat Mark D. Levine, 161 to 111, 58.1% to 40.1%; total votes 277.", "dem_primary_comptroller_winner": "Brannan", "popup_summary": "Mayor: ANDREW M. CUOMO beat ERIC L. ADAMS, 370 to 11, 91.4% to 2.7%; total votes 405. | Public Advocate: GONZALO DURAN beat JUMAANE D. WILLIAMS, 132 to 109, 52.2% to 43.1%; total votes 253. | City Comptroller: MARK D. LEVINE beat PETER KEFALAS, 165 to 111, 58.9% to 39.6%; total votes 280. | Question 1: Disapprove beat Approve, 148 to 54, 73.3% to 26.7%; total votes 202. | Question 2: Approve beat Disapprove, 115 to 99, 53.7% to 46.3%; total votes 214. | Question 3: Approve beat Disapprove, 110 to 96, 53.4% to 46.6%; total votes 206. | Question 4: Approve beat Disapprove, 92 to 91, 50.3% to 49.7%; total votes 183. | Question 5: Disapprove beat Approve, 94 to 92, 50.5% to 49.5%; total votes 186. | Question 6: Disapprove beat Approve, 110 to 91, 54.7% to 45.3%; total votes 201. | Dem Primary Mayor: Andrew M. Cuomo beat Adrienne E. Adams, 251 to 19, 84.2% to 6.4%; total votes 298. | Dem Primary Public Advocate: Jumaane D. Williams beat Marty Dolan, 46 to 21, 51.7% to 23.6%; total votes 89. | Dem Primary Comptroller: Justin Brannan beat Mark D. Levine, 161 to 111, 58.1% to 40.1%; total votes 277.", "mayor_margin": 88.7, "q2_yes": 53.7, "q3_yes": 53.4, "q4_yes": 50.3}, "geometry": {"type": "MultiPolygon", "coordinates": [[[[-73.9544598, 40.7008163], [-73.9542935, 40.7006786], [-73.9541416, 40.700531], [-73.9540055, 40.7003746], [-73.9538864, 40.700211], [-73.9538195, 40.700108], [-73.95337, 40.6994045], [-73.9542905, 40.6992954], [-73.9551837, 40.6991929], [-73.9560746, 40.69909], [-73.9570199, 40.6989739], [-73.9579594, 40.69882], [-73.9588587, 40.6986773], [-73.9601969, 40.6984627], [-73.961051, 40.6983261], [-73.9618984, 40.6981883], [-73.9623307, 40.6981196], [-73.962359, 40.6981151], [-73.9623977, 40.6981089], [-73.962483, 40.6980954], [-73.9623266, 40.6986241], [-73.9622555, 40.6988646], [-73.9618686, 40.7000123], [-73.9618637, 40.7000267], [-73.9617961, 40.6999836], [-73.9617224, 40.6999361], [-73.9616704, 40.6999022], [-73.9610315, 40.6994854], [-73.9604991, 40.6991769], [-73.9599477, 40.6992647], [-73.9598245, 40.6992842], [-73.9590184, 40.6994124], [-73.9577935, 40.6996116], [-73.9574322, 40.6998581], [-73.9572252, 40.6999994], [-73.9550913, 40.7013816], [-73.9544598, 40.7008163]]]]}}, {"type": "Feature", "properties": {"felt:feature": 49, "ed_label": "AD 50 ED 049", "elect_dist": "50049", "borough": "Brooklyn", "community_board": 1, "community_board_label": "Brooklyn CB1", "popup_title": "Brooklyn CB1 \u2014 AD 50 ED 049", "general_mayor": "ANDREW M. CUOMO beat ERIC L. ADAMS, 303 to 22, 84.9% to 6.2%; total votes 357.", "general_mayor_winner": "Cuomo", "general_public_advocate": "GONZALO DURAN beat JUMAANE D. WILLIAMS, 101 to 95, 48.8% to 45.9%; total votes 207.", "general_public_advocate_winner": "Duran", "general_comptroller": "MARK D. LEVINE beat PETER KEFALAS, 154 to 82, 63.6% to 33.9%; total votes 242.", "general_comptroller_winner": "Levine", "question_1": "Disapprove beat Approve, 98 to 48, 67.1% to 32.9%; total votes 146.", "question_1_winner": "No-disapprove!", "question_2": "Approve beat Disapprove, 90 to 76, 54.2% to 45.8%; total votes 166.", "question_2_winner": "Yes-approve!", "question_3": "Approve beat Disapprove, 86 to 69, 55.5% to 44.5%; total votes 155.", "question_3_winner": "Yes-approve!", "question_4": "Disapprove beat Approve, 70 to 65, 51.9% to 48.1%; total votes 135.", "question_4_winner": "No-disapprove!", "question_5": "Approve beat Disapprove, 71 to 63, 53.0% to 47.0%; total votes 134.", "question_5_winner": "Yes-approve!", "question_6": "Disapprove beat Approve, 73 to 71, 50.7% to 49.3%; total votes 144.", "question_6_winner": "No-disapprove!", "dem_primary_mayor": "Andrew M. Cuomo beat Adrienne E. Adams, 179 to 9, 87.3% to 4.4%; total votes 205.", "dem_primary_mayor_winner": "Cuomo", "dem_primary_public_advocate": "Jumaane D. Williams beat Marty Dolan, 46 to 13, 64.8% to 18.3%; total votes 71.", "dem_primary_public_advocate_winner": "Williams", "dem_primary_comptroller": "Justin Brannan beat Mark D. Levine, 108 to 70, 55.4% to 35.9%; total votes 195.", "dem_primary_comptroller_winner": "Brannan", "popup_summary": "Mayor: ANDREW M. CUOMO beat ERIC L. ADAMS, 303 to 22, 84.9% to 6.2%; total votes 357. | Public Advocate: GONZALO DURAN beat JUMAANE D. WILLIAMS, 101 to 95, 48.8% to 45.9%; total votes 207. | City Comptroller: MARK D. LEVINE beat PETER KEFALAS, 154 to 82, 63.6% to 33.9%; total votes 242. | Question 1: Disapprove beat Approve, 98 to 48, 67.1% to 32.9%; total votes 146. | Question 2: Approve beat Disapprove, 90 to 76, 54.2% to 45.8%; total votes 166. | Question 3: Approve beat Disapprove, 86 to 69, 55.5% to 44.5%; total votes 155. | Question 4: Disapprove beat Approve, 70 to 65, 51.9% to 48.1%; total votes 135. | Question 5: Approve beat Disapprove, 71 to 63, 53.0% to 47.0%; total votes 134. | Question 6: Disapprove beat Approve, 73 to 71, 50.7% to 49.3%; total votes 144. | Dem Primary Mayor: Andrew M. Cuomo beat Adrienne E. Adams, 179 to 9, 87.3% to 4.4%; total votes 205. | Dem Primary Public Advocate: Jumaane D. Williams beat Marty Dolan, 46 to 13, 64.8% to 18.3%; total votes 71. | Dem Primary Comptroller: Justin Brannan beat Mark D. Levine, 108 to 70, 55.4% to 35.9%; total votes 195.", "mayor_margin": 78.7, "q2_yes": 54.2, "q3_yes": 55.5, "q4_yes": 51.9}, "geometry": {"type": "MultiPolygon", "coordinates": [[[[-73.9593326, 40.702528], [-73.9586889, 40.7019528], [-73.9580705, 40.7013982], [-73.9574574, 40.7008226], [-73.9572252, 40.6999994], [-73.9574322, 40.6998581], [-73.9577935, 40.6996116], [-73.9590184, 40.6994124], [-73.9598245, 40.6992842], [-73.9599477, 40.6992647], [-73.9604991, 40.6991769], [-73.9610315, 40.6994854], [-73.9616704, 40.6999022], [-73.9617224, 40.6999361], [-73.9617961, 40.6999836], [-73.9618637, 40.7000267], [-73.9612501, 40.701369], [-73.961215, 40.701446], [-73.9611521, 40.7013865], [-73.9604153, 40.7026899], [-73.9602726, 40.7029447], [-73.9601126, 40.7032303], [-73.9600558, 40.7031811], [-73.9599863, 40.703119], [-73.9598892, 40.7030323], [-73.9593326, 40.702528]]]]}}, {"type": "Feature", "properties": {"felt:feature": 50, "ed_label": "AD 50 ED 050", "elect_dist": "50050", "borough": "Brooklyn", "community_board": 1, "community_board_label": "Brooklyn CB1", "popup_title": "Brooklyn CB1 \u2014 AD 50 ED 050", "general_mayor": "ZOHRAN KWAME MAMDANI beat ANDREW M. CUOMO, 377 to 210, 62.1% to 34.6%; total votes 607.", "general_mayor_winner": "Mamdani", "general_public_advocate": "JUMAANE D. WILLIAMS beat GONZALO DURAN, 461 to 73, 84.9% to 13.4%; total votes 543.", "general_public_advocate_winner": "Williams", "general_comptroller": "MARK D. LEVINE beat PETER KEFALAS, 478 to 60, 87.9% to 11.0%; total votes 544.", "general_comptroller_winner": "Levine", "question_1": "Approve beat Disapprove, 254 to 246, 50.8% to 49.2%; total votes 500.", "question_1_winner": "Yes-approve!", "question_2": "Approve beat Disapprove, 386 to 131, 74.7% to 25.3%; total votes 517.", "question_2_winner": "Yes-approve!", "question_3": "Approve beat Disapprove, 352 to 149, 70.3% to 29.7%; total votes 501.", "question_3_winner": "Yes-approve!", "question_4": "Approve beat Disapprove, 346 to 143, 70.8% to 29.2%; total votes 489.", "question_4_winner": "Yes-approve!", "question_5": "Approve beat Disapprove, 427 to 66, 86.6% to 13.4%; total votes 493.", "question_5_winner": "Yes-approve!", "question_6": "Approve beat Disapprove, 264 to 223, 54.2% to 45.8%; total votes 487.", "question_6_winner": "Yes-approve!", "dem_primary_mayor": "Zohran Kwame Mamdani beat Andrew M. Cuomo, 201 to 101, 56.0% to 28.1%; total votes 359.", "dem_primary_mayor_winner": "Mamdani", "dem_primary_public_advocate": "Jumaane D. Williams beat Jenifer Rajkumar, 200 to 53, 71.9% to 19.1%; total votes 278.", "dem_primary_public_advocate_winner": "Williams", "dem_primary_comptroller": "Justin Brannan beat Mark D. Levine, 153 to 95, 49.5% to 30.7%; total votes 309.", "dem_primary_comptroller_winner": "Brannan", "popup_summary": "Mayor: ZOHRAN KWAME MAMDANI beat ANDREW M. CUOMO, 377 to 210, 62.1% to 34.6%; total votes 607. | Public Advocate: JUMAANE D. WILLIAMS beat GONZALO DURAN, 461 to 73, 84.9% to 13.4%; total votes 543. | City Comptroller: MARK D. LEVINE beat PETER KEFALAS, 478 to 60, 87.9% to 11.0%; total votes 544. | Question 1: Approve beat Disapprove, 254 to 246, 50.8% to 49.2%; total votes 500. | Question 2: Approve beat Disapprove, 386 to 131, 74.7% to 25.3%; total votes 517. | Question 3: Approve beat Disapprove, 352 to 149, 70.3% to 29.7%; total votes 501. | Question 4: Approve beat Disapprove, 346 to 143, 70.8% to 29.2%; total votes 489. | Question 5: Approve beat Disapprove, 427 to 66, 86.6% to 13.4%; total votes 493. | Question 6: Approve beat Disapprove, 264 to 223, 54.2% to 45.8%; total votes 487. | Dem Primary Mayor: Zohran Kwame Mamdani beat Andrew M. Cuomo, 201 to 101, 56.0% to 28.1%; total votes 359. | Dem Primary Public Advocate: Jumaane D. Williams beat Jenifer Rajkumar, 200 to 53, 71.9% to 19.1%; total votes 278. | Dem Primary Comptroller: Justin Brannan beat Mark D. Levine, 153 to 95, 49.5% to 30.7%; total votes 309.", "mayor_margin": 27.5, "q2_yes": 74.7, "q3_yes": 70.3, "q4_yes": 70.8}, "geometry": {"type": "MultiPolygon", "coordinates": [[[[-73.9619618, 40.7104876], [-73.9613912, 40.7103115], [-73.9611227, 40.710227], [-73.9609216, 40.7101791], [-73.9608163, 40.7101604], [-73.9607358, 40.7101414], [-73.9607017, 40.7101352], [-73.9606552, 40.7101225], [-73.9605965, 40.7101101], [-73.9603815, 40.7100037], [-73.9599965, 40.7099358], [-73.9588606, 40.709551], [-73.9574882, 40.7090804], [-73.9579043, 40.7084272], [-73.959252, 40.7089039], [-73.9597966, 40.7090637], [-73.960786, 40.7093995], [-73.9608248, 40.7091685], [-73.9609835, 40.708357], [-73.9625726, 40.7085357], [-73.9624139, 40.7093518], [-73.9640277, 40.7095346], [-73.9656412, 40.7097172], [-73.9655084, 40.7104543], [-73.9667774, 40.7106269], [-73.9664465, 40.7113781], [-73.9663475, 40.7116099], [-73.9663072, 40.7116956], [-73.9662636, 40.7117934], [-73.9651064, 40.7114343], [-73.9635304, 40.7109672], [-73.9619618, 40.7104876]]]]}}, {"type": "Feature", "properties": {"felt:feature": 51, "ed_label": "AD 50 ED 051", "elect_dist": "50051", "borough": "Brooklyn", "community_board": 1, "community_board_label": "Brooklyn CB1", "popup_title": "Brooklyn CB1 \u2014 AD 50 ED 051", "general_mayor": "ZOHRAN KWAME MAMDANI beat ANDREW M. CUOMO, 465 to 138, 75.1% to 22.3%; total votes 619.", "general_mayor_winner": "Mamdani", "general_public_advocate": "JUMAANE D. WILLIAMS beat GONZALO DURAN, 495 to 54, 88.2% to 9.6%; total votes 561.", "general_public_advocate_winner": "Williams", "general_comptroller": "MARK D. LEVINE beat PETER KEFALAS, 499 to 48, 90.1% to 8.7%; total votes 554.", "general_comptroller_winner": "Levine", "question_1": "Disapprove beat Approve, 263 to 258, 50.5% to 49.5%; total votes 521.", "question_1_winner": "No-disapprove!", "question_2": "Approve beat Disapprove, 368 to 176, 67.6% to 32.4%; total votes 544.", "question_2_winner": "Yes-approve!", "question_3": "Approve beat Disapprove, 360 to 170, 67.9% to 32.1%; total votes 530.", "question_3_winner": "Yes-approve!", "question_4": "Approve beat Disapprove, 345 to 191, 64.4% to 35.6%; total votes 536.", "question_4_winner": "Yes-approve!", "question_5": "Approve beat Disapprove, 475 to 67, 87.6% to 12.4%; total votes 542.", "question_5_winner": "Yes-approve!", "question_6": "Approve beat Disapprove, 299 to 230, 56.5% to 43.5%; total votes 529.", "question_6_winner": "Yes-approve!", "dem_primary_mayor": "Zohran Kwame Mamdani beat Andrew M. Cuomo, 277 to 69, 67.2% to 16.7%; total votes 412.", "dem_primary_mayor_winner": "Mamdani", "dem_primary_public_advocate": "Jumaane D. Williams beat Jenifer Rajkumar, 250 to 63, 73.5% to 18.5%; total votes 340.", "dem_primary_public_advocate_winner": "Williams", "dem_primary_comptroller": "Justin Brannan beat Mark D. Levine, 163 to 120, 48.4% to 35.6%; total votes 337.", "dem_primary_comptroller_winner": "Brannan", "popup_summary": "Mayor: ZOHRAN KWAME MAMDANI beat ANDREW M. CUOMO, 465 to 138, 75.1% to 22.3%; total votes 619. | Public Advocate: JUMAANE D. WILLIAMS beat GONZALO DURAN, 495 to 54, 88.2% to 9.6%; total votes 561. | City Comptroller: MARK D. LEVINE beat PETER KEFALAS, 499 to 48, 90.1% to 8.7%; total votes 554. | Question 1: Disapprove beat Approve, 263 to 258, 50.5% to 49.5%; total votes 521. | Question 2: Approve beat Disapprove, 368 to 176, 67.6% to 32.4%; total votes 544. | Question 3: Approve beat Disapprove, 360 to 170, 67.9% to 32.1%; total votes 530. | Question 4: Approve beat Disapprove, 345 to 191, 64.4% to 35.6%; total votes 536. | Question 5: Approve beat Disapprove, 475 to 67, 87.6% to 12.4%; total votes 542. | Question 6: Approve beat Disapprove, 299 to 230, 56.5% to 43.5%; total votes 529. | Dem Primary Mayor: Zohran Kwame Mamdani beat Andrew M. Cuomo, 277 to 69, 67.2% to 16.7%; total votes 412. | Dem Primary Public Advocate: Jumaane D. Williams beat Jenifer Rajkumar, 250 to 63, 73.5% to 18.5%; total votes 340. | Dem Primary Comptroller: Justin Brannan beat Mark D. Levine, 163 to 120, 48.4% to 35.6%; total votes 337.", "mayor_margin": 52.8, "q2_yes": 67.6, "q3_yes": 67.9, "q4_yes": 64.4}, "geometry": {"type": "MultiPolygon", "coordinates": [[[[-73.9625513, 40.7125263], [-73.9629414, 40.7119048], [-73.9614212, 40.7113492], [-73.9618093, 40.7107371], [-73.9618491, 40.710672], [-73.961905, 40.7105805], [-73.9619618, 40.7104876], [-73.9635304, 40.7109672], [-73.9651064, 40.7114343], [-73.9662636, 40.7117934], [-73.966247, 40.7118291], [-73.9662315, 40.7118718], [-73.9662087, 40.7119183], [-73.9661817, 40.7119757], [-73.9661428, 40.7120574], [-73.9657815, 40.712861], [-73.9655034, 40.7134838], [-73.9640713, 40.7130794], [-73.9625513, 40.7125263]]]]}}, {"type": "Feature", "properties": {"felt:feature": 52, "ed_label": "AD 50 ED 052", "elect_dist": "50052", "borough": "Brooklyn", "community_board": 1, "community_board_label": "Brooklyn CB1", "popup_title": "Brooklyn CB1 \u2014 AD 50 ED 052", "general_mayor": "ZOHRAN KWAME MAMDANI beat ANDREW M. CUOMO, 636 to 140, 79.7% to 17.5%; total votes 798.", "general_mayor_winner": "Mamdani", "general_public_advocate": "JUMAANE D. WILLIAMS beat GONZALO DURAN, 683 to 68, 90.5% to 9.0%; total votes 755.", "general_public_advocate_winner": "Williams", "general_comptroller": "MARK D. LEVINE beat PETER KEFALAS, 670 to 63, 89.6% to 8.4%; total votes 748.", "general_comptroller_winner": "Levine", "question_1": "Disapprove beat Approve, 395 to 325, 54.9% to 45.1%; total votes 720.", "question_1_winner": "No-disapprove!", "question_2": "Approve beat Disapprove, 509 to 217, 70.1% to 29.9%; total votes 726.", "question_2_winner": "Yes-approve!", "question_3": "Approve beat Disapprove, 468 to 250, 65.2% to 34.8%; total votes 718.", "question_3_winner": "Yes-approve!", "question_4": "Approve beat Disapprove, 464 to 235, 66.4% to 33.6%; total votes 699.", "question_4_winner": "Yes-approve!", "question_5": "Approve beat Disapprove, 630 to 77, 89.1% to 10.9%; total votes 707.", "question_5_winner": "Yes-approve!", "question_6": "Approve beat Disapprove, 372 to 333, 52.8% to 47.2%; total votes 705.", "question_6_winner": "Yes-approve!", "dem_primary_mayor": "Zohran Kwame Mamdani beat Brad Lander, 407 to 83, 73.7% to 15.0%; total votes 552.", "dem_primary_mayor_winner": "Mamdani", "dem_primary_public_advocate": "Jumaane D. Williams beat Jenifer Rajkumar, 356 to 81, 76.7% to 17.5%; total votes 464.", "dem_primary_public_advocate_winner": "Williams", "dem_primary_comptroller": "Justin Brannan beat Mark D. Levine, 235 to 163, 51.1% to 35.4%; total votes 460.", "dem_primary_comptroller_winner": "Brannan", "popup_summary": "Mayor: ZOHRAN KWAME MAMDANI beat ANDREW M. CUOMO, 636 to 140, 79.7% to 17.5%; total votes 798. | Public Advocate: JUMAANE D. WILLIAMS beat GONZALO DURAN, 683 to 68, 90.5% to 9.0%; total votes 755. | City Comptroller: MARK D. LEVINE beat PETER KEFALAS, 670 to 63, 89.6% to 8.4%; total votes 748. | Question 1: Disapprove beat Approve, 395 to 325, 54.9% to 45.1%; total votes 720. | Question 2: Approve beat Disapprove, 509 to 217, 70.1% to 29.9%; total votes 726. | Question 3: Approve beat Disapprove, 468 to 250, 65.2% to 34.8%; total votes 718. | Question 4: Approve beat Disapprove, 464 to 235, 66.4% to 33.6%; total votes 699. | Question 5: Approve beat Disapprove, 630 to 77, 89.1% to 10.9%; total votes 707. | Question 6: Approve beat Disapprove, 372 to 333, 52.8% to 47.2%; total votes 705. | Dem Primary Mayor: Zohran Kwame Mamdani beat Brad Lander, 407 to 83, 73.7% to 15.0%; total votes 552. | Dem Primary Public Advocate: Jumaane D. Williams beat Jenifer Rajkumar, 356 to 81, 76.7% to 17.5%; total votes 464. | Dem Primary Comptroller: Justin Brannan beat Mark D. Levine, 235 to 163, 51.1% to 35.4%; total votes 460.", "mayor_margin": 62.2, "q2_yes": 70.1, "q3_yes": 65.2, "q4_yes": 66.4}, "geometry": {"type": "MultiPolygon", "coordinates": [[[[-73.9597976, 40.7138871], [-73.960163, 40.7133454], [-73.9616799, 40.7139008], [-73.9620807, 40.7132692], [-73.9625513, 40.7125263], [-73.9640713, 40.7130794], [-73.9655034, 40.7134838], [-73.9651417, 40.7142896], [-73.9648013, 40.7150467], [-73.9644723, 40.7157331], [-73.9627776, 40.7151066], [-73.9612872, 40.7145023], [-73.9597976, 40.7138871]]]]}}, {"type": "Feature", "properties": {"felt:feature": 53, "ed_label": "AD 50 ED 053", "elect_dist": "50053", "borough": "Brooklyn", "community_board": 1, "community_board_label": "Brooklyn CB1", "popup_title": "Brooklyn CB1 \u2014 AD 50 ED 053", "general_mayor": "ZOHRAN KWAME MAMDANI beat ANDREW M. CUOMO, 549 to 205, 70.2% to 26.2%; total votes 782.", "general_mayor_winner": "Mamdani", "general_public_advocate": "JUMAANE D. WILLIAMS beat GONZALO DURAN, 638 to 90, 86.6% to 12.2%; total votes 737.", "general_public_advocate_winner": "Williams", "general_comptroller": "MARK D. LEVINE beat PETER KEFALAS, 619 to 85, 86.6% to 11.9%; total votes 715.", "general_comptroller_winner": "Levine", "question_1": "Approve beat Disapprove, 368 to 352, 51.1% to 48.9%; total votes 720.", "question_1_winner": "Yes-approve!", "question_2": "Approve beat Disapprove, 548 to 182, 75.1% to 24.9%; total votes 730.", "question_2_winner": "Yes-approve!", "question_3": "Approve beat Disapprove, 525 to 194, 73.0% to 27.0%; total votes 719.", "question_3_winner": "Yes-approve!", "question_4": "Approve beat Disapprove, 486 to 217, 69.1% to 30.9%; total votes 703.", "question_4_winner": "Yes-approve!", "question_5": "Approve beat Disapprove, 658 to 60, 91.6% to 8.4%; total votes 718.", "question_5_winner": "Yes-approve!", "question_6": "Approve beat Disapprove, 417 to 287, 59.2% to 40.8%; total votes 704.", "question_6_winner": "Yes-approve!", "dem_primary_mayor": "Zohran Kwame Mamdani beat Brad Lander, 280 to 96, 63.1% to 21.6%; total votes 444.", "dem_primary_mayor_winner": "Mamdani", "dem_primary_public_advocate": "Jumaane D. Williams beat Jenifer Rajkumar, 301 to 54, 79.0% to 14.2%; total votes 381.", "dem_primary_public_advocate_winner": "Williams", "dem_primary_comptroller": "Justin Brannan beat Mark D. Levine, 185 to 154, 48.7% to 40.5%; total votes 380.", "dem_primary_comptroller_winner": "Brannan", "popup_summary": "Mayor: ZOHRAN KWAME MAMDANI beat ANDREW M. CUOMO, 549 to 205, 70.2% to 26.2%; total votes 782. | Public Advocate: JUMAANE D. WILLIAMS beat GONZALO DURAN, 638 to 90, 86.6% to 12.2%; total votes 737. | City Comptroller: MARK D. LEVINE beat PETER KEFALAS, 619 to 85, 86.6% to 11.9%; total votes 715. | Question 1: Approve beat Disapprove, 368 to 352, 51.1% to 48.9%; total votes 720. | Question 2: Approve beat Disapprove, 548 to 182, 75.1% to 24.9%; total votes 730. | Question 3: Approve beat Disapprove, 525 to 194, 73.0% to 27.0%; total votes 719. | Question 4: Approve beat Disapprove, 486 to 217, 69.1% to 30.9%; total votes 703. | Question 5: Approve beat Disapprove, 658 to 60, 91.6% to 8.4%; total votes 718. | Question 6: Approve beat Disapprove, 417 to 287, 59.2% to 40.8%; total votes 704. | Dem Primary Mayor: Zohran Kwame Mamdani beat Brad Lander, 280 to 96, 63.1% to 21.6%; total votes 444. | Dem Primary Public Advocate: Jumaane D. Williams beat Jenifer Rajkumar, 301 to 54, 79.0% to 14.2%; total votes 381. | Dem Primary Comptroller: Justin Brannan beat Mark D. Levine, 185 to 154, 48.7% to 40.5%; total votes 380.", "mayor_margin": 44.0, "q2_yes": 75.1, "q3_yes": 73.0, "q4_yes": 69.1}, "geometry": {"type": "MultiPolygon", "coordinates": [[[[-73.9595107, 40.7161726], [-73.9582229, 40.7153736], [-73.9588115, 40.7148245], [-73.9592775, 40.7143902], [-73.9594859, 40.7141922], [-73.9597976, 40.7138871], [-73.9612872, 40.7145023], [-73.9627776, 40.7151066], [-73.9644723, 40.7157331], [-73.9638517, 40.7163391], [-73.9633917, 40.7167654], [-73.9628507, 40.7172712], [-73.9622177, 40.7178603], [-73.9607916, 40.7169729], [-73.9604459, 40.7167569], [-73.9595107, 40.7161726]]]]}}, {"type": "Feature", "properties": {"felt:feature": 54, "ed_label": "AD 50 ED 054", "elect_dist": "50054", "borough": "Brooklyn", "community_board": 1, "community_board_label": "Brooklyn CB1", "popup_title": "Brooklyn CB1 \u2014 AD 50 ED 054", "general_mayor": "ZOHRAN KWAME MAMDANI beat ANDREW M. CUOMO, 353 to 77, 80.4% to 17.5%; total votes 439.", "general_mayor_winner": "Mamdani", "general_public_advocate": "JUMAANE D. WILLIAMS beat GONZALO DURAN, 377 to 36, 89.5% to 8.6%; total votes 421.", "general_public_advocate_winner": "Williams", "general_comptroller": "MARK D. LEVINE beat PETER KEFALAS, 361 to 35, 89.4% to 8.7%; total votes 404.", "general_comptroller_winner": "Levine", "question_1": "Approve beat Disapprove, 219 to 186, 54.1% to 45.9%; total votes 405.", "question_1_winner": "Yes-approve!", "question_2": "Approve beat Disapprove, 304 to 108, 73.8% to 26.2%; total votes 412.", "question_2_winner": "Yes-approve!", "question_3": "Approve beat Disapprove, 285 to 115, 71.2% to 28.8%; total votes 400.", "question_3_winner": "Yes-approve!", "question_4": "Approve beat Disapprove, 250 to 149, 62.7% to 37.3%; total votes 399.", "question_4_winner": "Yes-approve!", "question_5": "Approve beat Disapprove, 359 to 42, 89.5% to 10.5%; total votes 401.", "question_5_winner": "Yes-approve!", "question_6": "Approve beat Disapprove, 226 to 166, 57.7% to 42.3%; total votes 392.", "question_6_winner": "Yes-approve!", "dem_primary_mayor": "Zohran Kwame Mamdani beat Brad Lander, 206 to 56, 67.1% to 18.2%; total votes 307.", "dem_primary_mayor_winner": "Mamdani", "dem_primary_public_advocate": "Jumaane D. Williams beat Jenifer Rajkumar, 189 to 49, 75.6% to 19.6%; total votes 250.", "dem_primary_public_advocate_winner": "Williams", "dem_primary_comptroller": "Justin Brannan beat Mark D. Levine, 137 to 87, 54.1% to 34.4%; total votes 253.", "dem_primary_comptroller_winner": "Brannan", "popup_summary": "Mayor: ZOHRAN KWAME MAMDANI beat ANDREW M. CUOMO, 353 to 77, 80.4% to 17.5%; total votes 439. | Public Advocate: JUMAANE D. WILLIAMS beat GONZALO DURAN, 377 to 36, 89.5% to 8.6%; total votes 421. | City Comptroller: MARK D. LEVINE beat PETER KEFALAS, 361 to 35, 89.4% to 8.7%; total votes 404. | Question 1: Approve beat Disapprove, 219 to 186, 54.1% to 45.9%; total votes 405. | Question 2: Approve beat Disapprove, 304 to 108, 73.8% to 26.2%; total votes 412. | Question 3: Approve beat Disapprove, 285 to 115, 71.2% to 28.8%; total votes 400. | Question 4: Approve beat Disapprove, 250 to 149, 62.7% to 37.3%; total votes 399. | Question 5: Approve beat Disapprove, 359 to 42, 89.5% to 10.5%; total votes 401. | Question 6: Approve beat Disapprove, 226 to 166, 57.7% to 42.3%; total votes 392. | Dem Primary Mayor: Zohran Kwame Mamdani beat Brad Lander, 206 to 56, 67.1% to 18.2%; total votes 307. | Dem Primary Public Advocate: Jumaane D. Williams beat Jenifer Rajkumar, 189 to 49, 75.6% to 19.6%; total votes 250. | Dem Primary Comptroller: Justin Brannan beat Mark D. Levine, 137 to 87, 54.1% to 34.4%; total votes 253.", "mayor_margin": 62.9, "q2_yes": 73.8, "q3_yes": 71.2, "q4_yes": 62.7}, "geometry": {"type": "MultiPolygon", "coordinates": [[[[-73.9546559, 40.714075], [-73.954339, 40.7140717], [-73.9534847, 40.7140702], [-73.9532527, 40.7140656], [-73.953165, 40.7140651], [-73.9534054, 40.7138336], [-73.953525, 40.7137291], [-73.953548, 40.7136308], [-73.9537459, 40.7134789], [-73.9542436, 40.7129301], [-73.9548705, 40.7120435], [-73.9549086, 40.7120577], [-73.9549504, 40.7120728], [-73.955288, 40.7121931], [-73.9553699, 40.7122288], [-73.955476, 40.7122654], [-73.9568095, 40.7127564], [-73.9583421, 40.7133063], [-73.9580466, 40.7137735], [-73.9579338, 40.713958], [-73.9575592, 40.7144989], [-73.9562692, 40.7141584], [-73.9559939, 40.714092], [-73.9553294, 40.7140727], [-73.9546559, 40.714075]]]]}}, {"type": "Feature", "properties": {"felt:feature": 55, "ed_label": "AD 50 ED 055", "elect_dist": "50055", "borough": "Brooklyn", "community_board": 1, "community_board_label": "Brooklyn CB1", "popup_title": "Brooklyn CB1 \u2014 AD 50 ED 055", "general_mayor": "ZOHRAN KWAME MAMDANI beat ANDREW M. CUOMO, 182 to 53, 75.2% to 21.9%; total votes 242.", "general_mayor_winner": "Mamdani", "general_public_advocate": "JUMAANE D. WILLIAMS beat GONZALO DURAN, 206 to 30, 86.9% to 12.7%; total votes 237.", "general_public_advocate_winner": "Williams", "general_comptroller": "MARK D. LEVINE beat PETER KEFALAS, 205 to 25, 88.4% to 10.8%; total votes 232.", "general_comptroller_winner": "Levine", "question_1": "Approve beat Disapprove, 121 to 107, 53.1% to 46.9%; total votes 228.", "question_1_winner": "Yes-approve!", "question_2": "Approve beat Disapprove, 174 to 56, 75.7% to 24.3%; total votes 230.", "question_2_winner": "Yes-approve!", "question_3": "Approve beat Disapprove, 174 to 53, 76.7% to 23.3%; total votes 227.", "question_3_winner": "Yes-approve!", "question_4": "Approve beat Disapprove, 150 to 71, 67.9% to 32.1%; total votes 221.", "question_4_winner": "Yes-approve!", "question_5": "Approve beat Disapprove, 202 to 23, 89.8% to 10.2%; total votes 225.", "question_5_winner": "Yes-approve!", "question_6": "Approve beat Disapprove, 129 to 93, 58.1% to 41.9%; total votes 222.", "question_6_winner": "Yes-approve!", "dem_primary_mayor": "Zohran Kwame Mamdani beat Brad Lander, 98 to 35, 63.6% to 22.7%; total votes 154.", "dem_primary_mayor_winner": "Mamdani", "dem_primary_public_advocate": "Jumaane D. Williams beat Jenifer Rajkumar, 99 to 23, 75.0% to 17.4%; total votes 132.", "dem_primary_public_advocate_winner": "Williams", "dem_primary_comptroller": "Justin Brannan beat Mark D. Levine, 65 to 46, 49.6% to 35.1%; total votes 131.", "dem_primary_comptroller_winner": "Brannan", "popup_summary": "Mayor: ZOHRAN KWAME MAMDANI beat ANDREW M. CUOMO, 182 to 53, 75.2% to 21.9%; total votes 242. | Public Advocate: JUMAANE D. WILLIAMS beat GONZALO DURAN, 206 to 30, 86.9% to 12.7%; total votes 237. | City Comptroller: MARK D. LEVINE beat PETER KEFALAS, 205 to 25, 88.4% to 10.8%; total votes 232. | Question 1: Approve beat Disapprove, 121 to 107, 53.1% to 46.9%; total votes 228. | Question 2: Approve beat Disapprove, 174 to 56, 75.7% to 24.3%; total votes 230. | Question 3: Approve beat Disapprove, 174 to 53, 76.7% to 23.3%; total votes 227. | Question 4: Approve beat Disapprove, 150 to 71, 67.9% to 32.1%; total votes 221. | Question 5: Approve beat Disapprove, 202 to 23, 89.8% to 10.2%; total votes 225. | Question 6: Approve beat Disapprove, 129 to 93, 58.1% to 41.9%; total votes 222. | Dem Primary Mayor: Zohran Kwame Mamdani beat Brad Lander, 98 to 35, 63.6% to 22.7%; total votes 154. | Dem Primary Public Advocate: Jumaane D. Williams beat Jenifer Rajkumar, 99 to 23, 75.0% to 17.4%; total votes 132. | Dem Primary Comptroller: Justin Brannan beat Mark D. Levine, 65 to 46, 49.6% to 35.1%; total votes 131.", "mayor_margin": 53.3, "q2_yes": 75.7, "q3_yes": 76.7, "q4_yes": 67.9}, "geometry": {"type": "MultiPolygon", "coordinates": [[[[-73.9498313, 40.7169011], [-73.9498652, 40.7170995], [-73.9499482, 40.7175898], [-73.9500654, 40.7183002], [-73.9484164, 40.7184555], [-73.9476733, 40.7185207], [-73.9472134, 40.718561], [-73.9476257, 40.7183019], [-73.9483217, 40.7178645], [-73.9485577, 40.7177199], [-73.9490428, 40.7174285], [-73.9494909, 40.717129], [-73.9498313, 40.7169011]]]]}}, {"type": "Feature", "properties": {"felt:feature": 56, "ed_label": "AD 50 ED 056", "elect_dist": "50056", "borough": "Brooklyn", "community_board": 1, "community_board_label": "Brooklyn CB1", "popup_title": "Brooklyn CB1 \u2014 AD 50 ED 056", "general_mayor": "ZOHRAN KWAME MAMDANI beat ANDREW M. CUOMO, 778 to 173, 79.4% to 17.7%; total votes 980.", "general_mayor_winner": "Mamdani", "general_public_advocate": "JUMAANE D. WILLIAMS beat GONZALO DURAN, 841 to 87, 89.5% to 9.3%; total votes 940.", "general_public_advocate_winner": "Williams", "general_comptroller": "MARK D. LEVINE beat PETER KEFALAS, 831 to 79, 90.3% to 8.6%; total votes 920.", "general_comptroller_winner": "Levine", "question_1": "Disapprove beat Approve, 465 to 443, 51.2% to 48.8%; total votes 908.", "question_1_winner": "No-disapprove!", "question_2": "Approve beat Disapprove, 621 to 312, 66.6% to 33.4%; total votes 933.", "question_2_winner": "Yes-approve!", "question_3": "Approve beat Disapprove, 621 to 298, 67.6% to 32.4%; total votes 919.", "question_3_winner": "Yes-approve!", "question_4": "Approve beat Disapprove, 595 to 311, 65.7% to 34.3%; total votes 906.", "question_4_winner": "Yes-approve!", "question_5": "Approve beat Disapprove, 842 to 83, 91.0% to 9.0%; total votes 925.", "question_5_winner": "Yes-approve!", "question_6": "Approve beat Disapprove, 513 to 399, 56.2% to 43.8%; total votes 912.", "question_6_winner": "Yes-approve!", "dem_primary_mayor": "Zohran Kwame Mamdani beat Brad Lander, 492 to 110, 72.2% to 16.2%; total votes 681.", "dem_primary_mayor_winner": "Mamdani", "dem_primary_public_advocate": "Jumaane D. Williams beat Jenifer Rajkumar, 478 to 81, 79.9% to 13.5%; total votes 598.", "dem_primary_public_advocate_winner": "Williams", "dem_primary_comptroller": "Justin Brannan beat Mark D. Levine, 312 to 214, 52.7% to 36.1%; total votes 592.", "dem_primary_comptroller_winner": "Brannan", "popup_summary": "Mayor: ZOHRAN KWAME MAMDANI beat ANDREW M. CUOMO, 778 to 173, 79.4% to 17.7%; total votes 980. | Public Advocate: JUMAANE D. WILLIAMS beat GONZALO DURAN, 841 to 87, 89.5% to 9.3%; total votes 940. | City Comptroller: MARK D. LEVINE beat PETER KEFALAS, 831 to 79, 90.3% to 8.6%; total votes 920. | Question 1: Disapprove beat Approve, 465 to 443, 51.2% to 48.8%; total votes 908. | Question 2: Approve beat Disapprove, 621 to 312, 66.6% to 33.4%; total votes 933. | Question 3: Approve beat Disapprove, 621 to 298, 67.6% to 32.4%; total votes 919. | Question 4: Approve beat Disapprove, 595 to 311, 65.7% to 34.3%; total votes 906. | Question 5: Approve beat Disapprove, 842 to 83, 91.0% to 9.0%; total votes 925. | Question 6: Approve beat Disapprove, 513 to 399, 56.2% to 43.8%; total votes 912. | Dem Primary Mayor: Zohran Kwame Mamdani beat Brad Lander, 492 to 110, 72.2% to 16.2%; total votes 681. | Dem Primary Public Advocate: Jumaane D. Williams beat Jenifer Rajkumar, 478 to 81, 79.9% to 13.5%; total votes 598. | Dem Primary Comptroller: Justin Brannan beat Mark D. Levine, 312 to 214, 52.7% to 36.1%; total votes 592.", "mayor_margin": 61.7, "q2_yes": 66.6, "q3_yes": 67.6, "q4_yes": 65.7}, "geometry": {"type": "MultiPolygon", "coordinates": [[[[-73.9491308, 40.7126124], [-73.9490136, 40.7119038], [-73.9488923, 40.7111675], [-73.9511157, 40.7109566], [-73.9516429, 40.7109063], [-73.9531276, 40.7114198], [-73.9543029, 40.7118402], [-73.9544843, 40.7119048], [-73.9547374, 40.7119941], [-73.9548705, 40.7120435], [-73.9542436, 40.7129301], [-73.9537459, 40.7134789], [-73.953548, 40.7136308], [-73.953525, 40.7137291], [-73.9534054, 40.7138336], [-73.953165, 40.7140651], [-73.9530315, 40.7140628], [-73.9529105, 40.714061], [-73.952378, 40.7145118], [-73.9517759, 40.7150216], [-73.9517014, 40.7145381], [-73.9516364, 40.7141436], [-73.9516237, 40.7140664], [-73.9515906, 40.7137986], [-73.9514658, 40.7131063], [-73.9513553, 40.7123991], [-73.9491308, 40.7126124]]]]}}, {"type": "Feature", "properties": {"felt:feature": 57, "ed_label": "AD 50 ED 057", "elect_dist": "50057", "borough": "Brooklyn", "community_board": 1, "community_board_label": "Brooklyn CB1", "popup_title": "Brooklyn CB1 \u2014 AD 50 ED 057", "general_mayor": "ZOHRAN KWAME MAMDANI beat ANDREW M. CUOMO, 915 to 155, 82.4% to 14.0%; total votes 1110.", "general_mayor_winner": "Mamdani", "general_public_advocate": "JUMAANE D. WILLIAMS beat GONZALO DURAN, 944 to 87, 89.7% to 8.3%; total votes 1052.", "general_public_advocate_winner": "Williams", "general_comptroller": "MARK D. LEVINE beat PETER KEFALAS, 935 to 81, 91.1% to 7.9%; total votes 1026.", "general_comptroller_winner": "Levine", "question_1": "Disapprove beat Approve, 528 to 496, 51.6% to 48.4%; total votes 1024.", "question_1_winner": "No-disapprove!", "question_2": "Approve beat Disapprove, 702 to 338, 67.5% to 32.5%; total votes 1040.", "question_2_winner": "Yes-approve!", "question_3": "Approve beat Disapprove, 653 to 373, 63.6% to 36.4%; total votes 1026.", "question_3_winner": "Yes-approve!", "question_4": "Approve beat Disapprove, 657 to 360, 64.6% to 35.4%; total votes 1017.", "question_4_winner": "Yes-approve!", "question_5": "Approve beat Disapprove, 916 to 113, 89.0% to 11.0%; total votes 1029.", "question_5_winner": "Yes-approve!", "question_6": "Approve beat Disapprove, 533 to 488, 52.2% to 47.8%; total votes 1021.", "question_6_winner": "Yes-approve!", "dem_primary_mayor": "Zohran Kwame Mamdani beat Brad Lander, 562 to 110, 75.9% to 14.9%; total votes 740.", "dem_primary_mayor_winner": "Mamdani", "dem_primary_public_advocate": "Jumaane D. Williams beat Jenifer Rajkumar, 530 to 90, 81.5% to 13.8%; total votes 650.", "dem_primary_public_advocate_winner": "Williams", "dem_primary_comptroller": "Justin Brannan beat Mark D. Levine, 365 to 197, 56.9% to 30.7%; total votes 642.", "dem_primary_comptroller_winner": "Brannan", "popup_summary": "Mayor: ZOHRAN KWAME MAMDANI beat ANDREW M. CUOMO, 915 to 155, 82.4% to 14.0%; total votes 1110. | Public Advocate: JUMAANE D. WILLIAMS beat GONZALO DURAN, 944 to 87, 89.7% to 8.3%; total votes 1052. | City Comptroller: MARK D. LEVINE beat PETER KEFALAS, 935 to 81, 91.1% to 7.9%; total votes 1026. | Question 1: Disapprove beat Approve, 528 to 496, 51.6% to 48.4%; total votes 1024. | Question 2: Approve beat Disapprove, 702 to 338, 67.5% to 32.5%; total votes 1040. | Question 3: Approve beat Disapprove, 653 to 373, 63.6% to 36.4%; total votes 1026. | Question 4: Approve beat Disapprove, 657 to 360, 64.6% to 35.4%; total votes 1017. | Question 5: Approve beat Disapprove, 916 to 113, 89.0% to 11.0%; total votes 1029. | Question 6: Approve beat Disapprove, 533 to 488, 52.2% to 47.8%; total votes 1021. | Dem Primary Mayor: Zohran Kwame Mamdani beat Brad Lander, 562 to 110, 75.9% to 14.9%; total votes 740. | Dem Primary Public Advocate: Jumaane D. Williams beat Jenifer Rajkumar, 530 to 90, 81.5% to 13.8%; total votes 650. | Dem Primary Comptroller: Justin Brannan beat Mark D. Levine, 365 to 197, 56.9% to 30.7%; total votes 642.", "mayor_margin": 68.4, "q2_yes": 67.5, "q3_yes": 63.6, "q4_yes": 64.6}, "geometry": {"type": "MultiPolygon", "coordinates": [[[[-73.940688, 40.711962], [-73.9422278, 40.7118006], [-73.943911, 40.7116415], [-73.9455962, 40.7114815], [-73.9472444, 40.7113245], [-73.9488923, 40.7111675], [-73.9490136, 40.7119038], [-73.9491308, 40.7126124], [-73.9474815, 40.7127699], [-73.9458336, 40.712927], [-73.9441472, 40.7130862], [-73.9424662, 40.7132437], [-73.9413852, 40.7133471], [-73.9410405, 40.7126659], [-73.940688, 40.711962]]]]}}, {"type": "Feature", "properties": {"felt:feature": 58, "ed_label": "AD 50 ED 058", "elect_dist": "50058", "borough": "Brooklyn", "community_board": 1, "community_board_label": "Brooklyn CB1", "popup_title": "Brooklyn CB1 \u2014 AD 50 ED 058", "general_mayor": "ZOHRAN KWAME MAMDANI beat ANDREW M. CUOMO, 688 to 170, 75.6% to 18.7%; total votes 910.", "general_mayor_winner": "Mamdani", "general_public_advocate": "JUMAANE D. WILLIAMS beat GONZALO DURAN, 738 to 100, 86.4% to 11.7%; total votes 854.", "general_public_advocate_winner": "Williams", "general_comptroller": "MARK D. LEVINE beat PETER KEFALAS, 722 to 103, 86.7% to 12.4%; total votes 833.", "general_comptroller_winner": "Levine", "question_1": "Disapprove beat Approve, 438 to 401, 52.2% to 47.8%; total votes 839.", "question_1_winner": "No-disapprove!", "question_2": "Approve beat Disapprove, 575 to 285, 66.9% to 33.1%; total votes 860.", "question_2_winner": "Yes-approve!", "question_3": "Approve beat Disapprove, 544 to 298, 64.6% to 35.4%; total votes 842.", "question_3_winner": "Yes-approve!", "question_4": "Approve beat Disapprove, 526 to 312, 62.8% to 37.2%; total votes 838.", "question_4_winner": "Yes-approve!", "question_5": "Approve beat Disapprove, 761 to 93, 89.1% to 10.9%; total votes 854.", "question_5_winner": "Yes-approve!", "question_6": "Approve beat Disapprove, 447 to 397, 53.0% to 47.0%; total votes 844.", "question_6_winner": "Yes-approve!", "dem_primary_mayor": "Zohran Kwame Mamdani beat Brad Lander, 433 to 95, 68.8% to 15.1%; total votes 629.", "dem_primary_mayor_winner": "Mamdani", "dem_primary_public_advocate": "Jumaane D. Williams beat Jenifer Rajkumar, 401 to 84, 74.1% to 15.5%; total votes 541.", "dem_primary_public_advocate_winner": "Williams", "dem_primary_comptroller": "Justin Brannan beat Mark D. Levine, 286 to 182, 53.7% to 34.1%; total votes 533.", "dem_primary_comptroller_winner": "Brannan", "popup_summary": "Mayor: ZOHRAN KWAME MAMDANI beat ANDREW M. CUOMO, 688 to 170, 75.6% to 18.7%; total votes 910. | Public Advocate: JUMAANE D. WILLIAMS beat GONZALO DURAN, 738 to 100, 86.4% to 11.7%; total votes 854. | City Comptroller: MARK D. LEVINE beat PETER KEFALAS, 722 to 103, 86.7% to 12.4%; total votes 833. | Question 1: Disapprove beat Approve, 438 to 401, 52.2% to 47.8%; total votes 839. | Question 2: Approve beat Disapprove, 575 to 285, 66.9% to 33.1%; total votes 860. | Question 3: Approve beat Disapprove, 544 to 298, 64.6% to 35.4%; total votes 842. | Question 4: Approve beat Disapprove, 526 to 312, 62.8% to 37.2%; total votes 838. | Question 5: Approve beat Disapprove, 761 to 93, 89.1% to 10.9%; total votes 854. | Question 6: Approve beat Disapprove, 447 to 397, 53.0% to 47.0%; total votes 844. | Dem Primary Mayor: Zohran Kwame Mamdani beat Brad Lander, 433 to 95, 68.8% to 15.1%; total votes 629. | Dem Primary Public Advocate: Jumaane D. Williams beat Jenifer Rajkumar, 401 to 84, 74.1% to 15.5%; total votes 541. | Dem Primary Comptroller: Justin Brannan beat Mark D. Levine, 286 to 182, 53.7% to 34.1%; total votes 533.", "mayor_margin": 56.9, "q2_yes": 66.9, "q3_yes": 64.6, "q4_yes": 62.8}, "geometry": {"type": "MultiPolygon", "coordinates": [[[[-73.9478329, 40.714914], [-73.9477189, 40.7142157], [-73.9475965, 40.7134769], [-73.9474815, 40.7127699], [-73.9491308, 40.7126124], [-73.9513553, 40.7123991], [-73.9514658, 40.7131063], [-73.9515906, 40.7137986], [-73.9516237, 40.7140664], [-73.9516364, 40.7141436], [-73.9517014, 40.7145381], [-73.9517759, 40.7150216], [-73.951435, 40.7152845], [-73.9495982, 40.7154636], [-73.9494819, 40.7147558], [-73.9478329, 40.714914]]]]}}, {"type": "Feature", "properties": {"felt:feature": 59, "ed_label": "AD 50 ED 059", "elect_dist": "50059", "borough": "Brooklyn", "community_board": 1, "community_board_label": "Brooklyn CB1", "popup_title": "Brooklyn CB1 \u2014 AD 50 ED 059", "general_mayor": "ZOHRAN KWAME MAMDANI beat ANDREW M. CUOMO, 744 to 184, 76.7% to 19.0%; total votes 970.", "general_mayor_winner": "Mamdani", "general_public_advocate": "JUMAANE D. WILLIAMS beat GONZALO DURAN, 793 to 98, 86.6% to 10.7%; total votes 916.", "general_public_advocate_winner": "Williams", "general_comptroller": "MARK D. LEVINE beat PETER KEFALAS, 773 to 99, 86.6% to 11.1%; total votes 893.", "general_comptroller_winner": "Levine", "question_1": "Disapprove beat Approve, 447 to 426, 51.2% to 48.8%; total votes 873.", "question_1_winner": "No-disapprove!", "question_2": "Approve beat Disapprove, 585 to 305, 65.7% to 34.3%; total votes 890.", "question_2_winner": "Yes-approve!", "question_3": "Approve beat Disapprove, 566 to 319, 64.0% to 36.0%; total votes 885.", "question_3_winner": "Yes-approve!", "question_4": "Approve beat Disapprove, 541 to 325, 62.5% to 37.5%; total votes 866.", "question_4_winner": "Yes-approve!", "question_5": "Approve beat Disapprove, 770 to 101, 88.4% to 11.6%; total votes 871.", "question_5_winner": "Yes-approve!", "question_6": "Disapprove beat Approve, 438 to 420, 51.0% to 49.0%; total votes 858.", "question_6_winner": "No-disapprove!", "dem_primary_mayor": "Zohran Kwame Mamdani beat Brad Lander, 465 to 76, 75.1% to 12.3%; total votes 619.", "dem_primary_mayor_winner": "Mamdani", "dem_primary_public_advocate": "Jumaane D. Williams beat Jenifer Rajkumar, 442 to 90, 79.6% to 16.2%; total votes 555.", "dem_primary_public_advocate_winner": "Williams", "dem_primary_comptroller": "Justin Brannan beat Mark D. Levine, 318 to 168, 56.8% to 30.0%; total votes 560.", "dem_primary_comptroller_winner": "Brannan", "popup_summary": "Mayor: ZOHRAN KWAME MAMDANI beat ANDREW M. CUOMO, 744 to 184, 76.7% to 19.0%; total votes 970. | Public Advocate: JUMAANE D. WILLIAMS beat GONZALO DURAN, 793 to 98, 86.6% to 10.7%; total votes 916. | City Comptroller: MARK D. LEVINE beat PETER KEFALAS, 773 to 99, 86.6% to 11.1%; total votes 893. | Question 1: Disapprove beat Approve, 447 to 426, 51.2% to 48.8%; total votes 873. | Question 2: Approve beat Disapprove, 585 to 305, 65.7% to 34.3%; total votes 890. | Question 3: Approve beat Disapprove, 566 to 319, 64.0% to 36.0%; total votes 885. | Question 4: Approve beat Disapprove, 541 to 325, 62.5% to 37.5%; total votes 866. | Question 5: Approve beat Disapprove, 770 to 101, 88.4% to 11.6%; total votes 871. | Question 6: Disapprove beat Approve, 438 to 420, 51.0% to 49.0%; total votes 858. | Dem Primary Mayor: Zohran Kwame Mamdani beat Brad Lander, 465 to 76, 75.1% to 12.3%; total votes 619. | Dem Primary Public Advocate: Jumaane D. Williams beat Jenifer Rajkumar, 442 to 90, 79.6% to 16.2%; total votes 555. | Dem Primary Comptroller: Justin Brannan beat Mark D. Levine, 318 to 168, 56.8% to 30.0%; total votes 560.", "mayor_margin": 57.7, "q2_yes": 65.7, "q3_yes": 64.0, "q4_yes": 62.5}, "geometry": {"type": "MultiPolygon", "coordinates": [[[[-73.9420658, 40.7147289], [-73.9419273, 40.7144454], [-73.941713, 40.7140071], [-73.9413852, 40.7133471], [-73.9424662, 40.7132437], [-73.9441472, 40.7130862], [-73.9458336, 40.712927], [-73.9474815, 40.7127699], [-73.9475965, 40.7134769], [-73.9477189, 40.7142157], [-73.9478329, 40.714914], [-73.9461852, 40.7150673], [-73.9444997, 40.7152277], [-73.9443899, 40.7145347], [-73.9427064, 40.7146895], [-73.9424705, 40.7147145], [-73.9420658, 40.7147289]]]]}}, {"type": "Feature", "properties": {"felt:feature": 60, "ed_label": "AD 50 ED 060", "elect_dist": "50060", "borough": "Brooklyn", "community_board": 1, "community_board_label": "Brooklyn CB1", "popup_title": "Brooklyn CB1 \u2014 AD 50 ED 060", "general_mayor": "ZOHRAN KWAME MAMDANI beat ANDREW M. CUOMO, 576 to 181, 72.5% to 22.8%; total votes 794.", "general_mayor_winner": "Mamdani", "general_public_advocate": "JUMAANE D. WILLIAMS beat GONZALO DURAN, 628 to 120, 82.4% to 15.7%; total votes 762.", "general_public_advocate_winner": "Williams", "general_comptroller": "MARK D. LEVINE beat PETER KEFALAS, 618 to 117, 83.0% to 15.7%; total votes 745.", "general_comptroller_winner": "Levine", "question_1": "Disapprove beat Approve, 387 to 361, 51.7% to 48.3%; total votes 748.", "question_1_winner": "No-disapprove!", "question_2": "Approve beat Disapprove, 477 to 280, 63.0% to 37.0%; total votes 757.", "question_2_winner": "Yes-approve!", "question_3": "Approve beat Disapprove, 475 to 277, 63.2% to 36.8%; total votes 752.", "question_3_winner": "Yes-approve!", "question_4": "Approve beat Disapprove, 453 to 286, 61.3% to 38.7%; total votes 739.", "question_4_winner": "Yes-approve!", "question_5": "Approve beat Disapprove, 647 to 107, 85.8% to 14.2%; total votes 754.", "question_5_winner": "Yes-approve!", "question_6": "Approve beat Disapprove, 399 to 344, 53.7% to 46.3%; total votes 743.", "question_6_winner": "Yes-approve!", "dem_primary_mayor": "Zohran Kwame Mamdani beat Brad Lander, 372 to 79, 70.6% to 15.0%; total votes 527.", "dem_primary_mayor_winner": "Mamdani", "dem_primary_public_advocate": "Jumaane D. Williams beat Jenifer Rajkumar, 360 to 66, 77.8% to 14.3%; total votes 463.", "dem_primary_public_advocate_winner": "Williams", "dem_primary_comptroller": "Justin Brannan beat Mark D. Levine, 245 to 154, 53.4% to 33.6%; total votes 459.", "dem_primary_comptroller_winner": "Brannan", "popup_summary": "Mayor: ZOHRAN KWAME MAMDANI beat ANDREW M. CUOMO, 576 to 181, 72.5% to 22.8%; total votes 794. | Public Advocate: JUMAANE D. WILLIAMS beat GONZALO DURAN, 628 to 120, 82.4% to 15.7%; total votes 762. | City Comptroller: MARK D. LEVINE beat PETER KEFALAS, 618 to 117, 83.0% to 15.7%; total votes 745. | Question 1: Disapprove beat Approve, 387 to 361, 51.7% to 48.3%; total votes 748. | Question 2: Approve beat Disapprove, 477 to 280, 63.0% to 37.0%; total votes 757. | Question 3: Approve beat Disapprove, 475 to 277, 63.2% to 36.8%; total votes 752. | Question 4: Approve beat Disapprove, 453 to 286, 61.3% to 38.7%; total votes 739. | Question 5: Approve beat Disapprove, 647 to 107, 85.8% to 14.2%; total votes 754. | Question 6: Approve beat Disapprove, 399 to 344, 53.7% to 46.3%; total votes 743. | Dem Primary Mayor: Zohran Kwame Mamdani beat Brad Lander, 372 to 79, 70.6% to 15.0%; total votes 527. | Dem Primary Public Advocate: Jumaane D. Williams beat Jenifer Rajkumar, 360 to 66, 77.8% to 14.3%; total votes 463. | Dem Primary Comptroller: Justin Brannan beat Mark D. Levine, 245 to 154, 53.4% to 33.6%; total votes 459.", "mayor_margin": 49.7, "q2_yes": 63.0, "q3_yes": 63.2, "q4_yes": 61.3}, "geometry": {"type": "MultiPolygon", "coordinates": [[[[-73.9465331, 40.717198], [-73.946417, 40.7164874], [-73.9463035, 40.7157791], [-73.9461852, 40.7150673], [-73.9478329, 40.714914], [-73.9494819, 40.7147558], [-73.9495982, 40.7154636], [-73.951435, 40.7152845], [-73.9503181, 40.716107], [-73.9497593, 40.7164806], [-73.9497817, 40.7166186], [-73.9497941, 40.7166904], [-73.9498037, 40.716745], [-73.9498236, 40.7168569], [-73.9498313, 40.7169011], [-73.9494909, 40.717129], [-73.9490428, 40.7174285], [-73.9485577, 40.7177199], [-73.9483217, 40.7178645], [-73.9476257, 40.7183019], [-73.9472134, 40.718561], [-73.9469069, 40.7185932], [-73.9467542, 40.7186092], [-73.9467449, 40.7185474], [-73.9467225, 40.7183917], [-73.9466523, 40.717907], [-73.9465331, 40.717198]]]]}}, {"type": "Feature", "properties": {"felt:feature": 61, "ed_label": "AD 50 ED 061", "elect_dist": "50061", "borough": "Brooklyn", "community_board": 1, "community_board_label": "Brooklyn CB1", "popup_title": "Brooklyn CB1 \u2014 AD 50 ED 061", "general_mayor": "ZOHRAN KWAME MAMDANI beat ANDREW M. CUOMO, 753 to 169, 79.0% to 17.7%; total votes 953.", "general_mayor_winner": "Mamdani", "general_public_advocate": "JUMAANE D. WILLIAMS beat GONZALO DURAN, 809 to 97, 88.2% to 10.6%; total votes 917.", "general_public_advocate_winner": "Williams", "general_comptroller": "MARK D. LEVINE beat PETER KEFALAS, 806 to 86, 89.3% to 9.5%; total votes 903.", "general_comptroller_winner": "Levine", "question_1": "Disapprove beat Approve, 449 to 436, 50.7% to 49.3%; total votes 885.", "question_1_winner": "No-disapprove!", "question_2": "Approve beat Disapprove, 606 to 295, 67.3% to 32.7%; total votes 901.", "question_2_winner": "Yes-approve!", "question_3": "Approve beat Disapprove, 600 to 284, 67.9% to 32.1%; total votes 884.", "question_3_winner": "Yes-approve!", "question_4": "Approve beat Disapprove, 573 to 305, 65.3% to 34.7%; total votes 878.", "question_4_winner": "Yes-approve!", "question_5": "Approve beat Disapprove, 793 to 97, 89.1% to 10.9%; total votes 890.", "question_5_winner": "Yes-approve!", "question_6": "Approve beat Disapprove, 448 to 435, 50.7% to 49.3%; total votes 883.", "question_6_winner": "Yes-approve!", "dem_primary_mayor": "Zohran Kwame Mamdani beat Brad Lander, 479 to 117, 70.4% to 17.2%; total votes 680.", "dem_primary_mayor_winner": "Mamdani", "dem_primary_public_advocate": "Jumaane D. Williams beat Jenifer Rajkumar, 487 to 97, 79.4% to 15.8%; total votes 613.", "dem_primary_public_advocate_winner": "Williams", "dem_primary_comptroller": "Justin Brannan beat Mark D. Levine, 375 to 186, 61.2% to 30.3%; total votes 613.", "dem_primary_comptroller_winner": "Brannan", "popup_summary": "Mayor: ZOHRAN KWAME MAMDANI beat ANDREW M. CUOMO, 753 to 169, 79.0% to 17.7%; total votes 953. | Public Advocate: JUMAANE D. WILLIAMS beat GONZALO DURAN, 809 to 97, 88.2% to 10.6%; total votes 917. | City Comptroller: MARK D. LEVINE beat PETER KEFALAS, 806 to 86, 89.3% to 9.5%; total votes 903. | Question 1: Disapprove beat Approve, 449 to 436, 50.7% to 49.3%; total votes 885. | Question 2: Approve beat Disapprove, 606 to 295, 67.3% to 32.7%; total votes 901. | Question 3: Approve beat Disapprove, 600 to 284, 67.9% to 32.1%; total votes 884. | Question 4: Approve beat Disapprove, 573 to 305, 65.3% to 34.7%; total votes 878. | Question 5: Approve beat Disapprove, 793 to 97, 89.1% to 10.9%; total votes 890. | Question 6: Approve beat Disapprove, 448 to 435, 50.7% to 49.3%; total votes 883. | Dem Primary Mayor: Zohran Kwame Mamdani beat Brad Lander, 479 to 117, 70.4% to 17.2%; total votes 680. | Dem Primary Public Advocate: Jumaane D. Williams beat Jenifer Rajkumar, 487 to 97, 79.4% to 15.8%; total votes 613. | Dem Primary Comptroller: Justin Brannan beat Mark D. Levine, 375 to 186, 61.2% to 30.3%; total votes 613.", "mayor_margin": 61.3, "q2_yes": 67.3, "q3_yes": 67.9, "q4_yes": 65.3}, "geometry": {"type": "MultiPolygon", "coordinates": [[[[-73.9418362, 40.7169229], [-73.942077, 40.7161776], [-73.9421625, 40.7154513], [-73.9421608, 40.715063], [-73.9420658, 40.7147289], [-73.9424705, 40.7147145], [-73.9427064, 40.7146895], [-73.9443899, 40.7145347], [-73.9444997, 40.7152277], [-73.9461852, 40.7150673], [-73.9463035, 40.7157791], [-73.946417, 40.7164874], [-73.9465331, 40.717198], [-73.9448506, 40.717357], [-73.9431696, 40.7175166], [-73.9412701, 40.7176966], [-73.9418362, 40.7169229]]]]}}, {"type": "Feature", "properties": {"felt:feature": 62, "ed_label": "AD 50 ED 062", "elect_dist": "50062", "borough": "Brooklyn", "community_board": 1, "community_board_label": "Brooklyn CB1", "popup_title": "Brooklyn CB1 \u2014 AD 50 ED 062", "general_mayor": "ZOHRAN KWAME MAMDANI beat ANDREW M. CUOMO, 598 to 105, 81.6% to 14.3%; total votes 733.", "general_mayor_winner": "Mamdani", "general_public_advocate": "JUMAANE D. WILLIAMS beat GONZALO DURAN, 634 to 59, 90.7% to 8.4%; total votes 699.", "general_public_advocate_winner": "Williams", "general_comptroller": "MARK D. LEVINE beat PETER KEFALAS, 602 to 60, 90.0% to 9.0%; total votes 669.", "general_comptroller_winner": "Levine", "question_1": "Disapprove beat Approve, 380 to 310, 55.1% to 44.9%; total votes 690.", "question_1_winner": "No-disapprove!", "question_2": "Approve beat Disapprove, 455 to 241, 65.4% to 34.6%; total votes 696.", "question_2_winner": "Yes-approve!", "question_3": "Approve beat Disapprove, 439 to 246, 64.1% to 35.9%; total votes 685.", "question_3_winner": "Yes-approve!", "question_4": "Approve beat Disapprove, 416 to 263, 61.3% to 38.7%; total votes 679.", "question_4_winner": "Yes-approve!", "question_5": "Approve beat Disapprove, 601 to 82, 88.0% to 12.0%; total votes 683.", "question_5_winner": "Yes-approve!", "question_6": "Approve beat Disapprove, 344 to 331, 51.0% to 49.0%; total votes 675.", "question_6_winner": "Yes-approve!", "dem_primary_mayor": "Zohran Kwame Mamdani beat Brad Lander, 392 to 70, 76.4% to 13.6%; total votes 513.", "dem_primary_mayor_winner": "Mamdani", "dem_primary_public_advocate": "Jumaane D. Williams beat Jenifer Rajkumar, 356 to 68, 77.7% to 14.8%; total votes 458.", "dem_primary_public_advocate_winner": "Williams", "dem_primary_comptroller": "Justin Brannan beat Mark D. Levine, 277 to 136, 60.2% to 29.6%; total votes 460.", "dem_primary_comptroller_winner": "Brannan", "popup_summary": "Mayor: ZOHRAN KWAME MAMDANI beat ANDREW M. CUOMO, 598 to 105, 81.6% to 14.3%; total votes 733. | Public Advocate: JUMAANE D. WILLIAMS beat GONZALO DURAN, 634 to 59, 90.7% to 8.4%; total votes 699. | City Comptroller: MARK D. LEVINE beat PETER KEFALAS, 602 to 60, 90.0% to 9.0%; total votes 669. | Question 1: Disapprove beat Approve, 380 to 310, 55.1% to 44.9%; total votes 690. | Question 2: Approve beat Disapprove, 455 to 241, 65.4% to 34.6%; total votes 696. | Question 3: Approve beat Disapprove, 439 to 246, 64.1% to 35.9%; total votes 685. | Question 4: Approve beat Disapprove, 416 to 263, 61.3% to 38.7%; total votes 679. | Question 5: Approve beat Disapprove, 601 to 82, 88.0% to 12.0%; total votes 683. | Question 6: Approve beat Disapprove, 344 to 331, 51.0% to 49.0%; total votes 675. | Dem Primary Mayor: Zohran Kwame Mamdani beat Brad Lander, 392 to 70, 76.4% to 13.6%; total votes 513. | Dem Primary Public Advocate: Jumaane D. Williams beat Jenifer Rajkumar, 356 to 68, 77.7% to 14.8%; total votes 458. | Dem Primary Comptroller: Justin Brannan beat Mark D. Levine, 277 to 136, 60.2% to 29.6%; total votes 460.", "mayor_margin": 67.3, "q2_yes": 65.4, "q3_yes": 64.1, "q4_yes": 61.3}, "geometry": {"type": "MultiPolygon", "coordinates": [[[[-73.940492, 40.7186783], [-73.9406677, 40.7184473], [-73.9412701, 40.7176966], [-73.9431696, 40.7175166], [-73.9448506, 40.717357], [-73.9465331, 40.717198], [-73.9466523, 40.717907], [-73.9467225, 40.7183917], [-73.9467449, 40.7185474], [-73.9467542, 40.7186092], [-73.9466407, 40.7186151], [-73.9461423, 40.7189074], [-73.946099, 40.7189339], [-73.9459461, 40.7190272], [-73.945523, 40.719287], [-73.9454351, 40.7193417], [-73.9446355, 40.7198399], [-73.9442668, 40.7200696], [-73.9442087, 40.7199968], [-73.9438981, 40.7196034], [-73.9434266, 40.7189336], [-73.9424726, 40.719022], [-73.9415396, 40.7191117], [-73.9405899, 40.7192054], [-73.940492, 40.7186783]]]]}}, {"type": "Feature", "properties": {"felt:feature": 63, "ed_label": "AD 50 ED 063", "elect_dist": "50063", "borough": "Brooklyn", "community_board": 1, "community_board_label": "Brooklyn CB1", "popup_title": "Brooklyn CB1 \u2014 AD 50 ED 063", "general_mayor": "ZOHRAN KWAME MAMDANI beat ANDREW M. CUOMO, 595 to 97, 82.1% to 13.4%; total votes 725.", "general_mayor_winner": "Mamdani", "general_public_advocate": "JUMAANE D. WILLIAMS beat GONZALO DURAN, 611 to 77, 88.4% to 11.1%; total votes 691.", "general_public_advocate_winner": "Williams", "general_comptroller": "MARK D. LEVINE beat PETER KEFALAS, 595 to 77, 88.0% to 11.4%; total votes 676.", "general_comptroller_winner": "Levine", "question_1": "Disapprove beat Approve, 354 to 323, 52.3% to 47.7%; total votes 677.", "question_1_winner": "No-disapprove!", "question_2": "Approve beat Disapprove, 449 to 227, 66.4% to 33.6%; total votes 676.", "question_2_winner": "Yes-approve!", "question_3": "Approve beat Disapprove, 412 to 254, 61.9% to 38.1%; total votes 666.", "question_3_winner": "Yes-approve!", "question_4": "Approve beat Disapprove, 412 to 254, 61.9% to 38.1%; total votes 666.", "question_4_winner": "Yes-approve!", "question_5": "Approve beat Disapprove, 599 to 74, 89.0% to 11.0%; total votes 673.", "question_5_winner": "Yes-approve!", "question_6": "Approve beat Disapprove, 335 to 332, 50.2% to 49.8%; total votes 667.", "question_6_winner": "Yes-approve!", "dem_primary_mayor": "Zohran Kwame Mamdani beat Brad Lander, 374 to 76, 76.2% to 15.5%; total votes 491.", "dem_primary_mayor_winner": "Mamdani", "dem_primary_public_advocate": "Jumaane D. Williams beat Jenifer Rajkumar, 318 to 81, 73.8% to 18.8%; total votes 431.", "dem_primary_public_advocate_winner": "Williams", "dem_primary_comptroller": "Justin Brannan beat Mark D. Levine, 237 to 133, 55.4% to 31.1%; total votes 428.", "dem_primary_comptroller_winner": "Brannan", "popup_summary": "Mayor: ZOHRAN KWAME MAMDANI beat ANDREW M. CUOMO, 595 to 97, 82.1% to 13.4%; total votes 725. | Public Advocate: JUMAANE D. WILLIAMS beat GONZALO DURAN, 611 to 77, 88.4% to 11.1%; total votes 691. | City Comptroller: MARK D. LEVINE beat PETER KEFALAS, 595 to 77, 88.0% to 11.4%; total votes 676. | Question 1: Disapprove beat Approve, 354 to 323, 52.3% to 47.7%; total votes 677. | Question 2: Approve beat Disapprove, 449 to 227, 66.4% to 33.6%; total votes 676. | Question 3: Approve beat Disapprove, 412 to 254, 61.9% to 38.1%; total votes 666. | Question 4: Approve beat Disapprove, 412 to 254, 61.9% to 38.1%; total votes 666. | Question 5: Approve beat Disapprove, 599 to 74, 89.0% to 11.0%; total votes 673. | Question 6: Approve beat Disapprove, 335 to 332, 50.2% to 49.8%; total votes 667. | Dem Primary Mayor: Zohran Kwame Mamdani beat Brad Lander, 374 to 76, 76.2% to 15.5%; total votes 491. | Dem Primary Public Advocate: Jumaane D. Williams beat Jenifer Rajkumar, 318 to 81, 73.8% to 18.8%; total votes 431. | Dem Primary Comptroller: Justin Brannan beat Mark D. Levine, 237 to 133, 55.4% to 31.1%; total votes 428.", "mayor_margin": 68.7, "q2_yes": 66.4, "q3_yes": 61.9, "q4_yes": 61.9}, "geometry": {"type": "MultiPolygon", "coordinates": [[[[-73.9278029, 40.7250103], [-73.9279231, 40.7249789], [-73.9292639, 40.7246257], [-73.930871, 40.7242201], [-73.9324416, 40.7238134], [-73.9340123, 40.7234036], [-73.9355888, 40.7229911], [-73.9371064, 40.7226013], [-73.9368057, 40.7219256], [-73.9365044, 40.7212475], [-73.9362087, 40.7205762], [-73.9358851, 40.7198654], [-73.9364234, 40.7197301], [-73.9370891, 40.7195667], [-73.9375325, 40.7194562], [-73.9379865, 40.719338], [-73.9381233, 40.7193019], [-73.9385214, 40.7191969], [-73.9386353, 40.7191668], [-73.9389223, 40.7190911], [-73.9389893, 40.7190734], [-73.939087, 40.7190476], [-73.939586, 40.7189164], [-73.9399052, 40.7188325], [-73.9402284, 40.7187476], [-73.9403263, 40.7187218], [-73.940492, 40.7186783], [-73.9405899, 40.7192054], [-73.9415396, 40.7191117], [-73.9424726, 40.719022], [-73.9434266, 40.7189336], [-73.9438981, 40.7196034], [-73.9442087, 40.7199968], [-73.9442668, 40.7200696], [-73.9435884, 40.7204548], [-73.9431369, 40.7207113], [-73.9427818, 40.720913], [-73.9423596, 40.7211477], [-73.9421217, 40.7212906], [-73.9419108, 40.7214209], [-73.9416513, 40.7215977], [-73.9414439, 40.7217389], [-73.9410522, 40.7220293], [-73.9405896, 40.7223545], [-73.9402667, 40.7225745], [-73.9401845, 40.7226305], [-73.9401499, 40.722651], [-73.940095, 40.722682], [-73.939739, 40.7228739], [-73.9393, 40.723109], [-73.9391937, 40.7231629], [-73.9389754, 40.7232721], [-73.9387552, 40.7233792], [-73.9385333, 40.7234841], [-73.9383096, 40.7235868], [-73.9381236, 40.7236612], [-73.9379346, 40.723731], [-73.9377428, 40.7237962], [-73.9375484, 40.7238568], [-73.93721, 40.7239692], [-73.9368681, 40.7240751], [-73.9365227, 40.7241744], [-73.9361741, 40.7242669], [-73.9362248, 40.7243487], [-73.936308, 40.7244401], [-73.9363813, 40.7244731], [-73.9364222, 40.7244668], [-73.9364638, 40.7244651], [-73.9365053, 40.7244682], [-73.9365458, 40.7244758], [-73.9365844, 40.7244878], [-73.9366202, 40.724504], [-73.9366525, 40.724524], [-73.9366807, 40.7245474], [-73.936704, 40.7245737], [-73.9367219, 40.7246023], [-73.936749, 40.7246381], [-73.9367685, 40.7246765], [-73.9367799, 40.7247168], [-73.9367829, 40.724758], [-73.9367775, 40.724799], [-73.9367638, 40.7248389], [-73.9353974, 40.7259069], [-73.9341234, 40.7268555], [-73.9325066, 40.7279083], [-73.9323818, 40.727991], [-73.932134, 40.7281596], [-73.9320042, 40.7281451], [-73.9319609, 40.7281256], [-73.9318813, 40.7280954], [-73.9317484, 40.7280537], [-73.9316832, 40.7280317], [-73.9316686, 40.7280383], [-73.9315736, 40.7280183], [-73.9312077, 40.7279413], [-73.9308048, 40.7278488], [-73.9307225, 40.7278411], [-73.9303264, 40.7277951], [-73.9299181, 40.7276389], [-73.9297438, 40.7275736], [-73.9296604, 40.7275332], [-73.9296126, 40.7275602], [-73.9296021, 40.7275743], [-73.9296303, 40.7275868], [-73.9296181, 40.7276032], [-73.9296002, 40.7276161], [-73.9295802, 40.7276128], [-73.9295112, 40.7275699], [-73.9294248, 40.7275118], [-73.9293759, 40.72748], [-73.9292879, 40.7274255], [-73.9292433, 40.7273979], [-73.929269, 40.7273652], [-73.9292434, 40.727342], [-73.9291793, 40.7272838], [-73.929111, 40.7272197], [-73.9288975, 40.7270278], [-73.9284942, 40.7266146], [-73.9283374, 40.7264176], [-73.9281587, 40.7262052], [-73.9281307, 40.7261727], [-73.9280543, 40.7260723], [-73.9279551, 40.7259165], [-73.9279391, 40.7258837], [-73.9279275, 40.7258791], [-73.9279017, 40.7258758], [-73.9278826, 40.7258665], [-73.9278717, 40.7258541], [-73.9278643, 40.7258267], [-73.927859, 40.7257546], [-73.9278029, 40.7250103]]]]}}, {"type": "Feature", "properties": {"felt:feature": 64, "ed_label": "AD 50 ED 064", "elect_dist": "50064", "borough": "Brooklyn", "community_board": 1, "community_board_label": "Brooklyn CB1", "popup_title": "Brooklyn CB1 \u2014 AD 50 ED 064", "general_mayor": "ZOHRAN KWAME MAMDANI beat ANDREW M. CUOMO, 7 to 0, 100.0% to 0.0%; total votes 7.", "general_mayor_winner": "Mamdani", "general_public_advocate": "JUMAANE D. WILLIAMS beat GONZALO DURAN, 5 to 1, 83.3% to 16.7%; total votes 6.", "general_public_advocate_winner": "Williams", "general_comptroller": "MARK D. LEVINE beat PETER KEFALAS, 5 to 1, 83.3% to 16.7%; total votes 6.", "general_comptroller_winner": "Levine", "question_1": "Disapprove beat Approve, 3 to 3, 50.0% to 50.0%; total votes 6.", "question_1_winner": "No-disapprove!", "question_2": "Approve beat Disapprove, 6 to 0, 100.0% to 0.0%; total votes 6.", "question_2_winner": "Yes-approve!", "question_3": "Approve beat Disapprove, 6 to 0, 100.0% to 0.0%; total votes 6.", "question_3_winner": "Yes-approve!", "question_4": "Approve beat Disapprove, 4 to 1, 80.0% to 20.0%; total votes 5.", "question_4_winner": "Yes-approve!", "question_5": "Approve beat Disapprove, 6 to 0, 100.0% to 0.0%; total votes 6.", "question_5_winner": "Yes-approve!", "question_6": "Disapprove beat Approve, 3 to 3, 50.0% to 50.0%; total votes 6.", "question_6_winner": "No-disapprove!", "dem_primary_mayor": "Zohran Kwame Mamdani beat NA, 1 to 0, 100.0% to 0.0%; total votes 1.", "dem_primary_mayor_winner": "Mamdani", "dem_primary_public_advocate": "WRITE-IN beat NA, 1 to 0, 100.0% to 0.0%; total votes 1.", "dem_primary_public_advocate_winner": "Write-In", "dem_primary_comptroller": "Ismael Malave Perez beat NA, 1 to 0, 100.0% to 0.0%; total votes 1.", "dem_primary_comptroller_winner": "Perez", "popup_summary": "Mayor: ZOHRAN KWAME MAMDANI beat ANDREW M. CUOMO, 7 to 0, 100.0% to 0.0%; total votes 7. | Public Advocate: JUMAANE D. WILLIAMS beat GONZALO DURAN, 5 to 1, 83.3% to 16.7%; total votes 6. | City Comptroller: MARK D. LEVINE beat PETER KEFALAS, 5 to 1, 83.3% to 16.7%; total votes 6. | Question 1: Disapprove beat Approve, 3 to 3, 50.0% to 50.0%; total votes 6. | Question 2: Approve beat Disapprove, 6 to 0, 100.0% to 0.0%; total votes 6. | Question 3: Approve beat Disapprove, 6 to 0, 100.0% to 0.0%; total votes 6. | Question 4: Approve beat Disapprove, 4 to 1, 80.0% to 20.0%; total votes 5. | Question 5: Approve beat Disapprove, 6 to 0, 100.0% to 0.0%; total votes 6. | Question 6: Disapprove beat Approve, 3 to 3, 50.0% to 50.0%; total votes 6. | Dem Primary Mayor: Zohran Kwame Mamdani beat NA, 1 to 0, 100.0% to 0.0%; total votes 1. | Dem Primary Public Advocate: WRITE-IN beat NA, 1 to 0, 100.0% to 0.0%; total votes 1. | Dem Primary Comptroller: Ismael Malave Perez beat NA, 1 to 0, 100.0% to 0.0%; total votes 1.", "mayor_margin": 100.0, "q2_yes": 100.0, "q3_yes": 100.0, "q4_yes": 80.0}, "geometry": {"type": "MultiPolygon", "coordinates": [[[[-73.932134, 40.7281596], [-73.9323818, 40.727991], [-73.9325066, 40.7279083], [-73.9341234, 40.7268555], [-73.9353974, 40.7259069], [-73.9367638, 40.7248389], [-73.9368296, 40.725235], [-73.9369392, 40.7258951], [-73.937011, 40.7263275], [-73.9372423, 40.7277941], [-73.9381971, 40.7281025], [-73.9391816, 40.7280167], [-73.9401151, 40.7279292], [-73.9410437, 40.7278412], [-73.9419921, 40.7277503], [-73.9429431, 40.7276617], [-73.9434642, 40.7308122], [-73.9437198, 40.732391], [-73.9427953, 40.7326546], [-73.9426212, 40.7326804], [-73.9420416, 40.7327663], [-73.9418594, 40.7328], [-73.9416789, 40.7328386], [-73.9415003, 40.732882], [-73.9413239, 40.7329303], [-73.9411498, 40.7329834], [-73.9409784, 40.7330412], [-73.9408098, 40.7331036], [-73.9406442, 40.7331705], [-73.9405911, 40.7330918], [-73.9405687, 40.7330585], [-73.9406849, 40.7330171], [-73.9403666, 40.7322126], [-73.9398879, 40.7312956], [-73.9398132, 40.7311527], [-73.9397461, 40.7310655], [-73.938915, 40.7303838], [-73.9385612, 40.7301336], [-73.9381033, 40.7297285], [-73.938089, 40.7297468], [-73.9372951, 40.7293006], [-73.9371187, 40.7291899], [-73.9369312, 40.7291081], [-73.93684, 40.7290879], [-73.9365589, 40.7290178], [-73.9360825, 40.7288827], [-73.9356359, 40.728752], [-73.9356145, 40.728746], [-73.9352744, 40.728651], [-73.9350119, 40.7285724], [-73.9349293, 40.7285439], [-73.9348085, 40.7285286], [-73.9344174, 40.7284726], [-73.9342095, 40.7284439], [-73.9342221, 40.7283905], [-73.9341542, 40.7283817], [-73.9337668, 40.7283339], [-73.9335276, 40.7283074], [-73.9334995, 40.7283041], [-73.9334856, 40.7282944], [-73.9334827, 40.7282816], [-73.9332573, 40.7282407], [-73.9330166, 40.7282103], [-73.9329112, 40.7282333], [-73.9326268, 40.7281806], [-73.9324079, 40.7281459], [-73.932387, 40.7281477], [-73.9323609, 40.7281678], [-73.932346, 40.7281824], [-73.932134, 40.7281596]]]]}}, {"type": "Feature", "properties": {"felt:feature": 65, "ed_label": "AD 50 ED 065", "elect_dist": "50065", "borough": "Brooklyn", "community_board": 1, "community_board_label": "Brooklyn CB1", "popup_title": "Brooklyn CB1 \u2014 AD 50 ED 065", "general_mayor": "ZOHRAN KWAME MAMDANI beat ANDREW M. CUOMO, 304 to 105, 71.9% to 24.8%; total votes 423.", "general_mayor_winner": "Mamdani", "general_public_advocate": "JUMAANE D. WILLIAMS beat GONZALO DURAN, 346 to 39, 88.0% to 9.9%; total votes 393.", "general_public_advocate_winner": "Williams", "general_comptroller": "MARK D. LEVINE beat PETER KEFALAS, 348 to 37, 89.2% to 9.5%; total votes 390.", "general_comptroller_winner": "Levine", "question_1": "Approve beat Disapprove, 201 to 184, 52.2% to 47.8%; total votes 385.", "question_1_winner": "Yes-approve!", "question_2": "Approve beat Disapprove, 279 to 116, 70.6% to 29.4%; total votes 395.", "question_2_winner": "Yes-approve!", "question_3": "Approve beat Disapprove, 265 to 124, 68.1% to 31.9%; total votes 389.", "question_3_winner": "Yes-approve!", "question_4": "Approve beat Disapprove, 266 to 114, 70.0% to 30.0%; total votes 380.", "question_4_winner": "Yes-approve!", "question_5": "Approve beat Disapprove, 353 to 34, 91.2% to 8.8%; total votes 387.", "question_5_winner": "Yes-approve!", "question_6": "Approve beat Disapprove, 223 to 160, 58.2% to 41.8%; total votes 383.", "question_6_winner": "Yes-approve!", "dem_primary_mayor": "Zohran Kwame Mamdani beat Brad Lander, 183 to 53, 64.2% to 18.6%; total votes 285.", "dem_primary_mayor_winner": "Mamdani", "dem_primary_public_advocate": "Jumaane D. Williams beat Jenifer Rajkumar, 174 to 51, 71.9% to 21.1%; total votes 242.", "dem_primary_public_advocate_winner": "Williams", "dem_primary_comptroller": "Justin Brannan beat Mark D. Levine, 131 to 89, 54.4% to 36.9%; total votes 241.", "dem_primary_comptroller_winner": "Brannan", "popup_summary": "Mayor: ZOHRAN KWAME MAMDANI beat ANDREW M. CUOMO, 304 to 105, 71.9% to 24.8%; total votes 423. | Public Advocate: JUMAANE D. WILLIAMS beat GONZALO DURAN, 346 to 39, 88.0% to 9.9%; total votes 393. | City Comptroller: MARK D. LEVINE beat PETER KEFALAS, 348 to 37, 89.2% to 9.5%; total votes 390. | Question 1: Approve beat Disapprove, 201 to 184, 52.2% to 47.8%; total votes 385. | Question 2: Approve beat Disapprove, 279 to 116, 70.6% to 29.4%; total votes 395. | Question 3: Approve beat Disapprove, 265 to 124, 68.1% to 31.9%; total votes 389. | Question 4: Approve beat Disapprove, 266 to 114, 70.0% to 30.0%; total votes 380. | Question 5: Approve beat Disapprove, 353 to 34, 91.2% to 8.8%; total votes 387. | Question 6: Approve beat Disapprove, 223 to 160, 58.2% to 41.8%; total votes 383. | Dem Primary Mayor: Zohran Kwame Mamdani beat Brad Lander, 183 to 53, 64.2% to 18.6%; total votes 285. | Dem Primary Public Advocate: Jumaane D. Williams beat Jenifer Rajkumar, 174 to 51, 71.9% to 21.1%; total votes 242. | Dem Primary Comptroller: Justin Brannan beat Mark D. Levine, 131 to 89, 54.4% to 36.9%; total votes 241.", "mayor_margin": 47.1, "q2_yes": 70.6, "q3_yes": 68.1, "q4_yes": 70.0}, "geometry": {"type": "MultiPolygon", "coordinates": [[[[-73.9546559, 40.714075], [-73.9553294, 40.7140727], [-73.9559939, 40.714092], [-73.9562692, 40.7141584], [-73.9575592, 40.7144989], [-73.9579338, 40.713958], [-73.9580466, 40.7137735], [-73.9583421, 40.7133063], [-73.9597976, 40.7138871], [-73.9594859, 40.7141922], [-73.9592775, 40.7143902], [-73.9588115, 40.7148245], [-73.9582229, 40.7153736], [-73.9595107, 40.7161726], [-73.9589139, 40.7167279], [-73.9576267, 40.7159275], [-73.9563686, 40.7151447], [-73.9550572, 40.7143256], [-73.9546559, 40.714075]]]]}}, {"type": "Feature", "properties": {"felt:feature": 66, "ed_label": "AD 50 ED 066", "elect_dist": "50066", "borough": "Brooklyn", "community_board": 1, "community_board_label": "Brooklyn CB1", "popup_title": "Brooklyn CB1 \u2014 AD 50 ED 066", "general_mayor": "ZOHRAN KWAME MAMDANI beat ANDREW M. CUOMO, 535 to 144, 77.6% to 20.9%; total votes 689.", "general_mayor_winner": "Mamdani", "general_public_advocate": "JUMAANE D. WILLIAMS beat GONZALO DURAN, 586 to 61, 89.6% to 9.3%; total votes 654.", "general_public_advocate_winner": "Williams", "general_comptroller": "MARK D. LEVINE beat PETER KEFALAS, 586 to 59, 90.4% to 9.1%; total votes 648.", "general_comptroller_winner": "Levine", "question_1": "Approve beat Disapprove, 346 to 313, 52.5% to 47.5%; total votes 659.", "question_1_winner": "Yes-approve!", "question_2": "Approve beat Disapprove, 480 to 181, 72.6% to 27.4%; total votes 661.", "question_2_winner": "Yes-approve!", "question_3": "Approve beat Disapprove, 477 to 187, 71.8% to 28.2%; total votes 664.", "question_3_winner": "Yes-approve!", "question_4": "Approve beat Disapprove, 426 to 227, 65.2% to 34.8%; total votes 653.", "question_4_winner": "Yes-approve!", "question_5": "Approve beat Disapprove, 598 to 59, 91.0% to 9.0%; total votes 657.", "question_5_winner": "Yes-approve!", "question_6": "Approve beat Disapprove, 370 to 275, 57.4% to 42.6%; total votes 645.", "question_6_winner": "Yes-approve!", "dem_primary_mayor": "Zohran Kwame Mamdani beat Brad Lander, 308 to 84, 66.1% to 18.0%; total votes 466.", "dem_primary_mayor_winner": "Mamdani", "dem_primary_public_advocate": "Jumaane D. Williams beat Jenifer Rajkumar, 308 to 73, 77.0% to 18.2%; total votes 400.", "dem_primary_public_advocate_winner": "Williams", "dem_primary_comptroller": "Justin Brannan beat Mark D. Levine, 202 to 173, 49.4% to 42.3%; total votes 409.", "dem_primary_comptroller_winner": "Brannan", "popup_summary": "Mayor: ZOHRAN KWAME MAMDANI beat ANDREW M. CUOMO, 535 to 144, 77.6% to 20.9%; total votes 689. | Public Advocate: JUMAANE D. WILLIAMS beat GONZALO DURAN, 586 to 61, 89.6% to 9.3%; total votes 654. | City Comptroller: MARK D. LEVINE beat PETER KEFALAS, 586 to 59, 90.4% to 9.1%; total votes 648. | Question 1: Approve beat Disapprove, 346 to 313, 52.5% to 47.5%; total votes 659. | Question 2: Approve beat Disapprove, 480 to 181, 72.6% to 27.4%; total votes 661. | Question 3: Approve beat Disapprove, 477 to 187, 71.8% to 28.2%; total votes 664. | Question 4: Approve beat Disapprove, 426 to 227, 65.2% to 34.8%; total votes 653. | Question 5: Approve beat Disapprove, 598 to 59, 91.0% to 9.0%; total votes 657. | Question 6: Approve beat Disapprove, 370 to 275, 57.4% to 42.6%; total votes 645. | Dem Primary Mayor: Zohran Kwame Mamdani beat Brad Lander, 308 to 84, 66.1% to 18.0%; total votes 466. | Dem Primary Public Advocate: Jumaane D. Williams beat Jenifer Rajkumar, 308 to 73, 77.0% to 18.2%; total votes 400. | Dem Primary Comptroller: Justin Brannan beat Mark D. Levine, 202 to 173, 49.4% to 42.3%; total votes 409.", "mayor_margin": 56.7, "q2_yes": 72.6, "q3_yes": 71.8, "q4_yes": 65.2}, "geometry": {"type": "MultiPolygon", "coordinates": [[[[-73.9518424, 40.7154421], [-73.9521088, 40.7152589], [-73.9527538, 40.714736], [-73.9538652, 40.7154326], [-73.9551861, 40.7162521], [-73.9545865, 40.7168054], [-73.953992, 40.7173567], [-73.9533982, 40.7179104], [-73.9525116, 40.717345], [-73.9521239, 40.7170977], [-73.9520508, 40.71667], [-73.9519288, 40.7159627], [-73.9518424, 40.7154421]]]]}}, {"type": "Feature", "properties": {"felt:feature": 67, "ed_label": "AD 52 ED 001", "elect_dist": "52001", "borough": "Brooklyn", "community_board": 1, "community_board_label": "Brooklyn CB1", "popup_title": "Brooklyn CB1 \u2014 AD 52 ED 001", "general_mayor": "ANDREW M. CUOMO beat ERIC L. ADAMS, 279 to 11, 89.7% to 3.5%; total votes 311.", "general_mayor_winner": "Cuomo", "general_public_advocate": "JUMAANE D. WILLIAMS beat GONZALO DURAN, 84 to 62, 54.9% to 40.5%; total votes 153.", "general_public_advocate_winner": "Williams", "general_comptroller": "MARK D. LEVINE beat PETER KEFALAS, 126 to 44, 72.0% to 25.1%; total votes 175.", "general_comptroller_winner": "Levine", "question_1": "Disapprove beat Approve, 76 to 26, 74.5% to 25.5%; total votes 102.", "question_1_winner": "No-disapprove!", "question_2": "Approve beat Disapprove, 57 to 49, 53.8% to 46.2%; total votes 106.", "question_2_winner": "Yes-approve!", "question_3": "Approve beat Disapprove, 50 to 48, 51.0% to 49.0%; total votes 98.", "question_3_winner": "Yes-approve!", "question_4": "Disapprove beat Approve, 55 to 42, 56.7% to 43.3%; total votes 97.", "question_4_winner": "No-disapprove!", "question_5": "Disapprove beat Approve, 52 to 44, 54.2% to 45.8%; total votes 96.", "question_5_winner": "No-disapprove!", "question_6": "Disapprove beat Approve, 61 to 39, 61.0% to 39.0%; total votes 100.", "question_6_winner": "No-disapprove!", "dem_primary_mayor": "Andrew M. Cuomo beat Adrienne E. Adams, 213 to 14, 86.9% to 5.7%; total votes 245.", "dem_primary_mayor_winner": "Cuomo", "dem_primary_public_advocate": "Jumaane D. Williams beat Marty Dolan, 50 to 8, 79.4% to 12.7%; total votes 63.", "dem_primary_public_advocate_winner": "Williams", "dem_primary_comptroller": "Justin Brannan beat Mark D. Levine, 180 to 52, 76.3% to 22.0%; total votes 236.", "dem_primary_comptroller_winner": "Brannan", "popup_summary": "Mayor: ANDREW M. CUOMO beat ERIC L. ADAMS, 279 to 11, 89.7% to 3.5%; total votes 311. | Public Advocate: JUMAANE D. WILLIAMS beat GONZALO DURAN, 84 to 62, 54.9% to 40.5%; total votes 153. | City Comptroller: MARK D. LEVINE beat PETER KEFALAS, 126 to 44, 72.0% to 25.1%; total votes 175. | Question 1: Disapprove beat Approve, 76 to 26, 74.5% to 25.5%; total votes 102. | Question 2: Approve beat Disapprove, 57 to 49, 53.8% to 46.2%; total votes 106. | Question 3: Approve beat Disapprove, 50 to 48, 51.0% to 49.0%; total votes 98. | Question 4: Disapprove beat Approve, 55 to 42, 56.7% to 43.3%; total votes 97. | Question 5: Disapprove beat Approve, 52 to 44, 54.2% to 45.8%; total votes 96. | Question 6: Disapprove beat Approve, 61 to 39, 61.0% to 39.0%; total votes 100. | Dem Primary Mayor: Andrew M. Cuomo beat Adrienne E. Adams, 213 to 14, 86.9% to 5.7%; total votes 245. | Dem Primary Public Advocate: Jumaane D. Williams beat Marty Dolan, 50 to 8, 79.4% to 12.7%; total votes 63. | Dem Primary Comptroller: Justin Brannan beat Mark D. Levine, 180 to 52, 76.3% to 22.0%; total votes 236.", "mayor_margin": 86.2, "q2_yes": 53.8, "q3_yes": 51.0, "q4_yes": 56.7}, "geometry": {"type": "MultiPolygon", "coordinates": [[[[-73.9663249, 40.7048306], [-73.9656904, 40.7042594], [-73.9651635, 40.703783], [-73.9651448, 40.703766], [-73.9651022, 40.7037276], [-73.9650804, 40.7037079], [-73.965059, 40.7036885], [-73.9648863, 40.7035342], [-73.9648659, 40.7035152], [-73.9644253, 40.7031222], [-73.9642962, 40.7030102], [-73.9634257, 40.7027889], [-73.962776, 40.7026109], [-73.9623925, 40.7025057], [-73.962027, 40.7021866], [-73.961749, 40.7019439], [-73.9614528, 40.7016627], [-73.961215, 40.701446], [-73.9612501, 40.701369], [-73.9618637, 40.7000267], [-73.9618686, 40.7000123], [-73.9622555, 40.6988646], [-73.9623266, 40.6986241], [-73.962483, 40.6980954], [-73.9628396, 40.6980387], [-73.9623658, 40.6996056], [-73.9621798, 40.7002207], [-73.9625193, 40.7004727], [-73.9625499, 40.700497], [-73.9631825, 40.7010001], [-73.9638689, 40.7015419], [-73.9645184, 40.702075], [-73.9652044, 40.7026227], [-73.9658358, 40.703127], [-73.9658742, 40.7031577], [-73.9659159, 40.7031916], [-73.9660741, 40.7033202], [-73.9665375, 40.7036966], [-73.9666697, 40.7038066], [-73.9672096, 40.7042557], [-73.9676155, 40.7049616], [-73.9679514, 40.7057312], [-73.9670206, 40.7062839], [-73.966849, 40.7058399], [-73.9667268, 40.7055235], [-73.9667018, 40.7054298], [-73.9666692, 40.7053375], [-73.9666293, 40.7052468], [-73.9665821, 40.7051582], [-73.9665278, 40.7050719], [-73.9664667, 40.7049884], [-73.966399, 40.7049078], [-73.9663249, 40.7048306]]]]}}, {"type": "Feature", "properties": {"felt:feature": 68, "ed_label": "AD 53 ED 030", "elect_dist": "53030", "borough": "Brooklyn", "community_board": 1, "community_board_label": "Brooklyn CB1", "popup_title": "Brooklyn CB1 \u2014 AD 53 ED 030", "general_mayor": "ZOHRAN KWAME MAMDANI beat ANDREW M. CUOMO, 379.7 to 33.4, 89.3% to 7.9%; total votes 425.4.", "general_mayor_winner": "Mamdani", "general_public_advocate": "JUMAANE D. WILLIAMS beat GONZALO DURAN, 379.7 to 21.1, 93.1% to 5.2%; total votes 407.9.", "general_public_advocate_winner": "Williams", "general_comptroller": "MARK D. LEVINE beat PETER KEFALAS, 370.1 to 23.7, 92.9% to 6.0%; total votes 398.2.", "general_comptroller_winner": "Levine", "question_1": "Disapprove beat Approve, 239.1 to 150.3, 61.4% to 38.6%; total votes 389.4.", "question_1_winner": "No-disapprove!", "question_2": "Approve beat Disapprove, 247 to 148.6, 62.4% to 37.6%; total votes 395.6.", "question_2_winner": "Yes-approve!", "question_3": "Approve beat Disapprove, 218.9 to 168.8, 56.5% to 43.5%; total votes 387.6.", "question_3_winner": "Yes-approve!", "question_4": "Approve beat Disapprove, 227.7 to 159.1, 58.9% to 41.1%; total votes 386.8.", "question_4_winner": "Yes-approve!", "question_5": "Approve beat Disapprove, 332.3 to 58.9, 84.9% to 15.1%; total votes 391.2.", "question_5_winner": "Yes-approve!", "question_6": "Disapprove beat Approve, 201.3 to 186.3, 51.9% to 48.1%; total votes 387.6.", "question_6_winner": "No-disapprove!", "dem_primary_mayor": "Zohran Kwame Mamdani beat Brad Lander, 247.9 to 18.5, 86.2% to 6.4%; total votes 287.4.", "dem_primary_mayor_winner": "Mamdani", "dem_primary_public_advocate": "Jumaane D. Williams beat Jenifer Rajkumar, 225 to 26.4, 86.5% to 10.1%; total votes 260.2.", "dem_primary_public_advocate_winner": "Williams", "dem_primary_comptroller": "Justin Brannan beat Mark D. Levine, 161.7 to 60.7, 63.4% to 23.8%; total votes 254.9.", "dem_primary_comptroller_winner": "Brannan", "popup_summary": "Mayor: ZOHRAN KWAME MAMDANI beat ANDREW M. CUOMO, 379.7 to 33.4, 89.3% to 7.9%; total votes 425.4. | Public Advocate: JUMAANE D. WILLIAMS beat GONZALO DURAN, 379.7 to 21.1, 93.1% to 5.2%; total votes 407.9. | City Comptroller: MARK D. LEVINE beat PETER KEFALAS, 370.1 to 23.7, 92.9% to 6.0%; total votes 398.2. | Question 1: Disapprove beat Approve, 239.1 to 150.3, 61.4% to 38.6%; total votes 389.4. | Question 2: Approve beat Disapprove, 247 to 148.6, 62.4% to 37.6%; total votes 395.6. | Question 3: Approve beat Disapprove, 218.9 to 168.8, 56.5% to 43.5%; total votes 387.6. | Question 4: Approve beat Disapprove, 227.7 to 159.1, 58.9% to 41.1%; total votes 386.8. | Question 5: Approve beat Disapprove, 332.3 to 58.9, 84.9% to 15.1%; total votes 391.2. | Question 6: Disapprove beat Approve, 201.3 to 186.3, 51.9% to 48.1%; total votes 387.6. | Dem Primary Mayor: Zohran Kwame Mamdani beat Brad Lander, 247.9 to 18.5, 86.2% to 6.4%; total votes 287.4. | Dem Primary Public Advocate: Jumaane D. Williams beat Jenifer Rajkumar, 225 to 26.4, 86.5% to 10.1%; total votes 260.2. | Dem Primary Comptroller: Justin Brannan beat Mark D. Levine, 161.7 to 60.7, 63.4% to 23.8%; total votes 254.9.", "mayor_margin": 81.4, "q2_yes": 62.4, "q3_yes": 56.5, "q4_yes": 58.9}, "geometry": {"type": "MultiPolygon", "coordinates": [[[[-73.9240591, 40.7141116], [-73.9240401, 40.7140083], [-73.9231394, 40.7133947], [-73.9222347, 40.712856], [-73.9218188, 40.7117821], [-73.921546, 40.7110433], [-73.9212207, 40.7107906], [-73.9211202, 40.7107354], [-73.9207485, 40.7105336], [-73.9218918, 40.7093961], [-73.9214348, 40.7091288], [-73.9207007, 40.7086946], [-73.9199595, 40.7082573], [-73.9210568, 40.7071823], [-73.922136, 40.7061236], [-73.9238345, 40.7043974], [-73.924586, 40.704825], [-73.9253352, 40.7052527], [-73.9260893, 40.7056797], [-73.9266481, 40.7055292], [-73.9281083, 40.704953], [-73.9282547, 40.7054814], [-73.9284494, 40.7061814], [-73.928643, 40.7068792], [-73.9288375, 40.7075777], [-73.9290257, 40.7082768], [-73.9320728, 40.7077858], [-73.9325231, 40.7082382], [-73.9326922, 40.708632], [-73.9329969, 40.7093172], [-73.933296, 40.7099877], [-73.9336015, 40.7106691], [-73.9338927, 40.7113357], [-73.9342571, 40.712123], [-73.9345333, 40.7127533], [-73.9348028, 40.7133725], [-73.933179, 40.713799], [-73.9323302, 40.71401], [-73.9316274, 40.7141856], [-73.9314825, 40.7142217], [-73.9313675, 40.7142525], [-73.9313131, 40.714144], [-73.931436, 40.7141262], [-73.9312407, 40.7137248], [-73.931453, 40.7134388], [-73.931556, 40.7133995], [-73.9315914, 40.7133848], [-73.9316453, 40.7133428], [-73.9319718, 40.7132533], [-73.9324516, 40.7131217], [-73.9325504, 40.7130954], [-73.9325777, 40.7130891], [-73.9325956, 40.7130837], [-73.9326105, 40.7130773], [-73.9326168, 40.7130737], [-73.9326223, 40.7130697], [-73.9326316, 40.7130614], [-73.9326391, 40.7130526], [-73.9326444, 40.7130437], [-73.9326462, 40.7130393], [-73.9326475, 40.7130349], [-73.9326482, 40.713031], [-73.9326492, 40.7130158], [-73.9326469, 40.7130007], [-73.9320326, 40.7115902], [-73.9333848, 40.7112337], [-73.9332835, 40.7109787], [-73.931901, 40.7113385], [-73.931664, 40.7108102], [-73.9315109, 40.7104698], [-73.9312657, 40.7099244], [-73.9310298, 40.7093585], [-73.9309323, 40.7091653], [-73.9307949, 40.7091147], [-73.9307918, 40.7091129], [-73.9307875, 40.70911], [-73.9307869, 40.7091096], [-73.9307835, 40.7091068], [-73.93078, 40.7091033], [-73.9307769, 40.7090995], [-73.930772, 40.709091], [-73.9307686, 40.7090811], [-73.930766, 40.7090607], [-73.9307668, 40.7090192], [-73.930766, 40.7090025], [-73.9307627, 40.7089864], [-73.93076, 40.7089794], [-73.9307565, 40.708973], [-73.930739, 40.7089473], [-73.9307188, 40.7089217], [-73.9306959, 40.7088963], [-73.9306704, 40.7088711], [-73.9306418, 40.7088469], [-73.9305721, 40.7087949], [-73.930543, 40.7087689], [-73.9305279, 40.7087512], [-73.9305257, 40.7087476], [-73.9305159, 40.7087318], [-73.9305071, 40.7087112], [-73.930502, 40.7086903], [-73.930501, 40.7086812], [-73.9303609, 40.7087177], [-73.9303735, 40.7087393], [-73.9303772, 40.7087475], [-73.9303818, 40.7087578], [-73.9303856, 40.7087745], [-73.9303857, 40.7087823], [-73.9303847, 40.7087898], [-73.9303802, 40.7088028], [-73.9303729, 40.7088159], [-73.9303629, 40.7088285], [-73.9303505, 40.7088401], [-73.9302888, 40.7088857], [-73.9302663, 40.7089049], [-73.9302651, 40.7089061], [-73.9302565, 40.7089165], [-73.9302504, 40.7089279], [-73.9303767, 40.7092223], [-73.930681, 40.709921], [-73.9309984, 40.7106182], [-73.9311584, 40.711001], [-73.9315461, 40.7118554], [-73.9308888, 40.712056], [-73.9308597, 40.7120649], [-73.9308357, 40.7120749], [-73.9308164, 40.7120862], [-73.9308084, 40.7120924], [-73.9308016, 40.7120989], [-73.9307878, 40.7121165], [-73.9307829, 40.7121253], [-73.9307794, 40.7121339], [-73.9307774, 40.7121421], [-73.9307769, 40.7121498], [-73.9307779, 40.712157], [-73.9307789, 40.7121604], [-73.9307804, 40.7121637], [-73.9307902, 40.7121808], [-73.9308008, 40.7121947], [-73.9308126, 40.7122058], [-73.9308189, 40.7122103], [-73.9308256, 40.7122142], [-73.9308337, 40.7122179], [-73.9308468, 40.7122214], [-73.9308553, 40.7122207], [-73.9308641, 40.7122182], [-73.9316103, 40.712038], [-73.9318204, 40.712479], [-73.9318333, 40.7125075], [-73.9318412, 40.7125283], [-73.9318464, 40.7125472], [-73.9318487, 40.7125648], [-73.9318479, 40.7125935], [-73.9318425, 40.7126272], [-73.9318342, 40.7126554], [-73.9318219, 40.7126795], [-73.9318163, 40.7126872], [-73.9318097, 40.7126948], [-73.9317929, 40.71271], [-73.9317723, 40.712725], [-73.9317344, 40.7127493], [-73.9306679, 40.7130213], [-73.9305711, 40.7130511], [-73.9305464, 40.7130557], [-73.9305271, 40.7130616], [-73.9305191, 40.713065], [-73.9305121, 40.7130689], [-73.9305061, 40.7130731], [-73.9305011, 40.7130778], [-73.9304915, 40.7130904], [-73.9304736, 40.71312], [-73.9304642, 40.7131317], [-73.930436, 40.7131561], [-73.9304306, 40.7131615], [-73.9304263, 40.7131668], [-73.9304245, 40.7131696], [-73.9304229, 40.7131726], [-73.9304226, 40.7131916], [-73.9307717, 40.7139295], [-73.9309507, 40.7143638], [-73.9310523, 40.7146102], [-73.9308519, 40.714903], [-73.9299167, 40.7151498], [-73.9299028, 40.715125], [-73.9293141, 40.7152798], [-73.9292717, 40.7153142], [-73.9292537, 40.7153288], [-73.9284388, 40.7155309], [-73.9289024, 40.7165728], [-73.928906, 40.7165964], [-73.928906, 40.716619], [-73.9289025, 40.7166401], [-73.9288955, 40.7166595], [-73.9288844, 40.7166804], [-73.9288707, 40.7167014], [-73.9288545, 40.7167226], [-73.9288357, 40.7167438], [-73.9287906, 40.7167879], [-73.9287681, 40.7168073], [-73.9287453, 40.7168251], [-73.9287111, 40.7168497], [-73.9286773, 40.7168724], [-73.9286437, 40.7168932], [-73.9286101, 40.7169123], [-73.9285758, 40.7169298], [-73.9284891, 40.716971], [-73.9284362, 40.7169988], [-73.9283224, 40.7170625], [-73.9282715, 40.7170897], [-73.9282526, 40.7170986], [-73.9282325, 40.7171065], [-73.9282114, 40.7171132], [-73.9281893, 40.7171189], [-73.9281665, 40.7171233], [-73.9281434, 40.7171265], [-73.9281201, 40.7171284], [-73.9280969, 40.717129], [-73.9259516, 40.7176911], [-73.9259409, 40.7176742], [-73.9251461, 40.7178556], [-73.9249974, 40.7178896], [-73.9249747, 40.7178939], [-73.9249549, 40.7178981], [-73.9249425, 40.7179009], [-73.9249262, 40.7179049], [-73.9249024, 40.7179094], [-73.9248891, 40.7179115], [-73.924863, 40.7179165], [-73.9248373, 40.7179219], [-73.9248221, 40.7179251], [-73.9247946, 40.7179318], [-73.9247717, 40.7179369], [-73.9247508, 40.7179404], [-73.9247291, 40.7179441], [-73.9247123, 40.7179462], [-73.9246936, 40.7179481], [-73.9246759, 40.7179499], [-73.92466, 40.7179514], [-73.9246451, 40.7179531], [-73.9246256, 40.7179538], [-73.9246034, 40.7179533], [-73.9245869, 40.7179507], [-73.9245841, 40.7179502], [-73.9245682, 40.7179449], [-73.9245529, 40.7179391], [-73.924538, 40.7179324], [-73.9245208, 40.7179245], [-73.9245076, 40.7179176], [-73.9244927, 40.7179097], [-73.9244778, 40.717901], [-73.9244606, 40.7178909], [-73.9244506, 40.7178854], [-73.9244292, 40.7178723], [-73.9244088, 40.7178589], [-73.9243902, 40.7178483], [-73.9243693, 40.7178364], [-73.9243507, 40.7178252], [-73.924333, 40.717814], [-73.9243131, 40.7178022], [-73.9242931, 40.7177901], [-73.9242759, 40.7177806], [-73.9242601, 40.7177709], [-73.9242457, 40.7177617], [-73.9242336, 40.7177546], [-73.924222, 40.7177477], [-73.9242057, 40.717737], [-73.9241908, 40.717727], [-73.9241808, 40.7177202], [-73.924166, 40.71771], [-73.9241506, 40.7177], [-73.9241353, 40.7176896], [-73.92412, 40.7176794], [-73.9241028, 40.7176671], [-73.9240842, 40.7176522], [-73.9240665, 40.7176386], [-73.9240483, 40.7176243], [-73.9240304, 40.7176094], [-73.9240146, 40.7175948], [-73.9240012, 40.7175834], [-73.9239891, 40.717572], [-73.9239773, 40.7175599], [-73.9239656, 40.7175464], [-73.9239545, 40.7175336], [-73.9239404, 40.7175208], [-73.9239313, 40.7175141], [-73.9239037, 40.7174956], [-73.9238942, 40.7174891], [-73.9238733, 40.7174745], [-73.9238519, 40.7174608], [-73.9238324, 40.7174485], [-73.9238147, 40.7174366], [-73.9238066, 40.7174315], [-73.9237952, 40.7174236], [-73.9237824, 40.7174146], [-73.9237701, 40.717406], [-73.9237488, 40.7173922], [-73.9237283, 40.7173783], [-73.9237097, 40.7173673], [-73.9236874, 40.7173531], [-73.9236737, 40.717344], [-73.92366, 40.7173355], [-73.9236399, 40.7173207], [-73.923627, 40.7173086], [-73.923615, 40.7172968], [-73.9236016, 40.7172847], [-73.9235879, 40.7172716], [-73.923576, 40.7172584], [-73.9235661, 40.7172453], [-73.9235588, 40.7172348], [-73.9235495, 40.7172206], [-73.9235353, 40.7172046], [-73.9235273, 40.7171952], [-73.923519, 40.717185], [-73.9235105, 40.7171738], [-73.9234961, 40.7171546], [-73.923485, 40.7171422], [-73.9234748, 40.7171308], [-73.9234628, 40.7171176], [-73.9234523, 40.7171059], [-73.92344, 40.7170929], [-73.9234289, 40.717082], [-73.9234186, 40.717069], [-73.9234107, 40.7170569], [-73.9234052, 40.7170445], [-73.9234013, 40.7170321], [-73.923393, 40.7170154], [-73.9233854, 40.7170029], [-73.9233783, 40.7169942], [-73.9233705, 40.7169814], [-73.9233653, 40.7169745], [-73.9233536, 40.7169659], [-73.9232316, 40.7166994], [-73.9231678, 40.7164789], [-73.9231345, 40.7164795], [-73.9231172, 40.7164762], [-73.9231115, 40.7164692], [-73.9231036, 40.7164515], [-73.9230758, 40.7163892], [-73.923055, 40.7163427], [-73.9232604, 40.7162497], [-73.9233124, 40.7162288], [-73.9233348, 40.7162253], [-73.9233663, 40.7162173], [-73.9233858, 40.7162128], [-73.9234049, 40.7161924], [-73.9234317, 40.7161725], [-73.9234714, 40.7161467], [-73.9236115, 40.7161035], [-73.92359, 40.7160281], [-73.9243133, 40.7158471], [-73.9245941, 40.7155344], [-73.9248329, 40.7152829], [-73.9248855, 40.7152672], [-73.9248523, 40.7151986], [-73.9247875, 40.7150756], [-73.9247663, 40.715032], [-73.9247613, 40.7150195], [-73.9247626, 40.7150041], [-73.9247649, 40.7149887], [-73.9247616, 40.714976], [-73.9247298, 40.714938], [-73.9246901, 40.714881], [-73.9246601, 40.7148669], [-73.924615, 40.7148271], [-73.9245557, 40.7147537], [-73.9245258, 40.7146904], [-73.9245123, 40.7146208], [-73.9244822, 40.7145235], [-73.9244315, 40.7143648], [-73.9244191, 40.7143496], [-73.9244145, 40.7143485], [-73.9244091, 40.7143499], [-73.9243903, 40.7143492], [-73.9243672, 40.7143308], [-73.9243475, 40.7143071], [-73.9243378, 40.7142537], [-73.924337, 40.7142016], [-73.9243364, 40.7141401], [-73.9243359, 40.7141226], [-73.9240591, 40.7141116]]]]}}, {"type": "Feature", "properties": {"felt:feature": 69, "ed_label": "AD 53 ED 031", "elect_dist": "53031", "borough": "Brooklyn", "community_board": 1, "community_board_label": "Brooklyn CB1", "popup_title": "Brooklyn CB1 \u2014 AD 53 ED 031", "general_mayor": "ZOHRAN KWAME MAMDANI beat ANDREW M. CUOMO, 555 to 45, 91.4% to 7.4%; total votes 607.", "general_mayor_winner": "Mamdani", "general_public_advocate": "JUMAANE D. WILLIAMS beat GONZALO DURAN, 561 to 19, 96.4% to 3.3%; total votes 582.", "general_public_advocate_winner": "Williams", "general_comptroller": "MARK D. LEVINE beat PETER KEFALAS, 528 to 24, 94.5% to 4.3%; total votes 559.", "general_comptroller_winner": "Levine", "question_1": "Disapprove beat Approve, 344 to 208, 62.3% to 37.7%; total votes 552.", "question_1_winner": "No-disapprove!", "question_2": "Approve beat Disapprove, 359 to 195, 64.8% to 35.2%; total votes 554.", "question_2_winner": "Yes-approve!", "question_3": "Approve beat Disapprove, 323 to 229, 58.5% to 41.5%; total votes 552.", "question_3_winner": "Yes-approve!", "question_4": "Approve beat Disapprove, 333 to 214, 60.9% to 39.1%; total votes 547.", "question_4_winner": "Yes-approve!", "question_5": "Approve beat Disapprove, 487 to 64, 88.4% to 11.6%; total votes 551.", "question_5_winner": "Yes-approve!", "question_6": "Approve beat Disapprove, 277 to 269, 50.7% to 49.3%; total votes 546.", "question_6_winner": "Yes-approve!", "dem_primary_mayor": "Zohran Kwame Mamdani beat Brad Lander, 382 to 24, 89.7% to 5.6%; total votes 426.", "dem_primary_mayor_winner": "Mamdani", "dem_primary_public_advocate": "Jumaane D. Williams beat Jenifer Rajkumar, 322 to 48, 84.1% to 12.5%; total votes 383.", "dem_primary_public_advocate_winner": "Williams", "dem_primary_comptroller": "Justin Brannan beat Mark D. Levine, 238 to 88, 62.6% to 23.2%; total votes 380.", "dem_primary_comptroller_winner": "Brannan", "popup_summary": "Mayor: ZOHRAN KWAME MAMDANI beat ANDREW M. CUOMO, 555 to 45, 91.4% to 7.4%; total votes 607. | Public Advocate: JUMAANE D. WILLIAMS beat GONZALO DURAN, 561 to 19, 96.4% to 3.3%; total votes 582. | City Comptroller: MARK D. LEVINE beat PETER KEFALAS, 528 to 24, 94.5% to 4.3%; total votes 559. | Question 1: Disapprove beat Approve, 344 to 208, 62.3% to 37.7%; total votes 552. | Question 2: Approve beat Disapprove, 359 to 195, 64.8% to 35.2%; total votes 554. | Question 3: Approve beat Disapprove, 323 to 229, 58.5% to 41.5%; total votes 552. | Question 4: Approve beat Disapprove, 333 to 214, 60.9% to 39.1%; total votes 547. | Question 5: Approve beat Disapprove, 487 to 64, 88.4% to 11.6%; total votes 551. | Question 6: Approve beat Disapprove, 277 to 269, 50.7% to 49.3%; total votes 546. | Dem Primary Mayor: Zohran Kwame Mamdani beat Brad Lander, 382 to 24, 89.7% to 5.6%; total votes 426. | Dem Primary Public Advocate: Jumaane D. Williams beat Jenifer Rajkumar, 322 to 48, 84.1% to 12.5%; total votes 383. | Dem Primary Comptroller: Justin Brannan beat Mark D. Levine, 238 to 88, 62.6% to 23.2%; total votes 380.", "mayor_margin": 84.0, "q2_yes": 64.8, "q3_yes": 58.5, "q4_yes": 60.9}, "geometry": {"type": "MultiPolygon", "coordinates": [[[[-73.9281083, 40.704953], [-73.9287377, 40.704717], [-73.9297999, 40.7043045], [-73.9302369, 40.7041311], [-73.9311553, 40.7037723], [-73.9317287, 40.703546], [-73.9326978, 40.7031704], [-73.9335226, 40.702849], [-73.9339509, 40.7026746], [-73.9342301, 40.7033044], [-73.934562, 40.7032433], [-73.9347927, 40.7039348], [-73.9350217, 40.7046262], [-73.9352499, 40.7053183], [-73.9354802, 40.706011], [-73.9356693, 40.706585], [-73.9357088, 40.7067038], [-73.9358971, 40.7072825], [-73.9339187, 40.707487], [-73.9322971, 40.7077494], [-73.9320728, 40.7077858], [-73.9290257, 40.7082768], [-73.9288375, 40.7075777], [-73.928643, 40.7068792], [-73.9284494, 40.7061814], [-73.9282547, 40.7054814], [-73.9281083, 40.704953]]]]}}, {"type": "Feature", "properties": {"felt:feature": 70, "ed_label": "AD 53 ED 032", "elect_dist": "53032", "borough": "Brooklyn", "community_board": 1, "community_board_label": "Brooklyn CB1", "popup_title": "Brooklyn CB1 \u2014 AD 53 ED 032", "general_mayor": "ZOHRAN KWAME MAMDANI beat ANDREW M. CUOMO, 375 to 105, 73.7% to 20.6%; total votes 509.", "general_mayor_winner": "Mamdani", "general_public_advocate": "JUMAANE D. WILLIAMS beat GONZALO DURAN, 422 to 39, 89.0% to 8.2%; total votes 474.", "general_public_advocate_winner": "Williams", "general_comptroller": "MARK D. LEVINE beat PETER KEFALAS, 405 to 31, 89.0% to 6.8%; total votes 455.", "general_comptroller_winner": "Levine", "question_1": "Approve beat Disapprove, 229 to 226, 50.3% to 49.7%; total votes 455.", "question_1_winner": "Yes-approve!", "question_2": "Approve beat Disapprove, 340 to 127, 72.8% to 27.2%; total votes 467.", "question_2_winner": "Yes-approve!", "question_3": "Approve beat Disapprove, 296 to 164, 64.3% to 35.7%; total votes 460.", "question_3_winner": "Yes-approve!", "question_4": "Approve beat Disapprove, 308 to 138, 69.1% to 30.9%; total votes 446.", "question_4_winner": "Yes-approve!", "question_5": "Approve beat Disapprove, 392 to 54, 87.9% to 12.1%; total votes 446.", "question_5_winner": "Yes-approve!", "question_6": "Approve beat Disapprove, 233 to 214, 52.1% to 47.9%; total votes 447.", "question_6_winner": "Yes-approve!", "dem_primary_mayor": "Zohran Kwame Mamdani beat Andrew M. Cuomo, 241 to 57, 73.0% to 17.3%; total votes 330.", "dem_primary_mayor_winner": "Mamdani", "dem_primary_public_advocate": "Jumaane D. Williams beat Jenifer Rajkumar, 225 to 41, 76.5% to 13.9%; total votes 294.", "dem_primary_public_advocate_winner": "Williams", "dem_primary_comptroller": "Justin Brannan beat Mark D. Levine, 134 to 91, 47.2% to 32.0%; total votes 284.", "dem_primary_comptroller_winner": "Brannan", "popup_summary": "Mayor: ZOHRAN KWAME MAMDANI beat ANDREW M. CUOMO, 375 to 105, 73.7% to 20.6%; total votes 509. | Public Advocate: JUMAANE D. WILLIAMS beat GONZALO DURAN, 422 to 39, 89.0% to 8.2%; total votes 474. | City Comptroller: MARK D. LEVINE beat PETER KEFALAS, 405 to 31, 89.0% to 6.8%; total votes 455. | Question 1: Approve beat Disapprove, 229 to 226, 50.3% to 49.7%; total votes 455. | Question 2: Approve beat Disapprove, 340 to 127, 72.8% to 27.2%; total votes 467. | Question 3: Approve beat Disapprove, 296 to 164, 64.3% to 35.7%; total votes 460. | Question 4: Approve beat Disapprove, 308 to 138, 69.1% to 30.9%; total votes 446. | Question 5: Approve beat Disapprove, 392 to 54, 87.9% to 12.1%; total votes 446. | Question 6: Approve beat Disapprove, 233 to 214, 52.1% to 47.9%; total votes 447. | Dem Primary Mayor: Zohran Kwame Mamdani beat Andrew M. Cuomo, 241 to 57, 73.0% to 17.3%; total votes 330. | Dem Primary Public Advocate: Jumaane D. Williams beat Jenifer Rajkumar, 225 to 41, 76.5% to 13.9%; total votes 294. | Dem Primary Comptroller: Justin Brannan beat Mark D. Levine, 134 to 91, 47.2% to 32.0%; total votes 284.", "mayor_margin": 53.1, "q2_yes": 72.8, "q3_yes": 64.3, "q4_yes": 69.1}, "geometry": {"type": "MultiPolygon", "coordinates": [[[[-73.9339509, 40.7026746], [-73.9353365, 40.7023148], [-73.9369807, 40.7019103], [-73.9371433, 40.7022962], [-73.9372632, 40.7025829], [-73.937318, 40.7027137], [-73.9376313, 40.7033735], [-73.9377836, 40.7035246], [-73.9379458, 40.7036202], [-73.9384096, 40.7039001], [-73.938488, 40.7039546], [-73.938599, 40.7040666], [-73.9388139, 40.7042632], [-73.9391271, 40.7045659], [-73.9393124, 40.7048147], [-73.9397568, 40.7047685], [-73.9403147, 40.7047105], [-73.9403891, 40.7047028], [-73.9406193, 40.7046789], [-73.9406622, 40.704934], [-73.9397973, 40.7050163], [-73.9398305, 40.7052192], [-73.9398704, 40.7054634], [-73.9399097, 40.7057515], [-73.9399671, 40.706173], [-73.9395975, 40.7062104], [-73.9390374, 40.7062656], [-73.9356693, 40.706585], [-73.9354802, 40.706011], [-73.9352499, 40.7053183], [-73.9350217, 40.7046262], [-73.9347927, 40.7039348], [-73.934562, 40.7032433], [-73.9342301, 40.7033044], [-73.9339509, 40.7026746]]]]}}, {"type": "Feature", "properties": {"felt:feature": 71, "ed_label": "AD 53 ED 033", "elect_dist": "53033", "borough": "Brooklyn", "community_board": 1, "community_board_label": "Brooklyn CB1", "popup_title": "Brooklyn CB1 \u2014 AD 53 ED 033", "general_mayor": "ZOHRAN KWAME MAMDANI beat ANDREW M. CUOMO, 144 to 109, 53.9% to 40.8%; total votes 267.", "general_mayor_winner": "Mamdani", "general_public_advocate": "JUMAANE D. WILLIAMS beat GONZALO DURAN, 212 to 16, 91.4% to 6.9%; total votes 232.", "general_public_advocate_winner": "Williams", "general_comptroller": "MARK D. LEVINE beat PETER KEFALAS, 197 to 13, 88.7% to 5.9%; total votes 222.", "general_comptroller_winner": "Levine", "question_1": "Approve beat Disapprove, 117 to 92, 56.0% to 44.0%; total votes 209.", "question_1_winner": "Yes-approve!", "question_2": "Approve beat Disapprove, 184 to 40, 82.1% to 17.9%; total votes 224.", "question_2_winner": "Yes-approve!", "question_3": "Approve beat Disapprove, 165 to 52, 76.0% to 24.0%; total votes 217.", "question_3_winner": "Yes-approve!", "question_4": "Approve beat Disapprove, 182 to 43, 80.9% to 19.1%; total votes 225.", "question_4_winner": "Yes-approve!", "question_5": "Approve beat Disapprove, 160 to 61, 72.4% to 27.6%; total votes 221.", "question_5_winner": "Yes-approve!", "question_6": "Disapprove beat Approve, 109 to 106, 50.7% to 49.3%; total votes 215.", "question_6_winner": "No-disapprove!", "dem_primary_mayor": "Andrew M. Cuomo beat Zohran Kwame Mamdani, 63 to 37, 56.2% to 33.0%; total votes 112.", "dem_primary_mayor_winner": "Cuomo", "dem_primary_public_advocate": "Jumaane D. Williams beat Jenifer Rajkumar, 77 to 13, 74.8% to 12.6%; total votes 103.", "dem_primary_public_advocate_winner": "Williams", "dem_primary_comptroller": "Mark D. Levine beat Ismael Malave Perez, 44 to 23, 45.4% to 23.7%; total votes 97.", "dem_primary_comptroller_winner": "Levine", "popup_summary": "Mayor: ZOHRAN KWAME MAMDANI beat ANDREW M. CUOMO, 144 to 109, 53.9% to 40.8%; total votes 267. | Public Advocate: JUMAANE D. WILLIAMS beat GONZALO DURAN, 212 to 16, 91.4% to 6.9%; total votes 232. | City Comptroller: MARK D. LEVINE beat PETER KEFALAS, 197 to 13, 88.7% to 5.9%; total votes 222. | Question 1: Approve beat Disapprove, 117 to 92, 56.0% to 44.0%; total votes 209. | Question 2: Approve beat Disapprove, 184 to 40, 82.1% to 17.9%; total votes 224. | Question 3: Approve beat Disapprove, 165 to 52, 76.0% to 24.0%; total votes 217. | Question 4: Approve beat Disapprove, 182 to 43, 80.9% to 19.1%; total votes 225. | Question 5: Approve beat Disapprove, 160 to 61, 72.4% to 27.6%; total votes 221. | Question 6: Disapprove beat Approve, 109 to 106, 50.7% to 49.3%; total votes 215. | Dem Primary Mayor: Andrew M. Cuomo beat Zohran Kwame Mamdani, 63 to 37, 56.2% to 33.0%; total votes 112. | Dem Primary Public Advocate: Jumaane D. Williams beat Jenifer Rajkumar, 77 to 13, 74.8% to 12.6%; total votes 103. | Dem Primary Comptroller: Mark D. Levine beat Ismael Malave Perez, 44 to 23, 45.4% to 23.7%; total votes 97.", "mayor_margin": 13.1, "q2_yes": 82.1, "q3_yes": 76.0, "q4_yes": 80.9}, "geometry": {"type": "MultiPolygon", "coordinates": [[[[-73.9376549, 40.7017323], [-73.9381159, 40.7016107], [-73.9382714, 40.7015696], [-73.9383652, 40.7015449], [-73.9388686, 40.7014277], [-73.9395101, 40.7012798], [-73.939825, 40.7012088], [-73.9400171, 40.7011661], [-73.9402056, 40.7011243], [-73.9404206, 40.7010766], [-73.9405446, 40.701798], [-73.940599, 40.702128], [-73.94062, 40.7022555], [-73.9406758, 40.7025919], [-73.9405987, 40.7027897], [-73.9400878, 40.7028412], [-73.9400877, 40.7028237], [-73.9399658, 40.7028717], [-73.9396964, 40.7028473], [-73.9395028, 40.7028095], [-73.939301, 40.702742], [-73.9392063, 40.7026934], [-73.9390367, 40.7026418], [-73.939034, 40.7026794], [-73.9388773, 40.702786], [-73.9385284, 40.7028485], [-73.9383526, 40.7027398], [-73.9379474, 40.7023551], [-73.9378853, 40.7022678], [-73.9378759, 40.7022123], [-73.9378031, 40.7021268], [-73.9377427, 40.7019781], [-73.9376549, 40.7017323]]]]}}, {"type": "Feature", "properties": {"felt:feature": 72, "ed_label": "AD 53 ED 034", "elect_dist": "53034", "borough": "Brooklyn", "community_board": 1, "community_board_label": "Brooklyn CB1", "popup_title": "Brooklyn CB1 \u2014 AD 53 ED 034", "general_mayor": "ZOHRAN KWAME MAMDANI beat ANDREW M. CUOMO, 98 to 89, 48.0% to 43.6%; total votes 204.", "general_mayor_winner": "Mamdani", "general_public_advocate": "JUMAANE D. WILLIAMS beat GONZALO DURAN, 140 to 17, 88.0% to 10.7%; total votes 159.", "general_public_advocate_winner": "Williams", "general_comptroller": "MARK D. LEVINE beat PETER KEFALAS, 120 to 16, 83.9% to 11.2%; total votes 143.", "general_comptroller_winner": "Levine", "question_1": "Disapprove beat Approve, 77 to 74, 51.0% to 49.0%; total votes 151.", "question_1_winner": "No-disapprove!", "question_2": "Approve beat Disapprove, 134 to 27, 83.2% to 16.8%; total votes 161.", "question_2_winner": "Yes-approve!", "question_3": "Approve beat Disapprove, 111 to 43, 72.1% to 27.9%; total votes 154.", "question_3_winner": "Yes-approve!", "question_4": "Approve beat Disapprove, 124 to 30, 80.5% to 19.5%; total votes 154.", "question_4_winner": "Yes-approve!", "question_5": "Approve beat Disapprove, 97 to 63, 60.6% to 39.4%; total votes 160.", "question_5_winner": "Yes-approve!", "question_6": "Disapprove beat Approve, 90 to 70, 56.2% to 43.8%; total votes 160.", "question_6_winner": "No-disapprove!", "dem_primary_mayor": "Andrew M. Cuomo beat Zohran Kwame Mamdani, 52 to 18, 70.3% to 24.3%; total votes 74.", "dem_primary_mayor_winner": "Cuomo", "dem_primary_public_advocate": "Jumaane D. Williams beat Jenifer Rajkumar, 46 to 10, 74.2% to 16.1%; total votes 62.", "dem_primary_public_advocate_winner": "Williams", "dem_primary_comptroller": "Mark D. Levine beat Ismael Malave Perez, 26 to 14, 44.8% to 24.1%; total votes 58.", "dem_primary_comptroller_winner": "Levine", "popup_summary": "Mayor: ZOHRAN KWAME MAMDANI beat ANDREW M. CUOMO, 98 to 89, 48.0% to 43.6%; total votes 204. | Public Advocate: JUMAANE D. WILLIAMS beat GONZALO DURAN, 140 to 17, 88.0% to 10.7%; total votes 159. | City Comptroller: MARK D. LEVINE beat PETER KEFALAS, 120 to 16, 83.9% to 11.2%; total votes 143. | Question 1: Disapprove beat Approve, 77 to 74, 51.0% to 49.0%; total votes 151. | Question 2: Approve beat Disapprove, 134 to 27, 83.2% to 16.8%; total votes 161. | Question 3: Approve beat Disapprove, 111 to 43, 72.1% to 27.9%; total votes 154. | Question 4: Approve beat Disapprove, 124 to 30, 80.5% to 19.5%; total votes 154. | Question 5: Approve beat Disapprove, 97 to 63, 60.6% to 39.4%; total votes 160. | Question 6: Disapprove beat Approve, 90 to 70, 56.2% to 43.8%; total votes 160. | Dem Primary Mayor: Andrew M. Cuomo beat Zohran Kwame Mamdani, 52 to 18, 70.3% to 24.3%; total votes 74. | Dem Primary Public Advocate: Jumaane D. Williams beat Jenifer Rajkumar, 46 to 10, 74.2% to 16.1%; total votes 62. | Dem Primary Comptroller: Mark D. Levine beat Ismael Malave Perez, 26 to 14, 44.8% to 24.1%; total votes 58.", "mayor_margin": 4.4, "q2_yes": 83.2, "q3_yes": 72.1, "q4_yes": 80.5}, "geometry": {"type": "MultiPolygon", "coordinates": [[[[-73.9369807, 40.7019103], [-73.9372906, 40.7018284], [-73.937379, 40.7018051], [-73.937529, 40.7017656], [-73.9376549, 40.7017323], [-73.9377427, 40.7019781], [-73.9378031, 40.7021268], [-73.9378759, 40.7022123], [-73.9378853, 40.7022678], [-73.9379474, 40.7023551], [-73.9383526, 40.7027398], [-73.9385284, 40.7028485], [-73.9388773, 40.702786], [-73.939034, 40.7026794], [-73.9390367, 40.7026418], [-73.9392063, 40.7026934], [-73.939301, 40.702742], [-73.9395028, 40.7028095], [-73.9396964, 40.7028473], [-73.9399658, 40.7028717], [-73.9389803, 40.7033062], [-73.9388979, 40.7040465], [-73.938599, 40.7040666], [-73.938488, 40.7039546], [-73.9384096, 40.7039001], [-73.9379458, 40.7036202], [-73.9377836, 40.7035246], [-73.9376313, 40.7033735], [-73.937318, 40.7027137], [-73.9372632, 40.7025829], [-73.9371433, 40.7022962], [-73.9369807, 40.7019103]]]]}}, {"type": "Feature", "properties": {"felt:feature": 73, "ed_label": "AD 53 ED 035", "elect_dist": "53035", "borough": "Brooklyn", "community_board": 1, "community_board_label": "Brooklyn CB1", "popup_title": "Brooklyn CB1 \u2014 AD 53 ED 035", "general_mayor": "ZOHRAN KWAME MAMDANI beat ANDREW M. CUOMO, 269 to 95, 71.4% to 25.2%; total votes 377.", "general_mayor_winner": "Mamdani", "general_public_advocate": "JUMAANE D. WILLIAMS beat GONZALO DURAN, 328 to 21, 93.4% to 6.0%; total votes 351.", "general_public_advocate_winner": "Williams", "general_comptroller": "MARK D. LEVINE beat PETER KEFALAS, 310 to 19, 91.7% to 5.6%; total votes 338.", "general_comptroller_winner": "Levine", "question_1": "Disapprove beat Approve, 178 to 156, 53.3% to 46.7%; total votes 334.", "question_1_winner": "No-disapprove!", "question_2": "Approve beat Disapprove, 263 to 83, 76.0% to 24.0%; total votes 346.", "question_2_winner": "Yes-approve!", "question_3": "Approve beat Disapprove, 227 to 112, 67.0% to 33.0%; total votes 339.", "question_3_winner": "Yes-approve!", "question_4": "Approve beat Disapprove, 242 to 100, 70.8% to 29.2%; total votes 342.", "question_4_winner": "Yes-approve!", "question_5": "Approve beat Disapprove, 285 to 59, 82.8% to 17.2%; total votes 344.", "question_5_winner": "Yes-approve!", "question_6": "Disapprove beat Approve, 172 to 169, 50.4% to 49.6%; total votes 341.", "question_6_winner": "No-disapprove!", "dem_primary_mayor": "Zohran Kwame Mamdani beat Andrew M. Cuomo, 149 to 59, 65.6% to 26.0%; total votes 227.", "dem_primary_mayor_winner": "Mamdani", "dem_primary_public_advocate": "Jumaane D. Williams beat Jenifer Rajkumar, 169 to 22, 84.1% to 10.9%; total votes 201.", "dem_primary_public_advocate_winner": "Williams", "dem_primary_comptroller": "Justin Brannan beat Mark D. Levine, 101 to 65, 50.5% to 32.5%; total votes 200.", "dem_primary_comptroller_winner": "Brannan", "popup_summary": "Mayor: ZOHRAN KWAME MAMDANI beat ANDREW M. CUOMO, 269 to 95, 71.4% to 25.2%; total votes 377. | Public Advocate: JUMAANE D. WILLIAMS beat GONZALO DURAN, 328 to 21, 93.4% to 6.0%; total votes 351. | City Comptroller: MARK D. LEVINE beat PETER KEFALAS, 310 to 19, 91.7% to 5.6%; total votes 338. | Question 1: Disapprove beat Approve, 178 to 156, 53.3% to 46.7%; total votes 334. | Question 2: Approve beat Disapprove, 263 to 83, 76.0% to 24.0%; total votes 346. | Question 3: Approve beat Disapprove, 227 to 112, 67.0% to 33.0%; total votes 339. | Question 4: Approve beat Disapprove, 242 to 100, 70.8% to 29.2%; total votes 342. | Question 5: Approve beat Disapprove, 285 to 59, 82.8% to 17.2%; total votes 344. | Question 6: Disapprove beat Approve, 172 to 169, 50.4% to 49.6%; total votes 341. | Dem Primary Mayor: Zohran Kwame Mamdani beat Andrew M. Cuomo, 149 to 59, 65.6% to 26.0%; total votes 227. | Dem Primary Public Advocate: Jumaane D. Williams beat Jenifer Rajkumar, 169 to 22, 84.1% to 10.9%; total votes 201. | Dem Primary Comptroller: Justin Brannan beat Mark D. Levine, 101 to 65, 50.5% to 32.5%; total votes 200.", "mayor_margin": 46.2, "q2_yes": 76.0, "q3_yes": 67.0, "q4_yes": 70.8}, "geometry": {"type": "MultiPolygon", "coordinates": [[[[-73.938599, 40.7040666], [-73.9388979, 40.7040465], [-73.9389803, 40.7033062], [-73.9399658, 40.7028717], [-73.9400877, 40.7028237], [-73.9400878, 40.7028412], [-73.9405987, 40.7027897], [-73.9406758, 40.7025919], [-73.9407648, 40.703134], [-73.9407794, 40.7032225], [-73.9424947, 40.7030535], [-73.9426148, 40.7037636], [-73.9427345, 40.7044733], [-73.9422115, 40.7045233], [-73.9421432, 40.7045298], [-73.9417697, 40.7045655], [-73.9416804, 40.704574], [-73.9410301, 40.7046362], [-73.9406193, 40.7046789], [-73.9403891, 40.7047028], [-73.9403147, 40.7047105], [-73.9397568, 40.7047685], [-73.9393124, 40.7048147], [-73.9391271, 40.7045659], [-73.9388139, 40.7042632], [-73.938599, 40.7040666]]]]}}, {"type": "Feature", "properties": {"felt:feature": 74, "ed_label": "AD 53 ED 036", "elect_dist": "53036", "borough": "Brooklyn", "community_board": 1, "community_board_label": "Brooklyn CB1", "popup_title": "Brooklyn CB1 \u2014 AD 53 ED 036", "general_mayor": "ZOHRAN KWAME MAMDANI beat ANDREW M. CUOMO, 455 to 126, 74.2% to 20.6%; total votes 613.", "general_mayor_winner": "Mamdani", "general_public_advocate": "JUMAANE D. WILLIAMS beat GONZALO DURAN, 510 to 51, 90.7% to 9.1%; total votes 562.", "general_public_advocate_winner": "Williams", "general_comptroller": "MARK D. LEVINE beat PETER KEFALAS, 473 to 44, 88.4% to 8.2%; total votes 535.", "general_comptroller_winner": "Levine", "question_1": "Disapprove beat Approve, 298 to 246, 54.8% to 45.2%; total votes 544.", "question_1_winner": "No-disapprove!", "question_2": "Approve beat Disapprove, 401 to 157, 71.9% to 28.1%; total votes 558.", "question_2_winner": "Yes-approve!", "question_3": "Approve beat Disapprove, 362 to 183, 66.4% to 33.6%; total votes 545.", "question_3_winner": "Yes-approve!", "question_4": "Approve beat Disapprove, 370 to 172, 68.3% to 31.7%; total votes 542.", "question_4_winner": "Yes-approve!", "question_5": "Approve beat Disapprove, 457 to 85, 84.3% to 15.7%; total votes 542.", "question_5_winner": "Yes-approve!", "question_6": "Approve beat Disapprove, 296 to 244, 54.8% to 45.2%; total votes 540.", "question_6_winner": "Yes-approve!", "dem_primary_mayor": "Zohran Kwame Mamdani beat Andrew M. Cuomo, 280 to 77, 73.1% to 20.1%; total votes 383.", "dem_primary_mayor_winner": "Mamdani", "dem_primary_public_advocate": "Jumaane D. Williams beat Jenifer Rajkumar, 274 to 45, 80.1% to 13.2%; total votes 342.", "dem_primary_public_advocate_winner": "Williams", "dem_primary_comptroller": "Justin Brannan beat Mark D. Levine, 184 to 95, 51.8% to 26.8%; total votes 355.", "dem_primary_comptroller_winner": "Brannan", "popup_summary": "Mayor: ZOHRAN KWAME MAMDANI beat ANDREW M. CUOMO, 455 to 126, 74.2% to 20.6%; total votes 613. | Public Advocate: JUMAANE D. WILLIAMS beat GONZALO DURAN, 510 to 51, 90.7% to 9.1%; total votes 562. | City Comptroller: MARK D. LEVINE beat PETER KEFALAS, 473 to 44, 88.4% to 8.2%; total votes 535. | Question 1: Disapprove beat Approve, 298 to 246, 54.8% to 45.2%; total votes 544. | Question 2: Approve beat Disapprove, 401 to 157, 71.9% to 28.1%; total votes 558. | Question 3: Approve beat Disapprove, 362 to 183, 66.4% to 33.6%; total votes 545. | Question 4: Approve beat Disapprove, 370 to 172, 68.3% to 31.7%; total votes 542. | Question 5: Approve beat Disapprove, 457 to 85, 84.3% to 15.7%; total votes 542. | Question 6: Approve beat Disapprove, 296 to 244, 54.8% to 45.2%; total votes 540. | Dem Primary Mayor: Zohran Kwame Mamdani beat Andrew M. Cuomo, 280 to 77, 73.1% to 20.1%; total votes 383. | Dem Primary Public Advocate: Jumaane D. Williams beat Jenifer Rajkumar, 274 to 45, 80.1% to 13.2%; total votes 342. | Dem Primary Comptroller: Justin Brannan beat Mark D. Levine, 184 to 95, 51.8% to 26.8%; total votes 355.", "mayor_margin": 53.6, "q2_yes": 71.9, "q3_yes": 66.4, "q4_yes": 68.3}, "geometry": {"type": "MultiPolygon", "coordinates": [[[[-73.9427345, 40.7044733], [-73.9426148, 40.7037636], [-73.9424947, 40.7030535], [-73.9407794, 40.7032225], [-73.9407648, 40.703134], [-73.9406758, 40.7025919], [-73.94062, 40.7022555], [-73.940599, 40.702128], [-73.9405446, 40.701798], [-73.9404206, 40.7010766], [-73.9419308, 40.7007252], [-73.9422006, 40.7008907], [-73.942334, 40.7009731], [-73.9430641, 40.7014244], [-73.9432269, 40.7015207], [-73.9438247, 40.701862], [-73.944005, 40.7019618], [-73.9443146, 40.7021333], [-73.9446391, 40.7023137], [-73.9454499, 40.7027606], [-73.945855, 40.7029872], [-73.9462511, 40.7032087], [-73.9459091, 40.7034215], [-73.9443315, 40.703588], [-73.944375, 40.7038522], [-73.94439, 40.7039436], [-73.9444182, 40.7041148], [-73.9444502, 40.7043091], [-73.9445675, 40.7050206], [-73.9428501, 40.705182], [-73.9427345, 40.7044733]]]]}}, {"type": "Feature", "properties": {"felt:feature": 75, "ed_label": "AD 53 ED 037", "elect_dist": "53037", "borough": "Brooklyn", "community_board": 1, "community_board_label": "Brooklyn CB1", "popup_title": "Brooklyn CB1 \u2014 AD 53 ED 037", "general_mayor": "ANDREW M. CUOMO beat ZOHRAN KWAME MAMDANI, 501 to 175, 71.0% to 24.8%; total votes 706.", "general_mayor_winner": "Cuomo", "general_public_advocate": "JUMAANE D. WILLIAMS beat GONZALO DURAN, 302 to 183, 60.2% to 36.5%; total votes 502.", "general_public_advocate_winner": "Williams", "general_comptroller": "MARK D. LEVINE beat PETER KEFALAS, 353 to 157, 67.9% to 30.2%; total votes 520.", "general_comptroller_winner": "Levine", "question_1": "Disapprove beat Approve, 273 to 171, 61.5% to 38.5%; total votes 444.", "question_1_winner": "No-disapprove!", "question_2": "Approve beat Disapprove, 301 to 172, 63.6% to 36.4%; total votes 473.", "question_2_winner": "Yes-approve!", "question_3": "Approve beat Disapprove, 257 to 188, 57.8% to 42.2%; total votes 445.", "question_3_winner": "Yes-approve!", "question_4": "Approve beat Disapprove, 240 to 203, 54.2% to 45.8%; total votes 443.", "question_4_winner": "Yes-approve!", "question_5": "Approve beat Disapprove, 280 to 168, 62.5% to 37.5%; total votes 448.", "question_5_winner": "Yes-approve!", "question_6": "Disapprove beat Approve, 240 to 207, 53.7% to 46.3%; total votes 447.", "question_6_winner": "No-disapprove!", "dem_primary_mayor": "Andrew M. Cuomo beat Zohran Kwame Mamdani, 263 to 83, 68.5% to 21.6%; total votes 384.", "dem_primary_mayor_winner": "Cuomo", "dem_primary_public_advocate": "Jumaane D. Williams beat Marty Dolan, 129 to 25, 69.0% to 13.4%; total votes 187.", "dem_primary_public_advocate_winner": "Williams", "dem_primary_comptroller": "Justin Brannan beat Mark D. Levine, 233 to 89, 64.9% to 24.8%; total votes 359.", "dem_primary_comptroller_winner": "Brannan", "popup_summary": "Mayor: ANDREW M. CUOMO beat ZOHRAN KWAME MAMDANI, 501 to 175, 71.0% to 24.8%; total votes 706. | Public Advocate: JUMAANE D. WILLIAMS beat GONZALO DURAN, 302 to 183, 60.2% to 36.5%; total votes 502. | City Comptroller: MARK D. LEVINE beat PETER KEFALAS, 353 to 157, 67.9% to 30.2%; total votes 520. | Question 1: Disapprove beat Approve, 273 to 171, 61.5% to 38.5%; total votes 444. | Question 2: Approve beat Disapprove, 301 to 172, 63.6% to 36.4%; total votes 473. | Question 3: Approve beat Disapprove, 257 to 188, 57.8% to 42.2%; total votes 445. | Question 4: Approve beat Disapprove, 240 to 203, 54.2% to 45.8%; total votes 443. | Question 5: Approve beat Disapprove, 280 to 168, 62.5% to 37.5%; total votes 448. | Question 6: Disapprove beat Approve, 240 to 207, 53.7% to 46.3%; total votes 447. | Dem Primary Mayor: Andrew M. Cuomo beat Zohran Kwame Mamdani, 263 to 83, 68.5% to 21.6%; total votes 384. | Dem Primary Public Advocate: Jumaane D. Williams beat Marty Dolan, 129 to 25, 69.0% to 13.4%; total votes 187. | Dem Primary Comptroller: Justin Brannan beat Mark D. Levine, 233 to 89, 64.9% to 24.8%; total votes 359.", "mayor_margin": 46.2, "q2_yes": 63.6, "q3_yes": 57.8, "q4_yes": 54.2}, "geometry": {"type": "MultiPolygon", "coordinates": [[[[-73.9462511, 40.7032087], [-73.945855, 40.7029872], [-73.9454499, 40.7027606], [-73.9446391, 40.7023137], [-73.9443146, 40.7021333], [-73.944005, 40.7019618], [-73.9438247, 40.701862], [-73.9432269, 40.7015207], [-73.9430641, 40.7014244], [-73.942334, 40.7009731], [-73.9422006, 40.7008907], [-73.9419308, 40.7007252], [-73.9437235, 40.7005058], [-73.9443879, 40.7004245], [-73.9446177, 40.7004053], [-73.9463156, 40.700215], [-73.9471276, 40.7001228], [-73.9472481, 40.7001049], [-73.9481323, 40.7000063], [-73.9497938, 40.6998233], [-73.9500909, 40.6997906], [-73.9501364, 40.6999154], [-73.9506567, 40.700347], [-73.9507561, 40.7004447], [-73.9512882, 40.7009224], [-73.9516115, 40.7012115], [-73.9519202, 40.7014875], [-73.950251, 40.7025696], [-73.9500131, 40.7027258], [-73.9502475, 40.7029403], [-73.9502258, 40.7035562], [-73.9487916, 40.7044832], [-73.9492534, 40.7048959], [-73.948665, 40.7045651], [-73.9485496, 40.7045004], [-73.9481407, 40.7042713], [-73.9478537, 40.7041114], [-73.9470521, 40.7036639], [-73.9462511, 40.7032087]]]]}}, {"type": "Feature", "properties": {"felt:feature": 76, "ed_label": "AD 53 ED 038", "elect_dist": "53038", "borough": "Brooklyn", "community_board": 1, "community_board_label": "Brooklyn CB1", "popup_title": "Brooklyn CB1 \u2014 AD 53 ED 038", "general_mayor": "ZOHRAN KWAME MAMDANI beat ANDREW M. CUOMO, 280 to 222, 52.2% to 41.4%; total votes 536.", "general_mayor_winner": "Mamdani", "general_public_advocate": "JUMAANE D. WILLIAMS beat GONZALO DURAN, 375 to 86, 80.0% to 18.3%; total votes 469.", "general_public_advocate_winner": "Williams", "general_comptroller": "MARK D. LEVINE beat PETER KEFALAS, 357 to 76, 78.5% to 16.7%; total votes 455.", "general_comptroller_winner": "Levine", "question_1": "Disapprove beat Approve, 248 to 181, 57.8% to 42.2%; total votes 429.", "question_1_winner": "No-disapprove!", "question_2": "Approve beat Disapprove, 311 to 131, 70.4% to 29.6%; total votes 442.", "question_2_winner": "Yes-approve!", "question_3": "Approve beat Disapprove, 275 to 160, 63.2% to 36.8%; total votes 435.", "question_3_winner": "Yes-approve!", "question_4": "Approve beat Disapprove, 291 to 142, 67.2% to 32.8%; total votes 433.", "question_4_winner": "Yes-approve!", "question_5": "Approve beat Disapprove, 327 to 106, 75.5% to 24.5%; total votes 433.", "question_5_winner": "Yes-approve!", "question_6": "Disapprove beat Approve, 237 to 193, 55.1% to 44.9%; total votes 430.", "question_6_winner": "No-disapprove!", "dem_primary_mayor": "Zohran Kwame Mamdani beat Andrew M. Cuomo, 134 to 108, 48.2% to 38.8%; total votes 278.", "dem_primary_mayor_winner": "Mamdani", "dem_primary_public_advocate": "Jumaane D. Williams beat Jenifer Rajkumar, 179 to 38, 74.9% to 15.9%; total votes 239.", "dem_primary_public_advocate_winner": "Williams", "dem_primary_comptroller": "Mark D. Levine beat Justin Brannan, 119 to 95, 46.1% to 36.8%; total votes 258.", "dem_primary_comptroller_winner": "Levine", "popup_summary": "Mayor: ZOHRAN KWAME MAMDANI beat ANDREW M. CUOMO, 280 to 222, 52.2% to 41.4%; total votes 536. | Public Advocate: JUMAANE D. WILLIAMS beat GONZALO DURAN, 375 to 86, 80.0% to 18.3%; total votes 469. | City Comptroller: MARK D. LEVINE beat PETER KEFALAS, 357 to 76, 78.5% to 16.7%; total votes 455. | Question 1: Disapprove beat Approve, 248 to 181, 57.8% to 42.2%; total votes 429. | Question 2: Approve beat Disapprove, 311 to 131, 70.4% to 29.6%; total votes 442. | Question 3: Approve beat Disapprove, 275 to 160, 63.2% to 36.8%; total votes 435. | Question 4: Approve beat Disapprove, 291 to 142, 67.2% to 32.8%; total votes 433. | Question 5: Approve beat Disapprove, 327 to 106, 75.5% to 24.5%; total votes 433. | Question 6: Disapprove beat Approve, 237 to 193, 55.1% to 44.9%; total votes 430. | Dem Primary Mayor: Zohran Kwame Mamdani beat Andrew M. Cuomo, 134 to 108, 48.2% to 38.8%; total votes 278. | Dem Primary Public Advocate: Jumaane D. Williams beat Jenifer Rajkumar, 179 to 38, 74.9% to 15.9%; total votes 239. | Dem Primary Comptroller: Mark D. Levine beat Justin Brannan, 119 to 95, 46.1% to 36.8%; total votes 258.", "mayor_margin": 10.8, "q2_yes": 70.4, "q3_yes": 63.2, "q4_yes": 67.2}, "geometry": {"type": "MultiPolygon", "coordinates": [[[[-73.9428501, 40.705182], [-73.9445675, 40.7050206], [-73.9444502, 40.7043091], [-73.9444182, 40.7041148], [-73.94439, 40.7039436], [-73.944375, 40.7038522], [-73.9443315, 40.703588], [-73.9459091, 40.7034215], [-73.9459971, 40.7039542], [-73.946147, 40.7048821], [-73.9462647, 40.7056042], [-73.9446872, 40.7057394], [-73.9429662, 40.7058884], [-73.9428501, 40.705182]]]]}}, {"type": "Feature", "properties": {"felt:feature": 77, "ed_label": "AD 53 ED 039", "elect_dist": "53039", "borough": "Brooklyn", "community_board": 1, "community_board_label": "Brooklyn CB1", "popup_title": "Brooklyn CB1 \u2014 AD 53 ED 039", "general_mayor": "ZOHRAN KWAME MAMDANI beat ANDREW M. CUOMO, 279 to 217, 52.2% to 40.6%; total votes 534.", "general_mayor_winner": "Mamdani", "general_public_advocate": "JUMAANE D. WILLIAMS beat GONZALO DURAN, 373 to 60, 83.6% to 13.5%; total votes 446.", "general_public_advocate_winner": "Williams", "general_comptroller": "MARK D. LEVINE beat PETER KEFALAS, 379 to 57, 83.5% to 12.6%; total votes 454.", "general_comptroller_winner": "Levine", "question_1": "Disapprove beat Approve, 248 to 185, 57.3% to 42.7%; total votes 433.", "question_1_winner": "No-disapprove!", "question_2": "Approve beat Disapprove, 316 to 139, 69.5% to 30.5%; total votes 455.", "question_2_winner": "Yes-approve!", "question_3": "Approve beat Disapprove, 288 to 157, 64.7% to 35.3%; total votes 445.", "question_3_winner": "Yes-approve!", "question_4": "Approve beat Disapprove, 307 to 137, 69.1% to 30.9%; total votes 444.", "question_4_winner": "Yes-approve!", "question_5": "Approve beat Disapprove, 319 to 119, 72.8% to 27.2%; total votes 438.", "question_5_winner": "Yes-approve!", "question_6": "Approve beat Disapprove, 221 to 206, 51.8% to 48.2%; total votes 427.", "question_6_winner": "Yes-approve!", "dem_primary_mayor": "Zohran Kwame Mamdani beat Andrew M. Cuomo, 114 to 109, 41.5% to 39.6%; total votes 275.", "dem_primary_mayor_winner": "Mamdani", "dem_primary_public_advocate": "Jumaane D. Williams beat Jenifer Rajkumar, 180 to 34, 77.3% to 14.6%; total votes 233.", "dem_primary_public_advocate_winner": "Williams", "dem_primary_comptroller": "Mark D. Levine beat Justin Brannan, 121 to 68, 50.8% to 28.6%; total votes 238.", "dem_primary_comptroller_winner": "Levine", "popup_summary": "Mayor: ZOHRAN KWAME MAMDANI beat ANDREW M. CUOMO, 279 to 217, 52.2% to 40.6%; total votes 534. | Public Advocate: JUMAANE D. WILLIAMS beat GONZALO DURAN, 373 to 60, 83.6% to 13.5%; total votes 446. | City Comptroller: MARK D. LEVINE beat PETER KEFALAS, 379 to 57, 83.5% to 12.6%; total votes 454. | Question 1: Disapprove beat Approve, 248 to 185, 57.3% to 42.7%; total votes 433. | Question 2: Approve beat Disapprove, 316 to 139, 69.5% to 30.5%; total votes 455. | Question 3: Approve beat Disapprove, 288 to 157, 64.7% to 35.3%; total votes 445. | Question 4: Approve beat Disapprove, 307 to 137, 69.1% to 30.9%; total votes 444. | Question 5: Approve beat Disapprove, 319 to 119, 72.8% to 27.2%; total votes 438. | Question 6: Approve beat Disapprove, 221 to 206, 51.8% to 48.2%; total votes 427. | Dem Primary Mayor: Zohran Kwame Mamdani beat Andrew M. Cuomo, 114 to 109, 41.5% to 39.6%; total votes 275. | Dem Primary Public Advocate: Jumaane D. Williams beat Jenifer Rajkumar, 180 to 34, 77.3% to 14.6%; total votes 233. | Dem Primary Comptroller: Mark D. Levine beat Justin Brannan, 121 to 68, 50.8% to 28.6%; total votes 238.", "mayor_margin": 11.6, "q2_yes": 69.5, "q3_yes": 64.7, "q4_yes": 69.1}, "geometry": {"type": "MultiPolygon", "coordinates": [[[[-73.9459091, 40.7034215], [-73.9462511, 40.7032087], [-73.9470521, 40.7036639], [-73.9478537, 40.7041114], [-73.9481407, 40.7042713], [-73.9485496, 40.7045004], [-73.948665, 40.7045651], [-73.9492534, 40.7048959], [-73.9494707, 40.705019], [-73.9498379, 40.705229], [-73.949312, 40.7052893], [-73.9479815, 40.7054415], [-73.9462647, 40.7056042], [-73.946147, 40.7048821], [-73.9459971, 40.7039542], [-73.9459091, 40.7034215]]]]}}, {"type": "Feature", "properties": {"felt:feature": 78, "ed_label": "AD 53 ED 040", "elect_dist": "53040", "borough": "Brooklyn", "community_board": 1, "community_board_label": "Brooklyn CB1", "popup_title": "Brooklyn CB1 \u2014 AD 53 ED 040", "general_mayor": "ZOHRAN KWAME MAMDANI beat ANDREW M. CUOMO, 308 to 215, 54.1% to 37.8%; total votes 569.", "general_mayor_winner": "Mamdani", "general_public_advocate": "JUMAANE D. WILLIAMS beat GONZALO DURAN, 415 to 95, 80.9% to 18.5%; total votes 513.", "general_public_advocate_winner": "Williams", "general_comptroller": "MARK D. LEVINE beat PETER KEFALAS, 401 to 77, 79.9% to 15.3%; total votes 502.", "general_comptroller_winner": "Levine", "question_1": "Disapprove beat Approve, 259 to 187, 58.1% to 41.9%; total votes 446.", "question_1_winner": "No-disapprove!", "question_2": "Approve beat Disapprove, 344 to 126, 73.2% to 26.8%; total votes 470.", "question_2_winner": "Yes-approve!", "question_3": "Approve beat Disapprove, 303 to 160, 65.4% to 34.6%; total votes 463.", "question_3_winner": "Yes-approve!", "question_4": "Approve beat Disapprove, 326 to 127, 72.0% to 28.0%; total votes 453.", "question_4_winner": "Yes-approve!", "question_5": "Approve beat Disapprove, 361 to 94, 79.3% to 20.7%; total votes 455.", "question_5_winner": "Yes-approve!", "question_6": "Disapprove beat Approve, 224 to 222, 50.2% to 49.8%; total votes 446.", "question_6_winner": "No-disapprove!", "dem_primary_mayor": "Zohran Kwame Mamdani beat Andrew M. Cuomo, 168 to 82, 58.1% to 28.4%; total votes 289.", "dem_primary_mayor_winner": "Mamdani", "dem_primary_public_advocate": "Jumaane D. Williams beat Jenifer Rajkumar, 179 to 42, 71.0% to 16.7%; total votes 252.", "dem_primary_public_advocate_winner": "Williams", "dem_primary_comptroller": "Mark D. Levine beat Justin Brannan, 114 to 93, 43.5% to 35.5%; total votes 262.", "dem_primary_comptroller_winner": "Levine", "popup_summary": "Mayor: ZOHRAN KWAME MAMDANI beat ANDREW M. CUOMO, 308 to 215, 54.1% to 37.8%; total votes 569. | Public Advocate: JUMAANE D. WILLIAMS beat GONZALO DURAN, 415 to 95, 80.9% to 18.5%; total votes 513. | City Comptroller: MARK D. LEVINE beat PETER KEFALAS, 401 to 77, 79.9% to 15.3%; total votes 502. | Question 1: Disapprove beat Approve, 259 to 187, 58.1% to 41.9%; total votes 446. | Question 2: Approve beat Disapprove, 344 to 126, 73.2% to 26.8%; total votes 470. | Question 3: Approve beat Disapprove, 303 to 160, 65.4% to 34.6%; total votes 463. | Question 4: Approve beat Disapprove, 326 to 127, 72.0% to 28.0%; total votes 453. | Question 5: Approve beat Disapprove, 361 to 94, 79.3% to 20.7%; total votes 455. | Question 6: Disapprove beat Approve, 224 to 222, 50.2% to 49.8%; total votes 446. | Dem Primary Mayor: Zohran Kwame Mamdani beat Andrew M. Cuomo, 168 to 82, 58.1% to 28.4%; total votes 289. | Dem Primary Public Advocate: Jumaane D. Williams beat Jenifer Rajkumar, 179 to 42, 71.0% to 16.7%; total votes 252. | Dem Primary Comptroller: Mark D. Levine beat Justin Brannan, 114 to 93, 43.5% to 35.5%; total votes 262.", "mayor_margin": 16.3, "q2_yes": 73.2, "q3_yes": 65.4, "q4_yes": 72.0}, "geometry": {"type": "MultiPolygon", "coordinates": [[[[-73.9462647, 40.7056042], [-73.9479815, 40.7054415], [-73.949312, 40.7052893], [-73.9498379, 40.705229], [-73.9502369, 40.7054732], [-73.9509561, 40.7058429], [-73.9510853, 40.705913], [-73.9519106, 40.7063601], [-73.9504059, 40.7066527], [-73.9481958, 40.7068524], [-73.9483034, 40.7075969], [-73.9466567, 40.7077532], [-73.9465229, 40.7070114], [-73.9462647, 40.7056042]]]]}}, {"type": "Feature", "properties": {"felt:feature": 79, "ed_label": "AD 53 ED 041", "elect_dist": "53041", "borough": "Brooklyn", "community_board": 1, "community_board_label": "Brooklyn CB1", "popup_title": "Brooklyn CB1 \u2014 AD 53 ED 041", "general_mayor": "ZOHRAN KWAME MAMDANI beat ANDREW M. CUOMO, 626 to 171, 74.3% to 20.3%; total votes 842.", "general_mayor_winner": "Mamdani", "general_public_advocate": "JUMAANE D. WILLIAMS beat GONZALO DURAN, 694 to 82, 88.9% to 10.5%; total votes 781.", "general_public_advocate_winner": "Williams", "general_comptroller": "MARK D. LEVINE beat PETER KEFALAS, 669 to 71, 89.3% to 9.5%; total votes 749.", "general_comptroller_winner": "Levine", "question_1": "Disapprove beat Approve, 409 to 305, 57.3% to 42.7%; total votes 714.", "question_1_winner": "No-disapprove!", "question_2": "Approve beat Disapprove, 514 to 221, 69.9% to 30.1%; total votes 735.", "question_2_winner": "Yes-approve!", "question_3": "Approve beat Disapprove, 470 to 248, 65.5% to 34.5%; total votes 718.", "question_3_winner": "Yes-approve!", "question_4": "Approve beat Disapprove, 470 to 239, 66.3% to 33.7%; total votes 709.", "question_4_winner": "Yes-approve!", "question_5": "Approve beat Disapprove, 603 to 109, 84.7% to 15.3%; total votes 712.", "question_5_winner": "Yes-approve!", "question_6": "Approve beat Disapprove, 381 to 320, 54.4% to 45.6%; total votes 701.", "question_6_winner": "Yes-approve!", "dem_primary_mayor": "Zohran Kwame Mamdani beat Andrew M. Cuomo, 391 to 96, 71.2% to 17.5%; total votes 549.", "dem_primary_mayor_winner": "Mamdani", "dem_primary_public_advocate": "Jumaane D. Williams beat Jenifer Rajkumar, 381 to 73, 79.5% to 15.2%; total votes 479.", "dem_primary_public_advocate_winner": "Williams", "dem_primary_comptroller": "Justin Brannan beat Mark D. Levine, 253 to 167, 51.4% to 33.9%; total votes 492.", "dem_primary_comptroller_winner": "Brannan", "popup_summary": "Mayor: ZOHRAN KWAME MAMDANI beat ANDREW M. CUOMO, 626 to 171, 74.3% to 20.3%; total votes 842. | Public Advocate: JUMAANE D. WILLIAMS beat GONZALO DURAN, 694 to 82, 88.9% to 10.5%; total votes 781. | City Comptroller: MARK D. LEVINE beat PETER KEFALAS, 669 to 71, 89.3% to 9.5%; total votes 749. | Question 1: Disapprove beat Approve, 409 to 305, 57.3% to 42.7%; total votes 714. | Question 2: Approve beat Disapprove, 514 to 221, 69.9% to 30.1%; total votes 735. | Question 3: Approve beat Disapprove, 470 to 248, 65.5% to 34.5%; total votes 718. | Question 4: Approve beat Disapprove, 470 to 239, 66.3% to 33.7%; total votes 709. | Question 5: Approve beat Disapprove, 603 to 109, 84.7% to 15.3%; total votes 712. | Question 6: Approve beat Disapprove, 381 to 320, 54.4% to 45.6%; total votes 701. | Dem Primary Mayor: Zohran Kwame Mamdani beat Andrew M. Cuomo, 391 to 96, 71.2% to 17.5%; total votes 549. | Dem Primary Public Advocate: Jumaane D. Williams beat Jenifer Rajkumar, 381 to 73, 79.5% to 15.2%; total votes 479. | Dem Primary Comptroller: Justin Brannan beat Mark D. Levine, 253 to 167, 51.4% to 33.9%; total votes 492.", "mayor_margin": 54.0, "q2_yes": 69.9, "q3_yes": 65.5, "q4_yes": 66.3}, "geometry": {"type": "MultiPolygon", "coordinates": [[[[-73.9429662, 40.7058884], [-73.9446872, 40.7057394], [-73.9462647, 40.7056042], [-73.9465229, 40.7070114], [-73.9466567, 40.7077532], [-73.9450059, 40.7079105], [-73.9433229, 40.7080702], [-73.9432022, 40.7073348], [-73.9430859, 40.7065967], [-73.9429662, 40.7058884]]]]}}, {"type": "Feature", "properties": {"felt:feature": 80, "ed_label": "AD 53 ED 042", "elect_dist": "53042", "borough": "Brooklyn", "community_board": 1, "community_board_label": "Brooklyn CB1", "popup_title": "Brooklyn CB1 \u2014 AD 53 ED 042", "general_mayor": "ZOHRAN KWAME MAMDANI beat ANDREW M. CUOMO, 128 to 112, 50.0% to 43.8%; total votes 256.", "general_mayor_winner": "Mamdani", "general_public_advocate": "JUMAANE D. WILLIAMS beat GONZALO DURAN, 172 to 30, 84.7% to 14.8%; total votes 203.", "general_public_advocate_winner": "Williams", "general_comptroller": "MARK D. LEVINE beat PETER KEFALAS, 153 to 28, 80.1% to 14.7%; total votes 191.", "general_comptroller_winner": "Levine", "question_1": "Approve beat Disapprove, 105 to 103, 50.5% to 49.5%; total votes 208.", "question_1_winner": "Yes-approve!", "question_2": "Approve beat Disapprove, 176 to 41, 81.1% to 18.9%; total votes 217.", "question_2_winner": "Yes-approve!", "question_3": "Approve beat Disapprove, 161 to 55, 74.5% to 25.5%; total votes 216.", "question_3_winner": "Yes-approve!", "question_4": "Approve beat Disapprove, 154 to 54, 74.0% to 26.0%; total votes 208.", "question_4_winner": "Yes-approve!", "question_5": "Approve beat Disapprove, 155 to 54, 74.2% to 25.8%; total votes 209.", "question_5_winner": "Yes-approve!", "question_6": "Approve beat Disapprove, 119 to 88, 57.5% to 42.5%; total votes 207.", "question_6_winner": "Yes-approve!", "dem_primary_mayor": "Zohran Kwame Mamdani beat Andrew M. Cuomo, 51 to 48, 47.2% to 44.4%; total votes 108.", "dem_primary_mayor_winner": "Mamdani", "dem_primary_public_advocate": "Jumaane D. Williams beat Jenifer Rajkumar, 74 to 13, 74.7% to 13.1%; total votes 99.", "dem_primary_public_advocate_winner": "Williams", "dem_primary_comptroller": "Mark D. Levine beat Ismael Malave Perez, 33 to 31, 33.0% to 31.0%; total votes 100.", "dem_primary_comptroller_winner": "Levine", "popup_summary": "Mayor: ZOHRAN KWAME MAMDANI beat ANDREW M. CUOMO, 128 to 112, 50.0% to 43.8%; total votes 256. | Public Advocate: JUMAANE D. WILLIAMS beat GONZALO DURAN, 172 to 30, 84.7% to 14.8%; total votes 203. | City Comptroller: MARK D. LEVINE beat PETER KEFALAS, 153 to 28, 80.1% to 14.7%; total votes 191. | Question 1: Approve beat Disapprove, 105 to 103, 50.5% to 49.5%; total votes 208. | Question 2: Approve beat Disapprove, 176 to 41, 81.1% to 18.9%; total votes 217. | Question 3: Approve beat Disapprove, 161 to 55, 74.5% to 25.5%; total votes 216. | Question 4: Approve beat Disapprove, 154 to 54, 74.0% to 26.0%; total votes 208. | Question 5: Approve beat Disapprove, 155 to 54, 74.2% to 25.8%; total votes 209. | Question 6: Approve beat Disapprove, 119 to 88, 57.5% to 42.5%; total votes 207. | Dem Primary Mayor: Zohran Kwame Mamdani beat Andrew M. Cuomo, 51 to 48, 47.2% to 44.4%; total votes 108. | Dem Primary Public Advocate: Jumaane D. Williams beat Jenifer Rajkumar, 74 to 13, 74.7% to 13.1%; total votes 99. | Dem Primary Comptroller: Mark D. Levine beat Ismael Malave Perez, 33 to 31, 33.0% to 31.0%; total votes 100.", "mayor_margin": 6.2, "q2_yes": 81.1, "q3_yes": 74.5, "q4_yes": 74.0}, "geometry": {"type": "MultiPolygon", "coordinates": [[[[-73.9406193, 40.7046789], [-73.9410301, 40.7046362], [-73.9416804, 40.704574], [-73.9417697, 40.7045655], [-73.9421432, 40.7045298], [-73.9422115, 40.7045233], [-73.9427345, 40.7044733], [-73.9428501, 40.705182], [-73.9429662, 40.7058884], [-73.9422007, 40.7059573], [-73.9420322, 40.7059725], [-73.9412847, 40.7060402], [-73.9408571, 40.706083], [-73.9405196, 40.7061171], [-73.9404238, 40.7061268], [-73.9399671, 40.706173], [-73.9399097, 40.7057515], [-73.9398704, 40.7054634], [-73.9398305, 40.7052192], [-73.9397973, 40.7050163], [-73.9406622, 40.704934], [-73.9406193, 40.7046789]]]]}}, {"type": "Feature", "properties": {"felt:feature": 81, "ed_label": "AD 53 ED 043", "elect_dist": "53043", "borough": "Brooklyn", "community_board": 1, "community_board_label": "Brooklyn CB1", "popup_title": "Brooklyn CB1 \u2014 AD 53 ED 043", "general_mayor": "ZOHRAN KWAME MAMDANI beat ANDREW M. CUOMO, 713 to 86, 86.7% to 10.5%; total votes 822.", "general_mayor_winner": "Mamdani", "general_public_advocate": "JUMAANE D. WILLIAMS beat GONZALO DURAN, 745 to 37, 94.3% to 4.7%; total votes 790.", "general_public_advocate_winner": "Williams", "general_comptroller": "MARK D. LEVINE beat PETER KEFALAS, 708 to 32, 94.0% to 4.2%; total votes 753.", "general_comptroller_winner": "Levine", "question_1": "Disapprove beat Approve, 420 to 314, 57.2% to 42.8%; total votes 734.", "question_1_winner": "No-disapprove!", "question_2": "Approve beat Disapprove, 543 to 214, 71.7% to 28.3%; total votes 757.", "question_2_winner": "Yes-approve!", "question_3": "Approve beat Disapprove, 498 to 252, 66.4% to 33.6%; total votes 750.", "question_3_winner": "Yes-approve!", "question_4": "Approve beat Disapprove, 503 to 242, 67.5% to 32.5%; total votes 745.", "question_4_winner": "Yes-approve!", "question_5": "Approve beat Disapprove, 676 to 80, 89.4% to 10.6%; total votes 756.", "question_5_winner": "Yes-approve!", "question_6": "Disapprove beat Approve, 382 to 371, 50.7% to 49.3%; total votes 753.", "question_6_winner": "No-disapprove!", "dem_primary_mayor": "Zohran Kwame Mamdani beat Brad Lander, 438 to 50, 79.9% to 9.1%; total votes 548.", "dem_primary_mayor_winner": "Mamdani", "dem_primary_public_advocate": "Jumaane D. Williams beat Jenifer Rajkumar, 395 to 71, 81.1% to 14.6%; total votes 487.", "dem_primary_public_advocate_winner": "Williams", "dem_primary_comptroller": "Justin Brannan beat Mark D. Levine, 273 to 120, 56.4% to 24.8%; total votes 484.", "dem_primary_comptroller_winner": "Brannan", "popup_summary": "Mayor: ZOHRAN KWAME MAMDANI beat ANDREW M. CUOMO, 713 to 86, 86.7% to 10.5%; total votes 822. | Public Advocate: JUMAANE D. WILLIAMS beat GONZALO DURAN, 745 to 37, 94.3% to 4.7%; total votes 790. | City Comptroller: MARK D. LEVINE beat PETER KEFALAS, 708 to 32, 94.0% to 4.2%; total votes 753. | Question 1: Disapprove beat Approve, 420 to 314, 57.2% to 42.8%; total votes 734. | Question 2: Approve beat Disapprove, 543 to 214, 71.7% to 28.3%; total votes 757. | Question 3: Approve beat Disapprove, 498 to 252, 66.4% to 33.6%; total votes 750. | Question 4: Approve beat Disapprove, 503 to 242, 67.5% to 32.5%; total votes 745. | Question 5: Approve beat Disapprove, 676 to 80, 89.4% to 10.6%; total votes 756. | Question 6: Disapprove beat Approve, 382 to 371, 50.7% to 49.3%; total votes 753. | Dem Primary Mayor: Zohran Kwame Mamdani beat Brad Lander, 438 to 50, 79.9% to 9.1%; total votes 548. | Dem Primary Public Advocate: Jumaane D. Williams beat Jenifer Rajkumar, 395 to 71, 81.1% to 14.6%; total votes 487. | Dem Primary Comptroller: Justin Brannan beat Mark D. Levine, 273 to 120, 56.4% to 24.8%; total votes 484.", "mayor_margin": 76.2, "q2_yes": 71.7, "q3_yes": 66.4, "q4_yes": 67.5}, "geometry": {"type": "MultiPolygon", "coordinates": [[[[-73.9395975, 40.7062104], [-73.9399671, 40.706173], [-73.9404238, 40.7061268], [-73.9405196, 40.7061171], [-73.9408571, 40.706083], [-73.9412847, 40.7060402], [-73.9420322, 40.7059725], [-73.9422007, 40.7059573], [-73.9429662, 40.7058884], [-73.9430859, 40.7065967], [-73.9432022, 40.7073348], [-73.9433229, 40.7080702], [-73.9416393, 40.70823], [-73.9399517, 40.7083977], [-73.9398371, 40.7076537], [-73.9397146, 40.7069183], [-73.9395975, 40.7062104]]]]}}, {"type": "Feature", "properties": {"felt:feature": 82, "ed_label": "AD 53 ED 044", "elect_dist": "53044", "borough": "Brooklyn", "community_board": 1, "community_board_label": "Brooklyn CB1", "popup_title": "Brooklyn CB1 \u2014 AD 53 ED 044", "general_mayor": "ZOHRAN KWAME MAMDANI beat ANDREW M. CUOMO, 368 to 131, 71.9% to 25.6%; total votes 512.", "general_mayor_winner": "Mamdani", "general_public_advocate": "JUMAANE D. WILLIAMS beat GONZALO DURAN, 423 to 44, 89.8% to 9.3%; total votes 471.", "general_public_advocate_winner": "Williams", "general_comptroller": "MARK D. LEVINE beat PETER KEFALAS, 403 to 37, 89.6% to 8.2%; total votes 450.", "general_comptroller_winner": "Levine", "question_1": "Disapprove beat Approve, 264 to 202, 56.7% to 43.3%; total votes 466.", "question_1_winner": "No-disapprove!", "question_2": "Approve beat Disapprove, 350 to 131, 72.8% to 27.2%; total votes 481.", "question_2_winner": "Yes-approve!", "question_3": "Approve beat Disapprove, 301 to 169, 64.0% to 36.0%; total votes 470.", "question_3_winner": "Yes-approve!", "question_4": "Approve beat Disapprove, 320 to 143, 69.1% to 30.9%; total votes 463.", "question_4_winner": "Yes-approve!", "question_5": "Approve beat Disapprove, 387 to 68, 85.1% to 14.9%; total votes 455.", "question_5_winner": "Yes-approve!", "question_6": "Approve beat Disapprove, 234 to 225, 51.0% to 49.0%; total votes 459.", "question_6_winner": "Yes-approve!", "dem_primary_mayor": "Zohran Kwame Mamdani beat Andrew M. Cuomo, 183 to 57, 61.4% to 19.1%; total votes 298.", "dem_primary_mayor_winner": "Mamdani", "dem_primary_public_advocate": "Jumaane D. Williams beat Jenifer Rajkumar, 186 to 49, 72.9% to 19.2%; total votes 255.", "dem_primary_public_advocate_winner": "Williams", "dem_primary_comptroller": "Justin Brannan beat Mark D. Levine, 110 to 84, 44.0% to 33.6%; total votes 250.", "dem_primary_comptroller_winner": "Brannan", "popup_summary": "Mayor: ZOHRAN KWAME MAMDANI beat ANDREW M. CUOMO, 368 to 131, 71.9% to 25.6%; total votes 512. | Public Advocate: JUMAANE D. WILLIAMS beat GONZALO DURAN, 423 to 44, 89.8% to 9.3%; total votes 471. | City Comptroller: MARK D. LEVINE beat PETER KEFALAS, 403 to 37, 89.6% to 8.2%; total votes 450. | Question 1: Disapprove beat Approve, 264 to 202, 56.7% to 43.3%; total votes 466. | Question 2: Approve beat Disapprove, 350 to 131, 72.8% to 27.2%; total votes 481. | Question 3: Approve beat Disapprove, 301 to 169, 64.0% to 36.0%; total votes 470. | Question 4: Approve beat Disapprove, 320 to 143, 69.1% to 30.9%; total votes 463. | Question 5: Approve beat Disapprove, 387 to 68, 85.1% to 14.9%; total votes 455. | Question 6: Approve beat Disapprove, 234 to 225, 51.0% to 49.0%; total votes 459. | Dem Primary Mayor: Zohran Kwame Mamdani beat Andrew M. Cuomo, 183 to 57, 61.4% to 19.1%; total votes 298. | Dem Primary Public Advocate: Jumaane D. Williams beat Jenifer Rajkumar, 186 to 49, 72.9% to 19.2%; total votes 255. | Dem Primary Comptroller: Justin Brannan beat Mark D. Levine, 110 to 84, 44.0% to 33.6%; total votes 250.", "mayor_margin": 46.3, "q2_yes": 72.8, "q3_yes": 64.0, "q4_yes": 69.1}, "geometry": {"type": "MultiPolygon", "coordinates": [[[[-73.9597976, 40.7138871], [-73.9583421, 40.7133063], [-73.9586659, 40.7127971], [-73.9590638, 40.7121661], [-73.9605609, 40.7127134], [-73.9610294, 40.7119695], [-73.9625513, 40.7125263], [-73.9620807, 40.7132692], [-73.9616799, 40.7139008], [-73.960163, 40.7133454], [-73.9597976, 40.7138871]]]]}}, {"type": "Feature", "properties": {"felt:feature": 83, "ed_label": "AD 53 ED 045", "elect_dist": "53045", "borough": "Brooklyn", "community_board": 1, "community_board_label": "Brooklyn CB1", "popup_title": "Brooklyn CB1 \u2014 AD 53 ED 045", "general_mayor": "ZOHRAN KWAME MAMDANI beat ANDREW M. CUOMO, 348 to 130, 69.6% to 26.0%; total votes 500.", "general_mayor_winner": "Mamdani", "general_public_advocate": "JUMAANE D. WILLIAMS beat GONZALO DURAN, 391 to 56, 86.1% to 12.3%; total votes 454.", "general_public_advocate_winner": "Williams", "general_comptroller": "MARK D. LEVINE beat PETER KEFALAS, 375 to 44, 85.4% to 10.0%; total votes 439.", "general_comptroller_winner": "Levine", "question_1": "Approve beat Disapprove, 208 to 195, 51.6% to 48.4%; total votes 403.", "question_1_winner": "Yes-approve!", "question_2": "Approve beat Disapprove, 283 to 130, 68.5% to 31.5%; total votes 413.", "question_2_winner": "Yes-approve!", "question_3": "Approve beat Disapprove, 271 to 140, 65.9% to 34.1%; total votes 411.", "question_3_winner": "Yes-approve!", "question_4": "Approve beat Disapprove, 269 to 143, 65.3% to 34.7%; total votes 412.", "question_4_winner": "Yes-approve!", "question_5": "Approve beat Disapprove, 345 to 62, 84.8% to 15.2%; total votes 407.", "question_5_winner": "Yes-approve!", "question_6": "Approve beat Disapprove, 204 to 193, 51.4% to 48.6%; total votes 397.", "question_6_winner": "Yes-approve!", "dem_primary_mayor": "Zohran Kwame Mamdani beat Andrew M. Cuomo, 226 to 61, 69.5% to 18.8%; total votes 325.", "dem_primary_mayor_winner": "Mamdani", "dem_primary_public_advocate": "Jumaane D. Williams beat Jenifer Rajkumar, 205 to 40, 77.7% to 15.2%; total votes 264.", "dem_primary_public_advocate_winner": "Williams", "dem_primary_comptroller": "Justin Brannan beat Mark D. Levine, 112 to 86, 43.4% to 33.3%; total votes 258.", "dem_primary_comptroller_winner": "Brannan", "popup_summary": "Mayor: ZOHRAN KWAME MAMDANI beat ANDREW M. CUOMO, 348 to 130, 69.6% to 26.0%; total votes 500. | Public Advocate: JUMAANE D. WILLIAMS beat GONZALO DURAN, 391 to 56, 86.1% to 12.3%; total votes 454. | City Comptroller: MARK D. LEVINE beat PETER KEFALAS, 375 to 44, 85.4% to 10.0%; total votes 439. | Question 1: Approve beat Disapprove, 208 to 195, 51.6% to 48.4%; total votes 403. | Question 2: Approve beat Disapprove, 283 to 130, 68.5% to 31.5%; total votes 413. | Question 3: Approve beat Disapprove, 271 to 140, 65.9% to 34.1%; total votes 411. | Question 4: Approve beat Disapprove, 269 to 143, 65.3% to 34.7%; total votes 412. | Question 5: Approve beat Disapprove, 345 to 62, 84.8% to 15.2%; total votes 407. | Question 6: Approve beat Disapprove, 204 to 193, 51.4% to 48.6%; total votes 397. | Dem Primary Mayor: Zohran Kwame Mamdani beat Andrew M. Cuomo, 226 to 61, 69.5% to 18.8%; total votes 325. | Dem Primary Public Advocate: Jumaane D. Williams beat Jenifer Rajkumar, 205 to 40, 77.7% to 15.2%; total votes 264. | Dem Primary Comptroller: Justin Brannan beat Mark D. Levine, 112 to 86, 43.4% to 33.3%; total votes 258.", "mayor_margin": 43.6, "q2_yes": 68.5, "q3_yes": 65.9, "q4_yes": 65.3}, "geometry": {"type": "MultiPolygon", "coordinates": [[[[-73.9568095, 40.7127564], [-73.9571361, 40.7122392], [-73.9575348, 40.7116097], [-73.9580037, 40.7108641], [-73.9595331, 40.7114237], [-73.9590638, 40.7121661], [-73.9586659, 40.7127971], [-73.9583421, 40.7133063], [-73.9568095, 40.7127564]]]]}}, {"type": "Feature", "properties": {"felt:feature": 84, "ed_label": "AD 53 ED 046", "elect_dist": "53046", "borough": "Brooklyn", "community_board": 1, "community_board_label": "Brooklyn CB1", "popup_title": "Brooklyn CB1 \u2014 AD 53 ED 046", "general_mayor": "ZOHRAN KWAME MAMDANI beat ANDREW M. CUOMO, 425 to 154, 70.8% to 25.7%; total votes 600.", "general_mayor_winner": "Mamdani", "general_public_advocate": "JUMAANE D. WILLIAMS beat GONZALO DURAN, 480 to 57, 87.6% to 10.4%; total votes 548.", "general_public_advocate_winner": "Williams", "general_comptroller": "MARK D. LEVINE beat PETER KEFALAS, 460 to 41, 87.6% to 7.8%; total votes 525.", "general_comptroller_winner": "Levine", "question_1": "Disapprove beat Approve, 253 to 235, 51.8% to 48.2%; total votes 488.", "question_1_winner": "No-disapprove!", "question_2": "Approve beat Disapprove, 362 to 151, 70.6% to 29.4%; total votes 513.", "question_2_winner": "Yes-approve!", "question_3": "Approve beat Disapprove, 340 to 162, 67.7% to 32.3%; total votes 502.", "question_3_winner": "Yes-approve!", "question_4": "Approve beat Disapprove, 336 to 157, 68.2% to 31.8%; total votes 493.", "question_4_winner": "Yes-approve!", "question_5": "Approve beat Disapprove, 417 to 72, 85.3% to 14.7%; total votes 489.", "question_5_winner": "Yes-approve!", "question_6": "Approve beat Disapprove, 253 to 234, 52.0% to 48.0%; total votes 487.", "question_6_winner": "Yes-approve!", "dem_primary_mayor": "Zohran Kwame Mamdani beat Andrew M. Cuomo, 261 to 77, 68.7% to 20.3%; total votes 380.", "dem_primary_mayor_winner": "Mamdani", "dem_primary_public_advocate": "Jumaane D. Williams beat Jenifer Rajkumar, 237 to 53, 72.9% to 16.3%; total votes 325.", "dem_primary_public_advocate_winner": "Williams", "dem_primary_comptroller": "Justin Brannan beat Mark D. Levine, 144 to 105, 44.9% to 32.7%; total votes 321.", "dem_primary_comptroller_winner": "Brannan", "popup_summary": "Mayor: ZOHRAN KWAME MAMDANI beat ANDREW M. CUOMO, 425 to 154, 70.8% to 25.7%; total votes 600. | Public Advocate: JUMAANE D. WILLIAMS beat GONZALO DURAN, 480 to 57, 87.6% to 10.4%; total votes 548. | City Comptroller: MARK D. LEVINE beat PETER KEFALAS, 460 to 41, 87.6% to 7.8%; total votes 525. | Question 1: Disapprove beat Approve, 253 to 235, 51.8% to 48.2%; total votes 488. | Question 2: Approve beat Disapprove, 362 to 151, 70.6% to 29.4%; total votes 513. | Question 3: Approve beat Disapprove, 340 to 162, 67.7% to 32.3%; total votes 502. | Question 4: Approve beat Disapprove, 336 to 157, 68.2% to 31.8%; total votes 493. | Question 5: Approve beat Disapprove, 417 to 72, 85.3% to 14.7%; total votes 489. | Question 6: Approve beat Disapprove, 253 to 234, 52.0% to 48.0%; total votes 487. | Dem Primary Mayor: Zohran Kwame Mamdani beat Andrew M. Cuomo, 261 to 77, 68.7% to 20.3%; total votes 380. | Dem Primary Public Advocate: Jumaane D. Williams beat Jenifer Rajkumar, 237 to 53, 72.9% to 16.3%; total votes 325. | Dem Primary Comptroller: Justin Brannan beat Mark D. Levine, 144 to 105, 44.9% to 32.7%; total votes 321.", "mayor_margin": 45.1, "q2_yes": 70.6, "q3_yes": 67.7, "q4_yes": 68.2}, "geometry": {"type": "MultiPolygon", "coordinates": [[[[-73.9590638, 40.7121661], [-73.9595331, 40.7114237], [-73.9599428, 40.7107871], [-73.9588365, 40.7103681], [-73.9585166, 40.7102744], [-73.9583881, 40.7102466], [-73.9584189, 40.7102014], [-73.9586326, 40.7098868], [-73.9588606, 40.709551], [-73.9599965, 40.7099358], [-73.9603815, 40.7100037], [-73.9605965, 40.7101101], [-73.9606552, 40.7101225], [-73.9607017, 40.7101352], [-73.9607358, 40.7101414], [-73.9608163, 40.7101604], [-73.9609216, 40.7101791], [-73.9611227, 40.710227], [-73.9613912, 40.7103115], [-73.9619618, 40.7104876], [-73.961905, 40.7105805], [-73.9618491, 40.710672], [-73.9618093, 40.7107371], [-73.9614212, 40.7113492], [-73.9629414, 40.7119048], [-73.9625513, 40.7125263], [-73.9610294, 40.7119695], [-73.9605609, 40.7127134], [-73.9590638, 40.7121661]]]]}}, {"type": "Feature", "properties": {"felt:feature": 85, "ed_label": "AD 53 ED 047", "elect_dist": "53047", "borough": "Brooklyn", "community_board": 1, "community_board_label": "Brooklyn CB1", "popup_title": "Brooklyn CB1 \u2014 AD 53 ED 047", "general_mayor": "ZOHRAN KWAME MAMDANI beat ANDREW M. CUOMO, 458 to 105, 77.6% to 17.8%; total votes 590.", "general_mayor_winner": "Mamdani", "general_public_advocate": "JUMAANE D. WILLIAMS beat GONZALO DURAN, 485 to 43, 90.5% to 8.0%; total votes 536.", "general_public_advocate_winner": "Williams", "general_comptroller": "MARK D. LEVINE beat PETER KEFALAS, 473 to 38, 90.8% to 7.3%; total votes 521.", "general_comptroller_winner": "Levine", "question_1": "Disapprove beat Approve, 289 to 223, 56.4% to 43.6%; total votes 512.", "question_1_winner": "No-disapprove!", "question_2": "Approve beat Disapprove, 410 to 112, 78.5% to 21.5%; total votes 522.", "question_2_winner": "Yes-approve!", "question_3": "Approve beat Disapprove, 376 to 136, 73.4% to 26.6%; total votes 512.", "question_3_winner": "Yes-approve!", "question_4": "Approve beat Disapprove, 377 to 134, 73.8% to 26.2%; total votes 511.", "question_4_winner": "Yes-approve!", "question_5": "Approve beat Disapprove, 464 to 57, 89.1% to 10.9%; total votes 521.", "question_5_winner": "Yes-approve!", "question_6": "Approve beat Disapprove, 290 to 225, 56.3% to 43.7%; total votes 515.", "question_6_winner": "Yes-approve!", "dem_primary_mayor": "Zohran Kwame Mamdani beat Andrew M. Cuomo, 263 to 47, 73.5% to 13.1%; total votes 358.", "dem_primary_mayor_winner": "Mamdani", "dem_primary_public_advocate": "Jumaane D. Williams beat Jenifer Rajkumar, 218 to 60, 73.4% to 20.2%; total votes 297.", "dem_primary_public_advocate_winner": "Williams", "dem_primary_comptroller": "Justin Brannan beat Mark D. Levine, 142 to 97, 48.1% to 32.9%; total votes 295.", "dem_primary_comptroller_winner": "Brannan", "popup_summary": "Mayor: ZOHRAN KWAME MAMDANI beat ANDREW M. CUOMO, 458 to 105, 77.6% to 17.8%; total votes 590. | Public Advocate: JUMAANE D. WILLIAMS beat GONZALO DURAN, 485 to 43, 90.5% to 8.0%; total votes 536. | City Comptroller: MARK D. LEVINE beat PETER KEFALAS, 473 to 38, 90.8% to 7.3%; total votes 521. | Question 1: Disapprove beat Approve, 289 to 223, 56.4% to 43.6%; total votes 512. | Question 2: Approve beat Disapprove, 410 to 112, 78.5% to 21.5%; total votes 522. | Question 3: Approve beat Disapprove, 376 to 136, 73.4% to 26.6%; total votes 512. | Question 4: Approve beat Disapprove, 377 to 134, 73.8% to 26.2%; total votes 511. | Question 5: Approve beat Disapprove, 464 to 57, 89.1% to 10.9%; total votes 521. | Question 6: Approve beat Disapprove, 290 to 225, 56.3% to 43.7%; total votes 515. | Dem Primary Mayor: Zohran Kwame Mamdani beat Andrew M. Cuomo, 263 to 47, 73.5% to 13.1%; total votes 358. | Dem Primary Public Advocate: Jumaane D. Williams beat Jenifer Rajkumar, 218 to 60, 73.4% to 20.2%; total votes 297. | Dem Primary Comptroller: Justin Brannan beat Mark D. Levine, 142 to 97, 48.1% to 32.9%; total votes 295.", "mayor_margin": 59.8, "q2_yes": 78.5, "q3_yes": 73.4, "q4_yes": 73.8}, "geometry": {"type": "MultiPolygon", "coordinates": [[[[-73.9561049, 40.710171], [-73.9564904, 40.7095493], [-73.9568909, 40.7088757], [-73.9572826, 40.7082073], [-73.9573598, 40.7082346], [-73.9579043, 40.7084272], [-73.9574882, 40.7090804], [-73.9588606, 40.709551], [-73.9586326, 40.7098868], [-73.9584189, 40.7102014], [-73.9583881, 40.7102466], [-73.9585166, 40.7102744], [-73.9588365, 40.7103681], [-73.9599428, 40.7107871], [-73.9595331, 40.7114237], [-73.9580037, 40.7108641], [-73.9575348, 40.7116097], [-73.9561996, 40.7111127], [-73.9564825, 40.7106434], [-73.9565504, 40.7105087], [-73.9565525, 40.7104736], [-73.9565475, 40.7104386], [-73.9565354, 40.7104047], [-73.9565165, 40.7103725], [-73.9564749, 40.7103408], [-73.9564302, 40.7103115], [-73.9563829, 40.7102847], [-73.9563331, 40.7102607], [-73.9562811, 40.7102395], [-73.9562272, 40.7102213], [-73.9561049, 40.710171]]]]}}, {"type": "Feature", "properties": {"felt:feature": 86, "ed_label": "AD 53 ED 048", "elect_dist": "53048", "borough": "Brooklyn", "community_board": 1, "community_board_label": "Brooklyn CB1", "popup_title": "Brooklyn CB1 \u2014 AD 53 ED 048", "general_mayor": "ZOHRAN KWAME MAMDANI beat ANDREW M. CUOMO, 449 to 101, 79.9% to 18.0%; total votes 562.", "general_mayor_winner": "Mamdani", "general_public_advocate": "JUMAANE D. WILLIAMS beat GONZALO DURAN, 470 to 38, 91.3% to 7.4%; total votes 515.", "general_public_advocate_winner": "Williams", "general_comptroller": "MARK D. LEVINE beat PETER KEFALAS, 451 to 40, 90.7% to 8.0%; total votes 497.", "general_comptroller_winner": "Levine", "question_1": "Approve beat Disapprove, 248 to 243, 50.5% to 49.5%; total votes 491.", "question_1_winner": "Yes-approve!", "question_2": "Approve beat Disapprove, 371 to 128, 74.3% to 25.7%; total votes 499.", "question_2_winner": "Yes-approve!", "question_3": "Approve beat Disapprove, 354 to 136, 72.2% to 27.8%; total votes 490.", "question_3_winner": "Yes-approve!", "question_4": "Approve beat Disapprove, 345 to 141, 71.0% to 29.0%; total votes 486.", "question_4_winner": "Yes-approve!", "question_5": "Approve beat Disapprove, 448 to 43, 91.2% to 8.8%; total votes 491.", "question_5_winner": "Yes-approve!", "question_6": "Approve beat Disapprove, 276 to 209, 56.9% to 43.1%; total votes 485.", "question_6_winner": "Yes-approve!", "dem_primary_mayor": "Zohran Kwame Mamdani beat Andrew M. Cuomo, 256 to 56, 69.2% to 15.1%; total votes 370.", "dem_primary_mayor_winner": "Mamdani", "dem_primary_public_advocate": "Jumaane D. Williams beat Jenifer Rajkumar, 251 to 48, 77.7% to 14.9%; total votes 323.", "dem_primary_public_advocate_winner": "Williams", "dem_primary_comptroller": "Justin Brannan beat Mark D. Levine, 151 to 121, 46.2% to 37.0%; total votes 327.", "dem_primary_comptroller_winner": "Brannan", "popup_summary": "Mayor: ZOHRAN KWAME MAMDANI beat ANDREW M. CUOMO, 449 to 101, 79.9% to 18.0%; total votes 562. | Public Advocate: JUMAANE D. WILLIAMS beat GONZALO DURAN, 470 to 38, 91.3% to 7.4%; total votes 515. | City Comptroller: MARK D. LEVINE beat PETER KEFALAS, 451 to 40, 90.7% to 8.0%; total votes 497. | Question 1: Approve beat Disapprove, 248 to 243, 50.5% to 49.5%; total votes 491. | Question 2: Approve beat Disapprove, 371 to 128, 74.3% to 25.7%; total votes 499. | Question 3: Approve beat Disapprove, 354 to 136, 72.2% to 27.8%; total votes 490. | Question 4: Approve beat Disapprove, 345 to 141, 71.0% to 29.0%; total votes 486. | Question 5: Approve beat Disapprove, 448 to 43, 91.2% to 8.8%; total votes 491. | Question 6: Approve beat Disapprove, 276 to 209, 56.9% to 43.1%; total votes 485. | Dem Primary Mayor: Zohran Kwame Mamdani beat Andrew M. Cuomo, 256 to 56, 69.2% to 15.1%; total votes 370. | Dem Primary Public Advocate: Jumaane D. Williams beat Jenifer Rajkumar, 251 to 48, 77.7% to 14.9%; total votes 323. | Dem Primary Comptroller: Justin Brannan beat Mark D. Levine, 151 to 121, 46.2% to 37.0%; total votes 327.", "mayor_margin": 61.9, "q2_yes": 74.3, "q3_yes": 72.2, "q4_yes": 71.0}, "geometry": {"type": "MultiPolygon", "coordinates": [[[[-73.9548705, 40.7120435], [-73.9547374, 40.7119941], [-73.9544843, 40.7119048], [-73.9543029, 40.7118402], [-73.9531276, 40.7114198], [-73.9516429, 40.7109063], [-73.9511157, 40.7109566], [-73.9510578, 40.710596], [-73.9509937, 40.7102216], [-73.9515162, 40.7101721], [-73.9519681, 40.7103363], [-73.9531319, 40.7107592], [-73.953582, 40.7107157], [-73.9538565, 40.7102647], [-73.9543254, 40.7095211], [-73.9554986, 40.7099495], [-73.9559695, 40.7101216], [-73.9561049, 40.710171], [-73.9562272, 40.7102213], [-73.9562811, 40.7102395], [-73.9563331, 40.7102607], [-73.9563829, 40.7102847], [-73.9564302, 40.7103115], [-73.9564749, 40.7103408], [-73.9565165, 40.7103725], [-73.9565354, 40.7104047], [-73.9565475, 40.7104386], [-73.9565525, 40.7104736], [-73.9565504, 40.7105087], [-73.9564825, 40.7106434], [-73.9561996, 40.7111127], [-73.9575348, 40.7116097], [-73.9571361, 40.7122392], [-73.9568095, 40.7127564], [-73.955476, 40.7122654], [-73.9553699, 40.7122288], [-73.955288, 40.7121931], [-73.9549504, 40.7120728], [-73.9549086, 40.7120577], [-73.9548705, 40.7120435]]]]}}, {"type": "Feature", "properties": {"felt:feature": 87, "ed_label": "AD 53 ED 049", "elect_dist": "53049", "borough": "Brooklyn", "community_board": 1, "community_board_label": "Brooklyn CB1", "popup_title": "Brooklyn CB1 \u2014 AD 53 ED 049", "general_mayor": "ZOHRAN KWAME MAMDANI beat ANDREW M. CUOMO, 520 to 88, 83.1% to 14.1%; total votes 626.", "general_mayor_winner": "Mamdani", "general_public_advocate": "JUMAANE D. WILLIAMS beat GONZALO DURAN, 529 to 51, 90.3% to 8.7%; total votes 586.", "general_public_advocate_winner": "Williams", "general_comptroller": "MARK D. LEVINE beat PETER KEFALAS, 505 to 39, 90.3% to 7.0%; total votes 559.", "general_comptroller_winner": "Levine", "question_1": "Disapprove beat Approve, 276 to 265, 51.0% to 49.0%; total votes 541.", "question_1_winner": "No-disapprove!", "question_2": "Approve beat Disapprove, 383 to 172, 69.0% to 31.0%; total votes 555.", "question_2_winner": "Yes-approve!", "question_3": "Approve beat Disapprove, 335 to 204, 62.2% to 37.8%; total votes 539.", "question_3_winner": "Yes-approve!", "question_4": "Approve beat Disapprove, 350 to 185, 65.4% to 34.6%; total votes 535.", "question_4_winner": "Yes-approve!", "question_5": "Approve beat Disapprove, 470 to 65, 87.8% to 12.2%; total votes 535.", "question_5_winner": "Yes-approve!", "question_6": "Disapprove beat Approve, 289 to 249, 53.7% to 46.3%; total votes 538.", "question_6_winner": "No-disapprove!", "dem_primary_mayor": "Zohran Kwame Mamdani beat Brad Lander, 330 to 37, 78.6% to 8.8%; total votes 420.", "dem_primary_mayor_winner": "Mamdani", "dem_primary_public_advocate": "Jumaane D. Williams beat Jenifer Rajkumar, 295 to 54, 80.2% to 14.7%; total votes 368.", "dem_primary_public_advocate_winner": "Williams", "dem_primary_comptroller": "Justin Brannan beat Mark D. Levine, 189 to 107, 51.8% to 29.3%; total votes 365.", "dem_primary_comptroller_winner": "Brannan", "popup_summary": "Mayor: ZOHRAN KWAME MAMDANI beat ANDREW M. CUOMO, 520 to 88, 83.1% to 14.1%; total votes 626. | Public Advocate: JUMAANE D. WILLIAMS beat GONZALO DURAN, 529 to 51, 90.3% to 8.7%; total votes 586. | City Comptroller: MARK D. LEVINE beat PETER KEFALAS, 505 to 39, 90.3% to 7.0%; total votes 559. | Question 1: Disapprove beat Approve, 276 to 265, 51.0% to 49.0%; total votes 541. | Question 2: Approve beat Disapprove, 383 to 172, 69.0% to 31.0%; total votes 555. | Question 3: Approve beat Disapprove, 335 to 204, 62.2% to 37.8%; total votes 539. | Question 4: Approve beat Disapprove, 350 to 185, 65.4% to 34.6%; total votes 535. | Question 5: Approve beat Disapprove, 470 to 65, 87.8% to 12.2%; total votes 535. | Question 6: Disapprove beat Approve, 289 to 249, 53.7% to 46.3%; total votes 538. | Dem Primary Mayor: Zohran Kwame Mamdani beat Brad Lander, 330 to 37, 78.6% to 8.8%; total votes 420. | Dem Primary Public Advocate: Jumaane D. Williams beat Jenifer Rajkumar, 295 to 54, 80.2% to 14.7%; total votes 368. | Dem Primary Comptroller: Justin Brannan beat Mark D. Levine, 189 to 107, 51.8% to 29.3%; total votes 365.", "mayor_margin": 69.0, "q2_yes": 69.0, "q3_yes": 62.2, "q4_yes": 65.4}, "geometry": {"type": "MultiPolygon", "coordinates": [[[[-73.9543254, 40.7095211], [-73.9547189, 40.7089005], [-73.9551189, 40.7082658], [-73.9536059, 40.7077448], [-73.9520918, 40.7072239], [-73.952515, 40.7065586], [-73.9529139, 40.7067003], [-73.9533788, 40.7068563], [-73.954017, 40.7070802], [-73.9555417, 40.7075934], [-73.9562695, 40.7078496], [-73.9567245, 40.70801], [-73.9572032, 40.7081792], [-73.9572826, 40.7082073], [-73.9568909, 40.7088757], [-73.9564904, 40.7095493], [-73.9561049, 40.710171], [-73.9559695, 40.7101216], [-73.9554986, 40.7099495], [-73.9543254, 40.7095211]]]]}}, {"type": "Feature", "properties": {"felt:feature": 88, "ed_label": "AD 53 ED 050", "elect_dist": "53050", "borough": "Brooklyn", "community_board": 1, "community_board_label": "Brooklyn CB1", "popup_title": "Brooklyn CB1 \u2014 AD 53 ED 050", "general_mayor": "ZOHRAN KWAME MAMDANI beat ANDREW M. CUOMO, 468 to 145, 73.2% to 22.7%; total votes 639.", "general_mayor_winner": "Mamdani", "general_public_advocate": "JUMAANE D. WILLIAMS beat GONZALO DURAN, 508 to 56, 89.0% to 9.8%; total votes 571.", "general_public_advocate_winner": "Williams", "general_comptroller": "MARK D. LEVINE beat PETER KEFALAS, 487 to 47, 88.4% to 8.5%; total votes 551.", "general_comptroller_winner": "Levine", "question_1": "Disapprove beat Approve, 281 to 272, 50.8% to 49.2%; total votes 553.", "question_1_winner": "No-disapprove!", "question_2": "Approve beat Disapprove, 403 to 157, 72.0% to 28.0%; total votes 560.", "question_2_winner": "Yes-approve!", "question_3": "Approve beat Disapprove, 371 to 181, 67.2% to 32.8%; total votes 552.", "question_3_winner": "Yes-approve!", "question_4": "Approve beat Disapprove, 364 to 179, 67.0% to 33.0%; total votes 543.", "question_4_winner": "Yes-approve!", "question_5": "Approve beat Disapprove, 442 to 97, 82.0% to 18.0%; total votes 539.", "question_5_winner": "Yes-approve!", "question_6": "Approve beat Disapprove, 287 to 253, 53.1% to 46.9%; total votes 540.", "question_6_winner": "Yes-approve!", "dem_primary_mayor": "Zohran Kwame Mamdani beat Andrew M. Cuomo, 268 to 61, 71.7% to 16.3%; total votes 374.", "dem_primary_mayor_winner": "Mamdani", "dem_primary_public_advocate": "Jumaane D. Williams beat Jenifer Rajkumar, 260 to 48, 80.7% to 14.9%; total votes 322.", "dem_primary_public_advocate_winner": "Williams", "dem_primary_comptroller": "Justin Brannan beat Mark D. Levine, 167 to 84, 51.4% to 25.8%; total votes 325.", "dem_primary_comptroller_winner": "Brannan", "popup_summary": "Mayor: ZOHRAN KWAME MAMDANI beat ANDREW M. CUOMO, 468 to 145, 73.2% to 22.7%; total votes 639. | Public Advocate: JUMAANE D. WILLIAMS beat GONZALO DURAN, 508 to 56, 89.0% to 9.8%; total votes 571. | City Comptroller: MARK D. LEVINE beat PETER KEFALAS, 487 to 47, 88.4% to 8.5%; total votes 551. | Question 1: Disapprove beat Approve, 281 to 272, 50.8% to 49.2%; total votes 553. | Question 2: Approve beat Disapprove, 403 to 157, 72.0% to 28.0%; total votes 560. | Question 3: Approve beat Disapprove, 371 to 181, 67.2% to 32.8%; total votes 552. | Question 4: Approve beat Disapprove, 364 to 179, 67.0% to 33.0%; total votes 543. | Question 5: Approve beat Disapprove, 442 to 97, 82.0% to 18.0%; total votes 539. | Question 6: Approve beat Disapprove, 287 to 253, 53.1% to 46.9%; total votes 540. | Dem Primary Mayor: Zohran Kwame Mamdani beat Andrew M. Cuomo, 268 to 61, 71.7% to 16.3%; total votes 374. | Dem Primary Public Advocate: Jumaane D. Williams beat Jenifer Rajkumar, 260 to 48, 80.7% to 14.9%; total votes 322. | Dem Primary Comptroller: Justin Brannan beat Mark D. Levine, 167 to 84, 51.4% to 25.8%; total votes 325.", "mayor_margin": 50.5, "q2_yes": 72.0, "q3_yes": 67.2, "q4_yes": 67.0}, "geometry": {"type": "MultiPolygon", "coordinates": [[[[-73.9507603, 40.7088029], [-73.9506592, 40.70817], [-73.9505301, 40.707391], [-73.9504059, 40.7066527], [-73.9519106, 40.7063601], [-73.9522996, 40.7064903], [-73.952515, 40.7065586], [-73.9520918, 40.7072239], [-73.9536059, 40.7077448], [-73.9551189, 40.7082658], [-73.9547189, 40.7089005], [-73.9532212, 40.7083526], [-73.9528295, 40.7089744], [-73.9513313, 40.7084264], [-73.9511182, 40.7087815], [-73.9507603, 40.7088029]]]]}}, {"type": "Feature", "properties": {"felt:feature": 89, "ed_label": "AD 53 ED 051", "elect_dist": "53051", "borough": "Brooklyn", "community_board": 1, "community_board_label": "Brooklyn CB1", "popup_title": "Brooklyn CB1 \u2014 AD 53 ED 051", "general_mayor": "ZOHRAN KWAME MAMDANI beat ANDREW M. CUOMO, 264 to 155, 58.5% to 34.4%; total votes 451.", "general_mayor_winner": "Mamdani", "general_public_advocate": "JUMAANE D. WILLIAMS beat GONZALO DURAN, 321 to 62, 81.7% to 15.8%; total votes 393.", "general_public_advocate_winner": "Williams", "general_comptroller": "MARK D. LEVINE beat PETER KEFALAS, 310 to 53, 81.2% to 13.9%; total votes 382.", "general_comptroller_winner": "Levine", "question_1": "Disapprove beat Approve, 196 to 176, 52.7% to 47.3%; total votes 372.", "question_1_winner": "No-disapprove!", "question_2": "Approve beat Disapprove, 297 to 93, 76.2% to 23.8%; total votes 390.", "question_2_winner": "Yes-approve!", "question_3": "Approve beat Disapprove, 262 to 114, 69.7% to 30.3%; total votes 376.", "question_3_winner": "Yes-approve!", "question_4": "Approve beat Disapprove, 278 to 103, 73.0% to 27.0%; total votes 381.", "question_4_winner": "Yes-approve!", "question_5": "Approve beat Disapprove, 287 to 80, 78.2% to 21.8%; total votes 367.", "question_5_winner": "Yes-approve!", "question_6": "Disapprove beat Approve, 195 to 173, 53.0% to 47.0%; total votes 368.", "question_6_winner": "No-disapprove!", "dem_primary_mayor": "Zohran Kwame Mamdani beat Andrew M. Cuomo, 110 to 100, 46.6% to 42.4%; total votes 236.", "dem_primary_mayor_winner": "Mamdani", "dem_primary_public_advocate": "Jumaane D. Williams beat Marty Dolan, 130 to 29, 69.1% to 15.4%; total votes 188.", "dem_primary_public_advocate_winner": "Williams", "dem_primary_comptroller": "Mark D. Levine beat Justin Brannan, 80 to 51, 42.1% to 26.8%; total votes 190.", "dem_primary_comptroller_winner": "Levine", "popup_summary": "Mayor: ZOHRAN KWAME MAMDANI beat ANDREW M. CUOMO, 264 to 155, 58.5% to 34.4%; total votes 451. | Public Advocate: JUMAANE D. WILLIAMS beat GONZALO DURAN, 321 to 62, 81.7% to 15.8%; total votes 393. | City Comptroller: MARK D. LEVINE beat PETER KEFALAS, 310 to 53, 81.2% to 13.9%; total votes 382. | Question 1: Disapprove beat Approve, 196 to 176, 52.7% to 47.3%; total votes 372. | Question 2: Approve beat Disapprove, 297 to 93, 76.2% to 23.8%; total votes 390. | Question 3: Approve beat Disapprove, 262 to 114, 69.7% to 30.3%; total votes 376. | Question 4: Approve beat Disapprove, 278 to 103, 73.0% to 27.0%; total votes 381. | Question 5: Approve beat Disapprove, 287 to 80, 78.2% to 21.8%; total votes 367. | Question 6: Disapprove beat Approve, 195 to 173, 53.0% to 47.0%; total votes 368. | Dem Primary Mayor: Zohran Kwame Mamdani beat Andrew M. Cuomo, 110 to 100, 46.6% to 42.4%; total votes 236. | Dem Primary Public Advocate: Jumaane D. Williams beat Marty Dolan, 130 to 29, 69.1% to 15.4%; total votes 188. | Dem Primary Comptroller: Mark D. Levine beat Justin Brannan, 80 to 51, 42.1% to 26.8%; total votes 190.", "mayor_margin": 24.1, "q2_yes": 76.2, "q3_yes": 69.7, "q4_yes": 73.0}, "geometry": {"type": "MultiPolygon", "coordinates": [[[[-73.9528295, 40.7089744], [-73.9532212, 40.7083526], [-73.9547189, 40.7089005], [-73.9543254, 40.7095211], [-73.9538565, 40.7102647], [-73.9523599, 40.7097158], [-73.9528295, 40.7089744]]]]}}, {"type": "Feature", "properties": {"felt:feature": 90, "ed_label": "AD 53 ED 052", "elect_dist": "53052", "borough": "Brooklyn", "community_board": 1, "community_board_label": "Brooklyn CB1", "popup_title": "Brooklyn CB1 \u2014 AD 53 ED 052", "general_mayor": "ZOHRAN KWAME MAMDANI beat ANDREW M. CUOMO, 417 to 171, 68.4% to 28.0%; total votes 610.", "general_mayor_winner": "Mamdani", "general_public_advocate": "JUMAANE D. WILLIAMS beat GONZALO DURAN, 447 to 63, 87.5% to 12.3%; total votes 511.", "general_public_advocate_winner": "Williams", "general_comptroller": "MARK D. LEVINE beat PETER KEFALAS, 422 to 50, 86.5% to 10.2%; total votes 488.", "general_comptroller_winner": "Levine", "question_1": "Disapprove beat Approve, 254 to 231, 52.4% to 47.6%; total votes 485.", "question_1_winner": "No-disapprove!", "question_2": "Approve beat Disapprove, 368 to 131, 73.7% to 26.3%; total votes 499.", "question_2_winner": "Yes-approve!", "question_3": "Approve beat Disapprove, 337 to 157, 68.2% to 31.8%; total votes 494.", "question_3_winner": "Yes-approve!", "question_4": "Approve beat Disapprove, 350 to 141, 71.3% to 28.7%; total votes 491.", "question_4_winner": "Yes-approve!", "question_5": "Approve beat Disapprove, 413 to 74, 84.8% to 15.2%; total votes 487.", "question_5_winner": "Yes-approve!", "question_6": "Approve beat Disapprove, 252 to 230, 52.3% to 47.7%; total votes 482.", "question_6_winner": "Yes-approve!", "dem_primary_mayor": "Zohran Kwame Mamdani beat Andrew M. Cuomo, 242 to 101, 64.4% to 26.9%; total votes 376.", "dem_primary_mayor_winner": "Mamdani", "dem_primary_public_advocate": "Jumaane D. Williams beat Jenifer Rajkumar, 253 to 51, 79.1% to 15.9%; total votes 320.", "dem_primary_public_advocate_winner": "Williams", "dem_primary_comptroller": "Justin Brannan beat Mark D. Levine, 156 to 100, 48.0% to 30.8%; total votes 325.", "dem_primary_comptroller_winner": "Brannan", "popup_summary": "Mayor: ZOHRAN KWAME MAMDANI beat ANDREW M. CUOMO, 417 to 171, 68.4% to 28.0%; total votes 610. | Public Advocate: JUMAANE D. WILLIAMS beat GONZALO DURAN, 447 to 63, 87.5% to 12.3%; total votes 511. | City Comptroller: MARK D. LEVINE beat PETER KEFALAS, 422 to 50, 86.5% to 10.2%; total votes 488. | Question 1: Disapprove beat Approve, 254 to 231, 52.4% to 47.6%; total votes 485. | Question 2: Approve beat Disapprove, 368 to 131, 73.7% to 26.3%; total votes 499. | Question 3: Approve beat Disapprove, 337 to 157, 68.2% to 31.8%; total votes 494. | Question 4: Approve beat Disapprove, 350 to 141, 71.3% to 28.7%; total votes 491. | Question 5: Approve beat Disapprove, 413 to 74, 84.8% to 15.2%; total votes 487. | Question 6: Approve beat Disapprove, 252 to 230, 52.3% to 47.7%; total votes 482. | Dem Primary Mayor: Zohran Kwame Mamdani beat Andrew M. Cuomo, 242 to 101, 64.4% to 26.9%; total votes 376. | Dem Primary Public Advocate: Jumaane D. Williams beat Jenifer Rajkumar, 253 to 51, 79.1% to 15.9%; total votes 320. | Dem Primary Comptroller: Justin Brannan beat Mark D. Levine, 156 to 100, 48.0% to 30.8%; total votes 325.", "mayor_margin": 40.4, "q2_yes": 73.7, "q3_yes": 68.2, "q4_yes": 71.3}, "geometry": {"type": "MultiPolygon", "coordinates": [[[[-73.9509937, 40.7102216], [-73.9509555, 40.7099911], [-73.9508749, 40.7095131], [-73.9508296, 40.7091436], [-73.9507603, 40.7088029], [-73.9511182, 40.7087815], [-73.9513313, 40.7084264], [-73.9528295, 40.7089744], [-73.9523599, 40.7097158], [-73.9538565, 40.7102647], [-73.953582, 40.7107157], [-73.9531319, 40.7107592], [-73.9519681, 40.7103363], [-73.9515162, 40.7101721], [-73.9509937, 40.7102216]]]]}}, {"type": "Feature", "properties": {"felt:feature": 91, "ed_label": "AD 53 ED 053", "elect_dist": "53053", "borough": "Brooklyn", "community_board": 1, "community_board_label": "Brooklyn CB1", "popup_title": "Brooklyn CB1 \u2014 AD 53 ED 053", "general_mayor": "ZOHRAN KWAME MAMDANI beat ANDREW M. CUOMO, 673 to 126, 81.8% to 15.3%; total votes 823.", "general_mayor_winner": "Mamdani", "general_public_advocate": "JUMAANE D. WILLIAMS beat GONZALO DURAN, 720 to 50, 92.7% to 6.4%; total votes 777.", "general_public_advocate_winner": "Williams", "general_comptroller": "MARK D. LEVINE beat PETER KEFALAS, 685 to 43, 91.6% to 5.7%; total votes 748.", "general_comptroller_winner": "Levine", "question_1": "Disapprove beat Approve, 393 to 322, 55.0% to 45.0%; total votes 715.", "question_1_winner": "No-disapprove!", "question_2": "Approve beat Disapprove, 523 to 213, 71.1% to 28.9%; total votes 736.", "question_2_winner": "Yes-approve!", "question_3": "Approve beat Disapprove, 487 to 241, 66.9% to 33.1%; total votes 728.", "question_3_winner": "Yes-approve!", "question_4": "Approve beat Disapprove, 483 to 231, 67.6% to 32.4%; total votes 714.", "question_4_winner": "Yes-approve!", "question_5": "Approve beat Disapprove, 653 to 62, 91.3% to 8.7%; total votes 715.", "question_5_winner": "Yes-approve!", "question_6": "Approve beat Disapprove, 387 to 324, 54.4% to 45.6%; total votes 711.", "question_6_winner": "Yes-approve!", "dem_primary_mayor": "Zohran Kwame Mamdani beat Andrew M. Cuomo, 424 to 70, 77.7% to 12.8%; total votes 546.", "dem_primary_mayor_winner": "Mamdani", "dem_primary_public_advocate": "Jumaane D. Williams beat Jenifer Rajkumar, 391 to 73, 80.5% to 15.0%; total votes 486.", "dem_primary_public_advocate_winner": "Williams", "dem_primary_comptroller": "Justin Brannan beat Mark D. Levine, 276 to 156, 55.3% to 31.3%; total votes 499.", "dem_primary_comptroller_winner": "Brannan", "popup_summary": "Mayor: ZOHRAN KWAME MAMDANI beat ANDREW M. CUOMO, 673 to 126, 81.8% to 15.3%; total votes 823. | Public Advocate: JUMAANE D. WILLIAMS beat GONZALO DURAN, 720 to 50, 92.7% to 6.4%; total votes 777. | City Comptroller: MARK D. LEVINE beat PETER KEFALAS, 685 to 43, 91.6% to 5.7%; total votes 748. | Question 1: Disapprove beat Approve, 393 to 322, 55.0% to 45.0%; total votes 715. | Question 2: Approve beat Disapprove, 523 to 213, 71.1% to 28.9%; total votes 736. | Question 3: Approve beat Disapprove, 487 to 241, 66.9% to 33.1%; total votes 728. | Question 4: Approve beat Disapprove, 483 to 231, 67.6% to 32.4%; total votes 714. | Question 5: Approve beat Disapprove, 653 to 62, 91.3% to 8.7%; total votes 715. | Question 6: Approve beat Disapprove, 387 to 324, 54.4% to 45.6%; total votes 711. | Dem Primary Mayor: Zohran Kwame Mamdani beat Andrew M. Cuomo, 424 to 70, 77.7% to 12.8%; total votes 546. | Dem Primary Public Advocate: Jumaane D. Williams beat Jenifer Rajkumar, 391 to 73, 80.5% to 15.0%; total votes 486. | Dem Primary Comptroller: Justin Brannan beat Mark D. Levine, 276 to 156, 55.3% to 31.3%; total votes 499.", "mayor_margin": 66.5, "q2_yes": 71.1, "q3_yes": 66.9, "q4_yes": 67.6}, "geometry": {"type": "MultiPolygon", "coordinates": [[[[-73.9450059, 40.7079105], [-73.9466567, 40.7077532], [-73.9483034, 40.7075969], [-73.9481958, 40.7068524], [-73.9504059, 40.7066527], [-73.9505301, 40.707391], [-73.9506592, 40.70817], [-73.9507603, 40.7088029], [-73.9485385, 40.709015], [-73.9468525, 40.7091772], [-73.9466119, 40.709199], [-73.9465372, 40.7091631], [-73.9464474, 40.7091409], [-73.9463498, 40.709137], [-73.9462543, 40.7091528], [-73.9461704, 40.7091858], [-73.9461042, 40.7092303], [-73.9460901, 40.7092495], [-73.9460645, 40.7092637], [-73.9460334, 40.709268], [-73.9460054, 40.7092627], [-73.945517, 40.7093016], [-73.9452405, 40.7093236], [-73.9451244, 40.7086252], [-73.9450059, 40.7079105]]]]}}, {"type": "Feature", "properties": {"felt:feature": 92, "ed_label": "AD 53 ED 054", "elect_dist": "53054", "borough": "Brooklyn", "community_board": 1, "community_board_label": "Brooklyn CB1", "popup_title": "Brooklyn CB1 \u2014 AD 53 ED 054", "general_mayor": "ZOHRAN KWAME MAMDANI beat ANDREW M. CUOMO, 563 to 89, 84.8% to 13.4%; total votes 664.", "general_mayor_winner": "Mamdani", "general_public_advocate": "JUMAANE D. WILLIAMS beat GONZALO DURAN, 600 to 25, 94.9% to 4.0%; total votes 632.", "general_public_advocate_winner": "Williams", "general_comptroller": "MARK D. LEVINE beat PETER KEFALAS, 580 to 24, 94.9% to 3.9%; total votes 611.", "general_comptroller_winner": "Levine", "question_1": "Disapprove beat Approve, 332 to 280, 54.2% to 45.8%; total votes 612.", "question_1_winner": "No-disapprove!", "question_2": "Approve beat Disapprove, 473 to 154, 75.4% to 24.6%; total votes 627.", "question_2_winner": "Yes-approve!", "question_3": "Approve beat Disapprove, 424 to 192, 68.8% to 31.2%; total votes 616.", "question_3_winner": "Yes-approve!", "question_4": "Approve beat Disapprove, 428 to 185, 69.8% to 30.2%; total votes 613.", "question_4_winner": "Yes-approve!", "question_5": "Approve beat Disapprove, 560 to 56, 90.9% to 9.1%; total votes 616.", "question_5_winner": "Yes-approve!", "question_6": "Approve beat Disapprove, 330 to 279, 54.2% to 45.8%; total votes 609.", "question_6_winner": "Yes-approve!", "dem_primary_mayor": "Zohran Kwame Mamdani beat Andrew M. Cuomo, 356 to 50, 76.2% to 10.7%; total votes 467.", "dem_primary_mayor_winner": "Mamdani", "dem_primary_public_advocate": "Jumaane D. Williams beat Jenifer Rajkumar, 320 to 74, 76.7% to 17.7%; total votes 417.", "dem_primary_public_advocate_winner": "Williams", "dem_primary_comptroller": "Justin Brannan beat Mark D. Levine, 225 to 120, 54.2% to 28.9%; total votes 415.", "dem_primary_comptroller_winner": "Brannan", "popup_summary": "Mayor: ZOHRAN KWAME MAMDANI beat ANDREW M. CUOMO, 563 to 89, 84.8% to 13.4%; total votes 664. | Public Advocate: JUMAANE D. WILLIAMS beat GONZALO DURAN, 600 to 25, 94.9% to 4.0%; total votes 632. | City Comptroller: MARK D. LEVINE beat PETER KEFALAS, 580 to 24, 94.9% to 3.9%; total votes 611. | Question 1: Disapprove beat Approve, 332 to 280, 54.2% to 45.8%; total votes 612. | Question 2: Approve beat Disapprove, 473 to 154, 75.4% to 24.6%; total votes 627. | Question 3: Approve beat Disapprove, 424 to 192, 68.8% to 31.2%; total votes 616. | Question 4: Approve beat Disapprove, 428 to 185, 69.8% to 30.2%; total votes 613. | Question 5: Approve beat Disapprove, 560 to 56, 90.9% to 9.1%; total votes 616. | Question 6: Approve beat Disapprove, 330 to 279, 54.2% to 45.8%; total votes 609. | Dem Primary Mayor: Zohran Kwame Mamdani beat Andrew M. Cuomo, 356 to 50, 76.2% to 10.7%; total votes 467. | Dem Primary Public Advocate: Jumaane D. Williams beat Jenifer Rajkumar, 320 to 74, 76.7% to 17.7%; total votes 417. | Dem Primary Comptroller: Justin Brannan beat Mark D. Levine, 225 to 120, 54.2% to 28.9%; total votes 415.", "mayor_margin": 71.4, "q2_yes": 75.4, "q3_yes": 68.8, "q4_yes": 69.8}, "geometry": {"type": "MultiPolygon", "coordinates": [[[[-73.940077, 40.7091025], [-73.9399517, 40.7083977], [-73.9416393, 40.70823], [-73.9433229, 40.7080702], [-73.9450059, 40.7079105], [-73.9451244, 40.7086252], [-73.9452405, 40.7093236], [-73.945517, 40.7093016], [-73.9460054, 40.7092627], [-73.9460334, 40.709268], [-73.9460645, 40.7092637], [-73.9460901, 40.7092495], [-73.9461042, 40.7092303], [-73.9461704, 40.7091858], [-73.9462543, 40.7091528], [-73.9463498, 40.709137], [-73.9464474, 40.7091409], [-73.9465372, 40.7091631], [-73.9466119, 40.709199], [-73.9468525, 40.7091772], [-73.9469736, 40.709894], [-73.9468212, 40.7099055], [-73.9467048, 40.7099143], [-73.9465263, 40.7099277], [-73.9462696, 40.709947], [-73.9462223, 40.7099459], [-73.9461756, 40.70994], [-73.9461303, 40.7099294], [-73.9460873, 40.7099144], [-73.9460842, 40.7099435], [-73.9460752, 40.7099719], [-73.9460604, 40.7099989], [-73.9460402, 40.7100237], [-73.9460152, 40.7100458], [-73.9459859, 40.7100647], [-73.9459614, 40.710079], [-73.9459343, 40.7100902], [-73.9459053, 40.7100982], [-73.945875, 40.7101027], [-73.9458442, 40.7101035], [-73.9458136, 40.7101008], [-73.9457839, 40.7100946], [-73.9457558, 40.7100849], [-73.9457299, 40.7100721], [-73.945707, 40.7100564], [-73.9456875, 40.7100382], [-73.9456719, 40.7100179], [-73.9453613, 40.7100543], [-73.9450711, 40.7100834], [-73.9446367, 40.710127], [-73.9444156, 40.7101492], [-73.9438597, 40.710205], [-73.9436769, 40.7102233], [-73.9435851, 40.7096645], [-73.9435709, 40.7095781], [-73.9435575, 40.7094959], [-73.9435443, 40.709416], [-73.9434401, 40.7087809], [-73.94332, 40.7087925], [-73.9426031, 40.7088618], [-73.9423006, 40.708891], [-73.9420771, 40.7089126], [-73.9417588, 40.7089434], [-73.9416072, 40.7089577], [-73.9410462, 40.7090108], [-73.9406797, 40.7090455], [-73.9403235, 40.7090792], [-73.940077, 40.7091025]]]]}}, {"type": "Feature", "properties": {"felt:feature": 93, "ed_label": "AD 53 ED 055", "elect_dist": "53055", "borough": "Brooklyn", "community_board": 1, "community_board_label": "Brooklyn CB1", "popup_title": "Brooklyn CB1 \u2014 AD 53 ED 055", "general_mayor": "ZOHRAN KWAME MAMDANI beat ANDREW M. CUOMO, 464 to 109, 78.0% to 18.3%; total votes 595.", "general_mayor_winner": "Mamdani", "general_public_advocate": "JUMAANE D. WILLIAMS beat GONZALO DURAN, 512 to 40, 91.9% to 7.2%; total votes 557.", "general_public_advocate_winner": "Williams", "general_comptroller": "MARK D. LEVINE beat PETER KEFALAS, 474 to 38, 89.9% to 7.2%; total votes 527.", "general_comptroller_winner": "Levine", "question_1": "Disapprove beat Approve, 273 to 264, 50.8% to 49.2%; total votes 537.", "question_1_winner": "No-disapprove!", "question_2": "Approve beat Disapprove, 415 to 137, 75.2% to 24.8%; total votes 552.", "question_2_winner": "Yes-approve!", "question_3": "Approve beat Disapprove, 372 to 162, 69.7% to 30.3%; total votes 534.", "question_3_winner": "Yes-approve!", "question_4": "Approve beat Disapprove, 386 to 158, 71.0% to 29.0%; total votes 544.", "question_4_winner": "Yes-approve!", "question_5": "Approve beat Disapprove, 463 to 76, 85.9% to 14.1%; total votes 539.", "question_5_winner": "Yes-approve!", "question_6": "Approve beat Disapprove, 292 to 242, 54.7% to 45.3%; total votes 534.", "question_6_winner": "Yes-approve!", "dem_primary_mayor": "Zohran Kwame Mamdani beat Andrew M. Cuomo, 293 to 45, 76.1% to 11.7%; total votes 385.", "dem_primary_mayor_winner": "Mamdani", "dem_primary_public_advocate": "Jumaane D. Williams beat Jenifer Rajkumar, 273 to 48, 78.4% to 13.8%; total votes 348.", "dem_primary_public_advocate_winner": "Williams", "dem_primary_comptroller": "Justin Brannan beat Mark D. Levine, 189 to 102, 54.8% to 29.6%; total votes 345.", "dem_primary_comptroller_winner": "Brannan", "popup_summary": "Mayor: ZOHRAN KWAME MAMDANI beat ANDREW M. CUOMO, 464 to 109, 78.0% to 18.3%; total votes 595. | Public Advocate: JUMAANE D. WILLIAMS beat GONZALO DURAN, 512 to 40, 91.9% to 7.2%; total votes 557. | City Comptroller: MARK D. LEVINE beat PETER KEFALAS, 474 to 38, 89.9% to 7.2%; total votes 527. | Question 1: Disapprove beat Approve, 273 to 264, 50.8% to 49.2%; total votes 537. | Question 2: Approve beat Disapprove, 415 to 137, 75.2% to 24.8%; total votes 552. | Question 3: Approve beat Disapprove, 372 to 162, 69.7% to 30.3%; total votes 534. | Question 4: Approve beat Disapprove, 386 to 158, 71.0% to 29.0%; total votes 544. | Question 5: Approve beat Disapprove, 463 to 76, 85.9% to 14.1%; total votes 539. | Question 6: Approve beat Disapprove, 292 to 242, 54.7% to 45.3%; total votes 534. | Dem Primary Mayor: Zohran Kwame Mamdani beat Andrew M. Cuomo, 293 to 45, 76.1% to 11.7%; total votes 385. | Dem Primary Public Advocate: Jumaane D. Williams beat Jenifer Rajkumar, 273 to 48, 78.4% to 13.8%; total votes 348. | Dem Primary Comptroller: Justin Brannan beat Mark D. Levine, 189 to 102, 54.8% to 29.6%; total votes 345.", "mayor_margin": 59.7, "q2_yes": 75.2, "q3_yes": 69.7, "q4_yes": 71.0}, "geometry": {"type": "MultiPolygon", "coordinates": [[[[-73.9485385, 40.709015], [-73.9507603, 40.7088029], [-73.9508296, 40.7091436], [-73.9508749, 40.7095131], [-73.9509555, 40.7099911], [-73.9509937, 40.7102216], [-73.9510578, 40.710596], [-73.9511157, 40.7109566], [-73.9488923, 40.7111675], [-73.9472444, 40.7113245], [-73.9471732, 40.7109493], [-73.9471046, 40.7105878], [-73.9487715, 40.7104323], [-73.9486553, 40.709725], [-73.9485385, 40.709015]]]]}}, {"type": "Feature", "properties": {"felt:feature": 94, "ed_label": "AD 53 ED 056", "elect_dist": "53056", "borough": "Brooklyn", "community_board": 1, "community_board_label": "Brooklyn CB1", "popup_title": "Brooklyn CB1 \u2014 AD 53 ED 056", "general_mayor": "ZOHRAN KWAME MAMDANI beat ANDREW M. CUOMO, 537 to 137, 75.8% to 19.4%; total votes 708.", "general_mayor_winner": "Mamdani", "general_public_advocate": "JUMAANE D. WILLIAMS beat GONZALO DURAN, 591 to 60, 90.0% to 9.1%; total votes 657.", "general_public_advocate_winner": "Williams", "general_comptroller": "MARK D. LEVINE beat PETER KEFALAS, 545 to 58, 87.8% to 9.3%; total votes 621.", "general_comptroller_winner": "Levine", "question_1": "Disapprove beat Approve, 330 to 293, 53.0% to 47.0%; total votes 623.", "question_1_winner": "No-disapprove!", "question_2": "Approve beat Disapprove, 456 to 175, 72.3% to 27.7%; total votes 631.", "question_2_winner": "Yes-approve!", "question_3": "Approve beat Disapprove, 417 to 208, 66.7% to 33.3%; total votes 625.", "question_3_winner": "Yes-approve!", "question_4": "Approve beat Disapprove, 421 to 193, 68.6% to 31.4%; total votes 614.", "question_4_winner": "Yes-approve!", "question_5": "Approve beat Disapprove, 546 to 71, 88.5% to 11.5%; total votes 617.", "question_5_winner": "Yes-approve!", "question_6": "Approve beat Disapprove, 316 to 303, 51.0% to 49.0%; total votes 619.", "question_6_winner": "Yes-approve!", "dem_primary_mayor": "Zohran Kwame Mamdani beat Andrew M. Cuomo, 332 to 86, 69.6% to 18.0%; total votes 477.", "dem_primary_mayor_winner": "Mamdani", "dem_primary_public_advocate": "Jumaane D. Williams beat Jenifer Rajkumar, 333 to 56, 81.6% to 13.7%; total votes 408.", "dem_primary_public_advocate_winner": "Williams", "dem_primary_comptroller": "Justin Brannan beat Mark D. Levine, 195 to 138, 46.8% to 33.1%; total votes 417.", "dem_primary_comptroller_winner": "Brannan", "popup_summary": "Mayor: ZOHRAN KWAME MAMDANI beat ANDREW M. CUOMO, 537 to 137, 75.8% to 19.4%; total votes 708. | Public Advocate: JUMAANE D. WILLIAMS beat GONZALO DURAN, 591 to 60, 90.0% to 9.1%; total votes 657. | City Comptroller: MARK D. LEVINE beat PETER KEFALAS, 545 to 58, 87.8% to 9.3%; total votes 621. | Question 1: Disapprove beat Approve, 330 to 293, 53.0% to 47.0%; total votes 623. | Question 2: Approve beat Disapprove, 456 to 175, 72.3% to 27.7%; total votes 631. | Question 3: Approve beat Disapprove, 417 to 208, 66.7% to 33.3%; total votes 625. | Question 4: Approve beat Disapprove, 421 to 193, 68.6% to 31.4%; total votes 614. | Question 5: Approve beat Disapprove, 546 to 71, 88.5% to 11.5%; total votes 617. | Question 6: Approve beat Disapprove, 316 to 303, 51.0% to 49.0%; total votes 619. | Dem Primary Mayor: Zohran Kwame Mamdani beat Andrew M. Cuomo, 332 to 86, 69.6% to 18.0%; total votes 477. | Dem Primary Public Advocate: Jumaane D. Williams beat Jenifer Rajkumar, 333 to 56, 81.6% to 13.7%; total votes 408. | Dem Primary Comptroller: Justin Brannan beat Mark D. Levine, 195 to 138, 46.8% to 33.1%; total votes 417.", "mayor_margin": 56.4, "q2_yes": 72.3, "q3_yes": 66.7, "q4_yes": 68.6}, "geometry": {"type": "MultiPolygon", "coordinates": [[[[-73.9436769, 40.7102233], [-73.9438597, 40.710205], [-73.9444156, 40.7101492], [-73.9446367, 40.710127], [-73.9450711, 40.7100834], [-73.9453613, 40.7100543], [-73.9456719, 40.7100179], [-73.9456875, 40.7100382], [-73.945707, 40.7100564], [-73.9457299, 40.7100721], [-73.9457558, 40.7100849], [-73.9457839, 40.7100946], [-73.9458136, 40.7101008], [-73.9458442, 40.7101035], [-73.945875, 40.7101027], [-73.9459053, 40.7100982], [-73.9459343, 40.7100902], [-73.9459614, 40.710079], [-73.9459859, 40.7100647], [-73.9460152, 40.7100458], [-73.9460402, 40.7100237], [-73.9460604, 40.7099989], [-73.9460752, 40.7099719], [-73.9460842, 40.7099435], [-73.9460873, 40.7099144], [-73.9461303, 40.7099294], [-73.9461756, 40.70994], [-73.9462223, 40.7099459], [-73.9462696, 40.709947], [-73.9465263, 40.7099277], [-73.9467048, 40.7099143], [-73.9468212, 40.7099055], [-73.9469736, 40.709894], [-73.9468525, 40.7091772], [-73.9485385, 40.709015], [-73.9486553, 40.709725], [-73.9487715, 40.7104323], [-73.9471046, 40.7105878], [-73.9471732, 40.7109493], [-73.9472444, 40.7113245], [-73.9455962, 40.7114815], [-73.943911, 40.7116415], [-73.9438478, 40.7112608], [-73.943788, 40.7109004], [-73.9436883, 40.710293], [-73.9436769, 40.7102233]]]]}}, {"type": "Feature", "properties": {"felt:feature": 95, "ed_label": "AD 53 ED 057", "elect_dist": "53057", "borough": "Brooklyn", "community_board": 1, "community_board_label": "Brooklyn CB1", "popup_title": "Brooklyn CB1 \u2014 AD 53 ED 057", "general_mayor": "ANDREW M. CUOMO beat ZOHRAN KWAME MAMDANI, 121 to 109, 48.6% to 43.8%; total votes 249.", "general_mayor_winner": "Cuomo", "general_public_advocate": "JUMAANE D. WILLIAMS beat GONZALO DURAN, 186 to 20, 88.2% to 9.5%; total votes 211.", "general_public_advocate_winner": "Williams", "general_comptroller": "MARK D. LEVINE beat ISMAEL MALAVE PEREZ, 160 to 22, 80.0% to 11.0%; total votes 200.", "general_comptroller_winner": "Levine", "question_1": "Approve beat Disapprove, 89 to 82, 52.0% to 48.0%; total votes 171.", "question_1_winner": "Yes-approve!", "question_2": "Approve beat Disapprove, 153 to 33, 82.3% to 17.7%; total votes 186.", "question_2_winner": "Yes-approve!", "question_3": "Approve beat Disapprove, 124 to 54, 69.7% to 30.3%; total votes 178.", "question_3_winner": "Yes-approve!", "question_4": "Approve beat Disapprove, 156 to 26, 85.7% to 14.3%; total votes 182.", "question_4_winner": "Yes-approve!", "question_5": "Approve beat Disapprove, 132 to 45, 74.6% to 25.4%; total votes 177.", "question_5_winner": "Yes-approve!", "question_6": "Approve beat Disapprove, 96 to 83, 53.6% to 46.4%; total votes 179.", "question_6_winner": "Yes-approve!", "dem_primary_mayor": "Andrew M. Cuomo beat Zohran Kwame Mamdani, 87 to 32, 68.0% to 25.0%; total votes 128.", "dem_primary_mayor_winner": "Cuomo", "dem_primary_public_advocate": "Jumaane D. Williams beat Jenifer Rajkumar, 84 to 17, 73.0% to 14.8%; total votes 115.", "dem_primary_public_advocate_winner": "Williams", "dem_primary_comptroller": "Mark D. Levine beat Ismael Malave Perez, 42 to 36, 38.2% to 32.7%; total votes 110.", "dem_primary_comptroller_winner": "Levine", "popup_summary": "Mayor: ANDREW M. CUOMO beat ZOHRAN KWAME MAMDANI, 121 to 109, 48.6% to 43.8%; total votes 249. | Public Advocate: JUMAANE D. WILLIAMS beat GONZALO DURAN, 186 to 20, 88.2% to 9.5%; total votes 211. | City Comptroller: MARK D. LEVINE beat ISMAEL MALAVE PEREZ, 160 to 22, 80.0% to 11.0%; total votes 200. | Question 1: Approve beat Disapprove, 89 to 82, 52.0% to 48.0%; total votes 171. | Question 2: Approve beat Disapprove, 153 to 33, 82.3% to 17.7%; total votes 186. | Question 3: Approve beat Disapprove, 124 to 54, 69.7% to 30.3%; total votes 178. | Question 4: Approve beat Disapprove, 156 to 26, 85.7% to 14.3%; total votes 182. | Question 5: Approve beat Disapprove, 132 to 45, 74.6% to 25.4%; total votes 177. | Question 6: Approve beat Disapprove, 96 to 83, 53.6% to 46.4%; total votes 179. | Dem Primary Mayor: Andrew M. Cuomo beat Zohran Kwame Mamdani, 87 to 32, 68.0% to 25.0%; total votes 128. | Dem Primary Public Advocate: Jumaane D. Williams beat Jenifer Rajkumar, 84 to 17, 73.0% to 14.8%; total votes 115. | Dem Primary Comptroller: Mark D. Levine beat Ismael Malave Perez, 42 to 36, 38.2% to 32.7%; total votes 110.", "mayor_margin": 4.8, "q2_yes": 82.3, "q3_yes": 69.7, "q4_yes": 85.7}, "geometry": {"type": "MultiPolygon", "coordinates": [[[[-73.9403139, 40.7105225], [-73.9401961, 40.7098213], [-73.9401841, 40.7097486], [-73.9401765, 40.7097027], [-73.9401661, 40.7096402], [-73.9401496, 40.7095408], [-73.940077, 40.7091025], [-73.9403235, 40.7090792], [-73.9406797, 40.7090455], [-73.9410462, 40.7090108], [-73.9416072, 40.7089577], [-73.9417588, 40.7089434], [-73.9420771, 40.7089126], [-73.9423006, 40.708891], [-73.9426031, 40.7088618], [-73.94332, 40.7087925], [-73.9434401, 40.7087809], [-73.9435443, 40.709416], [-73.9435575, 40.7094959], [-73.9435709, 40.7095781], [-73.9435851, 40.7096645], [-73.9436769, 40.7102233], [-73.9434529, 40.7102307], [-73.9432535, 40.7102442], [-73.9430435, 40.7102545], [-73.9429797, 40.7102716], [-73.9429108, 40.7102747], [-73.9428449, 40.7102633], [-73.9428099, 40.7102562], [-73.9427726, 40.7102641], [-73.9427475, 40.7102839], [-73.9427142, 40.7103275], [-73.9426636, 40.7103677], [-73.942652, 40.7103731], [-73.9425965, 40.7103988], [-73.9425179, 40.7104156], [-73.9424363, 40.7104153], [-73.9423607, 40.7103988], [-73.942298, 40.7103702], [-73.9422507, 40.7103349], [-73.9419914, 40.7103615], [-73.9418584, 40.7103728], [-73.9415737, 40.7103967], [-73.941432, 40.7104087], [-73.9413699, 40.7103897], [-73.9413696, 40.7103896], [-73.9413693, 40.7103896], [-73.9413461, 40.7103874], [-73.9413206, 40.7103806], [-73.941294, 40.7103767], [-73.941267, 40.7103758], [-73.94124, 40.7103778], [-73.9412138, 40.7103827], [-73.9411887, 40.7103905], [-73.9411655, 40.710401], [-73.9411444, 40.710414], [-73.941126, 40.7104291], [-73.9411107, 40.710446], [-73.9410631, 40.7104911], [-73.941063, 40.7104912], [-73.9410628, 40.7104913], [-73.9409963, 40.7105289], [-73.9409961, 40.7105291], [-73.9409958, 40.7105291], [-73.940914, 40.7105531], [-73.9409136, 40.7105532], [-73.9409133, 40.7105532], [-73.9408241, 40.7105588], [-73.9408238, 40.7105589], [-73.9408235, 40.7105588], [-73.9407375, 40.7105455], [-73.9407373, 40.7105455], [-73.940737, 40.7105453], [-73.9406632, 40.7105166], [-73.9406631, 40.7105165], [-73.940663, 40.7105164], [-73.9406062, 40.710478], [-73.9403139, 40.7105225]]]]}}, {"type": "Feature", "properties": {"felt:feature": 96, "ed_label": "AD 53 ED 058", "elect_dist": "53058", "borough": "Brooklyn", "community_board": 1, "community_board_label": "Brooklyn CB1", "popup_title": "Brooklyn CB1 \u2014 AD 53 ED 058", "general_mayor": "ZOHRAN KWAME MAMDANI beat ANDREW M. CUOMO, 377 to 63, 83.2% to 13.9%; total votes 453.", "general_mayor_winner": "Mamdani", "general_public_advocate": "JUMAANE D. WILLIAMS beat GONZALO DURAN, 403 to 30, 92.2% to 6.9%; total votes 437.", "general_public_advocate_winner": "Williams", "general_comptroller": "MARK D. LEVINE beat PETER KEFALAS, 372 to 30, 89.6% to 7.2%; total votes 415.", "general_comptroller_winner": "Levine", "question_1": "Disapprove beat Approve, 230 to 198, 53.7% to 46.3%; total votes 428.", "question_1_winner": "No-disapprove!", "question_2": "Approve beat Disapprove, 282 to 148, 65.6% to 34.4%; total votes 430.", "question_2_winner": "Yes-approve!", "question_3": "Approve beat Disapprove, 266 to 156, 63.0% to 37.0%; total votes 422.", "question_3_winner": "Yes-approve!", "question_4": "Approve beat Disapprove, 264 to 156, 62.9% to 37.1%; total votes 420.", "question_4_winner": "Yes-approve!", "question_5": "Approve beat Disapprove, 379 to 41, 90.2% to 9.8%; total votes 420.", "question_5_winner": "Yes-approve!", "question_6": "Approve beat Disapprove, 211 to 207, 50.5% to 49.5%; total votes 418.", "question_6_winner": "Yes-approve!", "dem_primary_mayor": "Zohran Kwame Mamdani beat Brad Lander, 250 to 28, 82.0% to 9.2%; total votes 305.", "dem_primary_mayor_winner": "Mamdani", "dem_primary_public_advocate": "Jumaane D. Williams beat Jenifer Rajkumar, 224 to 39, 82.4% to 14.3%; total votes 272.", "dem_primary_public_advocate_winner": "Williams", "dem_primary_comptroller": "Justin Brannan beat Mark D. Levine, 157 to 70, 58.4% to 26.0%; total votes 269.", "dem_primary_comptroller_winner": "Brannan", "popup_summary": "Mayor: ZOHRAN KWAME MAMDANI beat ANDREW M. CUOMO, 377 to 63, 83.2% to 13.9%; total votes 453. | Public Advocate: JUMAANE D. WILLIAMS beat GONZALO DURAN, 403 to 30, 92.2% to 6.9%; total votes 437. | City Comptroller: MARK D. LEVINE beat PETER KEFALAS, 372 to 30, 89.6% to 7.2%; total votes 415. | Question 1: Disapprove beat Approve, 230 to 198, 53.7% to 46.3%; total votes 428. | Question 2: Approve beat Disapprove, 282 to 148, 65.6% to 34.4%; total votes 430. | Question 3: Approve beat Disapprove, 266 to 156, 63.0% to 37.0%; total votes 422. | Question 4: Approve beat Disapprove, 264 to 156, 62.9% to 37.1%; total votes 420. | Question 5: Approve beat Disapprove, 379 to 41, 90.2% to 9.8%; total votes 420. | Question 6: Approve beat Disapprove, 211 to 207, 50.5% to 49.5%; total votes 418. | Dem Primary Mayor: Zohran Kwame Mamdani beat Brad Lander, 250 to 28, 82.0% to 9.2%; total votes 305. | Dem Primary Public Advocate: Jumaane D. Williams beat Jenifer Rajkumar, 224 to 39, 82.4% to 14.3%; total votes 272. | Dem Primary Comptroller: Justin Brannan beat Mark D. Levine, 157 to 70, 58.4% to 26.0%; total votes 269.", "mayor_margin": 69.3, "q2_yes": 65.6, "q3_yes": 63.0, "q4_yes": 62.9}, "geometry": {"type": "MultiPolygon", "coordinates": [[[[-73.9320728, 40.7077858], [-73.9322971, 40.7077494], [-73.9339187, 40.707487], [-73.9358971, 40.7072825], [-73.9357088, 40.7067038], [-73.9356693, 40.706585], [-73.9390374, 40.7062656], [-73.9395975, 40.7062104], [-73.9397146, 40.7069183], [-73.9398371, 40.7076537], [-73.9399517, 40.7083977], [-73.940077, 40.7091025], [-73.9401496, 40.7095408], [-73.9401661, 40.7096402], [-73.9401765, 40.7097027], [-73.9401841, 40.7097486], [-73.9401961, 40.7098213], [-73.9403139, 40.7105225], [-73.9403381, 40.7106774], [-73.9403453, 40.7107233], [-73.9403526, 40.7107802], [-73.9404225, 40.7112176], [-73.9404771, 40.7115626], [-73.940688, 40.711962], [-73.9384662, 40.7124893], [-73.93832, 40.7125237], [-73.9380582, 40.712587], [-73.937248, 40.7127827], [-73.9348028, 40.7133725], [-73.9345333, 40.7127533], [-73.9342571, 40.712123], [-73.9338927, 40.7113357], [-73.9336015, 40.7106691], [-73.933296, 40.7099877], [-73.9329969, 40.7093172], [-73.9326922, 40.708632], [-73.9325231, 40.7082382], [-73.9320728, 40.7077858]]]]}}, {"type": "Feature", "properties": {"felt:feature": 97, "ed_label": "AD 53 ED 059", "elect_dist": "53059", "borough": "Brooklyn", "community_board": 1, "community_board_label": "Brooklyn CB1", "popup_title": "Brooklyn CB1 \u2014 AD 53 ED 059", "general_mayor": "ZOHRAN KWAME MAMDANI beat ANDREW M. CUOMO, 281 to 93, 71.7% to 23.7%; total votes 392.", "general_mayor_winner": "Mamdani", "general_public_advocate": "JUMAANE D. WILLIAMS beat GONZALO DURAN, 335 to 25, 92.5% to 6.9%; total votes 362.", "general_public_advocate_winner": "Williams", "general_comptroller": "MARK D. LEVINE beat PETER KEFALAS, 327 to 16, 92.6% to 4.5%; total votes 353.", "general_comptroller_winner": "Levine", "question_1": "Approve beat Disapprove, 174 to 170, 50.6% to 49.4%; total votes 344.", "question_1_winner": "Yes-approve!", "question_2": "Approve beat Disapprove, 273 to 81, 77.1% to 22.9%; total votes 354.", "question_2_winner": "Yes-approve!", "question_3": "Approve beat Disapprove, 244 to 106, 69.7% to 30.3%; total votes 350.", "question_3_winner": "Yes-approve!", "question_4": "Approve beat Disapprove, 253 to 93, 73.1% to 26.9%; total votes 346.", "question_4_winner": "Yes-approve!", "question_5": "Approve beat Disapprove, 290 to 51, 85.0% to 15.0%; total votes 341.", "question_5_winner": "Yes-approve!", "question_6": "Approve beat Disapprove, 189 to 157, 54.6% to 45.4%; total votes 346.", "question_6_winner": "Yes-approve!", "dem_primary_mayor": "Zohran Kwame Mamdani beat Andrew M. Cuomo, 155 to 54, 64.3% to 22.4%; total votes 241.", "dem_primary_mayor_winner": "Mamdani", "dem_primary_public_advocate": "Jumaane D. Williams beat Jenifer Rajkumar, 168 to 27, 80.4% to 12.9%; total votes 209.", "dem_primary_public_advocate_winner": "Williams", "dem_primary_comptroller": "Justin Brannan beat Mark D. Levine, 94 to 74, 43.7% to 34.4%; total votes 215.", "dem_primary_comptroller_winner": "Brannan", "popup_summary": "Mayor: ZOHRAN KWAME MAMDANI beat ANDREW M. CUOMO, 281 to 93, 71.7% to 23.7%; total votes 392. | Public Advocate: JUMAANE D. WILLIAMS beat GONZALO DURAN, 335 to 25, 92.5% to 6.9%; total votes 362. | City Comptroller: MARK D. LEVINE beat PETER KEFALAS, 327 to 16, 92.6% to 4.5%; total votes 353. | Question 1: Approve beat Disapprove, 174 to 170, 50.6% to 49.4%; total votes 344. | Question 2: Approve beat Disapprove, 273 to 81, 77.1% to 22.9%; total votes 354. | Question 3: Approve beat Disapprove, 244 to 106, 69.7% to 30.3%; total votes 350. | Question 4: Approve beat Disapprove, 253 to 93, 73.1% to 26.9%; total votes 346. | Question 5: Approve beat Disapprove, 290 to 51, 85.0% to 15.0%; total votes 341. | Question 6: Approve beat Disapprove, 189 to 157, 54.6% to 45.4%; total votes 346. | Dem Primary Mayor: Zohran Kwame Mamdani beat Andrew M. Cuomo, 155 to 54, 64.3% to 22.4%; total votes 241. | Dem Primary Public Advocate: Jumaane D. Williams beat Jenifer Rajkumar, 168 to 27, 80.4% to 12.9%; total votes 209. | Dem Primary Comptroller: Justin Brannan beat Mark D. Levine, 94 to 74, 43.7% to 34.4%; total votes 215.", "mayor_margin": 48.0, "q2_yes": 77.1, "q3_yes": 69.7, "q4_yes": 73.1}, "geometry": {"type": "MultiPolygon", "coordinates": [[[[-73.9403139, 40.7105225], [-73.9406062, 40.710478], [-73.940663, 40.7105164], [-73.9406631, 40.7105165], [-73.9406632, 40.7105166], [-73.940737, 40.7105453], [-73.9407373, 40.7105455], [-73.9407375, 40.7105455], [-73.9408235, 40.7105588], [-73.9408238, 40.7105589], [-73.9408241, 40.7105588], [-73.9409133, 40.7105532], [-73.9409136, 40.7105532], [-73.940914, 40.7105531], [-73.9409958, 40.7105291], [-73.9409961, 40.7105291], [-73.9409963, 40.7105289], [-73.9410628, 40.7104913], [-73.941063, 40.7104912], [-73.9410631, 40.7104911], [-73.9411107, 40.710446], [-73.941126, 40.7104291], [-73.9411444, 40.710414], [-73.9411655, 40.710401], [-73.9411887, 40.7103905], [-73.9412138, 40.7103827], [-73.94124, 40.7103778], [-73.941267, 40.7103758], [-73.941294, 40.7103767], [-73.9413206, 40.7103806], [-73.9413461, 40.7103874], [-73.9413693, 40.7103896], [-73.9413696, 40.7103896], [-73.9413699, 40.7103897], [-73.941432, 40.7104087], [-73.9415737, 40.7103967], [-73.9418584, 40.7103728], [-73.9419914, 40.7103615], [-73.9422507, 40.7103349], [-73.942298, 40.7103702], [-73.9423607, 40.7103988], [-73.9424363, 40.7104153], [-73.9425179, 40.7104156], [-73.9425965, 40.7103988], [-73.942652, 40.7103731], [-73.9426636, 40.7103677], [-73.9427142, 40.7103275], [-73.9427475, 40.7102839], [-73.9427726, 40.7102641], [-73.9428099, 40.7102562], [-73.9428449, 40.7102633], [-73.9429108, 40.7102747], [-73.9429797, 40.7102716], [-73.9430435, 40.7102545], [-73.9432535, 40.7102442], [-73.9434529, 40.7102307], [-73.9436769, 40.7102233], [-73.9436883, 40.710293], [-73.943788, 40.7109004], [-73.9438478, 40.7112608], [-73.943911, 40.7116415], [-73.9422278, 40.7118006], [-73.940688, 40.711962], [-73.9404771, 40.7115626], [-73.9404225, 40.7112176], [-73.9403526, 40.7107802], [-73.9403453, 40.7107233], [-73.9403381, 40.7106774], [-73.9403139, 40.7105225]]]]}}, {"type": "Feature", "properties": {"felt:feature": 98, "ed_label": "AD 53 ED 060", "elect_dist": "53060", "borough": "Brooklyn", "community_board": 1, "community_board_label": "Brooklyn CB1", "popup_title": "Brooklyn CB1 \u2014 AD 53 ED 060", "general_mayor": "ZOHRAN KWAME MAMDANI beat ANDREW M. CUOMO, 936 to 161, 83.3% to 14.3%; total votes 1123.", "general_mayor_winner": "Mamdani", "general_public_advocate": "JUMAANE D. WILLIAMS beat GONZALO DURAN, 996 to 69, 92.6% to 6.4%; total votes 1076.", "general_public_advocate_winner": "Williams", "general_comptroller": "MARK D. LEVINE beat PETER KEFALAS, 959 to 65, 92.0% to 6.2%; total votes 1042.", "general_comptroller_winner": "Levine", "question_1": "Disapprove beat Approve, 567 to 452, 55.6% to 44.4%; total votes 1019.", "question_1_winner": "No-disapprove!", "question_2": "Approve beat Disapprove, 716 to 323, 68.9% to 31.1%; total votes 1039.", "question_2_winner": "Yes-approve!", "question_3": "Approve beat Disapprove, 664 to 359, 64.9% to 35.1%; total votes 1023.", "question_3_winner": "Yes-approve!", "question_4": "Approve beat Disapprove, 645 to 358, 64.3% to 35.7%; total votes 1003.", "question_4_winner": "Yes-approve!", "question_5": "Approve beat Disapprove, 903 to 107, 89.4% to 10.6%; total votes 1010.", "question_5_winner": "Yes-approve!", "question_6": "Disapprove beat Approve, 496 to 495, 50.0% to 50.0%; total votes 991.", "question_6_winner": "No-disapprove!", "dem_primary_mayor": "Zohran Kwame Mamdani beat Brad Lander, 632 to 101, 76.3% to 12.2%; total votes 828.", "dem_primary_mayor_winner": "Mamdani", "dem_primary_public_advocate": "Jumaane D. Williams beat Jenifer Rajkumar, 551 to 108, 77.4% to 15.2%; total votes 712.", "dem_primary_public_advocate_winner": "Williams", "dem_primary_comptroller": "Justin Brannan beat Mark D. Levine, 408 to 218, 56.2% to 30.0%; total votes 726.", "dem_primary_comptroller_winner": "Brannan", "popup_summary": "Mayor: ZOHRAN KWAME MAMDANI beat ANDREW M. CUOMO, 936 to 161, 83.3% to 14.3%; total votes 1123. | Public Advocate: JUMAANE D. WILLIAMS beat GONZALO DURAN, 996 to 69, 92.6% to 6.4%; total votes 1076. | City Comptroller: MARK D. LEVINE beat PETER KEFALAS, 959 to 65, 92.0% to 6.2%; total votes 1042. | Question 1: Disapprove beat Approve, 567 to 452, 55.6% to 44.4%; total votes 1019. | Question 2: Approve beat Disapprove, 716 to 323, 68.9% to 31.1%; total votes 1039. | Question 3: Approve beat Disapprove, 664 to 359, 64.9% to 35.1%; total votes 1023. | Question 4: Approve beat Disapprove, 645 to 358, 64.3% to 35.7%; total votes 1003. | Question 5: Approve beat Disapprove, 903 to 107, 89.4% to 10.6%; total votes 1010. | Question 6: Disapprove beat Approve, 496 to 495, 50.0% to 50.0%; total votes 991. | Dem Primary Mayor: Zohran Kwame Mamdani beat Brad Lander, 632 to 101, 76.3% to 12.2%; total votes 828. | Dem Primary Public Advocate: Jumaane D. Williams beat Jenifer Rajkumar, 551 to 108, 77.4% to 15.2%; total votes 712. | Dem Primary Comptroller: Justin Brannan beat Mark D. Levine, 408 to 218, 56.2% to 30.0%; total votes 726.", "mayor_margin": 69.0, "q2_yes": 68.9, "q3_yes": 64.9, "q4_yes": 64.3}, "geometry": {"type": "MultiPolygon", "coordinates": [[[[-73.9313675, 40.7142525], [-73.9314825, 40.7142217], [-73.9316274, 40.7141856], [-73.9323302, 40.71401], [-73.933179, 40.713799], [-73.9348028, 40.7133725], [-73.937248, 40.7127827], [-73.9380582, 40.712587], [-73.93832, 40.7125237], [-73.9384662, 40.7124893], [-73.940688, 40.711962], [-73.9410405, 40.7126659], [-73.9413852, 40.7133471], [-73.941713, 40.7140071], [-73.9419273, 40.7144454], [-73.9420658, 40.7147289], [-73.9413714, 40.7146979], [-73.9387548, 40.7145927], [-73.9372947, 40.7145366], [-73.9352887, 40.714457], [-73.9354128, 40.7147373], [-73.9356137, 40.7151909], [-73.9357116, 40.7154092], [-73.9340822, 40.7158206], [-73.9339779, 40.7155888], [-73.9337737, 40.7151301], [-73.9334418, 40.714385], [-73.9324179, 40.7143535], [-73.9322782, 40.7143525], [-73.9316678, 40.7142855], [-73.9313675, 40.7142525]]]]}}, {"type": "Feature", "properties": {"felt:feature": 99, "ed_label": "AD 53 ED 061", "elect_dist": "53061", "borough": "Brooklyn", "community_board": 1, "community_board_label": "Brooklyn CB1", "popup_title": "Brooklyn CB1 \u2014 AD 53 ED 061", "general_mayor": "ZOHRAN KWAME MAMDANI beat ANDREW M. CUOMO, 774 to 112, 84.8% to 12.3%; total votes 913.", "general_mayor_winner": "Mamdani", "general_public_advocate": "JUMAANE D. WILLIAMS beat GONZALO DURAN, 805 to 63, 91.2% to 7.1%; total votes 883.", "general_public_advocate_winner": "Williams", "general_comptroller": "MARK D. LEVINE beat PETER KEFALAS, 794 to 54, 92.4% to 6.3%; total votes 859.", "general_comptroller_winner": "Levine", "question_1": "Disapprove beat Approve, 450 to 397, 53.1% to 46.9%; total votes 847.", "question_1_winner": "No-disapprove!", "question_2": "Approve beat Disapprove, 579 to 279, 67.5% to 32.5%; total votes 858.", "question_2_winner": "Yes-approve!", "question_3": "Approve beat Disapprove, 536 to 312, 63.2% to 36.8%; total votes 848.", "question_3_winner": "Yes-approve!", "question_4": "Approve beat Disapprove, 533 to 313, 63.0% to 37.0%; total votes 846.", "question_4_winner": "Yes-approve!", "question_5": "Approve beat Disapprove, 777 to 78, 90.9% to 9.1%; total votes 855.", "question_5_winner": "Yes-approve!", "question_6": "Approve beat Disapprove, 451 to 398, 53.1% to 46.9%; total votes 849.", "question_6_winner": "Yes-approve!", "dem_primary_mayor": "Zohran Kwame Mamdani beat Brad Lander, 478 to 104, 72.4% to 15.8%; total votes 660.", "dem_primary_mayor_winner": "Mamdani", "dem_primary_public_advocate": "Jumaane D. Williams beat Jenifer Rajkumar, 462 to 92, 78.6% to 15.6%; total votes 588.", "dem_primary_public_advocate_winner": "Williams", "dem_primary_comptroller": "Justin Brannan beat Mark D. Levine, 328 to 200, 55.1% to 33.6%; total votes 595.", "dem_primary_comptroller_winner": "Brannan", "popup_summary": "Mayor: ZOHRAN KWAME MAMDANI beat ANDREW M. CUOMO, 774 to 112, 84.8% to 12.3%; total votes 913. | Public Advocate: JUMAANE D. WILLIAMS beat GONZALO DURAN, 805 to 63, 91.2% to 7.1%; total votes 883. | City Comptroller: MARK D. LEVINE beat PETER KEFALAS, 794 to 54, 92.4% to 6.3%; total votes 859. | Question 1: Disapprove beat Approve, 450 to 397, 53.1% to 46.9%; total votes 847. | Question 2: Approve beat Disapprove, 579 to 279, 67.5% to 32.5%; total votes 858. | Question 3: Approve beat Disapprove, 536 to 312, 63.2% to 36.8%; total votes 848. | Question 4: Approve beat Disapprove, 533 to 313, 63.0% to 37.0%; total votes 846. | Question 5: Approve beat Disapprove, 777 to 78, 90.9% to 9.1%; total votes 855. | Question 6: Approve beat Disapprove, 451 to 398, 53.1% to 46.9%; total votes 849. | Dem Primary Mayor: Zohran Kwame Mamdani beat Brad Lander, 478 to 104, 72.4% to 15.8%; total votes 660. | Dem Primary Public Advocate: Jumaane D. Williams beat Jenifer Rajkumar, 462 to 92, 78.6% to 15.6%; total votes 588. | Dem Primary Comptroller: Justin Brannan beat Mark D. Levine, 328 to 200, 55.1% to 33.6%; total votes 595.", "mayor_margin": 72.5, "q2_yes": 67.5, "q3_yes": 63.2, "q4_yes": 63.0}, "geometry": {"type": "MultiPolygon", "coordinates": [[[[-73.9313675, 40.7142525], [-73.9316678, 40.7142855], [-73.9322782, 40.7143525], [-73.9324179, 40.7143535], [-73.9334418, 40.714385], [-73.9337737, 40.7151301], [-73.9339779, 40.7155888], [-73.9340822, 40.7158206], [-73.9357116, 40.7154092], [-73.9356137, 40.7151909], [-73.9354128, 40.7147373], [-73.9352887, 40.714457], [-73.9372947, 40.7145366], [-73.9387548, 40.7145927], [-73.9413714, 40.7146979], [-73.9420658, 40.7147289], [-73.9421608, 40.715063], [-73.9421625, 40.7154513], [-73.942077, 40.7161776], [-73.9418362, 40.7169229], [-73.9402312, 40.7170914], [-73.9401207, 40.7163598], [-73.9383378, 40.7169054], [-73.9380525, 40.7168047], [-73.9365526, 40.7172185], [-73.9366591, 40.7174378], [-73.9349838, 40.7178377], [-73.9347045, 40.7172088], [-73.9316057, 40.7180105], [-73.924797, 40.719853], [-73.9246762, 40.7198857], [-73.9246089, 40.7197897], [-73.9245343, 40.7196662], [-73.92452, 40.7196127], [-73.9245202, 40.7195684], [-73.9245208, 40.7195536], [-73.9245386, 40.7193426], [-73.9245536, 40.7192791], [-73.9245795, 40.7191625], [-73.9246295, 40.718987], [-73.92469, 40.7187223], [-73.9247023, 40.7186883], [-73.9247718, 40.7185646], [-73.9248156, 40.7184868], [-73.9248641, 40.7184404], [-73.9249318, 40.7184058], [-73.924992, 40.7183848], [-73.9250868, 40.7183842], [-73.9261579, 40.7180995], [-73.9263837, 40.7180848], [-73.9283793, 40.7175784], [-73.9283915, 40.7175788], [-73.9284038, 40.7175802], [-73.9284213, 40.7175842], [-73.9284242, 40.7175853], [-73.9284269, 40.7175868], [-73.9284294, 40.7175886], [-73.9284317, 40.7175908], [-73.9284357, 40.717596], [-73.9284456, 40.7176119], [-73.9284495, 40.7176161], [-73.9284517, 40.7176178], [-73.9284539, 40.7176192], [-73.9284619, 40.7176231], [-73.9284708, 40.7176263], [-73.9284806, 40.7176287], [-73.9284915, 40.7176305], [-73.9285135, 40.7176321], [-73.9285743, 40.7176331], [-73.9285917, 40.7176351], [-73.9286067, 40.7176383], [-73.9286372, 40.717648], [-73.9286677, 40.7176593], [-73.9286983, 40.7176724], [-73.9287287, 40.7176871], [-73.9287354, 40.7176912], [-73.9287421, 40.7176965], [-73.9287685, 40.717722], [-73.9287761, 40.7177273], [-73.92878, 40.7177293], [-73.928784, 40.717731], [-73.9287896, 40.7177329], [-73.9287956, 40.7177343], [-73.9288086, 40.717736], [-73.9288225, 40.717736], [-73.9288371, 40.7177344], [-73.928852, 40.7177311], [-73.9288664, 40.7177263], [-73.9288797, 40.7177203], [-73.9288911, 40.7177133], [-73.9289685, 40.7176475], [-73.9289822, 40.7176366], [-73.9290742, 40.7175713], [-73.9290935, 40.7175562], [-73.92911, 40.7175416], [-73.9291243, 40.7175273], [-73.9291365, 40.7175131], [-73.9291386, 40.71751], [-73.9291402, 40.7175068], [-73.9291423, 40.7174993], [-73.929143, 40.7174907], [-73.9291425, 40.7174645], [-73.929144, 40.7174566], [-73.9291453, 40.7174531], [-73.929147, 40.7174499], [-73.929157, 40.7174364], [-73.9291699, 40.7174236], [-73.9291854, 40.7174117], [-73.9292029, 40.7174011], [-73.9295686, 40.7172215], [-73.9296058, 40.7171902], [-73.9296394, 40.7171565], [-73.9296488, 40.7171459], [-73.9296672, 40.7171225], [-73.929683, 40.7170984], [-73.9296957, 40.7170739], [-73.9297054, 40.7170493], [-73.9297076, 40.7170402], [-73.9297085, 40.7170307], [-73.929708, 40.7170208], [-73.9297061, 40.7170108], [-73.9296985, 40.716991], [-73.9296929, 40.7169817], [-73.9296862, 40.7169731], [-73.9295071, 40.7165908], [-73.9295023, 40.7165855], [-73.9294985, 40.7165797], [-73.9294956, 40.7165734], [-73.9294939, 40.716567], [-73.9294935, 40.7165633], [-73.9294946, 40.7165358], [-73.9294964, 40.7165268], [-73.9294973, 40.7165221], [-73.9295017, 40.7164998], [-73.92932, 40.716112], [-73.9293157, 40.7160781], [-73.9293165, 40.7160438], [-73.9293219, 40.7160121], [-73.9293318, 40.7159766], [-73.9293448, 40.7159389], [-73.9293613, 40.7158983], [-73.9293825, 40.7158516], [-73.9294005, 40.7158165], [-73.9294198, 40.715785], [-73.9294407, 40.7157566], [-73.9294633, 40.715731], [-73.9294736, 40.7157215], [-73.9294853, 40.7157124], [-73.9294983, 40.7157041], [-73.9295125, 40.7156965], [-73.9295275, 40.7156898], [-73.9295431, 40.7156842], [-73.9295592, 40.7156796], [-73.9295754, 40.7156763], [-73.9302996, 40.7155079], [-73.931493, 40.7152085], [-73.931513, 40.7152119], [-73.9315333, 40.715214], [-73.931536, 40.7152142], [-73.9315589, 40.7152149], [-73.9315844, 40.7152143], [-73.9316593, 40.7152086], [-73.9317053, 40.7152032], [-73.9317501, 40.7151946], [-73.9317927, 40.715183], [-73.9318324, 40.7151685], [-73.9319048, 40.7151376], [-73.9319881, 40.7151001], [-73.9320446, 40.7150742], [-73.9320805, 40.7150565], [-73.9321048, 40.7150426], [-73.93213, 40.7150256], [-73.9321557, 40.7150061], [-73.9321975, 40.7149721], [-73.9322061, 40.714964], [-73.9322136, 40.7149551], [-73.9322253, 40.7149358], [-73.9322304, 40.7149215], [-73.9322341, 40.714902], [-73.9322347, 40.7148935], [-73.9322354, 40.7148829], [-73.932234, 40.7148644], [-73.93223, 40.714847], [-73.9322152, 40.7148056], [-73.932197, 40.7147664], [-73.9321737, 40.7147221], [-73.9321567, 40.7146948], [-73.9321536, 40.714691], [-73.93215, 40.7146875], [-73.9321413, 40.7146813], [-73.9321369, 40.714679], [-73.9317536, 40.7147417], [-73.9315905, 40.7143995], [-73.9315566, 40.7143934], [-73.931542, 40.7143596], [-73.931426, 40.7143823], [-73.9313675, 40.7142525]]]]}}, {"type": "Feature", "properties": {"felt:feature": 100, "ed_label": "AD 53 ED 062", "elect_dist": "53062", "borough": "Brooklyn", "community_board": 1, "community_board_label": "Brooklyn CB1", "popup_title": "Brooklyn CB1 \u2014 AD 53 ED 062", "general_mayor": "ZOHRAN KWAME MAMDANI beat ANDREW M. CUOMO, 283 to 159, 59.6% to 33.5%; total votes 475.", "general_mayor_winner": "Mamdani", "general_public_advocate": "JUMAANE D. WILLIAMS beat GONZALO DURAN, 378 to 54, 86.1% to 12.3%; total votes 439.", "general_public_advocate_winner": "Williams", "general_comptroller": "MARK D. LEVINE beat PETER KEFALAS, 352 to 46, 84.8% to 11.1%; total votes 415.", "general_comptroller_winner": "Levine", "question_1": "Disapprove beat Approve, 205 to 180, 53.2% to 46.8%; total votes 385.", "question_1_winner": "No-disapprove!", "question_2": "Approve beat Disapprove, 310 to 93, 76.9% to 23.1%; total votes 403.", "question_2_winner": "Yes-approve!", "question_3": "Approve beat Disapprove, 278 to 112, 71.3% to 28.7%; total votes 390.", "question_3_winner": "Yes-approve!", "question_4": "Approve beat Disapprove, 299 to 103, 74.4% to 25.6%; total votes 402.", "question_4_winner": "Yes-approve!", "question_5": "Approve beat Disapprove, 311 to 79, 79.7% to 20.3%; total votes 390.", "question_5_winner": "Yes-approve!", "question_6": "Approve beat Disapprove, 209 to 189, 52.5% to 47.5%; total votes 398.", "question_6_winner": "Yes-approve!", "dem_primary_mayor": "Andrew M. Cuomo beat Zohran Kwame Mamdani, 116 to 108, 45.3% to 42.2%; total votes 256.", "dem_primary_mayor_winner": "Cuomo", "dem_primary_public_advocate": "Jumaane D. Williams beat Jenifer Rajkumar, 174 to 38, 74.4% to 16.2%; total votes 234.", "dem_primary_public_advocate_winner": "Williams", "dem_primary_comptroller": "Mark D. Levine beat Justin Brannan, 109 to 62, 48.2% to 27.4%; total votes 226.", "dem_primary_comptroller_winner": "Levine", "popup_summary": "Mayor: ZOHRAN KWAME MAMDANI beat ANDREW M. CUOMO, 283 to 159, 59.6% to 33.5%; total votes 475. | Public Advocate: JUMAANE D. WILLIAMS beat GONZALO DURAN, 378 to 54, 86.1% to 12.3%; total votes 439. | City Comptroller: MARK D. LEVINE beat PETER KEFALAS, 352 to 46, 84.8% to 11.1%; total votes 415. | Question 1: Disapprove beat Approve, 205 to 180, 53.2% to 46.8%; total votes 385. | Question 2: Approve beat Disapprove, 310 to 93, 76.9% to 23.1%; total votes 403. | Question 3: Approve beat Disapprove, 278 to 112, 71.3% to 28.7%; total votes 390. | Question 4: Approve beat Disapprove, 299 to 103, 74.4% to 25.6%; total votes 402. | Question 5: Approve beat Disapprove, 311 to 79, 79.7% to 20.3%; total votes 390. | Question 6: Approve beat Disapprove, 209 to 189, 52.5% to 47.5%; total votes 398. | Dem Primary Mayor: Andrew M. Cuomo beat Zohran Kwame Mamdani, 116 to 108, 45.3% to 42.2%; total votes 256. | Dem Primary Public Advocate: Jumaane D. Williams beat Jenifer Rajkumar, 174 to 38, 74.4% to 16.2%; total votes 234. | Dem Primary Comptroller: Mark D. Levine beat Justin Brannan, 109 to 62, 48.2% to 27.4%; total votes 226.", "mayor_margin": 26.1, "q2_yes": 76.9, "q3_yes": 71.3, "q4_yes": 74.4}, "geometry": {"type": "MultiPolygon", "coordinates": [[[[-73.9246762, 40.7198857], [-73.924797, 40.719853], [-73.9316057, 40.7180105], [-73.9347045, 40.7172088], [-73.9349838, 40.7178377], [-73.9366591, 40.7174378], [-73.9365526, 40.7172185], [-73.9380525, 40.7168047], [-73.9383378, 40.7169054], [-73.9401207, 40.7163598], [-73.9402312, 40.7170914], [-73.9418362, 40.7169229], [-73.9412701, 40.7176966], [-73.9406677, 40.7184473], [-73.940492, 40.7186783], [-73.9403263, 40.7187218], [-73.9402284, 40.7187476], [-73.9399052, 40.7188325], [-73.939586, 40.7189164], [-73.939087, 40.7190476], [-73.9389893, 40.7190734], [-73.9389223, 40.7190911], [-73.9386353, 40.7191668], [-73.9385214, 40.7191969], [-73.9381233, 40.7193019], [-73.9379865, 40.719338], [-73.9375325, 40.7194562], [-73.9370891, 40.7195667], [-73.9364234, 40.7197301], [-73.9358851, 40.7198654], [-73.9362087, 40.7205762], [-73.9365044, 40.7212475], [-73.9368057, 40.7219256], [-73.9371064, 40.7226013], [-73.9355888, 40.7229911], [-73.9340123, 40.7234036], [-73.9324416, 40.7238134], [-73.930871, 40.7242201], [-73.9292639, 40.7246257], [-73.9279231, 40.7249789], [-73.9278029, 40.7250103], [-73.9277965, 40.7249257], [-73.9272028, 40.7236529], [-73.9256147, 40.7200617], [-73.924818, 40.7202651], [-73.9248154, 40.7202256], [-73.9247089, 40.7199989], [-73.924711, 40.7199912], [-73.924745, 40.7199852], [-73.9246762, 40.7198857]]]]}}]}