{"type": "FeatureCollection", "features": [{"type": "Feature", "properties": {"felt:feature": 1, "ed_label": "AD 80 ED 003", "elect_dist": "80003", "borough": "Bronx", "community_board": 12, "community_board_label": "Bronx CB12", "popup_title": "Bronx CB12 \u2014 AD 80 ED 003", "general_mayor": "ZOHRAN KWAME MAMDANI beat ANDREW M. CUOMO, 31.9 to 21.2, 55.1% to 36.7%; total votes 57.9.", "general_mayor_winner": "Mamdani", "general_public_advocate": "JUMAANE D. WILLIAMS beat GONZALO DURAN, 42.9 to 7.9, 82.6% to 15.2%; total votes 52.", "general_public_advocate_winner": "Williams", "general_comptroller": "MARK D. LEVINE beat PETER KEFALAS, 40.9 to 7, 80.1% to 13.7%; total votes 51.1.", "general_comptroller_winner": "Levine", "question_1": "Disapprove beat Approve, 24.2 to 21.9, 52.5% to 47.5%; total votes 46.1.", "question_1_winner": "No-disapprove!", "question_2": "Approve beat Disapprove, 36.4 to 11.1, 76.7% to 23.3%; total votes 47.5.", "question_2_winner": "Yes-approve!", "question_3": "Approve beat Disapprove, 35.9 to 10.8, 76.8% to 23.2%; total votes 46.8.", "question_3_winner": "Yes-approve!", "question_4": "Approve beat Disapprove, 37.3 to 10.2, 78.6% to 21.4%; total votes 47.5.", "question_4_winner": "Yes-approve!", "question_5": "Approve beat Disapprove, 35.7 to 11.1, 76.3% to 23.7%; total votes 46.8.", "question_5_winner": "Yes-approve!", "question_6": "Disapprove beat Approve, 24.9 to 21.9, 53.1% to 46.9%; total votes 46.8.", "question_6_winner": "No-disapprove!", "dem_primary_mayor": "Zohran Kwame Mamdani beat Andrew M. Cuomo, 11.1 to 10.6, 47.1% to 45.2%; total votes 23.5.", "dem_primary_mayor_winner": "Mamdani", "dem_primary_public_advocate": "Jumaane D. Williams beat Jenifer Rajkumar, 14.2 to 4.5, 69.2% to 22.0%; total votes 20.6.", "dem_primary_public_advocate_winner": "Williams", "dem_primary_comptroller": "Mark D. Levine beat Ismael Malave Perez, 8.8 to 4.7, 44.3% to 23.9%; total votes 19.9.", "dem_primary_comptroller_winner": "Levine", "popup_summary": "Mayor: ZOHRAN KWAME MAMDANI beat ANDREW M. CUOMO, 31.9 to 21.2, 55.1% to 36.7%; total votes 57.9. | Public Advocate: JUMAANE D. WILLIAMS beat GONZALO DURAN, 42.9 to 7.9, 82.6% to 15.2%; total votes 52. | City Comptroller: MARK D. LEVINE beat PETER KEFALAS, 40.9 to 7, 80.1% to 13.7%; total votes 51.1. | Question 1: Disapprove beat Approve, 24.2 to 21.9, 52.5% to 47.5%; total votes 46.1. | Question 2: Approve beat Disapprove, 36.4 to 11.1, 76.7% to 23.3%; total votes 47.5. | Question 3: Approve beat Disapprove, 35.9 to 10.8, 76.8% to 23.2%; total votes 46.8. | Question 4: Approve beat Disapprove, 37.3 to 10.2, 78.6% to 21.4%; total votes 47.5. | Question 5: Approve beat Disapprove, 35.7 to 11.1, 76.3% to 23.7%; total votes 46.8. | Question 6: Disapprove beat Approve, 24.9 to 21.9, 53.1% to 46.9%; total votes 46.8. | Dem Primary Mayor: Zohran Kwame Mamdani beat Andrew M. Cuomo, 11.1 to 10.6, 47.1% to 45.2%; total votes 23.5. | Dem Primary Public Advocate: Jumaane D. Williams beat Jenifer Rajkumar, 14.2 to 4.5, 69.2% to 22.0%; total votes 20.6. | Dem Primary Comptroller: Mark D. Levine beat Ismael Malave Perez, 8.8 to 4.7, 44.3% to 23.9%; total votes 19.9.", "mayor_margin": 18.4, "q2_yes": 76.7, "q3_yes": 76.8, "q4_yes": 78.6}, "geometry": {"type": "MultiPolygon", "coordinates": [[[[-73.8709441, 40.8785097], [-73.8706766, 40.8784399], [-73.8703373, 40.8783514], [-73.8701498, 40.8783101], [-73.8700598, 40.8782903], [-73.8699681, 40.8782644], [-73.8700898, 40.877925], [-73.8705251, 40.8767114], [-73.8705861, 40.8765228], [-73.8706466, 40.8763358], [-73.8706607, 40.8762795], [-73.8707395, 40.8762735], [-73.8708527, 40.8762649], [-73.87092, 40.8762594], [-73.8709178, 40.8763019], [-73.8708035, 40.8771977], [-73.8716072, 40.8769216], [-73.8719494, 40.8770254], [-73.8721751, 40.8766555], [-73.8724083, 40.8762884], [-73.8726492, 40.8759241], [-73.8728975, 40.8755627], [-73.8731532, 40.8752043], [-73.8734163, 40.874849], [-73.8736867, 40.8744969], [-73.8739643, 40.874148], [-73.874249, 40.8738024], [-73.8745409, 40.8734603], [-73.874555, 40.8736848], [-73.873861, 40.8747587], [-73.8747006, 40.8750017], [-73.8736918, 40.8763518], [-73.8736301, 40.8764355], [-73.8730419, 40.8772288], [-73.872545, 40.8787457], [-73.8715966, 40.8786461], [-73.8711302, 40.8785486], [-73.8709441, 40.8785097]]]]}}, {"type": "Feature", "properties": {"felt:feature": 2, "ed_label": "AD 80 ED 022", "elect_dist": "80022", "borough": "Bronx", "community_board": 12, "community_board_label": "Bronx CB12", "popup_title": "Bronx CB12 \u2014 AD 80 ED 022", "general_mayor": "ANDREW M. CUOMO beat ZOHRAN KWAME MAMDANI, 2.7 to 2.2, 50.2% to 41.7%; total votes 5.4.", "general_mayor_winner": "Cuomo", "general_public_advocate": "JUMAANE D. WILLIAMS beat GONZALO DURAN, 4 to 1.3, 74.6% to 24.6%; total votes 5.3.", "general_public_advocate_winner": "Williams", "general_comptroller": "MARK D. LEVINE beat PETER KEFALAS, 3.9 to 1.1, 74.1% to 21.2%; total votes 5.3.", "general_comptroller_winner": "Levine", "question_1": "Approve beat Disapprove, 2.4 to 1.9, 55.5% to 44.5%; total votes 4.4.", "question_1_winner": "Yes-approve!", "question_2": "Approve beat Disapprove, 3 to 1.4, 67.5% to 32.5%; total votes 4.4.", "question_2_winner": "Yes-approve!", "question_3": "Approve beat Disapprove, 2.8 to 1.5, 65.1% to 34.9%; total votes 4.4.", "question_3_winner": "Yes-approve!", "question_4": "Approve beat Disapprove, 3.1 to 1.3, 69.7% to 30.3%; total votes 4.4.", "question_4_winner": "Yes-approve!", "question_5": "Approve beat Disapprove, 3.2 to 1.2, 73.1% to 26.9%; total votes 4.3.", "question_5_winner": "Yes-approve!", "question_6": "Approve beat Disapprove, 2.2 to 2.1, 51.6% to 48.4%; total votes 4.3.", "question_6_winner": "Yes-approve!", "dem_primary_mayor": "Andrew M. Cuomo beat Zohran Kwame Mamdani, 1.8 to 0.5, 68.6% to 20.0%; total votes 2.7.", "dem_primary_mayor_winner": "Cuomo", "dem_primary_public_advocate": "Jumaane D. Williams beat Jenifer Rajkumar, 1.8 to 0.3, 73.8% to 13.5%; total votes 2.4.", "dem_primary_public_advocate_winner": "Williams", "dem_primary_comptroller": "Mark D. Levine beat Ismael Malave Perez, 1.1 to 0.5, 47.5% to 22.5%; total votes 2.3.", "dem_primary_comptroller_winner": "Levine", "popup_summary": "Mayor: ANDREW M. CUOMO beat ZOHRAN KWAME MAMDANI, 2.7 to 2.2, 50.2% to 41.7%; total votes 5.4. | Public Advocate: JUMAANE D. WILLIAMS beat GONZALO DURAN, 4 to 1.3, 74.6% to 24.6%; total votes 5.3. | City Comptroller: MARK D. LEVINE beat PETER KEFALAS, 3.9 to 1.1, 74.1% to 21.2%; total votes 5.3. | Question 1: Approve beat Disapprove, 2.4 to 1.9, 55.5% to 44.5%; total votes 4.4. | Question 2: Approve beat Disapprove, 3 to 1.4, 67.5% to 32.5%; total votes 4.4. | Question 3: Approve beat Disapprove, 2.8 to 1.5, 65.1% to 34.9%; total votes 4.4. | Question 4: Approve beat Disapprove, 3.1 to 1.3, 69.7% to 30.3%; total votes 4.4. | Question 5: Approve beat Disapprove, 3.2 to 1.2, 73.1% to 26.9%; total votes 4.3. | Question 6: Approve beat Disapprove, 2.2 to 2.1, 51.6% to 48.4%; total votes 4.3. | Dem Primary Mayor: Andrew M. Cuomo beat Zohran Kwame Mamdani, 1.8 to 0.5, 68.6% to 20.0%; total votes 2.7. | Dem Primary Public Advocate: Jumaane D. Williams beat Jenifer Rajkumar, 1.8 to 0.3, 73.8% to 13.5%; total votes 2.4. | Dem Primary Comptroller: Mark D. Levine beat Ismael Malave Perez, 1.1 to 0.5, 47.5% to 22.5%; total votes 2.3.", "mayor_margin": 8.5, "q2_yes": 67.5, "q3_yes": 65.1, "q4_yes": 69.7}, "geometry": {"type": "MultiPolygon", "coordinates": [[[[-73.8295473, 40.8621641], [-73.8284076, 40.8609483], [-73.8284196, 40.8609319], [-73.8284913, 40.8608346], [-73.828519, 40.860797], [-73.8285535, 40.8607545], [-73.8289015, 40.8605084], [-73.8296095, 40.8598884], [-73.8297372, 40.8598097], [-73.8298749, 40.8597404], [-73.8300208, 40.8596815], [-73.8301727, 40.8596338], [-73.8310334, 40.859343], [-73.8319063, 40.8590702], [-73.8330805, 40.858679], [-73.8334344, 40.8587245], [-73.8343705, 40.8587992], [-73.8343077, 40.8607308], [-73.8352396, 40.8607322], [-73.8351707, 40.8626155], [-73.8360982, 40.8626354], [-73.8370707, 40.8626515], [-73.838002, 40.8626538], [-73.8379267, 40.8651097], [-73.8378438, 40.8660992], [-73.8369702, 40.8656431], [-73.8367882, 40.8655459], [-73.836186, 40.8652241], [-73.8360094, 40.8651326], [-73.8357844, 40.865016], [-73.8315962, 40.8626447], [-73.8308169, 40.8624298], [-73.8295473, 40.8621641]]]]}}, {"type": "Feature", "properties": {"felt:feature": 3, "ed_label": "AD 80 ED 031", "elect_dist": "80031", "borough": "Bronx", "community_board": 12, "community_board_label": "Bronx CB12", "popup_title": "Bronx CB12 \u2014 AD 80 ED 031", "general_mayor": "ZOHRAN KWAME MAMDANI beat ANDREW M. CUOMO, 33.7 to 20.5, 57.2% to 34.8%; total votes 59.", "general_mayor_winner": "Mamdani", "general_public_advocate": "JUMAANE D. WILLIAMS beat GONZALO DURAN, 46.2 to 7.6, 85.2% to 14.0%; total votes 54.3.", "general_public_advocate_winner": "Williams", "general_comptroller": "MARK D. LEVINE beat PETER KEFALAS, 43.6 to 6.8, 82.7% to 13.0%; total votes 52.7.", "general_comptroller_winner": "Levine", "question_1": "Approve beat Disapprove, 28 to 23.9, 54.0% to 46.0%; total votes 51.8.", "question_1_winner": "Yes-approve!", "question_2": "Approve beat Disapprove, 41 to 12.2, 77.1% to 22.9%; total votes 53.2.", "question_2_winner": "Yes-approve!", "question_3": "Approve beat Disapprove, 37.1 to 14.4, 72.0% to 28.0%; total votes 51.5.", "question_3_winner": "Yes-approve!", "question_4": "Approve beat Disapprove, 40.7 to 11.4, 78.1% to 21.9%; total votes 52.1.", "question_4_winner": "Yes-approve!", "question_5": "Approve beat Disapprove, 39.5 to 11.1, 78.1% to 21.9%; total votes 50.6.", "question_5_winner": "Yes-approve!", "question_6": "Disapprove beat Approve, 27.1 to 24.8, 52.2% to 47.8%; total votes 51.8.", "question_6_winner": "No-disapprove!", "dem_primary_mayor": "Andrew M. Cuomo beat Zohran Kwame Mamdani, 15.7 to 9.9, 55.4% to 34.9%; total votes 28.3.", "dem_primary_mayor_winner": "Cuomo", "dem_primary_public_advocate": "Jumaane D. Williams beat Jenifer Rajkumar, 17.6 to 4.6, 70.7% to 18.3%; total votes 24.9.", "dem_primary_public_advocate_winner": "Williams", "dem_primary_comptroller": "Mark D. Levine beat Justin Brannan, 10 to 6.2, 41.0% to 25.5%; total votes 24.5.", "dem_primary_comptroller_winner": "Levine", "popup_summary": "Mayor: ZOHRAN KWAME MAMDANI beat ANDREW M. CUOMO, 33.7 to 20.5, 57.2% to 34.8%; total votes 59. | Public Advocate: JUMAANE D. WILLIAMS beat GONZALO DURAN, 46.2 to 7.6, 85.2% to 14.0%; total votes 54.3. | City Comptroller: MARK D. LEVINE beat PETER KEFALAS, 43.6 to 6.8, 82.7% to 13.0%; total votes 52.7. | Question 1: Approve beat Disapprove, 28 to 23.9, 54.0% to 46.0%; total votes 51.8. | Question 2: Approve beat Disapprove, 41 to 12.2, 77.1% to 22.9%; total votes 53.2. | Question 3: Approve beat Disapprove, 37.1 to 14.4, 72.0% to 28.0%; total votes 51.5. | Question 4: Approve beat Disapprove, 40.7 to 11.4, 78.1% to 21.9%; total votes 52.1. | Question 5: Approve beat Disapprove, 39.5 to 11.1, 78.1% to 21.9%; total votes 50.6. | Question 6: Disapprove beat Approve, 27.1 to 24.8, 52.2% to 47.8%; total votes 51.8. | Dem Primary Mayor: Andrew M. Cuomo beat Zohran Kwame Mamdani, 15.7 to 9.9, 55.4% to 34.9%; total votes 28.3. | Dem Primary Public Advocate: Jumaane D. Williams beat Jenifer Rajkumar, 17.6 to 4.6, 70.7% to 18.3%; total votes 24.9. | Dem Primary Comptroller: Mark D. Levine beat Justin Brannan, 10 to 6.2, 41.0% to 25.5%; total votes 24.5.", "mayor_margin": 22.4, "q2_yes": 77.1, "q3_yes": 72.0, "q4_yes": 78.1}, "geometry": {"type": "MultiPolygon", "coordinates": [[[[-73.8631824, 40.8721755], [-73.863332, 40.8713752], [-73.8633862, 40.8696408], [-73.8624475, 40.8696214], [-73.8617955, 40.8696099], [-73.8617945, 40.8696099], [-73.8614338, 40.8696035], [-73.860422, 40.869585], [-73.8594836, 40.8695671], [-73.8585412, 40.8695509], [-73.8576079, 40.8695344], [-73.8574501, 40.8695325], [-73.8566628, 40.8695169], [-73.8567203, 40.8676975], [-73.8576617, 40.8677142], [-73.8586016, 40.8677335], [-73.859546, 40.8677426], [-73.8604795, 40.8677628], [-73.8614983, 40.8677822], [-73.8616932, 40.8677938], [-73.8620305, 40.8677983], [-73.8625036, 40.8678047], [-73.863445, 40.8678217], [-73.8643847, 40.8678386], [-73.8643563, 40.8687604], [-73.8643262, 40.8696563], [-73.864266, 40.8713897], [-73.8642488, 40.8722226], [-73.8638664, 40.8722976], [-73.86362, 40.8722646], [-73.8631824, 40.8721755]]]]}}, {"type": "Feature", "properties": {"felt:feature": 4, "ed_label": "AD 80 ED 034", "elect_dist": "80034", "borough": "Bronx", "community_board": 12, "community_board_label": "Bronx CB12", "popup_title": "Bronx CB12 \u2014 AD 80 ED 034", "general_mayor": "ZOHRAN KWAME MAMDANI beat ANDREW M. CUOMO, 179.9 to 136.6, 54.1% to 41.1%; total votes 332.4.", "general_mayor_winner": "Mamdani", "general_public_advocate": "JUMAANE D. WILLIAMS beat GONZALO DURAN, 278.2 to 26.7, 90.0% to 8.6%; total votes 309.", "general_public_advocate_winner": "Williams", "general_comptroller": "MARK D. LEVINE beat PETER KEFALAS, 248.2 to 32.5, 85.4% to 11.2%; total votes 290.7.", "general_comptroller_winner": "Levine", "question_1": "Approve beat Disapprove, 164.9 to 136.6, 54.7% to 45.3%; total votes 301.5.", "question_1_winner": "Yes-approve!", "question_2": "Approve beat Disapprove, 258.2 to 50, 83.8% to 16.2%; total votes 308.2.", "question_2_winner": "Yes-approve!", "question_3": "Approve beat Disapprove, 239.9 to 63.3, 79.1% to 20.9%; total votes 303.2.", "question_3_winner": "Yes-approve!", "question_4": "Approve beat Disapprove, 241.6 to 60.8, 79.9% to 20.1%; total votes 302.4.", "question_4_winner": "Yes-approve!", "question_5": "Approve beat Disapprove, 221.6 to 77.5, 74.1% to 25.9%; total votes 299.", "question_5_winner": "Yes-approve!", "question_6": "Approve beat Disapprove, 157.4 to 144.9, 52.1% to 47.9%; total votes 302.4.", "question_6_winner": "Yes-approve!", "dem_primary_mayor": "Andrew M. Cuomo beat Zohran Kwame Mamdani, 95 to 53.3, 58.5% to 32.8%; total votes 162.4.", "dem_primary_mayor_winner": "Cuomo", "dem_primary_public_advocate": "Jumaane D. Williams beat Jenifer Rajkumar, 118.3 to 19.2, 78.9% to 12.8%; total votes 149.9.", "dem_primary_public_advocate_winner": "Williams", "dem_primary_comptroller": "Mark D. Levine beat Kevin S. Parker, 72.5 to 32.5, 48.3% to 21.7%; total votes 149.9.", "dem_primary_comptroller_winner": "Levine", "popup_summary": "Mayor: ZOHRAN KWAME MAMDANI beat ANDREW M. CUOMO, 179.9 to 136.6, 54.1% to 41.1%; total votes 332.4. | Public Advocate: JUMAANE D. WILLIAMS beat GONZALO DURAN, 278.2 to 26.7, 90.0% to 8.6%; total votes 309. | City Comptroller: MARK D. LEVINE beat PETER KEFALAS, 248.2 to 32.5, 85.4% to 11.2%; total votes 290.7. | Question 1: Approve beat Disapprove, 164.9 to 136.6, 54.7% to 45.3%; total votes 301.5. | Question 2: Approve beat Disapprove, 258.2 to 50, 83.8% to 16.2%; total votes 308.2. | Question 3: Approve beat Disapprove, 239.9 to 63.3, 79.1% to 20.9%; total votes 303.2. | Question 4: Approve beat Disapprove, 241.6 to 60.8, 79.9% to 20.1%; total votes 302.4. | Question 5: Approve beat Disapprove, 221.6 to 77.5, 74.1% to 25.9%; total votes 299. | Question 6: Approve beat Disapprove, 157.4 to 144.9, 52.1% to 47.9%; total votes 302.4. | Dem Primary Mayor: Andrew M. Cuomo beat Zohran Kwame Mamdani, 95 to 53.3, 58.5% to 32.8%; total votes 162.4. | Dem Primary Public Advocate: Jumaane D. Williams beat Jenifer Rajkumar, 118.3 to 19.2, 78.9% to 12.8%; total votes 149.9. | Dem Primary Comptroller: Mark D. Levine beat Kevin S. Parker, 72.5 to 32.5, 48.3% to 21.7%; total votes 149.9.", "mayor_margin": 13.0, "q2_yes": 83.8, "q3_yes": 79.1, "q4_yes": 79.9}, "geometry": {"type": "MultiPolygon", "coordinates": [[[[-73.8638664, 40.8722976], [-73.8642488, 40.8722226], [-73.864266, 40.8713897], [-73.8643262, 40.8696563], [-73.8643563, 40.8687604], [-73.8643847, 40.8678386], [-73.8653246, 40.8678573], [-73.8652812, 40.8691349], [-73.8662086, 40.8694758], [-73.8662052, 40.8696933], [-73.8665382, 40.8696982], [-73.8672206, 40.8696943], [-73.8671882, 40.8706046], [-73.8671586, 40.8714419], [-73.8670963, 40.8732127], [-73.8662975, 40.8732121], [-73.866169, 40.8733354], [-73.866106, 40.8733961], [-73.8661059, 40.8733962], [-73.8661058, 40.8733963], [-73.8660208, 40.8734504], [-73.8660207, 40.8734505], [-73.8660205, 40.8734506], [-73.8659152, 40.8734918], [-73.8659149, 40.8734919], [-73.8659146, 40.873492], [-73.8657944, 40.8735144], [-73.8657943, 40.8735144], [-73.8656686, 40.8735145], [-73.8656684, 40.8735145], [-73.8656683, 40.8735144], [-73.8655481, 40.873492], [-73.8655479, 40.873492], [-73.8655477, 40.8734919], [-73.8654424, 40.8734507], [-73.8654421, 40.8734506], [-73.8654419, 40.8734504], [-73.865357, 40.8733964], [-73.8653569, 40.8733963], [-73.8653567, 40.8733962], [-73.8652938, 40.8733355], [-73.8652195, 40.8732333], [-73.8652194, 40.8732332], [-73.8652194, 40.8732332], [-73.865127, 40.8731366], [-73.8651269, 40.8731365], [-73.8651268, 40.8731364], [-73.8650175, 40.8730479], [-73.8650174, 40.8730478], [-73.864893, 40.8729699], [-73.8647565, 40.8729046], [-73.8646114, 40.8728534], [-73.8646113, 40.8728533], [-73.8644614, 40.872817], [-73.8644613, 40.8728169], [-73.8643102, 40.8727954], [-73.864199, 40.8727389], [-73.8641989, 40.8727388], [-73.8641988, 40.8727387], [-73.864098, 40.8726685], [-73.8640979, 40.8726684], [-73.8640977, 40.8726683], [-73.8640114, 40.8725861], [-73.8640113, 40.872586], [-73.8640112, 40.8725859], [-73.8639428, 40.8724945], [-73.8639427, 40.8724944], [-73.8639427, 40.8724944], [-73.8638942, 40.8723971], [-73.8638942, 40.8723971], [-73.8638942, 40.872397], [-73.8638664, 40.8722976]]]]}}, {"type": "Feature", "properties": {"felt:feature": 5, "ed_label": "AD 80 ED 035", "elect_dist": "80035", "borough": "Bronx", "community_board": 12, "community_board_label": "Bronx CB12", "popup_title": "Bronx CB12 \u2014 AD 80 ED 035", "general_mayor": "ZOHRAN KWAME MAMDANI beat ANDREW M. CUOMO, 258 to 221, 50.8% to 43.5%; total votes 508.", "general_mayor_winner": "Mamdani", "general_public_advocate": "JUMAANE D. WILLIAMS beat GONZALO DURAN, 400 to 71, 84.9% to 15.1%; total votes 471.", "general_public_advocate_winner": "Williams", "general_comptroller": "MARK D. LEVINE beat PETER KEFALAS, 388 to 54, 85.1% to 11.8%; total votes 456.", "general_comptroller_winner": "Levine", "question_1": "Approve beat Disapprove, 215 to 210, 50.6% to 49.4%; total votes 425.", "question_1_winner": "Yes-approve!", "question_2": "Approve beat Disapprove, 345 to 93, 78.8% to 21.2%; total votes 438.", "question_2_winner": "Yes-approve!", "question_3": "Approve beat Disapprove, 320 to 110, 74.4% to 25.6%; total votes 430.", "question_3_winner": "Yes-approve!", "question_4": "Approve beat Disapprove, 349 to 79, 81.5% to 18.5%; total votes 428.", "question_4_winner": "Yes-approve!", "question_5": "Approve beat Disapprove, 332 to 97, 77.4% to 22.6%; total votes 429.", "question_5_winner": "Yes-approve!", "question_6": "Approve beat Disapprove, 245 to 181, 57.5% to 42.5%; total votes 426.", "question_6_winner": "Yes-approve!", "dem_primary_mayor": "Andrew M. Cuomo beat Zohran Kwame Mamdani, 142 to 73, 56.1% to 28.9%; total votes 253.", "dem_primary_mayor_winner": "Cuomo", "dem_primary_public_advocate": "Jumaane D. Williams beat Jenifer Rajkumar, 191 to 21, 83.0% to 9.1%; total votes 230.", "dem_primary_public_advocate_winner": "Williams", "dem_primary_comptroller": "Mark D. Levine beat Justin Brannan, 100 to 44, 46.1% to 20.3%; total votes 217.", "dem_primary_comptroller_winner": "Levine", "popup_summary": "Mayor: ZOHRAN KWAME MAMDANI beat ANDREW M. CUOMO, 258 to 221, 50.8% to 43.5%; total votes 508. | Public Advocate: JUMAANE D. WILLIAMS beat GONZALO DURAN, 400 to 71, 84.9% to 15.1%; total votes 471. | City Comptroller: MARK D. LEVINE beat PETER KEFALAS, 388 to 54, 85.1% to 11.8%; total votes 456. | Question 1: Approve beat Disapprove, 215 to 210, 50.6% to 49.4%; total votes 425. | Question 2: Approve beat Disapprove, 345 to 93, 78.8% to 21.2%; total votes 438. | Question 3: Approve beat Disapprove, 320 to 110, 74.4% to 25.6%; total votes 430. | Question 4: Approve beat Disapprove, 349 to 79, 81.5% to 18.5%; total votes 428. | Question 5: Approve beat Disapprove, 332 to 97, 77.4% to 22.6%; total votes 429. | Question 6: Approve beat Disapprove, 245 to 181, 57.5% to 42.5%; total votes 426. | Dem Primary Mayor: Andrew M. Cuomo beat Zohran Kwame Mamdani, 142 to 73, 56.1% to 28.9%; total votes 253. | Dem Primary Public Advocate: Jumaane D. Williams beat Jenifer Rajkumar, 191 to 21, 83.0% to 9.1%; total votes 230. | Dem Primary Comptroller: Mark D. Levine beat Justin Brannan, 100 to 44, 46.1% to 20.3%; total votes 217.", "mayor_margin": 7.3, "q2_yes": 78.8, "q3_yes": 74.4, "q4_yes": 81.5}, "geometry": {"type": "MultiPolygon", "coordinates": [[[[-73.8682075, 40.8732353], [-73.8670963, 40.8732127], [-73.8671586, 40.8714419], [-73.8671882, 40.8706046], [-73.8672206, 40.8696943], [-73.8675284, 40.8696912], [-73.8677753, 40.8696885], [-73.8678486, 40.8696877], [-73.8682292, 40.8696836], [-73.8683847, 40.8696827], [-73.868545, 40.8696817], [-73.8686229, 40.8696812], [-73.8690398, 40.8696787], [-73.8691177, 40.8696783], [-73.8692775, 40.8696773], [-73.8696211, 40.8696764], [-73.8698507, 40.8696758], [-73.8699057, 40.8696757], [-73.8705374, 40.869674], [-73.8705619, 40.8715108], [-73.8703767, 40.8732844], [-73.8692962, 40.8732617], [-73.8682075, 40.8732353]]]]}}, {"type": "Feature", "properties": {"felt:feature": 6, "ed_label": "AD 80 ED 036", "elect_dist": "80036", "borough": "Bronx", "community_board": 12, "community_board_label": "Bronx CB12", "popup_title": "Bronx CB12 \u2014 AD 80 ED 036", "general_mayor": "ZOHRAN KWAME MAMDANI beat ANDREW M. CUOMO, 135 to 88, 59.7% to 38.9%; total votes 226.", "general_mayor_winner": "Mamdani", "general_public_advocate": "JUMAANE D. WILLIAMS beat GONZALO DURAN, 191 to 17, 91.8% to 8.2%; total votes 208.", "general_public_advocate_winner": "Williams", "general_comptroller": "MARK D. LEVINE beat PETER KEFALAS, 185 to 15, 90.7% to 7.4%; total votes 204.", "general_comptroller_winner": "Levine", "question_1": "Approve beat Disapprove, 99 to 94, 51.3% to 48.7%; total votes 193.", "question_1_winner": "Yes-approve!", "question_2": "Approve beat Disapprove, 166 to 40, 80.6% to 19.4%; total votes 206.", "question_2_winner": "Yes-approve!", "question_3": "Approve beat Disapprove, 151 to 46, 76.7% to 23.4%; total votes 197.", "question_3_winner": "Yes-approve!", "question_4": "Approve beat Disapprove, 162 to 39, 80.6% to 19.4%; total votes 201.", "question_4_winner": "Yes-approve!", "question_5": "Approve beat Disapprove, 159 to 37, 81.1% to 18.9%; total votes 196.", "question_5_winner": "Yes-approve!", "question_6": "Approve beat Disapprove, 105 to 84, 55.6% to 44.4%; total votes 189.", "question_6_winner": "Yes-approve!", "dem_primary_mayor": "Andrew M. Cuomo beat Zohran Kwame Mamdani, 68 to 29, 60.7% to 25.9%; total votes 112.", "dem_primary_mayor_winner": "Cuomo", "dem_primary_public_advocate": "Jumaane D. Williams beat Jenifer Rajkumar, 79 to 15, 80.6% to 15.3%; total votes 98.", "dem_primary_public_advocate_winner": "Williams", "dem_primary_comptroller": "Mark D. Levine beat Justin Brannan, 52 to 16, 53.6% to 16.5%; total votes 97.", "dem_primary_comptroller_winner": "Levine", "popup_summary": "Mayor: ZOHRAN KWAME MAMDANI beat ANDREW M. CUOMO, 135 to 88, 59.7% to 38.9%; total votes 226. | Public Advocate: JUMAANE D. WILLIAMS beat GONZALO DURAN, 191 to 17, 91.8% to 8.2%; total votes 208. | City Comptroller: MARK D. LEVINE beat PETER KEFALAS, 185 to 15, 90.7% to 7.4%; total votes 204. | Question 1: Approve beat Disapprove, 99 to 94, 51.3% to 48.7%; total votes 193. | Question 2: Approve beat Disapprove, 166 to 40, 80.6% to 19.4%; total votes 206. | Question 3: Approve beat Disapprove, 151 to 46, 76.7% to 23.4%; total votes 197. | Question 4: Approve beat Disapprove, 162 to 39, 80.6% to 19.4%; total votes 201. | Question 5: Approve beat Disapprove, 159 to 37, 81.1% to 18.9%; total votes 196. | Question 6: Approve beat Disapprove, 105 to 84, 55.6% to 44.4%; total votes 189. | Dem Primary Mayor: Andrew M. Cuomo beat Zohran Kwame Mamdani, 68 to 29, 60.7% to 25.9%; total votes 112. | Dem Primary Public Advocate: Jumaane D. Williams beat Jenifer Rajkumar, 79 to 15, 80.6% to 15.3%; total votes 98. | Dem Primary Comptroller: Mark D. Levine beat Justin Brannan, 52 to 16, 53.6% to 16.5%; total votes 97.", "mayor_margin": 20.8, "q2_yes": 80.6, "q3_yes": 76.7, "q4_yes": 80.6}, "geometry": {"type": "MultiPolygon", "coordinates": [[[[-73.8668537, 40.8775015], [-73.8670921, 40.8771402], [-73.8670672, 40.8766936], [-73.8670642, 40.8766397], [-73.867053, 40.8764376], [-73.867048, 40.8763473], [-73.8670445, 40.8762837], [-73.8670421, 40.8762406], [-73.8670393, 40.8761908], [-73.8670382, 40.8761706], [-73.8670495, 40.8759762], [-73.8670741, 40.8752674], [-73.8670382, 40.875212], [-73.8671868, 40.8752494], [-73.8681303, 40.8753045], [-73.8682075, 40.8732353], [-73.8692962, 40.8732617], [-73.8703767, 40.8732844], [-73.8703131, 40.8753406], [-73.8703151, 40.8756175], [-73.8702311, 40.8757177], [-73.8702237, 40.8758675], [-73.8702006, 40.8760171], [-73.8701911, 40.8760533], [-73.8700923, 40.8763411], [-73.8700697, 40.8763873], [-73.8700388, 40.8764505], [-73.8700261, 40.8764793], [-73.869951, 40.87665], [-73.8694175, 40.8779728], [-73.8693615, 40.8781117], [-73.8692548, 40.8780861], [-73.8686044, 40.8779298], [-73.868552, 40.8779173], [-73.8684935, 40.8779034], [-73.8684361, 40.8778898], [-73.8683653, 40.877873], [-73.8681188, 40.8778144], [-73.867654, 40.8777022], [-73.8673752, 40.8776344], [-73.8670608, 40.877558], [-73.8668537, 40.8775015]]]]}}, {"type": "Feature", "properties": {"felt:feature": 7, "ed_label": "AD 80 ED 056", "elect_dist": "80056", "borough": "Bronx", "community_board": 12, "community_board_label": "Bronx CB12", "popup_title": "Bronx CB12 \u2014 AD 80 ED 056", "general_mayor": "ZOHRAN KWAME MAMDANI beat ANDREW M. CUOMO, 58.7 to 16.6, 75.0% to 21.2%; total votes 78.2.", "general_mayor_winner": "Mamdani", "general_public_advocate": "JUMAANE D. WILLIAMS beat GONZALO DURAN, 61.8 to 8.3, 86.1% to 11.5%; total votes 71.8.", "general_public_advocate_winner": "Williams", "general_comptroller": "MARK D. LEVINE beat PETER KEFALAS, 61.2 to 6.9, 86.5% to 9.7%; total votes 70.7.", "general_comptroller_winner": "Levine", "question_1": "Disapprove beat Approve, 32.6 to 31.2, 51.1% to 48.9%; total votes 63.9.", "question_1_winner": "No-disapprove!", "question_2": "Approve beat Disapprove, 47.3 to 17.6, 72.8% to 27.2%; total votes 65.", "question_2_winner": "Yes-approve!", "question_3": "Approve beat Disapprove, 42.3 to 21.7, 66.1% to 33.9%; total votes 64.", "question_3_winner": "Yes-approve!", "question_4": "Approve beat Disapprove, 46.2 to 17.6, 72.4% to 27.6%; total votes 63.9.", "question_4_winner": "Yes-approve!", "question_5": "Approve beat Disapprove, 52.9 to 10.8, 83.1% to 16.9%; total votes 63.7.", "question_5_winner": "Yes-approve!", "question_6": "Disapprove beat Approve, 32.5 to 31.7, 50.6% to 49.4%; total votes 64.2.", "question_6_winner": "No-disapprove!", "dem_primary_mayor": "Zohran Kwame Mamdani beat Andrew M. Cuomo, 20.9 to 7, 70.5% to 23.7%; total votes 29.7.", "dem_primary_mayor_winner": "Mamdani", "dem_primary_public_advocate": "Jumaane D. Williams beat Jenifer Rajkumar, 18 to 6.1, 69.7% to 23.6%; total votes 25.8.", "dem_primary_public_advocate_winner": "Williams", "dem_primary_comptroller": "Mark D. Levine beat Justin Brannan, 9.4 to 8.3, 35.9% to 31.7%; total votes 26.1.", "dem_primary_comptroller_winner": "Levine", "popup_summary": "Mayor: ZOHRAN KWAME MAMDANI beat ANDREW M. CUOMO, 58.7 to 16.6, 75.0% to 21.2%; total votes 78.2. | Public Advocate: JUMAANE D. WILLIAMS beat GONZALO DURAN, 61.8 to 8.3, 86.1% to 11.5%; total votes 71.8. | City Comptroller: MARK D. LEVINE beat PETER KEFALAS, 61.2 to 6.9, 86.5% to 9.7%; total votes 70.7. | Question 1: Disapprove beat Approve, 32.6 to 31.2, 51.1% to 48.9%; total votes 63.9. | Question 2: Approve beat Disapprove, 47.3 to 17.6, 72.8% to 27.2%; total votes 65. | Question 3: Approve beat Disapprove, 42.3 to 21.7, 66.1% to 33.9%; total votes 64. | Question 4: Approve beat Disapprove, 46.2 to 17.6, 72.4% to 27.6%; total votes 63.9. | Question 5: Approve beat Disapprove, 52.9 to 10.8, 83.1% to 16.9%; total votes 63.7. | Question 6: Disapprove beat Approve, 32.5 to 31.7, 50.6% to 49.4%; total votes 64.2. | Dem Primary Mayor: Zohran Kwame Mamdani beat Andrew M. Cuomo, 20.9 to 7, 70.5% to 23.7%; total votes 29.7. | Dem Primary Public Advocate: Jumaane D. Williams beat Jenifer Rajkumar, 18 to 6.1, 69.7% to 23.6%; total votes 25.8. | Dem Primary Comptroller: Mark D. Levine beat Justin Brannan, 9.4 to 8.3, 35.9% to 31.7%; total votes 26.1.", "mayor_margin": 53.8, "q2_yes": 72.8, "q3_yes": 66.1, "q4_yes": 72.4}, "geometry": {"type": "MultiPolygon", "coordinates": [[[[-73.87092, 40.8762594], [-73.8711642, 40.8762258], [-73.8711663, 40.8762255], [-73.871385, 40.8757924], [-73.8715341, 40.8756901], [-73.8722713, 40.875193], [-73.8725924, 40.8744799], [-73.8727341, 40.8740428], [-73.8728298, 40.8738645], [-73.8732891, 40.8730043], [-73.8733641, 40.8726776], [-73.8732811, 40.871783], [-73.8732578, 40.871532], [-73.8732157, 40.8710183], [-73.8731938, 40.8709516], [-73.8733135, 40.8707495], [-73.8732627, 40.8705553], [-73.873172, 40.8704128], [-73.8731271, 40.8701496], [-73.8730599, 40.8696146], [-73.8731062, 40.8691746], [-73.8733001, 40.8688167], [-73.8734028, 40.8686184], [-73.8734534, 40.8685085], [-73.8734501, 40.8685085], [-73.8734478, 40.8685085], [-73.8734476, 40.8685085], [-73.8734467, 40.8685085], [-73.8734456, 40.8685076], [-73.8734444, 40.8685076], [-73.8734433, 40.8685068], [-73.8734411, 40.8685059], [-73.8734388, 40.8685033], [-73.8734377, 40.8685025], [-73.8734366, 40.8685008], [-73.8734355, 40.8684965], [-73.8734343, 40.8684922], [-73.8734332, 40.8684871], [-73.8734332, 40.8684828], [-73.8734344, 40.8684777], [-73.8734378, 40.8684649], [-73.8734491, 40.8684324], [-73.8734672, 40.8683795], [-73.8734876, 40.8683129], [-73.8734887, 40.8683052], [-73.8734887, 40.8682967], [-73.8734843, 40.8682745], [-73.8734675, 40.8682164], [-73.8734563, 40.8681865], [-73.8734462, 40.8681634], [-73.8734327, 40.8681446], [-73.8734114, 40.8681215], [-73.8733878, 40.8680984], [-73.8733788, 40.8680907], [-73.8733687, 40.8680856], [-73.8733451, 40.8680753], [-73.8733069, 40.8680616], [-73.8732768, 40.8680507], [-73.8732668, 40.8680471], [-73.8731911, 40.8680196], [-73.8731405, 40.8680025], [-73.8731045, 40.867993], [-73.8730597, 40.8679838], [-73.873046, 40.867981], [-73.8730201, 40.8679742], [-73.872992, 40.8679647], [-73.8729909, 40.8679639], [-73.8729887, 40.867963], [-73.8729853, 40.8679605], [-73.8729763, 40.8679519], [-73.8729718, 40.8679468], [-73.8729685, 40.8679408], [-73.8729662, 40.8679357], [-73.8729651, 40.8679305], [-73.8729651, 40.8679271], [-73.8729651, 40.8679229], [-73.8729663, 40.867916], [-73.8729696, 40.8679083], [-73.8729753, 40.8679015], [-73.8729832, 40.867893], [-73.8729866, 40.8678904], [-73.8729911, 40.8678879], [-73.8730125, 40.8678776], [-73.8730429, 40.8678632], [-73.8730902, 40.8678384], [-73.8731341, 40.8678129], [-73.8731589, 40.8677967], [-73.8731848, 40.8677745], [-73.8732186, 40.8677412], [-73.8732739, 40.8676823], [-73.8733212, 40.8676315], [-73.8733438, 40.8676072], [-73.8733934, 40.867556], [-73.8734418, 40.8675023], [-73.8734678, 40.8674801], [-73.8735061, 40.8674537], [-73.8735478, 40.8674281], [-73.873639, 40.8673667], [-73.8737505, 40.8672891], [-73.8737922, 40.8672627], [-73.8738294, 40.8672405], [-73.873888, 40.8672073], [-73.8739341, 40.86718], [-73.8739893, 40.8671493], [-73.8740035, 40.8671427], [-73.8740332, 40.8671288], [-73.874058, 40.8671195], [-73.8740839, 40.8671118], [-73.8741379, 40.8670982], [-73.8741661, 40.8670897], [-73.8741841, 40.8670837], [-73.8741954, 40.8670795], [-73.8741999, 40.8670778], [-73.8742044, 40.8670752], [-73.874219, 40.8670633], [-73.8742247, 40.8670573], [-73.8742269, 40.8670556], [-73.874228, 40.8670547], [-73.8742292, 40.8670539], [-73.8742393, 40.867053], [-73.8743257, 40.8669495], [-73.8743607, 40.8669076], [-73.8743771, 40.8668788], [-73.8744334, 40.8668945], [-73.8748262, 40.8670039], [-73.8748753, 40.8670176], [-73.8749268, 40.867032], [-73.8750025, 40.8670681], [-73.8750723, 40.86711], [-73.8751339, 40.8671653], [-73.8752576, 40.8673163], [-73.8756841, 40.8680236], [-73.8756157, 40.8680481], [-73.8758588, 40.8683202], [-73.8759488, 40.8684132], [-73.8760387, 40.8685061], [-73.8764667, 40.8688206], [-73.8764747, 40.8688249], [-73.8766667, 40.8689264], [-73.8767482, 40.8689581], [-73.8769208, 40.8690064], [-73.8771053, 40.8690388], [-73.8772977, 40.8690534], [-73.8774935, 40.8690487], [-73.8776877, 40.8690245], [-73.8778751, 40.8689813], [-73.8780513, 40.8689207], [-73.8782123, 40.8688451], [-73.8783107, 40.8687848], [-73.8783186, 40.8687799], [-73.8783554, 40.8687573], [-73.878479, 40.8686607], [-73.8785825, 40.8685582], [-73.8790953, 40.86804], [-73.8792076, 40.8681175], [-73.8791315, 40.8681593], [-73.8790234, 40.8682396], [-73.8789563, 40.8683365], [-73.8788815, 40.86843], [-73.8787992, 40.8685198], [-73.8787097, 40.8686056], [-73.8786134, 40.8686869], [-73.8785106, 40.8687636], [-73.8784246, 40.8688271], [-73.8783333, 40.8688861], [-73.8782371, 40.8689404], [-73.8781363, 40.8689897], [-73.8780314, 40.8690339], [-73.877923, 40.8690727], [-73.8778113, 40.869106], [-73.877697, 40.8691335], [-73.8775806, 40.8691553], [-73.8773225, 40.8691884], [-73.877234, 40.8691962], [-73.8771465, 40.8692093], [-73.8770607, 40.8692274], [-73.8769769, 40.8692505], [-73.8768958, 40.8692785], [-73.8768178, 40.8693112], [-73.8767433, 40.8693484], [-73.8766729, 40.8693898], [-73.8758975, 40.8699654], [-73.8758863, 40.8700689], [-73.8758936, 40.8700913], [-73.8759052, 40.8701125], [-73.8759209, 40.8701323], [-73.8759402, 40.87015], [-73.8759627, 40.8701655], [-73.875988, 40.8701782], [-73.8760125, 40.8702052], [-73.8760311, 40.8702348], [-73.8760432, 40.8702664], [-73.8760485, 40.8702989], [-73.8760469, 40.8703317], [-73.8760384, 40.8703639], [-73.8761926, 40.870477], [-73.8763505, 40.8706049], [-73.8768271, 40.871119], [-73.8774959, 40.8718342], [-73.8780635, 40.8724507], [-73.8786327, 40.873059], [-73.8792294, 40.8736718], [-73.879455, 40.8749765], [-73.8769902, 40.8748212], [-73.8775137, 40.8741393], [-73.8773857, 40.8741285], [-73.8766846, 40.8737921], [-73.8758851, 40.8734112], [-73.8749383, 40.8729594], [-73.8745409, 40.8734603], [-73.874249, 40.8738024], [-73.8739643, 40.874148], [-73.8736867, 40.8744969], [-73.8734163, 40.874849], [-73.8731532, 40.8752043], [-73.8728975, 40.8755627], [-73.8726492, 40.8759241], [-73.8724083, 40.8762884], [-73.8721751, 40.8766555], [-73.8719494, 40.8770254], [-73.8716072, 40.8769216], [-73.8708035, 40.8771977], [-73.8709178, 40.8763019], [-73.87092, 40.8762594]]]]}}, {"type": "Feature", "properties": {"felt:feature": 8, "ed_label": "AD 80 ED 058", "elect_dist": "80058", "borough": "Bronx", "community_board": 12, "community_board_label": "Bronx CB12", "popup_title": "Bronx CB12 \u2014 AD 80 ED 058", "general_mayor": "ANDREW M. CUOMO beat CURTIS A. SLIWA, 0 to 0, 0.0% to 0.0%; total votes 0.", "general_mayor_winner": "Cuomo", "general_public_advocate": "GONZALO DURAN beat JUMAANE D. WILLIAMS, 0 to 0, 0.0% to 0.0%; total votes 0.", "general_public_advocate_winner": "Duran", "general_comptroller": "ISMAEL MALAVE PEREZ beat MARK D. LEVINE, 0 to 0, 0.0% to 0.0%; total votes 0.", "general_comptroller_winner": "Perez", "question_1": "Disapprove beat Approve, 0 to 0, 0.0% to 0.0%; total votes 0.", "question_1_winner": "No-disapprove!", "question_2": "Disapprove beat Approve, 0 to 0, 0.0% to 0.0%; total votes 0.", "question_2_winner": "No-disapprove!", "question_3": "Disapprove beat Approve, 0 to 0, 0.0% to 0.0%; total votes 0.", "question_3_winner": "No-disapprove!", "question_4": "Disapprove beat Approve, 0 to 0, 0.0% to 0.0%; total votes 0.", "question_4_winner": "No-disapprove!", "question_5": "Disapprove beat Approve, 0 to 0, 0.0% to 0.0%; total votes 0.", "question_5_winner": "No-disapprove!", "question_6": "Disapprove beat Approve, 0 to 0, 0.0% to 0.0%; total votes 0.", "question_6_winner": "No-disapprove!", "dem_primary_mayor": "No results found", "dem_primary_mayor_winner": "No winner found", "dem_primary_public_advocate": "No results found", "dem_primary_public_advocate_winner": "No winner found", "dem_primary_comptroller": "No results found", "dem_primary_comptroller_winner": "No winner found", "popup_summary": "Mayor: ANDREW M. CUOMO beat CURTIS A. SLIWA, 0 to 0, 0.0% to 0.0%; total votes 0. | Public Advocate: GONZALO DURAN beat JUMAANE D. WILLIAMS, 0 to 0, 0.0% to 0.0%; total votes 0. | City Comptroller: ISMAEL MALAVE PEREZ beat MARK D. LEVINE, 0 to 0, 0.0% to 0.0%; total votes 0. | Question 1: Disapprove beat Approve, 0 to 0, 0.0% to 0.0%; total votes 0. | Question 2: Disapprove beat Approve, 0 to 0, 0.0% to 0.0%; total votes 0. | Question 3: Disapprove beat Approve, 0 to 0, 0.0% to 0.0%; total votes 0. | Question 4: Disapprove beat Approve, 0 to 0, 0.0% to 0.0%; total votes 0. | Question 5: Disapprove beat Approve, 0 to 0, 0.0% to 0.0%; total votes 0. | Question 6: Disapprove beat Approve, 0 to 0, 0.0% to 0.0%; total votes 0.", "mayor_margin": 0.0, "q2_yes": 0.0, "q3_yes": 0.0, "q4_yes": 0.0}, "geometry": {"type": "MultiPolygon", "coordinates": [[[[-73.8693615, 40.8781117], [-73.8694175, 40.8779728], [-73.869951, 40.87665], [-73.8700261, 40.8764793], [-73.8700388, 40.8764505], [-73.8700697, 40.8763873], [-73.8700923, 40.8763411], [-73.8701911, 40.8760533], [-73.8702006, 40.8760171], [-73.8702237, 40.8758675], [-73.8702311, 40.8757177], [-73.8703151, 40.8756175], [-73.8703131, 40.8753406], [-73.8703767, 40.8732844], [-73.8705619, 40.8715108], [-73.8705374, 40.869674], [-73.8705349, 40.8695817], [-73.8705332, 40.8695156], [-73.870529, 40.8693555], [-73.8705262, 40.8692512], [-73.8705163, 40.8688757], [-73.8705147, 40.8688164], [-73.8705106, 40.8686588], [-73.8704996, 40.8682428], [-73.8704978, 40.8681767], [-73.8704919, 40.8679508], [-73.8704551, 40.8666329], [-73.8704213, 40.8653611], [-73.8705842, 40.8653606], [-73.8706346, 40.8653577], [-73.8707148, 40.8653593], [-73.8707352, 40.8653609], [-73.8708313, 40.8653759], [-73.8710116, 40.8654218], [-73.8710978, 40.8654537], [-73.8711538, 40.8654783], [-73.8712564, 40.8655381], [-73.8713472, 40.865607], [-73.8717718, 40.8658795], [-73.8718509, 40.8659303], [-73.87199, 40.8660047], [-73.8719934, 40.8660691], [-73.871998, 40.8661176], [-73.8720356, 40.8665199], [-73.8721705, 40.8679643], [-73.8722197, 40.8684909], [-73.8722132, 40.8686887], [-73.8721894, 40.8694089], [-73.8721795, 40.8697089], [-73.8721629, 40.87007], [-73.872129, 40.870464], [-73.8720859, 40.8708548], [-73.872071, 40.870989], [-73.871974, 40.8715082], [-73.8717645, 40.8723009], [-73.8713789, 40.8737603], [-73.8711512, 40.8746224], [-73.8709345, 40.87537], [-73.8708333, 40.8757206], [-73.8707399, 40.8760007], [-73.8706737, 40.8762274], [-73.8706607, 40.8762795], [-73.870576, 40.8762892], [-73.8703529, 40.8763149], [-73.8702879, 40.8763227], [-73.8701809, 40.8763545], [-73.8701542, 40.876417], [-73.87012, 40.8764977], [-73.8700467, 40.8766705], [-73.869489, 40.8779895], [-73.8694345, 40.8781291], [-73.8693615, 40.8781117]]]]}}, {"type": "Feature", "properties": {"felt:feature": 9, "ed_label": "AD 80 ED 059", "elect_dist": "80059", "borough": "Bronx", "community_board": 12, "community_board_label": "Bronx CB12", "popup_title": "Bronx CB12 \u2014 AD 80 ED 059", "general_mayor": "ANDREW M. CUOMO beat CURTIS A. SLIWA, 0 to 0, 0.0% to 0.0%; total votes 0.", "general_mayor_winner": "Cuomo", "general_public_advocate": "GONZALO DURAN beat JUMAANE D. WILLIAMS, 0 to 0, 0.0% to 0.0%; total votes 0.", "general_public_advocate_winner": "Duran", "general_comptroller": "ISMAEL MALAVE PEREZ beat MARK D. LEVINE, 0 to 0, 0.0% to 0.0%; total votes 0.", "general_comptroller_winner": "Perez", "question_1": "Disapprove beat Approve, 0 to 0, 0.0% to 0.0%; total votes 0.", "question_1_winner": "No-disapprove!", "question_2": "Disapprove beat Approve, 0 to 0, 0.0% to 0.0%; total votes 0.", "question_2_winner": "No-disapprove!", "question_3": "Disapprove beat Approve, 0 to 0, 0.0% to 0.0%; total votes 0.", "question_3_winner": "No-disapprove!", "question_4": "Disapprove beat Approve, 0 to 0, 0.0% to 0.0%; total votes 0.", "question_4_winner": "No-disapprove!", "question_5": "Disapprove beat Approve, 0 to 0, 0.0% to 0.0%; total votes 0.", "question_5_winner": "No-disapprove!", "question_6": "Disapprove beat Approve, 0 to 0, 0.0% to 0.0%; total votes 0.", "question_6_winner": "No-disapprove!", "dem_primary_mayor": "No results found", "dem_primary_mayor_winner": "No winner found", "dem_primary_public_advocate": "No results found", "dem_primary_public_advocate_winner": "No winner found", "dem_primary_comptroller": "No results found", "dem_primary_comptroller_winner": "No winner found", "popup_summary": "Mayor: ANDREW M. CUOMO beat CURTIS A. SLIWA, 0 to 0, 0.0% to 0.0%; total votes 0. | Public Advocate: GONZALO DURAN beat JUMAANE D. WILLIAMS, 0 to 0, 0.0% to 0.0%; total votes 0. | City Comptroller: ISMAEL MALAVE PEREZ beat MARK D. LEVINE, 0 to 0, 0.0% to 0.0%; total votes 0. | Question 1: Disapprove beat Approve, 0 to 0, 0.0% to 0.0%; total votes 0. | Question 2: Disapprove beat Approve, 0 to 0, 0.0% to 0.0%; total votes 0. | Question 3: Disapprove beat Approve, 0 to 0, 0.0% to 0.0%; total votes 0. | Question 4: Disapprove beat Approve, 0 to 0, 0.0% to 0.0%; total votes 0. | Question 5: Disapprove beat Approve, 0 to 0, 0.0% to 0.0%; total votes 0. | Question 6: Disapprove beat Approve, 0 to 0, 0.0% to 0.0%; total votes 0.", "mayor_margin": 0.0, "q2_yes": 0.0, "q3_yes": 0.0, "q4_yes": 0.0}, "geometry": {"type": "MultiPolygon", "coordinates": [[[[-73.87199, 40.8660047], [-73.8720601, 40.8660471], [-73.8721425, 40.8660931], [-73.8724483, 40.8662455], [-73.8727653, 40.8663853], [-73.8730921, 40.8665119], [-73.8734272, 40.8666247], [-73.873662, 40.8666924], [-73.8737692, 40.8667234], [-73.8743214, 40.8668632], [-73.8743771, 40.8668788], [-73.8743607, 40.8669076], [-73.8743257, 40.8669495], [-73.8742393, 40.867053], [-73.8742292, 40.8670539], [-73.874228, 40.8670547], [-73.8742269, 40.8670556], [-73.8742247, 40.8670573], [-73.874219, 40.8670633], [-73.8742044, 40.8670752], [-73.8741999, 40.8670778], [-73.8741954, 40.8670795], [-73.8741841, 40.8670837], [-73.8741661, 40.8670897], [-73.8741379, 40.8670982], [-73.8740839, 40.8671118], [-73.874058, 40.8671195], [-73.8740332, 40.8671288], [-73.8740035, 40.8671427], [-73.8739893, 40.8671493], [-73.8739341, 40.86718], [-73.873888, 40.8672073], [-73.8738294, 40.8672405], [-73.8737922, 40.8672627], [-73.8737505, 40.8672891], [-73.873639, 40.8673667], [-73.8735478, 40.8674281], [-73.8735061, 40.8674537], [-73.8734678, 40.8674801], [-73.8734418, 40.8675023], [-73.8733934, 40.867556], [-73.8733438, 40.8676072], [-73.8733212, 40.8676315], [-73.8732739, 40.8676823], [-73.8732186, 40.8677412], [-73.8731848, 40.8677745], [-73.8731589, 40.8677967], [-73.8731341, 40.8678129], [-73.8730902, 40.8678384], [-73.8730429, 40.8678632], [-73.8730125, 40.8678776], [-73.8729911, 40.8678879], [-73.8729866, 40.8678904], [-73.8729832, 40.867893], [-73.8729753, 40.8679015], [-73.8729696, 40.8679083], [-73.8729663, 40.867916], [-73.8729651, 40.8679229], [-73.8729651, 40.8679271], [-73.8729651, 40.8679305], [-73.8729662, 40.8679357], [-73.8729685, 40.8679408], [-73.8729718, 40.8679468], [-73.8729763, 40.8679519], [-73.8729853, 40.8679605], [-73.8729887, 40.867963], [-73.8729909, 40.8679639], [-73.872992, 40.8679647], [-73.8730201, 40.8679742], [-73.873046, 40.867981], [-73.8730597, 40.8679838], [-73.8731045, 40.867993], [-73.8731405, 40.8680025], [-73.8731911, 40.8680196], [-73.8732668, 40.8680471], [-73.8732768, 40.8680507], [-73.8733069, 40.8680616], [-73.8733451, 40.8680753], [-73.8733687, 40.8680856], [-73.8733788, 40.8680907], [-73.8733878, 40.8680984], [-73.8734114, 40.8681215], [-73.8734327, 40.8681446], [-73.8734462, 40.8681634], [-73.8734563, 40.8681865], [-73.8734675, 40.8682164], [-73.8734843, 40.8682745], [-73.8734887, 40.8682967], [-73.8734887, 40.8683052], [-73.8734876, 40.8683129], [-73.8734672, 40.8683795], [-73.8734491, 40.8684324], [-73.8734378, 40.8684649], [-73.8734344, 40.8684777], [-73.8734332, 40.8684828], [-73.8734332, 40.8684871], [-73.8734343, 40.8684922], [-73.8734355, 40.8684965], [-73.8734366, 40.8685008], [-73.8734377, 40.8685025], [-73.8734388, 40.8685033], [-73.8734411, 40.8685059], [-73.8734433, 40.8685068], [-73.8734444, 40.8685076], [-73.8734456, 40.8685076], [-73.8734467, 40.8685085], [-73.8734476, 40.8685085], [-73.8734478, 40.8685085], [-73.8734501, 40.8685085], [-73.8734534, 40.8685085], [-73.8734028, 40.8686184], [-73.8733001, 40.8688167], [-73.8731062, 40.8691746], [-73.8730599, 40.8696146], [-73.8731271, 40.8701496], [-73.873172, 40.8704128], [-73.8732627, 40.8705553], [-73.8733135, 40.8707495], [-73.8731938, 40.8709516], [-73.8732157, 40.8710183], [-73.8732578, 40.871532], [-73.8732811, 40.871783], [-73.8733641, 40.8726776], [-73.8732891, 40.8730043], [-73.8728298, 40.8738645], [-73.8727341, 40.8740428], [-73.8725924, 40.8744799], [-73.8722713, 40.875193], [-73.8715341, 40.8756901], [-73.871385, 40.8757924], [-73.8711663, 40.8762255], [-73.8711642, 40.8762258], [-73.87092, 40.8762594], [-73.8708527, 40.8762649], [-73.8707395, 40.8762735], [-73.8706607, 40.8762795], [-73.8706737, 40.8762274], [-73.8707399, 40.8760007], [-73.8708333, 40.8757206], [-73.8709345, 40.87537], [-73.8711512, 40.8746224], [-73.8713789, 40.8737603], [-73.8717645, 40.8723009], [-73.871974, 40.8715082], [-73.872071, 40.870989], [-73.8720859, 40.8708548], [-73.872129, 40.870464], [-73.8721629, 40.87007], [-73.8721795, 40.8697089], [-73.8721894, 40.8694089], [-73.8722132, 40.8686887], [-73.8722197, 40.8684909], [-73.8721705, 40.8679643], [-73.8720356, 40.8665199], [-73.871998, 40.8661176], [-73.8719934, 40.8660691], [-73.87199, 40.8660047]]]]}}, {"type": "Feature", "properties": {"felt:feature": 10, "ed_label": "AD 80 ED 061", "elect_dist": "80061", "borough": "Bronx", "community_board": 12, "community_board_label": "Bronx CB12", "popup_title": "Bronx CB12 \u2014 AD 80 ED 061", "general_mayor": "ANDREW M. CUOMO beat CURTIS A. SLIWA, 0 to 0, 0.0% to 0.0%; total votes 0.", "general_mayor_winner": "Cuomo", "general_public_advocate": "GONZALO DURAN beat JUMAANE D. WILLIAMS, 0 to 0, 0.0% to 0.0%; total votes 0.", "general_public_advocate_winner": "Duran", "general_comptroller": "ISMAEL MALAVE PEREZ beat MARK D. LEVINE, 0 to 0, 0.0% to 0.0%; total votes 0.", "general_comptroller_winner": "Perez", "question_1": "Disapprove beat Approve, 0 to 0, 0.0% to 0.0%; total votes 0.", "question_1_winner": "No-disapprove!", "question_2": "Disapprove beat Approve, 0 to 0, 0.0% to 0.0%; total votes 0.", "question_2_winner": "No-disapprove!", "question_3": "Disapprove beat Approve, 0 to 0, 0.0% to 0.0%; total votes 0.", "question_3_winner": "No-disapprove!", "question_4": "Disapprove beat Approve, 0 to 0, 0.0% to 0.0%; total votes 0.", "question_4_winner": "No-disapprove!", "question_5": "Disapprove beat Approve, 0 to 0, 0.0% to 0.0%; total votes 0.", "question_5_winner": "No-disapprove!", "question_6": "Disapprove beat Approve, 0 to 0, 0.0% to 0.0%; total votes 0.", "question_6_winner": "No-disapprove!", "dem_primary_mayor": "No results found", "dem_primary_mayor_winner": "No winner found", "dem_primary_public_advocate": "No results found", "dem_primary_public_advocate_winner": "No winner found", "dem_primary_comptroller": "No results found", "dem_primary_comptroller_winner": "No winner found", "popup_summary": "Mayor: ANDREW M. CUOMO beat CURTIS A. SLIWA, 0 to 0, 0.0% to 0.0%; total votes 0. | Public Advocate: GONZALO DURAN beat JUMAANE D. WILLIAMS, 0 to 0, 0.0% to 0.0%; total votes 0. | City Comptroller: ISMAEL MALAVE PEREZ beat MARK D. LEVINE, 0 to 0, 0.0% to 0.0%; total votes 0. | Question 1: Disapprove beat Approve, 0 to 0, 0.0% to 0.0%; total votes 0. | Question 2: Disapprove beat Approve, 0 to 0, 0.0% to 0.0%; total votes 0. | Question 3: Disapprove beat Approve, 0 to 0, 0.0% to 0.0%; total votes 0. | Question 4: Disapprove beat Approve, 0 to 0, 0.0% to 0.0%; total votes 0. | Question 5: Disapprove beat Approve, 0 to 0, 0.0% to 0.0%; total votes 0. | Question 6: Disapprove beat Approve, 0 to 0, 0.0% to 0.0%; total votes 0.", "mayor_margin": 0.0, "q2_yes": 0.0, "q3_yes": 0.0, "q4_yes": 0.0}, "geometry": {"type": "MultiPolygon", "coordinates": [[[[-73.8694345, 40.8781291], [-73.869489, 40.8779895], [-73.8700467, 40.8766705], [-73.87012, 40.8764977], [-73.8701542, 40.876417], [-73.8701809, 40.8763545], [-73.8702879, 40.8763227], [-73.8703529, 40.8763149], [-73.870576, 40.8762892], [-73.8706607, 40.8762795], [-73.8706466, 40.8763358], [-73.8705861, 40.8765228], [-73.8705251, 40.8767114], [-73.8700898, 40.877925], [-73.8699681, 40.8782644], [-73.8697834, 40.878213], [-73.8696004, 40.878169], [-73.8695032, 40.8781457], [-73.8694345, 40.8781291]]]]}}, {"type": "Feature", "properties": {"felt:feature": 11, "ed_label": "AD 81 ED 018", "elect_dist": "81018", "borough": "Bronx", "community_board": 12, "community_board_label": "Bronx CB12", "popup_title": "Bronx CB12 \u2014 AD 81 ED 018", "general_mayor": "ZOHRAN KWAME MAMDANI beat ANDREW M. CUOMO, 163 to 116, 55.3% to 39.3%; total votes 295.", "general_mayor_winner": "Mamdani", "general_public_advocate": "JUMAANE D. WILLIAMS beat GONZALO DURAN, 241 to 34, 87.0% to 12.3%; total votes 277.", "general_public_advocate_winner": "Williams", "general_comptroller": "MARK D. LEVINE beat PETER KEFALAS, 231 to 26, 86.2% to 9.7%; total votes 268.", "general_comptroller_winner": "Levine", "question_1": "Disapprove beat Approve, 127 to 118, 51.8% to 48.2%; total votes 245.", "question_1_winner": "No-disapprove!", "question_2": "Approve beat Disapprove, 199 to 54, 78.7% to 21.3%; total votes 253.", "question_2_winner": "Yes-approve!", "question_3": "Approve beat Disapprove, 168 to 79, 68.0% to 32.0%; total votes 247.", "question_3_winner": "Yes-approve!", "question_4": "Approve beat Disapprove, 185 to 62, 74.9% to 25.1%; total votes 247.", "question_4_winner": "Yes-approve!", "question_5": "Approve beat Disapprove, 172 to 69, 71.4% to 28.6%; total votes 241.", "question_5_winner": "Yes-approve!", "question_6": "Disapprove beat Approve, 128 to 115, 52.7% to 47.3%; total votes 243.", "question_6_winner": "No-disapprove!", "dem_primary_mayor": "Andrew M. Cuomo beat Zohran Kwame Mamdani, 102 to 39, 64.6% to 24.7%; total votes 158.", "dem_primary_mayor_winner": "Cuomo", "dem_primary_public_advocate": "Jumaane D. Williams beat Jenifer Rajkumar, 113 to 22, 78.5% to 15.3%; total votes 144.", "dem_primary_public_advocate_winner": "Williams", "dem_primary_comptroller": "Mark D. Levine beat Justin Brannan, 63 to 31, 48.1% to 23.7%; total votes 131.", "dem_primary_comptroller_winner": "Levine", "popup_summary": "Mayor: ZOHRAN KWAME MAMDANI beat ANDREW M. CUOMO, 163 to 116, 55.3% to 39.3%; total votes 295. | Public Advocate: JUMAANE D. WILLIAMS beat GONZALO DURAN, 241 to 34, 87.0% to 12.3%; total votes 277. | City Comptroller: MARK D. LEVINE beat PETER KEFALAS, 231 to 26, 86.2% to 9.7%; total votes 268. | Question 1: Disapprove beat Approve, 127 to 118, 51.8% to 48.2%; total votes 245. | Question 2: Approve beat Disapprove, 199 to 54, 78.7% to 21.3%; total votes 253. | Question 3: Approve beat Disapprove, 168 to 79, 68.0% to 32.0%; total votes 247. | Question 4: Approve beat Disapprove, 185 to 62, 74.9% to 25.1%; total votes 247. | Question 5: Approve beat Disapprove, 172 to 69, 71.4% to 28.6%; total votes 241. | Question 6: Disapprove beat Approve, 128 to 115, 52.7% to 47.3%; total votes 243. | Dem Primary Mayor: Andrew M. Cuomo beat Zohran Kwame Mamdani, 102 to 39, 64.6% to 24.7%; total votes 158. | Dem Primary Public Advocate: Jumaane D. Williams beat Jenifer Rajkumar, 113 to 22, 78.5% to 15.3%; total votes 144. | Dem Primary Comptroller: Mark D. Levine beat Justin Brannan, 63 to 31, 48.1% to 23.7%; total votes 131.", "mayor_margin": 16.0, "q2_yes": 78.7, "q3_yes": 68.0, "q4_yes": 74.9}, "geometry": {"type": "MultiPolygon", "coordinates": [[[[-73.8561598, 40.8955974], [-73.8565612, 40.894873], [-73.8569562, 40.8941679], [-73.8573628, 40.8934114], [-73.8575143, 40.8934401], [-73.8602613, 40.8943149], [-73.8611899, 40.8946087], [-73.8613593, 40.8946623], [-73.860711, 40.8953705], [-73.860063, 40.8964373], [-73.8598726, 40.8967508], [-73.8590426, 40.8964948], [-73.8582022, 40.8962316], [-73.8573657, 40.8959629], [-73.8561598, 40.8955974]]]]}}, {"type": "Feature", "properties": {"felt:feature": 12, "ed_label": "AD 81 ED 024", "elect_dist": "81024", "borough": "Bronx", "community_board": 12, "community_board_label": "Bronx CB12", "popup_title": "Bronx CB12 \u2014 AD 81 ED 024", "general_mayor": "ZOHRAN KWAME MAMDANI beat ANDREW M. CUOMO, 152 to 112, 54.5% to 40.1%; total votes 279.", "general_mayor_winner": "Mamdani", "general_public_advocate": "JUMAANE D. WILLIAMS beat GONZALO DURAN, 247 to 23, 90.8% to 8.5%; total votes 272.", "general_public_advocate_winner": "Williams", "general_comptroller": "MARK D. LEVINE beat PETER KEFALAS, 236 to 22, 88.4% to 8.2%; total votes 267.", "general_comptroller_winner": "Levine", "question_1": "Approve beat Disapprove, 123 to 118, 51.0% to 49.0%; total votes 241.", "question_1_winner": "Yes-approve!", "question_2": "Approve beat Disapprove, 200 to 49, 80.3% to 19.7%; total votes 249.", "question_2_winner": "Yes-approve!", "question_3": "Approve beat Disapprove, 191 to 55, 77.6% to 22.4%; total votes 246.", "question_3_winner": "Yes-approve!", "question_4": "Approve beat Disapprove, 198 to 46, 81.1% to 18.9%; total votes 244.", "question_4_winner": "Yes-approve!", "question_5": "Approve beat Disapprove, 174 to 66, 72.5% to 27.5%; total votes 240.", "question_5_winner": "Yes-approve!", "question_6": "Approve beat Disapprove, 143 to 100, 58.8% to 41.2%; total votes 243.", "question_6_winner": "Yes-approve!", "dem_primary_mayor": "Andrew M. Cuomo beat Zohran Kwame Mamdani, 94 to 41, 63.5% to 27.7%; total votes 148.", "dem_primary_mayor_winner": "Cuomo", "dem_primary_public_advocate": "Jumaane D. Williams beat Jenifer Rajkumar, 109 to 17, 80.7% to 12.6%; total votes 135.", "dem_primary_public_advocate_winner": "Williams", "dem_primary_comptroller": "Mark D. Levine beat Kevin S. Parker, 85 to 21, 60.7% to 15.0%; total votes 140.", "dem_primary_comptroller_winner": "Levine", "popup_summary": "Mayor: ZOHRAN KWAME MAMDANI beat ANDREW M. CUOMO, 152 to 112, 54.5% to 40.1%; total votes 279. | Public Advocate: JUMAANE D. WILLIAMS beat GONZALO DURAN, 247 to 23, 90.8% to 8.5%; total votes 272. | City Comptroller: MARK D. LEVINE beat PETER KEFALAS, 236 to 22, 88.4% to 8.2%; total votes 267. | Question 1: Approve beat Disapprove, 123 to 118, 51.0% to 49.0%; total votes 241. | Question 2: Approve beat Disapprove, 200 to 49, 80.3% to 19.7%; total votes 249. | Question 3: Approve beat Disapprove, 191 to 55, 77.6% to 22.4%; total votes 246. | Question 4: Approve beat Disapprove, 198 to 46, 81.1% to 18.9%; total votes 244. | Question 5: Approve beat Disapprove, 174 to 66, 72.5% to 27.5%; total votes 240. | Question 6: Approve beat Disapprove, 143 to 100, 58.8% to 41.2%; total votes 243. | Dem Primary Mayor: Andrew M. Cuomo beat Zohran Kwame Mamdani, 94 to 41, 63.5% to 27.7%; total votes 148. | Dem Primary Public Advocate: Jumaane D. Williams beat Jenifer Rajkumar, 109 to 17, 80.7% to 12.6%; total votes 135. | Dem Primary Comptroller: Mark D. Levine beat Kevin S. Parker, 85 to 21, 60.7% to 15.0%; total votes 140.", "mayor_margin": 14.4, "q2_yes": 80.3, "q3_yes": 77.6, "q4_yes": 81.1}, "geometry": {"type": "MultiPolygon", "coordinates": [[[[-73.8542988, 40.8984497], [-73.8552486, 40.8972515], [-73.8561598, 40.8955974], [-73.8573657, 40.8959629], [-73.8582022, 40.8962316], [-73.8590426, 40.8964948], [-73.8598726, 40.8967508], [-73.8601717, 40.8968362], [-73.8602858, 40.8968688], [-73.8603654, 40.8969001], [-73.8604399, 40.8969465], [-73.8605023, 40.8970071], [-73.860546, 40.8970789], [-73.8605665, 40.8971565], [-73.8605633, 40.8972334], [-73.8605391, 40.8973042], [-73.8604992, 40.897365], [-73.8594782, 40.8988824], [-73.8586268, 40.9001356], [-73.8578029, 40.899816], [-73.8569971, 40.8995036], [-73.8561932, 40.899188], [-73.8553866, 40.8988762], [-73.8542988, 40.8984497]]]]}}, {"type": "Feature", "properties": {"felt:feature": 13, "ed_label": "AD 81 ED 041", "elect_dist": "81041", "borough": "Bronx", "community_board": 12, "community_board_label": "Bronx CB12", "popup_title": "Bronx CB12 \u2014 AD 81 ED 041", "general_mayor": "ANDREW M. CUOMO beat ZOHRAN KWAME MAMDANI, 252 to 194, 45.0% to 34.6%; total votes 560.", "general_mayor_winner": "Cuomo", "general_public_advocate": "JUMAANE D. WILLIAMS beat GONZALO DURAN, 266 to 237, 49.9% to 44.5%; total votes 533.", "general_public_advocate_winner": "Williams", "general_comptroller": "MARK D. LEVINE beat PETER KEFALAS, 286 to 231, 53.8% to 43.4%; total votes 532.", "general_comptroller_winner": "Levine", "question_1": "Disapprove beat Approve, 313 to 198, 61.3% to 38.7%; total votes 511.", "question_1_winner": "No-disapprove!", "question_2": "Disapprove beat Approve, 328 to 188, 63.6% to 36.4%; total votes 516.", "question_2_winner": "No-disapprove!", "question_3": "Disapprove beat Approve, 308 to 197, 61.0% to 39.0%; total votes 505.", "question_3_winner": "No-disapprove!", "question_4": "Disapprove beat Approve, 284 to 225, 55.8% to 44.2%; total votes 509.", "question_4_winner": "No-disapprove!", "question_5": "Approve beat Disapprove, 308 to 199, 60.8% to 39.2%; total votes 507.", "question_5_winner": "Yes-approve!", "question_6": "Disapprove beat Approve, 302 to 205, 59.6% to 40.4%; total votes 507.", "question_6_winner": "No-disapprove!", "dem_primary_mayor": "Zohran Kwame Mamdani beat Andrew M. Cuomo, 77 to 62, 43.5% to 35.0%; total votes 177.", "dem_primary_mayor_winner": "Mamdani", "dem_primary_public_advocate": "Jumaane D. Williams beat Jenifer Rajkumar, 105 to 29, 65.2% to 18.0%; total votes 161.", "dem_primary_public_advocate_winner": "Williams", "dem_primary_comptroller": "Mark D. Levine beat Justin Brannan, 83 to 51, 51.2% to 31.5%; total votes 162.", "dem_primary_comptroller_winner": "Levine", "popup_summary": "Mayor: ANDREW M. CUOMO beat ZOHRAN KWAME MAMDANI, 252 to 194, 45.0% to 34.6%; total votes 560. | Public Advocate: JUMAANE D. WILLIAMS beat GONZALO DURAN, 266 to 237, 49.9% to 44.5%; total votes 533. | City Comptroller: MARK D. LEVINE beat PETER KEFALAS, 286 to 231, 53.8% to 43.4%; total votes 532. | Question 1: Disapprove beat Approve, 313 to 198, 61.3% to 38.7%; total votes 511. | Question 2: Disapprove beat Approve, 328 to 188, 63.6% to 36.4%; total votes 516. | Question 3: Disapprove beat Approve, 308 to 197, 61.0% to 39.0%; total votes 505. | Question 4: Disapprove beat Approve, 284 to 225, 55.8% to 44.2%; total votes 509. | Question 5: Approve beat Disapprove, 308 to 199, 60.8% to 39.2%; total votes 507. | Question 6: Disapprove beat Approve, 302 to 205, 59.6% to 40.4%; total votes 507. | Dem Primary Mayor: Zohran Kwame Mamdani beat Andrew M. Cuomo, 77 to 62, 43.5% to 35.0%; total votes 177. | Dem Primary Public Advocate: Jumaane D. Williams beat Jenifer Rajkumar, 105 to 29, 65.2% to 18.0%; total votes 161. | Dem Primary Comptroller: Mark D. Levine beat Justin Brannan, 83 to 51, 51.2% to 31.5%; total votes 162.", "mayor_margin": 10.4, "q2_yes": 63.6, "q3_yes": 61.0, "q4_yes": 55.8}, "geometry": {"type": "MultiPolygon", "coordinates": [[[[-73.8708496, 40.8985874], [-73.8707201, 40.8979084], [-73.8705938, 40.8972281], [-73.8704867, 40.8966402], [-73.8724103, 40.8962413], [-73.8748062, 40.8957257], [-73.8757239, 40.8956226], [-73.8771197, 40.8954687], [-73.8770592, 40.8956502], [-73.8769914, 40.8958302], [-73.8769164, 40.8960087], [-73.8768345, 40.8961853], [-73.8767455, 40.8963599], [-73.8766496, 40.8965325], [-73.8765469, 40.8967028], [-73.8764374, 40.8968706], [-73.8763441, 40.8969989], [-73.8762466, 40.8971253], [-73.876145, 40.89725], [-73.8760395, 40.8973726], [-73.8759299, 40.8974933], [-73.8758165, 40.8976119], [-73.8756758, 40.8977512], [-73.8755293, 40.897887], [-73.8753773, 40.8980192], [-73.8752198, 40.8981478], [-73.875057, 40.8982725], [-73.8748892, 40.8983932], [-73.8747066, 40.8985149], [-73.8745192, 40.8986323], [-73.8743271, 40.8987452], [-73.8741305, 40.8988536], [-73.8739296, 40.8989574], [-73.8737246, 40.8990564], [-73.8735498, 40.8991313], [-73.8733732, 40.8992038], [-73.8731949, 40.8992738], [-73.8730148, 40.8993412], [-73.8726923, 40.8994601], [-73.8723737, 40.8995849], [-73.8720592, 40.8997157], [-73.8717491, 40.8998523], [-73.8714435, 40.8999947], [-73.8711427, 40.9001428], [-73.8710985, 40.8999468], [-73.8709766, 40.8992643], [-73.8708496, 40.8985874]]]]}}, {"type": "Feature", "properties": {"felt:feature": 14, "ed_label": "AD 81 ED 042", "elect_dist": "81042", "borough": "Bronx", "community_board": 12, "community_board_label": "Bronx CB12", "popup_title": "Bronx CB12 \u2014 AD 81 ED 042", "general_mayor": "ANDREW M. CUOMO beat ZOHRAN KWAME MAMDANI, 245 to 226, 42.5% to 39.2%; total votes 576.", "general_mayor_winner": "Cuomo", "general_public_advocate": "JUMAANE D. WILLIAMS beat GONZALO DURAN, 293 to 206, 56.2% to 39.5%; total votes 521.", "general_public_advocate_winner": "Williams", "general_comptroller": "MARK D. LEVINE beat PETER KEFALAS, 285 to 213, 56.0% to 41.8%; total votes 509.", "general_comptroller_winner": "Levine", "question_1": "Disapprove beat Approve, 319 to 198, 61.7% to 38.3%; total votes 517.", "question_1_winner": "No-disapprove!", "question_2": "Disapprove beat Approve, 311 to 216, 59.0% to 41.0%; total votes 527.", "question_2_winner": "No-disapprove!", "question_3": "Disapprove beat Approve, 304 to 215, 58.6% to 41.4%; total votes 519.", "question_3_winner": "No-disapprove!", "question_4": "Disapprove beat Approve, 292 to 226, 56.4% to 43.6%; total votes 518.", "question_4_winner": "No-disapprove!", "question_5": "Approve beat Disapprove, 308 to 215, 58.9% to 41.1%; total votes 523.", "question_5_winner": "Yes-approve!", "question_6": "Disapprove beat Approve, 331 to 189, 63.7% to 36.3%; total votes 520.", "question_6_winner": "No-disapprove!", "dem_primary_mayor": "Zohran Kwame Mamdani beat Andrew M. Cuomo, 85 to 65, 40.9% to 31.2%; total votes 208.", "dem_primary_mayor_winner": "Mamdani", "dem_primary_public_advocate": "Jumaane D. Williams beat Marty Dolan, 129 to 36, 66.5% to 18.6%; total votes 194.", "dem_primary_public_advocate_winner": "Williams", "dem_primary_comptroller": "Mark D. Levine beat Justin Brannan, 95 to 65, 50.0% to 34.2%; total votes 190.", "dem_primary_comptroller_winner": "Levine", "popup_summary": "Mayor: ANDREW M. CUOMO beat ZOHRAN KWAME MAMDANI, 245 to 226, 42.5% to 39.2%; total votes 576. | Public Advocate: JUMAANE D. WILLIAMS beat GONZALO DURAN, 293 to 206, 56.2% to 39.5%; total votes 521. | City Comptroller: MARK D. LEVINE beat PETER KEFALAS, 285 to 213, 56.0% to 41.8%; total votes 509. | Question 1: Disapprove beat Approve, 319 to 198, 61.7% to 38.3%; total votes 517. | Question 2: Disapprove beat Approve, 311 to 216, 59.0% to 41.0%; total votes 527. | Question 3: Disapprove beat Approve, 304 to 215, 58.6% to 41.4%; total votes 519. | Question 4: Disapprove beat Approve, 292 to 226, 56.4% to 43.6%; total votes 518. | Question 5: Approve beat Disapprove, 308 to 215, 58.9% to 41.1%; total votes 523. | Question 6: Disapprove beat Approve, 331 to 189, 63.7% to 36.3%; total votes 520. | Dem Primary Mayor: Zohran Kwame Mamdani beat Andrew M. Cuomo, 85 to 65, 40.9% to 31.2%; total votes 208. | Dem Primary Public Advocate: Jumaane D. Williams beat Marty Dolan, 129 to 36, 66.5% to 18.6%; total votes 194. | Dem Primary Comptroller: Mark D. Levine beat Justin Brannan, 95 to 65, 50.0% to 34.2%; total votes 190.", "mayor_margin": 3.3, "q2_yes": 59.0, "q3_yes": 58.6, "q4_yes": 56.4}, "geometry": {"type": "MultiPolygon", "coordinates": [[[[-73.8649163, 40.8957495], [-73.8669169, 40.8960827], [-73.8700698, 40.8965907], [-73.8704867, 40.8966402], [-73.8705938, 40.8972281], [-73.8707201, 40.8979084], [-73.8708496, 40.8985874], [-73.8674477, 40.8989528], [-73.8650925, 40.8992056], [-73.863483, 40.8993726], [-73.8637689, 40.8986568], [-73.8640551, 40.8979313], [-73.8643411, 40.8972021], [-73.8649163, 40.8957495]]]]}}, {"type": "Feature", "properties": {"felt:feature": 15, "ed_label": "AD 81 ED 043", "elect_dist": "81043", "borough": "Bronx", "community_board": 12, "community_board_label": "Bronx CB12", "popup_title": "Bronx CB12 \u2014 AD 81 ED 043", "general_mayor": "ANDREW M. CUOMO beat ZOHRAN KWAME MAMDANI, 302 to 227, 45.7% to 34.3%; total votes 661.", "general_mayor_winner": "Cuomo", "general_public_advocate": "JUMAANE D. WILLIAMS beat GONZALO DURAN, 310 to 288, 49.6% to 46.1%; total votes 625.", "general_public_advocate_winner": "Williams", "general_comptroller": "MARK D. LEVINE beat PETER KEFALAS, 331 to 279, 53.2% to 44.9%; total votes 622.", "general_comptroller_winner": "Levine", "question_1": "Disapprove beat Approve, 370 to 251, 59.6% to 40.4%; total votes 621.", "question_1_winner": "No-disapprove!", "question_2": "Disapprove beat Approve, 395 to 230, 63.2% to 36.8%; total votes 625.", "question_2_winner": "No-disapprove!", "question_3": "Disapprove beat Approve, 365 to 254, 59.0% to 41.0%; total votes 619.", "question_3_winner": "No-disapprove!", "question_4": "Disapprove beat Approve, 354 to 258, 57.8% to 42.2%; total votes 612.", "question_4_winner": "No-disapprove!", "question_5": "Approve beat Disapprove, 388 to 227, 63.1% to 36.9%; total votes 615.", "question_5_winner": "Yes-approve!", "question_6": "Disapprove beat Approve, 373 to 237, 61.1% to 38.9%; total votes 610.", "question_6_winner": "No-disapprove!", "dem_primary_mayor": "Zohran Kwame Mamdani beat Andrew M. Cuomo, 96 to 85, 40.9% to 36.2%; total votes 235.", "dem_primary_mayor_winner": "Mamdani", "dem_primary_public_advocate": "Jumaane D. Williams beat Marty Dolan, 143 to 45, 65.9% to 20.7%; total votes 217.", "dem_primary_public_advocate_winner": "Williams", "dem_primary_comptroller": "Mark D. Levine beat Justin Brannan, 118 to 72, 55.1% to 33.6%; total votes 214.", "dem_primary_comptroller_winner": "Levine", "popup_summary": "Mayor: ANDREW M. CUOMO beat ZOHRAN KWAME MAMDANI, 302 to 227, 45.7% to 34.3%; total votes 661. | Public Advocate: JUMAANE D. WILLIAMS beat GONZALO DURAN, 310 to 288, 49.6% to 46.1%; total votes 625. | City Comptroller: MARK D. LEVINE beat PETER KEFALAS, 331 to 279, 53.2% to 44.9%; total votes 622. | Question 1: Disapprove beat Approve, 370 to 251, 59.6% to 40.4%; total votes 621. | Question 2: Disapprove beat Approve, 395 to 230, 63.2% to 36.8%; total votes 625. | Question 3: Disapprove beat Approve, 365 to 254, 59.0% to 41.0%; total votes 619. | Question 4: Disapprove beat Approve, 354 to 258, 57.8% to 42.2%; total votes 612. | Question 5: Approve beat Disapprove, 388 to 227, 63.1% to 36.9%; total votes 615. | Question 6: Disapprove beat Approve, 373 to 237, 61.1% to 38.9%; total votes 610. | Dem Primary Mayor: Zohran Kwame Mamdani beat Andrew M. Cuomo, 96 to 85, 40.9% to 36.2%; total votes 235. | Dem Primary Public Advocate: Jumaane D. Williams beat Marty Dolan, 143 to 45, 65.9% to 20.7%; total votes 217. | Dem Primary Comptroller: Mark D. Levine beat Justin Brannan, 118 to 72, 55.1% to 33.6%; total votes 214.", "mayor_margin": 11.4, "q2_yes": 63.2, "q3_yes": 59.0, "q4_yes": 57.8}, "geometry": {"type": "MultiPolygon", "coordinates": [[[[-73.8626621, 40.9014592], [-73.8629152, 40.9008196], [-73.8631962, 40.9001005], [-73.863483, 40.8993726], [-73.8650925, 40.8992056], [-73.8674477, 40.8989528], [-73.8708496, 40.8985874], [-73.8709766, 40.8992643], [-73.8710985, 40.8999468], [-73.8711427, 40.9001428], [-73.8708393, 40.9003074], [-73.8705412, 40.9004775], [-73.8702486, 40.900653], [-73.8699615, 40.9008337], [-73.8697939, 40.9009475], [-73.8696298, 40.9010642], [-73.8694694, 40.9011838], [-73.8693127, 40.9013062], [-73.8691599, 40.9014314], [-73.869011, 40.9015593], [-73.8688281, 40.9017274], [-73.86865, 40.9018985], [-73.8684769, 40.9020724], [-73.8683087, 40.9022492], [-73.8682027, 40.9023554], [-73.8681511, 40.9024403], [-73.8680943, 40.9025307], [-73.8680426, 40.902623], [-73.8679963, 40.9027168], [-73.8679553, 40.9028121], [-73.867898, 40.9029402], [-73.8665212, 40.9025159], [-73.8656579, 40.9022432], [-73.8647726, 40.9020124], [-73.8630509, 40.9015081], [-73.8627985, 40.9015355], [-73.8626621, 40.9014592]]]]}}, {"type": "Feature", "properties": {"felt:feature": 16, "ed_label": "AD 81 ED 044", "elect_dist": "81044", "borough": "Bronx", "community_board": 12, "community_board_label": "Bronx CB12", "popup_title": "Bronx CB12 \u2014 AD 81 ED 044", "general_mayor": "ZOHRAN KWAME MAMDANI beat ANDREW M. CUOMO, 278 to 194, 55.3% to 38.6%; total votes 503.", "general_mayor_winner": "Mamdani", "general_public_advocate": "JUMAANE D. WILLIAMS beat GONZALO DURAN, 411 to 57, 87.4% to 12.1%; total votes 470.", "general_public_advocate_winner": "Williams", "general_comptroller": "MARK D. LEVINE beat PETER KEFALAS, 389 to 59, 85.1% to 12.9%; total votes 457.", "general_comptroller_winner": "Levine", "question_1": "Disapprove beat Approve, 212 to 196, 52.0% to 48.0%; total votes 408.", "question_1_winner": "No-disapprove!", "question_2": "Approve beat Disapprove, 290 to 136, 68.1% to 31.9%; total votes 426.", "question_2_winner": "Yes-approve!", "question_3": "Approve beat Disapprove, 257 to 155, 62.4% to 37.6%; total votes 412.", "question_3_winner": "Yes-approve!", "question_4": "Approve beat Disapprove, 296 to 123, 70.6% to 29.4%; total votes 419.", "question_4_winner": "Yes-approve!", "question_5": "Approve beat Disapprove, 285 to 126, 69.3% to 30.7%; total votes 411.", "question_5_winner": "Yes-approve!", "question_6": "Approve beat Disapprove, 211 to 198, 51.6% to 48.4%; total votes 409.", "question_6_winner": "Yes-approve!", "dem_primary_mayor": "Andrew M. Cuomo beat Zohran Kwame Mamdani, 162 to 67, 64.0% to 26.5%; total votes 253.", "dem_primary_mayor_winner": "Cuomo", "dem_primary_public_advocate": "Jumaane D. Williams beat Jenifer Rajkumar, 175 to 43, 75.1% to 18.5%; total votes 233.", "dem_primary_public_advocate_winner": "Williams", "dem_primary_comptroller": "Mark D. Levine beat Justin Brannan, 130 to 31, 59.1% to 14.1%; total votes 220.", "dem_primary_comptroller_winner": "Levine", "popup_summary": "Mayor: ZOHRAN KWAME MAMDANI beat ANDREW M. CUOMO, 278 to 194, 55.3% to 38.6%; total votes 503. | Public Advocate: JUMAANE D. WILLIAMS beat GONZALO DURAN, 411 to 57, 87.4% to 12.1%; total votes 470. | City Comptroller: MARK D. LEVINE beat PETER KEFALAS, 389 to 59, 85.1% to 12.9%; total votes 457. | Question 1: Disapprove beat Approve, 212 to 196, 52.0% to 48.0%; total votes 408. | Question 2: Approve beat Disapprove, 290 to 136, 68.1% to 31.9%; total votes 426. | Question 3: Approve beat Disapprove, 257 to 155, 62.4% to 37.6%; total votes 412. | Question 4: Approve beat Disapprove, 296 to 123, 70.6% to 29.4%; total votes 419. | Question 5: Approve beat Disapprove, 285 to 126, 69.3% to 30.7%; total votes 411. | Question 6: Approve beat Disapprove, 211 to 198, 51.6% to 48.4%; total votes 409. | Dem Primary Mayor: Andrew M. Cuomo beat Zohran Kwame Mamdani, 162 to 67, 64.0% to 26.5%; total votes 253. | Dem Primary Public Advocate: Jumaane D. Williams beat Jenifer Rajkumar, 175 to 43, 75.1% to 18.5%; total votes 233. | Dem Primary Comptroller: Mark D. Levine beat Justin Brannan, 130 to 31, 59.1% to 14.1%; total votes 220.", "mayor_margin": 16.7, "q2_yes": 68.1, "q3_yes": 62.4, "q4_yes": 70.6}, "geometry": {"type": "MultiPolygon", "coordinates": [[[[-73.8525048, 40.9024853], [-73.8515507, 40.9020444], [-73.8511056, 40.9018299], [-73.8506632, 40.9016361], [-73.8495501, 40.903045], [-73.8480983, 40.9023765], [-73.847619, 40.9021611], [-73.8474837, 40.902101], [-73.8474837, 40.902101], [-73.8473565, 40.9020279], [-73.8473565, 40.9020278], [-73.8473564, 40.9020278], [-73.8472406, 40.9019426], [-73.8472405, 40.9019426], [-73.8472404, 40.9019425], [-73.8471388, 40.901847], [-73.8471387, 40.9018469], [-73.8471386, 40.9018468], [-73.8470534, 40.901743], [-73.8470533, 40.9017429], [-73.8470533, 40.9017428], [-73.8469859, 40.9016331], [-73.8469859, 40.9016331], [-73.846937, 40.90152], [-73.8474247, 40.9002733], [-73.8482191, 40.8998281], [-73.8490864, 40.8996398], [-73.8498424, 40.8998502], [-73.8500429, 40.8996044], [-73.8506154, 40.8989023], [-73.8507023, 40.8987898], [-73.851223, 40.8981152], [-73.852616, 40.8978118], [-73.8534338, 40.8981154], [-73.8542988, 40.8984497], [-73.8553866, 40.8988762], [-73.8561932, 40.899188], [-73.8569971, 40.8995036], [-73.8578029, 40.899816], [-73.8586268, 40.9001356], [-73.8587305, 40.900169], [-73.8591286, 40.9002974], [-73.8593656, 40.9003674], [-73.8593115, 40.9004626], [-73.8594678, 40.9005172], [-73.859397, 40.9006061], [-73.8593242, 40.9006975], [-73.8590769, 40.901008], [-73.8592358, 40.9010986], [-73.8594198, 40.9013931], [-73.8593832, 40.9015404], [-73.859377, 40.9015652], [-73.859281, 40.9015555], [-73.8592055, 40.9015479], [-73.859027, 40.9014449], [-73.858864, 40.9017117], [-73.859289, 40.9018691], [-73.8593858, 40.9019049], [-73.8594639, 40.9019339], [-73.8594985, 40.9021016], [-73.859532, 40.9022431], [-73.8595788, 40.9024408], [-73.8592643, 40.9026695], [-73.859179, 40.9026561], [-73.859105, 40.9026445], [-73.859036, 40.9025835], [-73.8589615, 40.9025179], [-73.8587282, 40.902289], [-73.8584008, 40.9022133], [-73.85816, 40.9023057], [-73.8581646, 40.9025959], [-73.8579693, 40.9028509], [-73.8577475, 40.9027875], [-73.8575597, 40.9029178], [-73.8571109, 40.9036495], [-73.8571718, 40.9040821], [-73.8569916, 40.9045842], [-73.8570414, 40.9046406], [-73.8571015, 40.9047085], [-73.8571862, 40.904692], [-73.8573594, 40.904731], [-73.8574346, 40.9048415], [-73.8571777, 40.9052865], [-73.8570502, 40.9052915], [-73.8568004, 40.9051422], [-73.8567315, 40.9051011], [-73.8566544, 40.905055], [-73.8563608, 40.9051022], [-73.8560102, 40.905306], [-73.8560116, 40.9054821], [-73.8563555, 40.9055281], [-73.8564239, 40.9055447], [-73.8565025, 40.9055638], [-73.856924, 40.9059742], [-73.8568101, 40.9061558], [-73.8565573, 40.906262], [-73.8560512, 40.9060506], [-73.8560194, 40.9060357], [-73.855975, 40.9060148], [-73.855718, 40.9058955], [-73.8545401, 40.9053486], [-73.8541619, 40.9051753], [-73.8542351, 40.9050835], [-73.8552883, 40.9037631], [-73.8548262, 40.9035502], [-73.8540523, 40.9031944], [-73.8532772, 40.9028379], [-73.8525048, 40.9024853]]]]}}, {"type": "Feature", "properties": {"felt:feature": 17, "ed_label": "AD 81 ED 045", "elect_dist": "81045", "borough": "Bronx", "community_board": 12, "community_board_label": "Bronx CB12", "popup_title": "Bronx CB12 \u2014 AD 81 ED 045", "general_mayor": "ZOHRAN KWAME MAMDANI beat ANDREW M. CUOMO, 224 to 205, 45.3% to 41.5%; total votes 494.", "general_mayor_winner": "Mamdani", "general_public_advocate": "JUMAANE D. WILLIAMS beat GONZALO DURAN, 323 to 127, 69.9% to 27.5%; total votes 462.", "general_public_advocate_winner": "Williams", "general_comptroller": "MARK D. LEVINE beat PETER KEFALAS, 314 to 131, 68.4% to 28.5%; total votes 459.", "general_comptroller_winner": "Levine", "question_1": "Disapprove beat Approve, 258 to 181, 58.8% to 41.2%; total votes 439.", "question_1_winner": "No-disapprove!", "question_2": "Approve beat Disapprove, 247 to 196, 55.8% to 44.2%; total votes 443.", "question_2_winner": "Yes-approve!", "question_3": "Approve beat Disapprove, 232 to 211, 52.4% to 47.6%; total votes 443.", "question_3_winner": "Yes-approve!", "question_4": "Approve beat Disapprove, 259 to 182, 58.7% to 41.3%; total votes 441.", "question_4_winner": "Yes-approve!", "question_5": "Approve beat Disapprove, 307 to 134, 69.6% to 30.4%; total votes 441.", "question_5_winner": "Yes-approve!", "question_6": "Disapprove beat Approve, 243 to 195, 55.5% to 44.5%; total votes 438.", "question_6_winner": "No-disapprove!", "dem_primary_mayor": "Zohran Kwame Mamdani beat Andrew M. Cuomo, 81 to 67, 42.2% to 34.9%; total votes 192.", "dem_primary_mayor_winner": "Mamdani", "dem_primary_public_advocate": "Jumaane D. Williams beat Jenifer Rajkumar, 120 to 29, 67.4% to 16.3%; total votes 178.", "dem_primary_public_advocate_winner": "Williams", "dem_primary_comptroller": "Mark D. Levine beat Justin Brannan, 90 to 42, 51.7% to 24.1%; total votes 174.", "dem_primary_comptroller_winner": "Levine", "popup_summary": "Mayor: ZOHRAN KWAME MAMDANI beat ANDREW M. CUOMO, 224 to 205, 45.3% to 41.5%; total votes 494. | Public Advocate: JUMAANE D. WILLIAMS beat GONZALO DURAN, 323 to 127, 69.9% to 27.5%; total votes 462. | City Comptroller: MARK D. LEVINE beat PETER KEFALAS, 314 to 131, 68.4% to 28.5%; total votes 459. | Question 1: Disapprove beat Approve, 258 to 181, 58.8% to 41.2%; total votes 439. | Question 2: Approve beat Disapprove, 247 to 196, 55.8% to 44.2%; total votes 443. | Question 3: Approve beat Disapprove, 232 to 211, 52.4% to 47.6%; total votes 443. | Question 4: Approve beat Disapprove, 259 to 182, 58.7% to 41.3%; total votes 441. | Question 5: Approve beat Disapprove, 307 to 134, 69.6% to 30.4%; total votes 441. | Question 6: Disapprove beat Approve, 243 to 195, 55.5% to 44.5%; total votes 438. | Dem Primary Mayor: Zohran Kwame Mamdani beat Andrew M. Cuomo, 81 to 67, 42.2% to 34.9%; total votes 192. | Dem Primary Public Advocate: Jumaane D. Williams beat Jenifer Rajkumar, 120 to 29, 67.4% to 16.3%; total votes 178. | Dem Primary Comptroller: Mark D. Levine beat Justin Brannan, 90 to 42, 51.7% to 24.1%; total votes 174.", "mayor_margin": 3.8, "q2_yes": 55.8, "q3_yes": 52.4, "q4_yes": 58.7}, "geometry": {"type": "MultiPolygon", "coordinates": [[[[-73.8594678, 40.9005172], [-73.8593115, 40.9004626], [-73.8593656, 40.9003674], [-73.8601342, 40.8989984], [-73.860238, 40.8988397], [-73.8610522, 40.897846], [-73.8611063, 40.8977799], [-73.8611625, 40.897705], [-73.8614873, 40.897272], [-73.8615479, 40.8971912], [-73.8616353, 40.8970571], [-73.8622334, 40.8961392], [-73.8623266, 40.8959962], [-73.8628753, 40.895154], [-73.862642, 40.8950779], [-73.8623217, 40.8949735], [-73.86219, 40.8949305], [-73.8621441, 40.8949155], [-73.8620704, 40.8948915], [-73.8619047, 40.8948374], [-73.8618253, 40.8948115], [-73.8622632, 40.8943514], [-73.862417, 40.894211], [-73.8624931, 40.8941416], [-73.862561, 40.8940779], [-73.8626319, 40.894015], [-73.862931, 40.8937426], [-73.863219, 40.8934632], [-73.8634955, 40.8931772], [-73.8636623, 40.8929931], [-73.8637602, 40.892885], [-73.8640653, 40.8924912], [-73.8642683, 40.8922002], [-73.8644555, 40.8919027], [-73.8646266, 40.8915995], [-73.8647811, 40.8912914], [-73.8649186, 40.8909791], [-73.8664854, 40.8874822], [-73.867866, 40.8841784], [-73.8688472, 40.8816736], [-73.8693114, 40.8804114], [-73.8694335, 40.8800741], [-73.869953, 40.8785991], [-73.8698575, 40.8785789], [-73.8697156, 40.8785459], [-73.869369, 40.8784693], [-73.8692953, 40.8784522], [-73.869237, 40.8784247], [-73.8692673, 40.8783944], [-73.8692958, 40.8783631], [-73.8693359, 40.8783066], [-73.8693725, 40.8782486], [-73.8694054, 40.8781894], [-73.8694345, 40.8781291], [-73.8695032, 40.8781457], [-73.8696004, 40.878169], [-73.8697834, 40.878213], [-73.8699681, 40.8782644], [-73.8700598, 40.8782903], [-73.8701498, 40.8783101], [-73.8703373, 40.8783514], [-73.8706766, 40.8784399], [-73.8709441, 40.8785097], [-73.8701532, 40.8803508], [-73.8706826, 40.8804588], [-73.8708357, 40.8804541], [-73.8700173, 40.8823445], [-73.8692111, 40.8833247], [-73.8689807, 40.8837718], [-73.8687663, 40.8842239], [-73.8685682, 40.8846804], [-73.8683865, 40.8851408], [-73.8682215, 40.8856047], [-73.8680734, 40.8860714], [-73.8679359, 40.8865793], [-73.867782, 40.8870849], [-73.8676118, 40.8875876], [-73.8674254, 40.8880869], [-73.8672229, 40.8885825], [-73.8670047, 40.8890739], [-73.8665605, 40.8897532], [-73.8636853, 40.8943246], [-73.8635592, 40.895377], [-73.8640164, 40.895523], [-73.8649163, 40.8957495], [-73.8643411, 40.8972021], [-73.8640551, 40.8979313], [-73.8637689, 40.8986568], [-73.863483, 40.8993726], [-73.8631962, 40.9001005], [-73.8629152, 40.9008196], [-73.8626621, 40.9014592], [-73.8624577, 40.9013584], [-73.8622444, 40.9012677], [-73.8620234, 40.9011878], [-73.8617963, 40.9011191], [-73.8615644, 40.9010621], [-73.861341, 40.9011116], [-73.8610933, 40.9010321], [-73.8608814, 40.9009641], [-73.8607838, 40.900933], [-73.8606862, 40.900902], [-73.8605035, 40.9008461], [-73.8602703, 40.9007747], [-73.8601932, 40.9007503], [-73.8601071, 40.900722], [-73.8594678, 40.9005172]]]]}}, {"type": "Feature", "properties": {"felt:feature": 18, "ed_label": "AD 81 ED 047", "elect_dist": "81047", "borough": "Bronx", "community_board": 12, "community_board_label": "Bronx CB12", "popup_title": "Bronx CB12 \u2014 AD 81 ED 047", "general_mayor": "ZOHRAN KWAME MAMDANI beat ANDREW M. CUOMO, 197.1 to 98.5, 62.8% to 31.4%; total votes 313.9.", "general_mayor_winner": "Mamdani", "general_public_advocate": "JUMAANE D. WILLIAMS beat GONZALO DURAN, 232.9 to 35.1, 86.2% to 13.0%; total votes 270.", "general_public_advocate_winner": "Williams", "general_comptroller": "MARK D. LEVINE beat PETER KEFALAS, 222.1 to 29.7, 84.8% to 11.3%; total votes 261.9.", "general_comptroller_winner": "Levine", "question_1": "Disapprove beat Approve, 135.7 to 121.5, 52.8% to 47.2%; total votes 257.2.", "question_1_winner": "No-disapprove!", "question_2": "Approve beat Disapprove, 195.8 to 61.4, 76.1% to 23.9%; total votes 257.2.", "question_2_winner": "Yes-approve!", "question_3": "Approve beat Disapprove, 181.6 to 70.9, 71.9% to 28.1%; total votes 252.4.", "question_3_winner": "Yes-approve!", "question_4": "Approve beat Disapprove, 197.1 to 56, 77.9% to 22.1%; total votes 253.1.", "question_4_winner": "Yes-approve!", "question_5": "Approve beat Disapprove, 189.7 to 61.4, 75.5% to 24.5%; total votes 251.1.", "question_5_winner": "Yes-approve!", "question_6": "Disapprove beat Approve, 129.6 to 124.2, 51.1% to 48.9%; total votes 253.8.", "question_6_winner": "No-disapprove!", "dem_primary_mayor": "Andrew M. Cuomo beat Zohran Kwame Mamdani, 63.5 to 60.1, 46.5% to 44.1%; total votes 136.3.", "dem_primary_mayor_winner": "Cuomo", "dem_primary_public_advocate": "Jumaane D. Williams beat Jenifer Rajkumar, 92.5 to 18.9, 76.1% to 15.6%; total votes 121.5.", "dem_primary_public_advocate_winner": "Williams", "dem_primary_comptroller": "Mark D. Levine beat Justin Brannan, 53.3 to 27, 44.4% to 22.5%; total votes 120.2.", "dem_primary_comptroller_winner": "Levine", "popup_summary": "Mayor: ZOHRAN KWAME MAMDANI beat ANDREW M. CUOMO, 197.1 to 98.5, 62.8% to 31.4%; total votes 313.9. | Public Advocate: JUMAANE D. WILLIAMS beat GONZALO DURAN, 232.9 to 35.1, 86.2% to 13.0%; total votes 270. | City Comptroller: MARK D. LEVINE beat PETER KEFALAS, 222.1 to 29.7, 84.8% to 11.3%; total votes 261.9. | Question 1: Disapprove beat Approve, 135.7 to 121.5, 52.8% to 47.2%; total votes 257.2. | Question 2: Approve beat Disapprove, 195.8 to 61.4, 76.1% to 23.9%; total votes 257.2. | Question 3: Approve beat Disapprove, 181.6 to 70.9, 71.9% to 28.1%; total votes 252.4. | Question 4: Approve beat Disapprove, 197.1 to 56, 77.9% to 22.1%; total votes 253.1. | Question 5: Approve beat Disapprove, 189.7 to 61.4, 75.5% to 24.5%; total votes 251.1. | Question 6: Disapprove beat Approve, 129.6 to 124.2, 51.1% to 48.9%; total votes 253.8. | Dem Primary Mayor: Andrew M. Cuomo beat Zohran Kwame Mamdani, 63.5 to 60.1, 46.5% to 44.1%; total votes 136.3. | Dem Primary Public Advocate: Jumaane D. Williams beat Jenifer Rajkumar, 92.5 to 18.9, 76.1% to 15.6%; total votes 121.5. | Dem Primary Comptroller: Mark D. Levine beat Justin Brannan, 53.3 to 27, 44.4% to 22.5%; total votes 120.2.", "mayor_margin": 31.4, "q2_yes": 76.1, "q3_yes": 71.9, "q4_yes": 77.9}, "geometry": {"type": "MultiPolygon", "coordinates": [[[[-73.8649163, 40.8957495], [-73.8640164, 40.895523], [-73.8635592, 40.895377], [-73.8636853, 40.8943246], [-73.8665605, 40.8897532], [-73.8670047, 40.8890739], [-73.8672229, 40.8885825], [-73.8674254, 40.8880869], [-73.8676118, 40.8875876], [-73.867782, 40.8870849], [-73.8679359, 40.8865793], [-73.8680734, 40.8860714], [-73.8682215, 40.8856047], [-73.8683865, 40.8851408], [-73.8685682, 40.8846804], [-73.8687663, 40.8842239], [-73.8689807, 40.8837718], [-73.8692111, 40.8833247], [-73.8700173, 40.8823445], [-73.8708357, 40.8804541], [-73.871871, 40.8803281], [-73.8719166, 40.8802382], [-73.8730733, 40.8801344], [-73.8740675, 40.8800389], [-73.8749459, 40.8799477], [-73.8747924, 40.8800751], [-73.8747026, 40.8815538], [-73.875337, 40.8816718], [-73.8762589, 40.881832], [-73.8771701, 40.8819939], [-73.8781258, 40.8821537], [-73.8777282, 40.8834542], [-73.8785727, 40.883798], [-73.8793532, 40.8815067], [-73.8804569, 40.8822198], [-73.8812442, 40.8827096], [-73.8820862, 40.8831322], [-73.8827483, 40.8833974], [-73.8831909, 40.8832848], [-73.8833421, 40.8832265], [-73.8833423, 40.8832264], [-73.8833426, 40.8832264], [-73.8835076, 40.8831832], [-73.8835079, 40.8831832], [-73.8835081, 40.8831831], [-73.8836833, 40.8831576], [-73.8836834, 40.8831576], [-73.8836835, 40.8831576], [-73.8838636, 40.8831514], [-73.8838637, 40.8831514], [-73.8838639, 40.8831514], [-73.8840433, 40.883165], [-73.8840434, 40.883165], [-73.8840435, 40.883165], [-73.8842167, 40.8831977], [-73.8842168, 40.8831977], [-73.884217, 40.8831977], [-73.8843789, 40.8832476], [-73.8843791, 40.8832477], [-73.8843792, 40.8832477], [-73.8845262, 40.8833121], [-73.885165, 40.8836316], [-73.8866241, 40.8842673], [-73.8868349, 40.884342], [-73.8869289, 40.8843557], [-73.8870514, 40.8843496], [-73.8870468, 40.8844323], [-73.8870218, 40.8850238], [-73.8870657, 40.8852139], [-73.8874088, 40.8869884], [-73.8875293, 40.8882635], [-73.8875, 40.8893383], [-73.8874493, 40.8897051], [-73.8874366, 40.8897976], [-73.8874188, 40.8898736], [-73.8872038, 40.8900142], [-73.8862137, 40.8907959], [-73.8851441, 40.8918006], [-73.883973, 40.8929957], [-73.8837622, 40.8931389], [-73.8827634, 40.8939444], [-73.8820261, 40.8944734], [-73.8812953, 40.8948732], [-73.8806491, 40.8951212], [-73.8804826, 40.895152], [-73.8802024, 40.8952038], [-73.8801292, 40.8952097], [-73.8800421, 40.8952223], [-73.8795725, 40.8952715], [-73.8771197, 40.8954687], [-73.8757239, 40.8956226], [-73.8748062, 40.8957257], [-73.8724103, 40.8962413], [-73.8704867, 40.8966402], [-73.8700698, 40.8965907], [-73.8669169, 40.8960827], [-73.8649163, 40.8957495]]]]}}, {"type": "Feature", "properties": {"felt:feature": 19, "ed_label": "AD 81 ED 052", "elect_dist": "81052", "borough": "Bronx", "community_board": 12, "community_board_label": "Bronx CB12", "popup_title": "Bronx CB12 \u2014 AD 81 ED 052", "general_mayor": "ZOHRAN KWAME MAMDANI beat ANDREW M. CUOMO, 160 to 157, 48.0% to 47.1%; total votes 333.", "general_mayor_winner": "Mamdani", "general_public_advocate": "JUMAANE D. WILLIAMS beat GONZALO DURAN, 273 to 26, 90.4% to 8.6%; total votes 302.", "general_public_advocate_winner": "Williams", "general_comptroller": "MARK D. LEVINE beat PETER KEFALAS, 266 to 24, 89.9% to 8.1%; total votes 296.", "general_comptroller_winner": "Levine", "question_1": "Disapprove beat Approve, 141 to 129, 52.2% to 47.8%; total votes 270.", "question_1_winner": "No-disapprove!", "question_2": "Approve beat Disapprove, 222 to 71, 75.8% to 24.2%; total votes 293.", "question_2_winner": "Yes-approve!", "question_3": "Approve beat Disapprove, 189 to 86, 68.7% to 31.3%; total votes 275.", "question_3_winner": "Yes-approve!", "question_4": "Approve beat Disapprove, 207 to 75, 73.4% to 26.6%; total votes 282.", "question_4_winner": "Yes-approve!", "question_5": "Approve beat Disapprove, 182 to 85, 68.2% to 31.8%; total votes 267.", "question_5_winner": "Yes-approve!", "question_6": "Disapprove beat Approve, 141 to 130, 52.0% to 48.0%; total votes 271.", "question_6_winner": "No-disapprove!", "dem_primary_mayor": "Andrew M. Cuomo beat Zohran Kwame Mamdani, 141 to 42, 71.6% to 21.3%; total votes 197.", "dem_primary_mayor_winner": "Cuomo", "dem_primary_public_advocate": "Jumaane D. Williams beat Jenifer Rajkumar, 135 to 25, 78.0% to 14.5%; total votes 173.", "dem_primary_public_advocate_winner": "Williams", "dem_primary_comptroller": "Mark D. Levine beat Justin Brannan, 91 to 31, 53.5% to 18.2%; total votes 170.", "dem_primary_comptroller_winner": "Levine", "popup_summary": "Mayor: ZOHRAN KWAME MAMDANI beat ANDREW M. CUOMO, 160 to 157, 48.0% to 47.1%; total votes 333. | Public Advocate: JUMAANE D. WILLIAMS beat GONZALO DURAN, 273 to 26, 90.4% to 8.6%; total votes 302. | City Comptroller: MARK D. LEVINE beat PETER KEFALAS, 266 to 24, 89.9% to 8.1%; total votes 296. | Question 1: Disapprove beat Approve, 141 to 129, 52.2% to 47.8%; total votes 270. | Question 2: Approve beat Disapprove, 222 to 71, 75.8% to 24.2%; total votes 293. | Question 3: Approve beat Disapprove, 189 to 86, 68.7% to 31.3%; total votes 275. | Question 4: Approve beat Disapprove, 207 to 75, 73.4% to 26.6%; total votes 282. | Question 5: Approve beat Disapprove, 182 to 85, 68.2% to 31.8%; total votes 267. | Question 6: Disapprove beat Approve, 141 to 130, 52.0% to 48.0%; total votes 271. | Dem Primary Mayor: Andrew M. Cuomo beat Zohran Kwame Mamdani, 141 to 42, 71.6% to 21.3%; total votes 197. | Dem Primary Public Advocate: Jumaane D. Williams beat Jenifer Rajkumar, 135 to 25, 78.0% to 14.5%; total votes 173. | Dem Primary Comptroller: Mark D. Levine beat Justin Brannan, 91 to 31, 53.5% to 18.2%; total votes 170.", "mayor_margin": 0.9, "q2_yes": 75.8, "q3_yes": 68.7, "q4_yes": 73.4}, "geometry": {"type": "MultiPolygon", "coordinates": [[[[-73.851223, 40.8981152], [-73.8513441, 40.8979911], [-73.8514822, 40.8978583], [-73.8514822, 40.8978583], [-73.8516078, 40.8977173], [-73.8517196, 40.8975695], [-73.8517197, 40.8975694], [-73.8517198, 40.8975693], [-73.8518167, 40.8974158], [-73.8518169, 40.8974155], [-73.8518171, 40.8974152], [-73.8518987, 40.8972571], [-73.8519646, 40.8970955], [-73.8523834, 40.8963331], [-73.8524977, 40.8961086], [-73.8525667, 40.8959732], [-73.852787, 40.8955629], [-73.8531355, 40.8949221], [-73.853276, 40.8946755], [-73.8536286, 40.8948151], [-73.8544359, 40.8950721], [-73.8548475, 40.8943291], [-73.8552407, 40.8936239], [-73.8556633, 40.8928524], [-73.8573628, 40.8934114], [-73.8569562, 40.8941679], [-73.8565612, 40.894873], [-73.8561598, 40.8955974], [-73.8552486, 40.8972515], [-73.8542988, 40.8984497], [-73.8534338, 40.8981154], [-73.852616, 40.8978118], [-73.851223, 40.8981152]]]]}}, {"type": "Feature", "properties": {"felt:feature": 20, "ed_label": "AD 81 ED 055", "elect_dist": "81055", "borough": "Bronx", "community_board": 12, "community_board_label": "Bronx CB12", "popup_title": "Bronx CB12 \u2014 AD 81 ED 055", "general_mayor": "ZOHRAN KWAME MAMDANI beat ANDREW M. CUOMO, 135 to 118, 50.9% to 44.5%; total votes 265.", "general_mayor_winner": "Mamdani", "general_public_advocate": "JUMAANE D. WILLIAMS beat GONZALO DURAN, 224 to 19, 91.8% to 7.8%; total votes 244.", "general_public_advocate_winner": "Williams", "general_comptroller": "MARK D. LEVINE beat ISMAEL MALAVE PEREZ, 217 to 12, 90.8% to 5.0%; total votes 239.", "general_comptroller_winner": "Levine", "question_1": "Approve beat Disapprove, 111 to 90, 55.2% to 44.8%; total votes 201.", "question_1_winner": "Yes-approve!", "question_2": "Approve beat Disapprove, 180 to 29, 86.1% to 13.9%; total votes 209.", "question_2_winner": "Yes-approve!", "question_3": "Approve beat Disapprove, 159 to 46, 77.6% to 22.4%; total votes 205.", "question_3_winner": "Yes-approve!", "question_4": "Approve beat Disapprove, 172 to 33, 83.9% to 16.1%; total votes 205.", "question_4_winner": "Yes-approve!", "question_5": "Approve beat Disapprove, 151 to 53, 74.0% to 26.0%; total votes 204.", "question_5_winner": "Yes-approve!", "question_6": "Disapprove beat Approve, 107 to 95, 53.0% to 47.0%; total votes 202.", "question_6_winner": "No-disapprove!", "dem_primary_mayor": "Andrew M. Cuomo beat Zohran Kwame Mamdani, 85 to 34, 63.9% to 25.6%; total votes 133.", "dem_primary_mayor_winner": "Cuomo", "dem_primary_public_advocate": "Jumaane D. Williams beat Jenifer Rajkumar, 94 to 22, 77.0% to 18.0%; total votes 122.", "dem_primary_public_advocate_winner": "Williams", "dem_primary_comptroller": "Mark D. Levine beat Ismael Malave Perez, 73 to 18, 61.9% to 15.3%; total votes 118.", "dem_primary_comptroller_winner": "Levine", "popup_summary": "Mayor: ZOHRAN KWAME MAMDANI beat ANDREW M. CUOMO, 135 to 118, 50.9% to 44.5%; total votes 265. | Public Advocate: JUMAANE D. WILLIAMS beat GONZALO DURAN, 224 to 19, 91.8% to 7.8%; total votes 244. | City Comptroller: MARK D. LEVINE beat ISMAEL MALAVE PEREZ, 217 to 12, 90.8% to 5.0%; total votes 239. | Question 1: Approve beat Disapprove, 111 to 90, 55.2% to 44.8%; total votes 201. | Question 2: Approve beat Disapprove, 180 to 29, 86.1% to 13.9%; total votes 209. | Question 3: Approve beat Disapprove, 159 to 46, 77.6% to 22.4%; total votes 205. | Question 4: Approve beat Disapprove, 172 to 33, 83.9% to 16.1%; total votes 205. | Question 5: Approve beat Disapprove, 151 to 53, 74.0% to 26.0%; total votes 204. | Question 6: Disapprove beat Approve, 107 to 95, 53.0% to 47.0%; total votes 202. | Dem Primary Mayor: Andrew M. Cuomo beat Zohran Kwame Mamdani, 85 to 34, 63.9% to 25.6%; total votes 133. | Dem Primary Public Advocate: Jumaane D. Williams beat Jenifer Rajkumar, 94 to 22, 77.0% to 18.0%; total votes 122. | Dem Primary Comptroller: Mark D. Levine beat Ismael Malave Perez, 73 to 18, 61.9% to 15.3%; total votes 118.", "mayor_margin": 6.4, "q2_yes": 86.1, "q3_yes": 77.6, "q4_yes": 83.9}, "geometry": {"type": "MultiPolygon", "coordinates": [[[[-73.8573628, 40.8934114], [-73.8577318, 40.892754], [-73.8581273, 40.8920438], [-73.8585181, 40.8913374], [-73.8595231, 40.8916579], [-73.861397, 40.8922527], [-73.8617881, 40.8915495], [-73.8626567, 40.8918158], [-73.8627397, 40.8918389], [-73.8622535, 40.8926705], [-73.8621558, 40.8928341], [-73.8619823, 40.8931613], [-73.8619254, 40.8932912], [-73.8614925, 40.8942789], [-73.8614051, 40.894539], [-73.8613593, 40.8946623], [-73.8611899, 40.8946087], [-73.8602613, 40.8943149], [-73.8575143, 40.8934401], [-73.8573628, 40.8934114]]]]}}, {"type": "Feature", "properties": {"felt:feature": 21, "ed_label": "AD 81 ED 057", "elect_dist": "81057", "borough": "Bronx", "community_board": 12, "community_board_label": "Bronx CB12", "popup_title": "Bronx CB12 \u2014 AD 81 ED 057", "general_mayor": "ZOHRAN KWAME MAMDANI beat ANDREW M. CUOMO, 176 to 108, 57.5% to 35.3%; total votes 306.", "general_mayor_winner": "Mamdani", "general_public_advocate": "JUMAANE D. WILLIAMS beat GONZALO DURAN, 255 to 28, 88.5% to 9.7%; total votes 288.", "general_public_advocate_winner": "Williams", "general_comptroller": "MARK D. LEVINE beat PETER KEFALAS, 237 to 30, 86.2% to 10.9%; total votes 275.", "general_comptroller_winner": "Levine", "question_1": "Disapprove beat Approve, 129 to 127, 50.4% to 49.6%; total votes 256.", "question_1_winner": "No-disapprove!", "question_2": "Approve beat Disapprove, 196 to 67, 74.5% to 25.5%; total votes 263.", "question_2_winner": "Yes-approve!", "question_3": "Approve beat Disapprove, 187 to 76, 71.1% to 28.9%; total votes 263.", "question_3_winner": "Yes-approve!", "question_4": "Approve beat Disapprove, 201 to 59, 77.3% to 22.7%; total votes 260.", "question_4_winner": "Yes-approve!", "question_5": "Approve beat Disapprove, 193 to 60, 76.3% to 23.7%; total votes 253.", "question_5_winner": "Yes-approve!", "question_6": "Approve beat Disapprove, 131 to 126, 51.0% to 49.0%; total votes 257.", "question_6_winner": "Yes-approve!", "dem_primary_mayor": "Andrew M. Cuomo beat Zohran Kwame Mamdani, 91 to 37, 61.9% to 25.2%; total votes 147.", "dem_primary_mayor_winner": "Cuomo", "dem_primary_public_advocate": "Jumaane D. Williams beat Jenifer Rajkumar, 102 to 21, 75.0% to 15.4%; total votes 136.", "dem_primary_public_advocate_winner": "Williams", "dem_primary_comptroller": "Mark D. Levine beat Justin Brannan, 71 to 35, 52.2% to 25.7%; total votes 136.", "dem_primary_comptroller_winner": "Levine", "popup_summary": "Mayor: ZOHRAN KWAME MAMDANI beat ANDREW M. CUOMO, 176 to 108, 57.5% to 35.3%; total votes 306. | Public Advocate: JUMAANE D. WILLIAMS beat GONZALO DURAN, 255 to 28, 88.5% to 9.7%; total votes 288. | City Comptroller: MARK D. LEVINE beat PETER KEFALAS, 237 to 30, 86.2% to 10.9%; total votes 275. | Question 1: Disapprove beat Approve, 129 to 127, 50.4% to 49.6%; total votes 256. | Question 2: Approve beat Disapprove, 196 to 67, 74.5% to 25.5%; total votes 263. | Question 3: Approve beat Disapprove, 187 to 76, 71.1% to 28.9%; total votes 263. | Question 4: Approve beat Disapprove, 201 to 59, 77.3% to 22.7%; total votes 260. | Question 5: Approve beat Disapprove, 193 to 60, 76.3% to 23.7%; total votes 253. | Question 6: Approve beat Disapprove, 131 to 126, 51.0% to 49.0%; total votes 257. | Dem Primary Mayor: Andrew M. Cuomo beat Zohran Kwame Mamdani, 91 to 37, 61.9% to 25.2%; total votes 147. | Dem Primary Public Advocate: Jumaane D. Williams beat Jenifer Rajkumar, 102 to 21, 75.0% to 15.4%; total votes 136. | Dem Primary Comptroller: Mark D. Levine beat Justin Brannan, 71 to 35, 52.2% to 25.7%; total votes 136.", "mayor_margin": 22.2, "q2_yes": 74.5, "q3_yes": 71.1, "q4_yes": 77.3}, "geometry": {"type": "MultiPolygon", "coordinates": [[[[-73.8470803, 40.9061567], [-73.8472054, 40.9058786], [-73.8475113, 40.9052231], [-73.8478174, 40.9045543], [-73.8479176, 40.9039346], [-73.8479957, 40.903253], [-73.8474783, 40.9032216], [-73.8465777, 40.9031531], [-73.8468023, 40.9015522], [-73.846937, 40.90152], [-73.8469859, 40.9016331], [-73.8469859, 40.9016331], [-73.8470533, 40.9017428], [-73.8470533, 40.9017429], [-73.8470534, 40.901743], [-73.8471386, 40.9018468], [-73.8471387, 40.9018469], [-73.8471388, 40.901847], [-73.8472404, 40.9019425], [-73.8472405, 40.9019426], [-73.8472406, 40.9019426], [-73.8473564, 40.9020278], [-73.8473565, 40.9020278], [-73.8473565, 40.9020279], [-73.8474837, 40.902101], [-73.8474837, 40.902101], [-73.847619, 40.9021611], [-73.8480983, 40.9023765], [-73.8495501, 40.903045], [-73.8506632, 40.9016361], [-73.8511056, 40.9018299], [-73.8515507, 40.9020444], [-73.8525048, 40.9024853], [-73.8513829, 40.9038908], [-73.8510553, 40.904272], [-73.8507453, 40.9046621], [-73.8504534, 40.9050602], [-73.8501802, 40.9054658], [-73.8499262, 40.9058781], [-73.8504034, 40.9060055], [-73.8507837, 40.9061057], [-73.8512311, 40.9062338], [-73.8509206, 40.9066165], [-73.8504015, 40.9072182], [-73.8501732, 40.9075079], [-73.8493364, 40.9071253], [-73.8486391, 40.9068065], [-73.8470803, 40.9061567]]]]}}, {"type": "Feature", "properties": {"felt:feature": 22, "ed_label": "AD 81 ED 058", "elect_dist": "81058", "borough": "Bronx", "community_board": 12, "community_board_label": "Bronx CB12", "popup_title": "Bronx CB12 \u2014 AD 81 ED 058", "general_mayor": "ZOHRAN KWAME MAMDANI beat ANDREW M. CUOMO, 193 to 134, 56.1% to 39.0%; total votes 344.", "general_mayor_winner": "Mamdani", "general_public_advocate": "JUMAANE D. WILLIAMS beat GONZALO DURAN, 276 to 39, 86.8% to 12.3%; total votes 318.", "general_public_advocate_winner": "Williams", "general_comptroller": "MARK D. LEVINE beat PETER KEFALAS, 264 to 39, 85.2% to 12.6%; total votes 310.", "general_comptroller_winner": "Levine", "question_1": "Approve beat Disapprove, 139 to 125, 52.7% to 47.3%; total votes 264.", "question_1_winner": "Yes-approve!", "question_2": "Approve beat Disapprove, 221 to 59, 78.9% to 21.1%; total votes 280.", "question_2_winner": "Yes-approve!", "question_3": "Approve beat Disapprove, 196 to 69, 74.0% to 26.0%; total votes 265.", "question_3_winner": "Yes-approve!", "question_4": "Approve beat Disapprove, 217 to 56, 79.5% to 20.5%; total votes 273.", "question_4_winner": "Yes-approve!", "question_5": "Approve beat Disapprove, 212 to 53, 80.0% to 20.0%; total votes 265.", "question_5_winner": "Yes-approve!", "question_6": "Approve beat Disapprove, 150 to 115, 56.6% to 43.4%; total votes 265.", "question_6_winner": "Yes-approve!", "dem_primary_mayor": "Andrew M. Cuomo beat Zohran Kwame Mamdani, 111 to 31, 69.8% to 19.5%; total votes 159.", "dem_primary_mayor_winner": "Cuomo", "dem_primary_public_advocate": "Jumaane D. Williams beat Jenifer Rajkumar, 104 to 20, 78.8% to 15.2%; total votes 132.", "dem_primary_public_advocate_winner": "Williams", "dem_primary_comptroller": "Mark D. Levine beat Ismael Malave Perez, 64 to 30, 48.5% to 22.7%; total votes 132.", "dem_primary_comptroller_winner": "Levine", "popup_summary": "Mayor: ZOHRAN KWAME MAMDANI beat ANDREW M. CUOMO, 193 to 134, 56.1% to 39.0%; total votes 344. | Public Advocate: JUMAANE D. WILLIAMS beat GONZALO DURAN, 276 to 39, 86.8% to 12.3%; total votes 318. | City Comptroller: MARK D. LEVINE beat PETER KEFALAS, 264 to 39, 85.2% to 12.6%; total votes 310. | Question 1: Approve beat Disapprove, 139 to 125, 52.7% to 47.3%; total votes 264. | Question 2: Approve beat Disapprove, 221 to 59, 78.9% to 21.1%; total votes 280. | Question 3: Approve beat Disapprove, 196 to 69, 74.0% to 26.0%; total votes 265. | Question 4: Approve beat Disapprove, 217 to 56, 79.5% to 20.5%; total votes 273. | Question 5: Approve beat Disapprove, 212 to 53, 80.0% to 20.0%; total votes 265. | Question 6: Approve beat Disapprove, 150 to 115, 56.6% to 43.4%; total votes 265. | Dem Primary Mayor: Andrew M. Cuomo beat Zohran Kwame Mamdani, 111 to 31, 69.8% to 19.5%; total votes 159. | Dem Primary Public Advocate: Jumaane D. Williams beat Jenifer Rajkumar, 104 to 20, 78.8% to 15.2%; total votes 132. | Dem Primary Comptroller: Mark D. Levine beat Ismael Malave Perez, 64 to 30, 48.5% to 22.7%; total votes 132.", "mayor_margin": 17.1, "q2_yes": 78.9, "q3_yes": 74.0, "q4_yes": 79.5}, "geometry": {"type": "MultiPolygon", "coordinates": [[[[-73.8509206, 40.9066165], [-73.8512311, 40.9062338], [-73.8507837, 40.9061057], [-73.8504034, 40.9060055], [-73.8499262, 40.9058781], [-73.8501802, 40.9054658], [-73.8504534, 40.9050602], [-73.8507453, 40.9046621], [-73.8510553, 40.904272], [-73.8513829, 40.9038908], [-73.8525048, 40.9024853], [-73.8532772, 40.9028379], [-73.8540523, 40.9031944], [-73.8548262, 40.9035502], [-73.8552883, 40.9037631], [-73.8542351, 40.9050835], [-73.8541619, 40.9051753], [-73.8545401, 40.9053486], [-73.855718, 40.9058955], [-73.855975, 40.9060148], [-73.8560194, 40.9060357], [-73.8560512, 40.9060506], [-73.8565573, 40.906262], [-73.8559562, 40.9062185], [-73.8558804, 40.9062414], [-73.8558046, 40.9062644], [-73.855527, 40.9063803], [-73.8551379, 40.9068669], [-73.8542378, 40.9070329], [-73.853741, 40.9077879], [-73.8538336, 40.9079743], [-73.8542291, 40.9080186], [-73.8547108, 40.9080063], [-73.8547558, 40.908084], [-73.8547937, 40.9081583], [-73.8549111, 40.9083549], [-73.8545894, 40.9089395], [-73.8539165, 40.9094656], [-73.8537751, 40.9095316], [-73.8536006, 40.9096067], [-73.8533535, 40.9100431], [-73.8529562, 40.910353], [-73.8527699, 40.910406], [-73.8525847, 40.9103106], [-73.8526604, 40.9100152], [-73.8524565, 40.9098605], [-73.8522745, 40.9098541], [-73.8517832, 40.9101606], [-73.8514924, 40.9102716], [-73.8514475, 40.9104497], [-73.8510712, 40.9103715], [-73.8516438, 40.9096991], [-73.8520729, 40.9091971], [-73.8523474, 40.9088628], [-73.8530497, 40.9080359], [-73.8534752, 40.9075303], [-73.8525777, 40.9072002], [-73.8522806, 40.9070813], [-73.8514251, 40.9067802], [-73.8509206, 40.9066165]]]]}}, {"type": "Feature", "properties": {"felt:feature": 23, "ed_label": "AD 81 ED 062", "elect_dist": "81062", "borough": "Bronx", "community_board": 12, "community_board_label": "Bronx CB12", "popup_title": "Bronx CB12 \u2014 AD 81 ED 062", "general_mayor": "ANDREW M. CUOMO beat CURTIS A. SLIWA, 0 to 0, 0.0% to 0.0%; total votes 0.", "general_mayor_winner": "Cuomo", "general_public_advocate": "GONZALO DURAN beat JUMAANE D. WILLIAMS, 0 to 0, 0.0% to 0.0%; total votes 0.", "general_public_advocate_winner": "Duran", "general_comptroller": "ISMAEL MALAVE PEREZ beat MARK D. LEVINE, 0 to 0, 0.0% to 0.0%; total votes 0.", "general_comptroller_winner": "Perez", "question_1": "Disapprove beat Approve, 0 to 0, 0.0% to 0.0%; total votes 0.", "question_1_winner": "No-disapprove!", "question_2": "Disapprove beat Approve, 0 to 0, 0.0% to 0.0%; total votes 0.", "question_2_winner": "No-disapprove!", "question_3": "Disapprove beat Approve, 0 to 0, 0.0% to 0.0%; total votes 0.", "question_3_winner": "No-disapprove!", "question_4": "Disapprove beat Approve, 0 to 0, 0.0% to 0.0%; total votes 0.", "question_4_winner": "No-disapprove!", "question_5": "Disapprove beat Approve, 0 to 0, 0.0% to 0.0%; total votes 0.", "question_5_winner": "No-disapprove!", "question_6": "Disapprove beat Approve, 0 to 0, 0.0% to 0.0%; total votes 0.", "question_6_winner": "No-disapprove!", "dem_primary_mayor": "No results found", "dem_primary_mayor_winner": "No winner found", "dem_primary_public_advocate": "No results found", "dem_primary_public_advocate_winner": "No winner found", "dem_primary_comptroller": "No results found", "dem_primary_comptroller_winner": "No winner found", "popup_summary": "Mayor: ANDREW M. CUOMO beat CURTIS A. SLIWA, 0 to 0, 0.0% to 0.0%; total votes 0. | Public Advocate: GONZALO DURAN beat JUMAANE D. WILLIAMS, 0 to 0, 0.0% to 0.0%; total votes 0. | City Comptroller: ISMAEL MALAVE PEREZ beat MARK D. LEVINE, 0 to 0, 0.0% to 0.0%; total votes 0. | Question 1: Disapprove beat Approve, 0 to 0, 0.0% to 0.0%; total votes 0. | Question 2: Disapprove beat Approve, 0 to 0, 0.0% to 0.0%; total votes 0. | Question 3: Disapprove beat Approve, 0 to 0, 0.0% to 0.0%; total votes 0. | Question 4: Disapprove beat Approve, 0 to 0, 0.0% to 0.0%; total votes 0. | Question 5: Disapprove beat Approve, 0 to 0, 0.0% to 0.0%; total votes 0. | Question 6: Disapprove beat Approve, 0 to 0, 0.0% to 0.0%; total votes 0.", "mayor_margin": 0.0, "q2_yes": 0.0, "q3_yes": 0.0, "q4_yes": 0.0}, "geometry": {"type": "MultiPolygon", "coordinates": [[[[-73.8586268, 40.9001356], [-73.8594782, 40.8988824], [-73.8604992, 40.897365], [-73.8605391, 40.8973042], [-73.8605633, 40.8972334], [-73.8605665, 40.8971565], [-73.860546, 40.8970789], [-73.8605023, 40.8970071], [-73.8604399, 40.8969465], [-73.8603654, 40.8969001], [-73.8602858, 40.8968688], [-73.8601717, 40.8968362], [-73.8598726, 40.8967508], [-73.860063, 40.8964373], [-73.860711, 40.8953705], [-73.8613593, 40.8946623], [-73.8614051, 40.894539], [-73.8614925, 40.8942789], [-73.8619254, 40.8932912], [-73.8619823, 40.8931613], [-73.8621558, 40.8928341], [-73.8622535, 40.8926705], [-73.8627397, 40.8918389], [-73.8626567, 40.8918158], [-73.8627519, 40.8916507], [-73.8627666, 40.8916196], [-73.8630384, 40.8911125], [-73.8638086, 40.8897159], [-73.8646002, 40.8882997], [-73.8653805, 40.8868835], [-73.8662066, 40.8853786], [-73.8662457, 40.8852657], [-73.8662457, 40.8852656], [-73.8662457, 40.8852655], [-73.8662673, 40.8851477], [-73.86627, 40.8850275], [-73.86627, 40.8850274], [-73.86627, 40.8850273], [-73.8662535, 40.8849073], [-73.866218, 40.88479], [-73.8661648, 40.8846782], [-73.8661648, 40.8846781], [-73.8661647, 40.8846779], [-73.8660957, 40.8845736], [-73.8660603, 40.8845059], [-73.8660603, 40.8845058], [-73.8660602, 40.8845057], [-73.8660407, 40.8844335], [-73.8660407, 40.8844332], [-73.8660407, 40.884433], [-73.8660381, 40.8843594], [-73.8660381, 40.8843592], [-73.8660381, 40.884359], [-73.8660523, 40.884287], [-73.8670526, 40.8822552], [-73.8681288, 40.8800666], [-73.8687437, 40.8788232], [-73.8689438, 40.8785919], [-73.8690741, 40.8785792], [-73.8691285, 40.8785189], [-73.8691862, 40.8784661], [-73.869237, 40.8784247], [-73.8692953, 40.8784522], [-73.869369, 40.8784693], [-73.8697156, 40.8785459], [-73.8698575, 40.8785789], [-73.869953, 40.8785991], [-73.8694335, 40.8800741], [-73.8693114, 40.8804114], [-73.8688472, 40.8816736], [-73.867866, 40.8841784], [-73.8664854, 40.8874822], [-73.8649186, 40.8909791], [-73.8647811, 40.8912914], [-73.8646266, 40.8915995], [-73.8644555, 40.8919027], [-73.8642683, 40.8922002], [-73.8640653, 40.8924912], [-73.8637602, 40.892885], [-73.8636623, 40.8929931], [-73.8634955, 40.8931772], [-73.863219, 40.8934632], [-73.862931, 40.8937426], [-73.8626319, 40.894015], [-73.862561, 40.8940779], [-73.8624931, 40.8941416], [-73.862417, 40.894211], [-73.8622632, 40.8943514], [-73.8618253, 40.8948115], [-73.8619047, 40.8948374], [-73.8620704, 40.8948915], [-73.8621441, 40.8949155], [-73.86219, 40.8949305], [-73.8623217, 40.8949735], [-73.862642, 40.8950779], [-73.8628753, 40.895154], [-73.8623266, 40.8959962], [-73.8622334, 40.8961392], [-73.8616353, 40.8970571], [-73.8615479, 40.8971912], [-73.8614873, 40.897272], [-73.8611625, 40.897705], [-73.8611063, 40.8977799], [-73.8610522, 40.897846], [-73.860238, 40.8988397], [-73.8601342, 40.8989984], [-73.8593656, 40.9003674], [-73.8591286, 40.9002974], [-73.8587305, 40.900169], [-73.8586268, 40.9001356]]]]}}, {"type": "Feature", "properties": {"felt:feature": 24, "ed_label": "AD 82 ED 045", "elect_dist": "82045", "borough": "Bronx", "community_board": 12, "community_board_label": "Bronx CB12", "popup_title": "Bronx CB12 \u2014 AD 82 ED 045", "general_mayor": "ANDREW M. CUOMO beat ZOHRAN KWAME MAMDANI, 5 to 3.6, 52.5% to 38.1%; total votes 9.5.", "general_mayor_winner": "Cuomo", "general_public_advocate": "JUMAANE D. WILLIAMS beat GONZALO DURAN, 7 to 1.2, 84.2% to 14.6%; total votes 8.4.", "general_public_advocate_winner": "Williams", "general_comptroller": "MARK D. LEVINE beat PETER KEFALAS, 6.6 to 1, 84.0% to 13.1%; total votes 7.9.", "general_comptroller_winner": "Levine", "question_1": "Disapprove beat Approve, 4.1 to 3.5, 53.8% to 46.2%; total votes 7.5.", "question_1_winner": "No-disapprove!", "question_2": "Approve beat Disapprove, 6 to 1.9, 76.4% to 23.6%; total votes 7.9.", "question_2_winner": "Yes-approve!", "question_3": "Approve beat Disapprove, 5.5 to 2.3, 70.6% to 29.4%; total votes 7.9.", "question_3_winner": "Yes-approve!", "question_4": "Approve beat Disapprove, 5.9 to 2, 75.2% to 24.8%; total votes 7.9.", "question_4_winner": "Yes-approve!", "question_5": "Approve beat Disapprove, 5.6 to 2.1, 72.7% to 27.3%; total votes 7.8.", "question_5_winner": "Yes-approve!", "question_6": "Approve beat Disapprove, 3.8 to 3.7, 50.8% to 49.2%; total votes 7.6.", "question_6_winner": "Yes-approve!", "dem_primary_mayor": "Andrew M. Cuomo beat Zohran Kwame Mamdani, 3.9 to 0.5, 76.3% to 9.8%; total votes 5.1.", "dem_primary_mayor_winner": "Cuomo", "dem_primary_public_advocate": "Jumaane D. Williams beat Jenifer Rajkumar, 3.6 to 0.6, 80.0% to 13.5%; total votes 4.5.", "dem_primary_public_advocate_winner": "Williams", "dem_primary_comptroller": "Mark D. Levine beat Kevin S. Parker, 2 to 1, 44.7% to 23.1%; total votes 4.4.", "dem_primary_comptroller_winner": "Levine", "popup_summary": "Mayor: ANDREW M. CUOMO beat ZOHRAN KWAME MAMDANI, 5 to 3.6, 52.5% to 38.1%; total votes 9.5. | Public Advocate: JUMAANE D. WILLIAMS beat GONZALO DURAN, 7 to 1.2, 84.2% to 14.6%; total votes 8.4. | City Comptroller: MARK D. LEVINE beat PETER KEFALAS, 6.6 to 1, 84.0% to 13.1%; total votes 7.9. | Question 1: Disapprove beat Approve, 4.1 to 3.5, 53.8% to 46.2%; total votes 7.5. | Question 2: Approve beat Disapprove, 6 to 1.9, 76.4% to 23.6%; total votes 7.9. | Question 3: Approve beat Disapprove, 5.5 to 2.3, 70.6% to 29.4%; total votes 7.9. | Question 4: Approve beat Disapprove, 5.9 to 2, 75.2% to 24.8%; total votes 7.9. | Question 5: Approve beat Disapprove, 5.6 to 2.1, 72.7% to 27.3%; total votes 7.8. | Question 6: Approve beat Disapprove, 3.8 to 3.7, 50.8% to 49.2%; total votes 7.6. | Dem Primary Mayor: Andrew M. Cuomo beat Zohran Kwame Mamdani, 3.9 to 0.5, 76.3% to 9.8%; total votes 5.1. | Dem Primary Public Advocate: Jumaane D. Williams beat Jenifer Rajkumar, 3.6 to 0.6, 80.0% to 13.5%; total votes 4.5. | Dem Primary Comptroller: Mark D. Levine beat Kevin S. Parker, 2 to 1, 44.7% to 23.1%; total votes 4.4.", "mayor_margin": 14.4, "q2_yes": 76.4, "q3_yes": 70.6, "q4_yes": 75.2}, "geometry": {"type": "MultiPolygon", "coordinates": [[[[-73.8206493, 40.8853825], [-73.8204235, 40.8841241], [-73.8205911, 40.8829386], [-73.8208084, 40.8820882], [-73.8209949, 40.8813581], [-73.8211923, 40.8805857], [-73.8214466, 40.8802928], [-73.821765, 40.8804061], [-73.821942, 40.8808159], [-73.8227152, 40.8816113], [-73.8229757, 40.8815206], [-73.8230802, 40.8814843], [-73.8233645, 40.8800044], [-73.8233751, 40.8799495], [-73.8234523, 40.8799533], [-73.823549, 40.879949], [-73.8236452, 40.8799407], [-73.8237407, 40.8799283], [-73.8238351, 40.8799119], [-73.8239282, 40.8798916], [-73.8240196, 40.8798674], [-73.8241091, 40.8798394], [-73.8241965, 40.8798076], [-73.8247918, 40.8796084], [-73.8247552, 40.8795487], [-73.8245351, 40.8793661], [-73.8243676, 40.8793096], [-73.8241487, 40.8792336], [-73.8242321, 40.8790996], [-73.8240132, 40.8790258], [-73.8239318, 40.8789334], [-73.8240331, 40.878772], [-73.8240749, 40.8786101], [-73.8242131, 40.8783818], [-73.824665, 40.877626], [-73.8254036, 40.8778768], [-73.8263322, 40.8781953], [-73.8267266, 40.8788957], [-73.8267581, 40.8789382], [-73.8267973, 40.8789921], [-73.8276192, 40.8787346], [-73.8282961, 40.8785079], [-73.8284023, 40.878467], [-73.8285114, 40.8784307], [-73.8286231, 40.8783992], [-73.8287369, 40.8783725], [-73.8288525, 40.8783508], [-73.8289696, 40.8783341], [-73.8290877, 40.8783225], [-73.8292065, 40.878316], [-73.8293256, 40.8783146], [-73.8294446, 40.8783183], [-73.8295554, 40.8782644], [-73.829679, 40.8782782], [-73.8298015, 40.878297], [-73.8299226, 40.8783206], [-73.8300417, 40.8783491], [-73.8301588, 40.8783824], [-73.8302733, 40.8784203], [-73.8303851, 40.8784628], [-73.8304937, 40.8785097], [-73.8305989, 40.8785608], [-73.8307004, 40.8786162], [-73.8307979, 40.8786755], [-73.8308911, 40.8787387], [-73.8314974, 40.879331], [-73.8319001, 40.8797301], [-73.8319446, 40.8797659], [-73.8319841, 40.8797988], [-73.8321741, 40.8799619], [-73.8322469, 40.8800163], [-73.8323273, 40.8800837], [-73.8321437, 40.8802515], [-73.8319765, 40.8803974], [-73.8319685, 40.8804045], [-73.831774, 40.8805721], [-73.8314721, 40.8808215], [-73.8312936, 40.8809582], [-73.8308284, 40.8813143], [-73.8304345, 40.88159], [-73.8302337, 40.8817221], [-73.8301347, 40.8818], [-73.8297314, 40.8820292], [-73.8290142, 40.8824369], [-73.8284221, 40.8827526], [-73.8274217, 40.8832709], [-73.8268688, 40.8835484], [-73.8268183, 40.8835709], [-73.825934, 40.883945], [-73.8258652, 40.8839725], [-73.825798, 40.8839979], [-73.8256198, 40.8840702], [-73.8252983, 40.8841848], [-73.8245377, 40.8844518], [-73.8236556, 40.8847017], [-73.8220533, 40.8851328], [-73.8216498, 40.8852506], [-73.8208582, 40.8854674], [-73.8206784, 40.8855207], [-73.8206558, 40.8854505], [-73.8206493, 40.8853825]]]]}}, {"type": "Feature", "properties": {"felt:feature": 25, "ed_label": "AD 82 ED 053", "elect_dist": "82053", "borough": "Bronx", "community_board": 12, "community_board_label": "Bronx CB12", "popup_title": "Bronx CB12 \u2014 AD 82 ED 053", "general_mayor": "ANDREW M. CUOMO beat ZOHRAN KWAME MAMDANI, 4.9 to 3.4, 52.0% to 36.2%; total votes 9.4.", "general_mayor_winner": "Cuomo", "general_public_advocate": "JUMAANE D. WILLIAMS beat GONZALO DURAN, 5 to 4, 54.7% to 43.9%; total votes 9.2.", "general_public_advocate_winner": "Williams", "general_comptroller": "MARK D. LEVINE beat PETER KEFALAS, 5.5 to 3.5, 59.9% to 38.8%; total votes 9.1.", "general_comptroller_winner": "Levine", "question_1": "Disapprove beat Approve, 4.8 to 3.7, 56.9% to 43.1%; total votes 8.5.", "question_1_winner": "No-disapprove!", "question_2": "Approve beat Disapprove, 4.5 to 4.2, 51.8% to 48.2%; total votes 8.6.", "question_2_winner": "Yes-approve!", "question_3": "Approve beat Disapprove, 4.5 to 4, 52.6% to 47.4%; total votes 8.5.", "question_3_winner": "Yes-approve!", "question_4": "Approve beat Disapprove, 4.9 to 3.6, 57.7% to 42.3%; total votes 8.5.", "question_4_winner": "Yes-approve!", "question_5": "Approve beat Disapprove, 5.5 to 3, 64.7% to 35.3%; total votes 8.4.", "question_5_winner": "Yes-approve!", "question_6": "Disapprove beat Approve, 4.6 to 4, 53.6% to 46.4%; total votes 8.6.", "question_6_winner": "No-disapprove!", "dem_primary_mayor": "Andrew M. Cuomo beat Zohran Kwame Mamdani, 1.2 to 0.9, 46.5% to 32.6%; total votes 2.7.", "dem_primary_mayor_winner": "Cuomo", "dem_primary_public_advocate": "Jumaane D. Williams beat Jenifer Rajkumar, 1.4 to 0.6, 60.5% to 23.7%; total votes 2.4.", "dem_primary_public_advocate_winner": "Williams", "dem_primary_comptroller": "Mark D. Levine beat Justin Brannan, 1.4 to 0.7, 57.5% to 27.5%; total votes 2.5.", "dem_primary_comptroller_winner": "Levine", "popup_summary": "Mayor: ANDREW M. CUOMO beat ZOHRAN KWAME MAMDANI, 4.9 to 3.4, 52.0% to 36.2%; total votes 9.4. | Public Advocate: JUMAANE D. WILLIAMS beat GONZALO DURAN, 5 to 4, 54.7% to 43.9%; total votes 9.2. | City Comptroller: MARK D. LEVINE beat PETER KEFALAS, 5.5 to 3.5, 59.9% to 38.8%; total votes 9.1. | Question 1: Disapprove beat Approve, 4.8 to 3.7, 56.9% to 43.1%; total votes 8.5. | Question 2: Approve beat Disapprove, 4.5 to 4.2, 51.8% to 48.2%; total votes 8.6. | Question 3: Approve beat Disapprove, 4.5 to 4, 52.6% to 47.4%; total votes 8.5. | Question 4: Approve beat Disapprove, 4.9 to 3.6, 57.7% to 42.3%; total votes 8.5. | Question 5: Approve beat Disapprove, 5.5 to 3, 64.7% to 35.3%; total votes 8.4. | Question 6: Disapprove beat Approve, 4.6 to 4, 53.6% to 46.4%; total votes 8.6. | Dem Primary Mayor: Andrew M. Cuomo beat Zohran Kwame Mamdani, 1.2 to 0.9, 46.5% to 32.6%; total votes 2.7. | Dem Primary Public Advocate: Jumaane D. Williams beat Jenifer Rajkumar, 1.4 to 0.6, 60.5% to 23.7%; total votes 2.4. | Dem Primary Comptroller: Mark D. Levine beat Justin Brannan, 1.4 to 0.7, 57.5% to 27.5%; total votes 2.5.", "mayor_margin": 15.8, "q2_yes": 51.8, "q3_yes": 52.6, "q4_yes": 57.7}, "geometry": {"type": "MultiPolygon", "coordinates": [[[[-73.7852513, 40.8799088], [-73.78521, 40.879897], [-73.7851772, 40.8799283], [-73.7851359, 40.8799138], [-73.7850964, 40.879868], [-73.7850499, 40.8798587], [-73.7850103, 40.8798338], [-73.7850122, 40.879788], [-73.7850364, 40.8797632], [-73.7850761, 40.879745], [-73.7851416, 40.8797399], [-73.7851605, 40.8797595], [-73.7852276, 40.8797897], [-73.7852759, 40.8797715], [-73.78535, 40.879786], [-73.7854379, 40.8797836], [-73.7854638, 40.8797601], [-73.7855051, 40.8797902], [-73.7855723, 40.8797917], [-73.7856618, 40.8798232], [-73.7856755, 40.879852], [-73.7854267, 40.8800412], [-73.785363, 40.8800228], [-73.785296, 40.8799442], [-73.7852547, 40.8799297], [-73.7852513, 40.8799088]]], [[[-73.7848359, 40.8805583], [-73.7846916, 40.8805246], [-73.7845123, 40.8806592], [-73.7844348, 40.8806269], [-73.7844719, 40.8805099], [-73.7843969, 40.8804145], [-73.7842652, 40.8803571], [-73.7841145, 40.8803663], [-73.7839855, 40.8804724], [-73.7838224, 40.8804244], [-73.7837664, 40.8802671], [-73.7838106, 40.8801909], [-73.7836946, 40.8801511], [-73.7836668, 40.8800239], [-73.7837016, 40.8799319], [-73.7838412, 40.8799049], [-73.7839529, 40.8798752], [-73.783969, 40.8797671], [-73.7840664, 40.8797134], [-73.7841478, 40.8797755], [-73.784096, 40.8798734], [-73.784163, 40.8799295], [-73.7841219, 40.8800375], [-73.7843285, 40.8801999], [-73.7845167, 40.8802337], [-73.7846331, 40.8801782], [-73.7846929, 40.8801339], [-73.7847555, 40.8801626], [-73.7848085, 40.8802881], [-73.7847989, 40.8803485], [-73.7849181, 40.8803821], [-73.7850911, 40.8802648], [-73.7852665, 40.880389], [-73.7853477, 40.8805226], [-73.785189, 40.8806945], [-73.7849577, 40.8807458], [-73.7848359, 40.8805583]]], [[[-73.8194065, 40.8902604], [-73.8182774, 40.8898471], [-73.8176063, 40.889677], [-73.816614, 40.8894334], [-73.816017, 40.8893238], [-73.8157426, 40.8891973], [-73.8153305, 40.8890825], [-73.815242, 40.8890601], [-73.8151685, 40.8890378], [-73.8136511, 40.8886785], [-73.8122811, 40.8883435], [-73.8112683, 40.8880989], [-73.8098982, 40.8877405], [-73.8094327, 40.8876384], [-73.8087211, 40.8874806], [-73.8075594, 40.8871089], [-73.8063797, 40.8868294], [-73.8048387, 40.886474], [-73.8045261, 40.8864092], [-73.8042376, 40.8863417], [-73.8029095, 40.8860307], [-73.8019245, 40.885713], [-73.7993021, 40.8850691], [-73.7977278, 40.8846481], [-73.7973276, 40.8845411], [-73.7962818, 40.8842909], [-73.794869, 40.8839153], [-73.7940552, 40.8837], [-73.7938553, 40.8836433], [-73.7930065, 40.8833587], [-73.7932287, 40.8828226], [-73.7935874, 40.8825175], [-73.7937924, 40.8819703], [-73.7949171, 40.8805438], [-73.7955458, 40.880691], [-73.795026, 40.8797478], [-73.796251, 40.877012], [-73.797127, 40.8761904], [-73.797204, 40.8757858], [-73.7974382, 40.8751353], [-73.7985533, 40.8744014], [-73.7989125, 40.8746459], [-73.7998139, 40.8741598], [-73.7998771, 40.8734847], [-73.8002727, 40.872821], [-73.8003544, 40.8727302], [-73.8003497, 40.8726292], [-73.8004766, 40.8725428], [-73.8005122, 40.8724446], [-73.8004755, 40.8723157], [-73.8005811, 40.8721098], [-73.8005725, 40.871989], [-73.8006592, 40.8718432], [-73.8006554, 40.8717926], [-73.800691, 40.8717182], [-73.800735, 40.8717154], [-73.8007644, 40.8715955], [-73.8008052, 40.8714941], [-73.8008682, 40.871507], [-73.8009591, 40.8714084], [-73.8011078, 40.8713973], [-73.8011823, 40.8714242], [-73.8013561, 40.8712857], [-73.8014503, 40.8712853], [-73.8015351, 40.8712425], [-73.8017852, 40.8710678], [-73.8019645, 40.8709109], [-73.8019129, 40.8708608], [-73.8019931, 40.8708002], [-73.8020919, 40.8708468], [-73.8020826, 40.8707789], [-73.8020545, 40.8707395], [-73.8021393, 40.8707361], [-73.8021961, 40.8706254], [-73.8022127, 40.8705053], [-73.8020789, 40.8704572], [-73.8021168, 40.8703751], [-73.8023308, 40.8703977], [-73.8025306, 40.8702157], [-73.8025668, 40.8701586], [-73.802673, 40.8701545], [-73.8027591, 40.8697007], [-73.8027028, 40.8696149], [-73.8026843, 40.8695148], [-73.8026894, 40.8693861], [-73.8026048, 40.8693431], [-73.8026849, 40.8692968], [-73.8026428, 40.8692145], [-73.8026949, 40.8691002], [-73.8027609, 40.8690968], [-73.8027755, 40.8689324], [-73.8029785, 40.8687433], [-73.8031476, 40.8688088], [-73.8032502, 40.8689119], [-73.8033504, 40.8689769], [-73.8034411, 40.8688817], [-73.8035167, 40.868798], [-73.8036172, 40.8687791], [-73.8036949, 40.8688307], [-73.8037649, 40.8689185], [-73.803855, 40.8690082], [-73.8039253, 40.8690274], [-73.8040359, 40.8689819], [-73.8040612, 40.8688961], [-73.8040718, 40.8687398], [-73.8042414, 40.8686877], [-73.8042976, 40.868749], [-73.8043723, 40.8687913], [-73.8044265, 40.8688004], [-73.8044794, 40.868712], [-73.8045413, 40.8687315], [-73.804516, 40.8688549], [-73.8045514, 40.8689197], [-73.8046325, 40.8689588], [-73.8046897, 40.8689606], [-73.8047757, 40.8689493], [-73.8048482, 40.8690062], [-73.8049248, 40.8691037], [-73.8049923, 40.8691453], [-73.8051705, 40.8691475], [-73.8052886, 40.8691267], [-73.8053879, 40.8690247], [-73.8054096, 40.8689649], [-73.8055051, 40.8689346], [-73.8056532, 40.8689406], [-73.8057111, 40.8688949], [-73.8059443, 40.8689298], [-73.8058878, 40.8689934], [-73.8058811, 40.8690548], [-73.8059526, 40.869086], [-73.805991, 40.8691312], [-73.8059571, 40.8691722], [-73.8058711, 40.8691654], [-73.8057933, 40.8691825], [-73.8057056, 40.8692733], [-73.8056569, 40.8693199], [-73.8056502, 40.8694084], [-73.8056597, 40.8694896], [-73.8056919, 40.8695535], [-73.8057727, 40.8696102], [-73.8059865, 40.8697261], [-73.8060468, 40.8698374], [-73.8061721, 40.8699186], [-73.8063038, 40.8699855], [-73.8064037, 40.8701525], [-73.8064349, 40.870224], [-73.8066043, 40.8702577], [-73.8067108, 40.8703388], [-73.8067043, 40.8704198], [-73.8067859, 40.8704104], [-73.8068421, 40.8704915], [-73.8069425, 40.8705108], [-73.8070492, 40.8705395], [-73.807112, 40.8705254], [-73.8071052, 40.8706874], [-73.8072434, 40.8706495], [-73.807394, 40.870664], [-73.807463, 40.8706975], [-73.8076386, 40.870755], [-73.807858, 40.8708697], [-73.8078639, 40.8709984], [-73.807826, 40.8710793], [-73.8078635, 40.8711318], [-73.8079643, 40.8710033], [-73.8080395, 40.8710368], [-73.8081963, 40.8710847], [-73.8082966, 40.871142], [-73.8083277, 40.8712231], [-73.8083907, 40.8711612], [-73.8085288, 40.871171], [-73.8086731, 40.8711998], [-73.8086978, 40.8713428], [-73.8087671, 40.8712429], [-73.808924, 40.8712431], [-73.8090998, 40.8712291], [-73.8092442, 40.8712246], [-73.8091805, 40.8711273], [-73.809031, 40.8711718], [-73.808849, 40.8711525], [-73.8088177, 40.8711048], [-73.8087486, 40.8711189], [-73.8085544, 40.8710043], [-73.8085796, 40.8709471], [-73.8085294, 40.8709518], [-73.8084102, 40.8709278], [-73.8084607, 40.8708373], [-73.8084797, 40.8707707], [-73.8084171, 40.8707038], [-73.8085303, 40.8706325], [-73.8086311, 40.8705279], [-73.8087255, 40.8704327], [-73.8085979, 40.8704004], [-73.8084177, 40.8704478], [-73.8083005, 40.8704579], [-73.80819, 40.8704913], [-73.8081391, 40.8704822], [-73.8081154, 40.8704421], [-73.8080085, 40.8704123], [-73.8078639, 40.8704637], [-73.8077977, 40.8704571], [-73.8077757, 40.8704364], [-73.8076958, 40.8704505], [-73.8075957, 40.8704232], [-73.8075406, 40.8703776], [-73.8075397, 40.8702825], [-73.8075368, 40.8701776], [-73.8075684, 40.8701253], [-73.8076532, 40.8700944], [-73.8077412, 40.8700517], [-73.8078042, 40.8699875], [-73.8078734, 40.8699137], [-73.8078861, 40.8698732], [-73.8079539, 40.8698736], [-73.808019, 40.8697941], [-73.8079869, 40.8697352], [-73.8079965, 40.8696995], [-73.8080924, 40.8697046], [-73.8081181, 40.8696733], [-73.8080939, 40.8696377], [-73.8081538, 40.8695687], [-73.8082254, 40.8695424], [-73.8082664, 40.8694924], [-73.8083455, 40.8694594], [-73.8083739, 40.8694261], [-73.80849, 40.8694358], [-73.8084085, 40.8693881], [-73.8084023, 40.8693267], [-73.8084327, 40.8692752], [-73.8085256, 40.8692791], [-73.8085935, 40.8692468], [-73.8086187, 40.8691916], [-73.8087495, 40.8691289], [-73.8087094, 40.8690869], [-73.8086114, 40.8691249], [-73.8085082, 40.8692162], [-73.8084277, 40.8692504], [-73.8083776, 40.8692141], [-73.8082895, 40.869315], [-73.8082095, 40.8693865], [-73.8080932, 40.8694519], [-73.8080253, 40.8694899], [-73.8080151, 40.8695413], [-73.8079799, 40.8695699], [-73.807942, 40.8696346], [-73.8078716, 40.8696707], [-73.8078539, 40.8697298], [-73.8077911, 40.8697354], [-73.8077485, 40.8696972], [-73.8076179, 40.8697255], [-73.8075024, 40.8697101], [-73.8074195, 40.8697214], [-73.8073618, 40.8696965], [-73.8072915, 40.8696983], [-73.8072546, 40.8696827], [-73.8071559, 40.8697133], [-73.8070907, 40.8696827], [-73.8070482, 40.869635], [-73.8070307, 40.8696045], [-73.8069254, 40.8695452], [-73.8068426, 40.8695317], [-73.8067949, 40.8695164], [-73.8067296, 40.8695296], [-73.8067322, 40.8695049], [-73.8067022, 40.869461], [-73.80674, 40.8693962], [-73.8067502, 40.8693372], [-73.8067455, 40.8692533], [-73.8067783, 40.8691771], [-73.8067534, 40.8691027], [-73.8067813, 40.869017], [-73.8068274, 40.8689845], [-73.8068493, 40.8689409], [-73.8069424, 40.8688896], [-73.80695, 40.8688591], [-73.8068545, 40.8688646], [-73.8067993, 40.8688626], [-73.8066837, 40.8689082], [-73.8065958, 40.8688947], [-73.8065457, 40.8688584], [-73.8065508, 40.8688279], [-73.8066036, 40.8688032], [-73.8066464, 40.8687861], [-73.8067307, 40.86877], [-73.8067419, 40.8687339], [-73.8066842, 40.8687185], [-73.8066113, 40.8687699], [-73.8065536, 40.8687336], [-73.8065539, 40.8686307], [-73.8064661, 40.8686114], [-73.8063849, 40.8685977], [-73.8063785, 40.8685255], [-73.8063083, 40.8684701], [-73.8062608, 40.8684243], [-73.8061427, 40.8684336], [-73.8060564, 40.868434], [-73.8059318, 40.8683719], [-73.8058569, 40.8683074], [-73.8057559, 40.8683489], [-73.8056736, 40.8683109], [-73.8056259, 40.868307], [-73.8055504, 40.8683469], [-73.8054977, 40.8683373], [-73.8054853, 40.8682839], [-73.8054102, 40.8682094], [-73.8053573, 40.8682646], [-73.8052869, 40.8683102], [-73.805194, 40.8682967], [-73.8051254, 40.8682664], [-73.8050409, 40.8682774], [-73.805012, 40.8682515], [-73.8049429, 40.8683001], [-73.8048727, 40.8682333], [-73.8048024, 40.8681032], [-73.8047738, 40.8679035], [-73.8047198, 40.8677925], [-73.8047036, 40.8676214], [-73.8047578, 40.8674293], [-73.8047012, 40.8670335], [-73.8047394, 40.8668293], [-73.8047357, 40.8666551], [-73.804646, 40.8666471], [-73.8044852, 40.8666832], [-73.8044547, 40.8667724], [-73.8044304, 40.8668478], [-73.8043356, 40.8668504], [-73.8042802, 40.8668412], [-73.8041589, 40.8669202], [-73.8041047, 40.8670016], [-73.8039956, 40.8671259], [-73.8038528, 40.8671665], [-73.8035992, 40.8670904], [-73.8033724, 40.867096], [-73.8032401, 40.8671246], [-73.8031525, 40.8671023], [-73.803111, 40.867023], [-73.8030039, 40.8670418], [-73.8029139, 40.8669782], [-73.8030555, 40.8668355], [-73.8029993, 40.8667568], [-73.8030562, 40.8666068], [-73.8030987, 40.8665497], [-73.8030188, 40.8665317], [-73.8030145, 40.8663852], [-73.8030853, 40.8663174], [-73.803095, 40.8662102], [-73.8030813, 40.8660744], [-73.8030441, 40.8659313], [-73.803007, 40.865749], [-73.8028376, 40.865713], [-73.8027154, 40.8656592], [-73.8024811, 40.8656256], [-73.8023049, 40.8656229], [-73.8022486, 40.8657502], [-73.802053, 40.865672], [-73.8019779, 40.8658276], [-73.8017726, 40.8658768], [-73.8017256, 40.8660184], [-73.8017154, 40.8663015], [-73.8017523, 40.8664148], [-73.8014808, 40.8667825], [-73.8013686, 40.8668814], [-73.8013401, 40.8670654], [-73.8008531, 40.8677512], [-73.8007408, 40.8678997], [-73.8007007, 40.8681409], [-73.8005373, 40.8683716], [-73.8003194, 40.8684795], [-73.8000947, 40.8687693], [-73.7999639, 40.8688753], [-73.7999448, 40.8690168], [-73.7997765, 40.8691723], [-73.7997106, 40.8693704], [-73.7996171, 40.869441], [-73.7995701, 40.8695754], [-73.7995695, 40.8697389], [-73.7994314, 40.8697803], [-73.7993542, 40.8698289], [-73.7993217, 40.8699847], [-73.7991801, 40.8701306], [-73.7990962, 40.870296], [-73.7990722, 40.8704478], [-73.7989803, 40.8705788], [-73.7989022, 40.8707974], [-73.7986829, 40.8711525], [-73.7985411, 40.8713812], [-73.7984123, 40.8715222], [-73.7983928, 40.8716148], [-73.7982964, 40.8716682], [-73.7982448, 40.8717655], [-73.7980685, 40.8718787], [-73.7978038, 40.8722561], [-73.7977404, 40.8723452], [-73.797674, 40.8723981], [-73.7975432, 40.87243], [-73.7974419, 40.8724606], [-73.7972708, 40.8724811], [-73.7971983, 40.8725117], [-73.7970865, 40.8725396], [-73.797035, 40.8725367], [-73.7969706, 40.8725143], [-73.7969338, 40.8726234], [-73.7947904, 40.8732005], [-73.7939736, 40.8745666], [-73.7935721, 40.8761211], [-73.7935961, 40.8767207], [-73.793167, 40.8770556], [-73.7942217, 40.8773824], [-73.7944029, 40.8776418], [-73.793847, 40.8785945], [-73.7929988, 40.8791469], [-73.7930388, 40.8794154], [-73.7928939, 40.8795771], [-73.7926049, 40.8796576], [-73.7923853, 40.8795953], [-73.7921907, 40.8795901], [-73.7919678, 40.8796951], [-73.7918946, 40.8799279], [-73.791731, 40.8800515], [-73.791505, 40.8800464], [-73.7909524, 40.8800739], [-73.7906312, 40.8803783], [-73.7906307, 40.8805594], [-73.790806, 40.8807217], [-73.7907616, 40.8808408], [-73.7904409, 40.8810022], [-73.7895587, 40.8812613], [-73.7894825, 40.8812542], [-73.7894072, 40.8812425], [-73.7893334, 40.8812262], [-73.7892616, 40.8812054], [-73.7891405, 40.8812619], [-73.789059, 40.8812141], [-73.7891224, 40.8810475], [-73.7890729, 40.8808091], [-73.789111, 40.8806805], [-73.7893184, 40.8805787], [-73.7891202, 40.8800802], [-73.7892956, 40.8798803], [-73.789478, 40.8797711], [-73.7897591, 40.8797513], [-73.7900633, 40.8795947], [-73.7895231, 40.8789981], [-73.7882731, 40.8788736], [-73.787759, 40.8789732], [-73.7874166, 40.8789943], [-73.7871313, 40.8789829], [-73.7869457, 40.8790042], [-73.7867395, 40.8790317], [-73.7861147, 40.8790579], [-73.7858946, 40.8788877], [-73.7852362, 40.8786196], [-73.7848724, 40.8785284], [-73.7845898, 40.8785708], [-73.784433, 40.8785276], [-73.7843817, 40.8784205], [-73.7842172, 40.8782818], [-73.7842019, 40.8781448], [-73.7841476, 40.87796], [-73.7841822, 40.8777214], [-73.7844973, 40.8769143], [-73.7848103, 40.8768653], [-73.7847145, 40.876358], [-73.7846795, 40.8760609], [-73.7848443, 40.8760612], [-73.7849467, 40.8759304], [-73.7849549, 40.8758232], [-73.7852535, 40.8757001], [-73.7854246, 40.8754853], [-73.7854037, 40.8753377], [-73.7855929, 40.875379], [-73.7856956, 40.8754102], [-73.7859623, 40.8751387], [-73.7861543, 40.8747845], [-73.7862492, 40.8744779], [-73.7861064, 40.8743538], [-73.7863157, 40.8743642], [-73.7865394, 40.8743066], [-73.7865982, 40.8741816], [-73.7866273, 40.8740737], [-73.7869106, 40.8739875], [-73.7870138, 40.8737886], [-73.7870474, 40.873555], [-73.787115, 40.8731812], [-73.7871369, 40.8727605], [-73.7867699, 40.8725265], [-73.7862487, 40.8723828], [-73.7860239, 40.8725943], [-73.7858037, 40.8728514], [-73.7854947, 40.8731595], [-73.7852823, 40.8735557], [-73.7850814, 40.87359], [-73.7850071, 40.873519], [-73.7850671, 40.873425], [-73.7851097, 40.8733608], [-73.7851099, 40.8732976], [-73.7851997, 40.8731823], [-73.7852412, 40.8731772], [-73.7854769, 40.8729204], [-73.7854861, 40.8727724], [-73.7855346, 40.872544], [-73.7854661, 40.8723628], [-73.7855416, 40.8723058], [-73.7855473, 40.872024], [-73.7852197, 40.8716348], [-73.7850601, 40.8720084], [-73.7848801, 40.8723404], [-73.7847667, 40.872476], [-73.7842465, 40.8733612], [-73.7840152, 40.8737679], [-73.7837805, 40.873794], [-73.7834067, 40.8737172], [-73.7832378, 40.8735382], [-73.7833612, 40.8732561], [-73.7835499, 40.8731349], [-73.7836581, 40.8731423], [-73.7837454, 40.8729962], [-73.7838486, 40.8730123], [-73.783951, 40.8728963], [-73.7839203, 40.8728269], [-73.7837263, 40.8726645], [-73.7837498, 40.8724996], [-73.7833569, 40.8723541], [-73.7831499, 40.8722966], [-73.7830685, 40.8721536], [-73.7830607, 40.8716807], [-73.783147, 40.8714391], [-73.7832475, 40.8712552], [-73.7832482, 40.8710494], [-73.7831915, 40.8709302], [-73.7832861, 40.8706989], [-73.7833806, 40.8705919], [-73.7835104, 40.8705028], [-73.7835305, 40.8703599], [-73.7836127, 40.8703125], [-73.7836827, 40.8703155], [-73.783684, 40.8703153], [-73.7837926, 40.8703038], [-73.7838791, 40.8702533], [-73.7839423, 40.8701224], [-73.7840129, 40.8701195], [-73.7840988, 40.8700291], [-73.7841546, 40.8699768], [-73.7842688, 40.8698371], [-73.7842965, 40.8697776], [-73.7843986, 40.869748], [-73.7845524, 40.8696844], [-73.7845617, 40.8696759], [-73.7847351, 40.8696299], [-73.7848846, 40.869514], [-73.7850461, 40.8693029], [-73.7852552, 40.8689578], [-73.7856025, 40.8683417], [-73.7856945, 40.8683699], [-73.7855921, 40.8687545], [-73.7855801, 40.8688587], [-73.7855747, 40.8689632], [-73.7855757, 40.8690678], [-73.7855831, 40.8691722], [-73.785669, 40.8692178], [-73.7857593, 40.8692581], [-73.7858536, 40.8692928], [-73.7859512, 40.8693218], [-73.7860514, 40.8693448], [-73.7861538, 40.8693617], [-73.7862576, 40.8693725], [-73.7863622, 40.8693769], [-73.7864669, 40.8693751], [-73.7865712, 40.869367], [-73.7868611, 40.869357], [-73.7871506, 40.8693409], [-73.7874394, 40.8693188], [-73.7877273, 40.8692908], [-73.788014, 40.8692568], [-73.7882995, 40.8692169], [-73.7885834, 40.8691711], [-73.7888656, 40.8691195], [-73.7891458, 40.869062], [-73.7893423, 40.8689807], [-73.7895346, 40.8688938], [-73.7897224, 40.8688013], [-73.7899054, 40.8687035], [-73.7900833, 40.8686004], [-73.7902559, 40.8684922], [-73.790423, 40.8683791], [-73.7905842, 40.8682612], [-73.7907394, 40.8681388], [-73.7908883, 40.8680119], [-73.7910307, 40.8678808], [-73.7911664, 40.8677457], [-73.7912952, 40.8676067], [-73.7914169, 40.8674641], [-73.7915313, 40.867318], [-73.7916383, 40.8671688], [-73.7917377, 40.8670166], [-73.7918293, 40.8668615], [-73.7919099, 40.8666662], [-73.7919818, 40.8664689], [-73.7920452, 40.8662699], [-73.7920998, 40.8660695], [-73.7921457, 40.8658678], [-73.7921827, 40.865665], [-73.7922109, 40.8654614], [-73.7922303, 40.8652573], [-73.7922407, 40.8650527], [-73.7922422, 40.864848], [-73.7922348, 40.8646434], [-73.7922184, 40.8644391], [-73.7921932, 40.8642353], [-73.7921591, 40.8640322], [-73.7921162, 40.8638301], [-73.7920646, 40.8636292], [-73.7920042, 40.8634297], [-73.7919351, 40.8632319], [-73.7918574, 40.8630358], [-73.7917713, 40.8628419], [-73.7916768, 40.8626501], [-73.7915739, 40.8624609], [-73.7914629, 40.8622744], [-73.7918801, 40.8612556], [-73.7918907, 40.8610712], [-73.7921674, 40.8610437], [-73.7923748, 40.8609654], [-73.7924413, 40.8609056], [-73.7930441, 40.8607933], [-73.7931429, 40.8606952], [-73.7933031, 40.8606312], [-73.7935953, 40.8605173], [-73.7937013, 40.8603745], [-73.7937749, 40.8602782], [-73.7938554, 40.8601461], [-73.793851, 40.8600246], [-73.7937194, 40.8599672], [-73.7938137, 40.8599102], [-73.7939974, 40.8598783], [-73.7941204, 40.8596963], [-73.7941775, 40.8594927], [-73.7941217, 40.8593177], [-73.7942584, 40.859171], [-73.7944014, 40.8590278], [-73.7945505, 40.8588883], [-73.7947144, 40.8584823], [-73.7948747, 40.8580756], [-73.7948257, 40.8578938], [-73.7947699, 40.8577131], [-73.7947075, 40.8575337], [-73.7946384, 40.8573557], [-73.7945627, 40.8571792], [-73.7944805, 40.8570045], [-73.7944381, 40.8569863], [-73.7943991, 40.8569642], [-73.7943642, 40.8569384], [-73.7943339, 40.8569095], [-73.7943087, 40.8568778], [-73.7942874, 40.8568402], [-73.7942733, 40.8568007], [-73.7942668, 40.8567601], [-73.7942679, 40.8567192], [-73.7942766, 40.8566788], [-73.7942928, 40.8566398], [-73.7943045, 40.8565759], [-73.7943501, 40.856527], [-73.7944721, 40.8564687], [-73.7945179, 40.856452], [-73.7945667, 40.8564412], [-73.7946171, 40.8564364], [-73.7946679, 40.856438], [-73.7947176, 40.8564457], [-73.7947651, 40.8564595], [-73.794809, 40.8564789], [-73.7948902, 40.856562], [-73.7955888, 40.8565132], [-73.7968546, 40.8562644], [-73.7970011, 40.8561402], [-73.7971407, 40.8560115], [-73.7972732, 40.8558786], [-73.7973985, 40.8557417], [-73.7975162, 40.8556009], [-73.7976261, 40.8554567], [-73.7977282, 40.8553091], [-73.7978222, 40.8551584], [-73.797908, 40.8550049], [-73.7979853, 40.8548489], [-73.7982495, 40.854796], [-73.7985327, 40.8550053], [-73.7987226, 40.8549144], [-73.7990478, 40.8540516], [-73.7990242, 40.8539573], [-73.7989925, 40.8538644], [-73.7989529, 40.8537732], [-73.7989055, 40.8536842], [-73.7988506, 40.8535978], [-73.7987883, 40.8535143], [-73.7987189, 40.8534341], [-73.7986427, 40.8533575], [-73.7985601, 40.8532848], [-73.7984322, 40.8532343], [-73.7983075, 40.8531793], [-73.7981863, 40.8531199], [-73.798069, 40.8530562], [-73.7979558, 40.8529883], [-73.7978052, 40.8519496], [-73.7981937, 40.8505926], [-73.7993204, 40.8499128], [-73.7998777, 40.8489815], [-73.7998834, 40.8489108], [-73.7998965, 40.8488407], [-73.7999162, 40.848774], [-73.7999426, 40.8487086], [-73.7999738, 40.8486482], [-73.8000107, 40.8485898], [-73.8000531, 40.8485335], [-73.8000991, 40.8482984], [-73.8001255, 40.8482637], [-73.8001567, 40.8482314], [-73.8001922, 40.8482018], [-73.8002389, 40.848171], [-73.8002903, 40.8481449], [-73.8003456, 40.8481238], [-73.8004039, 40.8481082], [-73.8004643, 40.8480983], [-73.8005889, 40.8481403], [-73.8007095, 40.8481886], [-73.8008254, 40.848243], [-73.8009363, 40.8483033], [-73.8010415, 40.8483691], [-73.8011406, 40.8484402], [-73.8012332, 40.8485162], [-73.8013187, 40.8485968], [-73.8013969, 40.8486816], [-73.8014674, 40.8487702], [-73.8015297, 40.8488623], [-73.8015837, 40.8489573], [-73.8016292, 40.8490549], [-73.8016658, 40.8491546], [-73.8016934, 40.849256], [-73.8017119, 40.8493586], [-73.8017213, 40.8494618], [-73.8017214, 40.8495653], [-73.8017123, 40.8496686], [-73.8017217, 40.8497628], [-73.8017384, 40.8498564], [-73.8017621, 40.8499491], [-73.8017929, 40.8500406], [-73.8018306, 40.8501307], [-73.8019706, 40.8503827], [-73.8021185, 40.8506321], [-73.802274, 40.8508789], [-73.8024372, 40.8511228], [-73.8026078, 40.8513637], [-73.8027858, 40.8516015], [-73.8029712, 40.851836], [-73.8031638, 40.8520672], [-73.8033635, 40.8522949], [-73.8035701, 40.852519], [-73.8037837, 40.8527393], [-73.8041756, 40.8533401], [-73.8045425, 40.8547394], [-73.8045382, 40.854796], [-73.8045253, 40.8548519], [-73.8045039, 40.8549062], [-73.8044744, 40.8549583], [-73.8044371, 40.8550075], [-73.8043926, 40.855053], [-73.8043414, 40.8550943], [-73.8042842, 40.8551308], [-73.8042219, 40.855162], [-73.8041551, 40.8551876], [-73.804085, 40.855207], [-73.8040123, 40.8552202], [-73.8039507, 40.8552193], [-73.8038894, 40.8552249], [-73.8038298, 40.8552367], [-73.8037728, 40.8552547], [-73.8037196, 40.8552784], [-73.8036712, 40.8553074], [-73.8036284, 40.8553412], [-73.8035922, 40.855379], [-73.8035631, 40.8554203], [-73.8035417, 40.8554643], [-73.8035285, 40.85551], [-73.8035236, 40.8555567], [-73.8035272, 40.8556034], [-73.8035392, 40.8556494], [-73.803686, 40.8561334], [-73.8037781, 40.8563015], [-73.8038374, 40.8564885], [-73.8038637, 40.8566631], [-73.8038906, 40.8569003], [-73.8039589, 40.8571746], [-73.8040525, 40.8575051], [-73.8041378, 40.8578418], [-73.8041735, 40.8581413], [-73.8042014, 40.8584845], [-73.8041786, 40.8586782], [-73.8041749, 40.8587557], [-73.8041717, 40.8588219], [-73.8042059, 40.858959], [-73.8042203, 40.858978], [-73.8043058, 40.8590896], [-73.8043974, 40.8592203], [-73.8044982, 40.8594383], [-73.8045662, 40.8596814], [-73.8046429, 40.8599682], [-73.8046797, 40.8603801], [-73.8046898, 40.8605861], [-73.8046837, 40.8608109], [-73.8046349, 40.8610034], [-73.8046282, 40.8610297], [-73.8046053, 40.8612172], [-73.8046476, 40.8613418], [-73.8047323, 40.8614796], [-73.8047864, 40.8615385], [-73.8048472, 40.8615934], [-73.8049141, 40.8616441], [-73.8049867, 40.86169], [-73.8050644, 40.8617309], [-73.8051465, 40.8617663], [-73.8052325, 40.8617961], [-73.8053216, 40.86182], [-73.8054132, 40.8618378], [-73.8055064, 40.8618493], [-73.8056007, 40.8618546], [-73.8056952, 40.8618534], [-73.8057892, 40.8618459], [-73.8058819, 40.8618321], [-73.8059488, 40.8618056], [-73.8060109, 40.8617731], [-73.8060672, 40.861735], [-73.8061171, 40.861692], [-73.8061596, 40.8616448], [-73.8061942, 40.8615939], [-73.8062203, 40.8615402], [-73.8062376, 40.8614844], [-73.8062457, 40.8614275], [-73.8058204, 40.8600346], [-73.8061306, 40.859881], [-73.8065563, 40.8598179], [-73.8067371, 40.8598989], [-73.8069157, 40.8600064], [-73.807113, 40.8601211], [-73.8074143, 40.8601144], [-73.8076877, 40.8599862], [-73.8079897, 40.8597366], [-73.8080278, 40.8595937], [-73.8081787, 40.8594867], [-73.8083035, 40.8597041], [-73.8086673, 40.8600442], [-73.8090025, 40.8603252], [-73.8092447, 40.8604186], [-73.8094063, 40.860548], [-73.8099207, 40.8611015], [-73.8101179, 40.8613487], [-73.8103535, 40.8617001], [-73.8104556, 40.8619181], [-73.8106696, 40.8620218], [-73.8108227, 40.862069], [-73.8108502, 40.862332], [-73.8111046, 40.8624645], [-73.8112277, 40.8625053], [-73.8113479, 40.8625509], [-73.8114648, 40.8626011], [-73.8115288, 40.8626265], [-73.8115957, 40.8626474], [-73.8116647, 40.8626635], [-73.8117354, 40.8626747], [-73.8118072, 40.862681], [-73.8120087, 40.8626718], [-73.8120251, 40.8626701], [-73.8120416, 40.8626705], [-73.8120578, 40.8626728], [-73.8120733, 40.8626772], [-73.8120877, 40.8626833], [-73.8121006, 40.8626912], [-73.8121116, 40.8627006], [-73.8121205, 40.8627111], [-73.812127, 40.8627227], [-73.8121372, 40.8627294], [-73.8121487, 40.8627349], [-73.8121611, 40.8627391], [-73.8121742, 40.8627418], [-73.8121876, 40.8627431], [-73.8122012, 40.8627429], [-73.8122101, 40.8627407], [-73.8122192, 40.8627396], [-73.8122285, 40.8627396], [-73.8122377, 40.8627406], [-73.8122466, 40.8627427], [-73.812255, 40.8627458], [-73.8122625, 40.8627497], [-73.8122692, 40.8627545], [-73.8122749, 40.8627599], [-73.8122794, 40.862766], [-73.8122827, 40.8627725], [-73.8122846, 40.8627793], [-73.8122852, 40.8627862], [-73.8122846, 40.8627924], [-73.8122829, 40.8627985], [-73.812281, 40.8628147], [-73.8122828, 40.8628309], [-73.8122883, 40.8628467], [-73.8122972, 40.8628615], [-73.8123094, 40.8628749], [-73.8123244, 40.8628866], [-73.8123418, 40.8628961], [-73.8123963, 40.862923], [-73.8124462, 40.8629546], [-73.8125537, 40.8630225], [-73.8126656, 40.8630861], [-73.8127816, 40.8631454], [-73.8129015, 40.8632001], [-73.8129356, 40.8632166], [-73.8129727, 40.8632289], [-73.8130119, 40.8632366], [-73.8130521, 40.8632395], [-73.8130925, 40.8632376], [-73.813132, 40.8632309], [-73.8131697, 40.8632197], [-73.8131815, 40.8632139], [-73.8131945, 40.8632097], [-73.8132082, 40.8632073], [-73.8132222, 40.8632065], [-73.8132362, 40.8632076], [-73.8132498, 40.8632104], [-73.8132626, 40.8632148], [-73.8132742, 40.8632208], [-73.8132844, 40.8632282], [-73.8132928, 40.8632368], [-73.8132992, 40.8632463], [-73.813361, 40.8633416], [-73.8134277, 40.8634349], [-73.8134992, 40.8635262], [-73.8135754, 40.8636152], [-73.8136092, 40.8636437], [-73.8136376, 40.8636754], [-73.81366, 40.8637097], [-73.8136761, 40.863746], [-73.8136856, 40.8637837], [-73.8136882, 40.8638219], [-73.8136975, 40.8638401], [-73.8137109, 40.8638567], [-73.8137278, 40.8638714], [-73.8137478, 40.8638836], [-73.8137703, 40.8638929], [-73.8137946, 40.8638992], [-73.81382, 40.8639022], [-73.8138457, 40.8639018], [-73.8139688, 40.8638522], [-73.8140168, 40.8638438], [-73.8140409, 40.8638604], [-73.8140279, 40.8639052], [-73.8139845, 40.8639948], [-73.8139519, 40.8640646], [-73.8139586, 40.8641027], [-73.8140088, 40.864086], [-73.8140588, 40.8640113], [-73.8141722, 40.8639315], [-73.8142288, 40.8638634], [-73.8142089, 40.8637938], [-73.8141717, 40.863764], [-73.8141257, 40.8637276], [-73.81438, 40.8632544], [-73.8144847, 40.8631862], [-73.8145958, 40.8630882], [-73.8146657, 40.8630731], [-73.814753, 40.8630697], [-73.8148229, 40.8630496], [-73.8148862, 40.8630296], [-73.8149321, 40.8630295], [-73.8149584, 40.8630577], [-73.8149886, 40.8630905], [-73.815019, 40.8631225], [-73.8151032, 40.8630575], [-73.8155083, 40.8624826], [-73.8176165, 40.8636263], [-73.816845, 40.8643068], [-73.8169976, 40.864459], [-73.8164146, 40.8651515], [-73.8157876, 40.8657581], [-73.8193876, 40.8679869], [-73.8194076, 40.8679993], [-73.8209162, 40.8689169], [-73.820976, 40.8689498], [-73.8210388, 40.8689761], [-73.8211162, 40.8690081], [-73.8212654, 40.8690745], [-73.823296, 40.8730974], [-73.8211027, 40.8789692], [-73.8200545, 40.8821141], [-73.8202396, 40.8854911], [-73.8206493, 40.8853825], [-73.8206558, 40.8854505], [-73.8206784, 40.8855207], [-73.8203117, 40.8856097], [-73.8198666, 40.8857243], [-73.8198632, 40.8858425], [-73.819872, 40.8859487], [-73.8199078, 40.8860378], [-73.8199076, 40.8861235], [-73.8199072, 40.8862605], [-73.819943, 40.8863839], [-73.8200195, 40.8864868], [-73.8201411, 40.8865761], [-73.8202492, 40.8866619], [-73.8203123, 40.8867168], [-73.8203465, 40.8867589], [-73.8203708, 40.8867889], [-73.8203929, 40.8868591], [-73.8204965, 40.8870357], [-73.8207493, 40.8870635], [-73.8207909, 40.8869561], [-73.8220302, 40.8872581], [-73.8223148, 40.8873394], [-73.8225799, 40.8875305], [-73.8229306, 40.8875798], [-73.8234281, 40.8877494], [-73.8236306, 40.8878659], [-73.8238229, 40.8877472], [-73.823851, 40.8877683], [-73.8238714, 40.8877836], [-73.8239231, 40.8878227], [-73.8237366, 40.8879297], [-73.8238353, 40.8880523], [-73.8237937, 40.8881731], [-73.8238842, 40.8883695], [-73.8239694, 40.8883847], [-73.8239995, 40.8885413], [-73.8241481, 40.8885511], [-73.8240884, 40.8890688], [-73.8238837, 40.889075], [-73.8237925, 40.8894342], [-73.823715, 40.8894587], [-73.8236178, 40.8896376], [-73.8235662, 40.8898166], [-73.8236685, 40.8899037], [-73.8225238, 40.8894288], [-73.8224181, 40.8895144], [-73.822419, 40.8895148], [-73.8224167, 40.8895209], [-73.8224061, 40.8895663], [-73.8224059, 40.8896124], [-73.8224164, 40.8896579], [-73.8224266, 40.8896794], [-73.8224371, 40.8897013], [-73.8224674, 40.8897413], [-73.8224914, 40.8897631], [-73.8225064, 40.8897767], [-73.8225529, 40.8898064], [-73.8225951, 40.889825], [-73.8226055, 40.8898295], [-73.8226587, 40.8898446], [-73.8227144, 40.8898528], [-73.8227469, 40.889854], [-73.8227497, 40.8898541], [-73.8228238, 40.8898481], [-73.8228433, 40.8898445], [-73.8229248, 40.889829], [-73.8229531, 40.8898236], [-73.8230389, 40.8897964], [-73.8230606, 40.8897862], [-73.8230894, 40.8897727], [-73.8231346, 40.8897664], [-73.8231691, 40.8897719], [-73.8231714, 40.8897722], [-73.8231734, 40.8897729], [-73.8231964, 40.8897762], [-73.8232597, 40.8897986], [-73.8233002, 40.8898195], [-73.8233337, 40.8898466], [-73.8233554, 40.8898733], [-73.8233703, 40.8899026], [-73.8233732, 40.8899208], [-73.8233744, 40.8899218], [-73.8233743, 40.889928], [-73.8233818, 40.8899755], [-73.823372, 40.8900433], [-73.8233707, 40.8901095], [-73.8233558, 40.89015], [-73.823338, 40.8902175], [-73.8233107, 40.8902901], [-73.8232975, 40.8903652], [-73.8232947, 40.8903887], [-73.8232947, 40.8903923], [-73.8233063, 40.8904321], [-73.8233069, 40.8904345], [-73.8233273, 40.890465], [-73.8233326, 40.890473], [-73.8233341, 40.8904743], [-73.8233701, 40.8905055], [-73.823417, 40.8905299], [-73.8234361, 40.8905451], [-73.823452, 40.8905623], [-73.8234643, 40.8905812], [-73.8234727, 40.8906012], [-73.8234771, 40.8906219], [-73.8234774, 40.8906429], [-73.8234735, 40.8906638], [-73.82337, 40.8909673], [-73.8228534, 40.8912068], [-73.8206122, 40.8906133], [-73.8195746, 40.8903151], [-73.8194872, 40.89029], [-73.8194065, 40.8902604]]]]}}, {"type": "Feature", "properties": {"felt:feature": 26, "ed_label": "AD 82 ED 054", "elect_dist": "82054", "borough": "Bronx", "community_board": 12, "community_board_label": "Bronx CB12", "popup_title": "Bronx CB12 \u2014 AD 82 ED 054", "general_mayor": "ANDREW M. CUOMO beat ZOHRAN KWAME MAMDANI, 2.2 to 2, 49.7% to 45.2%; total votes 4.4.", "general_mayor_winner": "Cuomo", "general_public_advocate": "JUMAANE D. WILLIAMS beat GONZALO DURAN, 3.7 to 0.3, 90.3% to 8.4%; total votes 4.1.", "general_public_advocate_winner": "Williams", "general_comptroller": "MARK D. LEVINE beat PETER KEFALAS, 3.5 to 0.3, 89.8% to 7.8%; total votes 3.9.", "general_comptroller_winner": "Levine", "question_1": "Disapprove beat Approve, 2 to 1.8, 53.1% to 46.9%; total votes 3.7.", "question_1_winner": "No-disapprove!", "question_2": "Approve beat Disapprove, 2.9 to 1, 73.4% to 26.6%; total votes 3.9.", "question_2_winner": "Yes-approve!", "question_3": "Approve beat Disapprove, 2.6 to 1.2, 68.3% to 31.7%; total votes 3.8.", "question_3_winner": "Yes-approve!", "question_4": "Approve beat Disapprove, 2.9 to 1, 75.0% to 25.0%; total votes 3.9.", "question_4_winner": "Yes-approve!", "question_5": "Approve beat Disapprove, 2.6 to 1.2, 68.6% to 31.4%; total votes 3.7.", "question_5_winner": "Yes-approve!", "question_6": "Disapprove beat Approve, 2.1 to 1.6, 55.9% to 44.1%; total votes 3.7.", "question_6_winner": "No-disapprove!", "dem_primary_mayor": "Andrew M. Cuomo beat Zohran Kwame Mamdani, 1.8 to 0.5, 66.8% to 16.9%; total votes 2.7.", "dem_primary_mayor_winner": "Cuomo", "dem_primary_public_advocate": "Jumaane D. Williams beat Jenifer Rajkumar, 2.2 to 0.2, 87.2% to 6.6%; total votes 2.5.", "dem_primary_public_advocate_winner": "Williams", "dem_primary_comptroller": "Mark D. Levine beat Justin Brannan, 1.3 to 0.5, 52.5% to 20.7%; total votes 2.4.", "dem_primary_comptroller_winner": "Levine", "popup_summary": "Mayor: ANDREW M. CUOMO beat ZOHRAN KWAME MAMDANI, 2.2 to 2, 49.7% to 45.2%; total votes 4.4. | Public Advocate: JUMAANE D. WILLIAMS beat GONZALO DURAN, 3.7 to 0.3, 90.3% to 8.4%; total votes 4.1. | City Comptroller: MARK D. LEVINE beat PETER KEFALAS, 3.5 to 0.3, 89.8% to 7.8%; total votes 3.9. | Question 1: Disapprove beat Approve, 2 to 1.8, 53.1% to 46.9%; total votes 3.7. | Question 2: Approve beat Disapprove, 2.9 to 1, 73.4% to 26.6%; total votes 3.9. | Question 3: Approve beat Disapprove, 2.6 to 1.2, 68.3% to 31.7%; total votes 3.8. | Question 4: Approve beat Disapprove, 2.9 to 1, 75.0% to 25.0%; total votes 3.9. | Question 5: Approve beat Disapprove, 2.6 to 1.2, 68.6% to 31.4%; total votes 3.7. | Question 6: Disapprove beat Approve, 2.1 to 1.6, 55.9% to 44.1%; total votes 3.7. | Dem Primary Mayor: Andrew M. Cuomo beat Zohran Kwame Mamdani, 1.8 to 0.5, 66.8% to 16.9%; total votes 2.7. | Dem Primary Public Advocate: Jumaane D. Williams beat Jenifer Rajkumar, 2.2 to 0.2, 87.2% to 6.6%; total votes 2.5. | Dem Primary Comptroller: Mark D. Levine beat Justin Brannan, 1.3 to 0.5, 52.5% to 20.7%; total votes 2.4.", "mayor_margin": 4.5, "q2_yes": 73.4, "q3_yes": 68.3, "q4_yes": 75.0}, "geometry": {"type": "MultiPolygon", "coordinates": [[[[-73.8304314, 40.8716247], [-73.8305351, 40.8714624], [-73.8296208, 40.871158], [-73.8292854, 40.8717271], [-73.8282632, 40.8713852], [-73.8282784, 40.8710116], [-73.8277321, 40.8709779], [-73.8275583, 40.8712859], [-73.8276352, 40.8716183], [-73.8274765, 40.8715706], [-73.8272897, 40.8718872], [-73.8270736, 40.8718176], [-73.8270868, 40.8717961], [-73.8270958, 40.8717735], [-73.8271004, 40.87175], [-73.8271006, 40.8717264], [-73.8270962, 40.8717029], [-73.8270874, 40.8716802], [-73.8270744, 40.8716587], [-73.8270575, 40.8716388], [-73.8270369, 40.871621], [-73.8270132, 40.8716056], [-73.8262378, 40.8713464], [-73.8261313, 40.8711947], [-73.8258761, 40.871103], [-73.8261632, 40.8708159], [-73.8263077, 40.8705838], [-73.8259461, 40.870424], [-73.8258866, 40.8703961], [-73.8252553, 40.8709539], [-73.825203, 40.8710079], [-73.8252029, 40.8710079], [-73.8252028, 40.871008], [-73.8250126, 40.8712361], [-73.8248437, 40.8714737], [-73.8248437, 40.8714738], [-73.8246975, 40.8717192], [-73.8245747, 40.8719705], [-73.8245747, 40.8719705], [-73.8245747, 40.8719706], [-73.8244758, 40.8722259], [-73.824398, 40.8721997], [-73.8236424, 40.8719825], [-73.8236535, 40.8707288], [-73.8235512, 40.8700368], [-73.8232502, 40.8696524], [-73.8226778, 40.8693466], [-73.8224031, 40.8691234], [-73.8219522, 40.868972], [-73.821639, 40.8687701], [-73.8214468, 40.8686984], [-73.8213619, 40.8686667], [-73.8212882, 40.8686392], [-73.8214807, 40.8684621], [-73.8215071, 40.868438], [-73.8215393, 40.8684142], [-73.8215648, 40.8683887], [-73.8216396, 40.8683142], [-73.8226294, 40.867328], [-73.8239149, 40.8659538], [-73.8245088, 40.8653189], [-73.8248019, 40.8650056], [-73.8250909, 40.8647021], [-73.8252764, 40.8644886], [-73.8259349, 40.8637306], [-73.8262373, 40.8633816], [-73.8265718, 40.8629976], [-73.8267039, 40.8628338], [-73.8269065, 40.8625876], [-73.8277117, 40.8616573], [-73.828123, 40.8611821], [-73.8281577, 40.8612271], [-73.8282565, 40.8613846], [-73.8285591, 40.8617613], [-73.8289209, 40.8622117], [-73.8294561, 40.8630368], [-73.830304, 40.864344], [-73.8305615, 40.8647407], [-73.8306194, 40.8648438], [-73.830786, 40.8651402], [-73.8310176, 40.8655457], [-73.8310878, 40.8656775], [-73.8316782, 40.8667839], [-73.8318096, 40.8670302], [-73.8325329, 40.8683857], [-73.8325632, 40.8684425], [-73.8325915, 40.8685001], [-73.8326475, 40.8684823], [-73.8327463, 40.868451], [-73.83278, 40.86852], [-73.8336934, 40.8704509], [-73.8338136, 40.8707452], [-73.8340523, 40.8713294], [-73.8342353, 40.8717775], [-73.8343372, 40.872027], [-73.8342674, 40.8724305], [-73.8341811, 40.8723478], [-73.8339565, 40.8721731], [-73.8337753, 40.8719953], [-73.8336225, 40.8720505], [-73.8335422, 40.8720707], [-73.8334904, 40.8720847], [-73.8331021, 40.8713754], [-73.8325979, 40.8713697], [-73.8324791, 40.8711789], [-73.8319559, 40.8707969], [-73.831921, 40.8708967], [-73.831729, 40.8710387], [-73.8316761, 40.8711158], [-73.8317075, 40.8713603], [-73.8317638, 40.8714218], [-73.8318123, 40.8716149], [-73.8318103, 40.8716807], [-73.8315571, 40.8719368], [-73.831212, 40.8717898], [-73.8312674, 40.8717028], [-73.8309785, 40.8715998], [-73.8308808, 40.8717684], [-73.8304314, 40.8716247]]]]}}, {"type": "Feature", "properties": {"felt:feature": 27, "ed_label": "AD 82 ED 056", "elect_dist": "82056", "borough": "Bronx", "community_board": 12, "community_board_label": "Bronx CB12", "popup_title": "Bronx CB12 \u2014 AD 82 ED 056", "general_mayor": "ANDREW M. CUOMO beat ZOHRAN KWAME MAMDANI, 27.9 to 25.9, 49.3% to 45.8%; total votes 56.5.", "general_mayor_winner": "Cuomo", "general_public_advocate": "JUMAANE D. WILLIAMS beat GONZALO DURAN, 48.3 to 3.8, 92.5% to 7.3%; total votes 52.3.", "general_public_advocate_winner": "Williams", "general_comptroller": "MARK D. LEVINE beat PETER KEFALAS, 44.7 to 3.8, 89.8% to 7.7%; total votes 49.8.", "general_comptroller_winner": "Levine", "question_1": "Disapprove beat Approve, 27 to 21.6, 55.6% to 44.4%; total votes 48.7.", "question_1_winner": "No-disapprove!", "question_2": "Approve beat Disapprove, 40.4 to 11.2, 78.2% to 21.8%; total votes 51.6.", "question_2_winner": "Yes-approve!", "question_3": "Approve beat Disapprove, 35.2 to 14.8, 70.3% to 29.7%; total votes 50.", "question_3_winner": "Yes-approve!", "question_4": "Approve beat Disapprove, 39.3 to 11.3, 77.6% to 22.4%; total votes 50.7.", "question_4_winner": "Yes-approve!", "question_5": "Approve beat Disapprove, 34 to 15.7, 68.4% to 31.6%; total votes 49.7.", "question_5_winner": "Yes-approve!", "question_6": "Disapprove beat Approve, 25.9 to 23.7, 52.1% to 47.9%; total votes 49.6.", "question_6_winner": "No-disapprove!", "dem_primary_mayor": "Andrew M. Cuomo beat Zohran Kwame Mamdani, 21.9 to 7.2, 63.3% to 20.8%; total votes 34.7.", "dem_primary_mayor_winner": "Cuomo", "dem_primary_public_advocate": "Jumaane D. Williams beat Jenifer Rajkumar, 27.8 to 3.2, 84.2% to 9.6%; total votes 33.", "dem_primary_public_advocate_winner": "Williams", "dem_primary_comptroller": "Mark D. Levine beat Justin Brannan, 16.6 to 6.1, 52.7% to 19.5%; total votes 31.6.", "dem_primary_comptroller_winner": "Levine", "popup_summary": "Mayor: ANDREW M. CUOMO beat ZOHRAN KWAME MAMDANI, 27.9 to 25.9, 49.3% to 45.8%; total votes 56.5. | Public Advocate: JUMAANE D. WILLIAMS beat GONZALO DURAN, 48.3 to 3.8, 92.5% to 7.3%; total votes 52.3. | City Comptroller: MARK D. LEVINE beat PETER KEFALAS, 44.7 to 3.8, 89.8% to 7.7%; total votes 49.8. | Question 1: Disapprove beat Approve, 27 to 21.6, 55.6% to 44.4%; total votes 48.7. | Question 2: Approve beat Disapprove, 40.4 to 11.2, 78.2% to 21.8%; total votes 51.6. | Question 3: Approve beat Disapprove, 35.2 to 14.8, 70.3% to 29.7%; total votes 50. | Question 4: Approve beat Disapprove, 39.3 to 11.3, 77.6% to 22.4%; total votes 50.7. | Question 5: Approve beat Disapprove, 34 to 15.7, 68.4% to 31.6%; total votes 49.7. | Question 6: Disapprove beat Approve, 25.9 to 23.7, 52.1% to 47.9%; total votes 49.6. | Dem Primary Mayor: Andrew M. Cuomo beat Zohran Kwame Mamdani, 21.9 to 7.2, 63.3% to 20.8%; total votes 34.7. | Dem Primary Public Advocate: Jumaane D. Williams beat Jenifer Rajkumar, 27.8 to 3.2, 84.2% to 9.6%; total votes 33. | Dem Primary Comptroller: Mark D. Levine beat Justin Brannan, 16.6 to 6.1, 52.7% to 19.5%; total votes 31.6.", "mayor_margin": 3.5, "q2_yes": 78.2, "q3_yes": 70.3, "q4_yes": 77.6}, "geometry": {"type": "MultiPolygon", "coordinates": [[[[-73.8335473, 40.8774418], [-73.8336084, 40.8772756], [-73.8337012, 40.876965], [-73.8337738, 40.8766517], [-73.833826, 40.8763369], [-73.8338578, 40.8760216], [-73.8337776, 40.876017], [-73.833672, 40.8760194], [-73.8335664, 40.8760184], [-73.8334609, 40.8760141], [-73.8333557, 40.8760063], [-73.8332511, 40.8759952], [-73.8331472, 40.8759808], [-73.8329372, 40.8759151], [-73.8326686, 40.8758311], [-73.8325628, 40.8757373], [-73.8323628, 40.875669], [-73.8322444, 40.8757337], [-73.8319531, 40.875643], [-73.8312017, 40.8756242], [-73.8312177, 40.8729253], [-73.8310244, 40.8727324], [-73.8309475, 40.8727943], [-73.8308668, 40.8728534], [-73.8307826, 40.8729095], [-73.8306949, 40.8729625], [-73.8303838, 40.8728534], [-73.8306334, 40.8724326], [-73.8303826, 40.8723483], [-73.8302544, 40.872371], [-73.8300295, 40.872297], [-73.8301816, 40.8720485], [-73.8304314, 40.8716247], [-73.8308808, 40.8717684], [-73.8309785, 40.8715998], [-73.8312674, 40.8717028], [-73.831212, 40.8717898], [-73.8315571, 40.8719368], [-73.8318103, 40.8716807], [-73.8318123, 40.8716149], [-73.8317638, 40.8714218], [-73.8317075, 40.8713603], [-73.8316761, 40.8711158], [-73.831729, 40.8710387], [-73.831921, 40.8708967], [-73.8319559, 40.8707969], [-73.8324791, 40.8711789], [-73.8325979, 40.8713697], [-73.8331021, 40.8713754], [-73.8334904, 40.8720847], [-73.8335422, 40.8720707], [-73.8336225, 40.8720505], [-73.8337753, 40.8719953], [-73.8339565, 40.8721731], [-73.8341811, 40.8723478], [-73.8342674, 40.8724305], [-73.8343372, 40.872027], [-73.8344585, 40.8723615], [-73.8345659, 40.872699], [-73.834659, 40.873039], [-73.8347378, 40.873381], [-73.8348022, 40.8737245], [-73.8348472, 40.8740636], [-73.8348617, 40.8742773], [-73.8348773, 40.8744039], [-73.8348923, 40.8747449], [-73.8348923, 40.8748971], [-73.8348925, 40.8750709], [-73.8348756, 40.8754379], [-73.8348694, 40.8755195], [-73.834841, 40.8757929], [-73.8347921, 40.8760937], [-73.8347791, 40.8761731], [-73.8346938, 40.8765439], [-73.8345845, 40.8769114], [-73.8344517, 40.8772741], [-73.8342959, 40.8776309], [-73.8341178, 40.8779803], [-73.8340467, 40.8775791], [-73.8338492, 40.8775266], [-73.8335971, 40.8774553], [-73.8335473, 40.8774418]]]]}}, {"type": "Feature", "properties": {"felt:feature": 28, "ed_label": "AD 82 ED 059", "elect_dist": "82059", "borough": "Bronx", "community_board": 12, "community_board_label": "Bronx CB12", "popup_title": "Bronx CB12 \u2014 AD 82 ED 059", "general_mayor": "ANDREW M. CUOMO beat ZOHRAN KWAME MAMDANI, 17.8 to 16.4, 49.2% to 45.2%; total votes 36.2.", "general_mayor_winner": "Cuomo", "general_public_advocate": "JUMAANE D. WILLIAMS beat GONZALO DURAN, 31.2 to 2.7, 90.8% to 7.9%; total votes 34.4.", "general_public_advocate_winner": "Williams", "general_comptroller": "MARK D. LEVINE beat PETER KEFALAS, 29.4 to 2.7, 88.6% to 8.1%; total votes 33.2.", "general_comptroller_winner": "Levine", "question_1": "Disapprove beat Approve, 17.1 to 15.6, 52.2% to 47.8%; total votes 32.6.", "question_1_winner": "No-disapprove!", "question_2": "Approve beat Disapprove, 26.4 to 7.2, 78.7% to 21.3%; total votes 33.5.", "question_2_winner": "Yes-approve!", "question_3": "Approve beat Disapprove, 24.4 to 8.8, 73.3% to 26.7%; total votes 33.2.", "question_3_winner": "Yes-approve!", "question_4": "Approve beat Disapprove, 25.8 to 7.2, 78.3% to 21.7%; total votes 33.", "question_4_winner": "Yes-approve!", "question_5": "Approve beat Disapprove, 23.9 to 8.9, 72.8% to 27.2%; total votes 32.8.", "question_5_winner": "Yes-approve!", "question_6": "Approve beat Disapprove, 16.8 to 16.1, 51.1% to 48.9%; total votes 32.9.", "question_6_winner": "Yes-approve!", "dem_primary_mayor": "Andrew M. Cuomo beat Zohran Kwame Mamdani, 14.7 to 3.9, 65.6% to 17.4%; total votes 22.4.", "dem_primary_mayor_winner": "Cuomo", "dem_primary_public_advocate": "Jumaane D. Williams beat Jenifer Rajkumar, 18.7 to 1.4, 87.0% to 6.5%; total votes 21.5.", "dem_primary_public_advocate_winner": "Williams", "dem_primary_comptroller": "Mark D. Levine beat Kevin S. Parker, 11.9 to 3.5, 57.5% to 17.1%; total votes 20.8.", "dem_primary_comptroller_winner": "Levine", "popup_summary": "Mayor: ANDREW M. CUOMO beat ZOHRAN KWAME MAMDANI, 17.8 to 16.4, 49.2% to 45.2%; total votes 36.2. | Public Advocate: JUMAANE D. WILLIAMS beat GONZALO DURAN, 31.2 to 2.7, 90.8% to 7.9%; total votes 34.4. | City Comptroller: MARK D. LEVINE beat PETER KEFALAS, 29.4 to 2.7, 88.6% to 8.1%; total votes 33.2. | Question 1: Disapprove beat Approve, 17.1 to 15.6, 52.2% to 47.8%; total votes 32.6. | Question 2: Approve beat Disapprove, 26.4 to 7.2, 78.7% to 21.3%; total votes 33.5. | Question 3: Approve beat Disapprove, 24.4 to 8.8, 73.3% to 26.7%; total votes 33.2. | Question 4: Approve beat Disapprove, 25.8 to 7.2, 78.3% to 21.7%; total votes 33. | Question 5: Approve beat Disapprove, 23.9 to 8.9, 72.8% to 27.2%; total votes 32.8. | Question 6: Approve beat Disapprove, 16.8 to 16.1, 51.1% to 48.9%; total votes 32.9. | Dem Primary Mayor: Andrew M. Cuomo beat Zohran Kwame Mamdani, 14.7 to 3.9, 65.6% to 17.4%; total votes 22.4. | Dem Primary Public Advocate: Jumaane D. Williams beat Jenifer Rajkumar, 18.7 to 1.4, 87.0% to 6.5%; total votes 21.5. | Dem Primary Comptroller: Mark D. Levine beat Kevin S. Parker, 11.9 to 3.5, 57.5% to 17.1%; total votes 20.8.", "mayor_margin": 4.0, "q2_yes": 78.7, "q3_yes": 73.3, "q4_yes": 78.3}, "geometry": {"type": "MultiPolygon", "coordinates": [[[[-73.8295554, 40.8782644], [-73.8295255, 40.8775526], [-73.8300727, 40.8775927], [-73.8300447, 40.8774932], [-73.8301204, 40.8770376], [-73.8305962, 40.8766274], [-73.8306981, 40.8766632], [-73.8308497, 40.8767113], [-73.8308104, 40.8767777], [-73.8310313, 40.8769337], [-73.8314019, 40.8767417], [-73.8314469, 40.87678], [-73.8314961, 40.8768151], [-73.8315493, 40.8768468], [-73.8316058, 40.8768748], [-73.8316655, 40.8768989], [-73.8317277, 40.8769189], [-73.8323411, 40.8771319], [-73.8323989, 40.8771251], [-73.8324552, 40.877113], [-73.8325091, 40.8770956], [-73.8325597, 40.8770733], [-73.8326062, 40.8770464], [-73.832648, 40.8770153], [-73.8326844, 40.8769806], [-73.8327149, 40.8769427], [-73.8327389, 40.8769022], [-73.8327561, 40.8768597], [-73.8331133, 40.8768949], [-73.8330964, 40.8769805], [-73.8327031, 40.8773552], [-73.8323609, 40.8773881], [-73.8319814, 40.8780069], [-73.8322354, 40.8781158], [-73.8324851, 40.8782302], [-73.8327302, 40.8783501], [-73.8329707, 40.8784754], [-73.8330188, 40.8784978], [-73.833124, 40.8783271], [-73.8332224, 40.878154], [-73.833314, 40.8779787], [-73.8333988, 40.8778015], [-73.8334766, 40.8776225], [-73.8335473, 40.8774418], [-73.8335971, 40.8774553], [-73.8338492, 40.8775266], [-73.8340467, 40.8775791], [-73.8341178, 40.8779803], [-73.8335884, 40.8786374], [-73.8333313, 40.8789777], [-73.8332673, 40.879052], [-73.8328838, 40.879484], [-73.8323273, 40.8800837], [-73.8322469, 40.8800163], [-73.8321741, 40.8799619], [-73.8319841, 40.8797988], [-73.8319446, 40.8797659], [-73.8319001, 40.8797301], [-73.8314974, 40.879331], [-73.8308911, 40.8787387], [-73.8307979, 40.8786755], [-73.8307004, 40.8786162], [-73.8305989, 40.8785608], [-73.8304937, 40.8785097], [-73.8303851, 40.8784628], [-73.8302733, 40.8784203], [-73.8301588, 40.8783824], [-73.8300417, 40.8783491], [-73.8299226, 40.8783206], [-73.8298015, 40.878297], [-73.829679, 40.8782782], [-73.8295554, 40.8782644]]]]}}, {"type": "Feature", "properties": {"felt:feature": 29, "ed_label": "AD 83 ED 001", "elect_dist": "83001", "borough": "Bronx", "community_board": 12, "community_board_label": "Bronx CB12", "popup_title": "Bronx CB12 \u2014 AD 83 ED 001", "general_mayor": "ZOHRAN KWAME MAMDANI beat ANDREW M. CUOMO, 301 to 204, 56.4% to 38.2%; total votes 534.", "general_mayor_winner": "Mamdani", "general_public_advocate": "JUMAANE D. WILLIAMS beat GONZALO DURAN, 459 to 36, 91.6% to 7.2%; total votes 501.", "general_public_advocate_winner": "Williams", "general_comptroller": "MARK D. LEVINE beat PETER KEFALAS, 439 to 38, 90.3% to 7.8%; total votes 486.", "general_comptroller_winner": "Levine", "question_1": "Disapprove beat Approve, 229 to 212, 51.9% to 48.1%; total votes 441.", "question_1_winner": "No-disapprove!", "question_2": "Approve beat Disapprove, 358 to 98, 78.5% to 21.5%; total votes 456.", "question_2_winner": "Yes-approve!", "question_3": "Approve beat Disapprove, 307 to 147, 67.6% to 32.4%; total votes 454.", "question_3_winner": "Yes-approve!", "question_4": "Approve beat Disapprove, 347 to 105, 76.8% to 23.2%; total votes 452.", "question_4_winner": "Yes-approve!", "question_5": "Approve beat Disapprove, 327 to 124, 72.5% to 27.5%; total votes 451.", "question_5_winner": "Yes-approve!", "question_6": "Approve beat Disapprove, 227 to 217, 51.1% to 48.9%; total votes 444.", "question_6_winner": "Yes-approve!", "dem_primary_mayor": "Andrew M. Cuomo beat Zohran Kwame Mamdani, 160 to 75, 58.6% to 27.5%; total votes 273.", "dem_primary_mayor_winner": "Cuomo", "dem_primary_public_advocate": "Jumaane D. Williams beat Jenifer Rajkumar, 211 to 27, 82.7% to 10.6%; total votes 255.", "dem_primary_public_advocate_winner": "Williams", "dem_primary_comptroller": "Mark D. Levine beat Kevin S. Parker, 125 to 59, 50.0% to 23.6%; total votes 250.", "dem_primary_comptroller_winner": "Levine", "popup_summary": "Mayor: ZOHRAN KWAME MAMDANI beat ANDREW M. CUOMO, 301 to 204, 56.4% to 38.2%; total votes 534. | Public Advocate: JUMAANE D. WILLIAMS beat GONZALO DURAN, 459 to 36, 91.6% to 7.2%; total votes 501. | City Comptroller: MARK D. LEVINE beat PETER KEFALAS, 439 to 38, 90.3% to 7.8%; total votes 486. | Question 1: Disapprove beat Approve, 229 to 212, 51.9% to 48.1%; total votes 441. | Question 2: Approve beat Disapprove, 358 to 98, 78.5% to 21.5%; total votes 456. | Question 3: Approve beat Disapprove, 307 to 147, 67.6% to 32.4%; total votes 454. | Question 4: Approve beat Disapprove, 347 to 105, 76.8% to 23.2%; total votes 452. | Question 5: Approve beat Disapprove, 327 to 124, 72.5% to 27.5%; total votes 451. | Question 6: Approve beat Disapprove, 227 to 217, 51.1% to 48.9%; total votes 444. | Dem Primary Mayor: Andrew M. Cuomo beat Zohran Kwame Mamdani, 160 to 75, 58.6% to 27.5%; total votes 273. | Dem Primary Public Advocate: Jumaane D. Williams beat Jenifer Rajkumar, 211 to 27, 82.7% to 10.6%; total votes 255. | Dem Primary Comptroller: Mark D. Levine beat Kevin S. Parker, 125 to 59, 50.0% to 23.6%; total votes 250.", "mayor_margin": 18.2, "q2_yes": 78.5, "q3_yes": 67.6, "q4_yes": 76.8}, "geometry": {"type": "MultiPolygon", "coordinates": [[[[-73.8327463, 40.868451], [-73.83272, 40.868397], [-73.832644, 40.868237], [-73.8319883, 40.8670132], [-73.831819, 40.8666973], [-73.8311401, 40.8654303], [-73.8310076, 40.8651639], [-73.8308067, 40.8647789], [-73.8307529, 40.8646759], [-73.8302239, 40.8634295], [-73.8295473, 40.8621641], [-73.8308169, 40.8624298], [-73.8315962, 40.8626447], [-73.8357844, 40.865016], [-73.8360094, 40.8651326], [-73.836186, 40.8652241], [-73.8367882, 40.8655459], [-73.8369702, 40.8656431], [-73.8378438, 40.8660992], [-73.8387522, 40.8665728], [-73.8392209, 40.8668208], [-73.8395448, 40.8669867], [-73.8397423, 40.8670879], [-73.8406436, 40.8675542], [-73.8412236, 40.8678582], [-73.8407201, 40.868009], [-73.839887, 40.8682749], [-73.8390535, 40.8685452], [-73.8399015, 40.8702994], [-73.8390688, 40.8705687], [-73.8386821, 40.8706942], [-73.8382348, 40.8708393], [-73.8374018, 40.8711089], [-73.836576, 40.8713727], [-73.8357398, 40.8716428], [-73.835356, 40.8717665], [-73.8349044, 40.871912], [-73.8343372, 40.872027], [-73.8342353, 40.8717775], [-73.8340523, 40.8713294], [-73.8338136, 40.8707452], [-73.8336934, 40.8704509], [-73.83278, 40.86852], [-73.8327463, 40.868451]]]]}}, {"type": "Feature", "properties": {"felt:feature": 30, "ed_label": "AD 83 ED 002", "elect_dist": "83002", "borough": "Bronx", "community_board": 12, "community_board_label": "Bronx CB12", "popup_title": "Bronx CB12 \u2014 AD 83 ED 002", "general_mayor": "ZOHRAN KWAME MAMDANI beat ANDREW M. CUOMO, 292 to 221, 55.1% to 41.7%; total votes 530.", "general_mayor_winner": "Mamdani", "general_public_advocate": "JUMAANE D. WILLIAMS beat GONZALO DURAN, 463 to 32, 92.0% to 6.4%; total votes 503.", "general_public_advocate_winner": "Williams", "general_comptroller": "MARK D. LEVINE beat PETER KEFALAS, 427 to 38, 89.0% to 7.9%; total votes 480.", "general_comptroller_winner": "Levine", "question_1": "Approve beat Disapprove, 240 to 206, 53.8% to 46.2%; total votes 446.", "question_1_winner": "Yes-approve!", "question_2": "Approve beat Disapprove, 353 to 106, 76.9% to 23.1%; total votes 459.", "question_2_winner": "Yes-approve!", "question_3": "Approve beat Disapprove, 327 to 130, 71.6% to 28.4%; total votes 457.", "question_3_winner": "Yes-approve!", "question_4": "Approve beat Disapprove, 345 to 108, 76.2% to 23.8%; total votes 453.", "question_4_winner": "Yes-approve!", "question_5": "Approve beat Disapprove, 320 to 126, 71.7% to 28.3%; total votes 446.", "question_5_winner": "Yes-approve!", "question_6": "Approve beat Disapprove, 232 to 218, 51.6% to 48.4%; total votes 450.", "question_6_winner": "Yes-approve!", "dem_primary_mayor": "Andrew M. Cuomo beat Zohran Kwame Mamdani, 187 to 81, 61.3% to 26.6%; total votes 305.", "dem_primary_mayor_winner": "Cuomo", "dem_primary_public_advocate": "Jumaane D. Williams beat Jenifer Rajkumar, 238 to 27, 85.6% to 9.7%; total votes 278.", "dem_primary_public_advocate_winner": "Williams", "dem_primary_comptroller": "Mark D. Levine beat Kevin S. Parker, 144 to 48, 55.0% to 18.3%; total votes 262.", "dem_primary_comptroller_winner": "Levine", "popup_summary": "Mayor: ZOHRAN KWAME MAMDANI beat ANDREW M. CUOMO, 292 to 221, 55.1% to 41.7%; total votes 530. | Public Advocate: JUMAANE D. WILLIAMS beat GONZALO DURAN, 463 to 32, 92.0% to 6.4%; total votes 503. | City Comptroller: MARK D. LEVINE beat PETER KEFALAS, 427 to 38, 89.0% to 7.9%; total votes 480. | Question 1: Approve beat Disapprove, 240 to 206, 53.8% to 46.2%; total votes 446. | Question 2: Approve beat Disapprove, 353 to 106, 76.9% to 23.1%; total votes 459. | Question 3: Approve beat Disapprove, 327 to 130, 71.6% to 28.4%; total votes 457. | Question 4: Approve beat Disapprove, 345 to 108, 76.2% to 23.8%; total votes 453. | Question 5: Approve beat Disapprove, 320 to 126, 71.7% to 28.3%; total votes 446. | Question 6: Approve beat Disapprove, 232 to 218, 51.6% to 48.4%; total votes 450. | Dem Primary Mayor: Andrew M. Cuomo beat Zohran Kwame Mamdani, 187 to 81, 61.3% to 26.6%; total votes 305. | Dem Primary Public Advocate: Jumaane D. Williams beat Jenifer Rajkumar, 238 to 27, 85.6% to 9.7%; total votes 278. | Dem Primary Comptroller: Mark D. Levine beat Kevin S. Parker, 144 to 48, 55.0% to 18.3%; total votes 262.", "mayor_margin": 13.4, "q2_yes": 76.9, "q3_yes": 71.6, "q4_yes": 76.2}, "geometry": {"type": "MultiPolygon", "coordinates": [[[[-73.8348756, 40.8754379], [-73.8348925, 40.8750709], [-73.8348923, 40.8748971], [-73.8348923, 40.8747449], [-73.8348773, 40.8744039], [-73.8348617, 40.8742773], [-73.8348472, 40.8740636], [-73.8348022, 40.8737245], [-73.8347378, 40.873381], [-73.834659, 40.873039], [-73.8345659, 40.872699], [-73.8344585, 40.8723615], [-73.8343372, 40.872027], [-73.8349044, 40.871912], [-73.835356, 40.8717665], [-73.8357398, 40.8716428], [-73.836576, 40.8713727], [-73.8374018, 40.8711089], [-73.8382348, 40.8708393], [-73.8386821, 40.8706942], [-73.8390688, 40.8705687], [-73.8399015, 40.8702994], [-73.8390535, 40.8685452], [-73.839887, 40.8682749], [-73.8407201, 40.868009], [-73.8412236, 40.8678582], [-73.8415883, 40.8680519], [-73.8418519, 40.8681919], [-73.8422275, 40.8688531], [-73.8423606, 40.8689505], [-73.8426351, 40.8694141], [-73.8431697, 40.87029], [-73.843544, 40.8712553], [-73.8424548, 40.871606], [-73.8416237, 40.871876], [-73.8407918, 40.8721464], [-73.8399592, 40.8724137], [-73.8391216, 40.8726817], [-73.8382922, 40.8729513], [-73.8374603, 40.8732227], [-73.8366301, 40.8734897], [-73.8358173, 40.873798], [-73.8356926, 40.8738419], [-73.8356925, 40.8738419], [-73.8356924, 40.873842], [-73.8355737, 40.873903], [-73.835467, 40.8739803], [-73.8354669, 40.8739803], [-73.8354668, 40.8739804], [-73.8353777, 40.8740717], [-73.8353105, 40.8741731], [-73.8353104, 40.8741733], [-73.8353103, 40.8741735], [-73.8352674, 40.8742805], [-73.8352492, 40.8743883], [-73.8352491, 40.8743885], [-73.8352491, 40.8743887], [-73.8352537, 40.8744929], [-73.8353385, 40.874916], [-73.8354083, 40.875132], [-73.8354084, 40.8751322], [-73.8354084, 40.8751323], [-73.8354955, 40.875345], [-73.8354955, 40.8753451], [-73.8354956, 40.8753451], [-73.8355995, 40.8755535], [-73.8355996, 40.8755536], [-73.8355996, 40.8755536], [-73.8357199, 40.8757565], [-73.8358097, 40.8759725], [-73.835952, 40.8762124], [-73.8357685, 40.8762817], [-73.8348756, 40.8754379]]]]}}, {"type": "Feature", "properties": {"felt:feature": 31, "ed_label": "AD 83 ED 003", "elect_dist": "83003", "borough": "Bronx", "community_board": 12, "community_board_label": "Bronx CB12", "popup_title": "Bronx CB12 \u2014 AD 83 ED 003", "general_mayor": "ZOHRAN KWAME MAMDANI beat ANDREW M. CUOMO, 216.1 to 128.8, 58.6% to 34.9%; total votes 368.5.", "general_mayor_winner": "Mamdani", "general_public_advocate": "JUMAANE D. WILLIAMS beat GONZALO DURAN, 307.1 to 30.3, 90.0% to 8.9%; total votes 341.1.", "general_public_advocate_winner": "Williams", "general_comptroller": "MARK D. LEVINE beat PETER KEFALAS, 298.2 to 26.6, 89.2% to 8.0%; total votes 334.5.", "general_comptroller_winner": "Levine", "question_1": "Approve beat Disapprove, 165.8 to 148.7, 52.7% to 47.3%; total votes 314.5.", "question_1_winner": "Yes-approve!", "question_2": "Approve beat Disapprove, 250.1 to 81.4, 75.4% to 24.6%; total votes 331.5.", "question_2_winner": "Yes-approve!", "question_3": "Approve beat Disapprove, 221.3 to 99.2, 69.1% to 30.9%; total votes 320.4.", "question_3_winner": "Yes-approve!", "question_4": "Approve beat Disapprove, 239.8 to 88.8, 73.0% to 27.0%; total votes 328.6.", "question_4_winner": "Yes-approve!", "question_5": "Approve beat Disapprove, 252.3 to 74.7, 77.1% to 22.9%; total votes 327.1.", "question_5_winner": "Yes-approve!", "question_6": "Approve beat Disapprove, 163.5 to 155.4, 51.3% to 48.7%; total votes 318.9.", "question_6_winner": "Yes-approve!", "dem_primary_mayor": "Andrew M. Cuomo beat Zohran Kwame Mamdani, 119.9 to 49.6, 60.2% to 24.9%; total votes 199.1.", "dem_primary_mayor_winner": "Cuomo", "dem_primary_public_advocate": "Jumaane D. Williams beat Jenifer Rajkumar, 157.6 to 13.3, 87.7% to 7.4%; total votes 179.8.", "dem_primary_public_advocate_winner": "Williams", "dem_primary_comptroller": "Mark D. Levine beat Justin Brannan, 85.8 to 38.5, 47.9% to 21.5%; total votes 179.1.", "dem_primary_comptroller_winner": "Levine", "popup_summary": "Mayor: ZOHRAN KWAME MAMDANI beat ANDREW M. CUOMO, 216.1 to 128.8, 58.6% to 34.9%; total votes 368.5. | Public Advocate: JUMAANE D. WILLIAMS beat GONZALO DURAN, 307.1 to 30.3, 90.0% to 8.9%; total votes 341.1. | City Comptroller: MARK D. LEVINE beat PETER KEFALAS, 298.2 to 26.6, 89.2% to 8.0%; total votes 334.5. | Question 1: Approve beat Disapprove, 165.8 to 148.7, 52.7% to 47.3%; total votes 314.5. | Question 2: Approve beat Disapprove, 250.1 to 81.4, 75.4% to 24.6%; total votes 331.5. | Question 3: Approve beat Disapprove, 221.3 to 99.2, 69.1% to 30.9%; total votes 320.4. | Question 4: Approve beat Disapprove, 239.8 to 88.8, 73.0% to 27.0%; total votes 328.6. | Question 5: Approve beat Disapprove, 252.3 to 74.7, 77.1% to 22.9%; total votes 327.1. | Question 6: Approve beat Disapprove, 163.5 to 155.4, 51.3% to 48.7%; total votes 318.9. | Dem Primary Mayor: Andrew M. Cuomo beat Zohran Kwame Mamdani, 119.9 to 49.6, 60.2% to 24.9%; total votes 199.1. | Dem Primary Public Advocate: Jumaane D. Williams beat Jenifer Rajkumar, 157.6 to 13.3, 87.7% to 7.4%; total votes 179.8. | Dem Primary Comptroller: Mark D. Levine beat Justin Brannan, 85.8 to 38.5, 47.9% to 21.5%; total votes 179.1.", "mayor_margin": 23.7, "q2_yes": 75.4, "q3_yes": 69.1, "q4_yes": 73.0}, "geometry": {"type": "MultiPolygon", "coordinates": [[[[-73.843544, 40.8712553], [-73.8431697, 40.87029], [-73.8426351, 40.8694141], [-73.8423606, 40.8689505], [-73.8422275, 40.8688531], [-73.8418519, 40.8681919], [-73.8415883, 40.8680519], [-73.8412236, 40.8678582], [-73.8416012, 40.8677831], [-73.8428107, 40.8675424], [-73.8432135, 40.8674446], [-73.8442925, 40.867466], [-73.8452335, 40.8674845], [-73.8461744, 40.8675034], [-73.8461435, 40.8687946], [-73.8454032, 40.8696486], [-73.8451726, 40.8699147], [-73.8455827, 40.8701255], [-73.8457815, 40.8702277], [-73.8460896, 40.8703898], [-73.8464077, 40.8705543], [-73.8469927, 40.8708529], [-73.8472514, 40.8709871], [-73.8479261, 40.8713422], [-73.8485968, 40.8716708], [-73.8489375, 40.8717856], [-73.8487842, 40.8720068], [-73.8495312, 40.8733458], [-73.84866, 40.8736115], [-73.8477919, 40.8738804], [-73.8469235, 40.8741534], [-73.8464072, 40.8743137], [-73.8460523, 40.8744239], [-73.8457071, 40.8745311], [-73.8451141, 40.8747152], [-73.8442306, 40.87307], [-73.8440787, 40.8726571], [-73.8439628, 40.8723538], [-73.8438942, 40.8721738], [-73.843544, 40.8712553]]]]}}, {"type": "Feature", "properties": {"felt:feature": 32, "ed_label": "AD 83 ED 004", "elect_dist": "83004", "borough": "Bronx", "community_board": 12, "community_board_label": "Bronx CB12", "popup_title": "Bronx CB12 \u2014 AD 83 ED 004", "general_mayor": "ZOHRAN KWAME MAMDANI beat ANDREW M. CUOMO, 192 to 137, 55.7% to 39.7%; total votes 345.", "general_mayor_winner": "Mamdani", "general_public_advocate": "JUMAANE D. WILLIAMS beat GONZALO DURAN, 309 to 24, 92.5% to 7.2%; total votes 334.", "general_public_advocate_winner": "Williams", "general_comptroller": "MARK D. LEVINE beat PETER KEFALAS, 295 to 19, 91.9% to 5.9%; total votes 321.", "general_comptroller_winner": "Levine", "question_1": "Approve beat Disapprove, 196 to 110, 64.1% to 35.9%; total votes 306.", "question_1_winner": "Yes-approve!", "question_2": "Approve beat Disapprove, 247 to 66, 78.9% to 21.1%; total votes 313.", "question_2_winner": "Yes-approve!", "question_3": "Approve beat Disapprove, 242 to 64, 79.1% to 20.9%; total votes 306.", "question_3_winner": "Yes-approve!", "question_4": "Approve beat Disapprove, 259 to 48, 84.4% to 15.6%; total votes 307.", "question_4_winner": "Yes-approve!", "question_5": "Approve beat Disapprove, 246 to 62, 79.9% to 20.1%; total votes 308.", "question_5_winner": "Yes-approve!", "question_6": "Approve beat Disapprove, 170 to 135, 55.7% to 44.3%; total votes 305.", "question_6_winner": "Yes-approve!", "dem_primary_mayor": "Andrew M. Cuomo beat Zohran Kwame Mamdani, 134 to 45, 64.4% to 21.6%; total votes 208.", "dem_primary_mayor_winner": "Cuomo", "dem_primary_public_advocate": "Jumaane D. Williams beat Jenifer Rajkumar, 155 to 27, 80.3% to 14.0%; total votes 193.", "dem_primary_public_advocate_winner": "Williams", "dem_primary_comptroller": "Mark D. Levine beat Kevin S. Parker, 103 to 40, 55.7% to 21.6%; total votes 185.", "dem_primary_comptroller_winner": "Levine", "popup_summary": "Mayor: ZOHRAN KWAME MAMDANI beat ANDREW M. CUOMO, 192 to 137, 55.7% to 39.7%; total votes 345. | Public Advocate: JUMAANE D. WILLIAMS beat GONZALO DURAN, 309 to 24, 92.5% to 7.2%; total votes 334. | City Comptroller: MARK D. LEVINE beat PETER KEFALAS, 295 to 19, 91.9% to 5.9%; total votes 321. | Question 1: Approve beat Disapprove, 196 to 110, 64.1% to 35.9%; total votes 306. | Question 2: Approve beat Disapprove, 247 to 66, 78.9% to 21.1%; total votes 313. | Question 3: Approve beat Disapprove, 242 to 64, 79.1% to 20.9%; total votes 306. | Question 4: Approve beat Disapprove, 259 to 48, 84.4% to 15.6%; total votes 307. | Question 5: Approve beat Disapprove, 246 to 62, 79.9% to 20.1%; total votes 308. | Question 6: Approve beat Disapprove, 170 to 135, 55.7% to 44.3%; total votes 305. | Dem Primary Mayor: Andrew M. Cuomo beat Zohran Kwame Mamdani, 134 to 45, 64.4% to 21.6%; total votes 208. | Dem Primary Public Advocate: Jumaane D. Williams beat Jenifer Rajkumar, 155 to 27, 80.3% to 14.0%; total votes 193. | Dem Primary Comptroller: Mark D. Levine beat Kevin S. Parker, 103 to 40, 55.7% to 21.6%; total votes 185.", "mayor_margin": 16.0, "q2_yes": 78.9, "q3_yes": 79.1, "q4_yes": 84.4}, "geometry": {"type": "MultiPolygon", "coordinates": [[[[-73.8454263, 40.8925151], [-73.846295, 40.8923236], [-73.8471811, 40.8921278], [-73.8480622, 40.8944371], [-73.8489376, 40.8942073], [-73.8494137, 40.8954546], [-73.8495143, 40.8957182], [-73.8486293, 40.8959138], [-73.8496068, 40.8984713], [-73.8487218, 40.8986655], [-73.8478552, 40.8988565], [-73.8468748, 40.8963007], [-73.8463688, 40.8949784], [-73.8454263, 40.8925151]]]]}}, {"type": "Feature", "properties": {"felt:feature": 33, "ed_label": "AD 83 ED 005", "elect_dist": "83005", "borough": "Bronx", "community_board": 12, "community_board_label": "Bronx CB12", "popup_title": "Bronx CB12 \u2014 AD 83 ED 005", "general_mayor": "ANDREW M. CUOMO beat ZOHRAN KWAME MAMDANI, 191 to 185, 48.5% to 47.0%; total votes 394.", "general_mayor_winner": "Cuomo", "general_public_advocate": "JUMAANE D. WILLIAMS beat GONZALO DURAN, 325 to 23, 92.9% to 6.6%; total votes 350.", "general_public_advocate_winner": "Williams", "general_comptroller": "MARK D. LEVINE beat PETER KEFALAS, 300 to 26, 90.1% to 7.8%; total votes 333.", "general_comptroller_winner": "Levine", "question_1": "Approve beat Disapprove, 180 to 123, 59.4% to 40.6%; total votes 303.", "question_1_winner": "Yes-approve!", "question_2": "Approve beat Disapprove, 250 to 70, 78.1% to 21.9%; total votes 320.", "question_2_winner": "Yes-approve!", "question_3": "Approve beat Disapprove, 229 to 90, 71.8% to 28.2%; total votes 319.", "question_3_winner": "Yes-approve!", "question_4": "Approve beat Disapprove, 250 to 66, 79.1% to 20.9%; total votes 316.", "question_4_winner": "Yes-approve!", "question_5": "Approve beat Disapprove, 225 to 85, 72.6% to 27.4%; total votes 310.", "question_5_winner": "Yes-approve!", "question_6": "Approve beat Disapprove, 157 to 153, 50.6% to 49.4%; total votes 310.", "question_6_winner": "Yes-approve!", "dem_primary_mayor": "Andrew M. Cuomo beat Zohran Kwame Mamdani, 170 to 50, 70.0% to 20.6%; total votes 243.", "dem_primary_mayor_winner": "Cuomo", "dem_primary_public_advocate": "Jumaane D. Williams beat Jenifer Rajkumar, 197 to 14, 88.3% to 6.3%; total votes 223.", "dem_primary_public_advocate_winner": "Williams", "dem_primary_comptroller": "Mark D. Levine beat Kevin S. Parker, 124 to 44, 57.7% to 20.5%; total votes 215.", "dem_primary_comptroller_winner": "Levine", "popup_summary": "Mayor: ANDREW M. CUOMO beat ZOHRAN KWAME MAMDANI, 191 to 185, 48.5% to 47.0%; total votes 394. | Public Advocate: JUMAANE D. WILLIAMS beat GONZALO DURAN, 325 to 23, 92.9% to 6.6%; total votes 350. | City Comptroller: MARK D. LEVINE beat PETER KEFALAS, 300 to 26, 90.1% to 7.8%; total votes 333. | Question 1: Approve beat Disapprove, 180 to 123, 59.4% to 40.6%; total votes 303. | Question 2: Approve beat Disapprove, 250 to 70, 78.1% to 21.9%; total votes 320. | Question 3: Approve beat Disapprove, 229 to 90, 71.8% to 28.2%; total votes 319. | Question 4: Approve beat Disapprove, 250 to 66, 79.1% to 20.9%; total votes 316. | Question 5: Approve beat Disapprove, 225 to 85, 72.6% to 27.4%; total votes 310. | Question 6: Approve beat Disapprove, 157 to 153, 50.6% to 49.4%; total votes 310. | Dem Primary Mayor: Andrew M. Cuomo beat Zohran Kwame Mamdani, 170 to 50, 70.0% to 20.6%; total votes 243. | Dem Primary Public Advocate: Jumaane D. Williams beat Jenifer Rajkumar, 197 to 14, 88.3% to 6.3%; total votes 223. | Dem Primary Comptroller: Mark D. Levine beat Kevin S. Parker, 124 to 44, 57.7% to 20.5%; total votes 215.", "mayor_margin": 1.5, "q2_yes": 78.1, "q3_yes": 71.8, "q4_yes": 79.1}, "geometry": {"type": "MultiPolygon", "coordinates": [[[[-73.8374603, 40.8732227], [-73.8382922, 40.8729513], [-73.8391216, 40.8726817], [-73.8399592, 40.8724137], [-73.8407918, 40.8721464], [-73.8416237, 40.871876], [-73.8424548, 40.871606], [-73.843544, 40.8712553], [-73.8438942, 40.8721738], [-73.8439628, 40.8723538], [-73.8440787, 40.8726571], [-73.8442306, 40.87307], [-73.8451141, 40.8747152], [-73.8442342, 40.8749949], [-73.8434128, 40.875256], [-73.8425758, 40.8755379], [-73.8420456, 40.875711], [-73.8417415, 40.8758102], [-73.8410737, 40.8760464], [-73.8407504, 40.8761297], [-73.8400704, 40.8763455], [-73.8392479, 40.8766187], [-73.8383541, 40.874922], [-73.8374603, 40.8732227]]]]}}, {"type": "Feature", "properties": {"felt:feature": 34, "ed_label": "AD 83 ED 006", "elect_dist": "83006", "borough": "Bronx", "community_board": 12, "community_board_label": "Bronx CB12", "popup_title": "Bronx CB12 \u2014 AD 83 ED 006", "general_mayor": "ZOHRAN KWAME MAMDANI beat ANDREW M. CUOMO, 252 to 160, 57.8% to 36.7%; total votes 436.", "general_mayor_winner": "Mamdani", "general_public_advocate": "JUMAANE D. WILLIAMS beat GONZALO DURAN, 379 to 27, 92.7% to 6.6%; total votes 409.", "general_public_advocate_winner": "Williams", "general_comptroller": "MARK D. LEVINE beat PETER KEFALAS, 368 to 29, 91.1% to 7.2%; total votes 404.", "general_comptroller_winner": "Levine", "question_1": "Approve beat Disapprove, 206 to 172, 54.5% to 45.5%; total votes 378.", "question_1_winner": "Yes-approve!", "question_2": "Approve beat Disapprove, 288 to 108, 72.7% to 27.3%; total votes 396.", "question_2_winner": "Yes-approve!", "question_3": "Approve beat Disapprove, 259 to 124, 67.6% to 32.4%; total votes 383.", "question_3_winner": "Yes-approve!", "question_4": "Approve beat Disapprove, 283 to 99, 74.1% to 25.9%; total votes 382.", "question_4_winner": "Yes-approve!", "question_5": "Approve beat Disapprove, 286 to 95, 75.1% to 24.9%; total votes 381.", "question_5_winner": "Yes-approve!", "question_6": "Disapprove beat Approve, 206 to 176, 53.9% to 46.1%; total votes 382.", "question_6_winner": "No-disapprove!", "dem_primary_mayor": "Andrew M. Cuomo beat Zohran Kwame Mamdani, 154 to 59, 61.4% to 23.5%; total votes 251.", "dem_primary_mayor_winner": "Cuomo", "dem_primary_public_advocate": "Jumaane D. Williams beat Jenifer Rajkumar, 213 to 12, 89.9% to 5.1%; total votes 237.", "dem_primary_public_advocate_winner": "Williams", "dem_primary_comptroller": "Mark D. Levine beat Kevin S. Parker, 124 to 55, 53.4% to 23.7%; total votes 232.", "dem_primary_comptroller_winner": "Levine", "popup_summary": "Mayor: ZOHRAN KWAME MAMDANI beat ANDREW M. CUOMO, 252 to 160, 57.8% to 36.7%; total votes 436. | Public Advocate: JUMAANE D. WILLIAMS beat GONZALO DURAN, 379 to 27, 92.7% to 6.6%; total votes 409. | City Comptroller: MARK D. LEVINE beat PETER KEFALAS, 368 to 29, 91.1% to 7.2%; total votes 404. | Question 1: Approve beat Disapprove, 206 to 172, 54.5% to 45.5%; total votes 378. | Question 2: Approve beat Disapprove, 288 to 108, 72.7% to 27.3%; total votes 396. | Question 3: Approve beat Disapprove, 259 to 124, 67.6% to 32.4%; total votes 383. | Question 4: Approve beat Disapprove, 283 to 99, 74.1% to 25.9%; total votes 382. | Question 5: Approve beat Disapprove, 286 to 95, 75.1% to 24.9%; total votes 381. | Question 6: Disapprove beat Approve, 206 to 176, 53.9% to 46.1%; total votes 382. | Dem Primary Mayor: Andrew M. Cuomo beat Zohran Kwame Mamdani, 154 to 59, 61.4% to 23.5%; total votes 251. | Dem Primary Public Advocate: Jumaane D. Williams beat Jenifer Rajkumar, 213 to 12, 89.9% to 5.1%; total votes 237. | Dem Primary Comptroller: Mark D. Levine beat Kevin S. Parker, 124 to 55, 53.4% to 23.7%; total votes 232.", "mayor_margin": 21.1, "q2_yes": 72.7, "q3_yes": 67.6, "q4_yes": 74.1}, "geometry": {"type": "MultiPolygon", "coordinates": [[[[-73.8358097, 40.8759725], [-73.8357199, 40.8757565], [-73.8355996, 40.8755536], [-73.8355996, 40.8755536], [-73.8355995, 40.8755535], [-73.8354956, 40.8753451], [-73.8354955, 40.8753451], [-73.8354955, 40.875345], [-73.8354084, 40.8751323], [-73.8354084, 40.8751322], [-73.8354083, 40.875132], [-73.8353385, 40.874916], [-73.8352537, 40.8744929], [-73.8352491, 40.8743887], [-73.8352491, 40.8743885], [-73.8352492, 40.8743883], [-73.8352674, 40.8742805], [-73.8353103, 40.8741735], [-73.8353104, 40.8741733], [-73.8353105, 40.8741731], [-73.8353777, 40.8740717], [-73.8354668, 40.8739804], [-73.8354669, 40.8739803], [-73.835467, 40.8739803], [-73.8355737, 40.873903], [-73.8356924, 40.873842], [-73.8356925, 40.8738419], [-73.8356926, 40.8738419], [-73.8358173, 40.873798], [-73.8366301, 40.8734897], [-73.8374603, 40.8732227], [-73.8383541, 40.874922], [-73.8392479, 40.8766187], [-73.8400704, 40.8763455], [-73.8407504, 40.8761297], [-73.8410737, 40.8760464], [-73.8417415, 40.8758102], [-73.8420456, 40.875711], [-73.8425758, 40.8755379], [-73.8434128, 40.875256], [-73.8442342, 40.8749949], [-73.8451141, 40.8747152], [-73.8460054, 40.8763803], [-73.8451105, 40.8766627], [-73.8442823, 40.8769319], [-73.8434512, 40.8772075], [-73.8426118, 40.8774693], [-73.842221, 40.8775997], [-73.8417762, 40.877744], [-73.8416806, 40.8777289], [-73.8416531, 40.8777396], [-73.8416275, 40.8777528], [-73.8416042, 40.8777682], [-73.8415835, 40.8777857], [-73.8415658, 40.8778049], [-73.8415512, 40.8778256], [-73.8414315, 40.8777627], [-73.8408403, 40.8778691], [-73.8407043, 40.8780279], [-73.840148, 40.8777884], [-73.8397119, 40.8776116], [-73.8395649, 40.8775498], [-73.8392555, 40.8774198], [-73.838552, 40.8771195], [-73.8381567, 40.8769535], [-73.8372511, 40.8765679], [-73.8358097, 40.8759725]]]]}}, {"type": "Feature", "properties": {"felt:feature": 35, "ed_label": "AD 83 ED 007", "elect_dist": "83007", "borough": "Bronx", "community_board": 12, "community_board_label": "Bronx CB12", "popup_title": "Bronx CB12 \u2014 AD 83 ED 007", "general_mayor": "ZOHRAN KWAME MAMDANI beat ANDREW M. CUOMO, 263 to 193, 54.9% to 40.3%; total votes 479.", "general_mayor_winner": "Mamdani", "general_public_advocate": "JUMAANE D. WILLIAMS beat GONZALO DURAN, 400 to 42, 89.5% to 9.4%; total votes 447.", "general_public_advocate_winner": "Williams", "general_comptroller": "MARK D. LEVINE beat PETER KEFALAS, 371 to 38, 86.1% to 8.8%; total votes 431.", "general_comptroller_winner": "Levine", "question_1": "Approve beat Disapprove, 221 to 169, 56.7% to 43.3%; total votes 390.", "question_1_winner": "Yes-approve!", "question_2": "Approve beat Disapprove, 337 to 78, 81.2% to 18.8%; total votes 415.", "question_2_winner": "Yes-approve!", "question_3": "Approve beat Disapprove, 307 to 102, 75.1% to 24.9%; total votes 409.", "question_3_winner": "Yes-approve!", "question_4": "Approve beat Disapprove, 334 to 76, 81.5% to 18.5%; total votes 410.", "question_4_winner": "Yes-approve!", "question_5": "Approve beat Disapprove, 292 to 105, 73.6% to 26.4%; total votes 397.", "question_5_winner": "Yes-approve!", "question_6": "Approve beat Disapprove, 205 to 195, 51.2% to 48.8%; total votes 400.", "question_6_winner": "Yes-approve!", "dem_primary_mayor": "Andrew M. Cuomo beat Zohran Kwame Mamdani, 170 to 58, 64.4% to 22.0%; total votes 264.", "dem_primary_mayor_winner": "Cuomo", "dem_primary_public_advocate": "Jumaane D. Williams beat Jenifer Rajkumar, 199 to 20, 86.1% to 8.7%; total votes 231.", "dem_primary_public_advocate_winner": "Williams", "dem_primary_comptroller": "Mark D. Levine beat Kevin S. Parker, 118 to 47, 53.2% to 21.2%; total votes 222.", "dem_primary_comptroller_winner": "Levine", "popup_summary": "Mayor: ZOHRAN KWAME MAMDANI beat ANDREW M. CUOMO, 263 to 193, 54.9% to 40.3%; total votes 479. | Public Advocate: JUMAANE D. WILLIAMS beat GONZALO DURAN, 400 to 42, 89.5% to 9.4%; total votes 447. | City Comptroller: MARK D. LEVINE beat PETER KEFALAS, 371 to 38, 86.1% to 8.8%; total votes 431. | Question 1: Approve beat Disapprove, 221 to 169, 56.7% to 43.3%; total votes 390. | Question 2: Approve beat Disapprove, 337 to 78, 81.2% to 18.8%; total votes 415. | Question 3: Approve beat Disapprove, 307 to 102, 75.1% to 24.9%; total votes 409. | Question 4: Approve beat Disapprove, 334 to 76, 81.5% to 18.5%; total votes 410. | Question 5: Approve beat Disapprove, 292 to 105, 73.6% to 26.4%; total votes 397. | Question 6: Approve beat Disapprove, 205 to 195, 51.2% to 48.8%; total votes 400. | Dem Primary Mayor: Andrew M. Cuomo beat Zohran Kwame Mamdani, 170 to 58, 64.4% to 22.0%; total votes 264. | Dem Primary Public Advocate: Jumaane D. Williams beat Jenifer Rajkumar, 199 to 20, 86.1% to 8.7%; total votes 231. | Dem Primary Comptroller: Mark D. Levine beat Kevin S. Parker, 118 to 47, 53.2% to 21.2%; total votes 222.", "mayor_margin": 14.6, "q2_yes": 81.2, "q3_yes": 75.1, "q4_yes": 81.5}, "geometry": {"type": "MultiPolygon", "coordinates": [[[[-73.8407043, 40.8780279], [-73.8408403, 40.8778691], [-73.8414315, 40.8777627], [-73.8415512, 40.8778256], [-73.8415658, 40.8778049], [-73.8415835, 40.8777857], [-73.8416042, 40.8777682], [-73.8416275, 40.8777528], [-73.8416531, 40.8777396], [-73.8416806, 40.8777289], [-73.8417762, 40.877744], [-73.842221, 40.8775997], [-73.8426118, 40.8774693], [-73.8434512, 40.8772075], [-73.8442823, 40.8769319], [-73.8451105, 40.8766627], [-73.8460054, 40.8763803], [-73.8451141, 40.8747152], [-73.8457071, 40.8745311], [-73.8460523, 40.8744239], [-73.8464072, 40.8743137], [-73.8469235, 40.8741534], [-73.8477919, 40.8738804], [-73.84866, 40.8736115], [-73.8495312, 40.8733458], [-73.8487842, 40.8720068], [-73.8489375, 40.8717856], [-73.8498765, 40.8721019], [-73.8507898, 40.8723963], [-73.8510455, 40.87248], [-73.8516252, 40.8726592], [-73.8526575, 40.8729922], [-73.8536364, 40.8733006], [-73.8527803, 40.8739532], [-73.8521408, 40.8744446], [-73.8514325, 40.8749873], [-73.8506896, 40.8754867], [-73.8498844, 40.875875], [-73.8490288, 40.8761727], [-73.8481656, 40.8764518], [-73.8472987, 40.8767331], [-73.8463678, 40.8770347], [-73.8454608, 40.8773468], [-73.8447945, 40.8778821], [-73.8441008, 40.8784433], [-73.8434154, 40.8789891], [-73.8432411, 40.8791089], [-73.8423956, 40.8787504], [-73.8422824, 40.878702], [-73.8411405, 40.8782157], [-73.8409957, 40.8781534], [-73.8407043, 40.8780279]]]]}}, {"type": "Feature", "properties": {"felt:feature": 36, "ed_label": "AD 83 ED 011", "elect_dist": "83011", "borough": "Bronx", "community_board": 12, "community_board_label": "Bronx CB12", "popup_title": "Bronx CB12 \u2014 AD 83 ED 011", "general_mayor": "ZOHRAN KWAME MAMDANI beat ANDREW M. CUOMO, 305.7 to 165.6, 62.6% to 33.9%; total votes 488.1.", "general_mayor_winner": "Mamdani", "general_public_advocate": "JUMAANE D. WILLIAMS beat GONZALO DURAN, 429.9 to 27.6, 93.2% to 6.0%; total votes 461.4.", "general_public_advocate_winner": "Williams", "general_comptroller": "MARK D. LEVINE beat PETER KEFALAS, 401.3 to 24.6, 91.1% to 5.6%; total votes 440.7.", "general_comptroller_winner": "Levine", "question_1": "Disapprove beat Approve, 206.1 to 198.2, 51.0% to 49.0%; total votes 404.3.", "question_1_winner": "No-disapprove!", "question_2": "Approve beat Disapprove, 338.2 to 85.8, 79.8% to 20.2%; total votes 424.", "question_2_winner": "Yes-approve!", "question_3": "Approve beat Disapprove, 313.5 to 101.6, 75.5% to 24.5%; total votes 415.1.", "question_3_winner": "Yes-approve!", "question_4": "Approve beat Disapprove, 316.5 to 101.6, 75.7% to 24.3%; total votes 418.1.", "question_4_winner": "Yes-approve!", "question_5": "Approve beat Disapprove, 316.5 to 93.7, 77.2% to 22.8%; total votes 410.2.", "question_5_winner": "Yes-approve!", "question_6": "Approve beat Disapprove, 206.1 to 197.2, 51.1% to 48.9%; total votes 403.3.", "question_6_winner": "Yes-approve!", "dem_primary_mayor": "Andrew M. Cuomo beat Zohran Kwame Mamdani, 162.7 to 71, 61.3% to 26.8%; total votes 265.2.", "dem_primary_mayor_winner": "Cuomo", "dem_primary_public_advocate": "Jumaane D. Williams beat Jenifer Rajkumar, 203.1 to 22.7, 84.4% to 9.4%; total votes 240.6.", "dem_primary_public_advocate_winner": "Williams", "dem_primary_comptroller": "Mark D. Levine beat Kevin S. Parker, 108.5 to 51.3, 46.8% to 22.1%; total votes 231.7.", "dem_primary_comptroller_winner": "Levine", "popup_summary": "Mayor: ZOHRAN KWAME MAMDANI beat ANDREW M. CUOMO, 305.7 to 165.6, 62.6% to 33.9%; total votes 488.1. | Public Advocate: JUMAANE D. WILLIAMS beat GONZALO DURAN, 429.9 to 27.6, 93.2% to 6.0%; total votes 461.4. | City Comptroller: MARK D. LEVINE beat PETER KEFALAS, 401.3 to 24.6, 91.1% to 5.6%; total votes 440.7. | Question 1: Disapprove beat Approve, 206.1 to 198.2, 51.0% to 49.0%; total votes 404.3. | Question 2: Approve beat Disapprove, 338.2 to 85.8, 79.8% to 20.2%; total votes 424. | Question 3: Approve beat Disapprove, 313.5 to 101.6, 75.5% to 24.5%; total votes 415.1. | Question 4: Approve beat Disapprove, 316.5 to 101.6, 75.7% to 24.3%; total votes 418.1. | Question 5: Approve beat Disapprove, 316.5 to 93.7, 77.2% to 22.8%; total votes 410.2. | Question 6: Approve beat Disapprove, 206.1 to 197.2, 51.1% to 48.9%; total votes 403.3. | Dem Primary Mayor: Andrew M. Cuomo beat Zohran Kwame Mamdani, 162.7 to 71, 61.3% to 26.8%; total votes 265.2. | Dem Primary Public Advocate: Jumaane D. Williams beat Jenifer Rajkumar, 203.1 to 22.7, 84.4% to 9.4%; total votes 240.6. | Dem Primary Comptroller: Mark D. Levine beat Kevin S. Parker, 108.5 to 51.3, 46.8% to 22.1%; total votes 231.7.", "mayor_margin": 28.7, "q2_yes": 79.8, "q3_yes": 75.5, "q4_yes": 75.7}, "geometry": {"type": "MultiPolygon", "coordinates": [[[[-73.8580293, 40.8747043], [-73.8574423, 40.8745136], [-73.8565129, 40.8742178], [-73.8557705, 40.8739837], [-73.8555176, 40.873904], [-73.8545081, 40.8735809], [-73.8536364, 40.8733006], [-73.8545435, 40.8726044], [-73.8555491, 40.8718132], [-73.8560304, 40.8712335], [-73.8565019, 40.8705664], [-73.8566625, 40.8703612], [-73.8566628, 40.8695169], [-73.8574501, 40.8695325], [-73.8576079, 40.8695344], [-73.8585412, 40.8695509], [-73.8594836, 40.8695671], [-73.8594268, 40.8713007], [-73.8593746, 40.8730819], [-73.8603101, 40.8731014], [-73.861321, 40.8731234], [-73.8613051, 40.873673], [-73.8613109, 40.8740623], [-73.8610739, 40.8744715], [-73.8607043, 40.8751443], [-73.8605122, 40.875494], [-73.8589156, 40.8749849], [-73.8580293, 40.8747043]]]]}}, {"type": "Feature", "properties": {"felt:feature": 37, "ed_label": "AD 83 ED 012", "elect_dist": "83012", "borough": "Bronx", "community_board": 12, "community_board_label": "Bronx CB12", "popup_title": "Bronx CB12 \u2014 AD 83 ED 012", "general_mayor": "ZOHRAN KWAME MAMDANI beat ANDREW M. CUOMO, 204 to 134, 57.3% to 37.6%; total votes 356.", "general_mayor_winner": "Mamdani", "general_public_advocate": "JUMAANE D. WILLIAMS beat GONZALO DURAN, 294 to 26, 91.6% to 8.1%; total votes 321.", "general_public_advocate_winner": "Williams", "general_comptroller": "MARK D. LEVINE beat PETER KEFALAS, 281 to 24, 89.8% to 7.7%; total votes 313.", "general_comptroller_winner": "Levine", "question_1": "Disapprove beat Approve, 169 to 155, 52.2% to 47.8%; total votes 324.", "question_1_winner": "No-disapprove!", "question_2": "Approve beat Disapprove, 263 to 71, 78.7% to 21.3%; total votes 334.", "question_2_winner": "Yes-approve!", "question_3": "Approve beat Disapprove, 235 to 92, 71.9% to 28.1%; total votes 327.", "question_3_winner": "Yes-approve!", "question_4": "Approve beat Disapprove, 255 to 76, 77.0% to 23.0%; total votes 331.", "question_4_winner": "Yes-approve!", "question_5": "Approve beat Disapprove, 251 to 75, 77.0% to 23.0%; total votes 326.", "question_5_winner": "Yes-approve!", "question_6": "Disapprove beat Approve, 179 to 147, 54.9% to 45.1%; total votes 326.", "question_6_winner": "No-disapprove!", "dem_primary_mayor": "Andrew M. Cuomo beat Zohran Kwame Mamdani, 123 to 35, 68.3% to 19.4%; total votes 180.", "dem_primary_mayor_winner": "Cuomo", "dem_primary_public_advocate": "Jumaane D. Williams beat Jenifer Rajkumar, 133 to 23, 80.1% to 13.9%; total votes 166.", "dem_primary_public_advocate_winner": "Williams", "dem_primary_comptroller": "Mark D. Levine beat Kevin S. Parker, 80 to 38, 48.8% to 23.2%; total votes 164.", "dem_primary_comptroller_winner": "Levine", "popup_summary": "Mayor: ZOHRAN KWAME MAMDANI beat ANDREW M. CUOMO, 204 to 134, 57.3% to 37.6%; total votes 356. | Public Advocate: JUMAANE D. WILLIAMS beat GONZALO DURAN, 294 to 26, 91.6% to 8.1%; total votes 321. | City Comptroller: MARK D. LEVINE beat PETER KEFALAS, 281 to 24, 89.8% to 7.7%; total votes 313. | Question 1: Disapprove beat Approve, 169 to 155, 52.2% to 47.8%; total votes 324. | Question 2: Approve beat Disapprove, 263 to 71, 78.7% to 21.3%; total votes 334. | Question 3: Approve beat Disapprove, 235 to 92, 71.9% to 28.1%; total votes 327. | Question 4: Approve beat Disapprove, 255 to 76, 77.0% to 23.0%; total votes 331. | Question 5: Approve beat Disapprove, 251 to 75, 77.0% to 23.0%; total votes 326. | Question 6: Disapprove beat Approve, 179 to 147, 54.9% to 45.1%; total votes 326. | Dem Primary Mayor: Andrew M. Cuomo beat Zohran Kwame Mamdani, 123 to 35, 68.3% to 19.4%; total votes 180. | Dem Primary Public Advocate: Jumaane D. Williams beat Jenifer Rajkumar, 133 to 23, 80.1% to 13.9%; total votes 166. | Dem Primary Comptroller: Mark D. Levine beat Kevin S. Parker, 80 to 38, 48.8% to 23.2%; total votes 164.", "mayor_margin": 19.7, "q2_yes": 78.7, "q3_yes": 71.9, "q4_yes": 77.0}, "geometry": {"type": "MultiPolygon", "coordinates": [[[[-73.8594836, 40.8695671], [-73.860422, 40.869585], [-73.8614338, 40.8696035], [-73.8617945, 40.8696099], [-73.8617955, 40.8696099], [-73.8624475, 40.8696214], [-73.8633862, 40.8696408], [-73.863332, 40.8713752], [-73.8631824, 40.8721755], [-73.8613642, 40.8718189], [-73.861345, 40.8725249], [-73.8613312, 40.8728685], [-73.861321, 40.8731234], [-73.8603101, 40.8731014], [-73.8593746, 40.8730819], [-73.8594268, 40.8713007], [-73.8594836, 40.8695671]]]]}}, {"type": "Feature", "properties": {"felt:feature": 38, "ed_label": "AD 83 ED 013", "elect_dist": "83013", "borough": "Bronx", "community_board": 12, "community_board_label": "Bronx CB12", "popup_title": "Bronx CB12 \u2014 AD 83 ED 013", "general_mayor": "ZOHRAN KWAME MAMDANI beat ANDREW M. CUOMO, 215 to 118, 61.3% to 33.6%; total votes 351.", "general_mayor_winner": "Mamdani", "general_public_advocate": "JUMAANE D. WILLIAMS beat GONZALO DURAN, 285 to 41, 86.4% to 12.4%; total votes 330.", "general_public_advocate_winner": "Williams", "general_comptroller": "MARK D. LEVINE beat PETER KEFALAS, 265 to 40, 83.3% to 12.6%; total votes 318.", "general_comptroller_winner": "Levine", "question_1": "Approve beat Disapprove, 164 to 157, 51.1% to 48.9%; total votes 321.", "question_1_winner": "Yes-approve!", "question_2": "Approve beat Disapprove, 242 to 83, 74.5% to 25.5%; total votes 325.", "question_2_winner": "Yes-approve!", "question_3": "Approve beat Disapprove, 228 to 98, 69.9% to 30.1%; total votes 326.", "question_3_winner": "Yes-approve!", "question_4": "Approve beat Disapprove, 243 to 81, 75.0% to 25.0%; total votes 324.", "question_4_winner": "Yes-approve!", "question_5": "Approve beat Disapprove, 245 to 78, 75.9% to 24.1%; total votes 323.", "question_5_winner": "Yes-approve!", "question_6": "Approve beat Disapprove, 172 to 151, 53.3% to 46.7%; total votes 323.", "question_6_winner": "Yes-approve!", "dem_primary_mayor": "Andrew M. Cuomo beat Zohran Kwame Mamdani, 75 to 68, 44.9% to 40.7%; total votes 167.", "dem_primary_mayor_winner": "Cuomo", "dem_primary_public_advocate": "Jumaane D. Williams beat Jenifer Rajkumar, 125 to 20, 81.7% to 13.1%; total votes 153.", "dem_primary_public_advocate_winner": "Williams", "dem_primary_comptroller": "Mark D. Levine beat Ismael Malave Perez, 67 to 38, 44.4% to 25.2%; total votes 151.", "dem_primary_comptroller_winner": "Levine", "popup_summary": "Mayor: ZOHRAN KWAME MAMDANI beat ANDREW M. CUOMO, 215 to 118, 61.3% to 33.6%; total votes 351. | Public Advocate: JUMAANE D. WILLIAMS beat GONZALO DURAN, 285 to 41, 86.4% to 12.4%; total votes 330. | City Comptroller: MARK D. LEVINE beat PETER KEFALAS, 265 to 40, 83.3% to 12.6%; total votes 318. | Question 1: Approve beat Disapprove, 164 to 157, 51.1% to 48.9%; total votes 321. | Question 2: Approve beat Disapprove, 242 to 83, 74.5% to 25.5%; total votes 325. | Question 3: Approve beat Disapprove, 228 to 98, 69.9% to 30.1%; total votes 326. | Question 4: Approve beat Disapprove, 243 to 81, 75.0% to 25.0%; total votes 324. | Question 5: Approve beat Disapprove, 245 to 78, 75.9% to 24.1%; total votes 323. | Question 6: Approve beat Disapprove, 172 to 151, 53.3% to 46.7%; total votes 323. | Dem Primary Mayor: Andrew M. Cuomo beat Zohran Kwame Mamdani, 75 to 68, 44.9% to 40.7%; total votes 167. | Dem Primary Public Advocate: Jumaane D. Williams beat Jenifer Rajkumar, 125 to 20, 81.7% to 13.1%; total votes 153. | Dem Primary Comptroller: Mark D. Levine beat Ismael Malave Perez, 67 to 38, 44.4% to 25.2%; total votes 151.", "mayor_margin": 27.7, "q2_yes": 74.5, "q3_yes": 69.9, "q4_yes": 75.0}, "geometry": {"type": "MultiPolygon", "coordinates": [[[[-73.8670382, 40.875212], [-73.8669011, 40.8751676], [-73.8660392, 40.8750639], [-73.865943, 40.8750523], [-73.8658901, 40.8750456], [-73.8657459, 40.8750274], [-73.8656845, 40.8750196], [-73.8650685, 40.8749417], [-73.8649751, 40.8749299], [-73.8637116, 40.8747725], [-73.8626894, 40.8746548], [-73.8613957, 40.874508], [-73.8610739, 40.8744715], [-73.8613109, 40.8740623], [-73.8613051, 40.873673], [-73.861321, 40.8731234], [-73.8613312, 40.8728685], [-73.861345, 40.8725249], [-73.8613642, 40.8718189], [-73.8631824, 40.8721755], [-73.86362, 40.8722646], [-73.8638664, 40.8722976], [-73.8638942, 40.872397], [-73.8638942, 40.8723971], [-73.8638942, 40.8723971], [-73.8639427, 40.8724944], [-73.8639427, 40.8724944], [-73.8639428, 40.8724945], [-73.8640112, 40.8725859], [-73.8640113, 40.872586], [-73.8640114, 40.8725861], [-73.8640977, 40.8726683], [-73.8640979, 40.8726684], [-73.864098, 40.8726685], [-73.8641988, 40.8727387], [-73.8641989, 40.8727388], [-73.864199, 40.8727389], [-73.8643102, 40.8727954], [-73.8644613, 40.8728169], [-73.8644614, 40.872817], [-73.8646113, 40.8728533], [-73.8646114, 40.8728534], [-73.8647565, 40.8729046], [-73.864893, 40.8729699], [-73.8650174, 40.8730478], [-73.8650175, 40.8730479], [-73.8651268, 40.8731364], [-73.8651269, 40.8731365], [-73.865127, 40.8731366], [-73.8652194, 40.8732332], [-73.8652194, 40.8732332], [-73.8652195, 40.8732333], [-73.8652938, 40.8733355], [-73.8653567, 40.8733962], [-73.8653569, 40.8733963], [-73.865357, 40.8733964], [-73.8654419, 40.8734504], [-73.8654421, 40.8734506], [-73.8654424, 40.8734507], [-73.8655477, 40.8734919], [-73.8655479, 40.873492], [-73.8655481, 40.873492], [-73.8656683, 40.8735144], [-73.8656684, 40.8735145], [-73.8656686, 40.8735145], [-73.8657943, 40.8735144], [-73.8657944, 40.8735144], [-73.8659146, 40.873492], [-73.8659149, 40.8734919], [-73.8659152, 40.8734918], [-73.8660205, 40.8734506], [-73.8660207, 40.8734505], [-73.8660208, 40.8734504], [-73.8661058, 40.8733963], [-73.8661059, 40.8733962], [-73.866106, 40.8733961], [-73.866169, 40.8733354], [-73.8662975, 40.8732121], [-73.8670963, 40.8732127], [-73.8682075, 40.8732353], [-73.8681303, 40.8753045], [-73.8671868, 40.8752494], [-73.8670382, 40.875212]]]]}}, {"type": "Feature", "properties": {"felt:feature": 39, "ed_label": "AD 83 ED 014", "elect_dist": "83014", "borough": "Bronx", "community_board": 12, "community_board_label": "Bronx CB12", "popup_title": "Bronx CB12 \u2014 AD 83 ED 014", "general_mayor": "ZOHRAN KWAME MAMDANI beat ANDREW M. CUOMO, 155 to 149, 48.1% to 46.3%; total votes 322.", "general_mayor_winner": "Mamdani", "general_public_advocate": "JUMAANE D. WILLIAMS beat GONZALO DURAN, 257 to 39, 86.0% to 13.0%; total votes 299.", "general_public_advocate_winner": "Williams", "general_comptroller": "MARK D. LEVINE beat PETER KEFALAS, 230 to 23, 84.2% to 8.4%; total votes 273.", "general_comptroller_winner": "Levine", "question_1": "Approve beat Disapprove, 162 to 103, 61.1% to 38.9%; total votes 265.", "question_1_winner": "Yes-approve!", "question_2": "Approve beat Disapprove, 233 to 45, 83.8% to 16.2%; total votes 278.", "question_2_winner": "Yes-approve!", "question_3": "Approve beat Disapprove, 210 to 55, 79.2% to 20.8%; total votes 265.", "question_3_winner": "Yes-approve!", "question_4": "Approve beat Disapprove, 223 to 43, 83.8% to 16.2%; total votes 266.", "question_4_winner": "Yes-approve!", "question_5": "Approve beat Disapprove, 210 to 52, 80.2% to 19.8%; total votes 262.", "question_5_winner": "Yes-approve!", "question_6": "Approve beat Disapprove, 142 to 118, 54.6% to 45.4%; total votes 260.", "question_6_winner": "Yes-approve!", "dem_primary_mayor": "Andrew M. Cuomo beat Zohran Kwame Mamdani, 126 to 34, 70.8% to 19.1%; total votes 178.", "dem_primary_mayor_winner": "Cuomo", "dem_primary_public_advocate": "Jumaane D. Williams beat Jenifer Rajkumar, 131 to 18, 86.2% to 11.8%; total votes 152.", "dem_primary_public_advocate_winner": "Williams", "dem_primary_comptroller": "Mark D. Levine beat Justin Brannan, 70 to 25, 49.0% to 17.5%; total votes 143.", "dem_primary_comptroller_winner": "Levine", "popup_summary": "Mayor: ZOHRAN KWAME MAMDANI beat ANDREW M. CUOMO, 155 to 149, 48.1% to 46.3%; total votes 322. | Public Advocate: JUMAANE D. WILLIAMS beat GONZALO DURAN, 257 to 39, 86.0% to 13.0%; total votes 299. | City Comptroller: MARK D. LEVINE beat PETER KEFALAS, 230 to 23, 84.2% to 8.4%; total votes 273. | Question 1: Approve beat Disapprove, 162 to 103, 61.1% to 38.9%; total votes 265. | Question 2: Approve beat Disapprove, 233 to 45, 83.8% to 16.2%; total votes 278. | Question 3: Approve beat Disapprove, 210 to 55, 79.2% to 20.8%; total votes 265. | Question 4: Approve beat Disapprove, 223 to 43, 83.8% to 16.2%; total votes 266. | Question 5: Approve beat Disapprove, 210 to 52, 80.2% to 19.8%; total votes 262. | Question 6: Approve beat Disapprove, 142 to 118, 54.6% to 45.4%; total votes 260. | Dem Primary Mayor: Andrew M. Cuomo beat Zohran Kwame Mamdani, 126 to 34, 70.8% to 19.1%; total votes 178. | Dem Primary Public Advocate: Jumaane D. Williams beat Jenifer Rajkumar, 131 to 18, 86.2% to 11.8%; total votes 152. | Dem Primary Comptroller: Mark D. Levine beat Justin Brannan, 70 to 25, 49.0% to 17.5%; total votes 143.", "mayor_margin": 1.8, "q2_yes": 83.8, "q3_yes": 79.2, "q4_yes": 83.8}, "geometry": {"type": "MultiPolygon", "coordinates": [[[[-73.8647156, 40.8768347], [-73.8646202, 40.8768042], [-73.8642398, 40.8766834], [-73.8633797, 40.8764103], [-73.86213, 40.876011], [-73.8610435, 40.8756676], [-73.8605122, 40.875494], [-73.8607043, 40.8751443], [-73.8610739, 40.8744715], [-73.8613957, 40.874508], [-73.8626894, 40.8746548], [-73.8637116, 40.8747725], [-73.8649751, 40.8749299], [-73.8650685, 40.8749417], [-73.8656845, 40.8750196], [-73.8657459, 40.8750274], [-73.8658901, 40.8750456], [-73.865943, 40.8750523], [-73.8660392, 40.8750639], [-73.8669011, 40.8751676], [-73.8670382, 40.875212], [-73.8670741, 40.8752674], [-73.8670495, 40.8759762], [-73.8670382, 40.8761706], [-73.8670393, 40.8761908], [-73.8670421, 40.8762406], [-73.8670445, 40.8762837], [-73.867048, 40.8763473], [-73.867053, 40.8764376], [-73.8670642, 40.8766397], [-73.8670672, 40.8766936], [-73.8670921, 40.8771402], [-73.8668537, 40.8775015], [-73.8664891, 40.8773924], [-73.8663663, 40.877357], [-73.8662227, 40.8773156], [-73.8659193, 40.8772188], [-73.8658408, 40.8771938], [-73.8655049, 40.8770866], [-73.8650237, 40.8769322], [-73.8649633, 40.8769138], [-73.8648963, 40.8768924], [-73.8648319, 40.8768718], [-73.8647156, 40.8768347]]]]}}, {"type": "Feature", "properties": {"felt:feature": 40, "ed_label": "AD 83 ED 015", "elect_dist": "83015", "borough": "Bronx", "community_board": 12, "community_board_label": "Bronx CB12", "popup_title": "Bronx CB12 \u2014 AD 83 ED 015", "general_mayor": "ZOHRAN KWAME MAMDANI beat ANDREW M. CUOMO, 226 to 128, 59.8% to 33.9%; total votes 378.", "general_mayor_winner": "Mamdani", "general_public_advocate": "JUMAANE D. WILLIAMS beat GONZALO DURAN, 316 to 39, 88.8% to 11.0%; total votes 356.", "general_public_advocate_winner": "Williams", "general_comptroller": "MARK D. LEVINE beat PETER KEFALAS, 295 to 31, 86.8% to 9.1%; total votes 340.", "general_comptroller_winner": "Levine", "question_1": "Disapprove beat Approve, 164 to 160, 50.6% to 49.4%; total votes 324.", "question_1_winner": "No-disapprove!", "question_2": "Approve beat Disapprove, 249 to 80, 75.7% to 24.3%; total votes 329.", "question_2_winner": "Yes-approve!", "question_3": "Approve beat Disapprove, 224 to 100, 69.1% to 30.9%; total votes 324.", "question_3_winner": "Yes-approve!", "question_4": "Approve beat Disapprove, 246 to 77, 76.2% to 23.8%; total votes 323.", "question_4_winner": "Yes-approve!", "question_5": "Approve beat Disapprove, 257 to 64, 80.1% to 19.9%; total votes 321.", "question_5_winner": "Yes-approve!", "question_6": "Approve beat Disapprove, 185 to 137, 57.5% to 42.5%; total votes 322.", "question_6_winner": "Yes-approve!", "dem_primary_mayor": "Andrew M. Cuomo beat Zohran Kwame Mamdani, 124 to 58, 62.3% to 29.1%; total votes 199.", "dem_primary_mayor_winner": "Cuomo", "dem_primary_public_advocate": "Jumaane D. Williams beat Jenifer Rajkumar, 138 to 16, 80.7% to 9.4%; total votes 171.", "dem_primary_public_advocate_winner": "Williams", "dem_primary_comptroller": "Mark D. Levine beat Justin Brannan, 72 to 34, 42.1% to 19.9%; total votes 171.", "dem_primary_comptroller_winner": "Levine", "popup_summary": "Mayor: ZOHRAN KWAME MAMDANI beat ANDREW M. CUOMO, 226 to 128, 59.8% to 33.9%; total votes 378. | Public Advocate: JUMAANE D. WILLIAMS beat GONZALO DURAN, 316 to 39, 88.8% to 11.0%; total votes 356. | City Comptroller: MARK D. LEVINE beat PETER KEFALAS, 295 to 31, 86.8% to 9.1%; total votes 340. | Question 1: Disapprove beat Approve, 164 to 160, 50.6% to 49.4%; total votes 324. | Question 2: Approve beat Disapprove, 249 to 80, 75.7% to 24.3%; total votes 329. | Question 3: Approve beat Disapprove, 224 to 100, 69.1% to 30.9%; total votes 324. | Question 4: Approve beat Disapprove, 246 to 77, 76.2% to 23.8%; total votes 323. | Question 5: Approve beat Disapprove, 257 to 64, 80.1% to 19.9%; total votes 321. | Question 6: Approve beat Disapprove, 185 to 137, 57.5% to 42.5%; total votes 322. | Dem Primary Mayor: Andrew M. Cuomo beat Zohran Kwame Mamdani, 124 to 58, 62.3% to 29.1%; total votes 199. | Dem Primary Public Advocate: Jumaane D. Williams beat Jenifer Rajkumar, 138 to 16, 80.7% to 9.4%; total votes 171. | Dem Primary Comptroller: Mark D. Levine beat Justin Brannan, 72 to 34, 42.1% to 19.9%; total votes 171.", "mayor_margin": 25.9, "q2_yes": 75.7, "q3_yes": 69.1, "q4_yes": 76.2}, "geometry": {"type": "MultiPolygon", "coordinates": [[[[-73.8628034, 40.8835744], [-73.8631926, 40.8828811], [-73.8635932, 40.882164], [-73.8635587, 40.8820589], [-73.8639152, 40.8814241], [-73.8644572, 40.8805384], [-73.8648827, 40.8797727], [-73.8651085, 40.8793671], [-73.8651571, 40.8792855], [-73.865216, 40.8791817], [-73.8653496, 40.8792413], [-73.8654017, 40.8792617], [-73.8655407, 40.8793309], [-73.8664213, 40.8795871], [-73.8672656, 40.8798246], [-73.8681288, 40.8800666], [-73.8670526, 40.8822552], [-73.8660523, 40.884287], [-73.8656599, 40.8844878], [-73.8650803, 40.8842924], [-73.864253, 40.884029], [-73.8628034, 40.8835744]]]]}}, {"type": "Feature", "properties": {"felt:feature": 41, "ed_label": "AD 83 ED 016", "elect_dist": "83016", "borough": "Bronx", "community_board": 12, "community_board_label": "Bronx CB12", "popup_title": "Bronx CB12 \u2014 AD 83 ED 016", "general_mayor": "ZOHRAN KWAME MAMDANI beat ANDREW M. CUOMO, 197 to 182, 49.7% to 46.0%; total votes 396.", "general_mayor_winner": "Mamdani", "general_public_advocate": "JUMAANE D. WILLIAMS beat GONZALO DURAN, 347 to 20, 93.0% to 5.4%; total votes 373.", "general_public_advocate_winner": "Williams", "general_comptroller": "MARK D. LEVINE beat PETER KEFALAS, 333 to 17, 93.3% to 4.8%; total votes 357.", "general_comptroller_winner": "Levine", "question_1": "Approve beat Disapprove, 200 to 146, 57.8% to 42.2%; total votes 346.", "question_1_winner": "Yes-approve!", "question_2": "Approve beat Disapprove, 280 to 82, 77.3% to 22.7%; total votes 362.", "question_2_winner": "Yes-approve!", "question_3": "Approve beat Disapprove, 266 to 89, 74.9% to 25.1%; total votes 355.", "question_3_winner": "Yes-approve!", "question_4": "Approve beat Disapprove, 281 to 76, 78.7% to 21.3%; total votes 357.", "question_4_winner": "Yes-approve!", "question_5": "Approve beat Disapprove, 263 to 81, 76.5% to 23.5%; total votes 344.", "question_5_winner": "Yes-approve!", "question_6": "Approve beat Disapprove, 183 to 173, 51.4% to 48.6%; total votes 356.", "question_6_winner": "Yes-approve!", "dem_primary_mayor": "Andrew M. Cuomo beat Zohran Kwame Mamdani, 164 to 43, 68.0% to 17.8%; total votes 241.", "dem_primary_mayor_winner": "Cuomo", "dem_primary_public_advocate": "Jumaane D. Williams beat Marty Dolan, 187 to 16, 85.0% to 7.3%; total votes 220.", "dem_primary_public_advocate_winner": "Williams", "dem_primary_comptroller": "Mark D. Levine beat Justin Brannan, 110 to 42, 51.9% to 19.8%; total votes 212.", "dem_primary_comptroller_winner": "Levine", "popup_summary": "Mayor: ZOHRAN KWAME MAMDANI beat ANDREW M. CUOMO, 197 to 182, 49.7% to 46.0%; total votes 396. | Public Advocate: JUMAANE D. WILLIAMS beat GONZALO DURAN, 347 to 20, 93.0% to 5.4%; total votes 373. | City Comptroller: MARK D. LEVINE beat PETER KEFALAS, 333 to 17, 93.3% to 4.8%; total votes 357. | Question 1: Approve beat Disapprove, 200 to 146, 57.8% to 42.2%; total votes 346. | Question 2: Approve beat Disapprove, 280 to 82, 77.3% to 22.7%; total votes 362. | Question 3: Approve beat Disapprove, 266 to 89, 74.9% to 25.1%; total votes 355. | Question 4: Approve beat Disapprove, 281 to 76, 78.7% to 21.3%; total votes 357. | Question 5: Approve beat Disapprove, 263 to 81, 76.5% to 23.5%; total votes 344. | Question 6: Approve beat Disapprove, 183 to 173, 51.4% to 48.6%; total votes 356. | Dem Primary Mayor: Andrew M. Cuomo beat Zohran Kwame Mamdani, 164 to 43, 68.0% to 17.8%; total votes 241. | Dem Primary Public Advocate: Jumaane D. Williams beat Marty Dolan, 187 to 16, 85.0% to 7.3%; total votes 220. | Dem Primary Comptroller: Mark D. Levine beat Justin Brannan, 110 to 42, 51.9% to 19.8%; total votes 212.", "mayor_margin": 3.7, "q2_yes": 77.3, "q3_yes": 74.9, "q4_yes": 78.7}, "geometry": {"type": "MultiPolygon", "coordinates": [[[[-73.8616334, 40.8789794], [-73.8616302, 40.8784823], [-73.8616232, 40.8782533], [-73.8616488, 40.877546], [-73.8616304, 40.8768565], [-73.8612771, 40.8768574], [-73.8608702, 40.8768582], [-73.8597514, 40.8768604], [-73.8600772, 40.8762783], [-73.860328, 40.8758261], [-73.8605122, 40.875494], [-73.8610435, 40.8756676], [-73.86213, 40.876011], [-73.8633797, 40.8764103], [-73.8642398, 40.8766834], [-73.8646202, 40.8768042], [-73.8647156, 40.8768347], [-73.8644232, 40.8775249], [-73.8641521, 40.8781607], [-73.8638689, 40.878808], [-73.8635869, 40.8794593], [-73.8616334, 40.8789794]]]]}}, {"type": "Feature", "properties": {"felt:feature": 42, "ed_label": "AD 83 ED 017", "elect_dist": "83017", "borough": "Bronx", "community_board": 12, "community_board_label": "Bronx CB12", "popup_title": "Bronx CB12 \u2014 AD 83 ED 017", "general_mayor": "ZOHRAN KWAME MAMDANI beat ANDREW M. CUOMO, 260 to 201, 53.5% to 41.4%; total votes 486.", "general_mayor_winner": "Mamdani", "general_public_advocate": "JUMAANE D. WILLIAMS beat GONZALO DURAN, 420 to 36, 91.3% to 7.8%; total votes 460.", "general_public_advocate_winner": "Williams", "general_comptroller": "MARK D. LEVINE beat PETER KEFALAS, 399 to 29, 91.3% to 6.6%; total votes 437.", "general_comptroller_winner": "Levine", "question_1": "Approve beat Disapprove, 204 to 201, 50.4% to 49.6%; total votes 405.", "question_1_winner": "Yes-approve!", "question_2": "Approve beat Disapprove, 321 to 100, 76.2% to 23.8%; total votes 421.", "question_2_winner": "Yes-approve!", "question_3": "Approve beat Disapprove, 286 to 131, 68.6% to 31.4%; total votes 417.", "question_3_winner": "Yes-approve!", "question_4": "Approve beat Disapprove, 308 to 112, 73.3% to 26.7%; total votes 420.", "question_4_winner": "Yes-approve!", "question_5": "Approve beat Disapprove, 284 to 132, 68.3% to 31.7%; total votes 416.", "question_5_winner": "Yes-approve!", "question_6": "Approve beat Disapprove, 211 to 198, 51.6% to 48.4%; total votes 409.", "question_6_winner": "Yes-approve!", "dem_primary_mayor": "Andrew M. Cuomo beat Zohran Kwame Mamdani, 187 to 64, 65.8% to 22.5%; total votes 284.", "dem_primary_mayor_winner": "Cuomo", "dem_primary_public_advocate": "Jumaane D. Williams beat Jenifer Rajkumar, 221 to 27, 83.7% to 10.2%; total votes 264.", "dem_primary_public_advocate_winner": "Williams", "dem_primary_comptroller": "Mark D. Levine beat Kevin S. Parker, 116 to 64, 46.6% to 25.7%; total votes 249.", "dem_primary_comptroller_winner": "Levine", "popup_summary": "Mayor: ZOHRAN KWAME MAMDANI beat ANDREW M. CUOMO, 260 to 201, 53.5% to 41.4%; total votes 486. | Public Advocate: JUMAANE D. WILLIAMS beat GONZALO DURAN, 420 to 36, 91.3% to 7.8%; total votes 460. | City Comptroller: MARK D. LEVINE beat PETER KEFALAS, 399 to 29, 91.3% to 6.6%; total votes 437. | Question 1: Approve beat Disapprove, 204 to 201, 50.4% to 49.6%; total votes 405. | Question 2: Approve beat Disapprove, 321 to 100, 76.2% to 23.8%; total votes 421. | Question 3: Approve beat Disapprove, 286 to 131, 68.6% to 31.4%; total votes 417. | Question 4: Approve beat Disapprove, 308 to 112, 73.3% to 26.7%; total votes 420. | Question 5: Approve beat Disapprove, 284 to 132, 68.3% to 31.7%; total votes 416. | Question 6: Approve beat Disapprove, 211 to 198, 51.6% to 48.4%; total votes 409. | Dem Primary Mayor: Andrew M. Cuomo beat Zohran Kwame Mamdani, 187 to 64, 65.8% to 22.5%; total votes 284. | Dem Primary Public Advocate: Jumaane D. Williams beat Jenifer Rajkumar, 221 to 27, 83.7% to 10.2%; total votes 264. | Dem Primary Comptroller: Mark D. Levine beat Kevin S. Parker, 116 to 64, 46.6% to 25.7%; total votes 249.", "mayor_margin": 12.1, "q2_yes": 76.2, "q3_yes": 68.6, "q4_yes": 73.3}, "geometry": {"type": "MultiPolygon", "coordinates": [[[[-73.8589238, 40.8783664], [-73.8564301, 40.8775721], [-73.8567822, 40.8769263], [-73.8568769, 40.876766], [-73.8571833, 40.8761963], [-73.857577, 40.8754827], [-73.8580293, 40.8747043], [-73.8589156, 40.8749849], [-73.8605122, 40.875494], [-73.860328, 40.8758261], [-73.8600772, 40.8762783], [-73.8597514, 40.8768604], [-73.8608702, 40.8768582], [-73.8612771, 40.8768574], [-73.8616304, 40.8768565], [-73.8616488, 40.877546], [-73.8616232, 40.8782533], [-73.8616302, 40.8784823], [-73.8616334, 40.8789794], [-73.8615834, 40.8791954], [-73.8589238, 40.8783664]]]]}}, {"type": "Feature", "properties": {"felt:feature": 43, "ed_label": "AD 83 ED 018", "elect_dist": "83018", "borough": "Bronx", "community_board": 12, "community_board_label": "Bronx CB12", "popup_title": "Bronx CB12 \u2014 AD 83 ED 018", "general_mayor": "ZOHRAN KWAME MAMDANI beat ANDREW M. CUOMO, 161 to 114, 56.1% to 39.7%; total votes 287.", "general_mayor_winner": "Mamdani", "general_public_advocate": "JUMAANE D. WILLIAMS beat GONZALO DURAN, 243 to 20, 91.7% to 7.5%; total votes 265.", "general_public_advocate_winner": "Williams", "general_comptroller": "MARK D. LEVINE beat PETER KEFALAS, 228 to 15, 89.8% to 5.9%; total votes 254.", "general_comptroller_winner": "Levine", "question_1": "Disapprove beat Approve, 130 to 127, 50.6% to 49.4%; total votes 257.", "question_1_winner": "No-disapprove!", "question_2": "Approve beat Disapprove, 201 to 69, 74.4% to 25.6%; total votes 270.", "question_2_winner": "Yes-approve!", "question_3": "Approve beat Disapprove, 189 to 73, 72.1% to 27.9%; total votes 262.", "question_3_winner": "Yes-approve!", "question_4": "Approve beat Disapprove, 204 to 57, 78.2% to 21.8%; total votes 261.", "question_4_winner": "Yes-approve!", "question_5": "Approve beat Disapprove, 190 to 68, 73.6% to 26.4%; total votes 258.", "question_5_winner": "Yes-approve!", "question_6": "Disapprove beat Approve, 141 to 116, 54.9% to 45.1%; total votes 257.", "question_6_winner": "No-disapprove!", "dem_primary_mayor": "Andrew M. Cuomo beat Zohran Kwame Mamdani, 85 to 46, 53.5% to 28.9%; total votes 159.", "dem_primary_mayor_winner": "Cuomo", "dem_primary_public_advocate": "Jumaane D. Williams beat Jenifer Rajkumar, 123 to 20, 82.0% to 13.3%; total votes 150.", "dem_primary_public_advocate_winner": "Williams", "dem_primary_comptroller": "Mark D. Levine beat Justin Brannan, 72 to 27, 50.7% to 19.0%; total votes 142.", "dem_primary_comptroller_winner": "Levine", "popup_summary": "Mayor: ZOHRAN KWAME MAMDANI beat ANDREW M. CUOMO, 161 to 114, 56.1% to 39.7%; total votes 287. | Public Advocate: JUMAANE D. WILLIAMS beat GONZALO DURAN, 243 to 20, 91.7% to 7.5%; total votes 265. | City Comptroller: MARK D. LEVINE beat PETER KEFALAS, 228 to 15, 89.8% to 5.9%; total votes 254. | Question 1: Disapprove beat Approve, 130 to 127, 50.6% to 49.4%; total votes 257. | Question 2: Approve beat Disapprove, 201 to 69, 74.4% to 25.6%; total votes 270. | Question 3: Approve beat Disapprove, 189 to 73, 72.1% to 27.9%; total votes 262. | Question 4: Approve beat Disapprove, 204 to 57, 78.2% to 21.8%; total votes 261. | Question 5: Approve beat Disapprove, 190 to 68, 73.6% to 26.4%; total votes 258. | Question 6: Disapprove beat Approve, 141 to 116, 54.9% to 45.1%; total votes 257. | Dem Primary Mayor: Andrew M. Cuomo beat Zohran Kwame Mamdani, 85 to 46, 53.5% to 28.9%; total votes 159. | Dem Primary Public Advocate: Jumaane D. Williams beat Jenifer Rajkumar, 123 to 20, 82.0% to 13.3%; total votes 150. | Dem Primary Comptroller: Mark D. Levine beat Justin Brannan, 72 to 27, 50.7% to 19.0%; total votes 142.", "mayor_margin": 16.4, "q2_yes": 74.4, "q3_yes": 72.1, "q4_yes": 78.2}, "geometry": {"type": "MultiPolygon", "coordinates": [[[[-73.8648827, 40.8797727], [-73.8635869, 40.8794593], [-73.8638689, 40.878808], [-73.8641521, 40.8781607], [-73.8644232, 40.8775249], [-73.8647156, 40.8768347], [-73.8648319, 40.8768718], [-73.8648963, 40.8768924], [-73.8649633, 40.8769138], [-73.8650237, 40.8769322], [-73.8655049, 40.8770866], [-73.8658408, 40.8771938], [-73.8659193, 40.8772188], [-73.8662227, 40.8773156], [-73.8663663, 40.877357], [-73.8664891, 40.8773924], [-73.8668537, 40.8775015], [-73.8670608, 40.877558], [-73.8673752, 40.8776344], [-73.867654, 40.8777022], [-73.8681188, 40.8778144], [-73.8683653, 40.877873], [-73.8684361, 40.8778898], [-73.8684935, 40.8779034], [-73.868552, 40.8779173], [-73.8686044, 40.8779298], [-73.8692548, 40.8780861], [-73.8693615, 40.8781117], [-73.8694345, 40.8781291], [-73.8694054, 40.8781894], [-73.8693725, 40.8782486], [-73.8693359, 40.8783066], [-73.8692958, 40.8783631], [-73.8692673, 40.8783944], [-73.869237, 40.8784247], [-73.8691862, 40.8784661], [-73.8691285, 40.8785189], [-73.8690741, 40.8785792], [-73.8689438, 40.8785919], [-73.8687437, 40.8788232], [-73.8681288, 40.8800666], [-73.8672656, 40.8798246], [-73.8664213, 40.8795871], [-73.8655407, 40.8793309], [-73.8654017, 40.8792617], [-73.8653496, 40.8792413], [-73.865216, 40.8791817], [-73.8651571, 40.8792855], [-73.8651085, 40.8793671], [-73.8648827, 40.8797727]]]]}}, {"type": "Feature", "properties": {"felt:feature": 44, "ed_label": "AD 83 ED 019", "elect_dist": "83019", "borough": "Bronx", "community_board": 12, "community_board_label": "Bronx CB12", "popup_title": "Bronx CB12 \u2014 AD 83 ED 019", "general_mayor": "ZOHRAN KWAME MAMDANI beat ANDREW M. CUOMO, 191 to 146, 54.6% to 41.7%; total votes 350.", "general_mayor_winner": "Mamdani", "general_public_advocate": "JUMAANE D. WILLIAMS beat GONZALO DURAN, 309 to 27, 92.0% to 8.0%; total votes 336.", "general_public_advocate_winner": "Williams", "general_comptroller": "MARK D. LEVINE beat PETER KEFALAS, 295 to 23, 90.8% to 7.1%; total votes 325.", "general_comptroller_winner": "Levine", "question_1": "Approve beat Disapprove, 168 to 123, 57.7% to 42.3%; total votes 291.", "question_1_winner": "Yes-approve!", "question_2": "Approve beat Disapprove, 238 to 63, 79.1% to 20.9%; total votes 301.", "question_2_winner": "Yes-approve!", "question_3": "Approve beat Disapprove, 215 to 79, 73.1% to 26.9%; total votes 294.", "question_3_winner": "Yes-approve!", "question_4": "Approve beat Disapprove, 234 to 65, 78.3% to 21.7%; total votes 299.", "question_4_winner": "Yes-approve!", "question_5": "Approve beat Disapprove, 223 to 70, 76.1% to 23.9%; total votes 293.", "question_5_winner": "Yes-approve!", "question_6": "Approve beat Disapprove, 173 to 120, 59.0% to 41.0%; total votes 293.", "question_6_winner": "Yes-approve!", "dem_primary_mayor": "Andrew M. Cuomo beat Zohran Kwame Mamdani, 111 to 53, 60.7% to 29.0%; total votes 183.", "dem_primary_mayor_winner": "Cuomo", "dem_primary_public_advocate": "Jumaane D. Williams beat Jenifer Rajkumar, 137 to 23, 81.1% to 13.6%; total votes 169.", "dem_primary_public_advocate_winner": "Williams", "dem_primary_comptroller": "Mark D. Levine beat Kevin S. Parker, 74 to 34, 44.0% to 20.2%; total votes 168.", "dem_primary_comptroller_winner": "Levine", "popup_summary": "Mayor: ZOHRAN KWAME MAMDANI beat ANDREW M. CUOMO, 191 to 146, 54.6% to 41.7%; total votes 350. | Public Advocate: JUMAANE D. WILLIAMS beat GONZALO DURAN, 309 to 27, 92.0% to 8.0%; total votes 336. | City Comptroller: MARK D. LEVINE beat PETER KEFALAS, 295 to 23, 90.8% to 7.1%; total votes 325. | Question 1: Approve beat Disapprove, 168 to 123, 57.7% to 42.3%; total votes 291. | Question 2: Approve beat Disapprove, 238 to 63, 79.1% to 20.9%; total votes 301. | Question 3: Approve beat Disapprove, 215 to 79, 73.1% to 26.9%; total votes 294. | Question 4: Approve beat Disapprove, 234 to 65, 78.3% to 21.7%; total votes 299. | Question 5: Approve beat Disapprove, 223 to 70, 76.1% to 23.9%; total votes 293. | Question 6: Approve beat Disapprove, 173 to 120, 59.0% to 41.0%; total votes 293. | Dem Primary Mayor: Andrew M. Cuomo beat Zohran Kwame Mamdani, 111 to 53, 60.7% to 29.0%; total votes 183. | Dem Primary Public Advocate: Jumaane D. Williams beat Jenifer Rajkumar, 137 to 23, 81.1% to 13.6%; total votes 169. | Dem Primary Comptroller: Mark D. Levine beat Kevin S. Parker, 74 to 34, 44.0% to 20.2%; total votes 168.", "mayor_margin": 12.9, "q2_yes": 79.1, "q3_yes": 73.1, "q4_yes": 78.3}, "geometry": {"type": "MultiPolygon", "coordinates": [[[[-73.8589238, 40.8783664], [-73.8615834, 40.8791954], [-73.8616334, 40.8789794], [-73.8635869, 40.8794593], [-73.8648827, 40.8797727], [-73.8644572, 40.8805384], [-73.8639152, 40.8814241], [-73.8635587, 40.8820589], [-73.8635932, 40.882164], [-73.8631926, 40.8828811], [-73.8603284, 40.8819598], [-73.8607011, 40.8812492], [-73.8578342, 40.8803351], [-73.8582282, 40.8796389], [-73.8585731, 40.8789994], [-73.8586147, 40.8789241], [-73.8589238, 40.8783664]]]]}}, {"type": "Feature", "properties": {"felt:feature": 45, "ed_label": "AD 83 ED 020", "elect_dist": "83020", "borough": "Bronx", "community_board": 12, "community_board_label": "Bronx CB12", "popup_title": "Bronx CB12 \u2014 AD 83 ED 020", "general_mayor": "ZOHRAN KWAME MAMDANI beat ANDREW M. CUOMO, 271 to 167, 60.5% to 37.3%; total votes 448.", "general_mayor_winner": "Mamdani", "general_public_advocate": "JUMAANE D. WILLIAMS beat GONZALO DURAN, 391 to 22, 94.7% to 5.3%; total votes 413.", "general_public_advocate_winner": "Williams", "general_comptroller": "MARK D. LEVINE beat PETER KEFALAS, 370 to 21, 92.5% to 5.2%; total votes 400.", "general_comptroller_winner": "Levine", "question_1": "Approve beat Disapprove, 221 to 156, 58.6% to 41.4%; total votes 377.", "question_1_winner": "Yes-approve!", "question_2": "Approve beat Disapprove, 320 to 77, 80.6% to 19.4%; total votes 397.", "question_2_winner": "Yes-approve!", "question_3": "Approve beat Disapprove, 291 to 100, 74.4% to 25.6%; total votes 391.", "question_3_winner": "Yes-approve!", "question_4": "Approve beat Disapprove, 328 to 68, 82.8% to 17.2%; total votes 396.", "question_4_winner": "Yes-approve!", "question_5": "Approve beat Disapprove, 299 to 86, 77.7% to 22.3%; total votes 385.", "question_5_winner": "Yes-approve!", "question_6": "Approve beat Disapprove, 197 to 186, 51.4% to 48.6%; total votes 383.", "question_6_winner": "Yes-approve!", "dem_primary_mayor": "Andrew M. Cuomo beat Zohran Kwame Mamdani, 173 to 62, 67.6% to 24.2%; total votes 256.", "dem_primary_mayor_winner": "Cuomo", "dem_primary_public_advocate": "Jumaane D. Williams beat Jenifer Rajkumar, 198 to 21, 87.6% to 9.3%; total votes 226.", "dem_primary_public_advocate_winner": "Williams", "dem_primary_comptroller": "Mark D. Levine beat Justin Brannan, 106 to 55, 45.9% to 23.8%; total votes 231.", "dem_primary_comptroller_winner": "Levine", "popup_summary": "Mayor: ZOHRAN KWAME MAMDANI beat ANDREW M. CUOMO, 271 to 167, 60.5% to 37.3%; total votes 448. | Public Advocate: JUMAANE D. WILLIAMS beat GONZALO DURAN, 391 to 22, 94.7% to 5.3%; total votes 413. | City Comptroller: MARK D. LEVINE beat PETER KEFALAS, 370 to 21, 92.5% to 5.2%; total votes 400. | Question 1: Approve beat Disapprove, 221 to 156, 58.6% to 41.4%; total votes 377. | Question 2: Approve beat Disapprove, 320 to 77, 80.6% to 19.4%; total votes 397. | Question 3: Approve beat Disapprove, 291 to 100, 74.4% to 25.6%; total votes 391. | Question 4: Approve beat Disapprove, 328 to 68, 82.8% to 17.2%; total votes 396. | Question 5: Approve beat Disapprove, 299 to 86, 77.7% to 22.3%; total votes 385. | Question 6: Approve beat Disapprove, 197 to 186, 51.4% to 48.6%; total votes 383. | Dem Primary Mayor: Andrew M. Cuomo beat Zohran Kwame Mamdani, 173 to 62, 67.6% to 24.2%; total votes 256. | Dem Primary Public Advocate: Jumaane D. Williams beat Jenifer Rajkumar, 198 to 21, 87.6% to 9.3%; total votes 226. | Dem Primary Comptroller: Mark D. Levine beat Justin Brannan, 106 to 55, 45.9% to 23.8%; total votes 231.", "mayor_margin": 23.2, "q2_yes": 80.6, "q3_yes": 74.4, "q4_yes": 82.8}, "geometry": {"type": "MultiPolygon", "coordinates": [[[[-73.8599411, 40.8826643], [-73.8570565, 40.8817452], [-73.854554, 40.8809469], [-73.8549369, 40.880245], [-73.855336, 40.879541], [-73.8557188, 40.8788506], [-73.8560782, 40.8782104], [-73.8564301, 40.8775721], [-73.8589238, 40.8783664], [-73.8586147, 40.8789241], [-73.8585731, 40.8789994], [-73.8582282, 40.8796389], [-73.8578342, 40.8803351], [-73.8607011, 40.8812492], [-73.8603284, 40.8819598], [-73.8631926, 40.8828811], [-73.8628034, 40.8835744], [-73.8599411, 40.8826643]]]]}}, {"type": "Feature", "properties": {"felt:feature": 46, "ed_label": "AD 83 ED 021", "elect_dist": "83021", "borough": "Bronx", "community_board": 12, "community_board_label": "Bronx CB12", "popup_title": "Bronx CB12 \u2014 AD 83 ED 021", "general_mayor": "ZOHRAN KWAME MAMDANI beat ANDREW M. CUOMO, 274 to 167, 60.5% to 36.9%; total votes 453.", "general_mayor_winner": "Mamdani", "general_public_advocate": "JUMAANE D. WILLIAMS beat GONZALO DURAN, 401 to 19, 94.8% to 4.5%; total votes 423.", "general_public_advocate_winner": "Williams", "general_comptroller": "MARK D. LEVINE beat PETER KEFALAS, 379 to 22, 93.1% to 5.4%; total votes 407.", "general_comptroller_winner": "Levine", "question_1": "Approve beat Disapprove, 206 to 191, 51.9% to 48.1%; total votes 397.", "question_1_winner": "Yes-approve!", "question_2": "Approve beat Disapprove, 345 to 72, 82.7% to 17.3%; total votes 417.", "question_2_winner": "Yes-approve!", "question_3": "Approve beat Disapprove, 310 to 104, 74.9% to 25.1%; total votes 414.", "question_3_winner": "Yes-approve!", "question_4": "Approve beat Disapprove, 325 to 81, 80.0% to 20.0%; total votes 406.", "question_4_winner": "Yes-approve!", "question_5": "Approve beat Disapprove, 306 to 98, 75.7% to 24.3%; total votes 404.", "question_5_winner": "Yes-approve!", "question_6": "Approve beat Disapprove, 204 to 197, 50.9% to 49.1%; total votes 401.", "question_6_winner": "Yes-approve!", "dem_primary_mayor": "Andrew M. Cuomo beat Zohran Kwame Mamdani, 142 to 69, 60.4% to 29.4%; total votes 235.", "dem_primary_mayor_winner": "Cuomo", "dem_primary_public_advocate": "Jumaane D. Williams beat Jenifer Rajkumar, 191 to 13, 89.7% to 6.1%; total votes 213.", "dem_primary_public_advocate_winner": "Williams", "dem_primary_comptroller": "Mark D. Levine beat Kevin S. Parker, 116 to 42, 57.1% to 20.7%; total votes 203.", "dem_primary_comptroller_winner": "Levine", "popup_summary": "Mayor: ZOHRAN KWAME MAMDANI beat ANDREW M. CUOMO, 274 to 167, 60.5% to 36.9%; total votes 453. | Public Advocate: JUMAANE D. WILLIAMS beat GONZALO DURAN, 401 to 19, 94.8% to 4.5%; total votes 423. | City Comptroller: MARK D. LEVINE beat PETER KEFALAS, 379 to 22, 93.1% to 5.4%; total votes 407. | Question 1: Approve beat Disapprove, 206 to 191, 51.9% to 48.1%; total votes 397. | Question 2: Approve beat Disapprove, 345 to 72, 82.7% to 17.3%; total votes 417. | Question 3: Approve beat Disapprove, 310 to 104, 74.9% to 25.1%; total votes 414. | Question 4: Approve beat Disapprove, 325 to 81, 80.0% to 20.0%; total votes 406. | Question 5: Approve beat Disapprove, 306 to 98, 75.7% to 24.3%; total votes 404. | Question 6: Approve beat Disapprove, 204 to 197, 50.9% to 49.1%; total votes 401. | Dem Primary Mayor: Andrew M. Cuomo beat Zohran Kwame Mamdani, 142 to 69, 60.4% to 29.4%; total votes 235. | Dem Primary Public Advocate: Jumaane D. Williams beat Jenifer Rajkumar, 191 to 13, 89.7% to 6.1%; total votes 213. | Dem Primary Comptroller: Mark D. Levine beat Kevin S. Parker, 116 to 42, 57.1% to 20.7%; total votes 203.", "mayor_margin": 23.6, "q2_yes": 82.7, "q3_yes": 74.9, "q4_yes": 80.0}, "geometry": {"type": "MultiPolygon", "coordinates": [[[[-73.85261, 40.8778554], [-73.8521122, 40.8772979], [-73.8517224, 40.8768434], [-73.8509319, 40.87583], [-73.8506896, 40.8754867], [-73.8514325, 40.8749873], [-73.8521408, 40.8744446], [-73.8527803, 40.8739532], [-73.8536364, 40.8733006], [-73.8545081, 40.8735809], [-73.8555176, 40.873904], [-73.8557705, 40.8739837], [-73.8565129, 40.8742178], [-73.8574423, 40.8745136], [-73.8580293, 40.8747043], [-73.857577, 40.8754827], [-73.8571833, 40.8761963], [-73.8568769, 40.876766], [-73.8567822, 40.8769263], [-73.8564301, 40.8775721], [-73.8560782, 40.8782104], [-73.8557188, 40.8788506], [-73.8533835, 40.8781033], [-73.85261, 40.8778554]]]]}}, {"type": "Feature", "properties": {"felt:feature": 47, "ed_label": "AD 83 ED 022", "elect_dist": "83022", "borough": "Bronx", "community_board": 12, "community_board_label": "Bronx CB12", "popup_title": "Bronx CB12 \u2014 AD 83 ED 022", "general_mayor": "ZOHRAN KWAME MAMDANI beat ANDREW M. CUOMO, 246 to 213, 51.9% to 44.9%; total votes 474.", "general_mayor_winner": "Mamdani", "general_public_advocate": "JUMAANE D. WILLIAMS beat GONZALO DURAN, 412 to 19, 95.4% to 4.4%; total votes 432.", "general_public_advocate_winner": "Williams", "general_comptroller": "MARK D. LEVINE beat PETER KEFALAS, 381 to 19, 92.9% to 4.6%; total votes 410.", "general_comptroller_winner": "Levine", "question_1": "Approve beat Disapprove, 220 to 168, 56.7% to 43.3%; total votes 388.", "question_1_winner": "Yes-approve!", "question_2": "Approve beat Disapprove, 346 to 59, 85.4% to 14.6%; total votes 405.", "question_2_winner": "Yes-approve!", "question_3": "Approve beat Disapprove, 309 to 80, 79.4% to 20.6%; total votes 389.", "question_3_winner": "Yes-approve!", "question_4": "Approve beat Disapprove, 325 to 73, 81.7% to 18.3%; total votes 398.", "question_4_winner": "Yes-approve!", "question_5": "Approve beat Disapprove, 310 to 80, 79.5% to 20.5%; total votes 390.", "question_5_winner": "Yes-approve!", "question_6": "Approve beat Disapprove, 219 to 170, 56.3% to 43.7%; total votes 389.", "question_6_winner": "Yes-approve!", "dem_primary_mayor": "Andrew M. Cuomo beat Zohran Kwame Mamdani, 217 to 56, 71.6% to 18.5%; total votes 303.", "dem_primary_mayor_winner": "Cuomo", "dem_primary_public_advocate": "Jumaane D. Williams beat Jenifer Rajkumar, 232 to 28, 85.3% to 10.3%; total votes 272.", "dem_primary_public_advocate_winner": "Williams", "dem_primary_comptroller": "Mark D. Levine beat Kevin S. Parker, 148 to 47, 56.7% to 18.0%; total votes 261.", "dem_primary_comptroller_winner": "Levine", "popup_summary": "Mayor: ZOHRAN KWAME MAMDANI beat ANDREW M. CUOMO, 246 to 213, 51.9% to 44.9%; total votes 474. | Public Advocate: JUMAANE D. WILLIAMS beat GONZALO DURAN, 412 to 19, 95.4% to 4.4%; total votes 432. | City Comptroller: MARK D. LEVINE beat PETER KEFALAS, 381 to 19, 92.9% to 4.6%; total votes 410. | Question 1: Approve beat Disapprove, 220 to 168, 56.7% to 43.3%; total votes 388. | Question 2: Approve beat Disapprove, 346 to 59, 85.4% to 14.6%; total votes 405. | Question 3: Approve beat Disapprove, 309 to 80, 79.4% to 20.6%; total votes 389. | Question 4: Approve beat Disapprove, 325 to 73, 81.7% to 18.3%; total votes 398. | Question 5: Approve beat Disapprove, 310 to 80, 79.5% to 20.5%; total votes 390. | Question 6: Approve beat Disapprove, 219 to 170, 56.3% to 43.7%; total votes 389. | Dem Primary Mayor: Andrew M. Cuomo beat Zohran Kwame Mamdani, 217 to 56, 71.6% to 18.5%; total votes 303. | Dem Primary Public Advocate: Jumaane D. Williams beat Jenifer Rajkumar, 232 to 28, 85.3% to 10.3%; total votes 272. | Dem Primary Comptroller: Mark D. Levine beat Kevin S. Parker, 148 to 47, 56.7% to 18.0%; total votes 261.", "mayor_margin": 7.0, "q2_yes": 85.4, "q3_yes": 79.4, "q4_yes": 81.7}, "geometry": {"type": "MultiPolygon", "coordinates": [[[[-73.8486201, 40.8790342], [-73.8483628, 40.8787206], [-73.8472987, 40.8767331], [-73.8481656, 40.8764518], [-73.8490288, 40.8761727], [-73.8498844, 40.875875], [-73.8506896, 40.8754867], [-73.8509319, 40.87583], [-73.8517224, 40.8768434], [-73.8521122, 40.8772979], [-73.85261, 40.8778554], [-73.8513837, 40.8784762], [-73.8499402, 40.8791904], [-73.8497928, 40.8789928], [-73.8497926, 40.8789925], [-73.8497923, 40.8789922], [-73.8496324, 40.8788002], [-73.8494603, 40.878614], [-73.8486201, 40.8790342]]]]}}, {"type": "Feature", "properties": {"felt:feature": 48, "ed_label": "AD 83 ED 023", "elect_dist": "83023", "borough": "Bronx", "community_board": 12, "community_board_label": "Bronx CB12", "popup_title": "Bronx CB12 \u2014 AD 83 ED 023", "general_mayor": "ZOHRAN KWAME MAMDANI beat ANDREW M. CUOMO, 250 to 164, 58.8% to 38.6%; total votes 425.", "general_mayor_winner": "Mamdani", "general_public_advocate": "JUMAANE D. WILLIAMS beat GONZALO DURAN, 376 to 20, 94.2% to 5.0%; total votes 399.", "general_public_advocate_winner": "Williams", "general_comptroller": "MARK D. LEVINE beat PETER KEFALAS, 348 to 17, 92.8% to 4.5%; total votes 375.", "general_comptroller_winner": "Levine", "question_1": "Approve beat Disapprove, 179 to 157, 53.3% to 46.7%; total votes 336.", "question_1_winner": "Yes-approve!", "question_2": "Approve beat Disapprove, 275 to 73, 79.0% to 21.0%; total votes 348.", "question_2_winner": "Yes-approve!", "question_3": "Approve beat Disapprove, 241 to 97, 71.3% to 28.7%; total votes 338.", "question_3_winner": "Yes-approve!", "question_4": "Approve beat Disapprove, 279 to 59, 82.5% to 17.5%; total votes 338.", "question_4_winner": "Yes-approve!", "question_5": "Approve beat Disapprove, 264 to 78, 77.2% to 22.8%; total votes 342.", "question_5_winner": "Yes-approve!", "question_6": "Approve beat Disapprove, 178 to 158, 53.0% to 47.0%; total votes 336.", "question_6_winner": "Yes-approve!", "dem_primary_mayor": "Andrew M. Cuomo beat Zohran Kwame Mamdani, 164 to 67, 63.6% to 26.0%; total votes 258.", "dem_primary_mayor_winner": "Cuomo", "dem_primary_public_advocate": "Jumaane D. Williams beat Jenifer Rajkumar, 210 to 18, 87.1% to 7.5%; total votes 241.", "dem_primary_public_advocate_winner": "Williams", "dem_primary_comptroller": "Mark D. Levine beat Kevin S. Parker, 115 to 50, 50.4% to 21.9%; total votes 228.", "dem_primary_comptroller_winner": "Levine", "popup_summary": "Mayor: ZOHRAN KWAME MAMDANI beat ANDREW M. CUOMO, 250 to 164, 58.8% to 38.6%; total votes 425. | Public Advocate: JUMAANE D. WILLIAMS beat GONZALO DURAN, 376 to 20, 94.2% to 5.0%; total votes 399. | City Comptroller: MARK D. LEVINE beat PETER KEFALAS, 348 to 17, 92.8% to 4.5%; total votes 375. | Question 1: Approve beat Disapprove, 179 to 157, 53.3% to 46.7%; total votes 336. | Question 2: Approve beat Disapprove, 275 to 73, 79.0% to 21.0%; total votes 348. | Question 3: Approve beat Disapprove, 241 to 97, 71.3% to 28.7%; total votes 338. | Question 4: Approve beat Disapprove, 279 to 59, 82.5% to 17.5%; total votes 338. | Question 5: Approve beat Disapprove, 264 to 78, 77.2% to 22.8%; total votes 342. | Question 6: Approve beat Disapprove, 178 to 158, 53.0% to 47.0%; total votes 336. | Dem Primary Mayor: Andrew M. Cuomo beat Zohran Kwame Mamdani, 164 to 67, 63.6% to 26.0%; total votes 258. | Dem Primary Public Advocate: Jumaane D. Williams beat Jenifer Rajkumar, 210 to 18, 87.1% to 7.5%; total votes 241. | Dem Primary Comptroller: Mark D. Levine beat Kevin S. Parker, 115 to 50, 50.4% to 21.9%; total votes 228.", "mayor_margin": 20.2, "q2_yes": 79.0, "q3_yes": 71.3, "q4_yes": 82.5}, "geometry": {"type": "MultiPolygon", "coordinates": [[[[-73.851106, 40.881509], [-73.8503416, 40.8812772], [-73.8498091, 40.8809217], [-73.8490487, 40.8804612], [-73.8483308, 40.88], [-73.8482097, 40.8798946], [-73.8480755, 40.8797979], [-73.8479297, 40.8797114], [-73.8477744, 40.8796361], [-73.8476916, 40.8794881], [-73.8486201, 40.8790342], [-73.8494603, 40.878614], [-73.8496324, 40.8788002], [-73.8497923, 40.8789922], [-73.8497926, 40.8789925], [-73.8497928, 40.8789928], [-73.8499402, 40.8791904], [-73.8513837, 40.8784762], [-73.85261, 40.8778554], [-73.8533835, 40.8781033], [-73.8557188, 40.8788506], [-73.855336, 40.879541], [-73.8549369, 40.880245], [-73.854554, 40.8809469], [-73.8541212, 40.8816365], [-73.8538994, 40.8819857], [-73.8536819, 40.8823283], [-73.851106, 40.881509]]]]}}, {"type": "Feature", "properties": {"felt:feature": 49, "ed_label": "AD 83 ED 024", "elect_dist": "83024", "borough": "Bronx", "community_board": 12, "community_board_label": "Bronx CB12", "popup_title": "Bronx CB12 \u2014 AD 83 ED 024", "general_mayor": "ZOHRAN KWAME MAMDANI beat ANDREW M. CUOMO, 184 to 143, 54.3% to 42.2%; total votes 339.", "general_mayor_winner": "Mamdani", "general_public_advocate": "JUMAANE D. WILLIAMS beat GONZALO DURAN, 309 to 22, 92.8% to 6.6%; total votes 333.", "general_public_advocate_winner": "Williams", "general_comptroller": "MARK D. LEVINE beat PETER KEFALAS, 293 to 21, 91.6% to 6.6%; total votes 320.", "general_comptroller_winner": "Levine", "question_1": "Approve beat Disapprove, 159 to 135, 54.1% to 45.9%; total votes 294.", "question_1_winner": "Yes-approve!", "question_2": "Approve beat Disapprove, 253 to 55, 82.1% to 17.9%; total votes 308.", "question_2_winner": "Yes-approve!", "question_3": "Approve beat Disapprove, 230 to 74, 75.7% to 24.3%; total votes 304.", "question_3_winner": "Yes-approve!", "question_4": "Approve beat Disapprove, 242 to 56, 81.2% to 18.8%; total votes 298.", "question_4_winner": "Yes-approve!", "question_5": "Approve beat Disapprove, 223 to 71, 75.8% to 24.1%; total votes 294.", "question_5_winner": "Yes-approve!", "question_6": "Approve beat Disapprove, 160 to 136, 54.1% to 45.9%; total votes 296.", "question_6_winner": "Yes-approve!", "dem_primary_mayor": "Andrew M. Cuomo beat Zohran Kwame Mamdani, 110 to 35, 62.9% to 20.0%; total votes 175.", "dem_primary_mayor_winner": "Cuomo", "dem_primary_public_advocate": "Jumaane D. Williams beat Marty Dolan, 148 to 6, 93.1% to 3.8%; total votes 159.", "dem_primary_public_advocate_winner": "Williams", "dem_primary_comptroller": "Mark D. Levine beat Kevin S. Parker, 88 to 38, 56.8% to 24.5%; total votes 155.", "dem_primary_comptroller_winner": "Levine", "popup_summary": "Mayor: ZOHRAN KWAME MAMDANI beat ANDREW M. CUOMO, 184 to 143, 54.3% to 42.2%; total votes 339. | Public Advocate: JUMAANE D. WILLIAMS beat GONZALO DURAN, 309 to 22, 92.8% to 6.6%; total votes 333. | City Comptroller: MARK D. LEVINE beat PETER KEFALAS, 293 to 21, 91.6% to 6.6%; total votes 320. | Question 1: Approve beat Disapprove, 159 to 135, 54.1% to 45.9%; total votes 294. | Question 2: Approve beat Disapprove, 253 to 55, 82.1% to 17.9%; total votes 308. | Question 3: Approve beat Disapprove, 230 to 74, 75.7% to 24.3%; total votes 304. | Question 4: Approve beat Disapprove, 242 to 56, 81.2% to 18.8%; total votes 298. | Question 5: Approve beat Disapprove, 223 to 71, 75.8% to 24.1%; total votes 294. | Question 6: Approve beat Disapprove, 160 to 136, 54.1% to 45.9%; total votes 296. | Dem Primary Mayor: Andrew M. Cuomo beat Zohran Kwame Mamdani, 110 to 35, 62.9% to 20.0%; total votes 175. | Dem Primary Public Advocate: Jumaane D. Williams beat Marty Dolan, 148 to 6, 93.1% to 3.8%; total votes 159. | Dem Primary Comptroller: Mark D. Levine beat Kevin S. Parker, 88 to 38, 56.8% to 24.5%; total votes 155.", "mayor_margin": 12.1, "q2_yes": 82.1, "q3_yes": 75.7, "q4_yes": 81.2}, "geometry": {"type": "MultiPolygon", "coordinates": [[[[-73.8475453, 40.8809315], [-73.8471525, 40.8807647], [-73.8468922, 40.8806519], [-73.8461405, 40.8803351], [-73.8447335, 40.87974], [-73.8432411, 40.8791089], [-73.8434154, 40.8789891], [-73.8441008, 40.8784433], [-73.8447945, 40.8778821], [-73.8454608, 40.8773468], [-73.8463678, 40.8770347], [-73.8472987, 40.8767331], [-73.8483628, 40.8787206], [-73.8486201, 40.8790342], [-73.8476916, 40.8794881], [-73.8477744, 40.8796361], [-73.8479297, 40.8797114], [-73.8480755, 40.8797979], [-73.8482097, 40.8798946], [-73.8483308, 40.88], [-73.8490487, 40.8804612], [-73.8498091, 40.8809217], [-73.8503416, 40.8812772], [-73.851106, 40.881509], [-73.8506512, 40.8821918], [-73.8487481, 40.8814394], [-73.8475453, 40.8809315]]]]}}, {"type": "Feature", "properties": {"felt:feature": 50, "ed_label": "AD 83 ED 025", "elect_dist": "83025", "borough": "Bronx", "community_board": 12, "community_board_label": "Bronx CB12", "popup_title": "Bronx CB12 \u2014 AD 83 ED 025", "general_mayor": "ZOHRAN KWAME MAMDANI beat ANDREW M. CUOMO, 302 to 166, 62.8% to 34.5%; total votes 481.", "general_mayor_winner": "Mamdani", "general_public_advocate": "JUMAANE D. WILLIAMS beat GONZALO DURAN, 421 to 15, 95.9% to 3.4%; total votes 439.", "general_public_advocate_winner": "Williams", "general_comptroller": "MARK D. LEVINE beat PETER KEFALAS, 397 to 15, 94.3% to 3.6%; total votes 421.", "general_comptroller_winner": "Levine", "question_1": "Approve beat Disapprove, 204 to 183, 52.7% to 47.3%; total votes 387.", "question_1_winner": "Yes-approve!", "question_2": "Approve beat Disapprove, 311 to 92, 77.2% to 22.8%; total votes 403.", "question_2_winner": "Yes-approve!", "question_3": "Approve beat Disapprove, 276 to 114, 70.8% to 29.2%; total votes 390.", "question_3_winner": "Yes-approve!", "question_4": "Approve beat Disapprove, 302 to 92, 76.7% to 23.4%; total votes 394.", "question_4_winner": "Yes-approve!", "question_5": "Approve beat Disapprove, 296 to 87, 77.3% to 22.7%; total votes 383.", "question_5_winner": "Yes-approve!", "question_6": "Disapprove beat Approve, 193 to 189, 50.5% to 49.5%; total votes 382.", "question_6_winner": "No-disapprove!", "dem_primary_mayor": "Andrew M. Cuomo beat Zohran Kwame Mamdani, 192 to 69, 67.6% to 24.3%; total votes 284.", "dem_primary_mayor_winner": "Cuomo", "dem_primary_public_advocate": "Jumaane D. Williams beat Jenifer Rajkumar, 226 to 20, 85.9% to 7.6%; total votes 263.", "dem_primary_public_advocate_winner": "Williams", "dem_primary_comptroller": "Mark D. Levine beat Kevin S. Parker, 132 to 58, 52.8% to 23.2%; total votes 250.", "dem_primary_comptroller_winner": "Levine", "popup_summary": "Mayor: ZOHRAN KWAME MAMDANI beat ANDREW M. CUOMO, 302 to 166, 62.8% to 34.5%; total votes 481. | Public Advocate: JUMAANE D. WILLIAMS beat GONZALO DURAN, 421 to 15, 95.9% to 3.4%; total votes 439. | City Comptroller: MARK D. LEVINE beat PETER KEFALAS, 397 to 15, 94.3% to 3.6%; total votes 421. | Question 1: Approve beat Disapprove, 204 to 183, 52.7% to 47.3%; total votes 387. | Question 2: Approve beat Disapprove, 311 to 92, 77.2% to 22.8%; total votes 403. | Question 3: Approve beat Disapprove, 276 to 114, 70.8% to 29.2%; total votes 390. | Question 4: Approve beat Disapprove, 302 to 92, 76.7% to 23.4%; total votes 394. | Question 5: Approve beat Disapprove, 296 to 87, 77.3% to 22.7%; total votes 383. | Question 6: Disapprove beat Approve, 193 to 189, 50.5% to 49.5%; total votes 382. | Dem Primary Mayor: Andrew M. Cuomo beat Zohran Kwame Mamdani, 192 to 69, 67.6% to 24.3%; total votes 284. | Dem Primary Public Advocate: Jumaane D. Williams beat Jenifer Rajkumar, 226 to 20, 85.9% to 7.6%; total votes 263. | Dem Primary Comptroller: Mark D. Levine beat Kevin S. Parker, 132 to 58, 52.8% to 23.2%; total votes 250.", "mayor_margin": 28.3, "q2_yes": 77.2, "q3_yes": 70.8, "q4_yes": 76.7}, "geometry": {"type": "MultiPolygon", "coordinates": [[[[-73.8554966, 40.8845663], [-73.8528095, 40.8837048], [-73.8530159, 40.8833785], [-73.8530511, 40.883323], [-73.8532429, 40.8830204], [-73.8536819, 40.8823283], [-73.8538994, 40.8819857], [-73.8541212, 40.8816365], [-73.854554, 40.8809469], [-73.8570565, 40.8817452], [-73.8599411, 40.8826643], [-73.8595543, 40.8833701], [-73.8591618, 40.8840718], [-73.8587606, 40.8847775], [-73.8586762, 40.8849309], [-73.8585582, 40.8851453], [-73.8583734, 40.8854811], [-73.8554966, 40.8845663]]]]}}, {"type": "Feature", "properties": {"felt:feature": 51, "ed_label": "AD 83 ED 026", "elect_dist": "83026", "borough": "Bronx", "community_board": 12, "community_board_label": "Bronx CB12", "popup_title": "Bronx CB12 \u2014 AD 83 ED 026", "general_mayor": "ZOHRAN KWAME MAMDANI beat ANDREW M. CUOMO, 232 to 148, 57.7% to 36.8%; total votes 402.", "general_mayor_winner": "Mamdani", "general_public_advocate": "JUMAANE D. WILLIAMS beat GONZALO DURAN, 334 to 31, 90.5% to 8.4%; total votes 369.", "general_public_advocate_winner": "Williams", "general_comptroller": "MARK D. LEVINE beat PETER KEFALAS, 311 to 29, 88.6% to 8.3%; total votes 351.", "general_comptroller_winner": "Levine", "question_1": "Approve beat Disapprove, 168 to 160, 51.2% to 48.8%; total votes 328.", "question_1_winner": "Yes-approve!", "question_2": "Approve beat Disapprove, 261 to 75, 77.7% to 22.3%; total votes 336.", "question_2_winner": "Yes-approve!", "question_3": "Approve beat Disapprove, 234 to 100, 70.1% to 29.9%; total votes 334.", "question_3_winner": "Yes-approve!", "question_4": "Approve beat Disapprove, 255 to 83, 75.4% to 24.6%; total votes 338.", "question_4_winner": "Yes-approve!", "question_5": "Approve beat Disapprove, 255 to 79, 76.3% to 23.7%; total votes 334.", "question_5_winner": "Yes-approve!", "question_6": "Approve beat Disapprove, 174 to 160, 52.1% to 47.9%; total votes 334.", "question_6_winner": "Yes-approve!", "dem_primary_mayor": "Andrew M. Cuomo beat Zohran Kwame Mamdani, 143 to 38, 68.8% to 18.3%; total votes 208.", "dem_primary_mayor_winner": "Cuomo", "dem_primary_public_advocate": "Jumaane D. Williams beat Jenifer Rajkumar, 151 to 20, 82.5% to 10.9%; total votes 183.", "dem_primary_public_advocate_winner": "Williams", "dem_primary_comptroller": "Mark D. Levine beat Kevin S. Parker, 109 to 32, 59.9% to 17.6%; total votes 182.", "dem_primary_comptroller_winner": "Levine", "popup_summary": "Mayor: ZOHRAN KWAME MAMDANI beat ANDREW M. CUOMO, 232 to 148, 57.7% to 36.8%; total votes 402. | Public Advocate: JUMAANE D. WILLIAMS beat GONZALO DURAN, 334 to 31, 90.5% to 8.4%; total votes 369. | City Comptroller: MARK D. LEVINE beat PETER KEFALAS, 311 to 29, 88.6% to 8.3%; total votes 351. | Question 1: Approve beat Disapprove, 168 to 160, 51.2% to 48.8%; total votes 328. | Question 2: Approve beat Disapprove, 261 to 75, 77.7% to 22.3%; total votes 336. | Question 3: Approve beat Disapprove, 234 to 100, 70.1% to 29.9%; total votes 334. | Question 4: Approve beat Disapprove, 255 to 83, 75.4% to 24.6%; total votes 338. | Question 5: Approve beat Disapprove, 255 to 79, 76.3% to 23.7%; total votes 334. | Question 6: Approve beat Disapprove, 174 to 160, 52.1% to 47.9%; total votes 334. | Dem Primary Mayor: Andrew M. Cuomo beat Zohran Kwame Mamdani, 143 to 38, 68.8% to 18.3%; total votes 208. | Dem Primary Public Advocate: Jumaane D. Williams beat Jenifer Rajkumar, 151 to 20, 82.5% to 10.9%; total votes 183. | Dem Primary Comptroller: Mark D. Levine beat Kevin S. Parker, 109 to 32, 59.9% to 17.6%; total votes 182.", "mayor_margin": 20.9, "q2_yes": 77.7, "q3_yes": 70.1, "q4_yes": 75.4}, "geometry": {"type": "MultiPolygon", "coordinates": [[[[-73.8587606, 40.8847775], [-73.8591618, 40.8840718], [-73.8595543, 40.8833701], [-73.8599411, 40.8826643], [-73.8628034, 40.8835744], [-73.864253, 40.884029], [-73.8650803, 40.8842924], [-73.8656599, 40.8844878], [-73.8652782, 40.8851935], [-73.864894, 40.8858969], [-73.8645049, 40.8866073], [-73.8643153, 40.8869508], [-73.8641172, 40.8873097], [-73.8612478, 40.8863965], [-73.8613935, 40.8861347], [-73.8616395, 40.8856926], [-73.8612159, 40.885558], [-73.8587606, 40.8847775]]]]}}, {"type": "Feature", "properties": {"felt:feature": 52, "ed_label": "AD 83 ED 027", "elect_dist": "83027", "borough": "Bronx", "community_board": 12, "community_board_label": "Bronx CB12", "popup_title": "Bronx CB12 \u2014 AD 83 ED 027", "general_mayor": "ZOHRAN KWAME MAMDANI beat ANDREW M. CUOMO, 173 to 116, 56.7% to 38.0%; total votes 305.", "general_mayor_winner": "Mamdani", "general_public_advocate": "JUMAANE D. WILLIAMS beat GONZALO DURAN, 244 to 27, 88.4% to 9.8%; total votes 276.", "general_public_advocate_winner": "Williams", "general_comptroller": "MARK D. LEVINE beat PETER KEFALAS, 236 to 28, 86.4% to 10.3%; total votes 273.", "general_comptroller_winner": "Levine", "question_1": "Disapprove beat Approve, 130 to 113, 53.5% to 46.5%; total votes 243.", "question_1_winner": "No-disapprove!", "question_2": "Approve beat Disapprove, 199 to 54, 78.7% to 21.3%; total votes 253.", "question_2_winner": "Yes-approve!", "question_3": "Approve beat Disapprove, 182 to 70, 72.2% to 27.8%; total votes 252.", "question_3_winner": "Yes-approve!", "question_4": "Approve beat Disapprove, 201 to 53, 79.1% to 20.9%; total votes 254.", "question_4_winner": "Yes-approve!", "question_5": "Approve beat Disapprove, 187 to 64, 74.5% to 25.5%; total votes 251.", "question_5_winner": "Yes-approve!", "question_6": "Disapprove beat Approve, 124 to 118, 51.2% to 48.8%; total votes 242.", "question_6_winner": "No-disapprove!", "dem_primary_mayor": "Andrew M. Cuomo beat Zohran Kwame Mamdani, 117 to 41, 63.6% to 22.3%; total votes 184.", "dem_primary_mayor_winner": "Cuomo", "dem_primary_public_advocate": "Jumaane D. Williams beat Jenifer Rajkumar, 130 to 19, 80.2% to 11.7%; total votes 162.", "dem_primary_public_advocate_winner": "Williams", "dem_primary_comptroller": "Mark D. Levine beat Kevin S. Parker, 86 to 30, 54.1% to 18.9%; total votes 159.", "dem_primary_comptroller_winner": "Levine", "popup_summary": "Mayor: ZOHRAN KWAME MAMDANI beat ANDREW M. CUOMO, 173 to 116, 56.7% to 38.0%; total votes 305. | Public Advocate: JUMAANE D. WILLIAMS beat GONZALO DURAN, 244 to 27, 88.4% to 9.8%; total votes 276. | City Comptroller: MARK D. LEVINE beat PETER KEFALAS, 236 to 28, 86.4% to 10.3%; total votes 273. | Question 1: Disapprove beat Approve, 130 to 113, 53.5% to 46.5%; total votes 243. | Question 2: Approve beat Disapprove, 199 to 54, 78.7% to 21.3%; total votes 253. | Question 3: Approve beat Disapprove, 182 to 70, 72.2% to 27.8%; total votes 252. | Question 4: Approve beat Disapprove, 201 to 53, 79.1% to 20.9%; total votes 254. | Question 5: Approve beat Disapprove, 187 to 64, 74.5% to 25.5%; total votes 251. | Question 6: Disapprove beat Approve, 124 to 118, 51.2% to 48.8%; total votes 242. | Dem Primary Mayor: Andrew M. Cuomo beat Zohran Kwame Mamdani, 117 to 41, 63.6% to 22.3%; total votes 184. | Dem Primary Public Advocate: Jumaane D. Williams beat Jenifer Rajkumar, 130 to 19, 80.2% to 11.7%; total votes 162. | Dem Primary Comptroller: Mark D. Levine beat Kevin S. Parker, 86 to 30, 54.1% to 18.9%; total votes 159.", "mayor_margin": 18.7, "q2_yes": 78.7, "q3_yes": 72.2, "q4_yes": 79.1}, "geometry": {"type": "MultiPolygon", "coordinates": [[[[-73.863728, 40.8880167], [-73.8641172, 40.8873097], [-73.8643153, 40.8869508], [-73.8645049, 40.8866073], [-73.864894, 40.8858969], [-73.8652782, 40.8851935], [-73.8656599, 40.8844878], [-73.8660523, 40.884287], [-73.8660381, 40.884359], [-73.8660381, 40.8843592], [-73.8660381, 40.8843594], [-73.8660407, 40.884433], [-73.8660407, 40.8844332], [-73.8660407, 40.8844335], [-73.8660602, 40.8845057], [-73.8660603, 40.8845058], [-73.8660603, 40.8845059], [-73.8660957, 40.8845736], [-73.8661647, 40.8846779], [-73.8661648, 40.8846781], [-73.8661648, 40.8846782], [-73.866218, 40.88479], [-73.8662535, 40.8849073], [-73.86627, 40.8850273], [-73.86627, 40.8850274], [-73.86627, 40.8850275], [-73.8662673, 40.8851477], [-73.8662457, 40.8852655], [-73.8662457, 40.8852656], [-73.8662457, 40.8852657], [-73.8662066, 40.8853786], [-73.8653805, 40.8868835], [-73.8646002, 40.8882997], [-73.863728, 40.8880167]]]]}}, {"type": "Feature", "properties": {"felt:feature": 53, "ed_label": "AD 83 ED 028", "elect_dist": "83028", "borough": "Bronx", "community_board": 12, "community_board_label": "Bronx CB12", "popup_title": "Bronx CB12 \u2014 AD 83 ED 028", "general_mayor": "ZOHRAN KWAME MAMDANI beat ANDREW M. CUOMO, 172 to 110, 59.1% to 37.8%; total votes 291.", "general_mayor_winner": "Mamdani", "general_public_advocate": "JUMAANE D. WILLIAMS beat GONZALO DURAN, 249 to 13, 94.7% to 4.9%; total votes 263.", "general_public_advocate_winner": "Williams", "general_comptroller": "MARK D. LEVINE beat PETER KEFALAS, 232 to 14, 92.4% to 5.6%; total votes 251.", "general_comptroller_winner": "Levine", "question_1": "Approve beat Disapprove, 144 to 95, 60.3% to 39.7%; total votes 239.", "question_1_winner": "Yes-approve!", "question_2": "Approve beat Disapprove, 209 to 42, 83.3% to 16.7%; total votes 251.", "question_2_winner": "Yes-approve!", "question_3": "Approve beat Disapprove, 190 to 58, 76.6% to 23.4%; total votes 248.", "question_3_winner": "Yes-approve!", "question_4": "Approve beat Disapprove, 197 to 49, 80.1% to 19.9%; total votes 246.", "question_4_winner": "Yes-approve!", "question_5": "Approve beat Disapprove, 196 to 49, 80.0% to 20.0%; total votes 245.", "question_5_winner": "Yes-approve!", "question_6": "Approve beat Disapprove, 133 to 111, 54.5% to 45.5%; total votes 244.", "question_6_winner": "Yes-approve!", "dem_primary_mayor": "Andrew M. Cuomo beat Zohran Kwame Mamdani, 112 to 33, 68.7% to 20.2%; total votes 163.", "dem_primary_mayor_winner": "Cuomo", "dem_primary_public_advocate": "Jumaane D. Williams beat Jenifer Rajkumar, 113 to 18, 80.1% to 12.8%; total votes 141.", "dem_primary_public_advocate_winner": "Williams", "dem_primary_comptroller": "Mark D. Levine beat Kevin S. Parker, 63 to 32, 45.7% to 23.2%; total votes 138.", "dem_primary_comptroller_winner": "Levine", "popup_summary": "Mayor: ZOHRAN KWAME MAMDANI beat ANDREW M. CUOMO, 172 to 110, 59.1% to 37.8%; total votes 291. | Public Advocate: JUMAANE D. WILLIAMS beat GONZALO DURAN, 249 to 13, 94.7% to 4.9%; total votes 263. | City Comptroller: MARK D. LEVINE beat PETER KEFALAS, 232 to 14, 92.4% to 5.6%; total votes 251. | Question 1: Approve beat Disapprove, 144 to 95, 60.3% to 39.7%; total votes 239. | Question 2: Approve beat Disapprove, 209 to 42, 83.3% to 16.7%; total votes 251. | Question 3: Approve beat Disapprove, 190 to 58, 76.6% to 23.4%; total votes 248. | Question 4: Approve beat Disapprove, 197 to 49, 80.1% to 19.9%; total votes 246. | Question 5: Approve beat Disapprove, 196 to 49, 80.0% to 20.0%; total votes 245. | Question 6: Approve beat Disapprove, 133 to 111, 54.5% to 45.5%; total votes 244. | Dem Primary Mayor: Andrew M. Cuomo beat Zohran Kwame Mamdani, 112 to 33, 68.7% to 20.2%; total votes 163. | Dem Primary Public Advocate: Jumaane D. Williams beat Jenifer Rajkumar, 113 to 18, 80.1% to 12.8%; total votes 141. | Dem Primary Comptroller: Mark D. Levine beat Kevin S. Parker, 63 to 32, 45.7% to 23.2%; total votes 138.", "mayor_margin": 21.3, "q2_yes": 83.3, "q3_yes": 76.6, "q4_yes": 80.1}, "geometry": {"type": "MultiPolygon", "coordinates": [[[[-73.8608618, 40.8870967], [-73.8579864, 40.8861903], [-73.8551038, 40.8852714], [-73.8554966, 40.8845663], [-73.8583734, 40.8854811], [-73.8585582, 40.8851453], [-73.8586762, 40.8849309], [-73.8587606, 40.8847775], [-73.8612159, 40.885558], [-73.8616395, 40.8856926], [-73.8613935, 40.8861347], [-73.8612478, 40.8863965], [-73.8641172, 40.8873097], [-73.863728, 40.8880167], [-73.8608618, 40.8870967]]]]}}, {"type": "Feature", "properties": {"felt:feature": 54, "ed_label": "AD 83 ED 029", "elect_dist": "83029", "borough": "Bronx", "community_board": 12, "community_board_label": "Bronx CB12", "popup_title": "Bronx CB12 \u2014 AD 83 ED 029", "general_mayor": "ZOHRAN KWAME MAMDANI beat ANDREW M. CUOMO, 249 to 174, 56.1% to 39.2%; total votes 444.", "general_mayor_winner": "Mamdani", "general_public_advocate": "JUMAANE D. WILLIAMS beat GONZALO DURAN, 377 to 31, 91.1% to 7.5%; total votes 414.", "general_public_advocate_winner": "Williams", "general_comptroller": "MARK D. LEVINE beat PETER KEFALAS, 364 to 29, 90.1% to 7.2%; total votes 404.", "general_comptroller_winner": "Levine", "question_1": "Approve beat Disapprove, 186 to 178, 51.1% to 48.9%; total votes 364.", "question_1_winner": "Yes-approve!", "question_2": "Approve beat Disapprove, 301 to 81, 78.8% to 21.2%; total votes 382.", "question_2_winner": "Yes-approve!", "question_3": "Approve beat Disapprove, 260 to 111, 70.1% to 29.9%; total votes 371.", "question_3_winner": "Yes-approve!", "question_4": "Approve beat Disapprove, 287 to 87, 76.7% to 23.3%; total votes 374.", "question_4_winner": "Yes-approve!", "question_5": "Approve beat Disapprove, 273 to 94, 74.4% to 25.6%; total votes 367.", "question_5_winner": "Yes-approve!", "question_6": "Approve beat Disapprove, 185 to 178, 51.0% to 49.0%; total votes 363.", "question_6_winner": "Yes-approve!", "dem_primary_mayor": "Andrew M. Cuomo beat Zohran Kwame Mamdani, 204 to 58, 69.4% to 19.7%; total votes 294.", "dem_primary_mayor_winner": "Cuomo", "dem_primary_public_advocate": "Jumaane D. Williams beat Jenifer Rajkumar, 226 to 17, 86.3% to 6.5%; total votes 262.", "dem_primary_public_advocate_winner": "Williams", "dem_primary_comptroller": "Mark D. Levine beat Kevin S. Parker, 136 to 72, 52.1% to 27.6%; total votes 261.", "dem_primary_comptroller_winner": "Levine", "popup_summary": "Mayor: ZOHRAN KWAME MAMDANI beat ANDREW M. CUOMO, 249 to 174, 56.1% to 39.2%; total votes 444. | Public Advocate: JUMAANE D. WILLIAMS beat GONZALO DURAN, 377 to 31, 91.1% to 7.5%; total votes 414. | City Comptroller: MARK D. LEVINE beat PETER KEFALAS, 364 to 29, 90.1% to 7.2%; total votes 404. | Question 1: Approve beat Disapprove, 186 to 178, 51.1% to 48.9%; total votes 364. | Question 2: Approve beat Disapprove, 301 to 81, 78.8% to 21.2%; total votes 382. | Question 3: Approve beat Disapprove, 260 to 111, 70.1% to 29.9%; total votes 371. | Question 4: Approve beat Disapprove, 287 to 87, 76.7% to 23.3%; total votes 374. | Question 5: Approve beat Disapprove, 273 to 94, 74.4% to 25.6%; total votes 367. | Question 6: Approve beat Disapprove, 185 to 178, 51.0% to 49.0%; total votes 363. | Dem Primary Mayor: Andrew M. Cuomo beat Zohran Kwame Mamdani, 204 to 58, 69.4% to 19.7%; total votes 294. | Dem Primary Public Advocate: Jumaane D. Williams beat Jenifer Rajkumar, 226 to 17, 86.3% to 6.5%; total votes 262. | Dem Primary Comptroller: Mark D. Levine beat Kevin S. Parker, 136 to 72, 52.1% to 27.6%; total votes 261.", "mayor_margin": 16.9, "q2_yes": 78.8, "q3_yes": 70.1, "q4_yes": 76.7}, "geometry": {"type": "MultiPolygon", "coordinates": [[[[-73.8492774, 40.8842415], [-73.8497349, 40.8835558], [-73.8495846, 40.8833452], [-73.8493801, 40.8834009], [-73.8465761, 40.8822108], [-73.8470339, 40.8815895], [-73.8472693, 40.8812829], [-73.8475453, 40.8809315], [-73.8487481, 40.8814394], [-73.8506512, 40.8821918], [-73.851106, 40.881509], [-73.8536819, 40.8823283], [-73.8532429, 40.8830204], [-73.8530511, 40.883323], [-73.8530159, 40.8833785], [-73.8528095, 40.8837048], [-73.8554966, 40.8845663], [-73.8551038, 40.8852714], [-73.8547165, 40.8859765], [-73.8519302, 40.8850892], [-73.8492774, 40.8842415]]]]}}, {"type": "Feature", "properties": {"felt:feature": 55, "ed_label": "AD 83 ED 030", "elect_dist": "83030", "borough": "Bronx", "community_board": 12, "community_board_label": "Bronx CB12", "popup_title": "Bronx CB12 \u2014 AD 83 ED 030", "general_mayor": "ZOHRAN KWAME MAMDANI beat ANDREW M. CUOMO, 200 to 157, 52.9% to 41.5%; total votes 378.", "general_mayor_winner": "Mamdani", "general_public_advocate": "JUMAANE D. WILLIAMS beat GONZALO DURAN, 305 to 35, 87.9% to 10.1%; total votes 347.", "general_public_advocate_winner": "Williams", "general_comptroller": "MARK D. LEVINE beat PETER KEFALAS, 291 to 38, 85.8% to 11.2%; total votes 339.", "general_comptroller_winner": "Levine", "question_1": "Approve beat Disapprove, 177 to 159, 52.7% to 47.3%; total votes 336.", "question_1_winner": "Yes-approve!", "question_2": "Approve beat Disapprove, 289 to 64, 81.9% to 18.1%; total votes 353.", "question_2_winner": "Yes-approve!", "question_3": "Approve beat Disapprove, 261 to 84, 75.7% to 24.3%; total votes 345.", "question_3_winner": "Yes-approve!", "question_4": "Approve beat Disapprove, 273 to 71, 79.4% to 20.6%; total votes 344.", "question_4_winner": "Yes-approve!", "question_5": "Approve beat Disapprove, 267 to 73, 78.5% to 21.5%; total votes 340.", "question_5_winner": "Yes-approve!", "question_6": "Approve beat Disapprove, 184 to 157, 54.0% to 46.0%; total votes 341.", "question_6_winner": "Yes-approve!", "dem_primary_mayor": "Andrew M. Cuomo beat Zohran Kwame Mamdani, 106 to 56, 58.6% to 30.9%; total votes 181.", "dem_primary_mayor_winner": "Cuomo", "dem_primary_public_advocate": "Jumaane D. Williams beat Jenifer Rajkumar, 128 to 18, 82.6% to 11.6%; total votes 155.", "dem_primary_public_advocate_winner": "Williams", "dem_primary_comptroller": "Mark D. Levine beat Justin Brannan, 69 to 36, 43.9% to 22.9%; total votes 157.", "dem_primary_comptroller_winner": "Levine", "popup_summary": "Mayor: ZOHRAN KWAME MAMDANI beat ANDREW M. CUOMO, 200 to 157, 52.9% to 41.5%; total votes 378. | Public Advocate: JUMAANE D. WILLIAMS beat GONZALO DURAN, 305 to 35, 87.9% to 10.1%; total votes 347. | City Comptroller: MARK D. LEVINE beat PETER KEFALAS, 291 to 38, 85.8% to 11.2%; total votes 339. | Question 1: Approve beat Disapprove, 177 to 159, 52.7% to 47.3%; total votes 336. | Question 2: Approve beat Disapprove, 289 to 64, 81.9% to 18.1%; total votes 353. | Question 3: Approve beat Disapprove, 261 to 84, 75.7% to 24.3%; total votes 345. | Question 4: Approve beat Disapprove, 273 to 71, 79.4% to 20.6%; total votes 344. | Question 5: Approve beat Disapprove, 267 to 73, 78.5% to 21.5%; total votes 340. | Question 6: Approve beat Disapprove, 184 to 157, 54.0% to 46.0%; total votes 341. | Dem Primary Mayor: Andrew M. Cuomo beat Zohran Kwame Mamdani, 106 to 56, 58.6% to 30.9%; total votes 181. | Dem Primary Public Advocate: Jumaane D. Williams beat Jenifer Rajkumar, 128 to 18, 82.6% to 11.6%; total votes 155. | Dem Primary Comptroller: Mark D. Levine beat Justin Brannan, 69 to 36, 43.9% to 22.9%; total votes 157.", "mayor_margin": 11.4, "q2_yes": 81.9, "q3_yes": 75.7, "q4_yes": 79.4}, "geometry": {"type": "MultiPolygon", "coordinates": [[[[-73.8593011, 40.8899242], [-73.8596835, 40.8892227], [-73.8600804, 40.8885114], [-73.8604523, 40.8878035], [-73.8608618, 40.8870967], [-73.863728, 40.8880167], [-73.8646002, 40.8882997], [-73.8638086, 40.8897159], [-73.8630384, 40.8911125], [-73.862166, 40.8908401], [-73.860298, 40.8902435], [-73.8593011, 40.8899242]]]]}}, {"type": "Feature", "properties": {"felt:feature": 56, "ed_label": "AD 83 ED 031", "elect_dist": "83031", "borough": "Bronx", "community_board": 12, "community_board_label": "Bronx CB12", "popup_title": "Bronx CB12 \u2014 AD 83 ED 031", "general_mayor": "ZOHRAN KWAME MAMDANI beat ANDREW M. CUOMO, 213 to 152, 56.6% to 40.4%; total votes 376.", "general_mayor_winner": "Mamdani", "general_public_advocate": "JUMAANE D. WILLIAMS beat GONZALO DURAN, 325 to 22, 92.3% to 6.2%; total votes 352.", "general_public_advocate_winner": "Williams", "general_comptroller": "MARK D. LEVINE beat PETER KEFALAS, 301 to 22, 90.7% to 6.6%; total votes 332.", "general_comptroller_winner": "Levine", "question_1": "Disapprove beat Approve, 170 to 165, 50.7% to 49.3%; total votes 335.", "question_1_winner": "No-disapprove!", "question_2": "Approve beat Disapprove, 283 to 65, 81.3% to 18.7%; total votes 348.", "question_2_winner": "Yes-approve!", "question_3": "Approve beat Disapprove, 255 to 84, 75.2% to 24.8%; total votes 339.", "question_3_winner": "Yes-approve!", "question_4": "Approve beat Disapprove, 266 to 76, 77.8% to 22.2%; total votes 342.", "question_4_winner": "Yes-approve!", "question_5": "Approve beat Disapprove, 266 to 72, 78.7% to 21.3%; total votes 338.", "question_5_winner": "Yes-approve!", "question_6": "Approve beat Disapprove, 190 to 150, 55.9% to 44.1%; total votes 340.", "question_6_winner": "Yes-approve!", "dem_primary_mayor": "Andrew M. Cuomo beat Zohran Kwame Mamdani, 115 to 45, 63.5% to 24.9%; total votes 181.", "dem_primary_mayor_winner": "Cuomo", "dem_primary_public_advocate": "Jumaane D. Williams beat Jenifer Rajkumar, 135 to 15, 84.4% to 9.4%; total votes 160.", "dem_primary_public_advocate_winner": "Williams", "dem_primary_comptroller": "Mark D. Levine beat Justin Brannan, 77 to 33, 48.7% to 20.9%; total votes 158.", "dem_primary_comptroller_winner": "Levine", "popup_summary": "Mayor: ZOHRAN KWAME MAMDANI beat ANDREW M. CUOMO, 213 to 152, 56.6% to 40.4%; total votes 376. | Public Advocate: JUMAANE D. WILLIAMS beat GONZALO DURAN, 325 to 22, 92.3% to 6.2%; total votes 352. | City Comptroller: MARK D. LEVINE beat PETER KEFALAS, 301 to 22, 90.7% to 6.6%; total votes 332. | Question 1: Disapprove beat Approve, 170 to 165, 50.7% to 49.3%; total votes 335. | Question 2: Approve beat Disapprove, 283 to 65, 81.3% to 18.7%; total votes 348. | Question 3: Approve beat Disapprove, 255 to 84, 75.2% to 24.8%; total votes 339. | Question 4: Approve beat Disapprove, 266 to 76, 77.8% to 22.2%; total votes 342. | Question 5: Approve beat Disapprove, 266 to 72, 78.7% to 21.3%; total votes 338. | Question 6: Approve beat Disapprove, 190 to 150, 55.9% to 44.1%; total votes 340. | Dem Primary Mayor: Andrew M. Cuomo beat Zohran Kwame Mamdani, 115 to 45, 63.5% to 24.9%; total votes 181. | Dem Primary Public Advocate: Jumaane D. Williams beat Jenifer Rajkumar, 135 to 15, 84.4% to 9.4%; total votes 160. | Dem Primary Comptroller: Mark D. Levine beat Justin Brannan, 77 to 33, 48.7% to 20.9%; total votes 158.", "mayor_margin": 16.2, "q2_yes": 81.3, "q3_yes": 75.2, "q4_yes": 77.8}, "geometry": {"type": "MultiPolygon", "coordinates": [[[[-73.8581273, 40.8920438], [-73.8552663, 40.8911349], [-73.8556376, 40.8904211], [-73.8560298, 40.8897135], [-73.8564135, 40.8890082], [-73.8593011, 40.8899242], [-73.860298, 40.8902435], [-73.862166, 40.8908401], [-73.8630384, 40.8911125], [-73.8627666, 40.8916196], [-73.8627519, 40.8916507], [-73.8626567, 40.8918158], [-73.8617881, 40.8915495], [-73.861397, 40.8922527], [-73.8595231, 40.8916579], [-73.8585181, 40.8913374], [-73.8581273, 40.8920438]]]]}}, {"type": "Feature", "properties": {"felt:feature": 57, "ed_label": "AD 83 ED 032", "elect_dist": "83032", "borough": "Bronx", "community_board": 12, "community_board_label": "Bronx CB12", "popup_title": "Bronx CB12 \u2014 AD 83 ED 032", "general_mayor": "ZOHRAN KWAME MAMDANI beat ANDREW M. CUOMO, 231 to 184, 52.5% to 41.8%; total votes 440.", "general_mayor_winner": "Mamdani", "general_public_advocate": "JUMAANE D. WILLIAMS beat GONZALO DURAN, 379 to 28, 92.2% to 6.8%; total votes 411.", "general_public_advocate_winner": "Williams", "general_comptroller": "MARK D. LEVINE beat PETER KEFALAS, 349 to 27, 89.7% to 6.9%; total votes 389.", "general_comptroller_winner": "Levine", "question_1": "Approve beat Disapprove, 219 to 163, 57.3% to 42.7%; total votes 382.", "question_1_winner": "Yes-approve!", "question_2": "Approve beat Disapprove, 325 to 73, 81.7% to 18.3%; total votes 398.", "question_2_winner": "Yes-approve!", "question_3": "Approve beat Disapprove, 273 to 112, 70.9% to 29.1%; total votes 385.", "question_3_winner": "Yes-approve!", "question_4": "Approve beat Disapprove, 306 to 84, 78.5% to 21.5%; total votes 390.", "question_4_winner": "Yes-approve!", "question_5": "Approve beat Disapprove, 287 to 98, 74.5% to 25.5%; total votes 385.", "question_5_winner": "Yes-approve!", "question_6": "Approve beat Disapprove, 218 to 168, 56.5% to 43.5%; total votes 386.", "question_6_winner": "Yes-approve!", "dem_primary_mayor": "Andrew M. Cuomo beat Zohran Kwame Mamdani, 160 to 50, 63.2% to 19.8%; total votes 253.", "dem_primary_mayor_winner": "Cuomo", "dem_primary_public_advocate": "Jumaane D. Williams beat Jenifer Rajkumar, 184 to 23, 82.1% to 10.3%; total votes 224.", "dem_primary_public_advocate_winner": "Williams", "dem_primary_comptroller": "Mark D. Levine beat Kevin S. Parker, 113 to 50, 52.3% to 23.1%; total votes 216.", "dem_primary_comptroller_winner": "Levine", "popup_summary": "Mayor: ZOHRAN KWAME MAMDANI beat ANDREW M. CUOMO, 231 to 184, 52.5% to 41.8%; total votes 440. | Public Advocate: JUMAANE D. WILLIAMS beat GONZALO DURAN, 379 to 28, 92.2% to 6.8%; total votes 411. | City Comptroller: MARK D. LEVINE beat PETER KEFALAS, 349 to 27, 89.7% to 6.9%; total votes 389. | Question 1: Approve beat Disapprove, 219 to 163, 57.3% to 42.7%; total votes 382. | Question 2: Approve beat Disapprove, 325 to 73, 81.7% to 18.3%; total votes 398. | Question 3: Approve beat Disapprove, 273 to 112, 70.9% to 29.1%; total votes 385. | Question 4: Approve beat Disapprove, 306 to 84, 78.5% to 21.5%; total votes 390. | Question 5: Approve beat Disapprove, 287 to 98, 74.5% to 25.5%; total votes 385. | Question 6: Approve beat Disapprove, 218 to 168, 56.5% to 43.5%; total votes 386. | Dem Primary Mayor: Andrew M. Cuomo beat Zohran Kwame Mamdani, 160 to 50, 63.2% to 19.8%; total votes 253. | Dem Primary Public Advocate: Jumaane D. Williams beat Jenifer Rajkumar, 184 to 23, 82.1% to 10.3%; total votes 224. | Dem Primary Comptroller: Mark D. Levine beat Kevin S. Parker, 113 to 50, 52.3% to 23.1%; total votes 216.", "mayor_margin": 10.7, "q2_yes": 81.7, "q3_yes": 70.9, "q4_yes": 78.5}, "geometry": {"type": "MultiPolygon", "coordinates": [[[[-73.8560298, 40.8897135], [-73.8531531, 40.8887999], [-73.8535439, 40.8880937], [-73.8539347, 40.8873876], [-73.8541366, 40.8870206], [-73.8543227, 40.8866823], [-73.8547165, 40.8859765], [-73.8551038, 40.8852714], [-73.8579864, 40.8861903], [-73.8608618, 40.8870967], [-73.8604523, 40.8878035], [-73.8600804, 40.8885114], [-73.8596835, 40.8892227], [-73.8593011, 40.8899242], [-73.8564135, 40.8890082], [-73.8560298, 40.8897135]]]]}}, {"type": "Feature", "properties": {"felt:feature": 58, "ed_label": "AD 83 ED 033", "elect_dist": "83033", "borough": "Bronx", "community_board": 12, "community_board_label": "Bronx CB12", "popup_title": "Bronx CB12 \u2014 AD 83 ED 033", "general_mayor": "ZOHRAN KWAME MAMDANI beat ANDREW M. CUOMO, 230 to 199, 51.0% to 44.1%; total votes 451.", "general_mayor_winner": "Mamdani", "general_public_advocate": "JUMAANE D. WILLIAMS beat GONZALO DURAN, 385 to 27, 92.3% to 6.5%; total votes 417.", "general_public_advocate_winner": "Williams", "general_comptroller": "MARK D. LEVINE beat PETER KEFALAS, 366 to 30, 91.3% to 7.5%; total votes 401.", "general_comptroller_winner": "Levine", "question_1": "Approve beat Disapprove, 210 to 180, 53.8% to 46.2%; total votes 390.", "question_1_winner": "Yes-approve!", "question_2": "Approve beat Disapprove, 348 to 67, 83.9% to 16.1%; total votes 415.", "question_2_winner": "Yes-approve!", "question_3": "Approve beat Disapprove, 318 to 91, 77.8% to 22.2%; total votes 409.", "question_3_winner": "Yes-approve!", "question_4": "Approve beat Disapprove, 339 to 67, 83.5% to 16.5%; total votes 406.", "question_4_winner": "Yes-approve!", "question_5": "Approve beat Disapprove, 309 to 90, 77.4% to 22.6%; total votes 399.", "question_5_winner": "Yes-approve!", "question_6": "Approve beat Disapprove, 233 to 165, 58.5% to 41.5%; total votes 398.", "question_6_winner": "Yes-approve!", "dem_primary_mayor": "Andrew M. Cuomo beat Zohran Kwame Mamdani, 166 to 46, 68.3% to 18.9%; total votes 243.", "dem_primary_mayor_winner": "Cuomo", "dem_primary_public_advocate": "Jumaane D. Williams beat Jenifer Rajkumar, 187 to 22, 85.4% to 10.0%; total votes 219.", "dem_primary_public_advocate_winner": "Williams", "dem_primary_comptroller": "Mark D. Levine beat Kevin S. Parker, 132 to 40, 60.0% to 18.2%; total votes 220.", "dem_primary_comptroller_winner": "Levine", "popup_summary": "Mayor: ZOHRAN KWAME MAMDANI beat ANDREW M. CUOMO, 230 to 199, 51.0% to 44.1%; total votes 451. | Public Advocate: JUMAANE D. WILLIAMS beat GONZALO DURAN, 385 to 27, 92.3% to 6.5%; total votes 417. | City Comptroller: MARK D. LEVINE beat PETER KEFALAS, 366 to 30, 91.3% to 7.5%; total votes 401. | Question 1: Approve beat Disapprove, 210 to 180, 53.8% to 46.2%; total votes 390. | Question 2: Approve beat Disapprove, 348 to 67, 83.9% to 16.1%; total votes 415. | Question 3: Approve beat Disapprove, 318 to 91, 77.8% to 22.2%; total votes 409. | Question 4: Approve beat Disapprove, 339 to 67, 83.5% to 16.5%; total votes 406. | Question 5: Approve beat Disapprove, 309 to 90, 77.4% to 22.6%; total votes 399. | Question 6: Approve beat Disapprove, 233 to 165, 58.5% to 41.5%; total votes 398. | Dem Primary Mayor: Andrew M. Cuomo beat Zohran Kwame Mamdani, 166 to 46, 68.3% to 18.9%; total votes 243. | Dem Primary Public Advocate: Jumaane D. Williams beat Jenifer Rajkumar, 187 to 22, 85.4% to 10.0%; total votes 219. | Dem Primary Comptroller: Mark D. Levine beat Kevin S. Parker, 132 to 40, 60.0% to 18.2%; total votes 220.", "mayor_margin": 6.9, "q2_yes": 83.9, "q3_yes": 77.8, "q4_yes": 83.5}, "geometry": {"type": "MultiPolygon", "coordinates": [[[[-73.847444, 40.8869785], [-73.8474871, 40.8869145], [-73.8478578, 40.8863644], [-73.8479039, 40.886296], [-73.847987, 40.8861721], [-73.8480217, 40.8861205], [-73.8480492, 40.8860795], [-73.8480942, 40.8860125], [-73.8481359, 40.8859504], [-73.8481718, 40.8858968], [-73.8482084, 40.8858424], [-73.8482494, 40.8857812], [-73.8482853, 40.8857277], [-73.8483219, 40.8856732], [-73.8483642, 40.8856102], [-73.8484627, 40.885461], [-73.8487638, 40.8850053], [-73.8488204, 40.8849197], [-73.8492774, 40.8842415], [-73.8519302, 40.8850892], [-73.8547165, 40.8859765], [-73.8543227, 40.8866823], [-73.8541366, 40.8870206], [-73.8539347, 40.8873876], [-73.8535439, 40.8880937], [-73.8531531, 40.8887999], [-73.8502717, 40.8878808], [-73.847444, 40.8869785]]]]}}, {"type": "Feature", "properties": {"felt:feature": 59, "ed_label": "AD 83 ED 034", "elect_dist": "83034", "borough": "Bronx", "community_board": 12, "community_board_label": "Bronx CB12", "popup_title": "Bronx CB12 \u2014 AD 83 ED 034", "general_mayor": "ZOHRAN KWAME MAMDANI beat ANDREW M. CUOMO, 281 to 181, 57.8% to 37.2%; total votes 486.", "general_mayor_winner": "Mamdani", "general_public_advocate": "JUMAANE D. WILLIAMS beat GONZALO DURAN, 424 to 33, 92.4% to 7.2%; total votes 459.", "general_public_advocate_winner": "Williams", "general_comptroller": "MARK D. LEVINE beat PETER KEFALAS, 404 to 31, 90.8% to 7.0%; total votes 445.", "general_comptroller_winner": "Levine", "question_1": "Approve beat Disapprove, 226 to 201, 52.9% to 47.1%; total votes 427.", "question_1_winner": "Yes-approve!", "question_2": "Approve beat Disapprove, 359 to 88, 80.3% to 19.7%; total votes 447.", "question_2_winner": "Yes-approve!", "question_3": "Approve beat Disapprove, 318 to 115, 73.4% to 26.6%; total votes 433.", "question_3_winner": "Yes-approve!", "question_4": "Approve beat Disapprove, 347 to 96, 78.3% to 21.7%; total votes 443.", "question_4_winner": "Yes-approve!", "question_5": "Approve beat Disapprove, 318 to 116, 73.3% to 26.7%; total votes 434.", "question_5_winner": "Yes-approve!", "question_6": "Approve beat Disapprove, 221 to 217, 50.5% to 49.5%; total votes 438.", "question_6_winner": "Yes-approve!", "dem_primary_mayor": "Andrew M. Cuomo beat Zohran Kwame Mamdani, 203 to 59, 69.0% to 20.1%; total votes 294.", "dem_primary_mayor_winner": "Cuomo", "dem_primary_public_advocate": "Jumaane D. Williams beat Jenifer Rajkumar, 219 to 19, 86.6% to 7.5%; total votes 253.", "dem_primary_public_advocate_winner": "Williams", "dem_primary_comptroller": "Mark D. Levine beat Kevin S. Parker, 131 to 58, 53.7% to 23.8%; total votes 244.", "dem_primary_comptroller_winner": "Levine", "popup_summary": "Mayor: ZOHRAN KWAME MAMDANI beat ANDREW M. CUOMO, 281 to 181, 57.8% to 37.2%; total votes 486. | Public Advocate: JUMAANE D. WILLIAMS beat GONZALO DURAN, 424 to 33, 92.4% to 7.2%; total votes 459. | City Comptroller: MARK D. LEVINE beat PETER KEFALAS, 404 to 31, 90.8% to 7.0%; total votes 445. | Question 1: Approve beat Disapprove, 226 to 201, 52.9% to 47.1%; total votes 427. | Question 2: Approve beat Disapprove, 359 to 88, 80.3% to 19.7%; total votes 447. | Question 3: Approve beat Disapprove, 318 to 115, 73.4% to 26.6%; total votes 433. | Question 4: Approve beat Disapprove, 347 to 96, 78.3% to 21.7%; total votes 443. | Question 5: Approve beat Disapprove, 318 to 116, 73.3% to 26.7%; total votes 434. | Question 6: Approve beat Disapprove, 221 to 217, 50.5% to 49.5%; total votes 438. | Dem Primary Mayor: Andrew M. Cuomo beat Zohran Kwame Mamdani, 203 to 59, 69.0% to 20.1%; total votes 294. | Dem Primary Public Advocate: Jumaane D. Williams beat Jenifer Rajkumar, 219 to 19, 86.6% to 7.5%; total votes 253. | Dem Primary Comptroller: Mark D. Levine beat Kevin S. Parker, 131 to 58, 53.7% to 23.8%; total votes 244.", "mayor_margin": 20.6, "q2_yes": 80.3, "q3_yes": 73.4, "q4_yes": 78.3}, "geometry": {"type": "MultiPolygon", "coordinates": [[[[-73.8459057, 40.8897414], [-73.8462618, 40.8890983], [-73.846456, 40.8887484], [-73.8466546, 40.8883906], [-73.8470496, 40.8876718], [-73.847444, 40.8869785], [-73.8502717, 40.8878808], [-73.8531531, 40.8887999], [-73.8527656, 40.8895064], [-73.8523732, 40.8902142], [-73.851981, 40.8909214], [-73.8490973, 40.890001], [-73.8487415, 40.8906477], [-73.8486339, 40.8908976], [-73.8489504, 40.8917385], [-73.84807, 40.8919324], [-73.8471811, 40.8921278], [-73.8463253, 40.8898772], [-73.8459057, 40.8897414]]]]}}, {"type": "Feature", "properties": {"felt:feature": 60, "ed_label": "AD 83 ED 035", "elect_dist": "83035", "borough": "Bronx", "community_board": 12, "community_board_label": "Bronx CB12", "popup_title": "Bronx CB12 \u2014 AD 83 ED 035", "general_mayor": "ZOHRAN KWAME MAMDANI beat ANDREW M. CUOMO, 215 to 170, 53.2% to 42.1%; total votes 404.", "general_mayor_winner": "Mamdani", "general_public_advocate": "JUMAANE D. WILLIAMS beat GONZALO DURAN, 331 to 23, 92.5% to 6.4%; total votes 358.", "general_public_advocate_winner": "Williams", "general_comptroller": "MARK D. LEVINE beat PETER KEFALAS, 305 to 24, 89.4% to 7.0%; total votes 341.", "general_comptroller_winner": "Levine", "question_1": "Approve beat Disapprove, 191 to 142, 57.4% to 42.6%; total votes 333.", "question_1_winner": "Yes-approve!", "question_2": "Approve beat Disapprove, 296 to 61, 82.9% to 17.1%; total votes 357.", "question_2_winner": "Yes-approve!", "question_3": "Approve beat Disapprove, 269 to 78, 77.5% to 22.5%; total votes 347.", "question_3_winner": "Yes-approve!", "question_4": "Approve beat Disapprove, 281 to 62, 81.9% to 18.1%; total votes 343.", "question_4_winner": "Yes-approve!", "question_5": "Approve beat Disapprove, 256 to 83, 75.5% to 24.5%; total votes 339.", "question_5_winner": "Yes-approve!", "question_6": "Approve beat Disapprove, 187 to 150, 55.5% to 44.5%; total votes 337.", "question_6_winner": "Yes-approve!", "dem_primary_mayor": "Andrew M. Cuomo beat Zohran Kwame Mamdani, 186 to 43, 71.0% to 16.4%; total votes 262.", "dem_primary_mayor_winner": "Cuomo", "dem_primary_public_advocate": "Jumaane D. Williams beat Jenifer Rajkumar, 185 to 23, 83.3% to 10.4%; total votes 222.", "dem_primary_public_advocate_winner": "Williams", "dem_primary_comptroller": "Mark D. Levine beat Justin Brannan, 120 to 39, 56.6% to 18.4%; total votes 212.", "dem_primary_comptroller_winner": "Levine", "popup_summary": "Mayor: ZOHRAN KWAME MAMDANI beat ANDREW M. CUOMO, 215 to 170, 53.2% to 42.1%; total votes 404. | Public Advocate: JUMAANE D. WILLIAMS beat GONZALO DURAN, 331 to 23, 92.5% to 6.4%; total votes 358. | City Comptroller: MARK D. LEVINE beat PETER KEFALAS, 305 to 24, 89.4% to 7.0%; total votes 341. | Question 1: Approve beat Disapprove, 191 to 142, 57.4% to 42.6%; total votes 333. | Question 2: Approve beat Disapprove, 296 to 61, 82.9% to 17.1%; total votes 357. | Question 3: Approve beat Disapprove, 269 to 78, 77.5% to 22.5%; total votes 347. | Question 4: Approve beat Disapprove, 281 to 62, 81.9% to 18.1%; total votes 343. | Question 5: Approve beat Disapprove, 256 to 83, 75.5% to 24.5%; total votes 339. | Question 6: Approve beat Disapprove, 187 to 150, 55.5% to 44.5%; total votes 337. | Dem Primary Mayor: Andrew M. Cuomo beat Zohran Kwame Mamdani, 186 to 43, 71.0% to 16.4%; total votes 262. | Dem Primary Public Advocate: Jumaane D. Williams beat Jenifer Rajkumar, 185 to 23, 83.3% to 10.4%; total votes 222. | Dem Primary Comptroller: Mark D. Levine beat Justin Brannan, 120 to 39, 56.6% to 18.4%; total votes 212.", "mayor_margin": 11.1, "q2_yes": 82.9, "q3_yes": 77.5, "q4_yes": 81.9}, "geometry": {"type": "MultiPolygon", "coordinates": [[[[-73.8556633, 40.8928524], [-73.8552538, 40.8927206], [-73.8544917, 40.8924785], [-73.8534027, 40.8921323], [-73.8518295, 40.8916298], [-73.8514987, 40.8915348], [-73.8506908, 40.8913028], [-73.8504013, 40.8912055], [-73.8487415, 40.8906477], [-73.8490973, 40.890001], [-73.851981, 40.8909214], [-73.8523732, 40.8902142], [-73.8527656, 40.8895064], [-73.8531531, 40.8887999], [-73.8560298, 40.8897135], [-73.8556376, 40.8904211], [-73.8552663, 40.8911349], [-73.8581273, 40.8920438], [-73.8577318, 40.892754], [-73.8573628, 40.8934114], [-73.8556633, 40.8928524]]]]}}, {"type": "Feature", "properties": {"felt:feature": 61, "ed_label": "AD 83 ED 036", "elect_dist": "83036", "borough": "Bronx", "community_board": 12, "community_board_label": "Bronx CB12", "popup_title": "Bronx CB12 \u2014 AD 83 ED 036", "general_mayor": "ZOHRAN KWAME MAMDANI beat ANDREW M. CUOMO, 142 to 125, 51.1% to 45.0%; total votes 278.", "general_mayor_winner": "Mamdani", "general_public_advocate": "JUMAANE D. WILLIAMS beat GONZALO DURAN, 233 to 18, 92.1% to 7.1%; total votes 253.", "general_public_advocate_winner": "Williams", "general_comptroller": "MARK D. LEVINE beat PETER KEFALAS, 221 to 16, 91.3% to 6.6%; total votes 242.", "general_comptroller_winner": "Levine", "question_1": "Approve beat Disapprove, 137 to 106, 56.4% to 43.6%; total votes 243.", "question_1_winner": "Yes-approve!", "question_2": "Approve beat Disapprove, 219 to 38, 85.2% to 14.8%; total votes 257.", "question_2_winner": "Yes-approve!", "question_3": "Approve beat Disapprove, 204 to 52, 79.7% to 20.3%; total votes 256.", "question_3_winner": "Yes-approve!", "question_4": "Approve beat Disapprove, 222 to 34, 86.7% to 13.3%; total votes 256.", "question_4_winner": "Yes-approve!", "question_5": "Approve beat Disapprove, 194 to 58, 77.0% to 23.0%; total votes 252.", "question_5_winner": "Yes-approve!", "question_6": "Approve beat Disapprove, 134 to 117, 53.4% to 46.6%; total votes 251.", "question_6_winner": "Yes-approve!", "dem_primary_mayor": "Andrew M. Cuomo beat Zohran Kwame Mamdani, 110 to 29, 68.3% to 18.0%; total votes 161.", "dem_primary_mayor_winner": "Cuomo", "dem_primary_public_advocate": "Jumaane D. Williams beat Jenifer Rajkumar, 127 to 12, 84.7% to 8.0%; total votes 150.", "dem_primary_public_advocate_winner": "Williams", "dem_primary_comptroller": "Mark D. Levine beat Kevin S. Parker, 83 to 28, 58.5% to 19.7%; total votes 142.", "dem_primary_comptroller_winner": "Levine", "popup_summary": "Mayor: ZOHRAN KWAME MAMDANI beat ANDREW M. CUOMO, 142 to 125, 51.1% to 45.0%; total votes 278. | Public Advocate: JUMAANE D. WILLIAMS beat GONZALO DURAN, 233 to 18, 92.1% to 7.1%; total votes 253. | City Comptroller: MARK D. LEVINE beat PETER KEFALAS, 221 to 16, 91.3% to 6.6%; total votes 242. | Question 1: Approve beat Disapprove, 137 to 106, 56.4% to 43.6%; total votes 243. | Question 2: Approve beat Disapprove, 219 to 38, 85.2% to 14.8%; total votes 257. | Question 3: Approve beat Disapprove, 204 to 52, 79.7% to 20.3%; total votes 256. | Question 4: Approve beat Disapprove, 222 to 34, 86.7% to 13.3%; total votes 256. | Question 5: Approve beat Disapprove, 194 to 58, 77.0% to 23.0%; total votes 252. | Question 6: Approve beat Disapprove, 134 to 117, 53.4% to 46.6%; total votes 251. | Dem Primary Mayor: Andrew M. Cuomo beat Zohran Kwame Mamdani, 110 to 29, 68.3% to 18.0%; total votes 161. | Dem Primary Public Advocate: Jumaane D. Williams beat Jenifer Rajkumar, 127 to 12, 84.7% to 8.0%; total votes 150. | Dem Primary Comptroller: Mark D. Levine beat Kevin S. Parker, 83 to 28, 58.5% to 19.7%; total votes 142.", "mayor_margin": 6.1, "q2_yes": 85.2, "q3_yes": 79.7, "q4_yes": 86.7}, "geometry": {"type": "MultiPolygon", "coordinates": [[[[-73.8387427, 40.881266], [-73.8396517, 40.880926], [-73.8404621, 40.8806229], [-73.8412778, 40.8803175], [-73.8420145, 40.8798723], [-73.8427113, 40.8794413], [-73.8432411, 40.8791089], [-73.8447335, 40.87974], [-73.8461405, 40.8803351], [-73.8468922, 40.8806519], [-73.8471525, 40.8807647], [-73.8475453, 40.8809315], [-73.8472693, 40.8812829], [-73.8470339, 40.8815895], [-73.8465761, 40.8822108], [-73.8460272, 40.8824181], [-73.8450676, 40.8820278], [-73.8450054, 40.881879], [-73.8451357, 40.8817042], [-73.8451961, 40.8816199], [-73.8449715, 40.8815238], [-73.8438132, 40.8810491], [-73.8433749, 40.8816506], [-73.8421083, 40.8819773], [-73.8412703, 40.8821917], [-73.8404176, 40.8823999], [-73.8395093, 40.8826307], [-73.8387427, 40.881266]]]]}}, {"type": "Feature", "properties": {"felt:feature": 62, "ed_label": "AD 83 ED 037", "elect_dist": "83037", "borough": "Bronx", "community_board": 12, "community_board_label": "Bronx CB12", "popup_title": "Bronx CB12 \u2014 AD 83 ED 037", "general_mayor": "ZOHRAN KWAME MAMDANI beat ANDREW M. CUOMO, 185 to 124, 57.1% to 38.3%; total votes 324.", "general_mayor_winner": "Mamdani", "general_public_advocate": "JUMAANE D. WILLIAMS beat GONZALO DURAN, 292 to 15, 94.8% to 4.9%; total votes 308.", "general_public_advocate_winner": "Williams", "general_comptroller": "MARK D. LEVINE beat PETER KEFALAS, 270 to 16, 92.2% to 5.5%; total votes 293.", "general_comptroller_winner": "Levine", "question_1": "Approve beat Disapprove, 158 to 118, 57.2% to 42.8%; total votes 276.", "question_1_winner": "Yes-approve!", "question_2": "Approve beat Disapprove, 241 to 44, 84.6% to 15.4%; total votes 285.", "question_2_winner": "Yes-approve!", "question_3": "Approve beat Disapprove, 222 to 57, 79.6% to 20.4%; total votes 279.", "question_3_winner": "Yes-approve!", "question_4": "Approve beat Disapprove, 241 to 39, 86.1% to 13.9%; total votes 280.", "question_4_winner": "Yes-approve!", "question_5": "Approve beat Disapprove, 215 to 58, 78.8% to 21.2%; total votes 273.", "question_5_winner": "Yes-approve!", "question_6": "Approve beat Disapprove, 159 to 111, 58.9% to 41.1%; total votes 270.", "question_6_winner": "Yes-approve!", "dem_primary_mayor": "Andrew M. Cuomo beat Zohran Kwame Mamdani, 147 to 47, 68.1% to 21.8%; total votes 216.", "dem_primary_mayor_winner": "Cuomo", "dem_primary_public_advocate": "Jumaane D. Williams beat Jenifer Rajkumar, 177 to 13, 89.8% to 6.6%; total votes 197.", "dem_primary_public_advocate_winner": "Williams", "dem_primary_comptroller": "Mark D. Levine beat Kevin S. Parker, 94 to 39, 49.5% to 20.5%; total votes 190.", "dem_primary_comptroller_winner": "Levine", "popup_summary": "Mayor: ZOHRAN KWAME MAMDANI beat ANDREW M. CUOMO, 185 to 124, 57.1% to 38.3%; total votes 324. | Public Advocate: JUMAANE D. WILLIAMS beat GONZALO DURAN, 292 to 15, 94.8% to 4.9%; total votes 308. | City Comptroller: MARK D. LEVINE beat PETER KEFALAS, 270 to 16, 92.2% to 5.5%; total votes 293. | Question 1: Approve beat Disapprove, 158 to 118, 57.2% to 42.8%; total votes 276. | Question 2: Approve beat Disapprove, 241 to 44, 84.6% to 15.4%; total votes 285. | Question 3: Approve beat Disapprove, 222 to 57, 79.6% to 20.4%; total votes 279. | Question 4: Approve beat Disapprove, 241 to 39, 86.1% to 13.9%; total votes 280. | Question 5: Approve beat Disapprove, 215 to 58, 78.8% to 21.2%; total votes 273. | Question 6: Approve beat Disapprove, 159 to 111, 58.9% to 41.1%; total votes 270. | Dem Primary Mayor: Andrew M. Cuomo beat Zohran Kwame Mamdani, 147 to 47, 68.1% to 21.8%; total votes 216. | Dem Primary Public Advocate: Jumaane D. Williams beat Jenifer Rajkumar, 177 to 13, 89.8% to 6.6%; total votes 197. | Dem Primary Comptroller: Mark D. Levine beat Kevin S. Parker, 94 to 39, 49.5% to 20.5%; total votes 190.", "mayor_margin": 18.8, "q2_yes": 84.6, "q3_yes": 79.6, "q4_yes": 86.1}, "geometry": {"type": "MultiPolygon", "coordinates": [[[[-73.8362184, 40.882393], [-73.8357657, 40.8819396], [-73.8354312, 40.8823599], [-73.8347249, 40.8813845], [-73.834554, 40.8812139], [-73.8343654, 40.8809058], [-73.8341918, 40.8805926], [-73.8340336, 40.8802748], [-73.8348808, 40.8799794], [-73.8340149, 40.8784579], [-73.8340327, 40.8784392], [-73.8341633, 40.8783327], [-73.8343111, 40.8782392], [-73.8344727, 40.8781609], [-73.8346438, 40.8780993], [-73.8348202, 40.878055], [-73.8357321, 40.8797013], [-73.8366063, 40.8794203], [-73.8375374, 40.8791195], [-73.8378003, 40.8795889], [-73.8387427, 40.881266], [-73.8395093, 40.8826307], [-73.8385375, 40.8828727], [-73.8376523, 40.8830992], [-73.8367786, 40.8833338], [-73.8366553, 40.8830931], [-73.8365207, 40.8828558], [-73.8363749, 40.8826223], [-73.8362184, 40.882393]]]]}}, {"type": "Feature", "properties": {"felt:feature": 63, "ed_label": "AD 83 ED 038", "elect_dist": "83038", "borough": "Bronx", "community_board": 12, "community_board_label": "Bronx CB12", "popup_title": "Bronx CB12 \u2014 AD 83 ED 038", "general_mayor": "ZOHRAN KWAME MAMDANI beat ANDREW M. CUOMO, 148 to 118, 52.9% to 42.1%; total votes 280.", "general_mayor_winner": "Mamdani", "general_public_advocate": "JUMAANE D. WILLIAMS beat GONZALO DURAN, 233 to 18, 91.4% to 7.1%; total votes 255.", "general_public_advocate_winner": "Williams", "general_comptroller": "MARK D. LEVINE beat PETER KEFALAS, 213 to 15, 90.3% to 6.4%; total votes 236.", "general_comptroller_winner": "Levine", "question_1": "Approve beat Disapprove, 132 to 114, 53.7% to 46.3%; total votes 246.", "question_1_winner": "Yes-approve!", "question_2": "Approve beat Disapprove, 220 to 39, 84.9% to 15.1%; total votes 259.", "question_2_winner": "Yes-approve!", "question_3": "Approve beat Disapprove, 187 to 67, 73.6% to 26.4%; total votes 254.", "question_3_winner": "Yes-approve!", "question_4": "Approve beat Disapprove, 212 to 41, 83.8% to 16.2%; total votes 253.", "question_4_winner": "Yes-approve!", "question_5": "Approve beat Disapprove, 193 to 59, 76.6% to 23.4%; total votes 252.", "question_5_winner": "Yes-approve!", "question_6": "Approve beat Disapprove, 155 to 96, 61.8% to 38.2%; total votes 251.", "question_6_winner": "Yes-approve!", "dem_primary_mayor": "Andrew M. Cuomo beat Zohran Kwame Mamdani, 62 to 46, 47.0% to 34.8%; total votes 132.", "dem_primary_mayor_winner": "Cuomo", "dem_primary_public_advocate": "Jumaane D. Williams beat Jenifer Rajkumar, 106 to 7, 88.3% to 5.8%; total votes 120.", "dem_primary_public_advocate_winner": "Williams", "dem_primary_comptroller": "Mark D. Levine beat Kevin S. Parker, 51 to 29, 44.0% to 25.0%; total votes 116.", "dem_primary_comptroller_winner": "Levine", "popup_summary": "Mayor: ZOHRAN KWAME MAMDANI beat ANDREW M. CUOMO, 148 to 118, 52.9% to 42.1%; total votes 280. | Public Advocate: JUMAANE D. WILLIAMS beat GONZALO DURAN, 233 to 18, 91.4% to 7.1%; total votes 255. | City Comptroller: MARK D. LEVINE beat PETER KEFALAS, 213 to 15, 90.3% to 6.4%; total votes 236. | Question 1: Approve beat Disapprove, 132 to 114, 53.7% to 46.3%; total votes 246. | Question 2: Approve beat Disapprove, 220 to 39, 84.9% to 15.1%; total votes 259. | Question 3: Approve beat Disapprove, 187 to 67, 73.6% to 26.4%; total votes 254. | Question 4: Approve beat Disapprove, 212 to 41, 83.8% to 16.2%; total votes 253. | Question 5: Approve beat Disapprove, 193 to 59, 76.6% to 23.4%; total votes 252. | Question 6: Approve beat Disapprove, 155 to 96, 61.8% to 38.2%; total votes 251. | Dem Primary Mayor: Andrew M. Cuomo beat Zohran Kwame Mamdani, 62 to 46, 47.0% to 34.8%; total votes 132. | Dem Primary Public Advocate: Jumaane D. Williams beat Jenifer Rajkumar, 106 to 7, 88.3% to 5.8%; total votes 120. | Dem Primary Comptroller: Mark D. Levine beat Kevin S. Parker, 51 to 29, 44.0% to 25.0%; total votes 116.", "mayor_margin": 10.8, "q2_yes": 84.9, "q3_yes": 73.6, "q4_yes": 83.8}, "geometry": {"type": "MultiPolygon", "coordinates": [[[[-73.8239553, 40.887672], [-73.8238507, 40.887523], [-73.8238028, 40.8874316], [-73.8236505, 40.8873705], [-73.8235625, 40.8872851], [-73.8233059, 40.8871933], [-73.8230734, 40.8871077], [-73.8227685, 40.8870463], [-73.8226442, 40.8870603], [-73.8224474, 40.8870823], [-73.8222229, 40.887015], [-73.821878, 40.8869292], [-73.8216137, 40.88674], [-73.8214856, 40.8866119], [-73.8213882, 40.8864742], [-73.8209895, 40.8860447], [-73.8206784, 40.8855207], [-73.8208582, 40.8854674], [-73.8216498, 40.8852506], [-73.8220533, 40.8851328], [-73.8236556, 40.8847017], [-73.8245377, 40.8844518], [-73.8252983, 40.8841848], [-73.8256198, 40.8840702], [-73.825798, 40.8839979], [-73.8258652, 40.8839725], [-73.825934, 40.883945], [-73.8268183, 40.8835709], [-73.8268688, 40.8835484], [-73.8274217, 40.8832709], [-73.8284221, 40.8827526], [-73.8290142, 40.8824369], [-73.8297314, 40.8820292], [-73.8301347, 40.8818], [-73.8302337, 40.8817221], [-73.8304345, 40.88159], [-73.8308284, 40.8813143], [-73.8312936, 40.8809582], [-73.8314721, 40.8808215], [-73.831774, 40.8805721], [-73.8319685, 40.8804045], [-73.8319765, 40.8803974], [-73.8321437, 40.8802515], [-73.8323273, 40.8800837], [-73.8328838, 40.879484], [-73.8332673, 40.879052], [-73.8333313, 40.8789777], [-73.8335884, 40.8786374], [-73.8341178, 40.8779803], [-73.8339569, 40.8783474], [-73.8340149, 40.8784579], [-73.8348808, 40.8799794], [-73.8340336, 40.8802748], [-73.8341918, 40.8805926], [-73.8343654, 40.8809058], [-73.834554, 40.8812139], [-73.8347249, 40.8813845], [-73.8354312, 40.8823599], [-73.8357657, 40.8819396], [-73.8362184, 40.882393], [-73.8356095, 40.8829453], [-73.8347558, 40.8835563], [-73.8343454, 40.88385], [-73.834047, 40.8839903], [-73.833618, 40.8841856], [-73.8334225, 40.8842753], [-73.8334222, 40.8842754], [-73.833422, 40.8842755], [-73.8332172, 40.8843543], [-73.8332171, 40.8843544], [-73.833217, 40.8843544], [-73.8330045, 40.8844216], [-73.8330043, 40.8844217], [-73.833004, 40.8844218], [-73.8327856, 40.8844768], [-73.8327854, 40.8844769], [-73.8327852, 40.8844769], [-73.8325626, 40.8845194], [-73.8325623, 40.8845194], [-73.8325621, 40.8845195], [-73.832337, 40.8845492], [-73.8313025, 40.8847114], [-73.8306536, 40.8848529], [-73.830337, 40.8849695], [-73.8295333, 40.8853033], [-73.8279137, 40.8859905], [-73.8277731, 40.886047], [-73.8269675, 40.8863596], [-73.8267283, 40.8864453], [-73.826428, 40.886553], [-73.8261128, 40.886666], [-73.8252958, 40.8869764], [-73.8244894, 40.8874225], [-73.8240309, 40.8876958], [-73.8239553, 40.887672]]]]}}, {"type": "Feature", "properties": {"felt:feature": 64, "ed_label": "AD 83 ED 039", "elect_dist": "83039", "borough": "Bronx", "community_board": 12, "community_board_label": "Bronx CB12", "popup_title": "Bronx CB12 \u2014 AD 83 ED 039", "general_mayor": "ZOHRAN KWAME MAMDANI beat ANDREW M. CUOMO, 184 to 151, 52.0% to 42.7%; total votes 354.", "general_mayor_winner": "Mamdani", "general_public_advocate": "JUMAANE D. WILLIAMS beat GONZALO DURAN, 303 to 29, 91.3% to 8.7%; total votes 332.", "general_public_advocate_winner": "Williams", "general_comptroller": "MARK D. LEVINE beat PETER KEFALAS, 292 to 26, 89.0% to 7.9%; total votes 328.", "general_comptroller_winner": "Levine", "question_1": "Approve beat Disapprove, 190 to 130, 59.4% to 40.6%; total votes 320.", "question_1_winner": "Yes-approve!", "question_2": "Approve beat Disapprove, 266 to 68, 79.6% to 20.4%; total votes 334.", "question_2_winner": "Yes-approve!", "question_3": "Approve beat Disapprove, 241 to 85, 73.9% to 26.1%; total votes 326.", "question_3_winner": "Yes-approve!", "question_4": "Approve beat Disapprove, 255 to 72, 78.0% to 22.0%; total votes 327.", "question_4_winner": "Yes-approve!", "question_5": "Approve beat Disapprove, 245 to 78, 75.9% to 24.1%; total votes 323.", "question_5_winner": "Yes-approve!", "question_6": "Approve beat Disapprove, 168 to 157, 51.7% to 48.3%; total votes 325.", "question_6_winner": "Yes-approve!", "dem_primary_mayor": "Andrew M. Cuomo beat Zohran Kwame Mamdani, 143 to 35, 69.8% to 17.1%; total votes 205.", "dem_primary_mayor_winner": "Cuomo", "dem_primary_public_advocate": "Jumaane D. Williams beat Jenifer Rajkumar, 159 to 19, 82.8% to 9.9%; total votes 192.", "dem_primary_public_advocate_winner": "Williams", "dem_primary_comptroller": "Mark D. Levine beat Kevin S. Parker, 83 to 52, 45.1% to 28.3%; total votes 184.", "dem_primary_comptroller_winner": "Levine", "popup_summary": "Mayor: ZOHRAN KWAME MAMDANI beat ANDREW M. CUOMO, 184 to 151, 52.0% to 42.7%; total votes 354. | Public Advocate: JUMAANE D. WILLIAMS beat GONZALO DURAN, 303 to 29, 91.3% to 8.7%; total votes 332. | City Comptroller: MARK D. LEVINE beat PETER KEFALAS, 292 to 26, 89.0% to 7.9%; total votes 328. | Question 1: Approve beat Disapprove, 190 to 130, 59.4% to 40.6%; total votes 320. | Question 2: Approve beat Disapprove, 266 to 68, 79.6% to 20.4%; total votes 334. | Question 3: Approve beat Disapprove, 241 to 85, 73.9% to 26.1%; total votes 326. | Question 4: Approve beat Disapprove, 255 to 72, 78.0% to 22.0%; total votes 327. | Question 5: Approve beat Disapprove, 245 to 78, 75.9% to 24.1%; total votes 323. | Question 6: Approve beat Disapprove, 168 to 157, 51.7% to 48.3%; total votes 325. | Dem Primary Mayor: Andrew M. Cuomo beat Zohran Kwame Mamdani, 143 to 35, 69.8% to 17.1%; total votes 205. | Dem Primary Public Advocate: Jumaane D. Williams beat Jenifer Rajkumar, 159 to 19, 82.8% to 9.9%; total votes 192. | Dem Primary Comptroller: Mark D. Levine beat Kevin S. Parker, 83 to 52, 45.1% to 28.3%; total votes 184.", "mayor_margin": 9.3, "q2_yes": 79.6, "q3_yes": 73.9, "q4_yes": 78.0}, "geometry": {"type": "MultiPolygon", "coordinates": [[[[-73.8347755, 40.8870681], [-73.8349587, 40.8865813], [-73.8351644, 40.8860993], [-73.8352575, 40.8859045], [-73.8359125, 40.8846903], [-73.8375298, 40.8853548], [-73.837636, 40.8853348], [-73.8367786, 40.8833338], [-73.8376523, 40.8830992], [-73.8385375, 40.8828727], [-73.8395093, 40.8826307], [-73.8404176, 40.8823999], [-73.8412703, 40.8821917], [-73.8421083, 40.8819773], [-73.8433749, 40.8816506], [-73.8438132, 40.8810491], [-73.8449715, 40.8815238], [-73.8451961, 40.8816199], [-73.8451357, 40.8817042], [-73.8450054, 40.881879], [-73.8450676, 40.8820278], [-73.8460272, 40.8824181], [-73.8465761, 40.8822108], [-73.8460666, 40.8829009], [-73.8454674, 40.8826599], [-73.8454121, 40.8826377], [-73.8449435, 40.8824491], [-73.8445569, 40.8822945], [-73.8444685, 40.8823571], [-73.844163, 40.8825744], [-73.8440745, 40.8826373], [-73.8438029, 40.8828305], [-73.8437164, 40.882892], [-73.8436873, 40.883009], [-73.8439072, 40.8831865], [-73.8438487, 40.8832508], [-73.8441546, 40.883415], [-73.8446056, 40.883666], [-73.8448504, 40.883811], [-73.8447481, 40.8838842], [-73.8443747, 40.8841514], [-73.8442662, 40.8842291], [-73.8439258, 40.8844726], [-73.8438413, 40.8845331], [-73.8434695, 40.8847991], [-73.8433809, 40.8848625], [-73.8432217, 40.8849765], [-73.8431453, 40.8850311], [-73.8418617, 40.8859302], [-73.8414923, 40.88619], [-73.8411826, 40.8864078], [-73.8413462, 40.8868443], [-73.8413794, 40.8869314], [-73.8414211, 40.8870404], [-73.8414587, 40.8871389], [-73.8415336, 40.8873352], [-73.8415602, 40.8874049], [-73.8415948, 40.8874954], [-73.8416284, 40.8875836], [-73.8417393, 40.8878739], [-73.8417727, 40.8879614], [-73.8418053, 40.8880469], [-73.8418367, 40.8881291], [-73.8419615, 40.888456], [-73.8410528, 40.8885535], [-73.8401762, 40.8886868], [-73.8399856, 40.8887187], [-73.8397905, 40.8887364], [-73.8395936, 40.8887395], [-73.8393976, 40.888728], [-73.8392055, 40.8887022], [-73.838227, 40.8886445], [-73.8373217, 40.888742], [-73.8364336, 40.8889357], [-73.8355485, 40.8891335], [-73.8350727, 40.8879096], [-73.8350398, 40.887829], [-73.8348077, 40.8872349], [-73.8347212, 40.8872005], [-73.8347755, 40.8870681]]]]}}, {"type": "Feature", "properties": {"felt:feature": 65, "ed_label": "AD 83 ED 040", "elect_dist": "83040", "borough": "Bronx", "community_board": 12, "community_board_label": "Bronx CB12", "popup_title": "Bronx CB12 \u2014 AD 83 ED 040", "general_mayor": "ZOHRAN KWAME MAMDANI beat ANDREW M. CUOMO, 141 to 109, 53.4% to 41.3%; total votes 264.", "general_mayor_winner": "Mamdani", "general_public_advocate": "JUMAANE D. WILLIAMS beat GONZALO DURAN, 215 to 28, 87.8% to 11.4%; total votes 245.", "general_public_advocate_winner": "Williams", "general_comptroller": "MARK D. LEVINE beat PETER KEFALAS, 211 to 26, 87.9% to 10.8%; total votes 240.", "general_comptroller_winner": "Levine", "question_1": "Disapprove beat Approve, 113 to 113, 50.0% to 50.0%; total votes 226.", "question_1_winner": "No-disapprove!", "question_2": "Approve beat Disapprove, 180 to 63, 74.1% to 25.9%; total votes 243.", "question_2_winner": "Yes-approve!", "question_3": "Approve beat Disapprove, 175 to 64, 73.2% to 26.8%; total votes 239.", "question_3_winner": "Yes-approve!", "question_4": "Approve beat Disapprove, 187 to 49, 79.2% to 20.8%; total votes 236.", "question_4_winner": "Yes-approve!", "question_5": "Approve beat Disapprove, 179 to 55, 76.5% to 23.5%; total votes 234.", "question_5_winner": "Yes-approve!", "question_6": "Approve beat Disapprove, 132 to 105, 55.7% to 44.3%; total votes 237.", "question_6_winner": "Yes-approve!", "dem_primary_mayor": "Andrew M. Cuomo beat Zohran Kwame Mamdani, 89 to 42, 60.1% to 28.4%; total votes 148.", "dem_primary_mayor_winner": "Cuomo", "dem_primary_public_advocate": "Jumaane D. Williams beat Jenifer Rajkumar, 125 to 8, 89.3% to 5.7%; total votes 140.", "dem_primary_public_advocate_winner": "Williams", "dem_primary_comptroller": "Mark D. Levine beat Justin Brannan, 81 to 19, 60.9% to 14.3%; total votes 133.", "dem_primary_comptroller_winner": "Levine", "popup_summary": "Mayor: ZOHRAN KWAME MAMDANI beat ANDREW M. CUOMO, 141 to 109, 53.4% to 41.3%; total votes 264. | Public Advocate: JUMAANE D. WILLIAMS beat GONZALO DURAN, 215 to 28, 87.8% to 11.4%; total votes 245. | City Comptroller: MARK D. LEVINE beat PETER KEFALAS, 211 to 26, 87.9% to 10.8%; total votes 240. | Question 1: Disapprove beat Approve, 113 to 113, 50.0% to 50.0%; total votes 226. | Question 2: Approve beat Disapprove, 180 to 63, 74.1% to 25.9%; total votes 243. | Question 3: Approve beat Disapprove, 175 to 64, 73.2% to 26.8%; total votes 239. | Question 4: Approve beat Disapprove, 187 to 49, 79.2% to 20.8%; total votes 236. | Question 5: Approve beat Disapprove, 179 to 55, 76.5% to 23.5%; total votes 234. | Question 6: Approve beat Disapprove, 132 to 105, 55.7% to 44.3%; total votes 237. | Dem Primary Mayor: Andrew M. Cuomo beat Zohran Kwame Mamdani, 89 to 42, 60.1% to 28.4%; total votes 148. | Dem Primary Public Advocate: Jumaane D. Williams beat Jenifer Rajkumar, 125 to 8, 89.3% to 5.7%; total votes 140. | Dem Primary Comptroller: Mark D. Levine beat Justin Brannan, 81 to 19, 60.9% to 14.3%; total votes 133.", "mayor_margin": 12.1, "q2_yes": 74.1, "q3_yes": 73.2, "q4_yes": 79.2}, "geometry": {"type": "MultiPolygon", "coordinates": [[[[-73.8482191, 40.8998281], [-73.8478552, 40.8988565], [-73.8487218, 40.8986655], [-73.8496068, 40.8984713], [-73.8504951, 40.8982758], [-73.8495143, 40.8957182], [-73.8503994, 40.8955239], [-73.8502979, 40.8952582], [-73.8497897, 40.8939283], [-73.8506376, 40.8936433], [-73.851491, 40.893404], [-73.8521549, 40.8951374], [-73.8524298, 40.8958416], [-73.852451, 40.8958958], [-73.8525667, 40.8959732], [-73.8524977, 40.8961086], [-73.8523834, 40.8963331], [-73.8519646, 40.8970955], [-73.8518987, 40.8972571], [-73.8518171, 40.8974152], [-73.8518169, 40.8974155], [-73.8518167, 40.8974158], [-73.8517198, 40.8975693], [-73.8517197, 40.8975694], [-73.8517196, 40.8975695], [-73.8516078, 40.8977173], [-73.8514822, 40.8978583], [-73.8514822, 40.8978583], [-73.8513441, 40.8979911], [-73.851223, 40.8981152], [-73.8507023, 40.8987898], [-73.8506154, 40.8989023], [-73.8500429, 40.8996044], [-73.8498424, 40.8998502], [-73.8490864, 40.8996398], [-73.8482191, 40.8998281]]]]}}, {"type": "Feature", "properties": {"felt:feature": 66, "ed_label": "AD 83 ED 041", "elect_dist": "83041", "borough": "Bronx", "community_board": 12, "community_board_label": "Bronx CB12", "popup_title": "Bronx CB12 \u2014 AD 83 ED 041", "general_mayor": "ZOHRAN KWAME MAMDANI beat ANDREW M. CUOMO, 285 to 190, 57.8% to 38.5%; total votes 493.", "general_mayor_winner": "Mamdani", "general_public_advocate": "JUMAANE D. WILLIAMS beat GONZALO DURAN, 456 to 21, 95.6% to 4.4%; total votes 477.", "general_public_advocate_winner": "Williams", "general_comptroller": "MARK D. LEVINE beat PETER KEFALAS, 428 to 21, 94.1% to 4.6%; total votes 455.", "general_comptroller_winner": "Levine", "question_1": "Approve beat Disapprove, 222 to 196, 53.1% to 46.9%; total votes 418.", "question_1_winner": "Yes-approve!", "question_2": "Approve beat Disapprove, 364 to 76, 82.7% to 17.3%; total votes 440.", "question_2_winner": "Yes-approve!", "question_3": "Approve beat Disapprove, 331 to 101, 76.6% to 23.4%; total votes 432.", "question_3_winner": "Yes-approve!", "question_4": "Approve beat Disapprove, 364 to 70, 83.9% to 16.1%; total votes 434.", "question_4_winner": "Yes-approve!", "question_5": "Approve beat Disapprove, 328 to 95, 77.5% to 22.5%; total votes 423.", "question_5_winner": "Yes-approve!", "question_6": "Approve beat Disapprove, 214 to 209, 50.6% to 49.4%; total votes 423.", "question_6_winner": "Yes-approve!", "dem_primary_mayor": "Andrew M. Cuomo beat Zohran Kwame Mamdani, 180 to 66, 65.9% to 24.2%; total votes 273.", "dem_primary_mayor_winner": "Cuomo", "dem_primary_public_advocate": "Jumaane D. Williams beat Jenifer Rajkumar, 217 to 26, 86.8% to 10.4%; total votes 250.", "dem_primary_public_advocate_winner": "Williams", "dem_primary_comptroller": "Mark D. Levine beat Justin Brannan, 128 to 51, 52.2% to 20.8%; total votes 245.", "dem_primary_comptroller_winner": "Levine", "popup_summary": "Mayor: ZOHRAN KWAME MAMDANI beat ANDREW M. CUOMO, 285 to 190, 57.8% to 38.5%; total votes 493. | Public Advocate: JUMAANE D. WILLIAMS beat GONZALO DURAN, 456 to 21, 95.6% to 4.4%; total votes 477. | City Comptroller: MARK D. LEVINE beat PETER KEFALAS, 428 to 21, 94.1% to 4.6%; total votes 455. | Question 1: Approve beat Disapprove, 222 to 196, 53.1% to 46.9%; total votes 418. | Question 2: Approve beat Disapprove, 364 to 76, 82.7% to 17.3%; total votes 440. | Question 3: Approve beat Disapprove, 331 to 101, 76.6% to 23.4%; total votes 432. | Question 4: Approve beat Disapprove, 364 to 70, 83.9% to 16.1%; total votes 434. | Question 5: Approve beat Disapprove, 328 to 95, 77.5% to 22.5%; total votes 423. | Question 6: Approve beat Disapprove, 214 to 209, 50.6% to 49.4%; total votes 423. | Dem Primary Mayor: Andrew M. Cuomo beat Zohran Kwame Mamdani, 180 to 66, 65.9% to 24.2%; total votes 273. | Dem Primary Public Advocate: Jumaane D. Williams beat Jenifer Rajkumar, 217 to 26, 86.8% to 10.4%; total votes 250. | Dem Primary Comptroller: Mark D. Levine beat Justin Brannan, 128 to 51, 52.2% to 20.8%; total votes 245.", "mayor_margin": 19.3, "q2_yes": 82.7, "q3_yes": 76.6, "q4_yes": 83.9}, "geometry": {"type": "MultiPolygon", "coordinates": [[[[-73.8427882, 40.8930948], [-73.843655, 40.8929063], [-73.844542, 40.8927086], [-73.8454263, 40.8925151], [-73.8463688, 40.8949784], [-73.8468748, 40.8963007], [-73.8478552, 40.8988565], [-73.8469675, 40.8990512], [-73.84608, 40.8992482], [-73.845144, 40.8994537], [-73.8441651, 40.8968967], [-73.8439562, 40.8961892], [-73.8437437, 40.8956207], [-73.8427882, 40.8930948]]]]}}, {"type": "Feature", "properties": {"felt:feature": 67, "ed_label": "AD 83 ED 042", "elect_dist": "83042", "borough": "Bronx", "community_board": 12, "community_board_label": "Bronx CB12", "popup_title": "Bronx CB12 \u2014 AD 83 ED 042", "general_mayor": "ZOHRAN KWAME MAMDANI beat ANDREW M. CUOMO, 111 to 102, 50.7% to 46.6%; total votes 219.", "general_mayor_winner": "Mamdani", "general_public_advocate": "JUMAANE D. WILLIAMS beat GONZALO DURAN, 183 to 22, 87.6% to 10.5%; total votes 209.", "general_public_advocate_winner": "Williams", "general_comptroller": "MARK D. LEVINE beat PETER KEFALAS, 177 to 19, 88.5% to 9.5%; total votes 200.", "general_comptroller_winner": "Levine", "question_1": "Approve beat Disapprove, 93 to 80, 53.8% to 46.2%; total votes 173.", "question_1_winner": "Yes-approve!", "question_2": "Approve beat Disapprove, 145 to 38, 79.2% to 20.8%; total votes 183.", "question_2_winner": "Yes-approve!", "question_3": "Approve beat Disapprove, 130 to 47, 73.4% to 26.6%; total votes 177.", "question_3_winner": "Yes-approve!", "question_4": "Approve beat Disapprove, 150 to 30, 83.3% to 16.7%; total votes 180.", "question_4_winner": "Yes-approve!", "question_5": "Approve beat Disapprove, 129 to 48, 72.9% to 27.1%; total votes 177.", "question_5_winner": "Yes-approve!", "question_6": "Approve beat Disapprove, 98 to 76, 56.3% to 43.7%; total votes 174.", "question_6_winner": "Yes-approve!", "dem_primary_mayor": "Andrew M. Cuomo beat Zohran Kwame Mamdani, 72 to 26, 65.5% to 23.6%; total votes 110.", "dem_primary_mayor_winner": "Cuomo", "dem_primary_public_advocate": "Jumaane D. Williams beat Jenifer Rajkumar, 81 to 22, 75.0% to 20.4%; total votes 108.", "dem_primary_public_advocate_winner": "Williams", "dem_primary_comptroller": "Mark D. Levine beat Justin Brannan, 55 to 24, 52.9% to 23.1%; total votes 104.", "dem_primary_comptroller_winner": "Levine", "popup_summary": "Mayor: ZOHRAN KWAME MAMDANI beat ANDREW M. CUOMO, 111 to 102, 50.7% to 46.6%; total votes 219. | Public Advocate: JUMAANE D. WILLIAMS beat GONZALO DURAN, 183 to 22, 87.6% to 10.5%; total votes 209. | City Comptroller: MARK D. LEVINE beat PETER KEFALAS, 177 to 19, 88.5% to 9.5%; total votes 200. | Question 1: Approve beat Disapprove, 93 to 80, 53.8% to 46.2%; total votes 173. | Question 2: Approve beat Disapprove, 145 to 38, 79.2% to 20.8%; total votes 183. | Question 3: Approve beat Disapprove, 130 to 47, 73.4% to 26.6%; total votes 177. | Question 4: Approve beat Disapprove, 150 to 30, 83.3% to 16.7%; total votes 180. | Question 5: Approve beat Disapprove, 129 to 48, 72.9% to 27.1%; total votes 177. | Question 6: Approve beat Disapprove, 98 to 76, 56.3% to 43.7%; total votes 174. | Dem Primary Mayor: Andrew M. Cuomo beat Zohran Kwame Mamdani, 72 to 26, 65.5% to 23.6%; total votes 110. | Dem Primary Public Advocate: Jumaane D. Williams beat Jenifer Rajkumar, 81 to 22, 75.0% to 20.4%; total votes 108. | Dem Primary Comptroller: Mark D. Levine beat Justin Brannan, 55 to 24, 52.9% to 23.1%; total votes 104.", "mayor_margin": 4.1, "q2_yes": 79.2, "q3_yes": 73.4, "q4_yes": 83.3}, "geometry": {"type": "MultiPolygon", "coordinates": [[[[-73.8444132, 40.9041713], [-73.8441781, 40.9035588], [-73.8450799, 40.9033587], [-73.8459852, 40.9031632], [-73.845471, 40.9018377], [-73.8468023, 40.9015522], [-73.8465777, 40.9031531], [-73.8474783, 40.9032216], [-73.8479957, 40.903253], [-73.8479176, 40.9039346], [-73.8478174, 40.9045543], [-73.8475113, 40.9052231], [-73.8472054, 40.9058786], [-73.8470803, 40.9061567], [-73.8462327, 40.9058987], [-73.8453806, 40.9056558], [-73.8448189, 40.90553], [-73.8448771, 40.9050727], [-73.8449292, 40.904663], [-73.8448926, 40.9041909], [-73.8444132, 40.9041713]]]]}}, {"type": "Feature", "properties": {"felt:feature": 68, "ed_label": "AD 83 ED 043", "elect_dist": "83043", "borough": "Bronx", "community_board": 12, "community_board_label": "Bronx CB12", "popup_title": "Bronx CB12 \u2014 AD 83 ED 043", "general_mayor": "ZOHRAN KWAME MAMDANI beat ANDREW M. CUOMO, 270 to 227, 52.7% to 44.3%; total votes 512.", "general_mayor_winner": "Mamdani", "general_public_advocate": "JUMAANE D. WILLIAMS beat GONZALO DURAN, 450 to 34, 92.8% to 7.0%; total votes 485.", "general_public_advocate_winner": "Williams", "general_comptroller": "MARK D. LEVINE beat PETER KEFALAS, 433 to 33, 91.7% to 7.0%; total votes 472.", "general_comptroller_winner": "Levine", "question_1": "Approve beat Disapprove, 249 to 194, 56.2% to 43.8%; total votes 443.", "question_1_winner": "Yes-approve!", "question_2": "Approve beat Disapprove, 381 to 93, 80.4% to 19.6%; total votes 474.", "question_2_winner": "Yes-approve!", "question_3": "Approve beat Disapprove, 342 to 118, 74.3% to 25.7%; total votes 460.", "question_3_winner": "Yes-approve!", "question_4": "Approve beat Disapprove, 376 to 85, 81.6% to 18.4%; total votes 461.", "question_4_winner": "Yes-approve!", "question_5": "Approve beat Disapprove, 365 to 93, 79.7% to 20.3%; total votes 458.", "question_5_winner": "Yes-approve!", "question_6": "Approve beat Disapprove, 252 to 201, 55.6% to 44.4%; total votes 453.", "question_6_winner": "Yes-approve!", "dem_primary_mayor": "Andrew M. Cuomo beat Zohran Kwame Mamdani, 209 to 65, 69.4% to 21.6%; total votes 301.", "dem_primary_mayor_winner": "Cuomo", "dem_primary_public_advocate": "Jumaane D. Williams beat Jenifer Rajkumar, 235 to 30, 85.1% to 10.9%; total votes 276.", "dem_primary_public_advocate_winner": "Williams", "dem_primary_comptroller": "Mark D. Levine beat Justin Brannan, 151 to 52, 55.1% to 19.0%; total votes 274.", "dem_primary_comptroller_winner": "Levine", "popup_summary": "Mayor: ZOHRAN KWAME MAMDANI beat ANDREW M. CUOMO, 270 to 227, 52.7% to 44.3%; total votes 512. | Public Advocate: JUMAANE D. WILLIAMS beat GONZALO DURAN, 450 to 34, 92.8% to 7.0%; total votes 485. | City Comptroller: MARK D. LEVINE beat PETER KEFALAS, 433 to 33, 91.7% to 7.0%; total votes 472. | Question 1: Approve beat Disapprove, 249 to 194, 56.2% to 43.8%; total votes 443. | Question 2: Approve beat Disapprove, 381 to 93, 80.4% to 19.6%; total votes 474. | Question 3: Approve beat Disapprove, 342 to 118, 74.3% to 25.7%; total votes 460. | Question 4: Approve beat Disapprove, 376 to 85, 81.6% to 18.4%; total votes 461. | Question 5: Approve beat Disapprove, 365 to 93, 79.7% to 20.3%; total votes 458. | Question 6: Approve beat Disapprove, 252 to 201, 55.6% to 44.4%; total votes 453. | Dem Primary Mayor: Andrew M. Cuomo beat Zohran Kwame Mamdani, 209 to 65, 69.4% to 21.6%; total votes 301. | Dem Primary Public Advocate: Jumaane D. Williams beat Jenifer Rajkumar, 235 to 30, 85.1% to 10.9%; total votes 276. | Dem Primary Comptroller: Mark D. Levine beat Justin Brannan, 151 to 52, 55.1% to 19.0%; total votes 274.", "mayor_margin": 8.4, "q2_yes": 80.4, "q3_yes": 74.3, "q4_yes": 81.6}, "geometry": {"type": "MultiPolygon", "coordinates": [[[[-73.8400447, 40.900575], [-73.8408092, 40.9004029], [-73.8416936, 40.9002088], [-73.8425659, 40.9000179], [-73.8434571, 40.8998241], [-73.8443468, 40.8996278], [-73.845144, 40.8994537], [-73.84608, 40.8992482], [-73.8469675, 40.8990512], [-73.8478552, 40.8988565], [-73.8482191, 40.8998281], [-73.8474247, 40.9002733], [-73.846937, 40.90152], [-73.8468023, 40.9015522], [-73.845471, 40.9018377], [-73.8459852, 40.9031632], [-73.8450799, 40.9033587], [-73.8441781, 40.9035588], [-73.8444132, 40.9041713], [-73.8433956, 40.9041711], [-73.8423754, 40.9041664], [-73.8413869, 40.9041727], [-73.8411315, 40.9035037], [-73.8410627, 40.9032141], [-73.8410205, 40.9028141], [-73.8408655, 40.9018624], [-73.8408409, 40.9017833], [-73.8408119, 40.9017051], [-73.8407786, 40.9016279], [-73.840741, 40.9015518], [-73.8406992, 40.9014769], [-73.8406533, 40.9014035], [-73.8400447, 40.900575]]]]}}, {"type": "Feature", "properties": {"felt:feature": 69, "ed_label": "AD 83 ED 044", "elect_dist": "83044", "borough": "Bronx", "community_board": 12, "community_board_label": "Bronx CB12", "popup_title": "Bronx CB12 \u2014 AD 83 ED 044", "general_mayor": "ZOHRAN KWAME MAMDANI beat ANDREW M. CUOMO, 306 to 249, 52.5% to 42.7%; total votes 583.", "general_mayor_winner": "Mamdani", "general_public_advocate": "JUMAANE D. WILLIAMS beat GONZALO DURAN, 509 to 33, 92.5% to 6.0%; total votes 550.", "general_public_advocate_winner": "Williams", "general_comptroller": "MARK D. LEVINE beat PETER KEFALAS, 479 to 36, 90.0% to 6.8%; total votes 532.", "general_comptroller_winner": "Levine", "question_1": "Approve beat Disapprove, 291 to 226, 56.3% to 43.7%; total votes 517.", "question_1_winner": "Yes-approve!", "question_2": "Approve beat Disapprove, 414 to 134, 75.5% to 24.5%; total votes 548.", "question_2_winner": "Yes-approve!", "question_3": "Approve beat Disapprove, 388 to 150, 72.1% to 27.9%; total votes 538.", "question_3_winner": "Yes-approve!", "question_4": "Approve beat Disapprove, 434 to 108, 80.1% to 19.9%; total votes 542.", "question_4_winner": "Yes-approve!", "question_5": "Approve beat Disapprove, 417 to 114, 78.5% to 21.5%; total votes 531.", "question_5_winner": "Yes-approve!", "question_6": "Approve beat Disapprove, 290 to 240, 54.7% to 45.3%; total votes 530.", "question_6_winner": "Yes-approve!", "dem_primary_mayor": "Andrew M. Cuomo beat Zohran Kwame Mamdani, 215 to 77, 63.4% to 22.7%; total votes 339.", "dem_primary_mayor_winner": "Cuomo", "dem_primary_public_advocate": "Jumaane D. Williams beat Jenifer Rajkumar, 268 to 34, 84.3% to 10.7%; total votes 318.", "dem_primary_public_advocate_winner": "Williams", "dem_primary_comptroller": "Mark D. Levine beat Kevin S. Parker, 172 to 63, 54.6% to 20.0%; total votes 315.", "dem_primary_comptroller_winner": "Levine", "popup_summary": "Mayor: ZOHRAN KWAME MAMDANI beat ANDREW M. CUOMO, 306 to 249, 52.5% to 42.7%; total votes 583. | Public Advocate: JUMAANE D. WILLIAMS beat GONZALO DURAN, 509 to 33, 92.5% to 6.0%; total votes 550. | City Comptroller: MARK D. LEVINE beat PETER KEFALAS, 479 to 36, 90.0% to 6.8%; total votes 532. | Question 1: Approve beat Disapprove, 291 to 226, 56.3% to 43.7%; total votes 517. | Question 2: Approve beat Disapprove, 414 to 134, 75.5% to 24.5%; total votes 548. | Question 3: Approve beat Disapprove, 388 to 150, 72.1% to 27.9%; total votes 538. | Question 4: Approve beat Disapprove, 434 to 108, 80.1% to 19.9%; total votes 542. | Question 5: Approve beat Disapprove, 417 to 114, 78.5% to 21.5%; total votes 531. | Question 6: Approve beat Disapprove, 290 to 240, 54.7% to 45.3%; total votes 530. | Dem Primary Mayor: Andrew M. Cuomo beat Zohran Kwame Mamdani, 215 to 77, 63.4% to 22.7%; total votes 339. | Dem Primary Public Advocate: Jumaane D. Williams beat Jenifer Rajkumar, 268 to 34, 84.3% to 10.7%; total votes 318. | Dem Primary Comptroller: Mark D. Levine beat Kevin S. Parker, 172 to 63, 54.6% to 20.0%; total votes 315.", "mayor_margin": 9.8, "q2_yes": 75.5, "q3_yes": 72.1, "q4_yes": 80.1}, "geometry": {"type": "MultiPolygon", "coordinates": [[[[-73.838392, 40.894067], [-73.8392784, 40.8938695], [-73.8401471, 40.8936764], [-73.8410343, 40.8934825], [-73.8419206, 40.8932858], [-73.8427882, 40.8930948], [-73.8437437, 40.8956207], [-73.8439562, 40.8961892], [-73.8441651, 40.8968967], [-73.845144, 40.8994537], [-73.8443468, 40.8996278], [-73.8434571, 40.8998241], [-73.8425659, 40.9000179], [-73.8416936, 40.9002088], [-73.8408092, 40.9004029], [-73.8400447, 40.900575], [-73.839246, 40.8995012], [-73.8392183, 40.8994184], [-73.8391972, 40.8993346], [-73.8391829, 40.8992499], [-73.8391753, 40.8991647], [-73.8391746, 40.8990793], [-73.8391806, 40.8989941], [-73.8391935, 40.8989093], [-73.8392132, 40.8988252], [-73.8392395, 40.8987422], [-73.8392724, 40.8986605], [-73.8396643, 40.8978855], [-73.8396481, 40.8973305], [-73.8389663, 40.8955932], [-73.838392, 40.894067]]]]}}, {"type": "Feature", "properties": {"felt:feature": 70, "ed_label": "AD 83 ED 045", "elect_dist": "83045", "borough": "Bronx", "community_board": 12, "community_board_label": "Bronx CB12", "popup_title": "Bronx CB12 \u2014 AD 83 ED 045", "general_mayor": "ZOHRAN KWAME MAMDANI beat ANDREW M. CUOMO, 146 to 124, 52.9% to 44.9%; total votes 276.", "general_mayor_winner": "Mamdani", "general_public_advocate": "JUMAANE D. WILLIAMS beat GONZALO DURAN, 245 to 19, 92.5% to 7.2%; total votes 265.", "general_public_advocate_winner": "Williams", "general_comptroller": "MARK D. LEVINE beat PETER KEFALAS, 231 to 15, 93.1% to 6.0%; total votes 248.", "general_comptroller_winner": "Levine", "question_1": "Approve beat Disapprove, 142 to 104, 57.7% to 42.3%; total votes 246.", "question_1_winner": "Yes-approve!", "question_2": "Approve beat Disapprove, 207 to 52, 79.9% to 20.1%; total votes 259.", "question_2_winner": "Yes-approve!", "question_3": "Approve beat Disapprove, 188 to 61, 75.5% to 24.5%; total votes 249.", "question_3_winner": "Yes-approve!", "question_4": "Approve beat Disapprove, 197 to 56, 77.9% to 22.1%; total votes 253.", "question_4_winner": "Yes-approve!", "question_5": "Approve beat Disapprove, 198 to 49, 80.2% to 19.8%; total votes 247.", "question_5_winner": "Yes-approve!", "question_6": "Disapprove beat Approve, 125 to 122, 50.6% to 49.4%; total votes 247.", "question_6_winner": "No-disapprove!", "dem_primary_mayor": "Andrew M. Cuomo beat Zohran Kwame Mamdani, 103 to 27, 72.0% to 18.9%; total votes 143.", "dem_primary_mayor_winner": "Cuomo", "dem_primary_public_advocate": "Jumaane D. Williams beat Jenifer Rajkumar, 114 to 11, 88.4% to 8.5%; total votes 129.", "dem_primary_public_advocate_winner": "Williams", "dem_primary_comptroller": "Mark D. Levine beat Kevin S. Parker, 58 to 26, 48.3% to 21.7%; total votes 120.", "dem_primary_comptroller_winner": "Levine", "popup_summary": "Mayor: ZOHRAN KWAME MAMDANI beat ANDREW M. CUOMO, 146 to 124, 52.9% to 44.9%; total votes 276. | Public Advocate: JUMAANE D. WILLIAMS beat GONZALO DURAN, 245 to 19, 92.5% to 7.2%; total votes 265. | City Comptroller: MARK D. LEVINE beat PETER KEFALAS, 231 to 15, 93.1% to 6.0%; total votes 248. | Question 1: Approve beat Disapprove, 142 to 104, 57.7% to 42.3%; total votes 246. | Question 2: Approve beat Disapprove, 207 to 52, 79.9% to 20.1%; total votes 259. | Question 3: Approve beat Disapprove, 188 to 61, 75.5% to 24.5%; total votes 249. | Question 4: Approve beat Disapprove, 197 to 56, 77.9% to 22.1%; total votes 253. | Question 5: Approve beat Disapprove, 198 to 49, 80.2% to 19.8%; total votes 247. | Question 6: Disapprove beat Approve, 125 to 122, 50.6% to 49.4%; total votes 247. | Dem Primary Mayor: Andrew M. Cuomo beat Zohran Kwame Mamdani, 103 to 27, 72.0% to 18.9%; total votes 143. | Dem Primary Public Advocate: Jumaane D. Williams beat Jenifer Rajkumar, 114 to 11, 88.4% to 8.5%; total votes 129. | Dem Primary Comptroller: Mark D. Levine beat Kevin S. Parker, 58 to 26, 48.3% to 21.7%; total votes 120.", "mayor_margin": 8.0, "q2_yes": 79.9, "q3_yes": 75.5, "q4_yes": 77.9}, "geometry": {"type": "MultiPolygon", "coordinates": [[[[-73.8279137, 40.8859905], [-73.8295333, 40.8853033], [-73.830337, 40.8849695], [-73.8306536, 40.8848529], [-73.8313025, 40.8847114], [-73.832337, 40.8845492], [-73.8325621, 40.8845195], [-73.8325623, 40.8845194], [-73.8325626, 40.8845194], [-73.8327852, 40.8844769], [-73.8327854, 40.8844769], [-73.8327856, 40.8844768], [-73.833004, 40.8844218], [-73.8330043, 40.8844217], [-73.8330045, 40.8844216], [-73.833217, 40.8843544], [-73.8332171, 40.8843544], [-73.8332172, 40.8843543], [-73.833422, 40.8842755], [-73.8334222, 40.8842754], [-73.8334225, 40.8842753], [-73.833618, 40.8841856], [-73.834047, 40.8839903], [-73.8343454, 40.88385], [-73.8347558, 40.8835563], [-73.8356095, 40.8829453], [-73.8362184, 40.882393], [-73.8363749, 40.8826223], [-73.8365207, 40.8828558], [-73.8366553, 40.8830931], [-73.8367786, 40.8833338], [-73.837636, 40.8853348], [-73.8375298, 40.8853548], [-73.8359125, 40.8846903], [-73.8352575, 40.8859045], [-73.8351644, 40.8860993], [-73.8349587, 40.8865813], [-73.8347755, 40.8870681], [-73.8342622, 40.8870101], [-73.8333555, 40.8869058], [-73.832468, 40.8868152], [-73.8325734, 40.8857651], [-73.8318897, 40.8867614], [-73.8312793, 40.8876507], [-73.8312568, 40.8874164], [-73.8311999, 40.8866635], [-73.8301838, 40.8865586], [-73.8292029, 40.8864986], [-73.8286608, 40.8864524], [-73.8284543, 40.8863697], [-73.8280635, 40.8863179], [-73.8279137, 40.8859905]]]]}}, {"type": "Feature", "properties": {"felt:feature": 71, "ed_label": "AD 83 ED 046", "elect_dist": "83046", "borough": "Bronx", "community_board": 12, "community_board_label": "Bronx CB12", "popup_title": "Bronx CB12 \u2014 AD 83 ED 046", "general_mayor": "ZOHRAN KWAME MAMDANI beat ANDREW M. CUOMO, 279 to 241, 50.5% to 43.7%; total votes 552.", "general_mayor_winner": "Mamdani", "general_public_advocate": "JUMAANE D. WILLIAMS beat GONZALO DURAN, 444 to 57, 87.6% to 11.2%; total votes 507.", "general_public_advocate_winner": "Williams", "general_comptroller": "MARK D. LEVINE beat PETER KEFALAS, 430 to 60, 86.5% to 12.1%; total votes 497.", "general_comptroller_winner": "Levine", "question_1": "Approve beat Disapprove, 242 to 225, 51.8% to 48.2%; total votes 467.", "question_1_winner": "Yes-approve!", "question_2": "Approve beat Disapprove, 381 to 106, 78.2% to 21.8%; total votes 487.", "question_2_winner": "Yes-approve!", "question_3": "Approve beat Disapprove, 345 to 127, 73.1% to 26.9%; total votes 472.", "question_3_winner": "Yes-approve!", "question_4": "Approve beat Disapprove, 365 to 109, 77.0% to 23.0%; total votes 474.", "question_4_winner": "Yes-approve!", "question_5": "Approve beat Disapprove, 357 to 117, 75.3% to 24.7%; total votes 474.", "question_5_winner": "Yes-approve!", "question_6": "Approve beat Disapprove, 241 to 229, 51.3% to 48.7%; total votes 470.", "question_6_winner": "Yes-approve!", "dem_primary_mayor": "Andrew M. Cuomo beat Zohran Kwame Mamdani, 159 to 79, 57.4% to 28.5%; total votes 277.", "dem_primary_mayor_winner": "Cuomo", "dem_primary_public_advocate": "Jumaane D. Williams beat Jenifer Rajkumar, 208 to 31, 83.2% to 12.4%; total votes 250.", "dem_primary_public_advocate_winner": "Williams", "dem_primary_comptroller": "Mark D. Levine beat Justin Brannan, 135 to 43, 54.0% to 17.2%; total votes 250.", "dem_primary_comptroller_winner": "Levine", "popup_summary": "Mayor: ZOHRAN KWAME MAMDANI beat ANDREW M. CUOMO, 279 to 241, 50.5% to 43.7%; total votes 552. | Public Advocate: JUMAANE D. WILLIAMS beat GONZALO DURAN, 444 to 57, 87.6% to 11.2%; total votes 507. | City Comptroller: MARK D. LEVINE beat PETER KEFALAS, 430 to 60, 86.5% to 12.1%; total votes 497. | Question 1: Approve beat Disapprove, 242 to 225, 51.8% to 48.2%; total votes 467. | Question 2: Approve beat Disapprove, 381 to 106, 78.2% to 21.8%; total votes 487. | Question 3: Approve beat Disapprove, 345 to 127, 73.1% to 26.9%; total votes 472. | Question 4: Approve beat Disapprove, 365 to 109, 77.0% to 23.0%; total votes 474. | Question 5: Approve beat Disapprove, 357 to 117, 75.3% to 24.7%; total votes 474. | Question 6: Approve beat Disapprove, 241 to 229, 51.3% to 48.7%; total votes 470. | Dem Primary Mayor: Andrew M. Cuomo beat Zohran Kwame Mamdani, 159 to 79, 57.4% to 28.5%; total votes 277. | Dem Primary Public Advocate: Jumaane D. Williams beat Jenifer Rajkumar, 208 to 31, 83.2% to 12.4%; total votes 250. | Dem Primary Comptroller: Mark D. Levine beat Justin Brannan, 135 to 43, 54.0% to 17.2%; total votes 250.", "mayor_margin": 6.8, "q2_yes": 78.2, "q3_yes": 73.1, "q4_yes": 77.0}, "geometry": {"type": "MultiPolygon", "coordinates": [[[[-73.8239157, 40.8899746], [-73.824619, 40.8886494], [-73.8239231, 40.8878227], [-73.8238714, 40.8877836], [-73.823851, 40.8877683], [-73.8238229, 40.8877472], [-73.8239553, 40.887672], [-73.8240309, 40.8876958], [-73.8244894, 40.8874225], [-73.8252958, 40.8869764], [-73.8261128, 40.886666], [-73.826428, 40.886553], [-73.8267283, 40.8864453], [-73.8269675, 40.8863596], [-73.8277731, 40.886047], [-73.8279137, 40.8859905], [-73.8280635, 40.8863179], [-73.8284543, 40.8863697], [-73.8286608, 40.8864524], [-73.8292029, 40.8864986], [-73.8301838, 40.8865586], [-73.8311999, 40.8866635], [-73.8312568, 40.8874164], [-73.8312793, 40.8876507], [-73.8318897, 40.8867614], [-73.8325734, 40.8857651], [-73.832468, 40.8868152], [-73.8333555, 40.8869058], [-73.8342622, 40.8870101], [-73.8347755, 40.8870681], [-73.8347212, 40.8872005], [-73.8348077, 40.8872349], [-73.8350398, 40.887829], [-73.8350727, 40.8879096], [-73.8355485, 40.8891335], [-73.8364588, 40.8915161], [-73.8355825, 40.8917092], [-73.8346867, 40.8919072], [-73.8337545, 40.8921007], [-73.8335685, 40.8928064], [-73.8326781, 40.8926018], [-73.831845, 40.8923543], [-73.8309577, 40.8920302], [-73.8300797, 40.8917882], [-73.8289056, 40.8914395], [-73.8286634, 40.8913675], [-73.8279693, 40.8911453], [-73.8272243, 40.8909102], [-73.8252082, 40.8903444], [-73.8239157, 40.8899746]]]]}}, {"type": "Feature", "properties": {"felt:feature": 72, "ed_label": "AD 83 ED 047", "elect_dist": "83047", "borough": "Bronx", "community_board": 12, "community_board_label": "Bronx CB12", "popup_title": "Bronx CB12 \u2014 AD 83 ED 047", "general_mayor": "ZOHRAN KWAME MAMDANI beat ANDREW M. CUOMO, 229 to 160, 55.6% to 38.8%; total votes 412.", "general_mayor_winner": "Mamdani", "general_public_advocate": "JUMAANE D. WILLIAMS beat GONZALO DURAN, 365 to 27, 91.9% to 6.8%; total votes 397.", "general_public_advocate_winner": "Williams", "general_comptroller": "MARK D. LEVINE beat PETER KEFALAS, 346 to 27, 90.1% to 7.0%; total votes 384.", "general_comptroller_winner": "Levine", "question_1": "Approve beat Disapprove, 192 to 168, 53.3% to 46.7%; total votes 360.", "question_1_winner": "Yes-approve!", "question_2": "Approve beat Disapprove, 301 to 74, 80.3% to 19.7%; total votes 375.", "question_2_winner": "Yes-approve!", "question_3": "Approve beat Disapprove, 271 to 96, 73.8% to 26.2%; total votes 367.", "question_3_winner": "Yes-approve!", "question_4": "Approve beat Disapprove, 289 to 78, 78.7% to 21.3%; total votes 367.", "question_4_winner": "Yes-approve!", "question_5": "Approve beat Disapprove, 287 to 78, 78.6% to 21.4%; total votes 365.", "question_5_winner": "Yes-approve!", "question_6": "Approve beat Disapprove, 183 to 177, 50.8% to 49.2%; total votes 360.", "question_6_winner": "Yes-approve!", "dem_primary_mayor": "Andrew M. Cuomo beat Zohran Kwame Mamdani, 151 to 54, 64.3% to 23.0%; total votes 235.", "dem_primary_mayor_winner": "Cuomo", "dem_primary_public_advocate": "Jumaane D. Williams beat Jenifer Rajkumar, 187 to 20, 83.5% to 8.9%; total votes 224.", "dem_primary_public_advocate_winner": "Williams", "dem_primary_comptroller": "Mark D. Levine beat Justin Brannan, 109 to 51, 51.2% to 23.9%; total votes 213.", "dem_primary_comptroller_winner": "Levine", "popup_summary": "Mayor: ZOHRAN KWAME MAMDANI beat ANDREW M. CUOMO, 229 to 160, 55.6% to 38.8%; total votes 412. | Public Advocate: JUMAANE D. WILLIAMS beat GONZALO DURAN, 365 to 27, 91.9% to 6.8%; total votes 397. | City Comptroller: MARK D. LEVINE beat PETER KEFALAS, 346 to 27, 90.1% to 7.0%; total votes 384. | Question 1: Approve beat Disapprove, 192 to 168, 53.3% to 46.7%; total votes 360. | Question 2: Approve beat Disapprove, 301 to 74, 80.3% to 19.7%; total votes 375. | Question 3: Approve beat Disapprove, 271 to 96, 73.8% to 26.2%; total votes 367. | Question 4: Approve beat Disapprove, 289 to 78, 78.7% to 21.3%; total votes 367. | Question 5: Approve beat Disapprove, 287 to 78, 78.6% to 21.4%; total votes 365. | Question 6: Approve beat Disapprove, 183 to 177, 50.8% to 49.2%; total votes 360. | Dem Primary Mayor: Andrew M. Cuomo beat Zohran Kwame Mamdani, 151 to 54, 64.3% to 23.0%; total votes 235. | Dem Primary Public Advocate: Jumaane D. Williams beat Jenifer Rajkumar, 187 to 20, 83.5% to 8.9%; total votes 224. | Dem Primary Comptroller: Mark D. Levine beat Justin Brannan, 109 to 51, 51.2% to 23.9%; total votes 213.", "mayor_margin": 16.8, "q2_yes": 80.3, "q3_yes": 73.8, "q4_yes": 78.7}, "geometry": {"type": "MultiPolygon", "coordinates": [[[[-73.8335685, 40.8928064], [-73.8337545, 40.8921007], [-73.8346867, 40.8919072], [-73.8355825, 40.8917092], [-73.8364588, 40.8915161], [-73.8355485, 40.8891335], [-73.8364336, 40.8889357], [-73.8373217, 40.888742], [-73.838227, 40.8886445], [-73.8391005, 40.8909355], [-73.8401471, 40.8936764], [-73.8392784, 40.8938695], [-73.838392, 40.894067], [-73.8380428, 40.8941423], [-73.8373796, 40.8939247], [-73.8363054, 40.8935992], [-73.8352579, 40.8933916], [-73.8335685, 40.8928064]]]]}}, {"type": "Feature", "properties": {"felt:feature": 73, "ed_label": "AD 83 ED 048", "elect_dist": "83048", "borough": "Bronx", "community_board": 12, "community_board_label": "Bronx CB12", "popup_title": "Bronx CB12 \u2014 AD 83 ED 048", "general_mayor": "ZOHRAN KWAME MAMDANI beat ANDREW M. CUOMO, 270 to 197, 55.8% to 40.7%; total votes 484.", "general_mayor_winner": "Mamdani", "general_public_advocate": "JUMAANE D. WILLIAMS beat GONZALO DURAN, 442 to 23, 94.4% to 4.9%; total votes 468.", "general_public_advocate_winner": "Williams", "general_comptroller": "MARK D. LEVINE beat PETER KEFALAS, 429 to 25, 93.7% to 5.5%; total votes 458.", "general_comptroller_winner": "Levine", "question_1": "Approve beat Disapprove, 252 to 198, 56.0% to 44.0%; total votes 450.", "question_1_winner": "Yes-approve!", "question_2": "Approve beat Disapprove, 376 to 89, 80.9% to 19.1%; total votes 465.", "question_2_winner": "Yes-approve!", "question_3": "Approve beat Disapprove, 339 to 115, 74.7% to 25.3%; total votes 454.", "question_3_winner": "Yes-approve!", "question_4": "Approve beat Disapprove, 376 to 87, 81.2% to 18.8%; total votes 463.", "question_4_winner": "Yes-approve!", "question_5": "Approve beat Disapprove, 350 to 107, 76.6% to 23.4%; total votes 457.", "question_5_winner": "Yes-approve!", "question_6": "Approve beat Disapprove, 260 to 201, 56.4% to 43.6%; total votes 461.", "question_6_winner": "Yes-approve!", "dem_primary_mayor": "Andrew M. Cuomo beat Zohran Kwame Mamdani, 165 to 84, 56.1% to 28.6%; total votes 294.", "dem_primary_mayor_winner": "Cuomo", "dem_primary_public_advocate": "Jumaane D. Williams beat Jenifer Rajkumar, 235 to 22, 88.0% to 8.2%; total votes 267.", "dem_primary_public_advocate_winner": "Williams", "dem_primary_comptroller": "Mark D. Levine beat Justin Brannan, 139 to 60, 52.5% to 22.6%; total votes 265.", "dem_primary_comptroller_winner": "Levine", "popup_summary": "Mayor: ZOHRAN KWAME MAMDANI beat ANDREW M. CUOMO, 270 to 197, 55.8% to 40.7%; total votes 484. | Public Advocate: JUMAANE D. WILLIAMS beat GONZALO DURAN, 442 to 23, 94.4% to 4.9%; total votes 468. | City Comptroller: MARK D. LEVINE beat PETER KEFALAS, 429 to 25, 93.7% to 5.5%; total votes 458. | Question 1: Approve beat Disapprove, 252 to 198, 56.0% to 44.0%; total votes 450. | Question 2: Approve beat Disapprove, 376 to 89, 80.9% to 19.1%; total votes 465. | Question 3: Approve beat Disapprove, 339 to 115, 74.7% to 25.3%; total votes 454. | Question 4: Approve beat Disapprove, 376 to 87, 81.2% to 18.8%; total votes 463. | Question 5: Approve beat Disapprove, 350 to 107, 76.6% to 23.4%; total votes 457. | Question 6: Approve beat Disapprove, 260 to 201, 56.4% to 43.6%; total votes 461. | Dem Primary Mayor: Andrew M. Cuomo beat Zohran Kwame Mamdani, 165 to 84, 56.1% to 28.6%; total votes 294. | Dem Primary Public Advocate: Jumaane D. Williams beat Jenifer Rajkumar, 235 to 22, 88.0% to 8.2%; total votes 267. | Dem Primary Comptroller: Mark D. Levine beat Justin Brannan, 139 to 60, 52.5% to 22.6%; total votes 265.", "mayor_margin": 15.1, "q2_yes": 80.9, "q3_yes": 74.7, "q4_yes": 81.2}, "geometry": {"type": "MultiPolygon", "coordinates": [[[[-73.838227, 40.8886445], [-73.8392055, 40.8887022], [-73.8393976, 40.888728], [-73.8395936, 40.8887395], [-73.8397905, 40.8887364], [-73.8399856, 40.8887187], [-73.8401762, 40.8886868], [-73.8410528, 40.8885535], [-73.8419615, 40.888456], [-73.8426076, 40.8901631], [-73.8427436, 40.8905193], [-73.843655, 40.8929063], [-73.8427882, 40.8930948], [-73.8419206, 40.8932858], [-73.8410343, 40.8934825], [-73.8401471, 40.8936764], [-73.8391005, 40.8909355], [-73.838227, 40.8886445]]]]}}, {"type": "Feature", "properties": {"felt:feature": 74, "ed_label": "AD 83 ED 049", "elect_dist": "83049", "borough": "Bronx", "community_board": 12, "community_board_label": "Bronx CB12", "popup_title": "Bronx CB12 \u2014 AD 83 ED 049", "general_mayor": "ZOHRAN KWAME MAMDANI beat ANDREW M. CUOMO, 121 to 103, 51.9% to 44.2%; total votes 233.", "general_mayor_winner": "Mamdani", "general_public_advocate": "JUMAANE D. WILLIAMS beat GONZALO DURAN, 199 to 12, 93.4% to 5.6%; total votes 213.", "general_public_advocate_winner": "Williams", "general_comptroller": "MARK D. LEVINE beat PETER KEFALAS, 185 to 12, 88.9% to 5.8%; total votes 208.", "general_comptroller_winner": "Levine", "question_1": "Approve beat Disapprove, 109 to 80, 57.7% to 42.3%; total votes 189.", "question_1_winner": "Yes-approve!", "question_2": "Approve beat Disapprove, 180 to 20, 90.0% to 10.0%; total votes 200.", "question_2_winner": "Yes-approve!", "question_3": "Approve beat Disapprove, 162 to 32, 83.5% to 16.5%; total votes 194.", "question_3_winner": "Yes-approve!", "question_4": "Approve beat Disapprove, 172 to 23, 88.2% to 11.8%; total votes 195.", "question_4_winner": "Yes-approve!", "question_5": "Approve beat Disapprove, 148 to 40, 78.7% to 21.3%; total votes 188.", "question_5_winner": "Yes-approve!", "question_6": "Approve beat Disapprove, 117 to 73, 61.6% to 38.4%; total votes 190.", "question_6_winner": "Yes-approve!", "dem_primary_mayor": "Andrew M. Cuomo beat Zohran Kwame Mamdani, 77 to 32, 64.7% to 26.9%; total votes 119.", "dem_primary_mayor_winner": "Cuomo", "dem_primary_public_advocate": "Jumaane D. Williams beat Jenifer Rajkumar, 97 to 10, 85.8% to 8.8%; total votes 113.", "dem_primary_public_advocate_winner": "Williams", "dem_primary_comptroller": "Mark D. Levine beat Ismael Malave Perez, 51 to 23, 50.0% to 22.5%; total votes 102.", "dem_primary_comptroller_winner": "Levine", "popup_summary": "Mayor: ZOHRAN KWAME MAMDANI beat ANDREW M. CUOMO, 121 to 103, 51.9% to 44.2%; total votes 233. | Public Advocate: JUMAANE D. WILLIAMS beat GONZALO DURAN, 199 to 12, 93.4% to 5.6%; total votes 213. | City Comptroller: MARK D. LEVINE beat PETER KEFALAS, 185 to 12, 88.9% to 5.8%; total votes 208. | Question 1: Approve beat Disapprove, 109 to 80, 57.7% to 42.3%; total votes 189. | Question 2: Approve beat Disapprove, 180 to 20, 90.0% to 10.0%; total votes 200. | Question 3: Approve beat Disapprove, 162 to 32, 83.5% to 16.5%; total votes 194. | Question 4: Approve beat Disapprove, 172 to 23, 88.2% to 11.8%; total votes 195. | Question 5: Approve beat Disapprove, 148 to 40, 78.7% to 21.3%; total votes 188. | Question 6: Approve beat Disapprove, 117 to 73, 61.6% to 38.4%; total votes 190. | Dem Primary Mayor: Andrew M. Cuomo beat Zohran Kwame Mamdani, 77 to 32, 64.7% to 26.9%; total votes 119. | Dem Primary Public Advocate: Jumaane D. Williams beat Jenifer Rajkumar, 97 to 10, 85.8% to 8.8%; total votes 113. | Dem Primary Comptroller: Mark D. Levine beat Ismael Malave Perez, 51 to 23, 50.0% to 22.5%; total votes 102.", "mayor_margin": 7.7, "q2_yes": 90.0, "q3_yes": 83.5, "q4_yes": 88.2}, "geometry": {"type": "MultiPolygon", "coordinates": [[[[-73.8431453, 40.8850311], [-73.8432217, 40.8849765], [-73.8433809, 40.8848625], [-73.8434695, 40.8847991], [-73.8438413, 40.8845331], [-73.8439258, 40.8844726], [-73.8442662, 40.8842291], [-73.8443747, 40.8841514], [-73.8447481, 40.8838842], [-73.8448504, 40.883811], [-73.8446056, 40.883666], [-73.8441546, 40.883415], [-73.8438487, 40.8832508], [-73.8439072, 40.8831865], [-73.8436873, 40.883009], [-73.8437164, 40.882892], [-73.8438029, 40.8828305], [-73.8440745, 40.8826373], [-73.844163, 40.8825744], [-73.8444685, 40.8823571], [-73.8445569, 40.8822945], [-73.8449435, 40.8824491], [-73.8454121, 40.8826377], [-73.8454674, 40.8826599], [-73.8460666, 40.8829009], [-73.8465761, 40.8822108], [-73.8493801, 40.8834009], [-73.8495846, 40.8833452], [-73.8497349, 40.8835558], [-73.8492774, 40.8842415], [-73.8490953, 40.8841679], [-73.8490635, 40.884155], [-73.8490021, 40.8841302], [-73.848967, 40.884116], [-73.8486558, 40.8839902], [-73.84727, 40.8834072], [-73.8472088, 40.8833815], [-73.8471046, 40.8833376], [-73.8470341, 40.8833079], [-73.8464545, 40.8839665], [-73.8460025, 40.8844844], [-73.8457089, 40.8845296], [-73.8454858, 40.8846383], [-73.8453648, 40.8848366], [-73.8453333, 40.8849849], [-73.8444524, 40.8859005], [-73.8437408, 40.8854821], [-73.8431453, 40.8850311]]]]}}, {"type": "Feature", "properties": {"felt:feature": 75, "ed_label": "AD 83 ED 050", "elect_dist": "83050", "borough": "Bronx", "community_board": 12, "community_board_label": "Bronx CB12", "popup_title": "Bronx CB12 \u2014 AD 83 ED 050", "general_mayor": "ZOHRAN KWAME MAMDANI beat ANDREW M. CUOMO, 116 to 100, 49.6% to 42.7%; total votes 234.", "general_mayor_winner": "Mamdani", "general_public_advocate": "JUMAANE D. WILLIAMS beat GONZALO DURAN, 186 to 18, 89.0% to 8.6%; total votes 209.", "general_public_advocate_winner": "Williams", "general_comptroller": "MARK D. LEVINE beat PETER KEFALAS, 163 to 18, 85.8% to 9.5%; total votes 190.", "general_comptroller_winner": "Levine", "question_1": "Disapprove beat Approve, 98 to 83, 54.1% to 45.9%; total votes 181.", "question_1_winner": "No-disapprove!", "question_2": "Approve beat Disapprove, 157 to 37, 80.9% to 19.1%; total votes 194.", "question_2_winner": "Yes-approve!", "question_3": "Approve beat Disapprove, 149 to 44, 77.2% to 22.8%; total votes 193.", "question_3_winner": "Yes-approve!", "question_4": "Approve beat Disapprove, 157 to 36, 81.3% to 18.7%; total votes 193.", "question_4_winner": "Yes-approve!", "question_5": "Approve beat Disapprove, 145 to 43, 77.1% to 22.9%; total votes 188.", "question_5_winner": "Yes-approve!", "question_6": "Approve beat Disapprove, 95 to 84, 53.1% to 46.9%; total votes 179.", "question_6_winner": "Yes-approve!", "dem_primary_mayor": "Andrew M. Cuomo beat Zohran Kwame Mamdani, 62 to 30, 57.4% to 27.8%; total votes 108.", "dem_primary_mayor_winner": "Cuomo", "dem_primary_public_advocate": "Jumaane D. Williams beat Jenifer Rajkumar, 74 to 15, 78.7% to 16.0%; total votes 94.", "dem_primary_public_advocate_winner": "Williams", "dem_primary_comptroller": "Mark D. Levine beat Kevin S. Parker, 39 to 21, 45.3% to 24.4%; total votes 86.", "dem_primary_comptroller_winner": "Levine", "popup_summary": "Mayor: ZOHRAN KWAME MAMDANI beat ANDREW M. CUOMO, 116 to 100, 49.6% to 42.7%; total votes 234. | Public Advocate: JUMAANE D. WILLIAMS beat GONZALO DURAN, 186 to 18, 89.0% to 8.6%; total votes 209. | City Comptroller: MARK D. LEVINE beat PETER KEFALAS, 163 to 18, 85.8% to 9.5%; total votes 190. | Question 1: Disapprove beat Approve, 98 to 83, 54.1% to 45.9%; total votes 181. | Question 2: Approve beat Disapprove, 157 to 37, 80.9% to 19.1%; total votes 194. | Question 3: Approve beat Disapprove, 149 to 44, 77.2% to 22.8%; total votes 193. | Question 4: Approve beat Disapprove, 157 to 36, 81.3% to 18.7%; total votes 193. | Question 5: Approve beat Disapprove, 145 to 43, 77.1% to 22.9%; total votes 188. | Question 6: Approve beat Disapprove, 95 to 84, 53.1% to 46.9%; total votes 179. | Dem Primary Mayor: Andrew M. Cuomo beat Zohran Kwame Mamdani, 62 to 30, 57.4% to 27.8%; total votes 108. | Dem Primary Public Advocate: Jumaane D. Williams beat Jenifer Rajkumar, 74 to 15, 78.7% to 16.0%; total votes 94. | Dem Primary Comptroller: Mark D. Levine beat Kevin S. Parker, 39 to 21, 45.3% to 24.4%; total votes 86.", "mayor_margin": 6.9, "q2_yes": 80.9, "q3_yes": 77.2, "q4_yes": 81.3}, "geometry": {"type": "MultiPolygon", "coordinates": [[[[-73.8447168, 40.886014], [-73.8444524, 40.8859005], [-73.8453333, 40.8849849], [-73.8453648, 40.8848366], [-73.8454858, 40.8846383], [-73.8457089, 40.8845296], [-73.8460025, 40.8844844], [-73.8464545, 40.8839665], [-73.8470341, 40.8833079], [-73.8471046, 40.8833376], [-73.8472088, 40.8833815], [-73.84727, 40.8834072], [-73.8486558, 40.8839902], [-73.848967, 40.884116], [-73.8490021, 40.8841302], [-73.8490635, 40.884155], [-73.8490953, 40.8841679], [-73.8492774, 40.8842415], [-73.8488204, 40.8849197], [-73.8487638, 40.8850053], [-73.8484627, 40.885461], [-73.8483642, 40.8856102], [-73.8483219, 40.8856732], [-73.8482853, 40.8857277], [-73.8482494, 40.8857812], [-73.8482084, 40.8858424], [-73.8481718, 40.8858968], [-73.8481359, 40.8859504], [-73.8480942, 40.8860125], [-73.8480492, 40.8860795], [-73.8480217, 40.8861205], [-73.847987, 40.8861721], [-73.8479039, 40.886296], [-73.8478578, 40.8863644], [-73.8474871, 40.8869145], [-73.847444, 40.8869785], [-73.846296, 40.8866122], [-73.8455375, 40.8863664], [-73.8447168, 40.886014]]]]}}, {"type": "Feature", "properties": {"felt:feature": 76, "ed_label": "AD 83 ED 051", "elect_dist": "83051", "borough": "Bronx", "community_board": 12, "community_board_label": "Bronx CB12", "popup_title": "Bronx CB12 \u2014 AD 83 ED 051", "general_mayor": "ZOHRAN KWAME MAMDANI beat ANDREW M. CUOMO, 107 to 74, 55.4% to 38.3%; total votes 193.", "general_mayor_winner": "Mamdani", "general_public_advocate": "JUMAANE D. WILLIAMS beat GONZALO DURAN, 163 to 14, 91.1% to 7.8%; total votes 179.", "general_public_advocate_winner": "Williams", "general_comptroller": "MARK D. LEVINE beat ISMAEL MALAVE PEREZ, 144 to 13, 85.7% to 7.7%; total votes 168.", "general_comptroller_winner": "Levine", "question_1": "Disapprove beat Approve, 87 to 86, 50.3% to 49.7%; total votes 173.", "question_1_winner": "No-disapprove!", "question_2": "Approve beat Disapprove, 151 to 29, 83.9% to 16.1%; total votes 180.", "question_2_winner": "Yes-approve!", "question_3": "Approve beat Disapprove, 143 to 34, 80.8% to 19.2%; total votes 177.", "question_3_winner": "Yes-approve!", "question_4": "Approve beat Disapprove, 144 to 27, 84.2% to 15.8%; total votes 171.", "question_4_winner": "Yes-approve!", "question_5": "Approve beat Disapprove, 130 to 42, 75.6% to 24.4%; total votes 172.", "question_5_winner": "Yes-approve!", "question_6": "Disapprove beat Approve, 89 to 79, 53.0% to 47.0%; total votes 168.", "question_6_winner": "No-disapprove!", "dem_primary_mayor": "Andrew M. Cuomo beat Zohran Kwame Mamdani, 65 to 25, 62.5% to 24.0%; total votes 104.", "dem_primary_mayor_winner": "Cuomo", "dem_primary_public_advocate": "Jumaane D. Williams beat Jenifer Rajkumar, 76 to 15, 80.9% to 16.0%; total votes 94.", "dem_primary_public_advocate_winner": "Williams", "dem_primary_comptroller": "Mark D. Levine beat Justin Brannan, 37 to 18, 42.0% to 20.5%; total votes 88.", "dem_primary_comptroller_winner": "Levine", "popup_summary": "Mayor: ZOHRAN KWAME MAMDANI beat ANDREW M. CUOMO, 107 to 74, 55.4% to 38.3%; total votes 193. | Public Advocate: JUMAANE D. WILLIAMS beat GONZALO DURAN, 163 to 14, 91.1% to 7.8%; total votes 179. | City Comptroller: MARK D. LEVINE beat ISMAEL MALAVE PEREZ, 144 to 13, 85.7% to 7.7%; total votes 168. | Question 1: Disapprove beat Approve, 87 to 86, 50.3% to 49.7%; total votes 173. | Question 2: Approve beat Disapprove, 151 to 29, 83.9% to 16.1%; total votes 180. | Question 3: Approve beat Disapprove, 143 to 34, 80.8% to 19.2%; total votes 177. | Question 4: Approve beat Disapprove, 144 to 27, 84.2% to 15.8%; total votes 171. | Question 5: Approve beat Disapprove, 130 to 42, 75.6% to 24.4%; total votes 172. | Question 6: Disapprove beat Approve, 89 to 79, 53.0% to 47.0%; total votes 168. | Dem Primary Mayor: Andrew M. Cuomo beat Zohran Kwame Mamdani, 65 to 25, 62.5% to 24.0%; total votes 104. | Dem Primary Public Advocate: Jumaane D. Williams beat Jenifer Rajkumar, 76 to 15, 80.9% to 16.0%; total votes 94. | Dem Primary Comptroller: Mark D. Levine beat Justin Brannan, 37 to 18, 42.0% to 20.5%; total votes 88.", "mayor_margin": 17.1, "q2_yes": 83.9, "q3_yes": 80.8, "q4_yes": 84.2}, "geometry": {"type": "MultiPolygon", "coordinates": [[[[-73.8431453, 40.8850311], [-73.8437408, 40.8854821], [-73.8444524, 40.8859005], [-73.8447168, 40.886014], [-73.8439731, 40.8868835], [-73.8434597, 40.8874584], [-73.8433074, 40.8874886], [-73.8433201, 40.8876415], [-73.844067, 40.8879742], [-73.844079, 40.8881205], [-73.844022, 40.8881292], [-73.8437657, 40.8881681], [-73.8436771, 40.8881817], [-73.8436278, 40.8881892], [-73.8431923, 40.8882559], [-73.843132, 40.8882651], [-73.8428588, 40.8883069], [-73.8419615, 40.888456], [-73.8418367, 40.8881291], [-73.8418053, 40.8880469], [-73.8417727, 40.8879614], [-73.8417393, 40.8878739], [-73.8416284, 40.8875836], [-73.8415948, 40.8874954], [-73.8415602, 40.8874049], [-73.8415336, 40.8873352], [-73.8414587, 40.8871389], [-73.8414211, 40.8870404], [-73.8413794, 40.8869314], [-73.8413462, 40.8868443], [-73.8411826, 40.8864078], [-73.8414923, 40.88619], [-73.8418617, 40.8859302], [-73.8431453, 40.8850311]]]]}}, {"type": "Feature", "properties": {"felt:feature": 77, "ed_label": "AD 83 ED 052", "elect_dist": "83052", "borough": "Bronx", "community_board": 12, "community_board_label": "Bronx CB12", "popup_title": "Bronx CB12 \u2014 AD 83 ED 052", "general_mayor": "ZOHRAN KWAME MAMDANI beat ANDREW M. CUOMO, 136 to 107, 52.9% to 41.6%; total votes 257.", "general_mayor_winner": "Mamdani", "general_public_advocate": "JUMAANE D. WILLIAMS beat GONZALO DURAN, 220 to 16, 92.8% to 6.8%; total votes 237.", "general_public_advocate_winner": "Williams", "general_comptroller": "MARK D. LEVINE beat PETER KEFALAS, 201 to 14, 90.1% to 6.3%; total votes 223.", "general_comptroller_winner": "Levine", "question_1": "Approve beat Disapprove, 108 to 82, 56.8% to 43.2%; total votes 190.", "question_1_winner": "Yes-approve!", "question_2": "Approve beat Disapprove, 188 to 22, 89.5% to 10.5%; total votes 210.", "question_2_winner": "Yes-approve!", "question_3": "Approve beat Disapprove, 181 to 27, 87.0% to 13.0%; total votes 208.", "question_3_winner": "Yes-approve!", "question_4": "Approve beat Disapprove, 188 to 19, 90.8% to 9.2%; total votes 207.", "question_4_winner": "Yes-approve!", "question_5": "Approve beat Disapprove, 156 to 44, 78.0% to 22.0%; total votes 200.", "question_5_winner": "Yes-approve!", "question_6": "Approve beat Disapprove, 112 to 81, 58.0% to 42.0%; total votes 193.", "question_6_winner": "Yes-approve!", "dem_primary_mayor": "Andrew M. Cuomo beat Zohran Kwame Mamdani, 84 to 31, 65.6% to 24.2%; total votes 128.", "dem_primary_mayor_winner": "Cuomo", "dem_primary_public_advocate": "Jumaane D. Williams beat Jenifer Rajkumar, 95 to 11, 85.6% to 9.9%; total votes 111.", "dem_primary_public_advocate_winner": "Williams", "dem_primary_comptroller": "Mark D. Levine beat Kevin S. Parker, 55 to 20, 51.4% to 18.7%; total votes 107.", "dem_primary_comptroller_winner": "Levine", "popup_summary": "Mayor: ZOHRAN KWAME MAMDANI beat ANDREW M. CUOMO, 136 to 107, 52.9% to 41.6%; total votes 257. | Public Advocate: JUMAANE D. WILLIAMS beat GONZALO DURAN, 220 to 16, 92.8% to 6.8%; total votes 237. | City Comptroller: MARK D. LEVINE beat PETER KEFALAS, 201 to 14, 90.1% to 6.3%; total votes 223. | Question 1: Approve beat Disapprove, 108 to 82, 56.8% to 43.2%; total votes 190. | Question 2: Approve beat Disapprove, 188 to 22, 89.5% to 10.5%; total votes 210. | Question 3: Approve beat Disapprove, 181 to 27, 87.0% to 13.0%; total votes 208. | Question 4: Approve beat Disapprove, 188 to 19, 90.8% to 9.2%; total votes 207. | Question 5: Approve beat Disapprove, 156 to 44, 78.0% to 22.0%; total votes 200. | Question 6: Approve beat Disapprove, 112 to 81, 58.0% to 42.0%; total votes 193. | Dem Primary Mayor: Andrew M. Cuomo beat Zohran Kwame Mamdani, 84 to 31, 65.6% to 24.2%; total votes 128. | Dem Primary Public Advocate: Jumaane D. Williams beat Jenifer Rajkumar, 95 to 11, 85.6% to 9.9%; total votes 111. | Dem Primary Comptroller: Mark D. Levine beat Kevin S. Parker, 55 to 20, 51.4% to 18.7%; total votes 107.", "mayor_margin": 11.3, "q2_yes": 89.5, "q3_yes": 87.0, "q4_yes": 90.8}, "geometry": {"type": "MultiPolygon", "coordinates": [[[[-73.8419615, 40.888456], [-73.8428588, 40.8883069], [-73.843132, 40.8882651], [-73.8431923, 40.8882559], [-73.8436278, 40.8881892], [-73.8436771, 40.8881817], [-73.8437657, 40.8881681], [-73.844022, 40.8881292], [-73.844079, 40.8881205], [-73.844067, 40.8879742], [-73.8433201, 40.8876415], [-73.8433074, 40.8874886], [-73.8434597, 40.8874584], [-73.8439731, 40.8868835], [-73.8447168, 40.886014], [-73.8455375, 40.8863664], [-73.846296, 40.8866122], [-73.847444, 40.8869785], [-73.8470496, 40.8876718], [-73.8466546, 40.8883906], [-73.846456, 40.8887484], [-73.8462618, 40.8890983], [-73.8459057, 40.8897414], [-73.8452323, 40.8895507], [-73.8443798, 40.8897736], [-73.8434977, 40.8899686], [-73.8426076, 40.8901631], [-73.8419615, 40.888456]]]]}}, {"type": "Feature", "properties": {"felt:feature": 78, "ed_label": "AD 83 ED 053", "elect_dist": "83053", "borough": "Bronx", "community_board": 12, "community_board_label": "Bronx CB12", "popup_title": "Bronx CB12 \u2014 AD 83 ED 053", "general_mayor": "ZOHRAN KWAME MAMDANI beat ANDREW M. CUOMO, 148 to 92, 60.2% to 37.4%; total votes 246.", "general_mayor_winner": "Mamdani", "general_public_advocate": "JUMAANE D. WILLIAMS beat GONZALO DURAN, 219 to 10, 94.8% to 4.3%; total votes 231.", "general_public_advocate_winner": "Williams", "general_comptroller": "MARK D. LEVINE beat PETER KEFALAS, 211 to 11, 93.4% to 4.9%; total votes 226.", "general_comptroller_winner": "Levine", "question_1": "Approve beat Disapprove, 130 to 89, 59.4% to 40.6%; total votes 219.", "question_1_winner": "Yes-approve!", "question_2": "Approve beat Disapprove, 182 to 48, 79.1% to 20.9%; total votes 230.", "question_2_winner": "Yes-approve!", "question_3": "Approve beat Disapprove, 170 to 58, 74.6% to 25.4%; total votes 228.", "question_3_winner": "Yes-approve!", "question_4": "Approve beat Disapprove, 170 to 54, 75.9% to 24.1%; total votes 224.", "question_4_winner": "Yes-approve!", "question_5": "Approve beat Disapprove, 172 to 51, 77.1% to 22.9%; total votes 223.", "question_5_winner": "Yes-approve!", "question_6": "Approve beat Disapprove, 113 to 108, 51.1% to 48.9%; total votes 221.", "question_6_winner": "Yes-approve!", "dem_primary_mayor": "Andrew M. Cuomo beat Zohran Kwame Mamdani, 94 to 28, 70.1% to 20.9%; total votes 134.", "dem_primary_mayor_winner": "Cuomo", "dem_primary_public_advocate": "Jumaane D. Williams beat Jenifer Rajkumar, 107 to 11, 84.3% to 8.7%; total votes 127.", "dem_primary_public_advocate_winner": "Williams", "dem_primary_comptroller": "Mark D. Levine beat Kevin S. Parker, 60 to 38, 49.2% to 31.1%; total votes 122.", "dem_primary_comptroller_winner": "Levine", "popup_summary": "Mayor: ZOHRAN KWAME MAMDANI beat ANDREW M. CUOMO, 148 to 92, 60.2% to 37.4%; total votes 246. | Public Advocate: JUMAANE D. WILLIAMS beat GONZALO DURAN, 219 to 10, 94.8% to 4.3%; total votes 231. | City Comptroller: MARK D. LEVINE beat PETER KEFALAS, 211 to 11, 93.4% to 4.9%; total votes 226. | Question 1: Approve beat Disapprove, 130 to 89, 59.4% to 40.6%; total votes 219. | Question 2: Approve beat Disapprove, 182 to 48, 79.1% to 20.9%; total votes 230. | Question 3: Approve beat Disapprove, 170 to 58, 74.6% to 25.4%; total votes 228. | Question 4: Approve beat Disapprove, 170 to 54, 75.9% to 24.1%; total votes 224. | Question 5: Approve beat Disapprove, 172 to 51, 77.1% to 22.9%; total votes 223. | Question 6: Approve beat Disapprove, 113 to 108, 51.1% to 48.9%; total votes 221. | Dem Primary Mayor: Andrew M. Cuomo beat Zohran Kwame Mamdani, 94 to 28, 70.1% to 20.9%; total votes 134. | Dem Primary Public Advocate: Jumaane D. Williams beat Jenifer Rajkumar, 107 to 11, 84.3% to 8.7%; total votes 127. | Dem Primary Comptroller: Mark D. Levine beat Kevin S. Parker, 60 to 38, 49.2% to 31.1%; total votes 122.", "mayor_margin": 22.8, "q2_yes": 79.1, "q3_yes": 74.6, "q4_yes": 75.9}, "geometry": {"type": "MultiPolygon", "coordinates": [[[[-73.8426076, 40.8901631], [-73.8434977, 40.8899686], [-73.8443798, 40.8897736], [-73.8452323, 40.8895507], [-73.8459057, 40.8897414], [-73.8463253, 40.8898772], [-73.8471811, 40.8921278], [-73.846295, 40.8923236], [-73.8454263, 40.8925151], [-73.844542, 40.8927086], [-73.843655, 40.8929063], [-73.8427436, 40.8905193], [-73.8426076, 40.8901631]]]]}}, {"type": "Feature", "properties": {"felt:feature": 79, "ed_label": "AD 83 ED 054", "elect_dist": "83054", "borough": "Bronx", "community_board": 12, "community_board_label": "Bronx CB12", "popup_title": "Bronx CB12 \u2014 AD 83 ED 054", "general_mayor": "ZOHRAN KWAME MAMDANI beat ANDREW M. CUOMO, 213 to 160, 54.8% to 41.1%; total votes 389.", "general_mayor_winner": "Mamdani", "general_public_advocate": "JUMAANE D. WILLIAMS beat GONZALO DURAN, 327 to 31, 89.6% to 8.5%; total votes 365.", "general_public_advocate_winner": "Williams", "general_comptroller": "MARK D. LEVINE beat PETER KEFALAS, 311 to 31, 88.4% to 8.8%; total votes 352.", "general_comptroller_winner": "Levine", "question_1": "Approve beat Disapprove, 176 to 154, 53.3% to 46.7%; total votes 330.", "question_1_winner": "Yes-approve!", "question_2": "Approve beat Disapprove, 280 to 69, 80.2% to 19.8%; total votes 349.", "question_2_winner": "Yes-approve!", "question_3": "Approve beat Disapprove, 257 to 86, 74.9% to 25.1%; total votes 343.", "question_3_winner": "Yes-approve!", "question_4": "Approve beat Disapprove, 272 to 68, 80.0% to 20.0%; total votes 340.", "question_4_winner": "Yes-approve!", "question_5": "Approve beat Disapprove, 262 to 75, 77.7% to 22.3%; total votes 337.", "question_5_winner": "Yes-approve!", "question_6": "Approve beat Disapprove, 184 to 161, 53.3% to 46.7%; total votes 345.", "question_6_winner": "Yes-approve!", "dem_primary_mayor": "Andrew M. Cuomo beat Zohran Kwame Mamdani, 138 to 46, 64.8% to 21.6%; total votes 213.", "dem_primary_mayor_winner": "Cuomo", "dem_primary_public_advocate": "Jumaane D. Williams beat Jenifer Rajkumar, 157 to 23, 80.1% to 11.7%; total votes 196.", "dem_primary_public_advocate_winner": "Williams", "dem_primary_comptroller": "Mark D. Levine beat Justin Brannan, 101 to 37, 53.4% to 19.6%; total votes 189.", "dem_primary_comptroller_winner": "Levine", "popup_summary": "Mayor: ZOHRAN KWAME MAMDANI beat ANDREW M. CUOMO, 213 to 160, 54.8% to 41.1%; total votes 389. | Public Advocate: JUMAANE D. WILLIAMS beat GONZALO DURAN, 327 to 31, 89.6% to 8.5%; total votes 365. | City Comptroller: MARK D. LEVINE beat PETER KEFALAS, 311 to 31, 88.4% to 8.8%; total votes 352. | Question 1: Approve beat Disapprove, 176 to 154, 53.3% to 46.7%; total votes 330. | Question 2: Approve beat Disapprove, 280 to 69, 80.2% to 19.8%; total votes 349. | Question 3: Approve beat Disapprove, 257 to 86, 74.9% to 25.1%; total votes 343. | Question 4: Approve beat Disapprove, 272 to 68, 80.0% to 20.0%; total votes 340. | Question 5: Approve beat Disapprove, 262 to 75, 77.7% to 22.3%; total votes 337. | Question 6: Approve beat Disapprove, 184 to 161, 53.3% to 46.7%; total votes 345. | Dem Primary Mayor: Andrew M. Cuomo beat Zohran Kwame Mamdani, 138 to 46, 64.8% to 21.6%; total votes 213. | Dem Primary Public Advocate: Jumaane D. Williams beat Jenifer Rajkumar, 157 to 23, 80.1% to 11.7%; total votes 196. | Dem Primary Comptroller: Mark D. Levine beat Justin Brannan, 101 to 37, 53.4% to 19.6%; total votes 189.", "mayor_margin": 13.7, "q2_yes": 80.2, "q3_yes": 74.9, "q4_yes": 80.0}, "geometry": {"type": "MultiPolygon", "coordinates": [[[[-73.8506376, 40.8936433], [-73.849839, 40.8915437], [-73.8489504, 40.8917385], [-73.8486339, 40.8908976], [-73.8487415, 40.8906477], [-73.8504013, 40.8912055], [-73.8506908, 40.8913028], [-73.8514987, 40.8915348], [-73.8518295, 40.8916298], [-73.8534027, 40.8921323], [-73.8544917, 40.8924785], [-73.8552538, 40.8927206], [-73.8556633, 40.8928524], [-73.8552407, 40.8936239], [-73.8548475, 40.8943291], [-73.8544359, 40.8950721], [-73.8536286, 40.8948151], [-73.853276, 40.8946755], [-73.8531355, 40.8949221], [-73.852787, 40.8955629], [-73.8525667, 40.8959732], [-73.852451, 40.8958958], [-73.8524298, 40.8958416], [-73.8521549, 40.8951374], [-73.851491, 40.893404], [-73.8506376, 40.8936433]]]]}}, {"type": "Feature", "properties": {"felt:feature": 80, "ed_label": "AD 83 ED 055", "elect_dist": "83055", "borough": "Bronx", "community_board": 12, "community_board_label": "Bronx CB12", "popup_title": "Bronx CB12 \u2014 AD 83 ED 055", "general_mayor": "ZOHRAN KWAME MAMDANI beat ANDREW M. CUOMO, 103 to 85, 52.6% to 43.4%; total votes 196.", "general_mayor_winner": "Mamdani", "general_public_advocate": "JUMAANE D. WILLIAMS beat GONZALO DURAN, 162 to 20, 87.6% to 10.8%; total votes 185.", "general_public_advocate_winner": "Williams", "general_comptroller": "MARK D. LEVINE beat PETER KEFALAS, 155 to 18, 87.6% to 10.2%; total votes 177.", "general_comptroller_winner": "Levine", "question_1": "Disapprove beat Approve, 81 to 81, 50.0% to 50.0%; total votes 162.", "question_1_winner": "No-disapprove!", "question_2": "Approve beat Disapprove, 114 to 48, 70.4% to 29.6%; total votes 162.", "question_2_winner": "Yes-approve!", "question_3": "Approve beat Disapprove, 110 to 54, 67.1% to 32.9%; total votes 164.", "question_3_winner": "Yes-approve!", "question_4": "Approve beat Disapprove, 120 to 44, 73.2% to 26.8%; total votes 164.", "question_4_winner": "Yes-approve!", "question_5": "Approve beat Disapprove, 112 to 44, 71.8% to 28.2%; total votes 156.", "question_5_winner": "Yes-approve!", "question_6": "Disapprove beat Approve, 82 to 79, 50.9% to 49.1%; total votes 161.", "question_6_winner": "No-disapprove!", "dem_primary_mayor": "Andrew M. Cuomo beat Zohran Kwame Mamdani, 68 to 30, 61.3% to 27.0%; total votes 111.", "dem_primary_mayor_winner": "Cuomo", "dem_primary_public_advocate": "Jumaane D. Williams beat Jenifer Rajkumar, 92 to 10, 87.6% to 9.5%; total votes 105.", "dem_primary_public_advocate_winner": "Williams", "dem_primary_comptroller": "Mark D. Levine beat Justin Brannan, 45 to 31, 46.9% to 32.3%; total votes 96.", "dem_primary_comptroller_winner": "Levine", "popup_summary": "Mayor: ZOHRAN KWAME MAMDANI beat ANDREW M. CUOMO, 103 to 85, 52.6% to 43.4%; total votes 196. | Public Advocate: JUMAANE D. WILLIAMS beat GONZALO DURAN, 162 to 20, 87.6% to 10.8%; total votes 185. | City Comptroller: MARK D. LEVINE beat PETER KEFALAS, 155 to 18, 87.6% to 10.2%; total votes 177. | Question 1: Disapprove beat Approve, 81 to 81, 50.0% to 50.0%; total votes 162. | Question 2: Approve beat Disapprove, 114 to 48, 70.4% to 29.6%; total votes 162. | Question 3: Approve beat Disapprove, 110 to 54, 67.1% to 32.9%; total votes 164. | Question 4: Approve beat Disapprove, 120 to 44, 73.2% to 26.8%; total votes 164. | Question 5: Approve beat Disapprove, 112 to 44, 71.8% to 28.2%; total votes 156. | Question 6: Disapprove beat Approve, 82 to 79, 50.9% to 49.1%; total votes 161. | Dem Primary Mayor: Andrew M. Cuomo beat Zohran Kwame Mamdani, 68 to 30, 61.3% to 27.0%; total votes 111. | Dem Primary Public Advocate: Jumaane D. Williams beat Jenifer Rajkumar, 92 to 10, 87.6% to 9.5%; total votes 105. | Dem Primary Comptroller: Mark D. Levine beat Justin Brannan, 45 to 31, 46.9% to 32.3%; total votes 96.", "mayor_margin": 9.2, "q2_yes": 70.4, "q3_yes": 67.1, "q4_yes": 73.2}, "geometry": {"type": "MultiPolygon", "coordinates": [[[[-73.8471811, 40.8921278], [-73.84807, 40.8919324], [-73.8489504, 40.8917385], [-73.849839, 40.8915437], [-73.8506376, 40.8936433], [-73.8497897, 40.8939283], [-73.8502979, 40.8952582], [-73.8503994, 40.8955239], [-73.8495143, 40.8957182], [-73.8494137, 40.8954546], [-73.8489376, 40.8942073], [-73.8480622, 40.8944371], [-73.8471811, 40.8921278]]]]}}, {"type": "Feature", "properties": {"felt:feature": 81, "ed_label": "AD 83 ED 056", "elect_dist": "83056", "borough": "Bronx", "community_board": 12, "community_board_label": "Bronx CB12", "popup_title": "Bronx CB12 \u2014 AD 83 ED 056", "general_mayor": "ZOHRAN KWAME MAMDANI beat ANDREW M. CUOMO, 185 to 159, 49.2% to 42.3%; total votes 376.", "general_mayor_winner": "Mamdani", "general_public_advocate": "JUMAANE D. WILLIAMS beat GONZALO DURAN, 315 to 36, 89.2% to 10.2%; total votes 353.", "general_public_advocate_winner": "Williams", "general_comptroller": "MARK D. LEVINE beat PETER KEFALAS, 294 to 40, 85.0% to 11.6%; total votes 346.", "general_comptroller_winner": "Levine", "question_1": "Approve beat Disapprove, 192 to 161, 54.4% to 45.6%; total votes 353.", "question_1_winner": "Yes-approve!", "question_2": "Approve beat Disapprove, 293 to 73, 80.1% to 19.9%; total votes 366.", "question_2_winner": "Yes-approve!", "question_3": "Approve beat Disapprove, 270 to 92, 74.6% to 25.4%; total votes 362.", "question_3_winner": "Yes-approve!", "question_4": "Approve beat Disapprove, 297 to 69, 81.1% to 18.9%; total votes 366.", "question_4_winner": "Yes-approve!", "question_5": "Approve beat Disapprove, 254 to 107, 70.4% to 29.6%; total votes 361.", "question_5_winner": "Yes-approve!", "question_6": "Disapprove beat Approve, 180 to 178, 50.3% to 49.7%; total votes 358.", "question_6_winner": "No-disapprove!", "dem_primary_mayor": "Andrew M. Cuomo beat Zohran Kwame Mamdani, 151 to 50, 64.3% to 21.3%; total votes 235.", "dem_primary_mayor_winner": "Cuomo", "dem_primary_public_advocate": "Jumaane D. Williams beat Marty Dolan, 179 to 24, 78.5% to 10.5%; total votes 228.", "dem_primary_public_advocate_winner": "Williams", "dem_primary_comptroller": "Mark D. Levine beat Kevin S. Parker, 101 to 56, 44.5% to 24.7%; total votes 227.", "dem_primary_comptroller_winner": "Levine", "popup_summary": "Mayor: ZOHRAN KWAME MAMDANI beat ANDREW M. CUOMO, 185 to 159, 49.2% to 42.3%; total votes 376. | Public Advocate: JUMAANE D. WILLIAMS beat GONZALO DURAN, 315 to 36, 89.2% to 10.2%; total votes 353. | City Comptroller: MARK D. LEVINE beat PETER KEFALAS, 294 to 40, 85.0% to 11.6%; total votes 346. | Question 1: Approve beat Disapprove, 192 to 161, 54.4% to 45.6%; total votes 353. | Question 2: Approve beat Disapprove, 293 to 73, 80.1% to 19.9%; total votes 366. | Question 3: Approve beat Disapprove, 270 to 92, 74.6% to 25.4%; total votes 362. | Question 4: Approve beat Disapprove, 297 to 69, 81.1% to 18.9%; total votes 366. | Question 5: Approve beat Disapprove, 254 to 107, 70.4% to 29.6%; total votes 361. | Question 6: Disapprove beat Approve, 180 to 178, 50.3% to 49.7%; total votes 358. | Dem Primary Mayor: Andrew M. Cuomo beat Zohran Kwame Mamdani, 151 to 50, 64.3% to 21.3%; total votes 235. | Dem Primary Public Advocate: Jumaane D. Williams beat Marty Dolan, 179 to 24, 78.5% to 10.5%; total votes 228. | Dem Primary Comptroller: Mark D. Levine beat Kevin S. Parker, 101 to 56, 44.5% to 24.7%; total votes 227.", "mayor_margin": 6.9, "q2_yes": 80.1, "q3_yes": 74.6, "q4_yes": 81.1}, "geometry": {"type": "MultiPolygon", "coordinates": [[[[-73.8340149, 40.8784579], [-73.8339569, 40.8783474], [-73.8341178, 40.8779803], [-73.8342959, 40.8776309], [-73.8344517, 40.8772741], [-73.8345845, 40.8769114], [-73.8346938, 40.8765439], [-73.8347791, 40.8761731], [-73.8347921, 40.8760937], [-73.834841, 40.8757929], [-73.8348694, 40.8755195], [-73.8348756, 40.8754379], [-73.8357685, 40.8762817], [-73.835952, 40.8762124], [-73.8358097, 40.8759725], [-73.8372511, 40.8765679], [-73.8381567, 40.8769535], [-73.838552, 40.8771195], [-73.8392555, 40.8774198], [-73.8395649, 40.8775498], [-73.8397119, 40.8776116], [-73.840148, 40.8777884], [-73.8407043, 40.8780279], [-73.8409957, 40.8781534], [-73.8411405, 40.8782157], [-73.8422824, 40.878702], [-73.8423956, 40.8787504], [-73.8432411, 40.8791089], [-73.8427113, 40.8794413], [-73.8420145, 40.8798723], [-73.8412778, 40.8803175], [-73.8404621, 40.8806229], [-73.8396517, 40.880926], [-73.8387427, 40.881266], [-73.8378003, 40.8795889], [-73.8375374, 40.8791195], [-73.8366063, 40.8794203], [-73.8357321, 40.8797013], [-73.8348202, 40.878055], [-73.8346438, 40.8780993], [-73.8344727, 40.8781609], [-73.8343111, 40.8782392], [-73.8341633, 40.8783327], [-73.8340327, 40.8784392], [-73.8340149, 40.8784579]]]]}}, {"type": "Feature", "properties": {"felt:feature": 82, "ed_label": "AD 83 ED 057", "elect_dist": "83057", "borough": "Bronx", "community_board": 12, "community_board_label": "Bronx CB12", "popup_title": "Bronx CB12 \u2014 AD 83 ED 057", "general_mayor": "ZOHRAN KWAME MAMDANI beat ANDREW M. CUOMO, 27 to 14, 64.3% to 33.3%; total votes 42.", "general_mayor_winner": "Mamdani", "general_public_advocate": "JUMAANE D. WILLIAMS beat GONZALO DURAN, 39 to 2, 95.1% to 4.9%; total votes 41.", "general_public_advocate_winner": "Williams", "general_comptroller": "MARK D. LEVINE beat ISMAEL MALAVE PEREZ, 37 to 1, 94.9% to 2.6%; total votes 39.", "general_comptroller_winner": "Levine", "question_1": "Approve beat Disapprove, 21 to 18, 53.8% to 46.2%; total votes 39.", "question_1_winner": "Yes-approve!", "question_2": "Approve beat Disapprove, 31 to 11, 73.8% to 26.2%; total votes 42.", "question_2_winner": "Yes-approve!", "question_3": "Approve beat Disapprove, 24 to 18, 57.1% to 42.9%; total votes 42.", "question_3_winner": "Yes-approve!", "question_4": "Approve beat Disapprove, 26 to 13, 66.7% to 33.3%; total votes 39.", "question_4_winner": "Yes-approve!", "question_5": "Approve beat Disapprove, 27 to 11, 71.1% to 28.9%; total votes 38.", "question_5_winner": "Yes-approve!", "question_6": "Disapprove beat Approve, 23 to 14, 62.2% to 37.8%; total votes 37.", "question_6_winner": "No-disapprove!", "dem_primary_mayor": "Andrew M. Cuomo beat Zohran Kwame Mamdani, 15 to 11, 53.6% to 39.3%; total votes 28.", "dem_primary_mayor_winner": "Cuomo", "dem_primary_public_advocate": "Jumaane D. Williams beat Jenifer Rajkumar, 23 to 4, 85.2% to 14.8%; total votes 27.", "dem_primary_public_advocate_winner": "Williams", "dem_primary_comptroller": "Ismael Malave Perez beat Mark D. Levine, 7 to 7, 26.9% to 26.9%; total votes 26.", "dem_primary_comptroller_winner": "Perez", "popup_summary": "Mayor: ZOHRAN KWAME MAMDANI beat ANDREW M. CUOMO, 27 to 14, 64.3% to 33.3%; total votes 42. | Public Advocate: JUMAANE D. WILLIAMS beat GONZALO DURAN, 39 to 2, 95.1% to 4.9%; total votes 41. | City Comptroller: MARK D. LEVINE beat ISMAEL MALAVE PEREZ, 37 to 1, 94.9% to 2.6%; total votes 39. | Question 1: Approve beat Disapprove, 21 to 18, 53.8% to 46.2%; total votes 39. | Question 2: Approve beat Disapprove, 31 to 11, 73.8% to 26.2%; total votes 42. | Question 3: Approve beat Disapprove, 24 to 18, 57.1% to 42.9%; total votes 42. | Question 4: Approve beat Disapprove, 26 to 13, 66.7% to 33.3%; total votes 39. | Question 5: Approve beat Disapprove, 27 to 11, 71.1% to 28.9%; total votes 38. | Question 6: Disapprove beat Approve, 23 to 14, 62.2% to 37.8%; total votes 37. | Dem Primary Mayor: Andrew M. Cuomo beat Zohran Kwame Mamdani, 15 to 11, 53.6% to 39.3%; total votes 28. | Dem Primary Public Advocate: Jumaane D. Williams beat Jenifer Rajkumar, 23 to 4, 85.2% to 14.8%; total votes 27. | Dem Primary Comptroller: Ismael Malave Perez beat Mark D. Levine, 7 to 7, 26.9% to 26.9%; total votes 26.", "mayor_margin": 31.0, "q2_yes": 73.8, "q3_yes": 57.1, "q4_yes": 66.7}, "geometry": {"type": "MultiPolygon", "coordinates": [[[[-73.8495143, 40.8957182], [-73.8504951, 40.8982758], [-73.8496068, 40.8984713], [-73.8486293, 40.8959138], [-73.8495143, 40.8957182]]]]}}, {"type": "Feature", "properties": {"felt:feature": 83, "ed_label": "AD 83 ED 059", "elect_dist": "83059", "borough": "Bronx", "community_board": 12, "community_board_label": "Bronx CB12", "popup_title": "Bronx CB12 \u2014 AD 83 ED 059", "general_mayor": "ANDREW M. CUOMO beat CURTIS A. SLIWA, 0 to 0, 0.0% to 0.0%; total votes 0.", "general_mayor_winner": "Cuomo", "general_public_advocate": "GONZALO DURAN beat JUMAANE D. WILLIAMS, 0 to 0, 0.0% to 0.0%; total votes 0.", "general_public_advocate_winner": "Duran", "general_comptroller": "ISMAEL MALAVE PEREZ beat MARK D. LEVINE, 0 to 0, 0.0% to 0.0%; total votes 0.", "general_comptroller_winner": "Perez", "question_1": "Disapprove beat Approve, 0 to 0, 0.0% to 0.0%; total votes 0.", "question_1_winner": "No-disapprove!", "question_2": "Disapprove beat Approve, 0 to 0, 0.0% to 0.0%; total votes 0.", "question_2_winner": "No-disapprove!", "question_3": "Disapprove beat Approve, 0 to 0, 0.0% to 0.0%; total votes 0.", "question_3_winner": "No-disapprove!", "question_4": "Disapprove beat Approve, 0 to 0, 0.0% to 0.0%; total votes 0.", "question_4_winner": "No-disapprove!", "question_5": "Disapprove beat Approve, 0 to 0, 0.0% to 0.0%; total votes 0.", "question_5_winner": "No-disapprove!", "question_6": "Disapprove beat Approve, 0 to 0, 0.0% to 0.0%; total votes 0.", "question_6_winner": "No-disapprove!", "dem_primary_mayor": "No results found", "dem_primary_mayor_winner": "No winner found", "dem_primary_public_advocate": "No results found", "dem_primary_public_advocate_winner": "No winner found", "dem_primary_comptroller": "No results found", "dem_primary_comptroller_winner": "No winner found", "popup_summary": "Mayor: ANDREW M. CUOMO beat CURTIS A. SLIWA, 0 to 0, 0.0% to 0.0%; total votes 0. | Public Advocate: GONZALO DURAN beat JUMAANE D. WILLIAMS, 0 to 0, 0.0% to 0.0%; total votes 0. | City Comptroller: ISMAEL MALAVE PEREZ beat MARK D. LEVINE, 0 to 0, 0.0% to 0.0%; total votes 0. | Question 1: Disapprove beat Approve, 0 to 0, 0.0% to 0.0%; total votes 0. | Question 2: Disapprove beat Approve, 0 to 0, 0.0% to 0.0%; total votes 0. | Question 3: Disapprove beat Approve, 0 to 0, 0.0% to 0.0%; total votes 0. | Question 4: Disapprove beat Approve, 0 to 0, 0.0% to 0.0%; total votes 0. | Question 5: Disapprove beat Approve, 0 to 0, 0.0% to 0.0%; total votes 0. | Question 6: Disapprove beat Approve, 0 to 0, 0.0% to 0.0%; total votes 0.", "mayor_margin": 0.0, "q2_yes": 0.0, "q3_yes": 0.0, "q4_yes": 0.0}, "geometry": {"type": "MultiPolygon", "coordinates": [[[[-73.8236685, 40.8899037], [-73.8235662, 40.8898166], [-73.8236178, 40.8896376], [-73.823715, 40.8894587], [-73.8237925, 40.8894342], [-73.8238837, 40.889075], [-73.8240884, 40.8890688], [-73.8241481, 40.8885511], [-73.8239995, 40.8885413], [-73.8239694, 40.8883847], [-73.8238842, 40.8883695], [-73.8237937, 40.8881731], [-73.8238353, 40.8880523], [-73.8237366, 40.8879297], [-73.8239231, 40.8878227], [-73.824619, 40.8886494], [-73.8239157, 40.8899746], [-73.8236685, 40.8899037]]]]}}]}