lic,name,entity,address,zip,cd,cb,codes,bakery,prep,sqft,lat,lng,geocoded
768025,Fresh Market Gogo,Fresh Market Gogo Inc,1977 65Th Street,11204,311,BKCB11,A,False,False,,40.61672,-73.98617,False
767988,Carniceria Guatemalteca,Carniceria Guatemalteca Corp,5406 5Th Ave ####,11220,307,BKCB7,A,False,False,,40.64268,-74.01283,False
767798,Eatables,Compilex Corp,443 Kings Highway,11223,311,BKCB11,AC,False,True,2000,40.60433,-73.97359,False
767781,24 Hr Kings Express Deli & Grocery,478 Deli & Grill Corp,478 Kings Hwy,11223,315,BKCB15,AC,False,True,,40.6042,-73.97204,False
767780,Myrtle Ave Fumei Market,Myrtle Ave Fumei Market Inc,1470 Myrtle Ave,11237,304,BKCB4,AC,False,True,,40.69906,-73.9158,False
767710,Eat In Deli Gourmet,Eat In Deli Gourmet Corp,1223 Surf Ave,11224,313,BKCB13,AC,False,True,2000,40.57558,-73.98047,False
767692,A To Z Deli Grocery I,A To Z Deli Grocery I Corp,2301 Stillwell Ave,11223,313,BKCB13,AC,False,True,2500,40.59103,-73.98385,False
767655,Cantonrx Pharmacy,Catonrx Pharmacy Inc,815 Flatbush Avenue ####,11226,314,BKCB14,A,False,False,,40.6526,-73.95925,False
767587,C Town Fresh,5817 Meat & Produce Corp,5817 5Th Avenue,11220,307,BKCB7,AC,False,True,6000,40.64031,-74.0153,False
767583,Pitkin Deli And Brew,Pitkin Deli & Brew Inc,1655 Pitkin Ave,11212,316,BKCB16,AC,False,True,800,40.66949,-73.91213,False
767567,Gourmet Deli,Labone Gourmet Deli Inc,488 Jefferson Ave ##,11221,303,BKCB3,AC,False,True,,40.6846,-73.93851,False
767548,Wise Deli & Grill1,Wise Deli & Grill1 Corp,821 Franklin Ave,11225,309,BKCB9,AC,False,True,,40.6702,-73.95815,False
767541,Jemnic Fastfood & Gyro,Jemnic Fast Food And Gyro Inc,142 Graham Ave ##,11206,301,BKCB1,AC,False,True,1000,40.70635,-73.94305,False
767470,Elegante Deli & Grill,Elegante Deli & Grill Inc,5304 4Th Ave,11220,307,BKCB7,AC,False,True,1800,40.6447,-74.01452,False
767412,Nissan Of Atlantic Enterprises,Nissan Of Atlantic Enterprises Inc,1802 Atlantic Ave ####,11233,308,BKCB8,AC,False,True,,40.67731,-73.93002,False
767402,Dollar Up,Twintree Mart Inc,712 Manhattan Ave,11222,301,BKCB1,A,False,False,2100,40.7258,-73.95194,False
767360,Her Way Deli,Her Way Deli Inc,461 Lincoln Place,11238,308,BKCB8,AC,False,True,1200,40.67219,-73.96084,False
767359,Sesame Trading,Sesame Trading Inc,5202 7Th Ave,11220,307,BKCB7,A,False,False,,40.64123,-74.00716,False
767353,1404 Myrtle Deli,1404 Myrtle Deli Inc,1404 Myrtle Ave,11237,304,BKCB4,AC,False,True,,40.6987,-73.9193,False
767350,Red Hook Fish & Market,Red Hook Fish & Market Inc,1813 Church Ave,11226,314,BKCB14,AC,False,True,1700,40.64962,-73.96264,False
767348,Metro Discount & Convenience,Metro Discount & Convenience Inc,685 Metropolitan Ave,11211,301,BKCB1,AC,False,True,,40.71434,-73.94621,False
767346,Bushwick Deli Bite,Bushwick Deli Bite Corp,1449 Myrtle Ave,11237,304,BKCB4,AC,False,True,,40.69885,-73.91786,False
767297,Andriel Deli & Grocery,Andriel Deli & Grocery Corp,1195 Bushwick Avenue,11221,304,BKCB4,AC,False,True,,40.68845,-73.91629,False
767280,Max Deals,Max Deals Grocery Inc,2120 Rockaway Pkwy ##,11236,318,BKCB18,A,False,False,11000,40.63159,-73.88773,False
767270,Mannan Halal Supermarket,446 Coney Island Inc,446 Coney Island Ave,11218,314,BKCB14,AC,False,True,10000,40.64702,-73.97103,False
767262,Kl Grocery,Kl Grocery Inc,2218 86Th Street,11214,311,BKCB11,A,False,False,500,40.6016,-73.99331,False
767237,Health Choice Pharmacy 2,Kaberx Inc,1633 Surf Ave####,11224,313,BKCB13,A,False,False,,40.57534,-73.98403,False
767212,Rochester Grocery & Grill,Rochester Grocery & Grill Corp,22 Rochester Ave,11233,303,BKCB3,AC,False,True,,40.67831,-73.92745,False
767191,Williamsburgh Organic Deli 2,Williamsburgh Organic Deli 2 Corp,301 Union Avenue,11211,301,BKCB1,A,False,False,,40.70951,-73.95088,False
767187,B&K Super 99C Plus Discount,Everyday Saving Llc,4216 Avenue D ##,11203,317,BKCB17,A,False,False,,40.64171,-73.9364,False
767182,Abbotsford Road Coffee,Abbotsford Road Coffee Specialists Inc,499 Van Brunt St Unit 3A,11231,306,BKCB6,AC,False,True,8000,40.67324,-74.01684,False
767106,Al Badia Halal Meat,Al Badia Halal Meat Corp,4702 3Rd Ave,11220,307,BKCB7,AC,False,True,,40.64935,-74.01306,False
767101,Casa Cugine,Casa Cugine Llc,427 Graham Ave,11211,301,BKCB1,AC,False,True,,40.71775,-73.94491,False
767094,La Autentica Nueva Palma Meat Market,La Autentica Nueva Palma Meat Market Cor,3329 Fulton St,11208,305,BKCB5,AC,False,True,,40.68348,-73.87272,False
767087,Cheese Plate Carrol Gardens,Cheese Plate Carrol Gardens Llc,323 Court St,11231,306,BKCB6,AC,False,True,700,40.68316,-73.9955,False
767050,Aldi #212,Aldi Inc,625 Fulton St,11201,302,BKCB2,A,False,False,,40.68857,-73.98012,False
767014,Cactus Deli,Cactus Deli Grocery Corp,374 Avenue P,11204,311,BKCB11,AC,False,True,1500,40.60874,-73.97371,False
766988,Lucky Grill & Deli,Lucky Grill & Deli Corp,1279 39Th St,11218,312,BKCB12,AC,False,True,,40.64077,-73.9865,False
766965,Key Food,786 Brothers Food Corp,780 Flatbush Ave,11226,314,BKCB14,AC,False,True,7000,40.6538,-73.9595,False
766957,Corner Crave,Corner Crave Corp The,445 Evergreen Ave,11221,304,BKCB4,AC,False,True,,40.69173,-73.91844,False
766953,Deez Mini Market,Deez Mini Market Inc,300 Wyckoff Ave,11237,304,BKCB4,AC,False,True,,40.69886,-73.9106,False
766940,Ainslie Deli,Ainslie Deli Inc,64 Ainslee St ##,11211,301,BKCB1,AC,False,True,,40.71275,-73.95249,False
766915,Sea Town Seafood,Sea Town Seafood Llc,4818 5Th Ave Ste 1L,11220,307,BKCB7,AC,False,True,600,40.64586,-74.00954,False
766901,Walgreens #21344,Walgreen Eastern Co Llc,604 Pacific St,11217,302,BKCB2,A,False,False,,40.68312,-73.977,False
766896,Farmers Fresh Deli,Farmers Fresh Deli Inc,541 Myrtle Ave,11205,302,BKCB2,AC,False,True,,40.6938,-73.96282,False
766870,Food Bazaar,Bogopa East New York Inc,2784 Linden Blvd,11208,305,BKCB5,AC,False,True,69500,40.66944,-73.86184,False
766860,Organic Valley Deli,Organic Valley Deli Inc,400 4Th Ave,11215,306,BKCB6,AC,False,True,,40.6721,-73.98734,False
766858,Wilson Food Market Place,Wilson Food Market Place Corp,625 Wilson Ave,11207,304,BKCB4,AC,False,True,,40.68973,-73.90643,False
766782,262 Love Deli Grocery,262 Love Deli Grocery Corp,262 St Nicholas Ave,11237,304,BKCB4,AC,False,True,,40.70212,-73.912968,True
766776,Ocean Fruit,Kosher Basket Llc,1986 Ocean Ave,11230,314,BKCB14,AC,False,True,,40.61337,-73.95406,False
766741,Rounds Nyc,Rounds Nyc Llc,102 President St ####,11231,306,BKCB6,AC,False,True,800,40.68358,-74.00287,False
766737,El Buen Hombre Grocery,El Buen Hombre Grocery Corp,401 61St Street,11220,307,BKCB7,AC,False,True,600,40.64012,-74.0188,False
766628,Best Place Deli,Best Place Deli Corp The,199 Irving Ave,11237,304,BKCB4,AC,False,True,,40.7015,-73.91877,False
766621,Handmade Gourmet,Handmade Gourmet Llc,225 34Th St,11232,307,BKCB7,AC,False,True,,40.6545,-74.00171,False
766619,Grill & Greens,Grill & Greens Inc,309 7Th Ave,11215,306,BKCB6,AC,False,True,,40.66741,-73.98115,False
766616,Pinsa Mia,Pinsa Mia Llc,32 Taaffe Pl###,11205,303,BKCB3,AC,False,True,5500,40.69798,-73.96099,False
766576,Famous One,Famous One Corp,783 Hicks St,11231,306,BKCB6,AC,False,True,1500,40.67615,-74.00505,False
766556,Bed Stuy Mini Market,Bed Stuy Mini Market Corp,281 Nostrand Ave,11216,303,BKCB3,AC,False,True,,40.68899,-73.95128,False
766555,Ny Riverside Gourmet Deli I,Ny Riverside Gourmet Deli I Corp,322 Union Ave,11211,301,BKCB1,AC,False,True,,40.70997,-73.95095,False
766553,Keyry Bridge Food,Keyry Bridge Food Corp,81 Pulaski St Store 1,11206,303,BKCB3,AC,False,True,,40.69246,-73.94834,False
766545,Lin Lucky Family Grocery,Lin Lucky Family Grocery Inc,4914 8Th Ave ####,11220,312,BKCB12,A,False,False,1000,40.64137,-74.00343,False
766542,Ock Spot Food,Ock Spot Food Corp,5910 Glenwood Rd,11234,318,BKCB18,AC,False,True,,40.63415,-73.91933,False
766539,Sams Bodega,Sams Bodega Corp,67 Underhill Ave,11238,308,BKCB8,AC,False,True,1000,40.6787,-73.96539,False
766471,Mini Deli & Hot Food,Mini Deli & Hot Food Llc,819 Mcdonald Ave,11218,312,BKCB12,AC,False,True,250,40.63399,-73.97778,False
766465,Market Roots,Bkkl 1567 Corp,1567 Fulton St,11216,303,BKCB3,AC,False,True,,40.67977,-73.93861,False
766448,Noor Express Deli & Cafe,Noor Express Deli & Cafe Corp,140 Wortman Ave,11207,305,BKCB5,AC,False,True,,40.65576,-73.88773,False
766429,Carniceria Rosario,Carniceria Rosario Corp,2344 86Th Street,11214,311,BKCB11,AC,False,True,3000,40.59989,-73.99048,False
766426,Pks Express Deli,Pks Express Deli Corp,331 11Th St,11215,306,BKCB6,AC,False,True,1200,40.66783,-73.98701,False
766410,Ocean King,Ocean King Ny Inc,1580 Fulton Street,11213,303,BKCB3,AC,False,True,,40.67973,-73.93756,False
766385,Last Stop Deli Mini Mart,Last Stop Deli Mini Mart Corp,1667 Flatbush Ave,11210,314,BKCB14,AC,False,True,,40.62966,-73.94435,False
766378,Artesanias Iztaccihuatl& Grocery Llc,Juan Azucena Xochimitl,6730 13Th Avenue,11219,310,BKCB10,A,False,False,,40.62426,-74.00331,False
766343,Noor Deli And Minimart,Noor Deli And Minimart Corp,155 Park Ave,11205,302,BKCB2,AC,False,True,,40.69621,-73.9731,False
766340,Corner Bites & Brews,Corner Bites & Brews Corp,9401 Avenue L,11236,318,BKCB18,AC,False,True,,40.63735,-73.89733,False
766330,Go Wasabi,Sushi House Inc,590 Gateway Dr #,11239,305,BKCB5,AC,False,True,100,40.65528,-73.86896,False
766329,Suhail Grill & Deli,Suhail Grill & Deli Corp,276 Wilson Ave ##,11237,304,BKCB4,AC,False,True,,40.69712,-73.91945,False
766291,Alawi Deli & Grocery,Alawi Deli & Grocery Inc,321 Utica Ave,11213,309,BKCB9,AC,False,True,,40.66686,-73.93129,False
766251,Yaya Deli Express,Yaya Deli Express Corp,212 Utica Ave,11213,308,BKCB8,AC,False,True,,40.67167,-73.93085,False
766244,Lucas Deli And Grocery,Lucas Deli And Grocery Corp,4920 Avenue K,11234,318,BKCB18,AC,False,True,,40.62581,-73.9279,False
766238,Happy Basket Mart,Happy Basket Mart Corp,519 Knickerbocker Ave,11221,304,BKCB4,AC,False,True,,40.69762,-73.91627,False
766219,Jia He Xing Grocery,Jia He Xing Grocery Inc,4717 8Th Avenue ####,11220,312,BKCB12,A,False,False,1000,40.64242,-74.00233,False
766198,Garvey Convenience Store,Garvey Convenience Store Corp,315 Marcus Garvey Blvd,11221,303,BKCB3,AC,False,True,,40.6866,-73.93876,False
766191,Lidl #1579,Lus Licensing Llc,490 Fulton St 2Nd Fl,11201,302,BKCB2,AC,False,True,14229,40.68951,-73.98335,False
766170,Selvatore Market Place,Selvatore Market Place Inc,336 Mcguinness Blvd,11222,301,BKCB1,AC,False,True,1100,40.73388,-73.95215,False
766152,Pitkin Bites Deli &Grocery,Pitkin Bites Deli &Grocery Inc,2178 Pitkin Avenue,11207,305,BKCB5,AC,False,True,100,40.67248,-73.89197,False
766121,Corner Candy & Deli,Corner Candy & Deli Corp,597 Flatbush Avenue,11225,309,BKCB9,AC,False,True,,40.65889,-73.96052,False
766112,Las Mesetas Grocery,Las Mesetas Grocery Corp,139 St Nicholas Ave,11237,304,BKCB4,AC,False,True,,40.70506,-73.91747,False
766107,Healthy Taste Deli & Juice Bar,Healthy Taste Deli & Juice Bar Inc,416 Rockaway Ave,11212,316,BKCB16,AC,False,True,,40.66988,-73.91078,False
766103,Smart 2 Deli,Smart 2 Deli Corp,894 Myrtle Ave,11206,303,BKCB3,AC,False,True,,40.69568,-73.94652,False
766100,Qing Xin Grocery,Qing Xin Grocery Inc,5405 6Th Ave Fl1,11220,307,BKCB7,A,False,False,1000,40.64137,-74.01059,False
766097,Floral Fromage,Floral Fromage Llc,117 Grattan St. Ste 117 ##,11237,301,BKCB1,AC,False,True,,40.70621,-73.92819,False
766090,El Badia Meat Market,El Badia Market Inc,4113 2Nd Ave ##,11232,307,BKCB7,A,False,False,,40.65379,-74.01202,False
766084,Foster Sunshine Deli,Foster Sunshine Deli Inc,9201 Foster Ave,11236,318,BKCB18,AC,False,True,1500,40.6457,-73.9098,False
766066,Graham Gardem,359 Graham Foods Inc,359 Graham Ave,11211,301,BKCB1,AC,False,True,,40.71535,-73.94452,False
766044,Mom & Icepops,Eli H Kaplan,61 Meserole Ave,11222,301,BKCB1,AC,False,True,,40.72634,-73.95493,False
766030,I'M Blue,Coastline Fish Inc,270 Marcus Garvey Blvd ##,11221,303,BKCB3,AC,False,True,,40.68797,-73.93904,False
766027,Pulaski Pantry & Deli,Pulaski Pantry & Deli Corp,207 Pulaski St,11206,303,BKCB3,AC,False,True,,40.6931,-73.94271,False
766010,Fresh And Fancy,Fresh And Fancy Corp,285 Utica Ave,11213,309,BKCB9,AC,False,True,,40.66828,-73.93117,False
766006,Mini Market Ii,Mini Market Ii Corp,1737 St Marks Ave,11233,316,BKCB16,AC,False,True,,40.67297,-73.90937,False
765989,Midwest Natural Market,Midwest Natural Market Corp,83 Wilson Ave,11237,304,BKCB4,AC,False,True,,40.70182,-73.92771,False
765977,Yafa Deli Ny,Yafa Deli Ny Corp,374 Ralph Ave,11233,316,BKCB16,AC,False,True,,40.676,-73.92191,False
765932,Grill And Grocery,Grill And Grocery Llc,2226 Surf Ave,11224,313,BKCB13,AC,False,True,1800,40.57404,-73.98957,False
765929,Jes Fish & Seafood,Jes Fish & Seafood Corp,4209 Ave D,11203,317,BKCB17,AC,False,True,,40.64171,-73.9364,False
765925,El Badia Market,El Badia Market Inc,4123 2Nd Ave ##,11232,307,BKCB7,AC,False,True,,40.65401,-74.01178,False
765916,Stop Deli & Grocery,Stop Deli & Grocery Corp,2202 Surf Ave,11224,313,BKCB13,AC,False,True,1500,40.57423,-73.98889,False
765905,Brighton Flaming Grill,Brighton Flaming Grill Inc,1023 Brighton Beach Ave,11235,313,BKCB13,AC,False,True,,40.57821,-73.95855,False
765904,2321 Mini Market,2321 Mini Market Inc,2321 Mermaid Ave,11224,313,BKCB13,AC,False,True,1500,40.57596,-73.99077,False
765884,Z Deli & Grill 2,Z Deli & Grill 2 Incorporated,2835 Coney Island Ave,11235,315,BKCB15,AC,False,True,,40.58748,-73.96036,False
765873,Charro Deli Grocery,Charro Deli Grocery Corp,1789 Linden Blvd,11207,305,BKCB5,AC,False,True,,40.65794,-73.89631,False
765837,Rad Productions,Rad Productions Inc,2914 Coney Island Avenue,11235,313,BKCB13,AC,False,True,,40.58536,-73.96047,False
765836,Fulton Eatery & Grill,Fulton Eatery & Grill Corp,2887 Fulton Street,11207,305,BKCB5,AC,False,True,,40.67889,-73.88801,False
765835,Yafa Flaming Grill,Yafa Flaming Grill Inc,1424 Sheepshead Bay Rd,11235,315,BKCB15,AC,False,True,,40.58743,-73.95444,False
765765,Peace & Love Gourmet Deli,Peace & Love Gourmet Deli Corp,9602 Glenwood Ave ####,11236,318,BKCB18,AC,False,True,1000,40.6447,-73.90299,False
765752,Pitkin Green Deli,Pitkin Green Deli Inc,1577 Pitkin Ave,11212,316,BKCB16,AC,False,True,,40.66904,-73.91515,False
765744,Z & Z Grocery Deli,Z & Z Grocery Deli Corporation,5011 Avenue D,11203,317,BKCB17,AC,False,True,,40.64217,-73.92884,False
765739,Super Fresh,Pakq Corp,3404 Quintin Rd,11234,318,BKCB18,AC,False,True,,40.61383,-73.93803,False
765605,Jefferson Market & Deli,Jefferson Market & Deli Corp,992 Jefferson Ave,11221,303,BKCB3,AC,False,True,,40.68693,-73.91816,False
765592,Bobbys Deli & Grill,Bobbys Deli & Grill Corp,246 Avenue U,11223,311,BKCB11,AC,False,True,1000,40.59677,-73.97524,False
765585,Double A Deli,Double A Deli Corp,1634 Eastern Pkwy ##,11233,316,BKCB16,AC,False,True,,40.67186,-73.91406,False
765583,Brooklyn Cannery,Brooklyn Cannery Llc,215 47Th Street,11220,307,BKCB7,AC,False,True,15000,40.65044,-74.01464,False
765578,Sy Organic Farm,Sy Organic Farm Inc,110 Moore St Ste 14A ##,11206,301,BKCB1,AC,False,True,,40.7039,-73.9411,False
765512,Dacs Grocery,Dacs Grocery Corp,39 Lott Avenue,11212,316,BKCB16,AC,False,True,,40.65722,-73.91259,False
765498,Flatbush Fresh Deli & Grill Ny,Flatbush Fresh Deli & Grill Ny Corp,2123 Churh Ave,11226,314,BKCB14,AC,False,True,700,40.65031,-73.95913,False
765494,438 Putnam Deli,438 Putnam Deli Corp,438 Nostrand Ave,11216,303,BKCB3,AC,False,True,,40.68418,-73.95033,False
765489,Troy Deli Gourmet,Lucio Deli Grocery Corp,73 Troy Avenue,11213,308,BKCB8,AC,False,True,,40.67703,-73.93598,False
765482,Sam Organic Food Corp,Sam Organic Food Corp,1043 Manhattan Ave,11222,301,BKCB1,AC,False,True,900,40.73456,-73.95498,False
765443,Deli Grocery Andrea,Deli Grocery Andrea Corp,7924 16Th Ave ##,11214,311,BKCB11,AC,False,True,3000,40.61356,-74.00367,False
765438,Dyker Deli,Dyker Deli Inc,1238 63Rd St,11219,310,BKCB10,A,False,False,,40.6277,-74.00121,False
765406,740 Fresh Deli & Grocery Inc.,740 Fresh Deli & Grocery Inc,740 4Th Ave,11232,307,BKCB7,AC,False,True,,40.66114,-73.99742,False
765405,Marlboro Deli,Marlboro Deli Corp,2387 Stillwell Avenue,11223,313,BKCB13,AC,False,True,400,40.5892,-73.98383,False
765363,M&R Brothers Deli,M&R Brothers Deli Corp,2255 Bedford Ave,11226,317,BKCB17,AC,False,True,500,40.649,-73.95577,False
765361,Sushi Maru (Inside Key Food),Sushi Maru Express Inc,8772 18Th Ave,11214,311,BKCB11,AC,False,True,500,40.60363,-74.00684,False
765358,Bread&Butter Mini Market,Bread&Butter Mini Market Corp,1118 Pennsylvania Avenue,11207,305,BKCB5,AC,False,True,1000,40.65309,-73.88676,False
765354,Bismillah Supermarket 1,Bismillah Supermarket 1 Inc,1950 Bath Ave Ste 3,11214,311,BKCB11,AC,False,True,2000,40.60176,-74.00211,False
765349,Kayway Deli & Juice Bar,Kayway Deli & Juice Bar Corp,1683 E 16Th Street,11229,315,BKCB15,AC,False,True,1300,40.60852,-73.95729,False
765341,Flatbush Convenience Plus,Flatbush Convenience Plus Inc,2069 Flatbush Ave,11234,318,BKCB18,AC,False,True,,40.61947,-73.93344,False
765331,Upstate Stock,Berry St Goods Llc,2 Berry St #2  ##,11249,301,BKCB1,AC,False,True,,40.72237,-73.95496,False
765325,Organic Gourmet Deli And Grill,Organic Gourmet Deli And Grill Co,3302 Church Avenue,11203,317,BKCB17,AC,False,True,,40.65094,-73.9465,False
765318,Ayman Organic Market,Ayman Organic Market Inc,320 Myrtle Ave,11205,302,BKCB2,AC,False,True,,40.69327,-73.97366,False
765271,M&H Gravesend,M&H Gravesend Inc,1507 Gravesend Neck Rd,11229,315,BKCB15,A,False,False,600,40.59491,-73.95531,False
765265,Ej Organic Market,Ej Organic Market Corp,1218 Myrtle Ave,11221,304,BKCB4,AC,False,True,,40.69762,-73.92953,False
765260,455 Atlantic Deli And Grocery,455 Atlantic Deli And Grocery Corp,455 Atlantic Avenue,11217,302,BKCB2,AC,False,True,900,40.68604,-73.98256,False
765236,Quick Stop Convenience,Quick Stop Convenience And Deli Inc,1452 Myrtle Ave,11237,304,BKCB4,AC,False,True,,40.69897,-73.91673,False
765232,Blake Deli & Grill,Blake Deli & Grill Inc,241 Blake Ave ##,11212,316,BKCB16,AC,False,True,,40.66552,-73.91049,False
765228,Ace Organic Deli,Ace Organic Deli Inc,194 Hoyt Street ##,11217,306,BKCB6,AC,False,True,1100,40.68438,-73.98927,False
765227,Boro Park 99 Cent Discount Hub,Boro Park 99 Cent Discount Hub Inc,3812 13Th Ave,11218,312,BKCB12,A,False,False,1500,40.64097,-73.98593,False
765224,Owen Grill,Owen Grill Corp,409 Saratoga Ave ##,11233,316,BKCB16,AC,False,True,,40.67181,-73.91692,False
765207,Top Deli & Grill,Top Deli & Grill Corp,2143 Nostrand Ave,11210,314,BKCB14,AC,False,True,,40.63292,-73.9477,False
765192,Zee Deli And Grocery,Zee Deli And Grocery Inc,211 Ave M  ##,11230,312,BKCB12,AC,False,True,1200,40.61657,-73.97291,False
765190,Amayas Deli Bites,Amayas Deli Bites Corp,786 New Lots Avenue,11208,305,BKCB5,AC,False,True,,40.6669,-73.88143,False
765186,Sapphire Cafe & Deli 1,Sapphire Cafe & Deli 1 Corp,40 N 4Th St,11249,301,BKCB1,AC,False,True,,40.71825,-73.9629,False
765124,2&5 Flatbush Junction,2&5 Flatbush Junction Corp,1581 Flatbush Ave,11210,314,BKCB14,A,False,False,1200,40.63227,-73.94709,False
765121,Divine Redeemer Deli,Divine Redeemer Deli Corp,716 Knickerbocker Ave,11221,304,BKCB4,AC,False,True,,40.69419,-73.91023,False
765120,Pollo Licey Food Market,Jn Licey Food Market Corp,200 Jamaica Avenue,11207,305,BKCB5,AC,False,True,3000,40.68038,-73.89272,False
765119,Bien Cuit,Bien Cuit Wholesale Llc,120 Smith St,11201,302,BKCB2,ABC,True,True,2500,40.68763,-73.98985,False
765053,Pueblita Deli And Grocery,Pueblita Deli And Grocery Corp,121 Avenue U,11223,311,BKCB11,AC,False,True,1200,40.59626,-73.97986,False
765052,Feras Gourmet Deli,Feras Gourmet Deli Corp,945 Flatbush Ave,11226,314,BKCB14,AC,False,True,700,40.64862,-73.95827,False
765040,Ave J Deli & Grill Zone,Ave J Deli & Grill Zone Inc,1504 Avenue J,11230,314,BKCB14,AC,False,True,2000,40.62521,-73.96118,False
765037,W & M Deli,W & M Deli Corp,1737 E New York,11212,316,BKCB16,AC,False,True,,40.67532,-73.90427,False
765023,Bp,1130 Fuel Corp,1130 Pennsylvania Avenue,11207,305,BKCB5,AC,False,True,800,40.65306,-73.88683,False
765018,E19 Deli & Grocery,E19 Deli & Grocery Inc,1906 Avenue Y,11235,315,BKCB15,AC,False,True,1000,40.59053,-73.9508,False
765006,Alis Deli And Grill 2,Alis Deli And Grill 2 Corp,1638 Coney Island  Ave,11230,314,BKCB14,AC,False,True,,40.6174,-73.96377,False
764991,Tempting Tastes And Gourmet,Tempting Tastes And Gourmet Corp,3323 Ave H,11210,317,BKCB17,AC,False,True,,40.63187,-73.94432,False
764986,Deli Gourmet Juda,Deli Gourmet Juda Inc,143 Central Avenue  ##,11221,304,BKCB4,AC,False,True,,40.6995,-73.92765,False
764977,Eat Good Group,Eat Good Group Inc,5816 7Th Ave ##,11220,307,BKCB7,AC,False,True,1200,40.63762,-74.01093,False
764974,Apni Pharmacy,Apni Pharmacy Corp,211 Neptune Ave,11235,313,BKCB13,A,False,False,,40.58166,-73.96134,False
764973,Healthy Ways Pharmacy,Wattoo Corporation,3170 Coney Island Ave,11235,313,BKCB13,A,False,False,,40.57874,-73.95969,False
764948,Zhang 168,Zhang 168 Inc,816A 56Th Street,11220,312,BKCB12,A,False,False,,40.63752,-74.00683,False
764947,Rugby Grocery,Visions Store Corp.,1325 Foster Ave,11230,314,BKCB14,A,False,False,,40.63362,-73.96402,False
764943,Lenox Deli & Grill,Lenox Deli & Grill Inc,728 Rogers Ave,11226,317,BKCB17,AC,False,True,1000,40.65363,-73.95278,False
764941,Dumont Grocery And Deli Ny,Dumont Grocery And Deli Ny Corp,690 Linwood St,11208,305,BKCB5,AC,False,True,,40.66839,-73.88118,False
764938,Mayar Deli,Mayar Deli Corp,911 E 107Th St,11236,318,BKCB18,AC,False,True,1500,40.64839,-73.89257,False
764923,1066 Alex Deli Food,1066 Alex Deli Food Corp,1066 Rutland Rd,11212,317,BKCB17,AC,False,True,,40.6638,-73.92465,False
764922,Myrtle Wombat,Channel 5 Advisors Llc,581 Myrtle Ave ##,11205,303,BKCB3,AC,False,True,,40.69402,-73.96086,False
764916,Metro Foodcenter,Metro Foodcenter Corp,259 Vandervoort Ave,11211,301,BKCB1,AC,False,True,,40.71458,-73.93354,False
764914,La Patroncita,La Patroncita Corp,1206 Avenue U,11229,315,BKCB15,AC,False,True,600,40.59845,-73.95986,False
764913,Cholitos Plakasitos Deli & Grocery,Cholitos Plakasitos Deli & Grocery Corp,2029 Stillwell Ave,11223,311,BKCB11,AC,False,True,800,40.59703,-73.98509,False
764896,Lidl #1580,Lus Licensing Llc,459 Gateway Dr,11239,305,BKCB5,AC,False,True,18000,40.65206,-73.87079,False
764885,91 Sml Management,91 Sml Management Inc,1389 Broadway ##,11221,303,BKCB3,AC,False,True,,40.68881,-73.9209,False
764884,J And M Deli Grocery Ny,J And M Deli Grocery Ny Inc,605 Sutter Ave,11207,305,BKCB5,AC,False,True,,40.66918,-73.89655,False
764880,One Stop Health Deli & Market,One Stop Health Deli & Market Inc,34 Ralph Ave,11221,303,BKCB3,AC,False,True,,40.68914,-73.92395,False
764871,Don Alex Food Market,Don Alex Food Market Corp,353 Knickerbocker Ave,11237,304,BKCB4,AC,False,True,,40.70082,-73.92189,False
764870,Joy Boy Deli N Grill,Joy Boy Deli N Grill Inc,745 Manhattan Ave,11222,301,BKCB1,AC,False,True,600,40.7265,-73.95233,False
764865,Salt & Pepper Deli & Grill,854 Bushwick Deli Inc,854 Bushwick Ave,11221,304,BKCB4,AC,False,True,,40.69421,-73.9266,False
764859,Riverside Marketplace Ny,Riverside Marketplace Ny Inc,5 Blue Slip ####,11222,301,BKCB1,AC,False,True,,40.73639,-73.95925,False
764852,Tavares Mini Market,Tavares Mini Market Inc,66 Hendrix Street,11207,305,BKCB5,AC,False,True,,40.68076,-73.89139,False
764828,Xin Wan Da Seafood Market,Xin Wan Da Seafood Market Inc,5724 8Th Ave,11220,312,BKCB12,AC,False,True,,40.63671,-74.00826,False
764797,Wholesome Deli,Wholesome Deli Corp,6125 5Th Avenue,11220,307,BKCB7,AC,False,True,1000,40.63843,-74.01726,False
764791,Canarsie Super Express Deli,Canarsie Super Express Deli Inc,9801 Avenue L,11236,318,BKCB18,AC,False,True,1200,40.63939,-73.89415,False
764770,43 Wilson Gourmet Deli,43 Wilson Gourmet Deli Corp,43 Wilson Ave,11237,304,BKCB4,AC,False,True,,40.70268,-73.92922,False
764766,Amr Gourmet Deli,Amr Gourmet Deli Inc,391 King Hwy,11223,311,BKCB11,AC,False,True,900,40.60457,-73.97566,False
764753,Jay Sushi,Jay Sushi Inc,210 Clarkson Ave,11226,317,BKCB17,AC,False,True,100,40.65527,-73.95257,False
764751,Bangla Deli,Bangla Deli Corp,863 Broadway,11206,303,BKCB3,AC,False,True,,40.69849,-73.93797,False
764737,Roshan Super Market,Roshan Super Market Inc,217 Neptune Ave,11235,313,BKCB13,AC,False,True,1500,40.58165,-73.96137,False
764736,Bay Health Pharmacy,Bay Health Pharmacy,64-15 Bay Parkway,11204,310,BKCB10,A,False,False,3000,40.63304,-74.03441,False
764723,Mikes Mini Market I,Mikes Mini Market 1 Inc,730 Platbush Ave ####,11226,314,BKCB14,A,False,False,700,40.65518,-73.95977,False
764722,Beile Grocery Inc,Beile Grocery Inc,6110 20Th Ave,11204,311,BKCB11,A,False,False,1500,40.61854,-73.98376,False
764707,Aseel Saeidi,Wael Deli Grocery Inc,3723 Church Avenue,11203,317,BKCB17,A,False,False,,40.65114,-73.94202,False
764702,Bread & Butter Market 505,Bread & Butter Market 505 Llc,505 Grand Street,11211,301,BKCB1,AC,False,True,,40.71098,-73.95088,False
764700,Never 2 Much,Aydr Corp,1989 Coney Island Avenue,11223,315,BKCB15,A,False,False,4500,40.60869,-73.96212,False
764689,Las Dos Familias Deli,Las Dos Familias Deli Inc,1858 Bath Ave,11214,311,BKCB11,AC,False,True,1500,40.60294,-74.00435,False
764676,Varenyk House,Fest Production Inc,402 Brighton Beach Ave ####,11235,313,BKCB13,A,False,False,800,40.57725,-73.96315,False
764674,Shop Here Grocery,Shop Here Grocery Inc,2053 Pitkin Ave,11207,305,BKCB5,A,False,False,,40.67179,-73.89668,False
764667,Ryyan Deli Grocery,Ryyan Deli Grocery Corp,1256 Troy Avenue,11203,317,BKCB17,AC,False,True,,40.64186,-73.93515,False
764664,Huarache Artesanal Tusita,Huarache Artesanal Tusita Llc,2280 Mcdonald Ave,11223,315,BKCB15,AC,False,True,3000,40.5967,-73.9733,False
764660,Brighton 5Th Deli & Juice,Mahram Adel,502 Brighton Beach Ave,11235,313,BKCB13,AC,False,True,,40.57744,-73.96226,False
764655,Farm Fresh Deli,Farm Fresh Deli Inc,685 Washington Ave,11238,308,BKCB8,AC,False,True,1000,40.6768,-73.96357,False
764653,C-Town,Amir Food Llc,7812 Flatlands Avenue,11236,318,BKCB18,AC,False,True,6000,40.63476,-73.91401,False
764641,3407 El Mercadito Deli Grocery,3407 El Mercadito Deli Grocery Corp,3407 Avenue S,11234,318,BKCB18,AC,False,True,,40.60896,-73.93253,False
764629,Mini Market Manhattan Ave,Mini Market Manhattan Ave Corp,969 Manhattan Ave,11222,301,BKCB1,AC,False,True,800,40.73223,-73.9546,False
764616,Habibii 99C Convenience,Habibi 99C Convenience Corp,686 Knickerbocker Ave,11221,304,BKCB4,A,False,False,1000,40.69476,-73.91121,False
764593,Stop 2 Mini Market,Stop 2 Mini Market Corp,301 Wyckoff Ave,11237,304,BKCB4,AC,False,True,,40.70029,-73.91244,False
764592,444 Grocery Deli,444 Grocery Deli Inc,444 Ralph Ave,11233,316,BKCB16,AC,False,True,,40.67388,-73.92211,False
764590,New Charlie Mini Market,New Charlie Mini Market Inc,424 Sutter Ave,11212,316,BKCB16,AC,False,True,,40.66819,-73.90313,False
764579,Deen Pharmacy,Milford Pharmacy Inc,2582 Pitkin Ave,11208,305,BKCB5,A,False,False,,40.6747,-73.87684,False
764575,Wang Jia Fu Grocery,Wang Jia Fu Grocery Llc,5808 7Th Avenue  ##,11220,307,BKCB7,A,False,False,600,40.63779,-74.01076,False
764573,Brown Suga Snacks,Brown Suga Snacks Inc,702 Evergreen Avenue,11207,304,BKCB4,A,False,False,,40.68759,-73.91074,False
764566,Tilden And Lott Deli And Grocery,Tilden And Lott Deli And Grocery Corp,2501 Tilden Ave,11226,317,BKCB17,AC,False,True,1200,40.64669,-73.95399,False
764550,Dee Dees Sweets & Treats,Dee Dees Sweets & Treats Corp,694 5Th Ave,11215,307,BKCB7,AC,False,True,600,40.66117,-73.9936,False
764546,Fresh Zone Deli N Grill,Fresh Zone Deli N Grill Inc,629 Church Ave,11218,312,BKCB12,AC,False,True,2000,40.64542,-73.97315,False
764533,Greene Ave Deli & Market,Greene Ave Deli & Market Nc,19 Greene Ave,11238,302,BKCB2,AC,False,True,1000,40.68591,-73.97256,False
764531,Global Farm Marketplace,Palmwood Supermarket Llc,1389 Broadway,11221,303,BKCB3,AC,False,True,,40.68881,-73.9209,False
764503,Y & P Deli Grocery,Y & P Deli Grocery Corp,1891 Coney Island Avenue,11230,314,BKCB14,AC,False,True,,40.6112,-73.9626,False
764494,7 Eleven Store # 32884A,Richard D Paik,301 65Th Street,11220,310,BKCB10,AC,False,True,2500,40.63923,-74.02314,False
764493,S & T Deli Food,S & T Deli Food Corp,512 Van Siclen Avenue,11207,305,BKCB5,AC,False,True,,40.66699,-73.88889,False
764491,Rake Deli Grocery,Rake Deli Grocery Corp,107 Marcus Garvey Blvd,11206,303,BKCB3,AC,False,True,,40.69524,-73.94047,False
764490,Fultons Tasty Gourmet,Fultons Tasty Gourmet Inc,3337 Fulton St,11208,305,BKCB5,AC,False,True,,40.68358,-73.87242,False
764486,Loyal Meat Store,Loyal Meat Store Inc,5912 Fort Hamilton Pkwy,11219,312,BKCB12,AC,False,True,100,40.6333,-74.00522,False
764476,Emdad Supermarket,Emdad Supermarket & Grocery Inc,1206 Liberty Avenue,11208,305,BKCB5,AC,False,True,,40.67901,-73.86467,False
764469,Bushwick Organic Deli 1,Bushwick Organic Deli 1 Corp,1104 Bushwick Ave,11221,304,BKCB4,AC,False,True,,40.69001,-73.91903,False
764457,Nuvo Mart,Nuvo Mart Inc,1520 Avenue M,11230,314,BKCB14,A,False,False,1500,40.6181,-73.95924,False
764421,San Vicente Gourmet Deli,San Vicente Gourmet Deli Inc,3078-3078A Coney Island Avenue,11235,313,BKCB13,AC,False,True,,40.58104,-73.95987,False
764414,Bushwick Gourmet Deli,350 Deli & Market Inc,350 Irving Avenue,11237,304,BKCB4,AC,False,True,,40.69791,-73.91244,False
764412,Medway Deli & Grill,Medway Deli & Grill Inc,9502 Avenue L,11236,318,BKCB18,AC,False,True,1500,40.63774,-73.89674,False
764400,Deli D Amour I,Deli D Amour I Corp,268 Metropolitan Ave,11211,301,BKCB1,AC,False,True,,40.71474,-73.95853,False
764390,Plaza Convenience Store,Plaza Convenience Store Inc,13 Newkirk Plaza,11226,314,BKCB14,AC,False,True,1100,40.63503,-73.96271,False
764387,Miami Deli And Grocery,Miami Deli And Grocery 1 Corp,4023 Glenwood Rd,11210,317,BKCB17,AC,False,True,1500,40.63462,-73.93744,False
764383,Little Red Kitchen Bake Shop,Girl In The Little Red Kitchen Llc,603 4Th Ave,11215,307,BKCB7,AC,False,True,2000,40.66476,-73.99347,False
764371,98 Gourmet Deli,East 98 Deli Corp,504 E 98Th St #2,11212,316,BKCB16,AC,False,True,,40.65657,-73.91353,False
764342,Park The Better Taste,Park The Better Taste Inc,83 Franklin Avenue ####,11205,303,BKCB3,AC,False,True,,40.69646,-73.95841,False
764340,J&K Convenience Store,J&K Convenience Store Inc,1404 Bay Ridge Ave 1St Fl,11219,311,BKCB11,A,False,False,,40.62224,-74.00147,False
764339,Jiajia Grocery,Jiajia Grocery Inc,5522 7Th Avenue,11220,307,BKCB7,AC,False,True,1200,40.63921,-74.00928,False
764337,Favorite Convenience,Favorite Convenience Llc,6904 11Th Ave,11228,310,BKCB10,A,False,False,2000,40.62623,-74.00843,False
764311,Coney Island Candy Store,Coney Island Candy Store Corp,1716 Mermaid Ave,11224,313,BKCB13,AC,False,True,600,40.57657,-73.9853,False
764307,Sunset Market And Deli,Sunset Market And Deli Corp,4421 6Th Ave,11220,307,BKCB7,AC,False,True,2000,40.64675,-74.00501,False
764298,Foodie Blendz,Foodie Blendz Inc,2001 Avenue U,11229,315,BKCB15,AC,False,True,1400,40.5994,-73.9512,False
764290,Forbell Grocery,Forbell Grocery Inc,167 Forbell Street,11208,305,BKCB5,AC,False,True,,40.67923,-73.86427,False
764268,Yum Deli And Grocery 1,Yum Deli And Grocery 1 Corp,2909 Surf Ave,11224,313,BKCB13,AC,False,True,1200,40.57284,-73.99524,False
764265,New York Sub,New York Sub Corp,1221 Flatbush Ave,11226,314,BKCB14,AC,False,True,2000,40.64032,-73.95546,False
764263,Varvatsi,Varvatsi Inc,2584 Coney Island Avenue,11223,315,BKCB15,ACH,False,True,1500,40.59386,-73.96085,False
764253,Lolfresh Market,Lolfresh Market Inc,5914 Fort Hamilton Pkwy ####,11219,312,BKCB12,A,False,False,1500,40.63326,-74.00528,False
764239,Moynamati Supermarket,Moynamati Supermarket Corp,2755 Pitkin Ave,11208,305,BKCB5,AC,False,True,,40.67561,-73.87043,False
764237,Utica Mini Mart,Utica Mini Mart Corp,91 Utica Avenue,11213,308,BKCB8,AC,False,True,,40.67567,-73.93047,False
764227,She Wolf Bakery,She Wolf Bakery Inc,"141 Flushing Ave, Suite 103",11205,302,BKCB2,AC,False,True,7000,40.69786,-73.97121,False
764221,Viejo Deli,Viejo Deli Corp,845 Mcdonald Ave,11218,312,BKCB12,AC,False,True,1800,40.63339,-73.97766,False
764207,Green Gourmet,Green Gourmet Deli Inc,664 Greene Ave,11221,303,BKCB3,AC,False,True,,40.68939,-73.94238,False
764206,Fulton Deli Market,Fulton Deli Market Corp,1521 Fulton Street ####,11216,303,BKCB3,AC,False,True,,40.6799,-73.94052,False
764186,Rosenfelds Grocery,Ez Mini Market Inc,160 Penn St,11211,301,BKCB1,AC,False,True,,40.70294,-73.95719,False
764184,Natures Cleanse,Natures Cleanse Llc,496 Flatbush Ave,11225,309,BKCB9,A,False,False,,40.6621,-73.9617,False
764173,Berry Organic,Berry Organic Inc,228 Berry Street,11249,301,BKCB1,AC,False,True,,40.71541,-73.96246,False
764172,Marine Deli,Marine Deli Inc,3617 Quentin Rd,11234,318,BKCB18,AC,False,True,,40.61495,-73.93631,False
764167,Ave H Deli & Grill,Ave H Deli & Grill Corp,1680 Albany Ave,11210,318,BKCB18,AC,False,True,,40.63202,-73.93698,False
764166,Treasure Island Produce,Treasure Island Produce Corp,53 Quentin Road ####,11223,311,BKCB11,AC,False,True,6000,40.60533,-73.98473,False
764162,Los Ramos Deli,Los Ramos Deli Corp,105 Graham Ave,11206,301,BKCB1,AC,False,True,,40.70537,-73.94288,False
764161,500 Grand Mini Market Organic,500 Grand Mini Market Organic Inc,500 Grand Street,11211,301,BKCB1,AC,False,True,,40.71094,-73.9513,False
764157,Big Waves 1,Big Waves 1 Corp,1217 Flatbush Ave,11226,314,BKCB14,AC,False,True,1200,40.64061,-73.95574,False
764151,Ronny Deli Grocery,Ronny Deli Grocery Corp,518 Sutter Ave,11207,305,BKCB5,AC,False,True,,40.66871,-73.89965,False
764132,Brwnsville Gourmet Deli,Brwnsvile Gourmet Deli Inc,469 E 98Th St,11212,317,BKCB17,AC,False,True,,40.65714,-73.91418,False
764122,Rockaway Gourmet,Rockaway Gourmet Inc,1089 Rutland Rd,11212,317,BKCB17,AC,False,True,,40.66427,-73.92395,False
764121,Habibis Deli Juice Bar,Habibis Deli Juice Bar Inc,944 4Th Avenue,11232,307,BKCB7,AC,False,True,,40.65461,-74.00421,False
764120,Ave M Deli Juice Bar,Ave M Deli Juice Bar Inc,1624 Avenue M,11230,314,BKCB14,AC,False,True,,40.6182,-73.95833,False
764100,Rise & Shine Deli Grocery,Rise & Shine Deli Grocery Corp,809 Nostrand Ave,11225,309,BKCB9,AC,False,True,1200,40.66884,-73.95057,False
764085,Aziza Sweets Shop,Aziza Sweets Shop Inc,407 Ditmas Ave,11218,312,BKCB12,AC,False,True,750,40.63589,-73.97476,False
764068,Garden Gourmet,187 The Big Apple Deli & Grill Inc,187 Montrose Ave###,11206,301,BKCB1,AC,False,True,,40.70747,-73.94167,False
764054,Stars Mini Market Deli,Stars Mini Market Deli Corp,317 Bushwick Ave,11206,301,BKCB1,AC,False,True,,40.70539,-73.93949,False
764052,Ideal Food Basket,739 Meat Corp,739 Nostrand Ave,11216,308,BKCB8,AC,False,True,,40.67204,-73.9503,False
764022,Butchers Gallery Market,Butchers Gallery Market Llc,728 Avenue U,11223,315,BKCB15,AC,False,True,2000,40.59809,-73.96324,False
764018,New Quick Deli,New Quick Deli Corp,5310 4Th Ave,11220,307,BKCB7,AC,False,True,1000,40.64459,-74.01463,False
764006,Candy Convenience Shop,Candy Convenience Shop Inc,749 Rogers Avenue,11226,317,BKCB17,A,False,False,500,40.65292,-73.9527,False
763984,Rose & Naomi Produce Grocery Meat Market,Rose & Naomi Produce Grocery Meat Market,673 Liberty Ave,11207,305,BKCB5,A,False,False,,40.6761,-73.88499,False
763983,Veras Grocery,C & A Family Inc,4522 3Rd Ave,11220,307,BKCB7,AC,False,True,,40.65014,-74.01226,False
763979,Mitchs Provisions,Mitchs Provisions Llc,148 Tompkins Ave,11206,303,BKCB3,AC,False,True,1000,40.6941,-73.94606,False
763972,118 Japanese Market,118 Japanese Market Inc,118 Bedford Ave,11249,301,BKCB1,A,False,False,,40.71974,-73.95566,False
763971,Bk Nutrition,Bk Nutrition Inc,5203 7Th Ave 1F,11220,307,BKCB7,A,False,False,750,40.64119,-74.0072,False
763968,1818 New York Market,1818 New York Market Inc,"1818 86Th Street, Num 1A",11214,311,BKCB11,A,False,False,400,40.60691,-74.00207,False
763960,Fulton 3158 Grocery Store,Fulton 3158 Grocery Store Inc,3158 Fulton St,11208,305,BKCB5,A,False,False,,40.68189,-73.8784,False
763936,Prime Deli Grocery,Prime Deli Grocery I Corp,2022 Nostrand Ave,11210,317,BKCB17,AC,False,True,1500,40.63614,-73.94799,False
763935,331 Quincy Market,331 Quincy Market Corp,331 Nostrand Ave,11216,303,BKCB3,AC,False,True,,40.68706,-73.9509,False
763921,Cut Above,Y&D Meat Corp,2818 Avenue U,11229,315,BKCB15,AC,False,True,100,40.6003,-73.94311,False
763907,Basin Drugs,Rxvv Corp,2378 Ralph Avenue,11234,318,BKCB18,A,False,False,,40.62004,-73.91732,False
763904,La Cabra,La Cabra Roastery Llc,1329 Willoughby Avenue,11237,304,BKCB4,AC,False,True,4000,40.7062,-73.92087,False
763895,Nyc Deli & Bodega,Nyc Deli & Bodega Corp,7005 3Rd Ave,11209,310,BKCB10,AC,False,True,3000,40.63465,-74.02648,False
763889,Avenue P Juice Bar Deli & Grill I,Avenue P Juice Bar Deli & Grill I,393 Avenue P,11223,312,BKCB12,AC,False,True,1000,40.60886,-73.97268,False
763883,Between The Bun Brooklyn Gourmet,Between The Bun Brooklyn Gourmet Inc,774 Broadway ####,11206,304,BKCB4,AC,False,True,,40.7002,-73.94094,False
763878,Walk In Deli I,Walk In Deli I Corp,61 N 11Th St,11249,301,BKCB1,AC,False,True,,40.72203,-73.95857,False
763870,7Th Avenue Pharmacy,7Th Avenue Pharmacy Inc,5412 7Th Avenue,11220,307,BKCB7,A,False,False,1500,40.63995,-74.00851,False
763859,E Food Market,E Food Market Inc,8511 18Th Avenue ####,11214,311,BKCB11,AC,False,True,2000,40.60757,-74.00225,False
763850,Milito Deli Grocery,Milito Deli Grocery Corp,112 Moffat St,11207,304,BKCB4,AC,False,True,,40.68588,-73.90803,False
763848,397 Star Deli & Grill,397 Star Deli & Grill Corp,397 Avenue X,11223,315,BKCB15,AC,False,True,,40.59077,-73.96808,False
763847,Red Store Deli And Grocery I,Red Store Deli And Grocery I Inc,323 Powell St,11212,316,BKCB16,AC,False,True,,40.66637,-73.90315,False
763804,Shimmys Corner,Nehorai Meir Corp,589 Albany Ave,11203,309,BKCB9,AC,False,True,,40.66024,-73.93975,False
763785,Sky Deli,Hl Convenience Inc,2112 Nostrand Ave,11210,314,BKCB14,AC,False,True,1500,40.63386,-73.94776,False
763784,Bagel House And Grill,Bagel House And Grill Corp,1688 E 16Th Street,11229,315,BKCB15,AC,False,True,1000,40.60856,-73.9573,False
763781,Deli & Montse,Deli & Montse Inc,110 Avenue N,11230,312,BKCB12,AC,False,True,1000,40.61408,-73.97356,False
763778,El Grand Deli,El Grand Deli Llc,568 Grand Ave,11238,308,BKCB8,AC,False,True,,40.67857,-73.96208,False
763763,Save A Lot,Get Fabric Inc,69 9Th Street ##,11215,306,BKCB6,A,False,False,9000,40.67349,-73.9952,False
763754,Gutierrez Grocery,Diksha 545 Inc,545 Knickerbocker Ave,11221,304,BKCB4,AC,False,True,,40.69719,-73.91554,False
763752,F&S Grocery Discount,F&S Grocery Discount Corp,1150 Flatbush Ave,11226,314,BKCB14,AC,False,True,1800,40.64222,-73.95733,False
763750,Shore Deli Grocery,Shore Deli Grocery Corporation,104 West End Ave ####,11235,315,BKCB15,AC,False,True,,40.57914,-73.95332,False
763709,86Th St Flaming Grill,86Th St Flaming Grill Inc,520 86Th St,11209,310,BKCB10,AC,False,True,2000,40.62112,-74.02561,False
763704,All Natural Market And Deli,All Natural Market And Deli Inc,564 Bainbridge Street,11233,316,BKCB16,AC,False,True,2000,40.68289,-73.9143,False
763669,Kings Highway Deli And Grill 1,Kings Highway Deli And Grill 1 Inc,9424 Kings Hwy,11212,317,BKCB17,AC,False,True,,40.65848,-73.92048,False
763667,1619 Kings Deli,1619 Kings Deli Corp,1619 Oriental Blvd,11235,315,BKCB15,AC,False,True,,40.57843,-73.93822,False
763665,Moonlight Deli & Grill,Moonlight Deli & Grill Inc,379 Knickerbocker Ave,11237,304,BKCB4,AC,False,True,,40.70037,-73.92106,False
763664,P Central Market Place And Deli,P Central Market Place And Deli Inc,271 Flatbush Ave,11217,306,BKCB6,AC,False,True,,40.67948,-73.97414,False
763662,640 Blake Mini Market,640 Blake Mini Market Corp,640 Blake Ave,11207,305,BKCB5,AC,False,True,,40.66777,-73.89525,False
763659,La Mixteca Deli & Grocery,La Mixteca Deli & Grocery Corp,46-04 Avenue N,11234,303,BKCB3,AC,False,True,,40.678732,-73.947129,True
763615,Mr Grocery & Beer,Mr Grocery & Beer Inc,164 Irving Ave,11237,304,BKCB4,AC,False,True,2000,40.70218,-73.91996,False
763587,Sandra Ds Delectables,Nako Logistics Llc,417 Nostrand Ave ####,11216,303,BKCB3,AC,False,True,1000,40.6834,-73.95018,False
763578,C Town,Toofan Food Corp,1761 Nostrand Ave,11226,317,BKCB17,AC,False,True,10000,40.64279,-73.9487,False
763551,Happy Face Baby Shop & Grocery,Happy Face Baby Shop & Grocery Inc,342 Knickerbocker Ave,11237,304,BKCB4,A,False,False,1400,40.70099,-73.9222,False
763546,Frutas Locas,Frutas Locas Corp,241 Ave X,11223,315,BKCB15,AC,False,True,500,40.59015,-73.97377,False
763536,Z H Fresh Market,Z H Fresh Market Inc,1237 Avenue U,11229,315,BKCB15,AC,False,True,7000,40.59858,-73.95868,False
763535,Vanderbilt Deli Grocery,Vanderbilt Deli Grocery Inc,608 Vanderbilt Ave,11238,308,BKCB8,AC,False,True,,40.67816,-73.96869,False
763486,Wyckoff Organic Mini Market 1,Wyckoff Organic Mini Market 1 Corp,66 Wyckoff Ave,11237,304,BKCB4,AC,False,True,,40.70528,-73.9208,False
763466,Svry Nutrition,Svry Nutrition Inc,999 Atlantic Ave,11238,302,BKCB2,AC,False,True,,40.68007,-73.95916,False
763412,Stuyvesant Mini Market,Stuyvesant Mini Market Inc,159 Chauncey St,11233,303,BKCB3,AC,False,True,,40.68045,-73.92916,False
763409,K&J Deli & Grill,K&J Deli & Grill Corporation,1792 Flatbush Ave ####,11210,318,BKCB18,AC,False,True,,40.62615,-73.9406,False
763406,Yummy Deli,Yummy Deli Inc,909 Liberty Ave,11208,305,BKCB5,AC,False,True,,40.67741,-73.87603,False
763385,1618 Deli Juice Bar,1618 Deli Juice Bar Inc,1618 Kings Highway,11229,315,BKCB15,AC,False,True,2500,40.60935,-73.95693,False
763367,Azure Gourmet,Akshar113 Inc,113 Franklin St Unit B,11222,301,BKCB1,AC,False,True,,40.73026,-73.95765,False
763353,Jlr Fish Market & Seafood,Jlr Fish Market & Seafood Corp,1551 Broadway,11221,316,BKCB16,AC,False,True,,40.68613,-73.91618,False
763335,Gateway Food Mart,Gateway Food Mart Inc,1047 Elton Street,11208,305,BKCB5,A,False,False,,40.6579,-73.8751,False
763331,1252 Utica Variety,1252 Utica Variety Llc,1252 Utica Avenue ####,11203,317,BKCB17,AC,False,True,4000,40.64194,-73.92935,False
763327,New Seafood Kingdom,New Seafood Kingdom Inc,1224 Flatbush Ave,11226,314,BKCB14,AC,False,True,1700,40.64035,-73.95549,False
763322,Sandwich Factory Ii,Sandwich Factory Ii Corp,1483 Flatbush Ave,11210,314,BKCB14,AC,False,True,1500,40.63428,-73.94919,False
763321,Mr Discount,Mr Discount Corp,252 Central Ave,11221,304,BKCB4,AC,False,True,,40.69693,-73.92315,False
763300,Hlbk Supermarket,Hlbk Supermarket Inc,6722 Fort Hamilton Parkway,11219,310,BKCB10,AC,False,True,30000,40.62923,-74.01134,False
763296,Star Market,King Food Market Inc,1805 Avenue U,11229,315,BKCB15,AC,False,True,11000,40.59917,-73.95322,False
763278,Avenue L Produce,Avenue L Produce Inc,5601 Avenue L,11234,318,BKCB18,AC,False,True,,40.62394,-73.92143,False
763276,Soul Cafe /Soca,Soul Cafe Soca Corp,158 27Th Street ##,11232,307,BKCB7,AC,False,True,4000,40.66017,-74.00055,False
763269,Flores Spot,Flores Spot Corp,274 53Rd Street Store 2,11220,307,BKCB7,AC,False,True,,40.64628,-74.01684,False
763268,Hanz 975,Hanz 975 Corp,975 Fulton Street,11238,302,BKCB2,AC,False,True,,40.6829,-73.96417,False
763258,Mama Louisas,O&G Deli & Grocery Corp,609 New York Avenue,11203,309,BKCB9,AC,False,True,,40.65947,-73.9476,False
763235,Hengyi Grocery,Hengyi Grocery Inc,6124 5Th Ave,11220,307,BKCB7,A,False,False,4000,40.63843,-74.01726,False
763229,Healthy Baby 88,Healthy Baby 88 Inc,7102 20Th Ave,11204,311,BKCB11,A,False,False,,40.61304,-73.98949,False
763223,A Town Supermarket,Family Food Ny Inc,1815 Church Avenue,11226,314,BKCB14,AC,False,True,3000,40.64967,-73.96251,False
763189,El Padrino Deli Grocery,El Padrino Deli Grocery Inc,5902 5Th Ave,11220,307,BKCB7,AC,False,True,1600,40.63997,-74.01564,False
763188,Dnd Aj,Dnd Aj Corp,479 Nostrand Ave,11216,303,BKCB3,AC,False,True,,40.68094,-73.94969,False
763181,Papito Mini Market,Papito Mini Market Corp,259 Patchen Ave ####,11233,303,BKCB3,AC,False,True,,40.68243,-73.92598,False
763159,Sams Deli Express 2,Sams Deli Express 2 Corporation,214 Central Ave ####,11221,304,BKCB4,AC,False,True,,40.698,-73.92502,False
763147,132 Wyckoff Food F&S,132 Wyckoff Food F&S Corp,132 Wyckoff Ave ####,11237,304,BKCB4,AC,False,True,,40.70328,-73.91759,False
763115,Apex Sushi,Apex Sushi Llc,330 Graham Ave ####,11211,301,BKCB1,AC,False,True,,40.71409,-73.94431,False
763092,Magdalena Deli Grocery,Magdalena Deli Grocery Corp,98 Marcus Garvey Blvd,11206,303,BKCB3,AC,False,True,,40.69549,-73.94052,False
763035,Fresh Gourmet Deli & Juice Bar,Fresh Gourmet Deli & Juice Bar Corp,7818 New Utrecht Ave,11214,311,BKCB11,AC,False,True,2000,40.61285,-74.00077,False
763032,Raidan Deli 1,Raidan Deli 1 Corp,1508 Saint Johns Pl,11213,308,BKCB8,AC,False,True,,40.67045,-73.92831,False
763022,360 Columbia Deli,360 Columbia Deli Corp,360 Columbia Street,11231,306,BKCB6,AC,False,True,,40.67964,-74.00529,False
763010,980 Deli,980 Deli Corp,980 Rutland Road,11212,317,BKCB17,AC,False,True,1500,40.66223,-73.92707,False
763008,C & C Fruit And Vegetables,C & C Fruit And Vegetables Corp,4206 Avenue D,11203,317,BKCB17,AC,False,True,,40.64169,-73.93675,False
762992,Myrtle Town Deli N Grill,Myrtle Town Deli N Grill Inc,417 Myrtle Avenue,11205,302,BKCB2,AC,False,True,1000,40.69311,-73.96916,False
762975,Sandwich Spot King,Sandwich Spot King Corp,1048 Flatbush Ave,11226,314,BKCB14,AC,False,True,2000,40.64546,-73.95805,False
762947,K&A Brothers Corner,K&A Brothers Corner Inc,87 Central Ave,11206,304,BKCB4,AC,False,True,,40.70064,-73.92967,False
762946,Yoemy Bridge Food,Yoemy Bridge Food Corp,107 Ralph Ave,11221,303,BKCB3,AC,False,True,,40.68646,-73.92342,False
762940,El Tikal Deli & Grocery,El Tikal Deli & Grocery Corp,7519 New Ultrecht Ave,11214,311,BKCB11,AC,False,True,1000,40.6152,-74.00012,False
762939,Met Fresh Supermarket,302 Meat Corp,302 Church Avenue,11218,312,BKCB12,AC,False,True,10000,40.64374,-73.97723,False
762924,Meat Haven Meat Market The,Franklin Meat & Produce Corp,855 Franklin Ave,11225,309,BKCB9,AC,False,True,,40.66925,-73.95847,False
762917,Jeric Dnj Grocery,Jerika Dnj Grocery Corp,212 Ralph Ave,11233,303,BKCB3,AC,False,True,,40.68246,-73.92262,False
762908,Gb Gourmet Deli Grill,Gb Gourmet Deli Grill Corporation,116 Dekalb Ave ####,11201,302,BKCB2,AC,False,True,,40.68984,-73.97805,False
762903,1037 Nostrand Deli,1037 Nostrand Deli Llc,1037 Nostrand Ave,11225,309,BKCB9,AC,False,True,1200,40.66294,-73.95086,False
762886,M&D One Mini Mart,M&D One Mini Mart Corp,613 Marcy Ave,11206,303,BKCB3,AC,False,True,,40.69379,-73.9489,False
762859,Umars Zabiha Halal Meat,New York Halal Meats Inc,1035 Coney Island Ave ###,11230,314,BKCB14,AC,False,True,800,40.63274,-73.9669,False
762851,Brooklyn Packers,Brooklyn Packers Llc,224 Marcus Garvey Blvd,11221,303,BKCB3,A,False,False,1000,40.69018,-73.93947,False
762832,Ethans Grocery,Ethans Grocery Corp,98 Lewis Ave,11206,303,BKCB3,AC,False,True,,40.69404,-73.93724,False
762826,2667 Coney Island King,2667 Coney Island King Inc,2667 Coney Island Ave,11223,315,BKCB15,AC,False,True,1200,40.59176,-73.96069,False
762825,Big Bite Deli,Big Bite Deli Corp,3113 Church Ave,11226,317,BKCB17,AC,False,True,1600,40.65086,-73.94808,False
762805,Mini Fruit Market Deli Ii,Mini Fruit Market Deli Ii Corporation,6404 14Th Ave ####,11219,310,BKCB10,AC,False,True,1200,40.62513,-73.99885,False
762732,Adam Deli Grocery Ii,Adam Deli Grocery Ii Corp,863 Flatbush Ave,11226,314,BKCB14,AC,False,True,1000,40.65107,-73.95888,False
762730,Bay Ridge Deli & Grill,Bay Ridge Deli & Grill Inc,7905 5Th Avenue,11209,310,BKCB10,AC,False,True,3000,40.6263,-74.02395,False
762726,Brooklyn Deli & Gourmet,Brooklyn Deli & Gourmet Corp,3522 Clarendon Rd,11203,317,BKCB17,AC,False,True,,40.64358,-73.94317,False
762665,New Lots Deli Mini Market,New Lots Deli Mini Market Corp,679 Van Sinderen Ave,11207,305,BKCB5,AC,False,True,,40.65993,-73.89942,False
762664,Baez Grocery Deli,Baez Grocery Deli Corp,1797 Prospect Place,11233,316,BKCB16,AC,False,True,,40.67249,-73.91657,False
762660,Wonder 7Th Grocery,Wonder 7Th Grocery Inc,5120 7Th Avenue,11220,307,BKCB7,A,False,False,800,40.64141,-74.00698,False
762656,5 Star Graham,5 Star Graham Corp,168 Graham Ave,11206,301,BKCB1,AC,False,True,,40.70747,-73.94323,False
762651,435 Prospect Market,435 Prospect Market Llc,435 Court St,11231,306,BKCB6,AC,False,True,,40.6783,-73.99785,False
762646,Edible Arrangements,Saib Enterprises Llc,1557 Ralph Avenue,11236,318,BKCB18,AC,False,True,1800,40.63892,-73.91907,False
762637,Long Wood Fish Market,Best Fish Market Of Ny Inc,9615 Church,11212,317,BKCB17,AC,False,True,,40.65597,-73.91501,False
762600,Universal Nl Market,Universal Nl Market Inc,624 Bradford Street,11207,305,BKCB5,AC,False,True,2000,40.66337,-73.88982,False
762583,Los 7 Valencias Grocery,Los 7 Valencias Grocery Llc,832 Broadway,11206,304,BKCB4,AC,False,True,,40.69924,-73.93924,False
762565,Beverley Halal Mini Market,Beverley Halal Mini Market Inc,1667 Nostrand Ave,11226,317,BKCB17,AC,False,True,1800,40.64544,-73.94899,False
762545,Yolanda Grocery Store,Yolanda Grocery Store Inc,2428 Pitkin,11208,305,BKCB5,A,False,False,,40.67384,-73.88281,False
762540,Zeena Bakery,Zeena Bakery Llc,999 Atlantic Ave,11238,302,BKCB2,AC,False,True,50,40.68007,-73.95916,False
762524,513 Deli & Grill,513 Deli & Grill Inc,513 5Th Ave,11215,306,BKCB6,AC,False,True,1200,40.66687,-73.98821,False
762483,Koha Food Market,Koha Food Market And Halal Meat Corp,319 Church Avenue,11218,312,BKCB12,AC,False,True,1100,40.64384,-73.977,False
762473,R&P Deli Food,R&P Deli Food Corp,567 Lefferts Avenue,11203,309,BKCB9,AC,False,True,,40.66288,-73.94211,False
762443,King Of Flatbush,King Of Flatbush Inc,1256 Flatbush Ave,11226,314,BKCB14,AC,False,True,1000,40.63974,-73.95488,False
762406,Tree Of Life Rx,Tree Of Life Rx Inc,2472 Coney Island Avenue,11223,315,BKCB15,AC,False,True,1500,40.59661,-73.96106,False
762382,5 Brothers Food Corp,5 Brothers Food Corp,365 Central Avenue,11221,304,BKCB4,AC,False,True,,40.69395,-73.91788,False
762356,Villager Farmers Market,Brooklyn Villagers Corp,1035 Coney Island Ave,11230,314,BKCB14,A,False,False,4000,40.63274,-73.9669,False
762277,Big Apple Air Bar,Big Apple Air Bar Corp,1076 Broadway,11221,304,BKCB4,AC,False,True,,40.6946,-73.93099,False
762276,Sajoma Grill And Deli,Sajoma Grill And Deli Corp,442 Marcus Garvey Blvd,11216,303,BKCB3,AC,False,True,,40.68184,-73.93781,False
762273,Garcias Grocery Ny,Garcias Grocery Ny Corp,1201 Foster Ave,11230,314,BKCB14,AC,False,True,,40.63292,-73.96545,False
762256,8602 Deli Food,8602 Deli Food Corp,8602 Flatlands Ave,11236,318,BKCB18,AC,False,True,2500,40.63847,-73.90871,False
762233,Noor Deli And More,Noor Deli And More Corp,4901 4Th Avenue,11220,307,BKCB7,AC,False,True,1000,40.64691,-74.01202,False
762231,945 Five Star Deli Grill Grocery,945 Five Star Deli Grill Grocery Corp,945 Broadway ##,11206,304,BKCB4,AC,False,True,,40.69709,-73.93541,False
762224,7-Eleven Store #27167B,2800 Cia Retail Corp,2800 Coney Island Avenue ##,11235,313,BKCB13,AC,False,True,,40.58822,-73.9607,False
762216,Fresh & Tasty Sushi @ Food Garden,Fresh & Tasty Sushi Inc,102 4Th Ave,11217,302,BKCB2,AC,False,True,,40.68136,-73.98047,False
762213,Fresh 1 Deli N Grill,Fresh 1 Deli N Grill Corp,6901 New Utrecht Ave,11228,311,BKCB11,AC,False,True,1500,40.62033,-73.99864,False
762200,Nick&Sons Bakery,Nick&Sons Bakery Llc,892 Lorimer St,11222,301,BKCB1,AC,False,True,,40.72316,-73.95146,False
762198,Met Fresh Supermarket,410 Meat Corp,410 Tompkins Ave,11216,303,BKCB3,AC,False,True,,40.683,-73.94384,False
762165,Mr Avocado Deli & Grill,Mr Avocado Deli & Grill Corporation,176 Central Ave,11221,304,BKCB4,AC,False,True,,40.69885,-73.92653,False
762160,Fine Deli & Grill,Fine Deli & Grill Inc,1786 Utica Ave,11234,318,BKCB18,AC,False,True,,40.62878,-73.92793,False
762155,Prospect Butcher Greenpoint,Prospect Butcher Greenpoint Llc,113A Nassau Ave ##,11222,301,BKCB1,AC,False,True,1000,40.72425,-73.94931,False
762150,Rojas Deli,Rojas Deli Corp,99 Morgan Ave,11237,301,BKCB1,AC,False,True,500,40.70731,-73.93215,False
762146,Berriessimo,Berriessimo Inc,80 58 Th St Unit 303,11220,307,BKCB7,AC,False,True,500,40.64627,-74.02443,False
762130,Elderberry Road,Germann Amy,999 Atlantic Ave,11238,302,BKCB2,AC,False,True,1000,40.68007,-73.95916,False
762129,Annn,Rirony Llc,999 Atlantic Ave,11238,302,BKCB2,AC,False,True,1000,40.68007,-73.95916,False
762117,Pineapple Minimarket,Pineapple Minimarket Corp,470 Kings Hwy ##,11223,311,BKCB11,AC,False,True,1200,40.60421,-73.97244,False
762110,New Jersey Deli Market,New Jersey Deli Market Inc,2672 Fulton St,11207,305,BKCB5,AC,False,True,,40.67739,-73.89598,False
762105,Abu Ali Deli & Grill,Abu Ali Deli & Grill Corporation,1537 Deklab Ave,11237,304,BKCB4,AC,False,True,,40.7024,-73.9211,False
762091,J & B Fruit Market,J & B Fruit Market Corp,182 Avenue U,11223,311,BKCB11,AC,False,True,2000,40.59654,-73.97728,False
762042,Mexico 2000 Grocery,Muchachon Deli Grocery Corp,367 Broadway  ##,11211,301,BKCB1,AC,False,True,,40.70747,-73.95514,False
762011,Uz Halal Meat,Uz Halal Meat Corp,1234 Coney Island Avenue ####,11230,314,BKCB14,AC,False,True,280,40.62763,-73.9657,False
761997,Isaac Deli And Bagels,Isaac Deli And Bagels Inc,3001 Avenue K,11210,318,BKCB18,AC,False,True,,40.62441,-73.94625,False
761995,Family Discount Grocery Deli,Family Discount Grocery Deli Inc,268 East 98 Street,11212,317,BKCB17,AC,False,True,,40.66114,-73.91863,False
761994,Kiwi Deli & Juice Bar,Kiwi Deli & Juice Bar Inc,474-476 Kings Highway,11223,311,BKCB11,AC,False,True,1500,40.60423,-73.97261,False
761948,Linden Deli And Grill 2,Linden Deli And Grill 2 Inc,2602 Linden Blvd,11208,305,BKCB5,AC,False,True,,40.66841,-73.86847,False
761947,Zaman Gourmet Deli 3,Zaman Gourmet Deli 3 Corp,839 Broadway,11206,304,BKCB4,AC,False,True,,40.69896,-73.93876,False
761945,Alex Deli Grocery 2,Alex Deli Grocery 2 Inc,2 Sutter Ave,11212,316,BKCB16,AC,False,True,,40.66528,-73.92287,False
761921,Dafu Grocery,Dafu Grocery Inc,"5024 8Th Avenue, 1 Floor",11220,312,BKCB12,AC,False,True,1400,40.64063,-74.00419,False
761919,Dollar Tree #09508,Dollar Tree Stores Inc,559 Fulton St,11201,302,BKCB2,A,False,False,,40.68948,-73.98244,False
761916,Sunset Gourmet,Sunset Gourmet Corp,5124 4Th Ave,11220,307,BKCB7,AC,False,True,1000,40.64547,-74.0137,False
761910,Lucky 7 Bagel And Grill,Lucky 7 Bagel And Grill Corp,1608 Avenue U,11229,315,BKCB15,AC,False,True,2000,40.59897,-73.95512,False
761840,Meat Hook,Meat Hook Carroll Gardens Llc The,301 Sackett St ##,11231,306,BKCB6,AC,False,True,,40.68295,-73.99523,False
761819,Ey Taste Good,Ey Taste Good Inc,588 Court St,11231,306,BKCB6,AC,False,True,8000,40.67362,-74.00005,False
761794,Verde Market,Verde Market Inc,646 Dean Street,11238,308,BKCB8,AC,False,True,1000,40.68039,-73.96895,False
761787,K & H Grill,K & H Grill Corp,1918 Kings Hwy,11229,315,BKCB15,AC,False,True,2000,40.61044,-73.95415,False
761781,Jbd Mini Market,Jbd Mini Market Corp,1699 Nostrand Ave,11226,317,BKCB17,AC,False,True,1700,40.64453,-73.94889,False
761753,4317 Grocery,4317 Grocery Inc,809 44Thst,11220,312,BKCB12,A,False,False,600,40.64426,-73.99989,False
761747,Varenyk House,Fest Production Inc,1111A Brighton Beach Ave ####,11235,313,BKCB13,A,False,False,400,40.5779,-73.95654,False
761724,Cityline Pharmacy,Cityline Pharmacy Corp,511 Cortelyou Rd###,11218,312,BKCB12,A,False,False,2000,40.6384,-73.97414,False
761722,Toribio Grocery Store,Toribio Grocery Store Corp,335 S 2Nd St,11211,301,BKCB1,AC,False,True,,40.71031,-73.954,False
761703,Ave J Gourmet Deli & Grill Zone,Ave J Gourmet Deli & Grill Zone Inc,2926 Avenue J,11210,314,BKCB14,AC,False,True,2000,40.62676,-73.94705,False
761651,Express Avocado Deli & Grill,Express Avocado Deli & Grill Corp,829 Franklin Avenue ####,11225,309,BKCB9,AC,False,True,1500,40.66998,-73.95822,False
761648,One Love Deli Grocery,One Love Deli Grocery Inc The,339 Graham,11211,301,BKCB1,AC,False,True,,40.71482,-73.94443,False
761623,Fulton Spot,Fulton Spot Llc,2819 Fulton Street,11207,305,BKCB5,A,False,False,1000,40.6782,-73.89049,False
761617,Kasbah Bakery,Kasbah Bakery Inc,257 Columbia St,11231,306,BKCB6,AC,False,True,,40.68336,-74.00349,False
761604,Lemons & Olive,Lemons & Olives Inc,200 Eastern Parkway,11238,355,,A,False,False,,40.67183,-73.96347,False
761602,Lucky 4216 Grocery,Lucky 4216 Grocery Inc,4216 8Th Avenue,11232,312,BKCB12,A,False,False,,40.64525,-73.99939,False
761582,Jury Market 1,Jury Market 1 Corp,1098 Bedford Ave,11216,303,BKCB3,AC,False,True,,40.68712,-73.95466,False
761580,Ola Deli Grocery,Ola Deli Grocery Inc,225 Bond St,11217,306,BKCB6,AC,False,True,,40.68261,-73.98777,False
761548,Yemz Deli & Food Market,Yemz Deli & Food Market Corp,1314 Kings Hwy,11229,315,BKCB15,AC,False,True,3000,40.60822,-73.95953,False
761540,Deli Grocery God Bless You,Deli Grocery God Bless You Inc,8010 20Th Avenue,11214,311,BKCB11,AC,False,True,2000,40.60782,-73.9949,False
761535,Brightons Gourmet Deli Grill,Brighton Gourmet Deli Grill Corp,624 Brighton Beach Ave,11235,313,BKCB13,AC,False,True,2000,40.57778,-73.96071,False
761529,Lenox Deli Bites,Lenox Deli Bites Corp,787 Albany Ave,11203,317,BKCB17,AC,False,True,,40.65469,-73.93941,False
761528,Crunch-N,Pythonified Llc,7203 13Th Avenue 1St Fl ##,11228,310,BKCB10,AC,False,True,800,40.62189,-74.00576,False
761504,King Capital Deli Grocery,King Capital Deli Grocery Corp,9527 Church Ave,11212,317,BKCB17,AC,False,True,,40.6556,-73.91562,False
761502,Rockaway Gourmet Deli & Griull,Rockaway Gourmet Deli & Griull 3 Corp,1 Kingston Ave,11213,303,BKCB3,AC,False,True,,40.67961,-73.94124,False
761498,Mcgreenland Deli And Grocery,Mcgreenland Deli And Grill Corp,336 Mcguiness Blvd,11222,301,BKCB1,AC,False,True,1000,40.73388,-73.95215,False
761493,Tommys Meat Market,A G Meat Llc,9604 Church Ave,11212,317,BKCB17,AC,False,True,,40.65581,-73.91528,False
761479,Bellos American,Bellos American Corp,1445 Rockaway Pkwy,11236,318,BKCB18,AC,False,True,1800,40.64486,-73.90198,False
761441,874 Mini Market,874 Mini Market Corp,874 Broadway,11206,303,BKCB3,AC,False,True,1000,40.69833,-73.93766,False
761440,24K Deli,24K Deli Inc,1057 Flatbush Ave,11226,314,BKCB14,AC,False,True,1800,40.64504,-73.95802,False
761417,Alqadir Deli & Grocery,Alqadir Deli & Grocery Inc,1649 Bedford Ave,11225,309,BKCB9,AC,False,True,2000,40.66629,-73.95666,False
761414,One Bay Parkway Deli And Grill,One Bay Parkway Deli And Grill Corp,7108 Bay Parkway,11204,311,BKCB11,AC,False,True,2000,40.61032,-73.9851,False
761411,107 Wilson Express,107 Wilson Express Corp,107 Wilson Ave,11237,304,BKCB4,AC,False,True,,40.70139,-73.92697,False
761409,Williamsburg Deli Service,Williamsburg Deli Service Llc,296 Broadway,11211,301,BKCB1,AC,False,True,,40.70851,-73.95817,False
761377,Kings Hwy Deli & Grill,Kings Hwy Deli & Grill Incorporated,399 Kings Hwy ####,11223,311,BKCB11,A,False,False,1000,40.60453,-73.97538,False
761374,Star Brite Flatbush,Star Brite Flatbush Inc,1608 Flatbush Ave ####,11210,314,BKCB14,A,False,False,,40.63132,-73.94606,False
761370,Lucky U Convenience,Lucky U Convenience Inc,4211 8Th Ave,11232,312,BKCB12,A,False,False,,40.64534,-73.99931,False
761368,Gaza Convience,Gaza Convience Inc,533 Ocean Ave,11226,314,BKCB14,A,False,False,1000,40.64969,-73.96094,False
761308,Acai Bar At Hatzlacha Supermarket,Beyond Sail Inc,744 Bedford Ave ##,11205,303,BKCB3,AC,False,True,,40.69849,-73.95693,False
761306,Fresh Depot Market,Fresh Depot Market Inc,200 Jamaica Ave,11207,305,BKCB5,AC,False,True,,40.68038,-73.89272,False
761292,Kings Pharmacy,Kings Drug&Surgical Corp,492 Clarkson Ave,11203,317,BKCB17,A,False,False,,40.65581,-73.94319,False
761282,Neto Chocolate,Neto Solutions Inc,2133 Knapp St 2Nd Floor ##,11229,315,BKCB15,ACHK,False,True,2700,40.60043,-73.93412,False
761276,K&K Snack Gift Shop,K&K Snack Gift Shop Corp,1671 Flatbush Ave,11210,314,BKCB14,AC,False,True,,40.62957,-73.94426,False
761275,Top Fish Mkt,Top Fish Mkt Inc,5024 Church Ave,11203,317,BKCB17,AC,False,True,,40.6519,-73.92956,False
761270,Firehouse Deli & Grill #3,Firehouse Deli & Grill #3 Corporation,4 Stanwix St Store ##,11206,304,BKCB4,AC,False,True,,40.69842,-73.93379,False
761268,Jimmy Deli & Convenience,Jimmy Deli & Convenience Inc,299 Winthrop St,11225,309,BKCB9,AC,False,True,,40.6571,-73.94998,False
761267,Corner Fish Market,Corner Fish Market Llc,1219 Flatbushavenue ##,11226,314,BKCB14,AC,False,True,1200,40.64057,-73.9557,False
761233,Mgb Gourmet Deli,Mgb Gourmet Deli Inc,15 Marcus Garvey Blvd,11206,303,BKCB3,AC,False,True,,40.69942,-73.94133,False
761227,Amazing Bite Gourmet Deli,Amzing Bite Gourmet Deli Corp,1549 Pitkin Ave,11212,316,BKCB16,AC,False,True,,40.66888,-73.91621,False
761214,Okka Foods Market,Fancy Farms Ny Llc,1524 Kings  Hwy,11229,315,BKCB15,AC,False,True,10000,40.60905,-73.95763,False
761184,411 New Lots Deli,411 New Lots Deli Corp,411 New Lots Avenue,11207,305,BKCB5,AC,False,True,2000,40.66212,-73.89244,False
761134,Shining Stars Store,Shining Stars Store Inc,724 Broadway,11206,301,BKCB1,A,False,False,1200,40.70116,-73.94263,False
761129,Davids Mini Market,Davids Mini Market Inc,902 Avenue U,11223,315,BKCB15,AC,False,True,1600,40.59823,-73.96195,False
761123,Js Organic Market,Js Organic Market Corp,1045 Eastern Pkwy Ste A,11213,308,BKCB8,AC,False,True,,40.66912,-73.93363,False
761100,Midwood Grocery,Midwood Grocery Corp,587 Flatbush Ave,11225,309,BKCB9,A,False,False,,40.6592,-73.96054,False
761084,Family First Discount,2112 Yafa Llc,2112 Cortelyou Rd ##,11226,314,BKCB14,A,False,False,1400,40.64394,-73.95837,False
761069,Triangle Deli And Grocery,Triangle Deli And Grocery Corp,1891 Fulton St,11233,303,BKCB3,AC,False,True,,40.67883,-73.92102,False
761063,King Blake Deli,King Blake Deli Inc,1108 Blake Ave,11208,305,BKCB5,AC,False,True,,40.67045,-73.87717,False
761059,Sunset Park Deli,Sunset Park Deli Corp,4406 5Th Ave,11220,307,BKCB7,AC,False,True,2000,40.64832,-74.00696,False
760988,H&H Deli Grocery,H&H Deli Grocery 1 Corp,5524 4Th Ave,11220,307,BKCB7,AC,False,True,500,40.64322,-74.01604,False
760987,Carniceria La Malinche,Carniceria La Malinche Corp,480 60Th St.,11220,307,BKCB7,AC,False,True,1000,40.6396,-74.01638,False
760969,Organic Snacks 1 & Convenience,Organic Snacks 1 & Convenience Inc,566 5Th Ave,11215,307,BKCB7,AC,False,True,2000,40.66511,-73.9897,False
760949,280 Super Stop,280 Super Stop Corp,280 Utica Avenue,11213,309,BKCB9,A,False,False,,40.66841,-73.93116,False
760941,Suydam Beer & Market,Suydam Beer & Market Inc,81 St Nicholas Ave,11237,304,BKCB4,AC,False,True,,40.7062,-73.9194,False
760940,Rutland Deli Grocery,Rutland Deli Grocery Corp,1113 Rutland Road ##,11212,317,BKCB17,AC,False,True,,40.66486,-73.92303,False
760927,Welcome Mini Market,Welcome Mini Market Corp,759 Park Ave,11206,303,BKCB3,AC,False,True,1500,40.69809,-73.94521,False
760880,Mr Mangos Bodega,Mr Mangos Bodega Corp,112 Rockaway Ave,11233,316,BKCB16,AC,False,True,,40.67964,-73.9111,False
760830,Win Myanmar,Win Myanmar Inc,1415 Gravesend Neck Road ##,11229,315,BKCB15,AC,False,True,2200,40.59477,-73.95603,False
760829,La Tuya Meat Market & Deli,La Tuya Meat Market & Deli Corp,854 Knickerbocker Ave,11207,304,BKCB4,AC,False,True,,40.69177,-73.90595,False
760812,Sylvias Sweets,Sylvias Sweets Llc,474 Avenue P  ##,11223,312,BKCB12,AC,False,True,800,40.60919,-73.96964,False
760660,356 Express Sullivan Food,356 Express Sullivan Food Corp,209 Sullivan Pl,11225,309,BKCB9,AC,False,True,,40.66449,-73.95405,False
760653,Del Campo Fruits & Vegetables,Del Campo Fruits & Vegetables Corp,275 Ridgewood Ave,11208,305,BKCB5,AC,False,True,,40.68396,-73.87851,False
760651,Real Polish Delicatessen,Levit Hospitality Inc,321 Church Ave,11218,312,BKCB12,AC,False,True,2000,40.64386,-73.97694,False
760647,U Farmer Deli,U Farmer Deli Corp,4010 Avenue U,11234,318,BKCB18,AC,False,True,1500,40.60847,-73.92441,False
760644,American Express Deli,American Express Deli Corp,1115 Manhattan Ave,11222,301,BKCB1,AC,False,True,,40.7367,-73.95531,False
760634,Rosner’S Meat,Sks Investors Ny Llc,807 Avenue U,11223,315,BKCB15,AC,False,True,2800,40.59814,-73.96274,False
760624,Jochy,Jochy Corporation,40 Lewis Avenue,11206,303,BKCB3,AC,False,True,,40.69656,-73.93778,False
760620,New L&C Fish Market,New L&C Fish Market Inc,1910 Church Ave,11226,314,BKCB14,AC,False,True,2400,40.6499,-73.9618,False
760559,Nottingham Pharmacy,Jam Rx Llc,1914 Avenue M,11230,314,BKCB14,A,False,False,,40.61849,-73.95566,False
760540,Hegeman Convenience,Hegeman Convenience Corp,622 Chester Street ####,11212,316,BKCB16,A,False,False,,40.65626,-73.90827,False
760538,One Stop Family Mart,One Stop Family Mart Inc,365 Knickerbocker Ave ####,11237,304,BKCB4,A,False,False,,40.70057,-73.92143,False
760537,Avenue O Stop One Deli,Avenue O Stop One Deli Corp,89 Avenue O,11204,311,BKCB11,AC,False,True,2000,40.61047,-73.98171,False
760533,Amigos Deli & Grill,Amigos Deli & Grill Inc,5309 4Th Ave,11220,307,BKCB7,AC,False,True,800,40.64454,-74.01448,False
760528,Verazano Deli & Juice Bar,Verazano Deli & Juice Bar Inc,9504 4Th Ave,11209,310,BKCB10,AC,False,True,2000,40.61587,-74.03117,False
760519,Classic Deli & Organic,Classic Deli & Organic Corp,86 Lewis Ave,11206,303,BKCB3,AC,False,True,,40.69437,-73.93731,False
760517,Brooklyn Heights Deli,Brooklyn Heights Deli Corp,302 Stuyvesant Ave,11233,303,BKCB3,AC,False,True,,40.68444,-73.93234,False
760514,Ocean Deli & Grillthe,Ocean Deli & Grill Corp 1,1925 Church Ave,11226,314,BKCB14,AC,False,True,2500,40.65,-73.96142,False
760513,656 L & J Organic & Convenience,656 L & J Organic & Convenience Corp,656 Sutter Ave,11207,305,BKCB5,AC,False,True,,40.66948,-73.8945,False
760511,Harry Coffee Grocery Shop,Harry Coffee Grocery Shop Corp,1102 Saint Johns Pl,11213,308,BKCB8,AC,False,True,,40.67115,-73.94166,False
760506,N & M'S Brooklyn Deli,N & M S Brooklyn Deli Inc,2423 Mermaid Ave,11224,313,BKCB13,AC,False,True,1200,40.57585,-73.99192,False
760501,Kanz Deli,Kanz Deli Corp,1492 Park Pl,11213,308,BKCB8,AC,False,True,,40.67221,-73.92772,False
760499,Bravo Fresh Meat Market,5822 Meat Market Corp,5822 4Th Ave,11220,307,BKCB7,AC,False,True,,40.6416,-74.01774,False
760480,Habibis Deli & Grill,Habibis Deli & Grill Inc,2436 Stillwell Ave,11223,313,BKCB13,AC,False,True,1500,40.58797,-73.98361,False
760472,230 Deli & Grill,230 Deli & Grill I Llc,230 4Th Ave,11215,306,BKCB6,AC,False,True,,40.67719,-73.98328,False
760454,Sal Convenient,Sal Convenient Corp,1067 Flatbush Ave,11226,314,BKCB14,A,False,False,2000,40.64477,-73.958,False
760450,Bay 35 St Grocery,Bay 35 St Grocery Inc,180 Bay 35Th St,11214,311,BKCB11,A,False,False,1500,40.596,-73.99396,False
760446,Beibei Market,Beibei Market Inc,4612 8Th Avenue,11220,312,BKCB12,A,False,False,,40.6431,-74.00163,False
760444,My Favorite Snacks & Beer,My Favorite Snacks & Beer Inc,1974 86Th Street,11214,311,BKCB11,A,False,False,2000,40.60477,-73.99852,False
760440,Sal Candy & Lotto,Sal Candy & Lotto Corp,8123 3Rd Ave,11209,310,BKCB10,A,False,False,,40.62653,-74.02981,False
760438,Baraka Halal Meats,Baraka Halal Meats Inc,"1537 68Th St, Apt 4B",11219,311,BKCB11,A,False,False,,40.62103,-73.99796,False
760422,B-Town Supermarket,90 Fresh Food Corp,90 Church Ave,11218,312,BKCB12,AC,False,True,,40.64258,-73.97997,False
760401,Green Valley Mart,Green Valley Mart Corp,162 Driggs Ave,11222,301,BKCB1,AC,False,True,,40.72301,-73.94488,False
760379,452 Gourmet Deli And Grill,452 Gourmet Deli And Grill Corp,452 Knickerbocker Ave,11237,304,BKCB4,AC,False,True,,40.69905,-73.91878,False
760375,J Sushi Time,J Sushi Time,1380 Pennsylvania Ave ####,11239,305,BKCB5,AC,False,True,50,40.64767,-73.88169,False
760372,Cozine Fresh Deli,Cozine Fresh Deli Corp,116 Cozine Avenue,11207,305,BKCB5,AC,False,True,,40.65429,-73.88698,False
760371,Five Star Deli Food Market,Five Star Deli Food Market Corp,110 Nostrand Ave,11205,303,BKCB3,AC,False,True,,40.69644,-73.95278,False
760366,El Patroson Deli,El Patroson Deli Corp,1141 Washington Ave,11225,309,BKCB9,AC,False,True,,40.66111,-73.96068,False
760365,La Flota Deli Bk,La Flota Deli Bk Corp,1018 Belmont Avenue,11208,305,BKCB5,AC,False,True,,40.67416,-73.87138,False
760360,Pure Farmers Market,Pure Farmers Market Corp,1242 Liberty Ave,11208,305,BKCB5,AC,False,True,,40.67886,-73.862935,True
760353,Avenue J Juice Bar Deli,Avenue J Juice Bar Deli Corp,1348 Coney Island Ave,11230,314,BKCB14,AC,False,True,1700,40.6246,-73.96512,False
760327,Halal Outlet,Bottles Of Sunnah Nyc Inc,1871 Flatbush Ave. Store 1 ###,11234,318,BKCB18,AC,False,True,1500,40.60794,-73.92025,False
760320,Certo Market,Baam Supermarket 13 Avenue Llc,1274 39Th Street,11218,312,BKCB12,AC,False,True,10000,40.6408,-73.98656,False
760306,Nostrand A&R Pharmacy,Nostrand A&R Pharmacy Inc,936 Kings Hwy,11223,315,BKCB15,A,False,False,2000,40.60707,-73.96271,False
760297,Shop Fair Supermarkets,Lone Star Gourmet Market Inc,1901 Surf Ave. ###,11224,313,BKCB13,AC,False,True,7000,40.5751,-73.98574,False
760295,2059 Fulton Deli,2059 Fulton Deli Corp,2059 Fulton St,11233,316,BKCB16,AC,False,True,1000,40.67828,-73.9107,False
760282,Grace African Caribbean American Market,Grace African Caribbean American Market,2447 Dean Street,11233,316,BKCB16,A,False,False,,40.67451,-73.90614,False
760268,Tot Deli & Convenience,Tot Deli & Convenience Inc,864 Elton Street,11208,305,BKCB5,AC,False,True,,40.66207,-73.87815,False
760263,Babas Deli,Santaba Enterprises Inc,599 5Th Ave,11215,307,BKCB7,AC,False,True,2000,40.66431,-73.99036,False
760257,Los Torrez Deli,Los Torrez Deli Corp,3142 Fulton St,11208,305,BKCB5,AC,False,True,,40.68177,-73.87885,False
760256,Al Grocery And Deli,Al Grocery And Deli Corp,1691 Sterling Place,11233,308,BKCB8,AC,False,True,,40.67103,-73.92263,False
760241,Valdez And Deli Grocery,Valdez And Deli Grocery Inc,1661-A Saint Johns Place,11233,316,BKCB16,AC,False,True,,40.67009,-73.92181,False
760232,Rockaway Finest Meat,Rockaway Finest Meat Corp,1420 Rockaway Pkwy,11236,318,BKCB18,AC,False,True,3000,40.64539,-73.90257,False
760228,Seton Farms,Seton Farms Inc,246 Creamer St. ###,11231,306,BKCB6,AC,False,True,2800,40.67171,-74,False
760225,Organic Fresh Deli & Juice Bar,Organic Fresh Deli & Juice Bar Inc,554 Dekalb Ave,11205,303,BKCB3,AC,False,True,,40.69105,-73.95421,False
760215,Prospect Garden Deli,Prospect Garden Deli Corp,660 Rogers Ave,11226,309,BKCB9,AC,False,True,2000,40.65537,-73.95297,False
760214,Alex Fish Market,Alex Fish Market Corp,5302 Church Ave,11203,317,BKCB17,AC,False,True,,40.65233,-73.92734,False
760210,Nhj 82 Seafood,Nhj 82 Seafood Corp,382 Mcdonald Ave###,11218,312,BKCB12,AC,False,True,,40.64456,-73.97998,False
760198,Ave V Gourmet Deli,Ave V Gourmet Deli Corp,3043 Ave. V,11229,315,BKCB15,AC,False,True,1000,40.59878,-73.93693,False
760158,Town Market & Grill,Town Market & Grill Corp,650 5Th Avenue,11215,307,BKCB7,AC,False,True,200,40.66255,-73.99215,False
760154,H&M Market,Dm 561 Corp,561 Grand St,11211,301,BKCB1,AC,False,True,,40.71114,-73.94912,False
760153,Brookdale Deli And Grill,Brookdale Deli And Grill I Inc,2562 Linden Blvd,11208,305,BKCB5,AC,False,True,,40.6679,-73.86966,False
760129,Mayelin Grocery Store,Mayelin Grocery Store Corp,243 Ralph Ave,11233,303,BKCB3,AC,False,True,1000,40.6814,-73.92243,False
760117,Malcolmx Group/Retail Food Store,Malcolmx Group Inc,354 Malcolm X Blvd,11233,303,BKCB3,A,False,False,,40.68073,-73.92863,False
760095,Heights Deli,Heights Deli Corp,504 Pennsylvania Ave,11207,305,BKCB5,AC,False,True,,40.665,-73.89411,False
760085,Prime Natural Deli,Prime Natural Deli Corp,286 Patchen Ave,11233,303,BKCB3,AC,False,True,,40.68098,-73.92565,False
760076,Tian Yuan Veg,Tian Yuan Veg Inc,673 56Th Street,11220,307,BKCB7,A,False,False,600,40.63929,-74.00977,False
760075,Youjiaxing Grocery,Youjiaxing Grocery Inc,5701 Fort Hamilton Pkwy Store 1,11219,312,BKCB12,A,False,False,,40.6344,-74.00357,False
760070,Fishing Rod The,Lee Ave Fish Co Inc,338 Flushing Ave ###,11205,301,BKCB1,AC,False,True,,40.69826,-73.96152,False
760058,Shloimy'S Bake Shoppe,Shloms Heimish Corporation,430 Avenue P  ##,11223,315,BKCB15,ABCH,True,True,3500,40.60897,-73.97156,False
760055,291 Buffalo Grill Deli,291 Buffalo Grill Deli Corp,291 Buffalo Ave,11213,308,BKCB8,AC,False,True,,40.66891,-73.92557,False
760052,Brooklyn Flaming Grill,760 Brooklyn Flaming Grill Corp,760 Mc Donald Ave,11218,312,BKCB12,AC,False,True,2000,40.63542,-73.97806,False
760048,Stay Fresh 889,Stay Fresh 889 Llc,889 Broadway,11206,304,BKCB4,AC,False,True,1000,40.69804,-73.93711,False
760043,East 19 Deli And Juice,East 19 Deli And Juice Bar Inc,1910 Kings Hwy,11229,315,BKCB15,AC,False,True,3500,40.61037,-73.95437,False
760040,Gillis Coffee,Coperaco Coffee Llc,150 19Th Street,11232,307,BKCB7,ACH,False,True,,40.66425,-73.99521,False
760004,Alan 787 Deli Grocery,Alan 787 Deli Grocery Corp,787 Macdonough St,11233,316,BKCB16,AC,False,True,,40.68432,-73.91491,False
760002,Nana,Mia M Deli Grocery Corp,182 Wilson Avenue,11237,304,BKCB4,AC,False,True,1000,40.69951,-73.92364,False
759999,Majesty Deli & Convenience,Majesty Deli & Convenience Corp,220 Malcolm X Blvd,11221,303,BKCB3,AC,False,True,,40.68576,-73.92962,False
759998,Dyker Natural Deli,Dyker Natural Deli Corp,691 86 St,11228,310,BKCB10,AC,False,True,2500,40.61904,-74.02214,False
759993,Ortiz Deli Grocey Ny,Ortiz Deli Grocey Ny Corp,268 Marcus Garvey Blvd,11221,303,BKCB3,AC,False,True,,40.68841,-73.93913,False
759980,Jms Deli Grocery,Jms Deli Grocery Corp,108 Van Siclean Ave,11207,305,BKCB5,AC,False,True,,40.67771,-73.89158,False
759968,Remsen Food,Remsen Food Corp,967 Lenox Rd,11212,317,BKCB17,AC,False,True,1500,40.65624,-73.92331,False
759967,Triple A Gourmet,Triple A Gourmet Corp,417 Saratoga Ave,11233,316,BKCB16,AC,False,True,,40.67148,-73.91695,False
759963,Food Expo,Neighborhood Mini Market Inc,299 Heyward St ##,11206,301,BKCB1,A,False,False,,40.70522,-73.95066,False
759936,Gourmet Flaming Grill & Juice Bar,Gourmet Flaming Grill & Juice Bar Corp,193 Neptune Ave,11235,313,BKCB13,AC,False,True,2000,40.58181,-73.96058,False
759930,Aberdeen Organic Deli,Aberdeen Organic Deli Inc,1526 Bushwick Avenue,11207,304,BKCB4,AC,False,True,1000,40.68245,-73.90577,False
759924,Foodtown Of Noll Street,54 Noll Llc,54 Noll Street,11206,304,BKCB4,AC,False,True,15000,40.70075,-73.93329,False
759918,402 New Way Gourmet Deli,402 New Way Gourmet Deli Corp,402 5Th Avenue,11215,306,BKCB6,AC,False,True,2000,40.67048,-73.98521,False
759906,Carols Farm,Carols Farm Llc,1424 Nostrand Ave,11226,317,BKCB17,AC,False,True,2000,40.65158,-73.94966,False
759881,Ave U Deli And Convenience,Ave U Deli And Convenience Inc,2271 Mcdonald Ave,11223,315,BKCB15,AC,False,True,1400,40.59697,-73.97326,False
759877,Rjj Deli Grocery,Rjj Deli Grocery Corp,194 Kingsland Avenue,11222,301,BKCB1,AC,False,True,,40.72347,-73.94129,False
759875,250 Salad Bar,250 Salad Bar Corp,248 Livonia Ave,11212,316,BKCB16,AC,False,True,4000,40.6625,-73.90853,False
759874,Aarons Deli And Grill,Aarons Deli And Grill Corp,227 Hale Avenue ##,11208,305,BKCB5,AC,False,True,,40.67959,-73.87975,False
759849,Gourmet Deli Grill Hot Food,Gourmet Deli Grill Hot Food Inc,6902 5Th Ave,11209,310,BKCB10,AC,False,True,,40.63338,-74.02103,False
759838,56 Deli And Grill,56 Deli And Grill Inc,5604 Ave H,11234,318,BKCB18,AC,False,True,5000,40.6332,-73.92232,False
759828,311 Bani Deli Grocery,Naumji Food Corp,311 Evergrren Ave,11221,304,BKCB4,AC,False,True,,40.69449,-73.92436,False
759822,Biscuit Deli 2,Biscuit Deli 2 Inc,1064 Broadway,11221,303,BKCB3,AC,False,True,,40.69472,-73.93144,False
759811,7 Eleven Store #41120A,Togyz Corporation,241 Atlantic Avenue  ##,11201,302,BKCB2,AC,False,True,2200,40.68931,-73.99123,False
759795,Greenz Gourmet,Greenz Gourmet Llc,2602 Church Avenue,11226,317,BKCB17,AC,False,True,2000,40.65065,-73.95286,False
759786,Zm Deli Grocery Store,Zm Deli Grocery Store Corporation,510 Riverdale Ave,11207,305,BKCB5,AC,False,True,,40.66263,-73.89761,False
759766,Faria Foods N Groceries,Faria Foods N Groceries Inc,143 Nevins Street,11217,302,BKCB2,AC,False,True,1100,40.68428,-73.98389,False
759762,Linden Bites,Linden Bites Inc,2228 A Linden Blvd,11207,305,BKCB5,AC,False,True,1800,40.66273,-73.88047,False
759758,Whatchamacallit Grill,Whatchamacallit Grill Corp,6831 Ridge Blvd,11220,310,BKCB10,AC,False,True,,40.6367,-74.0286,False
759738,Kimball Delicatessen,Sgl Deli Corp,4013 Avenue T,11234,318,BKCB18,AC,False,True,1500,40.61023,-73.92626,False
759731,Doris Market,Doris Market Corp,636 Rogers Ave,11226,309,BKCB9,AC,False,True,1000,40.65597,-73.95304,False
759688,Newkirk Halal Grocery,Akter Seren,631 Rugby Rd,11230,314,BKCB14,AC,False,True,1000,40.63413,-73.96404,False
759657,Rubys Bagels,Rubys Bagels Corp,3103 Quentin Rd,11234,318,BKCB18,AC,False,True,2000,40.61241,-73.94022,False
759619,Mr Green Juice & Grill,Mr Green Juice & Grill Inc,1601 Mcdonald Ave,11230,311,BKCB11,AC,False,True,2000,40.61378,-73.97401,False
759617,Contreras Deli Grocery,Contreras Deli Grocery 2 Corp,829 Gates Ave,11221,303,BKCB3,AC,False,True,,40.68818,-73.9334,False
759612,Sal Express Deli & Grocery,Sal Express Deli & Grocery Corp,2918 Beverly Rd,11226,317,BKCB17,AC,False,True,1500,40.64511,-73.94921,False
759611,Ocean Finest Grill Basket,Ocean Finest Grill Basket Inc,1789 Ocean Ave,11230,314,BKCB14,AC,False,True,,40.61826,-73.95497,False
759598,Neymar Farms Ii,Neymar Farms Ii Llc,878-880 Utica Avenue,11203,317,BKCB17,AC,False,True,,40.65162,-73.93039,False
759588,Raco Deli & Grocery,Raco Deli Grocery Corp,3222 Mermaid Ave,11224,313,BKCB13,AC,False,True,500,40.57503,-73.99922,False
759557,Express Juice & Deli,Express Juice & Deli Corp,1891 Coney Island Ave,11230,314,BKCB14,AC,False,True,1800,40.6112,-73.9626,False
759556,Fresh & Tasty Sushi@City Fresh Mkt,Fresh & Tasty Sushi Inc,229 Knickerbocker Ave,11237,304,BKCB4,AC,False,True,,40.70295,-73.92562,False
759535,Chop Shop Fresh Meat Market,1444 Flatbush Meat Corp,1444 Flatbush Ave,11210,314,BKCB14,AC,False,True,3000,40.63555,-73.95055,False
759506,Bay Ridge Fishbar,Bay Ridge Fishbar Corp,7608 3Rd Ave,11209,310,BKCB10,AC,False,True,,40.63051,-74.02818,False
759493,Mon Amour Grill And Deli,Mon Amour Grill And Deli Inc,144 West Street,11222,301,BKCB1,AC,False,True,,40.73195,-73.95961,False
759492,Metro Finest Deli Market,Metro Finest Deli Market Corp,233 Schermerhorn St,11201,302,BKCB2,AC,False,True,1000,40.68842,-73.98462,False
759471,Ave X Pharmacy,Family Pharmacy Group Inc,2108 Ave X,11235,315,BKCB15,A,False,False,1800,40.59292,-73.94876,False
759457,Van Brunt Market,Van Brunt Market Inc,322 Van Brunt St,11231,306,BKCB6,AC,False,True,1400,40.67883,-74.01114,False
759440,Jc Deli & Grill Ii Grocery,Jc Deli & Grill Ii Grocery Corp,1004 Flushing Avenue,11237,301,BKCB1,AC,False,True,,40.70388,-73.9309,False
759428,4 J Grill,4 J Grill Corp,1634 Eastern Pkwy,11233,316,BKCB16,AC,False,True,,40.67186,-73.91406,False
759425,777 Nostrand Deli,777 Nostrand Deli Corp,777 Nostrand Ave,11216,308,BKCB8,AC,False,True,,40.67062,-73.95041,False
759424,Love Stop Deli And Grocery,Love Stop Deli And Grocery 1 Corp,759 New Lots Ave,11207,305,BKCB5,AC,False,True,,40.66611,-73.8833,False
759396,Fire House Deli & Grill,Fire House Deli & Grill 2 Corp,644 Wilson Ave,11207,304,BKCB4,AC,False,True,,40.68901,-73.9052,False
759380,Lucky Three Ladies,Lucky Three Ladies Inc,4801 8Th Ave,11220,312,BKCB12,A,False,False,1000,40.64217,-74.00259,False
759370,76 Cibo,76 Cibo Corp,76 W Brighton Ave #C-102,11224,313,BKCB13,AC,False,True,2000,40.57647,-73.97137,False
759367,Ave U Sizzling Grill,Ave U Sizzling Grill Corp,1922 Avenue U,11229,315,BKCB15,AC,False,True,2000,40.59933,-73.95185,False
759366,Wz Krajan,Wz Krajan Inc,160 Nassau Ave,11222,301,BKCB1,AC,False,True,500,40.72508,-73.94679,False
759365,Friendly Gourmet Deli And Grill,Friendly Gourmet Deli And Grill Inc,1127 Clarkson Ave,11212,317,BKCB17,AC,False,True,2000,40.66053,-73.92102,False
759359,Hakata Mart,Daofu Chen,1017 Fulton St  ##,11238,302,BKCB2,AC,False,True,1200,40.6823,-73.96126,False
759342,Tt Seafood Meat Market,Tt Seafood Meat Market Corp,5707 8Th Ave,11220,312,BKCB12,AC,False,True,6500,40.63696,-74.008,False
759316,Ubi Market,Ubi Market Inc,655 Grand Street,11211,301,BKCB1,AC,False,True,2500,40.71143,-73.9461,False
759315,Smokey Grill,Smokey Grill Inc,1977 Ralph Ave,11234,318,BKCB18,AC,False,True,,40.62924,-73.91767,False
759249,Ms Heimishe Bakery,Brooklyn Baking Inc,1321 Avenue J,11230,314,BKCB14,ABC,True,True,1000,40.62505,-73.96245,False
759221,Broadway Famous Deli 1,Broadway Famous Deli 1 Corp,948 Broadway,11221,303,BKCB3,AC,False,True,,40.69692,-73.93514,False
759219,Bob Deli,Bob Deli Corp,106 Dekalb Ave,11201,302,BKCB2,AC,False,True,1000,40.68986,-73.97845,False
759218,Top Deli,Top Deli Corp,2115 Surf Ave,11224,313,BKCB13,AC,False,True,1500,40.57438,-73.98837,False
759213,Bedstuy Gourment Deli,Bedstuy Gourment Deli Inc,994 Bedford Ave,11205,303,BKCB3,AC,False,True,,40.69101,-73.95542,False
759210,One Mart Nostrand Ave,One Mart Nostrand Ave Corp I,3600 Nostrand Ave,11229,315,BKCB15,AC,False,True,1500,40.59629,-73.94108,False
759209,Kings Mart,Komarket Inc,58 Graham Ave,11206,301,BKCB1,AC,False,True,,40.7028,-73.94245,False
759189,Cheese Plate Park Slope,Cheese Plate Park Slope Llc,400 7Th Ave,11215,306,BKCB6,AC,False,True,600,40.66476,-73.98335,False
759187,Belmont Mini Market Ny,Belmont Mini Market Ny Inc,51 Belmont Ave  ##,11212,316,BKCB16,AC,False,True,3000,40.66873,-73.90841,False
759184,Patchen Deli And Grill,Patchen Deli And Grill Corp,33 Patchen Avenue,11221,303,BKCB3,AC,False,True,1000,40.69123,-73.92773,False
759183,La Natural Gourmet,La Natural Gourmet Corp,177 Patchen Avenue,11221,303,BKCB3,AC,False,True,2000,40.68542,-73.92657,False
759154,Taqwa Grocery And Meat Market,Halal Meat And Restaurant Inc,1263 Fulton St,11216,303,BKCB3,AC,False,True,,40.68047,-73.95081,False
759106,New Jojo Grocery,New Jojo Grocery Inc,7718 18Th Ave,11214,311,BKCB11,A,False,False,,40.61183,-73.99757,False
759100,Lucky Deli Grocery,Lucky Deli Grocery Ii Corp,591 Sutter Ave,11207,305,BKCB5,AC,False,True,,40.66912,-73.89696,False
759098,Hana Market,Alsalam Market Corp,8002 Flatlands Ave.,11236,318,BKCB18,AC,False,True,,40.63555,-73.9129,False
759096,Food Bazaar,Afs Market Inc,1102 Myrtle Ave###,11206,303,BKCB3,AC,False,True,35000,40.69686,-73.93635,False
759095,Bushwick Best Deli & Grill,Bushwick Best Deli & Grill Inc,671 Bushwick Ave,11221,304,BKCB4,AC,False,True,,40.6974,-73.9324,False
759053,Yemen Food,Yemen Food Corp,779 Saratoga Ave,11212,316,BKCB16,AC,False,True,,40.66173,-73.91553,False
759052,Ny Deli Express,Ny Deli Express Inc,952 4Th Ave,11232,307,BKCB7,AC,False,True,,40.65444,-74.00438,False
759051,Luci Deli,Luci Deli Inc,2815 Avenue U,11229,315,BKCB15,AC,False,True,1700,40.60027,-73.94331,False
759049,La Placitafulton,La Placitafulton Corp,2810 Fulton St,11207,305,BKCB5,AC,False,True,,40.67812,-73.89099,False
759044,Coco Market,Coco Market Inc,1119 Liberty Ave,11208,305,BKCB5,AC,False,True,,40.67853,-73.86815,False
759042,Buy & Go Grocery,Buy & Go Grocery Inc,2053 Pitkin Ave,11207,305,BKCB5,AC,False,True,,40.67179,-73.89668,False
759039,3442 Deli Mini Market,3442 Deli Mini Market Corp,3442 Fulton Street,11208,305,BKCB5,AC,False,True,,40.68468,-73.86854,False
759038,Roots Deli & Grocery,Roots Deli & Grocery Inc,3924 Fort Hamilton Pkwy,11218,312,BKCB12,AC,False,True,1200,40.64274,-73.99112,False
759037,My Way Deli Grocery,My Way Deli Grocery Corp,570 Pennsylvania Avenue,11207,305,BKCB5,AC,False,True,,40.66358,-73.89374,False
759032,Zamzam Grocery & Meats,Zamzam Grocery & Meats Llc,1101 Coney Island Ave ###,11230,314,BKCB14,AC,False,True,2500,40.63075,-73.96634,False
759009,Cooper Deli,Cooper Deli Inc,1717 Broadway  ###,11207,304,BKCB4,AC,False,True,,40.68378,-73.91125,False
759008,Soto Deli & Grill,Soto Deli & Grill Corp,8416 Flatlands Avenue,11236,318,BKCB18,AC,False,True,,40.63768,-73.90993,False
759006,Flamming Grill,Flamming Grill Corp,3038 Neptune Ave,11224,313,BKCB13,AC,False,True,1500,40.57755,-73.99776,False
759000,Bedford Flaming Grill,Bedford Flaming Grill Inc,2423 Ave U,11229,315,BKCB15,AC,False,True,1800,40.59988,-73.9468,False
758995,Ocean Ave Deli & Bagel,Ocean Ave Deli & Bagel Inc,2970 Ocean Ave,11235,315,BKCB15,AC,False,True,1600,40.58888,-73.94944,False
758989,Coney Island Bagels,Coney Island Bagels Inc,2829 Coney Island Ave,11235,315,BKCB15,AC,False,True,4000,40.58759,-73.96037,False
758953,M&M5 Deli Grocery,M&M5 Deli Grocery Inc,224 Albany Ave,11213,308,BKCB8,AC,False,True,850,40.67294,-73.93908,False
758936,Ibb Deli & Grill,Ibb Deli & Grill Corp,1020 Winthrop St,11212,317,BKCB17,AC,False,True,1200,40.66036,-73.92564,False
758923,K&G Market,K&G Market Llc,9420 Church Ave (#9406),11212,317,BKCB17,AC,False,True,3500,40.65508,-73.91644,False
758911,King Deli & Grill 3,King Deli & Grill 3 Corp,1932 Kings Hwy,11229,315,BKCB15,AC,False,True,1500,40.61058,-73.95377,False
758875,Bangla Supermarket,Nk Supermarket Inc,2741 Pitkin Avenue,11208,305,BKCB5,AC,False,True,,40.67556,-73.87085,False
758865,Yaya Gourmet Deli,Yaya Gourmet Deli Corp,1808 Prospect Place,11233,316,BKCB16,AC,False,True,,40.67249,-73.91657,False
758854,Foodtown,695 Food Corp,695 Grand Street,11211,301,BKCB1,AC,False,True,20000,40.71154,-73.94486,False
758850,North Star Market,North Star Market Llc,1186 Myrtle Avenue,11221,304,BKCB4,AC,False,True,,40.69727,-73.93263,False
758846,Maracas Bay Market,Maracas Bay Market Llc,1123 Clarkson Avenue Store 4 ##,11212,317,BKCB17,A,False,False,1500,40.66044,-73.92117,False
758826,Lincoln Market,A&P Sushi Llc,33 Lincoln Rd ###,11225,309,BKCB9,AC,False,True,500,40.66073,-73.96178,False
758815,Deyvi Grocery Deli,Deyvi Grocery Deli Corp,965 Sutter Avenue,11208,305,BKCB5,AC,False,True,800,40.67116,-73.88309,False
758808,Mango Mas Deli,Mango Mas Deli Corporation,72 Avenue U,11223,311,BKCB11,AC,False,True,600,40.59605,-73.98179,False
758775,To The Mood Deli,To The Mood Deli Inc,41 New Lots Ave ###,11212,316,BKCB16,AC,False,True,,40.65724,-73.90342,False
758759,Foodtown,457 Food Corp,457 Atlantic Avenue,11217,302,BKCB2,AC,False,True,,40.68598,-73.9824,False
758751,Dylan Market And Deli,Dylan Market And Deli Corp,276 Humboldt Street,11206,301,BKCB1,AC,False,True,,40.71118,-73.94213,False
758743,Prept By Rayt,Rjyy Llc,508 Kings Hwy,11223,315,BKCB15,A,False,False,400,40.60435,-73.97075,False
758703,Felix Organics Deli,Felix Organics Deli Corp,1017 Bedford Avenue,11205,303,BKCB3,AC,False,True,2000,40.68916,-73.95507,False
758687,El Conuquito 3432,El Conuquito 3432 Corp,3432 Fulton St,11208,305,BKCB5,AC,False,True,,40.68453,-73.86907,False
758682,Best Family Grocery,Best Family Grocery Corporation,619 Classon Ave,11238,308,BKCB8,AC,False,True,,40.67939,-73.95843,False
758677,Deli 200 Albany,Deli 200 Albany Corp,200 Albany Ave,11213,308,BKCB8,AC,False,True,,40.67359,-73.93901,False
758660,146 Cooper Grocery,146 Cooper Grocery Corp,146 Cooper Street,11207,304,BKCB4,AC,False,True,,40.68772,-73.90739,False
758652,Rodriguez Family Grocery,Rodriguez Family Grocery Corp,1801 Pitkin Ave,11212,316,BKCB16,AC,False,True,2000,40.67034,-73.90645,False
758642,Domee Sushi,Domee Sushi Inc,11 Broadway,11249,301,BKCB1,AC,False,True,,40.71079,-73.96828,False
758621,Grab & Go Grocery,Grab & Go Grocery Inc 1,879 Mother Gaston Blvd,11212,316,BKCB16,A,False,False,,40.6567,-73.90354,False
758614,3Rd Street Deli,3Rd Street Deli Inc,206 7Th Ave,11215,306,BKCB6,AC,False,True,1000,40.67086,-73.97825,False
758613,1626 Gourmet Deli,1626 Gourmet Deli Corp,1626 Cortelyou Road,11226,314,BKCB14,AC,False,True,2000,40.64191,-73.96288,False
758612,284 Kings Hwy,284 Kings Hwy Inc,284 Kings Hwy,11223,311,BKCB11,AC,False,True,1500,40.60515,-73.97998,False
758611,728 Organic Deli Grocery,728 Organic Deli Grocery Inc,728 Driggs Ave,11211,301,BKCB1,AC,False,True,,40.7129,-73.96043,False
758576,Pepper Palace,Pepper Palace Inc,3011 Stillwell Ave###,11224,313,BKCB13,A,False,False,2500,40.57504,-73.9811,False
758569,Cresent Deli & Convenience,Cresent Deli & Convenience Inc,403 Cresent St,11208,305,BKCB5,AC,False,True,,40.67897,-73.87088,False
758502,Nas Super Deli,Nas Super Deli Inc,1067 Rutland Rd ##,11212,317,BKCB17,AC,False,True,,40.66394,-73.92444,False
758499,Yangwu Jiang,86 Food Market Inc,2231 86Th St,11214,311,BKCB11,AC,False,True,,40.60137,-73.99294,False
758491,Frozen Lava 1,Frozen Lava 1 Corp,1528 Nostrand Ave,11226,317,BKCB17,AC,False,True,3000,40.64868,-73.94935,False
758488,Campbell & Co,Campbell Sisters Deux Llc,209 Nassau Ave ###,11222,301,BKCB1,AC,False,True,,40.72563,-73.94426,False
758477,King 1201 Deli & Grill,King 1201 Deli & Grill Inc,1201 Avenue U,11229,315,BKCB15,AC,False,True,1000,40.59843,-73.96004,False
758430,Express 24 Deli,Express 24 Deli Corp,53 Buffalo Avenue,11233,303,BKCB3,AC,False,True,800,40.6773,-73.92476,False
758422,Big Corner Deli Grocery,Big Corner Deli Grocery Inc,2314 Strauss Street,11212,316,BKCB16,AC,False,True,,40.65631,-73.91324,False
758421,Ai Fresh Ii,Ai Fresh Ii Inc,69-04 18Th Ave,11204,311,BKCB11,A,False,False,,40.616822,-73.992839,True
758396,Rightway Pharmacy,Rightway Pharmacy Inc,2511 Avenue U,11229,315,BKCB15,A,False,False,1400,40.59995,-73.94617,False
758379,Felicitos Lozano,Acatlan Mini Fruit & Grocery Market Corp,915 Broadway,11206,304,BKCB4,A,False,False,,40.6976,-73.93633,False
758350,Brooklyn Krisp Food Market,Ggj&G Food Corp,800 Rockaway Avenue,11212,316,BKCB16,AC,False,True,11000,40.66026,-73.90834,False
758349,Savoury,Savoury Inc,394 Broadway ###,11211,301,BKCB1,AC,False,True,1200,40.7072,-73.95436,False
758347,Evergreen Food Mart,Evergreen Food Mart Corp,661 Evergreen Ave,11207,304,BKCB4,AC,False,True,,40.6872,-73.91007,False
758346,Aziza Gourmet Market,Djalilov Avaz,525 East 7Th Street,11218,312,BKCB12,AC,False,True,2000,40.63889,-73.97186,False
758325,Transmitter Brewing,Transmitter Brewing Llc,141 Flushing Ave Bldg 77,11205,302,BKCB2,AC,False,True,8000,40.69786,-73.97121,False
758311,Big Tree Organic Market,Big Tree Organic Market Inc,170 Court St,11201,306,BKCB6,AC,False,True,3000,40.68801,-73.99319,False
758267,Shan Market,Bay 46 Grocery Inc,2727 Cropsey Avenue ###,11214,313,BKCB13,AC,False,True,2000,40.58786,-73.98941,False
758235,Flatbush Flaming Grill,Flatbush Flaming Grill Inc,1953 Flatbush Ave,11234,318,BKCB18,AC,False,True,,40.62204,-73.93626,False
758229,Jay'S Deli & Grocery,874 Deli Grocery Corp,874 Thomas S Boyland Street,11212,316,BKCB16,AC,False,True,1000,40.65891,-73.91089,False
758224,Park Pl Gourmet Deli,Park Pl Gourmet Deli Corp,539 Park Pl,11238,308,BKCB8,AC,False,True,1000,40.6749,-73.96023,False
758222,Scarlett Grocery,Scarlett Grocery Llc,158 Lewis Avenue,11221,303,BKCB3,AC,False,True,,40.69131,-73.9367,False
758220,Och Deli,Och Deli Corp,231 Rockaway Ave,11233,316,BKCB16,AC,False,True,,40.67463,-73.91108,False
758188,361 Brownsville Convenience,361 Brownsville Convenience Corp,361 Sutter Ave,11212,316,BKCB16,A,False,False,1000,40.66776,-73.90596,False
758174,My Family Market,My Family Market Inc,6022 7Th Ave,11220,307,BKCB7,AC,False,True,900,40.63638,-74.01223,False
758168,Bay Gourmet Deli & Juice Bar,Bay Gourmet Deli & Juice Bar Inc,1725 Sheepshead Bay Rd,11235,315,BKCB15,AC,False,True,1500,40.58528,-73.95146,False
758162,Gourmet,Thf Gourmet Corp,133 Lafayette Ave,11238,302,BKCB2,AC,False,True,,40.68742,-73.97255,False
758148,Alhelal,Alhelal Corp,531 Henry Street,11231,306,BKCB6,AC,False,True,,40.68359,-73.99966,False
758147,Reb Shayalas Meals,Reb Shayalas Meals Inc,392 Flushing Ave  ###,11205,301,BKCB1,AC,False,True,,40.69865,-73.95903,False
758144,Musaed Deli,Musaed Deli Inc,3554 Nostrand Ave,11229,315,BKCB15,AC,False,True,2500,40.59724,-73.94127,False
758075,Pistachio Studio Nyc,Sweet Pistachio Llc,881 Kent Ave#,11205,303,BKCB3,AC,False,True,,40.69401,-73.95926,False
758065,Gobwa Exotic Imports,Gobwa Exotic Imports Inc,1145 Nostrand Ave ##,11225,309,BKCB9,AC,False,True,1500,40.65962,-73.9505,False
758035,Mr Avocado Wholesales,Mr Avocado Wholesales Inc,7219 13Th Ave,11228,310,BKCB10,AC,False,True,2700,40.62154,-74.00612,False
758032,Ish Deli Grocery,Ish Deli Grocery Corp,1789 Linden Blvd,11207,305,BKCB5,AC,False,True,,40.65794,-73.89631,False
758029,Yk Discount Store,Yk Discount Store Llc,8119 Flatlands Ave  ##,11236,318,BKCB18,A,False,False,,40.63627,-73.91208,False
758023,Ming Xing Grocery,Ming Xing Grocery Inc,5124 6Th Ave,11220,307,BKCB7,A,False,False,1000,40.64273,-74.00919,False
758013,Asfc,Asfc Inc,2754 Pitkin Avenue,11208,305,BKCB5,A,False,False,,40.67562,-73.87034,False
757996,J Village Market,J Village Market Inc,2357-2359 86Th Street ###,11214,311,BKCB11,AC,False,True,,40.5997,-73.99017,False
757995,Usa Deli & Grill,Usa Deli & Grill Inc,1624 Newkirk Ave,11226,314,BKCB14,AC,False,True,,40.63624,-73.96181,False
757989,K&S Grocsery Deli,K&S Grocsery Deli Corp,1403 Fulton St,11216,303,BKCB3,AC,False,True,,40.68014,-73.94501,False
757988,Natural Farm Market,Natural Farm Market Corp,472 Wilson Ave,11221,304,BKCB4,AC,False,True,,40.69286,-73.91192,False
757986,Healthy Friends Deli & Juice Bar & Groce,Healthy Friends Deli & Juice Bar Corp,116 Thomas S Boyland St,11233,316,BKCB16,AC,False,True,,40.68089,-73.91407,False
757985,K Star Deli,K Star Deli Corp,865 Hancock St,11233,303,BKCB3,AC,False,True,,40.68588,-73.92095,False
757950,African Market Keur Sokhna Diarra,African Market Keur Sokhna Diarra Inc,387 Nostrand Ave,11216,303,BKCB3,A,False,False,,40.6845,-73.95039,False
757947,Liberty Farms,Cheffo Farms Llc,453 4Th Street  ##,11215,306,BKCB6,A,False,False,100,40.66979,-73.97884,False
757941,Redan Deli,Redan Deli Corp,9007 Avenue A,11236,317,BKCB17,AC,False,True,2000,40.65134,-73.91787,False
757923,Rizkq,Rizkq Inc,1111 Church Ave  ##,11218,314,BKCB14,AC,False,True,1000,40.64717,-73.96886,False
757918,Deli Hot Food Grill Grocery,Deli Hot Food Grill Grocery Inc,1702 E 16Th St.,11229,315,BKCB15,AC,False,True,1200,40.60822,-73.95724,False
757894,Rosemary Kosher,Rosemary Kosher Llc,392 Flushing Ave,11205,301,BKCB1,AC,False,True,,40.69865,-73.95903,False
757893,Lawrence Pharmacy,Dominus Rx Llc,740 New Lots Avenue,11207,305,BKCB5,A,False,False,,40.66618,-73.88311,False
757851,700 Gourmet Deli I,700 Gourmet Deli I Corp,700 Rockaway Ave,11212,316,BKCB16,AC,False,True,2000,40.66268,-73.90895,False
757848,Rico Ambateno Deli,Rico Ambateno Deli Llc,198 Wyckoff Avenue ###,11237,304,BKCB4,AC,False,True,,40.70171,-73.91503,False
757841,Chinos Deli And Grill,Kishan 422 Inc,422 Irving Ave,11237,304,BKCB4,AC,False,True,2000,40.69664,-73.9102,False
757840,Hana Food,Henu Food Inc,534 Metropolitan Ave,11211,301,BKCB1,AC,False,True,,40.71405,-73.95102,False
757830,Diamond Express Deli Market,Diamond Express Deli Market Inc,98 Bushwick Avenue,11206,301,BKCB1,AC,False,True,800,40.71178,-73.94059,False
757826,Masha Deli Grill Mini Market,Masha Deli Grill Mini Market Corp,161 Utica Avenue,11213,308,BKCB8,AC,False,True,,40.67343,-73.93068,False
757813,Finest Deli,M Finest Deli Corp,5002 Ave M,11234,318,BKCB18,AC,False,True,,40.62136,-73.92692,False
757796,Santiago Mini Market,Santiago Mini Market Corp,1129 Blake Ave,11208,305,BKCB5,AC,False,True,,40.67061,-73.87595,False
757770,London Cook,London Cook Inc,110 Taylor Street  ##,11249,301,BKCB1,AC,False,True,,40.70541,-73.96385,False
757755,Gates Convenience,Gates Convenience 1 Corp,392 Gates Ave,11216,303,BKCB3,AC,False,True,,40.6862,-73.95057,False
757746,1506 Deli & Juice Bar,1506 Deli & Juice Bar Corp,1506 Sheepshead Bay Rd,11235,315,BKCB15,AC,False,True,2000,40.58729,-73.95379,False
757738,D Stop 18Th Deli,D Stop 18Th Deli Corp,8501 18Th Ave,11214,311,BKCB11,AC,False,True,,40.60773,-74.00205,False
757732,Dollar Tree #09375,Dollar Tree Stores Inc,6101 18Th Ave,11204,311,BKCB11,A,False,False,,40.62133,-73.98795,False
757720,Mini Market Fresh Fruit,Mini Market Fresh Fruit Corp,222 Kings Highway,11223,311,BKCB11,AC,False,True,2000,40.60544,-73.98257,False
757704,1077 Broadway Mini Market,1077 Broadway Mini Market Corp,1077 Broadway,11221,304,BKCB4,AC,False,True,,40.69456,-73.93092,False
757700,Five Star Deli And Grocery,Five Star Deli And Grocery I Corp,740 Sutter Ave,11207,305,BKCB5,AC,False,True,,40.66997,-73.8912,False
757689,Gnn Deli,Gnn Deli Corp,1133 Brighton Beach Ave,11235,313,BKCB13,AC,False,True,2000,40.57769,-73.95584,False
757677,Maranatha Variety Store,Celestin Christianne,2016 Nostrand Ave,11210,317,BKCB17,AC,False,True,1500,40.63646,-73.94802,False
757650,Deli & Grocery Food,Deli & Grocery Food Inc,2950 Ave U,11229,315,BKCB15,AC,False,True,2000,40.60059,-73.94043,False
757615,Juri Deli,Juri Deli Inc,203 Maujer St,11206,301,BKCB1,AC,False,True,,40.71102,-73.94227,False
757614,1078 D'Empanada Grocery,1078 Dempanada Grocery Corp,1078 Rutland Rd,11212,317,BKCB17,AC,False,True,1000,40.66409,-73.92421,False
757599,Hooper Garden Food,Hooper Garden Food Corp,381 Hooper Street,11211,301,BKCB1,AC,False,True,,40.71009,-73.95212,False
757591,Premier Marketplace,Premier Marketplace Llc,29 West Street,11222,301,BKCB1,AC,False,True,2000,40.72724,-73.95883,False
757588,Emad Food,Emad Food Inc,516 New Lots Ave,11207,305,BKCB5,AC,False,True,,40.66357,-73.88913,False
757577,Pescado,Pescado Kosher Inc,249 Wallabout St,11206,301,BKCB1,AC,False,True,,40.70127,-73.94917,False
757576,Nuggets,Nuggets Kosher Inc,249 Wallabout St,11206,301,BKCB1,AC,False,True,,40.70127,-73.94917,False
757570,S&S 718 Mini Market,S&S 718 Mini Market Inc,7224 13Th Ave,11228,310,BKCB10,AC,False,True,2000,40.62153,-74.00613,False
757561,Trinity Deli,Hernandez And Family Llc,8313 3Rd Ave,11209,310,BKCB10,AC,False,True,,40.62533,-74.03031,False
757555,Foodoo / Café 28,Foodoo Llc,28 Troop Ave,11206,301,BKCB1,AC,False,True,,40.70408,-73.94835,False
757553,Square Cut,Glatt Kosher Wholesalers Llc,249 Wallabout St. ###,11206,301,BKCB1,AC,False,True,,40.70127,-73.94917,False
757551,Sushi Tokyo Markets,Sushi Tokyo Inc,249 Wallabout St ###,11206,301,BKCB1,AC,False,True,,40.70127,-73.94917,False
757527,Satmar Meats,Sig Meat Llc,58 Lee Ave,11211,301,BKCB1,AC,False,True,,40.70598,-73.96024,False
757524,Satmar Meats,Sig Meat Llc,285 Lee Ave,11206,301,BKCB1,AC,False,True,,40.69961,-73.95347,False
757522,Satmar Meats,Sig Meat Llc,684 Myrtle Ave ##,11205,303,BKCB3,AC,False,True,,40.69454,-73.95639,False
757511,Twinz Deli,Twinz Deli Corp,9101 Avenue L,11236,318,BKCB18,AC,False,True,1500,40.6359,-73.8996,False
757498,Big Bite Gourmet Deli,Big Bite Gourmet Deli Corp,1500 Pitkin Avenue,11212,316,BKCB16,AC,False,True,,40.6686,-73.9181,False
757489,Chang'S Fish Market,Changs Fish Market Inc,3346 Fulton Street,11208,305,BKCB5,AC,False,True,800,40.68369,-73.87206,False
757477,2225 Tilden Gourmet Deli,2225 Tilden Gourmet Deli Corp,2225 Tilden Ave,11226,314,BKCB14,AC,False,True,500,40.64661,-73.95591,False
757422,Waverly Candy Store,Waverly Candy Store Corp,349B Waverly Ave,11238,302,BKCB2,AC,False,True,1000,40.68762,-73.96673,False
757421,Stone Ave 99,Stone Ave 99 Incorporated,439 Mother Gaston Blvd,11212,316,BKCB16,A,False,False,,40.66832,-73.90651,False
757420,El Novillo Meat #3,El Novillo Meat Corp,33-81 Fulton Street ###,11208,305,BKCB5,AC,False,True,,40.68173,-73.88512,False
757405,King Usa 13 Ave Deli,King Usa 13 Ave Deli Corp,3723 13Th Ave,11218,312,BKCB12,AC,False,True,,40.64127,-73.98561,False
757371,El Tronco Food,El Tronco Food Corp,853 Clarkson Avenue,11203,317,BKCB17,AC,False,True,,40.65669,-73.92974,False
757367,Mtskheta,Giuaani Usa Inc,389 Avenue X,11223,315,BKCB15,AC,False,True,3500,40.59071,-73.96862,False
757366,Jas Crown Fried Chicken & Deli,Jas Crown Fried Chicken & Deli Inc,578 Ralph Avenue,11233,316,BKCB16,AC,False,True,2500,40.66939,-73.92253,False
757361,El Patio Deli Market,El Patio Deli Market Corp,279 Tompkins Ave,11216,303,BKCB3,AC,False,True,1200,40.68849,-73.94495,False
757353,Am Deli And Mini Mart,Am Deli And Mini Mart Corp,1902 Mermaid Ave,11224,313,BKCB13,AC,False,True,500,40.57649,-73.98597,False
757339,Wholesome Gourmet Deli,Wholesome Gourmet Deli Inc,101 Nassau Ave,11222,301,BKCB1,AC,False,True,,40.724,-73.95006,False
757320,26 Singh,26 Singh Inc,794 Utica Avenue,11203,317,BKCB17,AC,False,True,,40.65397,-73.93064,False
757317,F & C Deli Grocery,F & C Deli Grocery Corp,1017 Rogers Ave,11226,317,BKCB17,AC,False,True,,40.6453,-73.95189,False
757314,Alejandro 04 Deli Grocery,Alejandro 04 Deli Grocery Corp,493 Tompkins Ave,11216,303,BKCB3,AC,False,True,1200,40.68046,-73.94331,False
757298,Target Store T-3429,Target Corporation,5100 Kings Plaza Suite 2201,11234,318,BKCB18,AC,False,True,,40.60927,-73.92125,False
757291,Stop One Organic Market,Stop One Organic Market Corp,624 Wilson Ave,11207,304,BKCB4,AC,False,True,,40.68944,-73.90593,False
757247,Mr Hummus,Saedico Corporation,80 58Th St Suite 401###,11220,307,BKCB7,AC,False,True,,40.64627,-74.02443,False
757245,Yr Market Fresh,Yr Market Fresh Corp,108 Moore St  Ste 26 ##,11206,301,BKCB1,AC,False,True,,40.7039,-73.94116,False
757237,Sushi Nation,Sushi Nation Bk Inc,50 Divsion Ave ###,11249,301,BKCB1,AC,False,True,,40.7071,-73.96675,False
757236,Sushi Rollin,Sushi Nation Bk Inc,315 Ave M ###,11230,312,BKCB12,AC,False,True,100,40.6167,-73.9718,False
757234,Zaytoon Deli & Grill,Brooklyn To Go Deli Inc,1680 Rockaway Pkwy,11236,318,BKCB18,AC,False,True,,40.64027,-73.89688,False
757230,Bella Deli Food,Bella Deli Food Corp,951 Putnam Avenue,11221,303,BKCB3,AC,False,True,,40.68712,-73.92308,False
757202,Eagles Convenience #1,Eagles Convenience #1 Corp,322 Myrtle Ave,11205,302,BKCB2,A,False,False,,40.69327,-73.97357,False
757172,Food Garden Market,Fgm 58 Saint Marks Corp,58 Saint Marks Place,11217,302,BKCB2,AC,False,True,9000,40.68204,-73.98053,False
757122,Cholula Mini Market,Cholula Mini Market Corp,1475 Myrtle Avenue,11237,304,BKCB4,AC,False,True,,40.69897,-73.9167,False
757103,Deli & Grill Ave X,Deli & Grill Ave X Inc,237 Avenue X,11223,315,BKCB15,AC,False,True,3500,40.59013,-73.97392,False
757090,Coney Island Pharmacy,Branac Ny Llc,2720 Mermaid Ave,11224,313,BKCB13,A,False,False,3000,40.57564,-73.99391,False
757083,Great Tokyo Mart,Great Tokyo Mart Inc,517 Grand Street,11211,301,BKCB1,AC,False,True,2600,40.71102,-73.9505,False
757081,Loyal Deli,Loyal Deli Corp,571 Van Siclen Avenue,11207,305,BKCB5,AC,False,True,,40.66545,-73.88846,False
757070,Safir Bakery,Safir Bakery Inc,2718 Avenue U,11229,315,BKCB15,ABCH,True,True,3000,40.60018,-73.94419,False
757066,910 Deli And Grocery,910 Deli And Grocery Corp,910 Fulton St,11238,302,BKCB2,AC,False,True,800,40.68296,-73.96445,False
757058,Chris & Deebo Mini Mart,Chris & Deebo Mini Mart Inc,199 Howard Ave,11233,303,BKCB3,AC,False,True,,40.68165,-73.91974,False
757032,Starrlight Pizza,Rufftone Records Llc,95 Starr Street,11237,304,BKCB4,ABC,True,True,1000,40.70222,-73.92598,False
757003,Ani Edi,Ani Edi Inc,532 Neptune Ave###,11224,313,BKCB13,AC,False,True,100,40.57983,-73.97295,False
756959,L & T Sushi,L & T Sushi Llc,2149 Ralph Ave ##,11234,318,BKCB18,ACH,False,True,,40.62591,-73.91589,False
756929,Yough,Yough To Go Llc,203 Knickerbocker Ave. Store Le,11237,304,BKCB4,AC,False,True,,40.70348,-73.92655,False
756925,King 24 Food,King 24 Food Corp,2327 Mermaid Avenue  ##,11224,313,BKCB13,AC,False,True,1500,40.57594,-73.99098,False
756924,11 St Express Deli,11 St Express Deli Corp,244 11Th Street,11215,306,BKCB6,AC,False,True,2000,40.66924,-73.98994,False
756915,Main Stop Deli & Grocery,Main Stop Deli & Grocery Corp,2706 Mermaid Ave ####,11224,313,BKCB13,AC,False,True,1000,40.57567,-73.9936,False
756911,Deli & Grocery On 188 Utica,Deli & Grocery On 188 Utica Corp,188 Utica Ave,11213,308,BKCB8,AC,False,True,,40.67249,-73.93077,False
756900,Deli Mart 95,Deli Mart 95 Corp,9429 5Th Ave,11209,310,BKCB10,AC,False,True,,40.61589,-74.03098,False
756897,M&M Detox Deli,M&M Detox Deli Corp,134 Manhattan Avenue,11206,301,BKCB1,AC,False,True,,40.70732,-73.94492,False
756887,Meditteranean Marketplace,Alpha Bakery And Meditteranean Marketpla,7717 5Th Avenue  ##,11209,310,BKCB10,AC,False,True,2500,40.62748,-74.02347,False
756878,Nature Market 1,Nature Market 1 Corp,1091 Bedford Ave,11216,303,BKCB3,AC,False,True,1500,40.68639,-73.95451,False
756861,Mr Plum,Mr Plum Inc,658 Manhattan Ave,11222,301,BKCB1,AC,False,True,2500,40.72451,-73.9512,False
756853,King Of East,King Of East Corp,540 Hegeman Avenue  ##,11207,305,BKCB5,A,False,False,,40.66,-73.8915,False
756821,Trappadon,Trappadon Llc,256 East 96Th St,11212,317,BKCB17,A,False,False,800,40.66045,-73.92075,False
756808,Mb Deli & Grocery,Mb Prime Corp,3119 Coney Island Ave,11235,313,BKCB13,AC,False,True,1600,40.5799,-73.95978,False
756807,667 Win 4 Life Deli Gourmet,667 Win 4 Life Deli Gourmet Incorp,667 Classon Ave ###,11238,308,BKCB8,AC,False,True,1000,40.67738,-73.95915,False
756804,Brando Grocery Deli,Brando Grocery Deli Inc,216 Ridgewood Ave,11208,305,BKCB5,AC,False,True,,40.68339,-73.88087,False
756790,Nostrand Delicatessen,Nostrand Delicatessen Corp,263 Nostrand Ave,11216,303,BKCB3,AC,False,True,1000,40.68969,-73.95142,False
756769,Knickerbocker Fresh Market,Knickerbocker Fresh Market Inc,341 Knickerbocker Ave ####,11237,304,BKCB4,AC,False,True,,40.70099,-73.92219,False
756762,Domino Convenience,Domino Convenience Inc,234 Kent Avenue,11249,301,BKCB1,A,False,False,,40.71685,-73.96543,False
756721,Khs Fish,Khs Fish Corp,8102 3Rd Ave  ###,11209,310,BKCB10,AC,False,True,,40.62692,-74.02965,False
756696,Presidentail Gourmet Deli,Presidentail Gourmet Deli Corp,835 Nostrand Ave,11225,309,BKCB9,AC,False,True,2000,40.66821,-73.95064,False
756672,Amazon Fresh - Uny5,Prime Now Llc,55 Bay St,11231,306,BKCB6,AC,False,True,,40.67308,-74.00758,False
756624,La Gran Lupita Deli & Grocery,La Gran Lupita Deli & Grocery Corp,3901 5Th Avenue,11232,307,BKCB7,AC,False,True,,40.65118,-74.00398,False
756617,Omar Convenience,Omar Convenience Corp,10408 Flatlands Ave,11236,318,BKCB18,AC,False,True,,40.64719,-73.89511,False
756614,5 Stars Deli Convenience,5 Stars Deli Convenience 1 Corp,3339 Fulton St,11208,305,BKCB5,AC,False,True,,40.6836,-73.87236,False
756611,Christas Kitchen,1385 Bushwick Market Corp,1385 Bushwick Avenue,11207,304,BKCB4,AC,False,True,,40.685,-73.91027,False
756607,Best Food Mini Market 3,Best Food Mini Market 3 Corporation,1249 Sutter Ave,11208,305,BKCB5,AC,False,True,,40.67282,-73.87161,False
756606,Don Julio Deli Market,Don Julio Deli Market Corp,7414 18Th Ave,11204,311,BKCB11,AC,False,True,,40.61369,-73.99568,False
756601,Rakan Convenience,Rakan Convenience Corp,791 Rogers Ave,11226,317,BKCB17,AC,False,True,800,40.65169,-73.95257,False
756582,Key Food Fresh #2645,Hope Valley Food Inc,492 St Marks Avenue,11238,308,BKCB8,AC,False,True,12000,40.6764,-73.9584,False
756581,Dalquiris Deli Grocery,Dalquiris Deli Grocery Corp,813 Marcy Ave,11216,303,BKCB3,AC,False,True,1300,40.68573,-73.94729,False
756569,Atlantis Fresh Market,Amg Retail 1 Llc,4801 Kings Hwy,11234,318,BKCB18,AC,False,True,,40.63293,-73.92989,False
756568,Amg Retail,Amg Retail 1 Llc,1610 Utica Ave,11234,318,BKCB18,AC,False,True,,40.63321,-73.92842,False
756545,Brooklyn Bromix Juice Bar & Grill,Brooklyn Bromix Juice Bar & Grill Corp,116 Graham Avenue,11206,301,BKCB1,AC,False,True,,40.70535,-73.94287,False
756506,Kosher Creperie Company,Kosher Creperie Company Inc,800 E 91St Street,11236,317,BKCB17,AC,False,True,9000,40.64817,-73.91349,False
756503,Fire Og Convenience Ii,Fire Og Convenience Ii Inc,877 Nostrand Ave,11225,309,BKCB9,A,False,False,800,40.6668,-73.95077,False
756486,Mexsalvador Food & Grocery,Mexsalvador Food & Grocery Llc,722 5Th Ave,11215,307,BKCB7,AC,False,True,2000,40.66031,-73.99448,False
756481,Octoberfest,Beercom Inc,3087 Brighton 4Th St,11235,313,BKCB13,AC,False,True,450,40.57698,-73.96322,False
756471,Amc Deli Grocery,Amc Deli Grocery Corp,147 Wilson Ave,11237,304,BKCB4,AC,False,True,,40.70041,-73.92521,False
756470,Glenmore Ave Deli,Glenmore Ave Deli Corp,581 Glenmore Ave,11207,305,BKCB5,AC,False,True,,40.67426,-73.88869,False
756466,East Ny Food Discount,East Ny Food Discount Corp,811 Stanley Avenue,11207,305,BKCB5,AC,False,True,,40.66138,-73.87913,False
756451,Precycle,Earth Positive Llc,593 Vanderbilt Ave  ##,11238,308,BKCB8,AC,False,True,,40.67982,-73.9681,False
756444,Golden Food And Grocery,Golden Food And Grocery Corp,694 Rockaway Ave,11212,316,BKCB16,AC,False,True,1000,40.66299,-73.90903,False
756379,2816 Glenwood Deli & Juice Bar,2816 Glenwood Deli & Juice Bar Inc,2816 Glenwood Rd,11210,314,BKCB14,AC,False,True,1500,40.63429,-73.94978,False
756353,Gomez Grocery Deli And Grill,Gomez Grocery Deli And Grill Corp,1131 Sutter Ave,11208,305,BKCB5,AC,False,True,,40.67213,-73.87633,False
756347,Line 3 Deli & Grocery,Line 3 Deli & Grocery Corp,909 Livonia Ave,11207,305,BKCB5,AC,False,True,,40.66631,-73.88346,False
756341,Aam Mini Market,Aam Mini Market Corporation,8017 20Th Ave  ##,11214,311,BKCB11,A,False,False,1000,40.6076,-73.99511,False
756340,May May Grocries,May May Grocries 86 Inc,1949-51 86Th St,11214,311,BKCB11,AC,False,True,,40.60521,-73.99926,False
756306,Juniors Gourmet Deli Juice Bar & Smoke S,Juniors Gourmet Deli Juice Bar & Smoke S,1181 Bedford Avenue,11216,303,BKCB3,AC,False,True,1400,40.68307,-73.95386,False
756303,Tsar Varvatsi Caviar,Varvatsi Inc,271 Brighton Beach Ave Store #2 ##,11235,313,BKCB13,AC,False,True,1500,40.57688,-73.96488,False
756298,Dayfresh 8 Ave,Dayfresh 8 Ave Inc,60-23 8Th Ave  ##,11220,306,BKCB6,AC,False,True,,40.67389,-73.97269,False
756291,Key Food 2641,Ralph Avenue Meat Corp,1804 Ralph Ave,11236,318,BKCB18,AC,False,True,12500,40.63323,-73.91895,False
756234,Wholesome Farms Market,Wholesome Farms Market V Corp,1306 Atlantic Ave,11216,308,BKCB8,AC,False,True,2400,40.67834,-73.94928,False
756231,Seaview Deli At 2124,Seaview Deli At 2124 Corp,2124 Rockaway Pkwy,11236,318,BKCB18,AC,False,True,,40.63159,-73.88773,False
756157,Amg #91,Amg Retail I Llc,1149 Utica Avenue,11203,317,BKCB17,AC,False,True,,40.64481,-73.92928,False
756151,Chicanos Mexican Deli,Chicanos Mexican Deli Corp,30 Avenue O###,11204,311,BKCB11,AC,False,True,,40.61017,-73.98417,False
756148,Beef & Lamb Brooklyn,Beef & Lamb Brooklyn Inc,5503 13Th Ave  ##,11219,312,BKCB12,AC,False,True,800,40.63141,-73.99584,False
756138,Tongtong Trading,Tongtong Trading Inc,8514 23Rd Ave ####,11214,311,BKCB11,AC,False,True,,40.60086,-73.99129,False
756109,Boyland Convenience,Boyland Convenience Corp,203 Thomas S Boyland St.,11233,316,BKCB16,AC,False,True,,40.67743,-73.91361,False
756107,Munch Gourmet Market,395 Deli Corp,395 Flatbush Ave Extension,11201,302,BKCB2,AC,False,True,200,40.68934,-73.9811,False
756090,Green Land Convenience,Green Land Convenience Inc,104 Van Siclen Ave,11207,305,BKCB5,AC,False,True,,40.67779,-73.8916,False
756080,Brooklyn Natural Market,Brooklyn Natural Market V Corp,2126-8 Caton  Ave,11226,314,BKCB14,AC,False,True,2500,40.65281,-73.95974,False
756036,Brooklyn Finest Deli Grocery,Brooklyn Finest Deli Grocery Inc,483 Ralph Ave,11233,308,BKCB8,AC,False,True,,40.67265,-73.92223,False
756028,America'S Food Basket,Chicken Meat Corp,1380 Rockaway Parkway,11236,318,BKCB18,AC,False,True,9000,40.64613,-73.9034,False
756027,Halal Live Poultry,Halal Live Poultry Corp,1227 Rockaway Ave,11236,318,BKCB18,AC,False,True,2000,40.64954,-73.90558,False
756025,Utica Halal Live Poultry,Utica Halal Live Poultry 1 Corp,473 Utica Avenue,11203,309,BKCB9,AC,False,True,,40.66219,-73.9315,False
756020,Stw Grill & Deli,Stw Grill & Deli Inc,2233 65Th St,11204,311,BKCB11,AC,False,True,,40.61329,-73.98052,False
756004,Kings Rx Pharmacy,Right Drugs Inc,1214 Kings Highway,11229,315,BKCB15,A,False,False,1800,40.60786,-73.96048,False
755995,Food Bazaar Supermarket,Bogopa Flatbush Inc,1009 Flatbush Ave###,11226,314,BKCB14,AC,False,True,60000,40.64669,-73.95811,False
755992,Sun Fresh Fish Market,Golden Sun Fresh Fish Market Inc,1128 Flatbush Ave###,11226,314,BKCB14,AC,False,True,,40.64295,-73.9577,False
755980,Eny Sandwich Spot,East Ny Sandwich Spot Incorporate,1676 E New York Ave,11212,316,BKCB16,AC,False,True,1500,40.67423,-73.9064,False
755963,Usa Superstores,Pitkin Super Deals Inc,1592 Pitkin Ave ##,11212,316,BKCB16,A,False,False,,40.66909,-73.91478,False
755935,Shop Fair Supermarket,R&C 52 Arlington Market Place Inc,52 Arlington Avenue,11207,305,BKCB5,AC,False,True,3200,40.67964,-73.89284,False
755927,Ideal Food Basket,S L Produce & Meat Corp,760 4Th Avenue,11232,307,BKCB7,AC,False,True,,40.66037,-73.99842,False
755923,Skyline Deli Gourmet 1,Skyline Deli Gourmet 1 Corp,9323 Church Ave,11212,317,BKCB17,AC,False,True,,40.65458,-73.91721,False
755919,V Deli Grill And Convenience,V Deli Grill And Convenience Corp,2113 Avenue V,11229,315,BKCB15,AC,False,True,1200,40.59744,-73.94944,False
755915,280 Galaxy Deli,280 Galaxy Deli Corp,280 Wyckoff Ave,11237,304,BKCB4,AC,False,True,,40.70001,-73.91193,False
755908,Flores Sweets,Flores Sweets Inc,6112 20Th Avenue,11204,311,BKCB11,AC,False,True,,40.6185,-73.9838,False
755882,Wrap & Goo Deli Grocery,Wrap & Goo Deli Grocery Corporation,2133 Coney Island Ave,11223,315,BKCB15,AC,False,True,500,40.60508,-73.9617,False
755847,Eleganza Four Organic Market,Eleganza Four Organic Corp,222 Stuyvesant Avenue  ##,11221,303,BKCB3,AC,False,True,,40.68738,-73.93294,False
755840,Mulgogi,Mulgogi Corp,1420 Fulton Street,11216,303,BKCB3,AC,False,True,,40.68009,-73.94418,False
755833,Global Gourmet,K&M Investment Group Llc,1103-1107 Brighton Beach Ave,11235,313,BKCB13,AC,False,True,3000,40.57794,-73.95666,False
755832,Gourmet Avocado Deli & Grill,Gourmet Avocado Deli & Grill Corp,829 Franklin Ave,11225,309,BKCB9,AC,False,True,2500,40.66998,-73.95822,False
755831,Mona Ayala,Mona Ayala Corp,746 Myrtle Ave. ###,11205,303,BKCB3,AC,False,True,,40.69494,-73.95295,False
755784,Ahehuete Deli & Grocery,Ahehuete Deli & Grocery Corp,340 Wilson Ave,11221,304,BKCB4,AC,False,True,,40.69566,-73.91686,False
755782,416 Inlet Market,416 Inlet Market Corp,416 Monroe St,11221,303,BKCB3,AC,False,True,,40.68645,-73.94179,False
755771,Amer Deli Convenience,Amer Deli Convenience Corporation,409 Utica Ave,11213,309,BKCB9,AC,False,True,,40.66452,-73.93153,False
755746,Bk Sushi Factory,Bk Sushi Factory Inc,651 Nostrand Ave ###,11216,308,BKCB8,AC,False,True,,40.6748,-73.95003,False
755730,Zazas Of Brooklyn,Zazas Of Brooklyn Inc,3602 Nostrand Avenue  ##,11229,315,BKCB15,AC,False,True,1500,40.59623,-73.94107,False
755725,Kings Glatt,Kings Glatt Inc,2425 Mcdonald Ave,11223,315,BKCB15,AC,False,True,8000,40.59305,-73.97381,False
755703,El Rinconcito Ecuatoriano & 99C,Transfiriendo La Vision Corp,1576 Greene Ave,11237,304,BKCB4,AC,False,True,,40.70421,-73.91339,False
755680,Daily Feed Gourmet Deli,Metro Organic Inc,135 Metropolotan Ave Suite A,11249,301,BKCB1,AC,False,True,1500,40.71621,-73.96242,False
755662,Xin & Xuan Grocery,Xin & Xuan Grocery Inc,7114 13Th Ave ###,11228,310,BKCB10,A,False,False,,40.62224,-74.0054,False
755655,7-Eleven Store #33704B,1619 Ave M Retail Corp,1619 Avenue M ###,11230,314,BKCB14,AC,False,True,,40.61819,-73.95838,False
755650,Ocky Way,Ocky Way 1 Corp,480 Sutter Avenue,11207,305,BKCB5,AC,False,True,,40.66846,-73.90135,False
755639,Acosta Deli Grocery,Acosta Deli Grocery Corp,3317 Fulton St,11208,305,BKCB5,AC,False,True,,40.68338,-73.87303,False
755634,Winthrop Food,Winthrop Food Corp,994 Winthrop St.,11212,317,BKCB17,AC,False,True,,40.65975,-73.92657,False
755633,Ninety Third Deli & Grocery,Ninety Third Deli & Grocery Corp,1044 Winthrop St.,11212,317,BKCB17,AC,False,True,,40.66079,-73.92494,False
755632,S Deli And Grill,S Deli And Grill Corp,3601 Avenue S,11234,318,BKCB18,AC,False,True,,40.60983,-73.9312,False
755622,Kings Highway Deli & Grill,Kings Highway Deli & Grill Corp,165 Kings Hwy,11223,311,BKCB11,AC,False,True,1800,40.60602,-73.98536,False
755590,Myrtle Food,Myrtle Food Corp 1,440 Myrtle Ave,11205,302,BKCB2,AC,False,True,,40.6932,-73.96797,False
755584,Mjb Meat Market,Mjb Meat Market Corp,855 Franklin Ave,11225,309,BKCB9,AC,False,True,1800,40.66925,-73.95847,False
755577,Stop 77 Deli,Stop 77 Deli Corp,7625 5Th Ave,11209,310,BKCB10,AC,False,True,,40.62804,-74.02324,False
755565,United Deli & Smoke Shop,United Deli & Smoke Shop Inc,301 Utica Ave,11213,309,BKCB9,AC,False,True,,40.66766,-73.93123,False
755535,Yemen Al Khair Grocery,Yemen Al Khair Grocery Corp,3305 Church Ave  ###,11203,317,BKCB17,AC,False,True,,40.65094,-73.94643,False
755530,Rutland Deli And Grill,Rutland Deli And Grill Corp,592 Albany Ave,11203,309,BKCB9,AC,False,True,2000,40.66021,-73.93975,False
755483,Everyday Grocery,Everyday Grocery On Ave M Inc,1711 Avenue M  ###,11230,314,BKCB14,AC,False,True,1600,40.61828,-73.95762,False
755482,Jalapeno Brothers Market,Jalapeno Brothers Market Inc,1498 Rockaway Pkwy  ##,11236,318,BKCB18,AC,False,True,,40.6439,-73.90091,False
755475,New Evelina Grocery,New Evelina Grocery Inc,1339 Flatbush Avenue,11226,317,BKCB17,AC,False,True,,40.63849,-73.95366,False
755474,Domino Marketplace,Domino Marketplace Inc,317 Wythe Avenue,11249,301,BKCB1,AC,False,True,1500,40.71411,-73.96521,False
755473,Sam Deli & Convenience Store,Sam Deli & Convenience Store Inc,8802 3Rd Ave,11209,310,BKCB10,AC,False,True,,40.62194,-74.03169,False
755425,Appel Fish Store,Appel Fish Store Inc,145 Division Ave,11211,301,BKCB1,AC,False,True,,40.70768,-73.96288,False
755349,Mi Ranchito Deli Market,Mi Ranchito Deli Market Llc,7001 Fort Hamilton Pkwy,11228,310,BKCB10,AC,False,True,,40.62816,-74.01294,False
755345,Mendoza Fish Market,Mendoza Fish Market Corp,5123 Church Ave,11203,317,BKCB17,AC,False,True,,40.65216,-73.92855,False
755328,Wholesome Gourmet Market,Wholesome Gourmet Market Corp,350 Clarkson Ave,11226,317,BKCB17,AC,False,True,2100,40.65552,-73.94832,False
755325,Somers Deli Grocery,Somers Deli Grocery Corp,3 Somers Street,11233,316,BKCB16,AC,False,True,1500,40.67844,-73.91302,False
755313,277 Top Deli,277 Top Deli Corp,277 Sutter Ave.,11212,316,BKCB16,AC,False,True,1500,40.66721,-73.90977,False
755276,A&K Deli And Grill,A&K Deli And Grill Corp,1839 Coney Island Ave,11230,314,BKCB14,AC,False,True,1600,40.61241,-73.96283,False
755271,Eb Deli And Grill,Eb Deli And Grill Inc,1631 Eastern Pkwy,11233,316,BKCB16,AC,False,True,,40.67188,-73.91424,False
755266,1622 Canarsie Deli & Grill,1622 Canarsie Deli & Grill Inc,1622 Ralph Ave,11236,318,BKCB18,AC,False,True,,40.63754,-73.91919,False
755264,Huaracheria Mexicana Deli Grocery,Huaracheria Mexicana Deli Grocery Inc,4001 5Th Ave,11232,307,BKCB7,AC,False,True,800,40.65062,-74.00457,False
755249,Gopuff 1041,Gb License Llc,1511 86Th St,11228,311,BKCB11,A,False,False,,40.61162,-74.00891,False
755246,Gopuff 629,Gb License Llc,"535 4Th Ave Suites C,D,E",11215,306,BKCB6,A,False,False,,40.66704,-73.99139,False
755243,Gopuff 892,Gb License Llc,92 E 98Th St,11212,316,BKCB16,A,False,False,,40.66453,-73.9224,False
755218,New Leader Helal Meat,New Leader Helal Meat Iii Corp,6714 5Th Ave,11220,310,BKCB10,AC,False,True,1000,40.63524,-74.02029,False
755217,Peoples Organic Market,Peoples Organic Market Inc,319-321 Rogers Ave ####,11225,309,BKCB9,AC,False,True,2500,40.66544,-73.95369,False
755214,Hegeman Minimarket Food,Hegeman Minimarket Food Corp,1017 Hegeman Avenue,11208,305,BKCB5,AC,False,True,,40.66688,-73.87544,False
755192,Quality Fish Market,Jb Fish Inc,5021 New Utrecht Ave,11219,312,BKCB12,AC,False,True,,40.63513,-73.99493,False
755184,Los Muchachos Deli Grocery,Los Muchachos Deli Grocery Corp,120 Autumn Ave,11208,305,BKCB5,AC,False,True,,40.68734,-73.87103,False
755179,Highland Park Grocery,Highland Park Grocery Corp,272 Jamaica Avenue,11207,305,BKCB5,AC,False,True,1000,40.68109,-73.89119,False
755171,Deli & Zapateria Jalisco,Deli & Zapateria Jalisco Corp,4917 5Th Ave,11220,307,BKCB7,AC,False,True,300,40.64531,-74.01009,False
755126,T&T Organic Market,T&T Organic Market Inc,1030 Nostrand Ave ####,11225,309,BKCB9,AC,False,True,1500,40.66342,-73.95091,False
755124,Daniels Farm,Daniels Farm Corp,920 Kings Highway,11223,315,BKCB15,AC,False,True,2500,40.60693,-73.96317,False
755123,Nevins Food Mart,S&F Foods And Grocery Inc,26 Nevins St,11217,302,BKCB2,AC,False,True,1000,40.68806,-73.98132,False
755116,Oasis Deli,Oasis Deli Inc,338 Wilson Avenue,11221,304,BKCB4,AC,False,True,,40.69571,-73.91694,False
755099,New Sunset Deli,New Sunset Deli Corp,4228 5Th Ave,11232,307,BKCB7,AC,False,True,800,40.64911,-74.00614,False
755084,Bushwick Organic Deli,Bushwick Organic Deli Corp,1222 Bushwick Ave,11221,304,BKCB4,AC,False,True,,40.68786,-73.91527,False
755078,Zinu 658,Zinu 658 Corp,744 Franklin Ave,11238,308,BKCB8,AC,False,True,,40.67299,-73.95711,False
755075,Sea House Ny,Sea House Ny Inc,541 Nostrand Ave,11216,303,BKCB3,AC,False,True,800,40.67894,-73.94965,False
755060,322 Mubarez Grocery,322 Mubarez Grocery Corp,322 Dekalb Ave,11205,302,BKCB2,AC,False,True,,40.68973,-73.96557,False
755041,Oso Mini Market,Oso Mini Market Corp,1341 Bushwick Avenue,11207,304,BKCB4,AC,False,True,2000,40.68573,-73.91152,False
755024,Ahdipati,Yee Mar Lar,710 Coney Island Ave ##,11218,312,BKCB12,AC,False,True,,40.64037,-73.96912,False
755023,K & S Farms,Neymar Farms Import Llc,5109 Church Ave,11203,317,BKCB17,AC,False,True,2000,40.65206,-73.92894,False
755016,Ali Baba Halal Market,Ali Baba Halal Market Inc,1201 Quentin Rd,11229,315,BKCB15,AC,False,True,4000,40.60798,-73.96066,False
755002,Nuts Factory,Nfm Park Slope Llc,244 5Th Ave  ##,11215,306,BKCB6,AC,False,True,2000,40.67536,-73.98118,False
754980,Jj Brothers Deli Grocery,Jj Brothers Deli Grocery Corp,578 Livonia Avenue,11207,305,BKCB5,AC,False,True,,40.6645,-73.89578,False
754962,Heyday & Epoch,Heyday & Epoch Inc,6512 20Th Ave. ###,11204,311,BKCB11,A,False,False,,40.61621,-73.98616,False
754958,Sun Far Jq,Sun Far Jq Llc,6916 Bay Pkwy,11204,311,BKCB11,A,False,False,,40.61122,-73.98414,False
754952,M&A Deli Market,M&A Deli Market Corp,3915 9Th Ave,11232,312,BKCB12,AC,False,True,800,40.64554,-73.9955,False
754871,Barbu Gourmet Deli,Barbu Gourmet Deli Inc,643 Marcy Avenue,11206,303,BKCB3,AC,False,True,,40.69259,-73.94866,False
754869,Monarcas Deli & Grocery,Monarcas Deli & Grocery Corporation,6106 3Rd Avenue,11220,307,BKCB7,AC,False,True,900,40.64141,-74.02139,False
754865,Green Way Markets,Dekalb Fresh Market Llc,825 Dekalb Avenue,11221,303,BKCB3,AC,False,True,,40.69229,-73.94337,False
754863,Gastronom Odessa,Gastronom Odessa Inc,1079 Brighton Beach Ave,11235,313,BKCB13,AC,False,True,1500,40.57812,-73.9573,False
754860,Myrtle Deli,Myrtle Deli Corp,158 Nostrand Ave,11205,303,BKCB3,AC,False,True,800,40.69475,-73.95245,False
754822,Tesolife,Tesolife Bk Inc,2159 86Th St,11214,311,BKCB11,A,False,False,,40.60236,-73.99454,False
754817,Tesolife,Tesolife Save Inc,765 61St St,11220,307,BKCB7,A,False,False,10000,40.63526,-74.01069,False
754800,Brooklyn Famous Deli Grocery,Brooklyn Famous Deli Grocery Inc,4701 Avenue N,11234,318,BKCB18,AC,False,True,,40.61878,-73.9296,False
754751,Key Food Fresh Supermarket,476 Marcus Garvey Meat Llc,476 Marcus Garvey Blvd,11216,303,BKCB3,AC,False,True,7500,40.6804,-73.93752,False
754741,Superior Stop Deli,Superior Stop Deli Corp,1083 Utica Ave,11203,317,BKCB17,AC,False,True,,40.64646,-73.92982,False
754726,Bath Corner Snacks,Bath Corner Inc,2171 Bath Ave,11214,311,BKCB11,AC,False,True,1000,40.59866,-73.99752,False
754722,Ps Quality Foods,Ps Quality Foods Inc,8612 25Th Ave,11214,311,BKCB11,AC,False,True,2500,40.59761,-73.98749,False
754707,Cvs/Pharmacy #11502,Cvs Albany Llc,79 Jay St,11201,302,BKCB2,A,False,False,,40.7022,-73.98671,False
754698,A & S Superette I,A & S Superette I Corp,9423 Foster Ave,11236,318,BKCB18,AC,False,True,1200,40.64712,-73.90759,False
754676,Foster Ave Deli King,Foster Ave Deli King Inc,1036 Coney Island Ave,11230,314,BKCB14,AC,False,True,2000,40.63236,-73.96678,False
754674,La Esquina Melo Grocery,La Esquina Melo Grocery Corp,1356 Rockaway Pkwy,11236,318,BKCB18,AC,False,True,,40.64652,-73.90388,False
754660,Manin Deli Grocery,Manin Deli Grocery Corp,2766 Pitkin Ave,11208,305,BKCB5,AC,False,True,1800,40.67568,-73.86993,False
754612,Hui Feng Group,Hui Feng Group Inc,5217 8Th Ave,11220,312,BKCB12,A,False,False,1100,40.6396,-74.00527,False
754588,Buddy Gourmet Deli,Buddy Gourmet Deli Corp,1079 Nostrand Ave,11225,309,BKCB9,AC,False,True,,40.66169,-73.95072,False
754543,Bushwick Beer & Market,Bushwick Beer & Market Inc,1549 Dekalb Ave,11237,304,BKCB4,AC,False,True,,40.70279,-73.92072,False
754537,Maya Congee Cafe,Mcc1013Fulton Inc,1013 Fulton Street  ##,11238,302,BKCB2,AC,False,True,,40.68233,-73.96143,False
754532,K & K Seafood,K & K Seafood Inc,5518 8Th Ave,11220,312,BKCB12,AC,False,True,1500,40.63792,-74.00701,False
754521,Darlin Mini Market,Darlin Mini Market Inc,200 Winthrop St,11225,309,BKCB9,AC,False,True,1800,40.65689,-73.95345,False
754520,Sugar Butter Chocolate,Homeplate Sbc Inc,1413 Bedford Ave ###,11216,308,BKCB8,ABC,True,True,1200,40.67486,-73.95355,False
754512,Aleya Deli Grocery,Aleya Deli Grocery Corp,586 Bushwick Avenue,11206,304,BKCB4,AC,False,True,,40.6988,-73.93496,False
754511,New Jersey Deli & Grill,New Jersey Deli & Grill Corp,403 New Jersey Avenue,11207,305,BKCB5,AC,False,True,,40.66939,-73.8942,False
754493,Ka Wing Hong,Ka Wing Hong Corp,6722 Bay Pkwy,11204,311,BKCB11,A,False,False,,40.61225,-73.98307,False
754490,K&K Grocery Ny,K&K Grocery Ny Inc,2308 86Th Street,11214,311,BKCB11,A,False,False,,40.60039,-73.99131,False
754473,Golden Treasury Ny,Golden Treasury Ny Inc,2067 86Th Street,11214,311,BKCB11,A,False,False,,40.60358,-73.9966,False
754432,Amira Fresh Market,Amira Fresh Market Corp,7802 5Th Ave,11209,310,BKCB10,AC,False,True,1000,40.62718,-74.02359,False
754431,Nxu Deli And Grill,Nxu Deli And Grill Corp,6226 New Utrecht Ave,11219,311,BKCB11,AC,False,True,1500,40.62546,-73.99718,False
754428,4Th Avenue Convenience,4Th Avenue Convenience Inc,246 11Th St. ###,11215,306,BKCB6,A,False,False,1200,40.66905,-73.98955,False
754420,Bke Kombucha,Bke Bushwick Inc,310 Meserole St###,11206,301,BKCB1,AC,False,True,,40.70878,-73.93581,False
754391,Blue Sea Fish Market,Blue Sea Fish Market Corp,412 Utica Ave,11213,309,BKCB9,AC,False,True,,40.66447,-73.93154,False
754387,Centroamericana Deli,Centroamericana Deli Corp,1729 86Th St,11214,311,BKCB11,AC,False,True,,40.60794,-74.00377,False
754385,Kings Natural Market,Kings Natural Market Corp,390 Tompkins Ave,11216,303,BKCB3,AC,False,True,1600,40.68385,-73.94402,False
754376,M & N Grocery And Deli,M & N Grocery And Deli Corp,124 Ditmas Ave,11218,312,BKCB12,AC,False,True,800,40.63563,-73.97723,False
754373,Totopan Bakery,Totopan Panaderia Y Pasteleria Guatemalt,7117 20Th Ave,11204,311,BKCB11,AC,False,True,,40.61278,-73.98975,False
754360,Atlantic Ocean Deli And Grill,Atlantic Ocean Deli And Grill Inc,2053 Atlantic Ave,11233,316,BKCB16,AC,False,True,,40.67653,-73.913,False
754359,Rolle Drinks,Rolle Drinks Corporation,9203 Flatlands Ave,11236,318,BKCB18,AC,False,True,1200,40.64121,-73.90446,False
754331,Yun Hai Shop,Yun Hai 170 Montrose Llc,170 Montrose Ave,11206,301,BKCB1,A,False,False,,40.70738,-73.94257,False
754326,Carve Delicatessen,Carve Delicatessen Corp,2640 Nostrand Avenue,11210,318,BKCB18,AC,False,True,,40.62025,-73.94563,False
754324,Makro Uz,Makro Uz Inc,1701 Mcdonald Ave,11230,311,BKCB11,AC,False,True,3500,40.61163,-73.97356,False
754314,Fulton Plaza Deli & Grill 1,Fulton Plaza Deli & Grill 1 Corp,1747 Fulton St,11233,303,BKCB3,AC,False,True,1000,40.67964,-73.92901,False
754308,Deli Chapin & Grocery,Deli Chapin & Grocery Corporation,6923 20Th Ave,11204,311,BKCB11,AC,False,True,1400,40.61378,-73.98871,False
754278,Caribbean Convenience,Caribbean Convenience Corp,1310 Flatbush Ave.,11210,314,BKCB14,A,False,False,,40.63823,-73.95339,False
754262,A&N Deli And Grill,A&N Deli And Grill Corp,400 Lorimer Street,11206,301,BKCB1,AC,False,True,1500,40.70892,-73.94854,False
754258,Highland Convenience,Highland Convenience Corp,210 Jamaica Ave ###,11207,305,BKCB5,AC,False,True,,40.68045,-73.89257,False
754208,Ralph Food Center,Ralph Food Center Inc,1061 Ralph Avenue,11236,317,BKCB17,AC,False,True,,40.6494,-73.92044,False
754205,Carnival Gourmet,Bakar Llc,130 Church Ave,11218,312,BKCB12,AC,False,True,3000,40.64314,-73.97863,False
754199,Grab & Go Deli Pizza,Grab & Go Deli Pizza Inc,1842 E New York Ave. ###,11207,305,BKCB5,AC,False,True,,40.67632,-73.90115,False
754162,Nixon & Son Meat Market,Nixon & Son Meat Market Corp,2114 Avenue U,11229,315,BKCB15,AC,False,True,600,40.59954,-73.94987,False
754156,Kevin Adrian Smart Market,Kevin Adrian Smart Market Corp,325 Quincy Street,11216,303,BKCB3,AC,False,True,1800,40.68728,-73.94776,False
754155,V&W Supermarket Ny,V&W Supermarket Ny Inc,2502 86Th Street,11214,311,BKCB11,AC,False,True,10000,40.59762,-73.98699,False
754154,Panda Deli And Grocery,Panda Deli And Grocery Inc,7021 Fort Hamilton Pkwy,11228,310,BKCB10,AC,False,True,,40.62786,-74.01339,False
754128,Tuv Taam Fish Market,Bp Fish Market Llc,4801 New Utrecht Ave,11219,312,BKCB12,ACH,False,True,11000,40.63688,-73.9947,False
754118,129 Money Market & Grill,129 Money Market & Grill Corp,129 Dwight Street,11231,306,BKCB6,AC,False,True,4500,40.67515,-74.01009,False
754115,Green Valley Gourmet Market,King Fruit Ii Corp,268 Knickerbocker Ave,11237,304,BKCB4,AC,False,True,3500,40.7023,-73.92452,False
754111,Madison Deli Food,Madison Deli Food Corp,3402 Avenue I,11210,318,BKCB18,AC,False,True,,40.62957,-73.94329,False
754110,Elias Deli V,Elias Deli V Corp,1382 Nostrand Ave,11226,317,BKCB17,AC,False,True,,40.65297,-73.94981,False
754090,Osborn Mini Market,Osborn Mini Market 1 Corp,1742 Pitkin Ave,11212,316,BKCB16,AC,False,True,2000,40.66999,-73.90875,False
754021,Gourmet Fruit,Aharoni Haim,730 Avenue U   ##,11223,315,BKCB15,AC,False,True,1000,40.59809,-73.96317,False
754019,Deli Grill Vape And Conveniences,Deli Grill Vape And Conveniences Inc,1510 Cortelyou Rd,11226,314,BKCB14,AC,False,True,,40.6413,-73.96422,False
753998,Mermaid Fish Market,Mermaid Fish Market Corp,867 Nostrand Ave,11225,309,BKCB9,AC,False,True,,40.66706,-73.95075,False
753984,Variedades Cristal Tienda Guatemalteca,Variedades Cristal Tienda Guatemalteca I,1580 Mcdonald Avenue,11230,312,BKCB12,AC,False,True,800,40.61446,-73.97414,False
753983,Deli Grocery God Bless You,Deli Grocery God Bless You Inc,6210 20Th Avenue,11204,311,BKCB11,AC,False,True,,40.61799,-73.98434,False
753960,L'Algeroise Plus,Cerise Patisserie Inc,3099 Emmons Avenue,11235,315,BKCB15,AC,False,True,,40.58406,-73.93573,False
753952,Bhuiyan Deli Grocery,Bhuiyan Deli Grocery Corp,333 Pulaski St,11206,303,BKCB3,AC,False,True,2000,40.69367,-73.93771,False
753949,Emanuel Deli Grocery,Emanuel Deli Grocery Ii Corp,290 Kings Hwy,11223,311,BKCB11,AC,False,True,,40.60513,-73.97975,False
753948,Campos Deli Grocery,Campos Deli Grocery Corp,2113 West 6Th Street,11223,315,BKCB15,AC,False,True,1000,40.59611,-73.97743,False
753912,Greater International Trading,Greater International Trading Inc,6806 20Th Ave,11204,311,BKCB11,A,False,False,2000,40.61463,-73.98783,False
753881,Target Store T-3404,Target Corporation,2101 Church Ave,11226,314,BKCB14,A,False,False,,40.65029,-73.95927,False
753872,Sunrise Gourmet Deli Ii,Sunrise Gourmet Deli Ii Corp,2186 Bedford Ave,11226,314,BKCB14,AC,False,True,,40.65077,-73.95586,False
753868,Spicy Mini Market,Spicy Mini Market Corp,131 Tompkins Ave,11206,303,BKCB3,AC,False,True,,40.69509,-73.94625,False
753840,Mitsuki Japanese Market,Mitsuki Japanese Market Inc,703 Manhattan Avenue  ##,11222,301,BKCB1,AC,False,True,2000,40.72562,-73.95183,False
753824,El Conuco De Mama,El Conuco De Mama Corp,3156 Fulton Street,11208,305,BKCB5,AC,False,True,,40.68188,-73.87846,False
753819,960 Star Deli Grocery,960 Star Deli Grocery Corp,960 Dekalb Ave,11221,303,BKCB3,AC,False,True,,40.69304,-73.93688,False
753809,Urban Juice Bar & Grill,Urban Juice Bar & Grill 1 Corp,1091 Rutland Rd,11212,317,BKCB17,AC,False,True,,40.66452,-73.92357,False
753808,Bath Healthy Deli And Grill,Bath Healthy Deli And Grill Corp,2272 Bath Ave. ###,11214,311,BKCB11,AC,False,True,,40.59724,-73.99544,False
753795,Key Food Fresh Supermarket,2014 Cropsey Llc,2014 Cropsey Ave,11214,311,BKCB11,AC,False,True,4000,40.5999,-74.00238,False
753787,Deli Cafe & Juice Bar Ny,Deli Cafe & Juice Bar Ny Corp,1720 Sheepshead Bay Rd ###,11235,315,BKCB15,AC,False,True,,40.58562,-73.95166,False
753740,Leah'S Kitchen,Leahs Kitchen Inc,4916 Fort Hamilton Parkway,11219,312,BKCB12,AC,False,True,1200,40.63805,-73.99811,False
753730,Il Fornaretto Bakery,Il Fornaretto Iii Llc,7612 5Th Ave,11209,310,BKCB10,ABCK,True,True,5000,40.62841,-74.02309,False
753711,De Leon Deli Grocery,De Leon Deli Grocery Corp,2124 Dorchester Road,11226,314,BKCB14,AC,False,True,,40.64221,-73.95778,False
753710,New Utrecht Flaming Grill,New Utrecht Flaming Grill Inc,5425 New Utrecht Ave,11219,312,BKCB12,AC,False,True,1500,40.63163,-73.99544,False
753707,Bk Bagel & Deli,Bk Bagel & Deli Corporation,719 Washington Ave,11238,308,BKCB8,AC,False,True,700,40.67528,-73.96328,False
753687,La Flor De Morelos,La Flor De Morelos Corp,461 Coney Island Ave. Store B,11218,312,BKCB12,AC,False,True,850,40.64661,-73.97091,False
753682,Ave T King Gourmet Mini Market,Ave T King Gourmet Mini Market Corp,5819 Avenue T,11234,318,BKCB18,AC,False,True,,40.61551,-73.91811,False
753678,Samz Gourmet Deli,Samz Gourmet Deli I Corp,472 Ridgewood Ave,11208,305,BKCB5,AC,False,True,,40.68576,-73.87137,False
753677,Adamz Deli & Grill,Adamz Deli & Grill I Corp,354 Saratoga Ave,11233,316,BKCB16,AC,False,True,,40.67357,-73.91676,False
753674,Hamzah Grocery,Hamzah Grocery Inc,2200 Pitkin Ave,11207,305,BKCB5,A,False,False,,40.67258,-73.89135,False
753673,One Stop Deli & More,One Stop Deli & More Corp,732 Greene Ave,11221,303,BKCB3,AC,False,True,1500,40.68977,-73.93915,False
753653,Ridge Spot,Ridge Spot Llc The,301 74Th Street,11209,310,BKCB10,AC,False,True,300,40.63208,-74.02726,False
753624,New Boro Park Grocery,New Boro Park Grocery Corp,1171 38Th St,11218,312,BKCB12,AC,False,True,,40.64259,-73.98806,False
753616,Family 1 Deli,Family 1 Deli Inc,2278 Flatbush Ave,11234,318,BKCB18,AC,False,True,,40.61447,-73.92787,False
753614,5001 Xin Xin Grocery,5001 Xin Xin Grocery Inc,5001 6Th Ave,11220,307,BKCB7,A,False,False,1000,40.64369,-74.0082,False
753598,Rafael Deli Grocery,Rafael Deli Grocery Corp,830 Macon Street,11233,303,BKCB3,AC,False,True,1000,40.68474,-73.91771,False
753596,Deli Uno,Deli Uno Inc,565 4Th Ave,11215,307,BKCB7,AC,False,True,1200,40.66591,-73.99233,False
753589,Protech Pharmacy,Protech Pharmacy Llc,8512 19Th Ave,11214,311,BKCB11,A,False,False,,40.60616,-74.00019,False
753581,Fruits And Discount Store,Fruits And Vegetables Brothers Inc,251 Avenue X,11223,315,BKCB15,A,False,False,,40.59018,-73.97351,False
753545,Senovios Meat Market,Senovios Meat Market Inc,7317 13Th Ave ###,11228,310,BKCB10,AC,False,True,3500,40.62103,-74.00665,False
753544,Akee Convenience,Akee Convenience Corp,554 86Th St. ###,11209,310,BKCB10,A,False,False,800,40.62059,-74.02472,False
753534,Mini Market Azteca,Mini Market Azteca Corporation,1724 86Th St  ##,11214,311,BKCB11,AC,False,True,2000,40.60821,-74.00422,False
753522,Downtown Natural Market,Ar & Sb Inc,395 Jay St,11201,302,BKCB2,AC,False,True,,40.69194,-73.9873,False
753509,Food On 18,Food On 18 Llc,4317 18Th Ave,11218,314,BKCB14,ABCH,True,True,1500,40.631,-73.97657,False
753503,Ka Wing Group,Ka Wing Group Inc,2261A 86Th St,11214,311,BKCB11,A,False,False,2000,40.60096,-73.99227,False
753498,King Deli 2,King Deli 2 Corp,941 4Th Ave,11232,307,BKCB7,AC,False,True,1000,40.65418,-74.00445,False
753468,A&O Grocery,A&O Grocery Corp,201 Irving Avenue,11237,304,BKCB4,AC,False,True,1700,40.70146,-73.9187,False
753462,Union Market,Mpm Enterprises Bedford Inc,1525 Bedford Avenue ####,11216,308,BKCB8,AC,False,True,1600,40.67063,-73.9551,False
753456,684 Deli And Market,684 Deli And Market Inc,684 Hegeman Avenue,11207,305,BKCB5,AC,False,True,,40.66216,-73.88639,False
753455,Rashed Gourmet Deli,Rashed Gourmet Deli Corp,784 Marcy Ave,11216,303,BKCB3,AC,False,True,2000,40.68669,-73.94748,False
753443,4Th Avenue Deli Grocery,4Th Avenue Deli Grocery And More Corp,5524 4Th Ave,11220,307,BKCB7,AC,False,True,1600,40.64322,-74.01604,False
753417,Alarabi Market,Gate Of Yemen Llc,6824 5Th Avenue,11220,310,BKCB10,AC,False,True,2000,40.63361,-74.02094,False
753411,1709 Deli & Grill,1709 Deli & Grill Corp,1709 Church Avenue,11226,314,BKCB14,AC,False,True,,40.64924,-73.96357,False
753368,Gateway Center Pharmacy,Gateway Center Pharmacy Llc,1184 Elton St,11239,305,BKCB5,A,False,False,1200,40.65556,-73.87341,False
753362,Blue Ribbon,Ny King J Fruit Inc,1308 Avenue J,11230,314,BKCB14,AC,False,True,3000,40.625,-73.96294,False
753344,Bryan Gourmet Deli,Bryan Gourmet Deli Inc,2932 Pitkin Ave,11208,305,BKCB5,AC,False,True,,40.67649,-73.86371,False
753335,King Brooklyn,King Brooklyn Incorporated,2641 Ocean Ave,11229,315,BKCB15,AC,False,True,1700,40.59694,-73.95094,False
753325,Big Apple 22 Deli,Big Apple 22 Deli Corp,669 Grand St,11211,301,BKCB1,AC,False,True,,40.71146,-73.94575,False
753302,Fulton Street Fruit And Vegetable,Fulton St Fruit And Vegetable Inc,1932 Fulton St,11233,303,BKCB3,AC,False,True,950,40.67887,-73.92178,False
753267,Downtown Express Ny Deli,Downtown Express Ny Deli Corporation,408 Jay St ###,11201,302,BKCB2,AC,False,True,,40.69179,-73.98731,False
753261,Bablo'S Convenience,Bablos Convenience Inc,2165 Nostrand Ave,11210,314,BKCB14,AC,False,True,,40.63213,-73.94761,False
753254,Grace African Caribbean & American,Grace African Caribbean & American And R,30 Belmont Avenue,11212,316,BKCB16,A,False,False,1000,40.66862,-73.90924,False
753243,Fulton Deli Grocery,Fulton Deli Grocery Corp,1565 Fulton Street,11216,303,BKCB3,AC,False,True,1800,40.67978,-73.9387,False
753191,Makolet Market,Makolet Market Llc,999 Clarkson Ave ###,11212,317,BKCB17,A,False,False,,40.65811,-73.92476,False
753171,Antojitos Catrachos,Avila Rodriguez Karen,504 39Th Street,11232,307,BKCB7,AC,False,True,500,40.6511,-74.00363,False
753150,Alannas Coffee & Grocery,Alannas Coffee & Grocery Inc,146 Highlawn Ave,11223,311,BKCB11,AC,False,True,1000,40.60327,-73.98062,False
753142,Bigs Smoke Shop,Bigs Smoke Shop Corp,685 Hendrix St,11207,305,BKCB5,AC,False,True,,40.66465,-73.88733,False
753137,Galaxy 1802 Deli,Galaxy 1802 Deli Corp,1802 Avenue U,11229,315,BKCB15,AC,False,True,1200,40.59915,-73.95338,False
753135,M&N Deli Food,M&N Deli Food Corp,1093 Linden Blvd,11212,317,BKCB17,AC,False,True,2000,40.65447,-73.91775,False
753130,Ez Fresh Supermarket,Ez Fresh Supermarket Inc,863 65Th Street,11220,310,BKCB10,AC,False,True,20000,40.63173,-74.01101,False
753129,797 Four Seasons Deli,797 Four Seasons Deli Corp,797 Flushing Ave,11206,301,BKCB1,AC,False,True,,40.70101,-73.94075,False
753116,Upper Bay Market And Deli,Upper Bay Market And Deli Corp,6424 4Th Ave,11220,310,BKCB10,AC,False,True,2000,40.63816,-74.02129,False
753021,Sammy Stop And Shop,Sammy Stop And Shop Corp,743 Coney Island Ave,11218,312,BKCB12,AC,False,True,2000,40.63949,-73.96887,False
752997,True Gourmet Deli,True Gourmet Deli Corp,2795 86Th St,11223,315,BKCB15,AC,False,True,2000,40.59324,-73.97943,False
752992,Linwood Deli Grocery,Linwood Deli Grocery 1 Corp,522 Linwood Street,11208,305,BKCB5,AC,False,True,,40.67248,-73.88223,False
752991,Gro Mexican,Gro Mexican Corp,853 4Th Avenue,11232,307,BKCB7,AC,False,True,800,40.65692,-74.00164,False
752977,S&E Deli Grocery,S&E Deli Grocery Corp,51 Arlington Ave,11207,305,BKCB5,AC,False,True,,40.67963,-73.89289,False
752959,Dean St Finest Deli,Dean St Finest Deli Corp,2446 Dean St,11233,316,BKCB16,AC,False,True,,40.67452,-73.90643,False
752955,Ko Pye Mae Sushi,Pye 245 Corp,382 Mcdonald Ave. ###,11218,312,BKCB12,AC,False,True,250,40.64456,-73.97998,False
752945,Alondra'S Mexgrocer,Torres Pilar,2872 W 15Th St ###,11224,313,BKCB13,AC,False,True,450,40.57744,-73.98276,False
752940,Best Deli And Juice Bar,Best Deli And Juice Bar Corp,1127 Mcdonald Ave,11230,312,BKCB12,AC,False,True,2000,40.62568,-73.97619,False
752928,2 Grills And A Stove,2 Grills And A Stove Corp,100 Crystal St,11208,305,BKCB5,AC,False,True,500,40.67648,-73.8747,False
752919,Fortune On 86Th,Li Family 86 Inc,1686 86Th St,11214,311,BKCB11,AC,False,True,,40.60882,-74.00519,False
752916,4Th Avenue Sunset Deli & Grocery,4Th Avenue Sunset Deli & Grocery Inc,4113A 4Th Avenue,11232,307,BKCB7,AC,False,True,1000,40.65117,-74.00758,False
752914,Supermarket Las Gardenias,Supermarket Las Gardenias Corp,4401 5Th Avenue,11220,307,BKCB7,AC,False,True,,40.64838,-74.0069,False
752913,Aden Deli & Grill,Aden Deli & Grill Inc 1,1376 Rockaway Pkwy,11236,318,BKCB18,AC,False,True,,40.64619,-73.90347,False
752912,Seabreeze Gourmet Deli,Seabreeze Gourmet Deli 1 Corp,2925 Surf Ave,11224,313,BKCB13,AC,False,True,,40.57279,-73.99579,False
752907,Zak Mini Mart,Zak Mini Mart Corp,338 Central Ave,11221,304,BKCB4,AC,False,True,,40.69523,-73.92013,False
752905,Yafa Deli,Yafa Deli 2 Corp,374 Ralph Ave,11233,316,BKCB16,AC,False,True,1000,40.676,-73.92191,False
752897,Pancho'S Juice Bar,Panchos Bagels Deli Corp,4416 5Th Ave,11220,307,BKCB7,AC,False,True,,40.64811,-74.00717,False
752880,Galaxy Food Market,Galaxy Food Market Corp,290 Knickerbocker Ave,11237,304,BKCB4,AC,False,True,1500,40.70189,-73.92379,False
752868,F Gourmet Deli,F Gourmet Deli Corp,1558 Fulton St,11216,303,BKCB3,AC,False,True,1000,40.67977,-73.93858,False
752837,Ny Gourmet Deli,Ny Gourmet Deli Inc,801 Flatbush Avenue,11226,314,BKCB14,AC,False,True,,40.65309,-73.95935,False
752828,Landstar Trading,Landstar Trading Inc,7308 13Th Ave   ##,11228,310,BKCB10,AC,False,True,,40.62126,-74.00641,False
752797,Dashmart Bkn-5,Doordash Essentials Llc,82 Suydam St,11221,304,BKCB4,A,False,False,3000,40.69743,-73.92987,False
752772,Don Eligo Grocery,Don Eligo Grocery Corp,2348 Pitkin Avenue,11207,305,BKCB5,AC,False,True,,40.67342,-73.88565,False
752719,Grabsteins Wholesale Products,Franklin 696 Llc,696 Washington Ave,11238,308,BKCB8,AC,False,True,,40.67717,-73.96364,False
752697,Maison Jar,Maison Jar Llc,566 Leonard Street ##,11222,301,BKCB1,AC,False,True,1200,40.72415,-73.94999,False
752691,Kimchi Kooks,Ajumani Inc,119 Bay Ridge Avenue,11220,310,BKCB10,AC,False,True,,40.63741,-74.03147,False
752689,Lqa Grocery,Lqa Grocery Ii Corp,1702 Mermaid Ave,11224,313,BKCB13,AC,False,True,2000,40.57661,-73.98491,False
752687,J.S.Y Trading,Jsy Trading Inc,8023 18Th Ave,11214,311,BKCB11,A,False,False,3000,40.61005,-73.99938,False
752677,Aldi #114,Aldi Inc,1628 Flatbush Ave,11210,314,BKCB14,A,False,False,,40.63093,-73.94564,False
752669,Pisces,Badafish Llc,413 5Th Ave,11215,306,BKCB6,AC,False,True,2000,40.67006,-73.98556,False
752649,Caribbean Steel Pan Education Center,Joseph-Jordan Daphne,2482 Pitkin Ave ##,11208,305,BKCB5,AC,False,True,350,40.67415,-73.88066,False
752635,Food County Mini Market,Star 6636 Corp,6636 3Rd Avenue,11220,310,BKCB10,AC,False,True,,40.63786,-74.02502,False
752634,Vanilla Gourmet,Vanilla Gourmet Ny Corp,287 Brighton Beach Ave,11235,313,BKCB13,AC,False,True,,40.57697,-73.96447,False
752627,Sq Market,Sq Market Inc,4711 8Th Avenue ##,11220,312,BKCB12,A,False,False,,40.64254,-74.00221,False
752625,Urban Deli,Urban Liquors Corp,75 Atlantic Ave ##,11201,306,BKCB6,AC,False,True,,40.69121,-73.99793,False
752607,New Lucky Star,New Lucky Star Food Inc,4712 A 7Th Ave  ###,11220,307,BKCB7,AC,False,True,700,40.64389,-74.0044,False
752597,La Ceiba Deli Grocery And Courier,La Ceiba Deli Grocery And Courier Inc,7612 18Th Ave. 1St Floor,11214,311,BKCB11,AC,False,True,,40.61253,-73.99686,False
752585,519 Namir Deli & Grill,519 Namir Deli & Grill Inc,519 Utica Ave,11203,317,BKCB17,AC,False,True,,40.6608,-73.93118,False
752582,La Toma Grocery,La Toma Grocery Corp,536 Liberty Ave,11207,305,BKCB5,AC,False,True,,40.67537,-73.88994,False
752563,Chopped Cheese,Chopped Cheese 2 Corp,2847 Church Avenue,11226,317,BKCB17,AC,False,True,,40.6508,-73.94988,False
752542,Foster Market,R & Y Provision Llc,8802 Foster Ave  ###,11236,318,BKCB18,ACDK,False,True,4000,40.64431,-73.91249,False
752501,Stop One Supermarket 4023,Stop One Supermarket 4023 Corp,4023 Church Ave,11203,317,BKCB17,AC,False,True,,40.6513,-73.93922,False
752498,King Deli & Grill,King Deli & Grill Corp 1,1279 39Th Street,11218,312,BKCB12,AC,False,True,,40.64077,-73.9865,False
752485,New Qcs Deli Grocery,New Qcs Deli Grocery Inc,6123 Fort Hamilton Pkwy,11219,310,BKCB10,AC,False,True,700,40.63222,-74.00688,False
752470,Misfit Moon,Misfit Moon Llc,82 Central Ave ###,11206,304,BKCB4,A,False,False,,40.70086,-73.93006,False
752421,Bergen Deli Market,Bergen Deli Market Corp,125 Kingston Ave,11213,308,BKCB8,AC,False,True,,40.67551,-73.9416,False
752420,A & A Gourmet Food,A & A Gourmet Food Corp,96 Kingston Ave,11213,308,BKCB8,AC,False,True,,40.67631,-73.94152,False
752394,La Sirena Supermarket,3334 La Sirena Supermarket Inc,3334 Fulton Street,11208,305,BKCB5,AC,False,True,4000,40.68352,-73.8726,False
752390,570 Food,570 Food Corp,570 Van Siclen Ave,11207,305,BKCB5,AC,False,True,,40.6657,-73.88852,False
752386,Crave Brooklyn,Crave Brooklyn Inc,187 Skillman Street ###,11205,303,BKCB3,AC,False,True,1300,40.69251,-73.95669,False
752375,J & C Deli Food Ny,J & C Deli Food Ny Corp,1293 Bushwick Ave,11207,304,BKCB4,AC,False,True,,40.68658,-73.91302,False
752371,H & S Deli And Grill,H & S Deli And Grill Corp,284 Utica Ave,11213,309,BKCB9,AC,False,True,1000,40.66831,-73.93117,False
752365,Bay Parkway Deli,Bay Parkway Deli Corp,8508 Bay Parkway,11214,311,BKCB11,AC,False,True,,40.60234,-73.99341,False
752362,Double Harvest Market,Double Harvest Market Inc,5605 8Th Ave,11220,312,BKCB12,AC,False,True,2000,40.63757,-74.00737,False
752361,B&H Kosher Bakery,B&H Kosher Bakery Inc,188 Lee Avenue,11211,301,BKCB1,ABC,True,True,,40.70236,-73.9562,False
752356,Maress Express Deli Grocery,Maress Express Deli Grocery Corp,2952 Avenue X,11235,315,BKCB15,AC,False,True,1800,40.5938,-73.93942,False
752334,Bagan Sushi,A&P Sushi Llc,325 Lafayette Ave ###,11238,302,BKCB2,AC,False,True,500,40.68855,-73.96284,False
752293,Best Care Pharmacy Of New York,Best Care Pharmacy Of New York Inc,2347 65Th St,11204,311,BKCB11,A,False,False,300,40.61178,-73.97799,False
752281,Carolin Grocery,Carolin Grocery Corp,1276 Flatbush Ave,11226,314,BKCB14,AC,False,True,,40.63904,-73.9542,False
752278,Wize Organic Market,Wize Organic Market Inc,505 Union Ave,11211,301,BKCB1,AC,False,True,3000,40.71584,-73.95192,False
752277,Zedine Deli & Grocery,Zedine Deli And Grocery Corp,909 Livonia Ave,11207,305,BKCB5,AC,False,True,,40.66631,-73.88346,False
752242,Bottega Good Food,Bottega Good Food Llc,91 West End Avenue,11235,315,BKCB15,A,False,False,700,40.57941,-73.95337,False
752193,Bergen Minimarket,Bergen Minimarket Corp,1664 Bergen Street,11213,308,BKCB8,AC,False,True,1200,40.67488,-73.9275,False
752181,Kim'S Marine Park Deli & Grocery,Kims Marine Park Deli & Grocery Corp,3509 Avenue S,11234,318,BKCB18,AC,False,True,1600,40.60944,-73.9318,False
752170,Halal Food Deli,Halal Food Deli Corp,570 Hancock Street,11233,303,BKCB3,AC,False,True,,40.68452,-73.93269,False
752168,Express Blake Deli,Express Blake Deli Corp,1108 Blake Ave,11208,305,BKCB5,AC,False,True,,40.67045,-73.87717,False
752160,New Town Deli And Grill,New Town Deli And Grill Corp,354 Kings Highway,11223,311,BKCB11,AC,False,True,1250,40.60478,-73.97721,False
752142,Bolla 1193 Myrtle Ave,Bolla Operating Corp,1193 Myrtle Ave,11221,304,BKCB4,AC,False,True,,40.69725,-73.93283,False
752139,Bolla 1152 Utica Ave C-Store,Bolla Operating Corp,1152 Utica Ave,11203,317,BKCB17,AC,False,True,,40.64507,-73.92995,False
752130,Dumbo Market,Jjj Fish Inc,205 Smith St,11201,306,BKCB6,AC,False,True,,40.68501,-73.99164,False
752113,Bukhari Grocery & Halal,Bukhari Inc,750 Coney Island Ave,11218,312,BKCB12,AC,False,True,800,40.63929,-73.96881,False
752112,Lmx Sunny Laundry&Clean,Lmx Sunny Laundry&Clean Inc,7523 New Utrecht Ave,11214,311,BKCB11,A,False,False,,40.61513,-74.00014,False
752099,Figland Market,Boro Med Corp,6512 14Th Ave,11219,310,BKCB10,AC,False,True,12000,40.62432,-73.99969,False
752077,Your Pasta,Your Pasta Llc,630 Flushing Ave Ste 5149 ##,11206,303,BKCB3,AC,False,True,,40.69994,-73.94869,False
752072,Mercado Central,Bodega Central Llc,354 Degraw Street   ###,11231,306,BKCB6,AC,False,True,600,40.683,-73.99328,False
752001,Sabaneta 046 Grocery,Sabaneta 046 Grocery Corp,1068 Nostrand Ave,11225,309,BKCB9,AC,False,True,,40.66196,-73.95074,False
751994,Ashford Express Deli,Ashford Express Deli Corp,797 A Stanley Ave. Num A,11207,305,BKCB5,AC,False,True,,40.66139,-73.87911,False
751984,1436 Deli,1436 Deli Corp,1436 Myrtle Ave,11237,304,BKCB4,AC,False,True,1000,40.69891,-73.9173,False
751959,13 Star Deli And Grocery,13 Star Deli And Grocery 1 Corp,536 Ralph Ave,11233,316,BKCB16,AC,False,True,,40.67113,-73.92236,False
751947,6902 D Heights Deli & Grocery,6902 D Heights Deli & Grocery Corp,6902 13Th Avenue,11228,310,BKCB10,AC,False,True,,40.6236,-74.00399,False
751946,Skyline Deli & Grill,Skyline Deli & Grill Corp,89 Montague St,11201,302,BKCB2,AC,False,True,,40.69517,-73.99568,False
751929,Stillwell 86 Deli&Grill,Stillwell 86 Deli&Grill Inc,2570 86Th St,11214,311,BKCB11,AC,False,True,,40.59687,-73.98545,False
751903,Wild Sushi,Wild Sushi Corp,200 Schermerhorn St ##(Brkln Fare),11201,302,BKCB2,AC,False,True,,40.68879,-73.98557,False
751856,Associated Market Place,Hartland Supermarket Llc,605 Hart Street,11221,304,BKCB4,AC,False,True,9400,40.69784,-73.92775,False
751851,Havemeyer Convenience Store,Havemeyer Convenience Store Inc,149 Havemeyer St,11211,301,BKCB1,A,False,False,600,40.71175,-73.95743,False
751849,Stop One Supermarket,Stop One Fresh Grocery Corp,624 Wilson Ave,11207,304,BKCB4,AC,False,True,,40.68944,-73.90593,False
751840,Las Maria Deli,Las Maria Deli Corp,889 Sutter Ave,11207,305,BKCB5,AC,False,True,,40.67079,-73.88567,False
751833,18Th Gourmet Deli And Grill,18Th Gourmet Deli And Grill Inc,6318 18Th Ave,11204,311,BKCB11,AC,False,True,3000,40.61992,-73.98939,False
751820,Y&A Halal Meat & Grocery Market,Y&A Halal Meat & Grocery Market Inc,4722 8Th Ave,11220,312,BKCB12,AC,False,True,1200,40.64239,-74.00236,False
751767,Ms Deli,Ms Deli Corp,1961 Fulton St ###,11233,303,BKCB3,AC,False,True,1000,40.67859,-73.91662,False
751761,Shaks Deli,Shaks Deli Corp,502 Clarkson Ave ####,11203,317,BKCB17,AC,False,True,,40.65584,-73.94276,False
751734,Aden Deli Grocery And More,Aden Deli Grocery And More Corp,5923 4Th Avenue,11220,307,BKCB7,AC,False,True,,40.64092,-74.01824,False
751719,Dashmart Bnk-2,Doordash Essentials Llc,285 Kings Hwy,11223,311,BKCB11,A,False,False,7339,40.60515,-73.97999,False
751704,Renette Raymond,Renette Raymond,2123 Caton Avenue -,11226,314,BKCB14,AC,False,True,,40.65288,-73.95956,False
751695,Food Universe,Brands Food Sellers 2 Inc The,237-243 Avenue U,11223,311,BKCB11,AC,False,True,8000,40.59898,-73.97578,False
751676,215 Finest Deli & Grill,215 Finest Deli & Grill Corp,215 4Th Ave,11215,306,BKCB6,AC,False,True,,40.67726,-73.98306,False
751675,Ave Y Gourmet Basket And Grill,Ave Y Gourmet Basket And Grill Inc,3773 Nostrand Ave,11235,315,BKCB15,AC,False,True,4000,40.59185,-73.94021,False
751670,H&H 4023 Deli Grocery,H&H 4023 Deli Grocery Inc,4023 8Th Avenue###,11232,312,BKCB12,A,False,False,,40.64624,-73.99836,False
751664,Coney Island Discount,Coney Island Discount Inc,2753 Coney Island Avenue ####,11235,315,BKCB15,A,False,False,,40.58927,-73.9605,False
751657,Arif Discount Mart,Arif Discount Mart Inc,661 Classon Ave,11238,308,BKCB8,A,False,False,2000,40.67776,-73.95902,False
751654,Bp,Rattan Petroleum 2 Inc,677 Kent Avenue  ###,11249,301,BKCB1,A,False,False,800,40.70074,-73.96266,False
751641,M9 Deli,3902 Deli Corp,3902 9Th Avenue,11232,312,BKCB12,AC,False,True,,40.64584,-73.9952,False
751624,Bfk Grocery,Bfk Grocery Corp,546 Midwood Street,11203,309,BKCB9,AC,False,True,,40.66063,-73.94221,False
751603,Best Buy 24Hr Bagels,Best Buy 24Hr Bagels Corp,2809 Cropsey Ave ###,11214,313,BKCB13,AC,False,True,,40.58621,-73.98809,False
751600,Day & Night Convenience,Day & Night Convenience Ii Corp,186 Scholes St Store A,11206,301,BKCB1,AC,False,True,,40.70894,-73.94159,False
751593,New Leader Halal Meat,New Leader Halal Meat 1 Copr,4702 Third Ave,11220,307,BKCB7,AC,False,True,1500,40.64935,-74.01306,False
751581,Jaiden Grocery,Jaiden Grocery Inc,276 Albany Ave,11213,308,BKCB8,AC,False,True,1000,40.67122,-73.93924,False
751574,Strawberry Field Market,Ask Grocery Inc,4504 5Th Ave,11220,307,BKCB7,AC,False,True,3000,40.64775,-74.00755,False
751525,Aj World Trading,Aj World Trading Inc,7010 18Th Ave,11204,311,BKCB11,AC,False,True,2000,40.61604,-73.9933,False
751524,18Th Ave Bagels,18Th Ave Bagels Corp,7015 18Th Ave,11204,311,BKCB11,AC,False,True,1200,40.61591,-73.99343,False
751492,Fragrance Grocery & 99C Plus,Fragrance Grocery & 99C Plus Inc,8019 18Th Avenue ####,11214,311,BKCB11,A,False,False,,40.61009,-73.99934,False
751491,Paradise 786 Grocery,Paradise 786 Grocery Incorporated,2159 Bath Ave,11214,311,BKCB11,AC,False,True,,40.59884,-73.99776,False
751488,Black Star Vinyl,Halsey & Lewis Llc,480A Madison Street ###,11221,303,BKCB3,AC,False,True,500,40.68602,-73.93889,False
751465,E Y A Deli Grocery,E Y A Deli Grocery Corp,463 Liberty Ave,11207,305,BKCB5,AC,False,True,,40.67498,-73.89262,False
751386,Sam Do Supermarket,Sam Do Supermarket Corp,237 Rogers Ave,11225,309,BKCB9,AC,False,True,,40.66837,-73.95341,False
751378,Trader Joe'S,Trader Joe'S East Inc,200 Kent Avenue,11249,301,BKCB1,A,False,False,,40.71782,-73.96438,False
751370,1872 Fulton Deli & Grocery,1872 Fulton Deli & Grocery 1 Corp,1872 Fulton Street,11233,303,BKCB3,AC,False,True,,40.67904,-73.92476,False
751369,242 Gourmet Deli,242 Gourmet Deli Inc,242 Central Avenue,11221,304,BKCB4,AC,False,True,,40.69722,-73.92366,False
751354,Madison Deli & Grill,Madison Deli & Grill Ny Corp,383 Nostrand Ave ###,11216,303,BKCB3,AC,False,True,2000,40.68461,-73.95041,False
751243,Wild Sushi,Wild Sushi Corp,72 Wyckoff Ave  ###,11237,304,BKCB4,AC,False,True,,40.7049,-73.92018,False
751229,Omega Sea World,Sister Seafood Corp,93 Rockaway Parkway,11212,317,BKCB17,AC,False,True,1200,40.66411,-73.92343,False
751223,Zahra Halal Meat,Zahra Halal Meat I Corp,6926 5Th  Ave,11209,310,BKCB10,AC,False,True,,40.63285,-74.02125,False
751213,Urban Market,Urban Market Corp,1212 Avenue M  ###,11230,314,BKCB14,A,False,False,1500,40.61776,-73.96228,False
751212,Shlomies Bake Shop,Shloms Heimish Corporation,744 Bedford Avenue  ###,11205,303,BKCB3,AC,False,True,,40.69849,-73.95693,False
751203,Khaled Deli Grocery,Khaled Deli Grocery Corp,1502 Neptune Ave,11224,313,BKCB13,AC,False,True,,40.57898,-73.98334,False
751181,Continental Meat,Continental Glatt Meat Corp,744 Bedford Ave,11205,303,BKCB3,AC,False,True,800,40.69849,-73.95693,False
751180,Crispies Deli,Deli & More Inc,744 Bedford Ave ##,11205,303,BKCB3,AC,False,True,,40.69849,-73.95693,False
751179,Ocean Fresh,Ocean Fresh Fish Inc,744 Bedford Ave ###,11205,303,BKCB3,AC,False,True,500,40.69849,-73.95693,False
751172,D&J Grocery Spanish Food Inc,D&J Grocery Spanish Food Inc,927 Grand Street,11211,301,BKCB1,AC,False,True,,40.71282,-73.93709,False
751161,Gourmet Deli & Grill Zone,Gourmet Deli & Grill Zone Inc,629 Church Ave,11218,312,BKCB12,AC,False,True,,40.64542,-73.97315,False
751136,Anaya Pharmacy,Shandar Pharmacy Inc,3064 Coney Island Ave Store 4 ###,11235,313,BKCB13,A,False,False,800,40.58141,-73.9599,False
751118,All Halal Meat,All Halal Meat Inc,4112 18Th Ave,11218,314,BKCB14,AC,False,True,500,40.63182,-73.97485,False
751106,Rochester Gourmet,Rochester Gourmet Corp,22 Rochester Ave,11233,303,BKCB3,AC,False,True,,40.67831,-73.92745,False
751085,Carniceria Prime Ribs,Carniceria Prime Ribs Inc,7214 3Rd Avenue,11209,310,BKCB10,AC,False,True,,40.63312,-74.02711,False
751073,Hermanos Deli And Grocery,Hermanos Deli And Grocery Corp,3142 Fulton St,11208,305,BKCB5,AC,False,True,,40.68177,-73.87885,False
751072,Fantasy Deli Grocery,Fantasy Deli Grocery Corp,49 Kingsland Ave,11211,301,BKCB1,AC,False,True,,40.71778,-73.94031,False
751070,Garden Gourmet Deli,Garden Gourmet Deli I Corp,570 Albany Ave,11203,309,BKCB9,AC,False,True,,40.66067,-73.9398,False
751057,Gourmet Deli Grocery 3,Gourmet Deli Grocery 3 Corp,1098 Clarkson Ave,11212,317,BKCB17,AC,False,True,,40.65997,-73.92191,False
751047,511 Church Deli Grill,511 Church Deli Grill Corp,511 Church Avenue,11218,312,BKCB12,AC,False,True,,40.64457,-73.97529,False
751046,Leternel Mon Berger Variety Store,Saintilus Fenol,2123 Caton Avenue -,11226,314,BKCB14,AC,False,True,,40.65288,-73.95956,False
751045,Atlixco De Las Flores,Aguilar Martinez Rufino,404 B 50Th St,11220,307,BKCB7,AC,False,True,,40.64626,-74.01223,False
751041,Great City Trading,Great City Trading Inc,6814 20Th Ave,11204,311,BKCB11,A,False,False,,40.6145,-73.98796,False
751036,Kats New York Deli,Kats New York Deli Corp,416 Lewis Ave,11233,303,BKCB3,AC,False,True,1000,40.68117,-73.93469,False
751031,612 Supermarket,612 Supermarket Corp,612 Nostrand Ave,11216,308,BKCB8,AC,False,True,,40.67755,-73.94977,False
751029,Sd4 Deli Grocery,Sd4 Deli Grocery Corp,545 Marcy Ave,11206,303,BKCB3,AC,False,True,1200,40.69645,-73.94943,False
751026,Deli Mini Market & Food,Deli Mini Market And Food Inc,1763 Pitkin Ave #A,11212,316,BKCB16,AC,False,True,,40.67009,-73.9081,False
751023,Aramco Mini Market,Aramco Mini Market Corp,168 Liberty Ave,11212,316,BKCB16,AC,False,True,,40.67327,-73.90408,False
750987,West 6 Snacks,West 6 Snacks Inc,1313 West 6Th Street,11204,311,BKCB11,A,False,False,,40.61286,-73.98066,False
750971,Health Plus Drugs,Health Plus Drugs Inc.,1231 Fulton Street,11216,303,BKCB3,A,False,False,1500,40.68054,-73.95227,False
750922,W 10Th Convenience Store,W 10Th Convenience Store Inc.,97 Quentin Rd,11223,311,BKCB11,A,False,False,250,40.60552,-73.98293,False
750905,Mh Dilshad Halal Meat & Grocery Store,Mh Dilshad Halal Meat & Grocery Store In,5912 Ft Hamilton Pkwy,11219,312,BKCB12,AC,False,True,800,40.6333,-74.00522,False
750865,International Food Noba,International Food Nobati Inc,1323 E 18Th St,11230,314,BKCB14,AC,False,True,800,40.61817,-73.95715,False
750826,M A Pasha Super Convenience,M A Pasha Super Convenience Inc,1818 Bath Ave,11214,311,BKCB11,AC,False,True,1200,40.6035,-74.00544,False
750824,Nature Market 2,Nature Market 2 Corp,344 Greene Ave,11238,303,BKCB3,AC,False,True,1500,40.68768,-73.95722,False
750819,Deli Vision,Deli Vision 1065 Grocery Corp,1065 Liberty Ave,11208,305,BKCB5,AC,False,True,,40.67828,-73.86985,False
750805,Adelay Deli Grocery,Adelay Deli Grocery Inc,1861 Pitkin Avenue,11212,316,BKCB16,AC,False,True,1000,40.67069,-73.90406,False
750785,Key Food,Utrecht Food Corp,7000 Utrecht Avenue,11228,311,BKCB11,AC,False,True,,40.61975,-73.99909,False
750766,Wyckoff Garden Deli,Wyckoff Garden Deli And More Corp,164 Nevins Street,11217,302,BKCB2,AC,False,True,1000,40.68364,-73.98432,False
750761,Rushil Deli & Grocery,Rushil Deli & Grocery Inc,260 Nassau Avenue,11222,301,BKCB1,AC,False,True,,40.72595,-73.94086,False
750759,Bakers Best,Bakers Best Llc,961 Elton St ##,11208,305,BKCB5,AC,False,True,,40.65967,-73.87635,False
750708,X&Y Grocery,X&Y Grocery Inc,6820 14Th Ave ###,11219,311,BKCB11,A,False,False,,40.62246,-74.0016,False
750683,Joy Deli & Mini Mart,Joy Deli & Mini Mart Inc,1617 Bay Ridge Parkway,11204,311,BKCB11,AC,False,True,,40.61599,-74.00027,False
750660,Skf Deli & Grill,Skf Deli & Grill Corp,4421 New Utrecht Ave,11219,312,BKCB12,AC,False,True,,40.64003,-73.99434,False
750604,Super Star Bebe Mini Market,Super Star Bebe Mini Market Corp,2741 Fulton Street Store #2,11207,305,BKCB5,A,False,False,700,40.67779,-73.89333,False
750567,7 Eleven Store #35049B,35049B Store Inc,2474 Flatbush Avenue ###,11234,318,BKCB18,AC,False,True,2000,40.61,-73.92288,False
750565,7 Eleven Store #32117C,32117C Store Inc,8813 4Th Avenue ###,11209,310,BKCB10,AC,False,True,1500,40.62072,-74.02921,False
750551,Midwood Deli Grill,Midwood Deli Grill Inc,1506 Elm Ave,11230,314,BKCB14,AC,False,True,1500,40.61785,-73.95984,False
750541,Jubilee Marketplace,356 Bedford Marketplace Corp,356 Bedford Ave,11249,301,BKCB1,AC,False,True,,40.7121,-73.96281,False
750496,M N M Deli And Grocery,M N M Deli And Grocery Corp,3139 Fulton Street,11208,305,BKCB5,AC,False,True,1500,40.68177,-73.87885,False
750488,Gourmet Flaming Grill,Gourmet Flaming Grill Inc,8620 4Th Ave,11209,310,BKCB10,AC,False,True,,40.62223,-74.0286,False
750484,Fatima Variety Store,Marie A St Fleur,2123 Caton Ave,11226,314,BKCB14,AC,False,True,,40.65288,-73.95956,False
750477,Amishapara Bazar,Amishapara Bazar Inc,88 Church Ave,11218,312,BKCB12,AC,False,True,1200,40.64255,-73.98003,False
750476,Omg Deli And Grocery,Omg Deli And Grocery Corporation,2127 Pitkin Ave,11207,305,BKCB5,AC,False,True,,40.67222,-73.89381,False
750472,Jubilee Market Place,145 West Marketplace Inc,145 West St,11222,301,BKCB1,AC,False,True,14000,40.73215,-73.95964,False
750471,A&D Turkish Halal Meat & Grocery Market,Vanilla Gourmet Ny Corp,7921 5Th Avenue,11209,310,BKCB10,AC,False,True,2000,40.6259,-74.02411,False
750414,Alsaidi Food Salad Juice,Alsaidi Food Salad Juice Corp,767 4Th Ave,11232,307,BKCB7,AC,False,True,,40.65978,-73.99861,False
750406,Johnny Super Deli,Johnny Super Deli Inc,860 New Lots Ave,11208,305,BKCB5,AC,False,True,700,40.66792,-73.87909,False
750402,December Kay,December Kay Llc,180 Montague St #1 ##,11201,302,BKCB2,AC,False,True,,40.69413,-73.99183,False
750397,Croissant Deli & Grocery,Croissant Deli & Grocery Inc,690 East New York Ave,11203,309,BKCB9,AC,False,True,,40.66223,-73.9398,False
750373,Deli Grocery Guatemalteco Candy,Deli Grocery Guatemalteco Candy Corp,6601 15Th Avenue,11219,311,BKCB11,AC,False,True,1500,40.62265,-73.99781,False
750367,1919 Deli Grill & Grocery,1919 Deli Grill & Grocery Corp,1919 Cropsy Ave,11214,311,BKCB11,AC,False,True,,40.60111,-74.00449,False
750340,Shop Fair Supermarket,J&M Meat Market Inc,1101-1123 Myrtle Ave,11206,303,BKCB3,AC,False,True,,40.69678,-73.93704,False
750303,82Nd Deli & Grocery,82Nd Deli & Grocery Inc,8126 5Th Ave,11209,310,BKCB10,AC,False,True,,40.62449,-74.02468,False
750296,Produce On P,Fresh Produce 33 Inc,470 Ave P,11223,312,BKCB12,AC,False,True,2000,40.60914,-73.97012,False
750291,Fresh Deli & Grill,1 Fresh Deli & Grill Corp,3079 Fulton Street,11208,305,BKCB5,AC,False,True,1000,40.68107,-73.88119,False
750287,Trykers,Trykers Inc,265 Avenue X,11223,315,BKCB15,AC,False,True,1300,40.59022,-73.97309,False
750286,Alex Deli Food,Alex Deli Food Corp,1872 Bergen St,11233,316,BKCB16,AC,False,True,,40.67443,-73.91931,False
750280,Hemo Coffee,Hemo Coffee Corp,6927 5Th Ave,11209,310,BKCB10,AC,False,True,800,40.63273,-74.02129,False
750278,Good Times Deli & Grocery,Good Times Deli & Grocery Corp,857 Greene Ave,11221,303,BKCB3,AC,False,True,1000,40.6904,-73.9337,False
750274,Love Stop Deli And Grocery,Love Stop Deli And Grocery Corp,759 New Lots Ave,11207,305,BKCB5,AC,False,True,,40.66611,-73.8833,False
750250,Showroom Bakehouse The,Pop Shop Brooklyn Llc,162 7Th Avenue,11215,306,BKCB6,ABCD,True,True,1200,40.67202,-73.97729,False
750245,Farm To People,Farm To People Llc,1100 Flushing Ave,11237,301,BKCB1,AC,False,True,17000,40.70527,-73.92734,False
750201,205 Meat/Dumbo Market,205 Meat Corp,205 Smith Street,11201,306,BKCB6,AC,False,True,,40.68501,-73.99164,False
750173,A&J Deli Market,A&J Deli Market Corp,5004 3Rd Avenue,11220,307,BKCB7,AC,False,True,500,40.64763,-74.01487,False
750143,Mr Happy Deli,Mr Happy Deli Corp,1166 Elton St,11239,305,BKCB5,AC,False,True,,40.65596,-73.87369,False
750117,H & D Grocery Store,H & D Grocery Store Inc,6420 11Th Ave,11219,310,BKCB10,A,False,False,600,40.62884,-74.00572,False
750114,Sam Live Poultry,Starr Meat Market Corp,39 St. Nicholas Avenue,11237,304,BKCB4,AC,False,True,600,40.70724,-73.92119,False
750112,Marcus Market,Piggy Meat Corp,301 Marcus Garvey Blvd,11221,303,BKCB3,A,False,False,,40.68728,-73.93889,False
750111,Ai Fresh,Ai Fresh Inc,6513 20Th Ave 1 Fl,11204,311,BKCB11,A,False,False,800,40.61617,-73.9862,False
750083,Kunpeng Grocery,Kunpeng Grocery Inc,6318 11Th Avenue,11219,310,BKCB10,A,False,False,,40.62946,-74.00507,False
750081,Seven Stars,7 Stars Seafood Market Inc,1706 Church Avenue,11226,314,BKCB14,AC,False,True,,40.64918,-73.96371,False
750048,Contreras Deli Grocery,Contreras Deli Grocery Corp,29 Kingsland Ave,11211,301,BKCB1,AC,False,True,1500,40.71698,-73.94022,False
750047,Garden Market,Garden Market Ii Corp,162 Nassau Ave,11222,301,BKCB1,AC,False,True,,40.72511,-73.94671,False
750040,Julitin Deli Grocery,Julitin Deli Grocery Corp,1290 Sutter Ave,11208,305,BKCB5,AC,False,True,,40.67298,-73.8705,False
750038,Lincoln Deli And Smoke Shop,Lincoln Deli And Smoke Shop Corp,41 Lincoln Rd,11225,309,BKCB9,AC,False,True,,40.66079,-73.96148,False
750036,Uncle Steves Marketplace,Diprice Inc,8702 4Th Ave. ###,11209,310,BKCB10,AC,False,True,3000,40.62192,-74.02873,False
750019,Jay Sushi,Jay Sushi Inc,1134 Fulton St. ###,11216,303,BKCB3,AC,False,True,200,40.68101,-73.95509,False
750017,Papin Mini Market,Papin Mini Market Corp,259 Patchen Ave ###,11233,303,BKCB3,AC,False,True,,40.68243,-73.92598,False
750011,Lincoln Market,Lm Iii Inc,1134 Fulton St,11216,303,BKCB3,AC,False,True,12000,40.68101,-73.95509,False
749985,Ceci Deli Grocery,Ceci Deli Grocery Corp,1789 Linden Blvd,11207,305,BKCB5,AC,False,True,,40.65794,-73.89631,False
749971,Nsa Deli,Nsa Deli Inc,588 Hegeman Avenue,11207,305,BKCB5,AC,False,True,,40.66069,-73.88989,False
749961,Andrews Deli Grocery,Andrews Deli Grocery Llc,6816 3Rd Ave,11220,310,BKCB10,AC,False,True,1200,40.63624,-74.02585,False
749937,Victoria Grocery Ny,Victoria Grocery Ny Corp,285 E 91 Street,11212,317,BKCB17,AC,False,True,1000,40.65801,-73.92444,False
749905,Phils Trading,Phils Trading Inc,2521 Atlantic Ave,11207,305,BKCB5,ACK,False,True,3200,40.67572,-73.90122,False
749884,Canarsie Fish Market,Ob Fish Market Inc,1433 Rockaway Pkwy,11236,318,BKCB18,AC,False,True,1200,40.64501,-73.90215,False
749798,New King Fish Market,New King Fish Market Inc,1315 Fulton St,11216,303,BKCB3,AC,False,True,1200,40.68035,-73.94875,False
749782,565 Lenox Deli,565 Lenox Deli Corp,565 Lenox Rd,11203,317,BKCB17,AC,False,True,,40.65478,-73.93959,False
749756,Fine Fare Supermarket,Franton Food Corp,1498 Flatbush Avenue ###,11210,314,BKCB14,AC,False,True,,40.63424,-73.94914,False
749752,Dilone Mini Market,Dilone Mini Market Inc,2837 Fulton Street,11207,305,BKCB5,AC,False,True,,40.67836,-73.88972,False
749750,Amin Deli Grocery,Amin Deli Grocery Corp,801 Franklin Ave,11238,308,BKCB8,AC,False,True,,40.67165,-73.9576,False
749749,Karibean Deli,Karibean Deli Corp,577 New Lots Ave,11207,305,BKCB5,AC,False,True,,40.66433,-73.88742,False
749698,Jm Deli & Grill,Jm Deli & Grill Inc,282 Broadway,11211,301,BKCB1,AC,False,True,800,40.70865,-73.95855,False
749680,Downtown Organic Market,Downtown Organic Market Inc,24 4Th Ave ####,11217,302,BKCB2,AC,False,True,3000,40.68393,-73.97862,False
749672,Jiggas Jerk Spot,Jiggas Jerk Spot Llc,297 Legion Street,11212,316,BKCB16,AC,False,True,,40.66131,-73.9164,False
749604,O&J Grocery & Discount,O&J Grocery & Discount Corp,4802 4Th Ave,11220,307,BKCB7,A,False,False,,40.64753,-74.01156,False
749601,Sky Gourmet Deli,Sky Gourmet Deli 1 Corp,3670 Nostrand Ave ####,11229,315,BKCB15,AC,False,True,1000,40.59458,-73.94075,False
749598,Deli Point,Deli Point Corp,145 Franklin Street,11222,301,BKCB1,AC,False,True,1800,40.73142,-73.95784,False
749579,Wholesome Bites,Mi Ranchito Corp,139 5Th Ave,11217,306,BKCB6,AC,False,True,,40.67829,-73.97918,False
749561,Family Dollar #32969,Family Dollar Stores Of New York Llc,1975 Utica Ave,11234,318,BKCB18,A,False,False,2500,40.62377,-73.92739,False
749539,Golden Dragon Market,Golden Dragon Market Corp,2223 86Th Street ##,11214,311,BKCB11,AC,False,True,1400,40.60151,-73.99317,False
749530,Yemeni House,Yemeni House Inc,6713 5Th Ave,11220,310,BKCB10,A,False,False,1000,40.63513,-74.02033,False
749528,Tas Market,Tas Market Corp,2520 Linden Blvd,11208,305,BKCB5,A,False,False,,40.66706,-73.871,False
749527,Yafa 99 Cents Plus,Yafa 99 Cents Plus Inc,309 Brighton Beach Ave  ##,11235,313,BKCB13,A,False,False,3000,40.57712,-73.96377,False
749525,Union Market Sushi,Rsj Group Corp,1535 Bedford Ave,11216,308,BKCB8,AC,False,True,,40.67063,-73.9551,False
749508,Sushi Room Ny,Sushi Room Ny Inc,701 39Th Street,11232,307,BKCB7,ACH,False,True,500,40.64851,-73.99933,False
749497,A-Rod Grocery,R & R Foods Corp,457 Myrtle Ave ###,11205,302,BKCB2,AC,False,True,,40.69329,-73.9672,False
749489,St Marks Deli,St Marks Deli Inc,975 St. Marks Ave,11213,308,BKCB8,AC,False,True,,40.67467,-73.93908,False
749461,Stuyvesant Market,Stuyvesant Market Inc,159 Chauncey St,11233,303,BKCB3,AC,False,True,,40.68045,-73.92916,False
749444,Satmar Meats Division Of Bp,Satmar Meats Division Of Bp Inc,4402 13Th Ave,11219,312,BKCB12,AC,False,True,6000,40.63772,-73.98931,False
749443,Ng Supermarket,Ng Supermarket Inc,507 Cortelyou Rd,11218,312,BKCB12,AC,False,True,1600,40.63839,-73.97427,False
749424,Organic Deli Food Mart,Organic Deli Food Mart Inc,2317 Voorhies Avenue,11235,315,BKCB15,AC,False,True,,40.58664,-73.94531,False
749410,Shing Hing Food,Shing Hing Food Inc,1811 Avenue U,11229,315,BKCB15,AC,False,True,2000,40.5992,-73.9529,False
749409,Enjoy My Bagels Store & Grocery,Enjoy My Bagels Store & Grocery Corp,959 4Th Avenue,11232,307,BKCB7,AC,False,True,1500,40.6538,-74.00485,False
749407,Bao Dynasty,Golden Steamer Bakery Llc,5906 8Th Avenue,11220,312,BKCB12,ABCH,True,True,2000,40.63589,-74.00912,False
749398,Park Deli,Park Deli 11 Corp,135 Park Ave,11205,302,BKCB2,AC,False,True,1000,40.69626,-73.97421,False
749382,Le French Tart Deli,Le French Tart Deli Inc,44 Henry St,11201,302,BKCB2,AC,False,True,2500,40.69963,-73.99196,False
749381,Dc Brooklyn Market,Dc Market U Corp,1701 Avenue U,11229,315,BKCB15,AC,False,True,4000,40.59905,-73.95433,False
749380,Maxwell Gift And Grocery,Maxwell Gift And Grocery Llc,406 Marcus Garvey Blvd,11216,303,BKCB3,AC,False,True,,40.68297,-73.93803,False
749362,25 Elm,25 Elm Inc,25 Elm Place,11201,302,BKCB2,AC,False,True,,40.68963,-73.98442,False
749356,Gopuff 554,Gb License Llc,835 Broadway,11206,304,BKCB4,A,False,False,2000,40.69913,-73.93905,False
749349,We Run 4U,We Run 4U Inc,6809 Fort Hamilton Pkwy,11219,310,BKCB10,AC,False,True,2000,40.629,-74.01168,False
749348,Kings 18Th Ave Grill Zone,Kings 18Th Ave Grill Zone Inc,7423 18Th Ave,11204,311,BKCB11,AC,False,True,1500,40.61352,-73.99585,False
749341,Sv Green Market,Sv Green Market Inc,769 Franklin Ave,11238,308,BKCB8,A,False,False,,40.67254,-73.95727,False
749340,Min Rong Supermarket,Min Rong Supermarket Inc,5611 8Th Ave  ###,11220,312,BKCB12,AC,False,True,,40.63749,-74.00746,False
749336,Big Night,Big Night Llc,154 Franklin St###,11222,301,BKCB1,A,False,False,500,40.73035,-73.95767,False
749295,Jalapa Jar,Upside247 Llc,141 Flushing Avenue,11205,302,BKCB2,ACH,False,True,2500,40.69786,-73.97121,False
749281,Ten Ichi Mart Ny,Ten Ichi Mart Ny Inc,188 Berry Street,11249,301,BKCB1,AC,False,True,,40.71653,-73.96124,False
749272,P & A Food Market,P And A Food Market Inc,978 Rutland Rd,11212,317,BKCB17,AC,False,True,2700,40.6622,-73.92712,False
749257,Sweet Garden Market,Sweet Garden Market Inc,6715 18Th Ave,11204,311,BKCB11,AC,False,True,2500,40.61759,-73.99174,False
749256,King Deli & Grill,King Deli & Grill 1 Corp,5601 2Nd Avenue,11220,307,BKCB7,AC,False,True,2000,40.64564,-74.02052,False
749251,Deli R Us,Deli R Us Corp,112 Cozine Ave,11207,305,BKCB5,AC,False,True,,40.65429,-73.88697,False
749250,Folks Deli,Folks Deli Corp,2964 Avenue X ####,11235,315,BKCB15,AC,False,True,,40.594,-73.93903,False
749249,Delicious Market Deli And Grill,Delicious Market Deli And Grill Corp,685 Gates Ave Suite 5,11221,303,BKCB3,AC,False,True,1200,40.68747,-73.93949,False
749213,King Gourmet Ave N Deli,King Gourmet Ave N Deli Inc,5803 Avenue N,11234,318,BKCB18,AC,False,True,1500,40.61944,-73.91898,False
749212,Oceana Deli And Grill,Oceana Deli And Grill Inc,1089 Brighton Beach Ave,11235,313,BKCB13,AC,False,True,1000,40.57804,-73.95702,False
749211,World Health Juice Bar Deli 2,World Health Juice Bar Deli 2 Corp,48 Ralph Ave,11221,303,BKCB3,AC,False,True,1500,40.68866,-73.92386,False
749210,L & D Deli Grocery,L & D Deli Grocery Corp,101 Kingston Ave,11213,308,BKCB8,AC,False,True,,40.67654,-73.9415,False
749204,Sof Deli,Sof Deli Corp,6803 3Rd Ave,11220,310,BKCB10,AC,False,True,2000,40.63626,-74.02584,False
749166,Babas Deli & Beer,Sakti Enterprise Inc,4016 5Th Ave   ###,11232,307,BKCB7,AC,False,True,1200,40.65029,-74.00492,False
749131,Chris Grocery Deli,Chris Grocery Deli Inc,59 Rockaway Avenue,11233,316,BKCB16,AC,False,True,,40.68108,-73.91138,False
749119,4 Brothers Food,4 Brothers Food Corp,631 Nostrand Ave,11216,308,BKCB8,AC,False,True,,40.67548,-73.94997,False
749105,Taste Rite Bakery,Taste Rite Bakery Llc,4723 Church Avenue,11203,317,BKCB17,AC,False,True,2500,40.65163,-73.93248,False
749102,Shoprite Deli,Shoprite Deli Corp,5802 4Th Avenue,11220,307,BKCB7,AC,False,True,1200,40.64193,-74.01738,False
749099,Greenpot,Amdp Corporation,86 Greenpoint Ave ###,11222,301,BKCB1,AC,False,True,500,40.72989,-73.95735,False
749080,Exclusive Meat Market,Imperial Meat Market Corp,2751 Ocean Ave,11229,315,BKCB15,AC,False,True,3500,40.59424,-73.95044,False
749075,Raed Food,Raed Food Corp,158 Van Buren St,11221,303,BKCB3,AC,False,True,2000,40.69045,-73.93969,False
749073,Nuthut,Brooklyn Fresh Nuts Corp,6920 5Th Ave,11209,310,BKCB10,AC,False,True,1000,40.63302,-74.02118,False
749038,Luna Park Food Corp,Luna Park Food Corp,1204 Neptune Ave,11224,313,BKCB13,AC,False,True,2500,40.57913,-73.97992,False
749035,Lewis Deli & Grocery,Lewis Deli & Grocery Corp,334 Lewis Ave,11221,303,BKCB3,AC,False,True,,40.68431,-73.93531,False
749032,La Mexicana Hidalguense,La Mexicana Hidalguense Corp,2835 Atlantic Ave ###,11207,305,BKCB5,AC,False,True,,40.67678,-73.88973,False
748981,Promise Food,Promise Food Corp The,4201 Farragut Rd,11203,317,BKCB17,AC,False,True,,40.63697,-73.9364,False
748964,La Trafila,La Trafila Llc,65 15Th Street 1St Fl,11215,307,BKCB7,AC,False,True,2500,40.66817,-73.99472,False
748936,Sha'S Mini Mart,Shas Mini Mart Inc,544 Hemlock Street###,11208,305,BKCB5,AC,False,True,,40.67559,-73.8691,False
748924,Brighton Gourmet Deli,Brighton Gourmet Deli Inc,606 Brighton Beach Ave ####,11235,313,BKCB13,AC,False,True,1500,40.57766,-73.96123,False
748881,Guang Ming Grocery,Guang Ming Grocery Inc,"4920 8Th Ave, 1 Flr",11220,312,BKCB12,A,False,False,1000,40.64128,-74.00352,False
748781,Inbox Convenient,Inbox Convenient Corp,2727 Crospey Ave. ###,11214,313,BKCB13,AC,False,True,,40.58786,-73.98941,False
748777,400 Organic And Natural,400 Organic And Natural Inc,113 South 6Th Street,11249,301,BKCB1,AC,False,True,,40.71056,-73.96408,False
748680,Foodsaver Ny,Marnock Llc,402 East 83Rd Street,11236,318,BKCB18,ACHD,False,True,4500,40.64303,-73.91783,False
748670,Tavola Italian Market,Slope Group Llc The,274 Court St,11231,306,BKCB6,AC,False,True,1500,40.68473,-73.99477,False
748666,Ranchadero Food,Ranchadero Food Corp,543 Evergreen Avenue,11221,304,BKCB4,AC,False,True,2500,40.68991,-73.91481,False
748662,Woodbine Natural Deli,Woodbine Natural Deli Inc,279 Woodbine St,11221,304,BKCB4,AC,False,True,1500,40.69587,-73.91345,False
748661,6Th Ave Deli Delight,6Th Ave Deli Delight Corp,7901 6Th Ave,11209,310,BKCB10,AC,False,True,1500,40.62495,-74.02155,False
748652,Flatbush Organic Market,Flatbush Organic Market Corp,713 Flatbush Avenue,11225,309,BKCB9,AC,False,True,,40.65575,-73.95989,False
748639,Gao Village,Gao Village Inc,5102 7Th Ave,11220,307,BKCB7,AC,False,True,600,40.64179,-74.00657,False
748628,La Tiendita Fruits & Vegetables,La Tiendita Fruits & Vegetables Corp,3914 9Th Ave,11232,312,BKCB12,AC,False,True,2500,40.64563,-73.99541,False
748621,T Deli & Grill,T Deli & Grill Corp,5401 Avenue T,11234,318,BKCB18,AC,False,True,,40.61294,-73.92207,False
748606,Ziggy Deli Grocery,Ziggy Deli Grocery Corp,407 Mothergaston Blvd,11212,316,BKCB16,AC,False,True,1000,40.66911,-73.90672,False
748603,Tenares Deli Ny,Tenares Deli Ny Corp,1468 Prospect Pl,11213,308,BKCB8,AC,False,True,1200,40.67311,-73.92775,False
748596,Edible Arrangements,Together Fams Inc,350 Broadway,11211,301,BKCB1,AC,False,True,1000,40.70771,-73.95587,False
748593,Lolo Grocery,Lolo Grocery Corp,212 Ralph Avenue,11233,303,BKCB3,AC,False,True,1800,40.68246,-73.92262,False
748587,Target Store T-3356,Target Corporation,8973-95 Bay Pkwy,11214,311,BKCB11,AC,False,True,20000,40.59359,-74.00072,False
748586,Target Store T-3326,Target Corporation,5200 Kings Hwy Ste A,11234,318,BKCB18,AC,False,True,,40.63627,-73.92688,False
748560,Coco Island Mart,Coco Island Mart Inc,1514 86Th Street,11228,311,BKCB11,AC,False,True,,40.61117,-74.00909,False
748559,Luxury Discount,Best Power In Proce Corp The,675 Glenmore Avenue,11207,305,BKCB5,AC,False,True,,40.67479,-73.88522,False
748554,Sam'S Deli X-Press,Sams Deli X-Press Corp,1268-B Myrtle Avenue,11221,304,BKCB4,AC,False,True,300,40.69794,-73.92659,False
748548,Nature Deli,Nature Deli Corp,228 Livingston St ###,11201,302,BKCB2,AC,False,True,,40.68934,-73.98496,False
748544,Nostrand Health Pharmacy,Nostrand Health Pharmacy Inc,3901 Nostrand Ave,11235,315,BKCB15,A,False,False,1000,40.58859,-73.9396,False
748542,Lucky 4502 Grocery,Lucky 4502 Grocery Inc,4502 6Th Avenue,11220,307,BKCB7,A,False,False,1000,40.64649,-74.00529,False
748534,Stori Caribbean Food Store,Terrane Marie M,1860 Nostrand Ave ###,11226,317,BKCB17,AC,False,True,800,40.64032,-73.94843,False
748515,Asian Grocery And Halal,Asian Grocery And Halal Meat Corp,1086 Coney Island Ave,11230,314,BKCB14,AC,False,True,800,40.63121,-73.96646,False
748513,King 18 Deli & Grill,King 18 Deli & Grill Corp,4416 18Th Ave,11204,312,BKCB12,AC,False,True,1500,40.63051,-73.97763,False
748508,Chorizos Meat,Chorizos Meat Corp,5822 5Th Avenue,11220,307,BKCB7,AC,False,True,1000,40.64019,-74.01541,False
748503,Uncle Joe Deli And Grocery,Uncle Joe Deli And Grocery Corp,3323 Church Ave,11203,317,BKCB17,AC,False,True,1200,40.65097,-73.94585,False
748496,Boarder Deli & Grocery,Boarder Deli & Grocery Inc,881 5Th Ave,11232,307,BKCB7,AC,False,True,800,40.65151,-74.00364,False
748490,Al-Fatah Grocery & Halal Meat,Al-Fatah Grocery And Halal Meat Inc,1838 Bath Ave,11214,311,BKCB11,AC,False,True,1200,40.60326,-74.00499,False
748488,534 Grant Grocery,534 Grant Grocery Inc,534 Grant Avenue,11208,305,BKCB5,AC,False,True,,40.67771,-73.86579,False
748483,34 New York Finest Deli,34 New York Finest Deli Corp,920 4Th Ave,11232,307,BKCB7,AC,False,True,2000,40.65539,-74.00339,False
748480,Jarabacoa Nice Deli & Grocery,Jarabacoa Nice Deli & Grocery Corp,605 Sutter Avenue,11207,305,BKCB5,AC,False,True,,40.66918,-73.89655,False
748477,Cissco N De Fino Deli Grocery,Cissco N De Fino Deli Grocery Corp,510 Riverdale Avenue,11207,305,BKCB5,AC,False,True,,40.66263,-73.89761,False
748463,City Food Corp I,City Food Corp I,2789 86Th Street,11223,315,BKCB15,AC,False,True,1500,40.59325,-73.97945,False
748457,El Castillo Tienda Mexicana Y Jugo Natur,El Castillo Tienda Mexicana Y Jugo Natur,136 Avenue U ####,11223,311,BKCB11,AC,False,True,1000,40.59633,-73.97922,False
748452,97 Organic Deli,97 Organic Deli Corp,97 Franklin St,11222,301,BKCB1,AC,False,True,2500,40.72928,-73.9575,False
748425,Los Dos Carnales,Los Dos Carnales Corp,4802 Avenue N,11234,318,BKCB18,AC,False,True,2000,40.61885,-73.92868,False
748362,Ralph Deli Grocery,Ralph Deli Grocery Corp 1,146 Ralph Ave,11233,303,BKCB3,AC,False,True,2000,40.685,-73.92313,False
748361,Eat Fresh Deli Grocery,Eat Fresh Deli Grocery Corp,1724 Church Ave,11226,314,BKCB14,AC,False,True,,40.64936,-73.96326,False
748343,Pueblas Deli Grocery,Pueblas Deli Grocery Corp,1712 Avenue M,11230,314,BKCB14,AC,False,True,2000,40.61827,-73.95769,False
748337,Ak Grocery 59,Ak Grocery 59 Inc,5901 18Th Ave,11204,312,BKCB12,A,False,False,,40.62249,-73.9868,False
748334,Jayran Deli Grocery,Jayran Deli Grocery Inc,1050 Dean Street,11216,308,BKCB8,AC,False,True,1400,40.67753,-73.95532,False
748324,Healthy Way,Rs Organic Market Llc,265 Bedford Ave ##,11211,301,BKCB1,AC,False,True,,40.71479,-73.96101,False
748323,7Th Ave Deli & Grill,7Th Ave Deli & Grill Inc,7907 7Th Ave,11228,310,BKCB10,AC,False,True,2000,40.62334,-74.0192,False
748316,J & C Deli Grocery,J & C Deli Grocery Corp,1293 Bushwick Ave,11207,304,BKCB4,AC,False,True,,40.68658,-73.91302,False
748297,Lang Qi Foods Supermarket,Lang Qi Foods Supermarket Inc,710-712 57Th Street,11220,307,BKCB7,AC,False,True,4500,40.63832,-74.00968,False
748294,Ch Butcher,Ch Butcher Inc,334 Albany Ave,11213,309,BKCB9,AC,False,True,,40.66848,-73.9395,False
748288,Brownsville Gourmet Deli Plus,Brownsville Gourmet Deli Plus Corp,489 Rockaway Ave,11212,316,BKCB16,AAC,False,True,2000,40.6679,-73.91011,False
748286,18 Ave Supermarket,18 Ave Supermarket Inc,1811 86Th Street,11214,311,BKCB11,AC,False,True,3500,40.60704,-74.00228,False
748274,Eurovillage,Y & A International Food Inc,2027 Avenue U,11229,315,BKCB15,AC,False,True,1500,40.59948,-73.9505,False
748261,Yaya Deli And Grill,Yaya Deli And Grill Inc,1808 Prospect Place,11233,316,BKCB16,AC,False,True,,40.67249,-73.91657,False
748260,One Stop Deli Mart,One Stop Deli Mart Inc,3056 Avenue X,11235,315,BKCB15,AC,False,True,1500,40.59439,-73.93546,False
748259,Rafy Corner Deli,Rafy Corner Deli Corp,166 Newport St,11212,316,BKCB16,AC,False,True,,40.65933,-73.90921,False
748249,Sabor Latino Grocery,Sabor Latino Grocery Corp,600 Ridgewood Avenue,11208,305,BKCB5,AC,False,True,900,40.6868,-73.86717,False
748197,C&Q Farm Market,C&Q Farm Market Inc,5321 8Th Ave ####,11220,312,BKCB12,AC,False,True,1500,40.639,-74.00589,False
748196,Fulton Bebe Grocery Store,Fulton Bebe Grocery Store Inc,3158 Fulton Street,11208,305,BKCB5,A,False,False,1000,40.68189,-73.8784,False
748195,Organic Fresh Market,Organic Fresh Market Corp,1440 Broadway,11221,303,BKCB3,AC,False,True,4000,40.68807,-73.91961,False
748194,Alex Grocery & News,Alex Grocery & News Inc,300 Broadway,11211,301,BKCB1,AC,False,True,800,40.70846,-73.95803,False
748191,Good Luck Grocery Store,Good Luck Grocery Store Inc,1102 Avenue U,11223,315,BKCB15,A,False,False,,40.59832,-73.96099,False
748179,Figland Market,Boro Med Corp,6225 16Th Ave,11204,311,BKCB11,AC,False,True,,40.62323,-73.99362,False
748175,Max Deals,Max Deals 1 Inc,1634 Church Avenue ###,11226,314,BKCB14,A,False,False,,40.64905,-73.96405,False
748174,Max Deals,Discount Broadway Inc,1787 Broadway###,11207,316,BKCB16,A,False,False,,40.68212,-73.90911,False
748163,Pantry Kosher Market,Mdg Grocery Inc,185 Ross St,11211,301,BKCB1,AC,False,True,2000,40.70609,-73.95979,False
748150,Mo 2 New Lots Gourmet Deli,Mo 2 New Lots Gourmet Deli Corp,410 New Lots Ave,11207,305,BKCB5,AC,False,True,,40.66215,-73.89238,False
748145,Khaskys Foods,Freshify Foods Corp,426 Avenue U,11223,315,BKCB15,AC,False,True,3500,40.59752,-73.96833,False
748136,Greenland And Supermarket,Greenland And Supermarket Corp,244 Schenectady Ave ####,11213,308,BKCB8,AC,False,True,1100,40.67092,-73.9337,False
748134,1669 Galaxy Deli,1669 Galaxy Deli Corp,1669 Ralph Ave,11236,318,BKCB18,AC,False,True,2500,40.63614,-73.91905,False
748130,Special Food Market,Special Food Market Corp,661 Evergreen Ave,11207,304,BKCB4,AC,False,True,,40.6872,-73.91007,False
748098,943 Broadway Star Deli Grocery,943 Broadway Star Deli Grocery Corp,943 Broadway,11206,303,BKCB3,AC,False,True,1000,40.69707,-73.93538,False
748095,R & S Deli Grocery Ny,R & S Deli Grocery Ny Corp,1011 Rutland Rd,11212,317,BKCB17,AC,False,True,,40.6629,-73.92604,False
748071,Coffee House & Deli,Coffee House & Deli Corp,1133 Flatbush Ave,11226,314,BKCB14,AC,False,True,2000,40.64283,-73.95767,False
748061,R&S Marine Avenue,R&S Marine Avenue Corp,9801 3Rd Ave,11209,310,BKCB10,AC,False,True,1500,40.61482,-74.03464,False
748052,Max Deals,Debevoise Discount Store Inc,28 Debeboise St ####,11206,301,BKCB1,A,False,False,11000,40.70169,-73.9416,False
748004,Parkview Market,Mm3 Llc,511 9Th Street,11215,306,BKCB6,AC,False,True,1800,40.66563,-73.97897,False
748002,D&C Market,C&D Family Inc,1220 Nostrand Avenue,11225,309,BKCB9,AC,False,True,4000,40.65744,-73.95028,False
747988,Ayman Organic Mini Market,Ayman Organic Mini Market Corp,320 Myrtle Ave,11205,302,BKCB2,AC,False,True,1400,40.69327,-73.97366,False
747960,Asian Supermarket Nyc,Asian Supermarket Nyc Inc,1322 Newkirk Ave,11230,314,BKCB14,A,False,False,1000,40.63495,-73.96451,False
747956,105 Moaid Deli & Grocery,105 Moaid Deli & Grocery Inc.,105 Brighton 11Th Street,11235,313,BKCB13,AC,False,True,1500,40.58012,-73.95758,False
747946,840 United Deli,840 United Deli Corp,840 Washington Ave,11238,308,BKCB8,AC,False,True,,40.67299,-73.96283,False
747932,Fresh Central Little Market,Fresh Central Little Market 8404 Corp,8404 5Th Ave,11209,310,BKCB10,A,False,False,1000,40.62273,-74.0254,False
747895,Juice Bar Deli & Grill,Juice Bar Deli & Grill Corp,1113 Kings Hwy,11229,315,BKCB15,AC,False,True,1800,40.60755,-73.96132,False
747887,Lucero Deli Grocery,Lucero Deli Grocery Corp,5401 6Th Avenue,11220,307,BKCB7,AC,False,True,1000,40.64145,-74.01051,False
747878,Walgreens #21337,Walgreens Eastern Co Inc,285 Broadway,11211,301,BKCB1,A,False,False,5000,40.70865,-73.95854,False
747828,Farida Fresh Frutis And Vegetable,Farida Fresh Frutis And Vegetable Inc,424 Ditmas Ave,11218,312,BKCB12,AC,False,True,2000,40.63596,-73.97424,False
747818,Calderon Brothers Fruit Market,Calderon Brothers Fruit Market Inc,272 Knickerbocker Ave,11237,304,BKCB4,AC,False,True,2000,40.70223,-73.92438,False
747817,Many Ways Deli,Many Ways Deli Inc,4402 8Th Ave,11220,312,BKCB12,AC,False,True,,40.64428,-74.0004,False
747784,8325 Deli On 5Th,8325 Deli On 5Th Corp,8325 5Th Ave,11209,310,BKCB10,AC,False,True,1000,40.62287,-74.02535,False
747745,Tortilleria La Malinche,Tortilleria La Malinche Corp,4202 5Th Ave,11232,307,BKCB7,AC,False,True,2000,40.64948,-74.00574,False
747742,86 St Deli And Grill,86 St Deli And Grill Inc,1981 86Th Street,11214,311,BKCB11,AC,False,True,2000,40.6047,-73.99841,False
747721,Branden Solo Deli,Branden Solo Deli Corp,407 Nostrand Ave ##,11216,303,BKCB3,AC,False,True,,40.68366,-73.95023,False
747662,Shorty'S 99 Cents,Shorty'S 99 Cents Plus Corp,197 Wyckoff Avenue,11237,304,BKCB4,A,False,False,2000,40.70256,-73.91644,False
747620,Ootzil Deli Grocery,Ootzil Deli Grocery Inc,7607 New Utrecht Ave,11214,311,BKCB11,AC,False,True,,40.6146,-74.00028,False
747602,Amiga De China Supermarket,Amiga De China Supermarket Inc.,5707 4Th Avenue,11220,307,BKCB7,AC,False,True,1950,40.64232,-74.0168,False
747601,A&F Grocery,A&F Grocery Corp,2411 Pitkin Ave. St  01,11208,305,BKCB5,AC,False,True,,40.67377,-73.88326,False
747580,Prospect Butcher Co,Prospect Butcher Ventures Llc,665 Vanderbilt Ave,11238,308,BKCB8,AC,False,True,900,40.67705,-73.96907,False
747577,Green Olives Grill,Green Olives Grill Inc,309 7Th Ave,11215,306,BKCB6,AC,False,True,1800,40.66741,-73.98115,False
747576,Amira Halal Meat,Panjob Halal Meat Inc,1160 Coney Island Ave,11230,314,BKCB14,AC,False,True,2500,40.6293,-73.96602,False
747543,Brooklyn Seafood Company,Exclusive Sturgeon Caviar Llc,282-A Brighton Beach Ave,11235,313,BKCB13,AC,False,True,,40.57695,-73.96459,False
747537,Macareno Mini Market,Macareno Mini Market Corp,4901 5Th Ave,11220,307,BKCB7,AC,False,True,,40.64558,-74.00983,False
747516,Brooklyn Spirits,Brooklyn Spirits Llc,1827 Pacific St###,11233,308,BKCB8,AC,False,True,2000,40.67651,-73.92883,False
747492,Dollar Station,Dollar Station Llc,1009 Foster Ave,11230,314,BKCB14,A,False,False,2400,40.63208,-73.96719,False
747462,Sanou Mb,Sanou Mb Corp,2109 Cortelyou Road ###,11226,314,BKCB14,A,False,False,,40.64394,-73.95837,False
747441,Al Baraka Supermarket Ny,Al Baraka Supermarket Ny Inc,1249 Fulton St,11216,303,BKCB3,AC,False,True,,40.68051,-73.95153,False
747431,Main Street Bakeshop,Main Street Bakeshop Inc,2818 Avenue U ##,11229,315,BKCB15,ABC,True,True,120,40.6003,-73.94311,False
747429,Kiszka Market,Kiszka Market Corp,5511 13Th Avenue,11219,312,BKCB12,AC,False,True,,40.63119,-73.99607,False
747353,Lion Deli Grocery,Lion Deli Grocery Corp,1004 Jamaica Ave,11208,305,BKCB5,AC,False,True,900,40.69113,-73.86839,False
747349,Jaren Deli Grocery,Jaren Deli Grocery Corp,783 Howard Ave,11212,316,BKCB16,AC,False,True,1200,40.66285,-73.91876,False
747344,Wilsons Deli & Grill,Wilsons Deli & Grill Corp,366 Wilson Ave,11221,304,BKCB4,AC,False,True,2000,40.6951,-73.91587,False
747329,Urban Market Park Slope,509 Meat Corp,509 5Th Avenue,11215,306,BKCB6,AC,False,True,7000,40.66704,-73.98807,False
747327,Feng Tai Market,Feng Tai Market Inc,4506 8Th Avenue,11220,312,BKCB12,A,False,False,1000,40.64374,-74.00097,False
747319,Wilson Ave Deli,Wilson Ave Deli Corp,597 Wilson Ave,11207,304,BKCB4,AC,False,True,,40.69041,-73.90764,False
747272,20Th Ave Supermarket,20Th Ave Supermarket Inc,8506 20Th Ave,11214,311,BKCB11,AC,False,True,10000,40.60505,-73.99777,False
747252,Ossie'S Gourmet,Back To Borough Park Fish Inc,1205 Avenue M  ###,11230,314,BKCB14,AC,False,True,,40.61773,-73.96257,False
747248,Market On Kent,Urth Market Llc,921 Manhattan Avenue,11222,301,BKCB1,AC,False,True,6000,40.7308,-73.95432,False
747239,Mehudar Meats And More,Mehudar Meats And More Lp,4012 13Th Avenue,11218,312,BKCB12,AC,False,True,,40.63977,-73.98717,False
747199,Deli Bite,Deli Bite Corp,149 Smith Street,11201,302,BKCB2,AC,False,True,1100,40.68662,-73.99055,False
747162,Factura Meat Market,Factura Meat Market Corp,380 Etna St,11208,305,BKCB5,AC,False,True,1500,40.6878,-73.86977,False
747135,Blue Moon Deli And More,Blue Moon Deli And More Corp,4901 4Th Ave,11220,307,BKCB7,AC,False,True,1000,40.64691,-74.01202,False
747096,No 1 Fish Market,No 1 Fish Market Inc,246 Utica Avenue,11213,308,BKCB8,AC,False,True,1500,40.67013,-73.93099,False
747064,Bonao Fruits,Bonao Fruits Corp,1110 Liberty Ave,11208,305,BKCB5,AC,False,True,1500,40.6785,-73.86834,False
747056,7 Eleven Store #27454D,Four Nieces Llc,2247 Utica Ave ####,11234,318,BKCB18,AC,False,True,1200,40.6169,-73.92642,False
747045,Hermanos Organic Deli,Hermanos Organic Deli Corp,57 Malcolm X Blvd,11221,303,BKCB3,AC,False,True,1500,40.6921,-73.93089,False
747043,Melting Pot Deli,Melting Pot Deli Corp,1526 Mermaid Ave,11224,313,BKCB13,A,False,False,,40.57678,-73.98342,False
747039,Star Market,Wang Long 86 Supermarket Inc,1778 86Th Street,11214,311,BKCB11,AC,False,True,,40.60731,-74.00272,False
746933,Calzado Y Variedades Tipicos Juanita,Calzado Y Variedades Tipicos Juanita Inc,1710 86Th Street ##,11214,311,BKCB11,AC,False,True,1500,40.60841,-74.00454,False
746916,Ocean Deli And Grill,Ocean Deli And Grill Inc,2616 Ocean Parkway,11235,313,BKCB13,AC,False,True,1500,40.58614,-73.96655,False
746865,Elevate Deli,Gilgeours Stephanie A,1531 Bergen St. ###,11213,308,BKCB8,AC,False,True,800,40.67517,-73.93306,False
746839,Ridge Market,Ridge Market Corp,6831 Ridge Blvd,11220,310,BKCB10,AC,False,True,1000,40.6367,-74.0286,False
746824,Good Food For Less,Marnock Retail Llc,402 East 83Rd Street,11236,318,BKCB18,AC,False,True,16000,40.64303,-73.91783,False
746805,6 Bro Deli,6 Bro Deli Corp,8123 Flatlands Ave,11236,318,BKCB18,AC,False,True,1500,40.63631,-73.91201,False
746796,Ayham Deli,Ayham Deli Inc,375 Rockaway Ave,11212,316,BKCB16,AC,False,True,,40.67082,-73.91103,False
746761,Eliezer Deli & Grocery,Eliezer Deli & Grocery Corp,7202 New Utrecht Ave ####,11228,311,BKCB11,AC,False,True,,40.61811,-73.99928,False
746745,Horseradish Market,Petrichor Llc,839 Broadway,11206,304,BKCB4,AC,False,True,,40.69896,-73.93876,False
746712,Europe Bakery,S & M International Food Inc,307 Brighton Beach Ave,11235,313,BKCB13,AC,False,True,1700,40.5771,-73.96384,False
746710,1268 St Johns Deli And Grocery,1268 St Johns Deli And Grocery Corp,1268 Saint Johns Pl,11213,308,BKCB8,A,False,False,1000,40.67087,-73.93627,False
746688,Bread House,Onanyan Bread House Llc,1718 Jerome Ave,11235,315,BKCB15,ABC,True,True,,40.5874,-73.95174,False
746659,Six Bro Grocery,Six Bro Grocery Corp,8404 Flatlands Ave,11236,318,BKCB18,AC,False,True,1500,40.6375,-73.91021,False
746637,Beyond Natural Market,Beyond Natural Market Inc,195 Montrose Ave,11206,301,BKCB1,AC,False,True,10000,40.70751,-73.94127,False
746602,Ca Deli & Grill,Ca Deli & Grill Corp,219 St Nicholas Avenue,11237,304,BKCB4,AC,False,True,700,40.70331,-73.91451,False
746579,El Mango Rico,El Mango Rico Inc,4906 5Th Ave,11220,307,BKCB7,AC,False,True,2000,40.64553,-74.00987,False
746573,24 Seven Services,24 Seven Services Llc,2206A Flatbush Ave ####,11234,318,BKCB18,AC,False,True,1200,40.61614,-73.92974,False
746549,J&I Deli Grocery,J&I Deli Grocery Corp,601 Central Ave. ###,11207,304,BKCB4,AC,False,True,800,40.6888,-73.90887,False
746535,Alsqer Deli & Grocery,Alsqer Deli & Grocery Corp,496 Nostran Avenue,11216,303,BKCB3,AC,False,True,2000,40.68197,-73.94989,False
746533,Lopez Deli Grocery,Lopez Deli Grocery Corp,4824 7Th Avenue,11220,307,BKCB7,AC,False,True,1000,40.64311,-74.00522,False
746496,Roll & X Gourmet Deli,Roll & X Gourmet Deli Corp,698 Fulton St,11217,302,BKCB2,AC,False,True,1000,40.68607,-73.97391,False
746494,22 4Th Avenue Deli & Grocery,22 4Th Avenue Deli & Grocery Inc,22 4Th Ave. ###,11217,302,BKCB2,AC,False,True,700,40.68408,-73.97851,False
746480,Freddys On M,Freddys On M Inc,1502 Elm Ave,11230,314,BKCB14,ACH,False,True,1300,40.61782,-73.95991,False
746479,Jus By Julie,Jucedaro Llc,1306 Avenue M,11230,314,BKCB14,ACH,False,True,2000,40.61783,-73.9616,False
746468,Ff Guerreros Deli & Grocery,Ff Guerreros Deli & Grocery Llc,420 Foster Avenue,11230,314,BKCB14,AC,False,True,800,40.62922,-73.97316,False
746467,Fresh Market Gourmet Deli,Fresh Market Gourmet Deli Corp,974 Manhattan Ave,11222,301,BKCB1,AC,False,True,,40.73246,-73.95463,False
746466,Jj Gourmet Grocery,Jj Gourmet Grocery Corp,433 Ralph Avenue,11233,308,BKCB8,AC,False,True,1200,40.67435,-73.92207,False
746402,Cazares M Grocery,Cazares M Grocery Corp,4918 4Th Ave,11220,307,BKCB7,AC,False,True,,40.64668,-74.01244,False
746388,M&J Deli Grocery Ny,M&J Deli Grocery Ny Corp,1253 Schenectady Ave,11203,317,BKCB17,AC,False,True,,40.64231,-73.93231,False
746387,Naf Deli Grocery,Naf Deli Grocery Corp,207 Hart Street,11206,303,BKCB3,AC,False,True,,40.6938,-73.94324,False
746383,Sutter Foods,Sutter Foods Inc,1290 Sutter Avenue,11208,305,BKCB5,AC,False,True,,40.67298,-73.8705,False
746378,Brooklyn Deli,Nadeem Inc,115 Willoughby Street,11201,302,BKCB2,AC,False,True,1800,40.69216,-73.98448,False
746376,Carreau Club,Sfl Recreation Llc,68 34Th St Unit 1-C ###,11232,307,BKCB7,A,False,False,800,40.65728,-74.00634,False
746366,Bp To Go,Kings Gasoline Inc,401 E 80Th Street,11236,318,BKCB18,AC,False,True,1000,40.64085,-73.91921,False
746361,15Th Ave Food,15Th Ave Food Corp,1245 61St St###,11219,312,BKCB12,AC,False,True,400,40.62863,-73.99974,False
746359,Zhang Grocery,Zhang Grocery Inc,816A 56Th St. ###,11220,312,BKCB12,AC,False,True,900,40.63752,-74.00683,False
746339,Talea Beer Co,Talea Beer Inc,87 Richardson St Ste 1 ##,11211,301,BKCB1,ACH,False,True,9000,40.71849,-73.94812,False
746336,Lucky Smoke Shop,Lucky Smoke Shop Inc,1439 Myrtle Ave,11237,304,BKCB4,AC,False,True,,40.69881,-73.91828,False
746326,Tasty Gourmet And Deli,Tasty Gourmet And Deli Corp,1060 Greene Ave,11221,303,BKCB3,AC,False,True,800,40.69135,-73.92566,False
746306,1667 Nicks Discount Store,1667 Nicks Discount Store Inc,1667-1669 Bath Ave###,11214,311,BKCB11,A,False,False,3000,40.60536,-74.00862,False
746303,Prospect Heights Market,Mahfood Glenroy,648 Washington Ave,11238,308,BKCB8,AC,False,True,4500,40.67906,-73.964,False
746295,Small Mommi African Market,Small Mommi African Market Llc,583 Sutter Ave,11207,305,BKCB5,A,False,False,,40.66906,-73.89739,False
746261,Trinity African & Caribbean Market,Trinity African & Caribbean Market Llc,"1090 Flatbush Avenue, Store 1",11226,314,BKCB14,AC,False,True,,40.64379,-73.95787,False
746196,Dollar Tree # 07519,Dollar Tree Stores Inc,679 Van Sinderen Ave,11207,305,BKCB5,A,False,False,,40.65993,-73.89942,False
746185,Mb Brooklyn Grocery,Mb Brooklyn Grocery Inc,140 Empire Boulevard Store #4,11225,309,BKCB9,AC,False,True,,40.66339,-73.95765,False
746164,Kosher Valet,Kosher Valet Inc,1942 Mcdonald Ave,11223,311,BKCB11,AC,False,True,1000,40.60533,-73.97237,False
746159,Rrr Gourmet & Grill,Rrr Gourmet &Grill Inc,451 Pennsylvania Avenue,11207,305,BKCB5,AC,False,True,1000,40.66614,-73.8944,False
746158,New York Fruit King,New York Fruit King Inc,1507 Kings Hwy,11229,315,BKCB15,AC,False,True,3000,40.60886,-73.95804,False
746110,Ok Supermarket,Ok Supermarket Inc,6802 14Th Ave,11219,310,BKCB10,AC,False,True,3000,40.62274,-74.00131,False
746100,Wingtop Trading,Wingtop Trading Inc,6301 Ft Hamilton Pkwy ###,11219,310,BKCB10,AC,False,True,,40.63158,-74.00784,False
746046,Pancho'S Bagels Deli Corp,Panchos Bagels Deli Corp,5119 4Th Ave,11220,307,BKCB7,AC,False,True,1000,40.64542,-74.01359,False
746007,Eastern District,Kriti Corp Ii,90 5Th Ave Mail Box 5,11217,306,BKCB6,AC,False,True,950,40.68032,-73.97781,False
746003,Long Xiang Mini Market,Long Xiang Mini Market Inc,8411 15Th Ave,11228,311,BKCB11,A,False,False,1500,40.61231,-74.00857,False
745983,Wild East Brewing Co,Wild East Brewing Co Llc,623 Sackett St,11217,306,BKCB6,AC,False,True,7000,40.6784,-73.98356,False
745964,King Fruits,King Fruit Corp,6623 18Th Ave,11204,311,BKCB11,ACD,False,True,1000,40.61805,-73.99128,False
745900,Hasnat Grocery & Halal Meat,Hasnat Grocery & Halal Meat Corp,8721 18Th Ave,11214,311,BKCB11,AC,False,True,2000,40.60487,-74.00516,False
745886,Olabisifaruk Enterprises,Olabisifaruk Enterprises Llc,361 New Lots Ave,11207,305,BKCB5,A,False,False,,40.66155,-73.89377,False
745879,Ann 8Th Ave Grocery Store,Ann 8Th Ave Grocery Store Inc,4801 8Th Ave,11220,312,BKCB12,A,False,False,800,40.64217,-74.00259,False
745874,Sr Mango House,Sr Mango House Inc,5117 Church Ave,11203,317,BKCB17,AC,False,True,,40.6521,-73.92879,False
745865,Ez Deli,Ez Deli Corporation,772 Blake Avenue,11207,305,BKCB5,AC,False,True,1000,40.66854,-73.89002,False
745846,New Seafood,New Seafood Inc,589 Prospect Ave ###,11215,307,BKCB7,AC,False,True,600,40.65655,-73.97798,False
745845,R&E Deli,R&E Deli Corp,240 Wilson Avenue,11237,304,BKCB4,AC,False,True,,40.69798,-73.92094,False
745844,Gowanus Convenience,Gowanus Convenience Inc,414 4Th Avenue,11215,306,BKCB6,A,False,False,1300,40.67168,-73.98769,False
745823,Star Nb,Star Nb Inc,1216 Flatbush Ave,11226,314,BKCB14,A,False,False,,40.64072,-73.95584,False
745819,Arif 99 C Superior Market,Aim Souvenirs Inc,763 Rogers Avenue,11226,317,BKCB17,A,False,False,2000,40.6522,-73.95263,False
745813,Thriftway Pharmacy,Old Family Pharmacy Inc,1917 Kings Hwy,11229,315,BKCB15,A,False,False,2000,40.61046,-73.95409,False
745790,L'Eternel Est Grand,Barthelus Racine Claire,1918 Nostrand Avenue,11226,317,BKCB17,AC,False,True,,40.63876,-73.94828,False
745785,Elmana Deli & Grocery,Elmana Deli & Grocery Inc,84 Bay 13Th Street,11214,311,BKCB11,AC,False,True,1400,40.60799,-74.00815,False
745781,87 Fresh Deli & Grocery Market,87 Fresh Deli & Grocery Market Llc,453 87Th Street,11209,310,BKCB10,AC,False,True,700,40.62103,-74.02712,False
745777,Win 4 Life Deli & Grocery,Win 4 Life Deli & Grocery Inc,2745 Ocean Ave,11229,315,BKCB15,AC,False,True,800,40.59435,-73.95046,False
745761,Omar Grocery,Omar Grocery Inc,692 5Th Ave,11215,307,BKCB7,AC,False,True,900,40.66126,-73.99351,False
745749,Birdsboro,Glatt Kosher Wholesalers Llc,1245 61St ##,11219,312,BKCB12,AC,False,True,1000,40.62863,-73.99974,False
745747,Food Universe Market Place,Kf Ennis 86 Llc,1982-84 86Th Street,11214,311,BKCB11,AC,False,True,6500,40.60471,-73.99842,False
745743,Valentina Deli & Grocery,Valentina Deli & Grocery Inc,241 Ridgewood Avenue,11208,305,BKCB5,AC,False,True,,40.68366,-73.87976,False
745693,4Th Quick Deli,4Th Quick Deli Corp,5310 4Th Ave,11220,307,BKCB7,AC,False,True,,40.64459,-74.01463,False
745687,Mountain Fruit Of Ave M,Mountain Fruit Of Ave M,4909 13Th Ave ###,11219,312,BKCB12,AC,False,True,600,40.63475,-73.99242,False
745686,Mountain Fruit Of Ave M,Mountain Fruit Of Ave M,5314 13Th Ave ###,11219,312,BKCB12,AC,False,True,600,40.6325,-73.99475,False
745684,Pioneer,1134 Food Llc,1134 E New York Ave,11212,308,BKCB8,AC,False,True,,40.66622,-73.92478,False
745674,Best Deli Emanuel Grocery,Best Deli Emanuel Grocery Corp The,7816 20Th Avenue,11214,311,BKCB11,AC,False,True,1500,40.60873,-73.99395,False
745574,E&K Deli Market,E&K Deli Market Corp,608 New Lots Avenue,11207,305,BKCB5,AC,False,True,,40.66465,-73.88668,False
745563,Maya Bed-Stuy,Turbella Inc,563 Gates Ave ###,11221,303,BKCB3,AC,False,True,500,40.68694,-73.94411,False
745522,B Q Convenience,B Q Convenience Corp,1508 Newkirk Avenue,11226,314,BKCB14,AC,False,True,,40.63577,-73.96282,False
745512,Mechy'S Gourmet,Mechys On J Corp,2818 Avunue U ###,11229,315,BKCB15,AC,False,True,,40.6003,-73.94311,False
745488,Jimmy'S Snack,Jimmys Snacks Corp,3917 5Th Ave,11232,307,BKCB7,A,False,False,1000,40.65088,-74.00429,False
745476,Garden Gourmet 1,Garden Gourmet 1 Corp,318 Tompkins Ave,11216,303,BKCB3,AC,False,True,1500,40.68678,-73.94461,False
745470,Finback Brooklyn,Finback Brooklyn Llc,545 President St ##,11215,306,BKCB6,ACH,False,True,6500,40.67732,-73.98488,False
745465,Acatlan De Osorio Deli Grocery,Acatlan De Osorio Deli Grocery Corp,1324 New Kirk Ave,11230,314,BKCB14,AC,False,True,1000,40.63498,-73.96445,False
745453,Dsh Food,Dsh Food Inc,85 Grattan St #87,11237,301,BKCB1,AC,False,True,,40.70598,-73.92966,False
745439,Brooklyn Finest Mini Market,Brooklyn Finest Mini Market Corp,8101 7Th Ave,11228,310,BKCB10,AC,False,True,,40.62192,-74.01981,False
745435,Aden Deli & Grill,Aden Deli & Grill Corp,600 Bushwick Ave Space B,11206,304,BKCB4,AC,False,True,,40.6985,-73.93441,False
745410,Mami Deli& Mini Market,Mami Deli& Mini Market Corp,523 Rogers Avenue,11225,309,BKCB9,AC,False,True,,40.65936,-73.9534,False
745376,La Ideal Meat Market,La Ideal Meat Market Corp,4805 5Th Avenue,11220,307,BKCB7,AC,False,True,900,40.64604,-74.00934,False
745353,Union Market Sushi,Rsj Group Corp,342 Flatbush Ave****,11238,308,BKCB8,AC,False,True,,40.67617,-73.97172,False
745332,7-Eleven Store #41120H,7 Eleven Inc,241 Atlantic Avenue ###,11201,302,BKCB2,AC,False,True,,40.68931,-73.99123,False
745327,Eben-Ezer Convenience Store,Eben-Ezer Convenience Store Inc,4121 Fort Hamilton Pkwy,11219,312,BKCB12,AC,False,True,,40.64186,-73.99245,False
745317,Santos H Deli Grocery,Santos H Deli Grocery Inc,1293 Blake Ave,11208,305,BKCB5,AC,False,True,1500,40.67162,-73.86892,False
745316,Los Limones,Los Limones Deli Grocery Inc,1330 Halsey Street,11237,304,BKCB4,AC,False,True,,40.69447,-73.90663,False
745308,La Dura Mini Market,La Dura Mini Market Inc,66 Hendrix St,11207,305,BKCB5,AC,False,True,,40.68076,-73.89139,False
745280,S Snacks Deli & Grill,S Snacks Inc,2952 Avenue S,11229,315,BKCB15,AC,False,True,800,40.60516,-73.94192,False
745231,Kaj Food Market,Kaj Petroleum Inc,5701-5702 2Nd Ave,11220,307,BKCB7,AC,False,True,,40.64503,-74.02116,False
745168,Saxelby Cheesemongers,Saxelby Cheesemongers Llc,147 11Th Street Ground Floor,11215,306,BKCB6,ACDK,False,True,2200,40.67063,-73.99279,False
745148,512 Nostrand,512 Nostrand Inc,512 Nostrand Ave###,11216,303,BKCB3,AC,False,True,,40.68136,-73.94978,False
745145,Ramallah Food,Ramallah Food Corp,447 Columbia Street,11231,306,BKCB6,AC,False,True,900,40.67695,-74.00654,False
745140,Pizza Yard,Pizza Yard Holdings Llc,141 Flushing Ave,11205,302,BKCB2,AC,False,True,800,40.69786,-73.97121,False
745133,Netcost Market,532 Neptune Avenue Llc,532 Neptune Ave ###,11224,313,BKCB13,ABC,True,True,,40.57983,-73.97295,False
745033,Satmar Meat,Satmar Meat Of Cong Yetev Lev Inc,823 Bedford Ave ##,11205,303,BKCB3,AC,False,True,,40.69566,-73.95635,False
745032,New Star Fruit,New Star Fruit Inc,17 Newkirk Plaza,11226,314,BKCB14,AC,False,True,1700,40.63481,-73.96267,False
745010,Sideboard,Fine Ales Llc,400 3Rd Ave Ste 1,11215,306,BKCB6,AC,False,True,700,40.67346,-73.98936,False
744977,Gourmet Famous Market,Gourmet Famous Market Inc,184 Parkside Ave,11226,314,BKCB14,AC,False,True,,40.655,-73.96157,False
744976,Flatbush Market,Golden Citrus Market Inc,752-754 Flatbush Avenue,11226,314,BKCB14,AC,False,True,,40.65452,-73.95964,False
744965,Howard Finest Deli,Howard Finest Deli Corp,363 Howard Avenue,11233,316,BKCB16,AC,False,True,1200,40.67509,-73.9194,False
744943,Hood Grocery And Deli,Hood Grocery And Deli Inc,2191 Clarendon Road,11226,314,BKCB14,AC,False,True,1200,40.64276,-73.95657,False
744937,2924 Avenue M Deli Ltd,2924 Avenue M Deli Ltd,2924 Avenue M,11210,314,BKCB14,AC,False,True,,40.61957,-73.94576,False
744936,71 Deli & Grill,71 Deli & Grill Inc,7102 New Utrecht Ave,11228,311,BKCB11,AC,False,True,,40.61886,-73.99906,False
744928,Cc Mart,Cc Mart Corp,3008 Church Ave,11226,317,BKCB17,AC,False,True,,40.65082,-73.94913,False
744908,Montauk Deli,Montauk Deli Corp,2552 Pitkin Avenue,11208,305,BKCB5,AC,False,True,1500,40.67451,-73.8782,False
744895,764 Yemen Deli,764 Yemen Deli Corp,764 Rogers Ave,11226,317,BKCB17,AC,False,True,,40.65226,-73.95263,False
744893,Big Apple 20 Deli And Grill,Big Apple 20 Deli And Grill Corp,669 Grand St,11211,301,BKCB1,AC,False,True,1500,40.71146,-73.94575,False
744890,Rafael Mini Deli Grocery,Rafael Mini Deli Grocery Inc,4201 7Th Ave,11232,307,BKCB7,AC,False,True,1100,40.64684,-74.0013,False
744877,Fresh Deli Market,Fresh Deli Market Inc,710 Georgia Ave,11207,305,BKCB5,AC,False,True,500,40.65941,-73.8934,False
744872,Dollar Deals,Dollar Deals Stores Inc,1404 Rockaway Pkwy###,11236,318,BKCB18,A,False,False,6000,40.64565,-73.90286,False
744867,Fjord Fish Market,5Th Ave Brooklyn Llc,249 5Th Ave. ###,11215,306,BKCB6,AC,False,True,1250,40.67488,-73.98156,False
744863,Cheche Deli Grocery,Cheche Deli Grocery Corp,4321 Church Ave,11203,317,BKCB17,AC,False,True,1200,40.65145,-73.93636,False
744822,Mr East Deli,Mr East Deli Corp,637 Sutter Avenue,11207,305,BKCB5,AC,False,True,700,40.66934,-73.89543,False
744820,Food Town,409 Food Corp,409 5Th Ave,11215,306,BKCB6,AC,False,True,8000,40.67014,-73.9855,False
744797,Robert Meat Market,Meat Boy Inc,1726 Jerome Ave,11235,315,BKCB15,AC,False,True,,40.58743,-73.9516,False
744756,M & M Grocery,M & M Grocery Corp,1854 Nostrand Avenue,11226,317,BKCB17,AC,False,True,,40.6405,-73.94845,False
744721,Dasanyuan Grocery,Dasanyuan Grocery Inc,5215 6Th Ave,11220,307,BKCB7,A,False,False,,40.64219,-74.00976,False
744692,Jus By Julie,Jus Bar Llc,502 Avenue U,11223,315,BKCB15,AC,False,True,1500,40.5977,-73.9667,False
744650,Food World Supermarket,Jri Flatland Food Corp,937 E 107Th St,11236,318,BKCB18,AC,False,True,10000,40.64797,-73.89226,False
744634,Banana Supermarket,Banana Supermarket Inc,145 Ridgewood Ave,11208,305,BKCB5,AC,False,True,1400,40.68303,-73.88328,False
744598,Jl Mini Market,Jl Mini Market Corp,236 Howard Avenue,11233,303,BKCB3,AC,False,True,900,40.67993,-73.9194,False
744574,Sea Fresh Company,Sea Fresh Company Inc,220 26Th Street,11232,307,BKCB7,AC,False,True,1000,40.65931,-73.99762,False
744510,Amira Halal Meat,Amira Halal Meat Inc,2201 59Th Street,11204,312,BKCB12,AC,False,True,3000,40.61711,-73.97757,False
744509,Badran Halal Meat,Amir Halal Meat Inc,1736 Bath Avenue ###,11214,311,BKCB11,AC,False,True,3000,40.60458,-74.00732,False
744438,Abdo Gourmet Deli,Abdo Gourmet Deli Inc,480 Madison St,11221,303,BKCB3,AC,False,True,2000,40.68602,-73.93889,False
744427,Pearl Street Cavier,Salt & Sea Partners Llc,77 Commerce St,11231,306,BKCB6,AC,False,True,2800,40.68074,-74.0081,False
744420,Tatan Deli Grocery,Tatan Deli Grocery Corp,120 Riverdale Avenue,11212,316,BKCB16,AC,False,True,1000,40.66044,-73.91244,False
744397,Bob And Betty'S Food Mart,Bob And Betty'S Gourmet Foods Llc,822 Franklin Avenue ##,11225,309,BKCB9,AC,False,True,,40.66957,-73.95836,False
744377,Nuts Factory,Nuts Factory Trade Llc,1245 61St St###,11219,312,BKCB12,AC,False,True,300,40.62863,-73.99974,False
744373,Brooklyn Way Deli,Brooklyn Way Deli Corp,142 Utica Ave,11213,308,BKCB8,AC,False,True,,40.67401,-73.93062,False
744370,Collado Meat Market,Collado Meat Market Inc,1274 Broadway ###,11221,303,BKCB3,AC,False,True,1300,40.69102,-73.92473,False
744369,An-Noor Pharmacy,An-Noor Pharmacy Inc,33 101St Ave,11208,305,BKCB5,A,False,False,1600,40.67929,-73.86353,False
744361,Foodtown,781 Metropolitan Food Corp,781 Metropolitan Avenue,11211,301,BKCB1,AC,False,True,9000,40.71465,-73.94308,False
744325,Sushi Blue,Sushi Blue Inc,2640 Nostrand Avenue ###,11210,318,BKCB18,AC,False,True,20,40.62025,-73.94563,False
744289,Bk Gourmet Deli,Bk Gourmet Deli Inc,1040 Nostrand Ave,11225,309,BKCB9,AC,False,True,,40.66288,-73.95085,False
744239,Walgreens #17269,Walgreen Eastern Co Inc,750 Manhattan Ave,11222,301,BKCB1,A,False,False,,40.72653,-73.95235,False
744214,Hk Fruit Market,Hk Fruit Market Inc,565 Flatbush Ave,11225,309,BKCB9,AC,False,True,,40.65994,-73.9606,False
744181,Wan Jia Grocery,Wan Jia Grocery Inc,5810 6Th Ave,11220,307,BKCB7,A,False,False,1000,40.63908,-74.013,False
744179,Fu Sing Trading,Fu Sing Trading Llc,1247 Avenue U,11229,315,BKCB15,A,False,False,2500,40.59861,-73.95846,False
744176,Ten Ichi Mart,Ten Ichi Mart Inc,118 Smith St,11201,302,BKCB2,AC,False,True,1150,40.68768,-73.98982,False
744116,Mini Fruit Market Deli,Mini Fruit Market Deli Inc,4101 Fort Hamilton Pkwy,11219,312,BKCB12,AC,False,True,900,40.64216,-73.99201,False
744110,Wing Fung,Wing Fung 2019 Inc,6608 Bay Pkwy Fl 1St ###,11204,311,BKCB11,AC,False,True,1500,40.61305,-73.98222,False
744049,Akeel Deli And Market,Akeel Deli And Market Corp,645 Mother Gaston Blvd,11212,316,BKCB16,AC,False,True,2000,40.66291,-73.90513,False
743991,Naira Bread,Naira Bread Llc,530 South Conduit Blvd###,11208,305,BKCB5,ABCH,True,True,2000,40.67688,-73.86979,False
743986,Ma Goodluck Convenience,Ma Goodluck Convenience Inc,2207 Bath Ave,11214,311,BKCB11,A,False,False,900,40.59836,-73.99709,False
743980,Triple Star Deli Grocery,Gonzalez Tiffany,390 Crescent St,11208,305,BKCB5,AC,False,True,,40.67947,-73.871,False
743967,Star Drugs,Star Drugs Inc,922 Pennsylvania Avenue,11207,305,BKCB5,A,False,False,800,40.65518,-73.88815,False
743953,Mr Tofu,Mr Tofu Inc,2257 86Th St ###,11214,311,BKCB11,AC,False,True,1500,40.60098,-73.9923,False
743902,10Am Breakfast Bar,10Am Food Corp,3808 13Th Ave ###,11218,312,BKCB12,AC,False,True,1000,40.64102,-73.98588,False
743883,Edy'S Grocer,Edys Grocer Llc,136 Meserole Avenue ###,11222,301,BKCB1,AC,False,True,1200,40.72761,-73.95109,False
743877,Inter-Bakery Shop,Inter-Bakery Shop Llc,711 Brighton Beach Ave,11235,313,BKCB13,ACD,False,True,2000,40.57794,-73.96017,False
743867,La Esquina Food,La Esquina Food Corp,206 Hoyt Street,11217,306,BKCB6,AC,False,True,1200,40.68411,-73.98946,False
743866,Food Bazaar,Bogopa Red Hook Llc,480 Van Brunt Street Ste 500###,11231,306,BKCB6,AC,False,True,,40.67402,-74.0168,False
743860,Sunrise Pharmacy,Gamer Pharmacy Inc,6725 Bay Parkway,11204,311,BKCB11,A,False,False,2700,40.61213,-73.98319,False
743845,Bondos Grocery,T K Food Market Corp,78 Lee Ave,11211,301,BKCB1,AC,False,True,1200,40.70542,-73.95962,False
743840,Apple Eats,Apple Eats Corp,230 Bushwick Avenue,11206,301,BKCB1,AC,False,True,1200,40.70786,-73.93988,False
743838,La Milagrosa Fruit Market,La Milagrosa Fruit Market Corp,4605 5Th Ave,11220,307,BKCB7,AC,False,True,900,40.64719,-74.00814,False
743837,Gs Deli In Grocery,Gs Deli N Grocery Corp,367 Rockaway Ave,11212,316,BKCB16,AC,False,True,3000,40.67107,-73.91109,False
743833,Beat The Bomb,Task Force Zero Llc,247 Water St Ste 103,11201,302,BKCB2,A,False,False,,40.70301,-73.98392,False
743818,New Athens Market,European Market Inc,8316 3Rd Avenue,11209,310,BKCB10,AC,False,True,1500,40.62523,-74.03035,False
743767,Green Forest,Green Forest Llc,1717 Kings Hwy ####,11229,315,BKCB15,AC,False,True,10000,40.60983,-73.95585,False
743706,Chalouh Gourmet Market,Gourmet Kosher Market Inc,718 Avenue U,11223,315,BKCB15,AC,False,True,1500,40.59806,-73.96351,False
743673,K C Grill And Grocery,Kamlin 111 Llc,6930 4Th Ave,11209,310,BKCB10,AC,False,True,1000,40.63391,-74.02381,False
743672,Jj Tompkins Food,Jj Tompkins Food Corp,920 Myrtle Ave,11206,303,BKCB3,AC,False,True,1400,40.69584,-73.94516,False
743662,Jo Trading,Jo Trading Inc,1245 Broadway,11221,304,BKCB4,A,False,False,18000,40.69139,-73.92537,False
743601,Pitkin Deli,Pitkin Deli Corp,2227 Pitkin Ave,11207,305,BKCB5,A,False,False,,40.67277,-73.89008,False
743584,7 Eleven #32117K,7 Eleven Inc,8813 4Th Ave###,11209,310,BKCB10,AC,False,True,1500,40.62072,-74.02921,False
743581,Green Acres Meat,Green Acres Meat Inc,4702 3Rd Ave,11220,307,BKCB7,AC,False,True,1000,40.64935,-74.01306,False
743579,Green Park Gourmet Deli,Green Park Gourmet Deli Inc,264 Tompkins Ave,11216,303,BKCB3,AC,False,True,1600,40.68891,-73.94502,False
743545,Blm Natural Deli,Blm Natural Deli Corp,165 Ralph Ave,11233,303,BKCB3,AC,False,True,1000,40.68432,-73.92299,False
743525,Asi Soy Yo Deli Grocery,Asi Soy Yo Deli Grocery Corp,792 Belmont Avenue,11208,305,BKCB5,AC,False,True,1200,40.67286,-73.88033,False
743520,Greenpoint Fish Wholesale,Greenpoint Fish Wholesale Llc,14 Ash St###,11222,301,BKCB1,AC,False,True,3500,40.73804,-73.9549,False
743505,Deal 99,Salada Management Corp,1912 Kings Hwy,11229,315,BKCB15,A,False,False,1800,40.61039,-73.9543,False
743494,Food Town,1291 Food Corp,1291 Broadway,11221,303,BKCB3,AC,False,True,15000,40.69077,-73.92429,False
743493,Evergreen Moe,Evergreen Moe Inc,1291 Broadway ###,11221,303,BKCB3,AC,False,True,,40.69077,-73.92429,False
743489,Hana Makgeolli,Hana Makgeolli Llc,201 Dupont St,11222,301,BKCB1,ACD,False,True,2500,40.7362,-73.95146,False
743468,Lucky Corner Mini Market,Lucky Corner Mini Market Inc,6101 20Th Ave,11204,311,BKCB11,A,False,False,1200,40.61872,-73.98358,False
743465,Papeleta Deli Grocery,Papeleta Deli Grocery Corp,209 Wilson Ave,11237,304,BKCB4,AC,False,True,,40.69885,-73.92246,False
743448,Food Way,Seven Seas Georgetowne Llc,2149 Ralph Ave ###,11234,318,BKCB18,AC,False,True,40000,40.62591,-73.91589,False
743446,Nfl Gourmet Deli,Nfl Gourmet Deli Corp,301 Franklin Ave.,11205,303,BKCB3,AC,False,True,,40.68939,-73.95701,False
743433,Super Star Rutland Deli,Super Star Rutland Deli Inc,1035 Rutland Rd,11212,317,BKCB17,AC,False,True,1000,40.66338,-73.9253,False
743414,Grand Ave Deli 2,Grand Ave Deli 2 Llc,568 Grand Ave,11238,308,BKCB8,AC,False,True,700,40.67857,-73.96208,False
743386,Premium Supermarket,Premium Of Liberty Llc,1196 Liberty Ave,11208,305,BKCB5,AC,False,True,,40.67897,-73.86496,False
743382,Muneco Grocery,Muneco Grocery Corp,1588 Saint Johns Place,11213,308,BKCB8,A,False,False,1000,40.6703,-73.92559,False
743370,Bdd Ny,Bdd Ny Corp,8022 20Th Ave,11214,311,BKCB11,AC,False,True,1500,40.60754,-73.99517,False
743343,Mrbs,Manhattan Polish Inc,854 Manhattan Ave,11222,301,BKCB1,A,False,False,2000,40.72911,-73.95377,False
743298,Pei Sushi,Pei Sushi Inc,3100 Ocean Ave #####,11235,315,BKCB15,ACDK,False,True,50,40.585219,-73.949622,True
743289,Bhatti Brothers,Bhatti Brothers Corp,6752 4Th Ave,11220,310,BKCB10,AC,False,True,1500,40.63564,-74.0231,False
743277,Livonia Discount&Grocery,Livonia Discount&Grocery Corp,901 Livonia Avenue,11207,305,BKCB5,A,False,False,1000,40.66629,-73.88354,False
743244,Hot Bagels,Super Bagels Inc,4704 13Th Ave,11219,312,BKCB12,ABCH,True,True,2300,40.63602,-73.99108,False
743220,Nut House 2,Vps Interactive Inc,1703 Kings Hwy,11229,315,BKCB15,AC,False,True,1600,40.60966,-73.95621,False
743214,Green Point Organic Market,Green Point Organic Market Inc,626 Manhattan Ave,11222,301,BKCB1,AC,False,True,1500,40.72367,-73.95072,False
743176,Corner Ave S Convenience,Corner Ave S Convenience Inc,1101 Ave S,11223,315,BKCB15,AC,False,True,1000,40.60301,-73.96134,False
743158,Basak Bakery,Basak Bakery Inc,2105 Avenue U,11229,315,BKCB15,ABH,True,False,2400,40.59952,-73.95009,False
743156,Kings Kolache,Kings Kolache Llc,321 Starr St. Unit F,11237,304,BKCB4,AC,False,True,500,40.70773,-73.92049,False
743153,Mwa 99 Cent & Plus Discount,Mwa 99 Cent & Plus Discount Corp,7019 3Rd Avenue,11209,310,BKCB10,A,False,False,1500,40.63434,-74.02661,False
743114,M & N Pork Store,M & N Pork Store Inc,2611 Avenue U,11229,315,BKCB15,AC,False,True,1800,40.60006,-73.94523,False
743106,Food You Desire,Food You Desire Corp,8917 5Th Ave,11209,310,BKCB10,AC,False,True,1500,40.61937,-74.02804,False
743044,Farm Country,Linden Farms Food Corp,2205 Linden Blvd,11207,305,BKCB5,AC,False,True,25000,40.66275,-73.88129,False
742914,K&S Deli Grill,K&S Deli Grill Inc,9619 Church Ave,11212,317,BKCB17,AC,False,True,,40.65602,-73.91493,False
742848,A&M Family Store,A&M Family Store Corp,421 Columbia Street,11231,306,BKCB6,AC,False,True,1200,40.67776,-74.00618,False
742839,Krazy Bahloul,Krazy Bahloul Inc,480 Sutter Ave,11207,305,BKCB5,AC,False,True,,40.66846,-73.90135,False
742823,Fast Stop Deli & Mini Mart,Fast Stop Deli & Mini Mart Corp,1667 Flatbush Ave,11210,314,BKCB14,AC,False,True,,40.62966,-73.94435,False
742812,Sunset Mini Meat Market,Sunset Mini Meat Market Corp,4116 5Th Ave,11220,307,BKCB7,AC,False,True,1000,40.64971,-74.0055,False
742801,Family Dollar #33002,Family Dollar Stores Of New York Llc,12430 Flatlands Ave,11239,305,BKCB5,A,False,False,6000,40.65735,-73.87546,False
742792,944 Hegeman Deli Grocery,944 Hegeman Deli Grocery Inc,944 Hegeman Avenue,11208,305,BKCB5,AC,False,True,1500,40.66584,-73.87789,False
742788,Howard Marketplace,Howard Natural Food Corp,8 Howard Avenue,11221,303,BKCB3,AC,False,True,4600,40.68837,-73.92108,False
742770,Shadin Bangla Grocery,Shadin Bangla Grocery Inc,509 Cortelyou Road,11218,312,BKCB12,AC,False,True,1000,40.6384,-73.9742,False
742762,Caffe Vita,Vita Coffee Llc,576 Johnson Ave ####,11237,301,BKCB1,ACDK,False,True,6000,40.70889,-73.92524,False
742745,367 Famous Deli,367 Famous Deli Corp,753 Marcy Ave,11216,303,BKCB3,AC,False,True,1800,40.68816,-73.94777,False
742719,Mini Market Familiar,Mini Market Familiar Corp,1828 Schenectady Ave,11234,318,BKCB18,AC,False,True,800,40.62775,-73.93074,False
742717,El Campito Fruits & Deli,El Campito Fruits & Deli Inc,332 Cresent Street,11208,305,BKCB5,AC,False,True,1000,40.68101,-73.87138,False
742716,Baku,Baku Corp,937 Coney Island Ave,11230,314,BKCB14,AC,False,True,700,40.63457,-73.96743,False
742703,Lily Bloom 86,Lily Bloom 86 Inc,1476-1480 86Th Street ###,11228,311,BKCB11,ABCH,True,True,9000,40.61163,-74.00986,False
742689,Olmeca Deli Grocery,Olmeca Deli Grocery Corp,3229 Fulton Street,11208,305,BKCB5,AC,False,True,700,40.68258,-73.87592,False
742687,Mill Basin Convenience,Mill Basin Convenience Corp,6001 Strickland Ave,11234,318,BKCB18,AC,False,True,800,40.61171,-73.91284,False
742654,Y & O Food,Y & O Food Corp,4702 Clarendon Rd,11203,317,BKCB17,AC,False,True,1800,40.64426,-73.93217,False
742653,Ammar Deli And Grocery,Ammar Deli And Grocery Inc,2972 Ave X,11235,315,BKCB15,AC,False,True,1500,40.59401,-73.93891,False
742652,Liam Deli Grocery Ny,Liam Deli Grocery Ny Corp,892 Dekalb Ave,11221,303,BKCB3,AC,False,True,1500,40.69264,-73.94026,False
742561,H&M Deli Grocery 1,H&M Deli Grocery 1 Corp,1199 Halsey St ####,11207,304,BKCB4,AC,False,True,800,40.69136,-73.90969,False
742509,L & E Grocery,Najium Food Corp,127 Albany Ave,11213,308,BKCB8,AC,False,True,800,40.6764,-73.93876,False
742508,Rong Cheng,Rong Cheng Inc,5822 8Th Ave Fl 1,11220,312,BKCB12,A,False,False,1500,40.63619,-74.0088,False
742506,Golden Star Sushi @ Super Fresh Market,Golden Star Sushi Inc,242 Bayridge Ave. ###,11220,310,BKCB10,ACH,False,True,500,40.63614,-74.0274,False
742505,Maa Supermarket Nyc,Maa Supermarket Nyc Inc,80 Church Ave 1St Fl,11218,312,BKCB12,A,False,False,1200,40.64243,-73.98032,False
742489,Fusion Pharmacy,Fusion Pharmacy Corp,6801 18Th Ave,11204,311,BKCB11,A,False,False,,40.61731,-73.99202,False
742481,18 Lucky Market,18 Lucky Market Inc,6802 18Th Ave,11204,311,BKCB11,AC,False,True,4000,40.6173,-73.99203,False
742471,Blossom,Kaplen Meddel,2168 83Rd St.,11214,311,BKCB11,AC,False,True,,40.60396,-73.99256,False
742465,Associated Supermarket,Lm4 Inc,650 Flatbush Ave,11225,309,BKCB9,AC,False,True,,40.65748,-73.9603,False
742379,A & H Deli & Grill,A & H Deli & Grill Corp,4005 9Th Ave,11232,312,BKCB12,AC,False,True,2200,40.6452,-73.99584,False
742326,Union Market Sushi,Rsj Group Corp,288 Court St,11231,306,BKCB6,AC,False,True,,40.68427,-73.99498,False
742258,1 New Way Deli,1 New Way Deli Corp,1159 Blake Ave,11208,305,BKCB5,AC,False,True,1500,40.6708,-73.87462,False
742253,Your Deli & Grocery,Your Deli & Grocery Corp,4718 4Th Ave,11220,307,BKCB7,AC,False,True,800,40.6478,-74.01128,False
742247,Blas Minimarket,Blas Minimarket Corp,1697 E New York Ave,11212,316,BKCB16,AC,False,True,,40.67462,-73.90551,False
742244,Gallon Deli Grocery Ii,Gallon Deli Grocery Ii Corp,553 Hinsdale Street,11207,305,BKCB5,AC,False,True,,40.66123,-73.89795,False
742227,Lincoln Market,Jay Seafood 1958 Inc,33 Lincoln Road ##,11225,309,BKCB9,AC,False,True,50,40.66073,-73.96178,False
742221,Crown Heights Deli Grocery,Crown Heights Deli Grocery Inc,117 Rogers Ave,11216,308,BKCB8,AC,False,True,1200,40.67346,-73.95293,False
742219,Ny Sea World,Ny Sea World Inc,5115 13Th Ave. ###,11219,312,BKCB12,ACH,False,True,500,40.63359,-73.99362,False
742216,Jm Grocery & Deli,Jm Grocery & Deli Corp,774 Rockaway Ave Store #4,11212,316,BKCB16,AC,False,True,2000,40.6607,-73.90844,False
742126,99 Cents Junction,Sutter Food Mart Inc,448 Sutter Ave ######,11212,316,BKCB16,A,False,False,,40.668101,-73.902324,True
742120,Bocker Pharmacy & Food Mart,Bocker Pharmacy & Food Mart Inc,390 Knickerbocker Avenue,11237,304,BKCB4,A,False,False,1000,40.7001,-73.9206,False
742119,Rong Qin Grocery,Rong Qin Grocery Inc,56 New York Ave,11216,308,BKCB8,AC,False,True,1500,40.67812,-73.94694,False
742115,Sangs,Eat Happier Llc,154 Scott Ave  ##,11237,301,BKCB1,AC,False,True,,40.71193,-73.92365,False
742109,Lian Jiang Grocery,Lian Jiang Grocery Inc,5405 6Th Ave Floor 1,11220,307,BKCB7,A,False,False,800,40.64137,-74.01059,False
742106,N & L Market,N & L Market Inc,5601 8Th Ave. ###,11220,312,BKCB12,AC,False,True,1500,40.63767,-74.00728,False
742105,Brooklyn Candy Grocery,Brooklyn Candy Grocery Corp,1151 Brighton Beach Ave,11235,313,BKCB13,A,False,False,1000,40.57756,-73.95543,False
742103,J & J Fresh Market,Ti Ti Toc Fresh Produce Inc,1815 Avenue U,11229,315,BKCB15,AC,False,True,4400,40.5992,-73.9529,False
742069,Banana King On U,Banana King On U Corp,1624 Avenue U,11229,315,BKCB15,AC,False,True,1900,40.59901,-73.95476,False
742010,Le French Tart Deli,Pane Caldo Inc,306 Court Street,11231,306,BKCB6,AC,False,True,800,40.68363,-73.99527,False
742009,Calderas Deli Grocery,Calderas Deli Grocery Corp,386 Chauncey St,11233,303,BKCB3,AC,False,True,1500,40.68183,-73.91713,False
741968,Kings Empire C-Store,Bolla Operating Corp,415 Empire Blvd,11225,309,BKCB9,AC,False,True,,40.66405,-73.9487,False
741967,Kings 7023 Bay Pkwy,Bolla Operating Corp,7023 Bay Pkwy,11204,311,BKCB11,AC,False,True,,40.61046,-73.98459,False
741966,We Stay Fresh,We Stay Fresh Corp,1715 St Johns Place,11233,316,BKCB16,AC,False,True,,40.67,-73.92,False
741965,Kings 2960 C-Store,Bolla Operating Corp,2960 86Th St,11223,313,BKCB13,AC,False,True,2000,40.59042,-73.97478,False
741860,Deli & Buffet,Deli & Buffet Inc,32 Avenue O,11204,311,BKCB11,AC,False,True,1000,40.61018,-73.98408,False
741859,Food Emporium,Lafayette Market Inc,325 Lafayette Ave,11238,302,BKCB2,AC,False,True,13500,40.68855,-73.96284,False
741821,Sam Detox Deli & Grill,Sam Detox Deli & Grill Inc,1144 Halsey Street,11207,304,BKCB4,AC,False,True,,40.69013,-73.91089,False
741818,Inner Market,Inner Market Corp,437 Tompkins Ave,11216,303,BKCB3,AC,False,True,1200,40.68239,-73.94373,False
741811,C-Town Supermarket,2869 Meat & Produce Corp,2869 Fulton Street,11207,305,BKCB5,AC,False,True,5000,40.67876,-73.88842,False
741808,Fresh Gourmet Deli,Fresh Gourmet Deli Inc,447 Dekalb Ave,11205,303,BKCB3,AC,False,True,600,40.69042,-73.95957,False
741806,Z&Z Market,Z&Z Market Inc,6511 Bay Parkway,11204,311,BKCB11,AC,False,True,,40.61359,-73.98167,False
741764,Skyway Supermarket,Best Skyway Inc,2001 Bath Ave ###,11214,311,BKCB11,AC,False,True,1000,40.60125,-74.00125,False
741751,Maketo Sushi,Maketo Sushi Corp,9105 3Rd Avenue  #27,11209,310,BKCB10,AC,False,True,200,40.62001,-74.03248,False
741746,Fresh & Tasty Sushi,Fresh & Tasty Sushi Inc,608 Franklin Ave,11238,308,BKCB8,AC,False,True,,40.67738,-73.95552,False
741698,K&R Gourmet Deli,K&R Gourmet Deli Corp,2827 Mermaid Ave. ###,11224,313,BKCB13,AC,False,True,800,40.5755,-73.99524,False
741696,Steve'S Food Market,Steve'S Food Market Inc,104 Nassau Ave,11222,301,BKCB1,AC,False,True,1200,40.72414,-73.94963,False
741685,W&Q Grocery,W&Q Grocery Inc,4717 8Th Ave,11220,312,BKCB12,A,False,False,1000,40.64242,-74.00233,False
741684,Markys Caviar,Markys Brooklyn Llc,2323 Avenue X  ###,11235,315,BKCB15,AC,False,True,1500,40.59318,-73.94648,False
741619,Wholesale 888,Wholesale 888 Inc,473 52Nd St,11220,307,BKCB7,AD,False,False,1600,40.6442,-74.01186,False
741607,54 Special Market,54 Special Market Corp,5401 Flatlands Ave.,11234,318,BKCB18,AC,False,True,1500,40.62884,-73.92362,False
741603,Mr. Beet,Zuns 193 Corp,193 Smith St,11201,306,BKCB6,AC,False,True,2000,40.68523,-73.99149,False
741583,1610 Deli,1610 Deli Corp,1610 Nostrand Ave,11226,317,BKCB17,AC,False,True,,40.64677,-73.94913,False
741572,Z&H Mini Market,Z&H Mini Market Inc,1427 Nostrand Avenue ###,11226,317,BKCB17,AC,False,True,,40.65143,-73.94964,False
741568,King 6 Smoke Shop & Deli,King 6 Smoke Shop & Deli Corp,1714 W 6Th St,11223,311,BKCB11,AC,False,True,2000,40.60529,-73.97917,False
741564,Standard Wormwood Distillery,Standard Spirit Corporation,68 34Th Street Fl 1B East -,11232,307,BKCB7,AC,False,True,,40.65728,-74.00634,False
741528,Uncle Richies Deli,Uncle Richies Inc,6730 11Th Avenue,11219,310,BKCB10,AC,False,True,,40.62689,-74.00774,False
741499,Golden Star Sushi,Golden Star Sushi Inc,7002 13Th Avenue ####,11228,310,BKCB10,AC,False,True,100,40.62291,-74.00472,False
741489,350 Utica Deli Grocery,350 Utica Deli Grocery Corp,350 Utica Ave,11213,309,BKCB9,AC,False,True,1500,40.66599,-73.93139,False
741485,Max Grocery,Max Grocery Corp,198 Knickerbocker Ave,11237,304,BKCB4,AC,False,True,1200,40.70356,-73.92669,False
741483,Homeland Food 1,Homeland Food 1 Corp,307 Stuyvesant Ave,11233,303,BKCB3,AC,False,True,1500,40.68394,-73.93224,False
741474,Natural Valley Market Ii,Natural Valley Market Ii Corp,182 Ralph Ave,11233,303,BKCB3,AC,False,True,1600,40.68361,-73.92285,False
741401,Gourmet Garden Market,Gourmet Garden Market Inc,1345 Nostrand Ave ####,11226,317,BKCB17,AC,False,True,,40.65394,-73.94991,False
741369,Wise Gourmet Deli & Grocery,Wise Gourmet Deli & Grocery Corp,821 Franklin Ave,11225,309,BKCB9,AC,False,True,1000,40.6702,-73.95815,False
741361,Kings Apple Farmers Market,Kings Apple Farmers Market Inc,1055 Brighton Beach Ave,11235,313,BKCB13,AC,False,True,2000,40.57826,-73.95789,False
741309,Superfresh,7002 13Th Avenue Meat Llc,7002 13Th Avenue,11228,310,BKCB10,AC,False,True,10000,40.62291,-74.00472,False
741289,Dany Deli 2,Dany Deli 2 Inc,2970 Nostrand Ave,11229,315,BKCB15,AC,False,True,1000,40.61186,-73.94402,False
741287,Dollar Deals,Coney Island Food Mart Inc,92 East 98Th Street ####,11212,316,BKCB16,A,False,False,5000,40.66453,-73.9224,False
741283,Vickies Grocery,Vickies Grocery Inc,5124 6Th Avenue,11220,307,BKCB7,A,False,False,1500,40.64273,-74.00919,False
741238,Royal Bagels,Royal Bagels Inc,1909 Avenue U,11229,315,BKCB15,ABH,True,False,1800,40.59928,-73.95232,False
741173,2020 Riverdale Deli Grocery,2020 Riverdale Deli Grocery Corp,570 Pennsylvania Ave,11207,305,BKCB5,AC,False,True,1000,40.66358,-73.89374,False
741153,5 Star Deli Gourmet,5 Star Deli Gourmet Inc,5301 Fort Hamilton Pkwy ###,11219,312,BKCB12,AC,False,True,1200,40.6364,-74.0006,False
741152,99 Cents Lots,99 Cents Lots Inc,394 New Lots Ave,11207,305,BKCB5,A,False,False,,40.66199,-73.89275,False
741092,Us Bangla Grocery,Us Bangla Grocery Inc,1424 Newkirk Ave,11226,314,BKCB14,AC,False,True,2000,40.63542,-73.96354,False
741052,Cannoli Plus,Cannoli Plus Enterprises Inc,6903 New Utrecht Ave,11228,311,BKCB11,ABC,True,True,8000,40.62023,-73.99867,False
741047,W Fresh,W Fresh Llc,184 Wallabout St,11206,301,BKCB1,AC,False,True,4000,40.69988,-73.95573,False
741040,Deli Brothers Grocery,Deli Brothers Grocery Inc,905 Broadway ####,11206,304,BKCB4,AC,False,True,1000,40.69776,-73.93663,False
740967,Main Pharmacy,I & B Pharmacy Inc,2350 86Th Treet,11214,311,BKCB11,A,False,False,1500,40.59977,-73.99028,False
740963,Tony Deli Grocery 1,Tony Deli Grocery 1 Corp,1478 Bedford Ave,11216,308,BKCB8,AC,False,True,1000,40.67259,-73.95437,False
740960,Seeley Gourmet Deli,Seeley Gourmet Deli Inc,251 Seeley Street,11218,307,BKCB7,AC,False,True,2300,40.6556,-73.97369,False
740956,Fresh Fruit Market,Fresh Fruit Market Inc,313 Malcolm X Blvd,11233,303,BKCB3,AC,False,True,2500,40.68111,-73.9287,False
740944,Deli Vision,Deli Grocery Hermamos Perez Inc,1065 Liberty Ave ###,11208,305,BKCB5,AC,False,True,1000,40.67828,-73.86985,False
740916,Avenue B Grocery,Avenue B Grocery Corp,9010 Avenue B,11236,317,BKCB17,A,False,False,1500,40.64973,-73.91601,False
740888,Shared Roasting,Shared Roasting Llc,43 Washington Ave 1St Floor,11205,302,BKCB2,AC,False,True,,40.69729,-73.96767,False
740791,Hissho Sushi@Stop&Shop#0505,Lwin Family Co Llc,1710 Avenue Y,11235,315,BKCB15,AC,False,True,400,40.58992,-73.95253,False
740788,Sultan Petroleum,Sultan Petroleum Corp,1143 Clarkson Ave.,11212,317,BKCB17,AC,False,True,1200,40.66089,-73.92047,False
740787,Pharmacy 7,Oceana Chemist Inc,388 Neptune Ave,11235,313,BKCB13,A,False,False,1200,40.58048,-73.96696,False
740689,Angie Deli Grocery,Angie Deli Grocery F&C Corp,493 Grand St,11211,301,BKCB1,AC,False,True,1000,40.71092,-73.95147,False
740672,Food Garden Market,608 Franklin Meat Corp,608 Franklin Ave,11238,308,BKCB8,AC,False,True,16000,40.67738,-73.95552,False
740671,Mermaid Prime Meat,Mermaid Prime Meat Corp,1610 Mermaid Avenue,11224,313,BKCB13,AC,False,True,600,40.57671,-73.98407,False
740656,Broski L And R Deli Gro,L And R Deli Grocery Inc,234 Troy Avenue,11213,308,BKCB8,AC,False,True,,40.67161,-73.93642,False
740645,Fruits & Vegetables Brothers,Fruits & Vegetables Brothers Inc,247 Avenue X,11223,315,BKCB15,AC,False,True,1200,40.59016,-73.97365,False
740601,Fresh Gourmet,Fresh Gourmet Corp,1524 Jefferson Ave,11237,304,BKCB4,AC,False,True,1000,40.69731,-73.90736,False
740542,Sanz Meats,Anshei 1420 Corp,4720 New Utrecht,11219,312,BKCB12,AC,False,True,1500,40.63783,-73.9946,False
740540,Seafood Basket Of Brooklyn,Seafood Basket Of Brooklyn Corp,1871 Rockaway Pkwy,11236,318,BKCB18,AC,False,True,1000,40.63689,-73.89237,False
740510,Om Organic,414 Court St Convenience Inc,414 Court St,11231,306,BKCB6,AC,False,True,1200,40.67996,-73.99704,False
740496,Win For Life Deli & Grocery,Win For Life Deli & Grocery Inc,382 Ave P ###,11204,311,BKCB11,AC,False,True,1200,40.60876,-73.9735,False
740477,General Supply,Ic General Corp,220 36Th Street,11232,307,BKCB7,AC,False,True,1200,40.65669,-74.00838,False
740445,Saborcito Puebla Deli Grocery,Saborcito Puebla Deli Grocery Corp,4016 Glenwood Road,11210,317,BKCB17,AC,False,True,1500,40.63461,-73.93768,False
740370,Gold Organic Farm,Gold Organic Farm Inc,277 Gold Street,11201,302,BKCB2,AC,False,True,27000,40.69627,-73.9832,False
740362,J & G Gourmet Deli,J & G Gourmet Deli Corp,232 Meserole Street,11206,301,BKCB1,AC,False,True,1500,40.7084,-73.93964,False
740327,Serie 23 Minimarket,Serie 23 Minimarket Inc,642 Rockaway Avenue,11212,316,BKCB16,AC,False,True,800,40.66426,-73.90935,False
740325,Jt Deli Grocery,Jt Deli Grocery Inc,1055 Blake Avenue,11208,305,BKCB5,AC,False,True,1200,40.6701,-73.87953,False
740313,Classon Deli Gourmet,Classon Deli Gourmet Corp,502 Prospect Place,11238,308,BKCB8,AC,False,True,1500,40.67578,-73.9599,False
740311,Williamsburg Deli Grocery,Williamsburg Deli Grocery Corp,153 Havemeyer Street,11211,301,BKCB1,AC,False,True,1000,40.71151,-73.95758,False
740242,Lincoln Market,Bakir Inc,633 Marcy Avenue,11206,303,BKCB3,AC,False,True,5000,40.69288,-73.94872,False
740240,Fruit Dynasty,Fruit Dynasty Inc,259 Brighton Beach Ave,11235,313,BKCB13,AC,False,True,2000,40.57681,-73.96521,False
740180,La Finca Frutas Y Vegetables,La Finca Fruits And Vegetables Corp,101 Moore Street,11206,301,BKCB1,AC,False,True,4000,40.70385,-73.94162,False
740159,731 M&M Deli Grocery,731 M&M Deli Grocery Corp,731 Hegeman Avenue,11207,305,BKCB5,AC,False,True,700,40.66284,-73.88488,False
740147,Emanuel Deli Grocery,Emanuel Deli Grocery Corp,6402 Bay Pkwy,11204,311,BKCB11,A,False,False,800,40.61434,-73.9809,False
740134,Foodtown Seafood,Jay Seafood Inc,1958 Ralph Ave. ###,11234,318,BKCB18,AC,False,True,700,40.62973,-73.91866,False
740127,Bridge Food Mart,Bridge Food Mart Corp,427 Whyte Avenue,11249,315,BKCB15,AC,False,True,400,40.59753,-73.96827,False
740078,Papi Fish Market,Papi Fish Market Corp,2036 Bedford Ave,11226,317,BKCB17,AC,False,True,,40.65476,-73.95626,False
740047,J M L Deli,J M L Deli Corp,297 T S Boyland St.,11233,316,BKCB16,AC,False,True,,40.67401,-73.91393,False
740032,Xin Rong Grocery,Xin Rong Grocery Inc,6102 18Th Avenue,11204,311,BKCB11,A,False,False,1500,40.62135,-73.98793,False
740023,Beach Deli The,New D And C Market Inc,2876 Gerritsen Ave,11229,315,BKCB15,AC,False,True,1200,40.59021,-73.92221,False
740003,Royal Usa Trade,Royal Usa Trade Inc,380 Manhattan Ave,11211,301,BKCB1,A,False,False,,40.71706,-73.94652,False
739967,413 Brooklyn Deli & Grill,413 Brooklyn Deli & Grill Corp,413 Bushwick Ave,11206,301,BKCB1,AC,False,True,2400,40.70307,-73.93749,False
739916,Francena Mini Mart Food,Francena Mini Mart Food Corp,1608 Sterling Place,11213,308,BKCB8,AC,False,True,2400,40.67119,-73.92547,False
739867,24/7 Eats Deli & Grill,24/7 Eats Deli & Grill Corp,1199 Sutter Avenue,11208,305,BKCB5,AC,False,True,2500,40.67252,-73.87358,False
739841,Ujamaa Health Food,Ujamaa Health Food Inc,406 Utica Ave,11213,309,BKCB9,AC,False,True,800,40.66462,-73.93152,False
739775,New Apon Grocery,New Apon Grocery Inc,415 Church Ave,11218,312,BKCB12,AC,False,True,500,40.64427,-73.97599,False
739725,Sagal Meat,728 Meat Market Corp,728 Broadway ###,11206,301,BKCB1,AC,False,True,2000,40.7011,-73.94253,False
739723,Pathmark Seafood,Ydhny Inc,1525 Albany Ave,11210,317,BKCB17,AC,False,True,200,40.63574,-73.93722,False
739705,Serie 03 Deli,Serie 03 Deli Corp,2233 Pitkin Ave,11207,305,BKCB5,AC,False,True,2000,40.67279,-73.88993,False
739631,Williamsburg Organic Deli 1,Williamsburg Organic Deli 1 Corp,301 Union Ave,11211,301,BKCB1,A,False,False,800,40.70951,-73.95088,False
739624,Willy Deli Grocery,Willy Deli Grocery Corp,506 Court Street,11231,306,BKCB6,AC,False,True,1500,40.67658,-73.99868,False
739574,Dollar Tree #07595,Dollar Tree Stores Inc,2612 Pitkin Avenue,11208,305,BKCB5,A,False,False,,40.67489,-73.87557,False
739550,595 Prospect Market,595 Prospect Market Llc,595 5Th Ave,11215,307,BKCB7,AC,False,True,3700,40.66442,-73.99027,False
739542,Pequin Deli Grocery,Pequin Deli Grocery Corp,510 51St Street,11220,307,BKCB7,AC,False,True,1200,40.64433,-74.01055,False
739530,Xing Fu Yuan,Xing Fu Yuan Inc,5802 Fort Hamilton Pkwy 1Fl ####,11219,312,BKCB12,A,False,False,900,40.63396,-74.00423,False
739470,Brooklyn Beauty/Fashion Labo,Saga Creative Corp,300 7Th Street,11215,306,BKCB6,A,False,False,2000,40.67077,-73.9861,False
739458,Checo Grocery & Grill,Checo Grocery & Grill Corp,620 Howard Avenue,11212,316,BKCB16,AC,False,True,700,40.66691,-73.91978,False
739455,New Jersey Grocery,New Jersey Grocery Corp,391 Liberty Avenue,11207,305,BKCB5,AC,False,True,1000,40.67456,-73.89536,False
739454,Interexpress Food,Interexpress Food Llc,3178 Coney Island Ave. ###,11235,313,BKCB13,AC,False,True,3000,40.57852,-73.95967,False
739419,88 Fresh Vegetables Mrkt,88 Fresh Vegetables Market Inc,4501 8Th Ave,11220,312,BKCB12,AC,False,True,1500,40.64383,-74.00088,False
739385,En Shan Grocery,En Shan Grocery Inc,5916 Fort Hamilton Pkwy,11219,312,BKCB12,A,False,False,1000,40.63323,-74.00533,False
739308,Matanzas Deli Market,Matanzas Deli Market Corp,1564 Park Place,11213,308,BKCB8,AC,False,True,,40.67208,-73.9254,False
739302,Lorimer Deli & Grocery,Lorimer Deli & Grocery Inc,593 Metropolitan Ave,11211,301,BKCB1,AC,False,True,1000,40.71406,-73.94912,False
739263,Baby City,Dodabiko Inc,6729 5Th Avenue,11220,310,BKCB10,A,False,False,1800,40.6348,-74.02046,False
739260,4Th Ave Fine Food,Bhakti514 Inc,514 4Th Avenue,11215,306,BKCB6,A,False,False,2000,40.66767,-73.99102,False
739257,Fleet Organic Market,Fleet Organic Market Inc,81 Fleet Place,11201,302,BKCB2,AC,False,True,,40.69308,-73.98137,False
739255,Briyana Organics Deli,Briyana Organics Deli Corp,1229 Bedford Ave,11216,303,BKCB3,AC,False,True,1000,40.68115,-73.95346,False
739227,Mona Lisa Baking,Gonzaga Baking Corp,7717 13Th Ave,11228,310,BKCB10,ABC,True,True,3000,40.61875,-74.00903,False
739221,Wegmans #111,Wegmans Food Markets Inc,21 Flushing Ave,11205,302,BKCB2,AC,False,True,7350,40.69815,-73.97843,False
739205,Five Friends United Supermarket,Five Friends United Supermarket Inc,5613-5615 8Th Avenue,11220,312,BKCB12,AC,False,True,1500,40.63744,-74.00751,False
739204,5313 Grocery,5313 Grocery Inc,5313 Fort Hamilton Pkwy,11219,312,BKCB12,A,False,False,900,40.63621,-74.00087,False
739197,La Tiendita Grocery,La Tiendita Mexicana Inc,506 48Th St Ground Floor,11220,307,BKCB7,AC,False,True,500,40.64613,-74.00894,False
739191,Sunset Bagels,Industry City Wholesale Inc,946 4Th Avenue ####,11232,307,BKCB7,ABC,True,True,3000,40.65452,-74.0043,False
739157,Nostrand Food 1,Nostrand Food Corp 1,1294 Nostrand Avenue,11226,309,BKCB9,AC,False,True,,40.65556,-73.95009,False
739038,Cielo Azul Deli Grocery,Cielo Azul Deli Grocery Inc,6910 8Th Avenue,11228,310,BKCB10,AC,False,True,800,40.6301,-74.01517,False
739004,El Desecho Deli Grocery,El Desecho Deli Grocery Corp,1874 Fulton Street,11233,303,BKCB3,AC,False,True,,40.67902,-73.92441,False
738981,Dsk,812 Corp,812 Franklin Ave,11225,309,BKCB9,AC,False,True,700,40.67012,-73.95817,False
738885,Taste Of Russia,Brighton Beach International Food Inc,219 Brighton Beach Ave,11235,313,BKCB13,AC,False,True,6000,40.57654,-73.96647,False
738867,Maruti 9116,Maruti 9116 Corp,9116 Third Avenue,11209,310,BKCB10,AC,False,True,2000,40.61953,-74.03266,False
738802,Alive Herbals Ii,Alive Herbals Ii Corp,95 Halsey Street ####,11216,303,BKCB3,AC,False,True,1000,40.68181,-73.9497,False
738800,Crust Baker,Crust Baker Inc,1149 Nostrand Ave,11225,309,BKCB9,ABCH,True,True,2000,40.65957,-73.9505,False
738790,Cerrito Deli Grocery,Cerrito Deli Grocery Corporation,4001 9Th Ave,11232,312,BKCB12,AC,False,True,1600,40.64529,-73.99576,False
738776,Brooklyn Deli & Grocery,Brooklyn Deli & Grocery Inc,1322 Nostrand Ave,11226,317,BKCB17,AC,False,True,,40.65462,-73.94999,False
738774,3Rd Gen Food Market,3Rd Gen Food Market Corp,689 Ralph Ave,11212,316,BKCB16,AC,False,True,1000,40.66596,-73.92247,False
738744,Peralta Mini Market,Peralta Mini Market Corp,3210 Fulton Street,11208,305,BKCB5,AC,False,True,2200,40.68241,-73.87649,False
738742,Gourmet Fresh 2,Gourmet Fresh 2 Llc,530 86Th Street,11209,310,BKCB10,AC,False,True,8000,40.62088,-74.02522,False
738738,Asim Deli & Grocery,Asim Deli & Grocery Inc,356 S 1St Street,11211,301,BKCB1,A,False,False,,40.71061,-73.95271,False
738709,Sprinkles,Bh Sprinkles Williamsburg Inc,194 Wallabout Street ####,11206,301,BKCB1,AC,False,True,,40.69993,-73.95527,False
738707,Family Dollar #32292,Family Dollar Stores Of New York Llc,644 Gates Ave,11221,303,BKCB3,A,False,False,7140,40.6875,-73.9392,False
738682,La Jugueria,La Jugueria Inc,410 52Nd Street,11220,307,BKCB7,AC,False,True,1500,40.64509,-74.01332,False
738625,Maita Deli Grocery,Maita Deli Grocery Corp,1571 St Johns Place,11213,308,BKCB8,AC,False,True,900,40.6703,-73.92555,False
738593,State Express Deli,State Express Deli Corp,68 Bond Street,11217,302,BKCB2,AC,False,True,1500,40.6877,-73.98432,False
738590,Mexican Deli,Tacos California 1 Mexican Restaurant Co,6114 5Th Avenue,11220,307,BKCB7,AC,False,True,,40.63859,-74.01708,False
738574,Red Stone Pharmacy,Invictus Pharmacy Corp,2749 Pitkin Ave,11208,305,BKCB5,A,False,False,1500,40.67558,-73.87064,False
738546,Danish Organic 6,Danish Organic 6 Inc,7702 3Rd Ave,11209,310,BKCB10,AC,False,True,1500,40.62994,-74.02842,False
738545,New Friends Food Market,New Friends Food Market Corp,244 Ridgewood Avenue,11208,305,BKCB5,AC,False,True,1500,40.68372,-73.87949,False
738541,Ali Deli & Grocery Ny,Ali Deli & Grocery Ny Inc,839 Pennsylvania Ave ###,11207,305,BKCB5,AC,False,True,1500,40.65715,-73.88946,False
738534,Jk Flatbush Farm,Jk Flatbush Farm Corp,1124 Flatbush Ave,11226,314,BKCB14,AC,False,True,4000,40.64306,-73.95773,False
738524,Super Starlin Deli,Super Starlin Deli Corp,172 Schenectady Ave,11213,308,BKCB8,AC,False,True,1000,40.67328,-73.93347,False
738494,Bay Ridge Kings Market,Bay Ridge Kings Market Inc,8118 5Th Avenue,11209,310,BKCB10,AC,False,True,1000,40.62463,-74.02463,False
738416,Long Xing Trading,Long Xing Trading Corp,6501A Bay Parkway ###,11204,311,BKCB11,A,False,False,,40.61367,-73.98159,False
738406,Barrow'S Intense Tasting Room,Proof Of Concept Llc,86 34Th Street C134 ####,11232,307,BKCB7,ACE,False,True,3000,40.65695,-74.00579,False
738400,Riwei Mini Market,Riwei Mini Market Inc,6418 7Th Avenue,11220,310,BKCB10,AC,False,True,2000,40.63437,-74.01475,False
738399,Cookunity,Cookunity Inc,630 Flushing Ave ####,11206,303,BKCB3,ACDK,False,True,1600,40.69994,-73.94869,False
738374,Estefania Deli Grocery,Estefania Deli Grocery Corp,4824 6Th Avenue,11220,307,BKCB7,AC,False,True,1000,40.64442,-74.00744,False
738362,A&J Grocery,A&J Grocery Inc,1910 86Th Street,11214,311,BKCB11,A,False,False,,40.60571,-74.00009,False
738350,M T Deli Grocery,M T Deli Grocery Inc,245 Howard Avenue,11233,303,BKCB3,AC,False,True,1100,40.67945,-73.9193,False
738316,Bros Best Produce,Bros Best Produce Corp,7808 5Th Avenue,11209,310,BKCB10,AC,False,True,1400,40.62706,-74.02363,False
738311,Bravo Supermarket,Bama Food Corp,785 Grand Street,11211,301,BKCB1,AC,False,True,,40.71183,-73.94171,False
738297,Associated Fresh,597 Livonia Meat Corp,597 Livonia Avenue,11207,305,BKCB5,AC,False,True,8000,40.66454,-73.89546,False
738264,Thriftcare Pharmacy,Npa Pharmaceuticals Llc,1717 Foster Ave,11230,314,BKCB14,A,False,False,2500,40.63527,-73.96061,False
738262,Costa Del Sur Deli,Costa Del Sur Deli Corp,2952 Fulton Street,11207,305,BKCB5,AC,False,True,800,40.67957,-73.88586,False
738260,Los 3 Hermanos,Los 3 Hermanos Corp,8742 25Th Avenue,11214,311,BKCB11,AC,False,True,1500,40.59509,-73.99015,False
738253,1818 Fishmarket,1818 Fishmarket Inc,1818 Church Ave,11226,314,BKCB14,AC,False,True,,40.64964,-73.96257,False
738248,Friends Gourmet Deli,Friends Gourmet Deli Inc,1788 Pitkin Ave,11212,316,BKCB16,AC,False,True,,40.67022,-73.90723,False
738200,S&D Grocery Store,S&D Grocery Store Inc,420 Mother Gaston Blvd,11212,316,BKCB16,AC,False,True,600,40.66873,-73.90662,False
738103,Green Product Market,Green Product Market Inc,5706 8Th Ave,11220,312,BKCB12,A,False,False,1400,40.63701,-74.00795,False
738039,King Central Deli,King Central Deli Inc,468 Central Avenue,11221,304,BKCB4,AC,False,True,1000,40.69223,-73.91488,False
738006,Kings Express Grocery,Kings Express Grocery Inc,478 Kings Hwy,11223,315,BKCB15,AC,False,True,2300,40.6042,-73.97204,False
737954,544 Food Market,544 Food Market Corp,544 Throop Ave,11221,303,BKCB3,AC,False,True,1000,40.6848,-73.94128,False
737952,88 Lucky Grocery,88 Lucky Grocery Inc,1714 86Th Street Floor 1,11214,311,BKCB11,A,False,False,1600,40.60834,-74.00443,False
737951,National Wholesale Liquidators,Mas Wolesale Holdings Llc,2201 59Th Street,11204,312,BKCB12,A,False,False,45000,40.61711,-73.97757,False
737943,Soto Mini Market,Soto Mini Market Corp,333 Cresent Street,11208,305,BKCB5,AC,False,True,800,40.68079,-73.87132,False
737934,Stillwells Deli & Grocery,Stillwells Deli & Grocery Inc,1806 Stillwell Avenue,11223,311,BKCB11,AC,False,True,1200,40.60239,-73.98632,False
737930,Kiwi Grocery 2,Kiwi Grocery 2 Corp,490 Atkins Avenue,11208,305,BKCB5,AC,False,True,700,40.6668,-73.87628,False
737917,Sanchez Deli & Fruit Store,Sanchez Deli & Fruit Store Corp,816 Broadway,11206,304,BKCB4,AC,False,True,250,40.69946,-73.93963,False
737893,Mi Parcela Fruits & Vegs,Mi Parcela Fruits & Vegs Corp,3400 Fulton Street ####,11208,305,BKCB5,AC,False,True,1200,40.68423,-73.87011,False
737882,Williamsburg Bagel,Chaims Grocery Inc,73 Lee Avenue,11211,301,BKCB1,ABC,True,True,4400,40.70556,-73.95977,False
737869,Dollar Tree #07552,Dollar Tree Stores Inc,533 Remsen Ave,11236,317,BKCB17,A,False,False,,40.65344,-73.92067,False
737855,Fresh Food Choice,Fresh Food Choice Corp,2715 Mermaid Avenue,11224,313,BKCB13,AC,False,True,2500,40.57566,-73.99372,False
737841,Sahadis,Sahadis Llc,34 35Th Street,11232,307,BKCB7,AC,False,True,7000,40.65706,-74.00751,False
737838,Spring Grab And Go Bakery,Spring Grab And Go Bakery Llc,4801 13Th Avenue,11219,312,BKCB12,ACH,False,True,900,40.63549,-73.99164,False
737827,Taha Deli & Grill,Taha Deli & Grill Inc,8010 Flatlands Ave,11236,318,BKCB18,AC,False,True,1500,40.63578,-73.91287,False
737816,Cravings,Cravings Group Corp,1499 E 15Th St,11230,314,BKCB14,AC,False,True,1200,40.61309,-73.9591,False
737674,Yi Jie Sha Grocery,Yi Jie Sha Grocery Inc,5423 9Th Avenue,11220,312,BKCB12,AC,False,True,500,40.63706,-74.00432,False
737651,55 Grill Zone,Yamanys Inc,5418 New Utrecht Ave,11219,312,BKCB12,AC,False,True,1000,40.63196,-73.99537,False
737648,Victoria Mini Market,Victoria Mini Market Corp,845 Mcdonald Ave,11218,312,BKCB12,AC,False,True,1600,40.63339,-73.97766,False
737612,Bp Gas Station,Gujrat Service Station Inc,8775 Bay Pkwy,11214,311,BKCB11,A,False,False,1000,40.59833,-73.99754,False
737570,Vittorias Mercato,Jeig Corp,166 Bedford Ave,11249,301,BKCB1,AC,False,True,,40.71824,-73.95727,False
737539,Mc Fresh Market,Mc Fresh Market Inc,840 Nostrand Ave,11225,309,BKCB9,AC,False,True,3000,40.66935,-73.95053,False
737525,New Xing Market,New Xing Market Corp,4322 8Th Ave ####,11232,312,BKCB12,A,False,False,2000,40.6446,-74.00007,False
737502,Big Apple Deli & Grill 3,Big Apple Deli & Grill 3 Corp,4502 New Utrecht Ave,11219,312,BKCB12,AC,False,True,800,40.63996,-73.99434,False
737476,Mideast Bakery & Grocery,Tonys Bargains & Closeouts Inc,7808 3Rd Ave,11209,310,BKCB10,ABC,True,True,2000,40.62905,-74.02879,False
737470,Candy & Deli,Candy & Deli Corp,349B Waverly Ave,11238,302,BKCB2,AC,False,True,1000,40.68762,-73.96673,False
737433,Julians Discount Store,Julians Discount Store Inc,260 Utica Ave Suite 2,11213,308,BKCB8,A,False,False,6000,40.6696,-73.93104,False
737425,Gdf Specialty,Gdf Specialty Inc,1494 Coney Island Ave,11230,314,BKCB14,AC,False,True,2700,40.6211,-73.96447,False
737391,Canaan Deli,Canaan Deli Corp,191 York Street,11201,302,BKCB2,AC,False,True,,40.70139,-73.98318,False
737382,6Th Avenue Mini Market,6Th Avenue Mini Market Llc,5601 6Th Avenue,11220,307,BKCB7,A,False,False,1500,40.64032,-74.01169,False
737352,Late Night Stars Deli,Late Night 357 Inc,357 Graham Ave,11211,301,BKCB1,AC,False,True,1600,40.71512,-73.94448,False
737267,Lisa Deli & Grocery,Lisa Deli & Grocery 2019 Corp,411 Myrtle Ave,11205,302,BKCB2,AC,False,True,,40.69311,-73.96936,False
737261,Boston Fish Market,Island Fish Market Inc,2116 Nostrand Ave,11210,314,BKCB14,AC,False,True,2000,40.63376,-73.94775,False
737251,Kikka@Whole Foods Brooklyn,Ito Inc,214 3Rd St,11215,306,BKCB6,AC,False,True,400,40.67527,-73.98843,False
737227,Dollar Tree #07254,Dollar Tree Stores Inc,350 Junius St,11212,316,BKCB16,A,False,False,3000,40.66603,-73.90206,False
737215,Greek Bakaliko,Aaym Corp,7615 5Th Avenue,11209,310,BKCB10,AC,False,True,1000,40.62827,-74.02314,False
737211,Kings Flatbush Ext C-Store,Bolla Operating Corp,185 Flatbush Ave Ext,11201,302,BKCB2,AC,False,True,,40.69457,-73.98371,False
737198,S&O Star Deli,S&O Star Deli Corp,6602 Bay Pkwy,11204,311,BKCB11,AC,False,True,,40.61314,-73.98214,False
737196,Mkmg Deli Grocery,Mkmg Deli Grocery Inc,19 Sackman Street,11233,316,BKCB16,A,False,False,800,40.67879,-73.90617,False
737189,A&M Prospect Deli 1,A&M Prospect Deli 1 Corp,212 Prospect Park W,11215,307,BKCB7,AC,False,True,1200,40.6603,-73.98044,False
737183,Royal Deli Grill,Rw Star Deli Inc,2024 Cropsey Ave,11214,311,BKCB11,AC,False,True,1000,40.5998,-74.00223,False
737173,Demu Fish & Meat,Demu Fish & Meat Llc,763 Fulton Street,11217,302,BKCB2,AC,False,True,3000,40.68617,-73.97417,False
737168,Best 1 Deli & Grocery,Best 1 Deli & Grocery Inc,5 Bradford Street,11207,305,BKCB5,AC,False,True,800,40.67971,-73.89398,False
737154,Portokali Market,Portokali Market Corp,1519 Sheepshead Bay Rd,11235,315,BKCB15,AC,False,True,4000,40.58724,-73.95343,False
737139,Bobby Deli & Convinience,Bobby Deli & Convinience Inc,6520 18Th Avenue,11204,311,BKCB11,AC,False,True,1200,40.61862,-73.9907,False
737113,764 Rafi Deli Grocery,764 Rafi Deli Grocery Inc,764 Snediker Avenue,11207,305,BKCB5,AC,False,True,600,40.65585,-73.89753,False
737107,Q&Y,Q&Y Inc,122 Avenue S,11223,311,BKCB11,A,False,False,1200,40.60085,-73.98109,False
737100,Food Basket,Ey Sales Corp,5921 20Th Ave,11204,312,BKCB12,AC,False,True,2200,40.61953,-73.98272,False
737096,Gaby'S Deli Grocery,Division Food Market Corp,71 Division Ave,11249,301,BKCB1,AC,False,True,1000,40.7072,-73.96617,False
737086,Georgia Deli,Georgia Deli Corp,591 Sutter Avenue,11207,305,BKCB5,AC,False,True,1000,40.66912,-73.89696,False
737082,Brooklyn Only Foods,Brooklyn Only Foods Inc,78 Henry Street,11201,302,BKCB2,AC,False,True,,40.69849,-73.99251,False
737063,Jiahe Grocery,Jiahe Grocery Inc,4605 8Th Avenue,11220,312,BKCB12,A,False,False,2000,40.64318,-74.00155,False
737057,Precycle,Precycle Llc,321 Starr St Space H,11237,304,BKCB4,AC,False,True,1500,40.70773,-73.92049,False
737045,First Stop Grocery,First Stop Grocery Ny Corp,5316 3Rd Ave ##,11220,307,BKCB7,AC,False,True,1000,40.64573,-74.01682,False
737012,San Pedro Deli,San Pedro Deli Corp,780 4Th Avenue,11232,307,BKCB7,AC,False,True,1200,40.65978,-73.99883,False
737000,Far Deli,Far Deli Corp,560 Evergreen Ave,11221,304,BKCB4,AC,False,True,800,40.69077,-73.91632,False
736991,El Buen Chapin Deli Grocery,El Buen Chapin Deli Grocery Corp,3915 5Th Ave,11232,307,BKCB7,AC,False,True,1200,40.65093,-74.00425,False
736985,Brighton Best 99 Cents,705 Brighton Beach Corp,705 Brighton Beach Ave,11235,313,BKCB13,A,False,False,1500,40.5779,-73.9603,False
736943,Johns Family Fish Market,Johns Family Fish Market Corp,184 Avenue U,11223,311,BKCB11,AC,False,True,2500,40.59655,-73.97722,False
736896,Walgreens #19994,Walgreen Eastern Co Inc,1040 Saint Johns Pl,11213,308,BKCB8,A,False,False,3000,40.67123,-73.94319,False
736893,Walgreens #19375,Walgreen Eastern Co Inc,7009 13Th Ave,11228,310,BKCB10,A,False,False,3000,40.62267,-74.00497,False
736890,Walgreens #19158,Walgreen Eastern Co Inc,1419 Newkirk Ave,11226,314,BKCB14,A,False,False,,40.63547,-73.96343,False
736882,Walgreens #18321,Walgreen Eastern Co Inc,2532 86Th St #54,11214,311,BKCB11,A,False,False,10000,40.59689,-73.98624,False
736881,Walgreens #18305,Walgreen Eastern Co Inc,120 Court St,11201,302,BKCB2,A,False,False,,40.68987,-73.99231,False
736879,Walgreens #18228,Walgreen Eastern Co Inc,1111 Pennsylvania Ave,11207,305,BKCB5,A,False,False,8000,40.65396,-73.88707,False
736877,Yunior Deli & Grocery,Yunior Deli & Grocery Inc,4523 6Th Avenue ###,11220,307,BKCB7,AC,False,True,,40.6461,-74.0057,False
736876,Forest Mini Market,Forest Mini Market Corp,562 Wilson Ave,11207,304,BKCB4,AC,False,True,2000,40.69088,-73.90847,False
736875,Wholesome Farms Market,Jay Street Food Corp,108 Jay Street,11201,302,BKCB2,AC,False,True,2900,40.70164,-73.98675,False
736873,Walgreens #18219,Walgreen Eastern Co Inc,1720 Kings Hwy,11229,315,BKCB15,A,False,False,10000,40.60979,-73.95592,False
736861,Walgreens #18204,Walgreen Eastern Co Inc,355 Knickerbocker Ave,11237,304,BKCB4,A,False,False,20000,40.70078,-73.92182,False
736859,Walgreens #18135,Walgreen Eastern Co Inc,1532 86Th St #34,11228,311,BKCB11,A,False,False,2000,40.61086,-74.00855,False
736808,Taza Produce,Taza Produce Inc,302 86Th St,11209,310,BKCB10,AC,False,True,2000,40.62343,-74.0309,False
736791,Kikka At 365 Fort Greene,Ito Inc,292 Ashland Place ###,11217,302,BKCB2,AC,False,True,300,40.68649,-73.97815,False
736776,Prospect Park South Deli Grocery,Prospect Park South Deli Grocery Inc,1201 Church Avenue ###,11218,314,BKCB14,AC,False,True,800,40.6474,-73.96824,False
736757,Bay Gourmet,Bay Gourmet Corp,2279 86Th Street,11214,311,BKCB11,AC,False,True,1500,40.60069,-73.99182,False
736700,Mary Grocery,Mary Grocery Inc,5721 Fort Hamilton Pkwy,11219,312,BKCB12,A,False,False,600,40.63419,-74.00389,False
736683,Fish To Dish,Fish Net Bp Inc,1280 43Rd Street,11219,312,BKCB12,AC,False,True,1000,40.6385,-73.98881,False
736665,Bay 31 Supermarket,Bay 31 Supermarket Inc,2222 86Th Street,11214,311,BKCB11,AC,False,True,3000,40.60154,-73.99322,False
736662,Grace Food & Deli,Grace Food & Deli Corp,1053 Bedford Ave,11216,303,BKCB3,AC,False,True,1100,40.6878,-73.95479,False
736653,Gumption Coffee,Gumption Coffee Inc,168 39Th Street,11232,307,BKCB7,AC,False,True,6000,40.65545,-74.0108,False
736635,1108 Blake Deli,1108 Blake Deli Inc,1108 Blake Ave,11208,305,BKCB5,AC,False,True,,40.67045,-73.87717,False
736634,Mb Deli Grocery,Mb Deli Grocery Corp,141 Evergreen Ave,11206,304,BKCB4,AC,False,True,1200,40.69883,-73.93064,False
736629,Golden Farms,Golden Boys Group Inc,416 Crescent St,11208,305,BKCB5,AC,False,True,10000,40.67839,-73.87074,False
736603,Dumbo Market,66 Meat Corp,66 Front Street,11201,302,BKCB2,AC,False,True,9000,40.70209,-73.99048,False
736587,Sweet Chelsea Grocery,Sweet Chelsea Grocery Inc,4708 7Th Avenue,11220,307,BKCB7,A,False,False,,40.64397,-74.00431,False
736584,Duals Natural,Amp Usa Inc,321 Broadway ##,11211,301,BKCB1,A,False,False,1600,40.70805,-73.95686,False
736535,Sunnydale Of Brooklyn,Sunnydale Of Brooklyn Inc,49-01 Avenue N,11234,318,BKCB18,AC,False,True,1200,40.619687,-73.918104,True
736529,My Rancho Fruit & Vegetable,My Rancho Fruit & Vegetable Corp,3289 Fulton Avenue,11208,305,BKCB5,AC,False,True,800,40.68318,-73.87379,False
736494,Myrtle & Grove Gas,Myrtle & Grove Gas Inc,1525 Myrtle Ave,11237,304,BKCB4,AC,False,True,1500,40.69922,-73.91434,False
736456,J&D Deli Grocery,J&D Deli Grocery Ny Corp,448 Herzl Street,11212,316,BKCB16,AC,False,True,,40.65892,-73.91279,False
736435,Laziza Deli & Grocery,Laziza Deli & Grocery Corp,418 Evergreen Ave,11221,304,BKCB4,AC,False,True,,40.69311,-73.92185,False
736396,L&E Deli Grocery,L&E Deli Grocery Corp,820 5Th Avenue,11232,307,BKCB7,AC,False,True,1000,40.6542,-74.00083,False
736391,Mahbeer Convenience,Mahbeer Convenience Inc,2321 65Th Street,11204,311,BKCB11,AC,False,True,,40.61216,-73.97864,False
736228,Sunrise Mart,Love Field Inc,934 3Rd Avenue,11232,307,BKCB7,AC,False,True,5000,40.65557,-74.00567,False
736181,17 Gourmet Deli Grill,17 Gourmet Deli Grill Inc,1702 86Th St,11214,311,BKCB11,AC,False,True,1500,40.6085,-74.00468,False
736127,Met Fresh Supermarket,Bushwick Market Inc,1381 Myrtle Avenue,11237,304,BKCB4,AC,False,True,5500,40.69854,-73.92093,False
736104,C&B Deli Grocery,C&B Deli Grocery Corp,4002 8Th Avenue,11232,312,BKCB12,AC,False,True,1200,40.64662,-73.99797,False
736092,Hena 350,Hena 350 Inc,350 Jay Street ###,11201,302,BKCB2,AC,False,True,,40.69345,-73.98723,False
736082,Diksha 1426,Diksha 1426 Inc,1426 Bedford Ave,11216,308,BKCB8,AC,False,True,1800,40.67435,-73.95374,False
736080,Walgreens #17772,Walgreen Eastern Co Inc,462 5Th Ave,11215,306,BKCB6,A,False,False,12000,40.66846,-73.98688,False
736064,U & A Mini Mart,U & A Mini Mart Llc,9627 Avenue L,11236,318,BKCB18,A,False,False,1000,40.63866,-73.89533,False
735988,Food Universe Marketplace,Cs Mini Market Inc,773 New Lots Ave,11208,305,BKCB5,AC,False,True,5000,40.66667,-73.88197,False
735979,Sub Hub,Sub Hub Corporation,471 7Th Ave ###,11215,307,BKCB7,AC,False,True,500,40.6623,-73.98541,False
735969,El Mercadito Grocery 2,El Mercadito Grocery 2 Corp,216 Ridgewood Avenue,11208,305,BKCB5,AC,False,True,700,40.68339,-73.88087,False
735960,Nut House,Nut House Inc,1117 Brighton Beach Avenue,11235,313,BKCB13,AC,False,True,1200,40.57786,-73.95638,False
735937,Stargate Groceries,Spectacular Sirius A Llc,1104 Rogers Ave,11226,317,BKCB17,AC,False,True,,40.6429,-73.95162,False
735864,Target Store T-3243,Target Corporation,1715 E 13Th St,11229,315,BKCB15,AC,False,True,35000,40.60757,-73.95996,False
735842,La Abuelita,La Abuelita Corp,123 Wyckoff Ave,11237,304,BKCB4,AC,False,True,550,40.70419,-73.91904,False
735823,Lucky 7S Deli On 5Th,Lucky 7S Deli On 5Th Corp,7626 5Th Avenue,11209,310,BKCB10,AC,False,True,1500,40.62813,-74.02321,False
735816,Wan Jia Mini Mart,Wan Jia Mini Mart Inc,5623 Fort Hamilton Parkway,11219,312,BKCB12,AC,False,True,750,40.63462,-74.00325,False
735679,1149 Yamasa Grocery,1149 Yamasa Grocery Inc,1149 Blake Ave,11208,305,BKCB5,AC,False,True,,40.67074,-73.87503,False
735642,Pollo Licey Food Market,Pollo Licey Food Market Corp,200 Jamaica Ave,11207,305,BKCB5,AC,False,True,1200,40.68038,-73.89272,False
735640,Win Discount Mart,S & S Bk Inc,2328 Bath Ave,11214,311,BKCB11,AC,False,True,1500,40.59649,-73.99436,False
735616,Matthew Grocery Store,Matthew Grocery Store Inc,38 Herzyl Street  ##,11212,316,BKCB16,AC,False,True,1000,40.66921,-73.91549,False
735597,Shadai Deli & Grocery,Shadai Deli & Grocery Corp,7709 New Utrecht Ave. ###,11214,311,BKCB11,AC,False,True,1500,40.61382,-74.0005,False
735588,Simply Sushi Llc,Simply Sushi Llc,1274 39Th Street  ###,11218,312,BKCB12,AC,False,True,,40.6408,-73.98656,False
735583,Willoughby General Store,Willoughby General Store Llc,518A Willoughby Ave,11206,303,BKCB3,AC,False,True,300,40.69392,-73.94868,False
735559,Ossie'S,Back To Boro Park Fish Inc,1274 39Th St. ###,11218,312,BKCB12,AC,False,True,,40.6408,-73.98656,False
735523,Grisman Bakery,Grisman Bakery Inc,1684 86Th Street,11214,311,BKCB11,ABC,True,True,3000,40.60885,-74.00525,False
735520,Javier Vargas Luna/Luna Market,Los Primos Fresh Market Corp,4010 5Th Avenue,11232,307,BKCB7,AC,False,True,1700,40.65044,-74.00476,False
735519,Cleveland Deli & Organic,Cleveland Deli & Organic Corp,2959 Fulton Street,11208,305,BKCB5,AC,False,True,1000,40.67972,-73.88539,False
735493,Bp Gas & Shop,Flat Petroleum Inc,108-04 Flatlands Ave,11236,318,BKCB18,AC,False,True,1000,40.641768,-73.884328,True
735487,Fresh Foods Meat Market,Mdm Irving Corp,180 Irving Ave,11237,304,BKCB4,AC,False,True,1500,40.70175,-73.9192,False
735463,La Placita Supermarket,Thyago Inc,4219 8Th Ave,11232,312,BKCB12,AC,False,True,4000,40.6452,-73.99945,False
735314,Xinglong Grocery,Xinglong Grocery Inc,6601 Fort Hamilton Pkwy,11219,310,BKCB10,A,False,False,1100,40.63009,-74.01007,False
735307,Z Market & Deli,Z Market & Deli Corp,3901 Nostrand Ave Store # 4,11235,315,BKCB15,AC,False,True,,40.58859,-73.9396,False
735301,1268 Deli Grocery,1268 Deli Grocery Corp,1268 Sutter Ave,11208,305,BKCB5,AC,False,True,1500,40.67289,-73.87116,False
735279,Threes Brewing,Threefold Holdings Llc,333 Douglass Street,11217,306,BKCB6,AC,False,True,8000,40.67954,-73.98234,False
735272,Chimi Corner Deli,Chimi Corner Deli Corp The,5624 4Th Ave,11220,307,BKCB7,AC,False,True,1000,40.64265,-74.01662,False
735259,Jacob Gourmet Food 2,Jacob Gourmet Food 2 Corp,108 Albany Ave,11213,308,BKCB8,AC,False,True,1500,40.67691,-73.9387,False
735257,Food Story Natural Market,Food Story Natural Market Ii Inc,1550 Myrtle Ave,11237,304,BKCB4,AC,False,True,5700,40.6995,-73.91169,False
735231,Sinai Deli & Grocery,Sinai Deli & Grocery Corp,7314 18Th Avenue,11204,311,BKCB11,AC,False,True,1800,40.61425,-73.99511,False
735216,Exquisite Food Land,Natural Food Land Llc,409-413 Brighton Beach Ave,11235,313,BKCB13,ABC,True,True,5000,40.57729,-73.96295,False
735207,Al Tous Deli Grocery,Al Tous Corp,6602 17Th Avenue ###,11204,311,BKCB11,AC,False,True,1200,40.61982,-73.99317,False
735205,Eddie Fancy Food,Eddie Fancy Food Corp,8611 19Th Ave ##,11214,311,BKCB11,AC,False,True,800,40.60567,-74.0007,False
735200,La Torre Brothers,La Torre Brothers Inc,4518 Avenue N,11234,318,BKCB18,AC,False,True,3500,40.61869,-73.93106,False
735166,Russ & Daughters Brooklyn,Russ Ops Llc,141 Flushing Ave Bld 77,11205,302,BKCB2,ACH,False,True,10000,40.69786,-73.97121,False
735148,Prohealth 123,Prohealth 123 Llc,4709 13Th Ave,11219,312,BKCB12,A,False,False,1000,40.63595,-73.99116,False
735127,Berry Goods Supermarket,Berry Goods Supermarket Corp,1413 Avenue J,11230,314,BKCB14,AC,False,True,7600,40.62514,-73.96181,False
735111,Tree Food Market,Tree Food Market Inc,811 Stanley Ave,11207,305,BKCB5,A,False,False,3500,40.66138,-73.87913,False
735101,Associated Supermarket,Mp Lorraine Corp,58-60 Lorraine Street,11231,306,BKCB6,AC,False,True,12000,40.67449,-74.00734,False
735087,Sunac Natural,78 Big Smile Corp,150 N 7Th Street,11249,301,BKCB1,AC,False,True,2500,40.71821,-73.95834,False
735032,Ralph Ave Dollar,Ralph Ave Dollar Inc,1590 Ralph Ave,11236,318,BKCB18,A,False,False,18000,40.63821,-73.91944,False
735030,Greene Hill Food Co-Op,Greene Hill Food Cooperative Inc The,1083 Fulton St,11238,303,BKCB3,AC,False,True,1000,40.6817,-73.95842,False
735022,Cvs/Pharmacy #10291,Cvs Albany Llc,1601 Kings Highway ###,11229,315,BKCB15,A,False,False,10000,40.60924,-73.95719,False
734971,House Of Glatt,Ch Deli & Catering Llc,385 Kingston Ave ###,11225,309,BKCB9,AC,False,True,,40.66571,-73.94253,False
734922,Carniceria La Granja,Carniceria La Granja Inc,5704 5Th Avenue,11220,307,BKCB7,AC,False,True,600,40.64105,-74.01453,False
734898,Happy Family Grocery Store,Happy Family Grocery Store Inc,4911-A 8Th Avenue,11220,312,BKCB12,A,False,False,1000,40.6414,-74.0034,False
734847,Proper Food,Properfood Llc,133 Harrison Pl####,11237,301,BKCB1,AC,False,True,11000,40.70698,-73.92807,False
734817,Pedregal Deli,Pedregal Deli Corp,1190 Rogers Ave,11226,317,BKCB17,AC,False,True,1000,40.64098,-73.95142,False
734804,Hong Fa Market,Hong Fa Market Inc,4424 8Th Avenue,11220,312,BKCB12,AC,False,True,2200,40.64401,-74.0007,False
734619,Unique Food 99C Discount,Unique Food 99C Discount Inc,1111 Flatbush Ave,11226,314,BKCB14,A,False,False,,40.64336,-73.95779,False
734517,Bismillah Super Grocery & Halal Meat,Bismillah Super Grocery & Halal Meat Inc,1020 Coney Island Ave,11230,314,BKCB14,AC,False,True,1200,40.6327,-73.96688,False
734510,La Finquita #1,La Finquita #1 Corp,388 Ridgewood Ave,11208,305,BKCB5,AC,False,True,2000,40.68498,-73.87444,False
734505,U Flower Deli Grocery,U Flower Deli Grocery Corp,2101 Avenue U,11229,315,BKCB15,A,False,False,1600,40.59951,-73.95022,False
734502,New Hong Yun Grocery Store,New Hong Yun Grocery Store Inc,6701 8Th Avenue,11220,310,BKCB10,AC,False,True,800,40.63138,-74.01382,False
734434,Weinberger Appetizing,Weinberger Appetizing Plus Llc,345 Willoughby Ave,11205,303,BKCB3,ACH,False,True,2000,40.69284,-73.95703,False
734431,Broadway Grab & Go,Broadway Grab & Go Corp,395 Broadway,11211,301,BKCB1,AC,False,True,500,40.70714,-73.95419,False
734425,Y&A Food,Y&A Food Inc,516 New Lots Ave,11207,305,BKCB5,AC,False,True,1100,40.66357,-73.88913,False
734414,Juice Bar & Grill,Juice Bar & Grill Corp,484 Kings Hwy,11223,315,BKCB15,AC,False,True,1000,40.60421,-73.97183,False
734405,Marion Deli Grocery,Marion Deli Grocery Corp,45 Rockaway Avenue,11233,316,BKCB16,AC,False,True,800,40.6816,-73.91149,False
734382,Union Market,Mpm Enterprises Flatbush Inc,342 Flatbush Ave. ###,11238,308,BKCB8,AC,False,True,3000,40.67617,-73.97172,False
734355,La Cuesta Grocery,La Cuesta Grocery Corp,772 Miller Ave,11207,305,BKCB5,AC,False,True,1000,40.66179,-73.88766,False
734331,Kings Coney P Mobil,Bolla Operating Corp,1935 Coney Island Ave,11230,314,BKCB14,AC,False,True,,40.61025,-73.96242,False
734292,Everything Natural,Back To Nature Health Food Inc,1665 Ralph Ave,11236,318,BKCB18,AC,False,True,1500,40.63633,-73.91907,False
734266,Anima Mundi Herbals,Anima Mundi Herbals Llc,31 Noble St,11222,301,BKCB1,AC,False,True,1600,40.72824,-73.9596,False
734261,Superlost Coffee,Superlost Coffee Llc,630 Flushing Ave Floor 5,11206,303,BKCB3,AC,False,True,3000,40.69994,-73.94869,False
734242,New Fu Xing Market Iii,New Fu Xing Market Iii Corp,5710 5Th Avenue ######,11220,307,BKCB7,A,False,False,3000,40.641115,-74.014881,True
734227,La Capilla Ii,La Capilla Ii Inc,3713 13Th Avenue###,11218,312,BKCB12,AC,False,True,1500,40.64144,-73.98544,False
734225,Harvest Grocery,Harvest Grocery Inc,2220 Avenue U,11229,315,BKCB15,AC,False,True,2200,40.59966,-73.9488,False
734194,Serenity Deli & Grocery,Serenity Deli & Grocery Inc,6818 11Th Ave,11219,310,BKCB10,AC,False,True,900,40.62645,-74.00819,False
734161,M Bakery,Kaff Bakery Inc,1906 Avenue M,11230,314,BKCB14,ABCH,True,True,,40.61846,-73.95594,False
734157,Fresh To Go Deli,Fresh To Go Deli Corp,957 Fulton Street,11238,302,BKCB2,AC,False,True,1000,40.68301,-73.96469,False
734049,New Green Apple Gourmet,New Green Apple Gourmet Corp,375 Graham Ave,11211,301,BKCB1,AC,False,True,1000,40.71583,-73.9446,False
734046,Ok Fish Market,Sk Sea World Ii Inc,6824 18Th Ave,11204,311,BKCB11,AC,False,True,1200,40.61691,-73.99242,False
734011,Market Fresh,Sirah 1720 Llc,535 Marcy Ave ####,11206,303,BKCB3,AC,False,True,3500,40.69698,-73.94954,False
733984,Kings 3003 Mobil,Bolla Operating Corp,3003 Coney Island Ave,11235,313,BKCB13,AC,False,True,1000,40.58281,-73.9599,False
733957,Kings 86 C-Store,Bolla Operating Corp,1420 86Th St,11228,311,BKCB11,AC,False,True,,40.61246,-74.01125,False
733956,Kings Linden Service Station,Bolla Operating Corp,1935 Linden Blvd,11207,305,BKCB5,A,False,False,300,40.65868,-73.89124,False
733955,Rockaway & Seaview Station,Bolla Operating Corp,2000 Rockaway Pkwy,11236,318,BKCB18,A,False,False,,40.63415,-73.8901,False
733924,Golden Kolos,Golden Kolos Corp,371 Avenue X,11223,315,BKCB15,AC,False,True,1200,40.59066,-73.96908,False
733860,Gold Label,Brighton Food Group Inc,281-285 Brighton Beach Avenue,11235,313,BKCB13,AC,False,True,4000,40.57694,-73.96461,False
733823,Amy Grocery Mini Market,Amy Grocery Mini Market Inc,5724 5Th Avenue,11220,307,BKCB7,AC,False,True,1800,40.64071,-74.01489,False
733791,Foodtown Supermarket,1949 Food Corp,1949 Stillwell Avenue,11223,311,BKCB11,AC,False,True,,40.59875,-73.98541,False
733770,Rosenfelds Gourmet Fish,Rosenfelds Fish Market Inc,347 Willoughby Ave,11205,303,BKCB3,AC,False,True,1000,40.69283,-73.95712,False
733758,Aroma Rich,Aroma Rich Inc,3924 18Th Avenue,11218,314,BKCB14,A,False,False,1000,40.63271,-73.97301,False
733575,Danny Deli Grocery,Danny Deli Grocery Inc,601 Myrtle Ave,11205,303,BKCB3,AC,False,True,1000,40.69414,-73.95995,False
733560,Utica Food Market,Songs Utica Market Corp,848 Utica Avenue,11203,317,BKCB17,AC,False,True,2300,40.65237,-73.93047,False
733550,Leading Foods 1,Leading Foods 1 Inc,1310 East 18Th Street,11230,314,BKCB14,AC,False,True,,40.61802,-73.95712,False
733523,86Th St Gourmet Deli & Grill,86Th St Gourmet Deli & Grill Inc,8523 18Th Avenue,11214,311,BKCB11,AC,False,True,1500,40.60739,-74.00248,False
733516,Asaad Deli & Grill,Asaad Deli & Grill Corp,111 Church Avenue,11218,312,BKCB12,AC,False,True,1700,40.64295,-73.97905,False
733514,Tasty Spot,Tasty Spot Corp,1911 Avenue U ####,11229,315,BKCB15,ABCH,True,True,2200,40.59928,-73.95232,False
733503,New Mei Mini Market,New Mei Mini Market Inc,1693 86Th St,11214,311,BKCB11,A,False,False,1000,40.60873,-74.00504,False
733502,Seafood Premium,L&L Mp Inc,292 Broadway 1St Fl,11211,301,BKCB1,AC,False,True,1000,40.70856,-73.95829,False
733500,19Th Ave Deli & Grocery,19Th Avenue Convenience Inc.,1880 86Th Street,11214,311,BKCB11,AC,False,True,2000,40.60604,-74.00063,False
733494,Spot On 79Th The,Spot On 79Th Corp The,7901 18Th Ave,11214,311,BKCB11,AC,False,True,1500,40.61092,-73.9985,False
733490,Adams Deli,Adams Deli On Kings Highway Corp,922 Kings Highway ####,11223,315,BKCB15,AC,False,True,2000,40.60695,-73.9631,False
733489,El Sazon Deli Grocery,El Sazon Deli Grocery Inc,2096 Fulton Street,11233,316,BKCB16,AC,False,True,1000,40.67841,-73.91328,False
733431,Star 70 Gourmet Deli,Star 70 Gourmet Deli Corp,5402 Avenue N,11234,318,BKCB18,AC,False,True,2000,40.61919,-73.92287,False
733415,Quick Success Pharmacy,Quick Success Pharmacy Inc,1610 Avenue U,11229,315,BKCB15,A,False,False,1500,40.59898,-73.95505,False
733406,Navo Food,Navo Food Corp,159 Rogers Avenue,11216,308,BKCB8,AC,False,True,1400,40.67202,-73.95306,False
733327,Grace Jy Grocery,Grace Jy Grocery Inc,4617 8Th Avenue,11220,312,BKCB12,A,False,False,1600,40.643,-74.00173,False
733325,Bao Sheng Market,Bao Sheng Market Inc,5514 8Th Avenue,11220,312,BKCB12,AC,False,True,1800,40.63801,-74.00692,False
733281,Net Cost Market,Nc 3100 Ocean Ave Llc,3100 Ocean Ave ###,11235,315,BKCB15,ABC,True,True,25000,40.5855,-73.94933,False
733279,King 3 Deli Grocery,King 3 Deli Grocery Corp,4918 New Utrecht Ave,11219,312,BKCB12,AC,False,True,1000,40.63621,-73.99478,False
733273,American Choice Gourmet Deli,American Choice Gourmet Deli Inc,218 Broadway,11211,301,BKCB1,AC,False,True,600,40.70949,-73.96097,False
733236,Mekelburg'S,Hop Stock & Barrel Ii Llc,319 Kent Ave,11249,301,BKCB1,AC,False,True,4600,40.71381,-73.96717,False
733224,Sea Kings Steam&Fry Seafood,Sea Kings Steam&Fry Seafood Corp,519 Utica Ave,11203,317,BKCB17,AC,False,True,,40.6608,-73.93118,False
733167,New Best Utica Market,New Best Utica Market Inc,890-892 Utica Ave,11203,317,BKCB17,AC,False,True,,40.65134,-73.93036,False
733154,Lucky 3 Deli,Lucky 3 Deli Corp,2124 Avenue X,11235,315,BKCB15,AC,False,True,1600,40.59298,-73.94833,False
733134,Sos Kosher Fish Market The,Sos Kosher Fish Market Inc The,1602 Avenue M,11230,314,BKCB14,AC,False,True,1200,40.61814,-73.95888,False
733118,Sunny Star Grocery,Sunny Star Grocery Inc,5519 5Th Ave Ground Floor,11220,307,BKCB7,A,False,False,2000,40.64189,-74.01365,False
733069,City Fresh Market,A & D Supermarket Corp,57 Kingsland Ave,11211,301,BKCB1,AC,False,True,5000,40.71789,-73.94034,False
732963,Ameer Gourmet Deli,Ameer Gourmet Deli Corp,209 Lewis Ave,11221,303,BKCB3,AC,False,True,1500,40.68923,-73.93629,False
732954,Kings Meat Markets,Kings Meat Markets Corp,603-605 Brighton Beach Ave.,11235,313,BKCB13,AC,False,True,4000,40.57765,-73.96128,False
732935,Blessed Mini Market Deli Grocery,Blessed Mini Market Deli Grocery Corp,1443 Fulton St,11216,303,BKCB3,AC,False,True,1200,40.68005,-73.94358,False
732922,Natural Juice Ny,Natural Juice Ny Corp,501 Franklin Ave  ##,11238,303,BKCB3,AC,False,True,1300,40.68156,-73.95573,False
732917,Randys Food Mart,Randys Food Mart Corp,378 Utica Ave,11213,309,BKCB9,AC,False,True,2000,40.66535,-73.93146,False
732874,Eldert Food Market,Eldert Food Market Corp,233 Eldert Street,11207,304,BKCB4,AC,False,True,2000,40.69099,-73.9089,False
732868,Divan Bakery,Bnd Bakery Inc,2017 Avenue U,11229,315,BKCB15,ABCH,True,True,2500,40.59948,-73.95046,False
732846,5 Demayo Food Market 2,5 Demayo Food Market 2 Corp,7104 3Rd Avenue,11209,310,BKCB10,AC,False,True,2000,40.63405,-74.02673,False
732822,Nancy Food Deli,Nancy Food Deli Corp,796 Greene Ave,11221,303,BKCB3,AC,False,True,800,40.6901,-73.93631,False
732754,Brownsville Deli & Grocery,Brownsville Deli & Grocery Inc,784 Saratoga Avenue,11212,316,BKCB16,AC,False,True,1600,40.6614,-73.91544,False
732747,Gerritsen Gourmet Deli,Gerritsen Gourmet Deli Corp,2602 Gerritsen Ave,11229,318,BKCB18,AC,False,True,1200,40.59499,-73.92751,False
732721,Aaa Grocery,Plasencia Jose E,313 58Th Street,11220,307,BKCB7,AC,False,True,1000,40.64303,-74.01894,False
732688,La Union Deli Grocery,La Union Deli Grocery Corp,4011 5Th Avenue,11232,307,BKCB7,AC,False,True,2000,40.65045,-74.00475,False
732683,Dare To Be Different,Dare To Be Different Llc,1752 Mcdonald Ave ######,11230,311,BKCB11,ABCH,True,True,2500,40.609982,-73.973561,True
732644,Nostrand Finest Meats,Nostrand Finest Meats Inc,1861-71 Nostrand Ave,11226,317,BKCB17,AC,False,True,,40.64035,-73.94844,False
732643,Green Village Supermarket,Tapscott Finest Meat Corp,229 Tapscott Street,11212,316,BKCB16,AC,False,True,10000,40.66213,-73.91958,False
732633,Iliria Foods,Iliria Foods Corp,2323 65Th Street,11204,311,BKCB11,AC,False,True,1000,40.61214,-73.9786,False
732586,Quentin Grocery,Quentin Grocery Inc,1692 East 16Th Street,11229,315,BKCB15,A,False,False,1000,40.60855,-73.9573,False
732584,Firo Food Market,Firo Food Market Corp,5215 Avenue D,11203,317,BKCB17,AC,False,True,1500,40.6423,-73.92685,False
732576,Kings Cafe News,Kings Cafe News Inc,1508 Avenue J,11230,314,BKCB14,A,False,False,1000,40.62522,-73.96109,False
732515,Natural Mini Market,Natural Mini Market Corp,220 Kosciuszko St,11216,303,BKCB3,AC,False,True,1400,40.69123,-73.94601,False
732510,New Lots Grocery Smoke Shop,New Lots Grocery Smoke Shop Inc,786 New Lots Ave,11208,305,BKCB5,A,False,False,1500,40.6669,-73.88143,False
732353,C Town,Joan Food Corp,2115 Pitkin Ave,11207,305,BKCB5,AC,False,True,30000,40.67213,-73.89433,False
732313,Sunny Mart,Sunny Mart Inc,4603 Fort Hamilton Pkwy,11219,312,BKCB12,AC,False,True,1800,40.63971,-73.99562,False
732307,1068 Mini Mart Deli Grocery,1068 Mini Mart Deli Grocery Corp,1068 Manhattan Ave,11222,301,BKCB1,AC,False,True,1400,40.73527,-73.9551,False
732289,New Utrecht Deli,New Utrecht Deli Corp,6902 New Utrecht Ave,11228,311,BKCB11,A,False,False,1500,40.62044,-73.99861,False
732279,3Rd Floor Brooklyn,Beagle House Ny Inc,359 Manhattan Ave,11211,301,BKCB1,AC,False,True,500,40.71661,-73.94644,False
732265,Bangal Grocery,Bangal Grocery Inc,2741 Pitkin Ave,11208,305,BKCB5,AC,False,True,2000,40.67556,-73.87085,False
732264,Clarendon Of Kings Deli And Grill,Clarendon Of Kings Deli And Grill Inc,3522 Clarendon Rd,11203,317,BKCB17,AC,False,True,2000,40.64358,-73.94317,False
732257,Whole Fruit,Whole Fruit Inc,1901 Kings Hwy,11229,315,BKCB15,AC,False,True,1000,40.61033,-73.95449,False
732251,Lincoln Market,Pom Group Ii Inc,31 Lincoln Rd,11225,309,BKCB9,AC,False,True,,40.66074,-73.96175,False
732237,Gregory Deli,Dzik Grzegorz H,4602 New Utrecht Avenue,11219,312,BKCB12,AC,False,True,2000,40.63911,-73.99442,False
732229,Brooklyn Mini Market,Brooklyn Mini Market Inc,350 New Lots Ave,11207,305,BKCB5,AC,False,True,800,40.66144,-73.89401,False
732190,Miranda Deli Food,Miranda Deli Food Corp,4402 Avenue J,11234,318,BKCB18,AC,False,True,30000,40.62784,-73.93346,False
732173,Flushing Food Market,Flushing Food Market Inc,541 Marcy Ave,11206,303,BKCB3,ACD,False,True,1200,40.69657,-73.94946,False
732148,Firehouse Deli And Grill,Firehouse Deli And Grill Inc,177 Wilson Ave,11237,304,BKCB4,AC,False,True,,40.69968,-73.92395,False
732143,Bedford Fruit Market,Bigkat Llc,146 Bedford Ave,11249,301,BKCB1,AC,False,True,1400,40.71886,-73.95661,False
732142,La Vakana Grocery,La Vakana Grocery Corp,1157 Willmohr Street,11212,317,BKCB17,AC,False,True,,40.65821,-73.91595,False
732133,1925 Nostrand And Foster Deli & Grill,1925 Nostrand And Foster Deli & Grill In,1925 Nostrand Ave,11226,317,BKCB17,AC,False,True,2000,40.63879,-73.94828,False
732129,Wilson 26 Deli Grocery,Wilson 26 Deli Grocery Corp,26 Wilson Ave,11237,304,BKCB4,AC,False,True,1100,40.70315,-73.93004,False
732112,Green Point Deli,Green Point Deli Inc,903 Manhattan Ave  ##,11222,301,BKCB1,AC,False,True,2000,40.73033,-73.95425,False
732102,Liriano Deli,Liriano Deli Corp,361 South 4Th St,11211,301,BKCB1,AC,False,True,2000,40.70845,-73.95352,False
732098,Sushi 88,Natural Foods Trading Inc,1080 Mcdonald Ave ###,11230,312,BKCB12,AC,False,True,100,40.62672,-73.97639,False
732072,Green Mustache,Athena Brands Inc,140 58Th St. Bldg B Unit 7H-7 ###,11220,307,BKCB7,AC,False,True,1500,40.64564,-74.02377,False
732061,Food Universe Marketplace,4118 Meat & Produce Corp,4118 3Rd Avenue,11232,307,BKCB7,ABC,True,True,5000,40.65239,-74.00991,False
732049,This Is It Juice,This Is It Juice Inc,278 Albany Avenue ###,11213,308,BKCB8,AC,False,True,500,40.67077,-73.93929,False
731992,Sahara Deli Market,Sahara Deli Market Corp,2123 Albemarle Road##,11226,314,BKCB14,AC,False,True,900,40.64745,-73.95851,False
731990,Tawfiq Deli & Grocery,Tawfiq Deli & Grocery Inc,7721 13Th Avenue,11228,310,BKCB10,AC,False,True,1500,40.61867,-74.00912,False
731973,In & Out Deli & Grill I,In & Out Deli & Grill I Corp,2328 Mermaid Ave. ###,11224,313,BKCB13,AC,False,True,1600,40.57594,-73.99099,False
731961,Whole Foods Market 365,Whole Foods Market Group Inc,292 Ashland Place,11217,302,BKCB2,AC,False,True,25000,40.68649,-73.97815,False
731942,Miladys Super Deli,Miladys Super Deli Corp,280 E 92Nd Street,11212,317,BKCB17,AC,False,True,,40.65848,-73.92374,False
731935,M Gourmet Deli Grill,M Gourmet Deli Grill Corp,4906 Ft Hamilton Pkwy,11219,312,BKCB12,AC,False,True,2000,40.6382,-73.9979,False
731929,Prospect Heights Food,Prospect Heights Food Corp,631 Franklin Ave,11238,308,BKCB8,AC,False,True,600,40.67692,-73.95569,False
731921,Jw Real Polish Delicatessen,Jw&P Services Inc,321 Church Ave,11218,312,BKCB12,AC,False,True,1000,40.64386,-73.97694,False
731843,Vincent Farms 9,Vincent Farms 9 Inc,8501 Bay Pkwy,11214,311,BKCB11,AC,False,True,1500,40.60244,-73.99329,False
731834,Al Romany Market,Saint Samuel Inc,6612 11Th Ave. ###,11219,310,BKCB10,AC,False,True,500,40.62778,-74.00681,False
731817,Pratt Gourmet & Deli,Pratt Gourmet & Deli Corp,551 Myrtle Ave,11205,302,BKCB2,AC,False,True,2000,40.69389,-73.96205,False
731795,Vermont Gourmet Deli Grocery,Vermont Gourmet Deli Grocery Corp,580 Vermont Street ##,11207,305,BKCB5,AC,False,True,1200,40.66516,-73.89216,False
731763,Fresh Jennys Farm,Fresh Jennys Farm Inc,8322 5Th Ave,11209,310,BKCB10,AC,False,True,2000,40.62307,-74.02527,False
731726,Los Brothers Deli Grocery,Los Brothers Deli Grocery Corp,305 Jerome Street,11207,305,BKCB5,AC,False,True,1000,40.6743,-73.88698,False
731717,Nice Deli And Grocery,Nice Deli And Grocery Inc,1660 St Johns Place,11233,308,BKCB8,AC,False,True,1200,40.67014,-73.92263,False
731670,Jss Manhattan Fruit,Jss Manhattan Fruit Inc,678 Manhattan Ave,11222,301,BKCB1,AC,False,True,1700,40.72496,-73.95146,False
731667,Fresh Halal Meat & Grocery,Fresh Food Usa Inc,1820 Church Ave,11226,314,BKCB14,AC,False,True,,40.64967,-73.96251,False
731664,Zee Deli&Grill,Zee Deli&Grill Corp,373 Neptune Ave,11235,313,BKCB13,AC,False,True,2500,40.58054,-73.96666,False
731662,Nova Grocery,Nova Grocery Inc,1089 Rutland Rd,11212,317,BKCB17,AC,False,True,1000,40.66427,-73.92395,False
731639,Dollar Deals,Broadway Food Universe Inc,1295 Broadway ######,11221,304,BKCB4,A,False,False,5000,40.69081,-73.923753,True
731557,Original Brooklyn Bagel,Idp&Cbw Food Llc,2835 Nostrand Ave ###,11229,315,BKCB15,ABCH,True,True,3500,40.61507,-73.94465,False
731530,Biedronka,New Biedronka Inc,5703 New Utrecht Ave,11219,312,BKCB12,A,False,False,2500,40.62977,-73.99596,False
731502,New Andrew Fish Market,Kuis Fish Market Inc,1228 Fulton Street,11216,303,BKCB3,AC,False,True,1200,40.6805,-73.95141,False
731493,Goldbergers Grocery,Goldbergers Grocery Inc,188 Division Ave,11211,301,BKCB1,AC,False,True,2000,40.7074,-73.96008,False
731479,Chalouh Middle East Groceries,Chalouh Middle East Groceries Inc,349 Avenue X,11223,315,BKCB15,AC,False,True,2500,40.59057,-73.96994,False
731457,My Ameer Deli Grocery,My Ameer Deli Grocery Inc,635 Watkins Street,11212,316,BKCB16,AC,False,True,,40.65655,-73.90451,False
731451,Placita Ecuatoriana,Placita Ecuatoriana Llc,295 Harman Street,11237,304,BKCB4,A,False,False,600,40.69994,-73.91884,False
731429,5Th Ave Gourmet Deli Grill,5Th Ave Gourmet Deli Grill Inc,6902 5Th Avenue,11209,310,BKCB10,AC,False,True,1000,40.63338,-74.02103,False
731418,Sals Gourmet Market,Sals Gourmet Market Inc,1741 Fulton Street,11233,303,BKCB3,AC,False,True,2500,40.67929,-73.92937,False
731371,Chucky Fresh Market,Chucky Fresh Market Corp,414 Utica Ave ######,11213,309,BKCB9,AC,False,True,2500,40.66423,-73.931866,True
731362,Skyline Gourmet,Corner Gourmet Corp,64 Willoughby Street,11201,302,BKCB2,AC,False,True,,40.69221,-73.98613,False
731347,Alex Deli,Alex Deli Corp,324A Brighton Beach Ave ######,11235,313,BKCB13,AC,False,True,1500,40.576939,-73.963358,True
731341,Kingz Gourmet Deli,King Franklin Deli Corp,511 Franklin Ave,11238,303,BKCB3,AC,False,True,700,40.68131,-73.95568,False
731339,Mike Deli & Grill,Mike Deli & Grill Corp,200 Graham Ave,11206,301,BKCB1,AC,False,True,1700,40.70866,-73.94342,False
731301,Al-Medina Pharmacy,Al-Medina Pharmacy Inc,1242 Flatbush Ave,11226,314,BKCB14,A,False,False,,40.64,-73.95514,False
731289,San Francis Deli Grocery,San Francis Deli Grocery Inc,2915 Avenue P,11229,315,BKCB15,AC,False,True,2400,40.61194,-73.94447,False
731286,Ame Convenient & Deli Grocery,Ame Convenient & Deli Grocery Inc,5916 New Utrecht Ave ###,11219,312,BKCB12,AC,False,True,2200,40.62801,-73.99643,False
731251,Grand Freedom Market,Grand Freedom Market Corp,805 Grand Street,11211,301,BKCB1,AC,False,True,1300,40.71189,-73.94112,False
731242,First Stop Grocery #3,First Stop Grocery #3 Inc,1094 Hancock Street,11221,304,BKCB4,AC,False,True,1200,40.68932,-73.91404,False
731222,K&M Gourmet Deli Grocery,K&M Gourmet Deli Grocery Corp,146A Nassau Ave,11222,301,BKCB1,AC,False,True,900,40.72485,-73.94754,False
731213,Seven Star Express Deli,Seven Star Express Deli Inc,2481 Pitkin Ave,11208,305,BKCB5,AC,False,True,1800,40.67415,-73.88067,False
731201,Ar Convenience Store,Ar Convenience Store Inc,9257 4Th Ave,11209,310,BKCB10,A,False,False,1000,40.61698,-74.03074,False
731179,Josephines Feast,Bleu Indigo Inc,630 Flushing Ave Box #2 ##,11206,303,BKCB3,AC,False,True,300,40.69994,-73.94869,False
731163,Last Stop Deli,Kkisb Corp,100-06 4Th Ave,11209,306,BKCB6,AC,False,True,1500,40.68103,-73.9805,False
731153,Metro Parkslope Gourmet,Jimmys Deli Inc 1,239 9Th Street,11215,306,BKCB6,AC,False,True,1200,40.67045,-73.98894,False
731147,Lucky 7 Smoke Shop & Deli Ii,Lucky 7 Smoke Shop & Deli Ii Inc,2713 Avenue U,11229,315,BKCB15,AC,False,True,2400,40.60017,-73.94426,False
731100,Cm Seafood,Cm Seafood Inc,5802 8Th Avenue,11220,312,BKCB12,AC,False,True,2000,40.63654,-74.00844,False
731089,Secretz Seafood Plus,Secretz Llc,1997 Pacific St,11233,308,BKCB8,A,False,False,800,40.67614,-73.92217,False
731083,New Dhaka Grocery&Halal Meat,New Dhaka Grocery & Halal Meat Corp,510 Cresent Street,11208,305,BKCB5,AC,False,True,,40.67542,-73.87,False
731080,Marovato Italian Imports,Marovato Italian Imports,108 Dobbin Street,11222,301,BKCB1,A,False,False,231,40.72556,-73.95483,False
731043,Thunder Deli,Thunder Deli Corp,725 Nostrand Ave ####,11216,308,BKCB8,AC,False,True,1400,40.67235,-73.95027,False
731038,Deli Basket,Deli Basket Corp,1700 Sterling Place,11233,308,BKCB8,AC,False,True,1500,40.67104,-73.92279,False
731024,1690 Flatbush Foods 1,1690 Flatbush Foods 1 Corp,1690 Flatbush Ave,11210,318,BKCB18,AC,False,True,1000,40.62915,-73.94382,False
731014,Puerto Plata Fish Market,Puerto Plata Fish Market Inc,391 Arlington Ave,11208,305,BKCB5,AC,False,True,3000,40.68158,-73.87982,False
730998,Earth Basket,Yours Wholesome Food No 1 Inc,599 4Th Avenue,11215,307,BKCB7,AC,False,True,3000,40.66482,-73.99341,False
730978,Yeyo Food,Yeyo Food Corp,107 Ditmas Ave,11218,312,BKCB12,AC,False,True,2000,40.63558,-73.97768,False
730898,Livonia Express Grocery,Livonia Express Grocery Inc,618 Livonia Ave,11207,305,BKCB5,A,False,False,800,40.66469,-73.89443,False
730874,Walk In Deli,Walk In Deli Inc,87 Wyth Ave,11249,301,BKCB1,AC,False,True,800,40.72136,-73.95842,False
730861,Broadway Organic Deli,Broadway Organic Deli Inc,799 Broadway ######,11206,304,BKCB4,AC,False,True,,40.699918,-73.940089,True
730851,Los Paisanos De La 4Ta Avenida,Los Paisanos De La 4Ta Avenida Inc,5919 4Th Avenue Store 2,11220,307,BKCB7,AC,False,True,1200,40.64103,-74.01813,False
730809,Star Clarkson Deli Grocery,Star Clarkson Deli Grocery Corp,830 Clarkson Ave,11203,317,BKCB17,AC,False,True,,40.65662,-73.9307,False
730797,Fulton Finest Deli,Fulton Finest Deli Corp,887 Fulton Street,11238,302,BKCB2,AC,False,True,700,40.68366,-73.96775,False
730789,Mia'S Delicattessen,383 Dmb Food Corp,383 Hewes Street,11211,301,BKCB1,AC,False,True,2000,40.70824,-73.95141,False
730773,Target Store T3276,Target Corporation,6401 18Th Ave,11204,311,BKCB11,A,False,False,8000,40.61956,-73.98975,False
730734,Shengtai Jiayuan Grocery Store,Shengtai Jiayuan Grocery Store Inc,455 Kings Hwy,11223,311,BKCB11,A,False,False,1000,40.60427,-73.97291,False
730725,Lassen & Hennigs,L & H 177 Corp,177 Water Street ######,11201,302,BKCB2,AC,False,True,,40.703314,-73.987117,True
730713,Four Tech Service Station,Four Tech Service Station Inc,6401 4Th Avenue,11220,307,BKCB7,AC,False,True,300,40.63837,-74.02075,False
730709,Break Time Deli,Break Time Deli Corp,932 Thomas Boyland St,11212,316,BKCB16,AC,False,True,500,40.65764,-73.91057,False
730646,B&O Food Store,B&O Food Store Corp,2602 Avenue U. Ste 2,11229,315,BKCB15,AC,False,True,600,40.60003,-73.94553,False
730639,Karter'S Grocery & Deli,Karter'S Grocery & Deli Inc,350 Tompkins Ave Ste A,11216,303,BKCB3,AC,False,True,1200,40.68559,-73.94437,False
730633,Dollar General #19215,Dolgen New York Llc,2027 Utica Ave,11234,318,BKCB18,A,False,False,8000,40.62232,-73.92724,False
730619,New York Deli Grocry,New York Deli Grocry Corp Ii,504 Pennsylvania Ave,11207,305,BKCB5,AC,False,True,800,40.665,-73.89411,False
730616,7 Eleven Store #37066A,Zk 10504 Corporation,105-04 Flatlands Ave ######,11236,318,BKCB18,AC,False,True,2000,40.64322,-73.889496,True
730614,Cuevas Deli Food,Cuevas Deli Food Corp,940 Utica Ave,11203,317,BKCB17,A,False,False,2000,40.64998,-73.9302,False
730613,Patchen Gourmet Grill,Patchen Gourmet Grill Corp,139 Patchen Ave,11221,303,BKCB3,AC,False,True,1500,40.68682,-73.92684,False
730601,Dreamer Farmers Market,Dreamer Farmers Market Inc,167 Avenue U,11223,311,BKCB11,AC,False,True,2300,40.59646,-73.97809,False
730591,Srr Convenience Store,Srr Convenience Inc,315 Kings Hwy,11223,311,BKCB11,A,False,False,1200,40.605,-73.97873,False
730573,Dollar General # 19212,Dolgen New York Llc,112 E 98Th St #126,11212,316,BKCB16,A,False,False,2000,40.66396,-73.92176,False
730571,Dollar General # 19213,Dolgencorp Of New York Llc,1192 Myrtle Ave,11221,304,BKCB4,A,False,False,15000,40.69745,-73.93116,False
730568,Dollar General # 19216,Dolgencorp Of New York Llc,226 Mother Gaston Blvd,11233,316,BKCB16,A,False,False,,40.67361,-73.9084,False
730545,Dollar General #19217,Dolgen New York Llc,4118 Farragut Rd,11210,317,BKCB17,A,False,False,6400,40.63695,-73.93676,False
730524,Beerland,Beerland Inc,2568 West 2Nd Street,11223,313,BKCB13,AC,False,True,1000,40.58662,-73.97139,False
730471,Domimex Deli & Grocery,Domimex Corp,3724 13Th Avenue,11218,312,BKCB12,AC,False,True,800,40.64134,-73.98553,False
730465,Brownsville Market,Brownsville Market Corp,245 Riverdale Ave,11212,316,BKCB16,AC,False,True,800,40.66107,-73.90815,False
730462,Hot Bagels,Hot Bagels Inc,65 Lee Avenue,11211,301,BKCB1,ACH,False,True,900,40.70575,-73.95998,False
730459,Mckinley Deli And Grocery,Mckinley Deli And Grocery Corp,230 Mckinley Avenue,11208,305,BKCB5,AC,False,True,,40.68044,-73.8674,False
730458,Hasan Grocery,Hasan Grocery Inc,564 Coney Island Ave,11218,314,BKCB14,AC,False,True,1000,40.64351,-73.97001,False
730425,Hot Bagel & Deli,Church Ave Hot Bagel & Deli Inc,127 Church Ave,11218,312,BKCB12,ACH,False,True,1200,40.6432,-73.97849,False
730417,Life Deli & Grill,Life Deli & Grill Inc,815 4Th Avenue,11232,307,BKCB7,AC,False,True,1200,40.65834,-74.00014,False
730398,Quick Deli & Grill Corp,Quick Deli & Grill Corp,432 Kings Hwy,11223,311,BKCB11,AC,False,True,,40.6044,-73.97421,False
730397,8111 Flat,8111 Flat Inc,8111 Flatlands Ave ####,11236,318,BKCB18,A,False,False,1500,40.63618,-73.9122,False
730373,Lucky 7 Deli,Lucky 7 Deli Corp 1,2062 Flatbush Ave,11234,318,BKCB18,AC,False,True,2000,40.61995,-73.93397,False
730365,Flatland Gas Mart,Flat Gas & Mart Inc,7702 Flatlands Ave,11236,318,BKCB18,AC,False,True,1000,40.63427,-73.91519,False
730299,La Espiga Real Panaderia Deli,La Espiga Real Panaderia Deli Inc,5717 5Th Ave,11220,307,BKCB7,ABC,True,True,1800,40.64085,-74.01475,False
730293,Sayyaf Food,Sayyaf Food Corp,890 Rockaway Ave,11212,316,BKCB16,AC,False,True,800,40.65781,-73.90771,False
730245,Chamo Deli And Grocery,R & Y Cleaning Service Inc,2227 Ditmas Ave,11226,314,BKCB14,AC,False,True,1000,40.6405,-73.95602,False
730221,President Deli & Grill,President Deli &Grill Corp,876 Nostrand Avenue,11225,309,BKCB9,AC,False,True,1000,40.66819,-73.95064,False
730212,Brooklyn Kura,Gotham Sake Llc,68 34Th St Suite B24,11232,307,BKCB7,ACE,False,True,3000,40.65728,-74.00634,False
730204,Salaam Pharmacy,Salaam Pharmacy Inc,155 Crystal St,11208,305,BKCB5,A,False,False,3000,40.67482,-73.87428,False
730185,Humdard Pharmacy & Food Mart,Rugby Pharmacy Inc,949 Coney Island Ave,11230,314,BKCB14,A,False,False,,40.63435,-73.96737,False
730162,Oceanside Pharmacy,1325 Fifth Ave Drugs Inc,3206 Mermaid Ave,11224,313,BKCB13,AC,False,True,2000,40.57508,-73.99882,False
730144,Sutter Convenience,Sutter Convenience & Smoke Shop C,424 Sutter Ave,11212,316,BKCB16,A,False,False,250,40.66819,-73.90313,False
730134,Day & Night Deli Grocery,Day&Night Deli Grocery Corp I,73 Bushwick Ave,11211,301,BKCB1,AC,False,True,800,40.71271,-73.94104,False
730121,Buga Deli Grocery,Buga Deli Grocery Corp,187 Buffalo Ave,11213,308,BKCB8,AC,False,True,1100,40.67282,-73.9252,False
730051,Big Bazzar,Brighton Super Deals Inc,100-120 Brighton Beach Ave. ###,11235,313,BKCB13,AC,False,True,7000,40.57632,-73.96777,False
730038,Organik Market,Dean Organik Market Inc,486 Dean St,11217,308,BKCB8,AC,False,True,,40.68145,-73.97405,False
730001,Prestige Gourmet Deli,Prestige Gourmet Deli Corp,362 Marcus Garvey Blvd.,11221,303,BKCB3,AC,False,True,1500,40.68475,-73.93838,False
729999,Brighton Finest Gourmet,Brighton Finest Gourmet Deli Corp,291 Brighton Beach Ave,11235,313,BKCB13,AC,False,True,2500,40.577,-73.96433,False
729960,Miracle Star,Miracle Star Inc,4421 8Th Ave,11220,312,BKCB12,A,False,False,1000,40.64404,-74.00066,False
729959,G 200 Grocery,G 200 Grocery Inc,200 Flatbush Ave,11217,306,BKCB6,A,False,False,1000,40.6816,-73.97567,False
729952,W And L Kings Highway Mini Market,W And L Kings Highway Mini Market Inc,216 Kings Highway ####,11223,311,BKCB11,A,False,False,2000,40.60546,-73.98272,False
729893,New Atlantic Halal Meat,New Atlantic Halal Meat Inc,282 Smith St,11231,306,BKCB6,AC,False,True,1400,40.68217,-73.99357,False
729865,7 & 7 Gourmet Deli,7 & 7 Gourmet Deli Inc,2904 Stillwell Ave. ###,11224,313,BKCB13,AC,False,True,,40.57677,-73.98146,False
729801,Dwip Bangla Grocery,Dwip Bangla Grocery Inc,124 Beverley Rd,11218,312,BKCB12,AC,False,True,1200,40.64283,-73.97844,False
729800,Farmer In The Deli,Farmer In The Deli Corp,357 Myrtle Ave,11205,302,BKCB2,AC,False,True,,40.69319,-73.97173,False
729795,Halsey Traders Market,Reid Organic Llc,245 Malcom X Blvd,11221,303,BKCB3,AC,False,True,7000,40.68435,-73.92934,False
729786,Schreibers Bakery,Schreibers Home Style Bakery Inc,424 Avenue M ##,11230,312,BKCB12,ABCH,True,True,2500,40.61682,-73.97062,False
729784,Rocky Deli & Grill,Rocky Deli & Grill Inc,721 Fulton St,11217,302,BKCB2,AC,False,True,1500,40.68712,-73.9765,False
729758,Estevez Deli Corp,Estevez Deli Corp,804 Knickerbocker Ave,11207,304,BKCB4,AC,False,True,1200,40.69262,-73.90746,False
729753,Los Catrachos Deli,Los Catrachos Deli Corp,948 Dumont Ave,11207,305,BKCB5,AC,False,True,800,40.66791,-73.88347,False
729712,Isaac Natural Food,Js Nostrand Market Corp,1881 Nostrand Avenue,11226,317,BKCB17,AC,False,True,3000,40.63968,-73.94837,False
729683,80Th Street Deli,80Th Street Deli Inc,8014 5Th Ave,11209,310,BKCB10,AC,False,True,1500,40.62543,-74.0243,False
729682,Juan Fish Market,Juan Fish Market Corp,3102 Church Ave,11226,317,BKCB17,AC,False,True,800,40.65085,-73.94843,False
729642,Rohs Fish Market,Joon Kyuk Ko,776 Flatbush Ave,11226,314,BKCB14,AC,False,True,,40.6539,-73.95952,False
729612,Chap A Nosh Of Brooklyn,Ep & Sp Foods Llc,1424 Elm Ave ###,11230,314,BKCB14,AC,False,True,4000,40.61771,-73.96021,False
729502,Express Deli Grocery,Express Deli Grocery Inc Ii,3008 Glenwood Rd,11210,314,BKCB14,AC,False,True,1000,40.63402,-73.94735,False
729496,18 Fuel,18 Fuel Corp,1781 Bay Ridge Pkwy,11204,311,BKCB11,AC,False,True,800,40.61357,-73.99627,False
729493,Martinezs P Deli Grocery,Martinezs P Deli Grocery Corp,609 Wilson Ave,11207,304,BKCB4,AC,False,True,800,40.69016,-73.90719,False
729366,R & I Grocery,R & I Grocery Inc,4211 8Th Avenue,11232,312,BKCB12,A,False,False,800,40.64534,-73.99931,False
729359,Kings Ft Hamilton C-St,Bolla Operating Corp,3132 Ft Hamilton Pkwy,11218,307,BKCB7,AC,False,True,4000,40.64785,-73.97992,False
729300,Lincoln Market,Pom Group Inc,1133 Manhattan Ave,11222,301,BKCB1,AC,False,True,8000,40.737,-73.95537,False
729262,Craft & Carry,488 Albee Corp,445 Albee Sq West###,11201,302,BKCB2,AC,False,True,50,40.69074,-73.98348,False
729232,L&D Place Deli & Grocery,L&D Place Deli & Grocery Inc,636 Rogers Ave,11226,309,BKCB9,AC,False,True,,40.65597,-73.95304,False
729201,4Th Avenue Gourmet Deli,4Th Avenue Gourmet Deli Corp,6013 4Th Avenue,11220,307,BKCB7,AC,False,True,800,40.6405,-74.01867,False
729190,Decayagua Deli Grocery,Decayagua Deli Grocery Corp,290 Arlington Avenue,11208,305,BKCB5,AC,False,True,1200,40.68095,-73.88381,False
729102,Dollar Tree #05848,Dollar Tree Stores Inc,817 Van Siclen Ave,11207,305,BKCB5,A,False,False,10000,40.6596,-73.885,False
729052,Canarsie Grocery,Canarsie Grocery Inc,1214 Remsen Ave,11236,318,BKCB18,AC,False,True,1500,40.64,-73.90568,False
729038,Saint Johns Natural Food,Saint Johns Natural Food Inc,323 St Johns Pl,11238,308,BKCB8,AC,False,True,3000,40.67441,-73.96704,False
729001,3901 Foodmart,3901 Foodmart Corp,3901 Ft Hamilton Pkwy,11218,312,BKCB12,AC,False,True,1500,40.6431,-73.99059,False
728967,Shop Fair,187 Produce Corp,187 Troy Avenue,11213,308,BKCB8,AC,False,True,7000,40.6728,-73.93632,False
728941,Optimo Convenience Store,Hmrs Corp,4019 13Th Ave,11218,312,BKCB12,A,False,False,1800,40.63968,-73.98727,False
728906,Nyrture Food,Nyrture Food Llc,1040 Metropolitan Ave ###,11211,301,BKCB1,AC,False,True,900,40.71443,-73.9344,False
728891,Lucky Luna,Lucky Luna Inc,500 53Rd St,11220,307,BKCB7,A,False,False,1500,40.64329,-74.01185,False
728889,90 Sullivan Deli Market,90 Sullivan Deli Market Corp,90 Sullivan Place,11225,309,BKCB9,AC,False,True,2000,40.66424,-73.95818,False
728870,Umk Brooklyn Grocery,Umk Brooklyn Grocery Corp,930 4Th Ave,11232,307,BKCB7,AC,False,True,1200,40.65511,-74.00368,False
728866,282 Deli & Grocery,282 Deli & Grocery Corp,282 Ridgewood Avenue,11208,305,BKCB5,AC,False,True,1200,40.68409,-73.87801,False
728849,Gourmet Deli & Grocery,Gourmet Deli & Grocery Corp,1060 Fulton Street,11238,303,BKCB3,AC,False,True,1000,40.68167,-73.95829,False
728804,Jmart,Renhe Market Inc,8121 New Utrech Ave,11214,311,BKCB11,AC,False,True,30000,40.61024,-74.00154,False
728794,Foster Island Corporation,Foster Island Corporation,9702 Foster Ave,11236,318,BKCB18,AC,False,True,1000,40.64839,-73.90561,False
728792,1271 D & G,1271 D & G Corp,1271 Ralph Ave,11236,317,BKCB17,AC,False,True,1000,40.64519,-73.92,False
728756,Liberty Supermarket & Halal Meat,Liberty Supermarket & Halal Meat Inc,1075 Liberty Ave,11208,305,BKCB5,AC,False,True,,40.67833,-73.86953,False
728706,Shop Fair Supermarket,340 Pennsylvania Food Corp,340 Pennsylvania Ave,11207,305,BKCB5,AC,False,True,4000,40.66924,-73.89519,False
728681,Lucky Grocery,Lucky Grocery Inc,4123 8Th Ave,11232,312,BKCB12,A,False,False,1000,40.64567,-73.99896,False
728655,Isaac Apple Farm,Isaac Apple Farm Inc,329 Church Ave,11218,312,BKCB12,AC,False,True,7000,40.64398,-73.97666,False
728626,Mango Nostrand Farm Market,Mango Nostrand Farm Market Corp,1887 Nostrand Ave,11226,317,BKCB17,AC,False,True,5000,40.63943,-73.94834,False
728618,Koshertown,Nehorai Meir Corp,451 Albany Ave,11213,309,BKCB9,AC,False,True,800,40.66463,-73.93985,False
728599,Ace Sushi@Food Bazaar 75,Asiana Management Group Inc,480-500 Van Brunt St,11231,306,BKCB6,AC,False,True,100,40.67402,-74.0168,False
728559,Covert Food,Covert Food Corp,830 Knickerbocker Ave,11207,304,BKCB4,AC,False,True,1500,40.69205,-73.90647,False
728513,Dollar Tree #05849,Dollar Tree Stores Inc,1709 St Marks Ave,11233,316,BKCB16,A,False,False,,40.67325,-73.91032,False
728509,Dollar Tree #06068,Dollar Tree Stores Inc,1253 Utica Ave,11203,317,BKCB17,A,False,False,9000,40.64184,-73.92934,False
728475,Le French Tart Deli,Le French Tart Inc,579 5Th Ave,11215,307,BKCB7,AC,False,True,2000,40.66481,-73.98995,False
728468,Palmerejo Minimarket,Palmerejo Minimarket Corp,1023 Lafayette Ave Store #3,11221,303,BKCB3,AC,False,True,1000,40.69221,-73.93121,False
728444,C Heights Food,C Heights Food Corp,301 Schenectady Ave ####,11213,309,BKCB9,AC,False,True,4000,40.66767,-73.934,False
728402,Candy Grocery Lotto,Candy Grocery Lotto Corp,8520 20Th Avenue,11214,311,BKCB11,AC,False,True,1000,40.60491,-73.99791,False
728392,King Express Deli,King Express Deli Inc,1801 Avenue U/Store A,11229,315,BKCB15,AC,False,True,1000,40.59916,-73.95331,False
728349,Careway Pharmacy,Careway Rx Inc,1174 Flatbush Avenue,11226,314,BKCB14,A,False,False,2000,40.64158,-73.9567,False
728317,Juice Press Eq23,Juice Press Llc The,194 Joralemon St,11201,302,BKCB2,A,False,False,,40.69259,-73.99139,False
728206,Rana Deli And Grocery,Rana Deli And Grocery Corp,4406 5Th Ave,11220,307,BKCB7,AC,False,True,1500,40.64832,-74.00696,False
728115,Fantastic Deli Grocery,Fantastic Deli Grocery Corp,925A Marcy Ave,11216,303,BKCB3,AC,False,True,1000,40.68113,-73.9464,False
728113,Monger'S Palate,Monger'S Palate Llc,192 Driggs Avenue,11222,301,BKCB1,AC,False,True,600,40.7229,-73.94597,False
728078,Prospect Market,236 Prospect Market Llc,236 Prospect Park West,11215,307,BKCB7,AC,False,True,3500,40.65946,-73.98117,False
728076,Eden Deli And Grocery 04/15/2017,Eden Deli And Grocery Llc,408 47Th St ####,11220,307,BKCB7,AC,False,True,1000,40.64793,-74.01046,False
728061,Trader Joe'S #547,Trader Joe'S East Inc,445 Gold St ###,11201,302,BKCB2,A,False,False,,40.69074,-73.98348,False
728044,Stephanie Deli Grocery,Stephanie Deli Grocery Ny Corp,614 Myrtle Ave,11205,303,BKCB3,AC,False,True,800,40.69417,-73.95963,False
728040,Boutique Butcher,Boutique Butcher Ltd,311 Avenue U,11223,315,BKCB15,AC,False,True,4000,40.59705,-73.97251,False
728022,B Landi Deli Grocery,B Landi Deli Grocery Corp,885 4Th Avenue,11232,307,BKCB7,AC,False,True,1500,40.65581,-74.00274,False
727811,Hava Nagila R,Hava Nagila R Us Corp,1724 Avenue M  ###,11230,314,BKCB14,AC,False,True,,40.61831,-73.95732,False
727789,Mong Kok Supermarket,Mong Kok Supermarket Inc,1815 86Th Street,11214,311,BKCB11,AC,False,True,5000,40.60697,-74.00217,False
727741,7 Seas Grocery,7 Seas Grocery Corp,235 Bushwick Ave,11206,301,BKCB1,AC,False,True,800,40.70789,-73.93988,False
727734,Karzinka,Karzinka Corp,6629 Bay Parkway,11204,311,BKCB11,AC,False,True,2000,40.61282,-73.98247,False
727732,Tashkent Supermarket,Tashkent Supermarket Llc,713 Brighton Beach Ave. ###,11235,313,BKCB13,AC,False,True,6000,40.57797,-73.96007,False
727532,Food Cart,Food Cart Inc,675 Coney Island Ave,11218,312,BKCB12,AC,False,True,900,40.64093,-73.96928,False
727472,Borhan Food Mart,Borhan Food Mart Corp,1559 Broadway,11207,316,BKCB16,AC,False,True,1800,40.686,-73.91595,False
727469,Mom & Pop'S Organics Market,Mom & Pop'S Organics Market Inc,889 Manhattan Avenue,11222,301,BKCB1,AC,False,True,1500,40.72994,-73.95412,False
727455,Flying Tiger Copenhagen,Flying Tiger Retail East Coast Llc,445 Albee Square West,11201,302,BKCB2,A,False,False,1,40.69074,-73.98348,False
727387,Fifth Deli & Grocery,Fifth Deli & Grocery Inc,213 Union Avenue,11211,301,BKCB1,AC,False,True,1000,40.70695,-73.95045,False
727373,Alwajih Deli,Alwajih Deli Inc,125 Malcolm X Blvd,11221,303,BKCB3,AC,False,True,800,40.68918,-73.93031,False
727324,United Grocery Fresh Food,United Grocery Fresh Food Inc,516 Sutter Avenue,11207,305,BKCB5,AC,False,True,1000,40.6687,-73.89972,False
727317,99 Cent Xpress,Zak Market Inc,2815 Mermaid Ave,11224,313,BKCB13,A,False,False,3000,40.57553,-73.99492,False
727299,Ito En,Ito En (North America) Inc,34 34Th Street ####,11232,307,BKCB7,AC,False,True,6000,40.65775,-74.00713,False
727293,Chavo Deli-Grocery,Chavo Deli-Grocery Corp,721 5Th Avenue,11215,307,BKCB7,AC,False,True,1200,40.66037,-73.99443,False
727254,Jc Deli & Grill,Jc Deli & Grill Corporation,442A Lorimer Street,11206,301,BKCB1,AC,False,True,650,40.71035,-73.94877,False
727230,Kings 7 Deli & Grocery,Kings 7 Deli & Grocery Inc,268 Kings Hwy,11223,311,BKCB11,AC,False,True,4000,40.60524,-73.98071,False
727206,Bklyn Larder,Larder Llc,228 Flatbush Ave,11217,306,BKCB6,AC,False,True,2000,40.68064,-73.97497,False
727191,Yao Hui Mini Market,Yao Hui Mini Market Inc,6422- 6424 17Th Avenue,11204,311,BKCB11,AC,False,True,1500,40.62066,-73.99231,False
727146,Brookdale Deli And Grill,Brookdale Deli And Grill Inc,2562 Linden Blvd,11208,305,BKCB5,AC,False,True,1500,40.6679,-73.86966,False
727136,Colson Patisserie,Yi French Pastries Llc,253 36Th Street Unit 21,11232,307,BKCB7,ABH,True,False,7000,40.65607,-74.00733,False
727120,Green Bazzar & Discount,86 Green Corp,86 Church Avenue,11218,312,BKCB12,AC,False,True,1800,40.64253,-73.98008,False
727116,Hong Jin Fishmarket,Hong Jin Fishmarket Inc,1606 Newkirk Avenue,11226,314,BKCB14,AC,False,True,900,40.63603,-73.96226,False
727092,Prosperity Poultry,Prosperity Poultry Store Inc,5506 8Th Avenue ###,11220,312,BKCB12,AC,False,True,200,40.63814,-74.00679,False
727059,Best Farm Brooklyn,Best Farm Brooklyn Inc,818 Flatbush Ave,11226,314,BKCB14,AC,False,True,,40.65269,-73.95926,False
727053,Almadinah Halal Market,Almadinah Halal Market Corp,2705 Avenue Z,11235,315,BKCB15,AC,False,True,2500,40.58927,-73.9424,False
727047,Paris Deli Grocery Ny,Paris Deli Grocery Ny Corp,1751 Nostrand Ave,11226,317,BKCB17,AC,False,True,1200,40.6431,-73.94873,False
726972,Hong Key Market Inc,Hong Key Market Inc,7022 18Th Ave,11204,311,BKCB11,A,False,False,2000,40.61583,-73.99351,False
726896,781 New Lots Mini Market,781 New Lots Mini Market Inc,781 New Lots Ave,11208,305,BKCB5,AC,False,True,1000,40.66678,-73.88171,False
726740,4003 Church Farm Market,4003 Church Farm Market Inc,4003 Church Ave,11203,317,BKCB17,AC,False,True,10000,40.65127,-73.93981,False
726733,Valery Deli Grocery,Valery Deli Grocery Corp,216 Knickerbocker Ave,11237,304,BKCB4,AC,False,True,1200,40.70333,-73.92627,False
726704,Lavillita Deli Grocery,Lavillita Deli Grocery Corp,310 Kings Highway,11223,311,BKCB11,AC,False,True,1200,40.60502,-73.97881,False
726646,L & L Deli Grocery,L & L Deli Grocery Inc,2013 Avenue U,11229,315,BKCB15,AC,False,True,2000,40.59946,-73.95071,False
726476,Pitkin Pharmacy & Food Mart,Thn Pharmacy Inc,1601 Pitkin Ave,11212,316,BKCB16,A,False,False,2500,40.66917,-73.91427,False
726325,Mr. Deli & Grill,Mr Deli & Grill Llc,1185 Dekalb Ave,11221,304,BKCB4,AC,False,True,600,40.69503,-73.92859,False
726157,Denny Food Mart,Denny Food Mart Corp,574 Wilson Ave,11207,304,BKCB4,AC,False,True,1000,40.69058,-73.90793,False
726126,Vitis Corner,112 Central Avenue Food Corp,112 Central Ave,11221,304,BKCB4,AC,False,True,1900,40.70022,-73.92893,False
726105,Twins Zero,Big Berries Inc,1137 Brighton Beach Ave,11235,313,BKCB13,AC,False,True,1600,40.57764,-73.9557,False
726096,Apple Gourmet Farm,Mahant 404 Inc,404 Atlantic Avenue,11217,302,BKCB2,AC,False,True,1400,40.68688,-73.98473,False
726047,Los Platanitos Grocery & Deli,Los Platanitos Grocery & Deli Corp,262 Wyckoff Avenue,11237,304,BKCB4,AC,False,True,1000,40.70029,-73.91243,False
725974,Knapp Street Bagels,Knapp Corner Corp,2771 Knapp Street,11235,315,BKCB15,AC,False,True,4000,40.58648,-73.93146,False
725941,West 10 Grocery,West 10 Grocery Inc,97 Avenue S,11223,311,BKCB11,AC,False,True,1200,40.60075,-73.98202,False
725926,Fresh Deli Line,Fresh Deli Line Inc,1 Kingston Ave.,11216,303,BKCB3,AC,False,True,1600,40.67961,-73.94124,False
725925,Healthy Bites Gourmet,Healthy Bites Gourmet Corp,376 Lafayette Ave,11238,302,BKCB2,AC,False,True,2000,40.68883,-73.96034,False
725809,Ez Market,Ez Market Inc,5711 6Th Avenue,11220,307,BKCB7,A,False,False,2200,40.63956,-74.01248,False
725802,99C Budget,Food Budget Inc,1778 Utica Ave,11234,318,BKCB18,A,False,False,5000,40.62897,-73.92795,False
725799,Plaza Deli,Plaza Deli,2185 Pacific Street,11233,316,BKCB16,AC,False,True,1000,40.67572,-73.91401,False
725798,Harvest Deli,Harvest Deli Corp,31A Kingsland Ave,11211,301,BKCB1,AC,False,True,800,40.71724,-73.94026,False
725785,Tio Minimarket & Deli,Tio Minimarket & Deli Corp,2737 Fulton Street,11207,305,BKCB5,AC,False,True,1200,40.67774,-73.89363,False
725749,Taste Of Israel,Taste Of Israel Inc,1322 Ave M ####,11230,314,BKCB14,AC,False,True,,40.61788,-73.96117,False
725739,Norman Convenience & Smoke Shop,Shree Hari One Llc,171 Norman Ave,11222,301,BKCB1,A,False,False,1100,40.72684,-73.94742,False
725714,Candymaven Us,Candymaven Us Llc,4819 16Th Ave,11204,312,BKCB12,AC,False,True,1200,40.63116,-73.98537,False
725701,John Bath Ave Grocery,John Bath Ave Grocery Corp,1525 Bath Avenue,11228,311,BKCB11,AC,False,True,1200,40.60749,-74.01216,False
725700,Smith Gourmet Deli,Smith Gourmet Deli Corp,126 Smith Street,11201,302,BKCB2,AC,False,True,1200,40.68747,-73.98996,False
725692,Siyob Bazar,Siab Bazaar Inc,4315 18Th Avenue ###,11218,314,BKCB14,AC,False,True,4000,40.63103,-73.97652,False
725684,Shloms Heimish,Shloms Heimish Corp,1507 Coney Island Ave ####,11230,314,BKCB14,AC,False,True,400,40.6207,-73.96439,False
725648,Five Boroughs Brewing Co,5 Boroughs Brewery Inc,215 47Th St,11220,307,BKCB7,AC,False,True,15000,40.65044,-74.01464,False
725624,Shopper Stop And Deli,Shopper Stop And Deli Corp,218 Ralph Ave,11233,303,BKCB3,AC,False,True,,40.68231,-73.92259,False
725588,Aka Convenience Store,Aka Convenience Store Inc,9811 4Th Avenue,11209,310,BKCB10,A,False,False,1000,40.61371,-74.03288,False
725555,Nancy And Friends Deli Grocery Supermark,Nancy And Friends Deli Grocery Supermark,612 Hegeman Ave,11207,305,BKCB5,AC,False,True,1000,40.6611,-73.88896,False
725498,Johanna Deli Grocery,Johanna Deli Grocery Corp,532 Sutter Ave,11207,305,BKCB5,AC,False,True,,40.66879,-73.89915,False
725445,Msr Discount And Grocery,Msr Discount And Grocery Corp,1746 Flatbush Ave,11210,318,BKCB18,AC,False,True,1800,40.62773,-73.94225,False
725428,Family Dollar #31777,Family Dollar Stores Of New York Llc,130 New Lots Ave,11212,316,BKCB16,A,False,False,,40.65841,-73.9008,False
725416,Oslo Coffee Roasters,Oslo Coffee Roasters Inc,473 Morgan Ave,11222,301,BKCB1,ACK,False,True,2000,40.72067,-73.93805,False
725408,Mixtape Bushwick,A&A Coffee Llc,175 Van Dyke Street 324A,11231,306,BKCB6,AC,False,True,6000,40.67714,-74.01814,False
725404,Varyete Store Judith Bonbagay,Riche Mirmonde Camille,67 E 18Th Street,11226,314,BKCB14,AC,False,True,,40.64971,-73.96312,False
725399,Cherry Hill,Muscat Market Llc,2613 Avenue U,11229,315,BKCB15,AC,False,True,,40.60007,-73.94514,False
725379,Shop Fair,Cem Food Corp,256 Livonia Avenue,11212,316,BKCB16,AC,False,True,10000,40.66255,-73.90819,False
725373,Hermanos Barrientos Mini Market 10/23/16,Hermanos Barrientos Mini Market Corp,394 Etna St Floor 1,11208,305,BKCB5,AC,False,True,1000,40.68791,-73.86931,False
725365,Gordo Food,Gordo Food Corp,497 Marcy Ave,11206,303,BKCB3,AC,False,True,1500,40.69846,-73.94983,False
725361,Chela Foods Market,Chela Foods Market Corp,44 New Lots Ave,11212,316,BKCB16,AC,False,True,,40.65722,-73.90348,False
725257,Gotham Coffee Roasters,Gotham Coffee Roasters Inc,"175 Van Dyke, Suite 324A",11231,306,BKCB6,AC,False,True,3000,40.67714,-74.01814,False
725205,Dollar Deals,Blake Food Mart Inc,1159 Blake Avenue ##,11208,305,BKCB5,A,False,False,7000,40.6708,-73.87462,False
725193,Country Coco,Country Coco Inc,3112-3114 Church Avenue,11226,317,BKCB17,AC,False,True,3800,40.65086,-73.94814,False
725151,Valentina Grocery,Valentina Grocery Corp,3910 6Th Ave,11232,307,BKCB7,AC,False,True,1400,40.64946,-74.00218,False
725147,Arena Wine & Liquor Dep,Arena Wine & Liquor Depot Corp,633 Washington Ave,11238,308,BKCB8,AC,False,True,5000,40.67869,-73.96393,False
725056,Y & R Grocery&Deli,Y & R Grocery&Deli Corp,5016 Church Ave,11203,317,BKCB17,AC,False,True,1000,40.65184,-73.92979,False
725055,Dongsheng Food,Dongsheng Food Inc,6719 Bay Parkway,11204,311,BKCB11,AC,False,True,5000,40.61227,-73.98305,False
725052,Cherry Valley Gourmet Deli,Cherry Valley Gourmet Deli Corp,74 Kingston Ave,11213,308,BKCB8,AC,False,True,1800,40.67731,-73.94143,False
725027,J & W Supermarket,J & W Supermarket Inc,9004 Avenue A ##,11236,317,BKCB17,AC,False,True,1500,40.65132,-73.9179,False
725007,San Atanacio Deli-Grocery,San Atanacio Deli-Grocery Corp,6304 Bay Pkwy,11204,311,BKCB11,AC,False,True,2000,40.61487,-73.98034,False
724991,Driggs Mini Mart,Driggs Mini Mart Inc,172 S 3Rd Street,11211,301,BKCB1,AC,False,True,800,40.71191,-73.96091,False
724858,Papi Mini Market,Papi Mini Market Corp,259 Patchen Ave ####,11233,303,BKCB3,AC,False,True,1200,40.68243,-73.92598,False
724838,Efes Market Internation,Kovcheg International Food Inc,2899 Ocean Ave,11235,315,BKCB15,AC,False,True,2000,40.5905,-73.94972,False
724789,Green Corner Fish & Farmers Market,Green Corner Ny Llc,801 Flushing Ave,11206,301,BKCB1,AC,False,True,10000,40.70103,-73.94067,False
724786,86 Tobacco & Convenience,86 Tobacco & Convenience Corp,8511 4Th Avenue,11209,310,BKCB10,A,False,False,500,40.62333,-74.02812,False
724785,Voorhies Health Pharmacy,Voorhies Health Pharmacy Inc,2309 Voorhies Ave,11235,315,BKCB15,A,False,False,1000,40.58661,-73.94553,False
724780,525 Grocery&Deli,525 Deli Grocery Corp,525 Metropolitan Ave,11211,301,BKCB1,AC,False,True,800,40.71406,-73.9513,False
724762,Da Cai,Da Cai Inc,4814 8Th Ave,11220,312,BKCB12,AC,False,True,800,40.64193,-74.00285,False
724674,Kirolos,Kirolos Inc,458 Third Ave,11215,306,BKCB6,AC,False,True,1200,40.6716,-73.9909,False
724643,Nassau Meat Market,Nassau Meat Market Inc,915 Manhattan Avenue,11222,301,BKCB1,AC,False,True,2500,40.73062,-73.9543,False
724631,Sunrise Grocery,Sunrise Grocery Corp,6005 Fifth Ave,11220,307,BKCB7,AC,False,True,1500,40.63932,-74.01634,False
724622,Tavares Meat Market,Tavares Meat Market Corp,2972 Fulton St,11208,305,BKCB5,AC,False,True,1000,40.67981,-73.88511,False
724607,Bingo Wholesale,Marav Usa Llc,1245 61St Street,11219,312,BKCB12,ABC,True,True,31000,40.62863,-73.99974,False
724589,Shins Blue Ribbon Fruit & Vegetable,Choes Blue Fruit & Vegetable Inc,1907 Avenue M,11230,314,BKCB14,AC,False,True,3000,40.61846,-73.95592,False
724579,Mehuder Meats Poultry & More,Mehudar Meats Poultry & More Lp,4013 13Th Ave,11218,312,BKCB12,AC,False,True,3300,40.63972,-73.98723,False
724560,Franklin Finest Deli,Franklin Finest Deli Corp,790 Franklin Ave,11238,308,BKCB8,AC,False,True,900,40.67143,-73.95768,False
724553,Ak Two,Ak Two Corp,1400 E 4Th St,11230,312,BKCB12,AC,False,True,1200,40.61648,-73.97135,False
724550,V Pharmacy,V Pharmacy Llc,2124 Gravesend Neck Rd,11229,315,BKCB15,A,False,False,1400,40.59727,-73.94919,False
724542,Orlanou Group,Orlanou Group Inc,9701 Ditmas Ave ####,11236,317,BKCB17,AC,False,True,1000,40.65171,-73.90914,False
724534,J'S Deli & Grocery,J'S Deli & Grocery Inc,8712 19Th Avenue 1St Floor,11214,311,BKCB11,AC,False,True,1000,40.60376,-74.0027,False
724495,Alexandra Deli & Grocery,Alexandra Deli & Grocery Llc,79 Saratoga Avenue,11233,316,BKCB16,AC,False,True,,40.68423,-73.91745,False
724432,Food Bazaar,Bogopa Bg Flatlands Llc,111-10 Flatlands Ave ######,11207,,,AC,False,True,35000,,,False
724421,Market On 5Th,Market On 5Th Inc,185 5Th Ave,11217,306,BKCB6,AC,False,True,2000,40.67714,-73.97993,False
724417,W And Y Grocery,W And Y Grocery Inc,6901 8Th Avenue,11228,310,BKCB10,A,False,False,1500,40.63027,-74.015,False
724412,Lai Fu 88 Grocery,Lai Fu 88 Grocery Inc,2102 Bath Ave,11214,311,BKCB11,A,False,False,1000,40.59992,-73.99935,False
724378,Sandwich Factory,Devpooja Deli Grocery Inc,336 Butler Street,11217,306,BKCB6,AC,False,True,,40.68006,-73.98166,False
724352,Syeds Stores,Syeds Stores Corp,1742 Flatbush Ave,11210,318,BKCB18,A,False,False,1100,40.62781,-73.94234,False
724350,Sk Farm Ep,Sk Farm Ep Inc,247 Schenectady Ave,11213,308,BKCB8,AC,False,True,,40.67018,-73.93377,False
724238,Eugene J Candy Co,Eugene J Candy Co Llc,16 Wilson Ave,11237,304,BKCB4,AC,False,True,400,40.70336,-73.93041,False
724222,World Famous Deli,World Famous Deli Corp,475 Bergen Street,11217,308,BKCB8,AC,False,True,1000,40.68075,-73.97466,False
724171,88 Market,88 Market Inc,4614 8Th Avenue,11220,312,BKCB12,A,False,False,700,40.64303,-74.0017,False
724152,Hong Da Supermarket,Hong Da Supermarket Inc,2319 86Th Street####,11214,311,BKCB11,AC,False,True,1500,40.60021,-73.99101,False
724129,Cut Above,Y&D Meat Corp,315 Avenue M. ###,11230,312,BKCB12,AC,False,True,2500,40.6167,-73.9718,False
724111,Kims Good Farm,Kims Good Farm Inc,1103 Rutland Rd,11212,317,BKCB17,AC,False,True,,40.6647,-73.92329,False
724038,Whole Foods Market,Whole Foods Market Group Inc,238 Bedford Ave,11249,301,BKCB1,AC,False,True,51000,40.71605,-73.95964,False
723852,Golden City Supermarket 1,Golden City Supermarket 1 Inc,2217 86Th Street,11214,311,BKCB11,AC,False,True,5000,40.60158,-73.99329,False
723840,Juice Press 32,Juice Press Llc The,207 7Th Ave,11215,306,BKCB6,AC,False,True,1500,40.6703,-73.97872,False
723836,Stop One At 39Th,Eljahmi Majid,3913 9Th Ave,11232,312,BKCB12,A,False,False,600,40.6456,-73.99544,False
723805,Juice Press 22,Juice Press Llc The,124 Montague Street,11201,302,BKCB2,AC,False,True,600,40.69483,-73.99442,False
723802,Juice Press 8,Juice Press Llc The,144 N 8Th St,11249,301,BKCB1,AC,False,True,200,40.71882,-73.95784,False
723775,Cvs/Pharmacy #2428,Cvs Albany Llc,532 Neptune Ave,11224,313,BKCB13,A,False,False,8000,40.57983,-73.97295,False
723773,Deen Gourmet Deli,Deen Gourmet Deli Corp,1427 Flatbushe Ave #2 ####,11210,314,BKCB14,AC,False,True,1500,40.63578,-73.9508,False
723676,Kikka @ Whole Foods Williamsburg,Ito Inc,238 Bedford Ave ####,11249,301,BKCB1,AC,False,True,200,40.71605,-73.95964,False
723628,2918 Salman Deli Corp,2918 Salman Deli Corp,2918 Beverley Rd ####,11226,317,BKCB17,AC,False,True,800,40.64511,-73.94921,False
723625,1088 Flatbush Deli,1088 Flatbush Deli Inc,1088 Flatbush Ave,11226,314,BKCB14,AC,False,True,800,40.64394,-73.9579,False
723617,Villa Tapia Citi Fresh Supermarket,Villa Tapia Citi Fresh Supermarket Corp,40 Nostrand Avenue ##,11205,303,BKCB3,AC,False,True,5000,40.69871,-73.95321,False
723609,Ralphs Fruits And Vegetables,Ralphs Produce Inc,507 Kings Hwy,11223,315,BKCB15,AC,False,True,3000,40.60436,-73.97069,False
723554,El Chapin,Deli Grocery Guatelmalteca Corp,7710 17Th Ave,11214,311,BKCB11,AC,False,True,1500,40.61343,-73.9998,False
723505,Family Dollar Store #31815,Family Dollar Stores Of New York Llc,741 Ralph Ave,11212,316,BKCB16,A,False,False,5000,40.66441,-73.92199,False
723486,Vs Quick Mart Inc,Vs Quick Mart Inc,845 Van Siclen Ave,11207,305,BKCB5,AC,False,True,1500,40.65917,-73.88468,False
723485,Fresh Food Mart & Deli,711 Food Mart & Deli Corp,711 Knickerbocker Avenue,11221,304,BKCB4,AC,False,True,2000,40.6942,-73.91024,False
723391,Xiangfu Grocery,Xiangfu Grocery Inc,5111 7Th Avenue,11220,307,BKCB7,AC,False,True,1000,40.64163,-74.00674,False
723385,Placita Oxaquena,Placita Oxaquena Corp,709 Myrtle Ave ##,11205,303,BKCB3,AC,False,True,1000,40.69476,-73.95457,False
723365,Awesome Deli 1,Awesome Deli 1 Inc,60 Broadway,11249,301,BKCB1,AC,False,True,800,40.71055,-73.96617,False
723341,Brooklyn Beer,Mahi Ambe Inc,9516 4Th Avenue,11209,310,BKCB10,A,False,False,1000,40.61555,-74.03133,False
723277,Pablo Deli & Grocery,Pablo Soto,202 Stone Ave,11233,316,BKCB16,AC,False,True,,40.67343,-73.90784,False
723260,Natural And Organic Deli Corp,Natural And Organic Deli Corp,1203 Myrtle Ave,11221,304,BKCB4,AC,False,True,1400,40.69735,-73.93195,False
723252,Meldi Usa,Meldi Usa Inc,6424 20Th Ave,11204,311,BKCB11,AC,False,True,1200,40.61666,-73.9857,False
723249,Neighborhood Deli & Grocery,Neighborhood Deli & Grocery Corp,326 Greenwood Ave,11218,307,BKCB7,AC,False,True,1100,40.65056,-73.97802,False
723236,Yellow Basket,Yellow Basket Llc The,73 Division Ave,11249,301,BKCB1,AC,False,True,2000,40.70727,-73.96579,False
723230,J & R Distributors,J & R Distributors Inc,110 Moore Street,11206,301,BKCB1,ACD,False,True,210,40.7039,-73.9411,False
723216,Mr Mango,Zudy 59 Corp,59 Lafayette Avenue,11217,302,BKCB2,AC,False,True,3000,40.68705,-73.97611,False
723215,Mr Lemon,Zoon 410 Corp,410 Knickerbocker Ave,11237,304,BKCB4,AC,False,True,5000,40.69974,-73.92,False
723212,Food Story Natural Market,Food Story Natural Market Inc,40 Bogart Street,11206,301,BKCB1,AC,False,True,7000,40.70493,-73.93319,False
723059,Ocean A & R Pharmacy,Ocean A & R Pharmacy Inc,2806 Ocean Ave,11229,315,BKCB15,A,False,False,2000,40.59306,-73.95021,False
723000,Caba Deli Grocery,Caba Deli Grocery Corporation,1419 E New York Avenue,11212,316,BKCB16,AC,False,True,2000,40.67026,-73.91552,False
722996,Brooklyn Bodega,Gwq Roebling Food Corp,340 Roebling Street,11211,301,BKCB1,AC,False,True,200,40.7082,-73.96103,False
722945,Ahmed'S Grocery & Halal,Uzair Grocery Inc,2150 Bath Ave,11214,311,BKCB11,AC,False,True,1500,40.59895,-73.99792,False
722937,King Rockaway Pkway,King Rockaway Pkway Corp,1938 Rockaway Pkway,11236,318,BKCB18,AC,False,True,1500,40.63525,-73.8913,False
722916,3Rd Ave,Ultimate State Deli Corp,25 3Rd Ave,11217,302,BKCB2,AC,False,True,1000,40.68586,-73.98034,False
722862,Amazon.Com.Dedc,Prime Now Llc,850 3Rd Avenue Ste 303 ####,11232,307,BKCB7,AD,False,False,40000,40.65896,-74.00462,False
722842,Dollar Tree #05611,Dollar Tree Stores Inc,2114 Coyle Street,11229,315,BKCB15,A,False,False,10000,40.60023,-73.937,False
722759,Stop One Express Deli,Stop One Express Deli Inc,2208 Fulton Street,11233,316,BKCB16,AC,False,True,1000,40.67814,-73.90814,False
722742,Al Salam Halal Meat & Grocery,Al Salam Halal Meat & Grocery Inc,7206 5Th Avenue,11209,310,BKCB10,AC,False,True,2000,40.6315,-74.02181,False
722703,Stop 1-45 Food Mart,Stop 1-45 Food Mart Corp,1975 Union Street,11233,308,BKCB8,AC,False,True,1000,40.66738,-73.92295,False
722685,Family Dollarstore #11637,Family Dollar Stores Of New York Llc,888 Jamaica Ave,11208,305,BKCB5,A,False,False,10000,40.69014,-73.87207,False
722612,Nobel Deli & Market,Nobel Deli & Market Inc,6001 15Th Ave,11219,312,BKCB12,AC,False,True,1000,40.62605,-73.99429,False
722610,Va Grocery And Deli,Va Grocery And Deli Corp,207 Hull Street,11233,316,BKCB16,AC,False,True,1800,40.67983,-73.90825,False
722600,Catracho Deli Grocery Inc,Catracho Deli Grocery Inc,6823 20Th Ave,11204,311,BKCB11,AC,False,True,1200,40.61434,-73.98813,False
722575,147 Friends Grocery,147 Friends Grocery Corp,147 Park Ave,11205,302,BKCB2,AC,False,True,1200,40.69623,-73.97373,False
722569,Dollar Tree #06209,Dollar Tree Stores Inc,344 Pennsylvania Ave,11207,305,BKCB5,A,False,False,,40.66911,-73.89516,False
722497,A & J Hun Food Depot,A & J Hun Food Depot Corp,5802 13Th Ave,11219,312,BKCB12,AC,False,True,300,40.62985,-73.99747,False
722464,Meat Hook,Meat Hook Llc The,397 Graham Ave,11211,301,BKCB1,AC,False,True,2200,40.71678,-73.94476,False
722434,Lemon Tree Natural Mark,Lemon Tree Food Market Corp,387 Graham Avenue,11211,301,BKCB1,AC,False,True,1300,40.71639,-73.94469,False
722356,Tap Beer,Tap Beer Inc,1416 Avenue Z ####,11235,315,BKCB15,AC,False,True,400,40.58789,-73.95482,False
722302,Rincon Deli Grocery,Rincon Deli Grocery Corp,2101 Cortelyou Road,11226,314,BKCB14,AC,False,True,,40.64391,-73.95845,False
722295,M&L Family Deli Grocery,M&L Family Deli Grocery Corp,4524 7Th Avenue,11220,307,BKCB7,AC,False,True,1600,40.64477,-74.00348,False
722257,Cheeky Cocktails,Cheeky Cocktails Llc,630 Flushing Ave. Mailbox #32,11206,303,BKCB3,AC,False,True,750,40.69994,-73.94869,False
722205,Target Store T-2850,Target Corporation,445 Albee Square W,11201,302,BKCB2,AC,False,True,,40.69074,-73.98348,False
722165,Azy Deli Corp Ii,Azy Deli Corp Ii,5301 4Th Avenue,11220,307,BKCB7,AC,False,True,1600,40.64467,-74.01435,False
722152,Macareno Central,Macareno Central Inc,6810 4Th Avenue,11220,310,BKCB10,AC,False,True,3000,40.63502,-74.02336,False
722147,Quentin Corner Food Mart,Quentin Corner Food Mart Corp,1101 Quentin Road,11229,315,BKCB15,AC,False,True,1500,40.60786,-73.96165,False
722125,Silver Star Farms,Goris Grocers Nostrand Ave Corp,3838 Nostrand Avenue,11235,315,BKCB15,AC,False,True,4000,40.59028,-73.93993,False
722043,Abassi Middle Eastern Grocery,Sooo Delicious Llc,1801 Bath Avenue,11214,311,BKCB11,ABC,True,True,4000,40.60381,-74.00603,False
722035,Lucky Star Smoke Shop And Grocery,Lucky Star Smoke Shop And Grocery Corp,1295 Pacific Street,11216,308,BKCB8,AC,False,True,1000,40.67763,-73.94948,False
722030,Sterling Deli&Grocery 1,Sterling Deli And Grocery 1 Corp,1031 Nostrand Ave,11225,309,BKCB9,AC,False,True,1000,40.66325,-73.95089,False
721950,Parkview Market,Bedford 101 Food Corp,101 Bedford Ave,11211,301,BKCB1,AC,False,True,1400,40.72022,-73.95515,False
721939,Nouri Meat Market & Grocery,Abdelghani Abdelghani,1257 Bedford Ave,11216,303,BKCB3,AC,False,True,1200,40.6801,-73.95325,False
721898,Rahmah,Rahmah Inc,368 Van Brunt Street,11231,306,BKCB6,AC,False,True,1300,40.67741,-74.0128,False
721891,Affia Meat & Grocery,Affia Meat & Grocery Inc,328 Empire Blvd,11225,309,BKCB9,AC,False,True,,40.66387,-73.9514,False
721848,Chickys General Store,Peeep Llc,406 Tompkins Avenue,11216,303,BKCB3,AC,False,True,1200,40.68342,-73.94393,False
721843,Garden Basket Market,Garden Basket Market Corp,354 Lewis Ave,11233,303,BKCB3,AC,False,True,,40.68337,-73.93513,False
721828,Nicks Discount Store,Nicks Discount Store Inc,1669 Bath Avenue ####,11214,311,BKCB11,A,False,False,1000,40.60533,-74.00857,False
721814,Nanni Health Food Store,Ragguette & Charles Inc,5222 Church Ave ##,11203,317,BKCB17,AC,False,True,1200,40.65228,-73.92779,False
721803,Judith Grocery,Judith Grocery Inc,2485 65Th Street,11204,311,BKCB11,AC,False,True,1000,40.60986,-73.97479,False
721770,Green Basket & More,Green Basket & More 1 Inc,852 Wyckoff Avenue,11237,304,BKCB4,AC,False,True,600,40.697626,-73.908049,True
721746,Mr.Fulton Deli & Grill,Rochester Food Corp V,3 Rochester Avenue,11233,303,BKCB3,AC,False,True,1200,40.67903,-73.92738,False
721706,West Indian Fresh,West Indian Fresh Inc,4207 Avenue J ##,11210,318,BKCB18,AC,False,True,2000,40.62772,-73.93518,False
721693,Don Poli Meat Market,Don Poli Meat Market Corp,3143 Fulton Street,11208,305,BKCB5,AC,False,True,1000,40.68177,-73.87885,False
721628,Poseidon Ny,Poseidon Ny Llc,8680 18Th Ave,11214,311,BKCB11,ADK,False,False,5000,40.60571,-74.00428,False
721561,Alibaba Halal Meat,Alibaba Halal Meat Inc,407 Ditmas Ave,11218,312,BKCB12,AC,False,True,450,40.63589,-73.97476,False
721556,Refresh,Refresh Fruits &Deli Corp,55-10 16Th Avenue,11204,312,BKCB12,AC,False,True,2000,40.627557,-73.989494,True
721545,Mexican Grocery & Deli,Mexican Grocery & Deli Corp,326 E 2Nd Street,11218,312,BKCB12,AC,False,True,600,40.64353,-73.97839,False
721517,Food U Desire 2,Food U Desire 2 Corp,423 7Th Avenue,11215,306,BKCB6,AC,False,True,2000,40.66378,-73.98416,False
721484,La Flor Del Poder,La Flor Del Poder Grocery Store Inc,1662 Coney Island Ave ####,11230,314,BKCB14,AC,False,True,,40.61686,-73.96367,False
721412,Wing Fung,Wing Fung 2019 Inc,5507 8Th Ave #####,11220,312,BKCB12,AC,False,True,1600,40.637972,-74.006623,True
721354,2819 Cropsey Bagels & Deli,2819 Cropsey Bagels & Deli Inc,2819 Cropsey Ave,11214,313,BKCB13,ABCH,True,True,3000,40.58608,-73.98799,False
721345,Sabroso Deli,Sabroso Deli Corp,4904 4Th Ave,11220,307,BKCB7,AC,False,True,,40.64696,-74.01215,False
721328,Chabelita S Place,Chabelita S Place Corp,3240 Fulton Street ###,11208,305,BKCB5,AC,False,True,1200,40.68265,-73.87565,False
721316,Central Pharmacy,Central Pharmacy Of Brooklyn Ny,252 Brighton Beach Ave,11235,313,BKCB13,A,False,False,1200,40.57677,-73.96542,False
721228,Health Is Wealth,Sea Breeze Pharmacy & Medical Supply Inc,1129 Brighton Beach Ave,11235,313,BKCB13,AC,False,True,1200,40.57771,-73.95592,False
721222,Brooklyn Kosher Meat Market,Brooklyn Kosher Meat Market Inc,3604 Nostrand Ave,11229,315,BKCB15,AC,False,True,,40.59624,-73.94107,False
721156,Ave L Superette,Ave L Superette Inc,8821 Avenue L,11236,318,BKCB18,AC,False,True,1500,40.6347,-73.90144,False
721100,Diana International,Diana International Inc,308 Kings Highway,11223,311,BKCB11,AC,False,True,1000,40.60502,-73.97883,False
721044,Jagat Island,Jagat Island Corp,239 Union Ave,11211,301,BKCB1,A,False,False,700,40.70768,-73.95057,False
721018,24 Hour Minimart,Jupiter Grocery Inc,7817 New Utrecht Ave ####,11214,311,BKCB11,A,False,False,1500,40.61289,-74.00076,False
720958,Big Boyz Deli,Big Boyz Deli Corp,9102-9104 Flatlands Ave,11236,318,BKCB18,AC,False,True,1500,40.64081,-73.90508,False
720943,Natures Gourmet Deli And Organic Food,Natures Gourmet Deli And Organic Food Co,565 Evergreen Ave.,11221,304,BKCB4,AC,False,True,500,40.68948,-73.91408,False
720938,Abus Bakery,American Beanpie Company Inc,1184 Fulton St,11216,303,BKCB3,ABCK,True,True,1000,40.68068,-73.95358,False
720919,Aden Deli Grocery,Aden Deli Grocery Corp 1,1519 Nostrand Ave,11226,317,BKCB17,AC,False,True,2000,40.64906,-73.94939,False
720883,Bay Pkwy Grocery Candy,Bay Pkwy Grocery Candy Corp,8511 Bay Pkwy,11214,311,BKCB11,AC,False,True,1000,40.60228,-73.99347,False
720862,Food Universe,Paramount Supermarket Inc,2424 Flatbush Ave,11234,318,BKCB18,AC,False,True,15000,40.6108,-73.92424,False
720742,Speedway #07873,Speedway Llc,833 4Th Ave,11232,307,BKCB7,AC,False,True,2000,40.65733,-74.00075,False
720726,Mechys Gourmet,Mechys On J Corp,1412 Avenue J ###,11230,314,BKCB14,AC,False,True,7000,40.62512,-73.9619,False
720719,Speedway #07829,Speedway Llc,1620 Neptune Ave,11224,313,BKCB13,AC,False,True,600,40.57897,-73.98495,False
720602,Park Slope Deli Farm,294 Kiwi Deli & Grocery Inc,294 7Th Ave,11215,306,BKCB6,AC,False,True,1500,40.66804,-73.98062,False
720553,Green Garden 1 Deli,Green Garden 1 Deli Corp,2801 Nostrand Ave,11229,315,BKCB15,AC,False,True,,40.6157,-73.94478,False
720532,Speedway #07836,Speedway Llc,2400 Flatbush Ave,11234,318,BKCB18,AC,False,True,1000,40.61129,-73.92493,False
720473,New Leader Helal Meat Ii,New Leader Helal Meat Ii Corp,6720 5Th Ave,11220,310,BKCB10,AC,False,True,2000,40.63515,-74.02032,False
720431,Duane Reade #14426,Duane Reade Et Al Ptrs,250 Bedford Ave,11249,301,BKCB1,A,False,False,,40.71577,-73.95993,False
720416,El Mundo Unidos Deli Grocery Bakery,El Mundo Unidos Deli Grocery Bakery Corp,55 East 18Th St ####,11226,314,BKCB14,AC,False,True,,40.64999,-73.96318,False
720404,New Easyshop Supermarket,New Easyshop Supermarket Inc,1520 Avenue U,11229,315,BKCB15,AC,False,True,2500,40.59891,-73.95565,False
720369,Kings Knapp Mobil,Bolla Operating Corp,2402 Knapp St,11235,315,BKCB15,AC,False,True,1500,40.5943,-73.93333,False
720343,Foster Sundry,Superette Bk Llc,215 Knickerbocker Ave,11237,304,BKCB4,AC,False,True,2400,40.70332,-73.92626,False
720266,Kosher Discount,Kosher Discount Llc,4909 13Th Ave,11219,312,BKCB12,AC,False,True,4800,40.63475,-73.99242,False
720195,Koshertown,Nehorai Meir Corp,459 Albany Ave,11213,309,BKCB9,AC,False,True,4000,40.6643,-73.93989,False
720154,Organic Circle,Organic Circle Inc,1415 Avenue M,11230,314,BKCB14,AC,False,True,3000,40.61798,-73.96029,False
720104,A & J Meat Market,A & J Meat Market Ny Corp,670 Rockaway Ave,11212,316,BKCB16,AC,False,True,1000,40.6635,-73.90917,False
720088,Ali Gourmet Deli & Grocery,Ali Gourmet Deli & Grocery Corp,607 Bristol St,11212,316,BKCB16,AC,False,True,800,40.65612,-73.90919,False
720082,Bravo Fresh Market,Cee Food Corp,844 Dekalb Ave,11221,303,BKCB3,AC,False,True,6000,40.69242,-73.9422,False
720062,Yea Deli Grocery,Yea Deli Grocery Corp,2740 Pitkin Ave,11208,305,BKCB5,AC,False,True,,40.67551,-73.87117,False
720040,Keita West African Market,Keita West African Market Inc,1225 Broadway,11221,303,BKCB3,AC,False,True,800,40.69182,-73.92613,False
720030,Kingston Grocery & Smoke Shop,Kingston Grocery & Smoke Shop Cor,7 Kingston Ave,11213,303,BKCB3,A,False,False,1000,40.67956,-73.94125,False
720017,Five United Market,Five United Market Inc,5704 8Th Ave ####,11220,312,BKCB12,AC,False,True,1800,40.63706,-74.00791,False
720015,Taam Eden Bakery,13Th Ave Kosher Bakery Inc,4603 13Th Ave #####,11219,312,BKCB12,ABCH,True,True,2200,40.636468,-73.990302,True
719944,17Th Mini Mart,17Th Mini Mart Inc,8306 17Th Avenue,11214,311,BKCB11,A,False,False,1500,40.61015,-74.00326,False
719913,Green Market & Discount Store,969 Food Corp,4214 10Th Ave,11219,312,BKCB12,AC,False,True,,40.64254,-73.99503,False
719861,Turbo Fruit,My Harvest Llc,5 Heyward St,11249,301,BKCB1,AC,False,True,8000,40.69938,-73.95962,False
719820,Ez Ecommerce,Ez Ecommerce Inc,4720-4724 7Th Ave,11220,307,BKCB7,A,False,False,1600,40.64372,-74.00459,False
719819,Natural Healthy Health Food Store,Mleczkowski Rosa,150 Wyckoff Ave #####,11237,304,BKCB4,AC,False,True,500,40.702652,-73.916935,True
719805,Bob Laws Health Store,Namaskar Inc,956 Atlantic Ave,11238,308,BKCB8,AC,False,True,2200,40.68065,-73.96255,False
719789,Fifth Ave Market V,Fifth Ave Market V Corp,6711 5Th Ave,11220,310,BKCB10,AC,False,True,800,40.63518,-74.02031,False
719774,Royal Deli & Grill,Royal Deli & Grill Corp Ii,193 Knickerbocker Ave  ##,11237,304,BKCB4,AC,False,True,1000,40.70361,-73.92676,False
719767,Alyamani 99 Cents Plus,Alyamani 99 Cents Plus Inc,1703 Broadway,11207,316,BKCB16,AC,False,True,1000,40.6837,-73.91191,False
719742,Bitter & Esters,City Brewshop Llc,700 Washington Ave,11238,308,BKCB8,AC,False,True,1700,40.67707,-73.96362,False
719696,Diaby African Market,Diaby African Market&Grcy Inc,1164 Fulton St,11216,303,BKCB3,AC,False,True,1400,40.68087,-73.9544,False
719672,Zoom,Sunny Llc,4302 Ft Hamilton Pkwy,11219,312,BKCB12,AC,False,True,,40.64127,-73.99387,False
719671,8Th Ave Mini Market,8Th Ave Mini Market Corp,1658 8Th Ave,11215,307,BKCB7,AC,False,True,1200,40.66026,-73.9838,False
719625,Hello Welcome Store,Hello Welcome Store & Co Inc,6703 New Utrecht Ave,11219,311,BKCB11,A,False,False,2000,40.62143,-73.99833,False
719585,7955 Ae Company,7955 Ae Company Inc,5909 8Th Ave ##,11220,312,BKCB12,AC,False,True,1700,40.63586,-74.00916,False
719547,Nostrand Deli & Grill,Nostrand Deli & Grill Inc,1840 Nostrand Ave,11226,317,BKCB17,AC,False,True,2500,40.64082,-73.94849,False
719499,Dollar Junction,Broadway Food Mart Inc,1550 Broadway ###,11221,316,BKCB16,A,False,False,12000,40.68609,-73.91611,False
719425,Tio Deli Grocery,Tio Deli Grocery Corp,3002 Fulton Street,11208,305,BKCB5,AC,False,True,,40.68018,-73.88397,False
719411,Stadium Convenience,Stadium Convenience Inc,604 Vanderbilt Avenue,11238,308,BKCB8,A,False,False,800,40.67827,-73.96865,False
719402,4 Seasons Finest Deli,4 Seasons Finest Deli Corp,54 Lewis Ave. ###,11206,303,BKCB3,AC,False,True,800,40.69609,-73.93766,False
719315,Gates Mini Market,Gates Mini Market Corp,1534 Myrtle Ave,11237,304,BKCB4,AC,False,True,1000,40.69944,-73.91215,False
719300,Preferred Pharmacy,Kcaid Pharmacy Inc,1771 Broadway,11207,316,BKCB16,A,False,False,,40.68248,-73.90973,False
719290,Shun Li Store,Shun Li Grocery Inc,308 Knickerbocker Ave,11237,304,BKCB4,A,False,False,1200,40.70163,-73.92334,False
719289,Hua Xing Grocery,Hua Xing Grocery Inc,5701 Fort Hamilton Pkwy,11219,312,BKCB12,A,False,False,,40.6344,-74.00357,False
719284,C Town,Utica Meat & Produce Inc,330 Utica Ave,11213,309,BKCB9,AC,False,True,8000,40.66668,-73.93132,False
719282,One Brother Mini Market,One Brother Mini Market Inc,1104 Nostrand Ave ##,11225,309,BKCB9,AC,False,True,1000,40.66104,-73.95065,False
719266,Bay Ridge 99 Store & Grocery,Bay Ridge 99 Store & Grocery Inc,7219 3Rd Ave,11209,310,BKCB10,A,False,False,1000,40.633,-74.02715,False
719260,Stop & Shop #2586,Stop&Shop Supermarket Co Llc The,625 Atlantic Ave,11217,302,BKCB2,AC,False,True,9250,40.68337,-73.9754,False
719258,Dollar Tree # 06153,Dollar Tree Stores Inc,1720 Atlantic Ave,11213,308,BKCB8,A,False,False,,40.67725,-73.93361,False
719203,Key Food,492 Supermarket Corp,492 Myrtle Ave,11205,302,BKCB2,AC,False,True,12700,40.6934,-73.96531,False
719192,276 Bedstuy Deli,276 Bedstuy Deli Corp,276 Malcolm X Blvd,11233,303,BKCB3,AC,False,True,,40.68354,-73.9292,False
719188,Bedstuy Deli,Bedstuy Finest Deli Corp,62 Stuyvesant Ave,11221,303,BKCB3,AC,False,True,800,40.69392,-73.93423,False
719146,Baku Bakery,Bakery Baky Inc,1903 Avenue U,11229,315,BKCB15,ABH,True,False,2000,40.59927,-73.95236,False
719143,Chauncey 1763 Deli Grocery,Chauncey 1763 Deli Grocery Inc,1763 Broadway,11207,316,BKCB16,AC,False,True,1200,40.68275,-73.9102,False
719141,497 Myrtle Deli,497 Myrtle Deli Corp,497 Myrtle Ave,11205,302,BKCB2,AC,False,True,,40.69352,-73.96523,False
719120,Jr Union Market,Jr Union Market Inc,568 Union Ave Unit 1M ####,11211,301,BKCB1,AC,False,True,800,40.71774,-73.952,False
719077,Dollar Tree #05305,Dollar Tree Stores Inc,2294 Nostrand Ave,11210,318,BKCB18,A,False,False,8500,40.62871,-73.94722,False
719070,Windsor Farms Market,Fresh N Save Food Corp,589 Prospect Ave,11215,307,BKCB7,AC,False,True,6000,40.65655,-73.97798,False
719034,72 St Grocery,72St Grocery Inc,7206 13Th Ave,11228,310,BKCB10,A,False,False,3000,40.62184,-74.0058,False
719025,Quick Stop,20 Avenue Grocery Inc,6824 20Th Ave,11204,311,BKCB11,A,False,False,1500,40.61434,-73.98813,False
719003,Jl Plum Tree,Jlplum Tree Llc,1156 Flatbush Ave,11226,314,BKCB14,AC,False,True,2000,40.64209,-73.95721,False
718979,Greenpoint Natural Market,Greenpoint Natural Market Inc,1021 Manhattan Ave,11222,301,BKCB1,AC,False,True,2900,40.73393,-73.95487,False
718973,Bals Bagels,Bals Bagels Inc,195-197 Havermeyer,11211,301,BKCB1,AC,False,True,,40.71014,-73.95844,False
718931,U T Deli,U T Deli Inc,876 Utica Ave,11203,317,BKCB17,AC,False,True,3000,40.65187,-73.93042,False
718918,Food Kick,Fresh Direct Llc,630 Flushing Ave Fl 1,11206,303,BKCB3,ACDK,False,True,10000,40.69994,-73.94869,False
718883,6109 L & Y Market,6109 L & Y Market Inc,6109 5Th Ave,11220,307,BKCB7,A,False,False,1800,40.63868,-74.01698,False
718825,Cordoba Deli Grocery,Cordoba Deli Grocery Corp,4324 3Rd Avenue,11232,307,BKCB7,AC,False,True,1200,40.65122,-74.01117,False
718748,Rockaway Gourmet & Grocery,Rockaway Gourmet & Grocery Corp,9627 Farragut Road,11236,318,BKCB18,AC,False,True,1500,40.64657,-73.9041,False
718729,5 Star Express Deli And Grocery,5 Star Express Deli And Grocery Corp,1176 Nostrand Avenue,11225,309,BKCB9,AC,False,True,1800,40.6588,-73.95041,False
718714,Tajuken Deli,Tajuken Deli Corp,114 Marcus Garvey Blvd,11206,303,BKCB3,AC,False,True,5000,40.69475,-73.94037,False
718675,Mi Pueblo Grocery,Mi Pueblo Grocery Inc,2939 Fulton St,11207,305,BKCB5,AC,False,True,800,40.67944,-73.88628,False
718657,Kings Hwy Pharmacy And Medical Supply,Kings Hwy Pharmacy & Medical Supply Inc,1416 Kings Hwy,11229,315,BKCB15,ABC,True,True,5000,40.60857,-73.95868,False
718627,Stanley Deli & Grocery,Stanley Deli & Grocery Inc,1154 Stanley Avenue,11208,305,BKCB5,AC,False,True,2000,40.66554,-73.86704,False
718600,Van Brunt Stillhouse,Van Brunt Stillhouse Llc,6 Bay St,11231,306,BKCB6,ACH,False,True,,40.67361,-74.00945,False
718573,Metro Finest Deli,Metro Finest Deli Inc,233 Schermerhorn St ####,11201,302,BKCB2,AC,False,True,,40.68842,-73.98462,False
718555,A F Deli Groceery & Meat,A F Deli Groceery & Meat Corp,326 Roebling Street,11211,301,BKCB1,AC,False,True,1200,40.70857,-73.96096,False
718544,Grand Gourmet Deli Ny,Grand Gourmet Deli Ny Inc,619 Grand St,11211,301,BKCB1,AC,False,True,1500,40.71131,-73.94739,False
718543,Stop 1 Deli Gourmet,Stop 1 Deli Gourmet Corp,320 Lafayette Avenue,11238,302,BKCB2,AC,False,True,800,40.68857,-73.96267,False
718542,Yb Farm & Florist,Lucky Corner Farm & Florist Inc.,1902 Avenue M,11230,314,BKCB14,AC,False,True,,40.61845,-73.95607,False
718482,Sunset Mini Market,Sunset Mini Market Corp,506 52Nd St,11220,307,BKCB7,AC,False,True,,40.64384,-74.01127,False
718476,L Stop Gourmet Deli,L Stop Gourmet Deli Corp,223 Montrose Ave,11206,301,BKCB1,AC,False,True,1500,40.70761,-73.94013,False
718428,Dom Grocery,Dom Grocery Corp,2911 Fulton St,11207,305,BKCB5,AC,False,True,,40.67917,-73.88715,False
718411,Pathmark,1525 K Food Llc,1525 Albany Ave  ###,11210,317,BKCB17,AC,False,True,5900,40.63574,-73.93722,False
718365,Devi Grocery Deli,Devi Grocery Deli Inc,4023 5Th Avenue,11232,307,BKCB7,AC,False,True,1500,40.65022,-74.00498,False
718360,Sesame,Sesame Flatbush Inc,1540 Coney Island Ave,11230,314,BKCB14,ACH,False,True,1400,40.61986,-73.96424,False
718340,B&G Deli Food,B&G Deli Food Corp,266 Throop Ave,11206,303,BKCB3,AC,False,True,2000,40.69514,-73.94337,False
718316,Idrees Deli On The Bay,Idrees Deli On The Bay Corp,3191 Emmons Ave,11235,315,BKCB15,AC,False,True,1200,40.58418,-73.93284,False
718284,Cvs/Pharmacy # 6766,Cvs Albany Llc,168 Montague St #####,11201,302,BKCB2,A,False,False,3000,40.693896,-73.992413,True
718268,79 Gree Apple,79 Green Apple Corp,85 Pineapple Walk,11201,302,BKCB2,AC,False,True,4000,40.69802,-73.99235,False
718241,209 Station,209 Station Corp,209 Prospect Park W,11215,307,BKCB7,AC,False,True,2000,40.66053,-73.98027,False
718233,Brighton Fruit Market,Brighton Fruit Market Inc,421 Brighton Beach Ave,11235,313,BKCB13,AC,False,True,1600,40.57738,-73.96253,False
718179,S&S Vegetable,S&S Vegetable Inc,92 Livonia Ave,11212,316,BKCB16,AC,False,True,1200,40.66166,-73.91481,False
718177,Hannan Deli & Grocery,Hannan Deli & Grocery Corp,1603 Avenue U,11229,315,BKCB15,AC,False,True,1900,40.59896,-73.95525,False
718154,Express Grocery & Deli,Express Grocery & Deli Corporation,25 Beaver St ####,11206,304,BKCB4,AC,False,True,,40.70061,-73.93834,False
718145,Moca Grocery Ny,Moca Grocery Ny Corp,880 Glenmore Ave,11208,305,BKCB5,AC,False,True,1200,40.67588,-73.87756,False
718071,Raees Pharmacy,Ahmall Drug Corp,750 Flatbush Ave,11226,314,BKCB14,A,False,False,1000,40.65457,-73.95965,False
718035,Stop One Supermarket,Stop One Supermarket Corp,624 Wilson Ave,11207,304,BKCB4,AC,False,True,2500,40.68944,-73.90593,False
717985,Brothers Food Market,895A Brother Food Center Corp,895A Franklin Ave,11225,309,BKCB9,AC,False,True,1000,40.66822,-73.95885,False
717947,Hipster Deli Grocery 1 Corp,Hipster Deli Grocery 1 Corp,168 7Th Ave,11215,306,BKCB6,AC,False,True,2000,40.67185,-73.97744,False
717924,Regal Remedies Pharmacy,Shoreview Specialty Inc,1853 Cropsey Ave,11214,311,BKCB11,A,False,False,500,40.60178,-74.0058,False
717913,Shun Fa Seafood Market,Shun Fa Seafood Market Inc,57-24 8Th Ave,11220,306,BKCB6,AC,False,True,1500,40.67393,-73.97266,False
717852,Bushwick Deli,Bushwick Deli Corp,1486 Bushwick Ave,11207,304,BKCB4,AC,False,True,400,40.68317,-73.90701,False
717835,Domino,Advanced Domino Inc,1824 Kings Hwy,11229,315,BKCB15,AC,False,True,12000,40.61015,-73.955,False
717816,C & Y Grocery,C & Y Grocery Inc,777 46Th St  Fl1,11220,307,BKCB7,A,False,False,800,40.64352,-74.00165,False
717793,5 Star Grocery,5 Star Grocery And Halal Meat Inc,3078 Coney Island Ave,11235,313,BKCB13,AC,False,True,100,40.58104,-73.95987,False
717785,Best Island Farm,Best Island Farm Inc,2259 86Th St,11214,311,BKCB11,AC,False,True,3000,40.60099,-73.99232,False
717714,486 Ocean King Seafood,486 Ocean King Seafood Inc,486 Tompkins Ave,11216,303,BKCB3,AC,False,True,4000,40.68043,-73.9433,False
717706,Sea Land Seafood & Meat Market,Sea Land Seafood & Meat Market Inc,2502 86Th St,11214,311,BKCB11,AC,False,True,6000,40.59762,-73.98699,False
717703,Prince Broadway,Prince Broadway Deli Corp,1432 Broadway,11221,303,BKCB3,AC,False,True,1200,40.6882,-73.91984,False
717661,7 Eleven Store #36950A,Tmn One Corp,708 Brighton Beach Ave###,11235,313,BKCB13,AC,False,True,1800,40.57791,-73.96025,False
717640,Arlington Deli & Grill,Arlington Deli & Grill Corp,383 Arlington Ave,11208,305,BKCB5,AC,False,True,1200,40.68147,-73.88036,False
717596,Green Ivy 1,Green Ivy 1 Inc,246 4Th Ave. ##,11215,306,BKCB6,AC,False,True,5000,40.67666,-73.98363,False
717593,Kings Hendrix C-Store,Bolla Operating Corp,2816 Atlantic Ave,11207,305,BKCB5,AC,False,True,2000,40.67649,-73.89007,False
717516,Grab N Go Deli,Grab N Go Bus Stop Corp,1403 Rockaway Pkway,11236,318,BKCB18,AC,False,True,1000,40.64569,-73.90291,False
717501,Wazobia 1 African Market,Owoyele Adesola,1204 Flatbush Ave ###,11226,314,BKCB14,AC,False,True,1000,40.641,-73.95612,False
717423,Prestige Meat Market,Prestige Meat Market Inc,3715 Nostrand Ave,11235,315,BKCB15,AC,False,True,2000,40.5932,-73.94047,False
717420,Love & Delicious Deli & Grocery,Love & Delicious Deli & Grocery Corp,365 Avenue X,11223,315,BKCB15,AC,False,True,4000,40.59062,-73.96951,False
717419,Matamoros Grocery,Matamoros Grocery Corp,6922 13Th Ave,11228,310,BKCB10,AC,False,True,600,40.62325,-74.00436,False
717418,Fior Family Deli Grocery,Fior Family Deli Grocery Corp,480 Irving Ave,11237,304,BKCB4,AC,False,True,3000,40.69547,-73.90817,False
717410,Heatonist,Heatonist Llc,121 Wythe Ave,11249,301,BKCB1,A,False,False,1000,40.72027,-73.95963,False
717375,Apna Supper Market,Apna Supper Market Inc,980 Coney Island Ave,11230,314,BKCB14,AC,False,True,,40.63358,-73.96715,False
717326,U&H Meat Market Deli Gr,Castro Cruz Octavio,55 Church Ave,11218,312,BKCB12,AC,False,True,1800,40.6421,-73.9811,False
717313,Fresh Start Market Place,Fresh Start Food Inc,180 Montague St,11201,302,BKCB2,AC,False,True,,40.69413,-73.99183,False
717299,Forum Supermarket,Forum Supermarket Inc,6501 7Th Ave,11220,310,BKCB10,AC,False,True,8000,40.63377,-74.01486,False
717263,Bushwick Deli Grocery,Bushwick Deli Grocery Corp,285 Bushwick Ave,11206,301,BKCB1,AC,False,True,800,40.70628,-73.93961,False
717260,Plaza Xochimilco I,Ramos Everardo,5518 5Th Ave,11220,307,BKCB7,AC,False,True,1600,40.64195,-74.01358,False
717248,Eve Pharmacy,Eve Pharmacy Inc,2836 Coney Island Ave,11235,313,BKCB13,A,False,False,1000,40.58743,-73.96036,False
717196,Deal 99C,Tuba Management Corp,217 Brighton Beach Ave,11235,313,BKCB13,A,False,False,1700,40.57653,-73.96654,False
717025,Wing Fat Company,Wing Fat Company Inc,5818 8Th Ave ###,11220,312,BKCB12,AC,False,True,1000,40.63624,-74.00876,False
716972,79 Livonia Food,79 Livonia Food Corp,79 Livonia Ave,11212,316,BKCB16,AC,False,True,1000,40.66158,-73.91533,False
716969,Southside Grocery,Southside Grocery Corp,163 S 4Th St,11211,301,BKCB1,AC,False,True,,40.71146,-73.96174,False
716952,Power 7 Market,Power 7 Market Inc,5522 7Th Ave,11220,307,BKCB7,A,False,False,1800,40.63921,-74.00928,False
716944,C Town,Maksoud Bros Food Corp,1362 Nostrand Ave,11226,317,BKCB17,AC,False,True,,40.65344,-73.94986,False
716937,Anah Minimarket,Anah Minimarket Corp,382 Ralph Ave,11233,308,BKCB8,AC,False,True,1500,40.67577,-73.92194,False
716882,Mccarren Deli & Grill,Mccarren Natural Grocery & Foods Corp,57 Nassau Ave ####,11222,301,BKCB1,AC,False,True,1700,40.72331,-73.95214,False
716862,Ines Deli Grocery,Ines Deli Grocery Corp,449 Irving Ave,11237,304,BKCB4,AC,False,True,800,40.6959,-73.90892,False
716852,Hebron Health Food,Hebron Health Food Inc,9408 Church Ave,11212,317,BKCB17,AC,False,True,600,40.65484,-73.91682,False
716850,H & H Mini Mart,H & H Mini Mart Inc,1830 Flatbush Ave,11210,318,BKCB18,AC,False,True,1600,40.62505,-73.93944,False
716812,Hispano America,Hispanoamerica Llc,6302 New Utrecht Ave ###,11219,311,BKCB11,AC,False,True,500,40.6252,-73.99726,False
716811,Bayridge Parkway Deli,Bayridge Parkway Express Deli Inc,7502 3Rd Ave,11209,310,BKCB10,AC,False,True,1500,40.63134,-74.02784,False
716805,Windsor Terrace Food Cooperative,Windsor Terrace Food Cooperative Inc,825 Caton Ave,11218,312,BKCB12,AC,False,True,1200,40.64797,-73.97219,False
716803,Subway Deli,Subway Deli Corp,1717 Broadway,11207,304,BKCB4,AC,False,True,2000,40.68378,-73.91125,False
716794,6106 3Rd Avenue Deli,6106 3Rd Avenue Deli Corp,6106 3Rd Ave,11220,307,BKCB7,AC,False,True,1500,40.64141,-74.02139,False
716719,La Bamba Deli Grocery,La Bamba Deli Grocery Corp,357 Keap St,11211,301,BKCB1,AC,False,True,1000,40.7093,-73.95445,False
716638,Barclays Gourmet Deli,Barclays Gourmet Deli Inc,620B Livonia Ave,11207,305,BKCB5,AC,False,True,1200,40.66471,-73.89433,False
716632,Tasty Deli Supermarket,Tasty Deli Supermarket Inc,2381 86Th St,11214,311,BKCB11,AC,False,True,1500,40.59933,-73.98954,False
716626,574 Marcy Deli,574 Marcy Deli Corp,574 Marcy Ave,11206,303,BKCB3,AC,False,True,1500,40.69509,-73.94915,False
716615,Bay Parkway Food,Bay Parkway Food Inc,320 Kings Hwy,11223,311,BKCB11,AC,False,True,4000,40.60494,-73.97828,False
716610,3 Bros Deli & Grocery,3 Bros Deli & Grocery Ny Corp,6409 Bay Parkway,11204,311,BKCB11,AC,False,True,1200,40.61422,-73.98102,False
716561,Super 77 Market,Super 77 Market Inc,7704 New Utrecht Ave,11214,311,BKCB11,A,False,False,1500,40.61405,-74.00043,False
716558,Center Fresh,Center Fresh Inc,4515 13Th Ave #4517,11219,312,BKCB12,AC,False,True,3000,40.63691,-73.99014,False
716323,Tommys Mini Market,Tommys Mini Market Inc,6728 13Th Ave. ###,11219,310,BKCB10,A,False,False,1000,40.62431,-74.00327,False
716273,Food Universe,Remsen Meat & Produce Corp,405 Remsen Ave,11212,317,BKCB17,AC,False,True,5500,40.6558,-73.92329,False
716185,Ends Meat,Ends Meat Llc,254 36Th St. Unit 38,11232,307,BKCB7,AC,False,True,1000,40.65608,-74.00735,False
716151,Bp,Tiridev Petroleum Inc,765 Pennsylvania Ave,11207,305,BKCB5,AC,False,True,,40.65899,-73.89094,False
716134,Lucky Lotto Gourmet Deli & Grocery,Lucky Lotto Gourmet Deli & Grocery Inc,6318 18Th Ave,11204,311,BKCB11,AC,False,True,2000,40.61992,-73.98939,False
716112,United Deli & Grill,United Deli & Grill Corp,1249 Utica Ave #####,11203,317,BKCB17,AC,False,True,2000,40.642,-73.928981,True
716076,Yafranny Deli,Yafranny Deli Corp,2728 Mermaid Ave,11224,313,BKCB13,AC,False,True,1000,40.57562,-73.99417,False
716069,Mv Quick Food Corp,Mv Quick Food Corp,2875 W 8Th St,11224,313,BKCB13,AC,False,True,1200,40.57789,-73.97631,False
715995,Avenue N Deli,Avenue N Deli Corporation,5017 Avenue N,11234,318,BKCB18,AC,False,True,1500,40.61899,-73.92616,False
715963,468 Deli & Grill,468 Deli & Grill Inc,468 Mcdonald Ave,11218,312,BKCB12,AC,False,True,1000,40.64296,-73.97948,False
715936,Beritos Ii Deli & Grocery,Beritos Ii Deli & Grocery Corp,2364 86Th St,11214,311,BKCB11,AC,False,True,1500,40.59957,-73.98995,False
715880,Mgm Ny Associates,Mgm Ny Associates Inc,1769 Bath Ave,11214,311,BKCB11,AC,False,True,1000,40.60397,-74.00631,False
715869,B-Quick,B-Quick Corp I,9202 Avenue M,11236,318,BKCB18,AC,False,True,1500,40.63495,-73.89672,False
715837,New Happiness Fruits & Vegetables,New Happiness Fruits & Vegetables Inc,9513 Church Ave,11212,317,BKCB17,AC,False,True,2100,40.65539,-73.91595,False
715804,Genesis Discount Deli & G,Genesis Discount Deli & G Inc,204 Avenue U #####,11223,315,BKCB15,AC,False,True,3000,40.596366,-73.976605,True
715786,Merindas Deli & Grill,Merindas Deli & Grill Corp,1543 Myrtle Ave,11237,304,BKCB4,AC,False,True,800,40.6993,-73.9136,False
715752,Wellspring Of Brooklyn,Wellspring Of Brooklyn Inc,32 Highland Blvd ####,11207,304,BKCB4,AC,False,True,900,40.67956,-73.89944,False
715741,L & J Supermarket Ii,L & J Supermarket Ii Inc,1252 Avenue U,11229,315,BKCB15,AC,False,True,3000,40.59861,-73.9584,False
715720,Marketplace By Keyfood,Skylight Holdings 2 Inc,617 5Th Ave,11215,307,BKCB7,AC,False,True,7000,40.66372,-73.99092,False
715713,Carroll Garden Deli Grocery,Carroll Garden Deli Grocery Inc,245 Columbia St,11231,306,BKCB6,AC,False,True,1100,40.68417,-74.0031,False
715712,City Of Saints Coffee Roaster,City Of Saints Coffee Roaster Llc,297 Meserole St #####,11206,301,BKCB1,ACHDK,False,True,3000,40.708986,-73.936102,True
715662,New Blondie Food,New Blondie Food Corp,607 Greenwood Ave,11218,307,BKCB7,AC,False,True,1500,40.65156,-73.97542,False
715622,Easy Stuyvesant Deli,Easy Stuyvesant Deli Corp,186 Stuyvesant Ave,11221,303,BKCB3,AC,False,True,500,40.68883,-73.93323,False
715598,2924 Mini Mart,2924 Mini Mart Corp,2924 Avenue R. ###,11229,315,BKCB15,AC,False,True,2000,40.60736,-73.94338,False
715579,Banderas Food,Banderas Food Corp,388 Central Ave,11221,304,BKCB4,AC,False,True,3000,40.69398,-73.91793,False
715572,Duncans Fish Market,385 Myrtle Avenue Inc,385 Myrtle Ave,11205,302,BKCB2,AC,False,True,1200,40.69315,-73.97051,False
715567,Dollar Store,Rockaway Dollar Store Inc,1455 Rockaway Parkway,11236,318,BKCB18,A,False,False,1500,40.64467,-73.90176,False
715561,560 Grocery & Food,560 Grocery & Food Corp,560 Remsen Ave. Store #3,11236,317,BKCB17,AC,False,True,1000,40.65295,-73.92014,False
715558,Sunrise Express Deli,Sunrise Express Deli Inc,72 Ralph Ave,11221,303,BKCB3,AC,False,True,500,40.68754,-73.92363,False
715547,Lucky Sunshine Grocery,Lucky Sunshine Grocery Inc,6514 14Th Ave,11219,310,BKCB10,A,False,False,2000,40.62427,-73.99973,False
715545,Es Wholesome Foods,Es Wholesome Foods Of Brooklyn,98 Montgomery St,11225,309,BKCB9,AC,False,True,2000,40.6666,-73.96117,False
715515,Long Fa Market,Long Fa Market Inc,4423 8Th Ave,11220,312,BKCB12,AC,False,True,1800,40.644,-74.0007,False
715511,Canarsie One Stop Market,Canarsie One Stop Market Corp,8702 Avenue L,11236,318,BKCB18,AC,False,True,1500,40.63398,-73.90256,False
715508,Mimino International,Mimino International Food Inc,2969 Ocean Ave,11235,315,BKCB15,AC,False,True,3000,40.58886,-73.94944,False
715494,Anthonys Butcher & Deli,M Perricone Llc,7324 Third Ave ##,11209,310,BKCB10,AC,False,True,1200,40.63226,-74.02746,False
715470,7 Eleven Store # 36091A,Milan & Nilu Convenience Corp,547 Coney Island Ave ####,11218,314,BKCB14,AC,False,True,3000,40.64405,-73.97017,False
715310,Family Dollar Store #31160,Family Dollar Stores Of New York Llc,294-304 Macdougal St,11233,316,BKCB16,A,False,False,,40.68063,-73.90815,False
715289,Dollar Tree #5506,Dollar Tree Stores Inc,2596 Linden Blvd,11208,305,BKCB5,A,False,False,10000,40.6684,-73.86854,False
715288,Dollar Tree #5551,Dollar Tree Stores Inc,39 Belmont Ave,11212,316,BKCB16,A,False,False,8600,40.66865,-73.90898,False
715286,Dollar Tree #5249,Dollar Tree Stores Inc,2244 Church Ave,11226,314,BKCB14,A,False,False,,40.65052,-73.95696,False
715269,Patchen Deli Grocery,Patchen Deli Grocery Corp,156 Patchen Ave,11221,303,BKCB3,AC,False,True,600,40.68608,-73.9267,False
715255,Milagro Grocery,Milagro Grocery Corp,665 Knickerbocker Ave,11221,304,BKCB4,AC,False,True,1200,40.69502,-73.91167,False
715236,Los Castillo Meat Groc Deli,Los Castillo Meat Groc Deli Corp,4006 5Th Ave,11232,307,BKCB7,AC,False,True,2000,40.6505,-74.0047,False
715221,Seven Day Convenience,Seven Day Convenience Inc,1924 Kings Hwy  ##,11229,315,BKCB15,AC,False,True,1800,40.6105,-73.954,False
715203,Acosta Grocery Store,Acosta Grocery Store Corp,313 Wilson Ave,11237,304,BKCB4,AC,False,True,1000,40.69669,-73.91868,False
715200,New Carroll Grocery & Deli,New Carroll Grocery & Deli Corp,142 Carroll St,11231,306,BKCB6,AC,False,True,1500,40.68207,-74.00025,False
715185,Best Emmons Bagel,Best Emmons Bagel Inc,2253 Emmons Ave,11235,315,BKCB15,ABCH,True,True,1500,40.58374,-73.94469,False
715184,7 Eleven Store# 34051B,520 Fifth Avenue Food Inc,520 5Th Ave. ###,11215,306,BKCB6,AC,False,True,2500,40.66661,-73.98843,False
715168,El Conuquito,El Conuquito Corp,2946 Fulton St,11207,305,BKCB5,AC,False,True,1000,40.67951,-73.88605,False
715069,You Jia Grocery,You Jia Grocery Inc,6209 20Th Ave,11204,311,BKCB11,A,False,False,1200,40.61803,-73.9843,False
715021,Ab Mini Mart,Ab Mini Mart Inc,2204 86Th St,11214,311,BKCB11,AC,False,True,1500,40.60177,-73.99358,False
714984,Brooklyn Market,8102 Food Corp,8102 3Rd Ave,11209,310,BKCB10,ABC,True,True,2000,40.62692,-74.02965,False
714914,Key Food,7414 3Rd Ave Meat Llc,7414 3Rd Ave,11209,310,BKCB10,AC,False,True,20000,40.6316,-74.02773,False
714865,Adams Deli On The Corner Ii,Adams Deli On The Corner Ii Corp,121 Avenue S,11223,311,BKCB11,AC,False,True,3000,40.60085,-73.98112,False
714855,La Nueva Palma Meat Mkt,La Nueva Palma Meat Market Corp,3329 Fulton St,11208,305,BKCB5,AC,False,True,2400,40.68348,-73.87272,False
714783,Jazmins Food,Jazmins Spanish American Food Inc,1656 Bath  Ave,11214,311,BKCB11,AC,False,True,1500,40.60547,-74.0088,False
714742,Aaa Pharmacy And Medical Supply,Aaa Pharmacy And Medical Supply Inc,1926 Kings Hwy,11229,315,BKCB15,AC,False,True,2000,40.61052,-73.95393,False
714648,Russo Mozzarella & Pasta,J A C Cangemi Corp,312 5Th Ave,11215,306,BKCB6,AC,False,True,1700,40.67316,-73.98299,False
714600,Black And White,Schwartz Delight Inc,520 Park Ave ####,11205,303,BKCB3,ABCH,True,True,2100,40.69695,-73.95501,False
714599,Breadsmith,Sky Bread Llc,1817 Ave M,11230,314,BKCB14,ABCH,True,True,3600,40.6184,-73.95652,False
714598,Viannely Deli Grocery,Espuma Deli Grocery Corp,305 Wyckoff Ave,11237,304,BKCB4,AC,False,True,800,40.70021,-73.91229,False
714584,Kings 99 Cents & Up,Kings 99 Cents & Up Inc,464 Kings Hwy,11223,311,BKCB11,A,False,False,3000,40.60425,-73.97277,False
714520,Fruits And Vegetables Brothers,Fruits And Vegetables Brothers Inc,249 Avenue X,11223,315,BKCB15,AC,False,True,2000,40.59017,-73.97357,False
714498,Dumont Pharmacy,Good Luck Pharmacy Inc,364 Junius St,11212,316,BKCB16,AC,False,True,10000,40.66578,-73.90199,False
714443,Bartolome Grocery And Deli,Bartolome Grocery And Deli Corp,4302 8Th Ave,11232,312,BKCB12,AC,False,True,1500,40.64485,-73.9998,False
714438,Teyito Deli & Grocery,Teyito Deli & Grocery Corp,2606 Synder Avenue ####,11226,317,BKCB17,AC,False,True,300,40.64879,-73.95256,False
714433,5Th Avenue Grocery,5Th Ave Grocery Inc,4809 5Th Ave,11220,307,BKCB7,A,False,False,1200,40.64592,-74.00946,False
714432,Washington Coffee & News,Washington Coffee & News Inc,790 Washington Ave,11238,308,BKCB8,A,False,False,600,40.6743,-73.9631,False
714426,Cathys Green Gold,Cathys Green Gold Inc,1569 Broadway,11207,316,BKCB16,AC,False,True,2200,40.68579,-73.91559,False
714403,Dollar Tree #5072,Dollar Tree Stores Inc,2847 W 8Th St,11224,313,BKCB13,A,False,False,8000,40.57814,-73.97579,False
714339,Royal Fruit Garden,Royal Fruit Garden Inc,1419 39Th St,11218,312,BKCB12,AC,False,True,3000,40.63893,-73.98348,False
714337,Mixteca Deli Grocery,Mixteca Deli Corp,3620 13Th Ave,11218,312,BKCB12,AC,False,True,1500,40.64191,-73.98496,False
714307,Hello Deli Grocery,Hello Deli Grocery Corp,1591 Fulton St,11213,303,BKCB3,AC,False,True,1000,40.67973,-73.93761,False
714292,Parlor Coffee,11 Vanderbilt Roastery Llc,11 Vanderbilt Ave,11205,302,BKCB2,ACH,False,True,1400,40.69745,-73.97069,False
714157,Liberty Deli,Liberty Deli Inc I,909 Liberty Ave,11208,305,BKCB5,AC,False,True,1000,40.67741,-73.87603,False
714152,Stop 4 Deli And Grocery,Stop 4 Deli And Grocery Inc,137 Kingston Ave,11213,308,BKCB8,A,False,False,1500,40.67521,-73.94163,False
714101,Nicolasa Grocery,Nicolasa Grocery Corp,137 Blake Ave,11212,316,BKCB16,AC,False,True,2000,40.66491,-73.91461,False
714076,T&A Organic Gourmet Deli,T&A Gourmet Deli Corp,891 Grand St,11211,301,BKCB1,AC,False,True,1000,40.71253,-73.93824,False
714034,Prospect Park Zoo,Wildlife Conservation Society,450 Flatbush Ave ####,11225,355,,A,False,False,,40.66345,-73.96261,False
714028,Kimchee Market,Brooklyn Kimchee Llc,191 Greenpoint Ave,11222,301,BKCB1,ACK,False,True,2500,40.73041,-73.95191,False
713992,Qiao Feng Deli,Qiao Feng Deli Inc,353 Smith St,11231,306,BKCB6,AC,False,True,1200,40.67985,-73.99511,False
713975,Cinnamon Girl,Green Door Bk Corp,583 Flatbush Ave,11225,309,BKCB9,AC,False,True,1000,40.65932,-73.96054,False
713936,Meat On Us,Meat On Us Inc,1928 Kings Hwy,11229,315,BKCB15,AC,False,True,2000,40.61054,-73.95387,False
713924,A&M Gourmet Mini Market,A&M Gourmet Mini Market Corp,316 Mcguinness Blvd,11222,301,BKCB1,AC,False,True,800,40.73316,-73.95204,False
713902,Ridge Organic,Ridge Organic Inc,8204 3Rd Ave,11209,310,BKCB10,AC,False,True,1500,40.62625,-74.02993,False
713901,Good Luck New Stand & Lotto,Good Luck New Stand & Lotto Inc,395 Pearl St ####,11201,302,BKCB2,A,False,False,500,40.69205,-73.98821,False
713898,Avs Privilege Bakery,East Coast Privilege Bakery Inc,2914 Coney Island Ave,11235,313,BKCB13,ABCH,True,True,4000,40.58536,-73.96047,False
713811,El Manahry,El Manahry Llc,6210 11Th Ave,11219,310,BKCB10,AC,False,True,600,40.63015,-74.00435,False
713751,King Tobacco & Grocery,King Tobacco & Grocery Corp,1735 Pitkin Ave,11212,316,BKCB16,A,False,False,240,40.66995,-73.90907,False
713749,Good Batch,Good Batch Llc The,936 Fulton St,11238,302,BKCB2,ABCH,True,True,3000,40.68272,-73.96325,False
713706,Raaka Chocolate,Raaka Chocolate Inc,62-64 Seabring St,11231,306,BKCB6,ACDK,False,True,10000,40.6812,-74.00739,False
713683,Ralph Avenue Food,Ralph Avenue Food Corp,444 Ralph Ave,11233,316,BKCB16,AC,False,True,1500,40.67388,-73.92211,False
713681,A&M Deli,A&M Deli Ny Corp,92 Malcolm X Blvd,11221,303,BKCB3,AC,False,True,1500,40.69064,-73.93061,False
713627,Aldi #7,Aldi Inc,528 Gateway Dr #####,11239,305,BKCB5,A,False,False,15000,40.653655,-73.871077,True
713585,Mr Lime,Zumy 833 Inc,313 7Th Ave,11215,306,BKCB6,AC,False,True,3200,40.66729,-73.98124,False
713565,New Star,Barranco Armando,1377 Madison Street,11237,304,BKCB4,AC,False,True,400,40.69722,-73.91096,False
713553,American Stop Deli Grocery,American Stop Deli Grocery Corp,422 Ditmas Ave,11218,312,BKCB12,AC,False,True,1000,40.63595,-73.97432,False
713532,7-Eleven Store #36802A,1523 Avenue J Foods Inc,1523 Ave J ###,11230,314,BKCB14,AC,False,True,1800,40.62528,-73.96063,False
713457,Express Deli,Sharaf H Yahya,1119 Herkimer St,11233,303,BKCB3,AC,False,True,600,40.67784,-73.91652,False
713456,Li-Lac Chocolates,Ctac Holdings Llc,68 35Th St,11232,307,BKCB7,ACH,False,True,9000,40.65661,-74.00677,False
713422,New Five Star 88,New Five Star 88 Inc,6505 14Th Ave,11219,310,BKCB10,A,False,False,2000,40.62445,-73.99956,False
713388,1522 Cortelyou Mart,1522 Cortelyou Mart Corp,1522 Cortelyou Rd,11226,314,BKCB14,AC,False,True,,40.64144,-73.96392,False
713376,Tasty Delicious Bakery,Tasty Delicious Bakery Inc,9211 Ditmas Ave,11236,317,BKCB17,ABHK,True,False,1800,40.64926,-73.91294,False
713261,Newkirk Pharmacy,Newkirk Pharmacy Inc,1402 Newkirk Ave,11226,314,BKCB14,A,False,False,,40.63512,-73.96415,False
713253,Bjs Wholesale Club #195,Bjs Wholesale Club Inc,1752 Shore Pkwy ###,11214,311,BKCB11,ABC,True,True,50000,40.59306,-73.99715,False
713244,H&A Gas And Convenience,H&A Gas And Convenience Inc,4102 Avenue H,11210,318,BKCB18,AC,False,True,1500,40.63215,-73.93666,False
713212,Cholulita Deli Grocery,Cholulita Deli Grocery Corp,1501 Ave U  Store 2 ###,11229,315,BKCB15,AC,False,True,600,40.59884,-73.95626,False
713181,Winners African Market,Mama Winners African Market Inc,379 Thomas-Boyland Street,11233,316,BKCB16,A,False,False,800,40.67158,-73.91416,False
713169,Shoprite Of Gateway Center,Gateway Shoprite Associates Llc,590 Gateway Dr #####,11239,305,BKCB5,AC,False,True,90000,40.654869,-73.868814,True
713134,United Grocery Food Store,United Grocery Food Store Inc,7522 20Th Ave,11214,311,BKCB11,A,False,False,1500,40.61033,-73.99229,False
713125,Stop & Go Broadway Deli,Gold Star Deli & Grill Inc,1565 Broadway  ###,11207,316,BKCB16,AC,False,True,,40.68587,-73.91573,False
713099,Jm Deli Grocery,Jm Deli Grocery Corp I,1369 Fulton St,11216,303,BKCB3,AC,False,True,1700,40.68023,-73.94656,False
713039,Food U Desire,Carroll Gardens Deli & Grill Corp,301 Smith St,11231,306,BKCB6,AC,False,True,1200,40.68179,-73.99383,False
713008,Saraghina Bakery,Pane Puro Llc,433 Halsey St,11233,303,BKCB3,ABCH,True,True,1800,40.68346,-73.93541,False
713003,Organic Gourmet Deli,Organic Gourmet Deli Corp,376 Union Ave,11211,301,BKCB1,AC,False,True,700,40.71158,-73.95121,False
712997,Xin Long 88,Xin Long 88 Inc,6818 Ft Hamilton Pkwy,11219,310,BKCB10,A,False,False,2000,40.62882,-74.01195,False
712976,Sweet Island,Happy Eat Corp,1214 Avenue U  ###,11229,315,BKCB15,AC,False,True,1000,40.59847,-73.95968,False
712904,H&K Food Mart,H&K Mart Inc,2001 Cropsey Ave,11214,311,BKCB11,AC,False,True,1000,40.60003,-74.00258,False
712859,Bay Ridge Rx Pharmacy,Sbsc Llc,6910 3Rd Ave,11209,310,BKCB10,A,False,False,1000,40.63545,-74.02616,False
712857,Kings Meat,King Hwy Meat Corp,1673 E 16Th St,11229,315,BKCB15,AC,False,True,2000,40.60861,-73.95731,False
712784,99 Cents Tower,Dollar Food Dynasty Corp,2526 Linden Blvd,11208,305,BKCB5,A,False,False,4500,40.66731,-73.87026,False
712722,Bowen & Darren Deli & Grocery,Bowen & Darren Deli & Grocery Corp,5424 7Th Ave,11220,307,BKCB7,A,False,False,1300,40.63974,-74.00874,False
712710,H & W Gourmet Deli And Grocery,H & W Gourmet Deli And Grocery Corp,3423 Church Ave,11203,317,BKCB17,AC,False,True,3000,40.65103,-73.945,False
712700,7201 Food,7201 Food Corp,7201 Ft Hamilton Pkwy,11228,310,BKCB10,AC,False,True,,40.62717,-74.01442,False
712698,Highlawn Grill Deli,Highlawn Grill Deli Inc,196 Highlawn Ave,11223,311,BKCB11,AC,False,True,1500,40.60348,-73.97861,False
712682,Netcost Market,Tegs Management Llc,1029 Brighton Beach Ave ####,11235,313,BKCB13,AC,False,True,13000,40.57824,-73.95837,False
712663,Stratford Deli Grocery,Stratford Deli Grocery Corp,1105 Church Ave ####,11218,314,BKCB14,AC,False,True,1500,40.64711,-73.969,False
712646,Freunds Fish Market,13Th Ave Fish Market Inc,473 Dahill Rd,11218,312,BKCB12,ACHDK,False,True,4000,40.63613,-73.97925,False
712620,Kc Grocery,Kc Grocery Inc,4702 8Th Ave,11220,312,BKCB12,AC,False,True,1100,40.64261,-74.00213,False
712614,Seablue,Seablue Inc,519 Dekalb Ave,11205,303,BKCB3,AC,False,True,700,40.69082,-73.95608,False
712487,Shop Fair,3 J S Food Corp,2222 Pitkin Ave,11207,305,BKCB5,AC,False,True,5000,40.67271,-73.89051,False
712410,Brooklyn Harvest Market,204 Union Food Corp,204 Union Ave,11211,301,BKCB1,AC,False,True,4800,40.70651,-73.95037,False
712406,La San Marquenita Grocery And Variedades,La San Marquenita Grocery&Variedades Inc,194 Wyckoff Ave,11237,304,BKCB4,A,False,False,800,40.70176,-73.91511,False
712402,Halimes 99 Cents & Up,Halimes 99 Cents & Up Inc,6118 4Th Ave,11220,307,BKCB7,A,False,False,1500,40.63992,-74.01948,False
712331,Saif Deli Grocery,Saif Deli Grocery Corp I,1202 Bay Ridge Ave,11219,310,BKCB10,AC,False,True,100,40.62494,-74.00594,False
712321,13Th Ave Mini Mart,13Th Ave Mini Mart Inc,7912 13Th Ave ###,11228,310,BKCB10,A,False,False,400,40.61775,-74.01007,False
712319,Mi Mundo Deli Grocery,Mi Mundo Deli Grocery Corp,215 Wyckoff Ave,11237,304,BKCB4,AC,False,True,400,40.70216,-73.91579,False
712295,Sky Way Grocery & Halal,Bismillah Data Corp,2038 Bath Avenue ##,11214,311,BKCB11,AC,False,True,1500,40.60071,-74.00048,False
712291,Arcangel Deli Grocery,Arcangel Deli Grocery Corp,4004 14Th Avenue,11218,312,BKCB12,AC,False,True,1200,40.63861,-73.98481,False
712260,Le Chocolat,Coco N Nuts Inc,5106 12Th Ave,11219,312,BKCB12,AC,False,True,3000,40.63506,-73.99563,False
712258,Ideal Freshmarket,Bra Corp,1301 Church Ave,11226,314,BKCB14,AC,False,True,7000,40.64775,-73.96736,False
712234,Papa Deli & Grocery,Papa Deli & Grocery Corp,849 Marcy Ave ##,11216,303,BKCB3,AC,False,True,1400,40.68426,-73.94699,False
712233,Cafe Grumpy,Greenpoint Coffee Roasting Company Llc,199 Diamond St,11222,301,BKCB1,ACHDK,False,True,6500,40.72901,-73.94881,False
712155,Quezada Group Food,Quezada Group Food Corp,512 Van Siclen Ave,11207,305,BKCB5,AC,False,True,500,40.66699,-73.88889,False
712098,Chens Fresh Fish Food Market,Chens Fresh Fish Food Market Inc,378 Mother Gaston Blvd,11212,316,BKCB16,AC,False,True,1000,40.66982,-73.90693,False
712091,Malkhaz International Food,Malkhaz Inc,1506 Avenue J ##,11230,314,BKCB14,AC,False,True,2000,40.62522,-73.96111,False
712080,Breadberry,Breadberry Inc,1683-1689 60Th St,11204,312,BKCB12,ABC,True,True,11000,40.62352,-73.98976,False
711857,You Jia Food,You Jia Food Inc,4702 7Th Ave ####,11220,307,BKCB7,A,False,False,1000,40.64407,-74.0042,False
711830,Ocean Grocery & Deli,Ocean Grocery & Deli Inc,631 Gravesend Neck Rd,11223,315,BKCB15,AC,False,True,3000,40.59433,-73.96361,False
711791,Green Forest Market,Green Forest Market Inc,1520 Avenue M,11230,314,BKCB14,AC,False,True,3000,40.6181,-73.95924,False
711765,Shloimes Bakery,Shloimes Choklat Inc,4712 16 Ave ##,11204,312,BKCB12,ABC,True,True,2500,40.6319,-73.9846,False
711742,Th Fruit & Vegetable Market,Th Fruit&Vegetable Market Inc,938B 4Th Ave,11232,307,BKCB7,AC,False,True,1500,40.65478,-74.00403,False
711726,Edible Arrangements,Fc 5 Inc,993 Flatbush Ave ###,11226,314,BKCB14,AC,False,True,1000,40.64714,-73.95812,False
711720,Sk Sea World,Sk Sea World Inc,5812A Glenwood Rd,11234,318,BKCB18,AC,False,True,500,40.63363,-73.92013,False
711711,Bangla Nagar Supermarket,Amar Desh Food Inc,87 Church Ave,11218,312,BKCB12,AC,False,True,4000,40.64258,-73.97997,False
711688,Gerritsen Place Bagels,Gerritsen Place Bagels Corp,2712 Gerritsen Ave,11229,318,BKCB18,ABCH,True,True,2000,40.59307,-73.92538,False
711679,Bedford Gourmet Deli,Bedford Gourmet Deli Corp,1040 Carroll St,11225,309,BKCB9,AC,False,True,1000,40.66752,-73.95655,False
711623,Walgreens #15097,Walgreen Eastern Co Inc,589 Prospect Ave,11215,307,BKCB7,A,False,False,12000,40.65655,-73.97798,False
711618,Pine Apple Farm,Pine Apple Farm Corp,7402 5Th Ave,11209,310,BKCB10,AC,False,True,2000,40.63024,-74.02233,False
711609,Real World Deli,Real World Deli Corp,8602 Flatlands Ave,11236,318,BKCB18,AC,False,True,1500,40.63847,-73.90871,False
711571,Dama Food Market,Dama Food Market Corp,2303 Pitkin Ave,11207,305,BKCB5,AC,False,True,1200,40.67319,-73.88724,False
711546,Marias Beautiful Arrangements,Marias Beautiful Arrangements Inc,2402 Stillwell Ave.,11223,313,BKCB13,AC,False,True,2000,40.58875,-73.98375,False
711423,Licey Grocery,Licey Grocery Corp,222 Manhattan Ave,11206,301,BKCB1,AC,False,True,1000,40.71084,-73.94549,False
711421,New York Pretzel,New York Pretzel Llc,200 Moore St,11206,301,BKCB1,AC,False,True,20000,40.70431,-73.93664,False
711390,Nuttery The,Nuts Galore Llc,4710 16Th Ave,11204,312,BKCB12,AC,False,True,1600,40.63194,-73.98456,False
711380,Health Choice Pharmacy,Kisi Corp,3735 Nostrand Ave,11235,315,BKCB15,A,False,False,1600,40.5928,-73.94038,False
711379,S&K Warbasse Pharmacy,S&K Warbasse Pharmacy Inc,499 Neptune Ave,11224,313,BKCB13,A,False,False,,40.57988,-73.97226,False
711270,Angel Deli Food,Angel Deli Food Corp,713 Decatur St,11233,316,BKCB16,AC,False,True,800,40.68359,-73.91476,False
711261,Carribean Meat Market,Carribean Meat Market Inc,1016 Rutland Rd,11212,317,BKCB17,AC,False,True,2000,40.66297,-73.92592,False
711247,Asian Supermarket,Asian Supermarket & Halal Meat Inc,2757 Pitkin Ave,11208,305,BKCB5,AC,False,True,1000,40.67562,-73.87035,False
711242,1154 Np Minimart,1154 Np Minimart Inc,1154 Coney Island Ave,11230,314,BKCB14,AC,False,True,1100,40.62929,-73.96602,False
711001,Mechy Food Store,Mechy Food Store Corp,895 Gates Ave,11221,303,BKCB3,AC,False,True,2000,40.68856,-73.93001,False
710932,E. L. Putnam Grocery,E L Putnam Grocery Corp,1078 Putnam Avenue,11221,303,BKCB3,AC,False,True,1200,40.68759,-73.91901,False
710890,11-7 Deli Group,11-7 Deli Group Inc,1632 Dekalb Avenue ###,11237,304,BKCB4,AC,False,True,400,40.70458,-73.91902,False
710856,Meeker Petroleum,Meeker Petroleum Inc,546 Morgan Ave,11222,301,BKCB1,AC,False,True,1000,40.72305,-73.93916,False
710809,Pioner Fresh Supermarket,Stanley Mini Market Corp,689 Stanley Ave,11207,305,BKCB5,AC,False,True,3000,40.65964,-73.88325,False
710769,Joangy Deli Grocery,Joangy Deli Grocery Corp,999 President St,11225,309,BKCB9,AC,False,True,900,40.66895,-73.95889,False
710752,Palax Deli & Grocery,Palax Deli & Grocery Corp,5222 4Th Ave,11220,307,BKCB7,AC,False,True,2000,40.64493,-74.01427,False
710736,Gshmak Bakery,Avrumis Bakery Inc,164 Wallabout St,11206,301,BKCB1,ABC,True,True,2500,40.69978,-73.95649,False
710718,Care Fast Pharmacy,Care Fast Pharmacy Inc,3771 Nostrand Ave,11235,315,BKCB15,A,False,False,2000,40.59192,-73.94022,False
710606,Red Apple Grocery,Red Apple Grocery Inc,1962 Flatbush Ave ##,11234,318,BKCB18,AC,False,True,2000,40.62192,-73.93614,False
710597,Mahbub Deli And Market,Mahbub Deli And Market Inc,6523 20Th Ave,11204,311,BKCB11,AC,False,True,1000,40.616,-73.98638,False
710565,Weingarten Health Foods,Williamsburg Fine Foods Center Llc,50 Lee Ave,11211,301,BKCB1,A,False,False,1500,40.70615,-73.96043,False
710549,51 Deli & Grocery Nyc,51 Deli & Grocery Nyc Inc,51 Hegeman Ave,11212,316,BKCB16,AC,False,True,1200,40.65582,-73.91034,False
710536,Always Fresh Deli & Grill,Always Fresh Deli & Grill Corp,308 New Lots Ave,11207,305,BKCB5,AC,False,True,500,40.66096,-73.89507,False
710514,New Group Market,New Group Market Inc,7012 18Th Ave,11204,311,BKCB11,A,False,False,2000,40.61599,-73.99335,False
710459,El Jarochito Deli & Grocery,El Jarochito Deli & Grocery Corp,195 Neptune Ave,11235,313,BKCB13,ABC,True,True,2500,40.58179,-73.96065,False
710393,Organic Planet Driggs,Organic Planet Driggs Corp,205 North 9Th St,11211,301,BKCB1,AC,False,True,1500,40.71789,-73.95486,False
710373,New York Mart Healthy & Hearty,Dyker Heights Deli Inc,8623 5Th Ave,11209,310,BKCB10,AC,False,True,6000,40.62093,-74.02671,False
710344,60Th Street Convenience,60Th Street Convenience Inc,6001 Ft Hamilton Pkwy,11219,312,BKCB12,AC,False,True,1000,40.633,-74.00566,False
710304,Hamilton Gas & Convenience,Hamilton Gas & Convenience Inc,327 Hamilton Ave,11231,306,BKCB6,AC,False,True,600,40.67603,-74.00092,False
710287,Union Deli Grocery,Union Deli Grocery Inc,226 4Th Ave,11215,306,BKCB6,AC,False,True,1600,40.67728,-73.98322,False
710215,Ariana Deli & Grocery,Ariana Deli & Grocery Inc,1634 Eastern Pkwy,11233,316,BKCB16,AC,False,True,1100,40.67186,-73.91406,False
710205,F&S Deli And Grocery,Muthana Ahmed N,5124 Ft Hamilton Pkwy,11219,312,BKCB12,AC,False,True,450,40.63699,-73.99971,False
710170,El Zahra Halal Meat,El Zahra Halal Meat Corp,6926 5Th Ave,11209,310,BKCB10,AC,False,True,1500,40.63285,-74.02125,False
710161,Dollar Jackpot,Dollar Jackpot Inc,2818 Church Ave,11226,317,BKCB17,A,False,False,4000,40.65076,-73.95076,False
710078,City Acres Market,11 Um Food Corp,11 Broadway,11249,301,BKCB1,AC,False,True,15000,40.71079,-73.96828,False
710077,Kings Bay Mobil,Bolla Operating Corp,5025 Bay Pkwy ###,11230,312,BKCB12,AC,False,True,1000,40.62139,-73.97485,False
710066,Kings Hamilton Ave Mobil,Bolla Operating Corp,375 Hamilton Ave ###,11231,306,BKCB6,AC,False,True,1200,40.67307,-73.99925,False
710063,Shan Shan Grocery,Shan Shan Grocery Inc,5816 7Th Ave,11220,307,BKCB7,A,False,False,1600,40.63762,-74.01093,False
709974,C&W Discount,C&W Discount Inc,851 4Th Ave,11232,307,BKCB7,A,False,False,1200,40.65695,-74.0016,False
709857,Salim Smoke Shop,Salim Smoke Shop & Lottery Corp,488 Dekalb Ave,11205,303,BKCB3,A,False,False,700,40.69071,-73.95705,False
709818,Kang Mei Qin Grocery,Kang Mei Qin Inc,5101 6Th Ave,11220,307,BKCB7,A,False,False,1600,40.64313,-74.00878,False
709797,Ajwa Grocery And Halal Meat,Ajwa Grocery And Halal Meat Llc,1034 Coney Island Ave,11230,314,BKCB14,AC,False,True,1200,40.63241,-73.9668,False
709788,Mermaid Garden,Mermaid Garden Inc,644 Vanderbilt Ave,11238,308,BKCB8,AC,False,True,3000,40.67706,-73.96907,False
709783,Chapimex Deli,Chapimex Deli Corp,943 Mcdonald Ave,11218,314,BKCB14,AC,False,True,2000,40.63106,-73.9772,False
709747,Webers Real Kosher Meats,Webers Real Kosher Meats Llc,5114 12Th Ave,11219,312,BKCB12,AC,False,True,1200,40.63488,-73.99581,False
709587,Whole Foods Market,Whole Foods Market Group Inc,214 3Rd St #####,11215,306,BKCB6,AC,False,True,20000,40.674937,-73.988784,True
709497,Money Minimarket,Money Minimarket Inc,847 Knickerbocker Ave,11207,304,BKCB4,AC,False,True,2500,40.69177,-73.90595,False
709418,Natalies Grocery Store,Natalies Grocery Store Inc,3147 Fulton St,11208,305,BKCB5,AC,False,True,,40.6818,-73.87874,False
709403,You Fresh Mart,You Fresh Mart Inc,5822 7Th Ave,11220,307,BKCB7,A,False,False,850,40.6375,-74.01106,False
709376,Louies,Louies Place Inc,241B S 3Rd St,11211,301,BKCB1,A,False,False,600,40.71075,-73.95774,False
709282,Papa Firo Grocery,Papa Firo Grocery Corp,109 3Rd Ave,11217,302,BKCB2,AC,False,True,1000,40.68289,-73.98236,False
709238,Halal Naturals,Halal Naturals Inc,576 Atlantic Ave,11217,302,BKCB2,AC,False,True,1300,40.68452,-73.97866,False
709212,Lius Deli,Lius Deli Inc,2061 Bath Ave,11214,311,BKCB11,AC,False,True,1500,40.60024,-73.99981,False
709196,Peraltas Grocery,Peraltas Grocery & Grill Inc,144 Neptune Ave,11235,313,BKCB13,AC,False,True,1300,40.5822,-73.95876,False
709142,Hnr Deli & Grocery,Hnr Deli & Grocery Corp,1223 Church Ave,11218,314,BKCB14,AC,False,True,1300,40.64764,-73.96764,False
709131,Cropsey Service Station,Cropsey Service Station Inc,1907 Cropsey Ave,11214,311,BKCB11,AC,False,True,1000,40.6013,-74.00485,False
709123,Key Food,Doleh 919 Food Corp,3485 Neptune Ave,11224,313,BKCB13,AC,False,True,10000,40.57707,-74.00163,False
709089,Roti R Us,Roti R Us Inc,1493 Albany Ave,11210,317,BKCB17,ABH,True,False,600,40.63657,-73.93746,False
709040,Dollar Tree #5398,Dollar Tree Stores Inc,1726 Mcdonald Ave,11230,311,BKCB11,A,False,False,,40.61048,-73.97334,False
709028,Lucky Lotto 1 Deli,Lucky Lotto 1 Deli Inc,1450 Nostrand Ave,11226,317,BKCB17,AC,False,True,500,40.651,-73.9496,False
709016,99 Cents World Store,99 Cents World Store Inc,1300 Nostrand Ave,11226,317,BKCB17,A,False,False,,40.65513,-73.95005,False
709004,Health Max Pharmacy,Health Max 5Th Avenue Inc,5313 5Th Ave,11220,307,BKCB7,A,False,False,10000,40.64311,-74.01238,False
708995,Cvs Pharmacy 10086,Cvs Albany Llc,30 Flatbush Ave###,11217,302,BKCB2,A,False,False,11000,40.68812,-73.98041,False
708983,Community Deli Gourmet,Community Deli Gourmet Corp,142-144 Decatur St,11233,303,BKCB3,AC,False,True,,40.68098,-73.93745,False
708936,D&Y Grocery,D&Y Grocery Inc,1996 West 6Th St,11223,311,BKCB11,A,False,False,3000,40.5989,-73.97796,False
708906,Dollar Tree #5185,Dollar Tree Stores Inc,2027 Flatbush Ave,11234,318,BKCB18,A,False,False,8073,40.62025,-73.93392,False
708855,Palmarejo Deli Grocery,Palmarejo Deli Grocery Corp,72 Riverdale Ave,11212,316,BKCB16,AC,False,True,1000,40.66017,-73.91427,False
708845,Kings Conduit C-Store,Bolla Operating Corp,463 Conduit Blvd ###,11208,305,BKCB5,AC,False,True,3000,40.67776,-73.87115,False
708818,Associated,La Joya Food Market Corp,103 Hegeman Ave,11212,316,BKCB16,AC,False,True,5000,40.65618,-73.90795,False
708760,Sakaman Deli & Grill,Ottman Munir K,6821 4Th Ave,11220,310,BKCB10,AC,False,True,2000,40.63474,-74.02348,False
708710,73 Food Market 1,73 Food Market 1 Corp,73 Decatur St,11216,303,BKCB3,AC,False,True,1400,40.68062,-73.94064,False
708706,268 Jose Deli Grocery,268 Jose Deli Grocery Inc,268 Franklin St,11222,301,BKCB1,AC,False,True,1000,40.73525,-73.95847,False
708666,Frank & Sal Italian Market,Cg&C 2 Prime Meat Market Llc,8008 18Th Ave,11214,311,BKCB11,AC,False,True,6000,40.6103,-73.99913,False
708601,Yossis 53,Yossis 53 Corp,5304 New Utrecht Ave,11219,312,BKCB12,AC,False,True,1200,40.63313,-73.99519,False
708599,Yossis 18,Yossis 18 Corp,5717-5719 18Th Ave. ###,11204,312,BKCB12,AC,False,True,2500,40.62339,-73.98589,False
708553,Sunshine Pharmacy,Sunshine Pharmacy Inc,1622 Voorhies Ave,11235,315,BKCB15,A,False,False,1200,40.5859,-73.95212,False
708484,Bravo Supermarket,Mld 91 Food Corp,91 Humboldt St,11206,301,BKCB1,AC,False,True,10000,40.70442,-73.94099,False
708430,Smith Street Grocery & Convenience,Vinayak Grocery Inc,2 2Nd St,11231,306,BKCB6,AC,False,True,1200,40.67942,-73.99522,False
708425,Orange Tree Organic Market,Orange Tree Organic Market Corp,121 Graham Ave,11206,301,BKCB1,AC,False,True,1900,40.706,-73.943,False
708402,Salt Of The Earth Bakery,Seraph Associates Lp,630 Flushing Ave Suite 4-C ##,11206,303,BKCB3,ABC,True,True,2500,40.69994,-73.94869,False
708339,A&H Mini Market,A&H Mini Market Corp,323 Ralph Ave,11233,303,BKCB3,AC,False,True,2000,40.67799,-73.92173,False
708316,Pioneer Supermarket,Murad Food Corp,5612 5Th Ave,11220,307,BKCB7,AC,False,True,6000,40.64148,-74.01408,False
708254,Candy Store,Ocean Ave Candy Store Corp,2811 Ocean Ave ##,11229,315,BKCB15,A,False,False,500,40.59288,-73.95018,False
708239,Jimy Candy Grocery,Jimy Candy Grocery Inc,8317 3Rd Ave,11209,310,BKCB10,A,False,False,1000,40.62522,-74.03036,False
708221,La Union Fruit And Grocery,La Union Fruit & Grocery Inc,110 Moore St #20-21,11206,301,BKCB1,AC,False,True,1000,40.7039,-73.9411,False
708213,Dollar Tree #5328,Dollar Tree Stores Inc,1562 Fulton St,11213,303,BKCB3,A,False,False,8000,40.67975,-73.93822,False
708176,Brooklyn Standard Deli 2,Green And Healthy Standard Deli & Grocer,766 Grand St,11211,301,BKCB1,AC,False,True,1000,40.71175,-73.94256,False
708167,Aldi 9,Aldi Inc,3785 Nostrand Ave ###,11235,315,BKCB15,A,False,False,18000,40.59141,-73.94013,False
708030,M&S Mini Market,M&S Mini Market Corp,7301 3Rd Ave,11209,310,BKCB10,AC,False,True,1500,40.63273,-74.02726,False
708026,La Newyorkina,La Newyorkina Llc,61 Commerce St,11231,306,BKCB6,AC,False,True,2000,40.68038,-74.00757,False
708006,Yossis 14,Yossis 14 Corp,4406 14Th Ave,11219,312,BKCB12,AC,False,True,1200,40.63634,-73.98719,False
707992,Jessica Deli Grocery,Jessica Deli Grocery Corp,418 Jefferson Ave,11221,303,BKCB3,AC,False,True,500,40.68432,-73.94103,False
707926,Flatlands Meat Market,Flatlands Meat Market Corp,8101 Flatland Ave,11236,318,BKCB18,AC,False,True,3600,40.63609,-73.91236,False
707904,Ocean Fresh Seafood Caribbean Market,Henry Uborn,1415 Nostrand Ave,11226,317,BKCB17,AC,False,True,800,40.65189,-73.94969,False
707841,Dollar Tree #5099,Dollar Tree Stores Inc,1701 Utica Ave,11234,318,BKCB18,A,False,False,10000,40.63076,-73.92815,False
707817,21St Avenue Pharmacy & Medical Supply,21St Avenue Pharmacy & Medical Supply In,8511 21St Ave,11214,311,BKCB11,A,False,False,1500,40.6036,-73.99568,False
707796,Frank Brunckhorst Co,Frank Brunckhorst Co Llc,24 Rock St ##,11206,301,BKCB1,ADK,False,False,100000,40.70416,-73.93194,False
707752,Superette & Deli,C K Zheng Inc,6321 17Th Ave,11204,311,BKCB11,AC,False,True,1500,40.62125,-73.99169,False
707687,132 Express Deli,132 Express Deli Inc,132 Graham Ave,11206,301,BKCB1,AC,False,True,2000,40.70601,-73.943,False
707594,Chiquita Grocery,Chiquita Grocery Corp,176 Nichols Ave,11208,305,BKCB5,AC,False,True,800,40.68649,-73.86912,False
707593,Steves Authentic Key Lime Pie,Steves Authentic Inc,185 Van Dyke St,11231,306,BKCB6,ABCDK,True,True,6000,40.67711,-74.01877,False
707543,Dellapietra'S,Della Pietra Gourmet Meat Market,193 Atlantic Ave,11201,306,BKCB6,AC,False,True,,40.68992,-73.99321,False
707518,Jes Fish & Seafood,Jes Fish & Seafood Corp,4224 Avenue D ####,11203,317,BKCB17,AC,False,True,1200,40.64171,-73.93626,False
707478,Rosners Grocery,Mazone Grocery Inc,5430 16Th Ave ####,11204,312,BKCB12,AC,False,True,4000,40.62774,-73.98892,False
707436,Supreme Health Food,Supreme Health Food Center Ny Llc,264 Lee Ave,11206,301,BKCB1,A,False,False,5000,40.6999,-73.95367,False
707409,Bay Root Meats,Bay Root Meats Inc,7813 5Th Ave,11209,310,BKCB10,AC,False,True,3000,40.62681,-74.02374,False
707299,Saba Gourmet Deli Grocery,Saba Gourmet Deli Grocery 1 Corp,232 Underhill Ave,11238,308,BKCB8,AC,False,True,1500,40.67364,-73.9672,False
707205,Good Neighbour Pharmacy,Asm Pharmacy Corp,1604 Avenue M,11230,314,BKCB14,A,False,False,1400,40.61814,-73.95881,False
707162,Lin'S Deli & Grocery,Lins Deli & Grocery Inc,7619 New Utrecht Ave,11214,311,BKCB11,A,False,False,1000,40.61436,-74.00035,False
707081,New Saba Deli & Grocery,New Saba Deli & Grocery Inc,382 Myrtle Ave,11205,302,BKCB2,AC,False,True,800,40.69315,-73.97066,False
707022,Garden Deli & Grill,185 Garden Deli & Grill Llc,185 Starr St,11237,304,BKCB4,AC,False,True,800,40.7043,-73.92393,False
707014,Red Hook Food,Red Hook Food Corp,603 Clinton St,11231,306,BKCB6,AC,False,True,1300,40.6747,-74.00196,False
706966,Met Fresh Supermarket,Naseb Foods Inc,9606 3Rd Ave,11209,310,BKCB10,AC,False,True,8000,40.6164,-74.03396,False
706941,Nafaya,Nafaya Food Service Corp,1657 Bedford Ave First Fl,11225,309,BKCB9,AC,False,True,1600,40.66607,-73.95674,False
706858,Magic Grocery,Magic Grocery Corp,301 Church Avenue,11218,312,BKCB12,AC,False,True,1200,40.64372,-73.97728,False
706805,Family Dollar #30208,Family Dollar Stores Of New York Llc,3382 Atlantic Ave,11208,305,BKCB5,A,False,False,,40.68155,-73.87179,False
706764,Campbell & Co,Campbell Sisters Llc,502 Lorimer St ####,11211,301,BKCB1,AC,False,True,1400,40.71201,-73.94903,False
706762,Angie'S Natural & Organic,Worrell Angela,809 Rogers Ave ####,11226,317,BKCB17,AC,False,True,600,40.65103,-73.9525,False
706689,Stop 1 Money Market,Stop 1 Money Market Inc,513 Brighton Beach Ave. ###,11235,313,BKCB13,AC,False,True,1500,40.57752,-73.96189,False
706680,Gold Street Market,Gold Street Market Inc,257 Gold St,11201,302,BKCB2,AC,False,True,2000,40.69688,-73.98316,False
706564,1624 Fruit Garden Deli,1624 Fruit Garden Deli Corp,1624 Sheepshead Bay Rd,11235,315,BKCB15,AC,False,True,1500,40.58683,-73.95257,False
706528,Heman,Heman Inc,720 New York Ave,11203,309,BKCB9,AC,False,True,1000,40.65619,-73.94757,False
706520,Morelos Grocery,Morelos Inc,298 Irving Ave,11237,304,BKCB4,AC,False,True,1500,40.69916,-73.91463,False
706515,Brooklyn Beer & Soda,Brooklyn Beer & Soda Corp,507 Flatbush Ave,11225,309,BKCB9,AD,False,False,7500,40.66184,-73.96152,False
706502,Ny 99 Cents Store,111 Ny 99 Cents Store Inc,8402 18Th Ave,11214,311,BKCB11,A,False,False,500,40.60843,-74.00118,False
706497,Hui Huang Food,Hui Huang Food Inc,6101 5Th Ave ###,11220,307,BKCB7,A,False,False,1500,40.63881,-74.01684,False
706471,Ben-Sons-Bat Yam,Benzs Food Products Inc,332 Albany Ave,11213,309,BKCB9,ACHK,False,True,3500,40.66853,-73.9395,False
706445,Walle Deli Grill,Walle Deli Grill Corp,2714A Beverly Rd ####,11226,317,BKCB17,AC,False,True,500,40.645,-73.9512,False
706403,Mercy Pharmacy,Mercy Pharmacy Inc,6413 18Th Ave,11204,311,BKCB11,A,False,False,2800,40.61944,-73.98987,False
706401,Star Brite Flatbush,Star Brite Flatbush Inc,1508 Flatbush Ave,11210,314,BKCB14,A,False,False,,40.63396,-73.94886,False
706281,New Ab Food,New Ab Food Corp,7402 17Th Ave,11204,311,BKCB11,AC,False,True,1500,40.61533,-73.99782,False
706209,Avner Kosher Fish Market,Avner Kosher Fish Market Inc,521 Kings Highway,11223,315,BKCB15,AC,False,True,15000,40.60441,-73.97022,False
706198,Shop Fair Foodmarkets,J&E Meat & Produce Corp,385 Broadway,11211,301,BKCB1,AC,False,True,7000,40.70723,-73.95447,False
706135,Bp Shop,Conduit Gas & Mart Inc,586 S Conduit Blvd,11208,305,BKCB5,AC,False,True,1000,40.6764,-73.86797,False
706084,Li Chuen Company,Li Chuen Company Inc,861 Grand St Fl 1,11211,301,BKCB1,ACH,False,True,2400,40.71226,-73.93937,False
706082,Three Star Deli Grocery I,Three Star Deli Grocery Inc I,164 Tompkins Ave,11206,303,BKCB3,AC,False,True,1000,40.69333,-73.9459,False
706066,Super Quality Meat Market,Super Quality Meat Market Inc,692 Knickerbocker Ave,11221,304,BKCB4,AC,False,True,600,40.69458,-73.91089,False
706065,Late Night Stop 1 Deli,Late Night Stop 1 Deli Inc,9429 5Th Ave,11209,310,BKCB10,AC,False,True,1500,40.61589,-74.03098,False
706019,Homecrest V&I Pharmacy,Homecrest V&I Pharmacy Inc,1826 Gravesend Neck Rd,11229,315,BKCB15,A,False,False,1600,40.59607,-73.95219,False
706008,Habib I Deli,Habib I Deli Inc,631 Flatbush Ave,11225,309,BKCB9,AC,False,True,900,40.65795,-73.96041,False
705994,Met Food,Critics Choice Deli Ny Inc,8210 5Th Ave,11209,310,BKCB10,AC,False,True,4000,40.62409,-74.02485,False
705983,Premium Deli,Premium Deli Inc,8220 13Th Ave,11228,310,BKCB10,AC,False,True,1200,40.61591,-74.01198,False
705970,S&K Pharmacy,Volfi Inc,371 Neptune Ave,11235,313,BKCB13,A,False,False,2400,40.58056,-73.96659,False
705956,Ez Grocery,Ez Grocery Inc,4021 7Th Ave,11232,307,BKCB7,A,False,False,1500,40.6476,-74.00053,False
705944,Flatbush Food & Discount Store,Flatbush Food & Discount Store Inc,1116 Flatbush Ave,11226,314,BKCB14,A,False,False,2500,40.64327,-73.95777,False
705924,New Tayeebas Grocery,New Tayeebas Grocery Corp,1420 Avenue J,11230,314,BKCB14,AC,False,True,1000,40.62515,-73.96169,False
705903,Aden City,Aden City Corp,926 Nostrand Ave,11225,309,BKCB9,AC,False,True,1300,40.66618,-73.95082,False
705739,Pharmacy 4 U,Pharmacy 4 U Inc,1919A Avenue U,11229,315,BKCB15,A,False,False,1600,40.59932,-73.95191,False
705721,2965 Gas,2965 Gas Corp,2965 86Th St,11223,313,BKCB13,A,False,False,1000,40.59034,-73.97464,False
705682,Shop Fair,Dka Food Corp,1125 Fulton St,11238,303,BKCB3,AC,False,True,11000,40.68134,-73.9567,False
705640,Late Night 905,Late Night 905 Inc,905 Metropolitan Ave,11211,301,BKCB1,AC,False,True,1000,40.71461,-73.93889,False
705628,Mg Fresh Fruits,Mg Fresh Fruits Inc,2319 65Th St,11204,311,BKCB11,AC,False,True,600,40.61217,-73.97866,False
705564,Greene Ave Market,Greene Ave Market Inc,17 Greene Ave,11238,302,BKCB2,AC,False,True,1800,40.6859,-73.97263,False
705545,One Stop To Shop Gourmet & Deli,One Stop To Shop Gourmet & Deli Corp,1339 Fulton St,11216,303,BKCB3,AC,False,True,4500,40.6803,-73.94789,False
705473,Moishas Kosher Dsct Smt,Moishas Kosher Discnt Sprmkt Inc,315 Avenue M,11230,312,BKCB12,AC,False,True,20000,40.6167,-73.9718,False
705379,Walgreens #15352,Walgreen Eastern Co Inc,1281 Fulton St,11216,303,BKCB3,A,False,False,4000,40.68043,-73.95023,False
705364,Gourmet Croissant,Framar Restaurant Corp,141 32Nd St,11232,307,BKCB7,ABC,True,True,5500,40.65692,-74.0027,False
705170,C Town,Zafer Food Corp,29 Belmont Ave,11212,316,BKCB16,AC,False,True,10000,40.66861,-73.90929,False
705146,Flor De Atlixco Grocery Store,Gonzalez Jaime,2440 Nostrand Ave,11210,318,BKCB18,AC,False,True,,40.62523,-73.94656,False
705109,C Town Supermarket,57Jr Foods Corp,57 Mill St,11231,306,BKCB6,AC,False,True,6000,40.67589,-74.00447,False
705078,El Nuevo Pueblo,El Nuevo Pueblo Inc,4921 5Th Ave,11220,307,BKCB7,AC,False,True,4000,40.64524,-74.01017,False
705070,Mazza & More,Cambridge Consulting Services Llc,412-10 Ave M ####,11230,312,BKCB12,ACH,False,True,1500,40.61679,-73.97098,False
705036,Royal Deli Grocery,Royal Deli Grocery Corp I,780 Metropolitan Ave,11211,301,BKCB1,AC,False,True,1000,40.71467,-73.94288,False
704962,Edible Arrangements,Fruit Creation 4 Inc,224 Livingston St #####,11201,302,BKCB2,ACK,False,True,2000,40.689215,-73.985223,True
704961,Top City Gourmet & Fruits,Mo Grill Corp,144 Wyckoff Ave,11237,304,BKCB4,AC,False,True,2000,40.70301,-73.91717,False
704954,Brooklyn Harvest Market,North 3Rd Corp,25 N 5Th St,11249,301,BKCB1,AC,False,True,15000,40.71933,-73.96312,False
704943,West 6 Fruits & Vegetable Store,West 6 Fruits&Vegetable Store Inc,294 Kings Hwy,11223,311,BKCB11,AC,False,True,20000,40.60511,-73.97961,False
704837,Cobble Hill Deli And Grocery,Yafai Abdoulkarim A,159 Baltic St,11201,306,BKCB6,AC,False,True,1000,40.68743,-73.99811,False
704835,24 Seven A K Store,24 Seven A K Store Corp,4418 5Th Ave,11220,307,BKCB7,AC,False,True,600,40.64807,-74.00721,False
704609,Brother Ou Discount Store,Brother Ou Inc,4924 7Th Ave,11220,307,BKCB7,A,False,False,1500,40.64253,-74.00581,False
704535,Qiang Wang Market,Qiang Wang Market Inc,5624 7Th Ave ##,11220,307,BKCB7,A,False,False,2000,40.63861,-74.0099,False
704500,Green Mango Tree,Green Mango Tree Inc,784 Nostrand Ave,11216,308,BKCB8,AC,False,True,1500,40.67192,-73.95031,False
704421,Victory Meat Center,Victory Meat Center Inc,8506 Bay Parkway,11214,311,BKCB11,AC,False,True,1500,40.6024,-73.99334,False
704306,Aroma Food,Aroma Food Inc,3033 Coney Island Avenue,11235,313,BKCB13,AC,False,True,1200,40.58182,-73.95993,False
704225,Peoples Bakery & Pastry,Peoples Bakery & Pastry Inc,2355 86Th St,11214,311,BKCB11,ABC,True,True,1500,40.59976,-73.99026,False
704197,Tu Balu Group,Tu Balu Group Inc,205 Gardner Ave ####,11237,301,BKCB1,ACDK,False,True,9000,40.71365,-73.92616,False
704093,Pal Minimart,Pal Minimart Corp,4421 4Th Ave,11220,307,BKCB7,AC,False,True,1800,40.64937,-74.00947,False
703998,Dollar Tree #4974,Dollar Tree Stores Inc,864 Remsen Ave,11236,318,BKCB18,A,False,False,5000,40.64676,-73.91362,False
703855,Saint Anthony Bakery Shop,Saint Anthony Bakery Shop Inc,6819 Ft Hamilton Pkwy,11219,310,BKCB10,ABCH,True,True,2500,40.62885,-74.0119,False
703594,Rachels Garden,Eckford Nassau Fruit Inc,116 Nassau Ave,11222,301,BKCB1,AC,False,True,1800,40.72437,-73.94896,False
703582,Apm Fruit & Vegetable,Apm Fruit & Vegetable Inc,874 Nostrand Ave,11225,309,BKCB9,AC,False,True,1600,40.66824,-73.95063,False
703571,Not Only Bagels,Not Only Bagels Store & Grocery Inc,7821 17Th Ave,11214,311,BKCB11,AC,False,True,1000,40.61268,-74.00058,False
703559,Stay Fresh Deli & Grill,Stay Fresh Deli & Grill Corp,1695A Broadway,11207,316,BKCB16,AC,False,True,1500,40.68387,-73.9122,False
703557,73 Gasoline,73 Gasoline Corp,7310 New Utrecht Ave,11204,311,BKCB11,AC,False,True,1000,40.61687,-73.99964,False
703535,Pennybridge Deli,Pennybridge Deli Inc,82 Clark St,11201,302,BKCB2,AC,False,True,1000,40.69739,-73.99277,False
703469,Greenfresh Supermarket,Greenfresh Supermarket Inc,527 Dekalb Ave ##,11205,303,BKCB3,AC,False,True,1600,40.69086,-73.95575,False
703442,Grocery & Meat Market,194 Throop Food Corp,777 Park Ave,11206,303,BKCB3,AC,False,True,3000,40.6982,-73.94425,False
703382,Fine Fare,1305 Myrtle Llc,1305 Myrtle Ave,11221,304,BKCB4,AC,False,True,7000,40.698,-73.92607,False
703320,Golden Vege & Grocery At Flatbush,Golden Vege & Grocery At Flatbush Inc,1819 Flatbush Ave,11210,318,BKCB18,AC,False,True,1600,40.62531,-73.93972,False
703310,Greene Grape Provisions,Julina Inc,767-769 Fulton St ####,11217,302,BKCB2,ABC,True,True,2400,40.68613,-73.97406,False
703306,Star One Deli Grocery,Star One Deli Grocery Corp I,740 Sutter Ave,11207,305,BKCB5,AC,False,True,800,40.66997,-73.8912,False
703263,My New Deli Grocery,Santana Maximo A,269 Troy Ave,11213,308,BKCB8,AC,False,True,,40.66987,-73.93658,False
703243,Boro Park Grocery,Boro Park Grocery Corp,1171 38Th St,11218,312,BKCB12,AC,False,True,1500,40.64259,-73.98806,False
703224,A L Coluccio Italian Family Grocery And,8613 Llc,8613 3Rd Ave,11209,310,BKCB10,AC,False,True,1500,40.62304,-74.03123,False
703201,Carniceria-Deli Plautila,Carniceria-Deli Plautila Corp,79 Church Ave,11218,312,BKCB12,AC,False,True,700,40.64249,-73.98019,False
703155,New Zhong Hua Market,New Zhong Hua Market Inc,5709 8Th Ave,11220,312,BKCB12,AC,False,True,2000,40.63692,-74.00805,False
703094,Alam 99 Cent & Up,Alam Abdullah,1321 Foster Avenue,11230,314,BKCB14,A,False,False,,40.63356,-73.96415,False
703062,Sage Health Food Mkt,Healthy Way 123 Llc,769 Bedford Ave,11205,303,BKCB3,A,False,False,2000,40.69758,-73.95674,False
703029,San Jose Teurel,Jaisma Corp,1804 Church Ave,11226,314,BKCB14,AC,False,True,2000,40.6495,-73.96292,False
702966,B&K Fish Mini Market,B & K Fish Mini Market Inc,1161 Broadway,11221,304,BKCB4,AC,False,True,1500,40.69299,-73.92819,False
702959,Hernandez Deli Grocery,Garcia Rene,1301 Foster Ave.,11230,314,BKCB14,AC,False,True,,40.63335,-73.96458,False
702954,Parm Rx Express,Parm Rx Express Inc,1311 Gravesend Neck Rd,11229,315,BKCB15,A,False,False,1800,40.59454,-73.95703,False
702665,Fulton Corner Store,Fulton Corner Store Corp,3441 Fulton St,11208,305,BKCB5,AC,False,True,800,40.68469,-73.8685,False
702644,Discount Dairy Farm Grocery,Discount Dairy Farm Grocery Inc,2730 Ocean Ave,11229,315,BKCB15,AC,False,True,,40.59473,-73.95053,False
702630,Monte De Sion Deli,Monte De Sion Deli Inc,7620 18Th Ave,11214,311,BKCB11,AC,False,True,1500,40.61235,-73.99704,False
702575,Coconut Kosher Supermarket,Coconut Kosher Supermarket Corp,15 Throop Ave,11206,301,BKCB1,AC,False,True,1600,40.7038,-73.94804,False
702547,Landau'S Health Tree,Boro Park Health Foods Inc,5201 13Th Ave,11219,312,BKCB12,AC,False,True,2400,40.63326,-73.99395,False
702433,Milk N Honey Frozen Products,Milk N Honey Frozen Products Corp,5013 10Th Ave,11219,312,BKCB12,ABCH,True,True,3000,40.63815,-73.99961,False
702325,Tashkent Supermarket,Oasis Mega Market Inc,2828 Coney Island Ave. ###,11235,315,BKCB15,AC,False,True,5000,40.58773,-73.96038,False
702282,Colonial Deli,Colonial Deli Inc,125 Bay Ridge Ave,11220,310,BKCB10,AC,False,True,2500,40.63728,-74.03103,False
702252,Lam West Indian Grocery,Lam West Indian Grocery Inc,1764 Nostrand Ave,11226,317,BKCB17,AC,False,True,1000,40.64276,-73.9487,False
702238,Patience Variety Store,Faison Marie J,1729 Nostrand Ave,11226,317,BKCB17,AC,False,True,800,40.64363,-73.94879,False
702231,Quentin Dairy Deli,Siddhi Food Inc,3420 Quentin Rd,11234,318,BKCB18,AC,False,True,2000,40.61402,-73.93774,False
702191,Kings Ii Deli & Grocery Inc,Kings Ii Deli & Grocery Inc,2105 Avenue Z #2107,11235,315,BKCB15,AC,False,True,1200,40.58865,-73.94802,False
702118,New Stanley'S Grocery Inc,New Stanley'S Grocery Inc,2377 Nostrand Ave,11210,318,BKCB18,AC,False,True,2600,40.62661,-73.94683,False
702013,Los Jasmines Grocery Store,Marin Fidencio,1612 Newkirk Ave,11226,314,BKCB14,AC,False,True,1200,40.63609,-73.96212,False
672276,Mayan Convenience,Mayan Convenience Corp,1207 49Th St,11219,312,BKCB12,AC,False,True,1000,40.63624,-73.99417,False
672269,Adams Deli On The Corner,Adams Deli On The Corner Corp,525 Kings Hwy ####,11223,315,BKCB15,AC,False,True,1500,40.60446,-73.96987,False
672260,Ovenly,Ovenly Llc,31 Greenpoint Ave,11222,301,BKCB1,ABCHK,True,True,1400,40.72969,-73.95954,False
672256,Herrera Deli & Grocery,Herrera Alexis,156 Marcus Gravey Blvd,11206,303,BKCB3,AC,False,True,,40.69303,-73.94006,False
672244,Spring Creek Food Mkt,Spring Creek Food Market Corp,1011 Elton St,11208,305,BKCB5,AC,False,True,1500,40.65867,-73.87563,False
672220,40Th St Deli & Grill,40Th Street Deli & Grill Corp,3921 4Th Ave,11232,307,BKCB7,AC,False,True,1000,40.65212,-74.0066,False
672219,Amazing Groceries,Amazing Food Mart Inc,842 Rockaway Ave##,11212,316,BKCB16,A,False,False,10000,40.659,-73.90801,False
672218,293 Broadway Deli&Grcry,293 Broadway Deli&Grocery Corp,293 Broadway,11211,301,BKCB1,AC,False,True,1000,40.70852,-73.9582,False
672214,Rancho San Miguel Deli,Rancho San Miguel Deli Grocery Inc,4109 New Utrecht Ave,11219,312,BKCB12,AC,False,True,600,40.64311,-73.99426,False
672206,Green Planet Organics,Green Planet Organics Inc,969 Fulton St,11238,302,BKCB2,AC,False,True,1500,40.68295,-73.96442,False
672167,Mr Pina Fruits & Vegtbl,Zuna 10 Corp,221 Havemeyer St,11211,301,BKCB1,AC,False,True,3000,40.70925,-73.95904,False
672157,Dk Fish Market,Dk Fish Market Inc,2921 Glenwood Rd,11210,314,BKCB14,AC,False,True,1000,40.63398,-73.94801,False
672145,Nishimaru Usa,Ocean Providence New York Llc,76 Apollo St,11222,301,BKCB1,ACDK,False,True,8000,40.72682,-73.93804,False
672115,Snack Shop,Kausar & Son Inc,3437 Fort Hamilton Parkway ###,11218,307,BKCB7,AC,False,True,4000,40.64567,-73.98554,False
672105,7955 Ae Company Inc.,7955 Ae Company Inc,2323-2325 86Th St ####,11214,311,BKCB11,AC,False,True,3000,40.60013,-73.99087,False
672082,N&K Deli Grocery,N&K Deli Grocery Corp,309 Utica Ave,11213,309,BKCB9,AC,False,True,800,40.66751,-73.93124,False
672078,Plaza Fruit & Grocery,Plaza Fruit & Grocery Corp,37 Newkirk Plaza,11226,314,BKCB14,AC,False,True,1800,40.63493,-73.96269,False
672075,Baked In Brooklyn,Deadbread Inc,755 5Th Ave #####,11232,307,BKCB7,AC,False,True,500,40.658911,-73.996383,True
672068,M&E Candy&Grocery Store,M&E Candy&Grocery Store Corp,148 Montague St,11201,302,BKCB2,A,False,False,300,40.69452,-73.99331,False
672051,Jasmin Grocery Store,Reyes Patricia M,679 Myrtle Ave,11205,303,BKCB3,A,False,False,800,40.69455,-73.95633,False
672050,Natures Emporium,Natures Apothecary Inc,1612 E 16Th St,11229,315,BKCB15,A,False,False,0,40.60996,-73.95756,False
672046,Nassau Finest Deli,Izzy Manhattan Deli Corp,183 Nassau Ave,11222,301,BKCB1,AC,False,True,1500,40.72538,-73.94587,False
672036,Sandwich Spot Deli,Sandwich Spot Deli Corp The,1075 Flatbush Ave,11226,314,BKCB14,AC,False,True,1500,40.64429,-73.95795,False
672027,Widow Jane,Widow Jane Distilleries Llc,216-218 Conover St,11231,306,BKCB6,ACEWD,False,True,7000,40.67724,-74.01522,False
672021,Ocean Bay Market,Ocean Bay Market Inc,2424 Coney Island Avenue,11223,315,BKCB15,AC,False,True,5000,40.59742,-73.96112,False
671961,Lorimer Express Food,Lorimer Express Food Inc,574 Broadway,11206,301,BKCB1,AC,False,True,1000,40.704,-73.94767,False
671958,Freddys On U,Freddys On U Inc,702 Avenue U,11223,315,BKCB15,AC,False,True,2000,40.598,-73.96397,False
671956,Exxon,York Fuel Inc,1760 Flatbush Ave,11210,318,BKCB18,A,False,False,500,40.62697,-73.94146,False
671952,Market Place,East New York Kosher Corp,589 E New York Ave,11225,309,BKCB9,AC,False,True,12000,40.66202,-73.94331,False
671950,Cvs Pharmacy #2431,Cvs Albany Llc,4112 Avenue U###,11234,318,BKCB18,A,False,False,16500,40.60882,-73.92308,False
671926,7-Eleven Store 35049K,7-Eleven Inc,2474 Flatbush Ave ###,11234,318,BKCB18,AC,False,True,2500,40.61,-73.92288,False
671916,Sosas Deli & Grill,Vergara Mauricia,4623 7Th Ave. ###,11220,307,BKCB7,AC,False,True,1500,40.64421,-74.00406,False
671908,Kang Sheng Grocery,Kang Sheng Grocery Inc,34 Avenue O,11204,311,BKCB11,A,False,False,1200,40.61021,-73.98383,False
671891,Sam Deli And Grocery,Sam Deli And Grocery Ii Inc,1601 10Th Ave,11215,307,BKCB7,AC,False,True,1000,40.65917,-73.97809,False
671887,Old City Food,Old City Food Corp,1606 Avenue H,11230,314,BKCB14,AC,False,True,0,40.63009,-73.96108,False
671867,Savarese Itln Pstry Shp,Savarese Italian Pastry Shoppe Inc,5922 New Utrecht Ave,11219,312,BKCB12,ABCH,True,True,3500,40.62793,-73.99645,False
671864,Vanderbilt Green Market,Vanderbilt Green Market Llc,657 Vanderbilt Ave,11238,308,BKCB8,AC,False,True,1200,40.67724,-73.96901,False
671850,1223 Gravesend Neck Rd,1223 Gravesend Neck Road Corp,1223 Gravesend Neck Rd,11229,315,BKCB15,AC,False,True,2000,40.59441,-73.95758,False
671842,Rnj Kings Food,Rnj Kings Food Inc,1914 Kings Hwy,11229,315,BKCB15,AC,False,True,3000,40.61041,-73.95424,False
671836,Regina Bakery,Mbj Bakery Inc,256 Prospect Park West Side,11215,307,BKCB7,ABC,True,True,800,40.65894,-73.98161,False
671818,Cvs Pharmacy #5847,Cvs Albany Llc,6831 Bay Pkwy###,11204,311,BKCB11,A,False,False,12000,40.61122,-73.98414,False
671809,King Of Boro,King Of Boro Inc V,4928 New Utrecht Ave,11219,312,BKCB12,AC,False,True,1200,40.63598,-73.99481,False
671771,Wealth Of Health,Wealth Of Health Corp,1616 Avenue M,11230,314,BKCB14,A,False,False,1200,40.61818,-73.95853,False
671762,2673 Pitkin Deli,2673 Pitkin Deli Inc,2673 Pitkin Ave,11208,305,BKCB5,AC,False,True,800,40.6752,-73.87328,False
671755,Jalil 105,Jalil 105 Corp,160 Bedford Ave,11249,301,BKCB1,AC,False,True,1200,40.71853,-73.95695,False
671735,Park One Enterprises,Park One Enterprises Inc,4602 5Th Ave,11220,307,BKCB7,A,False,False,800,40.64726,-74.00807,False
671727,Meal Mart,Meat Mart 13Th Ave Corp,4521 Ft Hamilton Pkwy,11219,312,BKCB12,AC,False,True,1000,40.63988,-73.99538,False
671718,A&J Gourmet Deli,A&J Gourmet Deli Inc,95 Knickerbocker Ave,11237,301,BKCB1,AC,False,True,1500,40.70542,-73.92989,False
671715,Food Emporium,Food Colony Llc,7510 5Th Ave,11209,310,BKCB10,AC,False,True,8000,40.62917,-74.02277,False
671683,Hometown Fresh Market,Hometown Fresh Market Inc,5704 5Th Ave,11220,307,BKCB7,AC,False,True,4000,40.64105,-74.01453,False
671680,A&Z Grocery,A&Z Grocery Corp I,478 Nostrand Ave,11216,303,BKCB3,AC,False,True,1000,40.68267,-73.95003,False
671678,Los Vecinos Deli,Los Vecinos Deli Corp,288 Etna St,11208,305,BKCB5,AC,False,True,1000,40.6869,-73.87337,False
671676,Family Dollar #9058,Family Dollar Stores Of New York Llc,3118 Fulton St,11208,305,BKCB5,A,False,False,10000,40.68144,-73.87996,False
671667,Favorite Choice Grocery,Favorite Choice Grocery Inc,8401 15Th Ave,11228,311,BKCB11,AC,False,True,1500,40.61249,-74.00837,False
671665,El Aguila Mini Market,El Aguila Mini Market Corp,1192 Gates Avenue,11221,304,BKCB4,AC,False,True,4000,40.69207,-73.91957,False
671656,Rx Express Pharmacy,Oceana Express Pharmacy Inc,2009 Avenue U,11229,315,BKCB15,A,False,False,1500,40.59943,-73.95097,False
671642,Caribbean Supermarket,Gv Meat & Produce Corp,741 Utica Ave,11203,317,BKCB17,AC,False,True,9000,40.65508,-73.93038,False
671638,Nyc Fresh Market,Goris Grocers Flatbush Ave Corp,150 Myrtle Ave,11201,302,BKCB2,AC,False,True,10000,40.69362,-73.98272,False
671617,Lins Food Market,Lins Food Market Inc,5024 8Th Ave 1St Floor,11220,312,BKCB12,A,False,False,1300,40.64063,-74.00419,False
671592,Java Joe,Cheap Coffee Llc,414 8Th St,11215,306,BKCB6,AC,False,True,400,40.66738,-73.98086,False
671580,Santos Deli Grocery,Santos Ambiorix A,5612 Church Ave,11203,317,BKCB17,AC,False,True,4000,40.65253,-73.92416,False
671571,Desi Bazzar,Desi Bazzar Inc,557 Mcdonald Ave,11218,312,BKCB12,AC,False,True,5000,40.64062,-73.97897,False
671565,Walgreens #13752,Walgreen Eastern Co Inc,2325 Flatbush Ave,11234,318,BKCB18,A,False,False,11204,40.61368,-73.927,False
671553,Regalo De Juquila,Regalo De Juquila Corp,1209 Myrtle Ave,11221,304,BKCB4,AC,False,True,2000,40.69738,-73.93166,False
671540,Ocean Mini Mart,Akshar 18 Inc,3917 18Th Avenue,11218,314,BKCB14,AC,False,True,1800,40.63271,-73.97302,False
671528,Shlomies Heimshe Bakery,Shloms Hemish Corp,5104 12Th Ave. ###,11219,312,BKCB12,ABCH,True,True,4500,40.6351,-73.99559,False
671524,La Paz Grocery,Rentas Felicita,2424 Pitkin Ave,11208,305,BKCB5,A,False,False,800,40.67382,-73.88292,False
671520,Stephs Cake Shop,Stephs Cake Shop Corp,1392 Rockaway Pkwy,11236,318,BKCB18,ABCH,True,True,2040,40.6459,-73.90315,False
671432,4 Star Candy Deli,4 Star Candy Deli Inc,327 Myrtle Ave,11205,302,BKCB2,AC,False,True,1200,40.69328,-73.97385,False
671410,L Mos Market,L Mos Market Inc,51 Morgan Ave,11237,301,BKCB1,AC,False,True,1400,40.70555,-73.93167,False
671404,Schwartz Appetizing,Schwartz Of L Inc,3008 Avenue L,11210,318,BKCB18,AC,False,True,3000,40.62202,-73.94565,False
671387,City Plaza Meat Ii,City Plaza Meat Ii Corp,592 Sutter Ave,11207,305,BKCB5,AC,False,True,2500,40.66919,-73.89645,False
671372,Khokon Convenience,Khokon Convenience Inc,445 7Th Ave,11215,307,BKCB7,A,False,False,800,40.66307,-73.98475,False
671352,Star Fruit Farm,A & D Produce Corp,4401 New Utrecht Ave,11219,312,BKCB12,AC,False,True,1100,40.64048,-73.99432,False
671346,Family Dollar #8829,Family Dollar Stores Of New York Llc,3710 Nostrand Ave,11235,315,BKCB15,A,False,False,3000,40.59362,-73.94056,False
671322,Living Well Garden,Living Well Garden Inc,1534 St Johns Pl,11213,308,BKCB8,AC,False,True,700,40.67041,-73.92755,False
671316,Nahshal Deli&Grocery,Nahshal Deli&Grocery Corp,1705 Ralph Ave,11236,318,BKCB18,AC,False,True,1200,40.63529,-73.91896,False
671300,Satmar Meat Market,Satmar Meat Market Inc,4525 16Th Ave ###,11204,312,BKCB12,AC,False,True,1000,40.63297,-73.98348,False
671286,Dollar Tree #4798,Dollar Tree Stores Inc,300 Wyckoff Ave,11237,304,BKCB4,A,False,False,5000,40.69886,-73.9106,False
671284,T-L Food Market,T-L Food Market Inc,119 Avenue U,11223,311,BKCB11,AC,False,True,4000,40.59626,-73.97994,False
671244,A Fresh Market,Kisma Corp,9310 4Th Ave,11209,310,BKCB10,AC,False,True,4000,40.61732,-74.0306,False
671235,Coffee Break,Falko Bakery Shop Inc,683A Myrtle Ave.  ###,11205,303,BKCB3,ABCH,True,True,5000,40.6946,-73.95588,False
671216,Food Universe,1720 Food Corp,1720 Atlantic Ave ###,11213,308,BKCB8,AC,False,True,7000,40.67725,-73.93361,False
671213,T&D Bakery,T&D Bakery Inc,2307 Avenue U,11229,315,BKCB15,ABCH,True,True,2500,40.59972,-73.94822,False
671178,Jww Mini Store,Jww Mini Store Inc,5221 7Th Ave,11220,307,BKCB7,A,False,False,1800,40.6409,-74.00751,False
671163,Supernuts,Green Apple Market Llc,724 Kings Hwy,11223,315,BKCB15,AC,False,True,3000,40.60636,-73.96492,False
671155,Ms Convenience,Ms Convenience Inc,8610 4Th Ave ####,11209,310,BKCB10,AC,False,True,1500,40.6225,-74.02848,False
671143,Cosentinos Fish Market,Cosentinos Fish Market Inc,6922 3Rd Ave,11209,310,BKCB10,AC,False,True,1000,40.63519,-74.02626,False
671142,Ar Deli Coffee Shop,Ar Deli Coffee Shop Inc,29-31 5Th Ave,11217,306,BKCB6,AC,False,True,1000,40.68202,-73.97665,False
671141,Pitkin Green Store,Pitkin Green Store Inc,2218 Pitkin Ave,11207,305,BKCB5,AC,False,True,1200,40.67268,-73.89067,False
671122,Kehilla Butcher Store,Kehilla Butcher Store Llc,1183 49Th St,11219,312,BKCB12,AC,False,True,1000,40.63642,-73.99446,False
671118,C&W Grocery,C&W Grocery Inc,6603 11Th Ave,11219,310,BKCB10,A,False,False,1100,40.62791,-74.00668,False
671116,Metropolitan Citymarket,J Vasquez Meat Corp,1142 Bedford Avenue,11216,303,BKCB3,AC,False,True,7000,40.68521,-73.95427,False
671114,Tov Umaitiv,Paz Place Corp,2668 Nostrand Avenue,11210,314,BKCB14,AC,False,True,2100,40.61928,-73.94547,False
671093,J&S 339,J&S 339 Corp,339 Keap St,11211,301,BKCB1,AC,False,True,1000,40.70879,-73.95478,False
671016,Dollar Dreams,Discount Dream Llc,9415 Church Ave #####,11212,317,BKCB17,A,False,False,5000,40.655187,-73.916705,True
671008,Y&R Farm,Y&R Farm Inc,1033 Rutland Rd,11212,317,BKCB17,AC,False,True,1500,40.66322,-73.92554,False
671006,Napoli Bakery,Nunzio & Sons Baking Corp,616 Metropolitan Ave,11211,301,BKCB1,ABC,True,True,3000,40.71412,-73.94849,False
671004,Ft Hamilton Market,Ft Hamilton Market Corp,5110 Ft Hamilton Pkwy,11219,312,BKCB12,A,False,False,3500,40.63721,-73.99937,False
670987,Two Deli,Two Deli Corp,140 Pennsylvania Ave,11207,305,BKCB5,AC,False,True,1500,40.67431,-73.89652,False
670979,Organic Deli&Grocery,Organic Deli&Grocery Corp,1018 Manhattan Ave,11222,301,BKCB1,AC,False,True,1600,40.73363,-73.95482,False
670976,Stop Ii Organic&Grcy St,Stop Ii Organic&Grocery Str Corp,585 Vanderbilt Ave,11238,308,BKCB8,AC,False,True,900,40.68007,-73.968,False
670964,Red Hook Winery,Red Hook Winery Llc,175-204 Van Dyke St. Suite 325A,11231,306,BKCB6,ACDK,False,True,7000,40.67714,-74.01814,False
670929,Rocky Deli Grocery,Rocky Deli Grocery Inc,590 Broadway,11206,301,BKCB1,AC,False,True,1200,40.70375,-73.94722,False
670893,Tap Beer,Wood Smoke Company Inc,2081 E 19Th St  #####,11229,315,BKCB15,AC,False,True,300,40.599517,-73.952495,True
670876,Madina Market Square,Al-Bukhara Inc,6323 20Th Ave,11204,311,BKCB11,AC,False,True,1500,40.61722,-73.98514,False
670872,Stuyvesant Deli Grocery,Stuyvesant Deli Grocery Corp,59 Stuyvesant Ave,11221,303,BKCB3,AC,False,True,2000,40.69398,-73.93424,False
670849,Milk Farm Grocery&Deli,Milk Farm Grocery Of Justin Inc,2865 Harway Ave ###,11214,313,BKCB13,AC,False,True,1500,40.58759,-73.98402,False
670812,Plaza Gourmet Deli,Plaza Gourmet Deli Corp,12 Newkirk Plaza,11226,314,BKCB14,AC,False,True,2000,40.63508,-73.96272,False
670796,Hadar Geulah,Hadar Geulah Inc,5914 18Th Ave,11204,312,BKCB12,AC,False,True,1000,40.62231,-73.98697,False
670791,La Nueva Bakery Grocery,La Nueva Bakery Grocery Corp,1114 Cortelyou Rd,11218,314,BKCB14,ABCH,True,True,2000,40.63986,-73.96744,False
670758,Pioneer,Covert Supermarket Llc,1657 Broadway,11207,316,BKCB16,AC,False,True,10000,40.68447,-73.91324,False
670753,H&I Grocery,H&I Grocery Inc,2847 86Th St,11223,315,BKCB15,AC,False,True,3000,40.59213,-73.97759,False
670743,Keap St Gourmet Deli,Keap St Gourmet Deli Corp,332 Keap St,11211,301,BKCB1,AC,False,True,1000,40.7088,-73.95478,False
670741,El Calvario Deli Grocery,Cohetero Onesimo,283 Irving Ave,11237,304,BKCB4,AC,False,True,500,40.69962,-73.91545,False
670732,Luzees Take Home,Pinnys Take Out Inc,5421 New Utrecht Ave,11219,312,BKCB12,AC,False,True,1000,40.63169,-73.99543,False
670726,Health Emporium,Health Emporium Inc,1267 50Th St,11219,312,BKCB12,AC,False,True,1200,40.63478,-73.99325,False
670721,Pharmacy Depot,Pharmacy Depot Llc,317 Brighton Beach Ave,11235,313,BKCB13,AC,False,True,2000,40.57716,-73.96357,False
670689,Shalom Grocery,Shalom Grocery Inc,2306 Coney Island Ave,11223,315,BKCB15,AC,False,True,1000,40.60088,-73.96139,False
670686,Nissan Enterprises,Nissan Enterprises Inc,1802 Atlantic Ave ####,11233,308,BKCB8,AC,False,True,1000,40.67731,-73.93002,False
670663,Dips,Dips Inc,5315 13Th Ave,11219,312,BKCB12,ACH,False,True,1800,40.63243,-73.99482,False
670650,15Th Avenue Mini Market,15Th Avenue Mini Market Corp,7501 15Th Ave,11228,311,BKCB11,AC,False,True,1000,40.61751,-74.00314,False
670639,Cvs Pharmacy 13019,Cvs Albany Llc,218 Myrtle Ave###,11201,302,BKCB2,A,False,False,0,40.69349,-73.97965,False
670631,Aleman Deli,Aleman Deli Corp,1466 Pitkin Ave,11212,316,BKCB16,AC,False,True,2000,40.66837,-73.9196,False
670621,Grand Slam Enterprises Ny,Grand Slam Enterprises Ny Inc,640 Conduit Ave,11208,305,BKCB5,A,False,False,1000,40.67551,-73.86555,False
670577,Bravo Supermarket,Fat Meat & Produce Corp,4808 4Th Ave,11220,307,BKCB7,AC,False,True,12000,40.6474,-74.01168,False
670549,Four Seasons Grill Deli,Four Seasons Grill Deli Corp,98 Wyckoff Ave,11237,304,BKCB4,AC,False,True,2000,40.70423,-73.91911,False
670548,Polam Intl Mt Mkt Ii,Polam International Meat Markets Inc,276 Mcguinness Blvd. ###,11222,301,BKCB1,AC,False,True,9000,40.73165,-73.9518,False
670515,Hana Natural&Health,Hana Natural Inc,24-26 Wyckoff Ave,11237,304,BKCB4,AC,False,True,2500,40.70631,-73.92246,False
670498,Polbridge Grocery Store,Tomekg Corp,7218 3Rd Ave,11209,310,BKCB10,AC,False,True,1000,40.63305,-74.02713,False
670497,Bagel Schmagel,M & V Deli Corp,7510 3Rd Ave,11209,310,BKCB10,ABC,True,True,1000,40.63114,-74.02792,False
670487,Lotto Baby,Lotto Baby Inc,7305 13Th Ave,11228,310,BKCB10,A,False,False,2000,40.62129,-74.00638,False
670475,Downtown Natural Market,Pramukh Health Market Inc,1701 Church Ave,11226,314,BKCB14,AC,False,True,8000,40.64917,-73.96375,False
670473,La Villa Produce&Deli,La Villa Produce&Deli Inc,323 Knickerbocker Ave ####,11237,304,BKCB4,AC,False,True,3000,40.70132,-73.9228,False
670465,581 Myrtle Ave Food,581 Myrtle Ave Food Inc,596 Myrtle Ave,11205,303,BKCB3,AC,False,True,2000,40.69406,-73.96053,False
670454,Plazita Tropic Market,La Plazita Sanchera Inc,3419 Fulton St,11208,305,BKCB5,AC,False,True,500,40.68443,-73.86939,False
670452,Papa Mini Market,Papa Mini Market Ny Corp,303 Tompkins Ave  ##,11216,303,BKCB3,AC,False,True,2000,40.68751,-73.94476,False
670448,El Triunfo Deli&Grocery,El Triunfo Deli&Grocery Corp,4320 4Th Ave,11232,307,BKCB7,AC,False,True,1000,40.65001,-74.00899,False
670447,Leonardos Mini Market,Leonardos Mini-Market Corp,349 Ridgewood Ave,11208,305,BKCB5,AC,False,True,1800,40.68458,-73.876,False
670418,Bayridge Deli,Siraj Lakhani Inc,7506 5Th Ave,11209,310,BKCB10,AC,False,True,2500,40.62925,-74.02274,False
670415,Ebenezer Deli&Grocery,Ebenezer Deli&Grocery Corp,1401 67Th St. ###,11219,311,BKCB11,AC,False,True,900,40.62335,-74.00029,False
670406,Ten Star Deli,Ten Star Deli Inc,299 Myrtle Ave,11205,302,BKCB2,AC,False,True,0,40.69335,-73.97605,False
670397,Arena Deli Plus,Arena Deli Plus Corp,77 4Th Ave,11217,306,BKCB6,AC,False,True,2000,40.68193,-73.97989,False
670390,Mns Discount Store,Mns Discount Store Inc,1594 Pitkin Ave,11212,316,BKCB16,A,False,False,3000,40.66911,-73.91467,False
670363,Schreibers Bakery,Excellent Kosher Baking Inc,3008 Avenue M  ###,11210,318,BKCB18,ABC,True,True,3500,40.61963,-73.94516,False
670338,Mendez Deli Grocery,Mendez Deli Grocery Corp,5424 3Rd Ave,11220,307,BKCB7,AC,False,True,1500,40.64506,-74.01756,False
670333,La Reina Morena Deli&Gr,La Reina Morena Deli&Grocery Corp,1001 39Th St,11219,312,BKCB12,AC,False,True,1200,40.64454,-73.99275,False
670278,Ramirez Seafood,Ramirez Seafood Rt Inc,258 Grant Ave,11208,305,BKCB5,ACDK,False,True,2000,40.68457,-73.86751,False
670273,Greene-Ville Garden,Greene Hill Garden Corp,375 Myrtle Ave,11205,302,BKCB2,AC,False,True,3000,40.69317,-73.97118,False
670253,Campos Deli Grocery Ii,Campos Deli Grocery Ii Corp,7020 20Th Ave,11204,311,BKCB11,AC,False,True,1200,40.61325,-73.98926,False
670244,Cvs Pharmacy #4958,Cvs Albany Llc,27 N 6Th St,11249,301,BKCB1,A,False,False,7500,40.72004,-73.96278,False
670238,Knickerbocker Deli Grcy,Jobah Yasser Saleh,362 Knickerbocker Ave,11237,304,BKCB4,AC,False,True,1200,40.70061,-73.92151,False
670223,Syj Trading,Syj Trading Inc,6914 Bay Pkwy,11204,311,BKCB11,AC,False,True,1000,40.61125,-73.98411,False
670222,Best Quality Halal Meat,Best Quality Halal Meat Corp,426 Coney Island Ave,11218,314,BKCB14,AC,False,True,600,40.64744,-73.97115,False
670207,Tacos El Paisano,706 El Tenampa Deli Grocery Corp,706 4Th Ave,11232,307,BKCB7,AC,False,True,3000,40.66234,-73.99618,False
670204,Bad Wife The,Bad Wife Inc The,378 7Th Ave,11215,306,BKCB6,AC,False,True,1500,40.66542,-73.98281,False
670184,Lucky Stop & Shop,Beckford Annabelle Marie,549 New York Ave,11225,309,BKCB9,A,False,False,800,40.66133,-73.94779,False
670176,Super Market Of Ave N,Super Market Of Ave N Inc,3524 Flatlands Ave,11234,318,BKCB18,A,False,False,1500,40.61785,-73.9406,False
670171,Kang Yi Grocery,Kang Yi Inc,4002 5Th Ave,11232,307,BKCB7,A,False,False,1100,40.65062,-74.00458,False
670159,Caton Deli&Luncheonette,Caton Deli & Luncheonette Corp,1818 Caton Ave,11226,314,BKCB14,AC,False,True,600,40.6516,-73.96287,False
670146,My Deli Food Market,My Deli Food Market Inc,109 Park Ave,11205,302,BKCB2,AC,False,True,2500,40.6963,-73.97529,False
670145,Bangla Bazzar Super Mkt,Runa Mosammat Zb,63 Church Ave,11218,312,BKCB12,A,False,False,1200,40.64222,-73.98083,False
670132,Deli Food Center,Deli Food Center Corp,79 E 18Th St,11226,314,BKCB14,AC,False,True,2000,40.64923,-73.96303,False
670115,Express Deli,Express Deli Corp,283 Ralph Ave,11233,303,BKCB3,AC,False,True,2000,40.67964,-73.92211,False
670108,Fine Fare Supermarket,Mayas Food Corp,783 Saratoga Ave,11212,316,BKCB16,AC,False,True,10000,40.66136,-73.91543,False
670103,Rocks Deli Grocery,Rocks Deli Grocery Corp,1597 Rockaway Pkwy,11236,318,BKCB18,AC,False,True,1000,40.64192,-73.89846,False
670056,Bellocq,Bellocq Llc,104 West Street ###,11222,301,BKCB1,ACD,False,True,2200,40.73024,-73.95933,False
670045,Aden Food Market,Aden Food Market Corp,351 Bedford Ave,11211,301,BKCB1,AC,False,True,1000,40.71181,-73.963,False
670043,Papa Karlo Fresh Market,Papa Karlo Fresh Market Inc,1081 Brighton Beach Ave,11235,313,BKCB13,AC,False,True,2500,40.5781,-73.95724,False
670040,20 North 5Th Street Deli,20 North 5Th Street Deli Inc,20 N 5Th St,11249,301,BKCB1,AC,False,True,700,40.71944,-73.9633,False
670039,Cobble Hill Deli Conven,Cobble Hill Deli&Convenience Corp,493 Henry St,11231,306,BKCB6,AC,False,True,1000,40.68474,-73.99911,False
670031,Kings Meeker Sunoco,Bolla Operating Corp,497 Meeker Ave,11222,301,BKCB1,AC,False,True,1400,40.72038,-73.94412,False
670025,Green Village Supermarket,Village Fruit Inc,5801 4Th Ave,11220,307,BKCB7,AC,False,True,2000,40.64186,-74.01727,False
670015,7-Eleven Store #34495B,Ri Store Corporation,395 Flatbush Ave Ext ###,11201,302,BKCB2,AC,False,True,1500,40.68934,-73.9811,False
619995,Bagelit,Bagelit Inc,7501 13Th Ave,11228,310,BKCB10,ABC,True,True,1500,40.62017,-74.00755,False
619963,Progreso Latino Grocery,Progreso Latino Grocery Inc.,4503 Ft Hamilton Pkwy,11219,312,BKCB12,AC,False,True,2000,40.6402,-73.99495,False
619962,Jimmy Express Tobacco,Jimmy Express Tobacco Inc,6903 Ft Hamilton Pkwy,11228,310,BKCB10,AC,False,True,2000,40.62859,-74.01228,False
619960,Ideal Food Basket,Jd 840 East New York Food Corp,840 E New York Ave,11203,309,BKCB9,AC,False,True,16000,40.66253,-73.93493,False
619956,Rite Aid 10574,Genovese Drug Stores Inc,7118 3Rd Ave,11209,310,BKCB10,A,False,False,20000,40.63371,-74.02687,False
619954,Oh Nuts,Kleins Oh Nuts Inc,4923 13Th Ave #####,11219,312,BKCB12,AC,False,True,550,40.634416,-73.99237,True
619953,Rubins Grocery,Rubins Grocery Inc,4410 15Th Ave,11219,312,BKCB12,AC,False,True,1000,40.63495,-73.98503,False
619947,Shabuj Grocery,Shabuj Grocery Inc,423 Cortelyou Rd,11218,312,BKCB12,AC,False,True,1200,40.63834,-73.97477,False
619928,Prezioso Bros Bakery,Cavataio Salvatore&Lorenzo,5110 Avenue N,11234,318,BKCB18,ABHK,True,False,4000,40.61903,-73.92556,False
619918,Yung Market,Yung Chin Sung,2122 Nostrand Ave,11210,314,BKCB14,AC,False,True,1200,40.63364,-73.94775,False
619917,Il Fornaretto,Il Fornaretto Ii Llc,7614-16 17Th Ave,11214,311,BKCB11,ABH,True,False,3000,40.61393,-73.99929,False
619908,Moon Convenience & Deli,Moon Convenience & Deli Inc,7402 New Utrecht Ave,11204,311,BKCB11,AC,False,True,1200,40.61656,-73.99973,False
619903,La Guadalupe Fruits & Vegetables,Marte Garcia Rafael,4807 5Th Ave,11220,307,BKCB7,AC,False,True,1000,40.64598,-74.0094,False
619901,Frias Deli Grocery,Frias Deli Grocery Corp,4719 4Th Ave,11220,307,BKCB7,AC,False,True,1800,40.64769,-74.0112,False
619889,Polish Deli,Polish Deli Inc,5020 12Th Ave,11219,312,BKCB12,AC,False,True,1000,40.63536,-73.99534,False
619882,Wing Fat Company,Wing Fat Company Inc,5718 8Th Ave ####,11220,312,BKCB12,AC,False,True,1800,40.6368,-74.00818,False
619874,Edible Arrangements,Fruit Creations 2 Inc,1446 86Th St,11228,311,BKCB11,AC,False,True,2000,40.61202,-74.01052,False
619870,St Johns Fruit&Vegtbls,1426 St Johns Corp,1426 St Johns Pl,11213,308,BKCB8,AC,False,True,2000,40.6706,-73.93124,False
619851,Satmar Meat Market,Satmar Meat Market Inc,5023-25 New Utrecht Ave,11219,312,BKCB12,AC,False,True,4000,40.63507,-73.99494,False
619842,Stevens Deli & Grocery,Ramos Esteban R,3924 7Th Ave,11232,307,BKCB7,AC,False,True,1500,40.64812,-74,False
619832,Luna Grocery Store,Luna Grocery Store Corp,1082 Hegeman Ave,11208,305,BKCB5,AC,False,True,2000,40.66783,-73.87326,False
619825,International Gourmet,Dvine Taste Inc,150 7Th Ave,11215,306,BKCB6,AC,False,True,2000,40.67252,-73.97686,False
619817,Lipas Fish Market,Lfm Fish Inc,208 Division Ave,11211,301,BKCB1,AC,False,True,750,40.70729,-73.95915,False
619807,Noshers Delight,E & T 15Th Avenue Corp,4312 15Th Ave,11219,312,BKCB12,AC,False,True,2000,40.63547,-73.98449,False
619806,Fine Food,165 York Fine Food Corp,165 York St,11201,302,BKCB2,AC,False,True,3000,40.70143,-73.98437,False
619799,A And T Grocery,A And T Grocery Inc,2906-2908 Stillwell Ave,11224,313,BKCB13,AC,False,True,1500,40.57674,-73.98145,False
619798,Phils Mini Market,Kci&Johns Deli&Grocery Inc,2601 Bath Ave,11214,313,BKCB13,AC,False,True,1000,40.59292,-73.98859,False
619795,E Superette,C&S E Superette Inc,9053 Ft Hamilton Pkwy,11209,310,BKCB10,AC,False,True,1500,40.6172,-74.02727,False
619792,R&G Deli Grocery,Gomez Ramon Ines,766 Belmont Ave,11208,305,BKCB5,AC,False,True,1000,40.67269,-73.88152,False
619765,Wiesners Supermarket,Wiesners Food Center Inc,5918 18Th Ave,11204,312,BKCB12,AC,False,True,2000,40.62223,-73.98705,False
619760,Chun Trading,Chun Trading Inc,7005 18Th Ave,11204,311,BKCB11,AC,False,True,1700,40.61608,-73.99326,False
619747,Barron Grocery Store,Unlimited Opportunity Inc,9 Bay 50Th St,11214,313,BKCB13,AC,False,True,1500,40.58836,-73.98401,False
619736,1506 Rock Deli,1506 Rock Deli Corp,1506 Rockaway Pkwy,11236,318,BKCB18,AC,False,True,1500,40.64379,-73.90079,False
619723,Spanish American Grcy,Garcia Juan,4330 New Utrecht Ave,11219,312,BKCB12,AC,False,True,1200,40.64111,-73.99445,False
619713,Kings 65 Gulf,Bolla Operating Corp,605 65Th St #######,11220,310,BKCB10,AC,False,True,900,40.635163,-74.015929,True
619705,Azzan Deli Grocery,Azzan Deli Grocery Inc,4411 5Th Ave,11220,307,BKCB7,AC,False,True,1200,40.6482,-74.00708,False
619700,Peoples Choice Meat Warehouse,Better Class Foods Inc,41 Belmont Ave ####,11212,316,BKCB16,AC,False,True,30000,40.66866,-73.90891,False
619699,Meal Mart,Ave M Foods Inc,1920 Avenue M,11230,314,BKCB14,AC,False,True,2000,40.61851,-73.95546,False
619698,Bjs Wholesale Club 204,Bjs Wholesale Club Inc,8719 Avenue D ######,11236,318,BKCB18,ABC,True,True,100000,40.64529,-73.914797,True
619696,Associated,2720 Church Grocery Corp,2720 Church Ave,11226,317,BKCB17,ABC,True,True,10000,40.65071,-73.95173,False
619692,Three Sisters Deli & Groc,Blanquitas Deli & Grocery Corp,6324 14Th Ave,11219,310,BKCB10,AC,False,True,1000,40.62535,-73.99861,False
619689,Key Food 16,Pick Quick Foods Inc,4320 5Th Ave ####,11232,307,BKCB7,AC,False,True,20000,40.64856,-74.00671,False
619647,Brenmans Meat Market,Brenmans Meat Market Inc,2496 Gerritsen Ave,11229,315,BKCB15,AC,False,True,1800,40.59683,-73.92959,False
619637,Joes Busy Crnr Grmt Del,Brian Young Inc,552 Driggs Ave,11211,301,BKCB1,AC,False,True,800,40.71711,-73.95633,False
619636,Austin Mini Mart,Austin Mini Mart Inc,126 Avenue O,11204,311,BKCB11,A,False,False,1000,40.61061,-73.98041,False
619625,Lees Deli Usa,Lees Deli Usa Inc,1506 Avenue H,11230,314,BKCB14,AC,False,True,1000,40.62999,-73.96203,False
619617,M C B Deli Food,M C B Deli Food Corp,262 Lewis Ave ##,11221,303,BKCB3,AC,False,True,1500,40.68735,-73.93592,False
619604,Quisqueya Grocery,Yesenia Rodriguez & Marco Tavarez Ramire,120 Grattan St,11237,301,BKCB1,AC,False,True,1800,40.70621,-73.9282,False
619601,Mjb Service Station,Mjb Service Station Inc,321 Mcguinness Blvd###,11222,301,BKCB1,AC,False,True,600,40.73349,-73.95222,False
619599,Key Food,77 Meat Corp,367 Nostrand Ave,11216,303,BKCB3,AC,False,True,4500,40.68565,-73.95063,False
619575,396 Deli Grocery,396 Deli Grocery Inc,396 7Th Ave,11215,306,BKCB6,AC,False,True,1000,40.66493,-73.9832,False
619572,2000 Gor-Met,2000 Gor-Met Corp,17 Lincoln Rd,11225,309,BKCB9,AC,False,True,2500,40.66062,-73.96236,False
619564,Greenhouse Deshi Sprmkt,472 Mcdonald Avenue Food Corp,472 Mcdonald Ave,11218,312,BKCB12,AC,False,True,1600,40.64261,-73.97941,False
619519,Patel Grocery,Patel Grocery Corp,5303 4Th Ave,11220,307,BKCB7,ACH,False,True,1800,40.64462,-74.0144,False
619516,Ideal Food Basket,Kaj Meat Corp,631 Gates Ave ##,11221,303,BKCB3,AC,False,True,6000,40.68723,-73.94151,False
619500,Key Food 1588,Snl Meat&Produce Corp,599 Avenue Z,11223,313,BKCB13,AC,False,True,20000,40.58603,-73.97184,False
619495,Dollar Tree #3740,Dollar Tree Stores Inc,198 E 98Th St,11212,316,BKCB16,A,False,False,12000,40.66248,-73.92011,False
619494,Cvs Pharmacy #644,Cvs Albany Llc,8430 New Utrecht Ave###,11214,311,BKCB11,A,False,False,2500,40.60818,-74.00177,False
619485,Diana Food Center,Lopez Idelfonso,291 Troy Ave,11213,309,BKCB9,AC,False,True,1500,40.66857,-73.93671,False
619480,Asim Convenience Corp,Asim Convenience Corp,1404 86Th St,11228,311,BKCB11,A,False,False,1200,40.61263,-74.01151,False
619479,Key Food 1160,8772 Meat Corp,8772 18Th Ave,11214,311,BKCB11,ABC,True,True,20000,40.60363,-74.00684,False
619459,Star Deli&Bakery,Stankowski Zbigniew,176 Nassau Ave,11222,301,BKCB1,AC,False,True,1000,40.72528,-73.94618,False
619455,Key Food 1368,Empire Supermarket Inc,2066 Rockaway Pkwy ####,11236,318,BKCB18,ABC,True,True,200000,40.6326,-73.88879,False
619451,Foodtown,159-Mp Corp,159 N 3Rd St,11211,301,BKCB1,AC,False,True,9000,40.71526,-73.95963,False
619438,Key Food Supermarket 1290,Al-Lid Food Corp,2326 Nostrand Ave,11210,318,BKCB18,ABC,True,True,18000,40.62778,-73.94704,False
619437,Jerannie Deli Grocery,Jerannie Deli Grocery Corp,310 Nostrand Ave ####,11216,303,BKCB3,AC,False,True,1600,40.68931,-73.95134,False
619433,Choice Meats,C&S Meats Inc,344 Utica Ave. ###,11213,309,BKCB9,AC,False,True,1000,40.66637,-73.93135,False
619427,La Rosa De Guadalupe Gr,La Rosa De Guapaupe Deli Inc,658 E 3Rd St,11218,312,BKCB12,AC,False,True,900,40.63613,-73.97602,False
619424,Wyckoff Heights Gourmet Market Deli,Wyckoff Heights Gourmet Market Deli Corp,263 Wyckoff Ave,11237,304,BKCB4,AC,False,True,1500,40.70113,-73.91396,False
619400,Church Fruit Farm,Church Fruit Farm Inc,1824 Church Ave,11226,314,BKCB14,AC,False,True,2000,40.64973,-73.96237,False
619386,Ostrovitsky Bakery,J & Sons Bakery Corp,1124 Ave J,11230,314,BKCB14,ABCH,True,True,4400,40.62486,-73.96431,False
619379,Royal Deli,Nidals Grocery Store Inc,1501 8Th Ave,11215,307,BKCB7,AC,False,True,1000,40.66207,-73.98229,False
619359,Mendelsohns,Kofro Foods Inc,4418-4420 18Th Ave,11204,312,BKCB12,AC,False,True,4000,40.63048,-73.97769,False
619358,Gala Apple Intl,Gala Apple International Inc,4112 18Th Ave,11218,314,BKCB14,AC,False,True,20000,40.63182,-73.97485,False
619352,Marien Grocery,Marien Grocery Corp,99 Jamaica Ave,11207,305,BKCB5,AC,False,True,1200,40.67871,-73.89626,False
619346,New Deli Food,New Deli Food Inc,2168 Bath Ave,11214,311,BKCB11,AC,False,True,1500,40.59871,-73.99759,False
619342,Muzi Deli Grocery,Muzi Deli Grocery Inc,6202 11Th Ave,11219,310,BKCB10,AC,False,True,750,40.63029,-74.00421,False
619330,Progoti Grocery Store,Progoti Grocery Stores Inc,477 Mcdonald Ave,11218,312,BKCB12,A,False,False,900,40.64247,-73.97938,False
619307,Green Acres Farms,Green Acres Farms Inc,1160 Utica Ave,11203,317,BKCB17,AC,False,True,8000,40.64404,-73.92975,False
619305,Brooklyn Heights Deli,Three Angels Grocery Inc,292 Henry St,11201,302,BKCB2,AC,False,True,800,40.69132,-73.99595,False
619294,Pressers Kosher Bakery,Prestige Baking Corp,1720 Avenue M,11230,314,BKCB14,ABCHK,True,True,2500,40.6183,-73.95745,False
619288,Dans Select Meats,A&M Meat Corp,205 Church Ave,11218,312,BKCB12,AC,False,True,2000,40.64337,-73.97809,False
619276,Best Meats,Best Meats Inc,777 Flatbush Ave. ###,11226,314,BKCB14,AC,False,True,1500,40.65382,-73.9595,False
619275,Bp Deli & Grocery,Mcguinness&Kent Srvce Station Inc,256 Mcguinness Blvd,11222,301,BKCB1,AC,False,True,1000,40.73098,-73.95145,False
619274,Keyfood,J&R Wyckoff Corp,72 Wyckoff Ave,11237,304,BKCB4,ABCK,True,True,12000,40.7049,-73.92018,False
619272,Peas&Pickles Farm,Peas&Pickles Farm Corp,45-55 Washington St,11201,302,BKCB2,AC,False,True,5700,40.70293,-73.98963,False
619246,H&H Grocery&Halal Meat,H&H Grocery&Halal Meat Inc,1010 E 14Th St,11230,314,BKCB14,AC,False,True,800,40.62477,-73.96226,False
619238,Ohs Mini Market,Aljalal Omar S,227A Nassau Ave,11222,301,BKCB1,AC,False,True,1200,40.72573,-73.94327,False
619231,Karen Deli Grocery,Karen Deli Grocery Corp,6116 5Th Ave,11220,307,BKCB7,AC,False,True,2000,40.63856,-74.01712,False
619224,Carlos Grocery,Carlos Grocery Inc,1983 52Nd St,11204,312,BKCB12,AC,False,True,1500,40.62398,-73.97836,False
619209,Key Food 1154,Seven Seas Gerritsen Llc,2245 Gerritsen Ave ######,11229,315,BKCB15,ABC,True,True,10000,40.601241,-73.934047,True
619208,Marcy Grocery,Marcy Grocery Corp,287 Marcy Ave,11211,301,BKCB1,A,False,False,1500,40.7045,-73.95529,False
619188,Brooklyn Sub,751 Bergen Dely Inc,751 Bergen St,11238,308,BKCB8,AC,False,True,900,40.67845,-73.9636,False
619171,Fatima Grocery,Ortiz Fatima,5914 Snyder Ave,11203,317,BKCB17,AC,False,True,4000,40.65069,-73.92103,False
619148,Wy Food,Wy Food Corp,270 5Th Ave,11215,306,BKCB6,AC,False,True,1500,40.67451,-73.98186,False
619145,Dumont Deli & Grocery,Dumont Deli&Grocery Inc,690 Linwood St,11208,305,BKCB5,AC,False,True,800,40.66839,-73.88118,False
619140,Extra Fancy Farm,Fmdds Inc,224 Brighton Beach Ave,11235,313,BKCB13,AC,False,True,1500,40.57657,-73.96634,False
619122,Slope Foods,Slope Foods Inc,61 5Th Ave,11217,306,BKCB6,AC,False,True,1200,40.68094,-73.97739,False
619120,Sunshine Convenience,Sunshine Convenience Inc,2476 86Th St,11214,311,BKCB11,AC,False,True,1500,40.59811,-73.98751,False
619099,Cohn Meat Market,Cohn Live Poultry Inc,467 Flushing Ave,11205,301,BKCB1,AC,False,True,2400,40.69909,-73.95616,False
619083,Meat Place The,Nostrand Meat Corp,1889-95 Nostrand Ave,11226,317,BKCB17,AC,False,True,10000,40.6394,-73.94834,False
619082,Produce Market 2000,Produce Market 2000 I & A Llc,2518 Avenue U,11229,315,BKCB15,AC,False,True,2800,40.59996,-73.94607,False
619063,Ideal Food Basket,Tranquilo Food Corp,1410 St Johns Place,11213,308,BKCB8,ABC,True,True,10000,40.67061,-73.93155,False
619061,Ideal Food Basket,Vecerro Food Corp,4806 Church Ave,11203,317,BKCB17,AC,False,True,16000,40.65165,-73.93214,False
619054,Key Fruit & Vegetable And Grocery,S&H Court Street Inc,291 Court St,11231,306,BKCB6,AC,False,True,1600,40.68415,-73.99504,False
619052,Quality Meats,J&L Quality Meats Inc,9511 Church Ave,11212,317,BKCB17,AC,False,True,1100,40.65536,-73.91601,False
619049,Victoria Deli,Tulcingo Deli Grocery Corp,115 Wycoff Ave,11237,304,BKCB4,AC,False,True,2000,40.70446,-73.91948,False
619045,Net Cost Market,Net Cost 18Th Avenue Llc,8671 18Th Ave#####,11214,311,BKCB11,ABC,True,True,14000,40.605599,-74.003765,True
619041,Stillwell Avenue Servce,Stillwell Avenue Service Inc,2620 86Th St,11223,311,BKCB11,AC,False,True,3000,40.59625,-73.98495,False
619012,Chefs Choice Cash&Carry,Chefs Choice Cash&Carry Fd Dt Inc,1051 Utica Ave,11203,317,BKCB17,AC,False,True,23500,40.64721,-73.92989,False
619001,532 Fourth Ave Grcy Dli,532 Fourth Ave Grocery Deli Corp,532 4Th Ave,11215,306,BKCB6,AC,False,True,1000,40.6672,-73.9914,False
618983,All Natural Food,All Natural Food Corp,111 Ditmas Ave,11218,312,BKCB12,ACD,False,True,1400,40.6356,-73.97751,False
618981,Bravo Supermarket,East 93Rd St Food Corp,80 E 93Rd St,11212,317,BKCB17,AC,False,True,5000,40.6628,-73.92819,False
618951,R&R Meats,R&R Meat Market Inc,1624 Cortelyou Rd,11226,314,BKCB14,AC,False,True,1400,40.64188,-73.96294,False
618945,Infante Grocery,Espinal Carlos,342 Jefferson St,11237,304,BKCB4,AC,False,True,1500,40.70511,-73.92549,False
618939,Los Compadres Grocery,Gonzalez Blas,401 61St St #####,11220,307,BKCB7,AC,False,True,1500,40.640177,-74.018624,True
618937,Walgreens #11806,Walgreen Eastern Co Inc,114 Beverly Rd,11218,312,BKCB12,A,False,False,12000,40.64287,-73.97866,False
618921,Net Cost Market,Royal Seafood Market Inc,2339 65Th St #######,11204,311,BKCB11,AC,False,True,8000,40.612103,-73.977962,True
618851,Lee Gardens Supermarket,Lee Gardens Supermarket Inc,529 Flushing Ave,11205,301,BKCB1,AC,False,True,4000,40.69934,-73.95398,False
618843,Avenue T Gas,Avenue T Gas Inc,2317 Coney Island Ave,11223,315,BKCB15,AC,False,True,1000,40.60034,-73.96135,False
618837,B&A Pork Store,B&A Pork Store Inc,7818 13Th Ave. ###,11228,310,BKCB10,AC,False,True,1000,40.61819,-74.00962,False
618810,Food Village Supermarkt,B&S Grocery Corp,1805 Avenue M,11230,314,BKCB14,A,False,False,1800,40.61836,-73.9569,False
618797,Rrr Deli Grocery,Rrr Deli Grocery Corp,60 E 55Th Street,11203,317,BKCB17,AC,False,True,1400,40.6567,-73.92607,False
618756,Ideal Food Basket,Gallina Meat Corp,2036 Bedford Ave ##,11226,317,BKCB17,AC,False,True,6000,40.65476,-73.95626,False
618751,Heart To Heart Gifts,Heart Two Heart Collectibles Inc,9004 3Rd Ave,11209,310,BKCB10,AC,False,True,1100,40.62052,-74.03225,False
618747,Cherry Valley Market,El Verde Meat & Produce,925 Crescent St,11208,305,BKCB5,AC,False,True,10500,40.66481,-73.86738,False
618740,Flatbush Grocery Store,Urena Luis T,1262 Flatbush Ave,11226,314,BKCB14,AC,False,True,1200,40.63947,-73.95462,False
618729,Fortune Prize Grocery,Fortune Prize Grocery Corp,4903 8Th Ave,11220,312,BKCB12,AC,False,True,2500,40.64157,-74.00322,False
618725,Brooklyn #1 Meat Market,Utica Finest Meats Inc,845 Utica Ave,11203,317,BKCB17,AC,False,True,1500,40.65248,-73.93048,False
618717,La Flor De Santa Ines,La Flor De Santa Ines Inc,731 Church Ave,11218,312,BKCB12,ABC,True,True,2000,40.64582,-73.97216,False
618704,Ozzie'S Freshmarket,639 Grand St Mt&Produce Corp,639 Grand St,11211,301,BKCB1,AC,False,True,6000,40.71139,-73.94652,False
618699,Shabbos Fish Market,Shabbos Nunay Yamoh Corp,417 Kingston Ave,11225,309,BKCB9,ACHK,False,True,1500,40.66465,-73.94265,False
618698,Erics Health Food Shppe,Piker Foods Corp,508 Brighton Beach Ave,11235,313,BKCB13,AC,False,True,1200,40.57749,-73.96204,False
618680,Greene Valley Market,Greene Valley Market Corp,216 Greene Ave,11238,302,BKCB2,AC,False,True,1600,40.68706,-73.9627,False
618674,Moon Mini Market,Moon Mini Market Llc,701 Church Ave,11218,312,BKCB12,AC,False,True,1500,40.64552,-73.9729,False
618654,Greene Food,Greene Food Corp I,397 Classon Ave ####,11238,302,BKCB2,AC,False,True,1400,40.68729,-73.95969,False
618648,Kh Grocery,Kim Ki Hwang,672 6Th Ave,11215,307,BKCB7,AC,False,True,1000,40.66049,-73.99073,False
618631,Stillwell Convenience,Stillwell Convenience Inc,1801 Stillwell Ave,11223,311,BKCB11,AC,False,True,1500,40.6025,-73.98634,False
618623,Choc Oh Lot Plus,Chocolate Marketplace Llc,7911 5Th Ave,11209,310,BKCB10,AC,False,True,1200,40.62615,-74.02401,False
618618,Latin Brothers Food The,Latin Brothers Food Corp The,1141 Fulton St,11238,303,BKCB3,AC,False,True,2500,40.68122,-73.95612,False
618601,Ideal Food Basket,La Rana Meat Corp,1871 Rockaway Pkwy,11236,318,BKCB18,ABC,True,True,32000,40.63689,-73.89237,False
618599,Foster Convience,Rodriguez Marino A,1703 Foster Ave,11230,314,BKCB14,AC,False,True,1500,40.63507,-73.96102,False
618582,Albany Bakery,Albany Bakery Corp,337 Albany Ave,11213,309,BKCB9,AC,False,True,1500,40.66854,-73.9395,False
618566,Sun Fish Market,Sun Fish Market Corp,1513 Fulton St,11216,303,BKCB3,AC,False,True,1500,40.67992,-73.94085,False
618563,Natural Frontier Market,Lama Trading Ii Inc,1102 Cortelyou Rd,11218,314,BKCB14,A,False,False,0,40.63969,-73.96784,False
618555,Satmar Meats Of Fltbsh,Satmar Meats Div Of Flatbush Inc,1211 Avenue J,11230,314,BKCB14,AC,False,True,1200,40.62492,-73.96374,False
618540,Shoreway Convenience,Shoreway Convenience Inc,3043 Emmons Ave,11235,315,BKCB15,AC,False,True,2000,40.58401,-73.93729,False
618524,Edible Arrangements,Fruit Creations 3 Inc,5114 Avenue N ###,11234,318,BKCB18,AC,False,True,1100,40.61904,-73.92537,False
618516,Walgreens #11141,Walgreen Eastern Co Inc,1366 Broadway,11221,303,BKCB3,A,False,False,5775,40.68928,-73.92196,False
618491,Discos Azteca,Discos Azteca Inc,3094 Coney Island Ave,11235,313,BKCB13,AC,False,True,400,40.58064,-73.95984,False
618476,Net Cost Market,2257 East 16 Corp,2257 E 16Th St #######,11229,315,BKCB15,AC,False,True,6000,40.595494,-73.954349,True
618468,Collado Deli Grocery,Collado Jose De Jesus,743 Liberty Ave,11208,305,BKCB5,AC,False,True,1500,40.67651,-73.88222,False
618462,Yafa Newsstand&Deli,Yafa Newsstand&Deli Inc,4423 4Th Ave,11220,307,BKCB7,AC,False,True,900,40.64931,-74.00953,False
618441,Castillo Seafood,Castillo Seafood Inc,2904 Atlantic Ave,11207,305,BKCB5,AC,False,True,900,40.67727,-73.88698,False
618437,White Mountain Grocery,White Mountain Farm Inc,8406 20Th Ave,11214,311,BKCB11,AC,False,True,2000,40.60563,-73.99717,False
618435,Kings Coney Bp,Bolla Operating Corp,2624 Coney Island Ave #######,11223,315,BKCB15,AC,False,True,0,40.592632,-73.961207,True
618431,Suchana Superdiscount S,Suchana Super Market Inc,476 Mcdonald Ave,11218,312,BKCB12,AC,False,True,1000,40.64248,-73.97939,False
618425,1152 H&F Candy Store,1152 H&F Candy Store Inc,1152 Coney Island Ave ##,11230,314,BKCB14,AC,False,True,600,40.62975,-73.96611,False
618400,Fruit&Vegetables,Tyulpan Inc,8323 20Th Ave,11214,311,BKCB11,ACK,False,True,1500,40.60585,-73.99693,False
618361,Food And Deli By Neil,Food And Deli By Neil Inc,31 Marcus Garvey Blvd,11206,303,BKCB3,AC,False,True,1500,40.69869,-73.94118,False
618360,Bravo Supermarket,As Fulton Food Corp,1299 Fulton St,11216,303,BKCB3,AC,False,True,5000,40.68037,-73.94926,False
618355,Corner Lunchbox,Chaims Grocery Inc,343 Roebling St,11211,301,BKCB1,AC,False,True,200,40.70733,-73.9612,False
618329,New Grocery&Deli,Infante Susana,175 Grand St,11211,301,BKCB1,AC,False,True,1500,40.71443,-73.96114,False
618321,Depanneur,Willy B'S Tackle Llc,242 Wythe Ave  Studio 1,11249,301,BKCB1,AC,False,True,1000,40.71743,-73.96269,False
618319,Sweet-Nes Enterprise,Sweet-Nes Enterprise Inc,5414 New Utrecht Ave,11219,312,BKCB12,AC,False,True,11000,40.63205,-73.99535,False
618313,Yellow Market,Yellow Market Corp,5812 Glenwood Rd,11234,318,BKCB18,AC,False,True,3500,40.63363,-73.92013,False
618311,Meisner Food,Meru Foods Food Inc,5410 New Utrecht Ave,11219,312,BKCB12,AC,False,True,1500,40.63216,-73.99534,False
618308,J&C Market,J&C Market Inc,6928 Third Ave,11209,310,BKCB10,AC,False,True,1500,40.63507,-74.02631,False
618306,K-N Deli&Market,K-N Deli&Market Inc,5924 20Th Ave,11204,312,BKCB12,AC,False,True,1500,40.61949,-73.98277,False
618294,Danny Grocery,Baez Ameris D,416 Prospect Pl,11238,308,BKCB8,AC,False,True,900,40.67639,-73.96273,False
618282,Kings Caton&Coney Mobil,Bolla Operating Corp,378 Coney Island Ave,11218,314,BKCB14,A,False,False,600,40.64853,-73.97147,False
618272,Associated,Peralta-Bueno Corp,2578-80 Pitkin Ave,11208,305,BKCB5,AC,False,True,6000,40.67469,-73.87693,False
618268,Key Food,Almonte Mill Food Corp,6620 Avenue U,11234,318,BKCB18,AC,False,True,10000,40.61714,-73.90982,False
618231,Associated Supermarket,Preparate Corp,1888 Fulton St,11233,303,BKCB3,ACK,False,True,10000,40.67899,-73.92378,False
618216,Raskin Fish Market,Raskin Fish Market Inc,320 Kingston Ave,11213,309,BKCB9,ACHDK,False,True,2500,40.66804,-73.94232,False
618214,Park Health Foods,Park Natural & Organic Produce Inc,350 Court St,11231,306,BKCB6,AC,False,True,6000,40.68223,-73.99595,False
618210,Nuccios Bakery,Nuccios Bakery & Pastry Shop Inc,261 Avenue U,11223,311,BKCB11,ABH,True,False,3000,40.59685,-73.97448,False
618208,Weingarten Bros Fish Mk,Weingarten Gabor,175 Lee Ave ###,11211,301,BKCB1,AC,False,True,1000,40.70266,-73.95654,False
618203,Fares Grocery&Deli,Fares Grocery&Deli Corp,624 St Johns Pl,11238,308,BKCB8,AC,False,True,700,40.67243,-73.95747,False
618201,Jm Grocery Store,Jenesis Grocery Corp,26 Patchen Ave,11221,303,BKCB3,AC,False,True,2000,40.69166,-73.92782,False
618194,Fu Chun Supermarket,Fu Chun Supermarket Inc,5114 8Th Ave  ###,11220,312,BKCB12,AC,False,True,1400,40.64025,-74.0046,False
618166,Grace Food Town,Hong Young Suk,2326 Bath Ave,11214,311,BKCB11,AC,False,True,1000,40.59653,-73.99441,False
618151,Walgreens #10941,Walgreen Eastern Co Inc,3000 Church Ave,11226,317,BKCB17,A,False,False,9976,40.65082,-73.94923,False
618134,Tonys Meats Retail,Tonys Meats Retail Inc,1054 Nostrand Ave,11225,309,BKCB9,AC,False,True,1000,40.66253,-73.9508,False
618129,Family Dollar #7005,Family Dollar Stores Of New York Llc,548 Lefferts Ave,11225,309,BKCB9,A,False,False,2500,40.66281,-73.9432,False
618127,Family Dollar #6960,Family Dollar Stores Of New York Llc,455 Dumont Ave,11212,316,BKCB16,A,False,False,7867,40.6652,-73.90213,False
618126,Mazzolas Bakery,Mazzola Bakery Inc,192-194 Union St,11231,306,BKCB6,ABHK,True,False,5000,40.68343,-73.99958,False
618101,Cvs 02441,Cvs Albany Llc,2151 86Th St###,11214,311,BKCB11,A,False,False,10000,40.60243,-73.99467,False
618087,International Deli,International Deli Corp,4017 14Th Ave,11218,312,BKCB12,AC,False,True,4500,40.63835,-73.98508,False
618083,Mountain Fruit Of Ave M,Mountain Fruit Of Ave M Inc,1523 Avenue M,11230,314,BKCB14,AC,False,True,10500,40.6181,-73.95923,False
618080,Family Dollar #6604,Family Dollar Stores Of New York Llc,308 Franklin Ave,11238,303,BKCB3,A,False,False,5000,40.68861,-73.95715,False
618073,Family Dollar #6602,Family Dollar Stores Of New York Llc,2010 Atlantic Ave,11233,316,BKCB16,A,False,False,7500,40.67658,-73.92079,False
618072,Family Dollar #6481,Family Dollar Stores Of New York Llc,830 Rockaway Ave,11212,316,BKCB16,A,False,False,6500,40.65927,-73.90807,False
618070,Target Store T-1401,Target Corporation,519 Gateway Dr,11239,305,BKCB5,AC,False,True,123000,40.65257,-73.86975,False
618066,Family Dollar #6368,Family Dollar Stores Of New York Llc,887 E New York Ave,11203,309,BKCB9,A,False,False,1500,40.66276,-73.93272,False
618059,Ambrosia Health Foods,Ambrosia Health 7 Ways To Nature Health,3306 Church Ave,11203,317,BKCB17,AC,False,True,1800,40.65095,-73.94634,False
618052,Family Dollar #6185,Family Dollar Stores Of New York Llc,903 Knickerbocker Ave,11207,304,BKCB4,A,False,False,4000,40.69073,-73.90416,False
618051,Brooklyn Minimart,Brooklyn Minimart Inc,1011 Foster Ave,11230,314,BKCB14,A,False,False,1000,40.6321,-73.96714,False
618047,Family Dollar #6184,Family Dollar Stores Of New York Llc,384 Mother Gaston Blvd,11212,316,BKCB16,A,False,False,6500,40.66962,-73.90687,False
618042,Family Dollar #5791,Family Dollar Stores Of New York Llc,895 Dekalb Ave,11221,303,BKCB3,A,False,False,5000,40.69257,-73.94083,False
618039,Family Dollar #5751,Family Dollar Stores Of New York Llc,1317 Broadway,11221,304,BKCB4,A,False,False,5000,40.69034,-73.92352,False
618006,Family Dollar #7069,Family Dollar Stores Of New York Llc,1165A Broadway,11221,304,BKCB4,A,False,False,6000,40.69285,-73.92794,False
617996,Smith + 9Th St Dli Grcy,Smith & 9Th St Deli Grocery Inc,3-5 9Th St,11231,306,BKCB6,AC,False,True,1200,40.67462,-73.99758,False
617985,Rosner 2 Grocery,Dashen Inc,17 Avenue F,11218,312,BKCB12,A,False,False,1000,40.63312,-73.97788,False
617976,2604 Family Deli Grcy,2604 Family Deli Grocery Corp,2604 Church Ave,11226,317,BKCB17,AC,False,True,2500,40.65066,-73.95277,False
617965,Lucky 5,Verrazano Seafood Corp,7620 5Th Ave,11209,310,BKCB10,AC,False,True,1200,40.62824,-74.02316,False
617932,Grandmas Bakery,Grandmas Baked Goods Inc,7208 13Th Ave,11228,310,BKCB10,AB,True,False,2000,40.6218,-74.00585,False
617920,Rosner Grocery,Kol Tov Grocery Inc,4423 14Th Ave,11219,312,BKCB12,A,False,False,1200,40.63603,-73.9875,False
617916,Daris Grocery,Nunez Maria,3417 Fulton St. ###,11208,305,BKCB5,AC,False,True,1500,40.68437,-73.8696,False
617905,Kims Family Farm,Dae Kil Family Farm Corp,8027 Flatlands Ave,11236,318,BKCB18,AC,False,True,1800,40.63593,-73.91262,False
617894,Cherry Hill Gourmet,Cherry Hill Gourmet Management Llc,1901 Emmons Ave,11235,315,BKCB15,AC,False,True,12000,40.58413,-73.94917,False
617891,Dny Natural Land,Dny Natural Land Inc,322 Flatbush Ave,11238,306,BKCB6,AC,False,True,4500,40.6771,-73.9724,False
617881,Mazel Food Cener,Mazel Food Cener Inc,4322 12Th Ave,11219,312,BKCB12,A,False,False,1200,40.63929,-73.99125,False
617877,46Th Street Food Ctr,46Th Street Food Center Inc,1048 46Th St,11219,312,BKCB12,AC,False,True,1200,40.6399,-73.99571,False
617874,Peace&Love Deli&Grcy,Peace And Love Deli And Grcy Corp,5602 3Rd Ave,11220,307,BKCB7,AC,False,True,1500,40.64433,-74.01834,False
617867,T & Y Convenience Store,T & Y Convenience Store Inc,7812 13Th Ave,11228,310,BKCB10,AC,False,True,900,40.61832,-74.00948,False
617866,Fine Fare,602 Produce & Meat Corp,602 Livonia Ave,11207,305,BKCB5,AC,False,True,5800,40.66462,-73.89489,False
617863,Royal Seafood 2,Sd International Products Fi Inc,8419 20Th Ave,11214,311,BKCB11,AC,False,True,1000,40.60534,-73.99747,False
617847,Kings Gourmet Food,Kings Gourmet Food Corp,1508 Kings Hwy,11229,315,BKCB15,AC,False,True,1300,40.60886,-73.95804,False
617837,Sea Town Fish&Meat Mkt,Sea Town Brooklyn Llc,328 Linden St,11237,304,BKCB4,AC,False,True,6000,40.69905,-73.91386,False
617812,C Town 41484,Immortal Rise Inc,4705 5Th Ave,11220,307,BKCB7,AC,False,True,5000,40.64662,-74.00874,False
617770,Express Deli Grocery,Arshak Corp,262 Neptune Ave,11235,313,BKCB13,AC,False,True,700,40.58129,-73.96298,False
617766,Radfan,Radfan Inc,6317 20Th Ave ####,11204,311,BKCB11,AC,False,True,1500,40.6173,-73.98506,False
617757,Clementes Pork&Salumera,Clementes Fine Foods Ltd,138 Avenue T,11223,311,BKCB11,AC,False,True,3000,40.59851,-73.98014,False
617754,Meal Mart,60Th St Fleisch Gesheft Inc,1973 60Th St,11204,312,BKCB12,AC,False,True,1200,40.61946,-73.98302,False
617752,Quisqueya Deli & Grcry,Gonzalez Ricardo,181 St Nicholas Ave,11237,304,BKCB4,AC,False,True,800,40.70405,-73.91578,False
617749,Americas Food Basket,Kari Meat Corp,2220 Atlantic Ave ##,11233,316,BKCB16,AC,False,True,6000,40.67617,-73.91211,False
617731,C Town,La Cana Food Corp,346 Central Ave,11221,304,BKCB4,AC,False,True,6500,40.69495,-73.91965,False
617723,Pasta Fresca,Pasta Fresca And Ravioli Corp,6406 11Th Ave ###,11219,310,BKCB10,ABCH,True,True,5000,40.62909,-74.00545,False
617722,Pioneer,Bc Food&Produce Corp,191-199 Parkside Ave,11226,309,BKCB9,AC,False,True,4000,40.65521,-73.96106,False
617705,Kings One Stop Mobil,Bolla Operating Corp,2228 Gerritsen Ave #######,11229,315,BKCB15,AC,False,True,1200,40.600949,-73.934778,True
617700,Key Food,Red Apple Tree Inc,169 Atlantic Ave,11201,306,BKCB6,AC,False,True,7500,40.69016,-73.9941,False
617697,Mozeb Deli,Mozeb Deli Inc,871 Franklin Ave,11225,309,BKCB9,AC,False,True,1000,40.66906,-73.95854,False
617692,Walgreens #10678,Walgreen Eastern Co Inc,379 Myrtle Ave,11205,302,BKCB2,A,False,False,5000,40.69317,-73.9713,False
617679,Goldbergs Grocery,G&G Foods&Dairy Inc,5025 18Th Ave,11204,312,BKCB12,AC,False,True,4500,40.6273,-73.98201,False
617670,Family Dollar Str #6208,Family Dollar Stores Of New York Llc,1090 Fulton St,11238,303,BKCB3,A,False,False,5000,40.68144,-73.95717,False
617646,Ideal Food Basket,Vaca Meat Corp,830 Lafayette Ave,11221,303,BKCB3,AC,False,True,8000,40.69122,-73.93953,False
617635,99 Cent Rush,Dollar Flow Inc,260 Prospect Park W,11215,307,BKCB7,A,False,False,3000,40.65867,-73.98187,False
617611,Smiley Mini Market,Smiley Mini Market Inc,8811 Flatlands Ave,11236,318,BKCB18,AC,False,True,2500,40.63948,-73.90715,False
617589,Gristedes 544,Namdor Inc,101 Clark St,11201,302,BKCB2,AC,False,True,8000,40.69725,-73.9922,False
617558,A&E Convenience,A&E Convenience Corp,3090 Avenue U,11229,315,BKCB15,AC,False,True,1000,40.6014,-73.93557,False
617548,Steves C Town 041010,Alexas Food Corp,329 9Th St,11215,306,BKCB6,AC,False,True,13000,40.66875,-73.9854,False
617547,New Adam Deli Grocery,New Adam Deli Grocery Inc,1750 Nostrand Ave,11226,317,BKCB17,AC,False,True,1200,40.64309,-73.94873,False
617545,P&K Produce,P&K Produce Corp,449 Kings Hwy,11223,311,BKCB11,AC,False,True,1500,40.60432,-73.97349,False
617528,One Stop Deli,Ahmed Abdul Gabbar,647 4Th Ave,11232,307,BKCB7,AC,False,True,1000,40.66347,-73.9948,False
617523,Tuniservice,Tuniservice Corp,306 18Th Street,11215,307,BKCB7,AC,False,True,900,40.66177,-73.98963,False
617519,Bp,Grand Petroleum Llc,1049 Grand St #######,11211,301,BKCB1,AC,False,True,0,40.71403,-73.93368,True
617478,Samias Medit Cuisine,Captain Grocery Inc,7922 3Rd Ave,11209,310,BKCB10,ABC,True,True,800,40.62799,-74.02922,False
617473,New Millennium Grocery,Ortiz Johnny O,510 Ocean Ave,11226,314,BKCB14,AC,False,True,1800,40.65031,-73.96106,False
617469,Stingray Of Brooklyn,Stingray Of Brooklyn Fish Mkt Cor,375 E 98Th St ####,11212,316,BKCB16,AC,False,True,1000,40.65905,-73.91629,False
617468,86 B'Klyn Grocery,86 B'Klyn Grocery Inc,2377 86Th St###,11214,311,BKCB11,A,False,False,1500,40.59939,-73.98966,False
617467,Ocean Treasures,Ocean Treasures Llc,4021 18Th Ave #####,11218,314,BKCB14,ACH,False,True,4000,40.632154,-73.973655,True
617455,Brooklyn'S Natural Food,Spring Natural Food Inc,49 Bogart St,11206,301,BKCB1,AC,False,True,2600,40.70533,-73.9333,False
617448,Bagel Hole Park Slope,Bagel Hole Inc,400 7Th Ave,11215,306,BKCB6,ABCH,True,True,1500,40.66476,-73.98335,False
617435,New York Bread,New York Bread Inc,2201 Neptune Ave,11224,313,BKCB13,ABCH,True,True,5000,40.5784,-73.99018,False
617427,Tonys Country Life Food,Antonette Inc,1316 Fulton St,11216,303,BKCB3,AC,False,True,1600,40.68031,-73.94811,False
617425,Gourmet Grocery,Candy Shop 93 Inc,9305 3Rd Ave,11209,310,BKCB10,A,False,False,1000,40.61861,-74.03305,False
617416,Foodtown #603,1966 K Food Llc,1958 Ralph Ave #########,11234,318,BKCB18,AC,False,True,10000,40.630036,-73.919049,True
617384,Big Apple Fruit&Vgtbl,Lee Chong Suk,649 5Th Ave,11215,307,BKCB7,AC,False,True,1400,40.66268,-73.99201,False
617379,Gourmet Boutique Of Ny,Gourmet Boutique Of Ny Llc,3688 Nostrand Ave,11229,315,BKCB15,AC,False,True,6400,40.59407,-73.94065,False
617356,Oasis Food Mart,Oasis Food Mart Corp,616 4Th Ave,11215,307,BKCB7,AC,False,True,1500,40.66479,-73.99359,False
617342,Bob&Bettys Supermarket,805 Franklin Ave Food Corp,805 Franklin Ave ####,11238,308,BKCB8,AC,False,True,3500,40.67135,-73.95771,False
617334,Prospect Park Deli,Prospect Park Food Corp,155 Prospect Park Sw,11218,355,,AC,False,True,1000,40.65478,-73.9733,False
617322,Tauber Fish Market,Tauber Yechiel,149 Lee Ave,11211,301,BKCB1,AC,False,True,800,40.70338,-73.95732,False
617316,Gobwa Exotic Imports,Gobwa Exotic Imports Inc,1127 Nostrand Ave,11225,309,BKCB9,AC,False,True,2000,40.66024,-73.95057,False
617289,Bagel Boy,Ocean Avenue Bagel Boy Llc,2601 E 16Th St,11235,315,BKCB15,ABCH,True,True,3000,40.58791,-73.95341,False
617288,Meal Mart,Greenfelds Llc,128 Lee Ave,11211,301,BKCB1,AC,False,True,900,40.70394,-73.95795,False
617286,Chestnut,Mega Mart Llc,700 Myrtle Ave  #######,11205,303,BKCB3,AC,False,True,10000,40.694295,-73.955395,True
617280,7 Ave Gourmet,7 Ave Gourmet Inc,75 7Th Ave,11217,306,BKCB6,AC,False,True,3000,40.675,-73.9751,False
617278,Avenue H Deli,Avenue H Deli Inc,4924 Avenue H,11234,318,BKCB18,AC,False,True,1500,40.63284,-73.92859,False
617274,Ckm Deli Grocery,Ckm Deli Grocery Corp,510 Hinsdale St,11207,305,BKCB5,AC,False,True,600,40.66234,-73.89824,False
617270,Grocery Guatemala,Grocery Guatemalteca Corp,6904 New Utrecht Ave,11228,311,BKCB11,AC,False,True,1200,40.62038,-73.99863,False
617252,Caribbean Fruit&Veg,Great Vegetable Farm Inc,1823 Church Ave,11226,314,BKCB14,AC,False,True,2400,40.64972,-73.96239,False
617251,Melo Baez Food,Melo Baez Food Corp,413 Lefferts Ave,11225,309,BKCB9,AC,False,True,1000,40.66254,-73.94754,False
617231,Cholula Ii Deli & Groc,Cholula Ii Deli & Grocery Inc,633 Myrtle Ave,11205,303,BKCB3,AC,False,True,1500,40.69442,-73.95849,False
617208,Brothers Deli #2,Omar Yasser A,669 E 98Th St,11236,317,BKCB17,AC,False,True,1000,40.65345,-73.91008,False
617196,7-Eleven Store 33680A,Bal Navdeep S,953 Kings Hwy ####,11223,315,BKCB15,AC,False,True,0,40.60723,-73.9622,False
617192,Chang Fa Food Market,Chang Fa Food Market Inc,1418 Avenue U,11229,315,BKCB15,AC,False,True,6000,40.59879,-73.95672,False
617191,Walgreens #12541,Walgreen Eastern Co Inc,1847 Rockaway Pkwy,11236,318,BKCB18,A,False,False,4000,40.63729,-73.89283,False
617169,Mian Convenience & Deli,Tabusam Naila,754 Coney Island Ave,11218,312,BKCB12,AC,False,True,1500,40.63917,-73.96877,False
617164,Hoque 99,Hoque Corp,3812 13Th Ave,11218,312,BKCB12,A,False,False,2000,40.64097,-73.98593,False
617142,Super 13,Its Cheese Inc,5214 13Th Ave,11219,312,BKCB12,AC,False,True,2500,40.63305,-73.99418,False
617124,Key Food 1072,Matlyn Foods Inc,102 Montague St,11201,302,BKCB2,AC,False,True,10000,40.69508,-73.99536,False
617116,Roccos Bakery&Deli,117 Brighton Beach Bkey&Deli Inc,117 Brighton Beach Av,11235,313,BKCB13,ABCH,True,True,1000,40.57634,-73.96757,False
617107,Meats Supreme,181 Avenue U Meats Inc,181 Avenue U,11223,311,BKCB11,AC,False,True,2000,40.59654,-73.97729,False
617102,La Finca Frts & Vegs,La Finca Fruits And Vegetables Corp,39 Debevoise St,11206,301,BKCB1,AC,False,True,1000,40.7017,-73.94144,False
617099,L&E Supermarket & Deli,L&E Supermarket & Deli Inc,4418 4Th Ave,11220,307,BKCB7,AC,False,True,1800,40.64947,-74.00954,False
617096,Kings 84 Mobil,Bolla Operating Corp,8401 Flatlands Ave #####,11236,318,BKCB18,AC,False,True,2000,40.637866,-73.910331,True
617059,1080 Family Mini Market,1080 Family Minimarket Corp,1080 Nostrand Ave,11225,309,BKCB9,AC,False,True,1200,40.66168,-73.95072,False
617053,Shan Market,Rhn Corp,2616-2620 Cropsey Ave,11214,313,BKCB13,AC,False,True,2000,40.58997,-73.99127,False
617044,All Fresh Supermarket,All Fresh Supermarket Inc,46 Harrison Ave,11211,301,BKCB1,AC,False,True,1200,40.70566,-73.95328,False
617034,Rossman Farms,Rossman Fruit&Vegt Dist Inc,770 3Rd Ave,11232,307,BKCB7,AC,False,True,15000,40.66137,-74.00054,False
617024,Cristoford Fish Market,Cristoford Fish Market Inc,7002 18Th Ave,11204,311,BKCB11,AC,False,True,3900,40.61617,-73.99317,False
617007,Variety Center&Grocery,Henry Clifford,183 Malcolm X Blvd,11221,303,BKCB3,A,False,False,1700,40.68687,-73.92984,False
616997,Duane Reade 14464,Duane Reade Etal Ptrs,436 86Th St,11209,310,BKCB10,A,False,False,8000,40.6222,-74.0274,False
616990,Melaney Food Center,Melaney Food Center Corp,410 Rogers Ave,11225,309,BKCB9,AC,False,True,1000,40.66271,-73.95376,False
616973,Yidels Usa,Shopping Cart Usa Llc The,4921 12Th Ave,11219,312,BKCB12,AC,False,True,7200,40.63595,-73.99478,False
616972,A&Z International,A&Z International Inc,506 Foster Ave,11230,314,BKCB14,AC,False,True,1800,40.62947,-73.97264,False
616965,Dollar Tree #4091,Dollar Tree Stores Inc,680 Meeker Ave,11222,301,BKCB1,A,False,False,12000,40.72286,-73.93961,False
616927,Nosh & Bagel Ii,Nosh & Bagel Ii Inc,5721 16Th Ave,11204,312,BKCB12,AC,False,True,900,40.62607,-73.99064,False
616902,902 Nostrand Avenue,902 Nostrand Avenue Corp,902 Nostrand Ave,11225,309,BKCB9,AC,False,True,0,40.6673,-73.95073,False
616886,Walgreens #10064,Walgreen Eastern Co Inc,3082 Avenue U,11229,315,BKCB15,A,False,False,11000,40.60126,-73.9358,False
616879,Mando Food Mini Mart,Mando Food Corp,7212 5Th Ave,11209,310,BKCB10,AC,False,True,2000,40.63139,-74.02185,False
616877,Champion Deli & Grocery,Champion Deli & Grocery Corp,121 Atlantic Ave,11201,306,BKCB6,AC,False,True,1500,40.69071,-73.99608,False
616872,3442 Fulton St Food&Gry,3442 Fulton St Food Corp,3442 Fulton St,11208,305,BKCB5,AC,False,True,2000,40.68468,-73.86854,False
616868,Eastern District,Kriti Corp,1053 Manhattan Ave,11222,301,BKCB1,AC,False,True,2000,40.73477,-73.95502,False
616867,Narala Bakery,Narala Bakery Inc,744 Coney Island Ave,11218,312,BKCB12,ABCH,True,True,2000,40.63942,-73.96885,False
616862,Hadera,Hadera Inc,529 Kings Hwy,11223,315,BKCB15,ABC,True,True,4000,40.60448,-73.96973,False
616858,Duane Reade 14128,Duane Reade Et Al Ptrs,386 Fulton St,11201,302,BKCB2,A,False,False,10000,40.69135,-73.98711,False
616853,Farmers Deli,Mozeb Omer Ali&Abdo Ali,723 Grand St,11211,301,BKCB1,AC,False,True,1500,40.71161,-73.94409,False
616852,Duane Reade 14184,Duane Reade Inc,724 Flatbush Ave,11226,309,BKCB9,A,False,False,2500,40.65544,-73.95982,False
616819,C Town-La Bella Mktplc,Fpl Foods Inc,7907 13Th Ave,11228,310,BKCB10,ABC,True,True,12000,40.61785,-74.00997,False
616805,Scaturro Supermarket,Charles Scaturro&Sons Inc,6301 11Th Ave####,11219,310,BKCB10,AC,False,True,10000,40.62949,-74.00481,False
616799,My Favorite Bagel,Bhs&D Corp,3053 Nostrand Ave,11229,315,BKCB15,ACH,False,True,450,40.60992,-73.94366,False
616785,Bravo Supermarket,331 Eusebio Food Corp,331 Myrtle Ave,11205,302,BKCB2,AC,False,True,10000,40.69327,-73.9735,False
616784,Angela Ii Fish Market,Angela Ii Fish Market Inc,9501 Church Ave,11212,317,BKCB17,AC,False,True,1700,40.65521,-73.91623,False
616768,Prime Cut/Master Butcher,J&A Glatt Meats Inc,431 Avenue U,11223,315,BKCB15,AC,False,True,2500,40.59754,-73.96813,False
616766,First Stop Grocery,First Stop Grocery I Inc,3185 Fulton St  ###,11208,305,BKCB5,AC,False,True,2000,40.68217,-73.87735,False
616765,My Neighborhood Grocery,Perez Jose Leonardo,385 Chestnut St,11208,305,BKCB5,AC,False,True,1500,40.67756,-73.87399,False
616761,Flaum Appetizing,Hatzlucha Appetizing Corp,40 Lee Ave,11211,301,BKCB1,ABC,True,True,1200,40.70635,-73.96065,False
616744,Duane Reade 14444,Duane Reade Et Al Ptrs,2265 Ralph Ave,11234,318,BKCB18,A,False,False,2000,40.62249,-73.91723,False
616724,Ans Deli&Grocery Newsst,Ans Grocery Inc,2668 Coney Island Ave,11223,315,BKCB15,A,False,False,700,40.59172,-73.96069,False
616719,Kings Convience,Kings Convience Corp,1426 Kings Hwy,11229,315,BKCB15,AC,False,True,1900,40.60867,-73.95846,False
616710,Welcome Pharmacy,Vava Pharmacy Inc,1403 Foster Ave,11230,314,BKCB14,A,False,False,800,40.63378,-73.96369,False
616705,C Town Supermarket,953 Manhattan Food Corp,953 Manhattan Ave,11222,301,BKCB1,AC,False,True,12000,40.73189,-73.95455,False
616704,Washington Cherry Inc,Washington Cherry Inc,3024 Mermaid Avenue,11224,313,BKCB13,AC,False,True,4000,40.57527,-73.99716,False
616685,Associated,Agoldstein Food Inc,480 Avenue P,11223,312,BKCB12,AC,False,True,4000,40.60918,-73.96973,False
616683,Taste N Toast,Salad Bar Inc The,5516 New Utrecht Ave,11219,312,BKCB12,AC,False,True,1000,40.63106,-73.9956,False
616681,Bay Ridge Ave Del&Grcy,Bay Ridge Avenue Deli&Grcy Corp,117 Bay Ridge Ave,11220,310,BKCB10,AC,False,True,1600,40.63744,-74.03154,False
616678,W&S Dairy Grocery,W&S Dairy Grocery Inc,281 Avenue O ####,11230,311,BKCB11,AC,False,True,1000,40.61132,-73.97376,False
616669,Brooklyn #2 Meat Market,Ave D Finest Meat Corp,4212 Avenue D,11203,317,BKCB17,AC,False,True,6000,40.6417,-73.93661,False
616666,Bjs Wholesale Club 138,Bjs Wholesale Club Inc,339 Gateway Dr ######,11239,305,BKCB5,ABC,True,True,127000,40.650948,-73.87399,True
616665,Kings Highway Mobil,Bolla Operating Corp,2773 Nostrand Ave,11210,318,BKCB18,AC,False,True,1000,40.61661,-73.94482,False
616652,Rahim Grocery & Halal,Rahim Grocery & Halal Meat Corp,1076 Coney Island Ave,11230,314,BKCB14,AC,False,True,1000,40.63142,-73.96652,False
616640,Bravo Supermarket,Jb 366 Food Corp,366 New Lots Ave,11207,305,BKCB5,AC,False,True,5000,40.66162,-73.8936,False
616629,One Stop Market,One Stop Farm Corp,630 Caton Ave,11218,312,BKCB12,AC,False,True,4000,40.64761,-73.97369,False
616612,Lucky Star Market,Lucky Star Market Inc,5316 8Th Ave,11220,312,BKCB12,A,False,False,3000,40.63908,-74.00581,False
616603,Malko Karkanni Bros,Malko Karkanni Bros Inc,174 Atlantic Ave,11201,306,BKCB6,ABCD,True,True,1800,40.69004,-73.99367,False
616601,Jubilat Provisions,Jubilat Provisions Inc,608 5Th Ave,11215,307,BKCB7,AC,False,True,1000,40.66375,-73.99089,False
616599,G&R Grocery Store,963 Janico Grocery Inc,963 Pennsylvania Ave,11207,305,BKCB5,AC,False,True,2000,40.65464,-73.88736,False
616591,Union Market,Mpm Enterprises Seventh Inc,402-404 7Th Ave ####,11215,306,BKCB6,AC,False,True,4000,40.66471,-73.98339,False
616589,Key Food,Dhy Sonamoo Llc,9530 Church Ave,11212,317,BKCB17,AC,False,True,25000,40.65562,-73.91559,False
616570,Western Beef,Western Beef Retail Inc,994 Myrtle Ave,11206,303,BKCB3,AC,False,True,3000,40.69626,-73.94146,False
616554,Perelandra,Perelandra Natural Food Ctr Inc,175 Remsen St,11201,302,BKCB2,AC,False,True,4500,40.69327,-73.99152,False
616553,Two Way Supermarket,Melo Ortiz Juan Augusto,645 Decatur St,11233,303,BKCB3,AC,False,True,1800,40.6833,-73.91743,False
616550,Fjp Meat Market,Fjp Meat Market Inc,2823 Mermaid Ave,11224,313,BKCB13,AC,False,True,2100,40.57551,-73.9951,False
616529,Walgreens #01918,Walgreens Eastern Co Inc,755 Broadway,11206,304,BKCB4,A,False,False,5000,40.70057,-73.94165,False
616513,711 Flushing Avenue Fd,711 Flushing Avenue Food Inc,711 Flushing Ave,11206,301,BKCB1,AC,False,True,700,40.70047,-73.94406,False
616506,Sams Deli,288 Sams Deli Inc,288 Avenue U,11223,311,BKCB11,AC,False,True,1500,40.59696,-73.97343,False
616499,Mini Market Plus,Mini Market Plus Inc,10 Harrison Ave,11211,301,BKCB1,AC,False,True,1500,40.70676,-73.95454,False
616495,Brauns Fish Store,Braun Jacob,310 Marcy Ave,11211,301,BKCB1,AC,False,True,1000,40.70406,-73.95479,False
616466,Key Food 1370,Amis Food Llc,651 Nostrand Ave. ###,11216,308,BKCB8,AC,False,True,40000,40.6748,-73.95003,False
616458,Key Food 180,486 Henry Street Supermarket Inc,486 Henry St,11231,306,BKCB6,AC,False,True,5000,40.68453,-73.99921,False
616443,Carib Food Market,Carib Food Market Inc,1303 Fulton St,11216,303,BKCB3,AC,False,True,4200,40.68037,-73.94911,False
616442,N And A Superette,N And A Superette Inc,1595 Canarsie Rd,11236,318,BKCB18,AC,False,True,1500,40.63347,-73.89488,False
616422,Steve Mexican Grocery,Steve Mexican Grocery Inc.,423 Stanhope Street,11237,304,BKCB4,AC,False,True,1000,40.70554,-73.9156,False
616419,On The Corner,23Rd St General Market&Deli Corp,713 4Th Ave ##,11232,307,BKCB7,AC,False,True,1000,40.66165,-73.9967,False
616398,Salahi Deli & Grocery,Salahi Hassan,1224 Cortelyou Rd,11218,314,BKCB14,AC,False,True,1000,40.64033,-73.96638,False
616389,Blessing Food,Blessing Food Corp,578 Rockaway Ave,11212,316,BKCB16,AC,False,True,2200,40.66589,-73.90975,False
616380,Superior Markets,Hauter Anter A,2428 Mermaid Ave,11224,313,BKCB13,AC,False,True,1000,40.57584,-73.99205,False
616354,Pomegranate,Kosher Garden Inc The,1507 Coney Island Ave,11230,314,BKCB14,AC,False,True,18000,40.6207,-73.96439,False
616352,Food Dynasty,Almonte Heights Food Corp,1525 86Th St,11228,311,BKCB11,ABC,True,True,10000,40.61114,-74.00844,False
616351,Meat Kingdom,Fortis Kevin,4326 New Utrecht Ave,11219,312,BKCB12,AC,False,True,900,40.64111,-73.99445,False
616349,Target Store T-1849,Target Corporation,139 Flatbush Ave,11217,302,BKCB2,AC,False,True,15000,40.6842,-73.97755,False
616319,Vegano Deli&Grocery,Navarro Jose L,945 4Th Ave,11232,307,BKCB7,AC,False,True,750,40.65409,-74.00455,False
616317,La Bodega Deli&Grocery,Gomez Tomas,978 Mcdonald Ave,11230,314,BKCB14,AC,False,True,1000,40.62997,-73.97701,False
616314,Sams Natural Plus,Sam Neighborhood Grcry Store Inc,974 Fulton St,11238,302,BKCB2,AC,False,True,1500,40.68243,-73.96193,False
616283,Sonomax Gas & Deli,Sonomax Inc,278 Greenpoint Ave,11222,301,BKCB1,AC,False,True,1500,40.73071,-73.94823,False
616276,Rv Deli Grocery,Rv Meat Market Ii Inc,902 Rutland Rd,11203,317,BKCB17,AC,False,True,1500,40.66068,-73.92952,False
616268,Nolberto Grocery,Salce Nolberto,1032 Sutter Ave,11208,305,BKCB5,AC,False,True,1000,40.67148,-73.88086,False
616261,Borbas Pharmacy,Borbas Pharmacy Inc,2046 Bath Ave,11214,311,BKCB11,A,False,False,1000,40.60059,-74.0003,False
616244,Food Bazaar,Bogopa St Johns Inc,1682 St Johns Pl ###,11233,316,BKCB16,AC,False,True,18000,40.67008,-73.92155,False
616221,Stop&Buy Grocery,Stop & Buy Grocery Ny Llc,247 Ralph Ave,11233,303,BKCB3,AC,False,True,800,40.68104,-73.92237,False
616204,Mega 53,Shomer Shabes Supermarket Inc,5316 13Th Ave,11219,312,BKCB12,AC,False,True,2800,40.63244,-73.99481,False
616196,Last Stop Fresh Mt&Frt,Osorio Alicia,6223 5Th Ave,11220,307,BKCB7,AC,False,True,1500,40.63787,-74.01783,False
616195,Model T Meats,Model T Meats Corp,404 Graham Ave,11211,301,BKCB1,AC,False,True,1500,40.71687,-73.94477,False
616184,7-Eleven Fd Str 32122A,Kim Yeon S,6501 New Utrecht Ave ###,11219,311,BKCB11,AC,False,True,1500,40.62324,-73.99782,False
616180,Arons Fruit Emporium,Arons Fruit Emporium Inc,5208 13Th Ave,11219,312,BKCB12,AC,False,True,2500,40.63317,-73.99405,False
616179,Master Sweets,Sweet Temptations Master Inc,2306 Mcdonald Ave,11223,315,BKCB15,ABK,True,False,2000,40.59605,-73.97339,False
616151,Bush Deli,Bush Deli Corp,507 Clinton St,11231,306,BKCB6,AC,False,True,1200,40.67859,-73.99997,False
616150,Finefare Supermarket,Fr-Es Produce Inc,381 Mother Gaston Blvd,11212,316,BKCB16,AC,False,True,20000,40.66963,-73.90688,False
616147,West Indian Grocery,Mt Vernon Fruits Market Inc,265 Kingston Ave,11213,308,BKCB8,AC,False,True,0,40.67064,-73.94206,False
616139,Meal Ticket Foods,Meal Ticket Foods Inc,7402 15Th Ave,11228,311,BKCB11,AC,False,True,1000,40.61816,-74.00246,False
616111,Food Universe,Rutland Meat & Produce Corp,1036 Rutland Rd,11212,317,BKCB17,AC,False,True,5000,40.66338,-73.92529,False
616104,Fish Tales Seafood Mkt,Quarterdeck Corp,191A Court St,11201,306,BKCB6,AC,False,True,760,40.68761,-73.99339,False
616103,Abes Fruits,Abes Fruits Inc,4315 15Th Ave,11219,312,BKCB12,AC,False,True,1000,40.63538,-73.98458,False
616096,Rio Deli Grocery,909 Fulton Grocery&Deli Corp,909 Fulton St ####,11238,302,BKCB2,AC,False,True,1000,40.68345,-73.96677,False
616092,Orchard The,Superior Fruits Llc,1367 Coney Island Ave ##,11230,314,BKCB14,AC,False,True,2000,40.6242,-73.96505,False
616074,18Th Ave Smoke Shop Dis,18Th Ave Smoke Shop Discount Ltd,8120 18Th Ave,11214,311,BKCB11,AC,False,True,1500,40.60957,-73.99986,False
616069,W&Fam Deli Grocery,W&Fam Deli Grocery Inc,1585 Flatbush Ave,11210,314,BKCB14,AC,False,True,1100,40.6322,-73.94701,False
616067,5401 Gourmet Deli Groc,5401 Gourmet Deli Grocery Corp,5401 Church Ave,11203,317,BKCB17,AC,False,True,1800,40.6524,-73.9264,False
616058,El Buen Gusto Grcry Str,El Buen Gusto Grocery Corp,5423 4Th Ave,11220,307,BKCB7,AC,False,True,2200,40.64372,-74.01534,False
616056,Luna Sophie Grocery,Luna Sophie Grocery Corp,9401 Glenwood Rd,11236,318,BKCB18,AC,False,True,1000,40.64367,-73.90458,False
616055,B&B Mini Market,B&B Mini Market Inc,311 Neptune Ave,11235,313,BKCB13,AC,False,True,1200,40.58094,-73.96467,False
616051,Blak Service Station,Blak Service Station Inc,1022 Rockaway Ave,11236,316,BKCB16,AC,False,True,350,40.65427,-73.9068,False
616049,Fort Greene Food Market,Hoyt Convenience Inc,186 Dekalb Ave,11205,302,BKCB2,AC,False,True,3500,40.6896,-73.97227,False
616042,Bridge Fresh,Bridge Fresh Inc,68 Jay St. #1,11201,302,BKCB2,AC,False,True,4500,40.70268,-73.98668,False
616021,Golden Key,Golden Key 2 Corp,1067 Brighton Beach Ave,11235,313,BKCB13,AC,False,True,5000,40.57821,-73.95764,False
616020,Shlomi Glatt,Shlomi Glatt Kosher Meat Inc,2382 Coney Island Ave,11223,315,BKCB15,AC,False,True,1000,40.59894,-73.96124,False
616004,Rjm Mini Market,Rjm Mini Market Corp,1422 Flatbush Ave,11210,314,BKCB14,AC,False,True,2000,40.63602,-73.95105,False
616001,Green Wood Minimarket,Green Wood Minimarket Inc,574 7Th Ave,11215,307,BKCB7,AC,False,True,800,40.65916,-73.98852,False
615991,Ideal Food Basket,Garrido Food Corp,1086 Brooklyn Ave,11203,317,BKCB17,ABCD,True,True,10000,40.64741,-73.9434,False
615957,Los Brother Grocery,Los Brother Grocery Corp,608 New York Ave,11203,309,BKCB9,AC,False,True,1800,40.65968,-73.94762,False
615956,Guadalupita Ii Del&Grcy,Guadalupita Ii Deli&Grocery Corp,39-01 5Th Ave,11232,307,BKCB7,AC,False,True,1500,40.65736,-74.01398,False
615955,Kabirs Bakery,Kabirs Bakery Inc,19 5Th St,11231,306,BKCB6,ABCK,True,True,20000,40.67709,-73.99567,False
615952,Noel Deli & Grocery,Hoque Enamul,1890 W 6Th St,11223,311,BKCB11,A,False,False,1000,40.6013,-73.97841,False
615940,Satmar Meats&Poultry,Cong Yetev Lev Dstmr Mt&Pltry Inc,5301 New Utrecht Ave,11219,312,BKCB12,AC,False,True,1500,40.63304,-73.99521,False
615939,Faicco Pork Store,Faicco Pork Store Inc,6511 11Th Ave,11219,310,BKCB10,AC,False,True,2500,40.62833,-74.00625,False
615921,Costco Wholesale 318,Costco Wholesale Corp,976 3Rd Ave,11232,307,BKCB7,ABCK,True,True,143000,40.6555,-74.00864,False
615920,Food Bazaar,Bogopa Junius Inc,417 Junius St #####,11212,316,BKCB16,AC,False,True,47000,40.66473,-73.901345,True
615917,Kosher Supermarket,Myrtle Plaza Grocery Inc,659 Myrtle Ave,11205,303,BKCB3,AC,False,True,2400,40.69443,-73.95736,False
615880,Valerie Grocery,Valerie Grocery Corp,237 Irving Ave,11237,304,BKCB4,AC,False,True,1200,40.70062,-73.91719,False
615876,Rite Aid 4712,Rite Aid Of New York Inc,9302 3Rd Ave,11209,310,BKCB10,A,False,False,3000,40.61844,-74.03311,False
615873,Key Food 15,Pick Quick Foods Inc,7000 New Utrecht Ave ###,11228,311,BKCB11,ABC,True,True,20000,40.61975,-73.99909,False
615871,L & B Food Distributors,L & B Food Distributors Inc,122 Avenue O,11204,311,BKCB11,AC,False,True,1250,40.6106,-73.98052,False
615869,Empire Kosher Supermrkt,Kollel Food Inc,529 Empire Blvd,11225,309,BKCB9,AC,False,True,3000,40.66416,-73.94442,False
615856,Adels Interntl Suprmkt,Shams Adel A,377 Hancock St,11216,303,BKCB3,AC,False,True,1400,40.68354,-73.94122,False
615855,Keystone Management,Keystone Management Inc,89 Lafayette Ave,11217,302,BKCB2,AC,False,True,1200,40.68719,-73.97477,False
615851,Foodtown Of Crown Heights,Franklin Avenue Meat Corp,905-13 Franklin Ave,11225,309,BKCB9,AC,False,True,9000,40.66768,-73.95905,False
615841,Satmar Meat,Satmar Meat Of Cong Yetev Lev Inc,82 Lee Ave,11211,301,BKCB1,ACK,False,True,2000,40.70519,-73.95936,False
615829,Bagel Boy,Bayridge Bagels Inc,8002 3Rd Ave,11209,310,BKCB10,ABH,True,False,2000,40.62772,-74.02933,False
615827,G Line Deli Grocery,G Line Deli Grocery Inc,292 Nostrand Ave,11216,303,BKCB3,AC,False,True,1000,40.68974,-73.95144,False
615808,B0Rough Pk Supermarket,Borough Park Supermarket Inc,1891 50Th St,11204,312,BKCB12,A,False,False,2000,40.6264,-73.97938,False
615779,Duane Reade 14277,Duane Reade Etal Ptrs,1517 Cortelyou Rd,11226,314,BKCB14,A,False,False,2200,40.64156,-73.96363,False
615770,Mehadrin Supermarket,Grunfeld Bernard,5118-5124 12Th Ave,11219,312,BKCB12,AC,False,True,1500,40.6349,-73.99579,False
615762,Schwartz Bros Fish Mkt,Schwartz Bros Fish Market Inc,122 Franklin Ave,11205,303,BKCB3,AC,False,True,1000,40.69526,-73.95817,False
615735,Walgreens #11807,Walgreen Eastern Co Inc,5001 Church Ave,11203,317,BKCB17,A,False,False,4000,40.65175,-73.93012,False
615720,Fine Fare,Mermaid Meat Corp,2901 Mermaid Ave,11224,313,BKCB13,AC,False,True,20000,40.57578,-73.99598,False
615711,El Real Food Market,El Real Food Market Corp,306 Irving Ave,11237,304,BKCB4,AC,False,True,3000,40.69893,-73.91424,False
615706,Chino Corner Deli&Grcy,Chino Fermin,2923 Ft Hamilton Pkwy,11218,307,BKCB7,AC,False,True,900,40.64854,-73.97819,False
615688,Kings Highway Glatt Mts,Kings Highway Glatt Meats Inc,497 Kings Hwy,11223,315,BKCB15,ABC,True,True,1000,40.6043,-73.97119,False
615681,Royal Supermarket,Sarsor Zaid,1419 8Th Ave,11215,306,BKCB6,A,False,False,1500,40.66231,-73.98208,False
615652,Susy Grocery,Susy Grocery Corp,769 Liberty Ave,11208,305,BKCB5,AC,False,True,1200,40.67665,-73.88128,False
615646,Cvs Pharmacy #1791,Cvs Albany Llc,156 Henry St####,11201,302,BKCB2,A,False,False,6000,40.69596,-73.99374,False
615640,Park Slope Food Coop,Park Slope Food Coop Inc,782 Union St,11215,306,BKCB6,AC,False,True,12000,40.67493,-73.97667,False
615633,New Brothers Grocer,New Brothers Grocery Inc The,6125 5Th Ave,11220,307,BKCB7,AC,False,True,1800,40.63843,-74.01726,False
615625,Yijung Market,Yijung Market Llc,2919 Beverly Rd,11226,317,BKCB17,AC,False,True,1800,40.6451,-73.94939,False
615611,Country Butcher,Country Butcher Corp,93-12 Avenue L,11236,317,BKCB17,AC,False,True,3000,40.64731,-73.91974,False
615610,Y&Y Farm,Y&Y Farm Corp,1572 Bath Ave,11228,311,BKCB11,AC,False,True,2000,40.60677,-74.01097,False
615595,Tonys Health Food,Dvj Inc,2923 Glenwood Rd,11210,314,BKCB14,AC,False,True,1200,40.63399,-73.94796,False
615589,Foodtown #589,382 Mcdonald Llc,382 Mcdonald Ave,11218,312,BKCB12,ABC,True,True,12000,40.64456,-73.97998,False
615567,Marinellos,Alyamani Grocery Inc,114 Wyckoff Ave,11237,304,BKCB4,AC,False,True,7000,40.70378,-73.91839,False
615555,Bravo Supermarket,Rania Food Corp,7924 Flatlands Ave,11236,318,BKCB18,AC,False,True,10000,40.63538,-73.9135,False
615551,Carniceria Laespanola 2,2184 Havemeyer Corp,181A Havemeyer St,11211,301,BKCB1,AC,False,True,2000,40.71069,-73.9581,False
615538,Prepack Snack,Prepack Snack Inc,954 Mcdonald Ave,11230,314,BKCB14,AC,False,True,600,40.63049,-73.9771,False
615524,Kosher Food Depot,Kosher Food Depot Inc,1279 42Nd St,11219,312,BKCB12,AC,False,True,4000,40.63912,-73.98831,False
615515,Affairs Supplier,Affairs Supplier Inc,159 Lee Ave,11211,301,BKCB1,ABCH,True,True,2500,40.70317,-73.95709,False
615502,Abdo Stop One Deli,Abdo Stop One Deli Inc,5824 5Th Ave,11220,307,BKCB7,AC,False,True,2000,40.64015,-74.01545,False
615496,Pastosa Ravioli,Aa Pastosa Llc,7425 New Utrecht Ave,11204,311,BKCB11,ACHK,False,True,6000,40.61591,-73.99991,False
615495,Los Primos Grocery,Monegro Hector E,105 Central Ave,11206,304,BKCB4,AC,False,True,1800,40.70037,-73.9292,False
615493,Sagal Meat Market Vii,Sagal Meat Market Vii Inc,1307 Fulton St,11216,303,BKCB3,AC,False,True,1600,40.68036,-73.94898,False
615471,Gitto&Sons Health Food,Gitto&Sons Health Food Inc,38-40 Brooklyn Terminal Mkt,11236,318,BKCB18,ACD,False,True,6500,40.64149,-73.91737,False
615468,Fruit King & Deli Grocery,Fruit King & Deli Grocery Corp,761 Mcdonald Ave,11218,312,BKCB12,AC,False,True,3000,40.63542,-73.97806,False
615462,Amoco,6743 Gas Mart Corp,6743 4Th Ave,11220,310,BKCB10,AC,False,True,1000,40.63579,-74.02304,False
615455,Illes Kosher Poultry,Illes Kosher Poultry Corp,5502 16Th Ave,11204,312,BKCB12,AC,False,True,1000,40.6276,-73.98907,False
615412,Brooklyn Fare,Bc Food Corp,200 Schermerhorn St,11201,302,BKCB2,AC,False,True,8000,40.68879,-73.98557,False
615410,Chalouh Intl Food,Chalouh International Food Inc,509 Kings Hwy,11223,315,BKCB15,AC,False,True,1200,40.60437,-73.97062,False
615388,Kosher Corner Supermkt,Kosher Corner Supermarket Inc,2055 Mcdonald Ave,11223,311,BKCB11,AC,False,True,3000,40.60235,-73.97251,False
615350,Stella Disicilia Bakery,A&L Montenegro Corp,217 Montrose Ave,11206,301,BKCB1,ABCH,True,True,3400,40.7076,-73.94031,False
615328,Moretti Bakery,S&G Bakery Corp,4524 Avenue N,11234,318,BKCB18,ABCH,True,True,1500,40.6187,-73.9309,False
615295,Quentin Deli,Quentin Deli Inc,84 Quentin Rd,11223,311,BKCB11,AC,False,True,0,40.60543,-73.98354,False
615287,Marlow & Daughters,Grass Fed Inc,95 Broadway,11249,301,BKCB1,AC,False,True,1200,40.71042,-73.96509,False
615283,Weingartens Fish Market,Weingarten Fish Market Inc,179 Ross St,11211,301,BKCB1,AC,False,True,800,40.70602,-73.9599,False
615258,Clari Grocery,Clari Grocery Inc,332 Troy Ave,11213,309,BKCB9,AC,False,True,1800,40.66754,-73.93681,False
615249,Rockaway Fruits Market,Ortiz Arelis,694 Rockaway Ave,11212,316,BKCB16,A,False,False,1500,40.66299,-73.90903,False
615238,Kd Food Market,Kim Dok Koo,8502 21St Ave,11214,311,BKCB11,AC,False,True,1200,40.60378,-73.9955,False
615236,Cvs Pharmacy 02344,Cvs Albany Llc,1249 Nostrand Ave##,11225,309,BKCB9,A,False,False,2500,40.65654,-73.95019,False
615231,Smith Finest Deli & Grill,Smith Finest Deli & Grill Corp,285 Smith St,11231,306,BKCB6,AC,False,True,1500,40.68218,-73.99356,False
615228,Ideal Food Basket,Chivo Meat Corp,720 Washington Ave,11238,308,BKCB8,AC,False,True,7000,40.67617,-73.96345,False
615219,J&T Market,J&T Market Inc,5804 8Th Ave,11220,312,BKCB12,A,False,False,1600,40.6365,-74.00849,False
615217,Forces Of Nature,Forces Of Nature Of Ny Inc,1608 Sheepshead Bay Rd,11235,315,BKCB15,A,False,False,2000,40.58714,-73.95299,False
615198,J&F Mini Market,Fernandez Marilyn,2980 Fulton St ########,11208,305,BKCB5,AC,False,True,1000,40.679687,-73.884749,True
615196,King Of Latvia Delicatessen,King Of Latvia Delicatessen Inc,1301 Avenue U,11229,315,BKCB15,A,False,False,1000,40.59864,-73.95812,False
615193,Cvs Pharmacy 02436,Cvs Albany Llc,1346 Pennsylvania Ave####,11239,305,BKCB5,A,False,False,20000,40.64719,-73.88296,False
615190,Cvs Pharmacy 02498,Cvs Albany Llc,341 9Th St###,11215,306,BKCB6,A,False,False,8000,40.66857,-73.98503,False
615185,Cvs Pharmacy 02574,Cvs Albany Llc,6702 Ft Hamilton Pky####,11219,310,BKCB10,A,False,False,25000,40.62954,-74.01088,False
615184,Korns Bakery,Joseph Korn Bake Shop Inc,5004 16Th Ave,11204,312,BKCB12,ABCH,True,True,4500,40.63034,-73.98622,False
615181,Cvs Pharmacy 02700,Cvs Albany Llc,1402 Sheepshead Bay Rd###,11235,315,BKCB15,A,False,False,13000,40.58756,-73.95486,False
615179,Cvs Pharmacy 02699,Cvs Albany Llc,411 Ditmas Ave###,11218,312,BKCB12,A,False,False,8500,40.63593,-73.97443,False
615174,Benson Mini Market,Benson Mini Market Inc,1653 Benson Ave,11214,311,BKCB11,AC,False,True,1000,40.60731,-74.00734,False
615172,Carlos Food Center Ii,Rosario Carlos M,78 Manhattan Ave,11206,301,BKCB1,AC,False,True,1200,40.70491,-73.94453,False
615168,Charo West Indian And American Grocery,Charo West Indian And American Grocery I,396 Crescent St,11208,305,BKCB5,ACK,False,True,1000,40.6791,-73.87091,False
615165,Cvs Pharmacy 02672,Cvs Albany Llc,150 Court St###,11201,306,BKCB6,A,False,False,12000,40.68874,-73.99284,False
615164,6122 4Th Ave Food,6122 4Th Ave Food Corp,6122 4Th Ave,11220,307,BKCB7,AC,False,True,1500,40.63983,-74.01957,False
615151,Cvs Pharmacy 02769,Cvs Albany Llc,4901 Kings Hwy###,11234,318,BKCB18,A,False,False,9000,40.63409,-73.92901,False
615141,Cvs Pharmacy 02906,Cvs Albany Llc,10204 Flatlands Ave###,11236,318,BKCB18,A,False,False,6000,40.64629,-73.89659,False
615140,Kings Neptune Mobil,Bolla Operating Corp,1702 Neptune Ave #######,11224,313,BKCB13,AC,False,True,3200,40.578596,-73.985964,True
615129,20Th Ave Mini Market,Hidais Mohamed Ali,6722 20Th Ave,11204,311,BKCB11,AAC,False,True,1000,40.61489,-73.98756,False
615114,Wing-Lee Bakery,Wing-Lee Bakery Inc,5904 Ft Hamilton Pkwy,11219,312,BKCB12,ABCH,True,True,0,40.63345,-74.00501,False
615087,Brighton Express,Mnl Development Llc,3070 Brighton 4Th St,11235,313,BKCB13,AC,False,True,2500,40.57756,-73.96342,False
615077,Aden Gourmet Deli,Aden Gourmet Deli Corp,244 Roebling St,11211,301,BKCB1,AC,False,True,1600,40.71126,-73.95963,False
615064,Shop Smart Supermarket,M&D Grocery Inc,2640 Nostrand Ave,11210,318,BKCB18,AC,False,True,8000,40.62025,-73.94563,False
615063,Vucciria Food & Gourmet,Orchard King Corp,2271-2277 86Th St,11214,311,BKCB11,ABC,True,True,3000,40.60082,-73.99204,False
615055,Schwartz Appetizing,Yom Tov Inc,4824 16Th Ave,11204,312,BKCB12,ACH,False,True,2000,40.63112,-73.98541,False
615053,Seatide Gourmet,Seatide Gourmet Inc,5914 Avenue N,11234,318,BKCB18,AC,False,True,5000,40.61952,-73.91768,False
615048,Paperific,Rainbow Paper Sales Inc,1465 38Th St,11218,312,BKCB12,AC,False,True,15000,40.63882,-73.98181,False
615032,Punjab Grocery,New Punjab Grocery Corp,1071 Coney Island Ave,11230,314,BKCB14,AC,False,True,1500,40.63139,-73.96652,False
615012,Queen Ann Ravioli,Queen Ann Macaroni Mfg Co Inc,7205 18Th Ave,11204,311,BKCB11,ACHK,False,True,6000,40.61495,-73.99439,False
615008,Candyman,Fbm Sales Corp,4702 13Th Ave,11219,312,BKCB12,AC,False,True,750,40.63606,-73.99104,False
614995,Steinbergs Bakery,Gebeks Usa Inc,299 Heyward St #####,11206,301,BKCB1,ABCK,True,True,1800,40.705434,-73.950672,True
614994,Johns Deli,Jgl Fine Foods Inc,1269 Prospect Ave,11218,307,BKCB7,AC,False,True,1800,40.65221,-73.97597,False
614986,Hao Zhi,Hao Zhi Inc,2345 86Th St,11214,311,BKCB11,AC,False,True,2000,40.59992,-73.99052,False
614970,Johan Food,Johan Food Corp,179 Graham Ave,11206,301,BKCB1,AC,False,True,900,40.70818,-73.94334,False
614950,Dolehs Supermarket,Doleh Hisham M,1689 8Th Ave,11215,307,BKCB7,AC,False,True,1000,40.65969,-73.98439,False
614945,Los Primos Grocery,Patino Cristino,57 Sutter Ave,11212,316,BKCB16,AC,False,True,1200,40.66561,-73.92058,False
614936,Sm 534 Grocery,Sm 534 Grocery Corp,534 Grant Ave,11208,305,BKCB5,AC,False,True,1500,40.67771,-73.86579,False
614924,Quality Delicatessen,S&R Store Ltd,2002 Bath Ave,11214,311,BKCB11,AC,False,True,2000,40.60137,-74.00142,False
614896,King Tomato,Gsa King Tomato Farm Inc,1140 Mcdonald Ave,11230,312,BKCB12,AC,False,True,5000,40.62525,-73.97611,False
614870,Cohn Fish Market,Cohn Fish Market Inc,55A Division Ave,11249,301,BKCB1,AC,False,True,1000,40.70709,-73.9668,False
614868,Angels Deli & Grocery,Lee Hyun Shil,320 Cortelyou Rd,11218,312,BKCB12,AC,False,True,1000,40.63823,-73.97576,False
614854,Henrys Deli,Yu Peter,258 Prospect Park West,11215,307,BKCB7,AC,False,True,2000,40.65871,-73.98182,False
614843,Rite Aid 10579,Genovese Drug Stores Inc,6423 Fort Hamilton Pkwy,11219,310,BKCB10,A,False,False,36000,40.63064,-74.00863,False
614823,Rite Aid 10577,Genovese Drug Stores Inc,8222 18Th Ave,11214,311,BKCB11,A,False,False,20000,40.6094,-74.00088,False
614818,Organic Spices&Halal,Organic Spices&Halal Supplies,1030 Coney Island Ave,11230,314,BKCB14,AC,False,True,1200,40.63251,-73.96683,False
614817,Frankels Kosher Market,Old Williamsburg Food Inc,192 Clymer St,11211,301,BKCB1,AC,False,True,5000,40.70733,-73.96243,False
614803,Bp,Srenik Inc,1379 Halsey St,11237,304,BKCB4,AC,False,True,850,40.69589,-73.90526,False
614785,Shree Ji Deli,Shree Ji Deli Corp,560 Morgan Ave,11222,301,BKCB1,AC,False,True,2000,40.72366,-73.93942,False
614770,Y&S Deli Grocery,Y&S Deli Corp,1228 Nostrand Avenue,11225,309,BKCB9,AC,False,True,1800,40.65719,-73.95026,False
614755,Dollar Budget Store,Amer Brothers International Inc,3180 Fulton St,11208,305,BKCB5,A,False,False,2500,40.68213,-73.87752,False
614737,Korns Bakery,Josef Korn Bake Shop Inc,914 Kings Highway,11223,315,BKCB15,ABC,True,True,1000,40.60687,-73.96335,False
614735,Ms Meat Market&Grocery,Suliman Tom Mohamed,304 Atlantic Ave #####,11201,302,BKCB2,AC,False,True,550,40.688192,-73.988791,True
614729,Shamsaldeen Food Mkt,Albokair Mohamed M,313 Nostrand Ave,11216,303,BKCB3,AC,False,True,3000,40.68755,-73.951,False
614722,D Coluccio & Sons,D Coluccio & Sons Inc,1214 60Th St,11219,312,BKCB12,ACHDK,False,True,100000,40.62983,-74.00018,False
614716,New Hollywood Carwash,New Hollywood Carwash Inc,488 Coney Island Ave,11218,312,BKCB12,AC,False,True,1000,40.64599,-73.97075,False
614703,Jaswick Mart,Jaswick Mart Inc,456 Bushwick Ave,11206,304,BKCB4,AC,False,True,1500,40.70175,-73.93692,False
614681,Melinda'S Quality Meat Market,Melindas Quality Meat Market Llc,1535 Greene Ave,11237,304,BKCB4,AC,False,True,1000,40.70422,-73.91338,False
614673,Jimmys 3 Sons Ntrl Plus,Jimmys 3 Sons Natural Plus Corp,6901 Ft Hamilton Pkwy,11228,310,BKCB10,AC,False,True,1500,40.62864,-74.01221,False
614668,Kings Mill Bp,Bolla Operating Corp,6201 Avenue U #######,11234,318,BKCB18,AC,False,True,1500,40.615933,-73.913988,True
614644,Heaven Farm,Heaven Farm Corp,1034 Rutland Rd,11212,317,BKCB17,AC,False,True,1600,40.66322,-73.92554,False
614625,Key Food,208 Crescent Meat&Produce Inc,208 Crescent St,11208,305,BKCB5,AC,False,True,12000,40.6843,-73.87235,False
614616,La Cenisa Cruz Grocery,Cruz Luis A,386 S 5Th St,11211,301,BKCB1,AC,False,True,1200,40.7078,-73.95379,False
614601,Kahans Superette,Kahan Superette Inc,317 Kingston Ave,11213,309,BKCB9,A,False,False,1200,40.66834,-73.94229,False
614597,Appels Superette,Appels Superette Inc,4507 14Th Ave,11219,312,BKCB12,AC,False,True,1400,40.63577,-73.98777,False
614588,Mr Kiwi,Kicopi 957 Inc,957 Broadway,11221,303,BKCB3,AC,False,True,2000,40.69673,-73.93483,False
614587,Flatbush Food Coop,16Th St Cooperative Corp,1415 Cortelyou Rd,11226,314,BKCB14,AC,False,True,6000,40.64111,-73.96463,False
614569,J&G Deli Grocery,Garcia Joel,913 Belmont Ave,11208,305,BKCB5,AC,False,True,1000,40.67363,-73.87509,False
614560,Top News & Grocery,Irshad Mercedes,6422 14Th Ave ###,11219,310,BKCB10,AC,False,True,3000,40.62484,-73.99916,False
614552,Avenue J Fish Center,Avenue J Fish Center Inc,1215 Avenue J,11230,314,BKCB14,AC,False,True,3000,40.62493,-73.96362,False
614545,Duane Reade 14410,Duane Reade Etal Ptrs,756 Myrtle Ave,11206,303,BKCB3,A,False,False,9500,40.69504,-73.95201,False
614539,Kings Valley Fruit,Kings Valley Fruit Inc,1624-1626 Kings Hwy,11229,315,BKCB15,AC,False,True,1200,40.60941,-73.95679,False
614535,Lewis Meat Market,Lewis Isaac G,4019 Church Ave,11203,317,BKCB17,AC,False,True,1000,40.6513,-73.9393,False
614527,I&D Glatt Meat&Poultry,I&D Glatt Inc,482 Avenue P,11223,312,BKCB12,ABC,True,True,2500,40.60919,-73.96965,False
614506,Eastern Fruit&Vgtbls,Eastern Fruit&Vegetables Inc,1234 Coney Island Ave,11230,314,BKCB14,AC,False,True,3000,40.62763,-73.9657,False
614489,Kuan Sing Food Market,Kuan Sing Food Market Inc,5712 8Th Avenue ####,11220,312,BKCB12,A,False,False,2500,40.63693,-74.00804,False
614478,City Fresh Market,Juncalito Abajo Meat Corp,1380 Pennsylvania Ave,11239,305,BKCB5,AC,False,True,35000,40.64767,-73.88169,False
614445,Donia Deli&Grocery,Donia Deli&Grocery Corp,484 8Th St,11215,306,BKCB6,AC,False,True,1000,40.66626,-73.97853,False
614439,Carniceria La Espanola,183 Wyckoff Meat Corp,183 Wyckoff Ave,11237,304,BKCB4,AC,False,True,2000,40.70287,-73.91694,False
614437,Abreus Grocery,Abreu Marino A,65 Sackman St,11233,316,BKCB16,AC,False,True,1500,40.67741,-73.906,False
614431,Crescent Corner,Crescent Corner Inc,3340 Fulton St,11208,305,BKCB5,AC,False,True,2000,40.68358,-73.87243,False
614413,Oh Nuts,Kleins Oh Nuts Inc,1503 Avenue J #####,11230,314,BKCB14,AC,False,True,1000,40.625429,-73.961224,True
614412,Rite Aid Pharmacy 00543,Rite Aid Of New York Inc,5224 Fifth Ave,11220,307,BKCB7,A,False,False,20000,40.64356,-74.01191,False
614411,Glenwood Mini Mart,Glenwood Road Superette Inc,5513-15 Glenwood Rd,11234,318,BKCB18,AC,False,True,1500,40.63553,-73.92327,False
614397,Am & Pm Grocery,Am & Pm Grocery Inc,6223 Ft Hamilton Pkwy,11219,310,BKCB10,AC,False,True,1000,40.63174,-74.00761,False
614394,4 Season Deli&Grocery,Altohami Corp,911-913 Coney Island Ave,11230,314,BKCB14,AC,False,True,2000,40.63508,-73.96758,False
614391,Rite Aid Pharmacy 03766,Rite Aid Of New York Inc,5901 Bay Pkwy,11204,312,BKCB12,A,False,False,2000,40.6171,-73.97802,False
614387,Key Food 1206,200 Malcolm X Meat Corp,200 Malcolm X Blvd,11221,303,BKCB3,AC,False,True,8000,40.68655,-73.92978,False
614385,A&S Greek American Market,Vana Maria Deli Inc,7918 5Th Ave,11209,310,BKCB10,AC,False,True,2500,40.6261,-74.02403,False
614363,Ny Brooklyn Bread,Brooklyn Bakery Inc,8118 18Th Ave,11214,311,BKCB11,ABC,True,True,36000,40.60962,-73.99981,False
614353,Family Dollar #7145,Family Dollar Stores Of New York Llc,116 Nostrand Ave,11205,303,BKCB3,A,False,False,3000,40.69633,-73.95304,False
614344,Rite Aid Pharmacy 04257,Rite Aid Of New York Inc,3001-27 Mermaid Ave,11224,313,BKCB13,A,False,False,45000,40.5755,-73.99701,False
614340,Canarsie Meat Market,Conad Meat Market Inc,1435 Rockaway Pkwy,11236,318,BKCB18,AC,False,True,1200,40.64498,-73.90211,False
614336,Rite Aid Pharmacy 4269,Rite Aid Of New York Inc,6201-23 Fourth Ave,11220,307,BKCB7,A,False,False,7500,40.63931,-74.01993,False
614312,Key Food 1280,Neptune Food Corp,505 Neptune Ave,11224,313,BKCB13,AC,False,True,10700,40.57988,-73.97235,False
614297,Kiev Gastrnom Deli & Gr,Ln Kiev Inc,212 Kings Hwy,11223,311,BKCB11,AC,False,True,600,40.60548,-73.98287,False
614281,Father & Sons Deli Food,Father & Sons Deli Food Corp,1501 Cortelyou Rd,11226,314,BKCB14,AC,False,True,1500,40.64129,-73.96424,False
614276,Rite Aid Pharmacy 04893,Rite Aid Of New York Inc,1950 Fulton St,11233,303,BKCB3,A,False,False,5000,40.67864,-73.92072,False
614265,Stop&Shop 505,Stop&Shop Supermarket Co Llc The,1710 Avenue Y,11235,315,BKCB15,ABC,True,True,56000,40.58992,-73.95253,False
614264,Concord Market,Concord Market Corp,91 Tillary St,11201,302,BKCB2,AC,False,True,6000,40.69622,-73.98732,False
614242,Key Food,Forbell Meat Corp,1232 Nostrand Ave,11225,309,BKCB9,AC,False,True,3000,40.65689,-73.95023,False
614234,Super Fresh Supermarket,242 Bayridge Meat Corp,242 Bay Ridge Ave,11220,310,BKCB10,AC,False,True,25000,40.63614,-74.0274,False
614219,Perez Grocery,Perez Enrique C,6304 4Th Ave,11220,307,BKCB7,AC,False,True,1000,40.63896,-74.02047,False
614216,C-Town,Billy Boy Food Corp,130 Havemeyer St,11211,301,BKCB1,ABC,True,True,10000,40.71233,-73.95707,False
614187,Flatbush Supermarket,Mittleman Eva,1823 Coney Island Ave,11230,314,BKCB14,AC,False,True,1500,40.61301,-73.96294,False
614177,Avenue O Grocery,Chong Sun Sin,76 Avenue O,11204,311,BKCB11,AC,False,True,2000,40.61039,-73.98233,False
614175,Sakeer Deli&Grocery,Sakeer Deli&Grocery Corp,220 Rogers Ave,11225,309,BKCB9,AC,False,True,1500,40.66835,-73.95342,False
614173,Rite Aid Pharmacy 04876,Rite Aid Of New York Inc,3823 Nostrand Ave,11235,315,BKCB15,A,False,False,6000,40.59064,-73.93973,False
614165,Brooklyn Deli,Prospect Deli Corp,684 Franklin Ave,11238,308,BKCB8,AC,False,True,1600,40.67516,-73.95633,False
614144,Mansoura Bakery,Mmm Bakery Llc,515 Kings Hwy,11223,315,BKCB15,ABH,True,False,1200,40.60439,-73.97042,False
614135,Jacques Torres Chocolate,Mr Chocolate.Com Llc,66 Water St  #######,11201,302,BKCB2,ACH,False,True,5000,40.703078,-73.991444,True
614132,Webers Fruit Store,Webers Fruit Store Inc,5522 13Th Ave,11219,312,BKCB12,AC,False,True,1900,40.63122,-73.99604,False
614129,Rite Aid Pharmacy 04733,Rite Aid Of New York Inc,182 Smith St,11201,306,BKCB6,A,False,False,30000,40.68518,-73.99152,False
614122,Rite Aid Pharmacy 04738,Rite Aid Of New York Inc,1631-43 Pitkin Ave,11212,316,BKCB16,A,False,False,8000,40.66939,-73.91277,False
614096,Windsors Grocery Store,Laguerre Joseph & Marie,1816 Church Ave,11226,314,BKCB14,AC,False,True,800,40.64962,-73.96263,False
614093,Arecibo Cash N Carry,Cruz Luis E,5020 3Rd Ave,11220,307,BKCB7,AC,False,True,3000,40.64735,-74.01515,False
614071,R&B Polish-American Del,Wojtaszek Roman,544 86Th St,11209,310,BKCB10,AC,False,True,1000,40.62069,-74.02488,False
614067,Hauter Grocery Store,Triangle Deli Corp,1334 Broadway,11221,304,BKCB4,AC,False,True,2500,40.6901,-73.92312,False
614064,Asmax Food,Asmax Food Inc,7721 Flatlands Ave,11236,318,BKCB18,AC,False,True,5000,40.63442,-73.91495,False
614057,Express Grocery,Munaser Anis,156 Union St,11231,306,BKCB6,A,False,False,1000,40.68387,-74.00115,False
614049,America'S Food Basket,L&S 5311 Food Corp,5311 Church Ave,11203,317,BKCB17,AC,False,True,8000,40.65236,-73.92701,False
614044,Key Food 890,Mandell Food Stores Inc,130 7Th Ave,11215,306,BKCB6,ABC,True,True,12000,40.67299,-73.97647,False
614038,Jimmys Famous Heros,Oradaps Inc,1786 Sheepshead Bay Rd,11235,315,BKCB15,AC,False,True,900,40.58411,-73.95075,False
614035,J&J Hooper Foods,J&J Hooper Food Corp,396-398 Hooper St,11211,301,BKCB1,AC,False,True,1250,40.71007,-73.95213,False
614032,Fish Market,12Th Ave Fish Market Inc,5112 12Th Ave,11219,312,BKCB12,AC,False,True,700,40.63494,-73.99575,False
614012,Kaffs Bakery,Kaff Bakery Inc,4518 Ft Hamilton Pkwy,11219,312,BKCB12,ABCH,True,True,5500,40.63994,-73.9953,False
614001,Parkville Food Center,Parkville Food Center Llc,109 Lawrence Ave,11230,314,BKCB14,AC,False,True,900,40.63004,-73.97489,False
614000,Foodtown #602,1420 Food Llc,1420 Fulton St  ###########,11216,303,BKCB3,AC,False,True,30000,40.679723,-73.944357,True
613991,Papa Pasquale Ravioli&P,Papa Pasquale Ravioli&Psta Co Inc,7817 15Th Ave,11228,311,BKCB11,AC,False,True,6000,40.61554,-74.00521,False
613954,Brownstone Bagels,Vinci'S Inc,671 Union St #######,11217,306,BKCB6,ABC,True,True,2000,40.677418,-73.982618,True
613927,Met Foods,131 Driggs Avenue Supermarket Inc,131 Driggs Ave,11222,301,BKCB1,AC,False,True,7500,40.72311,-73.94384,False
613896,Cvs Pharmacy #00845,Cvs Albany Llc,395 Court St###,11231,306,BKCB6,A,False,False,6000,40.67992,-73.99706,False
613883,Hermanos Acosta Grocery,Hermanos Acosta Food Corp,166 Manhattan Ave,11206,301,BKCB1,AC,False,True,1200,40.70851,-73.94512,False
613879,Guadalupana Bakery,Guadalupana Bakery Corp,308 Ellery St,11206,303,BKCB3,ABCDK,True,True,1200,40.69945,-73.93996,False
613878,Wolfs Grocery,Wolf Adalbert,2362 Nostrand Ave,11210,314,BKCB14,AC,False,True,1500,40.62744,-73.94733,False
613851,Mill Basin Stop,Mill Basin Convenience Store Corp,6122 Avenue U,11234,318,BKCB18,AC,False,True,1500,40.61532,-73.91411,False
613848,Mark Deli&Grocery,Mark Deli&Grocery Corp,9512 4Th Avenue,11209,310,BKCB10,AC,False,True,1500,40.61569,-74.03124,False
613843,Driggs Meat Market,Driggs Meat Market Inc,160 Driggs Ave,11222,301,BKCB1,AC,False,True,0,40.72302,-73.94477,False
613840,Alex Deli Grocery I,Alex Deli Grocery I Inc,2 Sutter Ave ####,11212,316,BKCB16,AC,False,True,3000,40.66528,-73.92287,False
613834,Hero Deli,Hero Deli Corp,197 Avenue T,11223,311,BKCB11,AC,False,True,1400,40.59879,-73.97764,False
613820,Pier 18 Fish Market,Pier 18 Fish Market Inc,4904 18Th Ave,11204,312,BKCB12,AC,False,True,1000,40.62809,-73.98121,False
613819,Food Land Mini Market,Food Land Mini Market Inc,204 Cortelyou Rd,11218,312,BKCB12,AC,False,True,5000,40.63808,-73.9772,False
613799,Rhes Food Market,Rhe Syang Chan,1119 Liberty Ave,11208,305,BKCB5,ACK,False,True,2000,40.67853,-73.86815,False
613775,Food Universe Marketplace,Pak O Avenue Corp,97 Avenue O,11204,311,BKCB11,AC,False,True,5000,40.61051,-73.98138,False
613759,Central Market,E&W Food Corp,50 Division Ave #######,11249,301,BKCB1,AC,False,True,12000,40.706771,-73.966775,True
613755,Au Bon Marche Store,Bernadette Paul,82A E 18Th St,11226,314,BKCB14,AC,False,True,400,40.64919,-73.96303,False
613749,605 Deli,605 Deli Corp,605 Bay Ridge Ave,11220,310,BKCB10,AC,False,True,650,40.63226,-74.01835,False
613741,1711 Shopping Center,1711 Foster Corporation,1711 Foster Ave,11230,314,BKCB14,A,False,False,1000,40.63517,-73.96082,False
613734,Mr Greens,Double S Produce Corp,330 Albany Ave,11213,309,BKCB9,AC,False,True,1500,40.66858,-73.93949,False
613706,Jennys Food Market,Jennys Food Market Inc,970 41St St S2-S3,11219,312,BKCB12,AC,False,True,1800,40.64368,-73.99437,False
613700,Deli Plus,Deli Plus Inc,5721 18Th Ave,11204,312,BKCB12,ABC,True,True,2000,40.62332,-73.98597,False
613694,Atlantic Fruit& Vgtbl,Atlantic Vege&Food Corp,181 Atlantic Ave,11201,306,BKCB6,AC,False,True,2500,40.69006,-73.99373,False
613666,Romeo Foods,Romeo Foods Corp,7801 15Th Ave,11228,311,BKCB11,AC,False,True,700,40.61584,-74.0049,False
613628,Echo Drugs,Echo Drugs Inc,260 Broadway,11211,301,BKCB1,A,False,False,4000,40.70898,-73.95945,False
613627,Caputo Bakery,Caputo Bakery Inc,329 Court St,11231,306,BKCB6,ABH,True,False,4200,40.68289,-73.99563,False
613620,D&G Deli Grocery,Don Bosco Golumba Inc,1421 Gravesend Neck Rd,11229,315,BKCB15,AC,False,True,1900,40.59481,-73.95583,False
613613,Mittelman Food Center,16Th Ave Food Corp,5024 16Th Ave,11204,312,BKCB12,AC,False,True,5000,40.63,-73.98658,False
613607,Dora Grocery,Dora Grocery Corp,4104 Avenue J,11210,318,BKCB18,AC,False,True,0,40.62766,-73.93626,False
613597,86Th St Grocery&Snacks,86Th Street Grocery&Snacks Inc,2176 86Th St,11214,311,BKCB11,AC,False,True,1000,40.60211,-73.99414,False
613583,Kleins Grocery,Kleins Grocery Inc,504 Empire Blvd,11225,309,BKCB9,AC,False,True,1500,40.66422,-73.94563,False
613577,El Sol De Cholula Deli,El Sol De Cholula Deli Grcy Corp,161 Wilson Ave,11237,304,BKCB4,AC,False,True,1000,40.70013,-73.9247,False
613562,Kings Atlantic Mobil,Bolla Operating Corp,1143 Atlantic Ave,11216,303,BKCB3,AC,False,True,3000,40.67911,-73.95354,False
613549,United Food Center,A One United Food Center Corp,309 Stuyvesant Ave,11233,303,BKCB3,AC,False,True,1500,40.6837,-73.93219,False
613542,Bani Mini Mart,Bani Food Center Corp,1121-1123 Greene Ave,11221,304,BKCB4,AC,False,True,1000,40.69388,-73.92363,False
613539,Rafi Deli Grocery,Garcia Celia,854 E New York Ave,11203,309,BKCB9,AC,False,True,1400,40.66258,-73.93407,False
613523,Three Guys From Brklyn,Penzim Produce Corp,6502 Ft Hamilton Pkwy,11219,310,BKCB10,AC,False,True,4000,40.63049,-74.00945,False
613515,Galicja Deli,Galicja Deli Inc,5810 New Utrecht Ave,11219,312,BKCB12,AC,False,True,600,40.62894,-73.99618,False
613499,Lattanzio Grocery,Lattanzio Joseph,6219 13Th Ave,11219,310,BKCB10,AC,False,True,1500,40.62731,-74.00012,False
613486,Knickerbocker Food,217 Knickerbocker Food Corp I,217 Knickerbocker Ave,11237,304,BKCB4,AC,False,True,1500,40.70317,-73.92601,False
613484,Mehadrin Fish Market,Zalmens Fish Market Inc,5416 New Utrecht Ave,11219,312,BKCB12,AC,False,True,1000,40.632,-73.99536,False
613477,Franchesca Mini Market,Taveras Carlos A,1074 Manhattan Ave,11222,301,BKCB1,AC,False,True,1500,40.73542,-73.95512,False
613473,Landau Supermarket,E&L Food Market Inc,650 Bedford Ave,11211,301,BKCB1,AC,False,True,1400,40.70181,-73.95853,False
613450,Associated 831,Polmost Food Corp,802 Manhattan Ave,11222,301,BKCB1,AC,False,True,10500,40.72794,-73.95317,False
613430,Burgos Grocery,Burgos Luis A,762 Classon Ave,11238,308,BKCB8,AC,False,True,1000,40.6738,-73.96045,False
613429,Mjp Deli&Grocery,Mjp Deli&Grocery Inc,1010 Beverley Rd,11218,314,BKCB14,ABCH,True,True,800,40.6438,-73.96963,False
613422,Tio Grocery,Tio Grocery Corp,1288 Herkimer St,11233,316,BKCB16,AC,False,True,1200,40.67753,-73.91099,False
613421,Appetizing Plus,Appetizing Plus Inc,4801 18Th Ave,11204,312,BKCB12,A,False,False,1500,40.62879,-73.98051,False
613416,Sutter Grocery Store,978 Sutter Grocery Inc,978 Sutter Ave,11208,305,BKCB5,AC,False,True,1200,40.67123,-73.88255,False
613365,New Way Mini Market,New Way Mini Market Inc,696 5Th Ave,11215,307,BKCB7,AC,False,True,800,40.66113,-73.99364,False
613364,Kosher Plaza,Kosher Plaza Inc,571 Kings Hwy,11223,315,BKCB15,AC,False,True,3000,40.60485,-73.96833,False
613354,Bp,Farragut Gas Inc,4210 Farragut Rd,11203,317,BKCB17,AC,False,True,1400,40.63698,-73.93624,False
613351,Safan Deli,Safan Deli Inc,1675-77 Bedford Ave,11225,309,BKCB9,AC,False,True,1800,40.66551,-73.95694,False
613343,Villa Tapia Grocery Ny,Villa Tapia Grocery Ny Corp,128 Nostrand Ave,11205,303,BKCB3,AC,False,True,1500,40.69583,-73.95265,False
613323,Ideal Food Basket Supermarket,Jd 710 Food Corp,710 Coney Island Ave,11218,312,BKCB12,AC,False,True,20000,40.64037,-73.96912,False
613304,Kahans Food Mart,S Kahan Grocery Inc,268 Marcy Ave,11211,301,BKCB1,AC,False,True,1500,40.70534,-73.95624,False
613302,Shoprite Of Avenue I,Nyc Shoprite Associates Inc,1080 Mcdonald Ave,11230,312,BKCB12,AC,False,True,70000,40.62672,-73.97639,False
613278,Nostrand Deli&Grocery,Saleh Faisul T,669 Nostrand Ave,11216,308,BKCB8,AC,False,True,1900,40.67452,-73.95007,False
613269,Ideal Food Basket,1967 Flatbush Food Corp,1967 Flatbush Ave,11234,318,BKCB18,AC,False,True,6000,40.62175,-73.93595,False
613257,Bravo Supermarket,Daf Food Corp,991 Bedford Ave,11205,303,BKCB3,AC,False,True,5000,40.69003,-73.95524,False
613234,Evelyn Grocery,Evelyn Grocery Corp,1020 E 92Nd St,11236,318,BKCB18,AC,False,True,1600,40.64412,-73.90815,False
613233,Sunac Food,Sunac Food Corp,440-446 Union Ave,11211,301,BKCB1,ABC,True,True,5000,40.71362,-73.95156,False
613213,A&S Pork Store,A Scicchitano Ital Pork Store Ave X Inc,361 Avenue X,11223,315,BKCB15,AC,False,True,2000,40.5906,-73.96965,False
613209,Fresh Health Food Emporium Supermarket,Fresh Health Food Emporium Inc,594 Nostrand Ave ###,11216,308,BKCB8,A,False,False,2500,40.67816,-73.94972,False
613180,C Town,Fresh Supermarket,1176 Liberty Ave,11208,305,BKCB5,AC,False,True,6000,40.67888,-73.86575,False
613175,Williams Candy,Clam Stop Inc The,1318 Surf Ave. ###,11224,313,BKCB13,AC,False,True,1000,40.57554,-73.98194,False
613139,Savinos Quality Pasta,Savinos Quality Pasta Inc,111 Conselyea St,11211,301,BKCB1,AC,False,True,1000,40.71501,-73.94666,False
613096,Buena Vista Deli Grcy,Cortez Almadelia Lazaro,152 Knickerbocker Ave,11237,304,BKCB4,AC,False,True,800,40.70433,-73.92807,False
613094,Akiva Grocery,Akiva Grocery&Poultry Inc,409 Avenue U,11223,315,BKCB15,AC,False,True,1000,40.59745,-73.96898,False
613088,Aa Rubashkin&Sons,Aa Rubashkin&Sons Inc,4310 14Th Ave #####,11219,312,BKCB12,AC,False,True,1500,40.636957,-73.986937,True
613087,Park Avenue Fish Market,Park Fish Market Inc,458 Park Ave,11205,303,BKCB3,AC,False,True,800,40.69658,-73.9582,False
613079,Apple Drugs,Crown Heights Pharmacy Inc,376 Kingston Ave,11213,309,BKCB9,AC,False,True,1600,40.66597,-73.94251,False
613063,Landish Ii,Alt International Foods Corp,920 Cortelyou Rd,11218,312,BKCB12,AC,False,True,1000,40.63896,-73.96907,False
613061,Steves Ii Pork Store,Passarettas Inc,1602 Bath Ave,11214,311,BKCB11,AC,False,True,1500,40.60656,-74.01063,False
613060,Fruit&Vegetable Market,Hod Fruit&Vegetable Market Corp,354 Roebling St,11211,301,BKCB1,AC,False,True,1800,40.70765,-73.96113,False
613059,Lioni Latticini,Lioni Latticini Inc,7819 15Th Ave #####,11228,311,BKCB11,ADK,False,False,1500,40.615363,-74.005032,True
613057,Schreiber'S Bakery,Schreibers Home Style Bakery Inc,4204 14Th Ave #####,11219,312,BKCB12,ABCH,True,True,2400,40.637632,-73.986196,True
613033,Mashrah Gourmet Deli,Mashrah Gourmet Deli Inc,1380 Eastern Pkwy,11233,316,BKCB16,AC,False,True,1000,40.66813,-73.92265,False
613032,C Town 202,D&L Food Corp,239 Bond St,11217,306,BKCB6,AC,False,True,6000,40.68212,-73.9881,False
613024,Raskins Fruit,R&R Fruit & Produce Llc,335 Kingston Ave,11213,309,BKCB9,AC,False,True,1800,40.66778,-73.94234,False
613012,Buckley'S Market,Jc Chang Corp,251 Nassau Ave,11222,301,BKCB1,A,False,False,1000,40.72585,-73.94193,False
613005,Key Food,B&F Market Inc,1205-1215 Sutter Ave,11208,305,BKCB5,AC,False,True,10000,40.67259,-73.87313,False
612992,Gaston Food Center,Gaston Food Center Corp,16 Mother Gaston Blvd,11233,316,BKCB16,AC,False,True,1500,40.68182,-73.90877,False
612978,Pupa Kosher Market,Pupa Kosher Butcher Corp,118 Division Ave,11211,301,BKCB1,AC,False,True,1000,40.7077,-73.96329,False
612973,Yossis Fish Market,Yossis Fish Market Corp,5324 13Th Ave,11219,312,BKCB12,ACH,False,True,600,40.63236,-73.99489,False
612948,Metro Deli,Metro Deli Of Northside Corp,78 Havemeyer St,11211,301,BKCB1,AC,False,True,1000,40.71416,-73.95522,False
612943,7-Eleven Store 34172J,7-Eleven Inc,2515 86Th St ####,11214,311,BKCB11,AC,False,True,1500,40.59757,-73.98661,False
612927,Sunflower Food Market,Sss Sunflower Corp,2409 65Th St #######,11204,311,BKCB11,AC,False,True,1500,40.611167,-73.976568,True
612913,Emilys Pork Store,Aliperti Gennaro,426 Graham Ave,11211,301,BKCB1,AC,False,True,1200,40.71762,-73.94489,False
612900,Aden Supermarket,Aden Supermarket Llc,104-04 Flatlands Ave,11236,318,BKCB18,AC,False,True,1500,40.646995,-73.895069,True
612898,La Villita Grocery,La Villita Mexican Restaurant Inc,2086 E 13Th St,11229,315,BKCB15,AC,False,True,800,40.59889,-73.95831,False
612894,Walgreens 4363,Walgreen Eastern Co Inc,210 Union Ave,11211,301,BKCB1,A,False,False,10000,40.70708,-73.95025,False
612885,Fresh Garden,Fresh Garden Inc,729 Fulton St,11217,302,BKCB2,AC,False,True,2400,40.68666,-73.97536,False
612884,Krakus Deli,Krakus Deli Inc,304 Ditmas Ave ####,11218,312,BKCB12,AC,False,True,745,40.63579,-73.97575,False
612876,Star Food Center,Star Food Center Inc,5520 14Th Ave,11219,312,BKCB12,AC,False,True,1500,40.63005,-73.994,False
612865,Sacred Vibes,Sacred Vibes Llc,376 Argyle Rd,11218,314,BKCB14,AC,False,True,3000,40.64018,-73.96613,False
612857,Thrifty Beverage Center,Culver Narrows Beer Dist Inc,990-992 Mcdonald Ave,11230,314,BKCB14,ADK,False,False,2400,40.62956,-73.97693,False
612856,Metropolitan Fish,Metropolitan Fish Market Inc,635 Metropolitan Ave,11211,301,BKCB1,AC,False,True,1000,40.71418,-73.94787,False
612847,Bagels On Kings,Bagels On Kings Corp,228 Kings Hwy,11223,311,BKCB11,ABCH,True,True,1600,40.60541,-73.98235,False
612843,Tricare Pharmacy,Mig-Rx Corp,1811 Kings Hwy,11229,315,BKCB15,A,False,False,1800,40.6101,-73.95514,False
612814,Best Brooklyn Deli,Karpathian Corp,4924 New Utrech Ave,11219,312,BKCB12,AC,False,True,900,40.63601,-73.99481,False
612808,Duane Reade 14312,Duane Reade Etal Ptrs,296 Flatbush Ave,11217,306,BKCB6,A,False,False,4000,40.67816,-73.97317,False
612807,Organic Girl On 3Rd Ave,Organic Girl On 3Rd Inc,9401 3Rd Ave,11209,310,BKCB10,A,False,False,1000,40.61779,-74.03337,False
612805,One Stop Kosher/Rutledge Street Mini Mar,Rutledge Street Mini Market Inc,98 Rutledge St,11249,301,BKCB1,AC,False,True,10000,40.70084,-73.95891,False
612801,Walgreens #11555,Walgreen Eastern Co Inc,6628 18Th Ave,11204,311,BKCB11,A,False,False,3000,40.61791,-73.99143,False
612796,New Best Fruit Mkt,New Best Fruit Market Inc,1530 Flatbush Ave ##,11210,314,BKCB14,AC,False,True,2500,40.63356,-73.94844,False
612789,Kaffs Bakery & Grocery,Kaffs Bakery & Grocery Inc,4616 16Th Ave ##,11204,312,BKCB12,A,False,False,1600,40.63239,-73.98409,False
612780,Kolhelly Bakery,Kolhelly Inc,6318 Bay Pkwy,11204,311,BKCB11,ABH,True,False,2500,40.61461,-73.98062,False
612775,Fine Fare,Almonte Plaza Food Corp,675 Lincoln Ave,11208,305,BKCB5,ACK,False,True,8000,40.67259,-73.86642,False
612773,Southside Food Plaza,Southside Food Plaza Inc,428 Bedford Ave,11249,301,BKCB1,AC,False,True,2500,40.70923,-73.96409,False
612750,Beer Castle,Lemberg Enterprises Inc,854 Ralph Ave,11236,317,BKCB17,AD,False,False,8000,40.65329,-73.92086,False
612726,Tasty Pastry Shoppe,Tasty Pastry Shoppe Ltd,8218 13Th Ave,11228,310,BKCB10,ABH,True,False,1500,40.61596,-74.01194,False
612673,Target Store T-2212,Target Corporation,1598 Flatbush Ave,11210,314,BKCB14,AC,False,True,230000,40.63167,-73.94643,False
612672,Fertile Crescent The,Eskp Corp,570 Atlantic Ave,11217,302,BKCB2,AC,False,True,2800,40.6846,-73.97886,False
612671,7-Eleven Store 39195A,Atlantic Gas Inc,1381 Atlantic Ave ###,11216,303,BKCB3,AC,False,True,2000,40.67855,-73.94443,False
612663,Super Express Deli&Grcy,Super Express Deli&Grocery Corp I,1205 Bedford Ave,11216,303,BKCB3,AC,False,True,800,40.68224,-73.95367,False
612662,Bagels & Beyond,Brooklyn Kettle Bagels Inc,257 Avenue X   #####,11223,315,BKCB15,ABCH,True,True,1700,40.590412,-73.973418,True
612650,Mandato Fruits&Grocery,Mandato Fruits&Grocery Corp,7220 3Rd Ave 1St Fl,11209,310,BKCB10,ABC,True,True,1600,40.63299,-74.02716,False
612647,Kosher Palace,Kosher Palace Supermarket Inc,2818 Ave U,11229,315,BKCB15,AC,False,True,4000,40.6003,-73.94311,False
612645,Nostrand Health Food & Juice Bar,Nostrand Health Food Corp,1432 Nostrand Ave  ###,11226,317,BKCB17,AC,False,True,900,40.65136,-73.94964,False
612615,18Th Avenue Bakery,Togati Benedetto,6016 18Th Ave,11204,312,BKCB12,ABCH,True,True,2500,40.62168,-73.9876,False
612607,Fay Da Bakery,Fay Da Manufacturing Corp,259-267 Meserole St,11206,301,BKCB1,ABCK,True,True,20000,40.70858,-73.93786,False
612588,Millys Mini Market,Lopez Paula,104 South 2Nd St,11249,301,BKCB1,AC,False,True,1000,40.71377,-73.96348,False
612583,Western Beef,Western Beef Retail Inc,814 Jamaica Ave,11208,305,BKCB5,AC,False,True,10000,40.68869,-73.87455,False
612577,Schnitzlers Famous Fish,Williamsburg Famous Fish Mkt Inc,326 Roebling St,11211,301,BKCB1,AC,False,True,600,40.70857,-73.96096,False
612567,Gong Fish Market,Gongs Fish Market Inc,951 Pennsylvania Ave,11207,305,BKCB5,AC,False,True,2000,40.6549,-73.88756,False
612561,Guerrero Deli Grocery,Guerrero Epifanio,1627 Mermaid Ave,11224,313,BKCB13,ABC,True,True,1000,40.57665,-73.98456,False
612540,Carlos Food Center,Bonilla Carlos M,62 Manhattan Ave,11206,301,BKCB1,AC,False,True,1800,40.70447,-73.94445,False
612528,Walgreens 2650,Walgreen Eastern Co Inc,5716 Avenue U,11234,318,BKCB18,A,False,False,10000,40.61273,-73.91683,False
612524,Schreiber'S Market,Schreiber Fruit&Vegetable Inc,184 Lee Ave,11211,301,BKCB1,AC,False,True,1000,40.70232,-73.95616,False
612514,Kims Fish,Kim Gwang Cheul,1049 Nostrand Ave,11225,309,BKCB9,AC,False,True,1800,40.66268,-73.95082,False
612511,Polam International Meat Mkt,Polam International Meat Mkt Inc,952 Manhattan Ave,11222,301,BKCB1,AC,False,True,2100,40.7318,-73.95453,False
612503,Grace Farmers Market,New Grace Farmers Market Inc,437 Rockaway Ave,11212,316,BKCB16,AC,False,True,2000,40.6692,-73.91062,False
612489,Sunny Deli,Sunny Gourmet Deli Inc,153 Joralemon St,11201,302,BKCB2,AC,False,True,1500,40.69288,-73.99337,False
612449,Sheepshd Bay Marketplace,Bayfruit Corp,1717 Avenue Z,11235,315,BKCB15,AC,False,True,13000,40.58826,-73.95174,False
612426,Angela Fish Market,Angela Fish Market Inc,896 Utica Ave,11203,317,BKCB17,AC,False,True,2000,40.6512,-73.93034,False
612418,Syrenas European Breads,Syrena Bakery Inc,207 Norman Ave,11222,301,BKCB1,ABCHDK,True,True,10000,40.72742,-73.94545,False
612413,Glatt Mart,Glatt Mart Inc,1205 Avenue M,11230,314,BKCB14,AC,False,True,3500,40.61773,-73.96257,False
612392,Broadway Mini Market,Broadway Mini Market Deli Inc,403 Broadway,11211,301,BKCB1,AC,False,True,1500,40.70704,-73.95391,False
612387,Big Banana,Fruit Tree Corp,1709 Kings Hwy,11229,315,BKCB15,AC,False,True,4000,40.60973,-73.95607,False
612381,Rockaway Deli Food,Rockaway Deli Food Corp,674 Rockaway Ave,11212,316,BKCB16,AC,False,True,1000,40.66336,-73.90914,False
612364,Cherryvalleymarketplace,1115 Pennsylvania Meat Corp,1115 Pennsylvania Ave,11207,305,BKCB5,ABC,True,True,18000,40.65369,-73.88669,False
612330,Hans Market,Hans Market Inc,51 Clark St,11201,302,BKCB2,AC,False,True,1000,40.69772,-73.99398,False
612323,Lee Ave Supermarket,Lee Avenue Supermarket Inc,68 Lee Ave,11211,301,BKCB1,AC,False,True,1500,40.70567,-73.95989,False
612312,Best Way Foods,K.H.F Food Corp,709 Flatbush Ave,11225,309,BKCB9,AC,False,True,2000,40.65586,-73.95992,False
612307,Food Bazaar,Bogopa Inc,17-59 Ridgewood Pl #####,11237,304,BKCB4,ACK,False,True,35000,40.698052,-73.909482,True
612302,Ave K Mini Mart,Ave K Mini Mart Inc,1452 Coney Island Ave,11230,312,BKCB12,A,False,False,1000,40.62209,-73.96467,False
612297,Estefany Grocery Store,Melo Nencido A,2709 Avenue D,11226,317,BKCB17,AC,False,True,1000,40.64079,-73.95099,False
612295,Around The Clock Deli,18Th Ave Convenience Inc,8601 18Th Ave,11214,311,BKCB11,AC,False,True,1500,40.60713,-74.00276,False
612291,Posners Food Center,Posners Food Center Inc,4310 15Th Ave,11219,312,BKCB12,AC,False,True,2000,40.63551,-73.98444,False
612287,Staubitz Meat Market,Staubitz Meat Mkt Inc,222 Court St,11201,306,BKCB6,AC,False,True,1400,40.68642,-73.99398,False
612278,Fischmans Food Center,Ms Food Center Corp,4421 16Th Ave,11204,312,BKCB12,AC,False,True,2000,40.63352,-73.98291,False
612268,Farm Shop Deli,357 Food Corp,357 5Th Ave,11215,306,BKCB6,AC,False,True,3000,40.67168,-73.98422,False
612242,Circus Fruits,Circus Fruits Inc,5915 Ft Hamilton Pkwy,11219,312,BKCB12,AC,False,True,4000,40.63334,-74.00517,False
612241,Food Universe,A&S Meat And Produce Corp,243 Schenectady Ave,11213,308,BKCB8,AC,False,True,3000,40.67027,-73.93376,False
612220,Quick Stop Mini Mart,Hk Global Associates Corp,2404 Coney Island Ave,11223,315,BKCB15,AC,False,True,1500,40.59844,-73.96119,False
612219,Foodtown,632 Vanderbilt Food Corp,632 Vanderbilt Ave,11238,308,BKCB8,ABC,True,True,4200,40.67725,-73.96901,False
612211,Fei Long Market,Fei Long Market Inc,6301 8Th Ave,11220,310,BKCB10,AC,False,True,22000,40.63354,-74.01158,False
612209,Bed-Ross Grocery,Bed-Ross Grocery Llc,104 Ross St (End Of Rodney St),11249,301,BKCB1,AC,False,True,0,40.70435,-73.96101,False
612198,Almontaser Enterprises,Almontaser Enterprises Llc,2792 Fulton St,11207,305,BKCB5,AC,False,True,1800,40.67804,-73.89152,False
612165,C Town,F&G Supermarket Corp,2807 86Th St,11223,315,BKCB15,AC,False,True,7000,40.59281,-73.97874,False
612140,Los Fernandez,Los Fernandez Llc,5013 5Th Ave,11220,307,BKCB7,AC,False,True,4000,40.64478,-74.01065,False
612137,Toribios Grocery,Rodriguez Grocery Llc,127 Grand St,11211,301,BKCB1,AC,False,True,1000,40.71064,-73.95441,False
612132,Emmons Deli,Emmons Deli Inc,1729 Emmons Ave,11235,315,BKCB15,AC,False,True,1500,40.58343,-73.95059,False
612131,Tu Bohio Grocery,Tu Bohio Grocery Corp,1710 Utica Ave,11234,318,BKCB18,AC,False,True,2000,40.63076,-73.92815,False
612121,News Stand,Yogi 8604 Inc,8604 4Th Ave,11209,310,BKCB10,AC,False,True,1500,40.62261,-74.02843,False
612108,Settepani Bakery,Settepani Inc,602 Lorimer St,11211,301,BKCB1,ABCH,True,True,5000,40.71504,-73.94953,False
612104,Kol Tuv Grocery,Kol Tuv Grocery Inc,409 Kingston Ave,11225,309,BKCB9,A,False,False,1600,40.66509,-73.9426,False
612088,Ideal Food Basket,Almond Fruit Corp,1488 Pitkin Ave,11212,316,BKCB16,AC,False,True,10000,40.66848,-73.91888,False
612080,Leandro Grocery,Roman Leandro A,630 Liberty Ave,11207,305,BKCB5,AC,False,True,1200,40.67586,-73.88661,False
612071,Satmar Meat,Satmar Meat Of Cong Yetev Lev Inc,239 Lee Ave  #######,11206,301,BKCB1,AC,False,True,0,40.701054,-73.954367,True
612037,Balady Foods,Alanwar Food Corp,7128 5Th Ave,11209,310,BKCB10,AC,False,True,3000,40.63195,-74.02162,False
612026,Avenue U Fish Market,Salem Fish Market Inc,2704 Avenue U,11229,315,BKCB15,ACHK,False,True,2000,40.60014,-73.94452,False
612008,160 Crescent Deli&Grcy,160 Crescent Deli&Grocery Corp,160 Crescent St,11208,305,BKCB5,AC,False,True,1500,40.68553,-73.87277,False
611974,Walgreens #10441,Walgreen Eastern Co Inc,2590 Coney Island Ave,11223,315,BKCB15,A,False,False,0,40.59344,-73.96103,False
611960,Hongs Fish Market,Hongs Fresh Fish Market Inc,324 Utica Ave,11213,309,BKCB9,AC,False,True,1200,40.66676,-73.93131,False
611951,Kol Tuv,Eom Grocery Inc,1507 40Th St,11218,312,BKCB12,AC,False,True,4000,40.63725,-73.98223,False
611943,Associated,Park Slope Food & Market Corp,216 5Th Ave,11215,306,BKCB6,AC,False,True,9000,40.67603,-73.98068,False
611936,United Meat Market,United Meat Market Inc,219 Prospect Park W,11215,307,BKCB7,AC,False,True,1400,40.66021,-73.98052,False
611929,Einhorn'S,16Th Avenue Grocery Inc,5222 16Th Ave,11204,312,BKCB12,AC,False,True,5000,40.62885,-73.98777,False
611928,Thank You Jesus Variety,Guylinger Raymond,1789 Nostrand Ave  ##,11226,317,BKCB17,AC,False,True,40,40.64215,-73.94863,False
611913,C Town,Quick Check Food Inc,6614 18Th Ave,11204,311,BKCB11,AC,False,True,10000,40.6182,-73.99113,False
611902,Orig Brucees Patties,Original Brucees Patties Inc The,9509 Church Ave,11212,317,BKCB17,ABC,True,True,3000,40.65532,-73.91606,False
611900,Anthony&Sons Fruit&Deli,433 Graham Avenue Deli Corp,433 Graham Ave,11211,301,BKCB1,AC,False,True,2000,40.71795,-73.94494,False
611898,72 Lucky Lotto,72 Lucky Lotto Inc,7201 3Rd Ave,11209,310,BKCB10,A,False,False,1200,40.63342,-74.02699,False
611879,Mpy International Foods,Mpy International Foods Inc,2010 Cropsey Ave,11214,311,BKCB11,AC,False,True,1500,40.59998,-74.00251,False
611853,Pete Rosito Fruit,Rosito Peter,1787 Bay Ridge Ave,11204,311,BKCB11,AC,False,True,1000,40.61692,-73.99265,False
611819,New York Deli&Grocery,New York Deli Of Williamsburg Crp,82-84 Havemeyer St,11211,301,BKCB1,AC,False,True,800,40.71391,-73.95607,False
611815,Ralph Avenue Fresh Farm,Ralph Avenue Fresh Farm Corp,2 Ralph Ave,11221,303,BKCB3,AC,False,True,2200,40.6906,-73.92425,False
611814,Key Foods,Jk&K Supermarket Inc,1610 Cortelyou Rd,11226,314,BKCB14,AC,False,True,8000,40.64171,-73.96331,False
611801,Key Food,991 Fulton Street Meat Corp,991 Fulton St,11238,302,BKCB2,ABC,True,True,10000,40.68272,-73.96326,False
611795,Canarsie Food Center,Canarsie Food Center Inc,245 Stanley Ave,11207,318,BKCB18,AC,False,True,2000,40.65349,-73.89751,False
611760,Holtzman&Paris,Paris Abraham,5313 13Th Ave ####,11219,312,BKCB12,AC,False,True,1000,40.63249,-73.99476,False
611753,Sg Convenience,Sg Convenience Corp,730 Kings Hwy,11223,315,BKCB15,AC,False,True,1300,40.60641,-73.96479,False
611745,Ek Express Way Deli,Ek Express Way Ny Inc,7514 18Th Ave,11214,311,BKCB11,AC,False,True,4000,40.61306,-73.99633,False
611707,Quezada Deli&Grocery,Quezada Jose,570 Van Sinclen Ave,11207,305,BKCB5,AC,False,True,1000,40.6657,-73.88852,False
611691,Great Green Supermarket,Great Green Supermarket Inc,6614 Bay Pkwy,11204,311,BKCB11,AC,False,True,4200,40.6129,-73.98239,False
611686,Cardak Intl Food,Cardak Corp,2301 65Th St,11204,311,BKCB11,AC,False,True,350,40.61241,-73.97906,False
611673,Gross Bake Shop,Gross Bake Shop Inc,5406 16Th Ave,11204,312,BKCB12,AC,False,True,2000,40.62816,-73.9885,False
611653,Melissa Meat Market,Melissa Meat Market Corp,772 Sutter Ave,11207,305,BKCB5,AC,False,True,1900,40.67015,-73.88993,False
611627,Food Universe,1188 Flatbush Meat&Produce Inc,1188 Flatbush Ave,11226,314,BKCB14,AC,False,True,10000,40.64135,-73.95647,False
611589,Western Beef 39,Western Beef Retail Inc,44 Empire Blvd ###########,11225,309,BKCB9,AC,False,True,42000,40.66294,-73.96034,True
611580,Daniels European Market,Piast European Market Inc,152 Norman Ave,11222,301,BKCB1,AC,False,True,2000,40.72649,-73.94849,False
611576,Randy Supermarket,Randy Meat Supermarket Corp,2529 Pitkin Ave,11208,305,BKCB5,AC,False,True,3000,40.67444,-73.8787,False
611571,Imperial Meat Market,Imperial Meat Inc,205 Brighton Beach Ave,11235,313,BKCB13,AC,False,True,1200,40.57647,-73.96682,False
611565,Davids Bakery&Deli,Davids Bakery&Deli Inc,2288-92 Mcdonald Ave,11223,315,BKCB15,AC,False,True,600,40.5964,-73.97334,False
611545,Maj Grocery,Arshad Muhammad,950 Mcdonald Ave,11218,314,BKCB14,A,False,False,1000,40.63092,-73.97718,False
611538,Brooklyn Gourmet Deli,Brooklyn Gourmet Deli Corp,313 Bedford Ave,11211,301,BKCB1,AC,False,True,1500,40.71317,-73.96213,False
611526,Key Food 1260,Hajar Inc,1905 Nostrand Ave,11226,317,BKCB17,AC,False,True,8000,40.63913,-73.94831,False
611518,Be Smart Food Store,Be Smart Food Store Inc,4902 Avenue D,11203,317,BKCB17,AC,False,True,1600,40.64208,-73.93023,False
611496,La Familia Grocery,Moran Pedro,834 Belmont Ave,11208,305,BKCB5,AC,False,True,1500,40.67309,-73.87876,False
611488,Bp Gas,Faith Energy Inc,644 Bushwick Ave ####,11221,304,BKCB4,AC,False,True,2000,40.69777,-73.93308,False
611472,9 Slope Gourmet Deli,5Th Avenue Candy&Grocery Inc,439 5Th Ave,11215,306,BKCB6,AC,False,True,1000,40.66937,-73.98613,False
611460,Cherry Hill Market,Cherry Hill Market Mgt Llc,2284 86Th St,11214,311,BKCB11,AC,False,True,6000,40.60067,-73.9918,False
611452,Kanz Deli Grocery,Kanz Deli Grocery Inc,510 Clarkson Ave ##,11203,317,BKCB17,AC,False,True,0,40.65586,-73.94254,False
611439,Carlitos Deli Grocery,Martinez Juan C,290 Rogers Ave,11225,309,BKCB9,AC,False,True,1200,40.66632,-73.9536,False
611408,7-Eleven Store 32884A,Paik Richard D,6415 3Rd Ave  ###,11220,310,BKCB10,AC,False,True,1000,40.63932,-74.02293,False
611397,Danish Convenience Store,Danish Convenience 6 Inc,7826 3Rd Ave,11209,310,BKCB10,AC,False,True,1500,40.62868,-74.02894,False
611385,President Food,President Food Corp,247-249 Columbia St,11231,306,BKCB6,AC,False,True,3500,40.68362,-74.00337,False
611376,Great Eagle,Great Eagle Inc,5123 8Th Ave,11220,312,BKCB12,A,False,False,800,40.64008,-74.00478,False
611356,Sui Lam Kung,Sui Lam Kung Inc,280 Kings Hwy,11223,311,BKCB11,A,False,False,1500,40.60519,-73.98036,False
611349,Third Ave Mini Market,Shahab Fahad Farrukh,9721 3Rd Ave,11209,310,BKCB10,AC,False,True,1300,40.61518,-74.03447,False
611345,Rx Warehouse Pharmacy,Rx Warehouse Pharmacy Inc,7724 New Utrecht Ave,11214,311,BKCB11,A,False,False,1000,40.61364,-74.00055,False
611339,Karim One Stop Mini Mart,Karim One Stop Mini Mart Inc,7724 5Th Ave,11209,310,BKCB10,A,False,False,1200,40.62742,-74.02349,False
611330,Bari Pork Store,A&L Pork Store Inc,6319 18Th Ave,11204,311,BKCB11,AC,False,True,1200,40.61988,-73.98943,False
611276,Efe Market,Baklava Inc,2741 Ocean Ave,11229,315,BKCB15,ABC,True,True,1800,40.59446,-73.95048,False
611273,Johnson Gourmet Deli&Gr,Johnson Gourmet Deli&Grill Inc,176 Johnson St,11201,302,BKCB2,AC,False,True,3400,40.69479,-73.98267,False
611272,Wilson Food Center,Wilson Food Center Deli & Grill Inc,443 Wilson Ave,11221,304,BKCB4,AC,False,True,1900,40.69371,-73.91341,False
611266,Paisanos Butcher Shop,Los Paisanos Meat Mkt Inc,162 Smith St,11201,302,BKCB2,AC,False,True,2000,40.68624,-73.99081,False
611247,Westside Pharmacy,Rxmk Corp,210 Avenue U,11223,311,BKCB11,A,False,False,2000,40.59665,-73.97624,False
611221,Flatlands Mini Market,Flatlands Mini Market Inc,104-24 Flatlands Ave,11236,318,BKCB18,AC,False,True,1500,40.6407,-73.88207,False
611210,Landis Sausage King,Landis Pork Store Inc,5909 Avenue N,11234,318,BKCB18,ABC,True,True,2820,40.61952,-73.91774,False
611191,S&I Business,S&I Business Inc,2691 E 14Th St,11235,315,BKCB15,A,False,False,900,40.58573,-73.95487,False
611183,Angel Fish Market,Chi Gu Kim,1255 Broadway,11221,304,BKCB4,AC,False,True,2400,40.69129,-73.92519,False
611176,Buy Best Grocery,Buy Best Grocery Inc,4516 8Th Ave,11220,312,BKCB12,AC,False,True,1600,40.64357,-74.00115,False
611170,Rite Aide 10585,Genovese Drug Stores Inc,2064 Mill Ave,11234,318,BKCB18,A,False,False,20000,40.61558,-73.91453,False
611169,St&M Country Store,Johnson Shawna I,2001 Atlantic Ave,11233,316,BKCB16,AC,False,True,800,40.67668,-73.91589,False
611161,Omni Health,Roasters Express Llc,265 Avenue U,11223,311,BKCB11,AC,False,True,1700,40.59687,-73.97434,False
611143,J&C Minimarket&Fruits,Tineo Fausto A,42 Irving Ave,11237,304,BKCB4,AC,False,True,1500,40.70488,-73.9247,False
611142,C Town,597 Food Corp,597 E 16Th St,11226,314,BKCB14,AC,False,True,5000,40.63563,-73.96242,False
611124,Key Food,319 Meat Market Corp,319 Kings Hwy,11223,311,BKCB11,AC,False,True,10000,40.60496,-73.97844,False
611112,F&R Goldfish,F&R Goldfish Corp,2749 Ocean Ave  #####,11229,315,BKCB15,ACH,False,True,2000,40.594342,-73.950106,True
611105,Trader Joes 558,Trader Joes East Inc,130 Court St,11201,306,BKCB6,A,False,False,16000,40.68948,-73.99249,False
611095,Food Bazaar,Bogopa Manhattan Inc,21 Manhattan Ave. ###,11206,301,BKCB1,AC,False,True,54000,40.70293,-73.9446,False
611090,7-Eleven Store 26601D,Pak Chun Song,2702 Knapp St ####,11235,315,BKCB15,AC,False,True,2300,40.58789,-73.93201,False
611051,Alnoor Live Poultry,Budy Halal Meat Market,145 21St St,11232,307,BKCB7,AC,False,True,1800,40.66335,-73.9967,False
611047,Parkway Meats,Parkway Meat Market Inc,257 Schenectady Ave,11213,308,BKCB8,AC,False,True,2000,40.66976,-73.9338,False
611045,Halsey Supermarket Deli,Halsey Supermarket Deli Corp,169 Halsey St,11216,303,BKCB3,AC,False,True,1200,40.68214,-73.94673,False
611009,Rite Aid 3879,Rite Aid Of New York Inc,6900 4Th Ave,11209,310,BKCB10,A,False,False,6500,40.63446,-74.02359,False
610996,Oriental Pastry&Grcy Co,Moustapha Anas&Ghiath,170 Atlantic Ave,11201,306,BKCB6,ABCD,True,True,3000,40.69008,-73.99382,False
610974,Ccs Ravioli Company,Ccs Ravioli Of Av N Corp,5223 Avenue N,11234,318,BKCB18,ACH,False,True,3500,40.61911,-73.92416,False
610967,C Town 207,T&T Food Corp,146 E 98Th St,11212,316,BKCB16,AC,False,True,7000,40.66341,-73.92115,False
610956,Arnolds Service Station,Arnolds Service Station Inc,1868 Linden Blvd,11207,305,BKCB5,AC,False,True,800,40.65748,-73.89271,False
610954,National Food Center,Perez Bernardo,3601 15Th Ave,11218,312,BKCB12,AC,False,True,1500,40.63954,-73.98025,False
610942,Villas Mexico,Villas Mexico Corp,3912 Ft Hamilton Pkwy,11218,312,BKCB12,AC,False,True,1300,40.64288,-73.99091,False
610939,Bensonhurst Markets,Veipas Food Plaza Corp,7215 20Th Ave,11204,311,BKCB11,AC,False,True,2400,40.61211,-73.99044,False
610938,Stuyvesant Deli Suprmkt,357 Stuyvesant Grocery Inc,357 Stuyvesant Ave,11233,303,BKCB3,AC,False,True,1400,40.68204,-73.93186,False
610912,Associated,4121 Church Meat Corp,4121 Church Ave,11203,317,BKCB17,AC,False,True,5800,40.65135,-73.9383,False
610901,Beritos Deli&Grocery,Beritos Deli&Grocery Corp,180 Bay 32Nd St,11214,311,BKCB11,AC,False,True,1000,40.59738,-73.99609,False
610898,Shop&Smile Groceries,Shop&Smile Grocery Inc,51 Neptune Ave,11235,313,BKCB13,A,False,False,1250,40.58265,-73.95648,False
610895,Tribuzio Meat Market,Tribuzio Meat Market Inc,7714 18Th Ave,11214,311,BKCB11,AC,False,True,2000,40.61192,-73.99748,False
610880,999 Bagels,999 Bagels Inc,1410 86Th St,11228,311,BKCB11,ABC,True,True,1200,40.61255,-74.01138,False
610867,International Deli,Ester Deli Corp,3664 Nostrand Ave,11229,315,BKCB15,ABC,True,True,1200,40.59464,-73.94076,False
610857,Always Fresh,Always Fresh Inc,5024 Ft Hamilton Pkwy,11219,312,BKCB12,AC,False,True,1200,40.63746,-73.999,False
610842,Mill Basin Shuk,Mill Basin Shuk Inc,6324 Avenue N,11234,318,BKCB18,ABC,True,True,1800,40.61961,-73.91638,False
610835,Novatos Grocery,Novatos Grocery Corp,228 Lewis Ave,11221,303,BKCB3,AC,False,True,1000,40.68875,-73.93619,False
610824,Russos Mozzarella&Pasta,Cangemi Corp,363 7Th Ave,11215,306,BKCB6,AC,False,True,2000,40.66588,-73.98243,False
610820,Grupo Mex Grocery,Grupo Mex Inc,1625 Cortelyou Rd ####,11226,314,BKCB14,AC,False,True,2000,40.64196,-73.96277,False
610818,Zion Kosher Market,Eden Food Market Inc,3802 13Th Ave #######,11218,312,BKCB12,ABCH,True,True,2500,40.641145,-73.986073,True
610811,Nasser Candy Store,Almalahi Nasser,369 Mcdonald Ave,11218,312,BKCB12,AC,False,True,700,40.64495,-73.97984,False
610809,Sunoco Gas Station,1626 Mini Mart Corp,1626 Stillwell Ave,11223,311,BKCB11,AC,False,True,800,40.60639,-73.98709,False
610798,Marketplace Of Bushwick,Hb & Son Meat Corp,1781-1783 Broadway,11207,316,BKCB16,AC,False,True,15000,40.68229,-73.9094,False
610796,Livonia Grocery,Livonia Grocery Corp,933 Livonia Ave,11207,305,BKCB5,AC,False,True,1800,40.66647,-73.88253,False
610794,Ks&S Grocery,Mckellar Kenneth,208 Parkside Ave #####,11226,314,BKCB14,A,False,False,1000,40.654982,-73.960728,True
610785,Village Market,Food Train Inc,368 7Th Ave,11215,306,BKCB6,AC,False,True,3000,40.66579,-73.98251,False
610782,Parkside Deli Grocery,203 Parkside Deli Gro&Lunch Corp,203 Parkside Ave,11226,309,BKCB9,AC,False,True,1500,40.65527,-73.96091,False
610773,Vincent Los Grocery,Los Vincent L,5317 2Nd Ave,11220,307,BKCB7,AC,False,True,1600,40.64702,-74.01907,False
610736,Malcolm X Shop Smart,Malcolm X Shop Smart Corp,297 Malcolm X Blvd,11233,303,BKCB3,AC,False,True,1500,40.68186,-73.92886,False
610696,Landaus Supermarket,Heshe&David Supermarket Inc,4510 18Th Ave,11204,312,BKCB12,ABC,True,True,12000,40.63004,-73.97866,False
610667,Quality Fresh Market,Kosher Food Net Inc,901 Driggs St,11211,301,BKCB1,A,False,False,1100,40.70817,-73.96264,False
610641,Queen Aa Grocery,Queen Aa Grocery Inc,7214 18Th Ave,11204,311,BKCB11,A,False,False,1500,40.61483,-73.99452,False
610640,Key Food 17,Pick Quick Foods Inc,224 Mcguinness Blvd ###,11222,301,BKCB1,AC,False,True,30000,40.72985,-73.95091,False
610637,Gourmet Plaza,Brothers Intl Food Inc,1663-1669 E 13Th St,11229,315,BKCB15,AC,False,True,7500,40.60855,-73.96014,False
610632,New Eastern Ii Frt&Vgtb,New Eastern Ii Fruit&Vgtbles Inc,231 Neptune Ave,11235,313,BKCB13,AC,False,True,5000,40.58145,-73.9623,False
610629,Waverly Urban Market,Waverly Meat&Grocery Inc,367 Waverly Ave,11238,302,BKCB2,ABC,True,True,10000,40.68703,-73.96663,False
610628,Long River Trading,Long River Trading Inc,5416 8Th Avenue,11220,312,BKCB12,A,False,False,1500,40.63852,-74.00639,False
610625,Fruit & Vegetable Sinai Grocery,Tax Lidia Ramos,4227 18Th Ave ###,11218,314,BKCB14,A,False,False,800,40.63132,-73.9759,False
610619,Twin Tower Express Bagel,Bello Herit,975 Mcdonald Ave,11230,314,BKCB14,AC,False,True,0,40.63009,-73.97703,False
610611,Los Hermanos,La Tortilleria Mexicana Los Tres Hermano,271 Starr St,11237,304,BKCB4,ABCHDK,True,True,3500,40.70649,-73.92174,False
610609,11Th Ave Food Ctr Of Ny,11Th Ave Food Center Of Ny Inc,5901 11Th Ave,11219,312,BKCB12,A,False,False,1500,40.632,-74.00242,False
610606,Foodtown #587,9105 K Food Llc,9105 3Rd Ave    #####,11209,310,BKCB10,ABC,True,True,10500,40.619852,-74.032227,True
610605,U Fine Grocery,U Fine Grocery Inc,87 Avenue U,11223,311,BKCB11,AC,False,True,1000,40.59613,-73.98108,False
610600,City Fresh,5009 6Th Ave Supermarket Inc,5009 6Th Ave,11220,307,BKCB7,AC,False,True,10000,40.64353,-74.00837,False
610596,Northside Bakery,Old Poland Foods Llc,149 N 8Th St,11249,301,BKCB1,ABHK,True,False,9900,40.71861,-73.95751,False
610595,Schwartz Grocery,F&H Kosher Supermarket Inc,120 Lee Ave,11211,301,BKCB1,AC,False,True,3500,40.70407,-73.9581,False
610594,Dairy Maid Ravioli/Tasty Mix Products,Dairy Maid Ravioli Mfg Corp,216 Avenue U,11223,311,BKCB11,ACHK,False,True,3000,40.59667,-73.97609,False
610591,10Th Ave Deli Grcy Xprs,Eisheh Ayman M,561 17Th St,11218,307,BKCB7,AC,False,True,800,40.65686,-73.97994,False
610573,Elly'S Market,Dekalb Natural Market Inc,230 Dekalb Ave,11205,302,BKCB2,AC,False,True,2000,40.6895,-73.9698,False
610569,La Alegria Grocery Deli,La Alegria Grocery&Deli Corp,224 S 3Rd St,11211,301,BKCB1,AC,False,True,1500,40.71112,-73.95877,False
610555,Zaitoon,Zaitoon Corp,1082 Coney Island Ave,11230,314,BKCB14,AC,False,True,2000,40.63126,-73.96648,False
610552,Lioni Frsh Mzz&Ital Her,Brooklyn Style Catering Inc,7803 15Th Ave,11228,311,BKCB11,ACD,False,True,1200,40.61579,-74.00494,False
610550,Perez Grocery,Jrc Corner Deli Grocery Inc,620 Maple St,11203,309,BKCB9,AC,False,True,1200,40.66146,-73.94018,False
610520,Jo Mart Chocolates,Jo Mart Chocolates Corp,2917 Avenue R,11229,315,BKCB15,ACH,False,True,3000,40.60734,-73.94356,False
610519,Fresh Green Farm,Fresh Green Farm Inc,6002 5Th Ave,11220,307,BKCB7,AC,False,True,1500,40.63938,-74.01628,False
610516,Walgreens #11808,Walgreen Eastern Co Inc,4915 Flatlands Ave,11234,318,BKCB18,A,False,False,4720,40.62647,-73.92797,False
610515,Dollar Tree #4399,Dollar Tree Stores Inc,590 Hamilton Ave,11232,307,BKCB7,A,False,False,10000,40.66669,-73.9966,False
610511,Blue Star Food&Paper,Blue Star Food&Paper Inc,1233 Utica Ave,11203,317,BKCB17,ACHDK,False,True,8000,40.64258,-73.92942,False
610505,City Fresh Market,229 Knickerbocker Meat Corp,229 Knickerbocker Avenue,11237,304,BKCB4,ABC,True,True,4000,40.70295,-73.92562,False
610496,Broadway Meats,Broadway Meats Inc,1259 Broadway,11221,304,BKCB4,AC,False,True,2500,40.69123,-73.92509,False
610478,Union Market,Mpm Enterprises Inc,754-56 Union St ####,11215,306,BKCB6,AC,False,True,2800,40.67538,-73.97782,False
610475,Utica Meat Warehouse,Rima Meat Corp,910 Utica Ave,11203,317,BKCB17,AC,False,True,2500,40.65082,-73.9303,False
610431,Royal Seafood Of Bba,Royal Seafood Of Bba Inc,3100 Ocean Pkwy,11235,313,BKCB13,AC,False,True,1250,40.57584,-73.96892,False
610419,Tastee Patee,Tastee Pattee Ltd,3122 Church Ave,11226,317,BKCB17,ABH,True,False,4000,40.65087,-73.94787,False
610404,Sahadi Importing Co,Sahadi Importing Co Inc,187-189 Atlantic Ave,11201,306,BKCB6,ACK,False,True,3500,40.68999,-73.99347,False
610403,Nc Country Store,Mcmickel Geraldine,1169 Bedford Ave,11216,303,BKCB3,AC,False,True,1000,40.6834,-73.95392,False
610396,Mr Coco,Roro 414 Corp,414 Myrtle Ave,11205,302,BKCB2,AC,False,True,2500,40.69311,-73.96921,False
610395,Spitzers Bakery,Spitzers Bakery Inc,657 Bedford Ave,11211,301,BKCB1,AC,False,True,2000,40.70153,-73.95822,False
610390,Junior Deli,1102 8Th Ave Food Of Ny Corp,1102 8Th Ave,11215,306,BKCB6,AC,False,True,1600,40.66441,-73.98033,False
610382,Key Food Supermarket,Almonte Lands Food Corp,5101 Avenue N,11234,318,BKCB18,AC,False,True,10000,40.61903,-73.92556,False
610378,Embe Food,Embe Food Dist Inc,1328 39Th St #######,11218,312,BKCB12,ACD,False,True,10000,40.640003,-73.98575,True
610377,Kings Highway Bakery,Roccos Kings Highway Bakery Inc,292 Kings Hwy,11223,311,BKCB11,ABHK,True,False,2600,40.60512,-73.97969,False
610362,Eghe African Market,Erhunmwunsee Dorah,1782 Pitkin Ave,11212,316,BKCB16,AC,False,True,900,40.6702,-73.90735,False
610350,J&J Grocery,Park Jung Kyu,1840 Coney Island Ave,11230,314,BKCB14,AC,False,True,1000,40.61242,-73.96283,False
610345,Busy Corner Fruits&Vgtb,Busy Corner Grocery Inc,801 Kings Hwy,11223,315,BKCB15,AC,False,True,1000,40.60656,-73.96433,False
610343,Wilson Poultry,Wilson Poultry Market Inc,205 Wilson St,11211,301,BKCB1,AC,False,True,520,40.70707,-73.9598,False
610339,Not Just Bagel Store,Not Just Bagel Store& Grocery Inc,5913 New Utrecht Ave  #####,11219,312,BKCB12,AC,False,True,1400,40.627875,-73.996285,True
610332,Caputos Fine Foods,Caputos Fine Foods Inc,460 Court St,11231,306,BKCB6,AC,False,True,2500,40.67822,-73.99789,False
610329,Walgreens #12732,Walgreen Eastern Co Inc,9408 3Rd Ave,11209,310,BKCB10,A,False,False,20000,40.61756,-74.03347,False
610327,A&M Grocery Store,Majrud Abdo S,4624 Avenue D,11203,317,BKCB17,AC,False,True,1800,40.64195,-73.93244,False
610325,City Fresh Market,La Rotonda Meat Corp,655 Stanley Ave,11207,305,BKCB5,AC,False,True,10000,40.65921,-73.88422,False
610316,Aris Fruitland,Aris Fruitland Inc,4504 Ft Hamilton Pkwy,11219,312,BKCB12,AC,False,True,2000,40.64022,-73.99492,False
610300,C Town Supermarket,Kids Am Inc,330 Graham Ave,11211,301,BKCB1,AC,False,True,5000,40.71409,-73.94431,False
610297,Sem Sem Deli,Sem Sem Deli Corp,75 Humboldt St,11206,301,BKCB1,AC,False,True,1500,40.70412,-73.94093,False
610292,Bochners Grocery,Bochners Grocery Llc,5001 16Th Ave,11204,312,BKCB12,AC,False,True,4000,40.63036,-73.9862,False
610289,Krm Supermarket,Max Binik Z L Corp,1325 39Th St,11218,312,BKCB12,AC,False,True,10000,40.64026,-73.98567,False
610288,R&M Grocery,R&M Grocery Corp,285 Neptune Ave ##,11235,313,BKCB13,AC,False,True,1000,40.58112,-73.96381,False
610286,18Th Ave Supermarket,Amin Grocery Corp,4301 18Th Ave,11218,314,BKCB14,AC,False,True,2000,40.6312,-73.97616,False
610268,Martinez Grocery,Martinez Nelson,370 Court St,11231,306,BKCB6,AC,False,True,1200,40.68157,-73.99626,False
610267,Seven Seas Ii,Kim Kwang Ho,1856 Nostrand Ave ####,11226,317,BKCB17,AC,False,True,1800,40.64045,-73.94845,False
610266,Mehadrin Meats,Mehadrin Meats Corp,4809 18Th Ave,11204,312,BKCB12,AC,False,True,1200,40.62861,-73.98069,False
610265,Cvs Pharmacy #802,Cvs Albany Llc,2320 Ralph Ave###,11234,318,BKCB18,A,False,False,15000,40.62129,-73.91745,False
610260,Moishes Fruit&Grocery,Moishes Fruit&Grocery Centre Inc,4807 16Th Ave,11204,312,BKCB12,AC,False,True,1600,40.63142,-73.9851,False
610244,Jerusalem Glatt,Sasson & Farah Glatt Kosher Meats Inc,710 Kings Hwy,11223,315,BKCB15,AC,False,True,2000,40.60624,-73.96529,False
610202,Acme Smoked Fish,Acme Smoked Fish Corp,30 Gem St,11222,301,BKCB1,ACHK,False,True,60000,40.72538,-73.95673,False
610201,7324 Neighborhood Deli,7324 Neighborhood Deli Inc,7324 6Th Ave,11209,310,BKCB10,AC,False,True,1500,40.62929,-74.01977,False
610184,Polish Deli&Foods,Lajkonik Inc,7722 18Th Ave,11214,311,BKCB11,AC,False,True,1000,40.61175,-73.99766,False
610176,Makolet Yerushalim,Makolet Yerushalim Inc,727 Avenue U,11223,315,BKCB15,AC,False,True,1200,40.59809,-73.96317,False
610155,New Public Meat Market,New Public Meat Market Inc,5021 5Th Ave,11220,307,BKCB7,AC,False,True,1500,40.64465,-74.01077,False
610128,Alanteri Deli,Alanteri Deli Corp,719 Fulton St,11217,302,BKCB2,AC,False,True,800,40.68727,-73.97685,False
610124,C Town,David&Sons Food Corp,241 Taaffe Pl,11205,303,BKCB3,AC,False,True,8000,40.69087,-73.95952,False
610122,Freunds Fish Market,13Th Avenue Fish Market Inc,4301 15Th Ave,11219,312,BKCB12,ACHK,False,True,1500,40.63564,-73.9843,False
610120,Bayridge Bakery,Bayridge Classic Patisserie Ltd,7805 5Th Ave ####,11209,310,BKCB10,ABH,True,False,3000,40.62703,-74.02365,False
610113,Key Food,1533 Supermarket Inc,1533 Broadway ##,11221,316,BKCB16,AC,False,True,9000,40.68636,-73.91659,False
610109,M&D Warsaw Deli,M&D Warsaw Polish Deli Corp,4012 14Th Ave,11218,312,BKCB12,AC,False,True,1600,40.63848,-73.98494,False
610107,Bd Food Supermarket,Doleh Bassam,510 7Th Ave,11215,307,BKCB7,AC,False,True,4800,40.66121,-73.9864,False
610100,El Vacilon Grocery,El Vacilon Grocery Corp,9521 Church Ave,11212,317,BKCB17,AC,False,True,1500,40.6555,-73.91578,False
610091,Ouris Market,Ouris Market Inc,427 Avenue U,11223,315,BKCB15,AC,False,True,2700,40.59753,-73.96827,False
610088,J Korn Bakery,Josef Korn Bake Shop Inc,4322 15Th Ave,11219,312,BKCB12,AC,False,True,400,40.6353,-73.98467,False
610085,Moshe Bakery,Moshe Bakery Inc,1311 48Th St #######,11219,312,BKCB12,ABCH,True,True,600,40.635532,-73.991184,True
610077,3 Sisters Deli Grocery,3 Sisters Deli Grocery Ny Corp,269 Dumont Ave,11212,316,BKCB16,ABC,True,True,2000,40.66406,-73.90956,False
610076,3Rd Avenue Mini Market 1,3Rd Avenue Mini Market I Inc,7024 3Rd Ave,11209,310,BKCB10,AC,False,True,1000,40.63436,-74.0266,False
610060,Smile Fish,Smile Fish Market Inc,1444 Nostrand Ave,11226,317,BKCB17,AC,False,True,1800,40.65114,-73.94961,False
610056,Cepeda Grocery,Cepeda Nelson,746 Washington Ave,11238,308,BKCB8,AC,False,True,800,40.6758,-73.96339,False
610025,Moon Deli,Moon Deli Corp,2129 Atlantic Ave,11233,316,BKCB16,AC,False,True,1500,40.67627,-73.90853,False
610016,Adam Deli & Delicatessen,Adam Deli & Delicatessen Corp,112A Nassau Ave,11222,301,BKCB1,AC,False,True,1500,40.72426,-73.94929,False
610012,Bgs Seafood,Bgs245 Corp,382 Mcdonald Ave #######,11218,312,BKCB12,AC,False,True,600,40.64479,-73.980186,True
610009,Union Market,Mpm Enterprises Court Street Inc,288 Court St,11231,306,BKCB6,AC,False,True,10000,40.68427,-73.99498,False
610003,Franklin Corner Cafe,Nimi Naz Corp,210 Franklin St,11222,301,BKCB1,AC,False,True,1400,40.73284,-73.95807,False
