{"type": "FeatureCollection", "features": [{"type": "Feature", "properties": {"felt:feature": 1, "ed_label": "AD 68 ED 001", "elect_dist": "68001", "borough": "Manhattan", "community_board": 11, "community_board_label": "Manhattan CB11", "popup_title": "Manhattan CB11 \u2014 AD 68 ED 001", "general_mayor": "ZOHRAN KWAME MAMDANI beat ANDREW M. CUOMO, 297 to 90, 73.2% to 22.2%; total votes 406.", "general_mayor_winner": "Mamdani", "general_public_advocate": "JUMAANE D. WILLIAMS beat GONZALO DURAN, 351 to 34, 90.7% to 8.8%; total votes 387.", "general_public_advocate_winner": "Williams", "general_comptroller": "MARK D. LEVINE beat PETER KEFALAS, 340 to 26, 89.7% to 6.9%; total votes 379.", "general_comptroller_winner": "Levine", "question_1": "Disapprove beat Approve, 209 to 128, 62.0% to 38.0%; total votes 337.", "question_1_winner": "No-disapprove!", "question_2": "Approve beat Disapprove, 254 to 97, 72.4% to 27.6%; total votes 351.", "question_2_winner": "Yes-approve!", "question_3": "Approve beat Disapprove, 234 to 118, 66.5% to 33.5%; total votes 352.", "question_3_winner": "Yes-approve!", "question_4": "Approve beat Disapprove, 241 to 102, 70.3% to 29.7%; total votes 343.", "question_4_winner": "Yes-approve!", "question_5": "Approve beat Disapprove, 283 to 59, 82.7% to 17.3%; total votes 342.", "question_5_winner": "Yes-approve!", "question_6": "Approve beat Disapprove, 190 to 156, 54.9% to 45.1%; total votes 346.", "question_6_winner": "Yes-approve!", "dem_primary_mayor": "Zohran Kwame Mamdani beat Andrew M. Cuomo, 124 to 55, 56.4% to 25.0%; total votes 220.", "dem_primary_mayor_winner": "Mamdani", "dem_primary_public_advocate": "Jumaane D. Williams beat Jenifer Rajkumar, 172 to 30, 81.5% to 14.2%; total votes 211.", "dem_primary_public_advocate_winner": "Williams", "dem_primary_comptroller": "Mark D. Levine beat Justin Brannan, 104 to 54, 51.0% to 26.5%; total votes 204.", "dem_primary_comptroller_winner": "Levine", "popup_summary": "Mayor: ZOHRAN KWAME MAMDANI beat ANDREW M. CUOMO, 297 to 90, 73.2% to 22.2%; total votes 406. | Public Advocate: JUMAANE D. WILLIAMS beat GONZALO DURAN, 351 to 34, 90.7% to 8.8%; total votes 387. | City Comptroller: MARK D. LEVINE beat PETER KEFALAS, 340 to 26, 89.7% to 6.9%; total votes 379. | Question 1: Disapprove beat Approve, 209 to 128, 62.0% to 38.0%; total votes 337. | Question 2: Approve beat Disapprove, 254 to 97, 72.4% to 27.6%; total votes 351. | Question 3: Approve beat Disapprove, 234 to 118, 66.5% to 33.5%; total votes 352. | Question 4: Approve beat Disapprove, 241 to 102, 70.3% to 29.7%; total votes 343. | Question 5: Approve beat Disapprove, 283 to 59, 82.7% to 17.3%; total votes 342. | Question 6: Approve beat Disapprove, 190 to 156, 54.9% to 45.1%; total votes 346. | Dem Primary Mayor: Zohran Kwame Mamdani beat Andrew M. Cuomo, 124 to 55, 56.4% to 25.0%; total votes 220. | Dem Primary Public Advocate: Jumaane D. Williams beat Jenifer Rajkumar, 172 to 30, 81.5% to 14.2%; total votes 211. | Dem Primary Comptroller: Mark D. Levine beat Justin Brannan, 104 to 54, 51.0% to 26.5%; total votes 204.", "mayor_margin": 51.0, "q2_yes": 72.4, "q3_yes": 66.5, "q4_yes": 70.3}, "geometry": {"type": "MultiPolygon", "coordinates": [[[[-73.9358078, 40.8094976], [-73.9358626, 40.8094302], [-73.9362594, 40.8088556], [-73.9367183, 40.8082205], [-73.9369592, 40.8078962], [-73.9371801, 40.807599], [-73.9376344, 40.8069746], [-73.9380867, 40.806353], [-73.9385441, 40.8057297], [-73.9386943, 40.805791], [-73.9401579, 40.8064091], [-73.9397012, 40.8070349], [-73.9392478, 40.8076549], [-73.9387925, 40.8082801], [-73.9384763, 40.8087137], [-73.9383377, 40.8089038], [-73.93788, 40.809525], [-73.9374073, 40.8101756], [-73.9358078, 40.8094976]]]]}}, {"type": "Feature", "properties": {"felt:feature": 2, "ed_label": "AD 68 ED 002", "elect_dist": "68002", "borough": "Manhattan", "community_board": 11, "community_board_label": "Manhattan CB11", "popup_title": "Manhattan CB11 \u2014 AD 68 ED 002", "general_mayor": "ZOHRAN KWAME MAMDANI beat ANDREW M. CUOMO, 202 to 143, 55.2% to 39.1%; total votes 366.", "general_mayor_winner": "Mamdani", "general_public_advocate": "JUMAANE D. WILLIAMS beat GONZALO DURAN, 291 to 32, 88.5% to 9.7%; total votes 329.", "general_public_advocate_winner": "Williams", "general_comptroller": "MARK D. LEVINE beat PETER KEFALAS, 260 to 25, 83.9% to 8.1%; total votes 310.", "general_comptroller_winner": "Levine", "question_1": "Approve beat Disapprove, 138 to 137, 50.2% to 49.8%; total votes 275.", "question_1_winner": "Yes-approve!", "question_2": "Approve beat Disapprove, 228 to 61, 78.9% to 21.1%; total votes 289.", "question_2_winner": "Yes-approve!", "question_3": "Approve beat Disapprove, 191 to 81, 70.2% to 29.8%; total votes 272.", "question_3_winner": "Yes-approve!", "question_4": "Approve beat Disapprove, 219 to 60, 78.5% to 21.5%; total votes 279.", "question_4_winner": "Yes-approve!", "question_5": "Approve beat Disapprove, 206 to 67, 75.5% to 24.5%; total votes 273.", "question_5_winner": "Yes-approve!", "question_6": "Approve beat Disapprove, 139 to 138, 50.2% to 49.8%; total votes 277.", "question_6_winner": "Yes-approve!", "dem_primary_mayor": "Andrew M. Cuomo beat Zohran Kwame Mamdani, 101 to 66, 51.5% to 33.7%; total votes 196.", "dem_primary_mayor_winner": "Cuomo", "dem_primary_public_advocate": "Jumaane D. Williams beat Jenifer Rajkumar, 133 to 18, 80.6% to 10.9%; total votes 165.", "dem_primary_public_advocate_winner": "Williams", "dem_primary_comptroller": "Mark D. Levine beat Ismael Malave Perez, 96 to 25, 58.2% to 15.2%; total votes 165.", "dem_primary_comptroller_winner": "Levine", "popup_summary": "Mayor: ZOHRAN KWAME MAMDANI beat ANDREW M. CUOMO, 202 to 143, 55.2% to 39.1%; total votes 366. | Public Advocate: JUMAANE D. WILLIAMS beat GONZALO DURAN, 291 to 32, 88.5% to 9.7%; total votes 329. | City Comptroller: MARK D. LEVINE beat PETER KEFALAS, 260 to 25, 83.9% to 8.1%; total votes 310. | Question 1: Approve beat Disapprove, 138 to 137, 50.2% to 49.8%; total votes 275. | Question 2: Approve beat Disapprove, 228 to 61, 78.9% to 21.1%; total votes 289. | Question 3: Approve beat Disapprove, 191 to 81, 70.2% to 29.8%; total votes 272. | Question 4: Approve beat Disapprove, 219 to 60, 78.5% to 21.5%; total votes 279. | Question 5: Approve beat Disapprove, 206 to 67, 75.5% to 24.5%; total votes 273. | Question 6: Approve beat Disapprove, 139 to 138, 50.2% to 49.8%; total votes 277. | Dem Primary Mayor: Andrew M. Cuomo beat Zohran Kwame Mamdani, 101 to 66, 51.5% to 33.7%; total votes 196. | Dem Primary Public Advocate: Jumaane D. Williams beat Jenifer Rajkumar, 133 to 18, 80.6% to 10.9%; total votes 165. | Dem Primary Comptroller: Mark D. Levine beat Ismael Malave Perez, 96 to 25, 58.2% to 15.2%; total votes 165.", "mayor_margin": 16.1, "q2_yes": 78.9, "q3_yes": 70.2, "q4_yes": 78.5}, "geometry": {"type": "MultiPolygon", "coordinates": [[[[-73.9332591, 40.8072372], [-73.9334859, 40.8071411], [-73.9335549, 40.8071118], [-73.933628, 40.807081], [-73.9336663, 40.8070637], [-73.9337492, 40.8070264], [-73.9338201, 40.8071085], [-73.9339331, 40.8072625], [-73.9342501, 40.8076946], [-73.9345355, 40.8081363], [-73.9346643, 40.8081751], [-73.9351053, 40.8075399], [-73.9355621, 40.8069171], [-73.9360164, 40.8062957], [-73.937098, 40.8067485], [-73.9371628, 40.8067756], [-73.9375128, 40.8069222], [-73.9376344, 40.8069746], [-73.9371801, 40.807599], [-73.9369592, 40.8078962], [-73.9367183, 40.8082205], [-73.9362594, 40.8088556], [-73.9358626, 40.8094302], [-73.9358078, 40.8094976], [-73.9353629, 40.8100653], [-73.9352155, 40.8102099], [-73.9350228, 40.8103795], [-73.93496, 40.8104224], [-73.9348681, 40.8104948], [-73.9347333, 40.8106025], [-73.9346652, 40.8106358], [-73.9345812, 40.8106769], [-73.9342823, 40.8108231], [-73.9343042, 40.8104817], [-73.9343144, 40.8103223], [-73.9343408, 40.8099276], [-73.9343386, 40.8095622], [-73.9342139, 40.8090592], [-73.9341964, 40.8090319], [-73.9341353, 40.8087364], [-73.9341207, 40.8086565], [-73.9335612, 40.8076007], [-73.9333285, 40.8073189], [-73.9332591, 40.8072372]]]]}}, {"type": "Feature", "properties": {"felt:feature": 3, "ed_label": "AD 68 ED 003", "elect_dist": "68003", "borough": "Manhattan", "community_board": 11, "community_board_label": "Manhattan CB11", "popup_title": "Manhattan CB11 \u2014 AD 68 ED 003", "general_mayor": "ZOHRAN KWAME MAMDANI beat ANDREW M. CUOMO, 93 to 90, 47.7% to 46.2%; total votes 195.", "general_mayor_winner": "Mamdani", "general_public_advocate": "JUMAANE D. WILLIAMS beat GONZALO DURAN, 151 to 15, 89.9% to 8.9%; total votes 168.", "general_public_advocate_winner": "Williams", "general_comptroller": "MARK D. LEVINE beat ISMAEL MALAVE PEREZ, 143 to 14, 84.6% to 8.3%; total votes 169.", "general_comptroller_winner": "Levine", "question_1": "Approve beat Disapprove, 79 to 76, 51.0% to 49.0%; total votes 155.", "question_1_winner": "Yes-approve!", "question_2": "Approve beat Disapprove, 130 to 35, 78.8% to 21.2%; total votes 165.", "question_2_winner": "Yes-approve!", "question_3": "Approve beat Disapprove, 113 to 49, 69.8% to 30.2%; total votes 162.", "question_3_winner": "Yes-approve!", "question_4": "Approve beat Disapprove, 125 to 34, 78.6% to 21.4%; total votes 159.", "question_4_winner": "Yes-approve!", "question_5": "Approve beat Disapprove, 115 to 42, 73.2% to 26.8%; total votes 157.", "question_5_winner": "Yes-approve!", "question_6": "Approve beat Disapprove, 82 to 74, 52.6% to 47.4%; total votes 156.", "question_6_winner": "Yes-approve!", "dem_primary_mayor": "Andrew M. Cuomo beat Zohran Kwame Mamdani, 71 to 20, 64.5% to 18.2%; total votes 110.", "dem_primary_mayor_winner": "Cuomo", "dem_primary_public_advocate": "Jumaane D. Williams beat Jenifer Rajkumar, 84 to 9, 87.5% to 9.4%; total votes 96.", "dem_primary_public_advocate_winner": "Williams", "dem_primary_comptroller": "Mark D. Levine beat Justin Brannan, 59 to 16, 61.5% to 16.7%; total votes 96.", "dem_primary_comptroller_winner": "Levine", "popup_summary": "Mayor: ZOHRAN KWAME MAMDANI beat ANDREW M. CUOMO, 93 to 90, 47.7% to 46.2%; total votes 195. | Public Advocate: JUMAANE D. WILLIAMS beat GONZALO DURAN, 151 to 15, 89.9% to 8.9%; total votes 168. | City Comptroller: MARK D. LEVINE beat ISMAEL MALAVE PEREZ, 143 to 14, 84.6% to 8.3%; total votes 169. | Question 1: Approve beat Disapprove, 79 to 76, 51.0% to 49.0%; total votes 155. | Question 2: Approve beat Disapprove, 130 to 35, 78.8% to 21.2%; total votes 165. | Question 3: Approve beat Disapprove, 113 to 49, 69.8% to 30.2%; total votes 162. | Question 4: Approve beat Disapprove, 125 to 34, 78.6% to 21.4%; total votes 159. | Question 5: Approve beat Disapprove, 115 to 42, 73.2% to 26.8%; total votes 157. | Question 6: Approve beat Disapprove, 82 to 74, 52.6% to 47.4%; total votes 156. | Dem Primary Mayor: Andrew M. Cuomo beat Zohran Kwame Mamdani, 71 to 20, 64.5% to 18.2%; total votes 110. | Dem Primary Public Advocate: Jumaane D. Williams beat Jenifer Rajkumar, 84 to 9, 87.5% to 9.4%; total votes 96. | Dem Primary Comptroller: Mark D. Levine beat Justin Brannan, 59 to 16, 61.5% to 16.7%; total votes 96.", "mayor_margin": 1.5, "q2_yes": 78.8, "q3_yes": 69.8, "q4_yes": 78.6}, "geometry": {"type": "MultiPolygon", "coordinates": [[[[-73.9360164, 40.8062957], [-73.9360753, 40.8062148], [-73.9364714, 40.8056702], [-73.9369277, 40.8050464], [-73.9374185, 40.8043747], [-73.9379138, 40.8036992], [-73.9393874, 40.8043227], [-73.9395237, 40.8043792], [-73.939035, 40.8050565], [-73.9385441, 40.8057297], [-73.9380867, 40.806353], [-73.9376344, 40.8069746], [-73.9375128, 40.8069222], [-73.9371628, 40.8067756], [-73.937098, 40.8067485], [-73.9360164, 40.8062957]]]]}}, {"type": "Feature", "properties": {"felt:feature": 4, "ed_label": "AD 68 ED 004", "elect_dist": "68004", "borough": "Manhattan", "community_board": 11, "community_board_label": "Manhattan CB11", "popup_title": "Manhattan CB11 \u2014 AD 68 ED 004", "general_mayor": "ZOHRAN KWAME MAMDANI beat ANDREW M. CUOMO, 393 to 142, 71.2% to 25.7%; total votes 552.", "general_mayor_winner": "Mamdani", "general_public_advocate": "JUMAANE D. WILLIAMS beat GONZALO DURAN, 496 to 36, 92.4% to 6.7%; total votes 537.", "general_public_advocate_winner": "Williams", "general_comptroller": "MARK D. LEVINE beat PETER KEFALAS, 485 to 22, 93.1% to 4.2%; total votes 521.", "general_comptroller_winner": "Levine", "question_1": "Disapprove beat Approve, 274 to 217, 55.8% to 44.2%; total votes 491.", "question_1_winner": "No-disapprove!", "question_2": "Approve beat Disapprove, 351 to 152, 69.8% to 30.2%; total votes 503.", "question_2_winner": "Yes-approve!", "question_3": "Approve beat Disapprove, 299 to 203, 59.6% to 40.4%; total votes 502.", "question_3_winner": "Yes-approve!", "question_4": "Approve beat Disapprove, 319 to 178, 64.2% to 35.8%; total votes 497.", "question_4_winner": "Yes-approve!", "question_5": "Approve beat Disapprove, 415 to 87, 82.7% to 17.3%; total votes 502.", "question_5_winner": "Yes-approve!", "question_6": "Approve beat Disapprove, 249 to 247, 50.2% to 49.8%; total votes 496.", "question_6_winner": "Yes-approve!", "dem_primary_mayor": "Zohran Kwame Mamdani beat Andrew M. Cuomo, 152 to 85, 48.1% to 26.9%; total votes 316.", "dem_primary_mayor_winner": "Mamdani", "dem_primary_public_advocate": "Jumaane D. Williams beat Jenifer Rajkumar, 252 to 44, 82.1% to 14.3%; total votes 307.", "dem_primary_public_advocate_winner": "Williams", "dem_primary_comptroller": "Mark D. Levine beat Justin Brannan, 176 to 76, 58.7% to 25.3%; total votes 300.", "dem_primary_comptroller_winner": "Levine", "popup_summary": "Mayor: ZOHRAN KWAME MAMDANI beat ANDREW M. CUOMO, 393 to 142, 71.2% to 25.7%; total votes 552. | Public Advocate: JUMAANE D. WILLIAMS beat GONZALO DURAN, 496 to 36, 92.4% to 6.7%; total votes 537. | City Comptroller: MARK D. LEVINE beat PETER KEFALAS, 485 to 22, 93.1% to 4.2%; total votes 521. | Question 1: Disapprove beat Approve, 274 to 217, 55.8% to 44.2%; total votes 491. | Question 2: Approve beat Disapprove, 351 to 152, 69.8% to 30.2%; total votes 503. | Question 3: Approve beat Disapprove, 299 to 203, 59.6% to 40.4%; total votes 502. | Question 4: Approve beat Disapprove, 319 to 178, 64.2% to 35.8%; total votes 497. | Question 5: Approve beat Disapprove, 415 to 87, 82.7% to 17.3%; total votes 502. | Question 6: Approve beat Disapprove, 249 to 247, 50.2% to 49.8%; total votes 496. | Dem Primary Mayor: Zohran Kwame Mamdani beat Andrew M. Cuomo, 152 to 85, 48.1% to 26.9%; total votes 316. | Dem Primary Public Advocate: Jumaane D. Williams beat Jenifer Rajkumar, 252 to 44, 82.1% to 14.3%; total votes 307. | Dem Primary Comptroller: Mark D. Levine beat Justin Brannan, 176 to 76, 58.7% to 25.3%; total votes 300.", "mayor_margin": 45.5, "q2_yes": 69.8, "q3_yes": 59.6, "q4_yes": 64.2}, "geometry": {"type": "MultiPolygon", "coordinates": [[[[-73.9401579, 40.8064091], [-73.9386943, 40.805791], [-73.9385441, 40.8057297], [-73.939035, 40.8050565], [-73.9395237, 40.8043792], [-73.9399824, 40.8037527], [-73.9404374, 40.803122], [-73.9408966, 40.8024945], [-73.9413533, 40.801866], [-73.9414911, 40.8019229], [-73.9429932, 40.8025615], [-73.9435023, 40.8027719], [-73.9444633, 40.8031689], [-73.9443757, 40.8032913], [-73.944384, 40.8035195], [-73.9442847, 40.8036543], [-73.9439516, 40.804109], [-73.9433396, 40.8049443], [-73.9429082, 40.8055331], [-73.9427537, 40.805744], [-73.9422631, 40.8064157], [-73.9417714, 40.807089], [-73.9401579, 40.8064091]]]]}}, {"type": "Feature", "properties": {"felt:feature": 5, "ed_label": "AD 68 ED 005", "elect_dist": "68005", "borough": "Manhattan", "community_board": 11, "community_board_label": "Manhattan CB11", "popup_title": "Manhattan CB11 \u2014 AD 68 ED 005", "general_mayor": "ZOHRAN KWAME MAMDANI beat ANDREW M. CUOMO, 167.2 to 44.4, 76.0% to 20.2%; total votes 220.1.", "general_mayor_winner": "Mamdani", "general_public_advocate": "JUMAANE D. WILLIAMS beat GONZALO DURAN, 196.1 to 10, 94.2% to 4.8%; total votes 208.1.", "general_public_advocate_winner": "Williams", "general_comptroller": "MARK D. LEVINE beat PETER KEFALAS, 193.6 to 7.5, 94.9% to 3.7%; total votes 204.1.", "general_comptroller_winner": "Levine", "question_1": "Disapprove beat Approve, 106.3 to 99.8, 51.6% to 48.4%; total votes 206.1.", "question_1_winner": "No-disapprove!", "question_2": "Approve beat Disapprove, 142.7 to 68.9, 67.5% to 32.5%; total votes 211.6.", "question_2_winner": "Yes-approve!", "question_3": "Approve beat Disapprove, 130.7 to 74.4, 63.7% to 36.3%; total votes 205.1.", "question_3_winner": "Yes-approve!", "question_4": "Approve beat Disapprove, 134.7 to 69.9, 65.9% to 34.1%; total votes 204.6.", "question_4_winner": "Yes-approve!", "question_5": "Approve beat Disapprove, 178.6 to 29.9, 85.6% to 14.4%; total votes 208.6.", "question_5_winner": "Yes-approve!", "question_6": "Approve beat Disapprove, 111.3 to 92.8, 54.5% to 45.5%; total votes 204.1.", "question_6_winner": "Yes-approve!", "dem_primary_mayor": "Zohran Kwame Mamdani beat Andrew M. Cuomo, 78.8 to 30.4, 55.1% to 21.3%; total votes 143.2.", "dem_primary_mayor_winner": "Mamdani", "dem_primary_public_advocate": "Jumaane D. Williams beat Jenifer Rajkumar, 116.3 to 8.5, 88.3% to 6.4%; total votes 131.7.", "dem_primary_public_advocate_winner": "Williams", "dem_primary_comptroller": "Mark D. Levine beat Justin Brannan, 71.4 to 39.4, 54.8% to 30.3%; total votes 130.2.", "dem_primary_comptroller_winner": "Levine", "popup_summary": "Mayor: ZOHRAN KWAME MAMDANI beat ANDREW M. CUOMO, 167.2 to 44.4, 76.0% to 20.2%; total votes 220.1. | Public Advocate: JUMAANE D. WILLIAMS beat GONZALO DURAN, 196.1 to 10, 94.2% to 4.8%; total votes 208.1. | City Comptroller: MARK D. LEVINE beat PETER KEFALAS, 193.6 to 7.5, 94.9% to 3.7%; total votes 204.1. | Question 1: Disapprove beat Approve, 106.3 to 99.8, 51.6% to 48.4%; total votes 206.1. | Question 2: Approve beat Disapprove, 142.7 to 68.9, 67.5% to 32.5%; total votes 211.6. | Question 3: Approve beat Disapprove, 130.7 to 74.4, 63.7% to 36.3%; total votes 205.1. | Question 4: Approve beat Disapprove, 134.7 to 69.9, 65.9% to 34.1%; total votes 204.6. | Question 5: Approve beat Disapprove, 178.6 to 29.9, 85.6% to 14.4%; total votes 208.6. | Question 6: Approve beat Disapprove, 111.3 to 92.8, 54.5% to 45.5%; total votes 204.1. | Dem Primary Mayor: Zohran Kwame Mamdani beat Andrew M. Cuomo, 78.8 to 30.4, 55.1% to 21.3%; total votes 143.2. | Dem Primary Public Advocate: Jumaane D. Williams beat Jenifer Rajkumar, 116.3 to 8.5, 88.3% to 6.4%; total votes 131.7. | Dem Primary Comptroller: Mark D. Levine beat Justin Brannan, 71.4 to 39.4, 54.8% to 30.3%; total votes 130.2.", "mayor_margin": 55.8, "q2_yes": 67.5, "q3_yes": 63.7, "q4_yes": 65.9}, "geometry": {"type": "MultiPolygon", "coordinates": [[[[-73.9427537, 40.805744], [-73.9429082, 40.8055331], [-73.9433396, 40.8049443], [-73.9439516, 40.804109], [-73.9442847, 40.8036543], [-73.944384, 40.8035195], [-73.9443757, 40.8032913], [-73.9444633, 40.8031689], [-73.9445992, 40.803225], [-73.9447093, 40.8032719], [-73.9456184, 40.803659], [-73.9462005, 40.8039065], [-73.9477245, 40.8045493], [-73.947813, 40.8045866], [-73.9473519, 40.8052132], [-73.9469, 40.8058389], [-73.946438, 40.8064691], [-73.9459777, 40.8070981], [-73.9458944, 40.807063], [-73.9443559, 40.8064136], [-73.9437748, 40.8061706], [-73.9431577, 40.8059128], [-73.9428555, 40.8057866], [-73.9427537, 40.805744]]]]}}, {"type": "Feature", "properties": {"felt:feature": 6, "ed_label": "AD 68 ED 006", "elect_dist": "68006", "borough": "Manhattan", "community_board": 11, "community_board_label": "Manhattan CB11", "popup_title": "Manhattan CB11 \u2014 AD 68 ED 006", "general_mayor": "ZOHRAN KWAME MAMDANI beat ANDREW M. CUOMO, 269 to 113, 66.6% to 28.0%; total votes 404.", "general_mayor_winner": "Mamdani", "general_public_advocate": "JUMAANE D. WILLIAMS beat GONZALO DURAN, 319 to 33, 90.6% to 9.4%; total votes 352.", "general_public_advocate_winner": "Williams", "general_comptroller": "MARK D. LEVINE beat PETER KEFALAS, 305 to 24, 89.7% to 7.1%; total votes 340.", "general_comptroller_winner": "Levine", "question_1": "Disapprove beat Approve, 181 to 148, 55.0% to 45.0%; total votes 329.", "question_1_winner": "No-disapprove!", "question_2": "Approve beat Disapprove, 226 to 106, 68.1% to 31.9%; total votes 332.", "question_2_winner": "Yes-approve!", "question_3": "Approve beat Disapprove, 208 to 120, 63.4% to 36.6%; total votes 328.", "question_3_winner": "Yes-approve!", "question_4": "Approve beat Disapprove, 232 to 95, 70.9% to 29.1%; total votes 327.", "question_4_winner": "Yes-approve!", "question_5": "Approve beat Disapprove, 249 to 77, 76.4% to 23.6%; total votes 326.", "question_5_winner": "Yes-approve!", "question_6": "Disapprove beat Approve, 171 to 150, 53.3% to 46.7%; total votes 321.", "question_6_winner": "No-disapprove!", "dem_primary_mayor": "Zohran Kwame Mamdani beat Andrew M. Cuomo, 108 to 84, 48.4% to 37.7%; total votes 223.", "dem_primary_mayor_winner": "Mamdani", "dem_primary_public_advocate": "Jumaane D. Williams beat Jenifer Rajkumar, 150 to 37, 74.3% to 18.3%; total votes 202.", "dem_primary_public_advocate_winner": "Williams", "dem_primary_comptroller": "Mark D. Levine beat Justin Brannan, 87 to 59, 43.5% to 29.5%; total votes 200.", "dem_primary_comptroller_winner": "Levine", "popup_summary": "Mayor: ZOHRAN KWAME MAMDANI beat ANDREW M. CUOMO, 269 to 113, 66.6% to 28.0%; total votes 404. | Public Advocate: JUMAANE D. WILLIAMS beat GONZALO DURAN, 319 to 33, 90.6% to 9.4%; total votes 352. | City Comptroller: MARK D. LEVINE beat PETER KEFALAS, 305 to 24, 89.7% to 7.1%; total votes 340. | Question 1: Disapprove beat Approve, 181 to 148, 55.0% to 45.0%; total votes 329. | Question 2: Approve beat Disapprove, 226 to 106, 68.1% to 31.9%; total votes 332. | Question 3: Approve beat Disapprove, 208 to 120, 63.4% to 36.6%; total votes 328. | Question 4: Approve beat Disapprove, 232 to 95, 70.9% to 29.1%; total votes 327. | Question 5: Approve beat Disapprove, 249 to 77, 76.4% to 23.6%; total votes 326. | Question 6: Disapprove beat Approve, 171 to 150, 53.3% to 46.7%; total votes 321. | Dem Primary Mayor: Zohran Kwame Mamdani beat Andrew M. Cuomo, 108 to 84, 48.4% to 37.7%; total votes 223. | Dem Primary Public Advocate: Jumaane D. Williams beat Jenifer Rajkumar, 150 to 37, 74.3% to 18.3%; total votes 202. | Dem Primary Comptroller: Mark D. Levine beat Justin Brannan, 87 to 59, 43.5% to 29.5%; total votes 200.", "mayor_margin": 38.6, "q2_yes": 68.1, "q3_yes": 63.4, "q4_yes": 70.9}, "geometry": {"type": "MultiPolygon", "coordinates": [[[[-73.9379138, 40.8036992], [-73.9383715, 40.8030715], [-73.938829, 40.8024443], [-73.9392869, 40.8018164], [-73.9407797, 40.8024443], [-73.9408966, 40.8024945], [-73.9404374, 40.803122], [-73.9399824, 40.8037527], [-73.9395237, 40.8043792], [-73.9393874, 40.8043227], [-73.9379138, 40.8036992]]]]}}, {"type": "Feature", "properties": {"felt:feature": 7, "ed_label": "AD 68 ED 007", "elect_dist": "68007", "borough": "Manhattan", "community_board": 11, "community_board_label": "Manhattan CB11", "popup_title": "Manhattan CB11 \u2014 AD 68 ED 007", "general_mayor": "ANDREW M. CUOMO beat ZOHRAN KWAME MAMDANI, 123 to 120, 47.9% to 46.7%; total votes 257.", "general_mayor_winner": "Cuomo", "general_public_advocate": "JUMAANE D. WILLIAMS beat GONZALO DURAN, 190 to 31, 86.0% to 14.0%; total votes 221.", "general_public_advocate_winner": "Williams", "general_comptroller": "MARK D. LEVINE beat PETER KEFALAS, 172 to 26, 84.3% to 12.7%; total votes 204.", "general_comptroller_winner": "Levine", "question_1": "Disapprove beat Approve, 86 to 79, 52.1% to 47.9%; total votes 165.", "question_1_winner": "No-disapprove!", "question_2": "Approve beat Disapprove, 153 to 26, 85.5% to 14.5%; total votes 179.", "question_2_winner": "Yes-approve!", "question_3": "Approve beat Disapprove, 130 to 45, 74.3% to 25.7%; total votes 175.", "question_3_winner": "Yes-approve!", "question_4": "Approve beat Disapprove, 146 to 26, 84.9% to 15.1%; total votes 172.", "question_4_winner": "Yes-approve!", "question_5": "Approve beat Disapprove, 117 to 52, 69.2% to 30.8%; total votes 169.", "question_5_winner": "Yes-approve!", "question_6": "Disapprove beat Approve, 87 to 83, 51.2% to 48.8%; total votes 170.", "question_6_winner": "No-disapprove!", "dem_primary_mayor": "Andrew M. Cuomo beat Zohran Kwame Mamdani, 70 to 27, 57.9% to 22.3%; total votes 121.", "dem_primary_mayor_winner": "Cuomo", "dem_primary_public_advocate": "Jumaane D. Williams beat Jenifer Rajkumar, 83 to 12, 80.6% to 11.7%; total votes 103.", "dem_primary_public_advocate_winner": "Williams", "dem_primary_comptroller": "Mark D. Levine beat Justin Brannan, 58 to 15, 58.6% to 15.2%; total votes 99.", "dem_primary_comptroller_winner": "Levine", "popup_summary": "Mayor: ANDREW M. CUOMO beat ZOHRAN KWAME MAMDANI, 123 to 120, 47.9% to 46.7%; total votes 257. | Public Advocate: JUMAANE D. WILLIAMS beat GONZALO DURAN, 190 to 31, 86.0% to 14.0%; total votes 221. | City Comptroller: MARK D. LEVINE beat PETER KEFALAS, 172 to 26, 84.3% to 12.7%; total votes 204. | Question 1: Disapprove beat Approve, 86 to 79, 52.1% to 47.9%; total votes 165. | Question 2: Approve beat Disapprove, 153 to 26, 85.5% to 14.5%; total votes 179. | Question 3: Approve beat Disapprove, 130 to 45, 74.3% to 25.7%; total votes 175. | Question 4: Approve beat Disapprove, 146 to 26, 84.9% to 15.1%; total votes 172. | Question 5: Approve beat Disapprove, 117 to 52, 69.2% to 30.8%; total votes 169. | Question 6: Disapprove beat Approve, 87 to 83, 51.2% to 48.8%; total votes 170. | Dem Primary Mayor: Andrew M. Cuomo beat Zohran Kwame Mamdani, 70 to 27, 57.9% to 22.3%; total votes 121. | Dem Primary Public Advocate: Jumaane D. Williams beat Jenifer Rajkumar, 83 to 12, 80.6% to 11.7%; total votes 103. | Dem Primary Comptroller: Mark D. Levine beat Justin Brannan, 58 to 15, 58.6% to 15.2%; total votes 99.", "mayor_margin": 1.2, "q2_yes": 85.5, "q3_yes": 74.3, "q4_yes": 84.9}, "geometry": {"type": "MultiPolygon", "coordinates": [[[[-73.9392869, 40.8018164], [-73.9393325, 40.8017537], [-73.9397467, 40.8011854], [-73.9400605, 40.8007562], [-73.9401044, 40.8006962], [-73.9402061, 40.8005571], [-73.9406655, 40.79993], [-73.9421478, 40.8005561], [-73.9422718, 40.8006082], [-73.9418143, 40.8012365], [-73.9413533, 40.801866], [-73.9408966, 40.8024945], [-73.9407797, 40.8024443], [-73.9392869, 40.8018164]]]]}}, {"type": "Feature", "properties": {"felt:feature": 8, "ed_label": "AD 68 ED 008", "elect_dist": "68008", "borough": "Manhattan", "community_board": 11, "community_board_label": "Manhattan CB11", "popup_title": "Manhattan CB11 \u2014 AD 68 ED 008", "general_mayor": "ZOHRAN KWAME MAMDANI beat ANDREW M. CUOMO, 630 to 239, 69.4% to 26.3%; total votes 908.", "general_mayor_winner": "Mamdani", "general_public_advocate": "JUMAANE D. WILLIAMS beat GONZALO DURAN, 766 to 104, 86.7% to 11.8%; total votes 884.", "general_public_advocate_winner": "Williams", "general_comptroller": "MARK D. LEVINE beat PETER KEFALAS, 748 to 92, 86.6% to 10.6%; total votes 864.", "general_comptroller_winner": "Levine", "question_1": "Disapprove beat Approve, 446 to 364, 55.1% to 44.9%; total votes 810.", "question_1_winner": "No-disapprove!", "question_2": "Approve beat Disapprove, 536 to 293, 64.7% to 35.3%; total votes 829.", "question_2_winner": "Yes-approve!", "question_3": "Approve beat Disapprove, 501 to 316, 61.3% to 38.7%; total votes 817.", "question_3_winner": "Yes-approve!", "question_4": "Approve beat Disapprove, 528 to 293, 64.3% to 35.7%; total votes 821.", "question_4_winner": "Yes-approve!", "question_5": "Approve beat Disapprove, 675 to 138, 83.0% to 17.0%; total votes 813.", "question_5_winner": "Yes-approve!", "question_6": "Approve beat Disapprove, 434 to 377, 53.5% to 46.5%; total votes 811.", "question_6_winner": "Yes-approve!", "dem_primary_mayor": "Zohran Kwame Mamdani beat Andrew M. Cuomo, 296 to 128, 51.5% to 22.3%; total votes 575.", "dem_primary_mayor_winner": "Mamdani", "dem_primary_public_advocate": "Jumaane D. Williams beat Jenifer Rajkumar, 431 to 85, 79.2% to 15.6%; total votes 544.", "dem_primary_public_advocate_winner": "Williams", "dem_primary_comptroller": "Mark D. Levine beat Justin Brannan, 301 to 171, 55.4% to 31.5%; total votes 543.", "dem_primary_comptroller_winner": "Levine", "popup_summary": "Mayor: ZOHRAN KWAME MAMDANI beat ANDREW M. CUOMO, 630 to 239, 69.4% to 26.3%; total votes 908. | Public Advocate: JUMAANE D. WILLIAMS beat GONZALO DURAN, 766 to 104, 86.7% to 11.8%; total votes 884. | City Comptroller: MARK D. LEVINE beat PETER KEFALAS, 748 to 92, 86.6% to 10.6%; total votes 864. | Question 1: Disapprove beat Approve, 446 to 364, 55.1% to 44.9%; total votes 810. | Question 2: Approve beat Disapprove, 536 to 293, 64.7% to 35.3%; total votes 829. | Question 3: Approve beat Disapprove, 501 to 316, 61.3% to 38.7%; total votes 817. | Question 4: Approve beat Disapprove, 528 to 293, 64.3% to 35.7%; total votes 821. | Question 5: Approve beat Disapprove, 675 to 138, 83.0% to 17.0%; total votes 813. | Question 6: Approve beat Disapprove, 434 to 377, 53.5% to 46.5%; total votes 811. | Dem Primary Mayor: Zohran Kwame Mamdani beat Andrew M. Cuomo, 296 to 128, 51.5% to 22.3%; total votes 575. | Dem Primary Public Advocate: Jumaane D. Williams beat Jenifer Rajkumar, 431 to 85, 79.2% to 15.6%; total votes 544. | Dem Primary Comptroller: Mark D. Levine beat Justin Brannan, 301 to 171, 55.4% to 31.5%; total votes 543.", "mayor_margin": 43.1, "q2_yes": 64.7, "q3_yes": 61.3, "q4_yes": 64.3}, "geometry": {"type": "MultiPolygon", "coordinates": [[[[-73.9444633, 40.8031689], [-73.9435023, 40.8027719], [-73.9429932, 40.8025615], [-73.9414911, 40.8019229], [-73.9413533, 40.801866], [-73.9418143, 40.8012365], [-73.9422718, 40.8006082], [-73.9427338, 40.7999783], [-73.9428786, 40.8000401], [-73.9443537, 40.8006635], [-73.9448416, 40.8008687], [-73.9454747, 40.801135], [-73.9459679, 40.8013424], [-73.9455086, 40.8019702], [-73.9450513, 40.8025986], [-73.9447598, 40.803003], [-73.9445992, 40.803225], [-73.9444633, 40.8031689]]]]}}, {"type": "Feature", "properties": {"felt:feature": 9, "ed_label": "AD 68 ED 009", "elect_dist": "68009", "borough": "Manhattan", "community_board": 11, "community_board_label": "Manhattan CB11", "popup_title": "Manhattan CB11 \u2014 AD 68 ED 009", "general_mayor": "ZOHRAN KWAME MAMDANI beat ANDREW M. CUOMO, 156 to 62, 70.0% to 27.8%; total votes 223.", "general_mayor_winner": "Mamdani", "general_public_advocate": "JUMAANE D. WILLIAMS beat GONZALO DURAN, 183 to 18, 90.1% to 8.9%; total votes 203.", "general_public_advocate_winner": "Williams", "general_comptroller": "MARK D. LEVINE beat PETER KEFALAS, 173 to 12, 88.3% to 6.1%; total votes 196.", "general_comptroller_winner": "Levine", "question_1": "Disapprove beat Approve, 115 to 74, 60.8% to 39.2%; total votes 189.", "question_1_winner": "No-disapprove!", "question_2": "Approve beat Disapprove, 130 to 62, 67.7% to 32.3%; total votes 192.", "question_2_winner": "Yes-approve!", "question_3": "Approve beat Disapprove, 122 to 68, 64.2% to 35.8%; total votes 190.", "question_3_winner": "Yes-approve!", "question_4": "Approve beat Disapprove, 124 to 66, 65.3% to 34.7%; total votes 190.", "question_4_winner": "Yes-approve!", "question_5": "Approve beat Disapprove, 141 to 51, 73.4% to 26.6%; total votes 192.", "question_5_winner": "Yes-approve!", "question_6": "Disapprove beat Approve, 100 to 88, 53.2% to 46.8%; total votes 188.", "question_6_winner": "No-disapprove!", "dem_primary_mayor": "Zohran Kwame Mamdani beat Andrew M. Cuomo, 56 to 47, 47.5% to 39.8%; total votes 118.", "dem_primary_mayor_winner": "Mamdani", "dem_primary_public_advocate": "Jumaane D. Williams beat Jenifer Rajkumar, 85 to 11, 85.0% to 11.0%; total votes 100.", "dem_primary_public_advocate_winner": "Williams", "dem_primary_comptroller": "Mark D. Levine beat Justin Brannan, 44 to 34, 43.6% to 33.7%; total votes 101.", "dem_primary_comptroller_winner": "Levine", "popup_summary": "Mayor: ZOHRAN KWAME MAMDANI beat ANDREW M. CUOMO, 156 to 62, 70.0% to 27.8%; total votes 223. | Public Advocate: JUMAANE D. WILLIAMS beat GONZALO DURAN, 183 to 18, 90.1% to 8.9%; total votes 203. | City Comptroller: MARK D. LEVINE beat PETER KEFALAS, 173 to 12, 88.3% to 6.1%; total votes 196. | Question 1: Disapprove beat Approve, 115 to 74, 60.8% to 39.2%; total votes 189. | Question 2: Approve beat Disapprove, 130 to 62, 67.7% to 32.3%; total votes 192. | Question 3: Approve beat Disapprove, 122 to 68, 64.2% to 35.8%; total votes 190. | Question 4: Approve beat Disapprove, 124 to 66, 65.3% to 34.7%; total votes 190. | Question 5: Approve beat Disapprove, 141 to 51, 73.4% to 26.6%; total votes 192. | Question 6: Disapprove beat Approve, 100 to 88, 53.2% to 46.8%; total votes 188. | Dem Primary Mayor: Zohran Kwame Mamdani beat Andrew M. Cuomo, 56 to 47, 47.5% to 39.8%; total votes 118. | Dem Primary Public Advocate: Jumaane D. Williams beat Jenifer Rajkumar, 85 to 11, 85.0% to 11.0%; total votes 100. | Dem Primary Comptroller: Mark D. Levine beat Justin Brannan, 44 to 34, 43.6% to 33.7%; total votes 101.", "mayor_margin": 42.2, "q2_yes": 67.7, "q3_yes": 64.2, "q4_yes": 65.3}, "geometry": {"type": "MultiPolygon", "coordinates": [[[[-73.9448478, 40.7999864], [-73.9453591, 40.7992869], [-73.9453996, 40.7992313], [-73.9454415, 40.7991741], [-73.9455034, 40.7990893], [-73.9455468, 40.7990299], [-73.9455909, 40.7989695], [-73.9456327, 40.7989123], [-73.9459934, 40.7984184], [-73.9460424, 40.7983513], [-73.946245, 40.7980739], [-73.9463097, 40.7979854], [-73.9468641, 40.7981932], [-73.9462848, 40.7990296], [-73.9459388, 40.7995292], [-73.9469737, 40.7999617], [-73.9464613, 40.8006653], [-73.9459476, 40.8004492], [-73.9452966, 40.8001752], [-73.9448478, 40.7999864]]]]}}, {"type": "Feature", "properties": {"felt:feature": 10, "ed_label": "AD 68 ED 010", "elect_dist": "68010", "borough": "Manhattan", "community_board": 11, "community_board_label": "Manhattan CB11", "popup_title": "Manhattan CB11 \u2014 AD 68 ED 010", "general_mayor": "ZOHRAN KWAME MAMDANI beat ANDREW M. CUOMO, 135 to 124, 49.6% to 45.6%; total votes 272.", "general_mayor_winner": "Mamdani", "general_public_advocate": "JUMAANE D. WILLIAMS beat GONZALO DURAN, 221 to 18, 92.1% to 7.5%; total votes 240.", "general_public_advocate_winner": "Williams", "general_comptroller": "MARK D. LEVINE beat PETER KEFALAS, 209 to 17, 88.9% to 7.2%; total votes 235.", "general_comptroller_winner": "Levine", "question_1": "Disapprove beat Approve, 140 to 72, 66.0% to 34.0%; total votes 212.", "question_1_winner": "No-disapprove!", "question_2": "Approve beat Disapprove, 172 to 50, 77.5% to 22.5%; total votes 222.", "question_2_winner": "Yes-approve!", "question_3": "Approve beat Disapprove, 143 to 74, 65.9% to 34.1%; total votes 217.", "question_3_winner": "Yes-approve!", "question_4": "Approve beat Disapprove, 156 to 56, 73.6% to 26.4%; total votes 212.", "question_4_winner": "Yes-approve!", "question_5": "Approve beat Disapprove, 146 to 65, 69.2% to 30.8%; total votes 211.", "question_5_winner": "Yes-approve!", "question_6": "Disapprove beat Approve, 112 to 98, 53.3% to 46.7%; total votes 210.", "question_6_winner": "No-disapprove!", "dem_primary_mayor": "Andrew M. Cuomo beat Zohran Kwame Mamdani, 96 to 42, 58.5% to 25.6%; total votes 164.", "dem_primary_mayor_winner": "Cuomo", "dem_primary_public_advocate": "Jumaane D. Williams beat Jenifer Rajkumar, 118 to 17, 81.9% to 11.8%; total votes 144.", "dem_primary_public_advocate_winner": "Williams", "dem_primary_comptroller": "Mark D. Levine beat Kevin S. Parker, 94 to 23, 63.9% to 15.6%; total votes 147.", "dem_primary_comptroller_winner": "Levine", "popup_summary": "Mayor: ZOHRAN KWAME MAMDANI beat ANDREW M. CUOMO, 135 to 124, 49.6% to 45.6%; total votes 272. | Public Advocate: JUMAANE D. WILLIAMS beat GONZALO DURAN, 221 to 18, 92.1% to 7.5%; total votes 240. | City Comptroller: MARK D. LEVINE beat PETER KEFALAS, 209 to 17, 88.9% to 7.2%; total votes 235. | Question 1: Disapprove beat Approve, 140 to 72, 66.0% to 34.0%; total votes 212. | Question 2: Approve beat Disapprove, 172 to 50, 77.5% to 22.5%; total votes 222. | Question 3: Approve beat Disapprove, 143 to 74, 65.9% to 34.1%; total votes 217. | Question 4: Approve beat Disapprove, 156 to 56, 73.6% to 26.4%; total votes 212. | Question 5: Approve beat Disapprove, 146 to 65, 69.2% to 30.8%; total votes 211. | Question 6: Disapprove beat Approve, 112 to 98, 53.3% to 46.7%; total votes 210. | Dem Primary Mayor: Andrew M. Cuomo beat Zohran Kwame Mamdani, 96 to 42, 58.5% to 25.6%; total votes 164. | Dem Primary Public Advocate: Jumaane D. Williams beat Jenifer Rajkumar, 118 to 17, 81.9% to 11.8%; total votes 144. | Dem Primary Comptroller: Mark D. Levine beat Kevin S. Parker, 94 to 23, 63.9% to 15.6%; total votes 147.", "mayor_margin": 4.0, "q2_yes": 77.5, "q3_yes": 65.9, "q4_yes": 73.6}, "geometry": {"type": "MultiPolygon", "coordinates": [[[[-73.9463097, 40.7979854], [-73.9464602, 40.7977793], [-73.9465134, 40.7977065], [-73.9466299, 40.797547], [-73.9467003, 40.7974505], [-73.9472252, 40.7976717], [-73.9483113, 40.7981292], [-73.9482064, 40.7982729], [-73.9481538, 40.7983449], [-73.9481011, 40.7984171], [-73.9480513, 40.7984854], [-73.9478468, 40.7987655], [-73.9478166, 40.7988069], [-73.9477572, 40.7988883], [-73.9477106, 40.7989522], [-73.94742, 40.7993503], [-73.947376, 40.7994105], [-73.9473277, 40.7994767], [-73.9472802, 40.7995418], [-73.9469737, 40.7999617], [-73.9459388, 40.7995292], [-73.9462848, 40.7990296], [-73.9468641, 40.7981932], [-73.9463097, 40.7979854]]]]}}, {"type": "Feature", "properties": {"felt:feature": 11, "ed_label": "AD 68 ED 011", "elect_dist": "68011", "borough": "Manhattan", "community_board": 11, "community_board_label": "Manhattan CB11", "popup_title": "Manhattan CB11 \u2014 AD 68 ED 011", "general_mayor": "ZOHRAN KWAME MAMDANI beat ANDREW M. CUOMO, 366 to 155, 68.9% to 29.2%; total votes 531.", "general_mayor_winner": "Mamdani", "general_public_advocate": "JUMAANE D. WILLIAMS beat GONZALO DURAN, 468 to 30, 93.0% to 6.0%; total votes 503.", "general_public_advocate_winner": "Williams", "general_comptroller": "MARK D. LEVINE beat PETER KEFALAS, 439 to 23, 91.6% to 4.8%; total votes 479.", "general_comptroller_winner": "Levine", "question_1": "Disapprove beat Approve, 251 to 197, 56.0% to 44.0%; total votes 448.", "question_1_winner": "No-disapprove!", "question_2": "Approve beat Disapprove, 337 to 141, 70.5% to 29.5%; total votes 478.", "question_2_winner": "Yes-approve!", "question_3": "Approve beat Disapprove, 301 to 165, 64.6% to 35.4%; total votes 466.", "question_3_winner": "Yes-approve!", "question_4": "Approve beat Disapprove, 325 to 143, 69.4% to 30.6%; total votes 468.", "question_4_winner": "Yes-approve!", "question_5": "Approve beat Disapprove, 336 to 116, 74.3% to 25.7%; total votes 452.", "question_5_winner": "Yes-approve!", "question_6": "Disapprove beat Approve, 234 to 225, 51.0% to 49.0%; total votes 459.", "question_6_winner": "No-disapprove!", "dem_primary_mayor": "Zohran Kwame Mamdani beat Andrew M. Cuomo, 167 to 94, 52.0% to 29.3%; total votes 321.", "dem_primary_mayor_winner": "Mamdani", "dem_primary_public_advocate": "Jumaane D. Williams beat Jenifer Rajkumar, 228 to 34, 78.6% to 11.7%; total votes 290.", "dem_primary_public_advocate_winner": "Williams", "dem_primary_comptroller": "Mark D. Levine beat Justin Brannan, 148 to 81, 51.9% to 28.4%; total votes 285.", "dem_primary_comptroller_winner": "Levine", "popup_summary": "Mayor: ZOHRAN KWAME MAMDANI beat ANDREW M. CUOMO, 366 to 155, 68.9% to 29.2%; total votes 531. | Public Advocate: JUMAANE D. WILLIAMS beat GONZALO DURAN, 468 to 30, 93.0% to 6.0%; total votes 503. | City Comptroller: MARK D. LEVINE beat PETER KEFALAS, 439 to 23, 91.6% to 4.8%; total votes 479. | Question 1: Disapprove beat Approve, 251 to 197, 56.0% to 44.0%; total votes 448. | Question 2: Approve beat Disapprove, 337 to 141, 70.5% to 29.5%; total votes 478. | Question 3: Approve beat Disapprove, 301 to 165, 64.6% to 35.4%; total votes 466. | Question 4: Approve beat Disapprove, 325 to 143, 69.4% to 30.6%; total votes 468. | Question 5: Approve beat Disapprove, 336 to 116, 74.3% to 25.7%; total votes 452. | Question 6: Disapprove beat Approve, 234 to 225, 51.0% to 49.0%; total votes 459. | Dem Primary Mayor: Zohran Kwame Mamdani beat Andrew M. Cuomo, 167 to 94, 52.0% to 29.3%; total votes 321. | Dem Primary Public Advocate: Jumaane D. Williams beat Jenifer Rajkumar, 228 to 34, 78.6% to 11.7%; total votes 290. | Dem Primary Comptroller: Mark D. Levine beat Justin Brannan, 148 to 81, 51.9% to 28.4%; total votes 285.", "mayor_margin": 39.7, "q2_yes": 70.5, "q3_yes": 64.6, "q4_yes": 69.4}, "geometry": {"type": "MultiPolygon", "coordinates": [[[[-73.9467003, 40.7974505], [-73.9471758, 40.7967971], [-73.9476453, 40.7961563], [-73.9488456, 40.7967044], [-73.9492333, 40.796872], [-73.9490652, 40.7971005], [-73.948787, 40.7974828], [-73.9483113, 40.7981292], [-73.9472252, 40.7976717], [-73.9467003, 40.7974505]]]]}}, {"type": "Feature", "properties": {"felt:feature": 12, "ed_label": "AD 68 ED 012", "elect_dist": "68012", "borough": "Manhattan", "community_board": 11, "community_board_label": "Manhattan CB11", "popup_title": "Manhattan CB11 \u2014 AD 68 ED 012", "general_mayor": "ZOHRAN KWAME MAMDANI beat ANDREW M. CUOMO, 368 to 161, 67.2% to 29.4%; total votes 548.", "general_mayor_winner": "Mamdani", "general_public_advocate": "JUMAANE D. WILLIAMS beat GONZALO DURAN, 453 to 54, 87.8% to 10.5%; total votes 516.", "general_public_advocate_winner": "Williams", "general_comptroller": "MARK D. LEVINE beat PETER KEFALAS, 444 to 48, 87.2% to 9.4%; total votes 509.", "general_comptroller_winner": "Levine", "question_1": "Disapprove beat Approve, 265 to 232, 53.3% to 46.7%; total votes 497.", "question_1_winner": "No-disapprove!", "question_2": "Approve beat Disapprove, 338 to 164, 67.3% to 32.7%; total votes 502.", "question_2_winner": "Yes-approve!", "question_3": "Approve beat Disapprove, 319 to 175, 64.6% to 35.4%; total votes 494.", "question_3_winner": "Yes-approve!", "question_4": "Approve beat Disapprove, 308 to 188, 62.1% to 37.9%; total votes 496.", "question_4_winner": "Yes-approve!", "question_5": "Approve beat Disapprove, 411 to 83, 83.2% to 16.8%; total votes 494.", "question_5_winner": "Yes-approve!", "question_6": "Approve beat Disapprove, 271 to 220, 55.2% to 44.8%; total votes 491.", "question_6_winner": "Yes-approve!", "dem_primary_mayor": "Zohran Kwame Mamdani beat Andrew M. Cuomo, 156 to 88, 45.0% to 25.4%; total votes 347.", "dem_primary_mayor_winner": "Mamdani", "dem_primary_public_advocate": "Jumaane D. Williams beat Jenifer Rajkumar, 216 to 67, 70.1% to 21.8%; total votes 308.", "dem_primary_public_advocate_winner": "Williams", "dem_primary_comptroller": "Mark D. Levine beat Justin Brannan, 187 to 72, 60.3% to 23.2%; total votes 310.", "dem_primary_comptroller_winner": "Levine", "popup_summary": "Mayor: ZOHRAN KWAME MAMDANI beat ANDREW M. CUOMO, 368 to 161, 67.2% to 29.4%; total votes 548. | Public Advocate: JUMAANE D. WILLIAMS beat GONZALO DURAN, 453 to 54, 87.8% to 10.5%; total votes 516. | City Comptroller: MARK D. LEVINE beat PETER KEFALAS, 444 to 48, 87.2% to 9.4%; total votes 509. | Question 1: Disapprove beat Approve, 265 to 232, 53.3% to 46.7%; total votes 497. | Question 2: Approve beat Disapprove, 338 to 164, 67.3% to 32.7%; total votes 502. | Question 3: Approve beat Disapprove, 319 to 175, 64.6% to 35.4%; total votes 494. | Question 4: Approve beat Disapprove, 308 to 188, 62.1% to 37.9%; total votes 496. | Question 5: Approve beat Disapprove, 411 to 83, 83.2% to 16.8%; total votes 494. | Question 6: Approve beat Disapprove, 271 to 220, 55.2% to 44.8%; total votes 491. | Dem Primary Mayor: Zohran Kwame Mamdani beat Andrew M. Cuomo, 156 to 88, 45.0% to 25.4%; total votes 347. | Dem Primary Public Advocate: Jumaane D. Williams beat Jenifer Rajkumar, 216 to 67, 70.1% to 21.8%; total votes 308. | Dem Primary Comptroller: Mark D. Levine beat Justin Brannan, 187 to 72, 60.3% to 23.2%; total votes 310.", "mayor_margin": 37.8, "q2_yes": 67.3, "q3_yes": 64.6, "q4_yes": 62.1}, "geometry": {"type": "MultiPolygon", "coordinates": [[[[-73.9476453, 40.7961563], [-73.9478165, 40.7959221], [-73.9478859, 40.7958272], [-73.9480852, 40.7955364], [-73.9485555, 40.7949102], [-73.9501582, 40.7955877], [-73.9496868, 40.796217], [-73.9494229, 40.7966064], [-73.9492333, 40.796872], [-73.9488456, 40.7967044], [-73.9476453, 40.7961563]]]]}}, {"type": "Feature", "properties": {"felt:feature": 13, "ed_label": "AD 68 ED 013", "elect_dist": "68013", "borough": "Manhattan", "community_board": 11, "community_board_label": "Manhattan CB11", "popup_title": "Manhattan CB11 \u2014 AD 68 ED 013", "general_mayor": "ZOHRAN KWAME MAMDANI beat ANDREW M. CUOMO, 380 to 179, 65.1% to 30.7%; total votes 584.", "general_mayor_winner": "Mamdani", "general_public_advocate": "JUMAANE D. WILLIAMS beat GONZALO DURAN, 502 to 35, 91.6% to 6.4%; total votes 548.", "general_public_advocate_winner": "Williams", "general_comptroller": "MARK D. LEVINE beat PETER KEFALAS, 467 to 36, 88.8% to 6.8%; total votes 526.", "general_comptroller_winner": "Levine", "question_1": "Disapprove beat Approve, 238 to 230, 50.9% to 49.1%; total votes 468.", "question_1_winner": "No-disapprove!", "question_2": "Approve beat Disapprove, 370 to 120, 75.5% to 24.5%; total votes 490.", "question_2_winner": "Yes-approve!", "question_3": "Approve beat Disapprove, 326 to 149, 68.6% to 31.4%; total votes 475.", "question_3_winner": "Yes-approve!", "question_4": "Approve beat Disapprove, 358 to 116, 75.5% to 24.5%; total votes 474.", "question_4_winner": "Yes-approve!", "question_5": "Approve beat Disapprove, 360 to 114, 75.9% to 24.1%; total votes 474.", "question_5_winner": "Yes-approve!", "question_6": "Disapprove beat Approve, 238 to 237, 50.1% to 49.9%; total votes 475.", "question_6_winner": "No-disapprove!", "dem_primary_mayor": "Andrew M. Cuomo beat Zohran Kwame Mamdani, 148 to 141, 40.7% to 38.7%; total votes 364.", "dem_primary_mayor_winner": "Cuomo", "dem_primary_public_advocate": "Jumaane D. Williams beat Jenifer Rajkumar, 265 to 51, 78.9% to 15.2%; total votes 336.", "dem_primary_public_advocate_winner": "Williams", "dem_primary_comptroller": "Mark D. Levine beat Justin Brannan, 177 to 69, 53.6% to 20.9%; total votes 330.", "dem_primary_comptroller_winner": "Levine", "popup_summary": "Mayor: ZOHRAN KWAME MAMDANI beat ANDREW M. CUOMO, 380 to 179, 65.1% to 30.7%; total votes 584. | Public Advocate: JUMAANE D. WILLIAMS beat GONZALO DURAN, 502 to 35, 91.6% to 6.4%; total votes 548. | City Comptroller: MARK D. LEVINE beat PETER KEFALAS, 467 to 36, 88.8% to 6.8%; total votes 526. | Question 1: Disapprove beat Approve, 238 to 230, 50.9% to 49.1%; total votes 468. | Question 2: Approve beat Disapprove, 370 to 120, 75.5% to 24.5%; total votes 490. | Question 3: Approve beat Disapprove, 326 to 149, 68.6% to 31.4%; total votes 475. | Question 4: Approve beat Disapprove, 358 to 116, 75.5% to 24.5%; total votes 474. | Question 5: Approve beat Disapprove, 360 to 114, 75.9% to 24.1%; total votes 474. | Question 6: Disapprove beat Approve, 238 to 237, 50.1% to 49.9%; total votes 475. | Dem Primary Mayor: Andrew M. Cuomo beat Zohran Kwame Mamdani, 148 to 141, 40.7% to 38.7%; total votes 364. | Dem Primary Public Advocate: Jumaane D. Williams beat Jenifer Rajkumar, 265 to 51, 78.9% to 15.2%; total votes 336. | Dem Primary Comptroller: Mark D. Levine beat Justin Brannan, 177 to 69, 53.6% to 20.9%; total votes 330.", "mayor_margin": 34.4, "q2_yes": 75.5, "q3_yes": 68.6, "q4_yes": 75.5}, "geometry": {"type": "MultiPolygon", "coordinates": [[[[-73.9490134, 40.7942816], [-73.9495084, 40.7936057], [-73.951111, 40.794285], [-73.9506289, 40.7949596], [-73.9501582, 40.7955877], [-73.9485555, 40.7949102], [-73.9486328, 40.7948041], [-73.9488451, 40.7945126], [-73.9489256, 40.7944022], [-73.9489636, 40.79435], [-73.9490134, 40.7942816]]]]}}, {"type": "Feature", "properties": {"felt:feature": 14, "ed_label": "AD 68 ED 015", "elect_dist": "68015", "borough": "Manhattan", "community_board": 11, "community_board_label": "Manhattan CB11", "popup_title": "Manhattan CB11 \u2014 AD 68 ED 015", "general_mayor": "ANDREW M. CUOMO beat ZOHRAN KWAME MAMDANI, 109 to 107, 46.4% to 45.5%; total votes 235.", "general_mayor_winner": "Cuomo", "general_public_advocate": "JUMAANE D. WILLIAMS beat GONZALO DURAN, 183 to 19, 89.3% to 9.3%; total votes 205.", "general_public_advocate_winner": "Williams", "general_comptroller": "MARK D. LEVINE beat PETER KEFALAS, 165 to 18, 85.5% to 9.3%; total votes 193.", "general_comptroller_winner": "Levine", "question_1": "Disapprove beat Approve, 99 to 76, 56.6% to 43.4%; total votes 175.", "question_1_winner": "No-disapprove!", "question_2": "Approve beat Disapprove, 154 to 28, 84.6% to 15.4%; total votes 182.", "question_2_winner": "Yes-approve!", "question_3": "Approve beat Disapprove, 139 to 42, 76.8% to 23.2%; total votes 181.", "question_3_winner": "Yes-approve!", "question_4": "Approve beat Disapprove, 157 to 29, 84.4% to 15.6%; total votes 186.", "question_4_winner": "Yes-approve!", "question_5": "Approve beat Disapprove, 129 to 50, 72.1% to 27.9%; total votes 179.", "question_5_winner": "Yes-approve!", "question_6": "Approve beat Disapprove, 99 to 81, 55.0% to 45.0%; total votes 180.", "question_6_winner": "Yes-approve!", "dem_primary_mayor": "Andrew M. Cuomo beat Zohran Kwame Mamdani, 70 to 28, 63.6% to 25.5%; total votes 110.", "dem_primary_mayor_winner": "Cuomo", "dem_primary_public_advocate": "Jumaane D. Williams beat Jenifer Rajkumar, 69 to 15, 75.8% to 16.5%; total votes 91.", "dem_primary_public_advocate_winner": "Williams", "dem_primary_comptroller": "Mark D. Levine beat Ismael Malave Perez, 48 to 23, 50.0% to 24.0%; total votes 96.", "dem_primary_comptroller_winner": "Levine", "popup_summary": "Mayor: ANDREW M. CUOMO beat ZOHRAN KWAME MAMDANI, 109 to 107, 46.4% to 45.5%; total votes 235. | Public Advocate: JUMAANE D. WILLIAMS beat GONZALO DURAN, 183 to 19, 89.3% to 9.3%; total votes 205. | City Comptroller: MARK D. LEVINE beat PETER KEFALAS, 165 to 18, 85.5% to 9.3%; total votes 193. | Question 1: Disapprove beat Approve, 99 to 76, 56.6% to 43.4%; total votes 175. | Question 2: Approve beat Disapprove, 154 to 28, 84.6% to 15.4%; total votes 182. | Question 3: Approve beat Disapprove, 139 to 42, 76.8% to 23.2%; total votes 181. | Question 4: Approve beat Disapprove, 157 to 29, 84.4% to 15.6%; total votes 186. | Question 5: Approve beat Disapprove, 129 to 50, 72.1% to 27.9%; total votes 179. | Question 6: Approve beat Disapprove, 99 to 81, 55.0% to 45.0%; total votes 180. | Dem Primary Mayor: Andrew M. Cuomo beat Zohran Kwame Mamdani, 70 to 28, 63.6% to 25.5%; total votes 110. | Dem Primary Public Advocate: Jumaane D. Williams beat Jenifer Rajkumar, 69 to 15, 75.8% to 16.5%; total votes 91. | Dem Primary Comptroller: Mark D. Levine beat Ismael Malave Perez, 48 to 23, 50.0% to 24.0%; total votes 96.", "mayor_margin": 0.9, "q2_yes": 84.6, "q3_yes": 76.8, "q4_yes": 84.4}, "geometry": {"type": "MultiPolygon", "coordinates": [[[[-73.9290546, 40.7966944], [-73.9290869, 40.7967067], [-73.9292453, 40.7967704], [-73.9293071, 40.7967962], [-73.9293896, 40.796831], [-73.9296321, 40.7969483], [-73.9298202, 40.7970375], [-73.9310715, 40.797559], [-73.9311366, 40.7975861], [-73.9312673, 40.7976406], [-73.931583, 40.7977743], [-73.9316701, 40.7978112], [-73.9318141, 40.7978722], [-73.9318935, 40.7979059], [-73.9320151, 40.7979574], [-73.9316014, 40.7985278], [-73.9313465, 40.7985303], [-73.9314253, 40.798967], [-73.9314185, 40.7989987], [-73.9314045, 40.7990291], [-73.9313839, 40.7990572], [-73.9313573, 40.7990822], [-73.9313254, 40.7991033], [-73.9312892, 40.79912], [-73.9312498, 40.7991317], [-73.9312083, 40.7991381], [-73.9305944, 40.7991291], [-73.9305428, 40.7997736], [-73.9302263, 40.7997686], [-73.9302744, 40.7998547], [-73.9303405, 40.799935], [-73.9304224, 40.8000064], [-73.9305168, 40.8000665], [-73.9308239, 40.8002028], [-73.9308969, 40.8002352], [-73.9311664, 40.8003548], [-73.9312467, 40.8003904], [-73.9315362, 40.8005189], [-73.9315833, 40.8005398], [-73.9316024, 40.8005482], [-73.9319686, 40.8007107], [-73.9317728, 40.8009794], [-73.9314116, 40.8014695], [-73.9313874, 40.8015023], [-73.9312016, 40.8017545], [-73.9310157, 40.8020014], [-73.9309895, 40.8020419], [-73.9306969, 40.8024193], [-73.9306347, 40.8024912], [-73.9305678, 40.8025607], [-73.9305364, 40.8025983], [-73.9305001, 40.8026333], [-73.9304592, 40.8026653], [-73.9304143, 40.8026939], [-73.930338, 40.8027561], [-73.9303122, 40.8027752], [-73.9302494, 40.8028218], [-73.9301494, 40.8028839], [-73.9299829, 40.8029848], [-73.9299101, 40.8028646], [-73.9298895, 40.8028304], [-73.9297867, 40.8026607], [-73.9296925, 40.8024403], [-73.9295769, 40.80218], [-73.9295204, 40.8020535], [-73.9294537, 40.8019074], [-73.9294365, 40.8018617], [-73.9293544, 40.8016713], [-73.9293313, 40.8015989], [-73.9293022, 40.8014958], [-73.9292749, 40.8013732], [-73.9292082, 40.8011475], [-73.9291184, 40.801113], [-73.9290349, 40.8010809], [-73.9290267, 40.8009699], [-73.9290212, 40.8008956], [-73.9290164, 40.8008307], [-73.9290079, 40.8007723], [-73.9289999, 40.8007101], [-73.9289862, 40.8006021], [-73.9289535, 40.8003094], [-73.9289376, 40.8001708], [-73.9289015, 40.7998552], [-73.9289194, 40.7994582], [-73.928944, 40.7989116], [-73.9289712, 40.7982589], [-73.9290364, 40.7967626], [-73.9290546, 40.7966944]]]]}}, {"type": "Feature", "properties": {"felt:feature": 15, "ed_label": "AD 68 ED 016", "elect_dist": "68016", "borough": "Manhattan", "community_board": 11, "community_board_label": "Manhattan CB11", "popup_title": "Manhattan CB11 \u2014 AD 68 ED 016", "general_mayor": "ZOHRAN KWAME MAMDANI beat ANDREW M. CUOMO, 123 to 105, 50.8% to 43.4%; total votes 242.", "general_mayor_winner": "Mamdani", "general_public_advocate": "JUMAANE D. WILLIAMS beat GONZALO DURAN, 190 to 33, 83.3% to 14.5%; total votes 228.", "general_public_advocate_winner": "Williams", "general_comptroller": "MARK D. LEVINE beat PETER KEFALAS, 177 to 27, 80.1% to 12.2%; total votes 221.", "general_comptroller_winner": "Levine", "question_1": "Approve beat Disapprove, 110 to 102, 51.9% to 48.1%; total votes 212.", "question_1_winner": "Yes-approve!", "question_2": "Approve beat Disapprove, 167 to 55, 75.2% to 24.8%; total votes 222.", "question_2_winner": "Yes-approve!", "question_3": "Approve beat Disapprove, 150 to 65, 69.8% to 30.2%; total votes 215.", "question_3_winner": "Yes-approve!", "question_4": "Approve beat Disapprove, 156 to 56, 73.6% to 26.4%; total votes 212.", "question_4_winner": "Yes-approve!", "question_5": "Approve beat Disapprove, 150 to 56, 72.8% to 27.2%; total votes 206.", "question_5_winner": "Yes-approve!", "question_6": "Disapprove beat Approve, 113 to 100, 53.1% to 46.9%; total votes 213.", "question_6_winner": "No-disapprove!", "dem_primary_mayor": "Andrew M. Cuomo beat Zohran Kwame Mamdani, 65 to 37, 58.0% to 33.0%; total votes 112.", "dem_primary_mayor_winner": "Cuomo", "dem_primary_public_advocate": "Jumaane D. Williams beat Jenifer Rajkumar, 81 to 11, 78.6% to 10.7%; total votes 103.", "dem_primary_public_advocate_winner": "Williams", "dem_primary_comptroller": "Mark D. Levine beat Ismael Malave Perez, 58 to 18, 56.9% to 17.6%; total votes 102.", "dem_primary_comptroller_winner": "Levine", "popup_summary": "Mayor: ZOHRAN KWAME MAMDANI beat ANDREW M. CUOMO, 123 to 105, 50.8% to 43.4%; total votes 242. | Public Advocate: JUMAANE D. WILLIAMS beat GONZALO DURAN, 190 to 33, 83.3% to 14.5%; total votes 228. | City Comptroller: MARK D. LEVINE beat PETER KEFALAS, 177 to 27, 80.1% to 12.2%; total votes 221. | Question 1: Approve beat Disapprove, 110 to 102, 51.9% to 48.1%; total votes 212. | Question 2: Approve beat Disapprove, 167 to 55, 75.2% to 24.8%; total votes 222. | Question 3: Approve beat Disapprove, 150 to 65, 69.8% to 30.2%; total votes 215. | Question 4: Approve beat Disapprove, 156 to 56, 73.6% to 26.4%; total votes 212. | Question 5: Approve beat Disapprove, 150 to 56, 72.8% to 27.2%; total votes 206. | Question 6: Disapprove beat Approve, 113 to 100, 53.1% to 46.9%; total votes 213. | Dem Primary Mayor: Andrew M. Cuomo beat Zohran Kwame Mamdani, 65 to 37, 58.0% to 33.0%; total votes 112. | Dem Primary Public Advocate: Jumaane D. Williams beat Jenifer Rajkumar, 81 to 11, 78.6% to 10.7%; total votes 103. | Dem Primary Comptroller: Mark D. Levine beat Ismael Malave Perez, 58 to 18, 56.9% to 17.6%; total votes 102.", "mayor_margin": 7.4, "q2_yes": 75.2, "q3_yes": 69.8, "q4_yes": 73.6}, "geometry": {"type": "MultiPolygon", "coordinates": [[[[-73.9320151, 40.7979574], [-73.9320825, 40.797986], [-73.9321524, 40.7980156], [-73.932229, 40.7980481], [-73.9335232, 40.7985843], [-73.9334663, 40.7986623], [-73.9331482, 40.7990973], [-73.9330856, 40.7991829], [-73.932984, 40.799322], [-73.9329192, 40.7994105], [-73.9328566, 40.7994961], [-73.9327916, 40.799585], [-73.9327045, 40.7997041], [-73.9326463, 40.7997837], [-73.9325579, 40.7999046], [-73.9325047, 40.7999775], [-73.9324217, 40.8000909], [-73.9323703, 40.8001613], [-73.9322997, 40.8002578], [-73.932237, 40.8003435], [-73.9321527, 40.8004588], [-73.9319686, 40.8007107], [-73.9316024, 40.8005482], [-73.9315833, 40.8005398], [-73.9315362, 40.8005189], [-73.9312467, 40.8003904], [-73.9311664, 40.8003548], [-73.9308969, 40.8002352], [-73.9308239, 40.8002028], [-73.9305168, 40.8000665], [-73.9304224, 40.8000064], [-73.9303405, 40.799935], [-73.9302744, 40.7998547], [-73.9302263, 40.7997686], [-73.9305428, 40.7997736], [-73.9305944, 40.7991291], [-73.9312083, 40.7991381], [-73.9312498, 40.7991317], [-73.9312892, 40.79912], [-73.9313254, 40.7991033], [-73.9313573, 40.7990822], [-73.9313839, 40.7990572], [-73.9314045, 40.7990291], [-73.9314185, 40.7989987], [-73.9314253, 40.798967], [-73.9313465, 40.7985303], [-73.9316014, 40.7985278], [-73.9320151, 40.7979574]]]]}}, {"type": "Feature", "properties": {"felt:feature": 16, "ed_label": "AD 68 ED 017", "elect_dist": "68017", "borough": "Manhattan", "community_board": 11, "community_board_label": "Manhattan CB11", "popup_title": "Manhattan CB11 \u2014 AD 68 ED 017", "general_mayor": "ZOHRAN KWAME MAMDANI beat ANDREW M. CUOMO, 337 to 139, 68.2% to 28.1%; total votes 494.", "general_mayor_winner": "Mamdani", "general_public_advocate": "JUMAANE D. WILLIAMS beat GONZALO DURAN, 406 to 36, 90.6% to 8.0%; total votes 448.", "general_public_advocate_winner": "Williams", "general_comptroller": "MARK D. LEVINE beat PETER KEFALAS, 390 to 31, 88.6% to 7.0%; total votes 440.", "general_comptroller_winner": "Levine", "question_1": "Disapprove beat Approve, 244 to 156, 61.0% to 39.0%; total votes 400.", "question_1_winner": "No-disapprove!", "question_2": "Approve beat Disapprove, 299 to 106, 73.8% to 26.2%; total votes 405.", "question_2_winner": "Yes-approve!", "question_3": "Approve beat Disapprove, 268 to 132, 67.0% to 33.0%; total votes 400.", "question_3_winner": "Yes-approve!", "question_4": "Approve beat Disapprove, 290 to 108, 72.9% to 27.1%; total votes 398.", "question_4_winner": "Yes-approve!", "question_5": "Approve beat Disapprove, 315 to 87, 78.4% to 21.6%; total votes 402.", "question_5_winner": "Yes-approve!", "question_6": "Approve beat Disapprove, 204 to 200, 50.5% to 49.5%; total votes 404.", "question_6_winner": "Yes-approve!", "dem_primary_mayor": "Zohran Kwame Mamdani beat Andrew M. Cuomo, 114 to 86, 47.5% to 35.8%; total votes 240.", "dem_primary_mayor_winner": "Mamdani", "dem_primary_public_advocate": "Jumaane D. Williams beat Jenifer Rajkumar, 151 to 52, 69.3% to 23.9%; total votes 218.", "dem_primary_public_advocate_winner": "Williams", "dem_primary_comptroller": "Mark D. Levine beat Ismael Malave Perez, 108 to 42, 51.2% to 19.9%; total votes 211.", "dem_primary_comptroller_winner": "Levine", "popup_summary": "Mayor: ZOHRAN KWAME MAMDANI beat ANDREW M. CUOMO, 337 to 139, 68.2% to 28.1%; total votes 494. | Public Advocate: JUMAANE D. WILLIAMS beat GONZALO DURAN, 406 to 36, 90.6% to 8.0%; total votes 448. | City Comptroller: MARK D. LEVINE beat PETER KEFALAS, 390 to 31, 88.6% to 7.0%; total votes 440. | Question 1: Disapprove beat Approve, 244 to 156, 61.0% to 39.0%; total votes 400. | Question 2: Approve beat Disapprove, 299 to 106, 73.8% to 26.2%; total votes 405. | Question 3: Approve beat Disapprove, 268 to 132, 67.0% to 33.0%; total votes 400. | Question 4: Approve beat Disapprove, 290 to 108, 72.9% to 27.1%; total votes 398. | Question 5: Approve beat Disapprove, 315 to 87, 78.4% to 21.6%; total votes 402. | Question 6: Approve beat Disapprove, 204 to 200, 50.5% to 49.5%; total votes 404. | Dem Primary Mayor: Zohran Kwame Mamdani beat Andrew M. Cuomo, 114 to 86, 47.5% to 35.8%; total votes 240. | Dem Primary Public Advocate: Jumaane D. Williams beat Jenifer Rajkumar, 151 to 52, 69.3% to 23.9%; total votes 218. | Dem Primary Comptroller: Mark D. Levine beat Ismael Malave Perez, 108 to 42, 51.2% to 19.9%; total votes 211.", "mayor_margin": 40.1, "q2_yes": 73.8, "q3_yes": 67.0, "q4_yes": 72.9}, "geometry": {"type": "MultiPolygon", "coordinates": [[[[-73.9358161, 40.8036999], [-73.9335764, 40.8027522], [-73.9340789, 40.8021053], [-73.9340559, 40.8020141], [-73.9340975, 40.8019411], [-73.9341248, 40.8018972], [-73.9343225, 40.8016252], [-73.9343515, 40.801584], [-73.9344301, 40.8014603], [-73.9344547, 40.8014192], [-73.9345461, 40.8014307], [-73.9368123, 40.8017561], [-73.9372275, 40.801769], [-73.938829, 40.8024443], [-73.9383715, 40.8030715], [-73.9379138, 40.8036992], [-73.9374185, 40.8043747], [-73.9358161, 40.8036999]]]]}}, {"type": "Feature", "properties": {"felt:feature": 17, "ed_label": "AD 68 ED 018", "elect_dist": "68018", "borough": "Manhattan", "community_board": 11, "community_board_label": "Manhattan CB11", "popup_title": "Manhattan CB11 \u2014 AD 68 ED 018", "general_mayor": "ZOHRAN KWAME MAMDANI beat ANDREW M. CUOMO, 204 to 123, 59.6% to 36.0%; total votes 342.", "general_mayor_winner": "Mamdani", "general_public_advocate": "JUMAANE D. WILLIAMS beat GONZALO DURAN, 271 to 28, 89.4% to 9.2%; total votes 303.", "general_public_advocate_winner": "Williams", "general_comptroller": "MARK D. LEVINE beat PETER KEFALAS, 256 to 29, 85.3% to 9.7%; total votes 300.", "general_comptroller_winner": "Levine", "question_1": "Disapprove beat Approve, 139 to 138, 50.2% to 49.8%; total votes 277.", "question_1_winner": "No-disapprove!", "question_2": "Approve beat Disapprove, 235 to 59, 79.9% to 20.1%; total votes 294.", "question_2_winner": "Yes-approve!", "question_3": "Approve beat Disapprove, 204 to 88, 69.9% to 30.1%; total votes 292.", "question_3_winner": "Yes-approve!", "question_4": "Approve beat Disapprove, 228 to 65, 77.8% to 22.2%; total votes 293.", "question_4_winner": "Yes-approve!", "question_5": "Approve beat Disapprove, 227 to 54, 80.8% to 19.2%; total votes 281.", "question_5_winner": "Yes-approve!", "question_6": "Disapprove beat Approve, 141 to 137, 50.7% to 49.3%; total votes 278.", "question_6_winner": "No-disapprove!", "dem_primary_mayor": "Andrew M. Cuomo beat Zohran Kwame Mamdani, 71 to 65, 49.3% to 45.1%; total votes 144.", "dem_primary_mayor_winner": "Cuomo", "dem_primary_public_advocate": "Jumaane D. Williams beat Jenifer Rajkumar, 94 to 19, 78.3% to 15.8%; total votes 120.", "dem_primary_public_advocate_winner": "Williams", "dem_primary_comptroller": "Mark D. Levine beat Justin Brannan, 59 to 25, 51.3% to 21.7%; total votes 115.", "dem_primary_comptroller_winner": "Levine", "popup_summary": "Mayor: ZOHRAN KWAME MAMDANI beat ANDREW M. CUOMO, 204 to 123, 59.6% to 36.0%; total votes 342. | Public Advocate: JUMAANE D. WILLIAMS beat GONZALO DURAN, 271 to 28, 89.4% to 9.2%; total votes 303. | City Comptroller: MARK D. LEVINE beat PETER KEFALAS, 256 to 29, 85.3% to 9.7%; total votes 300. | Question 1: Disapprove beat Approve, 139 to 138, 50.2% to 49.8%; total votes 277. | Question 2: Approve beat Disapprove, 235 to 59, 79.9% to 20.1%; total votes 294. | Question 3: Approve beat Disapprove, 204 to 88, 69.9% to 30.1%; total votes 292. | Question 4: Approve beat Disapprove, 228 to 65, 77.8% to 22.2%; total votes 293. | Question 5: Approve beat Disapprove, 227 to 54, 80.8% to 19.2%; total votes 281. | Question 6: Disapprove beat Approve, 141 to 137, 50.7% to 49.3%; total votes 278. | Dem Primary Mayor: Andrew M. Cuomo beat Zohran Kwame Mamdani, 71 to 65, 49.3% to 45.1%; total votes 144. | Dem Primary Public Advocate: Jumaane D. Williams beat Jenifer Rajkumar, 94 to 19, 78.3% to 15.8%; total votes 120. | Dem Primary Comptroller: Mark D. Levine beat Justin Brannan, 59 to 25, 51.3% to 21.7%; total votes 115.", "mayor_margin": 23.6, "q2_yes": 79.9, "q3_yes": 69.9, "q4_yes": 77.8}, "geometry": {"type": "MultiPolygon", "coordinates": [[[[-73.9427338, 40.7999783], [-73.9429648, 40.7996683], [-73.9432339, 40.7993072], [-73.9433727, 40.7993658], [-73.9448478, 40.7999864], [-73.9452966, 40.8001752], [-73.9459476, 40.8004492], [-73.9464613, 40.8006653], [-73.9459679, 40.8013424], [-73.9454747, 40.801135], [-73.9448416, 40.8008687], [-73.9443537, 40.8006635], [-73.9428786, 40.8000401], [-73.9427338, 40.7999783]]]]}}, {"type": "Feature", "properties": {"felt:feature": 18, "ed_label": "AD 68 ED 019", "elect_dist": "68019", "borough": "Manhattan", "community_board": 11, "community_board_label": "Manhattan CB11", "popup_title": "Manhattan CB11 \u2014 AD 68 ED 019", "general_mayor": "ZOHRAN KWAME MAMDANI beat ANDREW M. CUOMO, 219 to 119, 61.3% to 33.3%; total votes 357.", "general_mayor_winner": "Mamdani", "general_public_advocate": "JUMAANE D. WILLIAMS beat GONZALO DURAN, 286 to 28, 89.7% to 8.8%; total votes 319.", "general_public_advocate_winner": "Williams", "general_comptroller": "MARK D. LEVINE beat PETER KEFALAS, 269 to 22, 88.2% to 7.2%; total votes 305.", "general_comptroller_winner": "Levine", "question_1": "Disapprove beat Approve, 146 to 137, 51.6% to 48.4%; total votes 283.", "question_1_winner": "No-disapprove!", "question_2": "Approve beat Disapprove, 229 to 73, 75.8% to 24.2%; total votes 302.", "question_2_winner": "Yes-approve!", "question_3": "Approve beat Disapprove, 202 to 92, 68.7% to 31.3%; total votes 294.", "question_3_winner": "Yes-approve!", "question_4": "Approve beat Disapprove, 207 to 78, 72.6% to 27.4%; total votes 285.", "question_4_winner": "Yes-approve!", "question_5": "Approve beat Disapprove, 223 to 60, 78.8% to 21.2%; total votes 283.", "question_5_winner": "Yes-approve!", "question_6": "Approve beat Disapprove, 154 to 133, 53.7% to 46.3%; total votes 287.", "question_6_winner": "Yes-approve!", "dem_primary_mayor": "Zohran Kwame Mamdani beat Andrew M. Cuomo, 86 to 76, 44.6% to 39.4%; total votes 193.", "dem_primary_mayor_winner": "Mamdani", "dem_primary_public_advocate": "Jumaane D. Williams beat Jenifer Rajkumar, 134 to 20, 80.2% to 12.0%; total votes 167.", "dem_primary_public_advocate_winner": "Williams", "dem_primary_comptroller": "Mark D. Levine beat Justin Brannan, 91 to 44, 52.0% to 25.1%; total votes 175.", "dem_primary_comptroller_winner": "Levine", "popup_summary": "Mayor: ZOHRAN KWAME MAMDANI beat ANDREW M. CUOMO, 219 to 119, 61.3% to 33.3%; total votes 357. | Public Advocate: JUMAANE D. WILLIAMS beat GONZALO DURAN, 286 to 28, 89.7% to 8.8%; total votes 319. | City Comptroller: MARK D. LEVINE beat PETER KEFALAS, 269 to 22, 88.2% to 7.2%; total votes 305. | Question 1: Disapprove beat Approve, 146 to 137, 51.6% to 48.4%; total votes 283. | Question 2: Approve beat Disapprove, 229 to 73, 75.8% to 24.2%; total votes 302. | Question 3: Approve beat Disapprove, 202 to 92, 68.7% to 31.3%; total votes 294. | Question 4: Approve beat Disapprove, 207 to 78, 72.6% to 27.4%; total votes 285. | Question 5: Approve beat Disapprove, 223 to 60, 78.8% to 21.2%; total votes 283. | Question 6: Approve beat Disapprove, 154 to 133, 53.7% to 46.3%; total votes 287. | Dem Primary Mayor: Zohran Kwame Mamdani beat Andrew M. Cuomo, 86 to 76, 44.6% to 39.4%; total votes 193. | Dem Primary Public Advocate: Jumaane D. Williams beat Jenifer Rajkumar, 134 to 20, 80.2% to 12.0%; total votes 167. | Dem Primary Comptroller: Mark D. Levine beat Justin Brannan, 91 to 44, 52.0% to 25.1%; total votes 175.", "mayor_margin": 28.0, "q2_yes": 75.8, "q3_yes": 68.7, "q4_yes": 72.6}, "geometry": {"type": "MultiPolygon", "coordinates": [[[[-73.9344547, 40.8014192], [-73.934475, 40.8013915], [-73.9348176, 40.8009255], [-73.9348496, 40.800882], [-73.9349163, 40.8007913], [-73.9352134, 40.8003827], [-73.9352435, 40.8003413], [-73.9353736, 40.8001624], [-73.9354503, 40.8001949], [-73.937686, 40.8011409], [-73.9381446, 40.8005097], [-73.9385838, 40.7998918], [-73.9402061, 40.8005571], [-73.9401044, 40.8006962], [-73.9400605, 40.8007562], [-73.9397467, 40.8011854], [-73.9393325, 40.8017537], [-73.9392869, 40.8018164], [-73.938829, 40.8024443], [-73.9372275, 40.801769], [-73.9368123, 40.8017561], [-73.9345461, 40.8014307], [-73.9344547, 40.8014192]]]]}}, {"type": "Feature", "properties": {"felt:feature": 19, "ed_label": "AD 68 ED 020", "elect_dist": "68020", "borough": "Manhattan", "community_board": 11, "community_board_label": "Manhattan CB11", "popup_title": "Manhattan CB11 \u2014 AD 68 ED 020", "general_mayor": "ZOHRAN KWAME MAMDANI beat ANDREW M. CUOMO, 240 to 122, 61.9% to 31.4%; total votes 388.", "general_mayor_winner": "Mamdani", "general_public_advocate": "JUMAANE D. WILLIAMS beat GONZALO DURAN, 315 to 37, 88.7% to 10.4%; total votes 355.", "general_public_advocate_winner": "Williams", "general_comptroller": "MARK D. LEVINE beat PETER KEFALAS, 296 to 30, 85.8% to 8.7%; total votes 345.", "general_comptroller_winner": "Levine", "question_1": "Disapprove beat Approve, 184 to 116, 61.3% to 38.7%; total votes 300.", "question_1_winner": "No-disapprove!", "question_2": "Approve beat Disapprove, 240 to 76, 75.9% to 24.1%; total votes 316.", "question_2_winner": "Yes-approve!", "question_3": "Approve beat Disapprove, 198 to 109, 64.5% to 35.5%; total votes 307.", "question_3_winner": "Yes-approve!", "question_4": "Approve beat Disapprove, 218 to 89, 71.0% to 29.0%; total votes 307.", "question_4_winner": "Yes-approve!", "question_5": "Approve beat Disapprove, 243 to 62, 79.7% to 20.3%; total votes 305.", "question_5_winner": "Yes-approve!", "question_6": "Disapprove beat Approve, 163 to 137, 54.3% to 45.7%; total votes 300.", "question_6_winner": "No-disapprove!", "dem_primary_mayor": "Zohran Kwame Mamdani beat Andrew M. Cuomo, 86 to 79, 44.3% to 40.7%; total votes 194.", "dem_primary_mayor_winner": "Mamdani", "dem_primary_public_advocate": "Jumaane D. Williams beat Jenifer Rajkumar, 138 to 14, 82.1% to 8.3%; total votes 168.", "dem_primary_public_advocate_winner": "Williams", "dem_primary_comptroller": "Mark D. Levine beat Justin Brannan, 93 to 37, 54.7% to 21.8%; total votes 170.", "dem_primary_comptroller_winner": "Levine", "popup_summary": "Mayor: ZOHRAN KWAME MAMDANI beat ANDREW M. CUOMO, 240 to 122, 61.9% to 31.4%; total votes 388. | Public Advocate: JUMAANE D. WILLIAMS beat GONZALO DURAN, 315 to 37, 88.7% to 10.4%; total votes 355. | City Comptroller: MARK D. LEVINE beat PETER KEFALAS, 296 to 30, 85.8% to 8.7%; total votes 345. | Question 1: Disapprove beat Approve, 184 to 116, 61.3% to 38.7%; total votes 300. | Question 2: Approve beat Disapprove, 240 to 76, 75.9% to 24.1%; total votes 316. | Question 3: Approve beat Disapprove, 198 to 109, 64.5% to 35.5%; total votes 307. | Question 4: Approve beat Disapprove, 218 to 89, 71.0% to 29.0%; total votes 307. | Question 5: Approve beat Disapprove, 243 to 62, 79.7% to 20.3%; total votes 305. | Question 6: Disapprove beat Approve, 163 to 137, 54.3% to 45.7%; total votes 300. | Dem Primary Mayor: Zohran Kwame Mamdani beat Andrew M. Cuomo, 86 to 79, 44.3% to 40.7%; total votes 194. | Dem Primary Public Advocate: Jumaane D. Williams beat Jenifer Rajkumar, 138 to 14, 82.1% to 8.3%; total votes 168. | Dem Primary Comptroller: Mark D. Levine beat Justin Brannan, 93 to 37, 54.7% to 21.8%; total votes 170.", "mayor_margin": 30.5, "q2_yes": 75.9, "q3_yes": 64.5, "q4_yes": 71.0}, "geometry": {"type": "MultiPolygon", "coordinates": [[[[-73.9306969, 40.8024193], [-73.9309895, 40.8020419], [-73.9310157, 40.8020014], [-73.9312016, 40.8017545], [-73.9313874, 40.8015023], [-73.9314116, 40.8014695], [-73.9317728, 40.8009794], [-73.9319686, 40.8007107], [-73.9321527, 40.8004588], [-73.932237, 40.8003435], [-73.9322997, 40.8002578], [-73.9323703, 40.8001613], [-73.9324217, 40.8000909], [-73.9325047, 40.7999775], [-73.9325579, 40.7999046], [-73.9347893, 40.8007435], [-73.9349163, 40.8007913], [-73.9348496, 40.800882], [-73.9348176, 40.8009255], [-73.934475, 40.8013915], [-73.9344547, 40.8014192], [-73.9344301, 40.8014603], [-73.9343515, 40.801584], [-73.9343225, 40.8016252], [-73.9341248, 40.8018972], [-73.9340975, 40.8019411], [-73.9340559, 40.8020141], [-73.9340789, 40.8021053], [-73.9335764, 40.8027522], [-73.9358161, 40.8036999], [-73.9353181, 40.8043672], [-73.9330821, 40.8034252], [-73.932663, 40.8040651], [-73.932342, 40.8039196], [-73.9312433, 40.8034546], [-73.9307454, 40.8032424], [-73.930597, 40.8029312], [-73.930822, 40.8025963], [-73.9308936, 40.8024898], [-73.9308082, 40.8024624], [-73.9306969, 40.8024193]]]]}}, {"type": "Feature", "properties": {"felt:feature": 20, "ed_label": "AD 68 ED 021", "elect_dist": "68021", "borough": "Manhattan", "community_board": 11, "community_board_label": "Manhattan CB11", "popup_title": "Manhattan CB11 \u2014 AD 68 ED 021", "general_mayor": "ZOHRAN KWAME MAMDANI beat ANDREW M. CUOMO, 390 to 174, 67.0% to 29.9%; total votes 582.", "general_mayor_winner": "Mamdani", "general_public_advocate": "JUMAANE D. WILLIAMS beat GONZALO DURAN, 495 to 55, 88.9% to 9.9%; total votes 557.", "general_public_advocate_winner": "Williams", "general_comptroller": "MARK D. LEVINE beat PETER KEFALAS, 477 to 45, 88.0% to 8.3%; total votes 542.", "general_comptroller_winner": "Levine", "question_1": "Disapprove beat Approve, 295 to 219, 57.4% to 42.6%; total votes 514.", "question_1_winner": "No-disapprove!", "question_2": "Approve beat Disapprove, 376 to 145, 72.2% to 27.8%; total votes 521.", "question_2_winner": "Yes-approve!", "question_3": "Approve beat Disapprove, 340 to 173, 66.3% to 33.7%; total votes 513.", "question_3_winner": "Yes-approve!", "question_4": "Approve beat Disapprove, 372 to 147, 71.7% to 28.3%; total votes 519.", "question_4_winner": "Yes-approve!", "question_5": "Approve beat Disapprove, 436 to 76, 85.2% to 14.8%; total votes 512.", "question_5_winner": "Yes-approve!", "question_6": "Approve beat Disapprove, 279 to 239, 53.9% to 46.1%; total votes 518.", "question_6_winner": "Yes-approve!", "dem_primary_mayor": "Zohran Kwame Mamdani beat Andrew M. Cuomo, 173 to 102, 52.0% to 30.6%; total votes 333.", "dem_primary_mayor_winner": "Mamdani", "dem_primary_public_advocate": "Jumaane D. Williams beat Jenifer Rajkumar, 231 to 49, 76.2% to 16.2%; total votes 303.", "dem_primary_public_advocate_winner": "Williams", "dem_primary_comptroller": "Mark D. Levine beat Justin Brannan, 132 to 84, 44.1% to 28.1%; total votes 299.", "dem_primary_comptroller_winner": "Levine", "popup_summary": "Mayor: ZOHRAN KWAME MAMDANI beat ANDREW M. CUOMO, 390 to 174, 67.0% to 29.9%; total votes 582. | Public Advocate: JUMAANE D. WILLIAMS beat GONZALO DURAN, 495 to 55, 88.9% to 9.9%; total votes 557. | City Comptroller: MARK D. LEVINE beat PETER KEFALAS, 477 to 45, 88.0% to 8.3%; total votes 542. | Question 1: Disapprove beat Approve, 295 to 219, 57.4% to 42.6%; total votes 514. | Question 2: Approve beat Disapprove, 376 to 145, 72.2% to 27.8%; total votes 521. | Question 3: Approve beat Disapprove, 340 to 173, 66.3% to 33.7%; total votes 513. | Question 4: Approve beat Disapprove, 372 to 147, 71.7% to 28.3%; total votes 519. | Question 5: Approve beat Disapprove, 436 to 76, 85.2% to 14.8%; total votes 512. | Question 6: Approve beat Disapprove, 279 to 239, 53.9% to 46.1%; total votes 518. | Dem Primary Mayor: Zohran Kwame Mamdani beat Andrew M. Cuomo, 173 to 102, 52.0% to 30.6%; total votes 333. | Dem Primary Public Advocate: Jumaane D. Williams beat Jenifer Rajkumar, 231 to 49, 76.2% to 16.2%; total votes 303. | Dem Primary Comptroller: Mark D. Levine beat Justin Brannan, 132 to 84, 44.1% to 28.1%; total votes 299.", "mayor_margin": 37.1, "q2_yes": 72.2, "q3_yes": 66.3, "q4_yes": 71.7}, "geometry": {"type": "MultiPolygon", "coordinates": [[[[-73.9349163, 40.8007913], [-73.9347893, 40.8007435], [-73.9325579, 40.7999046], [-73.9326463, 40.7997837], [-73.9327045, 40.7997041], [-73.9327916, 40.799585], [-73.9328566, 40.7994961], [-73.9329192, 40.7994105], [-73.932984, 40.799322], [-73.9330856, 40.7991829], [-73.9331482, 40.7990973], [-73.9334663, 40.7986623], [-73.9335232, 40.7985843], [-73.932229, 40.7980481], [-73.9321524, 40.7980156], [-73.9320825, 40.797986], [-73.9320151, 40.7979574], [-73.9318935, 40.7979059], [-73.9318141, 40.7978722], [-73.9316701, 40.7978112], [-73.931583, 40.7977743], [-73.9312673, 40.7976406], [-73.9311366, 40.7975861], [-73.9310715, 40.797559], [-73.9298202, 40.7970375], [-73.9296321, 40.7969483], [-73.9293896, 40.796831], [-73.9293071, 40.7967962], [-73.9292453, 40.7967704], [-73.9290869, 40.7967067], [-73.9290546, 40.7966944], [-73.9292794, 40.7958531], [-73.929308, 40.7958716], [-73.9294569, 40.7959743], [-73.9295046, 40.7960041], [-73.929569, 40.7960411], [-73.9297774, 40.7961566], [-73.9317431, 40.7969874], [-73.93399, 40.7979324], [-73.934711, 40.7982372], [-73.9350897, 40.7983974], [-73.9359269, 40.7987517], [-73.9359691, 40.7987695], [-73.9363612, 40.7989355], [-73.9385838, 40.7998918], [-73.9381446, 40.8005097], [-73.937686, 40.8011409], [-73.9354503, 40.8001949], [-73.9353736, 40.8001624], [-73.9352435, 40.8003413], [-73.9352134, 40.8003827], [-73.9349163, 40.8007913]]]]}}, {"type": "Feature", "properties": {"felt:feature": 21, "ed_label": "AD 68 ED 022", "elect_dist": "68022", "borough": "Manhattan", "community_board": 11, "community_board_label": "Manhattan CB11", "popup_title": "Manhattan CB11 \u2014 AD 68 ED 022", "general_mayor": "ZOHRAN KWAME MAMDANI beat ANDREW M. CUOMO, 188 to 82, 65.1% to 28.4%; total votes 289.", "general_mayor_winner": "Mamdani", "general_public_advocate": "JUMAANE D. WILLIAMS beat GONZALO DURAN, 243 to 20, 90.0% to 7.4%; total votes 270.", "general_public_advocate_winner": "Williams", "general_comptroller": "MARK D. LEVINE beat PETER KEFALAS, 223 to 23, 86.4% to 8.9%; total votes 258.", "general_comptroller_winner": "Levine", "question_1": "Disapprove beat Approve, 134 to 94, 58.8% to 41.2%; total votes 228.", "question_1_winner": "No-disapprove!", "question_2": "Approve beat Disapprove, 185 to 54, 77.4% to 22.6%; total votes 239.", "question_2_winner": "Yes-approve!", "question_3": "Approve beat Disapprove, 164 to 71, 69.8% to 30.2%; total votes 235.", "question_3_winner": "Yes-approve!", "question_4": "Approve beat Disapprove, 182 to 54, 77.1% to 22.9%; total votes 236.", "question_4_winner": "Yes-approve!", "question_5": "Approve beat Disapprove, 185 to 46, 80.1% to 19.9%; total votes 231.", "question_5_winner": "Yes-approve!", "question_6": "Approve beat Disapprove, 124 to 110, 53.0% to 47.0%; total votes 234.", "question_6_winner": "Yes-approve!", "dem_primary_mayor": "Zohran Kwame Mamdani beat Andrew M. Cuomo, 89 to 50, 54.6% to 30.7%; total votes 163.", "dem_primary_mayor_winner": "Mamdani", "dem_primary_public_advocate": "Jumaane D. Williams beat Jenifer Rajkumar, 110 to 22, 75.3% to 15.1%; total votes 146.", "dem_primary_public_advocate_winner": "Williams", "dem_primary_comptroller": "Mark D. Levine beat Justin Brannan, 58 to 40, 40.3% to 27.8%; total votes 144.", "dem_primary_comptroller_winner": "Levine", "popup_summary": "Mayor: ZOHRAN KWAME MAMDANI beat ANDREW M. CUOMO, 188 to 82, 65.1% to 28.4%; total votes 289. | Public Advocate: JUMAANE D. WILLIAMS beat GONZALO DURAN, 243 to 20, 90.0% to 7.4%; total votes 270. | City Comptroller: MARK D. LEVINE beat PETER KEFALAS, 223 to 23, 86.4% to 8.9%; total votes 258. | Question 1: Disapprove beat Approve, 134 to 94, 58.8% to 41.2%; total votes 228. | Question 2: Approve beat Disapprove, 185 to 54, 77.4% to 22.6%; total votes 239. | Question 3: Approve beat Disapprove, 164 to 71, 69.8% to 30.2%; total votes 235. | Question 4: Approve beat Disapprove, 182 to 54, 77.1% to 22.9%; total votes 236. | Question 5: Approve beat Disapprove, 185 to 46, 80.1% to 19.9%; total votes 231. | Question 6: Approve beat Disapprove, 124 to 110, 53.0% to 47.0%; total votes 234. | Dem Primary Mayor: Zohran Kwame Mamdani beat Andrew M. Cuomo, 89 to 50, 54.6% to 30.7%; total votes 163. | Dem Primary Public Advocate: Jumaane D. Williams beat Jenifer Rajkumar, 110 to 22, 75.3% to 15.1%; total votes 146. | Dem Primary Comptroller: Mark D. Levine beat Justin Brannan, 58 to 40, 40.3% to 27.8%; total votes 144.", "mayor_margin": 36.7, "q2_yes": 77.4, "q3_yes": 69.8, "q4_yes": 77.1}, "geometry": {"type": "MultiPolygon", "coordinates": [[[[-73.9406655, 40.79993], [-73.9411262, 40.7992997], [-73.9413476, 40.7989961], [-73.9416192, 40.7986236], [-73.9431003, 40.7992498], [-73.9436081, 40.7985608], [-73.943742, 40.7986151], [-73.9438731, 40.7986695], [-73.9442822, 40.7988394], [-73.9443378, 40.7988626], [-73.9453591, 40.7992869], [-73.9448478, 40.7999864], [-73.9433727, 40.7993658], [-73.9432339, 40.7993072], [-73.9429648, 40.7996683], [-73.9427338, 40.7999783], [-73.9422718, 40.8006082], [-73.9421478, 40.8005561], [-73.9406655, 40.79993]]]]}}, {"type": "Feature", "properties": {"felt:feature": 22, "ed_label": "AD 68 ED 023", "elect_dist": "68023", "borough": "Manhattan", "community_board": 11, "community_board_label": "Manhattan CB11", "popup_title": "Manhattan CB11 \u2014 AD 68 ED 023", "general_mayor": "ZOHRAN KWAME MAMDANI beat ANDREW M. CUOMO, 143 to 129, 48.8% to 44.0%; total votes 293.", "general_mayor_winner": "Mamdani", "general_public_advocate": "JUMAANE D. WILLIAMS beat GONZALO DURAN, 231 to 26, 88.8% to 10.0%; total votes 260.", "general_public_advocate_winner": "Williams", "general_comptroller": "MARK D. LEVINE beat PETER KEFALAS, 220 to 18, 87.6% to 7.2%; total votes 251.", "general_comptroller_winner": "Levine", "question_1": "Disapprove beat Approve, 120 to 101, 54.3% to 45.7%; total votes 221.", "question_1_winner": "No-disapprove!", "question_2": "Approve beat Disapprove, 199 to 39, 83.6% to 16.4%; total votes 238.", "question_2_winner": "Yes-approve!", "question_3": "Approve beat Disapprove, 162 to 63, 72.0% to 28.0%; total votes 225.", "question_3_winner": "Yes-approve!", "question_4": "Approve beat Disapprove, 184 to 45, 80.3% to 19.7%; total votes 229.", "question_4_winner": "Yes-approve!", "question_5": "Approve beat Disapprove, 163 to 57, 74.1% to 25.9%; total votes 220.", "question_5_winner": "Yes-approve!", "question_6": "Approve beat Disapprove, 121 to 104, 53.8% to 46.2%; total votes 225.", "question_6_winner": "Yes-approve!", "dem_primary_mayor": "Andrew M. Cuomo beat Zohran Kwame Mamdani, 87 to 31, 60.4% to 21.5%; total votes 144.", "dem_primary_mayor_winner": "Cuomo", "dem_primary_public_advocate": "Jumaane D. Williams beat Jenifer Rajkumar, 95 to 21, 74.2% to 16.4%; total votes 128.", "dem_primary_public_advocate_winner": "Williams", "dem_primary_comptroller": "Mark D. Levine beat Ismael Malave Perez, 73 to 19, 57.5% to 15.0%; total votes 127.", "dem_primary_comptroller_winner": "Levine", "popup_summary": "Mayor: ZOHRAN KWAME MAMDANI beat ANDREW M. CUOMO, 143 to 129, 48.8% to 44.0%; total votes 293. | Public Advocate: JUMAANE D. WILLIAMS beat GONZALO DURAN, 231 to 26, 88.8% to 10.0%; total votes 260. | City Comptroller: MARK D. LEVINE beat PETER KEFALAS, 220 to 18, 87.6% to 7.2%; total votes 251. | Question 1: Disapprove beat Approve, 120 to 101, 54.3% to 45.7%; total votes 221. | Question 2: Approve beat Disapprove, 199 to 39, 83.6% to 16.4%; total votes 238. | Question 3: Approve beat Disapprove, 162 to 63, 72.0% to 28.0%; total votes 225. | Question 4: Approve beat Disapprove, 184 to 45, 80.3% to 19.7%; total votes 229. | Question 5: Approve beat Disapprove, 163 to 57, 74.1% to 25.9%; total votes 220. | Question 6: Approve beat Disapprove, 121 to 104, 53.8% to 46.2%; total votes 225. | Dem Primary Mayor: Andrew M. Cuomo beat Zohran Kwame Mamdani, 87 to 31, 60.4% to 21.5%; total votes 144. | Dem Primary Public Advocate: Jumaane D. Williams beat Jenifer Rajkumar, 95 to 21, 74.2% to 16.4%; total votes 128. | Dem Primary Comptroller: Mark D. Levine beat Ismael Malave Perez, 73 to 19, 57.5% to 15.0%; total votes 127.", "mayor_margin": 4.8, "q2_yes": 83.6, "q3_yes": 72.0, "q4_yes": 80.3}, "geometry": {"type": "MultiPolygon", "coordinates": [[[[-73.943742, 40.7986151], [-73.9439113, 40.7983836], [-73.9439668, 40.7983077], [-73.9441703, 40.7980295], [-73.9443229, 40.7978208], [-73.9444294, 40.7976752], [-73.9446316, 40.7973987], [-73.9446941, 40.7973132], [-73.9447616, 40.797221], [-73.9448607, 40.7970855], [-73.9449277, 40.7969939], [-73.9450961, 40.7967635], [-73.945227, 40.7968201], [-73.9455651, 40.7969648], [-73.9456668, 40.7970083], [-73.9467003, 40.7974505], [-73.9466299, 40.797547], [-73.9465134, 40.7977065], [-73.9464602, 40.7977793], [-73.9463097, 40.7979854], [-73.946245, 40.7980739], [-73.9460424, 40.7983513], [-73.9459934, 40.7984184], [-73.9456327, 40.7989123], [-73.9455909, 40.7989695], [-73.9455468, 40.7990299], [-73.9455034, 40.7990893], [-73.9454415, 40.7991741], [-73.9453996, 40.7992313], [-73.9453591, 40.7992869], [-73.9443378, 40.7988626], [-73.9442822, 40.7988394], [-73.9438731, 40.7986695], [-73.943742, 40.7986151]]]]}}, {"type": "Feature", "properties": {"felt:feature": 23, "ed_label": "AD 68 ED 024", "elect_dist": "68024", "borough": "Manhattan", "community_board": 11, "community_board_label": "Manhattan CB11", "popup_title": "Manhattan CB11 \u2014 AD 68 ED 024", "general_mayor": "ANDREW M. CUOMO beat ZOHRAN KWAME MAMDANI, 17 to 8, 53.1% to 25.0%; total votes 32.", "general_mayor_winner": "Cuomo", "general_public_advocate": "JUMAANE D. WILLIAMS beat GONZALO DURAN, 18 to 11, 60.0% to 36.7%; total votes 30.", "general_public_advocate_winner": "Williams", "general_comptroller": "MARK D. LEVINE beat PETER KEFALAS, 15 to 11, 53.6% to 39.3%; total votes 28.", "general_comptroller_winner": "Levine", "question_1": "Approve beat Disapprove, 14 to 10, 58.3% to 41.7%; total votes 24.", "question_1_winner": "Yes-approve!", "question_2": "Approve beat Disapprove, 23 to 2, 92.0% to 8.0%; total votes 25.", "question_2_winner": "Yes-approve!", "question_3": "Approve beat Disapprove, 19 to 5, 79.2% to 20.8%; total votes 24.", "question_3_winner": "Yes-approve!", "question_4": "Approve beat Disapprove, 22 to 3, 88.0% to 12.0%; total votes 25.", "question_4_winner": "Yes-approve!", "question_5": "Approve beat Disapprove, 18 to 7, 72.0% to 28.0%; total votes 25.", "question_5_winner": "Yes-approve!", "question_6": "Approve beat Disapprove, 15 to 10, 60.0% to 40.0%; total votes 25.", "question_6_winner": "Yes-approve!", "dem_primary_mayor": "Andrew M. Cuomo beat Selma K. Bartholomew, 10 to 1, 83.3% to 8.3%; total votes 12.", "dem_primary_mayor_winner": "Cuomo", "dem_primary_public_advocate": "Jumaane D. Williams beat Jenifer Rajkumar, 6 to 3, 66.7% to 33.3%; total votes 9.", "dem_primary_public_advocate_winner": "Williams", "dem_primary_comptroller": "Mark D. Levine beat Ismael Malave Perez, 5 to 3, 50.0% to 30.0%; total votes 10.", "dem_primary_comptroller_winner": "Levine", "popup_summary": "Mayor: ANDREW M. CUOMO beat ZOHRAN KWAME MAMDANI, 17 to 8, 53.1% to 25.0%; total votes 32. | Public Advocate: JUMAANE D. WILLIAMS beat GONZALO DURAN, 18 to 11, 60.0% to 36.7%; total votes 30. | City Comptroller: MARK D. LEVINE beat PETER KEFALAS, 15 to 11, 53.6% to 39.3%; total votes 28. | Question 1: Approve beat Disapprove, 14 to 10, 58.3% to 41.7%; total votes 24. | Question 2: Approve beat Disapprove, 23 to 2, 92.0% to 8.0%; total votes 25. | Question 3: Approve beat Disapprove, 19 to 5, 79.2% to 20.8%; total votes 24. | Question 4: Approve beat Disapprove, 22 to 3, 88.0% to 12.0%; total votes 25. | Question 5: Approve beat Disapprove, 18 to 7, 72.0% to 28.0%; total votes 25. | Question 6: Approve beat Disapprove, 15 to 10, 60.0% to 40.0%; total votes 25. | Dem Primary Mayor: Andrew M. Cuomo beat Selma K. Bartholomew, 10 to 1, 83.3% to 8.3%; total votes 12. | Dem Primary Public Advocate: Jumaane D. Williams beat Jenifer Rajkumar, 6 to 3, 66.7% to 33.3%; total votes 9. | Dem Primary Comptroller: Mark D. Levine beat Ismael Malave Perez, 5 to 3, 50.0% to 30.0%; total votes 10.", "mayor_margin": 28.1, "q2_yes": 92.0, "q3_yes": 79.2, "q4_yes": 88.0}, "geometry": {"type": "MultiPolygon", "coordinates": [[[[-73.9213375, 40.8008521], [-73.9211359, 40.8004755], [-73.9210332, 40.8002653], [-73.920839, 40.8000126], [-73.9205788, 40.7996681], [-73.9203548, 40.7994229], [-73.9203147, 40.7993755], [-73.9192379, 40.7988811], [-73.9191457, 40.798839], [-73.9190656, 40.7988028], [-73.918995, 40.7987718], [-73.9189872, 40.7987697], [-73.9189108, 40.7987401], [-73.9179799, 40.7983802], [-73.9179028, 40.7983627], [-73.9166299, 40.7978581], [-73.9163985, 40.7976848], [-73.9154547, 40.7970635], [-73.9144383, 40.7956655], [-73.9138043, 40.7945118], [-73.9137839, 40.7938363], [-73.9145921, 40.7927766], [-73.9151413, 40.7920125], [-73.915357, 40.791843], [-73.9155212, 40.7917833], [-73.9163057, 40.7911175], [-73.9161709, 40.7910143], [-73.9168654, 40.7903621], [-73.9170792, 40.7904567], [-73.9171062, 40.7904686], [-73.9178407, 40.7901713], [-73.9181233, 40.7900402], [-73.9184334, 40.789804], [-73.918563, 40.7896953], [-73.91859, 40.7894741], [-73.9185088, 40.7894251], [-73.9218925, 40.7857033], [-73.9219954, 40.7857561], [-73.922191, 40.7855107], [-73.9224351, 40.7847828], [-73.922852, 40.7835557], [-73.9230647, 40.7833429], [-73.9240115, 40.7826607], [-73.9240136, 40.7826576], [-73.9240621, 40.7825903], [-73.9241211, 40.7825231], [-73.9242362, 40.7824969], [-73.9242475, 40.7824943], [-73.9243108, 40.782456], [-73.9244805, 40.7823205], [-73.9246733, 40.7822449], [-73.9248839, 40.7822226], [-73.9250609, 40.7822163], [-73.9251402, 40.7822438], [-73.9251535, 40.7822484], [-73.925242, 40.782274], [-73.9253894, 40.7822741], [-73.9257181, 40.7821766], [-73.9271375, 40.7811943], [-73.9273242, 40.7810906], [-73.9275441, 40.7810506], [-73.927604, 40.7810397], [-73.9276965, 40.7810148], [-73.9277875, 40.7809899], [-73.9281012, 40.7809203], [-73.9284927, 40.7810084], [-73.9291735, 40.7814106], [-73.9303099, 40.7820773], [-73.9306382, 40.7822614], [-73.9310535, 40.7823966], [-73.9326708, 40.7826936], [-73.9350235, 40.7830064], [-73.9354057, 40.7833945], [-73.935813, 40.7837101], [-73.9359823, 40.7839424], [-73.9360706, 40.7842172], [-73.9360533, 40.7845124], [-73.9360027, 40.7846754], [-73.9359182, 40.7848069], [-73.9357935, 40.7852548], [-73.9357638, 40.785446], [-73.9357127, 40.7856805], [-73.9331284, 40.7887102], [-73.9326961, 40.7891782], [-73.9324015, 40.7897203], [-73.9322407, 40.7896948], [-73.9321053, 40.789834], [-73.931476, 40.7904792], [-73.9308418, 40.7909914], [-73.9307294, 40.7909551], [-73.9297844, 40.7913415], [-73.929724, 40.7913662], [-73.9296661, 40.7913558], [-73.9287195, 40.7909435], [-73.9285946, 40.7909669], [-73.9280727, 40.7908234], [-73.9273733, 40.7908108], [-73.9269226, 40.7907887], [-73.9268082, 40.7907644], [-73.9266671, 40.7907345], [-73.9264183, 40.7906934], [-73.9262543, 40.7906945], [-73.9261041, 40.7907316], [-73.9260624, 40.7908278], [-73.9260656, 40.7909365], [-73.9260859, 40.7910038], [-73.9260891, 40.7910918], [-73.9260447, 40.7911771], [-73.9260479, 40.7912651], [-73.9260866, 40.7913537], [-73.9261123, 40.7914126], [-73.9261529, 40.7915472], [-73.9261596, 40.7916197], [-73.9261594, 40.7917154], [-73.9262717, 40.7917569], [-73.9264418, 40.7917959], [-73.9265473, 40.7918271], [-73.9265677, 40.7918581], [-73.9265131, 40.7918969], [-73.9262783, 40.7918785], [-73.9261456, 40.7918473], [-73.9259276, 40.7918755], [-73.9257643, 40.7918573], [-73.9256356, 40.7918222], [-73.9255873, 40.7918208], [-73.9255804, 40.7918545], [-73.9256076, 40.7918959], [-73.9261694, 40.7918992], [-73.9264281, 40.7919565], [-73.926629, 40.7919464], [-73.9266666, 40.7919402], [-73.926738, 40.7919284], [-73.9267007, 40.7918326], [-73.9266395, 40.7917911], [-73.9265782, 40.7917936], [-73.9265068, 40.7917728], [-73.9263674, 40.7916614], [-73.9263303, 40.7915035], [-73.9263445, 40.7912473], [-73.9264265, 40.7911102], [-73.926488, 40.7910223], [-73.9265658, 40.7909795], [-73.9267027, 40.7909682], [-73.9267389, 40.7909741], [-73.9268287, 40.790989], [-73.9269446, 40.7909994], [-73.9270195, 40.7909994], [-73.9271149, 40.791015], [-73.927166, 40.7909969], [-73.9272409, 40.790997], [-73.9273159, 40.7910074], [-73.9273806, 40.7909971], [-73.9274386, 40.7909609], [-73.9275101, 40.7909609], [-73.9275612, 40.7909635], [-73.9276532, 40.7909584], [-73.9277841, 40.7909416], [-73.9278689, 40.7909548], [-73.9278933, 40.7909788], [-73.927902, 40.7910098], [-73.9279105, 40.7910391], [-73.9278937, 40.7910911], [-73.9276598, 40.7913483], [-73.9275783, 40.7914605], [-73.9273207, 40.7917432], [-73.9272766, 40.7917673], [-73.9272329, 40.7917914], [-73.9271356, 40.7919293], [-73.9278014, 40.7919975], [-73.9280005, 40.7921336], [-73.9282672, 40.7923285], [-73.9283377, 40.7928565], [-73.9283429, 40.7929181], [-73.9283421, 40.7929797], [-73.9283354, 40.7930411], [-73.9283227, 40.793102], [-73.9282953, 40.7931612], [-73.9282652, 40.7932129], [-73.9273533, 40.7944619], [-73.9272606, 40.7947298], [-73.9272438, 40.7947792], [-73.9270978, 40.7951036], [-73.9270512, 40.7951785], [-73.9270116, 40.7952557], [-73.9269791, 40.7953347], [-73.9269539, 40.7954153], [-73.9269361, 40.7954971], [-73.9269259, 40.7955795], [-73.9269232, 40.7956623], [-73.9269049, 40.7959839], [-73.9268907, 40.7962345], [-73.9268897, 40.796252], [-73.9269519, 40.7967084], [-73.9270385, 40.7969888], [-73.9271181, 40.7972039], [-73.9271851, 40.7973499], [-73.9273549, 40.7973166], [-73.9273469, 40.7972939], [-73.9276712, 40.797217], [-73.9277069, 40.7972987], [-73.9273826, 40.7973771], [-73.9273668, 40.7973468], [-73.927203, 40.7973867], [-73.9272169, 40.7974154], [-73.9272772, 40.7974075], [-73.9274392, 40.7977105], [-73.9274759, 40.7981229], [-73.9272629, 40.7989186], [-73.92692, 40.7998376], [-73.9269011, 40.7998882], [-73.9268826, 40.7999408], [-73.9268541, 40.7999876], [-73.9268061, 40.8000359], [-73.9266957, 40.800147], [-73.9272477, 40.800393], [-73.9271146, 40.8005638], [-73.927067, 40.800543], [-73.9271693, 40.8004059], [-73.9266657, 40.8001827], [-73.9265535, 40.8003152], [-73.9267426, 40.8004035], [-73.9267368, 40.8004115], [-73.9267253, 40.8004073], [-73.9267209, 40.8004142], [-73.9265385, 40.8003339], [-73.9265025, 40.8003749], [-73.9266847, 40.8004548], [-73.9265524, 40.8006048], [-73.9268453, 40.8007396], [-73.9268316, 40.8007655], [-73.9268691, 40.8007837], [-73.9269953, 40.8006362], [-73.9270464, 40.8006517], [-73.9268861, 40.8008406], [-73.9265095, 40.800657], [-73.9258805, 40.8015517], [-73.9258249, 40.8016425], [-73.9257755, 40.8017306], [-73.9256983, 40.8018109], [-73.9254929, 40.8019562], [-73.9252903, 40.8019956], [-73.9252752, 40.8019985], [-73.9243604, 40.8019856], [-73.9226338, 40.8018687], [-73.9221554, 40.8016265], [-73.9219109, 40.8015027], [-73.9213375, 40.8008521]]]]}}, {"type": "Feature", "properties": {"felt:feature": 24, "ed_label": "AD 68 ED 025", "elect_dist": "68025", "borough": "Manhattan", "community_board": 11, "community_board_label": "Manhattan CB11", "popup_title": "Manhattan CB11 \u2014 AD 68 ED 025", "general_mayor": "ZOHRAN KWAME MAMDANI beat ANDREW M. CUOMO, 298 to 130, 64.8% to 28.3%; total votes 460.", "general_mayor_winner": "Mamdani", "general_public_advocate": "JUMAANE D. WILLIAMS beat GONZALO DURAN, 357 to 48, 86.9% to 11.7%; total votes 411.", "general_public_advocate_winner": "Williams", "general_comptroller": "MARK D. LEVINE beat PETER KEFALAS, 339 to 39, 85.6% to 9.8%; total votes 396.", "general_comptroller_winner": "Levine", "question_1": "Disapprove beat Approve, 205 to 159, 56.3% to 43.7%; total votes 364.", "question_1_winner": "No-disapprove!", "question_2": "Approve beat Disapprove, 249 to 120, 67.5% to 32.5%; total votes 369.", "question_2_winner": "Yes-approve!", "question_3": "Approve beat Disapprove, 221 to 146, 60.2% to 39.8%; total votes 367.", "question_3_winner": "Yes-approve!", "question_4": "Approve beat Disapprove, 230 to 134, 63.2% to 36.8%; total votes 364.", "question_4_winner": "Yes-approve!", "question_5": "Approve beat Disapprove, 275 to 91, 75.1% to 24.9%; total votes 366.", "question_5_winner": "Yes-approve!", "question_6": "Disapprove beat Approve, 193 to 169, 53.3% to 46.7%; total votes 362.", "question_6_winner": "No-disapprove!", "dem_primary_mayor": "Zohran Kwame Mamdani beat Andrew M. Cuomo, 114 to 103, 45.4% to 41.0%; total votes 251.", "dem_primary_mayor_winner": "Mamdani", "dem_primary_public_advocate": "Jumaane D. Williams beat Jenifer Rajkumar, 166 to 32, 77.2% to 14.9%; total votes 215.", "dem_primary_public_advocate_winner": "Williams", "dem_primary_comptroller": "Mark D. Levine beat Justin Brannan, 96 to 67, 44.0% to 30.7%; total votes 218.", "dem_primary_comptroller_winner": "Levine", "popup_summary": "Mayor: ZOHRAN KWAME MAMDANI beat ANDREW M. CUOMO, 298 to 130, 64.8% to 28.3%; total votes 460. | Public Advocate: JUMAANE D. WILLIAMS beat GONZALO DURAN, 357 to 48, 86.9% to 11.7%; total votes 411. | City Comptroller: MARK D. LEVINE beat PETER KEFALAS, 339 to 39, 85.6% to 9.8%; total votes 396. | Question 1: Disapprove beat Approve, 205 to 159, 56.3% to 43.7%; total votes 364. | Question 2: Approve beat Disapprove, 249 to 120, 67.5% to 32.5%; total votes 369. | Question 3: Approve beat Disapprove, 221 to 146, 60.2% to 39.8%; total votes 367. | Question 4: Approve beat Disapprove, 230 to 134, 63.2% to 36.8%; total votes 364. | Question 5: Approve beat Disapprove, 275 to 91, 75.1% to 24.9%; total votes 366. | Question 6: Disapprove beat Approve, 193 to 169, 53.3% to 46.7%; total votes 362. | Dem Primary Mayor: Zohran Kwame Mamdani beat Andrew M. Cuomo, 114 to 103, 45.4% to 41.0%; total votes 251. | Dem Primary Public Advocate: Jumaane D. Williams beat Jenifer Rajkumar, 166 to 32, 77.2% to 14.9%; total votes 215. | Dem Primary Comptroller: Mark D. Levine beat Justin Brannan, 96 to 67, 44.0% to 30.7%; total votes 218.", "mayor_margin": 36.5, "q2_yes": 67.5, "q3_yes": 60.2, "q4_yes": 63.2}, "geometry": {"type": "MultiPolygon", "coordinates": [[[[-73.9385838, 40.7998918], [-73.93905, 40.7992559], [-73.9395213, 40.7986256], [-73.9398713, 40.7981506], [-73.9400218, 40.7979464], [-73.9405183, 40.7972607], [-73.9407016, 40.7970103], [-73.9407567, 40.7969351], [-73.9408539, 40.7968022], [-73.940909, 40.796727], [-73.9409804, 40.7966294], [-73.9410348, 40.7965551], [-73.9410978, 40.796469], [-73.9411562, 40.7963893], [-73.9413354, 40.7961444], [-73.9418458, 40.7963689], [-73.9421605, 40.7962511], [-73.9422546, 40.79613], [-73.9431789, 40.7964908], [-73.9431345, 40.7965517], [-73.9430401, 40.7966812], [-73.9430005, 40.7967355], [-73.9429543, 40.796799], [-73.9429051, 40.7968665], [-73.9428615, 40.7969262], [-73.9428368, 40.7969602], [-73.9427776, 40.7970414], [-73.9427324, 40.7971035], [-73.9426859, 40.7971673], [-73.9426369, 40.7972345], [-73.9425896, 40.7972994], [-73.9423986, 40.7975617], [-73.9423456, 40.7976344], [-73.9421201, 40.7979438], [-73.9416192, 40.7986236], [-73.9413476, 40.7989961], [-73.9411262, 40.7992997], [-73.9406655, 40.79993], [-73.9402061, 40.8005571], [-73.9385838, 40.7998918]]]]}}, {"type": "Feature", "properties": {"felt:feature": 25, "ed_label": "AD 68 ED 026", "elect_dist": "68026", "borough": "Manhattan", "community_board": 11, "community_board_label": "Manhattan CB11", "popup_title": "Manhattan CB11 \u2014 AD 68 ED 026", "general_mayor": "ZOHRAN KWAME MAMDANI beat ANDREW M. CUOMO, 199 to 97, 64.0% to 31.2%; total votes 311.", "general_mayor_winner": "Mamdani", "general_public_advocate": "JUMAANE D. WILLIAMS beat GONZALO DURAN, 254 to 28, 89.4% to 9.9%; total votes 284.", "general_public_advocate_winner": "Williams", "general_comptroller": "MARK D. LEVINE beat PETER KEFALAS, 245 to 21, 89.4% to 7.7%; total votes 274.", "general_comptroller_winner": "Levine", "question_1": "Disapprove beat Approve, 151 to 99, 60.4% to 39.6%; total votes 250.", "question_1_winner": "No-disapprove!", "question_2": "Approve beat Disapprove, 191 to 69, 73.5% to 26.5%; total votes 260.", "question_2_winner": "Yes-approve!", "question_3": "Approve beat Disapprove, 179 to 75, 70.5% to 29.5%; total votes 254.", "question_3_winner": "Yes-approve!", "question_4": "Approve beat Disapprove, 173 to 78, 68.9% to 31.1%; total votes 251.", "question_4_winner": "Yes-approve!", "question_5": "Approve beat Disapprove, 179 to 69, 72.2% to 27.8%; total votes 248.", "question_5_winner": "Yes-approve!", "question_6": "Disapprove beat Approve, 147 to 106, 58.1% to 41.9%; total votes 253.", "question_6_winner": "No-disapprove!", "dem_primary_mayor": "Zohran Kwame Mamdani beat Andrew M. Cuomo, 69 to 68, 45.7% to 45.0%; total votes 151.", "dem_primary_mayor_winner": "Mamdani", "dem_primary_public_advocate": "Jumaane D. Williams beat Jenifer Rajkumar, 99 to 25, 72.8% to 18.4%; total votes 136.", "dem_primary_public_advocate_winner": "Williams", "dem_primary_comptroller": "Mark D. Levine beat Ismael Malave Perez, 61 to 30, 44.9% to 22.1%; total votes 136.", "dem_primary_comptroller_winner": "Levine", "popup_summary": "Mayor: ZOHRAN KWAME MAMDANI beat ANDREW M. CUOMO, 199 to 97, 64.0% to 31.2%; total votes 311. | Public Advocate: JUMAANE D. WILLIAMS beat GONZALO DURAN, 254 to 28, 89.4% to 9.9%; total votes 284. | City Comptroller: MARK D. LEVINE beat PETER KEFALAS, 245 to 21, 89.4% to 7.7%; total votes 274. | Question 1: Disapprove beat Approve, 151 to 99, 60.4% to 39.6%; total votes 250. | Question 2: Approve beat Disapprove, 191 to 69, 73.5% to 26.5%; total votes 260. | Question 3: Approve beat Disapprove, 179 to 75, 70.5% to 29.5%; total votes 254. | Question 4: Approve beat Disapprove, 173 to 78, 68.9% to 31.1%; total votes 251. | Question 5: Approve beat Disapprove, 179 to 69, 72.2% to 27.8%; total votes 248. | Question 6: Disapprove beat Approve, 147 to 106, 58.1% to 41.9%; total votes 253. | Dem Primary Mayor: Zohran Kwame Mamdani beat Andrew M. Cuomo, 69 to 68, 45.7% to 45.0%; total votes 151. | Dem Primary Public Advocate: Jumaane D. Williams beat Jenifer Rajkumar, 99 to 25, 72.8% to 18.4%; total votes 136. | Dem Primary Comptroller: Mark D. Levine beat Ismael Malave Perez, 61 to 30, 44.9% to 22.1%; total votes 136.", "mayor_margin": 32.8, "q2_yes": 73.5, "q3_yes": 70.5, "q4_yes": 68.9}, "geometry": {"type": "MultiPolygon", "coordinates": [[[[-73.9416192, 40.7986236], [-73.9421201, 40.7979438], [-73.9423456, 40.7976344], [-73.9423986, 40.7975617], [-73.9425896, 40.7972994], [-73.9426369, 40.7972345], [-73.9426859, 40.7971673], [-73.9427324, 40.7971035], [-73.9427776, 40.7970414], [-73.9428368, 40.7969602], [-73.9432975, 40.797167], [-73.9442966, 40.7976156], [-73.9443653, 40.7976465], [-73.9444038, 40.7976638], [-73.9444294, 40.7976752], [-73.9443229, 40.7978208], [-73.9441703, 40.7980295], [-73.9439668, 40.7983077], [-73.9439113, 40.7983836], [-73.943742, 40.7986151], [-73.9436081, 40.7985608], [-73.9431003, 40.7992498], [-73.9416192, 40.7986236]]]]}}, {"type": "Feature", "properties": {"felt:feature": 26, "ed_label": "AD 68 ED 027", "elect_dist": "68027", "borough": "Manhattan", "community_board": 11, "community_board_label": "Manhattan CB11", "popup_title": "Manhattan CB11 \u2014 AD 68 ED 027", "general_mayor": "ANDREW M. CUOMO beat ZOHRAN KWAME MAMDANI, 125 to 120, 48.3% to 46.3%; total votes 259.", "general_mayor_winner": "Cuomo", "general_public_advocate": "JUMAANE D. WILLIAMS beat GONZALO DURAN, 199 to 22, 87.7% to 9.7%; total votes 227.", "general_public_advocate_winner": "Williams", "general_comptroller": "MARK D. LEVINE beat PETER KEFALAS, 181 to 28, 82.3% to 12.7%; total votes 220.", "general_comptroller_winner": "Levine", "question_1": "Disapprove beat Approve, 94 to 77, 55.0% to 45.0%; total votes 171.", "question_1_winner": "No-disapprove!", "question_2": "Approve beat Disapprove, 142 to 40, 78.0% to 22.0%; total votes 182.", "question_2_winner": "Yes-approve!", "question_3": "Approve beat Disapprove, 125 to 55, 69.4% to 30.6%; total votes 180.", "question_3_winner": "Yes-approve!", "question_4": "Approve beat Disapprove, 126 to 51, 71.2% to 28.8%; total votes 177.", "question_4_winner": "Yes-approve!", "question_5": "Approve beat Disapprove, 126 to 52, 70.8% to 29.2%; total votes 178.", "question_5_winner": "Yes-approve!", "question_6": "Disapprove beat Approve, 97 to 77, 55.7% to 44.3%; total votes 174.", "question_6_winner": "No-disapprove!", "dem_primary_mayor": "Andrew M. Cuomo beat Zohran Kwame Mamdani, 91 to 36, 64.1% to 25.4%; total votes 142.", "dem_primary_mayor_winner": "Cuomo", "dem_primary_public_advocate": "Jumaane D. Williams beat Jenifer Rajkumar, 89 to 20, 72.4% to 16.3%; total votes 123.", "dem_primary_public_advocate_winner": "Williams", "dem_primary_comptroller": "Mark D. Levine beat Ismael Malave Perez, 65 to 30, 52.8% to 24.4%; total votes 123.", "dem_primary_comptroller_winner": "Levine", "popup_summary": "Mayor: ANDREW M. CUOMO beat ZOHRAN KWAME MAMDANI, 125 to 120, 48.3% to 46.3%; total votes 259. | Public Advocate: JUMAANE D. WILLIAMS beat GONZALO DURAN, 199 to 22, 87.7% to 9.7%; total votes 227. | City Comptroller: MARK D. LEVINE beat PETER KEFALAS, 181 to 28, 82.3% to 12.7%; total votes 220. | Question 1: Disapprove beat Approve, 94 to 77, 55.0% to 45.0%; total votes 171. | Question 2: Approve beat Disapprove, 142 to 40, 78.0% to 22.0%; total votes 182. | Question 3: Approve beat Disapprove, 125 to 55, 69.4% to 30.6%; total votes 180. | Question 4: Approve beat Disapprove, 126 to 51, 71.2% to 28.8%; total votes 177. | Question 5: Approve beat Disapprove, 126 to 52, 70.8% to 29.2%; total votes 178. | Question 6: Disapprove beat Approve, 97 to 77, 55.7% to 44.3%; total votes 174. | Dem Primary Mayor: Andrew M. Cuomo beat Zohran Kwame Mamdani, 91 to 36, 64.1% to 25.4%; total votes 142. | Dem Primary Public Advocate: Jumaane D. Williams beat Jenifer Rajkumar, 89 to 20, 72.4% to 16.3%; total votes 123. | Dem Primary Comptroller: Mark D. Levine beat Ismael Malave Perez, 65 to 30, 52.8% to 24.4%; total votes 123.", "mayor_margin": 2.0, "q2_yes": 78.0, "q3_yes": 69.4, "q4_yes": 71.2}, "geometry": {"type": "MultiPolygon", "coordinates": [[[[-73.9428368, 40.7969602], [-73.9428615, 40.7969262], [-73.9429051, 40.7968665], [-73.9429543, 40.796799], [-73.9430005, 40.7967355], [-73.9430401, 40.7966812], [-73.9431345, 40.7965517], [-73.9431789, 40.7964908], [-73.9422546, 40.79613], [-73.9421605, 40.7962511], [-73.9418458, 40.7963689], [-73.9413354, 40.7961444], [-73.9413872, 40.7960737], [-73.94142, 40.7960289], [-73.9417026, 40.7956429], [-73.9417609, 40.7955631], [-73.941876, 40.7954059], [-73.9423271, 40.7955931], [-73.9424792, 40.7956562], [-73.9427535, 40.7957701], [-73.9428778, 40.7958217], [-73.9434832, 40.796073], [-73.9441512, 40.7963593], [-73.9442131, 40.7963859], [-73.9449594, 40.7967057], [-73.9450961, 40.7967635], [-73.9449277, 40.7969939], [-73.9448607, 40.7970855], [-73.9447616, 40.797221], [-73.9446941, 40.7973132], [-73.9446316, 40.7973987], [-73.9444294, 40.7976752], [-73.9444038, 40.7976638], [-73.9443653, 40.7976465], [-73.9442966, 40.7976156], [-73.9432975, 40.797167], [-73.9428368, 40.7969602]]]]}}, {"type": "Feature", "properties": {"felt:feature": 27, "ed_label": "AD 68 ED 028", "elect_dist": "68028", "borough": "Manhattan", "community_board": 11, "community_board_label": "Manhattan CB11", "popup_title": "Manhattan CB11 \u2014 AD 68 ED 028", "general_mayor": "ZOHRAN KWAME MAMDANI beat ANDREW M. CUOMO, 507 to 156, 73.4% to 22.6%; total votes 691.", "general_mayor_winner": "Mamdani", "general_public_advocate": "JUMAANE D. WILLIAMS beat GONZALO DURAN, 597 to 60, 89.5% to 9.0%; total votes 667.", "general_public_advocate_winner": "Williams", "general_comptroller": "MARK D. LEVINE beat PETER KEFALAS, 567 to 62, 86.7% to 9.5%; total votes 654.", "general_comptroller_winner": "Levine", "question_1": "Disapprove beat Approve, 341 to 282, 54.7% to 45.3%; total votes 623.", "question_1_winner": "No-disapprove!", "question_2": "Approve beat Disapprove, 437 to 195, 69.1% to 30.9%; total votes 632.", "question_2_winner": "Yes-approve!", "question_3": "Approve beat Disapprove, 392 to 230, 63.0% to 37.0%; total votes 622.", "question_3_winner": "Yes-approve!", "question_4": "Approve beat Disapprove, 412 to 211, 66.1% to 33.9%; total votes 623.", "question_4_winner": "Yes-approve!", "question_5": "Approve beat Disapprove, 515 to 114, 81.9% to 18.1%; total votes 629.", "question_5_winner": "Yes-approve!", "question_6": "Approve beat Disapprove, 322 to 304, 51.4% to 48.6%; total votes 626.", "question_6_winner": "Yes-approve!", "dem_primary_mayor": "Zohran Kwame Mamdani beat Andrew M. Cuomo, 238 to 75, 61.5% to 19.4%; total votes 387.", "dem_primary_mayor_winner": "Mamdani", "dem_primary_public_advocate": "Jumaane D. Williams beat Jenifer Rajkumar, 288 to 46, 80.2% to 12.8%; total votes 359.", "dem_primary_public_advocate_winner": "Williams", "dem_primary_comptroller": "Mark D. Levine beat Justin Brannan, 165 to 128, 45.8% to 35.6%; total votes 360.", "dem_primary_comptroller_winner": "Levine", "popup_summary": "Mayor: ZOHRAN KWAME MAMDANI beat ANDREW M. CUOMO, 507 to 156, 73.4% to 22.6%; total votes 691. | Public Advocate: JUMAANE D. WILLIAMS beat GONZALO DURAN, 597 to 60, 89.5% to 9.0%; total votes 667. | City Comptroller: MARK D. LEVINE beat PETER KEFALAS, 567 to 62, 86.7% to 9.5%; total votes 654. | Question 1: Disapprove beat Approve, 341 to 282, 54.7% to 45.3%; total votes 623. | Question 2: Approve beat Disapprove, 437 to 195, 69.1% to 30.9%; total votes 632. | Question 3: Approve beat Disapprove, 392 to 230, 63.0% to 37.0%; total votes 622. | Question 4: Approve beat Disapprove, 412 to 211, 66.1% to 33.9%; total votes 623. | Question 5: Approve beat Disapprove, 515 to 114, 81.9% to 18.1%; total votes 629. | Question 6: Approve beat Disapprove, 322 to 304, 51.4% to 48.6%; total votes 626. | Dem Primary Mayor: Zohran Kwame Mamdani beat Andrew M. Cuomo, 238 to 75, 61.5% to 19.4%; total votes 387. | Dem Primary Public Advocate: Jumaane D. Williams beat Jenifer Rajkumar, 288 to 46, 80.2% to 12.8%; total votes 359. | Dem Primary Comptroller: Mark D. Levine beat Justin Brannan, 165 to 128, 45.8% to 35.6%; total votes 360.", "mayor_margin": 50.8, "q2_yes": 69.1, "q3_yes": 63.0, "q4_yes": 66.1}, "geometry": {"type": "MultiPolygon", "coordinates": [[[[-73.9450961, 40.7967635], [-73.9449594, 40.7967057], [-73.9442131, 40.7963859], [-73.9441512, 40.7963593], [-73.9434832, 40.796073], [-73.9428778, 40.7958217], [-73.9427535, 40.7957701], [-73.9424792, 40.7956562], [-73.9423271, 40.7955931], [-73.941876, 40.7954059], [-73.9423499, 40.7947553], [-73.9428101, 40.7941315], [-73.9433447, 40.794358], [-73.943749, 40.7945295], [-73.9444066, 40.7948084], [-73.9451462, 40.7951088], [-73.9452349, 40.7951448], [-73.9459064, 40.7954175], [-73.9460291, 40.7954615], [-73.9461686, 40.7955218], [-73.9464504, 40.7956429], [-73.9465676, 40.7956932], [-73.9476453, 40.7961563], [-73.9471758, 40.7967971], [-73.9467003, 40.7974505], [-73.9456668, 40.7970083], [-73.9455651, 40.7969648], [-73.945227, 40.7968201], [-73.9450961, 40.7967635]]]]}}, {"type": "Feature", "properties": {"felt:feature": 28, "ed_label": "AD 68 ED 029", "elect_dist": "68029", "borough": "Manhattan", "community_board": 11, "community_board_label": "Manhattan CB11", "popup_title": "Manhattan CB11 \u2014 AD 68 ED 029", "general_mayor": "ZOHRAN KWAME MAMDANI beat ANDREW M. CUOMO, 390 to 135, 71.2% to 24.6%; total votes 548.", "general_mayor_winner": "Mamdani", "general_public_advocate": "JUMAANE D. WILLIAMS beat GONZALO DURAN, 451 to 54, 88.3% to 10.6%; total votes 511.", "general_public_advocate_winner": "Williams", "general_comptroller": "MARK D. LEVINE beat PETER KEFALAS, 429 to 38, 87.6% to 7.8%; total votes 490.", "general_comptroller_winner": "Levine", "question_1": "Disapprove beat Approve, 260 to 197, 56.9% to 43.1%; total votes 457.", "question_1_winner": "No-disapprove!", "question_2": "Approve beat Disapprove, 320 to 150, 68.1% to 31.9%; total votes 470.", "question_2_winner": "Yes-approve!", "question_3": "Approve beat Disapprove, 275 to 185, 59.8% to 40.2%; total votes 460.", "question_3_winner": "Yes-approve!", "question_4": "Approve beat Disapprove, 307 to 152, 66.9% to 33.1%; total votes 459.", "question_4_winner": "Yes-approve!", "question_5": "Approve beat Disapprove, 379 to 86, 81.5% to 18.5%; total votes 465.", "question_5_winner": "Yes-approve!", "question_6": "Disapprove beat Approve, 244 to 213, 53.4% to 46.6%; total votes 457.", "question_6_winner": "No-disapprove!", "dem_primary_mayor": "Zohran Kwame Mamdani beat Andrew M. Cuomo, 212 to 75, 64.6% to 22.9%; total votes 328.", "dem_primary_mayor_winner": "Mamdani", "dem_primary_public_advocate": "Jumaane D. Williams beat Jenifer Rajkumar, 232 to 42, 77.6% to 14.0%; total votes 299.", "dem_primary_public_advocate_winner": "Williams", "dem_primary_comptroller": "Mark D. Levine beat Justin Brannan, 121 to 117, 40.3% to 39.0%; total votes 300.", "dem_primary_comptroller_winner": "Levine", "popup_summary": "Mayor: ZOHRAN KWAME MAMDANI beat ANDREW M. CUOMO, 390 to 135, 71.2% to 24.6%; total votes 548. | Public Advocate: JUMAANE D. WILLIAMS beat GONZALO DURAN, 451 to 54, 88.3% to 10.6%; total votes 511. | City Comptroller: MARK D. LEVINE beat PETER KEFALAS, 429 to 38, 87.6% to 7.8%; total votes 490. | Question 1: Disapprove beat Approve, 260 to 197, 56.9% to 43.1%; total votes 457. | Question 2: Approve beat Disapprove, 320 to 150, 68.1% to 31.9%; total votes 470. | Question 3: Approve beat Disapprove, 275 to 185, 59.8% to 40.2%; total votes 460. | Question 4: Approve beat Disapprove, 307 to 152, 66.9% to 33.1%; total votes 459. | Question 5: Approve beat Disapprove, 379 to 86, 81.5% to 18.5%; total votes 465. | Question 6: Disapprove beat Approve, 244 to 213, 53.4% to 46.6%; total votes 457. | Dem Primary Mayor: Zohran Kwame Mamdani beat Andrew M. Cuomo, 212 to 75, 64.6% to 22.9%; total votes 328. | Dem Primary Public Advocate: Jumaane D. Williams beat Jenifer Rajkumar, 232 to 42, 77.6% to 14.0%; total votes 299. | Dem Primary Comptroller: Mark D. Levine beat Justin Brannan, 121 to 117, 40.3% to 39.0%; total votes 300.", "mayor_margin": 46.6, "q2_yes": 68.1, "q3_yes": 59.8, "q4_yes": 66.9}, "geometry": {"type": "MultiPolygon", "coordinates": [[[[-73.9363612, 40.7989355], [-73.9368213, 40.7983073], [-73.9372806, 40.7976789], [-73.9377747, 40.7970027], [-73.9382851, 40.7963015], [-73.939179, 40.7966855], [-73.9393455, 40.796757], [-73.939707, 40.7969122], [-73.9398899, 40.7969908], [-73.9401888, 40.7971192], [-73.9402725, 40.7971551], [-73.9405183, 40.7972607], [-73.9400218, 40.7979464], [-73.9398713, 40.7981506], [-73.9395213, 40.7986256], [-73.93905, 40.7992559], [-73.9385838, 40.7998918], [-73.9363612, 40.7989355]]]]}}, {"type": "Feature", "properties": {"felt:feature": 29, "ed_label": "AD 68 ED 030", "elect_dist": "68030", "borough": "Manhattan", "community_board": 11, "community_board_label": "Manhattan CB11", "popup_title": "Manhattan CB11 \u2014 AD 68 ED 030", "general_mayor": "ZOHRAN KWAME MAMDANI beat ANDREW M. CUOMO, 107 to 97, 48.4% to 43.9%; total votes 221.", "general_mayor_winner": "Mamdani", "general_public_advocate": "JUMAANE D. WILLIAMS beat GONZALO DURAN, 160 to 24, 85.1% to 12.8%; total votes 188.", "general_public_advocate_winner": "Williams", "general_comptroller": "MARK D. LEVINE beat PETER KEFALAS, 139 to 22, 80.8% to 12.8%; total votes 172.", "general_comptroller_winner": "Levine", "question_1": "Disapprove beat Approve, 88 to 71, 55.3% to 44.7%; total votes 159.", "question_1_winner": "No-disapprove!", "question_2": "Approve beat Disapprove, 135 to 44, 75.4% to 24.6%; total votes 179.", "question_2_winner": "Yes-approve!", "question_3": "Approve beat Disapprove, 106 to 59, 64.2% to 35.8%; total votes 165.", "question_3_winner": "Yes-approve!", "question_4": "Approve beat Disapprove, 128 to 43, 74.9% to 25.1%; total votes 171.", "question_4_winner": "Yes-approve!", "question_5": "Approve beat Disapprove, 105 to 56, 65.2% to 34.8%; total votes 161.", "question_5_winner": "Yes-approve!", "question_6": "Disapprove beat Approve, 91 to 69, 56.9% to 43.1%; total votes 160.", "question_6_winner": "No-disapprove!", "dem_primary_mayor": "Andrew M. Cuomo beat Zohran Kwame Mamdani, 67 to 38, 54.5% to 30.9%; total votes 123.", "dem_primary_mayor_winner": "Cuomo", "dem_primary_public_advocate": "Jumaane D. Williams beat Jenifer Rajkumar, 81 to 15, 76.4% to 14.2%; total votes 106.", "dem_primary_public_advocate_winner": "Williams", "dem_primary_comptroller": "Mark D. Levine beat Justin Brannan, 72 to 16, 63.7% to 14.2%; total votes 113.", "dem_primary_comptroller_winner": "Levine", "popup_summary": "Mayor: ZOHRAN KWAME MAMDANI beat ANDREW M. CUOMO, 107 to 97, 48.4% to 43.9%; total votes 221. | Public Advocate: JUMAANE D. WILLIAMS beat GONZALO DURAN, 160 to 24, 85.1% to 12.8%; total votes 188. | City Comptroller: MARK D. LEVINE beat PETER KEFALAS, 139 to 22, 80.8% to 12.8%; total votes 172. | Question 1: Disapprove beat Approve, 88 to 71, 55.3% to 44.7%; total votes 159. | Question 2: Approve beat Disapprove, 135 to 44, 75.4% to 24.6%; total votes 179. | Question 3: Approve beat Disapprove, 106 to 59, 64.2% to 35.8%; total votes 165. | Question 4: Approve beat Disapprove, 128 to 43, 74.9% to 25.1%; total votes 171. | Question 5: Approve beat Disapprove, 105 to 56, 65.2% to 34.8%; total votes 161. | Question 6: Disapprove beat Approve, 91 to 69, 56.9% to 43.1%; total votes 160. | Dem Primary Mayor: Andrew M. Cuomo beat Zohran Kwame Mamdani, 67 to 38, 54.5% to 30.9%; total votes 123. | Dem Primary Public Advocate: Jumaane D. Williams beat Jenifer Rajkumar, 81 to 15, 76.4% to 14.2%; total votes 106. | Dem Primary Comptroller: Mark D. Levine beat Justin Brannan, 72 to 16, 63.7% to 14.2%; total votes 113.", "mayor_margin": 4.5, "q2_yes": 75.4, "q3_yes": 64.2, "q4_yes": 74.9}, "geometry": {"type": "MultiPolygon", "coordinates": [[[[-73.9382851, 40.7963015], [-73.9383264, 40.7962452], [-73.9383668, 40.7961902], [-73.9386355, 40.7958244], [-73.9386768, 40.7957681], [-73.9387388, 40.7956838], [-73.9388311, 40.7955581], [-73.9388733, 40.7955007], [-73.9389468, 40.7954006], [-73.9389896, 40.7953424], [-73.9391882, 40.7950719], [-73.9397886, 40.7953325], [-73.939822, 40.795347], [-73.9400861, 40.7954617], [-73.9401168, 40.795475], [-73.9404879, 40.7956361], [-73.9413089, 40.7959821], [-73.94142, 40.7960289], [-73.9413872, 40.7960737], [-73.9413354, 40.7961444], [-73.9411562, 40.7963893], [-73.9410978, 40.796469], [-73.9410348, 40.7965551], [-73.9409804, 40.7966294], [-73.940909, 40.796727], [-73.9408539, 40.7968022], [-73.9407567, 40.7969351], [-73.9407016, 40.7970103], [-73.9405183, 40.7972607], [-73.9402725, 40.7971551], [-73.9401888, 40.7971192], [-73.9398899, 40.7969908], [-73.939707, 40.7969122], [-73.9393455, 40.796757], [-73.939179, 40.7966855], [-73.9382851, 40.7963015]]]]}}, {"type": "Feature", "properties": {"felt:feature": 30, "ed_label": "AD 68 ED 031", "elect_dist": "68031", "borough": "Manhattan", "community_board": 11, "community_board_label": "Manhattan CB11", "popup_title": "Manhattan CB11 \u2014 AD 68 ED 031", "general_mayor": "ZOHRAN KWAME MAMDANI beat ANDREW M. CUOMO, 316 to 96, 72.8% to 22.1%; total votes 434.", "general_mayor_winner": "Mamdani", "general_public_advocate": "JUMAANE D. WILLIAMS beat GONZALO DURAN, 348 to 51, 86.1% to 12.6%; total votes 404.", "general_public_advocate_winner": "Williams", "general_comptroller": "MARK D. LEVINE beat PETER KEFALAS, 329 to 42, 84.8% to 10.8%; total votes 388.", "general_comptroller_winner": "Levine", "question_1": "Disapprove beat Approve, 234 to 156, 60.0% to 40.0%; total votes 390.", "question_1_winner": "No-disapprove!", "question_2": "Approve beat Disapprove, 252 to 143, 63.8% to 36.2%; total votes 395.", "question_2_winner": "Yes-approve!", "question_3": "Approve beat Disapprove, 227 to 159, 58.8% to 41.2%; total votes 386.", "question_3_winner": "Yes-approve!", "question_4": "Approve beat Disapprove, 262 to 122, 68.2% to 31.8%; total votes 384.", "question_4_winner": "Yes-approve!", "question_5": "Approve beat Disapprove, 315 to 71, 81.6% to 18.4%; total votes 386.", "question_5_winner": "Yes-approve!", "question_6": "Disapprove beat Approve, 203 to 184, 52.5% to 47.5%; total votes 387.", "question_6_winner": "No-disapprove!", "dem_primary_mayor": "Zohran Kwame Mamdani beat Andrew M. Cuomo, 160 to 57, 63.0% to 22.4%; total votes 254.", "dem_primary_mayor_winner": "Mamdani", "dem_primary_public_advocate": "Jumaane D. Williams beat Jenifer Rajkumar, 168 to 37, 75.3% to 16.6%; total votes 223.", "dem_primary_public_advocate_winner": "Williams", "dem_primary_comptroller": "Mark D. Levine beat Justin Brannan, 100 to 82, 43.9% to 36.0%; total votes 228.", "dem_primary_comptroller_winner": "Levine", "popup_summary": "Mayor: ZOHRAN KWAME MAMDANI beat ANDREW M. CUOMO, 316 to 96, 72.8% to 22.1%; total votes 434. | Public Advocate: JUMAANE D. WILLIAMS beat GONZALO DURAN, 348 to 51, 86.1% to 12.6%; total votes 404. | City Comptroller: MARK D. LEVINE beat PETER KEFALAS, 329 to 42, 84.8% to 10.8%; total votes 388. | Question 1: Disapprove beat Approve, 234 to 156, 60.0% to 40.0%; total votes 390. | Question 2: Approve beat Disapprove, 252 to 143, 63.8% to 36.2%; total votes 395. | Question 3: Approve beat Disapprove, 227 to 159, 58.8% to 41.2%; total votes 386. | Question 4: Approve beat Disapprove, 262 to 122, 68.2% to 31.8%; total votes 384. | Question 5: Approve beat Disapprove, 315 to 71, 81.6% to 18.4%; total votes 386. | Question 6: Disapprove beat Approve, 203 to 184, 52.5% to 47.5%; total votes 387. | Dem Primary Mayor: Zohran Kwame Mamdani beat Andrew M. Cuomo, 160 to 57, 63.0% to 22.4%; total votes 254. | Dem Primary Public Advocate: Jumaane D. Williams beat Jenifer Rajkumar, 168 to 37, 75.3% to 16.6%; total votes 223. | Dem Primary Comptroller: Mark D. Levine beat Justin Brannan, 100 to 82, 43.9% to 36.0%; total votes 228.", "mayor_margin": 50.7, "q2_yes": 63.8, "q3_yes": 58.8, "q4_yes": 68.2}, "geometry": {"type": "MultiPolygon", "coordinates": [[[[-73.9391882, 40.7950719], [-73.9393673, 40.7948268], [-73.9394225, 40.7947512], [-73.9395161, 40.794623], [-73.9395665, 40.794554], [-73.93963, 40.7944671], [-73.9401065, 40.793817], [-73.9405628, 40.7931879], [-73.9428101, 40.7941315], [-73.9423499, 40.7947553], [-73.941876, 40.7954059], [-73.9417609, 40.7955631], [-73.9417026, 40.7956429], [-73.94142, 40.7960289], [-73.9413089, 40.7959821], [-73.9404879, 40.7956361], [-73.9401168, 40.795475], [-73.9400861, 40.7954617], [-73.939822, 40.795347], [-73.9397886, 40.7953325], [-73.9391882, 40.7950719]]]]}}, {"type": "Feature", "properties": {"felt:feature": 31, "ed_label": "AD 68 ED 032", "elect_dist": "68032", "borough": "Manhattan", "community_board": 11, "community_board_label": "Manhattan CB11", "popup_title": "Manhattan CB11 \u2014 AD 68 ED 032", "general_mayor": "ZOHRAN KWAME MAMDANI beat ANDREW M. CUOMO, 460 to 140, 72.3% to 22.0%; total votes 636.", "general_mayor_winner": "Mamdani", "general_public_advocate": "JUMAANE D. WILLIAMS beat GONZALO DURAN, 530 to 59, 88.5% to 9.8%; total votes 599.", "general_public_advocate_winner": "Williams", "general_comptroller": "MARK D. LEVINE beat PETER KEFALAS, 507 to 50, 86.8% to 8.6%; total votes 584.", "general_comptroller_winner": "Levine", "question_1": "Disapprove beat Approve, 322 to 225, 58.9% to 41.1%; total votes 547.", "question_1_winner": "No-disapprove!", "question_2": "Approve beat Disapprove, 362 to 193, 65.2% to 34.8%; total votes 555.", "question_2_winner": "Yes-approve!", "question_3": "Approve beat Disapprove, 327 to 218, 60.0% to 40.0%; total votes 545.", "question_3_winner": "Yes-approve!", "question_4": "Approve beat Disapprove, 350 to 192, 64.6% to 35.4%; total votes 542.", "question_4_winner": "Yes-approve!", "question_5": "Approve beat Disapprove, 424 to 120, 77.9% to 22.1%; total votes 544.", "question_5_winner": "Yes-approve!", "question_6": "Disapprove beat Approve, 284 to 257, 52.5% to 47.5%; total votes 541.", "question_6_winner": "No-disapprove!", "dem_primary_mayor": "Zohran Kwame Mamdani beat Andrew M. Cuomo, 213 to 91, 57.9% to 24.7%; total votes 368.", "dem_primary_mayor_winner": "Mamdani", "dem_primary_public_advocate": "Jumaane D. Williams beat Jenifer Rajkumar, 270 to 45, 78.5% to 13.1%; total votes 344.", "dem_primary_public_advocate_winner": "Williams", "dem_primary_comptroller": "Mark D. Levine beat Justin Brannan, 164 to 106, 48.5% to 31.4%; total votes 338.", "dem_primary_comptroller_winner": "Levine", "popup_summary": "Mayor: ZOHRAN KWAME MAMDANI beat ANDREW M. CUOMO, 460 to 140, 72.3% to 22.0%; total votes 636. | Public Advocate: JUMAANE D. WILLIAMS beat GONZALO DURAN, 530 to 59, 88.5% to 9.8%; total votes 599. | City Comptroller: MARK D. LEVINE beat PETER KEFALAS, 507 to 50, 86.8% to 8.6%; total votes 584. | Question 1: Disapprove beat Approve, 322 to 225, 58.9% to 41.1%; total votes 547. | Question 2: Approve beat Disapprove, 362 to 193, 65.2% to 34.8%; total votes 555. | Question 3: Approve beat Disapprove, 327 to 218, 60.0% to 40.0%; total votes 545. | Question 4: Approve beat Disapprove, 350 to 192, 64.6% to 35.4%; total votes 542. | Question 5: Approve beat Disapprove, 424 to 120, 77.9% to 22.1%; total votes 544. | Question 6: Disapprove beat Approve, 284 to 257, 52.5% to 47.5%; total votes 541. | Dem Primary Mayor: Zohran Kwame Mamdani beat Andrew M. Cuomo, 213 to 91, 57.9% to 24.7%; total votes 368. | Dem Primary Public Advocate: Jumaane D. Williams beat Jenifer Rajkumar, 270 to 45, 78.5% to 13.1%; total votes 344. | Dem Primary Comptroller: Mark D. Levine beat Justin Brannan, 164 to 106, 48.5% to 31.4%; total votes 338.", "mayor_margin": 50.3, "q2_yes": 65.2, "q3_yes": 60.0, "q4_yes": 64.6}, "geometry": {"type": "MultiPolygon", "coordinates": [[[[-73.9292794, 40.7958531], [-73.9293077, 40.7958103], [-73.9295306, 40.7955078], [-73.9296829, 40.7952962], [-73.9297459, 40.7952087], [-73.9298749, 40.7950352], [-73.9298424, 40.795015], [-73.9298514, 40.7950014], [-73.9298096, 40.7949832], [-73.9298325, 40.7949491], [-73.9298874, 40.7949673], [-73.9299014, 40.7949468], [-73.9299164, 40.7949491], [-73.9299374, 40.7949188], [-73.9299204, 40.7949097], [-73.9300688, 40.7947008], [-73.9301077, 40.794713], [-73.9301966, 40.7945932], [-73.9304198, 40.7944709], [-73.9311141, 40.7940965], [-73.9311431, 40.7941176], [-73.931238, 40.7941868], [-73.931291, 40.7942253], [-73.931339, 40.794251], [-73.9316178, 40.7944024], [-73.932416, 40.794741], [-73.933157, 40.7950536], [-73.9329224, 40.7953741], [-73.9326607, 40.7957317], [-73.9349126, 40.7966807], [-73.9367995, 40.7974761], [-73.9369027, 40.7975196], [-73.9372806, 40.7976789], [-73.9368213, 40.7983073], [-73.9363612, 40.7989355], [-73.9359691, 40.7987695], [-73.9359269, 40.7987517], [-73.9350897, 40.7983974], [-73.934711, 40.7982372], [-73.93399, 40.7979324], [-73.9317431, 40.7969874], [-73.9297774, 40.7961566], [-73.929569, 40.7960411], [-73.9295046, 40.7960041], [-73.9294569, 40.7959743], [-73.929308, 40.7958716], [-73.9292794, 40.7958531]]]]}}, {"type": "Feature", "properties": {"felt:feature": 32, "ed_label": "AD 68 ED 033", "elect_dist": "68033", "borough": "Manhattan", "community_board": 11, "community_board_label": "Manhattan CB11", "popup_title": "Manhattan CB11 \u2014 AD 68 ED 033", "general_mayor": "ZOHRAN KWAME MAMDANI beat ANDREW M. CUOMO, 472 to 142, 72.7% to 21.9%; total votes 649.", "general_mayor_winner": "Mamdani", "general_public_advocate": "JUMAANE D. WILLIAMS beat GONZALO DURAN, 534 to 57, 89.0% to 9.5%; total votes 600.", "general_public_advocate_winner": "Williams", "general_comptroller": "MARK D. LEVINE beat PETER KEFALAS, 506 to 54, 86.6% to 9.2%; total votes 584.", "general_comptroller_winner": "Levine", "question_1": "Disapprove beat Approve, 322 to 223, 59.1% to 40.9%; total votes 545.", "question_1_winner": "No-disapprove!", "question_2": "Approve beat Disapprove, 374 to 185, 66.9% to 33.1%; total votes 559.", "question_2_winner": "Yes-approve!", "question_3": "Approve beat Disapprove, 319 to 229, 58.2% to 41.8%; total votes 548.", "question_3_winner": "Yes-approve!", "question_4": "Approve beat Disapprove, 356 to 192, 65.0% to 35.0%; total votes 548.", "question_4_winner": "Yes-approve!", "question_5": "Approve beat Disapprove, 420 to 124, 77.2% to 22.8%; total votes 544.", "question_5_winner": "Yes-approve!", "question_6": "Disapprove beat Approve, 284 to 259, 52.3% to 47.7%; total votes 543.", "question_6_winner": "No-disapprove!", "dem_primary_mayor": "Zohran Kwame Mamdani beat Andrew M. Cuomo, 239 to 87, 66.0% to 24.0%; total votes 362.", "dem_primary_mayor_winner": "Mamdani", "dem_primary_public_advocate": "Jumaane D. Williams beat Jenifer Rajkumar, 252 to 52, 78.0% to 16.1%; total votes 323.", "dem_primary_public_advocate_winner": "Williams", "dem_primary_comptroller": "Mark D. Levine beat Justin Brannan, 134 to 122, 41.2% to 37.5%; total votes 325.", "dem_primary_comptroller_winner": "Levine", "popup_summary": "Mayor: ZOHRAN KWAME MAMDANI beat ANDREW M. CUOMO, 472 to 142, 72.7% to 21.9%; total votes 649. | Public Advocate: JUMAANE D. WILLIAMS beat GONZALO DURAN, 534 to 57, 89.0% to 9.5%; total votes 600. | City Comptroller: MARK D. LEVINE beat PETER KEFALAS, 506 to 54, 86.6% to 9.2%; total votes 584. | Question 1: Disapprove beat Approve, 322 to 223, 59.1% to 40.9%; total votes 545. | Question 2: Approve beat Disapprove, 374 to 185, 66.9% to 33.1%; total votes 559. | Question 3: Approve beat Disapprove, 319 to 229, 58.2% to 41.8%; total votes 548. | Question 4: Approve beat Disapprove, 356 to 192, 65.0% to 35.0%; total votes 548. | Question 5: Approve beat Disapprove, 420 to 124, 77.2% to 22.8%; total votes 544. | Question 6: Disapprove beat Approve, 284 to 259, 52.3% to 47.7%; total votes 543. | Dem Primary Mayor: Zohran Kwame Mamdani beat Andrew M. Cuomo, 239 to 87, 66.0% to 24.0%; total votes 362. | Dem Primary Public Advocate: Jumaane D. Williams beat Jenifer Rajkumar, 252 to 52, 78.0% to 16.1%; total votes 323. | Dem Primary Comptroller: Mark D. Levine beat Justin Brannan, 134 to 122, 41.2% to 37.5%; total votes 325.", "mayor_margin": 50.8, "q2_yes": 66.9, "q3_yes": 58.2, "q4_yes": 65.0}, "geometry": {"type": "MultiPolygon", "coordinates": [[[[-73.933157, 40.7950536], [-73.9336474, 40.7943765], [-73.9341077, 40.7937684], [-73.9346582, 40.7939954], [-73.9363609, 40.7946976], [-73.9362299, 40.794877], [-73.9361957, 40.7949238], [-73.9359766, 40.7952238], [-73.9359497, 40.7952606], [-73.9359123, 40.7953118], [-73.9354108, 40.7960055], [-73.9375546, 40.7969099], [-73.9376382, 40.7969452], [-73.9377747, 40.7970027], [-73.9372806, 40.7976789], [-73.9369027, 40.7975196], [-73.9367995, 40.7974761], [-73.9349126, 40.7966807], [-73.9326607, 40.7957317], [-73.9329224, 40.7953741], [-73.933157, 40.7950536]]]]}}, {"type": "Feature", "properties": {"felt:feature": 33, "ed_label": "AD 68 ED 034", "elect_dist": "68034", "borough": "Manhattan", "community_board": 11, "community_board_label": "Manhattan CB11", "popup_title": "Manhattan CB11 \u2014 AD 68 ED 034", "general_mayor": "ZOHRAN KWAME MAMDANI beat ANDREW M. CUOMO, 230 to 166, 53.9% to 38.9%; total votes 427.", "general_mayor_winner": "Mamdani", "general_public_advocate": "JUMAANE D. WILLIAMS beat GONZALO DURAN, 327 to 40, 87.4% to 10.7%; total votes 374.", "general_public_advocate_winner": "Williams", "general_comptroller": "MARK D. LEVINE beat PETER KEFALAS, 307 to 27, 85.5% to 7.5%; total votes 359.", "general_comptroller_winner": "Levine", "question_1": "Disapprove beat Approve, 139 to 139, 50.0% to 50.0%; total votes 278.", "question_1_winner": "No-disapprove!", "question_2": "Approve beat Disapprove, 232 to 56, 80.6% to 19.4%; total votes 288.", "question_2_winner": "Yes-approve!", "question_3": "Approve beat Disapprove, 197 to 83, 70.4% to 29.6%; total votes 280.", "question_3_winner": "Yes-approve!", "question_4": "Approve beat Disapprove, 204 to 72, 73.9% to 26.1%; total votes 276.", "question_4_winner": "Yes-approve!", "question_5": "Approve beat Disapprove, 197 to 75, 72.4% to 27.6%; total votes 272.", "question_5_winner": "Yes-approve!", "question_6": "Disapprove beat Approve, 143 to 135, 51.4% to 48.6%; total votes 278.", "question_6_winner": "No-disapprove!", "dem_primary_mayor": "Andrew M. Cuomo beat Zohran Kwame Mamdani, 141 to 62, 60.8% to 26.7%; total votes 232.", "dem_primary_mayor_winner": "Cuomo", "dem_primary_public_advocate": "Jumaane D. Williams beat Jenifer Rajkumar, 169 to 23, 81.2% to 11.1%; total votes 208.", "dem_primary_public_advocate_winner": "Williams", "dem_primary_comptroller": "Mark D. Levine beat Ismael Malave Perez, 115 to 45, 54.2% to 21.2%; total votes 212.", "dem_primary_comptroller_winner": "Levine", "popup_summary": "Mayor: ZOHRAN KWAME MAMDANI beat ANDREW M. CUOMO, 230 to 166, 53.9% to 38.9%; total votes 427. | Public Advocate: JUMAANE D. WILLIAMS beat GONZALO DURAN, 327 to 40, 87.4% to 10.7%; total votes 374. | City Comptroller: MARK D. LEVINE beat PETER KEFALAS, 307 to 27, 85.5% to 7.5%; total votes 359. | Question 1: Disapprove beat Approve, 139 to 139, 50.0% to 50.0%; total votes 278. | Question 2: Approve beat Disapprove, 232 to 56, 80.6% to 19.4%; total votes 288. | Question 3: Approve beat Disapprove, 197 to 83, 70.4% to 29.6%; total votes 280. | Question 4: Approve beat Disapprove, 204 to 72, 73.9% to 26.1%; total votes 276. | Question 5: Approve beat Disapprove, 197 to 75, 72.4% to 27.6%; total votes 272. | Question 6: Disapprove beat Approve, 143 to 135, 51.4% to 48.6%; total votes 278. | Dem Primary Mayor: Andrew M. Cuomo beat Zohran Kwame Mamdani, 141 to 62, 60.8% to 26.7%; total votes 232. | Dem Primary Public Advocate: Jumaane D. Williams beat Jenifer Rajkumar, 169 to 23, 81.2% to 11.1%; total votes 208. | Dem Primary Comptroller: Mark D. Levine beat Ismael Malave Perez, 115 to 45, 54.2% to 21.2%; total votes 212.", "mayor_margin": 15.0, "q2_yes": 80.6, "q3_yes": 70.4, "q4_yes": 73.9}, "geometry": {"type": "MultiPolygon", "coordinates": [[[[-73.9363609, 40.7946976], [-73.9363978, 40.7946472], [-73.9364301, 40.7946029], [-73.9364705, 40.7945477], [-73.9365295, 40.7944668], [-73.9366093, 40.7943576], [-73.9366694, 40.7942754], [-73.9367097, 40.7942202], [-73.9367793, 40.794125], [-73.9368116, 40.7940824], [-73.9368816, 40.7939869], [-73.9369534, 40.7938888], [-73.9371007, 40.7936878], [-73.9371572, 40.7936106], [-73.9372571, 40.7934743], [-73.9381074, 40.7938301], [-73.9382794, 40.7939021], [-73.9386529, 40.7940583], [-73.9388587, 40.7941444], [-73.93963, 40.7944671], [-73.9395665, 40.794554], [-73.9395161, 40.794623], [-73.9394225, 40.7947512], [-73.9393673, 40.7948268], [-73.9391882, 40.7950719], [-73.9389896, 40.7953424], [-73.9389468, 40.7954006], [-73.9388733, 40.7955007], [-73.9388311, 40.7955581], [-73.9387388, 40.7956838], [-73.9386768, 40.7957681], [-73.9386355, 40.7958244], [-73.9383668, 40.7961902], [-73.9383264, 40.7962452], [-73.9382851, 40.7963015], [-73.9377747, 40.7970027], [-73.9376382, 40.7969452], [-73.9375546, 40.7969099], [-73.9354108, 40.7960055], [-73.9359123, 40.7953118], [-73.9359497, 40.7952606], [-73.9359766, 40.7952238], [-73.9361957, 40.7949238], [-73.9362299, 40.794877], [-73.9363609, 40.7946976]]]]}}, {"type": "Feature", "properties": {"felt:feature": 34, "ed_label": "AD 68 ED 035", "elect_dist": "68035", "borough": "Manhattan", "community_board": 11, "community_board_label": "Manhattan CB11", "popup_title": "Manhattan CB11 \u2014 AD 68 ED 035", "general_mayor": "ZOHRAN KWAME MAMDANI beat ANDREW M. CUOMO, 292 to 169, 60.3% to 34.9%; total votes 484.", "general_mayor_winner": "Mamdani", "general_public_advocate": "JUMAANE D. WILLIAMS beat GONZALO DURAN, 408 to 36, 90.9% to 8.0%; total votes 449.", "general_public_advocate_winner": "Williams", "general_comptroller": "MARK D. LEVINE beat PETER KEFALAS, 379 to 34, 87.1% to 7.8%; total votes 435.", "general_comptroller_winner": "Levine", "question_1": "Disapprove beat Approve, 217 to 194, 52.8% to 47.2%; total votes 411.", "question_1_winner": "No-disapprove!", "question_2": "Approve beat Disapprove, 305 to 113, 73.0% to 27.0%; total votes 418.", "question_2_winner": "Yes-approve!", "question_3": "Approve beat Disapprove, 272 to 138, 66.3% to 33.7%; total votes 410.", "question_3_winner": "Yes-approve!", "question_4": "Approve beat Disapprove, 290 to 120, 70.7% to 29.3%; total votes 410.", "question_4_winner": "Yes-approve!", "question_5": "Approve beat Disapprove, 332 to 80, 80.6% to 19.4%; total votes 412.", "question_5_winner": "Yes-approve!", "question_6": "Disapprove beat Approve, 208 to 199, 51.1% to 48.9%; total votes 407.", "question_6_winner": "No-disapprove!", "dem_primary_mayor": "Zohran Kwame Mamdani beat Andrew M. Cuomo, 105 to 102, 39.6% to 38.5%; total votes 265.", "dem_primary_mayor_winner": "Mamdani", "dem_primary_public_advocate": "Jumaane D. Williams beat Jenifer Rajkumar, 192 to 30, 80.7% to 12.6%; total votes 238.", "dem_primary_public_advocate_winner": "Williams", "dem_primary_comptroller": "Mark D. Levine beat Justin Brannan, 136 to 51, 57.4% to 21.5%; total votes 237.", "dem_primary_comptroller_winner": "Levine", "popup_summary": "Mayor: ZOHRAN KWAME MAMDANI beat ANDREW M. CUOMO, 292 to 169, 60.3% to 34.9%; total votes 484. | Public Advocate: JUMAANE D. WILLIAMS beat GONZALO DURAN, 408 to 36, 90.9% to 8.0%; total votes 449. | City Comptroller: MARK D. LEVINE beat PETER KEFALAS, 379 to 34, 87.1% to 7.8%; total votes 435. | Question 1: Disapprove beat Approve, 217 to 194, 52.8% to 47.2%; total votes 411. | Question 2: Approve beat Disapprove, 305 to 113, 73.0% to 27.0%; total votes 418. | Question 3: Approve beat Disapprove, 272 to 138, 66.3% to 33.7%; total votes 410. | Question 4: Approve beat Disapprove, 290 to 120, 70.7% to 29.3%; total votes 410. | Question 5: Approve beat Disapprove, 332 to 80, 80.6% to 19.4%; total votes 412. | Question 6: Disapprove beat Approve, 208 to 199, 51.1% to 48.9%; total votes 407. | Dem Primary Mayor: Zohran Kwame Mamdani beat Andrew M. Cuomo, 105 to 102, 39.6% to 38.5%; total votes 265. | Dem Primary Public Advocate: Jumaane D. Williams beat Jenifer Rajkumar, 192 to 30, 80.7% to 12.6%; total votes 238. | Dem Primary Comptroller: Mark D. Levine beat Justin Brannan, 136 to 51, 57.4% to 21.5%; total votes 237.", "mayor_margin": 25.4, "q2_yes": 73.0, "q3_yes": 66.3, "q4_yes": 70.7}, "geometry": {"type": "MultiPolygon", "coordinates": [[[[-73.9311141, 40.7940965], [-73.9314276, 40.793928], [-73.9316582, 40.7938017], [-73.9317929, 40.793728], [-73.931875, 40.7936819], [-73.93201, 40.7936055], [-73.9320789, 40.7935665], [-73.9323513, 40.7934138], [-73.9325092, 40.7933319], [-73.9325385, 40.7933167], [-73.9326724, 40.7932482], [-73.9328771, 40.7931303], [-73.9331068, 40.7929953], [-73.9332459, 40.7929143], [-73.9332713, 40.7928995], [-73.9334849, 40.7927742], [-73.9337279, 40.7926015], [-73.9338879, 40.7924895], [-73.93407, 40.7923583], [-73.9342722, 40.7922173], [-73.9343403, 40.792168], [-73.9345104, 40.7920513], [-73.9347388, 40.7919008], [-73.9350541, 40.7916862], [-73.9351076, 40.7916489], [-73.9351718, 40.7916047], [-73.9352681, 40.791528], [-73.935265, 40.7915258], [-73.9351904, 40.7914712], [-73.9354676, 40.7912637], [-73.935539, 40.7913187], [-73.9358311, 40.7910947], [-73.9358455, 40.7911196], [-73.9358972, 40.7912091], [-73.9359551, 40.7912349], [-73.9360131, 40.7912607], [-73.9361049, 40.7912954], [-73.9366493, 40.7915236], [-73.9372422, 40.7917721], [-73.9381935, 40.7921882], [-73.9405628, 40.7931879], [-73.9401065, 40.793817], [-73.93963, 40.7944671], [-73.9388587, 40.7941444], [-73.9386529, 40.7940583], [-73.9382794, 40.7939021], [-73.9381074, 40.7938301], [-73.9372571, 40.7934743], [-73.9371572, 40.7936106], [-73.9371007, 40.7936878], [-73.9369534, 40.7938888], [-73.9368816, 40.7939869], [-73.9368116, 40.7940824], [-73.9367793, 40.794125], [-73.9367097, 40.7942202], [-73.9366694, 40.7942754], [-73.9366093, 40.7943576], [-73.9365295, 40.7944668], [-73.9364705, 40.7945477], [-73.9364301, 40.7946029], [-73.9363978, 40.7946472], [-73.9363609, 40.7946976], [-73.9346582, 40.7939954], [-73.9341077, 40.7937684], [-73.9336474, 40.7943765], [-73.933157, 40.7950536], [-73.932416, 40.794741], [-73.9316178, 40.7944024], [-73.931339, 40.794251], [-73.931291, 40.7942253], [-73.931238, 40.7941868], [-73.9311431, 40.7941176], [-73.9311141, 40.7940965]]]]}}, {"type": "Feature", "properties": {"felt:feature": 35, "ed_label": "AD 68 ED 036", "elect_dist": "68036", "borough": "Manhattan", "community_board": 11, "community_board_label": "Manhattan CB11", "popup_title": "Manhattan CB11 \u2014 AD 68 ED 036", "general_mayor": "ZOHRAN KWAME MAMDANI beat ANDREW M. CUOMO, 237 to 87, 69.7% to 25.6%; total votes 340.", "general_mayor_winner": "Mamdani", "general_public_advocate": "JUMAANE D. WILLIAMS beat GONZALO DURAN, 279 to 28, 89.7% to 9.0%; total votes 311.", "general_public_advocate_winner": "Williams", "general_comptroller": "MARK D. LEVINE beat PETER KEFALAS, 264 to 25, 88.3% to 8.4%; total votes 299.", "general_comptroller_winner": "Levine", "question_1": "Disapprove beat Approve, 158 to 132, 54.5% to 45.5%; total votes 290.", "question_1_winner": "No-disapprove!", "question_2": "Approve beat Disapprove, 218 to 81, 72.9% to 27.1%; total votes 299.", "question_2_winner": "Yes-approve!", "question_3": "Approve beat Disapprove, 196 to 99, 66.4% to 33.6%; total votes 295.", "question_3_winner": "Yes-approve!", "question_4": "Approve beat Disapprove, 210 to 85, 71.2% to 28.8%; total votes 295.", "question_4_winner": "Yes-approve!", "question_5": "Approve beat Disapprove, 231 to 61, 79.1% to 20.9%; total votes 292.", "question_5_winner": "Yes-approve!", "question_6": "Disapprove beat Approve, 161 to 132, 54.9% to 45.1%; total votes 293.", "question_6_winner": "No-disapprove!", "dem_primary_mayor": "Zohran Kwame Mamdani beat Andrew M. Cuomo, 102 to 54, 54.8% to 29.0%; total votes 186.", "dem_primary_mayor_winner": "Mamdani", "dem_primary_public_advocate": "Jumaane D. Williams beat Jenifer Rajkumar, 144 to 21, 83.7% to 12.2%; total votes 172.", "dem_primary_public_advocate_winner": "Williams", "dem_primary_comptroller": "Mark D. Levine beat Justin Brannan, 76 to 58, 42.9% to 32.8%; total votes 177.", "dem_primary_comptroller_winner": "Levine", "popup_summary": "Mayor: ZOHRAN KWAME MAMDANI beat ANDREW M. CUOMO, 237 to 87, 69.7% to 25.6%; total votes 340. | Public Advocate: JUMAANE D. WILLIAMS beat GONZALO DURAN, 279 to 28, 89.7% to 9.0%; total votes 311. | City Comptroller: MARK D. LEVINE beat PETER KEFALAS, 264 to 25, 88.3% to 8.4%; total votes 299. | Question 1: Disapprove beat Approve, 158 to 132, 54.5% to 45.5%; total votes 290. | Question 2: Approve beat Disapprove, 218 to 81, 72.9% to 27.1%; total votes 299. | Question 3: Approve beat Disapprove, 196 to 99, 66.4% to 33.6%; total votes 295. | Question 4: Approve beat Disapprove, 210 to 85, 71.2% to 28.8%; total votes 295. | Question 5: Approve beat Disapprove, 231 to 61, 79.1% to 20.9%; total votes 292. | Question 6: Disapprove beat Approve, 161 to 132, 54.9% to 45.1%; total votes 293. | Dem Primary Mayor: Zohran Kwame Mamdani beat Andrew M. Cuomo, 102 to 54, 54.8% to 29.0%; total votes 186. | Dem Primary Public Advocate: Jumaane D. Williams beat Jenifer Rajkumar, 144 to 21, 83.7% to 12.2%; total votes 172. | Dem Primary Comptroller: Mark D. Levine beat Justin Brannan, 76 to 58, 42.9% to 32.8%; total votes 177.", "mayor_margin": 44.1, "q2_yes": 72.9, "q3_yes": 66.4, "q4_yes": 71.2}, "geometry": {"type": "MultiPolygon", "coordinates": [[[[-73.9428101, 40.7941315], [-73.9432725, 40.7934881], [-73.9437238, 40.7928738], [-73.9441827, 40.7922451], [-73.9457843, 40.7929214], [-73.9453241, 40.7935525], [-73.9451795, 40.7937501], [-73.9451308, 40.7938166], [-73.9450979, 40.7938616], [-73.9450682, 40.7939022], [-73.9448659, 40.7941786], [-73.9460759, 40.7946909], [-73.946147, 40.794721], [-73.946344, 40.7948044], [-73.9464796, 40.7948609], [-73.9464009, 40.7949659], [-73.9462789, 40.7951285], [-73.9460291, 40.7954615], [-73.9459064, 40.7954175], [-73.9452349, 40.7951448], [-73.9451462, 40.7951088], [-73.9444066, 40.7948084], [-73.943749, 40.7945295], [-73.9433447, 40.794358], [-73.9428101, 40.7941315]]]]}}, {"type": "Feature", "properties": {"felt:feature": 36, "ed_label": "AD 68 ED 037", "elect_dist": "68037", "borough": "Manhattan", "community_board": 11, "community_board_label": "Manhattan CB11", "popup_title": "Manhattan CB11 \u2014 AD 68 ED 037", "general_mayor": "ZOHRAN KWAME MAMDANI beat ANDREW M. CUOMO, 318 to 305, 47.5% to 45.6%; total votes 669.", "general_mayor_winner": "Mamdani", "general_public_advocate": "JUMAANE D. WILLIAMS beat GONZALO DURAN, 499 to 89, 83.2% to 14.8%; total votes 600.", "general_public_advocate_winner": "Williams", "general_comptroller": "MARK D. LEVINE beat PETER KEFALAS, 482 to 76, 82.0% to 12.9%; total votes 588.", "general_comptroller_winner": "Levine", "question_1": "Disapprove beat Approve, 286 to 223, 56.2% to 43.8%; total votes 509.", "question_1_winner": "No-disapprove!", "question_2": "Approve beat Disapprove, 373 to 149, 71.5% to 28.5%; total votes 522.", "question_2_winner": "Yes-approve!", "question_3": "Approve beat Disapprove, 323 to 198, 62.0% to 38.0%; total votes 521.", "question_3_winner": "Yes-approve!", "question_4": "Approve beat Disapprove, 359 to 152, 70.3% to 29.7%; total votes 511.", "question_4_winner": "Yes-approve!", "question_5": "Approve beat Disapprove, 350 to 152, 69.7% to 30.3%; total votes 502.", "question_5_winner": "Yes-approve!", "question_6": "Disapprove beat Approve, 297 to 212, 58.4% to 41.6%; total votes 509.", "question_6_winner": "No-disapprove!", "dem_primary_mayor": "Andrew M. Cuomo beat Zohran Kwame Mamdani, 191 to 123, 51.3% to 33.1%; total votes 372.", "dem_primary_mayor_winner": "Cuomo", "dem_primary_public_advocate": "Jumaane D. Williams beat Jenifer Rajkumar, 268 to 31, 82.7% to 9.6%; total votes 324.", "dem_primary_public_advocate_winner": "Williams", "dem_primary_comptroller": "Mark D. Levine beat Justin Brannan, 187 to 63, 56.8% to 19.1%; total votes 329.", "dem_primary_comptroller_winner": "Levine", "popup_summary": "Mayor: ZOHRAN KWAME MAMDANI beat ANDREW M. CUOMO, 318 to 305, 47.5% to 45.6%; total votes 669. | Public Advocate: JUMAANE D. WILLIAMS beat GONZALO DURAN, 499 to 89, 83.2% to 14.8%; total votes 600. | City Comptroller: MARK D. LEVINE beat PETER KEFALAS, 482 to 76, 82.0% to 12.9%; total votes 588. | Question 1: Disapprove beat Approve, 286 to 223, 56.2% to 43.8%; total votes 509. | Question 2: Approve beat Disapprove, 373 to 149, 71.5% to 28.5%; total votes 522. | Question 3: Approve beat Disapprove, 323 to 198, 62.0% to 38.0%; total votes 521. | Question 4: Approve beat Disapprove, 359 to 152, 70.3% to 29.7%; total votes 511. | Question 5: Approve beat Disapprove, 350 to 152, 69.7% to 30.3%; total votes 502. | Question 6: Disapprove beat Approve, 297 to 212, 58.4% to 41.6%; total votes 509. | Dem Primary Mayor: Andrew M. Cuomo beat Zohran Kwame Mamdani, 191 to 123, 51.3% to 33.1%; total votes 372. | Dem Primary Public Advocate: Jumaane D. Williams beat Jenifer Rajkumar, 268 to 31, 82.7% to 9.6%; total votes 324. | Dem Primary Comptroller: Mark D. Levine beat Justin Brannan, 187 to 63, 56.8% to 19.1%; total votes 329.", "mayor_margin": 1.9, "q2_yes": 71.5, "q3_yes": 62.0, "q4_yes": 70.3}, "geometry": {"type": "MultiPolygon", "coordinates": [[[[-73.9405628, 40.7931879], [-73.941035, 40.7925467], [-73.941504, 40.7919066], [-73.9396775, 40.7911358], [-73.939132, 40.790905], [-73.9395893, 40.7902783], [-73.9401567, 40.7905472], [-73.9409439, 40.7908639], [-73.9413916, 40.7910411], [-73.9415718, 40.7907808], [-73.9416575, 40.7907582], [-73.941676, 40.7907607], [-73.9416948, 40.7907611], [-73.9417134, 40.7907594], [-73.9417315, 40.7907556], [-73.9417486, 40.7907497], [-73.9417644, 40.7907419], [-73.9417784, 40.7907324], [-73.9417904, 40.7907215], [-73.9419938, 40.7904387], [-73.9424346, 40.7906262], [-73.9419652, 40.7912718], [-73.942194, 40.7912402], [-73.9432913, 40.7916994], [-73.9437044, 40.7918766], [-73.9436216, 40.7920098], [-73.9441827, 40.7922451], [-73.9437238, 40.7928738], [-73.9432725, 40.7934881], [-73.9428101, 40.7941315], [-73.9405628, 40.7931879]]]]}}, {"type": "Feature", "properties": {"felt:feature": 37, "ed_label": "AD 68 ED 038", "elect_dist": "68038", "borough": "Manhattan", "community_board": 11, "community_board_label": "Manhattan CB11", "popup_title": "Manhattan CB11 \u2014 AD 68 ED 038", "general_mayor": "ZOHRAN KWAME MAMDANI beat ANDREW M. CUOMO, 434 to 181, 67.1% to 28.0%; total votes 647.", "general_mayor_winner": "Mamdani", "general_public_advocate": "JUMAANE D. WILLIAMS beat GONZALO DURAN, 541 to 56, 89.1% to 9.2%; total votes 607.", "general_public_advocate_winner": "Williams", "general_comptroller": "MARK D. LEVINE beat PETER KEFALAS, 527 to 55, 87.7% to 9.2%; total votes 601.", "general_comptroller_winner": "Levine", "question_1": "Disapprove beat Approve, 301 to 237, 55.9% to 44.1%; total votes 538.", "question_1_winner": "No-disapprove!", "question_2": "Approve beat Disapprove, 388 to 158, 71.1% to 28.9%; total votes 546.", "question_2_winner": "Yes-approve!", "question_3": "Approve beat Disapprove, 339 to 197, 63.2% to 36.8%; total votes 536.", "question_3_winner": "Yes-approve!", "question_4": "Approve beat Disapprove, 383 to 147, 72.3% to 27.7%; total votes 530.", "question_4_winner": "Yes-approve!", "question_5": "Approve beat Disapprove, 409 to 128, 76.2% to 23.8%; total votes 537.", "question_5_winner": "Yes-approve!", "question_6": "Disapprove beat Approve, 278 to 262, 51.5% to 48.5%; total votes 540.", "question_6_winner": "No-disapprove!", "dem_primary_mayor": "Zohran Kwame Mamdani beat Andrew M. Cuomo, 212 to 145, 50.8% to 34.8%; total votes 417.", "dem_primary_mayor_winner": "Mamdani", "dem_primary_public_advocate": "Jumaane D. Williams beat Jenifer Rajkumar, 281 to 54, 75.7% to 14.6%; total votes 371.", "dem_primary_public_advocate_winner": "Williams", "dem_primary_comptroller": "Mark D. Levine beat Justin Brannan, 204 to 106, 53.5% to 27.8%; total votes 381.", "dem_primary_comptroller_winner": "Levine", "popup_summary": "Mayor: ZOHRAN KWAME MAMDANI beat ANDREW M. CUOMO, 434 to 181, 67.1% to 28.0%; total votes 647. | Public Advocate: JUMAANE D. WILLIAMS beat GONZALO DURAN, 541 to 56, 89.1% to 9.2%; total votes 607. | City Comptroller: MARK D. LEVINE beat PETER KEFALAS, 527 to 55, 87.7% to 9.2%; total votes 601. | Question 1: Disapprove beat Approve, 301 to 237, 55.9% to 44.1%; total votes 538. | Question 2: Approve beat Disapprove, 388 to 158, 71.1% to 28.9%; total votes 546. | Question 3: Approve beat Disapprove, 339 to 197, 63.2% to 36.8%; total votes 536. | Question 4: Approve beat Disapprove, 383 to 147, 72.3% to 27.7%; total votes 530. | Question 5: Approve beat Disapprove, 409 to 128, 76.2% to 23.8%; total votes 537. | Question 6: Disapprove beat Approve, 278 to 262, 51.5% to 48.5%; total votes 540. | Dem Primary Mayor: Zohran Kwame Mamdani beat Andrew M. Cuomo, 212 to 145, 50.8% to 34.8%; total votes 417. | Dem Primary Public Advocate: Jumaane D. Williams beat Jenifer Rajkumar, 281 to 54, 75.7% to 14.6%; total votes 371. | Dem Primary Comptroller: Mark D. Levine beat Justin Brannan, 204 to 106, 53.5% to 27.8%; total votes 381.", "mayor_margin": 39.1, "q2_yes": 71.1, "q3_yes": 63.2, "q4_yes": 72.3}, "geometry": {"type": "MultiPolygon", "coordinates": [[[[-73.9360131, 40.7912607], [-73.9365244, 40.7906592], [-73.9366261, 40.7907018], [-73.9370951, 40.790906], [-73.9386488, 40.7915578], [-73.939132, 40.790905], [-73.9396775, 40.7911358], [-73.941504, 40.7919066], [-73.941035, 40.7925467], [-73.9405628, 40.7931879], [-73.9381935, 40.7921882], [-73.9372422, 40.7917721], [-73.9366493, 40.7915236], [-73.9361049, 40.7912954], [-73.9360131, 40.7912607]]]]}}, {"type": "Feature", "properties": {"felt:feature": 38, "ed_label": "AD 68 ED 039", "elect_dist": "68039", "borough": "Manhattan", "community_board": 11, "community_board_label": "Manhattan CB11", "popup_title": "Manhattan CB11 \u2014 AD 68 ED 039", "general_mayor": "ZOHRAN KWAME MAMDANI beat ANDREW M. CUOMO, 147 to 121, 51.8% to 42.6%; total votes 284.", "general_mayor_winner": "Mamdani", "general_public_advocate": "JUMAANE D. WILLIAMS beat GONZALO DURAN, 216 to 27, 87.1% to 10.9%; total votes 248.", "general_public_advocate_winner": "Williams", "general_comptroller": "MARK D. LEVINE beat PETER KEFALAS, 204 to 22, 83.6% to 9.0%; total votes 244.", "general_comptroller_winner": "Levine", "question_1": "Disapprove beat Approve, 126 to 100, 55.8% to 44.2%; total votes 226.", "question_1_winner": "No-disapprove!", "question_2": "Approve beat Disapprove, 188 to 43, 81.4% to 18.6%; total votes 231.", "question_2_winner": "Yes-approve!", "question_3": "Approve beat Disapprove, 168 to 53, 76.0% to 24.0%; total votes 221.", "question_3_winner": "Yes-approve!", "question_4": "Approve beat Disapprove, 187 to 40, 82.4% to 17.6%; total votes 227.", "question_4_winner": "Yes-approve!", "question_5": "Approve beat Disapprove, 162 to 60, 73.0% to 27.0%; total votes 222.", "question_5_winner": "Yes-approve!", "question_6": "Approve beat Disapprove, 114 to 108, 51.4% to 48.6%; total votes 222.", "question_6_winner": "Yes-approve!", "dem_primary_mayor": "Andrew M. Cuomo beat Zohran Kwame Mamdani, 78 to 40, 55.3% to 28.4%; total votes 141.", "dem_primary_mayor_winner": "Cuomo", "dem_primary_public_advocate": "Jumaane D. Williams beat Jenifer Rajkumar, 86 to 16, 75.4% to 14.0%; total votes 114.", "dem_primary_public_advocate_winner": "Williams", "dem_primary_comptroller": "Mark D. Levine beat Ismael Malave Perez, 59 to 25, 51.3% to 21.7%; total votes 115.", "dem_primary_comptroller_winner": "Levine", "popup_summary": "Mayor: ZOHRAN KWAME MAMDANI beat ANDREW M. CUOMO, 147 to 121, 51.8% to 42.6%; total votes 284. | Public Advocate: JUMAANE D. WILLIAMS beat GONZALO DURAN, 216 to 27, 87.1% to 10.9%; total votes 248. | City Comptroller: MARK D. LEVINE beat PETER KEFALAS, 204 to 22, 83.6% to 9.0%; total votes 244. | Question 1: Disapprove beat Approve, 126 to 100, 55.8% to 44.2%; total votes 226. | Question 2: Approve beat Disapprove, 188 to 43, 81.4% to 18.6%; total votes 231. | Question 3: Approve beat Disapprove, 168 to 53, 76.0% to 24.0%; total votes 221. | Question 4: Approve beat Disapprove, 187 to 40, 82.4% to 17.6%; total votes 227. | Question 5: Approve beat Disapprove, 162 to 60, 73.0% to 27.0%; total votes 222. | Question 6: Approve beat Disapprove, 114 to 108, 51.4% to 48.6%; total votes 222. | Dem Primary Mayor: Andrew M. Cuomo beat Zohran Kwame Mamdani, 78 to 40, 55.3% to 28.4%; total votes 141. | Dem Primary Public Advocate: Jumaane D. Williams beat Jenifer Rajkumar, 86 to 16, 75.4% to 14.0%; total votes 114. | Dem Primary Comptroller: Mark D. Levine beat Ismael Malave Perez, 59 to 25, 51.3% to 21.7%; total votes 115.", "mayor_margin": 9.2, "q2_yes": 81.4, "q3_yes": 76.0, "q4_yes": 82.4}, "geometry": {"type": "MultiPolygon", "coordinates": [[[[-73.9460291, 40.7954615], [-73.9462789, 40.7951285], [-73.9464009, 40.7949659], [-73.9464796, 40.7948609], [-73.9467098, 40.7945527], [-73.9468528, 40.7943613], [-73.9469478, 40.7942341], [-73.9473971, 40.793596], [-73.9479016, 40.7929326], [-73.9480201, 40.7929803], [-73.948651, 40.7932454], [-73.9487314, 40.7932792], [-73.9490454, 40.7934112], [-73.949121, 40.7934429], [-73.9495084, 40.7936057], [-73.9490134, 40.7942816], [-73.9489636, 40.79435], [-73.9489256, 40.7944022], [-73.9488451, 40.7945126], [-73.9486328, 40.7948041], [-73.9485555, 40.7949102], [-73.9480852, 40.7955364], [-73.9478859, 40.7958272], [-73.9478165, 40.7959221], [-73.9476453, 40.7961563], [-73.9465676, 40.7956932], [-73.9464504, 40.7956429], [-73.9461686, 40.7955218], [-73.9460291, 40.7954615]]]]}}, {"type": "Feature", "properties": {"felt:feature": 39, "ed_label": "AD 68 ED 040", "elect_dist": "68040", "borough": "Manhattan", "community_board": 11, "community_board_label": "Manhattan CB11", "popup_title": "Manhattan CB11 \u2014 AD 68 ED 040", "general_mayor": "ZOHRAN KWAME MAMDANI beat ANDREW M. CUOMO, 181 to 144, 52.0% to 41.4%; total votes 348.", "general_mayor_winner": "Mamdani", "general_public_advocate": "JUMAANE D. WILLIAMS beat GONZALO DURAN, 252 to 30, 86.3% to 10.3%; total votes 292.", "general_public_advocate_winner": "Williams", "general_comptroller": "MARK D. LEVINE beat PETER KEFALAS, 246 to 31, 85.4% to 10.8%; total votes 288.", "general_comptroller_winner": "Levine", "question_1": "Disapprove beat Approve, 144 to 124, 53.7% to 46.3%; total votes 268.", "question_1_winner": "No-disapprove!", "question_2": "Approve beat Disapprove, 202 to 73, 73.5% to 26.5%; total votes 275.", "question_2_winner": "Yes-approve!", "question_3": "Approve beat Disapprove, 177 to 89, 66.5% to 33.5%; total votes 266.", "question_3_winner": "Yes-approve!", "question_4": "Approve beat Disapprove, 188 to 79, 70.4% to 29.6%; total votes 267.", "question_4_winner": "Yes-approve!", "question_5": "Approve beat Disapprove, 203 to 56, 78.4% to 21.6%; total votes 259.", "question_5_winner": "Yes-approve!", "question_6": "Approve beat Disapprove, 137 to 129, 51.5% to 48.5%; total votes 266.", "question_6_winner": "Yes-approve!", "dem_primary_mayor": "Andrew M. Cuomo beat Zohran Kwame Mamdani, 101 to 69, 49.0% to 33.5%; total votes 206.", "dem_primary_mayor_winner": "Cuomo", "dem_primary_public_advocate": "Jumaane D. Williams beat Jenifer Rajkumar, 119 to 27, 72.6% to 16.5%; total votes 164.", "dem_primary_public_advocate_winner": "Williams", "dem_primary_comptroller": "Mark D. Levine beat Ismael Malave Perez, 89 to 30, 55.3% to 18.6%; total votes 161.", "dem_primary_comptroller_winner": "Levine", "popup_summary": "Mayor: ZOHRAN KWAME MAMDANI beat ANDREW M. CUOMO, 181 to 144, 52.0% to 41.4%; total votes 348. | Public Advocate: JUMAANE D. WILLIAMS beat GONZALO DURAN, 252 to 30, 86.3% to 10.3%; total votes 292. | City Comptroller: MARK D. LEVINE beat PETER KEFALAS, 246 to 31, 85.4% to 10.8%; total votes 288. | Question 1: Disapprove beat Approve, 144 to 124, 53.7% to 46.3%; total votes 268. | Question 2: Approve beat Disapprove, 202 to 73, 73.5% to 26.5%; total votes 275. | Question 3: Approve beat Disapprove, 177 to 89, 66.5% to 33.5%; total votes 266. | Question 4: Approve beat Disapprove, 188 to 79, 70.4% to 29.6%; total votes 267. | Question 5: Approve beat Disapprove, 203 to 56, 78.4% to 21.6%; total votes 259. | Question 6: Approve beat Disapprove, 137 to 129, 51.5% to 48.5%; total votes 266. | Dem Primary Mayor: Andrew M. Cuomo beat Zohran Kwame Mamdani, 101 to 69, 49.0% to 33.5%; total votes 206. | Dem Primary Public Advocate: Jumaane D. Williams beat Jenifer Rajkumar, 119 to 27, 72.6% to 16.5%; total votes 164. | Dem Primary Comptroller: Mark D. Levine beat Ismael Malave Perez, 89 to 30, 55.3% to 18.6%; total votes 161.", "mayor_margin": 10.6, "q2_yes": 73.5, "q3_yes": 66.5, "q4_yes": 70.4}, "geometry": {"type": "MultiPolygon", "coordinates": [[[[-73.9479016, 40.7929326], [-73.9483861, 40.7922559], [-73.9485261, 40.7920632], [-73.9485841, 40.7919833], [-73.9486328, 40.7919162], [-73.9486866, 40.791842], [-73.9487447, 40.7917621], [-73.9488462, 40.7916223], [-73.9489756, 40.791677], [-73.9495671, 40.7919261], [-73.9496169, 40.7919471], [-73.9500126, 40.7921138], [-73.9500653, 40.792136], [-73.9501174, 40.7921579], [-73.9504595, 40.792302], [-73.9509174, 40.7916744], [-73.9513712, 40.7910491], [-73.9529774, 40.7917197], [-73.9525222, 40.7923476], [-73.9520713, 40.7929812], [-73.9516027, 40.7936078], [-73.951111, 40.794285], [-73.9495084, 40.7936057], [-73.949121, 40.7934429], [-73.9490454, 40.7934112], [-73.9487314, 40.7932792], [-73.948651, 40.7932454], [-73.9480201, 40.7929803], [-73.9479016, 40.7929326]]]]}}, {"type": "Feature", "properties": {"felt:feature": 40, "ed_label": "AD 68 ED 041", "elect_dist": "68041", "borough": "Manhattan", "community_board": 11, "community_board_label": "Manhattan CB11", "popup_title": "Manhattan CB11 \u2014 AD 68 ED 041", "general_mayor": "ZOHRAN KWAME MAMDANI beat ANDREW M. CUOMO, 225 to 145, 56.8% to 36.6%; total votes 396.", "general_mayor_winner": "Mamdani", "general_public_advocate": "JUMAANE D. WILLIAMS beat GONZALO DURAN, 287 to 49, 83.7% to 14.3%; total votes 343.", "general_public_advocate_winner": "Williams", "general_comptroller": "MARK D. LEVINE beat PETER KEFALAS, 270 to 40, 80.6% to 11.9%; total votes 335.", "general_comptroller_winner": "Levine", "question_1": "Disapprove beat Approve, 158 to 141, 52.8% to 47.2%; total votes 299.", "question_1_winner": "No-disapprove!", "question_2": "Approve beat Disapprove, 227 to 80, 73.9% to 26.1%; total votes 307.", "question_2_winner": "Yes-approve!", "question_3": "Approve beat Disapprove, 199 to 106, 65.2% to 34.8%; total votes 305.", "question_3_winner": "Yes-approve!", "question_4": "Approve beat Disapprove, 210 to 91, 69.8% to 30.2%; total votes 301.", "question_4_winner": "Yes-approve!", "question_5": "Approve beat Disapprove, 232 to 74, 75.8% to 24.2%; total votes 306.", "question_5_winner": "Yes-approve!", "question_6": "Approve beat Disapprove, 160 to 143, 52.8% to 47.2%; total votes 303.", "question_6_winner": "Yes-approve!", "dem_primary_mayor": "Zohran Kwame Mamdani beat Andrew M. Cuomo, 103 to 98, 45.6% to 43.4%; total votes 226.", "dem_primary_mayor_winner": "Mamdani", "dem_primary_public_advocate": "Jumaane D. Williams beat Jenifer Rajkumar, 142 to 36, 72.4% to 18.4%; total votes 196.", "dem_primary_public_advocate_winner": "Williams", "dem_primary_comptroller": "Mark D. Levine beat Ismael Malave Perez, 98 to 49, 48.5% to 24.3%; total votes 202.", "dem_primary_comptroller_winner": "Levine", "popup_summary": "Mayor: ZOHRAN KWAME MAMDANI beat ANDREW M. CUOMO, 225 to 145, 56.8% to 36.6%; total votes 396. | Public Advocate: JUMAANE D. WILLIAMS beat GONZALO DURAN, 287 to 49, 83.7% to 14.3%; total votes 343. | City Comptroller: MARK D. LEVINE beat PETER KEFALAS, 270 to 40, 80.6% to 11.9%; total votes 335. | Question 1: Disapprove beat Approve, 158 to 141, 52.8% to 47.2%; total votes 299. | Question 2: Approve beat Disapprove, 227 to 80, 73.9% to 26.1%; total votes 307. | Question 3: Approve beat Disapprove, 199 to 106, 65.2% to 34.8%; total votes 305. | Question 4: Approve beat Disapprove, 210 to 91, 69.8% to 30.2%; total votes 301. | Question 5: Approve beat Disapprove, 232 to 74, 75.8% to 24.2%; total votes 306. | Question 6: Approve beat Disapprove, 160 to 143, 52.8% to 47.2%; total votes 303. | Dem Primary Mayor: Zohran Kwame Mamdani beat Andrew M. Cuomo, 103 to 98, 45.6% to 43.4%; total votes 226. | Dem Primary Public Advocate: Jumaane D. Williams beat Jenifer Rajkumar, 142 to 36, 72.4% to 18.4%; total votes 196. | Dem Primary Comptroller: Mark D. Levine beat Ismael Malave Perez, 98 to 49, 48.5% to 24.3%; total votes 202.", "mayor_margin": 20.2, "q2_yes": 73.9, "q3_yes": 65.2, "q4_yes": 69.8}, "geometry": {"type": "MultiPolygon", "coordinates": [[[[-73.9457843, 40.7929214], [-73.9462791, 40.7922454], [-73.946772, 40.7915695], [-73.9472294, 40.7909395], [-73.9487086, 40.7915659], [-73.9488462, 40.7916223], [-73.9487447, 40.7917621], [-73.9486866, 40.791842], [-73.9486328, 40.7919162], [-73.9485841, 40.7919833], [-73.9485261, 40.7920632], [-73.9483861, 40.7922559], [-73.9479016, 40.7929326], [-73.9473971, 40.793596], [-73.9469478, 40.7942341], [-73.9468528, 40.7943613], [-73.9467098, 40.7945527], [-73.9464796, 40.7948609], [-73.946344, 40.7948044], [-73.946147, 40.794721], [-73.9460759, 40.7946909], [-73.9448659, 40.7941786], [-73.9450682, 40.7939022], [-73.9450979, 40.7938616], [-73.9451308, 40.7938166], [-73.9451795, 40.7937501], [-73.9453241, 40.7935525], [-73.9457843, 40.7929214]]]]}}, {"type": "Feature", "properties": {"felt:feature": 41, "ed_label": "AD 68 ED 042", "elect_dist": "68042", "borough": "Manhattan", "community_board": 11, "community_board_label": "Manhattan CB11", "popup_title": "Manhattan CB11 \u2014 AD 68 ED 042", "general_mayor": "ZOHRAN KWAME MAMDANI beat ANDREW M. CUOMO, 175 to 119, 56.5% to 38.4%; total votes 310.", "general_mayor_winner": "Mamdani", "general_public_advocate": "JUMAANE D. WILLIAMS beat GONZALO DURAN, 243 to 33, 86.2% to 11.7%; total votes 282.", "general_public_advocate_winner": "Williams", "general_comptroller": "MARK D. LEVINE beat PETER KEFALAS, 223 to 28, 83.5% to 10.5%; total votes 267.", "general_comptroller_winner": "Levine", "question_1": "Disapprove beat Approve, 135 to 105, 56.2% to 43.8%; total votes 240.", "question_1_winner": "No-disapprove!", "question_2": "Approve beat Disapprove, 197 to 59, 77.0% to 23.0%; total votes 256.", "question_2_winner": "Yes-approve!", "question_3": "Approve beat Disapprove, 181 to 68, 72.7% to 27.3%; total votes 249.", "question_3_winner": "Yes-approve!", "question_4": "Approve beat Disapprove, 184 to 68, 73.0% to 27.0%; total votes 252.", "question_4_winner": "Yes-approve!", "question_5": "Approve beat Disapprove, 187 to 63, 74.8% to 25.2%; total votes 250.", "question_5_winner": "Yes-approve!", "question_6": "Approve beat Disapprove, 125 to 123, 50.4% to 49.6%; total votes 248.", "question_6_winner": "Yes-approve!", "dem_primary_mayor": "Andrew M. Cuomo beat Zohran Kwame Mamdani, 88 to 71, 47.1% to 38.0%; total votes 187.", "dem_primary_mayor_winner": "Cuomo", "dem_primary_public_advocate": "Jumaane D. Williams beat Jenifer Rajkumar, 125 to 23, 78.1% to 14.4%; total votes 160.", "dem_primary_public_advocate_winner": "Williams", "dem_primary_comptroller": "Mark D. Levine beat Ismael Malave Perez, 82 to 33, 49.7% to 20.0%; total votes 165.", "dem_primary_comptroller_winner": "Levine", "popup_summary": "Mayor: ZOHRAN KWAME MAMDANI beat ANDREW M. CUOMO, 175 to 119, 56.5% to 38.4%; total votes 310. | Public Advocate: JUMAANE D. WILLIAMS beat GONZALO DURAN, 243 to 33, 86.2% to 11.7%; total votes 282. | City Comptroller: MARK D. LEVINE beat PETER KEFALAS, 223 to 28, 83.5% to 10.5%; total votes 267. | Question 1: Disapprove beat Approve, 135 to 105, 56.2% to 43.8%; total votes 240. | Question 2: Approve beat Disapprove, 197 to 59, 77.0% to 23.0%; total votes 256. | Question 3: Approve beat Disapprove, 181 to 68, 72.7% to 27.3%; total votes 249. | Question 4: Approve beat Disapprove, 184 to 68, 73.0% to 27.0%; total votes 252. | Question 5: Approve beat Disapprove, 187 to 63, 74.8% to 25.2%; total votes 250. | Question 6: Approve beat Disapprove, 125 to 123, 50.4% to 49.6%; total votes 248. | Dem Primary Mayor: Andrew M. Cuomo beat Zohran Kwame Mamdani, 88 to 71, 47.1% to 38.0%; total votes 187. | Dem Primary Public Advocate: Jumaane D. Williams beat Jenifer Rajkumar, 125 to 23, 78.1% to 14.4%; total votes 160. | Dem Primary Comptroller: Mark D. Levine beat Ismael Malave Perez, 82 to 33, 49.7% to 20.0%; total votes 165.", "mayor_margin": 18.1, "q2_yes": 77.0, "q3_yes": 72.7, "q4_yes": 73.0}, "geometry": {"type": "MultiPolygon", "coordinates": [[[[-73.9488462, 40.7916223], [-73.9487086, 40.7915659], [-73.9472294, 40.7909395], [-73.9476875, 40.7903145], [-73.9491754, 40.7909438], [-73.949302, 40.790999], [-73.9497657, 40.7903713], [-73.9498947, 40.7904254], [-73.950473, 40.7906697], [-73.9505561, 40.7907048], [-73.9508243, 40.7908181], [-73.9508931, 40.7908471], [-73.9512876, 40.7910138], [-73.9513712, 40.7910491], [-73.9509174, 40.7916744], [-73.9504595, 40.792302], [-73.9501174, 40.7921579], [-73.9500653, 40.792136], [-73.9500126, 40.7921138], [-73.9496169, 40.7919471], [-73.9495671, 40.7919261], [-73.9489756, 40.791677], [-73.9488462, 40.7916223]]]]}}, {"type": "Feature", "properties": {"felt:feature": 42, "ed_label": "AD 68 ED 043", "elect_dist": "68043", "borough": "Manhattan", "community_board": 11, "community_board_label": "Manhattan CB11", "popup_title": "Manhattan CB11 \u2014 AD 68 ED 043", "general_mayor": "ZOHRAN KWAME MAMDANI beat ANDREW M. CUOMO, 475 to 147, 73.4% to 22.7%; total votes 647.", "general_mayor_winner": "Mamdani", "general_public_advocate": "JUMAANE D. WILLIAMS beat GONZALO DURAN, 528 to 63, 87.4% to 10.4%; total votes 604.", "general_public_advocate_winner": "Williams", "general_comptroller": "MARK D. LEVINE beat PETER KEFALAS, 514 to 57, 87.0% to 9.6%; total votes 591.", "general_comptroller_winner": "Levine", "question_1": "Disapprove beat Approve, 333 to 219, 60.3% to 39.7%; total votes 552.", "question_1_winner": "No-disapprove!", "question_2": "Approve beat Disapprove, 353 to 208, 62.9% to 37.1%; total votes 561.", "question_2_winner": "Yes-approve!", "question_3": "Approve beat Disapprove, 325 to 225, 59.1% to 40.9%; total votes 550.", "question_3_winner": "Yes-approve!", "question_4": "Approve beat Disapprove, 327 to 225, 59.2% to 40.8%; total votes 552.", "question_4_winner": "Yes-approve!", "question_5": "Approve beat Disapprove, 461 to 96, 82.8% to 17.2%; total votes 557.", "question_5_winner": "Yes-approve!", "question_6": "Disapprove beat Approve, 283 to 268, 51.4% to 48.6%; total votes 551.", "question_6_winner": "No-disapprove!", "dem_primary_mayor": "Zohran Kwame Mamdani beat Andrew M. Cuomo, 234 to 79, 65.4% to 22.1%; total votes 358.", "dem_primary_mayor_winner": "Mamdani", "dem_primary_public_advocate": "Jumaane D. Williams beat Jenifer Rajkumar, 243 to 47, 77.1% to 14.9%; total votes 315.", "dem_primary_public_advocate_winner": "Williams", "dem_primary_comptroller": "Mark D. Levine beat Justin Brannan, 131 to 111, 41.5% to 35.1%; total votes 316.", "dem_primary_comptroller_winner": "Levine", "popup_summary": "Mayor: ZOHRAN KWAME MAMDANI beat ANDREW M. CUOMO, 475 to 147, 73.4% to 22.7%; total votes 647. | Public Advocate: JUMAANE D. WILLIAMS beat GONZALO DURAN, 528 to 63, 87.4% to 10.4%; total votes 604. | City Comptroller: MARK D. LEVINE beat PETER KEFALAS, 514 to 57, 87.0% to 9.6%; total votes 591. | Question 1: Disapprove beat Approve, 333 to 219, 60.3% to 39.7%; total votes 552. | Question 2: Approve beat Disapprove, 353 to 208, 62.9% to 37.1%; total votes 561. | Question 3: Approve beat Disapprove, 325 to 225, 59.1% to 40.9%; total votes 550. | Question 4: Approve beat Disapprove, 327 to 225, 59.2% to 40.8%; total votes 552. | Question 5: Approve beat Disapprove, 461 to 96, 82.8% to 17.2%; total votes 557. | Question 6: Disapprove beat Approve, 283 to 268, 51.4% to 48.6%; total votes 551. | Dem Primary Mayor: Zohran Kwame Mamdani beat Andrew M. Cuomo, 234 to 79, 65.4% to 22.1%; total votes 358. | Dem Primary Public Advocate: Jumaane D. Williams beat Jenifer Rajkumar, 243 to 47, 77.1% to 14.9%; total votes 315. | Dem Primary Comptroller: Mark D. Levine beat Justin Brannan, 131 to 111, 41.5% to 35.1%; total votes 316.", "mayor_margin": 50.7, "q2_yes": 62.9, "q3_yes": 59.1, "q4_yes": 59.2}, "geometry": {"type": "MultiPolygon", "coordinates": [[[[-73.9476875, 40.7903145], [-73.9460767, 40.7896489], [-73.9464302, 40.7891671], [-73.9464705, 40.7891121], [-73.9465556, 40.7889962], [-73.9470024, 40.7883824], [-73.9486047, 40.7890551], [-73.9500912, 40.7896841], [-73.9502287, 40.7897418], [-73.9497657, 40.7903713], [-73.949302, 40.790999], [-73.9491754, 40.7909438], [-73.9476875, 40.7903145]]]]}}, {"type": "Feature", "properties": {"felt:feature": 43, "ed_label": "AD 68 ED 044", "elect_dist": "68044", "borough": "Manhattan", "community_board": 11, "community_board_label": "Manhattan CB11", "popup_title": "Manhattan CB11 \u2014 AD 68 ED 044", "general_mayor": "ZOHRAN KWAME MAMDANI beat ANDREW M. CUOMO, 471 to 199, 66.7% to 28.2%; total votes 706.", "general_mayor_winner": "Mamdani", "general_public_advocate": "JUMAANE D. WILLIAMS beat GONZALO DURAN, 561 to 73, 86.4% to 11.2%; total votes 649.", "general_public_advocate_winner": "Williams", "general_comptroller": "MARK D. LEVINE beat PETER KEFALAS, 543 to 66, 85.6% to 10.4%; total votes 634.", "general_comptroller_winner": "Levine", "question_1": "Disapprove beat Approve, 350 to 244, 58.9% to 41.1%; total votes 594.", "question_1_winner": "No-disapprove!", "question_2": "Approve beat Disapprove, 411 to 183, 69.2% to 30.8%; total votes 594.", "question_2_winner": "Yes-approve!", "question_3": "Approve beat Disapprove, 386 to 205, 65.3% to 34.7%; total votes 591.", "question_3_winner": "Yes-approve!", "question_4": "Approve beat Disapprove, 388 to 204, 65.5% to 34.5%; total votes 592.", "question_4_winner": "Yes-approve!", "question_5": "Approve beat Disapprove, 480 to 109, 81.5% to 18.5%; total votes 589.", "question_5_winner": "Yes-approve!", "question_6": "Disapprove beat Approve, 305 to 289, 51.3% to 48.7%; total votes 594.", "question_6_winner": "No-disapprove!", "dem_primary_mayor": "Zohran Kwame Mamdani beat Andrew M. Cuomo, 220 to 125, 54.1% to 30.7%; total votes 407.", "dem_primary_mayor_winner": "Mamdani", "dem_primary_public_advocate": "Jumaane D. Williams beat Jenifer Rajkumar, 283 to 54, 76.7% to 14.6%; total votes 369.", "dem_primary_public_advocate_winner": "Williams", "dem_primary_comptroller": "Mark D. Levine beat Justin Brannan, 170 to 127, 45.6% to 34.0%; total votes 373.", "dem_primary_comptroller_winner": "Levine", "popup_summary": "Mayor: ZOHRAN KWAME MAMDANI beat ANDREW M. CUOMO, 471 to 199, 66.7% to 28.2%; total votes 706. | Public Advocate: JUMAANE D. WILLIAMS beat GONZALO DURAN, 561 to 73, 86.4% to 11.2%; total votes 649. | City Comptroller: MARK D. LEVINE beat PETER KEFALAS, 543 to 66, 85.6% to 10.4%; total votes 634. | Question 1: Disapprove beat Approve, 350 to 244, 58.9% to 41.1%; total votes 594. | Question 2: Approve beat Disapprove, 411 to 183, 69.2% to 30.8%; total votes 594. | Question 3: Approve beat Disapprove, 386 to 205, 65.3% to 34.7%; total votes 591. | Question 4: Approve beat Disapprove, 388 to 204, 65.5% to 34.5%; total votes 592. | Question 5: Approve beat Disapprove, 480 to 109, 81.5% to 18.5%; total votes 589. | Question 6: Disapprove beat Approve, 305 to 289, 51.3% to 48.7%; total votes 594. | Dem Primary Mayor: Zohran Kwame Mamdani beat Andrew M. Cuomo, 220 to 125, 54.1% to 30.7%; total votes 407. | Dem Primary Public Advocate: Jumaane D. Williams beat Jenifer Rajkumar, 283 to 54, 76.7% to 14.6%; total votes 369. | Dem Primary Comptroller: Mark D. Levine beat Justin Brannan, 170 to 127, 45.6% to 34.0%; total votes 373.", "mayor_margin": 38.5, "q2_yes": 69.2, "q3_yes": 65.3, "q4_yes": 65.5}, "geometry": {"type": "MultiPolygon", "coordinates": [[[[-73.9441827, 40.7922451], [-73.9436216, 40.7920098], [-73.9437044, 40.7918766], [-73.9432913, 40.7916994], [-73.942194, 40.7912402], [-73.9419652, 40.7912718], [-73.9424346, 40.7906262], [-73.9436923, 40.7911548], [-73.944676, 40.7915695], [-73.9451683, 40.790894], [-73.9456335, 40.7902531], [-73.9459864, 40.7897729], [-73.9460054, 40.7897469], [-73.9460767, 40.7896489], [-73.9476875, 40.7903145], [-73.9472294, 40.7909395], [-73.946772, 40.7915695], [-73.9462791, 40.7922454], [-73.9457843, 40.7929214], [-73.9441827, 40.7922451]]]]}}, {"type": "Feature", "properties": {"felt:feature": 44, "ed_label": "AD 68 ED 045", "elect_dist": "68045", "borough": "Manhattan", "community_board": 11, "community_board_label": "Manhattan CB11", "popup_title": "Manhattan CB11 \u2014 AD 68 ED 045", "general_mayor": "ZOHRAN KWAME MAMDANI beat ANDREW M. CUOMO, 264 to 135, 58.9% to 30.1%; total votes 448.", "general_mayor_winner": "Mamdani", "general_public_advocate": "JUMAANE D. WILLIAMS beat GONZALO DURAN, 328 to 64, 81.6% to 15.9%; total votes 402.", "general_public_advocate_winner": "Williams", "general_comptroller": "MARK D. LEVINE beat PETER KEFALAS, 304 to 57, 77.7% to 14.6%; total votes 391.", "general_comptroller_winner": "Levine", "question_1": "Disapprove beat Approve, 214 to 132, 61.9% to 38.1%; total votes 346.", "question_1_winner": "No-disapprove!", "question_2": "Approve beat Disapprove, 258 to 95, 73.1% to 26.9%; total votes 353.", "question_2_winner": "Yes-approve!", "question_3": "Approve beat Disapprove, 211 to 134, 61.2% to 38.8%; total votes 345.", "question_3_winner": "Yes-approve!", "question_4": "Approve beat Disapprove, 241 to 97, 71.3% to 28.7%; total votes 338.", "question_4_winner": "Yes-approve!", "question_5": "Approve beat Disapprove, 244 to 87, 73.7% to 26.3%; total votes 331.", "question_5_winner": "Yes-approve!", "question_6": "Disapprove beat Approve, 176 to 161, 52.2% to 47.8%; total votes 337.", "question_6_winner": "No-disapprove!", "dem_primary_mayor": "Zohran Kwame Mamdani beat Andrew M. Cuomo, 105 to 97, 44.3% to 40.9%; total votes 237.", "dem_primary_mayor_winner": "Mamdani", "dem_primary_public_advocate": "Jumaane D. Williams beat Jenifer Rajkumar, 166 to 24, 80.6% to 11.7%; total votes 206.", "dem_primary_public_advocate_winner": "Williams", "dem_primary_comptroller": "Mark D. Levine beat Justin Brannan, 96 to 46, 46.8% to 22.4%; total votes 205.", "dem_primary_comptroller_winner": "Levine", "popup_summary": "Mayor: ZOHRAN KWAME MAMDANI beat ANDREW M. CUOMO, 264 to 135, 58.9% to 30.1%; total votes 448. | Public Advocate: JUMAANE D. WILLIAMS beat GONZALO DURAN, 328 to 64, 81.6% to 15.9%; total votes 402. | City Comptroller: MARK D. LEVINE beat PETER KEFALAS, 304 to 57, 77.7% to 14.6%; total votes 391. | Question 1: Disapprove beat Approve, 214 to 132, 61.9% to 38.1%; total votes 346. | Question 2: Approve beat Disapprove, 258 to 95, 73.1% to 26.9%; total votes 353. | Question 3: Approve beat Disapprove, 211 to 134, 61.2% to 38.8%; total votes 345. | Question 4: Approve beat Disapprove, 241 to 97, 71.3% to 28.7%; total votes 338. | Question 5: Approve beat Disapprove, 244 to 87, 73.7% to 26.3%; total votes 331. | Question 6: Disapprove beat Approve, 176 to 161, 52.2% to 47.8%; total votes 337. | Dem Primary Mayor: Zohran Kwame Mamdani beat Andrew M. Cuomo, 105 to 97, 44.3% to 40.9%; total votes 237. | Dem Primary Public Advocate: Jumaane D. Williams beat Jenifer Rajkumar, 166 to 24, 80.6% to 11.7%; total votes 206. | Dem Primary Comptroller: Mark D. Levine beat Justin Brannan, 96 to 46, 46.8% to 22.4%; total votes 205.", "mayor_margin": 28.8, "q2_yes": 73.1, "q3_yes": 61.2, "q4_yes": 71.3}, "geometry": {"type": "MultiPolygon", "coordinates": [[[[-73.9424346, 40.7906262], [-73.9429275, 40.7899487], [-73.9432329, 40.7895318], [-73.9432876, 40.7894569], [-73.943396, 40.7893088], [-73.9436893, 40.7889149], [-73.9437227, 40.7888701], [-73.9438597, 40.7886862], [-73.9441843, 40.788243], [-73.9442198, 40.7881945], [-73.9443215, 40.7880557], [-73.9452362, 40.7884408], [-73.9453328, 40.7884814], [-73.9455529, 40.7885741], [-73.9456353, 40.7886088], [-73.9457287, 40.7886483], [-73.9457943, 40.7886757], [-73.9461217, 40.7888135], [-73.9462131, 40.788852], [-73.9465556, 40.7889962], [-73.9464705, 40.7891121], [-73.9464302, 40.7891671], [-73.9460767, 40.7896489], [-73.9460054, 40.7897469], [-73.9459864, 40.7897729], [-73.9456335, 40.7902531], [-73.9451683, 40.790894], [-73.944676, 40.7915695], [-73.9436923, 40.7911548], [-73.9424346, 40.7906262]]]]}}, {"type": "Feature", "properties": {"felt:feature": 45, "ed_label": "AD 68 ED 046", "elect_dist": "68046", "borough": "Manhattan", "community_board": 11, "community_board_label": "Manhattan CB11", "popup_title": "Manhattan CB11 \u2014 AD 68 ED 046", "general_mayor": "ZOHRAN KWAME MAMDANI beat ANDREW M. CUOMO, 334 to 172, 62.3% to 32.1%; total votes 536.", "general_mayor_winner": "Mamdani", "general_public_advocate": "JUMAANE D. WILLIAMS beat GONZALO DURAN, 418 to 53, 87.3% to 11.1%; total votes 479.", "general_public_advocate_winner": "Williams", "general_comptroller": "MARK D. LEVINE beat PETER KEFALAS, 387 to 54, 83.6% to 11.7%; total votes 463.", "general_comptroller_winner": "Levine", "question_1": "Disapprove beat Approve, 256 to 185, 58.0% to 42.0%; total votes 441.", "question_1_winner": "No-disapprove!", "question_2": "Approve beat Disapprove, 331 to 119, 73.6% to 26.4%; total votes 450.", "question_2_winner": "Yes-approve!", "question_3": "Approve beat Disapprove, 297 to 143, 67.5% to 32.5%; total votes 440.", "question_3_winner": "Yes-approve!", "question_4": "Approve beat Disapprove, 321 to 124, 72.1% to 27.9%; total votes 445.", "question_4_winner": "Yes-approve!", "question_5": "Approve beat Disapprove, 340 to 99, 77.4% to 22.6%; total votes 439.", "question_5_winner": "Yes-approve!", "question_6": "Disapprove beat Approve, 227 to 218, 51.0% to 49.0%; total votes 445.", "question_6_winner": "No-disapprove!", "dem_primary_mayor": "Zohran Kwame Mamdani beat Andrew M. Cuomo, 142 to 106, 50.2% to 37.5%; total votes 283.", "dem_primary_mayor_winner": "Mamdani", "dem_primary_public_advocate": "Jumaane D. Williams beat Jenifer Rajkumar, 201 to 39, 77.3% to 15.0%; total votes 260.", "dem_primary_public_advocate_winner": "Williams", "dem_primary_comptroller": "Mark D. Levine beat Justin Brannan, 145 to 58, 55.3% to 22.1%; total votes 262.", "dem_primary_comptroller_winner": "Levine", "popup_summary": "Mayor: ZOHRAN KWAME MAMDANI beat ANDREW M. CUOMO, 334 to 172, 62.3% to 32.1%; total votes 536. | Public Advocate: JUMAANE D. WILLIAMS beat GONZALO DURAN, 418 to 53, 87.3% to 11.1%; total votes 479. | City Comptroller: MARK D. LEVINE beat PETER KEFALAS, 387 to 54, 83.6% to 11.7%; total votes 463. | Question 1: Disapprove beat Approve, 256 to 185, 58.0% to 42.0%; total votes 441. | Question 2: Approve beat Disapprove, 331 to 119, 73.6% to 26.4%; total votes 450. | Question 3: Approve beat Disapprove, 297 to 143, 67.5% to 32.5%; total votes 440. | Question 4: Approve beat Disapprove, 321 to 124, 72.1% to 27.9%; total votes 445. | Question 5: Approve beat Disapprove, 340 to 99, 77.4% to 22.6%; total votes 439. | Question 6: Disapprove beat Approve, 227 to 218, 51.0% to 49.0%; total votes 445. | Dem Primary Mayor: Zohran Kwame Mamdani beat Andrew M. Cuomo, 142 to 106, 50.2% to 37.5%; total votes 283. | Dem Primary Public Advocate: Jumaane D. Williams beat Jenifer Rajkumar, 201 to 39, 77.3% to 15.0%; total votes 260. | Dem Primary Comptroller: Mark D. Levine beat Justin Brannan, 145 to 58, 55.3% to 22.1%; total votes 262.", "mayor_margin": 30.2, "q2_yes": 73.6, "q3_yes": 67.5, "q4_yes": 72.1}, "geometry": {"type": "MultiPolygon", "coordinates": [[[[-73.9395893, 40.7902783], [-73.9400657, 40.7896254], [-73.9404753, 40.7890648], [-73.9405027, 40.7890274], [-73.9405596, 40.7889495], [-73.9410191, 40.7883194], [-73.943396, 40.7893088], [-73.9432876, 40.7894569], [-73.9432329, 40.7895318], [-73.9429275, 40.7899487], [-73.9424346, 40.7906262], [-73.9419938, 40.7904387], [-73.9417904, 40.7907215], [-73.9417784, 40.7907324], [-73.9417644, 40.7907419], [-73.9417486, 40.7907497], [-73.9417315, 40.7907556], [-73.9417134, 40.7907594], [-73.9416948, 40.7907611], [-73.941676, 40.7907607], [-73.9416575, 40.7907582], [-73.9415718, 40.7907808], [-73.9413916, 40.7910411], [-73.9409439, 40.7908639], [-73.9401567, 40.7905472], [-73.9395893, 40.7902783]]]]}}, {"type": "Feature", "properties": {"felt:feature": 46, "ed_label": "AD 68 ED 047", "elect_dist": "68047", "borough": "Manhattan", "community_board": 11, "community_board_label": "Manhattan CB11", "popup_title": "Manhattan CB11 \u2014 AD 68 ED 047", "general_mayor": "ZOHRAN KWAME MAMDANI beat ANDREW M. CUOMO, 333 to 223, 56.0% to 37.5%; total votes 595.", "general_mayor_winner": "Mamdani", "general_public_advocate": "JUMAANE D. WILLIAMS beat GONZALO DURAN, 445 to 68, 85.4% to 13.1%; total votes 521.", "general_public_advocate_winner": "Williams", "general_comptroller": "MARK D. LEVINE beat PETER KEFALAS, 424 to 65, 84.1% to 12.9%; total votes 504.", "general_comptroller_winner": "Levine", "question_1": "Disapprove beat Approve, 262 to 200, 56.7% to 43.3%; total votes 462.", "question_1_winner": "No-disapprove!", "question_2": "Approve beat Disapprove, 362 to 118, 75.4% to 24.6%; total votes 480.", "question_2_winner": "Yes-approve!", "question_3": "Approve beat Disapprove, 310 to 157, 66.4% to 33.6%; total votes 467.", "question_3_winner": "Yes-approve!", "question_4": "Approve beat Disapprove, 354 to 117, 75.2% to 24.8%; total votes 471.", "question_4_winner": "Yes-approve!", "question_5": "Approve beat Disapprove, 344 to 112, 75.4% to 24.6%; total votes 456.", "question_5_winner": "Yes-approve!", "question_6": "Disapprove beat Approve, 259 to 204, 55.9% to 44.1%; total votes 463.", "question_6_winner": "No-disapprove!", "dem_primary_mayor": "Andrew M. Cuomo beat Zohran Kwame Mamdani, 125 to 123, 43.0% to 42.3%; total votes 291.", "dem_primary_mayor_winner": "Cuomo", "dem_primary_public_advocate": "Jumaane D. Williams beat Jenifer Rajkumar, 190 to 43, 74.8% to 16.9%; total votes 254.", "dem_primary_public_advocate_winner": "Williams", "dem_primary_comptroller": "Mark D. Levine beat Justin Brannan, 140 to 59, 55.1% to 23.2%; total votes 254.", "dem_primary_comptroller_winner": "Levine", "popup_summary": "Mayor: ZOHRAN KWAME MAMDANI beat ANDREW M. CUOMO, 333 to 223, 56.0% to 37.5%; total votes 595. | Public Advocate: JUMAANE D. WILLIAMS beat GONZALO DURAN, 445 to 68, 85.4% to 13.1%; total votes 521. | City Comptroller: MARK D. LEVINE beat PETER KEFALAS, 424 to 65, 84.1% to 12.9%; total votes 504. | Question 1: Disapprove beat Approve, 262 to 200, 56.7% to 43.3%; total votes 462. | Question 2: Approve beat Disapprove, 362 to 118, 75.4% to 24.6%; total votes 480. | Question 3: Approve beat Disapprove, 310 to 157, 66.4% to 33.6%; total votes 467. | Question 4: Approve beat Disapprove, 354 to 117, 75.2% to 24.8%; total votes 471. | Question 5: Approve beat Disapprove, 344 to 112, 75.4% to 24.6%; total votes 456. | Question 6: Disapprove beat Approve, 259 to 204, 55.9% to 44.1%; total votes 463. | Dem Primary Mayor: Andrew M. Cuomo beat Zohran Kwame Mamdani, 125 to 123, 43.0% to 42.3%; total votes 291. | Dem Primary Public Advocate: Jumaane D. Williams beat Jenifer Rajkumar, 190 to 43, 74.8% to 16.9%; total votes 254. | Dem Primary Comptroller: Mark D. Levine beat Justin Brannan, 140 to 59, 55.1% to 23.2%; total votes 254.", "mayor_margin": 18.5, "q2_yes": 75.4, "q3_yes": 66.4, "q4_yes": 75.2}, "geometry": {"type": "MultiPolygon", "coordinates": [[[[-73.9410191, 40.7883194], [-73.940671, 40.7881654], [-73.9404302, 40.7882111], [-73.9403177, 40.7878865], [-73.9401291, 40.7879288], [-73.9399236, 40.7873133], [-73.9397215, 40.7872005], [-73.9398363, 40.7871782], [-73.9397582, 40.7869623], [-73.9404724, 40.7868107], [-73.9403211, 40.7863805], [-73.9403892, 40.7864093], [-73.9406311, 40.7865117], [-73.9410184, 40.7866757], [-73.9410928, 40.7867072], [-73.9411728, 40.786741], [-73.9413311, 40.786808], [-73.9413997, 40.7868371], [-73.9417037, 40.7869658], [-73.941774, 40.7869955], [-73.941853, 40.787029], [-73.9419374, 40.7870647], [-73.9428506, 40.7874443], [-73.9429212, 40.7874736], [-73.9435289, 40.7877262], [-73.943601, 40.7877562], [-73.943804, 40.7878406], [-73.9438821, 40.787873], [-73.9439529, 40.7879025], [-73.9440208, 40.7879307], [-73.944168, 40.7879919], [-73.9442415, 40.7880224], [-73.9443215, 40.7880557], [-73.9442198, 40.7881945], [-73.9441843, 40.788243], [-73.9438597, 40.7886862], [-73.9437227, 40.7888701], [-73.9436893, 40.7889149], [-73.943396, 40.7893088], [-73.9410191, 40.7883194]]]]}}, {"type": "Feature", "properties": {"felt:feature": 47, "ed_label": "AD 68 ED 048", "elect_dist": "68048", "borough": "Manhattan", "community_board": 11, "community_board_label": "Manhattan CB11", "popup_title": "Manhattan CB11 \u2014 AD 68 ED 048", "general_mayor": "ZOHRAN KWAME MAMDANI beat ANDREW M. CUOMO, 313 to 244, 52.3% to 40.8%; total votes 598.", "general_mayor_winner": "Mamdani", "general_public_advocate": "JUMAANE D. WILLIAMS beat GONZALO DURAN, 453 to 62, 86.3% to 11.8%; total votes 525.", "general_public_advocate_winner": "Williams", "general_comptroller": "MARK D. LEVINE beat PETER KEFALAS, 422 to 58, 84.4% to 11.6%; total votes 500.", "general_comptroller_winner": "Levine", "question_1": "Disapprove beat Approve, 271 to 217, 55.5% to 44.5%; total votes 488.", "question_1_winner": "No-disapprove!", "question_2": "Approve beat Disapprove, 368 to 134, 73.3% to 26.7%; total votes 502.", "question_2_winner": "Yes-approve!", "question_3": "Approve beat Disapprove, 315 to 168, 65.2% to 34.8%; total votes 483.", "question_3_winner": "Yes-approve!", "question_4": "Approve beat Disapprove, 339 to 151, 69.2% to 30.8%; total votes 490.", "question_4_winner": "Yes-approve!", "question_5": "Approve beat Disapprove, 335 to 138, 70.8% to 29.2%; total votes 473.", "question_5_winner": "Yes-approve!", "question_6": "Disapprove beat Approve, 281 to 188, 59.9% to 40.1%; total votes 469.", "question_6_winner": "No-disapprove!", "dem_primary_mayor": "Andrew M. Cuomo beat Zohran Kwame Mamdani, 172 to 107, 49.7% to 30.9%; total votes 346.", "dem_primary_mayor_winner": "Cuomo", "dem_primary_public_advocate": "Jumaane D. Williams beat Jenifer Rajkumar, 275 to 31, 84.9% to 9.6%; total votes 324.", "dem_primary_public_advocate_winner": "Williams", "dem_primary_comptroller": "Mark D. Levine beat Justin Brannan, 199 to 53, 63.6% to 16.9%; total votes 313.", "dem_primary_comptroller_winner": "Levine", "popup_summary": "Mayor: ZOHRAN KWAME MAMDANI beat ANDREW M. CUOMO, 313 to 244, 52.3% to 40.8%; total votes 598. | Public Advocate: JUMAANE D. WILLIAMS beat GONZALO DURAN, 453 to 62, 86.3% to 11.8%; total votes 525. | City Comptroller: MARK D. LEVINE beat PETER KEFALAS, 422 to 58, 84.4% to 11.6%; total votes 500. | Question 1: Disapprove beat Approve, 271 to 217, 55.5% to 44.5%; total votes 488. | Question 2: Approve beat Disapprove, 368 to 134, 73.3% to 26.7%; total votes 502. | Question 3: Approve beat Disapprove, 315 to 168, 65.2% to 34.8%; total votes 483. | Question 4: Approve beat Disapprove, 339 to 151, 69.2% to 30.8%; total votes 490. | Question 5: Approve beat Disapprove, 335 to 138, 70.8% to 29.2%; total votes 473. | Question 6: Disapprove beat Approve, 281 to 188, 59.9% to 40.1%; total votes 469. | Dem Primary Mayor: Andrew M. Cuomo beat Zohran Kwame Mamdani, 172 to 107, 49.7% to 30.9%; total votes 346. | Dem Primary Public Advocate: Jumaane D. Williams beat Jenifer Rajkumar, 275 to 31, 84.9% to 9.6%; total votes 324. | Dem Primary Comptroller: Mark D. Levine beat Justin Brannan, 199 to 53, 63.6% to 16.9%; total votes 313.", "mayor_margin": 11.5, "q2_yes": 73.3, "q3_yes": 65.2, "q4_yes": 69.2}, "geometry": {"type": "MultiPolygon", "coordinates": [[[[-73.9360131, 40.7912607], [-73.9359551, 40.7912349], [-73.9358972, 40.7912091], [-73.9358455, 40.7911196], [-73.9358311, 40.7910947], [-73.9360239, 40.7908291], [-73.9363201, 40.790426], [-73.936693, 40.789913], [-73.9370617, 40.7894136], [-73.937053, 40.7894064], [-73.937081, 40.7893664], [-73.9370725, 40.7893458], [-73.9370148, 40.7893213], [-73.9361407, 40.7889491], [-73.9361284, 40.7889385], [-73.9361269, 40.7889269], [-73.9362186, 40.7888005], [-73.9362275, 40.7887956], [-73.936243, 40.7887958], [-73.9371497, 40.7891684], [-73.9372289, 40.7889963], [-73.9373979, 40.7886217], [-73.9374168, 40.7885798], [-73.9375499, 40.7882837], [-73.9376348, 40.7880942], [-73.9376867, 40.7879736], [-73.9376956, 40.7879573], [-73.9377412, 40.7878539], [-73.9377736, 40.7877834], [-73.9378042, 40.7877955], [-73.9379629, 40.7878587], [-73.9380207, 40.7878787], [-73.938084, 40.7879069], [-73.9377698, 40.7886086], [-73.9377472, 40.7886593], [-73.9374114, 40.7894012], [-73.9375314, 40.7894436], [-73.9395893, 40.7902783], [-73.939132, 40.790905], [-73.9386488, 40.7915578], [-73.9370951, 40.790906], [-73.9366261, 40.7907018], [-73.9365244, 40.7906592], [-73.9360131, 40.7912607]]]]}}, {"type": "Feature", "properties": {"felt:feature": 48, "ed_label": "AD 68 ED 049", "elect_dist": "68049", "borough": "Manhattan", "community_board": 11, "community_board_label": "Manhattan CB11", "popup_title": "Manhattan CB11 \u2014 AD 68 ED 049", "general_mayor": "ZOHRAN KWAME MAMDANI beat ANDREW M. CUOMO, 133 to 74, 61.0% to 33.9%; total votes 218.", "general_mayor_winner": "Mamdani", "general_public_advocate": "JUMAANE D. WILLIAMS beat GONZALO DURAN, 185 to 13, 93.4% to 6.6%; total votes 198.", "general_public_advocate_winner": "Williams", "general_comptroller": "MARK D. LEVINE beat PETER KEFALAS, 169 to 13, 89.9% to 6.9%; total votes 188.", "general_comptroller_winner": "Levine", "question_1": "Approve beat Disapprove, 97 to 84, 53.6% to 46.4%; total votes 181.", "question_1_winner": "Yes-approve!", "question_2": "Approve beat Disapprove, 130 to 54, 70.7% to 29.3%; total votes 184.", "question_2_winner": "Yes-approve!", "question_3": "Approve beat Disapprove, 109 to 74, 59.6% to 40.4%; total votes 183.", "question_3_winner": "Yes-approve!", "question_4": "Approve beat Disapprove, 122 to 59, 67.4% to 32.6%; total votes 181.", "question_4_winner": "Yes-approve!", "question_5": "Approve beat Disapprove, 131 to 53, 71.2% to 28.8%; total votes 184.", "question_5_winner": "Yes-approve!", "question_6": "Disapprove beat Approve, 95 to 80, 54.3% to 45.7%; total votes 175.", "question_6_winner": "No-disapprove!", "dem_primary_mayor": "Zohran Kwame Mamdani beat Andrew M. Cuomo, 66 to 52, 51.2% to 40.3%; total votes 129.", "dem_primary_mayor_winner": "Mamdani", "dem_primary_public_advocate": "Jumaane D. Williams beat Jenifer Rajkumar, 90 to 17, 79.6% to 15.0%; total votes 113.", "dem_primary_public_advocate_winner": "Williams", "dem_primary_comptroller": "Mark D. Levine beat Ismael Malave Perez, 58 to 24, 50.4% to 20.9%; total votes 115.", "dem_primary_comptroller_winner": "Levine", "popup_summary": "Mayor: ZOHRAN KWAME MAMDANI beat ANDREW M. CUOMO, 133 to 74, 61.0% to 33.9%; total votes 218. | Public Advocate: JUMAANE D. WILLIAMS beat GONZALO DURAN, 185 to 13, 93.4% to 6.6%; total votes 198. | City Comptroller: MARK D. LEVINE beat PETER KEFALAS, 169 to 13, 89.9% to 6.9%; total votes 188. | Question 1: Approve beat Disapprove, 97 to 84, 53.6% to 46.4%; total votes 181. | Question 2: Approve beat Disapprove, 130 to 54, 70.7% to 29.3%; total votes 184. | Question 3: Approve beat Disapprove, 109 to 74, 59.6% to 40.4%; total votes 183. | Question 4: Approve beat Disapprove, 122 to 59, 67.4% to 32.6%; total votes 181. | Question 5: Approve beat Disapprove, 131 to 53, 71.2% to 28.8%; total votes 184. | Question 6: Disapprove beat Approve, 95 to 80, 54.3% to 45.7%; total votes 175. | Dem Primary Mayor: Zohran Kwame Mamdani beat Andrew M. Cuomo, 66 to 52, 51.2% to 40.3%; total votes 129. | Dem Primary Public Advocate: Jumaane D. Williams beat Jenifer Rajkumar, 90 to 17, 79.6% to 15.0%; total votes 113. | Dem Primary Comptroller: Mark D. Levine beat Ismael Malave Perez, 58 to 24, 50.4% to 20.9%; total votes 115.", "mayor_margin": 27.1, "q2_yes": 70.7, "q3_yes": 59.6, "q4_yes": 67.4}, "geometry": {"type": "MultiPolygon", "coordinates": [[[[-73.938084, 40.7879069], [-73.9381839, 40.7879513], [-73.9386312, 40.7881393], [-73.9387293, 40.7881805], [-73.939052, 40.788316], [-73.9391937, 40.7883756], [-73.9392749, 40.7884097], [-73.9394282, 40.7884741], [-73.939598, 40.7885454], [-73.9396898, 40.788584], [-73.9397653, 40.7886158], [-73.9399309, 40.7886853], [-73.9400944, 40.788754], [-73.9401748, 40.7887878], [-73.9402512, 40.7888199], [-73.9403251, 40.7888509], [-73.940403, 40.7888837], [-73.9405596, 40.7889495], [-73.9405027, 40.7890274], [-73.9404753, 40.7890648], [-73.9400657, 40.7896254], [-73.9395893, 40.7902783], [-73.9375314, 40.7894436], [-73.9374114, 40.7894012], [-73.9377472, 40.7886593], [-73.9377698, 40.7886086], [-73.938084, 40.7879069]]]]}}, {"type": "Feature", "properties": {"felt:feature": 49, "ed_label": "AD 68 ED 050", "elect_dist": "68050", "borough": "Manhattan", "community_board": 11, "community_board_label": "Manhattan CB11", "popup_title": "Manhattan CB11 \u2014 AD 68 ED 050", "general_mayor": "ZOHRAN KWAME MAMDANI beat ANDREW M. CUOMO, 105 to 85, 50.0% to 40.5%; total votes 210.", "general_mayor_winner": "Mamdani", "general_public_advocate": "JUMAANE D. WILLIAMS beat GONZALO DURAN, 152 to 31, 81.3% to 16.6%; total votes 187.", "general_public_advocate_winner": "Williams", "general_comptroller": "MARK D. LEVINE beat PETER KEFALAS, 147 to 25, 80.3% to 13.7%; total votes 183.", "general_comptroller_winner": "Levine", "question_1": "Disapprove beat Approve, 85 to 69, 55.2% to 44.8%; total votes 154.", "question_1_winner": "No-disapprove!", "question_2": "Approve beat Disapprove, 121 to 43, 73.8% to 26.2%; total votes 164.", "question_2_winner": "Yes-approve!", "question_3": "Approve beat Disapprove, 99 to 58, 63.1% to 36.9%; total votes 157.", "question_3_winner": "Yes-approve!", "question_4": "Approve beat Disapprove, 115 to 40, 74.2% to 25.8%; total votes 155.", "question_4_winner": "Yes-approve!", "question_5": "Approve beat Disapprove, 98 to 58, 62.8% to 37.2%; total votes 156.", "question_5_winner": "Yes-approve!", "question_6": "Disapprove beat Approve, 95 to 62, 60.5% to 39.5%; total votes 157.", "question_6_winner": "No-disapprove!", "dem_primary_mayor": "Andrew M. Cuomo beat Zohran Kwame Mamdani, 50 to 27, 49.5% to 26.7%; total votes 101.", "dem_primary_mayor_winner": "Cuomo", "dem_primary_public_advocate": "Jumaane D. Williams beat Jenifer Rajkumar, 66 to 12, 77.6% to 14.1%; total votes 85.", "dem_primary_public_advocate_winner": "Williams", "dem_primary_comptroller": "Mark D. Levine beat Ismael Malave Perez, 49 to 18, 56.3% to 20.7%; total votes 87.", "dem_primary_comptroller_winner": "Levine", "popup_summary": "Mayor: ZOHRAN KWAME MAMDANI beat ANDREW M. CUOMO, 105 to 85, 50.0% to 40.5%; total votes 210. | Public Advocate: JUMAANE D. WILLIAMS beat GONZALO DURAN, 152 to 31, 81.3% to 16.6%; total votes 187. | City Comptroller: MARK D. LEVINE beat PETER KEFALAS, 147 to 25, 80.3% to 13.7%; total votes 183. | Question 1: Disapprove beat Approve, 85 to 69, 55.2% to 44.8%; total votes 154. | Question 2: Approve beat Disapprove, 121 to 43, 73.8% to 26.2%; total votes 164. | Question 3: Approve beat Disapprove, 99 to 58, 63.1% to 36.9%; total votes 157. | Question 4: Approve beat Disapprove, 115 to 40, 74.2% to 25.8%; total votes 155. | Question 5: Approve beat Disapprove, 98 to 58, 62.8% to 37.2%; total votes 156. | Question 6: Disapprove beat Approve, 95 to 62, 60.5% to 39.5%; total votes 157. | Dem Primary Mayor: Andrew M. Cuomo beat Zohran Kwame Mamdani, 50 to 27, 49.5% to 26.7%; total votes 101. | Dem Primary Public Advocate: Jumaane D. Williams beat Jenifer Rajkumar, 66 to 12, 77.6% to 14.1%; total votes 85. | Dem Primary Comptroller: Mark D. Levine beat Ismael Malave Perez, 49 to 18, 56.3% to 20.7%; total votes 87.", "mayor_margin": 9.5, "q2_yes": 73.8, "q3_yes": 63.1, "q4_yes": 74.2}, "geometry": {"type": "MultiPolygon", "coordinates": [[[[-73.938084, 40.7879069], [-73.9380207, 40.7878787], [-73.9379629, 40.7878587], [-73.9378042, 40.7877955], [-73.9377736, 40.7877834], [-73.9378172, 40.7876885], [-73.9379477, 40.7874773], [-73.9379459, 40.7874692], [-73.9379593, 40.7874563], [-73.9379718, 40.7874319], [-73.9381157, 40.7871848], [-73.9381336, 40.7871658], [-73.9381943, 40.7870973], [-73.9382452, 40.7870411], [-73.9385394, 40.7867108], [-73.9392664, 40.7858888], [-73.9392943, 40.7859076], [-73.9393498, 40.7859342], [-73.9394271, 40.78598], [-73.939481, 40.786007], [-73.9395354, 40.786034], [-73.9396579, 40.7860998], [-73.9399305, 40.7862152], [-73.9401532, 40.7863094], [-73.9403211, 40.7863805], [-73.9404724, 40.7868107], [-73.9397582, 40.7869623], [-73.9398363, 40.7871782], [-73.9397215, 40.7872005], [-73.9399236, 40.7873133], [-73.9401291, 40.7879288], [-73.9403177, 40.7878865], [-73.9404302, 40.7882111], [-73.940671, 40.7881654], [-73.9410191, 40.7883194], [-73.9405596, 40.7889495], [-73.940403, 40.7888837], [-73.9403251, 40.7888509], [-73.9402512, 40.7888199], [-73.9401748, 40.7887878], [-73.9400944, 40.788754], [-73.9399309, 40.7886853], [-73.9397653, 40.7886158], [-73.9396898, 40.788584], [-73.939598, 40.7885454], [-73.9394282, 40.7884741], [-73.9392749, 40.7884097], [-73.9391937, 40.7883756], [-73.939052, 40.788316], [-73.9387293, 40.7881805], [-73.9386312, 40.7881393], [-73.9381839, 40.7879513], [-73.938084, 40.7879069]]]]}}, {"type": "Feature", "properties": {"felt:feature": 50, "ed_label": "AD 68 ED 051", "elect_dist": "68051", "borough": "Manhattan", "community_board": 11, "community_board_label": "Manhattan CB11", "popup_title": "Manhattan CB11 \u2014 AD 68 ED 051", "general_mayor": "ANDREW M. CUOMO beat ZOHRAN KWAME MAMDANI, 288 to 270, 49.1% to 46.1%; total votes 586.", "general_mayor_winner": "Cuomo", "general_public_advocate": "JUMAANE D. WILLIAMS beat GONZALO DURAN, 414 to 110, 76.2% to 20.3%; total votes 543.", "general_public_advocate_winner": "Williams", "general_comptroller": "MARK D. LEVINE beat PETER KEFALAS, 419 to 92, 80.3% to 17.6%; total votes 522.", "general_comptroller_winner": "Levine", "question_1": "Approve beat Disapprove, 268 to 226, 54.3% to 45.7%; total votes 494.", "question_1_winner": "Yes-approve!", "question_2": "Approve beat Disapprove, 365 to 152, 70.6% to 29.4%; total votes 517.", "question_2_winner": "Yes-approve!", "question_3": "Approve beat Disapprove, 334 to 173, 65.9% to 34.1%; total votes 507.", "question_3_winner": "Yes-approve!", "question_4": "Approve beat Disapprove, 340 to 162, 67.7% to 32.3%; total votes 502.", "question_4_winner": "Yes-approve!", "question_5": "Approve beat Disapprove, 398 to 102, 79.6% to 20.4%; total votes 500.", "question_5_winner": "Yes-approve!", "question_6": "Approve beat Disapprove, 267 to 239, 52.8% to 47.2%; total votes 506.", "question_6_winner": "Yes-approve!", "dem_primary_mayor": "Andrew M. Cuomo beat Zohran Kwame Mamdani, 164 to 89, 50.9% to 27.6%; total votes 322.", "dem_primary_mayor_winner": "Cuomo", "dem_primary_public_advocate": "Jumaane D. Williams beat Marty Dolan, 181 to 46, 66.8% to 17.0%; total votes 271.", "dem_primary_public_advocate_winner": "Williams", "dem_primary_comptroller": "Mark D. Levine beat Justin Brannan, 172 to 46, 62.5% to 16.7%; total votes 275.", "dem_primary_comptroller_winner": "Levine", "popup_summary": "Mayor: ANDREW M. CUOMO beat ZOHRAN KWAME MAMDANI, 288 to 270, 49.1% to 46.1%; total votes 586. | Public Advocate: JUMAANE D. WILLIAMS beat GONZALO DURAN, 414 to 110, 76.2% to 20.3%; total votes 543. | City Comptroller: MARK D. LEVINE beat PETER KEFALAS, 419 to 92, 80.3% to 17.6%; total votes 522. | Question 1: Approve beat Disapprove, 268 to 226, 54.3% to 45.7%; total votes 494. | Question 2: Approve beat Disapprove, 365 to 152, 70.6% to 29.4%; total votes 517. | Question 3: Approve beat Disapprove, 334 to 173, 65.9% to 34.1%; total votes 507. | Question 4: Approve beat Disapprove, 340 to 162, 67.7% to 32.3%; total votes 502. | Question 5: Approve beat Disapprove, 398 to 102, 79.6% to 20.4%; total votes 500. | Question 6: Approve beat Disapprove, 267 to 239, 52.8% to 47.2%; total votes 506. | Dem Primary Mayor: Andrew M. Cuomo beat Zohran Kwame Mamdani, 164 to 89, 50.9% to 27.6%; total votes 322. | Dem Primary Public Advocate: Jumaane D. Williams beat Marty Dolan, 181 to 46, 66.8% to 17.0%; total votes 271. | Dem Primary Comptroller: Mark D. Levine beat Justin Brannan, 172 to 46, 62.5% to 16.7%; total votes 275.", "mayor_margin": 3.0, "q2_yes": 70.6, "q3_yes": 65.9, "q4_yes": 67.7}, "geometry": {"type": "MultiPolygon", "coordinates": [[[[-73.9513712, 40.7910491], [-73.9512876, 40.7910138], [-73.9508931, 40.7908471], [-73.9508243, 40.7908181], [-73.9505561, 40.7907048], [-73.950473, 40.7906697], [-73.9498947, 40.7904254], [-73.9497657, 40.7903713], [-73.9502287, 40.7897418], [-73.9504177, 40.7894681], [-73.9504672, 40.7893996], [-73.9505122, 40.7893372], [-73.9505622, 40.789268], [-73.9506762, 40.7891101], [-73.9511314, 40.7884794], [-73.9516051, 40.7878566], [-73.9517318, 40.7879098], [-73.9527868, 40.7883545], [-73.9532101, 40.7885329], [-73.9548172, 40.7892047], [-73.9543992, 40.7897749], [-73.9538892, 40.7904705], [-73.9534368, 40.7910851], [-73.9531604, 40.7914669], [-73.9530983, 40.7915528], [-73.9529774, 40.7917197], [-73.9513712, 40.7910491]]]]}}, {"type": "Feature", "properties": {"felt:feature": 51, "ed_label": "AD 68 ED 052", "elect_dist": "68052", "borough": "Manhattan", "community_board": 11, "community_board_label": "Manhattan CB11", "popup_title": "Manhattan CB11 \u2014 AD 68 ED 052", "general_mayor": "ANDREW M. CUOMO beat ZOHRAN KWAME MAMDANI, 401 to 263, 59.0% to 38.7%; total votes 680.", "general_mayor_winner": "Cuomo", "general_public_advocate": "JUMAANE D. WILLIAMS beat GONZALO DURAN, 417 to 185, 65.4% to 29.0%; total votes 638.", "general_public_advocate_winner": "Williams", "general_comptroller": "MARK D. LEVINE beat PETER KEFALAS, 459 to 174, 71.9% to 27.3%; total votes 638.", "general_comptroller_winner": "Levine", "question_1": "Approve beat Disapprove, 333 to 272, 55.0% to 45.0%; total votes 605.", "question_1_winner": "Yes-approve!", "question_2": "Approve beat Disapprove, 356 to 248, 58.9% to 41.1%; total votes 604.", "question_2_winner": "Yes-approve!", "question_3": "Approve beat Disapprove, 382 to 221, 63.4% to 36.6%; total votes 603.", "question_3_winner": "Yes-approve!", "question_4": "Approve beat Disapprove, 335 to 257, 56.6% to 43.4%; total votes 592.", "question_4_winner": "Yes-approve!", "question_5": "Approve beat Disapprove, 520 to 87, 85.7% to 14.3%; total votes 607.", "question_5_winner": "Yes-approve!", "question_6": "Approve beat Disapprove, 378 to 226, 62.6% to 37.4%; total votes 604.", "question_6_winner": "Yes-approve!", "dem_primary_mayor": "Andrew M. Cuomo beat Zohran Kwame Mamdani, 145 to 83, 41.0% to 23.4%; total votes 354.", "dem_primary_mayor_winner": "Cuomo", "dem_primary_public_advocate": "Jumaane D. Williams beat Jenifer Rajkumar, 169 to 78, 56.0% to 25.8%; total votes 302.", "dem_primary_public_advocate_winner": "Williams", "dem_primary_comptroller": "Mark D. Levine beat Justin Brannan, 228 to 64, 74.0% to 20.8%; total votes 308.", "dem_primary_comptroller_winner": "Levine", "popup_summary": "Mayor: ANDREW M. CUOMO beat ZOHRAN KWAME MAMDANI, 401 to 263, 59.0% to 38.7%; total votes 680. | Public Advocate: JUMAANE D. WILLIAMS beat GONZALO DURAN, 417 to 185, 65.4% to 29.0%; total votes 638. | City Comptroller: MARK D. LEVINE beat PETER KEFALAS, 459 to 174, 71.9% to 27.3%; total votes 638. | Question 1: Approve beat Disapprove, 333 to 272, 55.0% to 45.0%; total votes 605. | Question 2: Approve beat Disapprove, 356 to 248, 58.9% to 41.1%; total votes 604. | Question 3: Approve beat Disapprove, 382 to 221, 63.4% to 36.6%; total votes 603. | Question 4: Approve beat Disapprove, 335 to 257, 56.6% to 43.4%; total votes 592. | Question 5: Approve beat Disapprove, 520 to 87, 85.7% to 14.3%; total votes 607. | Question 6: Approve beat Disapprove, 378 to 226, 62.6% to 37.4%; total votes 604. | Dem Primary Mayor: Andrew M. Cuomo beat Zohran Kwame Mamdani, 145 to 83, 41.0% to 23.4%; total votes 354. | Dem Primary Public Advocate: Jumaane D. Williams beat Jenifer Rajkumar, 169 to 78, 56.0% to 25.8%; total votes 302. | Dem Primary Comptroller: Mark D. Levine beat Justin Brannan, 228 to 64, 74.0% to 20.8%; total votes 308.", "mayor_margin": 20.3, "q2_yes": 58.9, "q3_yes": 63.4, "q4_yes": 56.6}, "geometry": {"type": "MultiPolygon", "coordinates": [[[[-73.9532101, 40.7885329], [-73.9536686, 40.7878997], [-73.9537722, 40.787764], [-73.9538227, 40.787695], [-73.9541648, 40.7872276], [-73.9557774, 40.7879139], [-73.9552823, 40.7885845], [-73.9551042, 40.7888221], [-73.9548172, 40.7892047], [-73.9532101, 40.7885329]]]]}}, {"type": "Feature", "properties": {"felt:feature": 52, "ed_label": "AD 68 ED 053", "elect_dist": "68053", "borough": "Manhattan", "community_board": 11, "community_board_label": "Manhattan CB11", "popup_title": "Manhattan CB11 \u2014 AD 68 ED 053", "general_mayor": "ZOHRAN KWAME MAMDANI beat ANDREW M. CUOMO, 309 to 145, 64.6% to 30.3%; total votes 478.", "general_mayor_winner": "Mamdani", "general_public_advocate": "JUMAANE D. WILLIAMS beat GONZALO DURAN, 362 to 77, 81.0% to 17.2%; total votes 447.", "general_public_advocate_winner": "Williams", "general_comptroller": "MARK D. LEVINE beat PETER KEFALAS, 370 to 69, 83.5% to 15.6%; total votes 443.", "general_comptroller_winner": "Levine", "question_1": "Disapprove beat Approve, 235 to 196, 54.5% to 45.5%; total votes 431.", "question_1_winner": "No-disapprove!", "question_2": "Approve beat Disapprove, 286 to 152, 65.3% to 34.7%; total votes 438.", "question_2_winner": "Yes-approve!", "question_3": "Approve beat Disapprove, 265 to 168, 61.2% to 38.8%; total votes 433.", "question_3_winner": "Yes-approve!", "question_4": "Approve beat Disapprove, 262 to 171, 60.5% to 39.5%; total votes 433.", "question_4_winner": "Yes-approve!", "question_5": "Approve beat Disapprove, 382 to 55, 87.4% to 12.6%; total votes 437.", "question_5_winner": "Yes-approve!", "question_6": "Approve beat Disapprove, 258 to 177, 59.3% to 40.7%; total votes 435.", "question_6_winner": "Yes-approve!", "dem_primary_mayor": "Zohran Kwame Mamdani beat Andrew M. Cuomo, 169 to 63, 56.5% to 21.1%; total votes 299.", "dem_primary_mayor_winner": "Mamdani", "dem_primary_public_advocate": "Jumaane D. Williams beat Jenifer Rajkumar, 184 to 54, 72.4% to 21.3%; total votes 254.", "dem_primary_public_advocate_winner": "Williams", "dem_primary_comptroller": "Mark D. Levine beat Justin Brannan, 132 to 86, 51.6% to 33.6%; total votes 256.", "dem_primary_comptroller_winner": "Levine", "popup_summary": "Mayor: ZOHRAN KWAME MAMDANI beat ANDREW M. CUOMO, 309 to 145, 64.6% to 30.3%; total votes 478. | Public Advocate: JUMAANE D. WILLIAMS beat GONZALO DURAN, 362 to 77, 81.0% to 17.2%; total votes 447. | City Comptroller: MARK D. LEVINE beat PETER KEFALAS, 370 to 69, 83.5% to 15.6%; total votes 443. | Question 1: Disapprove beat Approve, 235 to 196, 54.5% to 45.5%; total votes 431. | Question 2: Approve beat Disapprove, 286 to 152, 65.3% to 34.7%; total votes 438. | Question 3: Approve beat Disapprove, 265 to 168, 61.2% to 38.8%; total votes 433. | Question 4: Approve beat Disapprove, 262 to 171, 60.5% to 39.5%; total votes 433. | Question 5: Approve beat Disapprove, 382 to 55, 87.4% to 12.6%; total votes 437. | Question 6: Approve beat Disapprove, 258 to 177, 59.3% to 40.7%; total votes 435. | Dem Primary Mayor: Zohran Kwame Mamdani beat Andrew M. Cuomo, 169 to 63, 56.5% to 21.1%; total votes 299. | Dem Primary Public Advocate: Jumaane D. Williams beat Jenifer Rajkumar, 184 to 54, 72.4% to 21.3%; total votes 254. | Dem Primary Comptroller: Mark D. Levine beat Justin Brannan, 132 to 86, 51.6% to 33.6%; total votes 256.", "mayor_margin": 34.3, "q2_yes": 65.3, "q3_yes": 61.2, "q4_yes": 60.5}, "geometry": {"type": "MultiPolygon", "coordinates": [[[[-73.9516051, 40.7878566], [-73.951833, 40.7875402], [-73.9520579, 40.7872219], [-73.952292, 40.7869025], [-73.9525515, 40.7865486], [-73.9526614, 40.786595], [-73.9534165, 40.7869126], [-73.9537135, 40.7870376], [-73.9541648, 40.7872276], [-73.9538227, 40.787695], [-73.9537722, 40.787764], [-73.9536686, 40.7878997], [-73.9532101, 40.7885329], [-73.9527868, 40.7883545], [-73.9517318, 40.7879098], [-73.9516051, 40.7878566]]]]}}, {"type": "Feature", "properties": {"felt:feature": 53, "ed_label": "AD 68 ED 056", "elect_dist": "68056", "borough": "Manhattan", "community_board": 11, "community_board_label": "Manhattan CB11", "popup_title": "Manhattan CB11 \u2014 AD 68 ED 056", "general_mayor": "ZOHRAN KWAME MAMDANI beat ANDREW M. CUOMO, 228 to 90, 67.3% to 26.5%; total votes 339.", "general_mayor_winner": "Mamdani", "general_public_advocate": "JUMAANE D. WILLIAMS beat GONZALO DURAN, 270 to 31, 88.5% to 10.2%; total votes 305.", "general_public_advocate_winner": "Williams", "general_comptroller": "MARK D. LEVINE beat PETER KEFALAS, 256 to 30, 86.2% to 10.1%; total votes 297.", "general_comptroller_winner": "Levine", "question_1": "Disapprove beat Approve, 161 to 101, 61.5% to 38.5%; total votes 262.", "question_1_winner": "No-disapprove!", "question_2": "Approve beat Disapprove, 186 to 85, 68.6% to 31.4%; total votes 271.", "question_2_winner": "Yes-approve!", "question_3": "Approve beat Disapprove, 166 to 101, 62.2% to 37.8%; total votes 267.", "question_3_winner": "Yes-approve!", "question_4": "Approve beat Disapprove, 179 to 87, 67.3% to 32.7%; total votes 266.", "question_4_winner": "Yes-approve!", "question_5": "Approve beat Disapprove, 200 to 65, 75.5% to 24.5%; total votes 265.", "question_5_winner": "Yes-approve!", "question_6": "Disapprove beat Approve, 134 to 132, 50.4% to 49.6%; total votes 266.", "question_6_winner": "No-disapprove!", "dem_primary_mayor": "Zohran Kwame Mamdani beat Andrew M. Cuomo, 88 to 52, 50.9% to 30.1%; total votes 173.", "dem_primary_mayor_winner": "Mamdani", "dem_primary_public_advocate": "Jumaane D. Williams beat Jenifer Rajkumar, 123 to 20, 80.9% to 13.2%; total votes 152.", "dem_primary_public_advocate_winner": "Williams", "dem_primary_comptroller": "Mark D. Levine beat Justin Brannan, 75 to 44, 47.5% to 27.8%; total votes 158.", "dem_primary_comptroller_winner": "Levine", "popup_summary": "Mayor: ZOHRAN KWAME MAMDANI beat ANDREW M. CUOMO, 228 to 90, 67.3% to 26.5%; total votes 339. | Public Advocate: JUMAANE D. WILLIAMS beat GONZALO DURAN, 270 to 31, 88.5% to 10.2%; total votes 305. | City Comptroller: MARK D. LEVINE beat PETER KEFALAS, 256 to 30, 86.2% to 10.1%; total votes 297. | Question 1: Disapprove beat Approve, 161 to 101, 61.5% to 38.5%; total votes 262. | Question 2: Approve beat Disapprove, 186 to 85, 68.6% to 31.4%; total votes 271. | Question 3: Approve beat Disapprove, 166 to 101, 62.2% to 37.8%; total votes 267. | Question 4: Approve beat Disapprove, 179 to 87, 67.3% to 32.7%; total votes 266. | Question 5: Approve beat Disapprove, 200 to 65, 75.5% to 24.5%; total votes 265. | Question 6: Disapprove beat Approve, 134 to 132, 50.4% to 49.6%; total votes 266. | Dem Primary Mayor: Zohran Kwame Mamdani beat Andrew M. Cuomo, 88 to 52, 50.9% to 30.1%; total votes 173. | Dem Primary Public Advocate: Jumaane D. Williams beat Jenifer Rajkumar, 123 to 20, 80.9% to 13.2%; total votes 152. | Dem Primary Comptroller: Mark D. Levine beat Justin Brannan, 75 to 44, 47.5% to 27.8%; total votes 158.", "mayor_margin": 40.8, "q2_yes": 68.6, "q3_yes": 62.2, "q4_yes": 67.3}, "geometry": {"type": "MultiPolygon", "coordinates": [[[[-73.9479244, 40.7871206], [-73.9480675, 40.7869199], [-73.9482564, 40.7866549], [-73.9482927, 40.7866039], [-73.9483323, 40.7865484], [-73.9483952, 40.7864602], [-73.9486924, 40.7865938], [-73.9488696, 40.7866734], [-73.9499805, 40.7871727], [-73.9510323, 40.7876161], [-73.9510977, 40.7876437], [-73.9514537, 40.7877938], [-73.9516051, 40.7878566], [-73.9511314, 40.7884794], [-73.9506762, 40.7891101], [-73.9505564, 40.7890615], [-73.9490631, 40.7884295], [-73.9474609, 40.7877532], [-73.9479244, 40.7871206]]]]}}, {"type": "Feature", "properties": {"felt:feature": 54, "ed_label": "AD 68 ED 057", "elect_dist": "68057", "borough": "Manhattan", "community_board": 11, "community_board_label": "Manhattan CB11", "popup_title": "Manhattan CB11 \u2014 AD 68 ED 057", "general_mayor": "ZOHRAN KWAME MAMDANI beat ANDREW M. CUOMO, 271 to 108, 69.3% to 27.6%; total votes 391.", "general_mayor_winner": "Mamdani", "general_public_advocate": "JUMAANE D. WILLIAMS beat GONZALO DURAN, 321 to 35, 88.9% to 9.7%; total votes 361.", "general_public_advocate_winner": "Williams", "general_comptroller": "MARK D. LEVINE beat PETER KEFALAS, 300 to 32, 85.7% to 9.1%; total votes 350.", "general_comptroller_winner": "Levine", "question_1": "Disapprove beat Approve, 177 to 136, 56.5% to 43.5%; total votes 313.", "question_1_winner": "No-disapprove!", "question_2": "Approve beat Disapprove, 235 to 86, 73.2% to 26.8%; total votes 321.", "question_2_winner": "Yes-approve!", "question_3": "Approve beat Disapprove, 203 to 117, 63.4% to 36.6%; total votes 320.", "question_3_winner": "Yes-approve!", "question_4": "Approve beat Disapprove, 224 to 90, 71.3% to 28.7%; total votes 314.", "question_4_winner": "Yes-approve!", "question_5": "Approve beat Disapprove, 237 to 74, 76.2% to 23.8%; total votes 311.", "question_5_winner": "Yes-approve!", "question_6": "Approve beat Disapprove, 166 to 147, 53.0% to 47.0%; total votes 313.", "question_6_winner": "Yes-approve!", "dem_primary_mayor": "Zohran Kwame Mamdani beat Andrew M. Cuomo, 123 to 60, 55.7% to 27.1%; total votes 221.", "dem_primary_mayor_winner": "Mamdani", "dem_primary_public_advocate": "Jumaane D. Williams beat Jenifer Rajkumar, 132 to 46, 66.7% to 23.2%; total votes 198.", "dem_primary_public_advocate_winner": "Williams", "dem_primary_comptroller": "Mark D. Levine beat Justin Brannan, 91 to 62, 45.5% to 31.0%; total votes 200.", "dem_primary_comptroller_winner": "Levine", "popup_summary": "Mayor: ZOHRAN KWAME MAMDANI beat ANDREW M. CUOMO, 271 to 108, 69.3% to 27.6%; total votes 391. | Public Advocate: JUMAANE D. WILLIAMS beat GONZALO DURAN, 321 to 35, 88.9% to 9.7%; total votes 361. | City Comptroller: MARK D. LEVINE beat PETER KEFALAS, 300 to 32, 85.7% to 9.1%; total votes 350. | Question 1: Disapprove beat Approve, 177 to 136, 56.5% to 43.5%; total votes 313. | Question 2: Approve beat Disapprove, 235 to 86, 73.2% to 26.8%; total votes 321. | Question 3: Approve beat Disapprove, 203 to 117, 63.4% to 36.6%; total votes 320. | Question 4: Approve beat Disapprove, 224 to 90, 71.3% to 28.7%; total votes 314. | Question 5: Approve beat Disapprove, 237 to 74, 76.2% to 23.8%; total votes 311. | Question 6: Approve beat Disapprove, 166 to 147, 53.0% to 47.0%; total votes 313. | Dem Primary Mayor: Zohran Kwame Mamdani beat Andrew M. Cuomo, 123 to 60, 55.7% to 27.1%; total votes 221. | Dem Primary Public Advocate: Jumaane D. Williams beat Jenifer Rajkumar, 132 to 46, 66.7% to 23.2%; total votes 198. | Dem Primary Comptroller: Mark D. Levine beat Justin Brannan, 91 to 62, 45.5% to 31.0%; total votes 200.", "mayor_margin": 41.7, "q2_yes": 73.2, "q3_yes": 63.4, "q4_yes": 71.3}, "geometry": {"type": "MultiPolygon", "coordinates": [[[[-73.9465556, 40.7889962], [-73.9462131, 40.788852], [-73.9461217, 40.7888135], [-73.9457943, 40.7886757], [-73.9459931, 40.7877799], [-73.9461295, 40.7872555], [-73.9463413, 40.7864476], [-73.9471714, 40.7868005], [-73.9472291, 40.7868251], [-73.947283, 40.786848], [-73.9473298, 40.7868679], [-73.9474637, 40.7869248], [-73.9475108, 40.7869448], [-73.947718, 40.7870329], [-73.9477835, 40.7870607], [-73.9479244, 40.7871206], [-73.9474609, 40.7877532], [-73.9490631, 40.7884295], [-73.9505564, 40.7890615], [-73.9506762, 40.7891101], [-73.9505622, 40.789268], [-73.9505122, 40.7893372], [-73.9504672, 40.7893996], [-73.9504177, 40.7894681], [-73.9502287, 40.7897418], [-73.9500912, 40.7896841], [-73.9486047, 40.7890551], [-73.9470024, 40.7883824], [-73.9465556, 40.7889962]]]]}}, {"type": "Feature", "properties": {"felt:feature": 55, "ed_label": "AD 68 ED 058", "elect_dist": "68058", "borough": "Manhattan", "community_board": 11, "community_board_label": "Manhattan CB11", "popup_title": "Manhattan CB11 \u2014 AD 68 ED 058", "general_mayor": "ZOHRAN KWAME MAMDANI beat ANDREW M. CUOMO, 222 to 161, 54.0% to 39.2%; total votes 411.", "general_mayor_winner": "Mamdani", "general_public_advocate": "JUMAANE D. WILLIAMS beat GONZALO DURAN, 296 to 44, 85.5% to 12.7%; total votes 346.", "general_public_advocate_winner": "Williams", "general_comptroller": "MARK D. LEVINE beat PETER KEFALAS, 280 to 38, 83.8% to 11.4%; total votes 334.", "general_comptroller_winner": "Levine", "question_1": "Disapprove beat Approve, 158 to 112, 58.5% to 41.5%; total votes 270.", "question_1_winner": "No-disapprove!", "question_2": "Approve beat Disapprove, 214 to 73, 74.6% to 25.4%; total votes 287.", "question_2_winner": "Yes-approve!", "question_3": "Approve beat Disapprove, 190 to 89, 68.1% to 31.9%; total votes 279.", "question_3_winner": "Yes-approve!", "question_4": "Approve beat Disapprove, 204 to 71, 74.2% to 25.8%; total votes 275.", "question_4_winner": "Yes-approve!", "question_5": "Approve beat Disapprove, 197 to 76, 72.2% to 27.8%; total votes 273.", "question_5_winner": "Yes-approve!", "question_6": "Approve beat Disapprove, 141 to 131, 51.8% to 48.2%; total votes 272.", "question_6_winner": "Yes-approve!", "dem_primary_mayor": "Andrew M. Cuomo beat Zohran Kwame Mamdani, 102 to 95, 47.4% to 44.2%; total votes 215.", "dem_primary_mayor_winner": "Cuomo", "dem_primary_public_advocate": "Jumaane D. Williams beat Jenifer Rajkumar, 138 to 36, 72.6% to 18.9%; total votes 190.", "dem_primary_public_advocate_winner": "Williams", "dem_primary_comptroller": "Mark D. Levine beat Justin Brannan, 81 to 53, 42.2% to 27.6%; total votes 192.", "dem_primary_comptroller_winner": "Levine", "popup_summary": "Mayor: ZOHRAN KWAME MAMDANI beat ANDREW M. CUOMO, 222 to 161, 54.0% to 39.2%; total votes 411. | Public Advocate: JUMAANE D. WILLIAMS beat GONZALO DURAN, 296 to 44, 85.5% to 12.7%; total votes 346. | City Comptroller: MARK D. LEVINE beat PETER KEFALAS, 280 to 38, 83.8% to 11.4%; total votes 334. | Question 1: Disapprove beat Approve, 158 to 112, 58.5% to 41.5%; total votes 270. | Question 2: Approve beat Disapprove, 214 to 73, 74.6% to 25.4%; total votes 287. | Question 3: Approve beat Disapprove, 190 to 89, 68.1% to 31.9%; total votes 279. | Question 4: Approve beat Disapprove, 204 to 71, 74.2% to 25.8%; total votes 275. | Question 5: Approve beat Disapprove, 197 to 76, 72.2% to 27.8%; total votes 273. | Question 6: Approve beat Disapprove, 141 to 131, 51.8% to 48.2%; total votes 272. | Dem Primary Mayor: Andrew M. Cuomo beat Zohran Kwame Mamdani, 102 to 95, 47.4% to 44.2%; total votes 215. | Dem Primary Public Advocate: Jumaane D. Williams beat Jenifer Rajkumar, 138 to 36, 72.6% to 18.9%; total votes 190. | Dem Primary Comptroller: Mark D. Levine beat Justin Brannan, 81 to 53, 42.2% to 27.6%; total votes 192.", "mayor_margin": 14.8, "q2_yes": 74.6, "q3_yes": 68.1, "q4_yes": 74.2}, "geometry": {"type": "MultiPolygon", "coordinates": [[[[-73.9443215, 40.7880557], [-73.9447695, 40.787442], [-73.9449867, 40.7871436], [-73.945039, 40.7870717], [-73.94523, 40.7868093], [-73.944762, 40.7866121], [-73.9446778, 40.7865766], [-73.9446067, 40.7865466], [-73.9445339, 40.786516], [-73.9444578, 40.7864839], [-73.9443735, 40.7864484], [-73.944296, 40.7864157], [-73.9442196, 40.7863835], [-73.9441443, 40.7863518], [-73.9440693, 40.7863202], [-73.9428469, 40.7858052], [-73.9433189, 40.7851733], [-73.9456952, 40.786173], [-73.9462818, 40.7864224], [-73.9463413, 40.7864476], [-73.9461295, 40.7872555], [-73.9459931, 40.7877799], [-73.9457943, 40.7886757], [-73.9457287, 40.7886483], [-73.9456353, 40.7886088], [-73.9455529, 40.7885741], [-73.9453328, 40.7884814], [-73.9452362, 40.7884408], [-73.9443215, 40.7880557]]]]}}, {"type": "Feature", "properties": {"felt:feature": 56, "ed_label": "AD 68 ED 059", "elect_dist": "68059", "borough": "Manhattan", "community_board": 11, "community_board_label": "Manhattan CB11", "popup_title": "Manhattan CB11 \u2014 AD 68 ED 059", "general_mayor": "ZOHRAN KWAME MAMDANI beat ANDREW M. CUOMO, 204 to 84, 66.9% to 27.5%; total votes 305.", "general_mayor_winner": "Mamdani", "general_public_advocate": "JUMAANE D. WILLIAMS beat GONZALO DURAN, 241 to 34, 87.3% to 12.3%; total votes 276.", "general_public_advocate_winner": "Williams", "general_comptroller": "MARK D. LEVINE beat PETER KEFALAS, 235 to 23, 88.3% to 8.6%; total votes 266.", "general_comptroller_winner": "Levine", "question_1": "Disapprove beat Approve, 131 to 94, 58.2% to 41.8%; total votes 225.", "question_1_winner": "No-disapprove!", "question_2": "Approve beat Disapprove, 185 to 52, 78.1% to 21.9%; total votes 237.", "question_2_winner": "Yes-approve!", "question_3": "Approve beat Disapprove, 156 to 76, 67.2% to 32.8%; total votes 232.", "question_3_winner": "Yes-approve!", "question_4": "Approve beat Disapprove, 162 to 64, 71.7% to 28.3%; total votes 226.", "question_4_winner": "Yes-approve!", "question_5": "Approve beat Disapprove, 178 to 49, 78.4% to 21.6%; total votes 227.", "question_5_winner": "Yes-approve!", "question_6": "Disapprove beat Approve, 122 to 107, 53.3% to 46.7%; total votes 229.", "question_6_winner": "No-disapprove!", "dem_primary_mayor": "Zohran Kwame Mamdani beat Andrew M. Cuomo, 103 to 57, 53.6% to 29.7%; total votes 192.", "dem_primary_mayor_winner": "Mamdani", "dem_primary_public_advocate": "Jumaane D. Williams beat Jenifer Rajkumar, 140 to 16, 81.9% to 9.4%; total votes 171.", "dem_primary_public_advocate_winner": "Williams", "dem_primary_comptroller": "Mark D. Levine beat Justin Brannan, 89 to 47, 52.4% to 27.6%; total votes 170.", "dem_primary_comptroller_winner": "Levine", "popup_summary": "Mayor: ZOHRAN KWAME MAMDANI beat ANDREW M. CUOMO, 204 to 84, 66.9% to 27.5%; total votes 305. | Public Advocate: JUMAANE D. WILLIAMS beat GONZALO DURAN, 241 to 34, 87.3% to 12.3%; total votes 276. | City Comptroller: MARK D. LEVINE beat PETER KEFALAS, 235 to 23, 88.3% to 8.6%; total votes 266. | Question 1: Disapprove beat Approve, 131 to 94, 58.2% to 41.8%; total votes 225. | Question 2: Approve beat Disapprove, 185 to 52, 78.1% to 21.9%; total votes 237. | Question 3: Approve beat Disapprove, 156 to 76, 67.2% to 32.8%; total votes 232. | Question 4: Approve beat Disapprove, 162 to 64, 71.7% to 28.3%; total votes 226. | Question 5: Approve beat Disapprove, 178 to 49, 78.4% to 21.6%; total votes 227. | Question 6: Disapprove beat Approve, 122 to 107, 53.3% to 46.7%; total votes 229. | Dem Primary Mayor: Zohran Kwame Mamdani beat Andrew M. Cuomo, 103 to 57, 53.6% to 29.7%; total votes 192. | Dem Primary Public Advocate: Jumaane D. Williams beat Jenifer Rajkumar, 140 to 16, 81.9% to 9.4%; total votes 171. | Dem Primary Comptroller: Mark D. Levine beat Justin Brannan, 89 to 47, 52.4% to 27.6%; total votes 170.", "mayor_margin": 39.4, "q2_yes": 78.1, "q3_yes": 67.2, "q4_yes": 71.7}, "geometry": {"type": "MultiPolygon", "coordinates": [[[[-73.9419374, 40.7870647], [-73.9423807, 40.786426], [-73.9428469, 40.7858052], [-73.9440693, 40.7863202], [-73.9441443, 40.7863518], [-73.9442196, 40.7863835], [-73.944296, 40.7864157], [-73.9443735, 40.7864484], [-73.9444578, 40.7864839], [-73.9445339, 40.786516], [-73.9446067, 40.7865466], [-73.9446778, 40.7865766], [-73.944762, 40.7866121], [-73.94523, 40.7868093], [-73.945039, 40.7870717], [-73.9449867, 40.7871436], [-73.9447695, 40.787442], [-73.9443215, 40.7880557], [-73.9442415, 40.7880224], [-73.944168, 40.7879919], [-73.9440208, 40.7879307], [-73.9439529, 40.7879025], [-73.9438821, 40.787873], [-73.943804, 40.7878406], [-73.943601, 40.7877562], [-73.9435289, 40.7877262], [-73.9429212, 40.7874736], [-73.9428506, 40.7874443], [-73.9419374, 40.7870647]]]]}}, {"type": "Feature", "properties": {"felt:feature": 57, "ed_label": "AD 68 ED 060", "elect_dist": "68060", "borough": "Manhattan", "community_board": 11, "community_board_label": "Manhattan CB11", "popup_title": "Manhattan CB11 \u2014 AD 68 ED 060", "general_mayor": "ZOHRAN KWAME MAMDANI beat ANDREW M. CUOMO, 272.6 to 105.5, 68.5% to 26.5%; total votes 398.", "general_mayor_winner": "Mamdani", "general_public_advocate": "JUMAANE D. WILLIAMS beat GONZALO DURAN, 340.3 to 22.9, 93.7% to 6.3%; total votes 363.2.", "general_public_advocate_winner": "Williams", "general_comptroller": "MARK D. LEVINE beat PETER KEFALAS, 327.4 to 17.9, 91.1% to 5.0%; total votes 359.2.", "general_comptroller_winner": "Levine", "question_1": "Disapprove beat Approve, 225.9 to 124.4, 64.5% to 35.5%; total votes 350.2.", "question_1_winner": "No-disapprove!", "question_2": "Approve beat Disapprove, 261.7 to 98.5, 72.7% to 27.3%; total votes 360.2.", "question_2_winner": "Yes-approve!", "question_3": "Approve beat Disapprove, 225.9 to 126.4, 64.1% to 35.9%; total votes 352.2.", "question_3_winner": "Yes-approve!", "question_4": "Approve beat Disapprove, 244.8 to 112.4, 68.5% to 31.5%; total votes 357.2.", "question_4_winner": "Yes-approve!", "question_5": "Approve beat Disapprove, 260.7 to 90.5, 74.2% to 25.8%; total votes 351.2.", "question_5_winner": "Yes-approve!", "question_6": "Disapprove beat Approve, 193 to 158.2, 55.0% to 45.0%; total votes 351.2.", "question_6_winner": "No-disapprove!", "dem_primary_mayor": "Zohran Kwame Mamdani beat Andrew M. Cuomo, 134.3 to 64.7, 59.7% to 28.8%; total votes 224.9.", "dem_primary_mayor_winner": "Mamdani", "dem_primary_public_advocate": "Jumaane D. Williams beat Jenifer Rajkumar, 156.2 to 25.9, 79.7% to 13.2%; total votes 196.", "dem_primary_public_advocate_winner": "Williams", "dem_primary_comptroller": "Mark D. Levine beat Justin Brannan, 99.5 to 61.7, 50.8% to 31.5%; total votes 196.", "dem_primary_comptroller_winner": "Levine", "popup_summary": "Mayor: ZOHRAN KWAME MAMDANI beat ANDREW M. CUOMO, 272.6 to 105.5, 68.5% to 26.5%; total votes 398. | Public Advocate: JUMAANE D. WILLIAMS beat GONZALO DURAN, 340.3 to 22.9, 93.7% to 6.3%; total votes 363.2. | City Comptroller: MARK D. LEVINE beat PETER KEFALAS, 327.4 to 17.9, 91.1% to 5.0%; total votes 359.2. | Question 1: Disapprove beat Approve, 225.9 to 124.4, 64.5% to 35.5%; total votes 350.2. | Question 2: Approve beat Disapprove, 261.7 to 98.5, 72.7% to 27.3%; total votes 360.2. | Question 3: Approve beat Disapprove, 225.9 to 126.4, 64.1% to 35.9%; total votes 352.2. | Question 4: Approve beat Disapprove, 244.8 to 112.4, 68.5% to 31.5%; total votes 357.2. | Question 5: Approve beat Disapprove, 260.7 to 90.5, 74.2% to 25.8%; total votes 351.2. | Question 6: Disapprove beat Approve, 193 to 158.2, 55.0% to 45.0%; total votes 351.2. | Dem Primary Mayor: Zohran Kwame Mamdani beat Andrew M. Cuomo, 134.3 to 64.7, 59.7% to 28.8%; total votes 224.9. | Dem Primary Public Advocate: Jumaane D. Williams beat Jenifer Rajkumar, 156.2 to 25.9, 79.7% to 13.2%; total votes 196. | Dem Primary Comptroller: Mark D. Levine beat Justin Brannan, 99.5 to 61.7, 50.8% to 31.5%; total votes 196.", "mayor_margin": 42.0, "q2_yes": 72.7, "q3_yes": 64.1, "q4_yes": 68.5}, "geometry": {"type": "MultiPolygon", "coordinates": [[[[-73.9403211, 40.7863805], [-73.9401532, 40.7863094], [-73.9399305, 40.7862152], [-73.9396579, 40.7860998], [-73.9395354, 40.786034], [-73.939481, 40.786007], [-73.9394271, 40.78598], [-73.9393498, 40.7859342], [-73.9392943, 40.7859076], [-73.9392664, 40.7858888], [-73.9398262, 40.7852566], [-73.9398345, 40.785254], [-73.9398428, 40.7852514], [-73.9398527, 40.7852439], [-73.9398805, 40.7852324], [-73.9398885, 40.7852235], [-73.93991, 40.785212], [-73.9399297, 40.7852018], [-73.9399548, 40.7851895], [-73.9399898, 40.7851705], [-73.9400131, 40.7851569], [-73.9400247, 40.7851535], [-73.9400498, 40.7851385], [-73.9400642, 40.785131], [-73.9401143, 40.7851038], [-73.9401495, 40.7850873], [-73.9401851, 40.7850662], [-73.9402023, 40.7850592], [-73.9402248, 40.7850452], [-73.940238, 40.7850371], [-73.940267, 40.7850221], [-73.9403621, 40.784972], [-73.9404532, 40.7849229], [-73.9405338, 40.7848788], [-73.9405509, 40.7848667], [-73.9405813, 40.7848537], [-73.9405905, 40.7848467], [-73.9406236, 40.7848297], [-73.9406737, 40.7848036], [-73.9407173, 40.7847805], [-73.9407213, 40.7847805], [-73.940749, 40.7847675], [-73.9407675, 40.7847575], [-73.9407887, 40.7847474], [-73.9408309, 40.7847274], [-73.941025, 40.7846352], [-73.9410857, 40.7846092], [-73.9411108, 40.7845971], [-73.9411372, 40.7845831], [-73.9411729, 40.7845661], [-73.9414461, 40.7844315], [-73.9415258, 40.7843909], [-73.9416745, 40.7843138], [-73.9418545, 40.7842207], [-73.9420143, 40.7841376], [-73.9421792, 40.7840514], [-73.9423139, 40.7839812], [-73.9423913, 40.7839407], [-73.9424345, 40.7839178], [-73.9424697, 40.7838965], [-73.9425723, 40.7838247], [-73.9426044, 40.7838018], [-73.9426738, 40.7837537], [-73.9427814, 40.7836782], [-73.9428678, 40.7836187], [-73.9429352, 40.7835721], [-73.9430166, 40.7835149], [-73.9431152, 40.7834462], [-73.9431614, 40.7834118], [-73.9432057, 40.7833698], [-73.9432399, 40.7833279], [-73.94327, 40.7832882], [-73.9433103, 40.7832332], [-73.9433475, 40.783182], [-73.9433968, 40.7831095], [-73.9434411, 40.7830492], [-73.9435514, 40.7829035], [-73.9435442, 40.7828805], [-73.9436482, 40.7826562], [-73.9436736, 40.7827166], [-73.9437601, 40.7828289], [-73.9438326, 40.7828591], [-73.9438932, 40.7828877], [-73.9439546, 40.7829155], [-73.9440544, 40.7829644], [-73.9440183, 40.7830152], [-73.9439106, 40.7831771], [-73.943791, 40.7833344], [-73.9436602, 40.7834864], [-73.9435186, 40.7836325], [-73.9433444, 40.7837823], [-73.9431589, 40.7839244], [-73.9429631, 40.7840582], [-73.942963, 40.7840583], [-73.9429629, 40.7840583], [-73.9427782, 40.7841706], [-73.9419701, 40.7845902], [-73.9433189, 40.7851733], [-73.9428469, 40.7858052], [-73.9423807, 40.786426], [-73.9419374, 40.7870647], [-73.941853, 40.787029], [-73.941774, 40.7869955], [-73.9417037, 40.7869658], [-73.9413997, 40.7868371], [-73.9413311, 40.786808], [-73.9411728, 40.786741], [-73.9410928, 40.7867072], [-73.9410184, 40.7866757], [-73.9406311, 40.7865117], [-73.9403892, 40.7864093], [-73.9403211, 40.7863805]]]]}}, {"type": "Feature", "properties": {"felt:feature": 58, "ed_label": "AD 68 ED 061", "elect_dist": "68061", "borough": "Manhattan", "community_board": 11, "community_board_label": "Manhattan CB11", "popup_title": "Manhattan CB11 \u2014 AD 68 ED 061", "general_mayor": "ZOHRAN KWAME MAMDANI beat ANDREW M. CUOMO, 112 to 86, 54.4% to 41.7%; total votes 206.", "general_mayor_winner": "Mamdani", "general_public_advocate": "JUMAANE D. WILLIAMS beat GONZALO DURAN, 149 to 31, 81.0% to 16.8%; total votes 184.", "general_public_advocate_winner": "Williams", "general_comptroller": "MARK D. LEVINE beat PETER KEFALAS, 139 to 26, 79.9% to 14.9%; total votes 174.", "general_comptroller_winner": "Levine", "question_1": "Disapprove beat Approve, 94 to 73, 56.3% to 43.7%; total votes 167.", "question_1_winner": "No-disapprove!", "question_2": "Approve beat Disapprove, 136 to 38, 78.2% to 21.8%; total votes 174.", "question_2_winner": "Yes-approve!", "question_3": "Approve beat Disapprove, 118 to 43, 73.3% to 26.7%; total votes 161.", "question_3_winner": "Yes-approve!", "question_4": "Approve beat Disapprove, 119 to 39, 75.3% to 24.7%; total votes 158.", "question_4_winner": "Yes-approve!", "question_5": "Approve beat Disapprove, 100 to 59, 62.9% to 37.1%; total votes 159.", "question_5_winner": "Yes-approve!", "question_6": "Approve beat Disapprove, 87 to 73, 54.4% to 45.6%; total votes 160.", "question_6_winner": "Yes-approve!", "dem_primary_mayor": "Andrew M. Cuomo beat Zohran Kwame Mamdani, 59 to 36, 55.7% to 34.0%; total votes 106.", "dem_primary_mayor_winner": "Cuomo", "dem_primary_public_advocate": "Jumaane D. Williams beat Jenifer Rajkumar, 67 to 19, 71.3% to 20.2%; total votes 94.", "dem_primary_public_advocate_winner": "Williams", "dem_primary_comptroller": "Mark D. Levine beat Ismael Malave Perez, 58 to 22, 57.4% to 21.8%; total votes 101.", "dem_primary_comptroller_winner": "Levine", "popup_summary": "Mayor: ZOHRAN KWAME MAMDANI beat ANDREW M. CUOMO, 112 to 86, 54.4% to 41.7%; total votes 206. | Public Advocate: JUMAANE D. WILLIAMS beat GONZALO DURAN, 149 to 31, 81.0% to 16.8%; total votes 184. | City Comptroller: MARK D. LEVINE beat PETER KEFALAS, 139 to 26, 79.9% to 14.9%; total votes 174. | Question 1: Disapprove beat Approve, 94 to 73, 56.3% to 43.7%; total votes 167. | Question 2: Approve beat Disapprove, 136 to 38, 78.2% to 21.8%; total votes 174. | Question 3: Approve beat Disapprove, 118 to 43, 73.3% to 26.7%; total votes 161. | Question 4: Approve beat Disapprove, 119 to 39, 75.3% to 24.7%; total votes 158. | Question 5: Approve beat Disapprove, 100 to 59, 62.9% to 37.1%; total votes 159. | Question 6: Approve beat Disapprove, 87 to 73, 54.4% to 45.6%; total votes 160. | Dem Primary Mayor: Andrew M. Cuomo beat Zohran Kwame Mamdani, 59 to 36, 55.7% to 34.0%; total votes 106. | Dem Primary Public Advocate: Jumaane D. Williams beat Jenifer Rajkumar, 67 to 19, 71.3% to 20.2%; total votes 94. | Dem Primary Comptroller: Mark D. Levine beat Ismael Malave Perez, 58 to 22, 57.4% to 21.8%; total votes 101.", "mayor_margin": 12.7, "q2_yes": 78.2, "q3_yes": 73.3, "q4_yes": 75.3}, "geometry": {"type": "MultiPolygon", "coordinates": [[[[-73.9463413, 40.7864476], [-73.9462818, 40.7864224], [-73.9456952, 40.786173], [-73.9433189, 40.7851733], [-73.9442233, 40.7839333], [-73.9447226, 40.7832476], [-73.9459219, 40.7837528], [-73.946445, 40.7839732], [-73.9470895, 40.7842449], [-73.9465882, 40.7849414], [-73.9471154, 40.7851627], [-73.9482942, 40.7856576], [-73.9483854, 40.7856959], [-73.9488267, 40.7858812], [-73.9486548, 40.7861118], [-73.9486174, 40.786162], [-73.9483952, 40.7864602], [-73.9483323, 40.7865484], [-73.9482927, 40.7866039], [-73.9482564, 40.7866549], [-73.9480675, 40.7869199], [-73.9479244, 40.7871206], [-73.9477835, 40.7870607], [-73.947718, 40.7870329], [-73.9475108, 40.7869448], [-73.9474637, 40.7869248], [-73.9473298, 40.7868679], [-73.947283, 40.786848], [-73.9472291, 40.7868251], [-73.9471714, 40.7868005], [-73.9463413, 40.7864476]]]]}}, {"type": "Feature", "properties": {"felt:feature": 59, "ed_label": "AD 68 ED 062", "elect_dist": "68062", "borough": "Manhattan", "community_board": 11, "community_board_label": "Manhattan CB11", "popup_title": "Manhattan CB11 \u2014 AD 68 ED 062", "general_mayor": "ZOHRAN KWAME MAMDANI beat ANDREW M. CUOMO, 550 to 234, 66.3% to 28.2%; total votes 829.", "general_mayor_winner": "Mamdani", "general_public_advocate": "JUMAANE D. WILLIAMS beat GONZALO DURAN, 641 to 124, 81.6% to 15.8%; total votes 786.", "general_public_advocate_winner": "Williams", "general_comptroller": "MARK D. LEVINE beat PETER KEFALAS, 652 to 105, 84.8% to 13.7%; total votes 769.", "general_comptroller_winner": "Levine", "question_1": "Disapprove beat Approve, 391 to 349, 52.8% to 47.2%; total votes 740.", "question_1_winner": "No-disapprove!", "question_2": "Approve beat Disapprove, 518 to 227, 69.5% to 30.5%; total votes 745.", "question_2_winner": "Yes-approve!", "question_3": "Approve beat Disapprove, 500 to 237, 67.8% to 32.2%; total votes 737.", "question_3_winner": "Yes-approve!", "question_4": "Approve beat Disapprove, 485 to 241, 66.8% to 33.2%; total votes 726.", "question_4_winner": "Yes-approve!", "question_5": "Approve beat Disapprove, 654 to 89, 88.0% to 12.0%; total votes 743.", "question_5_winner": "Yes-approve!", "question_6": "Approve beat Disapprove, 381 to 357, 51.6% to 48.4%; total votes 738.", "question_6_winner": "Yes-approve!", "dem_primary_mayor": "Zohran Kwame Mamdani beat Andrew M. Cuomo, 289 to 100, 58.4% to 20.2%; total votes 495.", "dem_primary_mayor_winner": "Mamdani", "dem_primary_public_advocate": "Jumaane D. Williams beat Jenifer Rajkumar, 290 to 83, 71.3% to 20.4%; total votes 407.", "dem_primary_public_advocate_winner": "Williams", "dem_primary_comptroller": "Mark D. Levine beat Justin Brannan, 211 to 161, 50.4% to 38.4%; total votes 419.", "dem_primary_comptroller_winner": "Levine", "popup_summary": "Mayor: ZOHRAN KWAME MAMDANI beat ANDREW M. CUOMO, 550 to 234, 66.3% to 28.2%; total votes 829. | Public Advocate: JUMAANE D. WILLIAMS beat GONZALO DURAN, 641 to 124, 81.6% to 15.8%; total votes 786. | City Comptroller: MARK D. LEVINE beat PETER KEFALAS, 652 to 105, 84.8% to 13.7%; total votes 769. | Question 1: Disapprove beat Approve, 391 to 349, 52.8% to 47.2%; total votes 740. | Question 2: Approve beat Disapprove, 518 to 227, 69.5% to 30.5%; total votes 745. | Question 3: Approve beat Disapprove, 500 to 237, 67.8% to 32.2%; total votes 737. | Question 4: Approve beat Disapprove, 485 to 241, 66.8% to 33.2%; total votes 726. | Question 5: Approve beat Disapprove, 654 to 89, 88.0% to 12.0%; total votes 743. | Question 6: Approve beat Disapprove, 381 to 357, 51.6% to 48.4%; total votes 738. | Dem Primary Mayor: Zohran Kwame Mamdani beat Andrew M. Cuomo, 289 to 100, 58.4% to 20.2%; total votes 495. | Dem Primary Public Advocate: Jumaane D. Williams beat Jenifer Rajkumar, 290 to 83, 71.3% to 20.4%; total votes 407. | Dem Primary Comptroller: Mark D. Levine beat Justin Brannan, 211 to 161, 50.4% to 38.4%; total votes 419.", "mayor_margin": 38.1, "q2_yes": 69.5, "q3_yes": 67.8, "q4_yes": 66.8}, "geometry": {"type": "MultiPolygon", "coordinates": [[[[-73.9483952, 40.7864602], [-73.9486174, 40.786162], [-73.9486548, 40.7861118], [-73.9488267, 40.7858812], [-73.9494896, 40.7861529], [-73.9497324, 40.7858277], [-73.9500931, 40.7859783], [-73.950338, 40.7856172], [-73.9509281, 40.7858654], [-73.9512967, 40.7860201], [-73.9522295, 40.7864116], [-73.9524643, 40.7865104], [-73.9525515, 40.7865486], [-73.952292, 40.7869025], [-73.9520579, 40.7872219], [-73.951833, 40.7875402], [-73.9516051, 40.7878566], [-73.9514537, 40.7877938], [-73.9510977, 40.7876437], [-73.9510323, 40.7876161], [-73.9499805, 40.7871727], [-73.9488696, 40.7866734], [-73.9486924, 40.7865938], [-73.9483952, 40.7864602]]]]}}, {"type": "Feature", "properties": {"felt:feature": 60, "ed_label": "AD 68 ED 063", "elect_dist": "68063", "borough": "Manhattan", "community_board": 11, "community_board_label": "Manhattan CB11", "popup_title": "Manhattan CB11 \u2014 AD 68 ED 063", "general_mayor": "ZOHRAN KWAME MAMDANI beat ANDREW M. CUOMO, 400 to 288, 55.6% to 40.0%; total votes 720.", "general_mayor_winner": "Mamdani", "general_public_advocate": "JUMAANE D. WILLIAMS beat GONZALO DURAN, 512 to 141, 75.5% to 20.8%; total votes 678.", "general_public_advocate_winner": "Williams", "general_comptroller": "MARK D. LEVINE beat PETER KEFALAS, 531 to 131, 79.1% to 19.5%; total votes 671.", "general_comptroller_winner": "Levine", "question_1": "Disapprove beat Approve, 326 to 320, 50.5% to 49.5%; total votes 646.", "question_1_winner": "No-disapprove!", "question_2": "Approve beat Disapprove, 449 to 206, 68.5% to 31.4%; total votes 655.", "question_2_winner": "Yes-approve!", "question_3": "Approve beat Disapprove, 452 to 198, 69.5% to 30.5%; total votes 650.", "question_3_winner": "Yes-approve!", "question_4": "Approve beat Disapprove, 426 to 220, 65.9% to 34.1%; total votes 646.", "question_4_winner": "Yes-approve!", "question_5": "Approve beat Disapprove, 589 to 66, 89.9% to 10.1%; total votes 655.", "question_5_winner": "Yes-approve!", "question_6": "Approve beat Disapprove, 374 to 279, 57.3% to 42.7%; total votes 653.", "question_6_winner": "Yes-approve!", "dem_primary_mayor": "Zohran Kwame Mamdani beat Andrew M. Cuomo, 165 to 119, 40.3% to 29.1%; total votes 409.", "dem_primary_mayor_winner": "Mamdani", "dem_primary_public_advocate": "Jumaane D. Williams beat Jenifer Rajkumar, 219 to 84, 62.0% to 23.8%; total votes 353.", "dem_primary_public_advocate_winner": "Williams", "dem_primary_comptroller": "Mark D. Levine beat Justin Brannan, 239 to 99, 63.4% to 26.3%; total votes 377.", "dem_primary_comptroller_winner": "Levine", "popup_summary": "Mayor: ZOHRAN KWAME MAMDANI beat ANDREW M. CUOMO, 400 to 288, 55.6% to 40.0%; total votes 720. | Public Advocate: JUMAANE D. WILLIAMS beat GONZALO DURAN, 512 to 141, 75.5% to 20.8%; total votes 678. | City Comptroller: MARK D. LEVINE beat PETER KEFALAS, 531 to 131, 79.1% to 19.5%; total votes 671. | Question 1: Disapprove beat Approve, 326 to 320, 50.5% to 49.5%; total votes 646. | Question 2: Approve beat Disapprove, 449 to 206, 68.5% to 31.4%; total votes 655. | Question 3: Approve beat Disapprove, 452 to 198, 69.5% to 30.5%; total votes 650. | Question 4: Approve beat Disapprove, 426 to 220, 65.9% to 34.1%; total votes 646. | Question 5: Approve beat Disapprove, 589 to 66, 89.9% to 10.1%; total votes 655. | Question 6: Approve beat Disapprove, 374 to 279, 57.3% to 42.7%; total votes 653. | Dem Primary Mayor: Zohran Kwame Mamdani beat Andrew M. Cuomo, 165 to 119, 40.3% to 29.1%; total votes 409. | Dem Primary Public Advocate: Jumaane D. Williams beat Jenifer Rajkumar, 219 to 84, 62.0% to 23.8%; total votes 353. | Dem Primary Comptroller: Mark D. Levine beat Justin Brannan, 239 to 99, 63.4% to 26.3%; total votes 377.", "mayor_margin": 15.6, "q2_yes": 68.5, "q3_yes": 69.5, "q4_yes": 65.9}, "geometry": {"type": "MultiPolygon", "coordinates": [[[[-73.9488267, 40.7858812], [-73.9483854, 40.7856959], [-73.9482942, 40.7856576], [-73.9471154, 40.7851627], [-73.9465882, 40.7849414], [-73.9470895, 40.7842449], [-73.9478435, 40.7845638], [-73.9487763, 40.7849582], [-73.9493317, 40.7851931], [-73.950338, 40.7856172], [-73.9500931, 40.7859783], [-73.9497324, 40.7858277], [-73.9494896, 40.7861529], [-73.9488267, 40.7858812]]]]}}, {"type": "Feature", "properties": {"felt:feature": 61, "ed_label": "AD 68 ED 072", "elect_dist": "68072", "borough": "Manhattan", "community_board": 11, "community_board_label": "Manhattan CB11", "popup_title": "Manhattan CB11 \u2014 AD 68 ED 072", "general_mayor": "ZOHRAN KWAME MAMDANI beat ANDREW M. CUOMO, 88 to 32, 68.8% to 25.0%; total votes 128.", "general_mayor_winner": "Mamdani", "general_public_advocate": "JUMAANE D. WILLIAMS beat GONZALO DURAN, 104 to 13, 87.4% to 10.9%; total votes 119.", "general_public_advocate_winner": "Williams", "general_comptroller": "MARK D. LEVINE beat PETER KEFALAS, 103 to 12, 88.0% to 10.3%; total votes 117.", "general_comptroller_winner": "Levine", "question_1": "Disapprove beat Approve, 56 to 55, 50.5% to 49.5%; total votes 111.", "question_1_winner": "No-disapprove!", "question_2": "Approve beat Disapprove, 85 to 29, 74.6% to 25.4%; total votes 114.", "question_2_winner": "Yes-approve!", "question_3": "Approve beat Disapprove, 77 to 35, 68.8% to 31.2%; total votes 112.", "question_3_winner": "Yes-approve!", "question_4": "Approve beat Disapprove, 84 to 28, 75.0% to 25.0%; total votes 112.", "question_4_winner": "Yes-approve!", "question_5": "Approve beat Disapprove, 95 to 14, 87.2% to 12.8%; total votes 109.", "question_5_winner": "Yes-approve!", "question_6": "Approve beat Disapprove, 63 to 49, 56.2% to 43.8%; total votes 112.", "question_6_winner": "Yes-approve!", "dem_primary_mayor": "Zohran Kwame Mamdani beat Andrew M. Cuomo, 35 to 24, 52.2% to 35.8%; total votes 67.", "dem_primary_mayor_winner": "Mamdani", "dem_primary_public_advocate": "Jumaane D. Williams beat Marty Dolan, 50 to 5, 84.7% to 8.5%; total votes 59.", "dem_primary_public_advocate_winner": "Williams", "dem_primary_comptroller": "Mark D. Levine beat Justin Brannan, 36 to 13, 63.2% to 22.8%; total votes 57.", "dem_primary_comptroller_winner": "Levine", "popup_summary": "Mayor: ZOHRAN KWAME MAMDANI beat ANDREW M. CUOMO, 88 to 32, 68.8% to 25.0%; total votes 128. | Public Advocate: JUMAANE D. WILLIAMS beat GONZALO DURAN, 104 to 13, 87.4% to 10.9%; total votes 119. | City Comptroller: MARK D. LEVINE beat PETER KEFALAS, 103 to 12, 88.0% to 10.3%; total votes 117. | Question 1: Disapprove beat Approve, 56 to 55, 50.5% to 49.5%; total votes 111. | Question 2: Approve beat Disapprove, 85 to 29, 74.6% to 25.4%; total votes 114. | Question 3: Approve beat Disapprove, 77 to 35, 68.8% to 31.2%; total votes 112. | Question 4: Approve beat Disapprove, 84 to 28, 75.0% to 25.0%; total votes 112. | Question 5: Approve beat Disapprove, 95 to 14, 87.2% to 12.8%; total votes 109. | Question 6: Approve beat Disapprove, 63 to 49, 56.2% to 43.8%; total votes 112. | Dem Primary Mayor: Zohran Kwame Mamdani beat Andrew M. Cuomo, 35 to 24, 52.2% to 35.8%; total votes 67. | Dem Primary Public Advocate: Jumaane D. Williams beat Marty Dolan, 50 to 5, 84.7% to 8.5%; total votes 59. | Dem Primary Comptroller: Mark D. Levine beat Justin Brannan, 36 to 13, 63.2% to 22.8%; total votes 57.", "mayor_margin": 43.8, "q2_yes": 74.6, "q3_yes": 68.8, "q4_yes": 75.0}, "geometry": {"type": "MultiPolygon", "coordinates": [[[[-73.9332591, 40.8072372], [-73.933184, 40.8071562], [-73.9331741, 40.8071454], [-73.9330847, 40.8070269], [-73.9329329, 40.806871], [-73.9326309, 40.8065529], [-73.9323902, 40.8062991], [-73.9315442, 40.8053978], [-73.931496, 40.8053512], [-73.9314755, 40.8053281], [-73.9314671, 40.805306], [-73.9314489, 40.8052976], [-73.931432, 40.805282], [-73.931409, 40.8052469], [-73.9313909, 40.8052331], [-73.9313051, 40.8051316], [-73.9312695, 40.8050906], [-73.9311595, 40.8049669], [-73.9311269, 40.8049227], [-73.9311141, 40.8049044], [-73.9310979, 40.8048812], [-73.9310738, 40.8048471], [-73.9310339, 40.8047945], [-73.9310279, 40.8047825], [-73.9309765, 40.8047156], [-73.9309754, 40.8047055], [-73.9309584, 40.804687], [-73.9309343, 40.8046529], [-73.9309094, 40.8046194], [-73.930828, 40.80451], [-73.9308063, 40.804474], [-73.9307163, 40.8043555], [-73.9307103, 40.8043407], [-73.9306958, 40.804326], [-73.9306873, 40.8043103], [-73.930639, 40.8042458], [-73.9306318, 40.8042301], [-73.93061, 40.804207], [-73.9305726, 40.8041526], [-73.9305726, 40.8041434], [-73.9305424, 40.8041074], [-73.9304428, 40.8039742], [-73.9304054, 40.8039207], [-73.9303535, 40.8038478], [-73.9303329, 40.8038192], [-73.9303088, 40.803786], [-73.9302786, 40.8037344], [-73.9302617, 40.8037058], [-73.9301918, 40.8035832], [-73.9301833, 40.8035739], [-73.9300602, 40.8033616], [-73.9300126, 40.8032875], [-73.9299737, 40.8031965], [-73.9299786, 40.8031902], [-73.9300446, 40.8031061], [-73.9300093, 40.8030401], [-73.9299829, 40.8029848], [-73.9301494, 40.8028839], [-73.9302494, 40.8028218], [-73.9303122, 40.8027752], [-73.930338, 40.8027561], [-73.9304143, 40.8026939], [-73.9304592, 40.8026653], [-73.9305001, 40.8026333], [-73.9305364, 40.8025983], [-73.9305678, 40.8025607], [-73.9306347, 40.8024912], [-73.9306969, 40.8024193], [-73.9308082, 40.8024624], [-73.9308936, 40.8024898], [-73.930822, 40.8025963], [-73.930597, 40.8029312], [-73.9307454, 40.8032424], [-73.9312433, 40.8034546], [-73.932342, 40.8039196], [-73.932663, 40.8040651], [-73.9330821, 40.8034252], [-73.9353181, 40.8043672], [-73.9358161, 40.8036999], [-73.9374185, 40.8043747], [-73.9369277, 40.8050464], [-73.9364714, 40.8056702], [-73.9360753, 40.8062148], [-73.9360164, 40.8062957], [-73.9355621, 40.8069171], [-73.9351053, 40.8075399], [-73.9346643, 40.8081751], [-73.9345355, 40.8081363], [-73.9342501, 40.8076946], [-73.9339331, 40.8072625], [-73.9338201, 40.8071085], [-73.9337492, 40.8070264], [-73.9336663, 40.8070637], [-73.933628, 40.807081], [-73.9335549, 40.8071118], [-73.9334859, 40.8071411], [-73.9332591, 40.8072372]]]]}}, {"type": "Feature", "properties": {"felt:feature": 62, "ed_label": "AD 68 ED 074", "elect_dist": "68074", "borough": "Manhattan", "community_board": 11, "community_board_label": "Manhattan CB11", "popup_title": "Manhattan CB11 \u2014 AD 68 ED 074", "general_mayor": "ZOHRAN KWAME MAMDANI beat ANDREW M. CUOMO, 128.1 to 64.5, 64.1% to 32.3%; total votes 199.8.", "general_mayor_winner": "Mamdani", "general_public_advocate": "JUMAANE D. WILLIAMS beat GONZALO DURAN, 150.5 to 25.5, 85.1% to 14.4%; total votes 177.", "general_public_advocate_winner": "Williams", "general_comptroller": "MARK D. LEVINE beat PETER KEFALAS, 154.1 to 17.9, 87.1% to 10.1%; total votes 177.", "general_comptroller_winner": "Levine", "question_1": "Disapprove beat Approve, 87.4 to 86.5, 50.3% to 49.7%; total votes 173.8.", "question_1_winner": "No-disapprove!", "question_2": "Approve beat Disapprove, 132.2 to 44.4, 74.9% to 25.1%; total votes 176.5.", "question_2_winner": "Yes-approve!", "question_3": "Approve beat Disapprove, 115.1 to 55.1, 67.6% to 32.4%; total votes 170.2.", "question_3_winner": "Yes-approve!", "question_4": "Approve beat Disapprove, 118.7 to 50.6, 70.1% to 29.9%; total votes 169.3.", "question_4_winner": "Yes-approve!", "question_5": "Approve beat Disapprove, 147.8 to 25.1, 85.5% to 14.5%; total votes 172.9.", "question_5_winner": "Yes-approve!", "question_6": "Approve beat Disapprove, 97.7 to 71.7, 57.7% to 42.3%; total votes 169.3.", "question_6_winner": "Yes-approve!", "dem_primary_mayor": "Zohran Kwame Mamdani beat Andrew M. Cuomo, 60.9 to 36.3, 51.3% to 30.6%; total votes 118.7.", "dem_primary_mayor_winner": "Mamdani", "dem_primary_public_advocate": "Jumaane D. Williams beat Jenifer Rajkumar, 77.5 to 17.9, 75.9% to 17.5%; total votes 102.1.", "dem_primary_public_advocate_winner": "Williams", "dem_primary_comptroller": "Mark D. Levine beat Justin Brannan, 52 to 32.3, 49.6% to 30.8%; total votes 104.8.", "dem_primary_comptroller_winner": "Levine", "popup_summary": "Mayor: ZOHRAN KWAME MAMDANI beat ANDREW M. CUOMO, 128.1 to 64.5, 64.1% to 32.3%; total votes 199.8. | Public Advocate: JUMAANE D. WILLIAMS beat GONZALO DURAN, 150.5 to 25.5, 85.1% to 14.4%; total votes 177. | City Comptroller: MARK D. LEVINE beat PETER KEFALAS, 154.1 to 17.9, 87.1% to 10.1%; total votes 177. | Question 1: Disapprove beat Approve, 87.4 to 86.5, 50.3% to 49.7%; total votes 173.8. | Question 2: Approve beat Disapprove, 132.2 to 44.4, 74.9% to 25.1%; total votes 176.5. | Question 3: Approve beat Disapprove, 115.1 to 55.1, 67.6% to 32.4%; total votes 170.2. | Question 4: Approve beat Disapprove, 118.7 to 50.6, 70.1% to 29.9%; total votes 169.3. | Question 5: Approve beat Disapprove, 147.8 to 25.1, 85.5% to 14.5%; total votes 172.9. | Question 6: Approve beat Disapprove, 97.7 to 71.7, 57.7% to 42.3%; total votes 169.3. | Dem Primary Mayor: Zohran Kwame Mamdani beat Andrew M. Cuomo, 60.9 to 36.3, 51.3% to 30.6%; total votes 118.7. | Dem Primary Public Advocate: Jumaane D. Williams beat Jenifer Rajkumar, 77.5 to 17.9, 75.9% to 17.5%; total votes 102.1. | Dem Primary Comptroller: Mark D. Levine beat Justin Brannan, 52 to 32.3, 49.6% to 30.8%; total votes 104.8.", "mayor_margin": 31.8, "q2_yes": 74.9, "q3_yes": 67.6, "q4_yes": 70.1}, "geometry": {"type": "MultiPolygon", "coordinates": [[[[-73.9440544, 40.7829644], [-73.9440968, 40.7829108], [-73.9441804, 40.7828], [-73.9441911, 40.7827858], [-73.9442222, 40.7827363], [-73.9442601, 40.782676], [-73.9442732, 40.7826552], [-73.9443229, 40.7825577], [-73.9443317, 40.7825405], [-73.944342, 40.7825201], [-73.9443972, 40.7823816], [-73.9444383, 40.782241], [-73.9452131, 40.7825707], [-73.9475776, 40.7835679], [-73.9470895, 40.7842449], [-73.946445, 40.7839732], [-73.9459219, 40.7837528], [-73.9447226, 40.7832476], [-73.9442233, 40.7839333], [-73.9433189, 40.7851733], [-73.9419701, 40.7845902], [-73.9427782, 40.7841706], [-73.9429629, 40.7840583], [-73.942963, 40.7840583], [-73.9429631, 40.7840582], [-73.9431589, 40.7839244], [-73.9433444, 40.7837823], [-73.9435186, 40.7836325], [-73.9436602, 40.7834864], [-73.943791, 40.7833344], [-73.9439106, 40.7831771], [-73.9440183, 40.7830152], [-73.9440544, 40.7829644]]]]}}, {"type": "Feature", "properties": {"felt:feature": 63, "ed_label": "AD 70 ED 036", "elect_dist": "70036", "borough": "Manhattan", "community_board": 11, "community_board_label": "Manhattan CB11", "popup_title": "Manhattan CB11 \u2014 AD 70 ED 036", "general_mayor": "ZOHRAN KWAME MAMDANI beat ANDREW M. CUOMO, 2.5 to 1.2, 64.2% to 32.1%; total votes 3.9.", "general_mayor_winner": "Mamdani", "general_public_advocate": "JUMAANE D. WILLIAMS beat GONZALO DURAN, 3.6 to 0.1, 96.8% to 2.6%; total votes 3.7.", "general_public_advocate_winner": "Williams", "general_comptroller": "MARK D. LEVINE beat PETER KEFALAS, 3.4 to 0.1, 95.3% to 2.7%; total votes 3.6.", "general_comptroller_winner": "Levine", "question_1": "Disapprove beat Approve, 1.8 to 1.7, 51.3% to 48.7%; total votes 3.5.", "question_1_winner": "No-disapprove!", "question_2": "Approve beat Disapprove, 2.7 to 1, 73.1% to 26.9%; total votes 3.7.", "question_2_winner": "Yes-approve!", "question_3": "Approve beat Disapprove, 2.3 to 1.3, 64.1% to 35.9%; total votes 3.6.", "question_3_winner": "Yes-approve!", "question_4": "Approve beat Disapprove, 2.6 to 1, 71.6% to 28.4%; total votes 3.6.", "question_4_winner": "Yes-approve!", "question_5": "Approve beat Disapprove, 2.6 to 0.9, 74.0% to 26.0%; total votes 3.5.", "question_5_winner": "Yes-approve!", "question_6": "Approve beat Disapprove, 1.8 to 1.7, 51.2% to 48.8%; total votes 3.6.", "question_6_winner": "Yes-approve!", "dem_primary_mayor": "Zohran Kwame Mamdani beat Andrew M. Cuomo, 1 to 1, 39.3% to 38.4%; total votes 2.5.", "dem_primary_mayor_winner": "Mamdani", "dem_primary_public_advocate": "Jumaane D. Williams beat Jenifer Rajkumar, 2 to 0.2, 86.1% to 8.9%; total votes 2.4.", "dem_primary_public_advocate_winner": "Williams", "dem_primary_comptroller": "Mark D. Levine beat Justin Brannan, 1.5 to 0.5, 63.6% to 20.0%; total votes 2.3.", "dem_primary_comptroller_winner": "Levine", "popup_summary": "Mayor: ZOHRAN KWAME MAMDANI beat ANDREW M. CUOMO, 2.5 to 1.2, 64.2% to 32.1%; total votes 3.9. | Public Advocate: JUMAANE D. WILLIAMS beat GONZALO DURAN, 3.6 to 0.1, 96.8% to 2.6%; total votes 3.7. | City Comptroller: MARK D. LEVINE beat PETER KEFALAS, 3.4 to 0.1, 95.3% to 2.7%; total votes 3.6. | Question 1: Disapprove beat Approve, 1.8 to 1.7, 51.3% to 48.7%; total votes 3.5. | Question 2: Approve beat Disapprove, 2.7 to 1, 73.1% to 26.9%; total votes 3.7. | Question 3: Approve beat Disapprove, 2.3 to 1.3, 64.1% to 35.9%; total votes 3.6. | Question 4: Approve beat Disapprove, 2.6 to 1, 71.6% to 28.4%; total votes 3.6. | Question 5: Approve beat Disapprove, 2.6 to 0.9, 74.0% to 26.0%; total votes 3.5. | Question 6: Approve beat Disapprove, 1.8 to 1.7, 51.2% to 48.8%; total votes 3.6. | Dem Primary Mayor: Zohran Kwame Mamdani beat Andrew M. Cuomo, 1 to 1, 39.3% to 38.4%; total votes 2.5. | Dem Primary Public Advocate: Jumaane D. Williams beat Jenifer Rajkumar, 2 to 0.2, 86.1% to 8.9%; total votes 2.4. | Dem Primary Comptroller: Mark D. Levine beat Justin Brannan, 1.5 to 0.5, 63.6% to 20.0%; total votes 2.3.", "mayor_margin": 32.1, "q2_yes": 73.1, "q3_yes": 64.1, "q4_yes": 71.6}, "geometry": {"type": "MultiPolygon", "coordinates": [[[[-73.9344004, 40.8196678], [-73.9343128, 40.8196299], [-73.934117, 40.8195505], [-73.93383, 40.8194911], [-73.9338278, 40.8194155], [-73.9338261, 40.8193564], [-73.9338002, 40.8183498], [-73.9337933, 40.8177766], [-73.9338669, 40.8177969], [-73.9339944, 40.8178322], [-73.9340746, 40.8178265], [-73.9341375, 40.8178214], [-73.9342643, 40.8179143], [-73.9342352, 40.8175549], [-73.934454, 40.8171885], [-73.9346379, 40.816908], [-73.9348734, 40.8165278], [-73.9365402, 40.8168632], [-73.9384585, 40.8172491], [-73.9385385, 40.8172813], [-73.9382208, 40.8177146], [-73.9380887, 40.8179006], [-73.9376437, 40.8185106], [-73.9375161, 40.8186847], [-73.9374641, 40.8187597], [-73.9374389, 40.8187952], [-73.9374075, 40.8188342], [-73.9371784, 40.8191414], [-73.9370311, 40.8193472], [-73.9369763, 40.8194218], [-73.9367204, 40.81977], [-73.9362928, 40.8203534], [-73.9362604, 40.8203951], [-73.9362269, 40.8204383], [-73.9360844, 40.820378], [-73.9344752, 40.8196975], [-73.9344004, 40.8196678]]]]}}, {"type": "Feature", "properties": {"felt:feature": 64, "ed_label": "AD 70 ED 043", "elect_dist": "70043", "borough": "Manhattan", "community_board": 11, "community_board_label": "Manhattan CB11", "popup_title": "Manhattan CB11 \u2014 AD 70 ED 043", "general_mayor": "ZOHRAN KWAME MAMDANI beat ANDREW M. CUOMO, 228.4 to 191.6, 51.5% to 43.2%; total votes 443.9.", "general_mayor_winner": "Mamdani", "general_public_advocate": "JUMAANE D. WILLIAMS beat GONZALO DURAN, 405.1 to 13.9, 95.1% to 3.3%; total votes 426.", "general_public_advocate_winner": "Williams", "general_comptroller": "MARK D. LEVINE beat PETER KEFALAS, 387.3 to 13.9, 94.4% to 3.4%; total votes 410.1.", "general_comptroller_winner": "Levine", "question_1": "Disapprove beat Approve, 207.5 to 192.6, 51.9% to 48.1%; total votes 400.2.", "question_1_winner": "No-disapprove!", "question_2": "Approve beat Disapprove, 300.9 to 118.2, 71.8% to 28.2%; total votes 419.", "question_2_winner": "Yes-approve!", "question_3": "Approve beat Disapprove, 274.1 to 139, 66.3% to 33.7%; total votes 413.1.", "question_3_winner": "Yes-approve!", "question_4": "Approve beat Disapprove, 285 to 125.1, 69.5% to 30.5%; total votes 410.1.", "question_4_winner": "Yes-approve!", "question_5": "Approve beat Disapprove, 281 to 131.1, 68.2% to 31.8%; total votes 412.1.", "question_5_winner": "Yes-approve!", "question_6": "Disapprove beat Approve, 222.4 to 187.7, 54.2% to 45.8%; total votes 410.1.", "question_6_winner": "No-disapprove!", "dem_primary_mayor": "Andrew M. Cuomo beat Zohran Kwame Mamdani, 162.9 to 62.6, 53.9% to 20.7%; total votes 301.9.", "dem_primary_mayor_winner": "Cuomo", "dem_primary_public_advocate": "Jumaane D. Williams beat Jenifer Rajkumar, 264.1 to 20.9, 89.3% to 7.0%; total votes 295.9.", "dem_primary_public_advocate_winner": "Williams", "dem_primary_comptroller": "Mark D. Levine beat Justin Brannan, 192.6 to 43.7, 67.4% to 15.3%; total votes 286.", "dem_primary_comptroller_winner": "Levine", "popup_summary": "Mayor: ZOHRAN KWAME MAMDANI beat ANDREW M. CUOMO, 228.4 to 191.6, 51.5% to 43.2%; total votes 443.9. | Public Advocate: JUMAANE D. WILLIAMS beat GONZALO DURAN, 405.1 to 13.9, 95.1% to 3.3%; total votes 426. | City Comptroller: MARK D. LEVINE beat PETER KEFALAS, 387.3 to 13.9, 94.4% to 3.4%; total votes 410.1. | Question 1: Disapprove beat Approve, 207.5 to 192.6, 51.9% to 48.1%; total votes 400.2. | Question 2: Approve beat Disapprove, 300.9 to 118.2, 71.8% to 28.2%; total votes 419. | Question 3: Approve beat Disapprove, 274.1 to 139, 66.3% to 33.7%; total votes 413.1. | Question 4: Approve beat Disapprove, 285 to 125.1, 69.5% to 30.5%; total votes 410.1. | Question 5: Approve beat Disapprove, 281 to 131.1, 68.2% to 31.8%; total votes 412.1. | Question 6: Disapprove beat Approve, 222.4 to 187.7, 54.2% to 45.8%; total votes 410.1. | Dem Primary Mayor: Andrew M. Cuomo beat Zohran Kwame Mamdani, 162.9 to 62.6, 53.9% to 20.7%; total votes 301.9. | Dem Primary Public Advocate: Jumaane D. Williams beat Jenifer Rajkumar, 264.1 to 20.9, 89.3% to 7.0%; total votes 295.9. | Dem Primary Comptroller: Mark D. Levine beat Justin Brannan, 192.6 to 43.7, 67.4% to 15.3%; total votes 286.", "mayor_margin": 8.3, "q2_yes": 71.8, "q3_yes": 66.3, "q4_yes": 69.5}, "geometry": {"type": "MultiPolygon", "coordinates": [[[[-73.9337933, 40.8177766], [-73.93379, 40.8171514], [-73.9338059, 40.8165125], [-73.933829, 40.8155854], [-73.9339461, 40.8155876], [-73.9339461, 40.8155765], [-73.9339417, 40.8155653], [-73.9339491, 40.8155564], [-73.9339505, 40.815543], [-73.9339417, 40.8155318], [-73.9339418, 40.8155162], [-73.9339521, 40.8154972], [-73.9339535, 40.8154861], [-73.9339345, 40.8154715], [-73.9339462, 40.8154425], [-73.9339389, 40.8154157], [-73.9339492, 40.8154012], [-73.9339463, 40.8153901], [-73.9339566, 40.8153722], [-73.9339485, 40.8153482], [-73.9339486, 40.8153248], [-73.9339486, 40.8152946], [-73.933953, 40.8152667], [-73.9339545, 40.8152355], [-73.9339443, 40.8152053], [-73.9339487, 40.8151752], [-73.9339473, 40.8151551], [-73.9339634, 40.8151294], [-73.9339679, 40.8151004], [-73.9339635, 40.8150692], [-73.9339694, 40.815039], [-73.9339857, 40.8149475], [-73.9339894, 40.8149124], [-73.933982, 40.8148956], [-73.9339835, 40.8148744], [-73.9339747, 40.8148487], [-73.9339821, 40.8148253], [-73.9339733, 40.8147873], [-73.933991, 40.8147751], [-73.9339778, 40.8147583], [-73.9339895, 40.8147382], [-73.9339954, 40.8147193], [-73.9339808, 40.8147047], [-73.9339822, 40.8146824], [-73.9339852, 40.81463], [-73.9339765, 40.8146009], [-73.9339662, 40.8145652], [-73.9339912, 40.8145284], [-73.9340148, 40.8144838], [-73.9338565, 40.8144815], [-73.9338623, 40.8142493], [-73.9338639, 40.8141927], [-73.9338651, 40.8141532], [-73.9340693, 40.814148], [-73.9341983, 40.8141445], [-73.9342083, 40.8141443], [-73.9342964, 40.8141422], [-73.9343632, 40.8141304], [-73.934359, 40.8141635], [-73.9343541, 40.8142148], [-73.93443, 40.814214], [-73.9346917, 40.8142306], [-73.9349208, 40.8142711], [-73.9361355, 40.8147881], [-73.9360508, 40.814908], [-73.9359937, 40.8149887], [-73.9357555, 40.8153256], [-73.9348734, 40.8165278], [-73.9346379, 40.816908], [-73.934454, 40.8171885], [-73.9342352, 40.8175549], [-73.9342643, 40.8179143], [-73.9341375, 40.8178214], [-73.9340746, 40.8178265], [-73.9339944, 40.8178322], [-73.9338669, 40.8177969], [-73.9337933, 40.8177766]]]]}}, {"type": "Feature", "properties": {"felt:feature": 65, "ed_label": "AD 70 ED 044", "elect_dist": "70044", "borough": "Manhattan", "community_board": 11, "community_board_label": "Manhattan CB11", "popup_title": "Manhattan CB11 \u2014 AD 70 ED 044", "general_mayor": "ZOHRAN KWAME MAMDANI beat ANDREW M. CUOMO, 515 to 272, 63.0% to 33.3%; total votes 818.", "general_mayor_winner": "Mamdani", "general_public_advocate": "JUMAANE D. WILLIAMS beat GONZALO DURAN, 750 to 22, 96.3% to 2.8%; total votes 779.", "general_public_advocate_winner": "Williams", "general_comptroller": "MARK D. LEVINE beat PETER KEFALAS, 704 to 22, 94.2% to 2.9%; total votes 747.", "general_comptroller_winner": "Levine", "question_1": "Disapprove beat Approve, 393 to 309, 56.0% to 44.0%; total votes 702.", "question_1_winner": "No-disapprove!", "question_2": "Approve beat Disapprove, 523 to 210, 71.4% to 28.6%; total votes 733.", "question_2_winner": "Yes-approve!", "question_3": "Approve beat Disapprove, 458 to 256, 64.1% to 35.9%; total votes 714.", "question_3_winner": "Yes-approve!", "question_4": "Approve beat Disapprove, 512 to 217, 70.2% to 29.8%; total votes 729.", "question_4_winner": "Yes-approve!", "question_5": "Approve beat Disapprove, 531 to 187, 74.0% to 26.0%; total votes 718.", "question_5_winner": "Yes-approve!", "question_6": "Disapprove beat Approve, 387 to 333, 53.8% to 46.2%; total votes 720.", "question_6_winner": "No-disapprove!", "dem_primary_mayor": "Andrew M. Cuomo beat Zohran Kwame Mamdani, 229 to 165, 44.9% to 32.4%; total votes 510.", "dem_primary_mayor_winner": "Cuomo", "dem_primary_public_advocate": "Jumaane D. Williams beat Jenifer Rajkumar, 424 to 40, 87.4% to 8.2%; total votes 485.", "dem_primary_public_advocate_winner": "Williams", "dem_primary_comptroller": "Mark D. Levine beat Justin Brannan, 296 to 83, 62.7% to 17.6%; total votes 472.", "dem_primary_comptroller_winner": "Levine", "popup_summary": "Mayor: ZOHRAN KWAME MAMDANI beat ANDREW M. CUOMO, 515 to 272, 63.0% to 33.3%; total votes 818. | Public Advocate: JUMAANE D. WILLIAMS beat GONZALO DURAN, 750 to 22, 96.3% to 2.8%; total votes 779. | City Comptroller: MARK D. LEVINE beat PETER KEFALAS, 704 to 22, 94.2% to 2.9%; total votes 747. | Question 1: Disapprove beat Approve, 393 to 309, 56.0% to 44.0%; total votes 702. | Question 2: Approve beat Disapprove, 523 to 210, 71.4% to 28.6%; total votes 733. | Question 3: Approve beat Disapprove, 458 to 256, 64.1% to 35.9%; total votes 714. | Question 4: Approve beat Disapprove, 512 to 217, 70.2% to 29.8%; total votes 729. | Question 5: Approve beat Disapprove, 531 to 187, 74.0% to 26.0%; total votes 718. | Question 6: Disapprove beat Approve, 387 to 333, 53.8% to 46.2%; total votes 720. | Dem Primary Mayor: Andrew M. Cuomo beat Zohran Kwame Mamdani, 229 to 165, 44.9% to 32.4%; total votes 510. | Dem Primary Public Advocate: Jumaane D. Williams beat Jenifer Rajkumar, 424 to 40, 87.4% to 8.2%; total votes 485. | Dem Primary Comptroller: Mark D. Levine beat Justin Brannan, 296 to 83, 62.7% to 17.6%; total votes 472.", "mayor_margin": 29.7, "q2_yes": 71.4, "q3_yes": 64.1, "q4_yes": 70.2}, "geometry": {"type": "MultiPolygon", "coordinates": [[[[-73.9338651, 40.8141532], [-73.9338693, 40.8141012], [-73.9338723, 40.8140633], [-73.9339298, 40.8133477], [-73.9339818, 40.8128146], [-73.9340077, 40.8126085], [-73.9340384, 40.8123409], [-73.9340931, 40.8119684], [-73.9341371, 40.8117124], [-73.9341956, 40.8113932], [-73.9343817, 40.8114303], [-73.9346528, 40.8114972], [-73.934719, 40.8115217], [-73.934784, 40.81156], [-73.9348906, 40.8116007], [-73.9349672, 40.8116325], [-73.9359137, 40.8120259], [-73.936035, 40.8120608], [-73.9362083, 40.8121487], [-73.9371008, 40.8125235], [-73.9376171, 40.8127404], [-73.937144, 40.813421], [-73.9370816, 40.8135061], [-73.9366885, 40.8140416], [-73.9362296, 40.8146474], [-73.9361355, 40.8147881], [-73.9349208, 40.8142711], [-73.9346917, 40.8142306], [-73.93443, 40.814214], [-73.9343541, 40.8142148], [-73.934359, 40.8141635], [-73.9343632, 40.8141304], [-73.9342964, 40.8141422], [-73.9342083, 40.8141443], [-73.9341983, 40.8141445], [-73.9340693, 40.814148], [-73.9338651, 40.8141532]]]]}}, {"type": "Feature", "properties": {"felt:feature": 66, "ed_label": "AD 70 ED 045", "elect_dist": "70045", "borough": "Manhattan", "community_board": 11, "community_board_label": "Manhattan CB11", "popup_title": "Manhattan CB11 \u2014 AD 70 ED 045", "general_mayor": "ZOHRAN KWAME MAMDANI beat ANDREW M. CUOMO, 129 to 106, 52.0% to 42.7%; total votes 248.", "general_mayor_winner": "Mamdani", "general_public_advocate": "JUMAANE D. WILLIAMS beat GONZALO DURAN, 208 to 14, 93.3% to 6.3%; total votes 223.", "general_public_advocate_winner": "Williams", "general_comptroller": "MARK D. LEVINE beat PETER KEFALAS, 196 to 17, 90.3% to 7.8%; total votes 217.", "general_comptroller_winner": "Levine", "question_1": "Approve beat Disapprove, 101 to 88, 53.4% to 46.6%; total votes 189.", "question_1_winner": "Yes-approve!", "question_2": "Approve beat Disapprove, 157 to 39, 80.1% to 19.9%; total votes 196.", "question_2_winner": "Yes-approve!", "question_3": "Approve beat Disapprove, 138 to 54, 71.9% to 28.1%; total votes 192.", "question_3_winner": "Yes-approve!", "question_4": "Approve beat Disapprove, 155 to 41, 79.1% to 20.9%; total votes 196.", "question_4_winner": "Yes-approve!", "question_5": "Approve beat Disapprove, 132 to 56, 70.2% to 29.8%; total votes 188.", "question_5_winner": "Yes-approve!", "question_6": "Disapprove beat Approve, 94 to 94, 50.0% to 50.0%; total votes 188.", "question_6_winner": "No-disapprove!", "dem_primary_mayor": "Andrew M. Cuomo beat Zohran Kwame Mamdani, 72 to 41, 53.7% to 30.6%; total votes 134.", "dem_primary_mayor_winner": "Cuomo", "dem_primary_public_advocate": "Jumaane D. Williams beat Jenifer Rajkumar, 98 to 11, 83.1% to 9.3%; total votes 118.", "dem_primary_public_advocate_winner": "Williams", "dem_primary_comptroller": "Mark D. Levine beat Ismael Malave Perez, 73 to 22, 59.8% to 18.0%; total votes 122.", "dem_primary_comptroller_winner": "Levine", "popup_summary": "Mayor: ZOHRAN KWAME MAMDANI beat ANDREW M. CUOMO, 129 to 106, 52.0% to 42.7%; total votes 248. | Public Advocate: JUMAANE D. WILLIAMS beat GONZALO DURAN, 208 to 14, 93.3% to 6.3%; total votes 223. | City Comptroller: MARK D. LEVINE beat PETER KEFALAS, 196 to 17, 90.3% to 7.8%; total votes 217. | Question 1: Approve beat Disapprove, 101 to 88, 53.4% to 46.6%; total votes 189. | Question 2: Approve beat Disapprove, 157 to 39, 80.1% to 19.9%; total votes 196. | Question 3: Approve beat Disapprove, 138 to 54, 71.9% to 28.1%; total votes 192. | Question 4: Approve beat Disapprove, 155 to 41, 79.1% to 20.9%; total votes 196. | Question 5: Approve beat Disapprove, 132 to 56, 70.2% to 29.8%; total votes 188. | Question 6: Disapprove beat Approve, 94 to 94, 50.0% to 50.0%; total votes 188. | Dem Primary Mayor: Andrew M. Cuomo beat Zohran Kwame Mamdani, 72 to 41, 53.7% to 30.6%; total votes 134. | Dem Primary Public Advocate: Jumaane D. Williams beat Jenifer Rajkumar, 98 to 11, 83.1% to 9.3%; total votes 118. | Dem Primary Comptroller: Mark D. Levine beat Ismael Malave Perez, 73 to 22, 59.8% to 18.0%; total votes 122.", "mayor_margin": 9.3, "q2_yes": 80.1, "q3_yes": 71.9, "q4_yes": 79.1}, "geometry": {"type": "MultiPolygon", "coordinates": [[[[-73.936035, 40.8120608], [-73.936109, 40.8119672], [-73.9361652, 40.8118884], [-73.9362064, 40.8118305], [-73.9362509, 40.8117681], [-73.9362932, 40.8117087], [-73.9364457, 40.8114945], [-73.9365257, 40.8113823], [-73.9365692, 40.8113212], [-73.9366112, 40.8112639], [-73.9366644, 40.8111911], [-73.936795, 40.8110126], [-73.9368454, 40.8109437], [-73.9368936, 40.8108778], [-73.9370374, 40.8106813], [-73.9371429, 40.810537], [-73.9372956, 40.8103283], [-73.9373499, 40.8102541], [-73.9374073, 40.8101756], [-73.9390175, 40.8108566], [-73.9387439, 40.8112308], [-73.9386375, 40.8113764], [-73.9383875, 40.8117184], [-73.9383093, 40.8118255], [-73.9382064, 40.8119676], [-73.9381355, 40.8120656], [-73.9376171, 40.8127404], [-73.9371008, 40.8125235], [-73.9362083, 40.8121487], [-73.936035, 40.8120608]]]]}}, {"type": "Feature", "properties": {"felt:feature": 67, "ed_label": "AD 70 ED 046", "elect_dist": "70046", "borough": "Manhattan", "community_board": 11, "community_board_label": "Manhattan CB11", "popup_title": "Manhattan CB11 \u2014 AD 70 ED 046", "general_mayor": "ZOHRAN KWAME MAMDANI beat ANDREW M. CUOMO, 141 to 130, 49.3% to 45.5%; total votes 286.", "general_mayor_winner": "Mamdani", "general_public_advocate": "JUMAANE D. WILLIAMS beat GONZALO DURAN, 239 to 17, 92.6% to 6.6%; total votes 258.", "general_public_advocate_winner": "Williams", "general_comptroller": "MARK D. LEVINE beat PETER KEFALAS, 225 to 15, 89.3% to 6.0%; total votes 252.", "general_comptroller_winner": "Levine", "question_1": "Disapprove beat Approve, 123 to 112, 52.3% to 47.7%; total votes 235.", "question_1_winner": "No-disapprove!", "question_2": "Approve beat Disapprove, 199 to 46, 81.2% to 18.8%; total votes 245.", "question_2_winner": "Yes-approve!", "question_3": "Approve beat Disapprove, 174 to 62, 73.7% to 26.3%; total votes 236.", "question_3_winner": "Yes-approve!", "question_4": "Approve beat Disapprove, 182 to 54, 77.1% to 22.9%; total votes 236.", "question_4_winner": "Yes-approve!", "question_5": "Approve beat Disapprove, 162 to 69, 70.1% to 29.9%; total votes 231.", "question_5_winner": "Yes-approve!", "question_6": "Approve beat Disapprove, 122 to 111, 52.4% to 47.6%; total votes 233.", "question_6_winner": "Yes-approve!", "dem_primary_mayor": "Andrew M. Cuomo beat Zohran Kwame Mamdani, 93 to 48, 55.7% to 28.7%; total votes 167.", "dem_primary_mayor_winner": "Cuomo", "dem_primary_public_advocate": "Jumaane D. Williams beat Jenifer Rajkumar, 128 to 11, 85.9% to 7.4%; total votes 149.", "dem_primary_public_advocate_winner": "Williams", "dem_primary_comptroller": "Mark D. Levine beat Ismael Malave Perez, 89 to 18, 65.4% to 13.2%; total votes 136.", "dem_primary_comptroller_winner": "Levine", "popup_summary": "Mayor: ZOHRAN KWAME MAMDANI beat ANDREW M. CUOMO, 141 to 130, 49.3% to 45.5%; total votes 286. | Public Advocate: JUMAANE D. WILLIAMS beat GONZALO DURAN, 239 to 17, 92.6% to 6.6%; total votes 258. | City Comptroller: MARK D. LEVINE beat PETER KEFALAS, 225 to 15, 89.3% to 6.0%; total votes 252. | Question 1: Disapprove beat Approve, 123 to 112, 52.3% to 47.7%; total votes 235. | Question 2: Approve beat Disapprove, 199 to 46, 81.2% to 18.8%; total votes 245. | Question 3: Approve beat Disapprove, 174 to 62, 73.7% to 26.3%; total votes 236. | Question 4: Approve beat Disapprove, 182 to 54, 77.1% to 22.9%; total votes 236. | Question 5: Approve beat Disapprove, 162 to 69, 70.1% to 29.9%; total votes 231. | Question 6: Approve beat Disapprove, 122 to 111, 52.4% to 47.6%; total votes 233. | Dem Primary Mayor: Andrew M. Cuomo beat Zohran Kwame Mamdani, 93 to 48, 55.7% to 28.7%; total votes 167. | Dem Primary Public Advocate: Jumaane D. Williams beat Jenifer Rajkumar, 128 to 11, 85.9% to 7.4%; total votes 149. | Dem Primary Comptroller: Mark D. Levine beat Ismael Malave Perez, 89 to 18, 65.4% to 13.2%; total votes 136.", "mayor_margin": 3.8, "q2_yes": 81.2, "q3_yes": 73.7, "q4_yes": 77.1}, "geometry": {"type": "MultiPolygon", "coordinates": [[[[-73.9341956, 40.8113932], [-73.9342823, 40.8108231], [-73.9345812, 40.8106769], [-73.9346652, 40.8106358], [-73.9347333, 40.8106025], [-73.9348681, 40.8104948], [-73.93496, 40.8104224], [-73.9350228, 40.8103795], [-73.9352155, 40.8102099], [-73.9353629, 40.8100653], [-73.9358078, 40.8094976], [-73.9374073, 40.8101756], [-73.9373499, 40.8102541], [-73.9372956, 40.8103283], [-73.9371429, 40.810537], [-73.9370374, 40.8106813], [-73.9368936, 40.8108778], [-73.9368454, 40.8109437], [-73.936795, 40.8110126], [-73.9366644, 40.8111911], [-73.9366112, 40.8112639], [-73.9365692, 40.8113212], [-73.9365257, 40.8113823], [-73.9364457, 40.8114945], [-73.9362932, 40.8117087], [-73.9362509, 40.8117681], [-73.9362064, 40.8118305], [-73.9361652, 40.8118884], [-73.936109, 40.8119672], [-73.936035, 40.8120608], [-73.9359137, 40.8120259], [-73.9349672, 40.8116325], [-73.9348906, 40.8116007], [-73.934784, 40.81156], [-73.934719, 40.8115217], [-73.9346528, 40.8114972], [-73.9343817, 40.8114303], [-73.9341956, 40.8113932]]]]}}, {"type": "Feature", "properties": {"felt:feature": 68, "ed_label": "AD 70 ED 047", "elect_dist": "70047", "borough": "Manhattan", "community_board": 11, "community_board_label": "Manhattan CB11", "popup_title": "Manhattan CB11 \u2014 AD 70 ED 047", "general_mayor": "ZOHRAN KWAME MAMDANI beat ANDREW M. CUOMO, 399 to 117, 74.2% to 21.7%; total votes 538.", "general_mayor_winner": "Mamdani", "general_public_advocate": "JUMAANE D. WILLIAMS beat GONZALO DURAN, 485 to 26, 93.6% to 5.0%; total votes 518.", "general_public_advocate_winner": "Williams", "general_comptroller": "MARK D. LEVINE beat PETER KEFALAS, 458 to 30, 91.2% to 6.0%; total votes 502.", "general_comptroller_winner": "Levine", "question_1": "Disapprove beat Approve, 267 to 217, 55.2% to 44.8%; total votes 484.", "question_1_winner": "No-disapprove!", "question_2": "Approve beat Disapprove, 342 to 155, 68.8% to 31.2%; total votes 497.", "question_2_winner": "Yes-approve!", "question_3": "Approve beat Disapprove, 312 to 180, 63.4% to 36.6%; total votes 492.", "question_3_winner": "Yes-approve!", "question_4": "Approve beat Disapprove, 335 to 157, 68.1% to 31.9%; total votes 492.", "question_4_winner": "Yes-approve!", "question_5": "Approve beat Disapprove, 386 to 101, 79.3% to 20.7%; total votes 487.", "question_5_winner": "Yes-approve!", "question_6": "Disapprove beat Approve, 265 to 222, 54.4% to 45.6%; total votes 487.", "question_6_winner": "No-disapprove!", "dem_primary_mayor": "Zohran Kwame Mamdani beat Andrew M. Cuomo, 178 to 80, 54.4% to 24.5%; total votes 327.", "dem_primary_mayor_winner": "Mamdani", "dem_primary_public_advocate": "Jumaane D. Williams beat Jenifer Rajkumar, 269 to 31, 86.5% to 10.0%; total votes 311.", "dem_primary_public_advocate_winner": "Williams", "dem_primary_comptroller": "Mark D. Levine beat Justin Brannan, 155 to 100, 51.3% to 33.1%; total votes 302.", "dem_primary_comptroller_winner": "Levine", "popup_summary": "Mayor: ZOHRAN KWAME MAMDANI beat ANDREW M. CUOMO, 399 to 117, 74.2% to 21.7%; total votes 538. | Public Advocate: JUMAANE D. WILLIAMS beat GONZALO DURAN, 485 to 26, 93.6% to 5.0%; total votes 518. | City Comptroller: MARK D. LEVINE beat PETER KEFALAS, 458 to 30, 91.2% to 6.0%; total votes 502. | Question 1: Disapprove beat Approve, 267 to 217, 55.2% to 44.8%; total votes 484. | Question 2: Approve beat Disapprove, 342 to 155, 68.8% to 31.2%; total votes 497. | Question 3: Approve beat Disapprove, 312 to 180, 63.4% to 36.6%; total votes 492. | Question 4: Approve beat Disapprove, 335 to 157, 68.1% to 31.9%; total votes 492. | Question 5: Approve beat Disapprove, 386 to 101, 79.3% to 20.7%; total votes 487. | Question 6: Disapprove beat Approve, 265 to 222, 54.4% to 45.6%; total votes 487. | Dem Primary Mayor: Zohran Kwame Mamdani beat Andrew M. Cuomo, 178 to 80, 54.4% to 24.5%; total votes 327. | Dem Primary Public Advocate: Jumaane D. Williams beat Jenifer Rajkumar, 269 to 31, 86.5% to 10.0%; total votes 311. | Dem Primary Comptroller: Mark D. Levine beat Justin Brannan, 155 to 100, 51.3% to 33.1%; total votes 302.", "mayor_margin": 52.5, "q2_yes": 68.8, "q3_yes": 63.4, "q4_yes": 68.1}, "geometry": {"type": "MultiPolygon", "coordinates": [[[[-73.9374073, 40.8101756], [-73.93788, 40.809525], [-73.9383377, 40.8089038], [-73.9384763, 40.8087137], [-73.9387925, 40.8082801], [-73.9392478, 40.8076549], [-73.9397012, 40.8070349], [-73.9401579, 40.8064091], [-73.9417714, 40.807089], [-73.9413174, 40.8077133], [-73.9408606, 40.8083343], [-73.9404034, 40.8089581], [-73.9399488, 40.8095814], [-73.939494, 40.8102088], [-73.9390175, 40.8108566], [-73.9374073, 40.8101756]]]]}}]}