{"type": "FeatureCollection", "features": [{"type": "Feature", "properties": {"felt:feature": 1, "ed_label": "AD 71 ED 001", "elect_dist": "71001", "borough": "Manhattan", "community_board": 12, "community_board_label": "Manhattan CB12", "popup_title": "Manhattan CB12 \u2014 AD 71 ED 001", "general_mayor": "ZOHRAN KWAME MAMDANI beat ANDREW M. CUOMO, 623 to 171, 75.5% to 20.7%; total votes 825.", "general_mayor_winner": "Mamdani", "general_public_advocate": "JUMAANE D. WILLIAMS beat GONZALO DURAN, 697 to 71, 89.0% to 9.1%; total votes 783.", "general_public_advocate_winner": "Williams", "general_comptroller": "MARK D. LEVINE beat PETER KEFALAS, 669 to 59, 88.6% to 7.8%; total votes 755.", "general_comptroller_winner": "Levine", "question_1": "Disapprove beat Approve, 436 to 321, 57.6% to 42.4%; total votes 757.", "question_1_winner": "No-disapprove!", "question_2": "Approve beat Disapprove, 396 to 371, 51.6% to 48.4%; total votes 767.", "question_2_winner": "Yes-approve!", "question_3": "Disapprove beat Approve, 393 to 361, 52.1% to 47.9%; total votes 754.", "question_3_winner": "No-disapprove!", "question_4": "Approve beat Disapprove, 398 to 358, 52.6% to 47.4%; total votes 756.", "question_4_winner": "Yes-approve!", "question_5": "Approve beat Disapprove, 613 to 140, 81.4% to 18.6%; total votes 753.", "question_5_winner": "Yes-approve!", "question_6": "Disapprove beat Approve, 422 to 334, 55.8% to 44.2%; total votes 756.", "question_6_winner": "No-disapprove!", "dem_primary_mayor": "Zohran Kwame Mamdani beat Andrew M. Cuomo, 329 to 84, 61.7% to 15.8%; total votes 533.", "dem_primary_mayor_winner": "Mamdani", "dem_primary_public_advocate": "Jumaane D. Williams beat Jenifer Rajkumar, 403 to 64, 81.2% to 12.9%; total votes 496.", "dem_primary_public_advocate_winner": "Williams", "dem_primary_comptroller": "Mark D. Levine beat Justin Brannan, 250 to 197, 50.0% to 39.4%; total votes 500.", "dem_primary_comptroller_winner": "Levine", "popup_summary": "Mayor: ZOHRAN KWAME MAMDANI beat ANDREW M. CUOMO, 623 to 171, 75.5% to 20.7%; total votes 825. | Public Advocate: JUMAANE D. WILLIAMS beat GONZALO DURAN, 697 to 71, 89.0% to 9.1%; total votes 783. | City Comptroller: MARK D. LEVINE beat PETER KEFALAS, 669 to 59, 88.6% to 7.8%; total votes 755. | Question 1: Disapprove beat Approve, 436 to 321, 57.6% to 42.4%; total votes 757. | Question 2: Approve beat Disapprove, 396 to 371, 51.6% to 48.4%; total votes 767. | Question 3: Disapprove beat Approve, 393 to 361, 52.1% to 47.9%; total votes 754. | Question 4: Approve beat Disapprove, 398 to 358, 52.6% to 47.4%; total votes 756. | Question 5: Approve beat Disapprove, 613 to 140, 81.4% to 18.6%; total votes 753. | Question 6: Disapprove beat Approve, 422 to 334, 55.8% to 44.2%; total votes 756. | Dem Primary Mayor: Zohran Kwame Mamdani beat Andrew M. Cuomo, 329 to 84, 61.7% to 15.8%; total votes 533. | Dem Primary Public Advocate: Jumaane D. Williams beat Jenifer Rajkumar, 403 to 64, 81.2% to 12.9%; total votes 496. | Dem Primary Comptroller: Mark D. Levine beat Justin Brannan, 250 to 197, 50.0% to 39.4%; total votes 500.", "mayor_margin": 54.8, "q2_yes": 51.6, "q3_yes": 52.1, "q4_yes": 52.6}, "geometry": {"type": "MultiPolygon", "coordinates": [[[[-73.9189285, 40.8733165], [-73.9189185, 40.8732063], [-73.9187976, 40.8731294], [-73.9187537, 40.8731104], [-73.9187075, 40.8730949], [-73.9186595, 40.8730829], [-73.9185989, 40.8730706], [-73.91854, 40.8730542], [-73.9184833, 40.8730339], [-73.9184292, 40.8730098], [-73.919459, 40.8722493], [-73.9196989, 40.8720635], [-73.9192548, 40.8710078], [-73.9208966, 40.869877], [-73.9215314, 40.8694501], [-73.9216262, 40.8693922], [-73.921724, 40.8693372], [-73.9218246, 40.8692852], [-73.9219278, 40.8692362], [-73.9220335, 40.8691904], [-73.9221415, 40.8691478], [-73.9234338, 40.8686861], [-73.9240377, 40.8684684], [-73.9259187, 40.8677692], [-73.9264066, 40.867384], [-73.9268372, 40.8670641], [-73.9280577, 40.8661994], [-73.9287264, 40.8667414], [-73.929341, 40.8672572], [-73.9299896, 40.8677924], [-73.9309194, 40.868571], [-73.9311788, 40.8687689], [-73.9312767, 40.8688436], [-73.9314144, 40.8689619], [-73.9315037, 40.8693288], [-73.9315654, 40.8695822], [-73.9321986, 40.8698449], [-73.932206, 40.8700964], [-73.9321233, 40.8703789], [-73.9320474, 40.8705829], [-73.9320316, 40.8707572], [-73.9319138, 40.8711295], [-73.9317844, 40.8713344], [-73.9316015, 40.8715839], [-73.9314682, 40.8717977], [-73.9313766, 40.8721086], [-73.9312211, 40.8723353], [-73.9310625, 40.8726668], [-73.9308451, 40.8728872], [-73.9306838, 40.8731569], [-73.9299769, 40.874339], [-73.9298622, 40.8744184], [-73.9293192, 40.8752944], [-73.9291797, 40.8755555], [-73.9290135, 40.8757387], [-73.92859, 40.876096], [-73.9283298, 40.8763535], [-73.9281462, 40.8765225], [-73.9280364, 40.8765824], [-73.9279659, 40.8766177], [-73.9275308, 40.8767105], [-73.9268994, 40.8772166], [-73.9266082, 40.8775076], [-73.926531, 40.8775837], [-73.9264819, 40.8776182], [-73.9264159, 40.87761], [-73.9264056, 40.8776215], [-73.9263508, 40.8775923], [-73.9262968, 40.877565], [-73.92631, 40.8775506], [-73.9263025, 40.8775374], [-73.9262974, 40.8775236], [-73.9262946, 40.8775061], [-73.9262955, 40.8774885], [-73.9263002, 40.8774712], [-73.9263085, 40.8774547], [-73.9263203, 40.8774395], [-73.9263352, 40.877426], [-73.9263528, 40.8774145], [-73.9263726, 40.8774053], [-73.9263942, 40.8773987], [-73.9264211, 40.877367], [-73.9264411, 40.8773324], [-73.9264534, 40.8772958], [-73.9264578, 40.8772582], [-73.9264401, 40.8772184], [-73.9264143, 40.8771813], [-73.9263811, 40.8771477], [-73.9263412, 40.8771186], [-73.9262958, 40.8770946], [-73.926246, 40.8770764], [-73.9261929, 40.8770644], [-73.9261381, 40.877059], [-73.9260828, 40.8770603], [-73.9259757, 40.8770549], [-73.9258683, 40.8770564], [-73.9257616, 40.877065], [-73.9256562, 40.8770804], [-73.9255529, 40.8771026], [-73.9254525, 40.8771314], [-73.9253557, 40.8771666], [-73.9252632, 40.877208], [-73.9251758, 40.8772552], [-73.9251688, 40.8772834], [-73.9251575, 40.8773107], [-73.925138, 40.8773424], [-73.9251128, 40.8773715], [-73.9250822, 40.8773976], [-73.9250732, 40.8773935], [-73.9250268, 40.877372], [-73.9249624, 40.8773936], [-73.9248957, 40.8774108], [-73.9248272, 40.8774234], [-73.924742, 40.8774324], [-73.9246561, 40.8774342], [-73.9245704, 40.8774289], [-73.9244859, 40.8774165], [-73.9244038, 40.8773972], [-73.9240051, 40.8773174], [-73.9238615, 40.8772701], [-73.9238197, 40.8772618], [-73.9237768, 40.8772586], [-73.9237337, 40.8772604], [-73.9236916, 40.8772673], [-73.9236513, 40.8772791], [-73.923614, 40.8772955], [-73.9235482, 40.8773014], [-73.9232948, 40.8772644], [-73.9231866, 40.8772167], [-73.9231518, 40.8772014], [-73.9231229, 40.8771887], [-73.9230989, 40.8771668], [-73.923073, 40.8771422], [-73.922999, 40.8771006], [-73.9229976, 40.8770962], [-73.9229691, 40.8770595], [-73.9229238, 40.8770344], [-73.9229051, 40.8770264], [-73.9228599, 40.8770125], [-73.9228315, 40.877006], [-73.9228105, 40.877005], [-73.9228031, 40.8770134], [-73.9227945, 40.8770048], [-73.9228074, 40.8769904], [-73.9228125, 40.8769791], [-73.9227941, 40.876976], [-73.9227755, 40.8769716], [-73.9227516, 40.8769538], [-73.9227151, 40.8769318], [-73.9226711, 40.8769199], [-73.9226438, 40.8769164], [-73.9226222, 40.8769321], [-73.9226196, 40.876917], [-73.922609, 40.8769145], [-73.922596, 40.8769212], [-73.9225852, 40.8769138], [-73.9225802, 40.8769062], [-73.9225838, 40.8768963], [-73.9225772, 40.8768957], [-73.9225818, 40.8768781], [-73.9225915, 40.8768658], [-73.9225686, 40.8768569], [-73.9225379, 40.8768713], [-73.9224923, 40.8768489], [-73.9224769, 40.876832], [-73.9224234, 40.8768015], [-73.9224171, 40.8767859], [-73.9223977, 40.8767802], [-73.9223875, 40.8767632], [-73.9223767, 40.8767589], [-73.9223763, 40.8767479], [-73.9223752, 40.8765569], [-73.9223812, 40.8763658], [-73.9223941, 40.876175], [-73.9224142, 40.8759845], [-73.9224412, 40.8757945], [-73.9224396, 40.8757431], [-73.9224447, 40.8756918], [-73.9224565, 40.8756412], [-73.922475, 40.8755917], [-73.9224998, 40.8755439], [-73.9225508, 40.8754349], [-73.9225933, 40.8753238], [-73.9226271, 40.8752111], [-73.922652, 40.875097], [-73.922668, 40.874982], [-73.9226751, 40.8748665], [-73.9226732, 40.8747508], [-73.9226623, 40.8746355], [-73.9226425, 40.8745208], [-73.9226138, 40.8744073], [-73.9225764, 40.8742952], [-73.9225303, 40.874185], [-73.9224757, 40.874077], [-73.9224128, 40.8739717], [-73.9223419, 40.8738693], [-73.9222631, 40.8737704], [-73.9221768, 40.8736751], [-73.9220832, 40.8735838], [-73.9219827, 40.8734969], [-73.9218756, 40.8734146], [-73.9217624, 40.8733373], [-73.9216433, 40.8732652], [-73.9215188, 40.8731985], [-73.9213894, 40.8731375], [-73.9212554, 40.8730824], [-73.9211174, 40.8730335], [-73.9210887, 40.8730364], [-73.9210597, 40.8730364], [-73.921031, 40.8730334], [-73.9209734, 40.873018], [-73.9209141, 40.8730075], [-73.9208535, 40.8730019], [-73.9207926, 40.8730013], [-73.9207319, 40.8730056], [-73.9207298, 40.8730083], [-73.9207273, 40.8730107], [-73.9207242, 40.8730127], [-73.9207207, 40.8730144], [-73.9207169, 40.8730155], [-73.9207129, 40.8730162], [-73.9207089, 40.8730164], [-73.9207048, 40.873016], [-73.9206893, 40.8730118], [-73.9206836, 40.8730044], [-73.9206592, 40.8730056], [-73.9206379, 40.8729988], [-73.9206039, 40.8729911], [-73.9205697, 40.8729952], [-73.920556, 40.8729988], [-73.9205255, 40.873017], [-73.9204902, 40.8730322], [-73.9204578, 40.8730445], [-73.9204255, 40.8730545], [-73.9203872, 40.8730727], [-73.9203569, 40.8730798], [-73.9203285, 40.8730899], [-73.9203019, 40.8731059], [-73.9202923, 40.8730984], [-73.9202763, 40.873106], [-73.9202577, 40.8731212], [-73.9202238, 40.8731498], [-73.9201943, 40.8731659], [-73.9201685, 40.8731684], [-73.9201508, 40.8731821], [-73.9201341, 40.8731928], [-73.9201254, 40.8732087], [-73.9201037, 40.8732218], [-73.920085, 40.8732347], [-73.9200634, 40.8732538], [-73.92005, 40.8732833], [-73.9200188, 40.8733236], [-73.9199904, 40.873354], [-73.9199814, 40.8733808], [-73.9199717, 40.8733983], [-73.919958, 40.8734097], [-73.9199556, 40.8734505], [-73.9199669, 40.8734715], [-73.9199601, 40.8734874], [-73.9199615, 40.873513], [-73.9199658, 40.8735326], [-73.919952, 40.873541], [-73.9199492, 40.8735554], [-73.9199446, 40.873578], [-73.9199289, 40.8735902], [-73.919927, 40.8735948], [-73.9199121, 40.8735957], [-73.9199054, 40.8736108], [-73.9198735, 40.8736081], [-73.9198289, 40.8736107], [-73.919793, 40.8736065], [-73.9197928, 40.8736463], [-73.9198323, 40.8736525], [-73.9198719, 40.8736488], [-73.9198996, 40.8736489], [-73.9199253, 40.8736543], [-73.919942, 40.8736693], [-73.9199577, 40.8736792], [-73.9199537, 40.8737009], [-73.9199486, 40.8737219], [-73.9199545, 40.8737302], [-73.9199593, 40.8737445], [-73.9199622, 40.8737558], [-73.9199671, 40.873773], [-73.9199738, 40.8737978], [-73.9199816, 40.8738196], [-73.9199746, 40.8738294], [-73.9199854, 40.8738444], [-73.9199988, 40.8738456], [-73.9201299, 40.8739234], [-73.9201448, 40.8739054], [-73.9201704, 40.8739198], [-73.9201555, 40.8739377], [-73.9201959, 40.8739612], [-73.9202138, 40.873944], [-73.9202414, 40.8739628], [-73.9202225, 40.8739785], [-73.9202915, 40.8740163], [-73.9203516, 40.874051], [-73.9204058, 40.8740843], [-73.9204413, 40.8741069], [-73.9204738, 40.8741371], [-73.9204999, 40.8741601], [-73.9205444, 40.8741452], [-73.9205769, 40.8741806], [-73.9206064, 40.874207], [-73.920627, 40.8742348], [-73.9207697, 40.8741774], [-73.9207876, 40.8741789], [-73.9208026, 40.8741941], [-73.9208075, 40.8742153], [-73.9206608, 40.8742787], [-73.9206698, 40.8742969], [-73.9206857, 40.8743234], [-73.9206967, 40.8743484], [-73.9207111, 40.8743874], [-73.9207001, 40.8743919], [-73.920716, 40.8744063], [-73.920725, 40.8744306], [-73.9207429, 40.8744518], [-73.9207579, 40.8744661], [-73.9207548, 40.8744896], [-73.9207668, 40.8745108], [-73.9207807, 40.8745313], [-73.9207817, 40.8745396], [-73.9207927, 40.8745472], [-73.9207887, 40.8745631], [-73.9208036, 40.8745767], [-73.9207996, 40.8745911], [-73.9208095, 40.8746009], [-73.9208165, 40.8746138], [-73.9208165, 40.8746214], [-73.9208295, 40.8746289], [-73.9208424, 40.8746433], [-73.9208394, 40.8746524], [-73.9208434, 40.8746645], [-73.9208524, 40.8746638], [-73.9208688, 40.8746763], [-73.9208827, 40.8746884], [-73.9208867, 40.8747043], [-73.9208917, 40.874721], [-73.9209056, 40.8747391], [-73.9209196, 40.8747512], [-73.9209225, 40.8747618], [-73.9209145, 40.87478], [-73.9209155, 40.8747982], [-73.9209235, 40.8747997], [-73.9209275, 40.8748133], [-73.9209384, 40.8748277], [-73.9209474, 40.8748429], [-73.9209723, 40.8748414], [-73.9209872, 40.8748641], [-73.9209872, 40.8748815], [-73.9210002, 40.8748951], [-73.9210161, 40.8749027], [-73.921032, 40.8749345], [-73.9210549, 40.8749603], [-73.9210813, 40.8749781], [-73.9211142, 40.8750137], [-73.9211401, 40.8750485], [-73.921156, 40.8750773], [-73.921167, 40.8750947], [-73.9211749, 40.875106], [-73.9211749, 40.8751174], [-73.9211819, 40.8751378], [-73.9211699, 40.8751439], [-73.9211699, 40.875153], [-73.9211728, 40.8751681], [-73.9211689, 40.8751757], [-73.9211698, 40.8751833], [-73.9211579, 40.8751885], [-73.9211599, 40.8751961], [-73.9211439, 40.8752037], [-73.9211459, 40.8752067], [-73.9211339, 40.8752097], [-73.9211319, 40.8752218], [-73.9211269, 40.8752347], [-73.9211109, 40.8752385], [-73.9211039, 40.8752528], [-73.9211129, 40.8752672], [-73.9211069, 40.8752763], [-73.9211049, 40.8752854], [-73.92108, 40.8752929], [-73.921062, 40.8753088], [-73.921057, 40.8753194], [-73.921036, 40.8753436], [-73.921024, 40.8753678], [-73.9210111, 40.8753769], [-73.9209901, 40.8753852], [-73.9209781, 40.8754004], [-73.9209691, 40.8754185], [-73.9209552, 40.8754291], [-73.9209302, 40.8754374], [-73.9209292, 40.8754465], [-73.9209182, 40.8754533], [-73.9209132, 40.8754647], [-73.9209033, 40.8754662], [-73.9208943, 40.8754578], [-73.9208756, 40.875464], [-73.9208061, 40.8754775], [-73.9207616, 40.875458], [-73.920721, 40.8754342], [-73.9206522, 40.8754009], [-73.9206084, 40.8753866], [-73.9205677, 40.8753866], [-73.9204833, 40.8753438], [-73.9203863, 40.8753105], [-73.9202956, 40.8752748], [-73.9202612, 40.8752344], [-73.9202175, 40.875213], [-73.9201268, 40.8751749], [-73.9200517, 40.8751392], [-73.9199766, 40.8751107], [-73.9199516, 40.875113], [-73.9198796, 40.875113], [-73.9198171, 40.875094], [-73.919742, 40.8750464], [-73.9196983, 40.8750131], [-73.9196639, 40.8749965], [-73.9196263, 40.8749941], [-73.9195951, 40.8749679], [-73.9195607, 40.8749631], [-73.9195169, 40.874956], [-73.9194043, 40.8749037], [-73.9192573, 40.8748442], [-73.9191791, 40.8748227], [-73.9191322, 40.8748156], [-73.9190978, 40.8747918], [-73.9190008, 40.8747514], [-73.9189445, 40.8747109], [-73.9188753, 40.874679], [-73.9188488, 40.874618], [-73.9188838, 40.8745569], [-73.9189417, 40.8745114], [-73.9189981, 40.8744378], [-73.9190356, 40.8744165], [-73.9190639, 40.8743809], [-73.9190889, 40.87435], [-73.9190858, 40.8743263], [-73.9191046, 40.874293], [-73.9191141, 40.8742337], [-73.9191486, 40.8741981], [-73.9191768, 40.8741577], [-73.9191893, 40.8741411], [-73.9191956, 40.8740817], [-73.9191957, 40.874001], [-73.9192115, 40.8739178], [-73.9192523, 40.8738347], [-73.9192586, 40.8737469], [-73.9192462, 40.8736614], [-73.9192744, 40.8736519], [-73.91924, 40.8736139], [-73.9192212, 40.8736115], [-73.9191837, 40.8735972], [-73.9191525, 40.873552], [-73.9190994, 40.8734855], [-73.9190525, 40.8734261], [-73.9189994, 40.8733738], [-73.9189285, 40.8733165]]]]}}, {"type": "Feature", "properties": {"felt:feature": 2, "ed_label": "AD 71 ED 002", "elect_dist": "71002", "borough": "Manhattan", "community_board": 12, "community_board_label": "Manhattan CB12", "popup_title": "Manhattan CB12 \u2014 AD 71 ED 002", "general_mayor": "ZOHRAN KWAME MAMDANI beat ANDREW M. CUOMO, 555 to 164, 73.4% to 21.7%; total votes 756.", "general_mayor_winner": "Mamdani", "general_public_advocate": "JUMAANE D. WILLIAMS beat GONZALO DURAN, 614 to 79, 86.4% to 11.1%; total votes 711.", "general_public_advocate_winner": "Williams", "general_comptroller": "MARK D. LEVINE beat PETER KEFALAS, 591 to 68, 85.9% to 9.9%; total votes 688.", "general_comptroller_winner": "Levine", "question_1": "Disapprove beat Approve, 411 to 279, 59.6% to 40.4%; total votes 690.", "question_1_winner": "No-disapprove!", "question_2": "Approve beat Disapprove, 420 to 277, 60.3% to 39.7%; total votes 697.", "question_2_winner": "Yes-approve!", "question_3": "Approve beat Disapprove, 374 to 313, 54.4% to 45.6%; total votes 687.", "question_3_winner": "Yes-approve!", "question_4": "Approve beat Disapprove, 397 to 286, 58.1% to 41.9%; total votes 683.", "question_4_winner": "Yes-approve!", "question_5": "Approve beat Disapprove, 555 to 132, 80.8% to 19.2%; total votes 687.", "question_5_winner": "Yes-approve!", "question_6": "Disapprove beat Approve, 389 to 306, 56.0% to 44.0%; total votes 695.", "question_6_winner": "No-disapprove!", "dem_primary_mayor": "Zohran Kwame Mamdani beat Andrew M. Cuomo, 308 to 91, 61.2% to 18.1%; total votes 503.", "dem_primary_mayor_winner": "Mamdani", "dem_primary_public_advocate": "Jumaane D. Williams beat Jenifer Rajkumar, 373 to 60, 80.4% to 12.9%; total votes 464.", "dem_primary_public_advocate_winner": "Williams", "dem_primary_comptroller": "Mark D. Levine beat Justin Brannan, 240 to 181, 50.6% to 38.2%; total votes 474.", "dem_primary_comptroller_winner": "Levine", "popup_summary": "Mayor: ZOHRAN KWAME MAMDANI beat ANDREW M. CUOMO, 555 to 164, 73.4% to 21.7%; total votes 756. | Public Advocate: JUMAANE D. WILLIAMS beat GONZALO DURAN, 614 to 79, 86.4% to 11.1%; total votes 711. | City Comptroller: MARK D. LEVINE beat PETER KEFALAS, 591 to 68, 85.9% to 9.9%; total votes 688. | Question 1: Disapprove beat Approve, 411 to 279, 59.6% to 40.4%; total votes 690. | Question 2: Approve beat Disapprove, 420 to 277, 60.3% to 39.7%; total votes 697. | Question 3: Approve beat Disapprove, 374 to 313, 54.4% to 45.6%; total votes 687. | Question 4: Approve beat Disapprove, 397 to 286, 58.1% to 41.9%; total votes 683. | Question 5: Approve beat Disapprove, 555 to 132, 80.8% to 19.2%; total votes 687. | Question 6: Disapprove beat Approve, 389 to 306, 56.0% to 44.0%; total votes 695. | Dem Primary Mayor: Zohran Kwame Mamdani beat Andrew M. Cuomo, 308 to 91, 61.2% to 18.1%; total votes 503. | Dem Primary Public Advocate: Jumaane D. Williams beat Jenifer Rajkumar, 373 to 60, 80.4% to 12.9%; total votes 464. | Dem Primary Comptroller: Mark D. Levine beat Justin Brannan, 240 to 181, 50.6% to 38.2%; total votes 474.", "mayor_margin": 51.7, "q2_yes": 60.3, "q3_yes": 54.4, "q4_yes": 58.1}, "geometry": {"type": "MultiPolygon", "coordinates": [[[[-73.9259187, 40.8677692], [-73.9255148, 40.8671329], [-73.9250042, 40.8663365], [-73.9258729, 40.8660254], [-73.9272692, 40.8655346], [-73.9277558, 40.8652711], [-73.9281094, 40.865079], [-73.9288907, 40.864663], [-73.9298672, 40.8659566], [-73.9304878, 40.8664489], [-73.9309966, 40.86681], [-73.931079, 40.8668479], [-73.9311656, 40.8668799], [-73.9312558, 40.8669056], [-73.9313488, 40.8669247], [-73.9314438, 40.8669371], [-73.9315398, 40.8669426], [-73.9316362, 40.8669413], [-73.9317319, 40.8669332], [-73.9318262, 40.8669182], [-73.9319182, 40.8668966], [-73.9320645, 40.8668459], [-73.9320734, 40.8668429], [-73.932221, 40.8667743], [-73.9323576, 40.8666921], [-73.9324799, 40.8665978], [-73.9325855, 40.8664936], [-73.9326724, 40.8663823], [-73.9329706, 40.8660168], [-73.933658, 40.8648442], [-73.9360475, 40.8616958], [-73.9373302, 40.8597512], [-73.937477, 40.8598173], [-73.9377356, 40.8599335], [-73.9375573, 40.8600814], [-73.9375294, 40.8600966], [-73.9375307, 40.8601119], [-73.9375522, 40.8601237], [-73.9375872, 40.8601495], [-73.9375805, 40.8602032], [-73.9373544, 40.8605151], [-73.9371358, 40.8607836], [-73.9370939, 40.8609252], [-73.9370422, 40.8610575], [-73.9369685, 40.8611432], [-73.936811, 40.861258], [-73.9368028, 40.8612791], [-73.9368185, 40.8613158], [-73.9368105, 40.8613635], [-73.9364756, 40.8619266], [-73.9359681, 40.8625441], [-73.9355946, 40.8629651], [-73.9348509, 40.8639656], [-73.9347554, 40.8640963], [-73.9346187, 40.8642699], [-73.9344345, 40.8645037], [-73.9343557, 40.8647329], [-73.9342316, 40.8648139], [-73.9341923, 40.8648791], [-73.9340817, 40.8649778], [-73.9340166, 40.8650355], [-73.9340165, 40.8651958], [-73.93395, 40.8653467], [-73.9338628, 40.86541], [-73.9337892, 40.8654286], [-73.9336306, 40.865709], [-73.9335716, 40.8657668], [-73.933574, 40.8658413], [-73.9334929, 40.8659456], [-73.9334364, 40.8659866], [-73.9334363, 40.8660481], [-73.9334018, 40.8661356], [-73.9333232, 40.8662381], [-73.9332569, 40.8662418], [-73.9331315, 40.8664262], [-73.933075, 40.8665574], [-73.9328335, 40.866982], [-73.9326633, 40.8672371], [-73.9327565, 40.8672644], [-73.9327626, 40.8672523], [-73.9329017, 40.867293], [-73.9328396, 40.8674153], [-73.9326457, 40.8673585], [-73.9326604, 40.8673297], [-73.9325979, 40.8673113], [-73.9325483, 40.8674138], [-73.9325189, 40.8674105], [-73.9324254, 40.8675682], [-73.9323866, 40.8676939], [-73.9323643, 40.8678633], [-73.9323508, 40.8679791], [-73.9323543, 40.8680072], [-73.9323675, 40.8680372], [-73.9323734, 40.8680635], [-73.932274, 40.8684772], [-73.9322812, 40.8685325], [-73.9322677, 40.8685623], [-73.9323228, 40.8685781], [-73.9323159, 40.8686041], [-73.9324464, 40.8686598], [-73.9324921, 40.8686775], [-73.9324938, 40.8686748], [-73.9325308, 40.8686133], [-73.9325369, 40.8686031], [-73.9325689, 40.8685498], [-73.9325797, 40.8685319], [-73.9326143, 40.8684743], [-73.9326221, 40.8684614], [-73.9326253, 40.8684562], [-73.9326284, 40.8684573], [-73.9326508, 40.868465], [-73.9325455, 40.8686403], [-73.9325505, 40.868642], [-73.932568, 40.8686481], [-73.9325235, 40.8687221], [-73.9325013, 40.8687144], [-73.9325062, 40.8687061], [-73.9324953, 40.868702], [-73.9323523, 40.868647], [-73.932306, 40.8686292], [-73.9322983, 40.8686474], [-73.9322503, 40.8686395], [-73.9322543, 40.8686834], [-73.9322775, 40.8687112], [-73.9322873, 40.8688751], [-73.9323139, 40.8689237], [-73.9323604, 40.8689496], [-73.9324567, 40.8689623], [-73.9325373, 40.868968], [-73.932569, 40.8689794], [-73.932568, 40.8690444], [-73.9325047, 40.8691296], [-73.9323902, 40.8691873], [-73.9322933, 40.8691995], [-73.932189, 40.869367], [-73.9324688, 40.8694761], [-73.9323537, 40.8697553], [-73.9322658, 40.8697348], [-73.9323593, 40.8695074], [-73.9321334, 40.869416], [-73.93211, 40.8694772], [-73.9320771, 40.8695427], [-73.9320591, 40.8695828], [-73.9320534, 40.8696008], [-73.93205, 40.8696417], [-73.9320671, 40.8696994], [-73.9320957, 40.8697597], [-73.9321798, 40.8698224], [-73.9321986, 40.8698449], [-73.9315654, 40.8695822], [-73.9315037, 40.8693288], [-73.9314144, 40.8689619], [-73.9312767, 40.8688436], [-73.9311788, 40.8687689], [-73.9309194, 40.868571], [-73.9299896, 40.8677924], [-73.929341, 40.8672572], [-73.9287264, 40.8667414], [-73.9280577, 40.8661994], [-73.9268372, 40.8670641], [-73.9264066, 40.867384], [-73.9259187, 40.8677692]]]]}}, {"type": "Feature", "properties": {"felt:feature": 3, "ed_label": "AD 71 ED 003", "elect_dist": "71003", "borough": "Manhattan", "community_board": 12, "community_board_label": "Manhattan CB12", "popup_title": "Manhattan CB12 \u2014 AD 71 ED 003", "general_mayor": "ZOHRAN KWAME MAMDANI beat ANDREW M. CUOMO, 746 to 354, 63.9% to 30.3%; total votes 1167.", "general_mayor_winner": "Mamdani", "general_public_advocate": "JUMAANE D. WILLIAMS beat GONZALO DURAN, 915 to 145, 83.3% to 13.2%; total votes 1098.", "general_public_advocate_winner": "Williams", "general_comptroller": "MARK D. LEVINE beat PETER KEFALAS, 969 to 115, 87.6% to 10.4%; total votes 1106.", "general_comptroller_winner": "Levine", "question_1": "Approve beat Disapprove, 587 to 512, 53.4% to 46.6%; total votes 1099.", "question_1_winner": "Yes-approve!", "question_2": "Approve beat Disapprove, 681 to 425, 61.6% to 38.4%; total votes 1106.", "question_2_winner": "Yes-approve!", "question_3": "Approve beat Disapprove, 668 to 425, 61.1% to 38.9%; total votes 1093.", "question_3_winner": "Yes-approve!", "question_4": "Approve beat Disapprove, 639 to 433, 59.6% to 40.4%; total votes 1072.", "question_4_winner": "Yes-approve!", "question_5": "Approve beat Disapprove, 934 to 160, 85.4% to 14.6%; total votes 1094.", "question_5_winner": "Yes-approve!", "question_6": "Approve beat Disapprove, 585 to 505, 53.7% to 46.3%; total votes 1090.", "question_6_winner": "Yes-approve!", "dem_primary_mayor": "Zohran Kwame Mamdani beat Brad Lander, 288 to 224, 37.3% to 29.0%; total votes 773.", "dem_primary_mayor_winner": "Mamdani", "dem_primary_public_advocate": "Jumaane D. Williams beat Jenifer Rajkumar, 534 to 96, 76.4% to 13.7%; total votes 699.", "dem_primary_public_advocate_winner": "Williams", "dem_primary_comptroller": "Mark D. Levine beat Justin Brannan, 511 to 173, 70.2% to 23.8%; total votes 728.", "dem_primary_comptroller_winner": "Levine", "popup_summary": "Mayor: ZOHRAN KWAME MAMDANI beat ANDREW M. CUOMO, 746 to 354, 63.9% to 30.3%; total votes 1167. | Public Advocate: JUMAANE D. WILLIAMS beat GONZALO DURAN, 915 to 145, 83.3% to 13.2%; total votes 1098. | City Comptroller: MARK D. LEVINE beat PETER KEFALAS, 969 to 115, 87.6% to 10.4%; total votes 1106. | Question 1: Approve beat Disapprove, 587 to 512, 53.4% to 46.6%; total votes 1099. | Question 2: Approve beat Disapprove, 681 to 425, 61.6% to 38.4%; total votes 1106. | Question 3: Approve beat Disapprove, 668 to 425, 61.1% to 38.9%; total votes 1093. | Question 4: Approve beat Disapprove, 639 to 433, 59.6% to 40.4%; total votes 1072. | Question 5: Approve beat Disapprove, 934 to 160, 85.4% to 14.6%; total votes 1094. | Question 6: Approve beat Disapprove, 585 to 505, 53.7% to 46.3%; total votes 1090. | Dem Primary Mayor: Zohran Kwame Mamdani beat Brad Lander, 288 to 224, 37.3% to 29.0%; total votes 773. | Dem Primary Public Advocate: Jumaane D. Williams beat Jenifer Rajkumar, 534 to 96, 76.4% to 13.7%; total votes 699. | Dem Primary Comptroller: Mark D. Levine beat Justin Brannan, 511 to 173, 70.2% to 23.8%; total votes 728.", "mayor_margin": 33.6, "q2_yes": 61.6, "q3_yes": 61.1, "q4_yes": 59.6}, "geometry": {"type": "MultiPolygon", "coordinates": [[[[-73.9288907, 40.864663], [-73.9290302, 40.8645677], [-73.929164, 40.8644679], [-73.9292919, 40.8643637], [-73.9294135, 40.8642553], [-73.9295288, 40.8641429], [-73.9296374, 40.8640268], [-73.9297391, 40.8639071], [-73.9298338, 40.8637842], [-73.9300271, 40.8634242], [-73.9300527, 40.8633369], [-73.9299545, 40.8625488], [-73.9300028, 40.8621027], [-73.9301106, 40.8617545], [-73.9307709, 40.8606407], [-73.9312239, 40.8596584], [-73.9313138, 40.8593273], [-73.931981, 40.8595222], [-73.9320223, 40.8595292], [-73.9320645, 40.8595313], [-73.9321067, 40.8595286], [-73.9321478, 40.8595211], [-73.9321869, 40.8595089], [-73.9322232, 40.8594924], [-73.9322557, 40.8594718], [-73.9322838, 40.8594478], [-73.932983, 40.8581131], [-73.93343, 40.8572742], [-73.9336811, 40.8567818], [-73.9341075, 40.8560207], [-73.9342719, 40.8555826], [-73.9345527, 40.8547178], [-73.9346269, 40.8544894], [-73.9352051, 40.854664], [-73.9353117, 40.8546962], [-73.9358423, 40.8548565], [-73.9360357, 40.8549149], [-73.9359887, 40.8550357], [-73.9359365, 40.8551552], [-73.9358792, 40.8552734], [-73.935817, 40.8553901], [-73.9357498, 40.8555053], [-73.9356778, 40.8556187], [-73.9356009, 40.8557303], [-73.9355193, 40.8558399], [-73.9348717, 40.8567083], [-73.9348547, 40.8567234], [-73.9348408, 40.8567402], [-73.9348302, 40.8567583], [-73.9348234, 40.8567775], [-73.9348203, 40.8567972], [-73.9348211, 40.8568171], [-73.9348257, 40.8568366], [-73.934834, 40.8568554], [-73.934846, 40.8568731], [-73.9348612, 40.8568892], [-73.9348794, 40.8569035], [-73.9349001, 40.8569156], [-73.9351204, 40.8569823], [-73.935602, 40.8571094], [-73.9365761, 40.8573505], [-73.9366551, 40.8572544], [-73.9373147, 40.8575504], [-73.9376687, 40.8571906], [-73.9382585, 40.8563988], [-73.9383888, 40.8562149], [-73.9387775, 40.8563909], [-73.9390125, 40.8561094], [-73.939722, 40.8552686], [-73.9398012, 40.8551747], [-73.9399724, 40.8548934], [-73.9401258, 40.8546059], [-73.9402608, 40.854313], [-73.9403769, 40.854016], [-73.9404263, 40.8539484], [-73.9413422, 40.8526955], [-73.9415006, 40.8524787], [-73.9415913, 40.8523546], [-73.9420387, 40.851931], [-73.9421596, 40.8520135], [-73.9424695, 40.852225], [-73.9430601, 40.8517337], [-73.9433975, 40.8514529], [-73.9434537, 40.851501], [-73.9435083, 40.8515353], [-73.9435694, 40.851552], [-73.943633, 40.8515621], [-73.9436978, 40.8515656], [-73.9437626, 40.8515622], [-73.9438803, 40.8515413], [-73.9441195, 40.8514805], [-73.9449858, 40.8512602], [-73.9450432, 40.8512452], [-73.9450969, 40.8512239], [-73.9451457, 40.8511966], [-73.9451886, 40.8511641], [-73.9452927, 40.8510597], [-73.9461174, 40.8511726], [-73.9460478, 40.8511886], [-73.9459647, 40.8511719], [-73.9459303, 40.8511897], [-73.9458958, 40.8511873], [-73.9458409, 40.8511695], [-73.9457673, 40.8511695], [-73.9457249, 40.8511968], [-73.9457281, 40.8512278], [-73.9456826, 40.8512266], [-73.9456528, 40.8512111], [-73.9456121, 40.8512397], [-73.9455556, 40.8513206], [-73.9455274, 40.8513206], [-73.9455196, 40.8513622], [-73.9454813, 40.8513719], [-73.945449, 40.8514277], [-73.9454224, 40.8514265], [-73.9453958, 40.8514158], [-73.9453785, 40.8514265], [-73.9453895, 40.8514526], [-73.9453221, 40.8514693], [-73.9453127, 40.8514848], [-73.9452798, 40.8514943], [-73.9452531, 40.8514919], [-73.9452437, 40.8515193], [-73.9452727, 40.851546], [-73.9452664, 40.851571], [-73.9451959, 40.8515924], [-73.9451536, 40.8515865], [-73.9450658, 40.8516388], [-73.9450438, 40.851671], [-73.9450062, 40.8517019], [-73.944978, 40.8517316], [-73.9449325, 40.8517304], [-73.9448773, 40.8517538], [-73.944777, 40.8517963], [-73.9447658, 40.8518011], [-73.9447145, 40.8518154], [-73.9446938, 40.8518241], [-73.9446877, 40.8518357], [-73.9446927, 40.8518625], [-73.9446898, 40.8518772], [-73.9446832, 40.85191], [-73.9446672, 40.8519212], [-73.9446323, 40.8519095], [-73.9445885, 40.8519273], [-73.9445775, 40.8519428], [-73.9445038, 40.8519571], [-73.9444866, 40.8519238], [-73.9445032, 40.8518994], [-73.9445052, 40.8518899], [-73.9444876, 40.8518888], [-73.944462, 40.8518994], [-73.9444537, 40.8518976], [-73.9444223, 40.8519047], [-73.9443973, 40.8518928], [-73.9444067, 40.8518547], [-73.9443675, 40.851825], [-73.9443252, 40.8518226], [-73.9443173, 40.8518559], [-73.9442907, 40.8518821], [-73.9442452, 40.8519201], [-73.9442107, 40.8519297], [-73.9442217, 40.8519761], [-73.9441966, 40.8520153], [-73.9441339, 40.8520272], [-73.9440712, 40.8520153], [-73.9440132, 40.8519998], [-73.9439913, 40.8520415], [-73.9439599, 40.8521188], [-73.9438815, 40.8521724], [-73.9437961, 40.852198], [-73.9436007, 40.852231], [-73.9434798, 40.8522819], [-73.943059, 40.8526014], [-73.9430264, 40.8526262], [-73.9427984, 40.8528512], [-73.94261, 40.8530679], [-73.9424737, 40.8531713], [-73.9420551, 40.8536541], [-73.94187, 40.8538677], [-73.9418277, 40.85399], [-73.9417311, 40.8541084], [-73.9415816, 40.8543471], [-73.9415374, 40.8544356], [-73.9415021, 40.8545001], [-73.9414976, 40.8545084], [-73.9414098, 40.8546846], [-73.9413131, 40.8547955], [-73.9412659, 40.8549441], [-73.9412337, 40.8550099], [-73.9410328, 40.855305], [-73.9409993, 40.8553586], [-73.9410091, 40.855415], [-73.940957, 40.8555203], [-73.9408554, 40.8556218], [-73.9407685, 40.855808], [-73.9407462, 40.8558474], [-73.9406942, 40.8558531], [-73.9406198, 40.856011], [-73.9404883, 40.8562046], [-73.9404052, 40.8563729], [-73.9403506, 40.8565158], [-73.9402935, 40.8566418], [-73.9401472, 40.8568335], [-73.9400852, 40.8568561], [-73.9400183, 40.85695], [-73.9399488, 40.8570666], [-73.9397815, 40.8572348], [-73.9396848, 40.8572893], [-73.9396104, 40.8573965], [-73.9394021, 40.8576653], [-73.9393649, 40.8577405], [-73.939283, 40.8578608], [-73.9392223, 40.8578937], [-73.9391109, 40.8580409], [-73.9390412, 40.858202], [-73.9389147, 40.8584069], [-73.9386568, 40.858734], [-73.9386531, 40.8587688], [-73.9385017, 40.8590113], [-73.9384373, 40.8590734], [-73.9384164, 40.8591662], [-73.9383096, 40.8593805], [-73.9378534, 40.8598303], [-73.9377356, 40.8599335], [-73.937477, 40.8598173], [-73.9373302, 40.8597512], [-73.9360475, 40.8616958], [-73.933658, 40.8648442], [-73.9329706, 40.8660168], [-73.9326724, 40.8663823], [-73.9325855, 40.8664936], [-73.9324799, 40.8665978], [-73.9323576, 40.8666921], [-73.932221, 40.8667743], [-73.9320734, 40.8668429], [-73.9320645, 40.8668459], [-73.9319182, 40.8668966], [-73.9318262, 40.8669182], [-73.9317319, 40.8669332], [-73.9316362, 40.8669413], [-73.9315398, 40.8669426], [-73.9314438, 40.8669371], [-73.9313488, 40.8669247], [-73.9312558, 40.8669056], [-73.9311656, 40.8668799], [-73.931079, 40.8668479], [-73.9309966, 40.86681], [-73.9304878, 40.8664489], [-73.9298672, 40.8659566], [-73.9288907, 40.864663]]]]}}, {"type": "Feature", "properties": {"felt:feature": 4, "ed_label": "AD 71 ED 004", "elect_dist": "71004", "borough": "Manhattan", "community_board": 12, "community_board_label": "Manhattan CB12", "popup_title": "Manhattan CB12 \u2014 AD 71 ED 004", "general_mayor": "ZOHRAN KWAME MAMDANI beat ANDREW M. CUOMO, 927 to 282, 73.9% to 22.5%; total votes 1254.", "general_mayor_winner": "Mamdani", "general_public_advocate": "JUMAANE D. WILLIAMS beat GONZALO DURAN, 1093 to 92, 89.9% to 7.6%; total votes 1216.", "general_public_advocate_winner": "Williams", "general_comptroller": "MARK D. LEVINE beat PETER KEFALAS, 1107 to 80, 91.6% to 6.6%; total votes 1209.", "general_comptroller_winner": "Levine", "question_1": "Approve beat Disapprove, 621 to 571, 52.1% to 47.9%; total votes 1192.", "question_1_winner": "Yes-approve!", "question_2": "Approve beat Disapprove, 748 to 449, 62.5% to 37.5%; total votes 1197.", "question_2_winner": "Yes-approve!", "question_3": "Approve beat Disapprove, 712 to 477, 59.9% to 40.1%; total votes 1189.", "question_3_winner": "Yes-approve!", "question_4": "Approve beat Disapprove, 689 to 493, 58.3% to 41.7%; total votes 1182.", "question_4_winner": "Yes-approve!", "question_5": "Approve beat Disapprove, 1023 to 167, 86.0% to 14.0%; total votes 1190.", "question_5_winner": "Yes-approve!", "question_6": "Approve beat Disapprove, 619 to 564, 52.3% to 47.7%; total votes 1183.", "question_6_winner": "Yes-approve!", "dem_primary_mayor": "Zohran Kwame Mamdani beat Brad Lander, 396 to 267, 43.9% to 29.6%; total votes 902.", "dem_primary_mayor_winner": "Mamdani", "dem_primary_public_advocate": "Jumaane D. Williams beat Jenifer Rajkumar, 673 to 101, 81.9% to 12.3%; total votes 822.", "dem_primary_public_advocate_winner": "Williams", "dem_primary_comptroller": "Mark D. Levine beat Justin Brannan, 551 to 260, 63.7% to 30.1%; total votes 865.", "dem_primary_comptroller_winner": "Levine", "popup_summary": "Mayor: ZOHRAN KWAME MAMDANI beat ANDREW M. CUOMO, 927 to 282, 73.9% to 22.5%; total votes 1254. | Public Advocate: JUMAANE D. WILLIAMS beat GONZALO DURAN, 1093 to 92, 89.9% to 7.6%; total votes 1216. | City Comptroller: MARK D. LEVINE beat PETER KEFALAS, 1107 to 80, 91.6% to 6.6%; total votes 1209. | Question 1: Approve beat Disapprove, 621 to 571, 52.1% to 47.9%; total votes 1192. | Question 2: Approve beat Disapprove, 748 to 449, 62.5% to 37.5%; total votes 1197. | Question 3: Approve beat Disapprove, 712 to 477, 59.9% to 40.1%; total votes 1189. | Question 4: Approve beat Disapprove, 689 to 493, 58.3% to 41.7%; total votes 1182. | Question 5: Approve beat Disapprove, 1023 to 167, 86.0% to 14.0%; total votes 1190. | Question 6: Approve beat Disapprove, 619 to 564, 52.3% to 47.7%; total votes 1183. | Dem Primary Mayor: Zohran Kwame Mamdani beat Brad Lander, 396 to 267, 43.9% to 29.6%; total votes 902. | Dem Primary Public Advocate: Jumaane D. Williams beat Jenifer Rajkumar, 673 to 101, 81.9% to 12.3%; total votes 822. | Dem Primary Comptroller: Mark D. Levine beat Justin Brannan, 551 to 260, 63.7% to 30.1%; total votes 865.", "mayor_margin": 51.4, "q2_yes": 62.5, "q3_yes": 59.9, "q4_yes": 58.3}, "geometry": {"type": "MultiPolygon", "coordinates": [[[[-73.9360357, 40.8549149], [-73.9361333, 40.8549566], [-73.9367413, 40.855097], [-73.936891, 40.8550975], [-73.9377956, 40.8554167], [-73.9379232, 40.8556094], [-73.9386098, 40.8559029], [-73.9390125, 40.8561094], [-73.9387775, 40.8563909], [-73.9383888, 40.8562149], [-73.9382585, 40.8563988], [-73.9376687, 40.8571906], [-73.9373147, 40.8575504], [-73.9366551, 40.8572544], [-73.9365761, 40.8573505], [-73.935602, 40.8571094], [-73.9351204, 40.8569823], [-73.9349001, 40.8569156], [-73.9348794, 40.8569035], [-73.9348612, 40.8568892], [-73.934846, 40.8568731], [-73.934834, 40.8568554], [-73.9348257, 40.8568366], [-73.9348211, 40.8568171], [-73.9348203, 40.8567972], [-73.9348234, 40.8567775], [-73.9348302, 40.8567583], [-73.9348408, 40.8567402], [-73.9348547, 40.8567234], [-73.9348717, 40.8567083], [-73.9355193, 40.8558399], [-73.9356009, 40.8557303], [-73.9356778, 40.8556187], [-73.9357498, 40.8555053], [-73.935817, 40.8553901], [-73.9358792, 40.8552734], [-73.9359365, 40.8551552], [-73.9359887, 40.8550357], [-73.9360357, 40.8549149]]]]}}, {"type": "Feature", "properties": {"felt:feature": 5, "ed_label": "AD 71 ED 005", "elect_dist": "71005", "borough": "Manhattan", "community_board": 12, "community_board_label": "Manhattan CB12", "popup_title": "Manhattan CB12 \u2014 AD 71 ED 005", "general_mayor": "ZOHRAN KWAME MAMDANI beat ANDREW M. CUOMO, 760 to 227, 74.7% to 22.3%; total votes 1017.", "general_mayor_winner": "Mamdani", "general_public_advocate": "JUMAANE D. WILLIAMS beat GONZALO DURAN, 891 to 86, 90.0% to 8.7%; total votes 990.", "general_public_advocate_winner": "Williams", "general_comptroller": "MARK D. LEVINE beat PETER KEFALAS, 890 to 72, 91.0% to 7.4%; total votes 978.", "general_comptroller_winner": "Levine", "question_1": "Approve beat Disapprove, 528 to 441, 54.5% to 45.5%; total votes 969.", "question_1_winner": "Yes-approve!", "question_2": "Approve beat Disapprove, 619 to 351, 63.8% to 36.2%; total votes 970.", "question_2_winner": "Yes-approve!", "question_3": "Approve beat Disapprove, 609 to 355, 63.2% to 36.8%; total votes 964.", "question_3_winner": "Yes-approve!", "question_4": "Approve beat Disapprove, 584 to 368, 61.3% to 38.7%; total votes 952.", "question_4_winner": "Yes-approve!", "question_5": "Approve beat Disapprove, 839 to 129, 86.7% to 13.3%; total votes 968.", "question_5_winner": "Yes-approve!", "question_6": "Approve beat Disapprove, 502 to 460, 52.2% to 47.8%; total votes 962.", "question_6_winner": "Yes-approve!", "dem_primary_mayor": "Zohran Kwame Mamdani beat Brad Lander, 370 to 211, 48.1% to 27.4%; total votes 770.", "dem_primary_mayor_winner": "Mamdani", "dem_primary_public_advocate": "Jumaane D. Williams beat Jenifer Rajkumar, 563 to 89, 81.7% to 12.9%; total votes 689.", "dem_primary_public_advocate_winner": "Williams", "dem_primary_comptroller": "Mark D. Levine beat Justin Brannan, 490 to 192, 67.6% to 26.5%; total votes 725.", "dem_primary_comptroller_winner": "Levine", "popup_summary": "Mayor: ZOHRAN KWAME MAMDANI beat ANDREW M. CUOMO, 760 to 227, 74.7% to 22.3%; total votes 1017. | Public Advocate: JUMAANE D. WILLIAMS beat GONZALO DURAN, 891 to 86, 90.0% to 8.7%; total votes 990. | City Comptroller: MARK D. LEVINE beat PETER KEFALAS, 890 to 72, 91.0% to 7.4%; total votes 978. | Question 1: Approve beat Disapprove, 528 to 441, 54.5% to 45.5%; total votes 969. | Question 2: Approve beat Disapprove, 619 to 351, 63.8% to 36.2%; total votes 970. | Question 3: Approve beat Disapprove, 609 to 355, 63.2% to 36.8%; total votes 964. | Question 4: Approve beat Disapprove, 584 to 368, 61.3% to 38.7%; total votes 952. | Question 5: Approve beat Disapprove, 839 to 129, 86.7% to 13.3%; total votes 968. | Question 6: Approve beat Disapprove, 502 to 460, 52.2% to 47.8%; total votes 962. | Dem Primary Mayor: Zohran Kwame Mamdani beat Brad Lander, 370 to 211, 48.1% to 27.4%; total votes 770. | Dem Primary Public Advocate: Jumaane D. Williams beat Jenifer Rajkumar, 563 to 89, 81.7% to 12.9%; total votes 689. | Dem Primary Comptroller: Mark D. Levine beat Justin Brannan, 490 to 192, 67.6% to 26.5%; total votes 725.", "mayor_margin": 52.4, "q2_yes": 63.8, "q3_yes": 63.2, "q4_yes": 61.3}, "geometry": {"type": "MultiPolygon", "coordinates": [[[[-73.9377956, 40.8554167], [-73.9382877, 40.8538188], [-73.9383783, 40.8535368], [-73.9387758, 40.852322], [-73.9388713, 40.8520817], [-73.9390114, 40.8517296], [-73.9390996, 40.8515026], [-73.9391203, 40.8514532], [-73.9391899, 40.8512879], [-73.939236, 40.8511785], [-73.9395701, 40.8512684], [-73.9397492, 40.8513013], [-73.9398257, 40.8513161], [-73.9399033, 40.8513272], [-73.9399816, 40.8513346], [-73.9400604, 40.8513382], [-73.9401394, 40.851338], [-73.9402181, 40.851334], [-73.9401565, 40.8514013], [-73.9399991, 40.8519113], [-73.939967, 40.8520211], [-73.9397038, 40.8529236], [-73.9395399, 40.8534859], [-73.9386517, 40.8546771], [-73.9393105, 40.8549805], [-73.9398012, 40.8551747], [-73.939722, 40.8552686], [-73.9390125, 40.8561094], [-73.9386098, 40.8559029], [-73.9379232, 40.8556094], [-73.9377956, 40.8554167]]]]}}, {"type": "Feature", "properties": {"felt:feature": 6, "ed_label": "AD 71 ED 006", "elect_dist": "71006", "borough": "Manhattan", "community_board": 12, "community_board_label": "Manhattan CB12", "popup_title": "Manhattan CB12 \u2014 AD 71 ED 006", "general_mayor": "ZOHRAN KWAME MAMDANI beat ANDREW M. CUOMO, 671 to 270, 69.0% to 27.8%; total votes 972.", "general_mayor_winner": "Mamdani", "general_public_advocate": "JUMAANE D. WILLIAMS beat GONZALO DURAN, 810 to 99, 86.6% to 10.6%; total votes 935.", "general_public_advocate_winner": "Williams", "general_comptroller": "MARK D. LEVINE beat PETER KEFALAS, 850 to 75, 90.9% to 8.0%; total votes 935.", "general_comptroller_winner": "Levine", "question_1": "Approve beat Disapprove, 487 to 417, 53.9% to 46.1%; total votes 904.", "question_1_winner": "Yes-approve!", "question_2": "Approve beat Disapprove, 623 to 293, 68.0% to 32.0%; total votes 916.", "question_2_winner": "Yes-approve!", "question_3": "Approve beat Disapprove, 595 to 306, 66.0% to 34.0%; total votes 901.", "question_3_winner": "Yes-approve!", "question_4": "Approve beat Disapprove, 569 to 327, 63.5% to 36.5%; total votes 896.", "question_4_winner": "Yes-approve!", "question_5": "Approve beat Disapprove, 790 to 124, 86.4% to 13.6%; total votes 914.", "question_5_winner": "Yes-approve!", "question_6": "Approve beat Disapprove, 476 to 425, 52.8% to 47.2%; total votes 901.", "question_6_winner": "Yes-approve!", "dem_primary_mayor": "Zohran Kwame Mamdani beat Brad Lander, 271 to 235, 38.0% to 32.9%; total votes 714.", "dem_primary_mayor_winner": "Mamdani", "dem_primary_public_advocate": "Jumaane D. Williams beat Jenifer Rajkumar, 508 to 90, 77.9% to 13.8%; total votes 652.", "dem_primary_public_advocate_winner": "Williams", "dem_primary_comptroller": "Mark D. Levine beat Justin Brannan, 490 to 161, 72.1% to 23.7%; total votes 680.", "dem_primary_comptroller_winner": "Levine", "popup_summary": "Mayor: ZOHRAN KWAME MAMDANI beat ANDREW M. CUOMO, 671 to 270, 69.0% to 27.8%; total votes 972. | Public Advocate: JUMAANE D. WILLIAMS beat GONZALO DURAN, 810 to 99, 86.6% to 10.6%; total votes 935. | City Comptroller: MARK D. LEVINE beat PETER KEFALAS, 850 to 75, 90.9% to 8.0%; total votes 935. | Question 1: Approve beat Disapprove, 487 to 417, 53.9% to 46.1%; total votes 904. | Question 2: Approve beat Disapprove, 623 to 293, 68.0% to 32.0%; total votes 916. | Question 3: Approve beat Disapprove, 595 to 306, 66.0% to 34.0%; total votes 901. | Question 4: Approve beat Disapprove, 569 to 327, 63.5% to 36.5%; total votes 896. | Question 5: Approve beat Disapprove, 790 to 124, 86.4% to 13.6%; total votes 914. | Question 6: Approve beat Disapprove, 476 to 425, 52.8% to 47.2%; total votes 901. | Dem Primary Mayor: Zohran Kwame Mamdani beat Brad Lander, 271 to 235, 38.0% to 32.9%; total votes 714. | Dem Primary Public Advocate: Jumaane D. Williams beat Jenifer Rajkumar, 508 to 90, 77.9% to 13.8%; total votes 652. | Dem Primary Comptroller: Mark D. Levine beat Justin Brannan, 490 to 161, 72.1% to 23.7%; total votes 680.", "mayor_margin": 41.2, "q2_yes": 68.0, "q3_yes": 66.0, "q4_yes": 63.5}, "geometry": {"type": "MultiPolygon", "coordinates": [[[[-73.9402181, 40.851334], [-73.9407834, 40.8513145], [-73.9408563, 40.8513175], [-73.9409287, 40.8513246], [-73.9410002, 40.8513357], [-73.9410705, 40.8513507], [-73.9411391, 40.8513696], [-73.9412058, 40.8513922], [-73.9413479, 40.8513994], [-73.9419033, 40.8517656], [-73.9420387, 40.851931], [-73.9415913, 40.8523546], [-73.9415006, 40.8524787], [-73.9413422, 40.8526955], [-73.9404263, 40.8539484], [-73.9403769, 40.854016], [-73.9402608, 40.854313], [-73.9401258, 40.8546059], [-73.9399724, 40.8548934], [-73.9398012, 40.8551747], [-73.9393105, 40.8549805], [-73.9386517, 40.8546771], [-73.9395399, 40.8534859], [-73.9397038, 40.8529236], [-73.939967, 40.8520211], [-73.9399991, 40.8519113], [-73.9401565, 40.8514013], [-73.9402181, 40.851334]]]]}}, {"type": "Feature", "properties": {"felt:feature": 7, "ed_label": "AD 71 ED 007", "elect_dist": "71007", "borough": "Manhattan", "community_board": 12, "community_board_label": "Manhattan CB12", "popup_title": "Manhattan CB12 \u2014 AD 71 ED 007", "general_mayor": "ZOHRAN KWAME MAMDANI beat ANDREW M. CUOMO, 645 to 197, 73.3% to 22.4%; total votes 880.", "general_mayor_winner": "Mamdani", "general_public_advocate": "JUMAANE D. WILLIAMS beat GONZALO DURAN, 728 to 85, 87.5% to 10.2%; total votes 832.", "general_public_advocate_winner": "Williams", "general_comptroller": "MARK D. LEVINE beat PETER KEFALAS, 730 to 83, 88.5% to 10.1%; total votes 825.", "general_comptroller_winner": "Levine", "question_1": "Disapprove beat Approve, 431 to 375, 53.5% to 46.5%; total votes 806.", "question_1_winner": "No-disapprove!", "question_2": "Approve beat Disapprove, 498 to 313, 61.4% to 38.6%; total votes 811.", "question_2_winner": "Yes-approve!", "question_3": "Approve beat Disapprove, 473 to 327, 59.1% to 40.9%; total votes 800.", "question_3_winner": "Yes-approve!", "question_4": "Approve beat Disapprove, 458 to 342, 57.2% to 42.8%; total votes 800.", "question_4_winner": "Yes-approve!", "question_5": "Approve beat Disapprove, 684 to 123, 84.8% to 15.2%; total votes 807.", "question_5_winner": "Yes-approve!", "question_6": "Disapprove beat Approve, 425 to 373, 53.3% to 46.7%; total votes 798.", "question_6_winner": "No-disapprove!", "dem_primary_mayor": "Zohran Kwame Mamdani beat Brad Lander, 326 to 129, 54.8% to 21.7%; total votes 595.", "dem_primary_mayor_winner": "Mamdani", "dem_primary_public_advocate": "Jumaane D. Williams beat Jenifer Rajkumar, 442 to 55, 83.1% to 10.3%; total votes 532.", "dem_primary_public_advocate_winner": "Williams", "dem_primary_comptroller": "Mark D. Levine beat Justin Brannan, 352 to 166, 64.1% to 30.2%; total votes 549.", "dem_primary_comptroller_winner": "Levine", "popup_summary": "Mayor: ZOHRAN KWAME MAMDANI beat ANDREW M. CUOMO, 645 to 197, 73.3% to 22.4%; total votes 880. | Public Advocate: JUMAANE D. WILLIAMS beat GONZALO DURAN, 728 to 85, 87.5% to 10.2%; total votes 832. | City Comptroller: MARK D. LEVINE beat PETER KEFALAS, 730 to 83, 88.5% to 10.1%; total votes 825. | Question 1: Disapprove beat Approve, 431 to 375, 53.5% to 46.5%; total votes 806. | Question 2: Approve beat Disapprove, 498 to 313, 61.4% to 38.6%; total votes 811. | Question 3: Approve beat Disapprove, 473 to 327, 59.1% to 40.9%; total votes 800. | Question 4: Approve beat Disapprove, 458 to 342, 57.2% to 42.8%; total votes 800. | Question 5: Approve beat Disapprove, 684 to 123, 84.8% to 15.2%; total votes 807. | Question 6: Disapprove beat Approve, 425 to 373, 53.3% to 46.7%; total votes 798. | Dem Primary Mayor: Zohran Kwame Mamdani beat Brad Lander, 326 to 129, 54.8% to 21.7%; total votes 595. | Dem Primary Public Advocate: Jumaane D. Williams beat Jenifer Rajkumar, 442 to 55, 83.1% to 10.3%; total votes 532. | Dem Primary Comptroller: Mark D. Levine beat Justin Brannan, 352 to 166, 64.1% to 30.2%; total votes 549.", "mayor_margin": 50.9, "q2_yes": 61.4, "q3_yes": 59.1, "q4_yes": 57.2}, "geometry": {"type": "MultiPolygon", "coordinates": [[[[-73.9360357, 40.8549149], [-73.9361372, 40.8547039], [-73.9361372, 40.8547039], [-73.9361373, 40.8547038], [-73.9362205, 40.8544876], [-73.9362205, 40.8544875], [-73.9362206, 40.8544874], [-73.936285, 40.8542673], [-73.936285, 40.8542672], [-73.9363302, 40.8540447], [-73.9363302, 40.8540445], [-73.9363302, 40.8540443], [-73.936356, 40.8538207], [-73.9363648, 40.853577], [-73.9363882, 40.8533334], [-73.9364261, 40.853091], [-73.9364261, 40.8530909], [-73.9364261, 40.8530907], [-73.9364784, 40.8528499], [-73.9365449, 40.8526114], [-73.9368929, 40.8519026], [-73.9378197, 40.8521279], [-73.9387758, 40.852322], [-73.9383783, 40.8535368], [-73.9382877, 40.8538188], [-73.9377956, 40.8554167], [-73.936891, 40.8550975], [-73.9367413, 40.855097], [-73.9361333, 40.8549566], [-73.9360357, 40.8549149]]]]}}, {"type": "Feature", "properties": {"felt:feature": 8, "ed_label": "AD 71 ED 008", "elect_dist": "71008", "borough": "Manhattan", "community_board": 12, "community_board_label": "Manhattan CB12", "popup_title": "Manhattan CB12 \u2014 AD 71 ED 008", "general_mayor": "ZOHRAN KWAME MAMDANI beat ANDREW M. CUOMO, 479 to 241, 63.5% to 32.0%; total votes 754.", "general_mayor_winner": "Mamdani", "general_public_advocate": "JUMAANE D. WILLIAMS beat GONZALO DURAN, 578 to 116, 81.2% to 16.3%; total votes 712.", "general_public_advocate_winner": "Williams", "general_comptroller": "MARK D. LEVINE beat PETER KEFALAS, 593 to 95, 84.5% to 13.5%; total votes 702.", "general_comptroller_winner": "Levine", "question_1": "Disapprove beat Approve, 371 to 331, 52.8% to 47.2%; total votes 702.", "question_1_winner": "No-disapprove!", "question_2": "Approve beat Disapprove, 447 to 259, 63.3% to 36.7%; total votes 706.", "question_2_winner": "Yes-approve!", "question_3": "Approve beat Disapprove, 420 to 281, 59.9% to 40.1%; total votes 701.", "question_3_winner": "Yes-approve!", "question_4": "Approve beat Disapprove, 409 to 284, 59.0% to 41.0%; total votes 693.", "question_4_winner": "Yes-approve!", "question_5": "Approve beat Disapprove, 598 to 103, 85.3% to 14.7%; total votes 701.", "question_5_winner": "Yes-approve!", "question_6": "Disapprove beat Approve, 355 to 341, 51.0% to 49.0%; total votes 696.", "question_6_winner": "No-disapprove!", "dem_primary_mayor": "Zohran Kwame Mamdani beat Andrew M. Cuomo, 242 to 111, 47.5% to 21.8%; total votes 509.", "dem_primary_mayor_winner": "Mamdani", "dem_primary_public_advocate": "Jumaane D. Williams beat Jenifer Rajkumar, 354 to 87, 76.1% to 18.7%; total votes 465.", "dem_primary_public_advocate_winner": "Williams", "dem_primary_comptroller": "Mark D. Levine beat Justin Brannan, 301 to 139, 62.7% to 29.0%; total votes 480.", "dem_primary_comptroller_winner": "Levine", "popup_summary": "Mayor: ZOHRAN KWAME MAMDANI beat ANDREW M. CUOMO, 479 to 241, 63.5% to 32.0%; total votes 754. | Public Advocate: JUMAANE D. WILLIAMS beat GONZALO DURAN, 578 to 116, 81.2% to 16.3%; total votes 712. | City Comptroller: MARK D. LEVINE beat PETER KEFALAS, 593 to 95, 84.5% to 13.5%; total votes 702. | Question 1: Disapprove beat Approve, 371 to 331, 52.8% to 47.2%; total votes 702. | Question 2: Approve beat Disapprove, 447 to 259, 63.3% to 36.7%; total votes 706. | Question 3: Approve beat Disapprove, 420 to 281, 59.9% to 40.1%; total votes 701. | Question 4: Approve beat Disapprove, 409 to 284, 59.0% to 41.0%; total votes 693. | Question 5: Approve beat Disapprove, 598 to 103, 85.3% to 14.7%; total votes 701. | Question 6: Disapprove beat Approve, 355 to 341, 51.0% to 49.0%; total votes 696. | Dem Primary Mayor: Zohran Kwame Mamdani beat Andrew M. Cuomo, 242 to 111, 47.5% to 21.8%; total votes 509. | Dem Primary Public Advocate: Jumaane D. Williams beat Jenifer Rajkumar, 354 to 87, 76.1% to 18.7%; total votes 465. | Dem Primary Comptroller: Mark D. Levine beat Justin Brannan, 301 to 139, 62.7% to 29.0%; total votes 480.", "mayor_margin": 31.5, "q2_yes": 63.3, "q3_yes": 59.9, "q4_yes": 59.0}, "geometry": {"type": "MultiPolygon", "coordinates": [[[[-73.9346269, 40.8544894], [-73.9348111, 40.8541292], [-73.935133, 40.8534789], [-73.9357174, 40.8523352], [-73.9365449, 40.8526114], [-73.9364784, 40.8528499], [-73.9364261, 40.8530907], [-73.9364261, 40.8530909], [-73.9364261, 40.853091], [-73.9363882, 40.8533334], [-73.9363648, 40.853577], [-73.936356, 40.8538207], [-73.9363302, 40.8540443], [-73.9363302, 40.8540445], [-73.9363302, 40.8540447], [-73.936285, 40.8542672], [-73.936285, 40.8542673], [-73.9362206, 40.8544874], [-73.9362205, 40.8544875], [-73.9362205, 40.8544876], [-73.9361373, 40.8547038], [-73.9361372, 40.8547039], [-73.9361372, 40.8547039], [-73.9360357, 40.8549149], [-73.9358423, 40.8548565], [-73.9353117, 40.8546962], [-73.9352051, 40.854664], [-73.9346269, 40.8544894]]]]}}, {"type": "Feature", "properties": {"felt:feature": 9, "ed_label": "AD 71 ED 009", "elect_dist": "71009", "borough": "Manhattan", "community_board": 12, "community_board_label": "Manhattan CB12", "popup_title": "Manhattan CB12 \u2014 AD 71 ED 009", "general_mayor": "ZOHRAN KWAME MAMDANI beat ANDREW M. CUOMO, 591 to 218, 69.8% to 25.7%; total votes 847.", "general_mayor_winner": "Mamdani", "general_public_advocate": "JUMAANE D. WILLIAMS beat GONZALO DURAN, 671 to 103, 83.9% to 12.9%; total votes 800.", "general_public_advocate_winner": "Williams", "general_comptroller": "MARK D. LEVINE beat PETER KEFALAS, 681 to 88, 86.1% to 11.1%; total votes 791.", "general_comptroller_winner": "Levine", "question_1": "Disapprove beat Approve, 421 to 365, 53.6% to 46.4%; total votes 786.", "question_1_winner": "No-disapprove!", "question_2": "Approve beat Disapprove, 487 to 309, 61.2% to 38.8%; total votes 796.", "question_2_winner": "Yes-approve!", "question_3": "Approve beat Disapprove, 451 to 328, 57.9% to 42.1%; total votes 779.", "question_3_winner": "Yes-approve!", "question_4": "Approve beat Disapprove, 455 to 315, 59.1% to 40.9%; total votes 770.", "question_4_winner": "Yes-approve!", "question_5": "Approve beat Disapprove, 667 to 120, 84.8% to 15.2%; total votes 787.", "question_5_winner": "Yes-approve!", "question_6": "Approve beat Disapprove, 396 to 387, 50.6% to 49.4%; total votes 783.", "question_6_winner": "Yes-approve!", "dem_primary_mayor": "Zohran Kwame Mamdani beat Brad Lander, 330 to 106, 57.7% to 18.5%; total votes 572.", "dem_primary_mayor_winner": "Mamdani", "dem_primary_public_advocate": "Jumaane D. Williams beat Jenifer Rajkumar, 409 to 69, 77.0% to 13.0%; total votes 531.", "dem_primary_public_advocate_winner": "Williams", "dem_primary_comptroller": "Mark D. Levine beat Justin Brannan, 311 to 180, 57.4% to 33.2%; total votes 542.", "dem_primary_comptroller_winner": "Levine", "popup_summary": "Mayor: ZOHRAN KWAME MAMDANI beat ANDREW M. CUOMO, 591 to 218, 69.8% to 25.7%; total votes 847. | Public Advocate: JUMAANE D. WILLIAMS beat GONZALO DURAN, 671 to 103, 83.9% to 12.9%; total votes 800. | City Comptroller: MARK D. LEVINE beat PETER KEFALAS, 681 to 88, 86.1% to 11.1%; total votes 791. | Question 1: Disapprove beat Approve, 421 to 365, 53.6% to 46.4%; total votes 786. | Question 2: Approve beat Disapprove, 487 to 309, 61.2% to 38.8%; total votes 796. | Question 3: Approve beat Disapprove, 451 to 328, 57.9% to 42.1%; total votes 779. | Question 4: Approve beat Disapprove, 455 to 315, 59.1% to 40.9%; total votes 770. | Question 5: Approve beat Disapprove, 667 to 120, 84.8% to 15.2%; total votes 787. | Question 6: Approve beat Disapprove, 396 to 387, 50.6% to 49.4%; total votes 783. | Dem Primary Mayor: Zohran Kwame Mamdani beat Brad Lander, 330 to 106, 57.7% to 18.5%; total votes 572. | Dem Primary Public Advocate: Jumaane D. Williams beat Jenifer Rajkumar, 409 to 69, 77.0% to 13.0%; total votes 531. | Dem Primary Comptroller: Mark D. Levine beat Justin Brannan, 311 to 180, 57.4% to 33.2%; total votes 542.", "mayor_margin": 44.1, "q2_yes": 61.2, "q3_yes": 57.9, "q4_yes": 59.1}, "geometry": {"type": "MultiPolygon", "coordinates": [[[[-73.9357174, 40.8523352], [-73.9361519, 40.851467], [-73.9362037, 40.8513633], [-73.9366614, 40.8504473], [-73.9373653, 40.8506445], [-73.9382842, 40.8509085], [-73.939236, 40.8511785], [-73.9391899, 40.8512879], [-73.9391203, 40.8514532], [-73.9390996, 40.8515026], [-73.9390114, 40.8517296], [-73.9388713, 40.8520817], [-73.9387758, 40.852322], [-73.9378197, 40.8521279], [-73.9368929, 40.8519026], [-73.9365449, 40.8526114], [-73.9357174, 40.8523352]]]]}}, {"type": "Feature", "properties": {"felt:feature": 10, "ed_label": "AD 71 ED 010", "elect_dist": "71010", "borough": "Manhattan", "community_board": 12, "community_board_label": "Manhattan CB12", "popup_title": "Manhattan CB12 \u2014 AD 71 ED 010", "general_mayor": "ZOHRAN KWAME MAMDANI beat ANDREW M. CUOMO, 491 to 114, 77.6% to 18.0%; total votes 633.", "general_mayor_winner": "Mamdani", "general_public_advocate": "JUMAANE D. WILLIAMS beat GONZALO DURAN, 556 to 50, 90.7% to 8.2%; total votes 613.", "general_public_advocate_winner": "Williams", "general_comptroller": "MARK D. LEVINE beat PETER KEFALAS, 542 to 48, 90.3% to 8.0%; total votes 600.", "general_comptroller_winner": "Levine", "question_1": "Disapprove beat Approve, 305 to 282, 52.0% to 48.0%; total votes 587.", "question_1_winner": "No-disapprove!", "question_2": "Approve beat Disapprove, 393 to 200, 66.3% to 33.7%; total votes 593.", "question_2_winner": "Yes-approve!", "question_3": "Approve beat Disapprove, 371 to 209, 64.0% to 36.0%; total votes 580.", "question_3_winner": "Yes-approve!", "question_4": "Approve beat Disapprove, 375 to 210, 64.1% to 35.9%; total votes 585.", "question_4_winner": "Yes-approve!", "question_5": "Approve beat Disapprove, 517 to 71, 87.9% to 12.1%; total votes 588.", "question_5_winner": "Yes-approve!", "question_6": "Approve beat Disapprove, 307 to 278, 52.5% to 47.5%; total votes 585.", "question_6_winner": "Yes-approve!", "dem_primary_mayor": "Zohran Kwame Mamdani beat Brad Lander, 231 to 83, 54.9% to 19.7%; total votes 421.", "dem_primary_mayor_winner": "Mamdani", "dem_primary_public_advocate": "Jumaane D. Williams beat Jenifer Rajkumar, 315 to 48, 81.6% to 12.4%; total votes 386.", "dem_primary_public_advocate_winner": "Williams", "dem_primary_comptroller": "Mark D. Levine beat Justin Brannan, 224 to 140, 56.3% to 35.2%; total votes 398.", "dem_primary_comptroller_winner": "Levine", "popup_summary": "Mayor: ZOHRAN KWAME MAMDANI beat ANDREW M. CUOMO, 491 to 114, 77.6% to 18.0%; total votes 633. | Public Advocate: JUMAANE D. WILLIAMS beat GONZALO DURAN, 556 to 50, 90.7% to 8.2%; total votes 613. | City Comptroller: MARK D. LEVINE beat PETER KEFALAS, 542 to 48, 90.3% to 8.0%; total votes 600. | Question 1: Disapprove beat Approve, 305 to 282, 52.0% to 48.0%; total votes 587. | Question 2: Approve beat Disapprove, 393 to 200, 66.3% to 33.7%; total votes 593. | Question 3: Approve beat Disapprove, 371 to 209, 64.0% to 36.0%; total votes 580. | Question 4: Approve beat Disapprove, 375 to 210, 64.1% to 35.9%; total votes 585. | Question 5: Approve beat Disapprove, 517 to 71, 87.9% to 12.1%; total votes 588. | Question 6: Approve beat Disapprove, 307 to 278, 52.5% to 47.5%; total votes 585. | Dem Primary Mayor: Zohran Kwame Mamdani beat Brad Lander, 231 to 83, 54.9% to 19.7%; total votes 421. | Dem Primary Public Advocate: Jumaane D. Williams beat Jenifer Rajkumar, 315 to 48, 81.6% to 12.4%; total votes 386. | Dem Primary Comptroller: Mark D. Levine beat Justin Brannan, 224 to 140, 56.3% to 35.2%; total votes 398.", "mayor_margin": 59.6, "q2_yes": 66.3, "q3_yes": 64.0, "q4_yes": 64.1}, "geometry": {"type": "MultiPolygon", "coordinates": [[[[-73.9420387, 40.851931], [-73.9419033, 40.8517656], [-73.9413479, 40.8513994], [-73.9412058, 40.8513922], [-73.9411391, 40.8513696], [-73.9410705, 40.8513507], [-73.9410002, 40.8513357], [-73.9409287, 40.8513246], [-73.9408563, 40.8513175], [-73.9407834, 40.8513145], [-73.9402181, 40.851334], [-73.9401394, 40.851338], [-73.9400604, 40.8513382], [-73.9399816, 40.8513346], [-73.9399033, 40.8513272], [-73.9398257, 40.8513161], [-73.9397492, 40.8513013], [-73.9395701, 40.8512684], [-73.939236, 40.8511785], [-73.9396377, 40.850188], [-73.9405961, 40.8503798], [-73.9408043, 40.8497788], [-73.94078, 40.849729], [-73.9407749, 40.8496749], [-73.9407463, 40.8495652], [-73.9407414, 40.8495033], [-73.940759, 40.8494481], [-73.9407777, 40.8493819], [-73.9407974, 40.8493263], [-73.9408967, 40.8493452], [-73.9410604, 40.8493764], [-73.9412748, 40.8494213], [-73.9416217, 40.8494903], [-73.9418036, 40.8495265], [-73.9422231, 40.8496133], [-73.9423683, 40.8496464], [-73.9424983, 40.8496739], [-73.9426055, 40.8496985], [-73.9429362, 40.8497564], [-73.9430977, 40.8497847], [-73.9431781, 40.8497999], [-73.9438123, 40.8499196], [-73.9439659, 40.8499508], [-73.9440997, 40.8499774], [-73.944721, 40.850101], [-73.9447685, 40.8501104], [-73.9449148, 40.850137], [-73.945897, 40.850328], [-73.9469263, 40.8505281], [-73.946869, 40.8505896], [-73.9468137, 40.850649], [-73.9468022, 40.8506614], [-73.9465159, 40.8509683], [-73.9465023, 40.8509757], [-73.9464874, 40.8509814], [-73.9464716, 40.8509855], [-73.9464569, 40.8509876], [-73.9464419, 40.8509883], [-73.9464269, 40.8509875], [-73.9464122, 40.8509851], [-73.9463979, 40.8509814], [-73.9463845, 40.8509762], [-73.946372, 40.8509698], [-73.9463388, 40.8509478], [-73.9463208, 40.8509233], [-73.9463289, 40.8509044], [-73.9463517, 40.8508931], [-73.9463522, 40.85087], [-73.946338, 40.8508529], [-73.9463273, 40.850846], [-73.9463159, 40.8508387], [-73.9462972, 40.8508331], [-73.946275, 40.850841], [-73.9462437, 40.8508845], [-73.9461978, 40.8509057], [-73.946173, 40.850958], [-73.946196, 40.8509742], [-73.9462008, 40.8510315], [-73.946186, 40.8510315], [-73.9461721, 40.8510521], [-73.9461582, 40.8510473], [-73.946147, 40.8510313], [-73.9461454, 40.8510075], [-73.9461339, 40.8509839], [-73.9461198, 40.8509688], [-73.9460967, 40.8509663], [-73.9460819, 40.8509807], [-73.9460875, 40.8510081], [-73.9460974, 40.8510326], [-73.9460981, 40.8510336], [-73.9461416, 40.8510937], [-73.9461365, 40.8511547], [-73.9461174, 40.8511726], [-73.9452927, 40.8510597], [-73.9451886, 40.8511641], [-73.9451457, 40.8511966], [-73.9450969, 40.8512239], [-73.9450432, 40.8512452], [-73.9449858, 40.8512602], [-73.9441195, 40.8514805], [-73.9438803, 40.8515413], [-73.9437626, 40.8515622], [-73.9436978, 40.8515656], [-73.943633, 40.8515621], [-73.9435694, 40.851552], [-73.9435083, 40.8515353], [-73.9434537, 40.851501], [-73.9433975, 40.8514529], [-73.9430601, 40.8517337], [-73.9424695, 40.852225], [-73.9421596, 40.8520135], [-73.9420387, 40.851931]]]]}}, {"type": "Feature", "properties": {"felt:feature": 11, "ed_label": "AD 71 ED 011", "elect_dist": "71011", "borough": "Manhattan", "community_board": 12, "community_board_label": "Manhattan CB12", "popup_title": "Manhattan CB12 \u2014 AD 71 ED 011", "general_mayor": "ZOHRAN KWAME MAMDANI beat ANDREW M. CUOMO, 370 to 101, 76.1% to 20.8%; total votes 486.", "general_mayor_winner": "Mamdani", "general_public_advocate": "JUMAANE D. WILLIAMS beat GONZALO DURAN, 409 to 45, 88.7% to 9.8%; total votes 461.", "general_public_advocate_winner": "Williams", "general_comptroller": "MARK D. LEVINE beat PETER KEFALAS, 394 to 39, 89.5% to 8.9%; total votes 440.", "general_comptroller_winner": "Levine", "question_1": "Disapprove beat Approve, 257 to 188, 57.8% to 42.2%; total votes 445.", "question_1_winner": "No-disapprove!", "question_2": "Approve beat Disapprove, 298 to 155, 65.8% to 34.2%; total votes 453.", "question_2_winner": "Yes-approve!", "question_3": "Approve beat Disapprove, 261 to 188, 58.1% to 41.9%; total votes 449.", "question_3_winner": "Yes-approve!", "question_4": "Approve beat Disapprove, 277 to 170, 62.0% to 38.0%; total votes 447.", "question_4_winner": "Yes-approve!", "question_5": "Approve beat Disapprove, 377 to 72, 84.0% to 16.0%; total votes 449.", "question_5_winner": "Yes-approve!", "question_6": "Disapprove beat Approve, 230 to 226, 50.4% to 49.6%; total votes 456.", "question_6_winner": "No-disapprove!", "dem_primary_mayor": "Zohran Kwame Mamdani beat Brad Lander, 215 to 52, 67.4% to 16.3%; total votes 319.", "dem_primary_mayor_winner": "Mamdani", "dem_primary_public_advocate": "Jumaane D. Williams beat Jenifer Rajkumar, 239 to 46, 80.5% to 15.5%; total votes 297.", "dem_primary_public_advocate_winner": "Williams", "dem_primary_comptroller": "Mark D. Levine beat Justin Brannan, 162 to 103, 54.4% to 34.6%; total votes 298.", "dem_primary_comptroller_winner": "Levine", "popup_summary": "Mayor: ZOHRAN KWAME MAMDANI beat ANDREW M. CUOMO, 370 to 101, 76.1% to 20.8%; total votes 486. | Public Advocate: JUMAANE D. WILLIAMS beat GONZALO DURAN, 409 to 45, 88.7% to 9.8%; total votes 461. | City Comptroller: MARK D. LEVINE beat PETER KEFALAS, 394 to 39, 89.5% to 8.9%; total votes 440. | Question 1: Disapprove beat Approve, 257 to 188, 57.8% to 42.2%; total votes 445. | Question 2: Approve beat Disapprove, 298 to 155, 65.8% to 34.2%; total votes 453. | Question 3: Approve beat Disapprove, 261 to 188, 58.1% to 41.9%; total votes 449. | Question 4: Approve beat Disapprove, 277 to 170, 62.0% to 38.0%; total votes 447. | Question 5: Approve beat Disapprove, 377 to 72, 84.0% to 16.0%; total votes 449. | Question 6: Disapprove beat Approve, 230 to 226, 50.4% to 49.6%; total votes 456. | Dem Primary Mayor: Zohran Kwame Mamdani beat Brad Lander, 215 to 52, 67.4% to 16.3%; total votes 319. | Dem Primary Public Advocate: Jumaane D. Williams beat Jenifer Rajkumar, 239 to 46, 80.5% to 15.5%; total votes 297. | Dem Primary Comptroller: Mark D. Levine beat Justin Brannan, 162 to 103, 54.4% to 34.6%; total votes 298.", "mayor_margin": 55.3, "q2_yes": 65.8, "q3_yes": 58.1, "q4_yes": 62.0}, "geometry": {"type": "MultiPolygon", "coordinates": [[[[-73.9382842, 40.8509085], [-73.9385637, 40.8502169], [-73.9386546, 40.8499963], [-73.9389351, 40.849289], [-73.938976, 40.8491881], [-73.9390063, 40.8491219], [-73.9390367, 40.8490521], [-73.9390651, 40.8489809], [-73.9391909, 40.8490065], [-73.9393529, 40.8490387], [-73.9396819, 40.8491039], [-73.9405116, 40.8492684], [-73.9407974, 40.8493263], [-73.9407777, 40.8493819], [-73.940759, 40.8494481], [-73.9407414, 40.8495033], [-73.9407463, 40.8495652], [-73.9407749, 40.8496749], [-73.94078, 40.849729], [-73.9408043, 40.8497788], [-73.9405961, 40.8503798], [-73.9396377, 40.850188], [-73.939236, 40.8511785], [-73.9382842, 40.8509085]]]]}}, {"type": "Feature", "properties": {"felt:feature": 12, "ed_label": "AD 71 ED 012", "elect_dist": "71012", "borough": "Manhattan", "community_board": 12, "community_board_label": "Manhattan CB12", "popup_title": "Manhattan CB12 \u2014 AD 71 ED 012", "general_mayor": "ZOHRAN KWAME MAMDANI beat ANDREW M. CUOMO, 317 to 149, 64.0% to 30.1%; total votes 495.", "general_mayor_winner": "Mamdani", "general_public_advocate": "JUMAANE D. WILLIAMS beat GONZALO DURAN, 386 to 57, 86.5% to 12.8%; total votes 446.", "general_public_advocate_winner": "Williams", "general_comptroller": "MARK D. LEVINE beat PETER KEFALAS, 369 to 49, 85.2% to 11.3%; total votes 433.", "general_comptroller_winner": "Levine", "question_1": "Disapprove beat Approve, 221 to 192, 53.5% to 46.5%; total votes 413.", "question_1_winner": "No-disapprove!", "question_2": "Approve beat Disapprove, 301 to 135, 69.0% to 31.0%; total votes 436.", "question_2_winner": "Yes-approve!", "question_3": "Approve beat Disapprove, 254 to 158, 61.6% to 38.4%; total votes 412.", "question_3_winner": "Yes-approve!", "question_4": "Approve beat Disapprove, 267 to 146, 64.6% to 35.4%; total votes 413.", "question_4_winner": "Yes-approve!", "question_5": "Approve beat Disapprove, 338 to 77, 81.4% to 18.6%; total votes 415.", "question_5_winner": "Yes-approve!", "question_6": "Approve beat Disapprove, 212 to 207, 50.6% to 49.4%; total votes 419.", "question_6_winner": "Yes-approve!", "dem_primary_mayor": "Zohran Kwame Mamdani beat Andrew M. Cuomo, 164 to 72, 57.7% to 25.4%; total votes 284.", "dem_primary_mayor_winner": "Mamdani", "dem_primary_public_advocate": "Jumaane D. Williams beat Jenifer Rajkumar, 184 to 49, 71.9% to 19.1%; total votes 256.", "dem_primary_public_advocate_winner": "Williams", "dem_primary_comptroller": "Mark D. Levine beat Justin Brannan, 134 to 84, 52.1% to 32.7%; total votes 257.", "dem_primary_comptroller_winner": "Levine", "popup_summary": "Mayor: ZOHRAN KWAME MAMDANI beat ANDREW M. CUOMO, 317 to 149, 64.0% to 30.1%; total votes 495. | Public Advocate: JUMAANE D. WILLIAMS beat GONZALO DURAN, 386 to 57, 86.5% to 12.8%; total votes 446. | City Comptroller: MARK D. LEVINE beat PETER KEFALAS, 369 to 49, 85.2% to 11.3%; total votes 433. | Question 1: Disapprove beat Approve, 221 to 192, 53.5% to 46.5%; total votes 413. | Question 2: Approve beat Disapprove, 301 to 135, 69.0% to 31.0%; total votes 436. | Question 3: Approve beat Disapprove, 254 to 158, 61.6% to 38.4%; total votes 412. | Question 4: Approve beat Disapprove, 267 to 146, 64.6% to 35.4%; total votes 413. | Question 5: Approve beat Disapprove, 338 to 77, 81.4% to 18.6%; total votes 415. | Question 6: Approve beat Disapprove, 212 to 207, 50.6% to 49.4%; total votes 419. | Dem Primary Mayor: Zohran Kwame Mamdani beat Andrew M. Cuomo, 164 to 72, 57.7% to 25.4%; total votes 284. | Dem Primary Public Advocate: Jumaane D. Williams beat Jenifer Rajkumar, 184 to 49, 71.9% to 19.1%; total votes 256. | Dem Primary Comptroller: Mark D. Levine beat Justin Brannan, 134 to 84, 52.1% to 32.7%; total votes 257.", "mayor_margin": 33.9, "q2_yes": 69.0, "q3_yes": 61.6, "q4_yes": 64.6}, "geometry": {"type": "MultiPolygon", "coordinates": [[[[-73.9366614, 40.8504473], [-73.9357539, 40.8501682], [-73.9363968, 40.8495412], [-73.9370698, 40.848939], [-73.9371638, 40.8488472], [-73.9372861, 40.8487479], [-73.9373886, 40.8486484], [-73.9374866, 40.848569], [-73.9375668, 40.8484915], [-73.9376724, 40.8483927], [-73.9391832, 40.8486695], [-73.9391442, 40.8487826], [-73.9391352, 40.8488053], [-73.939111, 40.8488643], [-73.9390858, 40.8489266], [-73.9390651, 40.8489809], [-73.9390367, 40.8490521], [-73.9390063, 40.8491219], [-73.938976, 40.8491881], [-73.9389351, 40.849289], [-73.9386546, 40.8499963], [-73.9385637, 40.8502169], [-73.9382842, 40.8509085], [-73.9373653, 40.8506445], [-73.9366614, 40.8504473]]]]}}, {"type": "Feature", "properties": {"felt:feature": 13, "ed_label": "AD 71 ED 013", "elect_dist": "71013", "borough": "Manhattan", "community_board": 12, "community_board_label": "Manhattan CB12", "popup_title": "Manhattan CB12 \u2014 AD 71 ED 013", "general_mayor": "ZOHRAN KWAME MAMDANI beat ANDREW M. CUOMO, 371 to 157, 66.6% to 28.2%; total votes 557.", "general_mayor_winner": "Mamdani", "general_public_advocate": "JUMAANE D. WILLIAMS beat GONZALO DURAN, 431 to 63, 84.3% to 12.3%; total votes 511.", "general_public_advocate_winner": "Williams", "general_comptroller": "MARK D. LEVINE beat PETER KEFALAS, 440 to 51, 87.1% to 10.1%; total votes 505.", "general_comptroller_winner": "Levine", "question_1": "Disapprove beat Approve, 260 to 226, 53.5% to 46.5%; total votes 486.", "question_1_winner": "No-disapprove!", "question_2": "Approve beat Disapprove, 336 to 166, 66.9% to 33.1%; total votes 502.", "question_2_winner": "Yes-approve!", "question_3": "Approve beat Disapprove, 308 to 179, 63.2% to 36.8%; total votes 487.", "question_3_winner": "Yes-approve!", "question_4": "Approve beat Disapprove, 321 to 169, 65.5% to 34.5%; total votes 490.", "question_4_winner": "Yes-approve!", "question_5": "Approve beat Disapprove, 401 to 83, 82.9% to 17.1%; total votes 484.", "question_5_winner": "Yes-approve!", "question_6": "Disapprove beat Approve, 255 to 230, 52.6% to 47.4%; total votes 485.", "question_6_winner": "No-disapprove!", "dem_primary_mayor": "Zohran Kwame Mamdani beat Andrew M. Cuomo, 186 to 88, 53.8% to 25.4%; total votes 346.", "dem_primary_mayor_winner": "Mamdani", "dem_primary_public_advocate": "Jumaane D. Williams beat Jenifer Rajkumar, 224 to 55, 72.5% to 17.8%; total votes 309.", "dem_primary_public_advocate_winner": "Williams", "dem_primary_comptroller": "Mark D. Levine beat Justin Brannan, 200 to 77, 61.4% to 23.6%; total votes 326.", "dem_primary_comptroller_winner": "Levine", "popup_summary": "Mayor: ZOHRAN KWAME MAMDANI beat ANDREW M. CUOMO, 371 to 157, 66.6% to 28.2%; total votes 557. | Public Advocate: JUMAANE D. WILLIAMS beat GONZALO DURAN, 431 to 63, 84.3% to 12.3%; total votes 511. | City Comptroller: MARK D. LEVINE beat PETER KEFALAS, 440 to 51, 87.1% to 10.1%; total votes 505. | Question 1: Disapprove beat Approve, 260 to 226, 53.5% to 46.5%; total votes 486. | Question 2: Approve beat Disapprove, 336 to 166, 66.9% to 33.1%; total votes 502. | Question 3: Approve beat Disapprove, 308 to 179, 63.2% to 36.8%; total votes 487. | Question 4: Approve beat Disapprove, 321 to 169, 65.5% to 34.5%; total votes 490. | Question 5: Approve beat Disapprove, 401 to 83, 82.9% to 17.1%; total votes 484. | Question 6: Disapprove beat Approve, 255 to 230, 52.6% to 47.4%; total votes 485. | Dem Primary Mayor: Zohran Kwame Mamdani beat Andrew M. Cuomo, 186 to 88, 53.8% to 25.4%; total votes 346. | Dem Primary Public Advocate: Jumaane D. Williams beat Jenifer Rajkumar, 224 to 55, 72.5% to 17.8%; total votes 309. | Dem Primary Comptroller: Mark D. Levine beat Justin Brannan, 200 to 77, 61.4% to 23.6%; total votes 326.", "mayor_margin": 38.4, "q2_yes": 66.9, "q3_yes": 63.2, "q4_yes": 65.5}, "geometry": {"type": "MultiPolygon", "coordinates": [[[[-73.9407974, 40.8493263], [-73.9405116, 40.8492684], [-73.9396819, 40.8491039], [-73.9393529, 40.8490387], [-73.9391909, 40.8490065], [-73.9390651, 40.8489809], [-73.9390858, 40.8489266], [-73.939111, 40.8488643], [-73.9391352, 40.8488053], [-73.9391442, 40.8487826], [-73.9391832, 40.8486695], [-73.9393294, 40.8483108], [-73.93938, 40.8481876], [-73.9395236, 40.8478384], [-73.9397787, 40.8472098], [-73.9406903, 40.8473875], [-73.9414331, 40.8475261], [-73.9422003, 40.8476831], [-73.9420765, 40.848219], [-73.942054, 40.8483167], [-73.9424797, 40.8483198], [-73.9424725, 40.8483583], [-73.9424797, 40.848453], [-73.9424799, 40.8490013], [-73.9424631, 40.8492924], [-73.9424305, 40.8494392], [-73.9424179, 40.8494959], [-73.9423844, 40.8495964], [-73.9423683, 40.8496464], [-73.9422231, 40.8496133], [-73.9418036, 40.8495265], [-73.9416217, 40.8494903], [-73.9412748, 40.8494213], [-73.9410604, 40.8493764], [-73.9408967, 40.8493452], [-73.9407974, 40.8493263]]]]}}, {"type": "Feature", "properties": {"felt:feature": 14, "ed_label": "AD 71 ED 014", "elect_dist": "71014", "borough": "Manhattan", "community_board": 12, "community_board_label": "Manhattan CB12", "popup_title": "Manhattan CB12 \u2014 AD 71 ED 014", "general_mayor": "ZOHRAN KWAME MAMDANI beat ANDREW M. CUOMO, 329 to 147, 66.3% to 29.6%; total votes 496.", "general_mayor_winner": "Mamdani", "general_public_advocate": "JUMAANE D. WILLIAMS beat GONZALO DURAN, 366 to 48, 86.9% to 11.4%; total votes 421.", "general_public_advocate_winner": "Williams", "general_comptroller": "MARK D. LEVINE beat PETER KEFALAS, 372 to 34, 88.4% to 8.1%; total votes 421.", "general_comptroller_winner": "Levine", "question_1": "Disapprove beat Approve, 223 to 173, 56.3% to 43.7%; total votes 396.", "question_1_winner": "No-disapprove!", "question_2": "Approve beat Disapprove, 286 to 119, 70.6% to 29.4%; total votes 405.", "question_2_winner": "Yes-approve!", "question_3": "Approve beat Disapprove, 251 to 145, 63.4% to 36.6%; total votes 396.", "question_3_winner": "Yes-approve!", "question_4": "Approve beat Disapprove, 269 to 123, 68.6% to 31.4%; total votes 392.", "question_4_winner": "Yes-approve!", "question_5": "Approve beat Disapprove, 319 to 68, 82.4% to 17.6%; total votes 387.", "question_5_winner": "Yes-approve!", "question_6": "Approve beat Disapprove, 199 to 192, 50.9% to 49.1%; total votes 391.", "question_6_winner": "Yes-approve!", "dem_primary_mayor": "Zohran Kwame Mamdani beat Andrew M. Cuomo, 162 to 104, 53.8% to 34.6%; total votes 301.", "dem_primary_mayor_winner": "Mamdani", "dem_primary_public_advocate": "Jumaane D. Williams beat Jenifer Rajkumar, 186 to 37, 73.2% to 14.6%; total votes 254.", "dem_primary_public_advocate_winner": "Williams", "dem_primary_comptroller": "Mark D. Levine beat Justin Brannan, 147 to 77, 55.3% to 28.9%; total votes 266.", "dem_primary_comptroller_winner": "Levine", "popup_summary": "Mayor: ZOHRAN KWAME MAMDANI beat ANDREW M. CUOMO, 329 to 147, 66.3% to 29.6%; total votes 496. | Public Advocate: JUMAANE D. WILLIAMS beat GONZALO DURAN, 366 to 48, 86.9% to 11.4%; total votes 421. | City Comptroller: MARK D. LEVINE beat PETER KEFALAS, 372 to 34, 88.4% to 8.1%; total votes 421. | Question 1: Disapprove beat Approve, 223 to 173, 56.3% to 43.7%; total votes 396. | Question 2: Approve beat Disapprove, 286 to 119, 70.6% to 29.4%; total votes 405. | Question 3: Approve beat Disapprove, 251 to 145, 63.4% to 36.6%; total votes 396. | Question 4: Approve beat Disapprove, 269 to 123, 68.6% to 31.4%; total votes 392. | Question 5: Approve beat Disapprove, 319 to 68, 82.4% to 17.6%; total votes 387. | Question 6: Approve beat Disapprove, 199 to 192, 50.9% to 49.1%; total votes 391. | Dem Primary Mayor: Zohran Kwame Mamdani beat Andrew M. Cuomo, 162 to 104, 53.8% to 34.6%; total votes 301. | Dem Primary Public Advocate: Jumaane D. Williams beat Jenifer Rajkumar, 186 to 37, 73.2% to 14.6%; total votes 254. | Dem Primary Comptroller: Mark D. Levine beat Justin Brannan, 147 to 77, 55.3% to 28.9%; total votes 266.", "mayor_margin": 36.7, "q2_yes": 70.6, "q3_yes": 63.4, "q4_yes": 68.6}, "geometry": {"type": "MultiPolygon", "coordinates": [[[[-73.9376724, 40.8483927], [-73.9379751, 40.8477107], [-73.9380362, 40.8475578], [-73.9382348, 40.8469103], [-73.9384514, 40.8461922], [-73.9400607, 40.8465184], [-73.9397787, 40.8472098], [-73.9395236, 40.8478384], [-73.93938, 40.8481876], [-73.9393294, 40.8483108], [-73.9391832, 40.8486695], [-73.9376724, 40.8483927]]]]}}, {"type": "Feature", "properties": {"felt:feature": 15, "ed_label": "AD 71 ED 015", "elect_dist": "71015", "borough": "Manhattan", "community_board": 12, "community_board_label": "Manhattan CB12", "popup_title": "Manhattan CB12 \u2014 AD 71 ED 015", "general_mayor": "ZOHRAN KWAME MAMDANI beat ANDREW M. CUOMO, 382 to 127, 72.1% to 24.0%; total votes 530.", "general_mayor_winner": "Mamdani", "general_public_advocate": "JUMAANE D. WILLIAMS beat GONZALO DURAN, 438 to 47, 88.5% to 9.5%; total votes 495.", "general_public_advocate_winner": "Williams", "general_comptroller": "MARK D. LEVINE beat PETER KEFALAS, 435 to 36, 89.7% to 7.4%; total votes 485.", "general_comptroller_winner": "Levine", "question_1": "Disapprove beat Approve, 234 to 224, 51.1% to 48.9%; total votes 458.", "question_1_winner": "No-disapprove!", "question_2": "Approve beat Disapprove, 305 to 167, 64.6% to 35.4%; total votes 472.", "question_2_winner": "Yes-approve!", "question_3": "Approve beat Disapprove, 277 to 184, 60.1% to 39.9%; total votes 461.", "question_3_winner": "Yes-approve!", "question_4": "Approve beat Disapprove, 287 to 172, 62.5% to 37.5%; total votes 459.", "question_4_winner": "Yes-approve!", "question_5": "Approve beat Disapprove, 385 to 71, 84.4% to 15.6%; total votes 456.", "question_5_winner": "Yes-approve!", "question_6": "Disapprove beat Approve, 250 to 209, 54.5% to 45.5%; total votes 459.", "question_6_winner": "No-disapprove!", "dem_primary_mayor": "Zohran Kwame Mamdani beat Andrew M. Cuomo, 200 to 75, 59.5% to 22.3%; total votes 336.", "dem_primary_mayor_winner": "Mamdani", "dem_primary_public_advocate": "Jumaane D. Williams beat Jenifer Rajkumar, 228 to 37, 79.4% to 12.9%; total votes 287.", "dem_primary_public_advocate_winner": "Williams", "dem_primary_comptroller": "Mark D. Levine beat Justin Brannan, 149 to 107, 50.2% to 36.0%; total votes 297.", "dem_primary_comptroller_winner": "Levine", "popup_summary": "Mayor: ZOHRAN KWAME MAMDANI beat ANDREW M. CUOMO, 382 to 127, 72.1% to 24.0%; total votes 530. | Public Advocate: JUMAANE D. WILLIAMS beat GONZALO DURAN, 438 to 47, 88.5% to 9.5%; total votes 495. | City Comptroller: MARK D. LEVINE beat PETER KEFALAS, 435 to 36, 89.7% to 7.4%; total votes 485. | Question 1: Disapprove beat Approve, 234 to 224, 51.1% to 48.9%; total votes 458. | Question 2: Approve beat Disapprove, 305 to 167, 64.6% to 35.4%; total votes 472. | Question 3: Approve beat Disapprove, 277 to 184, 60.1% to 39.9%; total votes 461. | Question 4: Approve beat Disapprove, 287 to 172, 62.5% to 37.5%; total votes 459. | Question 5: Approve beat Disapprove, 385 to 71, 84.4% to 15.6%; total votes 456. | Question 6: Disapprove beat Approve, 250 to 209, 54.5% to 45.5%; total votes 459. | Dem Primary Mayor: Zohran Kwame Mamdani beat Andrew M. Cuomo, 200 to 75, 59.5% to 22.3%; total votes 336. | Dem Primary Public Advocate: Jumaane D. Williams beat Jenifer Rajkumar, 228 to 37, 79.4% to 12.9%; total votes 287. | Dem Primary Comptroller: Mark D. Levine beat Justin Brannan, 149 to 107, 50.2% to 36.0%; total votes 297.", "mayor_margin": 48.1, "q2_yes": 64.6, "q3_yes": 60.1, "q4_yes": 62.5}, "geometry": {"type": "MultiPolygon", "coordinates": [[[[-73.9397787, 40.8472098], [-73.9400607, 40.8465184], [-73.9402416, 40.8460482], [-73.940518, 40.8453688], [-73.9407941, 40.8446864], [-73.9423389, 40.845333], [-73.9430176, 40.8455458], [-73.9431496, 40.8455709], [-73.9431159, 40.8459249], [-73.9430686, 40.846726], [-73.9426951, 40.8474018], [-73.9426136, 40.8475783], [-73.9425846, 40.847662], [-73.9425519, 40.8477699], [-73.9425252, 40.8478787], [-73.9425046, 40.8479883], [-73.9424901, 40.8480985], [-73.9424818, 40.8482091], [-73.9424797, 40.8483198], [-73.942054, 40.8483167], [-73.9420765, 40.848219], [-73.9422003, 40.8476831], [-73.9414331, 40.8475261], [-73.9406903, 40.8473875], [-73.9397787, 40.8472098]]]]}}, {"type": "Feature", "properties": {"felt:feature": 16, "ed_label": "AD 71 ED 016", "elect_dist": "71016", "borough": "Manhattan", "community_board": 12, "community_board_label": "Manhattan CB12", "popup_title": "Manhattan CB12 \u2014 AD 71 ED 016", "general_mayor": "ZOHRAN KWAME MAMDANI beat ANDREW M. CUOMO, 358 to 121, 71.6% to 24.2%; total votes 500.", "general_mayor_winner": "Mamdani", "general_public_advocate": "JUMAANE D. WILLIAMS beat GONZALO DURAN, 381 to 46, 87.2% to 10.5%; total votes 437.", "general_public_advocate_winner": "Williams", "general_comptroller": "MARK D. LEVINE beat PETER KEFALAS, 375 to 39, 87.0% to 9.0%; total votes 431.", "general_comptroller_winner": "Levine", "question_1": "Disapprove beat Approve, 243 to 167, 59.3% to 40.7%; total votes 410.", "question_1_winner": "No-disapprove!", "question_2": "Approve beat Disapprove, 294 to 133, 68.9% to 31.1%; total votes 427.", "question_2_winner": "Yes-approve!", "question_3": "Approve beat Disapprove, 251 to 161, 60.9% to 39.1%; total votes 412.", "question_3_winner": "Yes-approve!", "question_4": "Approve beat Disapprove, 273 to 137, 66.6% to 33.4%; total votes 410.", "question_4_winner": "Yes-approve!", "question_5": "Approve beat Disapprove, 340 to 72, 82.5% to 17.5%; total votes 412.", "question_5_winner": "Yes-approve!", "question_6": "Disapprove beat Approve, 213 to 198, 51.8% to 48.2%; total votes 411.", "question_6_winner": "No-disapprove!", "dem_primary_mayor": "Zohran Kwame Mamdani beat Andrew M. Cuomo, 184 to 86, 60.3% to 28.2%; total votes 305.", "dem_primary_mayor_winner": "Mamdani", "dem_primary_public_advocate": "Jumaane D. Williams beat Jenifer Rajkumar, 197 to 34, 77.6% to 13.4%; total votes 254.", "dem_primary_public_advocate_winner": "Williams", "dem_primary_comptroller": "Mark D. Levine beat Justin Brannan, 130 to 96, 49.1% to 36.2%; total votes 265.", "dem_primary_comptroller_winner": "Levine", "popup_summary": "Mayor: ZOHRAN KWAME MAMDANI beat ANDREW M. CUOMO, 358 to 121, 71.6% to 24.2%; total votes 500. | Public Advocate: JUMAANE D. WILLIAMS beat GONZALO DURAN, 381 to 46, 87.2% to 10.5%; total votes 437. | City Comptroller: MARK D. LEVINE beat PETER KEFALAS, 375 to 39, 87.0% to 9.0%; total votes 431. | Question 1: Disapprove beat Approve, 243 to 167, 59.3% to 40.7%; total votes 410. | Question 2: Approve beat Disapprove, 294 to 133, 68.9% to 31.1%; total votes 427. | Question 3: Approve beat Disapprove, 251 to 161, 60.9% to 39.1%; total votes 412. | Question 4: Approve beat Disapprove, 273 to 137, 66.6% to 33.4%; total votes 410. | Question 5: Approve beat Disapprove, 340 to 72, 82.5% to 17.5%; total votes 412. | Question 6: Disapprove beat Approve, 213 to 198, 51.8% to 48.2%; total votes 411. | Dem Primary Mayor: Zohran Kwame Mamdani beat Andrew M. Cuomo, 184 to 86, 60.3% to 28.2%; total votes 305. | Dem Primary Public Advocate: Jumaane D. Williams beat Jenifer Rajkumar, 197 to 34, 77.6% to 13.4%; total votes 254. | Dem Primary Comptroller: Mark D. Levine beat Justin Brannan, 130 to 96, 49.1% to 36.2%; total votes 265.", "mayor_margin": 47.4, "q2_yes": 68.9, "q3_yes": 60.9, "q4_yes": 66.6}, "geometry": {"type": "MultiPolygon", "coordinates": [[[[-73.9384514, 40.8461922], [-73.93868, 40.8454391], [-73.9388551, 40.8446791], [-73.9389236, 40.8443815], [-73.9390246, 40.8439421], [-73.9407941, 40.8446864], [-73.940518, 40.8453688], [-73.9402416, 40.8460482], [-73.9400607, 40.8465184], [-73.9384514, 40.8461922]]]]}}, {"type": "Feature", "properties": {"felt:feature": 17, "ed_label": "AD 71 ED 017", "elect_dist": "71017", "borough": "Manhattan", "community_board": 12, "community_board_label": "Manhattan CB12", "popup_title": "Manhattan CB12 \u2014 AD 71 ED 017", "general_mayor": "ZOHRAN KWAME MAMDANI beat ANDREW M. CUOMO, 449 to 149, 71.4% to 23.7%; total votes 629.", "general_mayor_winner": "Mamdani", "general_public_advocate": "JUMAANE D. WILLIAMS beat GONZALO DURAN, 496 to 64, 87.5% to 11.3%; total votes 567.", "general_public_advocate_winner": "Williams", "general_comptroller": "MARK D. LEVINE beat PETER KEFALAS, 478 to 57, 86.3% to 10.3%; total votes 554.", "general_comptroller_winner": "Levine", "question_1": "Disapprove beat Approve, 339 to 210, 61.7% to 38.3%; total votes 549.", "question_1_winner": "No-disapprove!", "question_2": "Approve beat Disapprove, 394 to 175, 69.2% to 30.8%; total votes 569.", "question_2_winner": "Yes-approve!", "question_3": "Approve beat Disapprove, 338 to 201, 62.7% to 37.3%; total votes 539.", "question_3_winner": "Yes-approve!", "question_4": "Approve beat Disapprove, 355 to 193, 64.8% to 35.2%; total votes 548.", "question_4_winner": "Yes-approve!", "question_5": "Approve beat Disapprove, 453 to 89, 83.6% to 16.4%; total votes 542.", "question_5_winner": "Yes-approve!", "question_6": "Disapprove beat Approve, 305 to 244, 55.6% to 44.4%; total votes 549.", "question_6_winner": "No-disapprove!", "dem_primary_mayor": "Zohran Kwame Mamdani beat Andrew M. Cuomo, 246 to 82, 66.0% to 22.0%; total votes 373.", "dem_primary_mayor_winner": "Mamdani", "dem_primary_public_advocate": "Jumaane D. Williams beat Jenifer Rajkumar, 264 to 44, 80.5% to 13.4%; total votes 328.", "dem_primary_public_advocate_winner": "Williams", "dem_primary_comptroller": "Mark D. Levine beat Justin Brannan, 157 to 126, 47.3% to 38.0%; total votes 332.", "dem_primary_comptroller_winner": "Levine", "popup_summary": "Mayor: ZOHRAN KWAME MAMDANI beat ANDREW M. CUOMO, 449 to 149, 71.4% to 23.7%; total votes 629. | Public Advocate: JUMAANE D. WILLIAMS beat GONZALO DURAN, 496 to 64, 87.5% to 11.3%; total votes 567. | City Comptroller: MARK D. LEVINE beat PETER KEFALAS, 478 to 57, 86.3% to 10.3%; total votes 554. | Question 1: Disapprove beat Approve, 339 to 210, 61.7% to 38.3%; total votes 549. | Question 2: Approve beat Disapprove, 394 to 175, 69.2% to 30.8%; total votes 569. | Question 3: Approve beat Disapprove, 338 to 201, 62.7% to 37.3%; total votes 539. | Question 4: Approve beat Disapprove, 355 to 193, 64.8% to 35.2%; total votes 548. | Question 5: Approve beat Disapprove, 453 to 89, 83.6% to 16.4%; total votes 542. | Question 6: Disapprove beat Approve, 305 to 244, 55.6% to 44.4%; total votes 549. | Dem Primary Mayor: Zohran Kwame Mamdani beat Andrew M. Cuomo, 246 to 82, 66.0% to 22.0%; total votes 373. | Dem Primary Public Advocate: Jumaane D. Williams beat Jenifer Rajkumar, 264 to 44, 80.5% to 13.4%; total votes 328. | Dem Primary Comptroller: Mark D. Levine beat Justin Brannan, 157 to 126, 47.3% to 38.0%; total votes 332.", "mayor_margin": 47.7, "q2_yes": 69.2, "q3_yes": 62.7, "q4_yes": 64.8}, "geometry": {"type": "MultiPolygon", "coordinates": [[[[-73.9407941, 40.8446864], [-73.9390246, 40.8439421], [-73.9391778, 40.8432228], [-73.941141, 40.8440495], [-73.9416335, 40.8434367], [-73.9426956, 40.843902], [-73.9424591, 40.8446006], [-73.9422916, 40.8450875], [-73.9423389, 40.845333], [-73.9407941, 40.8446864]]]]}}, {"type": "Feature", "properties": {"felt:feature": 18, "ed_label": "AD 71 ED 018", "elect_dist": "71018", "borough": "Manhattan", "community_board": 12, "community_board_label": "Manhattan CB12", "popup_title": "Manhattan CB12 \u2014 AD 71 ED 018", "general_mayor": "ZOHRAN KWAME MAMDANI beat ANDREW M. CUOMO, 397 to 138, 71.7% to 24.9%; total votes 554.", "general_mayor_winner": "Mamdani", "general_public_advocate": "JUMAANE D. WILLIAMS beat GONZALO DURAN, 455 to 53, 88.7% to 10.3%; total votes 513.", "general_public_advocate_winner": "Williams", "general_comptroller": "MARK D. LEVINE beat PETER KEFALAS, 461 to 43, 89.9% to 8.4%; total votes 513.", "general_comptroller_winner": "Levine", "question_1": "Disapprove beat Approve, 265 to 212, 55.6% to 44.4%; total votes 477.", "question_1_winner": "No-disapprove!", "question_2": "Approve beat Disapprove, 353 to 138, 71.9% to 28.1%; total votes 491.", "question_2_winner": "Yes-approve!", "question_3": "Approve beat Disapprove, 290 to 183, 61.3% to 38.7%; total votes 473.", "question_3_winner": "Yes-approve!", "question_4": "Approve beat Disapprove, 334 to 143, 70.0% to 30.0%; total votes 477.", "question_4_winner": "Yes-approve!", "question_5": "Approve beat Disapprove, 389 to 85, 82.1% to 17.9%; total votes 474.", "question_5_winner": "Yes-approve!", "question_6": "Approve beat Disapprove, 242 to 234, 50.8% to 49.2%; total votes 476.", "question_6_winner": "Yes-approve!", "dem_primary_mayor": "Zohran Kwame Mamdani beat Andrew M. Cuomo, 213 to 90, 61.6% to 26.0%; total votes 346.", "dem_primary_mayor_winner": "Mamdani", "dem_primary_public_advocate": "Jumaane D. Williams beat Jenifer Rajkumar, 229 to 59, 73.2% to 18.9%; total votes 313.", "dem_primary_public_advocate_winner": "Williams", "dem_primary_comptroller": "Mark D. Levine beat Justin Brannan, 177 to 97, 55.8% to 30.6%; total votes 317.", "dem_primary_comptroller_winner": "Levine", "popup_summary": "Mayor: ZOHRAN KWAME MAMDANI beat ANDREW M. CUOMO, 397 to 138, 71.7% to 24.9%; total votes 554. | Public Advocate: JUMAANE D. WILLIAMS beat GONZALO DURAN, 455 to 53, 88.7% to 10.3%; total votes 513. | City Comptroller: MARK D. LEVINE beat PETER KEFALAS, 461 to 43, 89.9% to 8.4%; total votes 513. | Question 1: Disapprove beat Approve, 265 to 212, 55.6% to 44.4%; total votes 477. | Question 2: Approve beat Disapprove, 353 to 138, 71.9% to 28.1%; total votes 491. | Question 3: Approve beat Disapprove, 290 to 183, 61.3% to 38.7%; total votes 473. | Question 4: Approve beat Disapprove, 334 to 143, 70.0% to 30.0%; total votes 477. | Question 5: Approve beat Disapprove, 389 to 85, 82.1% to 17.9%; total votes 474. | Question 6: Approve beat Disapprove, 242 to 234, 50.8% to 49.2%; total votes 476. | Dem Primary Mayor: Zohran Kwame Mamdani beat Andrew M. Cuomo, 213 to 90, 61.6% to 26.0%; total votes 346. | Dem Primary Public Advocate: Jumaane D. Williams beat Jenifer Rajkumar, 229 to 59, 73.2% to 18.9%; total votes 313. | Dem Primary Comptroller: Mark D. Levine beat Justin Brannan, 177 to 97, 55.8% to 30.6%; total votes 317.", "mayor_margin": 46.8, "q2_yes": 71.9, "q3_yes": 61.3, "q4_yes": 70.0}, "geometry": {"type": "MultiPolygon", "coordinates": [[[[-73.9391778, 40.8432228], [-73.939254, 40.8424366], [-73.9393346, 40.8416805], [-73.9420135, 40.8428105], [-73.9419479, 40.842976], [-73.9419478, 40.8429761], [-73.9419478, 40.8429761], [-73.9418619, 40.8431369], [-73.9418619, 40.843137], [-73.9418619, 40.8431371], [-73.9417566, 40.8432912], [-73.9416335, 40.8434367], [-73.941141, 40.8440495], [-73.9391778, 40.8432228]]]]}}, {"type": "Feature", "properties": {"felt:feature": 19, "ed_label": "AD 71 ED 019", "elect_dist": "71019", "borough": "Manhattan", "community_board": 12, "community_board_label": "Manhattan CB12", "popup_title": "Manhattan CB12 \u2014 AD 71 ED 019", "general_mayor": "ZOHRAN KWAME MAMDANI beat ANDREW M. CUOMO, 383 to 77, 81.3% to 16.3%; total votes 471.", "general_mayor_winner": "Mamdani", "general_public_advocate": "JUMAANE D. WILLIAMS beat GONZALO DURAN, 408 to 31, 92.1% to 7.0%; total votes 443.", "general_public_advocate_winner": "Williams", "general_comptroller": "MARK D. LEVINE beat PETER KEFALAS, 385 to 32, 90.6% to 7.5%; total votes 425.", "general_comptroller_winner": "Levine", "question_1": "Disapprove beat Approve, 247 to 188, 56.8% to 43.2%; total votes 435.", "question_1_winner": "No-disapprove!", "question_2": "Approve beat Disapprove, 295 to 153, 65.8% to 34.2%; total votes 448.", "question_2_winner": "Yes-approve!", "question_3": "Approve beat Disapprove, 274 to 157, 63.6% to 36.4%; total votes 431.", "question_3_winner": "Yes-approve!", "question_4": "Approve beat Disapprove, 276 to 161, 63.2% to 36.8%; total votes 437.", "question_4_winner": "Yes-approve!", "question_5": "Approve beat Disapprove, 390 to 46, 89.5% to 10.6%; total votes 436.", "question_5_winner": "Yes-approve!", "question_6": "Approve beat Disapprove, 234 to 195, 54.5% to 45.5%; total votes 429.", "question_6_winner": "Yes-approve!", "dem_primary_mayor": "Zohran Kwame Mamdani beat Andrew M. Cuomo, 192 to 41, 67.4% to 14.4%; total votes 285.", "dem_primary_mayor_winner": "Mamdani", "dem_primary_public_advocate": "Jumaane D. Williams beat Jenifer Rajkumar, 183 to 42, 76.6% to 17.6%; total votes 239.", "dem_primary_public_advocate_winner": "Williams", "dem_primary_comptroller": "Mark D. Levine beat Justin Brannan, 118 to 100, 46.3% to 39.2%; total votes 255.", "dem_primary_comptroller_winner": "Levine", "popup_summary": "Mayor: ZOHRAN KWAME MAMDANI beat ANDREW M. CUOMO, 383 to 77, 81.3% to 16.3%; total votes 471. | Public Advocate: JUMAANE D. WILLIAMS beat GONZALO DURAN, 408 to 31, 92.1% to 7.0%; total votes 443. | City Comptroller: MARK D. LEVINE beat PETER KEFALAS, 385 to 32, 90.6% to 7.5%; total votes 425. | Question 1: Disapprove beat Approve, 247 to 188, 56.8% to 43.2%; total votes 435. | Question 2: Approve beat Disapprove, 295 to 153, 65.8% to 34.2%; total votes 448. | Question 3: Approve beat Disapprove, 274 to 157, 63.6% to 36.4%; total votes 431. | Question 4: Approve beat Disapprove, 276 to 161, 63.2% to 36.8%; total votes 437. | Question 5: Approve beat Disapprove, 390 to 46, 89.5% to 10.6%; total votes 436. | Question 6: Approve beat Disapprove, 234 to 195, 54.5% to 45.5%; total votes 429. | Dem Primary Mayor: Zohran Kwame Mamdani beat Andrew M. Cuomo, 192 to 41, 67.4% to 14.4%; total votes 285. | Dem Primary Public Advocate: Jumaane D. Williams beat Jenifer Rajkumar, 183 to 42, 76.6% to 17.6%; total votes 239. | Dem Primary Comptroller: Mark D. Levine beat Justin Brannan, 118 to 100, 46.3% to 39.2%; total votes 255.", "mayor_margin": 65.0, "q2_yes": 65.8, "q3_yes": 63.6, "q4_yes": 63.2}, "geometry": {"type": "MultiPolygon", "coordinates": [[[[-73.9423683, 40.8496464], [-73.9423844, 40.8495964], [-73.9424179, 40.8494959], [-73.9424305, 40.8494392], [-73.9424631, 40.8492924], [-73.9424799, 40.8490013], [-73.9424797, 40.848453], [-73.9424725, 40.8483583], [-73.9424797, 40.8483198], [-73.9424818, 40.8482091], [-73.9424901, 40.8480985], [-73.9425046, 40.8479883], [-73.9425252, 40.8478787], [-73.9425519, 40.8477699], [-73.9425846, 40.847662], [-73.9426136, 40.8475783], [-73.9426951, 40.8474018], [-73.9430686, 40.846726], [-73.9431159, 40.8459249], [-73.9431496, 40.8455709], [-73.9430176, 40.8455458], [-73.9423389, 40.845333], [-73.9422916, 40.8450875], [-73.9424591, 40.8446006], [-73.9426956, 40.843902], [-73.9416335, 40.8434367], [-73.9417566, 40.8432912], [-73.9418619, 40.8431371], [-73.9418619, 40.843137], [-73.9418619, 40.8431369], [-73.9419478, 40.8429761], [-73.9419478, 40.8429761], [-73.9419479, 40.842976], [-73.9420135, 40.8428105], [-73.9393346, 40.8416805], [-73.9393743, 40.8416248], [-73.9394344, 40.8415409], [-73.9397659, 40.8410774], [-73.9401657, 40.8405228], [-73.9406382, 40.8398672], [-73.9411361, 40.8391789], [-73.9412337, 40.8392286], [-73.9430649, 40.8401934], [-73.9446803, 40.841051], [-73.9456745, 40.8410969], [-73.9457355, 40.8411041], [-73.9458088, 40.8411176], [-73.9464512, 40.8412439], [-73.9466563, 40.8412967], [-73.9475561, 40.8415287], [-73.947489, 40.8416975], [-73.9473832, 40.8419408], [-73.9472743, 40.8420518], [-73.9472105, 40.8421011], [-73.9471679, 40.8421591], [-73.9471337, 40.8422586], [-73.9471205, 40.8422856], [-73.9471072, 40.8423068], [-73.9469601, 40.8425396], [-73.946935, 40.8426192], [-73.9468692, 40.8427048], [-73.9467877, 40.8428151], [-73.9467551, 40.8428885], [-73.9467098, 40.8429441], [-73.9466164, 40.8430201], [-73.9465481, 40.84312], [-73.9464586, 40.8432544], [-73.9463692, 40.8434548], [-73.9463135, 40.8435598], [-73.9462489, 40.8436712], [-73.9461979, 40.8437541], [-73.9461263, 40.8438886], [-73.9461242, 40.8438925], [-73.9461193, 40.8440047], [-73.9460975, 40.8440551], [-73.9460942, 40.8440974], [-73.9461137, 40.8441963], [-73.946117, 40.844225], [-73.9460932, 40.8442911], [-73.9461054, 40.8443497], [-73.9460843, 40.8444682], [-73.9460912, 40.8444988], [-73.9460788, 40.8445977], [-73.9461093, 40.8448586], [-73.9461227, 40.8448796], [-73.9461284, 40.8449118], [-73.9461469, 40.8449398], [-73.9461602, 40.8450298], [-73.9461609, 40.8451258], [-73.9461914, 40.845198], [-73.9462057, 40.8452318], [-73.9462227, 40.8452592], [-73.9462107, 40.8453336], [-73.946177, 40.8453659], [-73.9461717, 40.8453929], [-73.9462068, 40.8454617], [-73.9462306, 40.845577], [-73.9462766, 40.8456907], [-73.9463077, 40.8457409], [-73.9464388, 40.8458859], [-73.9464662, 40.8458813], [-73.9464795, 40.8459198], [-73.9464454, 40.8459215], [-73.9464839, 40.8459647], [-73.9465173, 40.8459952], [-73.9465039, 40.8460282], [-73.946456, 40.8460582], [-73.9464258, 40.8460633], [-73.9463484, 40.8461564], [-73.9463508, 40.8462403], [-73.9464029, 40.8463613], [-73.9464364, 40.8464399], [-73.9464735, 40.8465286], [-73.9465168, 40.8465931], [-73.9466406, 40.8466849], [-73.9467177, 40.8468248], [-73.9467896, 40.8469967], [-73.9468245, 40.8471343], [-73.9468094, 40.8472884], [-73.9467822, 40.8473534], [-73.9467493, 40.847406], [-73.9466986, 40.8474974], [-73.9466858, 40.8477284], [-73.9466561, 40.8478833], [-73.9466406, 40.8479393], [-73.9466229, 40.8481455], [-73.9466203, 40.848214], [-73.9466195, 40.8482784], [-73.9466442, 40.8483993], [-73.9466504, 40.8486676], [-73.9466785, 40.8488375], [-73.9466355, 40.8489124], [-73.9466506, 40.849005], [-73.946665, 40.8490457], [-73.946706, 40.8490944], [-73.9467205, 40.8492318], [-73.9467331, 40.8492675], [-73.9467566, 40.8493027], [-73.9468116, 40.8493519], [-73.9468387, 40.8493828], [-73.9468553, 40.8494277], [-73.9468548, 40.8495395], [-73.9468824, 40.8495928], [-73.9468951, 40.8496395], [-73.9469006, 40.8496741], [-73.9469665, 40.8498152], [-73.9469592, 40.849849], [-73.9469511, 40.8498592], [-73.9469522, 40.8498901], [-73.9469958, 40.8499559], [-73.9469581, 40.8499853], [-73.9469671, 40.8499957], [-73.9469852, 40.8499945], [-73.9470278, 40.8500418], [-73.9470254, 40.8500621], [-73.9470053, 40.8500819], [-73.9469745, 40.8500899], [-73.9469534, 40.8500977], [-73.946964, 40.8501117], [-73.9469865, 40.8501188], [-73.9470178, 40.850127], [-73.947029, 40.8501448], [-73.9470192, 40.8501951], [-73.9470498, 40.8502233], [-73.947044, 40.8502547], [-73.9470041, 40.8503293], [-73.9470046, 40.8503441], [-73.9470111, 40.8503563], [-73.9470017, 40.8503865], [-73.9469981, 40.850398], [-73.9469644, 40.8504655], [-73.9469263, 40.8505281], [-73.945897, 40.850328], [-73.9449148, 40.850137], [-73.9447685, 40.8501104], [-73.944721, 40.850101], [-73.9440997, 40.8499774], [-73.9439659, 40.8499508], [-73.9438123, 40.8499196], [-73.9431781, 40.8497999], [-73.9430977, 40.8497847], [-73.9429362, 40.8497564], [-73.9426055, 40.8496985], [-73.9424983, 40.8496739], [-73.9423683, 40.8496464]]]]}}, {"type": "Feature", "properties": {"felt:feature": 20, "ed_label": "AD 71 ED 020", "elect_dist": "71020", "borough": "Manhattan", "community_board": 12, "community_board_label": "Manhattan CB12", "popup_title": "Manhattan CB12 \u2014 AD 71 ED 020", "general_mayor": "ZOHRAN KWAME MAMDANI beat ANDREW M. CUOMO, 278 to 170, 59.8% to 36.6%; total votes 465.", "general_mayor_winner": "Mamdani", "general_public_advocate": "JUMAANE D. WILLIAMS beat GONZALO DURAN, 339 to 52, 86.0% to 13.2%; total votes 394.", "general_public_advocate_winner": "Williams", "general_comptroller": "MARK D. LEVINE beat PETER KEFALAS, 346 to 32, 88.0% to 8.1%; total votes 393.", "general_comptroller_winner": "Levine", "question_1": "Disapprove beat Approve, 207 to 165, 55.6% to 44.4%; total votes 372.", "question_1_winner": "No-disapprove!", "question_2": "Approve beat Disapprove, 258 to 117, 68.8% to 31.2%; total votes 375.", "question_2_winner": "Yes-approve!", "question_3": "Approve beat Disapprove, 235 to 137, 63.2% to 36.8%; total votes 372.", "question_3_winner": "Yes-approve!", "question_4": "Approve beat Disapprove, 258 to 118, 68.6% to 31.4%; total votes 376.", "question_4_winner": "Yes-approve!", "question_5": "Approve beat Disapprove, 298 to 68, 81.4% to 18.6%; total votes 366.", "question_5_winner": "Yes-approve!", "question_6": "Disapprove beat Approve, 189 to 179, 51.4% to 48.6%; total votes 368.", "question_6_winner": "No-disapprove!", "dem_primary_mayor": "Zohran Kwame Mamdani beat Andrew M. Cuomo, 156 to 98, 54.2% to 34.0%; total votes 288.", "dem_primary_mayor_winner": "Mamdani", "dem_primary_public_advocate": "Jumaane D. Williams beat Jenifer Rajkumar, 199 to 33, 79.6% to 13.2%; total votes 250.", "dem_primary_public_advocate_winner": "Williams", "dem_primary_comptroller": "Mark D. Levine beat Justin Brannan, 162 to 70, 60.4% to 26.1%; total votes 268.", "dem_primary_comptroller_winner": "Levine", "popup_summary": "Mayor: ZOHRAN KWAME MAMDANI beat ANDREW M. CUOMO, 278 to 170, 59.8% to 36.6%; total votes 465. | Public Advocate: JUMAANE D. WILLIAMS beat GONZALO DURAN, 339 to 52, 86.0% to 13.2%; total votes 394. | City Comptroller: MARK D. LEVINE beat PETER KEFALAS, 346 to 32, 88.0% to 8.1%; total votes 393. | Question 1: Disapprove beat Approve, 207 to 165, 55.6% to 44.4%; total votes 372. | Question 2: Approve beat Disapprove, 258 to 117, 68.8% to 31.2%; total votes 375. | Question 3: Approve beat Disapprove, 235 to 137, 63.2% to 36.8%; total votes 372. | Question 4: Approve beat Disapprove, 258 to 118, 68.6% to 31.4%; total votes 376. | Question 5: Approve beat Disapprove, 298 to 68, 81.4% to 18.6%; total votes 366. | Question 6: Disapprove beat Approve, 189 to 179, 51.4% to 48.6%; total votes 368. | Dem Primary Mayor: Zohran Kwame Mamdani beat Andrew M. Cuomo, 156 to 98, 54.2% to 34.0%; total votes 288. | Dem Primary Public Advocate: Jumaane D. Williams beat Jenifer Rajkumar, 199 to 33, 79.6% to 13.2%; total votes 250. | Dem Primary Comptroller: Mark D. Levine beat Justin Brannan, 162 to 70, 60.4% to 26.1%; total votes 268.", "mayor_margin": 23.2, "q2_yes": 68.8, "q3_yes": 63.2, "q4_yes": 68.6}, "geometry": {"type": "MultiPolygon", "coordinates": [[[[-73.9446803, 40.841051], [-73.9447108, 40.8407544], [-73.9455865, 40.8398768], [-73.9456136, 40.8397486], [-73.9456229, 40.839618], [-73.9456141, 40.8394869], [-73.9455872, 40.8393576], [-73.945543, 40.8392323], [-73.9437363, 40.8384697], [-73.9432486, 40.8382687], [-73.9430091, 40.8381672], [-73.9422415, 40.8378434], [-73.9421415, 40.8378029], [-73.9425952, 40.8371772], [-73.9426954, 40.8372219], [-73.9440211, 40.8377799], [-73.9458565, 40.8385599], [-73.9466395, 40.8380581], [-73.9470092, 40.837613], [-73.9471158, 40.8377741], [-73.9472697, 40.8379913], [-73.947349, 40.8379453], [-73.9474994, 40.8378449], [-73.9476442, 40.83774], [-73.9477832, 40.8376306], [-73.9479162, 40.837517], [-73.947963, 40.8374687], [-73.9480066, 40.8374187], [-73.9480469, 40.8373671], [-73.9480839, 40.8373141], [-73.9481586, 40.8372072], [-73.9482272, 40.8370979], [-73.9482898, 40.8369866], [-73.9483462, 40.8368734], [-73.9483963, 40.8367585], [-73.9484399, 40.8366421], [-73.9484771, 40.8365244], [-73.9485078, 40.8364056], [-73.9486888, 40.8364777], [-73.9488299, 40.8365339], [-73.9490528, 40.8366165], [-73.9491175, 40.8366444], [-73.9491762, 40.8366707], [-73.9492299, 40.8366972], [-73.9492903, 40.8367293], [-73.949287, 40.8367328], [-73.9492845, 40.8367366], [-73.9492829, 40.8367408], [-73.9492822, 40.8367451], [-73.9492825, 40.8367494], [-73.9492838, 40.8367536], [-73.949286, 40.8367576], [-73.9492891, 40.8367612], [-73.949293, 40.8367644], [-73.9492975, 40.836767], [-73.9493026, 40.836769], [-73.9493771, 40.8367803], [-73.9494399, 40.8367917], [-73.9494423, 40.8367922], [-73.9494974, 40.836815], [-73.9495421, 40.8368796], [-73.9491806, 40.837864], [-73.9491523, 40.8379336], [-73.9490046, 40.8384256], [-73.9489289, 40.8386434], [-73.9488396, 40.8388756], [-73.9487576, 40.8390202], [-73.9486578, 40.8393013], [-73.9485605, 40.8395649], [-73.9484964, 40.8396676], [-73.9484286, 40.8398609], [-73.9483342, 40.8399973], [-73.9482745, 40.8400635], [-73.9482335, 40.8401176], [-73.9480748, 40.8404663], [-73.947967, 40.8406541], [-73.94786, 40.840896], [-73.947762, 40.8411258], [-73.9477093, 40.8412636], [-73.947606, 40.8414095], [-73.9475561, 40.8415287], [-73.9466563, 40.8412967], [-73.9464512, 40.8412439], [-73.9458088, 40.8411176], [-73.9457355, 40.8411041], [-73.9456745, 40.8410969], [-73.9446803, 40.841051]]]]}}, {"type": "Feature", "properties": {"felt:feature": 21, "ed_label": "AD 71 ED 021", "elect_dist": "71021", "borough": "Manhattan", "community_board": 12, "community_board_label": "Manhattan CB12", "popup_title": "Manhattan CB12 \u2014 AD 71 ED 021", "general_mayor": "ZOHRAN KWAME MAMDANI beat ANDREW M. CUOMO, 338 to 145, 66.4% to 28.5%; total votes 509.", "general_mayor_winner": "Mamdani", "general_public_advocate": "JUMAANE D. WILLIAMS beat GONZALO DURAN, 397 to 56, 86.5% to 12.2%; total votes 459.", "general_public_advocate_winner": "Williams", "general_comptroller": "MARK D. LEVINE beat PETER KEFALAS, 399 to 37, 87.9% to 8.2%; total votes 454.", "general_comptroller_winner": "Levine", "question_1": "Disapprove beat Approve, 247 to 171, 59.1% to 40.9%; total votes 418.", "question_1_winner": "No-disapprove!", "question_2": "Approve beat Disapprove, 299 to 133, 69.2% to 30.8%; total votes 432.", "question_2_winner": "Yes-approve!", "question_3": "Approve beat Disapprove, 266 to 158, 62.7% to 37.3%; total votes 424.", "question_3_winner": "Yes-approve!", "question_4": "Approve beat Disapprove, 281 to 135, 67.5% to 32.5%; total votes 416.", "question_4_winner": "Yes-approve!", "question_5": "Approve beat Disapprove, 350 to 68, 83.7% to 16.3%; total votes 418.", "question_5_winner": "Yes-approve!", "question_6": "Disapprove beat Approve, 224 to 200, 52.8% to 47.2%; total votes 424.", "question_6_winner": "No-disapprove!", "dem_primary_mayor": "Zohran Kwame Mamdani beat Andrew M. Cuomo, 152 to 99, 52.1% to 33.9%; total votes 292.", "dem_primary_mayor_winner": "Mamdani", "dem_primary_public_advocate": "Jumaane D. Williams beat Jenifer Rajkumar, 182 to 40, 74.0% to 16.3%; total votes 246.", "dem_primary_public_advocate_winner": "Williams", "dem_primary_comptroller": "Mark D. Levine beat Justin Brannan, 140 to 68, 54.7% to 26.6%; total votes 256.", "dem_primary_comptroller_winner": "Levine", "popup_summary": "Mayor: ZOHRAN KWAME MAMDANI beat ANDREW M. CUOMO, 338 to 145, 66.4% to 28.5%; total votes 509. | Public Advocate: JUMAANE D. WILLIAMS beat GONZALO DURAN, 397 to 56, 86.5% to 12.2%; total votes 459. | City Comptroller: MARK D. LEVINE beat PETER KEFALAS, 399 to 37, 87.9% to 8.2%; total votes 454. | Question 1: Disapprove beat Approve, 247 to 171, 59.1% to 40.9%; total votes 418. | Question 2: Approve beat Disapprove, 299 to 133, 69.2% to 30.8%; total votes 432. | Question 3: Approve beat Disapprove, 266 to 158, 62.7% to 37.3%; total votes 424. | Question 4: Approve beat Disapprove, 281 to 135, 67.5% to 32.5%; total votes 416. | Question 5: Approve beat Disapprove, 350 to 68, 83.7% to 16.3%; total votes 418. | Question 6: Disapprove beat Approve, 224 to 200, 52.8% to 47.2%; total votes 424. | Dem Primary Mayor: Zohran Kwame Mamdani beat Andrew M. Cuomo, 152 to 99, 52.1% to 33.9%; total votes 292. | Dem Primary Public Advocate: Jumaane D. Williams beat Jenifer Rajkumar, 182 to 40, 74.0% to 16.3%; total votes 246. | Dem Primary Comptroller: Mark D. Levine beat Justin Brannan, 140 to 68, 54.7% to 26.6%; total votes 256.", "mayor_margin": 37.9, "q2_yes": 69.2, "q3_yes": 62.7, "q4_yes": 67.5}, "geometry": {"type": "MultiPolygon", "coordinates": [[[[-73.9411361, 40.8391789], [-73.9416888, 40.8384258], [-73.9421415, 40.8378029], [-73.9422415, 40.8378434], [-73.9430091, 40.8381672], [-73.9432486, 40.8382687], [-73.9437363, 40.8384697], [-73.9437132, 40.8385482], [-73.9434648, 40.8391741], [-73.9430649, 40.8401934], [-73.9412337, 40.8392286], [-73.9411361, 40.8391789]]]]}}, {"type": "Feature", "properties": {"felt:feature": 22, "ed_label": "AD 71 ED 022", "elect_dist": "71022", "borough": "Manhattan", "community_board": 12, "community_board_label": "Manhattan CB12", "popup_title": "Manhattan CB12 \u2014 AD 71 ED 022", "general_mayor": "ZOHRAN KWAME MAMDANI beat ANDREW M. CUOMO, 279 to 150, 60.8% to 32.7%; total votes 459.", "general_mayor_winner": "Mamdani", "general_public_advocate": "JUMAANE D. WILLIAMS beat GONZALO DURAN, 333 to 48, 85.4% to 12.3%; total votes 390.", "general_public_advocate_winner": "Williams", "general_comptroller": "MARK D. LEVINE beat PETER KEFALAS, 345 to 33, 88.5% to 8.5%; total votes 390.", "general_comptroller_winner": "Levine", "question_1": "Disapprove beat Approve, 193 to 166, 53.8% to 46.2%; total votes 359.", "question_1_winner": "No-disapprove!", "question_2": "Approve beat Disapprove, 277 to 100, 73.5% to 26.5%; total votes 377.", "question_2_winner": "Yes-approve!", "question_3": "Approve beat Disapprove, 235 to 132, 64.0% to 36.0%; total votes 367.", "question_3_winner": "Yes-approve!", "question_4": "Approve beat Disapprove, 258 to 113, 69.5% to 30.5%; total votes 371.", "question_4_winner": "Yes-approve!", "question_5": "Approve beat Disapprove, 287 to 76, 79.1% to 20.9%; total votes 363.", "question_5_winner": "Yes-approve!", "question_6": "Disapprove beat Approve, 183 to 181, 50.3% to 49.7%; total votes 364.", "question_6_winner": "No-disapprove!", "dem_primary_mayor": "Zohran Kwame Mamdani beat Andrew M. Cuomo, 149 to 89, 57.5% to 34.4%; total votes 259.", "dem_primary_mayor_winner": "Mamdani", "dem_primary_public_advocate": "Jumaane D. Williams beat Jenifer Rajkumar, 163 to 40, 73.4% to 18.0%; total votes 222.", "dem_primary_public_advocate_winner": "Williams", "dem_primary_comptroller": "Mark D. Levine beat Justin Brannan, 137 to 56, 58.5% to 23.9%; total votes 234.", "dem_primary_comptroller_winner": "Levine", "popup_summary": "Mayor: ZOHRAN KWAME MAMDANI beat ANDREW M. CUOMO, 279 to 150, 60.8% to 32.7%; total votes 459. | Public Advocate: JUMAANE D. WILLIAMS beat GONZALO DURAN, 333 to 48, 85.4% to 12.3%; total votes 390. | City Comptroller: MARK D. LEVINE beat PETER KEFALAS, 345 to 33, 88.5% to 8.5%; total votes 390. | Question 1: Disapprove beat Approve, 193 to 166, 53.8% to 46.2%; total votes 359. | Question 2: Approve beat Disapprove, 277 to 100, 73.5% to 26.5%; total votes 377. | Question 3: Approve beat Disapprove, 235 to 132, 64.0% to 36.0%; total votes 367. | Question 4: Approve beat Disapprove, 258 to 113, 69.5% to 30.5%; total votes 371. | Question 5: Approve beat Disapprove, 287 to 76, 79.1% to 20.9%; total votes 363. | Question 6: Disapprove beat Approve, 183 to 181, 50.3% to 49.7%; total votes 364. | Dem Primary Mayor: Zohran Kwame Mamdani beat Andrew M. Cuomo, 149 to 89, 57.5% to 34.4%; total votes 259. | Dem Primary Public Advocate: Jumaane D. Williams beat Jenifer Rajkumar, 163 to 40, 73.4% to 18.0%; total votes 222. | Dem Primary Comptroller: Mark D. Levine beat Justin Brannan, 137 to 56, 58.5% to 23.9%; total votes 234.", "mayor_margin": 28.1, "q2_yes": 73.5, "q3_yes": 64.0, "q4_yes": 69.5}, "geometry": {"type": "MultiPolygon", "coordinates": [[[[-73.9425952, 40.8371772], [-73.9430523, 40.8365569], [-73.9431544, 40.8366004], [-73.9442962, 40.8370774], [-73.9466395, 40.8380581], [-73.9458565, 40.8385599], [-73.9440211, 40.8377799], [-73.9426954, 40.8372219], [-73.9425952, 40.8371772]]]]}}, {"type": "Feature", "properties": {"felt:feature": 23, "ed_label": "AD 71 ED 023", "elect_dist": "71023", "borough": "Manhattan", "community_board": 12, "community_board_label": "Manhattan CB12", "popup_title": "Manhattan CB12 \u2014 AD 71 ED 023", "general_mayor": "ZOHRAN KWAME MAMDANI beat ANDREW M. CUOMO, 333 to 181, 62.1% to 33.8%; total votes 536.", "general_mayor_winner": "Mamdani", "general_public_advocate": "JUMAANE D. WILLIAMS beat GONZALO DURAN, 392 to 66, 84.8% to 14.3%; total votes 462.", "general_public_advocate_winner": "Williams", "general_comptroller": "MARK D. LEVINE beat PETER KEFALAS, 402 to 44, 88.0% to 9.6%; total votes 457.", "general_comptroller_winner": "Levine", "question_1": "Disapprove beat Approve, 234 to 184, 56.0% to 44.0%; total votes 418.", "question_1_winner": "No-disapprove!", "question_2": "Approve beat Disapprove, 328 to 113, 74.4% to 25.6%; total votes 441.", "question_2_winner": "Yes-approve!", "question_3": "Approve beat Disapprove, 284 to 133, 68.1% to 31.9%; total votes 417.", "question_3_winner": "Yes-approve!", "question_4": "Approve beat Disapprove, 300 to 129, 69.9% to 30.1%; total votes 429.", "question_4_winner": "Yes-approve!", "question_5": "Approve beat Disapprove, 328 to 84, 79.6% to 20.4%; total votes 412.", "question_5_winner": "Yes-approve!", "question_6": "Disapprove beat Approve, 212 to 201, 51.3% to 48.7%; total votes 413.", "question_6_winner": "No-disapprove!", "dem_primary_mayor": "Zohran Kwame Mamdani beat Andrew M. Cuomo, 158 to 113, 52.7% to 37.7%; total votes 300.", "dem_primary_mayor_winner": "Mamdani", "dem_primary_public_advocate": "Jumaane D. Williams beat Jenifer Rajkumar, 187 to 38, 76.0% to 15.4%; total votes 246.", "dem_primary_public_advocate_winner": "Williams", "dem_primary_comptroller": "Mark D. Levine beat Justin Brannan, 160 to 63, 59.7% to 23.5%; total votes 268.", "dem_primary_comptroller_winner": "Levine", "popup_summary": "Mayor: ZOHRAN KWAME MAMDANI beat ANDREW M. CUOMO, 333 to 181, 62.1% to 33.8%; total votes 536. | Public Advocate: JUMAANE D. WILLIAMS beat GONZALO DURAN, 392 to 66, 84.8% to 14.3%; total votes 462. | City Comptroller: MARK D. LEVINE beat PETER KEFALAS, 402 to 44, 88.0% to 9.6%; total votes 457. | Question 1: Disapprove beat Approve, 234 to 184, 56.0% to 44.0%; total votes 418. | Question 2: Approve beat Disapprove, 328 to 113, 74.4% to 25.6%; total votes 441. | Question 3: Approve beat Disapprove, 284 to 133, 68.1% to 31.9%; total votes 417. | Question 4: Approve beat Disapprove, 300 to 129, 69.9% to 30.1%; total votes 429. | Question 5: Approve beat Disapprove, 328 to 84, 79.6% to 20.4%; total votes 412. | Question 6: Disapprove beat Approve, 212 to 201, 51.3% to 48.7%; total votes 413. | Dem Primary Mayor: Zohran Kwame Mamdani beat Andrew M. Cuomo, 158 to 113, 52.7% to 37.7%; total votes 300. | Dem Primary Public Advocate: Jumaane D. Williams beat Jenifer Rajkumar, 187 to 38, 76.0% to 15.4%; total votes 246. | Dem Primary Comptroller: Mark D. Levine beat Justin Brannan, 160 to 63, 59.7% to 23.5%; total votes 268.", "mayor_margin": 28.3, "q2_yes": 74.4, "q3_yes": 68.1, "q4_yes": 69.9}, "geometry": {"type": "MultiPolygon", "coordinates": [[[[-73.9430523, 40.8365569], [-73.9435137, 40.8359331], [-73.9439678, 40.8353089], [-73.9440667, 40.8353411], [-73.9441897, 40.835386], [-73.9443092, 40.8354469], [-73.94442, 40.8355237], [-73.9445167, 40.8356155], [-73.9445945, 40.8357198], [-73.9446497, 40.8358329], [-73.94468, 40.8359505], [-73.9446852, 40.836068], [-73.944667, 40.8361811], [-73.9446285, 40.8362864], [-73.9445736, 40.8363813], [-73.9468058, 40.8372965], [-73.9469793, 40.8372896], [-73.9469852, 40.83737], [-73.9470092, 40.837613], [-73.9466395, 40.8380581], [-73.9442962, 40.8370774], [-73.9431544, 40.8366004], [-73.9430523, 40.8365569]]]]}}, {"type": "Feature", "properties": {"felt:feature": 24, "ed_label": "AD 71 ED 024", "elect_dist": "71024", "borough": "Manhattan", "community_board": 12, "community_board_label": "Manhattan CB12", "popup_title": "Manhattan CB12 \u2014 AD 71 ED 024", "general_mayor": "ZOHRAN KWAME MAMDANI beat ANDREW M. CUOMO, 556 to 266.9, 64.3% to 30.9%; total votes 864.5.", "general_mayor_winner": "Mamdani", "general_public_advocate": "JUMAANE D. WILLIAMS beat GONZALO DURAN, 706.9 to 97.7, 86.2% to 11.9%; total votes 820.", "general_public_advocate_winner": "Williams", "general_comptroller": "MARK D. LEVINE beat PETER KEFALAS, 717.5 to 70.6, 88.7% to 8.7%; total votes 809.4.", "general_comptroller_winner": "Levine", "question_1": "Disapprove beat Approve, 426.4 to 380, 52.9% to 47.1%; total votes 806.5.", "question_1_winner": "No-disapprove!", "question_2": "Approve beat Disapprove, 566.7 to 240.8, 70.2% to 29.8%; total votes 807.4.", "question_2_winner": "Yes-approve!", "question_3": "Approve beat Disapprove, 521.2 to 279.5, 65.1% to 34.9%; total votes 800.7.", "question_3_winner": "Yes-approve!", "question_4": "Approve beat Disapprove, 552.2 to 243.7, 69.4% to 30.6%; total votes 795.8.", "question_4_winner": "Yes-approve!", "question_5": "Approve beat Disapprove, 627.6 to 158.6, 79.8% to 20.2%; total votes 786.2.", "question_5_winner": "Yes-approve!", "question_6": "Approve beat Disapprove, 398.4 to 389.7, 50.6% to 49.4%; total votes 788.1.", "question_6_winner": "Yes-approve!", "dem_primary_mayor": "Zohran Kwame Mamdani beat Andrew M. Cuomo, 233 to 173.1, 42.3% to 31.4%; total votes 551.2.", "dem_primary_mayor_winner": "Mamdani", "dem_primary_public_advocate": "Jumaane D. Williams beat Jenifer Rajkumar, 411.9 to 60.9, 80.5% to 11.9%; total votes 511.5.", "dem_primary_public_advocate_winner": "Williams", "dem_primary_comptroller": "Mark D. Levine beat Justin Brannan, 349.1 to 100.6, 66.6% to 19.2%; total votes 524.1.", "dem_primary_comptroller_winner": "Levine", "popup_summary": "Mayor: ZOHRAN KWAME MAMDANI beat ANDREW M. CUOMO, 556 to 266.9, 64.3% to 30.9%; total votes 864.5. | Public Advocate: JUMAANE D. WILLIAMS beat GONZALO DURAN, 706.9 to 97.7, 86.2% to 11.9%; total votes 820. | City Comptroller: MARK D. LEVINE beat PETER KEFALAS, 717.5 to 70.6, 88.7% to 8.7%; total votes 809.4. | Question 1: Disapprove beat Approve, 426.4 to 380, 52.9% to 47.1%; total votes 806.5. | Question 2: Approve beat Disapprove, 566.7 to 240.8, 70.2% to 29.8%; total votes 807.4. | Question 3: Approve beat Disapprove, 521.2 to 279.5, 65.1% to 34.9%; total votes 800.7. | Question 4: Approve beat Disapprove, 552.2 to 243.7, 69.4% to 30.6%; total votes 795.8. | Question 5: Approve beat Disapprove, 627.6 to 158.6, 79.8% to 20.2%; total votes 786.2. | Question 6: Approve beat Disapprove, 398.4 to 389.7, 50.6% to 49.4%; total votes 788.1. | Dem Primary Mayor: Zohran Kwame Mamdani beat Andrew M. Cuomo, 233 to 173.1, 42.3% to 31.4%; total votes 551.2. | Dem Primary Public Advocate: Jumaane D. Williams beat Jenifer Rajkumar, 411.9 to 60.9, 80.5% to 11.9%; total votes 511.5. | Dem Primary Comptroller: Mark D. Levine beat Justin Brannan, 349.1 to 100.6, 66.6% to 19.2%; total votes 524.1.", "mayor_margin": 33.4, "q2_yes": 70.2, "q3_yes": 65.1, "q4_yes": 69.4}, "geometry": {"type": "MultiPolygon", "coordinates": [[[[-73.9470092, 40.837613], [-73.9469852, 40.83737], [-73.9469793, 40.8372896], [-73.9469724, 40.8371954], [-73.9469386, 40.8370206], [-73.9468836, 40.8368477], [-73.9468079, 40.8366791], [-73.9467124, 40.8365168], [-73.9465985, 40.8363627], [-73.9464681, 40.8362186], [-73.9462947, 40.8361502], [-73.9461292, 40.8360639], [-73.9459761, 40.8359604], [-73.9458401, 40.8358415], [-73.9457248, 40.8357097], [-73.9456332, 40.8355683], [-73.9455669, 40.835421], [-73.9455263, 40.8352716], [-73.9455587, 40.8351445], [-73.9459811, 40.8352621], [-73.9477616, 40.8353055], [-73.9483205, 40.8350561], [-73.9488221, 40.8353753], [-73.9491017, 40.8343883], [-73.9491772, 40.8342438], [-73.9491945, 40.8342107], [-73.9492415, 40.8341374], [-73.9493412, 40.8339821], [-73.9495073, 40.8340428], [-73.9496707, 40.834105], [-73.949792, 40.8341502], [-73.9498561, 40.8341794], [-73.9499319, 40.8341985], [-73.9500778, 40.8342518], [-73.9502122, 40.8343031], [-73.9498892, 40.8352847], [-73.9497983, 40.8354898], [-73.9497847, 40.8355204], [-73.9497426, 40.8356281], [-73.9497389, 40.8357057], [-73.9497124, 40.835775], [-73.9496931, 40.8358626], [-73.9496835, 40.8359219], [-73.9496895, 40.8360411], [-73.9496912, 40.8360743], [-73.9496863, 40.8361099], [-73.9496563, 40.8361909], [-73.9496454, 40.8362203], [-73.9496214, 40.8362321], [-73.9496015, 40.8363051], [-73.9495833, 40.8364839], [-73.949546, 40.8366044], [-73.9495099, 40.8366655], [-73.949457, 40.8367056], [-73.9493885, 40.8367156], [-73.9493285, 40.8367193], [-73.9492903, 40.8367293], [-73.9492299, 40.8366972], [-73.9491762, 40.8366707], [-73.9491175, 40.8366444], [-73.9490528, 40.8366165], [-73.9488299, 40.8365339], [-73.9486888, 40.8364777], [-73.9485078, 40.8364056], [-73.9484771, 40.8365244], [-73.9484399, 40.8366421], [-73.9483963, 40.8367585], [-73.9483462, 40.8368734], [-73.9482898, 40.8369866], [-73.9482272, 40.8370979], [-73.9481586, 40.8372072], [-73.9480839, 40.8373141], [-73.9480469, 40.8373671], [-73.9480066, 40.8374187], [-73.947963, 40.8374687], [-73.9479162, 40.837517], [-73.9477832, 40.8376306], [-73.9476442, 40.83774], [-73.9474994, 40.8378449], [-73.947349, 40.8379453], [-73.9472697, 40.8379913], [-73.9471158, 40.8377741], [-73.9470092, 40.837613]]]]}}, {"type": "Feature", "properties": {"felt:feature": 25, "ed_label": "AD 71 ED 025", "elect_dist": "71025", "borough": "Manhattan", "community_board": 12, "community_board_label": "Manhattan CB12", "popup_title": "Manhattan CB12 \u2014 AD 71 ED 025", "general_mayor": "ZOHRAN KWAME MAMDANI beat ANDREW M. CUOMO, 268 to 87, 71.5% to 23.2%; total votes 375.", "general_mayor_winner": "Mamdani", "general_public_advocate": "JUMAANE D. WILLIAMS beat GONZALO DURAN, 299 to 44, 85.4% to 12.6%; total votes 350.", "general_public_advocate_winner": "Williams", "general_comptroller": "MARK D. LEVINE beat PETER KEFALAS, 303 to 33, 87.1% to 9.5%; total votes 348.", "general_comptroller_winner": "Levine", "question_1": "Disapprove beat Approve, 192 to 139, 58.0% to 42.0%; total votes 331.", "question_1_winner": "No-disapprove!", "question_2": "Approve beat Disapprove, 225 to 116, 66.0% to 34.0%; total votes 341.", "question_2_winner": "Yes-approve!", "question_3": "Approve beat Disapprove, 196 to 132, 59.8% to 40.2%; total votes 328.", "question_3_winner": "Yes-approve!", "question_4": "Approve beat Disapprove, 219 to 112, 66.2% to 33.8%; total votes 331.", "question_4_winner": "Yes-approve!", "question_5": "Approve beat Disapprove, 273 to 58, 82.5% to 17.5%; total votes 331.", "question_5_winner": "Yes-approve!", "question_6": "Approve beat Disapprove, 168 to 159, 51.4% to 48.6%; total votes 327.", "question_6_winner": "Yes-approve!", "dem_primary_mayor": "Zohran Kwame Mamdani beat Andrew M. Cuomo, 117 to 47, 58.2% to 23.4%; total votes 201.", "dem_primary_mayor_winner": "Mamdani", "dem_primary_public_advocate": "Jumaane D. Williams beat Jenifer Rajkumar, 149 to 22, 80.1% to 11.8%; total votes 186.", "dem_primary_public_advocate_winner": "Williams", "dem_primary_comptroller": "Mark D. Levine beat Justin Brannan, 106 to 62, 56.1% to 32.8%; total votes 189.", "dem_primary_comptroller_winner": "Levine", "popup_summary": "Mayor: ZOHRAN KWAME MAMDANI beat ANDREW M. CUOMO, 268 to 87, 71.5% to 23.2%; total votes 375. | Public Advocate: JUMAANE D. WILLIAMS beat GONZALO DURAN, 299 to 44, 85.4% to 12.6%; total votes 350. | City Comptroller: MARK D. LEVINE beat PETER KEFALAS, 303 to 33, 87.1% to 9.5%; total votes 348. | Question 1: Disapprove beat Approve, 192 to 139, 58.0% to 42.0%; total votes 331. | Question 2: Approve beat Disapprove, 225 to 116, 66.0% to 34.0%; total votes 341. | Question 3: Approve beat Disapprove, 196 to 132, 59.8% to 40.2%; total votes 328. | Question 4: Approve beat Disapprove, 219 to 112, 66.2% to 33.8%; total votes 331. | Question 5: Approve beat Disapprove, 273 to 58, 82.5% to 17.5%; total votes 331. | Question 6: Approve beat Disapprove, 168 to 159, 51.4% to 48.6%; total votes 327. | Dem Primary Mayor: Zohran Kwame Mamdani beat Andrew M. Cuomo, 117 to 47, 58.2% to 23.4%; total votes 201. | Dem Primary Public Advocate: Jumaane D. Williams beat Jenifer Rajkumar, 149 to 22, 80.1% to 11.8%; total votes 186. | Dem Primary Comptroller: Mark D. Levine beat Justin Brannan, 106 to 62, 56.1% to 32.8%; total votes 189.", "mayor_margin": 48.3, "q2_yes": 66.0, "q3_yes": 59.8, "q4_yes": 66.2}, "geometry": {"type": "MultiPolygon", "coordinates": [[[[-73.9439678, 40.8353089], [-73.9444255, 40.8346808], [-73.9445243, 40.8347213], [-73.9455587, 40.8351445], [-73.9455263, 40.8352716], [-73.9455669, 40.835421], [-73.9456332, 40.8355683], [-73.9457248, 40.8357097], [-73.9458401, 40.8358415], [-73.9459761, 40.8359604], [-73.9461292, 40.8360639], [-73.9462947, 40.8361502], [-73.9464681, 40.8362186], [-73.9465985, 40.8363627], [-73.9467124, 40.8365168], [-73.9468079, 40.8366791], [-73.9468836, 40.8368477], [-73.9469386, 40.8370206], [-73.9469724, 40.8371954], [-73.9469793, 40.8372896], [-73.9468058, 40.8372965], [-73.9445736, 40.8363813], [-73.9446285, 40.8362864], [-73.944667, 40.8361811], [-73.9446852, 40.836068], [-73.94468, 40.8359505], [-73.9446497, 40.8358329], [-73.9445945, 40.8357198], [-73.9445167, 40.8356155], [-73.94442, 40.8355237], [-73.9443092, 40.8354469], [-73.9441897, 40.835386], [-73.9440667, 40.8353411], [-73.9439678, 40.8353089]]]]}}, {"type": "Feature", "properties": {"felt:feature": 26, "ed_label": "AD 71 ED 026", "elect_dist": "71026", "borough": "Manhattan", "community_board": 12, "community_board_label": "Manhattan CB12", "popup_title": "Manhattan CB12 \u2014 AD 71 ED 026", "general_mayor": "ZOHRAN KWAME MAMDANI beat ANDREW M. CUOMO, 363.6 to 106.7, 75.6% to 22.2%; total votes 481.2.", "general_mayor_winner": "Mamdani", "general_public_advocate": "JUMAANE D. WILLIAMS beat GONZALO DURAN, 425.8 to 22.7, 93.3% to 5.0%; total votes 456.5.", "general_public_advocate_winner": "Williams", "general_comptroller": "MARK D. LEVINE beat PETER KEFALAS, 427.8 to 14.8, 95.6% to 3.3%; total votes 447.6.", "general_comptroller_winner": "Levine", "question_1": "Disapprove beat Approve, 233.2 to 203.5, 53.4% to 46.6%; total votes 436.7.", "question_1_winner": "No-disapprove!", "question_2": "Approve beat Disapprove, 306.3 to 138.3, 68.9% to 31.1%; total votes 444.6.", "question_2_winner": "Yes-approve!", "question_3": "Approve beat Disapprove, 280.6 to 158.1, 64.0% to 36.0%; total votes 438.7.", "question_3_winner": "Yes-approve!", "question_4": "Approve beat Disapprove, 285.5 to 152.2, 65.2% to 34.8%; total votes 437.7.", "question_4_winner": "Yes-approve!", "question_5": "Approve beat Disapprove, 373.5 to 64.2, 85.3% to 14.7%; total votes 437.7.", "question_5_winner": "Yes-approve!", "question_6": "Approve beat Disapprove, 223.3 to 214.4, 51.0% to 49.0%; total votes 437.7.", "question_6_winner": "Yes-approve!", "dem_primary_mayor": "Zohran Kwame Mamdani beat Andrew M. Cuomo, 164 to 72.1, 49.7% to 21.9%; total votes 330.", "dem_primary_mayor_winner": "Mamdani", "dem_primary_public_advocate": "Jumaane D. Williams beat Jenifer Rajkumar, 240.1 to 42.5, 81.5% to 14.4%; total votes 294.4.", "dem_primary_public_advocate_winner": "Williams", "dem_primary_comptroller": "Mark D. Levine beat Justin Brannan, 190.7 to 87.9, 62.5% to 28.8%; total votes 305.3.", "dem_primary_comptroller_winner": "Levine", "popup_summary": "Mayor: ZOHRAN KWAME MAMDANI beat ANDREW M. CUOMO, 363.6 to 106.7, 75.6% to 22.2%; total votes 481.2. | Public Advocate: JUMAANE D. WILLIAMS beat GONZALO DURAN, 425.8 to 22.7, 93.3% to 5.0%; total votes 456.5. | City Comptroller: MARK D. LEVINE beat PETER KEFALAS, 427.8 to 14.8, 95.6% to 3.3%; total votes 447.6. | Question 1: Disapprove beat Approve, 233.2 to 203.5, 53.4% to 46.6%; total votes 436.7. | Question 2: Approve beat Disapprove, 306.3 to 138.3, 68.9% to 31.1%; total votes 444.6. | Question 3: Approve beat Disapprove, 280.6 to 158.1, 64.0% to 36.0%; total votes 438.7. | Question 4: Approve beat Disapprove, 285.5 to 152.2, 65.2% to 34.8%; total votes 437.7. | Question 5: Approve beat Disapprove, 373.5 to 64.2, 85.3% to 14.7%; total votes 437.7. | Question 6: Approve beat Disapprove, 223.3 to 214.4, 51.0% to 49.0%; total votes 437.7. | Dem Primary Mayor: Zohran Kwame Mamdani beat Andrew M. Cuomo, 164 to 72.1, 49.7% to 21.9%; total votes 330. | Dem Primary Public Advocate: Jumaane D. Williams beat Jenifer Rajkumar, 240.1 to 42.5, 81.5% to 14.4%; total votes 294.4. | Dem Primary Comptroller: Mark D. Levine beat Justin Brannan, 190.7 to 87.9, 62.5% to 28.8%; total votes 305.3.", "mayor_margin": 53.4, "q2_yes": 68.9, "q3_yes": 64.0, "q4_yes": 65.2}, "geometry": {"type": "MultiPolygon", "coordinates": [[[[-73.9455587, 40.8351445], [-73.9457805, 40.8351429], [-73.9467217, 40.834987], [-73.9473966, 40.834866], [-73.9474436, 40.8348496], [-73.9474865, 40.8348277], [-73.9475242, 40.8348008], [-73.9475559, 40.8347697], [-73.9477963, 40.8344501], [-73.9476635, 40.834397], [-73.945436, 40.833479], [-73.9453343, 40.8334372], [-73.945824, 40.8327655], [-73.9459256, 40.8328065], [-73.9482768, 40.8338655], [-73.9489054, 40.8340653], [-73.9489739, 40.8340522], [-73.9493412, 40.8339821], [-73.9492415, 40.8341374], [-73.9491945, 40.8342107], [-73.9491772, 40.8342438], [-73.9491017, 40.8343883], [-73.9488221, 40.8353753], [-73.9483205, 40.8350561], [-73.9477616, 40.8353055], [-73.9459811, 40.8352621], [-73.9455587, 40.8351445]]]]}}, {"type": "Feature", "properties": {"felt:feature": 27, "ed_label": "AD 71 ED 027", "elect_dist": "71027", "borough": "Manhattan", "community_board": 12, "community_board_label": "Manhattan CB12", "popup_title": "Manhattan CB12 \u2014 AD 71 ED 027", "general_mayor": "ZOHRAN KWAME MAMDANI beat ANDREW M. CUOMO, 399 to 153, 70.2% to 26.9%; total votes 568.", "general_mayor_winner": "Mamdani", "general_public_advocate": "JUMAANE D. WILLIAMS beat GONZALO DURAN, 469 to 38, 90.5% to 7.3%; total votes 518.", "general_public_advocate_winner": "Williams", "general_comptroller": "MARK D. LEVINE beat PETER KEFALAS, 465 to 31, 91.9% to 6.1%; total votes 506.", "general_comptroller_winner": "Levine", "question_1": "Disapprove beat Approve, 249 to 239, 51.0% to 49.0%; total votes 488.", "question_1_winner": "No-disapprove!", "question_2": "Approve beat Disapprove, 299 to 195, 60.5% to 39.5%; total votes 494.", "question_2_winner": "Yes-approve!", "question_3": "Approve beat Disapprove, 283 to 203, 58.2% to 41.8%; total votes 486.", "question_3_winner": "Yes-approve!", "question_4": "Approve beat Disapprove, 290 to 197, 59.5% to 40.5%; total votes 487.", "question_4_winner": "Yes-approve!", "question_5": "Approve beat Disapprove, 414 to 69, 85.7% to 14.3%; total votes 483.", "question_5_winner": "Yes-approve!", "question_6": "Approve beat Disapprove, 241 to 236, 50.5% to 49.5%; total votes 477.", "question_6_winner": "Yes-approve!", "dem_primary_mayor": "Zohran Kwame Mamdani beat Andrew M. Cuomo, 178 to 95, 48.6% to 26.0%; total votes 366.", "dem_primary_mayor_winner": "Mamdani", "dem_primary_public_advocate": "Jumaane D. Williams beat Jenifer Rajkumar, 255 to 30, 84.2% to 9.9%; total votes 303.", "dem_primary_public_advocate_winner": "Williams", "dem_primary_comptroller": "Mark D. Levine beat Justin Brannan, 232 to 77, 70.3% to 23.3%; total votes 330.", "dem_primary_comptroller_winner": "Levine", "popup_summary": "Mayor: ZOHRAN KWAME MAMDANI beat ANDREW M. CUOMO, 399 to 153, 70.2% to 26.9%; total votes 568. | Public Advocate: JUMAANE D. WILLIAMS beat GONZALO DURAN, 469 to 38, 90.5% to 7.3%; total votes 518. | City Comptroller: MARK D. LEVINE beat PETER KEFALAS, 465 to 31, 91.9% to 6.1%; total votes 506. | Question 1: Disapprove beat Approve, 249 to 239, 51.0% to 49.0%; total votes 488. | Question 2: Approve beat Disapprove, 299 to 195, 60.5% to 39.5%; total votes 494. | Question 3: Approve beat Disapprove, 283 to 203, 58.2% to 41.8%; total votes 486. | Question 4: Approve beat Disapprove, 290 to 197, 59.5% to 40.5%; total votes 487. | Question 5: Approve beat Disapprove, 414 to 69, 85.7% to 14.3%; total votes 483. | Question 6: Approve beat Disapprove, 241 to 236, 50.5% to 49.5%; total votes 477. | Dem Primary Mayor: Zohran Kwame Mamdani beat Andrew M. Cuomo, 178 to 95, 48.6% to 26.0%; total votes 366. | Dem Primary Public Advocate: Jumaane D. Williams beat Jenifer Rajkumar, 255 to 30, 84.2% to 9.9%; total votes 303. | Dem Primary Comptroller: Mark D. Levine beat Justin Brannan, 232 to 77, 70.3% to 23.3%; total votes 330.", "mayor_margin": 43.3, "q2_yes": 60.5, "q3_yes": 58.2, "q4_yes": 59.5}, "geometry": {"type": "MultiPolygon", "coordinates": [[[[-73.9444255, 40.8346808], [-73.9448794, 40.8340598], [-73.9452877, 40.833501], [-73.9453343, 40.8334372], [-73.945436, 40.833479], [-73.9476635, 40.834397], [-73.9477963, 40.8344501], [-73.9475559, 40.8347697], [-73.9475242, 40.8348008], [-73.9474865, 40.8348277], [-73.9474436, 40.8348496], [-73.9473966, 40.834866], [-73.9467217, 40.834987], [-73.9457805, 40.8351429], [-73.9455587, 40.8351445], [-73.9445243, 40.8347213], [-73.9444255, 40.8346808]]]]}}, {"type": "Feature", "properties": {"felt:feature": 28, "ed_label": "AD 71 ED 028", "elect_dist": "71028", "borough": "Manhattan", "community_board": 12, "community_board_label": "Manhattan CB12", "popup_title": "Manhattan CB12 \u2014 AD 71 ED 028", "general_mayor": "ZOHRAN KWAME MAMDANI beat ANDREW M. CUOMO, 370 to 135, 70.7% to 25.8%; total votes 523.", "general_mayor_winner": "Mamdani", "general_public_advocate": "JUMAANE D. WILLIAMS beat GONZALO DURAN, 403 to 47, 88.8% to 10.4%; total votes 454.", "general_public_advocate_winner": "Williams", "general_comptroller": "MARK D. LEVINE beat PETER KEFALAS, 399 to 33, 88.5% to 7.3%; total votes 451.", "general_comptroller_winner": "Levine", "question_1": "Disapprove beat Approve, 234 to 189, 55.3% to 44.7%; total votes 423.", "question_1_winner": "No-disapprove!", "question_2": "Approve beat Disapprove, 311 to 126, 71.2% to 28.8%; total votes 437.", "question_2_winner": "Yes-approve!", "question_3": "Approve beat Disapprove, 270 to 149, 64.4% to 35.6%; total votes 419.", "question_3_winner": "Yes-approve!", "question_4": "Approve beat Disapprove, 287 to 130, 68.8% to 31.2%; total votes 417.", "question_4_winner": "Yes-approve!", "question_5": "Approve beat Disapprove, 331 to 79, 80.7% to 19.3%; total votes 410.", "question_5_winner": "Yes-approve!", "question_6": "Disapprove beat Approve, 206 to 204, 50.2% to 49.8%; total votes 410.", "question_6_winner": "No-disapprove!", "dem_primary_mayor": "Zohran Kwame Mamdani beat Andrew M. Cuomo, 178 to 103, 58.4% to 33.8%; total votes 305.", "dem_primary_mayor_winner": "Mamdani", "dem_primary_public_advocate": "Jumaane D. Williams beat Jenifer Rajkumar, 203 to 40, 76.3% to 15.0%; total votes 266.", "dem_primary_public_advocate_winner": "Williams", "dem_primary_comptroller": "Mark D. Levine beat Justin Brannan, 138 to 84, 49.3% to 30.0%; total votes 280.", "dem_primary_comptroller_winner": "Levine", "popup_summary": "Mayor: ZOHRAN KWAME MAMDANI beat ANDREW M. CUOMO, 370 to 135, 70.7% to 25.8%; total votes 523. | Public Advocate: JUMAANE D. WILLIAMS beat GONZALO DURAN, 403 to 47, 88.8% to 10.4%; total votes 454. | City Comptroller: MARK D. LEVINE beat PETER KEFALAS, 399 to 33, 88.5% to 7.3%; total votes 451. | Question 1: Disapprove beat Approve, 234 to 189, 55.3% to 44.7%; total votes 423. | Question 2: Approve beat Disapprove, 311 to 126, 71.2% to 28.8%; total votes 437. | Question 3: Approve beat Disapprove, 270 to 149, 64.4% to 35.6%; total votes 419. | Question 4: Approve beat Disapprove, 287 to 130, 68.8% to 31.2%; total votes 417. | Question 5: Approve beat Disapprove, 331 to 79, 80.7% to 19.3%; total votes 410. | Question 6: Disapprove beat Approve, 206 to 204, 50.2% to 49.8%; total votes 410. | Dem Primary Mayor: Zohran Kwame Mamdani beat Andrew M. Cuomo, 178 to 103, 58.4% to 33.8%; total votes 305. | Dem Primary Public Advocate: Jumaane D. Williams beat Jenifer Rajkumar, 203 to 40, 76.3% to 15.0%; total votes 266. | Dem Primary Comptroller: Mark D. Levine beat Justin Brannan, 138 to 84, 49.3% to 30.0%; total votes 280.", "mayor_margin": 44.9, "q2_yes": 71.2, "q3_yes": 64.4, "q4_yes": 68.8}, "geometry": {"type": "MultiPolygon", "coordinates": [[[[-73.9411182, 40.8341138], [-73.9415772, 40.8334875], [-73.9423899, 40.8334226], [-73.9440004, 40.8341011], [-73.9447756, 40.8340162], [-73.9448794, 40.8340598], [-73.9444255, 40.8346808], [-73.9439678, 40.8353089], [-73.9438676, 40.8352669], [-73.9432436, 40.8350052], [-73.9431009, 40.8349453], [-73.9411182, 40.8341138]]]]}}, {"type": "Feature", "properties": {"felt:feature": 29, "ed_label": "AD 71 ED 029", "elect_dist": "71029", "borough": "Manhattan", "community_board": 12, "community_board_label": "Manhattan CB12", "popup_title": "Manhattan CB12 \u2014 AD 71 ED 029", "general_mayor": "ZOHRAN KWAME MAMDANI beat ANDREW M. CUOMO, 326 to 148, 66.7% to 30.3%; total votes 489.", "general_mayor_winner": "Mamdani", "general_public_advocate": "JUMAANE D. WILLIAMS beat GONZALO DURAN, 370 to 32, 91.1% to 7.9%; total votes 406.", "general_public_advocate_winner": "Williams", "general_comptroller": "MARK D. LEVINE beat PETER KEFALAS, 375 to 22, 91.9% to 5.4%; total votes 408.", "general_comptroller_winner": "Levine", "question_1": "Disapprove beat Approve, 192 to 181, 51.5% to 48.5%; total votes 373.", "question_1_winner": "No-disapprove!", "question_2": "Approve beat Disapprove, 304 to 88, 77.6% to 22.4%; total votes 392.", "question_2_winner": "Yes-approve!", "question_3": "Approve beat Disapprove, 259 to 115, 69.3% to 30.7%; total votes 374.", "question_3_winner": "Yes-approve!", "question_4": "Approve beat Disapprove, 291 to 93, 75.8% to 24.2%; total votes 384.", "question_4_winner": "Yes-approve!", "question_5": "Approve beat Disapprove, 310 to 66, 82.4% to 17.6%; total votes 376.", "question_5_winner": "Yes-approve!", "question_6": "Approve beat Disapprove, 197 to 176, 52.8% to 47.2%; total votes 373.", "question_6_winner": "Yes-approve!", "dem_primary_mayor": "Zohran Kwame Mamdani beat Andrew M. Cuomo, 135 to 121, 46.9% to 42.0%; total votes 288.", "dem_primary_mayor_winner": "Mamdani", "dem_primary_public_advocate": "Jumaane D. Williams beat Jenifer Rajkumar, 190 to 39, 76.3% to 15.7%; total votes 249.", "dem_primary_public_advocate_winner": "Williams", "dem_primary_comptroller": "Mark D. Levine beat Justin Brannan, 153 to 69, 58.4% to 26.3%; total votes 262.", "dem_primary_comptroller_winner": "Levine", "popup_summary": "Mayor: ZOHRAN KWAME MAMDANI beat ANDREW M. CUOMO, 326 to 148, 66.7% to 30.3%; total votes 489. | Public Advocate: JUMAANE D. WILLIAMS beat GONZALO DURAN, 370 to 32, 91.1% to 7.9%; total votes 406. | City Comptroller: MARK D. LEVINE beat PETER KEFALAS, 375 to 22, 91.9% to 5.4%; total votes 408. | Question 1: Disapprove beat Approve, 192 to 181, 51.5% to 48.5%; total votes 373. | Question 2: Approve beat Disapprove, 304 to 88, 77.6% to 22.4%; total votes 392. | Question 3: Approve beat Disapprove, 259 to 115, 69.3% to 30.7%; total votes 374. | Question 4: Approve beat Disapprove, 291 to 93, 75.8% to 24.2%; total votes 384. | Question 5: Approve beat Disapprove, 310 to 66, 82.4% to 17.6%; total votes 376. | Question 6: Approve beat Disapprove, 197 to 176, 52.8% to 47.2%; total votes 373. | Dem Primary Mayor: Zohran Kwame Mamdani beat Andrew M. Cuomo, 135 to 121, 46.9% to 42.0%; total votes 288. | Dem Primary Public Advocate: Jumaane D. Williams beat Jenifer Rajkumar, 190 to 39, 76.3% to 15.7%; total votes 249. | Dem Primary Comptroller: Mark D. Levine beat Justin Brannan, 153 to 69, 58.4% to 26.3%; total votes 262.", "mayor_margin": 36.4, "q2_yes": 77.6, "q3_yes": 69.3, "q4_yes": 75.8}, "geometry": {"type": "MultiPolygon", "coordinates": [[[[-73.9415772, 40.8334875], [-73.9406528, 40.8330981], [-73.940884, 40.8323801], [-73.9420316, 40.832865], [-73.9421576, 40.8326966], [-73.9423943, 40.8323802], [-73.9424989, 40.8322404], [-73.942947, 40.8328414], [-73.9444473, 40.833473], [-73.9447756, 40.8340162], [-73.9440004, 40.8341011], [-73.9423899, 40.8334226], [-73.9415772, 40.8334875]]]]}}, {"type": "Feature", "properties": {"felt:feature": 30, "ed_label": "AD 71 ED 030", "elect_dist": "71030", "borough": "Manhattan", "community_board": 12, "community_board_label": "Manhattan CB12", "popup_title": "Manhattan CB12 \u2014 AD 71 ED 030", "general_mayor": "ZOHRAN KWAME MAMDANI beat ANDREW M. CUOMO, 340 to 148, 68.0% to 29.6%; total votes 500.", "general_mayor_winner": "Mamdani", "general_public_advocate": "JUMAANE D. WILLIAMS beat GONZALO DURAN, 421 to 33, 91.3% to 7.2%; total votes 461.", "general_public_advocate_winner": "Williams", "general_comptroller": "MARK D. LEVINE beat ISMAEL MALAVE PEREZ, 399 to 23, 89.9% to 5.2%; total votes 444.", "general_comptroller_winner": "Levine", "question_1": "Disapprove beat Approve, 249 to 175, 58.7% to 41.3%; total votes 424.", "question_1_winner": "No-disapprove!", "question_2": "Approve beat Disapprove, 293 to 144, 67.0% to 33.0%; total votes 437.", "question_2_winner": "Yes-approve!", "question_3": "Approve beat Disapprove, 254 to 170, 59.9% to 40.1%; total votes 424.", "question_3_winner": "Yes-approve!", "question_4": "Approve beat Disapprove, 276 to 151, 64.6% to 35.4%; total votes 427.", "question_4_winner": "Yes-approve!", "question_5": "Approve beat Disapprove, 334 to 90, 78.8% to 21.2%; total votes 424.", "question_5_winner": "Yes-approve!", "question_6": "Disapprove beat Approve, 235 to 191, 55.2% to 44.8%; total votes 426.", "question_6_winner": "No-disapprove!", "dem_primary_mayor": "Zohran Kwame Mamdani beat Andrew M. Cuomo, 153 to 95, 53.9% to 33.5%; total votes 284.", "dem_primary_mayor_winner": "Mamdani", "dem_primary_public_advocate": "Jumaane D. Williams beat Jenifer Rajkumar, 199 to 26, 81.2% to 10.6%; total votes 245.", "dem_primary_public_advocate_winner": "Williams", "dem_primary_comptroller": "Mark D. Levine beat Justin Brannan, 122 to 83, 49.6% to 33.7%; total votes 246.", "dem_primary_comptroller_winner": "Levine", "popup_summary": "Mayor: ZOHRAN KWAME MAMDANI beat ANDREW M. CUOMO, 340 to 148, 68.0% to 29.6%; total votes 500. | Public Advocate: JUMAANE D. WILLIAMS beat GONZALO DURAN, 421 to 33, 91.3% to 7.2%; total votes 461. | City Comptroller: MARK D. LEVINE beat ISMAEL MALAVE PEREZ, 399 to 23, 89.9% to 5.2%; total votes 444. | Question 1: Disapprove beat Approve, 249 to 175, 58.7% to 41.3%; total votes 424. | Question 2: Approve beat Disapprove, 293 to 144, 67.0% to 33.0%; total votes 437. | Question 3: Approve beat Disapprove, 254 to 170, 59.9% to 40.1%; total votes 424. | Question 4: Approve beat Disapprove, 276 to 151, 64.6% to 35.4%; total votes 427. | Question 5: Approve beat Disapprove, 334 to 90, 78.8% to 21.2%; total votes 424. | Question 6: Disapprove beat Approve, 235 to 191, 55.2% to 44.8%; total votes 426. | Dem Primary Mayor: Zohran Kwame Mamdani beat Andrew M. Cuomo, 153 to 95, 53.9% to 33.5%; total votes 284. | Dem Primary Public Advocate: Jumaane D. Williams beat Jenifer Rajkumar, 199 to 26, 81.2% to 10.6%; total votes 245. | Dem Primary Comptroller: Mark D. Levine beat Justin Brannan, 122 to 83, 49.6% to 33.7%; total votes 246.", "mayor_margin": 38.4, "q2_yes": 67.0, "q3_yes": 59.9, "q4_yes": 64.6}, "geometry": {"type": "MultiPolygon", "coordinates": [[[[-73.9447756, 40.8340162], [-73.9444473, 40.833473], [-73.942947, 40.8328414], [-73.9424989, 40.8322404], [-73.9429797, 40.831568], [-73.9457193, 40.8327214], [-73.945824, 40.8327655], [-73.9453343, 40.8334372], [-73.9452877, 40.833501], [-73.9448794, 40.8340598], [-73.9447756, 40.8340162]]]]}}, {"type": "Feature", "properties": {"felt:feature": 31, "ed_label": "AD 71 ED 035", "elect_dist": "71035", "borough": "Manhattan", "community_board": 12, "community_board_label": "Manhattan CB12", "popup_title": "Manhattan CB12 \u2014 AD 71 ED 035", "general_mayor": "ZOHRAN KWAME MAMDANI beat ANDREW M. CUOMO, 399 to 128, 72.7% to 23.3%; total votes 549.", "general_mayor_winner": "Mamdani", "general_public_advocate": "JUMAANE D. WILLIAMS beat GONZALO DURAN, 436 to 44, 89.2% to 9.0%; total votes 489.", "general_public_advocate_winner": "Williams", "general_comptroller": "MARK D. LEVINE beat PETER KEFALAS, 430 to 36, 89.4% to 7.5%; total votes 481.", "general_comptroller_winner": "Levine", "question_1": "Disapprove beat Approve, 216 to 212, 50.5% to 49.5%; total votes 428.", "question_1_winner": "No-disapprove!", "question_2": "Approve beat Disapprove, 302 to 137, 68.8% to 31.2%; total votes 439.", "question_2_winner": "Yes-approve!", "question_3": "Approve beat Disapprove, 259 to 169, 60.5% to 39.5%; total votes 428.", "question_3_winner": "Yes-approve!", "question_4": "Approve beat Disapprove, 284 to 141, 66.8% to 33.2%; total votes 425.", "question_4_winner": "Yes-approve!", "question_5": "Approve beat Disapprove, 344 to 79, 81.3% to 18.7%; total votes 423.", "question_5_winner": "Yes-approve!", "question_6": "Disapprove beat Approve, 211 to 211, 50.0% to 50.0%; total votes 422.", "question_6_winner": "No-disapprove!", "dem_primary_mayor": "Zohran Kwame Mamdani beat Andrew M. Cuomo, 184 to 105, 55.3% to 31.5%; total votes 333.", "dem_primary_mayor_winner": "Mamdani", "dem_primary_public_advocate": "Jumaane D. Williams beat Jenifer Rajkumar, 228 to 36, 80.9% to 12.8%; total votes 282.", "dem_primary_public_advocate_winner": "Williams", "dem_primary_comptroller": "Mark D. Levine beat Justin Brannan, 166 to 80, 54.8% to 26.4%; total votes 303.", "dem_primary_comptroller_winner": "Levine", "popup_summary": "Mayor: ZOHRAN KWAME MAMDANI beat ANDREW M. CUOMO, 399 to 128, 72.7% to 23.3%; total votes 549. | Public Advocate: JUMAANE D. WILLIAMS beat GONZALO DURAN, 436 to 44, 89.2% to 9.0%; total votes 489. | City Comptroller: MARK D. LEVINE beat PETER KEFALAS, 430 to 36, 89.4% to 7.5%; total votes 481. | Question 1: Disapprove beat Approve, 216 to 212, 50.5% to 49.5%; total votes 428. | Question 2: Approve beat Disapprove, 302 to 137, 68.8% to 31.2%; total votes 439. | Question 3: Approve beat Disapprove, 259 to 169, 60.5% to 39.5%; total votes 428. | Question 4: Approve beat Disapprove, 284 to 141, 66.8% to 33.2%; total votes 425. | Question 5: Approve beat Disapprove, 344 to 79, 81.3% to 18.7%; total votes 423. | Question 6: Disapprove beat Approve, 211 to 211, 50.0% to 50.0%; total votes 422. | Dem Primary Mayor: Zohran Kwame Mamdani beat Andrew M. Cuomo, 184 to 105, 55.3% to 31.5%; total votes 333. | Dem Primary Public Advocate: Jumaane D. Williams beat Jenifer Rajkumar, 228 to 36, 80.9% to 12.8%; total votes 282. | Dem Primary Comptroller: Mark D. Levine beat Justin Brannan, 166 to 80, 54.8% to 26.4%; total votes 303.", "mayor_margin": 49.4, "q2_yes": 68.8, "q3_yes": 60.5, "q4_yes": 66.8}, "geometry": {"type": "MultiPolygon", "coordinates": [[[[-73.9403464, 40.8304578], [-73.9410755, 40.8307669], [-73.941368, 40.8308908], [-73.9429797, 40.831568], [-73.9424989, 40.8322404], [-73.9423943, 40.8323802], [-73.9421576, 40.8326966], [-73.9420316, 40.832865], [-73.940884, 40.8323801], [-73.9406528, 40.8330981], [-73.9415772, 40.8334875], [-73.9411182, 40.8341138], [-73.9403601, 40.8337867], [-73.9391549, 40.833278], [-73.9392285, 40.8332318], [-73.939298, 40.8331821], [-73.9393631, 40.8331291], [-73.9394236, 40.833073], [-73.9394792, 40.833014], [-73.9395296, 40.8329524], [-73.9395747, 40.8328885], [-73.9396142, 40.8328225], [-73.939648, 40.8327547], [-73.939676, 40.8326854], [-73.939761, 40.8325096], [-73.9401083, 40.8320358], [-73.9401666, 40.831961], [-73.9402191, 40.8318838], [-73.9402658, 40.8318045], [-73.9403064, 40.8317233], [-73.9403407, 40.8316404], [-73.9403688, 40.8315561], [-73.9403464, 40.8304578]]]]}}, {"type": "Feature", "properties": {"felt:feature": 32, "ed_label": "AD 71 ED 065", "elect_dist": "71065", "borough": "Manhattan", "community_board": 12, "community_board_label": "Manhattan CB12", "popup_title": "Manhattan CB12 \u2014 AD 71 ED 065", "general_mayor": "ANDREW M. CUOMO beat ZOHRAN KWAME MAMDANI, 74 to 31, 66.1% to 27.7%; total votes 112.", "general_mayor_winner": "Cuomo", "general_public_advocate": "JUMAANE D. WILLIAMS beat GONZALO DURAN, 44 to 19, 67.7% to 29.2%; total votes 65.", "general_public_advocate_winner": "Williams", "general_comptroller": "MARK D. LEVINE beat PETER KEFALAS, 54 to 11, 78.3% to 15.9%; total votes 69.", "general_comptroller_winner": "Levine", "question_1": "Approve beat Disapprove, 36 to 15, 70.6% to 29.4%; total votes 51.", "question_1_winner": "Yes-approve!", "question_2": "Approve beat Disapprove, 45 to 8, 84.9% to 15.1%; total votes 53.", "question_2_winner": "Yes-approve!", "question_3": "Approve beat Disapprove, 43 to 9, 82.7% to 17.3%; total votes 52.", "question_3_winner": "Yes-approve!", "question_4": "Approve beat Disapprove, 37 to 11, 77.1% to 22.9%; total votes 48.", "question_4_winner": "Yes-approve!", "question_5": "Approve beat Disapprove, 31 to 9, 77.5% to 22.5%; total votes 40.", "question_5_winner": "Yes-approve!", "question_6": "Approve beat Disapprove, 23 to 17, 57.5% to 42.5%; total votes 40.", "question_6_winner": "Yes-approve!", "dem_primary_mayor": "Andrew M. Cuomo beat Adrienne E. Adams, 61 to 2, 93.8% to 3.1%; total votes 65.", "dem_primary_mayor_winner": "Cuomo", "dem_primary_public_advocate": "Jumaane D. Williams beat Marty Dolan, 29 to 8, 65.9% to 18.2%; total votes 44.", "dem_primary_public_advocate_winner": "Williams", "dem_primary_comptroller": "Mark D. Levine beat Ismael Malave Perez, 35 to 8, 76.1% to 17.4%; total votes 46.", "dem_primary_comptroller_winner": "Levine", "popup_summary": "Mayor: ANDREW M. CUOMO beat ZOHRAN KWAME MAMDANI, 74 to 31, 66.1% to 27.7%; total votes 112. | Public Advocate: JUMAANE D. WILLIAMS beat GONZALO DURAN, 44 to 19, 67.7% to 29.2%; total votes 65. | City Comptroller: MARK D. LEVINE beat PETER KEFALAS, 54 to 11, 78.3% to 15.9%; total votes 69. | Question 1: Approve beat Disapprove, 36 to 15, 70.6% to 29.4%; total votes 51. | Question 2: Approve beat Disapprove, 45 to 8, 84.9% to 15.1%; total votes 53. | Question 3: Approve beat Disapprove, 43 to 9, 82.7% to 17.3%; total votes 52. | Question 4: Approve beat Disapprove, 37 to 11, 77.1% to 22.9%; total votes 48. | Question 5: Approve beat Disapprove, 31 to 9, 77.5% to 22.5%; total votes 40. | Question 6: Approve beat Disapprove, 23 to 17, 57.5% to 42.5%; total votes 40. | Dem Primary Mayor: Andrew M. Cuomo beat Adrienne E. Adams, 61 to 2, 93.8% to 3.1%; total votes 65. | Dem Primary Public Advocate: Jumaane D. Williams beat Marty Dolan, 29 to 8, 65.9% to 18.2%; total votes 44. | Dem Primary Comptroller: Mark D. Levine beat Ismael Malave Perez, 35 to 8, 76.1% to 17.4%; total votes 46.", "mayor_margin": 38.4, "q2_yes": 84.9, "q3_yes": 82.7, "q4_yes": 77.1}, "geometry": {"type": "MultiPolygon", "coordinates": [[[[-73.9430649, 40.8401934], [-73.9434648, 40.8391741], [-73.9437132, 40.8385482], [-73.9437363, 40.8384697], [-73.945543, 40.8392323], [-73.9455872, 40.8393576], [-73.9456141, 40.8394869], [-73.9456229, 40.839618], [-73.9456136, 40.8397486], [-73.9455865, 40.8398768], [-73.9447108, 40.8407544], [-73.9446803, 40.841051], [-73.9430649, 40.8401934]]]]}}, {"type": "Feature", "properties": {"felt:feature": 33, "ed_label": "AD 72 ED 004", "elect_dist": "72004", "borough": "Manhattan", "community_board": 12, "community_board_label": "Manhattan CB12", "popup_title": "Manhattan CB12 \u2014 AD 72 ED 004", "general_mayor": "ZOHRAN KWAME MAMDANI beat ANDREW M. CUOMO, 686 to 197, 74.3% to 21.3%; total votes 923.", "general_mayor_winner": "Mamdani", "general_public_advocate": "JUMAANE D. WILLIAMS beat GONZALO DURAN, 791 to 78, 88.9% to 8.8%; total votes 890.", "general_public_advocate_winner": "Williams", "general_comptroller": "MARK D. LEVINE beat PETER KEFALAS, 770 to 68, 88.9% to 7.9%; total votes 866.", "general_comptroller_winner": "Levine", "question_1": "Disapprove beat Approve, 447 to 419, 51.6% to 48.4%; total votes 866.", "question_1_winner": "No-disapprove!", "question_2": "Approve beat Disapprove, 494 to 384, 56.3% to 43.7%; total votes 878.", "question_2_winner": "Yes-approve!", "question_3": "Approve beat Disapprove, 465 to 406, 53.4% to 46.6%; total votes 871.", "question_3_winner": "Yes-approve!", "question_4": "Approve beat Disapprove, 472 to 401, 54.1% to 45.9%; total votes 873.", "question_4_winner": "Yes-approve!", "question_5": "Approve beat Disapprove, 710 to 155, 82.1% to 17.9%; total votes 865.", "question_5_winner": "Yes-approve!", "question_6": "Approve beat Disapprove, 441 to 424, 51.0% to 49.0%; total votes 865.", "question_6_winner": "Yes-approve!", "dem_primary_mayor": "Zohran Kwame Mamdani beat Brad Lander, 311 to 173, 47.2% to 26.3%; total votes 659.", "dem_primary_mayor_winner": "Mamdani", "dem_primary_public_advocate": "Jumaane D. Williams beat Jenifer Rajkumar, 504 to 61, 82.9% to 10.0%; total votes 608.", "dem_primary_public_advocate_winner": "Williams", "dem_primary_comptroller": "Mark D. Levine beat Justin Brannan, 389 to 203, 61.6% to 32.2%; total votes 631.", "dem_primary_comptroller_winner": "Levine", "popup_summary": "Mayor: ZOHRAN KWAME MAMDANI beat ANDREW M. CUOMO, 686 to 197, 74.3% to 21.3%; total votes 923. | Public Advocate: JUMAANE D. WILLIAMS beat GONZALO DURAN, 791 to 78, 88.9% to 8.8%; total votes 890. | City Comptroller: MARK D. LEVINE beat PETER KEFALAS, 770 to 68, 88.9% to 7.9%; total votes 866. | Question 1: Disapprove beat Approve, 447 to 419, 51.6% to 48.4%; total votes 866. | Question 2: Approve beat Disapprove, 494 to 384, 56.3% to 43.7%; total votes 878. | Question 3: Approve beat Disapprove, 465 to 406, 53.4% to 46.6%; total votes 871. | Question 4: Approve beat Disapprove, 472 to 401, 54.1% to 45.9%; total votes 873. | Question 5: Approve beat Disapprove, 710 to 155, 82.1% to 17.9%; total votes 865. | Question 6: Approve beat Disapprove, 441 to 424, 51.0% to 49.0%; total votes 865. | Dem Primary Mayor: Zohran Kwame Mamdani beat Brad Lander, 311 to 173, 47.2% to 26.3%; total votes 659. | Dem Primary Public Advocate: Jumaane D. Williams beat Jenifer Rajkumar, 504 to 61, 82.9% to 10.0%; total votes 608. | Dem Primary Comptroller: Mark D. Levine beat Justin Brannan, 389 to 203, 61.6% to 32.2%; total votes 631.", "mayor_margin": 53.0, "q2_yes": 56.3, "q3_yes": 53.4, "q4_yes": 54.1}, "geometry": {"type": "MultiPolygon", "coordinates": [[[[-73.9150846, 40.8645075], [-73.9144111, 40.8641736], [-73.9150441, 40.8644367], [-73.915074, 40.8644465], [-73.9150858, 40.8644481], [-73.9151683, 40.8644393], [-73.9152551, 40.8644336], [-73.9154319, 40.8644183], [-73.9154287, 40.8644077], [-73.9154341, 40.8643874], [-73.9154587, 40.8643842], [-73.9154534, 40.8643337], [-73.9156324, 40.8643095], [-73.9156387, 40.8643485], [-73.9156644, 40.8643502], [-73.9157116, 40.8643429], [-73.9157587, 40.8643421], [-73.9158166, 40.8643348], [-73.9158605, 40.8643259], [-73.9158991, 40.864308], [-73.9159227, 40.8642804], [-73.9159356, 40.8642422], [-73.9159314, 40.864204], [-73.9159261, 40.8641731], [-73.9158982, 40.8641462], [-73.9158715, 40.8641291], [-73.9158543, 40.8641226], [-73.9158326, 40.8641143], [-73.9157901, 40.864103], [-73.9157419, 40.8640965], [-73.915726, 40.8640956], [-73.9156673, 40.8640866], [-73.9156157, 40.8640754], [-73.9155838, 40.8640707], [-73.9155387, 40.8640668], [-73.9154934, 40.8640662], [-73.9154398, 40.8640784], [-73.9154055, 40.8640816], [-73.9153844, 40.8640803], [-73.9153745, 40.8640797], [-73.9153598, 40.8640773], [-73.9153458, 40.8640731], [-73.9153328, 40.8640673], [-73.9153212, 40.86406], [-73.9153113, 40.8640514], [-73.9153057, 40.8640429], [-73.9152983, 40.8640353], [-73.9152892, 40.8640288], [-73.9152789, 40.8640235], [-73.9152674, 40.8640197], [-73.9152407, 40.8639961], [-73.9152158, 40.863976], [-73.9151957, 40.8639452], [-73.915188, 40.8638977], [-73.9151851, 40.8638795], [-73.9151819, 40.8638602], [-73.9151812, 40.8638431], [-73.9151788, 40.8637875], [-73.9151769, 40.8637442], [-73.9151766, 40.8637355], [-73.9151754, 40.8637084], [-73.9151756, 40.8636804], [-73.9152007, 40.8636522], [-73.9152182, 40.8636411], [-73.9152544, 40.863618], [-73.9152968, 40.8635986], [-73.9153081, 40.8635905], [-73.9153446, 40.8635642], [-73.9153619, 40.8635472], [-73.915374, 40.8635287], [-73.9154166, 40.8634479], [-73.915427, 40.8634292], [-73.9154686, 40.8633625], [-73.9154768, 40.8633461], [-73.9154852, 40.8633007], [-73.9154731, 40.8632803], [-73.9154599, 40.8632571], [-73.9154506, 40.863233], [-73.915455, 40.8632085], [-73.915423, 40.8631942], [-73.9154108, 40.8631955], [-73.9153451, 40.8631645], [-73.915411, 40.8630949], [-73.9153867, 40.8630844], [-73.9154497, 40.8630065], [-73.9163545, 40.8633901], [-73.9170635, 40.8636906], [-73.9169946, 40.8637851], [-73.9165731, 40.8643631], [-73.9150846, 40.8645075]]], [[[-73.9174992, 40.8745201], [-73.9176907, 40.8742252], [-73.9177093, 40.8742325], [-73.9178903, 40.8739625], [-73.9178851, 40.8739603], [-73.9178714, 40.873905], [-73.9177302, 40.8740232], [-73.9176868, 40.874036], [-73.9176209, 40.8740788], [-73.9175681, 40.8741174], [-73.9175059, 40.8741688], [-73.9174041, 40.874203], [-73.9173005, 40.8742387], [-73.9172459, 40.8742458], [-73.9171592, 40.8742801], [-73.9170895, 40.8743015], [-73.9170555, 40.8743458], [-73.916967, 40.8743671], [-73.9168973, 40.8743642], [-73.9167899, 40.8743927], [-73.9166939, 40.8744255], [-73.9166091, 40.8744684], [-73.9164866, 40.8744869], [-73.9164357, 40.8745097], [-73.9163435, 40.8745238], [-73.9162122, 40.8745036], [-73.9160985, 40.8745002], [-73.9160168, 40.8745148], [-73.9158903, 40.8745196], [-73.915766, 40.8745277], [-73.9156846, 40.8745276], [-73.9155775, 40.8745194], [-73.9154018, 40.874503], [-73.915224, 40.8744866], [-73.9150698, 40.8744491], [-73.914982, 40.8744246], [-73.9146328, 40.8743266], [-73.9142217, 40.8741996], [-73.9141978, 40.8741894], [-73.9139971, 40.8741263], [-73.9139027, 40.8740957], [-73.9135851, 40.8740254], [-73.9134974, 40.8739883], [-73.9133451, 40.8739442], [-73.9132937, 40.8739356], [-73.9132489, 40.8739205], [-73.9131942, 40.8738854], [-73.9131426, 40.8738609], [-73.9130956, 40.8738457], [-73.91304, 40.8738338], [-73.9129802, 40.8738354], [-73.9128899, 40.8738259], [-73.9127315, 40.8737951], [-73.9126107, 40.8737573], [-73.9125028, 40.8737194], [-73.9122892, 40.8736289], [-73.9120782, 40.8735246], [-73.9116382, 40.8733024], [-73.9115779, 40.8732716], [-73.9115152, 40.8732366], [-73.911426, 40.8731818], [-73.9113588, 40.8731278], [-73.911305, 40.873092], [-73.9112743, 40.8730635], [-73.9112244, 40.8730278], [-73.9111908, 40.8729847], [-73.9111841, 40.8729884], [-73.9111745, 40.8729847], [-73.9111803, 40.8729745], [-73.9111669, 40.8729563], [-73.9111534, 40.8729431], [-73.9111035, 40.8728847], [-73.9110997, 40.872868], [-73.9111045, 40.8728512], [-73.9110844, 40.8728264], [-73.9110556, 40.8728008], [-73.9110364, 40.8727717], [-73.9110393, 40.8727483], [-73.9110125, 40.8727221], [-73.9109923, 40.87269], [-73.9109808, 40.87266], [-73.9109674, 40.872644], [-73.9109617, 40.872617], [-73.9109444, 40.8726082], [-73.9109147, 40.8725739], [-73.9108321, 40.8725177], [-73.910763, 40.8724521], [-73.9106966, 40.8723633], [-73.9106689, 40.8723181], [-73.9106488, 40.8722962], [-73.910644, 40.8722621], [-73.9106, 40.8721849], [-73.9105647, 40.8721165], [-73.9105408, 40.8720583], [-73.910538, 40.8720336], [-73.9105533, 40.8720183], [-73.9105447, 40.8719863], [-73.910518, 40.8719063], [-73.9104951, 40.8718256], [-73.9104847, 40.8717615], [-73.9104792, 40.8717297], [-73.9104728, 40.8716957], [-73.9104608, 40.8716424], [-73.9104533, 40.8715768], [-73.9104475, 40.8715019], [-73.9104427, 40.8714904], [-73.9104264, 40.8714854], [-73.910429, 40.871466], [-73.9104442, 40.8714637], [-73.9104496, 40.8714362], [-73.9104511, 40.8714067], [-73.9104462, 40.8713937], [-73.9104336, 40.8713808], [-73.9104477, 40.8713663], [-73.9104647, 40.8713568], [-73.9104729, 40.8713322], [-73.9104937, 40.8713205], [-73.9105117, 40.8713153], [-73.9105209, 40.8712987], [-73.9105436, 40.8712862], [-73.9105594, 40.8712616], [-73.9105506, 40.8712444], [-73.9105581, 40.871232], [-73.9105783, 40.8711771], [-73.9105896, 40.8711683], [-73.9106016, 40.871143], [-73.9106185, 40.8711241], [-73.91065, 40.8710655], [-73.9106518, 40.8710554], [-73.9106611, 40.8710423], [-73.9106819, 40.8710364], [-73.9106941, 40.8710197], [-73.9107033, 40.8709959], [-73.9107163, 40.870972], [-73.9107236, 40.8709488], [-73.9107141, 40.8709225], [-73.9106998, 40.8709042], [-73.9106779, 40.8708728], [-73.9106791, 40.8708473], [-73.9106907, 40.8708291], [-73.9106918, 40.8708087], [-73.9107159, 40.8707934], [-73.910719, 40.8707694], [-73.9107268, 40.8707497], [-73.9107377, 40.8707096], [-73.9107456, 40.8706688], [-73.9107256, 40.8706476], [-73.9107499, 40.8705995], [-73.9107529, 40.8705886], [-73.9107568, 40.8705747], [-73.9107521, 40.8705579], [-73.9107609, 40.8705368], [-73.910764, 40.8705047], [-73.9107489, 40.8704594], [-73.9107557, 40.8704485], [-73.9107722, 40.8704252], [-73.9107589, 40.8704091], [-73.9107631, 40.8703559], [-73.9107681, 40.8703216], [-73.9107645, 40.8702822], [-73.9107483, 40.8702646], [-73.9107697, 40.8702334], [-73.9107727, 40.8702064], [-73.9107797, 40.8701743], [-73.9107808, 40.8701524], [-73.9108042, 40.8700993], [-73.9108016, 40.8700547], [-73.9108018, 40.8700307], [-73.9108095, 40.8700198], [-73.9108049, 40.8699979], [-73.9108128, 40.8699621], [-73.9108158, 40.8699395], [-73.9108091, 40.8699351], [-73.9108266, 40.8699075], [-73.9108334, 40.8698922], [-73.9108336, 40.8698754], [-73.91085, 40.869855], [-73.9108502, 40.8698317], [-73.9108416, 40.8698251], [-73.9108407, 40.8698149], [-73.9108543, 40.8697974], [-73.9108602, 40.8697719], [-73.9108768, 40.869737], [-73.9108624, 40.8697325], [-73.9108731, 40.8697151], [-73.9108829, 40.8696852], [-73.910884, 40.8696604], [-73.9108533, 40.8696486], [-73.9108764, 40.8696429], [-73.9108967, 40.869624], [-73.9109094, 40.8695963], [-73.910924, 40.8695796], [-73.9109154, 40.8695686], [-73.9109165, 40.8695482], [-73.9109252, 40.869538], [-73.9109186, 40.8695241], [-73.9109409, 40.8694892], [-73.9109469, 40.869452], [-73.9109249, 40.8694366], [-73.9109558, 40.8694112], [-73.9109866, 40.8694055], [-73.9110086, 40.8694194], [-73.9110394, 40.8694217], [-73.9110577, 40.8694087], [-73.9111325, 40.8694418], [-73.911189, 40.8694588], [-73.9112561, 40.8694875], [-73.911304, 40.8695103], [-73.9113462, 40.8695243], [-73.9113818, 40.869523], [-73.9114396, 40.8694947], [-73.9114638, 40.8694766], [-73.9114745, 40.8694548], [-73.9114719, 40.8694132], [-73.9114635, 40.8693774], [-73.9114242, 40.8693641], [-73.9114165, 40.8693546], [-73.9114002, 40.8693516], [-73.9113935, 40.8693443], [-73.911358, 40.8693361], [-73.9113553, 40.8693135], [-73.9111224, 40.8692141], [-73.9111169, 40.8691791], [-73.9110967, 40.869179], [-73.9110613, 40.8691672], [-73.9110306, 40.8691554], [-73.9110549, 40.8691117], [-73.9110753, 40.8690782], [-73.9110793, 40.8690615], [-73.9110755, 40.8690432], [-73.9110929, 40.8690316], [-73.911092, 40.8690192], [-73.9111187, 40.8690062], [-73.9111337, 40.8689727], [-73.9111204, 40.8689522], [-73.9111393, 40.8689338], [-73.9111289, 40.86892], [-73.9111426, 40.868895], [-73.9111487, 40.8688802], [-73.9111652, 40.8688769], [-73.9111999, 40.8688645], [-73.9112509, 40.8688612], [-73.9112826, 40.8688477], [-73.9113037, 40.8688249], [-73.9113282, 40.8688024], [-73.9113348, 40.8687853], [-73.9113374, 40.8687743], [-73.9113297, 40.8687586], [-73.911334, 40.8687404], [-73.9113255, 40.8687182], [-73.9113315, 40.8687052], [-73.9113255, 40.8686759], [-73.911335, 40.8686577], [-73.9113505, 40.8686466], [-73.9113471, 40.8686238], [-73.9113591, 40.8686062], [-73.9113643, 40.8685834], [-73.91139, 40.8685632], [-73.9114099, 40.8685131], [-73.9114193, 40.8684916], [-73.9114417, 40.8684766], [-73.9114821, 40.8684083], [-73.9114924, 40.868375], [-73.9114924, 40.8683548], [-73.9115054, 40.8683034], [-73.9115149, 40.8682812], [-73.9115243, 40.868265], [-73.9115355, 40.8682643], [-73.9115407, 40.8682454], [-73.9115802, 40.8682038], [-73.9116017, 40.8681862], [-73.9116249, 40.8681745], [-73.9116532, 40.8681543], [-73.9116678, 40.8681354], [-73.9117116, 40.8681003], [-73.9117283, 40.8680745], [-73.9117609, 40.8680886], [-73.913352, 40.8687771], [-73.9152006, 40.8695584], [-73.915681, 40.8688885], [-73.9167332, 40.8693194], [-73.9162756, 40.8695827], [-73.9164108, 40.8696922], [-73.9169016, 40.8700897], [-73.9169729, 40.8701474], [-73.9179162, 40.8709229], [-73.9175167, 40.8712142], [-73.9173312, 40.8713494], [-73.9170086, 40.8715847], [-73.9162779, 40.8721156], [-73.9171726, 40.8724966], [-73.9184292, 40.8730098], [-73.9184833, 40.8730339], [-73.91854, 40.8730542], [-73.9185989, 40.8730706], [-73.9186595, 40.8730829], [-73.9187075, 40.8730949], [-73.9187537, 40.8731104], [-73.9187976, 40.8731294], [-73.9189185, 40.8732063], [-73.9189285, 40.8733165], [-73.9189158, 40.8733244], [-73.9188971, 40.8733269], [-73.9188825, 40.8733269], [-73.9188715, 40.8733277], [-73.9188642, 40.8733344], [-73.9188601, 40.8733408], [-73.9188484, 40.8733441], [-73.9188385, 40.873346], [-73.9188293, 40.8733452], [-73.9188213, 40.8733458], [-73.9188114, 40.8733482], [-73.9187997, 40.8733488], [-73.9187876, 40.8733471], [-73.9187759, 40.8733443], [-73.918766, 40.8733379], [-73.9187583, 40.8733282], [-73.9187477, 40.8733204], [-73.9187375, 40.8733168], [-73.9187254, 40.873312], [-73.9187199, 40.873307], [-73.9187133, 40.8733045], [-73.9187133, 40.8733001], [-73.9187136, 40.8732929], [-73.9187137, 40.8732898], [-73.9187049, 40.8732834], [-73.9186976, 40.8732784], [-73.9186994, 40.8732714], [-73.9187089, 40.873265], [-73.918717, 40.8732584], [-73.9187225, 40.8732534], [-73.9187229, 40.8732492], [-73.9187203, 40.8732464], [-73.9187134, 40.8732464], [-73.9187075, 40.8732481], [-73.9186958, 40.873252], [-73.9186716, 40.8732539], [-73.9186599, 40.8732614], [-73.9186529, 40.87327], [-73.9186489, 40.8732786], [-73.9186412, 40.873282], [-73.918632, 40.8732845], [-73.9186175, 40.8732864], [-73.9186035, 40.873286], [-73.9185868, 40.8732779], [-73.9185703, 40.8732627], [-73.9185652, 40.8732513], [-73.9185657, 40.8732447], [-73.9185663, 40.8732375], [-73.9185508, 40.8732222], [-73.9185313, 40.8732131], [-73.9185267, 40.8732132], [-73.9185164, 40.8732135], [-73.918508, 40.8732065], [-73.9185039, 40.8731982], [-73.9185, 40.8731917], [-73.9184812, 40.8731956], [-73.9184404, 40.8731974], [-73.9184089, 40.8731973], [-73.9183914, 40.8732088], [-73.9183972, 40.8732318], [-73.918417, 40.8732699], [-73.9184473, 40.8732867], [-73.918495, 40.8733115], [-73.9185323, 40.8733248], [-73.918594, 40.8733566], [-73.9186126, 40.8733708], [-73.9186289, 40.8734053], [-73.9186277, 40.8734398], [-73.9186125, 40.8734725], [-73.9185973, 40.8734955], [-73.9185728, 40.8734964], [-73.9185612, 40.8735096], [-73.9185274, 40.8735282], [-73.9184959, 40.8735476], [-73.918469, 40.8735715], [-73.9184539, 40.8735679], [-73.9184388, 40.8735538], [-73.918412, 40.8735511], [-73.9184015, 40.8735626], [-73.9184248, 40.8735856], [-73.9184247, 40.8736015], [-73.9184177, 40.8736218], [-73.9184107, 40.8736369], [-73.9183874, 40.8736413], [-73.9183734, 40.8736545], [-73.9183524, 40.8736713], [-73.9183279, 40.8736943], [-73.9182953, 40.8737146], [-73.9182463, 40.8737367], [-73.9181985, 40.8737535], [-73.9181787, 40.8737694], [-73.9181624, 40.8737915], [-73.9181472, 40.8738215], [-73.9181227, 40.8738365], [-73.918104, 40.8738471], [-73.9180589, 40.8738499], [-73.9180517, 40.8738625], [-73.9180372, 40.8738973], [-73.9179411, 40.8739831], [-73.917929, 40.8739789], [-73.9177547, 40.8742485], [-73.9177699, 40.8742543], [-73.9175773, 40.8745487], [-73.9174992, 40.8745201]]]]}}, {"type": "Feature", "properties": {"felt:feature": 34, "ed_label": "AD 72 ED 005", "elect_dist": "72005", "borough": "Manhattan", "community_board": 12, "community_board_label": "Manhattan CB12", "popup_title": "Manhattan CB12 \u2014 AD 72 ED 005", "general_mayor": "ZOHRAN KWAME MAMDANI beat ANDREW M. CUOMO, 683 to 175, 74.9% to 19.2%; total votes 912.", "general_mayor_winner": "Mamdani", "general_public_advocate": "JUMAANE D. WILLIAMS beat GONZALO DURAN, 775 to 89, 87.3% to 10.0%; total votes 888.", "general_public_advocate_winner": "Williams", "general_comptroller": "MARK D. LEVINE beat PETER KEFALAS, 766 to 72, 90.1% to 8.5%; total votes 850.", "general_comptroller_winner": "Levine", "question_1": "Disapprove beat Approve, 494 to 371, 57.1% to 42.9%; total votes 865.", "question_1_winner": "No-disapprove!", "question_2": "Approve beat Disapprove, 463 to 407, 53.2% to 46.8%; total votes 870.", "question_2_winner": "Yes-approve!", "question_3": "Approve beat Disapprove, 434 to 425, 50.5% to 49.5%; total votes 859.", "question_3_winner": "Yes-approve!", "question_4": "Approve beat Disapprove, 457 to 398, 53.5% to 46.5%; total votes 855.", "question_4_winner": "Yes-approve!", "question_5": "Approve beat Disapprove, 704 to 157, 81.8% to 18.2%; total votes 861.", "question_5_winner": "Yes-approve!", "question_6": "Disapprove beat Approve, 471 to 388, 54.8% to 45.2%; total votes 859.", "question_6_winner": "No-disapprove!", "dem_primary_mayor": "Zohran Kwame Mamdani beat Brad Lander, 363 to 110, 57.6% to 17.5%; total votes 630.", "dem_primary_mayor_winner": "Mamdani", "dem_primary_public_advocate": "Jumaane D. Williams beat Jenifer Rajkumar, 472 to 71, 81.8% to 12.3%; total votes 577.", "dem_primary_public_advocate_winner": "Williams", "dem_primary_comptroller": "Mark D. Levine beat Justin Brannan, 324 to 218, 55.3% to 37.2%; total votes 586.", "dem_primary_comptroller_winner": "Levine", "popup_summary": "Mayor: ZOHRAN KWAME MAMDANI beat ANDREW M. CUOMO, 683 to 175, 74.9% to 19.2%; total votes 912. | Public Advocate: JUMAANE D. WILLIAMS beat GONZALO DURAN, 775 to 89, 87.3% to 10.0%; total votes 888. | City Comptroller: MARK D. LEVINE beat PETER KEFALAS, 766 to 72, 90.1% to 8.5%; total votes 850. | Question 1: Disapprove beat Approve, 494 to 371, 57.1% to 42.9%; total votes 865. | Question 2: Approve beat Disapprove, 463 to 407, 53.2% to 46.8%; total votes 870. | Question 3: Approve beat Disapprove, 434 to 425, 50.5% to 49.5%; total votes 859. | Question 4: Approve beat Disapprove, 457 to 398, 53.5% to 46.5%; total votes 855. | Question 5: Approve beat Disapprove, 704 to 157, 81.8% to 18.2%; total votes 861. | Question 6: Disapprove beat Approve, 471 to 388, 54.8% to 45.2%; total votes 859. | Dem Primary Mayor: Zohran Kwame Mamdani beat Brad Lander, 363 to 110, 57.6% to 17.5%; total votes 630. | Dem Primary Public Advocate: Jumaane D. Williams beat Jenifer Rajkumar, 472 to 71, 81.8% to 12.3%; total votes 577. | Dem Primary Comptroller: Mark D. Levine beat Justin Brannan, 324 to 218, 55.3% to 37.2%; total votes 586.", "mayor_margin": 55.7, "q2_yes": 53.2, "q3_yes": 50.5, "q4_yes": 53.5}, "geometry": {"type": "MultiPolygon", "coordinates": [[[[-73.9179162, 40.8709229], [-73.9185642, 40.8714788], [-73.9192548, 40.8710078], [-73.9196989, 40.8720635], [-73.919459, 40.8722493], [-73.9184292, 40.8730098], [-73.9171726, 40.8724966], [-73.9162779, 40.8721156], [-73.9170086, 40.8715847], [-73.9173312, 40.8713494], [-73.9175167, 40.8712142], [-73.9179162, 40.8709229]]]]}}, {"type": "Feature", "properties": {"felt:feature": 35, "ed_label": "AD 72 ED 006", "elect_dist": "72006", "borough": "Manhattan", "community_board": 12, "community_board_label": "Manhattan CB12", "popup_title": "Manhattan CB12 \u2014 AD 72 ED 006", "general_mayor": "ZOHRAN KWAME MAMDANI beat ANDREW M. CUOMO, 488 to 153, 70.6% to 22.1%; total votes 691.", "general_mayor_winner": "Mamdani", "general_public_advocate": "JUMAANE D. WILLIAMS beat GONZALO DURAN, 551 to 84, 84.9% to 12.9%; total votes 649.", "general_public_advocate_winner": "Williams", "general_comptroller": "MARK D. LEVINE beat PETER KEFALAS, 535 to 75, 84.3% to 11.8%; total votes 635.", "general_comptroller_winner": "Levine", "question_1": "Disapprove beat Approve, 384 to 255, 60.1% to 39.9%; total votes 639.", "question_1_winner": "No-disapprove!", "question_2": "Approve beat Disapprove, 397 to 250, 61.4% to 38.6%; total votes 647.", "question_2_winner": "Yes-approve!", "question_3": "Approve beat Disapprove, 365 to 274, 57.1% to 42.9%; total votes 639.", "question_3_winner": "Yes-approve!", "question_4": "Approve beat Disapprove, 392 to 244, 61.6% to 38.4%; total votes 636.", "question_4_winner": "Yes-approve!", "question_5": "Approve beat Disapprove, 519 to 112, 82.2% to 17.8%; total votes 631.", "question_5_winner": "Yes-approve!", "question_6": "Disapprove beat Approve, 346 to 287, 54.7% to 45.3%; total votes 633.", "question_6_winner": "No-disapprove!", "dem_primary_mayor": "Zohran Kwame Mamdani beat Andrew M. Cuomo, 230 to 77, 57.2% to 19.2%; total votes 402.", "dem_primary_mayor_winner": "Mamdani", "dem_primary_public_advocate": "Jumaane D. Williams beat Jenifer Rajkumar, 294 to 43, 80.1% to 11.7%; total votes 367.", "dem_primary_public_advocate_winner": "Williams", "dem_primary_comptroller": "Mark D. Levine beat Justin Brannan, 204 to 130, 54.3% to 34.6%; total votes 376.", "dem_primary_comptroller_winner": "Levine", "popup_summary": "Mayor: ZOHRAN KWAME MAMDANI beat ANDREW M. CUOMO, 488 to 153, 70.6% to 22.1%; total votes 691. | Public Advocate: JUMAANE D. WILLIAMS beat GONZALO DURAN, 551 to 84, 84.9% to 12.9%; total votes 649. | City Comptroller: MARK D. LEVINE beat PETER KEFALAS, 535 to 75, 84.3% to 11.8%; total votes 635. | Question 1: Disapprove beat Approve, 384 to 255, 60.1% to 39.9%; total votes 639. | Question 2: Approve beat Disapprove, 397 to 250, 61.4% to 38.6%; total votes 647. | Question 3: Approve beat Disapprove, 365 to 274, 57.1% to 42.9%; total votes 639. | Question 4: Approve beat Disapprove, 392 to 244, 61.6% to 38.4%; total votes 636. | Question 5: Approve beat Disapprove, 519 to 112, 82.2% to 17.8%; total votes 631. | Question 6: Disapprove beat Approve, 346 to 287, 54.7% to 45.3%; total votes 633. | Dem Primary Mayor: Zohran Kwame Mamdani beat Andrew M. Cuomo, 230 to 77, 57.2% to 19.2%; total votes 402. | Dem Primary Public Advocate: Jumaane D. Williams beat Jenifer Rajkumar, 294 to 43, 80.1% to 11.7%; total votes 367. | Dem Primary Comptroller: Mark D. Levine beat Justin Brannan, 204 to 130, 54.3% to 34.6%; total votes 376.", "mayor_margin": 48.5, "q2_yes": 61.4, "q3_yes": 57.1, "q4_yes": 61.6}, "geometry": {"type": "MultiPolygon", "coordinates": [[[[-73.9179162, 40.8709229], [-73.9169729, 40.8701474], [-73.9169016, 40.8700897], [-73.9164108, 40.8696922], [-73.9162756, 40.8695827], [-73.9167332, 40.8693194], [-73.915681, 40.8688885], [-73.9152006, 40.8695584], [-73.913352, 40.8687771], [-73.9117609, 40.8680886], [-73.9117283, 40.8680745], [-73.9117319, 40.8680606], [-73.9117301, 40.8680402], [-73.9117338, 40.8680302], [-73.9117257, 40.8680302], [-73.9117257, 40.8680202], [-73.9117251, 40.8680035], [-73.9117364, 40.8679912], [-73.9117352, 40.8679774], [-73.9117552, 40.867966], [-73.9117528, 40.8679351], [-73.9117691, 40.8679132], [-73.9117804, 40.8678956], [-73.9117967, 40.8678956], [-73.9118086, 40.8678823], [-73.9117942, 40.867868], [-73.9117968, 40.8678314], [-73.9118056, 40.8678105], [-73.9118238, 40.8677891], [-73.9118457, 40.8677763], [-73.911871, 40.8677595], [-73.9118896, 40.8677478], [-73.9118923, 40.8677259], [-73.9119116, 40.8677002], [-73.9118477, 40.8676725], [-73.911993, 40.8675058], [-73.9120976, 40.8673732], [-73.9122296, 40.8672155], [-73.9124522, 40.8669406], [-73.9126175, 40.8667396], [-73.9127317, 40.8666052], [-73.9125522, 40.8665286], [-73.9125478, 40.8665149], [-73.9128286, 40.8661571], [-73.9131202, 40.8657812], [-73.91352, 40.8652675], [-73.9138449, 40.8648483], [-73.9139186, 40.8647456], [-73.9139353, 40.8647393], [-73.9140387, 40.8647105], [-73.9141682, 40.8646664], [-73.9142526, 40.8646457], [-73.914312, 40.864625], [-73.9143892, 40.8646242], [-73.9149239, 40.8645804], [-73.9149286, 40.8645696], [-73.9145404, 40.8644124], [-73.914474, 40.8643113], [-73.9144111, 40.8641736], [-73.9150846, 40.8645075], [-73.9165731, 40.8643631], [-73.9169946, 40.8637851], [-73.9170635, 40.8636906], [-73.9189423, 40.8644629], [-73.9184467, 40.8651084], [-73.9181075, 40.8655929], [-73.9180294, 40.8656984], [-73.9172048, 40.8668131], [-73.9170434, 40.8670262], [-73.9184146, 40.8675839], [-73.919754, 40.8681144], [-73.919113, 40.8683117], [-73.9193134, 40.8686185], [-73.919669, 40.8691381], [-73.9197486, 40.8691511], [-73.9198288, 40.8691614], [-73.9199095, 40.8691691], [-73.9199907, 40.8691741], [-73.9203196, 40.8690001], [-73.9208966, 40.869877], [-73.9192548, 40.8710078], [-73.9185642, 40.8714788], [-73.9179162, 40.8709229]]]]}}, {"type": "Feature", "properties": {"felt:feature": 36, "ed_label": "AD 72 ED 007", "elect_dist": "72007", "borough": "Manhattan", "community_board": 12, "community_board_label": "Manhattan CB12", "popup_title": "Manhattan CB12 \u2014 AD 72 ED 007", "general_mayor": "ZOHRAN KWAME MAMDANI beat ANDREW M. CUOMO, 255 to 157, 58.8% to 36.2%; total votes 434.", "general_mayor_winner": "Mamdani", "general_public_advocate": "JUMAANE D. WILLIAMS beat GONZALO DURAN, 275 to 60, 79.9% to 17.4%; total votes 344.", "general_public_advocate_winner": "Williams", "general_comptroller": "MARK D. LEVINE beat PETER KEFALAS, 266 to 48, 80.4% to 14.5%; total votes 331.", "general_comptroller_winner": "Levine", "question_1": "Disapprove beat Approve, 188 to 130, 59.1% to 40.9%; total votes 318.", "question_1_winner": "No-disapprove!", "question_2": "Approve beat Disapprove, 232 to 95, 70.9% to 29.1%; total votes 327.", "question_2_winner": "Yes-approve!", "question_3": "Approve beat Disapprove, 189 to 124, 60.4% to 39.6%; total votes 313.", "question_3_winner": "Yes-approve!", "question_4": "Approve beat Disapprove, 206 to 108, 65.6% to 34.4%; total votes 314.", "question_4_winner": "Yes-approve!", "question_5": "Approve beat Disapprove, 239 to 66, 78.4% to 21.6%; total votes 305.", "question_5_winner": "Yes-approve!", "question_6": "Disapprove beat Approve, 174 to 139, 55.6% to 44.4%; total votes 313.", "question_6_winner": "No-disapprove!", "dem_primary_mayor": "Andrew M. Cuomo beat Zohran Kwame Mamdani, 102 to 96, 47.4% to 44.7%; total votes 215.", "dem_primary_mayor_winner": "Cuomo", "dem_primary_public_advocate": "Jumaane D. Williams beat Jenifer Rajkumar, 133 to 25, 73.5% to 13.8%; total votes 181.", "dem_primary_public_advocate_winner": "Williams", "dem_primary_comptroller": "Mark D. Levine beat Ismael Malave Perez, 105 to 41, 57.4% to 22.4%; total votes 183.", "dem_primary_comptroller_winner": "Levine", "popup_summary": "Mayor: ZOHRAN KWAME MAMDANI beat ANDREW M. CUOMO, 255 to 157, 58.8% to 36.2%; total votes 434. | Public Advocate: JUMAANE D. WILLIAMS beat GONZALO DURAN, 275 to 60, 79.9% to 17.4%; total votes 344. | City Comptroller: MARK D. LEVINE beat PETER KEFALAS, 266 to 48, 80.4% to 14.5%; total votes 331. | Question 1: Disapprove beat Approve, 188 to 130, 59.1% to 40.9%; total votes 318. | Question 2: Approve beat Disapprove, 232 to 95, 70.9% to 29.1%; total votes 327. | Question 3: Approve beat Disapprove, 189 to 124, 60.4% to 39.6%; total votes 313. | Question 4: Approve beat Disapprove, 206 to 108, 65.6% to 34.4%; total votes 314. | Question 5: Approve beat Disapprove, 239 to 66, 78.4% to 21.6%; total votes 305. | Question 6: Disapprove beat Approve, 174 to 139, 55.6% to 44.4%; total votes 313. | Dem Primary Mayor: Andrew M. Cuomo beat Zohran Kwame Mamdani, 102 to 96, 47.4% to 44.7%; total votes 215. | Dem Primary Public Advocate: Jumaane D. Williams beat Jenifer Rajkumar, 133 to 25, 73.5% to 13.8%; total votes 181. | Dem Primary Comptroller: Mark D. Levine beat Ismael Malave Perez, 105 to 41, 57.4% to 22.4%; total votes 183.", "mayor_margin": 22.6, "q2_yes": 70.9, "q3_yes": 60.4, "q4_yes": 65.6}, "geometry": {"type": "MultiPolygon", "coordinates": [[[[-73.9189423, 40.8644629], [-73.9191348, 40.8645252], [-73.9193619, 40.8648093], [-73.9199959, 40.8657968], [-73.9206117, 40.8667596], [-73.9192143, 40.8672749], [-73.9184146, 40.8675839], [-73.9170434, 40.8670262], [-73.9172048, 40.8668131], [-73.9180294, 40.8656984], [-73.9181075, 40.8655929], [-73.9184467, 40.8651084], [-73.9189423, 40.8644629]]]]}}, {"type": "Feature", "properties": {"felt:feature": 37, "ed_label": "AD 72 ED 008", "elect_dist": "72008", "borough": "Manhattan", "community_board": 12, "community_board_label": "Manhattan CB12", "popup_title": "Manhattan CB12 \u2014 AD 72 ED 008", "general_mayor": "ZOHRAN KWAME MAMDANI beat ANDREW M. CUOMO, 464 to 127, 75.9% to 20.8%; total votes 611.", "general_mayor_winner": "Mamdani", "general_public_advocate": "JUMAANE D. WILLIAMS beat GONZALO DURAN, 506 to 59, 88.2% to 10.3%; total votes 574.", "general_public_advocate_winner": "Williams", "general_comptroller": "MARK D. LEVINE beat PETER KEFALAS, 487 to 48, 87.4% to 8.6%; total votes 557.", "general_comptroller_winner": "Levine", "question_1": "Disapprove beat Approve, 312 to 236, 56.9% to 43.1%; total votes 548.", "question_1_winner": "No-disapprove!", "question_2": "Approve beat Disapprove, 355 to 202, 63.7% to 36.3%; total votes 557.", "question_2_winner": "Yes-approve!", "question_3": "Approve beat Disapprove, 312 to 236, 56.9% to 43.1%; total votes 548.", "question_3_winner": "Yes-approve!", "question_4": "Approve beat Disapprove, 338 to 216, 61.0% to 39.0%; total votes 554.", "question_4_winner": "Yes-approve!", "question_5": "Approve beat Disapprove, 438 to 106, 80.5% to 19.5%; total votes 544.", "question_5_winner": "Yes-approve!", "question_6": "Disapprove beat Approve, 299 to 254, 54.1% to 45.9%; total votes 553.", "question_6_winner": "No-disapprove!", "dem_primary_mayor": "Zohran Kwame Mamdani beat Andrew M. Cuomo, 232 to 60, 62.5% to 16.2%; total votes 371.", "dem_primary_mayor_winner": "Mamdani", "dem_primary_public_advocate": "Jumaane D. Williams beat Jenifer Rajkumar, 304 to 28, 86.4% to 8.0%; total votes 352.", "dem_primary_public_advocate_winner": "Williams", "dem_primary_comptroller": "Mark D. Levine beat Justin Brannan, 186 to 116, 54.4% to 33.9%; total votes 342.", "dem_primary_comptroller_winner": "Levine", "popup_summary": "Mayor: ZOHRAN KWAME MAMDANI beat ANDREW M. CUOMO, 464 to 127, 75.9% to 20.8%; total votes 611. | Public Advocate: JUMAANE D. WILLIAMS beat GONZALO DURAN, 506 to 59, 88.2% to 10.3%; total votes 574. | City Comptroller: MARK D. LEVINE beat PETER KEFALAS, 487 to 48, 87.4% to 8.6%; total votes 557. | Question 1: Disapprove beat Approve, 312 to 236, 56.9% to 43.1%; total votes 548. | Question 2: Approve beat Disapprove, 355 to 202, 63.7% to 36.3%; total votes 557. | Question 3: Approve beat Disapprove, 312 to 236, 56.9% to 43.1%; total votes 548. | Question 4: Approve beat Disapprove, 338 to 216, 61.0% to 39.0%; total votes 554. | Question 5: Approve beat Disapprove, 438 to 106, 80.5% to 19.5%; total votes 544. | Question 6: Disapprove beat Approve, 299 to 254, 54.1% to 45.9%; total votes 553. | Dem Primary Mayor: Zohran Kwame Mamdani beat Andrew M. Cuomo, 232 to 60, 62.5% to 16.2%; total votes 371. | Dem Primary Public Advocate: Jumaane D. Williams beat Jenifer Rajkumar, 304 to 28, 86.4% to 8.0%; total votes 352. | Dem Primary Comptroller: Mark D. Levine beat Justin Brannan, 186 to 116, 54.4% to 33.9%; total votes 342.", "mayor_margin": 55.1, "q2_yes": 63.7, "q3_yes": 56.9, "q4_yes": 61.0}, "geometry": {"type": "MultiPolygon", "coordinates": [[[[-73.9184146, 40.8675839], [-73.9192143, 40.8672749], [-73.9206117, 40.8667596], [-73.9212131, 40.8676928], [-73.9217261, 40.8684967], [-73.9221415, 40.8691478], [-73.9220335, 40.8691904], [-73.9219278, 40.8692362], [-73.9218246, 40.8692852], [-73.921724, 40.8693372], [-73.9216262, 40.8693922], [-73.9215314, 40.8694501], [-73.9208966, 40.869877], [-73.9203196, 40.8690001], [-73.9199907, 40.8691741], [-73.9199095, 40.8691691], [-73.9198288, 40.8691614], [-73.9197486, 40.8691511], [-73.919669, 40.8691381], [-73.9193134, 40.8686185], [-73.919113, 40.8683117], [-73.919754, 40.8681144], [-73.9184146, 40.8675839]]]]}}, {"type": "Feature", "properties": {"felt:feature": 38, "ed_label": "AD 72 ED 009", "elect_dist": "72009", "borough": "Manhattan", "community_board": 12, "community_board_label": "Manhattan CB12", "popup_title": "Manhattan CB12 \u2014 AD 72 ED 009", "general_mayor": "ZOHRAN KWAME MAMDANI beat ANDREW M. CUOMO, 613 to 161, 74.9% to 19.7%; total votes 818.", "general_mayor_winner": "Mamdani", "general_public_advocate": "JUMAANE D. WILLIAMS beat GONZALO DURAN, 676 to 72, 88.9% to 9.5%; total votes 760.", "general_public_advocate_winner": "Williams", "general_comptroller": "MARK D. LEVINE beat PETER KEFALAS, 657 to 72, 89.0% to 9.8%; total votes 738.", "general_comptroller_winner": "Levine", "question_1": "Disapprove beat Approve, 368 to 348, 51.4% to 48.6%; total votes 716.", "question_1_winner": "No-disapprove!", "question_2": "Approve beat Disapprove, 413 to 317, 56.6% to 43.4%; total votes 730.", "question_2_winner": "Yes-approve!", "question_3": "Approve beat Disapprove, 364 to 357, 50.5% to 49.5%; total votes 721.", "question_3_winner": "Yes-approve!", "question_4": "Approve beat Disapprove, 414 to 309, 57.3% to 42.7%; total votes 723.", "question_4_winner": "Yes-approve!", "question_5": "Approve beat Disapprove, 594 to 123, 82.8% to 17.2%; total votes 717.", "question_5_winner": "Yes-approve!", "question_6": "Disapprove beat Approve, 389 to 333, 53.9% to 46.1%; total votes 722.", "question_6_winner": "No-disapprove!", "dem_primary_mayor": "Zohran Kwame Mamdani beat Andrew M. Cuomo, 327 to 86, 62.0% to 16.3%; total votes 527.", "dem_primary_mayor_winner": "Mamdani", "dem_primary_public_advocate": "Jumaane D. Williams beat Jenifer Rajkumar, 377 to 72, 78.4% to 15.0%; total votes 481.", "dem_primary_public_advocate_winner": "Williams", "dem_primary_comptroller": "Mark D. Levine beat Justin Brannan, 278 to 140, 57.9% to 29.2%; total votes 480.", "dem_primary_comptroller_winner": "Levine", "popup_summary": "Mayor: ZOHRAN KWAME MAMDANI beat ANDREW M. CUOMO, 613 to 161, 74.9% to 19.7%; total votes 818. | Public Advocate: JUMAANE D. WILLIAMS beat GONZALO DURAN, 676 to 72, 88.9% to 9.5%; total votes 760. | City Comptroller: MARK D. LEVINE beat PETER KEFALAS, 657 to 72, 89.0% to 9.8%; total votes 738. | Question 1: Disapprove beat Approve, 368 to 348, 51.4% to 48.6%; total votes 716. | Question 2: Approve beat Disapprove, 413 to 317, 56.6% to 43.4%; total votes 730. | Question 3: Approve beat Disapprove, 364 to 357, 50.5% to 49.5%; total votes 721. | Question 4: Approve beat Disapprove, 414 to 309, 57.3% to 42.7%; total votes 723. | Question 5: Approve beat Disapprove, 594 to 123, 82.8% to 17.2%; total votes 717. | Question 6: Disapprove beat Approve, 389 to 333, 53.9% to 46.1%; total votes 722. | Dem Primary Mayor: Zohran Kwame Mamdani beat Andrew M. Cuomo, 327 to 86, 62.0% to 16.3%; total votes 527. | Dem Primary Public Advocate: Jumaane D. Williams beat Jenifer Rajkumar, 377 to 72, 78.4% to 15.0%; total votes 481. | Dem Primary Comptroller: Mark D. Levine beat Justin Brannan, 278 to 140, 57.9% to 29.2%; total votes 480.", "mayor_margin": 55.2, "q2_yes": 56.6, "q3_yes": 50.5, "q4_yes": 57.3}, "geometry": {"type": "MultiPolygon", "coordinates": [[[[-73.9212131, 40.8676928], [-73.9231099, 40.8670156], [-73.9236292, 40.8678153], [-73.9255148, 40.8671329], [-73.9259187, 40.8677692], [-73.9240377, 40.8684684], [-73.9234338, 40.8686861], [-73.9221415, 40.8691478], [-73.9217261, 40.8684967], [-73.9212131, 40.8676928]]]]}}, {"type": "Feature", "properties": {"felt:feature": 39, "ed_label": "AD 72 ED 010", "elect_dist": "72010", "borough": "Manhattan", "community_board": 12, "community_board_label": "Manhattan CB12", "popup_title": "Manhattan CB12 \u2014 AD 72 ED 010", "general_mayor": "ZOHRAN KWAME MAMDANI beat ANDREW M. CUOMO, 482 to 155, 72.5% to 23.3%; total votes 665.", "general_mayor_winner": "Mamdani", "general_public_advocate": "JUMAANE D. WILLIAMS beat GONZALO DURAN, 536 to 52, 90.5% to 8.8%; total votes 592.", "general_public_advocate_winner": "Williams", "general_comptroller": "MARK D. LEVINE beat PETER KEFALAS, 515 to 44, 88.6% to 7.6%; total votes 581.", "general_comptroller_winner": "Levine", "question_1": "Approve beat Disapprove, 293 to 288, 50.4% to 49.6%; total votes 581.", "question_1_winner": "Yes-approve!", "question_2": "Approve beat Disapprove, 358 to 221, 61.8% to 38.2%; total votes 579.", "question_2_winner": "Yes-approve!", "question_3": "Approve beat Disapprove, 316 to 260, 54.9% to 45.1%; total votes 576.", "question_3_winner": "Yes-approve!", "question_4": "Approve beat Disapprove, 337 to 234, 59.0% to 41.0%; total votes 571.", "question_4_winner": "Yes-approve!", "question_5": "Approve beat Disapprove, 478 to 98, 83.0% to 17.0%; total votes 576.", "question_5_winner": "Yes-approve!", "question_6": "Disapprove beat Approve, 323 to 253, 56.1% to 43.9%; total votes 576.", "question_6_winner": "No-disapprove!", "dem_primary_mayor": "Zohran Kwame Mamdani beat Andrew M. Cuomo, 232 to 108, 58.1% to 27.1%; total votes 399.", "dem_primary_mayor_winner": "Mamdani", "dem_primary_public_advocate": "Jumaane D. Williams beat Jenifer Rajkumar, 280 to 42, 80.2% to 12.0%; total votes 349.", "dem_primary_public_advocate_winner": "Williams", "dem_primary_comptroller": "Mark D. Levine beat Justin Brannan, 189 to 114, 52.5% to 31.7%; total votes 360.", "dem_primary_comptroller_winner": "Levine", "popup_summary": "Mayor: ZOHRAN KWAME MAMDANI beat ANDREW M. CUOMO, 482 to 155, 72.5% to 23.3%; total votes 665. | Public Advocate: JUMAANE D. WILLIAMS beat GONZALO DURAN, 536 to 52, 90.5% to 8.8%; total votes 592. | City Comptroller: MARK D. LEVINE beat PETER KEFALAS, 515 to 44, 88.6% to 7.6%; total votes 581. | Question 1: Approve beat Disapprove, 293 to 288, 50.4% to 49.6%; total votes 581. | Question 2: Approve beat Disapprove, 358 to 221, 61.8% to 38.2%; total votes 579. | Question 3: Approve beat Disapprove, 316 to 260, 54.9% to 45.1%; total votes 576. | Question 4: Approve beat Disapprove, 337 to 234, 59.0% to 41.0%; total votes 571. | Question 5: Approve beat Disapprove, 478 to 98, 83.0% to 17.0%; total votes 576. | Question 6: Disapprove beat Approve, 323 to 253, 56.1% to 43.9%; total votes 576. | Dem Primary Mayor: Zohran Kwame Mamdani beat Andrew M. Cuomo, 232 to 108, 58.1% to 27.1%; total votes 399. | Dem Primary Public Advocate: Jumaane D. Williams beat Jenifer Rajkumar, 280 to 42, 80.2% to 12.0%; total votes 349. | Dem Primary Comptroller: Mark D. Levine beat Justin Brannan, 189 to 114, 52.5% to 31.7%; total votes 360.", "mayor_margin": 49.2, "q2_yes": 61.8, "q3_yes": 54.9, "q4_yes": 59.0}, "geometry": {"type": "MultiPolygon", "coordinates": [[[[-73.9212131, 40.8676928], [-73.9206117, 40.8667596], [-73.9224976, 40.8660635], [-73.9243841, 40.8653655], [-73.9250042, 40.8663365], [-73.9255148, 40.8671329], [-73.9236292, 40.8678153], [-73.9231099, 40.8670156], [-73.9212131, 40.8676928]]]]}}, {"type": "Feature", "properties": {"felt:feature": 40, "ed_label": "AD 72 ED 011", "elect_dist": "72011", "borough": "Manhattan", "community_board": 12, "community_board_label": "Manhattan CB12", "popup_title": "Manhattan CB12 \u2014 AD 72 ED 011", "general_mayor": "ZOHRAN KWAME MAMDANI beat ANDREW M. CUOMO, 231 to 190, 52.5% to 43.2%; total votes 440.", "general_mayor_winner": "Mamdani", "general_public_advocate": "JUMAANE D. WILLIAMS beat GONZALO DURAN, 282 to 52, 82.5% to 15.2%; total votes 342.", "general_public_advocate_winner": "Williams", "general_comptroller": "MARK D. LEVINE beat PETER KEFALAS, 265 to 48, 80.5% to 14.6%; total votes 329.", "general_comptroller_winner": "Levine", "question_1": "Disapprove beat Approve, 141 to 136, 50.9% to 49.1%; total votes 277.", "question_1_winner": "No-disapprove!", "question_2": "Approve beat Disapprove, 214 to 83, 72.1% to 27.9%; total votes 297.", "question_2_winner": "Yes-approve!", "question_3": "Approve beat Disapprove, 170 to 106, 61.6% to 38.4%; total votes 276.", "question_3_winner": "Yes-approve!", "question_4": "Approve beat Disapprove, 203 to 81, 71.5% to 28.5%; total votes 284.", "question_4_winner": "Yes-approve!", "question_5": "Approve beat Disapprove, 217 to 55, 79.8% to 20.2%; total votes 272.", "question_5_winner": "Yes-approve!", "question_6": "Disapprove beat Approve, 142 to 135, 51.3% to 48.7%; total votes 277.", "question_6_winner": "No-disapprove!", "dem_primary_mayor": "Andrew M. Cuomo beat Zohran Kwame Mamdani, 136 to 110, 52.5% to 42.5%; total votes 259.", "dem_primary_mayor_winner": "Cuomo", "dem_primary_public_advocate": "Jumaane D. Williams beat Jenifer Rajkumar, 134 to 42, 67.3% to 21.1%; total votes 199.", "dem_primary_public_advocate_winner": "Williams", "dem_primary_comptroller": "Mark D. Levine beat Ismael Malave Perez, 112 to 43, 53.3% to 20.5%; total votes 210.", "dem_primary_comptroller_winner": "Levine", "popup_summary": "Mayor: ZOHRAN KWAME MAMDANI beat ANDREW M. CUOMO, 231 to 190, 52.5% to 43.2%; total votes 440. | Public Advocate: JUMAANE D. WILLIAMS beat GONZALO DURAN, 282 to 52, 82.5% to 15.2%; total votes 342. | City Comptroller: MARK D. LEVINE beat PETER KEFALAS, 265 to 48, 80.5% to 14.6%; total votes 329. | Question 1: Disapprove beat Approve, 141 to 136, 50.9% to 49.1%; total votes 277. | Question 2: Approve beat Disapprove, 214 to 83, 72.1% to 27.9%; total votes 297. | Question 3: Approve beat Disapprove, 170 to 106, 61.6% to 38.4%; total votes 276. | Question 4: Approve beat Disapprove, 203 to 81, 71.5% to 28.5%; total votes 284. | Question 5: Approve beat Disapprove, 217 to 55, 79.8% to 20.2%; total votes 272. | Question 6: Disapprove beat Approve, 142 to 135, 51.3% to 48.7%; total votes 277. | Dem Primary Mayor: Andrew M. Cuomo beat Zohran Kwame Mamdani, 136 to 110, 52.5% to 42.5%; total votes 259. | Dem Primary Public Advocate: Jumaane D. Williams beat Jenifer Rajkumar, 134 to 42, 67.3% to 21.1%; total votes 199. | Dem Primary Comptroller: Mark D. Levine beat Ismael Malave Perez, 112 to 43, 53.3% to 20.5%; total votes 210.", "mayor_margin": 9.3, "q2_yes": 72.1, "q3_yes": 61.6, "q4_yes": 71.5}, "geometry": {"type": "MultiPolygon", "coordinates": [[[[-73.9189423, 40.8644629], [-73.9194157, 40.8637938], [-73.9196055, 40.8635562], [-73.9200003, 40.8633824], [-73.920612, 40.8631139], [-73.9212499, 40.8641118], [-73.9218828, 40.8651001], [-73.9199959, 40.8657968], [-73.9193619, 40.8648093], [-73.9191348, 40.8645252], [-73.9189423, 40.8644629]]]]}}, {"type": "Feature", "properties": {"felt:feature": 41, "ed_label": "AD 72 ED 012", "elect_dist": "72012", "borough": "Manhattan", "community_board": 12, "community_board_label": "Manhattan CB12", "popup_title": "Manhattan CB12 \u2014 AD 72 ED 012", "general_mayor": "ZOHRAN KWAME MAMDANI beat ANDREW M. CUOMO, 225 to 194, 50.8% to 43.8%; total votes 443.", "general_mayor_winner": "Mamdani", "general_public_advocate": "JUMAANE D. WILLIAMS beat GONZALO DURAN, 288 to 57, 82.3% to 16.3%; total votes 350.", "general_public_advocate_winner": "Williams", "general_comptroller": "MARK D. LEVINE beat PETER KEFALAS, 282 to 48, 81.0% to 13.8%; total votes 348.", "general_comptroller_winner": "Levine", "question_1": "Disapprove beat Approve, 178 to 117, 60.3% to 39.7%; total votes 295.", "question_1_winner": "No-disapprove!", "question_2": "Approve beat Disapprove, 219 to 87, 71.6% to 28.4%; total votes 306.", "question_2_winner": "Yes-approve!", "question_3": "Approve beat Disapprove, 178 to 113, 61.2% to 38.8%; total votes 291.", "question_3_winner": "Yes-approve!", "question_4": "Approve beat Disapprove, 217 to 81, 72.8% to 27.2%; total votes 298.", "question_4_winner": "Yes-approve!", "question_5": "Approve beat Disapprove, 217 to 68, 76.1% to 23.9%; total votes 285.", "question_5_winner": "Yes-approve!", "question_6": "Disapprove beat Approve, 163 to 129, 55.8% to 44.2%; total votes 292.", "question_6_winner": "No-disapprove!", "dem_primary_mayor": "Andrew M. Cuomo beat Zohran Kwame Mamdani, 167 to 81, 63.5% to 30.8%; total votes 263.", "dem_primary_mayor_winner": "Cuomo", "dem_primary_public_advocate": "Jumaane D. Williams beat Jenifer Rajkumar, 131 to 41, 67.5% to 21.1%; total votes 194.", "dem_primary_public_advocate_winner": "Williams", "dem_primary_comptroller": "Mark D. Levine beat Ismael Malave Perez, 115 to 51, 56.1% to 24.9%; total votes 205.", "dem_primary_comptroller_winner": "Levine", "popup_summary": "Mayor: ZOHRAN KWAME MAMDANI beat ANDREW M. CUOMO, 225 to 194, 50.8% to 43.8%; total votes 443. | Public Advocate: JUMAANE D. WILLIAMS beat GONZALO DURAN, 288 to 57, 82.3% to 16.3%; total votes 350. | City Comptroller: MARK D. LEVINE beat PETER KEFALAS, 282 to 48, 81.0% to 13.8%; total votes 348. | Question 1: Disapprove beat Approve, 178 to 117, 60.3% to 39.7%; total votes 295. | Question 2: Approve beat Disapprove, 219 to 87, 71.6% to 28.4%; total votes 306. | Question 3: Approve beat Disapprove, 178 to 113, 61.2% to 38.8%; total votes 291. | Question 4: Approve beat Disapprove, 217 to 81, 72.8% to 27.2%; total votes 298. | Question 5: Approve beat Disapprove, 217 to 68, 76.1% to 23.9%; total votes 285. | Question 6: Disapprove beat Approve, 163 to 129, 55.8% to 44.2%; total votes 292. | Dem Primary Mayor: Andrew M. Cuomo beat Zohran Kwame Mamdani, 167 to 81, 63.5% to 30.8%; total votes 263. | Dem Primary Public Advocate: Jumaane D. Williams beat Jenifer Rajkumar, 131 to 41, 67.5% to 21.1%; total votes 194. | Dem Primary Comptroller: Mark D. Levine beat Ismael Malave Perez, 115 to 51, 56.1% to 24.9%; total votes 205.", "mayor_margin": 7.0, "q2_yes": 71.6, "q3_yes": 61.2, "q4_yes": 72.8}, "geometry": {"type": "MultiPolygon", "coordinates": [[[[-73.9199959, 40.8657968], [-73.9218828, 40.8651001], [-73.922298, 40.8652673], [-73.9225034, 40.8651915], [-73.9226502, 40.8654218], [-73.9236265, 40.8650616], [-73.9237114, 40.8651947], [-73.9238695, 40.8651364], [-73.9239534, 40.8652687], [-73.9243841, 40.8653655], [-73.9224976, 40.8660635], [-73.9206117, 40.8667596], [-73.9199959, 40.8657968]]]]}}, {"type": "Feature", "properties": {"felt:feature": 42, "ed_label": "AD 72 ED 013", "elect_dist": "72013", "borough": "Manhattan", "community_board": 12, "community_board_label": "Manhattan CB12", "popup_title": "Manhattan CB12 \u2014 AD 72 ED 013", "general_mayor": "ZOHRAN KWAME MAMDANI beat ANDREW M. CUOMO, 207 to 196, 49.4% to 46.8%; total votes 419.", "general_mayor_winner": "Mamdani", "general_public_advocate": "JUMAANE D. WILLIAMS beat GONZALO DURAN, 281 to 53, 83.4% to 15.7%; total votes 337.", "general_public_advocate_winner": "Williams", "general_comptroller": "MARK D. LEVINE beat PETER KEFALAS, 274 to 32, 85.4% to 10.0%; total votes 321.", "general_comptroller_winner": "Levine", "question_1": "Disapprove beat Approve, 151 to 140, 51.9% to 48.1%; total votes 291.", "question_1_winner": "No-disapprove!", "question_2": "Approve beat Disapprove, 242 to 60, 80.1% to 19.9%; total votes 302.", "question_2_winner": "Yes-approve!", "question_3": "Approve beat Disapprove, 199 to 89, 69.1% to 30.9%; total votes 288.", "question_3_winner": "Yes-approve!", "question_4": "Approve beat Disapprove, 221 to 68, 76.5% to 23.5%; total votes 289.", "question_4_winner": "Yes-approve!", "question_5": "Approve beat Disapprove, 211 to 71, 74.8% to 25.2%; total votes 282.", "question_5_winner": "Yes-approve!", "question_6": "Approve beat Disapprove, 157 to 128, 55.1% to 44.9%; total votes 285.", "question_6_winner": "Yes-approve!", "dem_primary_mayor": "Andrew M. Cuomo beat Zohran Kwame Mamdani, 138 to 60, 62.7% to 27.3%; total votes 220.", "dem_primary_mayor_winner": "Cuomo", "dem_primary_public_advocate": "Jumaane D. Williams beat Jenifer Rajkumar, 111 to 30, 70.7% to 19.1%; total votes 157.", "dem_primary_public_advocate_winner": "Williams", "dem_primary_comptroller": "Mark D. Levine beat Ismael Malave Perez, 105 to 34, 63.6% to 20.6%; total votes 165.", "dem_primary_comptroller_winner": "Levine", "popup_summary": "Mayor: ZOHRAN KWAME MAMDANI beat ANDREW M. CUOMO, 207 to 196, 49.4% to 46.8%; total votes 419. | Public Advocate: JUMAANE D. WILLIAMS beat GONZALO DURAN, 281 to 53, 83.4% to 15.7%; total votes 337. | City Comptroller: MARK D. LEVINE beat PETER KEFALAS, 274 to 32, 85.4% to 10.0%; total votes 321. | Question 1: Disapprove beat Approve, 151 to 140, 51.9% to 48.1%; total votes 291. | Question 2: Approve beat Disapprove, 242 to 60, 80.1% to 19.9%; total votes 302. | Question 3: Approve beat Disapprove, 199 to 89, 69.1% to 30.9%; total votes 288. | Question 4: Approve beat Disapprove, 221 to 68, 76.5% to 23.5%; total votes 289. | Question 5: Approve beat Disapprove, 211 to 71, 74.8% to 25.2%; total votes 282. | Question 6: Approve beat Disapprove, 157 to 128, 55.1% to 44.9%; total votes 285. | Dem Primary Mayor: Andrew M. Cuomo beat Zohran Kwame Mamdani, 138 to 60, 62.7% to 27.3%; total votes 220. | Dem Primary Public Advocate: Jumaane D. Williams beat Jenifer Rajkumar, 111 to 30, 70.7% to 19.1%; total votes 157. | Dem Primary Comptroller: Mark D. Levine beat Ismael Malave Perez, 105 to 34, 63.6% to 20.6%; total votes 165.", "mayor_margin": 2.6, "q2_yes": 80.1, "q3_yes": 69.1, "q4_yes": 76.5}, "geometry": {"type": "MultiPolygon", "coordinates": [[[[-73.9223446, 40.8556823], [-73.9223422, 40.8556855], [-73.9223364, 40.855693], [-73.9223297, 40.8557016], [-73.9223289, 40.8557027], [-73.9223279, 40.855704], [-73.9221957, 40.855875], [-73.9221787, 40.855897], [-73.9221812, 40.8559], [-73.922183, 40.8559032], [-73.922184, 40.8559066], [-73.9221844, 40.8559101], [-73.922184, 40.8559136], [-73.9221829, 40.855917], [-73.9221811, 40.8559202], [-73.9221787, 40.8559232], [-73.9221757, 40.8559259], [-73.9221721, 40.8559281], [-73.9221682, 40.8559299], [-73.9221639, 40.8559312], [-73.9221594, 40.855932], [-73.9221547, 40.8559322], [-73.9221501, 40.8559318], [-73.9220634, 40.8560539], [-73.922077, 40.8560591], [-73.921952, 40.856237], [-73.9218732, 40.8563497], [-73.9218876, 40.8563551], [-73.9218175, 40.8564542], [-73.9218355, 40.8564621], [-73.9217651, 40.8565659], [-73.9217702, 40.8565679], [-73.9216984, 40.8566723], [-73.9215189, 40.8566012], [-73.9215908, 40.8564967], [-73.921597, 40.8564991], [-73.9216718, 40.856394], [-73.9216897, 40.8564006], [-73.9217597, 40.8563047], [-73.9218233, 40.8563291], [-73.9220296, 40.8560401], [-73.9220417, 40.8560451], [-73.9221291, 40.8559226], [-73.922127, 40.8559194], [-73.9221256, 40.855916], [-73.922125, 40.8559124], [-73.9221251, 40.8559088], [-73.9221259, 40.8559053], [-73.9221275, 40.8559019], [-73.9221297, 40.8558988], [-73.9221326, 40.8558959], [-73.922136, 40.8558935], [-73.9221399, 40.8558915], [-73.9221442, 40.85589], [-73.9221487, 40.855889], [-73.9221534, 40.8558886], [-73.9221581, 40.8558888], [-73.9221851, 40.8558474], [-73.922219, 40.8557955], [-73.9222356, 40.8557712], [-73.9222593, 40.8557256], [-73.9222722, 40.8557009], [-73.9222811, 40.8556869], [-73.9222883, 40.8556757], [-73.9222884, 40.8556756], [-73.9222961, 40.8556638], [-73.9223446, 40.8556823]]], [[[-73.9223446, 40.8556823], [-73.922622, 40.8557809], [-73.9228792, 40.8558773], [-73.9229227, 40.8558834], [-73.9228913, 40.8560436], [-73.9228662, 40.8562045], [-73.9228473, 40.8563658], [-73.9228347, 40.8565275], [-73.9228284, 40.8566894], [-73.9228285, 40.8568514], [-73.9229545, 40.8588508], [-73.9229585, 40.8589139], [-73.922937, 40.8589437], [-73.9228648, 40.8590464], [-73.9225247, 40.8595185], [-73.9222817, 40.8598571], [-73.9222283, 40.8599316], [-73.9221665, 40.8600177], [-73.922109, 40.8600979], [-73.9221673, 40.8602723], [-73.9223663, 40.8603585], [-73.9224961, 40.8610261], [-73.9233825, 40.8616773], [-73.9236178, 40.8620033], [-73.9232151, 40.8621501], [-73.9230695, 40.8622032], [-73.922946, 40.8622482], [-73.9227723, 40.8623115], [-73.9224942, 40.8624129], [-73.9220699, 40.8625707], [-73.920612, 40.8631139], [-73.9200003, 40.8633824], [-73.9196055, 40.8635562], [-73.9194157, 40.8637938], [-73.9189423, 40.8644629], [-73.9170635, 40.8636906], [-73.9163545, 40.8633901], [-73.9154497, 40.8630065], [-73.9154997, 40.8629381], [-73.9155202, 40.8629101], [-73.9155658, 40.8629311], [-73.915576, 40.8629161], [-73.915563, 40.8629093], [-73.9155799, 40.862896], [-73.9155889, 40.8629011], [-73.9155996, 40.8628922], [-73.915594, 40.8628892], [-73.9156036, 40.8628798], [-73.9156183, 40.8628789], [-73.915672, 40.8629024], [-73.915682, 40.8628939], [-73.9156932, 40.8628798], [-73.9157191, 40.8628529], [-73.9157801, 40.8627892], [-73.9158187, 40.8627513], [-73.9158388, 40.8627314], [-73.9158577, 40.8627149], [-73.9158645, 40.862709], [-73.9158696, 40.8627045], [-73.9159336, 40.8626485], [-73.9159519, 40.8626315], [-73.9159526, 40.8626308], [-73.9161052, 40.8624881], [-73.9161694, 40.8624413], [-73.9162048, 40.8624213], [-73.9162252, 40.8624054], [-73.9162764, 40.8623656], [-73.9163918, 40.8622757], [-73.9164002, 40.8622691], [-73.9164261, 40.862249], [-73.916492, 40.8621976], [-73.9165251, 40.8621805], [-73.9165344, 40.8621757], [-73.9165689, 40.8621579], [-73.9165964, 40.8621464], [-73.9166019, 40.862142], [-73.9166172, 40.8621297], [-73.9166382, 40.8621129], [-73.916647, 40.8621059], [-73.9166617, 40.8620936], [-73.9167248, 40.8620413], [-73.9167321, 40.8620347], [-73.9167469, 40.8620213], [-73.9167543, 40.8620146], [-73.9167615, 40.8620081], [-73.9167811, 40.8619904], [-73.9167858, 40.8619862], [-73.9167953, 40.8619776], [-73.916851, 40.8619636], [-73.9168789, 40.8619536], [-73.9169204, 40.8619317], [-73.9170914, 40.8618603], [-73.9171528, 40.8618108], [-73.9172306, 40.8617365], [-73.9172703, 40.8616947], [-73.9172947, 40.8616794], [-73.9173428, 40.8616173], [-73.9173784, 40.861571], [-73.9174081, 40.8615327], [-73.9174099, 40.8614864], [-73.9174602, 40.8614295], [-73.9174806, 40.8613986], [-73.917504, 40.8613633], [-73.9175156, 40.8613499], [-73.9175329, 40.8613357], [-73.9175475, 40.8613231], [-73.9175641, 40.8613068], [-73.9175718, 40.8612921], [-73.9175926, 40.8612764], [-73.9176141, 40.8612611], [-73.9176564, 40.8612212], [-73.9176883, 40.8611928], [-73.9177292, 40.861145], [-73.9177853, 40.8610935], [-73.9178082, 40.8610636], [-73.917827, 40.8610428], [-73.9178222, 40.8610244], [-73.9178355, 40.8609969], [-73.9178247, 40.8609804], [-73.9178214, 40.8609489], [-73.917841, 40.8609314], [-73.9178612, 40.8609007], [-73.9178654, 40.8608845], [-73.9178771, 40.8608838], [-73.9178821, 40.8608737], [-73.9179047, 40.8608499], [-73.9179021, 40.8608396], [-73.9179219, 40.8608254], [-73.9179223, 40.860814], [-73.9178839, 40.8608022], [-73.9179283, 40.8607499], [-73.9179506, 40.860732], [-73.9180522, 40.8606211], [-73.9182626, 40.8604048], [-73.9184344, 40.8602215], [-73.9183607, 40.8601958], [-73.9183765, 40.8601701], [-73.9183874, 40.8601353], [-73.918399, 40.8600962], [-73.9183931, 40.8600805], [-73.9184107, 40.8600487], [-73.9184283, 40.8600569], [-73.918431, 40.8600456], [-73.9184351, 40.8600179], [-73.9184513, 40.8599912], [-73.9184676, 40.8599923], [-73.9184919, 40.8599708], [-73.9185, 40.8599502], [-73.9185285, 40.8599185], [-73.9185595, 40.8599072], [-73.9185879, 40.8598939], [-73.9186109, 40.8598631], [-73.9186042, 40.8598354], [-73.9186097, 40.8598118], [-73.9186205, 40.8597821], [-73.9186422, 40.8597677], [-73.9186665, 40.859739], [-73.9186787, 40.8597482], [-73.9186949, 40.8597349], [-73.9186935, 40.8597288], [-73.918703, 40.8597165], [-73.9186868, 40.8597052], [-73.9187384, 40.8596483], [-73.9187208, 40.8596422], [-73.9188014, 40.8595581], [-73.918778, 40.8595468], [-73.9188858, 40.8594392], [-73.9189034, 40.859418], [-73.9190035, 40.8593135], [-73.9191361, 40.859173], [-73.9192322, 40.8590766], [-73.9193377, 40.8589638], [-73.9194013, 40.8588992], [-73.9194385, 40.8588554], [-73.919481, 40.8588139], [-73.9195021, 40.8587911], [-73.9195234, 40.8587836], [-73.9195456, 40.8587916], [-73.9195463, 40.8587986], [-73.9198077, 40.8589108], [-73.9200835, 40.8590246], [-73.9202757, 40.8591014], [-73.9202665, 40.8591103], [-73.920345, 40.8591433], [-73.9203981, 40.8591615], [-73.920413, 40.8591466], [-73.9204347, 40.8591209], [-73.9204447, 40.8591245], [-73.9204613, 40.8591033], [-73.9203255, 40.8590435], [-73.9202696, 40.8590187], [-73.9202423, 40.8590111], [-73.9202083, 40.8589959], [-73.9201983, 40.8589873], [-73.9200965, 40.8589452], [-73.9200692, 40.8589386], [-73.9199567, 40.8588864], [-73.9199353, 40.8588809], [-73.9199087, 40.8588672], [-73.9198468, 40.8588439], [-73.9197722, 40.8588019], [-73.9197742, 40.8587948], [-73.9198415, 40.8588272], [-73.9199154, 40.8588586], [-73.919962, 40.8588784], [-73.9200732, 40.8589263], [-73.9204787, 40.8591041], [-73.9204309, 40.859155], [-73.9204406, 40.859161], [-73.9204335, 40.8591724], [-73.9205091, 40.8592051], [-73.9205082, 40.8592125], [-73.9206198, 40.8592592], [-73.9206532, 40.8592633], [-73.9206707, 40.85929], [-73.9206979, 40.859324], [-73.9206935, 40.8593514], [-73.9207479, 40.8593982], [-73.9208155, 40.859523], [-73.9208248, 40.8595376], [-73.9209664, 40.8597594], [-73.9210717, 40.8599363], [-73.9212025, 40.8600986], [-73.9212709, 40.860188], [-73.9213219, 40.8602141], [-73.9213403, 40.8602168], [-73.9213456, 40.8602128], [-73.9213641, 40.8602115], [-73.921394, 40.8601908], [-73.9214309, 40.8601748], [-73.9214591, 40.8601628], [-73.9215162, 40.8601308], [-73.9215162, 40.8601235], [-73.9215427, 40.8600988], [-73.9215567, 40.8600995], [-73.9215901, 40.8600728], [-73.9216334, 40.859964], [-73.9216607, 40.8598907], [-73.921688, 40.8598399], [-73.9217065, 40.8597652], [-73.921718, 40.8597118], [-73.9217014, 40.8596938], [-73.9217102, 40.8596724], [-73.9217365, 40.8596725], [-73.9217383, 40.8596471], [-73.9217225, 40.8596337], [-73.9217041, 40.8596311], [-73.9216865, 40.8596357], [-73.9216971, 40.8596117], [-73.9216812, 40.859609], [-73.9216646, 40.8595923], [-73.9216707, 40.859581], [-73.921669, 40.8595723], [-73.9216479, 40.8595709], [-73.9216488, 40.8595509], [-73.9216901, 40.8595476], [-73.9217305, 40.8595557], [-73.92172, 40.8595677], [-73.9217543, 40.859569], [-73.9217402, 40.8595797], [-73.9217586, 40.859579], [-73.9217692, 40.859559], [-73.9218035, 40.859559], [-73.9218035, 40.8595477], [-73.9218167, 40.8595424], [-73.9218158, 40.8595604], [-73.9218334, 40.8595551], [-73.921836, 40.8595404], [-73.9218396, 40.8595217], [-73.9218264, 40.8595083], [-73.9218009, 40.859495], [-73.9217842, 40.859497], [-73.9217842, 40.8594796], [-73.9217895, 40.8594756], [-73.9217913, 40.8594669], [-73.9217834, 40.8594603], [-73.9217781, 40.8594369], [-73.9217553, 40.8594109], [-73.9217448, 40.8594115], [-73.9217281, 40.8593948], [-73.9217386, 40.8593915], [-73.9217422, 40.8593781], [-73.9217808, 40.8593762], [-73.9218011, 40.8593835], [-73.9218142, 40.8593949], [-73.9218459, 40.8593829], [-73.9218274, 40.8593715], [-73.9217932, 40.8593528], [-73.9218064, 40.8593288], [-73.9218363, 40.8593235], [-73.9218416, 40.8593001], [-73.9218565, 40.8592908], [-73.9218557, 40.8592708], [-73.9218636, 40.8592407], [-73.9218716, 40.8592], [-73.9218663, 40.8591813], [-73.9218488, 40.8591626], [-73.9218101, 40.8591413], [-73.9218286, 40.8591286], [-73.9218181, 40.8591152], [-73.9217952, 40.8591039], [-73.9217539, 40.8590938], [-73.9217135, 40.8590965], [-73.9217003, 40.8590838], [-73.9216836, 40.8590744], [-73.9216713, 40.8590671], [-73.9216564, 40.8590757], [-73.9216414, 40.8590684], [-73.921623, 40.8590557], [-73.9215764, 40.859055], [-73.9215632, 40.8590383], [-73.9215369, 40.8590283], [-73.9215167, 40.8590116], [-73.9214965, 40.8590056], [-73.9214824, 40.8589969], [-73.9214569, 40.8589802], [-73.9214367, 40.8589648], [-73.9214148, 40.8589521], [-73.9214069, 40.8589394], [-73.9213955, 40.8589401], [-73.9213849, 40.8589321], [-73.9213621, 40.8589194], [-73.921341, 40.8589127], [-73.9213225, 40.8589073], [-73.9213067, 40.8588993], [-73.9212962, 40.85888], [-73.9213138, 40.8588753], [-73.9213454, 40.8588853], [-73.92137, 40.8588967], [-73.9213885, 40.8588967], [-73.92137, 40.8588787], [-73.9213331, 40.8588666], [-73.9213094, 40.8588639], [-73.9212778, 40.8588693], [-73.9212558, 40.8588466], [-73.9212391, 40.8588145], [-73.9212392, 40.8587938], [-73.9212497, 40.8587845], [-73.921255, 40.8587631], [-73.9212638, 40.8587371], [-73.9212568, 40.8587151], [-73.9212393, 40.8586937], [-73.9212103, 40.858689], [-73.9211883, 40.8586663], [-73.9211725, 40.8586456], [-73.921133, 40.8586389], [-73.921104, 40.8586162], [-73.9211093, 40.8585975], [-73.9211207, 40.8585882], [-73.9211032, 40.8585722], [-73.9210891, 40.8585668], [-73.9210856, 40.8585561], [-73.9210716, 40.8585534], [-73.9211024, 40.8585128], [-73.9211138, 40.8584727], [-73.9211218, 40.8584454], [-73.9210919, 40.8584413], [-73.9210822, 40.8584327], [-73.9210682, 40.8584173], [-73.9210656, 40.8583973], [-73.9210586, 40.8583746], [-73.9210736, 40.8583452], [-73.9210789, 40.8583299], [-73.9210586, 40.8583172], [-73.9210789, 40.8583118], [-73.9210877, 40.8582998], [-73.921064, 40.8582938], [-73.9209971, 40.8583038], [-73.9209875, 40.8582898], [-73.9209417, 40.8582844], [-73.9209295, 40.858255], [-73.9209146, 40.858219], [-73.9209387, 40.8581207], [-73.921144, 40.8575512], [-73.9212232, 40.8575223], [-73.9213048, 40.8574207], [-73.9213638, 40.8574], [-73.9214017, 40.8573896], [-73.9214596, 40.8573673], [-73.9215197, 40.8573489], [-73.9215555, 40.8573218], [-73.921584, 40.8572898], [-73.9215924, 40.8572634], [-73.9215861, 40.8572322], [-73.9215799, 40.8572114], [-73.9215585, 40.8571527], [-73.9215586, 40.8570888], [-73.9215916, 40.8570652], [-73.9216179, 40.8570548], [-73.9216464, 40.8570436], [-73.9216632, 40.8570356], [-73.9217033, 40.8570213], [-73.9217443, 40.8570133], [-73.9218012, 40.8569989], [-73.921837, 40.8569926], [-73.9218633, 40.8569918], [-73.9218865, 40.8569846], [-73.9219002, 40.856975], [-73.9219181, 40.8569543], [-73.9219413, 40.8569343], [-73.9219698, 40.8569111], [-73.9220449, 40.8568542], [-73.9220746, 40.8567795], [-73.9221575, 40.8567662], [-73.9221687, 40.8567384], [-73.9221464, 40.8567263], [-73.9221098, 40.8567203], [-73.9221671, 40.8566635], [-73.9222197, 40.8566418], [-73.9222468, 40.856614], [-73.922293, 40.8566273], [-73.9223328, 40.856608], [-73.922377, 40.8565836], [-73.9223714, 40.8562803], [-73.9223447, 40.8562531], [-73.9223747, 40.8562151], [-73.9223758, 40.8559783], [-73.9223446, 40.8556823]]]]}}, {"type": "Feature", "properties": {"felt:feature": 43, "ed_label": "AD 72 ED 014", "elect_dist": "72014", "borough": "Manhattan", "community_board": 12, "community_board_label": "Manhattan CB12", "popup_title": "Manhattan CB12 \u2014 AD 72 ED 014", "general_mayor": "ZOHRAN KWAME MAMDANI beat ANDREW M. CUOMO, 311 to 154, 64.1% to 31.8%; total votes 485.", "general_mayor_winner": "Mamdani", "general_public_advocate": "JUMAANE D. WILLIAMS beat GONZALO DURAN, 340 to 50, 85.9% to 12.6%; total votes 396.", "general_public_advocate_winner": "Williams", "general_comptroller": "MARK D. LEVINE beat PETER KEFALAS, 324 to 40, 84.8% to 10.5%; total votes 382.", "general_comptroller_winner": "Levine", "question_1": "Disapprove beat Approve, 204 to 172, 54.3% to 45.7%; total votes 376.", "question_1_winner": "No-disapprove!", "question_2": "Approve beat Disapprove, 281 to 112, 71.5% to 28.5%; total votes 393.", "question_2_winner": "Yes-approve!", "question_3": "Approve beat Disapprove, 250 to 127, 66.3% to 33.7%; total votes 377.", "question_3_winner": "Yes-approve!", "question_4": "Approve beat Disapprove, 268 to 118, 69.4% to 30.6%; total votes 386.", "question_4_winner": "Yes-approve!", "question_5": "Approve beat Disapprove, 300 to 76, 79.8% to 20.2%; total votes 376.", "question_5_winner": "Yes-approve!", "question_6": "Disapprove beat Approve, 191 to 189, 50.3% to 49.7%; total votes 380.", "question_6_winner": "No-disapprove!", "dem_primary_mayor": "Zohran Kwame Mamdani beat Andrew M. Cuomo, 134 to 111, 50.8% to 42.0%; total votes 264.", "dem_primary_mayor_winner": "Mamdani", "dem_primary_public_advocate": "Jumaane D. Williams beat Jenifer Rajkumar, 161 to 28, 75.9% to 13.2%; total votes 212.", "dem_primary_public_advocate_winner": "Williams", "dem_primary_comptroller": "Mark D. Levine beat Justin Brannan, 110 to 72, 50.0% to 32.7%; total votes 220.", "dem_primary_comptroller_winner": "Levine", "popup_summary": "Mayor: ZOHRAN KWAME MAMDANI beat ANDREW M. CUOMO, 311 to 154, 64.1% to 31.8%; total votes 485. | Public Advocate: JUMAANE D. WILLIAMS beat GONZALO DURAN, 340 to 50, 85.9% to 12.6%; total votes 396. | City Comptroller: MARK D. LEVINE beat PETER KEFALAS, 324 to 40, 84.8% to 10.5%; total votes 382. | Question 1: Disapprove beat Approve, 204 to 172, 54.3% to 45.7%; total votes 376. | Question 2: Approve beat Disapprove, 281 to 112, 71.5% to 28.5%; total votes 393. | Question 3: Approve beat Disapprove, 250 to 127, 66.3% to 33.7%; total votes 377. | Question 4: Approve beat Disapprove, 268 to 118, 69.4% to 30.6%; total votes 386. | Question 5: Approve beat Disapprove, 300 to 76, 79.8% to 20.2%; total votes 376. | Question 6: Disapprove beat Approve, 191 to 189, 50.3% to 49.7%; total votes 380. | Dem Primary Mayor: Zohran Kwame Mamdani beat Andrew M. Cuomo, 134 to 111, 50.8% to 42.0%; total votes 264. | Dem Primary Public Advocate: Jumaane D. Williams beat Jenifer Rajkumar, 161 to 28, 75.9% to 13.2%; total votes 212. | Dem Primary Comptroller: Mark D. Levine beat Justin Brannan, 110 to 72, 50.0% to 32.7%; total votes 220.", "mayor_margin": 32.3, "q2_yes": 71.5, "q3_yes": 66.3, "q4_yes": 69.4}, "geometry": {"type": "MultiPolygon", "coordinates": [[[[-73.9243841, 40.8653655], [-73.9239534, 40.8652687], [-73.9238695, 40.8651364], [-73.9237114, 40.8651947], [-73.9236265, 40.8650616], [-73.9226502, 40.8654218], [-73.9225034, 40.8651915], [-73.922298, 40.8652673], [-73.9218828, 40.8651001], [-73.9237672, 40.8644036], [-73.9260109, 40.8635737], [-73.9266195, 40.8645243], [-73.9269104, 40.8649767], [-73.9272692, 40.8655346], [-73.9258729, 40.8660254], [-73.9250042, 40.8663365], [-73.9243841, 40.8653655]]]]}}, {"type": "Feature", "properties": {"felt:feature": 44, "ed_label": "AD 72 ED 015", "elect_dist": "72015", "borough": "Manhattan", "community_board": 12, "community_board_label": "Manhattan CB12", "popup_title": "Manhattan CB12 \u2014 AD 72 ED 015", "general_mayor": "ZOHRAN KWAME MAMDANI beat ANDREW M. CUOMO, 312 to 200, 57.4% to 36.8%; total votes 544.", "general_mayor_winner": "Mamdani", "general_public_advocate": "JUMAANE D. WILLIAMS beat GONZALO DURAN, 367 to 66, 83.6% to 15.0%; total votes 439.", "general_public_advocate_winner": "Williams", "general_comptroller": "MARK D. LEVINE beat PETER KEFALAS, 368 to 60, 82.9% to 13.5%; total votes 444.", "general_comptroller_winner": "Levine", "question_1": "Disapprove beat Approve, 221 to 163, 57.6% to 42.4%; total votes 384.", "question_1_winner": "No-disapprove!", "question_2": "Approve beat Disapprove, 295 to 109, 73.0% to 27.0%; total votes 404.", "question_2_winner": "Yes-approve!", "question_3": "Approve beat Disapprove, 243 to 136, 64.1% to 35.9%; total votes 379.", "question_3_winner": "Yes-approve!", "question_4": "Approve beat Disapprove, 285 to 106, 72.9% to 27.1%; total votes 391.", "question_4_winner": "Yes-approve!", "question_5": "Approve beat Disapprove, 299 to 79, 79.1% to 20.9%; total votes 378.", "question_5_winner": "Yes-approve!", "question_6": "Approve beat Disapprove, 215 to 171, 55.7% to 44.3%; total votes 386.", "question_6_winner": "Yes-approve!", "dem_primary_mayor": "Andrew M. Cuomo beat Zohran Kwame Mamdani, 164 to 137, 50.5% to 42.2%; total votes 325.", "dem_primary_mayor_winner": "Cuomo", "dem_primary_public_advocate": "Jumaane D. Williams beat Jenifer Rajkumar, 184 to 49, 69.4% to 18.5%; total votes 265.", "dem_primary_public_advocate_winner": "Williams", "dem_primary_comptroller": "Mark D. Levine beat Ismael Malave Perez, 139 to 62, 51.3% to 22.9%; total votes 271.", "dem_primary_comptroller_winner": "Levine", "popup_summary": "Mayor: ZOHRAN KWAME MAMDANI beat ANDREW M. CUOMO, 312 to 200, 57.4% to 36.8%; total votes 544. | Public Advocate: JUMAANE D. WILLIAMS beat GONZALO DURAN, 367 to 66, 83.6% to 15.0%; total votes 439. | City Comptroller: MARK D. LEVINE beat PETER KEFALAS, 368 to 60, 82.9% to 13.5%; total votes 444. | Question 1: Disapprove beat Approve, 221 to 163, 57.6% to 42.4%; total votes 384. | Question 2: Approve beat Disapprove, 295 to 109, 73.0% to 27.0%; total votes 404. | Question 3: Approve beat Disapprove, 243 to 136, 64.1% to 35.9%; total votes 379. | Question 4: Approve beat Disapprove, 285 to 106, 72.9% to 27.1%; total votes 391. | Question 5: Approve beat Disapprove, 299 to 79, 79.1% to 20.9%; total votes 378. | Question 6: Approve beat Disapprove, 215 to 171, 55.7% to 44.3%; total votes 386. | Dem Primary Mayor: Andrew M. Cuomo beat Zohran Kwame Mamdani, 164 to 137, 50.5% to 42.2%; total votes 325. | Dem Primary Public Advocate: Jumaane D. Williams beat Jenifer Rajkumar, 184 to 49, 69.4% to 18.5%; total votes 265. | Dem Primary Comptroller: Mark D. Levine beat Ismael Malave Perez, 139 to 62, 51.3% to 22.9%; total votes 271.", "mayor_margin": 20.6, "q2_yes": 73.0, "q3_yes": 64.1, "q4_yes": 72.9}, "geometry": {"type": "MultiPolygon", "coordinates": [[[[-73.920612, 40.8631139], [-73.9220699, 40.8625707], [-73.9226877, 40.8635812], [-73.923133, 40.8634103], [-73.9237672, 40.8644036], [-73.9218828, 40.8651001], [-73.9212499, 40.8641118], [-73.920612, 40.8631139]]]]}}, {"type": "Feature", "properties": {"felt:feature": 45, "ed_label": "AD 72 ED 016", "elect_dist": "72016", "borough": "Manhattan", "community_board": 12, "community_board_label": "Manhattan CB12", "popup_title": "Manhattan CB12 \u2014 AD 72 ED 016", "general_mayor": "ZOHRAN KWAME MAMDANI beat ANDREW M. CUOMO, 153 to 134, 50.7% to 44.4%; total votes 302.", "general_mayor_winner": "Mamdani", "general_public_advocate": "JUMAANE D. WILLIAMS beat GONZALO DURAN, 174 to 43, 78.4% to 19.4%; total votes 222.", "general_public_advocate_winner": "Williams", "general_comptroller": "MARK D. LEVINE beat PETER KEFALAS, 171 to 29, 78.4% to 13.3%; total votes 218.", "general_comptroller_winner": "Levine", "question_1": "Disapprove beat Approve, 106 to 79, 57.3% to 42.7%; total votes 185.", "question_1_winner": "No-disapprove!", "question_2": "Approve beat Disapprove, 147 to 47, 75.8% to 24.2%; total votes 194.", "question_2_winner": "Yes-approve!", "question_3": "Approve beat Disapprove, 117 to 68, 63.2% to 36.8%; total votes 185.", "question_3_winner": "Yes-approve!", "question_4": "Approve beat Disapprove, 139 to 50, 73.5% to 26.5%; total votes 189.", "question_4_winner": "Yes-approve!", "question_5": "Approve beat Disapprove, 130 to 54, 70.7% to 29.3%; total votes 184.", "question_5_winner": "Yes-approve!", "question_6": "Disapprove beat Approve, 103 to 81, 56.0% to 44.0%; total votes 184.", "question_6_winner": "No-disapprove!", "dem_primary_mayor": "Andrew M. Cuomo beat Zohran Kwame Mamdani, 84 to 70, 53.5% to 44.6%; total votes 157.", "dem_primary_mayor_winner": "Cuomo", "dem_primary_public_advocate": "Jumaane D. Williams beat Jenifer Rajkumar, 95 to 19, 76.6% to 15.3%; total votes 124.", "dem_primary_public_advocate_winner": "Williams", "dem_primary_comptroller": "Mark D. Levine beat Justin Brannan, 62 to 30, 49.6% to 24.0%; total votes 125.", "dem_primary_comptroller_winner": "Levine", "popup_summary": "Mayor: ZOHRAN KWAME MAMDANI beat ANDREW M. CUOMO, 153 to 134, 50.7% to 44.4%; total votes 302. | Public Advocate: JUMAANE D. WILLIAMS beat GONZALO DURAN, 174 to 43, 78.4% to 19.4%; total votes 222. | City Comptroller: MARK D. LEVINE beat PETER KEFALAS, 171 to 29, 78.4% to 13.3%; total votes 218. | Question 1: Disapprove beat Approve, 106 to 79, 57.3% to 42.7%; total votes 185. | Question 2: Approve beat Disapprove, 147 to 47, 75.8% to 24.2%; total votes 194. | Question 3: Approve beat Disapprove, 117 to 68, 63.2% to 36.8%; total votes 185. | Question 4: Approve beat Disapprove, 139 to 50, 73.5% to 26.5%; total votes 189. | Question 5: Approve beat Disapprove, 130 to 54, 70.7% to 29.3%; total votes 184. | Question 6: Disapprove beat Approve, 103 to 81, 56.0% to 44.0%; total votes 184. | Dem Primary Mayor: Andrew M. Cuomo beat Zohran Kwame Mamdani, 84 to 70, 53.5% to 44.6%; total votes 157. | Dem Primary Public Advocate: Jumaane D. Williams beat Jenifer Rajkumar, 95 to 19, 76.6% to 15.3%; total votes 124. | Dem Primary Comptroller: Mark D. Levine beat Justin Brannan, 62 to 30, 49.6% to 24.0%; total votes 125.", "mayor_margin": 6.3, "q2_yes": 75.8, "q3_yes": 63.2, "q4_yes": 73.5}, "geometry": {"type": "MultiPolygon", "coordinates": [[[[-73.923133, 40.8634103], [-73.9253732, 40.8625808], [-73.9260109, 40.8635737], [-73.9237672, 40.8644036], [-73.923133, 40.8634103]]]]}}, {"type": "Feature", "properties": {"felt:feature": 46, "ed_label": "AD 72 ED 017", "elect_dist": "72017", "borough": "Manhattan", "community_board": 12, "community_board_label": "Manhattan CB12", "popup_title": "Manhattan CB12 \u2014 AD 72 ED 017", "general_mayor": "ZOHRAN KWAME MAMDANI beat ANDREW M. CUOMO, 174 to 154, 50.6% to 44.8%; total votes 344.", "general_mayor_winner": "Mamdani", "general_public_advocate": "JUMAANE D. WILLIAMS beat GONZALO DURAN, 227 to 52, 80.5% to 18.4%; total votes 282.", "general_public_advocate_winner": "Williams", "general_comptroller": "MARK D. LEVINE beat PETER KEFALAS, 218 to 44, 78.1% to 15.8%; total votes 279.", "general_comptroller_winner": "Levine", "question_1": "Disapprove beat Approve, 149 to 116, 56.2% to 43.8%; total votes 265.", "question_1_winner": "No-disapprove!", "question_2": "Approve beat Disapprove, 201 to 71, 73.9% to 26.1%; total votes 272.", "question_2_winner": "Yes-approve!", "question_3": "Approve beat Disapprove, 172 to 88, 66.2% to 33.8%; total votes 260.", "question_3_winner": "Yes-approve!", "question_4": "Approve beat Disapprove, 180 to 74, 70.9% to 29.1%; total votes 254.", "question_4_winner": "Yes-approve!", "question_5": "Approve beat Disapprove, 176 to 77, 69.6% to 30.4%; total votes 253.", "question_5_winner": "Yes-approve!", "question_6": "Disapprove beat Approve, 139 to 121, 53.5% to 46.5%; total votes 260.", "question_6_winner": "No-disapprove!", "dem_primary_mayor": "Andrew M. Cuomo beat Zohran Kwame Mamdani, 94 to 54, 58.0% to 33.3%; total votes 162.", "dem_primary_mayor_winner": "Cuomo", "dem_primary_public_advocate": "Jumaane D. Williams beat Jenifer Rajkumar, 85 to 28, 66.4% to 21.9%; total votes 128.", "dem_primary_public_advocate_winner": "Williams", "dem_primary_comptroller": "Mark D. Levine beat Justin Brannan, 74 to 25, 56.9% to 19.2%; total votes 130.", "dem_primary_comptroller_winner": "Levine", "popup_summary": "Mayor: ZOHRAN KWAME MAMDANI beat ANDREW M. CUOMO, 174 to 154, 50.6% to 44.8%; total votes 344. | Public Advocate: JUMAANE D. WILLIAMS beat GONZALO DURAN, 227 to 52, 80.5% to 18.4%; total votes 282. | City Comptroller: MARK D. LEVINE beat PETER KEFALAS, 218 to 44, 78.1% to 15.8%; total votes 279. | Question 1: Disapprove beat Approve, 149 to 116, 56.2% to 43.8%; total votes 265. | Question 2: Approve beat Disapprove, 201 to 71, 73.9% to 26.1%; total votes 272. | Question 3: Approve beat Disapprove, 172 to 88, 66.2% to 33.8%; total votes 260. | Question 4: Approve beat Disapprove, 180 to 74, 70.9% to 29.1%; total votes 254. | Question 5: Approve beat Disapprove, 176 to 77, 69.6% to 30.4%; total votes 253. | Question 6: Disapprove beat Approve, 139 to 121, 53.5% to 46.5%; total votes 260. | Dem Primary Mayor: Andrew M. Cuomo beat Zohran Kwame Mamdani, 94 to 54, 58.0% to 33.3%; total votes 162. | Dem Primary Public Advocate: Jumaane D. Williams beat Jenifer Rajkumar, 85 to 28, 66.4% to 21.9%; total votes 128. | Dem Primary Comptroller: Mark D. Levine beat Justin Brannan, 74 to 25, 56.9% to 19.2%; total votes 130.", "mayor_margin": 5.8, "q2_yes": 73.9, "q3_yes": 66.2, "q4_yes": 70.9}, "geometry": {"type": "MultiPolygon", "coordinates": [[[[-73.9220699, 40.8625707], [-73.9224942, 40.8624129], [-73.9227723, 40.8623115], [-73.922946, 40.8622482], [-73.9230695, 40.8622032], [-73.9232151, 40.8621501], [-73.9236178, 40.8620033], [-73.9238757, 40.8619093], [-73.9244125, 40.8617136], [-73.9244353, 40.8617053], [-73.9246213, 40.8616375], [-73.9247415, 40.8615936], [-73.9247643, 40.8616309], [-73.9253732, 40.8625808], [-73.923133, 40.8634103], [-73.9226877, 40.8635812], [-73.9220699, 40.8625707]]]]}}, {"type": "Feature", "properties": {"felt:feature": 47, "ed_label": "AD 72 ED 018", "elect_dist": "72018", "borough": "Manhattan", "community_board": 12, "community_board_label": "Manhattan CB12", "popup_title": "Manhattan CB12 \u2014 AD 72 ED 018", "general_mayor": "ZOHRAN KWAME MAMDANI beat ANDREW M. CUOMO, 292 to 106, 70.0% to 25.4%; total votes 417.", "general_mayor_winner": "Mamdani", "general_public_advocate": "JUMAANE D. WILLIAMS beat GONZALO DURAN, 329 to 49, 85.2% to 12.7%; total votes 386.", "general_public_advocate_winner": "Williams", "general_comptroller": "MARK D. LEVINE beat PETER KEFALAS, 320 to 42, 84.9% to 11.1%; total votes 377.", "general_comptroller_winner": "Levine", "question_1": "Disapprove beat Approve, 198 to 168, 54.1% to 45.9%; total votes 366.", "question_1_winner": "No-disapprove!", "question_2": "Approve beat Disapprove, 254 to 127, 66.7% to 33.3%; total votes 381.", "question_2_winner": "Yes-approve!", "question_3": "Approve beat Disapprove, 213 to 157, 57.6% to 42.4%; total votes 370.", "question_3_winner": "Yes-approve!", "question_4": "Approve beat Disapprove, 239 to 134, 64.1% to 35.9%; total votes 373.", "question_4_winner": "Yes-approve!", "question_5": "Approve beat Disapprove, 303 to 62, 83.0% to 17.0%; total votes 365.", "question_5_winner": "Yes-approve!", "question_6": "Disapprove beat Approve, 209 to 159, 56.8% to 43.2%; total votes 368.", "question_6_winner": "No-disapprove!", "dem_primary_mayor": "Zohran Kwame Mamdani beat Andrew M. Cuomo, 150 to 55, 58.6% to 21.5%; total votes 256.", "dem_primary_mayor_winner": "Mamdani", "dem_primary_public_advocate": "Jumaane D. Williams beat Jenifer Rajkumar, 191 to 25, 81.6% to 10.7%; total votes 234.", "dem_primary_public_advocate_winner": "Williams", "dem_primary_comptroller": "Mark D. Levine beat Justin Brannan, 124 to 66, 52.8% to 28.1%; total votes 235.", "dem_primary_comptroller_winner": "Levine", "popup_summary": "Mayor: ZOHRAN KWAME MAMDANI beat ANDREW M. CUOMO, 292 to 106, 70.0% to 25.4%; total votes 417. | Public Advocate: JUMAANE D. WILLIAMS beat GONZALO DURAN, 329 to 49, 85.2% to 12.7%; total votes 386. | City Comptroller: MARK D. LEVINE beat PETER KEFALAS, 320 to 42, 84.9% to 11.1%; total votes 377. | Question 1: Disapprove beat Approve, 198 to 168, 54.1% to 45.9%; total votes 366. | Question 2: Approve beat Disapprove, 254 to 127, 66.7% to 33.3%; total votes 381. | Question 3: Approve beat Disapprove, 213 to 157, 57.6% to 42.4%; total votes 370. | Question 4: Approve beat Disapprove, 239 to 134, 64.1% to 35.9%; total votes 373. | Question 5: Approve beat Disapprove, 303 to 62, 83.0% to 17.0%; total votes 365. | Question 6: Disapprove beat Approve, 209 to 159, 56.8% to 43.2%; total votes 368. | Dem Primary Mayor: Zohran Kwame Mamdani beat Andrew M. Cuomo, 150 to 55, 58.6% to 21.5%; total votes 256. | Dem Primary Public Advocate: Jumaane D. Williams beat Jenifer Rajkumar, 191 to 25, 81.6% to 10.7%; total votes 234. | Dem Primary Comptroller: Mark D. Levine beat Justin Brannan, 124 to 66, 52.8% to 28.1%; total votes 235.", "mayor_margin": 44.6, "q2_yes": 66.7, "q3_yes": 57.6, "q4_yes": 64.1}, "geometry": {"type": "MultiPolygon", "coordinates": [[[[-73.9260109, 40.8635737], [-73.9269224, 40.8632377], [-73.9277662, 40.8629254], [-73.9282066, 40.8636138], [-73.9287301, 40.8644166], [-73.9288907, 40.864663], [-73.9281094, 40.865079], [-73.9277558, 40.8652711], [-73.9272692, 40.8655346], [-73.9269104, 40.8649767], [-73.9266195, 40.8645243], [-73.9260109, 40.8635737]]]]}}, {"type": "Feature", "properties": {"felt:feature": 48, "ed_label": "AD 72 ED 019", "elect_dist": "72019", "borough": "Manhattan", "community_board": 12, "community_board_label": "Manhattan CB12", "popup_title": "Manhattan CB12 \u2014 AD 72 ED 019", "general_mayor": "ZOHRAN KWAME MAMDANI beat ANDREW M. CUOMO, 351 to 127, 71.3% to 25.8%; total votes 492.", "general_mayor_winner": "Mamdani", "general_public_advocate": "JUMAANE D. WILLIAMS beat GONZALO DURAN, 406 to 38, 89.8% to 8.4%; total votes 452.", "general_public_advocate_winner": "Williams", "general_comptroller": "MARK D. LEVINE beat PETER KEFALAS, 396 to 29, 90.0% to 6.6%; total votes 440.", "general_comptroller_winner": "Levine", "question_1": "Disapprove beat Approve, 249 to 179, 58.2% to 41.8%; total votes 428.", "question_1_winner": "No-disapprove!", "question_2": "Approve beat Disapprove, 267 to 159, 62.7% to 37.3%; total votes 426.", "question_2_winner": "Yes-approve!", "question_3": "Approve beat Disapprove, 233 to 187, 55.5% to 44.5%; total votes 420.", "question_3_winner": "Yes-approve!", "question_4": "Approve beat Disapprove, 258 to 157, 62.2% to 37.8%; total votes 415.", "question_4_winner": "Yes-approve!", "question_5": "Approve beat Disapprove, 351 to 69, 83.6% to 16.4%; total votes 420.", "question_5_winner": "Yes-approve!", "question_6": "Disapprove beat Approve, 215 to 208, 50.8% to 49.2%; total votes 423.", "question_6_winner": "No-disapprove!", "dem_primary_mayor": "Zohran Kwame Mamdani beat Andrew M. Cuomo, 186 to 73, 56.5% to 22.2%; total votes 329.", "dem_primary_mayor_winner": "Mamdani", "dem_primary_public_advocate": "Jumaane D. Williams beat Jenifer Rajkumar, 208 to 58, 72.7% to 20.3%; total votes 286.", "dem_primary_public_advocate_winner": "Williams", "dem_primary_comptroller": "Mark D. Levine beat Justin Brannan, 147 to 99, 49.8% to 33.6%; total votes 295.", "dem_primary_comptroller_winner": "Levine", "popup_summary": "Mayor: ZOHRAN KWAME MAMDANI beat ANDREW M. CUOMO, 351 to 127, 71.3% to 25.8%; total votes 492. | Public Advocate: JUMAANE D. WILLIAMS beat GONZALO DURAN, 406 to 38, 89.8% to 8.4%; total votes 452. | City Comptroller: MARK D. LEVINE beat PETER KEFALAS, 396 to 29, 90.0% to 6.6%; total votes 440. | Question 1: Disapprove beat Approve, 249 to 179, 58.2% to 41.8%; total votes 428. | Question 2: Approve beat Disapprove, 267 to 159, 62.7% to 37.3%; total votes 426. | Question 3: Approve beat Disapprove, 233 to 187, 55.5% to 44.5%; total votes 420. | Question 4: Approve beat Disapprove, 258 to 157, 62.2% to 37.8%; total votes 415. | Question 5: Approve beat Disapprove, 351 to 69, 83.6% to 16.4%; total votes 420. | Question 6: Disapprove beat Approve, 215 to 208, 50.8% to 49.2%; total votes 423. | Dem Primary Mayor: Zohran Kwame Mamdani beat Andrew M. Cuomo, 186 to 73, 56.5% to 22.2%; total votes 329. | Dem Primary Public Advocate: Jumaane D. Williams beat Jenifer Rajkumar, 208 to 58, 72.7% to 20.3%; total votes 286. | Dem Primary Comptroller: Mark D. Levine beat Justin Brannan, 147 to 99, 49.8% to 33.6%; total votes 295.", "mayor_margin": 45.5, "q2_yes": 62.7, "q3_yes": 55.5, "q4_yes": 62.2}, "geometry": {"type": "MultiPolygon", "coordinates": [[[[-73.9277662, 40.8629254], [-73.9285985, 40.862614], [-73.9294284, 40.8623127], [-73.9296944, 40.8622155], [-73.9300028, 40.8621027], [-73.9299545, 40.8625488], [-73.9300527, 40.8633369], [-73.9300271, 40.8634242], [-73.9298338, 40.8637842], [-73.9297391, 40.8639071], [-73.9296374, 40.8640268], [-73.9295288, 40.8641429], [-73.9294135, 40.8642553], [-73.9292919, 40.8643637], [-73.929164, 40.8644679], [-73.9290302, 40.8645677], [-73.9288907, 40.864663], [-73.9287301, 40.8644166], [-73.9282066, 40.8636138], [-73.9277662, 40.8629254]]]]}}, {"type": "Feature", "properties": {"felt:feature": 49, "ed_label": "AD 72 ED 020", "elect_dist": "72020", "borough": "Manhattan", "community_board": 12, "community_board_label": "Manhattan CB12", "popup_title": "Manhattan CB12 \u2014 AD 72 ED 020", "general_mayor": "ZOHRAN KWAME MAMDANI beat ANDREW M. CUOMO, 206 to 139, 56.3% to 38.0%; total votes 366.", "general_mayor_winner": "Mamdani", "general_public_advocate": "JUMAANE D. WILLIAMS beat GONZALO DURAN, 240 to 54, 80.0% to 18.0%; total votes 300.", "general_public_advocate_winner": "Williams", "general_comptroller": "MARK D. LEVINE beat PETER KEFALAS, 225 to 39, 81.2% to 14.1%; total votes 277.", "general_comptroller_winner": "Levine", "question_1": "Disapprove beat Approve, 155 to 99, 61.0% to 39.0%; total votes 254.", "question_1_winner": "No-disapprove!", "question_2": "Approve beat Disapprove, 177 to 81, 68.6% to 31.4%; total votes 258.", "question_2_winner": "Yes-approve!", "question_3": "Approve beat Disapprove, 146 to 102, 58.9% to 41.1%; total votes 248.", "question_3_winner": "Yes-approve!", "question_4": "Approve beat Disapprove, 168 to 87, 65.9% to 34.1%; total votes 255.", "question_4_winner": "Yes-approve!", "question_5": "Approve beat Disapprove, 189 to 57, 76.8% to 23.2%; total votes 246.", "question_5_winner": "Yes-approve!", "question_6": "Disapprove beat Approve, 142 to 108, 56.8% to 43.2%; total votes 250.", "question_6_winner": "No-disapprove!", "dem_primary_mayor": "Andrew M. Cuomo beat Zohran Kwame Mamdani, 98 to 79, 53.3% to 42.9%; total votes 184.", "dem_primary_mayor_winner": "Cuomo", "dem_primary_public_advocate": "Jumaane D. Williams beat Jenifer Rajkumar, 108 to 19, 74.0% to 13.0%; total votes 146.", "dem_primary_public_advocate_winner": "Williams", "dem_primary_comptroller": "Mark D. Levine beat Ismael Malave Perez, 76 to 33, 52.1% to 22.6%; total votes 146.", "dem_primary_comptroller_winner": "Levine", "popup_summary": "Mayor: ZOHRAN KWAME MAMDANI beat ANDREW M. CUOMO, 206 to 139, 56.3% to 38.0%; total votes 366. | Public Advocate: JUMAANE D. WILLIAMS beat GONZALO DURAN, 240 to 54, 80.0% to 18.0%; total votes 300. | City Comptroller: MARK D. LEVINE beat PETER KEFALAS, 225 to 39, 81.2% to 14.1%; total votes 277. | Question 1: Disapprove beat Approve, 155 to 99, 61.0% to 39.0%; total votes 254. | Question 2: Approve beat Disapprove, 177 to 81, 68.6% to 31.4%; total votes 258. | Question 3: Approve beat Disapprove, 146 to 102, 58.9% to 41.1%; total votes 248. | Question 4: Approve beat Disapprove, 168 to 87, 65.9% to 34.1%; total votes 255. | Question 5: Approve beat Disapprove, 189 to 57, 76.8% to 23.2%; total votes 246. | Question 6: Disapprove beat Approve, 142 to 108, 56.8% to 43.2%; total votes 250. | Dem Primary Mayor: Andrew M. Cuomo beat Zohran Kwame Mamdani, 98 to 79, 53.3% to 42.9%; total votes 184. | Dem Primary Public Advocate: Jumaane D. Williams beat Jenifer Rajkumar, 108 to 19, 74.0% to 13.0%; total votes 146. | Dem Primary Comptroller: Mark D. Levine beat Ismael Malave Perez, 76 to 33, 52.1% to 22.6%; total votes 146.", "mayor_margin": 18.3, "q2_yes": 68.6, "q3_yes": 58.9, "q4_yes": 65.9}, "geometry": {"type": "MultiPolygon", "coordinates": [[[[-73.9253732, 40.8625808], [-73.9247643, 40.8616309], [-73.9247415, 40.8615936], [-73.9247792, 40.8615799], [-73.9251288, 40.8614523], [-73.9252591, 40.8614045], [-73.9253688, 40.8613659], [-73.9254183, 40.8613499], [-73.925669, 40.861259], [-73.9265023, 40.8609559], [-73.9277662, 40.8629254], [-73.9269224, 40.8632377], [-73.9260109, 40.8635737], [-73.9253732, 40.8625808]]]]}}, {"type": "Feature", "properties": {"felt:feature": 50, "ed_label": "AD 72 ED 021", "elect_dist": "72021", "borough": "Manhattan", "community_board": 12, "community_board_label": "Manhattan CB12", "popup_title": "Manhattan CB12 \u2014 AD 72 ED 021", "general_mayor": "ANDREW M. CUOMO beat ZOHRAN KWAME MAMDANI, 134 to 134, 47.0% to 47.0%; total votes 285.", "general_mayor_winner": "Cuomo", "general_public_advocate": "JUMAANE D. WILLIAMS beat GONZALO DURAN, 195 to 34, 84.4% to 14.7%; total votes 231.", "general_public_advocate_winner": "Williams", "general_comptroller": "MARK D. LEVINE beat PETER KEFALAS, 190 to 25, 84.1% to 11.1%; total votes 226.", "general_comptroller_winner": "Levine", "question_1": "Disapprove beat Approve, 132 to 78, 62.9% to 37.1%; total votes 210.", "question_1_winner": "No-disapprove!", "question_2": "Approve beat Disapprove, 145 to 65, 69.0% to 31.0%; total votes 210.", "question_2_winner": "Yes-approve!", "question_3": "Approve beat Disapprove, 128 to 81, 61.2% to 38.8%; total votes 209.", "question_3_winner": "Yes-approve!", "question_4": "Approve beat Disapprove, 134 to 75, 64.1% to 35.9%; total votes 209.", "question_4_winner": "Yes-approve!", "question_5": "Approve beat Disapprove, 113 to 93, 54.9% to 45.1%; total votes 206.", "question_5_winner": "Yes-approve!", "question_6": "Disapprove beat Approve, 122 to 82, 59.8% to 40.2%; total votes 204.", "question_6_winner": "No-disapprove!", "dem_primary_mayor": "Andrew M. Cuomo beat Zohran Kwame Mamdani, 86 to 34, 60.1% to 23.8%; total votes 143.", "dem_primary_mayor_winner": "Cuomo", "dem_primary_public_advocate": "Jumaane D. Williams beat Marty Dolan, 81 to 13, 79.4% to 12.7%; total votes 102.", "dem_primary_public_advocate_winner": "Williams", "dem_primary_comptroller": "Mark D. Levine beat Ismael Malave Perez, 71 to 17, 67.0% to 16.0%; total votes 106.", "dem_primary_comptroller_winner": "Levine", "popup_summary": "Mayor: ANDREW M. CUOMO beat ZOHRAN KWAME MAMDANI, 134 to 134, 47.0% to 47.0%; total votes 285. | Public Advocate: JUMAANE D. WILLIAMS beat GONZALO DURAN, 195 to 34, 84.4% to 14.7%; total votes 231. | City Comptroller: MARK D. LEVINE beat PETER KEFALAS, 190 to 25, 84.1% to 11.1%; total votes 226. | Question 1: Disapprove beat Approve, 132 to 78, 62.9% to 37.1%; total votes 210. | Question 2: Approve beat Disapprove, 145 to 65, 69.0% to 31.0%; total votes 210. | Question 3: Approve beat Disapprove, 128 to 81, 61.2% to 38.8%; total votes 209. | Question 4: Approve beat Disapprove, 134 to 75, 64.1% to 35.9%; total votes 209. | Question 5: Approve beat Disapprove, 113 to 93, 54.9% to 45.1%; total votes 206. | Question 6: Disapprove beat Approve, 122 to 82, 59.8% to 40.2%; total votes 204. | Dem Primary Mayor: Andrew M. Cuomo beat Zohran Kwame Mamdani, 86 to 34, 60.1% to 23.8%; total votes 143. | Dem Primary Public Advocate: Jumaane D. Williams beat Marty Dolan, 81 to 13, 79.4% to 12.7%; total votes 102. | Dem Primary Comptroller: Mark D. Levine beat Ismael Malave Perez, 71 to 17, 67.0% to 16.0%; total votes 106.", "mayor_margin": 0.0, "q2_yes": 69.0, "q3_yes": 61.2, "q4_yes": 64.1}, "geometry": {"type": "MultiPolygon", "coordinates": [[[[-73.9229585, 40.8589139], [-73.9236336, 40.8599004], [-73.9240816, 40.8605551], [-73.924613, 40.8613997], [-73.9246773, 40.8614966], [-73.9247228, 40.8615625], [-73.9247415, 40.8615936], [-73.9246213, 40.8616375], [-73.9244353, 40.8617053], [-73.9244125, 40.8617136], [-73.9238757, 40.8619093], [-73.9236178, 40.8620033], [-73.9233825, 40.8616773], [-73.9224961, 40.8610261], [-73.9223663, 40.8603585], [-73.9221673, 40.8602723], [-73.922109, 40.8600979], [-73.9221665, 40.8600177], [-73.9222283, 40.8599316], [-73.9222817, 40.8598571], [-73.9225247, 40.8595185], [-73.9228648, 40.8590464], [-73.922937, 40.8589437], [-73.9229585, 40.8589139]]]]}}, {"type": "Feature", "properties": {"felt:feature": 51, "ed_label": "AD 72 ED 022", "elect_dist": "72022", "borough": "Manhattan", "community_board": 12, "community_board_label": "Manhattan CB12", "popup_title": "Manhattan CB12 \u2014 AD 72 ED 022", "general_mayor": "ZOHRAN KWAME MAMDANI beat ANDREW M. CUOMO, 146 to 110, 53.7% to 40.4%; total votes 272.", "general_mayor_winner": "Mamdani", "general_public_advocate": "JUMAANE D. WILLIAMS beat GONZALO DURAN, 184 to 52, 76.3% to 21.6%; total votes 241.", "general_public_advocate_winner": "Williams", "general_comptroller": "MARK D. LEVINE beat PETER KEFALAS, 186 to 37, 76.5% to 15.2%; total votes 243.", "general_comptroller_winner": "Levine", "question_1": "Approve beat Disapprove, 115 to 114, 50.2% to 49.8%; total votes 229.", "question_1_winner": "Yes-approve!", "question_2": "Approve beat Disapprove, 186 to 49, 79.1% to 20.9%; total votes 235.", "question_2_winner": "Yes-approve!", "question_3": "Approve beat Disapprove, 165 to 63, 72.4% to 27.6%; total votes 228.", "question_3_winner": "Yes-approve!", "question_4": "Approve beat Disapprove, 180 to 49, 78.6% to 21.4%; total votes 229.", "question_4_winner": "Yes-approve!", "question_5": "Approve beat Disapprove, 180 to 45, 80.0% to 20.0%; total votes 225.", "question_5_winner": "Yes-approve!", "question_6": "Approve beat Disapprove, 133 to 98, 57.6% to 42.4%; total votes 231.", "question_6_winner": "Yes-approve!", "dem_primary_mayor": "Andrew M. Cuomo beat Zohran Kwame Mamdani, 55 to 52, 46.6% to 44.1%; total votes 118.", "dem_primary_mayor_winner": "Cuomo", "dem_primary_public_advocate": "Jumaane D. Williams beat Jenifer Rajkumar, 69 to 18, 68.3% to 17.8%; total votes 101.", "dem_primary_public_advocate_winner": "Williams", "dem_primary_comptroller": "Mark D. Levine beat Justin Brannan, 60 to 24, 55.6% to 22.2%; total votes 108.", "dem_primary_comptroller_winner": "Levine", "popup_summary": "Mayor: ZOHRAN KWAME MAMDANI beat ANDREW M. CUOMO, 146 to 110, 53.7% to 40.4%; total votes 272. | Public Advocate: JUMAANE D. WILLIAMS beat GONZALO DURAN, 184 to 52, 76.3% to 21.6%; total votes 241. | City Comptroller: MARK D. LEVINE beat PETER KEFALAS, 186 to 37, 76.5% to 15.2%; total votes 243. | Question 1: Approve beat Disapprove, 115 to 114, 50.2% to 49.8%; total votes 229. | Question 2: Approve beat Disapprove, 186 to 49, 79.1% to 20.9%; total votes 235. | Question 3: Approve beat Disapprove, 165 to 63, 72.4% to 27.6%; total votes 228. | Question 4: Approve beat Disapprove, 180 to 49, 78.6% to 21.4%; total votes 229. | Question 5: Approve beat Disapprove, 180 to 45, 80.0% to 20.0%; total votes 225. | Question 6: Approve beat Disapprove, 133 to 98, 57.6% to 42.4%; total votes 231. | Dem Primary Mayor: Andrew M. Cuomo beat Zohran Kwame Mamdani, 55 to 52, 46.6% to 44.1%; total votes 118. | Dem Primary Public Advocate: Jumaane D. Williams beat Jenifer Rajkumar, 69 to 18, 68.3% to 17.8%; total votes 101. | Dem Primary Comptroller: Mark D. Levine beat Justin Brannan, 60 to 24, 55.6% to 22.2%; total votes 108.", "mayor_margin": 13.3, "q2_yes": 79.1, "q3_yes": 72.4, "q4_yes": 78.6}, "geometry": {"type": "MultiPolygon", "coordinates": [[[[-73.9229585, 40.8589139], [-73.9229545, 40.8588508], [-73.9228285, 40.8568514], [-73.9228284, 40.8566894], [-73.9228347, 40.8565275], [-73.9228473, 40.8563658], [-73.9228662, 40.8562045], [-73.9228913, 40.8560436], [-73.9229227, 40.8558834], [-73.9228792, 40.8558773], [-73.922622, 40.8557809], [-73.9223446, 40.8556823], [-73.9222961, 40.8556638], [-73.9222787, 40.855655], [-73.9224004, 40.8555101], [-73.9226693, 40.8551798], [-73.9228199, 40.8549887], [-73.9229011, 40.8548855], [-73.923133, 40.8545895], [-73.9234158, 40.8542258], [-73.923606, 40.8539772], [-73.9240094, 40.853437], [-73.9244407, 40.8528405], [-73.9246702, 40.8525066], [-73.924974, 40.8520709], [-73.9250219, 40.8520217], [-73.9250333, 40.8519938], [-73.9250729, 40.8519422], [-73.9251098, 40.8518928], [-73.9251467, 40.851837], [-73.9251552, 40.8518155], [-73.9251722, 40.8518026], [-73.9252175, 40.8517381], [-73.9252771, 40.8516479], [-73.9252969, 40.8516071], [-73.925348, 40.8515383], [-73.9254245, 40.8514223], [-73.9254897, 40.8513267], [-73.9255322, 40.851273], [-73.9255436, 40.851243], [-73.92564, 40.851099], [-73.9256627, 40.8510689], [-73.9257364, 40.8509551], [-73.9257554, 40.8509263], [-73.9258536, 40.8507781], [-73.9258797, 40.8507527], [-73.9258946, 40.850716], [-73.9260288, 40.8505141], [-73.9262382, 40.8502072], [-73.9262561, 40.8501809], [-73.9264946, 40.8498393], [-73.9267144, 40.8495329], [-73.926923, 40.8492505], [-73.9271168, 40.8489682], [-73.9272547, 40.8487634], [-73.9274037, 40.8485573], [-73.9275229, 40.8483794], [-73.9276533, 40.8481874], [-73.9279738, 40.8477271], [-73.928138, 40.8474916], [-73.9282169, 40.8473801], [-73.9283915, 40.8471322], [-73.928422, 40.8470827], [-73.928455, 40.8470315], [-73.928485, 40.8470454], [-73.928517, 40.8470602], [-73.9285659, 40.8470832], [-73.9286051, 40.8471002], [-73.9288884, 40.8472286], [-73.9291433, 40.8473435], [-73.9291093, 40.8473852], [-73.9290763, 40.8474336], [-73.9290395, 40.8474738], [-73.9290169, 40.8475076], [-73.9290014, 40.8475437], [-73.9289935, 40.8475812], [-73.9289932, 40.8476191], [-73.9290007, 40.8476566], [-73.9290158, 40.8476928], [-73.929038, 40.8477268], [-73.9290669, 40.8477578], [-73.929084, 40.8477649], [-73.9291025, 40.8477698], [-73.9291217, 40.8477724], [-73.9291413, 40.8477726], [-73.9291606, 40.8477704], [-73.9291792, 40.8477658], [-73.9291966, 40.847759], [-73.9292123, 40.8477501], [-73.9292259, 40.8477394], [-73.9292359, 40.8477312], [-73.9292477, 40.8477244], [-73.9292608, 40.8477192], [-73.9292749, 40.8477157], [-73.9292895, 40.8477141], [-73.9293043, 40.8477144], [-73.9293188, 40.8477165], [-73.9293326, 40.8477205], [-73.9293454, 40.8477262], [-73.9293567, 40.8477334], [-73.9293662, 40.847742], [-73.9293737, 40.8477517], [-73.929379, 40.8477622], [-73.9293818, 40.8477732], [-73.9293822, 40.8477844], [-73.9293801, 40.8477956], [-73.9293756, 40.8478062], [-73.9292631, 40.8481702], [-73.9291981, 40.8482552], [-73.9291267, 40.8483371], [-73.9290491, 40.8484157], [-73.9289654, 40.8484906], [-73.9288761, 40.8485617], [-73.9288634, 40.8486694], [-73.9287769, 40.8489262], [-73.9285808, 40.8492461], [-73.9284132, 40.8494], [-73.9282443, 40.8494788], [-73.9280736, 40.8495553], [-73.9276916, 40.8499267], [-73.9275684, 40.8500699], [-73.9274506, 40.8502157], [-73.9273384, 40.8503641], [-73.9272318, 40.8505148], [-73.9271648, 40.8505772], [-73.9271031, 40.8506427], [-73.9270471, 40.8507111], [-73.9269969, 40.8507821], [-73.9269529, 40.8508553], [-73.9269151, 40.8509306], [-73.9268897, 40.8510307], [-73.9268577, 40.8511297], [-73.926819, 40.8512273], [-73.9267728, 40.8513369], [-73.9267224, 40.8514454], [-73.9266676, 40.8515526], [-73.9266228, 40.8515931], [-73.9265853, 40.8516377], [-73.9265558, 40.8516857], [-73.9265349, 40.8517361], [-73.9265229, 40.8517883], [-73.92652, 40.8518411], [-73.9265262, 40.8518938], [-73.9265376, 40.851964], [-73.9265413, 40.8520347], [-73.9265372, 40.8521053], [-73.9265254, 40.8521755], [-73.926506, 40.8522446], [-73.9264791, 40.8523123], [-73.9261517, 40.8527265], [-73.9261341, 40.8527591], [-73.9261215, 40.8527931], [-73.9261142, 40.8528279], [-73.9261121, 40.8528631], [-73.9261302, 40.8529647], [-73.9261554, 40.8530654], [-73.9261875, 40.853165], [-73.9262265, 40.8532632], [-73.9262724, 40.8533596], [-73.9263249, 40.8534541], [-73.9264096, 40.8535666], [-73.9264347, 40.8536057], [-73.9264663, 40.8536419], [-73.9265039, 40.8536748], [-73.9265468, 40.8537036], [-73.9267994, 40.8537171], [-73.9282543, 40.8543214], [-73.927781, 40.8549761], [-73.9273224, 40.8555944], [-73.9287155, 40.8561812], [-73.9296823, 40.8566151], [-73.9295078, 40.8566567], [-73.9295076, 40.8566567], [-73.9295074, 40.8566568], [-73.929326, 40.8566848], [-73.9293257, 40.8566848], [-73.9293254, 40.8566848], [-73.9291397, 40.8566984], [-73.9291394, 40.8566984], [-73.9291392, 40.8566984], [-73.928952, 40.8566971], [-73.9289518, 40.8566971], [-73.9289514, 40.8566971], [-73.928843, 40.8566876], [-73.928766, 40.8566808], [-73.9287658, 40.8566808], [-73.9287657, 40.8566808], [-73.9285848, 40.8566502], [-73.9285847, 40.8566502], [-73.9285845, 40.8566501], [-73.928411, 40.8566061], [-73.9282662, 40.8568081], [-73.9273957, 40.8571522], [-73.9269112, 40.8575088], [-73.9271222, 40.8581096], [-73.9270995, 40.8582753], [-73.9270526, 40.8584416], [-73.9269809, 40.8586055], [-73.926885, 40.8587638], [-73.926766, 40.8589135], [-73.9266263, 40.8590519], [-73.9264688, 40.8591765], [-73.926297, 40.8592856], [-73.9261146, 40.8593781], [-73.9259214, 40.8594996], [-73.9257392, 40.8596361], [-73.925571, 40.8597867], [-73.9254194, 40.8599502], [-73.9252869, 40.8601249], [-73.9251755, 40.8603088], [-73.9250868, 40.8604998], [-73.9250216, 40.8606952], [-73.9250089, 40.8607563], [-73.9249685, 40.8609009], [-73.9249354, 40.8611109], [-73.9249283, 40.8612868], [-73.9249497, 40.861307], [-73.9250961, 40.8614191], [-73.9251288, 40.8614523], [-73.9247792, 40.8615799], [-73.9247415, 40.8615936], [-73.9247228, 40.8615625], [-73.9246773, 40.8614966], [-73.924613, 40.8613997], [-73.9240816, 40.8605551], [-73.9236336, 40.8599004], [-73.9229585, 40.8589139]]]]}}, {"type": "Feature", "properties": {"felt:feature": 52, "ed_label": "AD 72 ED 023", "elect_dist": "72023", "borough": "Manhattan", "community_board": 12, "community_board_label": "Manhattan CB12", "popup_title": "Manhattan CB12 \u2014 AD 72 ED 023", "general_mayor": "ZOHRAN KWAME MAMDANI beat ANDREW M. CUOMO, 237 to 155, 56.4% to 36.9%; total votes 420.", "general_mayor_winner": "Mamdani", "general_public_advocate": "JUMAANE D. WILLIAMS beat GONZALO DURAN, 295 to 59, 81.5% to 16.3%; total votes 362.", "general_public_advocate_winner": "Williams", "general_comptroller": "MARK D. LEVINE beat PETER KEFALAS, 297 to 44, 82.3% to 12.2%; total votes 361.", "general_comptroller_winner": "Levine", "question_1": "Disapprove beat Approve, 178 to 157, 53.1% to 46.9%; total votes 335.", "question_1_winner": "No-disapprove!", "question_2": "Approve beat Disapprove, 249 to 95, 72.4% to 27.6%; total votes 344.", "question_2_winner": "Yes-approve!", "question_3": "Approve beat Disapprove, 200 to 127, 61.2% to 38.8%; total votes 327.", "question_3_winner": "Yes-approve!", "question_4": "Approve beat Disapprove, 244 to 86, 73.9% to 26.1%; total votes 330.", "question_4_winner": "Yes-approve!", "question_5": "Approve beat Disapprove, 249 to 76, 76.6% to 23.4%; total votes 325.", "question_5_winner": "Yes-approve!", "question_6": "Disapprove beat Approve, 170 to 163, 51.1% to 48.9%; total votes 333.", "question_6_winner": "No-disapprove!", "dem_primary_mayor": "Andrew M. Cuomo beat Zohran Kwame Mamdani, 104 to 97, 49.3% to 46.0%; total votes 211.", "dem_primary_mayor_winner": "Cuomo", "dem_primary_public_advocate": "Jumaane D. Williams beat Marty Dolan, 119 to 29, 68.0% to 16.6%; total votes 175.", "dem_primary_public_advocate_winner": "Williams", "dem_primary_comptroller": "Mark D. Levine beat Ismael Malave Perez, 89 to 48, 50.9% to 27.4%; total votes 175.", "dem_primary_comptroller_winner": "Levine", "popup_summary": "Mayor: ZOHRAN KWAME MAMDANI beat ANDREW M. CUOMO, 237 to 155, 56.4% to 36.9%; total votes 420. | Public Advocate: JUMAANE D. WILLIAMS beat GONZALO DURAN, 295 to 59, 81.5% to 16.3%; total votes 362. | City Comptroller: MARK D. LEVINE beat PETER KEFALAS, 297 to 44, 82.3% to 12.2%; total votes 361. | Question 1: Disapprove beat Approve, 178 to 157, 53.1% to 46.9%; total votes 335. | Question 2: Approve beat Disapprove, 249 to 95, 72.4% to 27.6%; total votes 344. | Question 3: Approve beat Disapprove, 200 to 127, 61.2% to 38.8%; total votes 327. | Question 4: Approve beat Disapprove, 244 to 86, 73.9% to 26.1%; total votes 330. | Question 5: Approve beat Disapprove, 249 to 76, 76.6% to 23.4%; total votes 325. | Question 6: Disapprove beat Approve, 170 to 163, 51.1% to 48.9%; total votes 333. | Dem Primary Mayor: Andrew M. Cuomo beat Zohran Kwame Mamdani, 104 to 97, 49.3% to 46.0%; total votes 211. | Dem Primary Public Advocate: Jumaane D. Williams beat Marty Dolan, 119 to 29, 68.0% to 16.6%; total votes 175. | Dem Primary Comptroller: Mark D. Levine beat Ismael Malave Perez, 89 to 48, 50.9% to 27.4%; total votes 175.", "mayor_margin": 19.5, "q2_yes": 72.4, "q3_yes": 61.2, "q4_yes": 73.9}, "geometry": {"type": "MultiPolygon", "coordinates": [[[[-73.9251288, 40.8614523], [-73.9250961, 40.8614191], [-73.9252817, 40.8610294], [-73.9253126, 40.8609646], [-73.9253437, 40.8608992], [-73.9253673, 40.8608496], [-73.9254716, 40.8608796], [-73.9257989, 40.8604555], [-73.926786, 40.8599444], [-73.9272254, 40.8606043], [-73.9273297, 40.8606467], [-73.9285985, 40.862614], [-73.9277662, 40.8629254], [-73.9265023, 40.8609559], [-73.925669, 40.861259], [-73.9254183, 40.8613499], [-73.9253688, 40.8613659], [-73.9252591, 40.8614045], [-73.9251288, 40.8614523]]]]}}, {"type": "Feature", "properties": {"felt:feature": 53, "ed_label": "AD 72 ED 024", "elect_dist": "72024", "borough": "Manhattan", "community_board": 12, "community_board_label": "Manhattan CB12", "popup_title": "Manhattan CB12 \u2014 AD 72 ED 024", "general_mayor": "ZOHRAN KWAME MAMDANI beat ANDREW M. CUOMO, 228 to 131, 60.3% to 34.7%; total votes 378.", "general_mayor_winner": "Mamdani", "general_public_advocate": "JUMAANE D. WILLIAMS beat GONZALO DURAN, 271 to 51, 83.4% to 15.7%; total votes 325.", "general_public_advocate_winner": "Williams", "general_comptroller": "MARK D. LEVINE beat PETER KEFALAS, 260 to 35, 80.7% to 10.9%; total votes 322.", "general_comptroller_winner": "Levine", "question_1": "Disapprove beat Approve, 156 to 124, 55.7% to 44.3%; total votes 280.", "question_1_winner": "No-disapprove!", "question_2": "Approve beat Disapprove, 203 to 85, 70.5% to 29.5%; total votes 288.", "question_2_winner": "Yes-approve!", "question_3": "Approve beat Disapprove, 164 to 112, 59.4% to 40.6%; total votes 276.", "question_3_winner": "Yes-approve!", "question_4": "Approve beat Disapprove, 184 to 94, 66.2% to 33.8%; total votes 278.", "question_4_winner": "Yes-approve!", "question_5": "Approve beat Disapprove, 220 to 53, 80.6% to 19.4%; total votes 273.", "question_5_winner": "Yes-approve!", "question_6": "Disapprove beat Approve, 152 to 123, 55.3% to 44.7%; total votes 275.", "question_6_winner": "No-disapprove!", "dem_primary_mayor": "Zohran Kwame Mamdani beat Andrew M. Cuomo, 99 to 81, 51.6% to 42.2%; total votes 192.", "dem_primary_mayor_winner": "Mamdani", "dem_primary_public_advocate": "Jumaane D. Williams beat Jenifer Rajkumar, 112 to 27, 71.8% to 17.3%; total votes 156.", "dem_primary_public_advocate_winner": "Williams", "dem_primary_comptroller": "Mark D. Levine beat Justin Brannan, 76 to 49, 46.9% to 30.2%; total votes 162.", "dem_primary_comptroller_winner": "Levine", "popup_summary": "Mayor: ZOHRAN KWAME MAMDANI beat ANDREW M. CUOMO, 228 to 131, 60.3% to 34.7%; total votes 378. | Public Advocate: JUMAANE D. WILLIAMS beat GONZALO DURAN, 271 to 51, 83.4% to 15.7%; total votes 325. | City Comptroller: MARK D. LEVINE beat PETER KEFALAS, 260 to 35, 80.7% to 10.9%; total votes 322. | Question 1: Disapprove beat Approve, 156 to 124, 55.7% to 44.3%; total votes 280. | Question 2: Approve beat Disapprove, 203 to 85, 70.5% to 29.5%; total votes 288. | Question 3: Approve beat Disapprove, 164 to 112, 59.4% to 40.6%; total votes 276. | Question 4: Approve beat Disapprove, 184 to 94, 66.2% to 33.8%; total votes 278. | Question 5: Approve beat Disapprove, 220 to 53, 80.6% to 19.4%; total votes 273. | Question 6: Disapprove beat Approve, 152 to 123, 55.3% to 44.7%; total votes 275. | Dem Primary Mayor: Zohran Kwame Mamdani beat Andrew M. Cuomo, 99 to 81, 51.6% to 42.2%; total votes 192. | Dem Primary Public Advocate: Jumaane D. Williams beat Jenifer Rajkumar, 112 to 27, 71.8% to 17.3%; total votes 156. | Dem Primary Comptroller: Mark D. Levine beat Justin Brannan, 76 to 49, 46.9% to 30.2%; total votes 162.", "mayor_margin": 25.6, "q2_yes": 70.5, "q3_yes": 59.4, "q4_yes": 66.2}, "geometry": {"type": "MultiPolygon", "coordinates": [[[[-73.9273297, 40.8606467], [-73.9284196, 40.860242], [-73.9288216, 40.8608603], [-73.9292564, 40.8615385], [-73.9296944, 40.8622155], [-73.9294284, 40.8623127], [-73.9285985, 40.862614], [-73.9273297, 40.8606467]]]]}}, {"type": "Feature", "properties": {"felt:feature": 54, "ed_label": "AD 72 ED 025", "elect_dist": "72025", "borough": "Manhattan", "community_board": 12, "community_board_label": "Manhattan CB12", "popup_title": "Manhattan CB12 \u2014 AD 72 ED 025", "general_mayor": "ZOHRAN KWAME MAMDANI beat ANDREW M. CUOMO, 264 to 256, 46.3% to 44.9%; total votes 570.", "general_mayor_winner": "Mamdani", "general_public_advocate": "JUMAANE D. WILLIAMS beat GONZALO DURAN, 351 to 112, 73.1% to 23.3%; total votes 480.", "general_public_advocate_winner": "Williams", "general_comptroller": "MARK D. LEVINE beat PETER KEFALAS, 369 to 95, 76.1% to 19.6%; total votes 485.", "general_comptroller_winner": "Levine", "question_1": "Disapprove beat Approve, 226 to 195, 53.7% to 46.3%; total votes 421.", "question_1_winner": "No-disapprove!", "question_2": "Approve beat Disapprove, 299 to 146, 67.2% to 32.8%; total votes 445.", "question_2_winner": "Yes-approve!", "question_3": "Approve beat Disapprove, 260 to 161, 61.8% to 38.2%; total votes 421.", "question_3_winner": "Yes-approve!", "question_4": "Approve beat Disapprove, 264 to 157, 62.7% to 37.3%; total votes 421.", "question_4_winner": "Yes-approve!", "question_5": "Approve beat Disapprove, 318 to 97, 76.6% to 23.4%; total votes 415.", "question_5_winner": "Yes-approve!", "question_6": "Disapprove beat Approve, 231 to 191, 54.7% to 45.3%; total votes 422.", "question_6_winner": "No-disapprove!", "dem_primary_mayor": "Andrew M. Cuomo beat Zohran Kwame Mamdani, 159 to 111, 49.5% to 34.6%; total votes 321.", "dem_primary_mayor_winner": "Cuomo", "dem_primary_public_advocate": "Jumaane D. Williams beat Jenifer Rajkumar, 194 to 42, 70.0% to 15.2%; total votes 277.", "dem_primary_public_advocate_winner": "Williams", "dem_primary_comptroller": "Mark D. Levine beat Justin Brannan, 180 to 58, 61.9% to 19.9%; total votes 291.", "dem_primary_comptroller_winner": "Levine", "popup_summary": "Mayor: ZOHRAN KWAME MAMDANI beat ANDREW M. CUOMO, 264 to 256, 46.3% to 44.9%; total votes 570. | Public Advocate: JUMAANE D. WILLIAMS beat GONZALO DURAN, 351 to 112, 73.1% to 23.3%; total votes 480. | City Comptroller: MARK D. LEVINE beat PETER KEFALAS, 369 to 95, 76.1% to 19.6%; total votes 485. | Question 1: Disapprove beat Approve, 226 to 195, 53.7% to 46.3%; total votes 421. | Question 2: Approve beat Disapprove, 299 to 146, 67.2% to 32.8%; total votes 445. | Question 3: Approve beat Disapprove, 260 to 161, 61.8% to 38.2%; total votes 421. | Question 4: Approve beat Disapprove, 264 to 157, 62.7% to 37.3%; total votes 421. | Question 5: Approve beat Disapprove, 318 to 97, 76.6% to 23.4%; total votes 415. | Question 6: Disapprove beat Approve, 231 to 191, 54.7% to 45.3%; total votes 422. | Dem Primary Mayor: Andrew M. Cuomo beat Zohran Kwame Mamdani, 159 to 111, 49.5% to 34.6%; total votes 321. | Dem Primary Public Advocate: Jumaane D. Williams beat Jenifer Rajkumar, 194 to 42, 70.0% to 15.2%; total votes 277. | Dem Primary Comptroller: Mark D. Levine beat Justin Brannan, 180 to 58, 61.9% to 19.9%; total votes 291.", "mayor_margin": 1.4, "q2_yes": 67.2, "q3_yes": 61.8, "q4_yes": 62.7}, "geometry": {"type": "MultiPolygon", "coordinates": [[[[-73.9282662, 40.8568081], [-73.9282329, 40.8571683], [-73.9289259, 40.8574448], [-73.9299242, 40.8573597], [-73.9303007, 40.8573227], [-73.9305017, 40.857303], [-73.9312427, 40.8569587], [-73.9314748, 40.8568509], [-73.9313394, 40.8571183], [-73.9309042, 40.8579778], [-73.9306908, 40.8579359], [-73.9305477, 40.8579377], [-73.9281336, 40.858016], [-73.9272786, 40.8587543], [-73.9264505, 40.8595246], [-73.9257585, 40.8603112], [-73.9257286, 40.8603452], [-73.9257014, 40.8603762], [-73.9255451, 40.8605539], [-73.9253673, 40.8608496], [-73.9253437, 40.8608992], [-73.9253126, 40.8609646], [-73.9252817, 40.8610294], [-73.9250961, 40.8614191], [-73.9249497, 40.861307], [-73.9249283, 40.8612868], [-73.9249354, 40.8611109], [-73.9249685, 40.8609009], [-73.9250089, 40.8607563], [-73.9250216, 40.8606952], [-73.9250868, 40.8604998], [-73.9251755, 40.8603088], [-73.9252869, 40.8601249], [-73.9254194, 40.8599502], [-73.925571, 40.8597867], [-73.9257392, 40.8596361], [-73.9259214, 40.8594996], [-73.9261146, 40.8593781], [-73.926297, 40.8592856], [-73.9264688, 40.8591765], [-73.9266263, 40.8590519], [-73.926766, 40.8589135], [-73.926885, 40.8587638], [-73.9269809, 40.8586055], [-73.9270526, 40.8584416], [-73.9270995, 40.8582753], [-73.9271222, 40.8581096], [-73.9269112, 40.8575088], [-73.9273957, 40.8571522], [-73.9282662, 40.8568081]]]]}}, {"type": "Feature", "properties": {"felt:feature": 55, "ed_label": "AD 72 ED 026", "elect_dist": "72026", "borough": "Manhattan", "community_board": 12, "community_board_label": "Manhattan CB12", "popup_title": "Manhattan CB12 \u2014 AD 72 ED 026", "general_mayor": "ZOHRAN KWAME MAMDANI beat ANDREW M. CUOMO, 525 to 219, 67.0% to 27.9%; total votes 784.", "general_mayor_winner": "Mamdani", "general_public_advocate": "JUMAANE D. WILLIAMS beat GONZALO DURAN, 613 to 96, 84.2% to 13.2%; total votes 728.", "general_public_advocate_winner": "Williams", "general_comptroller": "MARK D. LEVINE beat PETER KEFALAS, 607 to 89, 84.5% to 12.4%; total votes 718.", "general_comptroller_winner": "Levine", "question_1": "Disapprove beat Approve, 378 to 328, 53.5% to 46.5%; total votes 706.", "question_1_winner": "No-disapprove!", "question_2": "Approve beat Disapprove, 449 to 265, 62.9% to 37.1%; total votes 714.", "question_2_winner": "Yes-approve!", "question_3": "Approve beat Disapprove, 394 to 299, 56.9% to 43.1%; total votes 693.", "question_3_winner": "Yes-approve!", "question_4": "Approve beat Disapprove, 409 to 286, 58.8% to 41.2%; total votes 695.", "question_4_winner": "Yes-approve!", "question_5": "Approve beat Disapprove, 572 to 118, 82.9% to 17.1%; total votes 690.", "question_5_winner": "Yes-approve!", "question_6": "Disapprove beat Approve, 349 to 343, 50.4% to 49.6%; total votes 692.", "question_6_winner": "No-disapprove!", "dem_primary_mayor": "Zohran Kwame Mamdani beat Andrew M. Cuomo, 287 to 121, 55.2% to 23.3%; total votes 520.", "dem_primary_mayor_winner": "Mamdani", "dem_primary_public_advocate": "Jumaane D. Williams beat Jenifer Rajkumar, 360 to 73, 76.4% to 15.5%; total votes 471.", "dem_primary_public_advocate_winner": "Williams", "dem_primary_comptroller": "Mark D. Levine beat Justin Brannan, 272 to 140, 56.7% to 29.2%; total votes 480.", "dem_primary_comptroller_winner": "Levine", "popup_summary": "Mayor: ZOHRAN KWAME MAMDANI beat ANDREW M. CUOMO, 525 to 219, 67.0% to 27.9%; total votes 784. | Public Advocate: JUMAANE D. WILLIAMS beat GONZALO DURAN, 613 to 96, 84.2% to 13.2%; total votes 728. | City Comptroller: MARK D. LEVINE beat PETER KEFALAS, 607 to 89, 84.5% to 12.4%; total votes 718. | Question 1: Disapprove beat Approve, 378 to 328, 53.5% to 46.5%; total votes 706. | Question 2: Approve beat Disapprove, 449 to 265, 62.9% to 37.1%; total votes 714. | Question 3: Approve beat Disapprove, 394 to 299, 56.9% to 43.1%; total votes 693. | Question 4: Approve beat Disapprove, 409 to 286, 58.8% to 41.2%; total votes 695. | Question 5: Approve beat Disapprove, 572 to 118, 82.9% to 17.1%; total votes 690. | Question 6: Disapprove beat Approve, 349 to 343, 50.4% to 49.6%; total votes 692. | Dem Primary Mayor: Zohran Kwame Mamdani beat Andrew M. Cuomo, 287 to 121, 55.2% to 23.3%; total votes 520. | Dem Primary Public Advocate: Jumaane D. Williams beat Jenifer Rajkumar, 360 to 73, 76.4% to 15.5%; total votes 471. | Dem Primary Comptroller: Mark D. Levine beat Justin Brannan, 272 to 140, 56.7% to 29.2%; total votes 480.", "mayor_margin": 39.1, "q2_yes": 62.9, "q3_yes": 56.9, "q4_yes": 58.8}, "geometry": {"type": "MultiPolygon", "coordinates": [[[[-73.9284196, 40.860242], [-73.9279771, 40.8595454], [-73.930118, 40.8587447], [-73.9311606, 40.8591553], [-73.9313353, 40.8591799], [-73.9313858, 40.8590339], [-73.9314582, 40.8589729], [-73.931817, 40.8582723], [-73.932043, 40.857841], [-73.932983, 40.8581131], [-73.9322838, 40.8594478], [-73.9322557, 40.8594718], [-73.9322232, 40.8594924], [-73.9321869, 40.8595089], [-73.9321478, 40.8595211], [-73.9321067, 40.8595286], [-73.9320645, 40.8595313], [-73.9320223, 40.8595292], [-73.931981, 40.8595222], [-73.9313138, 40.8593273], [-73.9307395, 40.8593956], [-73.9304883, 40.8594873], [-73.9296373, 40.8597927], [-73.9300306, 40.8604167], [-73.9288216, 40.8608603], [-73.9284196, 40.860242]]]]}}, {"type": "Feature", "properties": {"felt:feature": 56, "ed_label": "AD 72 ED 027", "elect_dist": "72027", "borough": "Manhattan", "community_board": 12, "community_board_label": "Manhattan CB12", "popup_title": "Manhattan CB12 \u2014 AD 72 ED 027", "general_mayor": "ZOHRAN KWAME MAMDANI beat ANDREW M. CUOMO, 278 to 159, 58.9% to 33.7%; total votes 472.", "general_mayor_winner": "Mamdani", "general_public_advocate": "JUMAANE D. WILLIAMS beat GONZALO DURAN, 345 to 80, 80.4% to 18.6%; total votes 429.", "general_public_advocate_winner": "Williams", "general_comptroller": "MARK D. LEVINE beat PETER KEFALAS, 345 to 59, 82.7% to 14.1%; total votes 417.", "general_comptroller_winner": "Levine", "question_1": "Disapprove beat Approve, 231 to 173, 57.2% to 42.8%; total votes 404.", "question_1_winner": "No-disapprove!", "question_2": "Approve beat Disapprove, 282 to 131, 68.3% to 31.7%; total votes 413.", "question_2_winner": "Yes-approve!", "question_3": "Approve beat Disapprove, 245 to 153, 61.6% to 38.4%; total votes 398.", "question_3_winner": "Yes-approve!", "question_4": "Approve beat Disapprove, 277 to 128, 68.4% to 31.6%; total votes 405.", "question_4_winner": "Yes-approve!", "question_5": "Approve beat Disapprove, 331 to 66, 83.4% to 16.6%; total votes 397.", "question_5_winner": "Yes-approve!", "question_6": "Disapprove beat Approve, 208 to 192, 52.0% to 48.0%; total votes 400.", "question_6_winner": "No-disapprove!", "dem_primary_mayor": "Zohran Kwame Mamdani beat Andrew M. Cuomo, 158 to 105, 54.1% to 36.0%; total votes 292.", "dem_primary_mayor_winner": "Mamdani", "dem_primary_public_advocate": "Jumaane D. Williams beat Jenifer Rajkumar, 201 to 22, 82.0% to 9.0%; total votes 245.", "dem_primary_public_advocate_winner": "Williams", "dem_primary_comptroller": "Mark D. Levine beat Justin Brannan, 148 to 59, 59.0% to 23.5%; total votes 251.", "dem_primary_comptroller_winner": "Levine", "popup_summary": "Mayor: ZOHRAN KWAME MAMDANI beat ANDREW M. CUOMO, 278 to 159, 58.9% to 33.7%; total votes 472. | Public Advocate: JUMAANE D. WILLIAMS beat GONZALO DURAN, 345 to 80, 80.4% to 18.6%; total votes 429. | City Comptroller: MARK D. LEVINE beat PETER KEFALAS, 345 to 59, 82.7% to 14.1%; total votes 417. | Question 1: Disapprove beat Approve, 231 to 173, 57.2% to 42.8%; total votes 404. | Question 2: Approve beat Disapprove, 282 to 131, 68.3% to 31.7%; total votes 413. | Question 3: Approve beat Disapprove, 245 to 153, 61.6% to 38.4%; total votes 398. | Question 4: Approve beat Disapprove, 277 to 128, 68.4% to 31.6%; total votes 405. | Question 5: Approve beat Disapprove, 331 to 66, 83.4% to 16.6%; total votes 397. | Question 6: Disapprove beat Approve, 208 to 192, 52.0% to 48.0%; total votes 400. | Dem Primary Mayor: Zohran Kwame Mamdani beat Andrew M. Cuomo, 158 to 105, 54.1% to 36.0%; total votes 292. | Dem Primary Public Advocate: Jumaane D. Williams beat Jenifer Rajkumar, 201 to 22, 82.0% to 9.0%; total votes 245. | Dem Primary Comptroller: Mark D. Levine beat Justin Brannan, 148 to 59, 59.0% to 23.5%; total votes 251.", "mayor_margin": 25.2, "q2_yes": 68.3, "q3_yes": 61.6, "q4_yes": 68.4}, "geometry": {"type": "MultiPolygon", "coordinates": [[[[-73.9253673, 40.8608496], [-73.9255451, 40.8605539], [-73.9257014, 40.8603762], [-73.9257286, 40.8603452], [-73.9257585, 40.8603112], [-73.9264505, 40.8595246], [-73.9272786, 40.8587543], [-73.9276256, 40.8590117], [-73.927769, 40.8588919], [-73.9279262, 40.8587812], [-73.9280957, 40.8586809], [-73.9282756, 40.8585923], [-73.9284638, 40.8585161], [-73.9285893, 40.8584712], [-73.9285895, 40.8584711], [-73.9285896, 40.8584711], [-73.9287242, 40.8584379], [-73.9287243, 40.8584379], [-73.9287244, 40.8584379], [-73.9288653, 40.8584177], [-73.9288654, 40.8584177], [-73.9288655, 40.8584177], [-73.9290092, 40.8584116], [-73.9290093, 40.8584116], [-73.9290094, 40.8584116], [-73.9291524, 40.8584195], [-73.9291525, 40.8584195], [-73.9292912, 40.8584409], [-73.9292914, 40.858441], [-73.9292916, 40.858441], [-73.9294229, 40.8584748], [-73.930118, 40.8587447], [-73.9279771, 40.8595454], [-73.9284196, 40.860242], [-73.9273297, 40.8606467], [-73.9272254, 40.8606043], [-73.926786, 40.8599444], [-73.9257989, 40.8604555], [-73.9254716, 40.8608796], [-73.9253673, 40.8608496]]]]}}, {"type": "Feature", "properties": {"felt:feature": 57, "ed_label": "AD 72 ED 028", "elect_dist": "72028", "borough": "Manhattan", "community_board": 12, "community_board_label": "Manhattan CB12", "popup_title": "Manhattan CB12 \u2014 AD 72 ED 028", "general_mayor": "ZOHRAN KWAME MAMDANI beat ANDREW M. CUOMO, 159 to 74, 64.4% to 30.0%; total votes 247.", "general_mayor_winner": "Mamdani", "general_public_advocate": "JUMAANE D. WILLIAMS beat GONZALO DURAN, 170 to 29, 83.3% to 14.2%; total votes 204.", "general_public_advocate_winner": "Williams", "general_comptroller": "MARK D. LEVINE beat PETER KEFALAS, 165 to 22, 83.3% to 11.1%; total votes 198.", "general_comptroller_winner": "Levine", "question_1": "Disapprove beat Approve, 113 to 71, 61.4% to 38.6%; total votes 184.", "question_1_winner": "No-disapprove!", "question_2": "Approve beat Disapprove, 126 to 62, 67.0% to 33.0%; total votes 188.", "question_2_winner": "Yes-approve!", "question_3": "Approve beat Disapprove, 114 to 67, 63.0% to 37.0%; total votes 181.", "question_3_winner": "Yes-approve!", "question_4": "Approve beat Disapprove, 122 to 65, 65.2% to 34.8%; total votes 187.", "question_4_winner": "Yes-approve!", "question_5": "Approve beat Disapprove, 136 to 47, 74.3% to 25.7%; total votes 183.", "question_5_winner": "Yes-approve!", "question_6": "Approve beat Disapprove, 96 to 90, 51.6% to 48.4%; total votes 186.", "question_6_winner": "Yes-approve!", "dem_primary_mayor": "Zohran Kwame Mamdani beat Andrew M. Cuomo, 69 to 49, 47.9% to 34.0%; total votes 144.", "dem_primary_mayor_winner": "Mamdani", "dem_primary_public_advocate": "Jumaane D. Williams beat Jenifer Rajkumar, 86 to 25, 72.9% to 21.2%; total votes 118.", "dem_primary_public_advocate_winner": "Williams", "dem_primary_comptroller": "Mark D. Levine beat Justin Brannan, 56 to 30, 48.3% to 25.9%; total votes 116.", "dem_primary_comptroller_winner": "Levine", "popup_summary": "Mayor: ZOHRAN KWAME MAMDANI beat ANDREW M. CUOMO, 159 to 74, 64.4% to 30.0%; total votes 247. | Public Advocate: JUMAANE D. WILLIAMS beat GONZALO DURAN, 170 to 29, 83.3% to 14.2%; total votes 204. | City Comptroller: MARK D. LEVINE beat PETER KEFALAS, 165 to 22, 83.3% to 11.1%; total votes 198. | Question 1: Disapprove beat Approve, 113 to 71, 61.4% to 38.6%; total votes 184. | Question 2: Approve beat Disapprove, 126 to 62, 67.0% to 33.0%; total votes 188. | Question 3: Approve beat Disapprove, 114 to 67, 63.0% to 37.0%; total votes 181. | Question 4: Approve beat Disapprove, 122 to 65, 65.2% to 34.8%; total votes 187. | Question 5: Approve beat Disapprove, 136 to 47, 74.3% to 25.7%; total votes 183. | Question 6: Approve beat Disapprove, 96 to 90, 51.6% to 48.4%; total votes 186. | Dem Primary Mayor: Zohran Kwame Mamdani beat Andrew M. Cuomo, 69 to 49, 47.9% to 34.0%; total votes 144. | Dem Primary Public Advocate: Jumaane D. Williams beat Jenifer Rajkumar, 86 to 25, 72.9% to 21.2%; total votes 118. | Dem Primary Comptroller: Mark D. Levine beat Justin Brannan, 56 to 30, 48.3% to 25.9%; total votes 116.", "mayor_margin": 34.4, "q2_yes": 67.0, "q3_yes": 63.0, "q4_yes": 65.2}, "geometry": {"type": "MultiPolygon", "coordinates": [[[[-73.9288216, 40.8608603], [-73.9300306, 40.8604167], [-73.9296373, 40.8597927], [-73.9304883, 40.8594873], [-73.9307395, 40.8593956], [-73.9313138, 40.8593273], [-73.9312239, 40.8596584], [-73.9307709, 40.8606407], [-73.9301106, 40.8617545], [-73.9300028, 40.8621027], [-73.9296944, 40.8622155], [-73.9292564, 40.8615385], [-73.9288216, 40.8608603]]]]}}, {"type": "Feature", "properties": {"felt:feature": 58, "ed_label": "AD 72 ED 029", "elect_dist": "72029", "borough": "Manhattan", "community_board": 12, "community_board_label": "Manhattan CB12", "popup_title": "Manhattan CB12 \u2014 AD 72 ED 029", "general_mayor": "ZOHRAN KWAME MAMDANI beat ANDREW M. CUOMO, 352 to 146, 67.6% to 28.0%; total votes 521.", "general_mayor_winner": "Mamdani", "general_public_advocate": "JUMAANE D. WILLIAMS beat GONZALO DURAN, 411 to 54, 86.5% to 11.4%; total votes 475.", "general_public_advocate_winner": "Williams", "general_comptroller": "MARK D. LEVINE beat PETER KEFALAS, 403 to 44, 86.5% to 9.4%; total votes 466.", "general_comptroller_winner": "Levine", "question_1": "Disapprove beat Approve, 259 to 178, 59.3% to 40.7%; total votes 437.", "question_1_winner": "No-disapprove!", "question_2": "Approve beat Disapprove, 297 to 147, 66.9% to 33.1%; total votes 444.", "question_2_winner": "Yes-approve!", "question_3": "Approve beat Disapprove, 260 to 179, 59.2% to 40.8%; total votes 439.", "question_3_winner": "Yes-approve!", "question_4": "Approve beat Disapprove, 289 to 146, 66.4% to 33.6%; total votes 435.", "question_4_winner": "Yes-approve!", "question_5": "Approve beat Disapprove, 339 to 96, 77.9% to 22.1%; total votes 435.", "question_5_winner": "Yes-approve!", "question_6": "Disapprove beat Approve, 221 to 213, 50.9% to 49.1%; total votes 434.", "question_6_winner": "No-disapprove!", "dem_primary_mayor": "Zohran Kwame Mamdani beat Andrew M. Cuomo, 175 to 82, 59.5% to 27.9%; total votes 294.", "dem_primary_mayor_winner": "Mamdani", "dem_primary_public_advocate": "Jumaane D. Williams beat Jenifer Rajkumar, 196 to 43, 75.7% to 16.6%; total votes 259.", "dem_primary_public_advocate_winner": "Williams", "dem_primary_comptroller": "Mark D. Levine beat Justin Brannan, 131 to 84, 48.3% to 31.0%; total votes 271.", "dem_primary_comptroller_winner": "Levine", "popup_summary": "Mayor: ZOHRAN KWAME MAMDANI beat ANDREW M. CUOMO, 352 to 146, 67.6% to 28.0%; total votes 521. | Public Advocate: JUMAANE D. WILLIAMS beat GONZALO DURAN, 411 to 54, 86.5% to 11.4%; total votes 475. | City Comptroller: MARK D. LEVINE beat PETER KEFALAS, 403 to 44, 86.5% to 9.4%; total votes 466. | Question 1: Disapprove beat Approve, 259 to 178, 59.3% to 40.7%; total votes 437. | Question 2: Approve beat Disapprove, 297 to 147, 66.9% to 33.1%; total votes 444. | Question 3: Approve beat Disapprove, 260 to 179, 59.2% to 40.8%; total votes 439. | Question 4: Approve beat Disapprove, 289 to 146, 66.4% to 33.6%; total votes 435. | Question 5: Approve beat Disapprove, 339 to 96, 77.9% to 22.1%; total votes 435. | Question 6: Disapprove beat Approve, 221 to 213, 50.9% to 49.1%; total votes 434. | Dem Primary Mayor: Zohran Kwame Mamdani beat Andrew M. Cuomo, 175 to 82, 59.5% to 27.9%; total votes 294. | Dem Primary Public Advocate: Jumaane D. Williams beat Jenifer Rajkumar, 196 to 43, 75.7% to 16.6%; total votes 259. | Dem Primary Comptroller: Mark D. Levine beat Justin Brannan, 131 to 84, 48.3% to 31.0%; total votes 271.", "mayor_margin": 39.6, "q2_yes": 66.9, "q3_yes": 59.2, "q4_yes": 66.4}, "geometry": {"type": "MultiPolygon", "coordinates": [[[[-73.930118, 40.8587447], [-73.9294229, 40.8584748], [-73.9292916, 40.858441], [-73.9292914, 40.858441], [-73.9292912, 40.8584409], [-73.9291525, 40.8584195], [-73.9291524, 40.8584195], [-73.9290094, 40.8584116], [-73.9290093, 40.8584116], [-73.9290092, 40.8584116], [-73.9288655, 40.8584177], [-73.9288654, 40.8584177], [-73.9288653, 40.8584177], [-73.9287244, 40.8584379], [-73.9287243, 40.8584379], [-73.9287242, 40.8584379], [-73.9285896, 40.8584711], [-73.9285895, 40.8584711], [-73.9285893, 40.8584712], [-73.9284638, 40.8585161], [-73.9282756, 40.8585923], [-73.9280957, 40.8586809], [-73.9279262, 40.8587812], [-73.927769, 40.8588919], [-73.9276256, 40.8590117], [-73.9272786, 40.8587543], [-73.9281336, 40.858016], [-73.9305477, 40.8579377], [-73.9306908, 40.8579359], [-73.9309042, 40.8579778], [-73.9313394, 40.8571183], [-73.9314748, 40.8568509], [-73.9320376, 40.8565851], [-73.9320787, 40.8565774], [-73.9321208, 40.8565751], [-73.9321628, 40.8565781], [-73.9322036, 40.8565865], [-73.9326316, 40.856716], [-73.932043, 40.857841], [-73.931817, 40.8582723], [-73.9314582, 40.8589729], [-73.9313858, 40.8590339], [-73.9313353, 40.8591799], [-73.9311606, 40.8591553], [-73.930118, 40.8587447]]]]}}, {"type": "Feature", "properties": {"felt:feature": 59, "ed_label": "AD 72 ED 030", "elect_dist": "72030", "borough": "Manhattan", "community_board": 12, "community_board_label": "Manhattan CB12", "popup_title": "Manhattan CB12 \u2014 AD 72 ED 030", "general_mayor": "ZOHRAN KWAME MAMDANI beat ANDREW M. CUOMO, 334 to 135, 66.8% to 27.0%; total votes 500.", "general_mayor_winner": "Mamdani", "general_public_advocate": "JUMAANE D. WILLIAMS beat GONZALO DURAN, 396 to 69, 83.5% to 14.6%; total votes 474.", "general_public_advocate_winner": "Williams", "general_comptroller": "MARK D. LEVINE beat PETER KEFALAS, 393 to 61, 84.9% to 13.2%; total votes 463.", "general_comptroller_winner": "Levine", "question_1": "Disapprove beat Approve, 277 to 183, 60.2% to 39.8%; total votes 460.", "question_1_winner": "No-disapprove!", "question_2": "Approve beat Disapprove, 303 to 161, 65.3% to 34.7%; total votes 464.", "question_2_winner": "Yes-approve!", "question_3": "Approve beat Disapprove, 268 to 187, 58.9% to 41.1%; total votes 455.", "question_3_winner": "Yes-approve!", "question_4": "Approve beat Disapprove, 294 to 166, 63.9% to 36.1%; total votes 460.", "question_4_winner": "Yes-approve!", "question_5": "Approve beat Disapprove, 391 to 71, 84.6% to 15.4%; total votes 462.", "question_5_winner": "Yes-approve!", "question_6": "Disapprove beat Approve, 238 to 221, 51.9% to 48.1%; total votes 459.", "question_6_winner": "No-disapprove!", "dem_primary_mayor": "Zohran Kwame Mamdani beat Andrew M. Cuomo, 172 to 62, 57.5% to 20.7%; total votes 299.", "dem_primary_mayor_winner": "Mamdani", "dem_primary_public_advocate": "Jumaane D. Williams beat Jenifer Rajkumar, 212 to 38, 79.4% to 14.2%; total votes 267.", "dem_primary_public_advocate_winner": "Williams", "dem_primary_comptroller": "Mark D. Levine beat Justin Brannan, 140 to 96, 52.6% to 36.1%; total votes 266.", "dem_primary_comptroller_winner": "Levine", "popup_summary": "Mayor: ZOHRAN KWAME MAMDANI beat ANDREW M. CUOMO, 334 to 135, 66.8% to 27.0%; total votes 500. | Public Advocate: JUMAANE D. WILLIAMS beat GONZALO DURAN, 396 to 69, 83.5% to 14.6%; total votes 474. | City Comptroller: MARK D. LEVINE beat PETER KEFALAS, 393 to 61, 84.9% to 13.2%; total votes 463. | Question 1: Disapprove beat Approve, 277 to 183, 60.2% to 39.8%; total votes 460. | Question 2: Approve beat Disapprove, 303 to 161, 65.3% to 34.7%; total votes 464. | Question 3: Approve beat Disapprove, 268 to 187, 58.9% to 41.1%; total votes 455. | Question 4: Approve beat Disapprove, 294 to 166, 63.9% to 36.1%; total votes 460. | Question 5: Approve beat Disapprove, 391 to 71, 84.6% to 15.4%; total votes 462. | Question 6: Disapprove beat Approve, 238 to 221, 51.9% to 48.1%; total votes 459. | Dem Primary Mayor: Zohran Kwame Mamdani beat Andrew M. Cuomo, 172 to 62, 57.5% to 20.7%; total votes 299. | Dem Primary Public Advocate: Jumaane D. Williams beat Jenifer Rajkumar, 212 to 38, 79.4% to 14.2%; total votes 267. | Dem Primary Comptroller: Mark D. Levine beat Justin Brannan, 140 to 96, 52.6% to 36.1%; total votes 266.", "mayor_margin": 39.8, "q2_yes": 65.3, "q3_yes": 58.9, "q4_yes": 63.9}, "geometry": {"type": "MultiPolygon", "coordinates": [[[[-73.932043, 40.857841], [-73.9326316, 40.856716], [-73.9327605, 40.8565031], [-73.9333122, 40.8553346], [-73.9342719, 40.8555826], [-73.9341075, 40.8560207], [-73.9336811, 40.8567818], [-73.93343, 40.8572742], [-73.932983, 40.8581131], [-73.932043, 40.857841]]]]}}, {"type": "Feature", "properties": {"felt:feature": 60, "ed_label": "AD 72 ED 031", "elect_dist": "72031", "borough": "Manhattan", "community_board": 12, "community_board_label": "Manhattan CB12", "popup_title": "Manhattan CB12 \u2014 AD 72 ED 031", "general_mayor": "ZOHRAN KWAME MAMDANI beat ANDREW M. CUOMO, 215 to 145, 58.0% to 39.1%; total votes 371.", "general_mayor_winner": "Mamdani", "general_public_advocate": "JUMAANE D. WILLIAMS beat GONZALO DURAN, 264 to 46, 83.5% to 14.6%; total votes 316.", "general_public_advocate_winner": "Williams", "general_comptroller": "MARK D. LEVINE beat PETER KEFALAS, 262 to 34, 84.0% to 10.9%; total votes 312.", "general_comptroller_winner": "Levine", "question_1": "Disapprove beat Approve, 167 to 100, 62.5% to 37.5%; total votes 267.", "question_1_winner": "No-disapprove!", "question_2": "Approve beat Disapprove, 217 to 69, 75.9% to 24.1%; total votes 286.", "question_2_winner": "Yes-approve!", "question_3": "Approve beat Disapprove, 182 to 84, 68.4% to 31.6%; total votes 266.", "question_3_winner": "Yes-approve!", "question_4": "Approve beat Disapprove, 198 to 72, 73.3% to 26.7%; total votes 270.", "question_4_winner": "Yes-approve!", "question_5": "Approve beat Disapprove, 219 to 46, 82.6% to 17.4%; total votes 265.", "question_5_winner": "Yes-approve!", "question_6": "Approve beat Disapprove, 133 to 131, 50.4% to 49.6%; total votes 264.", "question_6_winner": "Yes-approve!", "dem_primary_mayor": "Zohran Kwame Mamdani beat Andrew M. Cuomo, 94 to 83, 49.0% to 43.2%; total votes 192.", "dem_primary_mayor_winner": "Mamdani", "dem_primary_public_advocate": "Jumaane D. Williams beat Jenifer Rajkumar, 131 to 21, 78.9% to 12.7%; total votes 166.", "dem_primary_public_advocate_winner": "Williams", "dem_primary_comptroller": "Mark D. Levine beat Justin Brannan, 105 to 34, 61.0% to 19.8%; total votes 172.", "dem_primary_comptroller_winner": "Levine", "popup_summary": "Mayor: ZOHRAN KWAME MAMDANI beat ANDREW M. CUOMO, 215 to 145, 58.0% to 39.1%; total votes 371. | Public Advocate: JUMAANE D. WILLIAMS beat GONZALO DURAN, 264 to 46, 83.5% to 14.6%; total votes 316. | City Comptroller: MARK D. LEVINE beat PETER KEFALAS, 262 to 34, 84.0% to 10.9%; total votes 312. | Question 1: Disapprove beat Approve, 167 to 100, 62.5% to 37.5%; total votes 267. | Question 2: Approve beat Disapprove, 217 to 69, 75.9% to 24.1%; total votes 286. | Question 3: Approve beat Disapprove, 182 to 84, 68.4% to 31.6%; total votes 266. | Question 4: Approve beat Disapprove, 198 to 72, 73.3% to 26.7%; total votes 270. | Question 5: Approve beat Disapprove, 219 to 46, 82.6% to 17.4%; total votes 265. | Question 6: Approve beat Disapprove, 133 to 131, 50.4% to 49.6%; total votes 264. | Dem Primary Mayor: Zohran Kwame Mamdani beat Andrew M. Cuomo, 94 to 83, 49.0% to 43.2%; total votes 192. | Dem Primary Public Advocate: Jumaane D. Williams beat Jenifer Rajkumar, 131 to 21, 78.9% to 12.7%; total votes 166. | Dem Primary Comptroller: Mark D. Levine beat Justin Brannan, 105 to 34, 61.0% to 19.8%; total votes 172.", "mayor_margin": 18.9, "q2_yes": 75.9, "q3_yes": 68.4, "q4_yes": 73.3}, "geometry": {"type": "MultiPolygon", "coordinates": [[[[-73.9282662, 40.8568081], [-73.928411, 40.8566061], [-73.9285845, 40.8566501], [-73.9285847, 40.8566502], [-73.9285848, 40.8566502], [-73.9287657, 40.8566808], [-73.9287658, 40.8566808], [-73.928766, 40.8566808], [-73.928843, 40.8566876], [-73.9289514, 40.8566971], [-73.9289518, 40.8566971], [-73.928952, 40.8566971], [-73.9291392, 40.8566984], [-73.9291394, 40.8566984], [-73.9291397, 40.8566984], [-73.9293254, 40.8566848], [-73.9293257, 40.8566848], [-73.929326, 40.8566848], [-73.9295074, 40.8566568], [-73.9295076, 40.8566567], [-73.9295078, 40.8566567], [-73.9296823, 40.8566151], [-73.9298325, 40.8565548], [-73.9299743, 40.8564805], [-73.9301045, 40.8563934], [-73.9302201, 40.8562951], [-73.9303188, 40.8561879], [-73.9303992, 40.8560743], [-73.9306591, 40.8557219], [-73.9308732, 40.8554264], [-73.9316556, 40.8557544], [-73.9312957, 40.8562452], [-73.9312102, 40.8563872], [-73.9312101, 40.8563873], [-73.9312101, 40.8563874], [-73.9311078, 40.8565248], [-73.9311077, 40.8565248], [-73.9311077, 40.8565249], [-73.9309891, 40.8566561], [-73.9309891, 40.8566561], [-73.9308553, 40.8567794], [-73.9307079, 40.8568934], [-73.9307078, 40.8568935], [-73.9307077, 40.8568935], [-73.9305485, 40.8569968], [-73.9305484, 40.8569969], [-73.9305483, 40.8569969], [-73.9303792, 40.8570886], [-73.9303791, 40.8570887], [-73.9303789, 40.8570888], [-73.930202, 40.8571682], [-73.9301547, 40.8571783], [-73.9301095, 40.857193], [-73.9300673, 40.8572121], [-73.9300289, 40.8572353], [-73.9299947, 40.8572622], [-73.9299656, 40.8572922], [-73.929942, 40.8573249], [-73.9299242, 40.8573597], [-73.9289259, 40.8574448], [-73.9282329, 40.8571683], [-73.9282662, 40.8568081]]]]}}, {"type": "Feature", "properties": {"felt:feature": 61, "ed_label": "AD 72 ED 032", "elect_dist": "72032", "borough": "Manhattan", "community_board": 12, "community_board_label": "Manhattan CB12", "popup_title": "Manhattan CB12 \u2014 AD 72 ED 032", "general_mayor": "ZOHRAN KWAME MAMDANI beat ANDREW M. CUOMO, 322 to 174, 62.0% to 33.5%; total votes 519.", "general_mayor_winner": "Mamdani", "general_public_advocate": "JUMAANE D. WILLIAMS beat GONZALO DURAN, 397 to 56, 86.1% to 12.1%; total votes 461.", "general_public_advocate_winner": "Williams", "general_comptroller": "MARK D. LEVINE beat PETER KEFALAS, 388 to 42, 87.6% to 9.5%; total votes 443.", "general_comptroller_winner": "Levine", "question_1": "Disapprove beat Approve, 262 to 176, 59.8% to 40.2%; total votes 438.", "question_1_winner": "No-disapprove!", "question_2": "Approve beat Disapprove, 291 to 153, 65.5% to 34.5%; total votes 444.", "question_2_winner": "Yes-approve!", "question_3": "Approve beat Disapprove, 262 to 169, 60.8% to 39.2%; total votes 431.", "question_3_winner": "Yes-approve!", "question_4": "Approve beat Disapprove, 276 to 155, 64.0% to 36.0%; total votes 431.", "question_4_winner": "Yes-approve!", "question_5": "Approve beat Disapprove, 349 to 88, 79.9% to 20.1%; total votes 437.", "question_5_winner": "Yes-approve!", "question_6": "Disapprove beat Approve, 225 to 210, 51.7% to 48.3%; total votes 435.", "question_6_winner": "No-disapprove!", "dem_primary_mayor": "Zohran Kwame Mamdani beat Andrew M. Cuomo, 146 to 123, 45.6% to 38.4%; total votes 320.", "dem_primary_mayor_winner": "Mamdani", "dem_primary_public_advocate": "Jumaane D. Williams beat Jenifer Rajkumar, 203 to 41, 74.1% to 15.0%; total votes 274.", "dem_primary_public_advocate_winner": "Williams", "dem_primary_comptroller": "Mark D. Levine beat Justin Brannan, 168 to 64, 59.4% to 22.6%; total votes 283.", "dem_primary_comptroller_winner": "Levine", "popup_summary": "Mayor: ZOHRAN KWAME MAMDANI beat ANDREW M. CUOMO, 322 to 174, 62.0% to 33.5%; total votes 519. | Public Advocate: JUMAANE D. WILLIAMS beat GONZALO DURAN, 397 to 56, 86.1% to 12.1%; total votes 461. | City Comptroller: MARK D. LEVINE beat PETER KEFALAS, 388 to 42, 87.6% to 9.5%; total votes 443. | Question 1: Disapprove beat Approve, 262 to 176, 59.8% to 40.2%; total votes 438. | Question 2: Approve beat Disapprove, 291 to 153, 65.5% to 34.5%; total votes 444. | Question 3: Approve beat Disapprove, 262 to 169, 60.8% to 39.2%; total votes 431. | Question 4: Approve beat Disapprove, 276 to 155, 64.0% to 36.0%; total votes 431. | Question 5: Approve beat Disapprove, 349 to 88, 79.9% to 20.1%; total votes 437. | Question 6: Disapprove beat Approve, 225 to 210, 51.7% to 48.3%; total votes 435. | Dem Primary Mayor: Zohran Kwame Mamdani beat Andrew M. Cuomo, 146 to 123, 45.6% to 38.4%; total votes 320. | Dem Primary Public Advocate: Jumaane D. Williams beat Jenifer Rajkumar, 203 to 41, 74.1% to 15.0%; total votes 274. | Dem Primary Comptroller: Mark D. Levine beat Justin Brannan, 168 to 64, 59.4% to 22.6%; total votes 283.", "mayor_margin": 28.5, "q2_yes": 65.5, "q3_yes": 60.8, "q4_yes": 64.0}, "geometry": {"type": "MultiPolygon", "coordinates": [[[[-73.9308732, 40.8554264], [-73.9313149, 40.8548286], [-73.9317741, 40.8542018], [-73.9322283, 40.8535818], [-73.9337048, 40.8541691], [-73.9333122, 40.8553346], [-73.9327605, 40.8565031], [-73.9326316, 40.856716], [-73.9322036, 40.8565865], [-73.9321628, 40.8565781], [-73.9321208, 40.8565751], [-73.9320787, 40.8565774], [-73.9320376, 40.8565851], [-73.9314748, 40.8568509], [-73.9312427, 40.8569587], [-73.9305017, 40.857303], [-73.9303007, 40.8573227], [-73.9299242, 40.8573597], [-73.929942, 40.8573249], [-73.9299656, 40.8572922], [-73.9299947, 40.8572622], [-73.9300289, 40.8572353], [-73.9300673, 40.8572121], [-73.9301095, 40.857193], [-73.9301547, 40.8571783], [-73.930202, 40.8571682], [-73.9303789, 40.8570888], [-73.9303791, 40.8570887], [-73.9303792, 40.8570886], [-73.9305483, 40.8569969], [-73.9305484, 40.8569969], [-73.9305485, 40.8569968], [-73.9307077, 40.8568935], [-73.9307078, 40.8568935], [-73.9307079, 40.8568934], [-73.9308553, 40.8567794], [-73.9309891, 40.8566561], [-73.9309891, 40.8566561], [-73.9311077, 40.8565249], [-73.9311077, 40.8565248], [-73.9311078, 40.8565248], [-73.9312101, 40.8563874], [-73.9312101, 40.8563873], [-73.9312102, 40.8563872], [-73.9312957, 40.8562452], [-73.9316556, 40.8557544], [-73.9308732, 40.8554264]]]]}}, {"type": "Feature", "properties": {"felt:feature": 62, "ed_label": "AD 72 ED 033", "elect_dist": "72033", "borough": "Manhattan", "community_board": 12, "community_board_label": "Manhattan CB12", "popup_title": "Manhattan CB12 \u2014 AD 72 ED 033", "general_mayor": "ZOHRAN KWAME MAMDANI beat ANDREW M. CUOMO, 280 to 181, 58.3% to 37.7%; total votes 480.", "general_mayor_winner": "Mamdani", "general_public_advocate": "JUMAANE D. WILLIAMS beat GONZALO DURAN, 354 to 74, 80.6% to 16.9%; total votes 439.", "general_public_advocate_winner": "Williams", "general_comptroller": "MARK D. LEVINE beat PETER KEFALAS, 371 to 52, 85.5% to 12.0%; total votes 434.", "general_comptroller_winner": "Levine", "question_1": "Disapprove beat Approve, 213 to 207, 50.7% to 49.3%; total votes 420.", "question_1_winner": "No-disapprove!", "question_2": "Approve beat Disapprove, 274 to 153, 64.2% to 35.8%; total votes 427.", "question_2_winner": "Yes-approve!", "question_3": "Approve beat Disapprove, 266 to 160, 62.4% to 37.6%; total votes 426.", "question_3_winner": "Yes-approve!", "question_4": "Approve beat Disapprove, 267 to 149, 64.2% to 35.8%; total votes 416.", "question_4_winner": "Yes-approve!", "question_5": "Approve beat Disapprove, 341 to 70, 83.0% to 17.0%; total votes 411.", "question_5_winner": "Yes-approve!", "question_6": "Approve beat Disapprove, 210 to 206, 50.5% to 49.5%; total votes 416.", "question_6_winner": "Yes-approve!", "dem_primary_mayor": "Zohran Kwame Mamdani beat Andrew M. Cuomo, 117 to 89, 42.7% to 32.5%; total votes 274.", "dem_primary_mayor_winner": "Mamdani", "dem_primary_public_advocate": "Jumaane D. Williams beat Jenifer Rajkumar, 180 to 30, 78.9% to 13.2%; total votes 228.", "dem_primary_public_advocate_winner": "Williams", "dem_primary_comptroller": "Mark D. Levine beat Justin Brannan, 166 to 60, 65.1% to 23.5%; total votes 255.", "dem_primary_comptroller_winner": "Levine", "popup_summary": "Mayor: ZOHRAN KWAME MAMDANI beat ANDREW M. CUOMO, 280 to 181, 58.3% to 37.7%; total votes 480. | Public Advocate: JUMAANE D. WILLIAMS beat GONZALO DURAN, 354 to 74, 80.6% to 16.9%; total votes 439. | City Comptroller: MARK D. LEVINE beat PETER KEFALAS, 371 to 52, 85.5% to 12.0%; total votes 434. | Question 1: Disapprove beat Approve, 213 to 207, 50.7% to 49.3%; total votes 420. | Question 2: Approve beat Disapprove, 274 to 153, 64.2% to 35.8%; total votes 427. | Question 3: Approve beat Disapprove, 266 to 160, 62.4% to 37.6%; total votes 426. | Question 4: Approve beat Disapprove, 267 to 149, 64.2% to 35.8%; total votes 416. | Question 5: Approve beat Disapprove, 341 to 70, 83.0% to 17.0%; total votes 411. | Question 6: Approve beat Disapprove, 210 to 206, 50.5% to 49.5%; total votes 416. | Dem Primary Mayor: Zohran Kwame Mamdani beat Andrew M. Cuomo, 117 to 89, 42.7% to 32.5%; total votes 274. | Dem Primary Public Advocate: Jumaane D. Williams beat Jenifer Rajkumar, 180 to 30, 78.9% to 13.2%; total votes 228. | Dem Primary Comptroller: Mark D. Levine beat Justin Brannan, 166 to 60, 65.1% to 23.5%; total votes 255.", "mayor_margin": 20.6, "q2_yes": 64.2, "q3_yes": 62.4, "q4_yes": 64.2}, "geometry": {"type": "MultiPolygon", "coordinates": [[[[-73.9333122, 40.8553346], [-73.9337048, 40.8541691], [-73.9322283, 40.8535818], [-73.9327249, 40.8528975], [-73.9332263, 40.8522134], [-73.9344294, 40.852729], [-73.9347755, 40.8520586], [-73.9357174, 40.8523352], [-73.935133, 40.8534789], [-73.9348111, 40.8541292], [-73.9346269, 40.8544894], [-73.9345527, 40.8547178], [-73.9342719, 40.8555826], [-73.9333122, 40.8553346]]]]}}, {"type": "Feature", "properties": {"felt:feature": 63, "ed_label": "AD 72 ED 034", "elect_dist": "72034", "borough": "Manhattan", "community_board": 12, "community_board_label": "Manhattan CB12", "popup_title": "Manhattan CB12 \u2014 AD 72 ED 034", "general_mayor": "ZOHRAN KWAME MAMDANI beat ANDREW M. CUOMO, 125 to 113, 49.6% to 44.8%; total votes 252.", "general_mayor_winner": "Mamdani", "general_public_advocate": "JUMAANE D. WILLIAMS beat GONZALO DURAN, 168 to 37, 80.4% to 17.7%; total votes 209.", "general_public_advocate_winner": "Williams", "general_comptroller": "MARK D. LEVINE beat PETER KEFALAS, 168 to 30, 80.0% to 14.3%; total votes 210.", "general_comptroller_winner": "Levine", "question_1": "Disapprove beat Approve, 95 to 84, 53.1% to 46.9%; total votes 179.", "question_1_winner": "No-disapprove!", "question_2": "Approve beat Disapprove, 137 to 55, 71.4% to 28.6%; total votes 192.", "question_2_winner": "Yes-approve!", "question_3": "Approve beat Disapprove, 117 to 62, 65.4% to 34.6%; total votes 179.", "question_3_winner": "Yes-approve!", "question_4": "Approve beat Disapprove, 128 to 56, 69.6% to 30.4%; total votes 184.", "question_4_winner": "Yes-approve!", "question_5": "Approve beat Disapprove, 146 to 34, 81.1% to 18.9%; total votes 180.", "question_5_winner": "Yes-approve!", "question_6": "Approve beat Disapprove, 108 to 76, 58.7% to 41.3%; total votes 184.", "question_6_winner": "Yes-approve!", "dem_primary_mayor": "Andrew M. Cuomo beat Zohran Kwame Mamdani, 55 to 51, 49.1% to 45.5%; total votes 112.", "dem_primary_mayor_winner": "Cuomo", "dem_primary_public_advocate": "Jumaane D. Williams beat Jenifer Rajkumar, 69 to 19, 68.3% to 18.8%; total votes 101.", "dem_primary_public_advocate_winner": "Williams", "dem_primary_comptroller": "Mark D. Levine beat Ismael Malave Perez, 47 to 26, 46.5% to 25.7%; total votes 101.", "dem_primary_comptroller_winner": "Levine", "popup_summary": "Mayor: ZOHRAN KWAME MAMDANI beat ANDREW M. CUOMO, 125 to 113, 49.6% to 44.8%; total votes 252. | Public Advocate: JUMAANE D. WILLIAMS beat GONZALO DURAN, 168 to 37, 80.4% to 17.7%; total votes 209. | City Comptroller: MARK D. LEVINE beat PETER KEFALAS, 168 to 30, 80.0% to 14.3%; total votes 210. | Question 1: Disapprove beat Approve, 95 to 84, 53.1% to 46.9%; total votes 179. | Question 2: Approve beat Disapprove, 137 to 55, 71.4% to 28.6%; total votes 192. | Question 3: Approve beat Disapprove, 117 to 62, 65.4% to 34.6%; total votes 179. | Question 4: Approve beat Disapprove, 128 to 56, 69.6% to 30.4%; total votes 184. | Question 5: Approve beat Disapprove, 146 to 34, 81.1% to 18.9%; total votes 180. | Question 6: Approve beat Disapprove, 108 to 76, 58.7% to 41.3%; total votes 184. | Dem Primary Mayor: Andrew M. Cuomo beat Zohran Kwame Mamdani, 55 to 51, 49.1% to 45.5%; total votes 112. | Dem Primary Public Advocate: Jumaane D. Williams beat Jenifer Rajkumar, 69 to 19, 68.3% to 18.8%; total votes 101. | Dem Primary Comptroller: Mark D. Levine beat Ismael Malave Perez, 47 to 26, 46.5% to 25.7%; total votes 101.", "mayor_margin": 4.8, "q2_yes": 71.4, "q3_yes": 65.4, "q4_yes": 69.6}, "geometry": {"type": "MultiPolygon", "coordinates": [[[[-73.927781, 40.8549761], [-73.9291686, 40.855557], [-73.9303992, 40.8560743], [-73.9303188, 40.8561879], [-73.9302201, 40.8562951], [-73.9301045, 40.8563934], [-73.9299743, 40.8564805], [-73.9298325, 40.8565548], [-73.9296823, 40.8566151], [-73.9287155, 40.8561812], [-73.9273224, 40.8555944], [-73.927781, 40.8549761]]]]}}, {"type": "Feature", "properties": {"felt:feature": 64, "ed_label": "AD 72 ED 035", "elect_dist": "72035", "borough": "Manhattan", "community_board": 12, "community_board_label": "Manhattan CB12", "popup_title": "Manhattan CB12 \u2014 AD 72 ED 035", "general_mayor": "ZOHRAN KWAME MAMDANI beat ANDREW M. CUOMO, 227 to 114, 65.0% to 32.7%; total votes 349.", "general_mayor_winner": "Mamdani", "general_public_advocate": "JUMAANE D. WILLIAMS beat GONZALO DURAN, 260 to 35, 86.7% to 11.7%; total votes 300.", "general_public_advocate_winner": "Williams", "general_comptroller": "MARK D. LEVINE beat PETER KEFALAS, 256 to 29, 85.3% to 9.7%; total votes 300.", "general_comptroller_winner": "Levine", "question_1": "Disapprove beat Approve, 162 to 116, 58.3% to 41.7%; total votes 278.", "question_1_winner": "No-disapprove!", "question_2": "Approve beat Disapprove, 197 to 95, 67.5% to 32.5%; total votes 292.", "question_2_winner": "Yes-approve!", "question_3": "Approve beat Disapprove, 150 to 127, 54.2% to 45.8%; total votes 277.", "question_3_winner": "Yes-approve!", "question_4": "Approve beat Disapprove, 193 to 92, 67.7% to 32.3%; total votes 285.", "question_4_winner": "Yes-approve!", "question_5": "Approve beat Disapprove, 197 to 74, 72.7% to 27.3%; total votes 271.", "question_5_winner": "Yes-approve!", "question_6": "Disapprove beat Approve, 159 to 114, 58.2% to 41.8%; total votes 273.", "question_6_winner": "No-disapprove!", "dem_primary_mayor": "Zohran Kwame Mamdani beat Andrew M. Cuomo, 103 to 76, 54.2% to 40.0%; total votes 190.", "dem_primary_mayor_winner": "Mamdani", "dem_primary_public_advocate": "Jumaane D. Williams beat Jenifer Rajkumar, 115 to 25, 76.2% to 16.6%; total votes 151.", "dem_primary_public_advocate_winner": "Williams", "dem_primary_comptroller": "Mark D. Levine beat Justin Brannan, 89 to 45, 54.9% to 27.8%; total votes 162.", "dem_primary_comptroller_winner": "Levine", "popup_summary": "Mayor: ZOHRAN KWAME MAMDANI beat ANDREW M. CUOMO, 227 to 114, 65.0% to 32.7%; total votes 349. | Public Advocate: JUMAANE D. WILLIAMS beat GONZALO DURAN, 260 to 35, 86.7% to 11.7%; total votes 300. | City Comptroller: MARK D. LEVINE beat PETER KEFALAS, 256 to 29, 85.3% to 9.7%; total votes 300. | Question 1: Disapprove beat Approve, 162 to 116, 58.3% to 41.7%; total votes 278. | Question 2: Approve beat Disapprove, 197 to 95, 67.5% to 32.5%; total votes 292. | Question 3: Approve beat Disapprove, 150 to 127, 54.2% to 45.8%; total votes 277. | Question 4: Approve beat Disapprove, 193 to 92, 67.7% to 32.3%; total votes 285. | Question 5: Approve beat Disapprove, 197 to 74, 72.7% to 27.3%; total votes 271. | Question 6: Disapprove beat Approve, 159 to 114, 58.2% to 41.8%; total votes 273. | Dem Primary Mayor: Zohran Kwame Mamdani beat Andrew M. Cuomo, 103 to 76, 54.2% to 40.0%; total votes 190. | Dem Primary Public Advocate: Jumaane D. Williams beat Jenifer Rajkumar, 115 to 25, 76.2% to 16.6%; total votes 151. | Dem Primary Comptroller: Mark D. Levine beat Justin Brannan, 89 to 45, 54.9% to 27.8%; total votes 162.", "mayor_margin": 32.3, "q2_yes": 67.5, "q3_yes": 54.2, "q4_yes": 67.7}, "geometry": {"type": "MultiPolygon", "coordinates": [[[[-73.9291686, 40.855557], [-73.9296443, 40.854908], [-73.9300827, 40.8543096], [-73.9305387, 40.853685], [-73.9317741, 40.8542018], [-73.9313149, 40.8548286], [-73.9308732, 40.8554264], [-73.9306591, 40.8557219], [-73.9303992, 40.8560743], [-73.9291686, 40.855557]]]]}}, {"type": "Feature", "properties": {"felt:feature": 65, "ed_label": "AD 72 ED 036", "elect_dist": "72036", "borough": "Manhattan", "community_board": 12, "community_board_label": "Manhattan CB12", "popup_title": "Manhattan CB12 \u2014 AD 72 ED 036", "general_mayor": "ZOHRAN KWAME MAMDANI beat ANDREW M. CUOMO, 181 to 107, 59.7% to 35.3%; total votes 303.", "general_mayor_winner": "Mamdani", "general_public_advocate": "JUMAANE D. WILLIAMS beat GONZALO DURAN, 214 to 39, 83.3% to 15.2%; total votes 257.", "general_public_advocate_winner": "Williams", "general_comptroller": "MARK D. LEVINE beat PETER KEFALAS, 203 to 31, 81.5% to 12.4%; total votes 249.", "general_comptroller_winner": "Levine", "question_1": "Disapprove beat Approve, 106 to 97, 52.2% to 47.8%; total votes 203.", "question_1_winner": "No-disapprove!", "question_2": "Approve beat Disapprove, 149 to 65, 69.6% to 30.4%; total votes 214.", "question_2_winner": "Yes-approve!", "question_3": "Approve beat Disapprove, 133 to 78, 63.0% to 37.0%; total votes 211.", "question_3_winner": "Yes-approve!", "question_4": "Approve beat Disapprove, 135 to 68, 66.5% to 33.5%; total votes 203.", "question_4_winner": "Yes-approve!", "question_5": "Approve beat Disapprove, 154 to 50, 75.5% to 24.5%; total votes 204.", "question_5_winner": "Yes-approve!", "question_6": "Disapprove beat Approve, 108 to 98, 52.4% to 47.6%; total votes 206.", "question_6_winner": "No-disapprove!", "dem_primary_mayor": "Andrew M. Cuomo beat Zohran Kwame Mamdani, 78 to 64, 52.0% to 42.7%; total votes 150.", "dem_primary_mayor_winner": "Cuomo", "dem_primary_public_advocate": "Jumaane D. Williams beat Jenifer Rajkumar, 86 to 17, 76.8% to 15.2%; total votes 112.", "dem_primary_public_advocate_winner": "Williams", "dem_primary_comptroller": "Mark D. Levine beat Justin Brannan, 62 to 26, 53.4% to 22.4%; total votes 116.", "dem_primary_comptroller_winner": "Levine", "popup_summary": "Mayor: ZOHRAN KWAME MAMDANI beat ANDREW M. CUOMO, 181 to 107, 59.7% to 35.3%; total votes 303. | Public Advocate: JUMAANE D. WILLIAMS beat GONZALO DURAN, 214 to 39, 83.3% to 15.2%; total votes 257. | City Comptroller: MARK D. LEVINE beat PETER KEFALAS, 203 to 31, 81.5% to 12.4%; total votes 249. | Question 1: Disapprove beat Approve, 106 to 97, 52.2% to 47.8%; total votes 203. | Question 2: Approve beat Disapprove, 149 to 65, 69.6% to 30.4%; total votes 214. | Question 3: Approve beat Disapprove, 133 to 78, 63.0% to 37.0%; total votes 211. | Question 4: Approve beat Disapprove, 135 to 68, 66.5% to 33.5%; total votes 203. | Question 5: Approve beat Disapprove, 154 to 50, 75.5% to 24.5%; total votes 204. | Question 6: Disapprove beat Approve, 108 to 98, 52.4% to 47.6%; total votes 206. | Dem Primary Mayor: Andrew M. Cuomo beat Zohran Kwame Mamdani, 78 to 64, 52.0% to 42.7%; total votes 150. | Dem Primary Public Advocate: Jumaane D. Williams beat Jenifer Rajkumar, 86 to 17, 76.8% to 15.2%; total votes 112. | Dem Primary Comptroller: Mark D. Levine beat Justin Brannan, 62 to 26, 53.4% to 22.4%; total votes 116.", "mayor_margin": 24.4, "q2_yes": 69.6, "q3_yes": 63.0, "q4_yes": 66.5}, "geometry": {"type": "MultiPolygon", "coordinates": [[[[-73.927781, 40.8549761], [-73.9282543, 40.8543214], [-73.9286915, 40.8537229], [-73.9300827, 40.8543096], [-73.9296443, 40.854908], [-73.9291686, 40.855557], [-73.927781, 40.8549761]]]]}}, {"type": "Feature", "properties": {"felt:feature": 66, "ed_label": "AD 72 ED 037", "elect_dist": "72037", "borough": "Manhattan", "community_board": 12, "community_board_label": "Manhattan CB12", "popup_title": "Manhattan CB12 \u2014 AD 72 ED 037", "general_mayor": "ZOHRAN KWAME MAMDANI beat ANDREW M. CUOMO, 257 to 247, 47.8% to 45.9%; total votes 538.", "general_mayor_winner": "Mamdani", "general_public_advocate": "JUMAANE D. WILLIAMS beat GONZALO DURAN, 286 to 142, 64.3% to 31.9%; total votes 445.", "general_public_advocate_winner": "Williams", "general_comptroller": "MARK D. LEVINE beat PETER KEFALAS, 327 to 104, 71.7% to 22.8%; total votes 456.", "general_comptroller_winner": "Levine", "question_1": "Approve beat Disapprove, 192 to 184, 51.1% to 48.9%; total votes 376.", "question_1_winner": "Yes-approve!", "question_2": "Approve beat Disapprove, 248 to 139, 64.1% to 35.9%; total votes 387.", "question_2_winner": "Yes-approve!", "question_3": "Approve beat Disapprove, 227 to 141, 61.7% to 38.3%; total votes 368.", "question_3_winner": "Yes-approve!", "question_4": "Approve beat Disapprove, 234 to 136, 63.2% to 36.8%; total votes 370.", "question_4_winner": "Yes-approve!", "question_5": "Approve beat Disapprove, 289 to 75, 79.4% to 20.6%; total votes 364.", "question_5_winner": "Yes-approve!", "question_6": "Disapprove beat Approve, 207 to 166, 55.5% to 44.5%; total votes 373.", "question_6_winner": "No-disapprove!", "dem_primary_mayor": "Andrew M. Cuomo beat Zohran Kwame Mamdani, 104 to 99, 43.2% to 41.1%; total votes 241.", "dem_primary_mayor_winner": "Cuomo", "dem_primary_public_advocate": "Jumaane D. Williams beat Jenifer Rajkumar, 126 to 47, 66.0% to 24.6%; total votes 191.", "dem_primary_public_advocate_winner": "Williams", "dem_primary_comptroller": "Mark D. Levine beat Justin Brannan, 124 to 42, 60.2% to 20.4%; total votes 206.", "dem_primary_comptroller_winner": "Levine", "popup_summary": "Mayor: ZOHRAN KWAME MAMDANI beat ANDREW M. CUOMO, 257 to 247, 47.8% to 45.9%; total votes 538. | Public Advocate: JUMAANE D. WILLIAMS beat GONZALO DURAN, 286 to 142, 64.3% to 31.9%; total votes 445. | City Comptroller: MARK D. LEVINE beat PETER KEFALAS, 327 to 104, 71.7% to 22.8%; total votes 456. | Question 1: Approve beat Disapprove, 192 to 184, 51.1% to 48.9%; total votes 376. | Question 2: Approve beat Disapprove, 248 to 139, 64.1% to 35.9%; total votes 387. | Question 3: Approve beat Disapprove, 227 to 141, 61.7% to 38.3%; total votes 368. | Question 4: Approve beat Disapprove, 234 to 136, 63.2% to 36.8%; total votes 370. | Question 5: Approve beat Disapprove, 289 to 75, 79.4% to 20.6%; total votes 364. | Question 6: Disapprove beat Approve, 207 to 166, 55.5% to 44.5%; total votes 373. | Dem Primary Mayor: Andrew M. Cuomo beat Zohran Kwame Mamdani, 104 to 99, 43.2% to 41.1%; total votes 241. | Dem Primary Public Advocate: Jumaane D. Williams beat Jenifer Rajkumar, 126 to 47, 66.0% to 24.6%; total votes 191. | Dem Primary Comptroller: Mark D. Levine beat Justin Brannan, 124 to 42, 60.2% to 20.4%; total votes 206.", "mayor_margin": 1.9, "q2_yes": 64.1, "q3_yes": 61.7, "q4_yes": 63.2}, "geometry": {"type": "MultiPolygon", "coordinates": [[[[-73.9284132, 40.8494], [-73.9286666, 40.8495755], [-73.9282492, 40.8498399], [-73.9279114, 40.8502136], [-73.9274768, 40.8506944], [-73.9270798, 40.8514323], [-73.9281512, 40.8518633], [-73.9279268, 40.8521709], [-73.9276957, 40.8524878], [-73.9291462, 40.8530994], [-73.9305387, 40.853685], [-73.9300827, 40.8543096], [-73.9286915, 40.8537229], [-73.9282543, 40.8543214], [-73.9267994, 40.8537171], [-73.9265468, 40.8537036], [-73.9265039, 40.8536748], [-73.9264663, 40.8536419], [-73.9264347, 40.8536057], [-73.9264096, 40.8535666], [-73.9263249, 40.8534541], [-73.9262724, 40.8533596], [-73.9262265, 40.8532632], [-73.9261875, 40.853165], [-73.9261554, 40.8530654], [-73.9261302, 40.8529647], [-73.9261121, 40.8528631], [-73.9261142, 40.8528279], [-73.9261215, 40.8527931], [-73.9261341, 40.8527591], [-73.9261517, 40.8527265], [-73.9264791, 40.8523123], [-73.926506, 40.8522446], [-73.9265254, 40.8521755], [-73.9265372, 40.8521053], [-73.9265413, 40.8520347], [-73.9265376, 40.851964], [-73.9265262, 40.8518938], [-73.92652, 40.8518411], [-73.9265229, 40.8517883], [-73.9265349, 40.8517361], [-73.9265558, 40.8516857], [-73.9265853, 40.8516377], [-73.9266228, 40.8515931], [-73.9266676, 40.8515526], [-73.9267224, 40.8514454], [-73.9267728, 40.8513369], [-73.926819, 40.8512273], [-73.9268577, 40.8511297], [-73.9268897, 40.8510307], [-73.9269151, 40.8509306], [-73.9269529, 40.8508553], [-73.9269969, 40.8507821], [-73.9270471, 40.8507111], [-73.9271031, 40.8506427], [-73.9271648, 40.8505772], [-73.9272318, 40.8505148], [-73.9273384, 40.8503641], [-73.9274506, 40.8502157], [-73.9275684, 40.8500699], [-73.9276916, 40.8499267], [-73.9280736, 40.8495553], [-73.9282443, 40.8494788], [-73.9284132, 40.8494]]]]}}, {"type": "Feature", "properties": {"felt:feature": 67, "ed_label": "AD 72 ED 038", "elect_dist": "72038", "borough": "Manhattan", "community_board": 12, "community_board_label": "Manhattan CB12", "popup_title": "Manhattan CB12 \u2014 AD 72 ED 038", "general_mayor": "ANDREW M. CUOMO beat ZOHRAN KWAME MAMDANI, 444 to 177, 69.7% to 27.8%; total votes 637.", "general_mayor_winner": "Cuomo", "general_public_advocate": "GONZALO DURAN beat JUMAANE D. WILLIAMS, 257 to 239, 49.3% to 45.9%; total votes 521.", "general_public_advocate_winner": "Duran", "general_comptroller": "MARK D. LEVINE beat PETER KEFALAS, 345 to 182, 63.8% to 33.6%; total votes 541.", "general_comptroller_winner": "Levine", "question_1": "Approve beat Disapprove, 232 to 220, 51.3% to 48.7%; total votes 452.", "question_1_winner": "Yes-approve!", "question_2": "Disapprove beat Approve, 233 to 224, 51.0% to 49.0%; total votes 457.", "question_2_winner": "No-disapprove!", "question_3": "Approve beat Disapprove, 228 to 204, 52.8% to 47.2%; total votes 432.", "question_3_winner": "Yes-approve!", "question_4": "Approve beat Disapprove, 225 to 213, 51.4% to 48.6%; total votes 438.", "question_4_winner": "Yes-approve!", "question_5": "Approve beat Disapprove, 343 to 105, 76.6% to 23.4%; total votes 448.", "question_5_winner": "Yes-approve!", "question_6": "Disapprove beat Approve, 244 to 201, 54.8% to 45.2%; total votes 445.", "question_6_winner": "No-disapprove!", "dem_primary_mayor": "Andrew M. Cuomo beat Zohran Kwame Mamdani, 124 to 76, 55.6% to 34.1%; total votes 223.", "dem_primary_mayor_winner": "Cuomo", "dem_primary_public_advocate": "Jumaane D. Williams beat Jenifer Rajkumar, 109 to 39, 64.1% to 22.9%; total votes 170.", "dem_primary_public_advocate_winner": "Williams", "dem_primary_comptroller": "Mark D. Levine beat Justin Brannan, 134 to 27, 69.4% to 14.0%; total votes 193.", "dem_primary_comptroller_winner": "Levine", "popup_summary": "Mayor: ANDREW M. CUOMO beat ZOHRAN KWAME MAMDANI, 444 to 177, 69.7% to 27.8%; total votes 637. | Public Advocate: GONZALO DURAN beat JUMAANE D. WILLIAMS, 257 to 239, 49.3% to 45.9%; total votes 521. | City Comptroller: MARK D. LEVINE beat PETER KEFALAS, 345 to 182, 63.8% to 33.6%; total votes 541. | Question 1: Approve beat Disapprove, 232 to 220, 51.3% to 48.7%; total votes 452. | Question 2: Disapprove beat Approve, 233 to 224, 51.0% to 49.0%; total votes 457. | Question 3: Approve beat Disapprove, 228 to 204, 52.8% to 47.2%; total votes 432. | Question 4: Approve beat Disapprove, 225 to 213, 51.4% to 48.6%; total votes 438. | Question 5: Approve beat Disapprove, 343 to 105, 76.6% to 23.4%; total votes 448. | Question 6: Disapprove beat Approve, 244 to 201, 54.8% to 45.2%; total votes 445. | Dem Primary Mayor: Andrew M. Cuomo beat Zohran Kwame Mamdani, 124 to 76, 55.6% to 34.1%; total votes 223. | Dem Primary Public Advocate: Jumaane D. Williams beat Jenifer Rajkumar, 109 to 39, 64.1% to 22.9%; total votes 170. | Dem Primary Comptroller: Mark D. Levine beat Justin Brannan, 134 to 27, 69.4% to 14.0%; total votes 193.", "mayor_margin": 41.9, "q2_yes": 51.0, "q3_yes": 52.8, "q4_yes": 51.4}, "geometry": {"type": "MultiPolygon", "coordinates": [[[[-73.9286666, 40.8495755], [-73.9289824, 40.8492561], [-73.9290827, 40.8492796], [-73.9293662, 40.8494088], [-73.9291376, 40.8497145], [-73.9296325, 40.8499135], [-73.929201, 40.8505225], [-73.9301019, 40.8508996], [-73.9306021, 40.851109], [-73.9301007, 40.8517937], [-73.9296029, 40.8524761], [-73.9291462, 40.8530994], [-73.9276957, 40.8524878], [-73.9279268, 40.8521709], [-73.9281512, 40.8518633], [-73.9270798, 40.8514323], [-73.9274768, 40.8506944], [-73.9279114, 40.8502136], [-73.9282492, 40.8498399], [-73.9286666, 40.8495755]]]]}}, {"type": "Feature", "properties": {"felt:feature": 68, "ed_label": "AD 72 ED 039", "elect_dist": "72039", "borough": "Manhattan", "community_board": 12, "community_board_label": "Manhattan CB12", "popup_title": "Manhattan CB12 \u2014 AD 72 ED 039", "general_mayor": "ZOHRAN KWAME MAMDANI beat ANDREW M. CUOMO, 255 to 162, 57.7% to 36.7%; total votes 442.", "general_mayor_winner": "Mamdani", "general_public_advocate": "JUMAANE D. WILLIAMS beat GONZALO DURAN, 297 to 76, 78.4% to 20.1%; total votes 379.", "general_public_advocate_winner": "Williams", "general_comptroller": "MARK D. LEVINE beat PETER KEFALAS, 307 to 41, 84.1% to 11.2%; total votes 365.", "general_comptroller_winner": "Levine", "question_1": "Disapprove beat Approve, 188 to 148, 56.0% to 44.0%; total votes 336.", "question_1_winner": "No-disapprove!", "question_2": "Approve beat Disapprove, 243 to 101, 70.6% to 29.4%; total votes 344.", "question_2_winner": "Yes-approve!", "question_3": "Approve beat Disapprove, 226 to 115, 66.3% to 33.7%; total votes 341.", "question_3_winner": "Yes-approve!", "question_4": "Approve beat Disapprove, 239 to 99, 70.7% to 29.3%; total votes 338.", "question_4_winner": "Yes-approve!", "question_5": "Approve beat Disapprove, 250 to 81, 75.5% to 24.5%; total votes 331.", "question_5_winner": "Yes-approve!", "question_6": "Disapprove beat Approve, 179 to 157, 53.3% to 46.7%; total votes 336.", "question_6_winner": "No-disapprove!", "dem_primary_mayor": "Zohran Kwame Mamdani beat Andrew M. Cuomo, 110 to 102, 49.8% to 46.2%; total votes 221.", "dem_primary_mayor_winner": "Mamdani", "dem_primary_public_advocate": "Jumaane D. Williams beat Jenifer Rajkumar, 126 to 26, 72.4% to 14.9%; total votes 174.", "dem_primary_public_advocate_winner": "Williams", "dem_primary_comptroller": "Mark D. Levine beat Justin Brannan, 96 to 47, 50.5% to 24.7%; total votes 190.", "dem_primary_comptroller_winner": "Levine", "popup_summary": "Mayor: ZOHRAN KWAME MAMDANI beat ANDREW M. CUOMO, 255 to 162, 57.7% to 36.7%; total votes 442. | Public Advocate: JUMAANE D. WILLIAMS beat GONZALO DURAN, 297 to 76, 78.4% to 20.1%; total votes 379. | City Comptroller: MARK D. LEVINE beat PETER KEFALAS, 307 to 41, 84.1% to 11.2%; total votes 365. | Question 1: Disapprove beat Approve, 188 to 148, 56.0% to 44.0%; total votes 336. | Question 2: Approve beat Disapprove, 243 to 101, 70.6% to 29.4%; total votes 344. | Question 3: Approve beat Disapprove, 226 to 115, 66.3% to 33.7%; total votes 341. | Question 4: Approve beat Disapprove, 239 to 99, 70.7% to 29.3%; total votes 338. | Question 5: Approve beat Disapprove, 250 to 81, 75.5% to 24.5%; total votes 331. | Question 6: Disapprove beat Approve, 179 to 157, 53.3% to 46.7%; total votes 336. | Dem Primary Mayor: Zohran Kwame Mamdani beat Andrew M. Cuomo, 110 to 102, 49.8% to 46.2%; total votes 221. | Dem Primary Public Advocate: Jumaane D. Williams beat Jenifer Rajkumar, 126 to 26, 72.4% to 14.9%; total votes 174. | Dem Primary Comptroller: Mark D. Levine beat Justin Brannan, 96 to 47, 50.5% to 24.7%; total votes 190.", "mayor_margin": 21.0, "q2_yes": 70.6, "q3_yes": 66.3, "q4_yes": 70.7}, "geometry": {"type": "MultiPolygon", "coordinates": [[[[-73.9305387, 40.853685], [-73.9291462, 40.8530994], [-73.9296029, 40.8524761], [-73.9301007, 40.8517937], [-73.9314954, 40.85238], [-73.9327249, 40.8528975], [-73.9322283, 40.8535818], [-73.9317741, 40.8542018], [-73.9305387, 40.853685]]]]}}, {"type": "Feature", "properties": {"felt:feature": 69, "ed_label": "AD 72 ED 040", "elect_dist": "72040", "borough": "Manhattan", "community_board": 12, "community_board_label": "Manhattan CB12", "popup_title": "Manhattan CB12 \u2014 AD 72 ED 040", "general_mayor": "ZOHRAN KWAME MAMDANI beat ANDREW M. CUOMO, 193 to 164, 51.3% to 43.6%; total votes 376.", "general_mayor_winner": "Mamdani", "general_public_advocate": "JUMAANE D. WILLIAMS beat GONZALO DURAN, 236 to 69, 74.2% to 21.7%; total votes 318.", "general_public_advocate_winner": "Williams", "general_comptroller": "MARK D. LEVINE beat PETER KEFALAS, 239 to 55, 78.4% to 18.0%; total votes 305.", "general_comptroller_winner": "Levine", "question_1": "Approve beat Disapprove, 151 to 143, 51.4% to 48.6%; total votes 294.", "question_1_winner": "Yes-approve!", "question_2": "Approve beat Disapprove, 236 to 68, 77.6% to 22.4%; total votes 304.", "question_2_winner": "Yes-approve!", "question_3": "Approve beat Disapprove, 211 to 74, 74.0% to 26.0%; total votes 285.", "question_3_winner": "Yes-approve!", "question_4": "Approve beat Disapprove, 225 to 70, 76.3% to 23.7%; total votes 295.", "question_4_winner": "Yes-approve!", "question_5": "Approve beat Disapprove, 212 to 71, 74.9% to 25.1%; total votes 283.", "question_5_winner": "Yes-approve!", "question_6": "Approve beat Disapprove, 144 to 142, 50.4% to 49.6%; total votes 286.", "question_6_winner": "Yes-approve!", "dem_primary_mayor": "Andrew M. Cuomo beat Zohran Kwame Mamdani, 119 to 70, 58.9% to 34.7%; total votes 202.", "dem_primary_mayor_winner": "Cuomo", "dem_primary_public_advocate": "Jumaane D. Williams beat Jenifer Rajkumar, 101 to 40, 63.5% to 25.2%; total votes 159.", "dem_primary_public_advocate_winner": "Williams", "dem_primary_comptroller": "Mark D. Levine beat Ismael Malave Perez, 98 to 32, 60.1% to 19.6%; total votes 163.", "dem_primary_comptroller_winner": "Levine", "popup_summary": "Mayor: ZOHRAN KWAME MAMDANI beat ANDREW M. CUOMO, 193 to 164, 51.3% to 43.6%; total votes 376. | Public Advocate: JUMAANE D. WILLIAMS beat GONZALO DURAN, 236 to 69, 74.2% to 21.7%; total votes 318. | City Comptroller: MARK D. LEVINE beat PETER KEFALAS, 239 to 55, 78.4% to 18.0%; total votes 305. | Question 1: Approve beat Disapprove, 151 to 143, 51.4% to 48.6%; total votes 294. | Question 2: Approve beat Disapprove, 236 to 68, 77.6% to 22.4%; total votes 304. | Question 3: Approve beat Disapprove, 211 to 74, 74.0% to 26.0%; total votes 285. | Question 4: Approve beat Disapprove, 225 to 70, 76.3% to 23.7%; total votes 295. | Question 5: Approve beat Disapprove, 212 to 71, 74.9% to 25.1%; total votes 283. | Question 6: Approve beat Disapprove, 144 to 142, 50.4% to 49.6%; total votes 286. | Dem Primary Mayor: Andrew M. Cuomo beat Zohran Kwame Mamdani, 119 to 70, 58.9% to 34.7%; total votes 202. | Dem Primary Public Advocate: Jumaane D. Williams beat Jenifer Rajkumar, 101 to 40, 63.5% to 25.2%; total votes 159. | Dem Primary Comptroller: Mark D. Levine beat Ismael Malave Perez, 98 to 32, 60.1% to 19.6%; total votes 163.", "mayor_margin": 7.7, "q2_yes": 77.6, "q3_yes": 74.0, "q4_yes": 76.3}, "geometry": {"type": "MultiPolygon", "coordinates": [[[[-73.9301007, 40.8517937], [-73.9306021, 40.851109], [-73.9319951, 40.8516958], [-73.9324333, 40.8510956], [-73.9336668, 40.8516144], [-73.9347755, 40.8520586], [-73.9344294, 40.852729], [-73.9332263, 40.8522134], [-73.9327249, 40.8528975], [-73.9314954, 40.85238], [-73.9301007, 40.8517937]]]]}}, {"type": "Feature", "properties": {"felt:feature": 70, "ed_label": "AD 72 ED 041", "elect_dist": "72041", "borough": "Manhattan", "community_board": 12, "community_board_label": "Manhattan CB12", "popup_title": "Manhattan CB12 \u2014 AD 72 ED 041", "general_mayor": "ZOHRAN KWAME MAMDANI beat ANDREW M. CUOMO, 383 to 196, 62.7% to 32.1%; total votes 611.", "general_mayor_winner": "Mamdani", "general_public_advocate": "JUMAANE D. WILLIAMS beat GONZALO DURAN, 434 to 85, 81.7% to 16.0%; total votes 531.", "general_public_advocate_winner": "Williams", "general_comptroller": "MARK D. LEVINE beat PETER KEFALAS, 447 to 68, 83.6% to 12.7%; total votes 535.", "general_comptroller_winner": "Levine", "question_1": "Disapprove beat Approve, 289 to 232, 55.5% to 44.5%; total votes 521.", "question_1_winner": "No-disapprove!", "question_2": "Approve beat Disapprove, 370 to 155, 70.5% to 29.5%; total votes 525.", "question_2_winner": "Yes-approve!", "question_3": "Approve beat Disapprove, 325 to 179, 64.5% to 35.5%; total votes 504.", "question_3_winner": "Yes-approve!", "question_4": "Approve beat Disapprove, 345 to 162, 68.0% to 32.0%; total votes 507.", "question_4_winner": "Yes-approve!", "question_5": "Approve beat Disapprove, 393 to 107, 78.6% to 21.4%; total votes 500.", "question_5_winner": "Yes-approve!", "question_6": "Disapprove beat Approve, 257 to 245, 51.2% to 48.8%; total votes 502.", "question_6_winner": "No-disapprove!", "dem_primary_mayor": "Zohran Kwame Mamdani beat Andrew M. Cuomo, 177 to 106, 53.3% to 31.9%; total votes 332.", "dem_primary_mayor_winner": "Mamdani", "dem_primary_public_advocate": "Jumaane D. Williams beat Jenifer Rajkumar, 210 to 46, 75.3% to 16.5%; total votes 279.", "dem_primary_public_advocate_winner": "Williams", "dem_primary_comptroller": "Mark D. Levine beat Justin Brannan, 156 to 89, 51.8% to 29.6%; total votes 301.", "dem_primary_comptroller_winner": "Levine", "popup_summary": "Mayor: ZOHRAN KWAME MAMDANI beat ANDREW M. CUOMO, 383 to 196, 62.7% to 32.1%; total votes 611. | Public Advocate: JUMAANE D. WILLIAMS beat GONZALO DURAN, 434 to 85, 81.7% to 16.0%; total votes 531. | City Comptroller: MARK D. LEVINE beat PETER KEFALAS, 447 to 68, 83.6% to 12.7%; total votes 535. | Question 1: Disapprove beat Approve, 289 to 232, 55.5% to 44.5%; total votes 521. | Question 2: Approve beat Disapprove, 370 to 155, 70.5% to 29.5%; total votes 525. | Question 3: Approve beat Disapprove, 325 to 179, 64.5% to 35.5%; total votes 504. | Question 4: Approve beat Disapprove, 345 to 162, 68.0% to 32.0%; total votes 507. | Question 5: Approve beat Disapprove, 393 to 107, 78.6% to 21.4%; total votes 500. | Question 6: Disapprove beat Approve, 257 to 245, 51.2% to 48.8%; total votes 502. | Dem Primary Mayor: Zohran Kwame Mamdani beat Andrew M. Cuomo, 177 to 106, 53.3% to 31.9%; total votes 332. | Dem Primary Public Advocate: Jumaane D. Williams beat Jenifer Rajkumar, 210 to 46, 75.3% to 16.5%; total votes 279. | Dem Primary Comptroller: Mark D. Levine beat Justin Brannan, 156 to 89, 51.8% to 29.6%; total votes 301.", "mayor_margin": 30.6, "q2_yes": 70.5, "q3_yes": 64.5, "q4_yes": 68.0}, "geometry": {"type": "MultiPolygon", "coordinates": [[[[-73.9347755, 40.8520586], [-73.9336668, 40.8516144], [-73.9324333, 40.8510956], [-73.9328612, 40.8505066], [-73.9333092, 40.8498949], [-73.9337308, 40.8493213], [-73.9349653, 40.84984], [-73.9357539, 40.8501682], [-73.9366614, 40.8504473], [-73.9362037, 40.8513633], [-73.9361519, 40.851467], [-73.9357174, 40.8523352], [-73.9347755, 40.8520586]]]]}}, {"type": "Feature", "properties": {"felt:feature": 71, "ed_label": "AD 72 ED 042", "elect_dist": "72042", "borough": "Manhattan", "community_board": 12, "community_board_label": "Manhattan CB12", "popup_title": "Manhattan CB12 \u2014 AD 72 ED 042", "general_mayor": "ANDREW M. CUOMO beat ZOHRAN KWAME MAMDANI, 208 to 206, 47.3% to 46.8%; total votes 440.", "general_mayor_winner": "Cuomo", "general_public_advocate": "JUMAANE D. WILLIAMS beat GONZALO DURAN, 259 to 97, 71.3% to 26.7%; total votes 363.", "general_public_advocate_winner": "Williams", "general_comptroller": "MARK D. LEVINE beat PETER KEFALAS, 255 to 70, 73.1% to 20.1%; total votes 349.", "general_comptroller_winner": "Levine", "question_1": "Approve beat Disapprove, 164 to 154, 51.6% to 48.4%; total votes 318.", "question_1_winner": "Yes-approve!", "question_2": "Approve beat Disapprove, 218 to 106, 67.3% to 32.7%; total votes 324.", "question_2_winner": "Yes-approve!", "question_3": "Approve beat Disapprove, 210 to 106, 66.5% to 33.5%; total votes 316.", "question_3_winner": "Yes-approve!", "question_4": "Approve beat Disapprove, 214 to 108, 66.5% to 33.5%; total votes 322.", "question_4_winner": "Yes-approve!", "question_5": "Approve beat Disapprove, 235 to 76, 75.6% to 24.4%; total votes 311.", "question_5_winner": "Yes-approve!", "question_6": "Approve beat Disapprove, 169 to 138, 55.0% to 45.0%; total votes 307.", "question_6_winner": "Yes-approve!", "dem_primary_mayor": "Andrew M. Cuomo beat Zohran Kwame Mamdani, 106 to 88, 50.5% to 41.9%; total votes 210.", "dem_primary_mayor_winner": "Cuomo", "dem_primary_public_advocate": "Jumaane D. Williams beat Marty Dolan, 126 to 24, 73.3% to 14.0%; total votes 172.", "dem_primary_public_advocate_winner": "Williams", "dem_primary_comptroller": "Mark D. Levine beat Ismael Malave Perez, 94 to 43, 52.2% to 23.9%; total votes 180.", "dem_primary_comptroller_winner": "Levine", "popup_summary": "Mayor: ANDREW M. CUOMO beat ZOHRAN KWAME MAMDANI, 208 to 206, 47.3% to 46.8%; total votes 440. | Public Advocate: JUMAANE D. WILLIAMS beat GONZALO DURAN, 259 to 97, 71.3% to 26.7%; total votes 363. | City Comptroller: MARK D. LEVINE beat PETER KEFALAS, 255 to 70, 73.1% to 20.1%; total votes 349. | Question 1: Approve beat Disapprove, 164 to 154, 51.6% to 48.4%; total votes 318. | Question 2: Approve beat Disapprove, 218 to 106, 67.3% to 32.7%; total votes 324. | Question 3: Approve beat Disapprove, 210 to 106, 66.5% to 33.5%; total votes 316. | Question 4: Approve beat Disapprove, 214 to 108, 66.5% to 33.5%; total votes 322. | Question 5: Approve beat Disapprove, 235 to 76, 75.6% to 24.4%; total votes 311. | Question 6: Approve beat Disapprove, 169 to 138, 55.0% to 45.0%; total votes 307. | Dem Primary Mayor: Andrew M. Cuomo beat Zohran Kwame Mamdani, 106 to 88, 50.5% to 41.9%; total votes 210. | Dem Primary Public Advocate: Jumaane D. Williams beat Marty Dolan, 126 to 24, 73.3% to 14.0%; total votes 172. | Dem Primary Comptroller: Mark D. Levine beat Ismael Malave Perez, 94 to 43, 52.2% to 23.9%; total votes 180.", "mayor_margin": 0.5, "q2_yes": 67.3, "q3_yes": 66.5, "q4_yes": 66.5}, "geometry": {"type": "MultiPolygon", "coordinates": [[[[-73.9306021, 40.851109], [-73.9301019, 40.8508996], [-73.929201, 40.8505225], [-73.9296325, 40.8499135], [-73.9300136, 40.8493134], [-73.9314717, 40.8499212], [-73.9328612, 40.8505066], [-73.9324333, 40.8510956], [-73.9319951, 40.8516958], [-73.9306021, 40.851109]]]]}}, {"type": "Feature", "properties": {"felt:feature": 72, "ed_label": "AD 72 ED 043", "elect_dist": "72043", "borough": "Manhattan", "community_board": 12, "community_board_label": "Manhattan CB12", "popup_title": "Manhattan CB12 \u2014 AD 72 ED 043", "general_mayor": "ZOHRAN KWAME MAMDANI beat ANDREW M. CUOMO, 286 to 165, 61.8% to 35.6%; total votes 463.", "general_mayor_winner": "Mamdani", "general_public_advocate": "JUMAANE D. WILLIAMS beat GONZALO DURAN, 331 to 59, 83.6% to 14.9%; total votes 396.", "general_public_advocate_winner": "Williams", "general_comptroller": "MARK D. LEVINE beat PETER KEFALAS, 340 to 41, 86.3% to 10.4%; total votes 394.", "general_comptroller_winner": "Levine", "question_1": "Disapprove beat Approve, 183 to 173, 51.4% to 48.6%; total votes 356.", "question_1_winner": "No-disapprove!", "question_2": "Approve beat Disapprove, 251 to 108, 69.9% to 30.1%; total votes 359.", "question_2_winner": "Yes-approve!", "question_3": "Approve beat Disapprove, 236 to 125, 65.4% to 34.6%; total votes 361.", "question_3_winner": "Yes-approve!", "question_4": "Approve beat Disapprove, 250 to 105, 70.4% to 29.6%; total votes 355.", "question_4_winner": "Yes-approve!", "question_5": "Approve beat Disapprove, 274 to 76, 78.3% to 21.7%; total votes 350.", "question_5_winner": "Yes-approve!", "question_6": "Disapprove beat Approve, 182 to 166, 52.3% to 47.7%; total votes 348.", "question_6_winner": "No-disapprove!", "dem_primary_mayor": "Zohran Kwame Mamdani beat Andrew M. Cuomo, 123 to 104, 51.5% to 43.5%; total votes 239.", "dem_primary_mayor_winner": "Mamdani", "dem_primary_public_advocate": "Jumaane D. Williams beat Jenifer Rajkumar, 139 to 32, 76.4% to 17.6%; total votes 182.", "dem_primary_public_advocate_winner": "Williams", "dem_primary_comptroller": "Mark D. Levine beat Justin Brannan, 91 to 57, 46.9% to 29.4%; total votes 194.", "dem_primary_comptroller_winner": "Levine", "popup_summary": "Mayor: ZOHRAN KWAME MAMDANI beat ANDREW M. CUOMO, 286 to 165, 61.8% to 35.6%; total votes 463. | Public Advocate: JUMAANE D. WILLIAMS beat GONZALO DURAN, 331 to 59, 83.6% to 14.9%; total votes 396. | City Comptroller: MARK D. LEVINE beat PETER KEFALAS, 340 to 41, 86.3% to 10.4%; total votes 394. | Question 1: Disapprove beat Approve, 183 to 173, 51.4% to 48.6%; total votes 356. | Question 2: Approve beat Disapprove, 251 to 108, 69.9% to 30.1%; total votes 359. | Question 3: Approve beat Disapprove, 236 to 125, 65.4% to 34.6%; total votes 361. | Question 4: Approve beat Disapprove, 250 to 105, 70.4% to 29.6%; total votes 355. | Question 5: Approve beat Disapprove, 274 to 76, 78.3% to 21.7%; total votes 350. | Question 6: Disapprove beat Approve, 182 to 166, 52.3% to 47.7%; total votes 348. | Dem Primary Mayor: Zohran Kwame Mamdani beat Andrew M. Cuomo, 123 to 104, 51.5% to 43.5%; total votes 239. | Dem Primary Public Advocate: Jumaane D. Williams beat Jenifer Rajkumar, 139 to 32, 76.4% to 17.6%; total votes 182. | Dem Primary Comptroller: Mark D. Levine beat Justin Brannan, 91 to 57, 46.9% to 29.4%; total votes 194.", "mayor_margin": 26.2, "q2_yes": 69.9, "q3_yes": 65.4, "q4_yes": 70.4}, "geometry": {"type": "MultiPolygon", "coordinates": [[[[-73.9337308, 40.8493213], [-73.9342395, 40.8486262], [-73.9328498, 40.8480381], [-73.9333062, 40.8474124], [-73.9340861, 40.8477418], [-73.9346932, 40.8479984], [-73.9359281, 40.8485192], [-73.9370698, 40.848939], [-73.9363968, 40.8495412], [-73.9357539, 40.8501682], [-73.9349653, 40.84984], [-73.9337308, 40.8493213]]]]}}, {"type": "Feature", "properties": {"felt:feature": 73, "ed_label": "AD 72 ED 044", "elect_dist": "72044", "borough": "Manhattan", "community_board": 12, "community_board_label": "Manhattan CB12", "popup_title": "Manhattan CB12 \u2014 AD 72 ED 044", "general_mayor": "ZOHRAN KWAME MAMDANI beat ANDREW M. CUOMO, 239 to 165, 57.2% to 39.5%; total votes 418.", "general_mayor_winner": "Mamdani", "general_public_advocate": "JUMAANE D. WILLIAMS beat GONZALO DURAN, 307 to 49, 84.1% to 13.4%; total votes 365.", "general_public_advocate_winner": "Williams", "general_comptroller": "MARK D. LEVINE beat PETER KEFALAS, 291 to 35, 83.1% to 10.0%; total votes 350.", "general_comptroller_winner": "Levine", "question_1": "Approve beat Disapprove, 158 to 149, 51.5% to 48.5%; total votes 307.", "question_1_winner": "Yes-approve!", "question_2": "Approve beat Disapprove, 230 to 88, 72.3% to 27.7%; total votes 318.", "question_2_winner": "Yes-approve!", "question_3": "Approve beat Disapprove, 203 to 104, 66.1% to 33.9%; total votes 307.", "question_3_winner": "Yes-approve!", "question_4": "Approve beat Disapprove, 219 to 89, 71.1% to 28.9%; total votes 308.", "question_4_winner": "Yes-approve!", "question_5": "Approve beat Disapprove, 242 to 65, 78.8% to 21.2%; total votes 307.", "question_5_winner": "Yes-approve!", "question_6": "Disapprove beat Approve, 163 to 146, 52.8% to 47.2%; total votes 309.", "question_6_winner": "No-disapprove!", "dem_primary_mayor": "Zohran Kwame Mamdani beat Andrew M. Cuomo, 105 to 95, 47.7% to 43.2%; total votes 220.", "dem_primary_mayor_winner": "Mamdani", "dem_primary_public_advocate": "Jumaane D. Williams beat Jenifer Rajkumar, 130 to 34, 69.1% to 18.1%; total votes 188.", "dem_primary_public_advocate_winner": "Williams", "dem_primary_comptroller": "Mark D. Levine beat Justin Brannan, 98 to 46, 51.9% to 24.3%; total votes 189.", "dem_primary_comptroller_winner": "Levine", "popup_summary": "Mayor: ZOHRAN KWAME MAMDANI beat ANDREW M. CUOMO, 239 to 165, 57.2% to 39.5%; total votes 418. | Public Advocate: JUMAANE D. WILLIAMS beat GONZALO DURAN, 307 to 49, 84.1% to 13.4%; total votes 365. | City Comptroller: MARK D. LEVINE beat PETER KEFALAS, 291 to 35, 83.1% to 10.0%; total votes 350. | Question 1: Approve beat Disapprove, 158 to 149, 51.5% to 48.5%; total votes 307. | Question 2: Approve beat Disapprove, 230 to 88, 72.3% to 27.7%; total votes 318. | Question 3: Approve beat Disapprove, 203 to 104, 66.1% to 33.9%; total votes 307. | Question 4: Approve beat Disapprove, 219 to 89, 71.1% to 28.9%; total votes 308. | Question 5: Approve beat Disapprove, 242 to 65, 78.8% to 21.2%; total votes 307. | Question 6: Disapprove beat Approve, 163 to 146, 52.8% to 47.2%; total votes 309. | Dem Primary Mayor: Zohran Kwame Mamdani beat Andrew M. Cuomo, 105 to 95, 47.7% to 43.2%; total votes 220. | Dem Primary Public Advocate: Jumaane D. Williams beat Jenifer Rajkumar, 130 to 34, 69.1% to 18.1%; total votes 188. | Dem Primary Comptroller: Mark D. Levine beat Justin Brannan, 98 to 46, 51.9% to 24.3%; total votes 189.", "mayor_margin": 17.7, "q2_yes": 72.3, "q3_yes": 66.1, "q4_yes": 71.1}, "geometry": {"type": "MultiPolygon", "coordinates": [[[[-73.9340861, 40.8477418], [-73.934166, 40.8476259], [-73.9342543, 40.8474895], [-73.9342989, 40.8474286], [-73.93436, 40.8473491], [-73.9344525, 40.8472244], [-73.9345453, 40.847091], [-73.9351715, 40.847358], [-73.9364028, 40.8478713], [-73.9376724, 40.8483927], [-73.9375668, 40.8484915], [-73.9374866, 40.848569], [-73.9373886, 40.8486484], [-73.9372861, 40.8487479], [-73.9371638, 40.8488472], [-73.9370698, 40.848939], [-73.9359281, 40.8485192], [-73.9346932, 40.8479984], [-73.9340861, 40.8477418]]]]}}, {"type": "Feature", "properties": {"felt:feature": 74, "ed_label": "AD 72 ED 045", "elect_dist": "72045", "borough": "Manhattan", "community_board": 12, "community_board_label": "Manhattan CB12", "popup_title": "Manhattan CB12 \u2014 AD 72 ED 045", "general_mayor": "ZOHRAN KWAME MAMDANI beat ANDREW M. CUOMO, 151 to 113, 55.3% to 41.4%; total votes 273.", "general_mayor_winner": "Mamdani", "general_public_advocate": "JUMAANE D. WILLIAMS beat GONZALO DURAN, 173 to 36, 82.0% to 17.1%; total votes 211.", "general_public_advocate_winner": "Williams", "general_comptroller": "MARK D. LEVINE beat PETER KEFALAS, 164 to 31, 80.0% to 15.1%; total votes 205.", "general_comptroller_winner": "Levine", "question_1": "Disapprove beat Approve, 110 to 95, 53.7% to 46.3%; total votes 205.", "question_1_winner": "No-disapprove!", "question_2": "Approve beat Disapprove, 170 to 33, 83.7% to 16.3%; total votes 203.", "question_2_winner": "Yes-approve!", "question_3": "Approve beat Disapprove, 149 to 50, 74.9% to 25.1%; total votes 199.", "question_3_winner": "Yes-approve!", "question_4": "Approve beat Disapprove, 159 to 39, 80.3% to 19.7%; total votes 198.", "question_4_winner": "Yes-approve!", "question_5": "Approve beat Disapprove, 157 to 41, 79.3% to 20.7%; total votes 198.", "question_5_winner": "Yes-approve!", "question_6": "Approve beat Disapprove, 104 to 92, 53.1% to 46.9%; total votes 196.", "question_6_winner": "Yes-approve!", "dem_primary_mayor": "Andrew M. Cuomo beat Zohran Kwame Mamdani, 86 to 69, 51.8% to 41.6%; total votes 166.", "dem_primary_mayor_winner": "Cuomo", "dem_primary_public_advocate": "Jumaane D. Williams beat Jenifer Rajkumar, 75 to 28, 62.5% to 23.3%; total votes 120.", "dem_primary_public_advocate_winner": "Williams", "dem_primary_comptroller": "Mark D. Levine beat Justin Brannan, 71 to 28, 55.9% to 22.0%; total votes 127.", "dem_primary_comptroller_winner": "Levine", "popup_summary": "Mayor: ZOHRAN KWAME MAMDANI beat ANDREW M. CUOMO, 151 to 113, 55.3% to 41.4%; total votes 273. | Public Advocate: JUMAANE D. WILLIAMS beat GONZALO DURAN, 173 to 36, 82.0% to 17.1%; total votes 211. | City Comptroller: MARK D. LEVINE beat PETER KEFALAS, 164 to 31, 80.0% to 15.1%; total votes 205. | Question 1: Disapprove beat Approve, 110 to 95, 53.7% to 46.3%; total votes 205. | Question 2: Approve beat Disapprove, 170 to 33, 83.7% to 16.3%; total votes 203. | Question 3: Approve beat Disapprove, 149 to 50, 74.9% to 25.1%; total votes 199. | Question 4: Approve beat Disapprove, 159 to 39, 80.3% to 19.7%; total votes 198. | Question 5: Approve beat Disapprove, 157 to 41, 79.3% to 20.7%; total votes 198. | Question 6: Approve beat Disapprove, 104 to 92, 53.1% to 46.9%; total votes 196. | Dem Primary Mayor: Andrew M. Cuomo beat Zohran Kwame Mamdani, 86 to 69, 51.8% to 41.6%; total votes 166. | Dem Primary Public Advocate: Jumaane D. Williams beat Jenifer Rajkumar, 75 to 28, 62.5% to 23.3%; total votes 120. | Dem Primary Comptroller: Mark D. Levine beat Justin Brannan, 71 to 28, 55.9% to 22.0%; total votes 127.", "mayor_margin": 13.9, "q2_yes": 83.7, "q3_yes": 74.9, "q4_yes": 80.3}, "geometry": {"type": "MultiPolygon", "coordinates": [[[[-73.9291433, 40.8473435], [-73.9288884, 40.8472286], [-73.9286051, 40.8471002], [-73.9285659, 40.8470832], [-73.928517, 40.8470602], [-73.928485, 40.8470454], [-73.928455, 40.8470315], [-73.9284899, 40.846982], [-73.9285203, 40.846939], [-73.9292854, 40.8458542], [-73.9293252, 40.845795], [-73.9293808, 40.8457131], [-73.9294066, 40.8457287], [-73.9294372, 40.8457359], [-73.9294965, 40.8457502], [-73.9295446, 40.8457619], [-73.9298607, 40.845831], [-73.9301746, 40.8459037], [-73.9303363, 40.8459434], [-73.930542, 40.8459938], [-73.9306448, 40.8460191], [-73.9307476, 40.8460443], [-73.930895, 40.8460977], [-73.9311974, 40.8462016], [-73.9313927, 40.8462781], [-73.9318288, 40.8464502], [-73.93204, 40.8465335], [-73.9329331, 40.846874], [-73.9333036, 40.8470153], [-73.9334649, 40.8470767], [-73.9335294, 40.8471013], [-73.9335843, 40.8470263], [-73.9336801, 40.8468954], [-73.9337768, 40.8467637], [-73.9345453, 40.847091], [-73.9344525, 40.8472244], [-73.93436, 40.8473491], [-73.9342989, 40.8474286], [-73.9342543, 40.8474895], [-73.934166, 40.8476259], [-73.9340861, 40.8477418], [-73.9333062, 40.8474124], [-73.9328498, 40.8480381], [-73.9323371, 40.848735], [-73.9308843, 40.8481189], [-73.9307986, 40.8480812], [-73.9306894, 40.848033], [-73.9306273, 40.8480057], [-73.9295992, 40.8475484], [-73.929503, 40.8475056], [-73.9291433, 40.8473435]]]]}}, {"type": "Feature", "properties": {"felt:feature": 75, "ed_label": "AD 72 ED 046", "elect_dist": "72046", "borough": "Manhattan", "community_board": 12, "community_board_label": "Manhattan CB12", "popup_title": "Manhattan CB12 \u2014 AD 72 ED 046", "general_mayor": "ANDREW M. CUOMO beat ZOHRAN KWAME MAMDANI, 201 to 179, 50.0% to 44.5%; total votes 402.", "general_mayor_winner": "Cuomo", "general_public_advocate": "JUMAANE D. WILLIAMS beat GONZALO DURAN, 240 to 80, 74.5% to 24.8%; total votes 322.", "general_public_advocate_winner": "Williams", "general_comptroller": "MARK D. LEVINE beat PETER KEFALAS, 237 to 65, 74.8% to 20.5%; total votes 317.", "general_comptroller_winner": "Levine", "question_1": "Disapprove beat Approve, 170 to 117, 59.2% to 40.8%; total votes 287.", "question_1_winner": "No-disapprove!", "question_2": "Approve beat Disapprove, 204 to 92, 68.9% to 31.1%; total votes 296.", "question_2_winner": "Yes-approve!", "question_3": "Approve beat Disapprove, 182 to 106, 63.2% to 36.8%; total votes 288.", "question_3_winner": "Yes-approve!", "question_4": "Approve beat Disapprove, 196 to 93, 67.8% to 32.2%; total votes 289.", "question_4_winner": "Yes-approve!", "question_5": "Approve beat Disapprove, 228 to 60, 79.2% to 20.8%; total votes 288.", "question_5_winner": "Yes-approve!", "question_6": "Approve beat Disapprove, 152 to 137, 52.6% to 47.4%; total votes 289.", "question_6_winner": "Yes-approve!", "dem_primary_mayor": "Andrew M. Cuomo beat Zohran Kwame Mamdani, 90 to 83, 45.7% to 42.1%; total votes 197.", "dem_primary_mayor_winner": "Cuomo", "dem_primary_public_advocate": "Jumaane D. Williams beat Jenifer Rajkumar, 114 to 28, 73.5% to 18.1%; total votes 155.", "dem_primary_public_advocate_winner": "Williams", "dem_primary_comptroller": "Mark D. Levine beat Justin Brannan, 88 to 33, 54.0% to 20.2%; total votes 163.", "dem_primary_comptroller_winner": "Levine", "popup_summary": "Mayor: ANDREW M. CUOMO beat ZOHRAN KWAME MAMDANI, 201 to 179, 50.0% to 44.5%; total votes 402. | Public Advocate: JUMAANE D. WILLIAMS beat GONZALO DURAN, 240 to 80, 74.5% to 24.8%; total votes 322. | City Comptroller: MARK D. LEVINE beat PETER KEFALAS, 237 to 65, 74.8% to 20.5%; total votes 317. | Question 1: Disapprove beat Approve, 170 to 117, 59.2% to 40.8%; total votes 287. | Question 2: Approve beat Disapprove, 204 to 92, 68.9% to 31.1%; total votes 296. | Question 3: Approve beat Disapprove, 182 to 106, 63.2% to 36.8%; total votes 288. | Question 4: Approve beat Disapprove, 196 to 93, 67.8% to 32.2%; total votes 289. | Question 5: Approve beat Disapprove, 228 to 60, 79.2% to 20.8%; total votes 288. | Question 6: Approve beat Disapprove, 152 to 137, 52.6% to 47.4%; total votes 289. | Dem Primary Mayor: Andrew M. Cuomo beat Zohran Kwame Mamdani, 90 to 83, 45.7% to 42.1%; total votes 197. | Dem Primary Public Advocate: Jumaane D. Williams beat Jenifer Rajkumar, 114 to 28, 73.5% to 18.1%; total votes 155. | Dem Primary Comptroller: Mark D. Levine beat Justin Brannan, 88 to 33, 54.0% to 20.2%; total votes 163.", "mayor_margin": 5.5, "q2_yes": 68.9, "q3_yes": 63.2, "q4_yes": 67.8}, "geometry": {"type": "MultiPolygon", "coordinates": [[[[-73.9296325, 40.8499135], [-73.9291376, 40.8497145], [-73.9293662, 40.8494088], [-73.9290827, 40.8492796], [-73.9289824, 40.8492561], [-73.9286666, 40.8495755], [-73.9284132, 40.8494], [-73.9285808, 40.8492461], [-73.9287769, 40.8489262], [-73.9288634, 40.8486694], [-73.9288761, 40.8485617], [-73.9289654, 40.8484906], [-73.9290491, 40.8484157], [-73.9291267, 40.8483371], [-73.9291981, 40.8482552], [-73.9292631, 40.8481702], [-73.9293756, 40.8478062], [-73.9293801, 40.8477956], [-73.9293822, 40.8477844], [-73.9293818, 40.8477732], [-73.929379, 40.8477622], [-73.9293737, 40.8477517], [-73.9293662, 40.847742], [-73.9293567, 40.8477334], [-73.9293454, 40.8477262], [-73.9293326, 40.8477205], [-73.9293188, 40.8477165], [-73.9293043, 40.8477144], [-73.9292895, 40.8477141], [-73.9292749, 40.8477157], [-73.9292608, 40.8477192], [-73.9292477, 40.8477244], [-73.9292359, 40.8477312], [-73.9292259, 40.8477394], [-73.9292123, 40.8477501], [-73.9291966, 40.847759], [-73.9291792, 40.8477658], [-73.9291606, 40.8477704], [-73.9291413, 40.8477726], [-73.9291217, 40.8477724], [-73.9291025, 40.8477698], [-73.929084, 40.8477649], [-73.9290669, 40.8477578], [-73.929038, 40.8477268], [-73.9290158, 40.8476928], [-73.9290007, 40.8476566], [-73.9289932, 40.8476191], [-73.9289935, 40.8475812], [-73.9290014, 40.8475437], [-73.9290169, 40.8475076], [-73.9290395, 40.8474738], [-73.9290763, 40.8474336], [-73.9291093, 40.8473852], [-73.9291433, 40.8473435], [-73.929503, 40.8475056], [-73.9295992, 40.8475484], [-73.9306273, 40.8480057], [-73.9306894, 40.848033], [-73.9307986, 40.8480812], [-73.9308843, 40.8481189], [-73.9323371, 40.848735], [-73.9328498, 40.8480381], [-73.9342395, 40.8486262], [-73.9337308, 40.8493213], [-73.9333092, 40.8498949], [-73.9328612, 40.8505066], [-73.9314717, 40.8499212], [-73.9300136, 40.8493134], [-73.9296325, 40.8499135]]]]}}, {"type": "Feature", "properties": {"felt:feature": 76, "ed_label": "AD 72 ED 047", "elect_dist": "72047", "borough": "Manhattan", "community_board": 12, "community_board_label": "Manhattan CB12", "popup_title": "Manhattan CB12 \u2014 AD 72 ED 047", "general_mayor": "ZOHRAN KWAME MAMDANI beat ANDREW M. CUOMO, 172 to 103, 59.1% to 35.4%; total votes 291.", "general_mayor_winner": "Mamdani", "general_public_advocate": "JUMAANE D. WILLIAMS beat GONZALO DURAN, 194 to 24, 87.8% to 10.9%; total votes 221.", "general_public_advocate_winner": "Williams", "general_comptroller": "MARK D. LEVINE beat PETER KEFALAS, 193 to 15, 87.3% to 6.8%; total votes 221.", "general_comptroller_winner": "Levine", "question_1": "Disapprove beat Approve, 117 to 74, 61.3% to 38.7%; total votes 191.", "question_1_winner": "No-disapprove!", "question_2": "Approve beat Disapprove, 150 to 58, 72.1% to 27.9%; total votes 208.", "question_2_winner": "Yes-approve!", "question_3": "Approve beat Disapprove, 122 to 71, 63.2% to 36.8%; total votes 193.", "question_3_winner": "Yes-approve!", "question_4": "Approve beat Disapprove, 147 to 51, 74.2% to 25.8%; total votes 198.", "question_4_winner": "Yes-approve!", "question_5": "Approve beat Disapprove, 146 to 45, 76.4% to 23.6%; total votes 191.", "question_5_winner": "Yes-approve!", "question_6": "Disapprove beat Approve, 107 to 90, 54.3% to 45.7%; total votes 197.", "question_6_winner": "No-disapprove!", "dem_primary_mayor": "Andrew M. Cuomo beat Zohran Kwame Mamdani, 86 to 57, 54.4% to 36.1%; total votes 158.", "dem_primary_mayor_winner": "Cuomo", "dem_primary_public_advocate": "Jumaane D. Williams beat Marty Dolan, 93 to 19, 73.8% to 15.1%; total votes 126.", "dem_primary_public_advocate_winner": "Williams", "dem_primary_comptroller": "Mark D. Levine beat Justin Brannan, 67 to 32, 52.3% to 25.0%; total votes 128.", "dem_primary_comptroller_winner": "Levine", "popup_summary": "Mayor: ZOHRAN KWAME MAMDANI beat ANDREW M. CUOMO, 172 to 103, 59.1% to 35.4%; total votes 291. | Public Advocate: JUMAANE D. WILLIAMS beat GONZALO DURAN, 194 to 24, 87.8% to 10.9%; total votes 221. | City Comptroller: MARK D. LEVINE beat PETER KEFALAS, 193 to 15, 87.3% to 6.8%; total votes 221. | Question 1: Disapprove beat Approve, 117 to 74, 61.3% to 38.7%; total votes 191. | Question 2: Approve beat Disapprove, 150 to 58, 72.1% to 27.9%; total votes 208. | Question 3: Approve beat Disapprove, 122 to 71, 63.2% to 36.8%; total votes 193. | Question 4: Approve beat Disapprove, 147 to 51, 74.2% to 25.8%; total votes 198. | Question 5: Approve beat Disapprove, 146 to 45, 76.4% to 23.6%; total votes 191. | Question 6: Disapprove beat Approve, 107 to 90, 54.3% to 45.7%; total votes 197. | Dem Primary Mayor: Andrew M. Cuomo beat Zohran Kwame Mamdani, 86 to 57, 54.4% to 36.1%; total votes 158. | Dem Primary Public Advocate: Jumaane D. Williams beat Marty Dolan, 93 to 19, 73.8% to 15.1%; total votes 126. | Dem Primary Comptroller: Mark D. Levine beat Justin Brannan, 67 to 32, 52.3% to 25.0%; total votes 128.", "mayor_margin": 23.7, "q2_yes": 72.1, "q3_yes": 63.2, "q4_yes": 74.2}, "geometry": {"type": "MultiPolygon", "coordinates": [[[[-73.9293808, 40.8457131], [-73.9294285, 40.8456442], [-73.9296178, 40.845372], [-73.9296763, 40.8452896], [-73.9297185, 40.8452318], [-73.9297656, 40.8451555], [-73.9298143, 40.8450774], [-73.9298695, 40.8449839], [-73.9299231, 40.8448941], [-73.9299896, 40.8447692], [-73.9300465, 40.8446609], [-73.9300984, 40.8445551], [-73.930152, 40.8444493], [-73.9302235, 40.8442844], [-73.9302739, 40.8441635], [-73.9303194, 40.8440441], [-73.930399, 40.8438288], [-73.9304527, 40.8436812], [-73.9304998, 40.8435557], [-73.9305453, 40.8434285], [-73.9305697, 40.8433719], [-73.9305794, 40.8433375], [-73.9306282, 40.8432058], [-73.9306753, 40.8430853], [-73.9306981, 40.8430231], [-73.9307274, 40.8429397], [-73.9307728, 40.8428103], [-73.9307858, 40.842793], [-73.930802, 40.842766], [-73.9308102, 40.842718], [-73.9308947, 40.8425383], [-73.9309749, 40.8424004], [-73.9312223, 40.8419312], [-73.9313589, 40.8416883], [-73.9313985, 40.841696], [-73.9314751, 40.8417105], [-73.9316242, 40.8417469], [-73.9316613, 40.8417616], [-73.931708, 40.84178], [-73.9323201, 40.8420232], [-73.9329133, 40.8422589], [-73.9343924, 40.8428465], [-73.9346711, 40.8429572], [-73.9344084, 40.8433072], [-73.934212, 40.8435689], [-73.9337155, 40.8442464], [-73.9332325, 40.8449099], [-73.9333163, 40.8449451], [-73.9334741, 40.8450113], [-73.9335581, 40.8450465], [-73.9336394, 40.8450806], [-73.93371, 40.8451102], [-73.9337809, 40.84514], [-73.9338517, 40.8451697], [-73.9346862, 40.8455198], [-73.9342329, 40.8461399], [-73.9337768, 40.8467637], [-73.9336801, 40.8468954], [-73.9335843, 40.8470263], [-73.9335294, 40.8471013], [-73.9334649, 40.8470767], [-73.9333036, 40.8470153], [-73.9329331, 40.846874], [-73.93204, 40.8465335], [-73.9318288, 40.8464502], [-73.9313927, 40.8462781], [-73.9311974, 40.8462016], [-73.930895, 40.8460977], [-73.9307476, 40.8460443], [-73.9306448, 40.8460191], [-73.930542, 40.8459938], [-73.9303363, 40.8459434], [-73.9301746, 40.8459037], [-73.9298607, 40.845831], [-73.9295446, 40.8457619], [-73.9294965, 40.8457502], [-73.9294372, 40.8457359], [-73.9294066, 40.8457287], [-73.9293808, 40.8457131]]]]}}, {"type": "Feature", "properties": {"felt:feature": 77, "ed_label": "AD 72 ED 048", "elect_dist": "72048", "borough": "Manhattan", "community_board": 12, "community_board_label": "Manhattan CB12", "popup_title": "Manhattan CB12 \u2014 AD 72 ED 048", "general_mayor": "ZOHRAN KWAME MAMDANI beat ANDREW M. CUOMO, 229 to 121, 61.9% to 32.7%; total votes 370.", "general_mayor_winner": "Mamdani", "general_public_advocate": "JUMAANE D. WILLIAMS beat GONZALO DURAN, 253 to 50, 82.7% to 16.3%; total votes 306.", "general_public_advocate_winner": "Williams", "general_comptroller": "MARK D. LEVINE beat PETER KEFALAS, 246 to 34, 83.1% to 11.5%; total votes 296.", "general_comptroller_winner": "Levine", "question_1": "Disapprove beat Approve, 146 to 102, 58.9% to 41.1%; total votes 248.", "question_1_winner": "No-disapprove!", "question_2": "Approve beat Disapprove, 192 to 70, 73.3% to 26.7%; total votes 262.", "question_2_winner": "Yes-approve!", "question_3": "Approve beat Disapprove, 146 to 99, 59.6% to 40.4%; total votes 245.", "question_3_winner": "Yes-approve!", "question_4": "Approve beat Disapprove, 169 to 77, 68.7% to 31.3%; total votes 246.", "question_4_winner": "Yes-approve!", "question_5": "Approve beat Disapprove, 189 to 53, 78.1% to 21.9%; total votes 242.", "question_5_winner": "Yes-approve!", "question_6": "Disapprove beat Approve, 129 to 117, 52.4% to 47.6%; total votes 246.", "question_6_winner": "No-disapprove!", "dem_primary_mayor": "Andrew M. Cuomo beat Zohran Kwame Mamdani, 100 to 97, 48.3% to 46.9%; total votes 207.", "dem_primary_mayor_winner": "Cuomo", "dem_primary_public_advocate": "Jumaane D. Williams beat Jenifer Rajkumar, 112 to 25, 70.0% to 15.6%; total votes 160.", "dem_primary_public_advocate_winner": "Williams", "dem_primary_comptroller": "Mark D. Levine beat Justin Brannan, 80 to 41, 49.1% to 25.2%; total votes 163.", "dem_primary_comptroller_winner": "Levine", "popup_summary": "Mayor: ZOHRAN KWAME MAMDANI beat ANDREW M. CUOMO, 229 to 121, 61.9% to 32.7%; total votes 370. | Public Advocate: JUMAANE D. WILLIAMS beat GONZALO DURAN, 253 to 50, 82.7% to 16.3%; total votes 306. | City Comptroller: MARK D. LEVINE beat PETER KEFALAS, 246 to 34, 83.1% to 11.5%; total votes 296. | Question 1: Disapprove beat Approve, 146 to 102, 58.9% to 41.1%; total votes 248. | Question 2: Approve beat Disapprove, 192 to 70, 73.3% to 26.7%; total votes 262. | Question 3: Approve beat Disapprove, 146 to 99, 59.6% to 40.4%; total votes 245. | Question 4: Approve beat Disapprove, 169 to 77, 68.7% to 31.3%; total votes 246. | Question 5: Approve beat Disapprove, 189 to 53, 78.1% to 21.9%; total votes 242. | Question 6: Disapprove beat Approve, 129 to 117, 52.4% to 47.6%; total votes 246. | Dem Primary Mayor: Andrew M. Cuomo beat Zohran Kwame Mamdani, 100 to 97, 48.3% to 46.9%; total votes 207. | Dem Primary Public Advocate: Jumaane D. Williams beat Jenifer Rajkumar, 112 to 25, 70.0% to 15.6%; total votes 160. | Dem Primary Comptroller: Mark D. Levine beat Justin Brannan, 80 to 41, 49.1% to 25.2%; total votes 163.", "mayor_margin": 29.2, "q2_yes": 73.3, "q3_yes": 59.6, "q4_yes": 68.7}, "geometry": {"type": "MultiPolygon", "coordinates": [[[[-73.9345453, 40.847091], [-73.9337768, 40.8467637], [-73.9342329, 40.8461399], [-73.9356217, 40.8467266], [-73.936857, 40.8472488], [-73.9379751, 40.8477107], [-73.9376724, 40.8483927], [-73.9364028, 40.8478713], [-73.9351715, 40.847358], [-73.9345453, 40.847091]]]]}}, {"type": "Feature", "properties": {"felt:feature": 78, "ed_label": "AD 72 ED 049", "elect_dist": "72049", "borough": "Manhattan", "community_board": 12, "community_board_label": "Manhattan CB12", "popup_title": "Manhattan CB12 \u2014 AD 72 ED 049", "general_mayor": "ZOHRAN KWAME MAMDANI beat ANDREW M. CUOMO, 180 to 134, 54.4% to 40.5%; total votes 331.", "general_mayor_winner": "Mamdani", "general_public_advocate": "JUMAANE D. WILLIAMS beat GONZALO DURAN, 222 to 43, 82.8% to 16.0%; total votes 268.", "general_public_advocate_winner": "Williams", "general_comptroller": "MARK D. LEVINE beat PETER KEFALAS, 224 to 37, 84.2% to 13.9%; total votes 266.", "general_comptroller_winner": "Levine", "question_1": "Disapprove beat Approve, 134 to 115, 53.8% to 46.2%; total votes 249.", "question_1_winner": "No-disapprove!", "question_2": "Approve beat Disapprove, 207 to 50, 80.5% to 19.5%; total votes 257.", "question_2_winner": "Yes-approve!", "question_3": "Approve beat Disapprove, 168 to 75, 69.1% to 30.9%; total votes 243.", "question_3_winner": "Yes-approve!", "question_4": "Approve beat Disapprove, 193 to 59, 76.6% to 23.4%; total votes 252.", "question_4_winner": "Yes-approve!", "question_5": "Approve beat Disapprove, 192 to 47, 80.3% to 19.7%; total votes 239.", "question_5_winner": "Yes-approve!", "question_6": "Disapprove beat Approve, 133 to 112, 54.3% to 45.7%; total votes 245.", "question_6_winner": "No-disapprove!", "dem_primary_mayor": "Andrew M. Cuomo beat Zohran Kwame Mamdani, 74 to 58, 51.0% to 40.0%; total votes 145.", "dem_primary_mayor_winner": "Cuomo", "dem_primary_public_advocate": "Jumaane D. Williams beat Jenifer Rajkumar, 87 to 16, 75.7% to 13.9%; total votes 115.", "dem_primary_public_advocate_winner": "Williams", "dem_primary_comptroller": "Mark D. Levine beat Ismael Malave Perez, 71 to 28, 57.7% to 22.8%; total votes 123.", "dem_primary_comptroller_winner": "Levine", "popup_summary": "Mayor: ZOHRAN KWAME MAMDANI beat ANDREW M. CUOMO, 180 to 134, 54.4% to 40.5%; total votes 331. | Public Advocate: JUMAANE D. WILLIAMS beat GONZALO DURAN, 222 to 43, 82.8% to 16.0%; total votes 268. | City Comptroller: MARK D. LEVINE beat PETER KEFALAS, 224 to 37, 84.2% to 13.9%; total votes 266. | Question 1: Disapprove beat Approve, 134 to 115, 53.8% to 46.2%; total votes 249. | Question 2: Approve beat Disapprove, 207 to 50, 80.5% to 19.5%; total votes 257. | Question 3: Approve beat Disapprove, 168 to 75, 69.1% to 30.9%; total votes 243. | Question 4: Approve beat Disapprove, 193 to 59, 76.6% to 23.4%; total votes 252. | Question 5: Approve beat Disapprove, 192 to 47, 80.3% to 19.7%; total votes 239. | Question 6: Disapprove beat Approve, 133 to 112, 54.3% to 45.7%; total votes 245. | Dem Primary Mayor: Andrew M. Cuomo beat Zohran Kwame Mamdani, 74 to 58, 51.0% to 40.0%; total votes 145. | Dem Primary Public Advocate: Jumaane D. Williams beat Jenifer Rajkumar, 87 to 16, 75.7% to 13.9%; total votes 115. | Dem Primary Comptroller: Mark D. Levine beat Ismael Malave Perez, 71 to 28, 57.7% to 22.8%; total votes 123.", "mayor_margin": 13.9, "q2_yes": 80.5, "q3_yes": 69.1, "q4_yes": 76.6}, "geometry": {"type": "MultiPolygon", "coordinates": [[[[-73.9342329, 40.8461399], [-73.9346862, 40.8455198], [-73.9360782, 40.8461046], [-73.9365705, 40.8454338], [-73.9378098, 40.8459479], [-73.9384514, 40.8461922], [-73.9382348, 40.8469103], [-73.9380362, 40.8475578], [-73.9379751, 40.8477107], [-73.936857, 40.8472488], [-73.9356217, 40.8467266], [-73.9342329, 40.8461399]]]]}}, {"type": "Feature", "properties": {"felt:feature": 79, "ed_label": "AD 72 ED 050", "elect_dist": "72050", "borough": "Manhattan", "community_board": 12, "community_board_label": "Manhattan CB12", "popup_title": "Manhattan CB12 \u2014 AD 72 ED 050", "general_mayor": "ZOHRAN KWAME MAMDANI beat ANDREW M. CUOMO, 184 to 113, 57.5% to 35.3%; total votes 320.", "general_mayor_winner": "Mamdani", "general_public_advocate": "JUMAANE D. WILLIAMS beat GONZALO DURAN, 202 to 41, 81.8% to 16.6%; total votes 247.", "general_public_advocate_winner": "Williams", "general_comptroller": "MARK D. LEVINE beat PETER KEFALAS, 200 to 32, 81.0% to 13.0%; total votes 247.", "general_comptroller_winner": "Levine", "question_1": "Disapprove beat Approve, 106 to 106, 50.0% to 50.0%; total votes 212.", "question_1_winner": "No-disapprove!", "question_2": "Approve beat Disapprove, 173 to 44, 79.7% to 20.3%; total votes 217.", "question_2_winner": "Yes-approve!", "question_3": "Approve beat Disapprove, 136 to 64, 68.0% to 32.0%; total votes 200.", "question_3_winner": "Yes-approve!", "question_4": "Approve beat Disapprove, 152 to 54, 73.8% to 26.2%; total votes 206.", "question_4_winner": "Yes-approve!", "question_5": "Approve beat Disapprove, 154 to 47, 76.6% to 23.4%; total votes 201.", "question_5_winner": "Yes-approve!", "question_6": "Disapprove beat Approve, 106 to 95, 52.7% to 47.3%; total votes 201.", "question_6_winner": "No-disapprove!", "dem_primary_mayor": "Andrew M. Cuomo beat Zohran Kwame Mamdani, 76 to 74, 48.7% to 47.4%; total votes 156.", "dem_primary_mayor_winner": "Cuomo", "dem_primary_public_advocate": "Jumaane D. Williams beat Jenifer Rajkumar, 86 to 16, 74.1% to 13.8%; total votes 116.", "dem_primary_public_advocate_winner": "Williams", "dem_primary_comptroller": "Mark D. Levine beat Justin Brannan, 62 to 36, 48.8% to 28.3%; total votes 127.", "dem_primary_comptroller_winner": "Levine", "popup_summary": "Mayor: ZOHRAN KWAME MAMDANI beat ANDREW M. CUOMO, 184 to 113, 57.5% to 35.3%; total votes 320. | Public Advocate: JUMAANE D. WILLIAMS beat GONZALO DURAN, 202 to 41, 81.8% to 16.6%; total votes 247. | City Comptroller: MARK D. LEVINE beat PETER KEFALAS, 200 to 32, 81.0% to 13.0%; total votes 247. | Question 1: Disapprove beat Approve, 106 to 106, 50.0% to 50.0%; total votes 212. | Question 2: Approve beat Disapprove, 173 to 44, 79.7% to 20.3%; total votes 217. | Question 3: Approve beat Disapprove, 136 to 64, 68.0% to 32.0%; total votes 200. | Question 4: Approve beat Disapprove, 152 to 54, 73.8% to 26.2%; total votes 206. | Question 5: Approve beat Disapprove, 154 to 47, 76.6% to 23.4%; total votes 201. | Question 6: Disapprove beat Approve, 106 to 95, 52.7% to 47.3%; total votes 201. | Dem Primary Mayor: Andrew M. Cuomo beat Zohran Kwame Mamdani, 76 to 74, 48.7% to 47.4%; total votes 156. | Dem Primary Public Advocate: Jumaane D. Williams beat Jenifer Rajkumar, 86 to 16, 74.1% to 13.8%; total votes 116. | Dem Primary Comptroller: Mark D. Levine beat Justin Brannan, 62 to 36, 48.8% to 28.3%; total votes 127.", "mayor_margin": 22.2, "q2_yes": 79.7, "q3_yes": 68.0, "q4_yes": 73.8}, "geometry": {"type": "MultiPolygon", "coordinates": [[[[-73.9346862, 40.8455198], [-73.9338517, 40.8451697], [-73.9337809, 40.84514], [-73.93371, 40.8451102], [-73.9336394, 40.8450806], [-73.9335581, 40.8450465], [-73.9334741, 40.8450113], [-73.9333163, 40.8449451], [-73.9332325, 40.8449099], [-73.9337155, 40.8442464], [-73.9351807, 40.8448467], [-73.9365705, 40.8454338], [-73.9360782, 40.8461046], [-73.9346862, 40.8455198]]]]}}, {"type": "Feature", "properties": {"felt:feature": 80, "ed_label": "AD 72 ED 051", "elect_dist": "72051", "borough": "Manhattan", "community_board": 12, "community_board_label": "Manhattan CB12", "popup_title": "Manhattan CB12 \u2014 AD 72 ED 051", "general_mayor": "ZOHRAN KWAME MAMDANI beat ANDREW M. CUOMO, 185 to 101, 60.7% to 33.1%; total votes 305.", "general_mayor_winner": "Mamdani", "general_public_advocate": "JUMAANE D. WILLIAMS beat GONZALO DURAN, 192 to 34, 83.1% to 14.7%; total votes 231.", "general_public_advocate_winner": "Williams", "general_comptroller": "MARK D. LEVINE beat PETER KEFALAS, 195 to 27, 83.3% to 11.5%; total votes 234.", "general_comptroller_winner": "Levine", "question_1": "Disapprove beat Approve, 114 to 94, 54.8% to 45.2%; total votes 208.", "question_1_winner": "No-disapprove!", "question_2": "Approve beat Disapprove, 163 to 54, 75.1% to 24.9%; total votes 217.", "question_2_winner": "Yes-approve!", "question_3": "Approve beat Disapprove, 141 to 65, 68.4% to 31.6%; total votes 206.", "question_3_winner": "Yes-approve!", "question_4": "Approve beat Disapprove, 146 to 59, 71.2% to 28.8%; total votes 205.", "question_4_winner": "Yes-approve!", "question_5": "Approve beat Disapprove, 169 to 38, 81.6% to 18.4%; total votes 207.", "question_5_winner": "Yes-approve!", "question_6": "Disapprove beat Approve, 120 to 84, 58.8% to 41.2%; total votes 204.", "question_6_winner": "No-disapprove!", "dem_primary_mayor": "Andrew M. Cuomo beat Zohran Kwame Mamdani, 85 to 62, 53.8% to 39.2%; total votes 158.", "dem_primary_mayor_winner": "Cuomo", "dem_primary_public_advocate": "Jumaane D. Williams beat Jenifer Rajkumar, 85 to 17, 74.6% to 14.9%; total votes 114.", "dem_primary_public_advocate_winner": "Williams", "dem_primary_comptroller": "Mark D. Levine beat Justin Brannan, 64 to 28, 54.2% to 23.7%; total votes 118.", "dem_primary_comptroller_winner": "Levine", "popup_summary": "Mayor: ZOHRAN KWAME MAMDANI beat ANDREW M. CUOMO, 185 to 101, 60.7% to 33.1%; total votes 305. | Public Advocate: JUMAANE D. WILLIAMS beat GONZALO DURAN, 192 to 34, 83.1% to 14.7%; total votes 231. | City Comptroller: MARK D. LEVINE beat PETER KEFALAS, 195 to 27, 83.3% to 11.5%; total votes 234. | Question 1: Disapprove beat Approve, 114 to 94, 54.8% to 45.2%; total votes 208. | Question 2: Approve beat Disapprove, 163 to 54, 75.1% to 24.9%; total votes 217. | Question 3: Approve beat Disapprove, 141 to 65, 68.4% to 31.6%; total votes 206. | Question 4: Approve beat Disapprove, 146 to 59, 71.2% to 28.8%; total votes 205. | Question 5: Approve beat Disapprove, 169 to 38, 81.6% to 18.4%; total votes 207. | Question 6: Disapprove beat Approve, 120 to 84, 58.8% to 41.2%; total votes 204. | Dem Primary Mayor: Andrew M. Cuomo beat Zohran Kwame Mamdani, 85 to 62, 53.8% to 39.2%; total votes 158. | Dem Primary Public Advocate: Jumaane D. Williams beat Jenifer Rajkumar, 85 to 17, 74.6% to 14.9%; total votes 114. | Dem Primary Comptroller: Mark D. Levine beat Justin Brannan, 64 to 28, 54.2% to 23.7%; total votes 118.", "mayor_margin": 27.6, "q2_yes": 75.1, "q3_yes": 68.4, "q4_yes": 71.2}, "geometry": {"type": "MultiPolygon", "coordinates": [[[[-73.9337155, 40.8442464], [-73.934212, 40.8435689], [-73.9344084, 40.8433072], [-73.9346711, 40.8429572], [-73.935648, 40.8433559], [-73.9361253, 40.8435506], [-73.9359016, 40.8438583], [-73.9356527, 40.8442007], [-73.9351807, 40.8448467], [-73.9337155, 40.8442464]]]]}}, {"type": "Feature", "properties": {"felt:feature": 81, "ed_label": "AD 72 ED 052", "elect_dist": "72052", "borough": "Manhattan", "community_board": 12, "community_board_label": "Manhattan CB12", "popup_title": "Manhattan CB12 \u2014 AD 72 ED 052", "general_mayor": "ZOHRAN KWAME MAMDANI beat ANDREW M. CUOMO, 250 to 159, 58.8% to 37.4%; total votes 425.", "general_mayor_winner": "Mamdani", "general_public_advocate": "JUMAANE D. WILLIAMS beat GONZALO DURAN, 281 to 52, 83.6% to 15.5%; total votes 336.", "general_public_advocate_winner": "Williams", "general_comptroller": "MARK D. LEVINE beat PETER KEFALAS, 280 to 44, 81.6% to 12.8%; total votes 343.", "general_comptroller_winner": "Levine", "question_1": "Disapprove beat Approve, 175 to 158, 52.6% to 47.4%; total votes 333.", "question_1_winner": "No-disapprove!", "question_2": "Approve beat Disapprove, 260 to 86, 75.1% to 24.9%; total votes 346.", "question_2_winner": "Yes-approve!", "question_3": "Approve beat Disapprove, 211 to 121, 63.6% to 36.4%; total votes 332.", "question_3_winner": "Yes-approve!", "question_4": "Approve beat Disapprove, 231 to 99, 70.0% to 30.0%; total votes 330.", "question_4_winner": "Yes-approve!", "question_5": "Approve beat Disapprove, 237 to 84, 73.8% to 26.2%; total votes 321.", "question_5_winner": "Yes-approve!", "question_6": "Disapprove beat Approve, 160 to 158, 50.3% to 49.7%; total votes 318.", "question_6_winner": "No-disapprove!", "dem_primary_mayor": "Andrew M. Cuomo beat Zohran Kwame Mamdani, 113 to 110, 46.9% to 45.6%; total votes 241.", "dem_primary_mayor_winner": "Cuomo", "dem_primary_public_advocate": "Jumaane D. Williams beat Jenifer Rajkumar, 152 to 24, 76.4% to 12.1%; total votes 199.", "dem_primary_public_advocate_winner": "Williams", "dem_primary_comptroller": "Mark D. Levine beat Justin Brannan, 119 to 50, 57.5% to 24.2%; total votes 207.", "dem_primary_comptroller_winner": "Levine", "popup_summary": "Mayor: ZOHRAN KWAME MAMDANI beat ANDREW M. CUOMO, 250 to 159, 58.8% to 37.4%; total votes 425. | Public Advocate: JUMAANE D. WILLIAMS beat GONZALO DURAN, 281 to 52, 83.6% to 15.5%; total votes 336. | City Comptroller: MARK D. LEVINE beat PETER KEFALAS, 280 to 44, 81.6% to 12.8%; total votes 343. | Question 1: Disapprove beat Approve, 175 to 158, 52.6% to 47.4%; total votes 333. | Question 2: Approve beat Disapprove, 260 to 86, 75.1% to 24.9%; total votes 346. | Question 3: Approve beat Disapprove, 211 to 121, 63.6% to 36.4%; total votes 332. | Question 4: Approve beat Disapprove, 231 to 99, 70.0% to 30.0%; total votes 330. | Question 5: Approve beat Disapprove, 237 to 84, 73.8% to 26.2%; total votes 321. | Question 6: Disapprove beat Approve, 160 to 158, 50.3% to 49.7%; total votes 318. | Dem Primary Mayor: Andrew M. Cuomo beat Zohran Kwame Mamdani, 113 to 110, 46.9% to 45.6%; total votes 241. | Dem Primary Public Advocate: Jumaane D. Williams beat Jenifer Rajkumar, 152 to 24, 76.4% to 12.1%; total votes 199. | Dem Primary Comptroller: Mark D. Levine beat Justin Brannan, 119 to 50, 57.5% to 24.2%; total votes 207.", "mayor_margin": 21.4, "q2_yes": 75.1, "q3_yes": 63.6, "q4_yes": 70.0}, "geometry": {"type": "MultiPolygon", "coordinates": [[[[-73.9365705, 40.8454338], [-73.9351807, 40.8448467], [-73.9356527, 40.8442007], [-73.9359016, 40.8438583], [-73.9361253, 40.8435506], [-73.9371448, 40.8439803], [-73.9375174, 40.8441373], [-73.9387308, 40.8446361], [-73.9388551, 40.8446791], [-73.93868, 40.8454391], [-73.9384514, 40.8461922], [-73.9378098, 40.8459479], [-73.9365705, 40.8454338]]]]}}, {"type": "Feature", "properties": {"felt:feature": 82, "ed_label": "AD 72 ED 053", "elect_dist": "72053", "borough": "Manhattan", "community_board": 12, "community_board_label": "Manhattan CB12", "popup_title": "Manhattan CB12 \u2014 AD 72 ED 053", "general_mayor": "ZOHRAN KWAME MAMDANI beat ANDREW M. CUOMO, 215 to 147, 56.0% to 38.3%; total votes 384.", "general_mayor_winner": "Mamdani", "general_public_advocate": "JUMAANE D. WILLIAMS beat GONZALO DURAN, 242 to 51, 81.5% to 17.2%; total votes 297.", "general_public_advocate_winner": "Williams", "general_comptroller": "MARK D. LEVINE beat PETER KEFALAS, 259 to 38, 83.8% to 12.3%; total votes 309.", "general_comptroller_winner": "Levine", "question_1": "Approve beat Disapprove, 137 to 134, 50.6% to 49.4%; total votes 271.", "question_1_winner": "Yes-approve!", "question_2": "Approve beat Disapprove, 197 to 82, 70.6% to 29.4%; total votes 279.", "question_2_winner": "Yes-approve!", "question_3": "Approve beat Disapprove, 178 to 86, 67.4% to 32.6%; total votes 264.", "question_3_winner": "Yes-approve!", "question_4": "Approve beat Disapprove, 185 to 84, 68.8% to 31.2%; total votes 269.", "question_4_winner": "Yes-approve!", "question_5": "Approve beat Disapprove, 199 to 60, 76.8% to 23.2%; total votes 259.", "question_5_winner": "Yes-approve!", "question_6": "Disapprove beat Approve, 140 to 122, 53.4% to 46.6%; total votes 262.", "question_6_winner": "No-disapprove!", "dem_primary_mayor": "Zohran Kwame Mamdani beat Andrew M. Cuomo, 102 to 101, 46.4% to 45.9%; total votes 220.", "dem_primary_mayor_winner": "Mamdani", "dem_primary_public_advocate": "Jumaane D. Williams beat Jenifer Rajkumar, 126 to 31, 73.7% to 18.1%; total votes 171.", "dem_primary_public_advocate_winner": "Williams", "dem_primary_comptroller": "Mark D. Levine beat Justin Brannan, 82 to 47, 45.3% to 26.0%; total votes 181.", "dem_primary_comptroller_winner": "Levine", "popup_summary": "Mayor: ZOHRAN KWAME MAMDANI beat ANDREW M. CUOMO, 215 to 147, 56.0% to 38.3%; total votes 384. | Public Advocate: JUMAANE D. WILLIAMS beat GONZALO DURAN, 242 to 51, 81.5% to 17.2%; total votes 297. | City Comptroller: MARK D. LEVINE beat PETER KEFALAS, 259 to 38, 83.8% to 12.3%; total votes 309. | Question 1: Approve beat Disapprove, 137 to 134, 50.6% to 49.4%; total votes 271. | Question 2: Approve beat Disapprove, 197 to 82, 70.6% to 29.4%; total votes 279. | Question 3: Approve beat Disapprove, 178 to 86, 67.4% to 32.6%; total votes 264. | Question 4: Approve beat Disapprove, 185 to 84, 68.8% to 31.2%; total votes 269. | Question 5: Approve beat Disapprove, 199 to 60, 76.8% to 23.2%; total votes 259. | Question 6: Disapprove beat Approve, 140 to 122, 53.4% to 46.6%; total votes 262. | Dem Primary Mayor: Zohran Kwame Mamdani beat Andrew M. Cuomo, 102 to 101, 46.4% to 45.9%; total votes 220. | Dem Primary Public Advocate: Jumaane D. Williams beat Jenifer Rajkumar, 126 to 31, 73.7% to 18.1%; total votes 171. | Dem Primary Comptroller: Mark D. Levine beat Justin Brannan, 82 to 47, 45.3% to 26.0%; total votes 181.", "mayor_margin": 17.7, "q2_yes": 70.6, "q3_yes": 67.4, "q4_yes": 68.8}, "geometry": {"type": "MultiPolygon", "coordinates": [[[[-73.9361253, 40.8435506], [-73.935648, 40.8433559], [-73.9346711, 40.8429572], [-73.9351402, 40.8423117], [-73.9365897, 40.8429153], [-73.9379819, 40.8435008], [-73.9384195, 40.8429016], [-73.9387301, 40.8424711], [-73.9388232, 40.8422402], [-73.9392309, 40.8417115], [-73.9393346, 40.8416805], [-73.939254, 40.8424366], [-73.9391778, 40.8432228], [-73.9390246, 40.8439421], [-73.9389236, 40.8443815], [-73.9388551, 40.8446791], [-73.9387308, 40.8446361], [-73.9375174, 40.8441373], [-73.9371448, 40.8439803], [-73.9361253, 40.8435506]]]]}}, {"type": "Feature", "properties": {"felt:feature": 83, "ed_label": "AD 72 ED 054", "elect_dist": "72054", "borough": "Manhattan", "community_board": 12, "community_board_label": "Manhattan CB12", "popup_title": "Manhattan CB12 \u2014 AD 72 ED 054", "general_mayor": "ZOHRAN KWAME MAMDANI beat ANDREW M. CUOMO, 158 to 136, 51.3% to 44.2%; total votes 308.", "general_mayor_winner": "Mamdani", "general_public_advocate": "JUMAANE D. WILLIAMS beat GONZALO DURAN, 187 to 47, 78.6% to 19.7%; total votes 238.", "general_public_advocate_winner": "Williams", "general_comptroller": "MARK D. LEVINE beat PETER KEFALAS, 183 to 34, 79.2% to 14.7%; total votes 231.", "general_comptroller_winner": "Levine", "question_1": "Disapprove beat Approve, 110 to 80, 57.9% to 42.1%; total votes 190.", "question_1_winner": "No-disapprove!", "question_2": "Approve beat Disapprove, 150 to 52, 74.3% to 25.7%; total votes 202.", "question_2_winner": "Yes-approve!", "question_3": "Approve beat Disapprove, 128 to 64, 66.7% to 33.3%; total votes 192.", "question_3_winner": "Yes-approve!", "question_4": "Approve beat Disapprove, 140 to 54, 72.2% to 27.8%; total votes 194.", "question_4_winner": "Yes-approve!", "question_5": "Approve beat Disapprove, 144 to 45, 76.2% to 23.8%; total votes 189.", "question_5_winner": "Yes-approve!", "question_6": "Approve beat Disapprove, 98 to 97, 50.3% to 49.7%; total votes 195.", "question_6_winner": "Yes-approve!", "dem_primary_mayor": "Andrew M. Cuomo beat Zohran Kwame Mamdani, 83 to 66, 51.6% to 41.0%; total votes 161.", "dem_primary_mayor_winner": "Cuomo", "dem_primary_public_advocate": "Jumaane D. Williams beat Jenifer Rajkumar, 89 to 19, 78.1% to 16.7%; total votes 114.", "dem_primary_public_advocate_winner": "Williams", "dem_primary_comptroller": "Mark D. Levine beat Justin Brannan, 63 to 30, 51.2% to 24.4%; total votes 123.", "dem_primary_comptroller_winner": "Levine", "popup_summary": "Mayor: ZOHRAN KWAME MAMDANI beat ANDREW M. CUOMO, 158 to 136, 51.3% to 44.2%; total votes 308. | Public Advocate: JUMAANE D. WILLIAMS beat GONZALO DURAN, 187 to 47, 78.6% to 19.7%; total votes 238. | City Comptroller: MARK D. LEVINE beat PETER KEFALAS, 183 to 34, 79.2% to 14.7%; total votes 231. | Question 1: Disapprove beat Approve, 110 to 80, 57.9% to 42.1%; total votes 190. | Question 2: Approve beat Disapprove, 150 to 52, 74.3% to 25.7%; total votes 202. | Question 3: Approve beat Disapprove, 128 to 64, 66.7% to 33.3%; total votes 192. | Question 4: Approve beat Disapprove, 140 to 54, 72.2% to 27.8%; total votes 194. | Question 5: Approve beat Disapprove, 144 to 45, 76.2% to 23.8%; total votes 189. | Question 6: Approve beat Disapprove, 98 to 97, 50.3% to 49.7%; total votes 195. | Dem Primary Mayor: Andrew M. Cuomo beat Zohran Kwame Mamdani, 83 to 66, 51.6% to 41.0%; total votes 161. | Dem Primary Public Advocate: Jumaane D. Williams beat Jenifer Rajkumar, 89 to 19, 78.1% to 16.7%; total votes 114. | Dem Primary Comptroller: Mark D. Levine beat Justin Brannan, 63 to 30, 51.2% to 24.4%; total votes 123.", "mayor_margin": 7.1, "q2_yes": 74.3, "q3_yes": 66.7, "q4_yes": 72.2}, "geometry": {"type": "MultiPolygon", "coordinates": [[[[-73.9351402, 40.8423117], [-73.935567, 40.8417125], [-73.9370278, 40.8423142], [-73.9384195, 40.8429016], [-73.9379819, 40.8435008], [-73.9365897, 40.8429153], [-73.9351402, 40.8423117]]]]}}, {"type": "Feature", "properties": {"felt:feature": 84, "ed_label": "AD 72 ED 055", "elect_dist": "72055", "borough": "Manhattan", "community_board": 12, "community_board_label": "Manhattan CB12", "popup_title": "Manhattan CB12 \u2014 AD 72 ED 055", "general_mayor": "ZOHRAN KWAME MAMDANI beat ANDREW M. CUOMO, 300 to 123, 68.3% to 28.0%; total votes 439.", "general_mayor_winner": "Mamdani", "general_public_advocate": "JUMAANE D. WILLIAMS beat GONZALO DURAN, 330 to 43, 87.1% to 11.3%; total votes 379.", "general_public_advocate_winner": "Williams", "general_comptroller": "MARK D. LEVINE beat PETER KEFALAS, 325 to 27, 85.8% to 7.1%; total votes 379.", "general_comptroller_winner": "Levine", "question_1": "Disapprove beat Approve, 196 to 134, 59.4% to 40.6%; total votes 330.", "question_1_winner": "No-disapprove!", "question_2": "Approve beat Disapprove, 240 to 109, 68.8% to 31.2%; total votes 349.", "question_2_winner": "Yes-approve!", "question_3": "Approve beat Disapprove, 199 to 134, 59.8% to 40.2%; total votes 333.", "question_3_winner": "Yes-approve!", "question_4": "Approve beat Disapprove, 231 to 110, 67.7% to 32.3%; total votes 341.", "question_4_winner": "Yes-approve!", "question_5": "Approve beat Disapprove, 268 to 63, 81.0% to 19.0%; total votes 331.", "question_5_winner": "Yes-approve!", "question_6": "Disapprove beat Approve, 170 to 162, 51.2% to 48.8%; total votes 332.", "question_6_winner": "No-disapprove!", "dem_primary_mayor": "Zohran Kwame Mamdani beat Andrew M. Cuomo, 131 to 87, 52.2% to 34.7%; total votes 251.", "dem_primary_mayor_winner": "Mamdani", "dem_primary_public_advocate": "Jumaane D. Williams beat Jenifer Rajkumar, 155 to 43, 71.4% to 19.8%; total votes 217.", "dem_primary_public_advocate_winner": "Williams", "dem_primary_comptroller": "Mark D. Levine beat Justin Brannan, 107 to 72, 48.9% to 32.9%; total votes 219.", "dem_primary_comptroller_winner": "Levine", "popup_summary": "Mayor: ZOHRAN KWAME MAMDANI beat ANDREW M. CUOMO, 300 to 123, 68.3% to 28.0%; total votes 439. | Public Advocate: JUMAANE D. WILLIAMS beat GONZALO DURAN, 330 to 43, 87.1% to 11.3%; total votes 379. | City Comptroller: MARK D. LEVINE beat PETER KEFALAS, 325 to 27, 85.8% to 7.1%; total votes 379. | Question 1: Disapprove beat Approve, 196 to 134, 59.4% to 40.6%; total votes 330. | Question 2: Approve beat Disapprove, 240 to 109, 68.8% to 31.2%; total votes 349. | Question 3: Approve beat Disapprove, 199 to 134, 59.8% to 40.2%; total votes 333. | Question 4: Approve beat Disapprove, 231 to 110, 67.7% to 32.3%; total votes 341. | Question 5: Approve beat Disapprove, 268 to 63, 81.0% to 19.0%; total votes 331. | Question 6: Disapprove beat Approve, 170 to 162, 51.2% to 48.8%; total votes 332. | Dem Primary Mayor: Zohran Kwame Mamdani beat Andrew M. Cuomo, 131 to 87, 52.2% to 34.7%; total votes 251. | Dem Primary Public Advocate: Jumaane D. Williams beat Jenifer Rajkumar, 155 to 43, 71.4% to 19.8%; total votes 217. | Dem Primary Comptroller: Mark D. Levine beat Justin Brannan, 107 to 72, 48.9% to 32.9%; total votes 219.", "mayor_margin": 40.3, "q2_yes": 68.8, "q3_yes": 59.8, "q4_yes": 67.7}, "geometry": {"type": "MultiPolygon", "coordinates": [[[[-73.935567, 40.8417125], [-73.9356111, 40.841609], [-73.9356111, 40.8416089], [-73.9356111, 40.8416088], [-73.9356367, 40.8415002], [-73.9356367, 40.8415001], [-73.9356424, 40.8413894], [-73.9356424, 40.8413893], [-73.9356424, 40.8413891], [-73.9356283, 40.8412796], [-73.9356283, 40.8412794], [-73.9356282, 40.8412791], [-73.9355951, 40.8411734], [-73.9354364, 40.8407513], [-73.9360413, 40.8410679], [-73.9374937, 40.8416789], [-73.9379306, 40.8410889], [-73.938968, 40.8415258], [-73.9393346, 40.8416805], [-73.9392309, 40.8417115], [-73.9388232, 40.8422402], [-73.9387301, 40.8424711], [-73.9384195, 40.8429016], [-73.9370278, 40.8423142], [-73.935567, 40.8417125]]]]}}, {"type": "Feature", "properties": {"felt:feature": 85, "ed_label": "AD 72 ED 056", "elect_dist": "72056", "borough": "Manhattan", "community_board": 12, "community_board_label": "Manhattan CB12", "popup_title": "Manhattan CB12 \u2014 AD 72 ED 056", "general_mayor": "ZOHRAN KWAME MAMDANI beat ANDREW M. CUOMO, 260 to 105, 67.0% to 27.1%; total votes 388.", "general_mayor_winner": "Mamdani", "general_public_advocate": "JUMAANE D. WILLIAMS beat GONZALO DURAN, 295 to 41, 86.5% to 12.0%; total votes 341.", "general_public_advocate_winner": "Williams", "general_comptroller": "MARK D. LEVINE beat PETER KEFALAS, 280 to 31, 85.4% to 9.5%; total votes 328.", "general_comptroller_winner": "Levine", "question_1": "Disapprove beat Approve, 179 to 151, 54.2% to 45.8%; total votes 330.", "question_1_winner": "No-disapprove!", "question_2": "Approve beat Disapprove, 252 to 85, 74.8% to 25.2%; total votes 337.", "question_2_winner": "Yes-approve!", "question_3": "Approve beat Disapprove, 210 to 115, 64.6% to 35.4%; total votes 325.", "question_3_winner": "Yes-approve!", "question_4": "Approve beat Disapprove, 233 to 93, 71.5% to 28.5%; total votes 326.", "question_4_winner": "Yes-approve!", "question_5": "Approve beat Disapprove, 273 to 51, 84.3% to 15.7%; total votes 324.", "question_5_winner": "Yes-approve!", "question_6": "Disapprove beat Approve, 171 to 158, 52.0% to 48.0%; total votes 329.", "question_6_winner": "No-disapprove!", "dem_primary_mayor": "Zohran Kwame Mamdani beat Andrew M. Cuomo, 128 to 67, 60.4% to 31.6%; total votes 212.", "dem_primary_mayor_winner": "Mamdani", "dem_primary_public_advocate": "Jumaane D. Williams beat Jenifer Rajkumar, 138 to 30, 78.4% to 17.0%; total votes 176.", "dem_primary_public_advocate_winner": "Williams", "dem_primary_comptroller": "Mark D. Levine beat Justin Brannan, 83 to 54, 46.1% to 30.0%; total votes 180.", "dem_primary_comptroller_winner": "Levine", "popup_summary": "Mayor: ZOHRAN KWAME MAMDANI beat ANDREW M. CUOMO, 260 to 105, 67.0% to 27.1%; total votes 388. | Public Advocate: JUMAANE D. WILLIAMS beat GONZALO DURAN, 295 to 41, 86.5% to 12.0%; total votes 341. | City Comptroller: MARK D. LEVINE beat PETER KEFALAS, 280 to 31, 85.4% to 9.5%; total votes 328. | Question 1: Disapprove beat Approve, 179 to 151, 54.2% to 45.8%; total votes 330. | Question 2: Approve beat Disapprove, 252 to 85, 74.8% to 25.2%; total votes 337. | Question 3: Approve beat Disapprove, 210 to 115, 64.6% to 35.4%; total votes 325. | Question 4: Approve beat Disapprove, 233 to 93, 71.5% to 28.5%; total votes 326. | Question 5: Approve beat Disapprove, 273 to 51, 84.3% to 15.7%; total votes 324. | Question 6: Disapprove beat Approve, 171 to 158, 52.0% to 48.0%; total votes 329. | Dem Primary Mayor: Zohran Kwame Mamdani beat Andrew M. Cuomo, 128 to 67, 60.4% to 31.6%; total votes 212. | Dem Primary Public Advocate: Jumaane D. Williams beat Jenifer Rajkumar, 138 to 30, 78.4% to 17.0%; total votes 176. | Dem Primary Comptroller: Mark D. Levine beat Justin Brannan, 83 to 54, 46.1% to 30.0%; total votes 180.", "mayor_margin": 39.9, "q2_yes": 74.8, "q3_yes": 64.6, "q4_yes": 71.5}, "geometry": {"type": "MultiPolygon", "coordinates": [[[[-73.9313589, 40.8416883], [-73.9315293, 40.8413854], [-73.9318346, 40.840837], [-73.932162, 40.8402551], [-73.9327956, 40.8391238], [-73.9329597, 40.8387858], [-73.9330992, 40.8385435], [-73.9331681, 40.8384217], [-73.9332667, 40.8382503], [-73.9333568, 40.8380879], [-73.9334181, 40.8379719], [-73.9334665, 40.8378913], [-73.9335312, 40.8377663], [-73.9336383, 40.8375794], [-73.9337752, 40.8373713], [-73.9339095, 40.8371329], [-73.934015, 40.8369344], [-73.9341026, 40.8367662], [-73.9341982, 40.8365728], [-73.9342845, 40.8363838], [-73.9343125, 40.8363185], [-73.9343613, 40.8362008], [-73.9344524, 40.835981], [-73.9346351, 40.8360502], [-73.9346739, 40.8360649], [-73.9347457, 40.8360921], [-73.9347989, 40.8361101], [-73.9348517, 40.836137], [-73.9350091, 40.8362136], [-73.9350665, 40.836245], [-73.9361153, 40.8368587], [-73.9364495, 40.837053], [-73.9366908, 40.8371932], [-73.9363832, 40.8378501], [-73.9379197, 40.8384898], [-73.9377808, 40.838687], [-73.9373322, 40.8392943], [-73.9372052, 40.8394678], [-73.9369133, 40.8398667], [-73.9364639, 40.8404814], [-73.9379306, 40.8410889], [-73.9374937, 40.8416789], [-73.9360413, 40.8410679], [-73.9354364, 40.8407513], [-73.9355951, 40.8411734], [-73.9356282, 40.8412791], [-73.9356283, 40.8412794], [-73.9356283, 40.8412796], [-73.9356424, 40.8413891], [-73.9356424, 40.8413893], [-73.9356424, 40.8413894], [-73.9356367, 40.8415001], [-73.9356367, 40.8415002], [-73.9356111, 40.8416088], [-73.9356111, 40.8416089], [-73.9356111, 40.841609], [-73.935567, 40.8417125], [-73.9351402, 40.8423117], [-73.9346711, 40.8429572], [-73.9343924, 40.8428465], [-73.9329133, 40.8422589], [-73.9323201, 40.8420232], [-73.931708, 40.84178], [-73.9316613, 40.8417616], [-73.9316242, 40.8417469], [-73.9314751, 40.8417105], [-73.9313985, 40.841696], [-73.9313589, 40.8416883]]]]}}, {"type": "Feature", "properties": {"felt:feature": 86, "ed_label": "AD 72 ED 057", "elect_dist": "72057", "borough": "Manhattan", "community_board": 12, "community_board_label": "Manhattan CB12", "popup_title": "Manhattan CB12 \u2014 AD 72 ED 057", "general_mayor": "ZOHRAN KWAME MAMDANI beat ANDREW M. CUOMO, 261 to 130, 63.7% to 31.7%; total votes 410.", "general_mayor_winner": "Mamdani", "general_public_advocate": "JUMAANE D. WILLIAMS beat GONZALO DURAN, 295 to 44, 85.8% to 12.8%; total votes 344.", "general_public_advocate_winner": "Williams", "general_comptroller": "MARK D. LEVINE beat PETER KEFALAS, 292 to 26, 87.2% to 7.8%; total votes 335.", "general_comptroller_winner": "Levine", "question_1": "Disapprove beat Approve, 177 to 146, 54.8% to 45.2%; total votes 323.", "question_1_winner": "No-disapprove!", "question_2": "Approve beat Disapprove, 253 to 80, 76.0% to 24.0%; total votes 333.", "question_2_winner": "Yes-approve!", "question_3": "Approve beat Disapprove, 219 to 101, 68.4% to 31.6%; total votes 320.", "question_3_winner": "Yes-approve!", "question_4": "Approve beat Disapprove, 233 to 89, 72.4% to 27.6%; total votes 322.", "question_4_winner": "Yes-approve!", "question_5": "Approve beat Disapprove, 249 to 73, 77.3% to 22.7%; total votes 322.", "question_5_winner": "Yes-approve!", "question_6": "Disapprove beat Approve, 167 to 157, 51.5% to 48.5%; total votes 324.", "question_6_winner": "No-disapprove!", "dem_primary_mayor": "Zohran Kwame Mamdani beat Andrew M. Cuomo, 132 to 88, 56.2% to 37.4%; total votes 235.", "dem_primary_mayor_winner": "Mamdani", "dem_primary_public_advocate": "Jumaane D. Williams beat Jenifer Rajkumar, 150 to 29, 74.6% to 14.4%; total votes 201.", "dem_primary_public_advocate_winner": "Williams", "dem_primary_comptroller": "Mark D. Levine beat Justin Brannan, 95 to 64, 46.8% to 31.5%; total votes 203.", "dem_primary_comptroller_winner": "Levine", "popup_summary": "Mayor: ZOHRAN KWAME MAMDANI beat ANDREW M. CUOMO, 261 to 130, 63.7% to 31.7%; total votes 410. | Public Advocate: JUMAANE D. WILLIAMS beat GONZALO DURAN, 295 to 44, 85.8% to 12.8%; total votes 344. | City Comptroller: MARK D. LEVINE beat PETER KEFALAS, 292 to 26, 87.2% to 7.8%; total votes 335. | Question 1: Disapprove beat Approve, 177 to 146, 54.8% to 45.2%; total votes 323. | Question 2: Approve beat Disapprove, 253 to 80, 76.0% to 24.0%; total votes 333. | Question 3: Approve beat Disapprove, 219 to 101, 68.4% to 31.6%; total votes 320. | Question 4: Approve beat Disapprove, 233 to 89, 72.4% to 27.6%; total votes 322. | Question 5: Approve beat Disapprove, 249 to 73, 77.3% to 22.7%; total votes 322. | Question 6: Disapprove beat Approve, 167 to 157, 51.5% to 48.5%; total votes 324. | Dem Primary Mayor: Zohran Kwame Mamdani beat Andrew M. Cuomo, 132 to 88, 56.2% to 37.4%; total votes 235. | Dem Primary Public Advocate: Jumaane D. Williams beat Jenifer Rajkumar, 150 to 29, 74.6% to 14.4%; total votes 201. | Dem Primary Comptroller: Mark D. Levine beat Justin Brannan, 95 to 64, 46.8% to 31.5%; total votes 203.", "mayor_margin": 32.0, "q2_yes": 76.0, "q3_yes": 68.4, "q4_yes": 72.4}, "geometry": {"type": "MultiPolygon", "coordinates": [[[[-73.9379306, 40.8410889], [-73.9364639, 40.8404814], [-73.9369133, 40.8398667], [-73.9372052, 40.8394678], [-73.9373322, 40.8392943], [-73.9377808, 40.838687], [-73.9379197, 40.8384898], [-73.9383431, 40.8379089], [-73.9385481, 40.837954], [-73.9398267, 40.8384975], [-73.9400238, 40.8386], [-73.9410393, 40.8391275], [-73.9411361, 40.8391789], [-73.9406382, 40.8398672], [-73.9401657, 40.8405228], [-73.9397659, 40.8410774], [-73.9394344, 40.8415409], [-73.9393743, 40.8416248], [-73.9393346, 40.8416805], [-73.938968, 40.8415258], [-73.9379306, 40.8410889]]]]}}, {"type": "Feature", "properties": {"felt:feature": 87, "ed_label": "AD 72 ED 058", "elect_dist": "72058", "borough": "Manhattan", "community_board": 12, "community_board_label": "Manhattan CB12", "popup_title": "Manhattan CB12 \u2014 AD 72 ED 058", "general_mayor": "ZOHRAN KWAME MAMDANI beat ANDREW M. CUOMO, 536.9 to 126.7, 77.1% to 18.2%; total votes 696.6.", "general_mayor_winner": "Mamdani", "general_public_advocate": "JUMAANE D. WILLIAMS beat GONZALO DURAN, 595.8 to 44.9, 91.8% to 6.9%; total votes 648.7.", "general_public_advocate_winner": "Williams", "general_comptroller": "MARK D. LEVINE beat PETER KEFALAS, 565.9 to 36.9, 92.2% to 6.0%; total votes 613.8.", "general_comptroller_winner": "Levine", "question_1": "Disapprove beat Approve, 320.4 to 298.4, 51.8% to 48.2%; total votes 618.8.", "question_1_winner": "No-disapprove!", "question_2": "Approve beat Disapprove, 458.1 to 169.7, 73.0% to 27.0%; total votes 627.7.", "question_2_winner": "Yes-approve!", "question_3": "Approve beat Disapprove, 388.2 to 223.6, 63.5% to 36.5%; total votes 611.8.", "question_3_winner": "Yes-approve!", "question_4": "Approve beat Disapprove, 425.1 to 186.6, 69.5% to 30.5%; total votes 611.8.", "question_4_winner": "Yes-approve!", "question_5": "Approve beat Disapprove, 493 to 122.8, 80.1% to 19.9%; total votes 615.8.", "question_5_winner": "Yes-approve!", "question_6": "Disapprove beat Approve, 334.3 to 278.4, 54.6% to 45.4%; total votes 612.8.", "question_6_winner": "No-disapprove!", "dem_primary_mayor": "Zohran Kwame Mamdani beat Andrew M. Cuomo, 243.5 to 103.8, 57.8% to 24.6%; total votes 421.2.", "dem_primary_mayor_winner": "Mamdani", "dem_primary_public_advocate": "Jumaane D. Williams beat Jenifer Rajkumar, 311.4 to 52.9, 81.9% to 13.9%; total votes 380.2.", "dem_primary_public_advocate_winner": "Williams", "dem_primary_comptroller": "Mark D. Levine beat Justin Brannan, 204.6 to 113.8, 53.9% to 30.0%; total votes 379.2.", "dem_primary_comptroller_winner": "Levine", "popup_summary": "Mayor: ZOHRAN KWAME MAMDANI beat ANDREW M. CUOMO, 536.9 to 126.7, 77.1% to 18.2%; total votes 696.6. | Public Advocate: JUMAANE D. WILLIAMS beat GONZALO DURAN, 595.8 to 44.9, 91.8% to 6.9%; total votes 648.7. | City Comptroller: MARK D. LEVINE beat PETER KEFALAS, 565.9 to 36.9, 92.2% to 6.0%; total votes 613.8. | Question 1: Disapprove beat Approve, 320.4 to 298.4, 51.8% to 48.2%; total votes 618.8. | Question 2: Approve beat Disapprove, 458.1 to 169.7, 73.0% to 27.0%; total votes 627.7. | Question 3: Approve beat Disapprove, 388.2 to 223.6, 63.5% to 36.5%; total votes 611.8. | Question 4: Approve beat Disapprove, 425.1 to 186.6, 69.5% to 30.5%; total votes 611.8. | Question 5: Approve beat Disapprove, 493 to 122.8, 80.1% to 19.9%; total votes 615.8. | Question 6: Disapprove beat Approve, 334.3 to 278.4, 54.6% to 45.4%; total votes 612.8. | Dem Primary Mayor: Zohran Kwame Mamdani beat Andrew M. Cuomo, 243.5 to 103.8, 57.8% to 24.6%; total votes 421.2. | Dem Primary Public Advocate: Jumaane D. Williams beat Jenifer Rajkumar, 311.4 to 52.9, 81.9% to 13.9%; total votes 380.2. | Dem Primary Comptroller: Mark D. Levine beat Justin Brannan, 204.6 to 113.8, 53.9% to 30.0%; total votes 379.2.", "mayor_margin": 58.9, "q2_yes": 73.0, "q3_yes": 63.5, "q4_yes": 69.5}, "geometry": {"type": "MultiPolygon", "coordinates": [[[[-73.9346739, 40.8360649], [-73.934856, 40.835857], [-73.9349627, 40.8357599], [-73.9350634, 40.8356777], [-73.9353079, 40.8354777], [-73.9357262, 40.8351563], [-73.9366036, 40.834513], [-73.9370064, 40.8341931], [-73.9372953, 40.8339759], [-73.9379725, 40.8334428], [-73.9380818, 40.8333575], [-73.9381881, 40.8332699], [-73.9382911, 40.8331802], [-73.938391, 40.8330884], [-73.9384874, 40.8329945], [-73.9385805, 40.8328987], [-73.9387736, 40.8326632], [-73.9389486, 40.8324173], [-73.9390577, 40.8322405], [-73.9391067, 40.8321612], [-73.9391503, 40.8320802], [-73.9391884, 40.8319976], [-73.9392286, 40.8319078], [-73.939314, 40.8316841], [-73.9393499, 40.8316039], [-73.939394, 40.8315261], [-73.9394459, 40.8314512], [-73.9395054, 40.8313795], [-73.9395722, 40.8313116], [-73.9397305, 40.8311442], [-73.9397794, 40.8310972], [-73.9398237, 40.8310512], [-73.9398643, 40.8310034], [-73.9399012, 40.8309539], [-73.9399341, 40.8308951], [-73.9399617, 40.8308348], [-73.939984, 40.8307732], [-73.9399974, 40.8307346], [-73.9400695, 40.83049], [-73.9401413, 40.830372], [-73.9403464, 40.8304578], [-73.9403688, 40.8315561], [-73.9403407, 40.8316404], [-73.9403064, 40.8317233], [-73.9402658, 40.8318045], [-73.9402191, 40.8318838], [-73.9401666, 40.831961], [-73.9401083, 40.8320358], [-73.939761, 40.8325096], [-73.939676, 40.8326854], [-73.939648, 40.8327547], [-73.9396142, 40.8328225], [-73.9395747, 40.8328885], [-73.9395296, 40.8329524], [-73.9394792, 40.833014], [-73.9394236, 40.833073], [-73.9393631, 40.8331291], [-73.939298, 40.8331821], [-73.9392285, 40.8332318], [-73.9391549, 40.833278], [-73.9403601, 40.8337867], [-73.9411182, 40.8341138], [-73.9406643, 40.8347314], [-73.9402166, 40.8353584], [-73.9398879, 40.8357939], [-73.9393751, 40.8365053], [-73.9388976, 40.83631], [-73.9373828, 40.8356907], [-73.9370235, 40.8364689], [-73.9366908, 40.8371932], [-73.9364495, 40.837053], [-73.9361153, 40.8368587], [-73.9350665, 40.836245], [-73.9350091, 40.8362136], [-73.9348517, 40.836137], [-73.9347989, 40.8361101], [-73.9347457, 40.8360921], [-73.9346739, 40.8360649]]]]}}, {"type": "Feature", "properties": {"felt:feature": 88, "ed_label": "AD 72 ED 059", "elect_dist": "72059", "borough": "Manhattan", "community_board": 12, "community_board_label": "Manhattan CB12", "popup_title": "Manhattan CB12 \u2014 AD 72 ED 059", "general_mayor": "ZOHRAN KWAME MAMDANI beat ANDREW M. CUOMO, 265 to 142, 61.8% to 33.1%; total votes 429.", "general_mayor_winner": "Mamdani", "general_public_advocate": "JUMAANE D. WILLIAMS beat GONZALO DURAN, 325 to 42, 87.8% to 11.4%; total votes 370.", "general_public_advocate_winner": "Williams", "general_comptroller": "MARK D. LEVINE beat PETER KEFALAS, 319 to 37, 86.9% to 10.1%; total votes 367.", "general_comptroller_winner": "Levine", "question_1": "Disapprove beat Approve, 181 to 151, 54.5% to 45.5%; total votes 332.", "question_1_winner": "No-disapprove!", "question_2": "Approve beat Disapprove, 237 to 106, 69.1% to 30.9%; total votes 343.", "question_2_winner": "Yes-approve!", "question_3": "Approve beat Disapprove, 203 to 117, 63.4% to 36.6%; total votes 320.", "question_3_winner": "Yes-approve!", "question_4": "Approve beat Disapprove, 206 to 118, 63.6% to 36.4%; total votes 324.", "question_4_winner": "Yes-approve!", "question_5": "Approve beat Disapprove, 255 to 57, 81.7% to 18.3%; total votes 312.", "question_5_winner": "Yes-approve!", "question_6": "Approve beat Disapprove, 163 to 162, 50.2% to 49.8%; total votes 325.", "question_6_winner": "Yes-approve!", "dem_primary_mayor": "Zohran Kwame Mamdani beat Andrew M. Cuomo, 133 to 83, 57.8% to 36.1%; total votes 230.", "dem_primary_mayor_winner": "Mamdani", "dem_primary_public_advocate": "Jumaane D. Williams beat Jenifer Rajkumar, 161 to 31, 79.3% to 15.3%; total votes 203.", "dem_primary_public_advocate_winner": "Williams", "dem_primary_comptroller": "Mark D. Levine beat Justin Brannan, 105 to 56, 50.7% to 27.1%; total votes 207.", "dem_primary_comptroller_winner": "Levine", "popup_summary": "Mayor: ZOHRAN KWAME MAMDANI beat ANDREW M. CUOMO, 265 to 142, 61.8% to 33.1%; total votes 429. | Public Advocate: JUMAANE D. WILLIAMS beat GONZALO DURAN, 325 to 42, 87.8% to 11.4%; total votes 370. | City Comptroller: MARK D. LEVINE beat PETER KEFALAS, 319 to 37, 86.9% to 10.1%; total votes 367. | Question 1: Disapprove beat Approve, 181 to 151, 54.5% to 45.5%; total votes 332. | Question 2: Approve beat Disapprove, 237 to 106, 69.1% to 30.9%; total votes 343. | Question 3: Approve beat Disapprove, 203 to 117, 63.4% to 36.6%; total votes 320. | Question 4: Approve beat Disapprove, 206 to 118, 63.6% to 36.4%; total votes 324. | Question 5: Approve beat Disapprove, 255 to 57, 81.7% to 18.3%; total votes 312. | Question 6: Approve beat Disapprove, 163 to 162, 50.2% to 49.8%; total votes 325. | Dem Primary Mayor: Zohran Kwame Mamdani beat Andrew M. Cuomo, 133 to 83, 57.8% to 36.1%; total votes 230. | Dem Primary Public Advocate: Jumaane D. Williams beat Jenifer Rajkumar, 161 to 31, 79.3% to 15.3%; total votes 203. | Dem Primary Comptroller: Mark D. Levine beat Justin Brannan, 105 to 56, 50.7% to 27.1%; total votes 207.", "mayor_margin": 28.7, "q2_yes": 69.1, "q3_yes": 63.4, "q4_yes": 63.6}, "geometry": {"type": "MultiPolygon", "coordinates": [[[[-73.9406643, 40.8347314], [-73.9411182, 40.8341138], [-73.9431009, 40.8349453], [-73.9432436, 40.8350052], [-73.9438676, 40.8352669], [-73.9439678, 40.8353089], [-73.9435137, 40.8359331], [-73.9430523, 40.8365569], [-73.9429492, 40.8365133], [-73.9427382, 40.8360127], [-73.9410711, 40.8353094], [-73.9406643, 40.8347314]]]]}}, {"type": "Feature", "properties": {"felt:feature": 89, "ed_label": "AD 72 ED 060", "elect_dist": "72060", "borough": "Manhattan", "community_board": 12, "community_board_label": "Manhattan CB12", "popup_title": "Manhattan CB12 \u2014 AD 72 ED 060", "general_mayor": "ZOHRAN KWAME MAMDANI beat ANDREW M. CUOMO, 231 to 121, 62.3% to 32.6%; total votes 371.", "general_mayor_winner": "Mamdani", "general_public_advocate": "JUMAANE D. WILLIAMS beat GONZALO DURAN, 256 to 64, 78.3% to 19.6%; total votes 327.", "general_public_advocate_winner": "Williams", "general_comptroller": "MARK D. LEVINE beat PETER KEFALAS, 258 to 48, 79.4% to 14.8%; total votes 325.", "general_comptroller_winner": "Levine", "question_1": "Disapprove beat Approve, 175 to 115, 60.3% to 39.7%; total votes 290.", "question_1_winner": "No-disapprove!", "question_2": "Approve beat Disapprove, 214 to 85, 71.6% to 28.4%; total votes 299.", "question_2_winner": "Yes-approve!", "question_3": "Approve beat Disapprove, 178 to 106, 62.7% to 37.3%; total votes 284.", "question_3_winner": "Yes-approve!", "question_4": "Approve beat Disapprove, 203 to 87, 70.0% to 30.0%; total votes 290.", "question_4_winner": "Yes-approve!", "question_5": "Approve beat Disapprove, 208 to 76, 73.2% to 26.8%; total votes 284.", "question_5_winner": "Yes-approve!", "question_6": "Disapprove beat Approve, 155 to 132, 54.0% to 46.0%; total votes 287.", "question_6_winner": "No-disapprove!", "dem_primary_mayor": "Zohran Kwame Mamdani beat Andrew M. Cuomo, 102 to 75, 51.5% to 37.9%; total votes 198.", "dem_primary_mayor_winner": "Mamdani", "dem_primary_public_advocate": "Jumaane D. Williams beat Jenifer Rajkumar, 132 to 32, 75.4% to 18.3%; total votes 175.", "dem_primary_public_advocate_winner": "Williams", "dem_primary_comptroller": "Mark D. Levine beat Justin Brannan, 86 to 49, 49.1% to 28.0%; total votes 175.", "dem_primary_comptroller_winner": "Levine", "popup_summary": "Mayor: ZOHRAN KWAME MAMDANI beat ANDREW M. CUOMO, 231 to 121, 62.3% to 32.6%; total votes 371. | Public Advocate: JUMAANE D. WILLIAMS beat GONZALO DURAN, 256 to 64, 78.3% to 19.6%; total votes 327. | City Comptroller: MARK D. LEVINE beat PETER KEFALAS, 258 to 48, 79.4% to 14.8%; total votes 325. | Question 1: Disapprove beat Approve, 175 to 115, 60.3% to 39.7%; total votes 290. | Question 2: Approve beat Disapprove, 214 to 85, 71.6% to 28.4%; total votes 299. | Question 3: Approve beat Disapprove, 178 to 106, 62.7% to 37.3%; total votes 284. | Question 4: Approve beat Disapprove, 203 to 87, 70.0% to 30.0%; total votes 290. | Question 5: Approve beat Disapprove, 208 to 76, 73.2% to 26.8%; total votes 284. | Question 6: Disapprove beat Approve, 155 to 132, 54.0% to 46.0%; total votes 287. | Dem Primary Mayor: Zohran Kwame Mamdani beat Andrew M. Cuomo, 102 to 75, 51.5% to 37.9%; total votes 198. | Dem Primary Public Advocate: Jumaane D. Williams beat Jenifer Rajkumar, 132 to 32, 75.4% to 18.3%; total votes 175. | Dem Primary Comptroller: Mark D. Levine beat Justin Brannan, 86 to 49, 49.1% to 28.0%; total votes 175.", "mayor_margin": 29.7, "q2_yes": 71.6, "q3_yes": 62.7, "q4_yes": 70.0}, "geometry": {"type": "MultiPolygon", "coordinates": [[[[-73.9383431, 40.8379089], [-73.9385168, 40.8376714], [-73.9386059, 40.8375497], [-73.9388399, 40.8372298], [-73.9393004, 40.836607], [-73.9393751, 40.8365053], [-73.9398879, 40.8357939], [-73.9399498, 40.8360775], [-73.9424985, 40.8371379], [-73.9425952, 40.8371772], [-73.9421415, 40.8378029], [-73.942041, 40.8377606], [-73.9401023, 40.8369451], [-73.9399939, 40.8377142], [-73.9398267, 40.8384975], [-73.9385481, 40.837954], [-73.9383431, 40.8379089]]]]}}, {"type": "Feature", "properties": {"felt:feature": 90, "ed_label": "AD 72 ED 061", "elect_dist": "72061", "borough": "Manhattan", "community_board": 12, "community_board_label": "Manhattan CB12", "popup_title": "Manhattan CB12 \u2014 AD 72 ED 061", "general_mayor": "ZOHRAN KWAME MAMDANI beat ANDREW M. CUOMO, 234 to 106, 65.4% to 29.6%; total votes 358.", "general_mayor_winner": "Mamdani", "general_public_advocate": "JUMAANE D. WILLIAMS beat GONZALO DURAN, 264 to 38, 86.0% to 12.4%; total votes 307.", "general_public_advocate_winner": "Williams", "general_comptroller": "MARK D. LEVINE beat PETER KEFALAS, 262 to 28, 86.2% to 9.2%; total votes 304.", "general_comptroller_winner": "Levine", "question_1": "Disapprove beat Approve, 160 to 127, 55.7% to 44.3%; total votes 287.", "question_1_winner": "No-disapprove!", "question_2": "Approve beat Disapprove, 213 to 81, 72.4% to 27.6%; total votes 294.", "question_2_winner": "Yes-approve!", "question_3": "Approve beat Disapprove, 189 to 98, 65.9% to 34.1%; total votes 287.", "question_3_winner": "Yes-approve!", "question_4": "Approve beat Disapprove, 208 to 82, 71.7% to 28.3%; total votes 290.", "question_4_winner": "Yes-approve!", "question_5": "Approve beat Disapprove, 221 to 63, 77.8% to 22.2%; total votes 284.", "question_5_winner": "Yes-approve!", "question_6": "Disapprove beat Approve, 163 to 128, 56.0% to 44.0%; total votes 291.", "question_6_winner": "No-disapprove!", "dem_primary_mayor": "Zohran Kwame Mamdani beat Andrew M. Cuomo, 91 to 68, 49.7% to 37.2%; total votes 183.", "dem_primary_mayor_winner": "Mamdani", "dem_primary_public_advocate": "Jumaane D. Williams beat Marty Dolan, 117 to 23, 72.2% to 14.2%; total votes 162.", "dem_primary_public_advocate_winner": "Williams", "dem_primary_comptroller": "Mark D. Levine beat Justin Brannan, 94 to 41, 55.6% to 24.3%; total votes 169.", "dem_primary_comptroller_winner": "Levine", "popup_summary": "Mayor: ZOHRAN KWAME MAMDANI beat ANDREW M. CUOMO, 234 to 106, 65.4% to 29.6%; total votes 358. | Public Advocate: JUMAANE D. WILLIAMS beat GONZALO DURAN, 264 to 38, 86.0% to 12.4%; total votes 307. | City Comptroller: MARK D. LEVINE beat PETER KEFALAS, 262 to 28, 86.2% to 9.2%; total votes 304. | Question 1: Disapprove beat Approve, 160 to 127, 55.7% to 44.3%; total votes 287. | Question 2: Approve beat Disapprove, 213 to 81, 72.4% to 27.6%; total votes 294. | Question 3: Approve beat Disapprove, 189 to 98, 65.9% to 34.1%; total votes 287. | Question 4: Approve beat Disapprove, 208 to 82, 71.7% to 28.3%; total votes 290. | Question 5: Approve beat Disapprove, 221 to 63, 77.8% to 22.2%; total votes 284. | Question 6: Disapprove beat Approve, 163 to 128, 56.0% to 44.0%; total votes 291. | Dem Primary Mayor: Zohran Kwame Mamdani beat Andrew M. Cuomo, 91 to 68, 49.7% to 37.2%; total votes 183. | Dem Primary Public Advocate: Jumaane D. Williams beat Marty Dolan, 117 to 23, 72.2% to 14.2%; total votes 162. | Dem Primary Comptroller: Mark D. Levine beat Justin Brannan, 94 to 41, 55.6% to 24.3%; total votes 169.", "mayor_margin": 35.8, "q2_yes": 72.4, "q3_yes": 65.9, "q4_yes": 71.7}, "geometry": {"type": "MultiPolygon", "coordinates": [[[[-73.9398879, 40.8357939], [-73.9402166, 40.8353584], [-73.9406643, 40.8347314], [-73.9410711, 40.8353094], [-73.9427382, 40.8360127], [-73.9429492, 40.8365133], [-73.9430523, 40.8365569], [-73.9425952, 40.8371772], [-73.9424985, 40.8371379], [-73.9399498, 40.8360775], [-73.9398879, 40.8357939]]]]}}, {"type": "Feature", "properties": {"felt:feature": 91, "ed_label": "AD 72 ED 062", "elect_dist": "72062", "borough": "Manhattan", "community_board": 12, "community_board_label": "Manhattan CB12", "popup_title": "Manhattan CB12 \u2014 AD 72 ED 062", "general_mayor": "ZOHRAN KWAME MAMDANI beat ANDREW M. CUOMO, 200 to 136, 55.9% to 38.0%; total votes 358.", "general_mayor_winner": "Mamdani", "general_public_advocate": "JUMAANE D. WILLIAMS beat GONZALO DURAN, 235 to 51, 80.2% to 17.4%; total votes 293.", "general_public_advocate_winner": "Williams", "general_comptroller": "MARK D. LEVINE beat PETER KEFALAS, 238 to 37, 82.6% to 12.8%; total votes 288.", "general_comptroller_winner": "Levine", "question_1": "Disapprove beat Approve, 145 to 124, 53.9% to 46.1%; total votes 269.", "question_1_winner": "No-disapprove!", "question_2": "Approve beat Disapprove, 212 to 61, 77.7% to 22.3%; total votes 273.", "question_2_winner": "Yes-approve!", "question_3": "Approve beat Disapprove, 182 to 82, 68.9% to 31.1%; total votes 264.", "question_3_winner": "Yes-approve!", "question_4": "Approve beat Disapprove, 193 to 69, 73.7% to 26.3%; total votes 262.", "question_4_winner": "Yes-approve!", "question_5": "Approve beat Disapprove, 201 to 55, 78.5% to 21.5%; total votes 256.", "question_5_winner": "Yes-approve!", "question_6": "Approve beat Disapprove, 136 to 124, 52.3% to 47.7%; total votes 260.", "question_6_winner": "Yes-approve!", "dem_primary_mayor": "Zohran Kwame Mamdani beat Andrew M. Cuomo, 83 to 77, 48.0% to 44.5%; total votes 173.", "dem_primary_mayor_winner": "Mamdani", "dem_primary_public_advocate": "Jumaane D. Williams beat Marty Dolan, 111 to 17, 77.1% to 11.8%; total votes 144.", "dem_primary_public_advocate_winner": "Williams", "dem_primary_comptroller": "Mark D. Levine beat Justin Brannan, 82 to 32, 55.0% to 21.5%; total votes 149.", "dem_primary_comptroller_winner": "Levine", "popup_summary": "Mayor: ZOHRAN KWAME MAMDANI beat ANDREW M. CUOMO, 200 to 136, 55.9% to 38.0%; total votes 358. | Public Advocate: JUMAANE D. WILLIAMS beat GONZALO DURAN, 235 to 51, 80.2% to 17.4%; total votes 293. | City Comptroller: MARK D. LEVINE beat PETER KEFALAS, 238 to 37, 82.6% to 12.8%; total votes 288. | Question 1: Disapprove beat Approve, 145 to 124, 53.9% to 46.1%; total votes 269. | Question 2: Approve beat Disapprove, 212 to 61, 77.7% to 22.3%; total votes 273. | Question 3: Approve beat Disapprove, 182 to 82, 68.9% to 31.1%; total votes 264. | Question 4: Approve beat Disapprove, 193 to 69, 73.7% to 26.3%; total votes 262. | Question 5: Approve beat Disapprove, 201 to 55, 78.5% to 21.5%; total votes 256. | Question 6: Approve beat Disapprove, 136 to 124, 52.3% to 47.7%; total votes 260. | Dem Primary Mayor: Zohran Kwame Mamdani beat Andrew M. Cuomo, 83 to 77, 48.0% to 44.5%; total votes 173. | Dem Primary Public Advocate: Jumaane D. Williams beat Marty Dolan, 111 to 17, 77.1% to 11.8%; total votes 144. | Dem Primary Comptroller: Mark D. Levine beat Justin Brannan, 82 to 32, 55.0% to 21.5%; total votes 149.", "mayor_margin": 17.9, "q2_yes": 77.7, "q3_yes": 68.9, "q4_yes": 73.7}, "geometry": {"type": "MultiPolygon", "coordinates": [[[[-73.9398267, 40.8384975], [-73.9399939, 40.8377142], [-73.9401023, 40.8369451], [-73.942041, 40.8377606], [-73.9421415, 40.8378029], [-73.9416888, 40.8384258], [-73.9411361, 40.8391789], [-73.9410393, 40.8391275], [-73.9400238, 40.8386], [-73.9398267, 40.8384975]]]]}}, {"type": "Feature", "properties": {"felt:feature": 92, "ed_label": "AD 72 ED 063", "elect_dist": "72063", "borough": "Manhattan", "community_board": 12, "community_board_label": "Manhattan CB12", "popup_title": "Manhattan CB12 \u2014 AD 72 ED 063", "general_mayor": "ZOHRAN KWAME MAMDANI beat ANDREW M. CUOMO, 201 to 98, 64.0% to 31.2%; total votes 314.", "general_mayor_winner": "Mamdani", "general_public_advocate": "JUMAANE D. WILLIAMS beat GONZALO DURAN, 244 to 29, 88.7% to 10.5%; total votes 275.", "general_public_advocate_winner": "Williams", "general_comptroller": "MARK D. LEVINE beat ISMAEL MALAVE PEREZ, 229 to 17, 87.1% to 6.5%; total votes 263.", "general_comptroller_winner": "Levine", "question_1": "Disapprove beat Approve, 148 to 96, 60.7% to 39.3%; total votes 244.", "question_1_winner": "No-disapprove!", "question_2": "Approve beat Disapprove, 192 to 61, 75.9% to 24.1%; total votes 253.", "question_2_winner": "Yes-approve!", "question_3": "Approve beat Disapprove, 167 to 80, 67.6% to 32.4%; total votes 247.", "question_3_winner": "Yes-approve!", "question_4": "Approve beat Disapprove, 185 to 63, 74.6% to 25.4%; total votes 248.", "question_4_winner": "Yes-approve!", "question_5": "Approve beat Disapprove, 183 to 60, 75.3% to 24.7%; total votes 243.", "question_5_winner": "Yes-approve!", "question_6": "Disapprove beat Approve, 125 to 118, 51.4% to 48.6%; total votes 243.", "question_6_winner": "No-disapprove!", "dem_primary_mayor": "Zohran Kwame Mamdani beat Andrew M. Cuomo, 75 to 59, 49.0% to 38.6%; total votes 153.", "dem_primary_mayor_winner": "Mamdani", "dem_primary_public_advocate": "Jumaane D. Williams beat Jenifer Rajkumar, 102 to 16, 79.7% to 12.5%; total votes 128.", "dem_primary_public_advocate_winner": "Williams", "dem_primary_comptroller": "Mark D. Levine beat Justin Brannan, 72 to 27, 57.1% to 21.4%; total votes 126.", "dem_primary_comptroller_winner": "Levine", "popup_summary": "Mayor: ZOHRAN KWAME MAMDANI beat ANDREW M. CUOMO, 201 to 98, 64.0% to 31.2%; total votes 314. | Public Advocate: JUMAANE D. WILLIAMS beat GONZALO DURAN, 244 to 29, 88.7% to 10.5%; total votes 275. | City Comptroller: MARK D. LEVINE beat ISMAEL MALAVE PEREZ, 229 to 17, 87.1% to 6.5%; total votes 263. | Question 1: Disapprove beat Approve, 148 to 96, 60.7% to 39.3%; total votes 244. | Question 2: Approve beat Disapprove, 192 to 61, 75.9% to 24.1%; total votes 253. | Question 3: Approve beat Disapprove, 167 to 80, 67.6% to 32.4%; total votes 247. | Question 4: Approve beat Disapprove, 185 to 63, 74.6% to 25.4%; total votes 248. | Question 5: Approve beat Disapprove, 183 to 60, 75.3% to 24.7%; total votes 243. | Question 6: Disapprove beat Approve, 125 to 118, 51.4% to 48.6%; total votes 243. | Dem Primary Mayor: Zohran Kwame Mamdani beat Andrew M. Cuomo, 75 to 59, 49.0% to 38.6%; total votes 153. | Dem Primary Public Advocate: Jumaane D. Williams beat Jenifer Rajkumar, 102 to 16, 79.7% to 12.5%; total votes 128. | Dem Primary Comptroller: Mark D. Levine beat Justin Brannan, 72 to 27, 57.1% to 21.4%; total votes 126.", "mayor_margin": 32.8, "q2_yes": 75.9, "q3_yes": 67.6, "q4_yes": 74.6}, "geometry": {"type": "MultiPolygon", "coordinates": [[[[-73.9366908, 40.8371932], [-73.9370235, 40.8364689], [-73.9373828, 40.8356907], [-73.9388976, 40.83631], [-73.9393751, 40.8365053], [-73.9393004, 40.836607], [-73.9388399, 40.8372298], [-73.9386059, 40.8375497], [-73.9385168, 40.8376714], [-73.9383431, 40.8379089], [-73.9379197, 40.8384898], [-73.9363832, 40.8378501], [-73.9366908, 40.8371932]]]]}}]}