{"type": "FeatureCollection", "features": [{"type": "Feature", "properties": {"name": "Broadway/7Th Ave Line", "line": "BROADWAY/7TH AVE LINE", "color": "#EE352E", "weight": 4, "category": "subway_route"}, "geometry": {"type": "LineString", "coordinates": [[-73.9822169272254, 40.7647425105973], [-73.9819897469657, 40.7654681105102]]}}, {"type": "Feature", "properties": {"name": "Queens Blvd Line", "line": "QUEENS BLVD LINE", "color": "#FF6319", "weight": 4, "category": "subway_route"}, "geometry": {"type": "LineString", "coordinates": [[-73.9522146985409, 40.7490638123149], [-73.9516407994918, 40.7489427160662]]}}, {"type": "Feature", "properties": {"name": "Lexington Ave", "line": "LEXINGTON AVE", "color": "#00933C", "weight": 4, "category": "subway_route"}, "geometry": {"type": "LineString", "coordinates": [[-73.9546325642585, 40.7808086639934], [-73.9541780539348, 40.7814373136641]]}}, {"type": "Feature", "properties": {"name": "8Th Ave Line", "line": "8TH AVE LINE", "color": "#0039A6", "weight": 4, "category": "subway_route"}, "geometry": {"type": "LineString", "coordinates": [[-73.958334339956, 40.8003733120782], [-73.9581742613892, 40.8005907995701]]}}, {"type": "Feature", "properties": {"name": "Lexington Ave", "line": "LEXINGTON AVE", "color": "#00933C", "weight": 4, "category": "subway_route"}, "geometry": {"type": "LineString", "coordinates": [[-73.9593952454585, 40.7742862183739], [-73.9588972003504, 40.7749684157423]]}}, {"type": "Feature", "properties": {"name": "Flushing Line", "line": "FLUSHING LINE", "color": "#B933AD", "weight": 4, "category": "subway_route"}, "geometry": {"type": "LineString", "coordinates": [[-73.9261534930891, 40.7440369129159], [-73.9251866802645, 40.7439264902103]]}}, {"type": "Feature", "properties": {"name": "Broadway/7Th Ave Line", "line": "BROADWAY/7TH AVE LINE", "color": "#EE352E", "weight": 4, "category": "subway_route"}, "geometry": {"type": "LineString", "coordinates": [[-73.9184479701351, 40.8651166484571], [-73.9181087378444, 40.8656011867133]]}}, {"type": "Feature", "properties": {"name": "63Rd St Line", "line": "63RD ST LINE", "color": "#FF6319", "weight": 4, "category": "subway_route"}, "geometry": {"type": "LineString", "coordinates": [[-73.9383338384852, 40.7518287237133], [-73.937563479653, 40.751418812701]]}}, {"type": "Feature", "properties": {"name": "Queens Blvd Line", "line": "QUEENS BLVD LINE", "color": "#FF6319", "weight": 4, "category": "subway_route"}, "geometry": {"type": "LineString", "coordinates": [[-73.7963954141464, 40.7095398254226], [-73.7956179224893, 40.7097613252536]]}}, {"type": "Feature", "properties": {"name": "Broadway/7Th Ave Line", "line": "BROADWAY/7TH AVE LINE", "color": "#EE352E", "weight": 4, "category": "subway_route"}, "geometry": {"type": "LineString", "coordinates": [[-73.9360794780572, 40.8461128916309], [-73.9356230130372, 40.8467348964363]]}}, {"type": "Feature", "properties": {"name": "Lexington Ave", "line": "LEXINGTON AVE", "color": "#00933C", "weight": 4, "category": "subway_route"}, "geometry": {"type": "LineString", "coordinates": [[-73.9439489964688, 40.7954437977795], [-73.9434845256463, 40.7960812512852]]}}, {"type": "Feature", "properties": {"name": "Fulton St Line", "line": "FULTON ST LINE", "color": "#0039A6", "weight": 4, "category": "subway_route"}, "geometry": {"type": "LineString", "coordinates": [[-73.8413383778587, 40.6809234999853], [-73.8404684110287, 40.6810890819171]]}}, {"type": "Feature", "properties": {"name": "Broadway/7Th Ave Line", "line": "BROADWAY/7TH AVE LINE", "color": "#EE352E", "weight": 4, "category": "subway_route"}, "geometry": {"type": "LineString", "coordinates": [[-73.9044287127768, 40.8794408945768], [-73.9039382197172, 40.8801424456307]]}}, {"type": "Feature", "properties": {"name": "White Plains Rd Line", "line": "WHITE PLAINS RD LINE", "color": "#EE352E", "weight": 4, "category": "subway_route"}, "geometry": {"type": "LineString", "coordinates": [[-73.8653508308245, 40.8792495669848], [-73.8653000909284, 40.8793362520883]]}}, {"type": "Feature", "properties": {"name": "Broadway/7Th Ave Line", "line": "BROADWAY/7TH AVE LINE", "color": "#EE352E", "weight": 4, "category": "subway_route"}, "geometry": {"type": "LineString", "coordinates": [[-74.0129941004226, 40.7093625091873], [-74.0128402701908, 40.7097182192558]]}}, {"type": "Feature", "properties": {"name": "Clark St Line", "line": "CLARK ST LINE", "color": "#EE352E", "weight": 4, "category": "subway_route"}, "geometry": {"type": "LineString", "coordinates": [[-74.0097476945315, 40.7047834859264], [-74.0099854875326, 40.7051559712438]]}}, {"type": "Feature", "properties": {"name": "Clark St Line", "line": "CLARK ST LINE", "color": "#EE352E", "weight": 4, "category": "subway_route"}, "geometry": {"type": "LineString", "coordinates": [[-74.0086466803774, 40.7073482578663], [-74.0082702579315, 40.7077301744761]]}}, {"type": "Feature", "properties": {"name": "White Plains Rd Line", "line": "WHITE PLAINS RD LINE", "color": "#EE352E", "weight": 4, "category": "subway_route"}, "geometry": {"type": "LineString", "coordinates": [[-73.8670975412142, 40.8732210014607], [-73.8670673328626, 40.8743329715387]]}}, {"type": "Feature", "properties": {"name": "Nostrand Ave Line", "line": "NOSTRAND AVE LINE", "color": "#EE352E", "weight": 4, "category": "subway_route"}, "geometry": {"type": "LineString", "coordinates": [[-73.9508116974141, 40.6623618088424], [-73.9507254067586, 40.6615772962054]]}}, {"type": "Feature", "properties": {"name": "4Th Ave Line", "line": "4TH AVE LINE", "color": "#FCCC0A", "weight": 4, "category": "subway_route"}, "geometry": {"type": "LineString", "coordinates": [[-74.0114124756683, 40.6475980627607], [-74.0119969567615, 40.6470368096317]]}}, {"type": "Feature", "properties": {"name": "8Th Ave Line", "line": "8TH AVE LINE", "color": "#0039A6", "weight": 4, "category": "subway_route"}, "geometry": {"type": "LineString", "coordinates": [[-73.9945296108117, 40.7000801430294], [-73.9936791483979, 40.6998526105112]]}}, {"type": "Feature", "properties": {"name": "West End Line", "line": "WEST END LINE", "color": "#FF6319", "weight": 4, "category": "subway_route"}, "geometry": {"type": "LineString", "coordinates": [[-73.9948354400795, 40.6358570310008], [-73.9948473034238, 40.6357696990672]]}}, {"type": "Feature", "properties": {"name": "Dyre Ave Line", "line": "DYRE AVE LINE", "color": "#00933C", "weight": 4, "category": "subway_route"}, "geometry": {"type": "LineString", "coordinates": [[-73.8586616531186, 40.8558563431652], [-73.8579391579972, 40.8564398480213]]}}, {"type": "Feature", "properties": {"name": "Culver/6Th Ave Line", "line": "CULVER/6TH AVE LINE", "color": "#FF6319", "weight": 4, "category": "subway_route"}, "geometry": {"type": "LineString", "coordinates": [[-73.9926242210583, 40.6835519458057], [-73.9930532272373, 40.6829174255837]]}}, {"type": "Feature", "properties": {"name": "Jerome Ave Line", "line": "JEROME AVE LINE", "color": "#00933C", "weight": 4, "category": "subway_route"}, "geometry": {"type": "LineString", "coordinates": [[-73.9145531897791, 40.8446156988877], [-73.9143609050722, 40.8448806166652]]}}, {"type": "Feature", "properties": {"name": "Culver Line", "line": "CULVER LINE", "color": "#FF6319", "weight": 4, "category": "subway_route"}, "geometry": {"type": "LineString", "coordinates": [[-73.9745766987423, 40.5829110691035], [-73.974569926379, 40.5828560480854]]}}, {"type": "Feature", "properties": {"name": "4Th Ave Line", "line": "4TH AVE LINE", "color": "#FCCC0A", "weight": 4, "category": "subway_route"}, "geometry": {"type": "LineString", "coordinates": [[-73.9791851961362, 40.6831370722188], [-73.9796180913137, 40.6824995038163]]}}, {"type": "Feature", "properties": {"name": "Jerome Ave Line", "line": "JEROME AVE LINE", "color": "#00933C", "weight": 4, "category": "subway_route"}, "geometry": {"type": "LineString", "coordinates": [[-73.9234889980403, 40.8319814771783], [-73.9222186427764, 40.8341712069923]]}}, {"type": "Feature", "properties": {"name": "Jerome Ave Line", "line": "JEROME AVE LINE", "color": "#00933C", "weight": 4, "category": "subway_route"}, "geometry": {"type": "LineString", "coordinates": [[-73.8988741045966, 40.8655922996503], [-73.8979797018545, 40.8667359808397]]}}, {"type": "Feature", "properties": {"name": "Pelham Line", "line": "PELHAM LINE", "color": "#00933C", "weight": 4, "category": "subway_route"}, "geometry": {"type": "LineString", "coordinates": [[-73.8410505164454, 40.8411844561446], [-73.8405650081138, 40.8414414626281]]}}, {"type": "Feature", "properties": {"name": "Jamaica Line", "line": "JAMAICA LINE", "color": "#996633", "weight": 4, "category": "subway_route"}, "geometry": {"type": "LineString", "coordinates": [[-73.9323673327699, 40.6953666160133], [-73.9319301764807, 40.6951228957119]]}}, {"type": "Feature", "properties": {"name": "Concourse Line", "line": "CONCOURSE LINE", "color": "#FF6319", "weight": 4, "category": "subway_route"}, "geometry": {"type": "LineString", "coordinates": [[-73.9046751729421, 40.8511090930087], [-73.904542278106, 40.8512759253584]]}}, {"type": "Feature", "properties": {"name": "Fulton St Line", "line": "FULTON ST LINE", "color": "#0039A6", "weight": 4, "category": "subway_route"}, "geometry": {"type": "LineString", "coordinates": [[-73.8525561596928, 40.6797967561604], [-73.8520219256613, 40.6798213751088]]}}, {"type": "Feature", "properties": {"name": "New Lots Line", "line": "NEW LOTS LINE", "color": "#EE352E", "weight": 4, "category": "subway_route"}, "geometry": {"type": "LineString", "coordinates": [[-73.9210520880392, 40.6633220882952], [-73.9207796123471, 40.6630834713001]]}}, {"type": "Feature", "properties": {"name": "Manhattan Bridge Line", "line": "MANHATTAN BRIDGE LINE", "color": "#FF6319", "weight": 4, "category": "subway_route"}, "geometry": {"type": "LineString", "coordinates": [[-73.9830297260905, 40.6930531897848], [-73.9826597460994, 40.6923019422969]]}}, {"type": "Feature", "properties": {"name": "6Th Ave Line", "line": "6TH AVE LINE", "color": "#FF6319", "weight": 4, "category": "subway_route"}, "geometry": {"type": "LineString", "coordinates": [[-73.9875436244672, 40.7020024716013], [-73.9874396889639, 40.7018125720402]]}}, {"type": "Feature", "properties": {"name": "Nassau St Line", "line": "NASSAU ST LINE", "color": "#996633", "weight": 4, "category": "subway_route"}, "geometry": {"type": "LineString", "coordinates": [[-74.0021158572728, 40.7151671504739], [-74.0016843614711, 40.7157523632025]]}}, {"type": "Feature", "properties": {"name": "Manhattan Bridge Line", "line": "MANHATTAN BRIDGE LINE", "color": "#FF6319", "weight": 4, "category": "subway_route"}, "geometry": {"type": "LineString", "coordinates": [[-73.9887817267415, 40.7037253413931], [-73.9886072685035, 40.7034211943791], [-73.9885093218406, 40.7032522393229], [-73.988432267606, 40.7031112115588], [-73.988418853826, 40.7030865364677]]}}, {"type": "Feature", "properties": {"name": "Jamaica Line", "line": "JAMAICA LINE", "color": "#996633", "weight": 4, "category": "subway_route"}, "geometry": {"type": "LineString", "coordinates": [[-73.9077728552273, 40.681386083343], [-73.9070194698836, 40.6809565164995]]}}, {"type": "Feature", "properties": {"name": "14St/Canarsie Line", "line": "14ST/CANARSIE LINE", "color": "#A7A9AC", "weight": 4, "category": "subway_route"}, "geometry": {"type": "LineString", "coordinates": [[-73.9156012710456, 40.7020542409032], [-73.9148509966289, 40.70162546774]]}}, {"type": "Feature", "properties": {"name": "Concourse Line", "line": "CONCOURSE LINE", "color": "#FF6319", "weight": 4, "category": "subway_route"}, "geometry": {"type": "LineString", "coordinates": [[-73.9147742844315, 40.8375223681899], [-73.9142388191846, 40.8381170626214]]}}, {"type": "Feature", "properties": {"name": "Lexington Ave", "line": "LEXINGTON AVE", "color": "#00933C", "weight": 4, "category": "subway_route"}, "geometry": {"type": "LineString", "coordinates": [[-73.9686435526723, 40.761608211261], [-73.9681881693992, 40.7622350720495]]}}, {"type": "Feature", "properties": {"name": "Lexington Ave", "line": "LEXINGTON AVE", "color": "#00933C", "weight": 4, "category": "subway_route"}, "geometry": {"type": "LineString", "coordinates": [[-73.9672725580008, 40.7634884886555], [-73.9668146634156, 40.764113542065]]}}, {"type": "Feature", "properties": {"name": "Queens Blvd Line", "line": "QUEENS BLVD LINE", "color": "#FF6319", "weight": 4, "category": "subway_route"}, "geometry": {"type": "LineString", "coordinates": [[-73.7973152410251, 40.7092784446838], [-73.7963954141464, 40.7095398254226]]}}, {"type": "Feature", "properties": {"name": "Lexington Ave", "line": "LEXINGTON AVE", "color": "#00933C", "weight": 4, "category": "subway_route"}, "geometry": {"type": "LineString", "coordinates": [[-73.9397479660643, 40.8011936924901], [-73.9393338208351, 40.8017619994197]]}}, {"type": "Feature", "properties": {"name": "Broadway/7Th Ave Line", "line": "BROADWAY/7TH AVE LINE", "color": "#EE352E", "weight": 4, "category": "subway_route"}, "geometry": {"type": "LineString", "coordinates": [[-73.9365718280258, 40.8454420532887], [-73.9360794780572, 40.8461128916309]]}}, {"type": "Feature", "properties": {"name": "Lenox Ave Line", "line": "LENOX AVE LINE", "color": "#EE352E", "weight": 4, "category": "subway_route"}, "geometry": {"type": "LineString", "coordinates": [[-73.9374087999736, 40.8188424483368], [-73.9371797183669, 40.8191496395671]]}}, {"type": "Feature", "properties": {"name": "Queens Blvd Line", "line": "QUEENS BLVD LINE", "color": "#FF6319", "weight": 4, "category": "subway_route"}, "geometry": {"type": "LineString", "coordinates": [[-73.8018585165944, 40.707988120248], [-73.8010782324364, 40.7082099759646]]}}, {"type": "Feature", "properties": {"name": "Pelham Line", "line": "PELHAM LINE", "color": "#00933C", "weight": 4, "category": "subway_route"}, "geometry": {"type": "LineString", "coordinates": [[-73.9072403863417, 40.8099373692093], [-73.9071661686636, 40.8100751122729]]}}, {"type": "Feature", "properties": {"name": "Jerome Ave Line", "line": "JEROME AVE LINE", "color": "#00933C", "weight": 4, "category": "subway_route"}, "geometry": {"type": "LineString", "coordinates": [[-73.9266315506435, 40.8266159544005], [-73.9260251895129, 40.8276551891632]]}}, {"type": "Feature", "properties": {"name": "14St/Canarsie Line", "line": "14ST/CANARSIE LINE", "color": "#A7A9AC", "weight": 4, "category": "subway_route"}, "geometry": {"type": "LineString", "coordinates": [[-73.9140890651776, 40.7012059830778], [-73.913329203618, 40.7007856845709]]}}, {"type": "Feature", "properties": {"name": "New Lots Line", "line": "NEW LOTS LINE", "color": "#EE352E", "weight": 4, "category": "subway_route"}, "geometry": {"type": "LineString", "coordinates": [[-73.9136050842009, 40.6618622936746], [-73.9126873568414, 40.6620011542204]]}}, {"type": "Feature", "properties": {"name": "Myrtle Ave Line", "line": "MYRTLE AVE LINE", "color": "#FF6319", "weight": 4, "category": "subway_route"}, "geometry": {"type": "LineString", "coordinates": [[-73.9183677798316, 40.6988156967269], [-73.9175235578367, 40.6989014810383]]}}, {"type": "Feature", "properties": {"name": "63Rd St Line", "line": "63RD ST LINE", "color": "#FF6319", "weight": 4, "category": "subway_route"}, "geometry": {"type": "LineString", "coordinates": [[-73.979077882913, 40.7668843369104], [-73.9787550829678, 40.7672985548885]]}}, {"type": "Feature", "properties": {"name": "Queens Blvd Line", "line": "QUEENS BLVD LINE", "color": "#FF6319", "weight": 4, "category": "subway_route"}, "geometry": {"type": "LineString", "coordinates": [[-73.9010642776612, 40.7507914650658], [-73.9007879726174, 40.7506738553585]]}}, {"type": "Feature", "properties": {"name": "Jamaica Line", "line": "JAMAICA LINE", "color": "#996633", "weight": 4, "category": "subway_route"}, "geometry": {"type": "LineString", "coordinates": [[-73.9764295838685, 40.7148824203868], [-73.9763774931646, 40.7148653810986]]}}, {"type": "Feature", "properties": {"name": "6Th Ave Line", "line": "6TH AVE LINE", "color": "#FF6319", "weight": 4, "category": "subway_route"}, "geometry": {"type": "LineString", "coordinates": [[-73.9840061712824, 40.6952495785043], [-73.9838008191841, 40.6948441298342]]}}, {"type": "Feature", "properties": {"name": "Queens Blvd Line", "line": "QUEENS BLVD LINE", "color": "#FF6319", "weight": 4, "category": "subway_route"}, "geometry": {"type": "LineString", "coordinates": [[-73.8734192620547, 40.7343843697362], [-73.872778848509, 40.7341950519313]]}}, {"type": "Feature", "properties": {"name": "Broadway Line", "line": "BROADWAY LINE", "color": "#FCCC0A", "weight": 4, "category": "subway_route"}, "geometry": {"type": "LineString", "coordinates": [[-74.0131147825399, 40.7035954034818], [-74.0129991406589, 40.7031077536218]]}}, {"type": "Feature", "properties": {"name": "Nassau St Line", "line": "NASSAU ST LINE", "color": "#996633", "weight": 4, "category": "subway_route"}, "geometry": {"type": "LineString", "coordinates": [[-74.000819725064, 40.716937948553], [-74.0002757360464, 40.7176276429655]]}}, {"type": "Feature", "properties": {"name": "8Th Ave Line", "line": "8TH AVE LINE", "color": "#0039A6", "weight": 4, "category": "subway_route"}, "geometry": {"type": "LineString", "coordinates": [[-74.0016859557814, 40.7305898056557], [-74.0014137249989, 40.7310734994619]]}}, {"type": "Feature", "properties": {"name": "6Th Ave Line", "line": "6TH AVE LINE", "color": "#FF6319", "weight": 4, "category": "subway_route"}, "geometry": {"type": "LineString", "coordinates": [[-73.9804273594946, 40.759907330937], [-73.979973176951, 40.7605329508716]]}}, {"type": "Feature", "properties": {"name": "63Rd St Line", "line": "63RD ST LINE", "color": "#FF6319", "weight": 4, "category": "subway_route"}, "geometry": {"type": "LineString", "coordinates": [[-73.9391029281351, 40.7522387190023], [-73.9383338384852, 40.7518287237133]]}}, {"type": "Feature", "properties": {"name": "Broadway/7Th Ave Line", "line": "BROADWAY/7TH AVE LINE", "color": "#EE352E", "weight": 4, "category": "subway_route"}, "geometry": {"type": "LineString", "coordinates": [[-73.938731380858, 40.8424794098944], [-73.9384208136572, 40.842909860249]]}}, {"type": "Feature", "properties": {"name": "Jamaica Line", "line": "JAMAICA LINE", "color": "#996633", "weight": 4, "category": "subway_route"}, "geometry": {"type": "LineString", "coordinates": [[-73.82981146851, 40.7002557100499], [-73.8291021460708, 40.7003723920709]]}}, {"type": "Feature", "properties": {"name": "Brighton Line", "line": "BRIGHTON LINE", "color": "#FF6319", "weight": 4, "category": "subway_route"}, "geometry": {"type": "LineString", "coordinates": [[-73.9623656823729, 40.5774193117992], [-73.9614427805188, 40.5776189043798]]}}, {"type": "Feature", "properties": {"name": "Broadway/7Th Ave Line", "line": "BROADWAY/7TH AVE LINE", "color": "#EE352E", "weight": 4, "category": "subway_route"}, "geometry": {"type": "LineString", "coordinates": [[-73.9821649678632, 40.7754952348245], [-73.9821385357084, 40.7763058093984]]}}, {"type": "Feature", "properties": {"name": "Fulton St Line", "line": "FULTON ST LINE", "color": "#0039A6", "weight": 4, "category": "subway_route"}, "geometry": {"type": "LineString", "coordinates": [[-73.8286285900295, 40.685663085103], [-73.8277393141592, 40.685752196096]]}}, {"type": "Feature", "properties": {"name": "Concourse Line", "line": "CONCOURSE LINE", "color": "#FF6319", "weight": 4, "category": "subway_route"}, "geometry": {"type": "LineString", "coordinates": [[-73.9090569378513, 40.8466697177325], [-73.9087550722996, 40.8468781237141]]}}, {"type": "Feature", "properties": {"name": "Jerome Ave Line", "line": "JEROME AVE LINE", "color": "#00933C", "weight": 4, "category": "subway_route"}, "geometry": {"type": "LineString", "coordinates": [[-73.9185932410079, 40.8389903569062], [-73.9181385546847, 40.8396151215735]]}}, {"type": "Feature", "properties": {"name": "Concourse Line", "line": "CONCOURSE LINE", "color": "#FF6319", "weight": 4, "category": "subway_route"}, "geometry": {"type": "LineString", "coordinates": [[-73.9204634730191, 40.8309208597774], [-73.919862173731, 40.8319554928998]]}}, {"type": "Feature", "properties": {"name": "Lexington Ave", "line": "LEXINGTON AVE", "color": "#00933C", "weight": 4, "category": "subway_route"}, "geometry": {"type": "LineString", "coordinates": [[-73.9967183230425, 40.6934475634963], [-73.995926777727, 40.6933091743121]]}}, {"type": "Feature", "properties": {"name": "Nostrand Ave Line", "line": "NOSTRAND AVE LINE", "color": "#EE352E", "weight": 4, "category": "subway_route"}, "geometry": {"type": "LineString", "coordinates": [[-73.9487625058966, 40.6432532293632], [-73.9485159687266, 40.640953599789]]}}, {"type": "Feature", "properties": {"name": "Nostrand Ave Line", "line": "NOSTRAND AVE LINE", "color": "#EE352E", "weight": 4, "category": "subway_route"}, "geometry": {"type": "LineString", "coordinates": [[-73.9501609399819, 40.6562684609813], [-73.9500679286921, 40.6554312274394]]}}, {"type": "Feature", "properties": {"name": "4Th Ave Line", "line": "4TH AVE LINE", "color": "#FCCC0A", "weight": 4, "category": "subway_route"}, "geometry": {"type": "LineString", "coordinates": [[-73.9881872365401, 40.6922852526031], [-73.9873013660921, 40.6922343168875]]}}, {"type": "Feature", "properties": {"name": "Jerome Ave Line", "line": "JEROME AVE LINE", "color": "#00933C", "weight": 4, "category": "subway_route"}, "geometry": {"type": "LineString", "coordinates": [[-73.9131520264949, 40.8465852733292], [-73.913058210214, 40.8467171072705]]}}, {"type": "Feature", "properties": {"name": "Broadway/7Th Ave Line", "line": "BROADWAY/7TH AVE LINE", "color": "#EE352E", "weight": 4, "category": "subway_route"}, "geometry": {"type": "LineString", "coordinates": [[-73.963900071573, 40.8080110068734], [-73.9629427087589, 40.8093254032818]]}}, {"type": "Feature", "properties": {"name": "Houston/Essex St Line", "line": "HOUSTON/ESSEX ST LINE", "color": "#FF6319", "weight": 4, "category": "subway_route"}, "geometry": {"type": "LineString", "coordinates": [[-73.9910258744162, 40.7237435652608], [-73.9902410270448, 40.7235070548401]]}}, {"type": "Feature", "properties": {"name": "Broadway/7Th Ave Line", "line": "BROADWAY/7TH AVE LINE", "color": "#EE352E", "weight": 4, "category": "subway_route"}, "geometry": {"type": "LineString", "coordinates": [[-73.9350766572622, 40.8474980363676], [-73.9349864872135, 40.8476174989287]]}}, {"type": "Feature", "properties": {"name": "Jerome Ave Line", "line": "JEROME AVE LINE", "color": "#00933C", "weight": 4, "category": "subway_route"}, "geometry": {"type": "LineString", "coordinates": [[-73.925929136085, 40.8278198193525], [-73.9258400823461, 40.8279792131329]]}}, {"type": "Feature", "properties": {"name": "New Lots Line", "line": "NEW LOTS LINE", "color": "#EE352E", "weight": 4, "category": "subway_route"}, "geometry": {"type": "LineString", "coordinates": [[-73.9040556395596, 40.6632763874094], [-73.9034620809297, 40.6633649682171]]}}, {"type": "Feature", "properties": {"name": "Jamaica Line", "line": "JAMAICA LINE", "color": "#996633", "weight": 4, "category": "subway_route"}, "geometry": {"type": "LineString", "coordinates": [[-73.8281745659042, 40.7005294206411], [-73.8274747152751, 40.700646188195]]}}, {"type": "Feature", "properties": {"name": "Flushing Line", "line": "FLUSHING LINE", "color": "#B933AD", "weight": 4, "category": "subway_route"}, "geometry": {"type": "LineString", "coordinates": [[-73.9515332236268, 40.7422354181543], [-73.9514026512959, 40.7422121826819]]}}, {"type": "Feature", "properties": {"name": "Flushing Line", "line": "FLUSHING LINE", "color": "#B933AD", "weight": 4, "category": "subway_route"}, "geometry": {"type": "LineString", "coordinates": [[-73.9699882121659, 40.7488769616293], [-73.9699010467742, 40.7488351555134]]}}, {"type": "Feature", "properties": {"name": "Manhattan Bridge Line", "line": "MANHATTAN BRIDGE LINE", "color": "#FF6319", "weight": 4, "category": "subway_route"}, "geometry": {"type": "LineString", "coordinates": [[-73.9867525356984, 40.7001057700526], [-73.9866671530353, 40.6999352480856]]}}, {"type": "Feature", "properties": {"name": "63Rd St Line", "line": "63RD ST LINE", "color": "#FF6319", "weight": 4, "category": "subway_route"}, "geometry": {"type": "LineString", "coordinates": [[-73.9578179890158, 40.7611548461854], [-73.9573614721833, 40.7609744062099]]}}, {"type": "Feature", "properties": {"name": "63Rd St Line", "line": "63RD ST LINE", "color": "#FF6319", "weight": 4, "category": "subway_route"}, "geometry": {"type": "LineString", "coordinates": [[-73.9579026249497, 40.761189147577], [-73.9578179890158, 40.7611548461854]]}}, {"type": "Feature", "properties": {"name": "Manhattan Bridge Line", "line": "MANHATTAN BRIDGE LINE", "color": "#FF6319", "weight": 4, "category": "subway_route"}, "geometry": {"type": "LineString", "coordinates": [[-73.9867999758543, 40.7002005362991], [-73.9867525356984, 40.7001057700526]]}}, {"type": "Feature", "properties": {"name": "Jamaica Line", "line": "JAMAICA LINE", "color": "#996633", "weight": 4, "category": "subway_route"}, "geometry": {"type": "LineString", "coordinates": [[-73.9766516753, 40.7149534258686], [-73.9765863544179, 40.7149321874412]]}}, {"type": "Feature", "properties": {"name": "Queens Blvd Line", "line": "QUEENS BLVD LINE", "color": "#FF6319", "weight": 4, "category": "subway_route"}, "geometry": {"type": "LineString", "coordinates": [[-73.8408528251543, 40.7200727325151], [-73.8402760802115, 40.7198160894548]]}}, {"type": "Feature", "properties": {"name": "New Lots Line", "line": "NEW LOTS LINE", "color": "#EE352E", "weight": 4, "category": "subway_route"}, "geometry": {"type": "LineString", "coordinates": [[-73.9221002965228, 40.6642595649936], [-73.9216569873703, 40.6638518075091]]}}, {"type": "Feature", "properties": {"name": "Jerome Ave Line", "line": "JEROME AVE LINE", "color": "#00933C", "weight": 4, "category": "subway_route"}, "geometry": {"type": "LineString", "coordinates": [[-73.9200192751789, 40.8376643953473], [-73.9196981333036, 40.8378820633468]]}}, {"type": "Feature", "properties": {"name": "Fulton St Line", "line": "FULTON ST LINE", "color": "#0039A6", "weight": 4, "category": "subway_route"}, "geometry": {"type": "LineString", "coordinates": [[-73.9585869504866, 40.6817507173701], [-73.9573698490986, 40.6815020915448]]}}, {"type": "Feature", "properties": {"name": "Flushing Line", "line": "FLUSHING LINE", "color": "#B933AD", "weight": 4, "category": "subway_route"}, "geometry": {"type": "LineString", "coordinates": [[-73.974445808973, 40.7507729407479], [-73.9734872881628, 40.7503699593158]]}}, {"type": "Feature", "properties": {"name": "Queens Blvd Line", "line": "QUEENS BLVD LINE", "color": "#FF6319", "weight": 4, "category": "subway_route"}, "geometry": {"type": "LineString", "coordinates": [[-73.9069101688219, 40.7532930997294], [-73.9066858116355, 40.7531868205402]]}}, {"type": "Feature", "properties": {"name": "Manhattan Bridge Line", "line": "MANHATTAN BRIDGE LINE", "color": "#FF6319", "weight": 4, "category": "subway_route"}, "geometry": {"type": "LineString", "coordinates": [[-73.9862914325769, 40.6992572081327], [-73.9858413911565, 40.6984658371115]]}}, {"type": "Feature", "properties": {"name": "White Plains Rd Line", "line": "WHITE PLAINS RD LINE", "color": "#EE352E", "weight": 4, "category": "subway_route"}, "geometry": {"type": "LineString", "coordinates": [[-73.867009806893, 40.8759827358309], [-73.8669921673982, 40.8761774729288]]}}, {"type": "Feature", "properties": {"name": "Astoria Line", "line": "ASTORIA LINE", "color": "#FCCC0A", "weight": 4, "category": "subway_route"}, "geometry": {"type": "LineString", "coordinates": [[-73.9631196709759, 40.7609331103773], [-73.9628700397096, 40.7608324303996]]}}, {"type": "Feature", "properties": {"name": "Jamaica Line", "line": "JAMAICA LINE", "color": "#996633", "weight": 4, "category": "subway_route"}, "geometry": {"type": "LineString", "coordinates": [[-73.976481674599, 40.7148994594838], [-73.9764295838685, 40.7148824203868]]}}, {"type": "Feature", "properties": {"name": "Queens Blvd Line", "line": "QUEENS BLVD LINE", "color": "#FF6319", "weight": 4, "category": "subway_route"}, "geometry": {"type": "LineString", "coordinates": [[-73.8559464267644, 40.7277937011467], [-73.8557916677176, 40.7277335963017]]}}, {"type": "Feature", "properties": {"name": "Concourse Line", "line": "CONCOURSE LINE", "color": "#FF6319", "weight": 4, "category": "subway_route"}, "geometry": {"type": "LineString", "coordinates": [[-73.9122230826436, 40.8423648595687], [-73.9119876315206, 40.8430653666016]]}}, {"type": "Feature", "properties": {"name": "Crosstown Line", "line": "CROSSTOWN LINE", "color": "#6CBE45", "weight": 4, "category": "subway_route"}, "geometry": {"type": "LineString", "coordinates": [[-73.954610413911, 40.732332506589], [-73.9547284907452, 40.7330391734285]]}}, {"type": "Feature", "properties": {"name": "West End Line", "line": "WEST END LINE", "color": "#FF6319", "weight": 4, "category": "subway_route"}, "geometry": {"type": "LineString", "coordinates": [[-73.9979416373839, 40.6228411152621], [-73.9979869931877, 40.6225750754966]]}}, {"type": "Feature", "properties": {"name": "West End Line", "line": "WEST END LINE", "color": "#FF6319", "weight": 4, "category": "subway_route"}, "geometry": {"type": "LineString", "coordinates": [[-73.9990375038289, 40.6189537717266], [-73.9992732066006, 40.6181854762334]]}}, {"type": "Feature", "properties": {"name": "West End Line", "line": "WEST END LINE", "color": "#FF6319", "weight": 4, "category": "subway_route"}, "geometry": {"type": "LineString", "coordinates": [[-73.9850166129275, 40.5954218321378], [-73.9846792275922, 40.5936668667143]]}}, {"type": "Feature", "properties": {"name": "Clark St Line", "line": "CLARK ST LINE", "color": "#EE352E", "weight": 4, "category": "subway_route"}, "geometry": {"type": "LineString", "coordinates": [[-73.9930195171587, 40.6974706016867], [-73.9921247121137, 40.697233997207]]}}, {"type": "Feature", "properties": {"name": "West End Line", "line": "WEST END LINE", "color": "#FF6319", "weight": 4, "category": "subway_route"}, "geometry": {"type": "LineString", "coordinates": [[-73.994426933553, 40.639162393508], [-73.9945376509439, 40.6383168568649]]}}, {"type": "Feature", "properties": {"name": "Jerome Ave Line", "line": "JEROME AVE LINE", "color": "#00933C", "weight": 4, "category": "subway_route"}, "geometry": {"type": "LineString", "coordinates": [[-73.8979797018545, 40.8667359808397], [-73.8974045083038, 40.8674824630119]]}}, {"type": "Feature", "properties": {"name": "White Plains Rd Line", "line": "WHITE PLAINS RD LINE", "color": "#EE352E", "weight": 4, "category": "subway_route"}, "geometry": {"type": "LineString", "coordinates": [[-73.9016024857275, 40.8197031225149], [-73.9008530416317, 40.8200668306289]]}}, {"type": "Feature", "properties": {"name": "Crosstown Line", "line": "CROSSTOWN LINE", "color": "#6CBE45", "weight": 4, "category": "subway_route"}, "geometry": {"type": "LineString", "coordinates": [[-73.941716519085, 40.74736546348], [-73.9414544514982, 40.747458356052]]}}, {"type": "Feature", "properties": {"name": "Astoria Line", "line": "ASTORIA LINE", "color": "#FCCC0A", "weight": 4, "category": "subway_route"}, "geometry": {"type": "LineString", "coordinates": [[-73.9421373595234, 40.7488986395588], [-73.9416800071917, 40.7482395209595]]}}, {"type": "Feature", "properties": {"name": "Astoria Line", "line": "ASTORIA LINE", "color": "#FCCC0A", "weight": 4, "category": "subway_route"}, "geometry": {"type": "LineString", "coordinates": [[-73.9421373595234, 40.7488986395588], [-73.9427765827686, 40.7494840685723]]}}, {"type": "Feature", "properties": {"name": "Astoria Line", "line": "ASTORIA LINE", "color": "#FCCC0A", "weight": 4, "category": "subway_route"}, "geometry": {"type": "LineString", "coordinates": [[-73.9427765827686, 40.7494840685723], [-73.9431418549041, 40.7502091859752]]}}, {"type": "Feature", "properties": {"name": "Flushing Line", "line": "FLUSHING LINE", "color": "#B933AD", "weight": 4, "category": "subway_route"}, "geometry": {"type": "LineString", "coordinates": [[-73.9428235309244, 40.7506599703063], [-73.9431398217166, 40.7503095209155]]}}, {"type": "Feature", "properties": {"name": "Flushing Line", "line": "FLUSHING LINE", "color": "#B933AD", "weight": 4, "category": "subway_route"}, "geometry": {"type": "LineString", "coordinates": [[-73.9507008048029, 40.7420719541713], [-73.9505094596513, 40.7420429926513], [-73.950315469784, 40.7420272056181], [-73.9501203999501, 40.7420247204214], [-73.9499258236095, 40.7420355571086], [-73.9497333102419, 40.7420596282631], [-73.9495444126864, 40.7420967397095], [-73.9493606546169, 40.74214659208]]}}, {"type": "Feature", "properties": {"name": "Flushing Line", "line": "FLUSHING LINE", "color": "#B933AD", "weight": 4, "category": "subway_route"}, "geometry": {"type": "LineString", "coordinates": [[-73.9493606546169, 40.74214659208], [-73.9483454072929, 40.7423604399366]]}}, {"type": "Feature", "properties": {"name": "Flushing Line", "line": "FLUSHING LINE", "color": "#B933AD", "weight": 4, "category": "subway_route"}, "geometry": {"type": "LineString", "coordinates": [[-73.9463058288917, 40.7430100270306], [-73.9461665394936, 40.7430669881435], [-73.9458397036912, 40.7432014386411], [-73.945466177536, 40.7433536163641], [-73.9452580164381, 40.7434348720873], [-73.9451724141563, 40.7434718102939], [-73.9450945939458, 40.7435057937993], [-73.944993412358, 40.7435678708162], [-73.9449019560435, 40.7436284723014], [-73.944816322687, 40.7437023898202], [-73.9447520803658, 40.743779275717], [-73.9447189780879, 40.7438280724799], [-73.9447072884523, 40.743853212569], [-73.9446838996768, 40.7439138472053], [-73.9446721989578, 40.7439522999313], [-73.944654616916, 40.7440469579235], [-73.9446584991312, 40.744313697021]]}}, {"type": "Feature", "properties": {"name": "Queens Blvd Line", "line": "QUEENS BLVD LINE", "color": "#FF6319", "weight": 4, "category": "subway_route"}, "geometry": {"type": "LineString", "coordinates": [[-73.9291435198059, 40.7520397838289], [-73.928743435039, 40.752049874739]]}}, {"type": "Feature", "properties": {"name": "Queens Blvd Line", "line": "QUEENS BLVD LINE", "color": "#FF6319", "weight": 4, "category": "subway_route"}, "geometry": {"type": "LineString", "coordinates": [[-73.9338339737742, 40.7516129512076], [-73.9322775123634, 40.7519621359279]]}}, {"type": "Feature", "properties": {"name": "Queens Blvd Line", "line": "QUEENS BLVD LINE", "color": "#FF6319", "weight": 4, "category": "subway_route"}, "geometry": {"type": "LineString", "coordinates": [[-73.9256287150165, 40.7521454938975], [-73.9244187620452, 40.752412552523]]}}, {"type": "Feature", "properties": {"name": "Queens Blvd Line", "line": "QUEENS BLVD LINE", "color": "#FF6319", "weight": 4, "category": "subway_route"}, "geometry": {"type": "LineString", "coordinates": [[-73.9189247562325, 40.7536443745743], [-73.9176332036459, 40.753866099029]]}}, {"type": "Feature", "properties": {"name": "Queens Blvd Line", "line": "QUEENS BLVD LINE", "color": "#FF6319", "weight": 4, "category": "subway_route"}, "geometry": {"type": "LineString", "coordinates": [[-73.9176332036459, 40.753866099029], [-73.9165066204679, 40.7538998405851]]}}, {"type": "Feature", "properties": {"name": "Queens Blvd Line", "line": "QUEENS BLVD LINE", "color": "#FF6319", "weight": 4, "category": "subway_route"}, "geometry": {"type": "LineString", "coordinates": [[-73.9221201755013, 40.7551478666891], [-73.9233728922779, 40.7536020338391]]}}, {"type": "Feature", "properties": {"name": "Queens Blvd Line", "line": "QUEENS BLVD LINE", "color": "#FF6319", "weight": 4, "category": "subway_route"}, "geometry": {"type": "LineString", "coordinates": [[-73.9233728922779, 40.7536020338391], [-73.9244187620452, 40.752412552523]]}}, {"type": "Feature", "properties": {"name": "Queens Blvd Line", "line": "QUEENS BLVD LINE", "color": "#FF6319", "weight": 4, "category": "subway_route"}, "geometry": {"type": "LineString", "coordinates": [[-73.9165066204679, 40.7538998405851], [-73.9154745372403, 40.7538000684084]]}}, {"type": "Feature", "properties": {"name": "Queens Blvd Line", "line": "QUEENS BLVD LINE", "color": "#FF6319", "weight": 4, "category": "subway_route"}, "geometry": {"type": "LineString", "coordinates": [[-73.9146855716698, 40.7536883194714], [-73.914465782047, 40.7536846623901]]}}, {"type": "Feature", "properties": {"name": "Queens Blvd Line", "line": "QUEENS BLVD LINE", "color": "#FF6319", "weight": 4, "category": "subway_route"}, "geometry": {"type": "LineString", "coordinates": [[-73.9125708154208, 40.753312465546], [-73.910676021313, 40.7530033266346]]}}, {"type": "Feature", "properties": {"name": "Queens Blvd Line", "line": "QUEENS BLVD LINE", "color": "#FF6319", "weight": 4, "category": "subway_route"}, "geometry": {"type": "LineString", "coordinates": [[-73.9135431084507, 40.7534769652345], [-73.9125708154208, 40.753312465546]]}}, {"type": "Feature", "properties": {"name": "Queens Blvd Line", "line": "QUEENS BLVD LINE", "color": "#FF6319", "weight": 4, "category": "subway_route"}, "geometry": {"type": "LineString", "coordinates": [[-73.914465782047, 40.7536846623901], [-73.9135431084507, 40.7534769652345]]}}, {"type": "Feature", "properties": {"name": "Queens Blvd Line", "line": "QUEENS BLVD LINE", "color": "#FF6319", "weight": 4, "category": "subway_route"}, "geometry": {"type": "LineString", "coordinates": [[-73.9154745372403, 40.7538000684084], [-73.9146855716698, 40.7536883194714]]}}, {"type": "Feature", "properties": {"name": "Queens Blvd Line", "line": "QUEENS BLVD LINE", "color": "#FF6319", "weight": 4, "category": "subway_route"}, "geometry": {"type": "LineString", "coordinates": [[-73.910676021313, 40.7530033266346], [-73.9102325195447, 40.7529847737941]]}}, {"type": "Feature", "properties": {"name": "Queens Blvd Line", "line": "QUEENS BLVD LINE", "color": "#FF6319", "weight": 4, "category": "subway_route"}, "geometry": {"type": "LineString", "coordinates": [[-73.9060761045958, 40.7529217203022], [-73.9052514556821, 40.7525731793858]]}}, {"type": "Feature", "properties": {"name": "Queens Blvd Line", "line": "QUEENS BLVD LINE", "color": "#FF6319", "weight": 4, "category": "subway_route"}, "geometry": {"type": "LineString", "coordinates": [[-73.9069420291484, 40.7531974288375], [-73.9064858177916, 40.7530638352161]]}}, {"type": "Feature", "properties": {"name": "Broadway/7Th Ave Line", "line": "BROADWAY/7TH AVE LINE", "color": "#EE352E", "weight": 4, "category": "subway_route"}, "geometry": {"type": "LineString", "coordinates": [[-73.9499569010802, 40.8271099750561], [-73.9495068687322, 40.8277363706491]]}}, {"type": "Feature", "properties": {"name": "Broadway/7Th Ave Line", "line": "BROADWAY/7TH AVE LINE", "color": "#EE352E", "weight": 4, "category": "subway_route"}, "geometry": {"type": "LineString", "coordinates": [[-73.9699163767751, 40.7972247107866], [-73.9694573282711, 40.7978461513513]]}}, {"type": "Feature", "properties": {"name": "8Th Ave Line", "line": "8TH AVE LINE", "color": "#0039A6", "weight": 4, "category": "subway_route"}, "geometry": {"type": "LineString", "coordinates": [[-73.9600314758337, 40.7980463654469], [-73.959537880025, 40.7987267837236]]}}, {"type": "Feature", "properties": {"name": "Astoria Line", "line": "ASTORIA LINE", "color": "#FCCC0A", "weight": 4, "category": "subway_route"}, "geometry": {"type": "LineString", "coordinates": [[-73.923458525321, 40.7643563118194], [-73.9253814296611, 40.7619779443942]]}}, {"type": "Feature", "properties": {"name": "Flushing Line", "line": "FLUSHING LINE", "color": "#B933AD", "weight": 4, "category": "subway_route"}, "geometry": {"type": "LineString", "coordinates": [[-73.9000558054451, 40.7459487038895], [-73.8990311093844, 40.7460565644316]]}}, {"type": "Feature", "properties": {"name": "Jamaica Line", "line": "JAMAICA LINE", "color": "#996633", "weight": 4, "category": "subway_route"}, "geometry": {"type": "LineString", "coordinates": [[-73.8321866407332, 40.6996616343442], [-73.831785664956, 40.6997868330931]]}}, {"type": "Feature", "properties": {"name": "Lexington Ave", "line": "LEXINGTON AVE", "color": "#00933C", "weight": 4, "category": "subway_route"}, "geometry": {"type": "LineString", "coordinates": [[-73.9950814658198, 40.6931554508159], [-73.9941875184923, 40.6930170546256]]}}, {"type": "Feature", "properties": {"name": "4Th Ave Line", "line": "4TH AVE LINE", "color": "#FCCC0A", "weight": 4, "category": "subway_route"}, "geometry": {"type": "LineString", "coordinates": [[-74.0242390481679, 40.6328671546774], [-74.0245214398669, 40.6321755859202]]}}, {"type": "Feature", "properties": {"name": "14St/Canarsie Line", "line": "14ST/CANARSIE LINE", "color": "#A7A9AC", "weight": 4, "category": "subway_route"}, "geometry": {"type": "LineString", "coordinates": [[-73.9380740030556, 40.7055242036628], [-73.9362354800353, 40.7058768761318]]}}, {"type": "Feature", "properties": {"name": "Queens Blvd Line", "line": "QUEENS BLVD LINE", "color": "#FF6319", "weight": 4, "category": "subway_route"}, "geometry": {"type": "LineString", "coordinates": [[-73.8682253525175, 40.7326796335456], [-73.868122610138, 40.7326262236657]]}}, {"type": "Feature", "properties": {"name": "8Th Ave Line", "line": "8TH AVE LINE", "color": "#0039A6", "weight": 4, "category": "subway_route"}, "geometry": {"type": "LineString", "coordinates": [[-73.9548757993047, 40.8051051435302], [-73.9544173335264, 40.8057334389688]]}}, {"type": "Feature", "properties": {"name": "8Th Ave Line", "line": "8TH AVE LINE", "color": "#0039A6", "weight": 4, "category": "subway_route"}, "geometry": {"type": "LineString", "coordinates": [[-73.9558640051311, 40.8037527544874], [-73.9553697464097, 40.804428124815]]}}, {"type": "Feature", "properties": {"name": "White Plains Rd Line", "line": "WHITE PLAINS RD LINE", "color": "#EE352E", "weight": 4, "category": "subway_route"}, "geometry": {"type": "LineString", "coordinates": [[-73.8676150485379, 40.8566287888862], [-73.8676141387642, 40.8567760362845]]}}, {"type": "Feature", "properties": {"name": "Jamaica Line", "line": "JAMAICA LINE", "color": "#996633", "weight": 4, "category": "subway_route"}, "geometry": {"type": "LineString", "coordinates": [[-73.8753625791716, 40.6827565004158], [-73.8741065777952, 40.6831120702166]]}}, {"type": "Feature", "properties": {"name": "Queens Blvd Line", "line": "QUEENS BLVD LINE", "color": "#FF6319", "weight": 4, "category": "subway_route"}, "geometry": {"type": "LineString", "coordinates": [[-73.9379055841163, 40.7487406934759], [-73.9376595323608, 40.7488284503499]]}}, {"type": "Feature", "properties": {"name": "Jamaica Line", "line": "JAMAICA LINE", "color": "#996633", "weight": 4, "category": "subway_route"}, "geometry": {"type": "LineString", "coordinates": [[-73.9209623106409, 40.6888802891481], [-73.9205514032655, 40.688649159395]]}}, {"type": "Feature", "properties": {"name": "Clark St Line", "line": "CLARK ST LINE", "color": "#EE352E", "weight": 4, "category": "subway_route"}, "geometry": {"type": "LineString", "coordinates": [[-73.9910992267399, 40.696265416753], [-73.9910741741408, 40.6961890037433]]}}, {"type": "Feature", "properties": {"name": "Pelham Line", "line": "PELHAM LINE", "color": "#00933C", "weight": 4, "category": "subway_route"}, "geometry": {"type": "LineString", "coordinates": [[-73.8388004575023, 40.8423663306524], [-73.8386218184874, 40.8424615331816]]}}, {"type": "Feature", "properties": {"name": "Flushing Line", "line": "FLUSHING LINE", "color": "#B933AD", "weight": 4, "category": "subway_route"}, "geometry": {"type": "LineString", "coordinates": [[-73.9527579584183, 40.7424847173709], [-73.9522719930474, 40.7423749437342]]}}, {"type": "Feature", "properties": {"name": "Broadway/7Th Ave Line", "line": "BROADWAY/7TH AVE LINE", "color": "#EE352E", "weight": 4, "category": "subway_route"}, "geometry": {"type": "LineString", "coordinates": [[-73.9453356252028, 40.8334454261682], [-73.9452890145456, 40.8335092219945]]}}, {"type": "Feature", "properties": {"name": "8Th Ave Line", "line": "8TH AVE LINE", "color": "#0039A6", "weight": 4, "category": "subway_route"}, "geometry": {"type": "LineString", "coordinates": [[-74.0062503215999, 40.7170839522575], [-74.0057785988535, 40.7176848873361]]}}, {"type": "Feature", "properties": {"name": "8Th Ave Line", "line": "8TH AVE LINE", "color": "#0039A6", "weight": 4, "category": "subway_route"}, "geometry": {"type": "LineString", "coordinates": [[-74.0051755034489, 40.7190128353838], [-74.0051874628222, 40.7198457076372]]}}, {"type": "Feature", "properties": {"name": "6Th Ave Line", "line": "6TH AVE LINE", "color": "#FF6319", "weight": 4, "category": "subway_route"}, "geometry": {"type": "LineString", "coordinates": [[-73.9995634251663, 40.7336206378567], [-73.9991872541695, 40.7341468260615]]}}, {"type": "Feature", "properties": {"name": "6Th Ave Line", "line": "6TH AVE LINE", "color": "#FF6319", "weight": 4, "category": "subway_route"}, "geometry": {"type": "LineString", "coordinates": [[-73.9987157378749, 40.7347921052244], [-73.9985315159947, 40.7350461361805]]}}, {"type": "Feature", "properties": {"name": "Flushing Line", "line": "FLUSHING LINE", "color": "#B933AD", "weight": 4, "category": "subway_route"}, "geometry": {"type": "LineString", "coordinates": [[-73.9734872881628, 40.7503699593158], [-73.9722050134328, 40.7498312531658]]}}, {"type": "Feature", "properties": {"name": "Queens Blvd Line", "line": "QUEENS BLVD LINE", "color": "#FF6319", "weight": 4, "category": "subway_route"}, "geometry": {"type": "LineString", "coordinates": [[-73.9727102118818, 40.7591082024481], [-73.9726140067885, 40.7590675579339]]}}, {"type": "Feature", "properties": {"name": "Flushing Line", "line": "FLUSHING LINE", "color": "#B933AD", "weight": 4, "category": "subway_route"}, "geometry": {"type": "LineString", "coordinates": [[-73.8764807915223, 40.7484246526492], [-73.8762530631421, 40.7484471006644]]}}, {"type": "Feature", "properties": {"name": "Flushing Line", "line": "FLUSHING LINE", "color": "#B933AD", "weight": 4, "category": "subway_route"}, "geometry": {"type": "LineString", "coordinates": [[-73.944266705634, 40.7490489034261], [-73.9447884712468, 40.7484090655663]]}}, {"type": "Feature", "properties": {"name": "Archer Ave Line", "line": "ARCHER AVE LINE", "color": "#0039A6", "weight": 4, "category": "subway_route"}, "geometry": {"type": "LineString", "coordinates": [[-73.8263368470157, 40.700837682045], [-73.8256674455916, 40.7009637959033]]}}, {"type": "Feature", "properties": {"name": "Lexington Ave", "line": "LEXINGTON AVE", "color": "#00933C", "weight": 4, "category": "subway_route"}, "geometry": {"type": "LineString", "coordinates": [[-73.951884244522, 40.7845734662177], [-73.9514271130838, 40.7852000142268]]}}, {"type": "Feature", "properties": {"name": "8Th Ave Line", "line": "8TH AVE LINE", "color": "#0039A6", "weight": 4, "category": "subway_route"}, "geometry": {"type": "LineString", "coordinates": [[-73.9503514813116, 40.8131676501401], [-73.9498634782948, 40.8138082419317]]}}, {"type": "Feature", "properties": {"name": "Astoria Line", "line": "ASTORIA LINE", "color": "#FCCC0A", "weight": 4, "category": "subway_route"}, "geometry": {"type": "LineString", "coordinates": [[-73.9694389973074, 40.7635920023121], [-73.9693392798673, 40.7635556314286]]}}, {"type": "Feature", "properties": {"name": "Broadway/7Th Ave Line", "line": "BROADWAY/7TH AVE LINE", "color": "#EE352E", "weight": 4, "category": "subway_route"}, "geometry": {"type": "LineString", "coordinates": [[-73.9956462393279, 40.7441067804125], [-73.9951552418428, 40.7447680891942]]}}, {"type": "Feature", "properties": {"name": "Broadway/7Th Ave Line", "line": "BROADWAY/7TH AVE LINE", "color": "#EE352E", "weight": 4, "category": "subway_route"}, "geometry": {"type": "LineString", "coordinates": [[-74.0044616581525, 40.7307265816285], [-74.0042248010992, 40.7311357908387]]}}, {"type": "Feature", "properties": {"name": "8Th Ave Line", "line": "8TH AVE LINE", "color": "#0039A6", "weight": 4, "category": "subway_route"}, "geometry": {"type": "LineString", "coordinates": [[-74.0014640512414, 40.7371768097981], [-74.0017692801877, 40.7376831702382]]}}, {"type": "Feature", "properties": {"name": "8Th Ave Line", "line": "8TH AVE LINE", "color": "#0039A6", "weight": 4, "category": "subway_route"}, "geometry": {"type": "LineString", "coordinates": [[-74.0005119635396, 40.7323234669729], [-74.0000697279788, 40.7329329052169]]}}, {"type": "Feature", "properties": {"name": "Broadway/7Th Ave Line", "line": "BROADWAY/7TH AVE LINE", "color": "#EE352E", "weight": 4, "category": "subway_route"}, "geometry": {"type": "LineString", "coordinates": [[-73.9821948387396, 40.7728048988083], [-73.98219791525, 40.773040504908]]}}, {"type": "Feature", "properties": {"name": "6Th Ave Line", "line": "6TH AVE LINE", "color": "#FF6319", "weight": 4, "category": "subway_route"}, "geometry": {"type": "LineString", "coordinates": [[-73.9841188442919, 40.7548503016999], [-73.9836256284672, 40.7555245942201]]}}, {"type": "Feature", "properties": {"name": "8Th Ave Line", "line": "8TH AVE LINE", "color": "#0039A6", "weight": 4, "category": "subway_route"}, "geometry": {"type": "LineString", "coordinates": [[-73.9778276887697, 40.7736644440753], [-73.9773721449402, 40.7742892595057]]}}, {"type": "Feature", "properties": {"name": "Broadway Line", "line": "BROADWAY LINE", "color": "#FCCC0A", "weight": 4, "category": "subway_route"}, "geometry": {"type": "LineString", "coordinates": [[-73.9879381723722, 40.7498632142096], [-73.9877803964692, 40.7506689617566]]}}, {"type": "Feature", "properties": {"name": "Crosstown Line", "line": "CROSSTOWN LINE", "color": "#6CBE45", "weight": 4, "category": "subway_route"}, "geometry": {"type": "LineString", "coordinates": [[-73.9518958121363, 40.7429458707807], [-73.9518007769903, 40.7430236528935]]}}, {"type": "Feature", "properties": {"name": "Flushing Line", "line": "FLUSHING LINE", "color": "#B933AD", "weight": 4, "category": "subway_route"}, "geometry": {"type": "LineString", "coordinates": [[-73.8733043610417, 40.748766375853], [-73.8727748284758, 40.7488212092278]]}}, {"type": "Feature", "properties": {"name": "Broadway/7Th Ave Line", "line": "BROADWAY/7TH AVE LINE", "color": "#EE352E", "weight": 4, "category": "subway_route"}, "geometry": {"type": "LineString", "coordinates": [[-73.9864595517952, 40.7567183204558], [-73.9860158208441, 40.7573475948366]]}}, {"type": "Feature", "properties": {"name": "Broadway Line", "line": "BROADWAY LINE", "color": "#FCCC0A", "weight": 4, "category": "subway_route"}, "geometry": {"type": "LineString", "coordinates": [[-73.9864056639408, 40.7558162781394], [-73.9861079540012, 40.7565689771024]]}}, {"type": "Feature", "properties": {"name": "Queens Blvd Line", "line": "QUEENS BLVD LINE", "color": "#FF6319", "weight": 4, "category": "subway_route"}, "geometry": {"type": "LineString", "coordinates": [[-73.8862339461208, 40.7444737354824], [-73.8861216784419, 40.7444252588232]]}}, {"type": "Feature", "properties": {"name": "Pelham Line", "line": "PELHAM LINE", "color": "#00933C", "weight": 4, "category": "subway_route"}, "geometry": {"type": "LineString", "coordinates": [[-73.8732741496018, 40.829901985814], [-73.8732278665452, 40.829914433762]]}}, {"type": "Feature", "properties": {"name": "Queens Blvd Line", "line": "QUEENS BLVD LINE", "color": "#FF6319", "weight": 4, "category": "subway_route"}, "geometry": {"type": "LineString", "coordinates": [[-73.8608288058213, 40.7295823189803], [-73.8602271547017, 40.7293629466288]]}}, {"type": "Feature", "properties": {"name": "Jamaica Line", "line": "JAMAICA LINE", "color": "#996633", "weight": 4, "category": "subway_route"}, "geometry": {"type": "LineString", "coordinates": [[-73.94042119337, 40.6998820141092], [-73.9396912313543, 40.6994640302224]]}}, {"type": "Feature", "properties": {"name": "Lexington Ave", "line": "LEXINGTON AVE", "color": "#00933C", "weight": 4, "category": "subway_route"}, "geometry": {"type": "LineString", "coordinates": [[-74.0020790170194, 40.7167391361988], [-74.0015895479396, 40.7173001346429]]}}, {"type": "Feature", "properties": {"name": "63Rd St Line", "line": "63RD ST LINE", "color": "#FF6319", "weight": 4, "category": "subway_route"}, "geometry": {"type": "LineString", "coordinates": [[-73.9767045300821, 40.7650037009745], [-73.976235182118, 40.7656828825803]]}}, {"type": "Feature", "properties": {"name": "42Nd St Shuttle Line", "line": "42ND ST SHUTTLE LINE", "color": "#808183", "weight": 4, "category": "subway_route"}, "geometry": {"type": "LineString", "coordinates": [[-73.9841188442919, 40.7548503016999], [-73.9808883938858, 40.7534892373154]]}}, {"type": "Feature", "properties": {"name": "Broadway Line", "line": "BROADWAY LINE", "color": "#FCCC0A", "weight": 4, "category": "subway_route"}, "geometry": {"type": "LineString", "coordinates": [[-73.9805291832741, 40.764851748193], [-73.9800370524944, 40.7655292847803]]}}, {"type": "Feature", "properties": {"name": "Crosstown Line", "line": "CROSSTOWN LINE", "color": "#6CBE45", "weight": 4, "category": "subway_route"}, "geometry": {"type": "LineString", "coordinates": [[-73.9461877684612, 40.7456209305278], [-73.9456517096689, 40.7458264451584]]}}, {"type": "Feature", "properties": {"name": "Lenox Ave Line", "line": "LENOX AVE LINE", "color": "#EE352E", "weight": 4, "category": "subway_route"}, "geometry": {"type": "LineString", "coordinates": [[-73.9459789469986, 40.8071064041217], [-73.9454832386991, 40.8077808872511]]}}, {"type": "Feature", "properties": {"name": "Queens Blvd Line", "line": "QUEENS BLVD LINE", "color": "#FF6319", "weight": 4, "category": "subway_route"}, "geometry": {"type": "LineString", "coordinates": [[-73.920480535667, 40.7532934873325], [-73.920278122024, 40.7533463687753]]}}, {"type": "Feature", "properties": {"name": "Flushing Line", "line": "FLUSHING LINE", "color": "#B933AD", "weight": 4, "category": "subway_route"}, "geometry": {"type": "LineString", "coordinates": [[-73.9224124332701, 40.7435998144991], [-73.921482429878, 40.743490673249]]}}, {"type": "Feature", "properties": {"name": "Broadway/7Th Ave Line", "line": "BROADWAY/7TH AVE LINE", "color": "#EE352E", "weight": 4, "category": "subway_route"}, "geometry": {"type": "LineString", "coordinates": [[-73.9675762680397, 40.8029355119688], [-73.9671426214118, 40.8035764204786]]}}, {"type": "Feature", "properties": {"name": "8Th Ave Line", "line": "8TH AVE LINE", "color": "#0039A6", "weight": 4, "category": "subway_route"}, "geometry": {"type": "LineString", "coordinates": [[-73.9288920108802, 40.8646712670839], [-73.9281107112869, 40.8650872400223]]}}, {"type": "Feature", "properties": {"name": "Lenox Ave Line", "line": "LENOX AVE LINE", "color": "#EE352E", "weight": 4, "category": "subway_route"}, "geometry": {"type": "LineString", "coordinates": [[-73.9440849695375, 40.8097016376069], [-73.9436270251082, 40.8103262069524]]}}, {"type": "Feature", "properties": {"name": "Fulton St Line", "line": "FULTON ST LINE", "color": "#0039A6", "weight": 4, "category": "subway_route"}, "geometry": {"type": "LineString", "coordinates": [[-73.8468687843243, 40.6801390969698], [-73.8458933239006, 40.6801946176319]]}}, {"type": "Feature", "properties": {"name": "Flushing Line", "line": "FLUSHING LINE", "color": "#B933AD", "weight": 4, "category": "subway_route"}, "geometry": {"type": "LineString", "coordinates": [[-73.909588385191, 40.7449487781025], [-73.9086397013622, 40.7451133183745]]}}, {"type": "Feature", "properties": {"name": "Queens Blvd Line", "line": "QUEENS BLVD LINE", "color": "#FF6319", "weight": 4, "category": "subway_route"}, "geometry": {"type": "LineString", "coordinates": [[-73.7920297782998, 40.7110776176529], [-73.7910153386056, 40.7114408311558]]}}, {"type": "Feature", "properties": {"name": "Queens Blvd Line", "line": "QUEENS BLVD LINE", "color": "#FF6319", "weight": 4, "category": "subway_route"}, "geometry": {"type": "LineString", "coordinates": [[-73.8810051420033, 40.741848911082], [-73.8802789166682, 40.741305710527]]}}, {"type": "Feature", "properties": {"name": "Fulton St Line", "line": "FULTON ST LINE", "color": "#0039A6", "weight": 4, "category": "subway_route"}, "geometry": {"type": "LineString", "coordinates": [[-73.8311225132526, 40.6847582152007], [-73.8302816844575, 40.6850836488567]]}}, {"type": "Feature", "properties": {"name": "8Th Ave Line", "line": "8TH AVE LINE", "color": "#0039A6", "weight": 4, "category": "subway_route"}, "geometry": {"type": "LineString", "coordinates": [[-73.9567794014995, 40.8024957048242], [-73.9563224413034, 40.8031236034098]]}}, {"type": "Feature", "properties": {"name": "6Th Ave Line", "line": "6TH AVE LINE", "color": "#FF6319", "weight": 4, "category": "subway_route"}, "geometry": {"type": "LineString", "coordinates": [[-73.9978088094601, 40.7360441511458], [-73.9973426276, 40.7366761335718]]}}, {"type": "Feature", "properties": {"name": "Broadway/7Th Ave Line", "line": "BROADWAY/7TH AVE LINE", "color": "#EE352E", "weight": 4, "category": "subway_route"}, "geometry": {"type": "LineString", "coordinates": [[-73.9815204101618, 40.7802900113552], [-73.9813122134635, 40.781033639362]]}}, {"type": "Feature", "properties": {"name": "Nassau St Line", "line": "NASSAU ST LINE", "color": "#996633", "weight": 4, "category": "subway_route"}, "geometry": {"type": "LineString", "coordinates": [[-73.9890124793006, 40.7188037705499], [-73.9882030321948, 40.7185639208282]]}}, {"type": "Feature", "properties": {"name": "Broadway/7Th Ave Line", "line": "BROADWAY/7TH AVE LINE", "color": "#EE352E", "weight": 4, "category": "subway_route"}, "geometry": {"type": "LineString", "coordinates": [[-73.9527635997974, 40.8232715171628], [-73.9523061301548, 40.8238954984434]]}}, {"type": "Feature", "properties": {"name": "Broadway/7Th Ave Line", "line": "BROADWAY/7TH AVE LINE", "color": "#EE352E", "weight": 4, "category": "subway_route"}, "geometry": {"type": "LineString", "coordinates": [[-73.9694573282711, 40.7978461513513], [-73.9690041197077, 40.7984802053886]]}}, {"type": "Feature", "properties": {"name": "Broadway/7Th Ave Line", "line": "BROADWAY/7TH AVE LINE", "color": "#EE352E", "weight": 4, "category": "subway_route"}, "geometry": {"type": "LineString", "coordinates": [[-73.9165892176756, 40.8676412204287], [-73.9161396634642, 40.8682589361188]]}}, {"type": "Feature", "properties": {"name": "Fulton St Line", "line": "FULTON ST LINE", "color": "#0039A6", "weight": 4, "category": "subway_route"}, "geometry": {"type": "LineString", "coordinates": [[-73.8506613296148, 40.6798998442235], [-73.8497273082445, 40.679956630386]]}}, {"type": "Feature", "properties": {"name": "Jerome Ave Line", "line": "JEROME AVE LINE", "color": "#00933C", "weight": 4, "category": "subway_route"}, "geometry": {"type": "LineString", "coordinates": [[-73.9042926753092, 40.8577159901069], [-73.9039094429166, 40.858375857611]]}}, {"type": "Feature", "properties": {"name": "White Plains Rd Line", "line": "WHITE PLAINS RD LINE", "color": "#EE352E", "weight": 4, "category": "subway_route"}, "geometry": {"type": "LineString", "coordinates": [[-73.8672219114096, 40.869702537563], [-73.8671895050021, 40.8706128303668]]}}, {"type": "Feature", "properties": {"name": "West End Line", "line": "WEST END LINE", "color": "#FF6319", "weight": 4, "category": "subway_route"}, "geometry": {"type": "LineString", "coordinates": [[-73.9989973304247, 40.6050639231384], [-73.9982554809143, 40.6046167781425]]}}, {"type": "Feature", "properties": {"name": "Jamaica Line", "line": "JAMAICA LINE", "color": "#996633", "weight": 4, "category": "subway_route"}, "geometry": {"type": "LineString", "coordinates": [[-73.9540182980104, 40.707088481297], [-73.9533800641145, 40.706864533299]]}}, {"type": "Feature", "properties": {"name": "Jamaica Line", "line": "JAMAICA LINE", "color": "#996633", "weight": 4, "category": "subway_route"}, "geometry": {"type": "LineString", "coordinates": [[-73.9377748242705, 40.6984129316869], [-73.9373919254451, 40.6981940345085]]}}, {"type": "Feature", "properties": {"name": "Pelham Line", "line": "PELHAM LINE", "color": "#00933C", "weight": 4, "category": "subway_route"}, "geometry": {"type": "LineString", "coordinates": [[-73.8773005711091, 40.8287510402157], [-73.8764026111347, 40.828985561127]]}}, {"type": "Feature", "properties": {"name": "4Th Ave Line", "line": "4TH AVE LINE", "color": "#FCCC0A", "weight": 4, "category": "subway_route"}, "geometry": {"type": "LineString", "coordinates": [[-73.9867103464964, 40.6727749645758], [-73.9872122969336, 40.6721688485663]]}}, {"type": "Feature", "properties": {"name": "4Th Ave Line", "line": "4TH AVE LINE", "color": "#FCCC0A", "weight": 4, "category": "subway_route"}, "geometry": {"type": "LineString", "coordinates": [[-73.9843422275107, 40.6921294913221], [-73.9834040674929, 40.692095176069]]}}, {"type": "Feature", "properties": {"name": "4Th Ave Line", "line": "4TH AVE LINE", "color": "#FCCC0A", "weight": 4, "category": "subway_route"}, "geometry": {"type": "LineString", "coordinates": [[-73.9917349455616, 40.6667448260328], [-73.9922359166121, 40.6661458557946]]}}, {"type": "Feature", "properties": {"name": "Concourse Line", "line": "CONCOURSE LINE", "color": "#FF6319", "weight": 4, "category": "subway_route"}, "geometry": {"type": "LineString", "coordinates": [[-73.9124050951412, 40.8418247648648], [-73.9122230826436, 40.8423648595687]]}}, {"type": "Feature", "properties": {"name": "Eastern Pky Line", "line": "EASTERN PKY LINE", "color": "#00933C", "weight": 4, "category": "subway_route"}, "geometry": {"type": "LineString", "coordinates": [[-73.9710504783365, 40.675245346262], [-73.970782829929, 40.6748628930474]]}}, {"type": "Feature", "properties": {"name": "Jerome Ave Line", "line": "JEROME AVE LINE", "color": "#00933C", "weight": 4, "category": "subway_route"}, "geometry": {"type": "LineString", "coordinates": [[-73.9191639327727, 40.8382619793173], [-73.9190179635588, 40.8383893599217]]}}, {"type": "Feature", "properties": {"name": "Pelham Line", "line": "PELHAM LINE", "color": "#00933C", "weight": 4, "category": "subway_route"}, "geometry": {"type": "LineString", "coordinates": [[-73.8436128125196, 40.8393565951558], [-73.843063783323, 40.8398054759513]]}}, {"type": "Feature", "properties": {"name": "14St/Canarsie Line", "line": "14ST/CANARSIE LINE", "color": "#A7A9AC", "weight": 4, "category": "subway_route"}, "geometry": {"type": "LineString", "coordinates": [[-73.9590094911164, 40.7186446774815], [-73.9577267260476, 40.7178425431855]]}}, {"type": "Feature", "properties": {"name": "4Th Ave Line", "line": "4TH AVE LINE", "color": "#FCCC0A", "weight": 4, "category": "subway_route"}, "geometry": {"type": "LineString", "coordinates": [[-74.0219540819108, 40.6374604597987], [-74.0222008139981, 40.6372201897484]]}}, {"type": "Feature", "properties": {"name": "Jamaica Line", "line": "JAMAICA LINE", "color": "#996633", "weight": 4, "category": "subway_route"}, "geometry": {"type": "LineString", "coordinates": [[-73.9613925260699, 40.7103197598822], [-73.9611240117223, 40.7102352718965]]}}, {"type": "Feature", "properties": {"name": "Houston/Essex St Line", "line": "HOUSTON/ESSEX ST LINE", "color": "#FF6319", "weight": 4, "category": "subway_route"}, "geometry": {"type": "LineString", "coordinates": [[-73.9885074251667, 40.7229784843187], [-73.9878308195566, 40.7227749810197]]}}, {"type": "Feature", "properties": {"name": "Crosstown Line", "line": "CROSSTOWN LINE", "color": "#6CBE45", "weight": 4, "category": "subway_route"}, "geometry": {"type": "LineString", "coordinates": [[-73.9493046123603, 40.6958679097734], [-73.9492674226602, 40.6956822147354]]}}, {"type": "Feature", "properties": {"name": "Clark St Line", "line": "CLARK ST LINE", "color": "#EE352E", "weight": 4, "category": "subway_route"}, "geometry": {"type": "LineString", "coordinates": [[-74.0069529358055, 40.7116954643854], [-74.0067686694274, 40.7115103032301]]}}, {"type": "Feature", "properties": {"name": "Queens Blvd Line", "line": "QUEENS BLVD LINE", "color": "#FF6319", "weight": 4, "category": "subway_route"}, "geometry": {"type": "LineString", "coordinates": [[-73.8584367901964, 40.7286968135927], [-73.8580889113736, 40.7285769685587]]}}, {"type": "Feature", "properties": {"name": "Queens Blvd Line", "line": "QUEENS BLVD LINE", "color": "#FF6319", "weight": 4, "category": "subway_route"}, "geometry": {"type": "LineString", "coordinates": [[-73.9150084323835, 40.757106428], [-73.9142134106447, 40.7567290491728]]}}, {"type": "Feature", "properties": {"name": "Broadway/7Th Ave Line", "line": "BROADWAY/7TH AVE LINE", "color": "#EE352E", "weight": 4, "category": "subway_route"}, "geometry": {"type": "LineString", "coordinates": [[-73.9287167855777, 40.856189503054], [-73.9284122858022, 40.856614337667]]}}, {"type": "Feature", "properties": {"name": "Queens Blvd Line", "line": "QUEENS BLVD LINE", "color": "#FF6319", "weight": 4, "category": "subway_route"}, "geometry": {"type": "LineString", "coordinates": [[-73.9279093513412, 40.7520590453089], [-73.9264699473398, 40.7520768180093]]}}, {"type": "Feature", "properties": {"name": "8Th Ave Line", "line": "8TH AVE LINE", "color": "#0039A6", "weight": 4, "category": "subway_route"}, "geometry": {"type": "LineString", "coordinates": [[-73.9231111628305, 40.8670238541594], [-73.9212144264129, 40.867701057257]]}}, {"type": "Feature", "properties": {"name": "Broadway/7Th Ave Line", "line": "BROADWAY/7TH AVE LINE", "color": "#EE352E", "weight": 4, "category": "subway_route"}, "geometry": {"type": "LineString", "coordinates": [[-73.9309968839743, 40.8530708307012], [-73.9305399675302, 40.8536932826541]]}}, {"type": "Feature", "properties": {"name": "Lenox Ave Line", "line": "LENOX AVE LINE", "color": "#EE352E", "weight": 4, "category": "subway_route"}, "geometry": {"type": "LineString", "coordinates": [[-73.9413488164844, 40.8134454575666], [-73.9408568363849, 40.8141142037721]]}}, {"type": "Feature", "properties": {"name": "Jerome Ave Line", "line": "JEROME AVE LINE", "color": "#00933C", "weight": 4, "category": "subway_route"}, "geometry": {"type": "LineString", "coordinates": [[-73.9073341742851, 40.8538246853504], [-73.905571349683, 40.8557955936263]]}}, {"type": "Feature", "properties": {"name": "Concourse Line", "line": "CONCOURSE LINE", "color": "#FF6319", "weight": 4, "category": "subway_route"}, "geometry": {"type": "LineString", "coordinates": [[-73.9024162876834, 40.853918774894], [-73.9018612365381, 40.8545944203797]]}}, {"type": "Feature", "properties": {"name": "4Th Ave Line", "line": "4TH AVE LINE", "color": "#FCCC0A", "weight": 4, "category": "subway_route"}, "geometry": {"type": "LineString", "coordinates": [[-74.0295653870136, 40.6198407594136], [-74.0298439049942, 40.61916203678]]}}, {"type": "Feature", "properties": {"name": "Crosstown Line", "line": "CROSSTOWN LINE", "color": "#6CBE45", "weight": 4, "category": "subway_route"}, "geometry": {"type": "LineString", "coordinates": [[-73.9496486052162, 40.6975912841854], [-73.949501525921, 40.6968559061388]]}}, {"type": "Feature", "properties": {"name": "Crosstown Line", "line": "CROSSTOWN LINE", "color": "#6CBE45", "weight": 4, "category": "subway_route"}, "geometry": {"type": "LineString", "coordinates": [[-73.950876209445, 40.7095213560966], [-73.9509567541224, 40.7099993636511]]}}, {"type": "Feature", "properties": {"name": "Crosstown Line", "line": "CROSSTOWN LINE", "color": "#6CBE45", "weight": 4, "category": "subway_route"}, "geometry": {"type": "LineString", "coordinates": [[-73.9507615547816, 40.708811100591], [-73.9508309215662, 40.7091518388268]]}}, {"type": "Feature", "properties": {"name": "Jamaica Line", "line": "JAMAICA LINE", "color": "#996633", "weight": 4, "category": "subway_route"}, "geometry": {"type": "LineString", "coordinates": [[-73.9055496347711, 40.6800798388213], [-73.9054943019553, 40.6800453942373]]}}, {"type": "Feature", "properties": {"name": "Jamaica Line", "line": "JAMAICA LINE", "color": "#996633", "weight": 4, "category": "subway_route"}, "geometry": {"type": "LineString", "coordinates": [[-73.9190623635541, 40.6877926064205], [-73.9187845041447, 40.6876343255803]]}}, {"type": "Feature", "properties": {"name": "Broadway/7Th Ave Line", "line": "BROADWAY/7TH AVE LINE", "color": "#EE352E", "weight": 4, "category": "subway_route"}, "geometry": {"type": "LineString", "coordinates": [[-74.0037916675453, 40.7319017062536], [-74.0035785515869, 40.7322716386929]]}}, {"type": "Feature", "properties": {"name": "Flushing Line", "line": "FLUSHING LINE", "color": "#B933AD", "weight": 4, "category": "subway_route"}, "geometry": {"type": "LineString", "coordinates": [[-73.8876479018601, 40.7472530898165], [-73.8867178268444, 40.7473497130101]]}}, {"type": "Feature", "properties": {"name": "Brighton Line", "line": "BRIGHTON LINE", "color": "#FF6319", "weight": 4, "category": "subway_route"}, "geometry": {"type": "LineString", "coordinates": [[-73.9650961275902, 40.5768352203782], [-73.9641921788582, 40.5770260781745]]}}, {"type": "Feature", "properties": {"name": "Pelham Line", "line": "PELHAM LINE", "color": "#00933C", "weight": 4, "category": "subway_route"}, "geometry": {"type": "LineString", "coordinates": [[-73.8732278665452, 40.829914433762], [-73.8727567299564, 40.8300361487904]]}}, {"type": "Feature", "properties": {"name": "Pelham Line", "line": "PELHAM LINE", "color": "#00933C", "weight": 4, "category": "subway_route"}, "geometry": {"type": "LineString", "coordinates": [[-73.8727567299564, 40.8300361487904], [-73.8717954885337, 40.8303137064898]]}}, {"type": "Feature", "properties": {"name": "Brighton Line", "line": "BRIGHTON LINE", "color": "#FF6319", "weight": 4, "category": "subway_route"}, "geometry": {"type": "LineString", "coordinates": [[-73.9632104955744, 40.6373108866343], [-73.9635956668433, 40.6394890308744]]}}, {"type": "Feature", "properties": {"name": "Brighton Line", "line": "BRIGHTON LINE", "color": "#FF6319", "weight": 4, "category": "subway_route"}, "geometry": {"type": "LineString", "coordinates": [[-73.9635956668433, 40.6394890308744], [-73.9639967098643, 40.6414162311882]]}}, {"type": "Feature", "properties": {"name": "Brighton Line", "line": "BRIGHTON LINE", "color": "#FF6319", "weight": 4, "category": "subway_route"}, "geometry": {"type": "LineString", "coordinates": [[-73.962815809496, 40.6510882037942], [-73.9626056916301, 40.6517039903857]]}}, {"type": "Feature", "properties": {"name": "Brighton Line", "line": "BRIGHTON LINE", "color": "#FF6319", "weight": 4, "category": "subway_route"}, "geometry": {"type": "LineString", "coordinates": [[-73.9633556523709, 40.6493383881913], [-73.9631802575279, 40.6499939220412]]}}, {"type": "Feature", "properties": {"name": "Brighton Line", "line": "BRIGHTON LINE", "color": "#FF6319", "weight": 4, "category": "subway_route"}, "geometry": {"type": "LineString", "coordinates": [[-73.9639967098643, 40.6414162311882], [-73.9645299845367, 40.6443628032174]]}}, {"type": "Feature", "properties": {"name": "Fulton St Line", "line": "FULTON ST LINE", "color": "#0039A6", "weight": 4, "category": "subway_route"}, "geometry": {"type": "LineString", "coordinates": [[-73.8858426810857, 40.6733879571352], [-73.8850287562687, 40.6735083735972]]}}, {"type": "Feature", "properties": {"name": "Jamaica Line", "line": "JAMAICA LINE", "color": "#996633", "weight": 4, "category": "subway_route"}, "geometry": {"type": "LineString", "coordinates": [[-73.8962190000359, 40.6773664196241], [-73.8953189675191, 40.6775042748251]]}}, {"type": "Feature", "properties": {"name": "Manhattan Bridge Line", "line": "MANHATTAN BRIDGE LINE", "color": "#FF6319", "weight": 4, "category": "subway_route"}, "geometry": {"type": "LineString", "coordinates": [[-73.9846323860058, 40.6960468515154], [-73.9845773079565, 40.695953263029]]}}, {"type": "Feature", "properties": {"name": "Concourse Line", "line": "CONCOURSE LINE", "color": "#FF6319", "weight": 4, "category": "subway_route"}, "geometry": {"type": "LineString", "coordinates": [[-73.9060021340694, 40.8494612907603], [-73.9059779101818, 40.8494922834894]]}}, {"type": "Feature", "properties": {"name": "Queens Blvd Line", "line": "QUEENS BLVD LINE", "color": "#FF6319", "weight": 4, "category": "subway_route"}, "geometry": {"type": "LineString", "coordinates": [[-73.8671228125206, 40.7320965206032], [-73.8668742880485, 40.7319541961731]]}}, {"type": "Feature", "properties": {"name": "Crosstown Line", "line": "CROSSTOWN LINE", "color": "#6CBE45", "weight": 4, "category": "subway_route"}, "geometry": {"type": "LineString", "coordinates": [[-73.954068459627, 40.741748092309], [-73.9538049411208, 40.7419429465506]]}}, {"type": "Feature", "properties": {"name": "Houston/Essex St Line", "line": "HOUSTON/ESSEX ST LINE", "color": "#FF6319", "weight": 4, "category": "subway_route"}, "geometry": {"type": "LineString", "coordinates": [[-73.9867846116232, 40.7011279358092], [-73.9867858059274, 40.7010706273859]]}}, {"type": "Feature", "properties": {"name": "6Th Ave Line", "line": "6TH AVE LINE", "color": "#FF6319", "weight": 4, "category": "subway_route"}, "geometry": {"type": "LineString", "coordinates": [[-73.9919108051362, 40.7098151837325], [-73.9918603231658, 40.7097272117143]]}}, {"type": "Feature", "properties": {"name": "Nassau St Line", "line": "NASSAU ST LINE", "color": "#996633", "weight": 4, "category": "subway_route"}, "geometry": {"type": "LineString", "coordinates": [[-74.0088940030976, 40.7090528620826], [-74.008419671615, 40.7095386242537]]}}, {"type": "Feature", "properties": {"name": "Broadway/7Th Ave Line", "line": "BROADWAY/7TH AVE LINE", "color": "#EE352E", "weight": 4, "category": "subway_route"}, "geometry": {"type": "LineString", "coordinates": [[-74.0051728748596, 40.7294554527877], [-74.0046893028586, 40.7303293856162]]}}, {"type": "Feature", "properties": {"name": "Broadway/7Th Ave Line", "line": "BROADWAY/7TH AVE LINE", "color": "#EE352E", "weight": 4, "category": "subway_route"}, "geometry": {"type": "LineString", "coordinates": [[-74.0016943443966, 40.7355428351316], [-74.0015538634694, 40.7358055605116]]}}, {"type": "Feature", "properties": {"name": "Broadway/7Th Ave Line", "line": "BROADWAY/7TH AVE LINE", "color": "#EE352E", "weight": 4, "category": "subway_route"}, "geometry": {"type": "LineString", "coordinates": [[-73.9901350908197, 40.7516670558713], [-73.9896945787604, 40.7522885104597]]}}, {"type": "Feature", "properties": {"name": "Flushing Line", "line": "FLUSHING LINE", "color": "#B933AD", "weight": 4, "category": "subway_route"}, "geometry": {"type": "LineString", "coordinates": [[-73.9368648371889, 40.748429512689], [-73.9366380993265, 40.7482123422213]]}}, {"type": "Feature", "properties": {"name": "Astoria/Queens Line", "line": "ASTORIA/QUEENS LINE", "color": "#FCCC0A", "weight": 4, "category": "subway_route"}, "geometry": {"type": "LineString", "coordinates": [[-73.9347438715023, 40.7509872936886], [-73.9338339737742, 40.7516129512076]]}}, {"type": "Feature", "properties": {"name": "14St/Canarsie Line", "line": "14ST/CANARSIE LINE", "color": "#A7A9AC", "weight": 4, "category": "subway_route"}, "geometry": {"type": "LineString", "coordinates": [[-73.9025139689781, 40.6947010547994], [-73.901853950791, 40.6942835922895]]}}, {"type": "Feature", "properties": {"name": "Myrtle Ave Line", "line": "MYRTLE AVE LINE", "color": "#FF6319", "weight": 4, "category": "subway_route"}, "geometry": {"type": "LineString", "coordinates": [[-73.9099357925221, 40.7006134736462], [-73.9088450898588, 40.7016920087639]]}}, {"type": "Feature", "properties": {"name": "Fulton St Line", "line": "FULTON ST LINE", "color": "#0039A6", "weight": 4, "category": "subway_route"}, "geometry": {"type": "LineString", "coordinates": [[-73.8585908771923, 40.6794109674036], [-73.8581996122731, 40.6794390865894]]}}, {"type": "Feature", "properties": {"name": "Flushing Line", "line": "FLUSHING LINE", "color": "#B933AD", "weight": 4, "category": "subway_route"}, "geometry": {"type": "LineString", "coordinates": [[-73.889572548823, 40.7470473035369], [-73.8886789269993, 40.7471425272308]]}}, {"type": "Feature", "properties": {"name": "Jamaica Line", "line": "JAMAICA LINE", "color": "#996633", "weight": 4, "category": "subway_route"}, "geometry": {"type": "LineString", "coordinates": [[-73.9220726103407, 40.6894980786967], [-73.9213071501855, 40.6890798814391]]}}, {"type": "Feature", "properties": {"name": "Broadway/7Th Ave Line", "line": "BROADWAY/7TH AVE LINE", "color": "#EE352E", "weight": 4, "category": "subway_route"}, "geometry": {"type": "LineString", "coordinates": [[-73.9970084915144, 40.7422364077632], [-73.9965814764917, 40.742819158792]]}}, {"type": "Feature", "properties": {"name": "Broadway/7Th Ave Line", "line": "BROADWAY/7TH AVE LINE", "color": "#EE352E", "weight": 4, "category": "subway_route"}, "geometry": {"type": "LineString", "coordinates": [[-73.996130309397, 40.7434389003702], [-73.9956462393279, 40.7441067804125]]}}, {"type": "Feature", "properties": {"name": "Broadway Line", "line": "BROADWAY LINE", "color": "#FCCC0A", "weight": 4, "category": "subway_route"}, "geometry": {"type": "LineString", "coordinates": [[-73.9837314504558, 40.7604653381767], [-73.9832642063621, 40.7611018652357]]}}, {"type": "Feature", "properties": {"name": "Flushing Line", "line": "FLUSHING LINE", "color": "#B933AD", "weight": 4, "category": "subway_route"}, "geometry": {"type": "LineString", "coordinates": [[-73.9777928152363, 40.752175843845], [-73.9776778992677, 40.752127185796]]}}, {"type": "Feature", "properties": {"name": "6Th Ave Line", "line": "6TH AVE LINE", "color": "#FF6319", "weight": 4, "category": "subway_route"}, "geometry": {"type": "LineString", "coordinates": [[-73.9831692569656, 40.7561484706602], [-73.9827133485066, 40.7567794773897]]}}, {"type": "Feature", "properties": {"name": "8Th Ave Line", "line": "8TH AVE LINE", "color": "#0039A6", "weight": 4, "category": "subway_route"}, "geometry": {"type": "LineString", "coordinates": [[-73.9851928191605, 40.7635519245629], [-73.9847352345906, 40.7641773554337]]}}, {"type": "Feature", "properties": {"name": "6Th Ave Line", "line": "6TH AVE LINE", "color": "#FF6319", "weight": 4, "category": "subway_route"}, "geometry": {"type": "LineString", "coordinates": [[-73.985489487248, 40.7529434274673], [-73.9850449343766, 40.7535623966678]]}}, {"type": "Feature", "properties": {"name": "Queens Blvd Line", "line": "QUEENS BLVD LINE", "color": "#FF6319", "weight": 4, "category": "subway_route"}, "geometry": {"type": "LineString", "coordinates": [[-73.809691091129, 40.7057545003066], [-73.8090019474634, 40.7059571187857]]}}, {"type": "Feature", "properties": {"name": "8Th Ave Line", "line": "8TH AVE LINE", "color": "#0039A6", "weight": 4, "category": "subway_route"}, "geometry": {"type": "LineString", "coordinates": [[-73.9539581600813, 40.8063615794591], [-73.9535009804357, 40.806989547822]]}}, {"type": "Feature", "properties": {"name": "Queens Blvd Line", "line": "QUEENS BLVD LINE", "color": "#FF6319", "weight": 4, "category": "subway_route"}, "geometry": {"type": "LineString", "coordinates": [[-73.9319599172595, 40.7519825075811], [-73.9312663472865, 40.7520007721417]]}}, {"type": "Feature", "properties": {"name": "8Th Ave Line", "line": "8TH AVE LINE", "color": "#0039A6", "weight": 4, "category": "subway_route"}, "geometry": {"type": "LineString", "coordinates": [[-73.9398766904418, 40.8395745975841], [-73.9396884531044, 40.8402631245253]]}}, {"type": "Feature", "properties": {"name": "Flushing Line", "line": "FLUSHING LINE", "color": "#B933AD", "weight": 4, "category": "subway_route"}, "geometry": {"type": "LineString", "coordinates": [[-73.9066145207301, 40.7454014137515], [-73.9055805150078, 40.745399607313]]}}, {"type": "Feature", "properties": {"name": "Flushing Line", "line": "FLUSHING LINE", "color": "#B933AD", "weight": 4, "category": "subway_route"}, "geometry": {"type": "LineString", "coordinates": [[-73.8867178268444, 40.7473497130101], [-73.885788669221, 40.7474480040301]]}}, {"type": "Feature", "properties": {"name": "Queens Blvd Line", "line": "QUEENS BLVD LINE", "color": "#FF6319", "weight": 4, "category": "subway_route"}, "geometry": {"type": "LineString", "coordinates": [[-73.8952772735991, 40.7483255443367], [-73.8937983549649, 40.7476997501744]]}}, {"type": "Feature", "properties": {"name": "Nostrand Ave Line", "line": "NOSTRAND AVE LINE", "color": "#EE352E", "weight": 4, "category": "subway_route"}, "geometry": {"type": "LineString", "coordinates": [[-73.9506457209025, 40.6608353621925], [-73.9505697619795, 40.6601247766849]]}}, {"type": "Feature", "properties": {"name": "Nostrand Ave Line", "line": "NOSTRAND AVE LINE", "color": "#EE352E", "weight": 4, "category": "subway_route"}, "geometry": {"type": "LineString", "coordinates": [[-73.9507526124052, 40.6671896586764], [-73.9508370477766, 40.6662974276587]]}}, {"type": "Feature", "properties": {"name": "4Th Ave Line", "line": "4TH AVE LINE", "color": "#FCCC0A", "weight": 4, "category": "subway_route"}, "geometry": {"type": "LineString", "coordinates": [[-74.0044205997029, 40.6543173419486], [-74.0050044899762, 40.6537650485386]]}}, {"type": "Feature", "properties": {"name": "White Plains Rd Line", "line": "WHITE PLAINS RD LINE", "color": "#EE352E", "weight": 4, "category": "subway_route"}, "geometry": {"type": "LineString", "coordinates": [[-73.8593023612204, 40.8899325063085], [-73.8589095086358, 40.8906393412212]]}}, {"type": "Feature", "properties": {"name": "Broadway Line", "line": "BROADWAY LINE", "color": "#FCCC0A", "weight": 4, "category": "subway_route"}, "geometry": {"type": "LineString", "coordinates": [[-73.9942994531264, 40.6947999227191], [-73.9924247676088, 40.6942843251434]]}}, {"type": "Feature", "properties": {"name": "Jerome Ave Line", "line": "JEROME AVE LINE", "color": "#00933C", "weight": 4, "category": "subway_route"}, "geometry": {"type": "LineString", "coordinates": [[-73.913058210214, 40.8467171072705], [-73.9123647353341, 40.847691608498]]}}, {"type": "Feature", "properties": {"name": "Fulton St Line", "line": "FULTON ST LINE", "color": "#0039A6", "weight": 4, "category": "subway_route"}, "geometry": {"type": "LineString", "coordinates": [[-73.9733760405007, 40.6858930508116], [-73.9730744370796, 40.6857712889415]]}}, {"type": "Feature", "properties": {"name": "Culver Line", "line": "CULVER LINE", "color": "#FF6319", "weight": 4, "category": "subway_route"}, "geometry": {"type": "LineString", "coordinates": [[-73.9743796091859, 40.5872068935325], [-73.9744168250067, 40.5865108327958]]}}, {"type": "Feature", "properties": {"name": "Pelham Line", "line": "PELHAM LINE", "color": "#00933C", "weight": 4, "category": "subway_route"}, "geometry": {"type": "LineString", "coordinates": [[-73.8941176516909, 40.8183554898845], [-73.8930689631491, 40.8193724623944]]}}, {"type": "Feature", "properties": {"name": "Broadway/7Th Ave Line", "line": "BROADWAY/7TH AVE LINE", "color": "#EE352E", "weight": 4, "category": "subway_route"}, "geometry": {"type": "LineString", "coordinates": [[-73.910655672453, 40.8739842171995], [-73.9105391570795, 40.8740690164609]]}}, {"type": "Feature", "properties": {"name": "Jamaica Line", "line": "JAMAICA LINE", "color": "#996633", "weight": 4, "category": "subway_route"}, "geometry": {"type": "LineString", "coordinates": [[-73.9277832168783, 40.6927694162891], [-73.9275081270041, 40.6926120497899]]}}, {"type": "Feature", "properties": {"name": "Jamaica Line", "line": "JAMAICA LINE", "color": "#996633", "weight": 4, "category": "subway_route"}, "geometry": {"type": "LineString", "coordinates": [[-73.908861523231, 40.6820022728176], [-73.9085176907158, 40.6818121801511]]}}, {"type": "Feature", "properties": {"name": "New Lots Line", "line": "NEW LOTS LINE", "color": "#EE352E", "weight": 4, "category": "subway_route"}, "geometry": {"type": "LineString", "coordinates": [[-73.9047861271008, 40.6631699286219], [-73.9042127763124, 40.6632529357597]]}}, {"type": "Feature", "properties": {"name": "14St/Canarsie Line", "line": "14ST/CANARSIE LINE", "color": "#A7A9AC", "weight": 4, "category": "subway_route"}, "geometry": {"type": "LineString", "coordinates": [[-73.9177786048246, 40.703413087061], [-73.9170516881306, 40.7029610305842]]}}, {"type": "Feature", "properties": {"name": "14St/Canarsie Line", "line": "14ST/CANARSIE LINE", "color": "#A7A9AC", "weight": 4, "category": "subway_route"}, "geometry": {"type": "LineString", "coordinates": [[-73.913329203618, 40.7007856845709], [-73.9125695974736, 40.7003665879111]]}}, {"type": "Feature", "properties": {"name": "Fulton St Line", "line": "FULTON ST LINE", "color": "#0039A6", "weight": 4, "category": "subway_route"}, "geometry": {"type": "LineString", "coordinates": [[-73.8780371946898, 40.6745275471671], [-73.8771183495931, 40.6746629613799]]}}, {"type": "Feature", "properties": {"name": "Jerome Ave Line", "line": "JEROME AVE LINE", "color": "#00933C", "weight": 4, "category": "subway_route"}, "geometry": {"type": "LineString", "coordinates": [[-73.9142815236557, 40.8450037720601], [-73.914186301656, 40.8451432148333]]}}, {"type": "Feature", "properties": {"name": "Flushing Line", "line": "FLUSHING LINE", "color": "#B933AD", "weight": 4, "category": "subway_route"}, "geometry": {"type": "LineString", "coordinates": [[-73.8914325520064, 40.7468529861862], [-73.8905025576521, 40.7469501889963]]}}, {"type": "Feature", "properties": {"name": "Queens Blvd Line", "line": "QUEENS BLVD LINE", "color": "#FF6319", "weight": 4, "category": "subway_route"}, "geometry": {"type": "LineString", "coordinates": [[-73.8924103329508, 40.7471435786479], [-73.8917517544893, 40.7468199768517]]}}, {"type": "Feature", "properties": {"name": "Queens Blvd Line", "line": "QUEENS BLVD LINE", "color": "#FF6319", "weight": 4, "category": "subway_route"}, "geometry": {"type": "LineString", "coordinates": [[-73.8913927211005, 40.7466492540251], [-73.8903668633305, 40.7462390554757]]}}, {"type": "Feature", "properties": {"name": "Queens Blvd Line", "line": "QUEENS BLVD LINE", "color": "#FF6319", "weight": 4, "category": "subway_route"}, "geometry": {"type": "LineString", "coordinates": [[-73.8937983549649, 40.7476997501744], [-73.8924103329508, 40.7471435786479]]}}, {"type": "Feature", "properties": {"name": "Flushing Line", "line": "FLUSHING LINE", "color": "#B933AD", "weight": 4, "category": "subway_route"}, "geometry": {"type": "LineString", "coordinates": [[-73.8972254464313, 40.7462460186377], [-73.8963260888981, 40.7463429269017]]}}, {"type": "Feature", "properties": {"name": "Flushing Line", "line": "FLUSHING LINE", "color": "#B933AD", "weight": 4, "category": "subway_route"}, "geometry": {"type": "LineString", "coordinates": [[-73.9075234950663, 40.7453169950131], [-73.9073467859173, 40.745355151699], [-73.9071658997432, 40.7453829129207], [-73.9069824587069, 40.7453999553025], [-73.9067981090051, 40.7454061010788], [-73.9066145207301, 40.7454014137515]]}}, {"type": "Feature", "properties": {"name": "Flushing Line", "line": "FLUSHING LINE", "color": "#B933AD", "weight": 4, "category": "subway_route"}, "geometry": {"type": "LineString", "coordinates": [[-73.9033901899015, 40.7456034848201], [-73.9027056923303, 40.7456921219539]]}}, {"type": "Feature", "properties": {"name": "Flushing Line", "line": "FLUSHING LINE", "color": "#B933AD", "weight": 4, "category": "subway_route"}, "geometry": {"type": "LineString", "coordinates": [[-73.9138303787006, 40.7437801908494], [-73.9124810767021, 40.7441748471165]]}}, {"type": "Feature", "properties": {"name": "Flushing Line", "line": "FLUSHING LINE", "color": "#B933AD", "weight": 4, "category": "subway_route"}, "geometry": {"type": "LineString", "coordinates": [[-73.9187034598783, 40.7431639861832], [-73.9177529863042, 40.7430543683021]]}}, {"type": "Feature", "properties": {"name": "Queens Blvd Line", "line": "QUEENS BLVD LINE", "color": "#FF6319", "weight": 4, "category": "subway_route"}, "geometry": {"type": "LineString", "coordinates": [[-73.8985787676347, 40.7497304064161], [-73.8983916348378, 40.7496513480197]]}}, {"type": "Feature", "properties": {"name": "Flushing Line", "line": "FLUSHING LINE", "color": "#B933AD", "weight": 4, "category": "subway_route"}, "geometry": {"type": "LineString", "coordinates": [[-73.9242599005983, 40.7438165988509], [-73.9233395511103, 40.7437086043941]]}}, {"type": "Feature", "properties": {"name": "Flushing Line", "line": "FLUSHING LINE", "color": "#B933AD", "weight": 4, "category": "subway_route"}, "geometry": {"type": "LineString", "coordinates": [[-73.9316837477297, 40.7446772272778], [-73.9307552647467, 40.7445684231823]]}}, {"type": "Feature", "properties": {"name": "Astoria Line", "line": "ASTORIA LINE", "color": "#FCCC0A", "weight": 4, "category": "subway_route"}, "geometry": {"type": "LineString", "coordinates": [[-73.9253814296611, 40.7619779443942], [-73.9272480457525, 40.7596791678624]]}}, {"type": "Feature", "properties": {"name": "Astoria Line", "line": "ASTORIA LINE", "color": "#FCCC0A", "weight": 4, "category": "subway_route"}, "geometry": {"type": "LineString", "coordinates": [[-73.9320232666475, 40.7537947230741], [-73.9329111830577, 40.7527014534262]]}}, {"type": "Feature", "properties": {"name": "Astoria Line", "line": "ASTORIA LINE", "color": "#FCCC0A", "weight": 4, "category": "subway_route"}, "geometry": {"type": "LineString", "coordinates": [[-73.9285023470548, 40.7581368653242], [-73.929751800212, 40.7565888275281]]}}, {"type": "Feature", "properties": {"name": "Astoria Line", "line": "ASTORIA LINE", "color": "#FCCC0A", "weight": 4, "category": "subway_route"}, "geometry": {"type": "LineString", "coordinates": [[-73.9213933786748, 40.7668959236945], [-73.9227424017238, 40.76523444757]]}}, {"type": "Feature", "properties": {"name": "Astoria Line", "line": "ASTORIA LINE", "color": "#FCCC0A", "weight": 4, "category": "subway_route"}, "geometry": {"type": "LineString", "coordinates": [[-73.9177034484223, 40.7704013650961], [-73.9180800288078, 40.7700702498287]]}}, {"type": "Feature", "properties": {"name": "Astoria Line", "line": "ASTORIA LINE", "color": "#FCCC0A", "weight": 4, "category": "subway_route"}, "geometry": {"type": "LineString", "coordinates": [[-73.9112041708029, 40.7757264412043], [-73.9123893973929, 40.7747535973398]]}}, {"type": "Feature", "properties": {"name": "Queens Blvd Line", "line": "QUEENS BLVD LINE", "color": "#FF6319", "weight": 4, "category": "subway_route"}, "geometry": {"type": "LineString", "coordinates": [[-73.9134120330122, 40.7563557480253], [-73.9126121495178, 40.7559791922358]]}}, {"type": "Feature", "properties": {"name": "Queens Blvd Line", "line": "QUEENS BLVD LINE", "color": "#FF6319", "weight": 4, "category": "subway_route"}, "geometry": {"type": "LineString", "coordinates": [[-73.9166055071367, 40.7578566896981], [-73.9158072086517, 40.757480994478]]}}, {"type": "Feature", "properties": {"name": "Queens Blvd Line", "line": "QUEENS BLVD LINE", "color": "#FF6319", "weight": 4, "category": "subway_route"}, "geometry": {"type": "LineString", "coordinates": [[-73.9174050703682, 40.7582322358584], [-73.9166055071367, 40.7578566896981]]}}, {"type": "Feature", "properties": {"name": "Queens Blvd Line", "line": "QUEENS BLVD LINE", "color": "#FF6319", "weight": 4, "category": "subway_route"}, "geometry": {"type": "LineString", "coordinates": [[-73.9197867872859, 40.758012786834], [-73.9208663433236, 40.7566864534134]]}}, {"type": "Feature", "properties": {"name": "Queens Blvd Line", "line": "QUEENS BLVD LINE", "color": "#FF6319", "weight": 4, "category": "subway_route"}, "geometry": {"type": "LineString", "coordinates": [[-73.9175970837299, 40.7583224807459], [-73.9174050703682, 40.7582322358584]]}}, {"type": "Feature", "properties": {"name": "Queens Blvd Line", "line": "QUEENS BLVD LINE", "color": "#FF6319", "weight": 4, "category": "subway_route"}, "geometry": {"type": "LineString", "coordinates": [[-73.9197867872859, 40.758012786834], [-73.9196050366164, 40.7581113046545], [-73.9194128800656, 40.7581976523995], [-73.9192117232761, 40.758271198476], [-73.9190030377283, 40.7583314049309], [-73.918788349976, 40.7583778313854], [-73.9185692304796, 40.7584101382548], [-73.9183472821184, 40.7584280892321]]}}, {"type": "Feature", "properties": {"name": "Flushing Line", "line": "FLUSHING LINE", "color": "#B933AD", "weight": 4, "category": "subway_route"}, "geometry": {"type": "LineString", "coordinates": [[-73.8769258437767, 40.7483772396327], [-73.8764807915223, 40.7484246526492]]}}, {"type": "Feature", "properties": {"name": "Flushing Line", "line": "FLUSHING LINE", "color": "#B933AD", "weight": 4, "category": "subway_route"}, "geometry": {"type": "LineString", "coordinates": [[-73.8839370580643, 40.7476384926551], [-73.883000446029, 40.7477426526125]]}}, {"type": "Feature", "properties": {"name": "Queens Blvd Line", "line": "QUEENS BLVD LINE", "color": "#FF6319", "weight": 4, "category": "subway_route"}, "geometry": {"type": "LineString", "coordinates": [[-73.8826346778587, 40.7427952252296], [-73.8818812816205, 40.7423852282554]]}}, {"type": "Feature", "properties": {"name": "Flushing Line", "line": "FLUSHING LINE", "color": "#B933AD", "weight": 4, "category": "subway_route"}, "geometry": {"type": "LineString", "coordinates": [[-73.8617519709027, 40.7499758430909], [-73.8611183328593, 40.7500324797311]]}}, {"type": "Feature", "properties": {"name": "Flushing Line", "line": "FLUSHING LINE", "color": "#B933AD", "weight": 4, "category": "subway_route"}, "geometry": {"type": "LineString", "coordinates": [[-73.8611183328593, 40.7500324797311], [-73.8587645052666, 40.7507252233841]]}}, {"type": "Feature", "properties": {"name": "Flushing Line", "line": "FLUSHING LINE", "color": "#B933AD", "weight": 4, "category": "subway_route"}, "geometry": {"type": "LineString", "coordinates": [[-73.8558362102854, 40.7515855243048], [-73.8545567767994, 40.7519701704956]]}}, {"type": "Feature", "properties": {"name": "Queens Blvd Line", "line": "QUEENS BLVD LINE", "color": "#FF6319", "weight": 4, "category": "subway_route"}, "geometry": {"type": "LineString", "coordinates": [[-73.7902166736618, 40.7117252913214], [-73.7894153522516, 40.7120057787279]]}}, {"type": "Feature", "properties": {"name": "Queens Blvd Line", "line": "QUEENS BLVD LINE", "color": "#FF6319", "weight": 4, "category": "subway_route"}, "geometry": {"type": "LineString", "coordinates": [[-73.7884363017778, 40.7120071845633], [-73.7878480152903, 40.7118190794061]]}}, {"type": "Feature", "properties": {"name": "Queens Blvd Line", "line": "QUEENS BLVD LINE", "color": "#FF6319", "weight": 4, "category": "subway_route"}, "geometry": {"type": "LineString", "coordinates": [[-73.7878480152903, 40.7118190794061], [-73.7874216379199, 40.7118559252237], [-73.7869972173024, 40.7119098560313], [-73.7865765170265, 40.7119807395903], [-73.78616128921, 40.7120683181885], [-73.7857532146543, 40.7121721994807], [-73.7853539517047, 40.7122918634466]]}}, {"type": "Feature", "properties": {"name": "Queens Blvd Line", "line": "QUEENS BLVD LINE", "color": "#FF6319", "weight": 4, "category": "subway_route"}, "geometry": {"type": "LineString", "coordinates": [[-73.7844626750877, 40.7125021519692], [-73.7835619865209, 40.712719034913]]}}, {"type": "Feature", "properties": {"name": "Queens Blvd Line", "line": "QUEENS BLVD LINE", "color": "#FF6319", "weight": 4, "category": "subway_route"}, "geometry": {"type": "MultiLineString", "coordinates": [[[-73.7890300929327, 40.7120862998845], [-73.7889286636575, 40.7120889439091], [-73.7888272958075, 40.712085177595], [-73.7887266878597, 40.712075026893]], [[-73.7887266878597, 40.712075026893], [-73.7886275332827, 40.712058561728], [-73.7885305150854, 40.7120358955593], [-73.7884363017778, 40.7120071845633]]]}}, {"type": "Feature", "properties": {"name": "Queens Blvd Line", "line": "QUEENS BLVD LINE", "color": "#FF6319", "weight": 4, "category": "subway_route"}, "geometry": {"type": "LineString", "coordinates": [[-73.7894153522516, 40.7120057787279], [-73.7892903701039, 40.7120413699257], [-73.7891614265124, 40.7120683158473], [-73.7890300929327, 40.7120862998845]]}}, {"type": "Feature", "properties": {"name": "Jamaica Line", "line": "JAMAICA LINE", "color": "#996633", "weight": 4, "category": "subway_route"}, "geometry": {"type": "MultiLineString", "coordinates": [[[-73.9604593949793, 40.7098224943753], [-73.9604119922181, 40.709786714906], [-73.9602242044671, 40.7096348696358]], [[-73.9602242044671, 40.7096348696358], [-73.9599262215877, 40.7093745051272], [-73.9596018784205, 40.7091330715712], [-73.9592532449395, 40.7089121100225]]]}}, {"type": "Feature", "properties": {"name": "Queens Blvd Line", "line": "QUEENS BLVD LINE", "color": "#FF6319", "weight": 4, "category": "subway_route"}, "geometry": {"type": "LineString", "coordinates": [[-73.9367582521994, 40.7491552209794], [-73.9364578865794, 40.7494208175622]]}}, {"type": "Feature", "properties": {"name": "Queens Blvd Line", "line": "QUEENS BLVD LINE", "color": "#FF6319", "weight": 4, "category": "subway_route"}, "geometry": {"type": "LineString", "coordinates": [[-73.9373978185207, 40.7489246890848], [-73.9367582521994, 40.7491552209794]]}}, {"type": "Feature", "properties": {"name": "Flushing Line", "line": "FLUSHING LINE", "color": "#B933AD", "weight": 4, "category": "subway_route"}, "geometry": {"type": "LineString", "coordinates": [[-73.9376977582898, 40.7491667163199], [-73.9376336710554, 40.749107530148]]}}, {"type": "Feature", "properties": {"name": "Flushing Line", "line": "FLUSHING LINE", "color": "#B933AD", "weight": 4, "category": "subway_route"}, "geometry": {"type": "LineString", "coordinates": [[-73.9374935019533, 40.7489780599474], [-73.9373978185207, 40.7489246890848]]}}, {"type": "Feature", "properties": {"name": "Flushing Line", "line": "FLUSHING LINE", "color": "#B933AD", "weight": 4, "category": "subway_route"}, "geometry": {"type": "LineString", "coordinates": [[-73.938264148882, 40.7496832289438], [-73.9380471467135, 40.7494615134843]]}}, {"type": "Feature", "properties": {"name": "Flushing/Astoria Line", "line": "FLUSHING/ASTORIA LINE", "color": "#B933AD", "weight": 4, "category": "subway_route"}, "geometry": {"type": "LineString", "coordinates": [[-73.938861875863, 40.7500127216158], [-73.938264148882, 40.7496832289438]]}}, {"type": "Feature", "properties": {"name": "Astoria Line", "line": "ASTORIA LINE", "color": "#FCCC0A", "weight": 4, "category": "subway_route"}, "geometry": {"type": "MultiLineString", "coordinates": [[[-73.9373868619906, 40.7492065638895], [-73.9373115893195, 40.7491935066809], [-73.9372351096671, 40.7491854718902], [-73.9371580013038, 40.7491825202708], [-73.9370808472533, 40.7491846741411], [-73.9370042308851, 40.7491919172149], [-73.9369287315031, 40.749204194725], [-73.9368549199656, 40.7492214138371], [-73.9367833543688, 40.7492434443521], [-73.9367145758273, 40.7492701196904], [-73.9366491043824, 40.7493012381516]], [[-73.9366491043824, 40.7493012381516], [-73.9364578865794, 40.7494208175622]]]}}, {"type": "Feature", "properties": {"name": "Astoria Line", "line": "ASTORIA LINE", "color": "#FCCC0A", "weight": 4, "category": "subway_route"}, "geometry": {"type": "LineString", "coordinates": [[-73.9378283292249, 40.7494230657624], [-73.9380205488431, 40.7495329263126]]}}, {"type": "Feature", "properties": {"name": "Flushing/Astoria Line", "line": "FLUSHING/ASTORIA LINE", "color": "#B933AD", "weight": 4, "category": "subway_route"}, "geometry": {"type": "LineString", "coordinates": [[-73.9402422036303, 40.7506108581912], [-73.9396665433357, 40.7503601875816]]}}, {"type": "Feature", "properties": {"name": "Concourse Line", "line": "CONCOURSE LINE", "color": "#FF6319", "weight": 4, "category": "subway_route"}, "geometry": {"type": "LineString", "coordinates": [[-73.9051361766817, 40.8505385703349], [-73.9046751729421, 40.8511090930087]]}}, {"type": "Feature", "properties": {"name": "White Plains Rd Line", "line": "WHITE PLAINS RD LINE", "color": "#EE352E", "weight": 4, "category": "subway_route"}, "geometry": {"type": "LineString", "coordinates": [[-73.9223285439158, 40.8172856948324], [-73.9195462311763, 40.8165633713028]]}}, {"type": "Feature", "properties": {"name": "Crosstown Line", "line": "CROSSTOWN LINE", "color": "#6CBE45", "weight": 4, "category": "subway_route"}, "geometry": {"type": "LineString", "coordinates": [[-73.9658233336132, 40.6882176590198], [-73.9648108659867, 40.6883339162049]]}}, {"type": "Feature", "properties": {"name": "Crosstown Line", "line": "CROSSTOWN LINE", "color": "#6CBE45", "weight": 4, "category": "subway_route"}, "geometry": {"type": "LineString", "coordinates": [[-73.9502487836555, 40.7029485491033], [-73.9502270728875, 40.7035644810593]]}}, {"type": "Feature", "properties": {"name": "14St/Canarsie Line", "line": "14ST/CANARSIE LINE", "color": "#A7A9AC", "weight": 4, "category": "subway_route"}, "geometry": {"type": "LineString", "coordinates": [[-73.9460712331412, 40.7143802626853], [-73.9443912111947, 40.7145429542264]]}}, {"type": "Feature", "properties": {"name": "Eastern Pky Line", "line": "EASTERN PKY LINE", "color": "#00933C", "weight": 4, "category": "subway_route"}, "geometry": {"type": "LineString", "coordinates": [[-73.9552709184785, 40.6701331378265], [-73.9532714787308, 40.6700154381204]]}}, {"type": "Feature", "properties": {"name": "Crosstown Line", "line": "CROSSTOWN LINE", "color": "#6CBE45", "weight": 4, "category": "subway_route"}, "geometry": {"type": "LineString", "coordinates": [[-73.9547284907452, 40.7330391734285], [-73.954843951483, 40.7337485040634]]}}, {"type": "Feature", "properties": {"name": "West End Line", "line": "WEST END LINE", "color": "#FF6319", "weight": 4, "category": "subway_route"}, "geometry": {"type": "LineString", "coordinates": [[-73.9979869931877, 40.6225750754966], [-73.9982957980395, 40.6216276250685]]}}, {"type": "Feature", "properties": {"name": "Culver/6Th Ave Line", "line": "CULVER/6TH AVE LINE", "color": "#FF6319", "weight": 4, "category": "subway_route"}, "geometry": {"type": "LineString", "coordinates": [[-73.991333792, 40.6854566410395], [-73.9917630717026, 40.6848213875015]]}}, {"type": "Feature", "properties": {"name": "Pelham Line", "line": "PELHAM LINE", "color": "#00933C", "weight": 4, "category": "subway_route"}, "geometry": {"type": "LineString", "coordinates": [[-73.8412596247246, 40.8410732538679], [-73.8410505164454, 40.8411844561446]]}}, {"type": "Feature", "properties": {"name": "Eastern Pky Line", "line": "EASTERN PKY LINE", "color": "#00933C", "weight": 4, "category": "subway_route"}, "geometry": {"type": "LineString", "coordinates": [[-73.9774585108286, 40.6840605215963], [-73.9766678840465, 40.6829804490972]]}}, {"type": "Feature", "properties": {"name": "Broadway/7Th Ave Line", "line": "BROADWAY/7TH AVE LINE", "color": "#EE352E", "weight": 4, "category": "subway_route"}, "geometry": {"type": "LineString", "coordinates": [[-73.9394356392469, 40.8415492031306], [-73.9393756354408, 40.8416330882827]]}}, {"type": "Feature", "properties": {"name": "Clark St Line", "line": "CLARK ST LINE", "color": "#EE352E", "weight": 4, "category": "subway_route"}, "geometry": {"type": "LineString", "coordinates": [[-74.0099854875326, 40.7051559712438], [-74.0099965076201, 40.7053394765254]]}}, {"type": "Feature", "properties": {"name": "14St/Canarsie Line", "line": "14ST/CANARSIE LINE", "color": "#A7A9AC", "weight": 4, "category": "subway_route"}, "geometry": {"type": "LineString", "coordinates": [[-73.9199588192638, 40.7047723346642], [-73.91923164953, 40.7043195628005]]}}, {"type": "Feature", "properties": {"name": "14St/Canarsie Line", "line": "14ST/CANARSIE LINE", "color": "#A7A9AC", "weight": 4, "category": "subway_route"}, "geometry": {"type": "LineString", "coordinates": [[-73.920684876307, 40.7052248041082], [-73.9199588192638, 40.7047723346642]]}}, {"type": "Feature", "properties": {"name": "New Lots Line", "line": "NEW LOTS LINE", "color": "#EE352E", "weight": 4, "category": "subway_route"}, "geometry": {"type": "LineString", "coordinates": [[-73.8912153090338, 40.6651837308077], [-73.8903004383784, 40.6653199930227]]}}, {"type": "Feature", "properties": {"name": "Jamaica Line", "line": "JAMAICA LINE", "color": "#996633", "weight": 4, "category": "subway_route"}, "geometry": {"type": "LineString", "coordinates": [[-73.9001499096296, 40.6769575524888], [-73.900047526658, 40.676901325174]]}}, {"type": "Feature", "properties": {"name": "New Lots Line", "line": "NEW LOTS LINE", "color": "#EE352E", "weight": 4, "category": "subway_route"}, "geometry": {"type": "LineString", "coordinates": [[-73.9071251873439, 40.6628286954931], [-73.9066021237936, 40.6629061013878]]}}, {"type": "Feature", "properties": {"name": "Jamaica Line", "line": "JAMAICA LINE", "color": "#996633", "weight": 4, "category": "subway_route"}, "geometry": {"type": "LineString", "coordinates": [[-73.9381784642581, 40.6986484619621], [-73.9377748242705, 40.6984129316869]]}}, {"type": "Feature", "properties": {"name": "Queens Blvd Line", "line": "QUEENS BLVD LINE", "color": "#FF6319", "weight": 4, "category": "subway_route"}, "geometry": {"type": "LineString", "coordinates": [[-73.8893319704291, 40.7457941604437], [-73.8886075902632, 40.7454910090352]]}}, {"type": "Feature", "properties": {"name": "Concourse Line", "line": "CONCOURSE LINE", "color": "#FF6319", "weight": 4, "category": "subway_route"}, "geometry": {"type": "LineString", "coordinates": [[-73.9142388191846, 40.8381170626214], [-73.9138325373995, 40.8386473130189]]}}, {"type": "Feature", "properties": {"name": "Lenox Ave Line", "line": "LENOX AVE LINE", "color": "#EE352E", "weight": 4, "category": "subway_route"}, "geometry": {"type": "LineString", "coordinates": [[-73.9399104911906, 40.8154110701935], [-73.9394581936654, 40.81603468021]]}}, {"type": "Feature", "properties": {"name": "8Th Ave Line", "line": "8TH AVE LINE", "color": "#0039A6", "weight": 4, "category": "subway_route"}, "geometry": {"type": "LineString", "coordinates": [[-73.9367041097381, 40.8556310933829], [-73.9356033325424, 40.8571176726508]]}}, {"type": "Feature", "properties": {"name": "Pelham Line", "line": "PELHAM LINE", "color": "#00933C", "weight": 4, "category": "subway_route"}, "geometry": {"type": "LineString", "coordinates": [[-73.8857816896919, 40.827922637727], [-73.885679882298, 40.8279920699682]]}}, {"type": "Feature", "properties": {"name": "Dyre Ave Line", "line": "DYRE AVE LINE", "color": "#00933C", "weight": 4, "category": "subway_route"}, "geometry": {"type": "LineString", "coordinates": [[-73.854701758127, 40.8597601256137], [-73.8535693539159, 40.8610964191541]]}}, {"type": "Feature", "properties": {"name": "Jamaica Line", "line": "JAMAICA LINE", "color": "#996633", "weight": 4, "category": "subway_route"}, "geometry": {"type": "LineString", "coordinates": [[-73.9231709398661, 40.690131643978], [-73.9228082962269, 40.6899321628019]]}}, {"type": "Feature", "properties": {"name": "Broadway/7Th Ave Line", "line": "BROADWAY/7TH AVE LINE", "color": "#EE352E", "weight": 4, "category": "subway_route"}, "geometry": {"type": "LineString", "coordinates": [[-74.0061180245902, 40.7237539725872], [-74.0060419645503, 40.7244113664543]]}}, {"type": "Feature", "properties": {"name": "Broadway/7Th Ave Line", "line": "BROADWAY/7TH AVE LINE", "color": "#EE352E", "weight": 4, "category": "subway_route"}, "geometry": {"type": "LineString", "coordinates": [[-74.0015538634694, 40.7358055605116], [-74.0010952582572, 40.7365684772921]]}}, {"type": "Feature", "properties": {"name": "Broadway/7Th Ave Line", "line": "BROADWAY/7TH AVE LINE", "color": "#EE352E", "weight": 4, "category": "subway_route"}, "geometry": {"type": "LineString", "coordinates": [[-73.9817055846162, 40.7796341692505], [-73.9815204101618, 40.7802900113552]]}}, {"type": "Feature", "properties": {"name": "Nassau St Line", "line": "NASSAU ST LINE", "color": "#996633", "weight": 4, "category": "subway_route"}, "geometry": {"type": "LineString", "coordinates": [[-73.9928970755859, 40.7199803935741], [-73.9921617247643, 40.7197578479528]]}}, {"type": "Feature", "properties": {"name": "63Rd St Line", "line": "63RD ST LINE", "color": "#FF6319", "weight": 4, "category": "subway_route"}, "geometry": {"type": "LineString", "coordinates": [[-73.9406175831875, 40.7530455346824], [-73.939872643856, 40.7526487094539]]}}, {"type": "Feature", "properties": {"name": "Flushing Line", "line": "FLUSHING LINE", "color": "#B933AD", "weight": 4, "category": "subway_route"}, "geometry": {"type": "LineString", "coordinates": [[-73.943709268338, 40.7496840477968], [-73.944266705634, 40.7490489034261]]}}, {"type": "Feature", "properties": {"name": "Flushing Line", "line": "FLUSHING LINE", "color": "#B933AD", "weight": 4, "category": "subway_route"}, "geometry": {"type": "LineString", "coordinates": [[-73.8739841977588, 40.7486939191463], [-73.8737022430446, 40.7487255696681]]}}, {"type": "Feature", "properties": {"name": "6Th Ave Line", "line": "6TH AVE LINE", "color": "#FF6319", "weight": 4, "category": "subway_route"}, "geometry": {"type": "LineString", "coordinates": [[-73.9914198834364, 40.7448109285089], [-73.9909696259966, 40.7454291370054]]}}, {"type": "Feature", "properties": {"name": "Archer Ave Line", "line": "ARCHER AVE LINE", "color": "#0039A6", "weight": 4, "category": "subway_route"}, "geometry": {"type": "LineString", "coordinates": [[-73.824768471847, 40.7011974463693], [-73.8239127647639, 40.7014164155991]]}}, {"type": "Feature", "properties": {"name": "Broadway/7Th Ave Line", "line": "BROADWAY/7TH AVE LINE", "color": "#EE352E", "weight": 4, "category": "subway_route"}, "geometry": {"type": "LineString", "coordinates": [[-73.947227190717, 40.8308546832762], [-73.9467700911436, 40.8314787232691]]}}, {"type": "Feature", "properties": {"name": "Broadway/7Th Ave Line", "line": "BROADWAY/7TH AVE LINE", "color": "#EE352E", "weight": 4, "category": "subway_route"}, "geometry": {"type": "LineString", "coordinates": [[-73.9564828415262, 40.8181829245908], [-73.9560215340257, 40.8188102490394]]}}, {"type": "Feature", "properties": {"name": "8Th Ave Line", "line": "8TH AVE LINE", "color": "#0039A6", "weight": 4, "category": "subway_route"}, "geometry": {"type": "LineString", "coordinates": [[-73.9698335494095, 40.7846191656673], [-73.9693370269106, 40.7853015342865]]}}, {"type": "Feature", "properties": {"name": "63Rd St Line", "line": "63RD ST LINE", "color": "#FF6319", "weight": 4, "category": "subway_route"}, "geometry": {"type": "LineString", "coordinates": [[-73.9647567395056, 40.7640653212956], [-73.9625165301317, 40.763120984711]]}}, {"type": "Feature", "properties": {"name": "Queens Blvd Line", "line": "QUEENS BLVD LINE", "color": "#FF6319", "weight": 4, "category": "subway_route"}, "geometry": {"type": "LineString", "coordinates": [[-73.9322775123634, 40.7519621359279], [-73.9319599172595, 40.7519825075811]]}}, {"type": "Feature", "properties": {"name": "8Th Ave Line", "line": "8TH AVE LINE", "color": "#0039A6", "weight": 4, "category": "subway_route"}, "geometry": {"type": "LineString", "coordinates": [[-73.9393527506, 40.841516021537], [-73.9393358387419, 40.8416887267939]]}}, {"type": "Feature", "properties": {"name": "Broadway/7Th Ave Line", "line": "BROADWAY/7TH AVE LINE", "color": "#EE352E", "weight": 4, "category": "subway_route"}, "geometry": {"type": "LineString", "coordinates": [[-74.0042248010992, 40.7311357908387], [-74.0037916675453, 40.7319017062536]]}}, {"type": "Feature", "properties": {"name": "Jamaica Line", "line": "JAMAICA LINE", "color": "#996633", "weight": 4, "category": "subway_route"}, "geometry": {"type": "LineString", "coordinates": [[-73.8308876474021, 40.7000171111466], [-73.8300241115911, 40.7002207241999]]}}, {"type": "Feature", "properties": {"name": "Jamaica Line", "line": "JAMAICA LINE", "color": "#996633", "weight": 4, "category": "subway_route"}, "geometry": {"type": "LineString", "coordinates": [[-73.8325971859139, 40.6994897479581], [-73.8324533438893, 40.6995553121694]]}}, {"type": "Feature", "properties": {"name": "Jamaica Line", "line": "JAMAICA LINE", "color": "#996633", "weight": 4, "category": "subway_route"}, "geometry": {"type": "LineString", "coordinates": [[-73.8434436046584, 40.6951949723085], [-73.8429469103102, 40.6952012925494]]}}, {"type": "Feature", "properties": {"name": "4Th Ave Line", "line": "4TH AVE LINE", "color": "#FCCC0A", "weight": 4, "category": "subway_route"}, "geometry": {"type": "LineString", "coordinates": [[-74.023519966414, 40.6346240103708], [-74.0238846432983, 40.6337326102394]]}}, {"type": "Feature", "properties": {"name": "Pelham Line", "line": "PELHAM LINE", "color": "#00933C", "weight": 4, "category": "subway_route"}, "geometry": {"type": "LineString", "coordinates": [[-73.8700079633007, 40.8308286080292], [-73.8690806170485, 40.8310941957691]]}}, {"type": "Feature", "properties": {"name": "Queens Blvd Line", "line": "QUEENS BLVD LINE", "color": "#FF6319", "weight": 4, "category": "subway_route"}, "geometry": {"type": "LineString", "coordinates": [[-73.9121696345214, 40.7557717572809], [-73.9117656456938, 40.755580838553]]}}, {"type": "Feature", "properties": {"name": "Lexington Ave", "line": "LEXINGTON AVE", "color": "#00933C", "weight": 4, "category": "subway_route"}, "geometry": {"type": "LineString", "coordinates": [[-73.9636195539912, 40.7684948895167], [-73.9631630827839, 40.7691205405582]]}}, {"type": "Feature", "properties": {"name": "Queens Blvd Line", "line": "QUEENS BLVD LINE", "color": "#FF6319", "weight": 4, "category": "subway_route"}, "geometry": {"type": "LineString", "coordinates": [[-73.9264699473398, 40.7520768180093], [-73.9259620020875, 40.75210471746]]}}, {"type": "Feature", "properties": {"name": "Queens Blvd Line", "line": "QUEENS BLVD LINE", "color": "#FF6319", "weight": 4, "category": "subway_route"}, "geometry": {"type": "LineString", "coordinates": [[-73.7981851577317, 40.7090326386281], [-73.7977693355314, 40.7091514337276]]}}, {"type": "Feature", "properties": {"name": "Lexington Ave", "line": "LEXINGTON AVE", "color": "#00933C", "weight": 4, "category": "subway_route"}, "geometry": {"type": "LineString", "coordinates": [[-73.942346875021, 40.797642611836], [-73.9421213971217, 40.7979520565019]]}}, {"type": "Feature", "properties": {"name": "Fulton St Line", "line": "FULTON ST LINE", "color": "#0039A6", "weight": 4, "category": "subway_route"}, "geometry": {"type": "LineString", "coordinates": [[-73.8520219256613, 40.6798213751088], [-73.851596501383, 40.6798409716027]]}}, {"type": "Feature", "properties": {"name": "Flushing Line", "line": "FLUSHING LINE", "color": "#B933AD", "weight": 4, "category": "subway_route"}, "geometry": {"type": "LineString", "coordinates": [[-73.8386198390398, 40.7570531003888], [-73.838175569389, 40.7572159908211]]}}, {"type": "Feature", "properties": {"name": "Pelham Line", "line": "PELHAM LINE", "color": "#00933C", "weight": 4, "category": "subway_route"}, "geometry": {"type": "LineString", "coordinates": [[-73.9075384786548, 40.8090690416204], [-73.9072403863417, 40.8099373692093]]}}, {"type": "Feature", "properties": {"name": "Jamaica Line", "line": "JAMAICA LINE", "color": "#996633", "weight": 4, "category": "subway_route"}, "geometry": {"type": "LineString", "coordinates": [[-73.9619631176062, 40.7104958177228], [-73.9613925260699, 40.7103197598822]]}}, {"type": "Feature", "properties": {"name": "Jamaica Line", "line": "JAMAICA LINE", "color": "#996633", "weight": 4, "category": "subway_route"}, "geometry": {"type": "LineString", "coordinates": [[-73.9510865820042, 40.7059211919175], [-73.9509573444139, 40.7058511760745]]}}, {"type": "Feature", "properties": {"name": "West End Line", "line": "WEST END LINE", "color": "#FF6319", "weight": 4, "category": "subway_route"}, "geometry": {"type": "LineString", "coordinates": [[-73.9994895584489, 40.6174127315503], [-73.9997100533826, 40.6166285048163]]}}, {"type": "Feature", "properties": {"name": "Dyre Ave Line", "line": "DYRE AVE LINE", "color": "#00933C", "weight": 4, "category": "subway_route"}, "geometry": {"type": "LineString", "coordinates": [[-73.8579391579972, 40.8564398480213], [-73.8574046612321, 40.8568942701003]]}}, {"type": "Feature", "properties": {"name": "4Th Ave Line", "line": "4TH AVE LINE", "color": "#FCCC0A", "weight": 4, "category": "subway_route"}, "geometry": {"type": "LineString", "coordinates": [[-73.9813254278043, 40.6799599706453], [-73.981754626867, 40.6793214552083]]}}, {"type": "Feature", "properties": {"name": "White Plains Rd Line", "line": "WHITE PLAINS RD LINE", "color": "#EE352E", "weight": 4, "category": "subway_route"}, "geometry": {"type": "LineString", "coordinates": [[-73.8600816197427, 40.8885197258484], [-73.8596847519398, 40.8892310154668]]}}, {"type": "Feature", "properties": {"name": "Culver/6Th Ave Line", "line": "CULVER/6TH AVE LINE", "color": "#FF6319", "weight": 4, "category": "subway_route"}, "geometry": {"type": "LineString", "coordinates": [[-73.9900362966231, 40.687373361119], [-73.9904680500809, 40.6867378177593]]}}, {"type": "Feature", "properties": {"name": "Culver Line", "line": "CULVER LINE", "color": "#FF6319", "weight": 4, "category": "subway_route"}, "geometry": {"type": "LineString", "coordinates": [[-73.9738913651276, 40.5923126338825], [-73.9741941861057, 40.5901144065083]]}}, {"type": "Feature", "properties": {"name": "Culver Line", "line": "CULVER LINE", "color": "#FF6319", "weight": 4, "category": "subway_route"}, "geometry": {"type": "LineString", "coordinates": [[-73.9744969566765, 40.6167050396776], [-73.9744445694476, 40.616429864677]]}}, {"type": "Feature", "properties": {"name": "New Lots Line", "line": "NEW LOTS LINE", "color": "#EE352E", "weight": 4, "category": "subway_route"}, "geometry": {"type": "LineString", "coordinates": [[-73.9058189645756, 40.6630207798582], [-73.9051742938038, 40.6631137292764]]}}, {"type": "Feature", "properties": {"name": "6Th Ave Line", "line": "6TH AVE LINE", "color": "#FF6319", "weight": 4, "category": "subway_route"}, "geometry": {"type": "LineString", "coordinates": [[-73.9929388516066, 40.7199050239762], [-73.9928970755859, 40.7199803935741]]}}, {"type": "Feature", "properties": {"name": "Manhattan Bridge Line", "line": "MANHATTAN BRIDGE LINE", "color": "#FF6319", "weight": 4, "category": "subway_route"}, "geometry": {"type": "LineString", "coordinates": [[-73.9932283583379, 40.7116968889194], [-73.9927275491819, 40.7107842444955]]}}, {"type": "Feature", "properties": {"name": "Lexington Ave", "line": "LEXINGTON AVE", "color": "#00933C", "weight": 4, "category": "subway_route"}, "geometry": {"type": "LineString", "coordinates": [[-73.9870372239737, 40.7392746241184], [-73.9868504816052, 40.7395300674627]]}}, {"type": "Feature", "properties": {"name": "Jamaica Line", "line": "JAMAICA LINE", "color": "#996633", "weight": 4, "category": "subway_route"}, "geometry": {"type": "LineString", "coordinates": [[-73.8348450119822, 40.6982770222361], [-73.8340677323327, 40.6987031889594]]}}, {"type": "Feature", "properties": {"name": "Crosstown Line", "line": "CROSSTOWN LINE", "color": "#6CBE45", "weight": 4, "category": "subway_route"}, "geometry": {"type": "LineString", "coordinates": [[-73.9517771596166, 40.7150298020366], [-73.9517967331098, 40.7151468047034]]}}, {"type": "Feature", "properties": {"name": "White Plains Rd Line", "line": "WHITE PLAINS RD LINE", "color": "#EE352E", "weight": 4, "category": "subway_route"}, "geometry": {"type": "LineString", "coordinates": [[-73.8838369804186, 40.8394579462332], [-73.8828882165969, 40.8395794585457]]}}, {"type": "Feature", "properties": {"name": "14St/Canarsie Line", "line": "14ST/CANARSIE LINE", "color": "#A7A9AC", "weight": 4, "category": "subway_route"}, "geometry": {"type": "LineString", "coordinates": [[-73.9068471031814, 40.697171788728], [-73.9065247749235, 40.6969843830066]]}}, {"type": "Feature", "properties": {"name": "14St/Canarsie Line", "line": "14ST/CANARSIE LINE", "color": "#A7A9AC", "weight": 4, "category": "subway_route"}, "geometry": {"type": "LineString", "coordinates": [[-73.9050061156081, 40.6961269855542], [-73.90466511468, 40.695940486275]]}}, {"type": "Feature", "properties": {"name": "14St/Canarsie Line", "line": "14ST/CANARSIE LINE", "color": "#A7A9AC", "weight": 4, "category": "subway_route"}, "geometry": {"type": "LineString", "coordinates": [[-73.9075711204371, 40.6975799899462], [-73.9072757919882, 40.6974074296742]]}}, {"type": "Feature", "properties": {"name": "14St/Canarsie Line", "line": "14ST/CANARSIE LINE", "color": "#A7A9AC", "weight": 4, "category": "subway_route"}, "geometry": {"type": "LineString", "coordinates": [[-73.9080237607882, 40.697833648645], [-73.9075711204371, 40.6975799899462]]}}, {"type": "Feature", "properties": {"name": "Rockaway Line", "line": "ROCKAWAY LINE", "color": "#0039A6", "weight": 4, "category": "subway_route"}, "geometry": {"type": "LineString", "coordinates": [[-73.8217527252369, 40.5848816234978], [-73.8224172646232, 40.5846701461978]]}}, {"type": "Feature", "properties": {"name": "Rockaway Line", "line": "ROCKAWAY LINE", "color": "#0039A6", "weight": 4, "category": "subway_route"}, "geometry": {"type": "LineString", "coordinates": [[-73.818548482249, 40.5861090133349], [-73.8193425473838, 40.5857937839561]]}}, {"type": "Feature", "properties": {"name": "Rockaway Line", "line": "ROCKAWAY LINE", "color": "#0039A6", "weight": 4, "category": "subway_route"}, "geometry": {"type": "LineString", "coordinates": [[-73.8173921631928, 40.5865776525847], [-73.8176581446891, 40.586470723265]]}}, {"type": "Feature", "properties": {"name": "Rockaway Line", "line": "ROCKAWAY LINE", "color": "#0039A6", "weight": 4, "category": "subway_route"}, "geometry": {"type": "LineString", "coordinates": [[-73.8122700435581, 40.5885830898146], [-73.8131379279313, 40.5882371178209]]}}, {"type": "Feature", "properties": {"name": "Rockaway Line", "line": "ROCKAWAY LINE", "color": "#0039A6", "weight": 4, "category": "subway_route"}, "geometry": {"type": "LineString", "coordinates": [[-73.8106145993563, 40.5895699519835], [-73.8108008076264, 40.5894055527175], [-73.8109312066114, 40.5893052865365]]}}, {"type": "Feature", "properties": {"name": "Lexington Ave", "line": "LEXINGTON AVE", "color": "#00933C", "weight": 4, "category": "subway_route"}, "geometry": {"type": "LineString", "coordinates": [[-74.0110132867454, 40.7086022607749], [-74.0108476836483, 40.7088057832155]]}}, {"type": "Feature", "properties": {"name": "Broadway/7Th Ave Line", "line": "BROADWAY/7TH AVE LINE", "color": "#EE352E", "weight": 4, "category": "subway_route"}, "geometry": {"type": "LineString", "coordinates": [[-74.006809739663, 40.7197857389336], [-74.0066958638028, 40.7204454501999]]}}, {"type": "Feature", "properties": {"name": "Franklin Ave Shuttle Line", "line": "FRANKLIN AVE SHUTTLE LINE", "color": "#808183", "weight": 4, "category": "subway_route"}, "geometry": {"type": "LineString", "coordinates": [[-73.9565469712375, 40.677806116004], [-73.9562786411105, 40.6785747571658]]}}, {"type": "Feature", "properties": {"name": "Franklin Ave Shuttle Line", "line": "FRANKLIN AVE SHUTTLE LINE", "color": "#808183", "weight": 4, "category": "subway_route"}, "geometry": {"type": "LineString", "coordinates": [[-73.9559855810707, 40.6792916804067], [-73.9559599070537, 40.6793544814199]]}}, {"type": "Feature", "properties": {"name": "4Th Ave Line", "line": "4TH AVE LINE", "color": "#FCCC0A", "weight": 4, "category": "subway_route"}, "geometry": {"type": "LineString", "coordinates": [[-73.9887145185225, 40.6703651384382], [-73.989071370595, 40.6699377162443]]}}, {"type": "Feature", "properties": {"name": "Broadway/7Th Ave Line", "line": "BROADWAY/7TH AVE LINE", "color": "#EE352E", "weight": 4, "category": "subway_route"}, "geometry": {"type": "LineString", "coordinates": [[-74.0079583356974, 40.7171305472898], [-74.0075372410313, 40.7176694769873]]}}, {"type": "Feature", "properties": {"name": "8Th Ave Line", "line": "8TH AVE LINE", "color": "#0039A6", "weight": 4, "category": "subway_route"}, "geometry": {"type": "LineString", "coordinates": [[-74.0066754939776, 40.7165403174723], [-74.0062503215999, 40.7170839522575]]}}, {"type": "Feature", "properties": {"name": "Broadway/7Th Ave Line", "line": "BROADWAY/7TH AVE LINE", "color": "#EE352E", "weight": 4, "category": "subway_route"}, "geometry": {"type": "LineString", "coordinates": [[-74.0057825236461, 40.7256817464663], [-74.0056590723702, 40.7264433492415]]}}, {"type": "Feature", "properties": {"name": "Myrtle Ave Line", "line": "MYRTLE AVE LINE", "color": "#FF6319", "weight": 4, "category": "subway_route"}, "geometry": {"type": "LineString", "coordinates": [[-73.9088450898588, 40.7016920087639], [-73.9080137232028, 40.7025018805722]]}}, {"type": "Feature", "properties": {"name": "Jamaica Line", "line": "JAMAICA LINE", "color": "#996633", "weight": 4, "category": "subway_route"}, "geometry": {"type": "LineString", "coordinates": [[-73.8766172219151, 40.6823992497185], [-73.8753625791716, 40.6827565004158]]}}, {"type": "Feature", "properties": {"name": "Culver Line", "line": "CULVER LINE", "color": "#FF6319", "weight": 4, "category": "subway_route"}, "geometry": {"type": "LineString", "coordinates": [[-73.9748702848213, 40.6186511395223], [-73.9744969566765, 40.6167050396776]]}}, {"type": "Feature", "properties": {"name": "Fulton St Line", "line": "FULTON ST LINE", "color": "#0039A6", "weight": 4, "category": "subway_route"}, "geometry": {"type": "LineString", "coordinates": [[-73.8568326212647, 40.679517575885], [-73.8565353537955, 40.6795359633944]]}}, {"type": "Feature", "properties": {"name": "Jamaica Line", "line": "JAMAICA LINE", "color": "#996633", "weight": 4, "category": "subway_route"}, "geometry": {"type": "LineString", "coordinates": [[-73.9440063206205, 40.7019700308271], [-73.9438260181406, 40.7018702475]]}}, {"type": "Feature", "properties": {"name": "Fulton St Line", "line": "FULTON ST LINE", "color": "#0039A6", "weight": 4, "category": "subway_route"}, "geometry": {"type": "LineString", "coordinates": [[-73.8449258033153, 40.6802829259472], [-73.8447489589048, 40.6802962423301]]}}, {"type": "Feature", "properties": {"name": "6Th Ave Line", "line": "6TH AVE LINE", "color": "#FF6319", "weight": 4, "category": "subway_route"}, "geometry": {"type": "LineString", "coordinates": [[-73.9855743475255, 40.6984552772106], [-73.9854916106765, 40.6982980422628]]}}, {"type": "Feature", "properties": {"name": "8Th Ave Line", "line": "8TH AVE LINE", "color": "#0039A6", "weight": 4, "category": "subway_route"}, "geometry": {"type": "LineString", "coordinates": [[-74.0101229773199, 40.7120929358275], [-74.0096694244988, 40.7127328097131]]}}, {"type": "Feature", "properties": {"name": "Lexington Ave", "line": "LEXINGTON AVE", "color": "#00933C", "weight": 4, "category": "subway_route"}, "geometry": {"type": "LineString", "coordinates": [[-74.0031824883901, 40.714714790246], [-74.0030307945001, 40.7155933058017]]}}, {"type": "Feature", "properties": {"name": "Staten Island Rwy Line", "line": "STATEN ISLAND RWY LINE", "color": "#0039A6", "weight": 4, "category": "subway_route"}, "geometry": {"type": "LineString", "coordinates": [[-74.1561241055736, 40.6339365017385], [-74.1570311131106, 40.6338676223002]]}}, {"type": "Feature", "properties": {"name": "Staten Island Rwy Line", "line": "STATEN ISLAND RWY LINE", "color": "#0039A6", "weight": 4, "category": "subway_route"}, "geometry": {"type": "LineString", "coordinates": [[-74.1167570881395, 40.6415317539906], [-74.1180684370639, 40.6413061404929]]}}, {"type": "Feature", "properties": {"name": "Staten Island Rwy Line", "line": "STATEN ISLAND RWY LINE", "color": "#0039A6", "weight": 4, "category": "subway_route"}, "geometry": {"type": "LineString", "coordinates": [[-74.1089219496312, 40.6454883709655], [-74.1096106740918, 40.6454116859454]]}}, {"type": "Feature", "properties": {"name": "Staten Island Rwy Line", "line": "STATEN ISLAND RWY LINE", "color": "#0039A6", "weight": 4, "category": "subway_route"}, "geometry": {"type": "LineString", "coordinates": [[-74.1271490809981, 40.6393192775149], [-74.1276846005804, 40.6392866616856]]}}, {"type": "Feature", "properties": {"name": "Staten Island Rwy Line", "line": "STATEN ISLAND RWY LINE", "color": "#0039A6", "weight": 4, "category": "subway_route"}, "geometry": {"type": "LineString", "coordinates": [[-74.1751133851506, 40.632479350001], [-74.1783697943114, 40.631231039647]]}}, {"type": "Feature", "properties": {"name": "Staten Island Rwy Line", "line": "STATEN ISLAND RWY LINE", "color": "#0039A6", "weight": 4, "category": "subway_route"}, "geometry": {"type": "LineString", "coordinates": [[-74.1821325908979, 40.6297775882848], [-74.1823843436742, 40.6296499009843], [-74.1826261341737, 40.6295104273717], [-74.1828565686372, 40.6293598736829], [-74.1830743592427, 40.6291990766659], [-74.1832783704506, 40.6290289844062]]}}, {"type": "Feature", "properties": {"name": "Broadway Line", "line": "BROADWAY LINE", "color": "#FCCC0A", "weight": 4, "category": "subway_route"}, "geometry": {"type": "LineString", "coordinates": [[-74.0128798181962, 40.702672738734], [-74.012828012825, 40.702416864112]]}}, {"type": "Feature", "properties": {"name": "8Th Ave Line", "line": "8TH AVE LINE", "color": "#0039A6", "weight": 4, "category": "subway_route"}, "geometry": {"type": "LineString", "coordinates": [[-74.0088332629212, 40.7138041872097], [-74.0083882103146, 40.7143705335284]]}}, {"type": "Feature", "properties": {"name": "8Th Ave Line", "line": "8TH AVE LINE", "color": "#0039A6", "weight": 4, "category": "subway_route"}, "geometry": {"type": "LineString", "coordinates": [[-74.0020333239092, 40.7381387053993], [-74.0023967836204, 40.7387705475451]]}}, {"type": "Feature", "properties": {"name": "8Th Ave Line", "line": "8TH AVE LINE", "color": "#0039A6", "weight": 4, "category": "subway_route"}, "geometry": {"type": "LineString", "coordinates": [[-74.0017692801877, 40.7376831702382], [-74.0020333239092, 40.7381387053993]]}}, {"type": "Feature", "properties": {"name": "Nassau St Line", "line": "NASSAU ST LINE", "color": "#996633", "weight": 4, "category": "subway_route"}, "geometry": {"type": "LineString", "coordinates": [[-73.9957530229539, 40.7209016838815], [-73.9965759215084, 40.7211809685879]]}}, {"type": "Feature", "properties": {"name": "Lexington Ave", "line": "LEXINGTON AVE", "color": "#00933C", "weight": 4, "category": "subway_route"}, "geometry": {"type": "LineString", "coordinates": [[-73.9579375355883, 40.7762839204475], [-73.9574725763965, 40.7769190813718]]}}, {"type": "Feature", "properties": {"name": "63Rd St Line", "line": "63RD ST LINE", "color": "#FF6319", "weight": 4, "category": "subway_route"}, "geometry": {"type": "LineString", "coordinates": [[-73.9680787177904, 40.7654657540703], [-73.9679756627711, 40.765421258438]]}}, {"type": "Feature", "properties": {"name": "Queens Blvd Line", "line": "QUEENS BLVD LINE", "color": "#FF6319", "weight": 4, "category": "subway_route"}, "geometry": {"type": "LineString", "coordinates": [[-73.9301556021488, 40.7520203745151], [-73.9291435198059, 40.7520397838289]]}}, {"type": "Feature", "properties": {"name": "Jamaica Line", "line": "JAMAICA LINE", "color": "#996633", "weight": 4, "category": "subway_route"}, "geometry": {"type": "LineString", "coordinates": [[-73.8469611489338, 40.6949348625025], [-73.8464413379931, 40.695034000679]]}}, {"type": "Feature", "properties": {"name": "Fulton St Line", "line": "FULTON ST LINE", "color": "#0039A6", "weight": 4, "category": "subway_route"}, "geometry": {"type": "LineString", "coordinates": [[-73.8487915369575, 40.6800176752805], [-73.8478372395081, 40.6800739872347]]}}, {"type": "Feature", "properties": {"name": "Jamaica Line", "line": "JAMAICA LINE", "color": "#996633", "weight": 4, "category": "subway_route"}, "geometry": {"type": "LineString", "coordinates": [[-73.949839168783, 40.70523726165], [-73.9494719660599, 40.7050272588384]]}}, {"type": "Feature", "properties": {"name": "Crosstown Line", "line": "CROSSTOWN LINE", "color": "#6CBE45", "weight": 4, "category": "subway_route"}, "geometry": {"type": "LineString", "coordinates": [[-73.9518256829562, 40.7153243072864], [-73.9518437179459, 40.7154503098503]]}}, {"type": "Feature", "properties": {"name": "Fulton St Line", "line": "FULTON ST LINE", "color": "#0039A6", "weight": 4, "category": "subway_route"}, "geometry": {"type": "LineString", "coordinates": [[-73.9348733848332, 40.6796013232613], [-73.934351940489, 40.6795716430815]]}}, {"type": "Feature", "properties": {"name": "West End Line", "line": "WEST END LINE", "color": "#FF6319", "weight": 4, "category": "subway_route"}, "geometry": {"type": "LineString", "coordinates": [[-73.9983907424322, 40.6212676794024], [-73.9985967263121, 40.6205099119028]]}}, {"type": "Feature", "properties": {"name": "4Th Ave Line", "line": "4TH AVE LINE", "color": "#FCCC0A", "weight": 4, "category": "subway_route"}, "geometry": {"type": "LineString", "coordinates": [[-73.9962771050682, 40.6621489094439], [-73.9968483946111, 40.6616002236983]]}}, {"type": "Feature", "properties": {"name": "Pelham Line", "line": "PELHAM LINE", "color": "#00933C", "weight": 4, "category": "subway_route"}, "geometry": {"type": "LineString", "coordinates": [[-73.9111792410302, 40.8053141767455], [-73.9105536140006, 40.8056013574287]]}}, {"type": "Feature", "properties": {"name": "Eastern Pky Line", "line": "EASTERN PKY LINE", "color": "#00933C", "weight": 4, "category": "subway_route"}, "geometry": {"type": "LineString", "coordinates": [[-73.9798418495713, 40.6873525666029], [-73.9795916679732, 40.6870121373533]]}}, {"type": "Feature", "properties": {"name": "Concourse Line", "line": "CONCOURSE LINE", "color": "#FF6319", "weight": 4, "category": "subway_route"}, "geometry": {"type": "LineString", "coordinates": [[-73.9036650503333, 40.8523642696282], [-73.9036437712767, 40.8523912393925]]}}, {"type": "Feature", "properties": {"name": "4Th Ave Line", "line": "4TH AVE LINE", "color": "#FCCC0A", "weight": 4, "category": "subway_route"}, "geometry": {"type": "LineString", "coordinates": [[-74.0213210880118, 40.6380566864394], [-74.0213764899893, 40.638006760529]]}}, {"type": "Feature", "properties": {"name": "Concourse Line", "line": "CONCOURSE LINE", "color": "#FF6319", "weight": 4, "category": "subway_route"}, "geometry": {"type": "LineString", "coordinates": [[-73.9013025414932, 40.8553117612796], [-73.9011671847736, 40.8555039453799]]}}, {"type": "Feature", "properties": {"name": "Fulton St Line", "line": "FULTON ST LINE", "color": "#0039A6", "weight": 4, "category": "subway_route"}, "geometry": {"type": "LineString", "coordinates": [[-73.9515581080965, 40.6805070822183], [-73.9512057231286, 40.6804909999387]]}}, {"type": "Feature", "properties": {"name": "6Th Ave Line", "line": "6TH AVE LINE", "color": "#FF6319", "weight": 4, "category": "subway_route"}, "geometry": {"type": "LineString", "coordinates": [[-73.9865039397595, 40.700111900317], [-73.9863937509185, 40.6999183226453]]}}, {"type": "Feature", "properties": {"name": "Jamaica Line", "line": "JAMAICA LINE", "color": "#996633", "weight": 4, "category": "subway_route"}, "geometry": {"type": "LineString", "coordinates": [[-73.8521662081067, 40.6936695994644], [-73.8520664254388, 40.6937066891901]]}}, {"type": "Feature", "properties": {"name": "Broadway/7Th Ave Line", "line": "BROADWAY/7TH AVE LINE", "color": "#EE352E", "weight": 4, "category": "subway_route"}, "geometry": {"type": "LineString", "coordinates": [[-73.9349226423365, 40.847701596461], [-73.9348780307172, 40.8477626875771]]}}, {"type": "Feature", "properties": {"name": "Clark St Line", "line": "CLARK ST LINE", "color": "#EE352E", "weight": 4, "category": "subway_route"}, "geometry": {"type": "LineString", "coordinates": [[-74.0079605623874, 40.7032061890959], [-74.0078561319618, 40.7031160269318]]}}, {"type": "Feature", "properties": {"name": "Jerome Ave Line", "line": "JEROME AVE LINE", "color": "#00933C", "weight": 4, "category": "subway_route"}, "geometry": {"type": "LineString", "coordinates": [[-73.9141620420986, 40.8451860240499], [-73.9141283844937, 40.8452371833525]]}}, {"type": "Feature", "properties": {"name": "Queens Blvd Line", "line": "QUEENS BLVD LINE", "color": "#FF6319", "weight": 4, "category": "subway_route"}, "geometry": {"type": "LineString", "coordinates": [[-73.9376595323608, 40.7488284503499], [-73.9373978185207, 40.7489246890848]]}}, {"type": "Feature", "properties": {"name": "Jamaica Line", "line": "JAMAICA LINE", "color": "#996633", "weight": 4, "category": "subway_route"}, "geometry": {"type": "LineString", "coordinates": [[-73.8523989505647, 40.6935831518739], [-73.8522627930128, 40.6936337207929]]}}, {"type": "Feature", "properties": {"name": "6Th Ave Line", "line": "6TH AVE LINE", "color": "#FF6319", "weight": 4, "category": "subway_route"}, "geometry": {"type": "LineString", "coordinates": [[-73.9867951229157, 40.7006414606426], [-73.9866845991959, 40.7004429408348]]}}, {"type": "Feature", "properties": {"name": "New Lots Line", "line": "NEW LOTS LINE", "color": "#EE352E", "weight": 4, "category": "subway_route"}, "geometry": {"type": "LineString", "coordinates": [[-73.9231834337838, 40.6652342522703], [-73.9228798732339, 40.6649603319451]]}}, {"type": "Feature", "properties": {"name": "Lexington Ave", "line": "LEXINGTON AVE", "color": "#00933C", "weight": 4, "category": "subway_route"}, "geometry": {"type": "LineString", "coordinates": [[-74.0108476836483, 40.7088057832155], [-74.0105437666839, 40.709162386989]]}}, {"type": "Feature", "properties": {"name": "Broadway/7Th Ave Line", "line": "BROADWAY/7TH AVE LINE", "color": "#EE352E", "weight": 4, "category": "subway_route"}, "geometry": {"type": "LineString", "coordinates": [[-74.0060419645503, 40.7244113664543], [-74.0058960635991, 40.7250341392214]]}}, {"type": "Feature", "properties": {"name": "8Th Ave Line", "line": "8TH AVE LINE", "color": "#0039A6", "weight": 4, "category": "subway_route"}, "geometry": {"type": "LineString", "coordinates": [[-73.9998495364748, 40.7434332649492], [-73.9994173441092, 40.7440152512426]]}}, {"type": "Feature", "properties": {"name": "Houston/Essex St Line", "line": "HOUSTON/ESSEX ST LINE", "color": "#FF6319", "weight": 4, "category": "subway_route"}, "geometry": {"type": "LineString", "coordinates": [[-73.999119546431, 40.7265505552442], [-73.9999170917057, 40.7269429556397]]}}, {"type": "Feature", "properties": {"name": "8Th Ave Line", "line": "8TH AVE LINE", "color": "#0039A6", "weight": 4, "category": "subway_route"}, "geometry": {"type": "LineString", "coordinates": [[-73.980113111292, 40.7705366206419], [-73.9796536295855, 40.7711635791424]]}}, {"type": "Feature", "properties": {"name": "Broadway Line", "line": "BROADWAY LINE", "color": "#FCCC0A", "weight": 4, "category": "subway_route"}, "geometry": {"type": "LineString", "coordinates": [[-73.9877803964692, 40.7506689617566], [-73.9876458348728, 40.7514274793443]]}}, {"type": "Feature", "properties": {"name": "Broadway Line", "line": "BROADWAY LINE", "color": "#FCCC0A", "weight": 4, "category": "subway_route"}, "geometry": {"type": "LineString", "coordinates": [[-73.9919219946481, 40.7311745415669], [-73.9914610081579, 40.7317464028288]]}}, {"type": "Feature", "properties": {"name": "Lenox Ave Line", "line": "LENOX AVE LINE", "color": "#EE352E", "weight": 4, "category": "subway_route"}, "geometry": {"type": "LineString", "coordinates": [[-73.9501878114016, 40.8013399829923], [-73.9496814394281, 40.8020316435726]]}}, {"type": "Feature", "properties": {"name": "Broadway/7Th Ave Line", "line": "BROADWAY/7TH AVE LINE", "color": "#EE352E", "weight": 4, "category": "subway_route"}, "geometry": {"type": "LineString", "coordinates": [[-73.9620568784472, 40.8105415348852], [-73.9615706726245, 40.8112136229168]]}}, {"type": "Feature", "properties": {"name": "8Th Ave Line", "line": "8TH AVE LINE", "color": "#0039A6", "weight": 4, "category": "subway_route"}, "geometry": {"type": "LineString", "coordinates": [[-73.9580152218712, 40.8008075976785], [-73.9576966974006, 40.801239605587]]}}, {"type": "Feature", "properties": {"name": "Queens Blvd Line", "line": "QUEENS BLVD LINE", "color": "#FF6319", "weight": 4, "category": "subway_route"}, "geometry": {"type": "LineString", "coordinates": [[-73.8127818340736, 40.7048822075561], [-73.8119056004099, 40.705132184303]]}}, {"type": "Feature", "properties": {"name": "Queens Blvd Line", "line": "QUEENS BLVD LINE", "color": "#FF6319", "weight": 4, "category": "subway_route"}, "geometry": {"type": "LineString", "coordinates": [[-73.9312663472865, 40.7520007721417], [-73.9301556021488, 40.7520203745151]]}}, {"type": "Feature", "properties": {"name": "Broadway/7Th Ave Line", "line": "BROADWAY/7TH AVE LINE", "color": "#EE352E", "weight": 4, "category": "subway_route"}, "geometry": {"type": "LineString", "coordinates": [[-73.9170446453245, 40.8670345016852], [-73.9165892176756, 40.8676412204287]]}}, {"type": "Feature", "properties": {"name": "8Th Ave Line", "line": "8TH AVE LINE", "color": "#0039A6", "weight": 4, "category": "subway_route"}, "geometry": {"type": "LineString", "coordinates": [[-73.940885238592, 40.8323883422181], [-73.9406541144009, 40.8331063364744]]}}, {"type": "Feature", "properties": {"name": "Jamaica Line", "line": "JAMAICA LINE", "color": "#996633", "weight": 4, "category": "subway_route"}, "geometry": {"type": "LineString", "coordinates": [[-73.8621493765345, 40.6921586802732], [-73.8608968681329, 40.6923262089272]]}}, {"type": "Feature", "properties": {"name": "4Th Ave Line", "line": "4TH AVE LINE", "color": "#FCCC0A", "weight": 4, "category": "subway_route"}, "geometry": {"type": "LineString", "coordinates": [[-74.000345194869, 40.6582386826954], [-74.0009257470899, 40.6576755234352]]}}, {"type": "Feature", "properties": {"name": "Eastern Pky Line", "line": "EASTERN PKY LINE", "color": "#00933C", "weight": 4, "category": "subway_route"}, "geometry": {"type": "LineString", "coordinates": [[-73.9366582963482, 40.669108803662], [-73.9338890117723, 40.668958678506]]}}, {"type": "Feature", "properties": {"name": "8Th Ave Line", "line": "8TH AVE LINE", "color": "#0039A6", "weight": 4, "category": "subway_route"}, "geometry": {"type": "LineString", "coordinates": [[-73.9871058561829, 40.6960622399891], [-73.9871610198036, 40.6949768937706]]}}, {"type": "Feature", "properties": {"name": "Pelham Line", "line": "PELHAM LINE", "color": "#00933C", "weight": 4, "category": "subway_route"}, "geometry": {"type": "LineString", "coordinates": [[-73.8322794594261, 40.8470154789014], [-73.8315071693381, 40.8476678060882]]}}, {"type": "Feature", "properties": {"name": "Culver Line", "line": "CULVER LINE", "color": "#FF6319", "weight": 4, "category": "subway_route"}, "geometry": {"type": "LineString", "coordinates": [[-73.9746503204338, 40.580039750335], [-73.9746537028249, 40.5799808366539]]}}, {"type": "Feature", "properties": {"name": "Pelham Line", "line": "PELHAM LINE", "color": "#00933C", "weight": 4, "category": "subway_route"}, "geometry": {"type": "LineString", "coordinates": [[-73.9285426912313, 40.8120454863398], [-73.928125964973, 40.8117328267546]]}}, {"type": "Feature", "properties": {"name": "Pelham Line", "line": "PELHAM LINE", "color": "#00933C", "weight": 4, "category": "subway_route"}, "geometry": {"type": "LineString", "coordinates": [[-73.898950445796, 40.8136957532919], [-73.8976465545281, 40.8149430443969]]}}, {"type": "Feature", "properties": {"name": "Jamaica Line", "line": "JAMAICA LINE", "color": "#996633", "weight": 4, "category": "subway_route"}, "geometry": {"type": "LineString", "coordinates": [[-73.9004648836728, 40.6771305426008], [-73.9001499096296, 40.6769575524888]]}}, {"type": "Feature", "properties": {"name": "Lexington Ave", "line": "LEXINGTON AVE", "color": "#00933C", "weight": 4, "category": "subway_route"}, "geometry": {"type": "LineString", "coordinates": [[-74.0117038013917, 40.7077639516873], [-74.0112496517558, 40.7083129398999]]}}, {"type": "Feature", "properties": {"name": "Fulton St Line", "line": "FULTON ST LINE", "color": "#0039A6", "weight": 4, "category": "subway_route"}, "geometry": {"type": "LineString", "coordinates": [[-73.8867291829148, 40.6732567363392], [-73.8858426810857, 40.6733879571352]]}}, {"type": "Feature", "properties": {"name": "Lexington Ave", "line": "LEXINGTON AVE", "color": "#00933C", "weight": 4, "category": "subway_route"}, "geometry": {"type": "LineString", "coordinates": [[-74.0028085348571, 40.7158944325566], [-74.0025593602186, 40.7161890138605]]}}, {"type": "Feature", "properties": {"name": "Broadway/7Th Ave Line", "line": "BROADWAY/7TH AVE LINE", "color": "#EE352E", "weight": 4, "category": "subway_route"}, "geometry": {"type": "LineString", "coordinates": [[-74.0010952582572, 40.7365684772921], [-74.0006485618799, 40.7372377727963]]}}, {"type": "Feature", "properties": {"name": "8Th Ave Line", "line": "8TH AVE LINE", "color": "#0039A6", "weight": 4, "category": "subway_route"}, "geometry": {"type": "LineString", "coordinates": [[-74.0007040557142, 40.7422618564491], [-74.0002764801382, 40.7428470436091]]}}, {"type": "Feature", "properties": {"name": "Lexington Ave", "line": "LEXINGTON AVE", "color": "#00933C", "weight": 4, "category": "subway_route"}, "geometry": {"type": "LineString", "coordinates": [[-73.9737353984678, 40.7546270221401], [-73.9732768906378, 40.7552517867584]]}}, {"type": "Feature", "properties": {"name": "8Th Ave Line", "line": "8TH AVE LINE", "color": "#0039A6", "weight": 4, "category": "subway_route"}, "geometry": {"type": "LineString", "coordinates": [[-73.9828784315572, 40.7667238462608], [-73.9823648364374, 40.7673963249403]]}}, {"type": "Feature", "properties": {"name": "Flushing Line", "line": "FLUSHING LINE", "color": "#B933AD", "weight": 4, "category": "subway_route"}, "geometry": {"type": "LineString", "coordinates": [[-73.8746307240093, 40.7486221790608], [-73.8739841977588, 40.7486939191463]]}}, {"type": "Feature", "properties": {"name": "Flushing Line", "line": "FLUSHING LINE", "color": "#B933AD", "weight": 4, "category": "subway_route"}, "geometry": {"type": "LineString", "coordinates": [[-73.9453182971543, 40.7469246534866], [-73.9455307501635, 40.746231219426]]}}, {"type": "Feature", "properties": {"name": "Concourse Line", "line": "CONCOURSE LINE", "color": "#FF6319", "weight": 4, "category": "subway_route"}, "geometry": {"type": "LineString", "coordinates": [[-73.9131328415925, 40.8398188079727], [-73.9129612875717, 40.8402044954529]]}}, {"type": "Feature", "properties": {"name": "Jamaica Line", "line": "JAMAICA LINE", "color": "#996633", "weight": 4, "category": "subway_route"}, "geometry": {"type": "LineString", "coordinates": [[-73.9285078713661, 40.6931739647706], [-73.9280428705308, 40.6929138478989]]}}, {"type": "Feature", "properties": {"name": "6Th Ave Line", "line": "6TH AVE LINE", "color": "#FF6319", "weight": 4, "category": "subway_route"}, "geometry": {"type": "LineString", "coordinates": [[-73.9945939477044, 40.7404502264579], [-73.994162081866, 40.7410370674705]]}}, {"type": "Feature", "properties": {"name": "Broadway/7Th Ave Line", "line": "BROADWAY/7TH AVE LINE", "color": "#EE352E", "weight": 4, "category": "subway_route"}, "geometry": {"type": "LineString", "coordinates": [[-73.9452890145456, 40.8335092219945], [-73.9448807077062, 40.8340680458837]]}}, {"type": "Feature", "properties": {"name": "Lexington Ave", "line": "LEXINGTON AVE", "color": "#00933C", "weight": 4, "category": "subway_route"}, "geometry": {"type": "LineString", "coordinates": [[-73.9528022980891, 40.7833170784569], [-73.9523422448066, 40.7839453131453]]}}, {"type": "Feature", "properties": {"name": "63Rd St Line", "line": "63RD ST LINE", "color": "#FF6319", "weight": 4, "category": "subway_route"}, "geometry": {"type": "LineString", "coordinates": [[-73.9711865023845, 40.7667785411895], [-73.9695857066983, 40.7660991167622]]}}, {"type": "Feature", "properties": {"name": "Broadway/7Th Ave Line", "line": "BROADWAY/7TH AVE LINE", "color": "#EE352E", "weight": 4, "category": "subway_route"}, "geometry": {"type": "LineString", "coordinates": [[-73.971785541823, 40.7946592000125], [-73.9712888374407, 40.7953345065558]]}}, {"type": "Feature", "properties": {"name": "Flushing Line", "line": "FLUSHING LINE", "color": "#B933AD", "weight": 4, "category": "subway_route"}, "geometry": {"type": "LineString", "coordinates": [[-73.9298279435736, 40.7444613316289], [-73.928901370898, 40.7443543148206]]}}, {"type": "Feature", "properties": {"name": "8Th Ave Line", "line": "8TH AVE LINE", "color": "#0039A6", "weight": 4, "category": "subway_route"}, "geometry": {"type": "LineString", "coordinates": [[-73.9425057780258, 40.8280499411543], [-73.9422119674719, 40.8287361064997]]}}, {"type": "Feature", "properties": {"name": "Lenox Ave Line", "line": "LENOX AVE LINE", "color": "#EE352E", "weight": 4, "category": "subway_route"}, "geometry": {"type": "LineString", "coordinates": [[-73.9362282295977, 40.8204465182065], [-73.9357454839755, 40.8211139228842]]}}, {"type": "Feature", "properties": {"name": "Flushing Line", "line": "FLUSHING LINE", "color": "#B933AD", "weight": 4, "category": "subway_route"}, "geometry": {"type": "LineString", "coordinates": [[-73.8917517544893, 40.7468199768517], [-73.8914325520064, 40.7468529861862]]}}, {"type": "Feature", "properties": {"name": "Jerome Ave Line", "line": "JEROME AVE LINE", "color": "#00933C", "weight": 4, "category": "subway_route"}, "geometry": {"type": "LineString", "coordinates": [[-73.9050874179196, 40.8564191015744], [-73.9046849905061, 40.857068573237]]}}, {"type": "Feature", "properties": {"name": "Pelham Line", "line": "PELHAM LINE", "color": "#00933C", "weight": 4, "category": "subway_route"}, "geometry": {"type": "LineString", "coordinates": [[-73.8405650081138, 40.8414414626281], [-73.8400795081637, 40.841698466906]]}}, {"type": "Feature", "properties": {"name": "Nostrand Ave Line", "line": "NOSTRAND AVE LINE", "color": "#EE352E", "weight": 4, "category": "subway_route"}, "geometry": {"type": "LineString", "coordinates": [[-73.9510049530584, 40.6646913655138], [-73.9509753809699, 40.6639130997493]]}}, {"type": "Feature", "properties": {"name": "White Plains Rd Line", "line": "WHITE PLAINS RD LINE", "color": "#EE352E", "weight": 4, "category": "subway_route"}, "geometry": {"type": "LineString", "coordinates": [[-73.8635944987082, 40.8821722596749], [-73.8631938543468, 40.8828894231116]]}}, {"type": "Feature", "properties": {"name": "West End Line", "line": "WEST END LINE", "color": "#FF6319", "weight": 4, "category": "subway_route"}, "geometry": {"type": "LineString", "coordinates": [[-73.9934871278661, 40.644068341732], [-73.9940783964831, 40.6435103856601]]}}, {"type": "Feature", "properties": {"name": "4Th Ave Line", "line": "4TH AVE LINE", "color": "#FCCC0A", "weight": 4, "category": "subway_route"}, "geometry": {"type": "LineString", "coordinates": [[-73.9912352897579, 40.6673438846129], [-73.9917349455616, 40.6667448260328]]}}, {"type": "Feature", "properties": {"name": "White Plains Rd Line", "line": "WHITE PLAINS RD LINE", "color": "#EE352E", "weight": 4, "category": "subway_route"}, "geometry": {"type": "LineString", "coordinates": [[-73.9110143512692, 40.8159845755775], [-73.9101349813361, 40.8159403727046]]}}, {"type": "Feature", "properties": {"name": "White Plains Rd Line", "line": "WHITE PLAINS RD LINE", "color": "#EE352E", "weight": 4, "category": "subway_route"}, "geometry": {"type": "LineString", "coordinates": [[-73.9125286991547, 40.8161089097568], [-73.9119435998844, 40.8160556899925]]}}, {"type": "Feature", "properties": {"name": "Concourse Line", "line": "CONCOURSE LINE", "color": "#FF6319", "weight": 4, "category": "subway_route"}, "geometry": {"type": "LineString", "coordinates": [[-73.9085202806286, 40.8470472862533], [-73.9082151515077, 40.8472741009148]]}}, {"type": "Feature", "properties": {"name": "Culver Line", "line": "CULVER LINE", "color": "#FF6319", "weight": 4, "category": "subway_route"}, "geometry": {"type": "LineString", "coordinates": [[-73.9734769707765, 40.5952642824137], [-73.9736635727251, 40.5939310378047]]}}, {"type": "Feature", "properties": {"name": "Culver Line", "line": "CULVER LINE", "color": "#FF6319", "weight": 4, "category": "subway_route"}, "geometry": {"type": "LineString", "coordinates": [[-73.9766973301465, 40.6283627882124], [-73.9765790432365, 40.6275814101694]]}}, {"type": "Feature", "properties": {"name": "Eastern Pky Line", "line": "EASTERN PKY LINE", "color": "#00933C", "weight": 4, "category": "subway_route"}, "geometry": {"type": "LineString", "coordinates": [[-73.9782754507159, 40.6852041869586], [-73.978078586512, 40.6849231750256]]}}, {"type": "Feature", "properties": {"name": "Fulton St Line", "line": "FULTON ST LINE", "color": "#0039A6", "weight": 4, "category": "subway_route"}, "geometry": {"type": "LineString", "coordinates": [[-73.9636648629784, 40.6828148686022], [-73.9626456873693, 40.6826025008561]]}}, {"type": "Feature", "properties": {"name": "Crosstown Line", "line": "CROSSTOWN LINE", "color": "#6CBE45", "weight": 4, "category": "subway_route"}, "geometry": {"type": "LineString", "coordinates": [[-73.9511169404296, 40.7109648606503], [-73.9512366477213, 40.7117010343396]]}}, {"type": "Feature", "properties": {"name": "West End Line", "line": "WEST END LINE", "color": "#FF6319", "weight": 4, "category": "subway_route"}, "geometry": {"type": "LineString", "coordinates": [[-73.9960564189512, 40.6032829062942], [-73.9953217448974, 40.6028365714617]]}}, {"type": "Feature", "properties": {"name": "4Th Ave Line", "line": "4TH AVE LINE", "color": "#FCCC0A", "weight": 4, "category": "subway_route"}, "geometry": {"type": "LineString", "coordinates": [[-73.9991767054347, 40.6593571668574], [-73.999760772582, 40.6587952899717]]}}, {"type": "Feature", "properties": {"name": "West End Line", "line": "WEST END LINE", "color": "#FF6319", "weight": 4, "category": "subway_route"}, "geometry": {"type": "LineString", "coordinates": [[-73.9850626522235, 40.5956791355757], [-73.9850166129275, 40.5954218321378]]}}, {"type": "Feature", "properties": {"name": "Pelham Line", "line": "PELHAM LINE", "color": "#00933C", "weight": 4, "category": "subway_route"}, "geometry": {"type": "LineString", "coordinates": [[-73.854652615874, 40.8338962948136], [-73.8534722493936, 40.8340231853895]]}}, {"type": "Feature", "properties": {"name": "Houston/Essex St Line", "line": "HOUSTON/ESSEX ST LINE", "color": "#FF6319", "weight": 4, "category": "subway_route"}, "geometry": {"type": "LineString", "coordinates": [[-73.9867491163302, 40.7015347379781], [-73.9867846116232, 40.7011279358092]]}}, {"type": "Feature", "properties": {"name": "Eastern Pky Line", "line": "EASTERN PKY LINE", "color": "#00933C", "weight": 4, "category": "subway_route"}, "geometry": {"type": "LineString", "coordinates": [[-73.989106711494, 40.6921615497237], [-73.9890307416875, 40.6921320972157]]}}, {"type": "Feature", "properties": {"name": "White Plains Rd Line", "line": "WHITE PLAINS RD LINE", "color": "#EE352E", "weight": 4, "category": "subway_route"}, "geometry": {"type": "LineString", "coordinates": [[-73.860863079973, 40.8871050149363], [-73.8604536019438, 40.8878117360526]]}}, {"type": "Feature", "properties": {"name": "Culver/6Th Ave Line", "line": "CULVER/6TH AVE LINE", "color": "#FF6319", "weight": 4, "category": "subway_route"}, "geometry": {"type": "LineString", "coordinates": [[-73.9909013269408, 40.6860964536129], [-73.991333792, 40.6854566410395]]}}, {"type": "Feature", "properties": {"name": "Culver Line", "line": "CULVER LINE", "color": "#FF6319", "weight": 4, "category": "subway_route"}, "geometry": {"type": "LineString", "coordinates": [[-73.9725666213437, 40.6018025919081], [-73.9729124526275, 40.5993240220836]]}}, {"type": "Feature", "properties": {"name": "Jerome Ave Line", "line": "JEROME AVE LINE", "color": "#00933C", "weight": 4, "category": "subway_route"}, "geometry": {"type": "LineString", "coordinates": [[-73.9111236011178, 40.8494263676968], [-73.9106959145891, 40.8500273679648]]}}, {"type": "Feature", "properties": {"name": "Pelham Line", "line": "PELHAM LINE", "color": "#00933C", "weight": 4, "category": "subway_route"}, "geometry": {"type": "LineString", "coordinates": [[-73.8345248762457, 40.8452881433548], [-73.8342145105747, 40.8455186476861]]}}, {"type": "Feature", "properties": {"name": "Crosstown Line", "line": "CROSSTOWN LINE", "color": "#6CBE45", "weight": 4, "category": "subway_route"}, "geometry": {"type": "LineString", "coordinates": [[-73.956993307575, 40.6892369518638], [-73.9560699692124, 40.6893426835516]]}}, {"type": "Feature", "properties": {"name": "Houston/Essex St Line", "line": "HOUSTON/ESSEX ST LINE", "color": "#FF6319", "weight": 4, "category": "subway_route"}, "geometry": {"type": "LineString", "coordinates": [[-73.9867858059274, 40.7010706273859], [-73.9867870002295, 40.7010133189622]]}}, {"type": "Feature", "properties": {"name": "Manhattan Bridge Line", "line": "MANHATTAN BRIDGE LINE", "color": "#FF6319", "weight": 4, "category": "subway_route"}, "geometry": {"type": "LineString", "coordinates": [[-73.9873478242736, 40.7011698907825], [-73.9873209501958, 40.7011235117592]]}}, {"type": "Feature", "properties": {"name": "6Th Ave Line", "line": "6TH AVE LINE", "color": "#FF6319", "weight": 4, "category": "subway_route"}, "geometry": {"type": "LineString", "coordinates": [[-73.9881937951406, 40.7031550427909], [-73.9881633474424, 40.7031021880131], [-73.9880752677131, 40.7029542162104], [-73.987958304811, 40.7027362620184], [-73.9878152376236, 40.7024712441994]]}}, {"type": "Feature", "properties": {"name": "New Lots Line", "line": "NEW LOTS LINE", "color": "#EE352E", "weight": 4, "category": "subway_route"}, "geometry": {"type": "LineString", "coordinates": [[-73.9107763990481, 40.6622862320561], [-73.9098575915853, 40.6624195938682]]}}, {"type": "Feature", "properties": {"name": "Queens Blvd Line", "line": "QUEENS BLVD LINE", "color": "#FF6319", "weight": 4, "category": "subway_route"}, "geometry": {"type": "LineString", "coordinates": [[-73.868122610138, 40.7326262236657], [-73.8680512943929, 40.7325919949977]]}}, {"type": "Feature", "properties": {"name": "Jamaica Line", "line": "JAMAICA LINE", "color": "#996633", "weight": 4, "category": "subway_route"}, "geometry": {"type": "LineString", "coordinates": [[-73.8972429597432, 40.6772144034632], [-73.8962190000359, 40.6773664196241]]}}, {"type": "Feature", "properties": {"name": "Broadway Line", "line": "BROADWAY LINE", "color": "#FCCC0A", "weight": 4, "category": "subway_route"}, "geometry": {"type": "LineString", "coordinates": [[-74.0131889460958, 40.7040509547209], [-74.0131147825399, 40.7035954034818]]}}, {"type": "Feature", "properties": {"name": "Broadway Line", "line": "BROADWAY LINE", "color": "#FCCC0A", "weight": 4, "category": "subway_route"}, "geometry": {"type": "LineString", "coordinates": [[-74.0014258097124, 40.7199454389403], [-74.0006620246528, 40.7208480358583]]}}, {"type": "Feature", "properties": {"name": "Broadway Line", "line": "BROADWAY LINE", "color": "#FCCC0A", "weight": 4, "category": "subway_route"}, "geometry": {"type": "LineString", "coordinates": [[-73.9800370524944, 40.7655292847803], [-73.9795454688532, 40.7662056660491]]}}, {"type": "Feature", "properties": {"name": "6Th Ave Line", "line": "6TH AVE LINE", "color": "#FF6319", "weight": 4, "category": "subway_route"}, "geometry": {"type": "LineString", "coordinates": [[-73.981795338211, 40.7580295520844], [-73.9813423664063, 40.7586535479162]]}}, {"type": "Feature", "properties": {"name": "Jamaica Line", "line": "JAMAICA LINE", "color": "#996633", "weight": 4, "category": "subway_route"}, "geometry": {"type": "LineString", "coordinates": [[-73.917682410005, 40.6870123318515], [-73.9175535321071, 40.6869384605922]]}}, {"type": "Feature", "properties": {"name": "Jamaica Line", "line": "JAMAICA LINE", "color": "#996633", "weight": 4, "category": "subway_route"}, "geometry": {"type": "LineString", "coordinates": [[-73.8717299131785, 40.6902849900925], [-73.8709488795481, 40.6905102807583]]}}, {"type": "Feature", "properties": {"name": "Crosstown Line", "line": "CROSSTOWN LINE", "color": "#6CBE45", "weight": 4, "category": "subway_route"}, "geometry": {"type": "LineString", "coordinates": [[-73.9518007769903, 40.7430236528935], [-73.9514080691839, 40.7431932243874]]}}, {"type": "Feature", "properties": {"name": "Manhattan Bridge Line", "line": "MANHATTAN BRIDGE LINE", "color": "#FF6319", "weight": 4, "category": "subway_route"}, "geometry": {"type": "LineString", "coordinates": [[-73.9832941143621, 40.6935999717878], [-73.9830297260905, 40.6930531897848]]}}, {"type": "Feature", "properties": {"name": "Houston/Essex St Line", "line": "HOUSTON/ESSEX ST LINE", "color": "#FF6319", "weight": 4, "category": "subway_route"}, "geometry": {"type": "LineString", "coordinates": [[-73.9893614986122, 40.7232432265074], [-73.9887263252623, 40.7230456664317]]}}, {"type": "Feature", "properties": {"name": "Myrtle Ave Line", "line": "MYRTLE AVE LINE", "color": "#FF6319", "weight": 4, "category": "subway_route"}, "geometry": {"type": "LineString", "coordinates": [[-73.9260607538999, 40.6980077866013], [-73.9253533458291, 40.6980884390356]]}}, {"type": "Feature", "properties": {"name": "Broadway/7Th Ave Line", "line": "BROADWAY/7TH AVE LINE", "color": "#EE352E", "weight": 4, "category": "subway_route"}, "geometry": {"type": "LineString", "coordinates": [[-74.0143980136729, 40.7061081281894], [-74.0143377997624, 40.7062454459793]]}}, {"type": "Feature", "properties": {"name": "14St/Canarsie Line", "line": "14ST/CANARSIE LINE", "color": "#A7A9AC", "weight": 4, "category": "subway_route"}, "geometry": {"type": "LineString", "coordinates": [[-73.975813740872, 40.7285280109418], [-73.9756691179604, 40.7284707758221]]}}, {"type": "Feature", "properties": {"name": "Broadway/7Th Ave Line", "line": "BROADWAY/7TH AVE LINE", "color": "#EE352E", "weight": 4, "category": "subway_route"}, "geometry": {"type": "LineString", "coordinates": [[-73.9848374769268, 40.7601238369019], [-73.9845126961222, 40.7608016203554]]}}, {"type": "Feature", "properties": {"name": "Queens Blvd Line", "line": "QUEENS BLVD LINE", "color": "#FF6319", "weight": 4, "category": "subway_route"}, "geometry": {"type": "LineString", "coordinates": [[-73.8684811242519, 40.7328008160821], [-73.8683597906504, 40.7327484062562]]}}, {"type": "Feature", "properties": {"name": "Broadway Line", "line": "BROADWAY LINE", "color": "#FCCC0A", "weight": 4, "category": "subway_route"}, "geometry": {"type": "LineString", "coordinates": [[-73.9866404225671, 40.7550427713482], [-73.9864056639408, 40.7558162781394]]}}, {"type": "Feature", "properties": {"name": "Broadway Line", "line": "BROADWAY LINE", "color": "#FCCC0A", "weight": 4, "category": "subway_route"}, "geometry": {"type": "LineString", "coordinates": [[-73.9883066457529, 40.747543764266], [-73.988178396733, 40.7482970695375]]}}, {"type": "Feature", "properties": {"name": "8Th Ave Line", "line": "8TH AVE LINE", "color": "#0039A6", "weight": 4, "category": "subway_route"}, "geometry": {"type": "LineString", "coordinates": [[-73.9535009804357, 40.806989547822], [-73.9530414931863, 40.8076188641237]]}}, {"type": "Feature", "properties": {"name": "Fulton St Line", "line": "FULTON ST LINE", "color": "#0039A6", "weight": 4, "category": "subway_route"}, "geometry": {"type": "LineString", "coordinates": [[-73.8458933239006, 40.6801946176319], [-73.8449258033153, 40.6802829259472]]}}, {"type": "Feature", "properties": {"name": "White Plains Rd Line", "line": "WHITE PLAINS RD LINE", "color": "#EE352E", "weight": 4, "category": "subway_route"}, "geometry": {"type": "LineString", "coordinates": [[-73.8673188112236, 40.8665853582808], [-73.8672768328824, 40.867898512502]]}}, {"type": "Feature", "properties": {"name": "Nostrand Ave Line", "line": "NOSTRAND AVE LINE", "color": "#EE352E", "weight": 4, "category": "subway_route"}, "geometry": {"type": "LineString", "coordinates": [[-73.9485159687266, 40.640953599789], [-73.9484147116651, 40.6399956908199]]}}, {"type": "Feature", "properties": {"name": "Nostrand Ave Line", "line": "NOSTRAND AVE LINE", "color": "#EE352E", "weight": 4, "category": "subway_route"}, "geometry": {"type": "LineString", "coordinates": [[-73.9494663516088, 40.6497882045224], [-73.9493713160219, 40.6489312752762]]}}, {"type": "Feature", "properties": {"name": "Crosstown Line", "line": "CROSSTOWN LINE", "color": "#6CBE45", "weight": 4, "category": "subway_route"}, "geometry": {"type": "LineString", "coordinates": [[-73.9507901834718, 40.7237796588351], [-73.9509788290797, 40.724105624609]]}}, {"type": "Feature", "properties": {"name": "Jamaica Line", "line": "JAMAICA LINE", "color": "#996633", "weight": 4, "category": "subway_route"}, "geometry": {"type": "LineString", "coordinates": [[-73.9338294480909, 40.6961925156367], [-73.9331199048726, 40.695799392121]]}}, {"type": "Feature", "properties": {"name": "14St/Canarsie Line", "line": "14ST/CANARSIE LINE", "color": "#A7A9AC", "weight": 4, "category": "subway_route"}, "geometry": {"type": "LineString", "coordinates": [[-73.9403152046831, 40.7105307546949], [-73.9401973863045, 40.7098295194597]]}}, {"type": "Feature", "properties": {"name": "Franklin Ave Shuttle Line", "line": "FRANKLIN AVE SHUTTLE LINE", "color": "#808183", "weight": 4, "category": "subway_route"}, "geometry": {"type": "LineString", "coordinates": [[-73.9559410395984, 40.6794100356059], [-73.955896861091, 40.6795695992277], [-73.9558630201812, 40.6797116690272], [-73.9558381551753, 40.6798210991484], [-73.9558208355274, 40.679913917431], [-73.955798791429, 40.680032714261], [-73.9557756547248, 40.6802639395176]]}}, {"type": "Feature", "properties": {"name": "Myrtle Ave Line", "line": "MYRTLE AVE LINE", "color": "#FF6319", "weight": 4, "category": "subway_route"}, "geometry": {"type": "LineString", "coordinates": [[-73.9038645084162, 40.704238227133], [-73.9030782671658, 40.7044312413978]]}}, {"type": "Feature", "properties": {"name": "Myrtle Ave Line", "line": "MYRTLE AVE LINE", "color": "#FF6319", "weight": 4, "category": "subway_route"}, "geometry": {"type": "LineString", "coordinates": [[-73.9080137232028, 40.7025018805722], [-73.9076885854312, 40.7028186095919]]}}, {"type": "Feature", "properties": {"name": "14St/Canarsie Line", "line": "14ST/CANARSIE LINE", "color": "#A7A9AC", "weight": 4, "category": "subway_route"}, "geometry": {"type": "LineString", "coordinates": [[-73.9354814360365, 40.7060192683789], [-73.9340582365915, 40.7060409112144]]}}, {"type": "Feature", "properties": {"name": "14St/Canarsie Line", "line": "14ST/CANARSIE LINE", "color": "#A7A9AC", "weight": 4, "category": "subway_route"}, "geometry": {"type": "LineString", "coordinates": [[-73.9340582365915, 40.7060409112144], [-73.9335202762084, 40.7061035508003]]}}, {"type": "Feature", "properties": {"name": "Crosstown Line", "line": "CROSSTOWN LINE", "color": "#6CBE45", "weight": 4, "category": "subway_route"}, "geometry": {"type": "LineString", "coordinates": [[-73.9513566291504, 40.7124072929811], [-73.9514670731362, 40.7131145555879]]}}, {"type": "Feature", "properties": {"name": "14St/Canarsie Line", "line": "14ST/CANARSIE LINE", "color": "#A7A9AC", "weight": 4, "category": "subway_route"}, "geometry": {"type": "LineString", "coordinates": [[-73.952379319748, 40.7145200166334], [-73.9522083611387, 40.7143922654676], [-73.9520248980216, 40.7142749864018], [-73.9518300352896, 40.7141688857972], [-73.9516249464885, 40.7140746026917]]}}, {"type": "Feature", "properties": {"name": "Crosstown Line", "line": "CROSSTOWN LINE", "color": "#6CBE45", "weight": 4, "category": "subway_route"}, "geometry": {"type": "LineString", "coordinates": [[-73.9509788290797, 40.724105624609], [-73.9517376414805, 40.7254440032762]]}}, {"type": "Feature", "properties": {"name": "Crosstown Line", "line": "CROSSTOWN LINE", "color": "#6CBE45", "weight": 4, "category": "subway_route"}, "geometry": {"type": "LineString", "coordinates": [[-73.9543798704521, 40.7309149699766], [-73.95449573964, 40.7316219599819]]}}, {"type": "Feature", "properties": {"name": "Flushing Line", "line": "FLUSHING LINE", "color": "#B933AD", "weight": 4, "category": "subway_route"}, "geometry": {"type": "LineString", "coordinates": [[-73.9564410232999, 40.743188321582], [-73.954110069821, 40.7427367940972]]}}, {"type": "Feature", "properties": {"name": "Crosstown Line", "line": "CROSSTOWN LINE", "color": "#6CBE45", "weight": 4, "category": "subway_route"}, "geometry": {"type": "LineString", "coordinates": [[-73.9507115775487, 40.7435463052826], [-73.9496804084434, 40.744089874126]]}}, {"type": "Feature", "properties": {"name": "Flushing Line", "line": "FLUSHING LINE", "color": "#B933AD", "weight": 4, "category": "subway_route"}, "geometry": {"type": "LineString", "coordinates": [[-73.9539014106361, 40.7426954852228], [-73.9527579584183, 40.7424847173709]]}}, {"type": "Feature", "properties": {"name": "Crosstown Line", "line": "CROSSTOWN LINE", "color": "#6CBE45", "weight": 4, "category": "subway_route"}, "geometry": {"type": "LineString", "coordinates": [[-73.9551978949917, 40.7390927877821], [-73.9551194980188, 40.7394044344564]]}}, {"type": "Feature", "properties": {"name": "Crosstown Line", "line": "CROSSTOWN LINE", "color": "#6CBE45", "weight": 4, "category": "subway_route"}, "geometry": {"type": "LineString", "coordinates": [[-73.9547104389297, 40.7406308618933], [-73.9548578734119, 40.7402342843012]]}}, {"type": "Feature", "properties": {"name": "Crosstown Line", "line": "CROSSTOWN LINE", "color": "#6CBE45", "weight": 4, "category": "subway_route"}, "geometry": {"type": "LineString", "coordinates": [[-73.9546471340045, 40.7409783791653], [-73.9547104389297, 40.7406308618933]]}}, {"type": "Feature", "properties": {"name": "Crosstown Line", "line": "CROSSTOWN LINE", "color": "#6CBE45", "weight": 4, "category": "subway_route"}, "geometry": {"type": "LineString", "coordinates": [[-73.9551194980188, 40.7394044344564], [-73.9550244299224, 40.7397914326216]]}}, {"type": "Feature", "properties": {"name": "Crosstown Line", "line": "CROSSTOWN LINE", "color": "#6CBE45", "weight": 4, "category": "subway_route"}, "geometry": {"type": "LineString", "coordinates": [[-73.9544905548581, 40.7413368911792], [-73.9546471340045, 40.7409783791653]]}}, {"type": "Feature", "properties": {"name": "West End Line", "line": "WEST END LINE", "color": "#FF6319", "weight": 4, "category": "subway_route"}, "geometry": {"type": "LineString", "coordinates": [[-73.9949637076061, 40.6349243150769], [-73.9950759229817, 40.6340849548723]]}}, {"type": "Feature", "properties": {"name": "Lexington Ave", "line": "LEXINGTON AVE", "color": "#00933C", "weight": 4, "category": "subway_route"}, "geometry": {"type": "LineString", "coordinates": [[-73.995926777727, 40.6933091743121], [-73.9950814658198, 40.6931554508159]]}}, {"type": "Feature", "properties": {"name": "West End Line", "line": "WEST END LINE", "color": "#FF6319", "weight": 4, "category": "subway_route"}, "geometry": {"type": "LineString", "coordinates": [[-73.9956785786616, 40.6307975159008], [-73.9958973888029, 40.6300231667983]]}}, {"type": "Feature", "properties": {"name": "4Th Ave Line", "line": "4TH AVE LINE", "color": "#FCCC0A", "weight": 4, "category": "subway_route"}, "geometry": {"type": "LineString", "coordinates": [[-74.0108242961878, 40.6481620059139], [-74.0114124756683, 40.6475980627607]]}}, {"type": "Feature", "properties": {"name": "4Th Ave Line", "line": "4TH AVE LINE", "color": "#FCCC0A", "weight": 4, "category": "subway_route"}, "geometry": {"type": "LineString", "coordinates": [[-73.9933495629014, 40.6649632059406], [-73.9939289315509, 40.6644080066054]]}}, {"type": "Feature", "properties": {"name": "Jerome Ave Line", "line": "JEROME AVE LINE", "color": "#00933C", "weight": 4, "category": "subway_route"}, "geometry": {"type": "LineString", "coordinates": [[-73.9116811898094, 40.8486477889432], [-73.9111236011178, 40.8494263676968]]}}, {"type": "Feature", "properties": {"name": "Culver Line", "line": "CULVER LINE", "color": "#FF6319", "weight": 4, "category": "subway_route"}, "geometry": {"type": "LineString", "coordinates": [[-73.9743372016772, 40.5879497347918], [-73.9743796091859, 40.5872068935325]]}}, {"type": "Feature", "properties": {"name": "Concourse Line", "line": "CONCOURSE LINE", "color": "#FF6319", "weight": 4, "category": "subway_route"}, "geometry": {"type": "LineString", "coordinates": [[-73.898592246436, 40.859775055012], [-73.8982910081591, 40.8603426933278]]}}, {"type": "Feature", "properties": {"name": "Pelham Line", "line": "PELHAM LINE", "color": "#00933C", "weight": 4, "category": "subway_route"}, "geometry": {"type": "LineString", "coordinates": [[-73.8791719375266, 40.8285904492006], [-73.8787041021488, 40.8286293726923]]}}, {"type": "Feature", "properties": {"name": "Concourse Line", "line": "CONCOURSE LINE", "color": "#FF6319", "weight": 4, "category": "subway_route"}, "geometry": {"type": "LineString", "coordinates": [[-73.9265967478679, 40.8282040732269], [-73.9259052338157, 40.8280032257083], [-73.9258400823461, 40.8279792131329]]}}, {"type": "Feature", "properties": {"name": "Fulton St Line", "line": "FULTON ST LINE", "color": "#0039A6", "weight": 4, "category": "subway_route"}, "geometry": {"type": "LineString", "coordinates": [[-73.8842155613192, 40.6736291100412], [-73.8833992901891, 40.6737487205446]]}}, {"type": "Feature", "properties": {"name": "Broadway Line", "line": "BROADWAY LINE", "color": "#FCCC0A", "weight": 4, "category": "subway_route"}, "geometry": {"type": "LineString", "coordinates": [[-74.0121456314129, 40.7090008842587], [-74.0120884899987, 40.7090863577327]]}}, {"type": "Feature", "properties": {"name": "Jamaica Line", "line": "JAMAICA LINE", "color": "#996633", "weight": 4, "category": "subway_route"}, "geometry": {"type": "LineString", "coordinates": [[-73.9485509091581, 40.7045086709656], [-73.948141943021, 40.7042794943406]]}}, {"type": "Feature", "properties": {"name": "Queens Blvd Line", "line": "QUEENS BLVD LINE", "color": "#FF6319", "weight": 4, "category": "subway_route"}, "geometry": {"type": "LineString", "coordinates": [[-73.8886075902632, 40.7454910090352], [-73.8883331646648, 40.7453730017431]]}}, {"type": "Feature", "properties": {"name": "6Th Ave Line", "line": "6TH AVE LINE", "color": "#FF6319", "weight": 4, "category": "subway_route"}, "geometry": {"type": "LineString", "coordinates": [[-73.9933604507583, 40.7190788131775], [-73.9929388516066, 40.7199050239762]]}}, {"type": "Feature", "properties": {"name": "Broadway/7Th Ave Line", "line": "BROADWAY/7TH AVE LINE", "color": "#EE352E", "weight": 4, "category": "subway_route"}, "geometry": {"type": "LineString", "coordinates": [[-73.9545863864543, 40.8207774873022], [-73.9545425702086, 40.8208379114759]]}}, {"type": "Feature", "properties": {"name": "Broadway/7Th Ave Line", "line": "BROADWAY/7TH AVE LINE", "color": "#EE352E", "weight": 4, "category": "subway_route"}, "geometry": {"type": "LineString", "coordinates": [[-73.9678017280641, 40.8022139059017], [-73.9676920711389, 40.8026900050447]]}}, {"type": "Feature", "properties": {"name": "Clark St Line", "line": "CLARK ST LINE", "color": "#EE352E", "weight": 4, "category": "subway_route"}, "geometry": {"type": "LineString", "coordinates": [[-74.0089888539989, 40.7040930656691], [-74.0085430259057, 40.7037058494717]]}}, {"type": "Feature", "properties": {"name": "8Th Ave Line", "line": "8TH AVE LINE", "color": "#0039A6", "weight": 4, "category": "subway_route"}, "geometry": {"type": "LineString", "coordinates": [[-74.0009557226818, 40.7317143419164], [-74.0005119635396, 40.7323234669729]]}}, {"type": "Feature", "properties": {"name": "8Th Ave Line", "line": "8TH AVE LINE", "color": "#0039A6", "weight": 4, "category": "subway_route"}, "geometry": {"type": "LineString", "coordinates": [[-73.9957498551969, 40.7490604434302], [-73.9952995146268, 40.7496799294439]]}}, {"type": "Feature", "properties": {"name": "Broadway/7Th Ave Line", "line": "BROADWAY/7TH AVE LINE", "color": "#EE352E", "weight": 4, "category": "subway_route"}, "geometry": {"type": "LineString", "coordinates": [[-73.9820716607647, 40.7685393732206], [-73.9820940086511, 40.7689005505049]]}}, {"type": "Feature", "properties": {"name": "14St/Canarsie Line", "line": "14ST/CANARSIE LINE", "color": "#A7A9AC", "weight": 4, "category": "subway_route"}, "geometry": {"type": "LineString", "coordinates": [[-73.9032189448723, 40.6951247742848], [-73.9027508490844, 40.6948502002067]]}}, {"type": "Feature", "properties": {"name": "Queens Blvd Line", "line": "QUEENS BLVD LINE", "color": "#FF6319", "weight": 4, "category": "subway_route"}, "geometry": {"type": "LineString", "coordinates": [[-73.9035725487433, 40.7518486885768], [-73.9027574309275, 40.7515108087919]]}}, {"type": "Feature", "properties": {"name": "Broadway/7Th Ave Line", "line": "BROADWAY/7TH AVE LINE", "color": "#EE352E", "weight": 4, "category": "subway_route"}, "geometry": {"type": "LineString", "coordinates": [[-73.9785351346516, 40.7857948915075], [-73.9780591925315, 40.7864278811152]]}}, {"type": "Feature", "properties": {"name": "Lexington Ave", "line": "LEXINGTON AVE", "color": "#00933C", "weight": 4, "category": "subway_route"}, "geometry": {"type": "LineString", "coordinates": [[-73.9808518394265, 40.7477586178263], [-73.9804053840383, 40.7483747680615]]}}, {"type": "Feature", "properties": {"name": "Queens Blvd Line", "line": "QUEENS BLVD LINE", "color": "#FF6319", "weight": 4, "category": "subway_route"}, "geometry": {"type": "LineString", "coordinates": [[-73.9496294293128, 40.7485482514525], [-73.9473564330692, 40.7481156490238]]}}, {"type": "Feature", "properties": {"name": "Lexington Ave", "line": "LEXINGTON AVE", "color": "#00933C", "weight": 4, "category": "subway_route"}, "geometry": {"type": "LineString", "coordinates": [[-73.9490643676814, 40.7884378006744], [-73.9486059639417, 40.7890633463383]]}}, {"type": "Feature", "properties": {"name": "Lenox Ave Line", "line": "LENOX AVE LINE", "color": "#EE352E", "weight": 4, "category": "subway_route"}, "geometry": {"type": "LineString", "coordinates": [[-73.9473532226789, 40.8052214316949], [-73.9469013356383, 40.8058471431682]]}}, {"type": "Feature", "properties": {"name": "Broadway/7Th Ave Line", "line": "BROADWAY/7TH AVE LINE", "color": "#EE352E", "weight": 4, "category": "subway_route"}, "geometry": {"type": "LineString", "coordinates": [[-73.9703694560878, 40.796605086457], [-73.9699163767751, 40.7972247107866]]}}, {"type": "Feature", "properties": {"name": "Flushing Line", "line": "FLUSHING LINE", "color": "#B933AD", "weight": 4, "category": "subway_route"}, "geometry": {"type": "LineString", "coordinates": [[-73.8641860158936, 40.7497278393965], [-73.8627275958677, 40.7498761892102]]}}, {"type": "Feature", "properties": {"name": "Pelham Line", "line": "PELHAM LINE", "color": "#00933C", "weight": 4, "category": "subway_route"}, "geometry": {"type": "LineString", "coordinates": [[-73.8386218184874, 40.8424615331816], [-73.8384093172238, 40.8425747702039]]}}, {"type": "Feature", "properties": {"name": "Nostrand Ave Line", "line": "NOSTRAND AVE LINE", "color": "#EE352E", "weight": 4, "category": "subway_route"}, "geometry": {"type": "LineString", "coordinates": [[-73.9495724098296, 40.650816129214], [-73.9494663516088, 40.6497882045224]]}}, {"type": "Feature", "properties": {"name": "Crosstown Line", "line": "CROSSTOWN LINE", "color": "#6CBE45", "weight": 4, "category": "subway_route"}, "geometry": {"type": "LineString", "coordinates": [[-73.9502039114044, 40.7045530260148], [-73.9502382199158, 40.7054814862738]]}}, {"type": "Feature", "properties": {"name": "Jamaica Line", "line": "JAMAICA LINE", "color": "#996633", "weight": 4, "category": "subway_route"}, "geometry": {"type": "LineString", "coordinates": [[-73.9352239213925, 40.6969947835728], [-73.9347982737162, 40.6967448307603]]}}, {"type": "Feature", "properties": {"name": "Brighton Line", "line": "BRIGHTON LINE", "color": "#FF6319", "weight": 4, "category": "subway_route"}, "geometry": {"type": "LineString", "coordinates": [[-73.9645299845367, 40.6443628032174], [-73.9645559891377, 40.6446167663684], [-73.9645640224255, 40.6448721833103], [-73.964553908626, 40.6451279183178], [-73.9645256824298, 40.6453828640341], [-73.964479487841, 40.6456359134629], [-73.9644156428414, 40.645885967695]]}}, {"type": "Feature", "properties": {"name": "Brighton Line", "line": "BRIGHTON LINE", "color": "#FF6319", "weight": 4, "category": "subway_route"}, "geometry": {"type": "LineString", "coordinates": [[-73.9626056916301, 40.6517039903857], [-73.9622392558756, 40.6529340050331]]}}, {"type": "Feature", "properties": {"name": "Brighton Line", "line": "BRIGHTON LINE", "color": "#FF6319", "weight": 4, "category": "subway_route"}, "geometry": {"type": "LineString", "coordinates": [[-73.9635117119523, 40.6488704514719], [-73.9633556523709, 40.6493383881913]]}}, {"type": "Feature", "properties": {"name": "Brighton Line", "line": "BRIGHTON LINE", "color": "#FF6319", "weight": 4, "category": "subway_route"}, "geometry": {"type": "LineString", "coordinates": [[-73.9644156428414, 40.645885967695], [-73.9640939473508, 40.6468581479165]]}}, {"type": "Feature", "properties": {"name": "Brighton Line", "line": "BRIGHTON LINE", "color": "#FF6319", "weight": 4, "category": "subway_route"}, "geometry": {"type": "LineString", "coordinates": [[-73.9614566118531, 40.6554141843841], [-73.9613974858305, 40.6557074000478], [-73.9613598199393, 40.6560031260884], [-73.9613438506279, 40.656299994236], [-73.9613495908675, 40.6565966175379]]}}, {"type": "Feature", "properties": {"name": "Brighton Line", "line": "BRIGHTON LINE", "color": "#FF6319", "weight": 4, "category": "subway_route"}, "geometry": {"type": "LineString", "coordinates": [[-73.9619271152103, 40.6599650220903], [-73.9620795469192, 40.6606642936986]]}}, {"type": "Feature", "properties": {"name": "Brighton Line", "line": "BRIGHTON LINE", "color": "#FF6319", "weight": 4, "category": "subway_route"}, "geometry": {"type": "LineString", "coordinates": [[-73.9615658979723, 40.6550123469282], [-73.9614566118531, 40.6554141843841]]}}, {"type": "Feature", "properties": {"name": "Brighton Line", "line": "BRIGHTON LINE", "color": "#FF6319", "weight": 4, "category": "subway_route"}, "geometry": {"type": "LineString", "coordinates": [[-73.9622392558756, 40.6529340050331], [-73.9619561087187, 40.65374624108]]}}, {"type": "Feature", "properties": {"name": "Brighton Line", "line": "BRIGHTON LINE", "color": "#FF6319", "weight": 4, "category": "subway_route"}, "geometry": {"type": "LineString", "coordinates": [[-73.9619561087187, 40.65374624108], [-73.9617622429747, 40.6540789515166]]}}, {"type": "Feature", "properties": {"name": "Brighton Line", "line": "BRIGHTON LINE", "color": "#FF6319", "weight": 4, "category": "subway_route"}, "geometry": {"type": "LineString", "coordinates": [[-73.9617622429747, 40.6540789515166], [-73.9615658979723, 40.6550123469282]]}}, {"type": "Feature", "properties": {"name": "Brighton Line", "line": "BRIGHTON LINE", "color": "#FF6319", "weight": 4, "category": "subway_route"}, "geometry": {"type": "LineString", "coordinates": [[-73.9613495908675, 40.6565966175379], [-73.961639387638, 40.6582778623085]]}}, {"type": "Feature", "properties": {"name": "Franklin Ave Shuttle Line", "line": "FRANKLIN AVE SHUTTLE LINE", "color": "#808183", "weight": 4, "category": "subway_route"}, "geometry": {"type": "LineString", "coordinates": [[-73.9623284418306, 40.6630061542541], [-73.9621327476964, 40.6632163939957]]}}, {"type": "Feature", "properties": {"name": "Franklin Ave Shuttle Line", "line": "FRANKLIN AVE SHUTTLE LINE", "color": "#808183", "weight": 4, "category": "subway_route"}, "geometry": {"type": "LineString", "coordinates": [[-73.9623359913858, 40.6619956155703], [-73.9624186694796, 40.6627278147958], [-73.9623284418306, 40.6630061542541]]}}, {"type": "Feature", "properties": {"name": "Franklin Ave Shuttle Line", "line": "FRANKLIN AVE SHUTTLE LINE", "color": "#808183", "weight": 4, "category": "subway_route"}, "geometry": {"type": "LineString", "coordinates": [[-73.9606664221843, 40.666500149688], [-73.9603236408837, 40.6673719388669]]}}, {"type": "Feature", "properties": {"name": "Franklin Ave Shuttle Line", "line": "FRANKLIN AVE SHUTTLE LINE", "color": "#808183", "weight": 4, "category": "subway_route"}, "geometry": {"type": "LineString", "coordinates": [[-73.9603236408837, 40.6673719388669], [-73.9600057801741, 40.6682532329301]]}}, {"type": "Feature", "properties": {"name": "Franklin Ave Shuttle Line", "line": "FRANKLIN AVE SHUTTLE LINE", "color": "#808183", "weight": 4, "category": "subway_route"}, "geometry": {"type": "LineString", "coordinates": [[-73.9559599070537, 40.6793544814199], [-73.9559410395984, 40.6794100356059]]}}, {"type": "Feature", "properties": {"name": "Franklin Ave Shuttle Line", "line": "FRANKLIN AVE SHUTTLE LINE", "color": "#808183", "weight": 4, "category": "subway_route"}, "geometry": {"type": "LineString", "coordinates": [[-73.9571403273463, 40.6761615029287], [-73.9568336668382, 40.6770338706472]]}}, {"type": "Feature", "properties": {"name": "Franklin Ave Shuttle Line", "line": "FRANKLIN AVE SHUTTLE LINE", "color": "#808183", "weight": 4, "category": "subway_route"}, "geometry": {"type": "LineString", "coordinates": [[-73.9600057801741, 40.6682532329301], [-73.9597117186906, 40.6691365844017]]}}, {"type": "Feature", "properties": {"name": "Franklin Ave Shuttle Line", "line": "FRANKLIN AVE SHUTTLE LINE", "color": "#808183", "weight": 4, "category": "subway_route"}, "geometry": {"type": "LineString", "coordinates": [[-73.9612592001642, 40.6648100551312], [-73.9606664221843, 40.666500149688]]}}, {"type": "Feature", "properties": {"name": "Franklin Ave Shuttle Line", "line": "FRANKLIN AVE SHUTTLE LINE", "color": "#808183", "weight": 4, "category": "subway_route"}, "geometry": {"type": "LineString", "coordinates": [[-73.9597117186906, 40.6691365844017], [-73.9593668635688, 40.6700120700964]]}}, {"type": "Feature", "properties": {"name": "Franklin Ave Shuttle Line", "line": "FRANKLIN AVE SHUTTLE LINE", "color": "#808183", "weight": 4, "category": "subway_route"}, "geometry": {"type": "LineString", "coordinates": [[-73.9593668635688, 40.6700120700964], [-73.9591258500011, 40.6706771601476]]}}, {"type": "Feature", "properties": {"name": "Franklin Ave Shuttle Line", "line": "FRANKLIN AVE SHUTTLE LINE", "color": "#808183", "weight": 4, "category": "subway_route"}, "geometry": {"type": "LineString", "coordinates": [[-73.9581046438098, 40.6735122096249], [-73.9577826931546, 40.6744016206985]]}}, {"type": "Feature", "properties": {"name": "Franklin Ave Shuttle Line", "line": "FRANKLIN AVE SHUTTLE LINE", "color": "#808183", "weight": 4, "category": "subway_route"}, "geometry": {"type": "LineString", "coordinates": [[-73.9584162915108, 40.672649331589], [-73.9581046438098, 40.6735122096249]]}}, {"type": "Feature", "properties": {"name": "Franklin Ave Shuttle Line", "line": "FRANKLIN AVE SHUTTLE LINE", "color": "#808183", "weight": 4, "category": "subway_route"}, "geometry": {"type": "LineString", "coordinates": [[-73.9587399118028, 40.6717687530728], [-73.9584162915108, 40.672649331589]]}}, {"type": "Feature", "properties": {"name": "Franklin Ave Shuttle Line", "line": "FRANKLIN AVE SHUTTLE LINE", "color": "#808183", "weight": 4, "category": "subway_route"}, "geometry": {"type": "LineString", "coordinates": [[-73.9589764310668, 40.6710957023913], [-73.9587399118028, 40.6717687530728]]}}, {"type": "Feature", "properties": {"name": "Franklin Ave Shuttle Line", "line": "FRANKLIN AVE SHUTTLE LINE", "color": "#808183", "weight": 4, "category": "subway_route"}, "geometry": {"type": "LineString", "coordinates": [[-73.9590485367021, 40.6708905005435], [-73.9589764310668, 40.6710957023913]]}}, {"type": "Feature", "properties": {"name": "Franklin Ave Shuttle Line", "line": "FRANKLIN AVE SHUTTLE LINE", "color": "#808183", "weight": 4, "category": "subway_route"}, "geometry": {"type": "LineString", "coordinates": [[-73.9577826931546, 40.6744016206985], [-73.9574639551145, 40.6752837022898]]}}, {"type": "Feature", "properties": {"name": "Franklin Ave Shuttle Line", "line": "FRANKLIN AVE SHUTTLE LINE", "color": "#808183", "weight": 4, "category": "subway_route"}, "geometry": {"type": "LineString", "coordinates": [[-73.9574639551145, 40.6752837022898], [-73.9571403273463, 40.6761615029287]]}}, {"type": "Feature", "properties": {"name": "Franklin Ave Shuttle Line", "line": "FRANKLIN AVE SHUTTLE LINE", "color": "#808183", "weight": 4, "category": "subway_route"}, "geometry": {"type": "LineString", "coordinates": [[-73.9557756547248, 40.6802639395176], [-73.9557717385097, 40.6808544140333]]}}, {"type": "Feature", "properties": {"name": "Franklin Ave Shuttle Line", "line": "FRANKLIN AVE SHUTTLE LINE", "color": "#808183", "weight": 4, "category": "subway_route"}, "geometry": {"type": "LineString", "coordinates": [[-73.9568336668382, 40.6770338706472], [-73.9565469712375, 40.677806116004]]}}, {"type": "Feature", "properties": {"name": "Franklin Ave Shuttle Line", "line": "FRANKLIN AVE SHUTTLE LINE", "color": "#808183", "weight": 4, "category": "subway_route"}, "geometry": {"type": "LineString", "coordinates": [[-73.9562786411105, 40.6785747571658], [-73.9559855810707, 40.6792916804067]]}}, {"type": "Feature", "properties": {"name": "Broadway Line", "line": "BROADWAY LINE", "color": "#FCCC0A", "weight": 4, "category": "subway_route"}, "geometry": {"type": "LineString", "coordinates": [[-73.9928420549606, 40.7300871933285], [-73.9924089330828, 40.7305994555763]]}}, {"type": "Feature", "properties": {"name": "Lexington Ave", "line": "LEXINGTON AVE", "color": "#00933C", "weight": 4, "category": "subway_route"}, "geometry": {"type": "LineString", "coordinates": [[-73.9914365677847, 40.7298710380119], [-73.9910809943124, 40.7300408652512]]}}, {"type": "Feature", "properties": {"name": "Broadway Line", "line": "BROADWAY LINE", "color": "#FCCC0A", "weight": 4, "category": "subway_route"}, "geometry": {"type": "LineString", "coordinates": [[-73.990331999824, 40.7371401053554], [-73.9901234803408, 40.7378039058029]]}}, {"type": "Feature", "properties": {"name": "Lexington Ave", "line": "LEXINGTON AVE", "color": "#00933C", "weight": 4, "category": "subway_route"}, "geometry": {"type": "LineString", "coordinates": [[-73.9910809943124, 40.7300408652512], [-73.9906415391267, 40.7306311137111]]}}, {"type": "Feature", "properties": {"name": "Lexington Ave", "line": "LEXINGTON AVE", "color": "#00933C", "weight": 4, "category": "subway_route"}, "geometry": {"type": "LineString", "coordinates": [[-73.9906415391267, 40.7306311137111], [-73.9903913967488, 40.7312967672086]]}}, {"type": "Feature", "properties": {"name": "Lexington Ave", "line": "LEXINGTON AVE", "color": "#00933C", "weight": 4, "category": "subway_route"}, "geometry": {"type": "LineString", "coordinates": [[-73.9899042571075, 40.7344430341549], [-73.9899480100654, 40.7349751497208]]}}, {"type": "Feature", "properties": {"name": "Jamaica Line", "line": "JAMAICA LINE", "color": "#996633", "weight": 4, "category": "subway_route"}, "geometry": {"type": "LineString", "coordinates": [[-73.8953189675191, 40.6775042748251], [-73.894390077818, 40.6776381252556]]}}, {"type": "Feature", "properties": {"name": "New Lots Line", "line": "NEW LOTS LINE", "color": "#EE352E", "weight": 4, "category": "subway_route"}, "geometry": {"type": "LineString", "coordinates": [[-73.8977594203318, 40.6642092957879], [-73.8968404172894, 40.6643428861788]]}}, {"type": "Feature", "properties": {"name": "6Th Ave Line", "line": "6TH AVE LINE", "color": "#FF6319", "weight": 4, "category": "subway_route"}, "geometry": {"type": "LineString", "coordinates": [[-73.989308614655, 40.7051569441171], [-73.9890711919579, 40.7047141533795]]}}, {"type": "Feature", "properties": {"name": "Jamaica Line", "line": "JAMAICA LINE", "color": "#996633", "weight": 4, "category": "subway_route"}, "geometry": {"type": "LineString", "coordinates": [[-73.8709488795481, 40.6905102807583], [-73.8704829552388, 40.690627814918]]}}, {"type": "Feature", "properties": {"name": "6Th Ave Line", "line": "6TH AVE LINE", "color": "#FF6319", "weight": 4, "category": "subway_route"}, "geometry": {"type": "LineString", "coordinates": [[-73.9940747033005, 40.7137443816874], [-73.9937072058539, 40.7130935094808]]}}, {"type": "Feature", "properties": {"name": "White Plains Rd Line", "line": "WHITE PLAINS RD LINE", "color": "#EE352E", "weight": 4, "category": "subway_route"}, "geometry": {"type": "LineString", "coordinates": [[-73.8636397234048, 40.8820868445309], [-73.8635944987082, 40.8821722596749]]}}, {"type": "Feature", "properties": {"name": "Pelham Line", "line": "PELHAM LINE", "color": "#00933C", "weight": 4, "category": "subway_route"}, "geometry": {"type": "LineString", "coordinates": [[-73.8883396318497, 40.8220079490076], [-73.8877334657063, 40.8223855246823]]}}, {"type": "Feature", "properties": {"name": "Queens Blvd Line", "line": "QUEENS BLVD LINE", "color": "#FF6319", "weight": 4, "category": "subway_route"}, "geometry": {"type": "LineString", "coordinates": [[-73.859683634343, 40.7291525210623], [-73.8589113705055, 40.7288702670173]]}}, {"type": "Feature", "properties": {"name": "Queens Blvd Line", "line": "QUEENS BLVD LINE", "color": "#FF6319", "weight": 4, "category": "subway_route"}, "geometry": {"type": "LineString", "coordinates": [[-73.8550627998541, 40.7274551080472], [-73.8543439700899, 40.727190171404]]}}, {"type": "Feature", "properties": {"name": "Myrtle Ave Line", "line": "MYRTLE AVE LINE", "color": "#FF6319", "weight": 4, "category": "subway_route"}, "geometry": {"type": "LineString", "coordinates": [[-73.9217577456678, 40.698461556195], [-73.9214362101231, 40.6984947821681]]}}, {"type": "Feature", "properties": {"name": "Nassau St Line", "line": "NASSAU ST LINE", "color": "#996633", "weight": 4, "category": "subway_route"}, "geometry": {"type": "LineString", "coordinates": [[-74.008419671615, 40.7095386242537], [-74.0077459670543, 40.7102290125614]]}}, {"type": "Feature", "properties": {"name": "Broadway Line", "line": "BROADWAY LINE", "color": "#FCCC0A", "weight": 4, "category": "subway_route"}, "geometry": {"type": "LineString", "coordinates": [[-74.0020929164709, 40.7191616339491], [-74.0018853628275, 40.7194058109404]]}}, {"type": "Feature", "properties": {"name": "Houston/Essex St Line", "line": "HOUSTON/ESSEX ST LINE", "color": "#FF6319", "weight": 4, "category": "subway_route"}, "geometry": {"type": "LineString", "coordinates": [[-74.000633691689, 40.7272948549117], [-74.0013916354131, 40.7276682443922]]}}, {"type": "Feature", "properties": {"name": "Broadway/7Th Ave Line", "line": "BROADWAY/7TH AVE LINE", "color": "#EE352E", "weight": 4, "category": "subway_route"}, "geometry": {"type": "LineString", "coordinates": [[-73.9978625841505, 40.7410646143875], [-73.9974348967707, 40.7416508181988]]}}, {"type": "Feature", "properties": {"name": "8Th Ave Line", "line": "8TH AVE LINE", "color": "#0039A6", "weight": 4, "category": "subway_route"}, "geometry": {"type": "LineString", "coordinates": [[-73.9975529454574, 40.7465891462892], [-73.9971003289973, 40.7472133488423]]}}, {"type": "Feature", "properties": {"name": "8Th Ave Line", "line": "8TH AVE LINE", "color": "#0039A6", "weight": 4, "category": "subway_route"}, "geometry": {"type": "LineString", "coordinates": [[-73.9460795750561, 40.82127147865], [-73.9447577761782, 40.8240398199339]]}}, {"type": "Feature", "properties": {"name": "8Th Ave Line", "line": "8TH AVE LINE", "color": "#0039A6", "weight": 4, "category": "subway_route"}, "geometry": {"type": "LineString", "coordinates": [[-73.964686699326, 40.7916722834406], [-73.9641772776821, 40.7923703018241]]}}, {"type": "Feature", "properties": {"name": "Lexington Ave", "line": "LEXINGTON AVE", "color": "#00933C", "weight": 4, "category": "subway_route"}, "geometry": {"type": "LineString", "coordinates": [[-73.9691337658585, 40.7609374405413], [-73.9686435526723, 40.761608211261]]}}, {"type": "Feature", "properties": {"name": "Broadway/7Th Ave Line", "line": "BROADWAY/7TH AVE LINE", "color": "#EE352E", "weight": 4, "category": "subway_route"}, "geometry": {"type": "LineString", "coordinates": [[-73.9370442581761, 40.8447967485932], [-73.9365718280258, 40.8454420532887]]}}, {"type": "Feature", "properties": {"name": "Lenox Ave Line", "line": "LENOX AVE LINE", "color": "#EE352E", "weight": 4, "category": "subway_route"}, "geometry": {"type": "LineString", "coordinates": [[-73.9422506084163, 40.8122089712029], [-73.941804644322, 40.8128233277806]]}}, {"type": "Feature", "properties": {"name": "Broadway/7Th Ave Line", "line": "BROADWAY/7TH AVE LINE", "color": "#EE352E", "weight": 4, "category": "subway_route"}, "geometry": {"type": "LineString", "coordinates": [[-73.9780591925315, 40.7864278811152], [-73.9775866444671, 40.7870543140955]]}}, {"type": "Feature", "properties": {"name": "Queens Blvd Line", "line": "QUEENS BLVD LINE", "color": "#FF6319", "weight": 4, "category": "subway_route"}, "geometry": {"type": "LineString", "coordinates": [[-73.9414544514982, 40.747458356052], [-73.9412213484382, 40.7475369272561]]}}, {"type": "Feature", "properties": {"name": "Flushing Line", "line": "FLUSHING LINE", "color": "#B933AD", "weight": 4, "category": "subway_route"}, "geometry": {"type": "LineString", "coordinates": [[-73.8440938235702, 40.7550913880796], [-73.843245065017, 40.7553450567719]]}}, {"type": "Feature", "properties": {"name": "Queens Blvd Line", "line": "QUEENS BLVD LINE", "color": "#FF6319", "weight": 4, "category": "subway_route"}, "geometry": {"type": "LineString", "coordinates": [[-73.8469202824398, 40.7227573234227], [-73.846084731928, 40.722381263898]]}}, {"type": "Feature", "properties": {"name": "8Th Ave Line", "line": "8TH AVE LINE", "color": "#0039A6", "weight": 4, "category": "subway_route"}, "geometry": {"type": "LineString", "coordinates": [[-73.9865626825711, 40.7616683723633], [-73.9861053586375, 40.7622982027445]]}}, {"type": "Feature", "properties": {"name": "Nassau St Line", "line": "NASSAU ST LINE", "color": "#996633", "weight": 4, "category": "subway_route"}, "geometry": {"type": "LineString", "coordinates": [[-73.9949705608931, 40.7206353629716], [-73.9957530229539, 40.7209016838815]]}}, {"type": "Feature", "properties": {"name": "Broadway Line", "line": "BROADWAY LINE", "color": "#FCCC0A", "weight": 4, "category": "subway_route"}, "geometry": {"type": "LineString", "coordinates": [[-73.988870192409, 40.7445411797383], [-73.9887303521323, 40.7452946203536]]}}, {"type": "Feature", "properties": {"name": "Broadway Line", "line": "BROADWAY LINE", "color": "#FCCC0A", "weight": 4, "category": "subway_route"}, "geometry": {"type": "LineString", "coordinates": [[-73.9912818926926, 40.7324542073859], [-73.9911148520636, 40.7332221661127]]}}, {"type": "Feature", "properties": {"name": "Fulton St Line", "line": "FULTON ST LINE", "color": "#0039A6", "weight": 4, "category": "subway_route"}, "geometry": {"type": "LineString", "coordinates": [[-73.8478372395081, 40.6800739872347], [-73.8468687843243, 40.6801390969698]]}}, {"type": "Feature", "properties": {"name": "Fulton St Line", "line": "FULTON ST LINE", "color": "#0039A6", "weight": 4, "category": "subway_route"}, "geometry": {"type": "LineString", "coordinates": [[-73.8302816844575, 40.6850836488567], [-73.8294612200637, 40.6854086295977]]}}, {"type": "Feature", "properties": {"name": "Jamaica Line", "line": "JAMAICA LINE", "color": "#996633", "weight": 4, "category": "subway_route"}, "geometry": {"type": "LineString", "coordinates": [[-73.8386529196809, 40.6959281730898], [-73.8380126056096, 40.696305967381]]}}, {"type": "Feature", "properties": {"name": "Jerome Ave Line", "line": "JEROME AVE LINE", "color": "#00933C", "weight": 4, "category": "subway_route"}, "geometry": {"type": "LineString", "coordinates": [[-73.9031113856302, 40.8596606681337], [-73.9025460698384, 40.8605865266065]]}}, {"type": "Feature", "properties": {"name": "Crosstown Line", "line": "CROSSTOWN LINE", "color": "#6CBE45", "weight": 4, "category": "subway_route"}, "geometry": {"type": "LineString", "coordinates": [[-73.9519300616417, 40.7159709356147], [-73.9520520926232, 40.7166782834085]]}}, {"type": "Feature", "properties": {"name": "Jamaica Line", "line": "JAMAICA LINE", "color": "#996633", "weight": 4, "category": "subway_route"}, "geometry": {"type": "LineString", "coordinates": [[-73.9385698266941, 40.6988563747502], [-73.9381784642581, 40.6986484619621]]}}, {"type": "Feature", "properties": {"name": "West End Line", "line": "WEST END LINE", "color": "#FF6319", "weight": 4, "category": "subway_route"}, "geometry": {"type": "LineString", "coordinates": [[-73.9999447353561, 40.6157903001257], [-74.0001926590108, 40.6149586055383]]}}, {"type": "Feature", "properties": {"name": "West End Line", "line": "WEST END LINE", "color": "#FF6319", "weight": 4, "category": "subway_route"}, "geometry": {"type": "LineString", "coordinates": [[-74.0018393803539, 40.6091376017661], [-74.0017193788179, 40.6080111965791]]}}, {"type": "Feature", "properties": {"name": "8Th Ave Line", "line": "8TH AVE LINE", "color": "#0039A6", "weight": 4, "category": "subway_route"}, "geometry": {"type": "LineString", "coordinates": [[-73.9953811446092, 40.7003176272878], [-73.9945296108117, 40.7000801430294]]}}, {"type": "Feature", "properties": {"name": "4Th Ave Line", "line": "4TH AVE LINE", "color": "#FCCC0A", "weight": 4, "category": "subway_route"}, "geometry": {"type": "LineString", "coordinates": [[-74.0084978546982, 40.6504001948716], [-74.0090914406939, 40.649829806962]]}}, {"type": "Feature", "properties": {"name": "Culver/6Th Ave Line", "line": "CULVER/6TH AVE LINE", "color": "#FF6319", "weight": 4, "category": "subway_route"}, "geometry": {"type": "LineString", "coordinates": [[-73.9839443148136, 40.6680390438426], [-73.9815846129117, 40.6669007043219]]}}, {"type": "Feature", "properties": {"name": "Concourse Line", "line": "CONCOURSE LINE", "color": "#FF6319", "weight": 4, "category": "subway_route"}, "geometry": {"type": "LineString", "coordinates": [[-73.899214904104, 40.8586874113316], [-73.898839420359, 40.85931558049]]}}, {"type": "Feature", "properties": {"name": "Jamaica Line", "line": "JAMAICA LINE", "color": "#996633", "weight": 4, "category": "subway_route"}, "geometry": {"type": "LineString", "coordinates": [[-73.8925803166529, 40.6779083602074], [-73.8916724727738, 40.6780399571085]]}}, {"type": "Feature", "properties": {"name": "Manhattan Bridge Line", "line": "MANHATTAN BRIDGE LINE", "color": "#FF6319", "weight": 4, "category": "subway_route"}, "geometry": {"type": "LineString", "coordinates": [[-73.9869044078991, 40.7003775977469], [-73.9867999758543, 40.7002005362991]]}}, {"type": "Feature", "properties": {"name": "Queens Blvd Line", "line": "QUEENS BLVD LINE", "color": "#FF6319", "weight": 4, "category": "subway_route"}, "geometry": {"type": "LineString", "coordinates": [[-73.8675332385296, 40.7323315489999], [-73.8671228125206, 40.7320965206032]]}}, {"type": "Feature", "properties": {"name": "Queens Blvd Line", "line": "QUEENS BLVD LINE", "color": "#FF6319", "weight": 4, "category": "subway_route"}, "geometry": {"type": "LineString", "coordinates": [[-73.8342147581429, 40.7166454280582], [-73.8338448344151, 40.7163622783697]]}}, {"type": "Feature", "properties": {"name": "Broadway Line", "line": "BROADWAY LINE", "color": "#FCCC0A", "weight": 4, "category": "subway_route"}, "geometry": {"type": "LineString", "coordinates": [[-74.0116867660374, 40.7097009820082], [-74.0112323082331, 40.7103751032017]]}}, {"type": "Feature", "properties": {"name": "Nassau St Line", "line": "NASSAU ST LINE", "color": "#996633", "weight": 4, "category": "subway_route"}, "geometry": {"type": "LineString", "coordinates": [[-74.0073766449933, 40.7105871071326], [-74.0064805154874, 40.7112383021633]]}}, {"type": "Feature", "properties": {"name": "Archer Ave Line", "line": "ARCHER AVE LINE", "color": "#0039A6", "weight": 4, "category": "subway_route"}, "geometry": {"type": "LineString", "coordinates": [[-73.8177715062409, 40.7046123068721], [-73.8175514405711, 40.7040105777728]]}}, {"type": "Feature", "properties": {"name": "8Th Ave Line", "line": "8TH AVE LINE", "color": "#0039A6", "weight": 4, "category": "subway_route"}, "geometry": {"type": "LineString", "coordinates": [[-73.9920802993474, 40.7540993636877], [-73.9916340115743, 40.7547150529682]]}}, {"type": "Feature", "properties": {"name": "Astoria Line", "line": "ASTORIA LINE", "color": "#FCCC0A", "weight": 4, "category": "subway_route"}, "geometry": {"type": "LineString", "coordinates": [[-73.9272480457525, 40.7596791678624], [-73.9285023470548, 40.7581368653242]]}}, {"type": "Feature", "properties": {"name": "Flushing Line", "line": "FLUSHING LINE", "color": "#B933AD", "weight": 4, "category": "subway_route"}, "geometry": {"type": "LineString", "coordinates": [[-73.9699010467742, 40.7488351555134], [-73.9698463062992, 40.7488089003997]]}}, {"type": "Feature", "properties": {"name": "Queens Blvd Line", "line": "QUEENS BLVD LINE", "color": "#FF6319", "weight": 4, "category": "subway_route"}, "geometry": {"type": "LineString", "coordinates": [[-73.7989827553515, 40.708809238388], [-73.7981851577317, 40.7090326386281]]}}, {"type": "Feature", "properties": {"name": "Flushing Line", "line": "FLUSHING LINE", "color": "#B933AD", "weight": 4, "category": "subway_route"}, "geometry": {"type": "LineString", "coordinates": [[-73.9044499596757, 40.7454836646139], [-73.9033901899015, 40.7456034848201]]}}, {"type": "Feature", "properties": {"name": "14St/Canarsie Line", "line": "14ST/CANARSIE LINE", "color": "#A7A9AC", "weight": 4, "category": "subway_route"}, "geometry": {"type": "LineString", "coordinates": [[-73.9027508490844, 40.6948502002067], [-73.9025139689781, 40.6947010547994]]}}, {"type": "Feature", "properties": {"name": "Jerome Ave Line", "line": "JEROME AVE LINE", "color": "#00933C", "weight": 4, "category": "subway_route"}, "geometry": {"type": "LineString", "coordinates": [[-73.9045227888133, 40.857335183229], [-73.9042926753092, 40.8577159901069]]}}, {"type": "Feature", "properties": {"name": "Brighton Line", "line": "BRIGHTON LINE", "color": "#FF6319", "weight": 4, "category": "subway_route"}, "geometry": {"type": "LineString", "coordinates": [[-73.9641921788582, 40.5770260781745], [-73.9632796137341, 40.5772207541529]]}}, {"type": "Feature", "properties": {"name": "Crosstown Line", "line": "CROSSTOWN LINE", "color": "#6CBE45", "weight": 4, "category": "subway_route"}, "geometry": {"type": "LineString", "coordinates": [[-73.9542464850055, 40.7302057033436], [-73.9543798704521, 40.7309149699766]]}}, {"type": "Feature", "properties": {"name": "Crosstown Line", "line": "CROSSTOWN LINE", "color": "#6CBE45", "weight": 4, "category": "subway_route"}, "geometry": {"type": "LineString", "coordinates": [[-73.9512366477213, 40.7117010343396], [-73.9513566291504, 40.7124072929811]]}}, {"type": "Feature", "properties": {"name": "Jamaica Line", "line": "JAMAICA LINE", "color": "#996633", "weight": 4, "category": "subway_route"}, "geometry": {"type": "LineString", "coordinates": [[-73.936761067835, 40.6978394278901], [-73.9363889036868, 40.6976235405365]]}}, {"type": "Feature", "properties": {"name": "4Th Ave Line", "line": "4TH AVE LINE", "color": "#FCCC0A", "weight": 4, "category": "subway_route"}, "geometry": {"type": "LineString", "coordinates": [[-74.0067519728705, 40.6520786411277], [-74.0073360476472, 40.6515195732819]]}}, {"type": "Feature", "properties": {"name": "4Th Ave Line", "line": "4TH AVE LINE", "color": "#FCCC0A", "weight": 4, "category": "subway_route"}, "geometry": {"type": "LineString", "coordinates": [[-74.0061642573338, 40.6526350773134], [-74.0067519728705, 40.6520786411277]]}}, {"type": "Feature", "properties": {"name": "West End Line", "line": "WEST END LINE", "color": "#FF6319", "weight": 4, "category": "subway_route"}, "geometry": {"type": "LineString", "coordinates": [[-73.9842052283503, 40.5911745685664], [-73.9840950747808, 40.5905747508299]]}}, {"type": "Feature", "properties": {"name": "4Th Ave Line", "line": "4TH AVE LINE", "color": "#FCCC0A", "weight": 4, "category": "subway_route"}, "geometry": {"type": "LineString", "coordinates": [[-73.9887520243934, 40.6923046433517], [-73.9881872365401, 40.6922852526031]]}}, {"type": "Feature", "properties": {"name": "White Plains Rd Line", "line": "WHITE PLAINS RD LINE", "color": "#EE352E", "weight": 4, "category": "subway_route"}, "geometry": {"type": "LineString", "coordinates": [[-73.8569574572059, 40.8941762181189], [-73.8565624815306, 40.8948812407142]]}}, {"type": "Feature", "properties": {"name": "4Th Ave Line", "line": "4TH AVE LINE", "color": "#FCCC0A", "weight": 4, "category": "subway_route"}, "geometry": {"type": "LineString", "coordinates": [[-73.989071370595, 40.6699377162443], [-73.9892181465765, 40.6697617058443]]}}, {"type": "Feature", "properties": {"name": "Jamaica Line", "line": "JAMAICA LINE", "color": "#996633", "weight": 4, "category": "subway_route"}, "geometry": {"type": "LineString", "coordinates": [[-73.8340677323327, 40.6987031889594], [-73.833314812846, 40.6991165989943]]}}, {"type": "Feature", "properties": {"name": "Flushing Line", "line": "FLUSHING LINE", "color": "#B933AD", "weight": 4, "category": "subway_route"}, "geometry": {"type": "LineString", "coordinates": [[-73.8905025576521, 40.7469501889963], [-73.889572548823, 40.7470473035369]]}}, {"type": "Feature", "properties": {"name": "White Plains Rd Line", "line": "WHITE PLAINS RD LINE", "color": "#EE352E", "weight": 4, "category": "subway_route"}, "geometry": {"type": "LineString", "coordinates": [[-73.8672250895774, 40.8696410259045], [-73.8672219114096, 40.869702537563]]}}, {"type": "Feature", "properties": {"name": "Pelham Line", "line": "PELHAM LINE", "color": "#00933C", "weight": 4, "category": "subway_route"}, "geometry": {"type": "LineString", "coordinates": [[-73.8663568099592, 40.8318827514247], [-73.8654617108796, 40.8321399100588]]}}, {"type": "Feature", "properties": {"name": "West End Line", "line": "WEST END LINE", "color": "#FF6319", "weight": 4, "category": "subway_route"}, "geometry": {"type": "LineString", "coordinates": [[-73.9953217448974, 40.6028365714617], [-73.9945857185225, 40.6024288362566]]}}, {"type": "Feature", "properties": {"name": "West End Line", "line": "WEST END LINE", "color": "#FF6319", "weight": 4, "category": "subway_route"}, "geometry": {"type": "LineString", "coordinates": [[-74.0004585406791, 40.605942701186], [-73.9997192941792, 40.6054901440911]]}}, {"type": "Feature", "properties": {"name": "4Th Ave Line", "line": "4TH AVE LINE", "color": "#FCCC0A", "weight": 4, "category": "subway_route"}, "geometry": {"type": "LineString", "coordinates": [[-73.9800363920417, 40.6818608612066], [-73.9804628450965, 40.6812307810864]]}}, {"type": "Feature", "properties": {"name": "White Plains Rd Line", "line": "WHITE PLAINS RD LINE", "color": "#EE352E", "weight": 4, "category": "subway_route"}, "geometry": {"type": "LineString", "coordinates": [[-73.9227601019584, 40.8173965481958], [-73.9223285439158, 40.8172856948324]]}}, {"type": "Feature", "properties": {"name": "Jerome Ave Line", "line": "JEROME AVE LINE", "color": "#00933C", "weight": 4, "category": "subway_route"}, "geometry": {"type": "LineString", "coordinates": [[-73.9258400823461, 40.8279792131329], [-73.9249731358143, 40.8295309800458]]}}, {"type": "Feature", "properties": {"name": "4Th Ave Line", "line": "4TH AVE LINE", "color": "#FCCC0A", "weight": 4, "category": "subway_route"}, "geometry": {"type": "LineString", "coordinates": [[-74.0256614132767, 40.6293859328673], [-74.0259594922951, 40.6286554899881]]}}, {"type": "Feature", "properties": {"name": "4Th Ave Line", "line": "4TH AVE LINE", "color": "#FCCC0A", "weight": 4, "category": "subway_route"}, "geometry": {"type": "LineString", "coordinates": [[-74.0154927280728, 40.6436786838446], [-74.0160717137616, 40.6431168697109]]}}, {"type": "Feature", "properties": {"name": "Jerome Ave Line", "line": "JEROME AVE LINE", "color": "#00933C", "weight": 4, "category": "subway_route"}, "geometry": {"type": "LineString", "coordinates": [[-73.8856764517935, 40.8788807867402], [-73.8854119521009, 40.8791099599139]]}}, {"type": "Feature", "properties": {"name": "Lexington Ave", "line": "LEXINGTON AVE", "color": "#00933C", "weight": 4, "category": "subway_route"}, "geometry": {"type": "LineString", "coordinates": [[-73.9958836633767, 40.7244110827287], [-73.9953854698354, 40.7250241751558]]}}, {"type": "Feature", "properties": {"name": "Jamaica Line", "line": "JAMAICA LINE", "color": "#996633", "weight": 4, "category": "subway_route"}, "geometry": {"type": "LineString", "coordinates": [[-73.9572838392058, 40.7082155499761], [-73.9572045010697, 40.7081874876942]]}}, {"type": "Feature", "properties": {"name": "New Lots Line", "line": "NEW LOTS LINE", "color": "#EE352E", "weight": 4, "category": "subway_route"}, "geometry": {"type": "LineString", "coordinates": [[-73.8995976701336, 40.6639520331432], [-73.8986819042573, 40.6640702252978]]}}, {"type": "Feature", "properties": {"name": "Jamaica Line", "line": "JAMAICA LINE", "color": "#996633", "weight": 4, "category": "subway_route"}, "geometry": {"type": "LineString", "coordinates": [[-73.9056606085887, 40.6801489275197], [-73.9055496347711, 40.6800798388213]]}}, {"type": "Feature", "properties": {"name": "Jamaica Line", "line": "JAMAICA LINE", "color": "#996633", "weight": 4, "category": "subway_route"}, "geometry": {"type": "LineString", "coordinates": [[-73.894390077818, 40.6776381252556], [-73.893485316333, 40.6777702971551]]}}, {"type": "Feature", "properties": {"name": "Pelham Line", "line": "PELHAM LINE", "color": "#00933C", "weight": 4, "category": "subway_route"}, "geometry": {"type": "LineString", "coordinates": [[-73.8377553502498, 40.8428941805009], [-73.8376039089689, 40.8429763307182]]}}, {"type": "Feature", "properties": {"name": "6Th Ave Line", "line": "6TH AVE LINE", "color": "#FF6319", "weight": 4, "category": "subway_route"}, "geometry": {"type": "LineString", "coordinates": [[-73.9865666402861, 40.7002233310452], [-73.9865039397595, 40.700111900317]]}}, {"type": "Feature", "properties": {"name": "Flushing/Astoria Line", "line": "FLUSHING/ASTORIA LINE", "color": "#B933AD", "weight": 4, "category": "subway_route"}, "geometry": {"type": "LineString", "coordinates": [[-73.9396665433357, 40.7503601875816], [-73.9396385095334, 40.7503481376474], [-73.938861875863, 40.7500127216158]]}}, {"type": "Feature", "properties": {"name": "Flushing/Astoria Line", "line": "FLUSHING/ASTORIA LINE", "color": "#B933AD", "weight": 4, "category": "subway_route"}, "geometry": {"type": "LineString", "coordinates": [[-73.94047457669, 40.7507115054258], [-73.9402422036303, 40.7506108581912]]}}, {"type": "Feature", "properties": {"name": "Flushing Line", "line": "FLUSHING LINE", "color": "#B933AD", "weight": 4, "category": "subway_route"}, "geometry": {"type": "LineString", "coordinates": [[-73.9425453114682, 40.7509566258962], [-73.9428235309244, 40.7506599703063]]}}, {"type": "Feature", "properties": {"name": "Flushing Line", "line": "FLUSHING LINE", "color": "#B933AD", "weight": 4, "category": "subway_route"}, "geometry": {"type": "LineString", "coordinates": [[-73.9414566943687, 40.7511480635793], [-73.9415202853492, 40.7511716137247], [-73.941586250368, 40.7511910232805], [-73.9416541242338, 40.7512061553723], [-73.9417234282939, 40.7512169032903], [-73.9417936738097, 40.7512231912413]]}}, {"type": "Feature", "properties": {"name": "Flushing Line", "line": "FLUSHING LINE", "color": "#B933AD", "weight": 4, "category": "subway_route"}, "geometry": {"type": "LineString", "coordinates": [[-73.9409878224723, 40.7509402659663], [-73.9414566943687, 40.7511480635793]]}}, {"type": "Feature", "properties": {"name": "Astoria Line", "line": "ASTORIA LINE", "color": "#FCCC0A", "weight": 4, "category": "subway_route"}, "geometry": {"type": "LineString", "coordinates": [[-73.9417645527884, 40.7514661708453], [-73.941525463316, 40.7512900179472]]}}, {"type": "Feature", "properties": {"name": "Astoria Line", "line": "ASTORIA LINE", "color": "#FCCC0A", "weight": 4, "category": "subway_route"}, "geometry": {"type": "LineString", "coordinates": [[-73.9439174876886, 40.7524589380095], [-73.9427915868718, 40.7519676162582]]}}, {"type": "Feature", "properties": {"name": "63Rd St Line", "line": "63RD ST LINE", "color": "#FF6319", "weight": 4, "category": "subway_route"}, "geometry": {"type": "LineString", "coordinates": [[-73.9440207061089, 40.7548181282101], [-73.9424315978229, 40.7540051155122]]}}, {"type": "Feature", "properties": {"name": "63Rd St Line", "line": "63RD ST LINE", "color": "#FF6319", "weight": 4, "category": "subway_route"}, "geometry": {"type": "LineString", "coordinates": [[-73.9366312460641, 40.7509158097801], [-73.9363980812645, 40.7508694314346], [-73.9361604867659, 40.7508386917744], [-73.9359202725597, 40.7508238249956], [-73.9356792685945, 40.7508249443638], [-73.935439310835, 40.7508420413507], [-73.9352022272761, 40.7508749856997], [-73.9349698240169, 40.7509235264177], [-73.9347438715023, 40.7509872936886]]}}, {"type": "Feature", "properties": {"name": "Flushing Line", "line": "FLUSHING LINE", "color": "#B933AD", "weight": 4, "category": "subway_route"}, "geometry": {"type": "LineString", "coordinates": [[-73.9456517096689, 40.7458264451584], [-73.9446584991312, 40.744313697021]]}}, {"type": "Feature", "properties": {"name": "Queens Blvd Line", "line": "QUEENS BLVD LINE", "color": "#FF6319", "weight": 4, "category": "subway_route"}, "geometry": {"type": "LineString", "coordinates": [[-73.9473564330692, 40.7481156490238], [-73.9450575681896, 40.7476721388571]]}}, {"type": "Feature", "properties": {"name": "Flushing Line", "line": "FLUSHING LINE", "color": "#B933AD", "weight": 4, "category": "subway_route"}, "geometry": {"type": "LineString", "coordinates": [[-73.9450575681896, 40.7476721388571], [-73.9453182971543, 40.7469246534866]]}}, {"type": "Feature", "properties": {"name": "Crosstown Line", "line": "CROSSTOWN LINE", "color": "#6CBE45", "weight": 4, "category": "subway_route"}, "geometry": {"type": "LineString", "coordinates": [[-73.94402063724, 40.7464874012783], [-73.9437170113966, 40.7466082385982]]}}, {"type": "Feature", "properties": {"name": "Broadway Line", "line": "BROADWAY LINE", "color": "#FCCC0A", "weight": 4, "category": "subway_route"}, "geometry": {"type": "LineString", "coordinates": [[-74.0049774294869, 40.7157681797275], [-74.0045348015059, 40.7162881530128]]}}, {"type": "Feature", "properties": {"name": "Manhattan Bridge Line", "line": "MANHATTAN BRIDGE LINE", "color": "#FF6319", "weight": 4, "category": "subway_route"}, "geometry": {"type": "LineString", "coordinates": [[-73.9977641581782, 40.7168221689039], [-73.9985905542223, 40.7171077518458]]}}, {"type": "Feature", "properties": {"name": "8Th Ave Line", "line": "8TH AVE LINE", "color": "#0039A6", "weight": 4, "category": "subway_route"}, "geometry": {"type": "LineString", "coordinates": [[-73.996197854244, 40.7484475748181], [-73.9957498551969, 40.7490604434302]]}}, {"type": "Feature", "properties": {"name": "Broadway/7Th Ave Line", "line": "BROADWAY/7TH AVE LINE", "color": "#EE352E", "weight": 4, "category": "subway_route"}, "geometry": {"type": "LineString", "coordinates": [[-73.9523061301548, 40.8238954984434], [-73.9518533950609, 40.8245180662554]]}}, {"type": "Feature", "properties": {"name": "Lenox Ave Line", "line": "LENOX AVE LINE", "color": "#EE352E", "weight": 4, "category": "subway_route"}, "geometry": {"type": "LineString", "coordinates": [[-73.9464393035565, 40.806477359372], [-73.9459789469986, 40.8071064041217]]}}, {"type": "Feature", "properties": {"name": "Astoria Line", "line": "ASTORIA LINE", "color": "#FCCC0A", "weight": 4, "category": "subway_route"}, "geometry": {"type": "LineString", "coordinates": [[-73.9207711094114, 40.7676573293455], [-73.9213933786748, 40.7668959236945]]}}, {"type": "Feature", "properties": {"name": "8Th Ave Line", "line": "8TH AVE LINE", "color": "#0039A6", "weight": 4, "category": "subway_route"}, "geometry": {"type": "LineString", "coordinates": [[-73.925005490214, 40.8663448170538], [-73.9231111628305, 40.8670238541594]]}}, {"type": "Feature", "properties": {"name": "Broadway/7Th Ave Line", "line": "BROADWAY/7TH AVE LINE", "color": "#EE352E", "weight": 4, "category": "subway_route"}, "geometry": {"type": "LineString", "coordinates": [[-73.9439691137505, 40.8353171776771], [-73.9435149529923, 40.8359413945546]]}}, {"type": "Feature", "properties": {"name": "Fulton St Line", "line": "FULTON ST LINE", "color": "#0039A6", "weight": 4, "category": "subway_route"}, "geometry": {"type": "LineString", "coordinates": [[-73.8497273082445, 40.679956630386], [-73.8487915369575, 40.6800176752805]]}}, {"type": "Feature", "properties": {"name": "Fulton St Line", "line": "FULTON ST LINE", "color": "#0039A6", "weight": 4, "category": "subway_route"}, "geometry": {"type": "LineString", "coordinates": [[-73.8329514063755, 40.6840375365562], [-73.8327272344458, 40.6841245606334]]}}, {"type": "Feature", "properties": {"name": "Nostrand Ave Line", "line": "NOSTRAND AVE LINE", "color": "#EE352E", "weight": 4, "category": "subway_route"}, "geometry": {"type": "LineString", "coordinates": [[-73.9480159377799, 40.636275178901], [-73.9477745814034, 40.6340063822727]]}}, {"type": "Feature", "properties": {"name": "Crosstown Line", "line": "CROSSTOWN LINE", "color": "#6CBE45", "weight": 4, "category": "subway_route"}, "geometry": {"type": "LineString", "coordinates": [[-73.95449573964, 40.7316219599819], [-73.954610413911, 40.732332506589]]}}, {"type": "Feature", "properties": {"name": "Jamaica Line", "line": "JAMAICA LINE", "color": "#996633", "weight": 4, "category": "subway_route"}, "geometry": {"type": "LineString", "coordinates": [[-73.9529151701875, 40.7067085507028], [-73.952516321248, 40.7065668267617]]}}, {"type": "Feature", "properties": {"name": "Crosstown Line", "line": "CROSSTOWN LINE", "color": "#6CBE45", "weight": 4, "category": "subway_route"}, "geometry": {"type": "LineString", "coordinates": [[-73.9550752949269, 40.7351679844781], [-73.9551918768211, 40.7358759640555]]}}, {"type": "Feature", "properties": {"name": "4Th Ave Line", "line": "4TH AVE LINE", "color": "#FCCC0A", "weight": 4, "category": "subway_route"}, "geometry": {"type": "LineString", "coordinates": [[-74.0073360476472, 40.6515195732819], [-74.0079178074986, 40.6509588995153]]}}, {"type": "Feature", "properties": {"name": "West End Line", "line": "WEST END LINE", "color": "#FF6319", "weight": 4, "category": "subway_route"}, "geometry": {"type": "LineString", "coordinates": [[-73.9915997157402, 40.6005885835663], [-73.990865076506, 40.6001422469297]]}}, {"type": "Feature", "properties": {"name": "Culver/6Th Ave Line", "line": "CULVER/6TH AVE LINE", "color": "#FF6319", "weight": 4, "category": "subway_route"}, "geometry": {"type": "LineString", "coordinates": [[-73.9943441485884, 40.6810138449993], [-73.9944025074789, 40.6809270653331]]}}, {"type": "Feature", "properties": {"name": "Jerome Ave Line", "line": "JEROME AVE LINE", "color": "#00933C", "weight": 4, "category": "subway_route"}, "geometry": {"type": "LineString", "coordinates": [[-73.9123647353341, 40.847691608498], [-73.9119739166479, 40.8482378649659]]}}, {"type": "Feature", "properties": {"name": "Culver Line", "line": "CULVER LINE", "color": "#FF6319", "weight": 4, "category": "subway_route"}, "geometry": {"type": "LineString", "coordinates": [[-73.9730223642565, 40.5985270039986], [-73.9731241298732, 40.5977987395075]]}}, {"type": "Feature", "properties": {"name": "Jerome Ave Line", "line": "JEROME AVE LINE", "color": "#00933C", "weight": 4, "category": "subway_route"}, "geometry": {"type": "LineString", "coordinates": [[-73.9134659874095, 40.8461556051835], [-73.9131520264949, 40.8465852733292]]}}, {"type": "Feature", "properties": {"name": "14St/Canarsie Line", "line": "14ST/CANARSIE LINE", "color": "#A7A9AC", "weight": 4, "category": "subway_route"}, "geometry": {"type": "LineString", "coordinates": [[-73.9564402869859, 40.7170406636656], [-73.9551873814619, 40.7162603588602]]}}, {"type": "Feature", "properties": {"name": "Broadway/7Th Ave Line", "line": "BROADWAY/7TH AVE LINE", "color": "#EE352E", "weight": 4, "category": "subway_route"}, "geometry": {"type": "LineString", "coordinates": [[-73.9035631759454, 40.8806599764338], [-73.9034360286475, 40.8808296479754]]}}, {"type": "Feature", "properties": {"name": "4Th Ave Line", "line": "4TH AVE LINE", "color": "#FCCC0A", "weight": 4, "category": "subway_route"}, "geometry": {"type": "LineString", "coordinates": [[-73.9872122969336, 40.6721688485663], [-73.9874462568015, 40.6718883186074]]}}, {"type": "Feature", "properties": {"name": "Jamaica Line", "line": "JAMAICA LINE", "color": "#996633", "weight": 4, "category": "subway_route"}, "geometry": {"type": "LineString", "coordinates": [[-73.9270719687557, 40.6923544613883], [-73.926451195254, 40.6920100070784]]}}, {"type": "Feature", "properties": {"name": "Lexington Ave", "line": "LEXINGTON AVE", "color": "#00933C", "weight": 4, "category": "subway_route"}, "geometry": {"type": "LineString", "coordinates": [[-73.9953303773274, 40.7250919817214], [-73.9952777355156, 40.7251574826903]]}}, {"type": "Feature", "properties": {"name": "Jamaica Line", "line": "JAMAICA LINE", "color": "#996633", "weight": 4, "category": "subway_route"}, "geometry": {"type": "LineString", "coordinates": [[-73.9115131974891, 40.6835132266509], [-73.9107708126082, 40.6831009377784]]}}, {"type": "Feature", "properties": {"name": "Jamaica Line", "line": "JAMAICA LINE", "color": "#996633", "weight": 4, "category": "subway_route"}, "geometry": {"type": "LineString", "coordinates": [[-73.9047906269338, 40.6796586933973], [-73.9045701795, 40.6795237735285]]}}, {"type": "Feature", "properties": {"name": "14St/Canarsie Line", "line": "14ST/CANARSIE LINE", "color": "#A7A9AC", "weight": 4, "category": "subway_route"}, "geometry": {"type": "LineString", "coordinates": [[-73.91923164953, 40.7043195628005], [-73.9185046435699, 40.7038658673707]]}}, {"type": "Feature", "properties": {"name": "14St/Canarsie Line", "line": "14ST/CANARSIE LINE", "color": "#A7A9AC", "weight": 4, "category": "subway_route"}, "geometry": {"type": "LineString", "coordinates": [[-73.9148509966289, 40.70162546774], [-73.9140890651776, 40.7012059830778]]}}, {"type": "Feature", "properties": {"name": "Fulton St Line", "line": "FULTON ST LINE", "color": "#0039A6", "weight": 4, "category": "subway_route"}, "geometry": {"type": "LineString", "coordinates": [[-73.9190521098553, 40.6787367103626], [-73.9179695765714, 40.6786772572096]]}}, {"type": "Feature", "properties": {"name": "Fulton St Line", "line": "FULTON ST LINE", "color": "#0039A6", "weight": 4, "category": "subway_route"}, "geometry": {"type": "LineString", "coordinates": [[-73.8850287562687, 40.6735083735972], [-73.8842155613192, 40.6736291100412]]}}, {"type": "Feature", "properties": {"name": "Manhattan Bridge Line", "line": "MANHATTAN BRIDGE LINE", "color": "#FF6319", "weight": 4, "category": "subway_route"}, "geometry": {"type": "LineString", "coordinates": [[-73.9850087979634, 40.6968615137968], [-73.9849648643771, 40.6967709977328]]}}, {"type": "Feature", "properties": {"name": "Jamaica Line", "line": "JAMAICA LINE", "color": "#996633", "weight": 4, "category": "subway_route"}, "geometry": {"type": "LineString", "coordinates": [[-73.9363889036868, 40.6976235405365], [-73.9360080695204, 40.6974136347481]]}}, {"type": "Feature", "properties": {"name": "14St/Canarsie Line", "line": "14ST/CANARSIE LINE", "color": "#A7A9AC", "weight": 4, "category": "subway_route"}, "geometry": {"type": "LineString", "coordinates": [[-73.9400783209277, 40.7091107865219], [-73.9399529342059, 40.7084059134676]]}}, {"type": "Feature", "properties": {"name": "West End Line", "line": "WEST END LINE", "color": "#FF6319", "weight": 4, "category": "subway_route"}, "geometry": {"type": "LineString", "coordinates": [[-73.9963374776914, 40.6284539990791], [-73.9965589335469, 40.6276491570455]]}}, {"type": "Feature", "properties": {"name": "4Th Ave Line", "line": "4TH AVE LINE", "color": "#FCCC0A", "weight": 4, "category": "subway_route"}, "geometry": {"type": "LineString", "coordinates": [[-73.9815024779624, 40.6899963913646], [-73.9814744434245, 40.6899394456014]]}}, {"type": "Feature", "properties": {"name": "White Plains Rd Line", "line": "WHITE PLAINS RD LINE", "color": "#EE352E", "weight": 4, "category": "subway_route"}, "geometry": {"type": "LineString", "coordinates": [[-73.8565624815306, 40.8948812407142], [-73.856161095385, 40.8956056595064]]}}, {"type": "Feature", "properties": {"name": "Pelham Line", "line": "PELHAM LINE", "color": "#00933C", "weight": 4, "category": "subway_route"}, "geometry": {"type": "LineString", "coordinates": [[-73.9200468448718, 40.8079150587432], [-73.9192157845989, 40.8075619825712]]}}, {"type": "Feature", "properties": {"name": "Jerome Ave Line", "line": "JEROME AVE LINE", "color": "#00933C", "weight": 4, "category": "subway_route"}, "geometry": {"type": "LineString", "coordinates": [[-73.914186301656, 40.8451432148333], [-73.9141620420986, 40.8451860240499]]}}, {"type": "Feature", "properties": {"name": "4Th Ave Line", "line": "4TH AVE LINE", "color": "#FCCC0A", "weight": 4, "category": "subway_route"}, "geometry": {"type": "LineString", "coordinates": [[-74.0304862784487, 40.6175907657098], [-74.0308463770794, 40.6167077086162]]}}, {"type": "Feature", "properties": {"name": "Queens Blvd Line", "line": "QUEENS BLVD LINE", "color": "#FF6319", "weight": 4, "category": "subway_route"}, "geometry": {"type": "LineString", "coordinates": [[-73.8645758398342, 40.730939910701], [-73.8640174606128, 40.7307404469578]]}}, {"type": "Feature", "properties": {"name": "Flushing Line", "line": "FLUSHING LINE", "color": "#B933AD", "weight": 4, "category": "subway_route"}, "geometry": {"type": "LineString", "coordinates": [[-73.8923221713457, 40.7467609971175], [-73.8917517544893, 40.7468199768517]]}}, {"type": "Feature", "properties": {"name": "New Lots Line", "line": "NEW LOTS LINE", "color": "#EE352E", "weight": 4, "category": "subway_route"}, "geometry": {"type": "LineString", "coordinates": [[-73.8866899230293, 40.6658589647565], [-73.8857962377833, 40.6660022895828]]}}, {"type": "Feature", "properties": {"name": "Jamaica Line", "line": "JAMAICA LINE", "color": "#996633", "weight": 4, "category": "subway_route"}, "geometry": {"type": "LineString", "coordinates": [[-73.885556283904, 40.6796648337722], [-73.8846717254016, 40.679948522427]]}}, {"type": "Feature", "properties": {"name": "New Lots Line", "line": "NEW LOTS LINE", "color": "#EE352E", "weight": 4, "category": "subway_route"}, "geometry": {"type": "LineString", "coordinates": [[-73.8986819042573, 40.6640702252978], [-73.8977594203318, 40.6642092957879]]}}, {"type": "Feature", "properties": {"name": "Manhattan Bridge Line", "line": "MANHATTAN BRIDGE LINE", "color": "#FF6319", "weight": 4, "category": "subway_route"}, "geometry": {"type": "LineString", "coordinates": [[-73.9943682508469, 40.7137203259723], [-73.9940021589614, 40.7130704719979]]}}, {"type": "Feature", "properties": {"name": "Broadway/7Th Ave Line", "line": "BROADWAY/7TH AVE LINE", "color": "#EE352E", "weight": 4, "category": "subway_route"}, "geometry": {"type": "LineString", "coordinates": [[-74.0149519583503, 40.7048171649688], [-74.0143980136729, 40.7061081281894]]}}, {"type": "Feature", "properties": {"name": "Broadway Line", "line": "BROADWAY LINE", "color": "#FCCC0A", "weight": 4, "category": "subway_route"}, "geometry": {"type": "LineString", "coordinates": [[-74.0132710973837, 40.7045617341522], [-74.0133274112395, 40.7050390257952]]}}, {"type": "Feature", "properties": {"name": "6Th Ave Line", "line": "6TH AVE LINE", "color": "#FF6319", "weight": 4, "category": "subway_route"}, "geometry": {"type": "LineString", "coordinates": [[-73.9885287411543, 40.703723092038], [-73.9883212541881, 40.703376256871], [-73.9881937951406, 40.7031550427909]]}}, {"type": "Feature", "properties": {"name": "8Th Ave Line", "line": "8TH AVE LINE", "color": "#0039A6", "weight": 4, "category": "subway_route"}, "geometry": {"type": "LineString", "coordinates": [[-73.9796536295855, 40.7711635791424], [-73.9791934405709, 40.7717895177399]]}}, {"type": "Feature", "properties": {"name": "Broadway/7Th Ave Line", "line": "BROADWAY/7TH AVE LINE", "color": "#EE352E", "weight": 4, "category": "subway_route"}, "geometry": {"type": "LineString", "coordinates": [[-73.9828189267999, 40.7633731785551], [-73.9824710042715, 40.7640417142708]]}}, {"type": "Feature", "properties": {"name": "63Rd St Line", "line": "63RD ST LINE", "color": "#FF6319", "weight": 4, "category": "subway_route"}, "geometry": {"type": "LineString", "coordinates": [[-73.9414077456499, 40.7534670965517], [-73.9406175831875, 40.7530455346824]]}}, {"type": "Feature", "properties": {"name": "Queens Blvd Line", "line": "QUEENS BLVD LINE", "color": "#FF6319", "weight": 4, "category": "subway_route"}, "geometry": {"type": "LineString", "coordinates": [[-73.8739668536995, 40.7345599842818], [-73.8734192620547, 40.7343843697362]]}}, {"type": "Feature", "properties": {"name": "6Th Ave Line", "line": "6TH AVE LINE", "color": "#FF6319", "weight": 4, "category": "subway_route"}, "geometry": {"type": "LineString", "coordinates": [[-73.9882389117984, 40.7491384164429], [-73.9879748739446, 40.7494990260892]]}}, {"type": "Feature", "properties": {"name": "Astoria Line", "line": "ASTORIA LINE", "color": "#FCCC0A", "weight": 4, "category": "subway_route"}, "geometry": {"type": "LineString", "coordinates": [[-73.9123893973929, 40.7747535973398], [-73.912868725825, 40.7743721049045]]}}, {"type": "Feature", "properties": {"name": "Astoria Line", "line": "ASTORIA LINE", "color": "#FCCC0A", "weight": 4, "category": "subway_route"}, "geometry": {"type": "LineString", "coordinates": [[-73.9661287636556, 40.7621875504783], [-73.9638843942684, 40.7612415367638]]}}, {"type": "Feature", "properties": {"name": "Queens Blvd Line", "line": "QUEENS BLVD LINE", "color": "#FF6319", "weight": 4, "category": "subway_route"}, "geometry": {"type": "LineString", "coordinates": [[-73.9259620020875, 40.75210471746], [-73.9256287150165, 40.7521454938975]]}}, {"type": "Feature", "properties": {"name": "Queens Blvd Line", "line": "QUEENS BLVD LINE", "color": "#FF6319", "weight": 4, "category": "subway_route"}, "geometry": {"type": "LineString", "coordinates": [[-73.9391752773169, 40.7482860658514], [-73.9389170405674, 40.7483781682963]]}}, {"type": "Feature", "properties": {"name": "Astoria Line", "line": "ASTORIA LINE", "color": "#FCCC0A", "weight": 4, "category": "subway_route"}, "geometry": {"type": "LineString", "coordinates": [[-73.9329111830577, 40.7527014534262], [-73.9338339737742, 40.7516129512076]]}}, {"type": "Feature", "properties": {"name": "Lexington Ave", "line": "LEXINGTON AVE", "color": "#00933C", "weight": 4, "category": "subway_route"}, "geometry": {"type": "LineString", "coordinates": [[-73.938372786379, 40.8030797277873], [-73.9379151270025, 40.8037074811869]]}}, {"type": "Feature", "properties": {"name": "West End Line", "line": "WEST END LINE", "color": "#FF6319", "weight": 4, "category": "subway_route"}, "geometry": {"type": "LineString", "coordinates": [[-73.9951814943877, 40.6332356252472], [-73.9952941299025, 40.6323994350057]]}}, {"type": "Feature", "properties": {"name": "Nostrand Ave Line", "line": "NOSTRAND AVE LINE", "color": "#EE352E", "weight": 4, "category": "subway_route"}, "geometry": {"type": "LineString", "coordinates": [[-73.9507254067586, 40.6615772962054], [-73.9506457209025, 40.6608353621925]]}}, {"type": "Feature", "properties": {"name": "Crosstown Line", "line": "CROSSTOWN LINE", "color": "#6CBE45", "weight": 4, "category": "subway_route"}, "geometry": {"type": "LineString", "coordinates": [[-73.9502382199158, 40.7054814862738], [-73.950290466491, 40.7059216791377]]}}, {"type": "Feature", "properties": {"name": "White Plains Rd Line", "line": "WHITE PLAINS RD LINE", "color": "#EE352E", "weight": 4, "category": "subway_route"}, "geometry": {"type": "LineString", "coordinates": [[-73.8624172455382, 40.8842896765818], [-73.8620302413604, 40.8849948994156]]}}, {"type": "Feature", "properties": {"name": "4Th Ave Line", "line": "4TH AVE LINE", "color": "#FCCC0A", "weight": 4, "category": "subway_route"}, "geometry": {"type": "LineString", "coordinates": [[-73.9821906891403, 40.6786840376635], [-73.9826185452379, 40.6780506629737]]}}, {"type": "Feature", "properties": {"name": "Fulton St Line", "line": "FULTON ST LINE", "color": "#0039A6", "weight": 4, "category": "subway_route"}, "geometry": {"type": "LineString", "coordinates": [[-73.9658660033975, 40.6832754622347], [-73.9647798121007, 40.6830479533663]]}}, {"type": "Feature", "properties": {"name": "Fulton St Line", "line": "FULTON ST LINE", "color": "#0039A6", "weight": 4, "category": "subway_route"}, "geometry": {"type": "LineString", "coordinates": [[-73.9730744370796, 40.6857712889415], [-73.9727661157093, 40.6856495275371]]}}, {"type": "Feature", "properties": {"name": "Crosstown Line", "line": "CROSSTOWN LINE", "color": "#6CBE45", "weight": 4, "category": "subway_route"}, "geometry": {"type": "LineString", "coordinates": [[-73.9726887490155, 40.687423429803], [-73.9717279445549, 40.6875362302944]]}}, {"type": "Feature", "properties": {"name": "4Th Ave Line", "line": "4TH AVE LINE", "color": "#FCCC0A", "weight": 4, "category": "subway_route"}, "geometry": {"type": "LineString", "coordinates": [[-73.9804628450965, 40.6812307810864], [-73.9808906136988, 40.6806015829303]]}}, {"type": "Feature", "properties": {"name": "White Plains Rd Line", "line": "WHITE PLAINS RD LINE", "color": "#EE352E", "weight": 4, "category": "subway_route"}, "geometry": {"type": "LineString", "coordinates": [[-73.8675887898509, 40.8578383625482], [-73.8675577739537, 40.8582735344007]]}}, {"type": "Feature", "properties": {"name": "Concourse Line", "line": "CONCOURSE LINE", "color": "#FF6319", "weight": 4, "category": "subway_route"}, "geometry": {"type": "LineString", "coordinates": [[-73.8982910081591, 40.8603426933278], [-73.8982285641504, 40.860457135741]]}}, {"type": "Feature", "properties": {"name": "White Plains Rd Line", "line": "WHITE PLAINS RD LINE", "color": "#EE352E", "weight": 4, "category": "subway_route"}, "geometry": {"type": "LineString", "coordinates": [[-73.8843545138597, 40.8392859183092], [-73.8841827011923, 40.8393435753474]]}}, {"type": "Feature", "properties": {"name": "Jamaica Line", "line": "JAMAICA LINE", "color": "#996633", "weight": 4, "category": "subway_route"}, "geometry": {"type": "LineString", "coordinates": [[-73.9070194698836, 40.6809565164995], [-73.906720678783, 40.6807756586258]]}}, {"type": "Feature", "properties": {"name": "Jamaica Line", "line": "JAMAICA LINE", "color": "#996633", "weight": 4, "category": "subway_route"}, "geometry": {"type": "LineString", "coordinates": [[-73.8300241115911, 40.7002207241999], [-73.82981146851, 40.7002557100499]]}}, {"type": "Feature", "properties": {"name": "New Lots Line", "line": "NEW LOTS LINE", "color": "#EE352E", "weight": 4, "category": "subway_route"}, "geometry": {"type": "LineString", "coordinates": [[-73.9197325582093, 40.6621315833385], [-73.9195960682452, 40.6620039118349]]}}, {"type": "Feature", "properties": {"name": "14St/Canarsie Line", "line": "14ST/CANARSIE LINE", "color": "#A7A9AC", "weight": 4, "category": "subway_route"}, "geometry": {"type": "LineString", "coordinates": [[-73.916326108837, 40.7025069085293], [-73.9156012710456, 40.7020542409032]]}}, {"type": "Feature", "properties": {"name": "Jamaica Line", "line": "JAMAICA LINE", "color": "#996633", "weight": 4, "category": "subway_route"}, "geometry": {"type": "LineString", "coordinates": [[-73.8727401759325, 40.6854184341155], [-73.8725557533405, 40.6848487083182]]}}, {"type": "Feature", "properties": {"name": "Jamaica Line", "line": "JAMAICA LINE", "color": "#996633", "weight": 4, "category": "subway_route"}, "geometry": {"type": "LineString", "coordinates": [[-73.948141943021, 40.7042794943406], [-73.9478549542466, 40.7041196231382]]}}, {"type": "Feature", "properties": {"name": "Nostrand Ave Line", "line": "NOSTRAND AVE LINE", "color": "#EE352E", "weight": 4, "category": "subway_route"}, "geometry": {"type": "LineString", "coordinates": [[-73.9493713160219, 40.6489312752762], [-73.9492871739711, 40.6481491743608]]}}, {"type": "Feature", "properties": {"name": "Nostrand Ave Line", "line": "NOSTRAND AVE LINE", "color": "#EE352E", "weight": 4, "category": "subway_route"}, "geometry": {"type": "LineString", "coordinates": [[-73.9504166792253, 40.6587013810706], [-73.9503272469356, 40.6578456624509]]}}, {"type": "Feature", "properties": {"name": "Crosstown Line", "line": "CROSSTOWN LINE", "color": "#6CBE45", "weight": 4, "category": "subway_route"}, "geometry": {"type": "LineString", "coordinates": [[-73.954843951483, 40.7337485040634], [-73.9549600666019, 40.7344574652043]]}}, {"type": "Feature", "properties": {"name": "White Plains Rd Line", "line": "WHITE PLAINS RD LINE", "color": "#EE352E", "weight": 4, "category": "subway_route"}, "geometry": {"type": "LineString", "coordinates": [[-73.8678013124074, 40.8515975653576], [-73.8677707138369, 40.8524217152939]]}}, {"type": "Feature", "properties": {"name": "West End Line", "line": "WEST END LINE", "color": "#FF6319", "weight": 4, "category": "subway_route"}, "geometry": {"type": "LineString", "coordinates": [[-74.0012059970266, 40.6063934154583], [-74.0004585406791, 40.605942701186]]}}, {"type": "Feature", "properties": {"name": "4Th Ave Line", "line": "4TH AVE LINE", "color": "#FCCC0A", "weight": 4, "category": "subway_route"}, "geometry": {"type": "LineString", "coordinates": [[-74.0090914406939, 40.649829806962], [-74.0096654279455, 40.6492774905535]]}}, {"type": "Feature", "properties": {"name": "Houston/Essex St Line", "line": "HOUSTON/ESSEX ST LINE", "color": "#FF6319", "weight": 4, "category": "subway_route"}, "geometry": {"type": "LineString", "coordinates": [[-73.9866094834427, 40.7037655243302], [-73.9866499409933, 40.7031080742179]]}}, {"type": "Feature", "properties": {"name": "West End Line", "line": "WEST END LINE", "color": "#FF6319", "weight": 4, "category": "subway_route"}, "geometry": {"type": "LineString", "coordinates": [[-73.9945857185225, 40.6024288362566], [-73.9938123837831, 40.6019587068036]]}}, {"type": "Feature", "properties": {"name": "West End Line", "line": "WEST END LINE", "color": "#FF6319", "weight": 4, "category": "subway_route"}, "geometry": {"type": "LineString", "coordinates": [[-73.9923391357065, 40.6010439844934], [-73.9915997157402, 40.6005885835663]]}}, {"type": "Feature", "properties": {"name": "Broadway/7Th Ave Line", "line": "BROADWAY/7TH AVE LINE", "color": "#EE352E", "weight": 4, "category": "subway_route"}, "geometry": {"type": "LineString", "coordinates": [[-73.9068295067841, 40.8766398271793], [-73.9066346429956, 40.8767520386188]]}}, {"type": "Feature", "properties": {"name": "Concourse Line", "line": "CONCOURSE LINE", "color": "#FF6319", "weight": 4, "category": "subway_route"}, "geometry": {"type": "LineString", "coordinates": [[-73.9127795096805, 40.8406993326147], [-73.9126989699209, 40.8409383973737]]}}, {"type": "Feature", "properties": {"name": "Jerome Ave Line", "line": "JEROME AVE LINE", "color": "#00933C", "weight": 4, "category": "subway_route"}, "geometry": {"type": "LineString", "coordinates": [[-73.9190179635588, 40.8383893599217], [-73.9185932410079, 40.8389903569062]]}}, {"type": "Feature", "properties": {"name": "White Plains Rd Line", "line": "WHITE PLAINS RD LINE", "color": "#EE352E", "weight": 4, "category": "subway_route"}, "geometry": {"type": "LineString", "coordinates": [[-73.9292212584891, 40.819067145587], [-73.9282778579277, 40.8188183050404]]}}, {"type": "Feature", "properties": {"name": "Jerome Ave Line", "line": "JEROME AVE LINE", "color": "#00933C", "weight": 4, "category": "subway_route"}, "geometry": {"type": "LineString", "coordinates": [[-73.8944495265192, 40.8707317356137], [-73.8938397552393, 40.8710141726754]]}}, {"type": "Feature", "properties": {"name": "Manhattan Bridge Line", "line": "MANHATTAN BRIDGE LINE", "color": "#FF6319", "weight": 4, "category": "subway_route"}, "geometry": {"type": "LineString", "coordinates": [[-73.9952369698262, 40.715263283601], [-73.9949762023295, 40.7149599725283], [-73.994658146657, 40.7142276876722]]}}, {"type": "Feature", "properties": {"name": "6Th Ave Line", "line": "6TH AVE LINE", "color": "#FF6319", "weight": 4, "category": "subway_route"}, "geometry": {"type": "LineString", "coordinates": [[-73.9949262204581, 40.7158544237986], [-73.9949411526516, 40.7157227499395], [-73.9949408753082, 40.7155905867077], [-73.9949253905582, 40.7154589492987]]}}, {"type": "Feature", "properties": {"name": "Broadway/7Th Ave Line", "line": "BROADWAY/7TH AVE LINE", "color": "#EE352E", "weight": 4, "category": "subway_route"}, "geometry": {"type": "LineString", "coordinates": [[-74.005295197884, 40.7288296481583], [-74.0052050371628, 40.7293364308767]]}}, {"type": "Feature", "properties": {"name": "8Th Ave Line", "line": "8TH AVE LINE", "color": "#0039A6", "weight": 4, "category": "subway_route"}, "geometry": {"type": "LineString", "coordinates": [[-73.9281107112869, 40.8650872400223], [-73.9277570387606, 40.8652793582578]]}}, {"type": "Feature", "properties": {"name": "Jamaica Line", "line": "JAMAICA LINE", "color": "#996633", "weight": 4, "category": "subway_route"}, "geometry": {"type": "LineString", "coordinates": [[-73.8898756530468, 40.6783103872017], [-73.8890069586439, 40.6785652806042]]}}, {"type": "Feature", "properties": {"name": "Broadway/7Th Ave Line", "line": "BROADWAY/7TH AVE LINE", "color": "#EE352E", "weight": 4, "category": "subway_route"}, "geometry": {"type": "LineString", "coordinates": [[-73.9676920711389, 40.8026900050447], [-73.9675762680397, 40.8029355119688]]}}, {"type": "Feature", "properties": {"name": "Crosstown Line", "line": "CROSSTOWN LINE", "color": "#6CBE45", "weight": 4, "category": "subway_route"}, "geometry": {"type": "LineString", "coordinates": [[-73.9496804084434, 40.744089874126], [-73.9485988374176, 40.7446253238894]]}}, {"type": "Feature", "properties": {"name": "6Th Ave Line", "line": "6TH AVE LINE", "color": "#FF6319", "weight": 4, "category": "subway_route"}, "geometry": {"type": "LineString", "coordinates": [[-73.9841686353273, 40.6955661221615], [-73.9840061712824, 40.6952495785043]]}}, {"type": "Feature", "properties": {"name": "Flushing Line", "line": "FLUSHING LINE", "color": "#B933AD", "weight": 4, "category": "subway_route"}, "geometry": {"type": "LineString", "coordinates": [[-73.894926940966, 40.7464904926212], [-73.8948269136604, 40.7465007693664]]}}, {"type": "Feature", "properties": {"name": "Broadway/7Th Ave Line", "line": "BROADWAY/7TH AVE LINE", "color": "#EE352E", "weight": 4, "category": "subway_route"}, "geometry": {"type": "LineString", "coordinates": [[-73.9667023622031, 40.8041767354724], [-73.966459754228, 40.8045066349958]]}}, {"type": "Feature", "properties": {"name": "14St/Canarsie Line", "line": "14ST/CANARSIE LINE", "color": "#A7A9AC", "weight": 4, "category": "subway_route"}, "geometry": {"type": "LineString", "coordinates": [[-73.9087749296266, 40.6982634667647], [-73.9080237607882, 40.697833648645]]}}, {"type": "Feature", "properties": {"name": "14St/Canarsie Line", "line": "14ST/CANARSIE LINE", "color": "#A7A9AC", "weight": 4, "category": "subway_route"}, "geometry": {"type": "LineString", "coordinates": [[-73.9057666277367, 40.696556794958], [-73.9054025447079, 40.6963585456891]]}}, {"type": "Feature", "properties": {"name": "Jamaica Line", "line": "JAMAICA LINE", "color": "#996633", "weight": 4, "category": "subway_route"}, "geometry": {"type": "LineString", "coordinates": [[-73.9774030862454, 40.7151780012639], [-73.9766516753, 40.7149534258686]]}}, {"type": "Feature", "properties": {"name": "Jamaica Line", "line": "JAMAICA LINE", "color": "#996633", "weight": 4, "category": "subway_route"}, "geometry": {"type": "LineString", "coordinates": [[-73.9824310494024, 40.7166911319601], [-73.9815852605307, 40.7164439448419]]}}, {"type": "Feature", "properties": {"name": "4Th Ave Line", "line": "4TH AVE LINE", "color": "#FCCC0A", "weight": 4, "category": "subway_route"}, "geometry": {"type": "LineString", "coordinates": [[-74.0224812155463, 40.6369590028445], [-74.0226270355487, 40.6368072726273]]}}, {"type": "Feature", "properties": {"name": "4Th Ave Line", "line": "4TH AVE LINE", "color": "#FCCC0A", "weight": 4, "category": "subway_route"}, "geometry": {"type": "LineString", "coordinates": [[-74.0226270355487, 40.6368072726273], [-74.0229111987869, 40.6361156900203]]}}, {"type": "Feature", "properties": {"name": "4Th Ave Line", "line": "4TH AVE LINE", "color": "#FCCC0A", "weight": 4, "category": "subway_route"}, "geometry": {"type": "LineString", "coordinates": [[-74.0232366354356, 40.6353269769896], [-74.023519966414, 40.6346240103708]]}}, {"type": "Feature", "properties": {"name": "4Th Ave Line", "line": "4TH AVE LINE", "color": "#FCCC0A", "weight": 4, "category": "subway_route"}, "geometry": {"type": "LineString", "coordinates": [[-74.0283516187811, 40.6228068481164], [-74.0286446834339, 40.6220942297505]]}}, {"type": "Feature", "properties": {"name": "4Th Ave Line", "line": "4TH AVE LINE", "color": "#FCCC0A", "weight": 4, "category": "subway_route"}, "geometry": {"type": "LineString", "coordinates": [[-74.0253622753555, 40.6301175723087], [-74.0256614132767, 40.6293859328673]]}}, {"type": "Feature", "properties": {"name": "4Th Ave Line", "line": "4TH AVE LINE", "color": "#FCCC0A", "weight": 4, "category": "subway_route"}, "geometry": {"type": "LineString", "coordinates": [[-74.0137432493304, 40.6453574812718], [-74.0143259294666, 40.6447981788038]]}}, {"type": "Feature", "properties": {"name": "4Th Ave Line", "line": "4TH AVE LINE", "color": "#FCCC0A", "weight": 4, "category": "subway_route"}, "geometry": {"type": "LineString", "coordinates": [[-74.0096654279455, 40.6492774905535], [-74.0102494419192, 40.6487156068306]]}}, {"type": "Feature", "properties": {"name": "4Th Ave Line", "line": "4TH AVE LINE", "color": "#FCCC0A", "weight": 4, "category": "subway_route"}, "geometry": {"type": "LineString", "coordinates": [[-74.0201975072272, 40.6391469490275], [-74.020773401556, 40.6385914876056]]}}, {"type": "Feature", "properties": {"name": "West End Line", "line": "WEST END LINE", "color": "#FF6319", "weight": 4, "category": "subway_route"}, "geometry": {"type": "LineString", "coordinates": [[-73.9954620555332, 40.6315829223399], [-73.9956785786616, 40.6307975159008]]}}, {"type": "Feature", "properties": {"name": "West End Line", "line": "WEST END LINE", "color": "#FF6319", "weight": 4, "category": "subway_route"}, "geometry": {"type": "LineString", "coordinates": [[-73.9988132240356, 40.6197295593532], [-73.9990375038289, 40.6189537717266]]}}, {"type": "Feature", "properties": {"name": "West End Line", "line": "WEST END LINE", "color": "#FF6319", "weight": 4, "category": "subway_route"}, "geometry": {"type": "LineString", "coordinates": [[-73.9947344675343, 40.6365998461376], [-73.9948354400795, 40.6358570310008]]}}, {"type": "Feature", "properties": {"name": "West End Line", "line": "WEST END LINE", "color": "#FF6319", "weight": 4, "category": "subway_route"}, "geometry": {"type": "LineString", "coordinates": [[-73.9942612315439, 40.6433091380205], [-73.9942747940256, 40.6427185249668]]}}, {"type": "Feature", "properties": {"name": "West End Line", "line": "WEST END LINE", "color": "#FF6319", "weight": 4, "category": "subway_route"}, "geometry": {"type": "LineString", "coordinates": [[-73.9940783964831, 40.6435103856601], [-73.9942612315439, 40.6433091380205]]}}, {"type": "Feature", "properties": {"name": "West End Line", "line": "WEST END LINE", "color": "#FF6319", "weight": 4, "category": "subway_route"}, "geometry": {"type": "LineString", "coordinates": [[-74.0016248304826, 40.6066427831634], [-74.0012059970266, 40.6063934154583]]}}, {"type": "Feature", "properties": {"name": "West End Line", "line": "WEST END LINE", "color": "#FF6319", "weight": 4, "category": "subway_route"}, "geometry": {"type": "LineString", "coordinates": [[-74.0003987916465, 40.614173890805], [-74.0006281631394, 40.613402863969]]}}, {"type": "Feature", "properties": {"name": "West End Line", "line": "WEST END LINE", "color": "#FF6319", "weight": 4, "category": "subway_route"}, "geometry": {"type": "LineString", "coordinates": [[-74.001712009188, 40.6076843162051], [-74.0016248304826, 40.6066427831634]]}}, {"type": "Feature", "properties": {"name": "West End Line", "line": "WEST END LINE", "color": "#FF6319", "weight": 4, "category": "subway_route"}, "geometry": {"type": "LineString", "coordinates": [[-74.0017193788179, 40.6080111965791], [-74.001712009188, 40.6076843162051]]}}, {"type": "Feature", "properties": {"name": "West End Line", "line": "WEST END LINE", "color": "#FF6319", "weight": 4, "category": "subway_route"}, "geometry": {"type": "LineString", "coordinates": [[-73.9982554809143, 40.6046167781425], [-73.9975136166508, 40.6041715644715]]}}, {"type": "Feature", "properties": {"name": "Houston/Essex St Line", "line": "HOUSTON/ESSEX ST LINE", "color": "#FF6319", "weight": 4, "category": "subway_route"}, "geometry": {"type": "LineString", "coordinates": [[-73.9882030321948, 40.7185639208282], [-73.9881738595539, 40.7186203616584]]}}, {"type": "Feature", "properties": {"name": "Houston/Essex St Line", "line": "HOUSTON/ESSEX ST LINE", "color": "#FF6319", "weight": 4, "category": "subway_route"}, "geometry": {"type": "LineString", "coordinates": [[-73.9882512897897, 40.7184706330636], [-73.9882030321948, 40.7185639208282]]}}, {"type": "Feature", "properties": {"name": "Houston/Essex St Line", "line": "HOUSTON/ESSEX ST LINE", "color": "#FF6319", "weight": 4, "category": "subway_route"}, "geometry": {"type": "LineString", "coordinates": [[-73.9878308195566, 40.7227749810197], [-73.987714188691, 40.7227406926581]]}}, {"type": "Feature", "properties": {"name": "Houston/Essex St Line", "line": "HOUSTON/ESSEX ST LINE", "color": "#FF6319", "weight": 4, "category": "subway_route"}, "geometry": {"type": "LineString", "coordinates": [[-73.9869509921972, 40.7209912453356], [-73.9867850875482, 40.7213058164708]]}}, {"type": "Feature", "properties": {"name": "Houston/Essex St Line", "line": "HOUSTON/ESSEX ST LINE", "color": "#FF6319", "weight": 4, "category": "subway_route"}, "geometry": {"type": "LineString", "coordinates": [[-73.9867850875482, 40.7213058164708], [-73.9867616248607, 40.7214411992118], [-73.9867542800961, 40.7215776391066], [-73.9867631129278, 40.7217140276317], [-73.9867880515925, 40.7218492566876], [-73.9868288934733, 40.7219822276019], [-73.986885306746, 40.722111860055], [-73.986956833075, 40.7222371008566], [-73.987042891337, 40.7223569325021]]}}, {"type": "Feature", "properties": {"name": "Houston/Essex St Line", "line": "HOUSTON/ESSEX ST LINE", "color": "#FF6319", "weight": 4, "category": "subway_route"}, "geometry": {"type": "LineString", "coordinates": [[-73.9901903170707, 40.7140614740456], [-73.9901267302977, 40.7133906065001]]}}, {"type": "Feature", "properties": {"name": "Houston/Essex St Line", "line": "HOUSTON/ESSEX ST LINE", "color": "#FF6319", "weight": 4, "category": "subway_route"}, "geometry": {"type": "LineString", "coordinates": [[-73.9902214223971, 40.7144131804556], [-73.9901903170707, 40.7140614740456]]}}, {"type": "Feature", "properties": {"name": "Houston/Essex St Line", "line": "HOUSTON/ESSEX ST LINE", "color": "#FF6319", "weight": 4, "category": "subway_route"}, "geometry": {"type": "LineString", "coordinates": [[-73.9902214223971, 40.7144131804556], [-73.9902288060101, 40.714499909622], [-73.9902228522176, 40.7145869970006], [-73.9902036554599, 40.7146726704972]]}}, {"type": "Feature", "properties": {"name": "Houston/Essex St Line", "line": "HOUSTON/ESSEX ST LINE", "color": "#FF6319", "weight": 4, "category": "subway_route"}, "geometry": {"type": "LineString", "coordinates": [[-73.9902036554599, 40.7146726704972], [-73.989755478026, 40.7155605886376]]}}, {"type": "Feature", "properties": {"name": "Houston/Essex St Line", "line": "HOUSTON/ESSEX ST LINE", "color": "#FF6319", "weight": 4, "category": "subway_route"}, "geometry": {"type": "LineString", "coordinates": [[-73.9901267302977, 40.7133906065001], [-73.9899729681543, 40.7126545791227]]}}, {"type": "Feature", "properties": {"name": "Houston/Essex St Line", "line": "HOUSTON/ESSEX ST LINE", "color": "#FF6319", "weight": 4, "category": "subway_route"}, "geometry": {"type": "LineString", "coordinates": [[-73.9888793475417, 40.7090268835159], [-73.989358952129, 40.7099092264051]]}}, {"type": "Feature", "properties": {"name": "Broadway/7Th Ave Line", "line": "BROADWAY/7TH AVE LINE", "color": "#EE352E", "weight": 4, "category": "subway_route"}, "geometry": {"type": "LineString", "coordinates": [[-73.9822282501396, 40.7738841550861], [-73.9822023311366, 40.7746879488524]]}}, {"type": "Feature", "properties": {"name": "Broadway/7Th Ave Line", "line": "BROADWAY/7TH AVE LINE", "color": "#EE352E", "weight": 4, "category": "subway_route"}, "geometry": {"type": "LineString", "coordinates": [[-73.9810647577875, 40.781758980267], [-73.980811894837, 40.7824814291787]]}}, {"type": "Feature", "properties": {"name": "Broadway/7Th Ave Line", "line": "BROADWAY/7TH AVE LINE", "color": "#EE352E", "weight": 4, "category": "subway_route"}, "geometry": {"type": "LineString", "coordinates": [[-74.0052050371628, 40.7293364308767], [-74.0051728748596, 40.7294554527877]]}}, {"type": "Feature", "properties": {"name": "Broadway/7Th Ave Line", "line": "BROADWAY/7TH AVE LINE", "color": "#EE352E", "weight": 4, "category": "subway_route"}, "geometry": {"type": "LineString", "coordinates": [[-74.0054283944303, 40.727886615034], [-74.0053149935962, 40.7286127369394]]}}, {"type": "Feature", "properties": {"name": "8Th Ave Line", "line": "8TH AVE LINE", "color": "#0039A6", "weight": 4, "category": "subway_route"}, "geometry": {"type": "LineString", "coordinates": [[-74.0025273313765, 40.7290161623545], [-74.0022046729605, 40.7296614984613]]}}, {"type": "Feature", "properties": {"name": "Broadway/7Th Ave Line", "line": "BROADWAY/7TH AVE LINE", "color": "#EE352E", "weight": 4, "category": "subway_route"}, "geometry": {"type": "LineString", "coordinates": [[-74.0030333961143, 40.7332233419942], [-74.0027877147003, 40.733640752448]]}}, {"type": "Feature", "properties": {"name": "8Th Ave Line", "line": "8TH AVE LINE", "color": "#0039A6", "weight": 4, "category": "subway_route"}, "geometry": {"type": "LineString", "coordinates": [[-74.0000697279788, 40.7329329052169], [-73.999764769808, 40.733367476541]]}}, {"type": "Feature", "properties": {"name": "8Th Ave Line", "line": "8TH AVE LINE", "color": "#0039A6", "weight": 4, "category": "subway_route"}, "geometry": {"type": "LineString", "coordinates": [[-73.9995932140641, 40.7339194907021], [-73.9996401808056, 40.7340897775389]]}}, {"type": "Feature", "properties": {"name": "8Th Ave Line", "line": "8TH AVE LINE", "color": "#0039A6", "weight": 4, "category": "subway_route"}, "geometry": {"type": "LineString", "coordinates": [[-73.999764769808, 40.733367476541], [-73.9997142206029, 40.7334401418607], [-73.9996719493556, 40.7335158046071], [-73.9996382602524, 40.7335939202974], [-73.999613395722, 40.7336739267988], [-73.999597534691, 40.7337552483742], [-73.9995907912964, 40.7338372998248], [-73.9995932140641, 40.7339194907021]]}}, {"type": "Feature", "properties": {"name": "6Th Ave Line", "line": "6TH AVE LINE", "color": "#FF6319", "weight": 4, "category": "subway_route"}, "geometry": {"type": "LineString", "coordinates": [[-73.999764769808, 40.733367476541], [-73.9995634251663, 40.7336206378567]]}}, {"type": "Feature", "properties": {"name": "Broadway/7Th Ave Line", "line": "BROADWAY/7TH AVE LINE", "color": "#EE352E", "weight": 4, "category": "subway_route"}, "geometry": {"type": "LineString", "coordinates": [[-74.0006485618799, 40.7372377727963], [-74.0001843883113, 40.7378731814678]]}}, {"type": "Feature", "properties": {"name": "6Th Ave Line", "line": "6TH AVE LINE", "color": "#FF6319", "weight": 4, "category": "subway_route"}, "geometry": {"type": "LineString", "coordinates": [[-73.9963436686825, 40.7380534765726], [-73.99587539416, 40.738694190826]]}}, {"type": "Feature", "properties": {"name": "8Th Ave Line", "line": "8TH AVE LINE", "color": "#0039A6", "weight": 4, "category": "subway_route"}, "geometry": {"type": "LineString", "coordinates": [[-74.0020206793382, 40.7404523347092], [-74.0015566154107, 40.7410882713052]]}}, {"type": "Feature", "properties": {"name": "8Th Ave Line", "line": "8TH AVE LINE", "color": "#0039A6", "weight": 4, "category": "subway_route"}, "geometry": {"type": "LineString", "coordinates": [[-74.0023967836204, 40.7387705475451], [-74.0024649081981, 40.7388942916604]]}}, {"type": "Feature", "properties": {"name": "8Th Ave Line", "line": "8TH AVE LINE", "color": "#0039A6", "weight": 4, "category": "subway_route"}, "geometry": {"type": "LineString", "coordinates": [[-74.0024649081981, 40.7388942916604], [-74.002516194402, 40.7389978942631], [-74.0025553387767, 40.7391045184401], [-74.0025820397232, 40.7392133426623], [-74.0025960915165, 40.7393235284538], [-74.0025973858904, 40.7394342268518], [-74.0025859128721, 40.7395445849487], [-74.0025617608588, 40.7396537524626], [-74.0025251159365, 40.7397608882893]]}}, {"type": "Feature", "properties": {"name": "14St/Canarsie Line", "line": "14ST/CANARSIE LINE", "color": "#A7A9AC", "weight": 4, "category": "subway_route"}, "geometry": {"type": "LineString", "coordinates": [[-73.9912002912061, 40.7350206126724], [-73.9907552652095, 40.7348473986431]]}}, {"type": "Feature", "properties": {"name": "Lexington Ave", "line": "LEXINGTON AVE", "color": "#00933C", "weight": 4, "category": "subway_route"}, "geometry": {"type": "MultiLineString", "coordinates": [[[-73.9898698180787, 40.7335353588975], [-73.9898525098287, 40.7336866031101], [-73.9898444171942, 40.7338382941217], [-73.9898455575012, 40.7339901071684]], [[-73.9898455575012, 40.7339901071684], [-73.9898559295863, 40.7341417182761], [-73.9898755100956, 40.7342928017587], [-73.9899042571075, 40.7344430341549]]]}}, {"type": "Feature", "properties": {"name": "14St/Canarsie Line", "line": "14ST/CANARSIE LINE", "color": "#A7A9AC", "weight": 4, "category": "subway_route"}, "geometry": {"type": "LineString", "coordinates": [[-73.9871817925111, 40.7333003916447], [-73.9849468010332, 40.7323579165894]]}}, {"type": "Feature", "properties": {"name": "14St/Canarsie Line", "line": "14ST/CANARSIE LINE", "color": "#A7A9AC", "weight": 4, "category": "subway_route"}, "geometry": {"type": "LineString", "coordinates": [[-73.9936181819851, 40.7360127363227], [-73.9968412384089, 40.7373691337627]]}}, {"type": "Feature", "properties": {"name": "8Th Ave Line", "line": "8TH AVE LINE", "color": "#0039A6", "weight": 4, "category": "subway_route"}, "geometry": {"type": "LineString", "coordinates": [[-73.9911826797565, 40.6993742194886], [-73.9898454280994, 40.6993376808309]]}}, {"type": "Feature", "properties": {"name": "8Th Ave Line", "line": "8TH AVE LINE", "color": "#0039A6", "weight": 4, "category": "subway_route"}, "geometry": {"type": "LineString", "coordinates": [[-73.992076891372, 40.6994167712624], [-73.9913060917999, 40.6993771795323]]}}, {"type": "Feature", "properties": {"name": "Broadway/7Th Ave Line", "line": "BROADWAY/7TH AVE LINE", "color": "#EE352E", "weight": 4, "category": "subway_route"}, "geometry": {"type": "LineString", "coordinates": [[-74.0096910549484, 40.7149592331617], [-74.0092403762628, 40.7155284080006]]}}, {"type": "Feature", "properties": {"name": "Broadway/7Th Ave Line", "line": "BROADWAY/7TH AVE LINE", "color": "#EE352E", "weight": 4, "category": "subway_route"}, "geometry": {"type": "LineString", "coordinates": [[-74.0075372410313, 40.7176694769873], [-74.0072678750788, 40.718001278794]]}}, {"type": "Feature", "properties": {"name": "Broadway/7Th Ave Line", "line": "BROADWAY/7TH AVE LINE", "color": "#EE352E", "weight": 4, "category": "subway_route"}, "geometry": {"type": "LineString", "coordinates": [[-74.0102808491735, 40.714203127973], [-74.0101294090066, 40.7143910061377]]}}, {"type": "Feature", "properties": {"name": "Broadway/7Th Ave Line", "line": "BROADWAY/7TH AVE LINE", "color": "#EE352E", "weight": 4, "category": "subway_route"}, "geometry": {"type": "LineString", "coordinates": [[-74.0069376394456, 40.7191348965284], [-74.006809739663, 40.7197857389336]]}}, {"type": "Feature", "properties": {"name": "Clark St Line", "line": "CLARK ST LINE", "color": "#EE352E", "weight": 4, "category": "subway_route"}, "geometry": {"type": "LineString", "coordinates": [[-74.0076670052883, 40.712540881615], [-74.0092559799177, 40.7132640458322]]}}, {"type": "Feature", "properties": {"name": "Clark St Line", "line": "CLARK ST LINE", "color": "#EE352E", "weight": 4, "category": "subway_route"}, "geometry": {"type": "LineString", "coordinates": [[-74.0092559799177, 40.7132640458322], [-74.0100998098181, 40.7136456005028]]}}, {"type": "Feature", "properties": {"name": "Broadway Line", "line": "BROADWAY LINE", "color": "#FCCC0A", "weight": 4, "category": "subway_route"}, "geometry": {"type": "LineString", "coordinates": [[-74.0076670052883, 40.712540881615], [-74.0072258043955, 40.7130635123031]]}}, {"type": "Feature", "properties": {"name": "Broadway Line", "line": "BROADWAY LINE", "color": "#FCCC0A", "weight": 4, "category": "subway_route"}, "geometry": {"type": "LineString", "coordinates": [[-74.0067832498469, 40.713614392088], [-74.0063109968493, 40.7141740665942]]}}, {"type": "Feature", "properties": {"name": "8Th Ave Line", "line": "8TH AVE LINE", "color": "#0039A6", "weight": 4, "category": "subway_route"}, "geometry": {"type": "LineString", "coordinates": [[-74.0053249987105, 40.7182815871972], [-74.0051755034489, 40.7190128353838]]}}, {"type": "Feature", "properties": {"name": "Broadway/7Th Ave Line", "line": "BROADWAY/7TH AVE LINE", "color": "#EE352E", "weight": 4, "category": "subway_route"}, "geometry": {"type": "LineString", "coordinates": [[-74.0072678750788, 40.718001278794], [-74.0072037073727, 40.7180981784454], [-74.0071512903217, 40.7181990873515], [-74.0071110513905, 40.718303182577]]}}, {"type": "Feature", "properties": {"name": "Clark St Line", "line": "CLARK ST LINE", "color": "#EE352E", "weight": 4, "category": "subway_route"}, "geometry": {"type": "LineString", "coordinates": [[-74.0100998098181, 40.7136456005028], [-74.010138823401, 40.7136650582101], [-74.0101754373846, 40.7136870508323], [-74.0102093681334, 40.7137114079978], [-74.0102403527976, 40.7137379410177], [-74.0102681513499, 40.7137664443475], [-74.0102925484447, 40.7137966971794], [-74.0103133550862, 40.7138284651533], [-74.0103304100925, 40.7138615021716], [-74.0103435813446, 40.7138955523065], [-74.0103527668093, 40.7139303517822], [-74.0103578953302, 40.7139656310182], [-74.0103589271782, 40.7140011167182], [-74.0103558543601, 40.7140365339868], [-74.01034870068, 40.7140716084591], [-74.0103375215547, 40.7141060684262], [-74.0103224035852, 40.7141396469399], [-74.0103034638851, 40.7141720838807], [-74.0102808491735, 40.714203127973]]}}, {"type": "Feature", "properties": {"name": "Broadway/7Th Ave Line", "line": "BROADWAY/7TH AVE LINE", "color": "#EE352E", "weight": 4, "category": "subway_route"}, "geometry": {"type": "LineString", "coordinates": [[-74.0105618476215, 40.7138545150917], [-74.0102808491735, 40.714203127973]]}}, {"type": "Feature", "properties": {"name": "8Th Ave Line", "line": "8TH AVE LINE", "color": "#0039A6", "weight": 4, "category": "subway_route"}, "geometry": {"type": "LineString", "coordinates": [[-74.0070546596311, 40.7098801897962], [-74.0077459670543, 40.7102290125614]]}}, {"type": "Feature", "properties": {"name": "Broadway/7Th Ave Line", "line": "BROADWAY/7TH AVE LINE", "color": "#EE352E", "weight": 4, "category": "subway_route"}, "geometry": {"type": "LineString", "coordinates": [[-73.9393756354408, 40.8416330882827], [-73.9393358387419, 40.8416887267939]]}}, {"type": "Feature", "properties": {"name": "Flushing Line", "line": "FLUSHING LINE", "color": "#B933AD", "weight": 4, "category": "subway_route"}, "geometry": {"type": "LineString", "coordinates": [[-73.8848566490591, 40.7475430616552], [-73.8839370580643, 40.7476384926551]]}}, {"type": "Feature", "properties": {"name": "4Th Ave Line", "line": "4TH AVE LINE", "color": "#FCCC0A", "weight": 4, "category": "subway_route"}, "geometry": {"type": "LineString", "coordinates": [[-74.029201617953, 40.6207295848348], [-74.0292968630474, 40.6204951284607]]}}, {"type": "Feature", "properties": {"name": "4Th Ave Line", "line": "4TH AVE LINE", "color": "#FCCC0A", "weight": 4, "category": "subway_route"}, "geometry": {"type": "LineString", "coordinates": [[-74.0289244243328, 40.6214124028847], [-74.0290096712757, 40.621200281878]]}}, {"type": "Feature", "properties": {"name": "White Plains Rd Line", "line": "WHITE PLAINS RD LINE", "color": "#EE352E", "weight": 4, "category": "subway_route"}, "geometry": {"type": "LineString", "coordinates": [[-73.8670673328626, 40.8743329715387], [-73.8670395073407, 40.8752203171749]]}}, {"type": "Feature", "properties": {"name": "West End Line", "line": "WEST END LINE", "color": "#FF6319", "weight": 4, "category": "subway_route"}, "geometry": {"type": "LineString", "coordinates": [[-73.9965589335469, 40.6276491570455], [-73.9967029163765, 40.6271802067126]]}}, {"type": "Feature", "properties": {"name": "Jamaica Line", "line": "JAMAICA LINE", "color": "#996633", "weight": 4, "category": "subway_route"}, "geometry": {"type": "LineString", "coordinates": [[-73.9341352502399, 40.6963666702596], [-73.9338294480909, 40.6961925156367]]}}, {"type": "Feature", "properties": {"name": "Jamaica Line", "line": "JAMAICA LINE", "color": "#996633", "weight": 4, "category": "subway_route"}, "geometry": {"type": "LineString", "coordinates": [[-73.9438260181406, 40.7018702475], [-73.9432281399807, 40.701528948217]]}}, {"type": "Feature", "properties": {"name": "Pelham Line", "line": "PELHAM LINE", "color": "#00933C", "weight": 4, "category": "subway_route"}, "geometry": {"type": "LineString", "coordinates": [[-73.881982234052, 40.8283642463474], [-73.881046371057, 40.828440079283]]}}, {"type": "Feature", "properties": {"name": "White Plains Rd Line", "line": "WHITE PLAINS RD LINE", "color": "#EE352E", "weight": 4, "category": "subway_route"}, "geometry": {"type": "LineString", "coordinates": [[-73.8589095086358, 40.8906393412212], [-73.8585193426864, 40.8913456461231]]}}, {"type": "Feature", "properties": {"name": "4Th Ave Line", "line": "4TH AVE LINE", "color": "#FCCC0A", "weight": 4, "category": "subway_route"}, "geometry": {"type": "LineString", "coordinates": [[-73.9945069893049, 40.6638521289486], [-73.9951103702604, 40.6632703415549]]}}, {"type": "Feature", "properties": {"name": "West End Line", "line": "WEST END LINE", "color": "#FF6319", "weight": 4, "category": "subway_route"}, "geometry": {"type": "LineString", "coordinates": [[-73.9942747940256, 40.6427185249668], [-73.9942916947013, 40.6418152513716]]}}, {"type": "Feature", "properties": {"name": "Pelham Line", "line": "PELHAM LINE", "color": "#00933C", "weight": 4, "category": "subway_route"}, "geometry": {"type": "LineString", "coordinates": [[-73.9121923184808, 40.8048624429852], [-73.9114779837962, 40.8051770351698]]}}, {"type": "Feature", "properties": {"name": "Crosstown Line", "line": "CROSSTOWN LINE", "color": "#6CBE45", "weight": 4, "category": "subway_route"}, "geometry": {"type": "LineString", "coordinates": [[-73.9668219825655, 40.6880969491284], [-73.9658233336132, 40.6882176590198]]}}, {"type": "Feature", "properties": {"name": "Eastern Pky Line", "line": "EASTERN PKY LINE", "color": "#00933C", "weight": 4, "category": "subway_route"}, "geometry": {"type": "LineString", "coordinates": [[-73.9579744548482, 40.6706655065616], [-73.9552709184785, 40.6701331378265]]}}, {"type": "Feature", "properties": {"name": "Jamaica Line", "line": "JAMAICA LINE", "color": "#996633", "weight": 4, "category": "subway_route"}, "geometry": {"type": "LineString", "coordinates": [[-73.9133085503789, 40.6845290945259], [-73.9130384828979, 40.6843760463657]]}}, {"type": "Feature", "properties": {"name": "New Lots Line", "line": "NEW LOTS LINE", "color": "#EE352E", "weight": 4, "category": "subway_route"}, "geometry": {"type": "LineString", "coordinates": [[-73.8857962377833, 40.6660022895828], [-73.8849095915235, 40.6661420935715]]}}, {"type": "Feature", "properties": {"name": "Houston/Essex St Line", "line": "HOUSTON/ESSEX ST LINE", "color": "#FF6319", "weight": 4, "category": "subway_route"}, "geometry": {"type": "LineString", "coordinates": [[-73.9869487911458, 40.6987429117352], [-73.9869702164075, 40.6985118519577]]}}, {"type": "Feature", "properties": {"name": "Queens Blvd Line", "line": "QUEENS BLVD LINE", "color": "#FF6319", "weight": 4, "category": "subway_route"}, "geometry": {"type": "LineString", "coordinates": [[-73.8962437231831, 40.7487277955263], [-73.8961466084405, 40.7486882872287]]}}, {"type": "Feature", "properties": {"name": "White Plains Rd Line", "line": "WHITE PLAINS RD LINE", "color": "#EE352E", "weight": 4, "category": "subway_route"}, "geometry": {"type": "LineString", "coordinates": [[-73.9273178127878, 40.8185678970042], [-73.9272479088482, 40.8185512478994]]}}, {"type": "Feature", "properties": {"name": "4Th Ave Line", "line": "4TH AVE LINE", "color": "#FCCC0A", "weight": 4, "category": "subway_route"}, "geometry": {"type": "LineString", "coordinates": [[-74.0209875470424, 40.6383749010341], [-74.0210499785269, 40.6383117539897]]}}, {"type": "Feature", "properties": {"name": "Pelham Line", "line": "PELHAM LINE", "color": "#00933C", "weight": 4, "category": "subway_route"}, "geometry": {"type": "LineString", "coordinates": [[-73.8884380257118, 40.8219399730439], [-73.8883396318497, 40.8220079490076]]}}, {"type": "Feature", "properties": {"name": "Jamaica Line", "line": "JAMAICA LINE", "color": "#996633", "weight": 4, "category": "subway_route"}, "geometry": {"type": "LineString", "coordinates": [[-73.9263173991893, 40.6919366917051], [-73.9255619148286, 40.6914990781812]]}}, {"type": "Feature", "properties": {"name": "Rockaway Line", "line": "ROCKAWAY LINE", "color": "#0039A6", "weight": 4, "category": "subway_route"}, "geometry": {"type": "LineString", "coordinates": [[-73.8177448549498, 40.5864369921842], [-73.818548482249, 40.5861090133349]]}}, {"type": "Feature", "properties": {"name": "8Th Ave Line", "line": "8TH AVE LINE", "color": "#0039A6", "weight": 4, "category": "subway_route"}, "geometry": {"type": "LineString", "coordinates": [[-74.0075450606544, 40.7154410648099], [-74.0070985897371, 40.7160065058217]]}}, {"type": "Feature", "properties": {"name": "Broadway/7Th Ave Line", "line": "BROADWAY/7TH AVE LINE", "color": "#EE352E", "weight": 4, "category": "subway_route"}, "geometry": {"type": "LineString", "coordinates": [[-74.0046893028586, 40.7303293856162], [-74.0044616581525, 40.7307265816285]]}}, {"type": "Feature", "properties": {"name": "6Th Ave Line", "line": "6TH AVE LINE", "color": "#FF6319", "weight": 4, "category": "subway_route"}, "geometry": {"type": "LineString", "coordinates": [[-73.9954485571373, 40.7392766298696], [-73.9950192847874, 40.7398682566706]]}}, {"type": "Feature", "properties": {"name": "Broadway/7Th Ave Line", "line": "BROADWAY/7TH AVE LINE", "color": "#EE352E", "weight": 4, "category": "subway_route"}, "geometry": {"type": "LineString", "coordinates": [[-73.9851051255919, 40.7594126003897], [-73.9848374769268, 40.7601238369019]]}}, {"type": "Feature", "properties": {"name": "Flushing Line", "line": "FLUSHING LINE", "color": "#B933AD", "weight": 4, "category": "subway_route"}, "geometry": {"type": "LineString", "coordinates": [[-73.8521234644846, 40.7526937720859], [-73.8520411697274, 40.7527186107432]]}}, {"type": "Feature", "properties": {"name": "6Th Ave Line", "line": "6TH AVE LINE", "color": "#FF6319", "weight": 4, "category": "subway_route"}, "geometry": {"type": "LineString", "coordinates": [[-73.9944560399311, 40.7169830922714], [-73.9938291537175, 40.7181527182256]]}}, {"type": "Feature", "properties": {"name": "8Th Ave Line", "line": "8TH AVE LINE", "color": "#0039A6", "weight": 4, "category": "subway_route"}, "geometry": {"type": "LineString", "coordinates": [[-73.9712242163884, 40.7827145102469], [-73.9707614245727, 40.7833483918506]]}}, {"type": "Feature", "properties": {"name": "8Th Ave Line", "line": "8TH AVE LINE", "color": "#0039A6", "weight": 4, "category": "subway_route"}, "geometry": {"type": "LineString", "coordinates": [[-73.9258742135872, 40.8660336290181], [-73.925005490214, 40.8663448170538]]}}, {"type": "Feature", "properties": {"name": "Flushing Line", "line": "FLUSHING LINE", "color": "#B933AD", "weight": 4, "category": "subway_route"}, "geometry": {"type": "LineString", "coordinates": [[-73.8963260888981, 40.7463429269017], [-73.8954218437759, 40.7464365726904]]}}, {"type": "Feature", "properties": {"name": "Jamaica Line", "line": "JAMAICA LINE", "color": "#996633", "weight": 4, "category": "subway_route"}, "geometry": {"type": "LineString", "coordinates": [[-73.8581735289306, 40.6925827731989], [-73.8574105353938, 40.6926258385705]]}}, {"type": "Feature", "properties": {"name": "Concourse Line", "line": "CONCOURSE LINE", "color": "#FF6319", "weight": 4, "category": "subway_route"}, "geometry": {"type": "LineString", "coordinates": [[-73.9075325297205, 40.8478244323032], [-73.9067822680763, 40.84855209305]]}}, {"type": "Feature", "properties": {"name": "Pelham Line", "line": "PELHAM LINE", "color": "#00933C", "weight": 4, "category": "subway_route"}, "geometry": {"type": "LineString", "coordinates": [[-73.8487021128869, 40.8351114522845], [-73.8480639444226, 40.8356444181804]]}}, {"type": "Feature", "properties": {"name": "Eastern Pky Line", "line": "EASTERN PKY LINE", "color": "#00933C", "weight": 4, "category": "subway_route"}, "geometry": {"type": "LineString", "coordinates": [[-73.9873347365864, 40.691461613435], [-73.9864656556902, 40.6911118473546]]}}, {"type": "Feature", "properties": {"name": "Pelham Line", "line": "PELHAM LINE", "color": "#00933C", "weight": 4, "category": "subway_route"}, "geometry": {"type": "LineString", "coordinates": [[-73.8577335225329, 40.8335655751698], [-73.854652615874, 40.8338962948136]]}}, {"type": "Feature", "properties": {"name": "West End Line", "line": "WEST END LINE", "color": "#FF6319", "weight": 4, "category": "subway_route"}, "geometry": {"type": "LineString", "coordinates": [[-73.9930524102896, 40.6014846467195], [-73.9923391357065, 40.6010439844934]]}}, {"type": "Feature", "properties": {"name": "Houston/Essex St Line", "line": "HOUSTON/ESSEX ST LINE", "color": "#FF6319", "weight": 4, "category": "subway_route"}, "geometry": {"type": "LineString", "coordinates": [[-73.9941806024162, 40.7247006487652], [-73.993458988295, 40.7244411376097]]}}, {"type": "Feature", "properties": {"name": "Broadway/7Th Ave Line", "line": "BROADWAY/7TH AVE LINE", "color": "#EE352E", "weight": 4, "category": "subway_route"}, "geometry": {"type": "LineString", "coordinates": [[-73.9550780438569, 40.8201054323489], [-73.9545863864543, 40.8207774873022]]}}, {"type": "Feature", "properties": {"name": "8Th Ave Line", "line": "8TH AVE LINE", "color": "#0039A6", "weight": 4, "category": "subway_route"}, "geometry": {"type": "LineString", "coordinates": [[-73.9553697464097, 40.804428124815], [-73.9548757993047, 40.8051051435302]]}}, {"type": "Feature", "properties": {"name": "Lenox Ave Line", "line": "LENOX AVE LINE", "color": "#EE352E", "weight": 4, "category": "subway_route"}, "geometry": {"type": "LineString", "coordinates": [[-73.948729279454, 40.8033390275488], [-73.9482743010866, 40.8039654640652]]}}, {"type": "Feature", "properties": {"name": "Queens Blvd Line", "line": "QUEENS BLVD LINE", "color": "#FF6319", "weight": 4, "category": "subway_route"}, "geometry": {"type": "LineString", "coordinates": [[-73.8105900144785, 40.7055043165729], [-73.809691091129, 40.7057545003066]]}}, {"type": "Feature", "properties": {"name": "Broadway/7Th Ave Line", "line": "BROADWAY/7TH AVE LINE", "color": "#EE352E", "weight": 4, "category": "subway_route"}, "geometry": {"type": "LineString", "coordinates": [[-73.9495068687322, 40.8277363706491], [-73.9490510358977, 40.8283567914693]]}}, {"type": "Feature", "properties": {"name": "8Th Ave Line", "line": "8TH AVE LINE", "color": "#0039A6", "weight": 4, "category": "subway_route"}, "geometry": {"type": "LineString", "coordinates": [[-73.9670110632294, 40.7884850461761], [-73.9665535598347, 40.7891154089016]]}}, {"type": "Feature", "properties": {"name": "Broadway/7Th Ave Line", "line": "BROADWAY/7TH AVE LINE", "color": "#EE352E", "weight": 4, "category": "subway_route"}, "geometry": {"type": "LineString", "coordinates": [[-73.9291699193293, 40.8555653188663], [-73.9287167855777, 40.856189503054]]}}, {"type": "Feature", "properties": {"name": "Flushing Line", "line": "FLUSHING LINE", "color": "#B933AD", "weight": 4, "category": "subway_route"}, "geometry": {"type": "LineString", "coordinates": [[-73.8981111202057, 40.7461525496621], [-73.8972254464313, 40.7462460186377]]}}, {"type": "Feature", "properties": {"name": "Brighton Line", "line": "BRIGHTON LINE", "color": "#FF6319", "weight": 4, "category": "subway_route"}, "geometry": {"type": "LineString", "coordinates": [[-73.9632796137341, 40.5772207541529], [-73.9623656823729, 40.5774193117992]]}}, {"type": "Feature", "properties": {"name": "Flushing Line", "line": "FLUSHING LINE", "color": "#B933AD", "weight": 4, "category": "subway_route"}, "geometry": {"type": "LineString", "coordinates": [[-73.9352582161992, 40.7468717921661], [-73.9348076150268, 40.7464348553439]]}}, {"type": "Feature", "properties": {"name": "Broadway/7Th Ave Line", "line": "BROADWAY/7TH AVE LINE", "color": "#EE352E", "weight": 4, "category": "subway_route"}, "geometry": {"type": "LineString", "coordinates": [[-73.9892447174304, 40.7529037127087], [-73.9887878479186, 40.7535250271661]]}}, {"type": "Feature", "properties": {"name": "Lexington Ave", "line": "LEXINGTON AVE", "color": "#00933C", "weight": 4, "category": "subway_route"}, "geometry": {"type": "LineString", "coordinates": [[-73.9550943625411, 40.7801803123357], [-73.9546325642585, 40.7808086639934]]}}, {"type": "Feature", "properties": {"name": "Lexington Ave", "line": "LEXINGTON AVE", "color": "#00933C", "weight": 4, "category": "subway_route"}, "geometry": {"type": "LineString", "coordinates": [[-73.9574725763965, 40.7769190813718], [-73.9570109615649, 40.7775535934537]]}}, {"type": "Feature", "properties": {"name": "Lexington Ave", "line": "LEXINGTON AVE", "color": "#00933C", "weight": 4, "category": "subway_route"}, "geometry": {"type": "LineString", "coordinates": [[-73.9537191650368, 40.7820638346675], [-73.9532605641965, 40.782690605862]]}}, {"type": "Feature", "properties": {"name": "Lexington Ave", "line": "LEXINGTON AVE", "color": "#00933C", "weight": 4, "category": "subway_route"}, "geometry": {"type": "LineString", "coordinates": [[-74.0132552663053, 40.7058787521159], [-74.0125090428121, 40.706775303859]]}}, {"type": "Feature", "properties": {"name": "8Th Ave Line", "line": "8TH AVE LINE", "color": "#0039A6", "weight": 4, "category": "subway_route"}, "geometry": {"type": "LineString", "coordinates": [[-74.0051874628222, 40.7198457076372], [-74.0052097881397, 40.7206368857547]]}}, {"type": "Feature", "properties": {"name": "Broadway Line", "line": "BROADWAY LINE", "color": "#FCCC0A", "weight": 4, "category": "subway_route"}, "geometry": {"type": "LineString", "coordinates": [[-74.004199527464, 40.7166786897378], [-74.00402732647, 40.7168792577674]]}}, {"type": "Feature", "properties": {"name": "Lexington Ave", "line": "LEXINGTON AVE", "color": "#00933C", "weight": 4, "category": "subway_route"}, "geometry": {"type": "LineString", "coordinates": [[-74.0040603081093, 40.7131430295996], [-74.0036041039274, 40.7136536703892]]}}, {"type": "Feature", "properties": {"name": "14St/Canarsie Line", "line": "14ST/CANARSIE LINE", "color": "#A7A9AC", "weight": 4, "category": "subway_route"}, "geometry": {"type": "LineString", "coordinates": [[-73.9996855305201, 40.738560718321], [-74.0025251159365, 40.7397608882893]]}}, {"type": "Feature", "properties": {"name": "Broadway/7Th Ave Line", "line": "BROADWAY/7TH AVE LINE", "color": "#EE352E", "weight": 4, "category": "subway_route"}, "geometry": {"type": "LineString", "coordinates": [[-73.9813122134635, 40.781033639362], [-73.9810647577875, 40.781758980267]]}}, {"type": "Feature", "properties": {"name": "Broadway/7Th Ave Line", "line": "BROADWAY/7TH AVE LINE", "color": "#EE352E", "weight": 4, "category": "subway_route"}, "geometry": {"type": "LineString", "coordinates": [[-73.980811894837, 40.7824814291787], [-73.9804750303641, 40.7831693470112]]}}, {"type": "Feature", "properties": {"name": "14St/Canarsie Line", "line": "14ST/CANARSIE LINE", "color": "#A7A9AC", "weight": 4, "category": "subway_route"}, "geometry": {"type": "LineString", "coordinates": [[-73.9936181819851, 40.7360127363227], [-73.9917162851074, 40.7352235452809]]}}, {"type": "Feature", "properties": {"name": "Queens Blvd Line", "line": "QUEENS BLVD LINE", "color": "#FF6319", "weight": 4, "category": "subway_route"}, "geometry": {"type": "LineString", "coordinates": [[-73.8543439700899, 40.727190171404], [-73.8537484633288, 40.7269790664351]]}}, {"type": "Feature", "properties": {"name": "Broadway/7Th Ave Line", "line": "BROADWAY/7TH AVE LINE", "color": "#EE352E", "weight": 4, "category": "subway_route"}, "geometry": {"type": "LineString", "coordinates": [[-73.9485911708277, 40.8289827288843], [-73.9481399536311, 40.829606723338]]}}, {"type": "Feature", "properties": {"name": "Broadway/7Th Ave Line", "line": "BROADWAY/7TH AVE LINE", "color": "#EE352E", "weight": 4, "category": "subway_route"}, "geometry": {"type": "LineString", "coordinates": [[-73.966459754228, 40.8045066349958], [-73.9662171445142, 40.8048365246098]]}}, {"type": "Feature", "properties": {"name": "Queens Blvd Line", "line": "QUEENS BLVD LINE", "color": "#FF6319", "weight": 4, "category": "subway_route"}, "geometry": {"type": "LineString", "coordinates": [[-73.9044213070125, 40.7522179998044], [-73.9035725487433, 40.7518486885768]]}}, {"type": "Feature", "properties": {"name": "Jamaica Line", "line": "JAMAICA LINE", "color": "#996633", "weight": 4, "category": "subway_route"}, "geometry": {"type": "LineString", "coordinates": [[-73.8546799068276, 40.6928388258385], [-73.8538406593182, 40.6930593162105]]}}, {"type": "Feature", "properties": {"name": "Queens Blvd Line", "line": "QUEENS BLVD LINE", "color": "#FF6319", "weight": 4, "category": "subway_route"}, "geometry": {"type": "LineString", "coordinates": [[-73.8650180499799, 40.7310907158374], [-73.8645758398342, 40.730939910701]]}}, {"type": "Feature", "properties": {"name": "Jamaica Line", "line": "JAMAICA LINE", "color": "#996633", "weight": 4, "category": "subway_route"}, "geometry": {"type": "LineString", "coordinates": [[-73.8394846101365, 40.6955901123131], [-73.8387929554209, 40.6958602907756]]}}, {"type": "Feature", "properties": {"name": "Jerome Ave Line", "line": "JEROME AVE LINE", "color": "#00933C", "weight": 4, "category": "subway_route"}, "geometry": {"type": "LineString", "coordinates": [[-73.9025460698384, 40.8605865266065], [-73.9023401480809, 40.8609632438256], [-73.9021184793223, 40.8613352199578], [-73.9018813492565, 40.8617018966342], [-73.9016291265791, 40.8620627066737], [-73.901362179268, 40.8624171368345], [-73.9010809457422, 40.8627646561755]]}}, {"type": "Feature", "properties": {"name": "Broadway Line", "line": "BROADWAY LINE", "color": "#FCCC0A", "weight": 4, "category": "subway_route"}, "geometry": {"type": "LineString", "coordinates": [[-74.0135201573649, 40.7069515093065], [-74.0133744577281, 40.7071546909971]]}}, {"type": "Feature", "properties": {"name": "Broadway Line", "line": "BROADWAY LINE", "color": "#FCCC0A", "weight": 4, "category": "subway_route"}, "geometry": {"type": "LineString", "coordinates": [[-74.0137629077754, 40.7067802852308], [-74.0137848752823, 40.7067553089974], [-74.0138249106253, 40.7067148288026], [-74.0138544238868, 40.706684436837], [-74.0138864313661, 40.7066457434258], [-74.0139101623393, 40.7066123148762], [-74.0139545545407, 40.7065453953115], [-74.0139748408062, 40.706511598271], [-74.0139870128034, 40.7064933396851], [-74.0140146371833, 40.7064309999794]]}}, {"type": "Feature", "properties": {"name": "Concourse Line", "line": "CONCOURSE LINE", "color": "#FF6319", "weight": 4, "category": "subway_route"}, "geometry": {"type": "LineString", "coordinates": [[-73.9166744477407, 40.8355756722568], [-73.9164756130083, 40.8357872978287]]}}, {"type": "Feature", "properties": {"name": "Jamaica Line", "line": "JAMAICA LINE", "color": "#996633", "weight": 4, "category": "subway_route"}, "geometry": {"type": "LineString", "coordinates": [[-73.9572045010697, 40.7081874876942], [-73.9567257754729, 40.7080181922823]]}}, {"type": "Feature", "properties": {"name": "Broadway/7Th Ave Line", "line": "BROADWAY/7TH AVE LINE", "color": "#EE352E", "weight": 4, "category": "subway_route"}, "geometry": {"type": "LineString", "coordinates": [[-73.9056576368313, 40.8777143755122], [-73.9052183799841, 40.8783214934363]]}}, {"type": "Feature", "properties": {"name": "Jamaica Line", "line": "JAMAICA LINE", "color": "#996633", "weight": 4, "category": "subway_route"}, "geometry": {"type": "LineString", "coordinates": [[-73.9213071501855, 40.6890798814391], [-73.92121497157, 40.6890277144468]]}}, {"type": "Feature", "properties": {"name": "Manhattan Bridge Line", "line": "MANHATTAN BRIDGE LINE", "color": "#FF6319", "weight": 4, "category": "subway_route"}, "geometry": {"type": "LineString", "coordinates": [[-73.9856859691914, 40.6981728633805], [-73.9856569797158, 40.6981164504766]]}}, {"type": "Feature", "properties": {"name": "6Th Ave Line", "line": "6TH AVE LINE", "color": "#FF6319", "weight": 4, "category": "subway_route"}, "geometry": {"type": "LineString", "coordinates": [[-73.9870778330949, 40.7011707972706], [-73.9870557393221, 40.7011237884844]]}}, {"type": "Feature", "properties": {"name": "West End Line", "line": "WEST END LINE", "color": "#FF6319", "weight": 4, "category": "subway_route"}, "geometry": {"type": "LineString", "coordinates": [[-74.0013554497278, 40.6109124479501], [-74.0015524243224, 40.6102149101763]]}}, {"type": "Feature", "properties": {"name": "Jerome Ave Line", "line": "JEROME AVE LINE", "color": "#00933C", "weight": 4, "category": "subway_route"}, "geometry": {"type": "LineString", "coordinates": [[-73.8930724843691, 40.8714035383428], [-73.8924206368526, 40.8717145016041]]}}, {"type": "Feature", "properties": {"name": "Clark St Line", "line": "CLARK ST LINE", "color": "#EE352E", "weight": 4, "category": "subway_route"}, "geometry": {"type": "LineString", "coordinates": [[-73.9911223324105, 40.6963378298909], [-73.9910992267399, 40.696265416753]]}}, {"type": "Feature", "properties": {"name": "Concourse Line", "line": "CONCOURSE LINE", "color": "#FF6319", "weight": 4, "category": "subway_route"}, "geometry": {"type": "LineString", "coordinates": [[-73.9061517191216, 40.8492772076248], [-73.9060850456377, 40.8493556673187]]}}, {"type": "Feature", "properties": {"name": "Culver Line", "line": "CULVER LINE", "color": "#FF6319", "weight": 4, "category": "subway_route"}, "geometry": {"type": "LineString", "coordinates": [[-73.974569926379, 40.5828560480854], [-73.9745641555584, 40.5827929925759]]}}, {"type": "Feature", "properties": {"name": "Jamaica Line", "line": "JAMAICA LINE", "color": "#996633", "weight": 4, "category": "subway_route"}, "geometry": {"type": "LineString", "coordinates": [[-73.9054943019553, 40.6800453942373], [-73.9054154325798, 40.6800008799544]]}}, {"type": "Feature", "properties": {"name": "Queens Blvd Line", "line": "QUEENS BLVD LINE", "color": "#FF6319", "weight": 4, "category": "subway_route"}, "geometry": {"type": "LineString", "coordinates": [[-73.8680512943929, 40.7325919949977], [-73.8677847712293, 40.732474334977]]}}, {"type": "Feature", "properties": {"name": "Clark St Line", "line": "CLARK ST LINE", "color": "#EE352E", "weight": 4, "category": "subway_route"}, "geometry": {"type": "LineString", "coordinates": [[-74.0099965076201, 40.7053394765254], [-74.0098671104512, 40.7058046648686]]}}, {"type": "Feature", "properties": {"name": "8Th Ave Line", "line": "8TH AVE LINE", "color": "#0039A6", "weight": 4, "category": "subway_route"}, "geometry": {"type": "LineString", "coordinates": [[-74.0092559799177, 40.7132640458322], [-74.0088332629212, 40.7138041872097]]}}, {"type": "Feature", "properties": {"name": "Broadway/7Th Ave Line", "line": "BROADWAY/7TH AVE LINE", "color": "#EE352E", "weight": 4, "category": "subway_route"}, "geometry": {"type": "LineString", "coordinates": [[-74.0064261164873, 40.721813606273], [-74.0063201768402, 40.7224356980703]]}}, {"type": "Feature", "properties": {"name": "Broadway/7Th Ave Line", "line": "BROADWAY/7TH AVE LINE", "color": "#EE352E", "weight": 4, "category": "subway_route"}, "geometry": {"type": "LineString", "coordinates": [[-74.0065248134911, 40.7214238519678], [-74.0064261164873, 40.721813606273]]}}, {"type": "Feature", "properties": {"name": "Lexington Ave", "line": "LEXINGTON AVE", "color": "#00933C", "weight": 4, "category": "subway_route"}, "geometry": {"type": "LineString", "coordinates": [[-74.0009894798694, 40.7179401426733], [-74.000533254455, 40.7184384795207]]}}, {"type": "Feature", "properties": {"name": "14St/Canarsie Line", "line": "14ST/CANARSIE LINE", "color": "#A7A9AC", "weight": 4, "category": "subway_route"}, "geometry": {"type": "LineString", "coordinates": [[-73.9756691179604, 40.7284707758221], [-73.9732992593886, 40.7274362520473]]}}, {"type": "Feature", "properties": {"name": "8Th Ave Line", "line": "8TH AVE LINE", "color": "#0039A6", "weight": 4, "category": "subway_route"}, "geometry": {"type": "LineString", "coordinates": [[-73.975460619544, 40.7769069761007], [-73.9750024140749, 40.7775360334298]]}}, {"type": "Feature", "properties": {"name": "Broadway/7Th Ave Line", "line": "BROADWAY/7TH AVE LINE", "color": "#EE352E", "weight": 4, "category": "subway_route"}, "geometry": {"type": "LineString", "coordinates": [[-73.9750233337106, 40.7902201017681], [-73.9745664515082, 40.7908498480946]]}}, {"type": "Feature", "properties": {"name": "Queens Blvd Line", "line": "QUEENS BLVD LINE", "color": "#FF6319", "weight": 4, "category": "subway_route"}, "geometry": {"type": "LineString", "coordinates": [[-73.8421002029123, 40.7206240501037], [-73.8418546659223, 40.7205153723271]]}}, {"type": "Feature", "properties": {"name": "8Th Ave Line", "line": "8TH AVE LINE", "color": "#0039A6", "weight": 4, "category": "subway_route"}, "geometry": {"type": "LineString", "coordinates": [[-73.9544173335264, 40.8057334389688], [-73.9539581600813, 40.8063615794591]]}}, {"type": "Feature", "properties": {"name": "Broadway/7Th Ave Line", "line": "BROADWAY/7TH AVE LINE", "color": "#EE352E", "weight": 4, "category": "subway_route"}, "geometry": {"type": "LineString", "coordinates": [[-73.9569379227006, 40.8175565115986], [-73.9564828415262, 40.8181829245908]]}}, {"type": "Feature", "properties": {"name": "Clark St Line", "line": "CLARK ST LINE", "color": "#EE352E", "weight": 4, "category": "subway_route"}, "geometry": {"type": "LineString", "coordinates": [[-74.0060916188729, 40.7099208218721], [-74.0058610706785, 40.7101479425713]]}}, {"type": "Feature", "properties": {"name": "Clark St Line", "line": "CLARK ST LINE", "color": "#EE352E", "weight": 4, "category": "subway_route"}, "geometry": {"type": "LineString", "coordinates": [[-74.0064805154874, 40.7112383021633], [-74.0058635948485, 40.7106644767496]]}}, {"type": "Feature", "properties": {"name": "Nassau St Line", "line": "NASSAU ST LINE", "color": "#996633", "weight": 4, "category": "subway_route"}, "geometry": {"type": "LineString", "coordinates": [[-74.0077459670543, 40.7102290125614], [-74.0073766449933, 40.7105871071326]]}}, {"type": "Feature", "properties": {"name": "Clark St Line", "line": "CLARK ST LINE", "color": "#EE352E", "weight": 4, "category": "subway_route"}, "geometry": {"type": "LineString", "coordinates": [[-74.0058635948485, 40.7106644767496], [-74.0058362644403, 40.7106203335583], [-74.0058140967972, 40.7105745449379], [-74.0057972608093, 40.7105274597383], [-74.005785884746, 40.7104794366882], [-74.0057800552791, 40.7104308416626], [-74.0057798168218, 40.7103820448949], [-74.0057851711909, 40.7103334181561], [-74.0057960775927, 40.7102853319231], [-74.0058124529339, 40.7102381525551], [-74.0058341724545, 40.7101922395033], [-74.0058610706785, 40.7101479425713]]}}, {"type": "Feature", "properties": {"name": "8Th Ave Line", "line": "8TH AVE LINE", "color": "#0039A6", "weight": 4, "category": "subway_route"}, "geometry": {"type": "LineString", "coordinates": [[-74.0090639494606, 40.7108949428567], [-74.009697341883, 40.7111874835621]]}}, {"type": "Feature", "properties": {"name": "8Th Ave Line", "line": "8TH AVE LINE", "color": "#0039A6", "weight": 4, "category": "subway_route"}, "geometry": {"type": "LineString", "coordinates": [[-74.0101783713039, 40.7117462141812], [-74.0101622024683, 40.711678287375], [-74.0101381579043, 40.7116117240528], [-74.0101064282095, 40.7115470518577], [-74.0100672649011, 40.7114847834433], [-74.010020978421, 40.7114254124103], [-74.0099679356757, 40.7113694093928], [-74.0099085571278, 40.711317218328], [-74.0098433134626, 40.7112692529368], [-74.0097727218578, 40.7112258934435], [-74.009697341883, 40.7111874835621]]}}, {"type": "Feature", "properties": {"name": "Broadway Line", "line": "BROADWAY LINE", "color": "#FCCC0A", "weight": 4, "category": "subway_route"}, "geometry": {"type": "MultiLineString", "coordinates": [[[-74.0101783713039, 40.7117462141812], [-74.0101782784016, 40.7117462460195]], [[-74.0101782784016, 40.7117462460195], [-74.0101268294251, 40.711761890187], [-74.0100737501542, 40.7117739760066], [-74.0100194646675, 40.7117824069203], [-74.0099644066804, 40.7117871155704], [-74.0099090160803, 40.7117880643377], [-74.009853735412, 40.7117852456424], [-74.0097990063422, 40.7117786820039], [-74.0097452661304, 40.7117684258615], [-74.0096929441355, 40.7117545591553], [-74.0096424583858, 40.7117371926716], [-74.0095942122386, 40.7117164651577]], [[-74.0095942122386, 40.7117164651577], [-74.0095833082347, 40.711711170376], [-74.0095725514904, 40.7117057039625], [-74.0095619466707, 40.7117000682878]], [[-74.0095619466707, 40.7117000682878], [-74.0094149791565, 40.7116321865611], [-74.0091802364915, 40.7115404843127], [-74.0090279749013, 40.7115115314378], [-74.0088820616064, 40.7115115427916], [-74.0088400968563, 40.7115121982055]]]}}, {"type": "Feature", "properties": {"name": "Lexington Ave", "line": "LEXINGTON AVE", "color": "#00933C", "weight": 4, "category": "subway_route"}, "geometry": {"type": "LineString", "coordinates": [[-74.0090639494606, 40.7108949428567], [-74.0086021554645, 40.7114004790609]]}}, {"type": "Feature", "properties": {"name": "Lexington Ave", "line": "LEXINGTON AVE", "color": "#00933C", "weight": 4, "category": "subway_route"}, "geometry": {"type": "LineString", "coordinates": [[-74.0095440742576, 40.7103357321033], [-74.009474880771, 40.7104207822577]]}}, {"type": "Feature", "properties": {"name": "Broadway Line", "line": "BROADWAY LINE", "color": "#FCCC0A", "weight": 4, "category": "subway_route"}, "geometry": {"type": "LineString", "coordinates": [[-74.0112323082331, 40.7103751032017], [-74.0108020694242, 40.7110256462005]]}}, {"type": "Feature", "properties": {"name": "Clark St Line", "line": "CLARK ST LINE", "color": "#EE352E", "weight": 4, "category": "subway_route"}, "geometry": {"type": "LineString", "coordinates": [[-74.0095040915624, 40.7063871465927], [-74.0090064585796, 40.706947160292]]}}, {"type": "Feature", "properties": {"name": "Nassau St Line", "line": "NASSAU ST LINE", "color": "#996633", "weight": 4, "category": "subway_route"}, "geometry": {"type": "LineString", "coordinates": [[-74.0106775885545, 40.7071246075141], [-74.0111912440241, 40.7062869657747]]}}, {"type": "Feature", "properties": {"name": "Nassau St Line", "line": "NASSAU ST LINE", "color": "#996633", "weight": 4, "category": "subway_route"}, "geometry": {"type": "LineString", "coordinates": [[-74.0106775885545, 40.7071246075141], [-74.010201103215, 40.7077065178083]]}}, {"type": "Feature", "properties": {"name": "Lexington Ave", "line": "LEXINGTON AVE", "color": "#00933C", "weight": 4, "category": "subway_route"}, "geometry": {"type": "LineString", "coordinates": [[-74.0119482163998, 40.7074597698768], [-74.0117038013917, 40.7077639516873]]}}, {"type": "Feature", "properties": {"name": "Broadway Line", "line": "BROADWAY LINE", "color": "#FCCC0A", "weight": 4, "category": "subway_route"}, "geometry": {"type": "LineString", "coordinates": [[-74.0133744577281, 40.7071546909971], [-74.0129626468727, 40.7077785593373]]}}, {"type": "Feature", "properties": {"name": "Broadway/7Th Ave Line", "line": "BROADWAY/7TH AVE LINE", "color": "#EE352E", "weight": 4, "category": "subway_route"}, "geometry": {"type": "LineString", "coordinates": [[-74.0139616019602, 40.7071192489205], [-74.0135932717675, 40.7079755805462]]}}, {"type": "Feature", "properties": {"name": "Broadway/7Th Ave Line", "line": "BROADWAY/7TH AVE LINE", "color": "#EE352E", "weight": 4, "category": "subway_route"}, "geometry": {"type": "LineString", "coordinates": [[-74.0141794161395, 40.7067096968677], [-74.0139616019602, 40.7071192489205]]}}, {"type": "Feature", "properties": {"name": "Broadway/7Th Ave Line", "line": "BROADWAY/7TH AVE LINE", "color": "#EE352E", "weight": 4, "category": "subway_route"}, "geometry": {"type": "LineString", "coordinates": [[-74.0143377997624, 40.7062454459793], [-74.0142935716988, 40.7064018405488], [-74.0142407460438, 40.7065566820418], [-74.0141794161395, 40.7067096968677]]}}, {"type": "Feature", "properties": {"name": "Broadway Line", "line": "BROADWAY LINE", "color": "#FCCC0A", "weight": 4, "category": "subway_route"}, "geometry": {"type": "LineString", "coordinates": [[-74.0135928136825, 40.7055028556896], [-74.0135266274276, 40.7054340324802], [-74.0134686875018, 40.7053610294262], [-74.0134194467845, 40.7052844171331], [-74.0133792901589, 40.7052047944188], [-74.0133485315037, 40.7051227836334], [-74.0133274112395, 40.7050390257952]]}}, {"type": "Feature", "properties": {"name": "8Th Ave Line", "line": "8TH AVE LINE", "color": "#0039A6", "weight": 4, "category": "subway_route"}, "geometry": {"type": "LineString", "coordinates": [[-74.0037236481661, 40.7069405819022], [-74.0039225743455, 40.7072479828677]]}}, {"type": "Feature", "properties": {"name": "Broadway Line", "line": "BROADWAY LINE", "color": "#FCCC0A", "weight": 4, "category": "subway_route"}, "geometry": {"type": "MultiLineString", "coordinates": [[[-74.0140380513488, 40.7061441472711], [-74.0140378374953, 40.7061426420658]], [[-74.0140378374953, 40.7061426420658], [-74.0140353827029, 40.706126606861], [-74.0140325804317, 40.7061106046732], [-74.0140294314452, 40.7060946398628]], [[-74.0140294314452, 40.7060946398628], [-74.0140137803095, 40.7060369397247], [-74.0139761260803, 40.7059325120681], [-74.0139493998369, 40.7058771154225], [-74.013944323633, 40.7058665938249], [-74.0139379013516, 40.7058564329086], [-74.0138971517076, 40.7057919551283], [-74.013889450889, 40.7057797708031], [-74.0138744600187, 40.7057605857265], [-74.0138548498437, 40.7057354854854], [-74.0138384211014, 40.7057144587837], [-74.013827083233, 40.7057026169819], [-74.0137690869233, 40.7056420387451], [-74.0137537079975, 40.7056259760701], [-74.0136859107115, 40.7055681722062], [-74.0136328480769, 40.7055286484612], [-74.0136172252997, 40.7055190660821]], [[-74.0136172252997, 40.7055190660821], [-74.0136091478603, 40.7055136106407], [-74.013601010463, 40.7055082070493], [-74.0135928136825, 40.7055028556896]]]}}, {"type": "Feature", "properties": {"name": "Lexington Ave", "line": "LEXINGTON AVE", "color": "#00933C", "weight": 4, "category": "subway_route"}, "geometry": {"type": "LineString", "coordinates": [[-74.0141276312845, 40.7046894328122], [-74.0140618041854, 40.7048591150763], [-74.0139755288025, 40.7050242073616], [-74.0138697619394, 40.7051825931367], [-74.0137459361883, 40.7053323358979]]}}, {"type": "Feature", "properties": {"name": "8Th Ave Line", "line": "8TH AVE LINE", "color": "#0039A6", "weight": 4, "category": "subway_route"}, "geometry": {"type": "LineString", "coordinates": [[-74.0036066793426, 40.7067888315168], [-74.0037236481661, 40.7069405819022]]}}, {"type": "Feature", "properties": {"name": "8Th Ave Line", "line": "8TH AVE LINE", "color": "#0039A6", "weight": 4, "category": "subway_route"}, "geometry": {"type": "LineString", "coordinates": [[-74.0048179002593, 40.7083985298746], [-74.0051055594888, 40.7087550457719]]}}, {"type": "Feature", "properties": {"name": "8Th Ave Line", "line": "8TH AVE LINE", "color": "#0039A6", "weight": 4, "category": "subway_route"}, "geometry": {"type": "LineString", "coordinates": [[-74.0051055594888, 40.7087550457719], [-74.005263472903, 40.7089289495264]]}}, {"type": "Feature", "properties": {"name": "8Th Ave Line", "line": "8TH AVE LINE", "color": "#0039A6", "weight": 4, "category": "subway_route"}, "geometry": {"type": "LineString", "coordinates": [[-74.0031624039793, 40.7062402528657], [-74.0036066793426, 40.7067888315168]]}}, {"type": "Feature", "properties": {"name": "8Th Ave Line", "line": "8TH AVE LINE", "color": "#0039A6", "weight": 4, "category": "subway_route"}, "geometry": {"type": "LineString", "coordinates": [[-74.003027451933, 40.7061169132992], [-74.0029960456158, 40.706088484933]]}}, {"type": "Feature", "properties": {"name": "8Th Ave Line", "line": "8TH AVE LINE", "color": "#0039A6", "weight": 4, "category": "subway_route"}, "geometry": {"type": "LineString", "coordinates": [[-74.0031624039793, 40.7062402528657], [-74.0030708696364, 40.7061510416152]]}}, {"type": "Feature", "properties": {"name": "8Th Ave Line", "line": "8TH AVE LINE", "color": "#0039A6", "weight": 4, "category": "subway_route"}, "geometry": {"type": "LineString", "coordinates": [[-74.0030708696364, 40.7061510416152], [-74.003027451933, 40.7061169132992]]}}, {"type": "Feature", "properties": {"name": "8Th Ave Line", "line": "8TH AVE LINE", "color": "#0039A6", "weight": 4, "category": "subway_route"}, "geometry": {"type": "LineString", "coordinates": [[-74.0016839538776, 40.7044121738786], [-74.002570949751, 40.705531817415]]}}, {"type": "Feature", "properties": {"name": "Clark St Line", "line": "CLARK ST LINE", "color": "#EE352E", "weight": 4, "category": "subway_route"}, "geometry": {"type": "LineString", "coordinates": [[-73.9970058249683, 40.6985271382794], [-73.9969417800595, 40.6985099010524]]}}, {"type": "Feature", "properties": {"name": "Clark St Line", "line": "CLARK ST LINE", "color": "#EE352E", "weight": 4, "category": "subway_route"}, "geometry": {"type": "LineString", "coordinates": [[-73.9969012917804, 40.6985007774384], [-73.9968417621898, 40.6984873748097]]}}, {"type": "Feature", "properties": {"name": "Clark St Line", "line": "CLARK ST LINE", "color": "#EE352E", "weight": 4, "category": "subway_route"}, "geometry": {"type": "LineString", "coordinates": [[-73.9968417621898, 40.6984873748097], [-73.9963062487603, 40.6983667911521]]}}, {"type": "Feature", "properties": {"name": "Clark St Line", "line": "CLARK ST LINE", "color": "#EE352E", "weight": 4, "category": "subway_route"}, "geometry": {"type": "LineString", "coordinates": [[-73.9970279980371, 40.6985332087029], [-73.9970058249683, 40.6985271382794]]}}, {"type": "Feature", "properties": {"name": "Clark St Line", "line": "CLARK ST LINE", "color": "#EE352E", "weight": 4, "category": "subway_route"}, "geometry": {"type": "LineString", "coordinates": [[-73.9969417800595, 40.6985099010524], [-73.9969012917804, 40.6985007774384]]}}, {"type": "Feature", "properties": {"name": "Broadway Line", "line": "BROADWAY LINE", "color": "#FCCC0A", "weight": 4, "category": "subway_route"}, "geometry": {"type": "LineString", "coordinates": [[-73.9982058531046, 40.6958889856357], [-73.9981713525112, 40.6958790435171]]}}, {"type": "Feature", "properties": {"name": "Broadway Line", "line": "BROADWAY LINE", "color": "#FCCC0A", "weight": 4, "category": "subway_route"}, "geometry": {"type": "LineString", "coordinates": [[-73.9981713525112, 40.6958790435171], [-73.9981082611733, 40.6958608530478]]}}, {"type": "Feature", "properties": {"name": "Broadway Line", "line": "BROADWAY LINE", "color": "#FCCC0A", "weight": 4, "category": "subway_route"}, "geometry": {"type": "LineString", "coordinates": [[-73.9981082611733, 40.6958608530478], [-73.9973846061508, 40.6956522254418]]}}, {"type": "Feature", "properties": {"name": "Broadway Line", "line": "BROADWAY LINE", "color": "#FCCC0A", "weight": 4, "category": "subway_route"}, "geometry": {"type": "LineString", "coordinates": [[-74.010852876021, 40.7002467481602], [-74.0116464426977, 40.7005967003765]]}}, {"type": "Feature", "properties": {"name": "Pelham Line", "line": "PELHAM LINE", "color": "#00933C", "weight": 4, "category": "subway_route"}, "geometry": {"type": "LineString", "coordinates": [[-73.9062266898608, 40.8107499059992], [-73.9058388546826, 40.8110059525802]]}}, {"type": "Feature", "properties": {"name": "Jamaica Line", "line": "JAMAICA LINE", "color": "#996633", "weight": 4, "category": "subway_route"}, "geometry": {"type": "LineString", "coordinates": [[-73.9635316878434, 40.7109754474799], [-73.9619631176062, 40.7104958177228]]}}, {"type": "Feature", "properties": {"name": "Crosstown Line", "line": "CROSSTOWN LINE", "color": "#6CBE45", "weight": 4, "category": "subway_route"}, "geometry": {"type": "LineString", "coordinates": [[-73.9492674226602, 40.6956822147354], [-73.9492080735884, 40.6953858699504]]}}, {"type": "Feature", "properties": {"name": "Nostrand Ave Line", "line": "NOSTRAND AVE LINE", "color": "#EE352E", "weight": 4, "category": "subway_route"}, "geometry": {"type": "LineString", "coordinates": [[-73.9508370477766, 40.6662974276587], [-73.9509199774308, 40.6654075008614]]}}, {"type": "Feature", "properties": {"name": "Crosstown Line", "line": "CROSSTOWN LINE", "color": "#6CBE45", "weight": 4, "category": "subway_route"}, "geometry": {"type": "LineString", "coordinates": [[-73.9515918622489, 40.7138068756202], [-73.9516249464885, 40.7140746026917]]}}, {"type": "Feature", "properties": {"name": "Fulton St Line", "line": "FULTON ST LINE", "color": "#0039A6", "weight": 4, "category": "subway_route"}, "geometry": {"type": "LineString", "coordinates": [[-73.934351940489, 40.6795716430815], [-73.9328982433421, 40.6794930450144]]}}, {"type": "Feature", "properties": {"name": "West End Line", "line": "WEST END LINE", "color": "#FF6319", "weight": 4, "category": "subway_route"}, "geometry": {"type": "LineString", "coordinates": [[-73.9975136166508, 40.6041715644715], [-73.9968012998265, 40.6037359641611]]}}, {"type": "Feature", "properties": {"name": "Pelham Line", "line": "PELHAM LINE", "color": "#00933C", "weight": 4, "category": "subway_route"}, "geometry": {"type": "LineString", "coordinates": [[-73.881046371057, 40.828440079283], [-73.8801133794406, 40.8285199323802]]}}, {"type": "Feature", "properties": {"name": "West End Line", "line": "WEST END LINE", "color": "#FF6319", "weight": 4, "category": "subway_route"}, "geometry": {"type": "LineString", "coordinates": [[-74.0008432909218, 40.6126245146996], [-74.0009124626394, 40.6123961780599]]}}, {"type": "Feature", "properties": {"name": "4Th Ave Line", "line": "4TH AVE LINE", "color": "#FCCC0A", "weight": 4, "category": "subway_route"}, "geometry": {"type": "LineString", "coordinates": [[-74.0079178074986, 40.6509588995153], [-74.0084978546982, 40.6504001948716]]}}, {"type": "Feature", "properties": {"name": "4Th Ave Line", "line": "4TH AVE LINE", "color": "#FCCC0A", "weight": 4, "category": "subway_route"}, "geometry": {"type": "LineString", "coordinates": [[-73.9842042377667, 40.6757794329134], [-73.9847000216902, 40.675183863222]]}}, {"type": "Feature", "properties": {"name": "West End Line", "line": "WEST END LINE", "color": "#FF6319", "weight": 4, "category": "subway_route"}, "geometry": {"type": "LineString", "coordinates": [[-73.9943482175055, 40.6398243608762], [-73.994426933553, 40.639162393508]]}}, {"type": "Feature", "properties": {"name": "Culver Line", "line": "CULVER LINE", "color": "#FF6319", "weight": 4, "category": "subway_route"}, "geometry": {"type": "LineString", "coordinates": [[-73.9731241298732, 40.5977987395075], [-73.9732411188539, 40.5969870354636]]}}, {"type": "Feature", "properties": {"name": "Pelham Line", "line": "PELHAM LINE", "color": "#00933C", "weight": 4, "category": "subway_route"}, "geometry": {"type": "LineString", "coordinates": [[-73.8953167190355, 40.8172055330193], [-73.8941176516909, 40.8183554898845]]}}, {"type": "Feature", "properties": {"name": "Nostrand Ave Line", "line": "NOSTRAND AVE LINE", "color": "#EE352E", "weight": 4, "category": "subway_route"}, "geometry": {"type": "LineString", "coordinates": [[-73.9499313678765, 40.6541585568609], [-73.9497700289174, 40.6526505523551]]}}, {"type": "Feature", "properties": {"name": "Crosstown Line", "line": "CROSSTOWN LINE", "color": "#6CBE45", "weight": 4, "category": "subway_route"}, "geometry": {"type": "LineString", "coordinates": [[-73.9502755232212, 40.7015874813023], [-73.9502522673572, 40.7025778369456]]}}, {"type": "Feature", "properties": {"name": "4Th Ave Line", "line": "4TH AVE LINE", "color": "#FCCC0A", "weight": 4, "category": "subway_route"}, "geometry": {"type": "LineString", "coordinates": [[-73.9892181465765, 40.6697617058443], [-73.9897233275539, 40.6691560384973]]}}, {"type": "Feature", "properties": {"name": "White Plains Rd Line", "line": "WHITE PLAINS RD LINE", "color": "#EE352E", "weight": 4, "category": "subway_route"}, "geometry": {"type": "LineString", "coordinates": [[-73.8585193426864, 40.8913456461231], [-73.8581285270047, 40.8920521200327]]}}, {"type": "Feature", "properties": {"name": "Jamaica Line", "line": "JAMAICA LINE", "color": "#996633", "weight": 4, "category": "subway_route"}, "geometry": {"type": "LineString", "coordinates": [[-73.9130384828979, 40.6843760463657], [-73.9122742817131, 40.6839432018153]]}}, {"type": "Feature", "properties": {"name": "Jamaica Line", "line": "JAMAICA LINE", "color": "#996633", "weight": 4, "category": "subway_route"}, "geometry": {"type": "LineString", "coordinates": [[-73.9122742817131, 40.6839432018153], [-73.9115131974891, 40.6835132266509]]}}, {"type": "Feature", "properties": {"name": "Concourse Line", "line": "CONCOURSE LINE", "color": "#FF6319", "weight": 4, "category": "subway_route"}, "geometry": {"type": "LineString", "coordinates": [[-73.9124705806335, 40.8416285250949], [-73.9124050951412, 40.8418247648648]]}}, {"type": "Feature", "properties": {"name": "Fulton St Line", "line": "FULTON ST LINE", "color": "#0039A6", "weight": 4, "category": "subway_route"}, "geometry": {"type": "LineString", "coordinates": [[-73.9163024685077, 40.6785853478648], [-73.9135606790979, 40.6784356358359]]}}, {"type": "Feature", "properties": {"name": "Fulton St Line", "line": "FULTON ST LINE", "color": "#0039A6", "weight": 4, "category": "subway_route"}, "geometry": {"type": "LineString", "coordinates": [[-73.8743526651518, 40.6750608749653], [-73.8734304635042, 40.6751934739306]]}}, {"type": "Feature", "properties": {"name": "New Lots Line", "line": "NEW LOTS LINE", "color": "#EE352E", "weight": 4, "category": "subway_route"}, "geometry": {"type": "LineString", "coordinates": [[-73.9023767873722, 40.6635251314615], [-73.9014524113074, 40.6636665981339]]}}, {"type": "Feature", "properties": {"name": "Manhattan Bridge Line", "line": "MANHATTAN BRIDGE LINE", "color": "#FF6319", "weight": 4, "category": "subway_route"}, "geometry": {"type": "LineString", "coordinates": [[-73.9846823072287, 40.6961311999868], [-73.9846325633417, 40.6960471579466], [-73.9846323860058, 40.6960468515154]]}}, {"type": "Feature", "properties": {"name": "Manhattan Bridge Line", "line": "MANHATTAN BRIDGE LINE", "color": "#FF6319", "weight": 4, "category": "subway_route"}, "geometry": {"type": "LineString", "coordinates": [[-73.9833239438959, 40.693658386389], [-73.9832941143621, 40.6935999717878]]}}, {"type": "Feature", "properties": {"name": "Flushing Line", "line": "FLUSHING LINE", "color": "#B933AD", "weight": 4, "category": "subway_route"}, "geometry": {"type": "LineString", "coordinates": [[-73.9698463062992, 40.7488089003997], [-73.9697913413635, 40.748783212612]]}}, {"type": "Feature", "properties": {"name": "Concourse Line", "line": "CONCOURSE LINE", "color": "#FF6319", "weight": 4, "category": "subway_route"}, "geometry": {"type": "LineString", "coordinates": [[-73.9036437712767, 40.8523912393925], [-73.9036200076881, 40.8524225119287]]}}, {"type": "Feature", "properties": {"name": "White Plains Rd Line", "line": "WHITE PLAINS RD LINE", "color": "#EE352E", "weight": 4, "category": "subway_route"}, "geometry": {"type": "LineString", "coordinates": [[-73.8653000909284, 40.8793362520883], [-73.8652493435961, 40.8794204424101]]}}, {"type": "Feature", "properties": {"name": "Myrtle Ave Line", "line": "MYRTLE AVE LINE", "color": "#FF6319", "weight": 4, "category": "subway_route"}, "geometry": {"type": "LineString", "coordinates": [[-73.9251640354178, 40.6981105047688], [-73.924050603408, 40.6982223220034]]}}, {"type": "Feature", "properties": {"name": "Broadway/7Th Ave Line", "line": "BROADWAY/7TH AVE LINE", "color": "#EE352E", "weight": 4, "category": "subway_route"}, "geometry": {"type": "LineString", "coordinates": [[-74.0063201768402, 40.7224356980703], [-74.0062997184394, 40.7225577447957]]}}, {"type": "Feature", "properties": {"name": "6Th Ave Line", "line": "6TH AVE LINE", "color": "#FF6319", "weight": 4, "category": "subway_route"}, "geometry": {"type": "LineString", "coordinates": [[-73.9877703564013, 40.7497952765614], [-73.9872950673492, 40.75045985659]]}}, {"type": "Feature", "properties": {"name": "Broadway Line", "line": "BROADWAY LINE", "color": "#FCCC0A", "weight": 4, "category": "subway_route"}, "geometry": {"type": "LineString", "coordinates": [[-73.9932629289077, 40.7295880843981], [-73.9928420549606, 40.7300871933285]]}}, {"type": "Feature", "properties": {"name": "Flushing Line", "line": "FLUSHING LINE", "color": "#B933AD", "weight": 4, "category": "subway_route"}, "geometry": {"type": "LineString", "coordinates": [[-73.8684588351444, 40.7492720719123], [-73.8675153874934, 40.7493839590103]]}}, {"type": "Feature", "properties": {"name": "Culver/6Th Ave Line", "line": "CULVER/6TH AVE LINE", "color": "#FF6319", "weight": 4, "category": "subway_route"}, "geometry": {"type": "LineString", "coordinates": [[-73.9788362523772, 40.6611642410678], [-73.9771174502797, 40.6633498567983], [-73.9769817819325, 40.663590738897], [-73.9769445717365, 40.6638384006931], [-73.9769493369002, 40.6640633323096], [-73.9769783271543, 40.6642477072218], [-73.9770395729962, 40.6643837868878]]}}, {"type": "Feature", "properties": {"name": "Culver/6Th Ave Line", "line": "CULVER/6TH AVE LINE", "color": "#FF6319", "weight": 4, "category": "subway_route"}, "geometry": {"type": "LineString", "coordinates": [[-73.9762725267443, 40.6626872496117], [-73.9763048347225, 40.6629994515797], [-73.9763713997787, 40.6633084902931], [-73.9764717532266, 40.6636121898611], [-73.9766051884749, 40.663908412014], [-73.9767707660023, 40.6641950711569], [-73.9769673199732, 40.6644701490512]]}}, {"type": "Feature", "properties": {"name": "Culver/6Th Ave Line", "line": "CULVER/6TH AVE LINE", "color": "#FF6319", "weight": 4, "category": "subway_route"}, "geometry": {"type": "LineString", "coordinates": [[-73.9794991332363, 40.6574881689535], [-73.9772980402557, 40.656150844389]]}}, {"type": "Feature", "properties": {"name": "Culver/6Th Ave Line", "line": "CULVER/6TH AVE LINE", "color": "#FF6319", "weight": 4, "category": "subway_route"}, "geometry": {"type": "LineString", "coordinates": [[-73.9792193155823, 40.6657658443667], [-73.9778932819126, 40.6651152230581]]}}, {"type": "Feature", "properties": {"name": "Culver/6Th Ave Line", "line": "CULVER/6TH AVE LINE", "color": "#FF6319", "weight": 4, "category": "subway_route"}, "geometry": {"type": "LineString", "coordinates": [[-73.9772980402557, 40.656150844389], [-73.9770203802255, 40.6560066915727]]}}, {"type": "Feature", "properties": {"name": "Sea Beach Line", "line": "SEA BEACH LINE", "color": "#FCCC0A", "weight": 4, "category": "subway_route"}, "geometry": {"type": "LineString", "coordinates": [[-74.0196960402022, 40.6372933451249], [-74.0199056234863, 40.6373857787459], [-74.0201053997026, 40.6374900563539], [-74.0202942178187, 40.6376055770881]]}}, {"type": "Feature", "properties": {"name": "4Th Ave Line", "line": "4TH AVE LINE", "color": "#FCCC0A", "weight": 4, "category": "subway_route"}, "geometry": {"type": "LineString", "coordinates": [[-74.017815970373, 40.641444358922], [-74.0184320039125, 40.6408455521419]]}}, {"type": "Feature", "properties": {"name": "Brighton/Culver Line", "line": "BRIGHTON/CULVER LINE", "color": "#FF6319", "weight": 4, "category": "subway_route"}, "geometry": {"type": "LineString", "coordinates": [[-73.9765599803757, 40.5759470353979], [-73.9766325012699, 40.5759274724988]]}}, {"type": "Feature", "properties": {"name": "Brighton/Culver Line", "line": "BRIGHTON/CULVER LINE", "color": "#FF6319", "weight": 4, "category": "subway_route"}, "geometry": {"type": "LineString", "coordinates": [[-73.9764803469298, 40.5759722246158], [-73.9765599803757, 40.5759470353979]]}}, {"type": "Feature", "properties": {"name": "Rockaway Line", "line": "ROCKAWAY LINE", "color": "#0039A6", "weight": 4, "category": "subway_route"}, "geometry": {"type": "LineString", "coordinates": [[-73.8131379279313, 40.5882371178209], [-73.8143697822414, 40.5877615207227]]}}, {"type": "Feature", "properties": {"name": "Rockaway Line", "line": "ROCKAWAY LINE", "color": "#0039A6", "weight": 4, "category": "subway_route"}, "geometry": {"type": "LineString", "coordinates": [[-73.8201486893462, 40.5854827197188], [-73.8217527252369, 40.5848816234978]]}}, {"type": "Feature", "properties": {"name": "Rockaway Line", "line": "ROCKAWAY LINE", "color": "#0039A6", "weight": 4, "category": "subway_route"}, "geometry": {"type": "LineString", "coordinates": [[-73.8263520751722, 40.5835547977287], [-73.8279397897373, 40.5830905470994]]}}, {"type": "Feature", "properties": {"name": "Fulton St Line", "line": "FULTON ST LINE", "color": "#0039A6", "weight": 4, "category": "subway_route"}, "geometry": {"type": "LineString", "coordinates": [[-73.8968532383943, 40.6757446303388], [-73.8968377200546, 40.6756838766736]]}}, {"type": "Feature", "properties": {"name": "Fulton St Line", "line": "FULTON ST LINE", "color": "#0039A6", "weight": 4, "category": "subway_route"}, "geometry": {"type": "LineString", "coordinates": [[-73.9135606790979, 40.6784356358359], [-73.9130414007148, 40.6784152291796]]}}, {"type": "Feature", "properties": {"name": "Myrtle Ave Line", "line": "MYRTLE AVE LINE", "color": "#FF6319", "weight": 4, "category": "subway_route"}, "geometry": {"type": "LineString", "coordinates": [[-73.9175235578367, 40.6989014810383], [-73.9162246866885, 40.699036169118]]}}, {"type": "Feature", "properties": {"name": "Rockaway Line", "line": "ROCKAWAY LINE", "color": "#0039A6", "weight": 4, "category": "subway_route"}, "geometry": {"type": "LineString", "coordinates": [[-73.8279397897373, 40.5830905470994], [-73.8286427501251, 40.5828991086427], [-73.8293350035194, 40.5826861893998], [-73.8300154215038, 40.5824521362389]]}}, {"type": "Feature", "properties": {"name": "Rockaway Line", "line": "ROCKAWAY LINE", "color": "#0039A6", "weight": 4, "category": "subway_route"}, "geometry": {"type": "LineString", "coordinates": [[-73.8300154215038, 40.5824521362389], [-73.8301031203641, 40.582424421502]]}}, {"type": "Feature", "properties": {"name": "Rockaway Line", "line": "ROCKAWAY LINE", "color": "#0039A6", "weight": 4, "category": "subway_route"}, "geometry": {"type": "LineString", "coordinates": [[-73.8301881647117, 40.5824001882316], [-73.8310573158831, 40.582152554979]]}}, {"type": "Feature", "properties": {"name": "Rockaway Line", "line": "ROCKAWAY LINE", "color": "#0039A6", "weight": 4, "category": "subway_route"}, "geometry": {"type": "LineString", "coordinates": [[-73.7969546474673, 40.5909336149406], [-73.7979278411244, 40.5908121972567]]}}, {"type": "Feature", "properties": {"name": "Rockaway Line", "line": "ROCKAWAY LINE", "color": "#0039A6", "weight": 4, "category": "subway_route"}, "geometry": {"type": "LineString", "coordinates": [[-73.7760142197184, 40.5929512234849], [-73.7778611731074, 40.592764919505]]}}, {"type": "Feature", "properties": {"name": "Rockaway Line", "line": "ROCKAWAY LINE", "color": "#0039A6", "weight": 4, "category": "subway_route"}, "geometry": {"type": "LineString", "coordinates": [[-73.8053355085317, 40.5904867629092], [-73.8066230861465, 40.5907940102715]]}}, {"type": "Feature", "properties": {"name": "Rockaway Line", "line": "ROCKAWAY LINE", "color": "#0039A6", "weight": 4, "category": "subway_route"}, "geometry": {"type": "MultiLineString", "coordinates": [[[-73.809350336245, 40.592954030077], [-73.809049935689, 40.5923980038592]], [[-73.809049935689, 40.5923980038592], [-73.8088936574279, 40.5921720641075], [-73.8087131031877, 40.5919568966953], [-73.8085095419181, 40.5917540139476], [-73.8082844042641, 40.5915648418585], [-73.8080392725109, 40.5913907100663], [-73.8077758694643, 40.5912328425052], [-73.8074960463419, 40.5910923487999], [-73.807201769763, 40.5909702164638], [-73.8068951079269, 40.5908673039554]], [[-73.8068951079269, 40.5908673039554], [-73.8066230861465, 40.5907940102715]]]}}, {"type": "Feature", "properties": {"name": "8Th Ave Line", "line": "8TH AVE LINE", "color": "#0039A6", "weight": 4, "category": "subway_route"}, "geometry": {"type": "LineString", "coordinates": [[-73.9870230992788, 40.6976900592091], [-73.9870278662238, 40.6978349591516], [-73.9870499823045, 40.6979789234662], [-73.9870892630538, 40.6981207513772], [-73.9871453808368, 40.6982592599356], [-73.9872178675831, 40.698393293886], [-73.9873061186911, 40.6985217353006], [-73.9874093980711, 40.6986435129035], [-73.9875268442846, 40.6987576110044]]}}, {"type": "Feature", "properties": {"name": "Houston/Essex St Line", "line": "HOUSTON/ESSEX ST LINE", "color": "#FF6319", "weight": 4, "category": "subway_route"}, "geometry": {"type": "LineString", "coordinates": [[-73.9953303773274, 40.7250919817214], [-73.9949095716999, 40.7249594717025]]}}, {"type": "Feature", "properties": {"name": "Houston/Essex St Line", "line": "HOUSTON/ESSEX ST LINE", "color": "#FF6319", "weight": 4, "category": "subway_route"}, "geometry": {"type": "LineString", "coordinates": [[-73.9902410270448, 40.7235070548401], [-73.9894192920155, 40.7232611880201], [-73.9893614986122, 40.7232432265074]]}}, {"type": "Feature", "properties": {"name": "6Th Ave Line", "line": "6TH AVE LINE", "color": "#FF6319", "weight": 4, "category": "subway_route"}, "geometry": {"type": "LineString", "coordinates": [[-73.9922383638172, 40.7212565357144], [-73.991650789688, 40.7224107141909]]}}, {"type": "Feature", "properties": {"name": "6Th Ave Line", "line": "6TH AVE LINE", "color": "#FF6319", "weight": 4, "category": "subway_route"}, "geometry": {"type": "LineString", "coordinates": [[-73.991650789688, 40.7224107141909], [-73.9916238018838, 40.7226258129406], [-73.9916230903189, 40.7228418881016], [-73.9916486610991, 40.723057085622], [-73.991700294812, 40.7232695589984], [-73.9917775484102, 40.7234774851194], [-73.9918797590126, 40.7236790799079], [-73.9920060495921, 40.7238726136278]]}}, {"type": "Feature", "properties": {"name": "Nassau St Line", "line": "NASSAU ST LINE", "color": "#996633", "weight": 4, "category": "subway_route"}, "geometry": {"type": "LineString", "coordinates": [[-73.9882030321948, 40.7185639208282], [-73.987395226543, 40.7183117642559]]}}, {"type": "Feature", "properties": {"name": "Nassau St Line", "line": "NASSAU ST LINE", "color": "#996633", "weight": 4, "category": "subway_route"}, "geometry": {"type": "LineString", "coordinates": [[-73.9861849664416, 40.717874973474], [-73.9857676358408, 40.7177319178452]]}}, {"type": "Feature", "properties": {"name": "Jamaica Line", "line": "JAMAICA LINE", "color": "#996633", "weight": 4, "category": "subway_route"}, "geometry": {"type": "LineString", "coordinates": [[-73.9851656579471, 40.7175350255803], [-73.9849357226066, 40.7174601713491]]}}, {"type": "Feature", "properties": {"name": "Nassau St Line", "line": "NASSAU ST LINE", "color": "#996633", "weight": 4, "category": "subway_route"}, "geometry": {"type": "LineString", "coordinates": [[-73.9869910165478, 40.718161415025], [-73.9865868092569, 40.7180110645396]]}}, {"type": "Feature", "properties": {"name": "Nassau St Line", "line": "NASSAU ST LINE", "color": "#996633", "weight": 4, "category": "subway_route"}, "geometry": {"type": "LineString", "coordinates": [[-73.9865868092569, 40.7180110645396], [-73.9861849664416, 40.717874973474]]}}, {"type": "Feature", "properties": {"name": "Houston/Essex St Line", "line": "HOUSTON/ESSEX ST LINE", "color": "#FF6319", "weight": 4, "category": "subway_route"}, "geometry": {"type": "LineString", "coordinates": [[-73.9886717639095, 40.7176578297487], [-73.9882512897897, 40.7184706330636]]}}, {"type": "Feature", "properties": {"name": "Houston/Essex St Line", "line": "HOUSTON/ESSEX ST LINE", "color": "#FF6319", "weight": 4, "category": "subway_route"}, "geometry": {"type": "LineString", "coordinates": [[-73.9875432500816, 40.7198406034917], [-73.9869509921972, 40.7209912453356]]}}, {"type": "Feature", "properties": {"name": "Houston/Essex St Line", "line": "HOUSTON/ESSEX ST LINE", "color": "#FF6319", "weight": 4, "category": "subway_route"}, "geometry": {"type": "LineString", "coordinates": [[-73.9881738595539, 40.7186203616584], [-73.9875432500816, 40.7198406034917]]}}, {"type": "Feature", "properties": {"name": "Houston/Essex St Line", "line": "HOUSTON/ESSEX ST LINE", "color": "#FF6319", "weight": 4, "category": "subway_route"}, "geometry": {"type": "LineString", "coordinates": [[-73.989755478026, 40.7155605886376], [-73.9891559336556, 40.7167168878194]]}}, {"type": "Feature", "properties": {"name": "Pelham Line", "line": "PELHAM LINE", "color": "#00933C", "weight": 4, "category": "subway_route"}, "geometry": {"type": "LineString", "coordinates": [[-73.8293091312427, 40.8519338145432], [-73.8285333576924, 40.8522799126806]]}}, {"type": "Feature", "properties": {"name": "Crosstown Line", "line": "CROSSTOWN LINE", "color": "#6CBE45", "weight": 4, "category": "subway_route"}, "geometry": {"type": "LineString", "coordinates": [[-73.9677887860831, 40.6879919266979], [-73.9668219825655, 40.6880969491284]]}}, {"type": "Feature", "properties": {"name": "Jerome Ave Line", "line": "JEROME AVE LINE", "color": "#00933C", "weight": 4, "category": "subway_route"}, "geometry": {"type": "LineString", "coordinates": [[-73.9106959145891, 40.8500273679648], [-73.9105829771929, 40.8501898647806]]}}, {"type": "Feature", "properties": {"name": "Manhattan Bridge Line", "line": "MANHATTAN BRIDGE LINE", "color": "#FF6319", "weight": 4, "category": "subway_route"}, "geometry": {"type": "LineString", "coordinates": [[-73.994658146657, 40.7142276876722], [-73.9943682508469, 40.7137203259723]]}}, {"type": "Feature", "properties": {"name": "6Th Ave Line", "line": "6TH AVE LINE", "color": "#FF6319", "weight": 4, "category": "subway_route"}, "geometry": {"type": "LineString", "coordinates": [[-73.9878152376236, 40.7024712441994], [-73.9878022850247, 40.7024472530968], [-73.987643575609, 40.702183962612]]}}, {"type": "Feature", "properties": {"name": "Flushing Line", "line": "FLUSHING LINE", "color": "#B933AD", "weight": 4, "category": "subway_route"}, "geometry": {"type": "LineString", "coordinates": [[-73.8990311093844, 40.7460565644316], [-73.8984615801275, 40.7461159832478]]}}, {"type": "Feature", "properties": {"name": "Astoria Line", "line": "ASTORIA LINE", "color": "#FCCC0A", "weight": 4, "category": "subway_route"}, "geometry": {"type": "LineString", "coordinates": [[-73.9709579423653, 40.764223936826], [-73.9694389973074, 40.7635920023121]]}}, {"type": "Feature", "properties": {"name": "Jamaica Line", "line": "JAMAICA LINE", "color": "#996633", "weight": 4, "category": "subway_route"}, "geometry": {"type": "LineString", "coordinates": [[-73.9187845041447, 40.6876343255803], [-73.9182947293603, 40.6873649054174]]}}, {"type": "Feature", "properties": {"name": "Crosstown Line", "line": "CROSSTOWN LINE", "color": "#6CBE45", "weight": 4, "category": "subway_route"}, "geometry": {"type": "LineString", "coordinates": [[-73.9501376655618, 40.6999236532429], [-73.9500922291189, 40.6997988317397]]}}, {"type": "Feature", "properties": {"name": "Queens Blvd Line", "line": "QUEENS BLVD LINE", "color": "#FF6319", "weight": 4, "category": "subway_route"}, "geometry": {"type": "LineString", "coordinates": [[-73.8703697832381, 40.7335056826002], [-73.8702604984293, 40.7334665849426]]}}, {"type": "Feature", "properties": {"name": "Queens Blvd Line", "line": "QUEENS BLVD LINE", "color": "#FF6319", "weight": 4, "category": "subway_route"}, "geometry": {"type": "LineString", "coordinates": [[-73.8743436519353, 40.7346808299606], [-73.8739668536995, 40.7345599842818]]}}, {"type": "Feature", "properties": {"name": "Broadway/7Th Ave Line", "line": "BROADWAY/7TH AVE LINE", "color": "#EE352E", "weight": 4, "category": "subway_route"}, "geometry": {"type": "LineString", "coordinates": [[-74.0088245855359, 40.7160220639256], [-74.0083796140824, 40.7165957314654]]}}, {"type": "Feature", "properties": {"name": "Broadway Line", "line": "BROADWAY LINE", "color": "#FCCC0A", "weight": 4, "category": "subway_route"}, "geometry": {"type": "LineString", "coordinates": [[-74.0045348015059, 40.7162881530128], [-74.004199527464, 40.7166786897378]]}}, {"type": "Feature", "properties": {"name": "6Th Ave Line", "line": "6TH AVE LINE", "color": "#FF6319", "weight": 4, "category": "subway_route"}, "geometry": {"type": "LineString", "coordinates": [[-73.9973426276, 40.7366761335718], [-73.9968412384089, 40.7373691337627]]}}, {"type": "Feature", "properties": {"name": "Lexington Ave", "line": "LEXINGTON AVE", "color": "#00933C", "weight": 4, "category": "subway_route"}, "geometry": {"type": "LineString", "coordinates": [[-73.9964776455424, 40.7236939184203], [-73.9958836633767, 40.7244110827287]]}}, {"type": "Feature", "properties": {"name": "Queens Blvd Line", "line": "QUEENS BLVD LINE", "color": "#FF6319", "weight": 4, "category": "subway_route"}, "geometry": {"type": "LineString", "coordinates": [[-73.928743435039, 40.752049874739], [-73.9279093513412, 40.7520590453089]]}}, {"type": "Feature", "properties": {"name": "14St/Canarsie Line", "line": "14ST/CANARSIE LINE", "color": "#A7A9AC", "weight": 4, "category": "subway_route"}, "geometry": {"type": "LineString", "coordinates": [[-73.9917162851074, 40.7352235452809], [-73.9912002912061, 40.7350206126724]]}}, {"type": "Feature", "properties": {"name": "Broadway/7Th Ave Line", "line": "BROADWAY/7TH AVE LINE", "color": "#EE352E", "weight": 4, "category": "subway_route"}, "geometry": {"type": "LineString", "coordinates": [[-73.9490510358977, 40.8283567914693], [-73.9485911708277, 40.8289827288843]]}}, {"type": "Feature", "properties": {"name": "Lenox Ave Line", "line": "LENOX AVE LINE", "color": "#EE352E", "weight": 4, "category": "subway_route"}, "geometry": {"type": "LineString", "coordinates": [[-73.943173137936, 40.810950182545], [-73.9427218596177, 40.8115762826374]]}}, {"type": "Feature", "properties": {"name": "Flushing Line", "line": "FLUSHING LINE", "color": "#B933AD", "weight": 4, "category": "subway_route"}, "geometry": {"type": "LineString", "coordinates": [[-73.885788669221, 40.7474480040301], [-73.8848566490591, 40.7475430616552]]}}, {"type": "Feature", "properties": {"name": "Queens Blvd Line", "line": "QUEENS BLVD LINE", "color": "#FF6319", "weight": 4, "category": "subway_route"}, "geometry": {"type": "LineString", "coordinates": [[-73.8873391717741, 40.7449488852258], [-73.8862339461208, 40.7444737354824]]}}, {"type": "Feature", "properties": {"name": "Queens Blvd Line", "line": "QUEENS BLVD LINE", "color": "#FF6319", "weight": 4, "category": "subway_route"}, "geometry": {"type": "LineString", "coordinates": [[-73.8628743468856, 40.7303321063114], [-73.86247233144, 40.730188499683]]}}, {"type": "Feature", "properties": {"name": "Jerome Ave Line", "line": "JEROME AVE LINE", "color": "#00933C", "weight": 4, "category": "subway_route"}, "geometry": {"type": "LineString", "coordinates": [[-73.9052229768046, 40.8562118661284], [-73.9050874179196, 40.8564191015744]]}}, {"type": "Feature", "properties": {"name": "4Th Ave Line", "line": "4TH AVE LINE", "color": "#FCCC0A", "weight": 4, "category": "subway_route"}, "geometry": {"type": "LineString", "coordinates": [[-74.0184320039125, 40.6408455521419], [-74.0190258325473, 40.640271950858]]}}, {"type": "Feature", "properties": {"name": "Pelham Line", "line": "PELHAM LINE", "color": "#00933C", "weight": 4, "category": "subway_route"}, "geometry": {"type": "LineString", "coordinates": [[-73.8733272339306, 40.8298849258374], [-73.8732741496018, 40.829901985814]]}}, {"type": "Feature", "properties": {"name": "Nostrand Ave Line", "line": "NOSTRAND AVE LINE", "color": "#EE352E", "weight": 4, "category": "subway_route"}, "geometry": {"type": "LineString", "coordinates": [[-73.9500679286921, 40.6554312274394], [-73.9499313678765, 40.6541585568609]]}}, {"type": "Feature", "properties": {"name": "Crosstown Line", "line": "CROSSTOWN LINE", "color": "#6CBE45", "weight": 4, "category": "subway_route"}, "geometry": {"type": "LineString", "coordinates": [[-73.9551918768211, 40.7358759640555], [-73.9553079398625, 40.7365852854649]]}}, {"type": "Feature", "properties": {"name": "14St/Canarsie Line", "line": "14ST/CANARSIE LINE", "color": "#A7A9AC", "weight": 4, "category": "subway_route"}, "geometry": {"type": "LineString", "coordinates": [[-73.9413865180859, 40.713355316695], [-73.941041800661, 40.712674093714]]}}, {"type": "Feature", "properties": {"name": "Broadway Line", "line": "BROADWAY LINE", "color": "#FCCC0A", "weight": 4, "category": "subway_route"}, "geometry": {"type": "LineString", "coordinates": [[-73.995856169584, 40.695228858188], [-73.9942994531264, 40.6947999227191]]}}, {"type": "Feature", "properties": {"name": "4Th Ave Line", "line": "4TH AVE LINE", "color": "#FCCC0A", "weight": 4, "category": "subway_route"}, "geometry": {"type": "LineString", "coordinates": [[-74.0015130656311, 40.6571173045398], [-74.0020948878534, 40.6565577503583]]}}, {"type": "Feature", "properties": {"name": "West End Line", "line": "WEST END LINE", "color": "#FF6319", "weight": 4, "category": "subway_route"}, "geometry": {"type": "LineString", "coordinates": [[-73.9837245687153, 40.5886276866971], [-73.9834699155168, 40.5872718227868]]}}, {"type": "Feature", "properties": {"name": "Eastern Pky Line", "line": "EASTERN PKY LINE", "color": "#00933C", "weight": 4, "category": "subway_route"}, "geometry": {"type": "LineString", "coordinates": [[-73.9840716334746, 40.6901513145014], [-73.983721403696, 40.6900149545817]]}}, {"type": "Feature", "properties": {"name": "White Plains Rd Line", "line": "WHITE PLAINS RD LINE", "color": "#EE352E", "weight": 4, "category": "subway_route"}, "geometry": {"type": "LineString", "coordinates": [[-73.8631938543468, 40.8828894231116], [-73.8628046844526, 40.8835826607277]]}}, {"type": "Feature", "properties": {"name": "Culver/6Th Ave Line", "line": "CULVER/6TH AVE LINE", "color": "#FF6319", "weight": 4, "category": "subway_route"}, "geometry": {"type": "LineString", "coordinates": [[-73.9939147406639, 40.6816485777269], [-73.9943441485884, 40.6810138449993]]}}, {"type": "Feature", "properties": {"name": "Crosstown Line", "line": "CROSSTOWN LINE", "color": "#6CBE45", "weight": 4, "category": "subway_route"}, "geometry": {"type": "LineString", "coordinates": [[-73.9707649492492, 40.6876465188423], [-73.9697844294682, 40.6877598475855]]}}, {"type": "Feature", "properties": {"name": "4Th Ave Line", "line": "4TH AVE LINE", "color": "#FCCC0A", "weight": 4, "category": "subway_route"}, "geometry": {"type": "LineString", "coordinates": [[-73.9796180913137, 40.6824995038163], [-73.9800363920417, 40.6818608612066]]}}, {"type": "Feature", "properties": {"name": "Pelham Line", "line": "PELHAM LINE", "color": "#00933C", "weight": 4, "category": "subway_route"}, "geometry": {"type": "LineString", "coordinates": [[-73.8458098942736, 40.8375213910842], [-73.8455595031487, 40.8377267920863]]}}, {"type": "Feature", "properties": {"name": "Queens Blvd Line", "line": "QUEENS BLVD LINE", "color": "#FF6319", "weight": 4, "category": "subway_route"}, "geometry": {"type": "LineString", "coordinates": [[-73.8997137972228, 40.7502120635023], [-73.8996347596287, 40.7501792524961]]}}, {"type": "Feature", "properties": {"name": "63Rd St Line", "line": "63RD ST LINE", "color": "#FF6319", "weight": 4, "category": "subway_route"}, "geometry": {"type": "LineString", "coordinates": [[-73.9679756627711, 40.765421258438], [-73.9678615832803, 40.7653723471774]]}}, {"type": "Feature", "properties": {"name": "Flushing Line", "line": "FLUSHING LINE", "color": "#B933AD", "weight": 4, "category": "subway_route"}, "geometry": {"type": "LineString", "coordinates": [[-73.8391245492875, 40.7568363157053], [-73.8387525462788, 40.7570032451242]]}}, {"type": "Feature", "properties": {"name": "Astoria Line", "line": "ASTORIA LINE", "color": "#FCCC0A", "weight": 4, "category": "subway_route"}, "geometry": {"type": "LineString", "coordinates": [[-73.9585034439921, 40.7589429508002], [-73.9583992692274, 40.7589158438865]]}}, {"type": "Feature", "properties": {"name": "Jamaica Line", "line": "JAMAICA LINE", "color": "#996633", "weight": 4, "category": "subway_route"}, "geometry": {"type": "LineString", "coordinates": [[-73.9242934058371, 40.6907815949325], [-73.9236450712829, 40.6904070756077]]}}, {"type": "Feature", "properties": {"name": "Eastern Pky Line", "line": "EASTERN PKY LINE", "color": "#00933C", "weight": 4, "category": "subway_route"}, "geometry": {"type": "LineString", "coordinates": [[-73.9311206523043, 40.668806776102], [-73.9283509448564, 40.6686554277602]]}}, {"type": "Feature", "properties": {"name": "Jamaica Line", "line": "JAMAICA LINE", "color": "#996633", "weight": 4, "category": "subway_route"}, "geometry": {"type": "LineString", "coordinates": [[-73.9305127419882, 40.6943247611187], [-73.9297031991003, 40.6938716356189]]}}, {"type": "Feature", "properties": {"name": "Jamaica Line", "line": "JAMAICA LINE", "color": "#996633", "weight": 4, "category": "subway_route"}, "geometry": {"type": "LineString", "coordinates": [[-73.8380126056096, 40.696305967381], [-73.8379000803443, 40.6963770484056]]}}, {"type": "Feature", "properties": {"name": "8Th Ave Line", "line": "8TH AVE LINE", "color": "#0039A6", "weight": 4, "category": "subway_route"}, "geometry": {"type": "LineString", "coordinates": [[-73.9394722904481, 40.8409625417257], [-73.9393527506, 40.841516021537]]}}, {"type": "Feature", "properties": {"name": "Fulton St Line", "line": "FULTON ST LINE", "color": "#0039A6", "weight": 4, "category": "subway_route"}, "geometry": {"type": "LineString", "coordinates": [[-73.8789611335319, 40.6743923016877], [-73.8780371946898, 40.6745275471671]]}}, {"type": "Feature", "properties": {"name": "6Th Ave Line", "line": "6TH AVE LINE", "color": "#FF6319", "weight": 4, "category": "subway_route"}, "geometry": {"type": "LineString", "coordinates": [[-73.9918603231658, 40.7097272117143], [-73.9918301766211, 40.709674763724]]}}, {"type": "Feature", "properties": {"name": "Pelham Line", "line": "PELHAM LINE", "color": "#00933C", "weight": 4, "category": "subway_route"}, "geometry": {"type": "LineString", "coordinates": [[-73.8414622754968, 40.8409643655585], [-73.8412596247246, 40.8410732538679]]}}, {"type": "Feature", "properties": {"name": "Clark St Line", "line": "CLARK ST LINE", "color": "#EE352E", "weight": 4, "category": "subway_route"}, "geometry": {"type": "LineString", "coordinates": [[-74.0070193006055, 40.7117921928029], [-74.0069871421218, 40.7117457375073]]}}, {"type": "Feature", "properties": {"name": "Houston/Essex St Line", "line": "HOUSTON/ESSEX ST LINE", "color": "#FF6319", "weight": 4, "category": "subway_route"}, "geometry": {"type": "LineString", "coordinates": [[-73.9912327076555, 40.7238018798305], [-73.9910258744162, 40.7237435652608]]}}, {"type": "Feature", "properties": {"name": "Eastern Pky Line", "line": "EASTERN PKY LINE", "color": "#00933C", "weight": 4, "category": "subway_route"}, "geometry": {"type": "LineString", "coordinates": [[-73.9421975621579, 40.6694115376075], [-73.9394282329886, 40.6692569174911]]}}, {"type": "Feature", "properties": {"name": "Clark St Line", "line": "CLARK ST LINE", "color": "#EE352E", "weight": 4, "category": "subway_route"}, "geometry": {"type": "LineString", "coordinates": [[-74.0090064585796, 40.706947160292], [-74.0086466803774, 40.7073482578663]]}}, {"type": "Feature", "properties": {"name": "Clark St Line", "line": "CLARK ST LINE", "color": "#EE352E", "weight": 4, "category": "subway_route"}, "geometry": {"type": "LineString", "coordinates": [[-74.0064367922051, 40.7095655604352], [-74.0060916188729, 40.7099208218721]]}}, {"type": "Feature", "properties": {"name": "8Th Ave Line", "line": "8TH AVE LINE", "color": "#0039A6", "weight": 4, "category": "subway_route"}, "geometry": {"type": "LineString", "coordinates": [[-74.0064367922051, 40.7095655604352], [-74.0070546596311, 40.7098801897962]]}}, {"type": "Feature", "properties": {"name": "Broadway Line", "line": "BROADWAY LINE", "color": "#FCCC0A", "weight": 4, "category": "subway_route"}, "geometry": {"type": "LineString", "coordinates": [[-74.0063109968493, 40.7141740665942], [-74.0058897981116, 40.7146855252777]]}}, {"type": "Feature", "properties": {"name": "Broadway/7Th Ave Line", "line": "BROADWAY/7TH AVE LINE", "color": "#EE352E", "weight": 4, "category": "subway_route"}, "geometry": {"type": "LineString", "coordinates": [[-74.0056590723702, 40.7264433492415], [-74.0055464453405, 40.7271651576684]]}}, {"type": "Feature", "properties": {"name": "8Th Ave Line", "line": "8TH AVE LINE", "color": "#0039A6", "weight": 4, "category": "subway_route"}, "geometry": {"type": "LineString", "coordinates": [[-73.9902775122647, 40.7565758139228], [-73.9897921520373, 40.7572413804369]]}}, {"type": "Feature", "properties": {"name": "Lenox Ave Line", "line": "LENOX AVE LINE", "color": "#EE352E", "weight": 4, "category": "subway_route"}, "geometry": {"type": "LineString", "coordinates": [[-73.9491884484889, 40.8027078009875], [-73.948729279454, 40.8033390275488]]}}, {"type": "Feature", "properties": {"name": "Lexington Ave", "line": "LEXINGTON AVE", "color": "#00933C", "weight": 4, "category": "subway_route"}, "geometry": {"type": "LineString", "coordinates": [[-73.9705354679048, 40.7590088993714], [-73.9700823001006, 40.7596331565468]]}}, {"type": "Feature", "properties": {"name": "Flushing Line", "line": "FLUSHING LINE", "color": "#B933AD", "weight": 4, "category": "subway_route"}, "geometry": {"type": "LineString", "coordinates": [[-73.927046968096, 40.7441401218357], [-73.9261534930891, 40.7440369129159]]}}, {"type": "Feature", "properties": {"name": "63Rd St Line", "line": "63RD ST LINE", "color": "#FF6319", "weight": 4, "category": "subway_route"}, "geometry": {"type": "LineString", "coordinates": [[-73.9615583262518, 40.7627166212946], [-73.9601391658122, 40.762113903377]]}}, {"type": "Feature", "properties": {"name": "Lenox Ave Line", "line": "LENOX AVE LINE", "color": "#EE352E", "weight": 4, "category": "subway_route"}, "geometry": {"type": "LineString", "coordinates": [[-73.9638463403467, 40.7979252485477], [-73.9642625923185, 40.7981048473068]]}}, {"type": "Feature", "properties": {"name": "Queens Blvd Line", "line": "QUEENS BLVD LINE", "color": "#FF6319", "weight": 4, "category": "subway_route"}, "geometry": {"type": "LineString", "coordinates": [[-73.8002230868716, 40.7084540471833], [-73.7993054875121, 40.7087064768944]]}}, {"type": "Feature", "properties": {"name": "Queens Blvd Line", "line": "QUEENS BLVD LINE", "color": "#FF6319", "weight": 4, "category": "subway_route"}, "geometry": {"type": "LineString", "coordinates": [[-73.8027884497389, 40.7077240479959], [-73.8018585165944, 40.707988120248]]}}, {"type": "Feature", "properties": {"name": "8Th Ave Line", "line": "8TH AVE LINE", "color": "#0039A6", "weight": 4, "category": "subway_route"}, "geometry": {"type": "LineString", "coordinates": [[-73.9374362170337, 40.8533884228751], [-73.9368923062946, 40.8551058152291]]}}, {"type": "Feature", "properties": {"name": "Queens Blvd Line", "line": "QUEENS BLVD LINE", "color": "#FF6319", "weight": 4, "category": "subway_route"}, "geometry": {"type": "LineString", "coordinates": [[-73.9052514556821, 40.7525731793858], [-73.9044213070125, 40.7522179998044]]}}, {"type": "Feature", "properties": {"name": "Flushing Line", "line": "FLUSHING LINE", "color": "#B933AD", "weight": 4, "category": "subway_route"}, "geometry": {"type": "LineString", "coordinates": [[-73.8825700325654, 40.7477860961214], [-73.8820723841196, 40.7478381770564]]}}, {"type": "Feature", "properties": {"name": "Fulton St Line", "line": "FULTON ST LINE", "color": "#0039A6", "weight": 4, "category": "subway_route"}, "geometry": {"type": "LineString", "coordinates": [[-73.8353698899102, 40.6828514585613], [-73.8350571043676, 40.6830230631575]]}}, {"type": "Feature", "properties": {"name": "Fulton St Line", "line": "FULTON ST LINE", "color": "#0039A6", "weight": 4, "category": "subway_route"}, "geometry": {"type": "LineString", "coordinates": [[-73.8335253801811, 40.6838143917463], [-73.8329514063755, 40.6840375365562]]}}, {"type": "Feature", "properties": {"name": "Fulton St Line", "line": "FULTON ST LINE", "color": "#0039A6", "weight": 4, "category": "subway_route"}, "geometry": {"type": "LineString", "coordinates": [[-73.8404684110287, 40.6810890819171], [-73.8402884225156, 40.6811240603465]]}}, {"type": "Feature", "properties": {"name": "Queens Blvd Line", "line": "QUEENS BLVD LINE", "color": "#FF6319", "weight": 4, "category": "subway_route"}, "geometry": {"type": "LineString", "coordinates": [[-73.8567299049185, 40.728089757802], [-73.8562263197881, 40.727912279206]]}}, {"type": "Feature", "properties": {"name": "Fulton St Line", "line": "FULTON ST LINE", "color": "#0039A6", "weight": 4, "category": "subway_route"}, "geometry": {"type": "LineString", "coordinates": [[-73.9647798121007, 40.6830479533663], [-73.9636648629784, 40.6828148686022]]}}, {"type": "Feature", "properties": {"name": "Nostrand Ave Line", "line": "NOSTRAND AVE LINE", "color": "#EE352E", "weight": 4, "category": "subway_route"}, "geometry": {"type": "LineString", "coordinates": [[-73.9482662744495, 40.6386154166801], [-73.9480159377799, 40.636275178901]]}}, {"type": "Feature", "properties": {"name": "Crosstown Line", "line": "CROSSTOWN LINE", "color": "#6CBE45", "weight": 4, "category": "subway_route"}, "geometry": {"type": "LineString", "coordinates": [[-73.9539580459456, 40.7295110261408], [-73.9542464850055, 40.7302057033436]]}}, {"type": "Feature", "properties": {"name": "Fulton St Line", "line": "FULTON ST LINE", "color": "#0039A6", "weight": 4, "category": "subway_route"}, "geometry": {"type": "LineString", "coordinates": [[-73.9690633074917, 40.6841655966503], [-73.9689232264908, 40.6841097001728]]}}, {"type": "Feature", "properties": {"name": "Fulton St Line", "line": "FULTON ST LINE", "color": "#0039A6", "weight": 4, "category": "subway_route"}, "geometry": {"type": "LineString", "coordinates": [[-73.9689232264908, 40.6841097001728], [-73.9679618342423, 40.6837350478092]]}}, {"type": "Feature", "properties": {"name": "Jerome Ave Line", "line": "JEROME AVE LINE", "color": "#00933C", "weight": 4, "category": "subway_route"}, "geometry": {"type": "LineString", "coordinates": [[-73.9161847235691, 40.8423431684864], [-73.9154481396085, 40.8433759020759]]}}, {"type": "Feature", "properties": {"name": "Broadway/7Th Ave Line", "line": "BROADWAY/7TH AVE LINE", "color": "#EE352E", "weight": 4, "category": "subway_route"}, "geometry": {"type": "LineString", "coordinates": [[-73.9034360286475, 40.8808296479754], [-73.9028233462017, 40.8816950063684]]}}, {"type": "Feature", "properties": {"name": "Lenox Ave Line", "line": "LENOX AVE LINE", "color": "#EE352E", "weight": 4, "category": "subway_route"}, "geometry": {"type": "LineString", "coordinates": [[-73.9367217103843, 40.8197782334727], [-73.9362940830407, 40.8203616281315]]}}, {"type": "Feature", "properties": {"name": "14St/Canarsie Line", "line": "14ST/CANARSIE LINE", "color": "#A7A9AC", "weight": 4, "category": "subway_route"}, "geometry": {"type": "LineString", "coordinates": [[-73.9228647599146, 40.7065838347119], [-73.9221372761343, 40.7061318638143]]}}, {"type": "Feature", "properties": {"name": "Jamaica Line", "line": "JAMAICA LINE", "color": "#996633", "weight": 4, "category": "subway_route"}, "geometry": {"type": "LineString", "coordinates": [[-73.9100258780622, 40.6826656075346], [-73.9092758973291, 40.6822425599689]]}}, {"type": "Feature", "properties": {"name": "Brighton Line", "line": "BRIGHTON LINE", "color": "#FF6319", "weight": 4, "category": "subway_route"}, "geometry": {"type": "LineString", "coordinates": [[-73.9673566627349, 40.5763560765622], [-73.9671728876247, 40.5763944405702]]}}, {"type": "Feature", "properties": {"name": "Fulton St Line", "line": "FULTON ST LINE", "color": "#0039A6", "weight": 4, "category": "subway_route"}, "geometry": {"type": "LineString", "coordinates": [[-73.8691517939718, 40.6758107998357], [-73.8682278122617, 40.6759437541383]]}}, {"type": "Feature", "properties": {"name": "Pelham Line", "line": "PELHAM LINE", "color": "#00933C", "weight": 4, "category": "subway_route"}, "geometry": {"type": "LineString", "coordinates": [[-73.8390895007572, 40.8422122990631], [-73.8388004575023, 40.8423663306524]]}}, {"type": "Feature", "properties": {"name": "Culver Line", "line": "CULVER LINE", "color": "#FF6319", "weight": 4, "category": "subway_route"}, "geometry": {"type": "LineString", "coordinates": [[-73.9745641555584, 40.5827929925759], [-73.9745419960709, 40.5826095651985]]}}, {"type": "Feature", "properties": {"name": "Jamaica Line", "line": "JAMAICA LINE", "color": "#996633", "weight": 4, "category": "subway_route"}, "geometry": {"type": "LineString", "coordinates": [[-73.945856271914, 40.7029954465515], [-73.9454511632247, 40.7027688757197]]}}, {"type": "Feature", "properties": {"name": "4Th Ave Line", "line": "4TH AVE LINE", "color": "#FCCC0A", "weight": 4, "category": "subway_route"}, "geometry": {"type": "LineString", "coordinates": [[-74.0038463140985, 40.6548741762403], [-74.0044205997029, 40.6543173419486]]}}, {"type": "Feature", "properties": {"name": "Houston/Essex St Line", "line": "HOUSTON/ESSEX ST LINE", "color": "#FF6319", "weight": 4, "category": "subway_route"}, "geometry": {"type": "LineString", "coordinates": [[-73.9869702164075, 40.6985118519577], [-73.9870230992788, 40.6976900592091]]}}, {"type": "Feature", "properties": {"name": "Eastern Pky Line", "line": "EASTERN PKY LINE", "color": "#00933C", "weight": 4, "category": "subway_route"}, "geometry": {"type": "LineString", "coordinates": [[-73.9882108528389, 40.691813990603], [-73.9873347365864, 40.691461613435]]}}, {"type": "Feature", "properties": {"name": "Concourse Line", "line": "CONCOURSE LINE", "color": "#FF6319", "weight": 4, "category": "subway_route"}, "geometry": {"type": "LineString", "coordinates": [[-73.9158719541291, 40.8364018603112], [-73.91531724541, 40.836955690745]]}}, {"type": "Feature", "properties": {"name": "Fulton St Line", "line": "FULTON ST LINE", "color": "#0039A6", "weight": 4, "category": "subway_route"}, "geometry": {"type": "LineString", "coordinates": [[-73.9668909084656, 40.6834909666744], [-73.9658660033975, 40.6832754622347]]}}, {"type": "Feature", "properties": {"name": "Culver Line", "line": "CULVER LINE", "color": "#FF6319", "weight": 4, "category": "subway_route"}, "geometry": {"type": "LineString", "coordinates": [[-73.9744168250067, 40.5865108327958], [-73.9744597622736, 40.5857674242703]]}}, {"type": "Feature", "properties": {"name": "Jerome Ave Line", "line": "JEROME AVE LINE", "color": "#00933C", "weight": 4, "category": "subway_route"}, "geometry": {"type": "LineString", "coordinates": [[-73.9168930431271, 40.8413555246642], [-73.9161847235691, 40.8423431684864]]}}, {"type": "Feature", "properties": {"name": "White Plains Rd Line", "line": "WHITE PLAINS RD LINE", "color": "#EE352E", "weight": 4, "category": "subway_route"}, "geometry": {"type": "LineString", "coordinates": [[-73.8978644917087, 40.8216060171718], [-73.8968796424204, 40.8221261230945]]}}, {"type": "Feature", "properties": {"name": "Crosstown Line", "line": "CROSSTOWN LINE", "color": "#6CBE45", "weight": 4, "category": "subway_route"}, "geometry": {"type": "LineString", "coordinates": [[-73.9765478632788, 40.6870054628655], [-73.9762071472596, 40.6870336404222]]}}, {"type": "Feature", "properties": {"name": "Broadway/7Th Ave Line", "line": "BROADWAY/7TH AVE LINE", "color": "#EE352E", "weight": 4, "category": "subway_route"}, "geometry": {"type": "LineString", "coordinates": [[-73.9015989270486, 40.8834753125768], [-73.9010444676959, 40.8843789365678]]}}, {"type": "Feature", "properties": {"name": "4Th Ave Line", "line": "4TH AVE LINE", "color": "#FCCC0A", "weight": 4, "category": "subway_route"}, "geometry": {"type": "LineString", "coordinates": [[-74.0131612204597, 40.6459184455737], [-74.0137432493304, 40.6453574812718]]}}, {"type": "Feature", "properties": {"name": "Jamaica Line", "line": "JAMAICA LINE", "color": "#996633", "weight": 4, "category": "subway_route"}, "geometry": {"type": "LineString", "coordinates": [[-73.9519118399179, 40.7063683191653], [-73.9510865820042, 40.7059211919175]]}}, {"type": "Feature", "properties": {"name": "4Th Ave Line", "line": "4TH AVE LINE", "color": "#FCCC0A", "weight": 4, "category": "subway_route"}, "geometry": {"type": "LineString", "coordinates": [[-74.027140070231, 40.6257701224558], [-74.0271543094086, 40.62573508029]]}}, {"type": "Feature", "properties": {"name": "New Lots Line", "line": "NEW LOTS LINE", "color": "#EE352E", "weight": 4, "category": "subway_route"}, "geometry": {"type": "LineString", "coordinates": [[-73.9117286704494, 40.6621429650598], [-73.9107763990481, 40.6622862320561]]}}, {"type": "Feature", "properties": {"name": "Manhattan Bridge Line", "line": "MANHATTAN BRIDGE LINE", "color": "#FF6319", "weight": 4, "category": "subway_route"}, "geometry": {"type": "LineString", "coordinates": [[-73.9845773079565, 40.695953263029], [-73.9842778569618, 40.6953874395345]]}}, {"type": "Feature", "properties": {"name": "Concourse Line", "line": "CONCOURSE LINE", "color": "#FF6319", "weight": 4, "category": "subway_route"}, "geometry": {"type": "LineString", "coordinates": [[-73.9037101912158, 40.852304255328], [-73.9036650503333, 40.8523642696282]]}}, {"type": "Feature", "properties": {"name": "Manhattan Bridge Line", "line": "MANHATTAN BRIDGE LINE", "color": "#FF6319", "weight": 4, "category": "subway_route"}, "geometry": {"type": "LineString", "coordinates": [[-73.9893486420372, 40.7047379303794], [-73.9892893640614, 40.7046280448112]]}}, {"type": "Feature", "properties": {"name": "Jerome Ave Line", "line": "JEROME AVE LINE", "color": "#00933C", "weight": 4, "category": "subway_route"}, "geometry": {"type": "LineString", "coordinates": [[-73.9143609050722, 40.8448806166652], [-73.9142815236557, 40.8450037720601]]}}, {"type": "Feature", "properties": {"name": "Manhattan Bridge Line", "line": "MANHATTAN BRIDGE LINE", "color": "#FF6319", "weight": 4, "category": "subway_route"}, "geometry": {"type": "LineString", "coordinates": [[-73.9985905542223, 40.7171077518458], [-73.9993137158016, 40.717558482151]]}}, {"type": "Feature", "properties": {"name": "Flushing Line", "line": "FLUSHING LINE", "color": "#B933AD", "weight": 4, "category": "subway_route"}, "geometry": {"type": "LineString", "coordinates": [[-73.977544144336, 40.7520718048249], [-73.9771091050219, 40.7518916544495]]}}, {"type": "Feature", "properties": {"name": "Lexington Ave", "line": "LEXINGTON AVE", "color": "#00933C", "weight": 4, "category": "subway_route"}, "geometry": {"type": "LineString", "coordinates": [[-74.009474880771, 40.7104207822577], [-74.0090639494606, 40.7108949428567]]}}, {"type": "Feature", "properties": {"name": "Clark St Line", "line": "CLARK ST LINE", "color": "#EE352E", "weight": 4, "category": "subway_route"}, "geometry": {"type": "LineString", "coordinates": [[-74.0067686694274, 40.7115103032301], [-74.0064805154874, 40.7112383021633]]}}, {"type": "Feature", "properties": {"name": "Nassau St Line", "line": "NASSAU ST LINE", "color": "#996633", "weight": 4, "category": "subway_route"}, "geometry": {"type": "LineString", "coordinates": [[-73.999235966463, 40.7189218084981], [-73.9985245721458, 40.7197933875028]]}}, {"type": "Feature", "properties": {"name": "Broadway/7Th Ave Line", "line": "BROADWAY/7TH AVE LINE", "color": "#EE352E", "weight": 4, "category": "subway_route"}, "geometry": {"type": "LineString", "coordinates": [[-73.9821788569154, 40.7721893897432], [-73.9821948387396, 40.7728048988083]]}}, {"type": "Feature", "properties": {"name": "Broadway/7Th Ave Line", "line": "BROADWAY/7TH AVE LINE", "color": "#EE352E", "weight": 4, "category": "subway_route"}, "geometry": {"type": "LineString", "coordinates": [[-73.9819897469657, 40.7654681105102], [-73.9818486752037, 40.7662954178187]]}}, {"type": "Feature", "properties": {"name": "6Th Ave Line", "line": "6TH AVE LINE", "color": "#FF6319", "weight": 4, "category": "subway_route"}, "geometry": {"type": "LineString", "coordinates": [[-73.9836256284672, 40.7555245942201], [-73.9831692569656, 40.7561484706602]]}}, {"type": "Feature", "properties": {"name": "Broadway/7Th Ave Line", "line": "BROADWAY/7TH AVE LINE", "color": "#EE352E", "weight": 4, "category": "subway_route"}, "geometry": {"type": "LineString", "coordinates": [[-73.9933603205607, 40.7472434692159], [-73.9929105857051, 40.7478631980451]]}}, {"type": "Feature", "properties": {"name": "8Th Ave Line", "line": "8TH AVE LINE", "color": "#0039A6", "weight": 4, "category": "subway_route"}, "geometry": {"type": "LineString", "coordinates": [[-73.9929806772354, 40.7528616504474], [-73.9925298586038, 40.7534821605784]]}}, {"type": "Feature", "properties": {"name": "Queens Blvd Line", "line": "QUEENS BLVD LINE", "color": "#FF6319", "weight": 4, "category": "subway_route"}, "geometry": {"type": "LineString", "coordinates": [[-73.872778848509, 40.7341950519313], [-73.8720064098854, 40.7339724432587]]}}, {"type": "Feature", "properties": {"name": "Broadway/7Th Ave Line", "line": "BROADWAY/7TH AVE LINE", "color": "#EE352E", "weight": 4, "category": "subway_route"}, "geometry": {"type": "LineString", "coordinates": [[-73.9896945787604, 40.7522885104597], [-73.9892447174304, 40.7529037127087]]}}, {"type": "Feature", "properties": {"name": "Broadway Line", "line": "BROADWAY LINE", "color": "#FCCC0A", "weight": 4, "category": "subway_route"}, "geometry": {"type": "LineString", "coordinates": [[-73.9909461383488, 40.7339859368915], [-73.9907552652095, 40.7348473986431]]}}, {"type": "Feature", "properties": {"name": "Lenox Ave Line", "line": "LENOX AVE LINE", "color": "#EE352E", "weight": 4, "category": "subway_route"}, "geometry": {"type": "LineString", "coordinates": [[-73.9454832386991, 40.8077808872511], [-73.9449948932772, 40.8084544439418]]}}, {"type": "Feature", "properties": {"name": "Broadway/7Th Ave Line", "line": "BROADWAY/7TH AVE LINE", "color": "#EE352E", "weight": 4, "category": "subway_route"}, "geometry": {"type": "LineString", "coordinates": [[-73.9509416483335, 40.8257659132824], [-73.9504512247229, 40.8264369058523]]}}, {"type": "Feature", "properties": {"name": "Lexington Ave", "line": "LEXINGTON AVE", "color": "#00933C", "weight": 4, "category": "subway_route"}, "geometry": {"type": "LineString", "coordinates": [[-73.9472306948849, 40.7909477341321], [-73.9467732714393, 40.7915777124776]]}}, {"type": "Feature", "properties": {"name": "Astoria Line", "line": "ASTORIA LINE", "color": "#FCCC0A", "weight": 4, "category": "subway_route"}, "geometry": {"type": "LineString", "coordinates": [[-73.962695865588, 40.7607543030506], [-73.961523374743, 40.7602386104629]]}}, {"type": "Feature", "properties": {"name": "Lexington Ave", "line": "LEXINGTON AVE", "color": "#00933C", "weight": 4, "category": "subway_route"}, "geometry": {"type": "LineString", "coordinates": [[-73.9607843006731, 40.7723812347133], [-73.9603211142401, 40.7730153365964]]}}, {"type": "Feature", "properties": {"name": "Lexington Ave", "line": "LEXINGTON AVE", "color": "#00933C", "weight": 4, "category": "subway_route"}, "geometry": {"type": "LineString", "coordinates": [[-73.9598581073233, 40.7736510214146], [-73.9593952454585, 40.7742862183739]]}}, {"type": "Feature", "properties": {"name": "Broadway/7Th Ave Line", "line": "BROADWAY/7TH AVE LINE", "color": "#EE352E", "weight": 4, "category": "subway_route"}, "geometry": {"type": "LineString", "coordinates": [[-73.9324345935152, 40.8511038459653], [-73.9319963806349, 40.8517040635306]]}}, {"type": "Feature", "properties": {"name": "Flushing Line", "line": "FLUSHING LINE", "color": "#B933AD", "weight": 4, "category": "subway_route"}, "geometry": {"type": "LineString", "coordinates": [[-73.932609885394, 40.7447900123192], [-73.9316837477297, 40.7446772272778]]}}, {"type": "Feature", "properties": {"name": "Lenox Ave Line", "line": "LENOX AVE LINE", "color": "#EE352E", "weight": 4, "category": "subway_route"}, "geometry": {"type": "LineString", "coordinates": [[-73.9369775627015, 40.8194300352818], [-73.9367217103843, 40.8197782334727]]}}, {"type": "Feature", "properties": {"name": "Astoria Line", "line": "ASTORIA LINE", "color": "#FCCC0A", "weight": 4, "category": "subway_route"}, "geometry": {"type": "LineString", "coordinates": [[-73.9167870684122, 40.7711627222233], [-73.9172604002962, 40.7707807811694]]}}, {"type": "Feature", "properties": {"name": "8Th Ave Line", "line": "8TH AVE LINE", "color": "#0039A6", "weight": 4, "category": "subway_route"}, "geometry": {"type": "LineString", "coordinates": [[-73.9464041868552, 40.8205803051285], [-73.9460795750561, 40.82127147865]]}}, {"type": "Feature", "properties": {"name": "Queens Blvd Line", "line": "QUEENS BLVD LINE", "color": "#FF6319", "weight": 4, "category": "subway_route"}, "geometry": {"type": "LineString", "coordinates": [[-73.9220414808253, 40.7529458779742], [-73.9216203713569, 40.7530359043783]]}}, {"type": "Feature", "properties": {"name": "Broadway/7Th Ave Line", "line": "BROADWAY/7TH AVE LINE", "color": "#EE352E", "weight": 4, "category": "subway_route"}, "geometry": {"type": "LineString", "coordinates": [[-73.9328624933193, 40.8505148499444], [-73.9324345935152, 40.8511038459653]]}}, {"type": "Feature", "properties": {"name": "Queens Blvd Line", "line": "QUEENS BLVD LINE", "color": "#FF6319", "weight": 4, "category": "subway_route"}, "geometry": {"type": "LineString", "coordinates": [[-73.9000525253207, 40.7503608065977], [-73.8997137972228, 40.7502120635023]]}}, {"type": "Feature", "properties": {"name": "Lexington Ave", "line": "LEXINGTON AVE", "color": "#00933C", "weight": 4, "category": "subway_route"}, "geometry": {"type": "LineString", "coordinates": [[-73.9360176714882, 40.8063039864868], [-73.9355633760182, 40.8069253748883]]}}, {"type": "Feature", "properties": {"name": "Broadway/7Th Ave Line", "line": "BROADWAY/7TH AVE LINE", "color": "#EE352E", "weight": 4, "category": "subway_route"}, "geometry": {"type": "LineString", "coordinates": [[-73.9379832316944, 40.8435090302031], [-73.9375186892176, 40.844145598916]]}}, {"type": "Feature", "properties": {"name": "8Th Ave Line", "line": "8TH AVE LINE", "color": "#0039A6", "weight": 4, "category": "subway_route"}, "geometry": {"type": "LineString", "coordinates": [[-73.9400498114559, 40.8344994763709], [-73.9398598916764, 40.8349291022462]]}}, {"type": "Feature", "properties": {"name": "Queens Blvd Line", "line": "QUEENS BLVD LINE", "color": "#FF6319", "weight": 4, "category": "subway_route"}, "geometry": {"type": "LineString", "coordinates": [[-73.7853539517047, 40.7122918634466], [-73.7844626750877, 40.7125021519692]]}}, {"type": "Feature", "properties": {"name": "Fulton St Line", "line": "FULTON ST LINE", "color": "#0039A6", "weight": 4, "category": "subway_route"}, "geometry": {"type": "LineString", "coordinates": [[-73.8369761074271, 40.6819962564897], [-73.8361587974772, 40.6824235341226]]}}, {"type": "Feature", "properties": {"name": "Jamaica Line", "line": "JAMAICA LINE", "color": "#996633", "weight": 4, "category": "subway_route"}, "geometry": {"type": "LineString", "coordinates": [[-73.8379000803443, 40.6963770484056], [-73.8371678191981, 40.6968738281358]]}}, {"type": "Feature", "properties": {"name": "Flushing Line", "line": "FLUSHING LINE", "color": "#B933AD", "weight": 4, "category": "subway_route"}, "geometry": {"type": "LineString", "coordinates": [[-73.8587645052666, 40.7507252233841], [-73.8558362102854, 40.7515855243048]]}}, {"type": "Feature", "properties": {"name": "Fulton St Line", "line": "FULTON ST LINE", "color": "#0039A6", "weight": 4, "category": "subway_route"}, "geometry": {"type": "LineString", "coordinates": [[-73.840129806827, 40.6811548895417], [-73.8395300161186, 40.6812716530668]]}}, {"type": "Feature", "properties": {"name": "Jamaica Line", "line": "JAMAICA LINE", "color": "#996633", "weight": 4, "category": "subway_route"}, "geometry": {"type": "LineString", "coordinates": [[-73.9502382199158, 40.7054814862738], [-73.949839168783, 40.70523726165]]}}, {"type": "Feature", "properties": {"name": "Crosstown Line", "line": "CROSSTOWN LINE", "color": "#6CBE45", "weight": 4, "category": "subway_route"}, "geometry": {"type": "LineString", "coordinates": [[-73.9518437179459, 40.7154503098503], [-73.9519300616417, 40.7159709356147]]}}, {"type": "Feature", "properties": {"name": "Jamaica Line", "line": "JAMAICA LINE", "color": "#996633", "weight": 4, "category": "subway_route"}, "geometry": {"type": "LineString", "coordinates": [[-73.9396912313543, 40.6994640302224], [-73.9389028064121, 40.6990452092097]]}}, {"type": "Feature", "properties": {"name": "4Th Ave Line", "line": "4TH AVE LINE", "color": "#FCCC0A", "weight": 4, "category": "subway_route"}, "geometry": {"type": "LineString", "coordinates": [[-73.9974304724648, 40.6610440699359], [-73.9980144675157, 40.6604801603606]]}}, {"type": "Feature", "properties": {"name": "Culver Line", "line": "CULVER LINE", "color": "#FF6319", "weight": 4, "category": "subway_route"}, "geometry": {"type": "LineString", "coordinates": [[-73.9737073228545, 40.6125805918367], [-73.9734850200747, 40.6113792814486]]}}, {"type": "Feature", "properties": {"name": "Fulton St Line", "line": "FULTON ST LINE", "color": "#0039A6", "weight": 4, "category": "subway_route"}, "geometry": {"type": "LineString", "coordinates": [[-73.9727661157093, 40.6856495275371], [-73.9723137838075, 40.6854664695952]]}}, {"type": "Feature", "properties": {"name": "Jamaica Line", "line": "JAMAICA LINE", "color": "#996633", "weight": 4, "category": "subway_route"}, "geometry": {"type": "LineString", "coordinates": [[-73.9592532449395, 40.7089121100225], [-73.9579055930158, 40.708435413921]]}}, {"type": "Feature", "properties": {"name": "Myrtle Ave Line", "line": "MYRTLE AVE LINE", "color": "#FF6319", "weight": 4, "category": "subway_route"}, "geometry": {"type": "LineString", "coordinates": [[-73.9322701822028, 40.6973248280781], [-73.9313390991324, 40.6974289651068]]}}, {"type": "Feature", "properties": {"name": "Flushing Line", "line": "FLUSHING LINE", "color": "#B933AD", "weight": 4, "category": "subway_route"}, "geometry": {"type": "LineString", "coordinates": [[-73.9021182030153, 40.7457391076934], [-73.9010974335043, 40.7458383631843]]}}, {"type": "Feature", "properties": {"name": "8Th Ave Line", "line": "8TH AVE LINE", "color": "#0039A6", "weight": 4, "category": "subway_route"}, "geometry": {"type": "LineString", "coordinates": [[-73.9378209822232, 40.8521361730489], [-73.9374362170337, 40.8533884228751]]}}, {"type": "Feature", "properties": {"name": "14St/Canarsie Line", "line": "14ST/CANARSIE LINE", "color": "#A7A9AC", "weight": 4, "category": "subway_route"}, "geometry": {"type": "LineString", "coordinates": [[-73.9170516881306, 40.7029610305842], [-73.916326108837, 40.7025069085293]]}}, {"type": "Feature", "properties": {"name": "Jamaica Line", "line": "JAMAICA LINE", "color": "#996633", "weight": 4, "category": "subway_route"}, "geometry": {"type": "LineString", "coordinates": [[-73.9205514032655, 40.688649159395], [-73.9198108909762, 40.6882194791327]]}}, {"type": "Feature", "properties": {"name": "Manhattan Bridge Line", "line": "MANHATTAN BRIDGE LINE", "color": "#FF6319", "weight": 4, "category": "subway_route"}, "geometry": {"type": "LineString", "coordinates": [[-73.9921336906025, 40.7096873470425], [-73.9921044437156, 40.7096341158287]]}}, {"type": "Feature", "properties": {"name": "Clark St Line", "line": "CLARK ST LINE", "color": "#EE352E", "weight": 4, "category": "subway_route"}, "geometry": {"type": "LineString", "coordinates": [[-74.0080055606424, 40.7079850292288], [-74.0076415897623, 40.7083534797362]]}}, {"type": "Feature", "properties": {"name": "Broadway/7Th Ave Line", "line": "BROADWAY/7TH AVE LINE", "color": "#EE352E", "weight": 4, "category": "subway_route"}, "geometry": {"type": "LineString", "coordinates": [[-74.0001843883113, 40.7378731814678], [-73.9996855305201, 40.738560718321]]}}, {"type": "Feature", "properties": {"name": "6Th Ave Line", "line": "6TH AVE LINE", "color": "#FF6319", "weight": 4, "category": "subway_route"}, "geometry": {"type": "LineString", "coordinates": [[-73.9795144865484, 40.7611568114819], [-73.9790586064799, 40.7617789694961]]}}, {"type": "Feature", "properties": {"name": "8Th Ave Line", "line": "8TH AVE LINE", "color": "#0039A6", "weight": 4, "category": "subway_route"}, "geometry": {"type": "LineString", "coordinates": [[-73.9874765444548, 40.7604130366089], [-73.9870164429009, 40.7610456173408]]}}, {"type": "Feature", "properties": {"name": "Lexington Ave", "line": "LEXINGTON AVE", "color": "#00933C", "weight": 4, "category": "subway_route"}, "geometry": {"type": "LineString", "coordinates": [[-73.9898755105008, 40.7354165031282], [-73.9894560179468, 40.7359954916082]]}}, {"type": "Feature", "properties": {"name": "6Th Ave Line", "line": "6TH AVE LINE", "color": "#FF6319", "weight": 4, "category": "subway_route"}, "geometry": {"type": "LineString", "coordinates": [[-73.9868512080486, 40.7510899268022], [-73.9864006051426, 40.751708233785]]}}, {"type": "Feature", "properties": {"name": "8Th Ave Line", "line": "8TH AVE LINE", "color": "#0039A6", "weight": 4, "category": "subway_route"}, "geometry": {"type": "LineString", "coordinates": [[-73.9911786799411, 40.7553380966779], [-73.9907276616453, 40.7559586537988]]}}, {"type": "Feature", "properties": {"name": "Astoria Line", "line": "ASTORIA LINE", "color": "#FCCC0A", "weight": 4, "category": "subway_route"}, "geometry": {"type": "LineString", "coordinates": [[-73.9199572447964, 40.768448318525], [-73.9203321173074, 40.7681217855055]]}}, {"type": "Feature", "properties": {"name": "Flushing Line", "line": "FLUSHING LINE", "color": "#B933AD", "weight": 4, "category": "subway_route"}, "geometry": {"type": "LineString", "coordinates": [[-73.9124810767021, 40.7441748471165], [-73.9115099804935, 40.7444789541782]]}}, {"type": "Feature", "properties": {"name": "Lexington Ave", "line": "LEXINGTON AVE", "color": "#00933C", "weight": 4, "category": "subway_route"}, "geometry": {"type": "LineString", "coordinates": [[-73.9654456384338, 40.7659921947336], [-73.9649898415, 40.7666172500094]]}}, {"type": "Feature", "properties": {"name": "Queens Blvd Line", "line": "QUEENS BLVD LINE", "color": "#FF6319", "weight": 4, "category": "subway_route"}, "geometry": {"type": "LineString", "coordinates": [[-73.8975786267293, 40.7493078591937], [-73.8968705741286, 40.749002081339]]}}, {"type": "Feature", "properties": {"name": "Jamaica Line", "line": "JAMAICA LINE", "color": "#996633", "weight": 4, "category": "subway_route"}, "geometry": {"type": "LineString", "coordinates": [[-73.8538406593182, 40.6930593162105], [-73.8532354386483, 40.6932724630645]]}}, {"type": "Feature", "properties": {"name": "Fulton St Line", "line": "FULTON ST LINE", "color": "#0039A6", "weight": 4, "category": "subway_route"}, "geometry": {"type": "LineString", "coordinates": [[-73.8342946238736, 40.6834401493815], [-73.8337911940604, 40.6837014644677]]}}, {"type": "Feature", "properties": {"name": "Queens Blvd Line", "line": "QUEENS BLVD LINE", "color": "#FF6319", "weight": 4, "category": "subway_route"}, "geometry": {"type": "LineString", "coordinates": [[-73.8557916677176, 40.7277335963017], [-73.8550627998541, 40.7274551080472]]}}, {"type": "Feature", "properties": {"name": "Jamaica Line", "line": "JAMAICA LINE", "color": "#996633", "weight": 4, "category": "subway_route"}, "geometry": {"type": "LineString", "coordinates": [[-73.8429469103102, 40.6952012925494], [-73.8419896614224, 40.6952259258033]]}}, {"type": "Feature", "properties": {"name": "White Plains Rd Line", "line": "WHITE PLAINS RD LINE", "color": "#EE352E", "weight": 4, "category": "subway_route"}, "geometry": {"type": "LineString", "coordinates": [[-73.9052869750288, 40.8179372499737], [-73.9050009896681, 40.8180681300915]]}}, {"type": "Feature", "properties": {"name": "White Plains Rd Line", "line": "WHITE PLAINS RD LINE", "color": "#EE352E", "weight": 4, "category": "subway_route"}, "geometry": {"type": "LineString", "coordinates": [[-73.8674234020077, 40.863220975612], [-73.86736177504, 40.8654374537923]]}}, {"type": "Feature", "properties": {"name": "Crosstown Line", "line": "CROSSTOWN LINE", "color": "#6CBE45", "weight": 4, "category": "subway_route"}, "geometry": {"type": "LineString", "coordinates": [[-73.9489152048057, 40.6939131041386], [-73.9487688975284, 40.6931794451523]]}}, {"type": "Feature", "properties": {"name": "14St/Canarsie Line", "line": "14ST/CANARSIE LINE", "color": "#A7A9AC", "weight": 4, "category": "subway_route"}, "geometry": {"type": "LineString", "coordinates": [[-73.9397158863122, 40.7069265327293], [-73.9395987972115, 40.7062186874763]]}}, {"type": "Feature", "properties": {"name": "63Rd St Line", "line": "63RD ST LINE", "color": "#FF6319", "weight": 4, "category": "subway_route"}, "geometry": {"type": "LineString", "coordinates": [[-73.939872643856, 40.7526487094539], [-73.9391029281351, 40.7522387190023]]}}, {"type": "Feature", "properties": {"name": "Broadway/7Th Ave Line", "line": "BROADWAY/7TH AVE LINE", "color": "#EE352E", "weight": 4, "category": "subway_route"}, "geometry": {"type": "LineString", "coordinates": [[-73.934240749083, 40.8486344796094], [-73.9337320808698, 40.849329566919]]}}, {"type": "Feature", "properties": {"name": "Queens Blvd Line", "line": "QUEENS BLVD LINE", "color": "#FF6319", "weight": 4, "category": "subway_route"}, "geometry": {"type": "LineString", "coordinates": [[-73.9064614551781, 40.7530805315309], [-73.9061795922537, 40.7529633804409]]}}, {"type": "Feature", "properties": {"name": "Jamaica Line", "line": "JAMAICA LINE", "color": "#996633", "weight": 4, "category": "subway_route"}, "geometry": {"type": "LineString", "coordinates": [[-73.851350407119, 40.6939728324725], [-73.851049739085, 40.6940749852275]]}}, {"type": "Feature", "properties": {"name": "Flushing Line", "line": "FLUSHING LINE", "color": "#B933AD", "weight": 4, "category": "subway_route"}, "geometry": {"type": "LineString", "coordinates": [[-73.8665578691312, 40.7494724002244], [-73.8641860158936, 40.7497278393965]]}}, {"type": "Feature", "properties": {"name": "White Plains Rd Line", "line": "WHITE PLAINS RD LINE", "color": "#EE352E", "weight": 4, "category": "subway_route"}, "geometry": {"type": "LineString", "coordinates": [[-73.9006470013789, 40.8201715433485], [-73.8998612217123, 40.8205708824819]]}}, {"type": "Feature", "properties": {"name": "Crosstown Line", "line": "CROSSTOWN LINE", "color": "#6CBE45", "weight": 4, "category": "subway_route"}, "geometry": {"type": "LineString", "coordinates": [[-73.9521251633725, 40.7171059120642], [-73.9521665242076, 40.7173904094015]]}}, {"type": "Feature", "properties": {"name": "Fulton St Line", "line": "FULTON ST LINE", "color": "#0039A6", "weight": 4, "category": "subway_route"}, "geometry": {"type": "LineString", "coordinates": [[-73.9556672981579, 40.6811451952218], [-73.95440392195, 40.6808662623123]]}}, {"type": "Feature", "properties": {"name": "14St/Canarsie Line", "line": "14ST/CANARSIE LINE", "color": "#A7A9AC", "weight": 4, "category": "subway_route"}, "geometry": {"type": "LineString", "coordinates": [[-73.9551873814619, 40.7162603588602], [-73.9538665290971, 40.7154408679332]]}}, {"type": "Feature", "properties": {"name": "Pelham Line", "line": "PELHAM LINE", "color": "#00933C", "weight": 4, "category": "subway_route"}, "geometry": {"type": "LineString", "coordinates": [[-73.8755082901814, 40.8292424015773], [-73.874609944583, 40.8295111720079]]}}, {"type": "Feature", "properties": {"name": "Pelham Line", "line": "PELHAM LINE", "color": "#00933C", "weight": 4, "category": "subway_route"}, "geometry": {"type": "LineString", "coordinates": [[-73.8801133794406, 40.8285199323802], [-73.8791719375266, 40.8285904492006]]}}, {"type": "Feature", "properties": {"name": "Eastern Pky Line", "line": "EASTERN PKY LINE", "color": "#00933C", "weight": 4, "category": "subway_route"}, "geometry": {"type": "LineString", "coordinates": [[-73.9829581354458, 40.6897080551891], [-73.9820986717093, 40.6893662451815]]}}, {"type": "Feature", "properties": {"name": "Pelham Line", "line": "PELHAM LINE", "color": "#00933C", "weight": 4, "category": "subway_route"}, "geometry": {"type": "LineString", "coordinates": [[-73.8598406369315, 40.8333491641715], [-73.8590579820599, 40.8334214926586]]}}, {"type": "Feature", "properties": {"name": "White Plains Rd Line", "line": "WHITE PLAINS RD LINE", "color": "#EE352E", "weight": 4, "category": "subway_route"}, "geometry": {"type": "LineString", "coordinates": [[-73.8612491020346, 40.8864047653086], [-73.860863079973, 40.8871050149363]]}}, {"type": "Feature", "properties": {"name": "Jerome Ave Line", "line": "JEROME AVE LINE", "color": "#00933C", "weight": 4, "category": "subway_route"}, "geometry": {"type": "LineString", "coordinates": [[-73.9154481396085, 40.8433759020759], [-73.9147454729655, 40.8443507720664]]}}, {"type": "Feature", "properties": {"name": "Culver Line", "line": "CULVER LINE", "color": "#FF6319", "weight": 4, "category": "subway_route"}, "geometry": {"type": "LineString", "coordinates": [[-73.9758026082825, 40.6236017698709], [-73.9752971485478, 40.6209215783767]]}}, {"type": "Feature", "properties": {"name": "White Plains Rd Line", "line": "WHITE PLAINS RD LINE", "color": "#EE352E", "weight": 4, "category": "subway_route"}, "geometry": {"type": "LineString", "coordinates": [[-73.9008530416317, 40.8200668306289], [-73.9006470013789, 40.8201715433485]]}}, {"type": "Feature", "properties": {"name": "Jamaica Line", "line": "JAMAICA LINE", "color": "#996633", "weight": 4, "category": "subway_route"}, "geometry": {"type": "LineString", "coordinates": [[-73.8732000531726, 40.6833707927064], [-73.8730336317978, 40.6834183903077]]}}, {"type": "Feature", "properties": {"name": "Flushing Line", "line": "FLUSHING LINE", "color": "#B933AD", "weight": 4, "category": "subway_route"}, "geometry": {"type": "LineString", "coordinates": [[-73.9697913413635, 40.748783212612], [-73.9696921932539, 40.7487416102568]]}}, {"type": "Feature", "properties": {"name": "Fulton St Line", "line": "FULTON ST LINE", "color": "#0039A6", "weight": 4, "category": "subway_route"}, "geometry": {"type": "LineString", "coordinates": [[-73.8894196546414, 40.6728558772993], [-73.8885165633034, 40.672990983869]]}}, {"type": "Feature", "properties": {"name": "Flushing Line", "line": "FLUSHING LINE", "color": "#B933AD", "weight": 4, "category": "subway_route"}, "geometry": {"type": "LineString", "coordinates": [[-73.9516061261109, 40.7422473066587], [-73.9515332236268, 40.7422354181543]]}}, {"type": "Feature", "properties": {"name": "Jamaica Line", "line": "JAMAICA LINE", "color": "#996633", "weight": 4, "category": "subway_route"}, "geometry": {"type": "LineString", "coordinates": [[-73.9182947293603, 40.6873649054174], [-73.9180473405317, 40.6872214848503]]}}, {"type": "Feature", "properties": {"name": "42Nd St Shuttle Line", "line": "42ND ST SHUTTLE LINE", "color": "#808183", "weight": 4, "category": "subway_route"}, "geometry": {"type": "LineString", "coordinates": [[-73.9808883938858, 40.7534892373154], [-73.9792881566925, 40.7528087454381]]}}, {"type": "Feature", "properties": {"name": "Nassau St Line", "line": "NASSAU ST LINE", "color": "#996633", "weight": 4, "category": "subway_route"}, "geometry": {"type": "LineString", "coordinates": [[-73.9897701295686, 40.719034469885], [-73.9890124793006, 40.7188037705499]]}}, {"type": "Feature", "properties": {"name": "Flushing Line", "line": "FLUSHING LINE", "color": "#B933AD", "weight": 4, "category": "subway_route"}, "geometry": {"type": "LineString", "coordinates": [[-73.9874477195777, 40.7553812092221], [-73.9866404225671, 40.7550427713482]]}}, {"type": "Feature", "properties": {"name": "Manhattan Bridge Line", "line": "MANHATTAN BRIDGE LINE", "color": "#FF6319", "weight": 4, "category": "subway_route"}, "geometry": {"type": "LineString", "coordinates": [[-73.9873804715759, 40.7012210074327], [-73.9873478242736, 40.7011698907825]]}}, {"type": "Feature", "properties": {"name": "Broadway/7Th Ave Line", "line": "BROADWAY/7TH AVE LINE", "color": "#EE352E", "weight": 4, "category": "subway_route"}, "geometry": {"type": "LineString", "coordinates": [[-74.0130831798479, 40.7091552193527], [-74.0129941004226, 40.7093625091873]]}}, {"type": "Feature", "properties": {"name": "Broadway/7Th Ave Line", "line": "BROADWAY/7TH AVE LINE", "color": "#EE352E", "weight": 4, "category": "subway_route"}, "geometry": {"type": "LineString", "coordinates": [[-74.0101294090066, 40.7143910061377], [-74.0096910549484, 40.7149592331617]]}}, {"type": "Feature", "properties": {"name": "Broadway Line", "line": "BROADWAY LINE", "color": "#FCCC0A", "weight": 4, "category": "subway_route"}, "geometry": {"type": "LineString", "coordinates": [[-74.0081011200987, 40.7120026433844], [-74.0076670052883, 40.712540881615]]}}, {"type": "Feature", "properties": {"name": "Broadway/7Th Ave Line", "line": "BROADWAY/7TH AVE LINE", "color": "#EE352E", "weight": 4, "category": "subway_route"}, "geometry": {"type": "LineString", "coordinates": [[-74.0071006064761, 40.718383990479], [-74.0069376394456, 40.7191348965284]]}}, {"type": "Feature", "properties": {"name": "Lexington Ave", "line": "LEXINGTON AVE", "color": "#00933C", "weight": 4, "category": "subway_route"}, "geometry": {"type": "LineString", "coordinates": [[-74.0025593602186, 40.7161890138605], [-74.0020790170194, 40.7167391361988]]}}, {"type": "Feature", "properties": {"name": "Manhattan Bridge Line", "line": "MANHATTAN BRIDGE LINE", "color": "#FF6319", "weight": 4, "category": "subway_route"}, "geometry": {"type": "LineString", "coordinates": [[-73.9993137158016, 40.717558482151], [-73.9999575076805, 40.7180253355315]]}}, {"type": "Feature", "properties": {"name": "Broadway/7Th Ave Line", "line": "BROADWAY/7TH AVE LINE", "color": "#EE352E", "weight": 4, "category": "subway_route"}, "geometry": {"type": "LineString", "coordinates": [[-73.9745664515082, 40.7908498480946], [-73.9741060308962, 40.7914759713703]]}}, {"type": "Feature", "properties": {"name": "Broadway/7Th Ave Line", "line": "BROADWAY/7TH AVE LINE", "color": "#EE352E", "weight": 4, "category": "subway_route"}, "geometry": {"type": "LineString", "coordinates": [[-73.9821183340695, 40.769750557566], [-73.982142760425, 40.7705789887356]]}}, {"type": "Feature", "properties": {"name": "Broadway Line", "line": "BROADWAY LINE", "color": "#FCCC0A", "weight": 4, "category": "subway_route"}, "geometry": {"type": "LineString", "coordinates": [[-73.9814348159385, 40.7636026104175], [-73.9809819439594, 40.7642309080818]]}}, {"type": "Feature", "properties": {"name": "Broadway Line", "line": "BROADWAY LINE", "color": "#FCCC0A", "weight": 4, "category": "subway_route"}, "geometry": {"type": "LineString", "coordinates": [[-73.9914610081579, 40.7317464028288], [-73.9912818926926, 40.7324542073859]]}}, {"type": "Feature", "properties": {"name": "Lexington Ave", "line": "LEXINGTON AVE", "color": "#00933C", "weight": 4, "category": "subway_route"}, "geometry": {"type": "LineString", "coordinates": [[-73.9523422448066, 40.7839453131453], [-73.951884244522, 40.7845734662177]]}}, {"type": "Feature", "properties": {"name": "8Th Ave Line", "line": "8TH AVE LINE", "color": "#0039A6", "weight": 4, "category": "subway_route"}, "geometry": {"type": "LineString", "coordinates": [[-73.9576966974006, 40.801239605587], [-73.9572387835319, 40.8018662198108]]}}, {"type": "Feature", "properties": {"name": "Broadway/7Th Ave Line", "line": "BROADWAY/7TH AVE LINE", "color": "#EE352E", "weight": 4, "category": "subway_route"}, "geometry": {"type": "LineString", "coordinates": [[-73.9536723249769, 40.822025796999], [-73.9532185809177, 40.8226517921341]]}}, {"type": "Feature", "properties": {"name": "Lexington Ave", "line": "LEXINGTON AVE", "color": "#00933C", "weight": 4, "category": "subway_route"}, "geometry": {"type": "LineString", "coordinates": [[-73.9659016299018, 40.7653655346026], [-73.9654456384338, 40.7659921947336]]}}, {"type": "Feature", "properties": {"name": "Broadway/7Th Ave Line", "line": "BROADWAY/7TH AVE LINE", "color": "#EE352E", "weight": 4, "category": "subway_route"}, "geometry": {"type": "LineString", "coordinates": [[-73.9722832540314, 40.7939887723438], [-73.971785541823, 40.7946592000125]]}}, {"type": "Feature", "properties": {"name": "Flushing Line", "line": "FLUSHING LINE", "color": "#B933AD", "weight": 4, "category": "subway_route"}, "geometry": {"type": "LineString", "coordinates": [[-73.9344011527486, 40.74604280491], [-73.9335057600775, 40.7451542476851]]}}, {"type": "Feature", "properties": {"name": "Broadway/7Th Ave Line", "line": "BROADWAY/7TH AVE LINE", "color": "#EE352E", "weight": 4, "category": "subway_route"}, "geometry": {"type": "LineString", "coordinates": [[-73.9346944590359, 40.8480066531039], [-73.934240749083, 40.8486344796094]]}}, {"type": "Feature", "properties": {"name": "Flushing Line", "line": "FLUSHING LINE", "color": "#B933AD", "weight": 4, "category": "subway_route"}, "geometry": {"type": "LineString", "coordinates": [[-73.8811387385643, 40.7479355437838], [-73.8802077425157, 40.7480332300311]]}}, {"type": "Feature", "properties": {"name": "14St/Canarsie Line", "line": "14ST/CANARSIE LINE", "color": "#A7A9AC", "weight": 4, "category": "subway_route"}, "geometry": {"type": "LineString", "coordinates": [[-73.9625352058503, 40.7208564364431], [-73.9617210871003, 40.7203278084538]]}}, {"type": "Feature", "properties": {"name": "6Th Ave Line", "line": "6TH AVE LINE", "color": "#FF6319", "weight": 4, "category": "subway_route"}, "geometry": {"type": "LineString", "coordinates": [[-73.9933660034426, 40.7123992323207], [-73.9929706298808, 40.7117193415299]]}}, {"type": "Feature", "properties": {"name": "6Th Ave Line", "line": "6TH AVE LINE", "color": "#FF6319", "weight": 4, "category": "subway_route"}, "geometry": {"type": "LineString", "coordinates": [[-73.9937072058539, 40.7130935094808], [-73.9933660034426, 40.7123992323207]]}}, {"type": "Feature", "properties": {"name": "Clark St Line", "line": "CLARK ST LINE", "color": "#EE352E", "weight": 4, "category": "subway_route"}, "geometry": {"type": "LineString", "coordinates": [[-74.0076670052883, 40.712540881615], [-74.0074238271311, 40.7123054034903], [-74.0072074187588, 40.712055254776], [-74.0070193006055, 40.7117921928029]]}}, {"type": "Feature", "properties": {"name": "Lexington Ave", "line": "LEXINGTON AVE", "color": "#00933C", "weight": 4, "category": "subway_route"}, "geometry": {"type": "LineString", "coordinates": [[-74.0055906300495, 40.7121782933612], [-74.0054317798575, 40.7122119348645], [-74.0052769199984, 40.7122576791219], [-74.005128426555, 40.7123150124053], [-74.0049884668917, 40.7123830968428], [-74.0048589811667, 40.7124607808026]]}}, {"type": "Feature", "properties": {"name": "Lexington Ave", "line": "LEXINGTON AVE", "color": "#00933C", "weight": 4, "category": "subway_route"}, "geometry": {"type": "LineString", "coordinates": [[-74.0057417472396, 40.7120969966209], [-74.0055906300495, 40.7121782933612]]}}, {"type": "Feature", "properties": {"name": "Lexington Ave", "line": "LEXINGTON AVE", "color": "#00933C", "weight": 4, "category": "subway_route"}, "geometry": {"type": "LineString", "coordinates": [[-74.0042153537879, 40.7129889824535], [-74.0040603081093, 40.7131430295996]]}}, {"type": "Feature", "properties": {"name": "Nassau St Line", "line": "NASSAU ST LINE", "color": "#996633", "weight": 4, "category": "subway_route"}, "geometry": {"type": "LineString", "coordinates": [[-74.0058517972574, 40.7116859288649], [-74.0052932549095, 40.7120092185595]]}}, {"type": "Feature", "properties": {"name": "Nassau St Line", "line": "NASSAU ST LINE", "color": "#996633", "weight": 4, "category": "subway_route"}, "geometry": {"type": "MultiLineString", "coordinates": [[[-74.0050975528477, 40.7121384530423], [-74.0050928114933, 40.7121407252048], [-74.0050880255968, 40.7121429426375], [-74.0050831962493, 40.7121451048348]], [[-74.0050831962493, 40.7121451048348], [-74.0050684698994, 40.7121512512765], [-74.0050533931246, 40.7121568843583], [-74.0050379968116, 40.7121619925403]], [[-74.0050379968116, 40.7121619925403], [-74.0050177472165, 40.7121693471907], [-74.0049722443716, 40.7121833803908], [-74.0049267404067, 40.7121974135729], [-74.0048802369798, 40.7122096276036], [-74.0048328128252, 40.7122218641027], [-74.004784389653, 40.7122322819507], [-74.0047350045191, 40.712241801203], [-74.0046993761016, 40.7122479014845]]]}}, {"type": "Feature", "properties": {"name": "Nassau St Line", "line": "NASSAU ST LINE", "color": "#996633", "weight": 4, "category": "subway_route"}, "geometry": {"type": "LineString", "coordinates": [[-74.0032600851831, 40.7134731637998], [-74.0031138670119, 40.7136979902284]]}}, {"type": "Feature", "properties": {"name": "Nassau St Line", "line": "NASSAU ST LINE", "color": "#996633", "weight": 4, "category": "subway_route"}, "geometry": {"type": "LineString", "coordinates": [[-74.0027241615078, 40.7143979483965], [-74.002455231858, 40.7147980605882]]}}, {"type": "Feature", "properties": {"name": "Nassau St Line", "line": "NASSAU ST LINE", "color": "#996633", "weight": 4, "category": "subway_route"}, "geometry": {"type": "LineString", "coordinates": [[-74.002455231858, 40.7147980605882], [-74.0021158572728, 40.7151671504739]]}}, {"type": "Feature", "properties": {"name": "Broadway/7Th Ave Line", "line": "BROADWAY/7TH AVE LINE", "color": "#EE352E", "weight": 4, "category": "subway_route"}, "geometry": {"type": "LineString", "coordinates": [[-74.0062997184394, 40.7225577447957], [-74.0062341756031, 40.7231288869986]]}}, {"type": "Feature", "properties": {"name": "8Th Ave Line", "line": "8TH AVE LINE", "color": "#0039A6", "weight": 4, "category": "subway_route"}, "geometry": {"type": "LineString", "coordinates": [[-74.0053111622728, 40.7218324333331], [-74.0053538012474, 40.7218983759341], [-74.0053817871782, 40.7219704151698], [-74.0053931682145, 40.7220456073613], [-74.0053874690735, 40.7221206021677], [-74.0053656609338, 40.7221921935809]]}}, {"type": "Feature", "properties": {"name": "8Th Ave Line", "line": "8TH AVE LINE", "color": "#0039A6", "weight": 4, "category": "subway_route"}, "geometry": {"type": "LineString", "coordinates": [[-74.0053656609338, 40.7221921935809], [-74.0050601716522, 40.7229861057568]]}}, {"type": "Feature", "properties": {"name": "8Th Ave Line", "line": "8TH AVE LINE", "color": "#0039A6", "weight": 4, "category": "subway_route"}, "geometry": {"type": "LineString", "coordinates": [[-74.0052097881397, 40.7206368857547], [-74.0052496230629, 40.721032999929]]}}, {"type": "Feature", "properties": {"name": "Nassau St Line", "line": "NASSAU ST LINE", "color": "#996633", "weight": 4, "category": "subway_route"}, "geometry": {"type": "LineString", "coordinates": [[-73.9999575076805, 40.7180253355315], [-73.9994246026804, 40.7186885148666]]}}, {"type": "Feature", "properties": {"name": "Manhattan Bridge Line", "line": "MANHATTAN BRIDGE LINE", "color": "#FF6319", "weight": 4, "category": "subway_route"}, "geometry": {"type": "LineString", "coordinates": [[-73.9999575076805, 40.7180253355315], [-74.000533254455, 40.7184384795207]]}}, {"type": "Feature", "properties": {"name": "Lexington Ave", "line": "LEXINGTON AVE", "color": "#00933C", "weight": 4, "category": "subway_route"}, "geometry": {"type": "LineString", "coordinates": [[-74.000533254455, 40.7184384795207], [-73.999841613441, 40.7192012214153]]}}, {"type": "Feature", "properties": {"name": "Manhattan Bridge Line", "line": "MANHATTAN BRIDGE LINE", "color": "#FF6319", "weight": 4, "category": "subway_route"}, "geometry": {"type": "LineString", "coordinates": [[-74.0012740335738, 40.7189696665302], [-74.0014018563837, 40.7190608607995]]}}, {"type": "Feature", "properties": {"name": "Broadway Line", "line": "BROADWAY LINE", "color": "#FCCC0A", "weight": 4, "category": "subway_route"}, "geometry": {"type": "LineString", "coordinates": [[-74.0015252370019, 40.7198289808803], [-74.0014258097124, 40.7199454389403]]}}, {"type": "Feature", "properties": {"name": "Manhattan Bridge Line", "line": "MANHATTAN BRIDGE LINE", "color": "#FF6319", "weight": 4, "category": "subway_route"}, "geometry": {"type": "LineString", "coordinates": [[-74.0014018563837, 40.7190608607995], [-74.0014500886943, 40.7191115558678], [-74.0014925492655, 40.7191651563761], [-74.0015289375158, 40.7192212828758], [-74.0015589958501, 40.7192795380376], [-74.0015825114833, 40.719339509464], [-74.0015993179466, 40.7194007726088], [-74.0016092962658, 40.7194628937828], [-74.0016123758037, 40.719525433224], [-74.0016085347599, 40.7195879482105], [-74.0015978003255, 40.719649996195], [-74.0015802484903, 40.7197111379372], [-74.0015560035051, 40.7197709406134], [-74.0015252370019, 40.7198289808803]]}}, {"type": "Feature", "properties": {"name": "Broadway Line", "line": "BROADWAY LINE", "color": "#FCCC0A", "weight": 4, "category": "subway_route"}, "geometry": {"type": "LineString", "coordinates": [[-74.0015252370019, 40.7198289808803], [-74.0018853628275, 40.7194058109404]]}}, {"type": "Feature", "properties": {"name": "6Th Ave Line", "line": "6TH AVE LINE", "color": "#FF6319", "weight": 4, "category": "subway_route"}, "geometry": {"type": "LineString", "coordinates": [[-73.9938291537175, 40.7181527182256], [-73.9933604507583, 40.7190788131775]]}}, {"type": "Feature", "properties": {"name": "Broadway Line", "line": "BROADWAY LINE", "color": "#FCCC0A", "weight": 4, "category": "subway_route"}, "geometry": {"type": "LineString", "coordinates": [[-73.9977863873357, 40.7242431359942], [-73.9968442577901, 40.7253560803667]]}}, {"type": "Feature", "properties": {"name": "Houston/Essex St Line", "line": "HOUSTON/ESSEX ST LINE", "color": "#FF6319", "weight": 4, "category": "subway_route"}, "geometry": {"type": "LineString", "coordinates": [[-73.9967730562115, 40.7254401860186], [-73.9958470737119, 40.7252165959844]]}}, {"type": "Feature", "properties": {"name": "Houston/Essex St Line", "line": "HOUSTON/ESSEX ST LINE", "color": "#FF6319", "weight": 4, "category": "subway_route"}, "geometry": {"type": "LineString", "coordinates": [[-73.9967730562115, 40.7254401860186], [-73.9976114946451, 40.72580538066]]}}, {"type": "Feature", "properties": {"name": "Houston/Essex St Line", "line": "HOUSTON/ESSEX ST LINE", "color": "#FF6319", "weight": 4, "category": "subway_route"}, "geometry": {"type": "LineString", "coordinates": [[-73.9958470737119, 40.7252165959844], [-73.9953303773274, 40.7250919817214]]}}, {"type": "Feature", "properties": {"name": "Houston/Essex St Line", "line": "HOUSTON/ESSEX ST LINE", "color": "#FF6319", "weight": 4, "category": "subway_route"}, "geometry": {"type": "LineString", "coordinates": [[-73.9949095716999, 40.7249594717025], [-73.9941806024162, 40.7247006487652]]}}, {"type": "Feature", "properties": {"name": "Crosstown Line", "line": "CROSSTOWN LINE", "color": "#6CBE45", "weight": 4, "category": "subway_route"}, "geometry": {"type": "LineString", "coordinates": [[-73.9521665242076, 40.7173904094015], [-73.9522878763596, 40.7180938394132]]}}, {"type": "Feature", "properties": {"name": "Concourse Line", "line": "CONCOURSE LINE", "color": "#FF6319", "weight": 4, "category": "subway_route"}, "geometry": {"type": "LineString", "coordinates": [[-73.8982285641504, 40.860457135741], [-73.8980258053418, 40.8608287335937]]}}, {"type": "Feature", "properties": {"name": "14St/Canarsie Line", "line": "14ST/CANARSIE LINE", "color": "#A7A9AC", "weight": 4, "category": "subway_route"}, "geometry": {"type": "LineString", "coordinates": [[-73.9214109882405, 40.7056786562695], [-73.920684876307, 40.7052248041082]]}}, {"type": "Feature", "properties": {"name": "Eastern Pky Line", "line": "EASTERN PKY LINE", "color": "#00933C", "weight": 4, "category": "subway_route"}, "geometry": {"type": "LineString", "coordinates": [[-73.979091948362, 40.6863021010281], [-73.9789953197524, 40.6861643677285]]}}, {"type": "Feature", "properties": {"name": "6Th Ave Line", "line": "6TH AVE LINE", "color": "#FF6319", "weight": 4, "category": "subway_route"}, "geometry": {"type": "LineString", "coordinates": [[-73.9929706298808, 40.7117193415299], [-73.992482720837, 40.7108300559629]]}}, {"type": "Feature", "properties": {"name": "Flushing Line", "line": "FLUSHING LINE", "color": "#B933AD", "weight": 4, "category": "subway_route"}, "geometry": {"type": "LineString", "coordinates": [[-73.8522057591789, 40.7526689340398], [-73.8521234644846, 40.7526937720859]]}}, {"type": "Feature", "properties": {"name": "Queens Blvd Line", "line": "QUEENS BLVD LINE", "color": "#FF6319", "weight": 4, "category": "subway_route"}, "geometry": {"type": "LineString", "coordinates": [[-73.8668742880485, 40.7319541961731], [-73.866640498016, 40.7318203168736]]}}, {"type": "Feature", "properties": {"name": "Astoria/Queens Line", "line": "ASTORIA/QUEENS LINE", "color": "#FCCC0A", "weight": 4, "category": "subway_route"}, "geometry": {"type": "LineString", "coordinates": [[-73.9361621500073, 40.7496823187305], [-73.9360962707596, 40.7497397791993]]}}, {"type": "Feature", "properties": {"name": "8Th Ave Line", "line": "8TH AVE LINE", "color": "#0039A6", "weight": 4, "category": "subway_route"}, "geometry": {"type": "LineString", "coordinates": [[-74.0052496230629, 40.721032999929], [-74.005308432233, 40.7217345571019]]}}, {"type": "Feature", "properties": {"name": "Broadway/7Th Ave Line", "line": "BROADWAY/7TH AVE LINE", "color": "#EE352E", "weight": 4, "category": "subway_route"}, "geometry": {"type": "LineString", "coordinates": [[-73.9820940086511, 40.7689005505049], [-73.9821183340695, 40.769750557566]]}}, {"type": "Feature", "properties": {"name": "Broadway/7Th Ave Line", "line": "BROADWAY/7TH AVE LINE", "color": "#EE352E", "weight": 4, "category": "subway_route"}, "geometry": {"type": "LineString", "coordinates": [[-73.982142760425, 40.7705789887356], [-73.9821598335238, 40.7714013220668]]}}, {"type": "Feature", "properties": {"name": "Flushing Line", "line": "FLUSHING LINE", "color": "#B933AD", "weight": 4, "category": "subway_route"}, "geometry": {"type": "LineString", "coordinates": [[-73.9355619592943, 40.7471663381167], [-73.9352582161992, 40.7468717921661]]}}, {"type": "Feature", "properties": {"name": "Lexington Ave", "line": "LEXINGTON AVE", "color": "#00933C", "weight": 4, "category": "subway_route"}, "geometry": {"type": "LineString", "coordinates": [[-73.9555856933922, 40.7795050538228], [-73.9550943625411, 40.7801803123357]]}}, {"type": "Feature", "properties": {"name": "Broadway/7Th Ave Line", "line": "BROADWAY/7TH AVE LINE", "color": "#EE352E", "weight": 4, "category": "subway_route"}, "geometry": {"type": "LineString", "coordinates": [[-73.9712888374407, 40.7953345065558], [-73.9708286366152, 40.7959668568423]]}}, {"type": "Feature", "properties": {"name": "Lexington Ave", "line": "LEXINGTON AVE", "color": "#00933C", "weight": 4, "category": "subway_route"}, "geometry": {"type": "LineString", "coordinates": [[-73.9622123425605, 40.7704317256339], [-73.9617096171107, 40.7711138356618]]}}, {"type": "Feature", "properties": {"name": "Queens Blvd Line", "line": "QUEENS BLVD LINE", "color": "#FF6319", "weight": 4, "category": "subway_route"}, "geometry": {"type": "LineString", "coordinates": [[-73.9229677099749, 40.7527370527124], [-73.9220414808253, 40.7529458779742]]}}, {"type": "Feature", "properties": {"name": "Queens Blvd Line", "line": "QUEENS BLVD LINE", "color": "#FF6319", "weight": 4, "category": "subway_route"}, "geometry": {"type": "LineString", "coordinates": [[-73.9397382766994, 40.7480746379453], [-73.9391752773169, 40.7482860658514]]}}, {"type": "Feature", "properties": {"name": "Broadway/7Th Ave Line", "line": "BROADWAY/7TH AVE LINE", "color": "#EE352E", "weight": 4, "category": "subway_route"}, "geometry": {"type": "LineString", "coordinates": [[-73.9305399675302, 40.8536932826541], [-73.9300840240659, 40.8543178851625]]}}, {"type": "Feature", "properties": {"name": "Lenox Ave Line", "line": "LENOX AVE LINE", "color": "#EE352E", "weight": 4, "category": "subway_route"}, "geometry": {"type": "LineString", "coordinates": [[-73.9427218596177, 40.8115762826374], [-73.9422506084163, 40.8122089712029]]}}, {"type": "Feature", "properties": {"name": "Queens Blvd Line", "line": "QUEENS BLVD LINE", "color": "#FF6319", "weight": 4, "category": "subway_route"}, "geometry": {"type": "LineString", "coordinates": [[-73.8983916348378, 40.7496513480197], [-73.8975786267293, 40.7493078591937]]}}, {"type": "Feature", "properties": {"name": "Broadway/7Th Ave Line", "line": "BROADWAY/7TH AVE LINE", "color": "#EE352E", "weight": 4, "category": "subway_route"}, "geometry": {"type": "LineString", "coordinates": [[-73.9349864872135, 40.8476174989287], [-73.9349226423365, 40.847701596461]]}}, {"type": "Feature", "properties": {"name": "8Th Ave Line", "line": "8TH AVE LINE", "color": "#0039A6", "weight": 4, "category": "subway_route"}, "geometry": {"type": "LineString", "coordinates": [[-73.9406541144009, 40.8331063364744], [-73.9403613928246, 40.8337949377602]]}}, {"type": "Feature", "properties": {"name": "Flushing Line", "line": "FLUSHING LINE", "color": "#B933AD", "weight": 4, "category": "subway_route"}, "geometry": {"type": "LineString", "coordinates": [[-73.8319115912209, 40.758957336168], [-73.8301408427064, 40.7595787002122]]}}, {"type": "Feature", "properties": {"name": "Queens Blvd Line", "line": "QUEENS BLVD LINE", "color": "#FF6319", "weight": 4, "category": "subway_route"}, "geometry": {"type": "LineString", "coordinates": [[-73.8562263197881, 40.727912279206], [-73.8559464267644, 40.7277937011467]]}}, {"type": "Feature", "properties": {"name": "Flushing Line", "line": "FLUSHING LINE", "color": "#B933AD", "weight": 4, "category": "subway_route"}, "geometry": {"type": "LineString", "coordinates": [[-73.8627275958677, 40.7498761892102], [-73.8617519709027, 40.7499758430909]]}}, {"type": "Feature", "properties": {"name": "Jamaica Line", "line": "JAMAICA LINE", "color": "#996633", "weight": 4, "category": "subway_route"}, "geometry": {"type": "LineString", "coordinates": [[-73.9494719660599, 40.7050272588384], [-73.9492546392017, 40.7049041708022]]}}, {"type": "Feature", "properties": {"name": "Eastern Pky Line", "line": "EASTERN PKY LINE", "color": "#00933C", "weight": 4, "category": "subway_route"}, "geometry": {"type": "LineString", "coordinates": [[-73.9795916679732, 40.6870121373533], [-73.9793642672674, 40.6866902356568]]}}, {"type": "Feature", "properties": {"name": "White Plains Rd Line", "line": "WHITE PLAINS RD LINE", "color": "#EE352E", "weight": 4, "category": "subway_route"}, "geometry": {"type": "LineString", "coordinates": [[-73.8919139897913, 40.8268027157279], [-73.8918924714347, 40.8285554752471]]}}, {"type": "Feature", "properties": {"name": "Broadway/7Th Ave Line", "line": "BROADWAY/7TH AVE LINE", "color": "#EE352E", "weight": 4, "category": "subway_route"}, "geometry": {"type": "LineString", "coordinates": [[-73.9629427087589, 40.8093254032818], [-73.9624872548582, 40.8099506972988]]}}, {"type": "Feature", "properties": {"name": "Broadway/7Th Ave Line", "line": "BROADWAY/7TH AVE LINE", "color": "#EE352E", "weight": 4, "category": "subway_route"}, "geometry": {"type": "LineString", "coordinates": [[-73.9351727436008, 40.8473662226956], [-73.9350766572622, 40.8474980363676]]}}, {"type": "Feature", "properties": {"name": "Fulton St Line", "line": "FULTON ST LINE", "color": "#0039A6", "weight": 4, "category": "subway_route"}, "geometry": {"type": "LineString", "coordinates": [[-73.9290585564269, 40.6792846685796], [-73.9285938536404, 40.6792590313383]]}}, {"type": "Feature", "properties": {"name": "New Lots Line", "line": "NEW LOTS LINE", "color": "#EE352E", "weight": 4, "category": "subway_route"}, "geometry": {"type": "LineString", "coordinates": [[-73.9126873568414, 40.6620011542204], [-73.9117286704494, 40.6621429650598]]}}, {"type": "Feature", "properties": {"name": "Myrtle Ave Line", "line": "MYRTLE AVE LINE", "color": "#FF6319", "weight": 4, "category": "subway_route"}, "geometry": {"type": "LineString", "coordinates": [[-73.918851059516, 40.6987644660076], [-73.9183677798316, 40.6988156967269]]}}, {"type": "Feature", "properties": {"name": "Jamaica Line", "line": "JAMAICA LINE", "color": "#996633", "weight": 4, "category": "subway_route"}, "geometry": {"type": "LineString", "coordinates": [[-73.8791272383548, 40.6816832661352], [-73.8778678559959, 40.6820469151142]]}}, {"type": "Feature", "properties": {"name": "Jamaica Line", "line": "JAMAICA LINE", "color": "#996633", "weight": 4, "category": "subway_route"}, "geometry": {"type": "LineString", "coordinates": [[-73.8778678559959, 40.6820469151142], [-73.8776745512522, 40.6820957342829]]}}, {"type": "Feature", "properties": {"name": "Jerome Ave Line", "line": "JEROME AVE LINE", "color": "#00933C", "weight": 4, "category": "subway_route"}, "geometry": {"type": "LineString", "coordinates": [[-73.9002771482431, 40.863795908339], [-73.8988741045966, 40.8655922996503]]}}, {"type": "Feature", "properties": {"name": "Nostrand Ave Line", "line": "NOSTRAND AVE LINE", "color": "#EE352E", "weight": 4, "category": "subway_route"}, "geometry": {"type": "LineString", "coordinates": [[-73.9492871739711, 40.6481491743608], [-73.9491533252181, 40.6468940631463]]}}, {"type": "Feature", "properties": {"name": "Pelham Line", "line": "PELHAM LINE", "color": "#00933C", "weight": 4, "category": "subway_route"}, "geometry": {"type": "LineString", "coordinates": [[-73.9114779837962, 40.8051770351698], [-73.9111792410302, 40.8053141767455]]}}, {"type": "Feature", "properties": {"name": "63Rd St Line", "line": "63RD ST LINE", "color": "#FF6319", "weight": 4, "category": "subway_route"}, "geometry": {"type": "LineString", "coordinates": [[-73.9466224659942, 40.7561509768186], [-73.9465581902263, 40.7561179618158]]}}, {"type": "Feature", "properties": {"name": "Broadway/7Th Ave Line", "line": "BROADWAY/7TH AVE LINE", "color": "#EE352E", "weight": 4, "category": "subway_route"}, "geometry": {"type": "LineString", "coordinates": [[-73.9397671635968, 40.8410856947176], [-73.9394356392469, 40.8415492031306]]}}, {"type": "Feature", "properties": {"name": "Concourse Line", "line": "CONCOURSE LINE", "color": "#FF6319", "weight": 4, "category": "subway_route"}, "geometry": {"type": "LineString", "coordinates": [[-73.9119194011317, 40.8432661552406], [-73.9116956903213, 40.8439063990148]]}}, {"type": "Feature", "properties": {"name": "White Plains Rd Line", "line": "WHITE PLAINS RD LINE", "color": "#EE352E", "weight": 4, "category": "subway_route"}, "geometry": {"type": "LineString", "coordinates": [[-73.8840486893594, 40.8393866643943], [-73.8838369804186, 40.8394579462332]]}}, {"type": "Feature", "properties": {"name": "Broadway Line", "line": "BROADWAY LINE", "color": "#FCCC0A", "weight": 4, "category": "subway_route"}, "geometry": {"type": "LineString", "coordinates": [[-74.0129991406589, 40.7031077536218], [-74.0128798181962, 40.702672738734]]}}, {"type": "Feature", "properties": {"name": "Broadway/7Th Ave Line", "line": "BROADWAY/7TH AVE LINE", "color": "#EE352E", "weight": 4, "category": "subway_route"}, "geometry": {"type": "LineString", "coordinates": [[-74.0023923694574, 40.7343480559492], [-74.0019726535261, 40.7350781236188]]}}, {"type": "Feature", "properties": {"name": "Flushing Line", "line": "FLUSHING LINE", "color": "#B933AD", "weight": 4, "category": "subway_route"}, "geometry": {"type": "LineString", "coordinates": [[-73.954110069821, 40.7427367940972], [-73.9539014106361, 40.7426954852228]]}}, {"type": "Feature", "properties": {"name": "Broadway/7Th Ave Line", "line": "BROADWAY/7TH AVE LINE", "color": "#EE352E", "weight": 4, "category": "subway_route"}, "geometry": {"type": "LineString", "coordinates": [[-73.9545425702086, 40.8208379114759], [-73.9541355257082, 40.821390573859]]}}, {"type": "Feature", "properties": {"name": "8Th Ave Line", "line": "8TH AVE LINE", "color": "#0039A6", "weight": 4, "category": "subway_route"}, "geometry": {"type": "LineString", "coordinates": [[-73.948008617368, 40.8171247711093], [-73.9476677011537, 40.8178637718559]]}}, {"type": "Feature", "properties": {"name": "Broadway/7Th Ave Line", "line": "BROADWAY/7TH AVE LINE", "color": "#EE352E", "weight": 4, "category": "subway_route"}, "geometry": {"type": "LineString", "coordinates": [[-73.9476855858872, 40.8302311371989], [-73.947227190717, 40.8308546832762]]}}, {"type": "Feature", "properties": {"name": "8Th Ave Line", "line": "8TH AVE LINE", "color": "#0039A6", "weight": 4, "category": "subway_route"}, "geometry": {"type": "LineString", "coordinates": [[-73.9473508277012, 40.8185432597293], [-73.9470375199106, 40.8192166336568]]}}, {"type": "Feature", "properties": {"name": "Queens Blvd Line", "line": "QUEENS BLVD LINE", "color": "#FF6319", "weight": 4, "category": "subway_route"}, "geometry": {"type": "LineString", "coordinates": [[-73.9709949986878, 40.7583815799214], [-73.9693954046038, 40.7577077774467]]}}, {"type": "Feature", "properties": {"name": "Flushing Line", "line": "FLUSHING LINE", "color": "#B933AD", "weight": 4, "category": "subway_route"}, "geometry": {"type": "LineString", "coordinates": [[-73.9205579101122, 40.7433822846495], [-73.9196305410126, 40.7432732828716]]}}, {"type": "Feature", "properties": {"name": "8Th Ave Line", "line": "8TH AVE LINE", "color": "#0039A6", "weight": 4, "category": "subway_route"}, "geometry": {"type": "LineString", "coordinates": [[-73.968386086627, 40.7866039515417], [-73.9679282562627, 40.7872298262821]]}}, {"type": "Feature", "properties": {"name": "Broadway/7Th Ave Line", "line": "BROADWAY/7TH AVE LINE", "color": "#EE352E", "weight": 4, "category": "subway_route"}, "geometry": {"type": "LineString", "coordinates": [[-73.9314966781736, 40.8523882768343], [-73.9309968839743, 40.8530708307012]]}}, {"type": "Feature", "properties": {"name": "Broadway/7Th Ave Line", "line": "BROADWAY/7TH AVE LINE", "color": "#EE352E", "weight": 4, "category": "subway_route"}, "geometry": {"type": "LineString", "coordinates": [[-73.9319963806349, 40.8517040635306], [-73.9314966781736, 40.8523882768343]]}}, {"type": "Feature", "properties": {"name": "Queens Blvd Line", "line": "QUEENS BLVD LINE", "color": "#FF6319", "weight": 4, "category": "subway_route"}, "geometry": {"type": "LineString", "coordinates": [[-73.8992289242791, 40.7500107822313], [-73.8985787676347, 40.7497304064161]]}}, {"type": "Feature", "properties": {"name": "Lexington Ave", "line": "LEXINGTON AVE", "color": "#00933C", "weight": 4, "category": "subway_route"}, "geometry": {"type": "LineString", "coordinates": [[-73.9374198122104, 40.8043829385838], [-73.9369290296678, 40.8050546685031]]}}, {"type": "Feature", "properties": {"name": "Lexington Ave", "line": "LEXINGTON AVE", "color": "#00933C", "weight": 4, "category": "subway_route"}, "geometry": {"type": "LineString", "coordinates": [[-73.9448671718498, 40.7941868899417], [-73.9446100643398, 40.7945394876641]]}}, {"type": "Feature", "properties": {"name": "14St/Canarsie Line", "line": "14ST/CANARSIE LINE", "color": "#A7A9AC", "weight": 4, "category": "subway_route"}, "geometry": {"type": "LineString", "coordinates": [[-73.9035057331185, 40.6952821273843], [-73.9032189448723, 40.6951247742848]]}}, {"type": "Feature", "properties": {"name": "Jamaica Line", "line": "JAMAICA LINE", "color": "#996633", "weight": 4, "category": "subway_route"}, "geometry": {"type": "LineString", "coordinates": [[-73.841136239293, 40.6952920555281], [-73.8404981932174, 40.6953682304021]]}}, {"type": "Feature", "properties": {"name": "Jerome Ave Line", "line": "JEROME AVE LINE", "color": "#00933C", "weight": 4, "category": "subway_route"}, "geometry": {"type": "LineString", "coordinates": [[-73.9035196552881, 40.8590113421403], [-73.9031113856302, 40.8596606681337]]}}, {"type": "Feature", "properties": {"name": "Nostrand Ave Line", "line": "NOSTRAND AVE LINE", "color": "#EE352E", "weight": 4, "category": "subway_route"}, "geometry": {"type": "LineString", "coordinates": [[-73.9504944195114, 40.659413336102], [-73.9504166792253, 40.6587013810706]]}}, {"type": "Feature", "properties": {"name": "West End Line", "line": "WEST END LINE", "color": "#FF6319", "weight": 4, "category": "subway_route"}, "geometry": {"type": "LineString", "coordinates": [[-73.9846409413527, 40.593560392896], [-73.9846261220607, 40.5934831166951]]}}, {"type": "Feature", "properties": {"name": "Eastern Pky Line", "line": "EASTERN PKY LINE", "color": "#00933C", "weight": 4, "category": "subway_route"}, "geometry": {"type": "LineString", "coordinates": [[-73.9844334557472, 40.6903004081826], [-73.9840716334746, 40.6901513145014]]}}, {"type": "Feature", "properties": {"name": "4Th Ave Line", "line": "4TH AVE LINE", "color": "#FCCC0A", "weight": 4, "category": "subway_route"}, "geometry": {"type": "LineString", "coordinates": [[-73.9839017789417, 40.6761568863698], [-73.9842042377667, 40.6757794329134]]}}, {"type": "Feature", "properties": {"name": "West End Line", "line": "WEST END LINE", "color": "#FF6319", "weight": 4, "category": "subway_route"}, "geometry": {"type": "LineString", "coordinates": [[-73.9886592452778, 40.598808916922], [-73.9879406743254, 40.5983802670773]]}}, {"type": "Feature", "properties": {"name": "Jamaica Line", "line": "JAMAICA LINE", "color": "#996633", "weight": 4, "category": "subway_route"}, "geometry": {"type": "LineString", "coordinates": [[-73.9662648665712, 40.711801646849], [-73.9651077221751, 40.711442528574]]}}, {"type": "Feature", "properties": {"name": "Brighton Line", "line": "BRIGHTON LINE", "color": "#FF6319", "weight": 4, "category": "subway_route"}, "geometry": {"type": "LineString", "coordinates": [[-73.9682481293871, 40.5762971978383], [-73.9673566627349, 40.5763560765622]]}}, {"type": "Feature", "properties": {"name": "Queens Blvd Line", "line": "QUEENS BLVD LINE", "color": "#FF6319", "weight": 4, "category": "subway_route"}, "geometry": {"type": "LineString", "coordinates": [[-73.8589113705055, 40.7288702670173], [-73.8584367901964, 40.7286968135927]]}}, {"type": "Feature", "properties": {"name": "4Th Ave Line", "line": "4TH AVE LINE", "color": "#FCCC0A", "weight": 4, "category": "subway_route"}, "geometry": {"type": "LineString", "coordinates": [[-74.0286813055412, 40.6220044297028], [-74.0289244243328, 40.6214124028847]]}}, {"type": "Feature", "properties": {"name": "West End Line", "line": "WEST END LINE", "color": "#FF6319", "weight": 4, "category": "subway_route"}, "geometry": {"type": "LineString", "coordinates": [[-73.9953957834423, 40.6318889797598], [-73.9954620555332, 40.6315829223399]]}}, {"type": "Feature", "properties": {"name": "Jamaica Line", "line": "JAMAICA LINE", "color": "#996633", "weight": 4, "category": "subway_route"}, "geometry": {"type": "LineString", "coordinates": [[-73.9373919254451, 40.6981940345085], [-73.936761067835, 40.6978394278901]]}}, {"type": "Feature", "properties": {"name": "White Plains Rd Line", "line": "WHITE PLAINS RD LINE", "color": "#EE352E", "weight": 4, "category": "subway_route"}, "geometry": {"type": "LineString", "coordinates": [[-73.8853461757512, 40.8388009295723], [-73.8846502502258, 40.8391829007561]]}}, {"type": "Feature", "properties": {"name": "Concourse Line", "line": "CONCOURSE LINE", "color": "#FF6319", "weight": 4, "category": "subway_route"}, "geometry": {"type": "LineString", "coordinates": [[-73.91531724541, 40.836955690745], [-73.9147742844315, 40.8375223681899]]}}, {"type": "Feature", "properties": {"name": "Pelham Line", "line": "PELHAM LINE", "color": "#00933C", "weight": 4, "category": "subway_route"}, "geometry": {"type": "LineString", "coordinates": [[-73.844582548393, 40.8385437774908], [-73.8439184594635, 40.8390945962992]]}}, {"type": "Feature", "properties": {"name": "Eastern Pky Line", "line": "EASTERN PKY LINE", "color": "#00933C", "weight": 4, "category": "subway_route"}, "geometry": {"type": "LineString", "coordinates": [[-73.9789953197524, 40.6861643677285], [-73.9782754507159, 40.6852041869586]]}}, {"type": "Feature", "properties": {"name": "Concourse Line", "line": "CONCOURSE LINE", "color": "#FF6319", "weight": 4, "category": "subway_route"}, "geometry": {"type": "LineString", "coordinates": [[-73.8977394288283, 40.8613594091126], [-73.8971450723791, 40.862453337472]]}}, {"type": "Feature", "properties": {"name": "Pelham Line", "line": "PELHAM LINE", "color": "#00933C", "weight": 4, "category": "subway_route"}, "geometry": {"type": "LineString", "coordinates": [[-73.8962147931644, 40.8163272345706], [-73.8953167190355, 40.8172055330193]]}}, {"type": "Feature", "properties": {"name": "Jamaica Line", "line": "JAMAICA LINE", "color": "#996633", "weight": 4, "category": "subway_route"}, "geometry": {"type": "LineString", "coordinates": [[-73.9255619148286, 40.6914990781812], [-73.9253503096636, 40.6913751794961]]}}, {"type": "Feature", "properties": {"name": "Eastern Pky Line", "line": "EASTERN PKY LINE", "color": "#00933C", "weight": 4, "category": "subway_route"}, "geometry": {"type": "LineString", "coordinates": [[-73.9890307416875, 40.6921320972157], [-73.9889348571205, 40.6920948771778]]}}, {"type": "Feature", "properties": {"name": "Jamaica Line", "line": "JAMAICA LINE", "color": "#996633", "weight": 4, "category": "subway_route"}, "geometry": {"type": "LineString", "coordinates": [[-73.9167995993537, 40.6865054368511], [-73.9166314325379, 40.6863999575158]]}}, {"type": "Feature", "properties": {"name": "Jamaica Line", "line": "JAMAICA LINE", "color": "#996633", "weight": 4, "category": "subway_route"}, "geometry": {"type": "LineString", "coordinates": [[-73.8837866685642, 40.6802292227857], [-73.8828855308163, 40.6805154923825]]}}, {"type": "Feature", "properties": {"name": "New Lots Line", "line": "NEW LOTS LINE", "color": "#EE352E", "weight": 4, "category": "subway_route"}, "geometry": {"type": "LineString", "coordinates": [[-73.8921337560148, 40.6650422057963], [-73.8912153090338, 40.6651837308077]]}}, {"type": "Feature", "properties": {"name": "Lexington Ave", "line": "LEXINGTON AVE", "color": "#00933C", "weight": 4, "category": "subway_route"}, "geometry": {"type": "LineString", "coordinates": [[-73.9990731138314, 40.6938593751378], [-73.9983115541302, 40.6937389308807]]}}, {"type": "Feature", "properties": {"name": "Manhattan Bridge Line", "line": "MANHATTAN BRIDGE LINE", "color": "#FF6319", "weight": 4, "category": "subway_route"}, "geometry": {"type": "LineString", "coordinates": [[-73.9921752773379, 40.7097628352256], [-73.9921336906025, 40.7096873470425]]}}, {"type": "Feature", "properties": {"name": "Concourse Line", "line": "CONCOURSE LINE", "color": "#FF6319", "weight": 4, "category": "subway_route"}, "geometry": {"type": "LineString", "coordinates": [[-73.9177879382799, 40.8344377778065], [-73.9177324290642, 40.8344944966967]]}}, {"type": "Feature", "properties": {"name": "Clark St Line", "line": "CLARK ST LINE", "color": "#EE352E", "weight": 4, "category": "subway_route"}, "geometry": {"type": "LineString", "coordinates": [[-73.9910741741408, 40.6961890037433], [-73.9907412543965, 40.6950399844518]]}}, {"type": "Feature", "properties": {"name": "Queens Blvd Line", "line": "QUEENS BLVD LINE", "color": "#FF6319", "weight": 4, "category": "subway_route"}, "geometry": {"type": "LineString", "coordinates": [[-73.8428929694922, 40.7209748569416], [-73.8426463069578, 40.7208657110878]]}}, {"type": "Feature", "properties": {"name": "Clark St Line", "line": "CLARK ST LINE", "color": "#EE352E", "weight": 4, "category": "subway_route"}, "geometry": {"type": "LineString", "coordinates": [[-74.0078300853484, 40.7030946596066], [-74.0077980514608, 40.7030717527712]]}}, {"type": "Feature", "properties": {"name": "Lexington Ave", "line": "LEXINGTON AVE", "color": "#00933C", "weight": 4, "category": "subway_route"}, "geometry": {"type": "LineString", "coordinates": [[-74.0135928136826, 40.7055028561922], [-74.0132552663053, 40.7058787521159]]}}, {"type": "Feature", "properties": {"name": "8Th Ave Line", "line": "8TH AVE LINE", "color": "#0039A6", "weight": 4, "category": "subway_route"}, "geometry": {"type": "LineString", "coordinates": [[-74.0025251159365, 40.7397608882893], [-74.0020206793382, 40.7404523347092]]}}, {"type": "Feature", "properties": {"name": "Broadway/7Th Ave Line", "line": "BROADWAY/7TH AVE LINE", "color": "#EE352E", "weight": 4, "category": "subway_route"}, "geometry": {"type": "LineString", "coordinates": [[-73.9987140059915, 40.7398891228441], [-73.998288322473, 40.7404780669895]]}}, {"type": "Feature", "properties": {"name": "Staten Island Rwy Line", "line": "STATEN ISLAND RWY LINE", "color": "#0039A6", "weight": 4, "category": "subway_route"}, "geometry": {"type": "LineString", "coordinates": [[-74.2484704706652, 40.5145812245976], [-74.2491044891623, 40.5143219559803]]}}, {"type": "Feature", "properties": {"name": "Staten Island Rwy Line", "line": "STATEN ISLAND RWY LINE", "color": "#0039A6", "weight": 4, "category": "subway_route"}, "geometry": {"type": "LineString", "coordinates": [[-74.2491044891623, 40.5143219559803], [-74.2495144742628, 40.5141649850991]]}}, {"type": "Feature", "properties": {"name": "Staten Island Rwy Line", "line": "STATEN ISLAND RWY LINE", "color": "#0039A6", "weight": 4, "category": "subway_route"}, "geometry": {"type": "LineString", "coordinates": [[-74.24175544984, 40.5167460363402], [-74.2421235814088, 40.5165512137252], [-74.2425012590343, 40.516366707757], [-74.2428877528314, 40.5161929164327], [-74.2432822612116, 40.5160301920052], [-74.2436839482396, 40.5158788519632]]}}, {"type": "Feature", "properties": {"name": "Staten Island Rwy Line", "line": "STATEN ISLAND RWY LINE", "color": "#0039A6", "weight": 4, "category": "subway_route"}, "geometry": {"type": "LineString", "coordinates": [[-74.2406908614374, 40.5172249707611], [-74.24175544984, 40.5167460363402]]}}, {"type": "Feature", "properties": {"name": "Staten Island Rwy Line", "line": "STATEN ISLAND RWY LINE", "color": "#0039A6", "weight": 4, "category": "subway_route"}, "geometry": {"type": "LineString", "coordinates": [[-74.23462492546, 40.5185714524709], [-74.2370219756325, 40.518129256254]]}}, {"type": "Feature", "properties": {"name": "Staten Island Rwy Line", "line": "STATEN ISLAND RWY LINE", "color": "#0039A6", "weight": 4, "category": "subway_route"}, "geometry": {"type": "LineString", "coordinates": [[-74.2370219756325, 40.518129256254], [-74.2387043675552, 40.517761857844]]}}, {"type": "Feature", "properties": {"name": "Staten Island Rwy Line", "line": "STATEN ISLAND RWY LINE", "color": "#0039A6", "weight": 4, "category": "subway_route"}, "geometry": {"type": "LineString", "coordinates": [[-74.2341360697224, 40.5186488067786], [-74.23462492546, 40.5185714524709]]}}, {"type": "Feature", "properties": {"name": "Staten Island Rwy Line", "line": "STATEN ISLAND RWY LINE", "color": "#0039A6", "weight": 4, "category": "subway_route"}, "geometry": {"type": "LineString", "coordinates": [[-74.2249990206481, 40.5204688557305], [-74.2286623854769, 40.5197315558176]]}}, {"type": "Feature", "properties": {"name": "Staten Island Rwy Line", "line": "STATEN ISLAND RWY LINE", "color": "#0039A6", "weight": 4, "category": "subway_route"}, "geometry": {"type": "LineString", "coordinates": [[-74.2208363121155, 40.521622560371], [-74.2236009201659, 40.5208294861008]]}}, {"type": "Feature", "properties": {"name": "Staten Island Rwy Line", "line": "STATEN ISLAND RWY LINE", "color": "#0039A6", "weight": 4, "category": "subway_route"}, "geometry": {"type": "LineString", "coordinates": [[-74.1570311131106, 40.6338676223002], [-74.158116406953, 40.6338371116003]]}}, {"type": "Feature", "properties": {"name": "Staten Island Rwy Line", "line": "STATEN ISLAND RWY LINE", "color": "#0039A6", "weight": 4, "category": "subway_route"}, "geometry": {"type": "LineString", "coordinates": [[-74.1378383905226, 40.6386266812647], [-74.1381503852611, 40.6385670078848], [-74.1384587117313, 40.638494865562], [-74.1387621067808, 40.6384104632501], [-74.1390593052979, 40.6383141178067], [-74.139349102653, 40.6382062447025], [-74.1396303885907, 40.6380873680308]]}}, {"type": "Feature", "properties": {"name": "Staten Island Rwy Line", "line": "STATEN ISLAND RWY LINE", "color": "#0039A6", "weight": 4, "category": "subway_route"}, "geometry": {"type": "LineString", "coordinates": [[-74.1849917366431, 40.6339771744942], [-74.1947384933988, 40.6372755714998]]}}, {"type": "Feature", "properties": {"name": "Staten Island Rwy Line", "line": "STATEN ISLAND RWY LINE", "color": "#0039A6", "weight": 4, "category": "subway_route"}, "geometry": {"type": "LineString", "coordinates": [[-74.1670146598247, 40.6335393538701], [-74.1675934474181, 40.6335447878276]]}}, {"type": "Feature", "properties": {"name": "Staten Island Rwy Line", "line": "STATEN ISLAND RWY LINE", "color": "#0039A6", "weight": 4, "category": "subway_route"}, "geometry": {"type": "LineString", "coordinates": [[-74.1981811955786, 40.5892816560932], [-74.1999774911137, 40.5878390084562]]}}, {"type": "Feature", "properties": {"name": "Staten Island Rwy Line", "line": "STATEN ISLAND RWY LINE", "color": "#0039A6", "weight": 4, "category": "subway_route"}, "geometry": {"type": "LineString", "coordinates": [[-74.195768596037, 40.5918436969914], [-74.1962786321458, 40.5913182444275]]}}, {"type": "Feature", "properties": {"name": "Staten Island Rwy Line", "line": "STATEN ISLAND RWY LINE", "color": "#0039A6", "weight": 4, "category": "subway_route"}, "geometry": {"type": "LineString", "coordinates": [[-74.1625535653288, 40.6337037436305], [-74.1636723079719, 40.6336689994135]]}}, {"type": "Feature", "properties": {"name": "Staten Island Rwy Line", "line": "STATEN ISLAND RWY LINE", "color": "#0039A6", "weight": 4, "category": "subway_route"}, "geometry": {"type": "LineString", "coordinates": [[-74.1209342043831, 40.6409169295076], [-74.1238107412386, 40.6399083844499]]}}, {"type": "Feature", "properties": {"name": "Staten Island Rwy Line", "line": "STATEN ISLAND RWY LINE", "color": "#0039A6", "weight": 4, "category": "subway_route"}, "geometry": {"type": "LineString", "coordinates": [[-74.1934567270552, 40.5943763159994], [-74.193927013761, 40.5937518830218], [-74.1953037133509, 40.5923311077806]]}}, {"type": "Feature", "properties": {"name": "Staten Island Rwy Line", "line": "STATEN ISLAND RWY LINE", "color": "#0039A6", "weight": 4, "category": "subway_route"}, "geometry": {"type": "LineString", "coordinates": [[-74.1838080784624, 40.6286555124638], [-74.1840486339114, 40.6284671684119]]}}, {"type": "Feature", "properties": {"name": "Staten Island Rwy Line", "line": "STATEN ISLAND RWY LINE", "color": "#0039A6", "weight": 4, "category": "subway_route"}, "geometry": {"type": "LineString", "coordinates": [[-74.1711090855606, 40.6334156983073], [-74.179625926764, 40.6332017482069]]}}, {"type": "Feature", "properties": {"name": "Staten Island Rwy Line", "line": "STATEN ISLAND RWY LINE", "color": "#0039A6", "weight": 4, "category": "subway_route"}, "geometry": {"type": "LineString", "coordinates": [[-74.0783153074183, 40.6464580485228], [-74.0781262186985, 40.6463394162395], [-74.0779446999505, 40.6462137821916], [-74.0777714033806, 40.6460815771918], [-74.0776069440648, 40.6459432786529]]}}, {"type": "Feature", "properties": {"name": "Staten Island Rwy Line", "line": "STATEN ISLAND RWY LINE", "color": "#0039A6", "weight": 4, "category": "subway_route"}, "geometry": {"type": "LineString", "coordinates": [[-74.1353247561551, 40.6388248549423], [-74.1369076225909, 40.6387216995945]]}}, {"type": "Feature", "properties": {"name": "Staten Island Rwy Line", "line": "STATEN ISLAND RWY LINE", "color": "#0039A6", "weight": 4, "category": "subway_route"}, "geometry": {"type": "LineString", "coordinates": [[-74.1947384933988, 40.6372755714998], [-74.1962075931012, 40.6377387514274]]}}, {"type": "Feature", "properties": {"name": "Staten Island Rwy Line", "line": "STATEN ISLAND RWY LINE", "color": "#0039A6", "weight": 4, "category": "subway_route"}, "geometry": {"type": "LineString", "coordinates": [[-74.1741609037337, 40.6327707556183], [-74.1744082691055, 40.6327174122002], [-74.1746506822375, 40.6326507295785], [-74.1748862992404, 40.6325711615765], [-74.1751133851506, 40.632479350001]]}}, {"type": "Feature", "properties": {"name": "Staten Island Rwy Line", "line": "STATEN ISLAND RWY LINE", "color": "#0039A6", "weight": 4, "category": "subway_route"}, "geometry": {"type": "LineString", "coordinates": [[-74.1047095481715, 40.6454977676343], [-74.1067957040362, 40.6455165520625]]}}, {"type": "Feature", "properties": {"name": "Staten Island Rwy Line", "line": "STATEN ISLAND RWY LINE", "color": "#0039A6", "weight": 4, "category": "subway_route"}, "geometry": {"type": "LineString", "coordinates": [[-74.1910621591426, 40.5994975363176], [-74.1917595359666, 40.5976366250599]]}}, {"type": "Feature", "properties": {"name": "Staten Island Rwy Line", "line": "STATEN ISLAND RWY LINE", "color": "#0039A6", "weight": 4, "category": "subway_route"}, "geometry": {"type": "LineString", "coordinates": [[-74.1904309585516, 40.6043466201533], [-74.1903568781476, 40.6040236076277], [-74.1902994973148, 40.6036981092348], [-74.1902590078539, 40.6033708721979], [-74.1902355291216, 40.6030426785322], [-74.1902290878902, 40.6027142949858], [-74.1902396495761, 40.6023864776793]]}}, {"type": "Feature", "properties": {"name": "Staten Island Rwy Line", "line": "STATEN ISLAND RWY LINE", "color": "#0039A6", "weight": 4, "category": "subway_route"}, "geometry": {"type": "LineString", "coordinates": [[-74.1616240596408, 40.6337306463457], [-74.1625535653288, 40.6337037436305]]}}, {"type": "Feature", "properties": {"name": "Staten Island Rwy Line", "line": "STATEN ISLAND RWY LINE", "color": "#0039A6", "weight": 4, "category": "subway_route"}, "geometry": {"type": "LineString", "coordinates": [[-74.1532969469662, 40.6340122425016], [-74.1550492279939, 40.6339663345979]]}}, {"type": "Feature", "properties": {"name": "Staten Island Rwy Line", "line": "STATEN ISLAND RWY LINE", "color": "#0039A6", "weight": 4, "category": "subway_route"}, "geometry": {"type": "LineString", "coordinates": [[-74.1447901138152, 40.6355071559736], [-74.1448421532178, 40.6354820019916]]}}, {"type": "Feature", "properties": {"name": "Staten Island Rwy Line", "line": "STATEN ISLAND RWY LINE", "color": "#0039A6", "weight": 4, "category": "subway_route"}, "geometry": {"type": "LineString", "coordinates": [[-74.0801088308616, 40.6474322726337], [-74.0796445851701, 40.6472062858182], [-74.0791903889301, 40.6469683130966], [-74.078747048404, 40.6467187509101], [-74.0783153074183, 40.6464580485228]]}}, {"type": "Feature", "properties": {"name": "Staten Island Rwy Line", "line": "STATEN ISLAND RWY LINE", "color": "#0039A6", "weight": 4, "category": "subway_route"}, "geometry": {"type": "LineString", "coordinates": [[-74.1369076225909, 40.6387216995945], [-74.1371427503349, 40.6387168175606], [-74.137377414983, 40.6386992655709], [-74.137609878338, 40.6386691264569], [-74.1378383905226, 40.6386266812647]]}}, {"type": "Feature", "properties": {"name": "Staten Island Rwy Line", "line": "STATEN ISLAND RWY LINE", "color": "#0039A6", "weight": 4, "category": "subway_route"}, "geometry": {"type": "LineString", "coordinates": [[-74.1432936117823, 40.6362751667229], [-74.1438163350815, 40.6360100716295]]}}, {"type": "Feature", "properties": {"name": "Staten Island Rwy Line", "line": "STATEN ISLAND RWY LINE", "color": "#0039A6", "weight": 4, "category": "subway_route"}, "geometry": {"type": "LineString", "coordinates": [[-74.1907601468619, 40.622918710364], [-74.1933803542729, 40.6206028983593]]}}, {"type": "Feature", "properties": {"name": "Staten Island Rwy Line", "line": "STATEN ISLAND RWY LINE", "color": "#0039A6", "weight": 4, "category": "subway_route"}, "geometry": {"type": "LineString", "coordinates": [[-74.0749506640761, 40.6430732882948], [-74.0746767186054, 40.6425276294081]]}}, {"type": "Feature", "properties": {"name": "Staten Island Rwy Line", "line": "STATEN ISLAND RWY LINE", "color": "#0039A6", "weight": 4, "category": "subway_route"}, "geometry": {"type": "LineString", "coordinates": [[-74.1916764807167, 40.6079290947786], [-74.1910632343353, 40.6061902223102]]}}, {"type": "Feature", "properties": {"name": "Staten Island Rwy Line", "line": "STATEN ISLAND RWY LINE", "color": "#0039A6", "weight": 4, "category": "subway_route"}, "geometry": {"type": "LineString", "coordinates": [[-74.1902396495761, 40.6023864776793], [-74.1903215268836, 40.6018973755203], [-74.1904257261843, 40.6014101451245], [-74.1905521435786, 40.6009256698186], [-74.1907005677255, 40.600444840802], [-74.190870694671, 40.5999685137323], [-74.1910621591426, 40.5994975363176]]}}, {"type": "Feature", "properties": {"name": "Staten Island Rwy Line", "line": "STATEN ISLAND RWY LINE", "color": "#0039A6", "weight": 4, "category": "subway_route"}, "geometry": {"type": "LineString", "coordinates": [[-74.1550492279939, 40.6339663345979], [-74.1561241055736, 40.6339365017385]]}}, {"type": "Feature", "properties": {"name": "Staten Island Rwy Line", "line": "STATEN ISLAND RWY LINE", "color": "#0039A6", "weight": 4, "category": "subway_route"}, "geometry": {"type": "LineString", "coordinates": [[-74.1508669739983, 40.6341065083176], [-74.1518834680155, 40.6340552357621]]}}, {"type": "Feature", "properties": {"name": "Staten Island Rwy Line", "line": "STATEN ISLAND RWY LINE", "color": "#0039A6", "weight": 4, "category": "subway_route"}, "geometry": {"type": "LineString", "coordinates": [[-74.1276846005804, 40.6392866616856], [-74.1294935586373, 40.6391906830104]]}}, {"type": "Feature", "properties": {"name": "Staten Island Rwy Line", "line": "STATEN ISLAND RWY LINE", "color": "#0039A6", "weight": 4, "category": "subway_route"}, "geometry": {"type": "LineString", "coordinates": [[-74.1096106740918, 40.6454116859454], [-74.110738958018, 40.6450577274703]]}}, {"type": "Feature", "properties": {"name": "Staten Island Rwy Line", "line": "STATEN ISLAND RWY LINE", "color": "#0039A6", "weight": 4, "category": "subway_route"}, "geometry": {"type": "LineString", "coordinates": [[-74.131105155193, 40.639102348215], [-74.1326055433672, 40.6389923765844]]}}, {"type": "Feature", "properties": {"name": "Staten Island Rwy Line", "line": "STATEN ISLAND RWY LINE", "color": "#0039A6", "weight": 4, "category": "subway_route"}, "geometry": {"type": "LineString", "coordinates": [[-74.1326055433672, 40.6389923765844], [-74.1343146460498, 40.6388832583455]]}}, {"type": "Feature", "properties": {"name": "Staten Island Rwy Line", "line": "STATEN ISLAND RWY LINE", "color": "#0039A6", "weight": 4, "category": "subway_route"}, "geometry": {"type": "LineString", "coordinates": [[-74.1593227114223, 40.6338036308367], [-74.1603112041263, 40.6337726307407]]}}, {"type": "Feature", "properties": {"name": "Staten Island Rwy Line", "line": "STATEN ISLAND RWY LINE", "color": "#0039A6", "weight": 4, "category": "subway_route"}, "geometry": {"type": "LineString", "coordinates": [[-74.1662807337088, 40.6335406963639], [-74.1670146598247, 40.6335393538701]]}}, {"type": "Feature", "properties": {"name": "Staten Island Rwy Line", "line": "STATEN ISLAND RWY LINE", "color": "#0039A6", "weight": 4, "category": "subway_route"}, "geometry": {"type": "LineString", "coordinates": [[-74.1518834680155, 40.6340552357621], [-74.1532969469662, 40.6340122425016]]}}, {"type": "Feature", "properties": {"name": "Staten Island Rwy Line", "line": "STATEN ISLAND RWY LINE", "color": "#0039A6", "weight": 4, "category": "subway_route"}, "geometry": {"type": "LineString", "coordinates": [[-74.127028695531, 40.6393272991572], [-74.1271490809981, 40.6393192775149]]}}, {"type": "Feature", "properties": {"name": "Lexington Ave", "line": "LEXINGTON AVE", "color": "#00933C", "weight": 4, "category": "subway_route"}, "geometry": {"type": "LineString", "coordinates": [[-73.9836264955587, 40.7439513611702], [-73.9831754141404, 40.7445685576258]]}}, {"type": "Feature", "properties": {"name": "Flushing Line", "line": "FLUSHING LINE", "color": "#B933AD", "weight": 4, "category": "subway_route"}, "geometry": {"type": "LineString", "coordinates": [[-73.9516810954052, 40.7422633313719], [-73.9516061261109, 40.7422473066587]]}}, {"type": "Feature", "properties": {"name": "Broadway Line", "line": "BROADWAY LINE", "color": "#FCCC0A", "weight": 4, "category": "subway_route"}, "geometry": {"type": "LineString", "coordinates": [[-73.9892356968207, 40.7425468714256], [-73.9891559953888, 40.743038206723]]}}, {"type": "Feature", "properties": {"name": "Staten Island Rwy Line", "line": "STATEN ISLAND RWY LINE", "color": "#0039A6", "weight": 4, "category": "subway_route"}, "geometry": {"type": "LineString", "coordinates": [[-74.0764854001571, 40.6444633349612], [-74.0763579987141, 40.6442844865038], [-74.0762195614854, 40.6441101926098], [-74.0760705143532, 40.643941057233], [-74.0759113785729, 40.643777627974]]}}, {"type": "Feature", "properties": {"name": "Staten Island Rwy Line", "line": "STATEN ISLAND RWY LINE", "color": "#0039A6", "weight": 4, "category": "subway_route"}, "geometry": {"type": "LineString", "coordinates": [[-74.1962786321458, 40.5913182444275], [-74.1969901521621, 40.5905855851265]]}}, {"type": "Feature", "properties": {"name": "Staten Island Rwy Line", "line": "STATEN ISLAND RWY LINE", "color": "#0039A6", "weight": 4, "category": "subway_route"}, "geometry": {"type": "LineString", "coordinates": [[-74.1946897340967, 40.6164471680687], [-74.1937820110518, 40.6138719375179]]}}, {"type": "Feature", "properties": {"name": "Staten Island Rwy Line", "line": "STATEN ISLAND RWY LINE", "color": "#0039A6", "weight": 4, "category": "subway_route"}, "geometry": {"type": "LineString", "coordinates": [[-74.1921839933891, 40.5965010696758], [-74.1925288745937, 40.5955871621708]]}}, {"type": "Feature", "properties": {"name": "Staten Island Rwy Line", "line": "STATEN ISLAND RWY LINE", "color": "#0039A6", "weight": 4, "category": "subway_route"}, "geometry": {"type": "LineString", "coordinates": [[-74.1832783704506, 40.6290289844062], [-74.1835960518185, 40.6288107388795]]}}, {"type": "Feature", "properties": {"name": "Culver Line", "line": "CULVER LINE", "color": "#FF6319", "weight": 4, "category": "subway_route"}, "geometry": {"type": "LineString", "coordinates": [[-73.9739944793559, 40.6140381149991], [-73.9739483782937, 40.6138041487155]]}}, {"type": "Feature", "properties": {"name": "Manhattan Bridge Line", "line": "MANHATTAN BRIDGE LINE", "color": "#FF6319", "weight": 4, "category": "subway_route"}, "geometry": {"type": "LineString", "coordinates": [[-73.9842778569618, 40.6953874395345], [-73.9841865242352, 40.6952170049399]]}}, {"type": "Feature", "properties": {"name": "Flushing Line", "line": "FLUSHING LINE", "color": "#B933AD", "weight": 4, "category": "subway_route"}, "geometry": {"type": "LineString", "coordinates": [[-73.9431685625821, 40.7502787198336], [-73.9432015713224, 40.7502424094056]]}}, {"type": "Feature", "properties": {"name": "Jamaica Line", "line": "JAMAICA LINE", "color": "#996633", "weight": 4, "category": "subway_route"}, "geometry": {"type": "LineString", "coordinates": [[-73.8725557533405, 40.6848487083182], [-73.8723768577433, 40.6842791504786]]}}, {"type": "Feature", "properties": {"name": "Manhattan Bridge Line", "line": "MANHATTAN BRIDGE LINE", "color": "#FF6319", "weight": 4, "category": "subway_route"}, "geometry": {"type": "LineString", "coordinates": [[-73.9833555451152, 40.6937271782211], [-73.9833239438959, 40.693658386389]]}}, {"type": "Feature", "properties": {"name": "Queens Blvd Line", "line": "QUEENS BLVD LINE", "color": "#FF6319", "weight": 4, "category": "subway_route"}, "geometry": {"type": "LineString", "coordinates": [[-73.8574136604506, 40.7283307274704], [-73.8567299049185, 40.728089757802]]}}, {"type": "Feature", "properties": {"name": "Lexington Ave", "line": "LEXINGTON AVE", "color": "#00933C", "weight": 4, "category": "subway_route"}, "geometry": {"type": "LineString", "coordinates": [[-74.0125090428121, 40.706775303859], [-74.0119482163998, 40.7074597698768]]}}, {"type": "Feature", "properties": {"name": "Clark St Line", "line": "CLARK ST LINE", "color": "#EE352E", "weight": 4, "category": "subway_route"}, "geometry": {"type": "LineString", "coordinates": [[-74.0098671104512, 40.7058046648686], [-74.0095040915624, 40.7063871465927]]}}, {"type": "Feature", "properties": {"name": "Nassau St Line", "line": "NASSAU ST LINE", "color": "#996633", "weight": 4, "category": "subway_route"}, "geometry": {"type": "LineString", "coordinates": [[-74.0098302136012, 40.7081259977495], [-74.0093728673726, 40.7086220191348]]}}, {"type": "Feature", "properties": {"name": "Lexington Ave", "line": "LEXINGTON AVE", "color": "#00933C", "weight": 4, "category": "subway_route"}, "geometry": {"type": "LineString", "coordinates": [[-73.999841613441, 40.7192012214153], [-73.999062749012, 40.7200525417337]]}}, {"type": "Feature", "properties": {"name": "Nassau St Line", "line": "NASSAU ST LINE", "color": "#996633", "weight": 4, "category": "subway_route"}, "geometry": {"type": "LineString", "coordinates": [[-73.9994246026804, 40.7186885148666], [-73.999235966463, 40.7189218084981]]}}, {"type": "Feature", "properties": {"name": "Lexington Ave", "line": "LEXINGTON AVE", "color": "#00933C", "weight": 4, "category": "subway_route"}, "geometry": {"type": "LineString", "coordinates": [[-73.9746492736939, 40.7533753708871], [-73.9741906645628, 40.754001759709]]}}, {"type": "Feature", "properties": {"name": "Staten Island Rwy Line", "line": "STATEN ISLAND RWY LINE", "color": "#0039A6", "weight": 4, "category": "subway_route"}, "geometry": {"type": "LineString", "coordinates": [[-74.2193991535679, 40.5220194873475], [-74.2208363121155, 40.521622560371]]}}, {"type": "Feature", "properties": {"name": "Staten Island Rwy Line", "line": "STATEN ISLAND RWY LINE", "color": "#0039A6", "weight": 4, "category": "subway_route"}, "geometry": {"type": "LineString", "coordinates": [[-74.2236009201659, 40.5208294861008], [-74.2249990206481, 40.5204688557305]]}}, {"type": "Feature", "properties": {"name": "Staten Island Rwy Line", "line": "STATEN ISLAND RWY LINE", "color": "#0039A6", "weight": 4, "category": "subway_route"}, "geometry": {"type": "LineString", "coordinates": [[-74.2185573334669, 40.5222420314087], [-74.2193991535679, 40.5220194873475]]}}, {"type": "Feature", "properties": {"name": "White Plains Rd Line", "line": "WHITE PLAINS RD LINE", "color": "#EE352E", "weight": 4, "category": "subway_route"}, "geometry": {"type": "LineString", "coordinates": [[-73.9258219876582, 40.8181886005574], [-73.9253866657853, 40.8180736771871]]}}, {"type": "Feature", "properties": {"name": "Jamaica Line", "line": "JAMAICA LINE", "color": "#996633", "weight": 4, "category": "subway_route"}, "geometry": {"type": "LineString", "coordinates": [[-73.9145409939247, 40.685235155283], [-73.9137982711533, 40.6848081090293]]}}, {"type": "Feature", "properties": {"name": "Jamaica Line", "line": "JAMAICA LINE", "color": "#996633", "weight": 4, "category": "subway_route"}, "geometry": {"type": "LineString", "coordinates": [[-73.8810996002386, 40.6810827143108], [-73.8802137572287, 40.6813626306484]]}}, {"type": "Feature", "properties": {"name": "Jamaica Line", "line": "JAMAICA LINE", "color": "#996633", "weight": 4, "category": "subway_route"}, "geometry": {"type": "LineString", "coordinates": [[-73.8690276233778, 40.6909953877547], [-73.8685542033852, 40.6911074840453]]}}, {"type": "Feature", "properties": {"name": "Crosstown Line", "line": "CROSSTOWN LINE", "color": "#6CBE45", "weight": 4, "category": "subway_route"}, "geometry": {"type": "LineString", "coordinates": [[-73.9517026432757, 40.7145463584742], [-73.9517771596166, 40.7150298020366]]}}, {"type": "Feature", "properties": {"name": "6Th Ave Line", "line": "6TH AVE LINE", "color": "#FF6319", "weight": 4, "category": "subway_route"}, "geometry": {"type": "LineString", "coordinates": [[-73.987643575609, 40.702183962612], [-73.9875436244672, 40.7020024716013]]}}, {"type": "Feature", "properties": {"name": "White Plains Rd Line", "line": "WHITE PLAINS RD LINE", "color": "#EE352E", "weight": 4, "category": "subway_route"}, "geometry": {"type": "LineString", "coordinates": [[-73.8841285142633, 40.839364187515], [-73.8840486893594, 40.8393866643943]]}}, {"type": "Feature", "properties": {"name": "Lexington Ave", "line": "LEXINGTON AVE", "color": "#00933C", "weight": 4, "category": "subway_route"}, "geometry": {"type": "LineString", "coordinates": [[-73.9786085354004, 40.7508507325212], [-73.9785566119971, 40.7509222141371]]}}, {"type": "Feature", "properties": {"name": "14St/Canarsie Line", "line": "14ST/CANARSIE LINE", "color": "#A7A9AC", "weight": 4, "category": "subway_route"}, "geometry": {"type": "LineString", "coordinates": [[-73.9054025447079, 40.6963585456891], [-73.9050061156081, 40.6961269855542]]}}, {"type": "Feature", "properties": {"name": "Rockaway Line", "line": "ROCKAWAY LINE", "color": "#0039A6", "weight": 4, "category": "subway_route"}, "geometry": {"type": "LineString", "coordinates": [[-73.8255416825983, 40.5837832495445], [-73.8263520751722, 40.5835547977287]]}}, {"type": "Feature", "properties": {"name": "Rockaway Line", "line": "ROCKAWAY LINE", "color": "#0039A6", "weight": 4, "category": "subway_route"}, "geometry": {"type": "LineString", "coordinates": [[-73.8232855848343, 40.5844185954377], [-73.8242012144455, 40.5841580344225]]}}, {"type": "Feature", "properties": {"name": "West End Line", "line": "WEST END LINE", "color": "#FF6319", "weight": 4, "category": "subway_route"}, "geometry": {"type": "LineString", "coordinates": [[-73.9901513212645, 40.5997132419467], [-73.989395779687, 40.5992627874422]]}}, {"type": "Feature", "properties": {"name": "Crosstown Line", "line": "CROSSTOWN LINE", "color": "#6CBE45", "weight": 4, "category": "subway_route"}, "geometry": {"type": "LineString", "coordinates": [[-73.9717279445549, 40.6875362302944], [-73.9707649492492, 40.6876465188423]]}}, {"type": "Feature", "properties": {"name": "Rockaway Line", "line": "ROCKAWAY LINE", "color": "#0039A6", "weight": 4, "category": "subway_route"}, "geometry": {"type": "LineString", "coordinates": [[-73.8224172646232, 40.5846701461978], [-73.8232855848343, 40.5844185954377]]}}, {"type": "Feature", "properties": {"name": "Rockaway Line", "line": "ROCKAWAY LINE", "color": "#0039A6", "weight": 4, "category": "subway_route"}, "geometry": {"type": "LineString", "coordinates": [[-73.8151423758841, 40.5874507613917], [-73.8159317202709, 40.5871458589319]]}}, {"type": "Feature", "properties": {"name": "Lexington Ave", "line": "LEXINGTON AVE", "color": "#00933C", "weight": 4, "category": "subway_route"}, "geometry": {"type": "LineString", "coordinates": [[-74.0099886936796, 40.7098139110827], [-74.0095440742576, 40.7103357321033]]}}, {"type": "Feature", "properties": {"name": "Broadway/7Th Ave Line", "line": "BROADWAY/7TH AVE LINE", "color": "#EE352E", "weight": 4, "category": "subway_route"}, "geometry": {"type": "LineString", "coordinates": [[-74.0019726535261, 40.7350781236188], [-74.0016943443966, 40.7355428351316]]}}, {"type": "Feature", "properties": {"name": "Broadway Line", "line": "BROADWAY LINE", "color": "#FCCC0A", "weight": 4, "category": "subway_route"}, "geometry": {"type": "LineString", "coordinates": [[-73.9832642063621, 40.7611018652357], [-73.9828085740457, 40.7617267662828]]}}, {"type": "Feature", "properties": {"name": "Broadway/7Th Ave Line", "line": "BROADWAY/7TH AVE LINE", "color": "#EE352E", "weight": 4, "category": "subway_route"}, "geometry": {"type": "LineString", "coordinates": [[-73.9853399833988, 40.7587020760259], [-73.9851051255919, 40.7594126003897]]}}, {"type": "Feature", "properties": {"name": "Broadway Line", "line": "BROADWAY LINE", "color": "#FCCC0A", "weight": 4, "category": "subway_route"}, "geometry": {"type": "LineString", "coordinates": [[-73.9876458348728, 40.7514274793443], [-73.9874923157817, 40.7521671831315]]}}, {"type": "Feature", "properties": {"name": "Queens Blvd Line", "line": "QUEENS BLVD LINE", "color": "#FF6319", "weight": 4, "category": "subway_route"}, "geometry": {"type": "LineString", "coordinates": [[-73.8704728972859, 40.7335280140086], [-73.8703697832381, 40.7335056826002]]}}, {"type": "Feature", "properties": {"name": "Broadway/7Th Ave Line", "line": "BROADWAY/7TH AVE LINE", "color": "#EE352E", "weight": 4, "category": "subway_route"}, "geometry": {"type": "LineString", "coordinates": [[-73.9920068275775, 40.7491096917693], [-73.9915643042729, 40.7497141697939]]}}, {"type": "Feature", "properties": {"name": "Lexington Ave", "line": "LEXINGTON AVE", "color": "#00933C", "weight": 4, "category": "subway_route"}, "geometry": {"type": "LineString", "coordinates": [[-73.9863627132924, 40.7401930458159], [-73.9858804277755, 40.740861245349]]}}, {"type": "Feature", "properties": {"name": "8Th Ave Line", "line": "8TH AVE LINE", "color": "#0039A6", "weight": 4, "category": "subway_route"}, "geometry": {"type": "LineString", "coordinates": [[-73.9447577761782, 40.8240398199339], [-73.944269375092, 40.8247131200048]]}}, {"type": "Feature", "properties": {"name": "Broadway/7Th Ave Line", "line": "BROADWAY/7TH AVE LINE", "color": "#EE352E", "weight": 4, "category": "subway_route"}, "geometry": {"type": "LineString", "coordinates": [[-73.9541355257082, 40.821390573859], [-73.9536723249769, 40.822025796999]]}}, {"type": "Feature", "properties": {"name": "Lexington Ave", "line": "LEXINGTON AVE", "color": "#00933C", "weight": 4, "category": "subway_route"}, "geometry": {"type": "LineString", "coordinates": [[-73.9570109615649, 40.7775535934537], [-73.9565477966625, 40.7781883548348]]}}, {"type": "Feature", "properties": {"name": "8Th Ave Line", "line": "8TH AVE LINE", "color": "#0039A6", "weight": 4, "category": "subway_route"}, "geometry": {"type": "LineString", "coordinates": [[-73.9529529534715, 40.8084045393851], [-73.9530064376839, 40.8092455457057]]}}, {"type": "Feature", "properties": {"name": "Queens Blvd Line", "line": "QUEENS BLVD LINE", "color": "#FF6319", "weight": 4, "category": "subway_route"}, "geometry": {"type": "LineString", "coordinates": [[-73.9671538341315, 40.7567734444428], [-73.9647876218629, 40.755763981009]]}}, {"type": "Feature", "properties": {"name": "8Th Ave Line", "line": "8TH AVE LINE", "color": "#0039A6", "weight": 4, "category": "subway_route"}, "geometry": {"type": "LineString", "coordinates": [[-73.9717243498588, 40.7820297304675], [-73.9712242163884, 40.7827145102469]]}}, {"type": "Feature", "properties": {"name": "Flushing Line", "line": "FLUSHING LINE", "color": "#B933AD", "weight": 4, "category": "subway_route"}, "geometry": {"type": "LineString", "coordinates": [[-73.9307552647467, 40.7445684231823], [-73.9298279435736, 40.7444613316289]]}}, {"type": "Feature", "properties": {"name": "Broadway/7Th Ave Line", "line": "BROADWAY/7TH AVE LINE", "color": "#EE352E", "weight": 4, "category": "subway_route"}, "geometry": {"type": "LineString", "coordinates": [[-73.9300840240659, 40.8543178851625], [-73.929645628394, 40.854916292667]]}}, {"type": "Feature", "properties": {"name": "Queens Blvd Line", "line": "QUEENS BLVD LINE", "color": "#FF6319", "weight": 4, "category": "subway_route"}, "geometry": {"type": "LineString", "coordinates": [[-73.8010782324364, 40.7082099759646], [-73.8002230868716, 40.7084540471833]]}}, {"type": "Feature", "properties": {"name": "Fulton St Line", "line": "FULTON ST LINE", "color": "#0039A6", "weight": 4, "category": "subway_route"}, "geometry": {"type": "LineString", "coordinates": [[-73.8577939354282, 40.6794639536804], [-73.8572120364521, 40.6794941024109]]}}, {"type": "Feature", "properties": {"name": "Jamaica Line", "line": "JAMAICA LINE", "color": "#996633", "weight": 4, "category": "subway_route"}, "geometry": {"type": "LineString", "coordinates": [[-73.8419896614224, 40.6952259258033], [-73.841136239293, 40.6952920555281]]}}, {"type": "Feature", "properties": {"name": "Broadway/7Th Ave Line", "line": "BROADWAY/7TH AVE LINE", "color": "#EE352E", "weight": 4, "category": "subway_route"}, "geometry": {"type": "LineString", "coordinates": [[-74.0055464453405, 40.7271651576684], [-74.0054283944303, 40.727886615034]]}}, {"type": "Feature", "properties": {"name": "8Th Ave Line", "line": "8TH AVE LINE", "color": "#0039A6", "weight": 4, "category": "subway_route"}, "geometry": {"type": "LineString", "coordinates": [[-74.0037314758824, 40.726258301009], [-74.003446214835, 40.7269670585192]]}}, {"type": "Feature", "properties": {"name": "8Th Ave Line", "line": "8TH AVE LINE", "color": "#0039A6", "weight": 4, "category": "subway_route"}, "geometry": {"type": "LineString", "coordinates": [[-74.0014137249989, 40.7310734994619], [-74.0009557226818, 40.7317143419164]]}}, {"type": "Feature", "properties": {"name": "8Th Ave Line", "line": "8TH AVE LINE", "color": "#0039A6", "weight": 4, "category": "subway_route"}, "geometry": {"type": "LineString", "coordinates": [[-73.9769129778219, 40.7749173769606], [-73.9764590687867, 40.7755407903234]]}}, {"type": "Feature", "properties": {"name": "8Th Ave Line", "line": "8TH AVE LINE", "color": "#0039A6", "weight": 4, "category": "subway_route"}, "geometry": {"type": "LineString", "coordinates": [[-73.9787237632582, 40.7724271506675], [-73.9782834962538, 40.7730401307534]]}}, {"type": "Feature", "properties": {"name": "Broadway/7Th Ave Line", "line": "BROADWAY/7TH AVE LINE", "color": "#EE352E", "weight": 4, "category": "subway_route"}, "geometry": {"type": "LineString", "coordinates": [[-73.9836299643147, 40.7620730398812], [-73.9832159660826, 40.7627154182868]]}}, {"type": "Feature", "properties": {"name": "8Th Ave Line", "line": "8TH AVE LINE", "color": "#0039A6", "weight": 4, "category": "subway_route"}, "geometry": {"type": "LineString", "coordinates": [[-73.9810241963986, 40.7692810852454], [-73.9805650024525, 40.7699135763917]]}}, {"type": "Feature", "properties": {"name": "Flushing Line", "line": "FLUSHING LINE", "color": "#B933AD", "weight": 4, "category": "subway_route"}, "geometry": {"type": "LineString", "coordinates": [[-73.9455307501635, 40.746231219426], [-73.9456517096689, 40.7458264451584]]}}, {"type": "Feature", "properties": {"name": "6Th Ave Line", "line": "6TH AVE LINE", "color": "#FF6319", "weight": 4, "category": "subway_route"}, "geometry": {"type": "LineString", "coordinates": [[-73.9950192847874, 40.7398682566706], [-73.9945939477044, 40.7404502264579]]}}, {"type": "Feature", "properties": {"name": "Nassau St Line", "line": "NASSAU ST LINE", "color": "#996633", "weight": 4, "category": "subway_route"}, "geometry": {"type": "LineString", "coordinates": [[-73.9912842154095, 40.7194927740042], [-73.990482279495, 40.7192492667]]}}, {"type": "Feature", "properties": {"name": "Lexington Ave", "line": "LEXINGTON AVE", "color": "#00933C", "weight": 4, "category": "subway_route"}, "geometry": {"type": "LineString", "coordinates": [[-73.9854289738224, 40.7414785945867], [-73.9849790506122, 40.7420972033399]]}}, {"type": "Feature", "properties": {"name": "8Th Ave Line", "line": "8TH AVE LINE", "color": "#0039A6", "weight": 4, "category": "subway_route"}, "geometry": {"type": "LineString", "coordinates": [[-73.9509833226654, 40.8125298904931], [-73.9509299461005, 40.8125833327497]]}}, {"type": "Feature", "properties": {"name": "Flushing Line", "line": "FLUSHING LINE", "color": "#B933AD", "weight": 4, "category": "subway_route"}, "geometry": {"type": "LineString", "coordinates": [[-73.883000446029, 40.7477426526125], [-73.8825700325654, 40.7477860961214]]}}, {"type": "Feature", "properties": {"name": "Fulton St Line", "line": "FULTON ST LINE", "color": "#0039A6", "weight": 4, "category": "subway_route"}, "geometry": {"type": "LineString", "coordinates": [[-73.8294612200637, 40.6854086295977], [-73.8286285900295, 40.685663085103]]}}, {"type": "Feature", "properties": {"name": "Jamaica Line", "line": "JAMAICA LINE", "color": "#996633", "weight": 4, "category": "subway_route"}, "geometry": {"type": "LineString", "coordinates": [[-73.8356419791805, 40.6978372982468], [-73.8348450119822, 40.6982770222361]]}}, {"type": "Feature", "properties": {"name": "Nostrand Ave Line", "line": "NOSTRAND AVE LINE", "color": "#EE352E", "weight": 4, "category": "subway_route"}, "geometry": {"type": "LineString", "coordinates": [[-73.9497700289174, 40.6526505523551], [-73.9496697908248, 40.6517057485937]]}}, {"type": "Feature", "properties": {"name": "Nostrand Ave Line", "line": "NOSTRAND AVE LINE", "color": "#EE352E", "weight": 4, "category": "subway_route"}, "geometry": {"type": "LineString", "coordinates": [[-73.9509199774308, 40.6654075008614], [-73.9510049530584, 40.6646913655138]]}}, {"type": "Feature", "properties": {"name": "West End Line", "line": "WEST END LINE", "color": "#FF6319", "weight": 4, "category": "subway_route"}, "geometry": {"type": "LineString", "coordinates": [[-73.9977148828655, 40.6236884917957], [-73.9979416373839, 40.6228411152621]]}}, {"type": "Feature", "properties": {"name": "4Th Ave Line", "line": "4TH AVE LINE", "color": "#FCCC0A", "weight": 4, "category": "subway_route"}, "geometry": {"type": "LineString", "coordinates": [[-74.0102494419192, 40.6487156068306], [-74.0108242961878, 40.6481620059139]]}}, {"type": "Feature", "properties": {"name": "West End Line", "line": "WEST END LINE", "color": "#FF6319", "weight": 4, "category": "subway_route"}, "geometry": {"type": "LineString", "coordinates": [[-73.9864584618218, 40.5974871438727], [-73.9857485455156, 40.5970487104754]]}}, {"type": "Feature", "properties": {"name": "Pelham Line", "line": "PELHAM LINE", "color": "#00933C", "weight": 4, "category": "subway_route"}, "geometry": {"type": "LineString", "coordinates": [[-73.8518872550087, 40.8341876892187], [-73.8516858555023, 40.834209321122]]}}, {"type": "Feature", "properties": {"name": "West End Line", "line": "WEST END LINE", "color": "#FF6319", "weight": 4, "category": "subway_route"}, "geometry": {"type": "LineString", "coordinates": [[-73.9879406743254, 40.5983802670773], [-73.9871933965325, 40.5979342652272]]}}, {"type": "Feature", "properties": {"name": "Lexington Ave", "line": "LEXINGTON AVE", "color": "#00933C", "weight": 4, "category": "subway_route"}, "geometry": {"type": "LineString", "coordinates": [[-73.9941875184923, 40.6930170546256], [-73.9931042956253, 40.692854091676]]}}, {"type": "Feature", "properties": {"name": "8Th Ave Line", "line": "8TH AVE LINE", "color": "#0039A6", "weight": 4, "category": "subway_route"}, "geometry": {"type": "LineString", "coordinates": [[-73.9870394973024, 40.6972854394987], [-73.9870636441683, 40.6968475803632]]}}, {"type": "Feature", "properties": {"name": "Pelham Line", "line": "PELHAM LINE", "color": "#00933C", "weight": 4, "category": "subway_route"}, "geometry": {"type": "LineString", "coordinates": [[-73.83788419403, 40.8428275943061], [-73.8377553502498, 40.8428941805009]]}}, {"type": "Feature", "properties": {"name": "Pelham Line", "line": "PELHAM LINE", "color": "#00933C", "weight": 4, "category": "subway_route"}, "geometry": {"type": "LineString", "coordinates": [[-73.8400795081637, 40.841698466906], [-73.8390895007572, 40.8422122990631]]}}, {"type": "Feature", "properties": {"name": "4Th Ave Line", "line": "4TH AVE LINE", "color": "#FCCC0A", "weight": 4, "category": "subway_route"}, "geometry": {"type": "LineString", "coordinates": [[-73.9902238149894, 40.6685563294692], [-73.9907268835254, 40.667954403543]]}}, {"type": "Feature", "properties": {"name": "Jerome Ave Line", "line": "JEROME AVE LINE", "color": "#00933C", "weight": 4, "category": "subway_route"}, "geometry": {"type": "LineString", "coordinates": [[-73.9141283844937, 40.8452371833525], [-73.9139766276129, 40.8454376996743]]}}, {"type": "Feature", "properties": {"name": "White Plains Rd Line", "line": "WHITE PLAINS RD LINE", "color": "#EE352E", "weight": 4, "category": "subway_route"}, "geometry": {"type": "LineString", "coordinates": [[-73.9119435998844, 40.8160556899925], [-73.9110143512692, 40.8159845755775]]}}, {"type": "Feature", "properties": {"name": "Culver Line", "line": "CULVER LINE", "color": "#FF6319", "weight": 4, "category": "subway_route"}, "geometry": {"type": "LineString", "coordinates": [[-73.9736635727251, 40.5939310378047], [-73.9738913651276, 40.5923126338825]]}}, {"type": "Feature", "properties": {"name": "Concourse Line", "line": "CONCOURSE LINE", "color": "#FF6319", "weight": 4, "category": "subway_route"}, "geometry": {"type": "LineString", "coordinates": [[-73.9164756130083, 40.8357872978287], [-73.9158719541291, 40.8364018603112]]}}, {"type": "Feature", "properties": {"name": "Fulton St Line", "line": "FULTON ST LINE", "color": "#0039A6", "weight": 4, "category": "subway_route"}, "geometry": {"type": "LineString", "coordinates": [[-73.9755211730379, 40.6867650711741], [-73.9744437819622, 40.6863164730586]]}}, {"type": "Feature", "properties": {"name": "Pelham Line", "line": "PELHAM LINE", "color": "#00933C", "weight": 4, "category": "subway_route"}, "geometry": {"type": "LineString", "coordinates": [[-73.9082081642114, 40.8071604478312], [-73.9081822432965, 40.8072343756392]]}}, {"type": "Feature", "properties": {"name": "Fulton St Line", "line": "FULTON ST LINE", "color": "#0039A6", "weight": 4, "category": "subway_route"}, "geometry": {"type": "LineString", "coordinates": [[-73.9265654549369, 40.6791526107477], [-73.9252665672392, 40.6790814439606]]}}, {"type": "Feature", "properties": {"name": "8Th Ave Line", "line": "8TH AVE LINE", "color": "#0039A6", "weight": 4, "category": "subway_route"}, "geometry": {"type": "LineString", "coordinates": [[-73.9509299461005, 40.8125833327497], [-73.9503514813116, 40.8131676501401]]}}, {"type": "Feature", "properties": {"name": "Lenox Ave Line", "line": "LENOX AVE LINE", "color": "#EE352E", "weight": 4, "category": "subway_route"}, "geometry": {"type": "LineString", "coordinates": [[-73.9624367094826, 40.7973462901227], [-73.9630485822201, 40.7975975999133]]}}, {"type": "Feature", "properties": {"name": "Queens Blvd Line", "line": "QUEENS BLVD LINE", "color": "#FF6319", "weight": 4, "category": "subway_route"}, "geometry": {"type": "LineString", "coordinates": [[-73.9216203713569, 40.7530359043783], [-73.920480535667, 40.7532934873325]]}}, {"type": "Feature", "properties": {"name": "Astoria Line", "line": "ASTORIA LINE", "color": "#FCCC0A", "weight": 4, "category": "subway_route"}, "geometry": {"type": "LineString", "coordinates": [[-73.9182911847992, 40.7698868210569], [-73.9199572447964, 40.768448318525]]}}, {"type": "Feature", "properties": {"name": "Broadway/7Th Ave Line", "line": "BROADWAY/7TH AVE LINE", "color": "#EE352E", "weight": 4, "category": "subway_route"}, "geometry": {"type": "LineString", "coordinates": [[-73.9140111350441, 40.8711688673381], [-73.9138758400375, 40.8713580906401]]}}, {"type": "Feature", "properties": {"name": "Flushing Line", "line": "FLUSHING LINE", "color": "#B933AD", "weight": 4, "category": "subway_route"}, "geometry": {"type": "LineString", "coordinates": [[-73.9027056923303, 40.7456921219539], [-73.9021182030153, 40.7457391076934]]}}, {"type": "Feature", "properties": {"name": "Jamaica Line", "line": "JAMAICA LINE", "color": "#996633", "weight": 4, "category": "subway_route"}, "geometry": {"type": "LineString", "coordinates": [[-73.8680601079674, 40.6911921977565], [-73.8672103348249, 40.6913243703576]]}}, {"type": "Feature", "properties": {"name": "4Th Ave Line", "line": "4TH AVE LINE", "color": "#FCCC0A", "weight": 4, "category": "subway_route"}, "geometry": {"type": "LineString", "coordinates": [[-74.0229111987869, 40.6361156900203], [-74.0232366354356, 40.6353269769896]]}}, {"type": "Feature", "properties": {"name": "White Plains Rd Line", "line": "WHITE PLAINS RD LINE", "color": "#EE352E", "weight": 4, "category": "subway_route"}, "geometry": {"type": "LineString", "coordinates": [[-73.8674875914338, 40.8613538188081], [-73.8674234020077, 40.863220975612]]}}, {"type": "Feature", "properties": {"name": "Brighton Line", "line": "BRIGHTON LINE", "color": "#FF6319", "weight": 4, "category": "subway_route"}, "geometry": {"type": "LineString", "coordinates": [[-73.965957094073, 40.5766455469423], [-73.9658321146157, 40.5766718342634]]}}, {"type": "Feature", "properties": {"name": "Crosstown Line", "line": "CROSSTOWN LINE", "color": "#6CBE45", "weight": 4, "category": "subway_route"}, "geometry": {"type": "LineString", "coordinates": [[-73.9487688975284, 40.6931794451523], [-73.9486236328658, 40.6924476504541]]}}, {"type": "Feature", "properties": {"name": "14St/Canarsie Line", "line": "14ST/CANARSIE LINE", "color": "#A7A9AC", "weight": 4, "category": "subway_route"}, "geometry": {"type": "LineString", "coordinates": [[-73.9398383373594, 40.7076619274231], [-73.9397158863122, 40.7069265327293]]}}, {"type": "Feature", "properties": {"name": "West End Line", "line": "WEST END LINE", "color": "#FF6319", "weight": 4, "category": "subway_route"}, "geometry": {"type": "LineString", "coordinates": [[-73.985201561043, 40.5964063435149], [-73.9850626522235, 40.5956791355757]]}}, {"type": "Feature", "properties": {"name": "8Th Ave Line", "line": "8TH AVE LINE", "color": "#0039A6", "weight": 4, "category": "subway_route"}, "geometry": {"type": "LineString", "coordinates": [[-73.9870164429009, 40.7610456173408], [-73.9865626825711, 40.7616683723633]]}}, {"type": "Feature", "properties": {"name": "Broadway/7Th Ave Line", "line": "BROADWAY/7TH AVE LINE", "color": "#EE352E", "weight": 4, "category": "subway_route"}, "geometry": {"type": "LineString", "coordinates": [[-73.9513966516808, 40.8251460425771], [-73.9509416483335, 40.8257659132824]]}}, {"type": "Feature", "properties": {"name": "Lenox Ave Line", "line": "LENOX AVE LINE", "color": "#EE352E", "weight": 4, "category": "subway_route"}, "geometry": {"type": "LineString", "coordinates": [[-73.9449948932772, 40.8084544439418], [-73.944539075966, 40.8090784960356]]}}, {"type": "Feature", "properties": {"name": "Lenox Ave Line", "line": "LENOX AVE LINE", "color": "#EE352E", "weight": 4, "category": "subway_route"}, "geometry": {"type": "LineString", "coordinates": [[-73.9394581936654, 40.81603468021], [-73.9389928034982, 40.8166705372211]]}}, {"type": "Feature", "properties": {"name": "Crosstown Line", "line": "CROSSTOWN LINE", "color": "#6CBE45", "weight": 4, "category": "subway_route"}, "geometry": {"type": "LineString", "coordinates": [[-73.9517967331098, 40.7151468047034], [-73.951814744439, 40.7152463091897]]}}, {"type": "Feature", "properties": {"name": "Nassau St Line", "line": "NASSAU ST LINE", "color": "#996633", "weight": 4, "category": "subway_route"}, "geometry": {"type": "LineString", "coordinates": [[-74.010201103215, 40.7077065178083], [-74.0098302136012, 40.7081259977495]]}}, {"type": "Feature", "properties": {"name": "Manhattan Bridge Line", "line": "MANHATTAN BRIDGE LINE", "color": "#FF6319", "weight": 4, "category": "subway_route"}, "geometry": {"type": "LineString", "coordinates": [[-73.9969850508094, 40.7165487834238], [-73.9977641581782, 40.7168221689039]]}}, {"type": "Feature", "properties": {"name": "Broadway/7Th Ave Line", "line": "BROADWAY/7TH AVE LINE", "color": "#EE352E", "weight": 4, "category": "subway_route"}, "geometry": {"type": "LineString", "coordinates": [[-73.9790029508216, 40.7851637981306], [-73.9785351346516, 40.7857948915075]]}}, {"type": "Feature", "properties": {"name": "Lexington Ave", "line": "LEXINGTON AVE", "color": "#00933C", "weight": 4, "category": "subway_route"}, "geometry": {"type": "LineString", "coordinates": [[-73.9840761479854, 40.7433329648845], [-73.9836264955587, 40.7439513611702]]}}, {"type": "Feature", "properties": {"name": "Crosstown Line", "line": "CROSSTOWN LINE", "color": "#6CBE45", "weight": 4, "category": "subway_route"}, "geometry": {"type": "LineString", "coordinates": [[-73.9538049411208, 40.7419429465506], [-73.9527579584183, 40.7424847173709]]}}, {"type": "Feature", "properties": {"name": "Archer Ave Line", "line": "ARCHER AVE LINE", "color": "#0039A6", "weight": 4, "category": "subway_route"}, "geometry": {"type": "LineString", "coordinates": [[-73.8024106732065, 40.7018599645763], [-73.8018982134901, 40.7019771051176]]}}, {"type": "Feature", "properties": {"name": "8Th Ave Line", "line": "8TH AVE LINE", "color": "#0039A6", "weight": 4, "category": "subway_route"}, "geometry": {"type": "LineString", "coordinates": [[-73.9707614245727, 40.7833483918506], [-73.9703019755768, 40.7839836683861]]}}, {"type": "Feature", "properties": {"name": "8Th Ave Line", "line": "8TH AVE LINE", "color": "#0039A6", "weight": 4, "category": "subway_route"}, "geometry": {"type": "LineString", "coordinates": [[-73.9656292875461, 40.7903743734837], [-73.9651783477021, 40.7909985970896]]}}, {"type": "Feature", "properties": {"name": "Queens Blvd Line", "line": "QUEENS BLVD LINE", "color": "#FF6319", "weight": 4, "category": "subway_route"}, "geometry": {"type": "LineString", "coordinates": [[-73.9725118824872, 40.7590223733146], [-73.9709949986878, 40.7583815799214]]}}, {"type": "Feature", "properties": {"name": "Queens Blvd Line", "line": "QUEENS BLVD LINE", "color": "#FF6319", "weight": 4, "category": "subway_route"}, "geometry": {"type": "LineString", "coordinates": [[-73.9389170405674, 40.7483781682963], [-73.9379055841163, 40.7487406934759]]}}, {"type": "Feature", "properties": {"name": "Queens Blvd Line", "line": "QUEENS BLVD LINE", "color": "#FF6319", "weight": 4, "category": "subway_route"}, "geometry": {"type": "LineString", "coordinates": [[-73.8996347596287, 40.7501792524961], [-73.8992289242791, 40.7500107822313]]}}, {"type": "Feature", "properties": {"name": "Jamaica Line", "line": "JAMAICA LINE", "color": "#996633", "weight": 4, "category": "subway_route"}, "geometry": {"type": "LineString", "coordinates": [[-73.851049739085, 40.6940749852275], [-73.8504825794749, 40.694238044091]]}}, {"type": "Feature", "properties": {"name": "Queens Blvd Line", "line": "QUEENS BLVD LINE", "color": "#FF6319", "weight": 4, "category": "subway_route"}, "geometry": {"type": "LineString", "coordinates": [[-73.9076663530146, 40.7536513979309], [-73.9069101688219, 40.7532930997294]]}}, {"type": "Feature", "properties": {"name": "Flushing Line", "line": "FLUSHING LINE", "color": "#B933AD", "weight": 4, "category": "subway_route"}, "geometry": {"type": "LineString", "coordinates": [[-73.8877845334902, 40.7472371761644], [-73.8876479018601, 40.7472530898165]]}}, {"type": "Feature", "properties": {"name": "Jamaica Line", "line": "JAMAICA LINE", "color": "#996633", "weight": 4, "category": "subway_route"}, "geometry": {"type": "LineString", "coordinates": [[-73.8396355607458, 40.6955436220637], [-73.8394846101365, 40.6955901123131]]}}, {"type": "Feature", "properties": {"name": "4Th Ave Line", "line": "4TH AVE LINE", "color": "#FCCC0A", "weight": 4, "category": "subway_route"}, "geometry": {"type": "LineString", "coordinates": [[-74.0292968630474, 40.6204951284607], [-74.0295653870136, 40.6198407594136]]}}, {"type": "Feature", "properties": {"name": "4Th Ave Line", "line": "4TH AVE LINE", "color": "#FCCC0A", "weight": 4, "category": "subway_route"}, "geometry": {"type": "LineString", "coordinates": [[-74.0286446834339, 40.6220942297505], [-74.0286813055412, 40.6220044297028]]}}, {"type": "Feature", "properties": {"name": "Fulton St Line", "line": "FULTON ST LINE", "color": "#0039A6", "weight": 4, "category": "subway_route"}, "geometry": {"type": "LineString", "coordinates": [[-73.9439747569211, 40.6800963637425], [-73.9432630479271, 40.6800588419557]]}}, {"type": "Feature", "properties": {"name": "White Plains Rd Line", "line": "WHITE PLAINS RD LINE", "color": "#EE352E", "weight": 4, "category": "subway_route"}, "geometry": {"type": "LineString", "coordinates": [[-73.8677040445315, 40.8545128342189], [-73.8676150485379, 40.8566287888862]]}}, {"type": "Feature", "properties": {"name": "4Th Ave Line", "line": "4TH AVE LINE", "color": "#FCCC0A", "weight": 4, "category": "subway_route"}, "geometry": {"type": "LineString", "coordinates": [[-74.0020948878534, 40.6565577503583], [-74.0026782724462, 40.6559973915389]]}}, {"type": "Feature", "properties": {"name": "Fulton St Line", "line": "FULTON ST LINE", "color": "#0039A6", "weight": 4, "category": "subway_route"}, "geometry": {"type": "LineString", "coordinates": [[-73.970165918316, 40.6845993180732], [-73.9690633074917, 40.6841655966503]]}}, {"type": "Feature", "properties": {"name": "Concourse Line", "line": "CONCOURSE LINE", "color": "#FF6319", "weight": 4, "category": "subway_route"}, "geometry": {"type": "LineString", "coordinates": [[-73.9177324290642, 40.8344944966967], [-73.9177042704894, 40.8345232741507]]}}, {"type": "Feature", "properties": {"name": "White Plains Rd Line", "line": "WHITE PLAINS RD LINE", "color": "#EE352E", "weight": 4, "category": "subway_route"}, "geometry": {"type": "LineString", "coordinates": [[-73.8897285779065, 40.834066673603], [-73.8887456492191, 40.8357145989765]]}}, {"type": "Feature", "properties": {"name": "4Th Ave Line", "line": "4TH AVE LINE", "color": "#FCCC0A", "weight": 4, "category": "subway_route"}, "geometry": {"type": "LineString", "coordinates": [[-74.0262644569258, 40.6279281791668], [-74.0265619310871, 40.6271954027478]]}}, {"type": "Feature", "properties": {"name": "4Th Ave Line", "line": "4TH AVE LINE", "color": "#FCCC0A", "weight": 4, "category": "subway_route"}, "geometry": {"type": "LineString", "coordinates": [[-74.0245214398669, 40.6321755859202], [-74.024792904118, 40.6315139341946]]}}, {"type": "Feature", "properties": {"name": "Crosstown Line", "line": "CROSSTOWN LINE", "color": "#6CBE45", "weight": 4, "category": "subway_route"}, "geometry": {"type": "LineString", "coordinates": [[-73.951814744439, 40.7152463091897], [-73.9518256829562, 40.7153243072864]]}}, {"type": "Feature", "properties": {"name": "Jamaica Line", "line": "JAMAICA LINE", "color": "#996633", "weight": 4, "category": "subway_route"}, "geometry": {"type": "LineString", "coordinates": [[-73.9236450712829, 40.6904070756077], [-73.9231709398661, 40.690131643978]]}}, {"type": "Feature", "properties": {"name": "Fulton St Line", "line": "FULTON ST LINE", "color": "#0039A6", "weight": 4, "category": "subway_route"}, "geometry": {"type": "LineString", "coordinates": [[-73.9285938536404, 40.6792590313383], [-73.9273566910309, 40.679190754139]]}}, {"type": "Feature", "properties": {"name": "Myrtle Ave Line", "line": "MYRTLE AVE LINE", "color": "#FF6319", "weight": 4, "category": "subway_route"}, "geometry": {"type": "LineString", "coordinates": [[-73.9328364598834, 40.6972555723922], [-73.9322701822028, 40.6973248280781]]}}, {"type": "Feature", "properties": {"name": "Pelham Line", "line": "PELHAM LINE", "color": "#00933C", "weight": 4, "category": "subway_route"}, "geometry": {"type": "LineString", "coordinates": [[-73.9105536140006, 40.8056013574287], [-73.9104208848016, 40.8056618216255]]}}, {"type": "Feature", "properties": {"name": "Nassau St Line", "line": "NASSAU ST LINE", "color": "#996633", "weight": 4, "category": "subway_route"}, "geometry": {"type": "LineString", "coordinates": [[-73.9940428499497, 40.7203292214214], [-73.9939810205586, 40.7203080094781]]}}, {"type": "Feature", "properties": {"name": "Queens Blvd Line", "line": "QUEENS BLVD LINE", "color": "#FF6319", "weight": 4, "category": "subway_route"}, "geometry": {"type": "LineString", "coordinates": [[-73.8580889113736, 40.7285769685587], [-73.8577512794525, 40.7284538485871]]}}, {"type": "Feature", "properties": {"name": "14St/Canarsie Line", "line": "14ST/CANARSIE LINE", "color": "#A7A9AC", "weight": 4, "category": "subway_route"}, "geometry": {"type": "LineString", "coordinates": [[-73.9825575871859, 40.7313583782082], [-73.9824700569787, 40.7313231283828]]}}, {"type": "Feature", "properties": {"name": "6Th Ave Line", "line": "6TH AVE LINE", "color": "#FF6319", "weight": 4, "category": "subway_route"}, "geometry": {"type": "LineString", "coordinates": [[-73.9871949921089, 40.7013813411857], [-73.9871832473874, 40.7013581969947], [-73.9870778330949, 40.7011707972706]]}}, {"type": "Feature", "properties": {"name": "8Th Ave Line", "line": "8TH AVE LINE", "color": "#0039A6", "weight": 4, "category": "subway_route"}, "geometry": {"type": "LineString", "coordinates": [[-74.0050601716522, 40.7229861057568], [-74.0047870498521, 40.723633079489]]}}, {"type": "Feature", "properties": {"name": "Fulton St Line", "line": "FULTON ST LINE", "color": "#0039A6", "weight": 4, "category": "subway_route"}, "geometry": {"type": "LineString", "coordinates": [[-73.8277393141592, 40.685752196096], [-73.8268481179857, 40.6858465474868]]}}, {"type": "Feature", "properties": {"name": "Eastern Pky Line", "line": "EASTERN PKY LINE", "color": "#00933C", "weight": 4, "category": "subway_route"}, "geometry": {"type": "LineString", "coordinates": [[-73.9863326435327, 40.6910587462041], [-73.985365211745, 40.6906748491348]]}}, {"type": "Feature", "properties": {"name": "4Th Ave Line", "line": "4TH AVE LINE", "color": "#FCCC0A", "weight": 4, "category": "subway_route"}, "geometry": {"type": "LineString", "coordinates": [[-73.9874462568015, 40.6718883186074], [-73.9877170528848, 40.6715636133276]]}}, {"type": "Feature", "properties": {"name": "8Th Ave Line", "line": "8TH AVE LINE", "color": "#0039A6", "weight": 4, "category": "subway_route"}, "geometry": {"type": "LineString", "coordinates": [[-73.9871023111605, 40.6962157303364], [-73.9871069546983, 40.6961398632443]]}}, {"type": "Feature", "properties": {"name": "Fulton St Line", "line": "FULTON ST LINE", "color": "#0039A6", "weight": 4, "category": "subway_route"}, "geometry": {"type": "LineString", "coordinates": [[-73.9679618342423, 40.6837350478092], [-73.9668909084656, 40.6834909666744]]}}, {"type": "Feature", "properties": {"name": "Fulton St Line", "line": "FULTON ST LINE", "color": "#0039A6", "weight": 4, "category": "subway_route"}, "geometry": {"type": "LineString", "coordinates": [[-73.9477315156565, 40.680300081011], [-73.9467504395704, 40.6802478966165]]}}, {"type": "Feature", "properties": {"name": "Crosstown Line", "line": "CROSSTOWN LINE", "color": "#6CBE45", "weight": 4, "category": "subway_route"}, "geometry": {"type": "LineString", "coordinates": [[-73.9522878763596, 40.7180938394132], [-73.9522977745745, 40.7181550422645]]}}, {"type": "Feature", "properties": {"name": "14St/Canarsie Line", "line": "14ST/CANARSIE LINE", "color": "#A7A9AC", "weight": 4, "category": "subway_route"}, "geometry": {"type": "LineString", "coordinates": [[-73.9362354800353, 40.7058768761318], [-73.9354814360365, 40.7060192683789]]}}, {"type": "Feature", "properties": {"name": "Pelham Line", "line": "PELHAM LINE", "color": "#00933C", "weight": 4, "category": "subway_route"}, "geometry": {"type": "LineString", "coordinates": [[-73.8654617108796, 40.8321399100588], [-73.8645667347747, 40.8323975026433]]}}, {"type": "Feature", "properties": {"name": "West End Line", "line": "WEST END LINE", "color": "#FF6319", "weight": 4, "category": "subway_route"}, "geometry": {"type": "LineString", "coordinates": [[-73.9958973888029, 40.6300231667983], [-73.9961161237589, 40.6292406320972]]}}, {"type": "Feature", "properties": {"name": "West End Line", "line": "WEST END LINE", "color": "#FF6319", "weight": 4, "category": "subway_route"}, "geometry": {"type": "LineString", "coordinates": [[-74.0015524243224, 40.6102149101763], [-74.0018393803539, 40.6091376017661]]}}, {"type": "Feature", "properties": {"name": "West End Line", "line": "WEST END LINE", "color": "#FF6319", "weight": 4, "category": "subway_route"}, "geometry": {"type": "LineString", "coordinates": [[-73.9992732066006, 40.6181854762334], [-73.9994269589837, 40.6176358170617]]}}, {"type": "Feature", "properties": {"name": "Brighton Line", "line": "BRIGHTON LINE", "color": "#FF6319", "weight": 4, "category": "subway_route"}, "geometry": {"type": "LineString", "coordinates": [[-73.9773618359767, 40.6869161847363], [-73.9770287807105, 40.685200945458]]}}, {"type": "Feature", "properties": {"name": "Crosstown Line", "line": "CROSSTOWN LINE", "color": "#6CBE45", "weight": 4, "category": "subway_route"}, "geometry": {"type": "LineString", "coordinates": [[-73.9648108659867, 40.6883339162049], [-73.9628368744626, 40.6885630345803]]}}, {"type": "Feature", "properties": {"name": "4Th Ave Line", "line": "4TH AVE LINE", "color": "#FCCC0A", "weight": 4, "category": "subway_route"}, "geometry": {"type": "LineString", "coordinates": [[-74.0298439049942, 40.61916203678], [-74.0301753707414, 40.6183485550603]]}}, {"type": "Feature", "properties": {"name": "Jamaica Line", "line": "JAMAICA LINE", "color": "#996633", "weight": 4, "category": "subway_route"}, "geometry": {"type": "LineString", "coordinates": [[-73.9155016095852, 40.6857697614073], [-73.9152909051324, 40.6856537738562]]}}, {"type": "Feature", "properties": {"name": "Manhattan Bridge Line", "line": "MANHATTAN BRIDGE LINE", "color": "#FF6319", "weight": 4, "category": "subway_route"}, "geometry": {"type": "LineString", "coordinates": [[-73.9876687291504, 40.7017518907936], [-73.9875690171131, 40.701560260234]]}}, {"type": "Feature", "properties": {"name": "Concourse Line", "line": "CONCOURSE LINE", "color": "#FF6319", "weight": 4, "category": "subway_route"}, "geometry": {"type": "LineString", "coordinates": [[-73.9027250718826, 40.8535317880676], [-73.9024162876834, 40.853918774894]]}}, {"type": "Feature", "properties": {"name": "Broadway/7Th Ave Line", "line": "BROADWAY/7TH AVE LINE", "color": "#EE352E", "weight": 4, "category": "subway_route"}, "geometry": {"type": "LineString", "coordinates": [[-74.0035785515869, 40.7322716386929], [-74.0035215137027, 40.7323638306502]]}}, {"type": "Feature", "properties": {"name": "Fulton St Line", "line": "FULTON ST LINE", "color": "#0039A6", "weight": 4, "category": "subway_route"}, "geometry": {"type": "LineString", "coordinates": [[-73.8833992901891, 40.6737487205446], [-73.882585851634, 40.6738701205304]]}}, {"type": "Feature", "properties": {"name": "New Lots Line", "line": "NEW LOTS LINE", "color": "#EE352E", "weight": 4, "category": "subway_route"}, "geometry": {"type": "LineString", "coordinates": [[-73.9004295378204, 40.6638162318064], [-73.8995976701336, 40.6639520331432]]}}, {"type": "Feature", "properties": {"name": "Jamaica Line", "line": "JAMAICA LINE", "color": "#996633", "weight": 4, "category": "subway_route"}, "geometry": {"type": "LineString", "coordinates": [[-73.8734488007207, 40.6876019463514], [-73.8732235120912, 40.686947843722]]}}, {"type": "Feature", "properties": {"name": "Fulton St Line", "line": "FULTON ST LINE", "color": "#0039A6", "weight": 4, "category": "subway_route"}, "geometry": {"type": "LineString", "coordinates": [[-73.8709956137479, 40.6755452214994], [-73.8700741651288, 40.6756792624617]]}}, {"type": "Feature", "properties": {"name": "Fulton St Line", "line": "FULTON ST LINE", "color": "#0039A6", "weight": 4, "category": "subway_route"}, "geometry": {"type": "LineString", "coordinates": [[-73.9432630479271, 40.6800588419557], [-73.9412099209719, 40.6799465886271]]}}, {"type": "Feature", "properties": {"name": "Broadway Line", "line": "BROADWAY LINE", "color": "#FCCC0A", "weight": 4, "category": "subway_route"}, "geometry": {"type": "LineString", "coordinates": [[-74.0030466345787, 40.7180340569835], [-74.0025392871181, 40.7186351240579]]}}, {"type": "Feature", "properties": {"name": "Brighton Line", "line": "BRIGHTON LINE", "color": "#FF6319", "weight": 4, "category": "subway_route"}, "geometry": {"type": "LineString", "coordinates": [[-73.9778176170562, 40.6876782291554], [-73.977744040654, 40.6876343471193], [-73.9776761411113, 40.6875854490946], [-73.9776145063349, 40.6875319584535], [-73.9775596699886, 40.6874743383332], [-73.9775121068719, 40.6874130876266], [-73.9774722288093, 40.6873487366626], [-73.9774403810842, 40.6872818426148]]}}, {"type": "Feature", "properties": {"name": "Culver/6Th Ave Line", "line": "CULVER/6TH AVE LINE", "color": "#FF6319", "weight": 4, "category": "subway_route"}, "geometry": {"type": "LineString", "coordinates": [[-73.9889168656939, 40.6889801580164], [-73.9891694215693, 40.6886237900558]]}}, {"type": "Feature", "properties": {"name": "Crosstown Line", "line": "CROSSTOWN LINE", "color": "#6CBE45", "weight": 4, "category": "subway_route"}, "geometry": {"type": "LineString", "coordinates": [[-73.987624428826, 40.6896088180145], [-73.9877894827557, 40.6895852788503], [-73.9879513584847, 40.6895512766963], [-73.9881089134516, 40.6895070515329], [-73.9882610355918, 40.6894529154931], [-73.9884066511873, 40.6893892506595], [-73.9885447324447, 40.6893165063687], [-73.9886743047503, 40.6892351960403]]}}, {"type": "Feature", "properties": {"name": "Fulton St Line", "line": "FULTON ST LINE", "color": "#0039A6", "weight": 4, "category": "subway_route"}, "geometry": {"type": "LineString", "coordinates": [[-73.987624428826, 40.6896088180145], [-73.9876905903557, 40.6896609773288], [-73.9877503744842, 40.6897174218222], [-73.9878033043778, 40.6897777012873], [-73.9878489578717, 40.68984133493], [-73.9878869708372, 40.6899078152043], [-73.9879170400855, 40.6899766118608], [-73.9879389257868, 40.6900471761764], [-73.9879524533822, 40.6901189453306], [-73.9879575149768, 40.6901913468951], [-73.9879540701996, 40.6902638033995], [-73.9879421465258, 40.6903357369368], [-73.9879218390579, 40.6904065737733], [-73.9878933097667, 40.690475748924]]}}, {"type": "Feature", "properties": {"name": "Culver/6Th Ave Line", "line": "CULVER/6TH AVE LINE", "color": "#FF6319", "weight": 4, "category": "subway_route"}, "geometry": {"type": "LineString", "coordinates": [[-73.9887227622711, 40.6892540436217], [-73.9889168656939, 40.6889801580164]]}}, {"type": "Feature", "properties": {"name": "Culver/6Th Ave Line", "line": "CULVER/6TH AVE LINE", "color": "#FF6319", "weight": 4, "category": "subway_route"}, "geometry": {"type": "LineString", "coordinates": [[-73.9873347365864, 40.691461613435], [-73.9878933097667, 40.690475748924]]}}, {"type": "Feature", "properties": {"name": "Culver/6Th Ave Line", "line": "CULVER/6TH AVE LINE", "color": "#FF6319", "weight": 4, "category": "subway_route"}, "geometry": {"type": "LineString", "coordinates": [[-73.9873013660921, 40.6922343168875], [-73.9873346678388, 40.6914631873479], [-73.9873347365864, 40.691461613435]]}}, {"type": "Feature", "properties": {"name": "8Th Ave Line", "line": "8TH AVE LINE", "color": "#0039A6", "weight": 4, "category": "subway_route"}, "geometry": {"type": "LineString", "coordinates": [[-73.9872552576803, 40.6931331391866], [-73.9873013660921, 40.6922343168875]]}}, {"type": "Feature", "properties": {"name": "8Th Ave Line", "line": "8TH AVE LINE", "color": "#0039A6", "weight": 4, "category": "subway_route"}, "geometry": {"type": "LineString", "coordinates": [[-73.9872288041367, 40.6938077555888], [-73.9872552576803, 40.6931331391866]]}}, {"type": "Feature", "properties": {"name": "4Th Ave Line", "line": "4TH AVE LINE", "color": "#FCCC0A", "weight": 4, "category": "subway_route"}, "geometry": {"type": "LineString", "coordinates": [[-73.9862736098465, 40.692203030435], [-73.9852807076003, 40.6921659329326]]}}, {"type": "Feature", "properties": {"name": "4Th Ave Line", "line": "4TH AVE LINE", "color": "#FCCC0A", "weight": 4, "category": "subway_route"}, "geometry": {"type": "LineString", "coordinates": [[-73.9821330940452, 40.6912354731158], [-73.982348406496, 40.6916701834724]]}}, {"type": "Feature", "properties": {"name": "4Th Ave Line", "line": "4TH AVE LINE", "color": "#FCCC0A", "weight": 4, "category": "subway_route"}, "geometry": {"type": "LineString", "coordinates": [[-73.9834040674929, 40.692095176069], [-73.98309918987, 40.6920860936005]]}}, {"type": "Feature", "properties": {"name": "Fulton St Line", "line": "FULTON ST LINE", "color": "#0039A6", "weight": 4, "category": "subway_route"}, "geometry": {"type": "LineString", "coordinates": [[-73.987624428826, 40.6896088180145], [-73.9870137432486, 40.6893664238815]]}}, {"type": "Feature", "properties": {"name": "Brighton Line", "line": "BRIGHTON LINE", "color": "#FF6319", "weight": 4, "category": "subway_route"}, "geometry": {"type": "LineString", "coordinates": [[-73.9767695536865, 40.6837462706334], [-73.9766678840465, 40.6829804490972]]}}, {"type": "Feature", "properties": {"name": "Fulton St Line", "line": "FULTON ST LINE", "color": "#0039A6", "weight": 4, "category": "subway_route"}, "geometry": {"type": "LineString", "coordinates": [[-73.9512057231286, 40.6804909999387], [-73.9495581677936, 40.6803986381135]]}}, {"type": "Feature", "properties": {"name": "Staten Island Rwy Line", "line": "STATEN ISLAND RWY LINE", "color": "#0039A6", "weight": 4, "category": "subway_route"}, "geometry": {"type": "LineString", "coordinates": [[-74.2096663831021, 40.5235508854056], [-74.2118402033681, 40.5232750419442]]}}, {"type": "Feature", "properties": {"name": "Staten Island Rwy Line", "line": "STATEN ISLAND RWY LINE", "color": "#0039A6", "weight": 4, "category": "subway_route"}, "geometry": {"type": "LineString", "coordinates": [[-74.16439216501, 40.5447034648366], [-74.1652618946038, 40.5442478098763]]}}, {"type": "Feature", "properties": {"name": "Staten Island Rwy Line", "line": "STATEN ISLAND RWY LINE", "color": "#0039A6", "weight": 4, "category": "subway_route"}, "geometry": {"type": "LineString", "coordinates": [[-74.205233434926, 40.5241745803432], [-74.2065821046413, 40.5239706581955]]}}, {"type": "Feature", "properties": {"name": "Staten Island Rwy Line", "line": "STATEN ISLAND RWY LINE", "color": "#0039A6", "weight": 4, "category": "subway_route"}, "geometry": {"type": "LineString", "coordinates": [[-74.1994375160863, 40.5258807478707], [-74.1997603083334, 40.5256835737751], [-74.2000967089787, 40.5254993697308], [-74.2004453395729, 40.5253289393253], [-74.2008047510533, 40.5251729514197]]}}, {"type": "Feature", "properties": {"name": "Staten Island Rwy Line", "line": "STATEN ISLAND RWY LINE", "color": "#0039A6", "weight": 4, "category": "subway_route"}, "geometry": {"type": "LineString", "coordinates": [[-74.1968777346864, 40.5282514992125], [-74.1978488885963, 40.5272692961408]]}}, {"type": "Feature", "properties": {"name": "Staten Island Rwy Line", "line": "STATEN ISLAND RWY LINE", "color": "#0039A6", "weight": 4, "category": "subway_route"}, "geometry": {"type": "LineString", "coordinates": [[-74.180826994506, 40.5399142948277], [-74.1825774637351, 40.5394324523003]]}}, {"type": "Feature", "properties": {"name": "Staten Island Rwy Line", "line": "STATEN ISLAND RWY LINE", "color": "#0039A6", "weight": 4, "category": "subway_route"}, "geometry": {"type": "LineString", "coordinates": [[-74.1904630736507, 40.5350244903009], [-74.1923753843075, 40.5330488085296]]}}, {"type": "Feature", "properties": {"name": "Staten Island Rwy Line", "line": "STATEN ISLAND RWY LINE", "color": "#0039A6", "weight": 4, "category": "subway_route"}, "geometry": {"type": "LineString", "coordinates": [[-74.1836028019868, 40.5390687503148], [-74.1859614732265, 40.5380492922184]]}}, {"type": "Feature", "properties": {"name": "Staten Island Rwy Line", "line": "STATEN ISLAND RWY LINE", "color": "#0039A6", "weight": 4, "category": "subway_route"}, "geometry": {"type": "LineString", "coordinates": [[-74.1825774637351, 40.5394324523003], [-74.1836028019868, 40.5390687503148]]}}, {"type": "Feature", "properties": {"name": "Staten Island Rwy Line", "line": "STATEN ISLAND RWY LINE", "color": "#0039A6", "weight": 4, "category": "subway_route"}, "geometry": {"type": "LineString", "coordinates": [[-74.1859614732265, 40.5380492922184], [-74.1878196344434, 40.5370256888142]]}}, {"type": "Feature", "properties": {"name": "Staten Island Rwy Line", "line": "STATEN ISLAND RWY LINE", "color": "#0039A6", "weight": 4, "category": "subway_route"}, "geometry": {"type": "LineString", "coordinates": [[-74.1887677107931, 40.5364017868225], [-74.1904630736507, 40.5350244903009]]}}, {"type": "Feature", "properties": {"name": "Staten Island Rwy Line", "line": "STATEN ISLAND RWY LINE", "color": "#0039A6", "weight": 4, "category": "subway_route"}, "geometry": {"type": "LineString", "coordinates": [[-74.1699135305911, 40.5422118056063], [-74.170996718981, 40.5419005053354]]}}, {"type": "Feature", "properties": {"name": "Staten Island Rwy Line", "line": "STATEN ISLAND RWY LINE", "color": "#0039A6", "weight": 4, "category": "subway_route"}, "geometry": {"type": "LineString", "coordinates": [[-74.1446402334195, 40.5528165048913], [-74.1455776352423, 40.5526681686567]]}}, {"type": "Feature", "properties": {"name": "Staten Island Rwy Line", "line": "STATEN ISLAND RWY LINE", "color": "#0039A6", "weight": 4, "category": "subway_route"}, "geometry": {"type": "LineString", "coordinates": [[-74.1479751481308, 40.5523863784897], [-74.1482353664397, 40.5523497784822], [-74.1484932027292, 40.5523038786864], [-74.1487477839954, 40.552248842418]]}}, {"type": "Feature", "properties": {"name": "Staten Island Rwy Line", "line": "STATEN ISLAND RWY LINE", "color": "#0039A6", "weight": 4, "category": "subway_route"}, "geometry": {"type": "LineString", "coordinates": [[-74.1487477839954, 40.552248842418], [-74.1490171933495, 40.5521889497492], [-74.1492824355478, 40.5521186344534], [-74.1495424599, 40.5520381581019]]}}, {"type": "Feature", "properties": {"name": "Staten Island Rwy Line", "line": "STATEN ISLAND RWY LINE", "color": "#0039A6", "weight": 4, "category": "subway_route"}, "geometry": {"type": "LineString", "coordinates": [[-74.1516221852581, 40.5511410542343], [-74.1521173811289, 40.5509078647977]]}}, {"type": "Feature", "properties": {"name": "Staten Island Rwy Line", "line": "STATEN ISLAND RWY LINE", "color": "#0039A6", "weight": 4, "category": "subway_route"}, "geometry": {"type": "LineString", "coordinates": [[-74.1495424599, 40.5520381581019], [-74.149871332111, 40.5519191572344], [-74.1501943970808, 40.5517910311169], [-74.1505110192883, 40.5516540604062]]}}, {"type": "Feature", "properties": {"name": "Staten Island Rwy Line", "line": "STATEN ISLAND RWY LINE", "color": "#0039A6", "weight": 4, "category": "subway_route"}, "geometry": {"type": "LineString", "coordinates": [[-74.132913888877, 40.5596363995879], [-74.1337949874574, 40.5588999614263]]}}, {"type": "Feature", "properties": {"name": "Staten Island Rwy Line", "line": "STATEN ISLAND RWY LINE", "color": "#0039A6", "weight": 4, "category": "subway_route"}, "geometry": {"type": "LineString", "coordinates": [[-74.1320603811132, 40.5603454955002], [-74.132913888877, 40.5596363995879]]}}, {"type": "Feature", "properties": {"name": "Staten Island Rwy Line", "line": "STATEN ISLAND RWY LINE", "color": "#0039A6", "weight": 4, "category": "subway_route"}, "geometry": {"type": "LineString", "coordinates": [[-74.1337949874574, 40.5588999614263], [-74.1346794202664, 40.5581692842705]]}}, {"type": "Feature", "properties": {"name": "Staten Island Rwy Line", "line": "STATEN ISLAND RWY LINE", "color": "#0039A6", "weight": 4, "category": "subway_route"}, "geometry": {"type": "LineString", "coordinates": [[-74.1186601943921, 40.5724395616437], [-74.1190238080053, 40.5721790687119], [-74.1193775905914, 40.5719105970179], [-74.1197210943383, 40.5716344808379], [-74.1200539182643, 40.5713510619408]]}}, {"type": "Feature", "properties": {"name": "Staten Island Rwy Line", "line": "STATEN ISLAND RWY LINE", "color": "#0039A6", "weight": 4, "category": "subway_route"}, "geometry": {"type": "LineString", "coordinates": [[-74.1176012600779, 40.5732085917246], [-74.1186601943921, 40.5724395616437]]}}, {"type": "Feature", "properties": {"name": "Staten Island Rwy Line", "line": "STATEN ISLAND RWY LINE", "color": "#0039A6", "weight": 4, "category": "subway_route"}, "geometry": {"type": "LineString", "coordinates": [[-74.1226227448629, 40.5687974378725], [-74.123293392215, 40.5680840710485]]}}, {"type": "Feature", "properties": {"name": "Staten Island Rwy Line", "line": "STATEN ISLAND RWY LINE", "color": "#0039A6", "weight": 4, "category": "subway_route"}, "geometry": {"type": "LineString", "coordinates": [[-74.1164479425579, 40.5740330538055], [-74.1176012600779, 40.5732085917246]]}}, {"type": "Feature", "properties": {"name": "Staten Island Rwy Line", "line": "STATEN ISLAND RWY LINE", "color": "#0039A6", "weight": 4, "category": "subway_route"}, "geometry": {"type": "LineString", "coordinates": [[-74.1081335873774, 40.5801183658757], [-74.1089464563835, 40.5795275291029]]}}, {"type": "Feature", "properties": {"name": "Staten Island Rwy Line", "line": "STATEN ISLAND RWY LINE", "color": "#0039A6", "weight": 4, "category": "subway_route"}, "geometry": {"type": "LineString", "coordinates": [[-74.1073982588665, 40.5806526974059], [-74.1081335873774, 40.5801183658757]]}}, {"type": "Feature", "properties": {"name": "Staten Island Rwy Line", "line": "STATEN ISLAND RWY LINE", "color": "#0039A6", "weight": 4, "category": "subway_route"}, "geometry": {"type": "LineString", "coordinates": [[-74.1065946787635, 40.581234572628], [-74.1073982588665, 40.5806526974059]]}}, {"type": "Feature", "properties": {"name": "Staten Island Rwy Line", "line": "STATEN ISLAND RWY LINE", "color": "#0039A6", "weight": 4, "category": "subway_route"}, "geometry": {"type": "LineString", "coordinates": [[-74.0963451047094, 40.5886856926246], [-74.0970127687597, 40.5881980283889]]}}, {"type": "Feature", "properties": {"name": "Staten Island Rwy Line", "line": "STATEN ISLAND RWY LINE", "color": "#0039A6", "weight": 4, "category": "subway_route"}, "geometry": {"type": "LineString", "coordinates": [[-74.0956804688928, 40.5891577710279], [-74.0963451047094, 40.5886856926246]]}}, {"type": "Feature", "properties": {"name": "Staten Island Rwy Line", "line": "STATEN ISLAND RWY LINE", "color": "#0039A6", "weight": 4, "category": "subway_route"}, "geometry": {"type": "LineString", "coordinates": [[-74.0950122910351, 40.5896467966022], [-74.0956804688928, 40.5891577710279]]}}, {"type": "Feature", "properties": {"name": "Staten Island Rwy Line", "line": "STATEN ISLAND RWY LINE", "color": "#0039A6", "weight": 4, "category": "subway_route"}, "geometry": {"type": "LineString", "coordinates": [[-74.1019765504739, 40.5845933259717], [-74.102634540601, 40.58411515676]]}}, {"type": "Feature", "properties": {"name": "Staten Island Rwy Line", "line": "STATEN ISLAND RWY LINE", "color": "#0039A6", "weight": 4, "category": "subway_route"}, "geometry": {"type": "LineString", "coordinates": [[-74.0979319997335, 40.5875242689662], [-74.098493726785, 40.5871131767413]]}}, {"type": "Feature", "properties": {"name": "Staten Island Rwy Line", "line": "STATEN ISLAND RWY LINE", "color": "#0039A6", "weight": 4, "category": "subway_route"}, "geometry": {"type": "LineString", "coordinates": [[-74.0970127687597, 40.5881980283889], [-74.0979319997335, 40.5875242689662]]}}, {"type": "Feature", "properties": {"name": "Staten Island Rwy Line", "line": "STATEN ISLAND RWY LINE", "color": "#0039A6", "weight": 4, "category": "subway_route"}, "geometry": {"type": "LineString", "coordinates": [[-74.102634540601, 40.58411515676], [-74.1032939755261, 40.5836257606521]]}}, {"type": "Feature", "properties": {"name": "Staten Island Rwy Line", "line": "STATEN ISLAND RWY LINE", "color": "#0039A6", "weight": 4, "category": "subway_route"}, "geometry": {"type": "LineString", "coordinates": [[-74.0926973951692, 40.5913233108449], [-74.0933642384002, 40.5908445837147]]}}, {"type": "Feature", "properties": {"name": "Staten Island Rwy Line", "line": "STATEN ISLAND RWY LINE", "color": "#0039A6", "weight": 4, "category": "subway_route"}, "geometry": {"type": "LineString", "coordinates": [[-74.0906362887816, 40.5928377536931], [-74.0913415276423, 40.5923049946179]]}}, {"type": "Feature", "properties": {"name": "Staten Island Rwy Line", "line": "STATEN ISLAND RWY LINE", "color": "#0039A6", "weight": 4, "category": "subway_route"}, "geometry": {"type": "LineString", "coordinates": [[-74.0913415276423, 40.5923049946179], [-74.0920092223984, 40.5918213131842]]}}, {"type": "Feature", "properties": {"name": "Staten Island Rwy Line", "line": "STATEN ISLAND RWY LINE", "color": "#0039A6", "weight": 4, "category": "subway_route"}, "geometry": {"type": "LineString", "coordinates": [[-74.0877344740347, 40.5960205371288], [-74.0882423009866, 40.5952887703704]]}}, {"type": "Feature", "properties": {"name": "Staten Island Rwy Line", "line": "STATEN ISLAND RWY LINE", "color": "#0039A6", "weight": 4, "category": "subway_route"}, "geometry": {"type": "LineString", "coordinates": [[-74.0875235530721, 40.5963736041691], [-74.0877344740347, 40.5960205371288]]}}, {"type": "Feature", "properties": {"name": "Staten Island Rwy Line", "line": "STATEN ISLAND RWY LINE", "color": "#0039A6", "weight": 4, "category": "subway_route"}, "geometry": {"type": "LineString", "coordinates": [[-74.0920092223984, 40.5918213131842], [-74.0926973951692, 40.5913233108449]]}}, {"type": "Feature", "properties": {"name": "Staten Island Rwy Line", "line": "STATEN ISLAND RWY LINE", "color": "#0039A6", "weight": 4, "category": "subway_route"}, "geometry": {"type": "LineString", "coordinates": [[-74.0843774238618, 40.6027549372665], [-74.0847574267382, 40.6022702035498]]}}, {"type": "Feature", "properties": {"name": "Staten Island Rwy Line", "line": "STATEN ISLAND RWY LINE", "color": "#0039A6", "weight": 4, "category": "subway_route"}, "geometry": {"type": "LineString", "coordinates": [[-74.1243958107398, 40.5669271565449], [-74.1247162981327, 40.5665864816597], [-74.124912594138, 40.5663888979098]]}}, {"type": "Feature", "properties": {"name": "Staten Island Rwy Line", "line": "STATEN ISLAND RWY LINE", "color": "#0039A6", "weight": 4, "category": "subway_route"}, "geometry": {"type": "LineString", "coordinates": [[-74.0847574267382, 40.6022702035498], [-74.0851855365268, 40.6016452662276]]}}, {"type": "Feature", "properties": {"name": "Staten Island Rwy Line", "line": "STATEN ISLAND RWY LINE", "color": "#0039A6", "weight": 4, "category": "subway_route"}, "geometry": {"type": "LineString", "coordinates": [[-74.0851855365268, 40.6016452662276], [-74.0854867256301, 40.6011101142189]]}}, {"type": "Feature", "properties": {"name": "Staten Island Rwy Line", "line": "STATEN ISLAND RWY LINE", "color": "#0039A6", "weight": 4, "category": "subway_route"}, "geometry": {"type": "LineString", "coordinates": [[-74.0854867256301, 40.6011101142189], [-74.0859508971441, 40.6000529863441]]}}, {"type": "Feature", "properties": {"name": "Staten Island Rwy Line", "line": "STATEN ISLAND RWY LINE", "color": "#0039A6", "weight": 4, "category": "subway_route"}, "geometry": {"type": "LineString", "coordinates": [[-74.0859508971441, 40.6000529863441], [-74.0862870320045, 40.5991491679129]]}}, {"type": "Feature", "properties": {"name": "Staten Island Rwy Line", "line": "STATEN ISLAND RWY LINE", "color": "#0039A6", "weight": 4, "category": "subway_route"}, "geometry": {"type": "LineString", "coordinates": [[-74.0838640481086, 40.6034097948243], [-74.0843774238618, 40.6027549372665]]}}, {"type": "Feature", "properties": {"name": "Staten Island Rwy Line", "line": "STATEN ISLAND RWY LINE", "color": "#0039A6", "weight": 4, "category": "subway_route"}, "geometry": {"type": "LineString", "coordinates": [[-74.0835532895158, 40.60380687235], [-74.0838640481086, 40.6034097948243]]}}, {"type": "Feature", "properties": {"name": "Staten Island Rwy Line", "line": "STATEN ISLAND RWY LINE", "color": "#0039A6", "weight": 4, "category": "subway_route"}, "geometry": {"type": "LineString", "coordinates": [[-74.0814842107893, 40.6063902453193], [-74.0815560200674, 40.6062985127247]]}}, {"type": "Feature", "properties": {"name": "Staten Island Rwy Line", "line": "STATEN ISLAND RWY LINE", "color": "#0039A6", "weight": 4, "category": "subway_route"}, "geometry": {"type": "LineString", "coordinates": [[-74.0817635746026, 40.6060394380785], [-74.0826873496758, 40.6048874049198]]}}, {"type": "Feature", "properties": {"name": "Staten Island Rwy Line", "line": "STATEN ISLAND RWY LINE", "color": "#0039A6", "weight": 4, "category": "subway_route"}, "geometry": {"type": "LineString", "coordinates": [[-74.0816461061766, 40.6061860635157], [-74.0817635746026, 40.6060394380785]]}}, {"type": "Feature", "properties": {"name": "Staten Island Rwy Line", "line": "STATEN ISLAND RWY LINE", "color": "#0039A6", "weight": 4, "category": "subway_route"}, "geometry": {"type": "LineString", "coordinates": [[-74.0753836704696, 40.6158180988868], [-74.0761804852971, 40.6144702559279]]}}, {"type": "Feature", "properties": {"name": "Staten Island Rwy Line", "line": "STATEN ISLAND RWY LINE", "color": "#0039A6", "weight": 4, "category": "subway_route"}, "geometry": {"type": "LineString", "coordinates": [[-74.0801113466136, 40.6081434554818], [-74.0806962996456, 40.6073964774088]]}}, {"type": "Feature", "properties": {"name": "Staten Island Rwy Line", "line": "STATEN ISLAND RWY LINE", "color": "#0039A6", "weight": 4, "category": "subway_route"}, "geometry": {"type": "LineString", "coordinates": [[-74.0793955580204, 40.6090925803135], [-74.0796224449069, 40.6087711531583], [-74.0798611276734, 40.6084546524199], [-74.0801113466136, 40.6081434554818]]}}, {"type": "Feature", "properties": {"name": "Staten Island Rwy Line", "line": "STATEN ISLAND RWY LINE", "color": "#0039A6", "weight": 4, "category": "subway_route"}, "geometry": {"type": "LineString", "coordinates": [[-74.0775581273489, 40.6121458115958], [-74.0778445663361, 40.6116635055773]]}}, {"type": "Feature", "properties": {"name": "Staten Island Rwy Line", "line": "STATEN ISLAND RWY LINE", "color": "#0039A6", "weight": 4, "category": "subway_route"}, "geometry": {"type": "LineString", "coordinates": [[-74.0815560200674, 40.6062985127247], [-74.0816461061766, 40.6061860635157]]}}, {"type": "Feature", "properties": {"name": "Staten Island Rwy Line", "line": "STATEN ISLAND RWY LINE", "color": "#0039A6", "weight": 4, "category": "subway_route"}, "geometry": {"type": "LineString", "coordinates": [[-74.0806962996456, 40.6073964774088], [-74.0812986759359, 40.606627232416]]}}, {"type": "Feature", "properties": {"name": "Staten Island Rwy Line", "line": "STATEN ISLAND RWY LINE", "color": "#0039A6", "weight": 4, "category": "subway_route"}, "geometry": {"type": "LineString", "coordinates": [[-74.0826873496758, 40.6048874049198], [-74.0835532895158, 40.60380687235]]}}, {"type": "Feature", "properties": {"name": "Staten Island Rwy Line", "line": "STATEN ISLAND RWY LINE", "color": "#0039A6", "weight": 4, "category": "subway_route"}, "geometry": {"type": "LineString", "coordinates": [[-74.0812986759359, 40.606627232416], [-74.0813687749873, 40.6065377157183]]}}, {"type": "Feature", "properties": {"name": "Staten Island Rwy Line", "line": "STATEN ISLAND RWY LINE", "color": "#0039A6", "weight": 4, "category": "subway_route"}, "geometry": {"type": "LineString", "coordinates": [[-74.0813687749873, 40.6065377157183], [-74.0814842107893, 40.6063902453193]]}}, {"type": "Feature", "properties": {"name": "Staten Island Rwy Line", "line": "STATEN ISLAND RWY LINE", "color": "#0039A6", "weight": 4, "category": "subway_route"}, "geometry": {"type": "LineString", "coordinates": [[-74.0715918579993, 40.6216691638469], [-74.0714788749398, 40.6214927413274], [-74.0713799034972, 40.6213109157328], [-74.0713091664878, 40.6211546865301]]}}, {"type": "Feature", "properties": {"name": "Staten Island Rwy Line", "line": "STATEN ISLAND RWY LINE", "color": "#0039A6", "weight": 4, "category": "subway_route"}, "geometry": {"type": "LineString", "coordinates": [[-74.0745480856736, 40.6169511481148], [-74.0750270159217, 40.6163869575217]]}}, {"type": "Feature", "properties": {"name": "Staten Island Rwy Line", "line": "STATEN ISLAND RWY LINE", "color": "#0039A6", "weight": 4, "category": "subway_route"}, "geometry": {"type": "LineString", "coordinates": [[-74.0750270159217, 40.6163869575217], [-74.0752782221206, 40.6159862888369]]}}, {"type": "Feature", "properties": {"name": "Staten Island Rwy Line", "line": "STATEN ISLAND RWY LINE", "color": "#0039A6", "weight": 4, "category": "subway_route"}, "geometry": {"type": "LineString", "coordinates": [[-74.0732709733626, 40.6179391251378], [-74.0735136023341, 40.6177996055928], [-74.073745912614, 40.6176489910163], [-74.0739666170696, 40.6174879899408], [-74.0741745502711, 40.6173173960989], [-74.0743686661093, 40.6171381205888], [-74.0745480856736, 40.6169511481148]]}}, {"type": "Feature", "properties": {"name": "Staten Island Rwy Line", "line": "STATEN ISLAND RWY LINE", "color": "#0039A6", "weight": 4, "category": "subway_route"}, "geometry": {"type": "LineString", "coordinates": [[-74.075079022626, 40.6272362800801], [-74.0749969140215, 40.6267342398963]]}}, {"type": "Feature", "properties": {"name": "Staten Island Rwy Line", "line": "STATEN ISLAND RWY LINE", "color": "#0039A6", "weight": 4, "category": "subway_route"}, "geometry": {"type": "LineString", "coordinates": [[-74.0752734621208, 40.6307500999763], [-74.0753107778893, 40.6304988124689], [-74.0753339081825, 40.6302463002216], [-74.0753427703958, 40.6299932664152], [-74.0753373670129, 40.6297404039502]]}}, {"type": "Feature", "properties": {"name": "Staten Island Rwy Line", "line": "STATEN ISLAND RWY LINE", "color": "#0039A6", "weight": 4, "category": "subway_route"}, "geometry": {"type": "LineString", "coordinates": [[-74.0753373670129, 40.6297404039502], [-74.0753047242481, 40.6291984203177]]}}, {"type": "Feature", "properties": {"name": "Staten Island Rwy Line", "line": "STATEN ISLAND RWY LINE", "color": "#0039A6", "weight": 4, "category": "subway_route"}, "geometry": {"type": "LineString", "coordinates": [[-74.0753047242481, 40.6291984203177], [-74.0752541912644, 40.6286702716555]]}}, {"type": "Feature", "properties": {"name": "Staten Island Rwy Line", "line": "STATEN ISLAND RWY LINE", "color": "#0039A6", "weight": 4, "category": "subway_route"}, "geometry": {"type": "LineString", "coordinates": [[-74.0749969140215, 40.6267342398963], [-74.0749678788994, 40.6265593328244], [-74.0749186945368, 40.6263863661253], [-74.074849800683, 40.6262173560311], [-74.074762121107, 40.6260542028551]]}}, {"type": "Feature", "properties": {"name": "Staten Island Rwy Line", "line": "STATEN ISLAND RWY LINE", "color": "#0039A6", "weight": 4, "category": "subway_route"}, "geometry": {"type": "LineString", "coordinates": [[-74.0743746358677, 40.6342019539606], [-74.0743361196796, 40.6339537235355], [-74.0743187701987, 40.6337019311547], [-74.0743231921518, 40.6334481708065], [-74.074349706401, 40.6331940723344], [-74.074398360739, 40.6329413099735], [-74.0744688970967, 40.6326915680286], [-74.0745607976513, 40.6324464679701], [-74.0746732476837, 40.632207577507], [-74.0748051610131, 40.6319763370276], [-74.0749552756726, 40.6317540721047]]}}, {"type": "Feature", "properties": {"name": "Staten Island Rwy Line", "line": "STATEN ISLAND RWY LINE", "color": "#0039A6", "weight": 4, "category": "subway_route"}, "geometry": {"type": "LineString", "coordinates": [[-74.0751497736606, 40.6277753037134], [-74.075079022626, 40.6272362800801]]}}, {"type": "Feature", "properties": {"name": "Staten Island Rwy Line", "line": "STATEN ISLAND RWY LINE", "color": "#0039A6", "weight": 4, "category": "subway_route"}, "geometry": {"type": "LineString", "coordinates": [[-74.0752541912644, 40.6286702716555], [-74.0751497736606, 40.6277753037134]]}}, {"type": "Feature", "properties": {"name": "Staten Island Rwy Line", "line": "STATEN ISLAND RWY LINE", "color": "#0039A6", "weight": 4, "category": "subway_route"}, "geometry": {"type": "LineString", "coordinates": [[-74.0753459503039, 40.6392167006699], [-74.0753497888935, 40.638982312979], [-74.0753348019647, 40.6387473112278], [-74.0753009280759, 40.6385130026748], [-74.075248288124, 40.6382807210868], [-74.075177245505, 40.6380517472916], [-74.0750764967362, 40.6377936252842]]}}, {"type": "Feature", "properties": {"name": "Staten Island Rwy Line", "line": "STATEN ISLAND RWY LINE", "color": "#0039A6", "weight": 4, "category": "subway_route"}, "geometry": {"type": "LineString", "coordinates": [[-74.0746551675743, 40.6422074234146], [-74.0746711814289, 40.642082527896]]}}, {"type": "Feature", "properties": {"name": "Staten Island Rwy Line", "line": "STATEN ISLAND RWY LINE", "color": "#0039A6", "weight": 4, "category": "subway_route"}, "geometry": {"type": "LineString", "coordinates": [[-74.0746711814289, 40.642082527896], [-74.0750025993132, 40.6406558903854]]}}, {"type": "Feature", "properties": {"name": "Staten Island Rwy Line", "line": "STATEN ISLAND RWY LINE", "color": "#0039A6", "weight": 4, "category": "subway_route"}, "geometry": {"type": "LineString", "coordinates": [[-74.0713091664878, 40.6211546865301], [-74.0712955707817, 40.6211246592149], [-74.0712263381789, 40.6209350073508], [-74.0711670040296, 40.6207070051378]]}}, {"type": "Feature", "properties": {"name": "Staten Island Rwy Line", "line": "STATEN ISLAND RWY LINE", "color": "#0039A6", "weight": 4, "category": "subway_route"}, "geometry": {"type": "LineString", "coordinates": [[-74.0752782221206, 40.6159862888369], [-74.0753836704696, 40.6158180988868]]}}, {"type": "Feature", "properties": {"name": "Staten Island Rwy Line", "line": "STATEN ISLAND RWY LINE", "color": "#0039A6", "weight": 4, "category": "subway_route"}, "geometry": {"type": "LineString", "coordinates": [[-74.1032939755261, 40.5836257606521], [-74.103979220218, 40.5831293584268]]}}, {"type": "Feature", "properties": {"name": "Staten Island Rwy Line", "line": "STATEN ISLAND RWY LINE", "color": "#0039A6", "weight": 4, "category": "subway_route"}, "geometry": {"type": "LineString", "coordinates": [[-74.103979220218, 40.5831293584268], [-74.1044801224608, 40.5827664899883]]}}, {"type": "Feature", "properties": {"name": "Staten Island Rwy Line", "line": "STATEN ISLAND RWY LINE", "color": "#0039A6", "weight": 4, "category": "subway_route"}, "geometry": {"type": "LineString", "coordinates": [[-74.1200539182643, 40.5713510619408], [-74.1204976971263, 40.5709537673148]]}}, {"type": "Feature", "properties": {"name": "Fulton St Line", "line": "FULTON ST LINE", "color": "#0039A6", "weight": 4, "category": "subway_route"}, "geometry": {"type": "LineString", "coordinates": [[-73.8319064980887, 40.6844495227343], [-73.8311225132526, 40.6847582152007]]}}, {"type": "Feature", "properties": {"name": "Broadway/7Th Ave Line", "line": "BROADWAY/7TH AVE LINE", "color": "#EE352E", "weight": 4, "category": "subway_route"}, "geometry": {"type": "LineString", "coordinates": [[-73.9047886844688, 40.8789319133578], [-73.9044287127768, 40.8794408945768]]}}, {"type": "Feature", "properties": {"name": "West End Line", "line": "WEST END LINE", "color": "#FF6319", "weight": 4, "category": "subway_route"}, "geometry": {"type": "LineString", "coordinates": [[-73.9967029163765, 40.6271802067126], [-73.9967897687653, 40.626834274448]]}}, {"type": "Feature", "properties": {"name": "Staten Island Rwy Line", "line": "STATEN ISLAND RWY LINE", "color": "#0039A6", "weight": 4, "category": "subway_route"}, "geometry": {"type": "LineString", "coordinates": [[-74.1302042451467, 40.5618908120488], [-74.1304376216173, 40.5616965216036]]}}, {"type": "Feature", "properties": {"name": "Staten Island Rwy Line", "line": "STATEN ISLAND RWY LINE", "color": "#0039A6", "weight": 4, "category": "subway_route"}, "geometry": {"type": "LineString", "coordinates": [[-74.1375131349334, 40.5559397855447], [-74.1375492444459, 40.5559147820001]]}}, {"type": "Feature", "properties": {"name": "Staten Island Rwy Line", "line": "STATEN ISLAND RWY LINE", "color": "#0039A6", "weight": 4, "category": "subway_route"}, "geometry": {"type": "LineString", "coordinates": [[-74.1374674356865, 40.5559714285483], [-74.1375131349334, 40.5559397855447]]}}, {"type": "Feature", "properties": {"name": "Staten Island Rwy Line", "line": "STATEN ISLAND RWY LINE", "color": "#0039A6", "weight": 4, "category": "subway_route"}, "geometry": {"type": "LineString", "coordinates": [[-74.1442163077766, 40.5529121710213], [-74.1446402334195, 40.5528165048913]]}}, {"type": "Feature", "properties": {"name": "Staten Island Rwy Line", "line": "STATEN ISLAND RWY LINE", "color": "#0039A6", "weight": 4, "category": "subway_route"}, "geometry": {"type": "LineString", "coordinates": [[-74.1521173811289, 40.5509078647977], [-74.1524571740258, 40.5507476110163]]}}, {"type": "Feature", "properties": {"name": "Staten Island Rwy Line", "line": "STATEN ISLAND RWY LINE", "color": "#0039A6", "weight": 4, "category": "subway_route"}, "geometry": {"type": "LineString", "coordinates": [[-74.1953037133509, 40.5923311077806], [-74.195768596037, 40.5918436969914]]}}, {"type": "Feature", "properties": {"name": "Staten Island Rwy Line", "line": "STATEN ISLAND RWY LINE", "color": "#0039A6", "weight": 4, "category": "subway_route"}, "geometry": {"type": "LineString", "coordinates": [[-74.1828118762249, 40.6334716246045], [-74.1849917366431, 40.6339771744942]]}}, {"type": "Feature", "properties": {"name": "Staten Island Rwy Line", "line": "STATEN ISLAND RWY LINE", "color": "#0039A6", "weight": 4, "category": "subway_route"}, "geometry": {"type": "LineString", "coordinates": [[-74.1694793469732, 40.6334902413164], [-74.1711090855606, 40.6334156983073]]}}, {"type": "Feature", "properties": {"name": "Staten Island Rwy Line", "line": "STATEN ISLAND RWY LINE", "color": "#0039A6", "weight": 4, "category": "subway_route"}, "geometry": {"type": "LineString", "coordinates": [[-74.1675934474181, 40.6335447878276], [-74.1694793469732, 40.6334902413164]]}}, {"type": "Feature", "properties": {"name": "Staten Island Rwy Line", "line": "STATEN ISLAND RWY LINE", "color": "#0039A6", "weight": 4, "category": "subway_route"}, "geometry": {"type": "LineString", "coordinates": [[-74.1636723079719, 40.6336689994135], [-74.1651857062005, 40.6336279957616]]}}, {"type": "Feature", "properties": {"name": "Staten Island Rwy Line", "line": "STATEN ISLAND RWY LINE", "color": "#0039A6", "weight": 4, "category": "subway_route"}, "geometry": {"type": "LineString", "coordinates": [[-74.158116406953, 40.6338371116003], [-74.1593227114223, 40.6338036308367]]}}, {"type": "Feature", "properties": {"name": "Staten Island Rwy Line", "line": "STATEN ISLAND RWY LINE", "color": "#0039A6", "weight": 4, "category": "subway_route"}, "geometry": {"type": "LineString", "coordinates": [[-74.1496208321367, 40.6341245636747], [-74.1508669739983, 40.6341065083176]]}}, {"type": "Feature", "properties": {"name": "Staten Island Rwy Line", "line": "STATEN ISLAND RWY LINE", "color": "#0039A6", "weight": 4, "category": "subway_route"}, "geometry": {"type": "LineString", "coordinates": [[-74.1470046050655, 40.6345595590537], [-74.1480462363678, 40.6342880725059]]}}, {"type": "Feature", "properties": {"name": "Staten Island Rwy Line", "line": "STATEN ISLAND RWY LINE", "color": "#0039A6", "weight": 4, "category": "subway_route"}, "geometry": {"type": "LineString", "coordinates": [[-74.1466645900315, 40.6346781719355], [-74.1470046050655, 40.6345595590537]]}}, {"type": "Feature", "properties": {"name": "Staten Island Rwy Line", "line": "STATEN ISLAND RWY LINE", "color": "#0039A6", "weight": 4, "category": "subway_route"}, "geometry": {"type": "LineString", "coordinates": [[-74.1456894818895, 40.6350529219123], [-74.1466645900315, 40.6346781719355]]}}, {"type": "Feature", "properties": {"name": "Staten Island Rwy Line", "line": "STATEN ISLAND RWY LINE", "color": "#0039A6", "weight": 4, "category": "subway_route"}, "geometry": {"type": "LineString", "coordinates": [[-74.1294935586373, 40.6391906830104], [-74.131105155193, 40.639102348215]]}}, {"type": "Feature", "properties": {"name": "Staten Island Rwy Line", "line": "STATEN ISLAND RWY LINE", "color": "#0039A6", "weight": 4, "category": "subway_route"}, "geometry": {"type": "LineString", "coordinates": [[-74.0759113785729, 40.643777627974], [-74.0749506640761, 40.6430732882948]]}}, {"type": "Feature", "properties": {"name": "Staten Island Rwy Line", "line": "STATEN ISLAND RWY LINE", "color": "#0039A6", "weight": 4, "category": "subway_route"}, "geometry": {"type": "LineString", "coordinates": [[-74.1934466763531, 40.6205410869312], [-74.1935233231089, 40.6204739722016], [-74.1937813639602, 40.6202294333487], [-74.1940266333099, 40.6199775257492], [-74.1942586211213, 40.6197188422269]]}}, {"type": "Feature", "properties": {"name": "Staten Island Rwy Line", "line": "STATEN ISLAND RWY LINE", "color": "#0039A6", "weight": 4, "category": "subway_route"}, "geometry": {"type": "LineString", "coordinates": [[-74.179625926764, 40.6332017482069], [-74.181223819348, 40.6332690491162]]}}, {"type": "Feature", "properties": {"name": "Staten Island Rwy Line", "line": "STATEN ISLAND RWY LINE", "color": "#0039A6", "weight": 4, "category": "subway_route"}, "geometry": {"type": "LineString", "coordinates": [[-74.1910632343353, 40.6061902223102], [-74.1908424819924, 40.60557770144], [-74.1906317114768, 40.6049631193643], [-74.1904309585516, 40.6043466201533]]}}, {"type": "Feature", "properties": {"name": "Staten Island Rwy Line", "line": "STATEN ISLAND RWY LINE", "color": "#0039A6", "weight": 4, "category": "subway_route"}, "geometry": {"type": "LineString", "coordinates": [[-74.1882879931432, 40.6250685243829], [-74.1907601468619, 40.622918710364]]}}, {"type": "Feature", "properties": {"name": "Staten Island Rwy Line", "line": "STATEN ISLAND RWY LINE", "color": "#0039A6", "weight": 4, "category": "subway_route"}, "geometry": {"type": "LineString", "coordinates": [[-74.1836892638237, 40.6287461417375], [-74.1838080784624, 40.6286555124638]]}}, {"type": "Feature", "properties": {"name": "Staten Island Rwy Line", "line": "STATEN ISLAND RWY LINE", "color": "#0039A6", "weight": 4, "category": "subway_route"}, "geometry": {"type": "LineString", "coordinates": [[-74.1651857062005, 40.6336279957616], [-74.1662807337088, 40.6335406963639]]}}, {"type": "Feature", "properties": {"name": "Staten Island Rwy Line", "line": "STATEN ISLAND RWY LINE", "color": "#0039A6", "weight": 4, "category": "subway_route"}, "geometry": {"type": "LineString", "coordinates": [[-74.1603112041263, 40.6337726307407], [-74.1616240596408, 40.6337306463457]]}}, {"type": "Feature", "properties": {"name": "Staten Island Rwy Line", "line": "STATEN ISLAND RWY LINE", "color": "#0039A6", "weight": 4, "category": "subway_route"}, "geometry": {"type": "LineString", "coordinates": [[-74.1343146460498, 40.6388832583455], [-74.1353247561551, 40.6388248549423]]}}, {"type": "Feature", "properties": {"name": "Staten Island Rwy Line", "line": "STATEN ISLAND RWY LINE", "color": "#0039A6", "weight": 4, "category": "subway_route"}, "geometry": {"type": "LineString", "coordinates": [[-74.1925288745937, 40.5955871621708], [-74.1926764663504, 40.5953297407047], [-74.1928438968005, 40.5950786625985], [-74.1930304192962, 40.5948352551849], [-74.1932350731399, 40.5946007600412], [-74.1934567270552, 40.5943763159994]]}}, {"type": "Feature", "properties": {"name": "Staten Island Rwy Line", "line": "STATEN ISLAND RWY LINE", "color": "#0039A6", "weight": 4, "category": "subway_route"}, "geometry": {"type": "LineString", "coordinates": [[-74.1238107412386, 40.6399083844499], [-74.1241383008717, 40.6397925125921], [-74.1244738143306, 40.6396888782033], [-74.1248160776747, 40.6395979417172], [-74.1251638491968, 40.639520065115], [-74.1255158298258, 40.6394555017282], [-74.1258707078169, 40.6394044231638]]}}, {"type": "Feature", "properties": {"name": "Staten Island Rwy Line", "line": "STATEN ISLAND RWY LINE", "color": "#0039A6", "weight": 4, "category": "subway_route"}, "geometry": {"type": "LineString", "coordinates": [[-74.1783697943114, 40.631231039647], [-74.1821325908979, 40.6297775882848]]}}, {"type": "Feature", "properties": {"name": "Staten Island Rwy Line", "line": "STATEN ISLAND RWY LINE", "color": "#0039A6", "weight": 4, "category": "subway_route"}, "geometry": {"type": "LineString", "coordinates": [[-74.1448421532178, 40.6354820019916], [-74.1449234960397, 40.6354405837153]]}}, {"type": "Feature", "properties": {"name": "Staten Island Rwy Line", "line": "STATEN ISLAND RWY LINE", "color": "#0039A6", "weight": 4, "category": "subway_route"}, "geometry": {"type": "LineString", "coordinates": [[-74.1835960518185, 40.6288107388795], [-74.1836892638237, 40.6287461417375]]}}, {"type": "Feature", "properties": {"name": "Staten Island Rwy Line", "line": "STATEN ISLAND RWY LINE", "color": "#0039A6", "weight": 4, "category": "subway_route"}, "geometry": {"type": "LineString", "coordinates": [[-74.1933803542729, 40.6206028983593], [-74.1934466763531, 40.6205410869312]]}}, {"type": "Feature", "properties": {"name": "Staten Island Rwy Line", "line": "STATEN ISLAND RWY LINE", "color": "#0039A6", "weight": 4, "category": "subway_route"}, "geometry": {"type": "LineString", "coordinates": [[-74.1258707078169, 40.6394044231638], [-74.127028695531, 40.6393272991572]]}}, {"type": "Feature", "properties": {"name": "Staten Island Rwy Line", "line": "STATEN ISLAND RWY LINE", "color": "#0039A6", "weight": 4, "category": "subway_route"}, "geometry": {"type": "LineString", "coordinates": [[-74.1969901521621, 40.5905855851265], [-74.1981811955786, 40.5892816560932]]}}, {"type": "Feature", "properties": {"name": "Staten Island Rwy Line", "line": "STATEN ISLAND RWY LINE", "color": "#0039A6", "weight": 4, "category": "subway_route"}, "geometry": {"type": "LineString", "coordinates": [[-74.181223819348, 40.6332690491162], [-74.1828118762249, 40.6334716246045]]}}, {"type": "Feature", "properties": {"name": "Broadway/7Th Ave Line", "line": "BROADWAY/7TH AVE LINE", "color": "#EE352E", "weight": 4, "category": "subway_route"}, "geometry": {"type": "LineString", "coordinates": [[-73.9611123598173, 40.8118385585652], [-73.9606534933344, 40.8124642577294]]}}, {"type": "Feature", "properties": {"name": "Flushing Line", "line": "FLUSHING LINE", "color": "#B933AD", "weight": 4, "category": "subway_route"}, "geometry": {"type": "LineString", "coordinates": [[-73.9010974335043, 40.7458383631843], [-73.9000558054451, 40.7459487038895]]}}, {"type": "Feature", "properties": {"name": "Broadway/7Th Ave Line", "line": "BROADWAY/7TH AVE LINE", "color": "#EE352E", "weight": 4, "category": "subway_route"}, "geometry": {"type": "LineString", "coordinates": [[-73.9425965179395, 40.8371854778519], [-73.9421427566772, 40.8378111216684]]}}, {"type": "Feature", "properties": {"name": "Flushing Line", "line": "FLUSHING LINE", "color": "#B933AD", "weight": 4, "category": "subway_route"}, "geometry": {"type": "LineString", "coordinates": [[-73.9105459452363, 40.7447642917258], [-73.909588385191, 40.7449487781025]]}}, {"type": "Feature", "properties": {"name": "4Th Ave Line", "line": "4TH AVE LINE", "color": "#FCCC0A", "weight": 4, "category": "subway_route"}, "geometry": {"type": "LineString", "coordinates": [[-73.9922359166121, 40.6661458557946], [-73.9927721002977, 40.6655155117465]]}}, {"type": "Feature", "properties": {"name": "Pelham Line", "line": "PELHAM LINE", "color": "#00933C", "weight": 4, "category": "subway_route"}, "geometry": {"type": "LineString", "coordinates": [[-73.9228875778647, 40.809114125354], [-73.9200468448718, 40.8079150587432]]}}, {"type": "Feature", "properties": {"name": "4Th Ave Line", "line": "4TH AVE LINE", "color": "#FCCC0A", "weight": 4, "category": "subway_route"}, "geometry": {"type": "LineString", "coordinates": [[-74.0268585044991, 40.6264659684117], [-74.027140070231, 40.6257701224558]]}}, {"type": "Feature", "properties": {"name": "4Th Ave Line", "line": "4TH AVE LINE", "color": "#FCCC0A", "weight": 4, "category": "subway_route"}, "geometry": {"type": "LineString", "coordinates": [[-74.0238846432983, 40.6337326102394], [-74.0242390481679, 40.6328671546774]]}}, {"type": "Feature", "properties": {"name": "New Lots Line", "line": "NEW LOTS LINE", "color": "#EE352E", "weight": 4, "category": "subway_route"}, "geometry": {"type": "LineString", "coordinates": [[-73.8884991978395, 40.6655997626496], [-73.8875946093235, 40.6657260085358]]}}, {"type": "Feature", "properties": {"name": "Jamaica Line", "line": "JAMAICA LINE", "color": "#996633", "weight": 4, "category": "subway_route"}, "geometry": {"type": "LineString", "coordinates": [[-73.8685542033852, 40.6911074840453], [-73.8680601079674, 40.6911921977565]]}}, {"type": "Feature", "properties": {"name": "Brighton Line", "line": "BRIGHTON LINE", "color": "#FF6319", "weight": 4, "category": "subway_route"}, "geometry": {"type": "LineString", "coordinates": [[-73.9658321146157, 40.5766718342634], [-73.9650961275902, 40.5768352203782]]}}, {"type": "Feature", "properties": {"name": "Jerome Ave Line", "line": "JEROME AVE LINE", "color": "#00933C", "weight": 4, "category": "subway_route"}, "geometry": {"type": "LineString", "coordinates": [[-73.8799592575425, 40.8843989061729], [-73.8793641024652, 40.8852265178667]]}}, {"type": "Feature", "properties": {"name": "West End Line", "line": "WEST END LINE", "color": "#FF6319", "weight": 4, "category": "subway_route"}, "geometry": {"type": "LineString", "coordinates": [[-73.9943325347201, 40.6406085137937], [-73.9943339599221, 40.6399751971179]]}}, {"type": "Feature", "properties": {"name": "Crosstown Line", "line": "CROSSTOWN LINE", "color": "#6CBE45", "weight": 4, "category": "subway_route"}, "geometry": {"type": "LineString", "coordinates": [[-73.9736494673869, 40.6873108464261], [-73.9726887490155, 40.687423429803]]}}, {"type": "Feature", "properties": {"name": "Fulton St Line", "line": "FULTON ST LINE", "color": "#0039A6", "weight": 4, "category": "subway_route"}, "geometry": {"type": "LineString", "coordinates": [[-73.9712405092364, 40.6850357222823], [-73.970165918316, 40.6845993180732]]}}, {"type": "Feature", "properties": {"name": "Concourse Line", "line": "CONCOURSE LINE", "color": "#FF6319", "weight": 4, "category": "subway_route"}, "geometry": {"type": "LineString", "coordinates": [[-73.9195007509269, 40.8324877581341], [-73.9190326466547, 40.8330956156096]]}}, {"type": "Feature", "properties": {"name": "White Plains Rd Line", "line": "WHITE PLAINS RD LINE", "color": "#EE352E", "weight": 4, "category": "subway_route"}, "geometry": {"type": "LineString", "coordinates": [[-73.9274024199945, 40.8185911201043], [-73.9273178127878, 40.8185678970042]]}}, {"type": "Feature", "properties": {"name": "4Th Ave Line", "line": "4TH AVE LINE", "color": "#FCCC0A", "weight": 4, "category": "subway_route"}, "geometry": {"type": "LineString", "coordinates": [[-74.0196043071098, 40.6397172597037], [-74.0201975072272, 40.6391469490275]]}}, {"type": "Feature", "properties": {"name": "Broadway/7Th Ave Line", "line": "BROADWAY/7TH AVE LINE", "color": "#EE352E", "weight": 4, "category": "subway_route"}, "geometry": {"type": "LineString", "coordinates": [[-73.9181087378444, 40.8656011867133], [-73.918030676877, 40.8657067138876]]}}, {"type": "Feature", "properties": {"name": "Jamaica Line", "line": "JAMAICA LINE", "color": "#996633", "weight": 4, "category": "subway_route"}, "geometry": {"type": "LineString", "coordinates": [[-73.9311464404064, 40.6946822134856], [-73.9305127419882, 40.6943247611187]]}}, {"type": "Feature", "properties": {"name": "6Th Ave Line", "line": "6TH AVE LINE", "color": "#FF6319", "weight": 4, "category": "subway_route"}, "geometry": {"type": "LineString", "coordinates": [[-73.9872896918914, 40.7015428047225], [-73.9871949921089, 40.7013813411857]]}}, {"type": "Feature", "properties": {"name": "Flushing Line", "line": "FLUSHING LINE", "color": "#B933AD", "weight": 4, "category": "subway_route"}, "geometry": {"type": "LineString", "coordinates": [[-73.8755576922639, 40.7485218591405], [-73.8754336223819, 40.7485356106198]]}}, {"type": "Feature", "properties": {"name": "Lexington Ave", "line": "LEXINGTON AVE", "color": "#00933C", "weight": 4, "category": "subway_route"}, "geometry": {"type": "LineString", "coordinates": [[-73.9971239949443, 40.7223089976071], [-73.9966619605859, 40.7234748840167]]}}, {"type": "Feature", "properties": {"name": "Queens Blvd Line", "line": "QUEENS BLVD LINE", "color": "#FF6319", "weight": 4, "category": "subway_route"}, "geometry": {"type": "LineString", "coordinates": [[-73.9726140067885, 40.7590675579339], [-73.9725118824872, 40.7590223733146]]}}, {"type": "Feature", "properties": {"name": "Pelham Line", "line": "PELHAM LINE", "color": "#00933C", "weight": 4, "category": "subway_route"}, "geometry": {"type": "LineString", "coordinates": [[-73.928125964973, 40.8117328267546], [-73.9272956046505, 40.811087913625]]}}, {"type": "Feature", "properties": {"name": "Broadway Line", "line": "BROADWAY LINE", "color": "#FCCC0A", "weight": 4, "category": "subway_route"}, "geometry": {"type": "LineString", "coordinates": [[-73.989269871344, 40.7422805469682], [-73.9892356968207, 40.7425468714256]]}}, {"type": "Feature", "properties": {"name": "Lexington Ave", "line": "LEXINGTON AVE", "color": "#00933C", "weight": 4, "category": "subway_route"}, "geometry": {"type": "LineString", "coordinates": [[-73.9909731643417, 40.6925570366031], [-73.990667557494, 40.6925054127781]]}}, {"type": "Feature", "properties": {"name": "Pelham Line", "line": "PELHAM LINE", "color": "#00933C", "weight": 4, "category": "subway_route"}, "geometry": {"type": "LineString", "coordinates": [[-73.8384093172238, 40.8425747702039], [-73.8381946099159, 40.8426781431103]]}}, {"type": "Feature", "properties": {"name": "Jamaica Line", "line": "JAMAICA LINE", "color": "#996633", "weight": 4, "category": "subway_route"}, "geometry": {"type": "LineString", "coordinates": [[-73.926451195254, 40.6920100070784], [-73.9263173991893, 40.6919366917051]]}}, {"type": "Feature", "properties": {"name": "Clark St Line", "line": "CLARK ST LINE", "color": "#EE352E", "weight": 4, "category": "subway_route"}, "geometry": {"type": "LineString", "coordinates": [[-74.0097476945315, 40.7047834859264], [-74.0094559399986, 40.7045360949137]]}}, {"type": "Feature", "properties": {"name": "Clark St Line", "line": "CLARK ST LINE", "color": "#EE352E", "weight": 4, "category": "subway_route"}, "geometry": {"type": "LineString", "coordinates": [[-74.0082702579315, 40.7077301744761], [-74.0080055606424, 40.7079850292288]]}}, {"type": "Feature", "properties": {"name": "Broadway/7Th Ave Line", "line": "BROADWAY/7TH AVE LINE", "color": "#EE352E", "weight": 4, "category": "subway_route"}, "geometry": {"type": "LineString", "coordinates": [[-74.0062341756031, 40.7231288869986], [-74.0061180245902, 40.7237539725872]]}}, {"type": "Feature", "properties": {"name": "Lexington Ave", "line": "LEXINGTON AVE", "color": "#00933C", "weight": 4, "category": "subway_route"}, "geometry": {"type": "LineString", "coordinates": [[-74.0030307945001, 40.7155933058017], [-74.0028085348571, 40.7158944325566]]}}, {"type": "Feature", "properties": {"name": "Broadway/7Th Ave Line", "line": "BROADWAY/7TH AVE LINE", "color": "#EE352E", "weight": 4, "category": "subway_route"}, "geometry": {"type": "LineString", "coordinates": [[-73.9820949576836, 40.7778468386157], [-73.9820896549054, 40.7779142161928]]}}, {"type": "Feature", "properties": {"name": "Lexington Ave", "line": "LEXINGTON AVE", "color": "#00933C", "weight": 4, "category": "subway_route"}, "geometry": {"type": "LineString", "coordinates": [[-73.9795049878252, 40.7496115917574], [-73.9790563763679, 40.7502267908711]]}}, {"type": "Feature", "properties": {"name": "Broadway Line", "line": "BROADWAY LINE", "color": "#FCCC0A", "weight": 4, "category": "subway_route"}, "geometry": {"type": "LineString", "coordinates": [[-73.988178396733, 40.7482970695375], [-73.9880393966988, 40.749031247008]]}}, {"type": "Feature", "properties": {"name": "Broadway/7Th Ave Line", "line": "BROADWAY/7TH AVE LINE", "color": "#EE352E", "weight": 4, "category": "subway_route"}, "geometry": {"type": "LineString", "coordinates": [[-73.9448807077062, 40.8340680458837], [-73.9444267445041, 40.8346890338601]]}}, {"type": "Feature", "properties": {"name": "6Th Ave Line", "line": "6TH AVE LINE", "color": "#FF6319", "weight": 4, "category": "subway_route"}, "geometry": {"type": "LineString", "coordinates": [[-73.9851923916481, 40.6976351317237], [-73.9850366706556, 40.6972973113184]]}}, {"type": "Feature", "properties": {"name": "6Th Ave Line", "line": "6TH AVE LINE", "color": "#FF6319", "weight": 4, "category": "subway_route"}, "geometry": {"type": "LineString", "coordinates": [[-73.9843823147525, 40.6959492025116], [-73.9841686353273, 40.6955661221615]]}}, {"type": "Feature", "properties": {"name": "6Th Ave Line", "line": "6TH AVE LINE", "color": "#FF6319", "weight": 4, "category": "subway_route"}, "geometry": {"type": "LineString", "coordinates": [[-73.9844316783165, 40.6960390261463], [-73.9843823147525, 40.6959492025116]]}}, {"type": "Feature", "properties": {"name": "Manhattan Bridge Line", "line": "MANHATTAN BRIDGE LINE", "color": "#FF6319", "weight": 4, "category": "subway_route"}, "geometry": {"type": "LineString", "coordinates": [[-73.9833555451152, 40.6937271782211], [-73.9840330998242, 40.6948541038669]]}}, {"type": "Feature", "properties": {"name": "Houston/Essex St Line", "line": "HOUSTON/ESSEX ST LINE", "color": "#FF6319", "weight": 4, "category": "subway_route"}, "geometry": {"type": "LineString", "coordinates": [[-73.9868648420126, 40.6992283592747], [-73.9869487911458, 40.6987429117352]]}}, {"type": "Feature", "properties": {"name": "White Plains Rd Line", "line": "WHITE PLAINS RD LINE", "color": "#EE352E", "weight": 4, "category": "subway_route"}, "geometry": {"type": "LineString", "coordinates": [[-73.86736177504, 40.8654374537923], [-73.8673188112236, 40.8665853582808]]}}, {"type": "Feature", "properties": {"name": "White Plains Rd Line", "line": "WHITE PLAINS RD LINE", "color": "#EE352E", "weight": 4, "category": "subway_route"}, "geometry": {"type": "LineString", "coordinates": [[-73.8676096044548, 40.8570043509934], [-73.8676028057792, 40.857243919163]]}}, {"type": "Feature", "properties": {"name": "White Plains Rd Line", "line": "WHITE PLAINS RD LINE", "color": "#EE352E", "weight": 4, "category": "subway_route"}, "geometry": {"type": "LineString", "coordinates": [[-73.8675906061729, 40.8589037718958], [-73.8675954386123, 40.8589965100233]]}}, {"type": "Feature", "properties": {"name": "White Plains Rd Line", "line": "WHITE PLAINS RD LINE", "color": "#EE352E", "weight": 4, "category": "subway_route"}, "geometry": {"type": "LineString", "coordinates": [[-73.8675954386123, 40.8589965100233], [-73.8675384337324, 40.8594449077462]]}}, {"type": "Feature", "properties": {"name": "White Plains Rd Line", "line": "WHITE PLAINS RD LINE", "color": "#EE352E", "weight": 4, "category": "subway_route"}, "geometry": {"type": "LineString", "coordinates": [[-73.8683751542235, 40.8489778688701], [-73.8678197080556, 40.8499136199745]]}}, {"type": "Feature", "properties": {"name": "White Plains Rd Line", "line": "WHITE PLAINS RD LINE", "color": "#EE352E", "weight": 4, "category": "subway_route"}, "geometry": {"type": "LineString", "coordinates": [[-73.8688936977709, 40.8481205925637], [-73.8683751542235, 40.8489778688701]]}}, {"type": "Feature", "properties": {"name": "Dyre Ave Line", "line": "DYRE AVE LINE", "color": "#00933C", "weight": 4, "category": "subway_route"}, "geometry": {"type": "LineString", "coordinates": [[-73.8312805695477, 40.8876590220958], [-73.8311621211956, 40.8878215892841]]}}, {"type": "Feature", "properties": {"name": "Dyre Ave Line", "line": "DYRE AVE LINE", "color": "#00933C", "weight": 4, "category": "subway_route"}, "geometry": {"type": "LineString", "coordinates": [[-73.8311621211956, 40.8878215892841], [-73.8304079022533, 40.8890034135422]]}}, {"type": "Feature", "properties": {"name": "Dyre Ave Line", "line": "DYRE AVE LINE", "color": "#00933C", "weight": 4, "category": "subway_route"}, "geometry": {"type": "LineString", "coordinates": [[-73.8371623925132, 40.880362936624], [-73.8359481644807, 40.881752931365]]}}, {"type": "Feature", "properties": {"name": "Dyre Ave Line", "line": "DYRE AVE LINE", "color": "#00933C", "weight": 4, "category": "subway_route"}, "geometry": {"type": "LineString", "coordinates": [[-73.8359481644807, 40.881752931365], [-73.8357669624417, 40.8819478456225]]}}, {"type": "Feature", "properties": {"name": "Dyre Ave Line", "line": "DYRE AVE LINE", "color": "#00933C", "weight": 4, "category": "subway_route"}, "geometry": {"type": "LineString", "coordinates": [[-73.8357669624417, 40.8819478456225], [-73.8354324922375, 40.882368184996]]}}, {"type": "Feature", "properties": {"name": "Dyre Ave Line", "line": "DYRE AVE LINE", "color": "#00933C", "weight": 4, "category": "subway_route"}, "geometry": {"type": "LineString", "coordinates": [[-73.839659332469, 40.8774428820946], [-73.8395661144623, 40.8775580934307]]}}, {"type": "Feature", "properties": {"name": "Dyre Ave Line", "line": "DYRE AVE LINE", "color": "#00933C", "weight": 4, "category": "subway_route"}, "geometry": {"type": "LineString", "coordinates": [[-73.8402069491727, 40.8767829949286], [-73.839659332469, 40.8774428820946]]}}, {"type": "Feature", "properties": {"name": "Dyre Ave Line", "line": "DYRE AVE LINE", "color": "#00933C", "weight": 4, "category": "subway_route"}, "geometry": {"type": "LineString", "coordinates": [[-73.8378015624475, 40.8795971786312], [-73.8371623925132, 40.880362936624]]}}, {"type": "Feature", "properties": {"name": "Dyre Ave Line", "line": "DYRE AVE LINE", "color": "#00933C", "weight": 4, "category": "subway_route"}, "geometry": {"type": "LineString", "coordinates": [[-73.8384560597958, 40.8788407046613], [-73.8378015624475, 40.8795971786312]]}}, {"type": "Feature", "properties": {"name": "Dyre Ave Line", "line": "DYRE AVE LINE", "color": "#00933C", "weight": 4, "category": "subway_route"}, "geometry": {"type": "LineString", "coordinates": [[-73.8439641015372, 40.8723620599541], [-73.8433259752374, 40.8731119153271]]}}, {"type": "Feature", "properties": {"name": "Dyre Ave Line", "line": "DYRE AVE LINE", "color": "#00933C", "weight": 4, "category": "subway_route"}, "geometry": {"type": "LineString", "coordinates": [[-73.8427531204234, 40.8736949327373], [-73.8426547676127, 40.8738285659972]]}}, {"type": "Feature", "properties": {"name": "Dyre Ave Line", "line": "DYRE AVE LINE", "color": "#00933C", "weight": 4, "category": "subway_route"}, "geometry": {"type": "LineString", "coordinates": [[-73.8433259752374, 40.8731119153271], [-73.8429095605853, 40.8735336160543]]}}, {"type": "Feature", "properties": {"name": "Dyre Ave Line", "line": "DYRE AVE LINE", "color": "#00933C", "weight": 4, "category": "subway_route"}, "geometry": {"type": "LineString", "coordinates": [[-73.8426547676127, 40.8738285659972], [-73.8421568943519, 40.8744989041279]]}}, {"type": "Feature", "properties": {"name": "Dyre Ave Line", "line": "DYRE AVE LINE", "color": "#00933C", "weight": 4, "category": "subway_route"}, "geometry": {"type": "LineString", "coordinates": [[-73.8429095605853, 40.8735336160543], [-73.8427531204234, 40.8736949327373]]}}, {"type": "Feature", "properties": {"name": "Dyre Ave Line", "line": "DYRE AVE LINE", "color": "#00933C", "weight": 4, "category": "subway_route"}, "geometry": {"type": "LineString", "coordinates": [[-73.8451345295992, 40.8710110108782], [-73.8442461352937, 40.8720353377262]]}}, {"type": "Feature", "properties": {"name": "Dyre Ave Line", "line": "DYRE AVE LINE", "color": "#00933C", "weight": 4, "category": "subway_route"}, "geometry": {"type": "LineString", "coordinates": [[-73.8442461352937, 40.8720353377262], [-73.8439641015372, 40.8723620599541]]}}, {"type": "Feature", "properties": {"name": "Dyre Ave Line", "line": "DYRE AVE LINE", "color": "#00933C", "weight": 4, "category": "subway_route"}, "geometry": {"type": "LineString", "coordinates": [[-73.8457827327378, 40.8702359718055], [-73.8454835865382, 40.8706027821771]]}}, {"type": "Feature", "properties": {"name": "Dyre Ave Line", "line": "DYRE AVE LINE", "color": "#00933C", "weight": 4, "category": "subway_route"}, "geometry": {"type": "LineString", "coordinates": [[-73.8454835865382, 40.8706027821771], [-73.8451345295992, 40.8710110108782]]}}, {"type": "Feature", "properties": {"name": "Dyre Ave Line", "line": "DYRE AVE LINE", "color": "#00933C", "weight": 4, "category": "subway_route"}, "geometry": {"type": "LineString", "coordinates": [[-73.8499995570063, 40.865267590662], [-73.8499438644251, 40.8653316508496]]}}, {"type": "Feature", "properties": {"name": "Dyre Ave Line", "line": "DYRE AVE LINE", "color": "#00933C", "weight": 4, "category": "subway_route"}, "geometry": {"type": "LineString", "coordinates": [[-73.8494427024958, 40.8659224224943], [-73.8490711453206, 40.8663934882405]]}}, {"type": "Feature", "properties": {"name": "Dyre Ave Line", "line": "DYRE AVE LINE", "color": "#00933C", "weight": 4, "category": "subway_route"}, "geometry": {"type": "LineString", "coordinates": [[-73.8508063768867, 40.8643395282523], [-73.8499995570063, 40.865267590662]]}}, {"type": "Feature", "properties": {"name": "Dyre Ave Line", "line": "DYRE AVE LINE", "color": "#00933C", "weight": 4, "category": "subway_route"}, "geometry": {"type": "LineString", "coordinates": [[-73.8499438644251, 40.8653316508496], [-73.8498919214908, 40.8653929026693]]}}, {"type": "Feature", "properties": {"name": "Dyre Ave Line", "line": "DYRE AVE LINE", "color": "#00933C", "weight": 4, "category": "subway_route"}, "geometry": {"type": "LineString", "coordinates": [[-73.8520335693091, 40.8629278417481], [-73.8508063768867, 40.8643395282523]]}}, {"type": "Feature", "properties": {"name": "Dyre Ave Line", "line": "DYRE AVE LINE", "color": "#00933C", "weight": 4, "category": "subway_route"}, "geometry": {"type": "LineString", "coordinates": [[-73.8569598769393, 40.8573006215157], [-73.857224814601, 40.8570589923192]]}}, {"type": "Feature", "properties": {"name": "Dyre Ave Line", "line": "DYRE AVE LINE", "color": "#00933C", "weight": 4, "category": "subway_route"}, "geometry": {"type": "LineString", "coordinates": [[-73.8610671971214, 40.8539213518277], [-73.8609099602318, 40.8540701214803]]}}, {"type": "Feature", "properties": {"name": "Dyre Ave Line", "line": "DYRE AVE LINE", "color": "#00933C", "weight": 4, "category": "subway_route"}, "geometry": {"type": "LineString", "coordinates": [[-73.8609099602318, 40.8540701214803], [-73.8601034055822, 40.8546826698258]]}}, {"type": "Feature", "properties": {"name": "Dyre Ave Line", "line": "DYRE AVE LINE", "color": "#00933C", "weight": 4, "category": "subway_route"}, "geometry": {"type": "LineString", "coordinates": [[-73.8630011582901, 40.852333007321], [-73.8620349967814, 40.8531094043635]]}}, {"type": "Feature", "properties": {"name": "Dyre Ave Line", "line": "DYRE AVE LINE", "color": "#00933C", "weight": 4, "category": "subway_route"}, "geometry": {"type": "LineString", "coordinates": [[-73.8620349967814, 40.8531094043635], [-73.8610671971214, 40.8539213518277]]}}, {"type": "Feature", "properties": {"name": "Dyre Ave Line", "line": "DYRE AVE LINE", "color": "#00933C", "weight": 4, "category": "subway_route"}, "geometry": {"type": "LineString", "coordinates": [[-73.8673950008629, 40.8487865260407], [-73.8668705519263, 40.8492190412918]]}}, {"type": "Feature", "properties": {"name": "Dyre Ave Line", "line": "DYRE AVE LINE", "color": "#00933C", "weight": 4, "category": "subway_route"}, "geometry": {"type": "LineString", "coordinates": [[-73.8680077929973, 40.8483102373798], [-73.8673950008629, 40.8487865260407]]}}, {"type": "Feature", "properties": {"name": "Dyre Ave Line", "line": "DYRE AVE LINE", "color": "#00933C", "weight": 4, "category": "subway_route"}, "geometry": {"type": "LineString", "coordinates": [[-73.8668705519263, 40.8492190412918], [-73.8662350721992, 40.8497318120175]]}}, {"type": "Feature", "properties": {"name": "White Plains Rd Line", "line": "WHITE PLAINS RD LINE", "color": "#EE352E", "weight": 4, "category": "subway_route"}, "geometry": {"type": "LineString", "coordinates": [[-73.8741779300504, 40.8413784692479], [-73.8720298162343, 40.8431932312088]]}}, {"type": "Feature", "properties": {"name": "White Plains Rd Line", "line": "WHITE PLAINS RD LINE", "color": "#EE352E", "weight": 4, "category": "subway_route"}, "geometry": {"type": "LineString", "coordinates": [[-73.8720298162343, 40.8431932312088], [-73.8719655873012, 40.8432465231505]]}}, {"type": "Feature", "properties": {"name": "White Plains Rd Line", "line": "WHITE PLAINS RD LINE", "color": "#EE352E", "weight": 4, "category": "subway_route"}, "geometry": {"type": "LineString", "coordinates": [[-73.8719655873012, 40.8432465231505], [-73.8718923898638, 40.8432773104958]]}}, {"type": "Feature", "properties": {"name": "Concourse Line", "line": "CONCOURSE LINE", "color": "#FF6319", "weight": 4, "category": "subway_route"}, "geometry": {"type": "LineString", "coordinates": [[-73.9419985890209, 40.8278309207562], [-73.9415417453533, 40.8284555712131]]}}, {"type": "Feature", "properties": {"name": "Broadway/7Th Ave Line", "line": "BROADWAY/7TH AVE LINE", "color": "#EE352E", "weight": 4, "category": "subway_route"}, "geometry": {"type": "LineString", "coordinates": [[-73.9356230130372, 40.8467348964363], [-73.9351727436008, 40.8473662226956]]}}, {"type": "Feature", "properties": {"name": "Jamaica Line", "line": "JAMAICA LINE", "color": "#996633", "weight": 4, "category": "subway_route"}, "geometry": {"type": "LineString", "coordinates": [[-73.8464413379931, 40.695034000679], [-73.8453978552884, 40.6951652316362]]}}, {"type": "Feature", "properties": {"name": "Jamaica Line", "line": "JAMAICA LINE", "color": "#996633", "weight": 4, "category": "subway_route"}, "geometry": {"type": "LineString", "coordinates": [[-73.8555783863633, 40.6927330654856], [-73.8546799068276, 40.6928388258385]]}}, {"type": "Feature", "properties": {"name": "Jamaica Line", "line": "JAMAICA LINE", "color": "#996633", "weight": 4, "category": "subway_route"}, "geometry": {"type": "LineString", "coordinates": [[-73.8633134052703, 40.6919699343387], [-73.8624447341058, 40.6921120359719]]}}, {"type": "Feature", "properties": {"name": "Flushing Line", "line": "FLUSHING LINE", "color": "#B933AD", "weight": 4, "category": "subway_route"}, "geometry": {"type": "LineString", "coordinates": [[-73.8948269136604, 40.7465007693664], [-73.894741079584, 40.7465115342683]]}}, {"type": "Feature", "properties": {"name": "4Th Ave Line", "line": "4TH AVE LINE", "color": "#FCCC0A", "weight": 4, "category": "subway_route"}, "geometry": {"type": "LineString", "coordinates": [[-74.0190258325473, 40.640271950858], [-74.0196043071098, 40.6397172597037]]}}, {"type": "Feature", "properties": {"name": "Pelham Line", "line": "PELHAM LINE", "color": "#00933C", "weight": 4, "category": "subway_route"}, "geometry": {"type": "LineString", "coordinates": [[-73.8690806170485, 40.8310941957691], [-73.8681512069905, 40.8313686526397]]}}, {"type": "Feature", "properties": {"name": "Fulton St Line", "line": "FULTON ST LINE", "color": "#0039A6", "weight": 4, "category": "subway_route"}, "geometry": {"type": "LineString", "coordinates": [[-73.9533714570105, 40.6806487435575], [-73.9515581080965, 40.6805070822183]]}}, {"type": "Feature", "properties": {"name": "Crosstown Line", "line": "CROSSTOWN LINE", "color": "#6CBE45", "weight": 4, "category": "subway_route"}, "geometry": {"type": "LineString", "coordinates": [[-73.9526856449407, 40.7271067730387], [-73.9532743073367, 40.7281414189919]]}}, {"type": "Feature", "properties": {"name": "4Th Ave Line", "line": "4TH AVE LINE", "color": "#FCCC0A", "weight": 4, "category": "subway_route"}, "geometry": {"type": "LineString", "coordinates": [[-73.9852807076003, 40.6921659329326], [-73.9843422275107, 40.6921294913221]]}}, {"type": "Feature", "properties": {"name": "4Th Ave Line", "line": "4TH AVE LINE", "color": "#FCCC0A", "weight": 4, "category": "subway_route"}, "geometry": {"type": "LineString", "coordinates": [[-73.9907268835254, 40.667954403543], [-73.9912352897579, 40.6673438846129]]}}, {"type": "Feature", "properties": {"name": "Pelham Line", "line": "PELHAM LINE", "color": "#00933C", "weight": 4, "category": "subway_route"}, "geometry": {"type": "LineString", "coordinates": [[-73.8324992974875, 40.8468568071108], [-73.8322794594261, 40.8470154789014]]}}, {"type": "Feature", "properties": {"name": "Jerome Ave Line", "line": "JEROME AVE LINE", "color": "#00933C", "weight": 4, "category": "subway_route"}, "geometry": {"type": "LineString", "coordinates": [[-73.9172997956672, 40.8407743862535], [-73.9168930431271, 40.8413555246642]]}}, {"type": "Feature", "properties": {"name": "4Th Ave Line", "line": "4TH AVE LINE", "color": "#FCCC0A", "weight": 4, "category": "subway_route"}, "geometry": {"type": "LineString", "coordinates": [[-74.0210499785269, 40.6383117539897], [-74.0210886130028, 40.6382718119666]]}}, {"type": "Feature", "properties": {"name": "Queens Blvd Line", "line": "QUEENS BLVD LINE", "color": "#FF6319", "weight": 4, "category": "subway_route"}, "geometry": {"type": "LineString", "coordinates": [[-73.9742246298027, 40.7597480448704], [-73.9727102118818, 40.7591082024481]]}}, {"type": "Feature", "properties": {"name": "Fulton St Line", "line": "FULTON ST LINE", "color": "#0039A6", "weight": 4, "category": "subway_route"}, "geometry": {"type": "LineString", "coordinates": [[-73.9225061977897, 40.6789259002212], [-73.9216487529466, 40.678878782847]]}}, {"type": "Feature", "properties": {"name": "Queens Blvd Line", "line": "QUEENS BLVD LINE", "color": "#FF6319", "weight": 4, "category": "subway_route"}, "geometry": {"type": "LineString", "coordinates": [[-73.8917517544893, 40.7468199768517], [-73.8913927211005, 40.7466492540251]]}}, {"type": "Feature", "properties": {"name": "14St/Canarsie Line", "line": "14ST/CANARSIE LINE", "color": "#A7A9AC", "weight": 4, "category": "subway_route"}, "geometry": {"type": "LineString", "coordinates": [[-73.9125695974736, 40.7003665879111], [-73.9118080915793, 40.6999551228277]]}}, {"type": "Feature", "properties": {"name": "Fulton St Line", "line": "FULTON ST LINE", "color": "#0039A6", "weight": 4, "category": "subway_route"}, "geometry": {"type": "LineString", "coordinates": [[-73.8771183495931, 40.6746629613799], [-73.8761934146291, 40.6747955882779]]}}, {"type": "Feature", "properties": {"name": "Fulton St Line", "line": "FULTON ST LINE", "color": "#0039A6", "weight": 4, "category": "subway_route"}, "geometry": {"type": "LineString", "coordinates": [[-73.8572120364521, 40.6794941024109], [-73.8568326212647, 40.679517575885]]}}, {"type": "Feature", "properties": {"name": "Manhattan Bridge Line", "line": "MANHATTAN BRIDGE LINE", "color": "#FF6319", "weight": 4, "category": "subway_route"}, "geometry": {"type": "LineString", "coordinates": [[-73.9940021589614, 40.7130704719979], [-73.993607698454, 40.7123796418122]]}}, {"type": "Feature", "properties": {"name": "6Th Ave Line", "line": "6TH AVE LINE", "color": "#FF6319", "weight": 4, "category": "subway_route"}, "geometry": {"type": "LineString", "coordinates": [[-73.9781406120657, 40.7630322650167], [-73.9776873004314, 40.7636526532078]]}}, {"type": "Feature", "properties": {"name": "Broadway/7Th Ave Line", "line": "BROADWAY/7TH AVE LINE", "color": "#EE352E", "weight": 4, "category": "subway_route"}, "geometry": {"type": "LineString", "coordinates": [[-73.9832159660826, 40.7627154182868], [-73.9828189267999, 40.7633731785551]]}}, {"type": "Feature", "properties": {"name": "Broadway Line", "line": "BROADWAY LINE", "color": "#FCCC0A", "weight": 4, "category": "subway_route"}, "geometry": {"type": "LineString", "coordinates": [[-73.9880393966988, 40.749031247008], [-73.9879748739446, 40.7494990260892]]}}, {"type": "Feature", "properties": {"name": "Flushing Line", "line": "FLUSHING LINE", "color": "#B933AD", "weight": 4, "category": "subway_route"}, "geometry": {"type": "LineString", "coordinates": [[-73.8718422186, 40.748913827941], [-73.8713577449142, 40.7489652021191]]}}, {"type": "Feature", "properties": {"name": "8Th Ave Line", "line": "8TH AVE LINE", "color": "#0039A6", "weight": 4, "category": "subway_route"}, "geometry": {"type": "LineString", "coordinates": [[-73.9665535598347, 40.7891154089016], [-73.9660962979981, 40.7897426454788]]}}, {"type": "Feature", "properties": {"name": "Astoria Line", "line": "ASTORIA LINE", "color": "#FCCC0A", "weight": 4, "category": "subway_route"}, "geometry": {"type": "LineString", "coordinates": [[-73.9628700397096, 40.7608324303996], [-73.962695865588, 40.7607543030506]]}}, {"type": "Feature", "properties": {"name": "Queens Blvd Line", "line": "QUEENS BLVD LINE", "color": "#FF6319", "weight": 4, "category": "subway_route"}, "geometry": {"type": "LineString", "coordinates": [[-73.9007879726174, 40.7506738553585], [-73.9000525253207, 40.7503608065977]]}}, {"type": "Feature", "properties": {"name": "Queens Blvd Line", "line": "QUEENS BLVD LINE", "color": "#FF6319", "weight": 4, "category": "subway_route"}, "geometry": {"type": "LineString", "coordinates": [[-73.9027574309275, 40.7515108087919], [-73.9020218798092, 40.7511993211834]]}}, {"type": "Feature", "properties": {"name": "Queens Blvd Line", "line": "QUEENS BLVD LINE", "color": "#FF6319", "weight": 4, "category": "subway_route"}, "geometry": {"type": "LineString", "coordinates": [[-73.8818812816205, 40.7423852282554], [-73.8810051420033, 40.741848911082]]}}, {"type": "Feature", "properties": {"name": "Queens Blvd Line", "line": "QUEENS BLVD LINE", "color": "#FF6319", "weight": 4, "category": "subway_route"}, "geometry": {"type": "LineString", "coordinates": [[-73.8957290594153, 40.7485192934502], [-73.8956459653946, 40.7484819554938]]}}, {"type": "Feature", "properties": {"name": "Pelham Line", "line": "PELHAM LINE", "color": "#00933C", "weight": 4, "category": "subway_route"}, "geometry": {"type": "LineString", "coordinates": [[-73.8764026111347, 40.828985561127], [-73.8755082901814, 40.8292424015773]]}}, {"type": "Feature", "properties": {"name": "14St/Canarsie Line", "line": "14ST/CANARSIE LINE", "color": "#A7A9AC", "weight": 4, "category": "subway_route"}, "geometry": {"type": "LineString", "coordinates": [[-73.9477201932055, 40.7142239384235], [-73.9460712331412, 40.7143802626853]]}}, {"type": "Feature", "properties": {"name": "14St/Canarsie Line", "line": "14ST/CANARSIE LINE", "color": "#A7A9AC", "weight": 4, "category": "subway_route"}, "geometry": {"type": "LineString", "coordinates": [[-73.941041800661, 40.712674093714], [-73.9406893109832, 40.7119702893513]]}}, {"type": "Feature", "properties": {"name": "Crosstown Line", "line": "CROSSTOWN LINE", "color": "#6CBE45", "weight": 4, "category": "subway_route"}, "geometry": {"type": "LineString", "coordinates": [[-73.9549600666019, 40.7344574652043], [-73.9550752949269, 40.7351679844781]]}}, {"type": "Feature", "properties": {"name": "Jamaica Line", "line": "JAMAICA LINE", "color": "#996633", "weight": 4, "category": "subway_route"}, "geometry": {"type": "LineString", "coordinates": [[-73.9509573444139, 40.7058511760745], [-73.9502382199158, 40.7054814862738]]}}, {"type": "Feature", "properties": {"name": "Jerome Ave Line", "line": "JEROME AVE LINE", "color": "#00933C", "weight": 4, "category": "subway_route"}, "geometry": {"type": "LineString", "coordinates": [[-73.8882446095928, 40.8759004712329], [-73.8880815941683, 40.8762810216411]]}}, {"type": "Feature", "properties": {"name": "4Th Ave Line", "line": "4TH AVE LINE", "color": "#FCCC0A", "weight": 4, "category": "subway_route"}, "geometry": {"type": "LineString", "coordinates": [[-74.0026782724462, 40.6559973915389], [-74.0032614311956, 40.6554364365133]]}}, {"type": "Feature", "properties": {"name": "Eastern Pky Line", "line": "EASTERN PKY LINE", "color": "#00933C", "weight": 4, "category": "subway_route"}, "geometry": {"type": "LineString", "coordinates": [[-73.9801288525565, 40.6877582442521], [-73.9798418495713, 40.6873525666029]]}}, {"type": "Feature", "properties": {"name": "Fulton St Line", "line": "FULTON ST LINE", "color": "#0039A6", "weight": 4, "category": "subway_route"}, "geometry": {"type": "LineString", "coordinates": [[-73.9595954526021, 40.681961508246], [-73.9585869504866, 40.6817507173701]]}}, {"type": "Feature", "properties": {"name": "Myrtle Ave Line", "line": "MYRTLE AVE LINE", "color": "#FF6319", "weight": 4, "category": "subway_route"}, "geometry": {"type": "LineString", "coordinates": [[-73.929616334708, 40.6976152308367], [-73.9293180449439, 40.697648439264]]}}, {"type": "Feature", "properties": {"name": "4Th Ave Line", "line": "4TH AVE LINE", "color": "#FCCC0A", "weight": 4, "category": "subway_route"}, "geometry": {"type": "LineString", "coordinates": [[-74.0277352474219, 40.6243096247358], [-74.0279915970569, 40.6236907165176]]}}, {"type": "Feature", "properties": {"name": "West End Line", "line": "WEST END LINE", "color": "#FF6319", "weight": 4, "category": "subway_route"}, "geometry": {"type": "LineString", "coordinates": [[-73.9846792275922, 40.5936668667143], [-73.9846409413527, 40.593560392896]]}}, {"type": "Feature", "properties": {"name": "Jamaica Line", "line": "JAMAICA LINE", "color": "#996633", "weight": 4, "category": "subway_route"}, "geometry": {"type": "LineString", "coordinates": [[-73.916047263529, 40.6860803068933], [-73.9155016095852, 40.6857697614073]]}}, {"type": "Feature", "properties": {"name": "Fulton St Line", "line": "FULTON ST LINE", "color": "#0039A6", "weight": 4, "category": "subway_route"}, "geometry": {"type": "LineString", "coordinates": [[-73.9172039775489, 40.6786350508924], [-73.9163024685077, 40.6785853478648]]}}, {"type": "Feature", "properties": {"name": "Jamaica Line", "line": "JAMAICA LINE", "color": "#996633", "weight": 4, "category": "subway_route"}, "geometry": {"type": "LineString", "coordinates": [[-73.8704829552388, 40.690627814918], [-73.8701298661719, 40.6907168742584]]}}, {"type": "Feature", "properties": {"name": "4Th Ave Line", "line": "4TH AVE LINE", "color": "#FCCC0A", "weight": 4, "category": "subway_route"}, "geometry": {"type": "LineString", "coordinates": [[-73.9834756718541, 40.6767823932576], [-73.9839017789417, 40.6761568863698]]}}, {"type": "Feature", "properties": {"name": "West End Line", "line": "WEST END LINE", "color": "#FF6319", "weight": 4, "category": "subway_route"}, "geometry": {"type": "LineString", "coordinates": [[-73.9842583273666, 40.5915755879184], [-73.9842052283503, 40.5911745685664]]}}, {"type": "Feature", "properties": {"name": "West End Line", "line": "WEST END LINE", "color": "#FF6319", "weight": 4, "category": "subway_route"}, "geometry": {"type": "LineString", "coordinates": [[-73.9946420768834, 40.6374683387417], [-73.9947344675343, 40.6365998461376]]}}, {"type": "Feature", "properties": {"name": "Brighton Line", "line": "BRIGHTON LINE", "color": "#FF6319", "weight": 4, "category": "subway_route"}, "geometry": {"type": "LineString", "coordinates": [[-73.9671728876247, 40.5763944405702], [-73.9663807135907, 40.5765592505569]]}}, {"type": "Feature", "properties": {"name": "White Plains Rd Line", "line": "WHITE PLAINS RD LINE", "color": "#EE352E", "weight": 4, "category": "subway_route"}, "geometry": {"type": "LineString", "coordinates": [[-73.863991619029, 40.8814492521081], [-73.8636397234048, 40.8820868445309]]}}, {"type": "Feature", "properties": {"name": "Nassau St Line", "line": "NASSAU ST LINE", "color": "#996633", "weight": 4, "category": "subway_route"}, "geometry": {"type": "LineString", "coordinates": [[-74.0016843614711, 40.7157523632025], [-74.000819725064, 40.716937948553]]}}, {"type": "Feature", "properties": {"name": "Houston/Essex St Line", "line": "HOUSTON/ESSEX ST LINE", "color": "#FF6319", "weight": 4, "category": "subway_route"}, "geometry": {"type": "LineString", "coordinates": [[-73.9999170917057, 40.7269429556397], [-74.000633691689, 40.7272948549117]]}}, {"type": "Feature", "properties": {"name": "8Th Ave Line", "line": "8TH AVE LINE", "color": "#0039A6", "weight": 4, "category": "subway_route"}, "geometry": {"type": "LineString", "coordinates": [[-73.9994173441092, 40.7440152512426], [-73.99897367444, 40.7446383009757]]}}, {"type": "Feature", "properties": {"name": "8Th Ave Line", "line": "8TH AVE LINE", "color": "#0039A6", "weight": 4, "category": "subway_route"}, "geometry": {"type": "LineString", "coordinates": [[-73.974067976784, 40.7788136700149], [-73.9735724689809, 40.7794861155663]]}}, {"type": "Feature", "properties": {"name": "Broadway Line", "line": "BROADWAY LINE", "color": "#FCCC0A", "weight": 4, "category": "subway_route"}, "geometry": {"type": "LineString", "coordinates": [[-73.9850509973142, 40.7585818750579], [-73.9846205487573, 40.7592076602424]]}}, {"type": "Feature", "properties": {"name": "6Th Ave Line", "line": "6TH AVE LINE", "color": "#FF6319", "weight": 4, "category": "subway_route"}, "geometry": {"type": "LineString", "coordinates": [[-73.9864006051426, 40.751708233785], [-73.9859478280411, 40.7523250532321]]}}, {"type": "Feature", "properties": {"name": "Broadway Line", "line": "BROADWAY LINE", "color": "#FCCC0A", "weight": 4, "category": "subway_route"}, "geometry": {"type": "LineString", "coordinates": [[-73.9891559953888, 40.743038206723], [-73.9890124063828, 40.7438038941618]]}}, {"type": "Feature", "properties": {"name": "Lexington Ave", "line": "LEXINGTON AVE", "color": "#00933C", "weight": 4, "category": "subway_route"}, "geometry": {"type": "LineString", "coordinates": [[-73.9481480689725, 40.7896930508385], [-73.9476887802569, 40.7903227164763]]}}, {"type": "Feature", "properties": {"name": "Lenox Ave Line", "line": "LENOX AVE LINE", "color": "#EE352E", "weight": 4, "category": "subway_route"}, "geometry": {"type": "LineString", "coordinates": [[-73.9478142743787, 40.804594885419], [-73.9473532226789, 40.8052214316949]]}}, {"type": "Feature", "properties": {"name": "Queens Blvd Line", "line": "QUEENS BLVD LINE", "color": "#FF6319", "weight": 4, "category": "subway_route"}, "geometry": {"type": "LineString", "coordinates": [[-73.8084945673666, 40.706094990432], [-73.806589964053, 40.7066421551122]]}}, {"type": "Feature", "properties": {"name": "Broadway/7Th Ave Line", "line": "BROADWAY/7TH AVE LINE", "color": "#EE352E", "weight": 4, "category": "subway_route"}, "geometry": {"type": "LineString", "coordinates": [[-73.9152018614983, 40.8695666998714], [-73.9146951136596, 40.8702329292525]]}}, {"type": "Feature", "properties": {"name": "Queens Blvd Line", "line": "QUEENS BLVD LINE", "color": "#FF6319", "weight": 4, "category": "subway_route"}, "geometry": {"type": "LineString", "coordinates": [[-73.9244187620452, 40.752412552523], [-73.9229677099749, 40.7527370527124]]}}, {"type": "Feature", "properties": {"name": "Queens Blvd Line", "line": "QUEENS BLVD LINE", "color": "#FF6319", "weight": 4, "category": "subway_route"}, "geometry": {"type": "LineString", "coordinates": [[-73.8802789166682, 40.741305710527], [-73.8801140336859, 40.7411764883226]]}}, {"type": "Feature", "properties": {"name": "4Th Ave Line", "line": "4TH AVE LINE", "color": "#FCCC0A", "weight": 4, "category": "subway_route"}, "geometry": {"type": "LineString", "coordinates": [[-74.0143259294666, 40.6447981788038], [-74.0149086245103, 40.6442380817739]]}}, {"type": "Feature", "properties": {"name": "4Th Ave Line", "line": "4TH AVE LINE", "color": "#FCCC0A", "weight": 4, "category": "subway_route"}, "geometry": {"type": "LineString", "coordinates": [[-74.0290096712757, 40.621200281878], [-74.029201617953, 40.6207295848348]]}}, {"type": "Feature", "properties": {"name": "Jamaica Line", "line": "JAMAICA LINE", "color": "#996633", "weight": 4, "category": "subway_route"}, "geometry": {"type": "LineString", "coordinates": [[-73.9470533341848, 40.7036721887079], [-73.9462523587346, 40.7032169872605]]}}, {"type": "Feature", "properties": {"name": "Fulton St Line", "line": "FULTON ST LINE", "color": "#0039A6", "weight": 4, "category": "subway_route"}, "geometry": {"type": "LineString", "coordinates": [[-73.9384374103413, 40.6797940866406], [-73.9373989133897, 40.6797381356393]]}}, {"type": "Feature", "properties": {"name": "Jamaica Line", "line": "JAMAICA LINE", "color": "#996633", "weight": 4, "category": "subway_route"}, "geometry": {"type": "LineString", "coordinates": [[-73.9688737739684, 40.7125869843426], [-73.9678782640966, 40.7122902403438]]}}, {"type": "Feature", "properties": {"name": "Pelham Line", "line": "PELHAM LINE", "color": "#00933C", "weight": 4, "category": "subway_route"}, "geometry": {"type": "LineString", "coordinates": [[-73.8439184594635, 40.8390945962992], [-73.8436128125196, 40.8393565951558]]}}, {"type": "Feature", "properties": {"name": "Jerome Ave Line", "line": "JEROME AVE LINE", "color": "#00933C", "weight": 4, "category": "subway_route"}, "geometry": {"type": "LineString", "coordinates": [[-73.9136094774149, 40.8459497070277], [-73.9134659874095, 40.8461556051835]]}}, {"type": "Feature", "properties": {"name": "White Plains Rd Line", "line": "WHITE PLAINS RD LINE", "color": "#EE352E", "weight": 4, "category": "subway_route"}, "geometry": {"type": "LineString", "coordinates": [[-73.8907179701713, 40.8324122613762], [-73.8897285779065, 40.834066673603]]}}, {"type": "Feature", "properties": {"name": "4Th Ave Line", "line": "4TH AVE LINE", "color": "#FCCC0A", "weight": 4, "category": "subway_route"}, "geometry": {"type": "LineString", "coordinates": [[-74.0259594922951, 40.6286554899881], [-74.0262644569258, 40.6279281791668]]}}, {"type": "Feature", "properties": {"name": "Jamaica Line", "line": "JAMAICA LINE", "color": "#996633", "weight": 4, "category": "subway_route"}, "geometry": {"type": "LineString", "coordinates": [[-73.9286439651741, 40.6932492509733], [-73.9285078713661, 40.6931739647706]]}}, {"type": "Feature", "properties": {"name": "Concourse Line", "line": "CONCOURSE LINE", "color": "#FF6319", "weight": 4, "category": "subway_route"}, "geometry": {"type": "LineString", "coordinates": [[-73.9129612875717, 40.8402044954529], [-73.9127795096805, 40.8406993326147]]}}, {"type": "Feature", "properties": {"name": "New Lots Line", "line": "NEW LOTS LINE", "color": "#EE352E", "weight": 4, "category": "subway_route"}, "geometry": {"type": "LineString", "coordinates": [[-73.9098575915853, 40.6624195938682], [-73.9089216195003, 40.6625628401895]]}}, {"type": "Feature", "properties": {"name": "Concourse Line", "line": "CONCOURSE LINE", "color": "#FF6319", "weight": 4, "category": "subway_route"}, "geometry": {"type": "LineString", "coordinates": [[-73.9087550722996, 40.8468781237141], [-73.9085202806286, 40.8470472862533]]}}, {"type": "Feature", "properties": {"name": "Fulton St Line", "line": "FULTON ST LINE", "color": "#0039A6", "weight": 4, "category": "subway_route"}, "geometry": {"type": "LineString", "coordinates": [[-73.882585851634, 40.6738701205304], [-73.8817098620305, 40.6739998970659]]}}, {"type": "Feature", "properties": {"name": "Culver/6Th Ave Line", "line": "CULVER/6TH AVE LINE", "color": "#FF6319", "weight": 4, "category": "subway_route"}, "geometry": {"type": "LineString", "coordinates": [[-73.9944025074789, 40.6809270653331], [-73.9947800948746, 40.6805831541088]]}}, {"type": "Feature", "properties": {"name": "Culver/6Th Ave Line", "line": "CULVER/6TH AVE LINE", "color": "#FF6319", "weight": 4, "category": "subway_route"}, "geometry": {"type": "LineString", "coordinates": [[-73.9913851143102, 40.671035352397], [-73.9891340126085, 40.6699674387778]]}}, {"type": "Feature", "properties": {"name": "Culver/6Th Ave Line", "line": "CULVER/6TH AVE LINE", "color": "#FF6319", "weight": 4, "category": "subway_route"}, "geometry": {"type": "LineString", "coordinates": [[-73.9936966302904, 40.6722327918644], [-73.9913851143102, 40.671035352397]]}}, {"type": "Feature", "properties": {"name": "4Th Ave Line", "line": "4TH AVE LINE", "color": "#FCCC0A", "weight": 4, "category": "subway_route"}, "geometry": {"type": "LineString", "coordinates": [[-73.9980144675157, 40.6604801603606], [-73.99859896167, 40.6599198583551]]}}, {"type": "Feature", "properties": {"name": "4Th Ave Line", "line": "4TH AVE LINE", "color": "#FCCC0A", "weight": 4, "category": "subway_route"}, "geometry": {"type": "LineString", "coordinates": [[-74.0032614311956, 40.6554364365133], [-74.0038463140985, 40.6548741762403]]}}, {"type": "Feature", "properties": {"name": "Culver Line", "line": "CULVER LINE", "color": "#FF6319", "weight": 4, "category": "subway_route"}, "geometry": {"type": "LineString", "coordinates": [[-73.9730278452761, 40.6089906969329], [-73.9729956241724, 40.6088223615599]]}}, {"type": "Feature", "properties": {"name": "Culver/6Th Ave Line", "line": "CULVER/6TH AVE LINE", "color": "#FF6319", "weight": 4, "category": "subway_route"}, "geometry": {"type": "LineString", "coordinates": [[-73.9764255963439, 40.654543184657], [-73.9762288568667, 40.6535099894558]]}}, {"type": "Feature", "properties": {"name": "Culver/6Th Ave Line", "line": "CULVER/6TH AVE LINE", "color": "#FF6319", "weight": 4, "category": "subway_route"}, "geometry": {"type": "LineString", "coordinates": [[-73.9765719900686, 40.6553190641196], [-73.9764255963439, 40.654543184657]]}}, {"type": "Feature", "properties": {"name": "Culver/6Th Ave Line", "line": "CULVER/6TH AVE LINE", "color": "#FF6319", "weight": 4, "category": "subway_route"}, "geometry": {"type": "LineString", "coordinates": [[-73.9762288568667, 40.6535099894558], [-73.9760867301809, 40.6527448031064]]}}, {"type": "Feature", "properties": {"name": "Culver/6Th Ave Line", "line": "CULVER/6TH AVE LINE", "color": "#FF6319", "weight": 4, "category": "subway_route"}, "geometry": {"type": "LineString", "coordinates": [[-73.9799800119996, 40.6456396966473], [-73.9798820003808, 40.645117140611]]}}, {"type": "Feature", "properties": {"name": "Culver/6Th Ave Line", "line": "CULVER/6TH AVE LINE", "color": "#FF6319", "weight": 4, "category": "subway_route"}, "geometry": {"type": "LineString", "coordinates": [[-73.9799800119996, 40.6456396966473], [-73.9800028439003, 40.6458198348348], [-73.9800045146354, 40.6460008056523], [-73.9799850109162, 40.6461811696994], [-73.9799444878709, 40.6463594924135], [-73.9798832678102, 40.6465343554796], [-73.9798018376641, 40.6467043681103], [-73.979700845109, 40.6468681781072], [-73.9795810934158, 40.6470244826143], [-73.9794435350615, 40.6471720384791], [-73.9792892641531, 40.6473096721386], [-73.9791195077251, 40.6474362889516]]}}, {"type": "Feature", "properties": {"name": "Queens Blvd Line", "line": "QUEENS BLVD LINE", "color": "#FF6319", "weight": 4, "category": "subway_route"}, "geometry": {"type": "LineString", "coordinates": [[-73.7939052906775, 40.7103682313088], [-73.7930392326194, 40.7107193217782]]}}, {"type": "Feature", "properties": {"name": "Queens Blvd Line", "line": "QUEENS BLVD LINE", "color": "#FF6319", "weight": 4, "category": "subway_route"}, "geometry": {"type": "LineString", "coordinates": [[-73.7930392326194, 40.7107193217782], [-73.7920297782998, 40.7110776176529]]}}, {"type": "Feature", "properties": {"name": "Archer Ave Line", "line": "ARCHER AVE LINE", "color": "#0039A6", "weight": 4, "category": "subway_route"}, "geometry": {"type": "LineString", "coordinates": [[-73.8131883487392, 40.6988727112893], [-73.8123266786813, 40.6991181585235]]}}, {"type": "Feature", "properties": {"name": "Archer Ave Line", "line": "ARCHER AVE LINE", "color": "#0039A6", "weight": 4, "category": "subway_route"}, "geometry": {"type": "LineString", "coordinates": [[-73.8123266786813, 40.6991181585235], [-73.8114752213018, 40.6993609501698]]}}, {"type": "Feature", "properties": {"name": "Archer Ave Line", "line": "ARCHER AVE LINE", "color": "#0039A6", "weight": 4, "category": "subway_route"}, "geometry": {"type": "LineString", "coordinates": [[-73.814182694686, 40.6985936753498], [-73.8131883487392, 40.6988727112893]]}}, {"type": "Feature", "properties": {"name": "8Th Ave Line", "line": "8TH AVE LINE", "color": "#0039A6", "weight": 4, "category": "subway_route"}, "geometry": {"type": "LineString", "coordinates": [[-74.0077459670543, 40.7102290125614], [-74.0090639494606, 40.7108949428567]]}}, {"type": "Feature", "properties": {"name": "8Th Ave Line", "line": "8TH AVE LINE", "color": "#0039A6", "weight": 4, "category": "subway_route"}, "geometry": {"type": "LineString", "coordinates": [[-73.9782834962538, 40.7730401307534], [-73.9778276887697, 40.7736644440753]]}}, {"type": "Feature", "properties": {"name": "Archer Ave Line", "line": "ARCHER AVE LINE", "color": "#0039A6", "weight": 4, "category": "subway_route"}, "geometry": {"type": "LineString", "coordinates": [[-73.8256674455916, 40.7009637959033], [-73.824768471847, 40.7011974463693]]}}, {"type": "Feature", "properties": {"name": "Lexington Ave", "line": "LEXINGTON AVE", "color": "#00933C", "weight": 4, "category": "subway_route"}, "geometry": {"type": "LineString", "coordinates": [[-73.9946491714416, 40.7259395474539], [-73.9944043944018, 40.72627179638]]}}]}