Event Name,Event Description,Event Start Date,Event Start Time,Event End Date,Event End Time,All Day Event,Event Venue Name,Event Category,Event Website
Park Slope Food Coop: General Meeting,"The Coop’s monthly General Meeting, its decision-making body since 1973. Members only; every member who attends can vote. The agenda, with the location and how to attend, is posted about three weeks ahead.",2026-09-29,19:00,2026-09-29,,,See the GM agenda for the location,Food & Markets,https://www.foodcoop.com/gmagenda
78th Precinct Community Council Meeting,,2026-09-29,18:30,2026-09-29,,,78th Precinct,Public Safety,https://www.nyc.gov/site/nypd/bureaus/patrol/precincts/78th-precinct.page
FAC: Introduction to Homebuying Workshop,,2026-09-29,18:00,2026-09-29,,,Fifth Avenue Committee,Civic Associations,https://fifthave.org/blog/event/introduction-to-homebuying-workshop-18/
"Gowanus Canal Conservancy: Rain Garden Stewardship, 6th Street Green Corridor","Volunteer shift caring for the rain gardens, 10 AM to 12 PM. Training and tools provided: trash pickup, invasive plant ID and weeding, pruning, curb cleaning and sweeping. No experience necessary. Ages 14 and up; younger volunteers with a parent or guardian.",2026-10-02,10:00,2026-10-02,,,"22 2nd Avenue, Gowanus",Civic Associations,https://www.eventbrite.com/e/rain-garden-stewardship-6th-st-green-corridor-tickets-1998699524080
"Applications due: SBIDC Plan for Growth, Marketing Edition","Free small business course from SBIDC and Empire State Development: 4 classes in 2 weeks to build an operational marketing blueprint, instructed by Kim Robinson of 3pts. Applications due October 9. Apply at bit.ly/PFGMARKETING.",2026-10-09,,2026-10-09,,1,SBIDC,Civic Associations,https://bit.ly/PFGMARKETING
"Gowanus Canal Conservancy: Rain Garden Stewardship, Sponge Park and Bond Gardens","Volunteer shift caring for the rain gardens, 10 AM to 12 PM. Training and tools provided: trash pickup, invasive plant ID and weeding, pruning, curb cleaning and sweeping. No experience necessary. Ages 14 and up; younger volunteers with a parent or guardian.",2026-10-09,10:00,2026-10-09,,,Gowanus Dredgers Canoe Club Boathouse,Civic Associations,https://www.eventbrite.com/e/rain-garden-stewardship-sponge-park-bond-gardens-tickets-1998802327568
CHiPS Free Monthly Food Distribution at PS 15,"Visit the CHiPS pantry van for free pantry items and fresh produce. Monthly on Fridays: 9/18, 10/16, 11/20 and 12/11. To volunteer, email volunteer@chipsonline.org. Ends 3:00 PM.",2026-10-16,13:30,2026-10-16,,,PS 15,Community,https://chipsonline.org
"Gowanus Canal Conservancy: Rain Garden Stewardship, 6th Street Green Corridor","Volunteer shift caring for the rain gardens, 10 AM to 12 PM. Training and tools provided: trash pickup, invasive plant ID and weeding, pruning, curb cleaning and sweeping. No experience necessary. Ages 14 and up; younger volunteers with a parent or guardian.",2026-10-16,10:00,2026-10-16,,,"22 2nd Avenue, Gowanus",Civic Associations,https://www.eventbrite.com/e/rain-garden-stewardship-6th-st-green-corridor-tickets-1998699526086
"Gowanus Canal Conservancy: Rain Garden Stewardship, 6th Street Green Corridor","Volunteer shift caring for the rain gardens, 10 AM to 12 PM. Training and tools provided: trash pickup, invasive plant ID and weeding, pruning, curb cleaning and sweeping. No experience necessary. Ages 14 and up; younger volunteers with a parent or guardian.",2026-10-23,10:00,2026-10-23,,,"22 2nd Avenue, Gowanus",Civic Associations,https://www.eventbrite.com/e/rain-garden-stewardship-6th-st-green-corridor-tickets-1998699527089
Park Slope Food Coop: General Meeting,"The Coop’s monthly General Meeting, its decision-making body since 1973. Members only; every member who attends can vote. The agenda, with the location and how to attend, is posted about three weeks ahead.",2026-10-27,19:00,2026-10-27,,,See the GM agenda for the location,Food & Markets,https://www.foodcoop.com/gmagenda
78th Precinct Community Council Meeting,,2026-10-27,18:30,2026-10-27,,,78th Precinct,Public Safety,https://www.nyc.gov/site/nypd/bureaus/patrol/precincts/78th-precinct.page
🗳 Early Voting · 10AM–8PM,,2026-10-27,,2026-10-27,,1,,Elections,https://bkcb6.app/poll-finder-bk.html
FAC: Introduction to Homebuying Workshop,,2026-10-28,18:00,2026-10-28,,,Fifth Avenue Committee,Civic Associations,https://fifthave.org/blog/event/introduction-to-homebuying-workshop-19/
🗳 Early Voting · 10AM–8PM,,2026-10-28,,2026-10-28,,1,,Elections,https://bkcb6.app/poll-finder-bk.html
Park Slope Food Coop: General Meeting,"The Coop’s monthly General Meeting, its decision-making body since 1973. Members only; every member who attends can vote. The agenda, with the location and how to attend, is posted about three weeks ahead.",2026-11-24,19:00,2026-11-24,,,See the GM agenda for the location,Food & Markets,https://www.foodcoop.com/gmagenda
78th Precinct Community Council Meeting,,2026-11-24,18:30,2026-11-24,,,78th Precinct,Public Safety,https://www.nyc.gov/site/nypd/bureaus/patrol/precincts/78th-precinct.page
Park Slope Food Coop: General Meeting,"The Coop’s monthly General Meeting, its decision-making body since 1973. Members only; every member who attends can vote. The agenda, with the location and how to attend, is posted about three weeks ahead.",2026-12-29,19:00,2026-12-29,,,See the GM agenda for the location,Food & Markets,https://www.foodcoop.com/gmagenda
78th Precinct Community Council Meeting,,2026-12-29,18:30,2026-12-29,,,78th Precinct,Public Safety,https://www.nyc.gov/site/nypd/bureaus/patrol/precincts/78th-precinct.page
Winter Recess — Schools Closed,,2026-12-29,,2026-12-29,,1,,Schools,https://www.schools.nyc.gov/calendar/2026-2027-school-year-calendar
Winter Recess — Schools Closed,,2026-12-30,,2026-12-30,,1,,Schools,https://www.schools.nyc.gov/calendar/2026-2027-school-year-calendar
Grown-Up Bike Bus,Weekly group ride from Gowanus to the Upper East Side. Thursdays 8:00 AM.,2026-12-31,08:00,2026-12-31,,,Starts at Principles GI Coffee House,Community,https://principlesbk.nyc/upcoming-events
Winter Recess — Schools Closed,,2026-12-31,,2026-12-31,,1,,Schools,https://www.schools.nyc.gov/calendar/2026-2027-school-year-calendar
New Year’s Day / Winter Recess — Schools Closed,,2027-01-01,,2027-01-01,,1,,Schools,https://www.schools.nyc.gov/calendar/2026-2027-school-year-calendar
Dr. Martin Luther King Jr. Day — Schools Closed,,2027-01-18,,2027-01-18,,1,,Schools,https://www.schools.nyc.gov/calendar/2026-2027-school-year-calendar
Park Slope Food Coop: General Meeting,"The Coop’s monthly General Meeting, its decision-making body since 1973. Members only; every member who attends can vote. The agenda, with the location and how to attend, is posted about three weeks ahead.",2027-01-26,19:00,2027-01-26,,,See the GM agenda for the location,Food & Markets,https://www.foodcoop.com/gmagenda
Midwinter Recess — Schools Closed,,2027-02-15,,2027-02-15,,1,,Schools,https://www.schools.nyc.gov/calendar/2026-2027-school-year-calendar
Midwinter Recess — Schools Closed,,2027-02-16,,2027-02-16,,1,,Schools,https://www.schools.nyc.gov/calendar/2026-2027-school-year-calendar
Midwinter Recess — Schools Closed,,2027-02-17,,2027-02-17,,1,,Schools,https://www.schools.nyc.gov/calendar/2026-2027-school-year-calendar
Midwinter Recess — Schools Closed,,2027-02-18,,2027-02-18,,1,,Schools,https://www.schools.nyc.gov/calendar/2026-2027-school-year-calendar
Midwinter Recess — Schools Closed,,2027-02-19,,2027-02-19,,1,,Schools,https://www.schools.nyc.gov/calendar/2026-2027-school-year-calendar
Park Slope Food Coop: General Meeting,"The Coop’s monthly General Meeting, its decision-making body since 1973. Members only; every member who attends can vote. The agenda, with the location and how to attend, is posted about three weeks ahead.",2027-02-23,19:00,2027-02-23,,,See the GM agenda for the location,Food & Markets,https://www.foodcoop.com/gmagenda
Eid al-Fitr — Schools Closed,,2027-03-09,,2027-03-09,,1,,Schools,https://www.schools.nyc.gov/calendar/2026-2027-school-year-calendar
Park Slope Food Coop: General Meeting,"The Coop’s monthly General Meeting, its decision-making body since 1973. Members only; every member who attends can vote. The agenda, with the location and how to attend, is posted about three weeks ahead.",2027-03-30,19:00,2027-03-30,,,See the GM agenda for the location,Food & Markets,https://www.foodcoop.com/gmagenda
Good Friday — Schools Closed,,2027-04-02,,2027-04-02,,1,,Schools,https://www.schools.nyc.gov/calendar/2026-2027-school-year-calendar
Spring Recess — Schools Closed,,2027-04-22,,2027-04-22,,1,,Schools,https://www.schools.nyc.gov/calendar/2026-2027-school-year-calendar
Spring Recess — Schools Closed,,2027-04-23,,2027-04-23,,1,,Schools,https://www.schools.nyc.gov/calendar/2026-2027-school-year-calendar
Spring Recess — Schools Closed,,2027-04-24,,2027-04-24,,1,,Schools,https://www.schools.nyc.gov/calendar/2026-2027-school-year-calendar
Spring Recess — Schools Closed,,2027-04-25,,2027-04-25,,1,,Schools,https://www.schools.nyc.gov/calendar/2026-2027-school-year-calendar
Spring Recess — Schools Closed,,2027-04-26,,2027-04-26,,1,,Schools,https://www.schools.nyc.gov/calendar/2026-2027-school-year-calendar
Park Slope Food Coop: General Meeting,"The Coop’s monthly General Meeting, its decision-making body since 1973. Members only; every member who attends can vote. The agenda, with the location and how to attend, is posted about three weeks ahead.",2027-04-27,19:00,2027-04-27,,,See the GM agenda for the location,Food & Markets,https://www.foodcoop.com/gmagenda
Spring Recess — Schools Closed,,2027-04-27,,2027-04-27,,1,,Schools,https://www.schools.nyc.gov/calendar/2026-2027-school-year-calendar
Spring Recess — Schools Closed,,2027-04-28,,2027-04-28,,1,,Schools,https://www.schools.nyc.gov/calendar/2026-2027-school-year-calendar
Spring Recess — Schools Closed,,2027-04-29,,2027-04-29,,1,,Schools,https://www.schools.nyc.gov/calendar/2026-2027-school-year-calendar
Spring Recess — Schools Closed,,2027-04-30,,2027-04-30,,1,,Schools,https://www.schools.nyc.gov/calendar/2026-2027-school-year-calendar
Eid al-Adha — Schools Closed,,2027-05-17,,2027-05-17,,1,,Schools,https://www.schools.nyc.gov/calendar/2026-2027-school-year-calendar
Park Slope Food Coop: General Meeting,"The Coop’s monthly General Meeting, its decision-making body since 1973. Members only; every member who attends can vote. The agenda, with the location and how to attend, is posted about three weeks ahead.",2027-05-25,19:00,2027-05-25,,,See the GM agenda for the location,Food & Markets,https://www.foodcoop.com/gmagenda
Memorial Day — Schools Closed,,2027-05-31,,2027-05-31,,1,,Schools,https://www.schools.nyc.gov/calendar/2026-2027-school-year-calendar
Last Day of School — 2026-27,,2027-06-28,,2027-06-28,,1,,Schools,https://www.schools.nyc.gov/calendar/2026-2027-school-year-calendar
CHiPS Free Monthly Food Distribution at PS 15,"Visit the CHiPS pantry van for free pantry items and fresh produce. Monthly on Fridays: 9/18, 10/16, 11/20 and 12/11. To volunteer, email volunteer@chipsonline.org. Ends 3:00 PM.",2026-09-18,13:30,2026-09-18,,,PS 15,Community,https://chipsonline.org
"Gowanus Canal Conservancy: Rain Garden Stewardship, Sponge Park and Bond Gardens","Volunteer shift caring for the rain gardens, 10 AM to 12 PM. Training and tools provided: trash pickup, invasive plant ID and weeding, pruning, curb cleaning and sweeping. No experience necessary. Ages 14 and up; younger volunteers with a parent or guardian.",2026-09-18,10:00,2026-09-18,,,Gowanus Dredgers Canoe Club Boathouse,Civic Associations,https://www.eventbrite.com/e/rain-garden-stewardship-sponge-park-bond-gardens-tickets-1998802326565
Gowanus Canal Conservancy: Habitat Hunt,20th Anniversary Fall Tour Series. Can urban landscapes have habitat that supports native flora and fauna? With Education Program Senior Manager Jen Kepler. Ends 6:30 PM.,2026-09-18,17:00,2026-09-18,,,,Civic Associations,https://gowanuscanalconservancy.org/events/
Old Stone House: BREAD AND PUPPET: The Upside Down World Circus (4:00 PM Show),The Bread and Puppet Circus returns to the Old Stone House! Ends 5:00 PM.,2026-09-18,16:00,2026-09-18,,,Old Stone House of Brooklyn,Arts & Culture,https://www.eventbrite.com/e/bread-and-puppet-the-upside-down-world-circus-tickets-1992772406913
Old Stone House: BREAD AND PUPPET: The Upside Down World Circus (8:00 PM Show),The Bread and Puppet Circus returns to the Old Stone House! Ends 9:00 PM.,2026-09-18,20:00,2026-09-18,,,Old Stone House of Brooklyn,Arts & Culture,https://www.eventbrite.com/e/bread-and-puppet-the-upside-down-world-circus-tickets-1992772418949
Carroll Park Fall Fair,"Friends of Carroll Park presents the Carroll Park Fall Fair: clothes, art and crafts, music and toys. All donations benefit Carroll Park. Ends 5:00 PM.",2026-09-19,10:00,2026-09-19,,,Carroll Park,Community,
Gowanus Canal Conservancy: Lowlands Nursery Orientation Shift,"For new nursery volunteers, 10 AM to 1 PM: potting up seedlings, labeling plants and weeding, with a guided walk through the native gardens with staff.",2026-09-19,10:00,2026-09-19,,,Lowlands Nursery,Civic Associations,https://www.eventbrite.com/e/lowlands-nursery-orientation-shifts-tickets-1998560624628
Gowanus Canal Conservancy: Street Tree Stewardship,"Volunteer shift on 3rd Street, 10 AM to 1 PM: weeding, soil cultivation, planting and watering the young street trees. Come as you are; training and tools provided.",2026-09-19,10:00,2026-09-19,,,Meet outside the GCC office,Civic Associations,https://www.eventbrite.com/e/street-tree-stewardship-tickets-1999413941923
Freddy’s Dog Fashion Show,Dog fashion show hosted by AbbyTheDogMom with emcee Colt Lightning. Fundraiser and adoption event for BADASS Animal Rescue. Ends 6:00 PM.,2026-09-19,14:00,2026-09-19,,,"5th Avenue between 17th & 18th Streets, Park Slope",Community,
Old Stone House: Bike Jumble: Fall 2026,It’s the annual Fall Bike Jumble! Ends 4:00 PM.,2026-09-19,10:00,2026-09-19,,,Old Stone House of Brooklyn,Arts & Culture,https://www.eventbrite.com/e/bike-jumble-fall-2026-tickets-1998388245036
Park Slope Open Streets: Fall into a Good Book,,2026-09-19,,2026-09-19,,1,5th Avenue,Civic Associations,https://www.parkslopeopenstreets.org/calendar
ASP Suspended — Yom Kippur,,2026-09-21,,2026-09-21,,1,,City Notices,
Yom Kippur — Schools Closed,,2026-09-21,,2026-09-21,,1,,Schools,https://www.schools.nyc.gov/calendar/2026-2027-school-year-calendar
Old Stone House: Understanding NYC Government and How to Make a Difference,"Learn how NYC government works and how you can make an impact on issues that are important to you. Hosted by Mark A. Schneider, PhD. Ends 9:00 PM.",2026-09-23,19:00,2026-09-23,,,Old Stone House of Brooklyn,Arts & Culture,https://www.eventbrite.com/e/understanding-nyc-government-and-how-to-make-a-difference-tickets-1994096324787
NYC City Council Stated Meeting,,2026-09-23,13:30,2026-09-23,,,NYC City Hall,Government,https://legistar.council.nyc.gov/Calendar.aspx
BMT Advisory Task Force Meeting #6: Transportation and Blue Highways,Brooklyn Marine Terminal Advisory Task Force meeting on Transportation and Blue Highways. Virtual. 2:00–4:00 PM.,2026-09-24,14:00,2026-09-24,,,Virtual,Civic Associations,https://edc.nyc/brooklyn-marine-terminal-advisory-task-force
Grown-Up Bike Bus,Weekly group ride from Gowanus to the Upper East Side. Thursdays 8:00 AM.,2026-09-24,08:00,2026-09-24,,,Starts at Principles GI Coffee House,Community,https://principlesbk.nyc/upcoming-events
"Gowanus Canal Conservancy: Rain Garden Stewardship, 6th Street Green Corridor","Volunteer shift caring for the rain gardens, 10 AM to 12 PM. Training and tools provided: trash pickup, invasive plant ID and weeding, pruning, curb cleaning and sweeping. No experience necessary. Ages 14 and up; younger volunteers with a parent or guardian.",2026-09-25,10:00,2026-09-25,,,"22 2nd Avenue, Gowanus",Civic Associations,https://www.eventbrite.com/e/rain-garden-stewardship-6th-st-green-corridor-tickets-1998699523077
Gowanus Dawn Reading (10th Annual),"Tenth annual dawn reading on the Gowanus Canal: the poetry of Poe, read from canoes. An official Brooklyn Book Festival bookend event.",2026-09-25,07:45,2026-09-25,,,Gowanus Dredgers Boathouse,Arts & Culture,https://www.instagram.com/gowanusdredgers/
Vinyl Nights Presents Return to ’76 — New York Transit Museum,"One-night-only fundraiser marking 50 years of the New York Transit Museum, with the museum turned into a two-level vinyl dance party. Disco on the mezzanine with DJ Misbehaviour, funk and hip-hop on the platform with Operator Emz, and New Style Hustle lessons from 6 to 7 PM with Jeff Selby plus a DJ set by Miss Gypsy. Hosted by Rebecca Lynn, with a 1970s costume contest. Ticket includes admission and two drink tickets. Ends 9:00 PM.",2026-09-26,18:00,2026-09-26,,,New York Transit Museum,Civic Associations,https://www.nytransitmuseum.org/program/vinyl-nights/
Old Stone House: Brooklyn Pop-Up: Traditional Makers Fair,"Spotlighting textile arts, print design, glassblowing, ceramics, woodworking, weaving, knitting, crochet & more Ends 5:00 PM.",2026-09-26,10:00,2026-09-26,,,Old Stone House of Brooklyn,Arts & Culture,https://www.eventbrite.com/e/brooklyn-pop-up-traditional-makers-fair-tickets-1991001341609
Park Slope Super Stoop (2nd Annual),"Neighborhood-wide stoop sale presented by the Park Slope Civic Council. 11:00 AM–4:00 PM. Rain date Sunday, September 27.",2026-09-26,11:00,2026-09-26,,,Park Slope,Civic Associations,
ASP Suspended — Sukkot,,2026-09-26,,2026-09-26,,1,,City Notices,
Park Slope Open Streets: Park Slope Goes Green,,2026-09-26,,2026-09-26,,1,5th Avenue,Civic Associations,https://www.parkslopeopenstreets.org/calendar
Camp Friendship Brooklyn 1st Annual Pancake Breakfast,"All you can eat pancakes with sausage, coffee, orange juice and syrup, plus mimosas, a 50/50 raffle and T-shirts. Adults $20, kids and seniors $10. All proceeds fund Camp Friendship’s youth programs. Ends 11:30 AM.",2026-09-27,08:30,2026-09-27,,,Camp Friendship,Community,https://www.eventbrite.com/e/camp-friendship-brooklyn-1st-annual-pancake-breakfast-tickets-1996531782306
ASP Suspended — Sukkot,,2026-09-27,,2026-09-27,,1,,City Notices,
Atlantic Antic Street Festival,"Brooklyn’s oldest and largest street festival, presented by the Atlantic Avenue LDC. Food, crafts, family fun and free entertainment. Rain or shine. Ends 6:00 PM.",2026-09-27,12:00,2026-09-27,,,"Atlantic Avenue, Hicks Street to 4th Avenue",Civic Associations,https://www.atlanticave.org/atlanticantic
Park Slope Farmers Market,Year-round Sunday market. 9AM–2PM. Site host: Old Stone House.,2026-09-27,09:00,2026-09-27,,,Washington Park,Food & Markets,https://downtoearthmarkets.com/
Gowanus Canal Conservancy: Gowanus — Landscape in Transition,"20th Anniversary Fall Tour Series. How are green infrastructure, community advocacy and long-term stewardship reshaping Gowanus? With Executive Director Andrea Parker. Ends 7:30 PM.",2026-09-30,18:00,2026-09-30,,,,Civic Associations,https://gowanuscanalconservancy.org/events/
Free Flu Shots with Assemblymember Jo Anne Simon,"Free flu shots in partnership with NYU Langone Health. Insurance not required; you must be 18 or older. To schedule, use the form or contact Assemblymember Jo Anne Simon’s office at simonj@nyassembly.gov or 718-246-4889. Ends 6:00 PM.",2026-10-01,12:00,2026-10-01,,,NYU Langone—Cobble Hill Emergency Department,Civic Associations,https://forms.gle/9EH5G5w7Dk84MNkH9
Grown-Up Bike Bus,Weekly group ride from Gowanus to the Upper East Side. Thursdays 8:00 AM.,2026-10-01,08:00,2026-10-01,,,Starts at Principles GI Coffee House,Community,https://principlesbk.nyc/upcoming-events
Old Stone House: Classical For Kids,Classical pianist and parent Eleonor Bindman hosts this music listening event for families. Ends 4:00 PM.,2026-10-03,15:00,2026-10-03,,,Old Stone House of Brooklyn,Arts & Culture,https://www.eventbrite.com/e/classical-for-kids-tickets-1998691939394
ASP Suspended — Shemini Atzeret,,2026-10-03,,2026-10-03,,1,,City Notices,
Park Slope Open Streets: Park Slope Pet Day,,2026-10-03,,2026-10-03,,1,5th Avenue,Civic Associations,https://www.parkslopeopenstreets.org/calendar
Community Forum on the Brooklyn Marine Terminal,"Save the date: in-person community meeting on the future of the Brooklyn Marine Terminal, hosted by Resilient Red Hook. More details to come. 6:00–8:00 PM.",2026-09-28,18:00,2026-09-28,,,"Cabrini Hall, Sacred Hearts &amp; St. Stephen Church",Civic Associations,https://resilientredhook.com
76th Precinct Community Council Meeting,,2026-10-07,19:00,2026-10-07,,,76th Precinct,Public Safety,https://www.nyc.gov/site/nypd/bureaus/patrol/precincts/76th-precinct.page
NYC City Council Stated Meeting,,2026-10-07,13:30,2026-10-07,,,NYC City Hall,Government,https://legistar.council.nyc.gov/Calendar.aspx
ASP Suspended — Simchas Torah,,2026-10-04,,2026-10-04,,1,,City Notices,
BMT Advisory Task Force Meeting #7: BMT North #2,"Brooklyn Marine Terminal Advisory Task Force meeting, second session on BMT North. Virtual. 12:00–2:00 PM.",2026-10-08,12:00,2026-10-08,,,Virtual,Civic Associations,https://edc.nyc/brooklyn-marine-terminal-advisory-task-force
Gowanus Canal Conservancy: Nurturing Native Plants,20th Anniversary Fall Tour Series. What’s growing behind the fence on 9th St? A look at the native plant landscape with Lowlands Nursery staff. Ends 6:45 PM.,2026-10-08,17:30,2026-10-08,,,,Civic Associations,https://gowanuscanalconservancy.org/events/
Grown-Up Bike Bus,Weekly group ride from Gowanus to the Upper East Side. Thursdays 8:00 AM.,2026-10-08,08:00,2026-10-08,,,Starts at Principles GI Coffee House,Community,https://principlesbk.nyc/upcoming-events
Gowanus Canal Conservancy: Street Tree Stewardship,"Volunteer shift on 3rd Street, 10 AM to 1 PM: weeding, soil cultivation, planting and watering the young street trees. Come as you are; training and tools provided.",2026-10-10,10:00,2026-10-10,,,Meet outside the GCC office,Civic Associations,https://www.eventbrite.com/e/street-tree-stewardship-tickets-1998810900209
Park Slope Open Streets: Music in the Air,,2026-10-10,,2026-10-10,,1,5th Avenue,Civic Associations,https://www.parkslopeopenstreets.org/calendar
BKCM Grand Opening Parade: a musical march to the new campus,"A community celebration of the Brooklyn Conservatory of Music’s new campus. Join BKCM at 58 Seventh Avenue for a musical march to the new location, BKCM Prospect Park West. Ends 12:00 PM.",2026-10-11,10:00,2026-10-11,,,Starts at BKCM,Arts & Culture,https://bkcm.org/parade/
Old Stone House: Ensemble in Process: The Medieval Chronicles,Ticket link in description Ends 5:00 PM.,2026-10-11,15:30,2026-10-11,,,Old Stone House of Brooklyn,Arts & Culture,https://www.eventbrite.com/e/ensemble-in-process-the-medieval-chronicles-tickets-1992701661311
Pioneer Works: Second Sundays — October,,2026-10-11,12:00,2026-10-11,,,Pioneer Works,Arts & Culture,https://pioneerworks.org/series/second-sundays
Park Slope Farmers Market,Year-round Sunday market. 9AM–2PM. Site host: Old Stone House.,2026-10-11,09:00,2026-10-11,,,Washington Park,Food & Markets,https://downtoearthmarkets.com/
ASP Suspended — Italian Heritage / Indigenous Peoples' Day,,2026-10-12,,2026-10-12,,1,,City Notices,
Italian Heritage/Indigenous Peoples’ Day — Schools Closed,,2026-10-12,,2026-10-12,,1,,Schools,https://www.schools.nyc.gov/calendar/2026-2027-school-year-calendar
Old Stone House: Life Drawing October 2026,"Join us for Life Drawing at OSH, enjoy a community of local artists in this session with a professional model. Ends 9:30 PM.",2026-10-13,19:00,2026-10-13,,,Old Stone House of Brooklyn,Arts & Culture,https://www.eventbrite.com/e/life-drawing-october-2026-tickets-1990938827628
Old Stone House: Understanding NYC Government and How to Make a Difference,"Learn how NYC government works and how you can make an impact on issues that are important to you. Hosted by Mark A. Schneider, PhD. Ends 9:00 PM.",2026-10-14,19:00,2026-10-14,,,Old Stone House of Brooklyn,Arts & Culture,https://www.eventbrite.com/e/understanding-nyc-government-and-how-to-make-a-difference-tickets-1994096332811
BKBP ULURP Public Hearing,,2026-10-14,18:00,2026-10-14,,,Brooklyn Borough Hall,Government,https://www.brooklynbp.nyc.gov/event/ulurp-public-hearing-meeting-9/
Gowanus Canal Conservancy: Gowanus — Landscape in Transition,"20th Anniversary Fall Tour Series. How are green infrastructure, community advocacy and long-term stewardship reshaping Gowanus? With Executive Director Andrea Parker. Ends 7:30 PM.",2026-10-15,18:00,2026-10-15,,,,Civic Associations,https://gowanuscanalconservancy.org/events/
Grown-Up Bike Bus,Weekly group ride from Gowanus to the Upper East Side. Thursdays 8:00 AM.,2026-10-15,08:00,2026-10-15,,,Starts at Principles GI Coffee House,Community,https://principlesbk.nyc/upcoming-events
Gowanus Canal Conservancy: Growing on the Gowanus (11:00 AM Tour),20th Anniversary Fall Tour Series. What does it take to care for a thriving landscape at the edge of the Canal? With Gardener Aun O’Brien.,2026-10-17,11:00,2026-10-17,,,,Civic Associations,https://gowanuscanalconservancy.org/events/
Gowanus Canal Conservancy: Growing on the Gowanus (1:00 PM Tour),20th Anniversary Fall Tour Series. What does it take to care for a thriving landscape at the edge of the Canal? With Gardener Aun O’Brien.,2026-10-17,13:00,2026-10-17,,,,Civic Associations,https://gowanuscanalconservancy.org/events/
Gowanus Canal Conservancy: Growing on the Gowanus (3:00 PM Tour),20th Anniversary Fall Tour Series. What does it take to care for a thriving landscape at the edge of the Canal? With Gardener Aun O’Brien.,2026-10-17,15:00,2026-10-17,,,,Civic Associations,https://gowanuscanalconservancy.org/events/
Kids Town Hall & Resource Fair with Senator Andrew Gounardes,"Q&A session for local students with their State Senator on issues and concerns important to young people; the mic is for students to ask questions, and a parent or guardian is required. Resource fair with Brooklyn Public Library (bring a library card or sign up), CEC 15, NYC Kids RISE, Cool Culture, CPR Community Basics from NYU Langone Health, and the Girl Scouts of Greater New York. Questions: 718-238-6044 or gounardes@nysenate.gov. Ends 4:00 PM.",2026-10-17,14:00,2026-10-17,,,M.S. 51 William Alexander,Civic Associations,https://forms.gle/X9u31RFcTGNg3tD17
Old Stone House: The Perfume of Grief,Essential Oils for Emotional Healing Ends 3:30 PM.,2026-10-17,13:00,2026-10-17,,,Old Stone House of Brooklyn,Arts & Culture,https://www.eventbrite.com/e/the-perfume-of-grief-tickets-1992394316033
Arts Gowanus Open Studios (30th Annual) — Day 1 of 2,30th Annual Arts Gowanus Open Studios. Visit artist studios throughout Gowanus. Noon–6:00 PM.,2026-10-17,12:00,2026-10-17,,,Gowanus,Arts & Culture,https://www.artsgowanus.org/gowanus-open-studios
Park Slope Open Streets: Who Moves New York,,2026-10-17,,2026-10-17,,1,5th Avenue,Civic Associations,https://www.parkslopeopenstreets.org/calendar
Brooklyn Bridge Park Harvest Festival,,2026-10-17,11:00,2026-10-17,,,Brooklyn Bridge Park,Parks & Open Space,https://brooklynbridgepark.org/event/harvest-festival/
General: last day to update address,,2026-10-19,,2026-10-19,,1,,Elections,
Old Stone House: Understanding NYC Government and How to Make a Difference,"Learn how NYC government works and how you can make an impact on issues that are important to you. Hosted by Mark A. Schneider, PhD. Ends 9:00 PM.",2026-10-21,19:00,2026-10-21,,,Old Stone House of Brooklyn,Arts & Culture,https://www.eventbrite.com/e/understanding-nyc-government-and-how-to-make-a-difference-tickets-1994096338829
NYC City Council Stated Meeting,,2026-10-21,13:30,2026-10-21,,,NYC City Hall,Government,https://legistar.council.nyc.gov/Calendar.aspx
BMT Advisory Task Force Meeting #8: Atlantic Basin #2,"Brooklyn Marine Terminal Advisory Task Force meeting, second session on Atlantic Basin. Virtual. 12:00–2:00 PM.",2026-10-22,12:00,2026-10-22,,,Virtual,Civic Associations,https://edc.nyc/brooklyn-marine-terminal-advisory-task-force
Grown-Up Bike Bus,Weekly group ride from Gowanus to the Upper East Side. Thursdays 8:00 AM.,2026-10-22,08:00,2026-10-22,,,Starts at Principles GI Coffee House,Community,https://principlesbk.nyc/upcoming-events
Gowanus Canal Conservancy: Street Tree Stewardship,"Volunteer shift on 3rd Street, 10 AM to 1 PM: weeding, soil cultivation, planting and watering the young street trees. Come as you are; training and tools provided.",2026-10-24,10:00,2026-10-24,,,Meet outside the GCC office,Civic Associations,https://www.eventbrite.com/e/street-tree-stewardship-tickets-1998810902215
General: voter reg deadline · mail ballot request deadline · Early Voting opens,,2026-10-24,,2026-10-24,,1,,Elections,
🗳 Early Voting · 9AM–5PM,,2026-10-24,,2026-10-24,,1,,Elections,https://bkcb6.app/poll-finder-bk.html
Park Slope Open Streets: Movement & Health,,2026-10-24,,2026-10-24,,1,5th Avenue,Civic Associations,https://www.parkslopeopenstreets.org/calendar
🗳 Early Voting · 9AM–5PM,,2026-10-26,,2026-10-26,,1,,Elections,https://bkcb6.app/poll-finder-bk.html
🗳 Early Voting · 8AM–4PM,,2026-10-29,,2026-10-29,,1,,Elections,https://bkcb6.app/poll-finder-bk.html
Grown-Up Bike Bus,Weekly group ride from Gowanus to the Upper East Side. Thursdays 8:00 AM.,2026-10-29,08:00,2026-10-29,,,Starts at Principles GI Coffee House,Community,https://principlesbk.nyc/upcoming-events
"Gowanus Canal Conservancy: Rain Garden Stewardship, Sponge Park and Bond Gardens","Volunteer shift caring for the rain gardens, 10 AM to 12 PM. Training and tools provided: trash pickup, invasive plant ID and weeding, pruning, curb cleaning and sweeping. No experience necessary. Ages 14 and up; younger volunteers with a parent or guardian.",2026-10-30,10:00,2026-10-30,,,Gowanus Dredgers Canoe Club Boathouse,Civic Associations,https://www.eventbrite.com/e/rain-garden-stewardship-sponge-park-bond-gardens-tickets-1998802328571
🗳 Early Voting · 9AM–5PM,,2026-10-30,,2026-10-30,,1,,Elections,https://bkcb6.app/poll-finder-bk.html
Gowanus Canal Conservancy: Street Tree Stewardship,"Volunteer shift on 3rd Street, 10 AM to 1 PM: weeding, soil cultivation, planting and watering the young street trees. Come as you are; training and tools provided.",2026-10-31,10:00,2026-10-31,,,Meet outside the GCC office,Civic Associations,https://www.eventbrite.com/e/street-tree-stewardship-tickets-1998810903218
Park Slope Open Streets: Halloween 🎃,,2026-10-31,,2026-10-31,,1,5th Avenue,Civic Associations,https://www.parkslopeopenstreets.org/calendar
🗳 Early Voting · 9AM–5PM,,2026-10-31,,2026-10-31,,1,,Elections,https://bkcb6.app/poll-finder-bk.html
ASP Suspended — All Saints' Day,,2026-11-01,,2026-11-01,,1,,City Notices,
General Early Voting ends,,2026-11-01,,2026-11-01,,1,,Elections,
🗳 Early Voting · 9AM–5PM (last day),,2026-11-01,,2026-11-01,,1,,Elections,https://bkcb6.app/poll-finder-bk.html
Park Slope Farmers Market,Year-round Sunday market. 9AM–2PM. Site host: Old Stone House.,2026-11-01,09:00,2026-11-01,,,Washington Park,Food & Markets,https://downtoearthmarkets.com/
76th Precinct Community Council Meeting,,2026-11-04,19:00,2026-11-04,,,76th Precinct,Public Safety,https://www.nyc.gov/site/nypd/bureaus/patrol/precincts/76th-precinct.page
NYC City Council Stated Meeting,,2026-11-04,13:30,2026-11-04,,,NYC City Hall,Government,https://legistar.council.nyc.gov/Calendar.aspx
General: last day to request mail ballot in person,,2026-11-02,,2026-11-02,,1,,Elections,
ASP Suspended — Election Day,,2026-11-03,,2026-11-03,,1,,City Notices,
🗳 General Election Day · polls 6am–9pm · last day to submit mail ballots,,2026-11-03,,2026-11-03,,1,,Elections,
Election Day — Remote Learning (no in-person),,2026-11-03,,2026-11-03,,1,,Schools,https://www.schools.nyc.gov/calendar/2026-2027-school-year-calendar
Grown-Up Bike Bus,Weekly group ride from Gowanus to the Upper East Side. Thursdays 8:00 AM.,2026-11-05,08:00,2026-11-05,,,Starts at Principles GI Coffee House,Community,https://principlesbk.nyc/upcoming-events
ASP Suspended — Diwali,,2026-11-08,,2026-11-08,,1,,City Notices,
Pioneer Works: Second Sundays — November,,2026-11-08,12:00,2026-11-08,,,Pioneer Works,Arts & Culture,https://pioneerworks.org/series/second-sundays
Park Slope Farmers Market,Year-round Sunday market. 9AM–2PM. Site host: Old Stone House.,2026-11-08,09:00,2026-11-08,,,Washington Park,Food & Markets,https://downtoearthmarkets.com/
BKBP ULURP Public Hearing,,2026-11-10,18:00,2026-11-10,,,Brooklyn Borough Hall,Government,https://www.brooklynbp.nyc.gov/event/ulurp-public-hearing-meeting-tuesday/
ASP Suspended — Veterans Day,,2026-11-11,,2026-11-11,,1,,City Notices,
FAC: Introduction to Homebuying Workshop,,2026-11-11,18:00,2026-11-11,,,Fifth Avenue Committee,Civic Associations,https://fifthave.org/blog/event/introduction-to-homebuying-workshop-14/
Veterans Day — Schools Closed,,2026-11-11,,2026-11-11,,1,,Schools,https://www.schools.nyc.gov/calendar/2026-2027-school-year-calendar
NYC City Council Stated Meeting,,2026-11-18,13:30,2026-11-18,,,NYC City Hall,Government,https://legistar.council.nyc.gov/Calendar.aspx
ASP Suspended — Thanksgiving,,2026-11-26,,2026-11-26,,1,,City Notices,
Grown-Up Bike Bus,Weekly group ride from Gowanus to the Upper East Side. Thursdays 8:00 AM.,2026-11-26,08:00,2026-11-26,,,Starts at Principles GI Coffee House,Community,https://principlesbk.nyc/upcoming-events
Thanksgiving Recess — Schools Closed,,2026-11-26,,2026-11-26,,1,,Schools,https://www.schools.nyc.gov/calendar/2026-2027-school-year-calendar
Thanksgiving Recess — Schools Closed,,2026-11-27,,2026-11-27,,1,,Schools,https://www.schools.nyc.gov/calendar/2026-2027-school-year-calendar
ASP Suspended — Immaculate Conception,,2026-12-08,,2026-12-08,,1,,City Notices,
FAC: Introduction to Homebuying Workshop,,2026-12-08,18:00,2026-12-08,,,Fifth Avenue Committee,Civic Associations,https://fifthave.org/blog/event/introduction-to-homebuying-workshop-11/
BKBP ULURP Public Hearing,,2026-12-09,08:00,2026-12-09,,,Brooklyn Borough Hall,Government,https://www.brooklynbp.nyc.gov/event/ulurp-public-hearing-meeting-10/
NYC City Council Stated Meeting,,2026-12-16,13:30,2026-12-16,,,NYC City Hall,Government,https://legistar.council.nyc.gov/Calendar.aspx
Grown-Up Bike Bus,Weekly group ride from Gowanus to the Upper East Side. Thursdays 8:00 AM.,2026-12-24,08:00,2026-12-24,,,Starts at Principles GI Coffee House,Community,https://principlesbk.nyc/upcoming-events
Winter Recess begins — Schools Closed,,2026-12-24,,2026-12-24,,1,,Schools,https://www.schools.nyc.gov/calendar/2026-2027-school-year-calendar
76th Precinct Community Council Meeting,,2026-12-02,19:00,2026-12-02,,,76th Precinct,Public Safety,https://www.nyc.gov/site/nypd/bureaus/patrol/precincts/76th-precinct.page
NYC City Council Stated Meeting,,2026-12-02,13:30,2026-12-02,,,NYC City Hall,Government,https://legistar.council.nyc.gov/Calendar.aspx
ASP Suspended — Christmas Day,,2026-12-25,,2026-12-25,,1,,City Notices,
Winter Recess — Schools Closed,,2026-12-25,,2026-12-25,,1,,Schools,https://www.schools.nyc.gov/calendar/2026-2027-school-year-calendar
Winter Recess — Schools Closed,,2026-12-28,,2026-12-28,,1,,Schools,https://www.schools.nyc.gov/calendar/2026-2027-school-year-calendar
Park Slope Farmers Market,Year-round Sunday market. 9AM–2PM. Site host: Old Stone House.,2026-09-20,09:00,2026-09-20,,,Washington Park,Food & Markets,https://downtoearthmarkets.com/
Arts Gowanus Open Studios (30th Annual) — Day 2 of 2,30th Annual Arts Gowanus Open Studios. Visit artist studios throughout Gowanus. Noon–6:00 PM.,2026-10-18,12:00,2026-10-18,,,Gowanus,Arts & Culture,https://www.artsgowanus.org/gowanus-open-studios
Park Slope Farmers Market,Year-round Sunday market. 9AM–2PM. Site host: Old Stone House.,2026-10-18,09:00,2026-10-18,,,Washington Park,Food & Markets,https://downtoearthmarkets.com/
Park Slope Farmers Market,Year-round Sunday market. 9AM–2PM. Site host: Old Stone House.,2026-10-25,09:00,2026-10-25,,,Washington Park,Food & Markets,https://downtoearthmarkets.com/
🗳 Early Voting · 9AM–5PM,,2026-10-25,,2026-10-25,,1,,Elections,https://bkcb6.app/poll-finder-bk.html
Old Stone House: NEW PLAY: Fourth Avenue (Brooklyn),A new American play about an old American story. Ends 10:00 PM.,2026-11-12,20:00,2026-11-12,,,Old Stone House of Brooklyn,Arts & Culture,https://www.eventbrite.com/e/new-play-fourth-avenue-brooklyn-tickets-1989959517485
Grown-Up Bike Bus,Weekly group ride from Gowanus to the Upper East Side. Thursdays 8:00 AM.,2026-11-12,08:00,2026-11-12,,,Starts at Principles GI Coffee House,Community,https://principlesbk.nyc/upcoming-events
Old Stone House: Bitters & Amaros With Julianne Zaleta,Just before Thanksgiving Day and the upcoming season of overeating! Ends 1:31 PM.,2026-11-14,12:00,2026-11-14,,,Old Stone House of Brooklyn,Arts & Culture,https://www.eventbrite.com/e/bitters-amaros-with-julianne-zaleta-tickets-1984826810420
Old Stone House: NEW PLAY: Fourth Avenue (Brooklyn),A new American play about an old American story. Ends 9:00 PM.,2026-11-14,19:00,2026-11-14,,,Old Stone House of Brooklyn,Arts & Culture,https://www.eventbrite.com/e/new-play-fourth-avenue-brooklyn-tickets-1989959692007
Old Stone House: NEW PLAY: Fourth Avenue (Brooklyn),A new American play about an old American story. Ends 10:00 PM.,2026-11-13,20:00,2026-11-13,,,Old Stone House of Brooklyn,Arts & Culture,https://www.eventbrite.com/e/new-play-fourth-avenue-brooklyn-tickets-1989959670944
Old Stone House: NEW PLAY: Fourth Avenue (Brooklyn),A new American play about an old American story. Ends 4:00 PM.,2026-11-15,14:00,2026-11-15,,,Old Stone House of Brooklyn,Arts & Culture,https://www.eventbrite.com/e/new-play-fourth-avenue-brooklyn-tickets-1989960379062
Park Slope Farmers Market,Year-round Sunday market. 9AM–2PM. Site host: Old Stone House.,2026-11-15,09:00,2026-11-15,,,Washington Park,Food & Markets,https://downtoearthmarkets.com/
Old Stone House: NEW PLAY: Fourth Avenue (Brooklyn),A new American play about an old American story. Ends 9:00 PM.,2026-11-19,19:00,2026-11-19,,,Old Stone House of Brooklyn,Arts & Culture,https://www.eventbrite.com/e/new-play-fourth-avenue-brooklyn-tickets-1989960404137
Grown-Up Bike Bus,Weekly group ride from Gowanus to the Upper East Side. Thursdays 8:00 AM.,2026-11-19,08:00,2026-11-19,,,Starts at Principles GI Coffee House,Community,https://principlesbk.nyc/upcoming-events
Old Stone House: Wreath Workshop with Sam Lewis,Create a beautiful winter wreath for your home with guidance from the OSH garden team! Ends 4:00 PM.,2026-11-21,12:00,2026-11-21,,,Old Stone House of Brooklyn,Arts & Culture,https://www.eventbrite.com/e/wreath-workshop-with-sam-lewis-tickets-1991289219660
CHiPS Free Monthly Food Distribution at PS 15,"Visit the CHiPS pantry van for free pantry items and fresh produce. Monthly on Fridays: 9/18, 10/16, 11/20 and 12/11. To volunteer, email volunteer@chipsonline.org. Ends 3:00 PM.",2026-11-20,13:30,2026-11-20,,,PS 15,Community,https://chipsonline.org
Old Stone House: NEW PLAY: Fourth Avenue (Brooklyn),A new American play about an old American story. Ends 9:00 PM.,2026-11-20,19:00,2026-11-20,,,Old Stone House of Brooklyn,Arts & Culture,https://www.eventbrite.com/e/new-play-fourth-avenue-brooklyn-tickets-1989960413164
Old Stone House: NEW PLAY: Fourth Avenue (Brooklyn),A new American play about an old American story. Ends 4:00 PM.,2026-11-22,14:00,2026-11-22,,,Old Stone House of Brooklyn,Arts & Culture,https://www.eventbrite.com/e/new-play-fourth-avenue-brooklyn-tickets-1989960427206
Park Slope Farmers Market,Year-round Sunday market. 9AM–2PM. Site host: Old Stone House.,2026-11-22,09:00,2026-11-22,,,Washington Park,Food & Markets,https://downtoearthmarkets.com/
5th Avenue Tree Lighting — Small Business Saturday,"Annual tree lighting on Small Business Saturday, hosted by the Park Slope Fifth Avenue BID. Fun for all. Ends 5:30 PM.",2026-11-28,16:30,2026-11-28,,,"5th Avenue at 4th Street, Park Slope",Civic Associations,https://parkslopefifthavenuebid.com/event/5th-avenue-tree-lighting-small-business-saturday/
Park Slope Farmers Market,Year-round Sunday market. 9AM–2PM. Site host: Old Stone House.,2026-11-29,09:00,2026-11-29,,,Washington Park,Food & Markets,https://downtoearthmarkets.com/
Grown-Up Bike Bus,Weekly group ride from Gowanus to the Upper East Side. Thursdays 8:00 AM.,2026-12-03,08:00,2026-12-03,,,Starts at Principles GI Coffee House,Community,https://principlesbk.nyc/upcoming-events
Park Slope Farmers Market,Year-round Sunday market. 9AM–2PM. Site host: Old Stone House.,2026-12-06,09:00,2026-12-06,,,Washington Park,Food & Markets,https://downtoearthmarkets.com/
Old Stone House: Brooklyn Baroque at the Old Stone House,"Brooklyn Baroque presents a concert of music from Paris, c.1740. Ends 8:30 PM.",2026-12-10,19:00,2026-12-10,,,Old Stone House of Brooklyn,Arts & Culture,https://www.eventbrite.com/e/brooklyn-baroque-at-the-old-stone-house-tickets-1995245048651
Grown-Up Bike Bus,Weekly group ride from Gowanus to the Upper East Side. Thursdays 8:00 AM.,2026-12-10,08:00,2026-12-10,,,Starts at Principles GI Coffee House,Community,https://principlesbk.nyc/upcoming-events
CHiPS Free Monthly Food Distribution at PS 15,"Visit the CHiPS pantry van for free pantry items and fresh produce. Monthly on Fridays: 9/18, 10/16, 11/20 and 12/11. To volunteer, email volunteer@chipsonline.org. Ends 3:00 PM.",2026-12-11,13:30,2026-12-11,,,PS 15,Community,https://chipsonline.org
Old Stone House: Herbal Potions for Winter Wellness with Julianne Zaleta,"Julianne Zaleta shows you how to stay warm, healthy and protected against germs this winter. Ends 1:30 PM.",2026-12-12,12:00,2026-12-12,,,Old Stone House of Brooklyn,Arts & Culture,https://www.eventbrite.com/e/herbal-potions-for-winter-wellness-with-julianne-zaleta-tickets-1982632079922
Park Slope Farmers Market,Year-round Sunday market. 9AM–2PM. Site host: Old Stone House.,2026-12-13,09:00,2026-12-13,,,Washington Park,Food & Markets,https://downtoearthmarkets.com/
Grown-Up Bike Bus,Weekly group ride from Gowanus to the Upper East Side. Thursdays 8:00 AM.,2026-12-17,08:00,2026-12-17,,,Starts at Principles GI Coffee House,Community,https://principlesbk.nyc/upcoming-events
Park Slope Farmers Market,Year-round Sunday market. 9AM–2PM. Site host: Old Stone House.,2026-12-20,09:00,2026-12-20,,,Washington Park,Food & Markets,https://downtoearthmarkets.com/
Park Slope Farmers Market,Year-round Sunday market. 9AM–2PM. Site host: Old Stone House.,2026-12-27,09:00,2026-12-27,,,Washington Park,Food & Markets,https://downtoearthmarkets.com/
Park Slope Food Coop: Annual Meeting and General Meeting,"The Coop’s Annual Meeting, where members elect the Board of Directors, held with the June General Meeting. Members only; the agenda with the location and how to attend is posted about three weeks ahead.",2027-06-29,19:00,2027-06-29,,,See the GM agenda for the location,Food & Markets,https://www.foodcoop.com/gmagenda
Alternate Side Parking Suspended,,2026-09-21,,2026-09-21,,1,,City Notices,https://brooklyncb6.cityofnewyork.us/event/alternate-side-parking-suspended-78/
Alternate Side Parking Suspended,,2026-09-26,,2026-09-26,,1,,City Notices,https://brooklyncb6.cityofnewyork.us/event/alternate-side-parking-suspended-79/
Alternate Side Parking Suspended,,2026-09-27,,2026-09-27,,1,,City Notices,https://brooklyncb6.cityofnewyork.us/event/alternate-side-parking-suspended-80/
Alternate Side Parking Suspended,,2026-10-03,,2026-10-03,,1,,City Notices,https://brooklyncb6.cityofnewyork.us/event/alternate-side-parking-suspended-81/
Alternate Side Parking Suspended,,2026-10-04,,2026-10-04,,1,,City Notices,https://brooklyncb6.cityofnewyork.us/event/alternate-side-parking-suspended-82/
Alternate Side Parking Suspended,,2026-10-12,,2026-10-12,,1,,City Notices,https://brooklyncb6.cityofnewyork.us/event/alternate-side-parking-suspended-83/
Early Voting — November 2026 General Election,"Early Voting for the November 3, 2026 General Election. Find your assigned early voting poll site and hours at vote.nyc. Hours vary by day. More info: https://www.vote.nyc/elections",2026-10-24,,2026-10-24,,1,,Community,https://brooklyncb6.cityofnewyork.us/event/early-voting-november-2026-general-election/
Early Voting — November 2026 General Election,"Early Voting for the November 3, 2026 General Election. Find your assigned early voting poll site and hours at vote.nyc. Hours vary by day. More info: https://www.vote.nyc/elections",2026-10-25,,2026-10-25,,1,,Community,https://brooklyncb6.cityofnewyork.us/event/early-voting-november-2026-general-election-2/
Early Voting — November 2026 General Election,"Early Voting for the November 3, 2026 General Election. Find your assigned early voting poll site and hours at vote.nyc. Hours vary by day. More info: https://www.vote.nyc/elections",2026-10-26,,2026-10-26,,1,,Community,https://brooklyncb6.cityofnewyork.us/event/early-voting-november-2026-general-election-3/
Early Voting — November 2026 General Election,"Early Voting for the November 3, 2026 General Election. Find your assigned early voting poll site and hours at vote.nyc. Hours vary by day. More info: https://www.vote.nyc/elections",2026-10-27,,2026-10-27,,1,,Community,https://brooklyncb6.cityofnewyork.us/event/early-voting-november-2026-general-election-4/
Early Voting — November 2026 General Election,"Early Voting for the November 3, 2026 General Election. Find your assigned early voting poll site and hours at vote.nyc. Hours vary by day. More info: https://www.vote.nyc/elections",2026-10-28,,2026-10-28,,1,,Community,https://brooklyncb6.cityofnewyork.us/event/early-voting-november-2026-general-election-5/
Early Voting — November 2026 General Election,"Early Voting for the November 3, 2026 General Election. Find your assigned early voting poll site and hours at vote.nyc. Hours vary by day. More info: https://www.vote.nyc/elections",2026-10-29,,2026-10-29,,1,,Community,https://brooklyncb6.cityofnewyork.us/event/early-voting-november-2026-general-election-6/
Early Voting — November 2026 General Election,"Early Voting for the November 3, 2026 General Election. Find your assigned early voting poll site and hours at vote.nyc. Hours vary by day. More info: https://www.vote.nyc/elections",2026-10-30,,2026-10-30,,1,,Community,https://brooklyncb6.cityofnewyork.us/event/early-voting-november-2026-general-election-7/
Early Voting — November 2026 General Election,"Early Voting for the November 3, 2026 General Election. Find your assigned early voting poll site and hours at vote.nyc. Hours vary by day. More info: https://www.vote.nyc/elections",2026-10-31,,2026-10-31,,1,,Community,https://brooklyncb6.cityofnewyork.us/event/early-voting-november-2026-general-election-8/
Alternate Side Parking Suspended,,2026-11-01,,2026-11-01,,1,,City Notices,https://brooklyncb6.cityofnewyork.us/event/alternate-side-parking-suspended-84/
Early Voting — November 2026 General Election,"Early Voting for the November 3, 2026 General Election. Find your assigned early voting poll site and hours at vote.nyc. Hours vary by day. More info: https://www.vote.nyc/elections",2026-11-01,,2026-11-01,,1,,Community,https://brooklyncb6.cityofnewyork.us/event/early-voting-november-2026-general-election-9/
Alternate Side Parking Suspended,,2026-11-03,,2026-11-03,,1,,City Notices,https://brooklyncb6.cityofnewyork.us/event/alternate-side-parking-suspended-85/
Alternate Side Parking Suspended,,2026-11-08,,2026-11-08,,1,,City Notices,https://brooklyncb6.cityofnewyork.us/event/alternate-side-parking-suspended-86/
On Location with Artichoke Dance | Robin Michals,"On Location with Artichoke Dance is a solo exhibition by Brooklyn-based photographer Robin Michals. Curated by Pam Wong, the exhibit showcases photographs of Artichoke Dance Company performing the Immersive Performance Tours of Gowanus conceived by Lynn Neuman in 2021, and co-hosted annually with various environmental and social justice organizations. The photographs on view feature Artichoke dancers moving through Gowanus in space and time and include images at the defunct Salt Lot in 2021 and the new 420 Carroll Street development in 2026. Michals merges the genres of dance photography and urban landscape photography in vibrant shots that capture the performances as well as the evolution of the neighborhood. The photos juxtapose the dancers as they work together to create patterns and shapes against a backdrop of the transforming waterfront. The photos offer an interpretation of the performances as a positive vision of urban life that values art, collaboration, and environmental awareness. In addition, there is a portrait of Neuman, in costume, on the tipping floor at SIMS Municipal Recycling, taken for Michals and Neuman’s collaborative project Waste Side Story. Michals and Neuman met in 2018 through a residency offered by Works on Water and Underwater New York on Governors Island. Michals, who had been working on environmental issues for 15 years, was struck by Lynn’s upcycling of plastic bags into costumes, and the pair began to work together to make images of a dancer wearing the costumes at locations that reflect the lifecycle of plastics from production to various end points including landfills and oceans. Several of these images were exhibited at The Old Stone House in 2021. Robin shifted her focus to dance photography after the pandemic, starting with her work with the Times Square Project in 2020 and 2021. For Robin, photographing the Artichoke Dance tours is an incredible opportunity to bring together her longstanding love of urban landscape photography and her much more recent, but no less profound, love of dance photography. —————- ON LOCATION WITH ARTICHOKE DANCE On view Saturdays: Sept 12, 19, 26 and Oct 3 from 1-5pm ON LOCATION WITH ARTICHOKE DANCE Programs: Sept. 12 (2:00–2:30pm): Video screening of Immersive Performance Tour Highlights: 2021–2026 with Artichoke Dance Company Sept. 12 (2:30-4:30pm): Join a guided tour using the Gowanus Augmented Reality Walking Tour App featuring animated virtual environments of the past as visual overlays on the canal-scape, as well as the Underground Waterways Soundwalk where voices from the past murmur and sing, led by Sarah Drury, Project Director. iPads and headphones provided, or download to your iPhone. The 20-minute tour will be available from 2:30-4:30pm. Sept. 19 (2:00pm): Pop-up performance by Artichoke Dance Company Sept. 26 (2:00pm): Pop-up performance by Artichoke Dance Company Sept. 26 (2:30pm): Role of the Arts in Change Making: A Conversation with Naturally Occurring Cultural Districts of New York Oct. 3 (2:00pm): Pop-up performance by Artichoke Dance Company —————- About the Artist: Robin Michals is a photographer who specializes in dance and performance. She is completely omnivorous when it comes to dance with an interest in all forms from folkloric to street dance. Her clients include the international Human Rights Arts Festival and the Queensboro Dance Festival among many others. In 2025, she had a public installation of photos of dancers at the party Vinyl Nights in Albee Square in Downtown Brooklyn, sponsored by Downtown Brooklyn Partnership. Her work has also been in numerous publications including Hyperallergic, Queens Chronicle, and Time Out. Before shifting her focus to performance, she spent 15 years documenting environment issues including climate change and the fossil fuel industries. She was raised in Manhattan and moved to Brooklyn in the last century. Robin has taught photography at City Tech, CUNY, where her students are from all over the world, for 23 years. For more info: www.robinmichals.com About Artichoke Dance: Artichoke Dance Company, based in Brooklyn, NY, is known for innovative and engaging performances paired with environmental activism, education, community building and civic engagement. Previous large-scale projects have addressed plastic pollution mitigation on Coney Island, single use plastic bags in New York, sea level rise and climate migration, the remediation of the Gowanus Canal, river revitalization in Los Angeles, and water use and rights in the desert southwest. Under the Direction of Lynn Neuman, Artichoke Dance Company also annually produces an Eco-Arts Festival during NYC Climate Week on Governors Island, bringing visual and performing arts and climate consciousness together through participatory workshops, exhibitions, and performances. Neuman began Artichoke’s Immersive Performance Tours of Gowanus drawing on her many years of experience organizing with the Gowanus Neighborhood Coalition for Justice. Artichoke’s ecoarts activism training program, Artichoke Ambassadors, and fellowship program, Arts Incubator for Change Making, trains and mentors the next generation of ecoarts activists. Incorporated as a non-profit in 1999, Artichoke Dance has held 23 New York seasons and toured nationally and internationally. For more info: www.artichokedance.org.",2026-09-19,,2026-09-19,,1,"Gowanus Dredgers Canoe Club Boathouse, 165 2nd St, Brooklyn, NY, 11231, United States",Arts & Culture,https://gowanusdredgers.org/event/on-location-with-artichoke-dance-robin-michals/2026-09-19/
FREE Walk-Up Paddling - 2nd St.,"Hop into a Gowanus Dredgers canoe and paddle at your own pace inside the protected Gowanus Canal. Enjoy discovering the canal’s unique mix of wildlife and urban waterway infrastructure, practice your paddling skills, or take a guided audio tour and learn more about the history, cleanup and revitalization of our favorite urban waterway. We’ll outfit you with a life jacket (which must be worn at all times) and paddle, offer some basic instruction on how to paddle and safety tips on how to use a canoe, and help you set off on your own self-guided journey. Trips may be limited to 20 minutes if there’s a crowd — but usually we just expect you to return to the dock 15 min. prior to closing. Who can participate? Paddling is for everyone! Free walk-up canoeing is open to all ages. Groups, families, solo paddlers, and intrepid first dates are all welcome! Minors require a guardian’s signature to participate, and all participants must sign a waiver. What should I wear? Dress for the weather: wear sunscreen, hats, and bring a water bottle — and bring layers if there’s a breeze! Close-toed shoes are recommended, and wear clothing you don’t mind potentially being splashed. Is it really free? Yes! But donations are encouraged to help us continue offering these and other programs. Can I volunteer? Yes! You can sign up to volunteer here. No prior experience is required, but we love return volunteers! Note: Volunteer shifts run from 30-minutes before the start of the program through the first two hours, or from the middle of the program to 30 minutes after the end of the scheduled time.",2026-09-19,,2026-09-19,,1,"Gowanus Dredgers Canoe Club Boathouse, 165 2nd St, Brooklyn, NY, 11231, United States",Arts & Culture,https://gowanusdredgers.org/event/__trashed-20/
Cultural Ecologies Series 2026: Unheard-of + Mehrnam Rastegari Trio,"Cultural Ecologies Series 2026: Unheard-of and the Gowanus Dredgers present Mehrnam Rastegari Trio Dredgers Bunker, 2 19th Street, NY 11232 Date and Time: September 19, 2026, 6:30PM Canoe Launch, 7PM Music On September 19th, Unheard-of presents a new expansive electroacoustic commission by Matt McBane exploring underwater topographies in acoustic and synth forms paired with a set by Mehrnam Rastegari and her trio. Rastegari is a prominent Persian musician, award-winning film score composer, and master Kamancheh player bringing Persian music in new directions with inflections of rock, jazz, and modern fusion. TICKET RSVP OR RESERVE YOUR CANOE SEAT HERE — These free performances will take place at the Gowanus Dredgers Bunker as well as their satellite locations including the paddle-in movie location and Boathouse (both ADA accessible). The audience will be able to attend the performance either via canoe (reserved in advance via the Dredgers), sitting on one of the Dredgers’ new docks, or on shore via an accessible location. Unheard-of will be on a floating dock with full live sound setup literally floating on the canal. Each performance opens with a talk given by members of the Dredgers about their work in the Canal. Credits: Unheard-of’s Cultural Ecologies series is supported, in part, by public funds from the New York City Department of Cultural Affairs in partnership with the City Council. Unheard-of Ensemble is a recipient of a 2026 Chamber Music America Artistic Projects grant for our Cultural Ecologies series New Pathways Initiative. The Artistic Projects program is administered by Chamber Music America and made possible with funding from the Howard Gilman Foundation. Unheard-of’s 2025-2026 performances are made possible by the New York State Council on the Arts with the support of the Office of the Governor and the New York State Legislature.",2026-09-19,,2026-09-19,,1,"Gowanus Dredgers Bunker (19th St.), 2 19th St., Brooklyn, NY",Arts & Culture,https://gowanusdredgers.org/event/cultural-ecologies-series-2026-unheard-of-mehrnam-rastegari-trio/
FREE Walk-Up Paddling - 2nd St.,"Hop into a Gowanus Dredgers canoe and paddle at your own pace inside the protected Gowanus Canal. Enjoy discovering the canal’s unique mix of wildlife and urban waterway infrastructure, practice your paddling skills, or take a guided audio tour and learn more about the history, cleanup and revitalization of our favorite urban waterway. We’ll outfit you with a life jacket (which must be worn at all times) and paddle, offer some basic instruction on how to paddle and safety tips on how to use a canoe, and help you set off on your own self-guided journey. Trips may be limited to 20 minutes if there’s a crowd — but usually we just expect you to return to the dock 15 min. prior to closing. Who can participate? Paddling is for everyone! Free walk-up canoeing is open to all ages. Groups, families, solo paddlers, and intrepid first dates are all welcome! Minors require a guardian’s signature to participate, and all participants must sign a waiver. What should I wear? Dress for the weather: wear sunscreen, hats, and bring a water bottle — and bring layers if there’s a breeze! Close-toed shoes are recommended, and wear clothing you don’t mind potentially being splashed. Is it really free? Yes! But donations are encouraged to help us continue offering these and other programs. Can I volunteer? Yes! You can sign up to volunteer here. No prior experience is required, but we love return volunteers! Note: Volunteer shifts run from 30-minutes before the start of the program through the first two hours, or from the middle of the program to 30 minutes after the end of the scheduled time.",2026-09-20,,2026-09-20,,1,"Gowanus Dredgers Canoe Club Boathouse, 165 2nd St, Brooklyn, NY, 11231, United States",Arts & Culture,https://gowanusdredgers.org/event/__trashed-21/
A Persistence of Cormorants Poetry Reading,"A Persistence of Cormorants is a summer-long poetry reading series on our shoreline featuring accomplished and exceptional poets from the New York area, many of who live in Brooklyn. On each of the scheduled Sundays, from 1:30 to 3:30, up to four featured poets will read for 10 to 15 minutes each. Gerry reads poetry at the canal The readings will be followed by open mic time limited to ten readers (one poem no longer than 3 minutes) who have signed up the day of the reading on a first come basis. Reading will be outdoors at the Gowanus open shoreline and we invite you to engage with the emerging Gowanus Canal habitat as we witness the EPA conduct their SuperFUN/d cleanup program. Event may move to inside the boathouse if it begins to rain or we want to escape the summer heat. If other activity is occurring on the street or esplanade, event may move inside. Participation is free but we encourage donations to sustain the efforts of the Gowanus Dredgers Canoe Club, an advocacy stewardship organization who has been representing neighborhood interests for over two decades. May17 Linda Lerner, Patricia Carrigton, Abigail Welhouse, Bill Lessard June7 Susan Michele, Gregory Crosby, Melinda Wilson, Dennis Nurkse14 Donna Masini, Richard Smith, Maria Lisella, Elizabeth T Gray Jr.28 Elaine Sexton, Karen Hildebrand, Don Yorty, Judith Lee Herbert July12 David Katz, Estha Wiener, Shean Nevin, Katherine Swett19 Sarah Wallace, Ashley Mabitt, Zoe White, and Michael T. Young26 Broadstone Books: S.H. Case, Myra Malkin, Vera Salter, Stephanie Laterza, David Mills, Lucia Cherclu August2 Jiwon Choi, Amy Holman, Miranda Beeson, Sarah Sarai9 Kimiko Hahn, Joanne Solfrian, Sam Cha, Mervyn Taylor16 KGB: John Demming, Selena Spier, Tyler Allen, Penny Susan Lewis, Jada Gordon23 Karen Neuberg, Scott Hightower, Indran Amirthanayagam, Neil Shepard30 Titanic September13 Hilary Sideris, Tom Sleigh, Austin Alexis, Kristine Esser-Slentz20 Joanne McFarland, Ruth Danon, Brad Vogel, David Formanek27 Amy Lemmon, Jane Rosenberg LaForge, Richard Levine, Nicole Callihan October4 Lisa Andrews, Lisa Badner, Arden Levine, Anthony Capo11 Broadstone Books: Amy Barone, Margo Taft Stever, Billy Cancel, Mary Moloney",2026-09-20,,2026-09-20,,1,"Gowanus Dredgers Canoe Club Boathouse, 165 2nd St, Brooklyn, NY, 11231, United States",Arts & Culture,https://gowanusdredgers.org/event/a-persistence-of-cormorants-poetry-reading-3/2026-09-20/
Monthly Meeting + Paddle,"Socialize with the Dredgers at our BUNKER (2 19th St, off of 3rd Ave) for a casual member catch-up and paddle! We’ll gather at 6:30 for some chatting and aim to be on-water around 7:15. Meet at the Gowanus Dredgers Canoe Club 19th St. Launch, 2 19 St, Brooklyn, (off of 3rd Ave.). If you plan to join the paddle, wear sunscreen and bring a bottle filled with water. Close-toed shoes are recommended, and wear clothing you don’t mind potentially being splashed. Use a restroom before arrival, as we have limited facilities on-site. All paddlers must sign a waiver. Weather (wind, waves or evidence of storm) may cancel the paddling portion with one hour advance notice. In case of inclement weather, meeting will be relocated follow us on Instagram or sign up for our mailing list to stay informed.",2026-09-21,,2026-09-21,,1,NY,Arts & Culture,https://gowanusdredgers.org/event/monthly-meeting-paddle-2/2026-09-21/
Gowanus Jug & String Band Sessions,"Tuesday evenings, 6-8:30 April through October. At the Gowanus Dredgers Boathouse 165 2nd Street between Bond and the Gowanus Canal. We are excited to expand our musical offerings with this new weekly jam. Dredger Host: Liz Rabson Schnore Jam Leader: Papa Ernie Vega What Jug band and String band music? Let’s start with String band music. Black String band music, which will be our focus, was created by Southern Blacks and pre-dates the Blues & Jazz. Groups which consisted of mostly stringed instruments (guitar, banjo, bass, violin, mandolin, ukulele, etc) performed a wide variety of songs and styles for all manner of social functions and for personal enjoyment; two-steps, waltzes and breakdowns for dances, ballads and love songs, humorous & novelty songs, as well as blues, jazz, and pop tunes as they came into fashion. This genre, sadly, was under-represented by the burgeoning recording industry in the 1920’s and 30’s, which helped contribute to its already declining popularity in the wake of the success of the Blues and Jazz: though groups like the Mississippi Sheiks and the Dallas String Band did make great and popular recordings. The genre never completely died out, however, and is alive and well today thanks to the perseverance of its practitioners and the dedication of its fans, which has led to a rediscovery and a new appreciation by audiences young and old. Jug band music developed in the early 20th century within Southern Black communities and was essentially a string band with a jug used as a “poor man’s tuba”, in the role of a bass instrument. Other household items as instruments were popular as well; washboard and/or spoons for percussion, washtub bass, and kazoo. These combined with the guitars, banjos, mandolins/violins of the traditional string band, along with the harmonica, made for a unique sound that won the hearts of the public in the early days of the recording industry. The Memphis Jug Band and Cannon’s Jug Stompers recorded well over a hundred examples of blues, ballads, pop and dance numbers – and they’re just the tip of the iceberg. The genre found new life in the Folk Music Revival of the 1960’s and remains popular to this day. These sessions will be open to Intermediate and above players, and we encourage you to sing along and bring a song to lead. To lead a song, you will be expected to sing it loudly enough for those around you to hear, to know the key you will sing in, and to explain the chord changes and form of the song if need be. We may also discuss some ideas for performing in an ensemble to help everyone find their place in the music. Papa Ernie Vega is a NYC singer, instrumentalist, bandleader, teacher, songwriter and performing/recording artist. He has over 20 years of professional experience and has performed at the Newport Folk Festival, the Jug Band Jubilee and the Osaka Jug Band Festival. He also taught and performed at the Port Townsend Acoustic Blues Festival from 2016-2021. He is a lover of fine cheap food, old movies, humor, and photography. More information on all the Boathouse Jams HERE",2026-09-22,,2026-09-22,,1,"Gowanus Dredgers Canoe Club Boathouse, 165 2nd St, Brooklyn, NY, 11231, United States",Arts & Culture,https://gowanusdredgers.org/event/gowanus-jug-string-band-sessions-3/2026-09-22/
Boathouse Bluegrass Jam,"The Boathouse Jam every Wednesday evening 6-8:30 April-Oct. Just come, bring an acoustic instrument. The Boathouse Jam is hosted by the Gowanus Dredgers Canoe Club to activate our shoreline while fostering the continued resurgence of acoustical collaborations in Brooklyn. We are inclusive of all – young & old, new & seasoned musicians. Just bring a smile and your musical instrument and/or your voice to join our one night makeshift band. Free but a $5 suggested donation is encouraged, limited beverages are provided. The Boathouse is located at 165 2nd Street, Brooklyn NY between Bond Street and the Gowanus Canal. Sessions are rain or shine, we gather outside the Boathouse unless it’s cold or raining then we move inside. Since 1999, the Dredgers have empowered people to care for the Gowanus Canal through advocacy, conservation, and education. Our organization promotes waterfront stewardship and is raising awareness of sewer overflow issues that affect our Gowanus Canal in Brooklyn, NY. More information on all the Boathouse Jams HERE",2026-09-23,,2026-09-23,,1,"Gowanus Dredgers Canoe Club Boathouse, 165 2nd St, Brooklyn, NY, 11231, United States",Arts & Culture,https://gowanusdredgers.org/event/boathouse-bluegrass-jam-2/2026-09-23/
10th Annual Gowanus Dawn Reading,"Our 10th annual Gowanus Dawn Reading! Join us for the Poetry of Poe in canoes on the Gowanus Canal! Readers: Arrive at 7:00AM for boat launch. Request spot as a canoe reader in advance: poetsafloatnyc[@]gmail.com. (Launch location TBD) Audience: 7:45AM arrival to our reading location to hear via bridge and land. Location to be announced. Follow us on social media and/or sign up for our email list to get full details, we’ll update here when the locations are confirmed. Dredgers Captain Emeritus Brad Vogel & performer Melody Bates lead the colorful crew.",2026-09-25,,2026-09-25,,1,NY,Arts & Culture,https://gowanusdredgers.org/event/10th-annual-gowanus-dawn-reading/
On Location with Artichoke Dance | Robin Michals,"On Location with Artichoke Dance is a solo exhibition by Brooklyn-based photographer Robin Michals. Curated by Pam Wong, the exhibit showcases photographs of Artichoke Dance Company performing the Immersive Performance Tours of Gowanus conceived by Lynn Neuman in 2021, and co-hosted annually with various environmental and social justice organizations. The photographs on view feature Artichoke dancers moving through Gowanus in space and time and include images at the defunct Salt Lot in 2021 and the new 420 Carroll Street development in 2026. Michals merges the genres of dance photography and urban landscape photography in vibrant shots that capture the performances as well as the evolution of the neighborhood. The photos juxtapose the dancers as they work together to create patterns and shapes against a backdrop of the transforming waterfront. The photos offer an interpretation of the performances as a positive vision of urban life that values art, collaboration, and environmental awareness. In addition, there is a portrait of Neuman, in costume, on the tipping floor at SIMS Municipal Recycling, taken for Michals and Neuman’s collaborative project Waste Side Story. Michals and Neuman met in 2018 through a residency offered by Works on Water and Underwater New York on Governors Island. Michals, who had been working on environmental issues for 15 years, was struck by Lynn’s upcycling of plastic bags into costumes, and the pair began to work together to make images of a dancer wearing the costumes at locations that reflect the lifecycle of plastics from production to various end points including landfills and oceans. Several of these images were exhibited at The Old Stone House in 2021. Robin shifted her focus to dance photography after the pandemic, starting with her work with the Times Square Project in 2020 and 2021. For Robin, photographing the Artichoke Dance tours is an incredible opportunity to bring together her longstanding love of urban landscape photography and her much more recent, but no less profound, love of dance photography. —————- ON LOCATION WITH ARTICHOKE DANCE On view Saturdays: Sept 12, 19, 26 and Oct 3 from 1-5pm ON LOCATION WITH ARTICHOKE DANCE Programs: Sept. 12 (2:00–2:30pm): Video screening of Immersive Performance Tour Highlights: 2021–2026 with Artichoke Dance Company Sept. 12 (2:30-4:30pm): Join a guided tour using the Gowanus Augmented Reality Walking Tour App featuring animated virtual environments of the past as visual overlays on the canal-scape, as well as the Underground Waterways Soundwalk where voices from the past murmur and sing, led by Sarah Drury, Project Director. iPads and headphones provided, or download to your iPhone. The 20-minute tour will be available from 2:30-4:30pm. Sept. 19 (2:00pm): Pop-up performance by Artichoke Dance Company Sept. 26 (2:00pm): Pop-up performance by Artichoke Dance Company Sept. 26 (2:30pm): Role of the Arts in Change Making: A Conversation with Naturally Occurring Cultural Districts of New York Oct. 3 (2:00pm): Pop-up performance by Artichoke Dance Company —————- About the Artist: Robin Michals is a photographer who specializes in dance and performance. She is completely omnivorous when it comes to dance with an interest in all forms from folkloric to street dance. Her clients include the international Human Rights Arts Festival and the Queensboro Dance Festival among many others. In 2025, she had a public installation of photos of dancers at the party Vinyl Nights in Albee Square in Downtown Brooklyn, sponsored by Downtown Brooklyn Partnership. Her work has also been in numerous publications including Hyperallergic, Queens Chronicle, and Time Out. Before shifting her focus to performance, she spent 15 years documenting environment issues including climate change and the fossil fuel industries. She was raised in Manhattan and moved to Brooklyn in the last century. Robin has taught photography at City Tech, CUNY, where her students are from all over the world, for 23 years. For more info: www.robinmichals.com About Artichoke Dance: Artichoke Dance Company, based in Brooklyn, NY, is known for innovative and engaging performances paired with environmental activism, education, community building and civic engagement. Previous large-scale projects have addressed plastic pollution mitigation on Coney Island, single use plastic bags in New York, sea level rise and climate migration, the remediation of the Gowanus Canal, river revitalization in Los Angeles, and water use and rights in the desert southwest. Under the Direction of Lynn Neuman, Artichoke Dance Company also annually produces an Eco-Arts Festival during NYC Climate Week on Governors Island, bringing visual and performing arts and climate consciousness together through participatory workshops, exhibitions, and performances. Neuman began Artichoke’s Immersive Performance Tours of Gowanus drawing on her many years of experience organizing with the Gowanus Neighborhood Coalition for Justice. Artichoke’s ecoarts activism training program, Artichoke Ambassadors, and fellowship program, Arts Incubator for Change Making, trains and mentors the next generation of ecoarts activists. Incorporated as a non-profit in 1999, Artichoke Dance has held 23 New York seasons and toured nationally and internationally. For more info: www.artichokedance.org.",2026-09-26,,2026-09-26,,1,"Gowanus Dredgers Canoe Club Boathouse, 165 2nd St, Brooklyn, NY, 11231, United States",Arts & Culture,https://gowanusdredgers.org/event/on-location-with-artichoke-dance-robin-michals/2026-09-26/
Full Moon Gowanus Voyage - SEPTEMBER,"Join our Crew on a full-moon guided adventure!! Meet at the the Gowanus Dredgers Bunker, at the end of 19th St / off 3rd Ave, 11232 – NOT our 2nd St. boathouse. 🎟️ Tickets required, get yours here. 🎟️ (Tickets go on sale Tuesday, September 1 at 12:00 PM) Sunset 18:36 |Moonrise 18:34 | Civil End 19:13 | Nautical End 19:45 The stars should be on display along with harbor lights. We will provide lights for each canoe, you’re welcome to bring/wear your own head lamp as well. Each canoe will have up to 3 people. Solo paddlers are welcome, you will be paired with other members of the group based on experience and comfort in a canoe. Close-toed shoes are recommended, and wear clothing you don’t mind potentially being splashed. Use a restroom before arrival, as we have limited facilities on-site. Due to EPA cleaning of the Gowanus Canal, voyage will head towards the 9th St bridge and return to Gowanus Bay and our new South Gowanus Bunker. If raining or threatening weather (high winds, lightning) by 5:00 pm we may cancel. Attendees will be notified via the email used to purchase tickets. Tour is not cancelled due to clouds but let’s hope for a clear sky for the moon rise! Tickets are nonrefundable for any event that proceeds as planned. We will offer the option to transfer your ticket to another event if we have to cancel for weather. Transfer must be requested before the tour starts. If you choose not to transfer, the cost of your ticket becomes a tax-deductible donation to the Gowanus Dredgers.",2026-09-26,,2026-09-26,,1,"Gowanus Dredgers Bunker (19th St.), 2 19th St., Brooklyn, NY",Arts & Culture,https://gowanusdredgers.org/event/full-moon-gowanus-voyage-september-2/
A Persistence of Cormorants Poetry Reading,"A Persistence of Cormorants is a summer-long poetry reading series on our shoreline featuring accomplished and exceptional poets from the New York area, many of who live in Brooklyn. On each of the scheduled Sundays, from 1:30 to 3:30, up to four featured poets will read for 10 to 15 minutes each. Gerry reads poetry at the canal The readings will be followed by open mic time limited to ten readers (one poem no longer than 3 minutes) who have signed up the day of the reading on a first come basis. Reading will be outdoors at the Gowanus open shoreline and we invite you to engage with the emerging Gowanus Canal habitat as we witness the EPA conduct their SuperFUN/d cleanup program. Event may move to inside the boathouse if it begins to rain or we want to escape the summer heat. If other activity is occurring on the street or esplanade, event may move inside. Participation is free but we encourage donations to sustain the efforts of the Gowanus Dredgers Canoe Club, an advocacy stewardship organization who has been representing neighborhood interests for over two decades. May17 Linda Lerner, Patricia Carrigton, Abigail Welhouse, Bill Lessard June7 Susan Michele, Gregory Crosby, Melinda Wilson, Dennis Nurkse14 Donna Masini, Richard Smith, Maria Lisella, Elizabeth T Gray Jr.28 Elaine Sexton, Karen Hildebrand, Don Yorty, Judith Lee Herbert July12 David Katz, Estha Wiener, Shean Nevin, Katherine Swett19 Sarah Wallace, Ashley Mabitt, Zoe White, and Michael T. Young26 Broadstone Books: S.H. Case, Myra Malkin, Vera Salter, Stephanie Laterza, David Mills, Lucia Cherclu August2 Jiwon Choi, Amy Holman, Miranda Beeson, Sarah Sarai9 Kimiko Hahn, Joanne Solfrian, Sam Cha, Mervyn Taylor16 KGB: John Demming, Selena Spier, Tyler Allen, Penny Susan Lewis, Jada Gordon23 Karen Neuberg, Scott Hightower, Indran Amirthanayagam, Neil Shepard30 Titanic September13 Hilary Sideris, Tom Sleigh, Austin Alexis, Kristine Esser-Slentz20 Joanne McFarland, Ruth Danon, Brad Vogel, David Formanek27 Amy Lemmon, Jane Rosenberg LaForge, Richard Levine, Nicole Callihan October4 Lisa Andrews, Lisa Badner, Arden Levine, Anthony Capo11 Broadstone Books: Amy Barone, Margo Taft Stever, Billy Cancel, Mary Moloney",2026-09-27,,2026-09-27,,1,"Gowanus Dredgers Canoe Club Boathouse, 165 2nd St, Brooklyn, NY, 11231, United States",Arts & Culture,https://gowanusdredgers.org/event/a-persistence-of-cormorants-poetry-reading-3/2026-09-27/
Gowanus Jug & String Band Sessions,"Tuesday evenings, 6-8:30 April through October. At the Gowanus Dredgers Boathouse 165 2nd Street between Bond and the Gowanus Canal. We are excited to expand our musical offerings with this new weekly jam. Dredger Host: Liz Rabson Schnore Jam Leader: Papa Ernie Vega What Jug band and String band music? Let’s start with String band music. Black String band music, which will be our focus, was created by Southern Blacks and pre-dates the Blues & Jazz. Groups which consisted of mostly stringed instruments (guitar, banjo, bass, violin, mandolin, ukulele, etc) performed a wide variety of songs and styles for all manner of social functions and for personal enjoyment; two-steps, waltzes and breakdowns for dances, ballads and love songs, humorous & novelty songs, as well as blues, jazz, and pop tunes as they came into fashion. This genre, sadly, was under-represented by the burgeoning recording industry in the 1920’s and 30’s, which helped contribute to its already declining popularity in the wake of the success of the Blues and Jazz: though groups like the Mississippi Sheiks and the Dallas String Band did make great and popular recordings. The genre never completely died out, however, and is alive and well today thanks to the perseverance of its practitioners and the dedication of its fans, which has led to a rediscovery and a new appreciation by audiences young and old. Jug band music developed in the early 20th century within Southern Black communities and was essentially a string band with a jug used as a “poor man’s tuba”, in the role of a bass instrument. Other household items as instruments were popular as well; washboard and/or spoons for percussion, washtub bass, and kazoo. These combined with the guitars, banjos, mandolins/violins of the traditional string band, along with the harmonica, made for a unique sound that won the hearts of the public in the early days of the recording industry. The Memphis Jug Band and Cannon’s Jug Stompers recorded well over a hundred examples of blues, ballads, pop and dance numbers – and they’re just the tip of the iceberg. The genre found new life in the Folk Music Revival of the 1960’s and remains popular to this day. These sessions will be open to Intermediate and above players, and we encourage you to sing along and bring a song to lead. To lead a song, you will be expected to sing it loudly enough for those around you to hear, to know the key you will sing in, and to explain the chord changes and form of the song if need be. We may also discuss some ideas for performing in an ensemble to help everyone find their place in the music. Papa Ernie Vega is a NYC singer, instrumentalist, bandleader, teacher, songwriter and performing/recording artist. He has over 20 years of professional experience and has performed at the Newport Folk Festival, the Jug Band Jubilee and the Osaka Jug Band Festival. He also taught and performed at the Port Townsend Acoustic Blues Festival from 2016-2021. He is a lover of fine cheap food, old movies, humor, and photography. More information on all the Boathouse Jams HERE",2026-09-29,,2026-09-29,,1,"Gowanus Dredgers Canoe Club Boathouse, 165 2nd St, Brooklyn, NY, 11231, United States",Arts & Culture,https://gowanusdredgers.org/event/gowanus-jug-string-band-sessions-3/2026-09-29/
Boathouse Bluegrass Jam,"The Boathouse Jam every Wednesday evening 6-8:30 April-Oct. Just come, bring an acoustic instrument. The Boathouse Jam is hosted by the Gowanus Dredgers Canoe Club to activate our shoreline while fostering the continued resurgence of acoustical collaborations in Brooklyn. We are inclusive of all – young & old, new & seasoned musicians. Just bring a smile and your musical instrument and/or your voice to join our one night makeshift band. Free but a $5 suggested donation is encouraged, limited beverages are provided. The Boathouse is located at 165 2nd Street, Brooklyn NY between Bond Street and the Gowanus Canal. Sessions are rain or shine, we gather outside the Boathouse unless it’s cold or raining then we move inside. Since 1999, the Dredgers have empowered people to care for the Gowanus Canal through advocacy, conservation, and education. Our organization promotes waterfront stewardship and is raising awareness of sewer overflow issues that affect our Gowanus Canal in Brooklyn, NY. More information on all the Boathouse Jams HERE",2026-09-30,,2026-09-30,,1,"Gowanus Dredgers Canoe Club Boathouse, 165 2nd St, Brooklyn, NY, 11231, United States",Arts & Culture,https://gowanusdredgers.org/event/boathouse-bluegrass-jam-2/2026-09-30/
On Location with Artichoke Dance | Robin Michals,"On Location with Artichoke Dance is a solo exhibition by Brooklyn-based photographer Robin Michals. Curated by Pam Wong, the exhibit showcases photographs of Artichoke Dance Company performing the Immersive Performance Tours of Gowanus conceived by Lynn Neuman in 2021, and co-hosted annually with various environmental and social justice organizations. The photographs on view feature Artichoke dancers moving through Gowanus in space and time and include images at the defunct Salt Lot in 2021 and the new 420 Carroll Street development in 2026. Michals merges the genres of dance photography and urban landscape photography in vibrant shots that capture the performances as well as the evolution of the neighborhood. The photos juxtapose the dancers as they work together to create patterns and shapes against a backdrop of the transforming waterfront. The photos offer an interpretation of the performances as a positive vision of urban life that values art, collaboration, and environmental awareness. In addition, there is a portrait of Neuman, in costume, on the tipping floor at SIMS Municipal Recycling, taken for Michals and Neuman’s collaborative project Waste Side Story. Michals and Neuman met in 2018 through a residency offered by Works on Water and Underwater New York on Governors Island. Michals, who had been working on environmental issues for 15 years, was struck by Lynn’s upcycling of plastic bags into costumes, and the pair began to work together to make images of a dancer wearing the costumes at locations that reflect the lifecycle of plastics from production to various end points including landfills and oceans. Several of these images were exhibited at The Old Stone House in 2021. Robin shifted her focus to dance photography after the pandemic, starting with her work with the Times Square Project in 2020 and 2021. For Robin, photographing the Artichoke Dance tours is an incredible opportunity to bring together her longstanding love of urban landscape photography and her much more recent, but no less profound, love of dance photography. —————- ON LOCATION WITH ARTICHOKE DANCE On view Saturdays: Sept 12, 19, 26 and Oct 3 from 1-5pm ON LOCATION WITH ARTICHOKE DANCE Programs: Sept. 12 (2:00–2:30pm): Video screening of Immersive Performance Tour Highlights: 2021–2026 with Artichoke Dance Company Sept. 12 (2:30-4:30pm): Join a guided tour using the Gowanus Augmented Reality Walking Tour App featuring animated virtual environments of the past as visual overlays on the canal-scape, as well as the Underground Waterways Soundwalk where voices from the past murmur and sing, led by Sarah Drury, Project Director. iPads and headphones provided, or download to your iPhone. The 20-minute tour will be available from 2:30-4:30pm. Sept. 19 (2:00pm): Pop-up performance by Artichoke Dance Company Sept. 26 (2:00pm): Pop-up performance by Artichoke Dance Company Sept. 26 (2:30pm): Role of the Arts in Change Making: A Conversation with Naturally Occurring Cultural Districts of New York Oct. 3 (2:00pm): Pop-up performance by Artichoke Dance Company —————- About the Artist: Robin Michals is a photographer who specializes in dance and performance. She is completely omnivorous when it comes to dance with an interest in all forms from folkloric to street dance. Her clients include the international Human Rights Arts Festival and the Queensboro Dance Festival among many others. In 2025, she had a public installation of photos of dancers at the party Vinyl Nights in Albee Square in Downtown Brooklyn, sponsored by Downtown Brooklyn Partnership. Her work has also been in numerous publications including Hyperallergic, Queens Chronicle, and Time Out. Before shifting her focus to performance, she spent 15 years documenting environment issues including climate change and the fossil fuel industries. She was raised in Manhattan and moved to Brooklyn in the last century. Robin has taught photography at City Tech, CUNY, where her students are from all over the world, for 23 years. For more info: www.robinmichals.com About Artichoke Dance: Artichoke Dance Company, based in Brooklyn, NY, is known for innovative and engaging performances paired with environmental activism, education, community building and civic engagement. Previous large-scale projects have addressed plastic pollution mitigation on Coney Island, single use plastic bags in New York, sea level rise and climate migration, the remediation of the Gowanus Canal, river revitalization in Los Angeles, and water use and rights in the desert southwest. Under the Direction of Lynn Neuman, Artichoke Dance Company also annually produces an Eco-Arts Festival during NYC Climate Week on Governors Island, bringing visual and performing arts and climate consciousness together through participatory workshops, exhibitions, and performances. Neuman began Artichoke’s Immersive Performance Tours of Gowanus drawing on her many years of experience organizing with the Gowanus Neighborhood Coalition for Justice. Artichoke’s ecoarts activism training program, Artichoke Ambassadors, and fellowship program, Arts Incubator for Change Making, trains and mentors the next generation of ecoarts activists. Incorporated as a non-profit in 1999, Artichoke Dance has held 23 New York seasons and toured nationally and internationally. For more info: www.artichokedance.org.",2026-10-03,,2026-10-03,,1,"Gowanus Dredgers Canoe Club Boathouse, 165 2nd St, Brooklyn, NY, 11231, United States",Arts & Culture,https://gowanusdredgers.org/event/on-location-with-artichoke-dance-robin-michals/2026-10-03/
FREE Walk-Up Paddling - 2nd St.,"Hop into a Gowanus Dredgers canoe and paddle at your own pace inside the protected Gowanus Canal. Enjoy discovering the canal’s unique mix of wildlife and urban waterway infrastructure, practice your paddling skills, or take a guided audio tour and learn more about the history, cleanup and revitalization of our favorite urban waterway. We’ll outfit you with a life jacket (which must be worn at all times) and paddle, offer some basic instruction on how to paddle and safety tips on how to use a canoe, and help you set off on your own self-guided journey. Trips may be limited to 20 minutes if there’s a crowd — but usually we just expect you to return to the dock 15 min. prior to closing. Who can participate? Paddling is for everyone! Free walk-up canoeing is open to all ages. Groups, families, solo paddlers, and intrepid first dates are all welcome! Minors require a guardian’s signature to participate, and all participants must sign a waiver. What should I wear? Dress for the weather: wear sunscreen, hats, and bring a water bottle — and bring layers if there’s a breeze! Close-toed shoes are recommended, and wear clothing you don’t mind potentially being splashed. Is it really free? Yes! But donations are encouraged to help us continue offering these and other programs. Can I volunteer? Yes! You can sign up to volunteer here. No prior experience is required, but we love return volunteers! Note: Volunteer shifts run from 30-minutes before the start of the program through the first two hours, or from the middle of the program to 30 minutes after the end of the scheduled time.",2026-10-03,,2026-10-03,,1,"Gowanus Dredgers Canoe Club Boathouse, 165 2nd St, Brooklyn, NY, 11231, United States",Arts & Culture,https://gowanusdredgers.org/event/__trashed-22/
FREE Walk-Up Paddling - 2nd St.,"Hop into a Gowanus Dredgers canoe and paddle at your own pace inside the protected Gowanus Canal. Enjoy discovering the canal’s unique mix of wildlife and urban waterway infrastructure, practice your paddling skills, or take a guided audio tour and learn more about the history, cleanup and revitalization of our favorite urban waterway. We’ll outfit you with a life jacket (which must be worn at all times) and paddle, offer some basic instruction on how to paddle and safety tips on how to use a canoe, and help you set off on your own self-guided journey. Trips may be limited to 20 minutes if there’s a crowd — but usually we just expect you to return to the dock 15 min. prior to closing. Who can participate? Paddling is for everyone! Free walk-up canoeing is open to all ages. Groups, families, solo paddlers, and intrepid first dates are all welcome! Minors require a guardian’s signature to participate, and all participants must sign a waiver. What should I wear? Dress for the weather: wear sunscreen, hats, and bring a water bottle — and bring layers if there’s a breeze! Close-toed shoes are recommended, and wear clothing you don’t mind potentially being splashed. Is it really free? Yes! But donations are encouraged to help us continue offering these and other programs. Can I volunteer? Yes! You can sign up to volunteer here. No prior experience is required, but we love return volunteers! Note: Volunteer shifts run from 30-minutes before the start of the program through the first two hours, or from the middle of the program to 30 minutes after the end of the scheduled time.",2026-10-04,,2026-10-04,,1,"Gowanus Dredgers Canoe Club Boathouse, 165 2nd St, Brooklyn, NY, 11231, United States",Arts & Culture,https://gowanusdredgers.org/event/__trashed-23/
A Persistence of Cormorants Poetry Reading,"A Persistence of Cormorants is a summer-long poetry reading series on our shoreline featuring accomplished and exceptional poets from the New York area, many of who live in Brooklyn. On each of the scheduled Sundays, from 1:30 to 3:30, up to four featured poets will read for 10 to 15 minutes each. Gerry reads poetry at the canal The readings will be followed by open mic time limited to ten readers (one poem no longer than 3 minutes) who have signed up the day of the reading on a first come basis. Reading will be outdoors at the Gowanus open shoreline and we invite you to engage with the emerging Gowanus Canal habitat as we witness the EPA conduct their SuperFUN/d cleanup program. Event may move to inside the boathouse if it begins to rain or we want to escape the summer heat. If other activity is occurring on the street or esplanade, event may move inside. Participation is free but we encourage donations to sustain the efforts of the Gowanus Dredgers Canoe Club, an advocacy stewardship organization who has been representing neighborhood interests for over two decades. May17 Linda Lerner, Patricia Carrigton, Abigail Welhouse, Bill Lessard June7 Susan Michele, Gregory Crosby, Melinda Wilson, Dennis Nurkse14 Donna Masini, Richard Smith, Maria Lisella, Elizabeth T Gray Jr.28 Elaine Sexton, Karen Hildebrand, Don Yorty, Judith Lee Herbert July12 David Katz, Estha Wiener, Shean Nevin, Katherine Swett19 Sarah Wallace, Ashley Mabitt, Zoe White, and Michael T. Young26 Broadstone Books: S.H. Case, Myra Malkin, Vera Salter, Stephanie Laterza, David Mills, Lucia Cherclu August2 Jiwon Choi, Amy Holman, Miranda Beeson, Sarah Sarai9 Kimiko Hahn, Joanne Solfrian, Sam Cha, Mervyn Taylor16 KGB: John Demming, Selena Spier, Tyler Allen, Penny Susan Lewis, Jada Gordon23 Karen Neuberg, Scott Hightower, Indran Amirthanayagam, Neil Shepard30 Titanic September13 Hilary Sideris, Tom Sleigh, Austin Alexis, Kristine Esser-Slentz20 Joanne McFarland, Ruth Danon, Brad Vogel, David Formanek27 Amy Lemmon, Jane Rosenberg LaForge, Richard Levine, Nicole Callihan October4 Lisa Andrews, Lisa Badner, Arden Levine, Anthony Capo11 Broadstone Books: Amy Barone, Margo Taft Stever, Billy Cancel, Mary Moloney",2026-10-04,,2026-10-04,,1,"Gowanus Dredgers Canoe Club Boathouse, 165 2nd St, Brooklyn, NY, 11231, United States",Arts & Culture,https://gowanusdredgers.org/event/a-persistence-of-cormorants-poetry-reading-3/2026-10-04/
Gowanus Jug & String Band Sessions,"Tuesday evenings, 6-8:30 April through October. At the Gowanus Dredgers Boathouse 165 2nd Street between Bond and the Gowanus Canal. We are excited to expand our musical offerings with this new weekly jam. Dredger Host: Liz Rabson Schnore Jam Leader: Papa Ernie Vega What Jug band and String band music? Let’s start with String band music. Black String band music, which will be our focus, was created by Southern Blacks and pre-dates the Blues & Jazz. Groups which consisted of mostly stringed instruments (guitar, banjo, bass, violin, mandolin, ukulele, etc) performed a wide variety of songs and styles for all manner of social functions and for personal enjoyment; two-steps, waltzes and breakdowns for dances, ballads and love songs, humorous & novelty songs, as well as blues, jazz, and pop tunes as they came into fashion. This genre, sadly, was under-represented by the burgeoning recording industry in the 1920’s and 30’s, which helped contribute to its already declining popularity in the wake of the success of the Blues and Jazz: though groups like the Mississippi Sheiks and the Dallas String Band did make great and popular recordings. The genre never completely died out, however, and is alive and well today thanks to the perseverance of its practitioners and the dedication of its fans, which has led to a rediscovery and a new appreciation by audiences young and old. Jug band music developed in the early 20th century within Southern Black communities and was essentially a string band with a jug used as a “poor man’s tuba”, in the role of a bass instrument. Other household items as instruments were popular as well; washboard and/or spoons for percussion, washtub bass, and kazoo. These combined with the guitars, banjos, mandolins/violins of the traditional string band, along with the harmonica, made for a unique sound that won the hearts of the public in the early days of the recording industry. The Memphis Jug Band and Cannon’s Jug Stompers recorded well over a hundred examples of blues, ballads, pop and dance numbers – and they’re just the tip of the iceberg. The genre found new life in the Folk Music Revival of the 1960’s and remains popular to this day. These sessions will be open to Intermediate and above players, and we encourage you to sing along and bring a song to lead. To lead a song, you will be expected to sing it loudly enough for those around you to hear, to know the key you will sing in, and to explain the chord changes and form of the song if need be. We may also discuss some ideas for performing in an ensemble to help everyone find their place in the music. Papa Ernie Vega is a NYC singer, instrumentalist, bandleader, teacher, songwriter and performing/recording artist. He has over 20 years of professional experience and has performed at the Newport Folk Festival, the Jug Band Jubilee and the Osaka Jug Band Festival. He also taught and performed at the Port Townsend Acoustic Blues Festival from 2016-2021. He is a lover of fine cheap food, old movies, humor, and photography. More information on all the Boathouse Jams HERE",2026-10-06,,2026-10-06,,1,"Gowanus Dredgers Canoe Club Boathouse, 165 2nd St, Brooklyn, NY, 11231, United States",Arts & Culture,https://gowanusdredgers.org/event/gowanus-jug-string-band-sessions-3/2026-10-06/
Boathouse Bluegrass Jam,"The Boathouse Jam every Wednesday evening 6-8:30 April-Oct. Just come, bring an acoustic instrument. The Boathouse Jam is hosted by the Gowanus Dredgers Canoe Club to activate our shoreline while fostering the continued resurgence of acoustical collaborations in Brooklyn. We are inclusive of all – young & old, new & seasoned musicians. Just bring a smile and your musical instrument and/or your voice to join our one night makeshift band. Free but a $5 suggested donation is encouraged, limited beverages are provided. The Boathouse is located at 165 2nd Street, Brooklyn NY between Bond Street and the Gowanus Canal. Sessions are rain or shine, we gather outside the Boathouse unless it’s cold or raining then we move inside. Since 1999, the Dredgers have empowered people to care for the Gowanus Canal through advocacy, conservation, and education. Our organization promotes waterfront stewardship and is raising awareness of sewer overflow issues that affect our Gowanus Canal in Brooklyn, NY. More information on all the Boathouse Jams HERE",2026-10-07,,2026-10-07,,1,"Gowanus Dredgers Canoe Club Boathouse, 165 2nd St, Brooklyn, NY, 11231, United States",Arts & Culture,https://gowanusdredgers.org/event/boathouse-bluegrass-jam-2/2026-10-07/
A Persistence of Cormorants Poetry Reading,"A Persistence of Cormorants is a summer-long poetry reading series on our shoreline featuring accomplished and exceptional poets from the New York area, many of who live in Brooklyn. On each of the scheduled Sundays, from 1:30 to 3:30, up to four featured poets will read for 10 to 15 minutes each. Gerry reads poetry at the canal The readings will be followed by open mic time limited to ten readers (one poem no longer than 3 minutes) who have signed up the day of the reading on a first come basis. Reading will be outdoors at the Gowanus open shoreline and we invite you to engage with the emerging Gowanus Canal habitat as we witness the EPA conduct their SuperFUN/d cleanup program. Event may move to inside the boathouse if it begins to rain or we want to escape the summer heat. If other activity is occurring on the street or esplanade, event may move inside. Participation is free but we encourage donations to sustain the efforts of the Gowanus Dredgers Canoe Club, an advocacy stewardship organization who has been representing neighborhood interests for over two decades. May17 Linda Lerner, Patricia Carrigton, Abigail Welhouse, Bill Lessard June7 Susan Michele, Gregory Crosby, Melinda Wilson, Dennis Nurkse14 Donna Masini, Richard Smith, Maria Lisella, Elizabeth T Gray Jr.28 Elaine Sexton, Karen Hildebrand, Don Yorty, Judith Lee Herbert July12 David Katz, Estha Wiener, Shean Nevin, Katherine Swett19 Sarah Wallace, Ashley Mabitt, Zoe White, and Michael T. Young26 Broadstone Books: S.H. Case, Myra Malkin, Vera Salter, Stephanie Laterza, David Mills, Lucia Cherclu August2 Jiwon Choi, Amy Holman, Miranda Beeson, Sarah Sarai9 Kimiko Hahn, Joanne Solfrian, Sam Cha, Mervyn Taylor16 KGB: John Demming, Selena Spier, Tyler Allen, Penny Susan Lewis, Jada Gordon23 Karen Neuberg, Scott Hightower, Indran Amirthanayagam, Neil Shepard30 Titanic September13 Hilary Sideris, Tom Sleigh, Austin Alexis, Kristine Esser-Slentz20 Joanne McFarland, Ruth Danon, Brad Vogel, David Formanek27 Amy Lemmon, Jane Rosenberg LaForge, Richard Levine, Nicole Callihan October4 Lisa Andrews, Lisa Badner, Arden Levine, Anthony Capo11 Broadstone Books: Amy Barone, Margo Taft Stever, Billy Cancel, Mary Moloney",2026-10-11,,2026-10-11,,1,"Gowanus Dredgers Canoe Club Boathouse, 165 2nd St, Brooklyn, NY, 11231, United States",Arts & Culture,https://gowanusdredgers.org/event/a-persistence-of-cormorants-poetry-reading-3/2026-10-11/
Gowanus Jug & String Band Sessions,"Tuesday evenings, 6-8:30 April through October. At the Gowanus Dredgers Boathouse 165 2nd Street between Bond and the Gowanus Canal. We are excited to expand our musical offerings with this new weekly jam. Dredger Host: Liz Rabson Schnore Jam Leader: Papa Ernie Vega What Jug band and String band music? Let’s start with String band music. Black String band music, which will be our focus, was created by Southern Blacks and pre-dates the Blues & Jazz. Groups which consisted of mostly stringed instruments (guitar, banjo, bass, violin, mandolin, ukulele, etc) performed a wide variety of songs and styles for all manner of social functions and for personal enjoyment; two-steps, waltzes and breakdowns for dances, ballads and love songs, humorous & novelty songs, as well as blues, jazz, and pop tunes as they came into fashion. This genre, sadly, was under-represented by the burgeoning recording industry in the 1920’s and 30’s, which helped contribute to its already declining popularity in the wake of the success of the Blues and Jazz: though groups like the Mississippi Sheiks and the Dallas String Band did make great and popular recordings. The genre never completely died out, however, and is alive and well today thanks to the perseverance of its practitioners and the dedication of its fans, which has led to a rediscovery and a new appreciation by audiences young and old. Jug band music developed in the early 20th century within Southern Black communities and was essentially a string band with a jug used as a “poor man’s tuba”, in the role of a bass instrument. Other household items as instruments were popular as well; washboard and/or spoons for percussion, washtub bass, and kazoo. These combined with the guitars, banjos, mandolins/violins of the traditional string band, along with the harmonica, made for a unique sound that won the hearts of the public in the early days of the recording industry. The Memphis Jug Band and Cannon’s Jug Stompers recorded well over a hundred examples of blues, ballads, pop and dance numbers – and they’re just the tip of the iceberg. The genre found new life in the Folk Music Revival of the 1960’s and remains popular to this day. These sessions will be open to Intermediate and above players, and we encourage you to sing along and bring a song to lead. To lead a song, you will be expected to sing it loudly enough for those around you to hear, to know the key you will sing in, and to explain the chord changes and form of the song if need be. We may also discuss some ideas for performing in an ensemble to help everyone find their place in the music. Papa Ernie Vega is a NYC singer, instrumentalist, bandleader, teacher, songwriter and performing/recording artist. He has over 20 years of professional experience and has performed at the Newport Folk Festival, the Jug Band Jubilee and the Osaka Jug Band Festival. He also taught and performed at the Port Townsend Acoustic Blues Festival from 2016-2021. He is a lover of fine cheap food, old movies, humor, and photography. More information on all the Boathouse Jams HERE",2026-10-13,,2026-10-13,,1,"Gowanus Dredgers Canoe Club Boathouse, 165 2nd St, Brooklyn, NY, 11231, United States",Arts & Culture,https://gowanusdredgers.org/event/gowanus-jug-string-band-sessions-3/2026-10-13/
Boathouse Bluegrass Jam,"The Boathouse Jam every Wednesday evening 6-8:30 April-Oct. Just come, bring an acoustic instrument. The Boathouse Jam is hosted by the Gowanus Dredgers Canoe Club to activate our shoreline while fostering the continued resurgence of acoustical collaborations in Brooklyn. We are inclusive of all – young & old, new & seasoned musicians. Just bring a smile and your musical instrument and/or your voice to join our one night makeshift band. Free but a $5 suggested donation is encouraged, limited beverages are provided. The Boathouse is located at 165 2nd Street, Brooklyn NY between Bond Street and the Gowanus Canal. Sessions are rain or shine, we gather outside the Boathouse unless it’s cold or raining then we move inside. Since 1999, the Dredgers have empowered people to care for the Gowanus Canal through advocacy, conservation, and education. Our organization promotes waterfront stewardship and is raising awareness of sewer overflow issues that affect our Gowanus Canal in Brooklyn, NY. More information on all the Boathouse Jams HERE",2026-10-14,,2026-10-14,,1,"Gowanus Dredgers Canoe Club Boathouse, 165 2nd St, Brooklyn, NY, 11231, United States",Arts & Culture,https://gowanusdredgers.org/event/boathouse-bluegrass-jam-2/2026-10-14/
Monthly Meeting + Paddle,"Socialize with the Dredgers at our BUNKER (2 19th St, off of 3rd Ave) for a casual member catch-up and paddle! We’ll gather at 6:30 for some chatting and aim to be on-water around 7:15. Meet at the Gowanus Dredgers Canoe Club 19th St. Launch, 2 19 St, Brooklyn, (off of 3rd Ave.). If you plan to join the paddle, wear sunscreen and bring a bottle filled with water. Close-toed shoes are recommended, and wear clothing you don’t mind potentially being splashed. Use a restroom before arrival, as we have limited facilities on-site. All paddlers must sign a waiver. Weather (wind, waves or evidence of storm) may cancel the paddling portion with one hour advance notice. In case of inclement weather, meeting will be relocated follow us on Instagram or sign up for our mailing list to stay informed.",2026-10-19,,2026-10-19,,1,NY,Arts & Culture,https://gowanusdredgers.org/event/monthly-meeting-paddle-2/2026-10-19/
Gowanus Jug & String Band Sessions,"Tuesday evenings, 6-8:30 April through October. At the Gowanus Dredgers Boathouse 165 2nd Street between Bond and the Gowanus Canal. We are excited to expand our musical offerings with this new weekly jam. Dredger Host: Liz Rabson Schnore Jam Leader: Papa Ernie Vega What Jug band and String band music? Let’s start with String band music. Black String band music, which will be our focus, was created by Southern Blacks and pre-dates the Blues & Jazz. Groups which consisted of mostly stringed instruments (guitar, banjo, bass, violin, mandolin, ukulele, etc) performed a wide variety of songs and styles for all manner of social functions and for personal enjoyment; two-steps, waltzes and breakdowns for dances, ballads and love songs, humorous & novelty songs, as well as blues, jazz, and pop tunes as they came into fashion. This genre, sadly, was under-represented by the burgeoning recording industry in the 1920’s and 30’s, which helped contribute to its already declining popularity in the wake of the success of the Blues and Jazz: though groups like the Mississippi Sheiks and the Dallas String Band did make great and popular recordings. The genre never completely died out, however, and is alive and well today thanks to the perseverance of its practitioners and the dedication of its fans, which has led to a rediscovery and a new appreciation by audiences young and old. Jug band music developed in the early 20th century within Southern Black communities and was essentially a string band with a jug used as a “poor man’s tuba”, in the role of a bass instrument. Other household items as instruments were popular as well; washboard and/or spoons for percussion, washtub bass, and kazoo. These combined with the guitars, banjos, mandolins/violins of the traditional string band, along with the harmonica, made for a unique sound that won the hearts of the public in the early days of the recording industry. The Memphis Jug Band and Cannon’s Jug Stompers recorded well over a hundred examples of blues, ballads, pop and dance numbers – and they’re just the tip of the iceberg. The genre found new life in the Folk Music Revival of the 1960’s and remains popular to this day. These sessions will be open to Intermediate and above players, and we encourage you to sing along and bring a song to lead. To lead a song, you will be expected to sing it loudly enough for those around you to hear, to know the key you will sing in, and to explain the chord changes and form of the song if need be. We may also discuss some ideas for performing in an ensemble to help everyone find their place in the music. Papa Ernie Vega is a NYC singer, instrumentalist, bandleader, teacher, songwriter and performing/recording artist. He has over 20 years of professional experience and has performed at the Newport Folk Festival, the Jug Band Jubilee and the Osaka Jug Band Festival. He also taught and performed at the Port Townsend Acoustic Blues Festival from 2016-2021. He is a lover of fine cheap food, old movies, humor, and photography. More information on all the Boathouse Jams HERE",2026-10-20,,2026-10-20,,1,"Gowanus Dredgers Canoe Club Boathouse, 165 2nd St, Brooklyn, NY, 11231, United States",Arts & Culture,https://gowanusdredgers.org/event/gowanus-jug-string-band-sessions-3/2026-10-20/
Boathouse Bluegrass Jam,"The Boathouse Jam every Wednesday evening 6-8:30 April-Oct. Just come, bring an acoustic instrument. The Boathouse Jam is hosted by the Gowanus Dredgers Canoe Club to activate our shoreline while fostering the continued resurgence of acoustical collaborations in Brooklyn. We are inclusive of all – young & old, new & seasoned musicians. Just bring a smile and your musical instrument and/or your voice to join our one night makeshift band. Free but a $5 suggested donation is encouraged, limited beverages are provided. The Boathouse is located at 165 2nd Street, Brooklyn NY between Bond Street and the Gowanus Canal. Sessions are rain or shine, we gather outside the Boathouse unless it’s cold or raining then we move inside. Since 1999, the Dredgers have empowered people to care for the Gowanus Canal through advocacy, conservation, and education. Our organization promotes waterfront stewardship and is raising awareness of sewer overflow issues that affect our Gowanus Canal in Brooklyn, NY. More information on all the Boathouse Jams HERE",2026-10-21,,2026-10-21,,1,"Gowanus Dredgers Canoe Club Boathouse, 165 2nd St, Brooklyn, NY, 11231, United States",Arts & Culture,https://gowanusdredgers.org/event/boathouse-bluegrass-jam-2/2026-10-21/
Full Moon Gowanus Voyage - OCTOBER,"Join our Crew on a full-moon guided adventure!! Meet at the the Gowanus Dredgers Bunker, at the end of 19th St / off 3rd Ave, 11232 – NOT our 2nd St. boathouse. 🎟️ Tickets required, get yours here. 🎟️ (Tickets go on sale Thursday, October 1 at 12:00 PM) Moonrise 17:58 |Sunset 18:01 | Civil End 18:29 | Nautical End 19:00 The stars should be on display along with harbor lights. We will provide lights for each canoe, you’re welcome to bring/wear your own head lamp as well. Each canoe will have up to 3 people. Solo paddlers are welcome, you will be paired with other members of the group based on experience and comfort in a canoe. Close-toed shoes are recommended, and wear clothing you don’t mind potentially being splashed. Use a restroom before arrival, as we have limited facilities on-site. Due to EPA cleaning of the Gowanus Canal, voyage will head towards the 9th St bridge and return to Gowanus Bay and our new South Gowanus Bunker. If raining or threatening weather (high winds, lightning) by 3:30 pm we may cancel. Attendees will be notified via the email used to purchase tickets. Tour is not cancelled due to clouds but let’s hope for a clear sky for the moon rise! Tickets are nonrefundable for any event that proceeds as planned. We will offer the option to transfer your ticket to another event if we have to cancel for weather. Transfer must be requested before the tour starts. If you choose not to transfer, the cost of your ticket becomes a tax-deductible donation to the Gowanus Dredgers.",2026-10-25,,2026-10-25,,1,"Gowanus Dredgers Bunker (19th St.), 2 19th St., Brooklyn, NY",Arts & Culture,https://gowanusdredgers.org/event/full-moon-gowanus-voyage-may/
Gowanus Jug & String Band Sessions,"Tuesday evenings, 6-8:30 April through October. At the Gowanus Dredgers Boathouse 165 2nd Street between Bond and the Gowanus Canal. We are excited to expand our musical offerings with this new weekly jam. Dredger Host: Liz Rabson Schnore Jam Leader: Papa Ernie Vega What Jug band and String band music? Let’s start with String band music. Black String band music, which will be our focus, was created by Southern Blacks and pre-dates the Blues & Jazz. Groups which consisted of mostly stringed instruments (guitar, banjo, bass, violin, mandolin, ukulele, etc) performed a wide variety of songs and styles for all manner of social functions and for personal enjoyment; two-steps, waltzes and breakdowns for dances, ballads and love songs, humorous & novelty songs, as well as blues, jazz, and pop tunes as they came into fashion. This genre, sadly, was under-represented by the burgeoning recording industry in the 1920’s and 30’s, which helped contribute to its already declining popularity in the wake of the success of the Blues and Jazz: though groups like the Mississippi Sheiks and the Dallas String Band did make great and popular recordings. The genre never completely died out, however, and is alive and well today thanks to the perseverance of its practitioners and the dedication of its fans, which has led to a rediscovery and a new appreciation by audiences young and old. Jug band music developed in the early 20th century within Southern Black communities and was essentially a string band with a jug used as a “poor man’s tuba”, in the role of a bass instrument. Other household items as instruments were popular as well; washboard and/or spoons for percussion, washtub bass, and kazoo. These combined with the guitars, banjos, mandolins/violins of the traditional string band, along with the harmonica, made for a unique sound that won the hearts of the public in the early days of the recording industry. The Memphis Jug Band and Cannon’s Jug Stompers recorded well over a hundred examples of blues, ballads, pop and dance numbers – and they’re just the tip of the iceberg. The genre found new life in the Folk Music Revival of the 1960’s and remains popular to this day. These sessions will be open to Intermediate and above players, and we encourage you to sing along and bring a song to lead. To lead a song, you will be expected to sing it loudly enough for those around you to hear, to know the key you will sing in, and to explain the chord changes and form of the song if need be. We may also discuss some ideas for performing in an ensemble to help everyone find their place in the music. Papa Ernie Vega is a NYC singer, instrumentalist, bandleader, teacher, songwriter and performing/recording artist. He has over 20 years of professional experience and has performed at the Newport Folk Festival, the Jug Band Jubilee and the Osaka Jug Band Festival. He also taught and performed at the Port Townsend Acoustic Blues Festival from 2016-2021. He is a lover of fine cheap food, old movies, humor, and photography. More information on all the Boathouse Jams HERE",2026-10-27,,2026-10-27,,1,"Gowanus Dredgers Canoe Club Boathouse, 165 2nd St, Brooklyn, NY, 11231, United States",Arts & Culture,https://gowanusdredgers.org/event/gowanus-jug-string-band-sessions-3/2026-10-27/
Brooklyn Folk Festival: Banjo Toss Competition,"Each year, as part of the Brooklyn Folk Festival , contestants gather on the banks of the fetid Gowanus Canal to see who can throw a banjo the farthest in the – BANJO TOSS: BANJO THROWING COMPETITION! The special “throwing banjo”, attached to a rope is tossed into the canal, a federally designate Super Fund site. The marked rope pays out, showing how far the banjo has been tossed. It is then hauled back in for the next throw. The Brooklyn Folk Festival is presented each year by the Jalopy Theatre & School of Music, a grassroots Red Hook, Brooklyn community space that is a music venue, music school, and record label. We are excited to support the Banjo Toss event activity so please stop by and join the fun! We are told the best preparation for this competition is to attend a show at the Brooklyn Folk Festival so purchase tickets now before they are sold out. While bearded men and women are growing in popularity as more people live, work and play in our Gowanus neighborhood, we are assured by the organizers that beards are optional. Our amazing collection of competitors reinforces the Dredgers theme of inclusion so stop by to cheer our competitors or compete in the toss as well!",2026-11-08,,2026-11-08,,1,"Gowanus Dredgers Canoe Club Boathouse, 165 2nd St, Brooklyn, NY, 11231, United States",Arts & Culture,https://gowanusdredgers.org/event/brooklyn-folk-festival-banjo-toss-competition-3/
Carousel Rides,"Children’s Corner, $3 per ride, $13 for a book of 5 tickets, Free with Prospect Park Alliance Family Supporter membership or higher. Enjoy a ride on Prospect Park’s beloved 1912 Carousel. Open Thursdays – Sundays and Holidays, this treasured historic attraction features magnificent carved horses, lions, giraffes and deer. Join the Alliance at the Family Supporter level or above and enjoy unlimited free rides!",2026-09-18,,2026-09-18,,1,,Parks & Open Space,https://www.prospectpark.org/event/carousel-rides-9/2026-09-18/
Molière in the Park: Don Juan,"Join Molière in the Park, in partnership with Prospect Park Alliance, for a free production of Molière’s most subversive masterpiece, Don Juan. Following the infamous seducer over a single day of defiance and betrayal, this thrilling production blends comedy, tragedy, and the supernatural. Translated by Stephen Wadsworth and directed by Drama Desk nominee Lucie Tiberghien, featuring live original cello music by Drama Desk nominee Johnathan Moore. RSVP About Molière in the Park: The mission of Molière in the Park (MIP) is to foster empathy and unity within the diverse communities in Brooklyn through the arts. We offer free opportunities for all to come together in Prospect Park and beyond and experience the benefits of theater. MIP’s vision is of a Brooklyn where all communities can benefit equally from access to theater and the Arts. Find out more at www.moliereinthepark.org",2026-09-18,,2026-09-18,,1,,Parks & Open Space,https://www.prospectpark.org/event/moliere-in-the-park-don-juan-3/2026-09-18/
Greenmarket at Grand Army Plaza,"At what other market can you do all your food shopping, sample local wine and explore Brooklyn’s favorite park? Established in 1989, the Grand Army Plaza greenmarket is the flagship Brooklyn market. EBT/Food Stamps and WIC & Senior FMNP coupons accepted year-round. Learn More For a full calendar of events and a list of sellers, visit the GrowNYC website. Learn about all Nutrition Benefit Programs accepted at GrowNYC Markets.",2026-09-19,,2026-09-19,,1,,Parks & Open Space,https://www.prospectpark.org/event/greenmarket-at-grand-army-plaza-2/2026-09-19/
Dance Fitness with Shape Up NYC at the Boathouse,"Join Prospect Park Alliance and Shape-up NYC for a fun-filled dance fitness zumba class at the Boathouse! Zumba is a fusion of Latin, International and popular music dance themes creating a dynamic, exciting, effective fitness system. All levels are welcomed and encouraged. Whether you want to learn some new choreography or need a space to step-touch and sing, this class is for you!",2026-09-19,,2026-09-19,,1,,Parks & Open Space,https://www.prospectpark.org/event/dance-fitness-with-shape-up-nyc-at-the-boathouse-8/2026-09-19/
Introduction to Birdwatching Outings,"Whether you’re new to birding or looking to build your skills, this introductory outing is a great way to explore Prospect Park and learn about the birds that visit throughout the year. Join a member of the Brooklyn Bird Club to learn birding basics and search for the dozens of species found in the park across all seasons. All ages and experience levels are welcome. No registration is required. Children under 12 must be accompanied by an adult. What to Bring: Binoculars if you have them, comfortable walking shoes, water, and weather-appropriate clothing. A limited number of binoculars will be available to borrow. Please Note: Pets are not permitted on this outing. Depending on attendance, participants may be divided into smaller groups. Outings are held rain or shine unless severe weather makes conditions unsafe. Route Description: This outing moves at a relaxed pace with frequent stops to observe birds. Routes may vary from week to week depending on bird activity and park conditions. Participants can expect paved paths, dirt trails, grassy areas, slight inclines and occasional steps. The group will cover approximately 1.5–2 miles. Learn more on the Brooklyn Bird Club website.",2026-09-19,,2026-09-19,,1,,Parks & Open Space,https://www.prospectpark.org/event/introduction-to-birdwatching-outings-3-2/2026-09-19/
Park Pitch In: International Coastal Clean Up,"Join Prospect Park Alliance for the annual International Coastal Cleanup! Held every September, volunteers will remove debris from beaches and waterways while identifying and documenting the types of debris they find. Appropriate for groups, teens and adults. Register as an Individual or Register as a Group Register online or call (929) 888-6826 for more information.",2026-09-19,,2026-09-19,,1,,Parks & Open Space,https://www.prospectpark.org/event/park-pitch-in-international-coastal-clean-up-4/
Nature Exploration: Tree Appreciation Month,"Join Prospect Park Alliance for nature education programs on Saturdays and Sundays at the Prospect Park Audubon Center, the first urban Audubon Center in the nation. Leaf Art, 10 am–12 pm: Let’s have fun exploring the unique features of trees and their uniquely shaped leaves. Let your creativity flourish as you craft art inspired by nature. Nature Detective, 10 am–1 pm: What can you discover when you slow down and look closely? Borrow a sketchbook and observation guide, then record your discoveries and sketch what catches your eye, just like a naturalist in the field! Fall Leaf Discovery, 12–1 pm: Join us as we delve into the wonder of nature! Are you curious about why and when trees shed their leaves? Gain hands-on experience in citizen science as we explore the Prospect Park environment and witness how changing temperatures affect the trees. We will provide you with a guide to help you record your observations. This program leaves the Audubon Center promptly at 12 pm.",2026-09-19,,2026-09-19,,1,,Parks & Open Space,https://www.prospectpark.org/event/nature-exploration-tree-appreciation-month-6/2026-09-19/
Pop-Up Audubon I,"Celebrate Autumn in Prospect Park by supporting migratory birds! Join Prospect Park Alliance Naturalists to design your own colorful autumn leaf window cling. These fun, decorative clings help prevent bird-window collisions by making glass more visible to migrating birds. All materials provided — family-friendly and free to participate! Also enjoy: Stay + Play, 12–3 pm: Families, children and caregivers can enjoy a range of nature fun including games, puzzles and drawing activities. Nature on the Go, 3–4 pm: Join an Alliance Naturalist as we explore the park’s trails for signs of fall. Be a Park Champion by helping pick up trash along the way. Pop-Up Audubon will be canceled in the event of inclement weather, including rain, extreme heat (temperatures of 90°F or higher), or “Very Unhealthy” air quality conditions.",2026-09-19,,2026-09-19,,1,,Parks & Open Space,https://www.prospectpark.org/event/pop-up-audubon-i-11/2026-09-19/
Pop-Up Audubon II,"Have you ever wondered what lives beneath your feet on the forest floor? Join Prospect Park Alliance naturalists to explore the hidden world of leaf litter. Through hands-on observation, you’ll uncover insects, decomposers, and other small creatures that play a big role in keeping the ecosystem healthy. Also enjoy: Stay + Play, 12–3 pm: Families, children and caregivers can enjoy a range of nature fun including games, puzzles and drawing activities. Nature on the Go, 3–4 pm: Join an Alliance Naturalist as we explore the park’s trails for signs of fall. Be a Park Champion by helping pick up trash along the way. Pop-Up Audubon will be canceled in the event of inclement weather, including rain, extreme heat (temperatures of 90°F or higher), or “Very Unhealthy” air quality conditions.",2026-09-19,,2026-09-19,,1,,Parks & Open Space,https://www.prospectpark.org/event/pop-up-audubon-ii-8/2026-09-19/
Carousel Rides,"Children’s Corner, $3 per ride, $13 for a book of 5 tickets, Free with Prospect Park Alliance Family Supporter membership or higher. Enjoy a ride on Prospect Park’s beloved 1912 Carousel. Open Thursdays – Sundays and Holidays, this treasured historic attraction features magnificent carved horses, lions, giraffes and deer. Join the Alliance at the Family Supporter level or above and enjoy unlimited free rides!",2026-09-19,,2026-09-19,,1,,Parks & Open Space,https://www.prospectpark.org/event/carousel-rides-9/2026-09-19/
Exhibit: The Shirley Chisholm Way: Brooklyn's Blueprint for Change,"Join Prospect Park Alliance and Shirley Chisholm Cultural Institute (SCCI) for a new exhibit that explores how Brooklyn’s beloved daughter broke down gender and racial barriers to fight for her community, becoming the first Black woman elected to Congress. The exhibit is organized around seven life lessons drawn from Chisholm’s tenacious career. It features stunning portraits of Chisholm by artist Al Johnson and rarely seen photographs and memorabilia from the Congresswoman’s campaigns, curated by Barbara Bullard, Creative Producer and President of SCCI. These materials offer inspirational insights into how Brooklyn’s beloved daughter broke down gender and racial barriers to become the first Black woman to serve in Congress. This exhibit provides visitors with a space to reflect on Chisholm’s legacy as Prospect Park Alliance welcomes the installation of a new monument in her honor at the Parkside and Ocean Avenue entrance in 2027. The exhibit, curated by Barbara Bullard, Cultural Producer and President of the Shirley Chisholm Cultural Institute, is part of Prospect Park Alliance’s ReImagine Lefferts initiative, which is transforming the museum to explore the legacies of resistance and resilience of the Indigenous people of Lenapehoking, whose unceded ancestral lands the park and house rests upon, and Africans who were enslaved by the Lefferts family. The Shirley Chisholm Cultural Institute (SCCI) has been at the forefront of art, culture, and justice and economic sustainability since 1977, with the official permission and participation of Congresswoman Chisholm herself in its inception and development. Its purpose is to preserve the legacy of Congresswoman Shirley Chisholm through the initiatives cultivated during her public service career with 21st century activism and innovation. SCCI is aligned with grassroots groups and frontline communities through creating substantive community-based partnership and collaboration along with strategic interoperative relationships with leaders of governmental, and mainstream organizations.",2026-09-19,,2026-09-19,,1,,Parks & Open Space,https://www.prospectpark.org/event/the-shirley-chisholm-way-brooklyns-blueprint-for-change-4/2026-09-19/
BRIC Celebrate Brooklyn! Benefit Show: Liz Phair Sleater-Kinney,"Liz Phair is coming to BRIC Celebrate Brooklyn! Festival, with Sleater-Kinney! Liz Phair is a trailblazing singer-songwriter, Liz Phair rose to fame with her 1993 debut, Exile in Guyville, a feminist landmark that redefined indie rock with its raw honesty. Over a career spanning three decades, she has sold over five million records, received two GRAMMY nominations, and expanded her creative reach into television composition and acclaimed memoir writing. Sleater-Kinney was formed in the mid-90s and is a powerhouse of indie and punk rock defined by the “alchemical” connection between Carrie Brownstein and Corin Tucker. Known for their explosive live shows and galvanized feminist themes, the band has maintained critical and cultural vitality for thirty years, recently evolving their signature sound on their 2024 album, Little Rope. Get Tickets + Learn More This is a ticketed BRIC Celebrate Brooklyn! Benefit Concert that supports BRIC’s free programming. This performance is part of BRIC Celebrate Brooklyn!, presented by BRIC in partnership with Prospect Park Alliance.",2026-09-19,,2026-09-19,,1,,Parks & Open Space,https://www.prospectpark.org/event/benefit-show-liz-phair-sleater-kinney/
Sunday Greenmarket at Bartel-Pritchard Square,"Nestled inside Prospect Park’s tree-shaded southwest corner, this much-loved market is where South Slope and Windsor Terrace residents stock up on locally grown staples. The offerings range from a selection of vegetables, fruits, baked goods, plants and flowers to fresh-caught fish and organic baked goods. Learn More For a full calendar of events and a list of sellers, visit the GrowNYC website. Learn about all Nutrition Benefit Programs accepted at GrowNYC Markets",2026-09-20,,2026-09-20,,1,,Parks & Open Space,https://www.prospectpark.org/event/sunday-greenmarket-at-bartel-pritchard-square-4/2026-09-20/
Nature Exploration: Tree Appreciation Month,"Join Prospect Park Alliance for nature education programs on Saturdays and Sundays at the Prospect Park Audubon Center, the first urban Audubon Center in the nation. Leaf Art, 10 am–12 pm: Let’s have fun exploring the unique features of trees and their uniquely shaped leaves. Let your creativity flourish as you craft art inspired by nature. Nature Detective, 10 am–1 pm: What can you discover when you slow down and look closely? Borrow a sketchbook and observation guide, then record your discoveries and sketch what catches your eye, just like a naturalist in the field! Fall Leaf Discovery, 12–1 pm: Join us as we delve into the wonder of nature! Are you curious about why and when trees shed their leaves? Gain hands-on experience in citizen science as we explore the Prospect Park environment and witness how changing temperatures affect the trees. We will provide you with a guide to help you record your observations. This program leaves the Audubon Center promptly at 12 pm.",2026-09-20,,2026-09-20,,1,,Parks & Open Space,https://www.prospectpark.org/event/nature-exploration-tree-appreciation-month-6/2026-09-20/
Park Pitch In: Street Tree Care,"Help Prospect Park Alliance care for our trees! Volunteers will support our urban forest by tending to the hundreds of park perimeter trees, and learning skills such as weeding, mulching and aerating tree beds, which you can use to care for the street trees in your neighborhood. Appropriate for groups, teens and adults. Locations vary by date. Register as an Individual or Register as a Group Questions? Contact the Alliance Volunteer Services team at volunteers@prospectpark.org or 929-888-6826.",2026-09-20,,2026-09-20,,1,,Parks & Open Space,https://www.prospectpark.org/event/park-pitch-in-street-tree-care-4/2026-09-20/
Smorgasburg,"Smorgasburg, presented in partnership with Prospect Park Alliance, is considered the “Woodstock of Eating.” The celebrated open-air food fair is back in Prospect Park for the 2026 season! Over 60 local businesses will gather on Breeze Hill, near the Lincoln Road entrance, to offer a range of food and drink every Sunday through October 25. Learn more and view 2026 vendors.",2026-09-20,,2026-09-20,,1,,Parks & Open Space,https://www.prospectpark.org/event/smorgasburg-4/2026-09-20/
Pop-Up Audubon I,"Celebrate Autumn in Prospect Park by supporting migratory birds! Join Prospect Park Alliance Naturalists to design your own colorful autumn leaf window cling. These fun, decorative clings help prevent bird-window collisions by making glass more visible to migrating birds. All materials provided — family-friendly and free to participate! Also enjoy: Stay + Play, 12–3 pm: Families, children and caregivers can enjoy a range of nature fun including games, puzzles and drawing activities. Nature on the Go, 3–4 pm: Join an Alliance Naturalist as we explore the park’s trails for signs of fall. Be a Park Champion by helping pick up trash along the way. Pop-Up Audubon will be canceled in the event of inclement weather, including rain, extreme heat (temperatures of 90°F or higher), or “Very Unhealthy” air quality conditions.",2026-09-20,,2026-09-20,,1,,Parks & Open Space,https://www.prospectpark.org/event/pop-up-audubon-i-11/2026-09-20/
Pop-Up Audubon II,"Have you ever wondered what lives beneath your feet on the forest floor? Join Prospect Park Alliance naturalists to explore the hidden world of leaf litter. Through hands-on observation, you’ll uncover insects, decomposers, and other small creatures that play a big role in keeping the ecosystem healthy. Also enjoy: Stay + Play, 12–3 pm: Families, children and caregivers can enjoy a range of nature fun including games, puzzles and drawing activities. Nature on the Go, 3–4 pm: Join an Alliance Naturalist as we explore the park’s trails for signs of fall. Be a Park Champion by helping pick up trash along the way. Pop-Up Audubon will be canceled in the event of inclement weather, including rain, extreme heat (temperatures of 90°F or higher), or “Very Unhealthy” air quality conditions.",2026-09-20,,2026-09-20,,1,,Parks & Open Space,https://www.prospectpark.org/event/pop-up-audubon-ii-8/2026-09-20/
Carousel Rides,"Children’s Corner, $3 per ride, $13 for a book of 5 tickets, Free with Prospect Park Alliance Family Supporter membership or higher. Enjoy a ride on Prospect Park’s beloved 1912 Carousel. Open Thursdays – Sundays and Holidays, this treasured historic attraction features magnificent carved horses, lions, giraffes and deer. Join the Alliance at the Family Supporter level or above and enjoy unlimited free rides!",2026-09-20,,2026-09-20,,1,,Parks & Open Space,https://www.prospectpark.org/event/carousel-rides-9/2026-09-20/
Exhibit: The Shirley Chisholm Way: Brooklyn's Blueprint for Change,"Join Prospect Park Alliance and Shirley Chisholm Cultural Institute (SCCI) for a new exhibit that explores how Brooklyn’s beloved daughter broke down gender and racial barriers to fight for her community, becoming the first Black woman elected to Congress. The exhibit is organized around seven life lessons drawn from Chisholm’s tenacious career. It features stunning portraits of Chisholm by artist Al Johnson and rarely seen photographs and memorabilia from the Congresswoman’s campaigns, curated by Barbara Bullard, Creative Producer and President of SCCI. These materials offer inspirational insights into how Brooklyn’s beloved daughter broke down gender and racial barriers to become the first Black woman to serve in Congress. This exhibit provides visitors with a space to reflect on Chisholm’s legacy as Prospect Park Alliance welcomes the installation of a new monument in her honor at the Parkside and Ocean Avenue entrance in 2027. The exhibit, curated by Barbara Bullard, Cultural Producer and President of the Shirley Chisholm Cultural Institute, is part of Prospect Park Alliance’s ReImagine Lefferts initiative, which is transforming the museum to explore the legacies of resistance and resilience of the Indigenous people of Lenapehoking, whose unceded ancestral lands the park and house rests upon, and Africans who were enslaved by the Lefferts family. The Shirley Chisholm Cultural Institute (SCCI) has been at the forefront of art, culture, and justice and economic sustainability since 1977, with the official permission and participation of Congresswoman Chisholm herself in its inception and development. Its purpose is to preserve the legacy of Congresswoman Shirley Chisholm through the initiatives cultivated during her public service career with 21st century activism and innovation. SCCI is aligned with grassroots groups and frontline communities through creating substantive community-based partnership and collaboration along with strategic interoperative relationships with leaders of governmental, and mainstream organizations.",2026-09-20,,2026-09-20,,1,,Parks & Open Space,https://www.prospectpark.org/event/the-shirley-chisholm-way-brooklyns-blueprint-for-change-4/2026-09-20/
Molière in the Park: Don Juan,"Join Molière in the Park, in partnership with Prospect Park Alliance, for a free production of Molière’s most subversive masterpiece, Don Juan. Following the infamous seducer over a single day of defiance and betrayal, this thrilling production blends comedy, tragedy, and the supernatural. Translated by Stephen Wadsworth and directed by Drama Desk nominee Lucie Tiberghien, featuring live original cello music by Drama Desk nominee Johnathan Moore. RSVP About Molière in the Park: The mission of Molière in the Park (MIP) is to foster empathy and unity within the diverse communities in Brooklyn through the arts. We offer free opportunities for all to come together in Prospect Park and beyond and experience the benefits of theater. MIP’s vision is of a Brooklyn where all communities can benefit equally from access to theater and the Arts. Find out more at www.moliereinthepark.org",2026-09-20,,2026-09-20,,1,,Parks & Open Space,https://www.prospectpark.org/event/moliere-in-the-park-don-juan-3-2-4/
Tammy Hall Anniversary Event,"Celebrate 30 years of storytelling with renowned artist Tammy Hall at Lefferts Historic House, the very place where her professional journey began! Presented in partnership with Prospect Park Alliance, this milestone celebration features a captivating performance of global folktales, an interactive storytelling workshop where master narrative craft comes to life, and an open mic session giving community members of all ages their own chance to take the stage and share a tale. RSVP",2026-09-20,,2026-09-20,,1,,Parks & Open Space,https://www.prospectpark.org/event/tammy-hall-anniversary-event/
It’s My Park Day,"Looking to get involved in a park clean-up effort? Join Prospect Park Alliance for It’s My Park Day to care for the park after busy weekends. All necessary tools will be provided for your volunteer experience. Join It’s My Park Days on: September 8, 14, 21, 28 + October 5, 13, 19, 26 Open to teens 14+, adults, and groups with disabilities. Register as an Individual or Register as a Group with Disabilities Register online or contact the Alliance Volunteer Services team at volunteers@prospectpark.org or 929-888-6826.",2026-09-21,,2026-09-21,,1,,Parks & Open Space,https://www.prospectpark.org/event/its-my-park-day-22/2026-09-21/
Sexual Health Mobile Medical Unit,"Prospect Park Alliance is collaborating with NewYork-Presbyterian to offer comprehensive sexual health services in Brooklyn’s backyard at Grand Army Plaza every Thursday from 10 am to 3 pm and every Monday at the Parkside + Ocean Avenue Entrance from 10 am to 3 pm. The NewYork-Presbyterian Sexual Health Mobile Medical Unit is a safe, inclusive space for people to receive high-quality sexual health services. Learn more about the Sexual Health Mobile Medical Unit in Prospect Park or reach out to us at mobilehealth@nyp.org or (929) 923-3543. No insurance or ID is required to receive care. Staffed by a team of NewYork-Presbyterian healthcare providers, the mobile medical unit has an exam room and consult room, and offers routine laboratory testing, vaccinations, and PrEP and PEP medications that lower the risk of HIV infection. Patients can also be connected to social services, benefits enrollment, and local healthcare providers. Other services include sexually transmitted infection (STI) testing, family planning, hepatitis C screening, health education and more. Learn more about the Sexual Health Mobile Medical Unit in Prospect Park or reach out to us at mobilehealth@nyp.org. No insurance or ID is required to receive care. The Sexual Health Mobile Medical Unit is made possible through funding from the Dalio Center for Health Justice and the Division of Community and Population Health at NewYork-Presbyterian, and a grant from the Centers for Disease Control and Prevention.",2026-09-21,,2026-09-21,,1,,Parks & Open Space,https://www.prospectpark.org/event/sexual-health-mobile-medical-unit-2/2026-09-21/
Yom Kippur School Holiday in Prospect Park,"Join Prospect Park Alliance for family friendly programming on the school holiday for Yom Kippur. Nature Exploration Prospect Park Audubon Center, 10 am–3 pm Nature Around Us, 10 am–3 pm: Enjoy different seasonal discovery stations and nature themed activities that will introduce you to the plants, insects and animals that call the park home. The Lake and Lullwater are home to many plants and animals. Help us to test the water quality and investigate pond samples that are filled with living organisms. Fall Leaf Discovery, 2–3 pm: Join us as we delve into the wonder of nature! Are you curious about why and when trees shed their leaves? Gain hands-on experience in citizen science as we explore the Prospect Park environment and witness how changing temperatures affect the trees. We will provide you with a guide to help you record your observations. This program leaves the Audubon Center promptly at 2 pm. ReImagine Lefferts Open Hours, 12–5 pm Lefferts Historic House, Free Visit the Lefferts Historic House for family friendly outdoor and indoor exhibits, activities, workshops and special programs that explore the legacies of resistance and resilience of the Indigenous peoples of Lenapehoking, whose unceded lands the park and house rests upon, and the Africans enslaved by the Lefferts family. Carousel Rides, 12–5 pm Children’s Corner, $3 per ride; $13 for a book of 5 tickets; Unlimited with Prospect Park Alliance Family Supporter membership Make the most of the Yom Kippur school holiday at the park’s beloved Carousel. Join the Alliance at the Family Supporter level or above, and your family (up to 4 people) will receive unlimited rides on the Carousel for a full year!",2026-09-21,,2026-09-21,,1,,Parks & Open Space,https://www.prospectpark.org/event/yom-kippur-school-holiday-in-prospect-park-3/
Discussion | The Healing Power of Nature,"Join Prospect Park Alliance, Museum Van Loon (Amsterdam) and Tula Museum (Curaçao) for a lively conversation on The Healing Power of Nature at Lefferts Historic House. At this interactive dialogue, we will exchange perspectives, ideas and insights on the topic nature as a source for tranquility, admiration, spirituality, leisure, and more that will serve as the kick-off conversation for an exhibition in Amsterdam on the power of nature in 2028. Register Today",2026-09-21,,2026-09-21,,1,,Parks & Open Space,https://www.prospectpark.org/event/discussion-the-healing-power-of-nature/
Molière in the Park: Don Juan,"Join Molière in the Park, in partnership with Prospect Park Alliance, for a free production of Molière’s most subversive masterpiece, Don Juan. Following the infamous seducer over a single day of defiance and betrayal, this thrilling production blends comedy, tragedy, and the supernatural. Translated by Stephen Wadsworth and directed by Drama Desk nominee Lucie Tiberghien, featuring live original cello music by Drama Desk nominee Johnathan Moore. RSVP About Molière in the Park: The mission of Molière in the Park (MIP) is to foster empathy and unity within the diverse communities in Brooklyn through the arts. We offer free opportunities for all to come together in Prospect Park and beyond and experience the benefits of theater. MIP’s vision is of a Brooklyn where all communities can benefit equally from access to theater and the Arts. Find out more at www.moliereinthepark.org",2026-09-22,,2026-09-22,,1,,Parks & Open Space,https://www.prospectpark.org/event/moliere-in-the-park-don-juan-3-2/2026-09-22/
Wednesday Greenmarket at Bartel-Pritchard Square,"Nestled inside Prospect Park’s tree-shaded southwest corner, this much-loved market is where South Slope and Windsor Terrace residents stock up on locally grown staples. The offerings range from a selection of vegetables, fruits, baked goods, plants and flowers to fresh-caught fish and organic baked goods. Learn More For a full calendar of events and a list of sellers, visit the GrowNYC website. Learn about all Nutrition Benefit Programs accepted at GrowNYC Markets",2026-09-23,,2026-09-23,,1,,Parks & Open Space,https://www.prospectpark.org/event/wednesday-greenmarket-at-bartel-pritchard-square/2026-09-23/
EcoZone 2 Volunteer Crew Open House,"Here’s a chance to make an ongoing commitment to your community! Join a Prospect Park Alliance EcoZone Volunteer Crew to help Alliance gardeners care forBrooklyn’s Backyard! Prospect Park is divided into seven Ecological Zones (EcoZones) that are specifically maintained by dedicated EcoZone gardeners. We’re recruiting an EcoZone 2 Volunteer Crew to assist EcoZone Gardeners in restoration and general maintenance tasks to care for the zone that stretches along the Northeast side of the park from The Vale of Cashmere to Willink Plaza (Flatbush Avenue at Empire Boulevard), including the Midwood, from October 2026 to June 2027. Join us for an open house! Come out on a Wednesday in August and September, 9 am–12 pm to meet our Gardeners and get hands-on experience. Be advised, these projects involve repetitive bending, kneeling, lifting and transporting loaded wheelbarrows. This opportunity requires using sharp tools and encountering potentially hazardous plants and materials. Details and Requirements: Commitment to be available weekly (with a minimum participation twice a month) on Wednesdays 9 am–12 pm from November 2026 through June 2027. Available to attend an Orientation Session in-person Comfortable outdoors for three hours in cold, hot, sunny, rainy, or humid weather. Appropriate for adults only. Register for EcoZone! Questions? Contact the Alliance Volunteer Services team at volunteers@prospectpark.org or 929-888-6826.",2026-09-23,,2026-09-23,,1,,Parks & Open Space,https://www.prospectpark.org/event/ecozone-2-volunteer-crew-open-house/2026-09-23/
