Event Name,Event Description,Event Start Date,Event Start Time,Event End Date,Event End Time,All Day Event,Event Venue Name,Event Category,Event Website
First Day of School,,2025-09-04,,2025-09-04,,1,,Schools,
Rosh Hashanah — Schools Closed,,2025-09-23,,2025-09-23,,1,,Schools,
Rosh Hashanah — Schools Closed,,2025-09-24,,2025-09-24,,1,,Schools,
Yom Kippur — Schools Closed,,2025-10-02,,2025-10-02,,1,,Schools,
Italian Heritage/Indigenous Peoples' Day — Schools Closed,,2025-10-13,,2025-10-13,,1,,Schools,
Diwali — Schools Closed,,2025-10-20,,2025-10-20,,1,,Schools,
Election Day — No School,,2025-11-04,,2025-11-04,,1,,Schools,
Veterans Day — Schools Closed,,2025-11-11,,2025-11-11,,1,,Schools,
Thanksgiving Recess — Schools Closed,,2025-11-27,,2025-11-27,,1,,Schools,
Thanksgiving Recess — Schools Closed,,2025-11-28,,2025-11-28,,1,,Schools,
Winter Recess — Schools Closed,,2025-12-24,,2025-12-24,,1,,Schools,
Winter Recess — Schools Closed,,2025-12-25,,2025-12-25,,1,,Schools,
Winter Recess — Schools Closed,,2025-12-26,,2025-12-26,,1,,Schools,
Winter Recess — Schools Closed,,2025-12-29,,2025-12-29,,1,,Schools,
Winter Recess — Schools Closed,,2025-12-30,,2025-12-30,,1,,Schools,
Winter Recess — Schools Closed,,2025-12-31,,2025-12-31,,1,,Schools,
Winter Recess — Schools Closed,,2026-01-01,,2026-01-01,,1,,Schools,
ASP Suspended — New Year's Day,,2026-01-01,,2026-01-01,,1,,City Notices,
Winter Recess — Schools Closed,,2026-01-02,,2026-01-02,,1,,Schools,
ASP Suspended — Three Kings' Day,,2026-01-06,,2026-01-06,,1,,City Notices,
MLK Jr. Day — Schools Closed,,2026-01-19,,2026-01-19,,1,,Schools,
ASP Suspended — MLK Day,,2026-01-19,,2026-01-19,,1,,City Notices,
Regents Administration,,2026-01-20,,2026-01-20,,1,,Schools,
Regents Administration,,2026-01-21,,2026-01-21,,1,,Schools,
Regents Administration,,2026-01-22,,2026-01-22,,1,,Schools,
Regents Administration,,2026-01-23,,2026-01-23,,1,,Schools,
Prof. Development Day — No School (HS/6-12),,2026-01-26,,2026-01-26,,1,,Schools,
Spring Semester Begins,,2026-01-27,,2026-01-27,,1,,Schools,
ASP Suspended — Lincoln's Birthday,,2026-02-12,,2026-02-12,,1,,City Notices,
Midwinter Recess — Schools Closed,,2026-02-16,,2026-02-16,,1,,Schools,
ASP Suspended — Presidents Day / Lunar New Year's Eve,,2026-02-16,,2026-02-16,,1,,City Notices,
Midwinter Recess — Schools Closed,,2026-02-17,,2026-02-17,,1,,Schools,
ASP Suspended — Lunar New Year,,2026-02-17,,2026-02-17,,1,,City Notices,
ASP Suspended — Ash Wednesday / Losar,,2026-02-18,,2026-02-18,,1,,City Notices,
Midwinter Recess — Schools Closed,,2026-02-18,,2026-02-18,,1,,Schools,
Midwinter Recess — Schools Closed,,2026-02-19,,2026-02-19,,1,,Schools,
Midwinter Recess — Schools Closed,,2026-02-20,,2026-02-20,,1,,Schools,
BMT Env. Review Info Session · 6pm,,2026-03-11,,2026-03-11,,1,,Community,
Gowanus Green Public Meeting · 6pm,,2026-03-12,,2026-03-12,,1,,Community,
BMT Virtual Scoping Meeting · 6pm,,2026-03-16,,2026-03-16,,1,,Land Use,
Eid al-Fitr — Schools Closed,,2026-03-20,,2026-03-20,,1,,Schools,
Alt Side Parking Suspended,,2026-03-21,,2026-03-21,,1,,City Notices,
ASP Suspended — Purim,,2026-03-21,,2026-03-21,,1,,City Notices,
NYC Rent Guidelines Board: Public Meeting,In-person or livestream via RGB YouTube channel.,2026-03-26,09:30,2026-03-26,,,Spector Hall,Civic Associations,https://rentguidelinesboard.cityofnewyork.us/2026-meetings/
ASP Suspended — Holy Thursday,,2026-04-02,,2026-04-02,,1,,City Notices,
Spring Recess — Schools Closed,,2026-04-02,,2026-04-02,,1,,Schools,
ASP Suspended — Good Friday,,2026-04-03,,2026-04-03,,1,,City Notices,
Spring Recess — Schools Closed,,2026-04-03,,2026-04-03,,1,,Schools,
Old Stone House: Open Hearth Baking Day · 12–4:30pm · 336 3rd St,,2026-04-05,,2026-04-05,,1,,Arts & Culture,
Spring Recess — Schools Closed,,2026-04-06,,2026-04-06,,1,,Schools,
Spring Recess — Schools Closed,,2026-04-07,,2026-04-07,,1,,Schools,
ASP Suspended — Passover 7th–8th Day,,2026-04-08,,2026-04-08,,1,,City Notices,
Spring Recess — Schools Closed,,2026-04-08,,2026-04-08,,1,,Schools,
NYC Rent Guidelines Board: Public Meeting,In-person or livestream via RGB YouTube channel.,2026-04-09,09:30,2026-04-09,,,Spector Hall,Civic Associations,https://rentguidelinesboard.cityofnewyork.us/2026-meetings/
Spring Recess — Schools Closed,,2026-04-09,,2026-04-09,,1,,Schools,
Arts Gowanus: Brooklyn Fine Art Print Fair @ Powerhouse Arts (Day 1),,2026-04-09,,2026-04-09,,1,,Arts & Culture,
ASP Suspended — Holy Thursday (Orthodox) / Passover 7th–8th Day,,2026-04-09,,2026-04-09,,1,,City Notices,
Spring Recess — Schools Closed,,2026-04-10,,2026-04-10,,1,,Schools,
Arts Gowanus: Brooklyn Fine Art Print Fair @ Powerhouse Arts (Day 2),,2026-04-10,,2026-04-10,,1,,Arts & Culture,
ASP Suspended — Good Friday (Orthodox),,2026-04-10,,2026-04-10,,1,,City Notices,
Arts Gowanus: Brooklyn Fine Art Print Fair @ Powerhouse Arts (Day 3),,2026-04-11,,2026-04-11,,1,,Arts & Culture,
"Arts Gowanus: Brooklyn Fine Art Print Fair @ Powerhouse Arts (Day 4, final)",,2026-04-12,,2026-04-12,,1,,Arts & Culture,
"BMT RFEI Info Session · Sacred Hearts of Jesus & Mary, 125 Summit St · 6pm",,2026-04-13,,2026-04-13,,1,,Community,
Schools Reopen (Spring Recess ends),,2026-04-13,,2026-04-13,,1,,Schools,
BMT RFEI Info Session · Miccio Community Center · 6pm,,2026-04-15,,2026-04-15,,1,,Community,
NYC Rent Guidelines Board: Public Meeting,In-person or livestream via RGB YouTube channel.,2026-04-16,09:30,2026-04-16,,,Spector Hall,Civic Associations,https://rentguidelinesboard.cityofnewyork.us/2026-meetings/
Arts Gowanus: Urban Folk Art @ The Other Art Fair · Brooklyn Navy Yard (Day 1),,2026-04-16,,2026-04-16,,1,,Arts & Culture,
Arts Gowanus: Urban Folk Art @ The Other Art Fair · Brooklyn Navy Yard (Day 2),,2026-04-17,,2026-04-17,,1,,Arts & Culture,
"Arts Gowanus: Youth Art Pop-Up @ Groundswell, 540 President St · 4–6pm",,2026-04-17,,2026-04-17,,1,,Arts & Culture,
Arts Gowanus: Urban Folk Art @ The Other Art Fair · Brooklyn Navy Yard (Day 3),,2026-04-18,,2026-04-18,,1,,Arts & Culture,
Arts Gowanus: Urban Folk Art @ The Other Art Fair · Brooklyn Navy Yard (final day),,2026-04-19,,2026-04-19,,1,,Arts & Culture,
Resilient Red Hook: Freight 101 Webinar & Earth Day Conversation,,2026-04-22,18:00,2026-04-22,,,New Brown Memorial Baptist Church,Civic Associations,https://resilientredhook.com/events/2026/4/16/freight-101-webinar-and-earth-day-conversation
NYC Rent Guidelines Board: Public Meeting (Owner & Tenant Testimony),"Owner groups 9:45am–12:15pm, tenant groups 1–3:30pm. In-person or livestream via RGB YouTube channel.",2026-04-23,09:30,2026-04-23,,,Spector Hall,Civic Associations,https://rentguidelinesboard.cityofnewyork.us/2026-meetings/
"Arts Gowanus: Tower Show Opening Reception @ Union Channel, 240 3rd Ave · noon–6pm",,2026-04-23,,2026-04-23,,1,,Arts & Culture,
Gowanus Community Festival @ Thomas Greene Playground · 12–4pm,,2026-04-25,,2026-04-25,,1,,Community,
Arts Gowanus: Tower Show @ Union Channel · noon–6pm,,2026-04-25,,2026-04-25,,1,,Arts & Culture,
Gowanus Community Festival — Rain Date @ Thomas Greene Playground · 12–4pm,,2026-04-26,,2026-04-26,,1,,Community,
Arts Gowanus: Tower Show @ Union Channel · noon–6pm,,2026-04-26,,2026-04-26,,1,,Arts & Culture,
CONDUCTOR: Art Fair of the Global Majority (Apr 29 – May 3),,2026-04-29,10:00,2026-04-29,,,Powerhouse Arts,Arts & Culture,https://powerhousearts.org/conductor
Arts Gowanus: Storytelling Night (Trans Art Fest) @ Mercury Store · 7–9pm,,2026-04-30,,2026-04-30,,1,,Arts & Culture,
CGA: NYCC4DW May Day March,,2026-05-01,16:00,2026-05-01,,,Carroll Gardens Association,Civic Associations,https://www.carrollgardensassociation.com/events/nycc4dw-may-day-march-marcha-del-primero-de-mayo-de-nycc4dw
Jalopy: Cristina Vane,,2026-05-01,20:00,2026-05-01,,,Jalopy Theatre,Arts & Culture,https://www.songkick.com/concerts/43025928-cristina-vane-at-jalopy-theatre
Arts Gowanus: Tower Show @ Union Channel · noon–6pm,,2026-05-02,,2026-05-02,,1,,Arts & Culture,
Old Stone House: Classic Baseball Game — Brooklyn Bridegrooms vs FUMBL · first pitch 2:30pm,,2026-05-02,,2026-05-02,,1,,Arts & Culture,
Park Slope Open Streets: Meet Your Neighbors,,2026-05-02,12:30,2026-05-02,,,5th Avenue,Civic Associations,https://www.parkslopeopenstreets.org/calendar
BPL: Park Slope Storytime,,2026-05-02,11:00,2026-05-02,,,Park Slope Library,Community,https://www.bklynlibrary.org/events
CGA: We Rise Online Nanny Training,,2026-05-02,10:00,2026-05-02,,,Carroll Gardens Association,Civic Associations,https://www.carrollgardensassociation.com/events/online-we-rise-nanny-training
Resilient Red Hook: Riverkeeper Sweep at Valentino Pier Park,,2026-05-02,10:00,2026-05-02,,,Valentino Pier Park,Civic Associations,https://resilientredhook.com/events/2026/4/16/riverkeeper-sweep-at-valentino-pier-park
Arts Gowanus: Tower Show @ Union Channel · noon–6pm,,2026-05-03,,2026-05-03,,1,,Arts & Culture,
BPL: The People’s Ball,,2026-05-03,19:00,2026-05-03,,,Park Slope Library,Community,https://www.bklynlibrary.org/events
CGA: Celebrate Spring with CGNA — Brooklyn Botanic Garden Trip,,2026-05-03,11:00,2026-05-03,,,Brooklyn Botanic Garden,Civic Associations,https://www.carrollgardensassociation.com/events/celebrate-spring-with-cgna
BKBP x Made in NYC Week: Jane’s Walk — The Interboro Express,,2026-05-03,15:00,2026-05-03,,,Bensonhurst/Borough Park border,Government,https://www.brooklynbp.nyc.gov/event/office-of-the-brooklyn-borough-president-x-made-in-nyc-week-janes-walk-the-interboro-express-trains-cranes-and-fewer-automobiles/
BKBP x Made in NYC Week (May 3–5),,2026-05-03,15:00,2026-05-03,,,Brooklyn,Government,https://www.brooklynbp.nyc.gov/event/office-of-the-brooklyn-borough-president-x-made-in-nyc-week/
Turning 5 Talks,,2026-05-04,18:30,2026-05-04,,,BKCM,Arts & Culture,https://bkcm.org/?p=31147
BPL: Grab and Go Kids Craft Kit,,2026-05-04,,2026-05-04,,1,Pacific Library,Community,https://www.bklynlibrary.org/events
CGA: NYC Coalition for Domestic Workers Weeks of Action,,2026-05-04,09:00,2026-05-04,,,Carroll Gardens Association,Civic Associations,https://www.carrollgardensassociation.com/events/nyc-coalition-for-domestic-workers-weeks-of-action-la-coalicin-de-trabajadores-del-hogar-de-nyc-semanas-de-accin-w2yjd-dzb23
BKBP x Made in NYC Week: Brooklyn Green Jobs Fair,,2026-05-04,12:00,2026-05-04,,,Brooklyn,Government,https://www.brooklynbp.nyc.gov/event/office-of-the-brooklyn-borough-president-x-made-in-nyc-week-brooklyn-green-jobs-fair/
BPL: Jack and Friends: Moozika!,,2026-05-05,16:00,2026-05-05,,,Park Slope Library,Community,https://www.bklynlibrary.org/events
BPL: Kids Explore: Study Hall,,2026-05-05,15:30,2026-05-05,,,Pacific Library,Community,https://www.bklynlibrary.org/events
BPL: Park Slope Storytime,,2026-05-05,10:00,2026-05-05,,,Park Slope Library,Community,https://www.bklynlibrary.org/events
CGA: Nutrition & Health Workshop with Cornell University,,2026-05-05,19:00,2026-05-05,,,Carroll Gardens Association,Civic Associations,https://www.carrollgardensassociation.com/events/nutrition-health-workshop-with-cornell-university-htrp6-f3xs8-dwk2l
LPC Public Hearing,,2026-05-05,09:30,2026-05-05,,,NYC Landmarks Preservation Commission,Civic Associations,https://www.nyc.gov/site/lpc/hearings/hearings.page
BKBP x Made in NYC Week: Symposium — Making More: Industry’s Role in an Affordable City,,2026-05-05,09:30,2026-05-05,,,Brooklyn,Government,https://www.brooklynbp.nyc.gov/event/office-of-the-brooklyn-borough-president-x-made-in-nyc-week-symposium-making-more-industrys-role-in-an-affordable-livable-city/
76th Precinct Community Council Meeting,,2026-05-06,19:00,2026-05-06,,,76th Precinct,Public Safety,https://www.nyc.gov/site/nypd/bureaus/patrol/precincts/76th-precinct.page
BPL: Kids Create: Sunprints,,2026-05-06,16:00,2026-05-06,,,Amazing Garden (Carroll Gardens),Community,https://www.bklynlibrary.org/events
BPL: Lofi Teen Time,,2026-05-06,16:00,2026-05-06,,,Pacific Library,Community,https://www.bklynlibrary.org/events
BPL: Red Hook Outdoor Storytime,,2026-05-06,11:00,2026-05-06,,,Coffey Park,Community,https://www.bklynlibrary.org/events
Jalopy: Ali Dineen,,2026-05-06,20:00,2026-05-06,,,Jalopy Theatre,Arts & Culture,https://www.songkick.com/concerts/43131047-ali-dineen-at-jalopy-theatre
World Ferry Safety & Technology Conference,,2026-05-06,09:00,2026-05-06,,,Waterfront Museum Barge,Community,https://waterfrontmuseum.org/event/4633/
FAC: Introduction to Homebuying Workshop,,2026-05-06,18:00,2026-05-06,,,Fifth Avenue Committee,Civic Associations,https://fifthave.org/blog/event/introduction-to-homebuying-workshop-3/
NYC City Council Stated Meeting,,2026-05-06,13:30,2026-05-06,,,NYC City Hall,Government,https://legistar.council.nyc.gov/Calendar.aspx
City Planning Commission Public Meeting,,2026-05-06,10:00,2026-05-06,,,NYC City Planning Commission,Civic Associations,https://www.nyc.gov/content/planning/pages/calendar
NYC RGB: Preliminary Vote — Rent Stabilized Apartments,Preliminary vote on proposed lease adjustments. Doors open 6pm. In-person or RGB YouTube livestream.,2026-05-07,19:00,2026-05-07,,,LaGuardia Performing Arts Center,Civic Associations,https://rentguidelinesboard.cityofnewyork.us/2026-meetings/
New York Reviews Architecture: Issue #50 Launch Party,,2026-05-07,,2026-05-07,,1,,Arts & Culture,https://www.vanalen.org/events/41515/
Gowanus Blooms 2026 — GCC 20th Anniversary,,2026-05-07,18:30,2026-05-07,,,Powerhouse Arts Grand Hall,Civic Associations,https://gowanuscanalconservancy.org/gowanus-blooms-2026/
BPL: Teen Tech Time & Video Games,,2026-05-07,16:00,2026-05-07,,,Park Slope Library,Community,https://www.bklynlibrary.org/events
Swamp in the City: Cajun & Creole Music Festival (Night 1),,2026-05-07,19:00,2026-05-07,,,Waterfront Museum Barge,Community,https://waterfrontmuseum.org/event/swamp-in-the-city-a-cajun-creole-music-festival/
Nitehawk: Sound of a Dream: Lee Burridge — Music Driven (w/ Q&A),,2026-05-07,19:00,2026-05-07,,,Nitehawk Cinema,Arts & Culture,https://nitehawkcinema.com/prospectpark/film-series/music-driven/
Nitehawk: Spoons Toons & Booze After Dark,,2026-05-07,21:15,2026-05-07,,,Nitehawk Cinema,Arts & Culture,https://nitehawkcinema.com/prospectpark/film-series/spoons-toons-booze-2/
Harmonics Hits ’25-26,,2026-05-08,19:30,2026-05-08,,,BKCM,Arts & Culture,https://bkcm.org/?p=36488
Weekly Repair Workshop,,2026-05-08,10:00,2026-05-08,,,Principles GI Coffee House,Food & Markets,https://principlesbk.nyc/upcoming-events
CGA: Mother’s Day Brooklyn Bridge Park Breakfast,,2026-05-08,10:00,2026-05-08,,,Brooklyn Bridge Park,Civic Associations,https://www.carrollgardensassociation.com/events/mothers-day-brooklyn-bridge-park-breakfast
Swamp in the City: Cajun & Creole Music Festival (Night 2),,2026-05-08,19:00,2026-05-08,,,Waterfront Museum Barge,Community,https://waterfrontmuseum.org/event/swamp-in-the-city-a-cajun-creole-music-festival/
Red Hook Brooklyn Film Festival — Part 1 (May 8–10),,2026-05-08,,2026-05-08,,1,Red Hook,Arts & Culture,https://redhookcine.org
BBG: Beginning Birding (5 Saturdays thru Jun 6),Learn to find and identify birds at peak spring migration. Waitlist only.,2026-05-09,09:00,2026-05-09,,,Brooklyn Botanic Garden,Parks & Open Space,https://www.bbg.org/classes/beginning_birding
BBG: Container Vegetable Gardening,Practical tips for growing produce in containers. Preregistration required.,2026-05-09,10:00,2026-05-09,,,Brooklyn Botanic Garden,Parks & Open Space,https://www.bbg.org/classes/container_vegetable_gardening
BBG: Seasonal Highlights Tour in Spanish,Free guided walk in Spanish. Also May 16 & Jun 13.,2026-05-09,11:00,2026-05-09,,,Brooklyn Botanic Garden,Parks & Open Space,https://www.bbg.org/visit/event/seasonal_highlights_tour_spanish
Arts Gowanus: Tower Show @ Union Channel · noon–6pm,,2026-05-09,,2026-05-09,,1,,Arts & Culture,
Open Stages 2026,,2026-05-09,15:00,2026-05-09,,,15+ outdoor stages across Park Slope,Arts & Culture,https://bkcm.org/?p=31020
Park Slope Open Streets: Music in the Air — Open Stages,,2026-05-09,,2026-05-09,,1,5th Avenue,Civic Associations,https://www.parkslopeopenstreets.org/calendar
Cobble Hill Historic Walking Tour,,2026-05-09,10:00,2026-05-09,,,Cobble Hill neighborhood,Civic Associations,https://cobblehill.nyc/events/
BPL: Park Slope Storytime,,2026-05-09,11:00,2026-05-09,,,Park Slope Library,Community,https://www.bklynlibrary.org/events
CGA: We Rise Online Nanny Training,,2026-05-09,10:00,2026-05-09,,,Carroll Gardens Association,Civic Associations,https://www.carrollgardensassociation.com/events/online-we-rise-nanny-training-nrhxj
Swamp in the City: Cajun & Creole Music Festival (Day 3),,2026-05-09,13:00,2026-05-09,,,Waterfront Museum Barge,Community,https://waterfrontmuseum.org/event/swamp-in-the-city-a-cajun-creole-music-festival/
Atlantic Avenue ArtWalk opens (May 9–17),,2026-05-09,10:00,2026-05-09,,,Atlantic Avenue,Civic Associations,https://www.atlanticave.org/artwalk
6/15 Green Spring Festival,"Music all day, plant sale, bake sale, children's events, potluck. Rain date: May 10.",2026-05-09,10:00,2026-05-09,,,6th Ave & 15th St,Food & Markets,https://615green.org
FOFA Street Cleanup Volunteer Project,,2026-05-09,10:30,2026-05-09,,,"4th Ave & Dean St, Brooklyn",Civic Associations,https://www.4fofa.org/
Red Hook Brooklyn Film Festival — Part 1 (May 8–10),,2026-05-09,,2026-05-09,,1,Red Hook,Arts & Culture,https://redhookcine.org
Nitehawk: Bugsy Malone — Brunch Movie,,2026-05-09,,2026-05-09,,1,Nitehawk Cinema,Arts & Culture,https://nitehawkcinema.com/prospectpark/movies/bugsy-malone/
Nitehawk: The Virgin Suicides — Brunch Movie,,2026-05-09,,2026-05-09,,1,Nitehawk Cinema,Arts & Culture,https://nitehawkcinema.com/prospectpark/movies/virgin-suicides/
BBG: Weekends in Bloom,"Hands-on nature activities, folk music, jazz ensemble, and guided tour.",2026-05-10,,2026-05-10,,1,Brooklyn Botanic Garden,Parks & Open Space,https://www.bbg.org/visit/event/weekends_in_bloom_2026-05-10
BBG: Mother's Day Prix Fixe Brunch,Prix-fixe brunch in Yellow Magnolia Cafe. Seatings 11am-4pm.,2026-05-10,11:00,2026-05-10,,,Brooklyn Botanic Garden,Parks & Open Space,https://www.bbg.org/visit/event/mothers_day_prix_fixe_brunch
Arts Gowanus: Tower Show @ Union Channel · noon–6pm,,2026-05-10,,2026-05-10,,1,,Arts & Culture,
Commie Coffee,,2026-05-10,12:00,2026-05-10,,,Principles GI Coffee House,Food & Markets,https://principlesbk.nyc/upcoming-events
Jalopy: Mama’s Broke,,2026-05-10,20:00,2026-05-10,,,Jalopy Theatre,Arts & Culture,https://www.songkick.com/concerts/43102496-mamas-broke-at-jalopy-theatre
Swamp in the City: Cajun & Creole Music Festival (Final Day),,2026-05-10,13:00,2026-05-10,,,Waterfront Museum Barge,Community,https://waterfrontmuseum.org/event/swamp-in-the-city-a-cajun-creole-music-festival/
Pioneer Works: Second Sundays — May,,2026-05-10,12:00,2026-05-10,,,Pioneer Works,Arts & Culture,https://pioneerworks.org/series/second-sundays
Red Hook Brooklyn Film Festival — Part 1 (May 8–10),,2026-05-10,,2026-05-10,,1,Red Hook,Arts & Culture,https://redhookcine.org
Nitehawk: Bugsy Malone — Brunch Movie,,2026-05-10,,2026-05-10,,1,Nitehawk Cinema,Arts & Culture,https://nitehawkcinema.com/prospectpark/movies/bugsy-malone/
Nitehawk: The Virgin Suicides — Brunch Movie,,2026-05-10,,2026-05-10,,1,Nitehawk Cinema,Arts & Culture,https://nitehawkcinema.com/prospectpark/movies/virgin-suicides/
HPD in Your District: CD38 Mobile Outreach Van,"Join HPD and CM Alexa Aviles. Get help with affordable housing applications, tenant rights, housing complaints, building registration, and more. Ends 3:00 PM.",2026-05-11,10:00,2026-05-11,,,4417 4th Ave,Civic Associations,https://www.nyc.gov/site/hpd/events/hpd-in-your-district-council-district-38/920136/1
Bikepacking Class w Joe @718outdoors,,2026-05-11,18:00,2026-05-11,,,Principles GI Coffee House,Food & Markets,https://principlesbk.nyc/upcoming-events
BPL: Grab and Go Kids Craft Kit,,2026-05-11,,2026-05-11,,1,Pacific Library,Community,https://www.bklynlibrary.org/events
CGA: NYC Coalition for Domestic Workers Weeks of Action,,2026-05-11,09:00,2026-05-11,,,Carroll Gardens Association,Civic Associations,https://www.carrollgardensassociation.com/events
Red Hook Brooklyn Film Festival — Part 2 (May 11–14),,2026-05-11,,2026-05-11,,1,Red Hook,Arts & Culture,https://redhookcine.org
CEC 15 Calendar & Business Meeting,Ends 9:30 PM.,2026-05-12,18:30,2026-05-12,,,P.S. 456 Elizabeth Jennings School,Civic Associations,https://cecd15.org
BBG: Starting a Vegetable Garden,Crash course in vegetable gardening. Also May 19. Preregistration required.,2026-05-12,17:30,2026-05-12,,,Brooklyn Botanic Garden,Parks & Open Space,https://www.bbg.org/classes/starting_a_vegetable_garden_new
BPL: Park Slope Storytime,,2026-05-12,10:00,2026-05-12,,,Park Slope Library,Community,https://www.bklynlibrary.org/events
CGA: Nutrition & Health Workshop with Cornell University,,2026-05-12,19:00,2026-05-12,,,Carroll Gardens Association,Civic Associations,https://www.carrollgardensassociation.com/events
LPC Public Hearing,,2026-05-12,09:30,2026-05-12,,,NYC Landmarks Preservation Commission,Civic Associations,https://www.nyc.gov/site/lpc/hearings/hearings.page
Red Hook Brooklyn Film Festival — Part 2 (May 11–14),,2026-05-12,,2026-05-12,,1,Red Hook,Arts & Culture,https://redhookcine.org
Nitehawk: Pre-Code Parade — Ladies of Leisure (35mm),,2026-05-12,19:00,2026-05-12,,,Nitehawk Cinema,Arts & Culture,https://nitehawkcinema.com/prospectpark/film-series/pre-code-parade/
BPL: Red Hook Outdoor Storytime,,2026-05-13,11:00,2026-05-13,,,Coffey Park,Community,https://www.bklynlibrary.org/events
City Planning Commission Public Meeting,,2026-05-13,10:00,2026-05-13,,,NYC City Planning Commission,Civic Associations,https://www.nyc.gov/content/planning/pages/calendar
BKBP ULURP Public Hearing,,2026-05-13,18:00,2026-05-13,,,Brooklyn Borough Hall,Government,https://www.brooklynbp.nyc.gov/event/ulurp-public-hearing-meeting-4/
Community Controlled Housing: Rabble Rousers Screening & Panel,,2026-05-13,18:30,2026-05-13,,,Jalopy Tavern,Civic Associations,https://tinyurl.com/swbtu51326
Red Hook Brooklyn Film Festival — Part 2 (May 11–14),,2026-05-13,,2026-05-13,,1,Red Hook,Arts & Culture,https://redhookcine.org
ASP Suspended — Solemnity of the Ascension,,2026-05-14,,2026-05-14,,1,,City Notices,
We ♥ Cookie Cutter Housing,,2026-05-14,,2026-05-14,,1,,Arts & Culture,https://www.vanalen.org/events/we-heart-cookie-cutter-housing/
"Five Boroughs, One Future: 30 Years of Community Justice",,2026-05-14,18:00,2026-05-14,,,Center for Brooklyn History,Civic Associations,https://www.innovatingjustice.org/events/five-boroughs-one-future/
Smith Street Stage: Shakespeare in Carroll Park (Preview),,2026-05-14,19:30,2026-05-14,,,Carroll Park,Arts & Culture,https://www.smithstreetstage.org/playing-now
Red Hook Brooklyn Film Festival — Part 2 (May 11–14),,2026-05-14,,2026-05-14,,1,Red Hook,Arts & Culture,https://redhookcine.org
DSNY: Residential Containerization Virtual Info Session,Virtual info session on DSNY containerization rules for residential buildings.,2026-05-14,18:00,2026-05-14,,,Virtual,Civic Associations,https://www.nyc.gov/site/dsny/collection/containerization/residential-containerization.page
Weekly Repair Workshop,,2026-05-15,10:00,2026-05-15,,,Principles GI Coffee House,Food & Markets,https://principlesbk.nyc/upcoming-events
BPL: Storytime in the Garden,,2026-05-15,11:00,2026-05-15,,,Amazing Garden (Carroll Gardens),Community,https://www.bklynlibrary.org/events
Smith Street Stage: Shakespeare in Carroll Park (Preview),,2026-05-15,19:30,2026-05-15,,,Carroll Park,Arts & Culture,https://www.smithstreetstage.org/playing-now
Red Hook Brooklyn Film Festival — Part 3 (May 15–17),,2026-05-15,,2026-05-15,,1,Red Hook,Arts & Culture,https://redhookcine.org
BBG: All-Abilities Discovery Afternoon,Visitors with disabilities and families explore the Discovery Garden with docents. Preregistration required.,2026-05-16,14:00,2026-05-16,,,Brooklyn Botanic Garden,Parks & Open Space,https://www.bbg.org/visit/event/all_abilities_discovery_afternoon
Arts Gowanus: Tower Show @ Union Channel · noon–6pm,,2026-05-16,,2026-05-16,,1,,Arts & Culture,
Powerhouse Arts Community Day,,2026-05-16,11:00,2026-05-16,,,Powerhouse Arts,Arts & Culture,https://powerhousearts.org/event/community-day
Park Slope Open Streets: Bike Brooklyn Day,,2026-05-16,,2026-05-16,,1,5th Avenue,Civic Associations,https://www.parkslopeopenstreets.org/calendar
Photoville Exhibition — RHAP Student Art (May 16–30),,2026-05-16,09:00,2026-05-16,,,Brooklyn Bridge Park,Arts & Culture,https://www.redhookartproject.org/events/photoville-exhibition
Cobble Hill Park Spring Maintenance Volunteer Day #2,,2026-05-16,09:00,2026-05-16,,,Cobble Hill Park,Civic Associations,https://cobblehill.nyc/events/
Brooklyn Bridge Park Kite Festival,,2026-05-16,11:00,2026-05-16,,,Brooklyn Bridge Park,Parks & Open Space,https://brooklynbridgepark.org/event/kite-festival/
NYCHA in Nature: Free Bird Outing,"Free bird outing with an expert bird guide, 10–11 AM. Binoculars provided. Great for all ages. Presented by NYC Bird Alliance with Gowanus Canal Conservancy, Friends of Thomas Greene Park, and Public Housing Community Fund.",2026-05-16,10:00,2026-05-16,,,Gowanus & Wyckoff Gardens Houses,Civic Associations,https://www.nycbirdalliance.org/nycha
Photoville Festival Opens (May 16–30),,2026-05-16,12:00,2026-05-16,,,Brooklyn Bridge Park,Parks & Open Space,https://brooklynbridgepark.org/event/photoville/
"BPL: Ready, Set, Kindergarten!",,2026-05-16,11:00,2026-05-16,,,Park Slope Library,Community,https://www.bklynlibrary.org/events
BPL: Letter Writing Club,,2026-05-16,11:00,2026-05-16,,,Park Slope Library,Community,https://www.bklynlibrary.org/events
BPL: Park Slope Storytime,,2026-05-16,11:00,2026-05-16,,,Park Slope Library,Community,https://www.bklynlibrary.org/events
CGA: We Rise Online Nanny Training,,2026-05-16,10:00,2026-05-16,,,Carroll Gardens Association,Civic Associations,https://www.carrollgardensassociation.com/events
Green-Wood Cemetery Walking Tour (CM Avilés),,2026-05-16,11:00,2026-05-16,,,Green-Wood Cemetery,Civic Associations,https://www.council.nyc.gov/district-38/
Smith Street Stage: Shakespeare in Carroll Park (Opening Night),,2026-05-16,19:30,2026-05-16,,,Carroll Park,Arts & Culture,https://www.smithstreetstage.org/playing-now
Red Hook Brooklyn Film Festival — Part 3 (May 15–17),,2026-05-16,,2026-05-16,,1,Red Hook,Arts & Culture,https://redhookcine.org
Red Hook Rummage Sale,,2026-05-16,,2026-05-16,,1,Red Hook,Arts & Culture,https://redhookbiz.org
Arts Gowanus: Tower Show @ Union Channel · final day · noon–6pm,,2026-05-17,,2026-05-17,,1,,Arts & Culture,
Old Time Square Dance,,2026-05-17,18:30,2026-05-17,,,BKCM,Arts & Culture,https://bkcm.org/?p=28502
Fabulous Fifth Avenue Fair 2026,,2026-05-17,10:00,2026-05-17,,,"5th Avenue, Park Slope",Civic Associations,https://parkslopefifthavenuebid.com/event/fabulous-fifth-avenue-fair-6/
Atlantic Avenue ArtWalk closes,,2026-05-17,10:00,2026-05-17,,,Atlantic Avenue,Civic Associations,https://www.atlanticave.org/artwalk
Crashscape: AR Walking Tour for Atlantic Ave ArtWalk,,2026-05-17,12:00,2026-05-17,,,Hoyt Street Garden,Arts & Culture,https://www.eventbrite.com/e/crashscape-augmented-reality-walking-tour-for-atlantic-ave-art-walk-2026-tickets-1986370762422
Smith Street Stage: Shakespeare in Carroll Park (Community Q&A — 6:30 PM start),,2026-05-17,18:30,2026-05-17,,,Carroll Park,Arts & Culture,https://www.smithstreetstage.org/playing-now
Red Hook Brooklyn Film Festival — Part 3 (May 15–17),,2026-05-17,,2026-05-17,,1,Red Hook,Arts & Culture,https://redhookcine.org
Red Hook Rummage Sale,,2026-05-17,,2026-05-17,,1,Red Hook,Arts & Culture,https://redhookbiz.org
Park Slope Farmers Market,Year-round Sunday market. 9AM–2PM. Site host: Old Stone House.,2026-05-17,09:00,2026-05-17,,,Washington Park,Food & Markets,https://downtoearthmarkets.com/
RHLP x Strong Rope Brewery — Lobster Rolls & Beer,,2026-05-17,12:00,2026-05-17,,,Strong Rope Brewery,Food & Markets,https://www.redhooklobster.com/event/rhlp-x-strong-rope-brewery/
WTFNB Bike Repair Workshop & Open Hours,,2026-05-18,17:00,2026-05-18,,,Principles GI Coffee House,Food & Markets,https://principlesbk.nyc/upcoming-events
Sing for Hope Piano Unveiling — RHAP,,2026-05-18,09:00,2026-05-18,,,Fosun Plaza,Arts & Culture,https://www.redhookartproject.org/events/sing-for-hope
BPL: Grab and Go Kids Craft Kit,,2026-05-18,,2026-05-18,,1,Pacific Library,Community,https://www.bklynlibrary.org/events
CGA: NYC Coalition for Domestic Workers Weeks of Action,,2026-05-18,09:00,2026-05-18,,,Carroll Gardens Association,Civic Associations,https://www.carrollgardensassociation.com/events
NYC Parks: Re-Imagine Gowanus Public Meeting,In-person input session on new Gowanus open spaces connecting to Smith/9th St MTA station and Bond St. Registration required. Funded by Mayor Mamdani.,2026-05-19,18:00,2026-05-19,,,25 9th St,Parks & Open Space,https://nyc.gov/parks/input
2026 RHAP Party!,,2026-05-19,18:00,2026-05-19,,,Red Hook Cidery,Arts & Culture,https://www.redhookartproject.org/events/2026-rhap-party
BPL: Arts & Crafts for Seniors,,2026-05-19,13:00,2026-05-19,,,St. Paul’s (Carroll Gardens),Community,https://www.bklynlibrary.org/events
BPL: Playtime (Birth to Kindergarten),,2026-05-19,15:30,2026-05-19,,,Pacific Library,Community,https://www.bklynlibrary.org/events
BPL: Music in the Garden,,2026-05-19,15:00,2026-05-19,,,Amazing Garden (Carroll Gardens),Community,https://www.bklynlibrary.org/events
BPL: Park Slope Storytime,,2026-05-19,10:00,2026-05-19,,,Park Slope Library,Community,https://www.bklynlibrary.org/events
CGA: Nutrition & Health Workshop with Cornell University,,2026-05-19,19:00,2026-05-19,,,Carroll Gardens Association,Civic Associations,https://www.carrollgardensassociation.com/events
FAC: 2026 Benefit & Awards Reception,,2026-05-19,18:00,2026-05-19,,,Fifth Avenue Committee,Civic Associations,https://fifthave.org/blog/event/2026-fac-benefit-and-awards-reception/
LPC Public Hearing,,2026-05-19,09:30,2026-05-19,,,NYC Landmarks Preservation Commission,Civic Associations,https://www.nyc.gov/site/lpc/hearings/hearings.page
BPL: Outdoor Storytime,,2026-05-20,11:00,2026-05-20,,,Coffey Park,Community,https://www.bklynlibrary.org/events
BPL: Pacific Cinema: Family Movie,,2026-05-20,15:30,2026-05-20,,,Pacific Library,Community,https://www.bklynlibrary.org/events
BPL: Red Hook Outdoor Storytime,,2026-05-20,11:00,2026-05-20,,,Coffey Park,Community,https://www.bklynlibrary.org/events
FAC: Introduction to Homebuying Workshop,,2026-05-20,18:00,2026-05-20,,,Fifth Avenue Committee,Civic Associations,https://fifthave.org/blog/event/introduction-to-homebuying-workshop-9/
NYC City Council Stated Meeting,,2026-05-20,13:30,2026-05-20,,,NYC City Hall,Government,https://legistar.council.nyc.gov/Calendar.aspx
City Planning Commission Public Meeting,,2026-05-20,10:00,2026-05-20,,,NYC City Planning Commission,Civic Associations,https://www.nyc.gov/content/planning/pages/calendar
NYCHA in Your Neighborhood — Bronx · Classic Community Center at Melrose,"Doors open 6 PM. Registration required. Interpretation in Spanish, Mandarin, Cantonese, Russian, ASL.",2026-05-20,18:30,2026-05-20,,,"286 East 156th Street, Bronx NY 10451",Civic Associations,https://on.nyc.gov/niyn-registration
BBG: Rose Tour,Guided stroll through the Cranford Rose Garden.,2026-05-21,11:00,2026-05-21,,,Brooklyn Botanic Garden,Parks & Open Space,https://www.bbg.org/visit/event/rose_tour
NYC Rent Guidelines Board: Public Meeting,In-person or livestream via RGB YouTube channel.,2026-05-21,09:30,2026-05-21,,,Spector Hall,Civic Associations,https://rentguidelinesboard.cityofnewyork.us/2026-meetings/
"Arts Gowanus: Patterns Gala 'Welcome to Venice' @ Union Channel / Gowanus Wharf, 240 3rd Ave",,2026-05-21,,2026-05-21,,1,,Arts & Culture,
CGA: Somatic Practice All Alliance Call — NDWA,,2026-05-21,20:00,2026-05-21,,,Online,Civic Associations,https://www.carrollgardensassociation.com/events/joqb0xkgkpd8izs2rnwhpviuh9nr9n-g5yrk-8c2hr
Smith Street Stage: Shakespeare in Carroll Park,,2026-05-21,19:30,2026-05-21,,,Carroll Park,Arts & Culture,https://www.smithstreetstage.org/playing-now
The Tides of History: Fort Banter + Climate Justice Action Plan in Conversation,"Friends of Fort Defiance and Resilient Red Hook present a conversation on Fort Defiance Park, Red Hook industrial resiliency, Red Hook architecture vernacular, and lost histories. 6-8 PM. Co-presented with Waterfront Museum, Red Hook Business Alliance, and Council Member Alexa Avilés. RSVP at resilientredhook.com/cjap or fortdefiance.org/250.",2026-05-21,18:00,2026-05-21,,,Waterfront Museum,Civic Associations,https://resilientredhook.com/cjap
ASP Suspended — Shavuoth,,2026-05-22,,2026-05-22,,1,,City Notices,
Weekly Repair Workshop,,2026-05-22,10:00,2026-05-22,,,Principles GI Coffee House,Food & Markets,https://principlesbk.nyc/upcoming-events
BPL: Mobile Library Visit,,2026-05-22,11:00,2026-05-22,,,Red Hook Houses,Community,https://www.bklynlibrary.org/events
Smith Street Stage: Shakespeare in Carroll Park,,2026-05-22,19:30,2026-05-22,,,Carroll Park,Arts & Culture,https://www.smithstreetstage.org/playing-now
BBG: Walking Meditation: Follow the Artist,Walking meditation through the natural world. Preregistration required.,2026-05-23,09:00,2026-05-23,,,Brooklyn Botanic Garden,Parks & Open Space,https://www.bbg.org/classes/walking_meditation_follow_the_artist
BBG: Garden Design 101,Garden design from concept to success. Preregistration required.,2026-05-23,10:30,2026-05-23,,,Brooklyn Botanic Garden,Parks & Open Space,https://www.bbg.org/classes/garden_design_101
BBG: A Nose for Roses — Perfumed Walk,History and legacy of the rose in the Cranford Rose Garden. Rain date Jun 6. Preregistration required.,2026-05-23,12:00,2026-05-23,,,Brooklyn Botanic Garden,Parks & Open Space,https://www.bbg.org/classes/a_nose_for_roses_a_perfumed_walk_in_the_cranford_rose_garden
BBG: Ancestral Ecologies Exhibition Opens (thru Oct 25),Four multisensory installations by 2026 Heidi Nitze Art x Environment Fellows.,2026-05-23,,2026-05-23,,1,Brooklyn Botanic Garden,Parks & Open Space,https://www.bbg.org/visit/event/ancestral_ecologies
ASP Suspended — Shavuoth,,2026-05-23,,2026-05-23,,1,,City Notices,
Park Slope Open Streets: Art,,2026-05-23,,2026-05-23,,1,5th Avenue,Civic Associations,https://www.parkslopeopenstreets.org/calendar
Coffee Crawl 21,,2026-05-23,09:00,2026-05-23,,,Principles GI Coffee House,Food & Markets,https://principlesbk.nyc/upcoming-events
WTFNB Birthday Alleycat!,,2026-05-23,13:00,2026-05-23,,,Principles GI Coffee House,Food & Markets,https://principlesbk.nyc/upcoming-events
BPL: Park Slope Storytime,,2026-05-23,11:00,2026-05-23,,,Park Slope Library,Community,https://www.bklynlibrary.org/events
CGA: We Rise Online Nanny Training,,2026-05-23,10:00,2026-05-23,,,Carroll Gardens Association,Civic Associations,https://www.carrollgardensassociation.com/events
Rib King NYC 2026,,2026-05-23,12:00,2026-05-23,,,Industry City Courtyard 1/2,Community,https://friendsoffirefighters.org/events
Smith Street Stage: Shakespeare in Carroll Park,,2026-05-23,19:30,2026-05-23,,,Carroll Park,Arts & Culture,https://www.smithstreetstage.org/playing-now
Smith Street Stage: Shakespeare in Carroll Park,,2026-05-24,19:30,2026-05-24,,,Carroll Park,Arts & Culture,https://www.smithstreetstage.org/playing-now
Park Slope Farmers Market,Year-round Sunday market. 9AM–2PM. Site host: Old Stone House.,2026-05-24,09:00,2026-05-24,,,Washington Park,Food & Markets,https://downtoearthmarkets.com/
RHLP x Strong Rope Brewery — Lobster Rolls & Beer,,2026-05-24,12:00,2026-05-24,,,Strong Rope Brewery,Food & Markets,https://www.redhooklobster.com/event/rhlp-x-strong-rope-brewery/
Memorial Day — Schools Closed,,2026-05-25,,2026-05-25,,1,,Schools,
ASP Suspended — Memorial Day,,2026-05-25,,2026-05-25,,1,,City Notices,
Last Monday Classical Open Mic,,2026-05-25,18:30,2026-05-25,,,Principles GI Coffee House,Food & Markets,https://principlesbk.nyc/upcoming-events
BPL: Park Slope Writers’ Group,,2026-05-25,18:00,2026-05-25,,,Park Slope Library,Community,https://www.bklynlibrary.org/events
BPL: Grab and Go Kids Craft Kit,,2026-05-25,,2026-05-25,,1,Pacific Library,Community,https://www.bklynlibrary.org/events
Raul Retrospective,,2026-05-26,19:00,2026-05-26,,,BKCM,Arts & Culture,https://bkcm.org/?p=36399
78th Precinct Community Council Meeting,,2026-05-26,18:30,2026-05-26,,,78th Precinct,Public Safety,https://www.nyc.gov/site/nypd/bureaus/patrol/precincts/78th-precinct.page
BPL: English Conversation Group,,2026-05-26,13:00,2026-05-26,,,Pacific Library,Community,https://www.bklynlibrary.org/events
BPL: Through Mom’s Eyes with Sheinelle Jones,,2026-05-26,18:00,2026-05-26,,,Park Slope Library,Community,https://www.bklynlibrary.org/events
BPL: Park Slope Storytime,,2026-05-26,10:00,2026-05-26,,,Park Slope Library,Community,https://www.bklynlibrary.org/events
CGA: Nutrition & Health Workshop with Cornell University,,2026-05-26,19:00,2026-05-26,,,Carroll Gardens Association,Civic Associations,https://www.carrollgardensassociation.com/events
LPC Public Hearing,,2026-05-26,09:30,2026-05-26,,,NYC Landmarks Preservation Commission,Civic Associations,https://www.nyc.gov/site/lpc/hearings/hearings.page
Nitehawk: Re-Consider This! — Mission: Impossible 2 (35mm),,2026-05-26,,2026-05-26,,1,Nitehawk Cinema,Arts & Culture,https://nitehawkcinema.com/prospectpark/movies/mission-impossible-ii/
ASP Suspended — Eid al-Adha,,2026-05-27,,2026-05-27,,1,,City Notices,
BPL: Red Hook Outdoor Storytime,,2026-05-27,11:00,2026-05-27,,,Coffey Park,Community,https://www.bklynlibrary.org/events
City Planning Commission Public Meeting,,2026-05-27,10:00,2026-05-27,,,NYC City Planning Commission,Civic Associations,https://www.nyc.gov/content/planning/pages/calendar
"Nitehawk: Hubba Hubba — Hangin' with the Homeboys (35mm, w/ Q&A)",,2026-05-27,,2026-05-27,,1,Nitehawk Cinema,Arts & Culture,https://nitehawkcinema.com/prospectpark/movies/hangin-with-the-homeboys/
ASP Suspended — Eid al-Adha,,2026-05-28,,2026-05-28,,1,,City Notices,
Cobble Hill Association Annual Spring Meeting 2026,,2026-05-28,18:00,2026-05-28,,,Christ Church,Civic Associations,https://cobblehill.nyc/events/
FAC: Affordable Housing Virtual Info Session,,2026-05-28,18:00,2026-05-28,,,Online — Fifth Avenue Committee,Civic Associations,https://fifthave.org/blog/event/affordable-housing-virtual-information-session-5/
Smith Street Stage: Shakespeare in Carroll Park,,2026-05-28,19:30,2026-05-28,,,Carroll Park,Arts & Culture,https://www.smithstreetstage.org/playing-now
Nitehawk: Ridiculous Sublime — Communion,,2026-05-28,,2026-05-28,,1,Nitehawk Cinema,Arts & Culture,https://nitehawkcinema.com/prospectpark/movies/communion/
DSNY: Residential Containerization Virtual Info Session,Virtual info session on DSNY containerization rules for residential buildings.,2026-05-28,18:00,2026-05-28,,,Virtual,Civic Associations,https://www.nyc.gov/site/dsny/collection/containerization/residential-containerization.page
Weekly Repair Workshop,,2026-05-29,10:00,2026-05-29,,,Principles GI Coffee House,Food & Markets,https://principlesbk.nyc/upcoming-events
Smith Street Stage: Shakespeare in Carroll Park,,2026-05-29,19:30,2026-05-29,,,Carroll Park,Arts & Culture,https://www.smithstreetstage.org/playing-now
Park Slope Open Streets: Imagination & Play,,2026-05-30,,2026-05-30,,1,5th Avenue,Civic Associations,https://www.parkslopeopenstreets.org/calendar
BCAT (Day 1 of 2),,2026-05-30,,2026-05-30,,1,Principles GI Coffee House,Food & Markets,https://principlesbk.nyc/upcoming-events
BPL: Knitting & Crochet Club,,2026-05-30,11:00,2026-05-30,,,Park Slope Library,Community,https://www.bklynlibrary.org/events
BPL: Park Slope Storytime,,2026-05-30,11:00,2026-05-30,,,Park Slope Library,Community,https://www.bklynlibrary.org/events
CGA: We Rise Online Nanny Training,,2026-05-30,10:00,2026-05-30,,,Carroll Gardens Association,Civic Associations,https://www.carrollgardensassociation.com/events
Smith Street Stage: Shakespeare in Carroll Park (Charity Night — Make the Road NYC),,2026-05-30,19:30,2026-05-30,,,Carroll Park,Arts & Culture,https://www.smithstreetstage.org/playing-now
Nitehawk: Classic Pictures — Bicycle Thieves (Brunch),,2026-05-30,,2026-05-30,,1,Nitehawk Cinema,Arts & Culture,https://nitehawkcinema.com/prospectpark/movies/bicycle-thieves/
BCAT (Day 2 of 2),,2026-05-31,,2026-05-31,,1,Principles GI Coffee House,Food & Markets,https://principlesbk.nyc/upcoming-events
Common Defense Monthly Meetup,,2026-05-31,11:00,2026-05-31,,,Principles GI Coffee House,Food & Markets,https://principlesbk.nyc/upcoming-events
Gowanus Salon @thegowanussalon,,2026-05-31,14:00,2026-05-31,,,Principles GI Coffee House,Food & Markets,https://principlesbk.nyc/upcoming-events
Jalopy: Ana Egge,,2026-05-31,20:00,2026-05-31,,,Jalopy Theatre,Arts & Culture,https://www.songkick.com/concerts/43041373-ana-egge-at-jalopy-theatre
Smith Street Stage: Shakespeare in Carroll Park,,2026-05-31,19:30,2026-05-31,,,Carroll Park,Arts & Culture,https://www.smithstreetstage.org/playing-now
Nitehawk: Classic Pictures — Bicycle Thieves (Brunch),,2026-05-31,,2026-05-31,,1,Nitehawk Cinema,Arts & Culture,https://nitehawkcinema.com/prospectpark/movies/bicycle-thieves/
Park Slope Farmers Market,Year-round Sunday market. 9AM–2PM. Site host: Old Stone House.,2026-05-31,09:00,2026-05-31,,,Washington Park,Food & Markets,https://downtoearthmarkets.com/
RHLP x Strong Rope Brewery — Lobster Rolls & Beer,,2026-05-31,12:00,2026-05-31,,,Strong Rope Brewery,Food & Markets,https://www.redhooklobster.com/event/rhlp-x-strong-rope-brewery/
Arts Gowanus: ‘Pride in Community’ outdoor exhibition opens @ Old Stone House / JJ Byrne Playground (through Aug 1),,2026-06-01,,2026-06-01,,1,,Arts & Culture,
Scrabble Nite w Dan @brooklyn.scrabble,,2026-06-01,18:00,2026-06-01,,,Principles GI Coffee House,Food & Markets,https://principlesbk.nyc/upcoming-events
BPL: Grab and Go Kids Craft Kit,,2026-06-01,,2026-06-01,,1,Pacific Library,Community,https://www.bklynlibrary.org/events
BBG: Spring Gala 2026,Gala evening celebrating BBG's environmental education legacy. Ticketed.,2026-06-02,17:30,2026-06-02,,,Brooklyn Botanic Garden,Parks & Open Space,https://www.bbg.org/visit/event/spring_gala
BBG: After Party 2026,Dance party under the stars. Ticketed.,2026-06-02,21:00,2026-06-02,,,Brooklyn Botanic Garden,Parks & Open Space,https://www.bbg.org/visit/event/gala_after_party
Park Slope 5th Ave BID Annual Meeting 2026,,2026-06-02,18:30,2026-06-02,,,"5th Avenue, Park Slope",Civic Associations,https://parkslopefifthavenuebid.com/event/annual-meeting-2026/
BPL: Park Slope Storytime,,2026-06-02,10:00,2026-06-02,,,Park Slope Library,Community,https://www.bklynlibrary.org/events
CGA: Nutrition & Health Workshop with Cornell University,,2026-06-02,19:00,2026-06-02,,,Carroll Gardens Association,Civic Associations,https://www.carrollgardensassociation.com/events
FAC: Introduction to Homebuying Workshop,,2026-06-02,18:00,2026-06-02,,,Fifth Avenue Committee,Civic Associations,https://fifthave.org/blog/event/introduction-to-homebuying-workshop-12/
LPC Public Hearing,,2026-06-02,09:30,2026-06-02,,,NYC Landmarks Preservation Commission,Civic Associations,https://www.nyc.gov/site/lpc/hearings/hearings.page
Smith Street Stage: Shakespeare in Carroll Park,,2026-06-02,19:30,2026-06-02,,,Carroll Park,Arts & Culture,https://www.smithstreetstage.org/playing-now
Grand Army Plaza Capital Study,NYC DOT public meeting on the Grand Army Plaza capital study. 6:30–8:30 PM.,2026-06-02,18:30,2026-06-02,,,Zoom,Civic Associations,https://zoom.us/meeting/register/OShCXGasQFmtqokFy4RcFw#/registration
76th Precinct Community Council Meeting,,2026-06-03,19:00,2026-06-03,,,76th Precinct,Public Safety,https://www.nyc.gov/site/nypd/bureaus/patrol/precincts/76th-precinct.page
BPL: Red Hook Outdoor Storytime,,2026-06-03,11:00,2026-06-03,,,Coffey Park,Community,https://www.bklynlibrary.org/events
NYC City Council Stated Meeting,,2026-06-03,13:30,2026-06-03,,,NYC City Hall,Government,https://legistar.council.nyc.gov/Calendar.aspx
City Planning Commission Public Meeting,,2026-06-03,10:00,2026-06-03,,,NYC City Planning Commission,Civic Associations,https://www.nyc.gov/content/planning/pages/calendar
Smith Street Stage: Shakespeare in Carroll Park (Rain Date),,2026-06-03,19:30,2026-06-03,,,Carroll Park,Arts & Culture,https://www.smithstreetstage.org/playing-now
NYCHA in Your Neighborhood — Brooklyn · Van Dyke Community Center,"Doors open 6 PM. Registration required. Interpretation in Spanish, Mandarin, Cantonese, Russian, ASL.",2026-06-03,18:30,2026-06-03,,,"392 Blake Avenue, Brooklyn NY 11212",Civic Associations,https://on.nyc.gov/niyn-registration
BBG: Native Plants for the Urban Environment,How to incorporate native plants to build habitat. Preregistration required.,2026-06-04,13:00,2026-06-04,,,Brooklyn Botanic Garden,Parks & Open Space,https://www.bbg.org/classes/native_plants_for_the_urban_environment
NYC RGB: Public Hearing — Rent Stabilization Testimony,Public testimony on rent adjustments. Register to speak starting May 14. Must attend in person to testify; RGB YouTube to view.,2026-06-04,17:00,2026-06-04,,,Jamaica Performing Arts Center,Civic Associations,https://rentguidelinesboard.cityofnewyork.us/2026-meetings/
Bond Street Bash 2026,,2026-06-04,,2026-06-04,,1,Van Alen Institute,Arts & Culture,https://www.vanalen.org/events/bond-street-bash-2026/
Weekly Repair Workshop,,2026-06-05,10:00,2026-06-05,,,Principles GI Coffee House,Food & Markets,https://principlesbk.nyc/upcoming-events
Smith Street Stage: Shakespeare in Carroll Park,,2026-06-05,19:30,2026-06-05,,,Carroll Park,Arts & Culture,https://www.smithstreetstage.org/playing-now
BBG: Walking Meditation: Deep Listening in Nature,Walking meditation amid summer awakening. Preregistration required.,2026-06-06,09:00,2026-06-06,,,Brooklyn Botanic Garden,Parks & Open Space,https://www.bbg.org/classes/walking_meditation_deep_listening_in_nature
BBG: Cyanotype Printmaking,Handmade botanical cyanotype prints using BBG as studio. Waitlist only. Rain date Jun 13.,2026-06-06,12:30,2026-06-06,,,Brooklyn Botanic Garden,Parks & Open Space,https://www.bbg.org/classes/cyanotype_printmaking
Brooklyn Conservatory Chorale: Songs of Faith and Devotion Through the Ages,,2026-06-06,19:00,2026-06-06,,,St. John’s of Park Slope,Arts & Culture,https://bkcm.org/?p=36492
On Repeat: Screenprinting on Textiles (Jun 6–7),,2026-06-06,10:30,2026-06-06,,,Powerhouse Arts,Arts & Culture,https://powerhousearts.org/event/on-repeat-screenprinting-on-textiles
Park Slope Open Streets: Summer Reading,,2026-06-06,,2026-06-06,,1,5th Avenue,Civic Associations,https://www.parkslopeopenstreets.org/calendar
BPL: Park Slope Storytime,,2026-06-06,11:00,2026-06-06,,,Park Slope Library,Community,https://www.bklynlibrary.org/events
CGA: We Rise Online Nanny Training,,2026-06-06,10:00,2026-06-06,,,Carroll Gardens Association,Civic Associations,https://www.carrollgardensassociation.com/events
Smith Street Stage: Shakespeare in Carroll Park,,2026-06-06,19:30,2026-06-06,,,Carroll Park,Arts & Culture,https://www.smithstreetstage.org/playing-now
Nitehawk: ICYMI — Stolen Kingdom (Brunch),,2026-06-06,,2026-06-06,,1,Nitehawk Cinema,Arts & Culture,https://nitehawkcinema.com/prospectpark/movies/stolen-kingdom/
Queer Knit Club,,2026-06-07,13:00,2026-06-07,,,Principles GI Coffee House,Food & Markets,https://principlesbk.nyc/upcoming-events
Smith Street Stage: Shakespeare in Carroll Park (Closing Night),,2026-06-07,19:30,2026-06-07,,,Carroll Park,Arts & Culture,https://www.smithstreetstage.org/playing-now
Nitehawk: ICYMI — Stolen Kingdom (Brunch),,2026-06-07,,2026-06-07,,1,Nitehawk Cinema,Arts & Culture,https://nitehawkcinema.com/prospectpark/movies/stolen-kingdom/
Park Slope Farmers Market,Year-round Sunday market. 9AM–2PM. Site host: Old Stone House.,2026-06-07,09:00,2026-06-07,,,Washington Park,Food & Markets,https://downtoearthmarkets.com/
RHLP x Strong Rope Brewery — Lobster Rolls & Beer,,2026-06-07,12:00,2026-06-07,,,Strong Rope Brewery,Food & Markets,https://www.redhooklobster.com/event/rhlp-x-strong-rope-brewery/
NYC RGB: Public Hearing — Rent Stabilization Testimony,Public testimony on rent adjustments. Register to speak starting May 14. Must attend in person to testify; RGB YouTube to view.,2026-06-08,17:00,2026-06-08,,,Hostos Community College,Civic Associations,https://rentguidelinesboard.cityofnewyork.us/2026-meetings/
Primary: last day to update address,,2026-06-08,,2026-06-08,,1,,Elections,
Bikepacking Class w Joe @718outdoors,,2026-06-08,18:00,2026-06-08,,,Principles GI Coffee House,Food & Markets,https://principlesbk.nyc/upcoming-events
5th Ave BID Biz Meet Up,,2026-06-08,09:30,2026-06-08,,,"5th Avenue, Park Slope",Civic Associations,https://parkslopefifthavenuebid.com/event/biz-meet-up-june/
BPL: Grab and Go Kids Craft Kit,,2026-06-08,,2026-06-08,,1,Pacific Library,Community,https://www.bklynlibrary.org/events
Java w/ Jo Anne,Coffee and conversation with Assemblymember Jo Anne Simon. 9:30–11:00 AM.,2026-06-09,09:30,2026-06-09,,,Principles GI Coffee House,Food & Markets,https://brooklyncb6.cityofnewyork.us/event/java-w-jo-anne-principles/
DEP Flood Prep Town Hall,"DEP and the Gowanus Oversight Task Force discuss Gowanus flooding, City infrastructure commitments from the rezoning, and flood season prep. Free flood preparedness kit (sump pump, flood barriers, flood sensor alarm) — one per household while supplies last.",2026-06-09,18:00,2026-06-09,,,P.S. 133 William A. Butler School,Civic Associations,https://bit.ly/GOTFGowanusFloodPrep
CEC 15 Calendar & Business Meeting,Ends 9:30 PM.,2026-06-09,18:30,2026-06-09,,,P.S. 001 The Bergen,Civic Associations,https://cecd15.org
BPL: Park Slope Storytime,,2026-06-09,10:00,2026-06-09,,,Park Slope Library,Community,https://www.bklynlibrary.org/events
LPC Public Hearing,,2026-06-09,09:30,2026-06-09,,,NYC Landmarks Preservation Commission,Civic Associations,https://www.nyc.gov/site/lpc/hearings/hearings.page
BBG: Members' Rose Night,Stroll the Cranford Rose Garden then Glenn Crytzer Quartet on Cherry Esplanade. Members only.,2026-06-10,18:00,2026-06-10,,,Brooklyn Botanic Garden,Parks & Open Space,https://www.bbg.org/visit/event/members_rose_night
BPL: Red Hook Outdoor Storytime,,2026-06-10,11:00,2026-06-10,,,Coffey Park,Community,https://www.bklynlibrary.org/events
FAC: Introduction to Limited Equity Co-Ops,,2026-06-10,18:00,2026-06-10,,,Fifth Avenue Committee,Civic Associations,https://fifthave.org/blog/event/introduction-to-limited-equity-co-ops/
City Planning Commission Public Meeting,,2026-06-10,10:00,2026-06-10,,,NYC City Planning Commission,Civic Associations,https://www.nyc.gov/content/planning/pages/calendar
BKBP ULURP Public Hearing,,2026-06-10,18:00,2026-06-10,,,Brooklyn Borough Hall,Government,https://www.brooklynbp.nyc.gov/event/ulurp-public-hearing-meeting-5/
BBG: The Art of Ikebana,Create a classic ikebana arrangement. Waitlist only.,2026-06-11,18:00,2026-06-11,,,Brooklyn Botanic Garden,Parks & Open Space,https://www.bbg.org/classes/the_art_of_ikebana_a_meditative_floral_experience
NYC RGB: Public Hearing — Rent Stabilization Testimony,Public testimony on rent adjustments. Register to speak starting May 14. Must attend in person to testify; RGB YouTube to view.,2026-06-11,19:00,2026-06-11,,,The Theater at City Tech,Civic Associations,https://rentguidelinesboard.cityofnewyork.us/2026-meetings/
The Ark: Exhibition Opens (through Aug 30),,2026-06-11,10:00,2026-06-11,,,Powerhouse Arts,Arts & Culture,https://powerhousearts.org/event/the-ark
Red Hook Initiative Community Job Fair 2026,,2026-06-11,11:00,2026-06-11,,,"767 Hicks Street, Brooklyn NY 11231",Civic Associations,https://rhicenter.org
DSNY: Residential Containerization Virtual Info Session,Virtual info session on DSNY containerization rules for residential buildings.,2026-06-11,18:00,2026-06-11,,,Virtual,Civic Associations,https://www.nyc.gov/site/dsny/collection/containerization/residential-containerization.page
Weekly Repair Workshop,,2026-06-12,10:00,2026-06-12,,,Principles GI Coffee House,Food & Markets,https://principlesbk.nyc/upcoming-events
Brooklyn Cyclones Pride Night,,2026-06-12,18:40,2026-06-12,,,MCU Park,Arts & Culture,https://brooklynpride.org/events/2026-cyclones-pride-night
Immersive Performance Tours of Gowanus,"Artichoke Dance Company walking performance tour visiting Superfund and rezoning sites near the Gowanus Canal. ~120 min, outdoors. Choose-your-own-rate $10–$50.",2026-06-13,14:00,2026-06-13,,,Gowanus,Community,https://www.artichokedance.org/events/2026/6/13/immersive-performance-tours-of-gowanus
BBG: All-Abilities Discovery Morning,Visitors with disabilities and families explore the Discovery Garden. Preregistration required.,2026-06-13,09:00,2026-06-13,,,Brooklyn Botanic Garden,Parks & Open Space,https://www.bbg.org/visit/event/all_abilities_discovery_morning
BBG: Seasonal Highlights Tour in Spanish,Free guided walk in Spanish.,2026-06-13,11:00,2026-06-13,,,Brooklyn Botanic Garden,Parks & Open Space,https://www.bbg.org/visit/event/seasonal_highlights_tour_spanish
Primary: voter reg deadline · mail ballot request deadline · Early Voting opens,,2026-06-13,,2026-06-13,,1,,Elections,
🗳 Early Voting · 9AM–5PM,,2026-06-13,,2026-06-13,,1,,Elections,https://bkcb6.app/poll-finder-bk.html
BKCM @ Brooklyn Pride 2026!,,2026-06-13,11:00,2026-06-13,,,5th Avenue Street Festival,Arts & Culture,https://bkcm.org/?p=37149
BCCO Presents: Chopin Piano Concerto No. 1 & Prokofiev’s Fifth Symphony,,2026-06-13,19:30,2026-06-13,,,BKCM Concert Hall,Arts & Culture,https://bkcm.org/?p=31263
Trace Monotype: The Hard Line (Jun 13–14),,2026-06-13,10:30,2026-06-13,,,Powerhouse Arts,Arts & Culture,https://powerhousearts.org/event/trace-monotype-the-hard-line
Park Slope Open Streets: Brooklyn Pride,,2026-06-13,,2026-06-13,,1,5th Avenue,Civic Associations,https://www.parkslopeopenstreets.org/calendar
Brooklyn Pride Day on 5th! Festival & Parade,,2026-06-13,11:00,2026-06-13,,,"5th Avenue, Park Slope",Civic Associations,https://parkslopefifthavenuebid.com/event/brooklyn-pride-day-on-5th-festival-parade/
Cobble Hill Park Spring Maintenance Volunteer Day #3,,2026-06-13,09:00,2026-06-13,,,Cobble Hill Park,Civic Associations,https://cobblehill.nyc/events/
BPL: Park Slope Storytime,,2026-06-13,11:00,2026-06-13,,,Park Slope Library,Community,https://www.bklynlibrary.org/events
Brooklyn Pride LGBTQIA+ 5K Run/Walk,,2026-06-13,10:00,2026-06-13,,,Prospect Park,Arts & Culture,https://brooklynpride.org/events/2026-5k
Annual Brooklyn Pride Multicultural Festival,,2026-06-13,11:00,2026-06-13,,,5th Avenue,Arts & Culture,https://brooklynpride.org/events/2026-brooklyn-pride-festival
Annual Brooklyn Pride Twilight Parade,,2026-06-13,19:30,2026-06-13,,,5th Avenue,Arts & Culture,https://brooklynpride.org/events/2026-pride-twilight-parade-enhd3
Safer Summers: Empowering Youth + Reducing Violence,"New Yorkers Against Gun Violence and Senator Andrew Gounardes present a youth resource fair. Free food, jobs and opportunities, live DJ, prizes, and jumbo games. Ends 3:00 PM.",2026-06-13,12:00,2026-06-13,,,Miccio Community Center,Civic Associations,
Red Hook Rummage Sale (Day 1 of 2),Neighborhood-wide rummage sale presented by the Red Hook Business Alliance. Get your sale on the map.,2026-06-13,,2026-06-13,,1,Red Hook,Arts & Culture,https://redhookbk.com
Phones Down Picnic,"Leave your phone behind and enjoy time in the community. Arts and crafts, lawn games, an obstacle course, giveaways and more. 11AM–3PM. RSVP required. Hosted by Senator Andrew Gounardes with Red Hook Art Project, YMCA of Greater New York, Pioneer Works, GrowNYC, Girl Scouts of Greater New York, Joseph P. Addabbo Family Health Center, Brooklyn Book Bodega, and Met Council. Questions: 718-238-6044 or gounardes@nysenate.gov.",2026-06-14,11:00,2026-06-14,,,Coffey Park,Civic Associations,https://www.nysenate.gov/senators/andrew-gounardes
Immersive Performance Tours of Gowanus,"Artichoke Dance Company walking performance tour visiting Superfund and rezoning sites near the Gowanus Canal. ~120 min, outdoors. Choose-your-own-rate $10–$50.",2026-06-14,14:00,2026-06-14,,,Gowanus,Community,https://www.artichokedance.org/events/2026/6/13/immersive-performance-tours-of-gowanus
BBG: Give Your Street Tree the Gift of Great Soil,Best practices for tree bed health and resilience. Preregistration required.,2026-06-14,11:00,2026-06-14,,,Brooklyn Botanic Garden,Parks & Open Space,https://www.bbg.org/classes/give_your_street_tree_the_gift_of_great_soil
Pioneer Works: Second Sundays — June,,2026-06-14,12:00,2026-06-14,,,Pioneer Works,Arts & Culture,https://pioneerworks.org/series/second-sundays
Park Slope Farmers Market,Year-round Sunday market. 9AM–2PM. Site host: Old Stone House.,2026-06-14,09:00,2026-06-14,,,Washington Park,Food & Markets,https://downtoearthmarkets.com/
RHLP x Strong Rope Brewery — Lobster Rolls & Beer,,2026-06-14,12:00,2026-06-14,,,Strong Rope Brewery,Food & Markets,https://www.redhooklobster.com/event/rhlp-x-strong-rope-brewery/
Red Hook Rummage Sale (Day 2 of 2),Neighborhood-wide rummage sale presented by the Red Hook Business Alliance. Get your sale on the map.,2026-06-14,,2026-06-14,,1,Red Hook,Arts & Culture,https://redhookbk.com
🗳 Early Voting · 9AM–5PM,,2026-06-14,,2026-06-14,,1,,Elections,https://bkcb6.app/poll-finder-bk.html
WTFNB Bike Repair Workshop & Open Hours,,2026-06-15,17:00,2026-06-15,,,Principles GI Coffee House,Food & Markets,https://principlesbk.nyc/upcoming-events
BPL: Park Slope Writers’ Group,,2026-06-15,18:00,2026-06-15,,,Park Slope Library,Community,https://www.bklynlibrary.org/events
BPL: Grab and Go Kids Craft Kit,,2026-06-15,,2026-06-15,,1,Pacific Library,Community,https://www.bklynlibrary.org/events
🗳 Early Voting · 9AM–5PM,,2026-06-15,,2026-06-15,,1,,Elections,https://bkcb6.app/poll-finder-bk.html
Modeling Community Visions for a Future Without the BQE — Workshop 1: PAVE Red Hook,"Free community design workshop where residents modify large-scale physical models of the BQE corridor in Red Hook. Presented by Institute for Public Architecture, Van Alen Institute, Red Hook West Resident Association, and PAVE Academy. RSVP info@the-ipa.org. Light refreshments. Ends 8:00 PM.",2026-06-16,18:00,2026-06-16,,,PAVE Academy Charter School,Arts & Culture,https://bqe2053.org
NYC RGB: Public Hearing — Rent Stabilization Testimony,Public testimony on rent adjustments. Register to speak starting May 14. Must attend in person to testify; RGB YouTube to view.,2026-06-16,17:00,2026-06-16,,,Symphony Space,Civic Associations,https://rentguidelinesboard.cityofnewyork.us/2026-meetings/
BPL: Babies & Books,,2026-06-16,11:15,2026-06-16,,,St. Paul’s (Carroll Gardens),Community,https://www.bklynlibrary.org/events
BPL: Park Slope Storytime,,2026-06-16,10:00,2026-06-16,,,Park Slope Library,Community,https://www.bklynlibrary.org/events
LPC Public Hearing,,2026-06-16,09:30,2026-06-16,,,NYC Landmarks Preservation Commission,Civic Associations,https://www.nyc.gov/site/lpc/hearings/hearings.page
🗳 Early Voting · 10AM–8PM,,2026-06-16,,2026-06-16,,1,,Elections,https://bkcb6.app/poll-finder-bk.html
Bergen Bike Bus: Rainbow Ride,"Weekly Wednesday group ride along Bergen Street, 7:15–8:05 AM. Website: bikebus.NYC. Live tracker: tracker.bikebus.nyc/bergen.",2026-06-17,07:15,2026-06-17,,,Rockaway Ave @ Bergen → Bond/Court St (PS 372),Community,https://tracker.bikebus.nyc/bergen
BPL: Red Hook Outdoor Storytime,,2026-06-17,11:00,2026-06-17,,,Coffey Park,Community,https://www.bklynlibrary.org/events
NYC City Council Stated Meeting,,2026-06-17,13:30,2026-06-17,,,NYC City Hall,Government,https://legistar.council.nyc.gov/Calendar.aspx
City Planning Commission Public Meeting,,2026-06-17,10:00,2026-06-17,,,NYC City Planning Commission,Civic Associations,https://www.nyc.gov/content/planning/pages/calendar
NYCHA in Your Neighborhood — Manhattan · Ethel Battle Velez Community Center,"Doors open 6 PM. Registration required. Interpretation in Spanish, Mandarin, Cantonese, Russian, ASL.",2026-06-17,18:30,2026-06-17,,,"1833 Lexington Avenue, New York NY 10029",Civic Associations,https://on.nyc.gov/niyn-registration
🗳 Early Voting · 10AM–8PM,,2026-06-17,,2026-06-17,,1,,Elections,https://bkcb6.app/poll-finder-bk.html
CUFFH Housing Support Bi-Weekly Pop-Up,"Housing assistance, homeowner support, and referrals to city and state resources. Hosted by Churches United for Fair Housing. By appointment: (347) 707-2682. Ends 7:00 PM.",2026-06-18,14:00,2026-06-18,,,"265 Ashland Pl, Brooklyn NY 11217",Civic Associations,
🏀 Knicks Championship Ticker-Tape Parade,"First ticker-tape parade in Knicks history, celebrating the 2026 NBA Championship. Steps off at Battery Place at 10 AM and proceeds up Broadway to City Hall, followed by a Key to the City ceremony. Free, no ticket required; first-come, first-served. Expect major crowds and street closures — arrive early and use transit.",2026-06-18,10:00,2026-06-18,,,Canyon of Heroes,Community,https://bkcb6.app/knicks
🗳 Early Voting · 8AM–4PM,,2026-06-18,,2026-06-18,,1,,Elections,https://bkcb6.app/poll-finder-bk.html
Grown-Up Bike Bus,Weekly group ride from Gowanus to the Upper East Side. Thursdays 8:00 AM.,2026-06-18,08:00,2026-06-18,,,Starts at Principles GI Coffee House,Community,https://principlesbk.nyc/upcoming-events
PS 15 Juneteenth Jamboree,Freedom Day celebration in the main school yard.,2026-06-18,09:00,2026-06-18,,,PS 15 The Patrick F. Daly,Community,https://www.ps15k.org
USA vs. Australia Watch Party,"Borough President Antonio Reynoso, the Brooklyn Cyclones, and Brooklyn Mundial host a watch party for USA vs. Australia.",2026-06-19,15:00,2026-06-19,,,Maimonides Park (Brooklyn Cyclones),Government,
Juneteenth Fish Fry,"Fried fish, shrimp, sides, drink vouchers, music, and good times. Presented by House Pepper. Ends 9:00 PM.",2026-06-19,17:00,2026-06-19,,,Red Hook Recreation Area,Food & Markets,
ASP Suspended — Juneteenth,,2026-06-19,,2026-06-19,,1,,City Notices,
Juneteenth Event & Public Exhibition: I Am Not Broken,"Free event open to the public with art activities, food, and refreshments. Public exhibition of Red Hook Art Project student work. Ends 5:00 PM.",2026-06-19,13:00,2026-06-19,,,Red Hook,Arts & Culture,https://www.redhookart.org
Weekly Repair Workshop,,2026-06-19,10:00,2026-06-19,,,Principles GI Coffee House,Food & Markets,https://principlesbk.nyc/upcoming-events
🗳 Early Voting · 9AM–5PM,,2026-06-19,,2026-06-19,,1,,Elections,https://bkcb6.app/poll-finder-bk.html
Porch Stomp 2026 — 13 Years of Folk,"Free folk music festival with 200+ performances — bluegrass, old-time, country, Americana, Cajun, blues, and Irish.",2026-06-20,12:00,2026-06-20,,,Governors Island,Arts & Culture,https://porchstomp.com
Red Hook Summer Market (Day 1 of 2),"Brooklyn Pop-Up summer market with 60+ artists, artisans, and makers. Fun for the whole family. Ends 6:00 PM.",2026-06-20,12:00,2026-06-20,,,Hook Studio Dikeman,Community,https://www.instagram.com/brooklyn.pop.up
BBG: Plant ID 101,Learn to recognize and name herbaceous plants. Preregistration required.,2026-06-20,12:00,2026-06-20,,,Brooklyn Botanic Garden,Parks & Open Space,https://www.bbg.org/classes/plant_id_101
BBG: Midsummer Perfumed Walk in the Shakespeare Garden,Plants of Elizabethan life; create a nosegay and perfume. Rain date Jun 27. Preregistration required.,2026-06-20,12:30,2026-06-20,,,Brooklyn Botanic Garden,Parks & Open Space,https://www.bbg.org/classes/midsummer_afternoons_perfumed_walk_in_the_shakespeare_garden
Park Slope Open Streets: Brooklyn Sports Day,,2026-06-20,,2026-06-20,,1,5th Avenue,Civic Associations,https://www.parkslopeopenstreets.org/calendar
Culture Coffee Experience w Zion & Maxie,,2026-06-20,10:00,2026-06-20,,,Principles GI Coffee House,Food & Markets,https://principlesbk.nyc/upcoming-events
BPL: Park Slope Storytime,,2026-06-20,11:00,2026-06-20,,,Park Slope Library,Community,https://www.bklynlibrary.org/events
Youth Pride 2026 (Ages 11–19),,2026-06-20,12:00,2026-06-20,,,Brooklyn,Arts & Culture,https://brooklynpride.org/events/2025-youth-pride-cy9m4
🗳 Early Voting · 9AM–5PM,,2026-06-20,,2026-06-20,,1,,Elections,https://bkcb6.app/poll-finder-bk.html
Summer Solstice at Strong Rope Brewery,"Summer solstice celebration with cornhole, a steinholding competition, tunes by DJ Adam Bomb, and food pop-ups from Allie’s Ice Cream, Jerry Peppers, and Red Hook Lobster Pound.",2026-06-21,12:00,2026-06-21,,,Strong Rope Brewery,Food & Markets,
Red Hook Summer Market (Day 2 of 2),"Brooklyn Pop-Up summer market with 60+ artists, artisans, and makers. Fun for the whole family. Ends 6:00 PM.",2026-06-21,12:00,2026-06-21,,,Hook Studio Dikeman,Community,https://www.instagram.com/brooklyn.pop.up
The Secret Garden: Summer Solstice Fundraiser,"An evening of Latin jazz to support The Secret Garden. Live music by Renée Manning (vocals), Earl McIntyre (trombone), Ron Jackson (guitar), and Adam Baksh-García (percussion). Tickets $25 ($30 at the door), Venmo @thesecretgardenbk. Ends 9:00 PM.",2026-06-21,19:00,2026-06-21,,,The Secret Garden,Community,https://www.thesecretgardenbk.org
BBG: Summer Solstice Celebration,Sunrise and sunset performances on Cherry Esplanade. Ticketed.,2026-06-21,,2026-06-21,,1,Brooklyn Botanic Garden,Parks & Open Space,https://www.bbg.org/visit/event/summer_solstice_celebration
Primary Early Voting ends,,2026-06-21,,2026-06-21,,1,,Elections,
Make Music New York — Atlantic Avenue,,2026-06-21,12:00,2026-06-21,,,Atlantic Avenue,Civic Associations,https://www.atlanticave.org/make-music
Make Music NY: Brooklyn Treble Choir,Brooklyn Treble Choir performs for Make Music New York 2026. Free admission.,2026-06-21,19:30,2026-06-21,,,Warren-St. Marks Community Garden,Community,
Park Slope Farmers Market,Year-round Sunday market. 9AM–2PM. Site host: Old Stone House.,2026-06-21,09:00,2026-06-21,,,Washington Park,Food & Markets,https://downtoearthmarkets.com/
RHLP x Strong Rope Brewery — Lobster Rolls & Beer,,2026-06-21,12:00,2026-06-21,,,Strong Rope Brewery,Food & Markets,https://www.redhooklobster.com/event/rhlp-x-strong-rope-brewery/
🗳 Early Voting · 9AM–5PM (last day),,2026-06-21,,2026-06-21,,1,,Elections,https://bkcb6.app/poll-finder-bk.html
Modeling Community Visions for a Future Without the BQE — Workshop 2: Van Alen Institute,"Free community design workshop where residents modify large-scale physical models of the BQE corridor in Red Hook. Presented by Institute for Public Architecture, Van Alen Institute, Red Hook West Resident Association, and PAVE Academy. RSVP info@the-ipa.org. Light refreshments. Ends 8:00 PM.",2026-06-22,18:00,2026-06-22,,,Van Alen Institute,Arts & Culture,https://bqe2053.org
Primary: last day to request mail ballot in person,,2026-06-22,,2026-06-22,,1,,Elections,
BPL: Grab and Go Kids Craft Kit,,2026-06-22,,2026-06-22,,1,Pacific Library,Community,https://www.bklynlibrary.org/events
🗳 Primary Election Day · polls 6am–9pm · last day to submit mail ballots,,2026-06-23,,2026-06-23,,1,,Elections,
BPL: Park Slope Storytime,,2026-06-23,10:00,2026-06-23,,,Park Slope Library,Community,https://www.bklynlibrary.org/events
FAC: Introduction to Homebuying Workshop,,2026-06-23,18:00,2026-06-23,,,Fifth Avenue Committee,Civic Associations,https://fifthave.org/blog/event/introduction-to-homebuying-workshop-16/
LPC Public Hearing,,2026-06-23,09:30,2026-06-23,,,NYC Landmarks Preservation Commission,Civic Associations,https://www.nyc.gov/site/lpc/hearings/hearings.page
Bergen Bike Bus: Rainbow Ride,"Weekly Wednesday group ride along Bergen Street, 7:15–8:05 AM. Website: bikebus.NYC. Live tracker: tracker.bikebus.nyc/bergen.",2026-06-24,07:15,2026-06-24,,,Rockaway Ave @ Bergen → Bond/Court St (PS 372),Community,https://tracker.bikebus.nyc/bergen
BBG: Members' Pride Night,Queer community evening cohosted by Queer Soup Night. Members + guests.,2026-06-24,18:00,2026-06-24,,,Brooklyn Botanic Garden,Parks & Open Space,https://www.bbg.org/visit/event/members_pride_night
BPL: Red Hook Outdoor Storytime,,2026-06-24,11:00,2026-06-24,,,Coffey Park,Community,https://www.bklynlibrary.org/events
City Planning Commission Public Meeting,,2026-06-24,10:00,2026-06-24,,,NYC City Planning Commission,Civic Associations,https://www.nyc.gov/content/planning/pages/calendar
First Responders Ride for Resilience (Jun 24–Sep 10),,2026-06-24,08:00,2026-06-24,,,Friends of Firefighters,Community,https://friendsoffirefighters.org/events/911ride
Grown-Up Bike Bus,Weekly group ride from Gowanus to the Upper East Side. Thursdays 8:00 AM.,2026-06-25,08:00,2026-06-25,,,Starts at Principles GI Coffee House,Community,https://principlesbk.nyc/upcoming-events
NYC RGB: Final Vote — Rent Stabilized Apartments,"Final vote on lease adjustments for rent stabilized apartments, lofts and hotels. Doors open 6pm. In-person or RGB YouTube livestream.",2026-06-25,19:00,2026-06-25,,,El Museo del Barrio,Civic Associations,https://rentguidelinesboard.cityofnewyork.us/2026-meetings/
FAC: Affordable Housing Virtual Info Session,,2026-06-25,18:00,2026-06-25,,,Online — Fifth Avenue Committee,Civic Associations,https://fifthave.org/blog/event/affordable-housing-virtual-information-session-6/
DSNY: Residential Containerization Virtual Info Session,Virtual info session on DSNY containerization rules for residential buildings.,2026-06-25,18:00,2026-06-25,,,Virtual,Civic Associations,https://www.nyc.gov/site/dsny/collection/containerization/residential-containerization.page
Last Day of School,,2026-06-26,,2026-06-26,,1,,Schools,
PS 15 Retirement Legends Party,"Honoring Ms Knight, Mrs Barnes, Ms Myra, Mr Stan, and Ms Elzoghby. Games, bouncy houses, activity stations, and food. Ends 3:00 PM.",2026-06-26,12:00,2026-06-26,,,PS 15 The Patrick F. Daly,Community,https://www.ps15k.org
Weekly Repair Workshop,,2026-06-26,10:00,2026-06-26,,,Principles GI Coffee House,Food & Markets,https://principlesbk.nyc/upcoming-events
Street Cleanup Volunteer Project,Join neighbors to pick up litter and create a cleaner community. Hosted by the District 39 Cleanup Crew and the Columbia Street Waterfront Association. Ends 12:00 PM.,2026-06-27,10:00,2026-06-27,,,"Meet at Columbia St & Degraw St, Brooklyn",Civic Associations,
Gowanus Yearbook Signing Party,Signing party for the Gowanus Yearbook. Ends 4:00 PM.,2026-06-27,14:00,2026-06-27,,,Van Alen Institute,Arts & Culture,https://www.vanalen.org
Immersive Performance Tours of Gowanus,"Artichoke Dance Company walking performance tour visiting Superfund and rezoning sites near the Gowanus Canal. ~120 min, outdoors. Choose-your-own-rate $10–$50.",2026-06-27,13:00,2026-06-27,,,Gowanus,Community,https://www.artichokedance.org/events/2026/6/13/immersive-performance-tours-of-gowanus
BBG: Container Gardening,Art and science of container gardening. Preregistration required.,2026-06-27,10:00,2026-06-27,,,Brooklyn Botanic Garden,Parks & Open Space,https://www.bbg.org/classes/container_gardening
BBG: Urban Beekeeping Basics,"Bee biology, hive care, and pest management with live bee observation. Preregistration required.",2026-06-27,10:30,2026-06-27,,,Brooklyn Botanic Garden,Parks & Open Space,https://www.bbg.org/classes/urban_beekeeping_basics
Park Slope Open Streets: Movement & Health,,2026-06-27,,2026-06-27,,1,5th Avenue,Civic Associations,https://www.parkslopeopenstreets.org/calendar
BPL: Park Slope Storytime,,2026-06-27,11:00,2026-06-27,,,Park Slope Library,Community,https://www.bklynlibrary.org/events
Tree Care & Street Cleanup,Join the Boerum Hill Green Team and the Forth on Fourth Avenue Trash Group for tree care and trash pickup. All supplies provided.,2026-06-28,10:00,2026-06-28,,,"Meet at 4th Ave & St. Marks Pl, Brooklyn",Civic Associations,
Community Birding with Indigo Goodson-Fields,Community birding walk led by Indigo Goodson-Fields. Presented by Bird Collective Events. RSVP required. Ends 12:00 PM (noon).,2026-06-28,10:00,2026-06-28,,,"Prospect Park, Brooklyn",Parks & Open Space,https://birdcollectiveevents.com
Bluegrass Pride Jam,Jalopy & Bluegrass Pride present a jam hosted by Maddie Cody (The Cody Sisters). For queers and allies. Ends 6:00 PM.,2026-06-28,15:00,2026-06-28,,,Outside Jalopy Tavern,Arts & Culture,https://www.jalopytheatre.org
Common Defense Monthly Meetup,,2026-06-28,11:00,2026-06-28,,,Principles GI Coffee House,Food & Markets,https://principlesbk.nyc/upcoming-events
Gowanus Salon @thegowanussalon,,2026-06-28,14:00,2026-06-28,,,Principles GI Coffee House,Food & Markets,https://principlesbk.nyc/upcoming-events
Park Slope Farmers Market,Year-round Sunday market. 9AM–2PM. Site host: Old Stone House.,2026-06-28,09:00,2026-06-28,,,Washington Park,Food & Markets,https://downtoearthmarkets.com/
RHLP x Strong Rope Brewery — Lobster Rolls & Beer,,2026-06-28,12:00,2026-06-28,,,Strong Rope Brewery,Food & Markets,https://www.redhooklobster.com/event/rhlp-x-strong-rope-brewery/
MTA Mobile Sales Van,"Transfer value from MetroCard to the new OMNY card, apply for a Reduced-Fare OMNY Card, report a lost/stolen Reduced-Fare MetroCard, add money to your OMNY card, and ask MTA staff about OMNY-related issues. No appointment necessary. Hosted by Assemblymember Jo Anne Simon (District 52). Ends 2:00 PM.",2026-06-29,10:00,2026-06-29,,,In front of Assemblymember Jo Anne Simon’s office,Civic Associations,
Last Monday Classical Open Mic,,2026-06-29,18:30,2026-06-29,,,Principles GI Coffee House,Food & Markets,https://principlesbk.nyc/upcoming-events
BPL: Grab and Go Kids Craft Kit,,2026-06-29,,2026-06-29,,1,Pacific Library,Community,https://www.bklynlibrary.org/events
BMTDC Audit Committee Meeting,Brooklyn Marine Terminal Development Corporation Audit Committee meeting. In person at Brooklyn Borough Hall and via virtual session. 1:45–2:00 PM.,2026-06-30,13:45,2026-06-30,,,Brooklyn Borough Hall,Civic Associations,https://edc.nyc/bmtdc
BMTDC Board Meeting,Brooklyn Marine Terminal Development Corporation Board meeting. In person at Brooklyn Borough Hall and via virtual session. 2:00–4:00 PM.,2026-06-30,14:00,2026-06-30,,,Brooklyn Borough Hall,Civic Associations,https://edc.nyc/bmtdc
78th Precinct Community Council Meeting,,2026-06-30,18:30,2026-06-30,,,78th Precinct,Public Safety,https://www.nyc.gov/site/nypd/bureaus/patrol/precincts/78th-precinct.page
BPL: Park Slope Storytime,,2026-06-30,10:00,2026-06-30,,,Park Slope Library,Community,https://www.bklynlibrary.org/events
LPC Public Hearing,,2026-06-30,09:30,2026-06-30,,,NYC Landmarks Preservation Commission,Civic Associations,https://www.nyc.gov/site/lpc/hearings/hearings.page
76th Precinct Community Council Meeting,,2026-07-01,19:00,2026-07-01,,,76th Precinct,Public Safety,https://www.nyc.gov/site/nypd/bureaus/patrol/precincts/76th-precinct.page
BPL: Red Hook Outdoor Storytime,,2026-07-01,11:00,2026-07-01,,,Coffey Park,Community,https://www.bklynlibrary.org/events
City Planning Commission Public Meeting,,2026-07-01,10:00,2026-07-01,,,NYC City Planning Commission,Civic Associations,https://www.nyc.gov/content/planning/pages/calendar
CUFFH Housing Support Bi-Weekly Pop-Up,"Housing assistance, homeowner support, and referrals to city and state resources. Hosted by Churches United for Fair Housing. By appointment: (347) 707-2682. Ends 7:00 PM.",2026-07-02,14:00,2026-07-02,,,"265 Ashland Pl, Brooklyn NY 11217",Civic Associations,
Grown-Up Bike Bus,Weekly group ride from Gowanus to the Upper East Side. Thursdays 8:00 AM.,2026-07-02,08:00,2026-07-02,,,Starts at Principles GI Coffee House,Community,https://principlesbk.nyc/upcoming-events
BPL: Outdoor Drawing for Adults,,2026-07-02,14:00,2026-07-02,,,Amazing Garden (Carroll Gardens),Community,https://www.bklynlibrary.org/events
ASP Suspended — Independence Day (observed),,2026-07-03,,2026-07-03,,1,,City Notices,
Weekly Repair Workshop,,2026-07-03,10:00,2026-07-03,,,Principles GI Coffee House,Food & Markets,https://principlesbk.nyc/upcoming-events
ASP Suspended — Independence Day,,2026-07-04,,2026-07-04,,1,,City Notices,
BPL: Park Slope Storytime,,2026-07-04,11:00,2026-07-04,,,Park Slope Library,Community,https://www.bklynlibrary.org/events
Queer Knit Club,,2026-07-05,13:00,2026-07-05,,,Principles GI Coffee House,Food & Markets,https://principlesbk.nyc/upcoming-events
Park Slope Farmers Market,Year-round Sunday market. 9AM–2PM. Site host: Old Stone House.,2026-07-05,09:00,2026-07-05,,,Washington Park,Food & Markets,https://downtoearthmarkets.com/
RHLP x Strong Rope Brewery — Lobster Rolls & Beer,,2026-07-05,12:00,2026-07-05,,,Strong Rope Brewery,Food & Markets,https://www.redhooklobster.com/event/rhlp-x-strong-rope-brewery/
Scrabble Nite w Dan @brooklyn.scrabble,,2026-07-06,18:00,2026-07-06,,,Principles GI Coffee House,Food & Markets,https://principlesbk.nyc/upcoming-events
BPL: Grab and Go Kids Craft Kit,,2026-07-06,,2026-07-06,,1,Pacific Library,Community,https://www.bklynlibrary.org/events
BPL: Park Slope Storytime,,2026-07-07,10:00,2026-07-07,,,Park Slope Library,Community,https://www.bklynlibrary.org/events
LPC Public Hearing,,2026-07-07,09:30,2026-07-07,,,NYC Landmarks Preservation Commission,Civic Associations,https://www.nyc.gov/site/lpc/hearings/hearings.page
BPL: Red Hook Outdoor Storytime,,2026-07-08,11:00,2026-07-08,,,Coffey Park,Community,https://www.bklynlibrary.org/events
FAC: Introduction to Homebuying Workshop,,2026-07-08,18:00,2026-07-08,,,Fifth Avenue Committee,Civic Associations,https://fifthave.org/blog/event/introduction-to-homebuying-workshop-4/
City Planning Commission Public Meeting,,2026-07-08,10:00,2026-07-08,,,NYC City Planning Commission,Civic Associations,https://www.nyc.gov/content/planning/pages/calendar
BKBP ULURP Public Hearing,,2026-07-08,08:00,2026-07-08,,,Brooklyn Borough Hall,Government,https://www.brooklynbp.nyc.gov/event/ulurp-public-hearing-meeting-6/
Red Hook Pool Update Meeting,NYC Parks and CB6 update meeting on the temporary closure of the Red Hook Pool.,2026-07-09,18:00,2026-07-09,,,"155 Bay St (Gym), Brooklyn",Parks & Open Space,https://brooklyncb6.cityofnewyork.us/event/red-hook-pool-update-meeting/
Grown-Up Bike Bus,Weekly group ride from Gowanus to the Upper East Side. Thursdays 8:00 AM.,2026-07-09,08:00,2026-07-09,,,Starts at Principles GI Coffee House,Community,https://principlesbk.nyc/upcoming-events
Weekly Repair Workshop,,2026-07-10,10:00,2026-07-10,,,Principles GI Coffee House,Food & Markets,https://principlesbk.nyc/upcoming-events
Brooklyn Mundial: Borough Hall Quarter Finals,"Brooklyn Mundial World Cup Quarter-Finals watch event hosted by Borough President Antonio Reynoso. Live match screening, community resource tabling, family-friendly activities, and a youth soccer clinic. Event starts 3:00 PM, games begin 5:00 PM.",2026-07-11,15:00,2026-07-11,,,Brooklyn Borough Hall,Government,https://bit.ly/BKBPBMQF
Community Recycling Event (Take It Here),"Drop off electronics (computers, laptops, printers, phones, TVs, game consoles, VCRs/DVD players — working or not, data security guaranteed) and textiles (clothing, shoes, linens, clean dry fabric). Not accepted: air conditioners, appliances, batteries, light bulbs, CD-ROMs, floppy discs, DVDs/VHS/cassettes. Rain or shine. Hosted by the LES Ecology Center and DSNY, co-sponsored by Council Member Alexa Avilés. Ends 2:00 PM.",2026-07-11,10:00,2026-07-11,,,Coffey Park,Civic Associations,https://www.nyc.gov/recyclingevents
Park Slope Open Streets: Music in the Air,,2026-07-11,,2026-07-11,,1,5th Avenue,Civic Associations,https://www.parkslopeopenstreets.org/calendar
BPL: Park Slope Storytime,,2026-07-11,11:00,2026-07-11,,,Park Slope Library,Community,https://www.bklynlibrary.org/events
Pioneer Works: Second Sundays — July,,2026-07-12,12:00,2026-07-12,,,Pioneer Works,Arts & Culture,https://pioneerworks.org/series/second-sundays
Park Slope Farmers Market,Year-round Sunday market. 9AM–2PM. Site host: Old Stone House.,2026-07-12,09:00,2026-07-12,,,Washington Park,Food & Markets,https://downtoearthmarkets.com/
RHLP x Strong Rope Brewery — Lobster Rolls & Beer,,2026-07-12,12:00,2026-07-12,,,Strong Rope Brewery,Food & Markets,https://www.redhooklobster.com/event/rhlp-x-strong-rope-brewery/
Bikepacking Class w Joe @718outdoors,,2026-07-13,18:00,2026-07-13,,,Principles GI Coffee House,Food & Markets,https://principlesbk.nyc/upcoming-events
BPL: Grab and Go Kids Craft Kit,,2026-07-13,,2026-07-13,,1,Pacific Library,Community,https://www.bklynlibrary.org/events
Brooklyn Marine Terminal: Public Info Session on Site Plan Updates,NYC EDC public information session on Brooklyn Marine Terminal site plan updates. Virtual via Zoom. Register at edc.nyc/BMT. 6:30–8:30 PM.,2026-07-14,18:30,2026-07-14,,,Virtual via Zoom,Civic Associations,https://edc.nyc/BMT
BPL: Park Slope Storytime,,2026-07-14,10:00,2026-07-14,,,Park Slope Library,Community,https://www.bklynlibrary.org/events
LPC Public Hearing,,2026-07-14,09:30,2026-07-14,,,NYC Landmarks Preservation Commission,Civic Associations,https://www.nyc.gov/site/lpc/hearings/hearings.page
BPL: Red Hook Outdoor Storytime,,2026-07-15,11:00,2026-07-15,,,Coffey Park,Community,https://www.bklynlibrary.org/events
FAC: Introduction to Homebuying Workshop,,2026-07-15,18:00,2026-07-15,,,Fifth Avenue Committee,Civic Associations,https://fifthave.org/blog/event/introduction-to-homebuying-workshop-17/
NYC City Council Stated Meeting,,2026-07-15,13:30,2026-07-15,,,NYC City Hall,Government,https://legistar.council.nyc.gov/Calendar.aspx
City Planning Commission Public Meeting,,2026-07-15,10:00,2026-07-15,,,NYC City Planning Commission,Civic Associations,https://www.nyc.gov/content/planning/pages/calendar
CUFFH Housing Support Bi-Weekly Pop-Up,"Housing assistance, homeowner support, and referrals to city and state resources. Hosted by Churches United for Fair Housing. By appointment: (347) 707-2682. Ends 7:00 PM.",2026-07-16,14:00,2026-07-16,,,"265 Ashland Pl, Brooklyn NY 11217",Civic Associations,
Grown-Up Bike Bus,Weekly group ride from Gowanus to the Upper East Side. Thursdays 8:00 AM.,2026-07-16,08:00,2026-07-16,,,Starts at Principles GI Coffee House,Community,https://principlesbk.nyc/upcoming-events
Weekly Repair Workshop,,2026-07-17,10:00,2026-07-17,,,Principles GI Coffee House,Food & Markets,https://principlesbk.nyc/upcoming-events
South Brooklyn Soccer Tournament,"Play for your neighborhood team or cheer from the sidelines. Teams: Flatbush (blue), Red Hook (red), Sunset Park (yellow), Coney Island + Bay Ridge (green). Sponsored by Council Members Kayla Santosuosso, Rita Joseph, and Alexa Avilés.",2026-07-18,10:00,2026-07-18,,,"Calvert Vaux Park Soccer Field, Brooklyn",Community,https://bit.ly/southbrooklynsoccer
Park Slope Open Streets: Brooklyn Sports Day,,2026-07-18,,2026-07-18,,1,5th Avenue,Civic Associations,https://www.parkslopeopenstreets.org/calendar
BPL: Park Slope Storytime,,2026-07-18,11:00,2026-07-18,,,Park Slope Library,Community,https://www.bklynlibrary.org/events
Park Slope Farmers Market,Year-round Sunday market. 9AM–2PM. Site host: Old Stone House.,2026-07-19,09:00,2026-07-19,,,Washington Park,Food & Markets,https://downtoearthmarkets.com/
BPL: Grab and Go Kids Craft Kit,,2026-07-20,,2026-07-20,,1,Pacific Library,Community,https://www.bklynlibrary.org/events
"CEC 15 Annual, Calendar & Business Meeting","CEC 15 Officer Elections, District 15 Superintendent Report, Contracts for Excellence, and a vote on the CEC 15 2026–27 calendar. In person (register in advance via Zoom to attend virtually). 6:30–9:30 PM.",2026-07-21,18:30,2026-07-21,,,District 15 Office Room 301,Civic Associations,https://www.cec15.org
BPL: Park Slope Storytime,,2026-07-21,10:00,2026-07-21,,,Park Slope Library,Community,https://www.bklynlibrary.org/events
LPC Public Hearing,,2026-07-21,09:30,2026-07-21,,,NYC Landmarks Preservation Commission,Civic Associations,https://www.nyc.gov/site/lpc/hearings/hearings.page
BPL: Red Hook Outdoor Storytime,,2026-07-22,11:00,2026-07-22,,,Coffey Park,Community,https://www.bklynlibrary.org/events
City Planning Commission Public Meeting,,2026-07-22,10:00,2026-07-22,,,NYC City Planning Commission,Civic Associations,https://www.nyc.gov/content/planning/pages/calendar
ASP Suspended — Tisha B'Av,,2026-07-23,,2026-07-23,,1,,City Notices,
Grown-Up Bike Bus,Weekly group ride from Gowanus to the Upper East Side. Thursdays 8:00 AM.,2026-07-23,08:00,2026-07-23,,,Starts at Principles GI Coffee House,Community,https://principlesbk.nyc/upcoming-events
Park Slope Open Streets: Restaurant Week,,2026-07-25,,2026-07-25,,1,5th Avenue,Civic Associations,https://www.parkslopeopenstreets.org/calendar
BPL: Park Slope Storytime,,2026-07-25,11:00,2026-07-25,,,Park Slope Library,Community,https://www.bklynlibrary.org/events
Park Slope Farmers Market,Year-round Sunday market. 9AM–2PM. Site host: Old Stone House.,2026-07-26,09:00,2026-07-26,,,Washington Park,Food & Markets,https://downtoearthmarkets.com/
BPL: Grab and Go Kids Craft Kit,,2026-07-27,,2026-07-27,,1,Pacific Library,Community,https://www.bklynlibrary.org/events
78th Precinct Community Council Meeting,,2026-07-28,18:30,2026-07-28,,,78th Precinct,Public Safety,https://www.nyc.gov/site/nypd/bureaus/patrol/precincts/78th-precinct.page
BPL: Park Slope Storytime,,2026-07-28,10:00,2026-07-28,,,Park Slope Library,Community,https://www.bklynlibrary.org/events
LPC Public Hearing,,2026-07-28,09:30,2026-07-28,,,NYC Landmarks Preservation Commission,Civic Associations,https://www.nyc.gov/site/lpc/hearings/hearings.page
BPL: Red Hook Outdoor Storytime,,2026-07-29,11:00,2026-07-29,,,Coffey Park,Community,https://www.bklynlibrary.org/events
City Planning Commission Public Meeting,,2026-07-29,10:00,2026-07-29,,,NYC City Planning Commission,Civic Associations,https://www.nyc.gov/content/planning/pages/calendar
CUFFH Housing Support Bi-Weekly Pop-Up,"Housing assistance, homeowner support, and referrals to city and state resources. Hosted by Churches United for Fair Housing. By appointment: (347) 707-2682. Ends 7:00 PM.",2026-07-30,14:00,2026-07-30,,,"265 Ashland Pl, Brooklyn NY 11217",Civic Associations,
Grown-Up Bike Bus,Weekly group ride from Gowanus to the Upper East Side. Thursdays 8:00 AM.,2026-07-30,08:00,2026-07-30,,,Starts at Principles GI Coffee House,Community,https://principlesbk.nyc/upcoming-events
Arts Gowanus: ‘Pride in Community’ outdoor exhibition closes,,2026-08-01,,2026-08-01,,1,,Arts & Culture,
Park Slope Farmers Market,Year-round Sunday market. 9AM–2PM. Site host: Old Stone House.,2026-08-02,09:00,2026-08-02,,,Washington Park,Food & Markets,https://downtoearthmarkets.com/
RHLP x Strong Rope Brewery — Lobster Rolls & Beer,,2026-08-02,12:00,2026-08-02,,,Strong Rope Brewery,Food & Markets,https://www.redhooklobster.com/event/rhlp-x-strong-rope-brewery/
Old Stone House: Garden Explorers Session 1 begins (Aug 3–7),,2026-08-03,,2026-08-03,,1,,Arts & Culture,
76th Precinct Community Council Meeting,,2026-08-05,19:00,2026-08-05,,,76th Precinct,Public Safety,https://www.nyc.gov/site/nypd/bureaus/patrol/precincts/76th-precinct.page
FAC: Introduction to Homebuying Workshop,,2026-08-05,18:00,2026-08-05,,,Fifth Avenue Committee,Civic Associations,https://fifthave.org/blog/event/introduction-to-homebuying-workshop-13/
Grown-Up Bike Bus,Weekly group ride from Gowanus to the Upper East Side. Thursdays 8:00 AM.,2026-08-06,08:00,2026-08-06,,,Starts at Principles GI Coffee House,Community,https://principlesbk.nyc/upcoming-events
Pioneer Works: Second Sundays — August,,2026-08-09,12:00,2026-08-09,,,Pioneer Works,Arts & Culture,https://pioneerworks.org/series/second-sundays
Park Slope Farmers Market,Year-round Sunday market. 9AM–2PM. Site host: Old Stone House.,2026-08-09,09:00,2026-08-09,,,Washington Park,Food & Markets,https://downtoearthmarkets.com/
RHLP x Strong Rope Brewery — Lobster Rolls & Beer,,2026-08-09,12:00,2026-08-09,,,Strong Rope Brewery,Food & Markets,https://www.redhooklobster.com/event/rhlp-x-strong-rope-brewery/
Old Stone House: Garden Explorers Session 2 begins (Aug 10–14),,2026-08-10,,2026-08-10,,1,,Arts & Culture,
BMT Advisory Task Force Office Hours #1,Brooklyn Marine Terminal Advisory Task Force virtual office hours. 12:00–2:00 PM.,2026-08-11,12:00,2026-08-11,,,Virtual Session,Civic Associations,https://edc.nyc/brooklyn-marine-terminal-advisory-task-force
Summer Movies in the Park: Akeelah and the Bee,"Free outdoor screening of Akeelah and the Bee, presented by NewYork-Presbyterian in partnership with Rooftop Films, the Prospect Park Alliance, and the Fort Greene Park Conservancy.",2026-08-12,,2026-08-12,,1,Prospect Park,Parks & Open Space,
NYC 101: The Power of Organized Tenants,"Learn about your rights as a tenant, tenant organizing history in NYC, and the basics of forming a tenant association. All are welcome. Interpretación en español disponible. Presented by the Mayor’s Office of Mass Engagement and the Mayor’s Office to Protect Tenants.",2026-08-12,18:00,2026-08-12,,,"Near Union Square, Manhattan",Civic Associations,https://organize.nyc.gov/events
NYC City Council Stated Meeting,,2026-08-12,13:30,2026-08-12,,,NYC City Hall,Government,https://legistar.council.nyc.gov/Calendar.aspx
BKBP ULURP Public Hearing,,2026-08-12,18:00,2026-08-12,,,Brooklyn Borough Hall,Government,https://www.brooklynbp.nyc.gov/event/ulurp-public-hearing-meeting-7/
Books Are Magic: Monika Ostrowska (Squirming),"Monika Ostrowska presents Squirming, with readings by Callie Garnett, Jamie Hood, and Rainer Diana Hamilton. In person and on YouTube Live.",2026-08-13,19:00,2026-08-13,,,Books Are Magic,Arts & Culture,https://booksaremagic.net/events
Grown-Up Bike Bus,Weekly group ride from Gowanus to the Upper East Side. Thursdays 8:00 AM.,2026-08-13,08:00,2026-08-13,,,Starts at Principles GI Coffee House,Community,https://principlesbk.nyc/upcoming-events
Books Are Magic: Chloe Lauter (The Flayed Man),"Chloe Lauter presents The Flayed Man, in conversation with Kerry Cullen. In person and on YouTube Live.",2026-08-14,19:00,2026-08-14,,,Books Are Magic,Arts & Culture,https://booksaremagic.net/events
Fort Defiance Sidewalk Galleries,"Outdoor sidewalk galleries presenting archaeological findings and source materials about Fort Defiance, Red Hook Lane, and the defense of New York Harbor in the campaign of 1776. On view between sunrise and midnight. Runs July 4 through August 30.",2026-08-15,,2026-08-15,,1,160 Coffey St & 169 Coffey St,Arts & Culture,
"Record Shop: The Great Link, TJ Borden, Francesca H, Alex McGrath, Kevin Murray","Live music night with The Great Link (Ghandhi on tenor and soprano sax, Palmer on double bass, Neuburg on percussion), plus TJ Borden, Francesca H, and Alex McGrath on cello, saxophone, guitar and electronics, and Kevin Murray on solo drums. Doors 6:30 PM, music 7:30 PM. $10 suggested donation.",2026-08-15,18:30,2026-08-15,,,Record Shop,Arts & Culture,
South Brooklyn DSA Summer Social,Summer social hosted by South Brooklyn DSA aboard the Mary Whalen in Red Hook.,2026-08-15,19:00,2026-08-15,,,Aboard the tanker Mary Whalen,Civic Associations,
"Pause, Play, Stay — Sackett St Open Street","Free public pop-up program by Street Lab with stations for cooling, bike repairs, play, and refreshments. Rest stop 1:00–6:00 PM; play street 2:00–5:00 PM. Weather permitting. Ends 6:00 PM.",2026-08-15,13:00,2026-08-15,,,Sackett St Open Street,Community,
FOFA Trash Group: 4th Avenue Street Cleanup,"Neighborhood litter cleanup on 4th Avenue hosted by the FOFA Trash Group. 10:00–11:30 AM. Gloves, garbage bags, and trash grabbers provided. RSVP via Eventbrite. Instagram @fofa_trashgroupbk.",2026-08-15,10:00,2026-08-15,,,4th Avenue & Union Street,Civic Associations,
Books Are Magic Storytime: Lisa Anchin (Maud and the Very Eventful Week),Storytime with Lisa Anchin reading Maud and the Very Eventful Week.,2026-08-15,11:00,2026-08-15,,,Books Are Magic,Arts & Culture,https://booksaremagic.net/events
ASP Suspended — Feast of the Assumption,,2026-08-15,,2026-08-15,,1,,City Notices,
Fort Defiance Sidewalk Galleries,"Outdoor sidewalk galleries presenting archaeological findings and source materials about Fort Defiance, Red Hook Lane, and the defense of New York Harbor in the campaign of 1776. On view between sunrise and midnight. Runs July 4 through August 30.",2026-08-16,,2026-08-16,,1,160 Coffey St & 169 Coffey St,Arts & Culture,
Brooklyn Maqam Afloat: TankerTunes Music Jam,"Brooklyn Maqam music jam aboard the Mary Whalen, flagship of PortSide NewYork, docked in Red Hook next to the NYC Ferry landing. Ends 10:30 PM.",2026-08-16,19:30,2026-08-16,,,Tanker Mary Whalen,Arts & Culture,
Pacemakers Perform Live at Country Night,The Pacemakers dance troupe performs live at Country Night during a Brooklyn Cyclones game.,2026-08-16,14:00,2026-08-16,,,Brooklyn Cyclones,Community,
Park Slope Farmers Market,Year-round Sunday market. 9AM–2PM. Site host: Old Stone House.,2026-08-16,09:00,2026-08-16,,,Washington Park,Food & Markets,https://downtoearthmarkets.com/
RHLP x Strong Rope Brewery — Lobster Rolls & Beer,,2026-08-16,12:00,2026-08-16,,,Strong Rope Brewery,Food & Markets,https://www.redhooklobster.com/event/rhlp-x-strong-rope-brewery/
Fort Defiance Sidewalk Galleries,"Outdoor sidewalk galleries presenting archaeological findings and source materials about Fort Defiance, Red Hook Lane, and the defense of New York Harbor in the campaign of 1776. On view between sunrise and midnight. Runs July 4 through August 30.",2026-08-17,,2026-08-17,,1,160 Coffey St & 169 Coffey St,Arts & Culture,
Randonneuring 101: Long Distance Cycling Class,"Free introduction to long distance cycling hosted by Katie, Will, and Bill of the Long Island Randonneurs. 6:00–7:30 PM.",2026-08-17,18:00,2026-08-17,,,Principles GI Coffee House,Food & Markets,https://principlesbk.nyc/upcoming-events
Old Stone House: Garden Explorers Session 3 begins (Aug 17–21),,2026-08-17,,2026-08-17,,1,,Arts & Culture,
Fort Defiance Sidewalk Galleries,"Outdoor sidewalk galleries presenting archaeological findings and source materials about Fort Defiance, Red Hook Lane, and the defense of New York Harbor in the campaign of 1776. On view between sunrise and midnight. Runs July 4 through August 30.",2026-08-18,,2026-08-18,,1,160 Coffey St & 169 Coffey St,Arts & Culture,
Identifying and Addressing Secondary Trauma (Virtual Training),"Free introductory virtual training for service providers, presented by the Mayor’s Office to End Domestic and Gender-Based Violence. 10:00 AM–12:00 PM.",2026-08-18,10:00,2026-08-18,,,Virtual,Civic Associations,https://www.nyc.gov/site/ocdv/index.page
FAC: Introduction to Homebuying Workshop,,2026-08-18,18:00,2026-08-18,,,Fifth Avenue Committee,Civic Associations,https://fifthave.org/blog/event/introduction-to-homebuying-workshop-10/
Fort Defiance Sidewalk Galleries,"Outdoor sidewalk galleries presenting archaeological findings and source materials about Fort Defiance, Red Hook Lane, and the defense of New York Harbor in the campaign of 1776. On view between sunrise and midnight. Runs July 4 through August 30.",2026-08-19,,2026-08-19,,1,160 Coffey St & 169 Coffey St,Arts & Culture,
Know Your Zone: NYC’s Plan for Coastal Storms,"Virtual info session on protecting yourself, your family, and your community from the impacts of coastal storms and hurricanes. 12:00–1:00 PM. Presented by NYC Emergency Management and the Mayor’s Office of Mass Engagement.",2026-08-19,12:00,2026-08-19,,,Virtual Session,Civic Associations,https://on.nyc.gov/coastalstormplan
Fort Defiance Sidewalk Galleries,"Outdoor sidewalk galleries presenting archaeological findings and source materials about Fort Defiance, Red Hook Lane, and the defense of New York Harbor in the campaign of 1776. On view between sunrise and midnight. Runs July 4 through August 30.",2026-08-20,,2026-08-20,,1,160 Coffey St & 169 Coffey St,Arts & Culture,
Redistricting Data Program: Intro to P.L. 94-171 Redistricting Data,"The DuBois Bunche Center at Medgar Evers College and the U.S. Census Bureau outline the mission and activities of the 2030 Census Redistricting Data Program, including the Block Boundary Suggestion Project, the Voting District Project, and phased delivery of data. Guest speaker James Whitehorn. Ends 6:00 PM.",2026-08-20,17:00,2026-08-20,,,Virtual,Civic Associations,https://forms.gle/hJHV32cV46b682ka7
"Pause, Play, Stay — Sackett St Open Street","Free public pop-up program by Street Lab with stations for cooling, bike repairs, play, and refreshments. Rest stop 1:00–6:00 PM; play street 2:00–5:00 PM. Weather permitting. Ends 6:00 PM.",2026-08-20,13:00,2026-08-20,,,Sackett St Open Street,Community,
SWBTU Community Cookout,"Southwest Brooklyn Tenant Union community cookout — come meet your neighbors. Food and refreshments provided; feel free to bring a side, friends, family, and/or neighbors. 6–8 PM.",2026-08-20,18:00,2026-08-20,,,"Human Compass Garden, Brooklyn",Civic Associations,
BMT Advisory Task Force Office Hours #2,Brooklyn Marine Terminal Advisory Task Force virtual office hours. 12:00–2:00 PM.,2026-08-20,12:00,2026-08-20,,,Virtual Session,Civic Associations,https://edc.nyc/brooklyn-marine-terminal-advisory-task-force
Grown-Up Bike Bus,Weekly group ride from Gowanus to the Upper East Side. Thursdays 8:00 AM.,2026-08-20,08:00,2026-08-20,,,Starts at Principles GI Coffee House,Community,https://principlesbk.nyc/upcoming-events
Fort Defiance Sidewalk Galleries,"Outdoor sidewalk galleries presenting archaeological findings and source materials about Fort Defiance, Red Hook Lane, and the defense of New York Harbor in the campaign of 1776. On view between sunrise and midnight. Runs July 4 through August 30.",2026-08-21,,2026-08-21,,1,160 Coffey St & 169 Coffey St,Arts & Culture,
Hook Arts Media: Digital Boot Camp Screening,Screening of work made by South Brooklyn Community High School students in Hook Arts Media’s Digital Boot Camp. Refreshments served. Ends 4:00 PM.,2026-08-21,15:00,2026-08-21,,,The View,Arts & Culture,https://hookartsmedia.org
"Pause, Play, Stay — Sackett St Open Street","Free public pop-up program by Street Lab with stations for cooling, bike repairs, play, and refreshments. Rest stop 1:00–6:00 PM; play street 2:00–5:00 PM. Weather permitting. Ends 6:00 PM.",2026-08-21,13:00,2026-08-21,,,Sackett St Open Street,Community,
Red Hook Back to School Fair,Back to School supply drive and resource fair presented by the Red Hook Art Project and partners. Ends 5:00 PM.,2026-08-21,12:00,2026-08-21,,,Brooklyn Cruise Terminal (outdoor yard),Arts & Culture,https://www.donorbox.org/back-to-school-935045
Red Hook’s Proclamation of Historical Significance,"Brooklyn250 event co-presented by the Red Hook Business Alliance and Friends of Fort Defiance. Panel moderated by Greg Young of The Bowery Boys on Red Hook’s role in the Battle of Brooklyn, other overlooked histories still visible in the neighborhood, and how to envision preservation work in Red Hook. Rain location to be announced. Ends 8:00 PM.",2026-08-22,18:00,2026-08-22,,,Valentino Park (Fort Defiance Place),Arts & Culture,https://fortdefiance.org/250
Fort Defiance Sidewalk Galleries,"Outdoor sidewalk galleries presenting archaeological findings and source materials about Fort Defiance, Red Hook Lane, and the defense of New York Harbor in the campaign of 1776. On view between sunrise and midnight. Runs July 4 through August 30.",2026-08-22,,2026-08-22,,1,160 Coffey St & 169 Coffey St,Arts & Culture,
Red Hook’s Role in the American Revolution,"PortSide NewYork program on Fort Defiance and the Battle of Brooklyn. 4–6 PM: meet re-enactors, learn how Black and Native American mariners from Marblehead evacuated Washington’s army as it fled the Battle of Brooklyn, and build a model of HMS Roebuck. 6–8 PM: Red Hook’s Designation of Historical Significance, an official Brooklyn250 event by RHBA and Friends of Fort Defiance. 8:30–10:30 PM: Episode 3 of the Ken Burns series The American Revolution. Ends 11:00 PM.",2026-08-22,16:00,2026-08-22,,,Valentino Park,Arts & Culture,https://bit.ly/RedHookBrooklyn250
"Pause, Play, Stay — Sackett St Open Street","Free public pop-up program by Street Lab with stations for cooling, bike repairs, play, and refreshments. Rest stop 1:00–6:00 PM; play street 2:00–5:00 PM. Weather permitting. Ends 6:00 PM.",2026-08-22,13:00,2026-08-22,,,Sackett St Open Street,Community,
"Wings, Wands & Whimsy","Fairy festival presented by Wytchonymous Arts, artists in residence Cat and Eddie. Come in your fairy best. Fairy wings available for a $20 donation while supplies last. 11:00 AM–4:00 PM.",2026-08-22,11:00,2026-08-22,,,Nolan Park House 11,Arts & Culture,
Old Stone House: 250th Commemoration of the Battle of Brooklyn · 12:30pm · Maryland 400 ceremony,,2026-08-22,,2026-08-22,,1,,Arts & Culture,
Fort Defiance Sidewalk Galleries,"Outdoor sidewalk galleries presenting archaeological findings and source materials about Fort Defiance, Red Hook Lane, and the defense of New York Harbor in the campaign of 1776. On view between sunrise and midnight. Runs July 4 through August 30.",2026-08-23,,2026-08-23,,1,160 Coffey St & 169 Coffey St,Arts & Culture,
Books Are Magic Storytime: Eugenia Mello (The Only Way to Dance),Storytime with Eugenia Mello reading The Only Way to Dance.,2026-08-23,11:00,2026-08-23,,,Books Are Magic,Arts & Culture,https://booksaremagic.net/events
Park Slope Farmers Market,Year-round Sunday market. 9AM–2PM. Site host: Old Stone House.,2026-08-23,09:00,2026-08-23,,,Washington Park,Food & Markets,https://downtoearthmarkets.com/
Fort Defiance Sidewalk Galleries,"Outdoor sidewalk galleries presenting archaeological findings and source materials about Fort Defiance, Red Hook Lane, and the defense of New York Harbor in the campaign of 1776. On view between sunrise and midnight. Runs July 4 through August 30.",2026-08-24,,2026-08-24,,1,160 Coffey St & 169 Coffey St,Arts & Culture,
Old Stone House: Garden Explorers Session 4 begins (Aug 24–28),,2026-08-24,,2026-08-24,,1,,Arts & Culture,
Fort Defiance Sidewalk Galleries,"Outdoor sidewalk galleries presenting archaeological findings and source materials about Fort Defiance, Red Hook Lane, and the defense of New York Harbor in the campaign of 1776. On view between sunrise and midnight. Runs July 4 through August 30.",2026-08-25,,2026-08-25,,1,160 Coffey St & 169 Coffey St,Arts & Culture,
78th Precinct Community Council Meeting,,2026-08-25,18:30,2026-08-25,,,78th Precinct,Public Safety,https://www.nyc.gov/site/nypd/bureaus/patrol/precincts/78th-precinct.page
Fair Housing Growth Strategy Virtual Briefing,"Virtual briefing on the draft Fair Housing Growth Strategy, the citywide fair housing framework released by HPD and DCP. Staff present the long-term housing needs assessment, five-year housing production targets, and strategic equity framework, and take public feedback. RSVP required. Ends 2:00 PM.",2026-08-26,12:00,2026-08-26,,,Virtual,Civic Associations,https://us02web.zoom.us/meeting/register/XcVa3CBhSfmbQJkB7iYg7Q#/registration
Fort Defiance Sidewalk Galleries,"Outdoor sidewalk galleries presenting archaeological findings and source materials about Fort Defiance, Red Hook Lane, and the defense of New York Harbor in the campaign of 1776. On view between sunrise and midnight. Runs July 4 through August 30.",2026-08-26,,2026-08-26,,1,160 Coffey St & 169 Coffey St,Arts & Culture,
Summer Movies in the Park: Space Jam,"Outdoor screening of Space Jam presented by NewYork-Presbyterian in partnership with Rooftop Films, the Fort Greene Park Conservancy, and the Prospect Park Alliance.",2026-08-26,,2026-08-26,,1,"Fort Greene Park, Brooklyn",Arts & Culture,
Old Stone House: Open Hours,Come visit the Old Stone House during our public Open Hours. Ends 6:00 PM.,2026-08-27,15:00,2026-08-27,,,Old Stone House of Brooklyn,Arts & Culture,https://www.eventbrite.com/e/open-hours-tickets-1998692276402
Old Stone House: Battle of Brooklyn Walking Tour,Follow the footsteps of the revolutionaries! Ends 7:30 PM.,2026-08-27,17:30,2026-08-27,,,Grand Army Plaza,Arts & Culture,https://www.eventbrite.com/e/battle-of-brooklyn-walking-tour-tickets-1985650424873
Old Stone House: The Battle of Brooklyn; A Farce of Two Acts,A short play written by a snarky Brooklyn Loyalist in 1776 to mock the American defeat in the largest battle of the War for Independence. Ends 8:00 PM.,2026-08-27,19:00,2026-08-27,,,Old Stone House of Brooklyn,Arts & Culture,https://www.eventbrite.com/e/the-battle-of-brooklyn-a-farce-of-two-acts-tickets-1995375267138
Fort Defiance Sidewalk Galleries,"Outdoor sidewalk galleries presenting archaeological findings and source materials about Fort Defiance, Red Hook Lane, and the defense of New York Harbor in the campaign of 1776. On view between sunrise and midnight. Runs July 4 through August 30.",2026-08-27,,2026-08-27,,1,160 Coffey St & 169 Coffey St,Arts & Culture,
"Pause, Play, Stay — Sackett St Open Street","Free public pop-up program by Street Lab with stations for cooling, bike repairs, play, and refreshments. Rest stop 1:00–6:00 PM; play street 2:00–5:00 PM. Weather permitting. Ends 6:00 PM.",2026-08-27,13:00,2026-08-27,,,Sackett St Open Street,Community,
"Our City, Our Sanctuary: Immigration Legal Assistance & Family Preparedness 101","Free one-on-one legal consultations with immigration attorneys, plus family preparedness planning in case of immigration enforcement. Hosted by Borough President Antonio Reynoso with Mixteca, Council Member Alexa Avilés, Safe Horizon, and Central American Legal Assistance. 5:00–7:30 PM.",2026-08-27,17:00,2026-08-27,,,Mixteca,Government,https://bit.ly/BKBPFL2
Grown-Up Bike Bus,Weekly group ride from Gowanus to the Upper East Side. Thursdays 8:00 AM.,2026-08-27,08:00,2026-08-27,,,Starts at Principles GI Coffee House,Community,https://principlesbk.nyc/upcoming-events
Old Stone House: Open Hours,Come visit the Old Stone House during our public Open Hours. Ends 4:00 PM.,2026-08-28,12:00,2026-08-28,,,Old Stone House of Brooklyn,Arts & Culture,https://www.eventbrite.com/e/open-hours-tickets-1992783777924
Fort Defiance Sidewalk Galleries,"Outdoor sidewalk galleries presenting archaeological findings and source materials about Fort Defiance, Red Hook Lane, and the defense of New York Harbor in the campaign of 1776. On view between sunrise and midnight. Runs July 4 through August 30.",2026-08-28,,2026-08-28,,1,160 Coffey St & 169 Coffey St,Arts & Culture,
"Pause, Play, Stay — Sackett St Open Street","Free public pop-up program by Street Lab with stations for cooling, bike repairs, play, and refreshments. Rest stop 1:00–6:00 PM; play street 2:00–5:00 PM. Weather permitting. Ends 6:00 PM.",2026-08-28,13:00,2026-08-28,,,Sackett St Open Street,Community,
Old Stone House: Open Hours,Come visit the Old Stone House during our public Open Hours. Ends 1:00 PM.,2026-08-29,12:00,2026-08-29,,,Old Stone House of Brooklyn,Arts & Culture,https://www.eventbrite.com/e/open-hours-tickets-1992783778927
Old Stone House: Taking Liberties,"Pianists Jennifer Wright and Kathleen Supové perform ""Taking Liberties"" by Ms. Wright. Ends 5:00 PM.",2026-08-29,16:00,2026-08-29,,,Old Stone House of Brooklyn,Arts & Culture,https://www.eventbrite.com/e/taking-liberties-tickets-1992454383697
Old Stone House: The Female Gaze,Women and Allies Unite in Petrifying the Patriarchy Ends 9:00 PM.,2026-08-29,19:00,2026-08-29,,,Old Stone House of Brooklyn,Arts & Culture,https://www.eventbrite.com/e/the-female-gaze-tickets-1992454616393
Fort Defiance Sidewalk Galleries,"Outdoor sidewalk galleries presenting archaeological findings and source materials about Fort Defiance, Red Hook Lane, and the defense of New York Harbor in the campaign of 1776. On view between sunrise and midnight. Runs July 4 through August 30.",2026-08-29,,2026-08-29,,1,160 Coffey St & 169 Coffey St,Arts & Culture,
"Pause, Play, Stay — Sackett St Open Street","Free public pop-up program by Street Lab with stations for cooling, bike repairs, play, and refreshments. Rest stop 1:00–6:00 PM; play street 2:00–5:00 PM. Weather permitting. Ends 6:00 PM.",2026-08-29,13:00,2026-08-29,,,Sackett St Open Street,Community,
Old Stone House: Open Hours,Come visit the Old Stone House during our public Open Hours. Ends 4:00 PM.,2026-08-30,12:00,2026-08-30,,,Old Stone House of Brooklyn,Arts & Culture,https://www.eventbrite.com/e/open-hours-tickets-1992783779930
Fort Defiance Sidewalk Galleries,"Outdoor sidewalk galleries presenting archaeological findings and source materials about Fort Defiance, Red Hook Lane, and the defense of New York Harbor in the campaign of 1776. On view between sunrise and midnight. Runs July 4 through August 30.",2026-08-30,,2026-08-30,,1,160 Coffey St & 169 Coffey St,Arts & Culture,
Books Are Magic Storytime: Stephanie Graegin (Bean Supreme),Storytime with Stephanie Graegin reading Bean Supreme.,2026-08-30,11:00,2026-08-30,,,Books Are Magic,Arts & Culture,https://booksaremagic.net/events
Park Slope Farmers Market,Year-round Sunday market. 9AM–2PM. Site host: Old Stone House.,2026-08-30,09:00,2026-08-30,,,Washington Park,Food & Markets,https://downtoearthmarkets.com/
Books Are Magic: Katherine Rundell,Katherine Rundell in conversation with Adam Gidwitz. In person and on YouTube Live.,2026-08-31,18:30,2026-08-31,,,Books Are Magic,Arts & Culture,https://booksaremagic.net/events
Red Hook Art Project at the Brooklyn Cyclones Game,Red Hook Art Project group outing to the Brooklyn Cyclones game. Tickets through the RHAP group link.,2026-09-01,,2026-09-01,,1,Maimonides Park,Arts & Culture,https://www.gofevo.com/event/Redhookart
Books Are Magic: Alysia Li Ying Sawchyn,Alysia Li Ying Sawchyn (I Have This Thing for Flowers) in conversation with Vic Liu. In person and on YouTube Live.,2026-09-01,19:00,2026-09-01,,,Books Are Magic,Arts & Culture,https://booksaremagic.net/events
The People’s Runway Brooklyn — Models Casting Call,"Models casting call for The People’s Runway Brooklyn at NYFW S/S 27, presented by Borough President Antonio Reynoso and KidSuper Studios, with casting by Fashion Week Brooklyn. Open to all ages 18 and over. Registration required, and all models must bring a comp card or hardcopy picture; there is no online casting. Fashion show follows on September 12. Ends 7:00 PM.",2026-09-02,14:00,2026-09-02,,,Brooklyn Borough Hall,Government,https://bit.ly/BKBPMCC
Books Are Magic: Leah Koenig (The Dessert Table),"Leah Koenig presents The Dessert Table, in conversation with Jessie Sheehan. In person and on YouTube Live.",2026-09-02,19:00,2026-09-02,,,Books Are Magic,Arts & Culture,https://booksaremagic.net/events
76th Precinct Community Council Meeting,,2026-09-02,19:00,2026-09-02,,,76th Precinct,Public Safety,https://www.nyc.gov/site/nypd/bureaus/patrol/precincts/76th-precinct.page
Books Are Magic: Mike Errico,"Mike Errico (Music, Lyrics, and Life) in conversation with Alan Light. In person and on YouTube Live.",2026-09-03,19:00,2026-09-03,,,Books Are Magic,Arts & Culture,https://booksaremagic.net/events
Grown-Up Bike Bus,Weekly group ride from Gowanus to the Upper East Side. Thursdays 8:00 AM.,2026-09-03,08:00,2026-09-03,,,Starts at Principles GI Coffee House,Community,https://principlesbk.nyc/upcoming-events
Old Stone House: Open Hours,Come visit the Old Stone House during our public Open Hours. Ends 4:00 PM.,2026-09-04,12:00,2026-09-04,,,Old Stone House of Brooklyn,Arts & Culture,https://www.eventbrite.com/e/open-hours-tickets-1992783780933
Back-to-School Giveaway with CM Alexa Avilés,"Backpack giveaway hosted by Council Member Alexa Avilés. Students must be present to receive a backpack, one per student, and families must be residents of Council District 38. Registration requested. Ends 2:00 PM.",2026-09-05,12:00,2026-09-05,,,Our Lady of Perpetual Help Cafeteria,Civic Associations,https://forms.gle/6k6ybhycRCnd74nLA
Old Stone House: Open Hours,Come visit the Old Stone House during our public Open Hours. Ends 2:00 PM.,2026-09-05,12:00,2026-09-05,,,Old Stone House of Brooklyn,Arts & Culture,https://www.eventbrite.com/e/open-hours-tickets-1992783781936
Books Are Magic Storytime: Brooke Bourgeois (The Grump Queen),Storytime with Brooke Bourgeois reading The Grump Queen.,2026-09-05,11:00,2026-09-05,,,Books Are Magic,Arts & Culture,https://booksaremagic.net/events
Park Slope Open Streets: Season Opening,"Park Slope Open Streets is back for the season, presented by NewYork-Presbyterian, with 5th Avenue open from Union Street to 4th Street. Ends 10:00 PM.",2026-09-05,14:00,2026-09-05,,,5th Avenue from Union St to 4th St,Civic Associations,https://www.parkslopeopenstreets.org/calendar
Park Slope Open Streets: Trio 51,"Modern trio solutions from Dave Strawn, Willis Edmundson and Ian Michael. Ends 5:00 PM.",2026-09-05,15:00,2026-09-05,,,High Dive / The Commissioner,Civic Associations,
Park Slope Open Streets: Big Easy Imaginarium,"Bring the whole family to learn circus skills including stilt walking and juggling, plus interactive games. Ends 6:00 PM.",2026-09-05,15:00,2026-09-05,,,5th Avenue at 2nd Street,Civic Associations,
Old Stone House: Open Hours,Come visit the Old Stone House during our public Open Hours. Ends 1:00 PM.,2026-09-06,12:00,2026-09-06,,,Old Stone House of Brooklyn,Arts & Culture,https://www.eventbrite.com/e/open-hours-tickets-1992783782939
Books Are Magic Storytime: Dasha Tolstikova (100 Things I Love About School),Storytime with Dasha Tolstikova reading 100 Things I Love About School.,2026-09-06,11:00,2026-09-06,,,Books Are Magic,Arts & Culture,https://booksaremagic.net/events
Park Slope Farmers Market,Year-round Sunday market. 9AM–2PM. Site host: Old Stone House.,2026-09-06,09:00,2026-09-06,,,Washington Park,Food & Markets,https://downtoearthmarkets.com/
ASP Suspended — Labor Day,,2026-09-07,,2026-09-07,,1,,City Notices,
Old Stone House: Life Drawing September 2026,"Join us for Life Drawing at OSH, enjoy a community of local artists in this session with a professional model. Ends 9:30 PM.",2026-09-08,19:00,2026-09-08,,,Old Stone House of Brooklyn,Arts & Culture,https://www.eventbrite.com/e/life-drawing-september-2026-tickets-1990938775472
Books Are Magic: Carla Lalli (Food is a Feeling),"Carla Lalli, author of Food is a Feeling, in conversation with a special guest. In person at First Unitarian Church and on YouTube Live.",2026-09-08,19:00,2026-09-08,,,First Unitarian Church,Arts & Culture,https://booksaremagic.net/events
NYC City Council Stated Meeting,,2026-09-09,13:30,2026-09-09,,,NYC City Hall,Government,https://legistar.council.nyc.gov/Calendar.aspx
BKBP ULURP Public Hearing,,2026-09-09,18:00,2026-09-09,,,Brooklyn Borough Hall,Government,https://www.brooklynbp.nyc.gov/event/ulurp-public-hearing-meeting-8/
Gowanus Canal Conservancy: Nurturing Native Plants,20th Anniversary Fall Tour Series. What’s growing behind the fence on 9th St? A look at the native plant landscape with Lowlands Nursery staff. Ends 6:45 PM.,2026-09-10,17:30,2026-09-10,,,,Civic Associations,https://gowanuscanalconservancy.org/events/
Grown-Up Bike Bus,Weekly group ride from Gowanus to the Upper East Side. Thursdays 8:00 AM.,2026-09-10,08:00,2026-09-10,,,Starts at Principles GI Coffee House,Community,https://principlesbk.nyc/upcoming-events
First Day of School — 2026-27,,2026-09-10,,2026-09-10,,1,,Schools,https://www.schools.nyc.gov/calendar/2026-2027-school-year-calendar
Volunteers Needed: President Street Trash Cleanup,"Volunteer street cleanup, 4 to 6 PM, to get the block ready for the President Street Block Party the next day. Garbage bags, disposable gloves and trash grabbers provided. Organized by Neighbors of Dolly’s Park.",2026-09-11,16:00,2026-09-11,,,President Street between 3rd Avenue and Nevins Street,Community,
"Gowanus Canal Conservancy: Rain Garden Stewardship, 6th Street Green Corridor","Volunteer shift caring for the rain gardens, 10 AM to 12 PM. Training and tools provided: trash pickup, invasive plant ID and weeding, pruning, curb cleaning and sweeping. No experience necessary. Ages 14 and up; younger volunteers with a parent or guardian.",2026-09-11,10:00,2026-09-11,,,"22 2nd Avenue, Gowanus",Civic Associations,https://www.eventbrite.com/e/rain-garden-stewardship-6th-st-green-corridor-tickets-1998699521071
President Street Block Party,"Block party, 2 to 6 PM. Kids activities: splash pad, chalk art, tattoos, stomp rocket, plant-an-herb. Book and puzzle exchange: bring used adult and children’s books and puzzles and take home new-to-you ones. Set up a table, bring food or drinks to share. Organized by Neighbors of Dolly’s Park; volunteers welcome. Contact Lisa 207-233-2309 or Margie 203-858-7063, dollysparkpresident@gmail.com or margiegcon@aol.com.",2026-09-12,14:00,2026-09-12,,,President Street between 3rd Avenue and Nevins Street,Community,
Gowanus Canal Conservancy: Street Tree Stewardship,"Volunteer shift on 3rd Street, 10 AM to 1 PM: weeding, soil cultivation, planting and watering the young street trees. Come as you are; training and tools provided.",2026-09-12,10:00,2026-09-12,,,Meet outside the GCC office,Civic Associations,https://www.eventbrite.com/e/street-tree-stewardship-tickets-1998810896197
Old Stone House: OUTDOOR OPERA: Vespa - A Girl and Her Pet Wasp,An Interactive New Opera by Don DiNicola - Outdoors in the Gardens of Old Stone House Ends 3:00 PM.,2026-09-12,14:00,2026-09-12,,,J.J. Byrne Playground,Arts & Culture,https://www.eventbrite.com/e/outdoor-opera-vespa-a-girl-and-her-pet-wasp-tickets-1995209246566
ASP Suspended — Rosh Hashanah,,2026-09-12,,2026-09-12,,1,,City Notices,
Park Slope Open Streets: Imagination & Play,,2026-09-12,,2026-09-12,,1,5th Avenue,Civic Associations,https://www.parkslopeopenstreets.org/calendar
Old Stone House: Botany of Colonization,"Seminar with Garden Coordinator, Angel Martinez Lombardo. Ends 3:00 PM.",2026-09-13,13:00,2026-09-13,,,Old Stone House of Brooklyn,Arts & Culture,https://www.eventbrite.com/e/botany-of-colonization-tickets-1992947234828
ASP Suspended — Rosh Hashanah,,2026-09-13,,2026-09-13,,1,,City Notices,
Pioneer Works: Second Sundays — September,,2026-09-13,12:00,2026-09-13,,,Pioneer Works,Arts & Culture,https://pioneerworks.org/series/second-sundays
Park Slope Farmers Market,Year-round Sunday market. 9AM–2PM. Site host: Old Stone House.,2026-09-13,09:00,2026-09-13,,,Washington Park,Food & Markets,https://downtoearthmarkets.com/
Rat Academy Training (NYC Health + CM Alexa Avilés),"Free online training on rat prevention methods for building superintendents and staff, homeowners and tenants, managing companies and business owners. Register at bit.ly/ratacademy916 or email ratportal@health.nyc.gov specifying the training date. Offered in English; for interpretation or ASL contact at least 72 hours in advance. Ends 7:30 PM.",2026-09-16,17:30,2026-09-16,,,Virtual,Civic Associations,https://bit.ly/ratacademy916
Public Meeting with NYCHA and Mega Technico — Gowanus Houses & Wyckoff Gardens,"Latest updates on the Comp Mod renovation project at Gowanus Houses and Wyckoff Gardens, with time for questions. Hosted by the Gowanus Oversight Task Force with Council Member Shahana Hanif. RSVP requested but not required to attend. Ends 8:30 PM.",2026-09-16,18:30,2026-09-16,,,PS 133,Civic Associations,https://bit.ly/NYCHAGOTF26
Old Stone House: Gallery Opening - Land Liberty and the Pursuit of Happiness,Come celebrate the opening of the new contemporary art gallery at Old Stone House. Ends 8:00 PM.,2026-09-16,18:00,2026-09-16,,,Old Stone House of Brooklyn,Arts & Culture,https://www.eventbrite.com/e/gallery-opening-land-liberty-and-the-pursuit-of-happiness-tickets-1993367452711
FAC: Introduction to Homebuying Workshop,,2026-09-16,18:00,2026-09-16,,,Fifth Avenue Committee,Civic Associations,https://fifthave.org/blog/event/introduction-to-homebuying-workshop-5/
Gowanus Canal Conservancy: Lowlands Nursery Orientation Shift,"For new nursery volunteers, 1 PM to 4 PM: potting up seedlings, labeling plants and weeding, with a guided walk through the native gardens with staff.",2026-09-17,13:00,2026-09-17,,,Lowlands Nursery,Civic Associations,https://www.eventbrite.com/e/lowlands-nursery-orientation-shifts-tickets-1998560509283
Pacific Library Renovation Unveiling,"Community celebration of Pacific Library’s renovation, with a chance to meet Safdie Architects and AYON Studio and see plans for the branch’s fully accessible future. Brooklyn Public Library began working with the Pacific Library community on the design in 2019. Free food provided. The renovation is funded by the Gowanus Neighborhood Plan, Borough President Antonio Reynoso, Council Member Shahana Hanif, former Council Member Brad Lander, the Office of the Mayor, and proceeds from the redevelopment of Brooklyn Heights Library. Ends 8:00 PM.",2026-09-17,18:00,2026-09-17,,,Museum of Contemporary African Diasporan Arts (MoCADA),Community,https://www.bklynlibrary.org/calendar/pacific-library-pacific-library-20260917-0600pm
Grown-Up Bike Bus,Weekly group ride from Gowanus to the Upper East Side. Thursdays 8:00 AM.,2026-09-17,08:00,2026-09-17,,,Starts at Principles GI Coffee House,Community,https://principlesbk.nyc/upcoming-events
BMTDC Board Meeting,"Brooklyn Marine Terminal Development Corporation Board meeting, with updates on the Brooklyn Marine Terminal project focused on Resilience and Transportation. 2:00–4:00 PM.",2026-09-17,14:00,2026-09-17,,,Brooklyn Borough Hall,Civic Associations,https://edc.nyc/bmtdc
