{"type": "FeatureCollection", "features": [{"type": "Feature", "properties": {"felt:feature": 1, "ed_label": "AD 23 ED 054", "elect_dist": "23054", "borough": "Queens", "community_board": 9, "community_board_label": "Queens CB9", "popup_title": "Queens CB9 \u2014 AD 23 ED 054", "general_mayor": "ZOHRAN KWAME MAMDANI beat ANDREW M. CUOMO, 424.4 to 130.5, 71.2% to 21.9%; total votes 596.3.", "general_mayor_winner": "Mamdani", "general_public_advocate": "JUMAANE D. WILLIAMS beat GONZALO DURAN, 456.4 to 91.1, 81.5% to 16.3%; total votes 559.6.", "general_public_advocate_winner": "Williams", "general_comptroller": "MARK D. LEVINE beat PETER KEFALAS, 426.3 to 93.9, 79.0% to 17.4%; total votes 539.9.", "general_comptroller_winner": "Levine", "question_1": "Approve beat Disapprove, 291.1 to 218.8, 57.1% to 42.9%; total votes 509.9.", "question_1_winner": "Yes-approve!", "question_2": "Approve beat Disapprove, 410.3 to 104.2, 79.7% to 20.3%; total votes 514.6.", "question_2_winner": "Yes-approve!", "question_3": "Approve beat Disapprove, 385.9 to 115.5, 77.0% to 23.0%; total votes 501.4.", "question_3_winner": "Yes-approve!", "question_4": "Approve beat Disapprove, 391.6 to 106.1, 78.7% to 21.3%; total votes 497.7.", "question_4_winner": "Yes-approve!", "question_5": "Approve beat Disapprove, 407.5 to 88.3, 82.2% to 17.8%; total votes 495.8.", "question_5_winner": "Yes-approve!", "question_6": "Approve beat Disapprove, 298.6 to 196.3, 60.3% to 39.7%; total votes 494.9.", "question_6_winner": "Yes-approve!", "dem_primary_mayor": "Zohran Kwame Mamdani beat Andrew M. Cuomo, 165.3 to 51.6, 73.6% to 23.0%; total votes 224.4.", "dem_primary_mayor_winner": "Mamdani", "dem_primary_public_advocate": "Jumaane D. Williams beat Jenifer Rajkumar, 124.9 to 57.3, 65.5% to 30.0%; total votes 190.6.", "dem_primary_public_advocate_winner": "Williams", "dem_primary_comptroller": "Justin Brannan beat Ismael Malave Perez, 74.2 to 53.5, 40.7% to 29.4%; total votes 182.2.", "dem_primary_comptroller_winner": "Brannan", "popup_summary": "Mayor: ZOHRAN KWAME MAMDANI beat ANDREW M. CUOMO, 424.4 to 130.5, 71.2% to 21.9%; total votes 596.3. | Public Advocate: JUMAANE D. WILLIAMS beat GONZALO DURAN, 456.4 to 91.1, 81.5% to 16.3%; total votes 559.6. | City Comptroller: MARK D. LEVINE beat PETER KEFALAS, 426.3 to 93.9, 79.0% to 17.4%; total votes 539.9. | Question 1: Approve beat Disapprove, 291.1 to 218.8, 57.1% to 42.9%; total votes 509.9. | Question 2: Approve beat Disapprove, 410.3 to 104.2, 79.7% to 20.3%; total votes 514.6. | Question 3: Approve beat Disapprove, 385.9 to 115.5, 77.0% to 23.0%; total votes 501.4. | Question 4: Approve beat Disapprove, 391.6 to 106.1, 78.7% to 21.3%; total votes 497.7. | Question 5: Approve beat Disapprove, 407.5 to 88.3, 82.2% to 17.8%; total votes 495.8. | Question 6: Approve beat Disapprove, 298.6 to 196.3, 60.3% to 39.7%; total votes 494.9. | Dem Primary Mayor: Zohran Kwame Mamdani beat Andrew M. Cuomo, 165.3 to 51.6, 73.6% to 23.0%; total votes 224.4. | Dem Primary Public Advocate: Jumaane D. Williams beat Jenifer Rajkumar, 124.9 to 57.3, 65.5% to 30.0%; total votes 190.6. | Dem Primary Comptroller: Justin Brannan beat Ismael Malave Perez, 74.2 to 53.5, 40.7% to 29.4%; total votes 182.2.", "mayor_margin": 49.3, "q2_yes": 79.7, "q3_yes": 77.0, "q4_yes": 78.7}, "geometry": {"type": "MultiPolygon", "coordinates": [[[[-73.8628674, 40.6791221], [-73.863283, 40.6790794], [-73.8633096, 40.679168], [-73.8633494, 40.6793516], [-73.8622963, 40.6796316], [-73.8615605, 40.67984], [-73.8614233, 40.6798788], [-73.860662, 40.6800975], [-73.860533, 40.6801344], [-73.8597746, 40.6803507], [-73.8596627, 40.6803824], [-73.8592951, 40.6804864], [-73.8587858, 40.6806305], [-73.8583335, 40.6807588], [-73.8579067, 40.6808799], [-73.8570425, 40.681127], [-73.8561985, 40.6813668], [-73.8553533, 40.681607], [-73.8544956, 40.6818511], [-73.853664, 40.6820879], [-73.852819, 40.6823313], [-73.8519786, 40.6825642], [-73.8516393, 40.6818863], [-73.8513177, 40.68124], [-73.8509909, 40.6805684], [-73.8506601, 40.6798916], [-73.8515953, 40.6798327], [-73.8520207, 40.6798131], [-73.8525549, 40.6797885], [-73.8532574, 40.6797284], [-73.8534305, 40.6797174], [-73.8539801, 40.679683], [-73.8543933, 40.6796601], [-73.8565341, 40.6795277], [-73.8568314, 40.6795093], [-73.8572108, 40.6794859], [-73.8577927, 40.6794557], [-73.8581984, 40.6794308], [-73.8585896, 40.6794027], [-73.8595249, 40.6793455], [-73.8604666, 40.6792786], [-73.8607086, 40.6792637], [-73.8614062, 40.679221], [-73.8623458, 40.6791648], [-73.8628674, 40.6791221]]]]}}, {"type": "Feature", "properties": {"felt:feature": 2, "ed_label": "AD 23 ED 055", "elect_dist": "23055", "borough": "Queens", "community_board": 9, "community_board_label": "Queens CB9", "popup_title": "Queens CB9 \u2014 AD 23 ED 055", "general_mayor": "ZOHRAN KWAME MAMDANI beat ANDREW M. CUOMO, 79.5 to 39.7, 59.3% to 29.6%; total votes 134.", "general_mayor_winner": "Mamdani", "general_public_advocate": "JUMAANE D. WILLIAMS beat GONZALO DURAN, 83.6 to 37.4, 69.1% to 30.9%; total votes 121.", "general_public_advocate_winner": "Williams", "general_comptroller": "MARK D. LEVINE beat PETER KEFALAS, 83.6 to 33.8, 70.5% to 28.5%; total votes 118.6.", "general_comptroller_winner": "Levine", "question_1": "Approve beat Disapprove, 62.3 to 51, 55.0% to 45.0%; total votes 113.3.", "question_1_winner": "Yes-approve!", "question_2": "Approve beat Disapprove, 82.4 to 31.4, 72.4% to 27.6%; total votes 113.9.", "question_2_winner": "Yes-approve!", "question_3": "Approve beat Disapprove, 80.1 to 32.6, 71.1% to 28.9%; total votes 112.7.", "question_3_winner": "Yes-approve!", "question_4": "Approve beat Disapprove, 84.8 to 29.6, 74.1% to 25.9%; total votes 114.4.", "question_4_winner": "Yes-approve!", "question_5": "Approve beat Disapprove, 90.7 to 23.7, 79.3% to 20.7%; total votes 114.4.", "question_5_winner": "Yes-approve!", "question_6": "Approve beat Disapprove, 59.9 to 54, 52.6% to 47.4%; total votes 113.9.", "question_6_winner": "Yes-approve!", "dem_primary_mayor": "Zohran Kwame Mamdani beat Andrew M. Cuomo, 25.5 to 11.3, 68.3% to 30.2%; total votes 37.4.", "dem_primary_mayor_winner": "Mamdani", "dem_primary_public_advocate": "Jumaane D. Williams beat Jenifer Rajkumar, 14.8 to 12.5, 50.0% to 42.0%; total votes 29.6.", "dem_primary_public_advocate_winner": "Williams", "dem_primary_comptroller": "Mark D. Levine beat Justin Brannan, 10.7 to 8.3, 42.9% to 33.3%; total votes 24.9.", "dem_primary_comptroller_winner": "Levine", "popup_summary": "Mayor: ZOHRAN KWAME MAMDANI beat ANDREW M. CUOMO, 79.5 to 39.7, 59.3% to 29.6%; total votes 134. | Public Advocate: JUMAANE D. WILLIAMS beat GONZALO DURAN, 83.6 to 37.4, 69.1% to 30.9%; total votes 121. | City Comptroller: MARK D. LEVINE beat PETER KEFALAS, 83.6 to 33.8, 70.5% to 28.5%; total votes 118.6. | Question 1: Approve beat Disapprove, 62.3 to 51, 55.0% to 45.0%; total votes 113.3. | Question 2: Approve beat Disapprove, 82.4 to 31.4, 72.4% to 27.6%; total votes 113.9. | Question 3: Approve beat Disapprove, 80.1 to 32.6, 71.1% to 28.9%; total votes 112.7. | Question 4: Approve beat Disapprove, 84.8 to 29.6, 74.1% to 25.9%; total votes 114.4. | Question 5: Approve beat Disapprove, 90.7 to 23.7, 79.3% to 20.7%; total votes 114.4. | Question 6: Approve beat Disapprove, 59.9 to 54, 52.6% to 47.4%; total votes 113.9. | Dem Primary Mayor: Zohran Kwame Mamdani beat Andrew M. Cuomo, 25.5 to 11.3, 68.3% to 30.2%; total votes 37.4. | Dem Primary Public Advocate: Jumaane D. Williams beat Jenifer Rajkumar, 14.8 to 12.5, 50.0% to 42.0%; total votes 29.6. | Dem Primary Comptroller: Mark D. Levine beat Justin Brannan, 10.7 to 8.3, 42.9% to 33.3%; total votes 24.9.", "mayor_margin": 29.7, "q2_yes": 72.4, "q3_yes": 71.1, "q4_yes": 74.1}, "geometry": {"type": "MultiPolygon", "coordinates": [[[[-73.8468675, 40.6801309], [-73.847836, 40.6800657], [-73.8487903, 40.6800094], [-73.8497261, 40.6799484], [-73.8506601, 40.6798916], [-73.8509909, 40.6805684], [-73.8513177, 40.68124], [-73.8516393, 40.6818863], [-73.8519786, 40.6825642], [-73.8511291, 40.6828093], [-73.8502841, 40.6830487], [-73.8494217, 40.6832953], [-73.8486338, 40.681684], [-73.8478682, 40.6814868], [-73.8474763, 40.6813847], [-73.8468675, 40.6801309]]]]}}, {"type": "Feature", "properties": {"felt:feature": 3, "ed_label": "AD 23 ED 056", "elect_dist": "23056", "borough": "Queens", "community_board": 9, "community_board_label": "Queens CB9", "popup_title": "Queens CB9 \u2014 AD 23 ED 056", "general_mayor": "ZOHRAN KWAME MAMDANI beat ANDREW M. CUOMO, 73.2 to 54.7, 50.4% to 37.7%; total votes 145.1.", "general_mayor_winner": "Mamdani", "general_public_advocate": "JUMAANE D. WILLIAMS beat GONZALO DURAN, 87.9 to 35.1, 68.4% to 27.3%; total votes 128.5.", "general_public_advocate_winner": "Williams", "general_comptroller": "MARK D. LEVINE beat PETER KEFALAS, 83.6 to 38.1, 65.1% to 29.7%; total votes 128.5.", "general_comptroller_winner": "Levine", "question_1": "Disapprove beat Approve, 59 to 51, 53.6% to 46.4%; total votes 110.1.", "question_1_winner": "No-disapprove!", "question_2": "Approve beat Disapprove, 70.1 to 43.7, 61.6% to 38.4%; total votes 113.8.", "question_2_winner": "Yes-approve!", "question_3": "Approve beat Disapprove, 68.9 to 43, 61.5% to 38.5%; total votes 111.9.", "question_3_winner": "Yes-approve!", "question_4": "Approve beat Disapprove, 76.9 to 36.3, 67.9% to 32.1%; total votes 113.2.", "question_4_winner": "Yes-approve!", "question_5": "Approve beat Disapprove, 76.9 to 34.4, 69.1% to 30.9%; total votes 111.3.", "question_5_winner": "Yes-approve!", "question_6": "Disapprove beat Approve, 59 to 51.7, 53.3% to 46.7%; total votes 110.7.", "question_6_winner": "No-disapprove!", "dem_primary_mayor": "Andrew M. Cuomo beat Zohran Kwame Mamdani, 19.7 to 17.8, 48.5% to 43.9%; total votes 40.6.", "dem_primary_mayor_winner": "Cuomo", "dem_primary_public_advocate": "Jumaane D. Williams beat Jenifer Rajkumar, 15.4 to 11.1, 49.0% to 35.3%; total votes 31.4.", "dem_primary_public_advocate_winner": "Williams", "dem_primary_comptroller": "Mark D. Levine beat Ismael Malave Perez, 12.9 to 9.2, 41.2% to 29.4%; total votes 31.4.", "dem_primary_comptroller_winner": "Levine", "popup_summary": "Mayor: ZOHRAN KWAME MAMDANI beat ANDREW M. CUOMO, 73.2 to 54.7, 50.4% to 37.7%; total votes 145.1. | Public Advocate: JUMAANE D. WILLIAMS beat GONZALO DURAN, 87.9 to 35.1, 68.4% to 27.3%; total votes 128.5. | City Comptroller: MARK D. LEVINE beat PETER KEFALAS, 83.6 to 38.1, 65.1% to 29.7%; total votes 128.5. | Question 1: Disapprove beat Approve, 59 to 51, 53.6% to 46.4%; total votes 110.1. | Question 2: Approve beat Disapprove, 70.1 to 43.7, 61.6% to 38.4%; total votes 113.8. | Question 3: Approve beat Disapprove, 68.9 to 43, 61.5% to 38.5%; total votes 111.9. | Question 4: Approve beat Disapprove, 76.9 to 36.3, 67.9% to 32.1%; total votes 113.2. | Question 5: Approve beat Disapprove, 76.9 to 34.4, 69.1% to 30.9%; total votes 111.3. | Question 6: Disapprove beat Approve, 59 to 51.7, 53.3% to 46.7%; total votes 110.7. | Dem Primary Mayor: Andrew M. Cuomo beat Zohran Kwame Mamdani, 19.7 to 17.8, 48.5% to 43.9%; total votes 40.6. | Dem Primary Public Advocate: Jumaane D. Williams beat Jenifer Rajkumar, 15.4 to 11.1, 49.0% to 35.3%; total votes 31.4. | Dem Primary Comptroller: Mark D. Levine beat Ismael Malave Perez, 12.9 to 9.2, 41.2% to 29.4%; total votes 31.4.", "mayor_margin": 12.7, "q2_yes": 61.6, "q3_yes": 61.5, "q4_yes": 67.9}, "geometry": {"type": "MultiPolygon", "coordinates": [[[[-73.8446399, 40.6802954], [-73.8447477, 40.680288], [-73.8449246, 40.6802747], [-73.8458921, 40.6801864], [-73.8468675, 40.6801309], [-73.8474763, 40.6813847], [-73.8478682, 40.6814868], [-73.8486338, 40.681684], [-73.8494217, 40.6832953], [-73.8485426, 40.6835444], [-73.8476624, 40.6837943], [-73.8467845, 40.6840449], [-73.8462687, 40.6841913], [-73.8461645, 40.6842209], [-73.8460943, 40.6842399], [-73.8459618, 40.6839678], [-73.8458495, 40.6837372], [-73.8451335, 40.6822665], [-73.8448191, 40.6816257], [-73.8447541, 40.681445], [-73.8447038, 40.6812611], [-73.8446687, 40.6810749], [-73.844649, 40.6808876], [-73.8446447, 40.6807003], [-73.8446434, 40.6805924], [-73.8446407, 40.6803649], [-73.8446399, 40.6802954]]]]}}, {"type": "Feature", "properties": {"felt:feature": 4, "ed_label": "AD 23 ED 057", "elect_dist": "23057", "borough": "Queens", "community_board": 9, "community_board_label": "Queens CB9", "popup_title": "Queens CB9 \u2014 AD 23 ED 057", "general_mayor": "ZOHRAN KWAME MAMDANI beat ANDREW M. CUOMO, 79.2 to 46.9, 52.9% to 31.4%; total votes 149.6.", "general_mayor_winner": "Mamdani", "general_public_advocate": "JUMAANE D. WILLIAMS beat GONZALO DURAN, 95.4 to 34.2, 72.5% to 26.0%; total votes 131.5.", "general_public_advocate_winner": "Williams", "general_comptroller": "MARK D. LEVINE beat PETER KEFALAS, 94.9 to 32.3, 73.2% to 24.9%; total votes 129.6.", "general_comptroller_winner": "Levine", "question_1": "Disapprove beat Approve, 53.8 to 47.9, 52.9% to 47.1%; total votes 101.7.", "question_1_winner": "No-disapprove!", "question_2": "Approve beat Disapprove, 66.5 to 40.1, 62.4% to 37.6%; total votes 106.6.", "question_2_winner": "Yes-approve!", "question_3": "Approve beat Disapprove, 64.1 to 40.6, 61.2% to 38.8%; total votes 104.6.", "question_3_winner": "Yes-approve!", "question_4": "Approve beat Disapprove, 63.6 to 38.6, 62.2% to 37.8%; total votes 102.2.", "question_4_winner": "Yes-approve!", "question_5": "Approve beat Disapprove, 70.4 to 30.8, 69.6% to 30.4%; total votes 101.2.", "question_5_winner": "Yes-approve!", "question_6": "Disapprove beat Approve, 51.8 to 51.3, 50.2% to 49.8%; total votes 103.2.", "question_6_winner": "No-disapprove!", "dem_primary_mayor": "Zohran Kwame Mamdani beat Andrew M. Cuomo, 33.7 to 16.6, 62.7% to 30.9%; total votes 53.8.", "dem_primary_mayor_winner": "Mamdani", "dem_primary_public_advocate": "Jumaane D. Williams beat Jenifer Rajkumar, 26.4 to 18.6, 53.5% to 37.6%; total votes 49.4.", "dem_primary_public_advocate_winner": "Williams", "dem_primary_comptroller": "Mark D. Levine beat Justin Brannan, 18.6 to 14.7, 39.6% to 31.2%; total votes 46.9.", "dem_primary_comptroller_winner": "Levine", "popup_summary": "Mayor: ZOHRAN KWAME MAMDANI beat ANDREW M. CUOMO, 79.2 to 46.9, 52.9% to 31.4%; total votes 149.6. | Public Advocate: JUMAANE D. WILLIAMS beat GONZALO DURAN, 95.4 to 34.2, 72.5% to 26.0%; total votes 131.5. | City Comptroller: MARK D. LEVINE beat PETER KEFALAS, 94.9 to 32.3, 73.2% to 24.9%; total votes 129.6. | Question 1: Disapprove beat Approve, 53.8 to 47.9, 52.9% to 47.1%; total votes 101.7. | Question 2: Approve beat Disapprove, 66.5 to 40.1, 62.4% to 37.6%; total votes 106.6. | Question 3: Approve beat Disapprove, 64.1 to 40.6, 61.2% to 38.8%; total votes 104.6. | Question 4: Approve beat Disapprove, 63.6 to 38.6, 62.2% to 37.8%; total votes 102.2. | Question 5: Approve beat Disapprove, 70.4 to 30.8, 69.6% to 30.4%; total votes 101.2. | Question 6: Disapprove beat Approve, 51.8 to 51.3, 50.2% to 49.8%; total votes 103.2. | Dem Primary Mayor: Zohran Kwame Mamdani beat Andrew M. Cuomo, 33.7 to 16.6, 62.7% to 30.9%; total votes 53.8. | Dem Primary Public Advocate: Jumaane D. Williams beat Jenifer Rajkumar, 26.4 to 18.6, 53.5% to 37.6%; total votes 49.4. | Dem Primary Comptroller: Mark D. Levine beat Justin Brannan, 18.6 to 14.7, 39.6% to 31.2%; total votes 46.9.", "mayor_margin": 21.5, "q2_yes": 62.4, "q3_yes": 61.2, "q4_yes": 62.2}, "geometry": {"type": "MultiPolygon", "coordinates": [[[[-73.8401286, 40.6811467], [-73.8402872, 40.6811158], [-73.8404672, 40.6810808], [-73.8413371, 40.6809153], [-73.8421066, 40.6807712], [-73.8422363, 40.6807469], [-73.8427171, 40.6806663], [-73.8431464, 40.6805943], [-73.8434885, 40.6805027], [-73.8438918, 40.680416], [-73.8443945, 40.6803312], [-73.8445213, 40.6803098], [-73.8446399, 40.6802954], [-73.8446407, 40.6803649], [-73.8446434, 40.6805924], [-73.8446447, 40.6807003], [-73.844649, 40.6808876], [-73.8446687, 40.6810749], [-73.8447038, 40.6812611], [-73.8447541, 40.681445], [-73.8448191, 40.6816257], [-73.8451335, 40.6822665], [-73.8458495, 40.6837372], [-73.8459618, 40.6839678], [-73.8460943, 40.6842399], [-73.8460504, 40.6842522], [-73.8459397, 40.6842816], [-73.8449183, 40.6845761], [-73.8442154, 40.6847749], [-73.8433525, 40.6850197], [-73.8425976, 40.6852344], [-73.8424763, 40.6852689], [-73.8423314, 40.6853096], [-73.8421746, 40.6853536], [-73.8421161, 40.6852337], [-73.8411961, 40.6833514], [-73.8401286, 40.6811467]]]]}}, {"type": "Feature", "properties": {"felt:feature": 5, "ed_label": "AD 23 ED 063", "elect_dist": "23063", "borough": "Queens", "community_board": 9, "community_board_label": "Queens CB9", "popup_title": "Queens CB9 \u2014 AD 23 ED 063", "general_mayor": "ZOHRAN KWAME MAMDANI beat ANDREW M. CUOMO, 71.5 to 54.2, 52.2% to 39.6%; total votes 136.8.", "general_mayor_winner": "Mamdani", "general_public_advocate": "JUMAANE D. WILLIAMS beat GONZALO DURAN, 89.7 to 27.1, 75.6% to 22.8%; total votes 118.6.", "general_public_advocate_winner": "Williams", "general_comptroller": "MARK D. LEVINE beat PETER KEFALAS, 88.7 to 24.3, 75.4% to 20.6%; total votes 117.7.", "general_comptroller_winner": "Levine", "question_1": "Approve beat Disapprove, 48.6 to 46.7, 51.0% to 49.0%; total votes 95.3.", "question_1_winner": "Yes-approve!", "question_2": "Approve beat Disapprove, 66.3 to 33.2, 66.7% to 33.3%; total votes 99.5.", "question_2_winner": "Yes-approve!", "question_3": "Approve beat Disapprove, 62.1 to 36, 63.3% to 36.7%; total votes 98.1.", "question_3_winner": "Yes-approve!", "question_4": "Approve beat Disapprove, 65.4 to 28, 70.0% to 30.0%; total votes 93.4.", "question_4_winner": "Yes-approve!", "question_5": "Approve beat Disapprove, 73.8 to 18.7, 79.8% to 20.2%; total votes 92.5.", "question_5_winner": "Yes-approve!", "question_6": "Approve beat Disapprove, 52.3 to 42.5, 55.2% to 44.8%; total votes 94.8.", "question_6_winner": "Yes-approve!", "dem_primary_mayor": "Zohran Kwame Mamdani beat Andrew M. Cuomo, 29 to 19.6, 57.4% to 38.9%; total votes 50.4.", "dem_primary_mayor_winner": "Mamdani", "dem_primary_public_advocate": "Jenifer Rajkumar beat Jumaane D. Williams, 21.5 to 20.1, 49.5% to 46.2%; total votes 43.4.", "dem_primary_public_advocate_winner": "Rajkumar", "dem_primary_comptroller": "Mark D. Levine beat Justin Brannan, 17.7 to 12.1, 43.7% to 29.9%; total votes 40.6.", "dem_primary_comptroller_winner": "Levine", "popup_summary": "Mayor: ZOHRAN KWAME MAMDANI beat ANDREW M. CUOMO, 71.5 to 54.2, 52.2% to 39.6%; total votes 136.8. | Public Advocate: JUMAANE D. WILLIAMS beat GONZALO DURAN, 89.7 to 27.1, 75.6% to 22.8%; total votes 118.6. | City Comptroller: MARK D. LEVINE beat PETER KEFALAS, 88.7 to 24.3, 75.4% to 20.6%; total votes 117.7. | Question 1: Approve beat Disapprove, 48.6 to 46.7, 51.0% to 49.0%; total votes 95.3. | Question 2: Approve beat Disapprove, 66.3 to 33.2, 66.7% to 33.3%; total votes 99.5. | Question 3: Approve beat Disapprove, 62.1 to 36, 63.3% to 36.7%; total votes 98.1. | Question 4: Approve beat Disapprove, 65.4 to 28, 70.0% to 30.0%; total votes 93.4. | Question 5: Approve beat Disapprove, 73.8 to 18.7, 79.8% to 20.2%; total votes 92.5. | Question 6: Approve beat Disapprove, 52.3 to 42.5, 55.2% to 44.8%; total votes 94.8. | Dem Primary Mayor: Zohran Kwame Mamdani beat Andrew M. Cuomo, 29 to 19.6, 57.4% to 38.9%; total votes 50.4. | Dem Primary Public Advocate: Jenifer Rajkumar beat Jumaane D. Williams, 21.5 to 20.1, 49.5% to 46.2%; total votes 43.4. | Dem Primary Comptroller: Mark D. Levine beat Justin Brannan, 17.7 to 12.1, 43.7% to 29.9%; total votes 40.6.", "mayor_margin": 12.6, "q2_yes": 66.7, "q3_yes": 63.3, "q4_yes": 70.0}, "geometry": {"type": "MultiPolygon", "coordinates": [[[[-73.8369749, 40.681988], [-73.8371151, 40.6819339], [-73.8371382, 40.681925], [-73.8377204, 40.6817003], [-73.8377888, 40.6816739], [-73.8377974, 40.6816706], [-73.8386507, 40.6814382], [-73.8395288, 40.6812634], [-73.8401286, 40.6811467], [-73.8411961, 40.6833514], [-73.8421161, 40.6852337], [-73.8421746, 40.6853536], [-73.8416123, 40.6855132], [-73.8407693, 40.6857542], [-73.8399228, 40.6859945], [-73.8390599, 40.6862401], [-73.8385635, 40.6852288], [-73.8380777, 40.6842389], [-73.8369749, 40.681988]]]]}}, {"type": "Feature", "properties": {"felt:feature": 6, "ed_label": "AD 24 ED 006", "elect_dist": "24006", "borough": "Queens", "community_board": 9, "community_board_label": "Queens CB9", "popup_title": "Queens CB9 \u2014 AD 24 ED 006", "general_mayor": "ZOHRAN KWAME MAMDANI beat ANDREW M. CUOMO, 141.7 to 82, 57.1% to 33.1%; total votes 248.1.", "general_mayor_winner": "Mamdani", "general_public_advocate": "JUMAANE D. WILLIAMS beat GONZALO DURAN, 161.9 to 51.4, 74.6% to 23.7%; total votes 216.9.", "general_public_advocate_winner": "Williams", "general_comptroller": "MARK D. LEVINE beat PETER KEFALAS, 150.5 to 54, 70.7% to 25.4%; total votes 212.8.", "general_comptroller_winner": "Levine", "question_1": "Approve beat Disapprove, 103.3 to 78.9, 56.7% to 43.3%; total votes 182.2.", "question_1_winner": "Yes-approve!", "question_2": "Approve beat Disapprove, 131.8 to 52.9, 71.3% to 28.7%; total votes 184.8.", "question_2_winner": "Yes-approve!", "question_3": "Approve beat Disapprove, 126.1 to 54, 70.0% to 30.0%; total votes 180.1.", "question_3_winner": "Yes-approve!", "question_4": "Approve beat Disapprove, 125.6 to 48.8, 72.0% to 28.0%; total votes 174.4.", "question_4_winner": "Yes-approve!", "question_5": "Approve beat Disapprove, 133.4 to 41, 76.5% to 23.5%; total votes 174.4.", "question_5_winner": "Yes-approve!", "question_6": "Approve beat Disapprove, 96.5 to 75.8, 56.0% to 44.0%; total votes 172.3.", "question_6_winner": "Yes-approve!", "dem_primary_mayor": "Zohran Kwame Mamdani beat Andrew M. Cuomo, 55.5 to 38.4, 56.0% to 38.7%; total votes 99.1.", "dem_primary_mayor_winner": "Mamdani", "dem_primary_public_advocate": "Jumaane D. Williams beat Jenifer Rajkumar, 41.5 to 38.4, 47.1% to 43.5%; total votes 88.2.", "dem_primary_public_advocate_winner": "Williams", "dem_primary_comptroller": "Mark D. Levine beat Justin Brannan, 40 to 24.9, 47.0% to 29.3%; total votes 85.1.", "dem_primary_comptroller_winner": "Levine", "popup_summary": "Mayor: ZOHRAN KWAME MAMDANI beat ANDREW M. CUOMO, 141.7 to 82, 57.1% to 33.1%; total votes 248.1. | Public Advocate: JUMAANE D. WILLIAMS beat GONZALO DURAN, 161.9 to 51.4, 74.6% to 23.7%; total votes 216.9. | City Comptroller: MARK D. LEVINE beat PETER KEFALAS, 150.5 to 54, 70.7% to 25.4%; total votes 212.8. | Question 1: Approve beat Disapprove, 103.3 to 78.9, 56.7% to 43.3%; total votes 182.2. | Question 2: Approve beat Disapprove, 131.8 to 52.9, 71.3% to 28.7%; total votes 184.8. | Question 3: Approve beat Disapprove, 126.1 to 54, 70.0% to 30.0%; total votes 180.1. | Question 4: Approve beat Disapprove, 125.6 to 48.8, 72.0% to 28.0%; total votes 174.4. | Question 5: Approve beat Disapprove, 133.4 to 41, 76.5% to 23.5%; total votes 174.4. | Question 6: Approve beat Disapprove, 96.5 to 75.8, 56.0% to 44.0%; total votes 172.3. | Dem Primary Mayor: Zohran Kwame Mamdani beat Andrew M. Cuomo, 55.5 to 38.4, 56.0% to 38.7%; total votes 99.1. | Dem Primary Public Advocate: Jumaane D. Williams beat Jenifer Rajkumar, 41.5 to 38.4, 47.1% to 43.5%; total votes 88.2. | Dem Primary Comptroller: Mark D. Levine beat Justin Brannan, 40 to 24.9, 47.0% to 29.3%; total votes 85.1.", "mayor_margin": 24.0, "q2_yes": 71.3, "q3_yes": 70.0, "q4_yes": 72.0}, "geometry": {"type": "MultiPolygon", "coordinates": [[[[-73.8218935, 40.6888382], [-73.8211852, 40.6873954], [-73.8216151, 40.6872266], [-73.8221834, 40.6870085], [-73.8224538, 40.6869033], [-73.8231793, 40.6866205], [-73.8232973, 40.6865745], [-73.8241733, 40.6862341], [-73.8243123, 40.6861842], [-73.8244549, 40.6861404], [-73.8246004, 40.6861027], [-73.8247485, 40.6860714], [-73.8248987, 40.6860464], [-73.8250505, 40.6860279], [-73.8259375, 40.6859365], [-73.8268469, 40.6858383], [-73.8277381, 40.685744], [-73.8283562, 40.6870028], [-73.8293365, 40.689004], [-73.8285114, 40.6892391], [-73.8276842, 40.6894748], [-73.8268547, 40.6897095], [-73.8259935, 40.6899537], [-73.8249609, 40.6902473], [-73.8239137, 40.6905443], [-73.8229322, 40.688543], [-73.8218935, 40.6888382]]]]}}, {"type": "Feature", "properties": {"felt:feature": 7, "ed_label": "AD 24 ED 008", "elect_dist": "24008", "borough": "Queens", "community_board": 9, "community_board_label": "Queens CB9", "popup_title": "Queens CB9 \u2014 AD 24 ED 008", "general_mayor": "ZOHRAN KWAME MAMDANI beat ANDREW M. CUOMO, 193.6 to 97.4, 60.8% to 30.6%; total votes 318.6.", "general_mayor_winner": "Mamdani", "general_public_advocate": "JUMAANE D. WILLIAMS beat GONZALO DURAN, 231.4 to 51.9, 79.9% to 17.9%; total votes 289.7.", "general_public_advocate_winner": "Williams", "general_comptroller": "MARK D. LEVINE beat PETER KEFALAS, 225 to 53.8, 78.7% to 18.8%; total votes 285.9.", "general_comptroller_winner": "Levine", "question_1": "Approve beat Disapprove, 143.6 to 107, 57.3% to 42.7%; total votes 250.6.", "question_1_winner": "Yes-approve!", "question_2": "Approve beat Disapprove, 174.4 to 76.9, 69.4% to 30.6%; total votes 251.3.", "question_2_winner": "Yes-approve!", "question_3": "Approve beat Disapprove, 169.2 to 82.7, 67.2% to 32.8%; total votes 251.9.", "question_3_winner": "Yes-approve!", "question_4": "Approve beat Disapprove, 174.4 to 67.3, 72.1% to 27.9%; total votes 241.7.", "question_4_winner": "Yes-approve!", "question_5": "Approve beat Disapprove, 178.2 to 65.4, 73.2% to 26.8%; total votes 243.6.", "question_5_winner": "Yes-approve!", "question_6": "Approve beat Disapprove, 123.1 to 117.3, 51.2% to 48.8%; total votes 240.4.", "question_6_winner": "Yes-approve!", "dem_primary_mayor": "Zohran Kwame Mamdani beat Andrew M. Cuomo, 61.5 to 44.2, 54.9% to 39.4%; total votes 112.2.", "dem_primary_mayor_winner": "Mamdani", "dem_primary_public_advocate": "Jenifer Rajkumar beat Jumaane D. Williams, 61.5 to 37.8, 57.1% to 35.1%; total votes 107.7.", "dem_primary_public_advocate_winner": "Rajkumar", "dem_primary_comptroller": "Mark D. Levine beat Justin Brannan, 40.4 to 29.5, 40.6% to 29.7%; total votes 99.4.", "dem_primary_comptroller_winner": "Levine", "popup_summary": "Mayor: ZOHRAN KWAME MAMDANI beat ANDREW M. CUOMO, 193.6 to 97.4, 60.8% to 30.6%; total votes 318.6. | Public Advocate: JUMAANE D. WILLIAMS beat GONZALO DURAN, 231.4 to 51.9, 79.9% to 17.9%; total votes 289.7. | City Comptroller: MARK D. LEVINE beat PETER KEFALAS, 225 to 53.8, 78.7% to 18.8%; total votes 285.9. | Question 1: Approve beat Disapprove, 143.6 to 107, 57.3% to 42.7%; total votes 250.6. | Question 2: Approve beat Disapprove, 174.4 to 76.9, 69.4% to 30.6%; total votes 251.3. | Question 3: Approve beat Disapprove, 169.2 to 82.7, 67.2% to 32.8%; total votes 251.9. | Question 4: Approve beat Disapprove, 174.4 to 67.3, 72.1% to 27.9%; total votes 241.7. | Question 5: Approve beat Disapprove, 178.2 to 65.4, 73.2% to 26.8%; total votes 243.6. | Question 6: Approve beat Disapprove, 123.1 to 117.3, 51.2% to 48.8%; total votes 240.4. | Dem Primary Mayor: Zohran Kwame Mamdani beat Andrew M. Cuomo, 61.5 to 44.2, 54.9% to 39.4%; total votes 112.2. | Dem Primary Public Advocate: Jenifer Rajkumar beat Jumaane D. Williams, 61.5 to 37.8, 57.1% to 35.1%; total votes 107.7. | Dem Primary Comptroller: Mark D. Levine beat Justin Brannan, 40.4 to 29.5, 40.6% to 29.7%; total votes 99.4.", "mayor_margin": 30.2, "q2_yes": 69.4, "q3_yes": 67.2, "q4_yes": 72.1}, "geometry": {"type": "MultiPolygon", "coordinates": [[[[-73.8293365, 40.689004], [-73.8283562, 40.6870028], [-73.8277381, 40.685744], [-73.8286273, 40.6856548], [-73.82946, 40.6854004], [-73.8299246, 40.6852164], [-73.8302804, 40.6850754], [-73.8311213, 40.68475], [-73.8319053, 40.6844413], [-73.8321118, 40.6843583], [-73.832726, 40.6841163], [-73.8332557, 40.6852212], [-73.8334219, 40.6855678], [-73.8325775, 40.6858063], [-73.831723, 40.6860507], [-73.832743, 40.6880424], [-73.8340448, 40.6905518], [-73.833104, 40.6908275], [-73.832228, 40.6910821], [-73.8309926, 40.6885368], [-73.8301635, 40.6887717], [-73.8293365, 40.689004]]]]}}, {"type": "Feature", "properties": {"felt:feature": 8, "ed_label": "AD 24 ED 011", "elect_dist": "24011", "borough": "Queens", "community_board": 9, "community_board_label": "Queens CB9", "popup_title": "Queens CB9 \u2014 AD 24 ED 011", "general_mayor": "ZOHRAN KWAME MAMDANI beat ANDREW M. CUOMO, 122.7 to 68.1, 60.2% to 33.4%; total votes 203.8.", "general_mayor_winner": "Mamdani", "general_public_advocate": "JUMAANE D. WILLIAMS beat GONZALO DURAN, 145.3 to 34.3, 79.4% to 18.8%; total votes 183.", "general_public_advocate_winner": "Williams", "general_comptroller": "MARK D. LEVINE beat PETER KEFALAS, 140.8 to 34.3, 78.6% to 19.2%; total votes 179.", "general_comptroller_winner": "Levine", "question_1": "Approve beat Disapprove, 76.6 to 68.7, 52.7% to 47.3%; total votes 145.3.", "question_1_winner": "Yes-approve!", "question_2": "Approve beat Disapprove, 108.7 to 37.7, 74.2% to 25.8%; total votes 146.4.", "question_2_winner": "Yes-approve!", "question_3": "Approve beat Disapprove, 104.2 to 41.1, 71.7% to 28.3%; total votes 145.3.", "question_3_winner": "Yes-approve!", "question_4": "Approve beat Disapprove, 107.5 to 37.7, 74.0% to 26.0%; total votes 145.3.", "question_4_winner": "Yes-approve!", "question_5": "Approve beat Disapprove, 107.5 to 36.6, 74.6% to 25.4%; total votes 144.1.", "question_5_winner": "Yes-approve!", "question_6": "Approve beat Disapprove, 73.8 to 71.5, 50.8% to 49.2%; total votes 145.3.", "question_6_winner": "Yes-approve!", "dem_primary_mayor": "Zohran Kwame Mamdani beat Andrew M. Cuomo, 37.2 to 34.3, 49.6% to 45.9%; total votes 74.9.", "dem_primary_mayor_winner": "Mamdani", "dem_primary_public_advocate": "Jumaane D. Williams beat Jenifer Rajkumar, 38.3 to 27, 56.2% to 39.7%; total votes 68.1.", "dem_primary_public_advocate_winner": "Williams", "dem_primary_comptroller": "Mark D. Levine beat Justin Brannan, 25.3 to 23.6, 39.1% to 36.5%; total votes 64.7.", "dem_primary_comptroller_winner": "Levine", "popup_summary": "Mayor: ZOHRAN KWAME MAMDANI beat ANDREW M. CUOMO, 122.7 to 68.1, 60.2% to 33.4%; total votes 203.8. | Public Advocate: JUMAANE D. WILLIAMS beat GONZALO DURAN, 145.3 to 34.3, 79.4% to 18.8%; total votes 183. | City Comptroller: MARK D. LEVINE beat PETER KEFALAS, 140.8 to 34.3, 78.6% to 19.2%; total votes 179. | Question 1: Approve beat Disapprove, 76.6 to 68.7, 52.7% to 47.3%; total votes 145.3. | Question 2: Approve beat Disapprove, 108.7 to 37.7, 74.2% to 25.8%; total votes 146.4. | Question 3: Approve beat Disapprove, 104.2 to 41.1, 71.7% to 28.3%; total votes 145.3. | Question 4: Approve beat Disapprove, 107.5 to 37.7, 74.0% to 26.0%; total votes 145.3. | Question 5: Approve beat Disapprove, 107.5 to 36.6, 74.6% to 25.4%; total votes 144.1. | Question 6: Approve beat Disapprove, 73.8 to 71.5, 50.8% to 49.2%; total votes 145.3. | Dem Primary Mayor: Zohran Kwame Mamdani beat Andrew M. Cuomo, 37.2 to 34.3, 49.6% to 45.9%; total votes 74.9. | Dem Primary Public Advocate: Jumaane D. Williams beat Jenifer Rajkumar, 38.3 to 27, 56.2% to 39.7%; total votes 68.1. | Dem Primary Comptroller: Mark D. Levine beat Justin Brannan, 25.3 to 23.6, 39.1% to 36.5%; total votes 64.7.", "mayor_margin": 26.8, "q2_yes": 74.2, "q3_yes": 71.7, "q4_yes": 74.0}, "geometry": {"type": "MultiPolygon", "coordinates": [[[[-73.8164246, 40.689243], [-73.8170654, 40.6889936], [-73.8176279, 40.6887726], [-73.8178926, 40.6886689], [-73.8184735, 40.6884453], [-73.8185671, 40.6884092], [-73.8193326, 40.6881134], [-73.8201653, 40.687789], [-73.8207936, 40.6875459], [-73.8211852, 40.6873954], [-73.8218935, 40.6888382], [-73.8208526, 40.6891344], [-73.8218332, 40.6911352], [-73.8209218, 40.6913945], [-73.8200411, 40.6916439], [-73.8191613, 40.6918933], [-73.8182401, 40.6921547], [-73.8178981, 40.692251], [-73.8177346, 40.6919163], [-73.8175784, 40.6915964], [-73.817275, 40.6909783], [-73.8169264, 40.6902501], [-73.8166733, 40.6897469], [-73.8164246, 40.689243]]]]}}, {"type": "Feature", "properties": {"felt:feature": 9, "ed_label": "AD 24 ED 012", "elect_dist": "24012", "borough": "Queens", "community_board": 9, "community_board_label": "Queens CB9", "popup_title": "Queens CB9 \u2014 AD 24 ED 012", "general_mayor": "ZOHRAN KWAME MAMDANI beat ANDREW M. CUOMO, 236 to 95, 66.9% to 26.9%; total votes 353.", "general_mayor_winner": "Mamdani", "general_public_advocate": "JUMAANE D. WILLIAMS beat GONZALO DURAN, 253 to 75, 75.7% to 22.5%; total votes 334.", "general_public_advocate_winner": "Williams", "general_comptroller": "MARK D. LEVINE beat PETER KEFALAS, 248 to 65, 75.8% to 19.9%; total votes 327.", "general_comptroller_winner": "Levine", "question_1": "Approve beat Disapprove, 160 to 122, 56.7% to 43.3%; total votes 282.", "question_1_winner": "Yes-approve!", "question_2": "Approve beat Disapprove, 199 to 88, 69.3% to 30.7%; total votes 287.", "question_2_winner": "Yes-approve!", "question_3": "Approve beat Disapprove, 187 to 98, 65.6% to 34.4%; total votes 285.", "question_3_winner": "Yes-approve!", "question_4": "Approve beat Disapprove, 195 to 82, 70.4% to 29.6%; total votes 277.", "question_4_winner": "Yes-approve!", "question_5": "Approve beat Disapprove, 204 to 69, 74.7% to 25.3%; total votes 273.", "question_5_winner": "Yes-approve!", "question_6": "Disapprove beat Approve, 137 to 134, 50.6% to 49.4%; total votes 271.", "question_6_winner": "No-disapprove!", "dem_primary_mayor": "Zohran Kwame Mamdani beat Andrew M. Cuomo, 78 to 41, 61.4% to 32.3%; total votes 127.", "dem_primary_mayor_winner": "Mamdani", "dem_primary_public_advocate": "Jumaane D. Williams beat Jenifer Rajkumar, 61 to 47, 51.7% to 39.8%; total votes 118.", "dem_primary_public_advocate_winner": "Williams", "dem_primary_comptroller": "Ismael Malave Perez beat Justin Brannan, 32 to 32, 27.8% to 27.8%; total votes 115.", "dem_primary_comptroller_winner": "Perez", "popup_summary": "Mayor: ZOHRAN KWAME MAMDANI beat ANDREW M. CUOMO, 236 to 95, 66.9% to 26.9%; total votes 353. | Public Advocate: JUMAANE D. WILLIAMS beat GONZALO DURAN, 253 to 75, 75.7% to 22.5%; total votes 334. | City Comptroller: MARK D. LEVINE beat PETER KEFALAS, 248 to 65, 75.8% to 19.9%; total votes 327. | Question 1: Approve beat Disapprove, 160 to 122, 56.7% to 43.3%; total votes 282. | Question 2: Approve beat Disapprove, 199 to 88, 69.3% to 30.7%; total votes 287. | Question 3: Approve beat Disapprove, 187 to 98, 65.6% to 34.4%; total votes 285. | Question 4: Approve beat Disapprove, 195 to 82, 70.4% to 29.6%; total votes 277. | Question 5: Approve beat Disapprove, 204 to 69, 74.7% to 25.3%; total votes 273. | Question 6: Disapprove beat Approve, 137 to 134, 50.6% to 49.4%; total votes 271. | Dem Primary Mayor: Zohran Kwame Mamdani beat Andrew M. Cuomo, 78 to 41, 61.4% to 32.3%; total votes 127. | Dem Primary Public Advocate: Jumaane D. Williams beat Jenifer Rajkumar, 61 to 47, 51.7% to 39.8%; total votes 118. | Dem Primary Comptroller: Ismael Malave Perez beat Justin Brannan, 32 to 32, 27.8% to 27.8%; total votes 115.", "mayor_margin": 40.0, "q2_yes": 69.3, "q3_yes": 65.6, "q4_yes": 70.4}, "geometry": {"type": "MultiPolygon", "coordinates": [[[[-73.819583, 40.6957803], [-73.819583, 40.6957269], [-73.8199374, 40.6956041], [-73.8195297, 40.6947849], [-73.8194255, 40.6945801], [-73.8188434, 40.6933848], [-73.8182401, 40.6921547], [-73.8191613, 40.6918933], [-73.8200411, 40.6916439], [-73.8209218, 40.6913945], [-73.8218332, 40.6911352], [-73.8224323, 40.692359], [-73.8228654, 40.6932302], [-73.8230279, 40.6935572], [-73.824064, 40.6932655], [-73.8242221, 40.6935916], [-73.824788, 40.694717], [-73.8248088, 40.69476], [-73.8237994, 40.6950542], [-73.8228499, 40.6953232], [-73.8211037, 40.6958215], [-73.820843, 40.69589], [-73.8207568, 40.6959064], [-73.8207566, 40.6959064], [-73.8207563, 40.6959064], [-73.820578, 40.6959214], [-73.8204583, 40.6959192], [-73.8203984, 40.6959181], [-73.8203983, 40.6959181], [-73.8202226, 40.6958968], [-73.8202225, 40.6958968], [-73.8200607, 40.6958601], [-73.8200549, 40.6958588], [-73.8198691, 40.6958179], [-73.8196791, 40.6957888], [-73.819583, 40.6957803]]]]}}, {"type": "Feature", "properties": {"felt:feature": 10, "ed_label": "AD 24 ED 013", "elect_dist": "24013", "borough": "Queens", "community_board": 9, "community_board_label": "Queens CB9", "popup_title": "Queens CB9 \u2014 AD 24 ED 013", "general_mayor": "ZOHRAN KWAME MAMDANI beat ANDREW M. CUOMO, 300 to 161, 61.2% to 32.9%; total votes 490.", "general_mayor_winner": "Mamdani", "general_public_advocate": "JUMAANE D. WILLIAMS beat GONZALO DURAN, 361 to 86, 80.2% to 19.1%; total votes 450.", "general_public_advocate_winner": "Williams", "general_comptroller": "MARK D. LEVINE beat PETER KEFALAS, 357 to 71, 79.9% to 15.9%; total votes 447.", "general_comptroller_winner": "Levine", "question_1": "Approve beat Disapprove, 199 to 183, 52.1% to 47.9%; total votes 382.", "question_1_winner": "Yes-approve!", "question_2": "Approve beat Disapprove, 293 to 101, 74.4% to 25.6%; total votes 394.", "question_2_winner": "Yes-approve!", "question_3": "Approve beat Disapprove, 286 to 101, 73.9% to 26.1%; total votes 387.", "question_3_winner": "Yes-approve!", "question_4": "Approve beat Disapprove, 287 to 106, 73.0% to 27.0%; total votes 393.", "question_4_winner": "Yes-approve!", "question_5": "Approve beat Disapprove, 305 to 81, 79.0% to 21.0%; total votes 386.", "question_5_winner": "Yes-approve!", "question_6": "Approve beat Disapprove, 215 to 171, 55.7% to 44.3%; total votes 386.", "question_6_winner": "Yes-approve!", "dem_primary_mayor": "Zohran Kwame Mamdani beat Andrew M. Cuomo, 96 to 81, 48.5% to 40.9%; total votes 198.", "dem_primary_mayor_winner": "Mamdani", "dem_primary_public_advocate": "Jumaane D. Williams beat Jenifer Rajkumar, 101 to 67, 55.2% to 36.6%; total votes 183.", "dem_primary_public_advocate_winner": "Williams", "dem_primary_comptroller": "Mark D. Levine beat Ismael Malave Perez, 87 to 41, 49.4% to 23.3%; total votes 176.", "dem_primary_comptroller_winner": "Levine", "popup_summary": "Mayor: ZOHRAN KWAME MAMDANI beat ANDREW M. CUOMO, 300 to 161, 61.2% to 32.9%; total votes 490. | Public Advocate: JUMAANE D. WILLIAMS beat GONZALO DURAN, 361 to 86, 80.2% to 19.1%; total votes 450. | City Comptroller: MARK D. LEVINE beat PETER KEFALAS, 357 to 71, 79.9% to 15.9%; total votes 447. | Question 1: Approve beat Disapprove, 199 to 183, 52.1% to 47.9%; total votes 382. | Question 2: Approve beat Disapprove, 293 to 101, 74.4% to 25.6%; total votes 394. | Question 3: Approve beat Disapprove, 286 to 101, 73.9% to 26.1%; total votes 387. | Question 4: Approve beat Disapprove, 287 to 106, 73.0% to 27.0%; total votes 393. | Question 5: Approve beat Disapprove, 305 to 81, 79.0% to 21.0%; total votes 386. | Question 6: Approve beat Disapprove, 215 to 171, 55.7% to 44.3%; total votes 386. | Dem Primary Mayor: Zohran Kwame Mamdani beat Andrew M. Cuomo, 96 to 81, 48.5% to 40.9%; total votes 198. | Dem Primary Public Advocate: Jumaane D. Williams beat Jenifer Rajkumar, 101 to 67, 55.2% to 36.6%; total votes 183. | Dem Primary Comptroller: Mark D. Levine beat Ismael Malave Perez, 87 to 41, 49.4% to 23.3%; total votes 176.", "mayor_margin": 28.3, "q2_yes": 74.4, "q3_yes": 73.9, "q4_yes": 73.0}, "geometry": {"type": "MultiPolygon", "coordinates": [[[[-73.8121229, 40.6938929], [-73.8128467, 40.6936875], [-73.8136749, 40.6934523], [-73.8145201, 40.6932145], [-73.8153638, 40.6929714], [-73.81621, 40.6927316], [-73.817055, 40.6924929], [-73.8172237, 40.692447], [-73.8178981, 40.692251], [-73.8182401, 40.6921547], [-73.8188434, 40.6933848], [-73.8194255, 40.6945801], [-73.8195297, 40.6947849], [-73.8199374, 40.6956041], [-73.819583, 40.6957269], [-73.819583, 40.6957803], [-73.8194476, 40.6957691], [-73.8193097, 40.6957709], [-73.8191726, 40.695786], [-73.8190397, 40.695814], [-73.818914, 40.695854], [-73.8178824, 40.6961422], [-73.817041, 40.6963825], [-73.8162057, 40.6966156], [-73.815344, 40.696866], [-73.8144133, 40.6971251], [-73.8142642, 40.6971552], [-73.8141124, 40.6971766], [-73.813959, 40.697189], [-73.8139206, 40.6971216], [-73.8134429, 40.6962819], [-73.8127979, 40.6950986], [-73.8121229, 40.6938929]]]]}}, {"type": "Feature", "properties": {"felt:feature": 11, "ed_label": "AD 24 ED 014", "elect_dist": "24014", "borough": "Queens", "community_board": 9, "community_board_label": "Queens CB9", "popup_title": "Queens CB9 \u2014 AD 24 ED 014", "general_mayor": "ZOHRAN KWAME MAMDANI beat ANDREW M. CUOMO, 260 to 163, 54.7% to 34.3%; total votes 475.", "general_mayor_winner": "Mamdani", "general_public_advocate": "JUMAANE D. WILLIAMS beat GONZALO DURAN, 325 to 115, 72.2% to 25.6%; total votes 450.", "general_public_advocate_winner": "Williams", "general_comptroller": "MARK D. LEVINE beat PETER KEFALAS, 312 to 108, 71.1% to 24.6%; total votes 439.", "general_comptroller_winner": "Levine", "question_1": "Disapprove beat Approve, 164 to 139, 54.1% to 45.9%; total votes 303.", "question_1_winner": "No-disapprove!", "question_2": "Approve beat Disapprove, 190 to 117, 61.9% to 38.1%; total votes 307.", "question_2_winner": "Yes-approve!", "question_3": "Approve beat Disapprove, 192 to 111, 63.4% to 36.6%; total votes 303.", "question_3_winner": "Yes-approve!", "question_4": "Approve beat Disapprove, 205 to 101, 67.0% to 33.0%; total votes 306.", "question_4_winner": "Yes-approve!", "question_5": "Approve beat Disapprove, 231 to 76, 75.2% to 24.8%; total votes 307.", "question_5_winner": "Yes-approve!", "question_6": "Approve beat Disapprove, 166 to 139, 54.4% to 45.6%; total votes 305.", "question_6_winner": "Yes-approve!", "dem_primary_mayor": "Zohran Kwame Mamdani beat Andrew M. Cuomo, 73 to 56, 52.9% to 40.6%; total votes 138.", "dem_primary_mayor_winner": "Mamdani", "dem_primary_public_advocate": "Jumaane D. Williams beat Jenifer Rajkumar, 63 to 53, 53.4% to 44.9%; total votes 118.", "dem_primary_public_advocate_winner": "Williams", "dem_primary_comptroller": "Mark D. Levine beat Justin Brannan, 46 to 35, 41.1% to 31.2%; total votes 112.", "dem_primary_comptroller_winner": "Levine", "popup_summary": "Mayor: ZOHRAN KWAME MAMDANI beat ANDREW M. CUOMO, 260 to 163, 54.7% to 34.3%; total votes 475. | Public Advocate: JUMAANE D. WILLIAMS beat GONZALO DURAN, 325 to 115, 72.2% to 25.6%; total votes 450. | City Comptroller: MARK D. LEVINE beat PETER KEFALAS, 312 to 108, 71.1% to 24.6%; total votes 439. | Question 1: Disapprove beat Approve, 164 to 139, 54.1% to 45.9%; total votes 303. | Question 2: Approve beat Disapprove, 190 to 117, 61.9% to 38.1%; total votes 307. | Question 3: Approve beat Disapprove, 192 to 111, 63.4% to 36.6%; total votes 303. | Question 4: Approve beat Disapprove, 205 to 101, 67.0% to 33.0%; total votes 306. | Question 5: Approve beat Disapprove, 231 to 76, 75.2% to 24.8%; total votes 307. | Question 6: Approve beat Disapprove, 166 to 139, 54.4% to 45.6%; total votes 305. | Dem Primary Mayor: Zohran Kwame Mamdani beat Andrew M. Cuomo, 73 to 56, 52.9% to 40.6%; total votes 138. | Dem Primary Public Advocate: Jumaane D. Williams beat Jenifer Rajkumar, 63 to 53, 53.4% to 44.9%; total votes 118. | Dem Primary Comptroller: Mark D. Levine beat Justin Brannan, 46 to 35, 41.1% to 31.2%; total votes 112.", "mayor_margin": 20.4, "q2_yes": 61.9, "q3_yes": 63.4, "q4_yes": 67.0}, "geometry": {"type": "MultiPolygon", "coordinates": [[[[-73.8218332, 40.6911352], [-73.8208526, 40.6891344], [-73.8218935, 40.6888382], [-73.8229322, 40.688543], [-73.8239137, 40.6905443], [-73.8249609, 40.6902473], [-73.8259935, 40.6899537], [-73.8265937, 40.6911794], [-73.8271874, 40.6923714], [-73.8278304, 40.6937006], [-73.82797, 40.693979], [-73.8280078, 40.6940524], [-73.82696, 40.6943298], [-73.825982, 40.6945117], [-73.8258753, 40.6945314], [-73.8258297, 40.6945388], [-73.825769, 40.6945487], [-73.8248088, 40.69476], [-73.824788, 40.694717], [-73.8242221, 40.6935916], [-73.824064, 40.6932655], [-73.8230279, 40.6935572], [-73.8228654, 40.6932302], [-73.8224323, 40.692359], [-73.8218332, 40.6911352]]]]}}, {"type": "Feature", "properties": {"felt:feature": 12, "ed_label": "AD 24 ED 015", "elect_dist": "24015", "borough": "Queens", "community_board": 9, "community_board_label": "Queens CB9", "popup_title": "Queens CB9 \u2014 AD 24 ED 015", "general_mayor": "ZOHRAN KWAME MAMDANI beat ANDREW M. CUOMO, 242 to 152, 57.1% to 35.8%; total votes 424.", "general_mayor_winner": "Mamdani", "general_public_advocate": "JUMAANE D. WILLIAMS beat GONZALO DURAN, 290 to 88, 75.1% to 22.8%; total votes 386.", "general_public_advocate_winner": "Williams", "general_comptroller": "MARK D. LEVINE beat PETER KEFALAS, 271 to 85, 73.2% to 23.0%; total votes 370.", "general_comptroller_winner": "Levine", "question_1": "Approve beat Disapprove, 174 to 137, 55.9% to 44.1%; total votes 311.", "question_1_winner": "Yes-approve!", "question_2": "Approve beat Disapprove, 218 to 95, 69.6% to 30.4%; total votes 313.", "question_2_winner": "Yes-approve!", "question_3": "Approve beat Disapprove, 202 to 112, 64.3% to 35.7%; total votes 314.", "question_3_winner": "Yes-approve!", "question_4": "Approve beat Disapprove, 220 to 91, 70.7% to 29.3%; total votes 311.", "question_4_winner": "Yes-approve!", "question_5": "Approve beat Disapprove, 239 to 68, 77.8% to 22.1%; total votes 307.", "question_5_winner": "Yes-approve!", "question_6": "Approve beat Disapprove, 173 to 134, 56.4% to 43.6%; total votes 307.", "question_6_winner": "Yes-approve!", "dem_primary_mayor": "Zohran Kwame Mamdani beat Andrew M. Cuomo, 68 to 53, 52.7% to 41.1%; total votes 129.", "dem_primary_mayor_winner": "Mamdani", "dem_primary_public_advocate": "Jumaane D. Williams beat Jenifer Rajkumar, 56 to 53, 47.5% to 44.9%; total votes 118.", "dem_primary_public_advocate_winner": "Williams", "dem_primary_comptroller": "Mark D. Levine beat Justin Brannan, 54 to 40, 46.6% to 34.5%; total votes 116.", "dem_primary_comptroller_winner": "Levine", "popup_summary": "Mayor: ZOHRAN KWAME MAMDANI beat ANDREW M. CUOMO, 242 to 152, 57.1% to 35.8%; total votes 424. | Public Advocate: JUMAANE D. WILLIAMS beat GONZALO DURAN, 290 to 88, 75.1% to 22.8%; total votes 386. | City Comptroller: MARK D. LEVINE beat PETER KEFALAS, 271 to 85, 73.2% to 23.0%; total votes 370. | Question 1: Approve beat Disapprove, 174 to 137, 55.9% to 44.1%; total votes 311. | Question 2: Approve beat Disapprove, 218 to 95, 69.6% to 30.4%; total votes 313. | Question 3: Approve beat Disapprove, 202 to 112, 64.3% to 35.7%; total votes 314. | Question 4: Approve beat Disapprove, 220 to 91, 70.7% to 29.3%; total votes 311. | Question 5: Approve beat Disapprove, 239 to 68, 77.8% to 22.1%; total votes 307. | Question 6: Approve beat Disapprove, 173 to 134, 56.4% to 43.6%; total votes 307. | Dem Primary Mayor: Zohran Kwame Mamdani beat Andrew M. Cuomo, 68 to 53, 52.7% to 41.1%; total votes 129. | Dem Primary Public Advocate: Jumaane D. Williams beat Jenifer Rajkumar, 56 to 53, 47.5% to 44.9%; total votes 118. | Dem Primary Comptroller: Mark D. Levine beat Justin Brannan, 54 to 40, 46.6% to 34.5%; total votes 116.", "mayor_margin": 21.3, "q2_yes": 69.6, "q3_yes": 64.3, "q4_yes": 70.7}, "geometry": {"type": "MultiPolygon", "coordinates": [[[[-73.8259935, 40.6899537], [-73.8268547, 40.6897095], [-73.8276842, 40.6894748], [-73.8285114, 40.6892391], [-73.8293365, 40.689004], [-73.8301635, 40.6887717], [-73.8309926, 40.6885368], [-73.832228, 40.6910821], [-73.833104, 40.6908275], [-73.8340448, 40.6905518], [-73.8347971, 40.692052], [-73.834833, 40.6921289], [-73.8338913, 40.6923955], [-73.8330175, 40.6926489], [-73.8321828, 40.6928786], [-73.8313296, 40.6931207], [-73.8305284, 40.6933507], [-73.8297047, 40.6935924], [-73.8288649, 40.6938304], [-73.8280078, 40.6940524], [-73.82797, 40.693979], [-73.8278304, 40.6937006], [-73.8271874, 40.6923714], [-73.8265937, 40.6911794], [-73.8259935, 40.6899537]]]]}}, {"type": "Feature", "properties": {"felt:feature": 13, "ed_label": "AD 24 ED 018", "elect_dist": "24018", "borough": "Queens", "community_board": 9, "community_board_label": "Queens CB9", "popup_title": "Queens CB9 \u2014 AD 24 ED 018", "general_mayor": "ZOHRAN KWAME MAMDANI beat ANDREW M. CUOMO, 173 to 88, 57.5% to 29.2%; total votes 301.", "general_mayor_winner": "Mamdani", "general_public_advocate": "JUMAANE D. WILLIAMS beat GONZALO DURAN, 202 to 69, 73.7% to 25.2%; total votes 274.", "general_public_advocate_winner": "Williams", "general_comptroller": "MARK D. LEVINE beat PETER KEFALAS, 185 to 77, 68.0% to 28.3%; total votes 272.", "general_comptroller_winner": "Levine", "question_1": "Disapprove beat Approve, 124 to 124, 50.0% to 50.0%; total votes 248.", "question_1_winner": "No-disapprove!", "question_2": "Approve beat Disapprove, 158 to 89, 64.0% to 36.0%; total votes 247.", "question_2_winner": "Yes-approve!", "question_3": "Approve beat Disapprove, 157 to 87, 64.3% to 35.7%; total votes 244.", "question_3_winner": "Yes-approve!", "question_4": "Approve beat Disapprove, 166 to 75, 68.9% to 31.1%; total votes 241.", "question_4_winner": "Yes-approve!", "question_5": "Approve beat Disapprove, 192 to 49, 79.7% to 20.3%; total votes 241.", "question_5_winner": "Yes-approve!", "question_6": "Disapprove beat Approve, 129 to 106, 54.9% to 45.1%; total votes 235.", "question_6_winner": "No-disapprove!", "dem_primary_mayor": "Zohran Kwame Mamdani beat Andrew M. Cuomo, 60 to 42, 54.1% to 37.8%; total votes 111.", "dem_primary_mayor_winner": "Mamdani", "dem_primary_public_advocate": "Jumaane D. Williams beat Jenifer Rajkumar, 55 to 40, 50.9% to 37.0%; total votes 108.", "dem_primary_public_advocate_winner": "Williams", "dem_primary_comptroller": "Mark D. Levine beat Justin Brannan, 46 to 32, 44.2% to 30.8%; total votes 104.", "dem_primary_comptroller_winner": "Levine", "popup_summary": "Mayor: ZOHRAN KWAME MAMDANI beat ANDREW M. CUOMO, 173 to 88, 57.5% to 29.2%; total votes 301. | Public Advocate: JUMAANE D. WILLIAMS beat GONZALO DURAN, 202 to 69, 73.7% to 25.2%; total votes 274. | City Comptroller: MARK D. LEVINE beat PETER KEFALAS, 185 to 77, 68.0% to 28.3%; total votes 272. | Question 1: Disapprove beat Approve, 124 to 124, 50.0% to 50.0%; total votes 248. | Question 2: Approve beat Disapprove, 158 to 89, 64.0% to 36.0%; total votes 247. | Question 3: Approve beat Disapprove, 157 to 87, 64.3% to 35.7%; total votes 244. | Question 4: Approve beat Disapprove, 166 to 75, 68.9% to 31.1%; total votes 241. | Question 5: Approve beat Disapprove, 192 to 49, 79.7% to 20.3%; total votes 241. | Question 6: Disapprove beat Approve, 129 to 106, 54.9% to 45.1%; total votes 235. | Dem Primary Mayor: Zohran Kwame Mamdani beat Andrew M. Cuomo, 60 to 42, 54.1% to 37.8%; total votes 111. | Dem Primary Public Advocate: Jumaane D. Williams beat Jenifer Rajkumar, 55 to 40, 50.9% to 37.0%; total votes 108. | Dem Primary Comptroller: Mark D. Levine beat Justin Brannan, 46 to 32, 44.2% to 30.8%; total votes 104.", "mayor_margin": 28.3, "q2_yes": 64.0, "q3_yes": 64.3, "q4_yes": 68.9}, "geometry": {"type": "MultiPolygon", "coordinates": [[[[-73.8337963, 40.6961381], [-73.8330614, 40.6946738], [-73.8325476, 40.6936443], [-73.83222, 40.692956], [-73.8321828, 40.6928786], [-73.8330175, 40.6926489], [-73.8338913, 40.6923955], [-73.834833, 40.6921289], [-73.834865, 40.6921969], [-73.8359818, 40.6944161], [-73.8371666, 40.6968656], [-73.8364007, 40.6974048], [-73.8360106, 40.6976226], [-73.8359039, 40.6976822], [-73.8356643, 40.6978159], [-73.8356407, 40.6978291], [-73.8346731, 40.6958881], [-73.8337963, 40.6961381]]]]}}, {"type": "Feature", "properties": {"felt:feature": 14, "ed_label": "AD 24 ED 019", "elect_dist": "24019", "borough": "Queens", "community_board": 9, "community_board_label": "Queens CB9", "popup_title": "Queens CB9 \u2014 AD 24 ED 019", "general_mayor": "ZOHRAN KWAME MAMDANI beat ANDREW M. CUOMO, 268 to 133, 60.4% to 30.0%; total votes 444.", "general_mayor_winner": "Mamdani", "general_public_advocate": "JUMAANE D. WILLIAMS beat GONZALO DURAN, 288 to 98, 72.9% to 24.8%; total votes 395.", "general_public_advocate_winner": "Williams", "general_comptroller": "MARK D. LEVINE beat PETER KEFALAS, 284 to 82, 73.4% to 21.2%; total votes 387.", "general_comptroller_winner": "Levine", "question_1": "Approve beat Disapprove, 176 to 145, 54.8% to 45.2%; total votes 321.", "question_1_winner": "Yes-approve!", "question_2": "Approve beat Disapprove, 246 to 85, 74.3% to 25.7%; total votes 331.", "question_2_winner": "Yes-approve!", "question_3": "Approve beat Disapprove, 213 to 106, 66.8% to 33.2%; total votes 319.", "question_3_winner": "Yes-approve!", "question_4": "Approve beat Disapprove, 242 to 74, 76.6% to 23.4%; total votes 316.", "question_4_winner": "Yes-approve!", "question_5": "Approve beat Disapprove, 235 to 79, 74.8% to 25.2%; total votes 314.", "question_5_winner": "Yes-approve!", "question_6": "Approve beat Disapprove, 183 to 131, 58.3% to 41.7%; total votes 314.", "question_6_winner": "Yes-approve!", "dem_primary_mayor": "Zohran Kwame Mamdani beat Andrew M. Cuomo, 92 to 48, 59.4% to 31.0%; total votes 155.", "dem_primary_mayor_winner": "Mamdani", "dem_primary_public_advocate": "Jumaane D. Williams beat Jenifer Rajkumar, 76 to 43, 58.9% to 33.3%; total votes 129.", "dem_primary_public_advocate_winner": "Williams", "dem_primary_comptroller": "Mark D. Levine beat Justin Brannan, 55 to 37, 43.7% to 29.4%; total votes 126.", "dem_primary_comptroller_winner": "Levine", "popup_summary": "Mayor: ZOHRAN KWAME MAMDANI beat ANDREW M. CUOMO, 268 to 133, 60.4% to 30.0%; total votes 444. | Public Advocate: JUMAANE D. WILLIAMS beat GONZALO DURAN, 288 to 98, 72.9% to 24.8%; total votes 395. | City Comptroller: MARK D. LEVINE beat PETER KEFALAS, 284 to 82, 73.4% to 21.2%; total votes 387. | Question 1: Approve beat Disapprove, 176 to 145, 54.8% to 45.2%; total votes 321. | Question 2: Approve beat Disapprove, 246 to 85, 74.3% to 25.7%; total votes 331. | Question 3: Approve beat Disapprove, 213 to 106, 66.8% to 33.2%; total votes 319. | Question 4: Approve beat Disapprove, 242 to 74, 76.6% to 23.4%; total votes 316. | Question 5: Approve beat Disapprove, 235 to 79, 74.8% to 25.2%; total votes 314. | Question 6: Approve beat Disapprove, 183 to 131, 58.3% to 41.7%; total votes 314. | Dem Primary Mayor: Zohran Kwame Mamdani beat Andrew M. Cuomo, 92 to 48, 59.4% to 31.0%; total votes 155. | Dem Primary Public Advocate: Jumaane D. Williams beat Jenifer Rajkumar, 76 to 43, 58.9% to 33.3%; total votes 129. | Dem Primary Comptroller: Mark D. Levine beat Justin Brannan, 55 to 37, 43.7% to 29.4%; total votes 126.", "mayor_margin": 30.4, "q2_yes": 74.3, "q3_yes": 66.8, "q4_yes": 76.6}, "geometry": {"type": "MultiPolygon", "coordinates": [[[[-73.818914, 40.695854], [-73.8190397, 40.695814], [-73.8191726, 40.695786], [-73.8193097, 40.6957709], [-73.8194476, 40.6957691], [-73.819583, 40.6957803], [-73.8196791, 40.6957888], [-73.8198691, 40.6958179], [-73.8200549, 40.6958588], [-73.8200607, 40.6958601], [-73.8202225, 40.6958968], [-73.8202226, 40.6958968], [-73.8203983, 40.6959181], [-73.8203984, 40.6959181], [-73.8204583, 40.6959192], [-73.820578, 40.6959214], [-73.8207563, 40.6959064], [-73.8207566, 40.6959064], [-73.8207568, 40.6959064], [-73.820843, 40.69589], [-73.8211037, 40.6958215], [-73.8228499, 40.6953232], [-73.8237994, 40.6950542], [-73.8248088, 40.69476], [-73.825769, 40.6945487], [-73.8258297, 40.6945388], [-73.8258753, 40.6945314], [-73.825982, 40.6945117], [-73.82696, 40.6943298], [-73.8280078, 40.6940524], [-73.8288649, 40.6938304], [-73.8297047, 40.6935924], [-73.8305284, 40.6933507], [-73.8313296, 40.6931207], [-73.8321828, 40.6928786], [-73.83222, 40.692956], [-73.8325476, 40.6936443], [-73.8330614, 40.6946738], [-73.8337963, 40.6961381], [-73.8329322, 40.6963832], [-73.8321102, 40.6966164], [-73.8313024, 40.6968464], [-73.8304718, 40.6970822], [-73.829607, 40.6973285], [-73.8285767, 40.6976192], [-73.8275279, 40.6979182], [-73.826602, 40.6981806], [-73.8233124, 40.6968911], [-73.822807, 40.6968149], [-73.8222972, 40.696754], [-73.822088, 40.6967356], [-73.8217841, 40.6967088], [-73.8212691, 40.6966794], [-73.8207533, 40.6966658], [-73.8202381, 40.6966679], [-73.8194735, 40.6968103], [-73.8193006, 40.6965653], [-73.8191848, 40.6964218], [-73.8189341, 40.695898], [-73.818914, 40.695854]]]]}}, {"type": "Feature", "properties": {"felt:feature": 15, "ed_label": "AD 24 ED 021", "elect_dist": "24021", "borough": "Queens", "community_board": 9, "community_board_label": "Queens CB9", "popup_title": "Queens CB9 \u2014 AD 24 ED 021", "general_mayor": "ANDREW M. CUOMO beat ZOHRAN KWAME MAMDANI, 203 to 151, 49.5% to 36.8%; total votes 410.", "general_mayor_winner": "Cuomo", "general_public_advocate": "JUMAANE D. WILLIAMS beat GONZALO DURAN, 212 to 143, 57.3% to 38.6%; total votes 370.", "general_public_advocate_winner": "Williams", "general_comptroller": "MARK D. LEVINE beat PETER KEFALAS, 234 to 124, 63.4% to 33.6%; total votes 369.", "general_comptroller_winner": "Levine", "question_1": "Disapprove beat Approve, 204 to 158, 56.4% to 43.6%; total votes 362.", "question_1_winner": "No-disapprove!", "question_2": "Disapprove beat Approve, 195 to 166, 54.0% to 46.0%; total votes 361.", "question_2_winner": "No-disapprove!", "question_3": "Disapprove beat Approve, 190 to 163, 53.8% to 46.2%; total votes 353.", "question_3_winner": "No-disapprove!", "question_4": "Disapprove beat Approve, 180 to 171, 51.3% to 48.7%; total votes 351.", "question_4_winner": "No-disapprove!", "question_5": "Approve beat Disapprove, 229 to 122, 65.2% to 34.8%; total votes 351.", "question_5_winner": "Yes-approve!", "question_6": "Disapprove beat Approve, 212 to 142, 59.9% to 40.1%; total votes 354.", "question_6_winner": "No-disapprove!", "dem_primary_mayor": "Andrew M. Cuomo beat Zohran Kwame Mamdani, 71 to 63, 45.5% to 40.4%; total votes 156.", "dem_primary_mayor_winner": "Cuomo", "dem_primary_public_advocate": "Jumaane D. Williams beat Jenifer Rajkumar, 66 to 52, 48.5% to 38.2%; total votes 136.", "dem_primary_public_advocate_winner": "Williams", "dem_primary_comptroller": "Mark D. Levine beat Justin Brannan, 62 to 50, 44.9% to 36.2%; total votes 138.", "dem_primary_comptroller_winner": "Levine", "popup_summary": "Mayor: ANDREW M. CUOMO beat ZOHRAN KWAME MAMDANI, 203 to 151, 49.5% to 36.8%; total votes 410. | Public Advocate: JUMAANE D. WILLIAMS beat GONZALO DURAN, 212 to 143, 57.3% to 38.6%; total votes 370. | City Comptroller: MARK D. LEVINE beat PETER KEFALAS, 234 to 124, 63.4% to 33.6%; total votes 369. | Question 1: Disapprove beat Approve, 204 to 158, 56.4% to 43.6%; total votes 362. | Question 2: Disapprove beat Approve, 195 to 166, 54.0% to 46.0%; total votes 361. | Question 3: Disapprove beat Approve, 190 to 163, 53.8% to 46.2%; total votes 353. | Question 4: Disapprove beat Approve, 180 to 171, 51.3% to 48.7%; total votes 351. | Question 5: Approve beat Disapprove, 229 to 122, 65.2% to 34.8%; total votes 351. | Question 6: Disapprove beat Approve, 212 to 142, 59.9% to 40.1%; total votes 354. | Dem Primary Mayor: Andrew M. Cuomo beat Zohran Kwame Mamdani, 71 to 63, 45.5% to 40.4%; total votes 156. | Dem Primary Public Advocate: Jumaane D. Williams beat Jenifer Rajkumar, 66 to 52, 48.5% to 38.2%; total votes 136. | Dem Primary Comptroller: Mark D. Levine beat Justin Brannan, 62 to 50, 44.9% to 36.2%; total votes 138.", "mayor_margin": 12.7, "q2_yes": 54.0, "q3_yes": 53.8, "q4_yes": 51.3}, "geometry": {"type": "MultiPolygon", "coordinates": [[[[-73.8366188, 40.70342], [-73.8374109, 40.703218], [-73.8376707, 40.7030244], [-73.8377512, 40.7029582], [-73.8378458, 40.7028933], [-73.8369633, 40.7025261], [-73.8365459, 40.7017062], [-73.8359219, 40.7004641], [-73.8354188, 40.6994571], [-73.8348438, 40.6982688], [-73.8356407, 40.6978291], [-73.8356643, 40.6978159], [-73.8359039, 40.6976822], [-73.8360106, 40.6976226], [-73.8364007, 40.6974048], [-73.8371666, 40.6968656], [-73.8380498, 40.6986887], [-73.8391211, 40.7008167], [-73.83949, 40.7008587], [-73.8402084, 40.7009361], [-73.8412161, 40.7010417], [-73.8415638, 40.7011006], [-73.8394782, 40.7026902], [-73.838679, 40.7032207], [-73.8385642, 40.703297], [-73.838414, 40.7033828], [-73.8369624, 40.7042125], [-73.8366188, 40.70342]]]]}}, {"type": "Feature", "properties": {"felt:feature": 16, "ed_label": "AD 24 ED 023", "elect_dist": "24023", "borough": "Queens", "community_board": 9, "community_board_label": "Queens CB9", "popup_title": "Queens CB9 \u2014 AD 24 ED 023", "general_mayor": "ZOHRAN KWAME MAMDANI beat ANDREW M. CUOMO, 140.4 to 95.3, 56.4% to 38.3%; total votes 249.1.", "general_mayor_winner": "Mamdani", "general_public_advocate": "JUMAANE D. WILLIAMS beat GONZALO DURAN, 179.7 to 40.1, 79.9% to 17.8%; total votes 224.9.", "general_public_advocate_winner": "Williams", "general_comptroller": "MARK D. LEVINE beat PETER KEFALAS, 177.2 to 35.9, 80.6% to 16.4%; total votes 219.9.", "general_comptroller_winner": "Levine", "question_1": "Approve beat Disapprove, 109.5 to 90.3, 54.8% to 45.2%; total votes 199.8.", "question_1_winner": "Yes-approve!", "question_2": "Approve beat Disapprove, 149.6 to 52.7, 74.0% to 26.0%; total votes 202.3.", "question_2_winner": "Yes-approve!", "question_3": "Approve beat Disapprove, 138.8 to 61.9, 69.2% to 30.8%; total votes 200.6.", "question_3_winner": "Yes-approve!", "question_4": "Approve beat Disapprove, 147.1 to 53.5, 73.3% to 26.7%; total votes 200.6.", "question_4_winner": "Yes-approve!", "question_5": "Approve beat Disapprove, 143 to 51.8, 73.4% to 26.6%; total votes 194.8.", "question_5_winner": "Yes-approve!", "question_6": "Approve beat Disapprove, 104.5 to 91.1, 53.4% to 46.6%; total votes 195.6.", "question_6_winner": "Yes-approve!", "dem_primary_mayor": "Andrew M. Cuomo beat Zohran Kwame Mamdani, 46 to 40.1, 51.4% to 44.9%; total votes 89.5.", "dem_primary_mayor_winner": "Cuomo", "dem_primary_public_advocate": "Jumaane D. Williams beat Jenifer Rajkumar, 46.8 to 30.9, 57.7% to 38.1%; total votes 81.1.", "dem_primary_public_advocate_winner": "Williams", "dem_primary_comptroller": "Mark D. Levine beat Justin Brannan, 38.5 to 25.1, 51.7% to 33.7%; total votes 74.4.", "dem_primary_comptroller_winner": "Levine", "popup_summary": "Mayor: ZOHRAN KWAME MAMDANI beat ANDREW M. CUOMO, 140.4 to 95.3, 56.4% to 38.3%; total votes 249.1. | Public Advocate: JUMAANE D. WILLIAMS beat GONZALO DURAN, 179.7 to 40.1, 79.9% to 17.8%; total votes 224.9. | City Comptroller: MARK D. LEVINE beat PETER KEFALAS, 177.2 to 35.9, 80.6% to 16.4%; total votes 219.9. | Question 1: Approve beat Disapprove, 109.5 to 90.3, 54.8% to 45.2%; total votes 199.8. | Question 2: Approve beat Disapprove, 149.6 to 52.7, 74.0% to 26.0%; total votes 202.3. | Question 3: Approve beat Disapprove, 138.8 to 61.9, 69.2% to 30.8%; total votes 200.6. | Question 4: Approve beat Disapprove, 147.1 to 53.5, 73.3% to 26.7%; total votes 200.6. | Question 5: Approve beat Disapprove, 143 to 51.8, 73.4% to 26.6%; total votes 194.8. | Question 6: Approve beat Disapprove, 104.5 to 91.1, 53.4% to 46.6%; total votes 195.6. | Dem Primary Mayor: Andrew M. Cuomo beat Zohran Kwame Mamdani, 46 to 40.1, 51.4% to 44.9%; total votes 89.5. | Dem Primary Public Advocate: Jumaane D. Williams beat Jenifer Rajkumar, 46.8 to 30.9, 57.7% to 38.1%; total votes 81.1. | Dem Primary Comptroller: Mark D. Levine beat Justin Brannan, 38.5 to 25.1, 51.7% to 33.7%; total votes 74.4.", "mayor_margin": 18.1, "q2_yes": 74.0, "q3_yes": 69.2, "q4_yes": 73.3}, "geometry": {"type": "MultiPolygon", "coordinates": [[[[-73.8109881, 40.691855], [-73.8118632, 40.6916301], [-73.8127176, 40.6914078], [-73.8130986, 40.6913181], [-73.8135401, 40.6912114], [-73.8134052, 40.691046], [-73.8140924, 40.6905608], [-73.8148051, 40.6900469], [-73.8155479, 40.6895999], [-73.8162817, 40.6893012], [-73.8164246, 40.689243], [-73.8166733, 40.6897469], [-73.8169264, 40.6902501], [-73.817275, 40.6909783], [-73.8175784, 40.6915964], [-73.8177346, 40.6919163], [-73.8178981, 40.692251], [-73.8172237, 40.692447], [-73.817055, 40.6924929], [-73.81621, 40.6927316], [-73.8153638, 40.6929714], [-73.8145201, 40.6932145], [-73.8136749, 40.6934523], [-73.8128467, 40.6936875], [-73.8121229, 40.6938929], [-73.8117537, 40.693217], [-73.8110983, 40.6920506], [-73.8109881, 40.691855]]]]}}, {"type": "Feature", "properties": {"felt:feature": 17, "ed_label": "AD 24 ED 024", "elect_dist": "24024", "borough": "Queens", "community_board": 9, "community_board_label": "Queens CB9", "popup_title": "Queens CB9 \u2014 AD 24 ED 024", "general_mayor": "ANDREW M. CUOMO beat ZOHRAN KWAME MAMDANI, 207 to 155, 52.4% to 39.2%; total votes 395.", "general_mayor_winner": "Cuomo", "general_public_advocate": "JUMAANE D. WILLIAMS beat GONZALO DURAN, 204 to 143, 57.3% to 40.2%; total votes 356.", "general_public_advocate_winner": "Williams", "general_comptroller": "MARK D. LEVINE beat PETER KEFALAS, 249 to 95, 70.7% to 27.0%; total votes 352.", "general_comptroller_winner": "Levine", "question_1": "Disapprove beat Approve, 212 to 119, 64.0% to 36.0%; total votes 331.", "question_1_winner": "No-disapprove!", "question_2": "Approve beat Disapprove, 169 to 166, 50.4% to 49.6%; total votes 335.", "question_2_winner": "Yes-approve!", "question_3": "Disapprove beat Approve, 170 to 163, 51.1% to 48.9%; total votes 333.", "question_3_winner": "No-disapprove!", "question_4": "Approve beat Disapprove, 169 to 158, 51.7% to 48.3%; total votes 327.", "question_4_winner": "Yes-approve!", "question_5": "Approve beat Disapprove, 193 to 133, 59.2% to 40.8%; total votes 326.", "question_5_winner": "Yes-approve!", "question_6": "Disapprove beat Approve, 201 to 132, 60.4% to 39.6%; total votes 333.", "question_6_winner": "No-disapprove!", "dem_primary_mayor": "Andrew M. Cuomo beat Zohran Kwame Mamdani, 91 to 66, 50.8% to 36.9%; total votes 179.", "dem_primary_mayor_winner": "Cuomo", "dem_primary_public_advocate": "Jenifer Rajkumar beat Jumaane D. Williams, 67 to 65, 44.1% to 42.8%; total votes 152.", "dem_primary_public_advocate_winner": "Rajkumar", "dem_primary_comptroller": "Mark D. Levine beat Justin Brannan, 86 to 40, 55.8% to 26.0%; total votes 154.", "dem_primary_comptroller_winner": "Levine", "popup_summary": "Mayor: ANDREW M. CUOMO beat ZOHRAN KWAME MAMDANI, 207 to 155, 52.4% to 39.2%; total votes 395. | Public Advocate: JUMAANE D. WILLIAMS beat GONZALO DURAN, 204 to 143, 57.3% to 40.2%; total votes 356. | City Comptroller: MARK D. LEVINE beat PETER KEFALAS, 249 to 95, 70.7% to 27.0%; total votes 352. | Question 1: Disapprove beat Approve, 212 to 119, 64.0% to 36.0%; total votes 331. | Question 2: Approve beat Disapprove, 169 to 166, 50.4% to 49.6%; total votes 335. | Question 3: Disapprove beat Approve, 170 to 163, 51.1% to 48.9%; total votes 333. | Question 4: Approve beat Disapprove, 169 to 158, 51.7% to 48.3%; total votes 327. | Question 5: Approve beat Disapprove, 193 to 133, 59.2% to 40.8%; total votes 326. | Question 6: Disapprove beat Approve, 201 to 132, 60.4% to 39.6%; total votes 333. | Dem Primary Mayor: Andrew M. Cuomo beat Zohran Kwame Mamdani, 91 to 66, 50.8% to 36.9%; total votes 179. | Dem Primary Public Advocate: Jenifer Rajkumar beat Jumaane D. Williams, 67 to 65, 44.1% to 42.8%; total votes 152. | Dem Primary Comptroller: Mark D. Levine beat Justin Brannan, 86 to 40, 55.8% to 26.0%; total votes 154.", "mayor_margin": 13.2, "q2_yes": 50.4, "q3_yes": 51.1, "q4_yes": 51.7}, "geometry": {"type": "MultiPolygon", "coordinates": [[[[-73.832132, 40.7027941], [-73.8315211, 40.7013896], [-73.8306291, 40.7016165], [-73.829738, 40.7018404], [-73.8294692, 40.7019102], [-73.8288481, 40.7020658], [-73.8279531, 40.70229], [-73.8272522, 40.7006772], [-73.8274735, 40.7006379], [-73.8263101, 40.6982583], [-73.826602, 40.6981806], [-73.827969, 40.6987563], [-73.829696, 40.6995175], [-73.8308864, 40.7000089], [-73.8323915, 40.7006843], [-73.8354782, 40.7019954], [-73.8361298, 40.7022751], [-73.8377512, 40.7029582], [-73.8376707, 40.7030244], [-73.8374109, 40.703218], [-73.8366188, 40.70342], [-73.8365497, 40.7034337], [-73.8364789, 40.7034406], [-73.8364074, 40.7034404], [-73.8363366, 40.7034331], [-73.8362777, 40.7034203], [-73.8362173, 40.7034124], [-73.8361561, 40.7034097], [-73.8360949, 40.7034121], [-73.8360344, 40.7034196], [-73.8359753, 40.7034322], [-73.8359185, 40.7034496], [-73.8358645, 40.7034717], [-73.835814, 40.7034982], [-73.8357677, 40.7035287], [-73.8357261, 40.703563], [-73.8356897, 40.7036005], [-73.8356628, 40.7036249], [-73.8356322, 40.7036467], [-73.8355984, 40.7036654], [-73.8355618, 40.7036809], [-73.835523, 40.7036928], [-73.8354826, 40.7037011], [-73.8347546, 40.7038869], [-73.8346024, 40.7039275], [-73.8339171, 40.7023474], [-73.8334498, 40.7024636], [-73.8330208, 40.7025703], [-73.832132, 40.7027941]]]]}}, {"type": "Feature", "properties": {"felt:feature": 18, "ed_label": "AD 24 ED 025", "elect_dist": "24025", "borough": "Queens", "community_board": 9, "community_board_label": "Queens CB9", "popup_title": "Queens CB9 \u2014 AD 24 ED 025", "general_mayor": "ZOHRAN KWAME MAMDANI beat ANDREW M. CUOMO, 80 to 74, 44.7% to 41.3%; total votes 179.", "general_mayor_winner": "Mamdani", "general_public_advocate": "JUMAANE D. WILLIAMS beat GONZALO DURAN, 102 to 57, 62.2% to 34.8%; total votes 164.", "general_public_advocate_winner": "Williams", "general_comptroller": "MARK D. LEVINE beat PETER KEFALAS, 100 to 48, 63.3% to 30.4%; total votes 158.", "general_comptroller_winner": "Levine", "question_1": "Disapprove beat Approve, 91 to 58, 61.1% to 38.9%; total votes 149.", "question_1_winner": "No-disapprove!", "question_2": "Disapprove beat Approve, 76 to 74, 50.7% to 49.3%; total votes 150.", "question_2_winner": "No-disapprove!", "question_3": "Disapprove beat Approve, 75 to 72, 51.0% to 49.0%; total votes 147.", "question_3_winner": "No-disapprove!", "question_4": "Approve beat Disapprove, 79 to 72, 52.3% to 47.7%; total votes 151.", "question_4_winner": "Yes-approve!", "question_5": "Approve beat Disapprove, 90 to 61, 59.6% to 40.4%; total votes 151.", "question_5_winner": "Yes-approve!", "question_6": "Disapprove beat Approve, 92 to 57, 61.7% to 38.3%; total votes 149.", "question_6_winner": "No-disapprove!", "dem_primary_mayor": "Zohran Kwame Mamdani beat Andrew M. Cuomo, 35 to 24, 53.0% to 36.4%; total votes 66.", "dem_primary_mayor_winner": "Mamdani", "dem_primary_public_advocate": "Jumaane D. Williams beat Jenifer Rajkumar, 35 to 21, 56.5% to 33.9%; total votes 62.", "dem_primary_public_advocate_winner": "Williams", "dem_primary_comptroller": "Mark D. Levine beat Justin Brannan, 28 to 16, 46.7% to 26.7%; total votes 60.", "dem_primary_comptroller_winner": "Levine", "popup_summary": "Mayor: ZOHRAN KWAME MAMDANI beat ANDREW M. CUOMO, 80 to 74, 44.7% to 41.3%; total votes 179. | Public Advocate: JUMAANE D. WILLIAMS beat GONZALO DURAN, 102 to 57, 62.2% to 34.8%; total votes 164. | City Comptroller: MARK D. LEVINE beat PETER KEFALAS, 100 to 48, 63.3% to 30.4%; total votes 158. | Question 1: Disapprove beat Approve, 91 to 58, 61.1% to 38.9%; total votes 149. | Question 2: Disapprove beat Approve, 76 to 74, 50.7% to 49.3%; total votes 150. | Question 3: Disapprove beat Approve, 75 to 72, 51.0% to 49.0%; total votes 147. | Question 4: Approve beat Disapprove, 79 to 72, 52.3% to 47.7%; total votes 151. | Question 5: Approve beat Disapprove, 90 to 61, 59.6% to 40.4%; total votes 151. | Question 6: Disapprove beat Approve, 92 to 57, 61.7% to 38.3%; total votes 149. | Dem Primary Mayor: Zohran Kwame Mamdani beat Andrew M. Cuomo, 35 to 24, 53.0% to 36.4%; total votes 66. | Dem Primary Public Advocate: Jumaane D. Williams beat Jenifer Rajkumar, 35 to 21, 56.5% to 33.9%; total votes 62. | Dem Primary Comptroller: Mark D. Levine beat Justin Brannan, 28 to 16, 46.7% to 26.7%; total votes 60.", "mayor_margin": 3.4, "q2_yes": 50.7, "q3_yes": 51.0, "q4_yes": 52.3}, "geometry": {"type": "MultiPolygon", "coordinates": [[[[-73.8308864, 40.7000089], [-73.8310668, 40.6999571], [-73.8315211, 40.6998441], [-73.8317844, 40.6997786], [-73.8321854, 40.6996534], [-73.8324521, 40.6995471], [-73.8325959, 40.6994815], [-73.8333136, 40.6991084], [-73.8340665, 40.6986949], [-73.8348438, 40.6982688], [-73.8354188, 40.6994571], [-73.8359219, 40.7004641], [-73.8365459, 40.7017062], [-73.8369633, 40.7025261], [-73.8378458, 40.7028933], [-73.8377512, 40.7029582], [-73.8361298, 40.7022751], [-73.8354782, 40.7019954], [-73.8323915, 40.7006843], [-73.8308864, 40.7000089]]]]}}, {"type": "Feature", "properties": {"felt:feature": 19, "ed_label": "AD 24 ED 026", "elect_dist": "24026", "borough": "Queens", "community_board": 9, "community_board_label": "Queens CB9", "popup_title": "Queens CB9 \u2014 AD 24 ED 026", "general_mayor": "ZOHRAN KWAME MAMDANI beat ANDREW M. CUOMO, 178 to 100, 57.2% to 32.2%; total votes 311.", "general_mayor_winner": "Mamdani", "general_public_advocate": "JUMAANE D. WILLIAMS beat GONZALO DURAN, 216 to 62, 76.9% to 22.1%; total votes 281.", "general_public_advocate_winner": "Williams", "general_comptroller": "MARK D. LEVINE beat PETER KEFALAS, 201 to 71, 71.3% to 25.2%; total votes 282.", "general_comptroller_winner": "Levine", "question_1": "Disapprove beat Approve, 136 to 116, 54.0% to 46.0%; total votes 252.", "question_1_winner": "No-disapprove!", "question_2": "Approve beat Disapprove, 178 to 81, 68.7% to 31.3%; total votes 259.", "question_2_winner": "Yes-approve!", "question_3": "Approve beat Disapprove, 166 to 89, 65.1% to 34.9%; total votes 255.", "question_3_winner": "Yes-approve!", "question_4": "Approve beat Disapprove, 171 to 83, 67.3% to 32.7%; total votes 254.", "question_4_winner": "Yes-approve!", "question_5": "Approve beat Disapprove, 193 to 58, 76.9% to 23.1%; total votes 251.", "question_5_winner": "Yes-approve!", "question_6": "Approve beat Disapprove, 133 to 122, 52.2% to 47.8%; total votes 255.", "question_6_winner": "Yes-approve!", "dem_primary_mayor": "Zohran Kwame Mamdani beat Andrew M. Cuomo, 61 to 51, 48.4% to 40.5%; total votes 126.", "dem_primary_mayor_winner": "Mamdani", "dem_primary_public_advocate": "Jumaane D. Williams beat Jenifer Rajkumar, 62 to 34, 56.4% to 30.9%; total votes 110.", "dem_primary_public_advocate_winner": "Williams", "dem_primary_comptroller": "Justin Brannan beat Mark D. Levine, 42 to 41, 39.6% to 38.7%; total votes 106.", "dem_primary_comptroller_winner": "Brannan", "popup_summary": "Mayor: ZOHRAN KWAME MAMDANI beat ANDREW M. CUOMO, 178 to 100, 57.2% to 32.2%; total votes 311. | Public Advocate: JUMAANE D. WILLIAMS beat GONZALO DURAN, 216 to 62, 76.9% to 22.1%; total votes 281. | City Comptroller: MARK D. LEVINE beat PETER KEFALAS, 201 to 71, 71.3% to 25.2%; total votes 282. | Question 1: Disapprove beat Approve, 136 to 116, 54.0% to 46.0%; total votes 252. | Question 2: Approve beat Disapprove, 178 to 81, 68.7% to 31.3%; total votes 259. | Question 3: Approve beat Disapprove, 166 to 89, 65.1% to 34.9%; total votes 255. | Question 4: Approve beat Disapprove, 171 to 83, 67.3% to 32.7%; total votes 254. | Question 5: Approve beat Disapprove, 193 to 58, 76.9% to 23.1%; total votes 251. | Question 6: Approve beat Disapprove, 133 to 122, 52.2% to 47.8%; total votes 255. | Dem Primary Mayor: Zohran Kwame Mamdani beat Andrew M. Cuomo, 61 to 51, 48.4% to 40.5%; total votes 126. | Dem Primary Public Advocate: Jumaane D. Williams beat Jenifer Rajkumar, 62 to 34, 56.4% to 30.9%; total votes 110. | Dem Primary Comptroller: Justin Brannan beat Mark D. Levine, 42 to 41, 39.6% to 38.7%; total votes 106.", "mayor_margin": 25.0, "q2_yes": 68.7, "q3_yes": 65.1, "q4_yes": 67.3}, "geometry": {"type": "MultiPolygon", "coordinates": [[[[-73.826602, 40.6981806], [-73.8275279, 40.6979182], [-73.8285767, 40.6976192], [-73.829607, 40.6973285], [-73.8304718, 40.6970822], [-73.8313024, 40.6968464], [-73.8321102, 40.6966164], [-73.8329322, 40.6963832], [-73.8337963, 40.6961381], [-73.8346731, 40.6958881], [-73.8356407, 40.6978291], [-73.8348438, 40.6982688], [-73.8340665, 40.6986949], [-73.8333136, 40.6991084], [-73.8325959, 40.6994815], [-73.8324521, 40.6995471], [-73.8321854, 40.6996534], [-73.8317844, 40.6997786], [-73.8315211, 40.6998441], [-73.8310668, 40.6999571], [-73.8308864, 40.7000089], [-73.829696, 40.6995175], [-73.827969, 40.6987563], [-73.826602, 40.6981806]]]]}}, {"type": "Feature", "properties": {"felt:feature": 20, "ed_label": "AD 24 ED 028", "elect_dist": "24028", "borough": "Queens", "community_board": 9, "community_board_label": "Queens CB9", "popup_title": "Queens CB9 \u2014 AD 24 ED 028", "general_mayor": "ZOHRAN KWAME MAMDANI beat ANDREW M. CUOMO, 159 to 143, 47.2% to 42.4%; total votes 337.", "general_mayor_winner": "Mamdani", "general_public_advocate": "JUMAANE D. WILLIAMS beat GONZALO DURAN, 213 to 86, 68.9% to 27.8%; total votes 309.", "general_public_advocate_winner": "Williams", "general_comptroller": "MARK D. LEVINE beat PETER KEFALAS, 227 to 66, 74.7% to 21.7%; total votes 304.", "general_comptroller_winner": "Levine", "question_1": "Disapprove beat Approve, 149 to 144, 50.9% to 49.1%; total votes 293.", "question_1_winner": "No-disapprove!", "question_2": "Approve beat Disapprove, 164 to 135, 54.8% to 45.2%; total votes 299.", "question_2_winner": "Yes-approve!", "question_3": "Approve beat Disapprove, 153 to 144, 51.5% to 48.5%; total votes 297.", "question_3_winner": "Yes-approve!", "question_4": "Approve beat Disapprove, 165 to 129, 56.1% to 43.9%; total votes 294.", "question_4_winner": "Yes-approve!", "question_5": "Approve beat Disapprove, 195 to 96, 67.0% to 33.0%; total votes 291.", "question_5_winner": "Yes-approve!", "question_6": "Disapprove beat Approve, 177 to 111, 61.5% to 38.5%; total votes 288.", "question_6_winner": "No-disapprove!", "dem_primary_mayor": "Andrew M. Cuomo beat Zohran Kwame Mamdani, 68 to 67, 44.2% to 43.5%; total votes 154.", "dem_primary_mayor_winner": "Cuomo", "dem_primary_public_advocate": "Jumaane D. Williams beat Jenifer Rajkumar, 86 to 44, 58.5% to 29.9%; total votes 147.", "dem_primary_public_advocate_winner": "Williams", "dem_primary_comptroller": "Mark D. Levine beat Justin Brannan, 78 to 32, 53.8% to 22.1%; total votes 145.", "dem_primary_comptroller_winner": "Levine", "popup_summary": "Mayor: ZOHRAN KWAME MAMDANI beat ANDREW M. CUOMO, 159 to 143, 47.2% to 42.4%; total votes 337. | Public Advocate: JUMAANE D. WILLIAMS beat GONZALO DURAN, 213 to 86, 68.9% to 27.8%; total votes 309. | City Comptroller: MARK D. LEVINE beat PETER KEFALAS, 227 to 66, 74.7% to 21.7%; total votes 304. | Question 1: Disapprove beat Approve, 149 to 144, 50.9% to 49.1%; total votes 293. | Question 2: Approve beat Disapprove, 164 to 135, 54.8% to 45.2%; total votes 299. | Question 3: Approve beat Disapprove, 153 to 144, 51.5% to 48.5%; total votes 297. | Question 4: Approve beat Disapprove, 165 to 129, 56.1% to 43.9%; total votes 294. | Question 5: Approve beat Disapprove, 195 to 96, 67.0% to 33.0%; total votes 291. | Question 6: Disapprove beat Approve, 177 to 111, 61.5% to 38.5%; total votes 288. | Dem Primary Mayor: Andrew M. Cuomo beat Zohran Kwame Mamdani, 68 to 67, 44.2% to 43.5%; total votes 154. | Dem Primary Public Advocate: Jumaane D. Williams beat Jenifer Rajkumar, 86 to 44, 58.5% to 29.9%; total votes 147. | Dem Primary Comptroller: Mark D. Levine beat Justin Brannan, 78 to 32, 53.8% to 22.1%; total votes 145.", "mayor_margin": 4.8, "q2_yes": 54.8, "q3_yes": 51.5, "q4_yes": 56.1}, "geometry": {"type": "MultiPolygon", "coordinates": [[[[-73.8279531, 40.70229], [-73.8288481, 40.7020658], [-73.8294692, 40.7019102], [-73.829738, 40.7018404], [-73.8306291, 40.7016165], [-73.8315211, 40.7013896], [-73.832132, 40.7027941], [-73.8312423, 40.7030231], [-73.8306097, 40.7031798], [-73.8300725, 40.7033128], [-73.8294584, 40.7034698], [-73.8285674, 40.7036988], [-73.8281196, 40.7026718], [-73.8279531, 40.70229]]]]}}, {"type": "Feature", "properties": {"felt:feature": 21, "ed_label": "AD 24 ED 029", "elect_dist": "24029", "borough": "Queens", "community_board": 9, "community_board_label": "Queens CB9", "popup_title": "Queens CB9 \u2014 AD 24 ED 029", "general_mayor": "ZOHRAN KWAME MAMDANI beat ANDREW M. CUOMO, 274 to 152, 58.5% to 32.5%; total votes 468.", "general_mayor_winner": "Mamdani", "general_public_advocate": "JUMAANE D. WILLIAMS beat GONZALO DURAN, 300 to 93, 75.0% to 23.2%; total votes 400.", "general_public_advocate_winner": "Williams", "general_comptroller": "MARK D. LEVINE beat PETER KEFALAS, 295 to 90, 74.7% to 22.8%; total votes 395.", "general_comptroller_winner": "Levine", "question_1": "Approve beat Disapprove, 160 to 152, 51.3% to 48.7%; total votes 312.", "question_1_winner": "Yes-approve!", "question_2": "Approve beat Disapprove, 247 to 74, 76.9% to 23.1%; total votes 321.", "question_2_winner": "Yes-approve!", "question_3": "Approve beat Disapprove, 222 to 96, 69.8% to 30.2%; total votes 318.", "question_3_winner": "Yes-approve!", "question_4": "Approve beat Disapprove, 237 to 76, 75.7% to 24.3%; total votes 313.", "question_4_winner": "Yes-approve!", "question_5": "Approve beat Disapprove, 251 to 61, 80.4% to 19.6%; total votes 312.", "question_5_winner": "Yes-approve!", "question_6": "Disapprove beat Approve, 156 to 155, 50.2% to 49.8%; total votes 311.", "question_6_winner": "No-disapprove!", "dem_primary_mayor": "Zohran Kwame Mamdani beat Andrew M. Cuomo, 92 to 51, 57.9% to 32.1%; total votes 159.", "dem_primary_mayor_winner": "Mamdani", "dem_primary_public_advocate": "Jumaane D. Williams beat Jenifer Rajkumar, 80 to 46, 57.6% to 33.1%; total votes 139.", "dem_primary_public_advocate_winner": "Williams", "dem_primary_comptroller": "Mark D. Levine beat Justin Brannan, 65 to 35, 45.8% to 24.6%; total votes 142.", "dem_primary_comptroller_winner": "Levine", "popup_summary": "Mayor: ZOHRAN KWAME MAMDANI beat ANDREW M. CUOMO, 274 to 152, 58.5% to 32.5%; total votes 468. | Public Advocate: JUMAANE D. WILLIAMS beat GONZALO DURAN, 300 to 93, 75.0% to 23.2%; total votes 400. | City Comptroller: MARK D. LEVINE beat PETER KEFALAS, 295 to 90, 74.7% to 22.8%; total votes 395. | Question 1: Approve beat Disapprove, 160 to 152, 51.3% to 48.7%; total votes 312. | Question 2: Approve beat Disapprove, 247 to 74, 76.9% to 23.1%; total votes 321. | Question 3: Approve beat Disapprove, 222 to 96, 69.8% to 30.2%; total votes 318. | Question 4: Approve beat Disapprove, 237 to 76, 75.7% to 24.3%; total votes 313. | Question 5: Approve beat Disapprove, 251 to 61, 80.4% to 19.6%; total votes 312. | Question 6: Disapprove beat Approve, 156 to 155, 50.2% to 49.8%; total votes 311. | Dem Primary Mayor: Zohran Kwame Mamdani beat Andrew M. Cuomo, 92 to 51, 57.9% to 32.1%; total votes 159. | Dem Primary Public Advocate: Jumaane D. Williams beat Jenifer Rajkumar, 80 to 46, 57.6% to 33.1%; total votes 139. | Dem Primary Comptroller: Mark D. Levine beat Justin Brannan, 65 to 35, 45.8% to 24.6%; total votes 142.", "mayor_margin": 26.0, "q2_yes": 76.9, "q3_yes": 69.8, "q4_yes": 75.7}, "geometry": {"type": "MultiPolygon", "coordinates": [[[[-73.8263101, 40.6982583], [-73.8274735, 40.7006379], [-73.8272522, 40.7006772], [-73.8279531, 40.70229], [-73.8270658, 40.7025151], [-73.8260719, 40.7027721], [-73.8251759, 40.7029918], [-73.8242699, 40.7032193], [-73.8238707, 40.7033222], [-73.8233306, 40.7028334], [-73.8230929, 40.7016206], [-73.8234013, 40.7015323], [-73.8237129, 40.7014565], [-73.8239115, 40.7014082], [-73.8247672, 40.7011892], [-73.8236556, 40.6990138], [-73.8238546, 40.6989573], [-73.8245357, 40.6987649], [-73.8248089, 40.6986859], [-73.825447, 40.6985015], [-73.8263101, 40.6982583]]]]}}, {"type": "Feature", "properties": {"felt:feature": 22, "ed_label": "AD 24 ED 031", "elect_dist": "24031", "borough": "Queens", "community_board": 9, "community_board_label": "Queens CB9", "popup_title": "Queens CB9 \u2014 AD 24 ED 031", "general_mayor": "ZOHRAN KWAME MAMDANI beat ANDREW M. CUOMO, 289.8 to 240.5, 49.1% to 40.8%; total votes 590.2.", "general_mayor_winner": "Mamdani", "general_public_advocate": "JUMAANE D. WILLIAMS beat GONZALO DURAN, 346.8 to 178.7, 65.0% to 33.5%; total votes 533.2.", "general_public_advocate_winner": "Williams", "general_comptroller": "MARK D. LEVINE beat PETER KEFALAS, 394.1 to 119.8, 74.2% to 22.5%; total votes 531.3.", "general_comptroller_winner": "Levine", "question_1": "Disapprove beat Approve, 243.4 to 226, 51.9% to 48.1%; total votes 469.5.", "question_1_winner": "No-disapprove!", "question_2": "Approve beat Disapprove, 271.4 to 208.7, 56.5% to 43.5%; total votes 480.1.", "question_2_winner": "Yes-approve!", "question_3": "Approve beat Disapprove, 259.9 to 212.5, 55.0% to 45.0%; total votes 472.4.", "question_3_winner": "Yes-approve!", "question_4": "Approve beat Disapprove, 280.1 to 194.2, 59.1% to 40.9%; total votes 474.3.", "question_4_winner": "Yes-approve!", "question_5": "Approve beat Disapprove, 295.6 to 176.8, 62.6% to 37.4%; total votes 472.4.", "question_5_winner": "Yes-approve!", "question_6": "Disapprove beat Approve, 284 to 188.4, 60.1% to 39.9%; total votes 472.4.", "question_6_winner": "No-disapprove!", "dem_primary_mayor": "Zohran Kwame Mamdani beat Andrew M. Cuomo, 114 to 103.4, 47.4% to 43.0%; total votes 240.5.", "dem_primary_mayor_winner": "Mamdani", "dem_primary_public_advocate": "Jumaane D. Williams beat Jenifer Rajkumar, 121.7 to 84, 53.2% to 36.7%; total votes 228.9.", "dem_primary_public_advocate_winner": "Williams", "dem_primary_comptroller": "Mark D. Levine beat Justin Brannan, 112.1 to 66.7, 48.5% to 28.9%; total votes 230.9.", "dem_primary_comptroller_winner": "Levine", "popup_summary": "Mayor: ZOHRAN KWAME MAMDANI beat ANDREW M. CUOMO, 289.8 to 240.5, 49.1% to 40.8%; total votes 590.2. | Public Advocate: JUMAANE D. WILLIAMS beat GONZALO DURAN, 346.8 to 178.7, 65.0% to 33.5%; total votes 533.2. | City Comptroller: MARK D. LEVINE beat PETER KEFALAS, 394.1 to 119.8, 74.2% to 22.5%; total votes 531.3. | Question 1: Disapprove beat Approve, 243.4 to 226, 51.9% to 48.1%; total votes 469.5. | Question 2: Approve beat Disapprove, 271.4 to 208.7, 56.5% to 43.5%; total votes 480.1. | Question 3: Approve beat Disapprove, 259.9 to 212.5, 55.0% to 45.0%; total votes 472.4. | Question 4: Approve beat Disapprove, 280.1 to 194.2, 59.1% to 40.9%; total votes 474.3. | Question 5: Approve beat Disapprove, 295.6 to 176.8, 62.6% to 37.4%; total votes 472.4. | Question 6: Disapprove beat Approve, 284 to 188.4, 60.1% to 39.9%; total votes 472.4. | Dem Primary Mayor: Zohran Kwame Mamdani beat Andrew M. Cuomo, 114 to 103.4, 47.4% to 43.0%; total votes 240.5. | Dem Primary Public Advocate: Jumaane D. Williams beat Jenifer Rajkumar, 121.7 to 84, 53.2% to 36.7%; total votes 228.9. | Dem Primary Comptroller: Mark D. Levine beat Justin Brannan, 112.1 to 66.7, 48.5% to 28.9%; total votes 230.9.", "mayor_margin": 8.3, "q2_yes": 56.5, "q3_yes": 55.0, "q4_yes": 59.1}, "geometry": {"type": "MultiPolygon", "coordinates": [[[[-73.8190866, 40.7077759], [-73.8190363, 40.7076895], [-73.8189759, 40.707583], [-73.8189221, 40.7074953], [-73.8188419, 40.7073703], [-73.818687, 40.7071289], [-73.818565, 40.7069389], [-73.8185351, 40.7068874], [-73.8181966, 40.7063272], [-73.8181287, 40.7062099], [-73.8180063, 40.7059983], [-73.8179064, 40.7058074], [-73.8173153, 40.7046773], [-73.8172501, 40.7045361], [-73.8172168, 40.7044568], [-73.8170277, 40.7040335], [-73.8168899, 40.7037418], [-73.81663, 40.7031629], [-73.8165938, 40.7030863], [-73.8165163, 40.7029226], [-73.8162892, 40.7024541], [-73.8160605, 40.7019538], [-73.8159512, 40.7017204], [-73.815858, 40.7015213], [-73.8154395, 40.7006272], [-73.8153843, 40.7005147], [-73.8153294, 40.7004], [-73.8153086, 40.7003565], [-73.815292, 40.7003218], [-73.8150662, 40.6998729], [-73.814911, 40.6995662], [-73.8148459, 40.6994462], [-73.8146055, 40.6990087], [-73.8145962, 40.6989918], [-73.814376, 40.698591], [-73.814347, 40.698538], [-73.8142321, 40.6983339], [-73.8143092, 40.6983353], [-73.8144122, 40.698335], [-73.8144987, 40.6984973], [-73.8147468, 40.6989515], [-73.8147739, 40.6990013], [-73.8149948, 40.6994057], [-73.8150636, 40.6995317], [-73.8152197, 40.6998292], [-73.8154556, 40.7002789], [-73.8154861, 40.7003455], [-73.8154876, 40.7003487], [-73.8155449, 40.700474], [-73.815594, 40.7005831], [-73.8160194, 40.7014845], [-73.8161252, 40.7017087], [-73.8162262, 40.7019226], [-73.8164753, 40.7024504], [-73.8168603, 40.7024443], [-73.8174434, 40.7024175], [-73.8187488, 40.7023575], [-73.8196439, 40.7022404], [-73.8203192, 40.7021478], [-73.8206143, 40.7021004], [-73.8212026, 40.7020092], [-73.8214782, 40.7034156], [-73.8224589, 40.7036555], [-73.8227081, 40.7036248], [-73.8233894, 40.7034433], [-73.8238707, 40.7033222], [-73.8242699, 40.7032193], [-73.8251759, 40.7029918], [-73.8260719, 40.7027721], [-73.8270658, 40.7025151], [-73.8279531, 40.70229], [-73.8281196, 40.7026718], [-73.8285674, 40.7036988], [-73.8276833, 40.7039177], [-73.8263735, 40.7042536], [-73.8257576, 40.7044275], [-73.825441, 40.7043409], [-73.8248125, 40.7041595], [-73.8244415, 40.7040616], [-73.8234381, 40.7038024], [-73.8240467, 40.7069307], [-73.8229787, 40.7061917], [-73.8226741, 40.7059335], [-73.8222439, 40.7054433], [-73.8220205, 40.7052123], [-73.8214054, 40.7054945], [-73.8206319, 40.705842], [-73.8203999, 40.7055015], [-73.8200792, 40.7050309], [-73.8192711, 40.7053449], [-73.8184649, 40.7056673], [-73.8184483, 40.7057609], [-73.8186266, 40.7060428], [-73.8189748, 40.706557], [-73.8189344, 40.7065723], [-73.8185983, 40.706052], [-73.8184587, 40.7060976], [-73.8183068, 40.7061494], [-73.8183807, 40.7062741], [-73.818408, 40.706318], [-73.8186915, 40.7068202], [-73.818798, 40.70699], [-73.8188655, 40.7071067], [-73.8189945, 40.7073298], [-73.8190655, 40.7074525], [-73.819071, 40.707462], [-73.819125, 40.7075504], [-73.8191806, 40.7076458], [-73.8192353, 40.7077416], [-73.819288, 40.707832], [-73.8194131, 40.70804], [-73.8195378, 40.7082794], [-73.8195443, 40.7084384], [-73.8195277, 40.7085791], [-73.8194761, 40.7084844], [-73.8191389, 40.7078652], [-73.8190866, 40.7077759]]]]}}, {"type": "Feature", "properties": {"felt:feature": 23, "ed_label": "AD 24 ED 032", "elect_dist": "24032", "borough": "Queens", "community_board": 9, "community_board_label": "Queens CB9", "popup_title": "Queens CB9 \u2014 AD 24 ED 032", "general_mayor": "ZOHRAN KWAME MAMDANI beat ANDREW M. CUOMO, 267 to 140, 61.1% to 32.0%; total votes 437.", "general_mayor_winner": "Mamdani", "general_public_advocate": "JUMAANE D. WILLIAMS beat GONZALO DURAN, 315 to 72, 80.6% to 18.4%; total votes 391.", "general_public_advocate_winner": "Williams", "general_comptroller": "MARK D. LEVINE beat PETER KEFALAS, 311 to 67, 80.2% to 17.3%; total votes 388.", "general_comptroller_winner": "Levine", "question_1": "Approve beat Disapprove, 182 to 132, 58.0% to 42.0%; total votes 314.", "question_1_winner": "Yes-approve!", "question_2": "Approve beat Disapprove, 244 to 75, 76.5% to 23.5%; total votes 319.", "question_2_winner": "Yes-approve!", "question_3": "Approve beat Disapprove, 232 to 83, 73.7% to 26.3%; total votes 315.", "question_3_winner": "Yes-approve!", "question_4": "Approve beat Disapprove, 236 to 73, 76.4% to 23.6%; total votes 309.", "question_4_winner": "Yes-approve!", "question_5": "Approve beat Disapprove, 242 to 67, 78.3% to 21.7%; total votes 309.", "question_5_winner": "Yes-approve!", "question_6": "Approve beat Disapprove, 166 to 144, 53.5% to 46.5%; total votes 310.", "question_6_winner": "Yes-approve!", "dem_primary_mayor": "Andrew M. Cuomo beat Zohran Kwame Mamdani, 89 to 81, 45.9% to 41.8%; total votes 194.", "dem_primary_mayor_winner": "Cuomo", "dem_primary_public_advocate": "Jumaane D. Williams beat Jenifer Rajkumar, 97 to 58, 56.4% to 33.7%; total votes 172.", "dem_primary_public_advocate_winner": "Williams", "dem_primary_comptroller": "Mark D. Levine beat Ismael Malave Perez, 75 to 37, 45.5% to 22.4%; total votes 165.", "dem_primary_comptroller_winner": "Levine", "popup_summary": "Mayor: ZOHRAN KWAME MAMDANI beat ANDREW M. CUOMO, 267 to 140, 61.1% to 32.0%; total votes 437. | Public Advocate: JUMAANE D. WILLIAMS beat GONZALO DURAN, 315 to 72, 80.6% to 18.4%; total votes 391. | City Comptroller: MARK D. LEVINE beat PETER KEFALAS, 311 to 67, 80.2% to 17.3%; total votes 388. | Question 1: Approve beat Disapprove, 182 to 132, 58.0% to 42.0%; total votes 314. | Question 2: Approve beat Disapprove, 244 to 75, 76.5% to 23.5%; total votes 319. | Question 3: Approve beat Disapprove, 232 to 83, 73.7% to 26.3%; total votes 315. | Question 4: Approve beat Disapprove, 236 to 73, 76.4% to 23.6%; total votes 309. | Question 5: Approve beat Disapprove, 242 to 67, 78.3% to 21.7%; total votes 309. | Question 6: Approve beat Disapprove, 166 to 144, 53.5% to 46.5%; total votes 310. | Dem Primary Mayor: Andrew M. Cuomo beat Zohran Kwame Mamdani, 89 to 81, 45.9% to 41.8%; total votes 194. | Dem Primary Public Advocate: Jumaane D. Williams beat Jenifer Rajkumar, 97 to 58, 56.4% to 33.7%; total votes 172. | Dem Primary Comptroller: Mark D. Levine beat Ismael Malave Perez, 75 to 37, 45.5% to 22.4%; total votes 165.", "mayor_margin": 29.1, "q2_yes": 76.5, "q3_yes": 73.7, "q4_yes": 76.4}, "geometry": {"type": "MultiPolygon", "coordinates": [[[[-73.8144122, 40.698335], [-73.8142445, 40.6980373], [-73.8141666, 40.6978799], [-73.8143232, 40.6978549], [-73.8139992, 40.6972556], [-73.813959, 40.697189], [-73.8141124, 40.6971766], [-73.8142642, 40.6971552], [-73.8144133, 40.6971251], [-73.815344, 40.696866], [-73.8162057, 40.6966156], [-73.817041, 40.6963825], [-73.8178824, 40.6961422], [-73.818914, 40.695854], [-73.8189341, 40.695898], [-73.8191848, 40.6964218], [-73.8193006, 40.6965653], [-73.8194735, 40.6968103], [-73.8202381, 40.6966679], [-73.8207533, 40.6966658], [-73.8212691, 40.6966794], [-73.8217841, 40.6967088], [-73.822088, 40.6967356], [-73.8222972, 40.696754], [-73.822807, 40.6968149], [-73.8233124, 40.6968911], [-73.826602, 40.6981806], [-73.8263101, 40.6982583], [-73.825447, 40.6985015], [-73.8248089, 40.6986859], [-73.8245357, 40.6987649], [-73.8238546, 40.6989573], [-73.8236556, 40.6990138], [-73.8247672, 40.7011892], [-73.8239115, 40.7014082], [-73.8237129, 40.7014565], [-73.8234013, 40.7015323], [-73.8230929, 40.7016206], [-73.8233306, 40.7028334], [-73.8238707, 40.7033222], [-73.8233894, 40.7034433], [-73.8227081, 40.7036248], [-73.8224589, 40.7036555], [-73.8214782, 40.7034156], [-73.8212026, 40.7020092], [-73.8206143, 40.7021004], [-73.8203192, 40.7021478], [-73.8196439, 40.7022404], [-73.8187488, 40.7023575], [-73.8174434, 40.7024175], [-73.8168603, 40.7024443], [-73.8164753, 40.7024504], [-73.8162262, 40.7019226], [-73.8161252, 40.7017087], [-73.8160194, 40.7014845], [-73.815594, 40.7005831], [-73.8155449, 40.700474], [-73.8154876, 40.7003487], [-73.8154861, 40.7003455], [-73.8154556, 40.7002789], [-73.8152197, 40.6998292], [-73.8150636, 40.6995317], [-73.8149948, 40.6994057], [-73.8147739, 40.6990013], [-73.8147468, 40.6989515], [-73.8144987, 40.6984973], [-73.8144122, 40.698335]]]]}}, {"type": "Feature", "properties": {"felt:feature": 24, "ed_label": "AD 27 ED 052", "elect_dist": "27052", "borough": "Queens", "community_board": 9, "community_board_label": "Queens CB9", "popup_title": "Queens CB9 \u2014 AD 27 ED 052", "general_mayor": "ANDREW M. CUOMO beat CURTIS A. SLIWA, 0 to 0, 0.0% to 0.0%; total votes 0.", "general_mayor_winner": "Cuomo", "general_public_advocate": "GONZALO DURAN beat JUMAANE D. WILLIAMS, 0 to 0, 0.0% to 0.0%; total votes 0.", "general_public_advocate_winner": "Duran", "general_comptroller": "ISMAEL MALAVE PEREZ beat MARK D. LEVINE, 0 to 0, 0.0% to 0.0%; total votes 0.", "general_comptroller_winner": "Perez", "question_1": "Disapprove beat Approve, 0 to 0, 0.0% to 0.0%; total votes 0.", "question_1_winner": "No-disapprove!", "question_2": "Disapprove beat Approve, 0 to 0, 0.0% to 0.0%; total votes 0.", "question_2_winner": "No-disapprove!", "question_3": "Disapprove beat Approve, 0 to 0, 0.0% to 0.0%; total votes 0.", "question_3_winner": "No-disapprove!", "question_4": "Disapprove beat Approve, 0 to 0, 0.0% to 0.0%; total votes 0.", "question_4_winner": "No-disapprove!", "question_5": "Disapprove beat Approve, 0 to 0, 0.0% to 0.0%; total votes 0.", "question_5_winner": "No-disapprove!", "question_6": "Disapprove beat Approve, 0 to 0, 0.0% to 0.0%; total votes 0.", "question_6_winner": "No-disapprove!", "dem_primary_mayor": "No results found", "dem_primary_mayor_winner": "No winner found", "dem_primary_public_advocate": "No results found", "dem_primary_public_advocate_winner": "No winner found", "dem_primary_comptroller": "No results found", "dem_primary_comptroller_winner": "No winner found", "popup_summary": "Mayor: ANDREW M. CUOMO beat CURTIS A. SLIWA, 0 to 0, 0.0% to 0.0%; total votes 0. | Public Advocate: GONZALO DURAN beat JUMAANE D. WILLIAMS, 0 to 0, 0.0% to 0.0%; total votes 0. | City Comptroller: ISMAEL MALAVE PEREZ beat MARK D. LEVINE, 0 to 0, 0.0% to 0.0%; total votes 0. | Question 1: Disapprove beat Approve, 0 to 0, 0.0% to 0.0%; total votes 0. | Question 2: Disapprove beat Approve, 0 to 0, 0.0% to 0.0%; total votes 0. | Question 3: Disapprove beat Approve, 0 to 0, 0.0% to 0.0%; total votes 0. | Question 4: Disapprove beat Approve, 0 to 0, 0.0% to 0.0%; total votes 0. | Question 5: Disapprove beat Approve, 0 to 0, 0.0% to 0.0%; total votes 0. | Question 6: Disapprove beat Approve, 0 to 0, 0.0% to 0.0%; total votes 0.", "mayor_margin": 0.0, "q2_yes": 0.0, "q3_yes": 0.0, "q4_yes": 0.0}, "geometry": {"type": "MultiPolygon", "coordinates": [[[[-73.8239441, 40.7132333], [-73.8241592, 40.7131326], [-73.8241123, 40.7130721], [-73.8239502, 40.7128634], [-73.8242798, 40.7126318], [-73.8244892, 40.7124806], [-73.8247134, 40.7123408], [-73.8249506, 40.7122136], [-73.8251991, 40.7120999], [-73.8253501, 40.7120417], [-73.8254566, 40.7120006], [-73.8264472, 40.7124121], [-73.8271246, 40.7127119], [-73.8273967, 40.7128323], [-73.8283873, 40.7132252], [-73.8299187, 40.7138622], [-73.8300822, 40.7139139], [-73.8302716, 40.7139902], [-73.8307133, 40.7142082], [-73.8308675, 40.7142698], [-73.8309782, 40.7143136], [-73.8309026, 40.7143349], [-73.830792, 40.714363], [-73.8305329, 40.714417], [-73.8302921, 40.7144752], [-73.8299455, 40.714559], [-73.8298958, 40.7145712], [-73.8295592, 40.7146642], [-73.8295195, 40.7146767], [-73.8292526, 40.7147612], [-73.8289545, 40.7148453], [-73.8262502, 40.715565], [-73.8261752, 40.7155848], [-73.8260743, 40.7156115], [-73.8259438, 40.7156473], [-73.8255786, 40.7157626], [-73.8255509, 40.7157082], [-73.8255231, 40.7156539], [-73.8254606, 40.7155496], [-73.8248322, 40.71464], [-73.8246934, 40.7144431], [-73.8245608, 40.714255], [-73.8242894, 40.7138701], [-73.8242645, 40.7138164], [-73.8239441, 40.7132333]]]]}}, {"type": "Feature", "properties": {"felt:feature": 25, "ed_label": "AD 28 ED 001", "elect_dist": "28001", "borough": "Queens", "community_board": 9, "community_board_label": "Queens CB9", "popup_title": "Queens CB9 \u2014 AD 28 ED 001", "general_mayor": "ZOHRAN KWAME MAMDANI beat ANDREW M. CUOMO, 153.4 to 76.7, 62.3% to 31.2%; total votes 246.", "general_mayor_winner": "Mamdani", "general_public_advocate": "JUMAANE D. WILLIAMS beat GONZALO DURAN, 165.3 to 57.8, 72.2% to 25.2%; total votes 229.1.", "general_public_advocate_winner": "Williams", "general_comptroller": "MARK D. LEVINE beat PETER KEFALAS, 159.4 to 58.8, 70.5% to 26.0%; total votes 226.1.", "general_comptroller_winner": "Levine", "question_1": "Disapprove beat Approve, 100.6 to 100.6, 50.0% to 50.0%; total votes 201.2.", "question_1_winner": "No-disapprove!", "question_2": "Approve beat Disapprove, 136.5 to 65.7, 67.5% to 32.5%; total votes 202.2.", "question_2_winner": "Yes-approve!", "question_3": "Approve beat Disapprove, 134.5 to 63.7, 67.8% to 32.2%; total votes 198.2.", "question_3_winner": "Yes-approve!", "question_4": "Approve beat Disapprove, 127.5 to 69.7, 64.6% to 35.4%; total votes 197.2.", "question_4_winner": "Yes-approve!", "question_5": "Approve beat Disapprove, 151.4 to 43.8, 77.6% to 22.4%; total votes 195.2.", "question_5_winner": "Yes-approve!", "question_6": "Approve beat Disapprove, 100.6 to 98.6, 50.5% to 49.5%; total votes 199.2.", "question_6_winner": "Yes-approve!", "dem_primary_mayor": "Zohran Kwame Mamdani beat Andrew M. Cuomo, 66.7 to 27.9, 63.8% to 26.7%; total votes 104.6.", "dem_primary_mayor_winner": "Mamdani", "dem_primary_public_advocate": "Jumaane D. Williams beat Jenifer Rajkumar, 53.8 to 24.9, 59.3% to 27.5%; total votes 90.6.", "dem_primary_public_advocate_winner": "Williams", "dem_primary_comptroller": "Mark D. Levine beat Justin Brannan, 34.9 to 32.9, 38.9% to 36.7%; total votes 89.6.", "dem_primary_comptroller_winner": "Levine", "popup_summary": "Mayor: ZOHRAN KWAME MAMDANI beat ANDREW M. CUOMO, 153.4 to 76.7, 62.3% to 31.2%; total votes 246. | Public Advocate: JUMAANE D. WILLIAMS beat GONZALO DURAN, 165.3 to 57.8, 72.2% to 25.2%; total votes 229.1. | City Comptroller: MARK D. LEVINE beat PETER KEFALAS, 159.4 to 58.8, 70.5% to 26.0%; total votes 226.1. | Question 1: Disapprove beat Approve, 100.6 to 100.6, 50.0% to 50.0%; total votes 201.2. | Question 2: Approve beat Disapprove, 136.5 to 65.7, 67.5% to 32.5%; total votes 202.2. | Question 3: Approve beat Disapprove, 134.5 to 63.7, 67.8% to 32.2%; total votes 198.2. | Question 4: Approve beat Disapprove, 127.5 to 69.7, 64.6% to 35.4%; total votes 197.2. | Question 5: Approve beat Disapprove, 151.4 to 43.8, 77.6% to 22.4%; total votes 195.2. | Question 6: Approve beat Disapprove, 100.6 to 98.6, 50.5% to 49.5%; total votes 199.2. | Dem Primary Mayor: Zohran Kwame Mamdani beat Andrew M. Cuomo, 66.7 to 27.9, 63.8% to 26.7%; total votes 104.6. | Dem Primary Public Advocate: Jumaane D. Williams beat Jenifer Rajkumar, 53.8 to 24.9, 59.3% to 27.5%; total votes 90.6. | Dem Primary Comptroller: Mark D. Levine beat Justin Brannan, 34.9 to 32.9, 38.9% to 36.7%; total votes 89.6.", "mayor_margin": 31.1, "q2_yes": 67.5, "q3_yes": 67.8, "q4_yes": 64.6}, "geometry": {"type": "MultiPolygon", "coordinates": [[[[-73.8202388, 40.7096669], [-73.8201811, 40.7095984], [-73.8201609, 40.7095774], [-73.8201435, 40.709555], [-73.8200184, 40.7093771], [-73.8199004, 40.7091963], [-73.8197895, 40.7090129], [-73.8196859, 40.7088272], [-73.8195277, 40.7085791], [-73.8195443, 40.7084384], [-73.8195378, 40.7082794], [-73.8194131, 40.70804], [-73.819288, 40.707832], [-73.8192353, 40.7077416], [-73.8191806, 40.7076458], [-73.819125, 40.7075504], [-73.819071, 40.707462], [-73.8190655, 40.7074525], [-73.8189945, 40.7073298], [-73.8188655, 40.7071067], [-73.818798, 40.70699], [-73.8186915, 40.7068202], [-73.818408, 40.706318], [-73.8183807, 40.7062741], [-73.8183068, 40.7061494], [-73.8184587, 40.7060976], [-73.8185983, 40.706052], [-73.8189344, 40.7065723], [-73.8189748, 40.706557], [-73.8186266, 40.7060428], [-73.8184483, 40.7057609], [-73.8184649, 40.7056673], [-73.8192711, 40.7053449], [-73.8200792, 40.7050309], [-73.8203999, 40.7055015], [-73.8206319, 40.705842], [-73.8214054, 40.7054945], [-73.8220205, 40.7052123], [-73.8222439, 40.7054433], [-73.8226741, 40.7059335], [-73.8229787, 40.7061917], [-73.8240467, 40.7069307], [-73.8234381, 40.7038024], [-73.8244415, 40.7040616], [-73.8245077, 40.7043339], [-73.8256552, 40.7054263], [-73.8257469, 40.7058162], [-73.8261043, 40.7077266], [-73.8265319, 40.7081449], [-73.8269125, 40.7092517], [-73.8272146, 40.7099952], [-73.8277216, 40.7106034], [-73.8250141, 40.7117134], [-73.8248887, 40.7117701], [-73.8254566, 40.7120006], [-73.8253501, 40.7120417], [-73.8251991, 40.7120999], [-73.8249506, 40.7122136], [-73.8247134, 40.7123408], [-73.8244892, 40.7124806], [-73.8242798, 40.7126318], [-73.8239502, 40.7128634], [-73.8238161, 40.7127137], [-73.8236777, 40.7125664], [-73.8235349, 40.7124216], [-73.8233878, 40.7122792], [-73.8232366, 40.7121393], [-73.8230813, 40.7120021], [-73.822922, 40.7118676], [-73.8227587, 40.7117358], [-73.8218762, 40.7110294], [-73.8216075, 40.7107995], [-73.8213139, 40.7105482], [-73.8210683, 40.7102792], [-73.8208625, 40.7100672], [-73.8207051, 40.7098983], [-73.820487, 40.7097944], [-73.8204165, 40.7097582], [-73.8202388, 40.7096669]]]]}}, {"type": "Feature", "properties": {"felt:feature": 26, "ed_label": "AD 28 ED 002", "elect_dist": "28002", "borough": "Queens", "community_board": 9, "community_board_label": "Queens CB9", "popup_title": "Queens CB9 \u2014 AD 28 ED 002", "general_mayor": "ZOHRAN KWAME MAMDANI beat ANDREW M. CUOMO, 458 to 386, 49.2% to 41.5%; total votes 930.", "general_mayor_winner": "Mamdani", "general_public_advocate": "JUMAANE D. WILLIAMS beat GONZALO DURAN, 620 to 231, 71.0% to 26.5%; total votes 873.", "general_public_advocate_winner": "Williams", "general_comptroller": "MARK D. LEVINE beat PETER KEFALAS, 627 to 214, 72.5% to 24.7%; total votes 865.", "general_comptroller_winner": "Levine", "question_1": "Disapprove beat Approve, 445 to 365, 54.9% to 45.1%; total votes 810.", "question_1_winner": "No-disapprove!", "question_2": "Approve beat Disapprove, 474 to 345, 57.9% to 42.1%; total votes 819.", "question_2_winner": "Yes-approve!", "question_3": "Approve beat Disapprove, 474 to 339, 58.3% to 41.7%; total votes 813.", "question_3_winner": "Yes-approve!", "question_4": "Approve beat Disapprove, 477 to 327, 59.3% to 40.7%; total votes 804.", "question_4_winner": "Yes-approve!", "question_5": "Approve beat Disapprove, 617 to 192, 76.3% to 23.7%; total votes 809.", "question_5_winner": "Yes-approve!", "question_6": "Disapprove beat Approve, 428 to 377, 53.2% to 46.8%; total votes 805.", "question_6_winner": "No-disapprove!", "dem_primary_mayor": "Zohran Kwame Mamdani beat Andrew M. Cuomo, 183 to 176, 39.8% to 38.3%; total votes 460.", "dem_primary_mayor_winner": "Mamdani", "dem_primary_public_advocate": "Jumaane D. Williams beat Jenifer Rajkumar, 273 to 110, 63.3% to 25.5%; total votes 431.", "dem_primary_public_advocate_winner": "Williams", "dem_primary_comptroller": "Mark D. Levine beat Justin Brannan, 228 to 129, 53.4% to 30.2%; total votes 427.", "dem_primary_comptroller_winner": "Levine", "popup_summary": "Mayor: ZOHRAN KWAME MAMDANI beat ANDREW M. CUOMO, 458 to 386, 49.2% to 41.5%; total votes 930. | Public Advocate: JUMAANE D. WILLIAMS beat GONZALO DURAN, 620 to 231, 71.0% to 26.5%; total votes 873. | City Comptroller: MARK D. LEVINE beat PETER KEFALAS, 627 to 214, 72.5% to 24.7%; total votes 865. | Question 1: Disapprove beat Approve, 445 to 365, 54.9% to 45.1%; total votes 810. | Question 2: Approve beat Disapprove, 474 to 345, 57.9% to 42.1%; total votes 819. | Question 3: Approve beat Disapprove, 474 to 339, 58.3% to 41.7%; total votes 813. | Question 4: Approve beat Disapprove, 477 to 327, 59.3% to 40.7%; total votes 804. | Question 5: Approve beat Disapprove, 617 to 192, 76.3% to 23.7%; total votes 809. | Question 6: Disapprove beat Approve, 428 to 377, 53.2% to 46.8%; total votes 805. | Dem Primary Mayor: Zohran Kwame Mamdani beat Andrew M. Cuomo, 183 to 176, 39.8% to 38.3%; total votes 460. | Dem Primary Public Advocate: Jumaane D. Williams beat Jenifer Rajkumar, 273 to 110, 63.3% to 25.5%; total votes 431. | Dem Primary Comptroller: Mark D. Levine beat Justin Brannan, 228 to 129, 53.4% to 30.2%; total votes 427.", "mayor_margin": 7.7, "q2_yes": 57.9, "q3_yes": 58.3, "q4_yes": 59.3}, "geometry": {"type": "MultiPolygon", "coordinates": [[[[-73.8254566, 40.7120006], [-73.8248887, 40.7117701], [-73.8250141, 40.7117134], [-73.8277216, 40.7106034], [-73.8280988, 40.7109464], [-73.8283604, 40.7111294], [-73.8287283, 40.7115057], [-73.8288991, 40.7117567], [-73.82913, 40.7121539], [-73.8293141, 40.7124232], [-73.8298097, 40.7130399], [-73.8303802, 40.7136197], [-73.8301507, 40.7138463], [-73.8300822, 40.7139139], [-73.8299187, 40.7138622], [-73.8283873, 40.7132252], [-73.8273967, 40.7128323], [-73.8271246, 40.7127119], [-73.8264472, 40.7124121], [-73.8254566, 40.7120006]]]]}}, {"type": "Feature", "properties": {"felt:feature": 27, "ed_label": "AD 28 ED 003", "elect_dist": "28003", "borough": "Queens", "community_board": 9, "community_board_label": "Queens CB9", "popup_title": "Queens CB9 \u2014 AD 28 ED 003", "general_mayor": "ZOHRAN KWAME MAMDANI beat ANDREW M. CUOMO, 202.5 to 186.9, 47.5% to 43.8%; total votes 426.3.", "general_mayor_winner": "Mamdani", "general_public_advocate": "JUMAANE D. WILLIAMS beat GONZALO DURAN, 269.6 to 113.5, 67.7% to 28.5%; total votes 398.2.", "general_public_advocate_winner": "Williams", "general_comptroller": "MARK D. LEVINE beat PETER KEFALAS, 299.3 to 92.1, 74.3% to 22.9%; total votes 402.9.", "general_comptroller_winner": "Levine", "question_1": "Disapprove beat Approve, 225.4 to 154.1, 59.4% to 40.6%; total votes 379.4.", "question_1_winner": "No-disapprove!", "question_2": "Disapprove beat Approve, 199.9 to 182.7, 52.2% to 47.8%; total votes 382.6.", "question_2_winner": "No-disapprove!", "question_3": "Disapprove beat Approve, 194.1 to 186.3, 51.0% to 49.0%; total votes 380.5.", "question_3_winner": "No-disapprove!", "question_4": "Approve beat Disapprove, 192.1 to 187.9, 50.5% to 49.5%; total votes 380.", "question_4_winner": "Yes-approve!", "question_5": "Approve beat Disapprove, 282.6 to 94.7, 74.9% to 25.1%; total votes 377.3.", "question_5_winner": "Yes-approve!", "question_6": "Disapprove beat Approve, 205.6 to 173.3, 54.3% to 45.7%; total votes 378.9.", "question_6_winner": "No-disapprove!", "dem_primary_mayor": "Zohran Kwame Mamdani beat Andrew M. Cuomo, 82.2 to 77, 39.7% to 37.2%; total votes 207.2.", "dem_primary_mayor_winner": "Mamdani", "dem_primary_public_advocate": "Jumaane D. Williams beat Jenifer Rajkumar, 116.6 to 43.7, 61.7% to 23.1%; total votes 188.9.", "dem_primary_public_advocate_winner": "Williams", "dem_primary_comptroller": "Mark D. Levine beat Justin Brannan, 112.4 to 52.6, 59.3% to 27.7%; total votes 189.5.", "dem_primary_comptroller_winner": "Levine", "popup_summary": "Mayor: ZOHRAN KWAME MAMDANI beat ANDREW M. CUOMO, 202.5 to 186.9, 47.5% to 43.8%; total votes 426.3. | Public Advocate: JUMAANE D. WILLIAMS beat GONZALO DURAN, 269.6 to 113.5, 67.7% to 28.5%; total votes 398.2. | City Comptroller: MARK D. LEVINE beat PETER KEFALAS, 299.3 to 92.1, 74.3% to 22.9%; total votes 402.9. | Question 1: Disapprove beat Approve, 225.4 to 154.1, 59.4% to 40.6%; total votes 379.4. | Question 2: Disapprove beat Approve, 199.9 to 182.7, 52.2% to 47.8%; total votes 382.6. | Question 3: Disapprove beat Approve, 194.1 to 186.3, 51.0% to 49.0%; total votes 380.5. | Question 4: Approve beat Disapprove, 192.1 to 187.9, 50.5% to 49.5%; total votes 380. | Question 5: Approve beat Disapprove, 282.6 to 94.7, 74.9% to 25.1%; total votes 377.3. | Question 6: Disapprove beat Approve, 205.6 to 173.3, 54.3% to 45.7%; total votes 378.9. | Dem Primary Mayor: Zohran Kwame Mamdani beat Andrew M. Cuomo, 82.2 to 77, 39.7% to 37.2%; total votes 207.2. | Dem Primary Public Advocate: Jumaane D. Williams beat Jenifer Rajkumar, 116.6 to 43.7, 61.7% to 23.1%; total votes 188.9. | Dem Primary Comptroller: Mark D. Levine beat Justin Brannan, 112.4 to 52.6, 59.3% to 27.7%; total votes 189.5.", "mayor_margin": 3.7, "q2_yes": 52.2, "q3_yes": 51.0, "q4_yes": 50.5}, "geometry": {"type": "MultiPolygon", "coordinates": [[[[-73.8309646, 40.7097138], [-73.8311382, 40.7095983], [-73.8315287, 40.7093484], [-73.8316913, 40.7092622], [-73.8318646, 40.7091866], [-73.8320467, 40.7091227], [-73.8322356, 40.7090714], [-73.8324289, 40.7090331], [-73.8326243, 40.7090081], [-73.8341842, 40.7086715], [-73.8345386, 40.7085948], [-73.8353072, 40.7084286], [-73.8354303, 40.7083924], [-73.8354305, 40.7083923], [-73.8354307, 40.7083922], [-73.835547, 40.7083412], [-73.8355471, 40.7083411], [-73.8355472, 40.7083411], [-73.8356524, 40.7082763], [-73.8356524, 40.7082763], [-73.8357425, 40.7082004], [-73.8357426, 40.7082003], [-73.8357427, 40.7082001], [-73.835815, 40.7081161], [-73.8361854, 40.7075726], [-73.837147, 40.707957], [-73.8382843, 40.7084094], [-73.839011, 40.7085545], [-73.8391167, 40.7085749], [-73.8393809, 40.708626], [-73.8397579, 40.7086885], [-73.8406994, 40.7088412], [-73.8409081, 40.708875], [-73.8414459, 40.7089575], [-73.8415121, 40.7089694], [-73.8416162, 40.7089854], [-73.8422074, 40.7090763], [-73.8428018, 40.7091695], [-73.8429093, 40.7091863], [-73.8429644, 40.709195], [-73.8431463, 40.7092235], [-73.8429909, 40.7092869], [-73.8427189, 40.7093981], [-73.8426307, 40.709433], [-73.8413394, 40.7099462], [-73.8406915, 40.7101532], [-73.8402421, 40.7102619], [-73.840192, 40.7102768], [-73.8397803, 40.7103855], [-73.8397244, 40.7103988], [-73.8395231, 40.7104965], [-73.8380576, 40.7109209], [-73.8377089, 40.7110365], [-73.8373682, 40.7111669], [-73.8370371, 40.7113116], [-73.8370369, 40.7113117], [-73.8370367, 40.7113118], [-73.8367169, 40.7114701], [-73.8367166, 40.7114702], [-73.8367164, 40.7114703], [-73.836409, 40.7116415], [-73.8364088, 40.7116416], [-73.8364086, 40.7116418], [-73.8361148, 40.7118251], [-73.8349264, 40.7124738], [-73.8343418, 40.7127552], [-73.8337905, 40.7130509], [-73.8337777, 40.7130577], [-73.8337218, 40.7130877], [-73.8336754, 40.7130356], [-73.8336577, 40.7130157], [-73.8336338, 40.7129891], [-73.833569, 40.712917], [-73.8334921, 40.7128218], [-73.8334822, 40.7128119], [-73.8334468, 40.7127764], [-73.8334027, 40.7127322], [-73.8333849, 40.7127176], [-73.8333223, 40.7126663], [-73.8333018, 40.7126495], [-73.8332848, 40.7126381], [-73.8331909, 40.712575], [-73.8330718, 40.7125097], [-73.8328118, 40.7123733], [-73.8326866, 40.7122896], [-73.832658, 40.7122667], [-73.8325718, 40.712198], [-73.8319691, 40.7116597], [-73.8313716, 40.7111087], [-73.8318943, 40.7107722], [-73.832041, 40.7106778], [-73.8314336, 40.7101338], [-73.8309646, 40.7097138]]]]}}, {"type": "Feature", "properties": {"felt:feature": 28, "ed_label": "AD 28 ED 004", "elect_dist": "28004", "borough": "Queens", "community_board": 9, "community_board_label": "Queens CB9", "popup_title": "Queens CB9 \u2014 AD 28 ED 004", "general_mayor": "ZOHRAN KWAME MAMDANI beat ANDREW M. CUOMO, 429 to 350, 51.4% to 41.9%; total votes 835.", "general_mayor_winner": "Mamdani", "general_public_advocate": "JUMAANE D. WILLIAMS beat GONZALO DURAN, 576 to 185, 73.8% to 23.7%; total votes 781.", "general_public_advocate_winner": "Williams", "general_comptroller": "MARK D. LEVINE beat PETER KEFALAS, 603 to 157, 76.3% to 19.9%; total votes 790.", "general_comptroller_winner": "Levine", "question_1": "Disapprove beat Approve, 399 to 328, 54.9% to 45.1%; total votes 727.", "question_1_winner": "No-disapprove!", "question_2": "Approve beat Disapprove, 429 to 312, 57.9% to 42.1%; total votes 741.", "question_2_winner": "Yes-approve!", "question_3": "Approve beat Disapprove, 445 to 291, 60.5% to 39.5%; total votes 736.", "question_3_winner": "Yes-approve!", "question_4": "Approve beat Disapprove, 451 to 274, 62.2% to 37.8%; total votes 725.", "question_4_winner": "Yes-approve!", "question_5": "Approve beat Disapprove, 578 to 147, 79.7% to 20.3%; total votes 725.", "question_5_winner": "Yes-approve!", "question_6": "Disapprove beat Approve, 382 to 334, 53.4% to 46.6%; total votes 716.", "question_6_winner": "No-disapprove!", "dem_primary_mayor": "Zohran Kwame Mamdani beat Andrew M. Cuomo, 178 to 124, 47.1% to 32.8%; total votes 378.", "dem_primary_mayor_winner": "Mamdani", "dem_primary_public_advocate": "Jumaane D. Williams beat Jenifer Rajkumar, 229 to 77, 67.8% to 22.8%; total votes 338.", "dem_primary_public_advocate_winner": "Williams", "dem_primary_comptroller": "Mark D. Levine beat Justin Brannan, 183 to 113, 53.2% to 32.8%; total votes 344.", "dem_primary_comptroller_winner": "Levine", "popup_summary": "Mayor: ZOHRAN KWAME MAMDANI beat ANDREW M. CUOMO, 429 to 350, 51.4% to 41.9%; total votes 835. | Public Advocate: JUMAANE D. WILLIAMS beat GONZALO DURAN, 576 to 185, 73.8% to 23.7%; total votes 781. | City Comptroller: MARK D. LEVINE beat PETER KEFALAS, 603 to 157, 76.3% to 19.9%; total votes 790. | Question 1: Disapprove beat Approve, 399 to 328, 54.9% to 45.1%; total votes 727. | Question 2: Approve beat Disapprove, 429 to 312, 57.9% to 42.1%; total votes 741. | Question 3: Approve beat Disapprove, 445 to 291, 60.5% to 39.5%; total votes 736. | Question 4: Approve beat Disapprove, 451 to 274, 62.2% to 37.8%; total votes 725. | Question 5: Approve beat Disapprove, 578 to 147, 79.7% to 20.3%; total votes 725. | Question 6: Disapprove beat Approve, 382 to 334, 53.4% to 46.6%; total votes 716. | Dem Primary Mayor: Zohran Kwame Mamdani beat Andrew M. Cuomo, 178 to 124, 47.1% to 32.8%; total votes 378. | Dem Primary Public Advocate: Jumaane D. Williams beat Jenifer Rajkumar, 229 to 77, 67.8% to 22.8%; total votes 338. | Dem Primary Comptroller: Mark D. Levine beat Justin Brannan, 183 to 113, 53.2% to 32.8%; total votes 344.", "mayor_margin": 9.5, "q2_yes": 57.9, "q3_yes": 60.5, "q4_yes": 62.2}, "geometry": {"type": "MultiPolygon", "coordinates": [[[[-73.8244415, 40.7040616], [-73.8248125, 40.7041595], [-73.8254017, 40.7046669], [-73.8261993, 40.7053538], [-73.8270437, 40.7061296], [-73.8279998, 40.7070079], [-73.8285357, 40.7075002], [-73.8286731, 40.7076265], [-73.8299961, 40.7088419], [-73.8301935, 40.7090232], [-73.8300501, 40.7091152], [-73.8296869, 40.7093482], [-73.8289628, 40.7098121], [-73.828361, 40.7092642], [-73.8272146, 40.7099952], [-73.8269125, 40.7092517], [-73.8265319, 40.7081449], [-73.8261043, 40.7077266], [-73.8257469, 40.7058162], [-73.8256552, 40.7054263], [-73.8245077, 40.7043339], [-73.8244415, 40.7040616]]]]}}, {"type": "Feature", "properties": {"felt:feature": 29, "ed_label": "AD 28 ED 006", "elect_dist": "28006", "borough": "Queens", "community_board": 9, "community_board_label": "Queens CB9", "popup_title": "Queens CB9 \u2014 AD 28 ED 006", "general_mayor": "ANDREW M. CUOMO beat ZOHRAN KWAME MAMDANI, 177 to 82, 64.6% to 29.9%; total votes 274.", "general_mayor_winner": "Cuomo", "general_public_advocate": "GONZALO DURAN beat JUMAANE D. WILLIAMS, 129 to 115, 51.6% to 46.0%; total votes 250.", "general_public_advocate_winner": "Duran", "general_comptroller": "MARK D. LEVINE beat PETER KEFALAS, 164 to 81, 65.9% to 32.5%; total votes 249.", "general_comptroller_winner": "Levine", "question_1": "Disapprove beat Approve, 152 to 83, 64.7% to 35.3%; total votes 235.", "question_1_winner": "No-disapprove!", "question_2": "Disapprove beat Approve, 144 to 93, 60.8% to 39.2%; total votes 237.", "question_2_winner": "No-disapprove!", "question_3": "Disapprove beat Approve, 145 to 88, 62.2% to 37.8%; total votes 233.", "question_3_winner": "No-disapprove!", "question_4": "Disapprove beat Approve, 130 to 100, 56.5% to 43.5%; total votes 230.", "question_4_winner": "No-disapprove!", "question_5": "Approve beat Disapprove, 123 to 105, 53.9% to 46.1%; total votes 228.", "question_5_winner": "Yes-approve!", "question_6": "Disapprove beat Approve, 141 to 86, 62.1% to 37.9%; total votes 227.", "question_6_winner": "No-disapprove!", "dem_primary_mayor": "Andrew M. Cuomo beat Zohran Kwame Mamdani, 63 to 29, 61.8% to 28.4%; total votes 102.", "dem_primary_mayor_winner": "Cuomo", "dem_primary_public_advocate": "Jenifer Rajkumar beat Jumaane D. Williams, 54 to 28, 58.1% to 30.1%; total votes 93.", "dem_primary_public_advocate_winner": "Rajkumar", "dem_primary_comptroller": "Mark D. Levine beat Justin Brannan, 70 to 15, 72.9% to 15.6%; total votes 96.", "dem_primary_comptroller_winner": "Levine", "popup_summary": "Mayor: ANDREW M. CUOMO beat ZOHRAN KWAME MAMDANI, 177 to 82, 64.6% to 29.9%; total votes 274. | Public Advocate: GONZALO DURAN beat JUMAANE D. WILLIAMS, 129 to 115, 51.6% to 46.0%; total votes 250. | City Comptroller: MARK D. LEVINE beat PETER KEFALAS, 164 to 81, 65.9% to 32.5%; total votes 249. | Question 1: Disapprove beat Approve, 152 to 83, 64.7% to 35.3%; total votes 235. | Question 2: Disapprove beat Approve, 144 to 93, 60.8% to 39.2%; total votes 237. | Question 3: Disapprove beat Approve, 145 to 88, 62.2% to 37.8%; total votes 233. | Question 4: Disapprove beat Approve, 130 to 100, 56.5% to 43.5%; total votes 230. | Question 5: Approve beat Disapprove, 123 to 105, 53.9% to 46.1%; total votes 228. | Question 6: Disapprove beat Approve, 141 to 86, 62.1% to 37.9%; total votes 227. | Dem Primary Mayor: Andrew M. Cuomo beat Zohran Kwame Mamdani, 63 to 29, 61.8% to 28.4%; total votes 102. | Dem Primary Public Advocate: Jenifer Rajkumar beat Jumaane D. Williams, 54 to 28, 58.1% to 30.1%; total votes 93. | Dem Primary Comptroller: Mark D. Levine beat Justin Brannan, 70 to 15, 72.9% to 15.6%; total votes 96.", "mayor_margin": 34.7, "q2_yes": 60.8, "q3_yes": 62.2, "q4_yes": 56.5}, "geometry": {"type": "MultiPolygon", "coordinates": [[[[-73.8263735, 40.7042536], [-73.8276833, 40.7039177], [-73.8285674, 40.7036988], [-73.8294584, 40.7034698], [-73.8300725, 40.7033128], [-73.8306097, 40.7031798], [-73.8312423, 40.7030231], [-73.832132, 40.7027941], [-73.8328247, 40.704371], [-73.8319602, 40.7046484], [-73.8318189, 40.7046871], [-73.8318186, 40.7046872], [-73.8318184, 40.7046872], [-73.8316687, 40.7047122], [-73.8316685, 40.7047122], [-73.8316683, 40.7047122], [-73.8315134, 40.7047221], [-73.8315133, 40.7047221], [-73.8315131, 40.7047221], [-73.8313571, 40.7047161], [-73.831357, 40.7047161], [-73.8313569, 40.7047161], [-73.8312039, 40.7046945], [-73.8312039, 40.7046945], [-73.8312038, 40.7046945], [-73.8310579, 40.7046582], [-73.8310577, 40.7046582], [-73.8310576, 40.7046581], [-73.830922, 40.7046088], [-73.8308066, 40.7045732], [-73.8306821, 40.7045502], [-73.8305523, 40.7045416], [-73.8304217, 40.7045482], [-73.8304215, 40.7045482], [-73.8304213, 40.7045482], [-73.8302944, 40.7045697], [-73.8302943, 40.7045697], [-73.8302941, 40.7045697], [-73.830175, 40.7046049], [-73.8301748, 40.7046049], [-73.8301747, 40.704605], [-73.8300666, 40.7046518], [-73.8300259, 40.7047498], [-73.8296522, 40.7055437], [-73.8292064, 40.705416], [-73.8287416, 40.7052852], [-73.8281835, 40.705128], [-73.8277432, 40.7050004], [-73.8268092, 40.7047348], [-73.8264411, 40.7046273], [-73.8263735, 40.7042536]]]]}}, {"type": "Feature", "properties": {"felt:feature": 30, "ed_label": "AD 28 ED 007", "elect_dist": "28007", "borough": "Queens", "community_board": 9, "community_board_label": "Queens CB9", "popup_title": "Queens CB9 \u2014 AD 28 ED 007", "general_mayor": "ANDREW M. CUOMO beat ZOHRAN KWAME MAMDANI, 436 to 331, 52.5% to 39.8%; total votes 831.", "general_mayor_winner": "Cuomo", "general_public_advocate": "JUMAANE D. WILLIAMS beat GONZALO DURAN, 446 to 311, 58.2% to 40.6%; total votes 766.", "general_public_advocate_winner": "Williams", "general_comptroller": "MARK D. LEVINE beat PETER KEFALAS, 535 to 205, 70.4% to 27.0%; total votes 760.", "general_comptroller_winner": "Levine", "question_1": "Disapprove beat Approve, 427 to 247, 63.4% to 36.6%; total votes 674.", "question_1_winner": "No-disapprove!", "question_2": "Disapprove beat Approve, 379 to 318, 54.4% to 45.6%; total votes 697.", "question_2_winner": "No-disapprove!", "question_3": "Disapprove beat Approve, 382 to 308, 55.4% to 44.6%; total votes 690.", "question_3_winner": "No-disapprove!", "question_4": "Disapprove beat Approve, 354 to 315, 52.9% to 47.1%; total votes 669.", "question_4_winner": "No-disapprove!", "question_5": "Approve beat Disapprove, 399 to 265, 60.1% to 39.9%; total votes 664.", "question_5_winner": "Yes-approve!", "question_6": "Disapprove beat Approve, 405 to 264, 60.5% to 39.5%; total votes 669.", "question_6_winner": "No-disapprove!", "dem_primary_mayor": "Andrew M. Cuomo beat Zohran Kwame Mamdani, 176 to 130, 50.4% to 37.2%; total votes 349.", "dem_primary_mayor_winner": "Cuomo", "dem_primary_public_advocate": "Jumaane D. Williams beat Jenifer Rajkumar, 167 to 110, 53.5% to 35.3%; total votes 312.", "dem_primary_public_advocate_winner": "Williams", "dem_primary_comptroller": "Mark D. Levine beat Justin Brannan, 179 to 91, 56.6% to 28.8%; total votes 316.", "dem_primary_comptroller_winner": "Levine", "popup_summary": "Mayor: ANDREW M. CUOMO beat ZOHRAN KWAME MAMDANI, 436 to 331, 52.5% to 39.8%; total votes 831. | Public Advocate: JUMAANE D. WILLIAMS beat GONZALO DURAN, 446 to 311, 58.2% to 40.6%; total votes 766. | City Comptroller: MARK D. LEVINE beat PETER KEFALAS, 535 to 205, 70.4% to 27.0%; total votes 760. | Question 1: Disapprove beat Approve, 427 to 247, 63.4% to 36.6%; total votes 674. | Question 2: Disapprove beat Approve, 379 to 318, 54.4% to 45.6%; total votes 697. | Question 3: Disapprove beat Approve, 382 to 308, 55.4% to 44.6%; total votes 690. | Question 4: Disapprove beat Approve, 354 to 315, 52.9% to 47.1%; total votes 669. | Question 5: Approve beat Disapprove, 399 to 265, 60.1% to 39.9%; total votes 664. | Question 6: Disapprove beat Approve, 405 to 264, 60.5% to 39.5%; total votes 669. | Dem Primary Mayor: Andrew M. Cuomo beat Zohran Kwame Mamdani, 176 to 130, 50.4% to 37.2%; total votes 349. | Dem Primary Public Advocate: Jumaane D. Williams beat Jenifer Rajkumar, 167 to 110, 53.5% to 35.3%; total votes 312. | Dem Primary Comptroller: Mark D. Levine beat Justin Brannan, 179 to 91, 56.6% to 28.8%; total votes 316.", "mayor_margin": 12.7, "q2_yes": 54.4, "q3_yes": 55.4, "q4_yes": 52.9}, "geometry": {"type": "MultiPolygon", "coordinates": [[[[-73.8301935, 40.7090232], [-73.8299961, 40.7088419], [-73.8286731, 40.7076265], [-73.8285357, 40.7075002], [-73.8279998, 40.7070079], [-73.8270437, 40.7061296], [-73.8261993, 40.7053538], [-73.8254017, 40.7046669], [-73.8248125, 40.7041595], [-73.825441, 40.7043409], [-73.8257576, 40.7044275], [-73.8263735, 40.7042536], [-73.8264411, 40.7046273], [-73.8268092, 40.7047348], [-73.8277432, 40.7050004], [-73.8281835, 40.705128], [-73.8287416, 40.7052852], [-73.8292064, 40.705416], [-73.8296522, 40.7055437], [-73.831764, 40.7061417], [-73.8328387, 40.7064609], [-73.8349813, 40.7070973], [-73.8350718, 40.7071335], [-73.8355581, 40.7073282], [-73.8361854, 40.7075726], [-73.835815, 40.7081161], [-73.8357427, 40.7082001], [-73.8357426, 40.7082003], [-73.8357425, 40.7082004], [-73.8356524, 40.7082763], [-73.8356524, 40.7082763], [-73.8355472, 40.7083411], [-73.8355471, 40.7083411], [-73.835547, 40.7083412], [-73.8354307, 40.7083922], [-73.8354305, 40.7083923], [-73.8354303, 40.7083924], [-73.8353072, 40.7084286], [-73.8345386, 40.7085948], [-73.8341842, 40.7086715], [-73.8326243, 40.7090081], [-73.8324289, 40.7090331], [-73.8322356, 40.7090714], [-73.8320467, 40.7091227], [-73.8318646, 40.7091866], [-73.8316913, 40.7092622], [-73.8315287, 40.7093484], [-73.8311382, 40.7095983], [-73.8309646, 40.7097138], [-73.8303893, 40.7091986], [-73.8301935, 40.7090232]]]]}}, {"type": "Feature", "properties": {"felt:feature": 31, "ed_label": "AD 28 ED 008", "elect_dist": "28008", "borough": "Queens", "community_board": 9, "community_board_label": "Queens CB9", "popup_title": "Queens CB9 \u2014 AD 28 ED 008", "general_mayor": "ZOHRAN KWAME MAMDANI beat ANDREW M. CUOMO, 390 to 341, 48.8% to 42.7%; total votes 799.", "general_mayor_winner": "Mamdani", "general_public_advocate": "JUMAANE D. WILLIAMS beat GONZALO DURAN, 504 to 237, 66.9% to 31.5%; total votes 753.", "general_public_advocate_winner": "Williams", "general_comptroller": "MARK D. LEVINE beat PETER KEFALAS, 526 to 194, 71.5% to 26.4%; total votes 736.", "general_comptroller_winner": "Levine", "question_1": "Disapprove beat Approve, 409 to 268, 60.4% to 39.6%; total votes 677.", "question_1_winner": "No-disapprove!", "question_2": "Approve beat Disapprove, 389 to 294, 57.0% to 43.0%; total votes 683.", "question_2_winner": "Yes-approve!", "question_3": "Approve beat Disapprove, 368 to 311, 54.2% to 45.8%; total votes 679.", "question_3_winner": "Yes-approve!", "question_4": "Approve beat Disapprove, 369 to 306, 54.7% to 45.3%; total votes 675.", "question_4_winner": "Yes-approve!", "question_5": "Approve beat Disapprove, 489 to 188, 72.2% to 27.8%; total votes 677.", "question_5_winner": "Yes-approve!", "question_6": "Disapprove beat Approve, 397 to 280, 58.6% to 41.4%; total votes 677.", "question_6_winner": "No-disapprove!", "dem_primary_mayor": "Zohran Kwame Mamdani beat Andrew M. Cuomo, 140 to 92, 48.3% to 31.7%; total votes 290.", "dem_primary_mayor_winner": "Mamdani", "dem_primary_public_advocate": "Jumaane D. Williams beat Jenifer Rajkumar, 181 to 67, 67.0% to 24.8%; total votes 270.", "dem_primary_public_advocate_winner": "Williams", "dem_primary_comptroller": "Mark D. Levine beat Justin Brannan, 140 to 88, 51.9% to 32.6%; total votes 270.", "dem_primary_comptroller_winner": "Levine", "popup_summary": "Mayor: ZOHRAN KWAME MAMDANI beat ANDREW M. CUOMO, 390 to 341, 48.8% to 42.7%; total votes 799. | Public Advocate: JUMAANE D. WILLIAMS beat GONZALO DURAN, 504 to 237, 66.9% to 31.5%; total votes 753. | City Comptroller: MARK D. LEVINE beat PETER KEFALAS, 526 to 194, 71.5% to 26.4%; total votes 736. | Question 1: Disapprove beat Approve, 409 to 268, 60.4% to 39.6%; total votes 677. | Question 2: Approve beat Disapprove, 389 to 294, 57.0% to 43.0%; total votes 683. | Question 3: Approve beat Disapprove, 368 to 311, 54.2% to 45.8%; total votes 679. | Question 4: Approve beat Disapprove, 369 to 306, 54.7% to 45.3%; total votes 675. | Question 5: Approve beat Disapprove, 489 to 188, 72.2% to 27.8%; total votes 677. | Question 6: Disapprove beat Approve, 397 to 280, 58.6% to 41.4%; total votes 677. | Dem Primary Mayor: Zohran Kwame Mamdani beat Andrew M. Cuomo, 140 to 92, 48.3% to 31.7%; total votes 290. | Dem Primary Public Advocate: Jumaane D. Williams beat Jenifer Rajkumar, 181 to 67, 67.0% to 24.8%; total votes 270. | Dem Primary Comptroller: Mark D. Levine beat Justin Brannan, 140 to 88, 51.9% to 32.6%; total votes 270.", "mayor_margin": 6.1, "q2_yes": 57.0, "q3_yes": 54.2, "q4_yes": 54.7}, "geometry": {"type": "MultiPolygon", "coordinates": [[[[-73.8296522, 40.7055437], [-73.8300259, 40.7047498], [-73.8300666, 40.7046518], [-73.8301747, 40.704605], [-73.8301748, 40.7046049], [-73.830175, 40.7046049], [-73.8302941, 40.7045697], [-73.8302943, 40.7045697], [-73.8302944, 40.7045697], [-73.8304213, 40.7045482], [-73.8304215, 40.7045482], [-73.8304217, 40.7045482], [-73.8305523, 40.7045416], [-73.8306821, 40.7045502], [-73.8308066, 40.7045732], [-73.830922, 40.7046088], [-73.8310576, 40.7046581], [-73.8310577, 40.7046582], [-73.8310579, 40.7046582], [-73.8312038, 40.7046945], [-73.8312039, 40.7046945], [-73.8312039, 40.7046945], [-73.8313569, 40.7047161], [-73.831357, 40.7047161], [-73.8313571, 40.7047161], [-73.8315131, 40.7047221], [-73.8315133, 40.7047221], [-73.8315134, 40.7047221], [-73.8316683, 40.7047122], [-73.8316685, 40.7047122], [-73.8316687, 40.7047122], [-73.8318184, 40.7046872], [-73.8318186, 40.7046872], [-73.8318189, 40.7046871], [-73.8319602, 40.7046484], [-73.8328247, 40.704371], [-73.8337146, 40.7041493], [-73.8341133, 40.7050591], [-73.8341984, 40.7052557], [-73.834515, 40.7060006], [-73.8349813, 40.7070973], [-73.8328387, 40.7064609], [-73.831764, 40.7061417], [-73.8296522, 40.7055437]]]]}}, {"type": "Feature", "properties": {"felt:feature": 32, "ed_label": "AD 28 ED 009", "elect_dist": "28009", "borough": "Queens", "community_board": 9, "community_board_label": "Queens CB9", "popup_title": "Queens CB9 \u2014 AD 28 ED 009", "general_mayor": "ZOHRAN KWAME MAMDANI beat ANDREW M. CUOMO, 400 to 369, 47.3% to 43.6%; total votes 846.", "general_mayor_winner": "Mamdani", "general_public_advocate": "JUMAANE D. WILLIAMS beat GONZALO DURAN, 497 to 263, 63.7% to 33.7%; total votes 780.", "general_public_advocate_winner": "Williams", "general_comptroller": "MARK D. LEVINE beat PETER KEFALAS, 520 to 231, 67.4% to 30.0%; total votes 771.", "general_comptroller_winner": "Levine", "question_1": "Disapprove beat Approve, 424 to 282, 60.1% to 39.9%; total votes 706.", "question_1_winner": "No-disapprove!", "question_2": "Approve beat Disapprove, 405 to 301, 57.4% to 42.6%; total votes 706.", "question_2_winner": "Yes-approve!", "question_3": "Approve beat Disapprove, 377 to 326, 53.6% to 46.4%; total votes 703.", "question_3_winner": "Yes-approve!", "question_4": "Approve beat Disapprove, 390 to 309, 55.8% to 44.2%; total votes 699.", "question_4_winner": "Yes-approve!", "question_5": "Approve beat Disapprove, 509 to 188, 73.0% to 27.0%; total votes 697.", "question_5_winner": "Yes-approve!", "question_6": "Disapprove beat Approve, 384 to 314, 55.0% to 45.0%; total votes 698.", "question_6_winner": "No-disapprove!", "dem_primary_mayor": "Zohran Kwame Mamdani beat Andrew M. Cuomo, 164 to 129, 48.5% to 38.2%; total votes 338.", "dem_primary_mayor_winner": "Mamdani", "dem_primary_public_advocate": "Jumaane D. Williams beat Jenifer Rajkumar, 197 to 74, 65.2% to 24.5%; total votes 302.", "dem_primary_public_advocate_winner": "Williams", "dem_primary_comptroller": "Mark D. Levine beat Justin Brannan, 146 to 99, 48.7% to 33.0%; total votes 300.", "dem_primary_comptroller_winner": "Levine", "popup_summary": "Mayor: ZOHRAN KWAME MAMDANI beat ANDREW M. CUOMO, 400 to 369, 47.3% to 43.6%; total votes 846. | Public Advocate: JUMAANE D. WILLIAMS beat GONZALO DURAN, 497 to 263, 63.7% to 33.7%; total votes 780. | City Comptroller: MARK D. LEVINE beat PETER KEFALAS, 520 to 231, 67.4% to 30.0%; total votes 771. | Question 1: Disapprove beat Approve, 424 to 282, 60.1% to 39.9%; total votes 706. | Question 2: Approve beat Disapprove, 405 to 301, 57.4% to 42.6%; total votes 706. | Question 3: Approve beat Disapprove, 377 to 326, 53.6% to 46.4%; total votes 703. | Question 4: Approve beat Disapprove, 390 to 309, 55.8% to 44.2%; total votes 699. | Question 5: Approve beat Disapprove, 509 to 188, 73.0% to 27.0%; total votes 697. | Question 6: Disapprove beat Approve, 384 to 314, 55.0% to 45.0%; total votes 698. | Dem Primary Mayor: Zohran Kwame Mamdani beat Andrew M. Cuomo, 164 to 129, 48.5% to 38.2%; total votes 338. | Dem Primary Public Advocate: Jumaane D. Williams beat Jenifer Rajkumar, 197 to 74, 65.2% to 24.5%; total votes 302. | Dem Primary Comptroller: Mark D. Levine beat Justin Brannan, 146 to 99, 48.7% to 33.0%; total votes 300.", "mayor_margin": 3.7, "q2_yes": 57.4, "q3_yes": 53.6, "q4_yes": 55.8}, "geometry": {"type": "MultiPolygon", "coordinates": [[[[-73.8361854, 40.7075726], [-73.8355581, 40.7073282], [-73.8350718, 40.7071335], [-73.8349813, 40.7070973], [-73.834515, 40.7060006], [-73.8341984, 40.7052557], [-73.8341133, 40.7050591], [-73.8337146, 40.7041493], [-73.8346024, 40.7039275], [-73.8347546, 40.7038869], [-73.8354826, 40.7037011], [-73.835523, 40.7036928], [-73.8355618, 40.7036809], [-73.8355984, 40.7036654], [-73.8356322, 40.7036467], [-73.8356628, 40.7036249], [-73.8356897, 40.7036005], [-73.8357261, 40.703563], [-73.8357677, 40.7035287], [-73.835814, 40.7034982], [-73.8358645, 40.7034717], [-73.8359185, 40.7034496], [-73.8359753, 40.7034322], [-73.8360344, 40.7034196], [-73.8360949, 40.7034121], [-73.8361561, 40.7034097], [-73.8362173, 40.7034124], [-73.8362777, 40.7034203], [-73.8363366, 40.7034331], [-73.8364074, 40.7034404], [-73.8364789, 40.7034406], [-73.8365497, 40.7034337], [-73.8366188, 40.70342], [-73.8369624, 40.7042125], [-73.837331, 40.704855], [-73.837846, 40.7056295], [-73.8380686, 40.7059574], [-73.8380994, 40.7060307], [-73.8381221, 40.7061058], [-73.8381364, 40.706182], [-73.8381422, 40.7062589], [-73.8381396, 40.7063359], [-73.8381285, 40.7064124], [-73.8381091, 40.706488], [-73.8380814, 40.706562], [-73.8378432, 40.7069519], [-73.837147, 40.707957], [-73.8361854, 40.7075726]]]]}}, {"type": "Feature", "properties": {"felt:feature": 33, "ed_label": "AD 28 ED 018", "elect_dist": "28018", "borough": "Queens", "community_board": 9, "community_board_label": "Queens CB9", "popup_title": "Queens CB9 \u2014 AD 28 ED 018", "general_mayor": "ANDREW M. CUOMO beat ZOHRAN KWAME MAMDANI, 78 to 52, 56.1% to 37.4%; total votes 139.", "general_mayor_winner": "Cuomo", "general_public_advocate": "JUMAANE D. WILLIAMS beat GONZALO DURAN, 80 to 52, 60.1% to 39.1%; total votes 133.", "general_public_advocate_winner": "Williams", "general_comptroller": "MARK D. LEVINE beat PETER KEFALAS, 105 to 29, 77.8% to 21.5%; total votes 135.", "general_comptroller_winner": "Levine", "question_1": "Disapprove beat Approve, 73 to 50, 59.4% to 40.6%; total votes 123.", "question_1_winner": "No-disapprove!", "question_2": "Disapprove beat Approve, 71 to 52, 57.7% to 42.3%; total votes 123.", "question_2_winner": "No-disapprove!", "question_3": "Disapprove beat Approve, 69 to 53, 56.6% to 43.4%; total votes 122.", "question_3_winner": "No-disapprove!", "question_4": "Disapprove beat Approve, 65 to 56, 53.7% to 46.3%; total votes 121.", "question_4_winner": "No-disapprove!", "question_5": "Approve beat Disapprove, 73 to 48, 60.3% to 39.7%; total votes 121.", "question_5_winner": "Yes-approve!", "question_6": "Disapprove beat Approve, 76 to 44, 63.3% to 36.7%; total votes 120.", "question_6_winner": "No-disapprove!", "dem_primary_mayor": "Andrew M. Cuomo beat Zohran Kwame Mamdani, 34 to 17, 55.7% to 27.9%; total votes 61.", "dem_primary_mayor_winner": "Cuomo", "dem_primary_public_advocate": "Jenifer Rajkumar beat Jumaane D. Williams, 28 to 21, 51.9% to 38.9%; total votes 54.", "dem_primary_public_advocate_winner": "Rajkumar", "dem_primary_comptroller": "Mark D. Levine beat Ismael Malave Perez, 41 to 6, 75.9% to 11.1%; total votes 54.", "dem_primary_comptroller_winner": "Levine", "popup_summary": "Mayor: ANDREW M. CUOMO beat ZOHRAN KWAME MAMDANI, 78 to 52, 56.1% to 37.4%; total votes 139. | Public Advocate: JUMAANE D. WILLIAMS beat GONZALO DURAN, 80 to 52, 60.1% to 39.1%; total votes 133. | City Comptroller: MARK D. LEVINE beat PETER KEFALAS, 105 to 29, 77.8% to 21.5%; total votes 135. | Question 1: Disapprove beat Approve, 73 to 50, 59.4% to 40.6%; total votes 123. | Question 2: Disapprove beat Approve, 71 to 52, 57.7% to 42.3%; total votes 123. | Question 3: Disapprove beat Approve, 69 to 53, 56.6% to 43.4%; total votes 122. | Question 4: Disapprove beat Approve, 65 to 56, 53.7% to 46.3%; total votes 121. | Question 5: Approve beat Disapprove, 73 to 48, 60.3% to 39.7%; total votes 121. | Question 6: Disapprove beat Approve, 76 to 44, 63.3% to 36.7%; total votes 120. | Dem Primary Mayor: Andrew M. Cuomo beat Zohran Kwame Mamdani, 34 to 17, 55.7% to 27.9%; total votes 61. | Dem Primary Public Advocate: Jenifer Rajkumar beat Jumaane D. Williams, 28 to 21, 51.9% to 38.9%; total votes 54. | Dem Primary Comptroller: Mark D. Levine beat Ismael Malave Perez, 41 to 6, 75.9% to 11.1%; total votes 54.", "mayor_margin": 18.7, "q2_yes": 57.7, "q3_yes": 56.6, "q4_yes": 53.7}, "geometry": {"type": "MultiPolygon", "coordinates": [[[[-73.832132, 40.7027941], [-73.8330208, 40.7025703], [-73.8334498, 40.7024636], [-73.8339171, 40.7023474], [-73.8346024, 40.7039275], [-73.8337146, 40.7041493], [-73.8328247, 40.704371], [-73.832132, 40.7027941]]]]}}, {"type": "Feature", "properties": {"felt:feature": 34, "ed_label": "AD 28 ED 072", "elect_dist": "28072", "borough": "Queens", "community_board": 9, "community_board_label": "Queens CB9", "popup_title": "Queens CB9 \u2014 AD 28 ED 072", "general_mayor": "ANDREW M. CUOMO beat ZOHRAN KWAME MAMDANI, 224.6 to 218.5, 45.5% to 44.2%; total votes 493.8.", "general_mayor_winner": "Cuomo", "general_public_advocate": "JUMAANE D. WILLIAMS beat GONZALO DURAN, 309.4 to 126.7, 68.2% to 27.9%; total votes 453.6.", "general_public_advocate_winner": "Williams", "general_comptroller": "MARK D. LEVINE beat PETER KEFALAS, 329.5 to 109.2, 73.2% to 24.3%; total votes 450.1.", "general_comptroller_winner": "Levine", "question_1": "Disapprove beat Approve, 236.9 to 185.3, 56.1% to 43.9%; total votes 422.1.", "question_1_winner": "No-disapprove!", "question_2": "Approve beat Disapprove, 236 to 201.9, 53.9% to 46.1%; total votes 437.9.", "question_2_winner": "Yes-approve!", "question_3": "Disapprove beat Approve, 217.6 to 212.4, 50.6% to 49.4%; total votes 430.", "question_3_winner": "No-disapprove!", "question_4": "Approve beat Disapprove, 229 to 196.7, 53.8% to 46.2%; total votes 425.6.", "question_4_winner": "Yes-approve!", "question_5": "Approve beat Disapprove, 297.2 to 118.9, 71.4% to 28.6%; total votes 416.", "question_5_winner": "Yes-approve!", "question_6": "Disapprove beat Approve, 235.1 to 185.3, 55.9% to 44.1%; total votes 420.4.", "question_6_winner": "No-disapprove!", "dem_primary_mayor": "Zohran Kwame Mamdani beat Andrew M. Cuomo, 93.5 to 80.4, 41.3% to 35.5%; total votes 226.4.", "dem_primary_mayor_winner": "Mamdani", "dem_primary_public_advocate": "Jumaane D. Williams beat Jenifer Rajkumar, 132 to 47.2, 63.7% to 22.8%; total votes 207.1.", "dem_primary_public_advocate_winner": "Williams", "dem_primary_comptroller": "Mark D. Levine beat Justin Brannan, 116.2 to 61.2, 56.8% to 29.9%; total votes 204.5.", "dem_primary_comptroller_winner": "Levine", "popup_summary": "Mayor: ANDREW M. CUOMO beat ZOHRAN KWAME MAMDANI, 224.6 to 218.5, 45.5% to 44.2%; total votes 493.8. | Public Advocate: JUMAANE D. WILLIAMS beat GONZALO DURAN, 309.4 to 126.7, 68.2% to 27.9%; total votes 453.6. | City Comptroller: MARK D. LEVINE beat PETER KEFALAS, 329.5 to 109.2, 73.2% to 24.3%; total votes 450.1. | Question 1: Disapprove beat Approve, 236.9 to 185.3, 56.1% to 43.9%; total votes 422.1. | Question 2: Approve beat Disapprove, 236 to 201.9, 53.9% to 46.1%; total votes 437.9. | Question 3: Disapprove beat Approve, 217.6 to 212.4, 50.6% to 49.4%; total votes 430. | Question 4: Approve beat Disapprove, 229 to 196.7, 53.8% to 46.2%; total votes 425.6. | Question 5: Approve beat Disapprove, 297.2 to 118.9, 71.4% to 28.6%; total votes 416. | Question 6: Disapprove beat Approve, 235.1 to 185.3, 55.9% to 44.1%; total votes 420.4. | Dem Primary Mayor: Zohran Kwame Mamdani beat Andrew M. Cuomo, 93.5 to 80.4, 41.3% to 35.5%; total votes 226.4. | Dem Primary Public Advocate: Jumaane D. Williams beat Jenifer Rajkumar, 132 to 47.2, 63.7% to 22.8%; total votes 207.1. | Dem Primary Comptroller: Mark D. Levine beat Justin Brannan, 116.2 to 61.2, 56.8% to 29.9%; total votes 204.5.", "mayor_margin": 1.3, "q2_yes": 53.9, "q3_yes": 50.6, "q4_yes": 53.8}, "geometry": {"type": "MultiPolygon", "coordinates": [[[[-73.8314587, 40.7145544], [-73.8312589, 40.7144413], [-73.8311585, 40.7143934], [-73.8310692, 40.714354], [-73.8310314, 40.7143367], [-73.8309782, 40.7143136], [-73.8308675, 40.7142698], [-73.8307133, 40.7142082], [-73.8302716, 40.7139902], [-73.8300822, 40.7139139], [-73.8301507, 40.7138463], [-73.8303802, 40.7136197], [-73.8298097, 40.7130399], [-73.8293141, 40.7124232], [-73.82913, 40.7121539], [-73.8288991, 40.7117567], [-73.8287283, 40.7115057], [-73.8283604, 40.7111294], [-73.8280988, 40.7109464], [-73.8277216, 40.7106034], [-73.8272146, 40.7099952], [-73.828361, 40.7092642], [-73.8289628, 40.7098121], [-73.8296869, 40.7093482], [-73.8300501, 40.7091152], [-73.8301935, 40.7090232], [-73.8303893, 40.7091986], [-73.8309646, 40.7097138], [-73.8314336, 40.7101338], [-73.832041, 40.7106778], [-73.8318943, 40.7107722], [-73.8313716, 40.7111087], [-73.8319691, 40.7116597], [-73.8325718, 40.712198], [-73.832658, 40.7122667], [-73.8326866, 40.7122896], [-73.8328118, 40.7123733], [-73.8330718, 40.7125097], [-73.8331909, 40.712575], [-73.8332848, 40.7126381], [-73.8333018, 40.7126495], [-73.8333223, 40.7126663], [-73.8333849, 40.7127176], [-73.8334027, 40.7127322], [-73.8334468, 40.7127764], [-73.8334822, 40.7128119], [-73.8334921, 40.7128218], [-73.833569, 40.712917], [-73.8336338, 40.7129891], [-73.8336577, 40.7130157], [-73.8336754, 40.7130356], [-73.8337218, 40.7130877], [-73.8336528, 40.7131234], [-73.8336428, 40.7131286], [-73.8336739, 40.7131571], [-73.8337027, 40.7131836], [-73.8334098, 40.7133317], [-73.8325538, 40.7137906], [-73.8330347, 40.7143066], [-73.8331468, 40.7144338], [-73.8324084, 40.7149871], [-73.8322866, 40.7150784], [-73.8322313, 40.7151197], [-73.8314587, 40.7145544]]]]}}, {"type": "Feature", "properties": {"felt:feature": 35, "ed_label": "AD 28 ED 075", "elect_dist": "28075", "borough": "Queens", "community_board": 9, "community_board_label": "Queens CB9", "popup_title": "Queens CB9 \u2014 AD 28 ED 075", "general_mayor": "ANDREW M. CUOMO beat CURTIS A. SLIWA, 0 to 0, 0.0% to 0.0%; total votes 0.", "general_mayor_winner": "Cuomo", "general_public_advocate": "GONZALO DURAN beat JUMAANE D. WILLIAMS, 0 to 0, 0.0% to 0.0%; total votes 0.", "general_public_advocate_winner": "Duran", "general_comptroller": "ISMAEL MALAVE PEREZ beat MARK D. LEVINE, 0 to 0, 0.0% to 0.0%; total votes 0.", "general_comptroller_winner": "Perez", "question_1": "Disapprove beat Approve, 0 to 0, 0.0% to 0.0%; total votes 0.", "question_1_winner": "No-disapprove!", "question_2": "Disapprove beat Approve, 0 to 0, 0.0% to 0.0%; total votes 0.", "question_2_winner": "No-disapprove!", "question_3": "Disapprove beat Approve, 0 to 0, 0.0% to 0.0%; total votes 0.", "question_3_winner": "No-disapprove!", "question_4": "Disapprove beat Approve, 0 to 0, 0.0% to 0.0%; total votes 0.", "question_4_winner": "No-disapprove!", "question_5": "Disapprove beat Approve, 0 to 0, 0.0% to 0.0%; total votes 0.", "question_5_winner": "No-disapprove!", "question_6": "Disapprove beat Approve, 0 to 0, 0.0% to 0.0%; total votes 0.", "question_6_winner": "No-disapprove!", "dem_primary_mayor": "No results found", "dem_primary_mayor_winner": "No winner found", "dem_primary_public_advocate": "No results found", "dem_primary_public_advocate_winner": "No winner found", "dem_primary_comptroller": "No results found", "dem_primary_comptroller_winner": "No winner found", "popup_summary": "Mayor: ANDREW M. CUOMO beat CURTIS A. SLIWA, 0 to 0, 0.0% to 0.0%; total votes 0. | Public Advocate: GONZALO DURAN beat JUMAANE D. WILLIAMS, 0 to 0, 0.0% to 0.0%; total votes 0. | City Comptroller: ISMAEL MALAVE PEREZ beat MARK D. LEVINE, 0 to 0, 0.0% to 0.0%; total votes 0. | Question 1: Disapprove beat Approve, 0 to 0, 0.0% to 0.0%; total votes 0. | Question 2: Disapprove beat Approve, 0 to 0, 0.0% to 0.0%; total votes 0. | Question 3: Disapprove beat Approve, 0 to 0, 0.0% to 0.0%; total votes 0. | Question 4: Disapprove beat Approve, 0 to 0, 0.0% to 0.0%; total votes 0. | Question 5: Disapprove beat Approve, 0 to 0, 0.0% to 0.0%; total votes 0. | Question 6: Disapprove beat Approve, 0 to 0, 0.0% to 0.0%; total votes 0.", "mayor_margin": 0.0, "q2_yes": 0.0, "q3_yes": 0.0, "q4_yes": 0.0}, "geometry": {"type": "MultiPolygon", "coordinates": [[[[-73.8202388, 40.7096669], [-73.8204165, 40.7097582], [-73.820487, 40.7097944], [-73.8207051, 40.7098983], [-73.8208625, 40.7100672], [-73.8210683, 40.7102792], [-73.8213139, 40.7105482], [-73.8216075, 40.7107995], [-73.8218762, 40.7110294], [-73.8227587, 40.7117358], [-73.822922, 40.7118676], [-73.8230813, 40.7120021], [-73.8232366, 40.7121393], [-73.8233878, 40.7122792], [-73.8235349, 40.7124216], [-73.8236777, 40.7125664], [-73.8238161, 40.7127137], [-73.8239502, 40.7128634], [-73.8238389, 40.7129409], [-73.8237232, 40.7130217], [-73.823531, 40.7128029], [-73.8233328, 40.7125872], [-73.8231287, 40.7123747], [-73.8229187, 40.7121655], [-73.822703, 40.7119597], [-73.8224816, 40.7117575], [-73.8216824, 40.7111592], [-73.8215177, 40.711029], [-73.8213593, 40.7108944], [-73.8212073, 40.7107556], [-73.821062, 40.7106127], [-73.8209235, 40.7104659], [-73.820792, 40.7103155], [-73.820626, 40.7100918], [-73.8204256, 40.7098608], [-73.8202388, 40.7096669]]]]}}, {"type": "Feature", "properties": {"felt:feature": 36, "ed_label": "AD 32 ED 068", "elect_dist": "32068", "borough": "Queens", "community_board": 9, "community_board_label": "Queens CB9", "popup_title": "Queens CB9 \u2014 AD 32 ED 068", "general_mayor": "ANDREW M. CUOMO beat CURTIS A. SLIWA, 0 to 0, 0.0% to 0.0%; total votes 0.", "general_mayor_winner": "Cuomo", "general_public_advocate": "GONZALO DURAN beat JUMAANE D. WILLIAMS, 0 to 0, 0.0% to 0.0%; total votes 0.", "general_public_advocate_winner": "Duran", "general_comptroller": "ISMAEL MALAVE PEREZ beat MARK D. LEVINE, 0 to 0, 0.0% to 0.0%; total votes 0.", "general_comptroller_winner": "Perez", "question_1": "Disapprove beat Approve, 0 to 0, 0.0% to 0.0%; total votes 0.", "question_1_winner": "No-disapprove!", "question_2": "Disapprove beat Approve, 0 to 0, 0.0% to 0.0%; total votes 0.", "question_2_winner": "No-disapprove!", "question_3": "Disapprove beat Approve, 0 to 0, 0.0% to 0.0%; total votes 0.", "question_3_winner": "No-disapprove!", "question_4": "Disapprove beat Approve, 0 to 0, 0.0% to 0.0%; total votes 0.", "question_4_winner": "No-disapprove!", "question_5": "Disapprove beat Approve, 0 to 0, 0.0% to 0.0%; total votes 0.", "question_5_winner": "No-disapprove!", "question_6": "Disapprove beat Approve, 0 to 0, 0.0% to 0.0%; total votes 0.", "question_6_winner": "No-disapprove!", "dem_primary_mayor": "No results found", "dem_primary_mayor_winner": "No winner found", "dem_primary_public_advocate": "No results found", "dem_primary_public_advocate_winner": "No winner found", "dem_primary_comptroller": "No results found", "dem_primary_comptroller_winner": "No winner found", "popup_summary": "Mayor: ANDREW M. CUOMO beat CURTIS A. SLIWA, 0 to 0, 0.0% to 0.0%; total votes 0. | Public Advocate: GONZALO DURAN beat JUMAANE D. WILLIAMS, 0 to 0, 0.0% to 0.0%; total votes 0. | City Comptroller: ISMAEL MALAVE PEREZ beat MARK D. LEVINE, 0 to 0, 0.0% to 0.0%; total votes 0. | Question 1: Disapprove beat Approve, 0 to 0, 0.0% to 0.0%; total votes 0. | Question 2: Disapprove beat Approve, 0 to 0, 0.0% to 0.0%; total votes 0. | Question 3: Disapprove beat Approve, 0 to 0, 0.0% to 0.0%; total votes 0. | Question 4: Disapprove beat Approve, 0 to 0, 0.0% to 0.0%; total votes 0. | Question 5: Disapprove beat Approve, 0 to 0, 0.0% to 0.0%; total votes 0. | Question 6: Disapprove beat Approve, 0 to 0, 0.0% to 0.0%; total votes 0.", "mayor_margin": 0.0, "q2_yes": 0.0, "q3_yes": 0.0, "q4_yes": 0.0}, "geometry": {"type": "MultiPolygon", "coordinates": [[[[-73.8142321, 40.6983339], [-73.8140737, 40.69804], [-73.8139965, 40.6978943], [-73.8138705, 40.697671], [-73.8136431, 40.6972684], [-73.8136046, 40.6972003], [-73.8135632, 40.6971368], [-73.8133369, 40.696776], [-73.8130952, 40.6963906], [-73.8130733, 40.6963558], [-73.8129289, 40.6961261], [-73.8123607, 40.6952223], [-73.8122588, 40.6950442], [-73.8121529, 40.6948589], [-73.8120025, 40.694596], [-73.8119313, 40.6944766], [-73.8116714, 40.694022], [-73.8116349, 40.6939411], [-73.8115286, 40.6937486], [-73.8113079, 40.6933491], [-73.8109169, 40.6926528], [-73.8107644, 40.692376], [-73.8106617, 40.6921896], [-73.8105422, 40.6919725], [-73.810633, 40.6919474], [-73.8107259, 40.6919224], [-73.8108408, 40.6921311], [-73.8109714, 40.6923681], [-73.8110997, 40.692601], [-73.8114788, 40.6932983], [-73.8114815, 40.6933029], [-73.8117674, 40.6937955], [-73.8118181, 40.6938829], [-73.8118624, 40.693965], [-73.8121241, 40.6944102], [-73.8121947, 40.6945302], [-73.8123415, 40.6948051], [-73.8124682, 40.6950306], [-73.8125476, 40.6951717], [-73.8130959, 40.6960839], [-73.8132519, 40.6963435], [-73.8132547, 40.6963483], [-73.8134815, 40.6967255], [-73.8137259, 40.6971321], [-73.8137664, 40.6971983], [-73.8138069, 40.697264], [-73.8140417, 40.6976659], [-73.8141666, 40.6978799], [-73.8142445, 40.6980373], [-73.8144122, 40.698335], [-73.8143092, 40.6983353], [-73.8142321, 40.6983339]]]]}}, {"type": "Feature", "properties": {"felt:feature": 37, "ed_label": "AD 38 ED 017", "elect_dist": "38017", "borough": "Queens", "community_board": 9, "community_board_label": "Queens CB9", "popup_title": "Queens CB9 \u2014 AD 38 ED 017", "general_mayor": "ANDREW M. CUOMO beat ZOHRAN KWAME MAMDANI, 134.7 to 76, 50.5% to 28.5%; total votes 266.9.", "general_mayor_winner": "Cuomo", "general_public_advocate": "JUMAANE D. WILLIAMS beat GONZALO DURAN, 117.6 to 113.7, 49.2% to 47.5%; total votes 239.2.", "general_public_advocate_winner": "Williams", "general_comptroller": "MARK D. LEVINE beat PETER KEFALAS, 123.3 to 109.4, 51.9% to 46.0%; total votes 237.7.", "general_comptroller_winner": "Levine", "question_1": "Disapprove beat Approve, 129.3 to 76.4, 62.9% to 37.1%; total votes 205.8.", "question_1_winner": "No-disapprove!", "question_2": "Disapprove beat Approve, 113.7 to 94.5, 54.6% to 45.4%; total votes 208.2.", "question_2_winner": "No-disapprove!", "question_3": "Disapprove beat Approve, 111.9 to 94.9, 54.1% to 45.9%; total votes 206.8.", "question_3_winner": "No-disapprove!", "question_4": "Disapprove beat Approve, 109.8 to 93.1, 54.1% to 45.9%; total votes 202.9.", "question_4_winner": "No-disapprove!", "question_5": "Approve beat Disapprove, 127.2 to 73.9, 63.3% to 36.7%; total votes 201.1.", "question_5_winner": "Yes-approve!", "question_6": "Disapprove beat Approve, 129 to 73.2, 63.8% to 36.2%; total votes 202.2.", "question_6_winner": "No-disapprove!", "dem_primary_mayor": "Andrew M. Cuomo beat Zohran Kwame Mamdani, 34.8 to 30.9, 43.4% to 38.5%; total votes 80.3.", "dem_primary_mayor_winner": "Cuomo", "dem_primary_public_advocate": "Jenifer Rajkumar beat Jumaane D. Williams, 45.8 to 24.2, 60.8% to 32.1%; total votes 75.3.", "dem_primary_public_advocate_winner": "Rajkumar", "dem_primary_comptroller": "Mark D. Levine beat Justin Brannan, 38.7 to 18.1, 54.8% to 25.6%; total votes 70.7.", "dem_primary_comptroller_winner": "Levine", "popup_summary": "Mayor: ANDREW M. CUOMO beat ZOHRAN KWAME MAMDANI, 134.7 to 76, 50.5% to 28.5%; total votes 266.9. | Public Advocate: JUMAANE D. WILLIAMS beat GONZALO DURAN, 117.6 to 113.7, 49.2% to 47.5%; total votes 239.2. | City Comptroller: MARK D. LEVINE beat PETER KEFALAS, 123.3 to 109.4, 51.9% to 46.0%; total votes 237.7. | Question 1: Disapprove beat Approve, 129.3 to 76.4, 62.9% to 37.1%; total votes 205.8. | Question 2: Disapprove beat Approve, 113.7 to 94.5, 54.6% to 45.4%; total votes 208.2. | Question 3: Disapprove beat Approve, 111.9 to 94.9, 54.1% to 45.9%; total votes 206.8. | Question 4: Disapprove beat Approve, 109.8 to 93.1, 54.1% to 45.9%; total votes 202.9. | Question 5: Approve beat Disapprove, 127.2 to 73.9, 63.3% to 36.7%; total votes 201.1. | Question 6: Disapprove beat Approve, 129 to 73.2, 63.8% to 36.2%; total votes 202.2. | Dem Primary Mayor: Andrew M. Cuomo beat Zohran Kwame Mamdani, 34.8 to 30.9, 43.4% to 38.5%; total votes 80.3. | Dem Primary Public Advocate: Jenifer Rajkumar beat Jumaane D. Williams, 45.8 to 24.2, 60.8% to 32.1%; total votes 75.3. | Dem Primary Comptroller: Mark D. Levine beat Justin Brannan, 38.7 to 18.1, 54.8% to 25.6%; total votes 70.7.", "mayor_margin": 22.0, "q2_yes": 54.6, "q3_yes": 54.1, "q4_yes": 54.1}, "geometry": {"type": "MultiPolygon", "coordinates": [[[[-73.8502636, 40.7020422], [-73.8502782, 40.7019377], [-73.8502782, 40.7019375], [-73.8502782, 40.7019374], [-73.8502722, 40.7018287], [-73.8502441, 40.7017194], [-73.8502441, 40.7017193], [-73.850244, 40.7017191], [-73.8501935, 40.7016132], [-73.850122, 40.7015144], [-73.8501219, 40.7015143], [-73.8501218, 40.7015142], [-73.8500323, 40.7014261], [-73.8499287, 40.701351], [-73.8499286, 40.701351], [-73.8499285, 40.7013509], [-73.8498155, 40.7012904], [-73.8478332, 40.7003199], [-73.8477113, 40.7002586], [-73.847598, 40.7001844], [-73.8475979, 40.7001843], [-73.8475978, 40.7001842], [-73.8474963, 40.7000979], [-73.8474098, 40.7000015], [-73.8474096, 40.7000014], [-73.8474095, 40.7000012], [-73.8473404, 40.699897], [-73.8472902, 40.6997875], [-73.8472595, 40.699676], [-73.8472479, 40.6995652], [-73.8472143, 40.6993758], [-73.8471621, 40.6991883], [-73.8470919, 40.6990044], [-73.8470919, 40.6990043], [-73.8470918, 40.6990041], [-73.8470041, 40.6988252], [-73.8478967, 40.6986003], [-73.8482091, 40.6985184], [-73.8486812, 40.6984585], [-73.8491384, 40.6982827], [-73.8494776, 40.6981958], [-73.8499329, 40.6980901], [-73.8518384, 40.6976817], [-73.8525496, 40.6975868], [-73.8526587, 40.6975723], [-73.8527451, 40.6975608], [-73.8527122, 40.697669], [-73.8527011, 40.6978183], [-73.8527077, 40.6979686], [-73.8527321, 40.6981181], [-73.852774, 40.6982651], [-73.8528326, 40.6984078], [-73.8533849, 40.6992543], [-73.8538625, 40.6998649], [-73.8543747, 40.7004207], [-73.8544996, 40.7005519], [-73.8545663, 40.7005941], [-73.854961, 40.7010011], [-73.8550588, 40.7011278], [-73.8551417, 40.7012623], [-73.8552082, 40.701403], [-73.8552573, 40.7015482], [-73.8552883, 40.7016958], [-73.855301, 40.7018441], [-73.8552957, 40.701991], [-73.8552928, 40.7025955], [-73.8551811, 40.7025833], [-73.8526654, 40.7023076], [-73.8525202, 40.7022917], [-73.8520817, 40.7022433], [-73.8506871, 40.7020891], [-73.8502636, 40.7020422]]]]}}, {"type": "Feature", "properties": {"felt:feature": 38, "ed_label": "AD 38 ED 018", "elect_dist": "38018", "borough": "Queens", "community_board": 9, "community_board_label": "Queens CB9", "popup_title": "Queens CB9 \u2014 AD 38 ED 018", "general_mayor": "ZOHRAN KWAME MAMDANI beat ANDREW M. CUOMO, 172 to 129, 49.1% to 36.9%; total votes 350.", "general_mayor_winner": "Mamdani", "general_public_advocate": "JUMAANE D. WILLIAMS beat GONZALO DURAN, 220 to 101, 67.7% to 31.1%; total votes 325.", "general_public_advocate_winner": "Williams", "general_comptroller": "MARK D. LEVINE beat PETER KEFALAS, 213 to 90, 66.1% to 27.9%; total votes 322.", "general_comptroller_winner": "Levine", "question_1": "Disapprove beat Approve, 160 to 101, 61.3% to 38.7%; total votes 261.", "question_1_winner": "No-disapprove!", "question_2": "Approve beat Disapprove, 154 to 113, 57.7% to 42.3%; total votes 267.", "question_2_winner": "Yes-approve!", "question_3": "Approve beat Disapprove, 139 to 124, 52.9% to 47.1%; total votes 263.", "question_3_winner": "Yes-approve!", "question_4": "Approve beat Disapprove, 146 to 117, 55.5% to 44.5%; total votes 263.", "question_4_winner": "Yes-approve!", "question_5": "Approve beat Disapprove, 174 to 87, 66.7% to 33.3%; total votes 261.", "question_5_winner": "Yes-approve!", "question_6": "Disapprove beat Approve, 158 to 102, 60.8% to 39.2%; total votes 260.", "question_6_winner": "No-disapprove!", "dem_primary_mayor": "Zohran Kwame Mamdani beat Andrew M. Cuomo, 76 to 41, 58.0% to 31.3%; total votes 131.", "dem_primary_mayor_winner": "Mamdani", "dem_primary_public_advocate": "Jumaane D. Williams beat Jenifer Rajkumar, 64 to 53, 52.0% to 43.1%; total votes 123.", "dem_primary_public_advocate_winner": "Williams", "dem_primary_comptroller": "Justin Brannan beat Ismael Malave Perez, 43 to 34, 37.1% to 29.3%; total votes 116.", "dem_primary_comptroller_winner": "Brannan", "popup_summary": "Mayor: ZOHRAN KWAME MAMDANI beat ANDREW M. CUOMO, 172 to 129, 49.1% to 36.9%; total votes 350. | Public Advocate: JUMAANE D. WILLIAMS beat GONZALO DURAN, 220 to 101, 67.7% to 31.1%; total votes 325. | City Comptroller: MARK D. LEVINE beat PETER KEFALAS, 213 to 90, 66.1% to 27.9%; total votes 322. | Question 1: Disapprove beat Approve, 160 to 101, 61.3% to 38.7%; total votes 261. | Question 2: Approve beat Disapprove, 154 to 113, 57.7% to 42.3%; total votes 267. | Question 3: Approve beat Disapprove, 139 to 124, 52.9% to 47.1%; total votes 263. | Question 4: Approve beat Disapprove, 146 to 117, 55.5% to 44.5%; total votes 263. | Question 5: Approve beat Disapprove, 174 to 87, 66.7% to 33.3%; total votes 261. | Question 6: Disapprove beat Approve, 158 to 102, 60.8% to 39.2%; total votes 260. | Dem Primary Mayor: Zohran Kwame Mamdani beat Andrew M. Cuomo, 76 to 41, 58.0% to 31.3%; total votes 131. | Dem Primary Public Advocate: Jumaane D. Williams beat Jenifer Rajkumar, 64 to 53, 52.0% to 43.1%; total votes 123. | Dem Primary Comptroller: Justin Brannan beat Ismael Malave Perez, 43 to 34, 37.1% to 29.3%; total votes 116.", "mayor_margin": 12.2, "q2_yes": 57.7, "q3_yes": 52.9, "q4_yes": 55.5}, "geometry": {"type": "MultiPolygon", "coordinates": [[[[-73.8608956, 40.692318], [-73.8621481, 40.6921504], [-73.8624435, 40.6921038], [-73.8633122, 40.6919617], [-73.8638582, 40.6935143], [-73.8640911, 40.694175], [-73.8643204, 40.6948423], [-73.8645571, 40.6955205], [-73.8636866, 40.6956914], [-73.8623683, 40.6959501], [-73.8622131, 40.695573], [-73.8619406, 40.6949154], [-73.8617334, 40.6943897], [-73.8616812, 40.6942591], [-73.8614159, 40.6936055], [-73.8611479, 40.6929487], [-73.8608956, 40.692318]]]]}}, {"type": "Feature", "properties": {"felt:feature": 39, "ed_label": "AD 38 ED 019", "elect_dist": "38019", "borough": "Queens", "community_board": 9, "community_board_label": "Queens CB9", "popup_title": "Queens CB9 \u2014 AD 38 ED 019", "general_mayor": "ZOHRAN KWAME MAMDANI beat ANDREW M. CUOMO, 254 to 186, 51.0% to 37.3%; total votes 498.", "general_mayor_winner": "Mamdani", "general_public_advocate": "JUMAANE D. WILLIAMS beat GONZALO DURAN, 317 to 134, 68.8% to 29.1%; total votes 461.", "general_public_advocate_winner": "Williams", "general_comptroller": "MARK D. LEVINE beat PETER KEFALAS, 311 to 128, 68.2% to 28.1%; total votes 456.", "general_comptroller_winner": "Levine", "question_1": "Disapprove beat Approve, 197 to 173, 53.2% to 46.8%; total votes 370.", "question_1_winner": "No-disapprove!", "question_2": "Approve beat Disapprove, 259 to 120, 68.3% to 31.7%; total votes 379.", "question_2_winner": "Yes-approve!", "question_3": "Approve beat Disapprove, 233 to 141, 62.3% to 37.7%; total votes 374.", "question_3_winner": "Yes-approve!", "question_4": "Approve beat Disapprove, 259 to 118, 68.7% to 31.3%; total votes 377.", "question_4_winner": "Yes-approve!", "question_5": "Approve beat Disapprove, 277 to 95, 74.5% to 25.5%; total votes 372.", "question_5_winner": "Yes-approve!", "question_6": "Disapprove beat Approve, 189 to 182, 50.9% to 49.1%; total votes 371.", "question_6_winner": "No-disapprove!", "dem_primary_mayor": "Zohran Kwame Mamdani beat Andrew M. Cuomo, 85 to 71, 48.3% to 40.3%; total votes 176.", "dem_primary_mayor_winner": "Mamdani", "dem_primary_public_advocate": "Jenifer Rajkumar beat Jumaane D. Williams, 81 to 67, 50.0% to 41.4%; total votes 162.", "dem_primary_public_advocate_winner": "Rajkumar", "dem_primary_comptroller": "Mark D. Levine beat Ismael Malave Perez, 62 to 43, 40.8% to 28.3%; total votes 152.", "dem_primary_comptroller_winner": "Levine", "popup_summary": "Mayor: ZOHRAN KWAME MAMDANI beat ANDREW M. CUOMO, 254 to 186, 51.0% to 37.3%; total votes 498. | Public Advocate: JUMAANE D. WILLIAMS beat GONZALO DURAN, 317 to 134, 68.8% to 29.1%; total votes 461. | City Comptroller: MARK D. LEVINE beat PETER KEFALAS, 311 to 128, 68.2% to 28.1%; total votes 456. | Question 1: Disapprove beat Approve, 197 to 173, 53.2% to 46.8%; total votes 370. | Question 2: Approve beat Disapprove, 259 to 120, 68.3% to 31.7%; total votes 379. | Question 3: Approve beat Disapprove, 233 to 141, 62.3% to 37.7%; total votes 374. | Question 4: Approve beat Disapprove, 259 to 118, 68.7% to 31.3%; total votes 377. | Question 5: Approve beat Disapprove, 277 to 95, 74.5% to 25.5%; total votes 372. | Question 6: Disapprove beat Approve, 189 to 182, 50.9% to 49.1%; total votes 371. | Dem Primary Mayor: Zohran Kwame Mamdani beat Andrew M. Cuomo, 85 to 71, 48.3% to 40.3%; total votes 176. | Dem Primary Public Advocate: Jenifer Rajkumar beat Jumaane D. Williams, 81 to 67, 50.0% to 41.4%; total votes 162. | Dem Primary Comptroller: Mark D. Levine beat Ismael Malave Perez, 62 to 43, 40.8% to 28.3%; total votes 152.", "mayor_margin": 13.7, "q2_yes": 68.3, "q3_yes": 62.3, "q4_yes": 68.7}, "geometry": {"type": "MultiPolygon", "coordinates": [[[[-73.8633122, 40.6919617], [-73.8638381, 40.6918692], [-73.8641145, 40.6918237], [-73.8647394, 40.6917131], [-73.8656208, 40.6915652], [-73.8665097, 40.6914212], [-73.8666383, 40.6914019], [-73.8672091, 40.6913161], [-73.8680589, 40.691184], [-73.8685948, 40.6938844], [-73.8686845, 40.6940347], [-73.8684052, 40.6947312], [-73.8668143, 40.6950654], [-73.8645571, 40.6955205], [-73.8643204, 40.6948423], [-73.8640911, 40.694175], [-73.8638582, 40.6935143], [-73.8633122, 40.6919617]]]]}}, {"type": "Feature", "properties": {"felt:feature": 40, "ed_label": "AD 38 ED 020", "elect_dist": "38020", "borough": "Queens", "community_board": 9, "community_board_label": "Queens CB9", "popup_title": "Queens CB9 \u2014 AD 38 ED 020", "general_mayor": "ZOHRAN KWAME MAMDANI beat ANDREW M. CUOMO, 330 to 247, 49.0% to 36.6%; total votes 674.", "general_mayor_winner": "Mamdani", "general_public_advocate": "JUMAANE D. WILLIAMS beat GONZALO DURAN, 409 to 205, 65.1% to 32.6%; total votes 628.", "general_public_advocate_winner": "Williams", "general_comptroller": "MARK D. LEVINE beat PETER KEFALAS, 390 to 200, 63.3% to 32.5%; total votes 616.", "general_comptroller_winner": "Levine", "question_1": "Disapprove beat Approve, 354 to 226, 61.0% to 39.0%; total votes 580.", "question_1_winner": "No-disapprove!", "question_2": "Approve beat Disapprove, 360 to 228, 61.2% to 38.8%; total votes 588.", "question_2_winner": "Yes-approve!", "question_3": "Approve beat Disapprove, 347 to 236, 59.5% to 40.5%; total votes 583.", "question_3_winner": "Yes-approve!", "question_4": "Approve beat Disapprove, 363 to 209, 63.5% to 36.5%; total votes 572.", "question_4_winner": "Yes-approve!", "question_5": "Approve beat Disapprove, 422 to 152, 73.5% to 26.5%; total votes 574.", "question_5_winner": "Yes-approve!", "question_6": "Disapprove beat Approve, 312 to 261, 54.5% to 45.5%; total votes 573.", "question_6_winner": "No-disapprove!", "dem_primary_mayor": "Zohran Kwame Mamdani beat Andrew M. Cuomo, 126 to 86, 51.4% to 35.1%; total votes 245.", "dem_primary_mayor_winner": "Mamdani", "dem_primary_public_advocate": "Jenifer Rajkumar beat Jumaane D. Williams, 115 to 102, 50.0% to 44.3%; total votes 230.", "dem_primary_public_advocate_winner": "Rajkumar", "dem_primary_comptroller": "Mark D. Levine beat Justin Brannan, 96 to 62, 44.4% to 28.7%; total votes 216.", "dem_primary_comptroller_winner": "Levine", "popup_summary": "Mayor: ZOHRAN KWAME MAMDANI beat ANDREW M. CUOMO, 330 to 247, 49.0% to 36.6%; total votes 674. | Public Advocate: JUMAANE D. WILLIAMS beat GONZALO DURAN, 409 to 205, 65.1% to 32.6%; total votes 628. | City Comptroller: MARK D. LEVINE beat PETER KEFALAS, 390 to 200, 63.3% to 32.5%; total votes 616. | Question 1: Disapprove beat Approve, 354 to 226, 61.0% to 39.0%; total votes 580. | Question 2: Approve beat Disapprove, 360 to 228, 61.2% to 38.8%; total votes 588. | Question 3: Approve beat Disapprove, 347 to 236, 59.5% to 40.5%; total votes 583. | Question 4: Approve beat Disapprove, 363 to 209, 63.5% to 36.5%; total votes 572. | Question 5: Approve beat Disapprove, 422 to 152, 73.5% to 26.5%; total votes 574. | Question 6: Disapprove beat Approve, 312 to 261, 54.5% to 45.5%; total votes 573. | Dem Primary Mayor: Zohran Kwame Mamdani beat Andrew M. Cuomo, 126 to 86, 51.4% to 35.1%; total votes 245. | Dem Primary Public Advocate: Jenifer Rajkumar beat Jumaane D. Williams, 115 to 102, 50.0% to 44.3%; total votes 230. | Dem Primary Comptroller: Mark D. Levine beat Justin Brannan, 96 to 62, 44.4% to 28.7%; total votes 216.", "mayor_margin": 12.4, "q2_yes": 61.2, "q3_yes": 59.5, "q4_yes": 63.5}, "geometry": {"type": "MultiPolygon", "coordinates": [[[[-73.8555771, 40.6927248], [-73.8563142, 40.6926803], [-73.8565055, 40.692669], [-73.8572327, 40.6926276], [-73.8574093, 40.6926176], [-73.8581723, 40.6925745], [-73.8590967, 40.6925193], [-73.8608534, 40.6923227], [-73.8608956, 40.692318], [-73.8611479, 40.6929487], [-73.8614159, 40.6936055], [-73.8616812, 40.6942591], [-73.8617334, 40.6943897], [-73.8619406, 40.6949154], [-73.8622131, 40.695573], [-73.8623683, 40.6959501], [-73.8601636, 40.6963847], [-73.859285, 40.6965537], [-73.8583308, 40.6967437], [-73.8574445, 40.696913], [-73.8565719, 40.6970647], [-73.8562678, 40.6957077], [-73.8559666, 40.6943541], [-73.8555771, 40.6927248]]]]}}, {"type": "Feature", "properties": {"felt:feature": 41, "ed_label": "AD 38 ED 021", "elect_dist": "38021", "borough": "Queens", "community_board": 9, "community_board_label": "Queens CB9", "popup_title": "Queens CB9 \u2014 AD 38 ED 021", "general_mayor": "ZOHRAN KWAME MAMDANI beat ANDREW M. CUOMO, 216 to 180, 47.1% to 39.2%; total votes 459.", "general_mayor_winner": "Mamdani", "general_public_advocate": "JUMAANE D. WILLIAMS beat GONZALO DURAN, 291 to 122, 69.3% to 29.0%; total votes 420.", "general_public_advocate_winner": "Williams", "general_comptroller": "MARK D. LEVINE beat PETER KEFALAS, 269 to 117, 65.5% to 28.5%; total votes 411.", "general_comptroller_winner": "Levine", "question_1": "Disapprove beat Approve, 213 to 175, 54.9% to 45.1%; total votes 388.", "question_1_winner": "No-disapprove!", "question_2": "Approve beat Disapprove, 251 to 142, 63.9% to 36.1%; total votes 393.", "question_2_winner": "Yes-approve!", "question_3": "Approve beat Disapprove, 226 to 166, 57.7% to 42.3%; total votes 392.", "question_3_winner": "Yes-approve!", "question_4": "Approve beat Disapprove, 236 to 143, 62.3% to 37.7%; total votes 379.", "question_4_winner": "Yes-approve!", "question_5": "Approve beat Disapprove, 270 to 112, 70.7% to 29.3%; total votes 382.", "question_5_winner": "Yes-approve!", "question_6": "Disapprove beat Approve, 220 to 157, 58.4% to 41.6%; total votes 377.", "question_6_winner": "No-disapprove!", "dem_primary_mayor": "Zohran Kwame Mamdani beat Andrew M. Cuomo, 89 to 68, 48.9% to 37.4%; total votes 182.", "dem_primary_mayor_winner": "Mamdani", "dem_primary_public_advocate": "Jenifer Rajkumar beat Jumaane D. Williams, 83 to 72, 48.3% to 41.9%; total votes 172.", "dem_primary_public_advocate_winner": "Rajkumar", "dem_primary_comptroller": "Justin Brannan beat Mark D. Levine, 56 to 53, 34.1% to 32.3%; total votes 164.", "dem_primary_comptroller_winner": "Brannan", "popup_summary": "Mayor: ZOHRAN KWAME MAMDANI beat ANDREW M. CUOMO, 216 to 180, 47.1% to 39.2%; total votes 459. | Public Advocate: JUMAANE D. WILLIAMS beat GONZALO DURAN, 291 to 122, 69.3% to 29.0%; total votes 420. | City Comptroller: MARK D. LEVINE beat PETER KEFALAS, 269 to 117, 65.5% to 28.5%; total votes 411. | Question 1: Disapprove beat Approve, 213 to 175, 54.9% to 45.1%; total votes 388. | Question 2: Approve beat Disapprove, 251 to 142, 63.9% to 36.1%; total votes 393. | Question 3: Approve beat Disapprove, 226 to 166, 57.7% to 42.3%; total votes 392. | Question 4: Approve beat Disapprove, 236 to 143, 62.3% to 37.7%; total votes 379. | Question 5: Approve beat Disapprove, 270 to 112, 70.7% to 29.3%; total votes 382. | Question 6: Disapprove beat Approve, 220 to 157, 58.4% to 41.6%; total votes 377. | Dem Primary Mayor: Zohran Kwame Mamdani beat Andrew M. Cuomo, 89 to 68, 48.9% to 37.4%; total votes 182. | Dem Primary Public Advocate: Jenifer Rajkumar beat Jumaane D. Williams, 83 to 72, 48.3% to 41.9%; total votes 172. | Dem Primary Comptroller: Justin Brannan beat Mark D. Levine, 56 to 53, 34.1% to 32.3%; total votes 164.", "mayor_margin": 7.9, "q2_yes": 63.9, "q3_yes": 57.7, "q4_yes": 62.3}, "geometry": {"type": "MultiPolygon", "coordinates": [[[[-73.852165, 40.6936614], [-73.8522615, 40.6936255], [-73.8523977, 40.6935749], [-73.8532342, 40.6932642], [-73.8538394, 40.6930511], [-73.8546787, 40.6928306], [-73.8555771, 40.6927248], [-73.8559666, 40.6943541], [-73.8562678, 40.6957077], [-73.8565719, 40.6970647], [-73.8556742, 40.6971794], [-73.854788, 40.6972966], [-73.8528354, 40.697549], [-73.8527451, 40.6975608], [-73.8527983, 40.6972911], [-73.8528103, 40.6971677], [-73.8528082, 40.6969363], [-73.8528074, 40.696845], [-73.8528378, 40.6965953], [-73.8528456, 40.6964729], [-73.8528438, 40.696306], [-73.8528296, 40.6961397], [-73.8527014, 40.695462], [-73.8526465, 40.6951814], [-73.8525683, 40.6947817], [-73.8525437, 40.6946114], [-73.8525005, 40.6944428], [-73.8524392, 40.6942774], [-73.8523604, 40.694117], [-73.852165, 40.6936614]]]]}}, {"type": "Feature", "properties": {"felt:feature": 42, "ed_label": "AD 38 ED 022", "elect_dist": "38022", "borough": "Queens", "community_board": 9, "community_board_label": "Queens CB9", "popup_title": "Queens CB9 \u2014 AD 38 ED 022", "general_mayor": "ZOHRAN KWAME MAMDANI beat ANDREW M. CUOMO, 133.6 to 98.7, 48.9% to 36.1%; total votes 273.2.", "general_mayor_winner": "Mamdani", "general_public_advocate": "JUMAANE D. WILLIAMS beat GONZALO DURAN, 179.5 to 63.8, 71.4% to 25.4%; total votes 251.2.", "general_public_advocate_winner": "Williams", "general_comptroller": "MARK D. LEVINE beat PETER KEFALAS, 171.5 to 67.8, 68.5% to 27.1%; total votes 250.2.", "general_comptroller_winner": "Levine", "question_1": "Disapprove beat Approve, 115.7 to 114.7, 50.2% to 49.8%; total votes 230.3.", "question_1_winner": "No-disapprove!", "question_2": "Approve beat Disapprove, 152.5 to 80.8, 65.4% to 34.6%; total votes 233.3.", "question_2_winner": "Yes-approve!", "question_3": "Approve beat Disapprove, 133.6 to 92.7, 59.0% to 41.0%; total votes 226.3.", "question_3_winner": "Yes-approve!", "question_4": "Approve beat Disapprove, 149.6 to 76.8, 66.1% to 33.9%; total votes 226.3.", "question_4_winner": "Yes-approve!", "question_5": "Approve beat Disapprove, 165.5 to 59.8, 73.5% to 26.5%; total votes 225.3.", "question_5_winner": "Yes-approve!", "question_6": "Disapprove beat Approve, 116.6 to 113.7, 50.6% to 49.4%; total votes 230.3.", "question_6_winner": "No-disapprove!", "dem_primary_mayor": "Zohran Kwame Mamdani beat Andrew M. Cuomo, 48.9 to 21.9, 57.0% to 25.6%; total votes 85.7.", "dem_primary_mayor_winner": "Mamdani", "dem_primary_public_advocate": "Jumaane D. Williams beat Jenifer Rajkumar, 41.9 to 34.9, 50.6% to 42.2%; total votes 82.8.", "dem_primary_public_advocate_winner": "Williams", "dem_primary_comptroller": "Justin Brannan beat Mark D. Levine, 29.9 to 21.9, 40.0% to 29.3%; total votes 74.8.", "dem_primary_comptroller_winner": "Brannan", "popup_summary": "Mayor: ZOHRAN KWAME MAMDANI beat ANDREW M. CUOMO, 133.6 to 98.7, 48.9% to 36.1%; total votes 273.2. | Public Advocate: JUMAANE D. WILLIAMS beat GONZALO DURAN, 179.5 to 63.8, 71.4% to 25.4%; total votes 251.2. | City Comptroller: MARK D. LEVINE beat PETER KEFALAS, 171.5 to 67.8, 68.5% to 27.1%; total votes 250.2. | Question 1: Disapprove beat Approve, 115.7 to 114.7, 50.2% to 49.8%; total votes 230.3. | Question 2: Approve beat Disapprove, 152.5 to 80.8, 65.4% to 34.6%; total votes 233.3. | Question 3: Approve beat Disapprove, 133.6 to 92.7, 59.0% to 41.0%; total votes 226.3. | Question 4: Approve beat Disapprove, 149.6 to 76.8, 66.1% to 33.9%; total votes 226.3. | Question 5: Approve beat Disapprove, 165.5 to 59.8, 73.5% to 26.5%; total votes 225.3. | Question 6: Disapprove beat Approve, 116.6 to 113.7, 50.6% to 49.4%; total votes 230.3. | Dem Primary Mayor: Zohran Kwame Mamdani beat Andrew M. Cuomo, 48.9 to 21.9, 57.0% to 25.6%; total votes 85.7. | Dem Primary Public Advocate: Jumaane D. Williams beat Jenifer Rajkumar, 41.9 to 34.9, 50.6% to 42.2%; total votes 82.8. | Dem Primary Comptroller: Justin Brannan beat Mark D. Levine, 29.9 to 21.9, 40.0% to 29.3%; total votes 74.8.", "mayor_margin": 12.8, "q2_yes": 65.4, "q3_yes": 59.0, "q4_yes": 66.1}, "geometry": {"type": "MultiPolygon", "coordinates": [[[[-73.8453966, 40.695157], [-73.8464401, 40.6950258], [-73.8469599, 40.6949266], [-73.8477333, 40.6947753], [-73.8489413, 40.6975568], [-73.8494776, 40.6981958], [-73.8491384, 40.6982827], [-73.8486812, 40.6984585], [-73.8482091, 40.6985184], [-73.8478967, 40.6986003], [-73.8470041, 40.6988252], [-73.8467109, 40.6981592], [-73.8464263, 40.6975064], [-73.8461422, 40.6968586], [-73.8458573, 40.6962026], [-73.8455676, 40.6955531], [-73.8453966, 40.695157]]]]}}, {"type": "Feature", "properties": {"felt:feature": 43, "ed_label": "AD 38 ED 023", "elect_dist": "38023", "borough": "Queens", "community_board": 9, "community_board_label": "Queens CB9", "popup_title": "Queens CB9 \u2014 AD 38 ED 023", "general_mayor": "ZOHRAN KWAME MAMDANI beat ANDREW M. CUOMO, 286 to 236, 50.7% to 41.8%; total votes 564.", "general_mayor_winner": "Mamdani", "general_public_advocate": "JUMAANE D. WILLIAMS beat GONZALO DURAN, 360 to 149, 68.6% to 28.4%; total votes 525.", "general_public_advocate_winner": "Williams", "general_comptroller": "MARK D. LEVINE beat PETER KEFALAS, 366 to 138, 70.8% to 26.7%; total votes 517.", "general_comptroller_winner": "Levine", "question_1": "Disapprove beat Approve, 272 to 211, 56.3% to 43.7%; total votes 483.", "question_1_winner": "No-disapprove!", "question_2": "Approve beat Disapprove, 304 to 189, 61.7% to 38.3%; total votes 493.", "question_2_winner": "Yes-approve!", "question_3": "Approve beat Disapprove, 275 to 210, 56.7% to 43.3%; total votes 485.", "question_3_winner": "Yes-approve!", "question_4": "Approve beat Disapprove, 279 to 200, 58.2% to 41.8%; total votes 479.", "question_4_winner": "Yes-approve!", "question_5": "Approve beat Disapprove, 345 to 133, 72.2% to 27.8%; total votes 478.", "question_5_winner": "Yes-approve!", "question_6": "Disapprove beat Approve, 281 to 191, 59.5% to 40.5%; total votes 472.", "question_6_winner": "No-disapprove!", "dem_primary_mayor": "Zohran Kwame Mamdani beat Andrew M. Cuomo, 116 to 81, 51.6% to 36.0%; total votes 225.", "dem_primary_mayor_winner": "Mamdani", "dem_primary_public_advocate": "Jenifer Rajkumar beat Jumaane D. Williams, 105 to 99, 48.6% to 45.8%; total votes 216.", "dem_primary_public_advocate_winner": "Rajkumar", "dem_primary_comptroller": "Mark D. Levine beat Justin Brannan, 95 to 59, 47.5% to 29.5%; total votes 200.", "dem_primary_comptroller_winner": "Levine", "popup_summary": "Mayor: ZOHRAN KWAME MAMDANI beat ANDREW M. CUOMO, 286 to 236, 50.7% to 41.8%; total votes 564. | Public Advocate: JUMAANE D. WILLIAMS beat GONZALO DURAN, 360 to 149, 68.6% to 28.4%; total votes 525. | City Comptroller: MARK D. LEVINE beat PETER KEFALAS, 366 to 138, 70.8% to 26.7%; total votes 517. | Question 1: Disapprove beat Approve, 272 to 211, 56.3% to 43.7%; total votes 483. | Question 2: Approve beat Disapprove, 304 to 189, 61.7% to 38.3%; total votes 493. | Question 3: Approve beat Disapprove, 275 to 210, 56.7% to 43.3%; total votes 485. | Question 4: Approve beat Disapprove, 279 to 200, 58.2% to 41.8%; total votes 479. | Question 5: Approve beat Disapprove, 345 to 133, 72.2% to 27.8%; total votes 478. | Question 6: Disapprove beat Approve, 281 to 191, 59.5% to 40.5%; total votes 472. | Dem Primary Mayor: Zohran Kwame Mamdani beat Andrew M. Cuomo, 116 to 81, 51.6% to 36.0%; total votes 225. | Dem Primary Public Advocate: Jenifer Rajkumar beat Jumaane D. Williams, 105 to 99, 48.6% to 45.8%; total votes 216. | Dem Primary Comptroller: Mark D. Levine beat Justin Brannan, 95 to 59, 47.5% to 29.5%; total votes 200.", "mayor_margin": 8.9, "q2_yes": 61.7, "q3_yes": 56.7, "q4_yes": 58.2}, "geometry": {"type": "MultiPolygon", "coordinates": [[[[-73.841135, 40.6952838], [-73.8419884, 40.6952177], [-73.8429457, 40.6951931], [-73.8434424, 40.6951867], [-73.8453966, 40.695157], [-73.8455676, 40.6955531], [-73.8458573, 40.6962026], [-73.8461422, 40.6968586], [-73.8464263, 40.6975064], [-73.8467109, 40.6981592], [-73.8470041, 40.6988252], [-73.8450247, 40.6993594], [-73.8442735, 40.6997805], [-73.843594, 40.7001724], [-73.8430646, 40.6991462], [-73.8422266, 40.6974713], [-73.841135, 40.6952838]]]]}}, {"type": "Feature", "properties": {"felt:feature": 44, "ed_label": "AD 38 ED 024", "elect_dist": "38024", "borough": "Queens", "community_board": 9, "community_board_label": "Queens CB9", "popup_title": "Queens CB9 \u2014 AD 38 ED 024", "general_mayor": "ZOHRAN KWAME MAMDANI beat ANDREW M. CUOMO, 215 to 206, 44.0% to 42.1%; total votes 489.", "general_mayor_winner": "Mamdani", "general_public_advocate": "JUMAANE D. WILLIAMS beat GONZALO DURAN, 283 to 152, 63.6% to 34.2%; total votes 445.", "general_public_advocate_winner": "Williams", "general_comptroller": "MARK D. LEVINE beat PETER KEFALAS, 282 to 130, 65.0% to 30.0%; total votes 434.", "general_comptroller_winner": "Levine", "question_1": "Disapprove beat Approve, 234 to 140, 62.6% to 37.4%; total votes 374.", "question_1_winner": "No-disapprove!", "question_2": "Approve beat Disapprove, 223 to 160, 58.2% to 41.8%; total votes 383.", "question_2_winner": "Yes-approve!", "question_3": "Approve beat Disapprove, 205 to 172, 54.4% to 45.6%; total votes 377.", "question_3_winner": "Yes-approve!", "question_4": "Approve beat Disapprove, 228 to 142, 61.6% to 38.4%; total votes 370.", "question_4_winner": "Yes-approve!", "question_5": "Approve beat Disapprove, 273 to 97, 73.8% to 26.2%; total votes 370.", "question_5_winner": "Yes-approve!", "question_6": "Disapprove beat Approve, 210 to 163, 56.3% to 43.7%; total votes 373.", "question_6_winner": "No-disapprove!", "dem_primary_mayor": "Zohran Kwame Mamdani beat Andrew M. Cuomo, 87 to 62, 52.1% to 37.1%; total votes 167.", "dem_primary_mayor_winner": "Mamdani", "dem_primary_public_advocate": "Jenifer Rajkumar beat Jumaane D. Williams, 77 to 69, 47.8% to 42.9%; total votes 161.", "dem_primary_public_advocate_winner": "Rajkumar", "dem_primary_comptroller": "Mark D. Levine beat Justin Brannan, 62 to 42, 41.9% to 28.4%; total votes 148.", "dem_primary_comptroller_winner": "Levine", "popup_summary": "Mayor: ZOHRAN KWAME MAMDANI beat ANDREW M. CUOMO, 215 to 206, 44.0% to 42.1%; total votes 489. | Public Advocate: JUMAANE D. WILLIAMS beat GONZALO DURAN, 283 to 152, 63.6% to 34.2%; total votes 445. | City Comptroller: MARK D. LEVINE beat PETER KEFALAS, 282 to 130, 65.0% to 30.0%; total votes 434. | Question 1: Disapprove beat Approve, 234 to 140, 62.6% to 37.4%; total votes 374. | Question 2: Approve beat Disapprove, 223 to 160, 58.2% to 41.8%; total votes 383. | Question 3: Approve beat Disapprove, 205 to 172, 54.4% to 45.6%; total votes 377. | Question 4: Approve beat Disapprove, 228 to 142, 61.6% to 38.4%; total votes 370. | Question 5: Approve beat Disapprove, 273 to 97, 73.8% to 26.2%; total votes 370. | Question 6: Disapprove beat Approve, 210 to 163, 56.3% to 43.7%; total votes 373. | Dem Primary Mayor: Zohran Kwame Mamdani beat Andrew M. Cuomo, 87 to 62, 52.1% to 37.1%; total votes 167. | Dem Primary Public Advocate: Jenifer Rajkumar beat Jumaane D. Williams, 77 to 69, 47.8% to 42.9%; total votes 161. | Dem Primary Comptroller: Mark D. Levine beat Justin Brannan, 62 to 42, 41.9% to 28.4%; total votes 148.", "mayor_margin": 1.9, "q2_yes": 58.2, "q3_yes": 54.4, "q4_yes": 61.6}, "geometry": {"type": "MultiPolygon", "coordinates": [[[[-73.8459035, 40.6889876], [-73.8470965, 40.6886482], [-73.8475564, 40.6885175], [-73.8479269, 40.6884122], [-73.8479606, 40.6884762], [-73.8482319, 40.6889925], [-73.848674, 40.6888695], [-73.8490856, 40.6887342], [-73.8492025, 40.6886672], [-73.8492482, 40.6886273], [-73.8496793, 40.689202], [-73.8500695, 40.6898405], [-73.8504698, 40.6905375], [-73.8506413, 40.6908359], [-73.8507241, 40.6909802], [-73.8508772, 40.6912468], [-73.8511822, 40.6918121], [-73.8513579, 40.6921438], [-73.8515047, 40.692421], [-73.852165, 40.6936614], [-73.8520652, 40.6936984], [-73.8519172, 40.6937535], [-73.8513492, 40.6939646], [-73.8510485, 40.6940667], [-73.8504813, 40.6942298], [-73.8495618, 40.6944216], [-73.8483599, 40.6919553], [-73.8474862, 40.6922176], [-73.8468469, 40.6909184], [-73.8467717, 40.6907634], [-73.8465079, 40.6902216], [-73.8476896, 40.6898889], [-73.8474329, 40.6893715], [-73.8462371, 40.689694], [-73.845926, 40.689054], [-73.8459035, 40.6889876]]]]}}, {"type": "Feature", "properties": {"felt:feature": 45, "ed_label": "AD 38 ED 025", "elect_dist": "38025", "borough": "Queens", "community_board": 9, "community_board_label": "Queens CB9", "popup_title": "Queens CB9 \u2014 AD 38 ED 025", "general_mayor": "ZOHRAN KWAME MAMDANI beat ANDREW M. CUOMO, 123 to 89, 54.7% to 39.6%; total votes 225.", "general_mayor_winner": "Mamdani", "general_public_advocate": "JUMAANE D. WILLIAMS beat GONZALO DURAN, 151 to 42, 77.0% to 21.4%; total votes 196.", "general_public_advocate_winner": "Williams", "general_comptroller": "MARK D. LEVINE beat PETER KEFALAS, 152 to 33, 78.8% to 17.1%; total votes 193.", "general_comptroller_winner": "Levine", "question_1": "Disapprove beat Approve, 93 to 84, 52.5% to 47.5%; total votes 177.", "question_1_winner": "No-disapprove!", "question_2": "Approve beat Disapprove, 113 to 63, 64.2% to 35.8%; total votes 176.", "question_2_winner": "Yes-approve!", "question_3": "Approve beat Disapprove, 109 to 65, 62.6% to 37.4%; total votes 174.", "question_3_winner": "Yes-approve!", "question_4": "Approve beat Disapprove, 112 to 58, 65.9% to 34.1%; total votes 170.", "question_4_winner": "Yes-approve!", "question_5": "Approve beat Disapprove, 124 to 44, 73.8% to 26.2%; total votes 168.", "question_5_winner": "Yes-approve!", "question_6": "Disapprove beat Approve, 88 to 82, 51.8% to 48.2%; total votes 170.", "question_6_winner": "No-disapprove!", "dem_primary_mayor": "Zohran Kwame Mamdani beat Andrew M. Cuomo, 54 to 37, 56.2% to 38.5%; total votes 96.", "dem_primary_mayor_winner": "Mamdani", "dem_primary_public_advocate": "Jumaane D. Williams beat Jenifer Rajkumar, 43 to 40, 47.3% to 44.0%; total votes 91.", "dem_primary_public_advocate_winner": "Williams", "dem_primary_comptroller": "Justin Brannan beat Mark D. Levine, 36 to 30, 41.4% to 34.5%; total votes 87.", "dem_primary_comptroller_winner": "Brannan", "popup_summary": "Mayor: ZOHRAN KWAME MAMDANI beat ANDREW M. CUOMO, 123 to 89, 54.7% to 39.6%; total votes 225. | Public Advocate: JUMAANE D. WILLIAMS beat GONZALO DURAN, 151 to 42, 77.0% to 21.4%; total votes 196. | City Comptroller: MARK D. LEVINE beat PETER KEFALAS, 152 to 33, 78.8% to 17.1%; total votes 193. | Question 1: Disapprove beat Approve, 93 to 84, 52.5% to 47.5%; total votes 177. | Question 2: Approve beat Disapprove, 113 to 63, 64.2% to 35.8%; total votes 176. | Question 3: Approve beat Disapprove, 109 to 65, 62.6% to 37.4%; total votes 174. | Question 4: Approve beat Disapprove, 112 to 58, 65.9% to 34.1%; total votes 170. | Question 5: Approve beat Disapprove, 124 to 44, 73.8% to 26.2%; total votes 168. | Question 6: Disapprove beat Approve, 88 to 82, 51.8% to 48.2%; total votes 170. | Dem Primary Mayor: Zohran Kwame Mamdani beat Andrew M. Cuomo, 54 to 37, 56.2% to 38.5%; total votes 96. | Dem Primary Public Advocate: Jumaane D. Williams beat Jenifer Rajkumar, 43 to 40, 47.3% to 44.0%; total votes 91. | Dem Primary Comptroller: Justin Brannan beat Mark D. Levine, 36 to 30, 41.4% to 34.5%; total votes 87.", "mayor_margin": 15.1, "q2_yes": 64.2, "q3_yes": 62.6, "q4_yes": 65.9}, "geometry": {"type": "MultiPolygon", "coordinates": [[[[-73.834833, 40.6921289], [-73.8357841, 40.6918643], [-73.8366654, 40.691614], [-73.8367009, 40.6916849], [-73.837508, 40.6932979], [-73.8387917, 40.695852], [-73.8386517, 40.6959199], [-73.8380114, 40.6962977], [-73.8378988, 40.6963688], [-73.8371666, 40.6968656], [-73.8359818, 40.6944161], [-73.834865, 40.6921969], [-73.834833, 40.6921289]]]]}}, {"type": "Feature", "properties": {"felt:feature": 46, "ed_label": "AD 38 ED 026", "elect_dist": "38026", "borough": "Queens", "community_board": 9, "community_board_label": "Queens CB9", "popup_title": "Queens CB9 \u2014 AD 38 ED 026", "general_mayor": "ZOHRAN KWAME MAMDANI beat ANDREW M. CUOMO, 271 to 213, 50.8% to 40.0%; total votes 533.", "general_mayor_winner": "Mamdani", "general_public_advocate": "JUMAANE D. WILLIAMS beat GONZALO DURAN, 336 to 146, 67.9% to 29.5%; total votes 495.", "general_public_advocate_winner": "Williams", "general_comptroller": "MARK D. LEVINE beat PETER KEFALAS, 333 to 133, 68.4% to 27.3%; total votes 487.", "general_comptroller_winner": "Levine", "question_1": "Disapprove beat Approve, 236 to 197, 54.5% to 45.5%; total votes 433.", "question_1_winner": "No-disapprove!", "question_2": "Approve beat Disapprove, 271 to 168, 61.7% to 38.3%; total votes 439.", "question_2_winner": "Yes-approve!", "question_3": "Approve beat Disapprove, 258 to 177, 59.3% to 40.7%; total votes 435.", "question_3_winner": "Yes-approve!", "question_4": "Approve beat Disapprove, 272 to 158, 63.3% to 36.7%; total votes 430.", "question_4_winner": "Yes-approve!", "question_5": "Approve beat Disapprove, 317 to 116, 73.2% to 26.8%; total votes 433.", "question_5_winner": "Yes-approve!", "question_6": "Disapprove beat Approve, 234 to 196, 54.4% to 45.6%; total votes 430.", "question_6_winner": "No-disapprove!", "dem_primary_mayor": "Zohran Kwame Mamdani beat Andrew M. Cuomo, 95 to 64, 55.2% to 37.2%; total votes 172.", "dem_primary_mayor_winner": "Mamdani", "dem_primary_public_advocate": "Jumaane D. Williams beat Jenifer Rajkumar, 76 to 72, 50.0% to 47.4%; total votes 152.", "dem_primary_public_advocate_winner": "Williams", "dem_primary_comptroller": "Justin Brannan beat Mark D. Levine, 52 to 50, 34.7% to 33.3%; total votes 150.", "dem_primary_comptroller_winner": "Brannan", "popup_summary": "Mayor: ZOHRAN KWAME MAMDANI beat ANDREW M. CUOMO, 271 to 213, 50.8% to 40.0%; total votes 533. | Public Advocate: JUMAANE D. WILLIAMS beat GONZALO DURAN, 336 to 146, 67.9% to 29.5%; total votes 495. | City Comptroller: MARK D. LEVINE beat PETER KEFALAS, 333 to 133, 68.4% to 27.3%; total votes 487. | Question 1: Disapprove beat Approve, 236 to 197, 54.5% to 45.5%; total votes 433. | Question 2: Approve beat Disapprove, 271 to 168, 61.7% to 38.3%; total votes 439. | Question 3: Approve beat Disapprove, 258 to 177, 59.3% to 40.7%; total votes 435. | Question 4: Approve beat Disapprove, 272 to 158, 63.3% to 36.7%; total votes 430. | Question 5: Approve beat Disapprove, 317 to 116, 73.2% to 26.8%; total votes 433. | Question 6: Disapprove beat Approve, 234 to 196, 54.4% to 45.6%; total votes 430. | Dem Primary Mayor: Zohran Kwame Mamdani beat Andrew M. Cuomo, 95 to 64, 55.2% to 37.2%; total votes 172. | Dem Primary Public Advocate: Jumaane D. Williams beat Jenifer Rajkumar, 76 to 72, 50.0% to 47.4%; total votes 152. | Dem Primary Comptroller: Justin Brannan beat Mark D. Levine, 52 to 50, 34.7% to 33.3%; total votes 150.", "mayor_margin": 10.8, "q2_yes": 61.7, "q3_yes": 59.3, "q4_yes": 63.3}, "geometry": {"type": "MultiPolygon", "coordinates": [[[[-73.8459673, 40.691166], [-73.8466179, 40.6924952], [-73.8477333, 40.6947753], [-73.8469599, 40.6949266], [-73.8464401, 40.6950258], [-73.8453966, 40.695157], [-73.8434424, 40.6951867], [-73.8429457, 40.6951931], [-73.8419884, 40.6952177], [-73.841135, 40.6952838], [-73.8404969, 40.69536], [-73.8403378, 40.6949701], [-73.8400624, 40.6943144], [-73.8397888, 40.6936565], [-73.83952, 40.6929984], [-73.8420273, 40.6922862], [-73.8437511, 40.6917961], [-73.8452416, 40.6913724], [-73.8459673, 40.691166]]]]}}, {"type": "Feature", "properties": {"felt:feature": 47, "ed_label": "AD 38 ED 027", "elect_dist": "38027", "borough": "Queens", "community_board": 9, "community_board_label": "Queens CB9", "popup_title": "Queens CB9 \u2014 AD 38 ED 027", "general_mayor": "ANDREW M. CUOMO beat ZOHRAN KWAME MAMDANI, 90 to 89, 41.3% to 40.8%; total votes 218.", "general_mayor_winner": "Cuomo", "general_public_advocate": "JUMAANE D. WILLIAMS beat GONZALO DURAN, 123 to 71, 62.4% to 36.0%; total votes 197.", "general_public_advocate_winner": "Williams", "general_comptroller": "MARK D. LEVINE beat PETER KEFALAS, 117 to 71, 60.3% to 36.6%; total votes 194.", "general_comptroller_winner": "Levine", "question_1": "Disapprove beat Approve, 100 to 72, 58.1% to 41.9%; total votes 172.", "question_1_winner": "No-disapprove!", "question_2": "Approve beat Disapprove, 95 to 76, 55.6% to 44.4%; total votes 171.", "question_2_winner": "Yes-approve!", "question_3": "Approve beat Disapprove, 97 to 72, 57.4% to 42.6%; total votes 169.", "question_3_winner": "Yes-approve!", "question_4": "Approve beat Disapprove, 98 to 70, 58.3% to 41.7%; total votes 168.", "question_4_winner": "Yes-approve!", "question_5": "Approve beat Disapprove, 110 to 57, 65.9% to 34.1%; total votes 167.", "question_5_winner": "Yes-approve!", "question_6": "Disapprove beat Approve, 100 to 69, 59.2% to 40.8%; total votes 169.", "question_6_winner": "No-disapprove!", "dem_primary_mayor": "Zohran Kwame Mamdani beat Andrew M. Cuomo, 44 to 34, 53.0% to 41.0%; total votes 83.", "dem_primary_mayor_winner": "Mamdani", "dem_primary_public_advocate": "Jenifer Rajkumar beat Jumaane D. Williams, 43 to 33, 55.8% to 42.9%; total votes 77.", "dem_primary_public_advocate_winner": "Rajkumar", "dem_primary_comptroller": "Mark D. Levine beat Justin Brannan, 28 to 27, 39.4% to 38.0%; total votes 71.", "dem_primary_comptroller_winner": "Levine", "popup_summary": "Mayor: ANDREW M. CUOMO beat ZOHRAN KWAME MAMDANI, 90 to 89, 41.3% to 40.8%; total votes 218. | Public Advocate: JUMAANE D. WILLIAMS beat GONZALO DURAN, 123 to 71, 62.4% to 36.0%; total votes 197. | City Comptroller: MARK D. LEVINE beat PETER KEFALAS, 117 to 71, 60.3% to 36.6%; total votes 194. | Question 1: Disapprove beat Approve, 100 to 72, 58.1% to 41.9%; total votes 172. | Question 2: Approve beat Disapprove, 95 to 76, 55.6% to 44.4%; total votes 171. | Question 3: Approve beat Disapprove, 97 to 72, 57.4% to 42.6%; total votes 169. | Question 4: Approve beat Disapprove, 98 to 70, 58.3% to 41.7%; total votes 168. | Question 5: Approve beat Disapprove, 110 to 57, 65.9% to 34.1%; total votes 167. | Question 6: Disapprove beat Approve, 100 to 69, 59.2% to 40.8%; total votes 169. | Dem Primary Mayor: Zohran Kwame Mamdani beat Andrew M. Cuomo, 44 to 34, 53.0% to 41.0%; total votes 83. | Dem Primary Public Advocate: Jenifer Rajkumar beat Jumaane D. Williams, 43 to 33, 55.8% to 42.9%; total votes 77. | Dem Primary Comptroller: Mark D. Levine beat Justin Brannan, 28 to 27, 39.4% to 38.0%; total votes 71.", "mayor_margin": 0.5, "q2_yes": 55.6, "q3_yes": 57.4, "q4_yes": 58.3}, "geometry": {"type": "MultiPolygon", "coordinates": [[[[-73.8459673, 40.691166], [-73.845042, 40.6893189], [-73.8450053, 40.6892439], [-73.8459035, 40.6889876], [-73.845926, 40.689054], [-73.8462371, 40.689694], [-73.8474329, 40.6893715], [-73.8476896, 40.6898889], [-73.8465079, 40.6902216], [-73.8467717, 40.6907634], [-73.8468469, 40.6909184], [-73.8474862, 40.6922176], [-73.8483599, 40.6919553], [-73.8495618, 40.6944216], [-73.8491319, 40.6945058], [-73.848653, 40.6945982], [-73.8484946, 40.6946287], [-73.8477333, 40.6947753], [-73.8466179, 40.6924952], [-73.8459673, 40.691166]]]]}}, {"type": "Feature", "properties": {"felt:feature": 48, "ed_label": "AD 38 ED 028", "elect_dist": "38028", "borough": "Queens", "community_board": 9, "community_board_label": "Queens CB9", "popup_title": "Queens CB9 \u2014 AD 38 ED 028", "general_mayor": "ZOHRAN KWAME MAMDANI beat ANDREW M. CUOMO, 292 to 213, 53.3% to 38.9%; total votes 548.", "general_mayor_winner": "Mamdani", "general_public_advocate": "JUMAANE D. WILLIAMS beat GONZALO DURAN, 361 to 123, 72.3% to 24.6%; total votes 499.", "general_public_advocate_winner": "Williams", "general_comptroller": "MARK D. LEVINE beat PETER KEFALAS, 363 to 118, 73.2% to 23.8%; total votes 496.", "general_comptroller_winner": "Levine", "question_1": "Disapprove beat Approve, 217 to 216, 50.1% to 49.9%; total votes 433.", "question_1_winner": "No-disapprove!", "question_2": "Approve beat Disapprove, 286 to 152, 65.3% to 34.7%; total votes 438.", "question_2_winner": "Yes-approve!", "question_3": "Approve beat Disapprove, 269 to 160, 62.7% to 37.3%; total votes 429.", "question_3_winner": "Yes-approve!", "question_4": "Approve beat Disapprove, 294 to 140, 67.7% to 32.3%; total votes 434.", "question_4_winner": "Yes-approve!", "question_5": "Approve beat Disapprove, 336 to 102, 76.7% to 23.3%; total votes 438.", "question_5_winner": "Yes-approve!", "question_6": "Approve beat Disapprove, 226 to 210, 51.8% to 48.2%; total votes 436.", "question_6_winner": "Yes-approve!", "dem_primary_mayor": "Zohran Kwame Mamdani beat Andrew M. Cuomo, 96 to 77, 51.3% to 41.2%; total votes 187.", "dem_primary_mayor_winner": "Mamdani", "dem_primary_public_advocate": "Jenifer Rajkumar beat Jumaane D. Williams, 96 to 67, 54.5% to 38.1%; total votes 176.", "dem_primary_public_advocate_winner": "Rajkumar", "dem_primary_comptroller": "Mark D. Levine beat Justin Brannan, 57 to 53, 33.3% to 31.0%; total votes 171.", "dem_primary_comptroller_winner": "Levine", "popup_summary": "Mayor: ZOHRAN KWAME MAMDANI beat ANDREW M. CUOMO, 292 to 213, 53.3% to 38.9%; total votes 548. | Public Advocate: JUMAANE D. WILLIAMS beat GONZALO DURAN, 361 to 123, 72.3% to 24.6%; total votes 499. | City Comptroller: MARK D. LEVINE beat PETER KEFALAS, 363 to 118, 73.2% to 23.8%; total votes 496. | Question 1: Disapprove beat Approve, 217 to 216, 50.1% to 49.9%; total votes 433. | Question 2: Approve beat Disapprove, 286 to 152, 65.3% to 34.7%; total votes 438. | Question 3: Approve beat Disapprove, 269 to 160, 62.7% to 37.3%; total votes 429. | Question 4: Approve beat Disapprove, 294 to 140, 67.7% to 32.3%; total votes 434. | Question 5: Approve beat Disapprove, 336 to 102, 76.7% to 23.3%; total votes 438. | Question 6: Approve beat Disapprove, 226 to 210, 51.8% to 48.2%; total votes 436. | Dem Primary Mayor: Zohran Kwame Mamdani beat Andrew M. Cuomo, 96 to 77, 51.3% to 41.2%; total votes 187. | Dem Primary Public Advocate: Jenifer Rajkumar beat Jumaane D. Williams, 96 to 67, 54.5% to 38.1%; total votes 176. | Dem Primary Comptroller: Mark D. Levine beat Justin Brannan, 57 to 53, 33.3% to 31.0%; total votes 171.", "mayor_margin": 14.4, "q2_yes": 65.3, "q3_yes": 62.7, "q4_yes": 67.7}, "geometry": {"type": "MultiPolygon", "coordinates": [[[[-73.8366654, 40.691614], [-73.8375367, 40.6913594], [-73.8384189, 40.6911145], [-73.8387071, 40.6910334], [-73.8392999, 40.6908643], [-73.8410747, 40.6903508], [-73.8428108, 40.6898722], [-73.8441915, 40.6894744], [-73.8443071, 40.6894417], [-73.8450053, 40.6892439], [-73.845042, 40.6893189], [-73.8459673, 40.691166], [-73.8452416, 40.6913724], [-73.8437511, 40.6917961], [-73.8420273, 40.6922862], [-73.83952, 40.6929984], [-73.8397888, 40.6936565], [-73.8400624, 40.6943144], [-73.8403378, 40.6949701], [-73.8404969, 40.69536], [-73.8403508, 40.6953831], [-73.8396343, 40.6955354], [-73.8394834, 40.6955819], [-73.8387917, 40.695852], [-73.837508, 40.6932979], [-73.8367009, 40.6916849], [-73.8366654, 40.691614]]]]}}, {"type": "Feature", "properties": {"felt:feature": 49, "ed_label": "AD 38 ED 029", "elect_dist": "38029", "borough": "Queens", "community_board": 9, "community_board_label": "Queens CB9", "popup_title": "Queens CB9 \u2014 AD 38 ED 029", "general_mayor": "ZOHRAN KWAME MAMDANI beat ANDREW M. CUOMO, 229 to 141, 56.0% to 34.5%; total votes 409.", "general_mayor_winner": "Mamdani", "general_public_advocate": "JUMAANE D. WILLIAMS beat GONZALO DURAN, 282 to 85, 74.6% to 22.5%; total votes 378.", "general_public_advocate_winner": "Williams", "general_comptroller": "MARK D. LEVINE beat PETER KEFALAS, 264 to 83, 71.2% to 22.4%; total votes 371.", "general_comptroller_winner": "Levine", "question_1": "Disapprove beat Approve, 195 to 153, 56.0% to 44.0%; total votes 348.", "question_1_winner": "No-disapprove!", "question_2": "Approve beat Disapprove, 258 to 90, 74.1% to 25.9%; total votes 348.", "question_2_winner": "Yes-approve!", "question_3": "Approve beat Disapprove, 232 to 116, 66.7% to 33.3%; total votes 348.", "question_3_winner": "Yes-approve!", "question_4": "Approve beat Disapprove, 262 to 82, 76.2% to 23.8%; total votes 344.", "question_4_winner": "Yes-approve!", "question_5": "Approve beat Disapprove, 249 to 91, 73.2% to 26.8%; total votes 340.", "question_5_winner": "Yes-approve!", "question_6": "Disapprove beat Approve, 192 to 149, 56.3% to 43.7%; total votes 341.", "question_6_winner": "No-disapprove!", "dem_primary_mayor": "Zohran Kwame Mamdani beat Andrew M. Cuomo, 90 to 49, 61.2% to 33.3%; total votes 147.", "dem_primary_mayor_winner": "Mamdani", "dem_primary_public_advocate": "Jenifer Rajkumar beat Jumaane D. Williams, 66 to 57, 48.9% to 42.2%; total votes 135.", "dem_primary_public_advocate_winner": "Rajkumar", "dem_primary_comptroller": "Ismael Malave Perez beat Mark D. Levine, 46 to 46, 35.4% to 35.4%; total votes 130.", "dem_primary_comptroller_winner": "Perez", "popup_summary": "Mayor: ZOHRAN KWAME MAMDANI beat ANDREW M. CUOMO, 229 to 141, 56.0% to 34.5%; total votes 409. | Public Advocate: JUMAANE D. WILLIAMS beat GONZALO DURAN, 282 to 85, 74.6% to 22.5%; total votes 378. | City Comptroller: MARK D. LEVINE beat PETER KEFALAS, 264 to 83, 71.2% to 22.4%; total votes 371. | Question 1: Disapprove beat Approve, 195 to 153, 56.0% to 44.0%; total votes 348. | Question 2: Approve beat Disapprove, 258 to 90, 74.1% to 25.9%; total votes 348. | Question 3: Approve beat Disapprove, 232 to 116, 66.7% to 33.3%; total votes 348. | Question 4: Approve beat Disapprove, 262 to 82, 76.2% to 23.8%; total votes 344. | Question 5: Approve beat Disapprove, 249 to 91, 73.2% to 26.8%; total votes 340. | Question 6: Disapprove beat Approve, 192 to 149, 56.3% to 43.7%; total votes 341. | Dem Primary Mayor: Zohran Kwame Mamdani beat Andrew M. Cuomo, 90 to 49, 61.2% to 33.3%; total votes 147. | Dem Primary Public Advocate: Jenifer Rajkumar beat Jumaane D. Williams, 66 to 57, 48.9% to 42.2%; total votes 135. | Dem Primary Comptroller: Ismael Malave Perez beat Mark D. Levine, 46 to 46, 35.4% to 35.4%; total votes 130.", "mayor_margin": 21.5, "q2_yes": 74.1, "q3_yes": 66.7, "q4_yes": 76.2}, "geometry": {"type": "MultiPolygon", "coordinates": [[[[-73.8615042, 40.6893725], [-73.8632175, 40.6891455], [-73.8633458, 40.6897031], [-73.8642532, 40.6895874], [-73.8651412, 40.68947], [-73.8660297, 40.6893527], [-73.865873, 40.6886609], [-73.866661, 40.6885609], [-73.8673902, 40.6884597], [-73.8674569, 40.6884004], [-73.8675275, 40.6887162], [-73.8676234, 40.6891453], [-73.8677683, 40.6898033], [-73.8679095, 40.6904763], [-73.8679769, 40.6907956], [-73.8680589, 40.691184], [-73.8672091, 40.6913161], [-73.8666383, 40.6914019], [-73.8665097, 40.6914212], [-73.8656208, 40.6915652], [-73.8647394, 40.6917131], [-73.8641145, 40.6918237], [-73.8638381, 40.6918692], [-73.8633122, 40.6919617], [-73.8624435, 40.6921038], [-73.8621481, 40.6921504], [-73.8619656, 40.6914006], [-73.8618115, 40.6907239], [-73.8616573, 40.690047], [-73.8615042, 40.6893725]]]]}}, {"type": "Feature", "properties": {"felt:feature": 50, "ed_label": "AD 38 ED 030", "elect_dist": "38030", "borough": "Queens", "community_board": 9, "community_board_label": "Queens CB9", "popup_title": "Queens CB9 \u2014 AD 38 ED 030", "general_mayor": "ZOHRAN KWAME MAMDANI beat ANDREW M. CUOMO, 165 to 155, 45.0% to 42.2%; total votes 367.", "general_mayor_winner": "Mamdani", "general_public_advocate": "JUMAANE D. WILLIAMS beat GONZALO DURAN, 232 to 100, 68.8% to 29.7%; total votes 337.", "general_public_advocate_winner": "Williams", "general_comptroller": "MARK D. LEVINE beat PETER KEFALAS, 227 to 99, 68.0% to 29.6%; total votes 334.", "general_comptroller_winner": "Levine", "question_1": "Disapprove beat Approve, 168 to 123, 57.7% to 42.3%; total votes 291.", "question_1_winner": "No-disapprove!", "question_2": "Approve beat Disapprove, 190 to 101, 65.3% to 34.7%; total votes 291.", "question_2_winner": "Yes-approve!", "question_3": "Approve beat Disapprove, 183 to 106, 63.3% to 36.7%; total votes 289.", "question_3_winner": "Yes-approve!", "question_4": "Approve beat Disapprove, 189 to 92, 67.3% to 32.7%; total votes 281.", "question_4_winner": "Yes-approve!", "question_5": "Approve beat Disapprove, 190 to 96, 66.4% to 33.6%; total votes 286.", "question_5_winner": "Yes-approve!", "question_6": "Disapprove beat Approve, 146 to 136, 51.8% to 48.2%; total votes 282.", "question_6_winner": "No-disapprove!", "dem_primary_mayor": "Zohran Kwame Mamdani beat Andrew M. Cuomo, 55 to 44, 49.5% to 39.6%; total votes 111.", "dem_primary_mayor_winner": "Mamdani", "dem_primary_public_advocate": "Jenifer Rajkumar beat Jumaane D. Williams, 58 to 39, 53.2% to 35.8%; total votes 109.", "dem_primary_public_advocate_winner": "Rajkumar", "dem_primary_comptroller": "Mark D. Levine beat Justin Brannan, 39 to 34, 38.2% to 33.3%; total votes 102.", "dem_primary_comptroller_winner": "Levine", "popup_summary": "Mayor: ZOHRAN KWAME MAMDANI beat ANDREW M. CUOMO, 165 to 155, 45.0% to 42.2%; total votes 367. | Public Advocate: JUMAANE D. WILLIAMS beat GONZALO DURAN, 232 to 100, 68.8% to 29.7%; total votes 337. | City Comptroller: MARK D. LEVINE beat PETER KEFALAS, 227 to 99, 68.0% to 29.6%; total votes 334. | Question 1: Disapprove beat Approve, 168 to 123, 57.7% to 42.3%; total votes 291. | Question 2: Approve beat Disapprove, 190 to 101, 65.3% to 34.7%; total votes 291. | Question 3: Approve beat Disapprove, 183 to 106, 63.3% to 36.7%; total votes 289. | Question 4: Approve beat Disapprove, 189 to 92, 67.3% to 32.7%; total votes 281. | Question 5: Approve beat Disapprove, 190 to 96, 66.4% to 33.6%; total votes 286. | Question 6: Disapprove beat Approve, 146 to 136, 51.8% to 48.2%; total votes 282. | Dem Primary Mayor: Zohran Kwame Mamdani beat Andrew M. Cuomo, 55 to 44, 49.5% to 39.6%; total votes 111. | Dem Primary Public Advocate: Jenifer Rajkumar beat Jumaane D. Williams, 58 to 39, 53.2% to 35.8%; total votes 109. | Dem Primary Comptroller: Mark D. Levine beat Justin Brannan, 39 to 34, 38.2% to 33.3%; total votes 102.", "mayor_margin": 2.8, "q2_yes": 65.3, "q3_yes": 63.3, "q4_yes": 67.3}, "geometry": {"type": "MultiPolygon", "coordinates": [[[[-73.8615042, 40.6893725], [-73.8613488, 40.6886947], [-73.861194, 40.6880185], [-73.8610408, 40.6873414], [-73.8608851, 40.6866664], [-73.8617412, 40.6865535], [-73.8626008, 40.6864426], [-73.8635087, 40.6863246], [-73.863816, 40.6876793], [-73.8647061, 40.6875618], [-73.8655916, 40.6874345], [-73.8663366, 40.6871267], [-73.867018, 40.6868303], [-73.8672806, 40.6877493], [-73.8674569, 40.6884004], [-73.8673902, 40.6884597], [-73.866661, 40.6885609], [-73.865873, 40.6886609], [-73.8660297, 40.6893527], [-73.8651412, 40.68947], [-73.8642532, 40.6895874], [-73.8633458, 40.6897031], [-73.8632175, 40.6891455], [-73.8615042, 40.6893725]]]]}}, {"type": "Feature", "properties": {"felt:feature": 51, "ed_label": "AD 38 ED 031", "elect_dist": "38031", "borough": "Queens", "community_board": 9, "community_board_label": "Queens CB9", "popup_title": "Queens CB9 \u2014 AD 38 ED 031", "general_mayor": "ZOHRAN KWAME MAMDANI beat ANDREW M. CUOMO, 179 to 143, 48.6% to 38.9%; total votes 368.", "general_mayor_winner": "Mamdani", "general_public_advocate": "JUMAANE D. WILLIAMS beat GONZALO DURAN, 241 to 83, 73.5% to 25.3%; total votes 328.", "general_public_advocate_winner": "Williams", "general_comptroller": "MARK D. LEVINE beat PETER KEFALAS, 234 to 71, 72.9% to 22.1%; total votes 321.", "general_comptroller_winner": "Levine", "question_1": "Disapprove beat Approve, 146 to 130, 52.9% to 47.1%; total votes 276.", "question_1_winner": "No-disapprove!", "question_2": "Approve beat Disapprove, 203 to 78, 72.2% to 27.8%; total votes 281.", "question_2_winner": "Yes-approve!", "question_3": "Approve beat Disapprove, 180 to 93, 65.9% to 34.1%; total votes 273.", "question_3_winner": "Yes-approve!", "question_4": "Approve beat Disapprove, 196 to 77, 71.8% to 28.2%; total votes 273.", "question_4_winner": "Yes-approve!", "question_5": "Approve beat Disapprove, 208 to 64, 76.5% to 23.5%; total votes 272.", "question_5_winner": "Yes-approve!", "question_6": "Approve beat Disapprove, 140 to 130, 51.9% to 48.1%; total votes 270.", "question_6_winner": "Yes-approve!", "dem_primary_mayor": "Zohran Kwame Mamdani beat Andrew M. Cuomo, 65 to 60, 46.8% to 43.2%; total votes 139.", "dem_primary_mayor_winner": "Mamdani", "dem_primary_public_advocate": "Jenifer Rajkumar beat Jumaane D. Williams, 72 to 47, 56.7% to 37.0%; total votes 127.", "dem_primary_public_advocate_winner": "Rajkumar", "dem_primary_comptroller": "Mark D. Levine beat Justin Brannan, 53 to 31, 44.2% to 25.8%; total votes 120.", "dem_primary_comptroller_winner": "Levine", "popup_summary": "Mayor: ZOHRAN KWAME MAMDANI beat ANDREW M. CUOMO, 179 to 143, 48.6% to 38.9%; total votes 368. | Public Advocate: JUMAANE D. WILLIAMS beat GONZALO DURAN, 241 to 83, 73.5% to 25.3%; total votes 328. | City Comptroller: MARK D. LEVINE beat PETER KEFALAS, 234 to 71, 72.9% to 22.1%; total votes 321. | Question 1: Disapprove beat Approve, 146 to 130, 52.9% to 47.1%; total votes 276. | Question 2: Approve beat Disapprove, 203 to 78, 72.2% to 27.8%; total votes 281. | Question 3: Approve beat Disapprove, 180 to 93, 65.9% to 34.1%; total votes 273. | Question 4: Approve beat Disapprove, 196 to 77, 71.8% to 28.2%; total votes 273. | Question 5: Approve beat Disapprove, 208 to 64, 76.5% to 23.5%; total votes 272. | Question 6: Approve beat Disapprove, 140 to 130, 51.9% to 48.1%; total votes 270. | Dem Primary Mayor: Zohran Kwame Mamdani beat Andrew M. Cuomo, 65 to 60, 46.8% to 43.2%; total votes 139. | Dem Primary Public Advocate: Jenifer Rajkumar beat Jumaane D. Williams, 72 to 47, 56.7% to 37.0%; total votes 127. | Dem Primary Comptroller: Mark D. Levine beat Justin Brannan, 53 to 31, 44.2% to 25.8%; total votes 120.", "mayor_margin": 9.7, "q2_yes": 72.2, "q3_yes": 65.9, "q4_yes": 71.8}, "geometry": {"type": "MultiPolygon", "coordinates": [[[[-73.8608851, 40.6866664], [-73.86057, 40.6852576], [-73.8604935, 40.6849156], [-73.8604734, 40.6848307], [-73.860765, 40.6847533], [-73.8608404, 40.684732], [-73.8613511, 40.6845878], [-73.861678, 40.6844963], [-73.8621232, 40.6843753], [-73.8625665, 40.6842495], [-73.8629916, 40.6841254], [-73.8634279, 40.6840027], [-73.8638536, 40.6838828], [-73.8642923, 40.6837585], [-73.8647258, 40.6836347], [-73.8648878, 40.683588], [-73.8653277, 40.6834612], [-73.8654967, 40.6834167], [-73.8663026, 40.6831867], [-73.866315, 40.6832489], [-73.8665041, 40.6844741], [-73.8665979, 40.6852647], [-73.8665985, 40.6852696], [-73.8668706, 40.6863306], [-73.867018, 40.6868303], [-73.8663366, 40.6871267], [-73.8655916, 40.6874345], [-73.8647061, 40.6875618], [-73.863816, 40.6876793], [-73.8635087, 40.6863246], [-73.8626008, 40.6864426], [-73.8617412, 40.6865535], [-73.8608851, 40.6866664]]]]}}, {"type": "Feature", "properties": {"felt:feature": 52, "ed_label": "AD 38 ED 032", "elect_dist": "38032", "borough": "Queens", "community_board": 9, "community_board_label": "Queens CB9", "popup_title": "Queens CB9 \u2014 AD 38 ED 032", "general_mayor": "ZOHRAN KWAME MAMDANI beat ANDREW M. CUOMO, 300 to 252, 46.7% to 39.3%; total votes 642.", "general_mayor_winner": "Mamdani", "general_public_advocate": "JUMAANE D. WILLIAMS beat GONZALO DURAN, 390 to 167, 67.7% to 29.0%; total votes 576.", "general_public_advocate_winner": "Williams", "general_comptroller": "MARK D. LEVINE beat PETER KEFALAS, 380 to 149, 66.9% to 26.2%; total votes 568.", "general_comptroller_winner": "Levine", "question_1": "Disapprove beat Approve, 280 to 205, 57.7% to 42.3%; total votes 485.", "question_1_winner": "No-disapprove!", "question_2": "Approve beat Disapprove, 320 to 179, 64.1% to 35.9%; total votes 499.", "question_2_winner": "Yes-approve!", "question_3": "Approve beat Disapprove, 289 to 198, 59.3% to 40.7%; total votes 487.", "question_3_winner": "Yes-approve!", "question_4": "Approve beat Disapprove, 313 to 168, 65.1% to 34.9%; total votes 481.", "question_4_winner": "Yes-approve!", "question_5": "Approve beat Disapprove, 339 to 136, 71.4% to 28.6%; total votes 475.", "question_5_winner": "Yes-approve!", "question_6": "Disapprove beat Approve, 271 to 204, 57.1% to 42.9%; total votes 475.", "question_6_winner": "No-disapprove!", "dem_primary_mayor": "Zohran Kwame Mamdani beat Andrew M. Cuomo, 118 to 84, 52.9% to 37.7%; total votes 223.", "dem_primary_mayor_winner": "Mamdani", "dem_primary_public_advocate": "Jenifer Rajkumar beat Jumaane D. Williams, 110 to 81, 53.4% to 39.3%; total votes 206.", "dem_primary_public_advocate_winner": "Rajkumar", "dem_primary_comptroller": "Mark D. Levine beat Justin Brannan, 80 to 60, 39.8% to 29.9%; total votes 201.", "dem_primary_comptroller_winner": "Levine", "popup_summary": "Mayor: ZOHRAN KWAME MAMDANI beat ANDREW M. CUOMO, 300 to 252, 46.7% to 39.3%; total votes 642. | Public Advocate: JUMAANE D. WILLIAMS beat GONZALO DURAN, 390 to 167, 67.7% to 29.0%; total votes 576. | City Comptroller: MARK D. LEVINE beat PETER KEFALAS, 380 to 149, 66.9% to 26.2%; total votes 568. | Question 1: Disapprove beat Approve, 280 to 205, 57.7% to 42.3%; total votes 485. | Question 2: Approve beat Disapprove, 320 to 179, 64.1% to 35.9%; total votes 499. | Question 3: Approve beat Disapprove, 289 to 198, 59.3% to 40.7%; total votes 487. | Question 4: Approve beat Disapprove, 313 to 168, 65.1% to 34.9%; total votes 481. | Question 5: Approve beat Disapprove, 339 to 136, 71.4% to 28.6%; total votes 475. | Question 6: Disapprove beat Approve, 271 to 204, 57.1% to 42.9%; total votes 475. | Dem Primary Mayor: Zohran Kwame Mamdani beat Andrew M. Cuomo, 118 to 84, 52.9% to 37.7%; total votes 223. | Dem Primary Public Advocate: Jenifer Rajkumar beat Jumaane D. Williams, 110 to 81, 53.4% to 39.3%; total votes 206. | Dem Primary Comptroller: Mark D. Levine beat Justin Brannan, 80 to 60, 39.8% to 29.9%; total votes 201.", "mayor_margin": 7.4, "q2_yes": 64.1, "q3_yes": 59.3, "q4_yes": 65.1}, "geometry": {"type": "MultiPolygon", "coordinates": [[[[-73.8500695, 40.6898405], [-73.8501447, 40.6898159], [-73.8502388, 40.6897915], [-73.8514407, 40.6894501], [-73.8523203, 40.6892002], [-73.8532102, 40.688946], [-73.8540811, 40.6886989], [-73.8547939, 40.6884965], [-73.8553455, 40.6900106], [-73.8557773, 40.691197], [-73.8563142, 40.6926803], [-73.8555771, 40.6927248], [-73.8546787, 40.6928306], [-73.8538394, 40.6930511], [-73.8532342, 40.6932642], [-73.8523977, 40.6935749], [-73.8522615, 40.6936255], [-73.852165, 40.6936614], [-73.8515047, 40.692421], [-73.8513579, 40.6921438], [-73.8511822, 40.6918121], [-73.8508772, 40.6912468], [-73.8507241, 40.6909802], [-73.8506413, 40.6908359], [-73.8504698, 40.6905375], [-73.8500695, 40.6898405]]]]}}, {"type": "Feature", "properties": {"felt:feature": 53, "ed_label": "AD 38 ED 033", "elect_dist": "38033", "borough": "Queens", "community_board": 9, "community_board_label": "Queens CB9", "popup_title": "Queens CB9 \u2014 AD 38 ED 033", "general_mayor": "ZOHRAN KWAME MAMDANI beat ANDREW M. CUOMO, 345 to 206, 54.2% to 32.3%; total votes 637.", "general_mayor_winner": "Mamdani", "general_public_advocate": "JUMAANE D. WILLIAMS beat GONZALO DURAN, 425 to 156, 71.7% to 26.3%; total votes 593.", "general_public_advocate_winner": "Williams", "general_comptroller": "MARK D. LEVINE beat PETER KEFALAS, 423 to 148, 71.5% to 25.0%; total votes 592.", "general_comptroller_winner": "Levine", "question_1": "Disapprove beat Approve, 312 to 234, 57.1% to 42.9%; total votes 546.", "question_1_winner": "No-disapprove!", "question_2": "Approve beat Disapprove, 378 to 173, 68.6% to 31.4%; total votes 551.", "question_2_winner": "Yes-approve!", "question_3": "Approve beat Disapprove, 350 to 198, 63.9% to 36.1%; total votes 548.", "question_3_winner": "Yes-approve!", "question_4": "Approve beat Disapprove, 370 to 171, 68.4% to 31.6%; total votes 541.", "question_4_winner": "Yes-approve!", "question_5": "Approve beat Disapprove, 401 to 143, 73.7% to 26.3%; total votes 544.", "question_5_winner": "Yes-approve!", "question_6": "Disapprove beat Approve, 286 to 258, 52.6% to 47.4%; total votes 544.", "question_6_winner": "No-disapprove!", "dem_primary_mayor": "Zohran Kwame Mamdani beat Andrew M. Cuomo, 117 to 89, 52.0% to 39.6%; total votes 225.", "dem_primary_mayor_winner": "Mamdani", "dem_primary_public_advocate": "Jenifer Rajkumar beat Jumaane D. Williams, 113 to 79, 53.3% to 37.3%; total votes 212.", "dem_primary_public_advocate_winner": "Rajkumar", "dem_primary_comptroller": "Mark D. Levine beat Ismael Malave Perez, 84 to 52, 40.8% to 25.2%; total votes 206.", "dem_primary_comptroller_winner": "Levine", "popup_summary": "Mayor: ZOHRAN KWAME MAMDANI beat ANDREW M. CUOMO, 345 to 206, 54.2% to 32.3%; total votes 637. | Public Advocate: JUMAANE D. WILLIAMS beat GONZALO DURAN, 425 to 156, 71.7% to 26.3%; total votes 593. | City Comptroller: MARK D. LEVINE beat PETER KEFALAS, 423 to 148, 71.5% to 25.0%; total votes 592. | Question 1: Disapprove beat Approve, 312 to 234, 57.1% to 42.9%; total votes 546. | Question 2: Approve beat Disapprove, 378 to 173, 68.6% to 31.4%; total votes 551. | Question 3: Approve beat Disapprove, 350 to 198, 63.9% to 36.1%; total votes 548. | Question 4: Approve beat Disapprove, 370 to 171, 68.4% to 31.6%; total votes 541. | Question 5: Approve beat Disapprove, 401 to 143, 73.7% to 26.3%; total votes 544. | Question 6: Disapprove beat Approve, 286 to 258, 52.6% to 47.4%; total votes 544. | Dem Primary Mayor: Zohran Kwame Mamdani beat Andrew M. Cuomo, 117 to 89, 52.0% to 39.6%; total votes 225. | Dem Primary Public Advocate: Jenifer Rajkumar beat Jumaane D. Williams, 113 to 79, 53.3% to 37.3%; total votes 212. | Dem Primary Comptroller: Mark D. Levine beat Ismael Malave Perez, 84 to 52, 40.8% to 25.2%; total votes 206.", "mayor_margin": 21.9, "q2_yes": 68.6, "q3_yes": 63.9, "q4_yes": 68.4}, "geometry": {"type": "MultiPolygon", "coordinates": [[[[-73.8553455, 40.6900106], [-73.8555493, 40.6899345], [-73.8555494, 40.6899345], [-73.8555495, 40.6899345], [-73.8557586, 40.6898671], [-73.8557588, 40.689867], [-73.855759, 40.6898669], [-73.8559728, 40.6898084], [-73.8561904, 40.6897589], [-73.8570582, 40.6895744], [-73.8579269, 40.6893897], [-73.8581084, 40.6898852], [-73.8587803, 40.6897573], [-73.8594564, 40.6896419], [-73.8601362, 40.6895393], [-73.860819, 40.6894494], [-73.8615042, 40.6893725], [-73.8616573, 40.690047], [-73.8618115, 40.6907239], [-73.8619656, 40.6914006], [-73.8621481, 40.6921504], [-73.8608956, 40.692318], [-73.8608534, 40.6923227], [-73.8590967, 40.6925193], [-73.8581723, 40.6925745], [-73.8574093, 40.6926176], [-73.8572327, 40.6926276], [-73.8565055, 40.692669], [-73.8563142, 40.6926803], [-73.8557773, 40.691197], [-73.8553455, 40.6900106]]]]}}, {"type": "Feature", "properties": {"felt:feature": 54, "ed_label": "AD 38 ED 034", "elect_dist": "38034", "borough": "Queens", "community_board": 9, "community_board_label": "Queens CB9", "popup_title": "Queens CB9 \u2014 AD 38 ED 034", "general_mayor": "ZOHRAN KWAME MAMDANI beat ANDREW M. CUOMO, 271 to 183, 52.8% to 35.7%; total votes 513.", "general_mayor_winner": "Mamdani", "general_public_advocate": "JUMAANE D. WILLIAMS beat GONZALO DURAN, 352 to 121, 73.8% to 25.4%; total votes 477.", "general_public_advocate_winner": "Williams", "general_comptroller": "MARK D. LEVINE beat PETER KEFALAS, 344 to 108, 72.9% to 22.9%; total votes 472.", "general_comptroller_winner": "Levine", "question_1": "Disapprove beat Approve, 244 to 178, 57.8% to 42.2%; total votes 422.", "question_1_winner": "No-disapprove!", "question_2": "Approve beat Disapprove, 277 to 152, 64.6% to 35.4%; total votes 429.", "question_2_winner": "Yes-approve!", "question_3": "Approve beat Disapprove, 250 to 170, 59.5% to 40.5%; total votes 420.", "question_3_winner": "Yes-approve!", "question_4": "Approve beat Disapprove, 280 to 155, 64.4% to 35.6%; total votes 435.", "question_4_winner": "Yes-approve!", "question_5": "Approve beat Disapprove, 311 to 124, 71.5% to 28.5%; total votes 435.", "question_5_winner": "Yes-approve!", "question_6": "Disapprove beat Approve, 258 to 176, 59.4% to 40.6%; total votes 434.", "question_6_winner": "No-disapprove!", "dem_primary_mayor": "Zohran Kwame Mamdani beat Andrew M. Cuomo, 89 to 83, 48.6% to 45.4%; total votes 183.", "dem_primary_mayor_winner": "Mamdani", "dem_primary_public_advocate": "Jumaane D. Williams beat Jenifer Rajkumar, 88 to 71, 52.1% to 42.0%; total votes 169.", "dem_primary_public_advocate_winner": "Williams", "dem_primary_comptroller": "Mark D. Levine beat Justin Brannan, 71 to 44, 43.3% to 26.8%; total votes 164.", "dem_primary_comptroller_winner": "Levine", "popup_summary": "Mayor: ZOHRAN KWAME MAMDANI beat ANDREW M. CUOMO, 271 to 183, 52.8% to 35.7%; total votes 513. | Public Advocate: JUMAANE D. WILLIAMS beat GONZALO DURAN, 352 to 121, 73.8% to 25.4%; total votes 477. | City Comptroller: MARK D. LEVINE beat PETER KEFALAS, 344 to 108, 72.9% to 22.9%; total votes 472. | Question 1: Disapprove beat Approve, 244 to 178, 57.8% to 42.2%; total votes 422. | Question 2: Approve beat Disapprove, 277 to 152, 64.6% to 35.4%; total votes 429. | Question 3: Approve beat Disapprove, 250 to 170, 59.5% to 40.5%; total votes 420. | Question 4: Approve beat Disapprove, 280 to 155, 64.4% to 35.6%; total votes 435. | Question 5: Approve beat Disapprove, 311 to 124, 71.5% to 28.5%; total votes 435. | Question 6: Disapprove beat Approve, 258 to 176, 59.4% to 40.6%; total votes 434. | Dem Primary Mayor: Zohran Kwame Mamdani beat Andrew M. Cuomo, 89 to 83, 48.6% to 45.4%; total votes 183. | Dem Primary Public Advocate: Jumaane D. Williams beat Jenifer Rajkumar, 88 to 71, 52.1% to 42.0%; total votes 169. | Dem Primary Comptroller: Mark D. Levine beat Justin Brannan, 71 to 44, 43.3% to 26.8%; total votes 164.", "mayor_margin": 17.1, "q2_yes": 64.6, "q3_yes": 59.5, "q4_yes": 64.4}, "geometry": {"type": "MultiPolygon", "coordinates": [[[[-73.8570582, 40.6895744], [-73.8565115, 40.6880713], [-73.8565681, 40.6879863], [-73.8557213, 40.6862773], [-73.8556858, 40.6862057], [-73.8565306, 40.6859632], [-73.857375, 40.6857234], [-73.8582001, 40.6854838], [-73.8586961, 40.6853491], [-73.8590034, 40.6852557], [-73.8590557, 40.6852398], [-73.8595933, 40.685094], [-73.8599307, 40.6849875], [-73.8604734, 40.6848307], [-73.8604935, 40.6849156], [-73.86057, 40.6852576], [-73.8608851, 40.6866664], [-73.8610408, 40.6873414], [-73.861194, 40.6880185], [-73.8613488, 40.6886947], [-73.8615042, 40.6893725], [-73.860819, 40.6894494], [-73.8601362, 40.6895393], [-73.8594564, 40.6896419], [-73.8587803, 40.6897573], [-73.8581084, 40.6898852], [-73.8579269, 40.6893897], [-73.8570582, 40.6895744]]]]}}, {"type": "Feature", "properties": {"felt:feature": 55, "ed_label": "AD 38 ED 035", "elect_dist": "38035", "borough": "Queens", "community_board": 9, "community_board_label": "Queens CB9", "popup_title": "Queens CB9 \u2014 AD 38 ED 035", "general_mayor": "ZOHRAN KWAME MAMDANI beat ANDREW M. CUOMO, 239 to 205, 47.0% to 40.4%; total votes 508.", "general_mayor_winner": "Mamdani", "general_public_advocate": "JUMAANE D. WILLIAMS beat GONZALO DURAN, 323 to 133, 69.2% to 28.5%; total votes 467.", "general_public_advocate_winner": "Williams", "general_comptroller": "MARK D. LEVINE beat PETER KEFALAS, 325 to 115, 69.9% to 24.7%; total votes 465.", "general_comptroller_winner": "Levine", "question_1": "Disapprove beat Approve, 238 to 174, 57.8% to 42.2%; total votes 412.", "question_1_winner": "No-disapprove!", "question_2": "Approve beat Disapprove, 274 to 149, 64.8% to 35.2%; total votes 423.", "question_2_winner": "Yes-approve!", "question_3": "Approve beat Disapprove, 263 to 156, 62.8% to 37.2%; total votes 419.", "question_3_winner": "Yes-approve!", "question_4": "Approve beat Disapprove, 274 to 133, 67.3% to 32.7%; total votes 407.", "question_4_winner": "Yes-approve!", "question_5": "Approve beat Disapprove, 287 to 119, 70.7% to 29.3%; total votes 406.", "question_5_winner": "Yes-approve!", "question_6": "Disapprove beat Approve, 214 to 191, 52.8% to 47.2%; total votes 405.", "question_6_winner": "No-disapprove!", "dem_primary_mayor": "Zohran Kwame Mamdani beat Andrew M. Cuomo, 94 to 90, 46.1% to 44.1%; total votes 204.", "dem_primary_mayor_winner": "Mamdani", "dem_primary_public_advocate": "Jenifer Rajkumar beat Jumaane D. Williams, 108 to 73, 57.1% to 38.6%; total votes 189.", "dem_primary_public_advocate_winner": "Rajkumar", "dem_primary_comptroller": "Mark D. Levine beat Justin Brannan, 86 to 46, 47.3% to 25.3%; total votes 182.", "dem_primary_comptroller_winner": "Levine", "popup_summary": "Mayor: ZOHRAN KWAME MAMDANI beat ANDREW M. CUOMO, 239 to 205, 47.0% to 40.4%; total votes 508. | Public Advocate: JUMAANE D. WILLIAMS beat GONZALO DURAN, 323 to 133, 69.2% to 28.5%; total votes 467. | City Comptroller: MARK D. LEVINE beat PETER KEFALAS, 325 to 115, 69.9% to 24.7%; total votes 465. | Question 1: Disapprove beat Approve, 238 to 174, 57.8% to 42.2%; total votes 412. | Question 2: Approve beat Disapprove, 274 to 149, 64.8% to 35.2%; total votes 423. | Question 3: Approve beat Disapprove, 263 to 156, 62.8% to 37.2%; total votes 419. | Question 4: Approve beat Disapprove, 274 to 133, 67.3% to 32.7%; total votes 407. | Question 5: Approve beat Disapprove, 287 to 119, 70.7% to 29.3%; total votes 406. | Question 6: Disapprove beat Approve, 214 to 191, 52.8% to 47.2%; total votes 405. | Dem Primary Mayor: Zohran Kwame Mamdani beat Andrew M. Cuomo, 94 to 90, 46.1% to 44.1%; total votes 204. | Dem Primary Public Advocate: Jenifer Rajkumar beat Jumaane D. Williams, 108 to 73, 57.1% to 38.6%; total votes 189. | Dem Primary Comptroller: Mark D. Levine beat Justin Brannan, 86 to 46, 47.3% to 25.3%; total votes 182.", "mayor_margin": 6.6, "q2_yes": 64.8, "q3_yes": 62.8, "q4_yes": 67.3}, "geometry": {"type": "MultiPolygon", "coordinates": [[[[-73.8500695, 40.6898405], [-73.8496793, 40.689202], [-73.8492482, 40.6886273], [-73.849294, 40.6885837], [-73.849383, 40.6885159], [-73.8492954, 40.6884076], [-73.849087, 40.68815], [-73.8490432, 40.6881008], [-73.8496979, 40.687904], [-73.8505626, 40.6876632], [-73.8510083, 40.6875361], [-73.8514459, 40.6874113], [-73.8518668, 40.6872921], [-73.8523099, 40.6871662], [-73.8531391, 40.6869291], [-73.8535533, 40.6868109], [-73.853996, 40.6866858], [-73.8548398, 40.686446], [-73.8556858, 40.6862057], [-73.8557213, 40.6862773], [-73.8565681, 40.6879863], [-73.8565115, 40.6880713], [-73.8570582, 40.6895744], [-73.8561904, 40.6897589], [-73.8559728, 40.6898084], [-73.855759, 40.6898669], [-73.8557588, 40.689867], [-73.8557586, 40.6898671], [-73.8555495, 40.6899345], [-73.8555494, 40.6899345], [-73.8555493, 40.6899345], [-73.8553455, 40.6900106], [-73.8547939, 40.6884965], [-73.8540811, 40.6886989], [-73.8532102, 40.688946], [-73.8523203, 40.6892002], [-73.8514407, 40.6894501], [-73.8502388, 40.6897915], [-73.8501447, 40.6898159], [-73.8500695, 40.6898405]]]]}}, {"type": "Feature", "properties": {"felt:feature": 56, "ed_label": "AD 38 ED 036", "elect_dist": "38036", "borough": "Queens", "community_board": 9, "community_board_label": "Queens CB9", "popup_title": "Queens CB9 \u2014 AD 38 ED 036", "general_mayor": "ZOHRAN KWAME MAMDANI beat ANDREW M. CUOMO, 406 to 108, 74.6% to 19.9%; total votes 544.", "general_mayor_winner": "Mamdani", "general_public_advocate": "JUMAANE D. WILLIAMS beat GONZALO DURAN, 439 to 62, 86.2% to 12.2%; total votes 509.", "general_public_advocate_winner": "Williams", "general_comptroller": "MARK D. LEVINE beat PETER KEFALAS, 418 to 64, 82.4% to 12.6%; total votes 507.", "general_comptroller_winner": "Levine", "question_1": "Approve beat Disapprove, 247 to 140, 63.8% to 36.2%; total votes 387.", "question_1_winner": "Yes-approve!", "question_2": "Approve beat Disapprove, 304 to 89, 77.4% to 22.6%; total votes 393.", "question_2_winner": "Yes-approve!", "question_3": "Approve beat Disapprove, 283 to 106, 72.8% to 27.2%; total votes 389.", "question_3_winner": "Yes-approve!", "question_4": "Approve beat Disapprove, 294 to 90, 76.6% to 23.4%; total votes 384.", "question_4_winner": "Yes-approve!", "question_5": "Approve beat Disapprove, 307 to 72, 81.0% to 19.0%; total votes 379.", "question_5_winner": "Yes-approve!", "question_6": "Approve beat Disapprove, 230 to 146, 61.2% to 38.8%; total votes 376.", "question_6_winner": "Yes-approve!", "dem_primary_mayor": "Zohran Kwame Mamdani beat Andrew M. Cuomo, 168 to 43, 77.1% to 19.7%; total votes 218.", "dem_primary_mayor_winner": "Mamdani", "dem_primary_public_advocate": "Jumaane D. Williams beat Jenifer Rajkumar, 97 to 79, 51.6% to 42.0%; total votes 188.", "dem_primary_public_advocate_winner": "Williams", "dem_primary_comptroller": "Ismael Malave Perez beat Justin Brannan, 62 to 53, 35.0% to 29.9%; total votes 177.", "dem_primary_comptroller_winner": "Perez", "popup_summary": "Mayor: ZOHRAN KWAME MAMDANI beat ANDREW M. CUOMO, 406 to 108, 74.6% to 19.9%; total votes 544. | Public Advocate: JUMAANE D. WILLIAMS beat GONZALO DURAN, 439 to 62, 86.2% to 12.2%; total votes 509. | City Comptroller: MARK D. LEVINE beat PETER KEFALAS, 418 to 64, 82.4% to 12.6%; total votes 507. | Question 1: Approve beat Disapprove, 247 to 140, 63.8% to 36.2%; total votes 387. | Question 2: Approve beat Disapprove, 304 to 89, 77.4% to 22.6%; total votes 393. | Question 3: Approve beat Disapprove, 283 to 106, 72.8% to 27.2%; total votes 389. | Question 4: Approve beat Disapprove, 294 to 90, 76.6% to 23.4%; total votes 384. | Question 5: Approve beat Disapprove, 307 to 72, 81.0% to 19.0%; total votes 379. | Question 6: Approve beat Disapprove, 230 to 146, 61.2% to 38.8%; total votes 376. | Dem Primary Mayor: Zohran Kwame Mamdani beat Andrew M. Cuomo, 168 to 43, 77.1% to 19.7%; total votes 218. | Dem Primary Public Advocate: Jumaane D. Williams beat Jenifer Rajkumar, 97 to 79, 51.6% to 42.0%; total votes 188. | Dem Primary Comptroller: Ismael Malave Perez beat Justin Brannan, 62 to 53, 35.0% to 29.9%; total votes 177.", "mayor_margin": 54.7, "q2_yes": 77.4, "q3_yes": 72.8, "q4_yes": 76.6}, "geometry": {"type": "MultiPolygon", "coordinates": [[[[-73.860533, 40.6801344], [-73.860662, 40.6800975], [-73.8614233, 40.6798788], [-73.8615605, 40.67984], [-73.8622963, 40.6796316], [-73.8633494, 40.6793516], [-73.8637867, 40.6811137], [-73.8639897, 40.6819296], [-73.864101, 40.6823729], [-73.8645649, 40.6822461], [-73.864994, 40.682129], [-73.8660199, 40.6819196], [-73.8662717, 40.6830341], [-73.86629, 40.683115], [-73.8663026, 40.6831867], [-73.8654967, 40.6834167], [-73.8653277, 40.6834612], [-73.8648878, 40.683588], [-73.8647258, 40.6836347], [-73.8642923, 40.6837585], [-73.8638536, 40.6838828], [-73.8634279, 40.6840027], [-73.8629916, 40.6841254], [-73.8625665, 40.6842495], [-73.8625287, 40.6841727], [-73.8620997, 40.6833006], [-73.8619447, 40.6829855], [-73.8615168, 40.682114], [-73.8613639, 40.6818026], [-73.8607168, 40.6805034], [-73.860533, 40.6801344]]]]}}, {"type": "Feature", "properties": {"felt:feature": 57, "ed_label": "AD 38 ED 037", "elect_dist": "38037", "borough": "Queens", "community_board": 9, "community_board_label": "Queens CB9", "popup_title": "Queens CB9 \u2014 AD 38 ED 037", "general_mayor": "ZOHRAN KWAME MAMDANI beat ANDREW M. CUOMO, 470 to 129, 74.4% to 20.4%; total votes 632.", "general_mayor_winner": "Mamdani", "general_public_advocate": "JUMAANE D. WILLIAMS beat GONZALO DURAN, 495 to 91, 83.3% to 15.3%; total votes 594.", "general_public_advocate_winner": "Williams", "general_comptroller": "MARK D. LEVINE beat PETER KEFALAS, 459 to 89, 77.7% to 15.1%; total votes 591.", "general_comptroller_winner": "Levine", "question_1": "Approve beat Disapprove, 248 to 177, 58.4% to 41.6%; total votes 425.", "question_1_winner": "Yes-approve!", "question_2": "Approve beat Disapprove, 308 to 122, 71.6% to 28.4%; total votes 430.", "question_2_winner": "Yes-approve!", "question_3": "Approve beat Disapprove, 297 to 133, 69.1% to 30.9%; total votes 430.", "question_3_winner": "Yes-approve!", "question_4": "Approve beat Disapprove, 312 to 112, 73.6% to 26.4%; total votes 424.", "question_4_winner": "Yes-approve!", "question_5": "Approve beat Disapprove, 329 to 98, 77.0% to 23.0%; total votes 427.", "question_5_winner": "Yes-approve!", "question_6": "Approve beat Disapprove, 240 to 177, 57.6% to 42.4%; total votes 417.", "question_6_winner": "Yes-approve!", "dem_primary_mayor": "Zohran Kwame Mamdani beat Andrew M. Cuomo, 198 to 55, 75.6% to 21.0%; total votes 262.", "dem_primary_mayor_winner": "Mamdani", "dem_primary_public_advocate": "Jenifer Rajkumar beat Jumaane D. Williams, 113 to 104, 47.3% to 43.5%; total votes 239.", "dem_primary_public_advocate_winner": "Rajkumar", "dem_primary_comptroller": "Justin Brannan beat Mark D. Levine, 80 to 67, 35.6% to 29.8%; total votes 225.", "dem_primary_comptroller_winner": "Brannan", "popup_summary": "Mayor: ZOHRAN KWAME MAMDANI beat ANDREW M. CUOMO, 470 to 129, 74.4% to 20.4%; total votes 632. | Public Advocate: JUMAANE D. WILLIAMS beat GONZALO DURAN, 495 to 91, 83.3% to 15.3%; total votes 594. | City Comptroller: MARK D. LEVINE beat PETER KEFALAS, 459 to 89, 77.7% to 15.1%; total votes 591. | Question 1: Approve beat Disapprove, 248 to 177, 58.4% to 41.6%; total votes 425. | Question 2: Approve beat Disapprove, 308 to 122, 71.6% to 28.4%; total votes 430. | Question 3: Approve beat Disapprove, 297 to 133, 69.1% to 30.9%; total votes 430. | Question 4: Approve beat Disapprove, 312 to 112, 73.6% to 26.4%; total votes 424. | Question 5: Approve beat Disapprove, 329 to 98, 77.0% to 23.0%; total votes 427. | Question 6: Approve beat Disapprove, 240 to 177, 57.6% to 42.4%; total votes 417. | Dem Primary Mayor: Zohran Kwame Mamdani beat Andrew M. Cuomo, 198 to 55, 75.6% to 21.0%; total votes 262. | Dem Primary Public Advocate: Jenifer Rajkumar beat Jumaane D. Williams, 113 to 104, 47.3% to 43.5%; total votes 239. | Dem Primary Comptroller: Justin Brannan beat Mark D. Levine, 80 to 67, 35.6% to 29.8%; total votes 225.", "mayor_margin": 54.0, "q2_yes": 71.6, "q3_yes": 69.1, "q4_yes": 73.6}, "geometry": {"type": "MultiPolygon", "coordinates": [[[[-73.8570425, 40.681127], [-73.8579067, 40.6808799], [-73.8583335, 40.6807588], [-73.8587858, 40.6806305], [-73.8592951, 40.6804864], [-73.8596627, 40.6803824], [-73.8597746, 40.6803507], [-73.860533, 40.6801344], [-73.8607168, 40.6805034], [-73.8613639, 40.6818026], [-73.8615168, 40.682114], [-73.8619447, 40.6829855], [-73.8620997, 40.6833006], [-73.8625287, 40.6841727], [-73.8625665, 40.6842495], [-73.8621232, 40.6843753], [-73.861678, 40.6844963], [-73.8613511, 40.6845878], [-73.8608404, 40.684732], [-73.860765, 40.6847533], [-73.8604734, 40.6848307], [-73.8599307, 40.6849875], [-73.8595933, 40.685094], [-73.8590557, 40.6852398], [-73.8590321, 40.6851609], [-73.8585725, 40.6842054], [-73.85845, 40.6839824], [-73.8582737, 40.6836262], [-73.8578669, 40.6828047], [-73.8570425, 40.681127]]]]}}, {"type": "Feature", "properties": {"felt:feature": 58, "ed_label": "AD 38 ED 038", "elect_dist": "38038", "borough": "Queens", "community_board": 9, "community_board_label": "Queens CB9", "popup_title": "Queens CB9 \u2014 AD 38 ED 038", "general_mayor": "ZOHRAN KWAME MAMDANI beat ANDREW M. CUOMO, 192 to 107, 59.4% to 33.1%; total votes 323.", "general_mayor_winner": "Mamdani", "general_public_advocate": "JUMAANE D. WILLIAMS beat GONZALO DURAN, 224 to 58, 77.8% to 20.1%; total votes 288.", "general_public_advocate_winner": "Williams", "general_comptroller": "MARK D. LEVINE beat PETER KEFALAS, 209 to 54, 74.6% to 19.3%; total votes 280.", "general_comptroller_winner": "Levine", "question_1": "Approve beat Disapprove, 132 to 102, 56.4% to 43.6%; total votes 234.", "question_1_winner": "Yes-approve!", "question_2": "Approve beat Disapprove, 173 to 68, 71.8% to 28.2%; total votes 241.", "question_2_winner": "Yes-approve!", "question_3": "Approve beat Disapprove, 159 to 76, 67.7% to 32.3%; total votes 235.", "question_3_winner": "Yes-approve!", "question_4": "Approve beat Disapprove, 163 to 65, 71.5% to 28.5%; total votes 228.", "question_4_winner": "Yes-approve!", "question_5": "Approve beat Disapprove, 182 to 44, 80.5% to 19.5%; total votes 226.", "question_5_winner": "Yes-approve!", "question_6": "Disapprove beat Approve, 123 to 105, 53.9% to 46.1%; total votes 228.", "question_6_winner": "No-disapprove!", "dem_primary_mayor": "Zohran Kwame Mamdani beat Andrew M. Cuomo, 76 to 37, 65.0% to 31.6%; total votes 117.", "dem_primary_mayor_winner": "Mamdani", "dem_primary_public_advocate": "Jumaane D. Williams beat Jenifer Rajkumar, 53 to 46, 50.5% to 43.8%; total votes 105.", "dem_primary_public_advocate_winner": "Williams", "dem_primary_comptroller": "Justin Brannan beat Mark D. Levine, 43 to 28, 42.2% to 27.5%; total votes 102.", "dem_primary_comptroller_winner": "Brannan", "popup_summary": "Mayor: ZOHRAN KWAME MAMDANI beat ANDREW M. CUOMO, 192 to 107, 59.4% to 33.1%; total votes 323. | Public Advocate: JUMAANE D. WILLIAMS beat GONZALO DURAN, 224 to 58, 77.8% to 20.1%; total votes 288. | City Comptroller: MARK D. LEVINE beat PETER KEFALAS, 209 to 54, 74.6% to 19.3%; total votes 280. | Question 1: Approve beat Disapprove, 132 to 102, 56.4% to 43.6%; total votes 234. | Question 2: Approve beat Disapprove, 173 to 68, 71.8% to 28.2%; total votes 241. | Question 3: Approve beat Disapprove, 159 to 76, 67.7% to 32.3%; total votes 235. | Question 4: Approve beat Disapprove, 163 to 65, 71.5% to 28.5%; total votes 228. | Question 5: Approve beat Disapprove, 182 to 44, 80.5% to 19.5%; total votes 226. | Question 6: Disapprove beat Approve, 123 to 105, 53.9% to 46.1%; total votes 228. | Dem Primary Mayor: Zohran Kwame Mamdani beat Andrew M. Cuomo, 76 to 37, 65.0% to 31.6%; total votes 117. | Dem Primary Public Advocate: Jumaane D. Williams beat Jenifer Rajkumar, 53 to 46, 50.5% to 43.8%; total votes 105. | Dem Primary Comptroller: Justin Brannan beat Mark D. Levine, 43 to 28, 42.2% to 27.5%; total votes 102.", "mayor_margin": 26.3, "q2_yes": 71.8, "q3_yes": 67.7, "q4_yes": 71.5}, "geometry": {"type": "MultiPolygon", "coordinates": [[[[-73.852819, 40.6823313], [-73.853664, 40.6820879], [-73.8544956, 40.6818511], [-73.8553533, 40.681607], [-73.8561985, 40.6813668], [-73.8570425, 40.681127], [-73.8578669, 40.6828047], [-73.8582737, 40.6836262], [-73.85845, 40.6839824], [-73.8585725, 40.6842054], [-73.8590321, 40.6851609], [-73.8590557, 40.6852398], [-73.8590034, 40.6852557], [-73.8586961, 40.6853491], [-73.8582001, 40.6854838], [-73.857375, 40.6857234], [-73.8565306, 40.6859632], [-73.8556858, 40.6862057], [-73.8548398, 40.686446], [-73.8547972, 40.6863591], [-73.8542533, 40.6852497], [-73.8542203, 40.6851825], [-73.8536504, 40.6840118], [-73.8544923, 40.6837701], [-73.8553357, 40.6835284], [-73.8555994, 40.6834529], [-73.8552764, 40.6833718], [-73.8550401, 40.6833121], [-73.8541482, 40.6830855], [-73.8530552, 40.6827998], [-73.852819, 40.6823313]]]]}}, {"type": "Feature", "properties": {"felt:feature": 59, "ed_label": "AD 38 ED 039", "elect_dist": "38039", "borough": "Queens", "community_board": 9, "community_board_label": "Queens CB9", "popup_title": "Queens CB9 \u2014 AD 38 ED 039", "general_mayor": "ZOHRAN KWAME MAMDANI beat ANDREW M. CUOMO, 210 to 108, 61.0% to 31.4%; total votes 344.", "general_mayor_winner": "Mamdani", "general_public_advocate": "JUMAANE D. WILLIAMS beat GONZALO DURAN, 242 to 73, 75.9% to 22.9%; total votes 319.", "general_public_advocate_winner": "Williams", "general_comptroller": "MARK D. LEVINE beat PETER KEFALAS, 228 to 70, 73.8% to 22.7%; total votes 309.", "general_comptroller_winner": "Levine", "question_1": "Approve beat Disapprove, 156 to 133, 54.0% to 46.0%; total votes 289.", "question_1_winner": "Yes-approve!", "question_2": "Approve beat Disapprove, 198 to 92, 68.3% to 31.7%; total votes 290.", "question_2_winner": "Yes-approve!", "question_3": "Approve beat Disapprove, 194 to 92, 67.8% to 32.2%; total votes 286.", "question_3_winner": "Yes-approve!", "question_4": "Approve beat Disapprove, 201 to 86, 70.0% to 30.0%; total votes 287.", "question_4_winner": "Yes-approve!", "question_5": "Approve beat Disapprove, 204 to 80, 71.8% to 28.2%; total votes 284.", "question_5_winner": "Yes-approve!", "question_6": "Disapprove beat Approve, 144 to 139, 50.9% to 49.1%; total votes 283.", "question_6_winner": "No-disapprove!", "dem_primary_mayor": "Zohran Kwame Mamdani beat Andrew M. Cuomo, 84 to 39, 63.6% to 29.5%; total votes 132.", "dem_primary_mayor_winner": "Mamdani", "dem_primary_public_advocate": "Jenifer Rajkumar beat Jumaane D. Williams, 58 to 55, 49.2% to 46.6%; total votes 118.", "dem_primary_public_advocate_winner": "Rajkumar", "dem_primary_comptroller": "Mark D. Levine beat Justin Brannan, 41 to 33, 36.6% to 29.5%; total votes 112.", "dem_primary_comptroller_winner": "Levine", "popup_summary": "Mayor: ZOHRAN KWAME MAMDANI beat ANDREW M. CUOMO, 210 to 108, 61.0% to 31.4%; total votes 344. | Public Advocate: JUMAANE D. WILLIAMS beat GONZALO DURAN, 242 to 73, 75.9% to 22.9%; total votes 319. | City Comptroller: MARK D. LEVINE beat PETER KEFALAS, 228 to 70, 73.8% to 22.7%; total votes 309. | Question 1: Approve beat Disapprove, 156 to 133, 54.0% to 46.0%; total votes 289. | Question 2: Approve beat Disapprove, 198 to 92, 68.3% to 31.7%; total votes 290. | Question 3: Approve beat Disapprove, 194 to 92, 67.8% to 32.2%; total votes 286. | Question 4: Approve beat Disapprove, 201 to 86, 70.0% to 30.0%; total votes 287. | Question 5: Approve beat Disapprove, 204 to 80, 71.8% to 28.2%; total votes 284. | Question 6: Disapprove beat Approve, 144 to 139, 50.9% to 49.1%; total votes 283. | Dem Primary Mayor: Zohran Kwame Mamdani beat Andrew M. Cuomo, 84 to 39, 63.6% to 29.5%; total votes 132. | Dem Primary Public Advocate: Jenifer Rajkumar beat Jumaane D. Williams, 58 to 55, 49.2% to 46.6%; total votes 118. | Dem Primary Comptroller: Mark D. Levine beat Justin Brannan, 41 to 33, 36.6% to 29.5%; total votes 112.", "mayor_margin": 29.6, "q2_yes": 68.3, "q3_yes": 67.8, "q4_yes": 70.0}, "geometry": {"type": "MultiPolygon", "coordinates": [[[[-73.8494217, 40.6832953], [-73.8502841, 40.6830487], [-73.8511291, 40.6828093], [-73.8519786, 40.6825642], [-73.852819, 40.6823313], [-73.8530552, 40.6827998], [-73.8541482, 40.6830855], [-73.8550401, 40.6833121], [-73.8552764, 40.6833718], [-73.8555994, 40.6834529], [-73.8553357, 40.6835284], [-73.8544923, 40.6837701], [-73.8536504, 40.6840118], [-73.8542203, 40.6851825], [-73.8542533, 40.6852497], [-73.8547972, 40.6863591], [-73.8548398, 40.686446], [-73.853996, 40.6866858], [-73.8535533, 40.6868109], [-73.8531391, 40.6869291], [-73.8523099, 40.6871662], [-73.8518668, 40.6872921], [-73.8514459, 40.6874113], [-73.8510083, 40.6875361], [-73.8505626, 40.6876632], [-73.8496979, 40.687904], [-73.8490432, 40.6881008], [-73.848978, 40.688028], [-73.8496618, 40.6878319], [-73.8505311, 40.687592], [-73.8499908, 40.6864874], [-73.8499475, 40.6863998], [-73.8493767, 40.6852435], [-73.8493687, 40.6852274], [-73.8502481, 40.6849771], [-73.8494217, 40.6832953]]]]}}, {"type": "Feature", "properties": {"felt:feature": 60, "ed_label": "AD 38 ED 040", "elect_dist": "38040", "borough": "Queens", "community_board": 9, "community_board_label": "Queens CB9", "popup_title": "Queens CB9 \u2014 AD 38 ED 040", "general_mayor": "ZOHRAN KWAME MAMDANI beat ANDREW M. CUOMO, 168 to 73, 63.2% to 27.4%; total votes 266.", "general_mayor_winner": "Mamdani", "general_public_advocate": "JUMAANE D. WILLIAMS beat GONZALO DURAN, 182 to 53, 76.8% to 22.4%; total votes 237.", "general_public_advocate_winner": "Williams", "general_comptroller": "MARK D. LEVINE beat PETER KEFALAS, 174 to 46, 75.0% to 19.8%; total votes 232.", "general_comptroller_winner": "Levine", "question_1": "Disapprove beat Approve, 98 to 88, 52.7% to 47.3%; total votes 186.", "question_1_winner": "No-disapprove!", "question_2": "Approve beat Disapprove, 135 to 54, 71.4% to 28.6%; total votes 189.", "question_2_winner": "Yes-approve!", "question_3": "Approve beat Disapprove, 121 to 66, 64.7% to 35.3%; total votes 187.", "question_3_winner": "Yes-approve!", "question_4": "Approve beat Disapprove, 116 to 62, 65.2% to 34.8%; total votes 178.", "question_4_winner": "Yes-approve!", "question_5": "Approve beat Disapprove, 127 to 51, 71.3% to 28.7%; total votes 178.", "question_5_winner": "Yes-approve!", "question_6": "Approve beat Disapprove, 93 to 88, 51.4% to 48.6%; total votes 181.", "question_6_winner": "Yes-approve!", "dem_primary_mayor": "Zohran Kwame Mamdani beat Andrew M. Cuomo, 50 to 25, 62.5% to 31.2%; total votes 80.", "dem_primary_mayor_winner": "Mamdani", "dem_primary_public_advocate": "Jenifer Rajkumar beat Jumaane D. Williams, 42 to 24, 61.8% to 35.3%; total votes 68.", "dem_primary_public_advocate_winner": "Rajkumar", "dem_primary_comptroller": "Mark D. Levine beat Justin Brannan, 21 to 17, 35.6% to 28.8%; total votes 59.", "dem_primary_comptroller_winner": "Levine", "popup_summary": "Mayor: ZOHRAN KWAME MAMDANI beat ANDREW M. CUOMO, 168 to 73, 63.2% to 27.4%; total votes 266. | Public Advocate: JUMAANE D. WILLIAMS beat GONZALO DURAN, 182 to 53, 76.8% to 22.4%; total votes 237. | City Comptroller: MARK D. LEVINE beat PETER KEFALAS, 174 to 46, 75.0% to 19.8%; total votes 232. | Question 1: Disapprove beat Approve, 98 to 88, 52.7% to 47.3%; total votes 186. | Question 2: Approve beat Disapprove, 135 to 54, 71.4% to 28.6%; total votes 189. | Question 3: Approve beat Disapprove, 121 to 66, 64.7% to 35.3%; total votes 187. | Question 4: Approve beat Disapprove, 116 to 62, 65.2% to 34.8%; total votes 178. | Question 5: Approve beat Disapprove, 127 to 51, 71.3% to 28.7%; total votes 178. | Question 6: Approve beat Disapprove, 93 to 88, 51.4% to 48.6%; total votes 181. | Dem Primary Mayor: Zohran Kwame Mamdani beat Andrew M. Cuomo, 50 to 25, 62.5% to 31.2%; total votes 80. | Dem Primary Public Advocate: Jenifer Rajkumar beat Jumaane D. Williams, 42 to 24, 61.8% to 35.3%; total votes 68. | Dem Primary Comptroller: Mark D. Levine beat Justin Brannan, 21 to 17, 35.6% to 28.8%; total votes 59.", "mayor_margin": 35.8, "q2_yes": 71.4, "q3_yes": 64.7, "q4_yes": 65.2}, "geometry": {"type": "MultiPolygon", "coordinates": [[[[-73.8460943, 40.6842399], [-73.8461645, 40.6842209], [-73.8462687, 40.6841913], [-73.8467845, 40.6840449], [-73.8476624, 40.6837943], [-73.8485426, 40.6835444], [-73.8494217, 40.6832953], [-73.8502481, 40.6849771], [-73.8493687, 40.6852274], [-73.8493767, 40.6852435], [-73.8499475, 40.6863998], [-73.8499908, 40.6864874], [-73.8505311, 40.687592], [-73.8496618, 40.6878319], [-73.848978, 40.688028], [-73.8490432, 40.6881008], [-73.8489058, 40.6881314], [-73.8488319, 40.6881504], [-73.8487732, 40.688083], [-73.8485516, 40.6878197], [-73.848389, 40.6876424], [-73.8483446, 40.6875985], [-73.8480393, 40.6873122], [-73.8477222, 40.6870333], [-73.8475268, 40.6868269], [-73.847249, 40.6864807], [-73.8471859, 40.6863876], [-73.8470423, 40.6861571], [-73.8469177, 40.6859227], [-73.8466731, 40.6854228], [-73.8465835, 40.6852398], [-73.8465715, 40.6852151], [-73.8460943, 40.6842399]]]]}}, {"type": "Feature", "properties": {"felt:feature": 61, "ed_label": "AD 38 ED 041", "elect_dist": "38041", "borough": "Queens", "community_board": 9, "community_board_label": "Queens CB9", "popup_title": "Queens CB9 \u2014 AD 38 ED 041", "general_mayor": "ZOHRAN KWAME MAMDANI beat ANDREW M. CUOMO, 144 to 118, 49.5% to 40.5%; total votes 291.", "general_mayor_winner": "Mamdani", "general_public_advocate": "JUMAANE D. WILLIAMS beat GONZALO DURAN, 161 to 91, 63.6% to 36.0%; total votes 253.", "general_public_advocate_winner": "Williams", "general_comptroller": "MARK D. LEVINE beat PETER KEFALAS, 162 to 74, 64.5% to 29.5%; total votes 251.", "general_comptroller_winner": "Levine", "question_1": "Disapprove beat Approve, 128 to 72, 64.0% to 36.0%; total votes 200.", "question_1_winner": "No-disapprove!", "question_2": "Approve beat Disapprove, 123 to 83, 59.7% to 40.3%; total votes 206.", "question_2_winner": "Yes-approve!", "question_3": "Approve beat Disapprove, 115 to 90, 56.1% to 43.9%; total votes 205.", "question_3_winner": "Yes-approve!", "question_4": "Approve beat Disapprove, 125 to 78, 61.6% to 38.4%; total votes 203.", "question_4_winner": "Yes-approve!", "question_5": "Approve beat Disapprove, 129 to 72, 64.2% to 35.8%; total votes 201.", "question_5_winner": "Yes-approve!", "question_6": "Disapprove beat Approve, 115 to 86, 57.2% to 42.8%; total votes 201.", "question_6_winner": "No-disapprove!", "dem_primary_mayor": "Zohran Kwame Mamdani beat Andrew M. Cuomo, 56 to 30, 60.2% to 32.3%; total votes 93.", "dem_primary_mayor_winner": "Mamdani", "dem_primary_public_advocate": "Jumaane D. Williams beat Jenifer Rajkumar, 43 to 37, 50.0% to 43.0%; total votes 86.", "dem_primary_public_advocate_winner": "Williams", "dem_primary_comptroller": "Mark D. Levine beat Ismael Malave Perez, 28 to 26, 33.7% to 31.3%; total votes 83.", "dem_primary_comptroller_winner": "Levine", "popup_summary": "Mayor: ZOHRAN KWAME MAMDANI beat ANDREW M. CUOMO, 144 to 118, 49.5% to 40.5%; total votes 291. | Public Advocate: JUMAANE D. WILLIAMS beat GONZALO DURAN, 161 to 91, 63.6% to 36.0%; total votes 253. | City Comptroller: MARK D. LEVINE beat PETER KEFALAS, 162 to 74, 64.5% to 29.5%; total votes 251. | Question 1: Disapprove beat Approve, 128 to 72, 64.0% to 36.0%; total votes 200. | Question 2: Approve beat Disapprove, 123 to 83, 59.7% to 40.3%; total votes 206. | Question 3: Approve beat Disapprove, 115 to 90, 56.1% to 43.9%; total votes 205. | Question 4: Approve beat Disapprove, 125 to 78, 61.6% to 38.4%; total votes 203. | Question 5: Approve beat Disapprove, 129 to 72, 64.2% to 35.8%; total votes 201. | Question 6: Disapprove beat Approve, 115 to 86, 57.2% to 42.8%; total votes 201. | Dem Primary Mayor: Zohran Kwame Mamdani beat Andrew M. Cuomo, 56 to 30, 60.2% to 32.3%; total votes 93. | Dem Primary Public Advocate: Jumaane D. Williams beat Jenifer Rajkumar, 43 to 37, 50.0% to 43.0%; total votes 86. | Dem Primary Comptroller: Mark D. Levine beat Ismael Malave Perez, 28 to 26, 33.7% to 31.3%; total votes 83.", "mayor_margin": 9.0, "q2_yes": 59.7, "q3_yes": 56.1, "q4_yes": 61.6}, "geometry": {"type": "MultiPolygon", "coordinates": [[[[-73.8421746, 40.6853536], [-73.8423314, 40.6853096], [-73.8424763, 40.6852689], [-73.8425976, 40.6852344], [-73.8433525, 40.6850197], [-73.8442154, 40.6847749], [-73.8449183, 40.6845761], [-73.8459397, 40.6842816], [-73.8460504, 40.6842522], [-73.8460943, 40.6842399], [-73.8465715, 40.6852151], [-73.8465835, 40.6852398], [-73.8466731, 40.6854228], [-73.8469177, 40.6859227], [-73.8470423, 40.6861571], [-73.8471859, 40.6863876], [-73.847249, 40.6864807], [-73.8475268, 40.6868269], [-73.8477222, 40.6870333], [-73.8480393, 40.6873122], [-73.8483446, 40.6875985], [-73.848389, 40.6876424], [-73.8485516, 40.6878197], [-73.8487732, 40.688083], [-73.8488319, 40.6881504], [-73.8487726, 40.6881693], [-73.8486608, 40.6882014], [-73.8479269, 40.6884122], [-73.8478844, 40.6883273], [-73.8475136, 40.6884325], [-73.847054, 40.688563], [-73.8458733, 40.6888983], [-73.8459035, 40.6889876], [-73.8450053, 40.6892439], [-73.8449603, 40.6891626], [-73.8442683, 40.6893629], [-73.8441501, 40.6893933], [-73.8438636, 40.6888321], [-73.8435645, 40.688214], [-73.843003, 40.6870379], [-73.8421746, 40.6853536]]]]}}, {"type": "Feature", "properties": {"felt:feature": 62, "ed_label": "AD 38 ED 043", "elect_dist": "38043", "borough": "Queens", "community_board": 9, "community_board_label": "Queens CB9", "popup_title": "Queens CB9 \u2014 AD 38 ED 043", "general_mayor": "ZOHRAN KWAME MAMDANI beat ANDREW M. CUOMO, 8 to 2, 80.0% to 20.0%; total votes 10.", "general_mayor_winner": "Mamdani", "general_public_advocate": "JUMAANE D. WILLIAMS beat GONZALO DURAN, 7 to 2, 70.0% to 20.0%; total votes 10.", "general_public_advocate_winner": "Williams", "general_comptroller": "MARK D. LEVINE beat ISMAEL MALAVE PEREZ, 8 to 2, 80.0% to 20.0%; total votes 10.", "general_comptroller_winner": "Levine", "question_1": "Approve beat Disapprove, 6 to 4, 60.0% to 40.0%; total votes 10.", "question_1_winner": "Yes-approve!", "question_2": "Disapprove beat Approve, 7 to 3, 70.0% to 30.0%; total votes 10.", "question_2_winner": "No-disapprove!", "question_3": "Disapprove beat Approve, 7 to 3, 70.0% to 30.0%; total votes 10.", "question_3_winner": "No-disapprove!", "question_4": "Disapprove beat Approve, 5 to 5, 50.0% to 50.0%; total votes 10.", "question_4_winner": "No-disapprove!", "question_5": "Approve beat Disapprove, 6 to 4, 60.0% to 40.0%; total votes 10.", "question_5_winner": "Yes-approve!", "question_6": "Disapprove beat Approve, 6 to 4, 60.0% to 40.0%; total votes 10.", "question_6_winner": "No-disapprove!", "dem_primary_mayor": "No results found", "dem_primary_mayor_winner": "No winner found", "dem_primary_public_advocate": "No results found", "dem_primary_public_advocate_winner": "No winner found", "dem_primary_comptroller": "No results found", "dem_primary_comptroller_winner": "No winner found", "popup_summary": "Mayor: ZOHRAN KWAME MAMDANI beat ANDREW M. CUOMO, 8 to 2, 80.0% to 20.0%; total votes 10. | Public Advocate: JUMAANE D. WILLIAMS beat GONZALO DURAN, 7 to 2, 70.0% to 20.0%; total votes 10. | City Comptroller: MARK D. LEVINE beat ISMAEL MALAVE PEREZ, 8 to 2, 80.0% to 20.0%; total votes 10. | Question 1: Approve beat Disapprove, 6 to 4, 60.0% to 40.0%; total votes 10. | Question 2: Disapprove beat Approve, 7 to 3, 70.0% to 30.0%; total votes 10. | Question 3: Disapprove beat Approve, 7 to 3, 70.0% to 30.0%; total votes 10. | Question 4: Disapprove beat Approve, 5 to 5, 50.0% to 50.0%; total votes 10. | Question 5: Approve beat Disapprove, 6 to 4, 60.0% to 40.0%; total votes 10. | Question 6: Disapprove beat Approve, 6 to 4, 60.0% to 40.0%; total votes 10.", "mayor_margin": 60.0, "q2_yes": 70.0, "q3_yes": 70.0, "q4_yes": 50.0}, "geometry": {"type": "MultiPolygon", "coordinates": [[[[-73.8479269, 40.6884122], [-73.8486608, 40.6882014], [-73.8487726, 40.6881693], [-73.8488319, 40.6881504], [-73.8489058, 40.6881314], [-73.8490432, 40.6881008], [-73.849087, 40.68815], [-73.8492954, 40.6884076], [-73.849383, 40.6885159], [-73.849294, 40.6885837], [-73.8492482, 40.6886273], [-73.8492025, 40.6886672], [-73.8490856, 40.6887342], [-73.848674, 40.6888695], [-73.8482319, 40.6889925], [-73.8479606, 40.6884762], [-73.8479269, 40.6884122]]]]}}, {"type": "Feature", "properties": {"felt:feature": 63, "ed_label": "AD 38 ED 045", "elect_dist": "38045", "borough": "Queens", "community_board": 9, "community_board_label": "Queens CB9", "popup_title": "Queens CB9 \u2014 AD 38 ED 045", "general_mayor": "ANDREW M. CUOMO beat ZOHRAN KWAME MAMDANI, 99 to 97, 44.2% to 43.3%; total votes 224.", "general_mayor_winner": "Cuomo", "general_public_advocate": "JUMAANE D. WILLIAMS beat GONZALO DURAN, 136 to 64, 66.0% to 31.1%; total votes 206.", "general_public_advocate_winner": "Williams", "general_comptroller": "MARK D. LEVINE beat PETER KEFALAS, 145 to 53, 70.4% to 25.7%; total votes 206.", "general_comptroller_winner": "Levine", "question_1": "Disapprove beat Approve, 102 to 97, 51.3% to 48.7%; total votes 199.", "question_1_winner": "No-disapprove!", "question_2": "Approve beat Disapprove, 124 to 80, 60.8% to 39.2%; total votes 204.", "question_2_winner": "Yes-approve!", "question_3": "Approve beat Disapprove, 124 to 74, 62.6% to 37.4%; total votes 198.", "question_3_winner": "Yes-approve!", "question_4": "Approve beat Disapprove, 128 to 70, 64.6% to 35.4%; total votes 198.", "question_4_winner": "Yes-approve!", "question_5": "Approve beat Disapprove, 145 to 53, 73.2% to 26.8%; total votes 198.", "question_5_winner": "Yes-approve!", "question_6": "Disapprove beat Approve, 109 to 86, 55.9% to 44.1%; total votes 195.", "question_6_winner": "No-disapprove!", "dem_primary_mayor": "Andrew M. Cuomo beat Zohran Kwame Mamdani, 47 to 41, 51.6% to 45.1%; total votes 91.", "dem_primary_mayor_winner": "Cuomo", "dem_primary_public_advocate": "Jenifer Rajkumar beat Jumaane D. Williams, 50 to 35, 56.8% to 39.8%; total votes 88.", "dem_primary_public_advocate_winner": "Rajkumar", "dem_primary_comptroller": "Mark D. Levine beat Justin Brannan, 39 to 25, 47.0% to 30.1%; total votes 83.", "dem_primary_comptroller_winner": "Levine", "popup_summary": "Mayor: ANDREW M. CUOMO beat ZOHRAN KWAME MAMDANI, 99 to 97, 44.2% to 43.3%; total votes 224. | Public Advocate: JUMAANE D. WILLIAMS beat GONZALO DURAN, 136 to 64, 66.0% to 31.1%; total votes 206. | City Comptroller: MARK D. LEVINE beat PETER KEFALAS, 145 to 53, 70.4% to 25.7%; total votes 206. | Question 1: Disapprove beat Approve, 102 to 97, 51.3% to 48.7%; total votes 199. | Question 2: Approve beat Disapprove, 124 to 80, 60.8% to 39.2%; total votes 204. | Question 3: Approve beat Disapprove, 124 to 74, 62.6% to 37.4%; total votes 198. | Question 4: Approve beat Disapprove, 128 to 70, 64.6% to 35.4%; total votes 198. | Question 5: Approve beat Disapprove, 145 to 53, 73.2% to 26.8%; total votes 198. | Question 6: Disapprove beat Approve, 109 to 86, 55.9% to 44.1%; total votes 195. | Dem Primary Mayor: Andrew M. Cuomo beat Zohran Kwame Mamdani, 47 to 41, 51.6% to 45.1%; total votes 91. | Dem Primary Public Advocate: Jenifer Rajkumar beat Jumaane D. Williams, 50 to 35, 56.8% to 39.8%; total votes 88. | Dem Primary Comptroller: Mark D. Levine beat Justin Brannan, 39 to 25, 47.0% to 30.1%; total votes 83.", "mayor_margin": 0.9, "q2_yes": 60.8, "q3_yes": 62.6, "q4_yes": 64.6}, "geometry": {"type": "MultiPolygon", "coordinates": [[[[-73.8491319, 40.6945058], [-73.8495618, 40.6944216], [-73.8504813, 40.6942298], [-73.8510485, 40.6940667], [-73.8513492, 40.6939646], [-73.8519172, 40.6937535], [-73.8520652, 40.6936984], [-73.852165, 40.6936614], [-73.8523604, 40.694117], [-73.8524392, 40.6942774], [-73.8525005, 40.6944428], [-73.8525437, 40.6946114], [-73.8525683, 40.6947817], [-73.8526465, 40.6951814], [-73.8527014, 40.695462], [-73.8528296, 40.6961397], [-73.8528438, 40.696306], [-73.8528456, 40.6964729], [-73.8528378, 40.6965953], [-73.8528074, 40.696845], [-73.8528082, 40.6969363], [-73.8528103, 40.6971677], [-73.8527983, 40.6972911], [-73.8527451, 40.6975608], [-73.8526587, 40.6975723], [-73.8525496, 40.6975868], [-73.8518384, 40.6976817], [-73.8516991, 40.6969843], [-73.8515475, 40.6963085], [-73.8495911, 40.6965619], [-73.8494379, 40.6958823], [-73.8492912, 40.6952044], [-73.8491319, 40.6945058]]]]}}, {"type": "Feature", "properties": {"felt:feature": 64, "ed_label": "AD 38 ED 047", "elect_dist": "38047", "borough": "Queens", "community_board": 9, "community_board_label": "Queens CB9", "popup_title": "Queens CB9 \u2014 AD 38 ED 047", "general_mayor": "ANDREW M. CUOMO beat ZOHRAN KWAME MAMDANI, 338 to 320, 45.2% to 42.8%; total votes 747.", "general_mayor_winner": "Cuomo", "general_public_advocate": "JUMAANE D. WILLIAMS beat GONZALO DURAN, 435 to 261, 61.4% to 36.9%; total votes 708.", "general_public_advocate_winner": "Williams", "general_comptroller": "MARK D. LEVINE beat PETER KEFALAS, 457 to 234, 65.0% to 33.3%; total votes 703.", "general_comptroller_winner": "Levine", "question_1": "Disapprove beat Approve, 354 to 285, 55.4% to 44.6%; total votes 639.", "question_1_winner": "No-disapprove!", "question_2": "Approve beat Disapprove, 340 to 298, 53.3% to 46.7%; total votes 638.", "question_2_winner": "Yes-approve!", "question_3": "Approve beat Disapprove, 317 to 316, 50.1% to 49.9%; total votes 633.", "question_3_winner": "Yes-approve!", "question_4": "Approve beat Disapprove, 339 to 282, 54.6% to 45.4%; total votes 621.", "question_4_winner": "Yes-approve!", "question_5": "Approve beat Disapprove, 406 to 219, 65.0% to 35.0%; total votes 625.", "question_5_winner": "Yes-approve!", "question_6": "Disapprove beat Approve, 365 to 264, 58.0% to 42.0%; total votes 629.", "question_6_winner": "No-disapprove!", "dem_primary_mayor": "Zohran Kwame Mamdani beat Andrew M. Cuomo, 138 to 128, 45.5% to 42.2%; total votes 303.", "dem_primary_mayor_winner": "Mamdani", "dem_primary_public_advocate": "Jenifer Rajkumar beat Jumaane D. Williams, 127 to 125, 45.2% to 44.5%; total votes 281.", "dem_primary_public_advocate_winner": "Rajkumar", "dem_primary_comptroller": "Mark D. Levine beat Justin Brannan, 128 to 77, 46.7% to 28.1%; total votes 274.", "dem_primary_comptroller_winner": "Levine", "popup_summary": "Mayor: ANDREW M. CUOMO beat ZOHRAN KWAME MAMDANI, 338 to 320, 45.2% to 42.8%; total votes 747. | Public Advocate: JUMAANE D. WILLIAMS beat GONZALO DURAN, 435 to 261, 61.4% to 36.9%; total votes 708. | City Comptroller: MARK D. LEVINE beat PETER KEFALAS, 457 to 234, 65.0% to 33.3%; total votes 703. | Question 1: Disapprove beat Approve, 354 to 285, 55.4% to 44.6%; total votes 639. | Question 2: Approve beat Disapprove, 340 to 298, 53.3% to 46.7%; total votes 638. | Question 3: Approve beat Disapprove, 317 to 316, 50.1% to 49.9%; total votes 633. | Question 4: Approve beat Disapprove, 339 to 282, 54.6% to 45.4%; total votes 621. | Question 5: Approve beat Disapprove, 406 to 219, 65.0% to 35.0%; total votes 625. | Question 6: Disapprove beat Approve, 365 to 264, 58.0% to 42.0%; total votes 629. | Dem Primary Mayor: Zohran Kwame Mamdani beat Andrew M. Cuomo, 138 to 128, 45.5% to 42.2%; total votes 303. | Dem Primary Public Advocate: Jenifer Rajkumar beat Jumaane D. Williams, 127 to 125, 45.2% to 44.5%; total votes 281. | Dem Primary Comptroller: Mark D. Levine beat Justin Brannan, 128 to 77, 46.7% to 28.1%; total votes 274.", "mayor_margin": 2.4, "q2_yes": 53.3, "q3_yes": 50.1, "q4_yes": 54.6}, "geometry": {"type": "MultiPolygon", "coordinates": [[[[-73.8371666, 40.6968656], [-73.8378988, 40.6963688], [-73.8380114, 40.6962977], [-73.8386517, 40.6959199], [-73.8387917, 40.695852], [-73.8394834, 40.6955819], [-73.8396343, 40.6955354], [-73.8403508, 40.6953831], [-73.8404969, 40.69536], [-73.841135, 40.6952838], [-73.8422266, 40.6974713], [-73.8430646, 40.6991462], [-73.843594, 40.7001724], [-73.8429379, 40.7005544], [-73.8427568, 40.7006576], [-73.8427566, 40.7006577], [-73.8427565, 40.7006578], [-73.8425654, 40.7007506], [-73.8425653, 40.7007507], [-73.8425651, 40.7007507], [-73.8423654, 40.7008324], [-73.8423653, 40.7008325], [-73.8423651, 40.7008325], [-73.8421584, 40.7009026], [-73.8415638, 40.7011006], [-73.8412161, 40.7010417], [-73.8402084, 40.7009361], [-73.83949, 40.7008587], [-73.8391211, 40.7008167], [-73.8380498, 40.6986887], [-73.8371666, 40.6968656]]]]}}, {"type": "Feature", "properties": {"felt:feature": 65, "ed_label": "AD 38 ED 048", "elect_dist": "38048", "borough": "Queens", "community_board": 9, "community_board_label": "Queens CB9", "popup_title": "Queens CB9 \u2014 AD 38 ED 048", "general_mayor": "ZOHRAN KWAME MAMDANI beat ANDREW M. CUOMO, 271 to 151, 57.5% to 32.1%; total votes 471.", "general_mayor_winner": "Mamdani", "general_public_advocate": "JUMAANE D. WILLIAMS beat GONZALO DURAN, 314 to 110, 72.7% to 25.5%; total votes 432.", "general_public_advocate_winner": "Williams", "general_comptroller": "MARK D. LEVINE beat PETER KEFALAS, 305 to 96, 71.8% to 22.6%; total votes 425.", "general_comptroller_winner": "Levine", "question_1": "Disapprove beat Approve, 170 to 165, 50.7% to 49.3%; total votes 335.", "question_1_winner": "No-disapprove!", "question_2": "Approve beat Disapprove, 230 to 108, 68.0% to 32.0%; total votes 338.", "question_2_winner": "Yes-approve!", "question_3": "Approve beat Disapprove, 217 to 116, 65.2% to 34.8%; total votes 333.", "question_3_winner": "Yes-approve!", "question_4": "Approve beat Disapprove, 231 to 102, 69.4% to 30.6%; total votes 333.", "question_4_winner": "Yes-approve!", "question_5": "Approve beat Disapprove, 246 to 85, 74.3% to 25.7%; total votes 331.", "question_5_winner": "Yes-approve!", "question_6": "Approve beat Disapprove, 178 to 153, 53.8% to 46.2%; total votes 331.", "question_6_winner": "Yes-approve!", "dem_primary_mayor": "Zohran Kwame Mamdani beat Andrew M. Cuomo, 94 to 57, 61.0% to 37.0%; total votes 154.", "dem_primary_mayor_winner": "Mamdani", "dem_primary_public_advocate": "Jenifer Rajkumar beat Jumaane D. Williams, 68 to 67, 48.6% to 47.9%; total votes 140.", "dem_primary_public_advocate_winner": "Rajkumar", "dem_primary_comptroller": "Justin Brannan beat Mark D. Levine, 46 to 36, 35.4% to 27.7%; total votes 130.", "dem_primary_comptroller_winner": "Brannan", "popup_summary": "Mayor: ZOHRAN KWAME MAMDANI beat ANDREW M. CUOMO, 271 to 151, 57.5% to 32.1%; total votes 471. | Public Advocate: JUMAANE D. WILLIAMS beat GONZALO DURAN, 314 to 110, 72.7% to 25.5%; total votes 432. | City Comptroller: MARK D. LEVINE beat PETER KEFALAS, 305 to 96, 71.8% to 22.6%; total votes 425. | Question 1: Disapprove beat Approve, 170 to 165, 50.7% to 49.3%; total votes 335. | Question 2: Approve beat Disapprove, 230 to 108, 68.0% to 32.0%; total votes 338. | Question 3: Approve beat Disapprove, 217 to 116, 65.2% to 34.8%; total votes 333. | Question 4: Approve beat Disapprove, 231 to 102, 69.4% to 30.6%; total votes 333. | Question 5: Approve beat Disapprove, 246 to 85, 74.3% to 25.7%; total votes 331. | Question 6: Approve beat Disapprove, 178 to 153, 53.8% to 46.2%; total votes 331. | Dem Primary Mayor: Zohran Kwame Mamdani beat Andrew M. Cuomo, 94 to 57, 61.0% to 37.0%; total votes 154. | Dem Primary Public Advocate: Jenifer Rajkumar beat Jumaane D. Williams, 68 to 67, 48.6% to 47.9%; total votes 140. | Dem Primary Comptroller: Justin Brannan beat Mark D. Levine, 46 to 36, 35.4% to 27.7%; total votes 130.", "mayor_margin": 25.4, "q2_yes": 68.0, "q3_yes": 65.2, "q4_yes": 69.4}, "geometry": {"type": "MultiPolygon", "coordinates": [[[[-73.8372781, 40.6867473], [-73.8381585, 40.6864966], [-73.8390599, 40.6862401], [-73.8399228, 40.6859945], [-73.8407693, 40.6857542], [-73.8416123, 40.6855132], [-73.8421746, 40.6853536], [-73.843003, 40.6870379], [-73.8435645, 40.688214], [-73.8438636, 40.6888321], [-73.8441501, 40.6893933], [-73.8442683, 40.6893629], [-73.8449603, 40.6891626], [-73.8450053, 40.6892439], [-73.8443071, 40.6894417], [-73.8441915, 40.6894744], [-73.8428108, 40.6898722], [-73.8410747, 40.6903508], [-73.8392999, 40.6908643], [-73.8387071, 40.6910334], [-73.8384189, 40.6911145], [-73.8375367, 40.6913594], [-73.8375051, 40.691294], [-73.8373067, 40.6908884], [-73.8370828, 40.6904305], [-73.8369234, 40.6901045], [-73.837801, 40.6898537], [-73.8386812, 40.689604], [-73.8381058, 40.6884331], [-73.8372781, 40.6867473]]]]}}, {"type": "Feature", "properties": {"felt:feature": 66, "ed_label": "AD 38 ED 049", "elect_dist": "38049", "borough": "Queens", "community_board": 9, "community_board_label": "Queens CB9", "popup_title": "Queens CB9 \u2014 AD 38 ED 049", "general_mayor": "ZOHRAN KWAME MAMDANI beat ANDREW M. CUOMO, 85 to 70, 47.5% to 39.1%; total votes 179.", "general_mayor_winner": "Mamdani", "general_public_advocate": "JUMAANE D. WILLIAMS beat GONZALO DURAN, 118 to 45, 70.7% to 26.9%; total votes 167.", "general_public_advocate_winner": "Williams", "general_comptroller": "MARK D. LEVINE beat PETER KEFALAS, 112 to 44, 69.1% to 27.2%; total votes 162.", "general_comptroller_winner": "Levine", "question_1": "Disapprove beat Approve, 83 to 73, 53.2% to 46.8%; total votes 156.", "question_1_winner": "No-disapprove!", "question_2": "Approve beat Disapprove, 99 to 55, 64.3% to 35.7%; total votes 154.", "question_2_winner": "Yes-approve!", "question_3": "Approve beat Disapprove, 91 to 60, 60.3% to 39.7%; total votes 151.", "question_3_winner": "Yes-approve!", "question_4": "Approve beat Disapprove, 96 to 56, 63.2% to 36.8%; total votes 152.", "question_4_winner": "Yes-approve!", "question_5": "Approve beat Disapprove, 107 to 46, 69.9% to 30.1%; total votes 153.", "question_5_winner": "Yes-approve!", "question_6": "Disapprove beat Approve, 77 to 75, 50.7% to 49.3%; total votes 152.", "question_6_winner": "No-disapprove!", "dem_primary_mayor": "Andrew M. Cuomo beat Zohran Kwame Mamdani, 26 to 24, 40.0% to 36.9%; total votes 65.", "dem_primary_mayor_winner": "Cuomo", "dem_primary_public_advocate": "Jumaane D. Williams beat Jenifer Rajkumar, 31 to 26, 50.8% to 42.6%; total votes 61.", "dem_primary_public_advocate_winner": "Williams", "dem_primary_comptroller": "Mark D. Levine beat Ismael Malave Perez, 30 to 13, 51.7% to 22.4%; total votes 58.", "dem_primary_comptroller_winner": "Levine", "popup_summary": "Mayor: ZOHRAN KWAME MAMDANI beat ANDREW M. CUOMO, 85 to 70, 47.5% to 39.1%; total votes 179. | Public Advocate: JUMAANE D. WILLIAMS beat GONZALO DURAN, 118 to 45, 70.7% to 26.9%; total votes 167. | City Comptroller: MARK D. LEVINE beat PETER KEFALAS, 112 to 44, 69.1% to 27.2%; total votes 162. | Question 1: Disapprove beat Approve, 83 to 73, 53.2% to 46.8%; total votes 156. | Question 2: Approve beat Disapprove, 99 to 55, 64.3% to 35.7%; total votes 154. | Question 3: Approve beat Disapprove, 91 to 60, 60.3% to 39.7%; total votes 151. | Question 4: Approve beat Disapprove, 96 to 56, 63.2% to 36.8%; total votes 152. | Question 5: Approve beat Disapprove, 107 to 46, 69.9% to 30.1%; total votes 153. | Question 6: Disapprove beat Approve, 77 to 75, 50.7% to 49.3%; total votes 152. | Dem Primary Mayor: Andrew M. Cuomo beat Zohran Kwame Mamdani, 26 to 24, 40.0% to 36.9%; total votes 65. | Dem Primary Public Advocate: Jumaane D. Williams beat Jenifer Rajkumar, 31 to 26, 50.8% to 42.6%; total votes 61. | Dem Primary Comptroller: Mark D. Levine beat Ismael Malave Perez, 30 to 13, 51.7% to 22.4%; total votes 58.", "mayor_margin": 8.4, "q2_yes": 64.3, "q3_yes": 60.3, "q4_yes": 63.2}, "geometry": {"type": "MultiPolygon", "coordinates": [[[[-73.8477333, 40.6947753], [-73.8484946, 40.6946287], [-73.848653, 40.6945982], [-73.8491319, 40.6945058], [-73.8492912, 40.6952044], [-73.8494379, 40.6958823], [-73.8495911, 40.6965619], [-73.8515475, 40.6963085], [-73.8516991, 40.6969843], [-73.8518384, 40.6976817], [-73.8499329, 40.6980901], [-73.8494776, 40.6981958], [-73.8489413, 40.6975568], [-73.8477333, 40.6947753]]]]}}, {"type": "Feature", "properties": {"felt:feature": 67, "ed_label": "AD 38 ED 050", "elect_dist": "38050", "borough": "Queens", "community_board": 9, "community_board_label": "Queens CB9", "popup_title": "Queens CB9 \u2014 AD 38 ED 050", "general_mayor": "ZOHRAN KWAME MAMDANI beat ANDREW M. CUOMO, 312 to 177, 59.3% to 33.6%; total votes 526.", "general_mayor_winner": "Mamdani", "general_public_advocate": "JUMAANE D. WILLIAMS beat GONZALO DURAN, 377 to 103, 77.4% to 21.1%; total votes 487.", "general_public_advocate_winner": "Williams", "general_comptroller": "MARK D. LEVINE beat PETER KEFALAS, 367 to 99, 76.3% to 20.6%; total votes 481.", "general_comptroller_winner": "Levine", "question_1": "Approve beat Disapprove, 199 to 193, 50.8% to 49.2%; total votes 392.", "question_1_winner": "Yes-approve!", "question_2": "Approve beat Disapprove, 281 to 124, 69.4% to 30.6%; total votes 405.", "question_2_winner": "Yes-approve!", "question_3": "Approve beat Disapprove, 258 to 141, 64.7% to 35.3%; total votes 399.", "question_3_winner": "Yes-approve!", "question_4": "Approve beat Disapprove, 278 to 113, 71.1% to 28.9%; total votes 391.", "question_4_winner": "Yes-approve!", "question_5": "Approve beat Disapprove, 312 to 76, 80.4% to 19.6%; total votes 388.", "question_5_winner": "Yes-approve!", "question_6": "Approve beat Disapprove, 198 to 191, 50.9% to 49.1%; total votes 389.", "question_6_winner": "Yes-approve!", "dem_primary_mayor": "Zohran Kwame Mamdani beat Andrew M. Cuomo, 121 to 72, 58.5% to 34.8%; total votes 207.", "dem_primary_mayor_winner": "Mamdani", "dem_primary_public_advocate": "Jenifer Rajkumar beat Jumaane D. Williams, 115 to 75, 59.3% to 38.7%; total votes 194.", "dem_primary_public_advocate_winner": "Rajkumar", "dem_primary_comptroller": "Mark D. Levine beat Justin Brannan, 85 to 48, 46.7% to 26.4%; total votes 182.", "dem_primary_comptroller_winner": "Levine", "popup_summary": "Mayor: ZOHRAN KWAME MAMDANI beat ANDREW M. CUOMO, 312 to 177, 59.3% to 33.6%; total votes 526. | Public Advocate: JUMAANE D. WILLIAMS beat GONZALO DURAN, 377 to 103, 77.4% to 21.1%; total votes 487. | City Comptroller: MARK D. LEVINE beat PETER KEFALAS, 367 to 99, 76.3% to 20.6%; total votes 481. | Question 1: Approve beat Disapprove, 199 to 193, 50.8% to 49.2%; total votes 392. | Question 2: Approve beat Disapprove, 281 to 124, 69.4% to 30.6%; total votes 405. | Question 3: Approve beat Disapprove, 258 to 141, 64.7% to 35.3%; total votes 399. | Question 4: Approve beat Disapprove, 278 to 113, 71.1% to 28.9%; total votes 391. | Question 5: Approve beat Disapprove, 312 to 76, 80.4% to 19.6%; total votes 388. | Question 6: Approve beat Disapprove, 198 to 191, 50.9% to 49.1%; total votes 389. | Dem Primary Mayor: Zohran Kwame Mamdani beat Andrew M. Cuomo, 121 to 72, 58.5% to 34.8%; total votes 207. | Dem Primary Public Advocate: Jenifer Rajkumar beat Jumaane D. Williams, 115 to 75, 59.3% to 38.7%; total votes 194. | Dem Primary Comptroller: Mark D. Levine beat Justin Brannan, 85 to 48, 46.7% to 26.4%; total votes 182.", "mayor_margin": 25.7, "q2_yes": 69.4, "q3_yes": 64.7, "q4_yes": 71.1}, "geometry": {"type": "MultiPolygon", "coordinates": [[[[-73.8340448, 40.6905518], [-73.832743, 40.6880424], [-73.831723, 40.6860507], [-73.8325775, 40.6858063], [-73.8334219, 40.6855678], [-73.8344026, 40.6875654], [-73.8346493, 40.6874972], [-73.8352465, 40.6873246], [-73.8355172, 40.6872475], [-73.8358738, 40.6871462], [-73.8360903, 40.6870847], [-73.8364017, 40.686997], [-73.836936, 40.6868433], [-73.8372781, 40.6867473], [-73.8381058, 40.6884331], [-73.8386812, 40.689604], [-73.837801, 40.6898537], [-73.8369234, 40.6901045], [-73.8370828, 40.6904305], [-73.8373067, 40.6908884], [-73.8375051, 40.691294], [-73.8375367, 40.6913594], [-73.8366654, 40.691614], [-73.8357841, 40.6918643], [-73.834833, 40.6921289], [-73.8347971, 40.692052], [-73.8340448, 40.6905518]]]]}}, {"type": "Feature", "properties": {"felt:feature": 68, "ed_label": "AD 38 ED 051", "elect_dist": "38051", "borough": "Queens", "community_board": 9, "community_board_label": "Queens CB9", "popup_title": "Queens CB9 \u2014 AD 38 ED 051", "general_mayor": "ZOHRAN KWAME MAMDANI beat ANDREW M. CUOMO, 166.2 to 96.3, 57.5% to 33.3%; total votes 289.3.", "general_mayor_winner": "Mamdani", "general_public_advocate": "JUMAANE D. WILLIAMS beat GONZALO DURAN, 198.8 to 56.8, 77.6% to 22.2%; total votes 256.2.", "general_public_advocate_winner": "Williams", "general_comptroller": "MARK D. LEVINE beat PETER KEFALAS, 192 to 55.8, 76.0% to 22.1%; total votes 252.5.", "general_comptroller_winner": "Levine", "question_1": "Approve beat Disapprove, 105.7 to 104.1, 50.4% to 49.6%; total votes 209.9.", "question_1_winner": "Yes-approve!", "question_2": "Approve beat Disapprove, 146.8 to 67.9, 68.4% to 31.6%; total votes 214.6.", "question_2_winner": "Yes-approve!", "question_3": "Approve beat Disapprove, 141.5 to 73.1, 65.9% to 34.1%; total votes 214.6.", "question_3_winner": "Yes-approve!", "question_4": "Approve beat Disapprove, 155.7 to 57.9, 72.9% to 27.1%; total votes 213.6.", "question_4_winner": "Yes-approve!", "question_5": "Approve beat Disapprove, 167.8 to 46.3, 78.4% to 21.6%; total votes 214.1.", "question_5_winner": "Yes-approve!", "question_6": "Approve beat Disapprove, 112.6 to 98.4, 53.4% to 46.6%; total votes 210.9.", "question_6_winner": "Yes-approve!", "dem_primary_mayor": "Zohran Kwame Mamdani beat Andrew M. Cuomo, 58.4 to 44.2, 55.8% to 42.2%; total votes 104.7.", "dem_primary_mayor_winner": "Mamdani", "dem_primary_public_advocate": "Jenifer Rajkumar beat Jumaane D. Williams, 48.4 to 41.6, 50.3% to 43.2%; total votes 96.3.", "dem_primary_public_advocate_winner": "Rajkumar", "dem_primary_comptroller": "Mark D. Levine beat Justin Brannan, 35.8 to 31, 39.3% to 34.1%; total votes 91.", "dem_primary_comptroller_winner": "Levine", "popup_summary": "Mayor: ZOHRAN KWAME MAMDANI beat ANDREW M. CUOMO, 166.2 to 96.3, 57.5% to 33.3%; total votes 289.3. | Public Advocate: JUMAANE D. WILLIAMS beat GONZALO DURAN, 198.8 to 56.8, 77.6% to 22.2%; total votes 256.2. | City Comptroller: MARK D. LEVINE beat PETER KEFALAS, 192 to 55.8, 76.0% to 22.1%; total votes 252.5. | Question 1: Approve beat Disapprove, 105.7 to 104.1, 50.4% to 49.6%; total votes 209.9. | Question 2: Approve beat Disapprove, 146.8 to 67.9, 68.4% to 31.6%; total votes 214.6. | Question 3: Approve beat Disapprove, 141.5 to 73.1, 65.9% to 34.1%; total votes 214.6. | Question 4: Approve beat Disapprove, 155.7 to 57.9, 72.9% to 27.1%; total votes 213.6. | Question 5: Approve beat Disapprove, 167.8 to 46.3, 78.4% to 21.6%; total votes 214.1. | Question 6: Approve beat Disapprove, 112.6 to 98.4, 53.4% to 46.6%; total votes 210.9. | Dem Primary Mayor: Zohran Kwame Mamdani beat Andrew M. Cuomo, 58.4 to 44.2, 55.8% to 42.2%; total votes 104.7. | Dem Primary Public Advocate: Jenifer Rajkumar beat Jumaane D. Williams, 48.4 to 41.6, 50.3% to 43.2%; total votes 96.3. | Dem Primary Comptroller: Mark D. Levine beat Justin Brannan, 35.8 to 31, 39.3% to 34.1%; total votes 91.", "mayor_margin": 24.2, "q2_yes": 68.4, "q3_yes": 65.9, "q4_yes": 72.9}, "geometry": {"type": "MultiPolygon", "coordinates": [[[[-73.8334219, 40.6855678], [-73.8332557, 40.6852212], [-73.832726, 40.6841163], [-73.8329502, 40.6840293], [-73.8335241, 40.6838062], [-73.83379, 40.6836932], [-73.8342934, 40.6834319], [-73.8345833, 40.6832762], [-73.8350559, 40.6830148], [-73.8353686, 40.6828432], [-73.8361576, 40.6824153], [-73.8369749, 40.681988], [-73.8380777, 40.6842389], [-73.8385635, 40.6852288], [-73.8390599, 40.6862401], [-73.8381585, 40.6864966], [-73.8372781, 40.6867473], [-73.836936, 40.6868433], [-73.8364017, 40.686997], [-73.8360903, 40.6870847], [-73.8358738, 40.6871462], [-73.8355172, 40.6872475], [-73.8352465, 40.6873246], [-73.8346493, 40.6874972], [-73.8344026, 40.6875654], [-73.8334219, 40.6855678]]]]}}, {"type": "Feature", "properties": {"felt:feature": 69, "ed_label": "AD 38 ED 055", "elect_dist": "38055", "borough": "Queens", "community_board": 9, "community_board_label": "Queens CB9", "popup_title": "Queens CB9 \u2014 AD 38 ED 055", "general_mayor": "ANDREW M. CUOMO beat CURTIS A. SLIWA, 0 to 0, 0.0% to 0.0%; total votes 0.", "general_mayor_winner": "Cuomo", "general_public_advocate": "GONZALO DURAN beat JUMAANE D. WILLIAMS, 0 to 0, 0.0% to 0.0%; total votes 0.", "general_public_advocate_winner": "Duran", "general_comptroller": "ISMAEL MALAVE PEREZ beat MARK D. LEVINE, 0 to 0, 0.0% to 0.0%; total votes 0.", "general_comptroller_winner": "Perez", "question_1": "Disapprove beat Approve, 0 to 0, 0.0% to 0.0%; total votes 0.", "question_1_winner": "No-disapprove!", "question_2": "Disapprove beat Approve, 0 to 0, 0.0% to 0.0%; total votes 0.", "question_2_winner": "No-disapprove!", "question_3": "Disapprove beat Approve, 0 to 0, 0.0% to 0.0%; total votes 0.", "question_3_winner": "No-disapprove!", "question_4": "Disapprove beat Approve, 0 to 0, 0.0% to 0.0%; total votes 0.", "question_4_winner": "No-disapprove!", "question_5": "Disapprove beat Approve, 0 to 0, 0.0% to 0.0%; total votes 0.", "question_5_winner": "No-disapprove!", "question_6": "Disapprove beat Approve, 0 to 0, 0.0% to 0.0%; total votes 0.", "question_6_winner": "No-disapprove!", "dem_primary_mayor": "No results found", "dem_primary_mayor_winner": "No winner found", "dem_primary_public_advocate": "No results found", "dem_primary_public_advocate_winner": "No winner found", "dem_primary_comptroller": "No results found", "dem_primary_comptroller_winner": "No winner found", "popup_summary": "Mayor: ANDREW M. CUOMO beat CURTIS A. SLIWA, 0 to 0, 0.0% to 0.0%; total votes 0. | Public Advocate: GONZALO DURAN beat JUMAANE D. WILLIAMS, 0 to 0, 0.0% to 0.0%; total votes 0. | City Comptroller: ISMAEL MALAVE PEREZ beat MARK D. LEVINE, 0 to 0, 0.0% to 0.0%; total votes 0. | Question 1: Disapprove beat Approve, 0 to 0, 0.0% to 0.0%; total votes 0. | Question 2: Disapprove beat Approve, 0 to 0, 0.0% to 0.0%; total votes 0. | Question 3: Disapprove beat Approve, 0 to 0, 0.0% to 0.0%; total votes 0. | Question 4: Disapprove beat Approve, 0 to 0, 0.0% to 0.0%; total votes 0. | Question 5: Disapprove beat Approve, 0 to 0, 0.0% to 0.0%; total votes 0. | Question 6: Disapprove beat Approve, 0 to 0, 0.0% to 0.0%; total votes 0.", "mayor_margin": 0.0, "q2_yes": 0.0, "q3_yes": 0.0, "q4_yes": 0.0}, "geometry": {"type": "MultiPolygon", "coordinates": [[[[-73.8479269, 40.6884122], [-73.8475564, 40.6885175], [-73.8470965, 40.6886482], [-73.8459035, 40.6889876], [-73.8458733, 40.6888983], [-73.847054, 40.688563], [-73.8475136, 40.6884325], [-73.8478844, 40.6883273], [-73.8479269, 40.6884122]]]]}}]}