areaName,Borough,areaType,2010-01,2010-02,2010-03,2010-04,2010-05,2010-06,2010-07,2010-08,2010-09,2010-10,2010-11,2010-12,2011-01,2011-02,2011-03,2011-04,2011-05,2011-06,2011-07,2011-08,2011-09,2011-10,2011-11,2011-12,2012-01,2012-02,2012-03,2012-04,2012-05,2012-06,2012-07,2012-08,2012-09,2012-10,2012-11,2012-12,2013-01,2013-02,2013-03,2013-04,2013-05,2013-06,2013-07,2013-08,2013-09,2013-10,2013-11,2013-12,2014-01,2014-02,2014-03,2014-04,2014-05,2014-06,2014-07,2014-08,2014-09,2014-10,2014-11,2014-12,2015-01,2015-02,2015-03,2015-04,2015-05,2015-06,2015-07,2015-08,2015-09,2015-10,2015-11,2015-12,2016-01,2016-02,2016-03,2016-04,2016-05,2016-06,2016-07,2016-08,2016-09,2016-10,2016-11,2016-12,2017-01,2017-02,2017-03,2017-04,2017-05,2017-06,2017-07,2017-08,2017-09,2017-10,2017-11,2017-12,2018-01,2018-02,2018-03,2018-04,2018-05,2018-06,2018-07,2018-08,2018-09,2018-10,2018-11,2018-12,2019-01,2019-02,2019-03,2019-04,2019-05,2019-06,2019-07,2019-08,2019-09,2019-10,2019-11,2019-12,2020-01,2020-02,2020-03,2020-04,2020-05,2020-06,2020-07,2020-08,2020-09,2020-10,2020-11,2020-12,2021-01,2021-02,2021-03,2021-04,2021-05,2021-06,2021-07,2021-08,2021-09,2021-10,2021-11,2021-12,2022-01,2022-02,2022-03,2022-04,2022-05,2022-06,2022-07,2022-08,2022-09,2022-10,2022-11,2022-12,2023-01,2023-02,2023-03,2023-04,2023-05,2023-06,2023-07,2023-08,2023-09,2023-10,2023-11,2023-12,2024-01,2024-02,2024-03,2024-04,2024-05,2024-06,2024-07,2024-08,2024-09,2024-10,2024-11,2024-12,2025-01,2025-02,2025-03,2025-04,2025-05,2025-06,2025-07,2025-08,2025-09,2025-10,2025-11,2025-12,2026-01,2026-02,2026-03,2026-04,2026-05,2026-06,2026-07,2026-08
Astoria,Queens,neighborhood,0.09090909090909091,0.08163265306122448,0.03773584905660377,0.01282051282051282,0.03508771929824561,0.057692307692307696,0.02,0.043478260869565216,0.0196078431372549,0.057692307692307696,0.1111111111111111,0.08333333333333333,0.022727272727272728,0.05,0.045454545454545456,0.03571428571428571,0.019801980198019802,0.008620689655172414,0.058823529411764705,0.0379746835443038,0.04,0.07692307692307693,0.034482758620689655,0.10144927536231885,0.08602150537634409,0.056179775280898875,0.07608695652173914,0.07692307692307693,0.05660377358490566,0.08187134502923976,0.11724137931034483,0.10144927536231885,0.0916030534351145,0.0962962962962963,0.0875,0.08092485549132948,0.12380952380952381,0.15048543689320387,0.05574912891986063,0.050955414012738856,0.06116207951070336,0.052924791086350974,0.05699481865284974,0.10355987055016182,0.06824925816023739,0.09251101321585903,0.10756972111553785,0.057245080500894455,0.049206349206349205,0.06151645207439199,0.06864988558352403,0.048204158790170135,0.04245283018867924,0.049011177987962166,0.05747126436781609,0.056128293241695305,0.07159904534606205,0.08146399055489964,0.09555984555984556,0.0610200364298725,0.06601731601731602,0.06049495875343722,0.08933217692974849,0.06880733944954129,0.0586053412462908,0.06254442075337598,0.04888507718696398,0.0784688995215311,0.09770687936191426,0.11963470319634703,0.14007421150278293,0.10647181628392484,0.11447084233261338,0.1383399209486166,0.14951627088830255,0.12668250197941408,0.10785824345146379,0.11879699248120301,0.1176923076923077,0.1398176291793313,0.1328011611030479,0.17642956764295675,0.19942816297355254,0.11945636623748211,0.15488215488215487,0.12725450901803606,0.11901681759379043,0.1513301351940689,0.14142628205128205,0.14839424141749724,0.14899487583760346,0.1818805765271105,0.21029504080351538,0.2330508474576271,0.21119592875318066,0.1802451333813987,0.18861892583120204,0.1963869463869464,0.18423799582463465,0.16838115863562533,0.19148936170212766,0.1625978811607554,0.15710594315245477,0.15695067264573992,0.18672456575682383,0.20536193029490615,0.183206106870229,0.1523489932885906,0.17576898932831136,0.1682600382409178,0.18139262726740785,0.159682899207248,0.16244493392070486,0.16858702243784113,0.13395297977036633,0.15786202610316968,0.1683673469387755,0.17438494934876989,0.1752136752136752,0.15053763440860216,0.1588447653429603,0.1340018231540565,0.15568862275449102,0.14986737400530503,0.17537022603273578,0.1809623430962343,0.21214574898785424,0.21193265007320644,0.20935029219663115,0.19622528460155783,0.17904509283819628,0.15287277701778385,0.1579281855735621,0.15068002863278454,0.13633501259445843,0.11843052555795536,0.11660377358490566,0.13718868720979316,0.08979990239141045,0.11567164179104478,0.1022530329289428,0.10510688836104513,0.10841836734693877,0.09552691432903715,0.100326264274062,0.09783549783549783,0.09300265721877768,0.0743801652892562,0.06315789473684211,0.07235421166306695,0.04918032786885246,0.10579857578840285,0.14650934119960668,0.15517241379310345,0.17247879359095195,0.12636165577342048,0.12835249042145594,0.1031031031031031,0.1220614828209765,0.07874865156418555,0.095,0.12220149253731344,0.11658031088082901,0.1411214953271028,0.1736111111111111,0.2037037037037037,0.17665369649805449,0.11634349030470914,0.1268591426071741,0.1231945624468989,0.1534431137724551,0.11824817518248175,0.11970802919708029,0.13890857547838412,0.12011173184357542,0.13112033195020747,0.15224111282843894,0.15782122905027932,0.15610859728506787,0.12530712530712532,0.13501144164759726,0.14216867469879518,0.14,0.11638591117917305,0.13359683794466404,0.1176948051948052,0.13333333333333333,0.1472340425531915,0.18866459627329193,0.1473377097009482,0.1341772151898734,0.11904761904761904,0.08695652173913043,0.1195097037793667,0.10710900473933649,0.10760118460019744,0.083,0.11587591240875912,0.0946058091286307,0.11488970588235294
Auburndale,Queens,neighborhood,0.0,1.0,0.0,0.0,0.0,0.0,,,,,,,,0.0,0.0,0.0,0.0,0.0,0.0,0.25,0.25,0.0,0.3333333333333333,0.0,0.0,0.0,0.0,0.0,0.0,0.1,0.125,0.25,0.2,0.0,0.0,0.0,0.0,0.0,0.0,0.0,0.0,,,0.16666666666666666,0.0,0.1111111111111111,0.0,0.0,0.0,0.5,0.0,0.2222222222222222,0.1111111111111111,0.16666666666666666,0.0,0.0,0.16666666666666666,0.4,0.0,0.0,0.0,0.0,0.16666666666666666,0.0,0.2727272727272727,0.25,0.0,0.14285714285714285,0.11764705882352941,0.18181818181818182,0.25,0.1111111111111111,0.0,0.18181818181818182,0.2857142857142857,0.23809523809523808,0.0625,0.0,0.11764705882352941,0.125,0.21428571428571427,0.23076923076923078,0.0,0.25,0.3333333333333333,0.08333333333333333,0.1875,0.0,0.15789473684210525,0.13636363636363635,0.13636363636363635,0.125,0.15,0.09523809523809523,0.05263157894736842,0.25,0.0,0.13333333333333333,0.10526315789473684,0.07142857142857142,0.17647058823529413,0.0,0.13043478260869565,0.2857142857142857,0.2222222222222222,0.15,0.06666666666666667,0.06666666666666667,0.13333333333333333,0.0625,0.19047619047619047,0.2,0.05,0.0,0.35714285714285715,0.047619047619047616,0.09523809523809523,0.27586206896551724,0.4,0.10526315789473684,0.16,0.15,0.23529411764705882,0.0,0.15,0.11764705882352941,0.1,0.19047619047619047,0.10526315789473684,0.25,0.1875,0.07692307692307693,0.14285714285714285,0.07142857142857142,0.05263157894736842,0.17647058823529413,0.14285714285714285,0.06666666666666667,0.0,0.0,0.08333333333333333,0.1,0.4444444444444444,0.0,0.0,0.2,0.0,0.0625,0.058823529411764705,0.15384615384615385,0.23076923076923078,0.0,0.0,0.3,0.0,0.16666666666666666,0.35714285714285715,0.0625,0.15789473684210525,0.16666666666666666,0.0,0.1111111111111111,0.09090909090909091,0.1,0.1875,0.16666666666666666,0.0,0.2,0.07142857142857142,0.0,0.16666666666666666,0.15384615384615385,0.0,0.1111111111111111,0.2,0.09090909090909091,0.06666666666666667,0.15384615384615385,0.14285714285714285,0.2,0.14285714285714285,0.0,0.0,0.06666666666666667,0.0,0.0,0.1,0.16666666666666666,0.3333333333333333,0.0,0.25,0.14285714285714285,0.125,0.0,0.0,0.14285714285714285,0.0,0.4,0.18181818181818182,0.0
Bath Beach,Brooklyn,neighborhood,0.5,0.0,0.0,0.0,0.5,0.0,,0.0,0.0,0.0,,,,0.0,0.0,0.0,0.0,0.0,0.0,0.0,0.0,0.0,0.0,0.0,0.0,0.0,0.0,0.0,0.0,0.14285714285714285,0.125,0.09090909090909091,0.1,0.1111111111111111,0.0,0.0,0.0,0.0,0.0,0.2,0.0,0.0,0.0,0.14285714285714285,0.125,0.1111111111111111,0.0,0.08333333333333333,0.13333333333333333,0.16666666666666666,0.1,0.0,0.08333333333333333,0.0,0.0,0.0,0.0,0.0,0.1111111111111111,0.23076923076923078,0.058823529411764705,0.0,0.11764705882352941,0.043478260869565216,0.17391304347826086,0.1111111111111111,0.0,0.08333333333333333,0.07407407407407407,0.14814814814814814,0.23529411764705882,0.047619047619047616,0.06060606060606061,0.2,0.20833333333333334,0.09090909090909091,0.10526315789473684,0.2,0.1,0.041666666666666664,0.10526315789473684,0.125,0.16666666666666666,0.0967741935483871,0.11764705882352941,0.14285714285714285,0.22448979591836735,0.18181818181818182,0.09523809523809523,0.125,0.044444444444444446,0.10526315789473684,0.21428571428571427,0.22580645161290322,0.2222222222222222,0.15789473684210525,0.08333333333333333,0.08823529411764706,0.13513513513513514,0.1,0.14,0.14285714285714285,0.09615384615384616,0.0625,0.1095890410958904,0.09230769230769231,0.06382978723404255,0.07317073170731707,0.0625,0.07142857142857142,0.0945945945945946,0.18055555555555555,0.06666666666666667,0.14754098360655737,0.018518518518518517,0.13793103448275862,0.05,0.0784313725490196,0.1282051282051282,0.09090909090909091,0.1111111111111111,0.07142857142857142,0.0,0.0,0.375,0.05263157894736842,0.09523809523809523,0.07692307692307693,0.08571428571428572,0.0,0.21621621621621623,0.16923076923076924,0.0759493670886076,0.125,0.043478260869565216,0.07058823529411765,0.10606060606060606,0.06578947368421052,0.08974358974358974,0.07462686567164178,0.0851063829787234,0.04477611940298507,0.05660377358490566,0.1111111111111111,0.06,0.06,0.0625,0.09302325581395349,0.0,0.14705882352941177,0.14285714285714285,0.030303030303030304,0.07894736842105263,0.07407407407407407,0.045454545454545456,0.21428571428571427,0.11764705882352941,0.13333333333333333,0.05,0.125,0.07692307692307693,0.05555555555555555,0.13333333333333333,0.14705882352941177,0.0625,0.08108108108108109,0.041666666666666664,0.13043478260869565,0.0,0.13333333333333333,0.03571428571428571,0.05555555555555555,0.15384615384615385,0.0,0.10714285714285714,0.12903225806451613,0.13793103448275862,0.08333333333333333,0.0,0.034482758620689655,0.037037037037037035,0.06666666666666667,0.04,0.12903225806451613,0.030303030303030304,0.058823529411764705,0.125,0.09090909090909091,0.0625,0.0,0.16129032258064516,0.0,0.03225806451612903,0.12,0.0,0.07142857142857142,0.034482758620689655,0.14285714285714285,0.03125,0.06896551724137931
Battery Park City,Manhattan,neighborhood,0.1179245283018868,0.05392156862745098,0.08542713567839195,0.06666666666666667,0.03468208092485549,0.07253886010362694,0.10614525139664804,0.12745098039215685,0.08108108108108109,0.045714285714285714,0.12101910828025478,0.11242603550295859,0.07291666666666667,0.07246376811594203,0.14473684210526316,0.10047846889952153,0.08695652173913043,0.1187214611872146,0.09090909090909091,0.1965065502183406,0.1906779661016949,0.1626984126984127,0.23046875,0.1572052401746725,0.23728813559322035,0.11158798283261803,0.11952191235059761,0.14068441064638784,0.16906474820143885,0.11784511784511785,0.10749185667752444,0.12627986348122866,0.15891472868217055,0.12307692307692308,0.10181818181818182,0.15418502202643172,0.15636363636363637,0.11870503597122302,0.13815789473684212,0.14743589743589744,0.12424242424242424,0.12615384615384614,0.11076923076923077,0.12568306010928962,0.14018691588785046,0.138328530259366,0.11969111969111969,0.1423841059602649,0.16494845360824742,0.12186379928315412,0.08156028368794327,0.04361370716510903,0.06716417910447761,0.08163265306122448,0.12944983818770225,0.13486842105263158,0.13962264150943396,0.18928571428571428,0.14130434782608695,0.12692307692307692,0.15849056603773584,0.17372881355932204,0.2029520295202952,0.17424242424242425,0.14695340501792115,0.23487544483985764,0.1709090909090909,0.22789115646258504,0.19557195571955718,0.2532894736842105,0.20717131474103587,0.21610169491525424,0.308300395256917,0.26119402985074625,0.17843866171003717,0.1744186046511628,0.12941176470588237,0.18021201413427562,0.2604166666666667,0.15161290322580645,0.15267175572519084,0.26436781609195403,0.24253731343283583,0.14345991561181434,0.17120622568093385,0.23387096774193547,0.17578125,0.1634980988593156,0.1875,0.19123505976095617,0.21115537848605578,0.24890829694323144,0.22274881516587677,0.273972602739726,0.28292682926829266,0.2350230414746544,0.28019323671497587,0.23737373737373738,0.20930232558139536,0.15609756097560976,0.14150943396226415,0.09090909090909091,0.24267782426778242,0.2540983606557377,0.24537037037037038,0.23786407766990292,0.22660098522167488,0.34705882352941175,0.1990521327014218,0.19553072625698323,0.22869955156950672,0.23043478260869565,0.2288135593220339,0.22171945701357465,0.2193877551020408,0.22448979591836735,0.23863636363636365,0.18090452261306533,0.21379310344827587,0.28368794326241137,0.19753086419753085,0.13986013986013987,0.183206106870229,0.25,0.1703056768558952,0.1853146853146853,0.25136612021857924,0.33070866141732286,0.2875318066157761,0.3037974683544304,0.26804123711340205,0.1510989010989011,0.24495677233429394,0.13707165109034267,0.1833810888252149,0.09627329192546584,0.056818181818181816,0.06698564593301436,0.10828025477707007,0.21428571428571427,0.31868131868131866,0.25252525252525254,0.3434343434343434,0.26666666666666666,0.26804123711340205,0.18085106382978725,0.17094017094017094,0.1188118811881188,0.12295081967213115,0.078125,0.18181818181818182,0.20454545454545456,0.35172413793103446,0.3021978021978022,0.2916666666666667,0.25949367088607594,0.23529411764705882,0.16666666666666666,0.2484472049689441,0.2158273381294964,0.10843373493975904,0.2222222222222222,0.28169014084507044,0.3025210084033613,0.2843601895734597,0.3924731182795699,0.3825136612021858,0.32642487046632124,0.3459715639810427,0.23118279569892472,0.05389221556886228,0.20496894409937888,0.22916666666666666,0.3092105263157895,0.34831460674157305,0.27450980392156865,0.41911764705882354,0.38095238095238093,0.5798816568047337,0.4748603351955307,0.3225806451612903,0.3875,0.4393939393939394,0.23316062176165803,0.12994350282485875,0.3885350318471338,0.4270833333333333,0.2122905027932961,0.40119760479041916,0.3298429319371728,0.4367816091954023,0.33962264150943394,0.1130952380952381,0.12030075187969924,0.28846153846153844,0.15028901734104047,0.14583333333333334,0.1566265060240964,0.3492063492063492,0.39572192513368987
Bay Ridge,Brooklyn,neighborhood,0.13953488372093023,0.05,0.07894736842105263,0.1282051282051282,0.0625,0.10526315789473684,0.1,0.08,0.041666666666666664,0.09375,0.08108108108108109,0.03225806451612903,0.029411764705882353,0.05128205128205128,0.02127659574468085,0.046511627906976744,0.0,0.0,0.0784313725490196,0.13636363636363635,0.07142857142857142,0.16216216216216217,0.09090909090909091,0.10714285714285714,0.06896551724137931,0.11428571428571428,0.11764705882352941,0.06896551724137931,0.1111111111111111,0.12121212121212122,0.03225806451612903,0.058823529411764705,0.09090909090909091,0.08888888888888889,0.02631578947368421,0.03571428571428571,0.05,0.024390243902439025,0.10869565217391304,0.08888888888888889,0.07142857142857142,0.08,0.12121212121212122,0.011764705882352941,0.1134020618556701,0.06,0.023255813953488372,0.020161290322580645,0.02005730659025788,0.014354066985645933,0.026737967914438502,0.019933554817275746,0.08387096774193549,0.08379888268156424,0.04854368932038835,0.03896103896103896,0.07936507936507936,0.05818181818181818,0.07291666666666667,0.04727272727272727,0.046822742474916385,0.03557312252964427,0.0449438202247191,0.07028753993610223,0.04885057471264368,0.04516129032258064,0.06606606606606606,0.040880503144654086,0.12213740458015267,0.09608540925266904,0.08741258741258741,0.12062256809338522,0.09665427509293681,0.104,0.08974358974358974,0.072,0.12274368231046931,0.09395973154362416,0.07719298245614035,0.1056338028169014,0.13675213675213677,0.16929133858267717,0.11278195488721804,0.12719298245614036,0.10625,0.1375,0.13851992409867173,0.12,0.0940032414910859,0.13994169096209913,0.09341500765696784,0.136,0.1842818428184282,0.171875,0.14375,0.16129032258064516,0.145985401459854,0.13318284424379231,0.1442495126705653,0.11191335740072202,0.1312803889789303,0.11818181818181818,0.10894308943089431,0.12357723577235773,0.151183970856102,0.17796610169491525,0.1510204081632653,0.09237875288683603,0.11650485436893204,0.11560693641618497,0.1088560885608856,0.11785714285714285,0.11864406779661017,0.1482889733840304,0.12075471698113208,0.11500974658869395,0.15330188679245282,0.12026726057906459,0.1111111111111111,0.11428571428571428,0.14285714285714285,0.14285714285714285,0.1388888888888889,0.04316546762589928,0.09302325581395349,0.11267605633802817,0.12307692307692308,0.16233766233766234,0.1895910780669145,0.20701168614357263,0.1684981684981685,0.13626373626373625,0.11368015414258188,0.16318785578747627,0.14162348877374784,0.10899653979238755,0.08726003490401396,0.09187279151943463,0.08678500986193294,0.09287257019438445,0.0783289817232376,0.12385321100917432,0.11933174224343675,0.10655737704918032,0.09169054441260745,0.09872611464968153,0.11267605633802817,0.0880503144654088,0.08898305084745763,0.06060606060606061,0.08536585365853659,0.08502024291497975,0.17216117216117216,0.13190184049079753,0.14285714285714285,0.13805970149253732,0.10727969348659004,0.16929133858267717,0.14675767918088736,0.10849056603773585,0.08482142857142858,0.11836734693877551,0.09333333333333334,0.1320754716981132,0.12987012987012986,0.15261044176706828,0.1504424778761062,0.15228426395939088,0.14285714285714285,0.13551401869158877,0.14977973568281938,0.14537444933920704,0.14042553191489363,0.11504424778761062,0.1415929203539823,0.14102564102564102,0.17679558011049723,0.1267605633802817,0.14798206278026907,0.11413043478260869,0.12,0.13551401869158877,0.1323529411764706,0.11481481481481481,0.1254355400696864,0.10833333333333334,0.10404624277456648,0.08875739644970414,0.13612565445026178,0.1595744680851064,0.14942528735632185,0.1388888888888889,0.07878787878787878,0.11242603550295859,0.14857142857142858,0.08333333333333333,0.08839779005524862,0.1301775147928994,0.12849162011173185,0.09036144578313253
Baychester,Bronx,neighborhood,,,,,,,,,,,,,,,,,,,,,,,,0.0,0.0,0.0,0.0,0.0,0.0,0.0,,,,,,,,,,,0.0,,,,,,,,,,,,,,,,,,,,,,,,0.0,,,,,,,,,0.0,0.0,0.0,0.0,,,,,,0.0,0.0,,,0.0,0.0,0.5,0.0,,,,,0.0,0.0,,,,,,,,,,,,,,0.0,0.0,,0.0,0.0,,,,,,0.0,,0.0,0.0,0.0,0.0,0.5,0.5,0.2,0.3333333333333333,0.0,0.0,0.0,0.0,0.0,0.0,0.0,0.0,1.0,0.0,,,,,,,0.5,0.0,0.0,0.0,,0.0,,,0.0,,0.0,,,0.0,0.0,0.0,,0.0,0.0,0.0,0.0,0.0,,,0.0,0.0,0.0,0.0,,0.0,0.0,,0.0,0.0,,,,0.0,0.0,,,,,,,,,,,0.0,0.0,0.0,0.0,0.0,0.0
Bayside,Queens,neighborhood,0.08333333333333333,0.07142857142857142,0.25,0.0,0.0,0.0,0.0,0.0,0.0,0.0,0.0,0.0,0.0,0.0,0.0,0.1,0.13333333333333333,0.0625,0.05555555555555555,0.05,0.05555555555555555,0.05,0.0,0.0,0.07142857142857142,0.0,0.0,0.07142857142857142,0.05555555555555555,0.0625,0.19047619047619047,0.2,0.0,0.08333333333333333,0.0,0.06666666666666667,0.1111111111111111,0.125,0.0,0.05555555555555555,0.0,0.15384615384615385,0.058823529411764705,0.0,0.0,0.2727272727272727,0.06666666666666667,0.0,0.0,0.0,0.0,0.0,0.0,0.041666666666666664,0.06896551724137931,0.17647058823529413,0.08333333333333333,0.05128205128205128,0.125,0.034482758620689655,0.11428571428571428,0.07692307692307693,0.05555555555555555,0.03333333333333333,0.06896551724137931,0.058823529411764705,0.08333333333333333,0.07407407407407407,0.16,0.0,0.0,0.0,0.08,0.0,0.1875,0.08163265306122448,0.044444444444444446,0.13793103448275862,0.1111111111111111,0.06896551724137931,0.05405405405405406,0.10256410256410256,0.175,0.06060606060606061,0.12121212121212122,0.0967741935483871,0.0,0.17142857142857143,0.06818181818181818,0.14285714285714285,0.08045977011494253,0.09523809523809523,0.21052631578947367,0.2631578947368421,0.07142857142857142,0.11627906976744186,0.3055555555555556,0.06818181818181818,0.16666666666666666,0.16666666666666666,0.15625,0.14285714285714285,0.2127659574468085,0.3055555555555556,0.17647058823529413,0.20689655172413793,0.12903225806451613,0.1388888888888889,0.20833333333333334,0.2391304347826087,0.07142857142857142,0.09523809523809523,0.046511627906976744,0.1111111111111111,0.10416666666666667,0.1320754716981132,0.17647058823529413,0.18867924528301888,0.19117647058823528,0.11864406779661017,0.16,0.0425531914893617,0.02564102564102564,0.0,0.07894736842105263,0.18,0.08333333333333333,0.0392156862745098,0.18421052631578946,0.2222222222222222,0.11475409836065574,0.175,0.14893617021276595,0.14285714285714285,0.1568627450980392,0.1,0.022727272727272728,0.17647058823529413,0.10526315789473684,0.05128205128205128,0.06666666666666667,0.21739130434782608,0.1111111111111111,0.09375,0.1,0.3137254901960784,0.16326530612244897,0.044444444444444446,0.09803921568627451,0.11904761904761904,0.2,0.07142857142857142,0.11764705882352941,0.10256410256410256,0.1956521739130435,0.11627906976744186,0.16071428571428573,0.06818181818181818,0.09523809523809523,0.075,0.06666666666666667,0.12121212121212122,0.07272727272727272,0.18867924528301888,0.2777777777777778,0.14705882352941177,0.0,0.08108108108108109,0.08333333333333333,0.125,0.18421052631578946,0.13636363636363635,0.1,0.12244897959183673,0.19672131147540983,0.19672131147540983,0.15517241379310345,0.1694915254237288,0.16216216216216217,0.15625,0.15555555555555556,0.09523809523809523,0.22448979591836735,0.1951219512195122,0.11627906976744186,0.18,0.07692307692307693,0.125,0.1702127659574468,0.15555555555555556,0.02857142857142857,0.25806451612903225,0.12121212121212122,0.15625,0.10204081632653061,0.14285714285714285,0.09523809523809523,0.21153846153846154,0.06976744186046512,0.1282051282051282
Bedford Park,Bronx,neighborhood,0.0,0.0,0.0,0.0,0.0,0.0,0.0,,,0.0,0.0,0.0,0.0,0.0,0.0,0.0,0.0,0.0,0.0,0.5,0.09090909090909091,0.0,0.4,0.0,0.2,0.0,0.0,0.2857142857142857,0.0,0.0,0.0,0.16666666666666666,0.0,0.375,0.0,0.0,0.16666666666666666,0.2,0.0,0.0,0.0,0.0,0.0,0.2222222222222222,0.0,0.0,0.0,0.25,0.0,0.25,0.1,0.0,0.0,0.0,0.0,0.024390243902439025,0.0,0.0,0.0,0.043478260869565216,0.06578947368421052,0.09523809523809523,0.175,0.03225806451612903,0.061224489795918366,0.10416666666666667,0.0625,0.07692307692307693,0.027777777777777776,0.06976744186046512,0.14814814814814814,0.02857142857142857,0.10256410256410256,0.14634146341463414,0.024390243902439025,0.23529411764705882,0.038461538461538464,0.03125,0.17647058823529413,0.10638297872340426,0.15384615384615385,0.06,0.030303030303030304,0.0,0.029411764705882353,0.09302325581395349,0.058823529411764705,0.05555555555555555,0.02127659574468085,0.0975609756097561,0.0851063829787234,0.045454545454545456,0.0,0.0,0.0,0.07142857142857142,0.0,0.2777777777777778,0.08333333333333333,0.07142857142857142,0.125,0.0,0.0,0.0,0.08333333333333333,0.0,0.13333333333333333,0.1111111111111111,0.18181818181818182,0.16666666666666666,0.05555555555555555,0.08333333333333333,0.0,0.0,0.0,0.08695652173913043,0.21739130434782608,0.2962962962962963,0.045454545454545456,0.043478260869565216,0.1,0.05555555555555555,0.4,0.0,0.125,0.0,0.0,0.0625,0.05555555555555555,0.1,0.09090909090909091,0.15789473684210525,0.0,0.07142857142857142,0.11764705882352941,0.09090909090909091,0.0,0.1,0.16666666666666666,0.2727272727272727,0.0,0.23529411764705882,0.0,0.1875,0.034482758620689655,0.05,0.1111111111111111,0.11764705882352941,0.06666666666666667,0.0,0.037037037037037035,0.0,0.09523809523809523,0.047619047619047616,0.06451612903225806,0.14285714285714285,0.25,0.07692307692307693,0.12,0.08,0.07142857142857142,0.07142857142857142,0.13043478260869565,0.05555555555555555,0.13333333333333333,0.20833333333333334,0.0,0.0,0.0,0.08333333333333333,0.0,0.0,0.05,0.10344827586206896,0.07142857142857142,0.047619047619047616,0.125,0.3,0.0,0.21052631578947367,0.0,0.0,0.0,0.0,0.0,0.0,0.0,0.09090909090909091,0.0,0.0,0.0625,0.125,0.05,0.2857142857142857,0.0,0.0,0.0,0.0,0.06666666666666667,0.0
Bedford-Stuyvesant,Brooklyn,neighborhood,0.14285714285714285,0.09565217391304348,0.18181818181818182,0.09482758620689655,0.10891089108910891,0.05555555555555555,0.0891089108910891,0.1092436974789916,0.14563106796116504,0.096,0.08695652173913043,0.04411764705882353,0.08484848484848485,0.0670391061452514,0.12962962962962962,0.048484848484848485,0.06622516556291391,0.04895104895104895,0.10062893081761007,0.0625,0.05128205128205128,0.08875739644970414,0.14201183431952663,0.03164556962025317,0.13114754098360656,0.14705882352941177,0.13297872340425532,0.11538461538461539,0.14864864864864866,0.15315315315315314,0.10833333333333334,0.1511627906976744,0.08558558558558559,0.13526570048309178,0.09359605911330049,0.07531380753138076,0.13671875,0.07434944237918216,0.12582781456953643,0.14447592067988668,0.15229885057471265,0.12921348314606743,0.15403422982885084,0.15317286652078774,0.14492753623188406,0.1801980198019802,0.16167664670658682,0.13653136531365315,0.12312811980033278,0.12436115843270869,0.125,0.14232209737827714,0.12071005917159763,0.18617614269788182,0.16253716551040634,0.12414965986394558,0.20335820895522388,0.16536964980544747,0.15965665236051502,0.12914485165794065,0.13344739093242086,0.11350455675227837,0.11823802163833076,0.1413373860182371,0.11705685618729098,0.13033175355450238,0.11064055055584966,0.11792702273929138,0.12795905310300704,0.14519572953736654,0.18166526492851134,0.15943396226415094,0.1273209549071618,0.1586327782646801,0.1801665404996215,0.1548872180451128,0.17583892617449665,0.19036144578313252,0.19091903719912473,0.2034764826175869,0.20247469066366705,0.22208281053952322,0.22338461538461538,0.16753926701570682,0.19179664933564414,0.17391304347826086,0.20061099796334012,0.15325865580448064,0.15967113803548247,0.1772853185595568,0.15212443095599393,0.20166073546856464,0.21667760998030203,0.21844660194174756,0.2055455093429777,0.17986676535899335,0.1825068870523416,0.17905166312809626,0.1728476821192053,0.15258358662613983,0.1304585152838428,0.14913657770800628,0.13812412505832944,0.15492957746478872,0.18059299191374664,0.21123693379790942,0.16403940886699508,0.115363283416528,0.1504149377593361,0.15623205054566341,0.14293333333333333,0.15422612513721184,0.17892644135188868,0.17691579943235572,0.1644075207695671,0.15128805620608898,0.18232044198895028,0.15173945225758698,0.15894039735099338,0.16682113067655235,0.17623918174665618,0.1848184818481848,0.1452914798206278,0.16452991452991453,0.2360813704496788,0.24750499001996007,0.2398512550356368,0.2549299799942841,0.2562225475841874,0.2246261533566656,0.18536089461199592,0.16899391335481562,0.15474397590361447,0.1361169102296451,0.15421303656597773,0.1003584229390681,0.11336472292647591,0.11754261363636363,0.0972470504111548,0.12028204064703442,0.09564164648910412,0.1353658536585366,0.1439441978440076,0.1040863531225906,0.1498791297340854,0.11991869918699187,0.13905079100749376,0.10658016682113068,0.11046511627906977,0.1278640059127864,0.1378839590443686,0.15890236119974474,0.1945187165775401,0.1957547169811321,0.23738626964433415,0.15545023696682464,0.15980629539951574,0.19373454245671887,0.1894108873974646,0.15203761755485892,0.18583495776478232,0.1710914454277286,0.16304347826086957,0.1855123674911661,0.20653685674547984,0.24107744107744108,0.2119972733469666,0.18675179569034317,0.18046709129511676,0.17767295597484276,0.1609719058466211,0.12452543659832954,0.16666666666666666,0.17622304050499737,0.17141377524598653,0.18074150360453142,0.19988674971687428,0.19585798816568048,0.19780927835051546,0.18337045285820341,0.13458646616541353,0.15294117647058825,0.13237410071942446,0.11400422237860662,0.13696172248803828,0.15095398428731763,0.15841584158415842,0.16921197312156383,0.1955617198335645,0.1809235427706283,0.15924092409240925,0.1313035204567079,0.10326086956521739,0.10470701248799232,0.13282442748091602,0.07365892714171338,0.11389521640091116,0.1282051282051282,0.10699588477366255,0.1329479768786127
Bellerose,Queens,neighborhood,0.0,0.0,0.0,1.0,0.0,1.0,0.0,1.0,0.0,,,,,,,,,,,,,,,,,,,,,,,,,,,,,,,,,,,,,0.0,0.0,0.4,0.0,0.0,0.0,0.16666666666666666,0.0,0.2,0.0,0.0,0.0,0.1,0.0,0.0,0.09090909090909091,0.1111111111111111,0.3333333333333333,0.0,0.0,0.0,0.0,0.14285714285714285,0.25,0.125,0.0,0.0,0.25,0.14285714285714285,0.0,0.0,0.1,0.1111111111111111,0.0,0.2,0.0,0.2857142857142857,0.09090909090909091,0.0,0.14285714285714285,0.0,0.0,0.0,0.0,0.0,0.0,0.5,0.0,0.0,0.0,0.0,0.0,0.0,0.0,0.0,0.0,0.0,0.0,0.0,0.0,0.0,0.0,0.0,0.0,0.0,0.0,0.0,0.0,0.0,0.14285714285714285,0.0,0.125,0.0,0.2,0.25,0.0,0.0,0.0,0.0,0.0,0.0,0.5,0.3333333333333333,0.0,0.0,0.0,0.5,0.0,,0.6666666666666666,0.0,0.5,1.0,0.0,0.0,0.3333333333333333,0.0,0.3333333333333333,0.0,,,0.0,0.0,0.25,0.0,,0.0,0.0,0.25,0.1,0.3333333333333333,0.0,0.0,0.0,0.2,0.0,,0.25,0.14285714285714285,0.25,0.0,0.0,,0.0,0.0,0.0,0.3333333333333333,0.6666666666666666,,0.0,0.0,0.2,0.0,0.0,,,0.0,0.4,0.0,0.0,0.0,0.16666666666666666,0.3333333333333333,0.3333333333333333,0.3333333333333333,0.0,0.0,1.0,1.0,0.25,,0.0,0.0,0.0,0.0
Belmont,Bronx,neighborhood,0.0,0.0,0.0,0.0,,0.0,0.0,,,,,,,,,,,,0.0,0.0,0.0,0.0,,0.0,0.0,,,,1.0,0.0,0.0,0.0,0.0,0.030303030303030304,0.02857142857142857,0.0,0.0,0.0,0.0,0.0,0.0,0.0,0.2857142857142857,0.3333333333333333,0.125,0.0,0.0,0.36363636363636365,0.2,0.125,0.0,0.0,0.0,0.0,0.0,0.125,0.1111111111111111,0.0,0.125,0.0,0.16666666666666666,0.0,0.0,0.0,0.0,0.0,0.0,0.17647058823529413,0.07692307692307693,0.11538461538461539,0.05,0.09090909090909091,0.18181818181818182,0.0,0.0,0.1111111111111111,0.1,0.0,0.15789473684210525,0.0,0.10714285714285714,0.08333333333333333,0.047619047619047616,0.045454545454545456,0.13043478260869565,0.12903225806451613,0.0,0.0,0.07894736842105263,0.14285714285714285,0.12,0.2,0.05128205128205128,0.06060606060606061,0.10714285714285714,0.05555555555555555,0.09090909090909091,0.045454545454545456,0.03571428571428571,0.09090909090909091,0.0,0.15625,0.022727272727272728,0.2962962962962963,0.06818181818181818,0.05714285714285714,0.02127659574468085,0.061224489795918366,0.19444444444444445,0.0,0.14285714285714285,0.0625,0.13157894736842105,0.1935483870967742,0.06382978723404255,0.12244897959183673,0.15384615384615385,0.06666666666666667,0.06666666666666667,0.125,0.1,0.0,0.10526315789473684,0.1,0.10526315789473684,0.1,0.12121212121212122,0.1935483870967742,0.05714285714285714,0.125,0.0,0.1875,0.047619047619047616,0.08333333333333333,0.0,0.0,0.08823529411764706,0.044444444444444446,0.2903225806451613,0.08,0.16666666666666666,0.3076923076923077,0.1,0.0,0.21428571428571427,0.15384615384615385,0.2,0.0,0.0,0.1,0.07407407407407407,0.044444444444444446,0.19444444444444445,0.1111111111111111,0.0,0.0,0.0,0.0,0.08333333333333333,0.0,0.06666666666666667,0.07692307692307693,0.08333333333333333,0.0,0.15384615384615385,0.07142857142857142,0.09090909090909091,0.0,0.0,0.05,0.0,0.03125,0.06060606060606061,0.08333333333333333,0.25925925925925924,0.047619047619047616,0.0,0.05555555555555555,0.1111111111111111,0.0,0.047619047619047616,0.025,0.16279069767441862,0.03125,0.06060606060606061,0.0,0.1111111111111111,0.043478260869565216,0.045454545454545456,0.0,0.0,0.0,0.0,0.06666666666666667,0.0,0.18181818181818182,0.2,0.1,0.1,0.125
Bensonhurst,Brooklyn,neighborhood,,,0.0,0.0,0.0,0.0,0.0,0.0,0.5,0.0,0.18181818181818182,0.0,0.0,0.0,0.0,0.0,0.0,0.05263157894736842,0.14285714285714285,0.14285714285714285,0.18181818181818182,0.0,0.0,0.0,0.0,0.16666666666666666,0.0,0.16666666666666666,0.1,0.1111111111111111,0.2857142857142857,0.0,0.0,0.0,0.0,0.0,0.0,0.05555555555555555,0.15384615384615385,0.0,0.0,0.07692307692307693,0.09090909090909091,0.0,0.047619047619047616,0.09523809523809523,0.10526315789473684,0.13333333333333333,0.0,0.07692307692307693,0.08,0.05263157894736842,0.043478260869565216,0.037037037037037035,0.06451612903225806,0.05555555555555555,0.16216216216216217,0.05405405405405406,0.12121212121212122,0.06060606060606061,0.06818181818181818,0.21052631578947367,0.24324324324324326,0.07894736842105263,0.08333333333333333,0.023255813953488372,0.07317073170731707,0.075,0.0975609756097561,0.06976744186046512,0.1,0.06818181818181818,0.09302325581395349,0.09090909090909091,0.26666666666666666,0.14814814814814814,0.15384615384615385,0.24242424242424243,0.06896551724137931,0.0975609756097561,0.10526315789473684,0.08333333333333333,0.07407407407407407,0.1111111111111111,0.19047619047619047,0.08163265306122448,0.15151515151515152,0.047619047619047616,0.16666666666666666,0.1625,0.1095890410958904,0.18518518518518517,0.15,0.14,0.16326530612244897,0.14893617021276595,0.1320754716981132,0.10638297872340426,0.12658227848101267,0.1348314606741573,0.16161616161616163,0.1326530612244898,0.07777777777777778,0.1016949152542373,0.0975609756097561,0.09166666666666666,0.11818181818181818,0.1643835616438356,0.2247191011235955,0.16176470588235295,0.11428571428571428,0.14285714285714285,0.05970149253731343,0.09230769230769231,0.10309278350515463,0.06,0.15294117647058825,0.18840579710144928,0.20588235294117646,0.16666666666666666,0.13846153846153847,0.15384615384615385,0.1111111111111111,0.08333333333333333,0.14545454545454545,0.16129032258064516,0.1320754716981132,0.12087912087912088,0.14666666666666667,0.1780821917808219,0.13953488372093023,0.08235294117647059,0.09433962264150944,0.0784313725490196,0.1326530612244898,0.15789473684210525,0.045871559633027525,0.1485148514851485,0.08333333333333333,0.1262135922330097,0.08411214953271028,0.13559322033898305,0.09574468085106383,0.11864406779661017,0.12857142857142856,0.16,0.1797752808988764,0.125,0.1038961038961039,0.045454545454545456,0.06976744186046512,0.11538461538461539,0.12,0.09433962264150944,0.11864406779661017,0.075,0.17647058823529413,0.2222222222222222,0.03225806451612903,0.09375,0.16666666666666666,0.13043478260869565,0.17142857142857143,0.09090909090909091,0.18181818181818182,0.13725490196078433,0.20930232558139536,0.1111111111111111,0.23333333333333334,0.12121212121212122,0.22580645161290322,0.10526315789473684,0.2702702702702703,0.16216216216216217,0.15,0.19642857142857142,0.15789473684210525,0.15555555555555556,0.09375,0.4117647058823529,0.08823529411764706,0.06451612903225806,0.07142857142857142,0.0967741935483871,0.15555555555555556,0.09302325581395349,0.11764705882352941,0.11538461538461539,0.1111111111111111,0.10526315789473684,0.21875,0.15384615384615385,0.13333333333333333,0.13157894736842105,0.17142857142857143,0.19230769230769232,0.02857142857142857,0.17391304347826086,0.07142857142857142,0.07692307692307693
Bergen Beach,Brooklyn,neighborhood,0.0,0.0,0.0,0.0,1.0,0.0,0.0,0.0,0.0,0.0,0.0,,,0.0,0.0,0.0,0.0,0.0,0.0,1.0,0.0,,,,,,0.0,0.0,0.0,0.0,0.0,0.0,0.0,0.0,,,,,0.0,0.0,0.0,0.0,0.5,0.0,0.25,0.0,,,0.0,0.0,0.0,0.0,0.0,0.0,0.0,0.0,0.15384615384615385,0.16666666666666666,0.2,0.1111111111111111,0.0,0.0,0.0,0.0,0.0,0.2857142857142857,0.0,0.5,0.0,0.0,1.0,0.5,0.0,1.0,0.2,0.0,0.3333333333333333,0.0,0.2,0.2,0.0,0.0,0.13333333333333333,0.18181818181818182,0.0,0.23809523809523808,0.25,0.05555555555555555,0.0,0.0,0.0,0.13333333333333333,0.2,0.2,0.09090909090909091,0.0,0.16666666666666666,0.0,0.16666666666666666,0.125,0.0,0.1,0.23076923076923078,0.3684210526315789,0.0625,0.07142857142857142,0.0,0.0,0.0,0.0,0.15384615384615385,0.18181818181818182,0.0,0.0,0.0,0.0,0.2727272727272727,0.2222222222222222,0.08333333333333333,0.16666666666666666,0.25,0.1,0.125,0.0,0.0,0.5,0.0,0.38461538461538464,0.14285714285714285,0.0,0.2,0.0,0.0,0.1111111111111111,0.25,0.0,0.0,0.0,0.0,0.16666666666666666,0.1,0.21428571428571427,0.1,0.0,0.1,0.0,0.25,0.0,0.0,0.0,0.0,0.0,0.0,0.1111111111111111,0.07692307692307693,0.0,0.0,0.0,0.0625,0.3333333333333333,0.3076923076923077,0.29411764705882354,0.15,0.42857142857142855,0.25,0.1111111111111111,0.21428571428571427,0.0,0.0,0.0,0.23076923076923078,0.3,0.5,0.2857142857142857,0.2,0.0,0.0,0.36363636363636365,0.0,0.125,0.14285714285714285,0.0,0.0,0.0,0.3333333333333333,0.0,0.0,0.0,0.0,0.0,0.0,0.16666666666666666,0.2,0.25,0.2,0.3333333333333333,0.0,0.0,0.125,0.4
Boerum Hill,Brooklyn,neighborhood,0.024390243902439025,0.07894736842105263,0.10526315789473684,0.07142857142857142,0.043478260869565216,0.1,0.11320754716981132,0.08888888888888889,0.1724137931034483,0.08333333333333333,0.06666666666666667,0.1,0.15789473684210525,0.10344827586206896,0.14285714285714285,0.16129032258064516,0.07142857142857142,0.07142857142857142,0.07317073170731707,0.12121212121212122,0.041666666666666664,0.15789473684210525,0.08,0.13043478260869565,0.25,0.06896551724137931,0.07142857142857142,0.20689655172413793,0.1891891891891892,0.13043478260869565,0.16666666666666666,0.14285714285714285,0.1875,0.20588235294117646,0.0,0.03225806451612903,0.13636363636363635,0.10714285714285714,0.1111111111111111,0.14,0.12727272727272726,0.19230769230769232,0.16901408450704225,0.18181818181818182,0.25316455696202533,0.18072289156626506,0.11267605633802817,0.15217391304347827,0.13592233009708737,0.09090909090909091,0.16666666666666666,0.14678899082568808,0.07575757575757576,0.18238993710691823,0.1564625850340136,0.16778523489932887,0.25149700598802394,0.15441176470588236,0.15254237288135594,0.13861386138613863,0.18253968253968253,0.17424242424242425,0.08064516129032258,0.13559322033898305,0.10236220472440945,0.1532258064516129,0.17105263157894737,0.10365853658536585,0.1865671641791045,0.20967741935483872,0.14655172413793102,0.18110236220472442,0.13333333333333333,0.17857142857142858,0.18110236220472442,0.2,0.14814814814814814,0.18125,0.1910828025477707,0.20987654320987653,0.12637362637362637,0.2804878048780488,0.3081761006289308,0.11888111888111888,0.20118343195266272,0.1797752808988764,0.1111111111111111,0.13333333333333333,0.11574074074074074,0.18592964824120603,0.15566037735849056,0.19248826291079812,0.23039215686274508,0.25853658536585367,0.23493975903614459,0.19327731092436976,0.16279069767441862,0.2097902097902098,0.14193548387096774,0.12269938650306748,0.15204678362573099,0.1695906432748538,0.18023255813953487,0.1366906474820144,0.1721311475409836,0.24561403508771928,0.18181818181818182,0.1308411214953271,0.17757009345794392,0.10101010101010101,0.11538461538461539,0.13432835820895522,0.1794871794871795,0.13089005235602094,0.1437125748502994,0.16216216216216217,0.1450381679389313,0.18181818181818182,0.2619047619047619,0.14473684210526316,0.16279069767441862,0.12121212121212122,0.09615384615384616,0.10606060606060606,0.21487603305785125,0.21120689655172414,0.2966666666666667,0.30973451327433627,0.3267605633802817,0.31197771587743733,0.20496894409937888,0.23278688524590163,0.15901060070671377,0.2,0.19130434782608696,0.11650485436893204,0.07772020725388601,0.08227848101265822,0.07857142857142857,0.12844036697247707,0.06097560975609756,0.13636363636363635,0.109375,0.025,0.08620689655172414,0.09259259259259259,0.09090909090909091,0.0392156862745098,0.08333333333333333,0.20454545454545456,0.10714285714285714,0.24444444444444444,0.21,0.2222222222222222,0.20253164556962025,0.16176470588235295,0.16666666666666666,0.17,0.14285714285714285,0.13333333333333333,0.09722222222222222,0.14388489208633093,0.16778523489932887,0.17880794701986755,0.24793388429752067,0.2,0.15306122448979592,0.16666666666666666,0.17777777777777778,0.12643678160919541,0.07792207792207792,0.10112359550561797,0.09174311926605505,0.09375,0.24025974025974026,0.21428571428571427,0.3310344827586207,0.225,0.13592233009708737,0.07954545454545454,0.09090909090909091,0.11475409836065574,0.1038961038961039,0.10112359550561797,0.12101910828025478,0.1497584541062802,0.16129032258064516,0.09278350515463918,0.07003891050583658,0.14410480349344978,0.09090909090909091,0.12021857923497267,0.06341463414634146,0.1282051282051282,0.07834101382488479,0.08928571428571429,0.14285714285714285,0.12704918032786885,0.1267605633802817,0.10497237569060773
Borough Park,Brooklyn,neighborhood,0.0,0.0,0.0,0.0,0.5,0.0,0.0,0.16666666666666666,0.0,0.0,0.0,0.2,0.2,0.1,0.0,0.0,0.0,0.0,0.0,0.25,0.0,0.0,0.0,0.0,0.3333333333333333,0.2857142857142857,0.16666666666666666,0.16666666666666666,0.0,0.1,0.38461538461538464,0.1,0.125,0.125,0.0,0.0,0.0,1.0,0.0,0.0,0.0,0.125,0.125,0.125,0.14285714285714285,0.125,0.18181818181818182,0.0,0.05555555555555555,0.05555555555555555,0.15,0.125,0.0,0.0,0.09523809523809523,0.0,0.2413793103448276,0.0,0.02631578947368421,0.14285714285714285,0.125,0.1,0.058823529411764705,0.19444444444444445,0.0,0.08571428571428572,0.08333333333333333,0.09090909090909091,0.14285714285714285,0.125,0.0,0.043478260869565216,0.125,0.06060606060606061,0.08108108108108109,0.12,0.17142857142857143,0.10526315789473684,0.027777777777777776,0.0784313725490196,0.08,0.17857142857142858,0.17391304347826086,0.2545454545454545,0.07142857142857142,0.0547945205479452,0.0641025641025641,0.13333333333333333,0.22077922077922077,0.1839080459770115,0.0898876404494382,0.1702127659574468,0.16981132075471697,0.1044776119402985,0.20754716981132076,0.1111111111111111,0.13157894736842105,0.11363636363636363,0.08333333333333333,0.13043478260869565,0.1044776119402985,0.1323529411764706,0.17721518987341772,0.18666666666666668,0.17543859649122806,0.14457831325301204,0.17708333333333334,0.1111111111111111,0.125,0.208955223880597,0.23170731707317074,0.17073170731707318,0.13131313131313133,0.0967741935483871,0.10975609756097561,0.1276595744680851,0.14814814814814814,0.05454545454545454,0.18518518518518517,0.09090909090909091,0.125,0.13333333333333333,0.07894736842105263,0.14814814814814814,0.02127659574468085,0.07246376811594203,0.12987012987012986,0.14772727272727273,0.21978021978021978,0.15,0.21052631578947367,0.08571428571428572,0.18333333333333332,0.1038961038961039,0.1625,0.14285714285714285,0.12987012987012986,0.13095238095238096,0.11538461538461539,0.09195402298850575,0.0967741935483871,0.08641975308641975,0.16417910447761194,0.1267605633802817,0.136986301369863,0.13414634146341464,0.125,0.047058823529411764,0.12121212121212122,0.09411764705882353,0.0759493670886076,0.06557377049180328,0.1702127659574468,0.2127659574468085,0.2,0.18,0.09090909090909091,0.10810810810810811,0.09523809523809523,0.06976744186046512,0.06382978723404255,0.15555555555555556,0.08196721311475409,0.056338028169014086,0.0945945945945946,0.05555555555555555,0.07894736842105263,0.09259259259259259,0.17391304347826086,0.06666666666666667,0.09523809523809523,0.047619047619047616,0.11627906976744186,0.1590909090909091,0.24528301886792453,0.07575757575757576,0.058823529411764705,0.08888888888888889,0.1346153846153846,0.06666666666666667,0.12244897959183673,0.17777777777777778,0.10526315789473684,0.047619047619047616,0.13333333333333333,0.09523809523809523,0.09523809523809523,0.07142857142857142,0.04838709677419355,0.038461538461538464,0.14285714285714285,0.125,0.06896551724137931,0.041666666666666664,0.05405405405405406,0.09302325581395349,0.03571428571428571,0.15517241379310345,0.09803921568627451,0.05
Briarwood,Queens,neighborhood,0.14285714285714285,0.1,0.4,0.0,0.1,0.0,0.125,0.0,0.0,0.0,0.0,0.1,0.125,0.0,0.0,0.0,0.0,0.0,0.16666666666666666,0.16666666666666666,0.0,0.0,0.0,0.0,0.25,0.0,0.0,0.0,0.3333333333333333,0.1111111111111111,0.0,0.0,0.125,0.3333333333333333,0.1,0.1111111111111111,0.0,0.07142857142857142,0.0,0.16666666666666666,0.15,0.09523809523809523,0.11764705882352941,0.0,0.0,0.15384615384615385,0.1111111111111111,0.0625,0.07692307692307693,0.09523809523809523,0.08,0.13333333333333333,0.14285714285714285,0.10714285714285714,0.04,0.05263157894736842,0.04,0.07407407407407407,0.11538461538461539,0.06060606060606061,0.14285714285714285,0.045454545454545456,0.08771929824561403,0.043478260869565216,0.14583333333333334,0.056338028169014086,0.28169014084507044,0.11538461538461539,0.14,0.03125,0.21739130434782608,0.1388888888888889,0.23529411764705882,0.1,0.20930232558139536,0.057692307692307696,0.0847457627118644,0.08333333333333333,0.0967741935483871,0.05714285714285714,0.2631578947368421,0.27586206896551724,0.27835051546391754,0.12658227848101267,0.047619047619047616,0.06,0.047619047619047616,0.08163265306122448,0.1326530612244898,0.112,0.050724637681159424,0.140625,0.2692307692307692,0.22,0.25925925925925924,0.23880597014925373,0.18571428571428572,0.15384615384615385,0.08888888888888889,0.14,0.13725490196078433,0.05172413793103448,0.1323529411764706,0.14285714285714285,0.11290322580645161,0.22058823529411764,0.23809523809523808,0.25,0.17647058823529413,0.11290322580645161,0.18461538461538463,0.19047619047619047,0.14285714285714285,0.13580246913580246,0.08235294117647059,0.18823529411764706,0.136986301369863,0.22857142857142856,0.21428571428571427,0.125,0.1262135922330097,0.12087912087912088,0.2033898305084746,0.13333333333333333,0.17073170731707318,0.11594202898550725,0.13636363636363635,0.14563106796116504,0.14018691588785046,0.272,0.17272727272727273,0.11206896551724138,0.11643835616438356,0.09027777777777778,0.10948905109489052,0.10185185185185185,0.09009009009009009,0.06349206349206349,0.07079646017699115,0.05154639175257732,0.043478260869565216,0.07,0.0707070707070707,0.10752688172043011,0.08695652173913043,0.1118421052631579,0.09395973154362416,0.06,0.051470588235294115,0.0761904761904762,0.05952380952380952,0.11224489795918367,0.06306306306306306,0.11578947368421053,0.12222222222222222,0.057971014492753624,0.050505050505050504,0.08653846153846154,0.07766990291262135,0.058823529411764705,0.0625,0.0273972602739726,0.05102040816326531,0.11009174311926606,0.07142857142857142,0.11290322580645161,0.07407407407407407,0.07272727272727272,0.09090909090909091,0.04878048780487805,0.10416666666666667,0.11627906976744186,0.15217391304347827,0.10204081632653061,0.0,0.171875,0.1044776119402985,0.07575757575757576,0.11940298507462686,0.12727272727272726,0.11538461538461539,0.109375,0.08,0.01694915254237288,0.07352941176470588,0.14516129032258066,0.08333333333333333,0.10294117647058823,0.21875,0.13793103448275862,0.16071428571428573,0.18333333333333332,0.10909090909090909,0.1282051282051282,0.07547169811320754,0.2,0.09090909090909091,0.22641509433962265,0.1323529411764706,0.08450704225352113
Brighton Beach,Brooklyn,neighborhood,0.0,0.0,0.0,0.0,0.0,0.0,0.0,0.0,0.0,0.0,0.0,0.0,0.0,0.0,0.0,0.1111111111111111,0.23076923076923078,0.0,0.0,0.0,0.09090909090909091,0.3076923076923077,0.0,0.1111111111111111,0.0,0.0,0.5,0.0,0.0,0.0,0.13636363636363635,0.0,0.0,0.05555555555555555,0.045454545454545456,0.08695652173913043,0.125,0.16666666666666666,0.0,0.23333333333333334,0.02127659574468085,0.21951219512195122,0.125,0.020833333333333332,0.18181818181818182,0.1590909090909091,0.11363636363636363,0.125,0.21052631578947367,0.02564102564102564,0.1111111111111111,0.17857142857142858,0.13793103448275862,0.08571428571428572,0.15555555555555556,0.10909090909090909,0.07142857142857142,0.11864406779661017,0.10714285714285714,0.21428571428571427,0.2535211267605634,0.27586206896551724,0.109375,0.008620689655172414,0.026785714285714284,0.05154639175257732,0.09722222222222222,0.08860759493670886,0.11764705882352941,0.1414141414141414,0.11320754716981132,0.13978494623655913,0.13541666666666666,0.1375,0.08450704225352113,0.05747126436781609,0.10810810810810811,0.2222222222222222,0.1206896551724138,0.12857142857142856,0.09375,0.12698412698412698,0.08823529411764706,0.16417910447761194,0.07692307692307693,0.0847457627118644,0.03296703296703297,0.09523809523809523,0.11805555555555555,0.08333333333333333,0.10084033613445378,0.1702127659574468,0.1794871794871795,0.2641509433962264,0.2619047619047619,0.12,0.25,0.2835820895522388,0.0945945945945946,0.1744186046511628,0.18487394957983194,0.1702127659574468,0.24719101123595505,0.15517241379310345,0.16091954022988506,0.2054794520547945,0.14492753623188406,0.125,0.25,0.1625,0.2553191489361702,0.19642857142857142,0.13333333333333333,0.09876543209876543,0.1509433962264151,0.24752475247524752,0.2,0.1891891891891892,0.22666666666666666,0.1774193548387097,0.17857142857142858,0.13333333333333333,0.15217391304347827,0.17073170731707318,0.08163265306122448,0.1702127659574468,0.35714285714285715,0.21794871794871795,0.19230769230769232,0.1792452830188679,0.23595505617977527,0.175,0.23170731707317074,0.10526315789473684,0.2,0.14285714285714285,0.1774193548387097,0.1125,0.140625,0.1643835616438356,0.1111111111111111,0.0625,0.12280701754385964,0.15873015873015872,0.10144927536231885,0.08571428571428572,0.13402061855670103,0.05405405405405406,0.09876543209876543,0.09615384615384616,0.18181818181818182,0.15151515151515152,0.10810810810810811,0.125,0.15384615384615385,0.05660377358490566,0.0,0.12962962962962962,0.15942028985507245,0.023809523809523808,0.09803921568627451,0.08163265306122448,0.075,0.05555555555555555,0.16,0.12195121951219512,0.0975609756097561,0.0625,0.1875,0.06060606060606061,0.029411764705882353,0.02857142857142857,0.14634146341463414,0.075,0.038461538461538464,0.1111111111111111,0.044444444444444446,0.14634146341463414,0.06976744186046512,0.0,0.08333333333333333,0.1276595744680851,0.19230769230769232,0.16666666666666666,0.10416666666666667,0.07692307692307693,0.0625,0.11627906976744186,0.1590909090909091,0.08,0.06666666666666667,0.10869565217391304,0.027777777777777776,0.1,0.11904761904761904,0.1,0.15384615384615385,0.10256410256410256,0.21818181818181817,0.01818181818181818
Bronx,Bronx,borough,0.046511627906976744,0.04712041884816754,0.041666666666666664,0.03164556962025317,0.014388489208633094,0.025,0.026785714285714284,0.05172413793103448,0.10843373493975904,0.09782608695652174,0.021052631578947368,0.0594059405940594,0.11016949152542373,0.04672897196261682,0.0743801652892562,0.10077519379844961,0.06748466257668712,0.0755813953488372,0.045454545454545456,0.10047846889952153,0.1004566210045662,0.07929515418502203,0.075,0.043243243243243246,0.0913978494623656,0.04736842105263158,0.11737089201877934,0.08837209302325581,0.0779816513761468,0.030434782608695653,0.06746031746031746,0.09019607843137255,0.1220472440944882,0.13131313131313133,0.07854984894259819,0.056768558951965066,0.12217194570135746,0.10526315789473684,0.0995260663507109,0.09913793103448276,0.08658008658008658,0.03404255319148936,0.09302325581395349,0.0984251968503937,0.08974358974358974,0.10822510822510822,0.08203125,0.1076923076923077,0.1070110701107011,0.06896551724137931,0.05573770491803279,0.11619718309859155,0.07534246575342465,0.08187134502923976,0.06331877729257641,0.07076350093109869,0.06801470588235294,0.08316430020283976,0.03763440860215054,0.045,0.06697819314641744,0.05349182763744428,0.05726256983240224,0.05194805194805195,0.0438871473354232,0.05807365439093484,0.08387096774193549,0.07624633431085044,0.0821917808219178,0.09720372836218376,0.10540915395284327,0.0787716955941255,0.09137709137709138,0.08923512747875353,0.06258890469416785,0.07926829268292683,0.05514157973174367,0.08547008547008547,0.096045197740113,0.10772833723653395,0.08720271800679502,0.07223476297968397,0.0867630700778643,0.061274509803921566,0.11534276387377584,0.08404255319148936,0.07045215562565721,0.07709011943539631,0.08875128998968008,0.06461232604373758,0.0776495278069255,0.08802308802308802,0.12129760225669958,0.10201511335012595,0.10568031704095113,0.0928462709284627,0.09809663250366032,0.10914454277286136,0.10201149425287356,0.1017191977077364,0.1008827238335435,0.09927360774818401,0.09848484848484848,0.13282732447817835,0.12882096069868995,0.12118491921005387,0.13757115749525617,0.10553278688524591,0.11016144349477683,0.0999000999000999,0.08397683397683398,0.09939759036144578,0.11953612845673506,0.11676646706586827,0.09528214616096208,0.11392405063291139,0.15904365904365905,0.12254335260115606,0.14547677261613692,0.10683760683760683,0.08920863309352518,0.09062003179650238,0.11211573236889692,0.07788944723618091,0.08196721311475409,0.09818731117824774,0.12483574244415244,0.13933415536374846,0.11794228356336262,0.14340588988476313,0.09067017082785808,0.10275689223057644,0.08963911525029103,0.07311028500619579,0.0583232077764277,0.0670807453416149,0.07345360824742268,0.07486033519553073,0.09284951974386339,0.09547738693467336,0.0798611111111111,0.11136890951276102,0.07771428571428571,0.0784313725490196,0.0660024906600249,0.04540162980209546,0.07876370887337986,0.0740276035131744,0.07166482910694598,0.06651884700665188,0.08888888888888889,0.0728952772073922,0.0945945945945946,0.0926517571884984,0.10695742471443406,0.08189655172413793,0.08586387434554973,0.09544008483563096,0.07272727272727272,0.0795964125560538,0.07324516785350967,0.07390817469204927,0.10508474576271186,0.10321969696969698,0.12098501070663811,0.11260330578512397,0.12846068660022147,0.11259079903147699,0.07851690294438386,0.10462555066079295,0.07845188284518828,0.07793633369923161,0.07716049382716049,0.07797270955165692,0.07231040564373897,0.06805807622504537,0.07818532818532818,0.08079847908745247,0.08613861386138613,0.06203208556149733,0.07736943907156674,0.12410256410256411,0.0815018315018315,0.043209876543209874,0.05434782608695652,0.045889101338432124,0.07609756097560975,0.080078125,0.0811930405965203,0.03765060240963856,0.07823470411233702,0.06651884700665188,0.06359649122807018,0.060085836909871244,0.06387434554973823,0.039149888143176735,0.04503582395087001,0.07669322709163347,0.0885036496350365,0.08042895442359249
Bronxwood,Bronx,neighborhood,,,,,,,0.0,0.0,0.0,,,,,0.0,0.0,0.0,0.0,0.0,,0.0,0.0,0.0,0.0,0.0,0.0,0.3333333333333333,0.0,0.0,0.14285714285714285,0.0,0.0,0.0,0.2,0.16666666666666666,0.0,0.0,0.0,0.0,0.0,0.0,0.0,0.0,0.0,0.0,0.0,0.6666666666666666,0.0,0.0,0.0,0.0,0.0,0.0,0.2,0.0,0.0,0.1111111111111111,0.0,0.0,0.25,0.0,0.0,0.25,0.0,0.0,0.0,0.0,0.0,0.14285714285714285,0.0,0.14285714285714285,0.0,0.125,0.3333333333333333,0.0,0.0,0.0,0.0,0.0,0.0,0.0,0.0,0.0625,0.0,0.0,0.07407407407407407,0.125,0.041666666666666664,0.0,0.11764705882352941,0.0,0.0,0.35714285714285715,0.1,0.05555555555555555,0.2222222222222222,0.2222222222222222,0.0,0.07407407407407407,0.037037037037037035,0.047619047619047616,0.0,0.05555555555555555,0.047619047619047616,0.0,0.0,0.058823529411764705,0.0,0.07692307692307693,0.08,0.07692307692307693,0.15384615384615385,0.09090909090909091,0.13043478260869565,0.047619047619047616,0.1111111111111111,0.08695652173913043,0.2777777777777778,0.0,0.1111111111111111,0.0,0.25806451612903225,0.0,0.0,0.0,0.5,0.3333333333333333,0.0,0.09090909090909091,0.09090909090909091,0.2,0.3333333333333333,0.16666666666666666,0.0,0.0,0.058823529411764705,0.0,0.0,0.0625,0.0,0.18181818181818182,0.07692307692307693,0.09090909090909091,0.2222222222222222,0.08333333333333333,0.0,0.0,0.04,0.0,0.21052631578947367,0.04,0.2777777777777778,0.0,0.0,0.1,0.2857142857142857,0.1111111111111111,0.09090909090909091,0.0625,0.05555555555555555,0.0,0.0,0.08333333333333333,0.15789473684210525,0.0,0.2,0.09090909090909091,0.2222222222222222,0.0,0.2,0.2857142857142857,0.6,0.0,0.14285714285714285,0.0,0.0,0.2,0.0,0.2727272727272727,0.0,0.0,0.0,0.0,0.0,0.125,0.0,0.0,0.0,0.0,0.25,0.16666666666666666,0.2,0.0,0.0,0.1111111111111111,0.0,0.0,0.125,0.14285714285714285,0.0,0.125
Brooklyn,Brooklyn,borough,0.1215059897318882,0.12084063047285463,0.12436691052335397,0.12169014084507042,0.10204081632653061,0.0963855421686747,0.10119047619047619,0.0825147347740668,0.11014948859166011,0.11144130757800892,0.10714285714285714,0.07091690544412607,0.07990012484394507,0.0656392694063927,0.08879263670817542,0.06330532212885154,0.08770108977685522,0.08508508508508508,0.09147212958551691,0.09183673469387756,0.0927536231884058,0.125,0.1255868544600939,0.08202247191011236,0.12837108953613807,0.11337061514997458,0.11889491859891466,0.10862152946906965,0.13024475524475523,0.12574612017508954,0.1058549825513765,0.11499215070643642,0.11129296235679215,0.15591182364729458,0.08666666666666667,0.07582739840804358,0.12401352874859076,0.10680349676928924,0.11674933231590996,0.127427597955707,0.12041719342604298,0.13371915930551326,0.11773584905660377,0.13034576888080074,0.15114359820796983,0.16827021494370523,0.15721331689272502,0.11876576751406948,0.1239031239031239,0.11844452372458081,0.12607886275173463,0.12211757063981812,0.11127819548872181,0.14262023217247097,0.1416003856350928,0.1352293165467626,0.16411634154888446,0.16251482799525505,0.15472274436090225,0.12422360248447205,0.12562869013776515,0.1159860990443093,0.11512368228786139,0.10536417819981816,0.11171970913211823,0.12538609232824108,0.1152874531118426,0.13086663128364545,0.13500176242509693,0.16385003885003885,0.15941543953592147,0.13046656109148497,0.1388888888888889,0.1638960430812456,0.1670923797360579,0.1696555940493173,0.16980965028773795,0.18199818496823694,0.18988229791877778,0.19291684997800265,0.20265885890638602,0.216618761431931,0.2216774645421117,0.1829626123994321,0.18786597267404034,0.18898858075040784,0.19124199387357282,0.1647464642980338,0.16584291073661644,0.18019931383760823,0.15864723673357162,0.21580107976579727,0.2327710843373494,0.23690927372573284,0.2240599029046326,0.17784696669497121,0.18980121002592912,0.18264880688370444,0.17316158486874286,0.16083598364379828,0.15739413680781758,0.1594902251917842,0.15405651777575205,0.17003712117014794,0.17869940278699403,0.19853751958679125,0.16899555109969297,0.1427990787156212,0.14069277676494624,0.14185343919061336,0.14150429213789345,0.14113223917287254,0.1399306018951021,0.14513262236806126,0.14211611358648665,0.1473551637279597,0.17018368218709953,0.16987147554050014,0.1705277432478246,0.1556119213696893,0.1524703778224905,0.15436950146627565,0.1456435262414988,0.16162807845450525,0.22237424547283702,0.24057084607543322,0.2530449579079348,0.27184736716322794,0.26220578880407125,0.24724550134002637,0.2091613812544045,0.17628626301425251,0.15012915970217292,0.1383338977311209,0.13770838846255623,0.1088929219600726,0.112003426491059,0.10818072157034762,0.09512352561469398,0.10770862331808842,0.08808338811155977,0.11944520485445752,0.11642411642411643,0.11016187050359712,0.10887996430165105,0.10800048268372149,0.11036928854579595,0.0907819601445053,0.10438844232022594,0.12157534246575342,0.12348555452003727,0.16560108059432688,0.20375494071146244,0.199631915123958,0.20625662778366913,0.16764741203314518,0.16131473672829494,0.1659868570133696,0.15662771958098307,0.13565159426730364,0.14644665291580725,0.17065431781150844,0.16364389233954452,0.1776173285198556,0.19853905225697696,0.2169000933706816,0.20608854316719485,0.16429682292823816,0.1599835068549634,0.15576656353355384,0.15792628109080012,0.13350515463917526,0.14867005753356125,0.17103727336394056,0.17193054416188133,0.18865748592361442,0.1981223455778258,0.18081211516059245,0.18350515463917524,0.14353967594515996,0.12867362722351122,0.13059109654224385,0.12704121306376362,0.11437199207322828,0.13393071445715657,0.1395877538648075,0.15154453525419034,0.16259477674810446,0.16317864725508038,0.15644874077842788,0.15246371087192653,0.11684640351795623,0.1068313953488372,0.10445149294542273,0.12129405183665859,0.10249229907588911,0.11771610631340655,0.1303959511759452,0.1251327057824333,0.13431441252043916
Brooklyn Heights,Brooklyn,neighborhood,0.09574468085106383,0.11320754716981132,0.12173913043478261,0.09259259259259259,0.11965811965811966,0.06382978723404255,0.05333333333333334,0.09090909090909091,0.08860759493670886,0.0958904109589041,0.171875,0.13793103448275862,0.11666666666666667,0.07142857142857142,0.11764705882352941,0.04477611940298507,0.08333333333333333,0.049019607843137254,0.04918032786885246,0.07272727272727272,0.08791208791208792,0.175,0.09090909090909091,0.07142857142857142,0.21621621621621623,0.12844036697247707,0.22131147540983606,0.15447154471544716,0.12307692307692308,0.07971014492753623,0.05217391304347826,0.06593406593406594,0.07692307692307693,0.20430107526881722,0.03488372093023256,0.06493506493506493,0.12173913043478261,0.07758620689655173,0.08181818181818182,0.16393442622950818,0.09554140127388536,0.1875,0.21428571428571427,0.18181818181818182,0.11728395061728394,0.15816326530612246,0.26344086021505375,0.18781725888324874,0.22439024390243903,0.18556701030927836,0.17592592592592593,0.16037735849056603,0.14732142857142858,0.20512820512820512,0.15151515151515152,0.17229729729729729,0.18149466192170818,0.25862068965517243,0.19913419913419914,0.14007782101167315,0.13333333333333333,0.13709677419354838,0.10505836575875487,0.16044776119402984,0.16487455197132617,0.19434628975265017,0.13553113553113552,0.15018315018315018,0.18487394957983194,0.3046875,0.27111111111111114,0.15151515151515152,0.23394495412844038,0.17,0.135678391959799,0.2562814070351759,0.16917293233082706,0.21103896103896103,0.26944444444444443,0.22093023255813954,0.23423423423423423,0.28719723183391005,0.2202797202797203,0.21245421245421245,0.17785234899328858,0.23355263157894737,0.20597014925373133,0.16137566137566137,0.22139303482587064,0.20454545454545456,0.20642201834862386,0.21428571428571427,0.2518248175182482,0.2348993288590604,0.20081967213114754,0.20361990950226244,0.23931623931623933,0.21052631578947367,0.20816326530612245,0.16129032258064516,0.20220588235294118,0.16845878136200718,0.11023622047244094,0.23275862068965517,0.20202020202020202,0.2315270935960591,0.2054794520547945,0.24193548387096775,0.19196428571428573,0.17142857142857143,0.18972332015810275,0.1814516129032258,0.1716171617161716,0.19032258064516128,0.15347721822541965,0.19078947368421054,0.21379310344827587,0.23346303501945526,0.22380952380952382,0.17318435754189945,0.2463768115942029,0.16831683168316833,0.1978021978021978,0.3387096774193548,0.29118773946360155,0.2912621359223301,0.31309297912713474,0.32274247491638797,0.29081632653061223,0.3054003724394786,0.23138832997987926,0.1523809523809524,0.20052770448548812,0.17329545454545456,0.13432835820895522,0.11171662125340599,0.10249307479224377,0.10963455149501661,0.12595419847328243,0.11737089201877934,0.24203821656050956,0.17567567567567569,0.1,0.18181818181818182,0.20202020202020202,0.2072072072072072,0.17518248175182483,0.15436241610738255,0.1676300578034682,0.25263157894736843,0.2391304347826087,0.2288135593220339,0.2879581151832461,0.29239766081871343,0.27167630057803466,0.20134228187919462,0.2875,0.14193548387096774,0.15950920245398773,0.17197452229299362,0.12777777777777777,0.14798206278026907,0.2474747474747475,0.24019607843137256,0.27225130890052357,0.22110552763819097,0.22702702702702704,0.23076923076923078,0.17073170731707318,0.17333333333333334,0.21604938271604937,0.16875,0.14361702127659576,0.2512315270935961,0.25630252100840334,0.31746031746031744,0.2684563758389262,0.24489795918367346,0.19008264462809918,0.17094017094017094,0.1437908496732026,0.184,0.18045112781954886,0.2465753424657534,0.2182741116751269,0.18446601941747573,0.2048780487804878,0.2810810810810811,0.3032258064516129,0.23076923076923078,0.2803030303030303,0.1650485436893204,0.18110236220472442,0.2184873949579832,0.1925925925925926,0.23076923076923078,0.3221476510067114,0.26582278481012656,0.1676300578034682,0.21379310344827587
Brookville,Queens,neighborhood,0.0,0.0,0.0,,,,,,,,,,,,,,,,,,,,,,,,,,,0.0,0.0,,,,,,,,,,,,,,,,,,,,,,,,,,,,0.0,,,,,,,0.0,0.0,,,,,,0.0,,,,,,0.0,0.0,0.0,0.0,0.0,0.0,0.0,,,0.0,0.0,0.0,0.0,,,,0.0,0.0,0.0,0.0,,0.0,,0.0,0.5,0.0,0.0,0.0,0.0,1.0,0.0,0.0,,0.0,0.0,0.0,,,,,,0.0,0.0,0.3333333333333333,,1.0,0.0,0.0,,,0.0,0.0,1.0,1.0,,0.0,,0.0,0.0,0.16666666666666666,0.5,0.3333333333333333,0.5,0.3333333333333333,0.0,0.0,,,0.0,0.0,1.0,,,,0.0,0.0,0.0,0.0,0.25,0.16666666666666666,0.0,0.0,0.0,0.0,0.0,0.0,0.0,0.0,0.0,,0.0,0.5,0.0,0.0,1.0,0.25,0.0,0.0,0.0,0.0,0.0,,0.3333333333333333,,,0.0,0.0,,0.0,0.0,0.3333333333333333,,0.0,0.0,0.0,0.3333333333333333,1.0,,0.0,0.0,0.0,0.0
Brownsville,Brooklyn,neighborhood,0.0,0.0,0.0,0.0,,,0.0,0.0,0.0,,,0.0,0.0,0.25,0.0,0.0,0.0,0.0,0.0,0.0,0.0,0.0,0.0,0.25,0.0,0.0,0.25,0.0,0.2857142857142857,0.0,0.0,0.0,0.0,0.0,0.0,0.0,0.125,0.0,0.1,0.09090909090909091,0.0,0.0,0.0,0.125,0.07692307692307693,0.09090909090909091,0.0,0.0,0.0,0.07142857142857142,0.0,0.0,0.14285714285714285,0.0625,0.17647058823529413,0.0625,0.2727272727272727,0.09090909090909091,0.0,0.06666666666666667,0.09090909090909091,0.03333333333333333,0.03125,0.027777777777777776,0.018518518518518517,0.0,0.02857142857142857,0.14634146341463414,0.1111111111111111,0.1,0.021739130434782608,0.0975609756097561,0.13043478260869565,0.11428571428571428,0.21428571428571427,0.125,0.029411764705882353,0.0,0.09302325581395349,0.0784313725490196,0.018867924528301886,0.125,0.16666666666666666,0.07317073170731707,0.0,0.275,0.031746031746031744,0.2127659574468085,0.1076923076923077,0.19230769230769232,0.12698412698412698,0.21212121212121213,0.09375,0.2777777777777778,0.13636363636363635,0.075,0.1276595744680851,0.09302325581395349,0.16129032258064516,0.14285714285714285,0.12962962962962962,0.044444444444444446,0.1282051282051282,0.0625,0.06896551724137931,0.14583333333333334,0.09722222222222222,0.08955223880597014,0.09433962264150944,0.07317073170731707,0.05555555555555555,0.14285714285714285,0.15584415584415584,0.05172413793103448,0.13636363636363635,0.17647058823529413,0.2727272727272727,0.14285714285714285,0.15,0.1282051282051282,0.18518518518518517,0.1724137931034483,0.16129032258064516,0.14285714285714285,0.125,0.14285714285714285,0.07692307692307693,0.11764705882352941,0.13513513513513514,0.20588235294117646,0.24324324324324326,0.19444444444444445,0.24390243902439024,0.1891891891891892,0.18181818181818182,0.15217391304347827,0.14035087719298245,0.12698412698412698,0.16049382716049382,0.10465116279069768,0.10714285714285714,0.047058823529411764,0.08,0.05172413793103448,0.0379746835443038,0.12,0.12987012987012986,0.09836065573770492,0.08641975308641975,0.125,0.16666666666666666,0.16883116883116883,0.12,0.12698412698412698,0.11475409836065574,0.109375,0.09302325581395349,0.05333333333333334,0.17721518987341772,0.10526315789473684,0.125,0.07575757575757576,0.034482758620689655,0.16666666666666666,0.11764705882352941,0.05263157894736842,0.18181818181818182,0.1111111111111111,0.09090909090909091,0.20454545454545456,0.18518518518518517,0.08888888888888889,0.09523809523809523,0.11428571428571428,0.10810810810810811,0.11363636363636363,0.09302325581395349,0.08695652173913043,0.11363636363636363,0.17307692307692307,0.1794871794871795,0.1282051282051282,0.06153846153846154,0.0975609756097561,0.05714285714285714,0.0425531914893617,0.04918032786885246,0.038461538461538464,0.17307692307692307,0.12962962962962962,0.07692307692307693,0.05263157894736842,0.05128205128205128,0.0,0.07142857142857142,0.10344827586206896,0.09090909090909091,0.09302325581395349,0.08695652173913043,0.08163265306122448
Bushwick,Brooklyn,neighborhood,0.07692307692307693,0.0,0.3,0.0784313725490196,0.075,0.0,0.047619047619047616,0.0,0.043478260869565216,0.21052631578947367,0.0,0.0,0.02702702702702703,0.0,0.02564102564102564,0.05,0.037037037037037035,0.06818181818181818,0.07142857142857142,0.06666666666666667,0.08,0.07407407407407407,0.13157894736842105,0.1,0.2,0.12,0.078125,0.11842105263157894,0.2,0.16666666666666666,0.09259259259259259,0.046511627906976744,0.05333333333333334,0.15625,0.08928571428571429,0.08771929824561403,0.14473684210526316,0.3333333333333333,0.10679611650485436,0.13829787234042554,0.08080808080808081,0.10655737704918032,0.07333333333333333,0.11538461538461539,0.1693121693121693,0.16535433070866143,0.12363636363636364,0.16356877323420074,0.2127659574468085,0.15822784810126583,0.11944444444444445,0.12740384615384615,0.14519427402862986,0.13296903460837886,0.10675039246467818,0.1189710610932476,0.1506849315068493,0.18562874251497005,0.14960629921259844,0.1257606490872211,0.13822525597269625,0.13486842105263158,0.12405446293494705,0.07759699624530664,0.10067873303167421,0.13398692810457516,0.10723350253807107,0.11586570111915734,0.09116022099447514,0.14831981460023175,0.16739446870451238,0.11147011308562198,0.14497528830313014,0.1572052401746725,0.17724867724867724,0.1829121540312876,0.1697952218430034,0.20463320463320464,0.1986013986013986,0.21813403416557162,0.23766816143497757,0.19210053859964094,0.23980582524271846,0.1951219512195122,0.22567703109327983,0.2309278350515464,0.23563696919233973,0.19705197827773469,0.18768679019725046,0.20468978993649242,0.16521317829457363,0.23134839151266257,0.2516703786191537,0.2523285351397121,0.23083333333333333,0.18548387096774194,0.20334507042253522,0.1918081918081918,0.15859030837004406,0.161106590724166,0.16392479435957696,0.17893145161290322,0.14310123878684322,0.1769714920399852,0.15678776290630975,0.1782573940847322,0.14185567010309277,0.12363330529857022,0.12093411175979983,0.1361097003555104,0.15468036529680365,0.14087301587301587,0.14837976122797045,0.15120274914089346,0.15217391304347827,0.15934684684684686,0.1917320028510335,0.1550946798917944,0.18552036199095023,0.14721485411140584,0.1423570595099183,0.13662456946039037,0.12081339712918661,0.16230366492146597,0.2645569620253165,0.23552806009721608,0.27149321266968324,0.26652452025586354,0.2187215995152984,0.21649843369300384,0.1832365747460087,0.1911211437170805,0.12930402930402932,0.12348178137651822,0.13292061179898035,0.10659186535764376,0.11394829237152888,0.09746835443037975,0.0789564023343632,0.11019055509527755,0.08343949044585987,0.12032085561497326,0.10564399421128799,0.10674157303370786,0.11676396997497915,0.13989169675090252,0.11712328767123288,0.1,0.10088495575221239,0.12895752895752896,0.11764705882352941,0.18375774260151412,0.22866092404072044,0.21314237573715247,0.21844660194174756,0.19601990049751244,0.18045112781954886,0.20591039084842708,0.18956521739130436,0.1498612395929695,0.16643356643356644,0.18387293830177154,0.18583042973286876,0.20047590719809638,0.23385939741750358,0.2683658170914543,0.22852875280059745,0.16666666666666666,0.1975403535741737,0.175,0.1733238231098431,0.12555720653789004,0.1553205551883675,0.18998167379352474,0.1943529411764706,0.2278728606356968,0.22985915492957745,0.21196358907672302,0.21081081081081082,0.15468227424749165,0.15501263689974726,0.13119533527696792,0.14995715509854327,0.12967032967032968,0.17051842598376016,0.17270029673590503,0.1509543088490457,0.16853932584269662,0.18508474576271186,0.18998410174880764,0.18277511961722487,0.1397129186602871,0.10822060353798127,0.12828601472134596,0.14721254355400698,0.135678391959799,0.12005457025920874,0.16138328530259366,0.11869918699186992,0.15705350938151494
Cambria Heights,Queens,neighborhood,,,,,,,,,,,,,,,,,,,,,,,,,,,,,,,,,,,,,,,,,,,,,,,,,,,,,,,,,,,,,,,,0.0,,,,,,,,,0.0,0.0,,,0.0,0.0,0.0,0.0,0.0,0.0,0.0,0.0,0.0,,0.0,0.0,0.0,0.0,0.0,1.0,,1.0,1.0,0.0,0.0,0.0,0.0,,,,,,,,0.0,,1.0,0.0,0.0,0.0,0.0,,,,,,,0.0,,0.0,,,0.0,1.0,0.0,,,,,,,,0.0,0.0,0.0,,0.0,0.0,,0.0,0.0,0.0,,0.0,0.0,,,0.0,,0.0,0.5,1.0,0.0,0.5,1.0,0.0,0.0,,0.0,,,,,1.0,,,0.5,0.0,,,,0.0,1.0,,,,0.0,0.0,0.5,0.0,0.4,0.0,0.0,,,0.0,0.0,0.0,0.0,0.0,0.0,0.0,0.0,,0.0,0.3333333333333333,,
Canarsie,Brooklyn,neighborhood,0.0,0.25,0.0,0.0,,,,,,0.0,0.14285714285714285,0.0,0.0,0.0,0.0,0.0,0.09090909090909091,0.09090909090909091,0.0,0.1,0.0,0.0,0.0,0.0,0.0,0.0,0.0,0.0,0.6666666666666666,0.5,0.0,0.0,0.25,0.0,0.0,0.0,0.125,0.0,0.0,0.0,0.5,0.0,0.1,0.2222222222222222,0.25,0.0,0.0,0.0,0.0,0.0,0.0,0.1111111111111111,0.1,0.18181818181818182,0.11764705882352941,0.0,0.0,0.0625,0.06666666666666667,0.0,0.0,0.0,0.0,0.05263157894736842,0.047619047619047616,0.0,0.0,0.0,0.0,0.04,0.041666666666666664,0.07692307692307693,0.15789473684210525,0.058823529411764705,0.15384615384615385,0.0,0.05555555555555555,0.0625,0.11764705882352941,0.058823529411764705,0.08,0.10714285714285714,0.09375,0.047619047619047616,0.043478260869565216,0.21739130434782608,0.03225806451612903,0.05,0.06451612903225806,0.16666666666666666,0.14705882352941177,0.2727272727272727,0.16,0.07407407407407407,0.06896551724137931,0.05555555555555555,0.06451612903225806,0.02857142857142857,0.07317073170731707,0.17142857142857143,0.10810810810810811,0.08823529411764706,0.13793103448275862,0.08888888888888889,0.05555555555555555,0.1875,0.09090909090909091,0.14285714285714285,0.030303030303030304,0.11904761904761904,0.05263157894736842,0.08695652173913043,0.0967741935483871,0.16666666666666666,0.08823529411764706,0.07142857142857142,0.09375,0.13333333333333333,0.0,0.12,0.13157894736842105,0.09375,0.10526315789473684,0.09090909090909091,0.0,0.35714285714285715,0.09523809523809523,0.1,0.13793103448275862,0.1,0.17391304347826086,0.1111111111111111,0.2,0.28,0.17391304347826086,0.13043478260869565,0.037037037037037035,0.08333333333333333,0.24242424242424243,0.13793103448275862,0.14285714285714285,0.02702702702702703,0.05714285714285714,0.05714285714285714,0.10256410256410256,0.02564102564102564,0.15789473684210525,0.057692307692307696,0.0784313725490196,0.16129032258064516,0.1875,0.13043478260869565,0.20408163265306123,0.04878048780487805,0.10344827586206896,0.06521739130434782,0.05263157894736842,0.07142857142857142,0.12244897959183673,0.10526315789473684,0.046511627906976744,0.19230769230769232,0.09090909090909091,0.11904761904761904,0.1,0.05128205128205128,0.17142857142857143,0.24242424242424243,0.10810810810810811,0.16071428571428573,0.061224489795918366,0.18181818181818182,0.12121212121212122,0.2608695652173913,0.17391304347826086,0.13636363636363635,0.14285714285714285,0.08108108108108109,0.06976744186046512,0.17857142857142858,0.075,0.07407407407407407,0.06,0.07692307692307693,0.03125,0.06896551724137931,0.2727272727272727,0.17857142857142858,0.2608695652173913,0.07142857142857142,0.1724137931034483,0.04,0.08695652173913043,0.06666666666666667,0.0,0.07692307692307693,0.038461538461538464,0.08,0.19444444444444445,0.10638297872340426
Carroll Gardens,Brooklyn,neighborhood,0.06493506493506493,0.17567567567567569,0.15873015873015872,0.22807017543859648,0.10344827586206896,0.27450980392156865,0.18604651162790697,0.1388888888888889,0.25,0.1111111111111111,0.027777777777777776,0.10344827586206896,0.14705882352941177,0.034482758620689655,0.09375,0.08571428571428572,0.08928571428571429,0.11320754716981132,0.125,0.14285714285714285,0.09090909090909091,0.10256410256410256,0.15151515151515152,0.025,0.20408163265306123,0.20930232558139536,0.2,0.15517241379310345,0.30985915492957744,0.18181818181818182,0.17142857142857143,0.1,0.11538461538461539,0.27419354838709675,0.07017543859649122,0.16326530612244897,0.0851063829787234,0.15384615384615385,0.08108108108108109,0.13636363636363635,0.25,0.18292682926829268,0.13186813186813187,0.20588235294117646,0.29411764705882354,0.17567567567567569,0.14864864864864866,0.09333333333333334,0.2692307692307692,0.17757009345794392,0.12,0.13114754098360656,0.10687022900763359,0.1144578313253012,0.13580246913580246,0.1956521739130435,0.20392156862745098,0.2767857142857143,0.14857142857142858,0.1452513966480447,0.14594594594594595,0.1457286432160804,0.13333333333333333,0.13761467889908258,0.1641025641025641,0.19487179487179487,0.1608695652173913,0.21428571428571427,0.26804123711340205,0.19444444444444445,0.2033898305084746,0.15757575757575756,0.12345679012345678,0.12209302325581395,0.24083769633507854,0.14754098360655737,0.24864864864864866,0.16393442622950818,0.24087591240875914,0.2178988326848249,0.2594142259414226,0.32882882882882886,0.24074074074074073,0.15591397849462366,0.203125,0.14795918367346939,0.20588235294117646,0.19747899159663865,0.20819112627986347,0.2724358974358974,0.17894736842105263,0.24074074074074073,0.2275132275132275,0.22270742358078602,0.30857142857142855,0.1610738255033557,0.2,0.2535885167464115,0.16113744075829384,0.16216216216216217,0.13656387665198239,0.16666666666666666,0.13675213675213677,0.17391304347826086,0.20430107526881722,0.21787709497206703,0.20930232558139536,0.14423076923076922,0.12837837837837837,0.15950920245398773,0.12280701754385964,0.17197452229299362,0.125,0.10382513661202186,0.1693121693121693,0.17647058823529413,0.11920529801324503,0.20149253731343283,0.18253968253968253,0.1346153846153846,0.19148936170212766,0.16326530612244897,0.12149532710280374,0.10638297872340426,0.19047619047619047,0.21774193548387097,0.2540106951871658,0.2882882882882883,0.30861244019138756,0.33962264150943394,0.23595505617977527,0.2159468438538206,0.20677966101694914,0.19607843137254902,0.15637860082304528,0.18777292576419213,0.0891089108910891,0.11518324607329843,0.10365853658536585,0.059602649006622516,0.07563025210084033,0.07317073170731707,0.1044776119402985,0.1076923076923077,0.16176470588235295,0.058823529411764705,0.11267605633802817,0.13095238095238096,0.06666666666666667,0.13445378151260504,0.1651376146788991,0.16666666666666666,0.22916666666666666,0.26666666666666666,0.2621359223300971,0.1951219512195122,0.07142857142857142,0.16666666666666666,0.16521739130434782,0.10377358490566038,0.13725490196078433,0.17482517482517482,0.2589928057553957,0.1450381679389313,0.25984251968503935,0.2698412698412698,0.2,0.09302325581395349,0.11428571428571428,0.11,0.12121212121212122,0.08849557522123894,0.13114754098360656,0.26573426573426573,0.18620689655172415,0.19875776397515527,0.22297297297297297,0.19083969465648856,0.2403846153846154,0.21176470588235294,0.07476635514018691,0.030612244897959183,0.15217391304347827,0.13934426229508196,0.1079136690647482,0.08695652173913043,0.16379310344827586,0.136,0.21705426356589147,0.21428571428571427,0.1875,0.06741573033707865,0.15730337078651685,0.19540229885057472,0.1111111111111111,0.10256410256410256,0.14473684210526316,0.14507772020725387,0.10067114093959731,0.18493150684931506
Castle Hill,Bronx,neighborhood,,,,,,,,,0.0,0.0,0.0,,,,,,0.0,0.0,0.0,,,,,,0.0,0.0,0.0,,,,,0.0,0.3333333333333333,0.0,0.0,0.0,,0.0,1.0,0.0,,,,,,,,,,,,,,,0.0,0.0,,,0.0,0.0,0.15,0.0,0.25,0.3333333333333333,0.0,0.0,0.0,0.25,0.0,0.07692307692307693,0.0,0.1111111111111111,0.13333333333333333,0.3333333333333333,0.2,0.0,0.0,0.0,0.0,0.0,0.02,0.03571428571428571,0.046511627906976744,0.023255813953488372,0.03225806451612903,0.043478260869565216,0.0,0.0,0.0,0.0,0.0,0.2,0.0,0.045454545454545456,0.0,0.0,0.0,0.0,0.1111111111111111,0.25,0.0,0.08333333333333333,0.09090909090909091,0.041666666666666664,0.043478260869565216,0.0,0.0,0.0,0.0,0.0,0.0625,0.07142857142857142,0.0,0.0,0.0,0.0,0.0,1.0,1.0,0.0,1.0,0.3333333333333333,0.3333333333333333,,0.0,0.0,0.4,0.0,0.5,0.0,0.0,0.0,0.0,0.0,0.0,0.0,0.0,0.0,0.0,0.3333333333333333,0.0,0.0,0.16666666666666666,0.0,0.1,0.0,0.5,0.0,0.0,0.0,0.0,0.0,0.125,0.0,0.0,0.0,0.2,0.0,0.0,0.0,0.5,0.0,0.3333333333333333,0.0,,0.0,0.0,0.0,0.0,0.0,0.5,0.3333333333333333,0.0,0.0,0.0,0.2,0.0,0.0,0.0,0.0,0.0,0.0,0.0,0.0,,0.0,0.5,,0.0,0.0,0.0,0.0,0.0,0.0,0.0,,0.0,0.2,0.0,0.0
Central Harlem,Manhattan,neighborhood,0.10739856801909307,0.10621761658031088,0.11411411411411411,0.08143322475570032,0.09352517985611511,0.115625,0.07666666666666666,0.08609271523178808,0.10931174089068826,0.18382352941176472,0.10317460317460317,0.09649122807017543,0.09166666666666666,0.1111111111111111,0.13793103448275862,0.09177215189873418,0.10610932475884244,0.10238907849829351,0.08333333333333333,0.1232876712328767,0.12171052631578948,0.1716171617161716,0.11805555555555555,0.11194029850746269,0.11143695014662756,0.10324483775811209,0.11944444444444445,0.08959537572254335,0.1053864168618267,0.1010989010989011,0.11040339702760085,0.12133891213389121,0.1445221445221445,0.1598360655737705,0.09978308026030369,0.065439672801636,0.11693548387096774,0.11561866125760649,0.1373873873873874,0.12255772646536411,0.11755725190839694,0.1204644412191582,0.061224489795918366,0.11009174311926606,0.10978043912175649,0.1835016835016835,0.1879310344827586,0.1037567084078712,0.12420382165605096,0.09830508474576272,0.09134615384615384,0.08598726114649681,0.1361760660247593,0.13590844062947066,0.14955640050697086,0.13959085439229843,0.16891891891891891,0.16379310344827586,0.17681159420289855,0.11337209302325581,0.10911602209944751,0.11481975967957277,0.14195183776932827,0.10025380710659898,0.12325285895806862,0.11098527746319366,0.14036996735582155,0.1338862559241706,0.12915129151291513,0.1276864728192162,0.16523867809057527,0.11855670103092783,0.09447852760736196,0.10297766749379653,0.1027479091995221,0.11003627569528417,0.12753036437246965,0.1494149414941494,0.12096774193548387,0.16234887737478412,0.1622889305816135,0.15768854064642507,0.15738963531669867,0.11546840958605664,0.16106014271151886,0.13725490196078433,0.13135985198889916,0.14512922465208747,0.1482456140350877,0.14026792750197006,0.12942122186495178,0.1920838183934808,0.20109439124487005,0.20619946091644206,0.22857142857142856,0.12436115843270869,0.16972477064220184,0.13843888070692195,0.1326949384404925,0.13997477931904162,0.12745098039215685,0.119960668633235,0.15856031128404668,0.16432865731462926,0.19503945885005636,0.20368364030335862,0.147024504084014,0.12368421052631579,0.14150943396226415,0.14473684210526316,0.10698198198198199,0.1160337552742616,0.10644831115660185,0.12600806451612903,0.1028225806451613,0.1334841628959276,0.19321148825065274,0.18741058655221746,0.15165876777251186,0.13148148148148148,0.12480499219968799,0.1218274111675127,0.12754158964879853,0.12832929782082325,0.17914438502673796,0.16415261756876665,0.28669410150891633,0.2886416861826698,0.2582981291490646,0.2647058823529412,0.1988472622478386,0.14296351451973194,0.11135371179039301,0.12980769230769232,0.12854889589905363,0.10935023771790808,0.09811616954474098,0.09448818897637795,0.09975470155355683,0.12869565217391304,0.10733844468784227,0.148859543817527,0.1418732782369146,0.09644670050761421,0.08605851979345955,0.10666666666666667,0.10144927536231885,0.07473309608540925,0.07528641571194762,0.09417040358744394,0.1036745406824147,0.13478818998716302,0.19008264462809918,0.18904109589041096,0.1567489114658926,0.11018363939899833,0.11428571428571428,0.1301989150090416,0.12372634643377002,0.08463949843260188,0.09350649350649351,0.11275167785234899,0.14324324324324325,0.1902497027348395,0.18193717277486912,0.15695600475624258,0.149616368286445,0.11641791044776119,0.08652482269503546,0.09388335704125178,0.12804878048780488,0.07746478873239436,0.10513739545997611,0.12064965197215777,0.13945578231292516,0.17136150234741784,0.19794344473007713,0.15598885793871867,0.17592592592592593,0.13953488372093023,0.09379968203497616,0.07130434782608695,0.10365853658536585,0.09969788519637462,0.09056603773584905,0.08717948717948718,0.11015911872705018,0.19768934531450577,0.20389805097451275,0.17899408284023668,0.12612612612612611,0.09747899159663866,0.08848080133555926,0.0824561403508772,0.08868501529051988,0.08227848101265822,0.08948863636363637,0.07519788918205805,0.10799438990182328,0.12537764350453173
Central Park South,Manhattan,neighborhood,0.07079646017699115,0.06930693069306931,0.07207207207207207,0.07142857142857142,0.10869565217391304,0.1308411214953271,0.09375,0.05434782608695652,0.07246376811594203,0.09333333333333334,0.14492753623188406,0.0410958904109589,0.09090909090909091,0.13043478260869565,0.09090909090909091,0.06756756756756757,0.08108108108108109,0.1111111111111111,0.10606060606060606,0.1891891891891892,0.1728395061728395,0.07228915662650602,0.11688311688311688,0.05063291139240506,0.15384615384615385,0.1276595744680851,0.12962962962962962,0.13333333333333333,0.08860759493670886,0.0967741935483871,0.09782608695652174,0.10309278350515463,0.14102564102564102,0.18604651162790697,0.1326530612244898,0.041237113402061855,0.15,0.12631578947368421,0.11009174311926606,0.12121212121212122,0.22448979591836735,0.13861386138613863,0.04201680672268908,0.18627450980392157,0.13592233009708737,0.2,0.07476635514018691,0.11,0.20212765957446807,0.047619047619047616,0.08045977011494253,0.11458333333333333,0.15384615384615385,0.14285714285714285,0.13793103448275862,0.05405405405405406,0.16037735849056603,0.12280701754385964,0.07291666666666667,0.07692307692307693,0.11450381679389313,0.10743801652892562,0.11711711711711711,0.13274336283185842,0.12871287128712872,0.08571428571428572,0.06896551724137931,0.09259259259259259,0.16822429906542055,0.1452991452991453,0.11504424778761062,0.06930693069306931,0.16,0.1415929203539823,0.14285714285714285,0.12727272727272726,0.16101694915254236,0.21238938053097345,0.20408163265306123,0.20202020202020202,0.12903225806451613,0.22857142857142856,0.125,0.045454545454545456,0.19469026548672566,0.18518518518518517,0.19834710743801653,0.1623931623931624,0.13636363636363635,0.15126050420168066,0.1320754716981132,0.1095890410958904,0.18072289156626506,0.1782178217821782,0.06666666666666667,0.10126582278481013,0.1125,0.14473684210526316,0.13095238095238096,0.16,0.07228915662650602,0.13043478260869565,0.08571428571428572,0.11842105263157894,0.11594202898550725,0.04,0.17391304347826086,0.045454545454545456,0.21875,0.07352941176470588,0.14084507042253522,0.09210526315789473,0.07692307692307693,0.15384615384615385,0.11702127659574468,0.08536585365853659,0.08641975308641975,0.14666666666666667,0.1038961038961039,0.07142857142857142,0.12790697674418605,0.08045977011494253,0.11688311688311688,0.017241379310344827,0.05333333333333334,0.16129032258064516,0.36,0.2727272727272727,0.25,0.2605042016806723,0.168141592920354,0.07964601769911504,0.13559322033898305,0.08620689655172414,0.064,0.05426356589147287,0.031746031746031744,0.03773584905660377,0.09090909090909091,0.04054054054054054,0.06557377049180328,0.0625,0.045454545454545456,0.058823529411764705,0.19444444444444445,0.09302325581395349,0.02564102564102564,0.06521739130434782,0.06818181818181818,0.09433962264150944,0.2,0.16,0.08771929824561403,0.16393442622950818,0.26229508196721313,0.11475409836065574,0.08955223880597014,0.16417910447761194,0.1,0.17142857142857143,0.14925373134328357,0.1,0.19117647058823528,0.16129032258064516,0.06060606060606061,0.24242424242424243,0.22580645161290322,0.04838709677419355,0.15625,0.13333333333333333,0.11864406779661017,0.08771929824561403,0.10869565217391304,0.125,0.15789473684210525,0.12,0.1,0.02631578947368421,0.1,0.04878048780487805,0.018518518518518517,0.061224489795918366,0.10416666666666667,0.0851063829787234,0.16666666666666666,0.06,0.15217391304347827,0.0851063829787234,0.16326530612244897,0.2222222222222222,0.12,0.03773584905660377,0.06896551724137931,0.07272727272727272,0.1,0.061224489795918366,0.037037037037037035,0.09090909090909091,0.1206896551724138,0.12244897959183673
Chelsea,Manhattan,neighborhood,0.11292962356792144,0.10752688172043011,0.19282511210762332,0.11585365853658537,0.13095238095238096,0.10684474123539232,0.09693053311793215,0.07815275310834814,0.11853448275862069,0.10505050505050505,0.1480637813211845,0.08418367346938775,0.09601873536299765,0.11990407673860912,0.10828025477707007,0.09443099273607748,0.1076923076923077,0.08096280087527352,0.12554112554112554,0.08237547892720307,0.11368421052631579,0.15053763440860216,0.1728110599078341,0.0967741935483871,0.13425925925925927,0.12910798122065728,0.11895161290322581,0.12570356472795496,0.12416107382550336,0.14375,0.14192495921696574,0.14157706093189965,0.13766730401529637,0.17303822937625754,0.1284796573875803,0.13987473903966596,0.19148936170212766,0.15641476274165203,0.175561797752809,0.15506715506715507,0.13487738419618528,0.12781954887218044,0.13362701908957417,0.15045592705167174,0.19815668202764977,0.2628398791540785,0.21510673234811165,0.23283582089552238,0.24217687074829933,0.213986013986014,0.19125,0.16199756394640683,0.1606714628297362,0.1761297798377752,0.21536796536796537,0.20251716247139587,0.2690951821386604,0.2541176470588235,0.25925925925925924,0.19544364508393286,0.21354764638346727,0.22829964328180738,0.16741573033707866,0.1771058315334773,0.14044350580781415,0.17220543806646527,0.21673387096774194,0.20693391115926327,0.23815028901734103,0.27048260381593714,0.29498164014687883,0.2811704834605598,0.2630922693266833,0.254416961130742,0.2281449893390192,0.23337091319052988,0.21364653243847875,0.2459839357429719,0.3010948905109489,0.29035166816952207,0.3073263558515699,0.3246492985971944,0.3097713097713098,0.2595419847328244,0.2781065088757396,0.2595959595959596,0.22296015180265655,0.24824120603015076,0.25333333333333335,0.26359832635983266,0.28181041844577287,0.29766536964980544,0.3118172790466733,0.3458333333333333,0.3241455347298787,0.2629674306393245,0.2773972602739726,0.2644110275689223,0.22479721900347624,0.20509977827050999,0.2097107438016529,0.22475247524752476,0.24198250728862974,0.23649337410805302,0.2683544303797468,0.2659974905897114,0.2395543175487465,0.27980132450331124,0.25396825396825395,0.2913719943422914,0.23886138613861385,0.21334792122538293,0.19038461538461537,0.24045801526717558,0.255663430420712,0.26121076233183854,0.2788586251621271,0.28269484808454426,0.28463855421686746,0.21677215189873417,0.2503419972640219,0.17559523809523808,0.2677165354330709,0.2303120356612184,0.3545706371191136,0.31502525252525254,0.4049875311720698,0.39564007421150277,0.3985781990521327,0.31303472571716157,0.30714285714285716,0.2173374613003096,0.18877551020408162,0.18413597733711048,0.1388101983002833,0.12064777327935222,0.11634615384615385,0.09699769053117784,0.10843373493975904,0.16363636363636364,0.17518248175182483,0.220873786407767,0.24489795918367346,0.28792569659442724,0.25735294117647056,0.24242424242424243,0.2271880819366853,0.16206261510128914,0.18691588785046728,0.1747159090909091,0.20684736091298145,0.23184357541899442,0.3124087591240876,0.3590551181102362,0.30203442879499215,0.2584070796460177,0.2694136291600634,0.24803767660910517,0.23328785811732605,0.15025252525252525,0.18551042810098792,0.2658772874058127,0.26171079429735233,0.28279569892473116,0.2982456140350877,0.3492462311557789,0.32147742818057456,0.23263327948303716,0.21757925072046108,0.19145802650957292,0.1910919540229885,0.16981132075471697,0.1662870159453303,0.1926006528835691,0.22408376963350785,0.20842824601366744,0.23645970937912814,0.2917251051893408,0.25476603119584057,0.22965641952983726,0.2,0.18299445471349354,0.18361153262518967,0.15656565656565657,0.19079685746352412,0.17848970251716248,0.22614107883817428,0.2852112676056338,0.22137404580152673,0.21544715447154472,0.23696682464454977,0.21308724832214765,0.2610759493670886,0.18896321070234115,0.19747899159663865,0.18206521739130435,0.182175622542595,0.17562724014336917,0.1923536439665472,0.2013157894736842
Chinatown,Manhattan,neighborhood,0.0,0.058823529411764705,0.3125,0.0625,0.19047619047619047,0.2,0.03333333333333333,0.19230769230769232,0.08333333333333333,0.375,0.11904761904761904,0.027777777777777776,0.17073170731707318,0.15625,0.10344827586206896,0.07142857142857142,0.037037037037037035,0.038461538461538464,0.2857142857142857,0.03333333333333333,0.09523809523809523,0.2222222222222222,0.0,0.1111111111111111,0.23529411764705882,0.14285714285714285,0.17857142857142858,0.16666666666666666,0.05128205128205128,0.1794871794871795,0.175,0.1935483870967742,0.043478260869565216,0.16,0.25,0.30303030303030304,0.1,0.3,0.1951219512195122,0.05128205128205128,0.2682926829268293,0.14893617021276595,0.18181818181818182,0.05555555555555555,0.07407407407407407,0.02564102564102564,0.2,0.02127659574468085,0.12244897959183673,0.16279069767441862,0.19642857142857142,0.023255813953488372,0.07142857142857142,0.16363636363636364,0.15942028985507245,0.2777777777777778,0.25396825396825395,0.3333333333333333,0.2830188679245283,0.08333333333333333,0.12857142857142856,0.09836065573770492,0.22058823529411764,0.10714285714285714,0.21052631578947367,0.31746031746031744,0.18072289156626506,0.12345679012345678,0.24,0.10526315789473684,0.14545454545454545,0.07317073170731707,0.22727272727272727,0.13636363636363635,0.10526315789473684,0.136986301369863,0.19047619047619047,0.1095890410958904,0.17333333333333334,0.20430107526881722,0.23076923076923078,0.16666666666666666,0.2833333333333333,0.1,0.13043478260869565,0.0963855421686747,0.11926605504587157,0.14563106796116504,0.2815533980582524,0.16842105263157894,0.12048192771084337,0.20224719101123595,0.19736842105263158,0.22972972972972974,0.2631578947368421,0.15384615384615385,0.31746031746031744,0.208955223880597,0.208955223880597,0.15,0.09876543209876543,0.0967741935483871,0.06666666666666667,0.2236842105263158,0.25,0.2878787878787879,0.21052631578947367,0.19642857142857142,0.28125,0.175,0.18518518518518517,0.11235955056179775,0.10891089108910891,0.20238095238095238,0.12612612612612611,0.14942528735632185,0.10526315789473684,0.12307692307692308,0.15873015873015872,0.08695652173913043,0.10638297872340426,0.1016949152542373,0.18518518518518517,0.2727272727272727,0.3384615384615385,0.23478260869565218,0.29878048780487804,0.27884615384615385,0.3333333333333333,0.2981651376146789,0.32065217391304346,0.18666666666666668,0.16417910447761194,0.15671641791044777,0.18840579710144928,0.10344827586206896,0.07017543859649122,0.08547008547008547,0.06363636363636363,0.07142857142857142,0.06349206349206349,0.12244897959183673,0.037037037037037035,0.10869565217391304,0.16666666666666666,0.17073170731707318,0.175,0.07547169811320754,0.08333333333333333,0.0851063829787234,0.10204081632653061,0.25,0.2702702702702703,0.2692307692307692,0.2,0.07142857142857142,0.15384615384615385,0.1,0.25,0.16129032258064516,0.10606060606060606,0.1728395061728395,0.24285714285714285,0.09876543209876543,0.2608695652173913,0.2537313432835821,0.1935483870967742,0.13636363636363635,0.16279069767441862,0.047619047619047616,0.2222222222222222,0.1320754716981132,0.14285714285714285,0.16923076923076924,0.21794871794871795,0.2676056338028169,0.3013698630136986,0.1875,0.2222222222222222,0.12121212121212122,0.18032786885245902,0.13157894736842105,0.06818181818181818,0.15517241379310345,0.14754098360655737,0.16071428571428573,0.19642857142857142,0.1864406779661017,0.24390243902439024,0.2777777777777778,0.17777777777777778,0.03225806451612903,0.16666666666666666,0.13636363636363635,0.1388888888888889,0.0975609756097561,0.0975609756097561,0.1509433962264151,0.1836734693877551,0.15384615384615385
City Island,Bronx,neighborhood,,,,,,,,,,,,,,,,,,,,,,,,,,,,,,,,,0.0,0.0,0.0,0.0,0.0,0.0,0.0,0.0,0.0,,,0.0,1.0,,,,,0.0,0.0,0.0,,,,0.0,0.0,0.0,0.0,0.0,0.0,0.0,0.0,0.0,1.0,,,,,0.0,0.0,1.0,0.3333333333333333,0.0,0.0,0.5,0.0,0.0,1.0,0.0,,0.0,0.0,0.0,0.0,0.0,0.0,0.0,0.0,0.0,0.0,0.0,,,,,,0.0,0.0,,,,0.0,0.0,0.0,0.0,0.0,0.5,0.3333333333333333,0.0,0.0,0.0,0.0,1.0,0.3333333333333333,0.0,,0.0,,0.0,0.0,0.0,0.0,0.0,,0.0,1.0,,0.0,0.0,,,,,,,,,,,0.0,0.0,0.0,0.0,,0.0,0.0,0.0,,,,,,,0.0,0.3333333333333333,,,,0.0,0.0,0.0,0.0,0.0,0.0,0.0,0.0,0.0,0.0,0.5,0.0,,,,,0.0,0.0,0.0,0.0,0.0,0.0,0.0,,0.0,0.0,0.0,,0.0,0.0,0.0,0.0,0.0,0.0,0.0,0.0,0.0,0.0,0.0,0.0,0.0
Civic Center,Manhattan,neighborhood,,,,,0.0,0.0,0.0,1.0,0.0,,,0.0,0.0,0.0,0.0,0.0,0.0,0.0,0.0,,,,,,,,0.0,0.5,0.5,0.0,0.0,0.0,0.0,0.0,,,,,,,0.0,0.0,0.0,1.0,1.0,0.0,1.0,0.0,0.5,0.5,0.0,0.0,0.0,0.0,,,,0.0,0.0,0.0,0.0,0.0,,,,,0.0,0.0,0.0,,,,,,,,,,0.0,0.0,1.0,0.0,0.0,0.0,0.0,,,,0.0,0.0,0.0,0.0,0.0,0.0,0.0,0.0,0.0,0.0,0.0,0.0,0.0,,,,,,,,,,,0.0,0.0,0.0,,0.0,1.0,0.0,0.0,0.0,0.0,0.0,,,,0.0,0.0,0.0,1.0,0.0,0.0,,,,,,,,0.0,,,0.0,0.0,,,,,,,,,,0.0,0.0,,,0.0,,0.0,,,,,,,1.0,0.0,0.0,,,,,,,,,,,,,,0.0,0.0,,,,,,,,,,,,,,,,0.0,0.0
Clearview,Queens,neighborhood,0.0,0.25,0.0,0.0,0.0,0.0,0.0,0.0,0.0,0.0,0.0,0.0,0.0,0.0,0.5,0.0,0.0,0.0,0.0,0.0,0.0,0.0,0.0,0.0,0.0,,,0.0,0.0,,,,,,,,,,,,0.0,,,,0.0,0.0,1.0,1.0,,,0.0,0.0,0.0,0.0,0.0,0.0,0.0,0.0,0.0,0.0,0.0,0.0,0.0,,0.0,0.0,0.0,0.0,,,,,0.0,0.5,0.0,,0.0,0.0,0.3333333333333333,0.0,0.0,0.0,0.3333333333333333,1.0,0.5,0.0,0.0,0.0,0.0,0.14285714285714285,0.2857142857142857,,0.0,0.5,0.0,0.0,0.0,0.0,0.0,,,,1.0,1.0,0.0,,1.0,0.0,0.0,0.2,0.2,0.1111111111111111,0.0,0.0,0.0,0.5,0.375,0.0,0.3333333333333333,0.0,0.0,0.0,0.0,0.25,0.42857142857142855,0.3,0.2222222222222222,0.5,0.2222222222222222,0.14285714285714285,0.2727272727272727,0.16666666666666666,0.0,0.0,0.0,,,0.0,,,0.0,0.0,0.75,0.25,0.25,0.0,0.3333333333333333,0.0,0.5,0.0,0.6666666666666666,0.3333333333333333,0.2,0.375,0.16666666666666666,0.25,0.25,0.6666666666666666,0.0,0.0,0.14285714285714285,0.4,0.25,0.0,0.25,0.6666666666666666,1.0,0.0,0.0,0.0,0.0,0.0,0.5,0.5,0.3333333333333333,0.2,0.4444444444444444,0.6,0.3333333333333333,0.0,0.25,0.0,0.0,0.0,0.4444444444444444,0.2222222222222222,0.5,0.0,0.0,0.5,0.6666666666666666,0.0,,,,,0.0,0.0,0.0,
Clinton Hill,Brooklyn,neighborhood,0.1206896551724138,0.0625,0.13636363636363635,0.09195402298850575,0.14666666666666667,0.10606060606060606,0.15151515151515152,0.06976744186046512,0.13953488372093023,0.1,0.03875968992248062,0.060810810810810814,0.06382978723404255,0.03937007874015748,0.06349206349206349,0.08064516129032258,0.06206896551724138,0.07092198581560284,0.03355704697986577,0.16666666666666666,0.0851063829787234,0.09302325581395349,0.09433962264150944,0.12380952380952381,0.19047619047619047,0.10256410256410256,0.06578947368421052,0.12087912087912088,0.06382978723404255,0.0945945945945946,0.07142857142857142,0.13768115942028986,0.09848484848484848,0.2079207920792079,0.07446808510638298,0.08695652173913043,0.17777777777777778,0.09433962264150944,0.08870967741935484,0.11764705882352941,0.08163265306122448,0.18055555555555555,0.10625,0.14027149321266968,0.11940298507462686,0.19130434782608696,0.1642512077294686,0.09090909090909091,0.15934065934065933,0.12568306010928962,0.21875,0.08823529411764706,0.0881057268722467,0.11594202898550725,0.14917127071823205,0.12290502793296089,0.24074074074074073,0.23391812865497075,0.15359477124183007,0.11676646706586827,0.1282051282051282,0.11254019292604502,0.08417508417508418,0.05818181818181818,0.10954063604240283,0.13612565445026178,0.12234042553191489,0.1259259259259259,0.10723860589812333,0.13015873015873017,0.14285714285714285,0.1259259259259259,0.1382636655948553,0.13857677902621723,0.1422924901185771,0.1596958174904943,0.13310580204778158,0.1901840490797546,0.16666666666666666,0.2073490813648294,0.23100303951367782,0.22875816993464052,0.23184357541899442,0.16759776536312848,0.15422885572139303,0.18157894736842106,0.21518987341772153,0.14960629921259844,0.1435523114355231,0.14352941176470588,0.16818181818181818,0.18256130790190736,0.20316622691292877,0.25333333333333335,0.20359281437125748,0.13636363636363635,0.17666666666666667,0.18815331010452963,0.14144736842105263,0.13846153846153847,0.14328358208955225,0.187683284457478,0.10899182561307902,0.12686567164179105,0.20066889632107024,0.22615803814713897,0.16569767441860464,0.14779874213836477,0.13793103448275862,0.11944444444444445,0.16363636363636364,0.11314984709480122,0.08857142857142856,0.09329446064139942,0.10810810810810811,0.1488095238095238,0.1696113074204947,0.2,0.1485148514851485,0.15625,0.11475409836065574,0.14619883040935672,0.17415730337078653,0.1676300578034682,0.22591362126245848,0.2290249433106576,0.22552447552447552,0.3177710843373494,0.30014430014430016,0.2939189189189189,0.21333333333333335,0.18093385214007782,0.17248908296943233,0.16296296296296298,0.13365155131264916,0.14092140921409213,0.12064343163538874,0.08048780487804878,0.06432748538011696,0.08960573476702509,0.07006369426751592,0.031446540880503145,0.06542056074766354,0.07964601769911504,0.08620689655172414,0.06299212598425197,0.07534246575342465,0.08527131782945736,0.08,0.11055276381909548,0.18421052631578946,0.17557251908396945,0.2300469483568075,0.2555066079295154,0.19387755102040816,0.12037037037037036,0.21666666666666667,0.13135593220338984,0.12211221122112212,0.1213235294117647,0.1305732484076433,0.12751677852348994,0.17785234899328858,0.20245398773006135,0.19444444444444445,0.21904761904761905,0.2013888888888889,0.15019762845849802,0.1568627450980392,0.11162790697674418,0.08482142857142858,0.10756972111553785,0.1705685618729097,0.1952662721893491,0.16111111111111112,0.19287833827893175,0.2247557003257329,0.19281045751633988,0.21161825726141079,0.16666666666666666,0.11981566820276497,0.1141552511415525,0.1282051282051282,0.08527131782945736,0.09411764705882353,0.15862068965517243,0.17894736842105263,0.17060367454068243,0.1585014409221902,0.2052980132450331,0.19747899159663865,0.07177033492822966,0.13736263736263737,0.13580246913580246,0.09782608695652174,0.08092485549132948,0.11392405063291139,0.13131313131313133,0.13071895424836602,0.13851351351351351
Co-op City,Bronx,neighborhood,,,,,,,,,,,,,,,,,,,,,,,,,,,,,,,,,,,1.0,0.0,0.0,0.0,,,,,,,,,0.0,0.0,0.0,0.0,,,,,,,,,,,,,,0.0,0.0,0.0,,,,,,,,,,,,,,,,,,,,,,,,,,,,,,,0.0,0.0,,,,,,,,,,,,,,,,,,,,,,,,,,,,,,,,,,,,,,,,,,,,0.0,1.0,0.0,0.0,0.0,,,,,,,,,0.0,0.0,0.0,,,,,,0.0,0.0,0.0,,,,,,,,,,,,,0.0,,,,,,0.0,1.0,,,,,,,,,,,,,,,
Cobble Hill,Brooklyn,neighborhood,0.1,0.07407407407407407,0.10344827586206896,0.16666666666666666,0.0625,0.175,0.05555555555555555,0.034482758620689655,0.2608695652173913,0.11538461538461539,0.05263157894736842,0.1,0.1111111111111111,0.08695652173913043,0.18181818181818182,0.16666666666666666,0.10344827586206896,0.13953488372093023,0.17777777777777778,0.125,0.15789473684210525,0.12903225806451613,0.21875,0.11538461538461539,0.17647058823529413,0.125,0.03125,0.1282051282051282,0.15217391304347827,0.07692307692307693,0.06976744186046512,0.2,0.09523809523809523,0.22857142857142856,0.09375,0.0625,0.08888888888888889,0.1935483870967742,0.15151515151515152,0.13725490196078433,0.10638297872340426,0.18867924528301888,0.09210526315789473,0.08974358974358974,0.29577464788732394,0.10606060606060606,0.14035087719298245,0.1896551724137931,0.13043478260869565,0.2328767123287671,0.265625,0.16417910447761194,0.23376623376623376,0.16304347826086957,0.18095238095238095,0.152,0.22695035460992907,0.1796875,0.2719298245614035,0.18421052631578946,0.14414414414414414,0.14423076923076922,0.21495327102803738,0.20588235294117646,0.03571428571428571,0.14285714285714285,0.2396694214876033,0.1893939393939394,0.17796610169491525,0.25,0.1592920353982301,0.1650485436893204,0.1875,0.18556701030927836,0.16,0.18803418803418803,0.18045112781954886,0.23357664233576642,0.16793893129770993,0.2,0.32,0.2682926829268293,0.27358490566037735,0.24107142857142858,0.2595419847328244,0.29133858267716534,0.23376623376623376,0.13071895424836602,0.20481927710843373,0.1728395061728395,0.20967741935483872,0.1619718309859155,0.2824427480916031,0.28346456692913385,0.3333333333333333,0.2696629213483146,0.2032520325203252,0.24193548387096775,0.2230769230769231,0.20279720279720279,0.16129032258064516,0.1643835616438356,0.20134228187919462,0.17037037037037037,0.19834710743801653,0.15454545454545454,0.18181818181818182,0.16326530612244897,0.13636363636363635,0.10112359550561797,0.15789473684210525,0.13934426229508196,0.11016949152542373,0.175,0.16666666666666666,0.1595744680851064,0.1,0.15730337078651685,0.13846153846153847,0.1388888888888889,0.1111111111111111,0.11764705882352941,0.11842105263157894,0.16666666666666666,0.1925925925925926,0.22274881516587677,0.2445414847161572,0.30952380952380953,0.3023255813953488,0.32971014492753625,0.27710843373493976,0.25268817204301075,0.1891891891891892,0.1366120218579235,0.16666666666666666,0.10982658959537572,0.11486486486486487,0.1048951048951049,0.0847457627118644,0.0759493670886076,0.029411764705882353,0.11320754716981132,0.12195121951219512,0.21212121212121213,0.07407407407407407,0.06818181818181818,0.15217391304347827,0.0392156862745098,0.06060606060606061,0.12087912087912088,0.15463917525773196,0.2553191489361702,0.21951219512195122,0.20689655172413793,0.20987654320987653,0.3090909090909091,0.18032786885245902,0.14035087719298245,0.2328767123287671,0.14634146341463414,0.16304347826086957,0.10909090909090909,0.1595744680851064,0.13541666666666666,0.21794871794871795,0.2463768115942029,0.21052631578947367,0.12962962962962962,0.15517241379310345,0.0847457627118644,0.06451612903225806,0.045454545454545456,0.07894736842105263,0.13432835820895522,0.13513513513513514,0.19387755102040816,0.15730337078651685,0.1643835616438356,0.2,0.1568627450980392,0.29411764705882354,0.08695652173913043,0.07246376811594203,0.08064516129032258,0.06756756756756757,0.1625,0.2159090909090909,0.1326530612244898,0.17567567567567569,0.16363636363636364,0.09302325581395349,0.09090909090909091,0.10526315789473684,0.07317073170731707,0.11475409836065574,0.05263157894736842,0.16901408450704225,0.15555555555555556,0.125,0.1095890410958904
College Point,Queens,neighborhood,0.0,0.0,0.0,0.0,,,,,,,,,,0.0,0.0,0.0,0.0,0.5,0.0,0.0,0.0,0.0,0.0,0.0,0.0,0.0,0.0,0.0,0.0,0.0,0.2,0.0,0.0,0.0,0.0,0.0,0.0,0.0,0.25,0.0,,,1.0,0.0,0.0,0.0,0.0,0.0,0.0,0.0,0.25,0.0,0.0,0.14285714285714285,0.0,0.0,0.0,0.0,0.0,0.0,0.5,,0.0,0.0,0.0,0.0,0.0,0.0,,0.0,0.2,0.0,0.0,0.0,0.4,0.0,0.14285714285714285,0.2222222222222222,0.0,0.1111111111111111,0.1111111111111111,0.0,0.0,0.09090909090909091,0.0,0.0,0.2,0.0,0.1111111111111111,0.041666666666666664,0.07142857142857142,0.2,0.42857142857142855,0.2222222222222222,0.4,1.0,0.0,0.2,0.125,0.18181818181818182,0.2222222222222222,0.2222222222222222,0.0,0.0,0.0,0.2222222222222222,0.2,0.4,0.1111111111111111,0.0,0.25,0.16666666666666666,0.0,0.125,0.125,0.2857142857142857,0.25,0.0,0.16666666666666666,0.0,0.16666666666666666,0.0,0.0,0.0,0.0,0.0,0.0,0.125,0.0,0.0,0.0,0.0,0.14285714285714285,0.0,0.4,0.2,0.25,0.14285714285714285,0.2,0.16666666666666666,0.14285714285714285,0.0,0.0,0.0,0.16666666666666666,0.1,0.0,0.1,0.1111111111111111,0.08333333333333333,0.1111111111111111,0.09090909090909091,0.05263157894736842,0.16666666666666666,0.08333333333333333,0.06666666666666667,0.1,0.15384615384615385,0.0,0.0,0.16666666666666666,0.0,0.2,0.25,0.1,0.2857142857142857,0.2,0.2,0.125,0.15384615384615385,0.0,0.13333333333333333,0.07692307692307693,0.125,0.0,0.2,0.2857142857142857,0.1111111111111111,0.21428571428571427,0.07692307692307693,0.06666666666666667,0.05263157894736842,0.07142857142857142,0.18181818181818182,0.08333333333333333,0.0,0.16666666666666666,0.2,0.0,0.2,0.0,0.2222222222222222,0.0,0.14285714285714285,0.2857142857142857,0.4444444444444444,0.09090909090909091,0.2,0.4,0.2222222222222222
Columbia St Waterfront District,Brooklyn,neighborhood,0.07692307692307693,0.1,0.1111111111111111,0.1111111111111111,0.0,0.13333333333333333,0.0,0.125,0.08333333333333333,0.1,0.08333333333333333,0.1,0.13333333333333333,0.0,0.03125,0.06666666666666667,0.08695652173913043,0.0,0.0,0.17647058823529413,0.2857142857142857,0.0625,0.3,0.2,0.05555555555555555,0.08333333333333333,0.05555555555555555,0.2,0.06666666666666667,0.13793103448275862,0.0,0.07407407407407407,0.14285714285714285,0.125,0.05,0.0,0.0,0.14285714285714285,0.1,0.20689655172413793,0.16666666666666666,0.25,0.2631578947368421,0.07894736842105263,0.23076923076923078,0.10526315789473684,0.06451612903225806,0.125,0.0975609756097561,0.20588235294117646,0.10869565217391304,0.23529411764705882,0.10810810810810811,0.13043478260869565,0.15789473684210525,0.21621621621621623,0.44,0.08,0.19444444444444445,0.2,0.14583333333333334,0.125,0.25,0.22641509433962265,0.04918032786885246,0.21739130434782608,0.3333333333333333,0.20588235294117646,0.21428571428571427,0.2653061224489796,0.2564102564102564,0.09090909090909091,0.06818181818181818,0.24074074074074073,0.1702127659574468,0.16129032258064516,0.3125,0.07462686567164178,0.18461538461538463,0.09722222222222222,0.28846153846153844,0.32075471698113206,0.3,0.17391304347826086,0.1896551724137931,0.2,0.06451612903225806,0.2,0.22950819672131148,0.24615384615384617,0.19402985074626866,0.1506849315068493,0.2087912087912088,0.22727272727272727,0.1276595744680851,0.1724137931034483,0.29411764705882354,0.058823529411764705,0.2,0.1956521739130435,0.29411764705882354,0.0975609756097561,0.1875,0.1836734693877551,0.18867924528301888,0.17857142857142858,0.2037037037037037,0.14285714285714285,0.14864864864864866,0.02127659574468085,0.15151515151515152,0.10294117647058823,0.1896551724137931,0.08888888888888889,0.1875,0.2222222222222222,0.1111111111111111,0.1875,0.1,0.18181818181818182,0.21052631578947367,0.21739130434782608,0.25925925925925924,0.21739130434782608,0.16279069767441862,0.3230769230769231,0.22105263157894736,0.2625,0.21428571428571427,0.28378378378378377,0.13432835820895522,0.22413793103448276,0.125,0.09523809523809523,0.15217391304347827,0.06382978723404255,0.08108108108108109,0.10869565217391304,0.08108108108108109,0.0967741935483871,0.1388888888888889,0.2,0.23076923076923078,0.08695652173913043,0.18181818181818182,0.2857142857142857,0.0,0.17647058823529413,0.09523809523809523,0.1111111111111111,0.0,0.047619047619047616,0.13043478260869565,0.32,0.2,0.0,0.125,0.3333333333333333,0.375,0.1,0.14285714285714285,0.11538461538461539,0.3103448275862069,0.08333333333333333,0.2222222222222222,0.2222222222222222,0.46153846153846156,0.2857142857142857,0.0,0.1,0.3,0.16666666666666666,0.08333333333333333,0.20833333333333334,0.32,0.16666666666666666,0.18518518518518517,0.19230769230769232,0.16666666666666666,0.07692307692307693,0.14285714285714285,0.2,0.3125,0.25,0.03571428571428571,0.18181818181818182,0.12903225806451613,0.38095238095238093,0.23809523809523808,0.2,0.0,0.11764705882352941,0.16666666666666666,0.09523809523809523,0.047619047619047616,0.14285714285714285,0.0,0.1,0.15789473684210525,0.08333333333333333
Concourse,Bronx,neighborhood,0.125,0.1111111111111111,0.0,0.1,0.16666666666666666,0.2857142857142857,0.0,0.0,0.14285714285714285,0.16666666666666666,0.0,0.1111111111111111,0.18181818181818182,0.0,0.5,0.0,0.125,0.08333333333333333,0.0,0.09090909090909091,0.35294117647058826,0.14285714285714285,0.0,0.08333333333333333,0.2857142857142857,0.125,0.08333333333333333,0.0,0.0,0.041666666666666664,0.2222222222222222,0.17391304347826086,0.12,0.25,0.17391304347826086,0.0,0.13043478260869565,0.0,0.26666666666666666,0.11764705882352941,0.0625,0.07142857142857142,0.2,0.09090909090909091,0.0,0.21428571428571427,0.09090909090909091,0.17647058823529413,0.21052631578947367,0.05555555555555555,0.05263157894736842,0.05,0.10526315789473684,0.09090909090909091,0.08,0.030303030303030304,0.0,0.10526315789473684,0.0,0.05,0.09090909090909091,0.0625,0.0,0.0,0.0,0.125,0.0967741935483871,0.016666666666666666,0.02564102564102564,0.0,0.11627906976744186,0.07547169811320754,0.046511627906976744,0.13043478260869565,0.02702702702702703,0.11363636363636363,0.022727272727272728,0.10256410256410256,0.11904761904761904,0.15217391304347827,0.05263157894736842,0.18867924528301888,0.05172413793103448,0.03278688524590164,0.08620689655172414,0.03508771929824561,0.05555555555555555,0.075,0.10526315789473684,0.06557377049180328,0.05454545454545454,0.08333333333333333,0.21739130434782608,0.029411764705882353,0.043478260869565216,0.07692307692307693,0.02857142857142857,0.1282051282051282,0.1,0.05263157894736842,0.25,0.21951219512195122,0.07142857142857142,0.16,0.06451612903225806,0.12222222222222222,0.1794871794871795,0.1076923076923077,0.10714285714285714,0.10679611650485436,0.1,0.05,0.17142857142857143,0.18556701030927836,0.03896103896103896,0.08928571428571429,0.1016949152542373,0.11594202898550725,0.1095890410958904,0.05084745762711865,0.0425531914893617,0.1951219512195122,0.08,0.08695652173913043,0.0,0.125,0.12987012987012986,0.17543859649122806,0.18,0.10344827586206896,0.05,0.07575757575757576,0.047619047619047616,0.05813953488372093,0.03409090909090909,0.061855670103092786,0.054945054945054944,0.0958904109589041,0.031746031746031744,0.06944444444444445,0.045454545454545456,0.06666666666666667,0.05263157894736842,0.07936507936507936,0.046875,0.05,0.0547945205479452,0.05714285714285714,0.06779661016949153,0.05970149253731343,0.02040816326530612,0.057971014492753624,0.038461538461538464,0.04918032786885246,0.0958904109589041,0.045454545454545456,0.12643678160919541,0.02912621359223301,0.08695652173913043,0.08450704225352113,0.01818181818181818,0.06818181818181818,0.0,0.10416666666666667,0.06818181818181818,0.17543859649122806,0.02702702702702703,0.04,0.027777777777777776,0.04838709677419355,0.1702127659574468,0.06976744186046512,0.0196078431372549,0.0784313725490196,0.03225806451612903,0.02127659574468085,0.12903225806451613,0.15873015873015872,0.045454545454545456,0.10344827586206896,0.047619047619047616,0.0945945945945946,0.058823529411764705,0.04,0.014925373134328358,0.14285714285714285,0.09090909090909091,0.10416666666666667,0.15217391304347827,0.044444444444444446,0.12195121951219512,0.046511627906976744,0.09433962264150944,0.06976744186046512,0.05357142857142857,0.01818181818181818,0.08163265306122448,0.043478260869565216,0.05084745762711865,0.017543859649122806
Coney Island,Brooklyn,neighborhood,0.0,0.0,0.0,,,,,,,,,,,0.0,,,,,,,,,,0.0,0.0,0.2857142857142857,0.2,0.0,0.0,0.2,0.0,0.3,0.08333333333333333,0.0,0.0,0.0,0.07142857142857142,0.06666666666666667,0.17647058823529413,0.0,0.0,0.10526315789473684,0.0,0.05,0.0,0.0,0.0,0.04,0.16666666666666666,0.07142857142857142,0.0,0.0,0.0,0.0,0.0,0.0,0.0,0.13333333333333333,0.14285714285714285,0.0,0.06896551724137931,0.16666666666666666,0.029411764705882353,0.03571428571428571,0.0,0.075,0.047619047619047616,0.08,0.0625,0.03636363636363636,0.1,0.03125,0.14,0.10526315789473684,0.03225806451612903,0.0,0.2571428571428571,0.39285714285714285,0.0,0.1111111111111111,0.15151515151515152,0.07894736842105263,0.15151515151515152,0.1111111111111111,0.2647058823529412,0.02857142857142857,0.02564102564102564,0.03225806451612903,0.029411764705882353,0.29411764705882354,0.02631578947368421,0.2857142857142857,0.0,0.11764705882352941,0.038461538461538464,0.04,0.13636363636363635,0.125,0.07142857142857142,0.2,0.1111111111111111,0.08571428571428572,0.10810810810810811,0.0625,0.07692307692307693,0.2962962962962963,0.1111111111111111,0.18181818181818182,0.3181818181818182,0.125,0.16666666666666666,0.09523809523809523,0.08695652173913043,0.09090909090909091,0.13636363636363635,0.2,0.0,0.28,0.06896551724137931,0.13953488372093023,0.25,0.023255813953488372,0.07142857142857142,0.0,0.11904761904761904,0.03333333333333333,0.14285714285714285,0.09259259259259259,0.056338028169014086,0.058823529411764705,0.0684931506849315,0.04838709677419355,0.32894736842105265,0.1518987341772152,0.11392405063291139,0.014705882352941176,0.011904761904761904,0.02247191011235955,0.02531645569620253,0.013333333333333334,0.017241379310344827,0.05660377358490566,0.05,0.043478260869565216,0.09523809523809523,0.1016949152542373,0.0,0.027777777777777776,0.0,0.0,0.0,0.16666666666666666,0.0,0.05263157894736842,0.1111111111111111,0.1951219512195122,0.047619047619047616,0.02857142857142857,0.09375,0.3333333333333333,0.11538461538461539,0.08,0.046511627906976744,0.05405405405405406,0.0,0.0,0.07142857142857142,0.05263157894736842,0.05555555555555555,0.0,0.24390243902439024,0.06451612903225806,0.023809523809523808,0.12280701754385964,0.046511627906976744,0.23404255319148937,0.07407407407407407,0.04477611940298507,0.04,0.04918032786885246,0.03773584905660377,0.04854368932038835,0.10476190476190476,0.0625,0.03418803418803419,0.037037037037037035,0.03305785123966942,0.07563025210084033,0.1267605633802817,0.09,0.04,0.06666666666666667,0.0,0.10891089108910891,0.07766990291262135,0.10526315789473684,0.0625,0.14606741573033707,0.06862745098039216,0.20689655172413793
Corona,Queens,neighborhood,0.0,0.0,0.0,0.0,0.0,0.0,0.006666666666666667,0.006666666666666667,0.0,0.0,0.0,0.0,0.0,0.006493506493506494,0.0,0.16666666666666666,0.2,0.2,0.0,0.0,0.03225806451612903,0.0,0.0,0.3333333333333333,0.0,0.0,0.0,0.0,0.0,0.0,0.0,0.0,0.25,0.3333333333333333,0.0,0.0,0.0,0.0,0.5,0.0,0.0,0.5,0.0,0.0,0.0,0.0,0.0,0.0,0.0,0.0,0.0,0.014705882352941176,0.0,0.0,0.0,0.0,0.0,0.05555555555555555,0.08333333333333333,0.0,0.0,0.0,0.0,0.0,0.0,0.043478260869565216,0.0,0.0,0.2413793103448276,0.3333333333333333,0.45161290322580644,0.2,0.3,0.075,0.07352941176470588,0.21052631578947367,0.40540540540540543,0.23809523809523808,0.11940298507462686,0.08620689655172414,0.0847457627118644,0.40350877192982454,0.38095238095238093,0.08620689655172414,0.06451612903225806,0.265625,0.07142857142857142,0.25301204819277107,0.1506849315068493,0.2391304347826087,0.3055555555555556,0.2028985507246377,0.22448979591836735,0.09230769230769231,0.6379310344827587,0.75,0.3333333333333333,0.5476190476190477,0.27419354838709675,0.27906976744186046,0.2727272727272727,0.17857142857142858,0.35,0.1111111111111111,0.09523809523809523,0.3333333333333333,0.17647058823529413,0.15625,0.1724137931034483,0.2962962962962963,0.4074074074074074,0.37777777777777777,0.1568627450980392,0.03571428571428571,0.21739130434782608,0.36,0.6756756756756757,0.5,0.1111111111111111,0.11904761904761904,0.2222222222222222,0.5185185185185185,0.14754098360655737,0.5625,0.2127659574468085,0.14035087719298245,0.08064516129032258,0.41379310344827586,0.02702702702702703,0.55,0.2786885245901639,0.1896551724137931,0.06349206349206349,0.3333333333333333,0.5,0.11594202898550725,0.07547169811320754,0.1111111111111111,0.2962962962962963,0.3333333333333333,0.10638297872340426,0.0,0.0,0.0,0.40816326530612246,0.4918032786885246,0.09230769230769231,0.20454545454545456,0.08571428571428572,0.08,0.05555555555555555,0.1,0.04,0.16,0.16,0.22580645161290322,0.2727272727272727,0.16666666666666666,0.043478260869565216,0.15,0.07692307692307693,0.2,0.045454545454545456,0.09375,0.043478260869565216,0.5,0.10526315789473684,0.10526315789473684,0.08695652173913043,0.0,0.08333333333333333,0.0,0.2,0.0,0.125,0.13333333333333333,0.13333333333333333,0.21052631578947367,0.07692307692307693,0.0,0.0,0.08333333333333333,0.07142857142857142,0.0,0.125,0.058823529411764705,0.15,0.08695652173913043,0.08695652173913043,0.14285714285714285,0.13793103448275862,0.03125,0.07894736842105263,0.18421052631578946,0.20512820512820512,0.13636363636363635,0.13636363636363635,0.16666666666666666,0.07692307692307693,0.14285714285714285
Country Club,Bronx,neighborhood,,,,,,,,,,,,,,,,,,,,,,0.0,1.0,0.0,,,,,0.0,0.0,0.0,,,,,0.0,0.0,0.0,0.0,0.0,0.0,,,,,,0.0,0.0,0.0,0.0,0.0,0.0,,0.0,0.0,,,,,,,,,,,,,,,0.0,0.125,0.5,,0.0,1.0,0.0,0.0,0.0,0.0,0.0,,,,,,,,0.0,0.0,0.5,0.3333333333333333,0.0,0.0,0.5,0.0,0.0,,,,,0.0,0.3333333333333333,0.0,0.0,0.0,0.0,0.0,0.0,0.5,0.0,0.5,0.0,0.0,0.3333333333333333,0.0,,1.0,0.3333333333333333,0.0,,0.0,0.16666666666666666,0.0,0.0,0.0,0.0,,,0.0,0.0,0.0,0.0,0.0,,0.0,0.0,0.0,0.0,0.0,0.5,0.3333333333333333,0.0,0.0,0.0,0.0,0.2,0.1111111111111111,0.0,0.3333333333333333,0.0,0.2,0.5,0.0,0.0,0.0,0.0,0.0,0.0,0.0,0.5,0.0,0.0,0.0,0.0,,0.0,0.0,0.0,,0.0,0.5,0.0,0.0,,,,0.0,0.5,0.0,0.0,0.25,0.25,0.5,0.25,0.3333333333333333,0.0,1.0,0.25,0.0,0.0,0.0,0.1111111111111111,0.0,0.0,1.0,0.0,0.14285714285714285,0.125,0.0,0.0
Crotona Park East,Bronx,neighborhood,0.0,0.0,,,0.0,0.0,,,,,,,,,,,,,0.0,0.0,0.0,0.0,,,,,,,,,,,,,0.0,0.0,,0.0,0.0,0.0,,,,,0.0,0.0,0.0,0.0,0.0,0.0,0.0,,,0.0,0.0,,,,,0.0,,0.0,0.0,,1.0,0.0,0.0,0.0,0.0,0.3333333333333333,0.6666666666666666,0.0,0.0,0.4,0.0,0.0,0.0,0.0,0.0,,,0.0,0.0,0.0,0.3333333333333333,0.0,0.3333333333333333,0.0,0.0,0.0,0.0,,0.0,0.3333333333333333,0.0,0.16666666666666666,0.25,0.25,0.3333333333333333,0.0,0.0,0.0,0.0,0.14285714285714285,0.0,0.0,0.16666666666666666,0.0,0.2727272727272727,0.0,0.07692307692307693,0.2857142857142857,0.08333333333333333,0.0,0.6,0.21428571428571427,0.2,0.25,0.2857142857142857,0.0,0.21428571428571427,0.21428571428571427,0.23529411764705882,0.2222222222222222,0.0,0.14285714285714285,0.1111111111111111,0.4,0.0,0.1111111111111111,0.3333333333333333,0.0,0.0,0.0,0.5,0.2,0.0,0.0,0.0,0.13333333333333333,0.5714285714285714,0.3333333333333333,0.4166666666666667,0.13636363636363635,0.18181818181818182,0.0,0.13333333333333333,0.0,0.29411764705882354,0.23529411764705882,0.13333333333333333,0.15,0.06666666666666667,0.058823529411764705,0.02857142857142857,0.03225806451612903,0.0,0.0,0.14285714285714285,0.0,0.0,0.0,0.0,0.0,0.0,0.1,0.0,0.0,0.0,0.25,0.07142857142857142,0.1111111111111111,0.0,0.0,0.25,0.2,0.3,0.0,0.0,0.08333333333333333,0.0,0.0,0.0,0.0,0.0,0.0,0.0,,0.0,0.2,0.0,0.0,0.0,0.0,0.0,0.07142857142857142,0.0,0.0,0.0,0.25
Crown Heights,Brooklyn,neighborhood,0.036585365853658534,0.08,0.13513513513513514,0.075,0.13924050632911392,0.08064516129032258,0.1206896551724138,0.11428571428571428,0.11666666666666667,0.09090909090909091,0.12,0.012345679012345678,0.07079646017699115,0.03305785123966942,0.0380952380952381,0.05319148936170213,0.10416666666666667,0.14423076923076922,0.0873015873015873,0.09615384615384616,0.07627118644067797,0.07142857142857142,0.10909090909090909,0.06722689075630252,0.10948905109489052,0.09166666666666666,0.05263157894736842,0.11290322580645161,0.088,0.07377049180327869,0.1267605633802817,0.030303030303030304,0.09090909090909091,0.06896551724137931,0.140625,0.061068702290076333,0.1342281879194631,0.13245033112582782,0.14084507042253522,0.05333333333333334,0.09803921568627451,0.08917197452229299,0.08247422680412371,0.1232876712328767,0.18552036199095023,0.1564625850340136,0.10963455149501661,0.10185185185185185,0.06741573033707865,0.0712401055408971,0.07640449438202247,0.07621247113163972,0.06896551724137931,0.11172161172161173,0.11428571428571428,0.10728476821192053,0.1137370753323486,0.14345403899721448,0.1450980392156863,0.07768187422934648,0.13095238095238096,0.08095781071835804,0.10665137614678899,0.06152125279642058,0.11651469098277609,0.08156329651656755,0.0689375506893755,0.09953343701399689,0.11131725417439703,0.16045197740112993,0.1295060080106809,0.12099125364431487,0.12536023054755044,0.1488095238095238,0.1836441893830703,0.1645077720207254,0.1456876456876457,0.16132264529058116,0.17657657657657658,0.15592680986475735,0.19616788321167883,0.1795131845841785,0.21875,0.1988095238095238,0.19198312236286919,0.18201284796573874,0.20615128844555278,0.15384615384615385,0.15355805243445692,0.15089086859688197,0.13236118900729107,0.2176991150442478,0.2148014440433213,0.22842639593908629,0.20663900414937758,0.15939447907390916,0.17794253938832252,0.18302658486707565,0.16731898238747553,0.15570358034970858,0.1386861313868613,0.12951030927835053,0.12325116588940706,0.15325936199722606,0.13969335604770017,0.1362962962962963,0.15676449534717252,0.1391561806069578,0.10395655546935609,0.12878787878787878,0.10574875798438609,0.10244648318042814,0.13783403656821377,0.14156431803490627,0.14556533513879485,0.12326869806094183,0.15091210613598674,0.18098510882016036,0.1746031746031746,0.14864864864864866,0.1348435814455232,0.1799265605875153,0.15710382513661203,0.12693498452012383,0.2130281690140845,0.19274241522903035,0.24290871583290355,0.2733333333333333,0.28406663818880823,0.2239080459770115,0.21517027863777088,0.13351648351648351,0.12520064205457465,0.10763454317897372,0.13611940298507463,0.09274873524451939,0.11465657111952407,0.12644281217208814,0.10200759631036353,0.10777385159010601,0.07161803713527852,0.10299003322259136,0.11121408711770157,0.0925553319919517,0.10606060606060606,0.10382513661202186,0.09787735849056604,0.0791268758526603,0.10312862108922363,0.12124463519313304,0.10358565737051793,0.17307692307692307,0.1791497975708502,0.18203033838973162,0.17832957110609482,0.14814814814814814,0.14950166112956811,0.13078703703703703,0.1461794019933555,0.12667478684531058,0.134185303514377,0.15954118873826903,0.12589559877175024,0.1608863198458574,0.18025751072961374,0.18762886597938144,0.15110178384050368,0.1645077720207254,0.12531969309462915,0.1290743155149935,0.15919811320754718,0.13197278911564625,0.14198782961460446,0.17212347988774557,0.137221269296741,0.1445887445887446,0.18115279048490393,0.1577981651376147,0.1693227091633466,0.14503042596348883,0.15391791044776118,0.1207983193277311,0.11370558375634518,0.08381171067738231,0.12812812812812813,0.11322463768115942,0.12760416666666666,0.11365564037319763,0.1288888888888889,0.12938816449348045,0.12015018773466833,0.09350649350649351,0.09031413612565445,0.109375,0.10515021459227468,0.08174692049272117,0.091324200913242,0.09474590869939707,0.09487179487179487,0.12825458052073288
DUMBO,Brooklyn,neighborhood,0.2564102564102564,0.14285714285714285,0.12121212121212122,0.1891891891891892,0.08235294117647059,0.08571428571428572,0.1276595744680851,0.11627906976744186,0.07692307692307693,0.14285714285714285,0.1282051282051282,0.02702702702702703,0.08333333333333333,0.023255813953488372,0.07692307692307693,0.017241379310344827,0.24074074074074073,0.14516129032258066,0.23943661971830985,0.04411764705882353,0.05357142857142857,0.12962962962962962,0.125,0.0,0.06557377049180328,0.2361111111111111,0.1038961038961039,0.07216494845360824,0.13131313131313133,0.2079207920792079,0.14634146341463414,0.1375,0.16393442622950818,0.09615384615384616,0.044444444444444446,0.08333333333333333,0.0,0.09302325581395349,0.09259259259259259,0.05405405405405406,0.21739130434782608,0.17204301075268819,0.19047619047619047,0.10869565217391304,0.1346153846153846,0.24358974358974358,0.2602739726027397,0.043478260869565216,0.15384615384615385,0.19791666666666666,0.21212121212121213,0.2,0.12264150943396226,0.11538461538461539,0.22123893805309736,0.2072072072072072,0.29591836734693877,0.2653061224489796,0.24761904761904763,0.14942528735632185,0.19047619047619047,0.21839080459770116,0.10416666666666667,0.1111111111111111,0.23595505617977527,0.20491803278688525,0.14814814814814814,0.1746031746031746,0.23255813953488372,0.2966101694915254,0.13953488372093023,0.12345679012345678,0.15463917525773196,0.21739130434782608,0.1619047619047619,0.21904761904761905,0.2980769230769231,0.27586206896551724,0.2366412213740458,0.26666666666666666,0.23140495867768596,0.3076923076923077,0.358695652173913,0.2777777777777778,0.35537190082644626,0.226890756302521,0.2734375,0.24285714285714285,0.1773049645390071,0.2792207792207792,0.25,0.24603174603174602,0.23809523809523808,0.25,0.45555555555555555,0.1839080459770115,0.36363636363636365,0.20689655172413793,0.21428571428571427,0.16666666666666666,0.12658227848101267,0.1326530612244898,0.16981132075471697,0.09574468085106383,0.125,0.056338028169014086,0.17391304347826086,0.17391304347826086,0.2125,0.19718309859154928,0.14736842105263157,0.16521739130434782,0.20175438596491227,0.13043478260869565,0.1509433962264151,0.09411764705882353,0.16883116883116883,0.109375,0.1694915254237288,0.16,0.10344827586206896,0.14473684210526316,0.2,0.21875,0.2796610169491525,0.33695652173913043,0.35714285714285715,0.35687732342007433,0.2786885245901639,0.2938388625592417,0.2358974358974359,0.11956521739130435,0.17177914110429449,0.13924050632911392,0.07051282051282051,0.08571428571428572,0.11711711711711711,0.04310344827586207,0.056818181818181816,0.03636363636363636,0.061224489795918366,0.08333333333333333,0.06521739130434782,0.0,0.019230769230769232,0.03389830508474576,0.07407407407407407,0.034482758620689655,0.045454545454545456,0.09090909090909091,0.08928571428571429,0.12598425196850394,0.17796610169491525,0.1282051282051282,0.1885245901639344,0.10869565217391304,0.16666666666666666,0.15294117647058825,0.14432989690721648,0.08163265306122448,0.11224489795918367,0.1391304347826087,0.13559322033898305,0.18421052631578946,0.10256410256410256,0.21621621621621623,0.3,0.19101123595505617,0.1650485436893204,0.19318181818181818,0.11235955056179775,0.15178571428571427,0.12345679012345678,0.1943127962085308,0.1947565543071161,0.13937282229965156,0.18382352941176472,0.2111111111111111,0.11020408163265306,0.14215686274509803,0.12915129151291513,0.13004484304932734,0.13793103448275862,0.07653061224489796,0.1956521739130435,0.13537117903930132,0.14473684210526316,0.25,0.2744479495268139,0.20074349442379183,0.23684210526315788,0.22875816993464052,0.09848484848484848,0.06976744186046512,0.09655172413793103,0.07772020725388601,0.08743169398907104,0.1340782122905028,0.08658008658008658,0.13333333333333333
Ditmas Park,Brooklyn,neighborhood,0.09090909090909091,0.0,0.0,0.0,0.0,0.0,0.0,0.0,0.125,0.0,0.0,0.1111111111111111,0.18181818181818182,0.05555555555555555,0.15789473684210525,0.0,0.058823529411764705,0.07692307692307693,0.08333333333333333,0.15,0.13636363636363635,0.06896551724137931,0.14814814814814814,0.047619047619047616,0.05,0.08,0.13636363636363635,0.05263157894736842,0.09090909090909091,0.08333333333333333,0.07692307692307693,0.07407407407407407,0.07407407407407407,0.0967741935483871,0.05714285714285714,0.08695652173913043,0.08823529411764706,0.038461538461538464,0.19230769230769232,0.10526315789473684,0.0,0.0,0.12903225806451613,0.058823529411764705,0.13636363636363635,0.08,0.058823529411764705,0.11627906976744186,0.10526315789473684,0.08333333333333333,0.06382978723404255,0.16071428571428573,0.1282051282051282,0.1590909090909091,0.09473684210526316,0.07,0.1414141414141414,0.1889763779527559,0.10687022900763359,0.0625,0.1165644171779141,0.10059171597633136,0.055248618784530384,0.05714285714285714,0.05952380952380952,0.03571428571428571,0.06735751295336788,0.09134615384615384,0.06918238993710692,0.15789473684210525,0.12949640287769784,0.06504065040650407,0.12173913043478261,0.17557251908396945,0.08024691358024691,0.1,0.13740458015267176,0.10144927536231885,0.10071942446043165,0.16296296296296298,0.1875,0.16030534351145037,0.22602739726027396,0.1888111888111888,0.13186813186813187,0.16574585635359115,0.18141592920353983,0.11607142857142858,0.09523809523809523,0.15789473684210525,0.10431654676258993,0.14285714285714285,0.14388489208633093,0.14619883040935672,0.19753086419753085,0.2112676056338028,0.21379310344827587,0.22875816993464052,0.20754716981132076,0.25,0.17050691244239632,0.11731843575418995,0.09433962264150944,0.13761467889908258,0.1837837837837838,0.16228070175438597,0.13524590163934427,0.1469387755102041,0.1510204081632653,0.1506276150627615,0.11149825783972125,0.15384615384615385,0.1166077738515901,0.10849056603773585,0.16304347826086957,0.15048543689320387,0.14027149321266968,0.12437810945273632,0.13978494623655913,0.16184971098265896,0.10404624277456648,0.17834394904458598,0.16129032258064516,0.07446808510638298,0.1728395061728395,0.19574468085106383,0.12027491408934708,0.2433234421364985,0.17575757575757575,0.23426573426573427,0.18055555555555555,0.14173228346456693,0.15037593984962405,0.11158798283261803,0.11196911196911197,0.09871244635193133,0.10894941634241245,0.125,0.07692307692307693,0.16521739130434782,0.07865168539325842,0.116751269035533,0.09392265193370165,0.07333333333333333,0.05343511450381679,0.04195804195804196,0.078125,0.07142857142857142,0.07751937984496124,0.07563025210084033,0.11290322580645161,0.102803738317757,0.12962962962962962,0.10909090909090909,0.13333333333333333,0.136,0.145985401459854,0.06818181818181818,0.18064516129032257,0.08,0.06306306306306306,0.12149532710280374,0.08695652173913043,0.02608695652173913,0.0958904109589041,0.1,0.09565217391304348,0.0891089108910891,0.06666666666666667,0.16346153846153846,0.11818181818181818,0.10416666666666667,0.13333333333333333,0.11278195488721804,0.12030075187969924,0.14285714285714285,0.09848484848484848,0.08461538461538462,0.13821138211382114,0.07377049180327869,0.09016393442622951,0.07608695652173914,0.13,0.08235294117647059,0.1,0.05982905982905983,0.12037037037037036,0.0625,0.1111111111111111,0.06896551724137931,0.14457831325301204,0.06666666666666667,0.04819277108433735,0.0707070707070707,0.07291666666666667,0.06172839506172839,0.0594059405940594,0.0970873786407767,0.0891089108910891,0.03225806451612903
Douglaston,Queens,neighborhood,0.0,0.0,0.0,0.0,0.0,0.0,1.0,0.0,0.0,0.0,0.0,0.0,0.0,0.0,0.0,0.3333333333333333,0.2,0.0,0.0,0.0,0.0,0.0,0.0,0.0,0.0,,0.0,0.0,0.0,0.0,0.0,0.16666666666666666,0.0,0.0,0.3333333333333333,0.0,0.0,0.0,0.0,0.0,0.5,0.0,0.14285714285714285,0.0,0.09090909090909091,0.07692307692307693,0.1111111111111111,0.0,0.0,0.0,0.0,0.0,0.2,0.0,0.0,0.0,0.0,0.0,0.0,0.0,0.16666666666666666,0.0,0.0,0.0,0.0,0.0,0.0,0.0,0.0,0.0,0.0,0.0,0.0,0.2,0.14285714285714285,0.0,0.2,0.25,0.0,0.0,0.0,0.16666666666666666,0.0,0.0,0.16666666666666666,0.0,0.5,0.0,0.0,0.0,0.07692307692307693,0.0,0.0,0.25,0.5,0.0,0.0,0.0,0.5,0.0,0.0,0.0,0.0,0.0,0.0,0.25,0.2857142857142857,0.0,0.0,0.16666666666666666,0.0,0.0,0.0,0.0,0.0,0.0,0.0,0.0,0.0,0.0,0.2,0.0,0.1111111111111111,0.0,0.0,0.16666666666666666,0.0,0.16666666666666666,0.0,0.25,0.25,0.0,0.0,0.0,0.25,0.0,0.3333333333333333,0.16666666666666666,0.0,0.0,0.4,0.0,0.0,0.3333333333333333,0.0,0.0,0.25,0.0,0.0,0.0,0.0,0.0,0.0,0.0,0.0,0.0,0.2857142857142857,0.3333333333333333,0.0,0.0,0.25,0.0,0.0,0.125,0.1,0.25,0.0,0.0,0.0,0.0,0.0,0.0,0.0,0.0,0.0,0.16666666666666666,0.0,0.0,0.0,0.2,0.0,0.0,0.0,0.125,0.0,0.25,0.0,0.0,0.0,0.0,0.0,0.0,0.0,0.3333333333333333,0.16666666666666666,0.4,0.0,0.5,0.0,0.0
Downtown Brooklyn,Brooklyn,neighborhood,0.0945945945945946,0.21678321678321677,0.07692307692307693,0.16901408450704225,0.1,0.12790697674418605,0.17346938775510204,0.09615384615384616,0.07547169811320754,0.0594059405940594,0.17699115044247787,0.10144927536231885,0.18421052631578946,0.3157894736842105,0.08045977011494253,0.10112359550561797,0.06666666666666667,0.07766990291262135,0.11206896551724138,0.09917355371900827,0.11403508771929824,0.25742574257425743,0.04950495049504951,0.14285714285714285,0.1414141414141414,0.061946902654867256,0.15503875968992248,0.056074766355140186,0.14705882352941177,0.125,0.1532258064516129,0.046153846153846156,0.09929078014184398,0.13846153846153847,0.14864864864864866,0.054945054945054944,0.05806451612903226,0.060810810810810814,0.1893939393939394,0.10091743119266056,0.06923076923076923,0.19672131147540983,0.10948905109489052,0.22435897435897437,0.13043478260869565,0.28061224489795916,0.25274725274725274,0.11557788944723618,0.16019417475728157,0.24663677130044842,0.3080357142857143,0.14285714285714285,0.11392405063291139,0.2748091603053435,0.2248062015503876,0.20754716981132076,0.2379421221864952,0.2482758620689655,0.33070866141732286,0.2601626016260163,0.1198501872659176,0.27530364372469635,0.16666666666666666,0.22761194029850745,0.2508833922261484,0.3025830258302583,0.2894736842105263,0.31756756756756754,0.24629080118694363,0.2138728323699422,0.25225225225225223,0.15384615384615385,0.24423963133640553,0.18518518518518517,0.16080402010050251,0.14861995753715498,0.3292433537832311,0.2550607287449393,0.22249388753056235,0.22153209109730848,0.2505263157894737,0.3893617021276596,0.30598669623059865,0.2109181141439206,0.285,0.22826086956521738,0.2551546391752577,0.2560646900269542,0.23990498812351543,0.25697211155378485,0.24481327800829875,0.27546296296296297,0.42424242424242425,0.3765432098765432,0.38513513513513514,0.35267857142857145,0.2,0.21212121212121213,0.14314928425357873,0.1909307875894988,0.13501144164759726,0.1546134663341646,0.14823008849557523,0.17882352941176471,0.21971830985915494,0.272264631043257,0.2486910994764398,0.17681159420289855,0.18157894736842106,0.22670025188916876,0.31443298969072164,0.2674698795180723,0.22946859903381642,0.23132530120481928,0.19753086419753085,0.18579234972677597,0.2774566473988439,0.3130434782608696,0.3431372549019608,0.27037037037037037,0.20766773162939298,0.20074349442379183,0.19491525423728814,0.32342007434944237,0.38954869358669836,0.4336734693877551,0.3867403314917127,0.3976063829787234,0.37317397078353254,0.4080536912751678,0.3333333333333333,0.2643884892086331,0.1968503937007874,0.16156462585034015,0.19391025641025642,0.11504424778761062,0.18962432915921287,0.07003891050583658,0.09547738693467336,0.11382113821138211,0.08882521489971347,0.13823529411764707,0.18635170603674542,0.16172506738544473,0.13736263736263737,0.14782608695652175,0.10869565217391304,0.128686327077748,0.10057471264367816,0.10789473684210527,0.15027322404371585,0.16158536585365854,0.22330097087378642,0.2554517133956386,0.23824451410658307,0.23795180722891565,0.2178477690288714,0.22872340425531915,0.19950738916256158,0.20540540540540542,0.12737127371273713,0.21212121212121213,0.18433179723502305,0.23162583518930957,0.28157894736842104,0.2544987146529563,0.27405247813411077,0.2253968253968254,0.20052083333333334,0.1875,0.2722371967654987,0.24528301886792453,0.21875,0.20137299771167047,0.21595330739299612,0.2672413793103448,0.2600349040139616,0.2504854368932039,0.2510729613733906,0.18396226415094338,0.18067226890756302,0.18509615384615385,0.18937644341801385,0.15031315240083507,0.22807017543859648,0.16695652173913045,0.17804154302670624,0.21813403416557162,0.17158176943699732,0.18245125348189414,0.2063253012048193,0.14678899082568808,0.14461538461538462,0.14497528830313014,0.17105263157894737,0.16470588235294117,0.15364238410596026,0.17675544794188863,0.1862845445240532,0.18080357142857142
Dyker Heights,Brooklyn,neighborhood,0.6,0.25,0.16666666666666666,0.0,0.0,0.3333333333333333,0.0,0.0,0.0,0.0,0.5,0.0,0.0,0.0,0.07692307692307693,0.0,0.058823529411764705,0.2,0.23076923076923078,0.0,0.14285714285714285,0.0,0.07692307692307693,0.0,0.0,0.0,0.25,0.3333333333333333,0.0,0.16666666666666666,0.0,0.0,0.2,0.0,0.0,0.0,0.4,0.0,0.09090909090909091,0.08333333333333333,0.0,0.1,0.0,0.0,0.125,0.2222222222222222,0.0,0.0,0.1,0.0,0.0,0.13333333333333333,0.25,0.18181818181818182,0.0,0.08,0.15384615384615385,0.13333333333333333,0.05263157894736842,0.05714285714285714,0.0,0.041666666666666664,0.11538461538461539,0.2903225806451613,0.07692307692307693,0.06382978723404255,0.12195121951219512,0.09090909090909091,0.1111111111111111,0.15151515151515152,0.14634146341463414,0.10344827586206896,0.09523809523809523,0.04,0.07692307692307693,0.15,0.15217391304347827,0.14705882352941177,0.19148936170212766,0.09090909090909091,0.16279069767441862,0.13953488372093023,0.1111111111111111,0.12,0.09230769230769231,0.125,0.1111111111111111,0.16901408450704225,0.03076923076923077,0.1111111111111111,0.028169014084507043,0.13333333333333333,0.02702702702702703,0.20588235294117646,0.18181818181818182,0.034482758620689655,0.24242424242424243,0.21621621621621623,0.15254237288135594,0.2631578947368421,0.13559322033898305,0.043478260869565216,0.19696969696969696,0.1791044776119403,0.09523809523809523,0.1864406779661017,0.12727272727272726,0.19148936170212766,0.15384615384615385,0.10144927536231885,0.10909090909090909,0.12962962962962962,0.2,0.08333333333333333,0.1111111111111111,0.13846153846153847,0.08771929824561403,0.23076923076923078,0.1956521739130435,0.19444444444444445,0.2727272727272727,0.125,0.05,0.09090909090909091,0.12,0.0,0.14285714285714285,0.2391304347826087,0.17543859649122806,0.19047619047619047,0.10909090909090909,0.22950819672131148,0.12903225806451613,0.06451612903225806,0.11688311688311688,0.11267605633802817,0.07692307692307693,0.12658227848101267,0.11764705882352941,0.09090909090909091,0.08108108108108109,0.12698412698412698,0.03773584905660377,0.10256410256410256,0.061224489795918366,0.025,0.16279069767441862,0.0425531914893617,0.21739130434782608,0.07317073170731707,0.07692307692307693,0.12903225806451613,0.16216216216216217,0.16326530612244897,0.10344827586206896,0.043478260869565216,0.05714285714285714,0.11538461538461539,0.06666666666666667,0.03571428571428571,0.09090909090909091,0.08333333333333333,0.1875,0.0967741935483871,0.15384615384615385,0.034482758620689655,0.08,0.15789473684210525,0.13636363636363635,0.09090909090909091,0.2222222222222222,0.08695652173913043,0.05263157894736842,0.08823529411764706,0.13333333333333333,0.037037037037037035,0.10344827586206896,0.13793103448275862,0.1111111111111111,0.09523809523809523,0.1935483870967742,0.13333333333333333,0.20588235294117646,0.07692307692307693,0.07407407407407407,0.1111111111111111,0.19047619047619047,0.0625,0.125,0.15384615384615385,0.09090909090909091,0.05555555555555555,0.058823529411764705,0.0,0.08333333333333333,0.10526315789473684,0.26666666666666666,0.0,0.35294117647058826,0.15384615384615385
East Elmhurst,Queens,neighborhood,0.0,1.0,0.0,0.0,0.0,0.0,0.0,0.0,0.0,,,,,,,,,,,,0.0,0.0,0.0,0.0,0.0,0.0,0.0,0.0,,,,,,,,,,,,,,,0.0,0.0,0.0,0.0,0.0,0.0,0.0,0.0,0.0,0.0,0.0,0.5,0.0,0.0,0.0,0.0,0.0,0.5,0.6666666666666666,0.25,0.0,0.0,0.0,0.2,0.25,1.0,0.0,0.0,0.5,0.0,1.0,0.5,0.0,0.0,0.0,0.0,0.0,0.0,0.0,0.5,0.5,,,0.0,0.0,0.125,0.0,0.0,0.0,0.3333333333333333,0.0,0.0,0.0,0.0,0.0,0.2857142857142857,0.5,0.0,0.0,0.0,0.0,0.0,0.16666666666666666,0.125,0.2857142857142857,0.36363636363636365,0.125,0.2,0.16666666666666666,0.0,0.3333333333333333,0.0,0.4,0.2,0.14285714285714285,0.0,0.125,0.25,0.0,0.4,0.125,0.3333333333333333,0.36363636363636365,0.26666666666666666,0.47058823529411764,0.21428571428571427,0.0,0.1111111111111111,0.0,0.0,0.6666666666666666,0.0,0.0,0.0,0.2857142857142857,0.0,0.0,0.2,0.0,0.3,0.3,0.25,0.09090909090909091,0.4,0.25,0.2222222222222222,0.4,0.16666666666666666,0.0,0.0,0.0,0.0,0.125,0.0,0.2857142857142857,0.1111111111111111,0.25,0.0,0.058823529411764705,0.21428571428571427,0.25,0.3333333333333333,0.25,0.2,0.16666666666666666,0.0,0.0,0.1111111111111111,0.3,0.17647058823529413,0.3,0.375,0.1111111111111111,0.14285714285714285,0.2,0.2857142857142857,0.25,0.18181818181818182,0.15384615384615385,0.1,0.2222222222222222,0.0,0.16666666666666666,0.0,0.0,0.0,0.0,0.0,0.0,0.0,0.3333333333333333,0.0,0.375,0.3333333333333333,0.0,0.16666666666666666,0.3333333333333333,0.0
East Flatbush,Brooklyn,neighborhood,0.05555555555555555,0.07142857142857142,0.0,0.3333333333333333,0.2857142857142857,0.25,0.05,0.10526315789473684,0.045454545454545456,0.07142857142857142,0.0,0.0,0.07142857142857142,0.0,0.10526315789473684,0.0,0.15789473684210525,0.047619047619047616,0.05,0.0,0.13636363636363635,0.1111111111111111,0.15,0.14285714285714285,0.2,0.05,0.23529411764705882,0.0,0.0625,0.14285714285714285,0.05,0.10526315789473684,0.0,0.0,0.1,0.06666666666666667,0.2,0.05263157894736842,0.05555555555555555,0.0,0.08,0.058823529411764705,0.09375,0.02564102564102564,0.125,0.034482758620689655,0.06976744186046512,0.022727272727272728,0.05555555555555555,0.08450704225352113,0.038461538461538464,0.0392156862745098,0.07407407407407407,0.05357142857142857,0.10810810810810811,0.04854368932038835,0.06140350877192982,0.08196721311475409,0.0673076923076923,0.03296703296703297,0.010416666666666666,0.03508771929824561,0.06493506493506493,0.10256410256410256,0.08181818181818182,0.032679738562091505,0.037037037037037035,0.09714285714285714,0.05116279069767442,0.12857142857142856,0.10096153846153846,0.03783783783783784,0.06944444444444445,0.09848484848484848,0.06077348066298342,0.11764705882352941,0.11057692307692307,0.06880733944954129,0.08875739644970414,0.15,0.13227513227513227,0.1910828025477707,0.14619883040935672,0.12941176470588237,0.16517857142857142,0.1504424778761062,0.13709677419354838,0.14473684210526316,0.10077519379844961,0.10545454545454545,0.09019607843137255,0.16184971098265896,0.11004784688995216,0.15763546798029557,0.12352941176470589,0.11827956989247312,0.1409090909090909,0.11386138613861387,0.15165876777251186,0.1111111111111111,0.09389671361502347,0.11374407582938388,0.14232209737827714,0.14385964912280702,0.15384615384615385,0.14112903225806453,0.17061611374407584,0.12365591397849462,0.12690355329949238,0.12,0.11009174311926606,0.10152284263959391,0.0963302752293578,0.14847161572052403,0.14741035856573706,0.13147410358565736,0.17256637168141592,0.14213197969543148,0.16444444444444445,0.17560975609756097,0.156,0.09649122807017543,0.1411764705882353,0.1,0.1103448275862069,0.14925373134328357,0.13612565445026178,0.14285714285714285,0.19491525423728814,0.14864864864864866,0.1608695652173913,0.11224489795918367,0.12608695652173912,0.05472636815920398,0.0867579908675799,0.10396039603960396,0.09547738693467336,0.12244897959183673,0.1341991341991342,0.06694560669456066,0.09036144578313253,0.12234042553191489,0.07327586206896551,0.1326530612244898,0.100418410041841,0.09785932721712538,0.10149253731343283,0.06167400881057269,0.11578947368421053,0.08148148148148149,0.07924528301886792,0.14046822742474915,0.10612244897959183,0.11627906976744186,0.14606741573033707,0.06818181818181818,0.06635071090047394,0.15789473684210525,0.11020408163265306,0.11428571428571428,0.11261261261261261,0.1581196581196581,0.16981132075471697,0.11885245901639344,0.1179245283018868,0.13709677419354838,0.11070110701107011,0.13565891472868216,0.12790697674418605,0.08835341365461848,0.09623430962343096,0.07983193277310924,0.1488673139158576,0.07987220447284345,0.10919540229885058,0.12569832402234637,0.16568047337278108,0.1148936170212766,0.16666666666666666,0.12446351931330472,0.08243727598566308,0.15021459227467812,0.08415841584158416,0.043689320388349516,0.0944206008583691,0.09219858156028368,0.13768115942028986,0.109375,0.12867647058823528,0.09032258064516129,0.07849829351535836,0.10149253731343283,0.08680555555555555,0.08365019011406843,0.08745247148288973,0.068,0.09090909090909091,0.0915032679738562,0.0975609756097561,0.1038961038961039
East Harlem,Manhattan,neighborhood,0.02608695652173913,0.08256880733944955,0.08130081300813008,0.1717171717171717,0.07272727272727272,0.1,0.07333333333333333,0.08552631578947369,0.12173913043478261,0.061855670103092786,0.12790697674418605,0.045454545454545456,0.0967741935483871,0.1134020618556701,0.043478260869565216,0.1414141414141414,0.10909090909090909,0.15517241379310345,0.15833333333333333,0.13114754098360656,0.14728682170542637,0.15126050420168066,0.1794871794871795,0.09009009009009009,0.11818181818181818,0.09032258064516129,0.13043478260869565,0.22875816993464052,0.1518987341772152,0.08947368421052632,0.14906832298136646,0.1144578313253012,0.1610738255033557,0.2,0.1310344827586207,0.06382978723404255,0.14761904761904762,0.1,0.19387755102040816,0.1736842105263158,0.12727272727272726,0.10232558139534884,0.16666666666666666,0.12734082397003746,0.10894941634241245,0.19708029197080293,0.1388888888888889,0.11969111969111969,0.1306122448979592,0.08333333333333333,0.1125,0.11080332409972299,0.1507537688442211,0.11666666666666667,0.11956521739130435,0.1524390243902439,0.1434878587196468,0.15668202764976957,0.13387978142076504,0.07670454545454546,0.12878787878787878,0.07908163265306123,0.12100456621004566,0.09650924024640657,0.08085106382978724,0.1517094017094017,0.15719063545150502,0.14668769716088328,0.1102803738317757,0.11546840958605664,0.1340909090909091,0.10551558752997602,0.10591133004926108,0.15815085158150852,0.1175115207373272,0.12291666666666666,0.12170385395537525,0.156,0.1340782122905028,0.1417910447761194,0.1388888888888889,0.18703241895261846,0.15223097112860892,0.08982035928143713,0.1092896174863388,0.12078651685393259,0.13008130081300814,0.15193370165745856,0.11136890951276102,0.12233009708737864,0.13229571984435798,0.27941176470588236,0.15234375,0.20454545454545456,0.23142250530785563,0.09836065573770492,0.1343669250645995,0.18159203980099503,0.11832946635730858,0.1252847380410023,0.1083844580777096,0.1522633744855967,0.15414258188824662,0.20072992700729927,0.20704845814977973,0.1931166347992352,0.27896995708154504,0.1486146095717884,0.15777262180974477,0.1377551020408163,0.11036036036036036,0.10714285714285714,0.12962962962962962,0.1130952380952381,0.12419700214132762,0.18089430894308944,0.2261904761904762,0.24173027989821882,0.21176470588235294,0.15358361774744028,0.15204678362573099,0.09477124183006536,0.14130434782608695,0.09375,0.22531645569620254,0.299625468164794,0.3497615262321145,0.36070381231671556,0.3157894736842105,0.2609289617486339,0.25258493353028066,0.15268456375838926,0.1018363939899833,0.12568306010928962,0.1416803953871499,0.09866220735785954,0.07352941176470588,0.11641791044776119,0.10015174506828528,0.14072847682119205,0.10317460317460317,0.1425661914460285,0.10398230088495575,0.1111111111111111,0.08241758241758242,0.0472972972972973,0.10610932475884244,0.09348441926345609,0.09653465346534654,0.05454545454545454,0.0958904109589041,0.13013698630136986,0.14736842105263157,0.21052631578947367,0.17857142857142858,0.16772151898734178,0.13043478260869565,0.08181818181818182,0.1164021164021164,0.08504398826979472,0.09473684210526316,0.11646586345381527,0.15535714285714286,0.17094017094017094,0.24394785847299813,0.2255772646536412,0.16306483300589392,0.09803921568627451,0.14988290398126464,0.15233415233415235,0.10869565217391304,0.08851674641148326,0.11529933481152993,0.111328125,0.16330645161290322,0.1955193482688391,0.19875776397515527,0.1873589164785553,0.13896457765667575,0.14705882352941177,0.1266233766233766,0.09688581314878893,0.10060975609756098,0.12023460410557185,0.08064516129032258,0.11282051282051282,0.1073558648111332,0.1729490022172949,0.15753424657534246,0.2518518518518518,0.1559633027522936,0.1079136690647482,0.09966777408637874,0.07744107744107744,0.07758620689655173,0.07374631268436578,0.0676056338028169,0.09549071618037135,0.07529411764705882,0.13176470588235295
East New York,Brooklyn,neighborhood,0.0,0.0,0.0,0.0,,0.0,0.0,0.0,0.0,0.0,0.0,0.0,0.0,0.0,0.0,0.0,0.0,0.0,0.0,0.0,0.14285714285714285,0.18181818181818182,0.375,0.0,0.0,0.0,0.0,0.0,0.0,0.0,0.0,0.0,0.0625,0.06666666666666667,0.0,0.0,0.05714285714285714,0.09090909090909091,0.05,0.05263157894736842,0.0,0.0,0.11764705882352941,0.2,0.11764705882352941,0.08695652173913043,0.07692307692307693,0.125,0.2222222222222222,0.05128205128205128,0.0,0.045454545454545456,0.09523809523809523,0.08333333333333333,0.07142857142857142,0.045454545454545456,0.047619047619047616,0.0967741935483871,0.16129032258064516,0.047619047619047616,0.05172413793103448,0.04,0.09090909090909091,0.09090909090909091,0.11428571428571428,0.017857142857142856,0.019230769230769232,0.11538461538461539,0.12280701754385964,0.09433962264150944,0.11363636363636363,0.08888888888888889,0.10810810810810811,0.10204081632653061,0.05263157894736842,0.10294117647058823,0.07792207792207792,0.07936507936507936,0.15714285714285714,0.14864864864864866,0.058823529411764705,0.04411764705882353,0.060240963855421686,0.12195121951219512,0.08791208791208792,0.1651376146788991,0.15447154471544716,0.11711711711711711,0.08,0.13609467455621302,0.11267605633802817,0.1864406779661017,0.16666666666666666,0.08641975308641975,0.15384615384615385,0.16901408450704225,0.12195121951219512,0.13414634146341464,0.0891089108910891,0.15151515151515152,0.11458333333333333,0.16279069767441862,0.1595744680851064,0.1206896551724138,0.1111111111111111,0.1276595744680851,0.15,0.08860759493670886,0.18421052631578946,0.18181818181818182,0.12605042016806722,0.17699115044247787,0.09,0.13445378151260504,0.18382352941176472,0.1981981981981982,0.2358490566037736,0.20279720279720279,0.08088235294117647,0.16030534351145037,0.1888111888111888,0.17073170731707318,0.19811320754716982,0.2631578947368421,0.28378378378378377,0.26666666666666666,0.16346153846153846,0.16216216216216217,0.23529411764705882,0.16666666666666666,0.20192307692307693,0.16279069767441862,0.1650485436893204,0.16666666666666666,0.14150943396226415,0.10185185185185185,0.1391304347826087,0.14285714285714285,0.18181818181818182,0.11851851851851852,0.05102040816326531,0.20909090909090908,0.1044776119402985,0.08108108108108109,0.11023622047244094,0.08411214953271028,0.09734513274336283,0.10948905109489052,0.10191082802547771,0.06622516556291391,0.10687022900763359,0.13636363636363635,0.12173913043478261,0.15217391304347827,0.22033898305084745,0.09,0.14655172413793102,0.136,0.08943089430894309,0.0851063829787234,0.1111111111111111,0.1864406779661017,0.1271186440677966,0.05202312138728324,0.13714285714285715,0.1476510067114094,0.1267605633802817,0.14925373134328357,0.14615384615384616,0.0915032679738562,0.0783132530120482,0.12413793103448276,0.1099476439790576,0.07216494845360824,0.054455445544554455,0.08947368421052632,0.08421052631578947,0.029940119760479042,0.08396946564885496,0.037037037037037035,0.051094890510948905,0.07692307692307693,0.03816793893129771,0.07758620689655173,0.07936507936507936,0.06086956521739131,0.017391304347826087,0.04504504504504504,0.05737704918032787,0.08527131782945736,0.02830188679245283,0.029411764705882353,0.023809523809523808,0.03773584905660377,0.06976744186046512,0.05333333333333334,0.028409090909090908,0.06698564593301436,0.05649717514124294,0.0625
East Tremont,Bronx,neighborhood,,,0.0,0.0,0.0,0.0,,,,,,,,,0.0,0.0,0.0,0.0,0.0,0.0,0.0,0.0,,,,,,,0.0,0.0,0.0,0.0,0.0,0.0,0.0,0.0,0.0,0.0,0.5,0.5,0.0,0.0,,,0.0,0.0,0.0,0.0,0.0,0.0,0.0,0.0,0.1111111111111111,0.16666666666666666,0.058823529411764705,0.0,0.0,0.0,0.09090909090909091,0.0,0.0,0.0,0.21428571428571427,0.0,0.05,0.05,0.09090909090909091,0.5,0.35,0.16666666666666666,0.25925925925925924,0.0,0.3333333333333333,0.0,0.0,0.1111111111111111,0.0,0.16666666666666666,0.125,0.0,0.08333333333333333,0.0,0.0,0.0,0.0,0.0,0.0,0.13333333333333333,0.0625,0.058823529411764705,0.05263157894736842,0.0,0.0,0.125,0.0,0.21428571428571427,0.0,0.0,0.0,0.0,0.0,0.0,0.1,0.25,0.11764705882352941,0.08,0.08333333333333333,0.125,0.043478260869565216,0.06666666666666667,0.05714285714285714,0.037037037037037035,0.09523809523809523,0.2,0.0,0.09090909090909091,0.0,0.18181818181818182,0.25,0.14285714285714285,0.0,0.0,0.125,0.0,0.0,0.0,0.23076923076923078,0.15384615384615385,0.07692307692307693,0.08333333333333333,0.13636363636363635,0.0,0.11764705882352941,0.0,0.1,0.0,0.0,0.037037037037037035,0.05555555555555555,0.0,0.1111111111111111,0.19047619047619047,0.0,0.06666666666666667,0.0,0.07142857142857142,0.0,0.0,0.1,0.0,0.0625,0.07692307692307693,0.0,0.0,0.045454545454545456,0.058823529411764705,0.38095238095238093,0.4375,0.0,0.0,0.1,0.0,0.07692307692307693,0.13333333333333333,0.3333333333333333,0.23529411764705882,0.1875,0.1111111111111111,0.0,0.0,0.0,0.07692307692307693,0.0,0.1111111111111111,0.0,0.25,0.25,0.1,0.3,0.0,0.09090909090909091,0.058823529411764705,0.0,0.125,0.0,0.0,0.0,0.2,0.0,0.0,0.0,0.1111111111111111,0.0,0.1,0.0,0.0,0.0,0.0,0.16666666666666666,0.0
East Village,Manhattan,neighborhood,0.14847161572052403,0.15271966527196654,0.18796992481203006,0.13011152416356878,0.11131059245960502,0.12367491166077739,0.08,0.10688836104513064,0.12232415902140673,0.14666666666666667,0.13291139240506328,0.1182108626198083,0.10089020771513353,0.08552631578947369,0.12316715542521994,0.06896551724137931,0.10222222222222223,0.09411764705882353,0.136986301369863,0.12277227722772277,0.1352112676056338,0.12465373961218837,0.11627906976744186,0.1416184971098266,0.12533333333333332,0.13970588235294118,0.12035010940919037,0.12567324955116696,0.10638297872340426,0.15242165242165243,0.14578587699316628,0.14044213263979194,0.18275862068965518,0.20037453183520598,0.1378640776699029,0.15286624203821655,0.20441988950276244,0.14634146341463414,0.15601503759398497,0.14388489208633093,0.13142174432497014,0.1465863453815261,0.17953667953667954,0.1987295825771325,0.2072480181200453,0.2236503856041131,0.224,0.19536423841059603,0.17945007235890015,0.18614718614718614,0.1801007556675063,0.12796208530805686,0.15384615384615385,0.17571059431524547,0.17129262490087233,0.16863406408094436,0.20829406220546653,0.18350515463917524,0.17837235228539577,0.11920529801324503,0.1422680412371134,0.129366106080207,0.1276595744680851,0.08984725965858041,0.10587262200165426,0.11394101876675604,0.11470408785845028,0.17287630402384502,0.17344961240310078,0.19135802469135801,0.1977401129943503,0.16974169741697417,0.16758544652701213,0.18514412416851442,0.15799803729146222,0.12024221453287197,0.14220532319391635,0.2081887578070784,0.1636245110821382,0.22058823529411764,0.25137903861308114,0.2534864643150123,0.21150278293135436,0.2268041237113402,0.2118491921005386,0.20342205323193915,0.1975,0.12099644128113879,0.17980884109916367,0.22531512605042017,0.18040201005025125,0.2733900364520049,0.30739893211289093,0.2983377077865267,0.2544444444444444,0.19261822376009227,0.2287655719139298,0.14610778443113773,0.1462409886714727,0.11622073578595318,0.1451505016722408,0.15042117930204574,0.1615214994487321,0.21039755351681957,0.21861656703672075,0.24293785310734464,0.2202797202797203,0.1896792189679219,0.19540229885057472,0.17611580217129072,0.1501865671641791,0.10053313023610053,0.14514066496163683,0.13544018058690746,0.1426991150442478,0.18308963763509217,0.1956521739130435,0.19110576923076922,0.21299093655589124,0.1723027375201288,0.14551083591331268,0.1390728476821192,0.17077175697865354,0.20215633423180593,0.2812920592193809,0.33348294434470377,0.36308521387672615,0.3945792625275764,0.3690673747095918,0.28399311531841653,0.28440366972477066,0.19990933816863102,0.14783023366714354,0.1670616113744076,0.142433234421365,0.10231023102310231,0.08911614317019723,0.10093727469358327,0.08591885441527446,0.1012909632571996,0.10569105691056911,0.16583747927031509,0.16129032258064516,0.16784452296819788,0.12130637636080871,0.12717770034843207,0.14456035767511177,0.09656084656084656,0.130859375,0.12172442941673711,0.16115702479338842,0.2267493356953056,0.29917550058892817,0.3281045751633987,0.3130311614730878,0.2541436464088398,0.20673076923076922,0.17754569190600522,0.1963123644251627,0.13594890510948904,0.18667591950034698,0.19951040391676866,0.2274532047646058,0.270203578038248,0.2861736334405145,0.304159445407279,0.26276595744680853,0.20833333333333334,0.19047619047619047,0.1843191196698762,0.15205327413984462,0.1302717900656045,0.16280752532561504,0.1740211311373524,0.1932418162618796,0.2638322655794991,0.273071104387292,0.27148080438756855,0.23462414578587698,0.16323731138545952,0.14553314121037464,0.11367380560131796,0.14002478314745972,0.12135922330097088,0.13121845710165825,0.10505581089954039,0.15800135043889263,0.17063166529942575,0.26326742976066597,0.18798955613577023,0.2103448275862069,0.13043478260869565,0.11912751677852348,0.1233974358974359,0.08588957055214724,0.08306709265175719,0.09074733096085409,0.11145996860282574,0.13029576338928858,0.16666666666666666
Eastchester,Bronx,neighborhood,,,,,,,,,,,,,,,,,,,,0.0,0.0,,,,,,,,,,,,,,,,,,,,,,,,,,,,,,,,,,,,,,,,,,,,,0.0,1.0,0.0,,,,,,,,,,,,,0.0,0.0,0.0,,,,0.0,,,,,,,,,,1.0,0.0,0.0,0.0,,,0.0,,0.0,0.0,0.4,0.1111111111111111,0.0,0.0,,,0.0,0.0,0.0,0.0,0.0,0.0,0.0,0.0,0.0,0.0,0.0,0.0,,0.0,0.0,0.0,0.0,0.0,0.0,0.0,0.0,0.0,0.0,0.0,0.0,0.0,0.0,0.0,0.0,0.0,0.0,0.0,0.0,0.0,0.0,0.0,0.0,,,0.0,0.0,0.0,,,,,,1.0,0.0,0.0,0.0,0.0,,0.0,0.0,0.0,,,,,,,,0.0,0.0,0.0,,0.0,0.0,,,,,0.0,1.0,0.6666666666666666,,,,,,,,,1.0,0.0,0.0,0.0
Edenwald,Bronx,neighborhood,,,,,,,,,,,,,,,,,,,,0.0,0.0,,,,,,,,0.0,0.0,,,,,,,,0.0,0.0,0.0,1.0,0.0,0.0,0.0,0.3333333333333333,0.0,0.0,0.0,,,,0.0,,,,0.0,1.0,0.0,0.0,0.0,,,,,,,,,,,,,0.0,0.0,0.0,0.0,0.5,0.0,0.0,0.0,,0.0,0.0,0.0,0.0,0.0,0.3333333333333333,0.0,0.0,0.0,0.0,,,,,,0.0,1.0,0.0,0.0,0.0,0.0,,,,0.0,0.0,0.3333333333333333,0.0,0.0,,0.0,0.0,0.0,0.4,0.16666666666666666,0.0,,,,0.0,0.25,,,0.5,1.0,0.0,,,,,,,,,0.0,0.0,0.0,0.0,0.0,0.5,1.0,0.5,0.0,,0.0,0.0,0.0,0.0,,0.0,0.0,0.0,0.0,0.42857142857142855,0.0,0.0,0.0,0.0,0.0,0.0,0.6,0.0,0.0,0.0,0.25,0.0,0.0,0.0,0.0,0.0,0.3333333333333333,0.0,0.0,0.0,,0.5,0.0,,0.0,0.0,0.0,0.0,0.0,0.0,,0.0,0.0,0.0,0.0,0.0,0.0,0.0,0.0,0.0,0.0,0.0,0.0,0.0,0.0
Elmhurst,Queens,neighborhood,0.0,0.09090909090909091,0.0,0.1,0.25,0.1,0.0,0.0,0.16666666666666666,0.0,0.0,0.5,0.1111111111111111,0.0,0.2,0.0,0.0,0.0,0.125,0.09090909090909091,0.16666666666666666,0.0,0.14285714285714285,0.0,0.0,0.2,0.2,0.16666666666666666,0.0,0.0,0.0,0.0,0.1,0.015873015873015872,0.0,0.0,0.030303030303030304,0.0,0.0,0.027777777777777776,0.034482758620689655,0.045454545454545456,0.08695652173913043,0.09523809523809523,0.15384615384615385,0.10714285714285714,0.23529411764705882,0.07142857142857142,0.15151515151515152,0.030303030303030304,0.16129032258064516,0.18181818181818182,0.04081632653061224,0.125,0.14583333333333334,0.07692307692307693,0.06521739130434782,0.0625,0.16666666666666666,0.17777777777777778,0.21052631578947367,0.11538461538461539,0.125,0.11904761904761904,0.20588235294117646,0.043478260869565216,0.12903225806451613,0.05333333333333334,0.12658227848101267,0.1527777777777778,0.19047619047619047,0.037037037037037035,0.19642857142857142,0.10606060606060606,0.078125,0.0958904109589041,0.07792207792207792,0.09210526315789473,0.14285714285714285,0.11428571428571428,0.12,0.14705882352941177,0.10256410256410256,0.07462686567164178,0.07865168539325842,0.11029411764705882,0.16447368421052633,0.1357142857142857,0.145985401459854,0.0625,0.09036144578313253,0.09876543209876543,0.19318181818181818,0.19101123595505617,0.13725490196078433,0.13829787234042554,0.09401709401709402,0.078125,0.10067114093959731,0.18181818181818182,0.15315315315315314,0.10687022900763359,0.1836734693877551,0.1415929203539823,0.18085106382978725,0.18253968253968253,0.1415929203539823,0.18181818181818182,0.12949640287769784,0.10576923076923077,0.08771929824561403,0.14285714285714285,0.1391304347826087,0.050505050505050504,0.16831683168316833,0.1,0.08181818181818182,0.13392857142857142,0.14942528735632185,0.12658227848101267,0.10434782608695652,0.11458333333333333,0.05,0.06060606060606061,0.16363636363636364,0.18556701030927836,0.12686567164179105,0.18543046357615894,0.18562874251497005,0.2532467532467532,0.22699386503067484,0.2,0.18831168831168832,0.05714285714285714,0.13725490196078433,0.0962962962962963,0.13076923076923078,0.125,0.07692307692307693,0.1323529411764706,0.11377245508982035,0.09271523178807947,0.18248175182481752,0.14423076923076922,0.11956521739130435,0.1125,0.0851063829787234,0.07317073170731707,0.0963855421686747,0.0821917808219178,0.053763440860215055,0.13392857142857142,0.14285714285714285,0.15789473684210525,0.13725490196078433,0.12631578947368421,0.15517241379310345,0.08737864077669903,0.11607142857142858,0.07377049180327869,0.046511627906976744,0.056338028169014086,0.08045977011494253,0.05952380952380952,0.1267605633802817,0.1375,0.18181818181818182,0.16455696202531644,0.16326530612244897,0.11842105263157894,0.16071428571428573,0.05084745762711865,0.15625,0.14736842105263157,0.10256410256410256,0.12087912087912088,0.1875,0.10227272727272728,0.11320754716981132,0.10588235294117647,0.08235294117647059,0.1276595744680851,0.10112359550561797,0.16,0.09615384615384616,0.09090909090909091,0.12222222222222222,0.14150943396226415,0.1532258064516129,0.07377049180327869,0.0970873786407767,0.10309278350515463,0.06722689075630252,0.09009009009009009,0.10891089108910891,0.11494252873563218,0.08791208791208792,0.05263157894736842,0.08641975308641975,0.10416666666666667
Financial District,Manhattan,neighborhood,0.12026359143327842,0.0890625,0.09317803660565724,0.0976027397260274,0.07184466019417475,0.09386973180076628,0.08846153846153847,0.050387596899224806,0.13617886178861788,0.14015151515151514,0.10294117647058823,0.09800362976406533,0.09615384615384616,0.12138728323699421,0.1153184165232358,0.0945273631840796,0.0924092409240924,0.09800918836140889,0.10990712074303406,0.18834080717488788,0.15477996965098634,0.135678391959799,0.14803625377643503,0.1484375,0.12805755395683452,0.14198473282442747,0.13534822601839686,0.10270270270270271,0.1334231805929919,0.10164835164835165,0.11646586345381527,0.10222804718217562,0.12071535022354694,0.16514954486345904,0.06837606837606838,0.13625,0.183206106870229,0.13979591836734695,0.16086547507055504,0.1147982062780269,0.09788359788359788,0.1284153005464481,0.13676731793960922,0.12818181818181817,0.11791590493601463,0.14785651793525809,0.20257234726688103,0.13093980992608237,0.14029535864978904,0.12202688728024819,0.16536964980544747,0.1347331583552056,0.11131725417439703,0.0969637610186092,0.13413413413413414,0.10331384015594541,0.13406593406593406,0.18607442977190877,0.1841109709962169,0.15258511979823455,0.14705882352941177,0.1444866920152091,0.18682634730538922,0.1423487544483986,0.11051502145922747,0.12065439672801637,0.11542610571736785,0.17486338797814208,0.18583042973286876,0.25874125874125875,0.2614795918367347,0.2131979695431472,0.2080856123662307,0.172686230248307,0.15828877005347594,0.17248255234297108,0.15408479834539815,0.1746192893401015,0.2572347266881029,0.18507462686567164,0.267349260523322,0.28225806451612906,0.3383838383838384,0.19540229885057472,0.24465558194774348,0.18822170900692842,0.20581896551724138,0.1723404255319149,0.15112855740922473,0.18054256314312442,0.1590909090909091,0.21123595505617979,0.18214285714285713,0.273176761433869,0.2339622641509434,0.17297297297297298,0.22919179734620024,0.1813186813186813,0.15983026874115983,0.16579634464751958,0.14609571788413098,0.105,0.13776137761377613,0.13454075032341525,0.19941348973607037,0.26598837209302323,0.25559105431309903,0.18760757314974183,0.22624434389140272,0.19476268412438624,0.16005665722379603,0.17294281729428174,0.13975903614457832,0.13695395513577333,0.15876777251184834,0.15024630541871922,0.17774936061381075,0.2883008356545961,0.22429906542056074,0.1708185053380783,0.18104906937394247,0.17723880597014927,0.19001919385796545,0.2870722433460076,0.3293010752688172,0.3235591506572295,0.36587301587301585,0.3749138525155066,0.34375,0.26264044943820225,0.23552425665101723,0.15590008613264428,0.17642209398186315,0.10526315789473684,0.1401952085181899,0.0962671905697446,0.0929451287793953,0.058394160583941604,0.0776255707762557,0.1111111111111111,0.15655577299412915,0.21092278719397364,0.17429193899782136,0.11764705882352941,0.13626373626373625,0.1267605633802817,0.2073170731707317,0.14893617021276595,0.14829659318637275,0.1875,0.2046783625730994,0.2647058823529412,0.2748447204968944,0.38472622478386165,0.3532846715328467,0.24613003095975233,0.29512893982808025,0.22115384615384615,0.22036474164133737,0.20305343511450383,0.2119487908961593,0.2433234421364985,0.21839080459770116,0.2689075630252101,0.37662337662337664,0.38767650834403083,0.3262411347517731,0.23795620437956205,0.2620320855614973,0.28249336870026526,0.23398692810457516,0.21065989847715735,0.22407170294494239,0.28,0.22807017543859648,0.29077117572692796,0.3170731707317073,0.3147914032869785,0.28055555555555556,0.20247295208655333,0.17765042979942694,0.16559485530546625,0.2288488210818308,0.21601016518424396,0.17537313432835822,0.15375,0.23563892145369286,0.21597300337457817,0.23462986198243413,0.23670886075949368,0.25505443234836706,0.16850393700787403,0.17590027700831026,0.17063492063492064,0.17111650485436894,0.2126642771804062,0.18242491657397109,0.15036803364879076,0.2240085744908896,0.22483940042826553
Flatbush,Brooklyn,neighborhood,0.09090909090909091,0.08333333333333333,0.0,0.15384615384615385,0.0,0.0,0.0,0.0,0.125,0.08333333333333333,0.15384615384615385,0.0,0.18181818181818182,0.1111111111111111,0.17647058823529413,0.022727272727272728,0.13636363636363635,0.15,0.125,0.06666666666666667,0.05263157894736842,0.09090909090909091,0.23076923076923078,0.05,0.2,0.08333333333333333,0.09090909090909091,0.2857142857142857,0.0,0.0,0.0,0.034482758620689655,0.1,0.14285714285714285,0.047619047619047616,0.10526315789473684,0.07407407407407407,0.041666666666666664,0.034482758620689655,0.1,0.075,0.0784313725490196,0.019230769230769232,0.0641025641025641,0.06756756756756757,0.11688311688311688,0.18518518518518517,0.08196721311475409,0.12121212121212122,0.03508771929824561,0.061224489795918366,0.05084745762711865,0.04285714285714286,0.09302325581395349,0.04477611940298507,0.07894736842105263,0.05357142857142857,0.0421455938697318,0.05102040816326531,0.04693140794223827,0.0847457627118644,0.10245901639344263,0.043689320388349516,0.0782608695652174,0.07749077490774908,0.041935483870967745,0.07664233576642336,0.07604562737642585,0.05555555555555555,0.11864406779661017,0.07834101382488479,0.06451612903225806,0.05853658536585366,0.09045226130653267,0.14018691588785046,0.0892018779342723,0.10619469026548672,0.11355311355311355,0.15636363636363637,0.16319444444444445,0.13190184049079753,0.10810810810810811,0.15342465753424658,0.14133333333333334,0.11722488038277512,0.13110539845758354,0.12249443207126949,0.10297482837528604,0.10208333333333333,0.09278350515463918,0.07661290322580645,0.14627659574468085,0.17277486910994763,0.15736040609137056,0.162227602905569,0.13253012048192772,0.14615384615384616,0.17766497461928935,0.1388101983002833,0.0972644376899696,0.12694300518134716,0.11434977578475336,0.11449016100178891,0.12014134275618374,0.1566265060240964,0.20418006430868169,0.12011577424023155,0.07792207792207792,0.09615384615384616,0.09630818619582665,0.06643952299829642,0.0998003992015968,0.11296296296296296,0.11934156378600823,0.09727626459143969,0.14629629629629629,0.12650602409638553,0.14035087719298245,0.1608910891089109,0.11621621621621622,0.1223529411764706,0.11294117647058824,0.10695187165775401,0.07446808510638298,0.16824644549763032,0.15500945179584122,0.16642120765832105,0.13914174252275682,0.1889655172413793,0.15967523680649526,0.12769010043041606,0.1359375,0.10229007633587786,0.09076433121019108,0.08544303797468354,0.09317803660565724,0.08866279069767442,0.11126005361930295,0.0712290502793296,0.09407216494845361,0.06126482213438735,0.12086092715231789,0.08077544426494346,0.12450592885375494,0.08538899430740038,0.06321839080459771,0.10701754385964912,0.08678500986193294,0.1050080775444265,0.1520979020979021,0.08934169278996865,0.11267605633802817,0.1555944055944056,0.15705765407554673,0.1396551724137931,0.12022900763358779,0.11573236889692586,0.12100840336134454,0.11483253588516747,0.09814814814814815,0.12808641975308643,0.12680115273775217,0.12,0.14640522875816994,0.11336717428087986,0.155,0.16666666666666666,0.10379241516966067,0.08258527827648116,0.140597539543058,0.10880829015544041,0.10193321616871705,0.1442663378545006,0.13557046979865772,0.12982456140350876,0.1695108077360637,0.18181818181818182,0.1325136612021858,0.14965986394557823,0.0974124809741248,0.09657320872274143,0.10361842105263158,0.09187279151943463,0.08278145695364239,0.11945812807881774,0.12529832935560858,0.09147609147609148,0.09777777777777778,0.10817610062893082,0.09883720930232558,0.08928571428571429,0.10634920634920635,0.08936170212765958,0.06172839506172839,0.07338129496402877,0.06878306878306878,0.07010309278350516,0.08911819887429644,0.08823529411764706,0.06533776301218161
Flatiron,Manhattan,neighborhood,0.08960573476702509,0.11510791366906475,0.13780918727915195,0.10740740740740741,0.10294117647058823,0.09124087591240876,0.13692946058091288,0.10227272727272728,0.10256410256410256,0.2217573221757322,0.10894941634241245,0.0794979079497908,0.12133891213389121,0.08962264150943396,0.08097165991902834,0.11587982832618025,0.06818181818181818,0.10305343511450382,0.109375,0.11153846153846154,0.1511111111111111,0.1482889733840304,0.22943722943722944,0.12568306010928962,0.1187214611872146,0.10679611650485436,0.08583690987124463,0.1220472440944882,0.1461794019933555,0.13836477987421383,0.07384615384615385,0.15902140672782875,0.125,0.16932907348242812,0.16071428571428573,0.09523809523809523,0.12363636363636364,0.14685314685314685,0.11965811965811966,0.17534246575342466,0.12188365650969529,0.1510574018126888,0.1362397820163488,0.1876675603217158,0.17941952506596306,0.12898089171974522,0.05235602094240838,0.0893854748603352,0.10939907550077041,0.11804384485666104,0.10357815442561205,0.07246376811594203,0.13140311804008908,0.17060367454068243,0.18045112781954886,0.20460358056265984,0.23173803526448364,0.1848341232227488,0.2152230971128609,0.20048309178743962,0.185546875,0.16210526315789472,0.1440536013400335,0.15859766277128548,0.1744186046511628,0.2516891891891892,0.2068345323741007,0.3389513108614232,0.26990291262135924,0.28484848484848485,0.2590909090909091,0.252212389380531,0.26666666666666666,0.2242152466367713,0.3380281690140845,0.2787878787878788,0.2148014440433213,0.21006944444444445,0.3376383763837638,0.3089108910891089,0.3021276595744681,0.3558648111332008,0.3299595141700405,0.26651480637813213,0.2742616033755274,0.24641148325358853,0.25430210325047803,0.22962962962962963,0.2684887459807074,0.31239669421487604,0.2589928057553957,0.3239130434782609,0.3764172335600907,0.3489795918367347,0.3325062034739454,0.246684350132626,0.26894865525672373,0.29457364341085274,0.22769953051643194,0.2516703786191537,0.20412371134020618,0.224105461393597,0.2073170731707317,0.24429223744292236,0.28273809523809523,0.3133514986376022,0.33436532507739936,0.25901639344262295,0.30513595166163143,0.25483870967741934,0.2112676056338028,0.22009569377990432,0.18736842105263157,0.19271948608137046,0.18961625282167044,0.2429245283018868,0.2955145118733509,0.2972972972972973,0.2981366459627329,0.262987012987013,0.23529411764705882,0.16891891891891891,0.19272727272727272,0.2698961937716263,0.33211678832116787,0.41278295605858856,0.45396825396825397,0.4434865900383142,0.3888888888888889,0.36745138178096215,0.27713625866050806,0.25,0.18929016189290163,0.19208211143695014,0.14202049780380674,0.12937062937062938,0.14107883817427386,0.12646370023419204,0.20408163265306123,0.1728395061728395,0.3107569721115538,0.3347457627118644,0.31981981981981983,0.2920353982300885,0.2170212765957447,0.22897196261682243,0.2198581560283688,0.2703488372093023,0.2486910994764398,0.24864864864864866,0.28463476070528965,0.3979591836734694,0.35561497326203206,0.46839080459770116,0.39710144927536234,0.3294460641399417,0.31842105263157894,0.29765013054830286,0.285,0.22769953051643194,0.2546972860125261,0.2703252032520325,0.31929046563192903,0.27973568281938327,0.28368794326241137,0.3613861386138614,0.30939226519337015,0.28955223880597014,0.22950819672131148,0.2626865671641791,0.2492753623188406,0.1903485254691689,0.24611398963730569,0.2716627634660422,0.26419213973799127,0.23737373737373738,0.30033003300330036,0.35275080906148865,0.336734693877551,0.31716417910447764,0.2392857142857143,0.19369369369369369,0.23443223443223443,0.218562874251497,0.22284122562674094,0.26586102719033233,0.30494505494505497,0.3728813559322034,0.3467153284671533,0.3272058823529412,0.3442622950819672,0.2784313725490196,0.291497975708502,0.2383177570093458,0.2364341085271318,0.27208480565371024,0.21863799283154123,0.26058631921824105,0.3221884498480243,0.32131147540983607
Flatlands,Brooklyn,neighborhood,,0.0,0.0,0.0,,,,,,,,,0.0,0.3333333333333333,0.2,0.0,0.0,0.0,0.0,0.0,0.0,0.0,,,,,,0.0,1.0,0.0,,0.0,0.0,0.0,0.0,0.0,0.5,0.0,0.0,0.25,0.0,0.0,0.0,0.0,,0.0,0.0,0.0,0.0,,0.0,0.0,0.0,0.0,0.0,0.0,0.0,0.0,0.0,0.0,0.0,0.0,0.0,0.0,0.0,0.0,0.0,0.2,0.0,0.16666666666666666,0.0,0.0,0.0,0.2,0.0,0.0,0.2,0.0,0.16666666666666666,0.0,0.0,0.0,0.0,0.0,0.16666666666666666,0.0,0.14285714285714285,0.125,0.0,0.0,0.0,0.0,0.6666666666666666,0.25,0.09090909090909091,0.1111111111111111,0.15384615384615385,0.0,0.0,0.14285714285714285,0.3333333333333333,0.0,0.14285714285714285,0.13333333333333333,0.1875,0.1111111111111111,0.08333333333333333,0.09090909090909091,0.0,0.16666666666666666,0.2777777777777778,0.2,0.5,0.09090909090909091,0.1,0.14285714285714285,0.4166666666666667,0.36363636363636365,0.2222222222222222,0.0,0.0,0.25,0.42857142857142855,0.4,0.0,0.25,0.1,0.2222222222222222,0.0,0.3333333333333333,0.5,0.3333333333333333,0.2222222222222222,0.16666666666666666,0.2,0.21428571428571427,0.2857142857142857,0.08333333333333333,0.1111111111111111,0.2857142857142857,0.0,0.4,0.0,0.0,0.0,0.0,0.0,0.0625,0.25,0.18181818181818182,0.0,0.125,0.14285714285714285,0.2,0.08333333333333333,0.25,0.0,0.3333333333333333,0.2222222222222222,0.0,0.0,0.1,0.16666666666666666,0.2857142857142857,0.0,0.14285714285714285,0.2631578947368421,0.4,0.3333333333333333,0.25,0.08333333333333333,0.2222222222222222,0.2857142857142857,0.375,0.16666666666666666,0.14285714285714285,0.1111111111111111,0.1,0.14285714285714285,0.16666666666666666,0.16666666666666666,0.0,0.0,0.3,0.5555555555555556,0.125,0.3,0.25,0.5,0.0,0.25,0.0,0.0,0.0,0.125,0.2222222222222222,0.18181818181818182,0.2,0.0,0.2
Floral Park,Queens,neighborhood,,,,,,,,,,,,,,,,,,,,,,,,,,0.0,0.0,,,,,,,,,,1.0,0.0,0.0,0.0,0.0,0.0,,0.0,0.0,0.0,1.0,0.0,0.0,0.0,0.0,0.0,,,,,,,,,,,,,,,,,,,0.0,0.0,0.0,,,,,,,,,,,,0.0,1.0,1.0,,,,,0.0,,,,,,,,,,,,,,,,,,0.0,1.0,0.0,0.0,0.0,0.5,0.5,0.5,1.0,0.0,,,0.0,0.0,,,,,,,,,,,,,,,,,,,,,,,,,,,,,0.5,1.0,0.0,,,,0.0,0.0,,0.0,0.0,,,,,,,,,,,,,,,,,,,0.0,,,,0.0,,,,,,,,,,,,,,,
Flushing,Queens,neighborhood,0.037037037037037035,0.25,0.0,0.06666666666666667,0.08333333333333333,0.0,0.16666666666666666,0.1111111111111111,0.3333333333333333,0.2222222222222222,0.14285714285714285,0.0,0.0,0.42105263157894735,0.1,0.09090909090909091,0.02857142857142857,0.058823529411764705,0.05128205128205128,0.06666666666666667,0.11363636363636363,0.01818181818181818,0.05,0.0,0.1111111111111111,0.14814814814814814,0.2916666666666667,0.20689655172413793,0.1388888888888889,0.05714285714285714,0.03508771929824561,0.045454545454545456,0.046511627906976744,0.034482758620689655,0.0,0.034482758620689655,0.030303030303030304,0.0,0.05263157894736842,0.04878048780487805,0.09090909090909091,0.1111111111111111,0.09090909090909091,0.0,0.023809523809523808,0.0625,0.0,0.07894736842105263,0.06666666666666667,0.0392156862745098,0.017241379310344827,0.08333333333333333,0.029850746268656716,0.06329113924050633,0.0958904109589041,0.029850746268656716,0.04285714285714286,0.07142857142857142,0.04285714285714286,0.0379746835443038,0.022727272727272728,0.04878048780487805,0.09876543209876543,0.045454545454545456,0.0375,0.14814814814814814,0.09259259259259259,0.0603448275862069,0.05737704918032787,0.1391304347826087,0.13008130081300814,0.0847457627118644,0.06451612903225806,0.12195121951219512,0.06779661016949153,0.09375,0.1111111111111111,0.06140350877192982,0.12295081967213115,0.07462686567164178,0.06201550387596899,0.10377358490566038,0.13186813186813187,0.1134020618556701,0.10606060606060606,0.10526315789473684,0.1778846153846154,0.1391304347826087,0.10954063604240283,0.10344827586206896,0.11253196930946291,0.12254901960784313,0.18791946308724833,0.15333333333333332,0.07407407407407407,0.15753424657534246,0.18571428571428572,0.11333333333333333,0.16463414634146342,0.1910828025477707,0.1242603550295858,0.16568047337278108,0.09947643979057591,0.10919540229885058,0.17486338797814208,0.17592592592592593,0.1724137931034483,0.13658536585365855,0.1319796954314721,0.13736263736263737,0.125,0.07608695652173914,0.11440677966101695,0.10185185185185185,0.1568627450980392,0.14418604651162792,0.1382488479262673,0.12757201646090535,0.0947867298578199,0.10344827586206896,0.15151515151515152,0.12578616352201258,0.12871287128712872,0.12162162162162163,0.07920792079207921,0.08333333333333333,0.20603015075376885,0.1623931623931624,0.17679558011049723,0.18719211822660098,0.12690355329949238,0.10989010989010989,0.14457831325301204,0.11818181818181818,0.13636363636363635,0.08085106382978724,0.09444444444444444,0.13903743315508021,0.09090909090909091,0.08196721311475409,0.0684931506849315,0.056338028169014086,0.0658682634730539,0.06,0.08045977011494253,0.09467455621301775,0.1228813559322034,0.08780487804878048,0.07462686567164178,0.0514018691588785,0.09569377990430622,0.125,0.11695906432748537,0.08762886597938144,0.13855421686746988,0.12972972972972974,0.12562814070351758,0.15025906735751296,0.09691629955947137,0.125,0.08496732026143791,0.11538461538461539,0.12666666666666668,0.087248322147651,0.06956521739130435,0.16417910447761194,0.07874015748031496,0.1323529411764706,0.13609467455621302,0.11023622047244094,0.07333333333333333,0.08695652173913043,0.05343511450381679,0.07534246575342465,0.09696969696969697,0.1276595744680851,0.1357142857142857,0.08588957055214724,0.12582781456953643,0.12727272727272726,0.15753424657534246,0.12727272727272726,0.10160427807486631,0.12209302325581395,0.12060301507537688,0.10714285714285714,0.11409395973154363,0.1484375,0.104,0.2112676056338028,0.1554054054054054,0.14482758620689656,0.10810810810810811,0.0440251572327044,0.14146341463414633,0.08695652173913043,0.03211009174311927,0.09223300970873786,0.07926829268292683,0.0975609756097561
Fordham,Bronx,neighborhood,,,,,,,0.0,0.0,,,,,,,,,,,,,,,0.0,0.0,0.0,0.0,0.0,0.0,0.0,0.0,0.0,0.2857142857142857,0.0,0.15384615384615385,0.15384615384615385,0.0,0.0,0.0,0.0,,,0.0,0.0,0.0,0.0,0.3333333333333333,0.0,0.0,0.2,0.0,0.0,0.0,0.0,0.4,0.125,0.125,0.0,0.0,0.08333333333333333,0.21739130434782608,0.0,0.0,0.0,0.0,0.0,0.15384615384615385,0.043478260869565216,0.05263157894736842,0.08695652173913043,0.1,0.08571428571428572,0.21875,0.15384615384615385,0.21052631578947367,0.14814814814814814,0.12,0.0967741935483871,0.13333333333333333,0.0625,0.0,0.06666666666666667,0.13513513513513514,0.08,0.05128205128205128,0.22448979591836735,0.1320754716981132,0.11320754716981132,0.0,0.15384615384615385,0.041666666666666664,0.1,0.2,0.038461538461538464,0.08333333333333333,0.07692307692307693,0.13636363636363635,0.041666666666666664,0.12195121951219512,0.1875,0.1282051282051282,0.023255813953488372,0.05,0.08,0.1111111111111111,0.15384615384615385,0.07142857142857142,0.07142857142857142,0.16666666666666666,0.05263157894736842,0.044444444444444446,0.04,0.058823529411764705,0.11666666666666667,0.13636363636363635,0.06521739130434782,0.06382978723404255,0.06976744186046512,0.02857142857142857,0.0,0.0,0.08695652173913043,0.058823529411764705,0.047619047619047616,0.1,0.09090909090909091,0.034482758620689655,0.14285714285714285,0.08333333333333333,0.25,0.125,0.21875,0.09090909090909091,0.058823529411764705,0.0967741935483871,0.058823529411764705,0.0,0.05555555555555555,0.030303030303030304,0.26666666666666666,0.12195121951219512,0.047619047619047616,0.13953488372093023,0.06818181818181818,0.15625,0.05128205128205128,0.023809523809523808,0.046511627906976744,0.06666666666666667,0.05128205128205128,0.02857142857142857,0.09375,0.16129032258064516,0.08333333333333333,0.05555555555555555,0.02564102564102564,0.0,0.024390243902439025,0.07692307692307693,0.05263157894736842,0.08,0.19047619047619047,0.0967741935483871,0.04,0.0967741935483871,0.1,0.06666666666666667,0.06976744186046512,0.06451612903225806,0.0967741935483871,0.11764705882352941,0.07407407407407407,0.03333333333333333,0.20454545454545456,0.09090909090909091,0.06382978723404255,0.0,0.10810810810810811,0.21875,0.15,0.08695652173913043,0.1111111111111111,0.23809523809523808,0.2,0.04,0.125,0.13636363636363635,0.13043478260869565,0.11538461538461539,0.14285714285714285,0.030303030303030304,0.041666666666666664,0.125,0.14285714285714285,0.07142857142857142,0.05,0.125,0.058823529411764705,0.038461538461538464,0.16666666666666666,0.0
Forest Hills,Queens,neighborhood,0.08536585365853659,0.043478260869565216,0.11392405063291139,0.04819277108433735,0.10344827586206896,0.019230769230769232,0.057692307692307696,0.08163265306122448,0.1016949152542373,0.1111111111111111,0.08108108108108109,0.07142857142857142,0.08955223880597014,0.04411764705882353,0.03488372093023256,0.08163265306122448,0.09009009009009009,0.020618556701030927,0.019417475728155338,0.05714285714285714,0.03409090909090909,0.0423728813559322,0.1,0.09278350515463918,0.05952380952380952,0.07894736842105263,0.06140350877192982,0.06363636363636363,0.041237113402061855,0.10126582278481013,0.028846153846153848,0.09473684210526316,0.08163265306122448,0.08080808080808081,0.10638297872340426,0.043478260869565216,0.07920792079207921,0.10185185185185185,0.027522935779816515,0.046296296296296294,0.038834951456310676,0.03571428571428571,0.08641975308641975,0.058823529411764705,0.05813953488372093,0.25,0.1267605633802817,0.14166666666666666,0.05384615384615385,0.0743801652892562,0.11764705882352941,0.0330188679245283,0.03383458646616541,0.06896551724137931,0.05531914893617021,0.04918032786885246,0.0903954802259887,0.09787234042553192,0.07589285714285714,0.08585858585858586,0.0891089108910891,0.1799163179916318,0.12406015037593984,0.07335907335907337,0.06792452830188679,0.09615384615384616,0.06766917293233082,0.06181818181818182,0.10344827586206896,0.13651877133105803,0.1443661971830986,0.08085106382978724,0.1218274111675127,0.09473684210526316,0.17209302325581396,0.09615384615384616,0.1111111111111111,0.08955223880597014,0.09774436090225563,0.1411764705882353,0.12830188679245283,0.11888111888111888,0.20599250936329588,0.09090909090909091,0.13071895424836602,0.10982658959537572,0.1267605633802817,0.125,0.10212765957446808,0.10119047619047619,0.08671586715867159,0.19808306709265175,0.15384615384615385,0.1930379746835443,0.21804511278195488,0.138996138996139,0.13588850174216027,0.1517509727626459,0.1551155115511551,0.15384615384615385,0.19298245614035087,0.17060367454068243,0.1566579634464752,0.15492957746478872,0.16666666666666666,0.20178041543026706,0.1801566579634465,0.20461095100864554,0.19254658385093168,0.1574074074074074,0.1836734693877551,0.16857142857142857,0.17733990147783252,0.17054263565891473,0.18204488778054864,0.18449197860962566,0.1962025316455696,0.261455525606469,0.21359223300970873,0.22344322344322345,0.18339100346020762,0.12903225806451613,0.1615720524017467,0.2421875,0.19248826291079812,0.19281045751633988,0.27427184466019416,0.25118483412322273,0.28074245939675174,0.19617224880382775,0.2718204488778055,0.206266318537859,0.22149122807017543,0.19759036144578312,0.17687074829931973,0.1580246913580247,0.12098765432098765,0.19047619047619047,0.14408602150537633,0.13786008230452676,0.0772626931567329,0.09930715935334873,0.14397905759162305,0.12195121951219512,0.09090909090909091,0.1038961038961039,0.13105413105413105,0.12218649517684887,0.07142857142857142,0.0798611111111111,0.09235668789808917,0.12140575079872204,0.14335664335664336,0.132013201320132,0.16666666666666666,0.13302752293577982,0.14,0.09944751381215469,0.14084507042253522,0.12060301507537688,0.13333333333333333,0.12396694214876033,0.15126050420168066,0.14869888475836432,0.1975806451612903,0.15087719298245614,0.1829787234042553,0.18048780487804877,0.16017316017316016,0.15319148936170213,0.13963963963963963,0.13,0.1111111111111111,0.18719211822660098,0.2,0.17269076305220885,0.1791044776119403,0.21518987341772153,0.21973094170403587,0.22926829268292684,0.19383259911894274,0.12719298245614036,0.1404109589041096,0.1504424778761062,0.15730337078651685,0.15708812260536398,0.25229357798165136,0.2300469483568075,0.3242009132420091,0.22807017543859648,0.27601809954751133,0.22162162162162163,0.13432835820895522,0.20512820512820512,0.12831858407079647,0.19158878504672897,0.17543859649122806,0.19911504424778761,0.15165876777251186,0.2015810276679842
Fort Greene,Brooklyn,neighborhood,0.13402061855670103,0.16346153846153846,0.10638297872340426,0.13829787234042554,0.07894736842105263,0.08064516129032258,0.07142857142857142,0.03076923076923077,0.05660377358490566,0.2549019607843137,0.11290322580645161,0.07017543859649122,0.08571428571428572,0.05084745762711865,0.21818181818181817,0.0547945205479452,0.075,0.024096385542168676,0.075,0.11688311688311688,0.15714285714285714,0.16666666666666666,0.14285714285714285,0.08888888888888889,0.14814814814814814,0.1111111111111111,0.07142857142857142,0.13580246913580246,0.13414634146341464,0.09183673469387756,0.06306306306306306,0.08602150537634409,0.04411764705882353,0.15789473684210525,0.06153846153846154,0.046153846153846156,0.18840579710144928,0.1566265060240964,0.14814814814814814,0.2235294117647059,0.125,0.10204081632653061,0.1,0.09090909090909091,0.11904761904761904,0.22033898305084745,0.19858156028368795,0.18354430379746836,0.18333333333333332,0.15816326530612246,0.1695906432748538,0.17985611510791366,0.11299435028248588,0.13658536585365855,0.13513513513513514,0.13278008298755187,0.16033755274261605,0.19402985074626866,0.21794871794871795,0.0949367088607595,0.12352941176470589,0.12946428571428573,0.15714285714285714,0.0931174089068826,0.128,0.12244897959183673,0.09090909090909091,0.14012738853503184,0.18050541516245489,0.16236162361623616,0.2345132743362832,0.11616161616161616,0.18681318681318682,0.11764705882352941,0.13617021276595745,0.1864406779661017,0.1774193548387097,0.18972332015810275,0.1678082191780822,0.209375,0.21597633136094674,0.21543408360128619,0.1892744479495268,0.16,0.1478494623655914,0.15030674846625766,0.15294117647058825,0.1130952380952381,0.11083743842364532,0.1437908496732026,0.1564625850340136,0.19032258064516128,0.20136518771331058,0.2581818181818182,0.17829457364341086,0.1485148514851485,0.20207253886010362,0.12946428571428573,0.13716814159292035,0.16055045871559634,0.10569105691056911,0.10266159695817491,0.15441176470588236,0.11952191235059761,0.18385650224215247,0.1415525114155251,0.13812154696132597,0.14795918367346939,0.13432835820895522,0.17142857142857143,0.1277533039647577,0.0933852140077821,0.10227272727272728,0.15867158671586715,0.1639871382636656,0.12757201646090535,0.1881720430107527,0.14871794871794872,0.20987654320987653,0.21428571428571427,0.1676300578034682,0.20710059171597633,0.18404907975460122,0.1267605633802817,0.23931623931623933,0.28974358974358977,0.3177966101694915,0.33659491193737767,0.357421875,0.34824902723735407,0.23444976076555024,0.21301775147928995,0.14150943396226415,0.1601423487544484,0.18867924528301888,0.12654320987654322,0.14285714285714285,0.14181818181818182,0.10638297872340426,0.07211538461538461,0.11585365853658537,0.08552631578947369,0.16233766233766234,0.10059171597633136,0.056179775280898875,0.12169312169312169,0.10695187165775401,0.08974358974358974,0.08875739644970414,0.08053691275167785,0.183206106870229,0.1206896551724138,0.2679738562091503,0.17518248175182483,0.3103448275862069,0.15833333333333333,0.14925373134328357,0.208955223880597,0.14457831325301204,0.11764705882352941,0.14285714285714285,0.24378109452736318,0.20952380952380953,0.2669683257918552,0.24528301886792453,0.32701421800947866,0.24338624338624337,0.26380368098159507,0.3216374269005848,0.33516483516483514,0.2484472049689441,0.2709677419354839,0.18691588785046728,0.19327731092436976,0.20416666666666666,0.17777777777777778,0.3105263157894737,0.28342245989304815,0.2670807453416149,0.21830985915492956,0.10204081632653061,0.22535211267605634,0.07784431137724551,0.07589285714285714,0.09803921568627451,0.11928934010152284,0.14878048780487804,0.13075060532687652,0.12552301255230125,0.12090680100755667,0.14733542319749215,0.05379746835443038,0.1182108626198083,0.06825938566552901,0.13664596273291926,0.08227848101265822,0.0989399293286219,0.11666666666666667,0.08536585365853659,0.13690476190476192
Fresh Meadows,Queens,neighborhood,,,,,,,,,,,,,,,,,,,,0.0,0.0,0.0,,0.0,,,0.0,0.0,0.0,0.0,,,,,,,0.0,0.0,0.0,0.0,0.0,,,,0.0,0.0,,0.0,0.0,0.0,0.0,0.0,0.0,0.0,0.0,0.0,0.0,0.0,0.0,0.0,0.0,0.0,0.0,0.0,0.0,0.0,0.0,0.0,0.0,0.0,0.0,0.0,0.0,0.5,0.0,0.0,0.0,0.0,0.0,0.0,0.0,0.0,0.0,0.0,0.0,0.2,0.08333333333333333,0.0,0.0,0.1111111111111111,0.0,0.0,0.0,0.0,0.0,,0.0,0.0,0.0,0.5,0.0,0.3333333333333333,1.0,0.3333333333333333,0.16666666666666666,0.25,0.16666666666666666,0.0,0.3333333333333333,0.16666666666666666,0.5,0.3333333333333333,0.125,0.0,0.125,0.0,0.0,0.0,0.0,0.0,0.2,0.3333333333333333,0.2,0.0,0.0,0.0,0.0,0.0,0.5,0.0,0.0,0.0,0.14285714285714285,0.2,0.2,0.0,0.0,0.0,0.25,0.0,0.0,0.0,,0.0,0.0,0.5,1.0,0.14285714285714285,0.1111111111111111,0.0,0.0,0.0,0.0,,0.0,,,0.0,0.0,0.5,0.0,0.0,0.2,0.14705882352941177,0.2,0.25,0.0,0.0,0.22727272727272727,0.06896551724137931,0.02857142857142857,0.0,0.06666666666666667,0.05,0.0625,0.0,0.05263157894736842,0.03571428571428571,0.0,0.0,0.0,0.047619047619047616,0.08333333333333333,0.0,0.15384615384615385,0.0196078431372549,0.0,0.08333333333333333,0.13043478260869565,0.09090909090909091,0.03225806451612903,0.0,0.0,0.0,0.022222222222222223,0.0,0.125,0.0851063829787234,0.05263157894736842,0.06349206349206349
Gerritsen Beach,Brooklyn,neighborhood,,,,,,,,0.0,0.0,,,,,,,,,,,,,,,,,,,,,,,,,,,,,,,,,,,,,,,,,0.0,0.0,,0.0,0.5,0.0,,0.0,0.0,,,,,,,,,,,,,,,,,,,,,,0.0,0.0,1.0,0.0,0.0,,1.0,1.0,0.0,,0.0,0.0,0.0,0.0,0.3333333333333333,0.0,0.0,0.14285714285714285,0.3333333333333333,0.0,0.3333333333333333,0.0,0.0,0.0,0.0,1.0,0.0,0.16666666666666666,0.0,0.0,1.0,0.0,,,0.0,0.0,0.0,0.0,,0.0,,,,,0.0,,0.0,,,,,0.0,0.0,,,,,,,,,,0.0,0.3333333333333333,0.5,,,,,,,0.0,0.0,0.0,0.0,0.0,,,,,,,0.0,,0.0,0.0,,0.5,0.75,1.0,0.0,0.0,,,,,,,0.0,0.0,,,,,,0.0,0.0,,,0.0,0.0,0.0,0.0,,0.0,0.0,0.0,1.0,0.0,,
Glen Oaks,Queens,neighborhood,0.0,,,,,,,,,,,0.0,0.0,0.0,0.0,0.0,0.0,0.0,0.0,0.0,0.0,0.0,0.1111111111111111,0.0,0.0,0.0,0.0,0.0,0.0,0.0,0.16666666666666666,0.16666666666666666,0.0,0.08333333333333333,0.0,0.0,0.0,0.0,0.0,,0.0,0.0,0.0,1.0,0.0,0.0,0.0,0.0,0.0,0.0,0.0,0.0,0.0,0.0,0.0,0.0,0.25,0.0,0.0,0.0,0.16666666666666666,0.0,0.0,0.25,0.0,0.0,0.0,0.0,0.0,0.2,0.0,0.0,0.5,0.0,0.0,0.0,0.2,0.0,0.0,0.2,0.0,0.14285714285714285,0.2222222222222222,0.25,0.0,0.0,0.0,0.0,0.0,0.5,0.0,0.0,0.0,0.0,0.3333333333333333,0.2,0.125,0.0,0.0,0.0,0.0,0.0,0.0,0.14285714285714285,0.0,0.0,0.0,0.0,0.0,0.0,,0.0,0.0,0.0,0.0,0.5,0.0,0.1111111111111111,0.0,0.0,0.0,0.14285714285714285,0.0,0.0,,0.0,0.0,0.0,0.0,0.2,0.1,0.0,0.0,0.0,0.0,0.0,0.0,0.0,0.0,0.0,0.0,0.0,0.25,0.0,0.5,0.0,0.0,0.0,0.0,,0.2,0.16666666666666666,0.3333333333333333,0.16666666666666666,0.3333333333333333,,0.5,0.0,0.3333333333333333,0.0,0.0,0.0,0.3333333333333333,0.1111111111111111,0.0,0.4,0.3333333333333333,0.14285714285714285,0.0,0.1111111111111111,0.0,0.0,0.14285714285714285,0.0,0.0,0.0,0.16666666666666666,0.125,0.2,0.125,0.0,0.0,0.0,0.0,0.5,0.0,0.25,0.6,0.0,0.2,0.5,0.0,0.0,0.0,0.0,0.0,0.0,0.0,0.0,0.0
Glendale,Queens,neighborhood,1.0,0.0,0.0,0.0,,,,,0.0,0.0,0.25,0.0,0.0,0.0,0.0,0.0,0.0,0.0,0.0,0.0,1.0,0.0,0.3333333333333333,0.0,0.5,0.0,0.0,0.0,0.25,0.0,0.0,0.25,0.0,0.2727272727272727,0.0,0.09090909090909091,0.16666666666666666,0.14285714285714285,0.0,0.0,0.5,0.0,0.125,0.25,0.2857142857142857,0.125,0.16666666666666666,0.0,0.2,0.0,0.3333333333333333,0.0,0.375,0.0,0.1,0.0,0.2,0.0,0.0,0.1,0.09090909090909091,0.0,0.13333333333333333,0.07142857142857142,0.10526315789473684,0.10526315789473684,0.19230769230769232,0.12,0.0,0.13636363636363635,0.0,0.10526315789473684,0.07407407407407407,0.1,0.125,0.03125,0.09375,0.12,0.12,0.2,0.2857142857142857,0.1276595744680851,0.2553191489361702,0.3333333333333333,0.20512820512820512,0.11627906976744186,0.10526315789473684,0.12280701754385964,0.05,0.14035087719298245,0.10909090909090909,0.17857142857142858,0.3103448275862069,0.1935483870967742,0.2,0.047619047619047616,0.1,0.25,0.16666666666666666,0.12244897959183673,0.09090909090909091,0.3,0.18,0.14634146341463414,0.25,0.2857142857142857,0.14492753623188406,0.14754098360655737,0.13333333333333333,0.1346153846153846,0.17647058823529413,0.14583333333333334,0.09803921568627451,0.11627906976744186,0.12244897959183673,0.2786885245901639,0.25,0.19696969696969696,0.21739130434782608,0.2,0.14,0.09375,0.16666666666666666,0.2,0.3333333333333333,0.20588235294117646,0.2682926829268293,0.28888888888888886,0.23684210526315788,0.21739130434782608,0.3018867924528302,0.20754716981132076,0.16666666666666666,0.12903225806451613,0.13043478260869565,0.15384615384615385,0.10909090909090909,0.07272727272727272,0.15217391304347827,0.06521739130434782,0.15,0.14285714285714285,0.09433962264150944,0.025,0.14893617021276595,0.08571428571428572,0.10526315789473684,0.1388888888888889,0.22916666666666666,0.08333333333333333,0.22916666666666666,0.10714285714285714,0.09375,0.1,0.021739130434782608,0.11764705882352941,0.12195121951219512,0.14893617021276595,0.125,0.08888888888888889,0.11904761904761904,0.2,0.20930232558139536,0.17073170731707318,0.045454545454545456,0.125,0.22,0.06976744186046512,0.075,0.16666666666666666,0.21951219512195122,0.15384615384615385,0.09090909090909091,0.3333333333333333,0.25806451612903225,0.2222222222222222,0.20512820512820512,0.0967741935483871,0.2727272727272727,0.14814814814814814,0.2682926829268293,0.13636363636363635,0.1509433962264151,0.1956521739130435,0.16666666666666666,0.06976744186046512,0.17307692307692307,0.19047619047619047,0.2857142857142857,0.2222222222222222,0.16666666666666666,0.16,0.09090909090909091,0.2571428571428571,0.11538461538461539,0.10638297872340426,0.18604651162790697,0.15384615384615385,0.16981132075471697,0.20833333333333334
Gowanus,Brooklyn,neighborhood,0.2222222222222222,0.0,0.1111111111111111,0.2222222222222222,0.0,0.0,0.125,0.16666666666666666,0.0,0.3076923076923077,0.0,0.0,0.038461538461538464,0.034482758620689655,0.0,0.0,0.07142857142857142,0.0,0.037037037037037035,0.0,0.0,0.0,0.3125,0.09090909090909091,0.0,0.0,0.18181818181818182,0.09090909090909091,0.15384615384615385,0.0,0.391304347826087,0.14814814814814814,0.05,0.2,0.22727272727272727,0.12903225806451613,0.08108108108108109,0.047619047619047616,0.1388888888888889,0.2,0.26,0.09615384615384616,0.12962962962962962,0.0425531914893617,0.1276595744680851,0.1320754716981132,0.14473684210526316,0.16417910447761194,0.2077922077922078,0.16923076923076924,0.1111111111111111,0.1791044776119403,0.1927710843373494,0.11538461538461539,0.11965811965811966,0.13333333333333333,0.29545454545454547,0.08955223880597014,0.11643835616438356,0.11320754716981132,0.09523809523809523,0.12371134020618557,0.08547008547008547,0.09375,0.12359550561797752,0.16494845360824742,0.18095238095238095,0.11764705882352941,0.16326530612244897,0.3368421052631579,0.2823529411764706,0.1527777777777778,0.15151515151515152,0.2,0.23478260869565218,0.24347826086956523,0.10714285714285714,0.1694915254237288,0.19318181818181818,0.22330097087378642,0.2982456140350877,0.18446601941747573,0.2692307692307692,0.17391304347826086,0.12612612612612611,0.22330097087378642,0.15384615384615385,0.16666666666666666,0.1310344827586207,0.16666666666666666,0.1443850267379679,0.2254335260115607,0.17177914110429449,0.14838709677419354,0.1935483870967742,0.1388888888888889,0.18115942028985507,0.14583333333333334,0.1619718309859155,0.12318840579710146,0.16374269005847952,0.19161676646706588,0.15723270440251572,0.20437956204379562,0.25925925925925924,0.35507246376811596,0.23387096774193547,0.21951219512195122,0.2159090909090909,0.1917808219178082,0.1797752808988764,0.1553398058252427,0.104,0.11504424778761062,0.11320754716981132,0.11570247933884298,0.16494845360824742,0.26436781609195403,0.16901408450704225,0.15151515151515152,0.17721518987341772,0.1267605633802817,0.10294117647058823,0.2222222222222222,0.1724137931034483,0.26811594202898553,0.27388535031847133,0.2930232558139535,0.29577464788732394,0.25263157894736843,0.20555555555555555,0.11666666666666667,0.14492753623188406,0.2028301886792453,0.15668202764976957,0.11827956989247312,0.11235955056179775,0.10559006211180125,0.1095890410958904,0.14728682170542637,0.0759493670886076,0.12857142857142856,0.08620689655172414,0.06382978723404255,0.13333333333333333,0.08955223880597014,0.08823529411764706,0.05555555555555555,0.10975609756097561,0.09574468085106383,0.18888888888888888,0.12,0.25,0.19117647058823528,0.2708333333333333,0.14285714285714285,0.22413793103448276,0.1864406779661017,0.14473684210526316,0.057692307692307696,0.1125,0.13541666666666666,0.15555555555555556,0.1206896551724138,0.24074074074074073,0.20952380952380953,0.22727272727272727,0.1188118811881188,0.125,0.10843373493975904,0.19753086419753085,0.1774193548387097,0.18478260869565216,0.2808988764044944,0.18543046357615894,0.20567375886524822,0.22962962962962963,0.2222222222222222,0.1262135922330097,0.15126050420168066,0.0748663101604278,0.06829268292682927,0.08256880733944955,0.10952380952380952,0.07741935483870968,0.14328358208955225,0.1483375959079284,0.13032581453634084,0.12679425837320574,0.10732984293193717,0.07763975155279502,0.06303724928366762,0.06876790830945559,0.03470031545741325,0.09375,0.041044776119402986,0.10299003322259136,0.12418300653594772,0.09722222222222222,0.1226158038147139
Gramercy Park,Manhattan,neighborhood,0.12301587301587301,0.09615384615384616,0.13768115942028986,0.07168458781362007,0.07003891050583658,0.08178438661710037,0.06048387096774194,0.09130434782608696,0.12264150943396226,0.1282051282051282,0.0851063829787234,0.11428571428571428,0.125,0.10989010989010989,0.13930348258706468,0.07589285714285714,0.07106598984771574,0.04405286343612335,0.11203319502074689,0.11428571428571428,0.09042553191489362,0.1839080459770115,0.17391304347826086,0.14673913043478262,0.14285714285714285,0.10194174757281553,0.09569377990430622,0.13909774436090225,0.10793650793650794,0.12267657992565056,0.15806451612903225,0.13486842105263158,0.18548387096774194,0.19095477386934673,0.21,0.14903846153846154,0.13807531380753138,0.12653061224489795,0.13671875,0.15719063545150502,0.09495548961424333,0.13448275862068965,0.1529745042492918,0.15294117647058825,0.19330855018587362,0.2471042471042471,0.27615062761506276,0.16393442622950818,0.14385964912280702,0.18345323741007194,0.16556291390728478,0.125,0.11607142857142858,0.1501416430594901,0.1856763925729443,0.1753846153846154,0.19661016949152543,0.2271186440677966,0.23711340206185566,0.11336032388663968,0.10984848484848485,0.15162454873646208,0.16422287390029325,0.1078167115902965,0.09245742092457421,0.14146341463414633,0.13053613053613053,0.175,0.12,0.14285714285714285,0.2066420664206642,0.16165413533834586,0.15849056603773584,0.16013071895424835,0.20754716981132076,0.1440677966101695,0.11023622047244094,0.15065502183406113,0.19658119658119658,0.1835564053537285,0.21534653465346534,0.2695417789757412,0.22842639593908629,0.14705882352941177,0.15281501340482573,0.1906005221932115,0.16901408450704225,0.13347457627118645,0.13060428849902533,0.18808193668528864,0.13518518518518519,0.23943661971830985,0.26038781163434904,0.26170798898071623,0.2732919254658385,0.2532467532467532,0.22012578616352202,0.17981072555205047,0.1826086956521739,0.1382716049382716,0.11956521739130435,0.22899159663865545,0.18811881188118812,0.19221967963386727,0.23848238482384823,0.27728613569321536,0.27722772277227725,0.22456140350877193,0.17993079584775087,0.13780918727915195,0.132890365448505,0.10079575596816977,0.09592326139088729,0.11722488038277512,0.14912280701754385,0.17560975609756097,0.15806451612903225,0.19784172661870503,0.24152542372881355,0.2,0.17937219730941703,0.16666666666666666,0.13131313131313133,0.22857142857142856,0.2670157068062827,0.28664495114006516,0.3453416149068323,0.4230769230769231,0.37695078031212487,0.35236938031591736,0.2897959183673469,0.20300751879699247,0.15895061728395063,0.13982300884955753,0.11192660550458716,0.09552845528455285,0.07125890736342043,0.040983606557377046,0.031914893617021274,0.0859375,0.08695652173913043,0.15476190476190477,0.10429447852760736,0.109375,0.14545454545454545,0.12686567164179105,0.1165644171779141,0.0898876404494382,0.15695067264573992,0.1282051282051282,0.1589958158995816,0.24904214559386972,0.31794871794871793,0.23853211009174313,0.26778242677824265,0.21890547263681592,0.252,0.21929824561403508,0.2,0.16666666666666666,0.13595166163141995,0.12968299711815562,0.21951219512195122,0.22572178477690288,0.25838926174496646,0.24686192468619247,0.314410480349345,0.1761904761904762,0.15767634854771784,0.14732142857142858,0.11267605633802817,0.10683760683760683,0.12244897959183673,0.19411764705882353,0.16712328767123288,0.15775401069518716,0.24922118380062305,0.23272727272727273,0.22596153846153846,0.1956521739130435,0.09497206703910614,0.11875,0.13861386138613863,0.13168724279835392,0.11262798634812286,0.1044776119402985,0.13175675675675674,0.19285714285714287,0.2175732217573222,0.22325581395348837,0.1657142857142857,0.21739130434782608,0.12574850299401197,0.08875739644970414,0.11312217194570136,0.07203389830508475,0.09016393442622951,0.12359550561797752,0.1103448275862069,0.17872340425531916
Gravesend,Brooklyn,neighborhood,0.16666666666666666,0.0,0.09090909090909091,0.16666666666666666,0.0,0.3333333333333333,0.0,0.0,0.14285714285714285,0.09090909090909091,0.09090909090909091,0.0,0.0,0.05,0.0,0.125,0.0,0.0,0.0,0.0,0.08333333333333333,0.07692307692307693,0.0,0.07142857142857142,0.1,0.1,0.25,0.0,0.25,0.0,0.13333333333333333,0.11538461538461539,0.034482758620689655,0.08163265306122448,0.02040816326530612,0.06451612903225806,0.1694915254237288,0.06666666666666667,0.058823529411764705,0.2,0.05555555555555555,0.043478260869565216,0.17073170731707318,0.0,0.0967741935483871,0.1794871794871795,0.13793103448275862,0.15625,0.1111111111111111,0.030303030303030304,0.2,0.05454545454545454,0.02040816326530612,0.05,0.058823529411764705,0.03571428571428571,0.13333333333333333,0.03125,0.06451612903225806,0.1111111111111111,0.19148936170212766,0.1891891891891892,0.10714285714285714,0.10810810810810811,0.08,0.06451612903225806,0.0784313725490196,0.12727272727272726,0.03333333333333333,0.023529411764705882,0.15942028985507245,0.08064516129032258,0.07317073170731707,0.2222222222222222,0.05084745762711865,0.18,0.08928571428571429,0.21153846153846154,0.25,0.12280701754385964,0.1643835616438356,0.1095890410958904,0.1,0.0379746835443038,0.08490566037735849,0.1320754716981132,0.10714285714285714,0.11702127659574468,0.18421052631578946,0.07874015748031496,0.11206896551724138,0.3617021276595745,0.3191489361702128,0.10638297872340426,0.0625,0.17391304347826086,0.26785714285714285,0.171875,0.19230769230769232,0.22666666666666666,0.19767441860465115,0.12857142857142856,0.16049382716049382,0.14583333333333334,0.16037735849056603,0.1891891891891892,0.13978494623655913,0.14814814814814814,0.25,0.09195402298850575,0.17647058823529413,0.1958762886597938,0.15294117647058825,0.1323529411764706,0.15151515151515152,0.24096385542168675,0.2716049382716049,0.19480519480519481,0.20512820512820512,0.0967741935483871,0.2112676056338028,0.16666666666666666,0.20833333333333334,0.13636363636363635,0.15,0.09615384615384616,0.2542372881355932,0.11940298507462686,0.19480519480519481,0.28,0.25,0.18571428571428572,0.23076923076923078,0.0945945945945946,0.17777777777777778,0.17,0.12643678160919541,0.15053763440860216,0.11214953271028037,0.10891089108910891,0.12903225806451613,0.10344827586206896,0.10588235294117647,0.10227272727272728,0.0989010989010989,0.11224489795918367,0.10434782608695652,0.061855670103092786,0.07368421052631578,0.08860759493670886,0.06666666666666667,0.10344827586206896,0.16666666666666666,0.07142857142857142,0.09615384615384616,0.1774193548387097,0.08695652173913043,0.06521739130434782,0.11428571428571428,0.09433962264150944,0.18421052631578946,0.175,0.07692307692307693,0.1276595744680851,0.09090909090909091,0.18181818181818182,0.061224489795918366,0.11363636363636363,0.11764705882352941,0.07142857142857142,0.07692307692307693,0.06896551724137931,0.06451612903225806,0.08433734939759036,0.15,0.1095890410958904,0.0759493670886076,0.0945945945945946,0.3625,0.05555555555555555,0.11363636363636363,0.11392405063291139,0.15306122448979592,0.02857142857142857,0.05172413793103448,0.02247191011235955,0.09195402298850575,0.08333333333333333,0.06666666666666667,0.05319148936170213,0.05319148936170213,0.03529411764705882,0.041666666666666664,0.075,0.11842105263157894,0.012658227848101266,0.08860759493670886,0.07042253521126761,0.10227272727272728,0.13157894736842105
Greenpoint,Brooklyn,neighborhood,0.25263157894736843,0.16049382716049382,0.1956521739130435,0.16883116883116883,0.11290322580645161,0.1,0.17777777777777778,0.09375,0.16216216216216217,0.027777777777777776,0.11764705882352941,0.0410958904109589,0.07575757575757576,0.05084745762711865,0.17391304347826086,0.037037037037037035,0.12857142857142856,0.12857142857142856,0.1506849315068493,0.07692307692307693,0.06896551724137931,0.15,0.11290322580645161,0.0273972602739726,0.045454545454545456,0.14473684210526316,0.15384615384615385,0.16883116883116883,0.14432989690721648,0.09876543209876543,0.06741573033707865,0.19318181818181818,0.12359550561797752,0.19230769230769232,0.14634146341463414,0.13592233009708737,0.21774193548387097,0.17647058823529413,0.12903225806451613,0.1223021582733813,0.19834710743801653,0.23076923076923078,0.1118421052631579,0.175,0.16,0.19186046511627908,0.31446540880503143,0.1497584541062802,0.1388888888888889,0.16336633663366337,0.16806722689075632,0.1422924901185771,0.12177121771217712,0.13454545454545455,0.18209876543209877,0.17231638418079095,0.11781609195402298,0.20307692307692307,0.15555555555555556,0.09580838323353294,0.14124293785310735,0.1346704871060172,0.11734693877551021,0.09534883720930233,0.11627906976744186,0.11888111888111888,0.13043478260869565,0.12547528517110265,0.14689265536723164,0.16632443531827515,0.15577889447236182,0.18787878787878787,0.16139240506329114,0.14893617021276595,0.19327731092436976,0.1820388349514563,0.16913319238900634,0.2255083179297597,0.18505942275042445,0.20132013201320131,0.20512820512820512,0.21444201312910285,0.23665893271461716,0.1957040572792363,0.18968692449355432,0.25,0.20689655172413793,0.18014184397163122,0.21354933726067746,0.20347003154574134,0.2150706436420722,0.3121495327102804,0.2757417102966841,0.3269565217391304,0.2774451097804391,0.1963882618510158,0.23224568138195778,0.21767241379310345,0.23076923076923078,0.17761989342806395,0.18057663125948406,0.19165378670788252,0.2149122807017544,0.20229555236728838,0.2119309262166405,0.2568306010928962,0.2032520325203252,0.1903807615230461,0.1887052341597796,0.14508580343213728,0.15724381625441697,0.10800744878957169,0.13398058252427184,0.14285714285714285,0.09125475285171103,0.14285714285714285,0.10802469135802469,0.13076923076923078,0.11290322580645161,0.13425925925925927,0.11787072243346007,0.17511520737327188,0.14354066985645933,0.14342629482071714,0.15082644628099173,0.2103861517976032,0.2429718875502008,0.3043117744610282,0.26634382566585957,0.2885443583118002,0.21703011422637591,0.203579418344519,0.17602591792656588,0.19848293299620734,0.12259615384615384,0.12784810126582277,0.10856269113149847,0.15767634854771784,0.12139917695473251,0.14320987654320988,0.16541353383458646,0.1341991341991342,0.13,0.15730337078651685,0.1641025641025641,0.1092896174863388,0.13654618473895583,0.13793103448275862,0.1857707509881423,0.18,0.23963133640552994,0.31666666666666665,0.43243243243243246,0.31634819532908703,0.381294964028777,0.3425414364640884,0.3284671532846715,0.27837837837837837,0.30563002680965146,0.2886297376093295,0.24473684210526317,0.2469437652811736,0.25475285171102663,0.2402135231316726,0.3520140105078809,0.2962962962962963,0.31417624521072796,0.23673469387755103,0.23699421965317918,0.18198529411764705,0.19281663516068054,0.2099009900990099,0.16151202749140894,0.25801282051282054,0.23789764868603042,0.2563758389261745,0.2063953488372093,0.18076285240464346,0.2462962962962963,0.17096018735362997,0.15292096219931273,0.17472118959107807,0.18363636363636363,0.20689655172413793,0.1643598615916955,0.20903954802259886,0.22781065088757396,0.21714285714285714,0.1588921282798834,0.16974789915966387,0.17857142857142858,0.1157495256166983,0.10603290676416818,0.11342155009451796,0.09984152139461172,0.1358695652173913,0.1622103386809269,0.1737012987012987,0.15454545454545454,0.17370892018779344
Greenwich Village,Manhattan,neighborhood,0.11056511056511056,0.11264367816091954,0.13636363636363635,0.07003891050583658,0.1111111111111111,0.05486725663716814,0.050505050505050504,0.06329113924050633,0.08306709265175719,0.12040133779264214,0.12797619047619047,0.11868686868686869,0.11734693877551021,0.06051873198847262,0.07888040712468193,0.06997084548104957,0.0953757225433526,0.10669975186104218,0.10723860589812333,0.09195402298850575,0.10135135135135136,0.14984709480122324,0.18211920529801323,0.11746987951807229,0.12534818941504178,0.10703363914373089,0.10795454545454546,0.13428571428571429,0.15454545454545454,0.1308016877637131,0.12698412698412698,0.15367483296213807,0.1880108991825613,0.17039106145251395,0.13274336283185842,0.13440860215053763,0.17369727047146402,0.1425,0.18439716312056736,0.130879345603272,0.12915851272015655,0.1431297709923664,0.2028985507246377,0.18923933209647495,0.19348659003831417,0.19683257918552036,0.17894736842105263,0.1484593837535014,0.15760869565217392,0.14555256064690028,0.15384615384615385,0.12035010940919037,0.11439842209072978,0.17764471057884232,0.16135084427767354,0.14792899408284024,0.19911504424778761,0.22015915119363394,0.21910112359550563,0.17507418397626112,0.1850828729281768,0.1580547112462006,0.15945945945945947,0.11312217194570136,0.12554112554112554,0.13827655310621242,0.13432835820895522,0.16764132553606237,0.17218543046357615,0.23933649289099526,0.21067415730337077,0.18766066838046272,0.17464114832535885,0.16786570743405277,0.18550106609808104,0.14166666666666666,0.1511627906976744,0.17915904936014626,0.15100671140939598,0.16987179487179488,0.22671353251318102,0.21505376344086022,0.23274161735700197,0.17467248908296942,0.158203125,0.1716101694915254,0.15311909262759923,0.1727447216890595,0.16101694915254236,0.1734375,0.18739903069466882,0.2375886524822695,0.2892057026476578,0.298989898989899,0.25565610859728505,0.1741424802110818,0.1736111111111111,0.1686746987951807,0.18181818181818182,0.10973084886128365,0.13026052104208416,0.15354330708661418,0.16312056737588654,0.1652542372881356,0.22251308900523561,0.20707070707070707,0.2302839116719243,0.140893470790378,0.1441717791411043,0.1299093655589124,0.13350125944584382,0.11883408071748879,0.13871635610766045,0.18016194331983806,0.15643564356435644,0.1735357917570499,0.178743961352657,0.22063037249283668,0.20634920634920634,0.12244897959183673,0.14521452145214522,0.13523131672597866,0.13059701492537312,0.15425531914893617,0.27923627684964203,0.2859195402298851,0.34210526315789475,0.42066420664206644,0.3356953055801594,0.3018348623853211,0.2837696335078534,0.1588089330024814,0.18,0.1473851030110935,0.13821138211382114,0.08052434456928839,0.08463251670378619,0.06,0.050156739811912224,0.06513409961685823,0.07216494845360824,0.09392265193370165,0.0872093023255814,0.1095890410958904,0.10429447852760736,0.07894736842105263,0.07100591715976332,0.06598984771573604,0.10204081632653061,0.11801242236024845,0.10465116279069768,0.12396694214876033,0.18604651162790697,0.22837370242214533,0.25,0.19907407407407407,0.24897959183673468,0.15948275862068967,0.16226415094339622,0.07033639143730887,0.1791907514450867,0.13646532438478748,0.20394736842105263,0.2159090909090909,0.2649350649350649,0.2677595628415301,0.25259515570934254,0.1975806451612903,0.16554054054054054,0.12350597609561753,0.125,0.10320284697508897,0.12535612535612536,0.21188630490956073,0.2092511013215859,0.22675736961451248,0.19414893617021275,0.18815331010452963,0.2127659574468085,0.1446280991735537,0.10040160642570281,0.07407407407407407,0.0989010989010989,0.10666666666666667,0.13066666666666665,0.125,0.16621253405994552,0.21448467966573817,0.26421404682274247,0.24390243902439024,0.17894736842105263,0.15384615384615385,0.16964285714285715,0.06310679611650485,0.13551401869158877,0.08139534883720931,0.12951807228915663,0.10179640718562874,0.12885154061624648,0.15140845070422534
Greenwood,Brooklyn,neighborhood,0.037037037037037035,0.13636363636363635,0.26666666666666666,0.06666666666666667,0.25,0.23809523809523808,0.3333333333333333,0.06666666666666667,0.0,0.15384615384615385,0.23529411764705882,0.21428571428571427,0.0,0.0,0.06896551724137931,0.08,0.0,0.1724137931034483,0.10714285714285714,0.03571428571428571,0.0,0.13333333333333333,0.3684210526315789,0.21428571428571427,0.0,0.07142857142857142,0.15,0.2222222222222222,0.12,0.2727272727272727,0.07692307692307693,0.058823529411764705,0.13333333333333333,0.10526315789473684,0.06666666666666667,0.0,0.12,0.14285714285714285,0.1,0.22727272727272727,0.21212121212121213,0.19444444444444445,0.11363636363636363,0.2553191489361702,0.2857142857142857,0.23880597014925373,0.16666666666666666,0.16129032258064516,0.12195121951219512,0.14432989690721648,0.24175824175824176,0.13953488372093023,0.13333333333333333,0.19047619047619047,0.17829457364341086,0.10655737704918032,0.12149532710280374,0.24752475247524752,0.2714285714285714,0.09876543209876543,0.1320754716981132,0.1650485436893204,0.12745098039215685,0.08888888888888889,0.1743119266055046,0.1323529411764706,0.1554054054054054,0.13286713286713286,0.17424242424242425,0.25384615384615383,0.17543859649122806,0.09574468085106383,0.2222222222222222,0.21739130434782608,0.20930232558139536,0.2857142857142857,0.1743119266055046,0.18354430379746836,0.16666666666666666,0.19889502762430938,0.17365269461077845,0.2805755395683453,0.18461538461538463,0.19491525423728814,0.14953271028037382,0.20175438596491227,0.22448979591836735,0.16149068322981366,0.25229357798165136,0.21645021645021645,0.2054263565891473,0.2288135593220339,0.28640776699029125,0.1761006289308176,0.17777777777777778,0.20496894409937888,0.23780487804878048,0.19594594594594594,0.17751479289940827,0.203125,0.11952191235059761,0.16257668711656442,0.16556291390728478,0.11075949367088607,0.2318840579710145,0.15566037735849056,0.19576719576719576,0.15306122448979592,0.1553398058252427,0.2328042328042328,0.21226415094339623,0.17073170731707318,0.11398963730569948,0.2,0.17777777777777778,0.19730941704035873,0.2751677852348993,0.21830985915492956,0.18803418803418803,0.27710843373493976,0.24166666666666667,0.20155038759689922,0.15789473684210525,0.18478260869565216,0.24277456647398843,0.2513089005235602,0.24074074074074073,0.3169230769230769,0.25862068965517243,0.2326388888888889,0.288135593220339,0.2112676056338028,0.2324561403508772,0.26842105263157895,0.22972972972972974,0.12704918032786885,0.2100456621004566,0.15384615384615385,0.14285714285714285,0.17289719626168223,0.11428571428571428,0.17567567567567569,0.20714285714285716,0.1568627450980392,0.16831683168316833,0.17647058823529413,0.15053763440860216,0.10091743119266056,0.1092436974789916,0.08333333333333333,0.11666666666666667,0.18421052631578946,0.2,0.19444444444444445,0.22549019607843138,0.1553398058252427,0.22142857142857142,0.1984732824427481,0.1935483870967742,0.1262135922330097,0.11805555555555555,0.19607843137254902,0.2057142857142857,0.13855421686746988,0.17829457364341086,0.26356589147286824,0.19658119658119658,0.12280701754385964,0.1262135922330097,0.09482758620689655,0.21052631578947367,0.14074074074074075,0.13157894736842105,0.17266187050359713,0.19879518072289157,0.2087912087912088,0.19047619047619047,0.15942028985507245,0.2,0.20652173913043478,0.08411214953271028,0.08771929824561403,0.12096774193548387,0.1736111111111111,0.08391608391608392,0.16560509554140126,0.16666666666666666,0.14444444444444443,0.23529411764705882,0.18604651162790697,0.17834394904458598,0.07453416149068323,0.10975609756097561,0.09210526315789473,0.09467455621301775,0.13836477987421383,0.09826589595375723,0.12195121951219512,0.1103448275862069,0.14965986394557823
Hamilton Heights,Manhattan,neighborhood,0.16666666666666666,0.15053763440860216,0.14634146341463414,0.125,0.07368421052631578,0.12790697674418605,0.08860759493670886,0.14285714285714285,0.11842105263157894,0.1625,0.11764705882352941,0.07894736842105263,0.075,0.07058823529411765,0.07142857142857142,0.0975609756097561,0.14285714285714285,0.08571428571428572,0.08490566037735849,0.08,0.08264462809917356,0.1415929203539823,0.19047619047619047,0.061855670103092786,0.0989010989010989,0.20168067226890757,0.1746031746031746,0.16129032258064516,0.17543859649122806,0.1836734693877551,0.12121212121212122,0.08433734939759036,0.1346153846153846,0.17567567567567569,0.21367521367521367,0.14285714285714285,0.15441176470588236,0.22018348623853212,0.09027777777777778,0.0913978494623656,0.08695652173913043,0.16908212560386474,0.13861386138613863,0.12138728323699421,0.15300546448087432,0.20118343195266272,0.1951219512195122,0.10270270270270271,0.1,0.11711711711711711,0.11682242990654206,0.1346153846153846,0.09836065573770492,0.12,0.1575091575091575,0.1037037037037037,0.19724770642201836,0.15879828326180256,0.17689530685920576,0.16319444444444445,0.15555555555555556,0.13588850174216027,0.09621993127147767,0.1258741258741259,0.09574468085106383,0.13829787234042554,0.07207207207207207,0.1423728813559322,0.13333333333333333,0.12830188679245283,0.15037593984962405,0.11610486891385768,0.09747292418772563,0.06354515050167224,0.11960132890365449,0.09876543209876543,0.13522012578616352,0.13687150837988826,0.09809264305177112,0.12290502793296089,0.18209876543209877,0.11464968152866242,0.20569620253164558,0.12063492063492064,0.1348314606741573,0.16085790884718498,0.1687041564792176,0.10594315245478036,0.13317757009345793,0.18203309692671396,0.14832535885167464,0.1606060606060606,0.19666666666666666,0.21580547112462006,0.20209059233449478,0.14767932489451477,0.2076923076923077,0.09561752988047809,0.15827338129496402,0.11006289308176101,0.140625,0.1340782122905028,0.13921113689095127,0.1731266149870801,0.20426829268292682,0.19633507853403143,0.19767441860465115,0.145985401459854,0.19642857142857142,0.16943521594684385,0.13166144200626959,0.16715542521994134,0.12461059190031153,0.15877437325905291,0.1151685393258427,0.19540229885057472,0.18815331010452963,0.16862745098039217,0.17105263157894737,0.10952380952380952,0.09433962264150944,0.10152284263959391,0.1656441717791411,0.07194244604316546,0.16538461538461538,0.23872679045092837,0.25183823529411764,0.31398809523809523,0.272984441301273,0.23595505617977527,0.16412859560067683,0.14149139579349904,0.09633911368015415,0.15950920245398773,0.13345864661654136,0.10843373493975904,0.11422845691382766,0.08113207547169811,0.08538899430740038,0.13737373737373737,0.14617169373549885,0.15602836879432624,0.14948453608247422,0.09009009009009009,0.12131147540983607,0.08992805755395683,0.08469055374592833,0.06172839506172839,0.05555555555555555,0.09545454545454546,0.0611353711790393,0.11284046692607004,0.1469387755102041,0.19823788546255505,0.15942028985507245,0.0847457627118644,0.1,0.1179245283018868,0.09375,0.12980769230769232,0.076,0.08503401360544217,0.10682492581602374,0.14095744680851063,0.19112627986348124,0.18027210884353742,0.16015625,0.13636363636363635,0.1245136186770428,0.1320754716981132,0.11822660098522167,0.029411764705882353,0.08333333333333333,0.07936507936507936,0.11151079136690648,0.1254125412541254,0.17525773195876287,0.15810276679841898,0.13333333333333333,0.08888888888888889,0.10152284263959391,0.07692307692307693,0.08296943231441048,0.07441860465116279,0.11353711790393013,0.10599078341013825,0.08955223880597014,0.1541501976284585,0.1839080459770115,0.1638655462184874,0.1111111111111111,0.10747663551401869,0.056,0.10460251046025104,0.08260869565217391,0.046875,0.06930693069306931,0.04830917874396135,0.05238095238095238,0.11057692307692307
Highbridge,Bronx,neighborhood,0.0,0.2,0.0,0.0,0.0,,,,,,,0.0,0.0,,,,0.0,0.0,0.0,0.0,0.2,0.16666666666666666,0.0,0.5,0.16666666666666666,0.0,0.0,0.14285714285714285,0.0,0.16666666666666666,0.0,0.0,0.2,0.1111111111111111,0.1111111111111111,0.0,0.375,0.125,0.3333333333333333,0.0,0.0,0.0,0.0,0.0,0.0,0.5,0.14285714285714285,0.16666666666666666,0.14285714285714285,0.0,0.0,0.0,0.0,0.0,0.0,0.0,0.0,0.0,0.16666666666666666,0.0,0.06666666666666667,0.0,0.0,0.0,0.0,0.1111111111111111,0.07692307692307693,0.07142857142857142,0.07142857142857142,0.08333333333333333,0.15384615384615385,0.06666666666666667,0.08333333333333333,0.0,0.0,0.0,0.08333333333333333,0.13333333333333333,0.058823529411764705,0.0,0.0,0.15384615384615385,0.10526315789473684,0.05555555555555555,0.125,0.03225806451612903,0.047619047619047616,0.0,0.15789473684210525,0.20588235294117646,0.06896551724137931,0.041666666666666664,0.16666666666666666,0.05,0.21428571428571427,0.2,0.13333333333333333,0.16666666666666666,0.21428571428571427,0.2,0.1111111111111111,0.05263157894736842,0.11538461538461539,0.0,0.13043478260869565,0.08823529411764706,0.02631578947368421,0.14285714285714285,0.07407407407407407,0.07142857142857142,0.029411764705882353,0.045454545454545456,0.13636363636363635,0.038461538461538464,0.05714285714285714,0.06521739130434782,0.16129032258064516,0.043478260869565216,0.05263157894736842,0.14285714285714285,0.0,0.0,0.0,0.1,0.0,0.058823529411764705,0.07142857142857142,0.0,0.1,0.11538461538461539,0.07407407407407407,0.07142857142857142,0.06896551724137931,0.09523809523809523,0.06666666666666667,0.07142857142857142,0.16666666666666666,0.05714285714285714,0.038461538461538464,0.0,0.1724137931034483,0.13636363636363635,0.0,0.0,0.0,0.2222222222222222,0.125,0.05263157894736842,0.11538461538461539,0.0,0.2692307692307692,0.047619047619047616,0.0,0.17857142857142858,0.125,0.21739130434782608,0.038461538461538464,0.21052631578947367,0.07407407407407407,0.14285714285714285,0.1111111111111111,0.0,0.05263157894736842,0.10526315789473684,0.0,0.16666666666666666,0.13333333333333333,0.09523809523809523,0.12,0.13333333333333333,0.1875,0.16666666666666666,0.05555555555555555,0.0,0.0,0.09523809523809523,0.058823529411764705,0.0,0.2,0.0,0.05263157894736842,0.0,0.3,0.0,0.13333333333333333,0.0,0.07142857142857142,0.0,0.0,0.0,0.0,0.21428571428571427,0.08333333333333333,0.0,0.14285714285714285,0.0,0.0,0.16666666666666666,0.15384615384615385,0.125
Hillcrest,Queens,neighborhood,0.0,0.0,,,,,,,,,,,,,,,,,0.0,,,,,,,,,,,0.0,0.25,0.0,0.0,,0.0,0.0,,,,,,,,,0.0,0.0,0.0,0.0,0.0,0.0,0.0,0.0,,0.0,,0.0,1.0,0.0,0.0,0.0,0.0,0.0,0.0,0.0,0.0,0.0,0.0,,0.0,0.3333333333333333,0.0,0.3333333333333333,0.0,0.0,0.0,0.0,0.0,0.0,0.0,0.25,0.25,0.0,0.0,0.14285714285714285,0.0,0.0,0.09090909090909091,0.2222222222222222,0.0,0.08695652173913043,0.03571428571428571,0.125,0.25,0.5,0.5,0.3333333333333333,0.0,0.2,0.0,0.08333333333333333,0.1111111111111111,0.0,0.0,0.5,0.1,0.0,0.2857142857142857,0.1,0.0,0.25,0.09090909090909091,0.0,0.08333333333333333,0.2,0.2,0.125,0.0,0.2,0.0,0.0,0.0,0.16666666666666666,0.0,0.0,0.16666666666666666,0.0,0.0,0.0,0.0,0.0,0.0,,,0.0,0.0,0.0,0.0,0.3333333333333333,0.2,0.0,0.0,0.0,0.16666666666666666,0.0,0.0,0.0,0.25,0.125,0.4,0.0,0.0,0.2857142857142857,0.6666666666666666,0.1,0.25,0.25,0.1111111111111111,0.0,0.16666666666666666,0.5,0.16666666666666666,0.0,0.25,0.2,0.0,0.0,0.14285714285714285,0.2,0.4,0.0,0.0,0.0,0.0,0.0,0.25,0.3333333333333333,0.2,0.0,0.0,0.0,0.0,0.0,0.0,0.5,0.0,,0.0,0.2,0.2857142857142857,0.5,0.0,0.0,0.0,0.0,0.0,0.3333333333333333,0.0,0.25,0.5,
Hollis,Queens,neighborhood,,,,,,,,,,,,,,,,,,,,,,,,,,,,,,,,,,,,,,,,,,,,0.0,1.0,0.0,0.0,0.0,0.0,,,0.0,0.0,,0.0,0.0,,,0.0,0.0,0.0,0.0,1.0,0.0,0.75,0.6666666666666666,0.0,0.3333333333333333,0.0,0.0,0.0,0.0,0.0,,0.0,0.2,0.0,0.0,,0.5,0.0,0.0,0.0,,0.0,0.2,0.5,0.0,0.5,0.0,0.3333333333333333,0.0,0.0,0.3333333333333333,0.0,0.5,0.25,0.3333333333333333,0.0,0.0,0.0,0.0,0.0,0.0,0.5,0.0,0.0,0.0,0.0,0.3333333333333333,0.0,0.3333333333333333,0.25,0.0,0.3333333333333333,0.6666666666666666,0.25,0.16666666666666666,0.0,0.2857142857142857,0.3333333333333333,0.2,0.2,0.3333333333333333,0.0,0.0,0.0,0.16666666666666666,0.5,0.0,0.14285714285714285,0.0,0.0,0.3333333333333333,0.0,0.3333333333333333,0.5,0.25,0.0,0.16666666666666666,0.0,0.0,0.0,0.1111111111111111,0.0,0.0,0.0,0.0,0.0,,0.0,0.0,0.0,0.0,0.2,0.2,0.0,0.0,0.0,0.3333333333333333,0.0,0.0,0.5,0.0,0.25,0.42857142857142855,0.0,0.2,0.0,0.058823529411764705,0.14285714285714285,0.0,0.0,0.0,0.0,0.0,0.2,0.0,0.08333333333333333,0.0,0.1111111111111111,0.07142857142857142,0.07142857142857142,0.0,0.0,0.0,0.0,0.0,0.0,0.0,0.16666666666666666,0.14285714285714285,0.0,0.0,0.0,0.0,0.0,0.0,0.21052631578947367,0.0
Howard Beach,Queens,neighborhood,0.0,0.0,0.0,0.0,0.0,0.0,,,,,,,,,,,,,,,0.0,0.0,0.0,0.0,0.0,,0.0,,,,,,,0.0,0.0,0.0,0.0,0.0,,,,,0.0,0.0,0.0,0.0,0.0,0.0,0.3333333333333333,0.0,0.0,0.0,0.0,0.0,0.0,,,1.0,0.0,0.0,1.0,0.0,0.0,0.0,0.0,,0.0,0.0,0.0,0.0,0.0,0.0,0.0,0.0,0.0,0.0,0.0,0.0,0.2,0.0,0.4,0.14285714285714285,0.0,0.0,0.0,0.25,0.25,0.16666666666666666,0.0,0.0,0.16666666666666666,0.0,0.25,0.18181818181818182,0.16666666666666666,0.25,0.0,0.0,0.0,0.14285714285714285,0.16666666666666666,0.0,0.0,0.1,0.09090909090909091,0.125,0.0,0.15384615384615385,0.0,0.0,0.0,0.0,0.2,0.3333333333333333,0.0,0.0,0.3333333333333333,0.0,0.16666666666666666,0.6,0.0,0.0,0.2,0.0,0.4,0.0,0.0,0.25,0.0,0.16666666666666666,0.4,0.16666666666666666,0.0,0.5,0.0,0.0,0.0,0.3333333333333333,0.0,0.0,0.0,0.09090909090909091,0.0,0.125,0.1111111111111111,0.0,0.17647058823529413,0.07142857142857142,0.06666666666666667,0.0,0.07692307692307693,0.0,0.07142857142857142,0.0,0.0625,0.0,0.5,0.16666666666666666,0.2,0.0,0.1111111111111111,0.0,0.0,0.0,0.0,0.1,0.0,0.0,0.0,0.2857142857142857,0.0,0.3333333333333333,0.2,0.0,0.0,0.14285714285714285,0.0,0.1111111111111111,0.0,0.14285714285714285,0.25,0.0,0.25,0.18181818181818182,0.1,0.0,0.0,0.0,0.0,0.0,1.0,0.0,0.0,0.0,0.5,0.2222222222222222,0.0,0.2222222222222222,0.0,0.0
Hunts Point,Bronx,neighborhood,,,,,,,,,,,,,,,,,,,,,,0.0,0.0,,,,,,,,,0.0,0.0,0.0,0.0,0.0,0.0,0.0,,,,,0.0,0.0,,,,,,,,,,,,,0.0,0.0,,,0.0,0.0,0.0,0.0,0.0,0.0,0.0,0.0,0.0,0.25,0.4,0.3333333333333333,0.0,0.0,0.0,1.0,0.0,0.0,0.0,0.0,0.0,0.0,0.0,0.0,0.4,0.0,0.0,0.0,0.1111111111111111,0.0,0.08333333333333333,0.0,0.0,0.0,0.2,0.4,0.18181818181818182,0.1111111111111111,0.14285714285714285,0.0,0.4,0.0,0.0,0.25,0.0,0.0,0.0,0.0,0.0,0.0,0.0,0.0,0.0,0.0,0.0,0.0,0.0,0.0,0.0,0.0,0.0,0.0,0.0,0.0,0.0,,0.0,0.0,0.0,0.0,0.14285714285714285,0.0,0.0,0.0,0.0,,0.0,,0.5,0.3333333333333333,0.0,0.0,0.0,0.0,0.5,0.0,0.0,0.6666666666666666,0.0,0.0,0.0,0.0,0.0,0.0,0.5,,0.0,0.0,0.0,0.0,0.0,1.0,0.0,0.0,0.0,0.0,0.0,0.0,0.25,0.0,1.0,0.0,0.0,0.0,0.0,0.0,,0.0,0.0,0.0,0.0,0.0,0.0,0.0,0.0,0.125,0.0,1.0,0.0,,,0.0,0.0,0.0,0.0,0.0,0.0,0.0,0.0,0.0
Inwood,Manhattan,neighborhood,0.058823529411764705,0.2,0.15384615384615385,0.037037037037037035,0.043478260869565216,0.07142857142857142,0.18518518518518517,0.1111111111111111,0.3,0.08695652173913043,0.07692307692307693,0.03333333333333333,0.043478260869565216,0.058823529411764705,0.1,0.0,0.07692307692307693,0.06896551724137931,0.043478260869565216,0.037037037037037035,0.05263157894736842,0.1,0.14285714285714285,0.0625,0.06666666666666667,0.03125,0.21212121212121213,0.08108108108108109,0.08333333333333333,0.05555555555555555,0.07407407407407407,0.14285714285714285,0.2,0.21052631578947367,0.046511627906976744,0.10810810810810811,0.1111111111111111,0.07317073170731707,0.07142857142857142,0.13513513513513514,0.058823529411764705,0.0,0.06666666666666667,0.19444444444444445,0.14285714285714285,0.1746031746031746,0.20967741935483872,0.1509433962264151,0.03571428571428571,0.19402985074626866,0.15,0.13541666666666666,0.04054054054054054,0.18032786885245902,0.06741573033707865,0.1348314606741573,0.20833333333333334,0.13043478260869565,0.20454545454545456,0.1836734693877551,0.13445378151260504,0.112,0.14285714285714285,0.1565217391304348,0.04950495049504951,0.10101010101010101,0.16806722689075632,0.11009174311926606,0.10204081632653061,0.15306122448979592,0.15254237288135594,0.16379310344827586,0.18181818181818182,0.1721311475409836,0.15789473684210525,0.12605042016806722,0.14563106796116504,0.06976744186046512,0.13793103448275862,0.12030075187969924,0.17094017094017094,0.09859154929577464,0.16025641025641027,0.08088235294117647,0.10240963855421686,0.10843373493975904,0.14948453608247422,0.1340782122905028,0.10416666666666667,0.18309859154929578,0.1619047619047619,0.16025641025641027,0.10833333333333334,0.14634146341463414,0.16339869281045752,0.171875,0.14189189189189189,0.13333333333333333,0.14965986394557823,0.14285714285714285,0.15425531914893617,0.16167664670658682,0.11475409836065574,0.14361702127659576,0.12807881773399016,0.15348837209302327,0.22285714285714286,0.125,0.1987179487179487,0.1513157894736842,0.12568306010928962,0.09248554913294797,0.10606060606060606,0.15384615384615385,0.06818181818181818,0.15979381443298968,0.17307692307692307,0.14201183431952663,0.11643835616438356,0.12244897959183673,0.12949640287769784,0.09090909090909091,0.13541666666666666,0.1232876712328767,0.12096774193548387,0.10135135135135136,0.1393939393939394,0.1871345029239766,0.24598930481283424,0.24186046511627907,0.18686868686868688,0.13089005235602094,0.12060301507537688,0.17277486910994763,0.07344632768361582,0.11242603550295859,0.11409395973154363,0.12359550561797752,0.06532663316582915,0.1415525114155251,0.11494252873563218,0.12751677852348994,0.07878787878787878,0.06060606060606061,0.09302325581395349,0.15,0.11801242236024845,0.07142857142857142,0.08333333333333333,0.06818181818181818,0.05673758865248227,0.09523809523809523,0.15625,0.13445378151260504,0.1724137931034483,0.07563025210084033,0.10655737704918032,0.07377049180327869,0.09401709401709402,0.08247422680412371,0.08849557522123894,0.1111111111111111,0.14035087719298245,0.14423076923076922,0.1326530612244898,0.12244897959183673,0.16666666666666666,0.12631578947368421,0.18,0.1875,0.08080808080808081,0.10869565217391304,0.06896551724137931,0.1836734693877551,0.15454545454545454,0.20952380952380953,0.10784313725490197,0.16304347826086957,0.11956521739130435,0.0898876404494382,0.08235294117647059,0.0975609756097561,0.10588235294117647,0.06140350877192982,0.08461538461538462,0.02040816326530612,0.07373271889400922,0.13989637305699482,0.07142857142857142,0.1032258064516129,0.08433734939759036,0.08045977011494253,0.05759162303664921,0.12658227848101267,0.0875,0.029411764705882353,0.03508771929824561,0.07317073170731707,0.06542056074766354,0.047619047619047616
Jackson Heights,Queens,neighborhood,0.08333333333333333,0.0,0.0,0.0,0.0,0.0,0.0,0.0,0.09090909090909091,0.18181818181818182,0.2222222222222222,0.0,0.0,0.0,0.07142857142857142,0.0,0.043478260869565216,0.07142857142857142,0.05263157894736842,0.05,0.0,0.0,0.0,0.0,0.0,0.11764705882352941,0.15384615384615385,0.0,0.0,0.0,0.0,0.05555555555555555,0.1111111111111111,0.0,0.13043478260869565,0.047619047619047616,0.0,0.10526315789473684,0.17391304347826086,0.12121212121212122,0.037037037037037035,0.125,0.1,0.047619047619047616,0.1111111111111111,0.10344827586206896,0.10256410256410256,0.1282051282051282,0.14893617021276595,0.09230769230769231,0.05333333333333334,0.02631578947368421,0.08955223880597014,0.13333333333333333,0.03571428571428571,0.057692307692307696,0.1111111111111111,0.19540229885057472,0.11926605504587157,0.0975609756097561,0.08148148148148149,0.1875,0.1702127659574468,0.06535947712418301,0.02857142857142857,0.08045977011494253,0.05,0.06796116504854369,0.1282051282051282,0.12612612612612611,0.09,0.05555555555555555,0.06,0.09345794392523364,0.10655737704918032,0.07692307692307693,0.06818181818181818,0.0821917808219178,0.03125,0.17567567567567569,0.13333333333333333,0.18584070796460178,0.24770642201834864,0.125,0.15267175572519084,0.12727272727272726,0.14136125654450263,0.09950248756218906,0.08296943231441048,0.15813953488372093,0.08376963350785341,0.16346153846153846,0.25984251968503935,0.1917808219178082,0.1746031746031746,0.2421875,0.16083916083916083,0.16666666666666666,0.24025974025974026,0.2119205298013245,0.23809523809523808,0.17777777777777778,0.14728682170542637,0.1111111111111111,0.19863013698630136,0.19736842105263158,0.20348837209302326,0.1724137931034483,0.17391304347826086,0.09166666666666666,0.10666666666666667,0.10666666666666667,0.11920529801324503,0.09219858156028368,0.08208955223880597,0.1328125,0.13793103448275862,0.1171875,0.14516129032258066,0.10810810810810811,0.14285714285714285,0.14285714285714285,0.17073170731707318,0.22972972972972974,0.15384615384615385,0.10273972602739725,0.17901234567901234,0.22941176470588234,0.21693121693121692,0.2222222222222222,0.27388535031847133,0.18562874251497005,0.1746031746031746,0.11042944785276074,0.14285714285714285,0.14367816091954022,0.10126582278481013,0.10897435897435898,0.05755395683453238,0.21138211382113822,0.11688311688311688,0.1297709923664122,0.1652892561983471,0.07954545454545454,0.15517241379310345,0.09433962264150944,0.1015625,0.08870967741935484,0.125,0.10576923076923077,0.1326530612244898,0.1276595744680851,0.08695652173913043,0.16101694915254236,0.1885245901639344,0.14912280701754385,0.10294117647058823,0.11851851851851852,0.11180124223602485,0.075,0.0703125,0.08130081300813008,0.11486486486486487,0.11842105263157894,0.1310344827586207,0.12949640287769784,0.1048951048951049,0.12371134020618557,0.21296296296296297,0.15,0.06896551724137931,0.08641975308641975,0.047619047619047616,0.02,0.1,0.1,0.1111111111111111,0.13076923076923078,0.1111111111111111,0.16091954022988506,0.1388888888888889,0.08035714285714286,0.0784313725490196,0.06315789473684211,0.10588235294117647,0.07407407407407407,0.12857142857142856,0.11827956989247312,0.1111111111111111,0.10891089108910891,0.2,0.09722222222222222,0.16304347826086957,0.14705882352941177,0.13131313131313133,0.12658227848101267,0.07207207207207207,0.05357142857142857,0.07377049180327869,0.11009174311926606
Jamaica,Queens,neighborhood,0.0,1.0,0.0,0.0,,,,,0.0,0.0,0.0,0.0,0.0,0.0,0.0,0.25,0.0,0.0,0.0,0.0,0.0,0.0,0.0,0.0,0.0,0.0,0.0,0.0,0.07142857142857142,0.0625,0.0,0.3333333333333333,0.0,0.25,0.0,0.0,,0.0,0.0,0.1,0.21052631578947367,0.1111111111111111,0.26666666666666666,0.25,0.23076923076923078,0.3333333333333333,0.125,0.18181818181818182,0.3,0.1111111111111111,0.0,0.0,0.0,0.2857142857142857,0.0,0.1111111111111111,0.0,0.2,0.047619047619047616,0.043478260869565216,0.0,0.0,0.0,0.1111111111111111,0.1,0.0,0.09090909090909091,0.0,0.0625,0.0,0.0,0.0,0.2,0.2,0.25,0.0,0.1111111111111111,0.1111111111111111,0.2857142857142857,0.2962962962962963,0.13333333333333333,0.038461538461538464,0.32142857142857145,0.16,0.2,0.047619047619047616,0.1016949152542373,0.022727272727272728,0.09302325581395349,0.1,0.06896551724137931,0.0,0.15384615384615385,0.19230769230769232,0.05263157894736842,0.044444444444444446,0.07407407407407407,0.19047619047619047,0.1111111111111111,0.16666666666666666,0.25,0.03125,0.10344827586206896,0.0,0.07407407407407407,0.058823529411764705,0.11764705882352941,0.03571428571428571,0.10869565217391304,0.23684210526315788,0.061224489795918366,0.17142857142857143,0.1,0.020833333333333332,0.18,0.08333333333333333,0.09523809523809523,0.14,0.05405405405405406,0.11627906976744186,0.058823529411764705,0.0425531914893617,0.02631578947368421,0.05,0.0,0.35714285714285715,0.12727272727272726,0.125,0.16393442622950818,0.07407407407407407,0.09615384615384616,0.0784313725490196,0.05194805194805195,0.11764705882352941,0.0625,0.043010752688172046,0.10294117647058823,0.07526881720430108,0.013157894736842105,0.05755395683453238,0.04,0.05555555555555555,0.06363636363636363,0.012987012987012988,0.037037037037037035,0.05737704918032787,0.28440366972477066,0.19708029197080293,0.020689655172413793,0.0873015873015873,0.08849557522123894,0.031746031746031744,0.05737704918032787,0.049019607843137254,0.059322033898305086,0.044444444444444446,0.06569343065693431,0.07547169811320754,0.112,0.043795620437956206,0.0423728813559322,0.01680672268907563,0.02702702702702703,0.04827586206896552,0.06756756756756757,0.08737864077669903,0.004132231404958678,0.010471204188481676,0.00558659217877095,0.0,0.025477707006369428,0.02976190476190476,0.04878048780487805,0.03125,0.06097560975609756,0.057803468208092484,0.04864864864864865,0.04060913705583756,0.04046242774566474,0.08695652173913043,0.03349282296650718,0.01904761904761905,0.019138755980861243,0.05333333333333334,0.03286384976525822,0.08294930875576037,0.06147540983606557,0.034482758620689655,0.06190476190476191,0.049773755656108594,0.0918918918918919,0.06666666666666667,0.04522613065326633,0.04504504504504504,0.05138339920948617,0.004201680672268907,0.05416666666666667,0.028268551236749116,0.0694980694980695,0.024896265560165973
Jamaica Estates,Queens,neighborhood,0.0,0.0,,,,,,,0.0,0.0,,0.0,0.25,0.0,0.0,0.0,0.0,0.0,0.5,0.0,0.0,0.14285714285714285,0.0,0.3333333333333333,0.0,0.0,0.0,0.0,0.0,0.0,0.0,0.0,,0.0,0.0,0.0,0.0,0.0,0.5,0.25,0.0,0.0,0.0,0.0,0.0,0.0,0.14285714285714285,0.2857142857142857,0.0,0.0,0.0,0.0,0.0,0.0,0.07692307692307693,0.0,0.23076923076923078,0.09090909090909091,0.15,0.23076923076923078,0.0,0.2857142857142857,0.0,0.0,0.0,0.2,0.10526315789473684,0.1,0.21428571428571427,0.043478260869565216,0.0,0.21052631578947367,0.047619047619047616,0.10526315789473684,0.16,0.0,0.037037037037037035,0.0,0.13636363636363635,0.07692307692307693,0.03333333333333333,0.27586206896551724,0.17073170731707318,0.1794871794871795,0.07407407407407407,0.125,0.0,0.07142857142857142,0.06896551724137931,0.08823529411764706,0.06896551724137931,0.2,0.1,0.0,0.1875,0.23076923076923078,0.0,0.08333333333333333,0.047619047619047616,0.1111111111111111,0.0,0.14814814814814814,0.18181818181818182,0.19444444444444445,0.0,0.1111111111111111,0.06666666666666667,0.125,0.3076923076923077,0.0625,0.17647058823529413,0.07142857142857142,0.0,0.0,0.2,0.07692307692307693,0.2857142857142857,0.05555555555555555,0.15,0.25,0.26666666666666666,0.125,0.09090909090909091,0.3333333333333333,0.06896551724137931,0.10714285714285714,0.125,0.19230769230769232,0.2,0.0,0.0625,0.0,0.08695652173913043,0.18181818181818182,0.14285714285714285,0.12,0.10344827586206896,0.14285714285714285,0.0,0.07142857142857142,0.07142857142857142,0.0,0.0625,0.125,0.041666666666666664,0.25,0.08333333333333333,0.058823529411764705,0.0,0.06060606060606061,0.06060606060606061,0.04878048780487805,0.0,0.125,0.0967741935483871,0.08163265306122448,0.038461538461538464,0.06666666666666667,0.08,0.022727272727272728,0.0,0.06060606060606061,0.03125,0.05,0.06666666666666667,0.06451612903225806,0.11538461538461539,0.0,0.0,0.06896551724137931,0.02857142857142857,0.06451612903225806,0.022727272727272728,0.0392156862745098,0.06818181818181818,0.06451612903225806,0.030303030303030304,0.047619047619047616,0.03333333333333333,0.07407407407407407,0.058823529411764705,0.07407407407407407,0.07142857142857142,0.13043478260869565,0.034482758620689655,0.08333333333333333,0.037037037037037035,0.0625,0.0967741935483871,0.0967741935483871,0.12,0.04,0.058823529411764705,0.15789473684210525,0.09523809523809523,0.0,0.09523809523809523,0.06060606060606061,0.24,0.05263157894736842
Jamaica Hills,Queens,neighborhood,,,,,,,0.0,0.0,0.0,0.0,,0.0,0.0,0.0,0.0,0.0,0.0,0.0,0.0,0.0,0.0,0.0,0.0,0.0,0.0,0.0,0.0,0.0,0.0,0.0,0.0,0.0,0.0,0.0,0.0,1.0,0.0,0.0,0.0,0.0,0.0,0.0,,,,,,,0.0,0.0,,,,0.0,0.0,0.6666666666666666,0.5,0.0,0.0,0.16666666666666666,0.2,0.0,,0.0,0.0,0.2,0.0,0.0,0.0,0.3333333333333333,0.0,0.0,0.0,0.0,0.0,0.0,,0.0,0.0,0.3333333333333333,0.1111111111111111,0.0,0.2,0.5,0.06666666666666667,0.2,0.2,0.0,0.0,0.0,0.0,0.0,0.3333333333333333,0.0,,,0.0,0.125,0.3333333333333333,0.5,0.2222222222222222,0.16666666666666666,0.09090909090909091,0.375,0.4,0.0,0.3333333333333333,0.5,0.25,0.3333333333333333,0.0,0.0,0.0,0.1,0.23076923076923078,0.0,0.08333333333333333,0.07692307692307693,0.16666666666666666,0.3,0.1111111111111111,0.0,0.2857142857142857,0.0,0.0,0.0,0.0,0.0,0.0,0.5384615384615384,0.0,0.0,0.3076923076923077,0.14285714285714285,0.14285714285714285,0.0,0.0,0.125,0.08333333333333333,0.2,0.0,0.0,0.06666666666666667,0.0,0.0,0.23076923076923078,0.19047619047619047,0.0,0.0,0.0,0.06666666666666667,0.2631578947368421,0.0625,0.1875,0.15384615384615385,0.0,0.03225806451612903,0.0,0.07692307692307693,0.16666666666666666,0.0,0.125,0.08333333333333333,0.05,0.3181818181818182,0.35,0.3793103448275862,0.07692307692307693,0.2,0.0,0.16666666666666666,0.2222222222222222,0.05555555555555555,0.125,0.0,0.0,0.09090909090909091,0.0,0.1,0.0,0.0,0.1111111111111111,0.047619047619047616,0.16,0.0625,0.0,0.07692307692307693,0.06666666666666667,0.058823529411764705,0.047619047619047616,0.0,0.0,0.0,0.15384615384615385,0.0,0.0,0.08333333333333333,0.16666666666666666,0.0,0.07692307692307693
Kensington,Brooklyn,neighborhood,0.05555555555555555,0.0,0.35714285714285715,0.1,0.14285714285714285,0.2222222222222222,0.1111111111111111,0.18181818181818182,0.0625,0.125,0.23809523809523808,0.14285714285714285,0.125,0.10526315789473684,0.034482758620689655,0.05263157894736842,0.04,0.08,0.2,0.1875,0.13333333333333333,0.07142857142857142,0.0,0.05,0.16666666666666666,0.15789473684210525,0.09523809523809523,0.06896551724137931,0.0,0.15,0.07407407407407407,0.17857142857142858,0.15625,0.08,0.15789473684210525,0.04,0.24242424242424243,0.06451612903225806,0.0,0.1875,0.04,0.06666666666666667,0.03225806451612903,0.10714285714285714,0.06976744186046512,0.189873417721519,0.10606060606060606,0.21818181818181817,0.11940298507462686,0.05,0.014925373134328358,0.04477611940298507,0.16666666666666666,0.14634146341463414,0.08333333333333333,0.21348314606741572,0.14130434782608695,0.16666666666666666,0.1322314049586777,0.12056737588652482,0.0684931506849315,0.09420289855072464,0.11450381679389313,0.08695652173913043,0.1415929203539823,0.12883435582822086,0.06329113924050633,0.09433962264150944,0.1686046511627907,0.12290502793296089,0.12080536912751678,0.17692307692307693,0.183206106870229,0.1810344827586207,0.1875,0.15584415584415584,0.12666666666666668,0.13548387096774195,0.16560509554140126,0.17567567567567569,0.2222222222222222,0.1780821917808219,0.18055555555555555,0.15789473684210525,0.12658227848101267,0.21910112359550563,0.1320754716981132,0.08629441624365482,0.13302752293577982,0.16666666666666666,0.12773722627737227,0.195,0.1793478260869565,0.205,0.16055045871559634,0.19072164948453607,0.11979166666666667,0.09523809523809523,0.14583333333333334,0.12077294685990338,0.1651376146788991,0.14427860696517414,0.1483050847457627,0.16289592760180996,0.15254237288135594,0.16228070175438597,0.14601769911504425,0.1141552511415525,0.1091703056768559,0.1504424778761062,0.1206896551724138,0.13901345291479822,0.13405797101449277,0.15079365079365079,0.12053571428571429,0.16589861751152074,0.13725490196078433,0.1895424836601307,0.17073170731707318,0.10526315789473684,0.1951219512195122,0.23880597014925373,0.11594202898550725,0.07777777777777778,0.13445378151260504,0.14594594594594595,0.18532818532818532,0.21923076923076923,0.22742474916387959,0.19540229885057472,0.22127659574468084,0.15859030837004406,0.18840579710144928,0.1872146118721461,0.14218009478672985,0.14163090128755365,0.12322274881516587,0.12903225806451613,0.12648221343873517,0.13025210084033614,0.1073170731707317,0.12206572769953052,0.10674157303370786,0.14492753623188406,0.14184397163120568,0.1513157894736842,0.13043478260869565,0.06711409395973154,0.0851063829787234,0.14685314685314685,0.06172839506172839,0.12269938650306748,0.12,0.1414141414141414,0.2018348623853211,0.12222222222222222,0.17647058823529413,0.2,0.2,0.13253012048192772,0.11347517730496454,0.14685314685314685,0.19444444444444445,0.14563106796116504,0.15,0.15853658536585366,0.1523809523809524,0.125,0.12048192771084337,0.15294117647058825,0.14912280701754385,0.15384615384615385,0.1016949152542373,0.15625,0.13138686131386862,0.14634146341463414,0.14634146341463414,0.20437956204379562,0.21487603305785125,0.211864406779661,0.0703125,0.11009174311926606,0.10909090909090909,0.06956521739130435,0.11949685534591195,0.12209302325581395,0.15384615384615385,0.19708029197080293,0.09821428571428571,0.16853932584269662,0.16901408450704225,0.12195121951219512,0.14516129032258066,0.06349206349206349,0.09210526315789473,0.06741573033707865,0.07766990291262135,0.06666666666666667,0.08333333333333333,0.1
Kew Gardens,Queens,neighborhood,0.0,0.0,0.23529411764705882,0.058823529411764705,0.16666666666666666,0.0,0.0,0.0,0.0,0.18181818181818182,0.0,0.0,0.0,0.06666666666666667,0.0,0.0,0.0,0.1,0.0,0.07142857142857142,0.11764705882352941,0.18181818181818182,0.15,0.16666666666666666,0.09090909090909091,0.0,0.13333333333333333,0.06666666666666667,0.03333333333333333,0.09375,0.03125,0.0,0.2571428571428571,0.28205128205128205,0.08108108108108109,0.08,0.09523809523809523,0.0,0.125,0.08333333333333333,0.045454545454545456,0.0,0.14285714285714285,0.11538461538461539,0.06060606060606061,0.19148936170212766,0.18518518518518517,0.1346153846153846,0.061224489795918366,0.07692307692307693,0.016129032258064516,0.07692307692307693,0.05172413793103448,0.08536585365853659,0.019230769230769232,0.06060606060606061,0.06779661016949153,0.10526315789473684,0.10810810810810811,0.05405405405405406,0.07462686567164178,0.18055555555555555,0.15555555555555556,0.022222222222222223,0.043478260869565216,0.011363636363636364,0.12222222222222222,0.08045977011494253,0.06930693069306931,0.13445378151260504,0.07258064516129033,0.06611570247933884,0.10784313725490197,0.10588235294117647,0.11764705882352941,0.08045977011494253,0.0425531914893617,0.08860759493670886,0.11538461538461539,0.13043478260869565,0.11224489795918367,0.11235955056179775,0.08888888888888889,0.10588235294117647,0.12643678160919541,0.15178571428571427,0.16666666666666666,0.10273972602739725,0.09183673469387756,0.1,0.03365384615384615,0.1511627906976744,0.21428571428571427,0.2647058823529412,0.1836734693877551,0.16853932584269662,0.12871287128712872,0.20618556701030927,0.21568627450980393,0.1693548387096774,0.16083916083916083,0.13725490196078433,0.13636363636363635,0.1568627450980392,0.21153846153846154,0.20441988950276244,0.20437956204379562,0.18584070796460178,0.18461538461538463,0.1452991452991453,0.17054263565891473,0.21476510067114093,0.13768115942028986,0.16842105263157894,0.1415929203539823,0.11940298507462686,0.20175438596491227,0.16153846153846155,0.17857142857142858,0.11475409836065574,0.16666666666666666,0.1440677966101695,0.1941747572815534,0.22058823529411764,0.09333333333333334,0.1958762886597938,0.13636363636363635,0.14835164835164835,0.14102564102564102,0.2529411764705882,0.16981132075471697,0.1223021582733813,0.14792899408284024,0.10948905109489052,0.18518518518518517,0.16756756756756758,0.11931818181818182,0.12345679012345678,0.09815950920245399,0.10285714285714286,0.1069182389937107,0.12574850299401197,0.10077519379844961,0.09523809523809523,0.10666666666666667,0.1242603550295858,0.10256410256410256,0.11510791366906475,0.05504587155963303,0.05,0.19047619047619047,0.16233766233766234,0.09027777777777778,0.12631578947368421,0.1188118811881188,0.14166666666666666,0.06666666666666667,0.15,0.17525773195876287,0.13253012048192772,0.08333333333333333,0.14814814814814814,0.06451612903225806,0.112,0.14285714285714285,0.16883116883116883,0.13008130081300814,0.09448818897637795,0.10144927536231885,0.12931034482758622,0.15126050420168066,0.1487603305785124,0.140625,0.1388888888888889,0.061855670103092786,0.14545454545454545,0.1651376146788991,0.1360544217687075,0.13533834586466165,0.11564625850340136,0.13333333333333333,0.10526315789473684,0.09444444444444444,0.11724137931034483,0.11607142857142858,0.0625,0.12264150943396226,0.11403508771929824,0.1836734693877551,0.09782608695652174,0.1368421052631579,0.14130434782608695,0.10852713178294573,0.04878048780487805,0.07964601769911504,0.1,0.07042253521126761,0.11267605633802817,0.15294117647058825,0.0975609756097561
Kew Gardens Hills,Queens,neighborhood,0.1111111111111111,0.0,0.0,0.3333333333333333,0.0,0.0,0.16666666666666666,0.0,0.0,0.0,0.0,0.0,0.2,0.0,0.2,0.0,0.0,0.0,0.0,0.0,0.0,0.0,0.0,0.2,0.6666666666666666,0.5,0.0,0.0,0.5,0.0,0.0,0.2,0.2857142857142857,0.16666666666666666,0.25,0.0,0.0,0.0,0.0,0.09090909090909091,0.09090909090909091,0.0,0.0,0.0,0.14285714285714285,0.3333333333333333,0.2727272727272727,0.0,0.2,0.0,0.0,0.06666666666666667,0.07142857142857142,0.0,0.0,0.0,0.15384615384615385,0.0,0.058823529411764705,0.09090909090909091,0.041666666666666664,0.0,0.08,0.05714285714285714,0.06666666666666667,0.0,0.03225806451612903,0.029411764705882353,0.0,0.15384615384615385,0.36363636363636365,0.02857142857142857,0.18181818181818182,0.03125,0.044444444444444446,0.11627906976744186,0.02040816326530612,0.02531645569620253,0.07462686567164178,0.2,0.24,0.03225806451612903,0.11764705882352941,0.14814814814814814,0.1346153846153846,0.06666666666666667,0.08928571428571429,0.0,0.045454545454545456,0.02666666666666667,0.033707865168539325,0.021739130434782608,0.05,0.043478260869565216,0.3333333333333333,0.13043478260869565,0.1346153846153846,0.06521739130434782,0.06382978723404255,0.058823529411764705,0.05714285714285714,0.08823529411764706,0.23255813953488372,0.06896551724137931,0.265625,0.20833333333333334,0.041666666666666664,0.07317073170731707,0.13333333333333333,0.06060606060606061,0.02857142857142857,0.0,0.1702127659574468,0.11428571428571428,0.18333333333333332,0.11764705882352941,0.06,0.10810810810810811,0.06060606060606061,0.10869565217391304,0.08108108108108109,0.034482758620689655,0.02631578947368421,0.037037037037037035,0.06060606060606061,0.14814814814814814,0.09090909090909091,0.13793103448275862,0.125,0.04,0.3157894736842105,0.16666666666666666,0.21212121212121213,0.21428571428571427,0.14285714285714285,0.037037037037037035,0.15,0.15789473684210525,0.11764705882352941,0.041666666666666664,0.3902439024390244,0.14893617021276595,0.09302325581395349,0.041666666666666664,0.05263157894736842,0.2,0.09375,0.12121212121212122,0.03333333333333333,0.08333333333333333,0.0,0.09090909090909091,0.09302325581395349,0.14285714285714285,0.17647058823529413,0.07692307692307693,0.10344827586206896,0.1,0.08571428571428572,0.0,0.1111111111111111,0.047619047619047616,0.12121212121212122,0.23809523809523808,0.030303030303030304,0.11764705882352941,0.23529411764705882,0.0,0.08695652173913043,0.2,0.11764705882352941,0.07142857142857142,0.0,0.0,0.2222222222222222,0.16666666666666666,0.18181818181818182,0.047619047619047616,0.1111111111111111,0.1,0.14814814814814814,0.058823529411764705,0.08,0.09302325581395349,0.10416666666666667,0.047619047619047616,0.046511627906976744,0.19047619047619047,0.25,0.15555555555555556,0.11428571428571428,0.08823529411764706,0.023809523809523808,0.1111111111111111,0.11320754716981132,0.022222222222222223,0.06896551724137931,0.1346153846153846,0.06896551724137931,0.06666666666666667
Kingsbridge,Bronx,neighborhood,0.0,0.0,0.0,0.0,0.0,0.0,0.0,0.0,0.0,0.0,0.0,0.0,0.8,0.0,0.0,0.0,0.25,0.0,0.0,0.14285714285714285,0.0,0.0,0.0,0.0,0.0,0.0,0.2571428571428571,0.17857142857142858,0.1,0.0,0.125,0.09090909090909091,0.0,0.041666666666666664,0.16666666666666666,0.125,0.058823529411764705,0.13333333333333333,0.0,0.0,0.25,0.0,0.0,0.0,0.05555555555555555,0.058823529411764705,0.0,0.08695652173913043,0.18181818181818182,0.058823529411764705,0.045454545454545456,0.05555555555555555,0.0,0.2222222222222222,0.0,0.06666666666666667,0.027777777777777776,0.030303030303030304,0.08108108108108109,0.025,0.1590909090909091,0.14893617021276595,0.09836065573770492,0.14285714285714285,0.0,0.02564102564102564,0.09259259259259259,0.022222222222222223,0.1951219512195122,0.19047619047619047,0.11904761904761904,0.16129032258064516,0.05405405405405406,0.06493506493506493,0.06557377049180328,0.06521739130434782,0.12727272727272726,0.2033898305084746,0.14035087719298245,0.14942528735632185,0.11688311688311688,0.056338028169014086,0.15714285714285714,0.1111111111111111,0.16393442622950818,0.08196721311475409,0.04477611940298507,0.1509433962264151,0.09803921568627451,0.046153846153846156,0.09859154929577464,0.09615384615384616,0.15873015873015872,0.14754098360655737,0.08196721311475409,0.11627906976744186,0.06976744186046512,0.05,0.14893617021276595,0.0392156862745098,0.06060606060606061,0.13157894736842105,0.10810810810810811,0.1368421052631579,0.208955223880597,0.1111111111111111,0.17073170731707318,0.09090909090909091,0.078125,0.10144927536231885,0.1111111111111111,0.11392405063291139,0.1518987341772152,0.16071428571428573,0.1111111111111111,0.1774193548387097,0.14084507042253522,0.07352941176470588,0.12280701754385964,0.11538461538461539,0.13333333333333333,0.06666666666666667,0.125,0.23333333333333334,0.05128205128205128,0.08823529411764706,0.1,0.15217391304347827,0.10416666666666667,0.1,0.07317073170731707,0.09302325581395349,0.12727272727272726,0.0425531914893617,0.03389830508474576,0.03773584905660377,0.1875,0.0847457627118644,0.13432835820895522,0.11764705882352941,0.07575757575757576,0.11627906976744186,0.016666666666666666,0.09090909090909091,0.08163265306122448,0.0,0.04878048780487805,0.08333333333333333,0.08333333333333333,0.11904761904761904,0.05263157894736842,0.10714285714285714,0.08571428571428572,0.10869565217391304,0.11538461538461539,0.09615384615384616,0.06451612903225806,0.15789473684210525,0.07017543859649122,0.0,0.047619047619047616,0.0625,0.09523809523809523,0.1,0.08108108108108109,0.08163265306122448,0.14,0.13953488372093023,0.1951219512195122,0.13953488372093023,0.0625,0.08571428571428572,0.04,0.017857142857142856,0.0392156862745098,0.05555555555555555,0.1282051282051282,0.13953488372093023,0.2037037037037037,0.10294117647058823,0.16666666666666666,0.05263157894736842,0.09259259259259259,0.1111111111111111,0.06666666666666667,0.0975609756097561,0.030303030303030304,0.09090909090909091,0.16129032258064516,0.07692307692307693,0.06060606060606061,0.03571428571428571,0.0,0.10714285714285714,0.05405405405405406,0.04,0.04,0.07272727272727272,0.06557377049180328,0.05084745762711865
Laconia,Bronx,neighborhood,,,,,,0.0,0.0,0.0,,,,,,,,,,,,0.0,0.0,0.0,0.0,0.0,0.0,0.0,,0.0,0.0,0.0,0.0,,,,,,,,,,0.0,0.0,,,0.0,,,,,0.0,0.0,0.0,0.0,,,,,,,0.0,,,,,,0.0,0.0,1.0,1.0,0.0,,0.0,0.0,,,,,,,,0.0,0.0,,0.0,0.0,0.0,1.0,0.5,0.0,0.0,,,,,,,0.0,,,,,0.0,0.0,0.0,1.0,,,0.0,0.0,0.5,0.0,0.0,0.0,0.3333333333333333,0.0,0.5,1.0,0.0,0.5,0.0,0.0,0.0,0.0,0.0,0.0,0.0,1.0,,0.0,0.0,0.0,,,,0.0,,0.0,1.0,0.0,,0.0,0.5,0.0,,0.0,0.2,0.0,0.3333333333333333,0.0,,0.0,0.0,0.0,0.0,,0.0,0.0,0.2,0.0,0.0,0.3333333333333333,0.0,0.0,0.0,0.0,0.0,0.0,0.0,0.0,0.0,0.0,0.25,0.0,0.0,0.0,0.0,0.0,,,,,0.5,0.0,0.0,0.0,0.0,,,0.0,0.0,,,0.0,0.0,,0.0,0.0,0.0,,
Laurelton,Queens,neighborhood,,,,,,,,,,,,,,,,,,,,,,,,,,,,,,,,,,,,,,,,,,,,0.0,,,,,,,,,,,,0.0,0.0,0.0,0.0,,,,,,,,,0.0,0.0,0.0,0.0,,,0.0,0.5,0.0,,,0.0,0.0,0.0,0.0,0.0,,,,,0.0,0.0,0.0,0.0,0.0,,,,0.0,0.0,0.0,0.4,0.0,0.0,0.0,0.0,0.0,0.5,0.6,0.5,0.0,0.0,0.25,0.25,0.0,0.0,0.0,0.0,1.0,0.0,0.5,0.0,0.0,0.2,0.2727272727272727,0.5,0.0,0.0,0.0,0.0,0.0,0.0,,,0.0,0.0,0.0,0.0,0.0,0.0,,,0.0,0.0,0.0,0.0,0.0,0.0,0.0,,0.0,,0.0,0.0,0.0,0.3333333333333333,0.0,0.125,0.25,0.0,0.0,0.0,0.5,0.0,,0.0,0.0,0.25,0.16666666666666666,0.3333333333333333,0.0,0.0,,0.0,0.0,0.0,0.0,0.0,0.0,,1.0,0.5,0.0,0.16666666666666666,0.0,0.5,0.25,0.0,0.1111111111111111,0.3333333333333333,0.0,0.2,0.5,0.0,0.0,0.0,0.0,0.25,0.2857142857142857,0.16666666666666666,0.125,0.2857142857142857,0.14285714285714285
Little Italy,Manhattan,neighborhood,0.15384615384615385,0.11627906976744186,0.06097560975609756,0.12162162162162163,0.08955223880597014,0.08823529411764706,0.11666666666666667,0.15517241379310345,0.10256410256410256,0.10526315789473684,0.10606060606060606,0.10294117647058823,0.1076923076923077,0.056338028169014086,0.06578947368421052,0.016666666666666666,0.13333333333333333,0.21428571428571427,0.30158730158730157,0.22580645161290322,0.06521739130434782,0.19444444444444445,0.12121212121212122,0.02702702702702703,0.08163265306122448,0.16326530612244897,0.075,0.18181818181818182,0.13513513513513514,0.11363636363636363,0.15,0.22058823529411764,0.2926829268292683,0.08823529411764706,0.08108108108108109,0.11904761904761904,0.27450980392156865,0.1111111111111111,0.13043478260869565,0.1702127659574468,0.18181818181818182,0.16,0.17857142857142858,0.1111111111111111,0.22727272727272727,0.1,0.14285714285714285,0.15384615384615385,0.10714285714285714,0.05,0.14084507042253522,0.15714285714285714,0.15789473684210525,0.12903225806451613,0.20689655172413793,0.15384615384615385,0.16216216216216217,0.1875,0.1527777777777778,0.22388059701492538,0.2318840579710145,0.11475409836065574,0.11475409836065574,0.11428571428571428,0.15517241379310345,0.21875,0.21839080459770116,0.25,0.15384615384615385,0.3225806451612903,0.23076923076923078,0.21333333333333335,0.22058823529411764,0.18681318681318682,0.1566265060240964,0.10344827586206896,0.08791208791208792,0.14150943396226415,0.14444444444444443,0.12,0.273972602739726,0.2597402597402597,0.16161616161616163,0.22772277227722773,0.18181818181818182,0.16666666666666666,0.12903225806451613,0.15789473684210525,0.18584070796460178,0.1349206349206349,0.1388888888888889,0.16071428571428573,0.2073170731707317,0.2153846153846154,0.2916666666666667,0.2786885245901639,0.14285714285714285,0.18867924528301888,0.0847457627118644,0.109375,0.12631578947368421,0.16304347826086957,0.19130434782608696,0.15702479338842976,0.23863636363636365,0.2236842105263158,0.14102564102564102,0.24324324324324326,0.22535211267605634,0.21176470588235294,0.11392405063291139,0.12037037037037036,0.1826086956521739,0.0990990990990991,0.18181818181818182,0.16666666666666666,0.22772277227722773,0.09782608695652174,0.13253012048192772,0.14516129032258066,0.05172413793103448,0.12,0.125,0.25757575757575757,0.17123287671232876,0.3314285714285714,0.35071090047393366,0.37055837563451777,0.3,0.35714285714285715,0.24475524475524477,0.18791946308724833,0.15333333333333332,0.15492957746478872,0.16793893129770993,0.09615384615384616,0.047619047619047616,0.07317073170731707,0.036585365853658534,0.14864864864864866,0.07017543859649122,0.14893617021276595,0.23809523809523808,0.10869565217391304,0.20930232558139536,0.058823529411764705,0.10810810810810811,0.17142857142857143,0.019230769230769232,0.09090909090909091,0.14772727272727273,0.1267605633802817,0.25925925925925924,0.375,0.25862068965517243,0.2962962962962963,0.25,0.32786885245901637,0.21428571428571427,0.23809523809523808,0.16417910447761194,0.2604166666666667,0.17307692307692307,0.2682926829268293,0.34782608695652173,0.36231884057971014,0.3157894736842105,0.175,0.19148936170212766,0.18333333333333332,0.26666666666666666,0.13846153846153847,0.125,0.14772727272727273,0.20689655172413793,0.2653061224489796,0.22972972972972974,0.2571428571428571,0.20270270270270271,0.1568627450980392,0.21666666666666667,0.16666666666666666,0.2608695652173913,0.14035087719298245,0.15384615384615385,0.23880597014925373,0.21428571428571427,0.30434782608695654,0.2631578947368421,0.16666666666666666,0.29411764705882354,0.16666666666666666,0.1,0.16129032258064516,0.13953488372093023,0.13043478260869565,0.14545454545454545,0.15,0.21052631578947367,0.2647058823529412
Little Neck,Queens,neighborhood,0.0,0.0,0.0,,0.0,1.0,0.0,0.0,0.0,0.0,0.0,0.0,0.0,0.0,0.0,,,,,,,,0.0,0.0,0.0,0.0,0.0,0.0,0.0,0.0,0.0,0.0,0.0,0.0,0.0,0.0,0.0,0.0,0.125,0.16666666666666666,0.0,0.0,0.0,0.0,0.0,,0.0,0.0,,,,,,0.0,0.25,0.0,0.125,0.1111111111111111,0.16666666666666666,0.0,0.0,0.0,0.0,0.0,0.0,0.0,0.0,0.0,0.0,0.2,0.0,0.2,0.0,0.0,0.0,0.16666666666666666,0.16666666666666666,0.0,0.0,0.4,0.0,0.125,0.0,0.0,0.2,0.3333333333333333,0.2,0.16666666666666666,0.0,0.0,0.058823529411764705,0.0,0.0,0.0,0.0,0.0,,,0.0,0.0,0.0,0.0,0.5,0.25,0.0,0.0,0.0,0.3333333333333333,0.0,0.0,0.0,0.25,0.0,0.0,0.0,0.16666666666666666,0.3333333333333333,0.0,0.375,0.14285714285714285,0.0,0.0,0.0,0.0,0.0,,0.0,0.0,0.0,0.5,0.0,,0.0,0.0,0.0,,,0.0,0.3333333333333333,0.0,0.5,0.5,0.3333333333333333,0.0,0.0,0.25,0.2,0.2,0.2,0.25,0.0,0.5,0.0,0.25,0.0,0.5,0.0,0.0,0.0,0.0,0.5,0.0,0.0,0.5,0.0,0.0,0.0,0.0,0.0,0.0,0.0,0.0,0.2,0.0,0.1,0.16666666666666666,0.5,0.0,0.3333333333333333,0.0,0.5,0.5,0.0,0.0,0.0,0.0,0.0,0.0,0.0,0.0,0.0,0.0,,1.0,0.0,0.0,0.0,0.3333333333333333,0.0,0.25
Long Island City,Queens,neighborhood,0.11009174311926606,0.13333333333333333,0.12142857142857143,0.04964539007092199,0.08163265306122448,0.05,0.05454545454545454,0.07894736842105263,0.0625,0.08943089430894309,0.03125,0.075,0.08620689655172414,0.1,0.04,0.023529411764705882,0.03571428571428571,0.06060606060606061,0.08256880733944955,0.125,0.096,0.11926605504587157,0.13592233009708737,0.12222222222222222,0.08620689655172414,0.023255813953488372,0.035269709543568464,0.045112781954887216,0.04448398576512456,0.0199203187250996,0.16101694915254236,0.14114114114114115,0.1590909090909091,0.09090909090909091,0.06015037593984962,0.03205128205128205,0.07734806629834254,0.08,0.14673913043478262,0.1111111111111111,0.0935672514619883,0.10121457489878542,0.07886435331230283,0.220873786407767,0.20042194092827004,0.15384615384615385,0.20815450643776823,0.17765042979942694,0.2245430809399478,0.16379310344827586,0.10755813953488372,0.07150715071507151,0.07544757033248081,0.3031458531935176,0.1664145234493192,0.24722662440570523,0.12179487179487179,0.1935483870967742,0.14929577464788732,0.11609498680738786,0.23384615384615384,0.20298507462686566,0.18575063613231552,0.13228699551569506,0.1019522776572668,0.13238289205702647,0.1702127659574468,0.12335526315789473,0.2176759410801964,0.3317384370015949,0.23421926910299004,0.1854043392504931,0.1952191235059761,0.11776061776061776,0.13012477718360071,0.1419753086419753,0.13161465400271372,0.17436661698956782,0.22563417890520696,0.25980392156862747,0.2594594594594595,0.26380368098159507,0.30246913580246915,0.24096385542168675,0.16610169491525423,0.1743486973947896,0.11198738170347003,0.1254180602006689,0.1781021897810219,0.18911174785100288,0.15796897038081806,0.18331053351573187,0.27197802197802196,0.3954599761051374,0.2806573957016435,0.1925287356321839,0.13323353293413173,0.14125200642054575,0.11696658097686376,0.09825033647375504,0.08016877637130802,0.04986522911051213,0.08333333333333333,0.06636500754147813,0.1296,0.1781609195402299,0.17005813953488372,0.16946308724832215,0.16810344827586207,0.1475177304964539,0.15620641562064155,0.11889862327909888,0.09541984732824428,0.12073863636363637,0.1027900146842878,0.13458262350936967,0.18316831683168316,0.19246861924686193,0.23122238586156113,0.19243986254295534,0.1797432239657632,0.14618973561430793,0.1015625,0.1559633027522936,0.215633423180593,0.25796178343949044,0.2808280828082808,0.3,0.24833333333333332,0.20294599018003273,0.17724867724867724,0.10223048327137546,0.10550458715596331,0.13134328358208955,0.10084825636192271,0.0766798418972332,0.07753164556962025,0.048426150121065374,0.07217573221757322,0.09523809523809523,0.09051724137931035,0.09130434782608696,0.08992248062015504,0.0695364238410596,0.10154905335628227,0.08984375,0.06642728904847396,0.06839186691312385,0.0979381443298969,0.08747855917667238,0.10725552050473186,0.2080745341614907,0.19309262166405022,0.234472049689441,0.20145985401459854,0.20364741641337386,0.16157760814249364,0.13657770800627944,0.14057971014492754,0.09970674486803519,0.0832282471626734,0.10426540284360189,0.15625,0.1793020457280385,0.16567164179104477,0.25237449118046135,0.188,0.17055393586005832,0.12674094707520892,0.12146892655367232,0.14325068870523416,0.10174029451137885,0.12636165577342048,0.13748657357679914,0.14156378600823044,0.12327586206896551,0.16412213740458015,0.17272727272727273,0.18873826903023982,0.14109742441209405,0.14727085478887744,0.1342434584755404,0.13677811550151975,0.08265213442325159,0.12132024977698483,0.12578055307760927,0.13221153846153846,0.14175257731958762,0.2132132132132132,0.16567460317460317,0.17653508771929824,0.11033681765389082,0.12257405515832483,0.13023782559456398,0.11833688699360341,0.07487179487179488,0.09406392694063927,0.12320143884892086,0.13923013923013924,0.16352739726027396
Longwood,Bronx,neighborhood,,,,,,,0.0,0.0,,,,,,,,,,,,0.0,0.5,0.0,0.0,0.0,0.0,0.0,0.0,0.0,0.0,0.0,0.0,0.0,,,,,,,,0.0,0.0,,,,,,,0.0,1.0,0.0,0.0,0.0,0.0,0.0,0.0,0.0,0.0,0.0,,,0.0,0.0,0.0,0.3333333333333333,0.0,0.0,0.0,0.0,0.0,0.25,0.0,0.0,0.0,0.0,0.0,0.0,0.0,0.25,0.0,0.0,0.0,0.0,0.0,0.0,0.0,0.125,0.14285714285714285,0.4166666666666667,0.1,0.0,0.0,0.0,0.0,0.0,0.0,0.5,0.0,0.0,0.0,,0.0,0.42857142857142855,0.10526315789473684,0.06666666666666667,0.375,0.1,0.25,0.0,0.0,0.1,0.05555555555555555,0.3125,0.6,0.14285714285714285,0.2222222222222222,0.16666666666666666,0.0,0.2,0.0,0.3333333333333333,0.25,0.14285714285714285,0.0,0.0,0.2857142857142857,0.0,0.0,0.3333333333333333,0.2,0.35714285714285715,0.0,0.3333333333333333,0.16666666666666666,0.0,0.0,0.0,0.25,0.5,0.16666666666666666,0.2,0.3333333333333333,0.2857142857142857,0.0,0.0,0.0,0.0,0.0,0.5,0.125,0.0,0.0,0.16666666666666666,0.25,0.25,0.0,0.0,0.0,0.5,1.0,0.5,0.0,0.0,0.3333333333333333,1.0,0.0,0.0,0.0,0.0,0.0,0.0,0.0,0.125,0.0,1.0,0.0,0.0,0.0,0.0,0.5,0.0,0.0,0.0,0.25,0.0,0.25,0.0,0.0,0.0,0.0,0.0,,0.0,0.0,0.0,0.0,0.0,0.5,0.0,0.6666666666666666,0.14285714285714285
Lower East Side,Manhattan,neighborhood,0.12875536480686695,0.09863945578231292,0.09824561403508772,0.12454212454212454,0.0411522633744856,0.11583011583011583,0.11353711790393013,0.055299539170506916,0.08,0.1509433962264151,0.10526315789473684,0.1015625,0.1111111111111111,0.07751937984496124,0.09826589595375723,0.08264462809917356,0.12389380530973451,0.15343915343915343,0.16624685138539042,0.08607594936708861,0.09157509157509157,0.06422018348623854,0.16600790513833993,0.11262798634812286,0.11267605633802817,0.0650887573964497,0.13131313131313133,0.12093023255813953,0.12903225806451613,0.1404109589041096,0.1936619718309859,0.1223021582733813,0.19911504424778761,0.13596491228070176,0.15920398009950248,0.13725490196078433,0.15328467153284672,0.18996415770609318,0.16896551724137931,0.15384615384615385,0.1246684350132626,0.16034985422740525,0.16461916461916462,0.15206185567010308,0.1962025316455696,0.17210682492581603,0.17667844522968199,0.11029411764705882,0.13058419243986255,0.1568627450980392,0.13623188405797101,0.1348314606741573,0.1382716049382716,0.16783216783216784,0.158,0.22965641952983726,0.16731517509727625,0.2511737089201878,0.1806282722513089,0.13793103448275862,0.08991825613079019,0.11931818181818182,0.12217194570135746,0.0835214446952596,0.09722222222222222,0.10416666666666667,0.11885245901639344,0.13524590163934427,0.13856812933025403,0.23459715639810427,0.21391752577319587,0.14921465968586387,0.10955710955710955,0.14645308924485126,0.15570175438596492,0.13414634146341464,0.12092130518234165,0.15819209039548024,0.16695352839931152,0.17940199335548174,0.1776937618147448,0.24165029469548133,0.23552894211576847,0.14587737843551796,0.15953307392996108,0.1384928716904277,0.13666666666666666,0.15813253012048192,0.15532734274711169,0.18877551020408162,0.164257555847569,0.20534223706176963,0.21606118546845124,0.234,0.2511415525114155,0.1662269129287599,0.16707021791767554,0.17733990147783252,0.13670411985018727,0.11661341853035144,0.11603053435114503,0.13165680473372782,0.14647137150466044,0.15694444444444444,0.16727941176470587,0.1402061855670103,0.14511873350923482,0.1308139534883721,0.14388489208633093,0.1336405529953917,0.10136452241715399,0.11423841059602649,0.12876712328767123,0.150066401062417,0.11907654921020656,0.15512820512820513,0.16747967479674797,0.21553398058252426,0.16985645933014354,0.15249266862170088,0.13624678663239073,0.06476683937823834,0.09295774647887324,0.1643059490084986,0.23666210670314639,0.2981029810298103,0.3301759133964817,0.3385975994946305,0.2772727272727273,0.2512820512820513,0.1972993248312078,0.13226621735467564,0.1275109170305677,0.10666666666666667,0.09753694581280788,0.09249743062692703,0.059880239520958084,0.07152496626180836,0.05389221556886228,0.10789980732177264,0.08796296296296297,0.12850467289719625,0.17475728155339806,0.14285714285714285,0.09826589595375723,0.08943089430894309,0.10297482837528604,0.09205020920502092,0.11558669001751314,0.13186813186813187,0.11731843575418995,0.21745152354570638,0.2515923566878981,0.30755395683453235,0.2729083665338645,0.16824644549763032,0.15598290598290598,0.16977225672877846,0.2062937062937063,0.14050822122571002,0.14267676767676768,0.18045112781954886,0.17745535714285715,0.25555555555555554,0.27285513361462727,0.3303834808259587,0.28056426332288403,0.1654275092936803,0.1825242718446602,0.15317286652078774,0.13733075435203096,0.16510903426791276,0.16531165311653118,0.19202898550724637,0.19732441471571907,0.25,0.2575957727873184,0.23952095808383234,0.21756487025948104,0.1258741258741259,0.1291139240506329,0.11052631578947368,0.1388888888888889,0.07370517928286853,0.14890016920473773,0.11416781292984869,0.12978142076502733,0.206794682422452,0.21374045801526717,0.19827586206896552,0.20958083832335328,0.08191126279863481,0.10557184750733138,0.10077519379844961,0.0913978494623656,0.10851063829787234,0.10597302504816955,0.1243432574430823,0.13013698630136986,0.14130434782608695
Manhattan,Manhattan,borough,0.1225355431623596,0.10997577959430821,0.12609117361784675,0.10147696377397311,0.10312645823611759,0.09776849018583476,0.09670604804005946,0.0936078723228314,0.11623797368937758,0.13158410025455258,0.12544080604534005,0.1038921854571055,0.10607809194075783,0.09764108689160944,0.10424745243033637,0.09133000453926464,0.0977139910622207,0.09996741078702949,0.11478232352217758,0.12187549753224008,0.12737271598367927,0.1417153120790301,0.15354555852077773,0.1270014917951268,0.13995444191343964,0.13465469736023464,0.1335091478490193,0.13034737857832102,0.12088075578367924,0.1260728858871535,0.1318630063965885,0.13473238088727868,0.15783673148075258,0.16977806265523596,0.14169741697416974,0.12814840027229407,0.1471285463026688,0.13205068768351105,0.14674028456147803,0.1383442265795207,0.12197062423500613,0.13336176434750824,0.1407913464275548,0.15242148855400897,0.16448070285534985,0.2019914651493599,0.17902549209422394,0.1732617485252204,0.1680381933538539,0.15242165242165243,0.16104355768681852,0.15252225519287835,0.1526438146114656,0.1468718466195762,0.16164195227339684,0.16143203393253888,0.1928392643377952,0.19526162137884573,0.19213275968039337,0.15735945591813813,0.1588235294117647,0.14647683397683398,0.1460996749729144,0.12681644852107596,0.12984189723320158,0.1465560930661138,0.15707222320324915,0.17526636579351418,0.17877007849456775,0.22240431380841616,0.2163898999090082,0.1872448677749512,0.18203323007603492,0.17742471213463243,0.1739799846035412,0.16213812864341468,0.16173434273916035,0.18069641649763354,0.2018287889445157,0.21560426302030966,0.23904328633845323,0.2494877049180328,0.2341860577154695,0.18496051874705852,0.20291104088863354,0.1881080007941235,0.18618578053942095,0.1692690956003381,0.17775397675433377,0.19975251237438127,0.1902228007043871,0.23909953693090644,0.255482511165755,0.27994011976047906,0.271036170791406,0.205761316872428,0.21363713270543117,0.19162236373196237,0.18117122990004345,0.1619679101078099,0.15576524741081704,0.16923283501924627,0.1733080601387154,0.19917252424592935,0.21694192860948322,0.24106113033448673,0.2372351100879523,0.1967647838769557,0.19938797551902077,0.18132423553196866,0.16497878359264498,0.14805367073108514,0.15006776650932374,0.16491276654666298,0.16110153343616732,0.18622064472212768,0.2042464804984999,0.2316892725030826,0.21920594837261503,0.18214065391733497,0.17552209120613724,0.1588821423011054,0.18323947213583255,0.21518430544558811,0.27187384631612255,0.2955729166666667,0.3575221723420563,0.37491327188026563,0.33327523963649947,0.294616574365115,0.2724796405504072,0.1921827099938688,0.17210066323684373,0.1652991452991453,0.145564949006978,0.1229481699651593,0.11005257540419813,0.10335895721925134,0.09975450854499103,0.1275593999781014,0.13134998596688185,0.16280159287889434,0.1655864334546746,0.14862124898621248,0.15063573716393283,0.15236115236115236,0.1583585313174946,0.13245873889123994,0.12950807581680066,0.13818157578989468,0.16364893750785867,0.21463027416498748,0.25872873769024174,0.3050113571834185,0.2814388913460121,0.22114381968396568,0.2172193051859311,0.19201300208962155,0.2000411325152533,0.153516295025729,0.16080260791366907,0.19283374070414477,0.21363907680063668,0.24926686217008798,0.2705689956578131,0.2999308118081181,0.2668546526531659,0.20188774407378055,0.19976858154097468,0.18608367228355607,0.170877612780632,0.15142838550139912,0.1595005367534889,0.18259000537345513,0.19885501785976414,0.2407686315242794,0.2548465028578163,0.26132159714249265,0.22501878287002253,0.19331322272498744,0.16340704079188953,0.15573129399495958,0.16001827040194885,0.1454766077929082,0.14853408689509007,0.14236191356598105,0.19079479846759834,0.22370735138937742,0.24421965317919075,0.24383153715258082,0.22879602813405048,0.1720106288751107,0.16183193417006067,0.14768373389063044,0.14716643022474427,0.13636363636363635,0.12370862670263869,0.1399697428139183,0.17151419002291557,0.198723268432812
Manhattan Beach,Brooklyn,neighborhood,,,,,0.0,0.0,0.0,0.0,0.0,,,,,,,,,,,,,,,0.0,0.0,0.0,0.0,0.0,0.0,,0.0,1.0,0.0,0.6666666666666666,0.0,0.0,0.0,,,1.0,0.0,0.0,0.0,0.0,,0.5,0.0,,,,,,,0.0,,1.0,0.5,0.0,0.0,0.3333333333333333,0.0,0.0,0.0,0.0,0.0,0.0,0.3333333333333333,0.25,0.125,0.16666666666666666,0.0,0.1,0.0,0.0,0.0,0.0,0.0,0.0,0.0,0.0,0.0,0.0,0.2,0.0,0.0,0.09090909090909091,0.3333333333333333,0.16666666666666666,0.3333333333333333,0.0,0.2857142857142857,0.0,0.0,0.0,0.0,,1.0,0.3333333333333333,0.0,0.3333333333333333,0.3333333333333333,0.0,,0.0,0.0,,0.0,0.0,0.0,0.0,0.0,0.0,0.0,0.25,0.0,0.0,0.3333333333333333,0.0,0.0,0.0,,,,,,1.0,0.0,0.25,0.5,0.0,0.3333333333333333,0.0,0.0,0.0,0.0,0.0,0.0,0.0,0.0,0.0,0.0,0.0,0.0,0.0,0.0,1.0,0.0,0.0,0.0,0.0,0.0,,,,0.0,0.0,,0.0,0.0,0.0,,,,0.0,0.0,0.6666666666666666,0.0,0.0,,,,,,0.0,0.0,0.0,0.25,0.0,0.0,,,0.0,0.0,0.0,0.0,,0.0,1.0,0.0,0.5,0.0,1.0,0.5,0.3333333333333333,0.5,,0.0,0.0,0.0,
Marble Hill,Manhattan,neighborhood,,,,0.0,0.0,,,,,,,,,,,,,,,,,,,,,0.0,0.0,0.0,,,,,0.5,0.0,0.0,0.0,0.0,0.0,0.0,0.0,0.0,0.0,0.0,0.25,0.25,0.2,0.16666666666666666,0.0,0.0,0.25,0.0,0.0,0.6666666666666666,0.0,0.2,0.14285714285714285,0.0,0.42857142857142855,0.0,0.125,0.5,0.16666666666666666,0.3333333333333333,0.16666666666666666,0.6,0.0,0.0,0.16666666666666666,0.0,0.0,0.0,0.25,0.0,0.0,0.0,0.0,0.0,0.0,0.0,0.16666666666666666,0.3333333333333333,0.125,0.375,0.0,0.0,0.0,0.0,0.2,0.0,0.25,0.3076923076923077,0.10526315789473684,0.2,0.125,0.2,0.3333333333333333,0.0,0.09090909090909091,0.2,0.08333333333333333,0.2222222222222222,0.2857142857142857,0.08333333333333333,0.13333333333333333,0.0,0.09090909090909091,0.3,0.0,0.0,0.07692307692307693,0.11764705882352941,0.0,0.0,0.3333333333333333,0.0625,0.13333333333333333,0.2,0.1111111111111111,0.2,0.0,0.09090909090909091,0.1,0.0,0.0,0.0,0.0,0.0,0.1111111111111111,0.2,0.6,0.2,0.16666666666666666,0.1111111111111111,0.2222222222222222,0.1111111111111111,0.1,0.09090909090909091,0.15384615384615385,0.125,0.0,0.08333333333333333,0.0,0.0,0.0,0.08333333333333333,0.09090909090909091,0.0,0.0,0.125,0.125,0.2,0.2,0.2222222222222222,0.25,0.25,0.0,0.0,0.0,0.0,0.0,0.0,0.0,0.0,0.3333333333333333,0.0,0.0,0.0,0.0,0.0,0.0,0.0,0.25,0.0,0.0,0.0,0.16666666666666666,0.0,0.2,0.0,0.0,0.0,0.25,0.0,0.0,0.0,0.0,0.0,0.42105263157894735,0.1,0.0,0.0,0.14285714285714285,0.0,0.0,0.0,0.0,0.09523809523809523,0.0,0.0,0.0
Marine Park,Brooklyn,neighborhood,,,,,,,0.0,0.0,,0.0,,,,0.0,0.16666666666666666,0.0,0.0,0.0,0.0,0.0,0.0,0.0,0.0,0.0,0.0,0.0,0.0,,,,,,0.0,0.0,0.0,0.0,0.0,0.0,0.0,0.0,0.3333333333333333,0.0,,,0.0,0.0,0.0,0.0,0.0,0.0,0.0,0.0,0.0,0.0,0.0,0.0,0.0,0.16666666666666666,0.3333333333333333,0.125,0.0,0.0,0.0,0.0,0.16666666666666666,0.36363636363636365,0.3,0.14285714285714285,0.15384615384615385,0.0,0.125,0.08333333333333333,0.14285714285714285,0.25,0.0,0.3333333333333333,0.15384615384615385,0.2,0.2222222222222222,0.0,0.09090909090909091,0.14285714285714285,0.25,0.25,0.26666666666666666,0.14285714285714285,0.09090909090909091,0.09090909090909091,0.0,0.0,0.0,0.09090909090909091,0.25,0.4,0.2857142857142857,0.0,0.0,0.1111111111111111,0.0,0.25,0.2,0.0,0.125,0.0,0.1111111111111111,0.35714285714285715,0.15384615384615385,0.18181818181818182,0.2,0.0,0.08333333333333333,0.2,0.0,0.0,0.0,0.05263157894736842,0.14285714285714285,0.125,0.1111111111111111,0.375,0.25,0.25,0.0,0.0,0.0,0.3333333333333333,0.0,0.0,0.0,0.0,0.0,0.2777777777777778,0.0,0.1111111111111111,0.0,0.375,0.3333333333333333,0.0,0.0,0.0,0.14285714285714285,0.0,0.0,0.0,0.0,0.16666666666666666,0.0,0.09090909090909091,0.0,0.5,0.6,0.125,0.2857142857142857,0.0,0.09090909090909091,0.0,0.14285714285714285,0.0,0.3333333333333333,0.0,0.0,0.0,0.3333333333333333,0.3333333333333333,0.0,0.0,0.14285714285714285,0.0,0.4,0.14285714285714285,0.0,0.0,0.0,0.0,0.25,0.0,0.0,0.1,0.4,0.0,0.2,0.0,0.0,0.2,0.14285714285714285,0.375,0.16666666666666666,0.0,0.3333333333333333,0.0,0.1,0.1111111111111111,0.125,0.0,1.0,0.0,0.0,0.0,0.0,0.0
Maspeth,Queens,neighborhood,,,0.0,0.0,0.3333333333333333,,,0.0,0.0,0.0,0.5,0.0,0.0,0.0,0.0,0.0,0.0,,,,0.0,1.0,0.25,0.25,0.3333333333333333,0.0,0.0,0.0,0.0,0.3333333333333333,0.0,0.0,0.0,0.0,0.0,0.0,0.0,0.09090909090909091,0.125,0.2,0.0,0.0,0.0,0.0,0.0,0.0,0.0,0.0,0.2,0.14285714285714285,0.23076923076923078,0.14285714285714285,0.16666666666666666,0.1111111111111111,0.1111111111111111,0.16666666666666666,0.1,0.08333333333333333,0.0,0.0,0.0,0.28205128205128205,0.017857142857142856,0.07894736842105263,0.038461538461538464,0.17142857142857143,0.0967741935483871,0.14285714285714285,0.05555555555555555,0.12903225806451613,0.08888888888888889,0.13333333333333333,0.1282051282051282,0.16,0.14285714285714285,0.10526315789473684,0.17142857142857143,0.04,0.125,0.17647058823529413,0.06976744186046512,0.14893617021276595,0.125,0.09523809523809523,0.23809523809523808,0.18181818181818182,0.17543859649122806,0.058823529411764705,0.23376623376623376,0.27906976744186046,0.07954545454545454,0.13333333333333333,0.22,0.26666666666666666,0.14893617021276595,0.075,0.11764705882352941,0.17307692307692307,0.05,0.16279069767441862,0.0425531914893617,0.061224489795918366,0.3333333333333333,0.23214285714285715,0.18518518518518517,0.14634146341463414,0.17333333333333334,0.18461538461538463,0.18309859154929578,0.09090909090909091,0.14583333333333334,0.1590909090909091,0.14285714285714285,0.2033898305084746,0.22033898305084745,0.2112676056338028,0.10344827586206896,0.0967741935483871,0.10638297872340426,0.17647058823529413,0.2702702702702703,0.14285714285714285,0.16666666666666666,0.1875,0.2702702702702703,0.06521739130434782,0.1724137931034483,0.1702127659574468,0.27941176470588236,0.1875,0.21428571428571427,0.16666666666666666,0.15714285714285714,0.13114754098360656,0.13636363636363635,0.07142857142857142,0.06779661016949153,0.1206896551724138,0.09090909090909091,0.14754098360655737,0.125,0.17543859649122806,0.20930232558139536,0.14285714285714285,0.125,0.22448979591836735,0.25,0.09090909090909091,0.1702127659574468,0.08928571428571429,0.25,0.14285714285714285,0.16363636363636364,0.2535211267605634,0.125,0.25,0.13114754098360656,0.25,0.23376623376623376,0.15714285714285714,0.10638297872340426,0.26785714285714285,0.1864406779661017,0.2222222222222222,0.17307692307692307,0.08928571428571429,0.09090909090909091,0.14705882352941177,0.043478260869565216,0.11428571428571428,0.25,0.2413793103448276,0.16666666666666666,0.10256410256410256,0.06976744186046512,0.13953488372093023,0.19298245614035087,0.22,0.20833333333333334,0.14285714285714285,0.10294117647058823,0.17857142857142858,0.1568627450980392,0.11320754716981132,0.21428571428571427,0.13157894736842105,0.11363636363636363,0.17777777777777778,0.1875,0.2830188679245283,0.1206896551724138,0.13043478260869565,0.08928571428571429,0.07692307692307693,0.1746031746031746,0.08,0.08695652173913043,0.18461538461538463,0.1125,0.15
Melrose,Bronx,neighborhood,,,,,,0.0,0.0,0.0,1.0,0.0,,,,,,,,,,1.0,0.0,0.0,0.0,0.0,0.0,0.0,0.0,0.0,0.0,1.0,0.0,,,,,,,,,,,,,,0.0,0.0,0.0,0.0,0.0,0.0,0.0,0.0,0.0,0.0,0.0,0.0,0.0,0.0,0.0,0.0,0.0,0.0,0.0,0.0,0.0,0.0,0.0,0.0,0.0,0.0,0.0,0.0,0.0,0.0,0.0,0.5,0.3333333333333333,0.25,0.0,0.16666666666666666,0.375,0.0,0.0,0.0,0.6,0.0,0.1,0.0,0.0,0.08333333333333333,0.29411764705882354,0.1,0.125,0.0,0.08333333333333333,0.14285714285714285,0.0,0.09090909090909091,0.4,0.14285714285714285,0.2727272727272727,0.041666666666666664,0.125,0.16666666666666666,0.3333333333333333,0.21428571428571427,0.0,0.375,0.09090909090909091,0.15384615384615385,0.09090909090909091,0.25,0.0,0.0,0.19230769230769232,0.045454545454545456,0.21052631578947367,0.11764705882352941,0.2727272727272727,0.23076923076923078,0.0,0.2727272727272727,0.1,0.0,0.0,0.25,0.4444444444444444,0.05,0.0,0.15384615384615385,0.14285714285714285,0.125,0.0,0.14285714285714285,0.0,0.07692307692307693,0.0,0.0,0.07692307692307693,0.1111111111111111,0.0,0.0,0.3157894736842105,0.10526315789473684,0.0,0.0,0.05263157894736842,0.0,0.0,0.08333333333333333,0.0,0.05,0.09090909090909091,0.05,0.25,0.0,0.14285714285714285,0.2222222222222222,0.07142857142857142,0.0,0.0,0.09090909090909091,0.4,0.125,0.21428571428571427,0.0,0.0,0.0,0.07692307692307693,0.0,0.0,0.0,0.1,0.08695652173913043,0.15384615384615385,0.07142857142857142,0.2727272727272727,0.0,0.0,0.2,0.09090909090909091,0.18181818181818182,0.3076923076923077,0.15384615384615385,0.26666666666666666,0.0,0.1,0.0,0.0,0.16666666666666666,0.2857142857142857,0.0,0.0,0.125,0.0,0.0,0.06666666666666667,0.07142857142857142,0.14285714285714285,0.14285714285714285
Middle Village,Queens,neighborhood,0.0,0.0,0.0,0.0,,,,,,,,,,,0.0,0.0,,,,,0.0,,,,,,0.0,,0.0,0.0,0.0,1.0,,,,0.0,0.0,,,,,0.0,0.0,0.0,0.5,0.0,0.0,0.0,0.0,0.0,0.0,0.5,0.4,0.1,0.0,0.0,0.0,0.2,0.0,0.125,0.0,0.0,0.0,0.047619047619047616,0.05555555555555555,0.05263157894736842,0.0,0.13333333333333333,0.14285714285714285,0.125,0.2222222222222222,0.05555555555555555,0.11764705882352941,0.13333333333333333,0.1111111111111111,0.15384615384615385,0.08333333333333333,0.3,0.0,0.15384615384615385,0.0,0.047619047619047616,0.0,0.07142857142857142,0.10526315789473684,0.18181818181818182,0.125,0.08,0.06666666666666667,0.08823529411764706,0.20689655172413793,0.05555555555555555,0.07142857142857142,0.3333333333333333,0.2,0.07692307692307693,0.16666666666666666,0.29411764705882354,0.06666666666666667,0.2,0.25,0.21052631578947367,0.09090909090909091,0.19230769230769232,0.10344827586206896,0.16666666666666666,0.1,0.13333333333333333,0.09090909090909091,0.13793103448275862,0.25,0.20833333333333334,0.15384615384615385,0.3333333333333333,0.23076923076923078,0.21212121212121213,0.28125,0.1111111111111111,0.04,0.058823529411764705,0.10526315789473684,0.0,0.1875,0.0,0.0,0.13333333333333333,0.3,0.47058823529411764,0.2,0.38461538461538464,0.1891891891891892,0.14285714285714285,0.20689655172413793,0.14285714285714285,0.029411764705882353,0.06896551724137931,0.1,0.06451612903225806,0.19230769230769232,0.18181818181818182,0.045454545454545456,0.06976744186046512,0.07407407407407407,0.027777777777777776,0.15625,0.13333333333333333,0.11428571428571428,0.14814814814814814,0.12903225806451613,0.11764705882352941,0.08333333333333333,0.030303030303030304,0.16,0.3333333333333333,0.19047619047619047,0.14814814814814814,0.2222222222222222,0.05555555555555555,0.25,0.2,0.14285714285714285,0.19047619047619047,0.18518518518518517,0.17142857142857143,0.17391304347826086,0.17647058823529413,0.1,0.1388888888888889,0.23684210526315788,0.11627906976744186,0.06060606060606061,0.125,0.13043478260869565,0.11538461538461539,0.2222222222222222,0.13333333333333333,0.17391304347826086,0.30434782608695654,0.125,0.14285714285714285,0.2857142857142857,0.21052631578947367,0.18518518518518517,0.15151515151515152,0.058823529411764705,0.1111111111111111,0.08333333333333333,0.10344827586206896,0.11538461538461539,0.19047619047619047,0.045454545454545456,0.17647058823529413,0.0,0.0,0.2,0.2222222222222222,0.20833333333333334,0.10344827586206896,0.05405405405405406,0.03333333333333333
Midtown,Manhattan,neighborhood,0.09316770186335403,0.07095343680709534,0.0954653937947494,0.09192825112107623,0.0812807881773399,0.08421052631578947,0.09615384615384616,0.06818181818181818,0.12096774193548387,0.1171875,0.0947075208913649,0.10362694300518134,0.08854166666666667,0.06043956043956044,0.08970976253298153,0.0893854748603352,0.08354430379746836,0.1037037037037037,0.082010582010582,0.0968586387434555,0.128,0.12968299711815562,0.1831831831831832,0.10650887573964497,0.13675213675213677,0.09234828496042216,0.12935323383084577,0.10666666666666667,0.10964912280701754,0.09885057471264368,0.11159737417943107,0.11374407582938388,0.15085158150851583,0.15738498789346247,0.10913705583756345,0.09560723514211886,0.12530712530712532,0.13440860215053763,0.11893203883495146,0.1368909512761021,0.1193058568329718,0.10112359550561797,0.1272365805168986,0.14989733059548255,0.13646055437100213,0.17857142857142858,0.13285024154589373,0.15228426395939088,0.16046511627906976,0.12585812356979406,0.14822546972860126,0.13184584178498987,0.09917355371900827,0.16400911161731208,0.13562753036437247,0.1443089430894309,0.15056179775280898,0.17959183673469387,0.10416666666666667,0.15,0.17813765182186234,0.10693069306930693,0.09433962264150944,0.13092979127134724,0.11244979919678715,0.13984674329501914,0.12720156555772993,0.11320754716981132,0.11720226843100189,0.2014388489208633,0.212,0.188715953307393,0.14754098360655737,0.1433628318584071,0.1553398058252427,0.14630225080385853,0.15409309791332262,0.14751552795031056,0.1987075928917609,0.1984251968503937,0.1921182266009852,0.18856259659969088,0.22006472491909385,0.16541353383458646,0.18835616438356165,0.20463320463320464,0.2071307300509338,0.18835616438356165,0.15372670807453417,0.18181818181818182,0.15304347826086956,0.20824742268041238,0.210412147505423,0.3033932135728543,0.22244897959183674,0.19047619047619047,0.20281124497991967,0.14009661835748793,0.17400881057268722,0.15631691648822268,0.13414634146341464,0.15821501014198783,0.16733870967741934,0.15399239543726237,0.1729957805907173,0.20321931589537223,0.2102803738317757,0.16584158415841585,0.1504237288135593,0.15681818181818183,0.1336206896551724,0.11834319526627218,0.12301587301587301,0.1463963963963964,0.15338645418326693,0.1513157894736842,0.18181818181818182,0.20714285714285716,0.20843091334894615,0.16097560975609757,0.17633928571428573,0.18387909319899245,0.20765027322404372,0.23197492163009403,0.20698254364089774,0.31305903398926654,0.308659217877095,0.36258064516129035,0.2906091370558376,0.25030826140567203,0.2621870882740448,0.14265734265734265,0.15681233933161953,0.14414414414414414,0.12138728323699421,0.11432926829268293,0.09507042253521127,0.0841683366733467,0.07766990291262135,0.11270983213429256,0.13414634146341464,0.14754098360655737,0.1879432624113475,0.16591928251121077,0.22406639004149378,0.13807531380753138,0.16071428571428573,0.12734082397003746,0.18928571428571428,0.1595744680851064,0.1723076923076923,0.24129353233830847,0.2366412213740458,0.31043956043956045,0.2389937106918239,0.1686046511627907,0.24285714285714285,0.2023121387283237,0.18206521739130435,0.21142857142857144,0.10194174757281553,0.1592505854800937,0.1912442396313364,0.22602739726027396,0.2361111111111111,0.28293736501079914,0.23832923832923833,0.19480519480519481,0.1951219512195122,0.23056300268096513,0.18227848101265823,0.1566579634464752,0.16290726817042606,0.195,0.17713004484304934,0.17688679245283018,0.2445054945054945,0.258974358974359,0.22448979591836735,0.2292358803986711,0.12861736334405144,0.17940199335548174,0.20064724919093851,0.15337423312883436,0.1355421686746988,0.12753623188405797,0.233502538071066,0.23298429319371727,0.22562674094707522,0.24607329842931938,0.20110192837465565,0.18397626112759644,0.19327731092436976,0.10982658959537572,0.1188118811881188,0.12244897959183673,0.08395061728395062,0.11704834605597965,0.1518987341772152,0.2
Midtown East,Manhattan,neighborhood,0.12080536912751678,0.09485430874147552,0.11602870813397129,0.10944700460829493,0.09154929577464789,0.08744247205785667,0.08683666436940041,0.09479305740987984,0.11235059760956176,0.12176165803108809,0.12246777163904236,0.09567617295308188,0.10915492957746478,0.10077519379844961,0.11526479750778816,0.09410007468259896,0.07167710508002784,0.07838983050847458,0.09473684210526316,0.09798270893371758,0.10967250571210967,0.1445042275172944,0.13392857142857142,0.1504424778761062,0.13593882752761258,0.12568735271013354,0.12267657992565056,0.14008941877794337,0.10364546104360257,0.11360448807854137,0.11318327974276528,0.12825520833333334,0.15345821325648415,0.16196136701337296,0.13787761425251743,0.14460784313725492,0.15039768618944324,0.12347451543431442,0.13079896907216496,0.11965811965811966,0.11490125673249552,0.1268612269207862,0.12289287656334964,0.13876146788990826,0.15536374845869297,0.19351100811123986,0.19366626065773446,0.19130434782608696,0.17987275882012724,0.17036172695449242,0.18138801261829654,0.14636642784032752,0.11201216421692854,0.11987545407368967,0.1507782101167315,0.15532022188603126,0.1831578947368421,0.19401330376940132,0.19671094244149273,0.14885731933292157,0.1762295081967213,0.17046117921774664,0.1454940282301846,0.10412371134020619,0.12116641528406234,0.12458392772230148,0.1511899206719552,0.1890595009596929,0.17584638706417383,0.2441983122362869,0.23488773747841105,0.18863503222026948,0.17431693989071037,0.17755443886097153,0.17425025853154086,0.165589259075087,0.16293929712460065,0.16609880749574105,0.1942783945345858,0.21120689655172414,0.24459770114942528,0.26246600181323665,0.22086786933203315,0.19130434782608696,0.2065997130559541,0.1860019175455417,0.18928262748487468,0.14845360824742268,0.16492537313432837,0.18032212885154061,0.17460894870862131,0.22405557967867998,0.2554072710538426,0.2749110320284697,0.26416015625,0.20446096654275092,0.20453347390616763,0.18898888300688194,0.1760039662865642,0.1944181646168401,0.14444903012794058,0.15026132404181183,0.15289256198347106,0.1959604641168887,0.2060106640814348,0.23200757575757575,0.2544052863436123,0.2315661182205972,0.2018348623853211,0.187871581450654,0.172008547008547,0.145351580934403,0.14664867296446243,0.1394385641969627,0.15139442231075698,0.1814797580269893,0.20021703743895822,0.2229654403567447,0.23496590204587725,0.17117117117117117,0.17919422730006013,0.16329378925331473,0.1927512355848435,0.20222793487574978,0.256136606189968,0.2870470039468963,0.3959445037353255,0.38369138369138367,0.349235757295044,0.3351673544245759,0.3308270676691729,0.19572192513368983,0.20519761775852735,0.16987640126473125,0.16363636363636364,0.13748148148148148,0.12093628088426528,0.0896399706098457,0.09314823107926556,0.10691489361702128,0.12979152656355078,0.16863033873343153,0.1693480101608806,0.18698441796516957,0.19102112676056338,0.1935483870967742,0.17795979151154132,0.1735159817351598,0.11149584487534626,0.13639344262295083,0.21830143540669855,0.27302275189599134,0.3080273802115744,0.35356037151702785,0.3189154293092318,0.2717546362339515,0.23062015503875968,0.21356615177971794,0.24729891956782712,0.1888313183649971,0.1800708143651998,0.21265704979060027,0.24678308823529413,0.31196581196581197,0.3056462902473168,0.35031234983181164,0.30648648648648646,0.23345588235294118,0.23238206173558532,0.24707332101047444,0.2286212914485166,0.21582346609257266,0.20624712907671108,0.20934579439252338,0.2775847089487402,0.29417080885675556,0.31305637982195844,0.3229946524064171,0.26583932070542127,0.23880597014925373,0.21753908905506458,0.20293911826452066,0.21580928481806774,0.19182561307901907,0.1553921568627451,0.1535,0.2601238685088137,0.2782782782782783,0.2976318622174381,0.2946375957572186,0.29062710721510454,0.2383679312813171,0.20973269362577107,0.1856245638520586,0.19881656804733727,0.17970049916805325,0.136,0.17046632124352332,0.23673673673673673,0.2608462774504553
Midtown South,Manhattan,neighborhood,0.1111111111111111,0.08433734939759036,0.08648648648648649,0.09313725490196079,0.06451612903225806,0.07650273224043716,0.12432432432432433,0.08333333333333333,0.08383233532934131,0.12101910828025478,0.08275862068965517,0.0625,0.0916030534351145,0.04316546762589928,0.04,0.0821917808219178,0.03184713375796178,0.08163265306122448,0.09448818897637795,0.10240963855421686,0.13529411764705881,0.13793103448275862,0.11797752808988764,0.07142857142857142,0.13372093023255813,0.0861244019138756,0.1004566210045662,0.07035175879396985,0.143646408839779,0.18435754189944134,0.14285714285714285,0.13756613756613756,0.14606741573033707,0.14130434782608695,0.0797872340425532,0.1111111111111111,0.08673469387755102,0.11794871794871795,0.17412935323383086,0.10526315789473684,0.09787234042553192,0.12698412698412698,0.13618677042801555,0.17254901960784313,0.15289256198347106,0.16129032258064516,0.09417040358744394,0.12149532710280374,0.09836065573770492,0.12446351931330472,0.08368200836820083,0.08196721311475409,0.06837606837606838,0.1016949152542373,0.07894736842105263,0.11788617886178862,0.13304721030042918,0.13186813186813187,0.108,0.09486166007905138,0.07224334600760456,0.11070110701107011,0.07931034482758621,0.0798611111111111,0.07876712328767123,0.1291390728476821,0.11987381703470032,0.1423487544483986,0.09505703422053231,0.20454545454545456,0.15648854961832062,0.09090909090909091,0.11969111969111969,0.12878787878787878,0.1111111111111111,0.1601423487544484,0.13486842105263158,0.1168091168091168,0.10495626822157435,0.12264150943396226,0.2084942084942085,0.19310344827586207,0.16428571428571428,0.10130718954248366,0.14545454545454545,0.11363636363636363,0.14018691588785046,0.09803921568627451,0.18487394957983194,0.1220159151193634,0.15178571428571427,0.09848484848484848,0.13983050847457626,0.14335664335664336,0.2610294117647059,0.15087719298245614,0.164,0.08097165991902834,0.13029315960912052,0.06761565836298933,0.09621993127147767,0.1506849315068493,0.09253731343283582,0.1111111111111111,0.16942148760330578,0.21818181818181817,0.18828451882845187,0.21171171171171171,0.15648854961832062,0.13215859030837004,0.16796875,0.10191082802547771,0.14982578397212543,0.171875,0.13588850174216027,0.13768115942028986,0.14732142857142858,0.24583333333333332,0.1895734597156398,0.1881720430107527,0.20418848167539266,0.14361702127659576,0.17277486910994763,0.3136094674556213,0.2518796992481203,0.3959537572254335,0.40451745379876797,0.37453183520599254,0.3125,0.3532818532818533,0.22266401590457258,0.1720647773279352,0.19908466819221968,0.16030534351145037,0.09403669724770643,0.0737913486005089,0.07605633802816901,0.09634551495016612,0.12558139534883722,0.18857142857142858,0.13609467455621302,0.16455696202531644,0.16546762589928057,0.24509803921568626,0.27586206896551724,0.2619047619047619,0.2422360248447205,0.16184971098265896,0.2,0.17972350230414746,0.21120689655172414,0.28,0.3441295546558704,0.38666666666666666,0.37668161434977576,0.2247191011235955,0.25252525252525254,0.32786885245901637,0.22115384615384615,0.20175438596491227,0.25,0.20973782771535582,0.26557377049180325,0.21035598705501618,0.18032786885245902,0.2620967741935484,0.2956521739130435,0.2,0.16990291262135923,0.13471502590673576,0.15348837209302327,0.18532818532818532,0.19285714285714287,0.16216216216216217,0.1950354609929078,0.23003194888178913,0.2567049808429119,0.3133047210300429,0.27884615384615385,0.18932038834951456,0.1674641148325359,0.1568627450980392,0.16371681415929204,0.11673151750972763,0.18490566037735848,0.13333333333333333,0.2007168458781362,0.25984251968503935,0.2490272373540856,0.27074235807860264,0.25365853658536586,0.1746031746031746,0.1358695652173913,0.11956521739130435,0.12562814070351758,0.09881422924901186,0.11818181818181818,0.12937062937062938,0.19736842105263158,0.1872791519434629
Midtown West,Manhattan,neighborhood,0.1205298013245033,0.10224438902743142,0.14522292993630573,0.09906759906759907,0.09535759096612297,0.09060022650056625,0.10654827968923418,0.09773371104815864,0.0932475884244373,0.12369597615499255,0.12307692307692308,0.12956810631229235,0.09369951534733441,0.1056782334384858,0.08256880733944955,0.09696092619392185,0.08859060402684564,0.09043927648578812,0.11564625850340136,0.10864197530864197,0.11686586985391766,0.128,0.14153439153439154,0.12,0.11288343558282209,0.11352657004830918,0.13958810068649885,0.13106796116504854,0.11805555555555555,0.10390946502057613,0.12244897959183673,0.13655030800821355,0.12954545454545455,0.1595744680851064,0.18253079507278835,0.1423487544483986,0.1377825618945102,0.14285714285714285,0.16633663366336635,0.1349862258953168,0.12279069767441861,0.13855970829535097,0.12951541850220263,0.14333333333333334,0.13776493256262043,0.19489981785063754,0.15834932821497122,0.2261116367076632,0.1722943722943723,0.16972878390201224,0.16029292107404394,0.1583747927031509,0.14890510948905109,0.17834890965732086,0.15948601662887377,0.15700660308143802,0.19795758051846032,0.18248712288447388,0.20961386918833727,0.1952,0.15217391304347827,0.1550877192982456,0.17445054945054944,0.13104325699745548,0.13829787234042554,0.1520912547528517,0.1813570069752695,0.18083756345177665,0.17692307692307693,0.23732251521298176,0.21260898725687458,0.1936842105263158,0.20765027322404372,0.2054607508532423,0.1882426516572858,0.158125,0.15076923076923077,0.17789001122334455,0.20774845592363841,0.20247711362412493,0.2119281991893457,0.24968866749688667,0.255771567436209,0.22229595222295953,0.22022740873728305,0.18348045397225726,0.1937290033594625,0.18020022246941045,0.19384615384615383,0.2129774986917844,0.21634363541121004,0.2296252230814991,0.2457221081451061,0.29914529914529914,0.30221300138312585,0.23971119133574006,0.21765913757700206,0.214992927864215,0.2113156100886162,0.18426103646833014,0.17768344451182536,0.16390532544378697,0.18303030303030304,0.21005917159763313,0.2374461979913917,0.25337620578778136,0.25273972602739725,0.1834607366226546,0.20889748549323017,0.18800888230940044,0.18131487889273357,0.16763378465506126,0.17228694052728388,0.18331303288672351,0.18888888888888888,0.21632382216323823,0.2018950437317784,0.2505415162454874,0.22883487007544007,0.21754385964912282,0.19308125502815768,0.20948275862068966,0.2160377358490566,0.2845227062094532,0.3382451440053583,0.3355450236966825,0.40859030837004406,0.4051903114186851,0.36613351877607786,0.3027269589230238,0.3088743757203227,0.2171525137304605,0.17451640033641716,0.20398701900788133,0.1725955204216074,0.15498154981549817,0.14037698412698413,0.1065121412803532,0.09802631578947368,0.12276612276612277,0.14679802955665025,0.16367476240760295,0.18646232439335889,0.1467236467236467,0.1251778093883357,0.15018773466833543,0.14715359828141783,0.147024504084014,0.11789038262668046,0.15544554455445544,0.16825672159583693,0.215311004784689,0.3025291828793774,0.31626235399820307,0.3080357142857143,0.25395348837209303,0.19556285949055052,0.19492293744333636,0.22054140127388536,0.19342208300704777,0.17403314917127072,0.20532319391634982,0.23393636930754835,0.28004956629491945,0.27746870653685674,0.30663780663780665,0.2933227344992051,0.21544715447154472,0.20048115477145148,0.18986254295532645,0.21378230227094752,0.16080777860882572,0.15618661257606492,0.196742671009772,0.19356833642547927,0.262073406310367,0.2847173761339846,0.286512928022362,0.23214285714285715,0.19891500904159132,0.18233387358184766,0.17266187050359713,0.16310372129849565,0.15469208211143695,0.19003322259136213,0.1542483660130719,0.1818742293464858,0.2047138047138047,0.2603053435114504,0.29906542056074764,0.26807760141093473,0.19002822201317027,0.151618398637138,0.14156079854809436,0.1829787234042553,0.15842349304482226,0.13946800862688713,0.13881401617250674,0.15813060179257363,0.19181034482758622
Midwood,Brooklyn,neighborhood,0.08333333333333333,0.15384615384615385,0.07692307692307693,0.07692307692307693,0.5714285714285714,0.0,0.0,0.15384615384615385,0.0,0.08333333333333333,0.07142857142857142,0.0625,0.1111111111111111,0.0,0.07142857142857142,0.0,0.05555555555555555,0.07142857142857142,0.03333333333333333,0.025,0.0,0.1282051282051282,0.125,0.023255813953488372,0.03125,0.07692307692307693,0.03571428571428571,0.0,0.03571428571428571,0.05,0.045454545454545456,0.047619047619047616,0.14285714285714285,0.04878048780487805,0.08571428571428572,0.17647058823529413,0.20930232558139536,0.04,0.057692307692307696,0.03636363636363636,0.06521739130434782,0.0,0.023255813953488372,0.0851063829787234,0.061224489795918366,0.22448979591836735,0.08620689655172414,0.14583333333333334,0.1276595744680851,0.07407407407407407,0.04411764705882353,0.0625,0.04285714285714286,0.12903225806451613,0.16831683168316833,0.06722689075630252,0.02564102564102564,0.06060606060606061,0.075,0.12121212121212122,0.08045977011494253,0.05952380952380952,0.04395604395604396,0.045871559633027525,0.09322033898305085,0.06164383561643835,0.07878787878787878,0.1144578313253012,0.07741935483870968,0.06329113924050633,0.07575757575757576,0.10077519379844961,0.12264150943396226,0.09482758620689655,0.09022556390977443,0.1506849315068493,0.057692307692307696,0.058394160583941604,0.096,0.09219858156028368,0.09523809523809523,0.1271186440677966,0.16923076923076924,0.13178294573643412,0.21022727272727273,0.15086206896551724,0.1366906474820144,0.18146718146718147,0.15960912052117263,0.16838487972508592,0.07755102040816327,0.17424242424242425,0.152317880794702,0.11494252873563218,0.11398963730569948,0.11458333333333333,0.15135135135135136,0.12903225806451613,0.105,0.13612565445026178,0.1981981981981982,0.13043478260869565,0.10266159695817491,0.11646586345381527,0.1341991341991342,0.132013201320132,0.1593625498007968,0.12560386473429952,0.1506849315068493,0.10144927536231885,0.18587360594795538,0.10964912280701754,0.14860681114551083,0.13829787234042554,0.10071942446043165,0.10030395136778116,0.13618677042801555,0.13392857142857142,0.1225296442687747,0.12663755458515283,0.15178571428571427,0.16585365853658537,0.13440860215053763,0.09448818897637795,0.09644670050761421,0.09569377990430622,0.12698412698412698,0.12030075187969924,0.17253521126760563,0.16216216216216217,0.14285714285714285,0.13333333333333333,0.18928571428571428,0.13765182186234817,0.10740740740740741,0.1111111111111111,0.08896797153024912,0.0891089108910891,0.08833922261484099,0.07857142857142857,0.09401709401709402,0.13138686131386862,0.12442396313364056,0.11946902654867257,0.06726457399103139,0.07246376811594203,0.11255411255411256,0.06521739130434782,0.061611374407582936,0.08743169398907104,0.06282722513089005,0.04712041884816754,0.0728476821192053,0.0660377358490566,0.1111111111111111,0.12142857142857143,0.06289308176100629,0.0847457627118644,0.06842105263157895,0.05660377358490566,0.07738095238095238,0.10759493670886076,0.10909090909090909,0.0949367088607595,0.12030075187969924,0.14285714285714285,0.16556291390728478,0.06535947712418301,0.10596026490066225,0.12941176470588237,0.08955223880597014,0.06432748538011696,0.08465608465608465,0.09883720930232558,0.11374407582938388,0.03940886699507389,0.16589861751152074,0.17098445595854922,0.11515151515151516,0.046242774566473986,0.07216494845360824,0.12658227848101267,0.12716763005780346,0.06097560975609756,0.10344827586206896,0.08333333333333333,0.09881422924901186,0.12340425531914893,0.10679611650485436,0.0797872340425532,0.09895833333333333,0.10285714285714286,0.08558558558558559,0.12432432432432433,0.0449438202247191,0.09259259259259259,0.1457286432160804,0.05963302752293578,0.09047619047619047,0.08602150537634409
Mill Basin,Brooklyn,neighborhood,,,,,,,,,,,,,,,,,,,,,,,,,,,0.0,0.0,,,0.0,0.0,,0.0,0.0,,,,0.0,0.0,0.0,,,0.3333333333333333,0.3333333333333333,0.0,0.5,,,,,,,0.0,0.0,0.0,0.0,0.125,0.14285714285714285,0.0,0.0,0.0,0.0,0.0,,0.0,0.0,,0.0,0.0,0.0,0.0,0.0,0.0,0.0,0.0,0.0,0.0,,,,,0.0,0.0,0.5,0.25,0.0,0.0,0.0,0.0,0.0,,,0.0,0.0,0.2,0.0,0.0,0.0,0.0,0.0,0.0,0.0,0.2,0.125,0.25,0.5,0.25,0.0,0.0,0.0,0.0,0.5,0.5,1.0,1.0,0.0,0.0,0.0,0.3333333333333333,0.25,,0.0,0.0,0.0,0.0,0.0,,0.0,,0.0,0.3333333333333333,0.0,,0.0,0.0,0.0,0.0,0.0,0.0,0.0,0.0,0.0,0.0,0.0,0.0,0.0,0.5,0.0,0.0,0.0,0.0,0.0,0.5,0.0,0.0,0.0,0.5,0.25,0.0,0.0,0.0,0.0,0.0,0.0,0.0,,,,,0.0,,0.0,0.0,,0.0,0.0,0.0,0.0,1.0,0.0,0.0,0.0,0.0,0.0,0.0,0.0,,0.0,0.0,0.0,0.0,0.0,,0.0,0.0,0.0,0.0,,0.0
Morningside Heights,Manhattan,neighborhood,0.17391304347826086,0.09090909090909091,0.14925373134328357,0.1076923076923077,0.11904761904761904,0.18604651162790697,0.020833333333333332,0.11428571428571428,0.07407407407407407,0.0967741935483871,0.16666666666666666,0.1111111111111111,0.3870967741935484,0.08823529411764706,0.13953488372093023,0.022727272727272728,0.09615384615384616,0.043478260869565216,0.05263157894736842,0.10869565217391304,0.21428571428571427,0.26666666666666666,0.20689655172413793,0.0,0.17647058823529413,0.030303030303030304,0.2222222222222222,0.07692307692307693,0.14516129032258066,0.24324324324324326,0.21649484536082475,0.12087912087912088,0.21951219512195122,0.17647058823529413,0.2903225806451613,0.23076923076923078,0.21739130434782608,0.14285714285714285,0.34,0.14285714285714285,0.11666666666666667,0.1111111111111111,0.11965811965811966,0.06140350877192982,0.21311475409836064,0.12,0.2,0.13725490196078433,0.375,0.39655172413793105,0.14492753623188406,0.4222222222222222,0.22695035460992907,0.36363636363636365,0.07947019867549669,0.1111111111111111,0.25842696629213485,0.375,0.2891566265060241,0.17647058823529413,0.2872340425531915,0.24705882352941178,0.24175824175824176,0.15503875968992248,0.15789473684210525,0.24050632911392406,0.1907514450867052,0.12138728323699421,0.17123287671232876,0.09523809523809523,0.184,0.17699115044247787,0.1016949152542373,0.102803738317757,0.06140350877192982,0.14615384615384616,0.13924050632911392,0.09090909090909091,0.13930348258706468,0.19626168224299065,0.24157303370786518,0.31213872832369943,0.18518518518518517,0.18115942028985507,0.25,0.2265625,0.12727272727272726,0.1282051282051282,0.12080536912751678,0.20095693779904306,0.11574074074074074,0.2833333333333333,0.47398843930635837,0.46987951807228917,0.3,0.37373737373737376,0.25210084033613445,0.2018348623853211,0.21551724137931033,0.19827586206896552,0.17482517482517482,0.1746031746031746,0.1414141414141414,0.2994350282485876,0.35714285714285715,0.3484848484848485,0.45689655172413796,0.37962962962962965,0.28776978417266186,0.35294117647058826,0.21666666666666667,0.16666666666666666,0.20394736842105263,0.22404371584699453,0.17050691244239632,0.21739130434782608,0.3119266055045872,0.39215686274509803,0.2840909090909091,0.2376237623762376,0.2604166666666667,0.15463917525773196,0.14285714285714285,0.23333333333333334,0.23529411764705882,0.30985915492957744,0.2661596958174905,0.35275080906148865,0.3298245614035088,0.30662020905923343,0.21774193548387097,0.27705627705627706,0.30697674418604654,0.3314917127071823,0.1380952380952381,0.05045871559633028,0.08260869565217391,0.125,0.09523809523809523,0.1951219512195122,0.25675675675675674,0.2112676056338028,0.20588235294117646,0.13333333333333333,0.125,0.1864406779661017,0.08823529411764706,0.038461538461538464,0.11904761904761904,0.061068702290076333,0.05303030303030303,0.08928571428571429,0.23809523809523808,0.31868131868131866,0.25274725274725274,0.273972602739726,0.24390243902439024,0.2463768115942029,0.17582417582417584,0.0989010989010989,0.112,0.16129032258064516,0.10119047619047619,0.28,0.3893805309734513,0.31958762886597936,0.2616822429906542,0.20353982300884957,0.3333333333333333,0.21794871794871795,0.125,0.13138686131386862,0.1258741258741259,0.10650887573964497,0.1336405529953917,0.3021978021978022,0.35877862595419846,0.3620689655172414,0.23076923076923078,0.21649484536082475,0.1523809523809524,0.11764705882352941,0.0990990990990991,0.13548387096774195,0.13953488372093023,0.07281553398058252,0.08780487804878048,0.25748502994011974,0.37777777777777777,0.33980582524271846,0.27956989247311825,0.07865168539325842,0.10843373493975904,0.13253012048192772,0.09090909090909091,0.0948905109489051,0.13450292397660818,0.07317073170731707,0.06220095693779904,0.23295454545454544
Morris Heights,Bronx,neighborhood,,,,,,,,0.0,0.0,,,,,,,,,,,,,,0.0,,,,,,,,,0.0,0.0,0.0,0.0,0.0,,,,,0.0,0.0,,,,0.0,0.5,1.0,0.0,0.0,0.0,0.0,0.0,0.0,0.0,0.16666666666666666,0.0,0.0,0.0,0.0,0.0,0.0,0.0,0.2,0.0,0.0,0.3333333333333333,0.0,0.06666666666666667,0.0,0.0,0.3333333333333333,0.0,0.0625,0.0,0.0,0.0,0.0,0.42857142857142855,0.0,0.05263157894736842,0.0,0.0625,0.2,0.0,0.0,0.0,0.0,0.0,0.08695652173913043,0.043478260869565216,0.09090909090909091,0.0,0.047619047619047616,0.23529411764705882,0.1111111111111111,0.2,0.2,0.0,0.0,0.0,0.0,0.25,0.05555555555555555,0.15,0.18181818181818182,0.1111111111111111,0.14285714285714285,0.16666666666666666,0.18181818181818182,0.0,0.09090909090909091,0.0,0.0,0.06666666666666667,0.15384615384615385,0.26666666666666666,0.12121212121212122,0.45,0.2631578947368421,0.2222222222222222,0.23529411764705882,0.2,0.0,0.16666666666666666,0.3157894736842105,0.26666666666666666,0.44,0.4090909090909091,0.5333333333333333,0.16666666666666666,0.0,0.125,0.0,0.14285714285714285,0.125,0.0,0.16666666666666666,0.0,0.0,0.0,0.0,0.0,0.2857142857142857,0.14285714285714285,0.0,0.0,0.2857142857142857,0.06666666666666667,0.07142857142857142,0.0,0.0,0.16666666666666666,0.0,0.05263157894736842,0.0,0.2222222222222222,0.09090909090909091,0.0,0.0,0.0,0.2,0.42857142857142855,0.0,0.0,0.0,0.0,0.0,0.0,0.0,0.0,0.2,0.0,0.6666666666666666,0.0,0.14285714285714285,0.14285714285714285,0.0,0.2857142857142857,0.0,0.0,0.0,0.16666666666666666,0.0,0.3,0.0,0.25,0.3333333333333333,0.0,0.0,0.42857142857142855,0.0,0.2222222222222222,0.125,0.07142857142857142,0.1111111111111111,0.0,1.0,0.16666666666666666,0.0
Morris Park,Bronx,neighborhood,0.0,0.0,0.0,,,0.0,0.25,0.0,0.3333333333333333,0.25,0.0,0.0,0.0,0.0,0.0,,0.0,0.0,0.0,0.0,0.0,0.0,0.0,0.0,0.0,0.0,0.0,0.5,0.0,0.0,0.25,0.0,0.0,0.0,0.0,0.0,0.0,0.0,0.0,0.0,0.0,0.0,0.3333333333333333,0.0,0.25,0.0,0.0,0.0,0.2,0.0,0.14285714285714285,0.3076923076923077,0.2,0.0,0.0,0.09523809523809523,0.16666666666666666,0.046511627906976744,0.02631578947368421,0.045454545454545456,0.0,0.09090909090909091,0.0,0.038461538461538464,0.02564102564102564,0.018867924528301886,0.1111111111111111,0.0625,0.05,0.1111111111111111,0.12,0.02127659574468085,0.09859154929577464,0.10144927536231885,0.10344827586206896,0.12903225806451613,0.0,0.0,0.05714285714285714,0.02040816326530612,0.08695652173913043,0.025,0.0,0.0,0.03333333333333333,0.043478260869565216,0.1388888888888889,0.043478260869565216,0.057692307692307696,0.046511627906976744,0.08571428571428572,0.0,0.05714285714285714,0.022727272727272728,0.05263157894736842,0.02857142857142857,0.1111111111111111,0.04,0.16666666666666666,0.13043478260869565,0.027777777777777776,0.10526315789473684,0.24242424242424243,0.19230769230769232,0.1,0.15151515151515152,0.21052631578947367,0.10714285714285714,0.0967741935483871,0.05714285714285714,0.07692307692307693,0.16216216216216217,0.0851063829787234,0.125,0.17647058823529413,0.21052631578947367,0.3333333333333333,0.375,0.11764705882352941,0.25,0.0,0.15384615384615385,0.11764705882352941,0.0,0.0,0.17391304347826086,0.16,0.125,0.0,0.21428571428571427,0.18181818181818182,0.23076923076923078,0.0,0.0,0.0,0.13333333333333333,0.0,0.1,0.0,0.05555555555555555,0.0,0.0,0.08333333333333333,0.16666666666666666,0.0,0.0,0.0,0.0,0.0,0.0,0.14285714285714285,0.0,0.2222222222222222,0.0,0.16666666666666666,0.0,0.0,0.06666666666666667,0.0,0.045454545454545456,0.058823529411764705,0.0,0.07142857142857142,0.0,0.0,0.42857142857142855,0.0,0.0,0.0,0.0,0.09090909090909091,0.2,0.0,0.09090909090909091,0.125,0.0,0.14285714285714285,0.14285714285714285,0.0,0.25,0.0,0.0,0.14285714285714285,0.0,0.0,0.0,0.1,0.0,0.14285714285714285,0.1111111111111111,0.4,0.0,0.0,,0.0,0.0,0.2,0.0,0.0,0.14285714285714285
Morrisania,Bronx,neighborhood,,,,,,,,,0.0,0.0,0.0,0.0,,0.0,0.0,0.0,0.0,0.0,,,,,,,,,,,,,,,,0.0,0.0,0.0,0.0,0.0,0.0,,0.0,0.0,,,,0.0,,0.0,0.0,0.0,,,,,,0.0,0.0,0.0,0.0,0.0,0.0,0.0,0.3333333333333333,0.1,0.0,0.0,0.0,0.0,0.0,0.14285714285714285,0.16666666666666666,0.0,0.0,0.0,0.0,0.0,0.0,0.5,0.0,0.0,0.0,0.0,0.0,0.0,0.0,0.0,0.3333333333333333,0.0,0.3333333333333333,1.0,0.0,0.0,0.0,0.2,0.25,0.1111111111111111,0.08333333333333333,0.0,0.0,0.0,0.5,0.375,0.0,0.4,0.15789473684210525,0.15384615384615385,0.2727272727272727,0.0,0.15384615384615385,0.0,0.125,0.0,0.07142857142857142,0.0,0.15384615384615385,0.17647058823529413,0.14285714285714285,0.08333333333333333,0.16666666666666666,0.0,0.1111111111111111,0.125,0.0,0.0,0.0,0.25,0.3333333333333333,0.0,0.1111111111111111,0.0,0.125,0.16666666666666666,0.25,0.5,0.125,0.0,0.16666666666666666,0.0,0.3333333333333333,0.4,0.2,0.0,0.0,0.0,0.25,0.0,0.0,0.0,0.0,0.0,0.0,0.0,0.0,0.0,0.16666666666666666,0.125,0.0,0.0,0.07142857142857142,0.0,0.0,0.0,0.0,0.0,0.0,0.1,0.0,0.0,0.25,0.0,0.0,0.0,0.3333333333333333,0.0,0.0,0.0,0.125,0.0,0.0,0.07692307692307693,0.0,0.0,0.0,0.0,0.0,0.0,0.0,0.0,0.08333333333333333,0.0,0.0,0.14285714285714285,0.0,0.14285714285714285,0.0,0.1,0.0,0.0,0.0,0.0
Mott Haven,Bronx,neighborhood,0.2,0.0,0.5,0.0,0.0,0.0,0.0,0.1111111111111111,0.0,0.16666666666666666,0.0,0.0,0.2,0.2,0.25,0.0,0.05263157894736842,0.0,0.0,0.0,0.0,0.0,0.0,0.0,0.0,0.0,0.0,0.0,0.16666666666666666,0.0,0.1,0.3333333333333333,0.16666666666666666,0.3333333333333333,0.0,0.3333333333333333,0.0,0.0,0.0,0.0,0.0,0.0,0.05555555555555555,0.16666666666666666,0.0,0.16666666666666666,0.0,0.15384615384615385,0.07692307692307693,0.07142857142857142,0.0,0.09090909090909091,0.18181818181818182,0.10526315789473684,0.07692307692307693,0.045454545454545456,0.1111111111111111,0.3333333333333333,0.06666666666666667,0.1,0.03125,0.0,0.05454545454545454,0.05172413793103448,0.09090909090909091,0.0,0.034482758620689655,0.058823529411764705,0.041666666666666664,0.17142857142857143,0.28125,0.06451612903225806,0.0625,0.15384615384615385,0.30303030303030304,0.027777777777777776,0.09375,0.09302325581395349,0.109375,0.2777777777777778,0.2,0.03773584905660377,0.061224489795918366,0.0,0.13636363636363635,0.08108108108108109,0.0784313725490196,0.18181818181818182,0.03571428571428571,0.11320754716981132,0.140625,0.09803921568627451,0.16279069767441862,0.11538461538461539,0.1896551724137931,0.11904761904761904,0.0625,0.13559322033898305,0.171875,0.15517241379310345,0.19230769230769232,0.1375,0.10126582278481013,0.06140350877192982,0.08490566037735849,0.14754098360655737,0.17391304347826086,0.12,0.05813953488372093,0.0958904109589041,0.06451612903225806,0.06896551724137931,0.0990990990990991,0.14705882352941177,0.1652892561983471,0.14388489208633093,0.12698412698412698,0.09195402298850575,0.18571428571428572,0.03389830508474576,0.04878048780487805,0.08571428571428572,0.11904761904761904,0.0,0.21052631578947367,0.24285714285714285,0.1935483870967742,0.12931034482758622,0.1,0.11971830985915492,0.07547169811320754,0.05555555555555555,0.072,0.064,0.016129032258064516,0.06,0.04477611940298507,0.029411764705882353,0.04375,0.078125,0.04411764705882353,0.09285714285714286,0.027586206896551724,0.06349206349206349,0.023255813953488372,0.022988505747126436,0.042735042735042736,0.06976744186046512,0.05113636363636364,0.09714285714285714,0.1323529411764706,0.07291666666666667,0.14207650273224043,0.12299465240641712,0.164021164021164,0.09230769230769231,0.0967741935483871,0.12169312169312169,0.07804878048780488,0.13526570048309178,0.07119741100323625,0.05901639344262295,0.11347517730496454,0.12962962962962962,0.1792717086834734,0.08108108108108109,0.2398753894080997,0.18688524590163935,0.04285714285714286,0.07865168539325842,0.05583756345177665,0.08808290155440414,0.08695652173913043,0.08297872340425531,0.07662835249042145,0.035856573705179286,0.02736842105263158,0.02663934426229508,0.03571428571428571,0.03571428571428571,0.061269146608315096,0.1536231884057971,0.06222222222222222,0.02676864244741874,0.03137254901960784,0.028282828282828285,0.06367041198501873,0.07966101694915254,0.07755102040816327,0.026022304832713755,0.0761904761904762,0.06196581196581197,0.07172995780590717,0.05311355311355311,0.08041237113402062,0.035545023696682464,0.03696098562628337,0.08686868686868687,0.07733812949640288,0.08680555555555555
NYC,,city,0.11989226120089344,0.1094267515923567,0.12310487407593033,0.10097497360740235,0.10086531474998349,0.09509477459016394,0.09473402117111081,0.09016163035839775,0.11261186609214452,0.1261061946902655,0.11898607521053949,0.09710035932146736,0.10034821145932257,0.09112825458052073,0.09982941481866053,0.08606160041762995,0.09341692789968652,0.09491615297938623,0.10824810731836898,0.11537207330594143,0.1202269255945887,0.13529756669598358,0.1459961315280464,0.1175905927525798,0.13513712769094663,0.12439857750505544,0.12623891497130935,0.12239683148077168,0.11705744431418523,0.12004881837346056,0.12667652339212165,0.1304750995472645,0.1476808905380334,0.16287171830284933,0.12797448165869219,0.11604840309462408,0.13952380952380952,0.12568437518801517,0.13808885912033936,0.1330231146628901,0.11851816120785297,0.1290491865846095,0.13321422346173958,0.1464191895267215,0.15862990964410842,0.1892292072087317,0.16903859022975687,0.15464196973119493,0.15201589045727326,0.13769874476987448,0.14513568967519647,0.13546200499464858,0.13205077869388823,0.14462069639425426,0.1484723006462137,0.1479087571773713,0.17410206675138787,0.17654700854700855,0.16837371971021733,0.13685981174617945,0.1402999189408268,0.13020957573692282,0.1306238658406858,0.11354066410009625,0.11620733971155219,0.13183423841408762,0.13592743855077546,0.1503942096419801,0.1572735405304014,0.19460420990216423,0.19013104675618833,0.1600812280580987,0.1614845523640312,0.16684148420086534,0.1658477769404672,0.15850152461158704,0.15728608561880006,0.1737123960415587,0.19009825249217088,0.200651480742321,0.21600841493651232,0.228072017216944,0.22338120837679531,0.17635821586731887,0.1890060820694434,0.1784122707016271,0.1777513221456535,0.1615501900188881,0.1659690078486617,0.18196982475869178,0.16869744293804703,0.22146346326388197,0.24068813550322563,0.2570711383691742,0.24439805149617258,0.19050296782255546,0.1964697738809414,0.18471939302689458,0.17449554774936687,0.15962320481803674,0.15628241477076274,0.160699213717738,0.16091173411999407,0.18010419780501344,0.19441425502337925,0.2152031271813486,0.19737110250662318,0.1663898662913441,0.1684027777777778,0.1595249379687195,0.15349740932642486,0.14370202592173148,0.14456205653134815,0.1540455209462325,0.1505059119090972,0.1674432291922115,0.1870922849438984,0.2014022070613387,0.19601482854494903,0.1682524579765303,0.16317133709845677,0.1523278764658075,0.16253724989357174,0.18937732430628398,0.24191740908836218,0.26380176271716405,0.3054733280976258,0.3223131508115603,0.2952484683458135,0.2687325972820591,0.24028845709354824,0.1812761279792142,0.16121023536032308,0.1525541569086651,0.1408623009839389,0.11562876217576885,0.11023090860028527,0.10652591170825336,0.09687644456184376,0.11777456647398844,0.10926788255076963,0.13581448419357003,0.13480989294942783,0.1217556446507702,0.12388613861386139,0.12557440412282586,0.12970553946824112,0.11028268410350464,0.11283847894314283,0.12344465163587048,0.13926394075776438,0.18337819650067294,0.2190093798501923,0.24275925402656118,0.2327142857142857,0.18755167119404748,0.18166743111173836,0.1690734055354994,0.1701036113067096,0.1382243672094719,0.1453679861069525,0.17370093666369313,0.18362879111490815,0.20939492517891997,0.2286168426103647,0.2529087201631282,0.22623149566105155,0.1766179995641752,0.17229935658652218,0.16389582590082055,0.15803303303303304,0.13771637816245005,0.1479916640497873,0.16857947163274145,0.1771690828294602,0.20381654504877253,0.21533817094111782,0.2098380145638282,0.1947306198277318,0.16090919320355576,0.14204984204984206,0.13936421020609932,0.13991530633153473,0.1251436598135615,0.13666544231910266,0.1344345476105121,0.1651300327987397,0.186000487976794,0.19870971508640822,0.18925518925518925,0.18366901766887225,0.13893094212181203,0.12875023351391743,0.12358449904000626,0.129336682734741,0.11553957313621682,0.11460743482955423,0.13209450937526276,0.14321865072955364,0.1600583515681984
New Hyde Park,Queens,neighborhood,,,,,,,,,,,,,0.0,0.0,0.0,,,,,,,,,,,,,,0.0,0.0,,,,,,,,,,,,,,,,,,,,,,,,,,,,,,,,,,,,,0.0,0.0,,,,,,0.0,,,,,,,,,,,,,,,,,,,,,,0.0,0.0,,,,,,,,,,,,,,,,,,,1.0,1.0,,,,,,,,,,,,,0.0,0.0,,0.0,,,,,,,,,,,,,,,,,,,,,0.0,0.0,,0.0,,,,,,,,,,,0.0,,0.0,,,,,,,,,,,,,0.0,0.0,,,0.0,0.0,,,,,,,,,,,,
Nolita,Manhattan,neighborhood,0.1782178217821782,0.08196721311475409,0.11538461538461539,0.06428571428571428,0.11206896551724138,0.046153846153846156,0.10638297872340426,0.07017543859649122,0.05813953488372093,0.1320754716981132,0.06818181818181818,0.09090909090909091,0.05357142857142857,0.16666666666666666,0.0821917808219178,0.1,0.022222222222222223,0.10869565217391304,0.07608695652173914,0.12359550561797752,0.10416666666666667,0.08163265306122448,0.09433962264150944,0.18309859154929578,0.08571428571428572,0.11267605633802817,0.20930232558139536,0.034482758620689655,0.11926605504587157,0.08759124087591241,0.09554140127388536,0.13392857142857142,0.1619047619047619,0.15555555555555556,0.17525773195876287,0.3157894736842105,0.13414634146341464,0.18867924528301888,0.2184873949579832,0.15789473684210525,0.1056338028169014,0.05844155844155844,0.10552763819095477,0.10493827160493827,0.20382165605095542,0.3630573248407643,0.10434782608695652,0.09174311926605505,0.09859154929577464,0.12030075187969924,0.12318840579710146,0.13071895424836602,0.08670520231213873,0.192090395480226,0.12745098039215685,0.1890547263681592,0.1746031746031746,0.2323943661971831,0.24050632911392406,0.10377358490566038,0.09900990099009901,0.21875,0.08333333333333333,0.13157894736842105,0.09090909090909091,0.12716763005780346,0.10152284263959391,0.16292134831460675,0.14615384615384616,0.2076923076923077,0.205607476635514,0.1262135922330097,0.17142857142857143,0.13043478260869565,0.20833333333333334,0.16,0.14189189189189189,0.11864406779661017,0.20855614973262032,0.2119815668202765,0.15846994535519127,0.2482758620689655,0.2595419847328244,0.22857142857142856,0.11564625850340136,0.13008130081300814,0.1375,0.1144578313253012,0.10880829015544041,0.1320754716981132,0.13274336283185842,0.23295454545454544,0.20833333333333334,0.32857142857142857,0.3055555555555556,0.20689655172413793,0.12101910828025478,0.1377245508982036,0.1317365269461078,0.1346153846153846,0.13793103448275862,0.1024390243902439,0.14414414414414414,0.18229166666666666,0.2229299363057325,0.19310344827586207,0.20833333333333334,0.14912280701754385,0.18248175182481752,0.1721311475409836,0.1048951048951049,0.11428571428571428,0.12041884816753927,0.12060301507537688,0.10526315789473684,0.15204678362573099,0.1619718309859155,0.13138686131386862,0.21008403361344538,0.1588785046728972,0.13821138211382114,0.08943089430894309,0.15841584158415842,0.1875,0.31555555555555553,0.36,0.46551724137931033,0.3130630630630631,0.34418604651162793,0.2614213197969543,0.3286908077994429,0.1326530612244898,0.1660377358490566,0.1752988047808765,0.13829787234042554,0.06557377049180328,0.048484848484848485,0.027586206896551724,0.03937007874015748,0.09090909090909091,0.06349206349206349,0.10256410256410256,0.1527777777777778,0.08196721311475409,0.08333333333333333,0.11864406779661017,0.16666666666666666,0.0990990990990991,0.11,0.1276595744680851,0.16352201257861634,0.19886363636363635,0.224,0.1937984496124031,0.2831858407079646,0.3177570093457944,0.22900763358778625,0.17094017094017094,0.16083916083916083,0.1464968152866242,0.1987179487179487,0.20652173913043478,0.22988505747126436,0.2,0.34959349593495936,0.34814814814814815,0.2923076923076923,0.20833333333333334,0.19,0.20952380952380953,0.18487394957983194,0.15217391304347827,0.15846994535519127,0.19680851063829788,0.23039215686274508,0.2736842105263158,0.1917808219178082,0.2396694214876033,0.1574074074074074,0.15384615384615385,0.11650485436893204,0.1368421052631579,0.1717171717171717,0.2222222222222222,0.16292134831460675,0.1411764705882353,0.22110552763819097,0.26063829787234044,0.3643410852713178,0.23214285714285715,0.23469387755102042,0.1568627450980392,0.1592920353982301,0.15555555555555556,0.072,0.08620689655172414,0.11333333333333333,0.12921348314606743,0.27692307692307694,0.28780487804878047
North Corona,Queens,neighborhood,0.0,0.0,0.0,0.0,,,,,,,,,0.0,0.0,0.0,0.0,0.0,0.0,0.2,0.0,,0.0,0.0,,,0.0,0.0,0.0,0.0,0.2,0.1111111111111111,0.0,0.0,0.0,0.0,0.0,0.0,0.0,0.0,0.0,0.0,0.0,0.0,0.0,0.5,0.0,0.25,0.0,0.0,0.0,0.2857142857142857,0.14285714285714285,0.0,0.0,0.2,0.2,0.0,0.0,0.4,0.2,0.0,0.058823529411764705,0.10526315789473684,0.125,0.0,0.0,0.07142857142857142,0.0,0.5,0.1,0.06666666666666667,0.0,0.2222222222222222,0.13333333333333333,0.125,0.0,0.14285714285714285,0.0,0.0,0.0,0.0,0.0,0.0,0.0,0.0,0.0,0.25,0.08333333333333333,0.0,0.2857142857142857,0.23076923076923078,0.0,0.125,0.2,0.0,0.0,0.07692307692307693,0.1875,0.2,0.1,0.0,0.0,0.0,0.3333333333333333,0.25,0.0,0.2857142857142857,0.25,0.0,0.4,0.18181818181818182,0.125,0.16666666666666666,0.0,0.0,0.2,0.14285714285714285,0.3333333333333333,0.16666666666666666,0.1,0.1111111111111111,0.2857142857142857,0.0,0.0,0.0,0.0,0.0,0.3,0.1111111111111111,0.2727272727272727,0.3076923076923077,0.14285714285714285,0.14285714285714285,0.1111111111111111,0.46153846153846156,0.08333333333333333,0.2,0.05,0.06666666666666667,0.09090909090909091,0.0,0.25,0.3333333333333333,0.0,0.0,0.0,0.0,0.18181818181818182,0.15,0.0,0.0,0.0,0.0,0.18181818181818182,0.0,0.1,0.0,0.5,0.16666666666666666,0.0,0.05555555555555555,0.1,0.1111111111111111,0.0,0.0,0.0,0.06666666666666667,0.0,0.08,0.1,0.041666666666666664,0.12,0.0,0.0,0.17647058823529413,0.1111111111111111,0.2222222222222222,0.1111111111111111,0.1875,0.2,0.1111111111111111,0.0,0.125,0.08333333333333333,0.0,0.0,0.13636363636363635,0.058823529411764705,0.0,0.1111111111111111,0.2,0.058823529411764705,0.3333333333333333,0.2,0.1,0.1111111111111111,0.07692307692307693,0.07692307692307693,0.21428571428571427,0.3076923076923077
Norwood,Bronx,neighborhood,0.0,0.0,,1.0,,,0.0,0.0,0.5,0.0,0.0,0.0,0.0,1.0,0.0,0.0,0.5,0.5,0.25,0.0,0.0,,0.0,0.0,0.0,0.0,0.2,0.16666666666666666,0.25,0.0,0.0,0.0,0.0,0.2,0.16666666666666666,0.125,0.125,0.1,0.14285714285714285,0.16666666666666666,0.0,0.0,0.0,0.0,0.0,0.07692307692307693,0.16666666666666666,0.1111111111111111,0.1111111111111111,0.18181818181818182,0.0,0.0,0.0,0.16666666666666666,0.0,0.07142857142857142,0.0,0.08333333333333333,0.0,0.0,0.13333333333333333,0.14285714285714285,0.13636363636363635,0.07692307692307693,0.04878048780487805,0.09302325581395349,0.14084507042253522,0.046875,0.04,0.07142857142857142,0.07042253521126761,0.06666666666666667,0.08771929824561403,0.0975609756097561,0.02631578947368421,0.0,0.14814814814814814,0.02127659574468085,0.05454545454545454,0.12962962962962962,0.05357142857142857,0.07407407407407407,0.07017543859649122,0.06521739130434782,0.15217391304347827,0.07142857142857142,0.11904761904761904,0.17073170731707318,0.07692307692307693,0.02,0.08333333333333333,0.0,0.25,0.1,0.034482758620689655,0.14705882352941177,0.16,0.1111111111111111,0.2,0.3,0.10526315789473684,0.0,0.02857142857142857,0.03333333333333333,0.047619047619047616,0.14814814814814814,0.025,0.03125,0.08888888888888889,0.07142857142857142,0.0425531914893617,0.10344827586206896,0.09302325581395349,0.10416666666666667,0.020833333333333332,0.10526315789473684,0.0,0.22727272727272727,0.13513513513513514,0.12903225806451613,0.23076923076923078,0.0,0.0,0.07142857142857142,0.06666666666666667,0.0,0.07407407407407407,0.045454545454545456,0.06666666666666667,0.05555555555555555,0.13333333333333333,0.06896551724137931,0.10714285714285714,0.0,0.0625,0.05555555555555555,0.14285714285714285,0.0,0.03333333333333333,0.05555555555555555,0.029411764705882353,0.1,0.06666666666666667,0.0,0.047619047619047616,0.041666666666666664,0.029411764705882353,0.125,0.1,0.1,0.043478260869565216,0.14814814814814814,0.07692307692307693,0.19230769230769232,0.0,0.10714285714285714,0.0,0.0,0.0,0.07692307692307693,0.0,0.06666666666666667,0.0,0.14285714285714285,0.0625,0.16666666666666666,0.15789473684210525,0.11764705882352941,0.0,0.125,0.10714285714285714,0.0,0.0,0.0,0.0,0.14285714285714285,0.2857142857142857,0.14285714285714285,0.13793103448275862,0.13636363636363635,0.1,0.2413793103448276,0.1,0.08333333333333333,0.13333333333333333,0.10526315789473684,0.1,0.07692307692307693,0.1,0.2,0.0,0.16666666666666666,0.21428571428571427,0.0,0.0,0.1111111111111111,0.038461538461538464,0.0,0.0,0.0
Oakland Gardens,Queens,neighborhood,,,,,,,,,,,,0.0,0.0,0.0,0.0,0.0,0.0,0.0,0.0,0.0,0.0,0.0,0.0,,0.0,0.0,,0.0,0.0,0.0,0.25,0.16666666666666666,0.16666666666666666,0.25,0.25,0.0,0.3333333333333333,0.0,0.0,0.0,0.0,,0.0,0.0,0.0,0.0,0.0,0.0,0.0,0.0,0.0,0.25,0.0,0.0,0.0,0.09090909090909091,0.0,0.0,0.16666666666666666,0.0,0.0,0.13333333333333333,0.0,0.0,0.0,0.06666666666666667,0.07692307692307693,0.15384615384615385,0.08333333333333333,0.2,0.0,0.0,0.0,0.0,0.0,0.16666666666666666,0.07142857142857142,0.0,0.07142857142857142,0.06666666666666667,0.16666666666666666,0.0625,0.16666666666666666,0.2,0.1111111111111111,0.0,0.0,0.125,0.045454545454545456,0.041666666666666664,0.043478260869565216,0.2,0.2,0.07142857142857142,0.0,0.0,0.25,0.0,0.2,0.0,0.0,0.3333333333333333,0.0,0.0,0.14285714285714285,0.14285714285714285,0.0,0.14285714285714285,0.11764705882352941,0.125,0.0,0.0,0.09090909090909091,0.1875,0.08333333333333333,0.2,0.25,0.0,0.0,0.0,0.0,0.0,0.0,0.125,0.1,0.0,0.0,0.3333333333333333,0.1,0.0,0.3333333333333333,0.3333333333333333,0.14285714285714285,0.0,0.18421052631578946,0.13333333333333333,0.0,0.09090909090909091,0.07692307692307693,0.35714285714285715,0.08,0.18421052631578946,0.05263157894736842,0.08333333333333333,0.12121212121212122,0.1320754716981132,0.014705882352941176,0.037037037037037035,0.17142857142857143,0.08108108108108109,0.14583333333333334,0.06976744186046512,0.11627906976744186,0.3076923076923077,0.125,0.08163265306122448,0.15384615384615385,0.16981132075471697,0.1686746987951807,0.2,0.13513513513513514,0.2702702702702703,0.15789473684210525,0.1388888888888889,0.1891891891891892,0.23076923076923078,0.13953488372093023,0.24,0.13043478260869565,0.1702127659574468,0.16071428571428573,0.04,0.1276595744680851,0.10204081632653061,0.21568627450980393,0.1323529411764706,0.08928571428571429,0.06451612903225806,0.07894736842105263,0.1044776119402985,0.15254237288135594,0.07272727272727272,0.1375,0.04918032786885246,0.14516129032258066,0.1111111111111111,0.109375,0.27906976744186046,0.14705882352941177,0.3076923076923077,0.17777777777777778,0.175,0.24324324324324326,0.1956521739130435,0.1044776119402985,0.037037037037037035,0.175,0.11363636363636363,0.06493506493506493,0.07352941176470588
Old Mill Basin,Brooklyn,neighborhood,,,,,,,,,,,,,,,,,,,,,,,,,,,,,,,,,0.0,0.0,,,,0.0,0.0,,1.0,0.0,0.0,0.0,0.5,0.0,0.16666666666666666,0.0,,,,,,,,0.0,0.0,0.0,0.0,0.0,,,,0.0,0.0,,,,0.0,0.0,0.0,0.0,0.0,0.0,0.0,0.0,,0.0,0.2,0.25,0.0,0.0,0.0,0.0,0.0,0.0,,,,,,,,,,0.0,0.3333333333333333,0.14285714285714285,0.2857142857142857,0.3333333333333333,0.3333333333333333,0.0,0.0,,,0.0,0.0,,,0.0,0.0,0.0,,,0.0,0.0,,1.0,0.5,0.5,1.0,0.0,,,,0.0,0.0,0.3333333333333333,0.0,0.0,0.0,0.0,,0.0,,0.0,1.0,0.0,0.0,0.0,0.3333333333333333,0.0,0.0,,,,0.0,0.0,0.0,0.0,0.3333333333333333,0.0,1.0,,,0.5,0.0,0.0,0.0,0.5,0.0,,,0.5,0.0,0.0,0.0,0.0,0.0,0.3333333333333333,0.0,0.0,0.0,0.0,0.0,0.0,0.0,0.0,,,0.0,0.0,0.0,0.0,0.0,0.0,0.0,0.0,,,,0.0,,,,,0.0,0.0,0.0,0.0
Ozone Park,Queens,neighborhood,,,,,,,,,,,,0.0,0.0,0.0,0.0,0.0,0.0,0.0,0.0,0.0,0.0,0.0,0.0,,,,,,,,,,,,,,,,,,,,,,,0.0,0.0,1.0,0.0,,0.0,,,,,,0.5,0.0,0.0,0.0,0.0,0.0,0.0,,,,0.0,0.0,0.0,0.0,0.0,0.25,0.0,0.0,0.0,0.0,0.0,,0.0,,0.0,0.0,0.0,0.0,0.0,0.0,0.0,0.0,0.0,0.125,0.0,0.5,0.0,0.0,0.0,0.16666666666666666,0.0,0.4,0.0,0.0,0.0,0.0625,0.0,0.0,0.0,0.0,0.0,0.25,0.0,0.0,0.0,0.0,0.0,,0.0,,,0.0,0.07692307692307693,0.5,0.2,0.0,0.5,0.25,0.1111111111111111,0.3333333333333333,0.25,0.0,0.0,0.14285714285714285,0.0,0.25,0.14285714285714285,0.0,0.0,0.0,0.0,0.0,0.0,0.0,0.0,0.0,0.0,0.0,0.0,0.0,0.25,0.3333333333333333,0.2,0.25,0.0,0.5,0.0,0.0,0.2,0.3333333333333333,0.0,0.2,0.2,0.0,0.0,0.0,,0.2,0.25,0.0,0.0,0.4,0.0,0.3333333333333333,0.42857142857142855,0.2222222222222222,0.125,0.0,0.2,0.1111111111111111,0.0,0.16666666666666666,0.2857142857142857,0.14285714285714285,0.0,0.0,0.25,0.23076923076923078,0.2,0.0,0.0,0.0,0.2,0.0,0.0,0.0,0.0,0.0,0.0,0.0,0.0,0.0,0.0,0.0
Park Slope,Brooklyn,neighborhood,0.14215686274509803,0.15343915343915343,0.1711229946524064,0.15508021390374332,0.07106598984771574,0.12437810945273632,0.143646408839779,0.08588957055214724,0.08823529411764706,0.16326530612244897,0.12142857142857143,0.13815789473684212,0.1016949152542373,0.10126582278481013,0.1340782122905028,0.11176470588235295,0.1712707182320442,0.10377358490566038,0.12345679012345678,0.11855670103092783,0.13076923076923078,0.17592592592592593,0.17355371900826447,0.13432835820895522,0.1320754716981132,0.08823529411764706,0.12290502793296089,0.11235955056179775,0.1085972850678733,0.171875,0.09689922480620156,0.15178571428571427,0.14035087719298245,0.1346938775510204,0.09251101321585903,0.13247863247863248,0.08333333333333333,0.12053571428571429,0.18181818181818182,0.16423357664233576,0.1440922190201729,0.1564245810055866,0.10621761658031088,0.1318407960199005,0.17222222222222222,0.2107843137254902,0.19083969465648856,0.10966057441253264,0.1496437054631829,0.1524547803617571,0.15151515151515152,0.15010141987829614,0.1362179487179487,0.15166666666666667,0.15723270440251572,0.15226939970717424,0.1933139534883721,0.19109947643979058,0.14442916093535077,0.1398176291793313,0.11946308724832215,0.10674157303370786,0.09949622166246852,0.12903225806451613,0.1291139240506329,0.1774580335731415,0.1557285873192436,0.17451205510907003,0.19658119658119658,0.19273743016759776,0.16229508196721312,0.1551094890510949,0.14056939501779359,0.18696397941680962,0.14868804664723032,0.1553398058252427,0.13984168865435356,0.15789473684210525,0.19347037484885127,0.18610129564193167,0.21251629726205998,0.25987261146496815,0.2295774647887324,0.17582417582417584,0.18041237113402062,0.19548872180451127,0.19281045751633988,0.1981230448383733,0.17956064947468958,0.18850987432675045,0.1792452830188679,0.2022613065326633,0.2519893899204244,0.2968944099378882,0.2706043956043956,0.16326530612244897,0.18600953895071543,0.17151607963246554,0.17630057803468208,0.14343163538873996,0.15158924205378974,0.14765906362545017,0.18594104308390022,0.165374677002584,0.19815668202764977,0.2072072072072072,0.1971383147853736,0.14482758620689656,0.18657937806873978,0.17335473515248795,0.16201117318435754,0.14992927864214992,0.10519480519480519,0.13943661971830987,0.1478029294274301,0.14877300613496933,0.1285444234404537,0.16731517509727625,0.17475728155339806,0.11173184357541899,0.1307901907356948,0.128,0.11935483870967742,0.14122137404580154,0.1644295302013423,0.23664921465968586,0.2664576802507837,0.28665207877461707,0.28765167737330477,0.2656716417910448,0.2515177797051171,0.17087967644084934,0.1559536354056902,0.1357733175914994,0.14381270903010032,0.11948955916473318,0.11378848728246319,0.12156295224312591,0.09014084507042254,0.1005586592178771,0.07692307692307693,0.10723192019950124,0.13975155279503104,0.12454212454212454,0.05725190839694656,0.05859375,0.06440677966101695,0.058419243986254296,0.07079646017699115,0.11479591836734694,0.10865191146881288,0.12473572938689217,0.20412844036697247,0.22282608695652173,0.22478386167146974,0.18152866242038215,0.11635220125786164,0.1386861313868613,0.09119496855345911,0.12096774193548387,0.13157894736842105,0.14149139579349904,0.15737051792828685,0.1553398058252427,0.14743589743589744,0.1683991683991684,0.1806615776081425,0.14838709677419354,0.09717868338557993,0.14285714285714285,0.1642651296829971,0.10975609756097561,0.1038374717832957,0.16793893129770993,0.2244165170556553,0.20353982300884957,0.2074235807860262,0.18226600985221675,0.19881305637982197,0.14432989690721648,0.11688311688311688,0.09722222222222222,0.09740259740259741,0.10679611650485436,0.097799511002445,0.11920529801324503,0.13900414937759337,0.17813765182186234,0.16812227074235808,0.13881748071979436,0.174496644295302,0.125,0.12681159420289856,0.056910569105691054,0.10596026490066225,0.10273972602739725,0.12535612535612536,0.1111111111111111,0.12993039443155452,0.16273584905660377
Parkchester,Bronx,neighborhood,0.0,1.0,0.0,0.0,,0.0,0.0,,,0.0,0.0,0.0,0.0,0.0,0.0,0.0,0.125,0.0,0.0,0.0,0.0,0.0,0.0,0.0,0.0,0.2,0.0,0.0,0.16666666666666666,0.0,0.0,0.0,0.0,0.0,0.0,0.0,0.2857142857142857,0.0,0.0,0.09090909090909091,0.0,0.08333333333333333,0.0,0.0,0.0,0.0,0.0,0.0,0.0,0.0,0.0,0.0,0.0,0.0,0.0,0.0,0.0,0.0,0.02631578947368421,0.0,0.05128205128205128,0.0,0.0,0.0,0.0,0.0,0.0,0.0,0.0,0.0,0.0,0.0,0.0,0.0,0.0,0.0,0.0,0.0,0.0,0.04,0.0625,0.05405405405405406,0.23076923076923078,0.0,0.027777777777777776,0.0,0.045454545454545456,0.03571428571428571,0.09375,0.0,0.04,0.07407407407407407,0.09523809523809523,0.18518518518518517,0.0,0.05555555555555555,0.06666666666666667,0.0,0.0,0.0,0.0,0.06666666666666667,0.08333333333333333,0.0,0.0,0.13636363636363635,0.0,0.0,0.05263157894736842,0.0,0.21428571428571427,0.0,0.0,0.0,0.037037037037037035,0.1875,0.07692307692307693,0.0,0.0,0.0,0.125,0.0,0.0,0.0,0.18181818181818182,0.0,0.25,0.0,0.0,0.07692307692307693,0.1,0.1,0.08333333333333333,0.0,0.0,0.0,0.0,0.2222222222222222,0.06666666666666667,0.0,0.10526315789473684,0.08,0.19047619047619047,0.0625,0.07692307692307693,0.06666666666666667,0.07692307692307693,0.0,0.0,0.0,0.0,0.058823529411764705,0.0,0.0625,0.0,0.0,0.0,0.0,0.05555555555555555,0.0,0.09090909090909091,0.0,0.1111111111111111,0.0,0.14285714285714285,0.0625,0.1111111111111111,0.18181818181818182,0.0,0.2222222222222222,0.125,0.0,0.0,0.0,0.0,0.0,0.0,0.1,0.16666666666666666,0.0625,0.07692307692307693,0.05555555555555555,0.13333333333333333,0.07692307692307693,0.0,0.23076923076923078,0.0,0.0,0.0,0.0,0.0,0.14285714285714285,0.0,0.0,,0.0,0.25,0.1111111111111111,0.125,0.07692307692307693
Pelham Bay,Bronx,neighborhood,0.0,0.0,0.0,,,0.0,0.0,0.0,0.0,0.0,,,,,,,,,,0.0,0.0,0.0,0.0,0.0,0.0,0.0,0.0,0.0,0.0,0.0,0.0,0.0,0.5,0.0,0.0,0.0,0.0,0.0,0.0,0.0,0.0,0.0,0.0,0.0,0.0,,0.0,,0.0,0.0,0.0,0.3333333333333333,0.0,0.3333333333333333,0.0,0.0,0.2,0.0,0.0,0.0,0.0,0.0,0.0,0.058823529411764705,0.0,0.0,0.05263157894736842,0.0,0.3333333333333333,0.14285714285714285,0.0,0.0,0.0,0.0,0.0,0.0,0.0,0.0,0.0,0.0,0.16666666666666666,0.11764705882352941,0.047619047619047616,0.0625,0.16666666666666666,0.0,0.16666666666666666,0.0,0.25,0.0,0.0,0.11764705882352941,0.0,0.0625,0.0,0.0,0.1,0.25,0.0,0.0,0.08333333333333333,0.0,0.0,0.0,0.2777777777777778,0.0,0.06896551724137931,0.08695652173913043,0.0,0.1,0.07142857142857142,0.0,0.08333333333333333,0.0,0.2857142857142857,0.07692307692307693,0.0,0.0,0.0,0.0,0.25,0.0,0.0,0.0,0.0,0.0,0.0,0.0,0.0,0.0,0.0,0.1,0.0,0.0,0.0,0.125,0.09090909090909091,0.0,0.16666666666666666,0.06666666666666667,0.0,0.0,0.0,0.0,0.0,0.125,0.0,0.1111111111111111,0.0,0.0,0.0,0.0,0.16666666666666666,0.0625,0.1111111111111111,0.09090909090909091,0.125,0.0,0.0,0.0,0.1111111111111111,0.1111111111111111,0.0,0.09090909090909091,0.0,0.25,0.14285714285714285,0.0,0.0,0.0,0.0,0.2,0.0,0.125,0.0,0.25,0.0,0.0,0.0,0.1,0.3,0.10526315789473684,0.047619047619047616,0.05,0.0,0.10526315789473684,0.21052631578947367,0.15384615384615385,0.06666666666666667,0.0,0.0,0.15384615384615385,0.0,0.0,0.08333333333333333,0.0,0.14285714285714285,0.15384615384615385,0.0,0.0
Pelham Gardens,Bronx,neighborhood,,,,,,,,0.0,,,,,,,,,,,,,0.0,0.0,0.0,,,,,,,0.0,0.0,0.0,0.0,0.0,,,,,,,,,,,,,,,,0.0,0.3333333333333333,1.0,0.0,0.0,0.0,0.0,0.0,,,,0.0,0.0,,,,,,,0.0,1.0,0.0,0.0,0.1,0.0,0.1,0.0,0.0,0.0,,0.0,0.0,0.0,0.16666666666666666,0.0,0.125,0.1111111111111111,0.0,0.25,0.0,0.0,0.1111111111111111,0.0,0.1,0.0,0.08333333333333333,0.0,,,0.0,0.0,0.0,0.0,0.0,0.3,0.5,0.0,0.3333333333333333,0.0,0.2,0.0,0.0,0.0,0.0,0.0,0.0,0.0,0.3333333333333333,0.0,0.125,0.0,0.0,0.0,0.0,0.0,0.0,0.0,0.0,0.3333333333333333,0.0,0.0,0.0,1.0,0.0,,,0.0,0.5,0.0,0.0,0.0,0.0,0.0,0.4,0.0,0.0,0.0,0.5,0.0,0.0,0.0,0.0,0.0,0.0,0.0,0.0,0.0,1.0,0.0,0.0,0.0,0.0,0.0,0.0,0.2,0.0,0.2,0.0,0.0,0.25,0.0,0.0,0.0,0.0,0.0,0.5,0.25,,0.0,0.0,0.0,0.0,0.0,0.0,0.3333333333333333,0.0,0.0,0.25,0.0,0.0,0.0,0.0,0.0,0.0,1.0,0.0,0.0,0.0,0.0,1.0,0.0
Pelham Parkway,Bronx,neighborhood,,,,,,,,,,,,,,,,,,,,,,,,0.0,0.0,0.0,0.0,,,,,,,,0.0,,,,,,,,0.0,0.0,0.0,1.0,0.0,0.0,0.0,,0.0,,0.0,0.0,0.6666666666666666,0.0,0.2,0.0,0.0,0.14285714285714285,0.0,0.0,0.125,0.0625,0.0,0.15789473684210525,0.07692307692307693,0.0,0.0,0.0,0.0,0.0,0.0,0.0,0.0,0.0,0.0,0.0,0.0,0.0,0.0,0.5,0.0,0.0,0.0,0.0,0.0,0.0,0.0,0.0,0.0,0.0,0.25,0.0,0.14285714285714285,0.0,0.0,0.0,0.1111111111111111,0.0,0.0,0.0,0.14285714285714285,0.16666666666666666,0.0,0.0,0.125,0.0,0.0,0.125,0.14285714285714285,0.0,0.0,0.0,0.0,0.0,0.2,0.0,0.3,0.13333333333333333,0.0,0.0,0.07692307692307693,0.0,0.0,0.0,0.0,0.1,0.03571428571428571,0.0,0.0,0.14285714285714285,0.13333333333333333,0.0,0.0,0.06666666666666667,0.125,0.0,0.045454545454545456,0.1111111111111111,0.16666666666666666,0.2222222222222222,0.0,0.058823529411764705,0.3333333333333333,0.034482758620689655,0.0,0.09090909090909091,0.047619047619047616,0.04,0.0625,0.1,0.0,0.0,0.05555555555555555,0.038461538461538464,0.08695652173913043,0.0,0.08571428571428572,0.08333333333333333,0.0,0.11764705882352941,0.12,0.0,0.1111111111111111,0.13043478260869565,0.0,0.07692307692307693,0.08695652173913043,0.0,0.11764705882352941,0.16666666666666666,0.058823529411764705,0.0,0.0,0.125,0.17857142857142858,0.037037037037037035,0.10526315789473684,0.0,0.0,0.09090909090909091,0.0,0.07142857142857142,0.1,0.1111111111111111,0.0625,0.0,0.0,0.125,0.0,0.0,0.3333333333333333,0.0,0.0,0.0,0.06666666666666667,0.07692307692307693,0.0,0.0
Pomonok,Queens,neighborhood,0.0,0.0,,,,,,,,,,0.0,0.0,0.0,0.0,0.0,0.0,0.0,0.3333333333333333,0.0,0.0,0.0,0.0,0.0,0.0,0.0,0.0,0.0,0.0,0.0,0.0,0.0,0.0,0.0,0.0,0.0,0.0,0.0,0.5,0.0,0.0,0.0,0.0,0.0,0.0,0.5,0.5,0.0,0.0,0.0,0.0,0.0,0.0,0.0,0.0,0.0,0.0,0.25,0.0,0.0,0.0,0.0,0.0,,,,,0.0,0.25,0.0,0.0,0.0,0.0,0.625,0.0,0.0,0.1111111111111111,0.0,0.0,0.0,0.5,0.3333333333333333,0.5,,0.0,0.14285714285714285,0.125,0.0,0.0,0.1111111111111111,0.0,0.0,0.8,0.8333333333333334,0.0,0.2,0.0,,0.0,0.0,0.0,,0.4,0.0,0.16666666666666666,0.3333333333333333,0.16666666666666666,0.0,0.3333333333333333,0.0,0.0,0.25,0.0,0.0,0.0,0.6,0.6,0.6666666666666666,0.0,0.0,0.4,0.0,0.0,0.0,0.0,0.0,0.25,0.0,0.0,0.0,0.3333333333333333,0.0,0.23076923076923078,0.0,0.0,0.0,0.18181818181818182,0.0,0.1111111111111111,0.0,0.25,0.0,0.0,0.2,0.2,0.2,0.0,0.0,0.18181818181818182,0.2,0.09090909090909091,0.2,0.0,0.0,0.3333333333333333,0.25,0.5,0.0,0.14285714285714285,0.25,0.3,0.2857142857142857,0.0,0.0,0.0,0.0,0.0,0.0,0.0,0.0,0.0,0.3333333333333333,,0.5,0.0,0.14285714285714285,0.0,0.25,0.3333333333333333,0.0,0.3333333333333333,0.3333333333333333,0.14285714285714285,0.25,0.4,0.0,,0.3333333333333333,0.3333333333333333,0.0,0.0,0.3333333333333333,0.0,0.3333333333333333,0.0,0.0,0.0,0.0,0.25,0.14285714285714285
Port Morris,Bronx,neighborhood,,,,,0.0,0.0,0.0,0.0,0.0,,,,,,,,,,,,,,,,,,,,,,,,,,,,,,,,,,,,,,,,,,,,,,,,,,,,,,,,,,,,,,0.0,0.0,0.0,0.0,0.0,,,,,0.0,0.0,0.0,0.3333333333333333,0.0,0.0,0.0,0.0,0.0,1.0,0.0,0.0,0.0,0.0,0.0,0.0,0.0,0.0,0.0,0.0,0.6666666666666666,0.0,0.0,0.0,1.0,0.0,0.0,0.5714285714285714,0.0,0.2,0.3333333333333333,0.2,0.0,0.25,,0.0,0.0,,,1.0,,,0.0,0.0,0.0,0.0,0.0,0.3333333333333333,0.0,0.0,0.0,0.0,0.0,0.0,0.0,0.0,0.0,0.0,0.0,0.0,0.5,0.3333333333333333,0.0,0.5,0.0,,0.0,0.0,0.0,0.0,,,0.0,1.0,0.0,0.0,,0.0,0.6666666666666666,0.0,0.0,0.0,0.0,0.0,,,,,,,,,,0.0,0.2,0.0,0.2222222222222222,0.0,,,0.0,,0.0,0.0,0.0,0.0,0.0,0.0,0.0,0.6666666666666666,0.0,0.5,0.0,0.0,,,,0.0,0.0,0.0,0.0
Prospect Heights,Brooklyn,neighborhood,0.17647058823529413,0.2,0.13953488372093023,0.2857142857142857,0.1568627450980392,0.01818181818181818,0.08450704225352113,0.05263157894736842,0.06818181818181818,0.1794871794871795,0.20930232558139536,0.24324324324324326,0.125,0.11538461538461539,0.030303030303030304,0.09375,0.19047619047619047,0.044444444444444446,0.1276595744680851,0.1,0.15625,0.0,0.038461538461538464,0.07407407407407407,0.11428571428571428,0.08333333333333333,0.175,0.04878048780487805,0.10204081632653061,0.13559322033898305,0.12280701754385964,0.07272727272727272,0.1935483870967742,0.12,0.075,0.075,0.14814814814814814,0.03333333333333333,0.1267605633802817,0.2,0.09,0.1375,0.06521739130434782,0.1111111111111111,0.17708333333333334,0.2457627118644068,0.16666666666666666,0.17894736842105263,0.17045454545454544,0.09876543209876543,0.14432989690721648,0.12631578947368421,0.11267605633802817,0.15602836879432624,0.15483870967741936,0.14942528735632185,0.18181818181818182,0.19213973799126638,0.19387755102040816,0.15508021390374332,0.16666666666666666,0.09424083769633508,0.13425925925925927,0.12060301507537688,0.1377551020408163,0.14655172413793102,0.10830324909747292,0.08627450980392157,0.12953367875647667,0.15873015873015872,0.21774193548387097,0.1282051282051282,0.17117117117117117,0.13274336283185842,0.1328125,0.20714285714285716,0.24375,0.1728395061728395,0.19428571428571428,0.18518518518518517,0.21568627450980393,0.2222222222222222,0.22429906542056074,0.2122905027932961,0.1261682242990654,0.18041237113402062,0.1615720524017467,0.16015625,0.1413793103448276,0.14984709480122324,0.17491749174917492,0.1927710843373494,0.22727272727272727,0.24242424242424243,0.17204301075268819,0.17218543046357615,0.12834224598930483,0.15217391304347827,0.18128654970760233,0.1125,0.08372093023255814,0.11016949152542373,0.128,0.14864864864864866,0.18181818181818182,0.23651452282157676,0.17578125,0.16022099447513813,0.2,0.12690355329949238,0.13142857142857142,0.10550458715596331,0.1087866108786611,0.15510204081632653,0.13445378151260504,0.14035087719298245,0.14942528735632185,0.16129032258064516,0.23140495867768596,0.12612612612612611,0.12612612612612611,0.14953271028037382,0.16822429906542055,0.13414634146341464,0.185,0.2702702702702703,0.32786885245901637,0.35784313725490197,0.28837209302325584,0.2897196261682243,0.3025936599423631,0.189873417721519,0.14878892733564014,0.17028985507246377,0.10248447204968944,0.05925925925925926,0.1076923076923077,0.08196721311475409,0.0547945205479452,0.0718562874251497,0.10273972602739725,0.050955414012738856,0.07482993197278912,0.07563025210084033,0.11904761904761904,0.0658682634730539,0.1076923076923077,0.1111111111111111,0.17567567567567569,0.12337662337662338,0.13559322033898305,0.16201117318435754,0.2727272727272727,0.23214285714285715,0.2857142857142857,0.0915032679738562,0.1118421052631579,0.11971830985915492,0.0989010989010989,0.125,0.15,0.15135135135135136,0.17391304347826086,0.16143497757847533,0.15789473684210525,0.2073170731707317,0.27485380116959063,0.1509433962264151,0.19205298013245034,0.17532467532467533,0.0916030534351145,0.07586206896551724,0.11731843575418995,0.13541666666666666,0.14427860696517414,0.2736318407960199,0.24161073825503357,0.18,0.25925925925925924,0.15441176470588236,0.14960629921259844,0.07758620689655173,0.075,0.04225352112676056,0.08496732026143791,0.152317880794702,0.16738197424892703,0.13991769547325103,0.15544041450777202,0.08743169398907104,0.06622516556291391,0.08547008547008547,0.125,0.049586776859504134,0.031746031746031744,0.038461538461538464,0.0755813953488372,0.07975460122699386,0.11,0.0935672514619883
Prospect Lefferts Gardens,Brooklyn,neighborhood,0.09090909090909091,0.125,0.0,0.0,0.0,0.1,0.16666666666666666,0.0,0.0,0.16666666666666666,0.0,0.0,0.06666666666666667,0.07142857142857142,0.08333333333333333,0.07692307692307693,0.07142857142857142,0.0,0.0,0.0625,0.07142857142857142,0.15384615384615385,0.23809523809523808,0.08695652173913043,0.07692307692307693,0.34615384615384615,0.0,0.24,0.14285714285714285,0.35,0.13793103448275862,0.1935483870967742,0.14814814814814814,0.125,0.0,0.0,0.05,0.17647058823529413,0.16666666666666666,0.03571428571428571,0.07692307692307693,0.06896551724137931,0.05128205128205128,0.0392156862745098,0.11904761904761904,0.08695652173913043,0.10714285714285714,0.02702702702702703,0.0,0.08064516129032258,0.09210526315789473,0.12643678160919541,0.07777777777777778,0.06422018348623854,0.0975609756097561,0.11805555555555555,0.1,0.10967741935483871,0.11702127659574468,0.09433962264150944,0.11312217194570136,0.1125,0.07782101167315175,0.06439393939393939,0.045454545454545456,0.05426356589147287,0.06302521008403361,0.07450980392156863,0.07352941176470588,0.10457516339869281,0.058394160583941604,0.09166666666666666,0.09523809523809523,0.1437908496732026,0.175,0.14906832298136646,0.12643678160919541,0.14673913043478262,0.20973782771535582,0.239067055393586,0.18696883852691218,0.18506493506493507,0.19207317073170732,0.1605351170568562,0.12037037037037036,0.1619718309859155,0.15384615384615385,0.13382899628252787,0.11564625850340136,0.13793103448275862,0.0972644376899696,0.16379310344827586,0.19047619047619047,0.19148936170212766,0.21993127147766323,0.13565891472868216,0.19148936170212766,0.1262135922330097,0.19,0.08357348703170028,0.15326633165829145,0.09852216748768473,0.10725552050473186,0.10163934426229508,0.10566037735849057,0.1468354430379747,0.15803814713896458,0.12727272727272726,0.10985915492957747,0.07670454545454546,0.08374384236453201,0.07739938080495357,0.11764705882352941,0.09803921568627451,0.09415584415584416,0.08527131782945736,0.13100436681222707,0.125,0.1329479768786127,0.2,0.0975609756097561,0.12941176470588237,0.13986013986013987,0.19014084507042253,0.19130434782608696,0.20520231213872833,0.19247787610619468,0.21267893660531698,0.2291296625222025,0.19284294234592445,0.20531400966183574,0.1631578947368421,0.13866666666666666,0.10857142857142857,0.12654320987654322,0.11144578313253012,0.09487179487179487,0.11594202898550725,0.10277777777777777,0.08955223880597014,0.07575757575757576,0.12056737588652482,0.12719298245614036,0.10434782608695652,0.09090909090909091,0.07006369426751592,0.06626506024096386,0.1111111111111111,0.05844155844155844,0.03389830508474576,0.08542713567839195,0.12682926829268293,0.10897435897435898,0.18064516129032257,0.1507537688442211,0.12429378531073447,0.12352941176470589,0.10638297872340426,0.12571428571428572,0.11194029850746269,0.06358381502890173,0.1076923076923077,0.11952191235059761,0.1598360655737705,0.1457286432160804,0.11961722488038277,0.22058823529411764,0.13227513227513227,0.10194174757281553,0.20398009950248755,0.17094017094017094,0.15789473684210525,0.12547528517110265,0.14453125,0.11147540983606558,0.1619718309859155,0.25193798449612403,0.22746781115879827,0.11219512195121951,0.12755102040816327,0.14285714285714285,0.14925373134328357,0.12429378531073447,0.13333333333333333,0.1368421052631579,0.10047846889952153,0.15918367346938775,0.16289592760180996,0.18994413407821228,0.16091954022988506,0.13924050632911392,0.13970588235294118,0.14285714285714285,0.1223021582733813,0.09090909090909091,0.10714285714285714,0.11046511627906977,0.13744075829383887,0.12234042553191489,0.060240963855421686
Prospect Park South,Brooklyn,neighborhood,0.0,0.0,0.0,0.2,0.0,0.25,0.0,0.1111111111111111,0.16666666666666666,0.0,0.0,0.0,0.0,0.0,0.0,0.0,0.0,0.0,0.0,0.0,0.0,0.0,0.0,0.0,0.0,0.16666666666666666,0.2,0.0,0.0,0.14285714285714285,0.0,0.0,0.0,0.375,0.0,0.0,0.1875,0.038461538461538464,0.07142857142857142,0.07142857142857142,0.16666666666666666,0.08333333333333333,0.06666666666666667,0.0625,0.058823529411764705,0.16,0.15625,0.11764705882352941,0.1794871794871795,0.11538461538461539,0.017857142857142856,0.04918032786885246,0.04878048780487805,0.10909090909090909,0.2191780821917808,0.09876543209876543,0.14634146341463414,0.07446808510638298,0.033707865168539325,0.012658227848101266,0.09574468085106383,0.16037735849056603,0.10526315789473684,0.058823529411764705,0.05172413793103448,0.1037037037037037,0.06206896551724138,0.08148148148148149,0.06666666666666667,0.12727272727272726,0.09,0.07368421052631578,0.09574468085106383,0.08571428571428572,0.09090909090909091,0.0975609756097561,0.07920792079207921,0.2222222222222222,0.16326530612244897,0.16560509554140126,0.1897810218978102,0.11570247933884298,0.2246376811594203,0.16417910447761194,0.10457516339869281,0.145985401459854,0.1476510067114094,0.08053691275167785,0.0949367088607595,0.13690476190476192,0.13664596273291926,0.04918032786885246,0.09701492537313433,0.12666666666666668,0.20754716981132076,0.17177914110429449,0.13004484304932734,0.1459227467811159,0.11682242990654206,0.09183673469387756,0.09146341463414634,0.13020833333333334,0.10471204188481675,0.1073170731707317,0.14358974358974358,0.14227642276422764,0.14754098360655737,0.12454212454212454,0.09765625,0.0749063670411985,0.10126582278481013,0.10526315789473684,0.14772727272727273,0.13973799126637554,0.04081632653061224,0.0797872340425532,0.12138728323699421,0.09917355371900827,0.10909090909090909,0.14545454545454545,0.1523809523809524,0.040983606557377046,0.06896551724137931,0.07058823529411765,0.17266187050359713,0.1650485436893204,0.12669683257918551,0.20817843866171004,0.21739130434782608,0.24110671936758893,0.2572614107883817,0.14150943396226415,0.12,0.10843373493975904,0.12432432432432433,0.14761904761904762,0.08108108108108109,0.1091703056768559,0.10256410256410256,0.11560693641618497,0.051470588235294115,0.07453416149068323,0.11409395973154363,0.12631578947368421,0.0410958904109589,0.05,0.03409090909090909,0.04477611940298507,0.1111111111111111,0.08333333333333333,0.08080808080808081,0.049019607843137254,0.12643678160919541,0.09195402298850575,0.16964285714285715,0.21875,0.11320754716981132,0.08888888888888889,0.16279069767441862,0.037037037037037035,0.05263157894736842,0.1282051282051282,0.17045454545454544,0.11,0.14666666666666667,0.1414141414141414,0.11926605504587157,0.1,0.08849557522123894,0.047058823529411764,0.1388888888888889,0.058823529411764705,0.11842105263157894,0.09917355371900827,0.06040268456375839,0.06593406593406594,0.06936416184971098,0.07936507936507936,0.0625,0.14285714285714285,0.07692307692307693,0.15315315315315314,0.061224489795918366,0.06060606060606061,0.043478260869565216,0.05194805194805195,0.08433734939759036,0.17391304347826086,0.16470588235294117,0.0821917808219178,0.12,0.0375,0.11392405063291139,0.07936507936507936,0.11290322580645161,0.01639344262295082,0.04285714285714286,0.05263157894736842,0.047619047619047616,0.017241379310344827
Queens,Queens,borough,0.07334525939177101,0.0846286701208981,0.07876712328767123,0.043243243243243246,0.06500956022944551,0.0367504835589942,0.04247104247104247,0.03877551020408163,0.04597701149425287,0.06593406593406594,0.046875,0.046065259117082535,0.04483430799220273,0.0599250936329588,0.04028436018957346,0.046218487394957986,0.038461538461538464,0.03442879499217527,0.05163511187607573,0.06197654941373534,0.06476190476190476,0.06540447504302926,0.08918406072106262,0.08158995815899582,0.07734806629834254,0.03891891891891892,0.05230125523012552,0.05626326963906582,0.049818840579710144,0.046313799621928164,0.11819021237303785,0.10621468926553672,0.1051930758988016,0.08778625954198473,0.05994550408719346,0.0740242261103634,0.07572115384615384,0.09156626506024096,0.07716701902748414,0.07497467071935157,0.06494845360824743,0.06432160804020101,0.07946428571428571,0.12875536480686695,0.12135539795114263,0.13716814159292035,0.13204225352112675,0.10583016476552598,0.1074095347501436,0.08008776741634668,0.07971014492753623,0.05991393578285336,0.05361930294906166,0.1416717885679164,0.08602150537634409,0.10459282130451564,0.09075559307724779,0.10889882161722877,0.09489329268292683,0.07717750826901874,0.09016712009327633,0.10231729055258466,0.10563607085346216,0.07352005092297899,0.06645385954730122,0.07822835777969514,0.08693063411729682,0.0814382298709281,0.1247382590487586,0.16119402985074627,0.15777653003930375,0.11239193083573487,0.12678393627613674,0.13354632587859425,0.14009661835748793,0.1234194612424409,0.11384854771784232,0.12322874493927126,0.13781180538404544,0.15897559797052427,0.16305670479435386,0.18518518518518517,0.2087807205917442,0.1444866920152091,0.1483965625654999,0.13506695129051038,0.13271553863974847,0.1393704763507827,0.13451622687291478,0.1378737541528239,0.1284183817310403,0.17242157526517715,0.21819787985865724,0.24352868088631185,0.21673254281949933,0.1808766859344894,0.1630032644178455,0.17726887192536048,0.16523891109841995,0.15638422491214368,0.164580265095729,0.13992869875222816,0.14133482893998878,0.14363143631436315,0.16991112991959373,0.19776392961876832,0.16816874400767018,0.15734720416124837,0.16594783323064285,0.15240925493525792,0.16199376947040497,0.14408396946564886,0.14103747461694666,0.14056067437757302,0.14175207890156644,0.15814531152970399,0.17024643906850553,0.17853278511144774,0.18152788012773274,0.15851974592653964,0.15728107169436864,0.1369754552652415,0.13705900718076802,0.1651414309484193,0.1804248453885453,0.1958163858221964,0.21618320610687022,0.22589987587918908,0.21984941820670773,0.21267841069821267,0.18865307254820363,0.15272673820373364,0.15169660678642716,0.14365125804564072,0.13917929952953476,0.11063024073573167,0.11018505438621275,0.116741687236823,0.09207984546039923,0.11719567492152075,0.097265625,0.10746385306760453,0.11134278565471226,0.09079873755765963,0.10150193798449612,0.11194779116465864,0.10779131234199035,0.0923600209314495,0.0832420591456736,0.08182577233509603,0.09361353711790393,0.13286713286713286,0.14378109452736318,0.15949685534591196,0.1601315456615229,0.1466332776850306,0.13151544401544402,0.11781684597218578,0.1232876712328767,0.09517316607581129,0.09046517604728861,0.11374407582938388,0.11819021237303785,0.1408256880733945,0.14906043676993397,0.1847163619315518,0.15130674002751032,0.12851086380498145,0.12518054886856042,0.11988823977647955,0.1325655476598873,0.110337972166998,0.11496645847790886,0.12375565610859729,0.127357533968769,0.13412312248783584,0.15156756756756756,0.14536807278742764,0.15768725361366623,0.1316301703163017,0.12974051896207583,0.1189920671955203,0.1272378516624041,0.10638297872340426,0.1210592686002522,0.1107281344248169,0.1259116259116259,0.1428889383485422,0.18161925601750548,0.1513722126929674,0.15596979707409156,0.11629667003027246,0.09649334945586457,0.11380454197499362,0.10870066928225249,0.09321419946872736,0.09065354884047787,0.1215113782739373,0.109439406430338,0.1205395996518712
Queens Village,Queens,neighborhood,,,,,,,,,,,,,,,,,,,,,,,,,,,,,,,,,,,,,,,,,,,,,,,,0.0,0.0,0.0,0.0,0.0,0.2,0.0,0.0,0.0,0.16666666666666666,0.1,0.0,0.08333333333333333,0.0,0.0,0.0,0.0,,0.0,0.0,0.25,0.0,0.1111111111111111,0.125,0.0,0.14285714285714285,0.25,0.2,0.3333333333333333,0.18181818181818182,0.0,0.2,0.0,0.14285714285714285,0.08333333333333333,0.3,0.0,0.2222222222222222,0.0,0.0,0.0,0.0,0.0,0.1,0.0,0.0,0.3333333333333333,0.25,0.0,0.0,0.0,0.0,0.0,0.0,0.0,0.0,0.0,0.0,0.25,0.125,0.0,0.0,0.0,0.5,0.5,0.125,0.3333333333333333,0.0,0.0,0.16666666666666666,0.0,0.2222222222222222,0.3333333333333333,0.14285714285714285,0.0,0.1,0.0,0.0,0.2727272727272727,0.0,0.0,0.0,0.14285714285714285,0.0,0.0,0.42857142857142855,0.0,0.0,0.0,0.0,0.0,0.0,0.2,0.0,0.1,0.09090909090909091,0.0,0.09090909090909091,0.16666666666666666,0.0625,0.0,0.0,0.25,0.0,0.0,0.0,0.14285714285714285,0.3333333333333333,0.375,0.0,0.0,0.05555555555555555,0.16666666666666666,0.05555555555555555,0.21428571428571427,0.13333333333333333,0.0,0.0,0.0,0.0,0.07692307692307693,0.0625,0.0,0.1111111111111111,0.0,0.0,0.0,0.14285714285714285,0.125,0.0,0.0,0.0,0.0,0.0,0.3076923076923077,0.125,0.2222222222222222,0.25,0.125,0.0,0.18181818181818182,0.07142857142857142,0.2,0.0,0.0,0.07692307692307693,0.09090909090909091,0.1,0.2,0.0,0.0,0.06666666666666667,0.06666666666666667
Red Hook,Brooklyn,neighborhood,0.1,0.0,0.0,0.125,0.2,0.0,0.0,0.25,0.06666666666666667,0.16666666666666666,0.09090909090909091,0.0625,0.0,0.0,0.0,0.0,0.1111111111111111,0.0,0.1111111111111111,0.0,0.0,0.08333333333333333,0.15384615384615385,0.07142857142857142,0.15384615384615385,0.0,0.05,0.0,0.05555555555555555,0.05263157894736842,0.07142857142857142,0.3,0.09090909090909091,0.2222222222222222,0.05555555555555555,0.10526315789473684,0.06666666666666667,0.18518518518518517,0.06666666666666667,0.05555555555555555,0.0625,0.06060606060606061,0.13636363636363635,0.16666666666666666,0.2777777777777778,0.25,0.16,0.07407407407407407,0.041666666666666664,0.034482758620689655,0.06451612903225806,0.041666666666666664,0.07407407407407407,0.11764705882352941,0.07142857142857142,0.0625,0.12903225806451613,0.14285714285714285,0.14705882352941177,0.16666666666666666,0.2,0.08571428571428572,0.13513513513513514,0.14285714285714285,0.1875,0.13953488372093023,0.10810810810810811,0.16129032258064516,0.11764705882352941,0.15555555555555556,0.18181818181818182,0.13725490196078433,0.07142857142857142,0.28888888888888886,0.07142857142857142,0.2127659574468085,0.3,0.12244897959183673,0.15625,0.16666666666666666,0.16129032258064516,0.13793103448275862,0.14285714285714285,0.09375,0.1891891891891892,0.1794871794871795,0.21428571428571427,0.2702702702702703,0.1016949152542373,0.3287671232876712,0.1728395061728395,0.26229508196721313,0.11764705882352941,0.24285714285714285,0.1724137931034483,0.16279069767441862,0.13725490196078433,0.1836734693877551,0.0967741935483871,0.16071428571428573,0.16071428571428573,0.11320754716981132,0.17391304347826086,0.14516129032258066,0.38095238095238093,0.22,0.046511627906976744,0.17391304347826086,0.12727272727272726,0.13513513513513514,0.18604651162790697,0.08333333333333333,0.16666666666666666,0.10256410256410256,0.23255813953488372,0.25,0.2549019607843137,0.3333333333333333,0.21052631578947367,0.23809523809523808,0.0625,0.10526315789473684,0.18181818181818182,0.2222222222222222,0.17142857142857143,0.07317073170731707,0.1282051282051282,0.25,0.1875,0.42105263157894735,0.22727272727272727,0.2,0.1836734693877551,0.16279069767441862,0.06382978723404255,0.09090909090909091,0.0967741935483871,0.1282051282051282,0.08333333333333333,0.13333333333333333,0.043478260869565216,0.10344827586206896,0.0967741935483871,0.1111111111111111,0.1111111111111111,0.125,0.0,0.043478260869565216,0.034482758620689655,0.11538461538461539,0.11764705882352941,0.16129032258064516,0.15625,0.28125,0.034482758620689655,0.1,0.11764705882352941,0.17857142857142858,0.10344827586206896,0.0,0.047619047619047616,0.23076923076923078,0.18518518518518517,0.16666666666666666,0.1282051282051282,0.2765957446808511,0.3235294117647059,0.16129032258064516,0.12,0.125,0.11764705882352941,0.13333333333333333,0.1724137931034483,0.22857142857142856,0.2972972972972973,0.17647058823529413,0.25925925925925924,0.2692307692307692,0.1,0.14814814814814814,0.1935483870967742,0.0,0.2,0.0625,0.07142857142857142,0.1875,0.23529411764705882,0.1875,0.30434782608695654,0.2222222222222222,0.18518518518518517,0.1724137931034483,0.07407407407407407,0.05263157894736842,0.2857142857142857,0.2727272727272727,0.14814814814814814,0.13043478260869565,0.2777777777777778,0.21739130434782608
Rego Park,Queens,neighborhood,0.06896551724137931,0.11428571428571428,0.0,0.05405405405405406,0.14285714285714285,0.2,0.05263157894736842,0.0,0.05,0.038461538461538464,0.1111111111111111,0.06666666666666667,0.0967741935483871,0.125,0.0,0.0,0.05714285714285714,0.06976744186046512,0.02702702702702703,0.037037037037037035,0.0,0.0,0.15789473684210525,0.047619047619047616,0.09523809523809523,0.08571428571428572,0.04,0.12121212121212122,0.03571428571428571,0.04,0.034482758620689655,0.07407407407407407,0.0625,0.0,0.0,0.08333333333333333,0.03571428571428571,0.13333333333333333,0.09375,0.0,0.08108108108108109,0.03125,0.030303030303030304,0.11764705882352941,0.034482758620689655,0.2553191489361702,0.07017543859649122,0.17307692307692307,0.10204081632653061,0.08,0.16326530612244897,0.06521739130434782,0.027972027972027972,0.013157894736842105,0.023622047244094488,0.023622047244094488,0.09523809523809523,0.04081632653061224,0.08661417322834646,0.0847457627118644,0.06306306306306306,0.15384615384615385,0.09696969696969697,0.057291666666666664,0.05853658536585366,0.058394160583941604,0.07692307692307693,0.03278688524590164,0.11510791366906475,0.19736842105263158,0.21084337349397592,0.09655172413793103,0.07432432432432433,0.19736842105263158,0.12666666666666668,0.14189189189189189,0.09271523178807947,0.10326086956521739,0.10285714285714286,0.08333333333333333,0.16149068322981366,0.19875776397515527,0.15384615384615385,0.16546762589928057,0.16201117318435754,0.16019417475728157,0.17903930131004367,0.12556053811659193,0.0995850622406639,0.12749003984063745,0.09411764705882353,0.20855614973262032,0.25824175824175827,0.2191780821917808,0.27586206896551724,0.18562874251497005,0.15853658536585366,0.16891891891891891,0.22459893048128343,0.15942028985507245,0.24120603015075376,0.1872146118721461,0.14537444933920704,0.20224719101123595,0.18848167539267016,0.2127659574468085,0.14798206278026907,0.16203703703703703,0.2052401746724891,0.1590909090909091,0.17083333333333334,0.11203319502074689,0.16182572614107885,0.0995850622406639,0.2,0.22171945701357465,0.17040358744394618,0.19138755980861244,0.3055555555555556,0.08771929824561403,0.11475409836065574,0.12637362637362637,0.1386861313868613,0.21153846153846154,0.1590909090909091,0.21333333333333335,0.2608695652173913,0.18333333333333332,0.2140077821011673,0.2550607287449393,0.1693548387096774,0.2524271844660194,0.11827956989247312,0.1323529411764706,0.11918604651162791,0.10062893081761007,0.108,0.1198501872659176,0.05791505791505792,0.11231884057971014,0.1125,0.08,0.1826086956521739,0.07425742574257425,0.08860759493670886,0.12025316455696203,0.12442396313364056,0.10362694300518134,0.07975460122699386,0.04285714285714286,0.10497237569060773,0.1306532663316583,0.11299435028248588,0.10869565217391304,0.12429378531073447,0.16058394160583941,0.10738255033557047,0.13125,0.09497206703910614,0.056910569105691054,0.061224489795918366,0.07096774193548387,0.10071942446043165,0.09352517985611511,0.12,0.1282051282051282,0.1048951048951049,0.0990990990990991,0.1095890410958904,0.09219858156028368,0.06474820143884892,0.08391608391608392,0.06779661016949153,0.08955223880597014,0.06164383561643835,0.11728395061728394,0.08092485549132948,0.11351351351351352,0.11428571428571428,0.0782608695652174,0.11570247933884298,0.08461538461538462,0.22784810126582278,0.1258741258741259,0.07142857142857142,0.04081632653061224,0.057803468208092484,0.18620689655172415,0.14367816091954022,0.13095238095238096,0.08783783783783784,0.05405405405405406,0.06875,0.05660377358490566,0.08588957055214724,0.04242424242424243,0.06666666666666667,0.07857142857142857,0.09395973154362416,0.07100591715976332
Richmond Hill,Queens,neighborhood,,,,,,,,,0.0,0.0,,0.0,0.0,0.0,0.0,0.0,0.0,0.0,0.0,0.0,0.0,0.0,0.0,,0.0,0.0,0.0,0.0,,,0.0,0.5,0.0,0.0,0.0,0.0,0.0,0.0,0.0,,0.0,0.0,0.25,0.0,0.0,0.2,0.0,0.2,0.0,0.0,0.16666666666666666,0.0,0.0,0.3333333333333333,0.42857142857142855,0.0,0.2,0.0,0.0,0.0,0.0,0.09090909090909091,0.0,0.0,0.0,0.0,0.0,0.0,0.0,0.1111111111111111,0.07142857142857142,0.13333333333333333,0.0,0.3,0.09090909090909091,0.0,0.0,0.0,0.2,0.0,0.0,0.14285714285714285,0.0,0.0,0.06666666666666667,0.07142857142857142,0.0,0.0,0.0,0.058823529411764705,0.14285714285714285,0.2,0.1111111111111111,0.16666666666666666,0.14285714285714285,0.0,0.16666666666666666,0.25,0.2727272727272727,0.08333333333333333,0.0,0.1111111111111111,0.2222222222222222,0.25,0.08333333333333333,0.3076923076923077,0.36363636363636365,0.3076923076923077,0.07692307692307693,0.0,0.0,0.0,0.29411764705882354,0.2,0.25,0.041666666666666664,0.25,0.2727272727272727,0.1111111111111111,0.36363636363636365,0.07142857142857142,0.09090909090909091,0.14285714285714285,0.0,0.1,0.25,0.0,0.2,0.6666666666666666,0.0,0.3333333333333333,0.1111111111111111,0.05555555555555555,0.07142857142857142,0.09090909090909091,0.07142857142857142,0.2,0.16666666666666666,0.047619047619047616,0.15384615384615385,0.125,0.14285714285714285,0.0,0.0,0.0,0.07142857142857142,0.0,0.0,0.15789473684210525,0.16666666666666666,0.13636363636363635,0.05555555555555555,0.05263157894736842,0.1,0.13043478260869565,0.23076923076923078,0.10526315789473684,0.17647058823529413,0.10526315789473684,0.0,0.0,0.05555555555555555,0.1111111111111111,0.07692307692307693,0.17391304347826086,0.20833333333333334,0.11764705882352941,0.07692307692307693,0.05555555555555555,0.13636363636363635,0.15789473684210525,0.07692307692307693,0.15384615384615385,0.06666666666666667,0.08333333333333333,0.09090909090909091,0.375,0.5,0.08333333333333333,0.1111111111111111,0.2,0.06666666666666667,0.08333333333333333,0.16666666666666666,0.125,0.0,0.25,0.2222222222222222,0.36363636363636365,0.07692307692307693,0.16666666666666666,0.125,0.07692307692307693,0.15384615384615385,0.18181818181818182,0.0,0.0,0.15384615384615385,0.08695652173913043,0.08695652173913043
Ridgewood,Queens,neighborhood,0.75,0.0,0.0,0.0,0.0,,0.0,0.0,0.5,0.0,0.0,0.75,0.25,0.2,0.0,0.0,0.0,0.0,0.0,0.0,0.16666666666666666,0.15384615384615385,0.08333333333333333,0.0,0.5,0.0,0.05660377358490566,0.016666666666666666,0.0,0.0,0.5769230769230769,0.13043478260869565,0.0,0.12903225806451613,0.0,0.5357142857142857,0.0,0.19047619047619047,0.058823529411764705,0.3684210526315789,0.1,0.0,0.2222222222222222,0.045454545454545456,0.22727272727272727,0.06451612903225806,0.01694915254237288,0.03773584905660377,0.15,0.06818181818181818,0.09090909090909091,0.17307692307692307,0.11594202898550725,0.17142857142857143,0.14102564102564102,0.06493506493506493,0.12307692307692308,0.15730337078651685,0.125,0.05319148936170213,0.11827956989247312,0.09411764705882353,0.09009009009009009,0.0916030534351145,0.09090909090909091,0.10101010101010101,0.07514450867052024,0.11173184357541899,0.16826923076923078,0.17803030303030304,0.17670682730923695,0.13270142180094788,0.125,0.19166666666666668,0.16666666666666666,0.19678714859437751,0.1791530944625407,0.1855072463768116,0.1484593837535014,0.15526315789473685,0.2403560830860534,0.226890756302521,0.2235294117647059,0.1572700296735905,0.18181818181818182,0.20485175202156333,0.2577962577962578,0.22365591397849463,0.23106060606060605,0.17657657657657658,0.1774193548387097,0.2125340599455041,0.22279792746113988,0.24932249322493225,0.2,0.1643835616438356,0.21026894865525672,0.20240963855421687,0.1843220338983051,0.18614718614718614,0.19573643410852712,0.1781609195402299,0.16359918200409,0.22328244274809161,0.16930022573363432,0.202,0.14736842105263157,0.14246575342465753,0.1994949494949495,0.1566579634464752,0.1655011655011655,0.17972350230414746,0.1845102505694761,0.1891891891891892,0.1483375959079284,0.2,0.15298507462686567,0.21559633027522937,0.20574162679425836,0.21761658031088082,0.18548387096774194,0.17982456140350878,0.1493212669683258,0.22602739726027396,0.2,0.28865979381443296,0.20255474452554745,0.23434991974317818,0.22522522522522523,0.23595505617977527,0.16796875,0.1313364055299539,0.13725490196078433,0.14874141876430205,0.1172962226640159,0.1213768115942029,0.1419457735247209,0.12903225806451613,0.0899390243902439,0.14051094890510948,0.11572700296735905,0.15762273901808785,0.1130952380952381,0.11808118081180811,0.11071428571428571,0.116,0.15862068965517243,0.1232876712328767,0.13135593220338984,0.15057915057915058,0.14285714285714285,0.2,0.28213166144200624,0.2111111111111111,0.2032520325203252,0.18421052631578946,0.14224137931034483,0.14130434782608695,0.16037735849056603,0.17703349282296652,0.12878787878787878,0.1827956989247312,0.13953488372093023,0.21016949152542372,0.18421052631578946,0.23448275862068965,0.2267080745341615,0.19583333333333333,0.17972350230414746,0.19196428571428573,0.13513513513513514,0.1377551020408163,0.15100671140939598,0.14465408805031446,0.17357512953367876,0.22564102564102564,0.20215633423180593,0.16819571865443425,0.21305841924398625,0.13709677419354838,0.08178438661710037,0.14347826086956522,0.16279069767441862,0.15486725663716813,0.1566265060240964,0.14685314685314685,0.18092105263157895,0.17966101694915254,0.19122257053291536,0.2032258064516129,0.2565789473684211,0.1289198606271777,0.07441860465116279,0.1509433962264151,0.12807881773399016,0.13023255813953488,0.13978494623655913,0.20396600566572237,0.09824561403508772,0.0963855421686747
Riverdale,Bronx,neighborhood,0.049586776859504134,0.04477611940298507,0.03875968992248062,0.01834862385321101,0.00980392156862745,0.013513513513513514,0.03125,0.056338028169014086,0.08,0.08,0.031746031746031744,0.078125,0.0641025641025641,0.04477611940298507,0.013513513513513514,0.14473684210526316,0.045454545454545456,0.09195402298850575,0.03571428571428571,0.09090909090909091,0.09243697478991597,0.0847457627118644,0.0851063829787234,0.05263157894736842,0.09278350515463918,0.044444444444444446,0.12121212121212122,0.06862745098039216,0.08849557522123894,0.02631578947368421,0.056,0.07692307692307693,0.10784313725490197,0.1452991452991453,0.06837606837606838,0.05454545454545454,0.10526315789473684,0.12087912087912088,0.10112359550561797,0.11320754716981132,0.07563025210084033,0.008849557522123894,0.07758620689655173,0.07142857142857142,0.1511627906976744,0.12162162162162163,0.09473684210526316,0.061855670103092786,0.049019607843137254,0.07964601769911504,0.051094890510948905,0.16923076923076924,0.08552631578947369,0.07575757575757576,0.11602209944751381,0.13855421686746988,0.12101910828025478,0.19548872180451127,0.03333333333333333,0.08053691275167785,0.07142857142857142,0.05384615384615385,0.04929577464788732,0.03125,0.04,0.05303030303030303,0.07643312101910828,0.07246376811594203,0.12025316455696203,0.11258278145695365,0.09868421052631579,0.07092198581560284,0.12138728323699421,0.0783132530120482,0.05921052631578947,0.05755395683453238,0.03496503496503497,0.08860759493670886,0.11688311688311688,0.15527950310559005,0.1111111111111111,0.09036144578313253,0.1348314606741573,0.15204678362573099,0.14146341463414633,0.1306532663316583,0.06976744186046512,0.10344827586206896,0.10909090909090909,0.07327586206896551,0.07960199004975124,0.11347517730496454,0.14838709677419354,0.10285714285714286,0.14093959731543623,0.08441558441558442,0.13812154696132597,0.13812154696132597,0.07303370786516854,0.0945273631840796,0.116751269035533,0.11864406779661017,0.13425925925925927,0.21333333333333335,0.17766497461928935,0.14695340501792115,0.16666666666666666,0.14042553191489363,0.1347517730496454,0.11969111969111969,0.0970464135021097,0.14351851851851852,0.17535545023696683,0.0945273631840796,0.0947867298578199,0.10227272727272728,0.15432098765432098,0.15217391304347827,0.18848167539267016,0.1393939393939394,0.07142857142857142,0.1,0.11971830985915492,0.1134020618556701,0.07741935483870968,0.03333333333333333,0.07926829268292683,0.14201183431952663,0.15384615384615385,0.20930232558139536,0.09444444444444444,0.12972972972972974,0.13142857142857142,0.10650887573964497,0.12658227848101267,0.09740259740259741,0.08904109589041095,0.10919540229885058,0.12626262626262627,0.13131313131313133,0.07096774193548387,0.1165644171779141,0.10062893081761007,0.07547169811320754,0.07792207792207792,0.06802721088435375,0.14634146341463414,0.09883720930232558,0.08333333333333333,0.09090909090909091,0.11931818181818182,0.08695652173913043,0.12578616352201258,0.13259668508287292,0.09554140127388536,0.10273972602739725,0.08783783783783784,0.10067114093959731,0.08121827411167512,0.08227848101265822,0.07482993197278912,0.0738255033557047,0.12578616352201258,0.1065989847715736,0.08771929824561403,0.12101910828025478,0.05333333333333334,0.08264462809917356,0.17266187050359713,0.1282051282051282,0.09565217391304348,0.1,0.08411214953271028,0.0851063829787234,0.06593406593406594,0.1497005988023952,0.13013698630136986,0.16766467065868262,0.1464968152866242,0.08,0.08208955223880597,0.1885245901639344,0.08496732026143791,0.05844155844155844,0.07971014492753623,0.03816793893129771,0.056074766355140186,0.0784313725490196,0.05825242718446602,0.06363636363636363,0.08571428571428572,0.0891089108910891,0.05660377358490566,0.052083333333333336,0.0625,0.03669724770642202,0.03,0.07142857142857142,0.11971830985915492,0.12179487179487179
Rockaway All,Queens,neighborhood,0.0,0.0,0.0,0.0,0.0,,,,,0.375,0.0,0.0,0.0,0.0,0.0,0.0,0.0,0.0,0.5,0.0,0.0,0.0,1.0,0.0,0.0,0.0,0.0,0.25,0.0,0.25,0.0,0.0,0.0,0.0,0.0,,,0.0,0.0,0.0,0.0,0.0,0.1111111111111111,0.10526315789473684,0.047619047619047616,0.13793103448275862,0.0,0.058823529411764705,0.35714285714285715,0.08,0.0,0.0,0.04,0.03571428571428571,0.15789473684210525,0.13043478260869565,0.25925925925925924,0.21428571428571427,0.0,0.0967741935483871,0.04,0.0,0.034482758620689655,0.027777777777777776,0.02702702702702703,0.05,0.0,0.0,0.021739130434782608,0.0,0.05555555555555555,0.0,0.0,0.06666666666666667,0.1,0.034482758620689655,0.12195121951219512,0.058823529411764705,0.056179775280898875,0.23076923076923078,0.07407407407407407,0.038461538461538464,0.0,0.022222222222222223,0.02040816326530612,0.0425531914893617,0.0,0.1891891891891892,0.02127659574468085,0.01818181818181818,0.05357142857142857,0.19230769230769232,0.2631578947368421,0.2127659574468085,0.17142857142857143,0.1111111111111111,0.0,0.06818181818181818,0.125,0.043478260869565216,0.125,0.08,0.09090909090909091,0.08620689655172414,0.21052631578947367,0.1927710843373494,0.09523809523809523,0.14516129032258066,0.04285714285714286,0.10144927536231885,0.1388888888888889,0.10909090909090909,0.09090909090909091,0.09859154929577464,0.14754098360655737,0.10909090909090909,0.1323529411764706,0.10144927536231885,0.16326530612244897,0.09302325581395349,0.031746031746031744,0.046511627906976744,0.09090909090909091,0.025,0.14583333333333334,0.017543859649122806,0.1935483870967742,0.020833333333333332,0.06521739130434782,0.10869565217391304,0.07894736842105263,0.0967741935483871,0.07894736842105263,0.2727272727272727,0.06382978723404255,0.08888888888888889,0.05128205128205128,0.07692307692307693,0.13513513513513514,0.09302325581395349,0.027777777777777776,0.14545454545454545,0.08196721311475409,0.15942028985507245,0.0136986301369863,0.04838709677419355,0.08064516129032258,0.1746031746031746,0.07142857142857142,0.05357142857142857,0.017241379310344827,0.18867924528301888,0.23728813559322035,0.09090909090909091,0.0784313725490196,0.17647058823529413,0.03508771929824561,0.043478260869565216,0.08163265306122448,0.022222222222222223,0.1276595744680851,0.1,0.04838709677419355,0.08823529411764706,0.09375,0.1518987341772152,0.07228915662650602,0.07575757575757576,0.05333333333333334,0.058823529411764705,0.0945945945945946,0.08064516129032258,0.0625,0.07142857142857142,0.11666666666666667,0.1111111111111111,0.18604651162790697,0.04,0.10869565217391304,0.05714285714285714,0.1206896551724138,0.10416666666666667,0.03508771929824561,0.09803921568627451,0.13043478260869565,0.06060606060606061,0.056338028169014086,0.07272727272727272,0.0847457627118644,0.07936507936507936,0.08163265306122448,0.017543859649122806,0.04081632653061224,0.09090909090909091,0.07272727272727272,0.015625,0.03636363636363636,0.15789473684210525,0.13953488372093023,0.025
Roosevelt Island,Manhattan,neighborhood,0.03225806451612903,0.025,0.08888888888888889,0.023809523809523808,0.0,0.0,0.018518518518518517,0.06666666666666667,0.06818181818181818,0.15384615384615385,0.15555555555555556,0.0,0.07317073170731707,0.0,0.017543859649122806,0.0,0.0,0.11904761904761904,0.030303030303030304,0.024390243902439025,0.0625,0.06521739130434782,0.21951219512195122,0.1,0.03571428571428571,0.12121212121212122,0.25,0.06060606060606061,0.0,0.14634146341463414,0.1,0.1,0.2692307692307692,0.38095238095238093,0.09090909090909091,0.10526315789473684,0.046511627906976744,0.125,0.03125,0.2564102564102564,0.11538461538461539,0.06818181818181818,0.0196078431372549,0.16666666666666666,0.30434782608695654,0.1590909090909091,0.23809523809523808,0.0,0.07317073170731707,0.027777777777777776,0.15384615384615385,0.02857142857142857,0.0,0.1282051282051282,0.28205128205128205,0.11764705882352941,0.11627906976744186,0.24528301886792453,0.25,0.30952380952380953,0.23684210526315788,0.13636363636363635,0.27419354838709675,0.21428571428571427,0.24390243902439024,0.1875,0.1864406779661017,0.25396825396825395,0.24675324675324675,0.2894736842105263,0.3373493975903614,0.3880597014925373,0.21311475409836064,0.22916666666666666,0.24285714285714285,0.20754716981132076,0.2553191489361702,0.3125,0.32786885245901637,0.4482758620689655,0.3287671232876712,0.30434782608695654,0.3076923076923077,0.21818181818181817,0.20212765957446807,0.3645833333333333,0.39,0.2898550724637681,0.3389830508474576,0.3793103448275862,0.38095238095238093,0.4074074074074074,0.40350877192982454,0.32075471698113206,0.4583333333333333,0.2,0.2833333333333333,0.29850746268656714,0.2602739726027397,0.3108108108108108,0.21649484536082475,0.34,0.1956521739130435,0.2125,0.16666666666666666,0.125,0.07792207792207792,0.2,0.18072289156626506,0.24468085106382978,0.2727272727272727,0.2808988764044944,0.16666666666666666,0.3333333333333333,0.3258426966292135,0.28888888888888886,0.27692307692307694,0.4444444444444444,0.42857142857142855,0.32075471698113206,0.41935483870967744,0.4915254237288136,0.484375,0.36507936507936506,0.5675675675675675,0.5,0.4067796610169492,0.3177570093457944,0.4672897196261682,0.36893203883495146,0.3804347826086957,0.4421052631578947,0.4077669902912621,0.24761904761904763,0.28421052631578947,0.1981981981981982,0.3017241379310345,0.14960629921259844,0.23076923076923078,0.42105263157894735,0.35526315789473684,0.15384615384615385,0.47368421052631576,0.15384615384615385,0.5,0.2765957446808511,0.3333333333333333,0.36363636363636365,0.4745762711864407,0.3559322033898305,0.46551724137931033,0.3888888888888889,0.41818181818181815,0.5666666666666667,0.6491228070175439,0.417910447761194,0.5,0.40625,0.4117647058823529,0.1746031746031746,0.2549019607843137,0.4032258064516129,0.2222222222222222,0.410958904109589,0.47761194029850745,0.1568627450980392,0.17857142857142858,0.25806451612903225,0.16666666666666666,0.06896551724137931,0.07547169811320754,0.023255813953488372,0.044444444444444446,0.07692307692307693,0.21428571428571427,0.20408163265306123,0.17543859649122806,0.3050847457627119,0.18333333333333332,0.17307692307692307,0.1388888888888889,0.2,0.10752688172043011,0.11956521739130435,0.08888888888888889,0.23863636363636365,0.10891089108910891,0.14925373134328357,0.2835820895522388,0.20689655172413793,0.16,0.10638297872340426,0.15254237288135594,0.016129032258064516,0.03125,0.23076923076923078,0.203125,0.16129032258064516,0.09090909090909091,0.08695652173913043
Rosedale,Queens,neighborhood,,,,,,,,,,,,,,,,,,,,,,,,,,,0.0,0.0,0.0,,,0.0,0.0,,,,,,,,,,,,,,0.0,0.0,0.0,0.0,0.0,0.0,,0.0,0.0,0.0,,0.0,0.0,0.0,,,,,,0.0,0.0,0.0,0.0,0.5,0.0,0.0,0.0,0.0,0.0,0.0,0.0,,0.0,0.0,0.16666666666666666,0.0,0.0,0.5,0.3333333333333333,0.0,0.0,0.0,0.0,0.0,0.0,0.0,0.0,0.0,0.0,0.0,0.0,,0.0,0.0,,0.0,0.0,0.0,0.0,0.0,0.0,0.0,0.0,0.0,0.0,0.6666666666666666,0.0,0.0,0.0,0.0,0.0,0.0,,0.0,0.0,,,0.0,0.0,0.0,1.0,,,0.0,0.0,1.0,0.0,,0.0,0.0,0.0,0.0,0.0,0.0,,0.0,0.0,0.0,0.5,0.0,,,,,0.0,0.0,0.0,0.0,0.25,0.0,0.3333333333333333,0.25,0.0,0.0,0.4,0.0,0.0,0.0,0.0,0.0,,,0.0,0.0,0.25,0.0,0.3333333333333333,0.0,0.0,0.0,0.0,0.25,0.14285714285714285,0.2,0.25,0.0,0.0,0.0,0.0,0.0,,,,0.0,0.0,0.0,,,0.0,0.0,0.0,0.0,,0.0
Schuylerville,Bronx,neighborhood,0.0,0.0,0.0,0.0,,,,,,,,,,,,,,,,,,,,,,,,,,,,,0.0,0.0,0.0,0.5,0.0,,,,0.0,0.0,0.0,0.0,0.0,,,,,,,,,,,0.0,0.0,,0.0,0.0,0.0,0.0,0.0,0.0,0.0,0.0,0.0,1.0,0.0,0.0,0.0,0.0,0.0,0.0,0.5,0.0,0.14285714285714285,0.0,0.0,0.0,0.0,0.0,0.0,0.0,0.5,0.125,0.0,0.0,0.0,0.0,0.0,0.0,0.0,0.0,0.0,0.0,0.0,0.0,,0.0,0.0,0.0,0.14285714285714285,0.375,0.14285714285714285,0.0,0.0,0.0,0.0,0.0,0.0,0.0,0.0,0.0,0.0,0.0,0.2,0.0,0.0,0.25,0.0,0.0,0.0,0.0,0.2,0.0,0.25,0.0,0.0,0.0,0.3333333333333333,0.25,0.25,0.0,0.0,1.0,0.0,0.1111111111111111,0.25,0.0,0.0,0.0,0.0,0.3333333333333333,,0.0,0.0,0.0,0.0,0.0,0.0,0.3333333333333333,0.0,0.0,0.0,0.0,0.0,0.0,0.2,0.125,0.0,0.0,,0.0,0.25,0.5,0.0,1.0,0.0,,,0.0,0.0,0.0,0.0,0.0,0.0,,0.0,0.0,0.0,0.0,0.0,0.0,0.0,0.0,0.0,0.0,0.3333333333333333,0.3333333333333333,0.0,0.0,0.0,0.0,0.0,0.0,,,,0.0
Seagate,Brooklyn,neighborhood,,,,,,,,,,,,,,,,,,,,,,,,,,,,,,,,,,,,,,0.0,0.0,0.0,0.0,0.0,0.0,0.0,,,,,,,,0.0,0.0,,,,,,,,,,,,,,,,0.0,0.3333333333333333,1.0,0.0,,,,0.0,0.5,0.25,0.0,0.0,0.0,0.0,0.0,0.0,0.0,,0.0,0.0,0.2,0.0,0.0,,0.0,0.0,0.0,0.0,0.0,0.2,0.0,0.3333333333333333,0.0,0.25,0.0,,0.0,0.0,0.0,1.0,0.0,,,,0.0,0.0,0.0,0.0,,,,,0.0,0.0,0.0,,0.0,0.0,0.0,,,0.0,0.5,0.0,0.0,,0.0,0.0,0.0,0.0,0.0,0.0,0.0,0.25,0.16666666666666666,0.0,1.0,,,,,0.0,0.5,0.0,0.3333333333333333,0.0,0.0,0.0,0.25,0.0,0.0,,,,0.0,0.0,0.0,0.0,0.0,1.0,0.0,1.0,0.5,0.25,0.3333333333333333,0.0,0.16666666666666666,0.0,0.0,0.0,0.5,0.2,0.0,,,0.0,1.0,0.5,0.0,,0.0,,,,,,0.0,,0.0,0.0,,
Sheepshead Bay,Brooklyn,neighborhood,0.1,0.17647058823529413,0.0,0.058823529411764705,0.07692307692307693,0.07692307692307693,0.0,0.0,0.0,0.25,0.0,0.030303030303030304,0.0,0.0,0.015625,0.0392156862745098,0.0,0.0,0.0,0.05128205128205128,0.0,0.047619047619047616,0.0625,0.0,0.0,0.025,0.06060606060606061,0.0,0.017857142857142856,0.05263157894736842,0.046511627906976744,0.023809523809523808,0.045454545454545456,0.05,0.0,0.0,0.07142857142857142,0.06666666666666667,0.0,0.03278688524590164,0.044444444444444446,0.0975609756097561,0.06329113924050633,0.047619047619047616,0.05714285714285714,0.046153846153846156,0.1694915254237288,0.03896103896103896,0.11940298507462686,0.09183673469387756,0.05263157894736842,0.056179775280898875,0.0,0.02702702702702703,0.0967741935483871,0.048,0.060810810810810814,0.02830188679245283,0.11475409836065574,0.12307692307692308,0.08641975308641975,0.07894736842105263,0.041237113402061855,0.056074766355140186,0.030303030303030304,0.029850746268656716,0.00641025641025641,0.09345794392523364,0.05785123966942149,0.09352517985611511,0.10256410256410256,0.0784313725490196,0.058333333333333334,0.1276595744680851,0.10714285714285714,0.09615384615384616,0.0625,0.0761904761904762,0.07920792079207921,0.1650485436893204,0.13008130081300814,0.1,0.08843537414965986,0.07453416149068323,0.10982658959537572,0.14432989690721648,0.1323529411764706,0.14,0.11328125,0.16666666666666666,0.13106796116504854,0.20155038759689922,0.2191780821917808,0.1592356687898089,0.21705426356589147,0.10344827586206896,0.15827338129496402,0.10483870967741936,0.12030075187969924,0.17088607594936708,0.12941176470588237,0.2275449101796407,0.15425531914893617,0.16339869281045752,0.17073170731707318,0.205,0.11,0.15527950310559005,0.1452513966480447,0.15254237288135594,0.0794392523364486,0.18433179723502305,0.13618677042801555,0.12033195020746888,0.19680851063829788,0.27218934911242604,0.18012422360248448,0.13114754098360656,0.18181818181818182,0.11818181818181818,0.17796610169491525,0.15789473684210525,0.14814814814814814,0.10126582278481013,0.18947368421052632,0.09009009009009009,0.15833333333333333,0.11363636363636363,0.21710526315789475,0.09815950920245399,0.13664596273291926,0.17751479289940827,0.1834319526627219,0.16756756756756758,0.11351351351351352,0.12903225806451613,0.1464968152866242,0.13580246913580246,0.096045197740113,0.1,0.0821917808219178,0.1,0.06993006993006994,0.058394160583941604,0.12413793103448276,0.16326530612244897,0.13736263736263737,0.128,0.13740458015267176,0.08661417322834646,0.09433962264150944,0.07368421052631578,0.12631578947368421,0.06521739130434782,0.07246376811594203,0.1,0.13333333333333333,0.13333333333333333,0.24719101123595505,0.13793103448275862,0.2542372881355932,0.1282051282051282,0.12,0.25961538461538464,0.11818181818181818,0.18095238095238095,0.2073170731707317,0.09821428571428571,0.12037037037037036,0.21,0.12,0.14444444444444443,0.15217391304347827,0.14634146341463414,0.13636363636363635,0.15625,0.13186813186813187,0.1125,0.1125,0.20512820512820512,0.16216216216216217,0.23376623376623376,0.24691358024691357,0.12264150943396226,0.25274725274725274,0.20967741935483872,0.12307692307692308,0.19718309859154928,0.13414634146341464,0.08695652173913043,0.08955223880597014,0.09859154929577464,0.2,0.05813953488372093,0.12941176470588237,0.14285714285714285,0.13636363636363635,0.12727272727272726,0.1171875,0.09009009009009009
Soho,Manhattan,neighborhood,0.11507936507936507,0.09051724137931035,0.10126582278481013,0.06177606177606178,0.10775862068965517,0.08487084870848709,0.11462450592885376,0.11688311688311688,0.1024390243902439,0.11797752808988764,0.10526315789473684,0.09090909090909091,0.08743169398907104,0.06432748538011696,0.0673076923076923,0.07,0.07009345794392523,0.10833333333333334,0.09352517985611511,0.12286689419795221,0.12149532710280374,0.15736040609137056,0.16417910447761194,0.1388888888888889,0.125,0.13270142180094788,0.1050228310502283,0.1291866028708134,0.10820895522388059,0.16139240506329114,0.10174418604651163,0.11784511784511785,0.10087719298245613,0.13513513513513514,0.10176991150442478,0.0707070707070707,0.10822510822510822,0.12408759124087591,0.18181818181818182,0.1357615894039735,0.14696485623003194,0.1513157894736842,0.13352272727272727,0.1907356948228883,0.19384615384615383,0.24834437086092714,0.15139442231075698,0.11274509803921569,0.1267605633802817,0.19047619047619047,0.15789473684210525,0.12313432835820895,0.1423948220064725,0.11612903225806452,0.13622291021671826,0.2125,0.23616236162361623,0.21739130434782608,0.14553990610328638,0.0979381443298969,0.13917525773195877,0.1187214611872146,0.13278008298755187,0.12773722627737227,0.16262975778546712,0.16666666666666666,0.09523809523809523,0.16613418530351437,0.12350597609561753,0.20833333333333334,0.16666666666666666,0.0811965811965812,0.13229571984435798,0.13654618473895583,0.15298507462686567,0.09836065573770492,0.150997150997151,0.16804407713498623,0.22432432432432434,0.24225352112676057,0.2389937106918239,0.22875816993464052,0.24825174825174826,0.1902834008097166,0.21454545454545454,0.17216117216117216,0.17350157728706625,0.1744186046511628,0.19395465994962216,0.15926892950391644,0.23759791122715404,0.2063953488372093,0.24358974358974358,0.254601226993865,0.2578397212543554,0.19008264462809918,0.1836734693877551,0.1825726141078838,0.1297709923664122,0.14186851211072665,0.12941176470588237,0.17777777777777778,0.16129032258064516,0.21337579617834396,0.2037735849056604,0.22362869198312235,0.19289340101522842,0.17341040462427745,0.14367816091954022,0.11173184357541899,0.18840579710144928,0.13278008298755187,0.13028169014084506,0.1510574018126888,0.16611295681063123,0.11026615969581749,0.17886178861788618,0.19130434782608696,0.15104166666666666,0.11612903225806452,0.125,0.11258278145695365,0.20149253731343283,0.21014492753623187,0.24149659863945577,0.27423167848699764,0.32033898305084746,0.32711621233859395,0.2937595129375951,0.24958402662229617,0.22486288848263253,0.13524590163934427,0.14435146443514643,0.1038961038961039,0.09234828496042216,0.07605633802816901,0.04276315789473684,0.05217391304347826,0.07881773399014778,0.07894736842105263,0.0915032679738562,0.11290322580645161,0.09322033898305085,0.058333333333333334,0.1016949152542373,0.06716417910447761,0.13740458015267176,0.061224489795918366,0.12021857923497267,0.13963963963963963,0.16055045871559634,0.20476190476190476,0.2275132275132275,0.16666666666666666,0.2159090909090909,0.1320754716981132,0.16417910447761194,0.1676300578034682,0.19318181818181818,0.09644670050761421,0.18771331058020477,0.1574074074074074,0.20743034055727555,0.22922636103151864,0.2027491408934708,0.2766798418972332,0.2288135593220339,0.1787709497206704,0.1708542713567839,0.10837438423645321,0.12755102040816327,0.14166666666666666,0.11231884057971014,0.16498316498316498,0.19881305637982197,0.18791946308724833,0.1891891891891892,0.22707423580786026,0.15469613259668508,0.11801242236024845,0.08187134502923976,0.1450381679389313,0.09740259740259741,0.09278350515463918,0.13191489361702127,0.12334801762114538,0.20948616600790515,0.22746781115879827,0.21081081081081082,0.1497005988023952,0.2426470588235294,0.10526315789473684,0.10218978102189781,0.0975609756097561,0.0958904109589041,0.06878306878306878,0.10138248847926268,0.1511627906976744,0.16194331983805668,0.16336633663366337
Soundview,Bronx,neighborhood,,,,,,,,,,,,,,,0.0,0.5,0.0,0.0,0.0,0.0,0.0,0.0,0.0,0.0,,,,,,0.0,0.0,0.0,0.5714285714285714,0.0,0.0,0.0,0.3333333333333333,0.0,0.0,,0.0,0.0,0.5,0.0,0.0,0.3333333333333333,0.0,0.0,0.0,0.0,0.0,0.0,0.0,0.0,0.0,0.0,0.0,0.0,0.0,0.0,0.08695652173913043,0.10344827586206896,0.02631578947368421,0.045454545454545456,0.0,0.0,0.06666666666666667,0.058823529411764705,0.0,0.0,0.09090909090909091,0.14285714285714285,0.1,0.05263157894736842,0.0,0.0,0.16666666666666666,0.0,0.07142857142857142,0.16666666666666666,0.0,0.15789473684210525,0.0,0.05,0.0,0.058823529411764705,0.16666666666666666,0.038461538461538464,0.13636363636363635,0.05,0.0,0.0,0.07142857142857142,0.0,0.1,0.1111111111111111,0.1,0.0,0.05555555555555555,0.17647058823529413,0.1111111111111111,0.0,0.23076923076923078,0.0625,0.14285714285714285,0.1111111111111111,0.15789473684210525,0.03571428571428571,0.0,0.26666666666666666,0.13636363636363635,0.13043478260869565,0.10526315789473684,0.26666666666666666,0.08333333333333333,0.08333333333333333,0.3,0.19047619047619047,0.10714285714285714,0.21052631578947367,0.06666666666666667,0.06666666666666667,0.07692307692307693,0.1,0.07692307692307693,0.0,0.14285714285714285,0.0,0.0625,0.08333333333333333,0.0,0.045454545454545456,0.14285714285714285,0.0,0.06666666666666667,0.09090909090909091,0.0,0.0,0.0,0.1,0.07692307692307693,0.06666666666666667,0.14285714285714285,0.0,0.047619047619047616,0.04,0.0,0.0,0.0,0.0,0.045454545454545456,0.0,0.0,0.14285714285714285,0.0,0.14285714285714285,0.0,0.045454545454545456,0.0625,0.08333333333333333,0.0,0.5,0.1875,0.09090909090909091,0.0,0.0,0.0,0.2,0.0,0.2,0.3333333333333333,0.0,0.058823529411764705,0.18181818181818182,0.0,0.0,0.0,0.1,0.2727272727272727,0.09090909090909091,0.0,0.0,0.0,0.0625,0.0,0.16666666666666666,0.2,0.0,0.23076923076923078,0.2857142857142857,0.2857142857142857,0.0,0.0,0.1,0.0,0.0,0.05,0.0,0.0,0.16666666666666666
South Jamaica,Queens,neighborhood,,,,,,,,,,,,,,,,,,,,,,,,,,,,,0.0,0.0,0.0,,,,,,,0.0,0.0,0.0,0.0,0.0,0.0,0.0,0.0,0.0,0.0,,0.0,0.0,0.0,0.0,0.0,0.0,,,,0.0,0.0,0.0,0.0,0.0,,0.0,0.0,,,,0.0,1.0,0.0,0.0,,0.0,0.0,,,0.0,,,,,0.0,0.0,1.0,0.0,1.0,,0.0,0.2,0.0,,0.0,0.0,0.0,,0.0,0.0,0.0,0.0,0.0,0.0,0.0,0.0,0.0,0.0,0.0,0.0,0.0,0.0,0.0,0.0,0.0,0.0,0.0,0.25,0.125,0.0,0.0,0.3333333333333333,0.25,0.25,0.0,0.0,0.0,0.0,0.0,0.0,,,0.5,0.16666666666666666,0.0,0.0,,,0.0,0.0,0.0,,0.2,0.0,0.0,0.0,0.0,0.2857142857142857,0.0,0.0,0.125,0.25,0.125,0.3333333333333333,0.0,0.125,0.18181818181818182,0.1,0.1111111111111111,0.0,0.0,0.1111111111111111,0.07142857142857142,0.2,0.0,0.25,0.14285714285714285,0.0,0.0,0.0,0.0,0.0,0.0,0.0,0.0,0.0,0.25,0.0,0.16666666666666666,0.0,0.0,0.3333333333333333,0.0,0.0,0.0,0.3333333333333333,0.0,0.16666666666666666,0.2222222222222222,0.2727272727272727,0.09090909090909091,0.3333333333333333,0.125,0.0,0.0,0.2,0.09090909090909091,0.0,0.0,0.0,0.0,0.0
South Ozone Park,Queens,neighborhood,,,,,0.0,0.0,0.0,,,,,,,,,,,,,,,,,,0.0,0.0,0.0,,,,0.0,0.0,,,,,,,,,,,0.0,0.0,0.0,0.0,0.0,0.0,0.0,0.0,0.0,0.3333333333333333,0.0,0.0,0.0,0.0,0.0,,,0.0,0.25,0.0,0.0,0.0,0.0,0.0,0.0,0.0,0.0,0.0,,,0.0,0.0,0.0,0.0,,,,,,,,,,0.0,0.0,0.0,0.0,0.0,0.0,0.0,0.0,0.0,0.0,1.0,0.0,0.0,0.0,0.0,0.0,0.25,0.0,0.0,,,0.0,0.0,0.0,,0.0,0.0,0.0,0.0,0.5,0.0,1.0,0.0,0.5,0.0,0.0,0.0,0.0,0.0,0.0,0.0,0.0,0.0,0.16666666666666666,0.0,0.0,0.0,0.0,0.0,0.5,0.0,0.0,0.0,0.3333333333333333,0.0,0.0,0.0,0.25,0.0,0.0,0.0,0.0,0.0,0.0,0.0,0.0,0.25,0.0,0.0,0.3333333333333333,0.0,0.0,0.2,0.14285714285714285,0.0,0.0,0.0,0.0,0.6666666666666666,0.2857142857142857,0.2727272727272727,0.125,0.25,0.16666666666666666,0.0,0.0,0.5,0.0,0.0,0.0,0.0,0.125,0.2,0.0,0.0,0.0,0.0,0.0,,,0.0,1.0,0.0,0.0,0.0,0.0,0.0,0.0,0.0,,0.0,0.0,0.0,0.0,0.0
South Richmond Hill,Queens,neighborhood,,,,,,,,,,0.0,0.0,0.0,0.0,0.0,0.0,0.0,0.0,0.0,0.0,0.0,,,,,0.0,1.0,,,,,0.0,0.0,0.0,0.0,0.0,0.0,,,,0.0,0.0,0.0,0.0,0.0,0.0,0.5,0.0,0.3333333333333333,0.0,0.0,0.0,0.0,0.2,0.0,0.0,0.0,,0.0,0.0,0.0,0.0,0.0,0.0,0.3333333333333333,0.0,0.0,0.0,,,0.0,0.0,0.0,0.14285714285714285,0.0,0.0,0.0,0.0,0.0,0.0,0.5,0.3333333333333333,0.6666666666666666,0.0,0.0,0.25,0.0,0.5,1.0,0.0,0.125,0.0,0.25,0.0,0.0,0.25,0.2,0.25,0.0,0.0,0.16666666666666666,0.0,0.0,0.4,0.4,0.3333333333333333,0.6666666666666666,0.0,0.0,0.25,0.0,0.0,0.16666666666666666,0.2,0.0,0.4,0.0,0.0,0.0,0.25,0.0,0.0,0.0,0.0,0.0,0.3333333333333333,0.0,0.25,0.0,0.0,0.25,0.2,0.25,0.14285714285714285,0.14285714285714285,0.5,0.2,0.0,0.0,0.0,0.5,0.0,0.0,0.4,0.0,0.0,0.1,0.0,0.14285714285714285,0.16666666666666666,0.25,0.0,0.0,0.25,0.0,0.5,0.125,0.0,0.125,0.4,0.0,0.0,0.0,0.0,0.0,0.0,0.0,0.0,0.14285714285714285,0.0,0.0,0.25,0.6666666666666666,0.3333333333333333,0.0,0.2,0.0,0.5,0.0,0.0,0.0,0.4,0.3333333333333333,0.0,0.0,0.0,0.5,0.0,0.0,0.3333333333333333,0.0,0.5,0.0,0.3333333333333333,0.0,0.0,0.0,0.0,0.0,0.0,0.3333333333333333
Springfield Gardens,Queens,neighborhood,,,,,,,,,,,,0.0,0.0,0.0,0.0,0.0,0.0,0.0,0.0,0.0,0.0,0.3333333333333333,0.5,0.25,0.0,0.0,,,,0.0,0.0,0.0,,,,,,,0.0,0.0,,,,,,,0.0,0.0,0.0,0.0,0.0,,,0.0,0.0,,,,,,0.0,,,,,,,,,,,,0.0,,,,,0.0,0.0,0.0,0.0,0.0,0.5,0.0,0.0,0.0,0.0,0.0,0.6666666666666666,0.0,0.0,0.0,0.3333333333333333,0.0,0.0,0.0,0.0,0.0,0.0,0.0,0.3333333333333333,0.3333333333333333,0.0,0.0,0.3333333333333333,0.0,0.2,0.25,0.0,0.3333333333333333,0.0,0.0,0.0,0.0,0.0,0.0,0.3333333333333333,0.0,0.0,0.3333333333333333,0.0,0.0,0.2,0.0,0.0,0.0,0.0,0.0,0.0,0.0,0.25,0.0,0.25,0.4,0.0,0.2,0.16666666666666666,0.0,0.0,0.0,0.0,0.25,0.0,0.0,0.0,,0.0,0.0,0.0,0.2,0.0,0.0,0.0,0.0,0.2,0.3333333333333333,0.14285714285714285,0.16666666666666666,0.0,0.16666666666666666,0.0,0.0,,0.0,0.0,0.0,0.0,0.125,0.0,0.1,0.125,0.375,0.1111111111111111,0.0,0.0,0.4,0.0,0.0,0.3333333333333333,0.2,0.0,0.2,0.0,0.0,0.2222222222222222,0.0,0.0,0.0,0.0,0.0,0.0,0.0,0.0,0.6666666666666666,0.0,0.0,0.0,0.0,0.0,0.0
St. Albans,Queens,neighborhood,,,,,,,,,,,,,,,,,0.0,0.0,0.0,0.0,,,,0.0,0.0,0.0,0.0,0.0,0.0,0.0,0.0,0.5,0.0,0.0,0.0,0.3333333333333333,0.0,0.0,0.0,0.0,0.0,,,0.0,0.0,0.5,0.0,,,0.0,0.0,1.0,0.25,0.25,0.0,0.0,0.3333333333333333,0.0,0.0,0.0,0.0,0.0,0.0,0.0,0.0,,0.0,0.0,0.0,0.0,0.0,0.0,0.0,0.125,0.0,0.0,0.0,0.0,0.0,0.0,0.0,0.0,0.2,0.0,0.0,0.0,0.0,0.16666666666666666,0.0,0.0,0.0,0.0,0.0,0.0,0.2857142857142857,0.25,,0.0,0.0,0.0,0.3333333333333333,0.5,0.0,0.0,0.0,0.2,0.0,0.2,0.3333333333333333,0.2,0.25,0.15384615384615385,0.2,0.0,0.0,0.25,0.5,0.0,0.0,0.0,0.0,0.2,0.0,0.0,0.0,0.0,0.0,,0.0,0.3333333333333333,0.0,0.3333333333333333,0.0,0.0,0.0,0.0,0.0,0.0,0.0,0.0,0.0,0.0,0.1,0.0,0.0,0.0,0.0,0.0,0.0,0.3333333333333333,0.14285714285714285,0.4,0.2727272727272727,0.0,0.2857142857142857,0.0,0.1,0.0,0.0,0.16666666666666666,0.0,0.1111111111111111,0.0,0.1111111111111111,0.2,0.14285714285714285,0.2,0.25,0.2,0.1,0.0,0.0,0.0,0.0,0.07692307692307693,0.14285714285714285,0.0,0.0,0.0,0.0,0.0,0.0,0.1111111111111111,0.16666666666666666,0.07142857142857142,0.0,0.2,0.25,,0.0,0.0,0.125,0.25,0.0,0.25,0.0,0.0,0.3333333333333333,0.14285714285714285,0.0
Staten Island,Staten Island,borough,0.42857142857142855,0.0,0.0,0.0,0.0,0.3333333333333333,0.0,0.0,0.3333333333333333,0.0,0.0,0.0,0.2,0.25,0.0,0.0,0.0,0.0,0.0,0.0,0.16666666666666666,0.0,0.0,0.0,0.0,0.0,0.0,0.0,0.2857142857142857,0.0,0.13333333333333333,0.7857142857142857,0.058823529411764705,0.14285714285714285,0.0,0.0,0.0,0.1111111111111111,0.09090909090909091,0.0,0.0,0.14705882352941177,0.1,0.1,0.3076923076923077,0.014705882352941176,0.0425531914893617,0.03508771929824561,0.0,0.0,0.03333333333333333,0.125,0.16666666666666666,0.16326530612244897,0.08620689655172414,0.11627906976744186,0.1,0.12962962962962962,0.08928571428571429,0.0847457627118644,0.039473684210526314,0.024390243902439025,0.06060606060606061,0.028037383177570093,0.009900990099009901,0.07575757575757576,0.06557377049180328,0.12121212121212122,0.11764705882352941,0.036585365853658534,0.05405405405405406,0.07142857142857142,0.04838709677419355,0.0625,0.07042253521126761,0.12345679012345678,0.13580246913580246,0.125,0.14666666666666667,0.052083333333333336,0.10101010101010101,0.11538461538461539,0.05,0.03,0.031578947368421054,0.042105263157894736,0.11607142857142858,0.0660377358490566,0.06451612903225806,0.12903225806451613,0.0898876404494382,0.1891891891891892,0.05660377358490566,0.0784313725490196,0.09333333333333334,0.012987012987012988,0.12903225806451613,0.0898876404494382,0.1,0.08450704225352113,0.06097560975609756,0.1125,0.09876543209876543,0.08045977011494253,0.07792207792207792,0.13402061855670103,0.11627906976744186,0.056818181818181816,0.14432989690721648,0.15625,0.17333333333333334,0.029850746268656716,0.125,0.17777777777777778,0.10714285714285714,0.18333333333333332,0.21739130434782608,0.1875,0.11666666666666667,0.125,0.10204081632653061,0.06,0.045454545454545456,0.08333333333333333,0.025,0.05555555555555555,0.08108108108108109,0.10526315789473684,0.16666666666666666,0.3142857142857143,0.3125,0.17647058823529413,0.17142857142857143,0.24444444444444444,0.14634146341463414,0.08333333333333333,0.11538461538461539,0.16666666666666666,0.14035087719298245,0.09259259259259259,0.05128205128205128,0.1346153846153846,0.16363636363636364,0.09803921568627451,0.07142857142857142,0.09259259259259259,0.13157894736842105,0.15151515151515152,0.07692307692307693,0.1,0.09523809523809523,0.21348314606741572,0.11235955056179775,0.1506849315068493,0.19318181818181818,0.09411764705882353,0.10869565217391304,0.12087912087912088,0.10784313725490197,0.1566265060240964,0.12121212121212122,0.1375,0.03333333333333333,0.10714285714285714,0.08196721311475409,0.2,0.08064516129032258,0.07547169811320754,0.13636363636363635,0.11363636363636363,0.1276595744680851,0.0,0.14285714285714285,0.13513513513513514,0.13725490196078433,0.037037037037037035,0.16981132075471697,0.03278688524590164,0.10204081632653061,0.037037037037037035,0.05263157894736842,0.0958904109589041,0.02702702702702703,0.01694915254237288,0.08695652173913043,0.09859154929577464,0.07936507936507936,0.07352941176470588,0.13432835820895522,0.09615384615384616,0.06779661016949153,0.0,0.23636363636363636,0.023255813953488372,0.11764705882352941,0.19607843137254902,0.0,0.08928571428571429,0.1,0.07692307692307693
Stuyvesant Town/PCV,Manhattan,neighborhood,0.0,0.0,0.2,0.0,0.0,0.0,0.0,0.3333333333333333,0.0,0.0,0.0,0.0,0.16666666666666666,0.26666666666666666,0.0,0.0,0.0,0.0,0.0,0.0,0.0,0.0,0.0,0.0,0.23809523809523808,0.3103448275862069,0.0,0.2,0.0,0.6923076923076923,0.0,0.05660377358490566,0.07228915662650602,0.26804123711340205,0.20270270270270271,0.4074074074074074,0.09722222222222222,0.022727272727272728,0.0,0.0,0.0,0.0,0.0,0.0,0.0,0.0,0.0,0.05128205128205128,0.0,0.003367003367003367,0.299412915851272,0.397108843537415,0.5217391304347826,0.02459016393442623,0.125,0.11940298507462686,0.16071428571428573,0.2549019607843137,0.5555555555555556,0.10526315789473684,0.24242424242424243,0.44,0.16666666666666666,0.2,0.39285714285714285,0.32362459546925565,0.39816933638443935,0.33668341708542715,0.42748091603053434,0.45664739884393063,0.5333333333333333,0.4444444444444444,0.3111111111111111,0.2222222222222222,0.4642857142857143,0.45614035087719296,0.4298245614035088,0.4962962962962963,0.39072847682119205,0.38016528925619836,0.6021505376344086,0.5844155844155844,0.30864197530864196,0.5617977528089888,0.3008849557522124,0.56,0.422680412371134,0.4326923076923077,0.4807692307692308,0.29914529914529914,0.24050632911392406,0.34782608695652173,0.4098360655737705,0.5542168674698795,0.5,0.17073170731707318,0.21176470588235294,0.21875,0.2713178294573643,0.30597014925373134,0.4857142857142857,0.671875,0.2835820895522388,0.8295454545454546,0.5051546391752577,0.5544554455445545,0.7763157894736842,0.16483516483516483,0.4857142857142857,0.4864864864864865,0.5178571428571429,0.5131578947368421,0.45,0.6119402985074627,0.5833333333333334,0.41379310344827586,0.5454545454545454,0.44,0.5,0.3333333333333333,0.42105263157894735,0.16666666666666666,0.5625,0.6666666666666666,0.6818181818181818,0.26229508196721313,0.5510204081632653,0.5454545454545454,0.6666666666666666,0.14285714285714285,0.30952380952380953,0.08108108108108109,0.0,0.3,0.0,0.631578947368421,0.030303030303030304,0.06,0.18518518518518517,0.24285714285714285,0.15555555555555556,0.45454545454545453,0.5777777777777777,0.35185185185185186,0.48484848484848486,0.6590909090909091,0.4,0.14705882352941177,0.30864197530864196,0.09900990099009901,0.3333333333333333,0.6140350877192983,0.6190476190476191,0.5135135135135135,0.36363636363636365,0.32,0.5576923076923077,0.4810126582278481,0.328125,0.038461538461538464,0.2463768115942029,0.4533333333333333,0.4125,0.43333333333333335,0.7073170731707317,0.46875,0.54,0.5161290322580645,0.6571428571428571,0.5333333333333333,0.4772727272727273,0.13157894736842105,0.26,0.3695652173913043,0.47540983606557374,0.6415094339622641,0.2558139534883721,0.56,0.4864864864864865,0.22641509433962265,0.33962264150943394,0.4222222222222222,0.24444444444444444,0.34782608695652173,0.3968253968253968,0.43661971830985913,0.33783783783783783,0.3548387096774194,0.5555555555555556,0.5901639344262295,0.576271186440678,0.2962962962962963,0.1746031746031746,0.39655172413793105,0.3469387755102041,0.22580645161290322,0.06818181818181818,0.4444444444444444,0.45,0.559322033898305
Sunnyside,Queens,neighborhood,0.0,0.0379746835443038,0.06756756756756757,0.06944444444444445,0.12,0.05084745762711865,0.08771929824561403,0.022222222222222223,0.0,0.05555555555555555,0.0,0.0,0.05405405405405406,0.10344827586206896,0.041666666666666664,0.05555555555555555,0.0,0.0,0.0392156862745098,0.037037037037037035,0.125,0.041666666666666664,0.05263157894736842,0.08333333333333333,0.058823529411764705,0.02702702702702703,0.06451612903225806,0.023255813953488372,0.0,0.10714285714285714,0.08,0.0,0.0,0.05714285714285714,0.0,0.19230769230769232,0.1,0.07692307692307693,0.1,0.10666666666666667,0.02857142857142857,0.04081632653061224,0.125,0.06,0.08888888888888889,0.07692307692307693,0.11688311688311688,0.125,0.08571428571428572,0.07526881720430108,0.11009174311926606,0.05217391304347826,0.125,0.08411214953271028,0.06993006993006994,0.10759493670886076,0.07909604519774012,0.09154929577464789,0.058333333333333334,0.08,0.040268456375838924,0.07236842105263158,0.07272727272727272,0.07575757575757576,0.04807692307692308,0.03626943005181347,0.1095890410958904,0.056338028169014086,0.10256410256410256,0.0859375,0.11711711711711711,0.136986301369863,0.11737089201877934,0.16908212560386474,0.19298245614035087,0.11627906976744186,0.09722222222222222,0.09433962264150944,0.15625,0.12903225806451613,0.1336206896551724,0.17180616740088106,0.2177121771217712,0.15918367346938775,0.15076923076923077,0.13428571428571429,0.12256267409470752,0.12462006079027356,0.11647727272727272,0.11294765840220386,0.15141955835962145,0.13333333333333333,0.19327731092436976,0.18439716312056736,0.1950207468879668,0.18454935622317598,0.15454545454545454,0.21694915254237288,0.17933130699088146,0.16167664670658682,0.13782051282051283,0.11702127659574468,0.11011904761904762,0.09597523219814241,0.16101694915254236,0.20066889632107024,0.1601423487544484,0.13857677902621723,0.12734082397003746,0.1519434628975265,0.15555555555555556,0.12074303405572756,0.12416107382550336,0.11077844311377245,0.16498316498316498,0.13541666666666666,0.17894736842105263,0.13011152416356878,0.15165876777251186,0.18023255813953487,0.16363636363636364,0.1366906474820144,0.1044776119402985,0.14942528735632185,0.281437125748503,0.213768115942029,0.21750663129973474,0.27488151658767773,0.29067245119305857,0.3064182194616977,0.24050632911392406,0.20865139949109415,0.2116788321167883,0.14014251781472684,0.24423963133640553,0.13566739606126915,0.11488250652741515,0.11602209944751381,0.11444141689373297,0.13120567375886524,0.09913793103448276,0.0967741935483871,0.11398963730569948,0.11538461538461539,0.10365853658536585,0.07272727272727272,0.09770114942528736,0.07258064516129033,0.008771929824561403,0.02830188679245283,0.019417475728155338,0.04878048780487805,0.08130081300813008,0.11029411764705882,0.1267605633802817,0.13445378151260504,0.17293233082706766,0.10526315789473684,0.11724137931034483,0.020202020202020204,0.10476190476190476,0.06481481481481481,0.05223880597014925,0.12931034482758622,0.08411214953271028,0.14383561643835616,0.1276595744680851,0.11711711711711711,0.12030075187969924,0.13333333333333333,0.1590909090909091,0.1111111111111111,0.10743801652892562,0.08264462809917356,0.11971830985915492,0.1347517730496454,0.1875,0.12418300653594772,0.1509433962264151,0.2047244094488189,0.14383561643835616,0.06557377049180328,0.1484375,0.13071895424836602,0.14093959731543623,0.09923664122137404,0.08737864077669903,0.11363636363636363,0.15873015873015872,0.10828025477707007,0.13414634146341464,0.1323529411764706,0.08843537414965986,0.05517241379310345,0.07142857142857142,0.09836065573770492,0.1092436974789916,0.112,0.11864406779661017,0.13157894736842105
Sunset Park,Brooklyn,neighborhood,0.0425531914893617,0.043478260869565216,0.06666666666666667,0.06818181818181818,0.04878048780487805,0.02857142857142857,0.027777777777777776,0.0,0.23076923076923078,0.10526315789473684,0.07142857142857142,0.0,0.058823529411764705,0.21428571428571427,0.047619047619047616,0.0,0.0,0.0,0.0,0.0,0.1,0.1,0.0,0.0,0.0,0.0,0.07142857142857142,0.125,0.1111111111111111,0.25,0.0,0.16666666666666666,0.0625,0.0,0.037037037037037035,0.05,0.0,0.0,0.0,0.23684210526315788,0.025,0.13333333333333333,0.1111111111111111,0.02040816326530612,0.07407407407407407,0.15,0.05555555555555555,0.0847457627118644,0.049586776859504134,0.04807692307692308,0.15584415584415584,0.13043478260869565,0.04597701149425287,0.15384615384615385,0.05263157894736842,0.0958904109589041,0.075,0.03409090909090909,0.18181818181818182,0.11666666666666667,0.14492753623188406,0.1686746987951807,0.15492957746478872,0.09836065573770492,0.1206896551724138,0.13953488372093023,0.0963855421686747,0.125,0.14666666666666667,0.18681318681318682,0.06944444444444445,0.09375,0.13924050632911392,0.17142857142857143,0.18556701030927836,0.17,0.1485148514851485,0.18867924528301888,0.24742268041237114,0.17708333333333334,0.1348314606741573,0.18,0.13,0.1797752808988764,0.13178294573643412,0.12096774193548387,0.21686746987951808,0.1656441717791411,0.16990291262135923,0.22009569377990432,0.04926108374384237,0.1357142857142857,0.19858156028368795,0.25316455696202533,0.16030534351145037,0.14782608695652175,0.23529411764705882,0.1349206349206349,0.1358695652173913,0.12857142857142856,0.12133891213389121,0.1282051282051282,0.10752688172043011,0.1568627450980392,0.21348314606741572,0.15178571428571427,0.12972972972972974,0.12307692307692308,0.11299435028248588,0.2,0.1511627906976744,0.11904761904761904,0.16666666666666666,0.14285714285714285,0.11764705882352941,0.12796208530805686,0.1927710843373494,0.12408759124087591,0.13380281690140844,0.16666666666666666,0.13432835820895522,0.16981132075471697,0.21367521367521367,0.2,0.1834862385321101,0.21374045801526717,0.23414634146341465,0.2542372881355932,0.21982758620689655,0.18181818181818182,0.2052401746724891,0.15346534653465346,0.21739130434782608,0.13903743315508021,0.1781609195402299,0.08421052631578947,0.15508021390374332,0.13333333333333333,0.13218390804597702,0.13,0.10588235294117647,0.15151515151515152,0.08280254777070063,0.11811023622047244,0.06666666666666667,0.07272727272727272,0.1271186440677966,0.06363636363636363,0.0970873786407767,0.0761904761904762,0.12844036697247707,0.11578947368421053,0.19090909090909092,0.14705882352941177,0.1978021978021978,0.13829787234042554,0.18811881188118812,0.18627450980392157,0.1554054054054054,0.11971830985915492,0.10743801652892562,0.17647058823529413,0.11403508771929824,0.13740458015267176,0.18691588785046728,0.19811320754716982,0.16379310344827586,0.1686746987951807,0.14583333333333334,0.10638297872340426,0.1978021978021978,0.20481927710843373,0.1111111111111111,0.14772727272727273,0.09565217391304348,0.125,0.1595744680851064,0.20618556701030927,0.26136363636363635,0.1724137931034483,0.18947368421052632,0.11627906976744186,0.07954545454545454,0.1509433962264151,0.1504424778761062,0.1111111111111111,0.16494845360824742,0.14414414414414414,0.2803738317757009,0.22123893805309736,0.2127659574468085,0.07608695652173914,0.1797752808988764,0.16494845360824742,0.18627450980392157,0.12149532710280374,0.1834862385321101,0.12745098039215685,0.14018691588785046,0.1111111111111111
Throgs Neck,Bronx,neighborhood,0.0,0.0,0.0,0.0,0.0,0.0,0.0,0.0,0.5,0.0,0.0,0.0,0.0,0.0,0.0,0.0,,,,,,0.0,1.0,0.0,0.3333333333333333,0.0,0.0,0.0,,0.0,0.0,0.0,0.0,0.0,0.0,,0.0,0.0,0.0,0.5,0.0,0.0,0.0,0.5,0.0,0.0,,,,0.0,0.3333333333333333,0.0,0.0,0.0,0.0,0.3333333333333333,0.0,0.5,0.0,0.0,0.5,0.0,0.0,0.14285714285714285,0.0,0.0,0.42857142857142855,0.36363636363636365,0.13333333333333333,0.21428571428571427,0.058823529411764705,0.0,0.2,0.0,0.0,0.3333333333333333,0.0,0.3333333333333333,0.14285714285714285,0.125,0.0,0.14285714285714285,0.08333333333333333,0.0,0.125,0.2,0.25,0.16666666666666666,0.16666666666666666,0.08333333333333333,0.0,0.0,0.0,0.25,0.25,0.07692307692307693,0.36363636363636365,0.07692307692307693,0.18181818181818182,0.0,0.0,0.0,0.14285714285714285,0.09090909090909091,0.09090909090909091,0.0625,0.047619047619047616,0.16666666666666666,0.16666666666666666,0.0,0.0,0.09090909090909091,0.0967741935483871,0.125,0.0,0.14285714285714285,0.23076923076923078,0.13333333333333333,0.17647058823529413,0.0,0.0,0.2,0.0,0.0,0.16666666666666666,0.08333333333333333,0.25,0.0,0.0,0.0,0.0,0.16666666666666666,0.0,0.1,0.0,0.0,0.0,0.25,0.09090909090909091,0.07692307692307693,0.16666666666666666,0.0625,0.0,0.09090909090909091,0.2,0.0,0.07692307692307693,0.0,0.1111111111111111,0.0,0.0,0.0,0.2,0.0,0.42857142857142855,0.21052631578947367,0.13333333333333333,0.06666666666666667,0.05555555555555555,0.0,0.16666666666666666,0.2,0.125,0.0,0.0,0.18181818181818182,0.07142857142857142,0.07692307692307693,0.15384615384615385,0.2857142857142857,0.1111111111111111,0.0,0.0,0.3333333333333333,0.16666666666666666,0.2,0.125,0.2857142857142857,0.09090909090909091,0.06666666666666667,0.0,0.13333333333333333,0.07692307692307693,0.06666666666666667,0.2222222222222222,0.0,0.0,0.3333333333333333,0.16666666666666666,0.1111111111111111,0.0,0.0,0.1,0.07692307692307693,0.0,0.18181818181818182,0.0,0.1,0.07692307692307693,0.0
Tremont,Bronx,neighborhood,,,,,,,,,,,,,,,,,,0.0,0.0,,,,,,,,,,,0.0,0.0,,,0.0,0.0,0.5,0.0,0.0,0.5,0.0,0.0,0.0,0.0,0.6666666666666666,0.0,0.0,0.6666666666666666,0.75,0.4,0.0,0.0,0.5,0.0,0.0,0.0,0.0,0.07692307692307693,0.0,0.2,0.0,0.2,0.0,0.0,0.1724137931034483,0.28,0.125,0.16666666666666666,0.06451612903225806,0.038461538461538464,0.023809523809523808,0.11428571428571428,0.05128205128205128,0.05555555555555555,0.14285714285714285,0.06666666666666667,0.04,0.037037037037037035,0.08695652173913043,0.16666666666666666,0.06896551724137931,0.0,0.04,0.08,0.0,0.06451612903225806,0.0,0.0,0.034482758620689655,0.029411764705882353,0.0,0.16666666666666666,0.13333333333333333,0.2222222222222222,0.36666666666666664,0.15384615384615385,0.06666666666666667,0.0,0.0,0.15,0.058823529411764705,0.07142857142857142,0.0,0.0,0.030303030303030304,0.11538461538461539,0.17647058823529413,0.23684210526315788,0.16666666666666666,0.22727272727272727,0.12903225806451613,0.10714285714285714,0.0625,0.041666666666666664,0.10810810810810811,0.09433962264150944,0.13636363636363635,0.1891891891891892,0.17647058823529413,0.16666666666666666,0.25,0.0,0.0,0.2857142857142857,0.0,0.05263157894736842,0.17647058823529413,0.0,0.2222222222222222,0.06666666666666667,0.2,0.0625,0.25,0.08,0.06818181818181818,0.06896551724137931,0.16666666666666666,0.0,0.0625,0.058823529411764705,0.12,0.05714285714285714,0.06451612903225806,0.15625,0.11428571428571428,0.06896551724137931,0.045454545454545456,0.25,0.047619047619047616,0.07407407407407407,0.044444444444444446,0.0,0.044444444444444446,0.0,0.0,0.044444444444444446,0.06896551724137931,0.05,0.037037037037037035,0.0,0.05,0.09090909090909091,0.08333333333333333,0.0,0.045454545454545456,0.0,0.19230769230769232,0.0,0.0,0.0,0.0,0.0,0.05,0.16666666666666666,0.09090909090909091,0.0,0.0,0.10526315789473684,0.0,0.0,0.0,0.10526315789473684,0.0,0.10526315789473684,0.0625,0.041666666666666664,0.0,0.0,0.0,0.0,0.0,0.08695652173913043,0.0,0.0,0.0,0.05555555555555555,0.0,0.0,0.0,0.2631578947368421,0.1111111111111111
Tribeca,Manhattan,neighborhood,0.1641025641025641,0.08542713567839195,0.09777777777777778,0.08641975308641975,0.11290322580645161,0.12389380530973451,0.13170731707317074,0.14720812182741116,0.1693121693121693,0.13095238095238096,0.0945945945945946,0.11940298507462686,0.15483870967741936,0.10843373493975904,0.14772727272727273,0.10989010989010989,0.10101010101010101,0.11739130434782609,0.12162162162162163,0.10080645161290322,0.11587982832618025,0.12096774193548387,0.1792452830188679,0.1043956043956044,0.1542056074766355,0.1152073732718894,0.16115702479338842,0.12,0.11857707509881422,0.09583333333333334,0.15283842794759825,0.09130434782608696,0.18340611353711792,0.18487394957983194,0.13829787234042554,0.07608695652173914,0.09313725490196079,0.12831858407079647,0.13545816733067728,0.11654135338345864,0.11726384364820847,0.12758620689655173,0.13442622950819672,0.14705882352941177,0.13496932515337423,0.17777777777777778,0.15202702702702703,0.10116731517509728,0.12681159420289856,0.09540636042402827,0.08870967741935484,0.09919571045576407,0.11815561959654179,0.1048158640226629,0.1536231884057971,0.09667673716012085,0.16358024691358025,0.17114093959731544,0.17959183673469387,0.13414634146341464,0.2178988326848249,0.13145539906103287,0.09540636042402827,0.13486842105263158,0.19435736677115986,0.14465408805031446,0.20699708454810495,0.1766304347826087,0.17666666666666667,0.255663430420712,0.16785714285714284,0.16793893129770993,0.13740458015267176,0.17543859649122806,0.18770226537216828,0.20728291316526612,0.2103960396039604,0.2565947242206235,0.2553191489361702,0.25060827250608275,0.24455205811138014,0.28717948717948716,0.23857868020304568,0.13953488372093023,0.1905940594059406,0.17274939172749393,0.1746031746031746,0.18518518518518517,0.14432989690721648,0.200836820083682,0.17401960784313725,0.16953316953316952,0.24764150943396226,0.30339805825242716,0.3123425692695214,0.17391304347826086,0.19881305637982197,0.17080745341614906,0.13707165109034267,0.1414790996784566,0.2154696132596685,0.18128654970760233,0.18452380952380953,0.16964285714285715,0.18835616438356165,0.24452554744525548,0.20599250936329588,0.16444444444444445,0.17562724014336917,0.125,0.15807560137457044,0.17280453257790368,0.10669456066945607,0.2012847965738758,0.1928020565552699,0.13896457765667575,0.15593220338983052,0.21686746987951808,0.17869415807560138,0.1245136186770428,0.16233766233766234,0.13011152416356878,0.21561338289962825,0.2222222222222222,0.2010443864229765,0.22393822393822393,0.27245949926362295,0.24858757062146894,0.2614795918367347,0.27474150664697194,0.1768595041322314,0.15978456014362658,0.11985688729874776,0.12133072407045009,0.11991434689507495,0.0575,0.028481012658227847,0.027303754266211604,0.10121457489878542,0.09137055837563451,0.07246376811594203,0.13157894736842105,0.15441176470588236,0.1271186440677966,0.1925925925925926,0.06875,0.09876543209876543,0.09333333333333334,0.13089005235602094,0.0954356846473029,0.18473895582329317,0.19591836734693877,0.25296442687747034,0.2140077821011673,0.24,0.20346320346320346,0.21862348178137653,0.12334801762114538,0.20081967213114754,0.13059701492537312,0.16467065868263472,0.20615384615384616,0.21766561514195584,0.22741433021806853,0.2698961937716263,0.24642857142857144,0.17857142857142858,0.17194570135746606,0.20675105485232068,0.17647058823529413,0.11507936507936507,0.0990990990990991,0.21551724137931033,0.12831858407079647,0.1776061776061776,0.21031746031746032,0.17903930131004367,0.27403846153846156,0.15897435897435896,0.13471502590673576,0.17061611374407584,0.2094240837696335,0.12690355329949238,0.08878504672897196,0.14634146341463414,0.09482758620689655,0.225,0.212,0.15254237288135594,0.18292682926829268,0.21973094170403587,0.14285714285714285,0.23557692307692307,0.19889502762430938,0.21568627450980393,0.15121951219512195,0.17289719626168223,0.19123505976095617,0.17472118959107807,0.19029850746268656
University Heights,Bronx,neighborhood,0.0,0.0,0.0,0.0,0.0,0.0,0.0,,,,,0.0,0.0,0.0,1.0,,0.0,0.2222222222222222,0.23076923076923078,0.3333333333333333,0.06666666666666667,0.23529411764705882,0.16666666666666666,0.0,0.0,0.0,0.07692307692307693,0.15384615384615385,0.0,0.1111111111111111,0.0,0.1111111111111111,0.38095238095238093,0.25,0.21428571428571427,0.07692307692307693,0.3333333333333333,0.42857142857142855,0.0625,0.3333333333333333,0.38461538461538464,0.25,0.26666666666666666,0.0,0.06666666666666667,0.07142857142857142,0.21428571428571427,0.25,0.35294117647058826,0.17647058823529413,0.18181818181818182,0.0,0.0,0.0,0.0,0.0,0.0,0.0,0.045454545454545456,0.0,0.0,0.03571428571428571,0.0,0.024390243902439025,0.02702702702702703,0.05,0.0,0.043478260869565216,0.0,0.0,0.0,0.045454545454545456,0.0625,0.0,0.0,0.13333333333333333,0.0967741935483871,0.125,0.07142857142857142,0.16666666666666666,0.14285714285714285,0.0,0.0625,0.06896551724137931,0.1388888888888889,0.17391304347826086,0.0,0.037037037037037035,0.13333333333333333,0.03125,0.029411764705882353,0.0,0.2222222222222222,0.10526315789473684,0.11538461538461539,0.03225806451612903,0.15384615384615385,0.2608695652173913,0.03333333333333333,0.16666666666666666,0.0,0.125,0.17391304347826086,0.08,0.1875,0.14705882352941177,0.15,0.09375,0.12121212121212122,0.10526315789473684,0.02631578947368421,0.08823529411764706,0.08333333333333333,0.21621621621621623,0.09302325581395349,0.0967741935483871,0.0967741935483871,0.0625,0.11363636363636363,0.15384615384615385,0.07142857142857142,0.0,0.09090909090909091,0.0,0.08695652173913043,0.0,0.0,0.06896551724137931,0.08333333333333333,0.12,0.0,0.08695652173913043,0.125,0.0967741935483871,0.02857142857142857,0.075,0.10714285714285714,0.034482758620689655,0.08108108108108109,0.0,0.07692307692307693,0.14285714285714285,0.09090909090909091,0.07692307692307693,0.05555555555555555,0.0,0.05128205128205128,0.09090909090909091,0.03225806451612903,0.10526315789473684,0.05263157894736842,0.02564102564102564,0.027777777777777776,0.15151515151515152,0.06666666666666667,0.06060606060606061,0.11363636363636363,0.21212121212121213,0.10526315789473684,0.18181818181818182,0.06666666666666667,0.045454545454545456,0.1724137931034483,0.14705882352941177,0.06666666666666667,0.18181818181818182,0.09523809523809523,0.10714285714285714,0.12121212121212122,0.26666666666666666,0.09523809523809523,0.037037037037037035,0.0,0.058823529411764705,0.2222222222222222,0.16666666666666666,0.08333333333333333,0.03225806451612903,0.1388888888888889,0.0,0.0,0.09090909090909091,0.07894736842105263,0.0,0.03333333333333333,0.03125,0.125,0.08,0.03571428571428571,0.05714285714285714,0.125,0.043478260869565216,0.045454545454545456,0.047619047619047616,0.0,0.0,0.0,0.05,0.1111111111111111,0.13333333333333333
Upper East Side,Manhattan,neighborhood,0.143930407275603,0.12447658926532167,0.12914285714285714,0.11555377848860456,0.10825383658233098,0.11034746086292478,0.11645173896053146,0.09329674637397099,0.1343351548269581,0.13820078226857888,0.13470115967885815,0.10934227063259322,0.1013179571663921,0.08854625550660793,0.10259433962264151,0.10206663854913539,0.1102629346904156,0.11612638489946656,0.12346185397867104,0.12947882736156352,0.13367252543940797,0.15150048402710553,0.141091658084449,0.13026819923371646,0.1575,0.1577079107505071,0.142152466367713,0.13830715532286214,0.123109243697479,0.12592304702681695,0.1437103396789847,0.15343714394227118,0.1751336898395722,0.17868480725623584,0.1534466477809254,0.1364562118126273,0.14095500459136823,0.13011335633316906,0.1462432915921288,0.15275590551181104,0.13164745258460395,0.13077207240487626,0.14822200066467264,0.1404776869893149,0.18185117967332123,0.19307770614183917,0.18794194268701153,0.17548638132295719,0.15478389360916142,0.1419308357348703,0.14695467422096317,0.13251748251748252,0.1268262356232515,0.14540896270761516,0.1588812853317465,0.161969650046454,0.17757306226175348,0.18307020490426604,0.17413856984068174,0.15218261914297157,0.13202565069784986,0.12653708845696152,0.13810024535576587,0.11609233857477418,0.10483364720652856,0.12448377581120944,0.14583333333333334,0.1518340348767288,0.16379590510237244,0.1978643216080402,0.19438810006761326,0.17753486618921976,0.17452498240675582,0.16134628730048578,0.16003758221108674,0.16746268656716418,0.14982484505524118,0.17038895859473024,0.20976090707419276,0.23179791976225855,0.26602819898909286,0.23573200992555832,0.20347467608951708,0.18170061429033302,0.18870772946859904,0.15531508593252705,0.170955338657202,0.15400532072125334,0.15487674169346194,0.18910664291168236,0.18833727344365642,0.21779044001266223,0.23018743834265046,0.26751188589540414,0.25497035228461806,0.19134577213179832,0.2017385005432814,0.17378388414407725,0.17692307692307693,0.14771976206212822,0.13622480146609653,0.16341392368191088,0.1737619461337967,0.19566508313539194,0.19450243562978428,0.24430078257910853,0.2276019824628288,0.173568281938326,0.15826158261582615,0.1444991789819376,0.16258677383997078,0.13919784293899562,0.1488489435509303,0.14477468839884947,0.15476555317192767,0.17944425845329762,0.19149736644093304,0.2165709598031173,0.19893771125060358,0.16878804648588822,0.12423625254582485,0.12400455062571103,0.14050091631032377,0.16315431679129844,0.23233532934131737,0.26246648793565686,0.3507201245620864,0.3953327571305099,0.3058425063505504,0.2667321224022255,0.2627646326276463,0.22427543279517603,0.17056030389363722,0.14876206462442298,0.1489994055874777,0.1326530612244898,0.10678506375227687,0.1242067089755213,0.10350665054413542,0.12453048251950304,0.11762437331276514,0.1360863444392304,0.1378504672897196,0.10955882352941176,0.09454545454545454,0.13287250384024576,0.12996632996632998,0.11833952912019827,0.11935483870967742,0.13749454386730686,0.15643648763853368,0.19189412737799835,0.2183288409703504,0.29220468675274985,0.2642436149312377,0.19084821428571427,0.19403739262253664,0.15384615384615385,0.16586666666666666,0.13745704467353953,0.14220752377015294,0.16629044394281414,0.2018188177684505,0.2025701724721001,0.2444270629644114,0.27386541471048514,0.25167336010709507,0.18842805939580134,0.18586640851887706,0.14515292897874546,0.13582778062532036,0.13403041825095058,0.12029424491562095,0.14351272423863162,0.18825194621372965,0.24377745241581258,0.2222222222222222,0.2302839116719243,0.19778393351800555,0.19177215189873417,0.14338919925512103,0.11095796002756719,0.11405166981726528,0.10790190735694823,0.11554720526068576,0.1264262893655865,0.19672131147540983,0.20359848484848486,0.20198511166253103,0.24014909478168264,0.20333547145606157,0.1379066478076379,0.157001414427157,0.12316715542521994,0.12642986152919927,0.10316040548598689,0.10102156640181612,0.13641025641025642,0.16154221571498292,0.1779884149552396
Upper West Side,Manhattan,neighborhood,0.12032212221695879,0.1350210970464135,0.12677935943060498,0.09920800333472281,0.1390960947784116,0.10428931875525652,0.09161349134001823,0.11385099685204617,0.11666666666666667,0.1449906658369633,0.14395393474088292,0.1152073732718894,0.11764705882352941,0.12459230267449445,0.11459589867310012,0.08816425120772947,0.11917960088691797,0.0965965965965966,0.1167953667953668,0.13452492944496708,0.1400916963830871,0.1470446900528592,0.16840882694541232,0.1371818746120422,0.16404886561954624,0.1824696802646086,0.1545219638242894,0.15961244263131055,0.1276595744680851,0.13370593293207222,0.15226876090750435,0.1407725321888412,0.16482965931863727,0.18013734812466983,0.1643265730629225,0.11401557285873193,0.13924050632911392,0.12473460721868365,0.14485081809432146,0.15557595227168425,0.12003491924923614,0.14291808873720135,0.1685621445978879,0.16978776529338327,0.1696127946127946,0.25123762376237624,0.227068345323741,0.23855932203389832,0.23476394849785406,0.1941376380628717,0.19632881085395051,0.17020408163265305,0.14824304538799415,0.17647058823529413,0.1998152709359606,0.18954030646235842,0.22842261904761904,0.2254018032144257,0.21838074398249452,0.20100502512562815,0.195392842451666,0.15477734543882404,0.16799091940976163,0.15983026874115983,0.16666666666666666,0.17800729040097205,0.18825561312607944,0.19794584500466852,0.22242056408425562,0.2600375234521576,0.26049382716049385,0.23951847239518473,0.21607431340872374,0.2140266021765417,0.19556224144415194,0.18389955686853768,0.2089108910891089,0.21549421193232413,0.21858562244301577,0.2525568181818182,0.2680215941568752,0.2763504611330698,0.2886884108258154,0.1893112532931878,0.24568965517241378,0.24053452115812918,0.21730382293762576,0.2211858760826116,0.21740387395200925,0.25508267823258335,0.2363032650802435,0.2877604166666667,0.31620271234832265,0.31590181430096054,0.3057228915662651,0.2588134135855546,0.26005466614603673,0.24815119145439607,0.24160811865729898,0.19788629737609328,0.21038344078724125,0.2231675392670157,0.2188895979578813,0.24422651059791206,0.270392749244713,0.2919230769230769,0.27593628928110203,0.26761951700345,0.26424632352941174,0.23645320197044334,0.20407218880148079,0.18908465835840138,0.18805738658394727,0.2221018418201517,0.19806094182825484,0.2342242019302153,0.23826553419758606,0.27958015267175573,0.2719017094017094,0.23983739837398374,0.24248813916710596,0.22417707150964813,0.2430806257521059,0.2782874617737003,0.32950631458094143,0.32620041753653445,0.36551040634291376,0.40515653775322286,0.3628676470588235,0.33219424460431657,0.30411412032251395,0.21688370004490345,0.20602327173169063,0.2170316301703163,0.17884192523821157,0.16137636703120833,0.15400173360300493,0.14662576687116563,0.12588116817724068,0.15387788778877887,0.16130820399113083,0.20421607378129117,0.2079207920792079,0.22334172963895885,0.23312401883830455,0.22396241190289742,0.23870532703978423,0.1895551257253385,0.15496227510156704,0.16913643331630046,0.1805283757338552,0.23219512195121952,0.2876200640341515,0.3607305936073059,0.32375822860562536,0.2695822454308094,0.28579743888242143,0.22882882882882882,0.233278955954323,0.16833333333333333,0.1710465652374366,0.2277475971583786,0.22411003236245955,0.2828489562013917,0.29375591296121095,0.3607108549471662,0.31763474620617477,0.24492234169653523,0.23259762308998302,0.2197867298578199,0.19101796407185628,0.15984072810011377,0.18321678321678322,0.1982646420824295,0.18343434343434342,0.2604693971468017,0.2989269289729177,0.3,0.21924083769633507,0.2290249433106576,0.20285908781484002,0.21803977272727273,0.17516339869281045,0.17495611468695144,0.17515274949083504,0.18636151331153666,0.1994645247657296,0.24670249145090375,0.2903225806451613,0.2894736842105263,0.2665706051873199,0.2197891321978913,0.1882716049382716,0.22070626003210272,0.1784037558685446,0.18406759203379602,0.1447587354409318,0.1683698296836983,0.18335684062059238,0.2242798353909465
Utopia,Queens,neighborhood,,,,,0.0,0.0,,,1.0,0.0,,,,,,0.0,0.0,0.0,0.0,0.0,0.0,0.0,0.0,0.0,0.0,0.0,0.0,0.0,0.0,0.0,0.0,0.0,0.0,0.0,0.0,0.0,0.0,0.0,0.0,0.0,0.0,0.0,0.0,0.0,0.0,0.0,0.0,0.0,0.0,0.0,0.0,0.0,0.0,0.0,0.0,0.0,0.0,0.0,0.0,0.0,0.0,0.0,0.0,0.0,0.0,,0.0,0.0,0.0,0.0,0.0,0.0,0.0,0.0,0.0,0.0,0.5,0.5,0.0,,,,,,0.0,,,,,,,0.0,1.0,0.0,0.0,1.0,,,,,,,0.0,0.0,0.5,0.0,0.0,,,0.0,0.0,0.0,0.0,,,0.0,,,,,,,,,,,,,,0.0,0.0,0.0,,,,,0.0,,,,,,,,,,0.0,0.0,0.0,,,0.0,0.0,,0.0,0.0,0.0,1.0,0.0,1.0,1.0,,,0.5,0.0,0.5,0.0,0.0,0.0,0.0,,,,,,0.0,0.5,,,,,,,,0.0,0.0,,,0.5,0.0,,0.0,0.0,0.0,,,0.0,0.5,0.0,0.0
Van Nest,Bronx,neighborhood,,,0.0,1.0,,0.0,0.0,1.0,0.0,0.0,0.0,0.0,0.0,0.0,0.0,,,0.0,0.0,0.0,0.0,1.0,0.0,0.0,0.0,,,,,,,,,,,,,,,,1.0,0.0,,,,,0.0,0.0,,,,,,,,0.0,0.0,0.0,0.5,0.3333333333333333,0.0,0.0,0.0,0.0,0.2,0.0,0.0,0.0,0.16666666666666666,0.0,0.0,0.0,0.0,0.6,0.0,0.0,0.0,0.1111111111111111,0.0,0.0,0.0,0.09090909090909091,0.1,0.0,0.0,0.0,0.07692307692307693,0.21428571428571427,0.0,0.0,0.25,0.0,0.25,0.0,0.0,0.14285714285714285,0.09090909090909091,0.0,0.0,0.0,0.0,0.0,0.0,0.0,0.16666666666666666,0.0,0.2,0.08333333333333333,0.0,0.0,0.2857142857142857,0.0,0.0,0.0,0.0,0.0,0.0,0.0,0.0,0.14285714285714285,0.0,0.0,,,0.0,0.3333333333333333,0.0,0.0,0.3333333333333333,0.0,0.0,0.3333333333333333,0.0,0.0,0.0,0.0,0.0,0.0,0.2,0.0,0.0,0.0,0.0,0.2,0.0,0.1111111111111111,0.0,0.0,0.14285714285714285,0.0,0.3333333333333333,0.0,0.0,0.0,0.3333333333333333,0.25,0.0,0.0,0.5,0.0,0.0,0.4,0.2,0.2,0.25,0.3333333333333333,0.0,0.0,0.0,0.6,0.0,0.0,,0.0,0.0,0.0,0.0,0.5,0.0,0.0,0.0,0.0,0.0,0.3333333333333333,0.0,0.0,0.0,0.5,0.0,0.0,0.0,0.2,0.0,0.0,0.0,0.5,0.0,0.0,0.5,0.16666666666666666
Wakefield,Bronx,neighborhood,,,,,,,,,,,,,,,0.0,0.0,0.0,1.0,0.0,0.0,0.0,0.0,0.3333333333333333,0.0,0.0,0.0,0.3333333333333333,0.0,0.5,0.0,0.0,0.0,0.0,0.0,0.0,0.0,0.0,0.0,0.0,0.0,0.0,0.0,0.0,,0.0,0.3333333333333333,0.14285714285714285,0.0,0.0,0.0,0.0,0.0,0.0,0.0,0.0,0.0,0.2727272727272727,0.0,0.0,0.0,0.029411764705882353,0.0,0.0,0.043478260869565216,0.0,0.02857142857142857,0.05714285714285714,0.047619047619047616,0.0,0.14285714285714285,0.0,0.125,0.0,0.05263157894736842,0.038461538461538464,0.0,0.047619047619047616,0.05,0.0,0.0,0.0,0.04,0.09523809523809523,0.0,0.0625,0.08333333333333333,0.0,0.058823529411764705,0.0625,0.15384615384615385,0.0,0.0,0.0,0.0,0.0,0.0,0.0,0.2,0.0,0.25,0.08333333333333333,0.12,0.0,0.0,0.14285714285714285,0.07692307692307693,0.14285714285714285,0.17647058823529413,0.2727272727272727,0.2692307692307692,0.047619047619047616,0.0,0.0,0.0625,0.2777777777777778,0.25,0.2222222222222222,0.0,0.0,0.0,0.0,0.38461538461538464,0.375,0.0,0.125,0.0,0.25,0.0,0.0,0.3333333333333333,0.375,0.0,0.21428571428571427,0.16666666666666666,0.14285714285714285,0.0,0.0,0.125,0.14285714285714285,0.16666666666666666,0.0,0.15,0.125,0.0,0.0,0.18181818181818182,0.0,0.16666666666666666,0.0,0.0,0.11764705882352941,0.1111111111111111,0.0,0.0,0.23076923076923078,0.125,0.05555555555555555,0.16,0.15,0.0,0.08333333333333333,0.0,0.0,0.0,0.0,0.0,0.16666666666666666,0.0,0.0,0.3333333333333333,0.0,0.0,0.2857142857142857,0.0,0.09090909090909091,0.08333333333333333,0.0,0.0,0.0,0.0,0.125,0.0,0.1,0.0,0.09090909090909091,0.07692307692307693,0.1111111111111111,0.0,0.1111111111111111,0.0,0.1111111111111111,0.0,0.0,0.0,0.2,0.0,0.0,0.2,0.1,0.0
Washington Heights,Manhattan,neighborhood,0.08695652173913043,0.08666666666666667,0.10067114093959731,0.015873015873015872,0.07563025210084033,0.14615384615384616,0.09166666666666666,0.07368421052631578,0.09210526315789473,0.15384615384615385,0.12,0.13592233009708737,0.17796610169491525,0.10344827586206896,0.1111111111111111,0.11570247933884298,0.11038961038961038,0.0896551724137931,0.08208955223880597,0.0743801652892562,0.08653846153846154,0.09615384615384616,0.09482758620689655,0.07534246575342465,0.049079754601226995,0.1069182389937107,0.14012738853503184,0.09714285714285714,0.06341463414634146,0.11483253588516747,0.11439114391143912,0.07641196013289037,0.14516129032258066,0.1865079365079365,0.1575091575091575,0.09836065573770492,0.1423948220064725,0.0749185667752443,0.054878048780487805,0.09473684210526316,0.09925558312655088,0.1444141689373297,0.08635097493036212,0.12612612612612611,0.12274368231046931,0.189873417721519,0.11464968152866242,0.13333333333333333,0.11931818181818182,0.12034383954154727,0.14435695538057744,0.09921671018276762,0.11764705882352941,0.13876651982378854,0.11586452762923351,0.11969111969111969,0.21641791044776118,0.12424242424242424,0.18740157480314962,0.15535444947209653,0.15774647887323945,0.15644171779141106,0.11064425770308123,0.11206896551724138,0.08955223880597014,0.10391566265060241,0.07183098591549296,0.1168,0.13957307060755336,0.21932515337423314,0.1767515923566879,0.1264957264957265,0.16489361702127658,0.1588628762541806,0.1254180602006689,0.0848,0.12368024132730016,0.13924050632911392,0.1461187214611872,0.16595289079229122,0.17532467532467533,0.17482517482517482,0.13027744270205066,0.1320754716981132,0.15021929824561403,0.14966740576496673,0.15550510783200908,0.12363636363636364,0.14551083591331268,0.12396694214876033,0.13730803974706413,0.20694444444444443,0.15865384615384615,0.21449704142011836,0.2331288343558282,0.1921768707482993,0.16586151368760063,0.16828478964401294,0.15308988764044945,0.13146853146853146,0.13793103448275862,0.13970588235294118,0.1341330425299891,0.15343915343915343,0.1658354114713217,0.20618556701030927,0.20072992700729927,0.11607142857142858,0.19915848527349228,0.15648286140089418,0.13380281690140844,0.09431345353675451,0.11879895561357702,0.13938618925831203,0.11176470588235295,0.13374233128834356,0.1939218523878437,0.1951219512195122,0.16561514195583596,0.14587332053742802,0.13052208835341367,0.16995073891625614,0.10569105691056911,0.09473684210526316,0.15250544662309368,0.17664670658682635,0.20643729189789123,0.25502742230347347,0.2534562211981567,0.24187725631768953,0.1843220338983051,0.1206896551724138,0.13679245283018868,0.1530120481927711,0.10289017341040463,0.09619952494061758,0.1351039260969977,0.10845771144278607,0.1310272536687631,0.14073339940535184,0.1168122270742358,0.12410501193317422,0.10843373493975904,0.06146926536731634,0.0880597014925373,0.09105180533751962,0.08671328671328671,0.05872193436960276,0.07692307692307693,0.05950413223140496,0.06782608695652174,0.10456273764258556,0.12147505422993492,0.13596491228070176,0.14918414918414918,0.08591885441527446,0.0851063829787234,0.09798994974874371,0.14350797266514806,0.08557457212713937,0.07966457023060797,0.12078152753108348,0.12227805695142378,0.13983739837398373,0.16314779270633398,0.16981132075471697,0.14343434343434344,0.09956709956709957,0.11777301927194861,0.10224438902743142,0.11025641025641025,0.09375,0.07258064516129033,0.10526315789473684,0.10732538330494037,0.14211438474870017,0.16153846153846155,0.12883435582822086,0.15384615384615385,0.10810810810810811,0.07291666666666667,0.09719222462203024,0.11312217194570136,0.09178743961352658,0.08368200836820083,0.07643312101910828,0.08565737051792828,0.16973415132924335,0.15486725663716813,0.13488372093023257,0.07329842931937172,0.07329842931937172,0.1337719298245614,0.08866995073891626,0.07352941176470588,0.0783289817232376,0.04239401496259352,0.06971153846153846,0.08333333333333333,0.0962566844919786
West Harlem,Manhattan,neighborhood,0.0,0.0,0.0,0.0,0.16666666666666666,0.0,0.0,0.0,0.16666666666666666,0.0,0.2,0.0,0.0,0.1,0.037037037037037035,0.043478260869565216,0.3103448275862069,0.0,0.0,0.4444444444444444,0.1,0.21428571428571427,0.0,0.0625,0.15789473684210525,0.07692307692307693,0.0,0.1111111111111111,0.125,0.19047619047619047,0.09090909090909091,0.2631578947368421,0.1875,0.09090909090909091,0.15789473684210525,0.08695652173913043,0.15384615384615385,0.06451612903225806,0.1,0.02564102564102564,0.04878048780487805,0.2033898305084746,0.0625,0.07317073170731707,0.08108108108108109,0.13953488372093023,0.15,0.23529411764705882,0.09090909090909091,0.22727272727272727,0.13953488372093023,0.09375,0.06666666666666667,0.14545454545454545,0.1232876712328767,0.05405405405405406,0.2978723404255319,0.2711864406779661,0.21311475409836064,0.06521739130434782,0.13333333333333333,0.1388888888888889,0.1095890410958904,0.07792207792207792,0.04225352112676056,0.16129032258064516,0.11363636363636363,0.10204081632653061,0.10144927536231885,0.14035087719298245,0.1206896551724138,0.09523809523809523,0.08771929824561403,0.22807017543859648,0.16071428571428573,0.0196078431372549,0.11538461538461539,0.08620689655172414,0.07894736842105263,0.21951219512195122,0.11904761904761904,0.19298245614035087,0.10909090909090909,0.12962962962962962,0.1111111111111111,0.09090909090909091,0.15384615384615385,0.11578947368421053,0.09302325581395349,0.046875,0.17721518987341772,0.1780821917808219,0.14285714285714285,0.12962962962962962,0.2857142857142857,0.10144927536231885,0.08823529411764706,0.10256410256410256,0.03571428571428571,0.06976744186046512,0.06930693069306931,0.07954545454545454,0.04878048780487805,0.11864406779661017,0.23333333333333334,0.2222222222222222,0.17142857142857143,0.10101010101010101,0.09565217391304348,0.08108108108108109,0.09433962264150944,0.09523809523809523,0.0379746835443038,0.07228915662650602,0.10679611650485436,0.1276595744680851,0.2857142857142857,0.21052631578947367,0.16666666666666666,0.016129032258064516,0.04838709677419355,0.058823529411764705,0.038461538461538464,0.09523809523809523,0.21153846153846154,0.1717171717171717,0.19607843137254902,0.324468085106383,0.2824858757062147,0.2558139534883721,0.1925925925925926,0.1111111111111111,0.10619469026548672,0.13761467889908258,0.08196721311475409,0.07258064516129033,0.09929078014184398,0.09848484848484848,0.05185185185185185,0.13768115942028986,0.13861386138613863,0.11538461538461539,0.1388888888888889,0.12121212121212122,0.034482758620689655,0.0975609756097561,0.15,0.1276595744680851,0.04918032786885246,0.08620689655172414,0.030303030303030304,0.0625,0.1694915254237288,0.20754716981132076,0.06,0.06779661016949153,0.15384615384615385,0.13043478260869565,0.12,0.012048192771084338,0.09090909090909091,0.075,0.11578947368421053,0.21904761904761905,0.2222222222222222,0.21311475409836064,0.14516129032258066,0.10526315789473684,0.044444444444444446,0.0,0.1702127659574468,0.02040816326530612,0.125,0.06896551724137931,0.07792207792207792,0.189873417721519,0.14285714285714285,0.1232876712328767,0.125,0.03571428571428571,0.05555555555555555,0.0,0.02040816326530612,0.018867924528301886,0.08823529411764706,0.1134020618556701,0.046153846153846156,0.08181818181818182,0.12,0.10204081632653061,0.07352941176470588,0.02666666666666667,0.029411764705882353,0.1076923076923077,0.024390243902439025,0.0,0.08695652173913043,0.07291666666666667,0.08080808080808081,0.1875
West Village,Manhattan,neighborhood,0.11478599221789883,0.10526315789473684,0.11591355599214145,0.10387323943661972,0.07065217391304347,0.06607142857142857,0.09145129224652088,0.08249496981891348,0.11176470588235295,0.05970149253731343,0.13003095975232198,0.08734939759036145,0.11274509803921569,0.07672634271099744,0.10024449877750612,0.0810126582278481,0.09290953545232274,0.09227467811158799,0.12688172043010754,0.13406593406593406,0.12623762376237624,0.11019283746556474,0.1458966565349544,0.1347305389221557,0.14321608040201006,0.11221945137157108,0.12040816326530612,0.07421875,0.10843373493975904,0.13978494623655913,0.1184407796101949,0.14967105263157895,0.16257088846880907,0.12551440329218108,0.11764705882352941,0.13626373626373625,0.136986301369863,0.12877263581488935,0.13321492007104796,0.12559618441971382,0.1448382126348228,0.13425925925925927,0.13585434173669467,0.20270270270270271,0.1794871794871795,0.24468085106382978,0.2112676056338028,0.18354430379746836,0.17757009345794392,0.16856060606060605,0.1685214626391097,0.14396284829721362,0.1392235609103079,0.1655359565807327,0.16335227272727273,0.1724137931034483,0.19400630914826497,0.20770519262981574,0.2099009900990099,0.15212981744421908,0.15779092702169625,0.13003663003663005,0.121875,0.13210445468509985,0.10838150289017341,0.13054830287206268,0.16275862068965516,0.13229018492176386,0.17703349282296652,0.215,0.21490467937608318,0.16312056737588654,0.18780889621087316,0.16358024691358025,0.1808972503617945,0.16238159675236807,0.15225806451612903,0.16687898089171974,0.19873417721518988,0.23123486682808717,0.24069148936170212,0.3120567375886525,0.2584745762711864,0.23222748815165878,0.22093023255813954,0.19201228878648233,0.19654714475431606,0.1618569636135508,0.19500594530321047,0.2153163152053274,0.21908893709327548,0.27581863979848864,0.28936170212765955,0.2748091603053435,0.2945205479452055,0.19958847736625515,0.20408163265306123,0.1829059829059829,0.1453287197231834,0.1307471264367816,0.11464968152866242,0.17462311557788945,0.17668711656441718,0.16133333333333333,0.163302752293578,0.21359223300970873,0.2192622950819672,0.18850574712643678,0.20955882352941177,0.18490566037735848,0.12887438825448613,0.1323943661971831,0.13561643835616438,0.11738484398216939,0.14114114114114115,0.16105417276720352,0.1958568738229755,0.23684210526315788,0.23167848699763594,0.1889763779527559,0.17792792792792791,0.1258741258741259,0.15025906735751296,0.1791044776119403,0.2719665271966527,0.3124397299903568,0.38245866283249463,0.3537146614069691,0.325,0.2778977681785457,0.27169149868536374,0.17771639042357273,0.15509039010466222,0.1562156215621562,0.09828571428571428,0.09367088607594937,0.0660377358490566,0.04678362573099415,0.0375,0.05994550408719346,0.04597701149425287,0.10810810810810811,0.15920398009950248,0.0962566844919786,0.14832535885167464,0.14285714285714285,0.14885496183206107,0.12574850299401197,0.10052910052910052,0.15632754342431762,0.12471131639722864,0.16263736263736264,0.21164021164021163,0.2519280205655527,0.25526315789473686,0.22816901408450704,0.19696969696969696,0.17819148936170212,0.1422319474835886,0.12380952380952381,0.14738805970149255,0.19680851063829788,0.20198675496688742,0.2823529411764706,0.25971370143149286,0.28761061946902655,0.22033898305084745,0.1771117166212534,0.18581907090464547,0.16209476309226933,0.11471321695760599,0.1440677966101695,0.14871794871794872,0.2109777015437393,0.1645367412140575,0.19014084507042253,0.1945031712473573,0.1927710843373494,0.1871345029239766,0.14642857142857144,0.13564668769716087,0.11490683229813664,0.11600928074245939,0.14065510597302505,0.16638655462184873,0.13003663003663005,0.21005385996409337,0.2205607476635514,0.24830699774266365,0.19495412844036697,0.24641833810888253,0.20833333333333334,0.15885416666666666,0.16326530612244897,0.13646055437100213,0.100990099009901,0.11500974658869395,0.13602941176470587,0.18333333333333332,0.18652849740932642
Westchester Village,Bronx,neighborhood,0.0,0.0,0.0,,,,,,,,,,,,,,,0.0,0.0,0.0,,,,0.0,0.5,0.5,0.0,,,,,,,0.0,0.0,,,,0.0,0.0,,,0.0,0.0,0.0,,,,,,0.0,,,,0.0,,0.0,0.3333333333333333,0.3333333333333333,0.0,0.0,0.0,0.0,0.0,0.0,0.0,0.5,0.0,0.0,0.0,0.1,0.14285714285714285,0.0,0.0,0.0,0.0,0.0,0.0,0.0,0.0,0.0,0.0,0.0,0.0,0.0,0.0,0.0,0.0,0.0,0.0,0.0,0.0,0.0,0.0,0.14285714285714285,0.0,0.3333333333333333,0.0,0.4,0.16666666666666666,0.25,0.0,0.3333333333333333,0.0,0.0,0.5,0.0,0.0,0.3333333333333333,0.0,0.0,0.0,0.0,0.42857142857142855,0.0,0.0,0.3333333333333333,0.0,0.0,0.0,0.16666666666666666,0.0,0.3333333333333333,0.5,0.0,0.0,0.0,0.0,0.0,0.0,0.0,0.0,0.16666666666666666,0.0,0.0,0.0,0.0,0.0,0.0,0.0,,1.0,0.0,0.0,0.0,0.0,0.0,0.0,,0.0,0.0,0.0,0.0,0.0,0.3333333333333333,0.0,0.2,0.0,0.0,0.0,0.0,0.0,0.0,,0.1111111111111111,0.0,0.0,0.0,0.0,0.2,0.0,0.0,0.0,0.0,0.0,0.0,0.5,0.0,0.2,0.0,0.0,0.0,0.0,0.0,1.0,,0.0,0.0,0.0,0.0,0.0,,0.0,0.0,0.0,0.0,,,,0.0
Whitestone,Queens,neighborhood,0.1111111111111111,0.1111111111111111,0.0,0.0,0.0,,,,,,,0.0,0.0,0.0,0.25,0.0,0.0,0.0,0.0,0.0,0.0,0.16666666666666666,0.16666666666666666,0.0,0.0,0.0,0.0,0.2857142857142857,0.0,0.1111111111111111,0.0,0.07692307692307693,0.16666666666666666,0.0,0.058823529411764705,0.06666666666666667,0.0,0.0,0.0,0.2,0.0,0.0,0.0,0.0,0.0,0.0,0.0,0.05555555555555555,0.0,0.0,0.07692307692307693,0.0,0.1,0.1,0.125,0.08333333333333333,0.1,0.0,0.0,0.2727272727272727,0.07142857142857142,0.1,0.0,0.0,0.0,0.1111111111111111,0.0,0.0,0.25,0.0,0.058823529411764705,0.09090909090909091,0.07692307692307693,0.05263157894736842,0.06666666666666667,0.0,0.10526315789473684,0.0,0.16666666666666666,0.1,0.1111111111111111,0.1111111111111111,0.125,0.2,0.15,0.08333333333333333,0.05555555555555555,0.0,0.125,0.05,0.09523809523809523,0.1,0.0,0.3333333333333333,0.2,0.16666666666666666,0.0,0.1111111111111111,0.09090909090909091,0.1,0.06666666666666667,0.16666666666666666,0.0,0.0,0.2857142857142857,0.17647058823529413,0.15384615384615385,0.2,0.18181818181818182,0.0,0.17647058823529413,0.06666666666666667,0.07692307692307693,0.06666666666666667,0.05263157894736842,0.1875,0.15384615384615385,0.14285714285714285,0.0,0.36363636363636365,0.13333333333333333,0.0,0.0,0.0,0.0,0.0,0.15,0.1,0.1111111111111111,0.0,0.14285714285714285,0.375,0.15384615384615385,0.14285714285714285,0.125,0.0,0.15384615384615385,0.25,0.058823529411764705,0.23529411764705882,0.13333333333333333,0.0,0.0,0.2,0.125,0.3076923076923077,0.07692307692307693,0.21428571428571427,0.25,0.125,0.07142857142857142,0.1,0.0,0.3,0.15,0.29411764705882354,0.15789473684210525,0.08333333333333333,0.08,0.17857142857142858,0.08333333333333333,0.07142857142857142,0.2,0.25,0.35714285714285715,0.05555555555555555,0.058823529411764705,0.1,0.0,0.25,0.125,0.21428571428571427,0.2777777777777778,0.2,0.0,0.08333333333333333,0.4444444444444444,0.1,0.1111111111111111,0.07142857142857142,0.2777777777777778,0.3157894736842105,0.047619047619047616,0.13333333333333333,0.3,0.36363636363636365,0.08333333333333333,0.14285714285714285,0.1111111111111111,0.0,0.3125,0.15789473684210525,0.13333333333333333,0.23076923076923078,0.23076923076923078,0.26666666666666666,0.0,0.14285714285714285,0.25,0.25
Williamsbridge,Bronx,neighborhood,,,,,,,,,,,,,,,1.0,1.0,1.0,,,0.0,0.0,,0.0,,,,0.0,0.0,0.0,0.0,0.0,0.0,0.0,,,0.0,0.0,0.0,0.0,0.0,,0.0,0.0,0.0,0.0,0.0,0.5,0.16666666666666666,0.0,0.0,0.5,0.0,0.0,0.0,0.0,0.0,0.0,0.0,0.0,0.0,0.0,0.2,0.0,0.0,0.0,0.15384615384615385,0.125,0.0,0.0,0.2857142857142857,0.058823529411764705,0.0,0.3333333333333333,0.0,0.0,0.14285714285714285,0.0,0.0,0.1111111111111111,0.0,0.0,0.25,0.16666666666666666,0.0,0.14285714285714285,0.18181818181818182,0.3157894736842105,0.0,0.08333333333333333,0.08333333333333333,0.0,0.25,0.125,0.2857142857142857,0.1111111111111111,0.0,0.2,0.25,0.0,0.0,0.14285714285714285,0.13333333333333333,0.07142857142857142,0.0,0.125,0.26666666666666666,0.08333333333333333,0.06666666666666667,0.0625,0.0,0.06666666666666667,0.13333333333333333,0.0,0.045454545454545456,0.05555555555555555,0.21052631578947367,0.4375,0.18181818181818182,0.14285714285714285,0.0,0.125,0.0,0.0,0.0,0.0,0.14285714285714285,0.09090909090909091,0.23076923076923078,0.07692307692307693,0.2,0.0,0.125,0.0,0.09090909090909091,0.0,0.0,0.0,0.0,0.07692307692307693,0.08333333333333333,0.0,0.0,0.0,0.2,0.125,0.0,0.16666666666666666,0.0,0.2727272727272727,0.0,0.0,0.1875,0.11764705882352941,0.0,0.20833333333333334,0.16666666666666666,0.0,0.0,0.0,0.0,0.18181818181818182,0.0,0.07142857142857142,0.05555555555555555,0.1111111111111111,0.125,0.18181818181818182,0.0625,0.07692307692307693,0.1111111111111111,0.16666666666666666,0.0,0.25,0.0,0.08333333333333333,0.26666666666666666,0.1,0.16666666666666666,0.3,0.2,0.21428571428571427,0.13333333333333333,0.14285714285714285,0.06666666666666667,0.08333333333333333,0.0,0.375,0.1111111111111111,0.18181818181818182,0.0,0.0,0.0,0.125,0.1111111111111111,0.09090909090909091,0.07142857142857142,0.08333333333333333,0.0,0.09090909090909091,0.05263157894736842
Williamsburg,Brooklyn,neighborhood,0.13125,0.10543130990415335,0.10946745562130178,0.06624605678233439,0.10139860139860139,0.07961783439490445,0.07348242811501597,0.07643312101910828,0.14761904761904762,0.11009174311926606,0.09813084112149532,0.06962025316455696,0.07317073170731707,0.07075471698113207,0.10975609756097561,0.07391304347826087,0.07720588235294118,0.1288135593220339,0.075,0.08888888888888889,0.11764705882352941,0.14285714285714285,0.13448275862068965,0.10891089108910891,0.13172043010752688,0.11083123425692695,0.12195121951219512,0.09210526315789473,0.15328467153284672,0.11428571428571428,0.1415929203539823,0.13840155945419103,0.1423948220064725,0.21337579617834396,0.1026936026936027,0.05862068965517241,0.1387900355871886,0.10453648915187377,0.1277056277056277,0.11450381679389313,0.12424849699398798,0.11764705882352941,0.12303980699638119,0.15,0.15460526315789475,0.15491559086395235,0.17175974710221287,0.11428571428571428,0.10161290322580645,0.10943775100401607,0.10792079207920792,0.1315042573320719,0.11335676625659051,0.13766891891891891,0.16158752657689582,0.1718213058419244,0.1718882303132938,0.15377532228360957,0.1800314465408805,0.16862745098039217,0.14275668073136427,0.10619469026548672,0.15670103092783505,0.11058344640434192,0.11693548387096774,0.14067098293113597,0.13563441905687895,0.16563541170871013,0.14339622641509434,0.18357142857142858,0.17492012779552715,0.1407849829351536,0.13767629281396912,0.21792114695340503,0.2179144385026738,0.22700587084148727,0.18859198355601234,0.20741482965931865,0.22744907856450047,0.21109040074557317,0.21337579617834396,0.23379052369077308,0.2734274711168164,0.24744525547445256,0.25901833234772326,0.22636965683323299,0.23336968375136313,0.20225927918235612,0.21469933184855233,0.21343711593609177,0.21173574066475173,0.2601626016260163,0.27930454290521595,0.2706155632984901,0.2824631860776439,0.2021978021978022,0.22141440846001323,0.2344559585492228,0.2365894974590627,0.221078431372549,0.2225386493083808,0.21551724137931033,0.20290293317205926,0.22558647026732134,0.21071663379355687,0.24366286438529786,0.21198668146503885,0.1928655429243434,0.1456763545030499,0.15237182558696694,0.14719045251118845,0.16342412451361868,0.13360091743119265,0.12324766355140188,0.13148371531966224,0.14842840512223515,0.18486739469578783,0.19278252611585944,0.17578579743888242,0.16447368421052633,0.1378579003181336,0.14130434782608695,0.16056910569105692,0.20293847566574838,0.2594965675057208,0.3061492929957251,0.2900101936799184,0.29898570769940064,0.28948655256723715,0.2640106241699867,0.21360095865787898,0.1988139825218477,0.1396774193548387,0.1317502872462658,0.12543312543312543,0.10614908965991068,0.09940828402366864,0.0838150289017341,0.093505039193729,0.09343434343434344,0.08178053830227744,0.13469827586206898,0.12160566706021252,0.11562115621156212,0.09269988412514485,0.12236842105263158,0.09498399146211313,0.07881773399014778,0.12875536480686695,0.13418803418803418,0.11956521739130435,0.2132768361581921,0.2158273381294964,0.24431818181818182,0.20921985815602837,0.2099391480730223,0.1763180639585134,0.16568047337278108,0.12071778140293637,0.12941176470588237,0.1632928475033738,0.22103944896681277,0.16801385681293302,0.1967391304347826,0.2103448275862069,0.2496206373292868,0.24511278195488723,0.16981132075471697,0.17094017094017094,0.15364120781527532,0.16307471264367815,0.1299638989169675,0.15380281690140846,0.17384453781512604,0.18411552346570398,0.19078947368421054,0.19530102790014683,0.19008264462809918,0.17784476262245666,0.11391304347826087,0.12180579216354344,0.1298811544991511,0.12434456928838951,0.12675070028011204,0.1324582338902148,0.1458557588805167,0.17073170731707318,0.20667648502700048,0.17921348314606741,0.1931079323797139,0.19458128078817735,0.16556291390728478,0.1295585412667946,0.12011439466158245,0.15997181113460182,0.12482946793997271,0.1541476159372959,0.14801864801864803,0.18434873949579833,0.16143497757847533
Windsor Terrace,Brooklyn,neighborhood,0.1875,0.05263157894736842,0.0,0.125,0.11764705882352941,0.0625,0.15,0.2,0.0625,0.041666666666666664,0.07894736842105263,0.07692307692307693,0.03125,0.08571428571428572,0.13333333333333333,0.16,0.16,0.20833333333333334,0.22727272727272727,0.05,0.3076923076923077,0.06666666666666667,0.21428571428571427,0.1,0.3157894736842105,0.1,0.08,0.2857142857142857,0.2,0.08695652173913043,0.05405405405405406,0.17142857142857143,0.12121212121212122,0.15789473684210525,0.0625,0.13793103448275862,0.0967741935483871,0.1935483870967742,0.0,0.08695652173913043,0.1935483870967742,0.023809523809523808,0.11627906976744186,0.10526315789473684,0.06666666666666667,0.10909090909090909,0.09090909090909091,0.13333333333333333,0.06557377049180328,0.11864406779661017,0.18,0.13333333333333333,0.05660377358490566,0.11666666666666667,0.125,0.1875,0.14285714285714285,0.16666666666666666,0.1125,0.12790697674418605,0.08536585365853659,0.11702127659574468,0.1411764705882353,0.1111111111111111,0.0821917808219178,0.18627450980392157,0.17857142857142858,0.15384615384615385,0.2,0.18947368421052632,0.22077922077922077,0.14035087719298245,0.11842105263157894,0.18072289156626506,0.1595744680851064,0.16842105263157894,0.20588235294117646,0.17272727272727273,0.19327731092436976,0.1956521739130435,0.22608695652173913,0.21904761904761905,0.17204301075268819,0.25,0.23809523809523808,0.11864406779661017,0.21428571428571427,0.168,0.17699115044247787,0.17391304347826086,0.20353982300884957,0.25510204081632654,0.23577235772357724,0.2786885245901639,0.21495327102803738,0.13861386138613863,0.2087912087912088,0.205607476635514,0.23478260869565218,0.1111111111111111,0.13793103448275862,0.175,0.2743362831858407,0.2755905511811024,0.21782178217821782,0.2222222222222222,0.18691588785046728,0.14,0.19387755102040816,0.14634146341463414,0.13253012048192772,0.2169811320754717,0.10344827586206896,0.15267175572519084,0.16901408450704225,0.14285714285714285,0.1927710843373494,0.25316455696202533,0.14035087719298245,0.21153846153846154,0.11864406779661017,0.09259259259259259,0.12,0.2916666666666667,0.09375,0.17475728155339806,0.24444444444444444,0.26865671641791045,0.2883435582822086,0.27702702702702703,0.30714285714285716,0.112,0.15873015873015872,0.10377358490566038,0.1826086956521739,0.1,0.12048192771084337,0.13541666666666666,0.14130434782608695,0.15584415584415584,0.10526315789473684,0.1346153846153846,0.0,0.15789473684210525,0.07894736842105263,0.03125,0.0,0.05,0.02,0.17307692307692307,0.16326530612244897,0.15873015873015872,0.25925925925925924,0.2894736842105263,0.21568627450980393,0.06666666666666667,0.08695652173913043,0.1935483870967742,0.1794871794871795,0.08823529411764706,0.09302325581395349,0.13114754098360656,0.14285714285714285,0.23880597014925373,0.20689655172413793,0.1956521739130435,0.16666666666666666,0.2857142857142857,0.13953488372093023,0.15384615384615385,0.1724137931034483,0.1702127659574468,0.09302325581395349,0.12162162162162163,0.13043478260869565,0.35772357723577236,0.1941747572815534,0.08035714285714286,0.10476190476190476,0.0625,0.10989010989010989,0.09333333333333334,0.11494252873563218,0.11428571428571428,0.1125,0.13924050632911392,0.3333333333333333,0.2696629213483146,0.1827956989247312,0.17073170731707318,0.09836065573770492,0.10810810810810811,0.1875,0.10416666666666667,0.12903225806451613,0.06060606060606061,0.05084745762711865,0.15789473684210525,0.11235955056179775,0.07608695652173914
Woodhaven,Queens,neighborhood,,,,,,0.0,0.0,,,,,,0.0,0.0,0.0,0.0,0.0,0.0,0.0,0.0,0.0,0.0,0.0,0.3333333333333333,0.0,0.0,0.0,0.0,0.0,0.0,0.0,0.0,0.0,0.0,0.0,0.0,0.0,0.0,0.0,0.0,0.0,0.0,0.0,0.0,0.0,0.0,0.0,0.0,0.0,0.25,0.25,0.14285714285714285,0.0,0.0,0.0,0.14285714285714285,0.2,0.07142857142857142,0.0,0.07692307692307693,0.0,0.0,0.13157894736842105,0.02857142857142857,0.021739130434782608,0.09090909090909091,0.0,0.0,0.0,0.13333333333333333,0.07142857142857142,0.07692307692307693,0.18181818181818182,0.3333333333333333,0.0,0.0,0.0,0.4,0.16666666666666666,0.0,0.125,0.0,0.0,0.0,0.08333333333333333,0.2631578947368421,0.041666666666666664,0.05263157894736842,0.10526315789473684,0.043478260869565216,0.043478260869565216,0.11764705882352941,0.15384615384615385,0.08333333333333333,0.2222222222222222,0.1,0.125,0.18181818181818182,0.0625,0.16666666666666666,0.2,0.0,0.06666666666666667,0.0,0.23076923076923078,0.4666666666666667,0.14285714285714285,0.06666666666666667,0.26666666666666666,0.3,0.25,0.0625,0.0,0.05,0.05555555555555555,0.11538461538461539,0.05555555555555555,0.0,0.1,0.18518518518518517,0.17857142857142858,0.10526315789473684,0.2222222222222222,0.0,0.18181818181818182,0.2222222222222222,0.2857142857142857,0.35,0.19047619047619047,0.3333333333333333,0.35714285714285715,0.25,0.18181818181818182,0.2727272727272727,0.0,0.08333333333333333,0.15384615384615385,0.09523809523809523,0.23076923076923078,0.058823529411764705,0.058823529411764705,0.26666666666666666,0.13793103448275862,0.04,0.09375,0.045454545454545456,0.07142857142857142,0.0,0.125,0.043478260869565216,0.21052631578947367,0.0,0.0,0.1,0.07317073170731707,0.17647058823529413,0.16129032258064516,0.0625,0.034482758620689655,0.14285714285714285,0.029411764705882353,0.05555555555555555,0.0625,0.08108108108108109,0.11538461538461539,0.1,0.1,0.0,0.19047619047619047,0.10526315789473684,0.10526315789473684,0.15,0.17647058823529413,0.18181818181818182,0.22580645161290322,0.09375,0.038461538461538464,0.08333333333333333,0.14285714285714285,0.15789473684210525,0.1,0.058823529411764705,0.1111111111111111,0.08333333333333333,0.07692307692307693,0.06666666666666667,0.1,0.16666666666666666,0.21428571428571427,0.07692307692307693,0.16666666666666666,0.1111111111111111,0.0,0.058823529411764705,0.11764705882352941,0.0,0.08333333333333333,0.21052631578947367,0.13636363636363635,0.0
Woodlawn,Bronx,neighborhood,,,,,,,,,,,,,0.0,0.0,0.0,0.0,0.0,0.0,0.0,0.0,0.0,0.0,0.0,0.0,0.0,,,,,0.0,0.0,,0.0,,,,0.0,0.0,0.0,,,,,,,,,,,0.0,0.0,,,,,0.0,,,,,0.0,0.0,0.0,0.0,,,,,,,0.0,0.0,1.0,0.0,0.0,0.0,0.0,0.0,0.0,0.0,0.0,0.0,0.0,0.0,0.0,0.125,0.0,0.0,0.0,0.0,0.1,0.0,0.0,0.4444444444444444,0.2857142857142857,0.0,,0.0,0.0,0.5,0.0,0.0,,0.0,0.0,0.25,0.2,0.1111111111111111,0.3333333333333333,0.0,0.14285714285714285,0.21428571428571427,0.0,0.0,0.5,0.0,0.3333333333333333,0.75,0.0,0.2,0.25,0.0,0.3333333333333333,0.25,0.0,0.5,0.0,0.3333333333333333,0.14285714285714285,0.0,0.0,0.3333333333333333,0.0,0.16666666666666666,0.0,0.0,1.0,0.6666666666666666,0.5,0.0,0.5,0.16666666666666666,0.0,0.0,0.2,0.0,0.2,0.16666666666666666,0.0,0.0,0.5,1.0,1.0,0.0,0.0,0.0,0.0,0.0,0.5,0.0,0.5,,0.0,0.0,0.5,0.0,,1.0,0.0,0.0,,,,0.0,0.0,0.0,0.0,0.0,0.3333333333333333,0.3333333333333333,1.0,0.0,0.0,0.5,0.0,0.0,0.3333333333333333,0.0,,,,,,,,,,1.0,0.0,0.0
Woodside,Queens,neighborhood,0.09090909090909091,0.1,0.0,0.0,0.18181818181818182,0.0,0.0,0.0,0.25,0.0,0.0,0.0,0.1,0.1111111111111111,0.0,0.0,0.0,0.0,0.07142857142857142,0.05555555555555555,0.1,0.1111111111111111,0.1,0.1,0.0,0.0,0.125,0.0,0.125,0.0,0.0,0.09090909090909091,0.0,0.0,0.0,0.0,0.07142857142857142,0.09090909090909091,0.058823529411764705,0.0,0.0,0.0,0.0,0.0,0.15789473684210525,0.15,0.13157894736842105,0.15384615384615385,0.07575757575757576,0.014925373134328358,0.046153846153846156,0.07407407407407407,0.05,0.125,0.05405405405405406,0.024390243902439025,0.10416666666666667,0.11320754716981132,0.03773584905660377,0.1320754716981132,0.078125,0.045454545454545456,0.056338028169014086,0.058823529411764705,0.1,0.07894736842105263,0.058823529411764705,0.0625,0.08108108108108109,0.0967741935483871,0.10465116279069768,0.018518518518518517,0.1111111111111111,0.12962962962962962,0.1774193548387097,0.15384615384615385,0.09090909090909091,0.1780821917808219,0.21794871794871795,0.08955223880597014,0.18666666666666668,0.17105263157894737,0.17204301075268819,0.1827956989247312,0.1793103448275862,0.125,0.0935672514619883,0.1340782122905028,0.09714285714285714,0.12359550561797752,0.16756756756756758,0.1721311475409836,0.23529411764705882,0.1388888888888889,0.16379310344827586,0.1485148514851485,0.10144927536231885,0.09027777777777778,0.1292517006802721,0.16352201257861634,0.10526315789473684,0.09090909090909091,0.1276595744680851,0.10144927536231885,0.08527131782945736,0.22297297297297297,0.15037593984962405,0.1111111111111111,0.09259259259259259,0.11827956989247312,0.11607142857142858,0.06870229007633588,0.0916030534351145,0.13846153846153847,0.13392857142857142,0.10869565217391304,0.1111111111111111,0.17985611510791366,0.10576923076923077,0.1625,0.16666666666666666,0.16666666666666666,0.15384615384615385,0.18421052631578946,0.2,0.1308411214953271,0.16993464052287582,0.18604651162790697,0.25443786982248523,0.1780821917808219,0.21710526315789475,0.22535211267605634,0.16339869281045752,0.14093959731543623,0.14516129032258066,0.0898876404494382,0.1452513966480447,0.12883435582822086,0.09876543209876543,0.07936507936507936,0.03418803418803419,0.14634146341463414,0.06796116504854369,0.06818181818181818,0.09090909090909091,0.08333333333333333,0.09900990099009901,0.08433734939759036,0.05714285714285714,0.06382978723404255,0.05172413793103448,0.0821917808219178,0.06976744186046512,0.13157894736842105,0.1111111111111111,0.16417910447761194,0.11538461538461539,0.13114754098360656,0.06086956521739131,0.07142857142857142,0.09836065573770492,0.08870967741935484,0.06716417910447761,0.10989010989010989,0.05555555555555555,0.11724137931034483,0.12030075187969924,0.1452991452991453,0.1901840490797546,0.109375,0.17094017094017094,0.15517241379310345,0.1076923076923077,0.11304347826086956,0.09352517985611511,0.09615384615384616,0.12244897959183673,0.11377245508982035,0.19745222929936307,0.11764705882352941,0.05405405405405406,0.058394160583941604,0.08461538461538462,0.059602649006622516,0.07142857142857142,0.06060606060606061,0.07547169811320754,0.11023622047244094,0.14,0.1510791366906475,0.13138686131386862,0.10596026490066225,0.0763888888888889,0.10569105691056911,0.0783132530120482,0.09649122807017543,0.10227272727272728,0.04672897196261682,0.06299212598425197,0.0873015873015873
Woodstock,Bronx,neighborhood,,0.0,0.0,0.0,0.0,0.0,,,,0.0,0.0,0.0,,,,,,,0.0,0.0,,0.0,0.0,0.0,0.0,0.0,0.0,0.0,0.0,0.0,0.0,0.0,0.0,0.5,0.2,0.0,0.0,0.0,0.0,0.0,0.0,0.0,0.0,0.0,0.0,0.0,0.0,0.0,0.16666666666666666,0.0,0.0,0.0,0.14285714285714285,0.0,0.0,0.0,0.0,0.0,0.0,0.0,0.0,0.0,0.0,0.0,0.0,0.0,0.0,0.2222222222222222,0.1111111111111111,0.0,0.16666666666666666,0.2,0.0,0.0,0.0,0.0,0.0,0.0,0.0,0.14285714285714285,0.2857142857142857,0.0,0.16666666666666666,0.0,0.09090909090909091,0.0,0.0,0.0,0.16666666666666666,0.1111111111111111,0.09090909090909091,0.1111111111111111,0.125,0.125,0.0,0.16666666666666666,0.16666666666666666,0.0,0.0,0.13333333333333333,0.1875,0.0,0.0,0.1,0.0,0.11764705882352941,0.045454545454545456,0.0,0.0625,0.07692307692307693,0.0,0.16666666666666666,0.13636363636363635,0.03125,0.0,0.03333333333333333,0.21428571428571427,0.058823529411764705,0.0,0.0,0.0,0.058823529411764705,0.09090909090909091,0.0,0.0,0.0,0.2222222222222222,0.25,0.125,0.375,0.0,0.1111111111111111,0.1,0.23076923076923078,0.06666666666666667,0.1111111111111111,0.1111111111111111,0.2,0.08333333333333333,0.038461538461538464,0.2,0.10526315789473684,0.0,0.125,0.1,0.23076923076923078,0.375,0.2222222222222222,0.2222222222222222,0.0,0.0,0.1,0.07692307692307693,0.09090909090909091,0.09090909090909091,0.09090909090909091,0.07142857142857142,0.045454545454545456,0.03571428571428571,0.043478260869565216,0.1935483870967742,0.2,0.16666666666666666,0.14285714285714285,0.0,0.1111111111111111,0.0,0.0,0.125,0.3,0.0,0.0,0.0,0.0,0.125,0.0,0.08333333333333333,0.0,0.0,0.2,0.21428571428571427,0.1,0.0,0.0,0.0,0.25,0.2,0.0,0.2,0.0,0.0,0.14285714285714285,0.0,0.0,0.16666666666666666,0.0,0.0,0.0,0.14285714285714285,0.1
