areaName,Borough,areaType,2010-01,2010-02,2010-03,2010-04,2010-05,2010-06,2010-07,2010-08,2010-09,2010-10,2010-11,2010-12,2011-01,2011-02,2011-03,2011-04,2011-05,2011-06,2011-07,2011-08,2011-09,2011-10,2011-11,2011-12,2012-01,2012-02,2012-03,2012-04,2012-05,2012-06,2012-07,2012-08,2012-09,2012-10,2012-11,2012-12,2013-01,2013-02,2013-03,2013-04,2013-05,2013-06,2013-07,2013-08,2013-09,2013-10,2013-11,2013-12,2014-01,2014-02,2014-03,2014-04,2014-05,2014-06,2014-07,2014-08,2014-09,2014-10,2014-11,2014-12,2015-01,2015-02,2015-03,2015-04,2015-05,2015-06,2015-07,2015-08,2015-09,2015-10,2015-11,2015-12,2016-01,2016-02,2016-03,2016-04,2016-05,2016-06,2016-07,2016-08,2016-09,2016-10,2016-11,2016-12,2017-01,2017-02,2017-03,2017-04,2017-05,2017-06,2017-07,2017-08,2017-09,2017-10,2017-11,2017-12,2018-01,2018-02,2018-03,2018-04,2018-05,2018-06,2018-07,2018-08,2018-09,2018-10,2018-11,2018-12,2019-01,2019-02,2019-03,2019-04,2019-05,2019-06,2019-07,2019-08,2019-09,2019-10,2019-11,2019-12,2020-01,2020-02,2020-03,2020-04,2020-05,2020-06,2020-07,2020-08,2020-09,2020-10,2020-11,2020-12,2021-01,2021-02,2021-03,2021-04,2021-05,2021-06,2021-07,2021-08,2021-09,2021-10,2021-11,2021-12,2022-01,2022-02,2022-03,2022-04,2022-05,2022-06,2022-07,2022-08,2022-09,2022-10,2022-11,2022-12,2023-01,2023-02,2023-03,2023-04,2023-05,2023-06,2023-07,2023-08,2023-09,2023-10,2023-11,2023-12,2024-01,2024-02,2024-03,2024-04,2024-05,2024-06,2024-07,2024-08,2024-09,2024-10,2024-11,2024-12,2025-01,2025-02,2025-03,2025-04,2025-05,2025-06,2025-07,2025-08,2025-09,2025-10,2025-11,2025-12,2026-01,2026-02,2026-03,2026-04,2026-05,2026-06,2026-07,2026-08
Astoria,Queens,neighborhood,0.16666666666666666,0.0,0.0625,0.0,0.0,0.0,0.0,0.0,0.0,0.3333333333333333,0.0,0.125,0.0,0.0,0.0,0.16666666666666666,0.0,0.0,0.0,0.0,0.0,0.0,0.1111111111111111,0.0,0.06666666666666667,0.0,0.14285714285714285,0.10526315789473684,0.1111111111111111,0.0,0.14285714285714285,0.14285714285714285,0.125,0.0,0.11764705882352941,0.1111111111111111,0.1724137931034483,0.18181818181818182,0.08333333333333333,0.10204081632653061,0.08955223880597014,0.018518518518518517,0.018518518518518517,0.06818181818181818,0.12244897959183673,0.0821917808219178,0.043010752688172046,0.041237113402061855,0.017241379310344827,0.10077519379844961,0.05660377358490566,0.05555555555555555,0.04017857142857143,0.03225806451612903,0.0078125,0.040983606557377046,0.08571428571428572,0.06293706293706294,0.10599078341013825,0.04782608695652174,0.04093567251461988,0.0625,0.08823529411764706,0.0695970695970696,0.03235294117647059,0.05806451612903226,0.057034220532319393,0.07291666666666667,0.09395973154362416,0.15384615384615385,0.14754098360655737,0.15602836879432624,0.0821917808219178,0.2,0.19230769230769232,0.1691542288557214,0.1145374449339207,0.12,0.1141732283464567,0.1839080459770115,0.15613382899628253,0.13793103448275862,0.20187793427230047,0.14347826086956522,0.14802631578947367,0.11799410029498525,0.14864864864864866,0.1906005221932115,0.14645308924485126,0.16563146997929606,0.1722689075630252,0.16785714285714284,0.23272727272727273,0.25572519083969464,0.18773946360153257,0.1708542713567839,0.22009569377990432,0.17813765182186234,0.21348314606741572,0.1950354609929078,0.207492795389049,0.23036649214659685,0.15675675675675677,0.18042813455657492,0.22033898305084745,0.2727272727272727,0.15508021390374332,0.1534090909090909,0.25961538461538464,0.20614035087719298,0.25193798449612403,0.18275862068965518,0.19875776397515527,0.21726190476190477,0.15159574468085107,0.19117647058823528,0.22666666666666666,0.20909090909090908,0.1813186813186813,0.2236842105263158,0.1839080459770115,0.16111111111111112,0.19047619047619047,0.12,0.21674876847290642,0.2066115702479339,0.23060344827586207,0.23376623376623376,0.2605932203389831,0.2174757281553398,0.18695652173913044,0.16203703703703703,0.14989293361884368,0.18947368421052632,0.1271393643031785,0.13872832369942195,0.14473684210526316,0.15567282321899736,0.10759493670886076,0.15306122448979592,0.1423728813559322,0.13138686131386862,0.12307692307692308,0.16595744680851063,0.11483253588516747,0.1638418079096045,0.14814814814814814,0.1092896174863388,0.07333333333333333,0.12280701754385964,0.07751937984496124,0.10526315789473684,0.27044025157232704,0.23125,0.23214285714285715,0.13636363636363635,0.1641025641025641,0.16541353383458646,0.14210526315789473,0.12941176470588237,0.15311004784688995,0.17209302325581396,0.14173228346456693,0.17543859649122806,0.18396226415094338,0.27413127413127414,0.1678832116788321,0.15425531914893617,0.15204678362573099,0.14948453608247422,0.18222222222222223,0.19282511210762332,0.11627906976744186,0.19915254237288135,0.14901960784313725,0.16062176165803108,0.1793478260869565,0.2107843137254902,0.21428571428571427,0.17532467532467533,0.16774193548387098,0.21621621621621623,0.15894039735099338,0.14457831325301204,0.12280701754385964,0.1518324607329843,0.22274881516587677,0.17647058823529413,0.17613636363636365,0.22695035460992907,0.18796992481203006,0.22123893805309736,0.15748031496062992,0.14285714285714285,0.1595744680851064,0.1308411214953271,0.06306306306306306,0.09523809523809523,0.10734463276836158,0.08771929824561403
Auburndale,Queens,neighborhood,0.0,,,0.0,0.0,0.0,,,,,,,,,,,0.0,0.0,0.0,0.3333333333333333,0.3333333333333333,0.0,1.0,0.0,0.0,0.0,0.0,0.0,0.0,0.2,0.0,0.5,0.0,0.0,0.0,0.0,0.0,0.0,0.0,0.0,0.0,,,0.0,0.0,0.0,0.0,,0.0,1.0,0.0,0.0,0.5,,0.0,0.0,0.0,0.3333333333333333,0.0,0.0,0.0,0.0,0.0,0.0,0.0,0.0,0.0,0.0,0.2857142857142857,0.2,0.4,0.3333333333333333,0.0,0.3333333333333333,0.3333333333333333,0.25,0.0,0.0,0.14285714285714285,0.2,0.4,0.42857142857142855,0.0,0.0,0.6,0.16666666666666666,0.1,0.0,0.1111111111111111,0.07142857142857142,0.1111111111111111,0.0,0.0,0.25,0.0,0.25,0.0,0.25,0.1111111111111111,0.0,0.3333333333333333,0.0,0.09090909090909091,0.3333333333333333,0.2,0.5,0.0,0.0,0.2,0.0,0.125,0.3333333333333333,0.2,0.0,0.0,0.0,0.14285714285714285,0.375,0.5,0.0,0.0,0.0,0.25,0.0,0.2,0.0,0.0,0.25,0.25,0.0,0.0,0.0,0.3333333333333333,0.0,0.0,0.25,0.0,0.0,0.0,0.0,0.0,0.0,0.4,0.0,0.0,0.0,0.0,0.2,0.2,0.0,0.3333333333333333,0.0,0.0,0.25,0.0,0.0,0.5,0.0,1.0,0.0,0.0,0.0,0.0,0.16666666666666666,0.125,0.14285714285714285,0.0,0.0,0.0,0.0,0.2857142857142857,0.2857142857142857,0.0,0.25,0.5,0.0,1.0,0.0,1.0,0.0,0.0,0.0,0.0,0.0,0.0,0.0,0.0,0.0,0.4,0.0,0.0,0.2,0.0,0.0,0.0,0.0,0.0,0.3333333333333333,0.5,0.0
Bath Beach,Brooklyn,neighborhood,0.0,0.0,,0.0,0.5,0.0,,0.0,0.0,,,,,,,,0.0,0.0,0.0,0.0,0.0,0.0,0.0,0.0,0.0,0.0,0.0,0.0,0.0,0.0,0.0,0.0,,0.0,0.0,,,0.0,0.0,1.0,0.0,0.0,0.0,0.0,0.0,0.0,0.0,0.0,0.0,0.25,0.25,0.0,0.16666666666666666,0.0,0.0,0.0,0.0,0.0,0.14285714285714285,0.16666666666666666,0.0,0.0,0.0,0.0,0.25,0.1111111111111111,0.0,0.16666666666666666,0.0,0.18181818181818182,0.18181818181818182,0.0,0.06666666666666667,0.16666666666666666,0.07692307692307693,0.0,0.14285714285714285,0.3076923076923077,0.0,0.0,0.0,0.2,0.08333333333333333,0.08333333333333333,0.0,0.14285714285714285,0.375,0.23529411764705882,0.06666666666666667,0.23529411764705882,0.06666666666666667,0.0,0.3333333333333333,0.3333333333333333,0.25,0.2857142857142857,0.0,0.06666666666666667,0.0625,0.05555555555555555,0.058823529411764705,0.2222222222222222,0.14285714285714285,0.0,0.25,0.1875,0.0,0.4,0.0,0.0,0.16666666666666666,0.23076923076923078,0.1,0.5555555555555556,0.0,0.2,0.14285714285714285,0.1,0.125,0.0,0.3333333333333333,0.16666666666666666,0.0,0.0,0.0,0.3333333333333333,0.0,0.1111111111111111,0.42857142857142855,0.0,0.5,0.2727272727272727,0.0,0.0,0.0,0.0,0.1,0.08333333333333333,0.0,0.07142857142857142,0.125,0.13333333333333333,0.07692307692307693,0.25,0.125,0.3333333333333333,0.0,0.25,0.0,0.0,0.0,0.125,0.0,0.0,0.16666666666666666,0.3333333333333333,0.3333333333333333,0.3333333333333333,0.3333333333333333,0.14285714285714285,0.2222222222222222,0.25,0.36363636363636365,0.18181818181818182,0.25,0.16666666666666666,0.0,0.0,0.0,0.16666666666666666,0.0,0.0,0.25,0.0,0.25,0.14285714285714285,0.0,0.0,0.0,0.07692307692307693,0.0,0.2,0.0,0.0,0.0,0.0,0.25,0.0,0.0,0.0,,,0.0,1.0,0.0,0.3333333333333333,0.0,0.0,0.3333333333333333,0.5
Battery Park City,Manhattan,neighborhood,0.11538461538461539,0.045454545454545456,0.05263157894736842,0.043478260869565216,0.06666666666666667,0.3076923076923077,0.1111111111111111,0.125,0.14285714285714285,0.0,0.2,0.0,0.06666666666666667,0.0,0.07692307692307693,0.0,0.12,0.15151515151515152,0.14705882352941177,0.1282051282051282,0.19444444444444445,0.10810810810810811,0.10256410256410256,0.1935483870967742,0.16666666666666666,0.034482758620689655,0.14285714285714285,0.09375,0.11428571428571428,0.13953488372093023,0.07547169811320754,0.2,0.13513513513513514,0.07894736842105263,0.09090909090909091,0.08823529411764706,0.034482758620689655,0.037037037037037035,0.058823529411764705,0.10810810810810811,0.15384615384615385,0.15384615384615385,0.10526315789473684,0.044444444444444446,0.24324324324324326,0.15151515151515152,0.125,0.13793103448275862,0.125,0.07692307692307693,0.09090909090909091,0.05714285714285714,0.06896551724137931,0.125,0.1724137931034483,0.15151515151515152,0.1875,0.2,0.1724137931034483,0.043478260869565216,0.21739130434782608,0.125,0.15789473684210525,0.047619047619047616,0.2222222222222222,0.19230769230769232,0.08333333333333333,0.1282051282051282,0.28125,0.18421052631578946,0.23529411764705882,0.1875,0.1794871794871795,0.17647058823529413,0.08108108108108109,0.26666666666666666,0.08823529411764706,0.2,0.2,0.11904761904761904,0.16666666666666666,0.23333333333333334,0.20833333333333334,0.1,0.32,0.2,0.07692307692307693,0.13333333333333333,0.1111111111111111,0.125,0.12121212121212122,0.23076923076923078,0.34615384615384615,0.1,0.14285714285714285,0.11764705882352941,0.0625,0.058823529411764705,0.07142857142857142,0.2,0.25925925925925924,0.10344827586206896,0.17857142857142858,0.26666666666666666,0.13333333333333333,0.06896551724137931,0.14285714285714285,0.3333333333333333,0.0625,0.08333333333333333,0.125,0.05555555555555555,0.18518518518518517,0.18181818181818182,0.3793103448275862,0.125,0.26666666666666666,0.3157894736842105,0.0625,0.1111111111111111,0.0,0.1,0.2,0.3333333333333333,0.03333333333333333,0.18604651162790697,0.14583333333333334,0.2708333333333333,0.2619047619047619,0.35,0.2,0.125,0.11627906976744186,0.09090909090909091,0.13157894736842105,0.0,0.05555555555555555,0.0,0.058823529411764705,0.14285714285714285,0.0,0.0,0.2857142857142857,0.1,0.1111111111111111,0.0,0.0,0.18181818181818182,0.1,0.1111111111111111,0.2631578947368421,0.3333333333333333,0.10526315789473684,0.11764705882352941,0.15789473684210525,0.2727272727272727,0.07692307692307693,0.09090909090909091,0.15384615384615385,0.0,0.09090909090909091,0.125,0.12,0.23076923076923078,0.18181818181818182,0.2,0.18181818181818182,0.0,0.125,0.0,0.16666666666666666,0.14285714285714285,0.23809523809523808,0.05263157894736842,0.1,0.1875,0.3333333333333333,0.29411764705882354,0.25,0.5,0.23076923076923078,0.3076923076923077,0.2,0.0,0.0,0.15384615384615385,0.17391304347826086,0.3181818181818182,0.4444444444444444,0.2,0.06666666666666667,0.2,0.23076923076923078,0.0,0.0,0.0,0.0,0.0,0.0,0.1111111111111111
Bay Ridge,Brooklyn,neighborhood,0.5,0.0,0.0,0.0,0.0,0.0,0.0,0.0,0.0,0.16666666666666666,0.14285714285714285,0.2,0.0,0.0,0.0,0.0,0.0,0.0,0.14285714285714285,0.0,0.25,0.5714285714285714,0.125,0.3333333333333333,0.14285714285714285,0.125,0.0,0.0,0.1111111111111111,0.0,0.0,0.0,0.125,0.0,0.0,0.0,0.16666666666666666,0.0,0.1,0.125,0.14285714285714285,0.4,0.0,0.0,0.23529411764705882,0.22580645161290322,0.1111111111111111,0.02857142857142857,0.05555555555555555,0.0,0.03333333333333333,0.043478260869565216,0.05714285714285714,0.075,0.09302325581395349,0.06521739130434782,0.038461538461538464,0.07017543859649122,0.11864406779661017,0.08771929824561403,0.04838709677419355,0.02564102564102564,0.0,0.047619047619047616,0.0,0.044444444444444446,0.09302325581395349,0.09090909090909091,0.2,0.06818181818181818,0.11363636363636363,0.1956521739130435,0.11363636363636363,0.08888888888888889,0.020833333333333332,0.08928571428571429,0.24528301886792453,0.15254237288135594,0.1,0.11764705882352941,0.16071428571428573,0.21666666666666667,0.1206896551724138,0.15384615384615385,0.06451612903225806,0.13924050632911392,0.19318181818181818,0.1511627906976744,0.08737864077669903,0.15833333333333333,0.08527131782945736,0.11688311688311688,0.32786885245901637,0.24,0.2191780821917808,0.171875,0.2125,0.1511627906976744,0.2111111111111111,0.15789473684210525,0.2831858407079646,0.104,0.09523809523809523,0.1774193548387097,0.2564102564102564,0.288135593220339,0.14444444444444443,0.09210526315789473,0.11827956989247312,0.09734513274336283,0.125,0.11363636363636363,0.06593406593406594,0.2222222222222222,0.10091743119266056,0.12149532710280374,0.16176470588235295,0.09090909090909091,0.10975609756097561,0.06779661016949153,0.1076923076923077,0.16666666666666666,0.13333333333333333,0.15,0.1,0.05555555555555555,0.11688311688311688,0.27906976744186046,0.14912280701754385,0.24545454545454545,0.13333333333333333,0.17391304347826086,0.10526315789473684,0.1724137931034483,0.19718309859154928,0.11666666666666667,0.12698412698412698,0.125,0.0821917808219178,0.046153846153846156,0.045454545454545456,0.24444444444444444,0.1956521739130435,0.175,0.05128205128205128,0.15217391304347827,0.10344827586206896,0.06349206349206349,0.13846153846153847,0.11666666666666667,0.09803921568627451,0.17307692307692307,0.25,0.25925925925925924,0.32653061224489793,0.125,0.125,0.2903225806451613,0.17391304347826086,0.1951219512195122,0.1282051282051282,0.1388888888888889,0.047619047619047616,0.2702702702702703,0.1568627450980392,0.25,0.21621621621621623,0.0,0.1,0.1891891891891892,0.24242424242424243,0.14814814814814814,0.06666666666666667,0.14285714285714285,0.05714285714285714,0.14285714285714285,0.2413793103448276,0.24324324324324326,0.1702127659574468,0.125,0.1111111111111111,0.19148936170212766,0.20408163265306123,0.15384615384615385,0.11627906976744186,0.19047619047619047,0.16129032258064516,0.13157894736842105,0.12121212121212122,0.3157894736842105,0.20588235294117646,0.10344827586206896,0.08823529411764706,0.11538461538461539,0.3,0.125,0.11904761904761904,0.1935483870967742,0.11627906976744186,0.10810810810810811
Baychester,Bronx,neighborhood,,,,,,,,,,,,,,,,,,,,,,,,,,,,0.0,0.0,0.0,,,,,,,,,,,0.0,,,,,,,,,,,,,,,,,,,,,,,,,,,,,,,,,,,,,,,,,,,,,,0.0,0.0,0.5,0.0,,,,,,,,,,,,,,,,,,,,0.0,0.0,,0.0,0.0,,,,,,0.0,,0.0,0.0,0.0,0.0,0.5,0.5,0.2,0.3333333333333333,0.0,0.0,0.0,0.0,0.0,0.0,0.0,,,,,,,,,,0.5,0.0,0.0,0.0,,0.0,,,,,0.0,,,0.0,0.0,,,0.0,0.0,,,0.0,,,0.0,0.0,0.0,0.0,,0.0,0.0,,0.0,0.0,,,,0.0,0.0,,,,,,,,,,,0.0,0.0,0.0,0.0,0.0,0.0
Bayside,Queens,neighborhood,0.0,0.0,0.0,,,,,,,,,0.0,,,0.0,0.0,0.2,0.0,0.2,0.125,0.16666666666666666,0.14285714285714285,0.0,0.0,0.3333333333333333,0.0,0.0,0.14285714285714285,0.0,0.0,0.125,0.125,0.0,0.25,0.0,0.0,0.0,0.2857142857142857,0.0,0.0,0.0,0.14285714285714285,0.0,0.0,0.0,0.3333333333333333,0.125,0.0,0.0,0.0,0.0,0.0,0.0,0.0,0.0,0.11764705882352941,0.0,0.0,0.07142857142857142,0.0,0.16666666666666666,0.125,0.125,0.0,0.07692307692307693,0.1,0.13333333333333333,0.07692307692307693,0.07692307692307693,0.0,0.0,0.0,0.0,0.0,0.22727272727272727,0.11538461538461539,0.045454545454545456,0.125,0.07692307692307693,0.1,0.058823529411764705,0.11764705882352941,0.21052631578947367,0.09523809523809523,0.15,0.1111111111111111,0.0,0.05263157894736842,0.045454545454545456,0.041666666666666664,0.023809523809523808,0.09523809523809523,0.2777777777777778,0.3157894736842105,0.0,0.058823529411764705,0.35294117647058826,0.08333333333333333,0.09523809523809523,0.25,0.21428571428571427,0.05555555555555555,0.1,0.25,0.23076923076923078,0.38461538461538464,0.2,0.09090909090909091,0.4,0.25,0.0,0.0,0.0,0.0,0.07142857142857142,0.07142857142857142,0.05263157894736842,0.2631578947368421,0.14285714285714285,0.07692307692307693,0.125,0.0,0.0,0.0,0.0,0.125,0.2,0.07692307692307693,0.0,0.1111111111111111,0.3,0.14285714285714285,0.0,0.125,0.0,0.1111111111111111,0.0,0.125,0.0,0.0,0.0,0.18181818181818182,0.0,0.1111111111111111,0.1111111111111111,0.5,0.15384615384615385,0.058823529411764705,0.16666666666666666,0.36363636363636365,0.5555555555555556,0.09090909090909091,0.21428571428571427,0.23076923076923078,0.13333333333333333,0.15384615384615385,0.1,0.14285714285714285,0.07692307692307693,0.06666666666666667,0.16666666666666666,0.0,0.05555555555555555,0.29411764705882354,0.2,0.1111111111111111,0.0,0.1,0.125,0.375,0.2222222222222222,0.1111111111111111,0.0,0.0,0.16666666666666666,0.13333333333333333,0.25,0.2727272727272727,0.0,0.0,0.125,0.14285714285714285,0.25,0.16666666666666666,0.0,0.14285714285714285,0.0,0.0,0.1,0.18181818181818182,0.0,0.375,0.0,0.2222222222222222,0.07142857142857142,0.16666666666666666,0.1,0.2,0.0,0.125
Bedford Park,Bronx,neighborhood,,,,,,,,,,,,,,,,,0.0,0.0,,,,,,,,,,,,,,,,,,,,,0.0,,,,,,,,,,,,,,,0.0,0.0,0.0,0.0,0.0,0.0,0.0,0.0,0.0,0.75,0.0,0.0,0.0,0.0,0.5,0.16666666666666666,0.07692307692307693,0.16666666666666666,0.0,0.2,0.0,0.0,0.5,0.0,0.0,0.0,0.25,0.5,0.2,0.0,0.0,0.0,0.3333333333333333,0.0,0.0,0.125,0.25,0.14285714285714285,0.0,0.0,0.0,0.0,0.0,0.0,0.6666666666666666,0.25,0.0,0.0,,0.0,0.0,0.0,0.0,0.3333333333333333,0.0,1.0,,0.0,0.0,0.0,0.0,0.0,0.6666666666666666,0.3333333333333333,0.0,0.0,0.0,0.0,0.0,1.0,,,,0.0,,,,,,0.0,0.0,0.25,0.0,,0.0,1.0,1.0,0.0,1.0,0.0,0.5,0.0,0.0,0.3333333333333333,0.2,0.16666666666666666,0.0,0.0,0.0,0.0,0.3333333333333333,0.2,0.2857142857142857,0.0,0.0,0.4,0.16666666666666666,0.0,0.0,0.0,0.0,,1.0,,,0.0,0.0,0.0,0.0,0.0,0.0,,,0.0,,,0.0,0.0,0.0,0.0,0.0,,,,,,,,,0.0,0.0,,,,0.0,0.0,0.0
Bedford-Stuyvesant,Brooklyn,neighborhood,0.08333333333333333,0.058823529411764705,0.24242424242424243,0.05714285714285714,0.17857142857142858,0.07407407407407407,0.0,0.058823529411764705,0.0,0.15384615384615385,0.13333333333333333,0.045454545454545456,0.061224489795918366,0.125,0.125,0.125,0.0,0.08823529411764706,0.125,0.07894736842105263,0.04,0.11538461538461539,0.23076923076923078,0.0,0.12195121951219512,0.07317073170731707,0.06521739130434782,0.140625,0.11764705882352941,0.10294117647058823,0.109375,0.23170731707317074,0.02531645569620253,0.10714285714285714,0.058823529411764705,0.09433962264150944,0.17142857142857143,0.08974358974358974,0.14102564102564102,0.1625,0.09523809523809523,0.1553398058252427,0.16793893129770993,0.13924050632911392,0.15492957746478872,0.21264367816091953,0.19337016574585636,0.18571428571428572,0.14741035856573706,0.14942528735632185,0.15719063545150502,0.16666666666666666,0.11904761904761904,0.21306818181818182,0.16790123456790124,0.12871287128712872,0.20535714285714285,0.15594059405940594,0.14012738853503184,0.13742071881606766,0.15521064301552107,0.1101123595505618,0.1062992125984252,0.14754098360655737,0.11896551724137931,0.13803680981595093,0.1172680412371134,0.10846560846560846,0.12436115843270869,0.132,0.1618798955613577,0.2050561797752809,0.12694300518134716,0.15601023017902813,0.18077803203661327,0.1522198731501057,0.1773308957952468,0.2,0.18985507246376812,0.1994535519125683,0.20029239766081872,0.22065727699530516,0.2251968503937008,0.15881326352530542,0.18810289389067525,0.2007168458781362,0.19224555735056542,0.1360759493670886,0.16308470290771176,0.17849462365591398,0.16529774127310062,0.19439868204283361,0.22896281800391388,0.23497267759562843,0.21129326047358835,0.14386792452830188,0.20614035087719298,0.19230769230769232,0.18834080717488788,0.13688212927756654,0.1282798833819242,0.1371280724450194,0.13676148796498905,0.16102683780630106,0.1598694942903752,0.21170610211706103,0.15749235474006115,0.1251908396946565,0.1548480463096961,0.15711947626841244,0.15123456790123457,0.16563467492260062,0.1994572591587517,0.1639135959339263,0.17551963048498845,0.13195342820181113,0.19141323792486584,0.1656441717791411,0.17972350230414746,0.19827586206896552,0.22556390977443608,0.24846625766871167,0.15333333333333332,0.19732441471571907,0.26572327044025157,0.26280623608017817,0.2516778523489933,0.2633114514952589,0.24702380952380953,0.22320637732506643,0.1686746987951807,0.16683621566632756,0.16279069767441862,0.13690476190476192,0.1546162402669633,0.09346846846846847,0.11198428290766209,0.1342512908777969,0.09813463098134631,0.14083175803402648,0.09752747252747253,0.14789687924016282,0.16561514195583596,0.0880281690140845,0.15397923875432526,0.15466666666666667,0.17577197149643706,0.13216957605985039,0.1382488479262673,0.12048192771084337,0.13559322033898305,0.19489981785063754,0.22424242424242424,0.21711899791231734,0.2560386473429952,0.17746478873239438,0.1776765375854214,0.2025974025974026,0.21846846846846846,0.17324561403508773,0.2074074074074074,0.19409937888198758,0.18043844856661045,0.19964973730297722,0.25565610859728505,0.3126491646778043,0.21144278606965175,0.20949720670391062,0.20093457943925233,0.2236180904522613,0.17061611374407584,0.15584415584415584,0.1646090534979424,0.18716577540106952,0.17391304347826086,0.17546583850931677,0.23498233215547704,0.19916142557651992,0.24754901960784315,0.20157068062827224,0.13573407202216067,0.1657754010695187,0.1557377049180328,0.12954545454545455,0.1414141414141414,0.16417910447761194,0.1641025641025641,0.15021459227467812,0.23929471032745592,0.2062146892655367,0.18670886075949367,0.1717557251908397,0.104,0.1111111111111111,0.18006430868167203,0.059322033898305086,0.09234828496042216,0.1442495126705653,0.132486388384755,0.1522633744855967
Bellerose,Queens,neighborhood,,,,,,,,,,,,,,,,,,,,,,,,,,,,,,,,,,,,,,,,,,,,,,0.0,0.0,0.5,0.0,0.0,0.0,0.0,0.0,0.0,0.0,0.0,0.0,0.0,0.0,0.0,0.3333333333333333,0.0,0.0,0.0,0.0,0.0,0.0,0.0,0.0,0.0,0.0,0.0,0.0,0.0,0.0,0.0,0.0,0.0,0.0,0.0,0.0,0.4,0.0,0.0,0.5,0.0,0.0,,,0.0,0.0,1.0,,0.0,0.0,0.0,,0.0,0.0,,0.0,0.0,0.0,0.0,0.0,0.0,0.0,0.0,0.0,0.0,0.0,0.0,0.0,0.0,0.0,0.0,0.3333333333333333,0.0,0.0,0.0,0.0,0.0,0.0,0.0,0.0,,,,,,0.0,1.0,0.0,,,,,,,,0.0,,,,,,0.0,0.0,0.0,,,,0.0,0.0,0.0,0.0,0.0,0.0,0.0,0.0,,,0.5,0.0,0.0,0.0,,,0.0,0.0,0.0,0.0,0.5,,,0.0,0.25,,,,,0.0,1.0,,,,1.0,0.0,0.5,0.3333333333333333,0.0,,,,0.0,,,,,0.0
Belmont,Bronx,neighborhood,,,0.0,0.0,,,,,,,,,,,,,,,,,0.0,0.0,,,,,,,,,,,0.0,0.05,0.024390243902439025,0.0,0.0,0.0,0.0,,,,0.0,0.0,0.0,0.0,0.0,0.5,0.0,0.0,,,,,,,,,0.0,0.0,0.0,0.0,0.0,0.0,,,0.0,0.0,0.0,1.0,0.0,0.0,0.0,0.0,0.0,0.0,0.0,0.0,0.16666666666666666,0.0,0.2727272727272727,0.0,0.0,0.125,0.0,0.2857142857142857,0.0,0.0,0.14285714285714285,0.2222222222222222,0.0,0.3,0.1,0.1111111111111111,0.125,0.0,0.0,0.0,0.0,0.14285714285714285,0.0,0.17647058823529413,0.05555555555555555,0.375,0.1,0.05263157894736842,0.0,0.0,0.26666666666666666,0.0,0.07142857142857142,0.09090909090909091,0.07142857142857142,0.2727272727272727,0.1111111111111111,0.17391304347826086,0.18518518518518517,0.058823529411764705,0.0,0.0,0.0,0.0,0.0,0.0,0.1111111111111111,0.21428571428571427,0.2,0.3333333333333333,0.07142857142857142,0.14285714285714285,0.0,0.25,0.0,0.08333333333333333,0.0,0.0,0.08333333333333333,0.125,0.18181818181818182,0.1,0.0,0.2857142857142857,0.2222222222222222,0.0,0.0,0.3333333333333333,0.0,0.0,0.0,0.0,0.18181818181818182,0.0625,0.2222222222222222,0.1111111111111111,0.0,0.0,0.0,0.0,0.0,0.0,0.0,0.08333333333333333,0.0,0.0,0.2,0.0,0.2,0.0,0.0,0.0,0.0,0.0,0.125,0.2,0.38461538461538464,0.0,0.0,0.0,0.0,0.0,0.0,0.0,0.2631578947368421,0.0625,0.06666666666666667,0.0,0.08333333333333333,0.0,0.08333333333333333,0.0,0.0,0.0,0.0,0.0,0.0,0.5,0.6666666666666666,0.0,0.25,0.3333333333333333
Bensonhurst,Brooklyn,neighborhood,,,,,,0.0,0.0,0.0,0.0,0.0,0.0,0.0,0.0,0.0,0.0,0.0,0.0,0.0,0.0,0.0,0.0,0.0,0.0,0.0,0.0,0.0,,1.0,0.0,0.0,0.0,0.0,0.0,,,,,,,0.0,0.0,0.0,0.3333333333333333,0.0,0.3333333333333333,0.3333333333333333,1.0,1.0,0.0,0.25,0.14285714285714285,0.0,0.0,0.0,0.16666666666666666,0.0,0.2,0.25,0.25,0.0,0.0,0.3333333333333333,0.375,0.1111111111111111,0.0,0.14285714285714285,0.2,0.0,0.0,0.14285714285714285,0.2,0.0,0.16666666666666666,0.16666666666666666,0.4,0.25,0.125,0.4,0.0,0.125,0.13333333333333333,0.17647058823529413,0.0,0.25,0.07692307692307693,0.3333333333333333,0.07142857142857142,0.0,0.5,0.1875,0.07142857142857142,0.25,0.3333333333333333,0.4,0.2,0.42857142857142855,0.18181818181818182,0.09090909090909091,0.0625,0.13043478260869565,0.16666666666666666,0.18181818181818182,0.16666666666666666,0.25,0.21875,0.22580645161290322,0.12903225806451613,0.23809523809523808,0.5217391304347826,0.26666666666666666,0.16666666666666666,0.23529411764705882,0.10526315789473684,0.0,0.13043478260869565,0.04,0.07692307692307693,0.0,0.16666666666666666,0.14285714285714285,0.2,0.14285714285714285,0.16666666666666666,0.5,0.2,0.4,0.0,0.11764705882352941,0.26666666666666666,0.2857142857142857,0.0,0.14285714285714285,0.5555555555555556,0.2,0.18181818181818182,0.3333333333333333,0.16666666666666666,0.2,0.041666666666666664,0.17391304347826086,0.16666666666666666,0.11764705882352941,0.07692307692307693,0.08333333333333333,0.11764705882352941,0.17391304347826086,0.21052631578947367,0.1,0.21428571428571427,0.0,0.2,0.15384615384615385,0.2,0.2222222222222222,0.14285714285714285,0.11764705882352941,0.2857142857142857,0.3333333333333333,0.0,0.0,0.25,0.2857142857142857,0.18181818181818182,0.0,0.35714285714285715,0.2,0.2,0.3333333333333333,0.5,0.0,0.16666666666666666,0.2857142857142857,0.2857142857142857,0.15384615384615385,0.0,0.3333333333333333,0.3,0.0,0.0,0.3333333333333333,0.1111111111111111,0.1111111111111111,0.0,0.14285714285714285,0.0,0.0,0.0,0.0,0.16666666666666666,0.0,0.3333333333333333,0.2,0.0,0.0,0.16666666666666666,0.5,0.2,0.0,0.0,0.1111111111111111
Bergen Beach,Brooklyn,neighborhood,,,,,,,,,,,,,,,,,0.0,,,,,,,,,,0.0,0.0,0.0,0.0,0.0,0.0,0.0,0.0,,,,,,,,0.0,0.0,0.0,0.25,0.0,,,0.0,0.0,0.0,0.0,0.0,0.0,0.0,0.0,0.1111111111111111,0.14285714285714285,0.3333333333333333,0.2,0.0,0.0,0.0,0.0,0.0,0.3333333333333333,0.0,0.5,0.0,0.0,,0.0,0.0,1.0,0.5,0.0,0.0,,0.5,0.3333333333333333,0.0,0.0,0.2,0.14285714285714285,0.0,0.3125,0.3157894736842105,0.07142857142857142,0.0,0.0,0.0,0.15384615384615385,0.25,0.25,0.125,0.0,0.0,0.0,0.25,0.0,0.0,0.14285714285714285,0.2222222222222222,0.3333333333333333,0.14285714285714285,0.0,0.0,0.0,0.0,0.0,0.14285714285714285,0.3333333333333333,0.0,0.0,0.0,0.0,0.2222222222222222,0.3333333333333333,0.0,0.2222222222222222,0.2857142857142857,0.14285714285714285,0.2,0.0,0.0,0.5,0.0,0.5714285714285714,0.2,0.0,0.0,0.0,0.0,0.3333333333333333,1.0,,0.0,0.0,0.0,0.25,0.25,0.0,0.0,0.0,0.3333333333333333,0.0,0.0,,0.0,0.0,0.0,0.0,0.0,0.15,0.08333333333333333,0.0,0.0,0.0,0.125,0.18181818181818182,0.25,0.35714285714285715,0.16666666666666666,0.46153846153846156,0.2222222222222222,0.16666666666666666,0.2857142857142857,0.0,0.0,0.0,0.2857142857142857,0.2857142857142857,0.5,0.3333333333333333,0.3333333333333333,0.0,0.0,0.4444444444444444,0.0,0.0,0.5,0.0,,,1.0,0.0,0.0,0.0,0.0,0.0,0.0,0.2,0.3333333333333333,0.0,0.0,1.0,0.0,0.0,0.2,0.4
Boerum Hill,Brooklyn,neighborhood,0.16666666666666666,0.0,0.0,0.14285714285714285,0.16666666666666666,0.0,0.0,0.14285714285714285,0.16666666666666666,0.0,0.0,0.0,0.25,0.3333333333333333,0.0,0.0,0.16666666666666666,0.0,0.0,0.2,0.0,0.0,0.0,0.0,0.3333333333333333,0.0,0.0,0.3333333333333333,0.2857142857142857,0.2,0.3,0.07692307692307693,0.16666666666666666,0.25,0.0,0.0,0.0,0.25,0.0,0.2,0.0,0.1111111111111111,0.25,0.3333333333333333,0.21739130434782608,0.4,0.08333333333333333,0.13333333333333333,0.25,0.0625,0.125,0.18518518518518517,0.14285714285714285,0.375,0.12903225806451613,0.14285714285714285,0.37209302325581395,0.13333333333333333,0.2,0.0,0.2857142857142857,0.0,0.16666666666666666,0.26666666666666666,0.125,0.2608695652173913,0.3448275862068966,0.11538461538461539,0.2,0.36363636363636365,0.3333333333333333,0.0,0.2222222222222222,0.42857142857142855,0.07692307692307693,0.17391304347826086,0.21951219512195122,0.3333333333333333,0.22580645161290322,0.2857142857142857,0.2962962962962963,0.25925925925925924,0.28,0.09523809523809523,0.18518518518518517,0.2962962962962963,0.07407407407407407,0.25,0.05263157894736842,0.3793103448275862,0.13793103448275862,0.2692307692307692,0.2857142857142857,0.2857142857142857,0.32142857142857145,0.3157894736842105,0.13333333333333333,0.375,0.25,0.16666666666666666,0.23076923076923078,0.2222222222222222,0.18181818181818182,0.21052631578947367,0.19047619047619047,0.3333333333333333,0.2222222222222222,0.1,0.35294117647058826,0.06666666666666667,0.07142857142857142,0.1,0.2571428571428571,0.23076923076923078,0.13513513513513514,0.2857142857142857,0.09375,0.24,0.2,0.25,0.0,0.125,0.1111111111111111,0.08333333333333333,0.15384615384615385,0.29545454545454547,0.288135593220339,0.41935483870967744,0.36363636363636365,0.23529411764705882,0.20754716981132076,0.25,0.14705882352941177,0.06060606060606061,0.125,0.058823529411764705,0.06896551724137931,0.18181818181818182,0.1724137931034483,0.13333333333333333,0.0,0.14285714285714285,0.3333333333333333,0.0,0.16666666666666666,0.1111111111111111,0.0,0.4,0.1,0.3333333333333333,0.18518518518518517,0.4166666666666667,0.3076923076923077,0.2631578947368421,0.125,0.05555555555555555,0.2222222222222222,0.21739130434782608,0.21428571428571427,0.2727272727272727,0.15789473684210525,0.09375,0.23076923076923078,0.18518518518518517,0.2777777777777778,0.45,0.16666666666666666,0.3333333333333333,0.38461538461538464,0.16666666666666666,0.07142857142857142,0.36363636363636365,0.07692307692307693,0.0,0.2647058823529412,0.19444444444444445,0.5294117647058824,0.25925925925925924,0.10714285714285714,0.15789473684210525,0.0,0.0,0.1111111111111111,0.10526315789473684,0.1875,0.09375,0.030303030303030304,0.15384615384615385,0.375,0.21052631578947367,0.18181818181818182,0.17391304347826086,0.05555555555555555,0.3076923076923077,0.05263157894736842,0.13333333333333333,0.25,0.16666666666666666,0.15384615384615385,0.0
Borough Park,Brooklyn,neighborhood,0.0,0.0,0.0,0.0,0.5,,,,0.0,,0.0,0.0,1.0,1.0,0.0,,,,,,,,,0.0,0.0,0.5,1.0,1.0,0.0,0.0,0.5,0.0,0.0,0.0,0.0,0.0,,1.0,0.0,,0.0,0.0,0.0,0.5,0.3333333333333333,0.0,0.0,0.0,0.0,0.0,0.3333333333333333,0.0,0.0,0.0,0.0,0.0,0.0,0.0,0.0,0.2,0.0,0.25,0.0,0.16666666666666666,0.0,0.0,0.3333333333333333,0.125,0.1,0.0,0.0,0.0,0.0,0.0,0.25,0.25,0.2857142857142857,0.1,0.14285714285714285,0.0,0.0,0.3333333333333333,0.25,0.0,0.2,0.2,0.0,0.2857142857142857,0.2727272727272727,0.14285714285714285,0.15384615384615385,0.3333333333333333,0.5714285714285714,0.08333333333333333,0.4,0.0,0.0,0.0,0.0,0.5,0.5714285714285714,0.4,0.0,0.25,0.25,0.15384615384615385,0.07692307692307693,0.3333333333333333,0.07142857142857142,0.36363636363636365,0.2,0.09090909090909091,0.1,0.125,0.18181818181818182,0.16666666666666666,0.0,0.0,0.2857142857142857,0.25,0.2857142857142857,0.18181818181818182,0.21428571428571427,0.4,0.0,0.0,0.3333333333333333,0.2631578947368421,0.3333333333333333,0.25,0.2,0.0,0.375,0.0,0.25,0.15384615384615385,0.0,0.0,0.1111111111111111,0.11764705882352941,0.38461538461538464,0.3333333333333333,0.3076923076923077,0.125,0.0,0.6,0.2857142857142857,0.0,0.2727272727272727,0.25,0.08333333333333333,0.0,0.2,0.3333333333333333,0.375,0.2857142857142857,0.0,0.0,0.3333333333333333,0.0,0.0,0.0,0.08333333333333333,0.1111111111111111,0.14285714285714285,0.0,0.0,0.3333333333333333,0.25,0.3333333333333333,0.3333333333333333,0.0,0.4,0.14285714285714285,0.2857142857142857,0.2222222222222222,0.2,0.0,0.23076923076923078,0.0,0.0,0.375,0.07142857142857142,0.0,0.0,0.3333333333333333,0.36363636363636365,0.14285714285714285,0.0,0.0,0.2727272727272727,0.2222222222222222,0.0,0.0,0.25,0.2222222222222222,0.09090909090909091,0.26666666666666666,0.13333333333333333,0.06666666666666667
Briarwood,Queens,neighborhood,,,,,0.0,0.0,,,,,,0.0,0.0,0.0,0.0,0.0,0.0,0.0,0.0,0.0,,,,0.0,,,,,,,,0.0,0.0,1.0,0.0,0.0,0.0,0.0,0.0,0.0,0.0,0.0,0.0,0.0,0.0,,,0.0,0.3333333333333333,0.0,0.0,0.3333333333333333,0.25,0.0,0.0,,0.0,0.0,0.0,0.0,,0.0,0.0,0.0,0.5,0.1,0.2857142857142857,0.2,0.2,0.0,0.4,0.3333333333333333,0.5,0.3333333333333333,0.0,0.2857142857142857,0.2,0.2857142857142857,0.0,0.25,0.5,0.0,0.0,0.0,0.0,0.0,0.0,0.0,0.5714285714285714,0.14285714285714285,0.09090909090909091,0.14285714285714285,0.42857142857142855,0.4,0.3333333333333333,0.4,0.0,1.0,0.0,0.3333333333333333,0.0,0.0,0.16666666666666666,0.16666666666666666,0.2,0.0,0.0,0.125,0.1111111111111111,0.2,0.0,0.4,0.2857142857142857,0.0,0.0,0.3076923076923077,0.18181818181818182,0.3333333333333333,0.0,0.0,0.5,0.0,0.0,,,0.0,0.14285714285714285,0.375,0.25,0.4166666666666667,0.125,0.0,0.0,0.0,0.0,0.0,,,0.0,0.0,0.0,0.0,0.25,0.14285714285714285,0.18181818181818182,0.08333333333333333,0.2727272727272727,0.0,0.16666666666666666,0.0,0.25,0.25,0.0,0.0,1.0,0.0,0.0,0.3333333333333333,0.16666666666666666,0.25,0.0,0.0,0.3333333333333333,1.0,0.0,0.0,0.0,0.16666666666666666,0.0,0.0,0.0,0.0,0.6666666666666666,0.2857142857142857,0.0,0.5,,0.0,0.0,0.0,0.0,,,0.0,0.0,0.0,0.4,0.5,0.3333333333333333,0.14285714285714285,0.0,0.0,0.0,0.3333333333333333,0.3333333333333333,0.6666666666666666,0.0,0.3333333333333333,1.0,0.0
Brighton Beach,Brooklyn,neighborhood,0.0,0.0,0.0,0.0,,,,,,,,,,,,,,,,,,,,,,,,,,,,,0.0,0.0,0.0,0.0,0.3333333333333333,0.0,0.0,0.0,0.0,0.0,0.0,0.0,0.5,0.0,0.0,0.0,0.5,0.0,0.5,0.5,0.0,0.0,0.2,0.2857142857142857,0.3333333333333333,0.0,0.0,0.3333333333333333,0.0,0.2857142857142857,0.09090909090909091,0.0,0.16666666666666666,0.0,0.1,0.0,0.08333333333333333,0.14285714285714285,0.1111111111111111,0.125,0.2727272727272727,0.0,0.09090909090909091,0.08333333333333333,0.0,0.3333333333333333,0.0,0.2857142857142857,0.16666666666666666,0.16666666666666666,0.125,0.0,0.0,0.0,0.0,0.0,0.0,0.17647058823529413,0.15384615384615385,0.0,0.0,0.2857142857142857,0.1111111111111111,0.0,0.5,0.4,0.0,0.0,0.3333333333333333,0.2,0.0,0.2857142857142857,0.2727272727272727,0.3333333333333333,0.0,0.0,0.4,0.16666666666666666,0.2,0.4,0.6666666666666666,0.0,0.16666666666666666,0.5,0.0,0.5,0.0,0.0,,,0.6666666666666666,0.6666666666666666,0.0,0.0,1.0,0.4,0.16666666666666666,0.2,0.3333333333333333,0.0,0.4,0.16666666666666666,0.3333333333333333,0.4,0.2,0.0,0.25,0.125,0.4,0.0,0.0,0.0,0.2,0.14285714285714285,0.2,0.0,0.14285714285714285,0.3333333333333333,0.5,0.3333333333333333,0.2857142857142857,0.3333333333333333,0.0,0.0,0.0,0.2,0.25,0.0,0.0,0.0,,0.25,0.5,0.0,0.0,0.0,,0.0,0.0,0.0,0.2,0.2857142857142857,0.16666666666666666,0.3333333333333333,0.0,0.0,0.0,0.0,0.5,0.0,0.5,0.5,0.0,0.0,0.0,0.0,0.0,,0.0,0.0,0.0,0.0,0.0,0.0,0.6,0.0,0.0,0.0
Bronx,Bronx,borough,0.10526315789473684,0.0,0.04,0.09090909090909091,0.043478260869565216,0.043478260869565216,0.038461538461538464,0.13043478260869565,0.09523809523809523,0.14814814814814814,0.0,0.07142857142857142,0.125,0.045454545454545456,0.14285714285714285,0.0,0.125,0.21212121212121213,0.06896551724137931,0.12121212121212122,0.13333333333333333,0.05555555555555555,0.058823529411764705,0.034482758620689655,0.03333333333333333,0.0,0.2,0.07317073170731707,0.1282051282051282,0.05555555555555555,0.04878048780487805,0.02127659574468085,0.11363636363636363,0.16393442622950818,0.05,0.02631578947368421,0.05,0.09090909090909091,0.07692307692307693,0.05,0.1,0.0,0.02040816326530612,0.0784313725490196,0.11764705882352941,0.14,0.03225806451612903,0.04477611940298507,0.014925373134328358,0.03125,0.037037037037037035,0.09433962264150944,0.1320754716981132,0.13432835820895522,0.1232876712328767,0.13580246913580246,0.038461538461538464,0.14925373134328357,0.02564102564102564,0.056179775280898875,0.06796116504854369,0.06837606837606838,0.10344827586206896,0.07476635514018691,0.09803921568627451,0.09166666666666666,0.1386861313868613,0.14482758620689656,0.136,0.12666666666666668,0.1390728476821192,0.07563025210084033,0.10344827586206896,0.07339449541284404,0.12037037037037036,0.049019607843137254,0.04065040650406504,0.17647058823529413,0.10596026490066225,0.1534090909090909,0.1853932584269663,0.1,0.11363636363636363,0.08771929824561403,0.10152284263959391,0.11057692307692307,0.09623430962343096,0.05527638190954774,0.1256544502617801,0.11764705882352941,0.07329842931937172,0.13385826771653545,0.11016949152542373,0.16,0.1619718309859155,0.14814814814814814,0.112,0.13846153846153847,0.1346153846153846,0.13690476190476192,0.16243654822335024,0.14218009478672985,0.16101694915254236,0.18725099601593626,0.16740088105726872,0.12014134275618374,0.12757201646090535,0.10460251046025104,0.15302491103202848,0.07604562737642585,0.09195402298850575,0.1016949152542373,0.09401709401709402,0.12807881773399016,0.12272727272727273,0.16017316017316016,0.20675105485232068,0.12562814070351758,0.13089005235602094,0.11538461538461539,0.10666666666666667,0.10204081632653061,0.1016949152542373,0.05555555555555555,0.14035087719298245,0.10897435897435898,0.18518518518518517,0.16022099447513813,0.14285714285714285,0.20155038759689922,0.058333333333333334,0.125,0.07462686567164178,0.11805555555555555,0.07692307692307693,0.09836065573770492,0.08527131782945736,0.1144578313253012,0.11695906432748537,0.1165644171779141,0.11038961038961038,0.16766467065868262,0.13812154696132597,0.10526315789473684,0.06569343065693431,0.08441558441558442,0.125,0.06857142857142857,0.12745098039215685,0.09239130434782608,0.08379888268156424,0.08152173913043478,0.1130952380952381,0.10227272727272728,0.13559322033898305,0.14285714285714285,0.08064516129032258,0.11764705882352941,0.06547619047619048,0.08588957055214724,0.06578947368421052,0.08695652173913043,0.0967741935483871,0.10240963855421686,0.12244897959183673,0.16417910447761194,0.10869565217391304,0.07563025210084033,0.11382113821138211,0.18333333333333332,0.10071942446043165,0.06818181818181818,0.1044776119402985,0.09285714285714286,0.13013698630136986,0.0859375,0.0873015873015873,0.13076923076923078,0.12598425196850394,0.0873015873015873,0.09090909090909091,0.136986301369863,0.10778443113772455,0.055865921787709494,0.12804878048780488,0.05063291139240506,0.13709677419354838,0.104,0.15254237288135594,0.12307692307692308,0.10236220472440945,0.12612612612612611,0.10204081632653061,0.08139534883720931,0.08045977011494253,0.12380952380952381,0.08264462809917356,0.10317460317460317,0.19083969465648856,0.17293233082706766
Bronxwood,Bronx,neighborhood,,,,,,,,,,,,,,,,,0.0,0.0,,,,,,,,,,,,,,0.0,0.0,,,,,,0.0,0.0,,,,,,,0.0,0.0,0.0,,,,,,,,,0.0,0.0,0.0,,,,,0.0,0.0,0.0,0.0,0.0,1.0,0.0,,,,,,,,0.0,0.0,0.0,0.0,0.0,0.0,0.0,0.0,0.0,0.0,0.25,0.0,0.0,,,0.0,0.0,0.3333333333333333,0.0,0.5,0.0,0.0,0.0,0.0,0.2,0.0,,,,,,1.0,1.0,0.0,0.3333333333333333,0.0,0.0,0.2,0.36363636363636365,0.0,0.25,0.0,0.6666666666666666,0.0,,0.0,0.0,1.0,0.0,0.5,0.0,,,0.0,,0.0,1.0,0.0,0.0,,,,,,,0.5,0.0,0.0,0.0,0.0,0.0,0.0,0.0,,,0.0,0.0,0.5,0.0,0.16666666666666666,0.0,0.0,0.0,0.0,0.0,0.0,0.2857142857142857,0.0,0.0,0.0,0.0,,1.0,,0.0,0.0,,0.0,0.0,0.6666666666666666,0.0,,,0.0,,,,,,0.0,0.5,0.5,1.0,0.0,0.0,1.0,0.0,0.0,0.0,0.0,,
Brooklyn,Brooklyn,borough,0.10612244897959183,0.100418410041841,0.12448132780082988,0.1016260162601626,0.09130434782608696,0.11587982832618025,0.10087719298245613,0.08189655172413793,0.09223300970873786,0.14516129032258066,0.10638297872340426,0.09090909090909091,0.0796812749003984,0.07563025210084033,0.07317073170731707,0.08365019011406843,0.09666666666666666,0.12759643916913946,0.09428571428571429,0.0903010033444816,0.11261261261261261,0.14553990610328638,0.1952191235059761,0.08085106382978724,0.14130434782608695,0.10377358490566038,0.1,0.1037037037037037,0.12470023980815348,0.14955357142857142,0.11134453781512606,0.11958762886597939,0.13118279569892474,0.16864608076009502,0.07692307692307693,0.07213930348258707,0.12738853503184713,0.12882096069868995,0.12582781456953643,0.16538461538461538,0.13245033112582782,0.15066469719350073,0.12214611872146118,0.11585365853658537,0.17327293318233294,0.18328298086606243,0.15682281059063136,0.14475025484199797,0.13290559120073328,0.125,0.12620578778135047,0.12769010043041606,0.11596009975062344,0.16513233601841196,0.1581532416502947,0.13721804511278196,0.17890586495810745,0.16720955483170466,0.15005476451259583,0.12770682953914492,0.14486215538847116,0.11952941176470588,0.11902654867256637,0.11189390799834231,0.11391437308868502,0.13440514469453377,0.11600429645542427,0.12883102793599133,0.12694483734087694,0.16382536382536383,0.1628614916286149,0.13624268227780734,0.1409669211195929,0.1628614916286149,0.17986577181208055,0.17389525368248773,0.17716150081566068,0.18249701314217442,0.1932633903920486,0.20266120777891505,0.19953797285590527,0.21352431712191872,0.23597025016903314,0.18240181268882175,0.18806570566543748,0.22272099447513813,0.2198351971748087,0.1719059756442934,0.1700328792860498,0.18921627580677491,0.1669592354203238,0.23101449275362318,0.24800796812749004,0.24700650017105713,0.22335561027084067,0.165961049957663,0.1952662721893491,0.18416735028712058,0.1714498695490123,0.16768982229402263,0.16359561752988047,0.16503587736464448,0.1528756957328386,0.18452918850533165,0.18234746157428972,0.20622649394066025,0.1591285815770779,0.13164556962025317,0.1296844181459566,0.13944444444444445,0.14106331819396206,0.151936715766503,0.1623455294402714,0.15446954813359529,0.16106764841233318,0.16488326848249027,0.19449838187702265,0.19364954919639357,0.18732907930720147,0.172008547008547,0.1827435773145904,0.19790104947526238,0.1653930131004367,0.17423312883435582,0.24398416082851052,0.259748427672956,0.2628526645768025,0.288794868295346,0.26136363636363635,0.23149394347240915,0.19572152373803717,0.17527483924496992,0.15196599362380447,0.13754045307443366,0.14207290294246816,0.10195468680586406,0.11358387570858702,0.11645517805976259,0.10115033716779057,0.13591184096802075,0.10830564784053157,0.15359261700725116,0.1416058394160584,0.11235026848409747,0.13264887063655031,0.13514719000892061,0.137210186240973,0.10333048676345004,0.13704414587332053,0.1409252669039146,0.12828840532640468,0.20670205706702058,0.24776785714285715,0.24033264033264035,0.23099173553719007,0.18836432999523128,0.181360201511335,0.19074333800841514,0.18192968111201963,0.15821947994711327,0.1827266238401142,0.1999377141077546,0.1845823095823096,0.2159847764034253,0.2420814479638009,0.2734741784037559,0.24073302790503956,0.17678746327130265,0.1880303707012059,0.19006381039197812,0.18488813845504432,0.1422872340425532,0.1687702848900108,0.1905075807514832,0.19244961680386036,0.21658206429780033,0.24677835051546393,0.2032701597918989,0.22802653399668324,0.1590909090909091,0.1361904761904762,0.1534834992142483,0.13171912832929783,0.12488769092542677,0.14923706736136955,0.1514629948364888,0.15505115089514065,0.16009852216748768,0.21358811040339704,0.2058242843040474,0.18284424379232506,0.1431159420289855,0.1065989847715736,0.11507936507936507,0.15149892933618844,0.1094224924012158,0.10838272650296359,0.13577118030412744,0.1297554347826087,0.13772691397000789
Brooklyn Heights,Brooklyn,neighborhood,0.0,0.0,0.0,0.0,0.0,0.0,0.25,0.0,0.0,0.15384615384615385,0.0,0.2,0.2,0.0,0.0,0.08333333333333333,0.18181818181818182,0.0,0.07142857142857142,0.09090909090909091,0.0,0.2222222222222222,0.0,0.0,0.2857142857142857,0.2857142857142857,0.2727272727272727,0.0,0.11764705882352941,0.13043478260869565,0.0,0.05555555555555555,0.15789473684210525,0.5,0.0,0.0,0.1875,0.0,0.0,0.14285714285714285,0.1111111111111111,0.375,0.21739130434782608,0.05263157894736842,0.3888888888888889,0.1,0.2222222222222222,0.07692307692307693,0.0,0.07692307692307693,0.25,0.15384615384615385,0.17391304347826086,0.2,0.25,0.20512820512820512,0.1891891891891892,0.2962962962962963,0.1111111111111111,0.27586206896551724,0.07142857142857142,0.13636363636363635,0.15789473684210525,0.041666666666666664,0.16,0.2692307692307692,0.16666666666666666,0.15,0.23529411764705882,0.14705882352941177,0.2,0.14814814814814814,0.3939393939393939,0.21875,0.13043478260869565,0.35294117647058826,0.19047619047619047,0.13333333333333333,0.2702702702702703,0.0975609756097561,0.3404255319148936,0.3783783783783784,0.18421052631578946,0.2571428571428571,0.12903225806451613,0.2702702702702703,0.21621621621621623,0.11904761904761904,0.2558139534883721,0.23333333333333334,0.3404255319148936,0.1951219512195122,0.25925925925925924,0.15151515151515152,0.11764705882352941,0.1875,0.15,0.21428571428571427,0.45454545454545453,0.0,0.3125,0.14814814814814814,0.18421052631578946,0.3,0.15,0.36666666666666664,0.1111111111111111,0.06666666666666667,0.06451612903225806,0.2,0.05714285714285714,0.1,0.16216216216216217,0.20930232558139536,0.20512820512820512,0.2631578947368421,0.17142857142857143,0.24242424242424243,0.2727272727272727,0.3125,0.25,0.25,0.08695652173913043,0.045454545454545456,0.13636363636363635,0.2,0.20689655172413793,0.2441860465116279,0.23595505617977527,0.16176470588235295,0.16981132075471697,0.16666666666666666,0.034482758620689655,0.0,0.08333333333333333,0.0,0.047619047619047616,0.10526315789473684,0.04,0.11764705882352941,0.17647058823529413,0.2,0.0625,0.08333333333333333,0.3333333333333333,0.3076923076923077,0.0,0.07692307692307693,0.07142857142857142,0.2631578947368421,0.34615384615384615,0.3793103448275862,0.35294117647058826,0.24,0.18181818181818182,0.13793103448275862,0.2692307692307692,0.15384615384615385,0.12903225806451613,0.16,0.18518518518518517,0.1111111111111111,0.16129032258064516,0.2903225806451613,0.23529411764705882,0.23809523809523808,0.19047619047619047,0.16666666666666666,0.11428571428571428,0.14705882352941177,0.16129032258064516,0.1724137931034483,0.0,0.3055555555555556,0.3023255813953488,0.275,0.4,0.32142857142857145,0.3157894736842105,0.11764705882352941,0.11538461538461539,0.15789473684210525,0.11764705882352941,0.21428571428571427,0.22727272727272727,0.16129032258064516,0.2,0.19444444444444445,0.2692307692307692,0.28,0.2,0.16666666666666666,0.08333333333333333,0.07692307692307693,0.13333333333333333,0.0,0.1875,0.3,0.125,0.4
Brookville,Queens,neighborhood,0.0,0.0,0.0,,,,,,,,,,,,,,,,,,,,,,,,,,,0.0,0.0,,,,,,,,,,,,,,,,,,,,,,,,,,,,0.0,,,,,,,0.0,0.0,,,,,,,,,,,,,,0.0,0.0,,,,,,0.0,0.0,0.0,0.0,,,,,,,,,,,0.0,0.5,0.0,0.0,0.0,0.0,1.0,0.0,0.0,,0.0,0.0,0.0,,,,,,0.0,0.0,0.3333333333333333,,1.0,0.0,0.0,,,0.0,0.0,1.0,1.0,,0.0,,0.0,0.0,0.3333333333333333,0.0,0.0,0.6666666666666666,0.5,,0.0,,,0.0,0.0,1.0,,,,,0.0,0.0,0.0,0.3333333333333333,0.0,0.0,0.0,0.0,,0.0,0.0,0.0,0.0,,,0.0,0.5,0.0,0.0,1.0,0.3333333333333333,0.0,0.0,0.0,0.0,,,0.3333333333333333,,,0.0,0.0,,0.0,0.0,0.3333333333333333,,,0.0,0.0,0.5,1.0,,0.0,0.0,,
Brownsville,Brooklyn,neighborhood,0.0,,,,,,,,,,,,0.0,0.0,0.0,0.0,0.0,0.0,0.0,0.0,,,,,,,,,,,0.0,0.0,0.0,,,,0.0,0.0,0.0,0.0,0.0,0.0,0.0,0.0,0.0,0.0,0.0,,0.0,0.0,0.0,0.0,0.3333333333333333,0.0,0.2857142857142857,0.16666666666666666,0.5,0.2,0.0,0.0,1.0,0.0,0.0,0.0,0.0,0.0,0.0,0.0,0.1,0.06666666666666667,0.0,0.23076923076923078,0.25,0.0,0.18181818181818182,0.4,0.1111111111111111,0.0,0.2857142857142857,0.08695652173913043,0.0,0.125,0.15384615384615385,0.07692307692307693,0.0,0.3333333333333333,0.0625,0.2777777777777778,0.09090909090909091,0.21875,0.08333333333333333,0.3333333333333333,0.1111111111111111,0.45454545454545453,0.2727272727272727,0.25,0.16666666666666666,0.0,0.3333333333333333,0.18181818181818182,0.13333333333333333,0.0,0.11764705882352941,0.09090909090909091,0.16666666666666666,0.10526315789473684,0.10714285714285714,0.04,0.0,0.0,0.03333333333333333,0.12,0.14285714285714285,0.02857142857142857,0.09090909090909091,0.19047619047619047,0.3,0.2,0.23529411764705882,0.05,0.1111111111111111,0.0,0.15384615384615385,0.16666666666666666,0.25,0.4,0.07692307692307693,0.16666666666666666,0.058823529411764705,0.23076923076923078,0.2608695652173913,0.3157894736842105,0.2222222222222222,0.0,0.08333333333333333,0.3076923076923077,0.14285714285714285,0.125,0.12903225806451613,0.21875,0.3333333333333333,0.03333333333333333,0.09375,0.07142857142857142,0.11764705882352941,0.0,0.16666666666666666,0.19047619047619047,0.17857142857142858,0.2777777777777778,0.2727272727272727,0.3181818181818182,0.1111111111111111,0.058823529411764705,0.21428571428571427,0.29411764705882354,0.2222222222222222,0.034482758620689655,0.23076923076923078,0.08333333333333333,0.09090909090909091,0.1111111111111111,0.0,0.2777777777777778,0.26666666666666666,0.17647058823529413,0.22727272727272727,0.1875,0.07692307692307693,0.0,0.2631578947368421,0.07142857142857142,0.17647058823529413,0.125,0.18181818181818182,0.25,0.08333333333333333,0.0,0.06666666666666667,0.1111111111111111,0.29411764705882354,0.15384615384615385,0.0,0.13333333333333333,0.09090909090909091,0.15384615384615385,0.0,0.05,0.24,0.22727272727272727,0.07692307692307693,0.08333333333333333,0.16666666666666666,0.0,0.08333333333333333,0.07142857142857142,0.13043478260869565,0.0,0.18181818181818182,0.058823529411764705
Bushwick,Brooklyn,neighborhood,0.0,0.0,0.0,0.0,,,0.0,0.0,0.0,1.0,0.0,0.0,0.2857142857142857,0.0,0.25,0.2,0.0,0.0,0.0,0.0,0.2,0.0,0.2222222222222222,0.1,0.08333333333333333,0.08333333333333333,0.0625,0.06060606060606061,0.1,0.29411764705882354,0.06666666666666667,0.07692307692307693,0.02702702702702703,0.19230769230769232,0.09523809523809523,0.08695652173913043,0.1724137931034483,0.32,0.2,0.25,0.06060606060606061,0.15151515151515152,0.05357142857142857,0.14102564102564102,0.22857142857142856,0.18487394957983194,0.1111111111111111,0.12698412698412698,0.14912280701754385,0.11851851851851852,0.1164021164021164,0.10599078341013825,0.14285714285714285,0.15018315018315018,0.13924050632911392,0.12413793103448276,0.1649122807017544,0.16279069767441862,0.12935323383084577,0.14146341463414633,0.14487632508833923,0.15076923076923077,0.1349206349206349,0.08857808857808858,0.10368663594470046,0.11971830985915492,0.1073738680465718,0.11282051282051282,0.07540394973070018,0.15065502183406113,0.1696969696969697,0.12274368231046931,0.15053763440860216,0.18373493975903615,0.2109375,0.15704387990762125,0.14556040756914118,0.208,0.2037735849056604,0.2157622739018088,0.203125,0.1627450980392157,0.23728813559322035,0.17548076923076922,0.24824355971896955,0.28741092636579574,0.2563176895306859,0.2112676056338028,0.18906064209274673,0.21965317919075145,0.17293233082706766,0.2337317397078353,0.24471299093655588,0.23404255319148937,0.254,0.19117647058823528,0.210412147505423,0.18225419664268586,0.18143459915611815,0.17117117117117117,0.18076923076923077,0.20281124497991967,0.14611154752553024,0.18699780861943024,0.1679611650485437,0.17937608318890816,0.13946869070208728,0.11987704918032786,0.12166488794023479,0.1415929203539823,0.17056396148555708,0.18209876543209877,0.19060773480662985,0.1800878477306003,0.19026047565118911,0.17554479418886199,0.2074468085106383,0.19672131147540983,0.20408163265306123,0.14356435643564355,0.1862348178137652,0.2226148409893993,0.14015151515151514,0.20863309352517986,0.2805872756933116,0.2944507361268403,0.29466357308584684,0.28396651641983256,0.22145804676753783,0.2192468619246862,0.16758747697974216,0.17008196721311475,0.13333333333333333,0.13110047846889952,0.12334801762114538,0.09990662931839403,0.1201885310290652,0.10702875399361023,0.08721804511278196,0.15633187772925763,0.09687034277198212,0.15883306320907617,0.13577981651376148,0.13097713097713098,0.1484375,0.1988071570576541,0.13761467889908258,0.11190053285968028,0.13246268656716417,0.14339622641509434,0.12965964343598055,0.2363919129082426,0.2789115646258503,0.2778993435448578,0.24324324324324326,0.22332506203473945,0.2051948051948052,0.21323529411764705,0.19856459330143542,0.18863049095607234,0.20593692022263452,0.22719449225473323,0.2283464566929134,0.21983471074380165,0.2751937984496124,0.296969696969697,0.27835051546391754,0.165374677002584,0.2531914893617021,0.21115537848605578,0.25193798449612403,0.125,0.16071428571428573,0.20882852292020374,0.20351758793969849,0.2579415501905972,0.2621664050235479,0.20925925925925926,0.22072072072072071,0.15404699738903394,0.14594594594594595,0.16569767441860464,0.15346534653465346,0.12527472527472527,0.18181818181818182,0.17894736842105263,0.13213213213213212,0.14968152866242038,0.19957537154989385,0.2344632768361582,0.22258064516129034,0.15705128205128205,0.11419753086419752,0.12612612612612611,0.18518518518518517,0.13577586206896552,0.11518324607329843,0.16815476190476192,0.10588235294117647,0.1194331983805668
Cambria Heights,Queens,neighborhood,,,,,,,,,,,,,,,,,,,,,,,,,,,,,,,,,,,,,,,,,,,,,,,,,,,,,,,,,,,,,,,,,,,,,,,,,0.0,0.0,,,0.0,0.0,,,,,,,,,0.0,0.0,,,,,,1.0,1.0,0.0,0.0,0.0,0.0,,,,,,,,0.0,,1.0,0.0,0.0,0.0,0.0,,,,,,,,,0.0,,,,,,,,,,,,,0.0,0.0,0.0,,0.0,,,0.0,0.0,0.0,,,0.0,,,,,0.0,0.5,1.0,0.0,1.0,1.0,0.0,0.0,,0.0,,,,,1.0,,,,,,,,0.0,1.0,,,,0.0,0.0,1.0,0.0,1.0,0.0,0.0,,,0.0,0.0,,,0.0,0.0,0.0,0.0,,0.0,0.3333333333333333,,
Canarsie,Brooklyn,neighborhood,0.0,0.5,0.0,0.0,,,,,,,0.0,0.0,0.0,0.0,0.0,0.0,0.0,0.25,0.0,0.0,0.0,0.0,0.0,0.0,0.0,,,,1.0,0.5,0.0,0.0,0.0,,0.0,0.0,0.0,0.0,0.0,0.0,0.6,0.0,1.0,0.0,0.0,0.0,0.0,0.0,0.0,,0.0,0.0,0.0,0.0,0.0,0.0,0.0,0.125,0.0,0.0,0.0,0.0,0.0,0.0,0.14285714285714285,0.0,0.0,0.0,0.0,0.0,0.0,0.09090909090909091,0.0,0.0,0.4,0.0,0.1,0.16666666666666666,0.0,0.0,0.0,0.0,0.1111111111111111,0.0,0.1,0.4444444444444444,0.09090909090909091,0.09090909090909091,0.05555555555555555,0.2727272727272727,0.22727272727272727,0.4,0.15384615384615385,0.0,0.07142857142857142,0.0,0.05263157894736842,0.05263157894736842,0.0,0.13333333333333333,0.05263157894736842,0.13636363636363635,0.125,0.14814814814814814,0.0,0.15789473684210525,0.07142857142857142,0.15384615384615385,0.0,0.08333333333333333,0.10526315789473684,0.0,0.1111111111111111,0.0,0.2,0.125,0.25,0.14285714285714285,0.0,0.3,0.125,0.0,0.125,0.0,0.0,0.3333333333333333,0.125,0.1,0.07692307692307693,0.1,0.25,0.0,0.2,0.4,0.5714285714285714,0.0,0.0,0.0,0.25,0.0,0.14285714285714285,0.0,0.14285714285714285,0.0625,0.0,0.0,0.13636363636363635,0.05,0.17647058823529413,0.21428571428571427,0.2222222222222222,0.23529411764705882,0.18181818181818182,0.0,0.08695652173913043,0.0625,0.13333333333333333,0.0,0.19047619047619047,0.23076923076923078,0.06666666666666667,0.2222222222222222,0.08333333333333333,0.2,0.1111111111111111,0.06666666666666667,0.2857142857142857,0.2222222222222222,0.18181818181818182,0.21052631578947367,0.0,0.3333333333333333,0.2222222222222222,0.4166666666666667,0.23076923076923078,0.09090909090909091,0.08333333333333333,0.047619047619047616,0.12,0.3076923076923077,0.16666666666666666,0.1111111111111111,0.125,0.11764705882352941,0.06666666666666667,0.09090909090909091,0.3333333333333333,0.14285714285714285,0.3333333333333333,0.1111111111111111,0.18181818181818182,0.08333333333333333,0.125,0.0,0.0,0.14285714285714285,0.0,0.0,0.23076923076923078,0.0
Carroll Gardens,Brooklyn,neighborhood,0.07142857142857142,0.1,0.14285714285714285,0.125,0.14285714285714285,0.25,0.3333333333333333,0.0,0.0,0.0,0.0,0.0,0.14285714285714285,0.0,0.0,0.0,0.0,0.06666666666666667,0.125,0.2631578947368421,0.05,0.0,0.0,0.0,0.23076923076923078,0.5,0.14285714285714285,0.1111111111111111,0.3333333333333333,0.26666666666666666,0.05555555555555555,0.1875,0.3333333333333333,0.5,0.0,0.3333333333333333,0.0,0.3333333333333333,0.16666666666666666,0.3333333333333333,0.18181818181818182,0.0,0.21739130434782608,0.23809523809523808,0.3888888888888889,0.0,0.0,0.09090909090909091,0.25,0.25,0.0,0.08333333333333333,0.1,0.21739130434782608,0.21739130434782608,0.28125,0.17777777777777778,0.2,0.08333333333333333,0.19047619047619047,0.16666666666666666,0.08695652173913043,0.16,0.3333333333333333,0.2962962962962963,0.25,0.20588235294117646,0.1935483870967742,0.3333333333333333,0.17391304347826086,0.2,0.19047619047619047,0.05263157894736842,0.10526315789473684,0.3,0.2,0.3,0.07692307692307693,0.16129032258064516,0.2,0.3333333333333333,0.36363636363636365,0.24390243902439024,0.08108108108108109,0.17857142857142858,0.09523809523809523,0.2727272727272727,0.19047619047619047,0.02631578947368421,0.2972972972972973,0.3055555555555556,0.36666666666666664,0.5,0.21739130434782608,0.3333333333333333,0.09090909090909091,0.19230769230769232,0.23684210526315788,0.07407407407407407,0.24242424242424243,0.1956521739130435,0.1956521739130435,0.09523809523809523,0.28125,0.16666666666666666,0.3225806451612903,0.22727272727272727,0.0,0.0,0.25,0.21052631578947367,0.058823529411764705,0.2,0.0625,0.20930232558139536,0.32608695652173914,0.21052631578947367,0.25,0.0967741935483871,0.14285714285714285,0.2727272727272727,0.4166666666666667,0.15,0.11764705882352941,0.3,0.26,0.2692307692307692,0.4095238095238095,0.2564102564102564,0.2972972972972973,0.22033898305084745,0.2682926829268293,0.1388888888888889,0.09523809523809523,0.2,0.16666666666666666,0.058823529411764705,0.1794871794871795,0.16,0.10344827586206896,0.05263157894736842,0.058823529411764705,0.21428571428571427,0.16666666666666666,0.2857142857142857,0.1875,0.2857142857142857,0.1111111111111111,0.09375,0.21621621621621623,0.2222222222222222,0.13333333333333333,0.28,0.39285714285714285,0.27586206896551724,0.22727272727272727,0.1111111111111111,0.17391304347826086,0.21875,0.0967741935483871,0.13333333333333333,0.275,0.3783783783783784,0.20930232558139536,0.3333333333333333,0.34615384615384615,0.13333333333333333,0.13333333333333333,0.1111111111111111,0.0,0.16666666666666666,0.08,0.2,0.24,0.18181818181818182,0.3333333333333333,0.40540540540540543,0.23809523809523808,0.3125,0.041666666666666664,0.0,0.0,0.10526315789473684,0.15384615384615385,0.15,0.15,0.15384615384615385,0.25,0.23529411764705882,0.15384615384615385,0.23529411764705882,0.07692307692307693,0.07692307692307693,0.16666666666666666,0.11764705882352941,0.21739130434782608,0.08108108108108109,0.12195121951219512,0.03125,0.25806451612903225
Castle Hill,Bronx,neighborhood,,,,,,,,,0.0,0.0,0.0,,,,,,,,,,,,,,,,,,,,,,,,,,,,,,,,,,,,,,,,,,,,,,,,0.0,0.0,,0.0,,,,,,0.0,0.0,0.0,0.0,0.0,0.0,0.0,0.0,0.0,0.0,0.0,0.0,0.0,0.0,0.0,0.0,0.07142857142857142,0.0,0.0,0.0,0.0,0.0,0.0,,0.0,0.0,0.0,0.0,0.0,0.0,,0.0,0.3333333333333333,0.0,0.0,0.3333333333333333,0.0,0.0,0.0,0.0,0.0,0.0,0.0,0.0,0.0,0.0,0.0,0.0,0.0,0.0,,,,1.0,0.5,0.0,,,0.0,0.5,0.0,0.5,0.0,0.0,0.0,0.0,0.0,0.0,,0.0,0.0,0.0,0.5,0.0,0.0,0.0,0.0,0.0,0.0,0.3333333333333333,0.0,0.0,0.0,0.0,0.0,0.5,0.0,,0.0,0.5,0.0,0.0,0.0,,,0.0,0.0,,,,,,,,0.0,,,,1.0,,,0.0,0.0,0.0,0.0,,,,0.0,0.0,,0.0,0.0,0.0,0.0,0.0,,,,,,0.0,0.0
Central Harlem,Manhattan,neighborhood,0.14285714285714285,0.07575757575757576,0.04838709677419355,0.037037037037037035,0.02127659574468085,0.09375,0.057692307692307696,0.1,0.25,0.21621621621621623,0.058823529411764705,0.08823529411764706,0.02702702702702703,0.07692307692307693,0.13513513513513514,0.058823529411764705,0.20454545454545456,0.2,0.12244897959183673,0.18518518518518517,0.15517241379310345,0.2711864406779661,0.12962962962962962,0.10256410256410256,0.1076923076923077,0.09375,0.13333333333333333,0.04411764705882353,0.14084507042253522,0.18181818181818182,0.15315315315315314,0.14705882352941177,0.19540229885057472,0.16666666666666666,0.0975609756097561,0.08433734939759036,0.17391304347826086,0.20238095238095238,0.17073170731707318,0.13043478260869565,0.06201550387596899,0.12781954887218044,0.07964601769911504,0.16831683168316833,0.10869565217391304,0.2631578947368421,0.14678899082568808,0.16,0.17592592592592593,0.12844036697247707,0.056074766355140186,0.10377358490566038,0.12396694214876033,0.225,0.26666666666666666,0.1858974358974359,0.25757575757575757,0.13432835820895522,0.14705882352941177,0.11510791366906475,0.13513513513513514,0.16770186335403728,0.12903225806451613,0.10362694300518134,0.12849162011173185,0.12777777777777777,0.143646408839779,0.14659685863874344,0.15053763440860216,0.15060240963855423,0.12643678160919541,0.11666666666666667,0.09844559585492228,0.10227272727272728,0.08333333333333333,0.15555555555555556,0.15789473684210525,0.1712962962962963,0.17391304347826086,0.20078740157480315,0.19246861924686193,0.15,0.17777777777777778,0.06976744186046512,0.11650485436893204,0.10471204188481675,0.1641025641025641,0.15625,0.10426540284360189,0.144,0.13043478260869565,0.19095477386934673,0.2714285714285714,0.3116883116883117,0.26119402985074625,0.12612612612612611,0.18548387096774194,0.1037037037037037,0.14556962025316456,0.14534883720930233,0.09782608695652174,0.11170212765957446,0.15763546798029557,0.22672064777327935,0.23979591836734693,0.2971698113207547,0.18536585365853658,0.13414634146341464,0.2191780821917808,0.1223021582733813,0.12162162162162163,0.07734806629834254,0.12162162162162163,0.11740890688259109,0.100418410041841,0.20320855614973263,0.18404907975460122,0.23376623376623376,0.13675213675213677,0.13953488372093023,0.14150943396226415,0.13829787234042554,0.1326530612244898,0.1267605633802817,0.19444444444444445,0.21551724137931033,0.32941176470588235,0.34382566585956414,0.29473684210526313,0.3034300791556728,0.19281045751633988,0.11272727272727273,0.12692307692307692,0.13004484304932734,0.10328638497652583,0.10377358490566038,0.09821428571428571,0.1171875,0.14122137404580154,0.17194570135746606,0.1793478260869565,0.1827956989247312,0.18023255813953487,0.11627906976744186,0.08695652173913043,0.104,0.11607142857142858,0.13725490196078433,0.10377358490566038,0.174496644295302,0.1111111111111111,0.18285714285714286,0.21804511278195488,0.21212121212121213,0.25,0.14655172413793102,0.13559322033898305,0.10101010101010101,0.17482517482517482,0.08955223880597014,0.12244897959183673,0.1509433962264151,0.15343915343915343,0.24,0.25949367088607594,0.21965317919075145,0.1488095238095238,0.12030075187969924,0.08148148148148149,0.05202312138728324,0.13793103448275862,0.0410958904109589,0.13068181818181818,0.1256544502617801,0.16444444444444445,0.20689655172413793,0.23863636363636365,0.1836734693877551,0.22137404580152673,0.19672131147540983,0.09565217391304348,0.08823529411764706,0.10743801652892562,0.1349206349206349,0.0915032679738562,0.08387096774193549,0.1360544217687075,0.23622047244094488,0.25663716814159293,0.17757009345794392,0.12195121951219512,0.1044776119402985,0.14705882352941177,0.13924050632911392,0.07777777777777778,0.09433962264150944,0.11564625850340136,0.10404624277456648,0.1,0.16666666666666666
Central Park South,Manhattan,neighborhood,0.0,0.0,0.2857142857142857,0.0,0.4,0.0,0.0,0.3333333333333333,0.3333333333333333,0.0,0.0,0.0,0.0,0.0,0.0,0.0,0.0,0.3333333333333333,0.0,0.3,0.45454545454545453,0.09090909090909091,0.42857142857142855,0.0,0.14285714285714285,0.0,0.125,0.0,0.16666666666666666,0.0,0.0,0.0,0.0,0.0,0.0,0.0,0.3333333333333333,0.4,0.0,0.14285714285714285,0.0,0.0,0.0,0.25,0.0,0.0,0.2,0.0,0.2,0.0,0.0,0.3333333333333333,0.1111111111111111,0.2222222222222222,0.125,0.09090909090909091,0.3333333333333333,0.14285714285714285,0.1,0.0,0.07692307692307693,0.09090909090909091,0.42857142857142855,0.1111111111111111,0.3333333333333333,0.0,0.0,0.1111111111111111,0.3333333333333333,0.36363636363636365,0.08333333333333333,0.0,0.1111111111111111,0.5,0.23076923076923078,0.13333333333333333,0.1875,0.21428571428571427,0.25,0.2222222222222222,0.25,0.1,0.0,0.0,0.14285714285714285,0.16666666666666666,0.14285714285714285,0.23076923076923078,0.07142857142857142,0.0625,0.11764705882352941,0.0,0.0,0.0,0.0,0.0,0.0,0.16666666666666666,0.0,0.25,0.1111111111111111,0.2857142857142857,0.2857142857142857,0.4,0.42857142857142855,0.25,0.2,0.2,0.2,0.16666666666666666,0.2857142857142857,0.0,0.0,0.0,0.14285714285714285,0.0,0.0,0.0,0.14285714285714285,0.0,0.0,0.0,0.0,0.0,0.0,0.0,0.25,0.06666666666666667,0.15789473684210525,0.4444444444444444,0.05263157894736842,0.0625,0.15789473684210525,0.11764705882352941,0.13333333333333333,0.0625,0.0,0.0,0.09090909090909091,0.09090909090909091,0.0,0.0,0.0,0.16666666666666666,0.2857142857142857,0.0,0.0,0.0,0.4,0.0,0.14285714285714285,0.14285714285714285,0.125,0.14285714285714285,0.1,0.125,0.0,0.25,0.09090909090909091,0.09090909090909091,0.125,0.0,0.0,0.2727272727272727,0.0625,0.35294117647058826,0.25,0.0,0.18181818181818182,0.07692307692307693,0.16666666666666666,0.09090909090909091,0.1111111111111111,0.16666666666666666,0.1111111111111111,0.0,0.0,0.0,0.0,0.0,0.0,0.0,0.25,0.0,0.16666666666666666,0.0,0.0,0.0,0.1111111111111111,0.3,0.23076923076923078,0.058823529411764705,0.07692307692307693,0.0,0.0,0.0,0.0,0.125,0.0,0.14285714285714285
Chelsea,Manhattan,neighborhood,0.03636363636363636,0.045454545454545456,0.11428571428571428,0.0,0.18,0.12162162162162163,0.09090909090909091,0.07575757575757576,0.10256410256410256,0.05128205128205128,0.10810810810810811,0.09523809523809523,0.17777777777777778,0.15625,0.11764705882352941,0.11363636363636363,0.07272727272727272,0.09615384615384616,0.10869565217391304,0.16129032258064516,0.22807017543859648,0.15217391304347827,0.18421052631578946,0.024390243902439025,0.0425531914893617,0.044444444444444446,0.029411764705882353,0.05405405405405406,0.09259259259259259,0.078125,0.18181818181818182,0.19298245614035087,0.17543859649122806,0.22448979591836735,0.11904761904761904,0.1956521739130435,0.29310344827586204,0.05,0.21875,0.23880597014925373,0.08860759493670886,0.1232876712328767,0.22535211267605634,0.1724137931034483,0.18518518518518517,0.1896551724137931,0.1206896551724138,0.08064516129032258,0.1864406779661017,0.1864406779661017,0.08823529411764706,0.1643835616438356,0.1891891891891892,0.15555555555555556,0.12631578947368421,0.0641025641025641,0.1935483870967742,0.2,0.17647058823529413,0.07317073170731707,0.0821917808219178,0.15789473684210525,0.13414634146341464,0.17,0.06722689075630252,0.16417910447761194,0.1643835616438356,0.13392857142857142,0.20833333333333334,0.25806451612903225,0.125,0.14285714285714285,0.14666666666666667,0.10256410256410256,0.16666666666666666,0.04938271604938271,0.16666666666666666,0.1588785046728972,0.19166666666666668,0.211864406779661,0.24347826086956523,0.25862068965517243,0.2912621359223301,0.0989010989010989,0.2222222222222222,0.11458333333333333,0.11504424778761062,0.10909090909090909,0.18032786885245902,0.1504424778761062,0.2682926829268293,0.25555555555555554,0.3707865168539326,0.1919191919191919,0.23711340206185566,0.16049382716049382,0.1728395061728395,0.11594202898550725,0.11688311688311688,0.09375,0.13385826771653545,0.14285714285714285,0.17699115044247787,0.21621621621621623,0.24390243902439024,0.25882352941176473,0.14084507042253522,0.13725490196078433,0.10416666666666667,0.15,0.09090909090909091,0.09401709401709402,0.0967741935483871,0.09420289855072464,0.16822429906542055,0.13978494623655913,0.21951219512195122,0.21518987341772153,0.15714285714285714,0.1076923076923077,0.1267605633802817,0.10606060606060606,0.13559322033898305,0.21666666666666667,0.23478260869565218,0.203125,0.3900414937759336,0.36013986013986016,0.2716049382716049,0.25892857142857145,0.19047619047619047,0.08108108108108109,0.11940298507462686,0.10784313725490197,0.09574468085106383,0.053763440860215055,0.041666666666666664,0.0641025641025641,0.013888888888888888,0.1744186046511628,0.05660377358490566,0.23529411764705882,0.1875,0.14814814814814814,0.14285714285714285,0.03125,0.1282051282051282,0.07547169811320754,0.1,0.0975609756097561,0.14953271028037382,0.25,0.30337078651685395,0.37777777777777777,0.36046511627906974,0.16883116883116883,0.09859154929577464,0.11594202898550725,0.17857142857142858,0.1650485436893204,0.08661417322834646,0.16296296296296298,0.24647887323943662,0.30656934306569344,0.2,0.26373626373626374,0.14457831325301204,0.09375,0.13636363636363635,0.19047619047619047,0.17857142857142858,0.04819277108433735,0.07894736842105263,0.13445378151260504,0.20588235294117646,0.21774193548387097,0.2441860465116279,0.23376623376623376,0.18,0.041666666666666664,0.07142857142857142,0.08,0.06896551724137931,0.05555555555555555,0.0594059405940594,0.043478260869565216,0.15748031496062992,0.16831683168316833,0.1746031746031746,0.2962962962962963,0.14583333333333334,0.21153846153846154,0.14285714285714285,0.1891891891891892,0.08163265306122448,0.09259259259259259,0.08974358974358974,0.1276595744680851,0.1111111111111111,0.2375
Chinatown,Manhattan,neighborhood,0.0,0.0,0.0,0.0,0.0,0.25,0.0,0.1111111111111111,0.16666666666666666,0.25,0.0,0.0,0.3333333333333333,0.2,0.0,0.0,0.0,0.0,0.25,0.0,0.5,0.5,0.0,0.0,0.6666666666666666,0.0,0.0,0.3333333333333333,0.16666666666666666,0.4,0.2,0.75,0.3333333333333333,0.0,0.6666666666666666,0.3333333333333333,0.0,0.5,0.5,0.0,0.0,0.2,0.2,0.0,0.1111111111111111,0.0,0.2,0.0,0.0,0.0,0.16666666666666666,0.0,0.0,0.0,0.2,0.375,0.2857142857142857,0.36363636363636365,0.4444444444444444,0.18181818181818182,0.125,0.0,0.1111111111111111,0.0,0.0,0.0,0.0,0.0,0.5,0.1111111111111111,0.09090909090909091,0.125,0.0,0.16666666666666666,0.0,0.09090909090909091,0.09090909090909091,0.125,0.07692307692307693,0.38461538461538464,0.3333333333333333,0.125,0.25,0.3333333333333333,0.25,0.125,0.125,0.15,0.22727272727272727,0.1875,0.0,0.06666666666666667,0.16666666666666666,0.45454545454545453,0.3076923076923077,0.2,0.16666666666666666,0.25,0.0,0.1111111111111111,0.125,0.0,0.1111111111111111,0.21428571428571427,0.3,0.35714285714285715,0.23076923076923078,0.1,0.125,0.07692307692307693,0.1,0.1,0.16666666666666666,0.2857142857142857,0.15789473684210525,0.0,0.0,0.14285714285714285,0.07142857142857142,0.0,0.1111111111111111,0.125,0.0,0.4,0.3333333333333333,0.1875,0.3076923076923077,0.325,0.2558139534883721,0.4166666666666667,0.4074074074074074,0.22727272727272727,0.25,0.16666666666666666,0.1111111111111111,0.0,0.0,0.0,0.0,0.2222222222222222,0.125,0.16666666666666666,0.0,0.14285714285714285,0.2727272727272727,0.2727272727272727,0.125,0.3333333333333333,0.08333333333333333,0.18181818181818182,0.14285714285714285,0.42857142857142855,0.5555555555555556,0.3,0.25,0.14285714285714285,0.2857142857142857,0.16666666666666666,0.1111111111111111,0.2727272727272727,0.0,0.25,0.18181818181818182,0.15384615384615385,0.3333333333333333,0.18181818181818182,0.14285714285714285,0.1111111111111111,0.14285714285714285,0.0,0.5,0.1111111111111111,0.375,0.2222222222222222,0.07142857142857142,0.2857142857142857,0.3333333333333333,0.18181818181818182,0.625,0.26666666666666666,0.08333333333333333,0.1111111111111111,0.0,0.2,0.0,0.25,0.2,0.2,0.25,0.2222222222222222,0.14285714285714285,0.0,0.0,0.0,0.2,0.16666666666666666,0.1111111111111111,0.0,0.5555555555555556,0.16666666666666666
City Island,Bronx,neighborhood,,,,,,,,,,,,,,,,,,,,,,,,,,,,,,,,,,,,,,,,,,,,,,,,,,,,,,,,0.0,0.0,0.0,0.0,,,,,,,,,,,,,,0.0,0.0,0.0,,,,,,,,,,,,,,,0.0,0.0,0.0,,,,,,,,,,,,,,,,,,,,,0.0,1.0,0.0,,,,,,,,,,,,,,0.0,0.0,,,,,,,,,,,0.0,0.0,0.0,0.0,,0.0,0.0,0.0,,,,,,,,,,,,0.0,0.0,0.0,0.0,0.0,,0.0,0.0,0.0,0.0,1.0,0.0,,,,,0.0,0.0,0.0,,,,,,,0.0,0.0,,,,,0.0,0.0,0.0,0.0,0.0,0.0,0.0,0.0,0.0,
Civic Center,Manhattan,neighborhood,,,,,,,,,,,,,,,,,,,,,,,,,,,,,,,,,,,,,,,,,,,0.0,1.0,1.0,0.0,1.0,,,,,,,,,,,,,,,,,,,,,,,,,,,,,,,,,,,,,,,,,,,0.0,0.0,0.0,,,,,,,,,,,,,,,,,,,,0.0,0.0,,,,,,,,,,,,,,,,,,,,,,,,,,,,,,,,,,,,,,,,0.0,0.0,,,0.0,,0.0,,,,,,,,,,,,,,,,,,,,,,,0.0,0.0,,,,,,,,,,,,,,,,,
Clearview,Queens,neighborhood,0.0,1.0,0.0,0.0,,,,,,,,,,,,,0.0,0.0,0.0,0.0,,,0.0,,,,,,,,,,,,,,,,,,,,,,,,,,,,,0.0,0.0,0.0,0.0,0.0,,,0.0,0.0,,,0.0,,0.0,0.0,0.0,0.0,,,,,0.0,0.5,0.0,,,0.0,0.5,0.0,0.0,0.0,0.5,1.0,1.0,0.0,0.0,0.0,0.0,0.14285714285714285,0.16666666666666666,,0.0,0.5,0.0,,0.0,0.0,0.0,,,,,,,,1.0,0.0,0.0,0.25,0.0,0.2,0.0,0.0,0.0,0.0,0.0,0.0,0.0,0.0,0.0,0.0,0.0,0.0,0.0,0.0,0.25,0.0,0.0,0.0,0.125,0.16666666666666666,0.0,0.0,,,,,,,,,,,0.5,,,,0.0,,,0.0,0.0,0.3333333333333333,,,0.0,,0.0,0.0,0.0,0.5,0.0,0.0,0.0,,,0.0,,0.0,0.0,0.0,,,0.0,0.0,0.2,0.6666666666666666,0.0,0.0,0.0,0.0,0.0,0.0,0.25,0.5,,,,0.0,0.0,,,,,,,,,
Clinton Hill,Brooklyn,neighborhood,0.0,0.0,0.0,0.1111111111111111,0.125,0.1111111111111111,0.14285714285714285,0.14285714285714285,0.2,0.0,0.07142857142857142,0.14285714285714285,0.04,0.04,0.0,0.05263157894736842,0.1111111111111111,0.07692307692307693,0.1,0.18181818181818182,0.18181818181818182,0.1111111111111111,0.2727272727272727,0.08333333333333333,0.2222222222222222,0.07142857142857142,0.125,0.2857142857142857,0.07692307692307693,0.10344827586206896,0.03571428571428571,0.14285714285714285,0.09090909090909091,0.2222222222222222,0.13333333333333333,0.07692307692307693,0.21428571428571427,0.17647058823529413,0.16666666666666666,0.12,0.17391304347826086,0.21428571428571427,0.045454545454545456,0.28125,0.13333333333333333,0.27586206896551724,0.18421052631578946,0.05,0.047619047619047616,0.08823529411764706,0.08333333333333333,0.08695652173913043,0.1111111111111111,0.14754098360655737,0.21052631578947367,0.10975609756097561,0.2857142857142857,0.24675324675324675,0.08196721311475409,0.027777777777777776,0.08235294117647059,0.056818181818181816,0.09782608695652174,0.07017543859649122,0.06666666666666667,0.1527777777777778,0.10843373493975904,0.16326530612244897,0.07446808510638298,0.09090909090909091,0.15789473684210525,0.14814814814814814,0.1111111111111111,0.0784313725490196,0.16981132075471697,0.1111111111111111,0.175,0.21428571428571427,0.25925925925925924,0.26804123711340205,0.24390243902439024,0.3880597014925373,0.18055555555555555,0.21212121212121213,0.13636363636363635,0.2222222222222222,0.2441860465116279,0.11627906976744186,0.21875,0.13636363636363635,0.16483516483516483,0.24285714285714285,0.1875,0.34328358208955223,0.1836734693877551,0.02631578947368421,0.09523809523809523,0.1111111111111111,0.04081632653061224,0.1875,0.20454545454545456,0.25287356321839083,0.05747126436781609,0.16883116883116883,0.14285714285714285,0.16666666666666666,0.1780821917808219,0.1566265060240964,0.06796116504854369,0.10256410256410256,0.1188118811881188,0.11494252873563218,0.11827956989247312,0.0625,0.136986301369863,0.2222222222222222,0.2653061224489796,0.2894736842105263,0.28205128205128205,0.10344827586206896,0.10714285714285714,0.125,0.2222222222222222,0.13333333333333333,0.2647058823529412,0.18584070796460178,0.23972602739726026,0.3539325842696629,0.27011494252873564,0.29770992366412213,0.16666666666666666,0.17582417582417584,0.16279069767441862,0.17105263157894737,0.10144927536231885,0.18421052631578946,0.11363636363636363,0.0625,0.09859154929577464,0.19047619047619047,0.1388888888888889,0.03333333333333333,0.05,0.19047619047619047,0.10526315789473684,0.08823529411764706,0.03125,0.07142857142857142,0.029411764705882353,0.15,0.14893617021276595,0.1774193548387097,0.45454545454545453,0.25,0.14583333333333334,0.1951219512195122,0.23684210526315788,0.16666666666666666,0.21568627450980393,0.1590909090909091,0.22413793103448276,0.1935483870967742,0.1864406779661017,0.1746031746031746,0.23529411764705882,0.2857142857142857,0.27692307692307694,0.16,0.13333333333333333,0.3,0.07407407407407407,0.043478260869565216,0.22857142857142856,0.1282051282051282,0.234375,0.2987012987012987,0.2909090909090909,0.18181818181818182,0.23255813953488372,0.30303030303030304,0.15151515151515152,0.25925925925925924,0.10526315789473684,0.0,0.13636363636363635,0.12,0.22388059701492538,0.17333333333333334,0.2549019607843137,0.2894736842105263,0.10344827586206896,0.09090909090909091,0.16666666666666666,0.1,0.05,0.041666666666666664,0.06521739130434782,0.06896551724137931,0.16666666666666666,0.22727272727272727
Co-op City,Bronx,neighborhood,,,,,,,,,,,,,,,,,,,,,,,,,,,,,,,,,,,,,,,,,,,,,,,0.0,0.0,0.0,0.0,,,,,,,,,,,,,,0.0,0.0,,,,,,,,,,,,,,,,,,,,,,,,,,,,,,,,0.0,0.0,,,,,,,,,,,,,,,,,,,,,,,,,,,,,,,,,,,,,,,,,,,,0.0,1.0,0.0,,,,,,,,,,,,0.0,0.0,,,,,,,,,,,,,,,,,,,,,,,,,,,0.0,1.0,,,,,,,,,,,,,,,
Cobble Hill,Brooklyn,neighborhood,0.0,0.0,0.0,0.5,0.0,0.2,0.14285714285714285,0.2,0.25,0.0,0.0,0.0,0.3333333333333333,0.25,0.0,0.3333333333333333,0.14285714285714285,0.2857142857142857,0.0,0.2,0.0,0.0,0.0,0.3333333333333333,0.3333333333333333,0.0,0.0,0.2222222222222222,0.2,0.2,0.3333333333333333,0.0,0.16666666666666666,0.5,0.0,0.0,0.0,0.0,0.3333333333333333,0.0,0.0,0.14285714285714285,0.07142857142857142,0.0,0.4166666666666667,0.0,0.0,0.0,0.14285714285714285,0.18181818181818182,0.125,0.1111111111111111,0.23076923076923078,0.23076923076923078,0.25925925925925924,0.18518518518518517,0.2222222222222222,0.0,0.2222222222222222,0.1111111111111111,0.125,0.15384615384615385,0.36363636363636365,0.14285714285714285,0.06666666666666667,0.3076923076923077,0.36363636363636365,0.2857142857142857,0.16666666666666666,0.3333333333333333,0.14285714285714285,0.07692307692307693,0.26666666666666666,0.15384615384615385,0.18181818181818182,0.25,0.13043478260869565,0.1111111111111111,0.14285714285714285,0.29411764705882354,0.2222222222222222,0.05263157894736842,0.06666666666666667,0.08333333333333333,0.2857142857142857,0.0,0.21428571428571427,0.058823529411764705,0.18181818181818182,0.16666666666666666,0.24,0.18181818181818182,0.29411764705882354,0.3333333333333333,0.36363636363636365,0.5,0.17647058823529413,0.08333333333333333,0.3333333333333333,0.1875,0.125,0.21739130434782608,0.23333333333333334,0.15151515151515152,0.23809523809523808,0.10526315789473684,0.2,0.14285714285714285,0.16666666666666666,0.0,0.0,0.0,0.125,0.11764705882352941,0.21875,0.16666666666666666,0.041666666666666664,0.2,0.19230769230769232,0.041666666666666664,0.0,0.2,0.07142857142857142,0.15384615384615385,0.10344827586206896,0.16666666666666666,0.16666666666666666,0.21052631578947367,0.31666666666666665,0.3389830508474576,0.175,0.23529411764705882,0.15625,0.17857142857142858,0.1,0.1,0.0,0.2222222222222222,0.06666666666666667,0.15384615384615385,0.0,0.0,0.2,0.0,0.0,0.0,0.0,0.0,0.0,0.21052631578947367,0.14285714285714285,0.2857142857142857,0.46153846153846156,0.2777777777777778,0.2777777777777778,0.4,0.2,0.07142857142857142,0.2777777777777778,0.3157894736842105,0.18518518518518517,0.10344827586206896,0.125,0.2727272727272727,0.3448275862068966,0.25,0.18181818181818182,0.1,0.1,0.09090909090909091,0.08333333333333333,0.08333333333333333,0.0,0.36363636363636365,0.15384615384615385,0.21428571428571427,0.15384615384615385,0.18181818181818182,0.23076923076923078,0.16666666666666666,0.2,0.0,0.0,0.16666666666666666,0.06666666666666667,0.3076923076923077,0.0,0.0,0.23076923076923078,0.2,0.2,0.4,0.5,0.16666666666666666,0.21428571428571427,0.07692307692307693,0.07142857142857142,0.25,0.0,0.10526315789473684
College Point,Queens,neighborhood,,,,,,,,,,,,,,,,,,1.0,0.0,0.0,0.0,0.0,0.0,,,,,,0.0,0.0,0.0,0.0,0.0,0.0,0.0,0.0,0.0,0.0,0.3333333333333333,0.0,,,,,,,,,,,,,,,,,,,,0.0,0.0,,,0.0,0.0,0.0,0.0,0.0,,0.0,0.0,0.0,0.0,0.0,0.5,0.0,0.5,0.3333333333333333,0.0,0.0,0.5,0.0,0.0,0.0,0.0,0.0,0.0,0.0,0.3333333333333333,0.09090909090909091,0.125,0.14285714285714285,0.4,0.2857142857142857,0.25,1.0,0.0,0.5,0.0,0.0,0.0,0.5,,0.0,0.0,0.0,0.2,0.42857142857142855,0.0,,0.25,0.3333333333333333,0.0,0.16666666666666666,0.0,0.5,0.0,0.0,0.0,0.0,0.5,0.0,,,0.0,0.0,0.0,0.25,0.0,0.0,,,0.0,0.0,0.5,0.5,0.4,0.0,0.0,0.0,0.5,0.0,0.0,,0.0,0.0,0.0,0.0,,0.25,0.3333333333333333,0.0,0.0,0.0,0.0,0.0,0.0,0.2,0.0,0.0,0.3333333333333333,0.0,0.5,0.0,0.0,0.0,0.0,0.25,0.2,0.1111111111111111,0.0,0.2,0.16666666666666666,0.0,0.0,0.0,0.0,0.0,0.0,0.1111111111111111,0.25,0.0,0.0,0.16666666666666666,0.0,0.0,0.0,0.3333333333333333,0.0,0.0,0.0,0.5,0.0,0.3333333333333333,0.5,0.5,0.1111111111111111,0.3333333333333333,0.0,0.25
Columbia St Waterfront District,Brooklyn,neighborhood,0.0,0.5,,0.0,0.0,0.4,0.0,0.0,0.0,0.0,,,0.0,,,0.5,0.5,,0.0,0.0,,0.0,0.5,0.0,0.0,0.0,,0.0,0.0,0.5,0.0,0.0,1.0,0.0,0.0,0.0,0.0,0.0,0.4,0.4,0.2857142857142857,0.25,0.2777777777777778,0.1,0.3333333333333333,0.0,0.16666666666666666,0.0,0.125,0.4,0.0,0.4444444444444444,0.125,0.07142857142857142,0.2222222222222222,0.3333333333333333,0.0,0.0,0.14285714285714285,0.125,0.0,0.07692307692307693,0.3333333333333333,0.2,0.0,0.16666666666666666,0.5,0.25,0.5,0.16666666666666666,0.3333333333333333,0.0,0.0,0.0,0.2,0.18181818181818182,0.45454545454545453,0.1111111111111111,0.07142857142857142,0.125,0.09090909090909091,0.5,0.2,0.16666666666666666,0.08333333333333333,0.08333333333333333,0.07692307692307693,0.6666666666666666,0.1111111111111111,0.0,0.14285714285714285,0.0,0.1111111111111111,0.0,0.0,0.0,0.5,0.0,0.0,0.16666666666666666,0.36363636363636365,0.1,0.3333333333333333,0.09090909090909091,0.2857142857142857,0.08333333333333333,0.17647058823529413,0.0,0.058823529411764705,0.0,0.14285714285714285,0.1,0.3076923076923077,0.16666666666666666,0.3333333333333333,0.5,0.0,0.0,,0.0,0.0,0.0,0.4,0.0,0.0,0.21428571428571427,0.3333333333333333,0.3333333333333333,0.1111111111111111,0.2857142857142857,0.25,0.5,0.0,0.0,0.0,0.0,0.0,0.0,0.0,0.0,0.0,0.0,0.25,0.0,0.0,0.5,0.0,0.0,0.0,0.0,0.0,0.0,0.14285714285714285,0.4,0.125,0.0,0.25,0.3333333333333333,0.5,0.0,0.0,0.16666666666666666,0.45454545454545453,0.1111111111111111,0.0,0.6666666666666666,0.6666666666666666,0.0,0.0,0.0,,0.0,0.25,0.0,0.0,0.14285714285714285,0.3333333333333333,1.0,1.0,0.0,0.0,0.0,0.0,0.0,0.1111111111111111,0.3333333333333333,0.0,1.0,0.0,0.0,0.0,0.0,0.0,0.5,0.0,0.0,0.0,0.0,0.3333333333333333,0.0
Concourse,Bronx,neighborhood,1.0,0.0,0.0,0.0,,1.0,0.0,0.0,0.5,0.6666666666666666,0.0,0.0,0.0,0.0,0.6,0.0,0.0,0.0,,,0.6666666666666666,0.3333333333333333,0.0,0.0,0.0,0.0,0.0,0.0,0.0,0.0,0.3333333333333333,0.0,0.25,0.3333333333333333,0.0,0.0,0.2,0.0,0.25,0.0,0.3333333333333333,0.0,0.0,0.0,0.0,0.0,0.0,0.0,0.0,0.0,0.0,0.0,0.0,0.0,0.0,0.0,0.0,0.0,0.0,0.0,,0.0,0.0,0.0,0.0,0.0,0.0,0.0,0.0,0.0,0.2,0.25,0.2,0.0,0.0,0.0,0.0,0.14285714285714285,0.16666666666666666,0.5,0.3333333333333333,0.16666666666666666,0.0,0.1111111111111111,0.125,0.125,0.07692307692307693,0.0,0.16666666666666666,0.16666666666666666,0.125,0.0,0.2,0.0,0.16666666666666666,0.2,0.125,0.125,0.0,0.0,0.5454545454545454,0.4,0.18181818181818182,0.3076923076923077,0.07692307692307693,0.10526315789473684,0.21428571428571427,0.2857142857142857,0.16666666666666666,0.05,0.35714285714285715,0.0625,0.0,0.0,0.0,0.0,0.125,0.1111111111111111,0.0,0.125,0.0,0.3333333333333333,0.0,0.2,0.0,0.18181818181818182,0.4166666666666667,0.2857142857142857,0.0,0.0,0.0,0.0,0.125,0.0,0.0,0.25,0.0,0.2222222222222222,0.0,0.1,0.1111111111111111,0.07692307692307693,0.14285714285714285,0.08333333333333333,0.0,0.2857142857142857,0.25,0.125,0.11764705882352941,0.06666666666666667,0.0,0.1111111111111111,0.0,0.13333333333333333,0.2857142857142857,0.4,0.1111111111111111,0.08333333333333333,0.07692307692307693,0.0,0.0,0.0,0.0,0.25,0.2,0.2,0.3333333333333333,0.0,0.0,0.0,0.14285714285714285,0.0,0.0,0.5,0.2,0.0,0.0,0.0,0.0,0.2,0.0,0.0,0.25,0.0,0.0,0.5,0.0,0.6666666666666666,0.5,0.0,0.0,0.0,0.0,0.0,0.0,0.3333333333333333,0.3333333333333333,0.0,0.25,1.0
Coney Island,Brooklyn,neighborhood,0.0,0.0,0.0,,,,,,,,,,,,,,,,,,,,,,0.0,0.0,,,,,,,,0.0,0.0,0.0,0.0,0.0,0.0,0.0,0.0,0.0,0.0,0.0,0.0,0.0,0.0,0.0,0.0,,0.0,0.0,0.0,0.0,0.0,0.0,0.0,0.25,0.0,0.0,0.1111111111111111,0.3333333333333333,0.16666666666666666,0.0,0.0,0.0,0.0,0.14285714285714285,0.047619047619047616,0.06666666666666667,0.0,0.0,0.06666666666666667,0.14285714285714285,0.0,0.0,0.0,0.0,0.0,0.3333333333333333,0.14285714285714285,0.0,0.0,0.0,0.0,0.0,0.0,0.0,0.0,0.0,,,0.0,0.0,0.0,0.0,0.25,0.25,0.25,0.25,0.25,0.0,0.0,0.0,,0.3333333333333333,0.0,0.0,0.5,0.5,0.3333333333333333,,0.0,0.0,0.0,0.0,0.0,0.0,0.5,0.25,0.0,0.25,1.0,0.0,0.0,0.0,0.0,0.0,0.3333333333333333,0.0,0.2,0.0,0.75,0.25,0.0,0.0,0.0,0.0,0.0,0.0,0.0,0.2,0.0,0.0,0.2,0.16666666666666666,0.0,0.0,0.0,0.0,0.0,0.5,0.0,0.2857142857142857,0.2,0.3333333333333333,0.0,,0.5,0.4,1.0,0.3333333333333333,0.0,0.0,0.0,0.0,0.5,0.5,0.2,0.0,0.3333333333333333,0.3333333333333333,0.0,0.0,0.25,0.16666666666666666,0.14285714285714285,0.3333333333333333,0.2222222222222222,0.06666666666666667,0.0,0.09090909090909091,0.23076923076923078,0.21428571428571427,0.1111111111111111,0.16666666666666666,0.0,0.25,0.125,0.0,0.125,0.2727272727272727,0.0,0.125,0.08333333333333333,0.2,0.0,0.14285714285714285,0.09090909090909091,0.0
Corona,Queens,neighborhood,0.0,0.0,0.0,0.0,0.0,0.0,0.0,0.0,0.0,0.0,0.0,0.0,0.0,0.0,0.0,0.0,0.0,0.0,0.0,0.0,0.0,0.0,0.0,0.0,,,,,0.0,,0.0,0.0,0.0,0.0,0.0,0.0,0.0,,0.0,0.0,,,,,,,0.0,0.0,0.0,,,0.0,0.0,0.0,0.0,0.0,0.0,0.0,0.0,0.0,0.0,0.0,,0.0,0.0,0.0,0.0,0.0,0.0,0.5,0.8571428571428571,0.4,0.6,0.0,0.0,0.0,0.5,0.0,0.0,0.0,0.3,0.36363636363636365,0.5,0.0,0.0,0.16666666666666666,0.1111111111111111,0.2727272727272727,0.2222222222222222,0.2,0.11764705882352941,0.1,0.0,0.0,0.0,0.0,0.5,0.6363636363636364,0.5,0.1,0.2857142857142857,0.2857142857142857,0.4,0.0,0.0,0.0,0.16666666666666666,0.3333333333333333,0.16666666666666666,0.125,0.375,0.46153846153846156,0.15384615384615385,0.0,0.3333333333333333,0.5,0.5,0.2857142857142857,0.0,0.0,0.7142857142857143,0.6,0.16666666666666666,0.8,0.25,0.25,0.0,0.3333333333333333,0.0,0.375,0.0,0.3333333333333333,0.5,0.0,0.18181818181818182,0.07692307692307693,0.375,0.0,0.0,0.6666666666666666,0.0,,0.0,0.0,0.2857142857142857,0.6666666666666666,0.0,0.0,0.0,0.0,0.0,0.0,0.0,0.0,0.0,0.5,0.3333333333333333,0.16666666666666666,0.0,0.5,0.0,0.5,0.0,0.14285714285714285,0.0,0.0,0.0,0.0,0.0,0.0,0.0,0.0,0.75,0.0,0.0,0.0,0.0,0.5,0.0,0.0,0.0,,0.0,0.0,0.0,0.0,0.3333333333333333,0.0,0.14285714285714285,0.25,0.0,0.16666666666666666,0.0,0.2,0.25,0.0,0.6666666666666666,0.0,0.16666666666666666,0.375
Country Club,Bronx,neighborhood,,,,,,,,,,,,,,,,,,,,,,,,,,,,,,,,,,,,,,,,,,,,,,,0.0,0.0,0.0,0.0,0.0,,,,,,,,,,,,,,,,,,,0.0,0.0,,,0.0,1.0,,,0.0,0.0,,,,,,,,,,,,,,,0.0,0.0,,,,,,,,,,0.0,0.0,,,1.0,0.0,0.5,0.0,,0.0,,,,,,,0.0,0.0,,,,,,,,,,0.0,,,,,,,,0.0,0.0,0.0,0.0,0.0,0.0,0.0,0.0,0.0,,0.0,0.0,0.5,0.0,,0.0,0.0,0.0,0.0,0.0,0.0,,0.0,0.0,,,,,0.0,,0.0,0.5,0.0,,,,,0.0,0.0,,0.0,1.0,1.0,0.5,0.5,0.0,0.0,,0.0,0.0,0.0,0.0,0.0,,,1.0,0.0,0.5,0.0,,
Crotona Park East,Bronx,neighborhood,0.0,0.0,,,0.0,0.0,,,,,,,,,,,,,0.0,0.0,,,,,,,,,,,,,,,,,,0.0,0.0,0.0,,,,,0.0,0.0,0.0,0.0,0.0,0.0,0.0,,,0.0,0.0,,,,,0.0,,,,,1.0,0.0,,,,,,0.0,0.0,1.0,0.0,,,,0.0,,,0.0,0.0,,,,0.0,0.0,0.0,0.0,,,,,,,,0.0,0.0,,,0.0,0.0,0.2,0.0,0.0,0.25,0.0,0.2857142857142857,0.0,0.16666666666666666,0.3333333333333333,0.14285714285714285,0.0,0.3333333333333333,0.2857142857142857,0.4,0.25,0.3333333333333333,0.0,0.0,0.0,0.2,0.0,0.0,0.16666666666666666,0.0,0.5,0.0,0.5,0.25,0.0,,0.0,1.0,0.0,0.0,0.0,0.0,0.14285714285714285,0.5,0.5,0.5,0.5,,0.0,0.0,0.0,0.5,0.6666666666666666,0.3333333333333333,0.14285714285714285,0.0,0.0,0.0,0.0,0.0,0.0,0.5,,0.0,0.0,0.0,0.0,0.0,0.0,0.0,0.0,,0.0,0.0,1.0,0.0,0.0,0.3333333333333333,,0.0,0.0,0.0,0.0,0.0,0.0,0.0,0.0,0.0,0.0,0.0,,0.0,0.5,0.0,0.0,0.0,0.0,0.0,0.3333333333333333,0.0,,0.0,1.0
Crown Heights,Brooklyn,neighborhood,0.0,0.10526315789473684,0.05263157894736842,0.08333333333333333,0.09523809523809523,0.05263157894736842,0.0,0.0,0.2222222222222222,0.16666666666666666,0.2222222222222222,0.0,0.0,0.0,0.0,0.0,0.058823529411764705,0.2222222222222222,0.03333333333333333,0.043478260869565216,0.13043478260869565,0.125,0.3333333333333333,0.17647058823529413,0.1282051282051282,0.11627906976744186,0.10638297872340426,0.10638297872340426,0.1111111111111111,0.07407407407407407,0.16216216216216217,0.058823529411764705,0.17391304347826086,0.12121212121212122,0.23333333333333334,0.0,0.08333333333333333,0.15,0.12121212121212122,0.02564102564102564,0.16666666666666666,0.12,0.11764705882352941,0.09859154929577464,0.16417910447761194,0.14583333333333334,0.19801980198019803,0.17647058823529413,0.10236220472440945,0.112,0.0718232044198895,0.08383233532934131,0.08374384236453201,0.15300546448087432,0.16532258064516128,0.12455516014234876,0.0967741935483871,0.15668202764976957,0.17777777777777778,0.0782608695652174,0.17288135593220338,0.09855072463768116,0.10089020771513353,0.05198776758409786,0.12569832402234637,0.09750566893424037,0.06779661016949153,0.08803611738148984,0.10240963855421686,0.1906474820143885,0.1493212669683258,0.09465020576131687,0.1440329218106996,0.17269076305220885,0.20802919708029197,0.24812030075187969,0.18387096774193548,0.15363881401617252,0.18854415274463007,0.16396761133603238,0.2004950495049505,0.18507462686567164,0.2208955223880597,0.2210144927536232,0.21103896103896103,0.22413793103448276,0.2538860103626943,0.171990171990172,0.1504424778761062,0.15245901639344261,0.15535444947209653,0.21204188481675393,0.22254335260115607,0.2577639751552795,0.18478260869565216,0.14049586776859505,0.18313953488372092,0.19594594594594594,0.19020172910662825,0.1774193548387097,0.14052953156822812,0.11049723756906077,0.13548387096774195,0.1552,0.14746543778801843,0.17321016166281755,0.14285714285714285,0.12183908045977011,0.10335917312661498,0.12276214833759591,0.1070615034168565,0.13211845102505695,0.16068052930056712,0.15008431703204048,0.14,0.1436893203883495,0.19017094017094016,0.23511904761904762,0.21232876712328766,0.20860927152317882,0.18028169014084508,0.19078947368421054,0.18326693227091634,0.15,0.2413793103448276,0.19795221843003413,0.24183976261127596,0.30138568129330257,0.2978723404255319,0.19327731092436976,0.24717285945072698,0.15736040609137056,0.1478405315614618,0.12430426716141002,0.16483516483516483,0.08503401360544217,0.14056939501779359,0.14353312302839116,0.1443932411674347,0.1336405529953917,0.09975669099756691,0.1146067415730337,0.1318407960199005,0.09876543209876543,0.10954063604240283,0.10891089108910891,0.12173913043478261,0.08108108108108109,0.1466275659824047,0.12609970674486803,0.09866666666666667,0.2010443864229765,0.2523364485981308,0.29056603773584905,0.23461538461538461,0.19457013574660634,0.18394648829431437,0.19387755102040816,0.1323529411764706,0.12751677852348994,0.1640378548895899,0.1806853582554517,0.15384615384615385,0.20064724919093851,0.24096385542168675,0.2693877551020408,0.1803921568627451,0.23660714285714285,0.1553398058252427,0.1836734693877551,0.20085470085470086,0.1459227467811159,0.17404129793510326,0.19273743016759776,0.1448087431693989,0.17378048780487804,0.21153846153846154,0.18992248062015504,0.2094017094017094,0.17333333333333334,0.16194331983805668,0.15384615384615385,0.15021459227467812,0.10666666666666667,0.1553784860557769,0.12371134020618557,0.14776632302405499,0.11650485436893204,0.17167381974248927,0.20192307692307693,0.11333333333333333,0.11801242236024845,0.1357142857142857,0.12025316455696203,0.12154696132596685,0.10285714285714286,0.1308016877637131,0.10139860139860139,0.11363636363636363,0.08438818565400844
DUMBO,Brooklyn,neighborhood,0.3333333333333333,0.5,0.2,0.0,0.0,0.0,0.0,0.0,0.0,0.5,0.5,0.0,0.0,0.0,0.0,0.0,0.42857142857142855,0.2222222222222222,0.125,0.0,0.0,0.0,0.2,0.0,0.16666666666666666,0.1111111111111111,0.1111111111111111,0.0,0.0,0.5714285714285714,0.25,0.5,0.2,0.3333333333333333,0.0,0.0,0.0,0.3333333333333333,0.3333333333333333,0.0,0.5,0.0,0.8,0.0,0.25,0.0,0.0,0.2857142857142857,0.2222222222222222,0.3333333333333333,0.42857142857142855,0.14285714285714285,0.0,0.2,0.36363636363636365,0.07692307692307693,0.2857142857142857,0.2,0.3333333333333333,0.16666666666666666,0.5,0.3333333333333333,0.0,0.0,0.25,0.0,0.14285714285714285,0.2222222222222222,0.3333333333333333,0.5555555555555556,0.3,0.3,0.375,0.4,0.5,0.25,0.3333333333333333,0.08333333333333333,0.13333333333333333,0.14285714285714285,0.13333333333333333,0.0625,0.46153846153846156,0.16666666666666666,0.2857142857142857,0.15789473684210525,0.22727272727272727,0.3157894736842105,0.125,0.25,0.22727272727272727,0.17647058823529413,0.3076923076923077,0.16666666666666666,0.2777777777777778,0.3157894736842105,0.3333333333333333,0.35294117647058826,0.09090909090909091,0.2857142857142857,0.0,0.0,0.08333333333333333,0.0,0.1111111111111111,0.08333333333333333,0.2,0.16666666666666666,0.08333333333333333,0.0,0.23076923076923078,0.0625,0.10526315789473684,0.045454545454545456,0.09523809523809523,0.05555555555555555,0.26666666666666666,0.13333333333333333,0.06666666666666667,0.0,0.0,0.1111111111111111,0.0,0.0,0.13333333333333333,0.4090909090909091,0.1724137931034483,0.3548387096774194,0.10344827586206896,0.2,0.16,0.047619047619047616,0.07142857142857142,0.07692307692307693,0.16666666666666666,0.08333333333333333,0.0,0.07142857142857142,0.2857142857142857,0.0,0.2,0.25,0.0,,0.0,0.0,0.0,0.125,0.07692307692307693,0.15789473684210525,0.038461538461538464,0.25,0.15789473684210525,0.0625,0.125,0.0,0.06666666666666667,0.0,0.08333333333333333,0.0625,0.08695652173913043,0.10344827586206896,0.15151515151515152,0.37037037037037035,0.08333333333333333,0.3333333333333333,0.21428571428571427,0.0625,0.2727272727272727,0.1111111111111111,0.07142857142857142,0.16666666666666666,0.0,0.08333333333333333,0.14285714285714285,0.16666666666666666,0.043478260869565216,0.26666666666666666,0.25,0.3333333333333333,0.0,0.0,0.0,0.0,0.0,0.06666666666666667,0.16666666666666666,0.2857142857142857,0.1111111111111111,0.21428571428571427,0.21428571428571427,0.0,0.0,0.0,0.16666666666666666,0.25,0.16666666666666666,0.09090909090909091,0.16666666666666666,0.2222222222222222
Ditmas Park,Brooklyn,neighborhood,0.0,0.0,0.0,0.0,0.0,0.0,0.0,0.0,0.0,0.0,0.0,0.0,0.0,0.0,0.0,0.0,0.3333333333333333,0.3333333333333333,0.16666666666666666,0.5,0.16666666666666666,0.2,0.2,0.0,0.0,0.0,0.0,0.0,0.0,0.0,0.0,0.0,0.3333333333333333,0.0,0.0,0.0,0.0,0.0,0.25,0.3333333333333333,0.0,0.0,0.0,0.0,0.25,0.0,0.1111111111111111,0.3,0.2222222222222222,0.16666666666666666,0.0,0.25,0.26666666666666666,0.17647058823529413,0.18181818181818182,0.05555555555555555,0.2,0.23076923076923078,0.22727272727272727,0.045454545454545456,0.14814814814814814,0.1276595744680851,0.044444444444444446,0.06060606060606061,0.10810810810810811,0.02,0.019230769230769232,0.09523809523809523,0.037037037037037035,0.2903225806451613,0.08333333333333333,0.038461538461538464,0.13793103448275862,0.19047619047619047,0.0625,0.05714285714285714,0.20689655172413793,0.037037037037037035,0.19047619047619047,0.15384615384615385,0.23529411764705882,0.1,0.2727272727272727,0.2857142857142857,0.16,0.20689655172413793,0.24390243902439024,0.23809523809523808,0.10294117647058823,0.1643835616438356,0.12727272727272726,0.3157894736842105,0.17857142857142858,0.12121212121212122,0.2413793103448276,0.30434782608695654,0.1111111111111111,0.2962962962962963,0.2857142857142857,0.3333333333333333,0.1891891891891892,0.1935483870967742,0.07894736842105263,0.15789473684210525,0.16666666666666666,0.225,0.30303030303030304,0.22727272727272727,0.24324324324324326,0.18181818181818182,0.14,0.16,0.136986301369863,0.09259259259259259,0.125,0.19607843137254902,0.16,0.21428571428571427,0.13043478260869565,0.2631578947368421,0.14285714285714285,0.10714285714285714,0.23076923076923078,0.06666666666666667,0.17857142857142858,0.24074074074074073,0.125,0.2073170731707317,0.18840579710144928,0.23214285714285715,0.1951219512195122,0.20512820512820512,0.23333333333333334,0.13043478260869565,0.125,0.0625,0.16216216216216217,0.15555555555555556,0.13333333333333333,0.24390243902439024,0.15625,0.23076923076923078,0.07692307692307693,0.043478260869565216,0.0,0.0,0.1111111111111111,0.07692307692307693,0.20833333333333334,0.12903225806451613,0.2222222222222222,0.125,0.13636363636363635,0.125,0.26666666666666666,0.23076923076923078,0.2608695652173913,0.1111111111111111,0.2222222222222222,0.05,0.045454545454545456,0.18518518518518517,0.03571428571428571,0.08333333333333333,0.3333333333333333,0.16666666666666666,0.13043478260869565,0.14285714285714285,0.0625,0.3125,0.26666666666666666,0.17647058823529413,0.17142857142857143,0.09375,0.24,0.16,0.21739130434782608,0.10526315789473684,0.15,0.2727272727272727,0.23076923076923078,0.0,0.0,0.125,0.19047619047619047,0.07692307692307693,0.19047619047619047,0.08333333333333333,0.23529411764705882,0.23076923076923078,0.45454545454545453,0.15384615384615385,0.0,0.06666666666666667,0.06666666666666667,0.25,0.0,0.17647058823529413,0.125,0.07692307692307693
Douglaston,Queens,neighborhood,0.0,0.0,0.0,0.0,,,1.0,0.0,0.0,,,0.0,0.0,0.0,0.0,0.5,0.5,0.0,0.0,0.0,0.0,0.0,0.0,,,,,0.0,0.0,,0.0,0.5,0.0,0.0,0.0,0.0,0.0,0.0,0.0,0.0,,0.0,0.16666666666666666,0.0,0.14285714285714285,0.0,0.0,0.0,0.0,0.0,0.0,0.0,0.5,0.0,,,,0.0,0.0,0.0,0.2,0.0,0.0,0.0,,0.0,0.0,0.0,0.0,0.0,0.0,,0.0,0.0,0.0,0.0,0.5,0.3333333333333333,0.0,0.0,0.0,0.3333333333333333,0.0,0.0,0.25,0.0,,0.0,0.0,0.0,0.0,0.0,0.0,0.3333333333333333,0.5,0.0,0.0,0.0,1.0,0.0,0.0,,,0.0,0.0,0.3333333333333333,0.0,0.0,0.0,0.3333333333333333,0.0,0.0,0.0,0.0,0.0,0.0,0.0,0.0,0.0,0.0,0.0,0.0,0.0,0.0,0.0,1.0,0.0,,,1.0,0.5,0.0,0.0,,0.0,0.0,,0.3333333333333333,0.0,,,0.0,0.0,1.0,0.0,0.0,,0.0,,0.0,,,0.0,0.0,,0.0,0.5,0.5,0.0,,,,0.0,0.25,0.3333333333333333,0.6666666666666666,0.0,,0.0,0.0,0.0,,,0.0,0.0,0.0,0.0,0.0,0.0,0.25,0.0,0.0,0.0,1.0,0.0,0.0,0.0,0.0,0.0,,,,,0.0,0.5,1.0,0.0,,0.0,
Downtown Brooklyn,Brooklyn,neighborhood,0.1111111111111111,0.2222222222222222,0.2222222222222222,0.0,0.0,0.25,0.25,0.42857142857142855,0.1111111111111111,0.0,0.16666666666666666,0.0,0.0,0.0,0.0,0.0,0.0,0.0,0.5,0.0,,,0.0,0.0,0.0,0.5,0.0,0.0,0.0,0.16666666666666666,0.0,0.0,0.0,0.25,0.6666666666666666,0.0,0.0,0.0,0.16666666666666666,0.16666666666666666,0.16666666666666666,0.3333333333333333,0.0,0.0,0.2,0.25,0.2,0.0,0.16666666666666666,0.14285714285714285,0.0,0.0,0.2,0.25,0.0,0.0,0.0,0.16666666666666666,0.0,0.0,0.0,0.0,0.0,0.0,0.6666666666666666,0.375,0.0,0.3,0.1,0.0,0.0,0.1,0.16666666666666666,0.16666666666666666,0.0625,0.07407407407407407,0.36363636363636365,0.1794871794871795,0.13043478260869565,0.24,0.3684210526315789,0.25,0.15,0.15,0.12,0.15,0.09523809523809523,0.13636363636363635,0.13043478260869565,0.1111111111111111,0.20689655172413793,0.20833333333333334,0.36,0.2702702702702703,0.14285714285714285,0.12903225806451613,0.11764705882352941,0.16129032258064516,0.043478260869565216,0.18181818181818182,0.08695652173913043,0.15,0.0,0.0,0.4,0.21428571428571427,0.1111111111111111,0.0,0.0,0.3333333333333333,0.21428571428571427,0.3157894736842105,0.05263157894736842,0.15384615384615385,0.1875,0.3076923076923077,0.38461538461538464,0.3,0.375,0.1,0.1111111111111111,0.3333333333333333,0.0,0.14285714285714285,0.2857142857142857,0.375,0.15,0.30303030303030304,0.2894736842105263,0.2777777777777778,0.27586206896551724,0.2,0.22727272727272727,0.25,0.07692307692307693,0.0,0.06666666666666667,0.03571428571428571,0.029411764705882353,0.0,0.08333333333333333,0.13793103448275862,0.06896551724137931,0.06896551724137931,0.0,0.037037037037037035,0.08695652173913043,0.0,0.2857142857142857,0.0,0.15,0.3181818181818182,0.08333333333333333,0.1111111111111111,0.3333333333333333,0.36363636363636365,0.125,0.32,0.16666666666666666,0.42857142857142855,0.05263157894736842,0.125,0.16,0.5,0.4230769230769231,0.3333333333333333,0.16666666666666666,0.1,0.05555555555555555,0.14285714285714285,0.3,0.11764705882352941,0.047619047619047616,0.2,0.15151515151515152,0.3548387096774194,0.2972972972972973,0.23333333333333334,0.29411764705882354,0.24,0.16666666666666666,0.08333333333333333,0.14285714285714285,0.06896551724137931,0.08,0.2571428571428571,0.16666666666666666,0.3333333333333333,0.2631578947368421,0.15151515151515152,0.3055555555555556,0.18518518518518517,0.10344827586206896,0.13043478260869565,0.34615384615384615,0.07407407407407407,0.17647058823529413,0.1891891891891892,0.15,0.24074074074074073
Dyker Heights,Brooklyn,neighborhood,0.0,,,,0.0,0.0,,0.0,0.0,0.0,0.0,0.0,0.0,0.0,0.0,0.0,0.0,0.0,0.0,0.0,0.0,0.0,0.0,0.0,0.0,0.0,0.0,0.25,0.0,1.0,0.0,,0.0,0.0,0.0,0.0,1.0,0.0,0.0,0.0,0.0,0.0,0.0,0.0,0.0,0.0,0.0,0.0,0.0,0.0,0.0,0.0,0.0,0.2,0.0,0.0,0.125,0.16666666666666666,0.14285714285714285,0.125,0.0,0.5,0.0,0.4,0.16666666666666666,0.07692307692307693,0.14285714285714285,0.09090909090909091,0.0,0.125,0.14285714285714285,0.16666666666666666,0.0,0.1111111111111111,0.09090909090909091,0.13333333333333333,0.2857142857142857,0.16666666666666666,0.21052631578947367,0.2,0.09523809523809523,0.14285714285714285,0.05,0.20833333333333334,0.13333333333333333,0.06451612903225806,0.13157894736842105,0.14814814814814814,0.08695652173913043,0.23809523809523808,0.03571428571428571,0.25,0.06666666666666667,0.42857142857142855,0.19230769230769232,0.0,0.06666666666666667,0.08333333333333333,0.15,0.2857142857142857,0.08333333333333333,0.0,0.08333333333333333,0.08,0.09090909090909091,0.17857142857142858,0.20833333333333334,0.13636363636363635,0.125,0.16129032258064516,0.11538461538461539,0.18181818181818182,0.1111111111111111,0.09523809523809523,0.23529411764705882,0.15789473684210525,0.1,0.2222222222222222,0.21052631578947367,0.21428571428571427,0.42857142857142855,0.06666666666666667,0.0,0.0,0.125,0.0,0.18181818181818182,0.4,0.1111111111111111,0.2777777777777778,0.0625,0.21052631578947367,0.07692307692307693,0.10526315789473684,0.09090909090909091,0.08,0.10344827586206896,0.08695652173913043,0.058823529411764705,0.23076923076923078,0.18181818181818182,0.0,0.1111111111111111,0.0,0.0,0.0,0.08333333333333333,0.0,0.13333333333333333,0.15384615384615385,0.14285714285714285,0.15384615384615385,0.14285714285714285,0.0,0.13333333333333333,0.09090909090909091,0.0,0.0,0.0,0.1111111111111111,0.2,0.09090909090909091,0.13333333333333333,0.07692307692307693,0.125,0.0,0.0,0.1,0.15384615384615385,0.07692307692307693,0.1,0.0,0.0,0.1,0.15384615384615385,0.0,0.23076923076923078,0.16666666666666666,0.18181818181818182,0.1,0.21428571428571427,0.15384615384615385,0.3,0.125,0.0,0.14285714285714285,0.09090909090909091,0.0,0.125,0.3333333333333333,0.0,0.0,0.0,0.0,0.0,0.14285714285714285,0.25,0.0,0.6666666666666666,0.2
East Elmhurst,Queens,neighborhood,0.0,1.0,0.0,0.0,0.0,0.0,0.0,0.0,0.0,,,,,,,,,,,,0.0,0.0,,,,,,,,,,,,,,,,,,,,,,,,,,,,0.0,0.0,0.0,0.0,1.0,0.0,0.0,,,0.0,1.0,1.0,0.0,0.0,0.0,0.0,0.5,1.0,1.0,,,0.0,0.0,1.0,0.5,0.0,0.0,,0.0,0.0,,0.0,0.5,0.0,,,0.0,0.0,0.0,0.0,0.0,0.0,0.0,0.0,0.0,0.0,0.0,0.0,1.0,,,0.0,0.0,0.0,0.0,0.5,0.0,0.6666666666666666,0.0,0.0,0.0,0.0,0.0,0.0,0.0,0.5,0.0,0.0,,0.0,0.0,0.0,0.3333333333333333,0.0,1.0,0.6,0.5,0.5,0.2,0.0,0.0,0.0,0.0,1.0,0.0,0.0,0.0,0.25,,0.0,0.0,0.0,0.0,1.0,0.0,0.0,0.5,1.0,0.0,1.0,0.0,,,0.0,0.0,0.0,0.0,0.0,0.0,0.0,0.0,0.125,0.4,1.0,0.0,,0.0,0.0,0.0,0.0,0.16666666666666666,0.5,0.2222222222222222,0.3333333333333333,0.6666666666666666,0.0,0.3333333333333333,0.0,0.25,0.0,0.0,0.1111111111111111,0.16666666666666666,0.3333333333333333,0.0,0.0,0.0,,0.0,0.0,,,0.0,0.5,0.0,0.25,0.0,,0.0,0.25,0.0
East Flatbush,Brooklyn,neighborhood,0.0,0.0,0.0,0.25,0.0,0.5,0.0,0.09090909090909091,0.07142857142857142,0.0,0.0,0.0,0.0,0.0,0.2222222222222222,0.0,0.09090909090909091,0.0,0.0,0.0,0.07142857142857142,0.0,0.16666666666666666,0.16666666666666666,0.3,0.0,0.2222222222222222,0.0,0.0,0.1111111111111111,0.0,0.09090909090909091,0.0,0.0,0.0,0.3333333333333333,0.0,0.0,0.25,0.0,0.07142857142857142,0.0,0.15384615384615385,0.0,0.1,0.125,0.0,0.0,0.07142857142857142,0.09090909090909091,0.0,0.10526315789473684,0.07692307692307693,0.12,0.25,0.1111111111111111,0.14285714285714285,0.08,0.15789473684210525,0.05263157894736842,0.0,0.07142857142857142,0.11764705882352941,0.11538461538461539,0.0625,0.0392156862745098,0.037037037037037035,0.06,0.02,0.10810810810810811,0.19047619047619047,0.09090909090909091,0.12,0.11363636363636363,0.13793103448275862,0.14754098360655737,0.17647058823529413,0.06944444444444445,0.1346153846153846,0.23809523809523808,0.109375,0.19298245614035087,0.2028985507246377,0.0967741935483871,0.20512820512820512,0.2222222222222222,0.18072289156626506,0.23809523809523808,0.13953488372093023,0.16666666666666666,0.09782608695652174,0.25396825396825395,0.08333333333333333,0.16326530612244897,0.18604651162790697,0.1568627450980392,0.18181818181818182,0.18867924528301888,0.109375,0.0958904109589041,0.04054054054054054,0.1,0.14285714285714285,0.21052631578947367,0.15254237288135594,0.1958762886597938,0.19318181818181818,0.189873417721519,0.16666666666666666,0.09615384615384616,0.10810810810810811,0.10606060606060606,0.11940298507462686,0.08108108108108109,0.2054794520547945,0.19540229885057472,0.18309859154929578,0.125,0.17647058823529413,0.21875,0.21951219512195122,0.17543859649122806,0.17073170731707318,0.10526315789473684,0.22448979591836735,0.2903225806451613,0.17857142857142858,0.13559322033898305,0.36363636363636365,0.21428571428571427,0.14516129032258066,0.14,0.12727272727272726,0.043478260869565216,0.11666666666666667,0.0425531914893617,0.08,0.11864406779661017,0.08,0.07547169811320754,0.10204081632653061,0.2037037037037037,0.07547169811320754,0.08888888888888889,0.1076923076923077,0.14814814814814814,0.11403508771929824,0.06666666666666667,0.1188118811881188,0.10465116279069768,0.04395604395604396,0.1590909090909091,0.09230769230769231,0.1694915254237288,0.2125,0.12121212121212122,0.058823529411764705,0.20967741935483872,0.12987012987012986,0.16071428571428573,0.17391304347826086,0.171875,0.1724137931034483,0.1935483870967742,0.16326530612244897,0.16176470588235295,0.1388888888888889,0.19117647058823528,0.1791044776119403,0.04054054054054054,0.09333333333333334,0.11666666666666667,0.2923076923076923,0.03636363636363636,0.1864406779661017,0.12162162162162163,0.2898550724637681,0.19298245614035087,0.28125,0.1896551724137931,0.12280701754385964,0.16666666666666666,0.13953488372093023,0.07692307692307693,0.07317073170731707,0.1509433962264151,0.1111111111111111,0.09523809523809523,0.18461538461538463,0.07894736842105263,0.07407407407407407,0.10752688172043011,0.09523809523809523,0.16666666666666666,0.2222222222222222,0.09090909090909091,0.08823529411764706,0.24,0.125,0.038461538461538464
East Harlem,Manhattan,neighborhood,0.0,0.058823529411764705,0.05555555555555555,0.05263157894736842,0.0,0.11538461538461539,0.07407407407407407,0.0,0.3,0.06666666666666667,0.07692307692307693,0.1111111111111111,0.2,0.08333333333333333,0.0,0.0,0.0,0.0,0.0,0.21428571428571427,0.0,0.2,0.1875,0.08695652173913043,0.05,0.047619047619047616,0.16666666666666666,0.29411764705882354,0.058823529411764705,0.0,0.1111111111111111,0.13636363636363635,0.25,0.3157894736842105,0.15789473684210525,0.08695652173913043,0.3142857142857143,0.1282051282051282,0.25,0.24324324324324326,0.11363636363636363,0.075,0.08,0.046511627906976744,0.1282051282051282,0.23076923076923078,0.20754716981132076,0.05405405405405406,0.15625,0.043478260869565216,0.1206896551724138,0.23333333333333334,0.11594202898550725,0.14492753623188406,0.0963855421686747,0.11428571428571428,0.07692307692307693,0.09302325581395349,0.1282051282051282,0.0196078431372549,0.078125,0.06060606060606061,0.13924050632911392,0.16129032258064516,0.06451612903225806,0.1935483870967742,0.14814814814814814,0.1891891891891892,0.14563106796116504,0.2111111111111111,0.18055555555555555,0.12698412698412698,0.21052631578947367,0.03333333333333333,0.15942028985507245,0.09090909090909091,0.15254237288135594,0.14285714285714285,0.1206896551724138,0.17204301075268819,0.1323529411764706,0.19672131147540983,0.18309859154929578,0.03278688524590164,0.06349206349206349,0.058823529411764705,0.1509433962264151,0.15517241379310345,0.125,0.13725490196078433,0.1188118811881188,0.32954545454545453,0.20930232558139536,0.21348314606741572,0.2777777777777778,0.06557377049180328,0.14285714285714285,0.12903225806451613,0.13333333333333333,0.09859154929577464,0.10344827586206896,0.11538461538461539,0.14634146341463414,0.2413793103448276,0.23076923076923078,0.21428571428571427,0.39344262295081966,0.21153846153846154,0.19230769230769232,0.038461538461538464,0.171875,0.11688311688311688,0.09183673469387756,0.17525773195876287,0.1276595744680851,0.17777777777777778,0.3194444444444444,0.21428571428571427,0.2037037037037037,0.20512820512820512,0.20454545454545456,0.058823529411764705,0.09523809523809523,0.11627906976744186,0.27848101265822783,0.22033898305084745,0.4105960264900662,0.3161290322580645,0.352112676056338,0.2746478873239437,0.34146341463414637,0.17117117117117117,0.0673076923076923,0.0875,0.06382978723404255,0.14563106796116504,0.05714285714285714,0.104,0.055944055944055944,0.16521739130434782,0.11827956989247312,0.175,0.14814814814814814,0.11538461538461539,0.0425531914893617,0.016666666666666666,0.06779661016949153,0.08196721311475409,0.13924050632911392,0.05405405405405406,0.14634146341463414,0.16279069767441862,0.15,0.3793103448275862,0.16923076923076924,0.15625,0.14457831325301204,0.15714285714285714,0.07865168539325842,0.08333333333333333,0.12087912087912088,0.19101123595505617,0.24,0.2222222222222222,0.2692307692307692,0.29523809523809524,0.17391304347826086,0.12162162162162163,0.2638888888888889,0.10666666666666667,0.08433734939759036,0.039473684210526314,0.11392405063291139,0.21649484536082475,0.21153846153846154,0.16494845360824742,0.2876712328767123,0.1728395061728395,0.1774193548387097,0.08,0.09523809523809523,0.05405405405405406,0.08,0.13725490196078433,0.018867924528301886,0.14285714285714285,0.07692307692307693,0.1282051282051282,0.18571428571428572,0.2361111111111111,0.13333333333333333,0.13953488372093023,0.0975609756097561,0.03125,0.06451612903225806,0.1016949152542373,0.07142857142857142,0.06493506493506493,0.050505050505050504,0.16853932584269662
East New York,Brooklyn,neighborhood,0.0,,,,,,,0.0,0.0,0.0,0.0,0.0,0.0,0.0,0.0,0.0,0.0,0.0,0.0,0.0,0.3333333333333333,0.3333333333333333,0.5,0.0,0.0,0.0,0.0,0.0,0.0,0.0,0.0,0.0,0.0,0.0,0.0,0.0,0.09090909090909091,0.2,0.125,0.14285714285714285,0.0,0.0,0.14285714285714285,0.14285714285714285,0.0,0.14285714285714285,0.0,0.125,0.36363636363636365,0.0,0.0,0.16666666666666666,0.0,0.1111111111111111,0.06666666666666667,0.06666666666666667,0.05,0.10526315789473684,0.16666666666666666,0.043478260869565216,0.10714285714285714,0.045454545454545456,0.17647058823529413,0.0,0.14285714285714285,0.041666666666666664,0.0,0.05263157894736842,0.10714285714285714,0.08,0.13636363636363635,0.12,0.06666666666666667,0.15384615384615385,0.09375,0.10810810810810811,0.08333333333333333,0.038461538461538464,0.16216216216216217,0.19047619047619047,0.08108108108108109,0.06896551724137931,0.047619047619047616,0.1111111111111111,0.047619047619047616,0.23529411764705882,0.15492957746478872,0.12307692307692308,0.0641025641025641,0.14130434782608695,0.13253012048192772,0.22857142857142856,0.15151515151515152,0.14285714285714285,0.21212121212121213,0.14285714285714285,0.14893617021276595,0.13636363636363635,0.07936507936507936,0.1896551724137931,0.11290322580645161,0.14814814814814814,0.1724137931034483,0.11267605633802817,0.16666666666666666,0.1568627450980392,0.21428571428571427,0.13043478260869565,0.22641509433962265,0.1875,0.07575757575757576,0.21666666666666667,0.125,0.14925373134328357,0.1891891891891892,0.125,0.19230769230769232,0.16417910447761194,0.05357142857142857,0.19672131147540983,0.2542372881355932,0.21311475409836064,0.24074074074074073,0.23333333333333334,0.225,0.2916666666666667,0.2222222222222222,0.2553191489361702,0.3137254901960784,0.17647058823529413,0.19607843137254902,0.1590909090909091,0.14814814814814814,0.2222222222222222,0.16666666666666666,0.1111111111111111,0.18867924528301888,0.16666666666666666,0.15942028985507245,0.13043478260869565,0.058823529411764705,0.21739130434782608,0.08571428571428572,0.11666666666666667,0.15,0.02631578947368421,0.14634146341463414,0.13513513513513514,0.14583333333333334,0.07547169811320754,0.14634146341463414,0.08695652173913043,0.14285714285714285,0.15384615384615385,0.19230769230769232,0.047619047619047616,0.13953488372093023,0.11363636363636363,0.1,0.10638297872340426,0.08163265306122448,0.22807017543859648,0.18867924528301888,0.09523809523809523,0.13953488372093023,0.2413793103448276,0.2,0.15,0.2033898305084746,0.15254237288135594,0.0851063829787234,0.13333333333333333,0.10204081632653061,0.21428571428571427,0.11764705882352941,0.10526315789473684,0.11290322580645161,0.01694915254237288,0.19047619047619047,0.06976744186046512,0.07407407407407407,0.047619047619047616,0.01818181818181818,0.14,0.14583333333333334,0.10416666666666667,0.02631578947368421,0.125,0.1111111111111111,0.15151515151515152,0.08,0.08,0.043478260869565216,0.125,0.13513513513513514,0.0,0.07272727272727272,0.140625,0.14,0.16981132075471697
East Tremont,Bronx,neighborhood,,,,,,,,,,,,,,,,,,,,,,,,,,,,,0.0,0.0,0.0,0.0,0.0,0.0,0.0,0.0,0.0,0.0,1.0,0.0,,,,,0.0,0.0,0.0,0.0,0.0,0.0,,,0.3333333333333333,0.3333333333333333,0.5,0.0,0.0,0.0,0.0,0.0,0.0,0.0,0.0,0.0,0.0,0.2,0.5,0.7777777777777778,0.75,0.3,0.42857142857142855,0.0,0.4,0.0,,,0.0,0.0,0.0,0.0,0.0,0.0,0.0,0.0,0.0,0.0,0.0,0.125,0.125,0.16666666666666666,0.125,0.0,0.0,0.3333333333333333,0.0,1.0,0.0,0.0,0.0,0.0,0.0,0.0,0.1,0.125,0.2,0.07692307692307693,0.0,0.18181818181818182,0.0,0.14285714285714285,0.1,0.0,0.0,0.25,0.0,0.0,0.0,0.5,0.5,,0.0,0.0,0.0,0.0,0.0,0.0,0.3333333333333333,0.0,,0.0,0.0,0.0,0.0,0.0,,,0.0,0.125,0.0,0.0,0.15384615384615385,0.2727272727272727,0.0,0.0,0.0,0.0,0.0,0.0,1.0,,0.0,0.3333333333333333,0.0,0.0,0.0,0.3333333333333333,0.3333333333333333,0.0,0.0,0.0,0.2,0.0,0.5,0.0,0.5,0.3333333333333333,0.3333333333333333,0.0,0.0,0.0,0.0,0.0,0.0,0.25,0.0,0.0,0.0,0.0,0.3333333333333333,0.0,0.3333333333333333,0.0,0.0,0.0,0.0,0.0,0.0,0.0,0.0,0.0,0.0,0.3333333333333333,0.0,0.0,0.0,,0.0,0.0,0.5,0.0
East Village,Manhattan,neighborhood,0.19148936170212766,0.12195121951219512,0.13333333333333333,0.017857142857142856,0.07894736842105263,0.05714285714285714,0.07692307692307693,0.08771929824561403,0.2,0.13043478260869565,0.1,0.18181818181818182,0.11764705882352941,0.043478260869565216,0.13793103448275862,0.12903225806451613,0.0547945205479452,0.0821917808219178,0.10810810810810811,0.1,0.1016949152542373,0.11764705882352941,0.06896551724137931,0.15151515151515152,0.15217391304347827,0.08,0.1206896551724138,0.11688311688311688,0.11956521739130435,0.16101694915254236,0.15584415584415584,0.145985401459854,0.21782178217821782,0.3023255813953488,0.1927710843373494,0.13432835820895522,0.19767441860465115,0.13636363636363635,0.1951219512195122,0.1388888888888889,0.11428571428571428,0.11046511627906977,0.16901408450704225,0.1941747572815534,0.21476510067114093,0.30097087378640774,0.19101123595505617,0.25287356321839083,0.15,0.10989010989010989,0.14285714285714285,0.05217391304347826,0.15920398009950248,0.14720812182741116,0.1415525114155251,0.22966507177033493,0.21052631578947367,0.24675324675324675,0.11724137931034483,0.1597222222222222,0.11594202898550725,0.08695652173913043,0.13274336283185842,0.0670391061452514,0.0990990990990991,0.10309278350515463,0.1174785100286533,0.2,0.17763157894736842,0.1968503937007874,0.20952380952380953,0.14018691588785046,0.10185185185185185,0.13592233009708737,0.13043478260869565,0.08928571428571429,0.09502262443438914,0.13168724279835392,0.12167300380228137,0.2413793103448276,0.24571428571428572,0.2275449101796407,0.20168067226890757,0.19626168224299065,0.1796875,0.1347517730496454,0.10857142857142857,0.0703125,0.19230769230769232,0.19656019656019655,0.15326633165829145,0.2882882882882883,0.3446601941747573,0.27710843373493976,0.2845528455284553,0.11764705882352941,0.23958333333333334,0.18085106382978725,0.11627906976744186,0.07659574468085106,0.17002881844380405,0.13846153846153847,0.18085106382978725,0.2298507462686567,0.26859504132231404,0.23958333333333334,0.21014492753623187,0.175,0.2403846153846154,0.15151515151515152,0.14634146341463414,0.0642570281124498,0.13031161473087818,0.10411622276029056,0.12158808933002481,0.18092105263157895,0.288135593220339,0.17886178861788618,0.17721518987341772,0.16216216216216217,0.14754098360655737,0.1076923076923077,0.22666666666666666,0.20155038759689922,0.28888888888888886,0.33201581027667987,0.3921015514809591,0.4395750332005312,0.38666666666666666,0.3433333333333333,0.2907216494845361,0.20673076923076922,0.14323607427055704,0.1575091575091575,0.13909774436090225,0.06787330316742081,0.06726457399103139,0.13043478260869565,0.09885931558935361,0.14832535885167464,0.125,0.21551724137931033,0.21487603305785125,0.17424242424242425,0.17088607594936708,0.16891891891891891,0.24203821656050956,0.08673469387755102,0.18055555555555555,0.11538461538461539,0.11320754716981132,0.2798165137614679,0.3877551020408163,0.38620689655172413,0.4122137404580153,0.2949640287769784,0.21022727272727273,0.2,0.20361990950226244,0.09446254071661238,0.16822429906542055,0.21345707656612528,0.20794392523364486,0.34173669467787116,0.352059925093633,0.25,0.24431818181818182,0.22377622377622378,0.1652892561983471,0.128,0.11764705882352941,0.10344827586206896,0.17142857142857143,0.14220183486238533,0.17768595041322313,0.2997711670480549,0.33935018050541516,0.27040816326530615,0.17647058823529413,0.1623931623931624,0.14912280701754385,0.06930693069306931,0.11510791366906475,0.07569721115537849,0.09705882352941177,0.09635416666666667,0.13202247191011235,0.16967509025270758,0.29347826086956524,0.2119205298013245,0.14130434782608695,0.054945054945054944,0.0594059405940594,0.08943089430894309,0.04046242774566474,0.06132075471698113,0.0622568093385214,0.023890784982935155,0.08035714285714286,0.1065989847715736
Eastchester,Bronx,neighborhood,,,,,,,,,,,,,,,,,,,,,,,,,,,,,,,,,,,,,,,,,,,,,,,,,,,,,,,,,,,,,,,,,,,,,,,,,,,,,,,,,0.0,0.0,,,,,,,,,,,,,,,,,,,,,,,,0.0,1.0,0.2,,,,,0.0,,0.0,,,,,,,,,,,,0.0,0.0,0.0,0.0,,,0.0,0.0,0.0,,,,,,,,,,0.0,0.0,,0.0,0.0,,,,,,,,,,,,,,,,,0.0,0.0,0.0,,,,,,,,,0.0,0.0,,0.0,0.0,,,,,0.0,1.0,0.6666666666666666,,,,,,,,,,,0.0,0.0
Edenwald,Bronx,neighborhood,,,,,,,,,,,,,,,,,,,,0.0,0.0,,,,,,,,0.0,0.0,,,,,,,,0.0,0.0,0.0,1.0,0.0,,,0.0,0.0,0.0,0.0,,,,0.0,,,,,,0.0,0.0,,,,,,,,,,,,,,,,,0.0,0.5,0.0,0.0,0.0,,,,,0.0,0.0,0.3333333333333333,0.0,0.0,0.0,0.0,,,,,,,,0.0,0.0,0.0,,,,,,0.0,0.0,0.0,0.0,,,,0.0,0.5,0.25,0.0,,,,0.0,0.25,,,0.5,1.0,0.0,,,,,,,,,0.0,0.0,0.0,0.0,0.0,0.5,,1.0,0.0,,0.0,0.0,0.0,,,0.0,0.0,0.0,0.0,1.0,0.0,0.0,,0.0,0.0,0.0,0.3333333333333333,0.0,0.0,0.0,0.3333333333333333,0.0,0.0,0.0,0.0,0.0,,0.0,0.0,0.0,,0.0,,,0.0,0.0,,,,0.0,,0.0,0.0,0.0,0.0,,0.0,0.0,0.0,0.0,0.0,0.0,0.0,,
Elmhurst,Queens,neighborhood,0.0,0.0,0.0,0.0,0.5,1.0,,,,,,0.0,0.0,0.0,0.0,0.0,0.0,,,0.0,1.0,0.0,1.0,,0.0,0.0,0.0,0.0,0.0,,,0.0,,0.0,0.0,0.0,1.0,,0.0,1.0,0.0,0.0,,,,0.0,0.0,0.0,0.0,0.0,0.0,0.0,0.0,0.0,0.0,0.0,0.0,0.25,0.0,0.2,0.5,0.0,0.0,0.16666666666666666,0.3333333333333333,0.0,0.0,0.25,0.16666666666666666,0.0,0.4,0.0,0.0,0.3333333333333333,0.25,0.0,0.0,0.0,0.25,0.375,0.0,0.125,0.3333333333333333,0.1111111111111111,0.1,0.14814814814814814,0.21212121212121213,0.12,0.12,0.07142857142857142,0.11764705882352941,0.14285714285714285,0.18181818181818182,0.2,0.1,0.0,0.0,0.0,0.05555555555555555,0.1875,0.21428571428571427,0.08333333333333333,0.09090909090909091,0.23076923076923078,0.07142857142857142,0.15384615384615385,0.1875,0.1875,0.1875,0.07142857142857142,0.0,0.0,0.2857142857142857,0.05,0.38095238095238093,0.08695652173913043,0.09090909090909091,0.0,0.10526315789473684,0.09090909090909091,0.05555555555555555,0.125,0.08333333333333333,0.0,0.36363636363636365,0.2727272727272727,0.17647058823529413,0.3333333333333333,0.17391304347826086,0.22727272727272727,0.3333333333333333,0.0625,0.08333333333333333,0.0,0.13333333333333333,0.07142857142857142,0.13333333333333333,0.18181818181818182,0.14285714285714285,0.07692307692307693,0.19047619047619047,0.0,0.3333333333333333,0.15384615384615385,0.21428571428571427,0.42857142857142855,0.058823529411764705,0.11764705882352941,0.1111111111111111,0.0,0.06666666666666667,0.3076923076923077,0.125,0.4166666666666667,0.2,0.2,0.05555555555555555,0.0,0.09090909090909091,0.0625,0.14285714285714285,0.14285714285714285,0.0,0.18181818181818182,0.1111111111111111,0.2,0.3,0.2,0.15,0.2631578947368421,0.07692307692307693,0.0,0.25,0.23529411764705882,0.3,0.07692307692307693,0.1111111111111111,0.2222222222222222,0.2222222222222222,0.125,0.0,0.16666666666666666,0.08333333333333333,0.38461538461538464,0.0,0.0,0.2,0.2,0.23529411764705882,0.2727272727272727,0.16666666666666666,0.2,0.25,0.0,0.3,0.14285714285714285,0.18181818181818182,0.0,0.2,0.1
Financial District,Manhattan,neighborhood,0.14634146341463414,0.075,0.06060606060606061,0.04,0.07407407407407407,0.13157894736842105,0.12121212121212122,0.12,0.058823529411764705,0.1875,0.12121212121212122,0.09375,0.08571428571428572,0.21428571428571427,0.15384615384615385,0.041666666666666664,0.10344827586206896,0.12903225806451613,0.09090909090909091,0.1891891891891892,0.125,0.16666666666666666,0.25806451612903225,0.1111111111111111,0.18181818181818182,0.18604651162790697,0.12962962962962962,0.10638297872340426,0.05084745762711865,0.14516129032258066,0.1016949152542373,0.07246376811594203,0.18181818181818182,0.1927710843373494,0.08450704225352113,0.1111111111111111,0.0975609756097561,0.08536585365853659,0.07246376811594203,0.07894736842105263,0.1,0.12371134020618557,0.1134020618556701,0.14782608695652175,0.07766990291262135,0.08333333333333333,0.2682926829268293,0.08823529411764706,0.08823529411764706,0.08823529411764706,0.10256410256410256,0.12962962962962962,0.03773584905660377,0.10909090909090909,0.125,0.08,0.16326530612244897,0.175,0.18421052631578946,0.21875,0.10526315789473684,0.07142857142857142,0.041666666666666664,0.19047619047619047,0.14705882352941177,0.1111111111111111,0.1509433962264151,0.24074074074074073,0.32558139534883723,0.15625,0.16666666666666666,0.125,0.11428571428571428,0.2,0.15789473684210525,0.10638297872340426,0.09090909090909091,0.11363636363636363,0.21052631578947367,0.24390243902439024,0.14,0.3541666666666667,0.38636363636363635,0.10256410256410256,0.19298245614035087,0.1694915254237288,0.08064516129032258,0.05,0.1,0.08,0.07246376811594203,0.1038961038961039,0.1643835616438356,0.24096385542168675,0.23809523809523808,0.07894736842105263,0.10714285714285714,0.10666666666666667,0.11594202898550725,0.10843373493975904,0.13157894736842105,0.057971014492753624,0.18181818181818182,0.1044776119402985,0.2037037037037037,0.22,0.2,0.17142857142857143,0.1702127659574468,0.1935483870967742,0.0625,0.10204081632653061,0.07692307692307693,0.08695652173913043,0.11363636363636363,0.10144927536231885,0.17647058823529413,0.2375,0.15517241379310345,0.08823529411764706,0.11904761904761904,0.15384615384615385,0.10810810810810811,0.15384615384615385,0.17647058823529413,0.15942028985507245,0.3333333333333333,0.27906976744186046,0.2909090909090909,0.24786324786324787,0.16091954022988506,0.05,0.10843373493975904,0.08450704225352113,0.09722222222222222,0.05357142857142857,0.1111111111111111,0.041666666666666664,0.07692307692307693,0.038461538461538464,0.07547169811320754,0.17857142857142858,0.08695652173913043,0.06976744186046512,0.15151515151515152,0.1111111111111111,0.03125,0.0,0.03333333333333333,0.13953488372093023,0.1568627450980392,0.1875,0.09259259259259259,0.3333333333333333,0.25925925925925924,0.2,0.22727272727272727,0.16666666666666666,0.19444444444444445,0.1111111111111111,0.23529411764705882,0.21568627450980393,0.2459016393442623,0.2459016393442623,0.3333333333333333,0.32727272727272727,0.3191489361702128,0.14634146341463414,0.09302325581395349,0.17777777777777778,0.047619047619047616,0.125,0.20454545454545456,0.12,0.10714285714285714,0.13114754098360656,0.3333333333333333,0.32786885245901637,0.1568627450980392,0.16279069767441862,0.0,0.03225806451612903,0.06896551724137931,0.11904761904761904,0.06818181818181818,0.16666666666666666,0.16279069767441862,0.25806451612903225,0.12727272727272726,0.11475409836065574,0.13513513513513514,0.25925925925925924,0.10810810810810811,0.061224489795918366,0.05357142857142857,0.15,0.07407407407407407,0.07692307692307693,0.13333333333333333,0.19230769230769232
Flatbush,Brooklyn,neighborhood,0.0,0.0,0.0,0.6666666666666666,0.0,0.0,0.0,0.0,0.0,0.0,0.0,0.0,0.0,0.3333333333333333,0.6666666666666666,0.25,0.0,0.0,0.0,0.0,0.0,0.0,0.0,0.0,0.5,0.3333333333333333,0.0,0.5,0.0,0.0,0.0,0.2,0.4,0.0,0.16666666666666666,0.125,0.2222222222222222,0.1,0.0,0.2222222222222222,0.0,0.09090909090909091,0.0,0.0,0.058823529411764705,0.26666666666666666,0.5555555555555556,0.0,0.3333333333333333,0.07692307692307693,0.125,0.08333333333333333,0.07142857142857142,0.13043478260869565,0.11538461538461539,0.11538461538461539,0.07407407407407407,0.09375,0.2,0.1320754716981132,0.21153846153846154,0.11666666666666667,0.0425531914893617,0.1836734693877551,0.11267605633802817,0.06976744186046512,0.08196721311475409,0.1323529411764706,0.08620689655172414,0.13793103448275862,0.11475409836065574,0.10294117647058823,0.08771929824561403,0.08196721311475409,0.1724137931034483,0.11475409836065574,0.18461538461538463,0.1388888888888889,0.19672131147540983,0.23076923076923078,0.2153846153846154,0.1746031746031746,0.24719101123595505,0.14736842105263157,0.1,0.11650485436893204,0.16071428571428573,0.11214953271028037,0.10852713178294573,0.14285714285714285,0.09523809523809523,0.17391304347826086,0.20618556701030927,0.22950819672131148,0.19166666666666668,0.17105263157894737,0.1702127659574468,0.19387755102040816,0.10989010989010989,0.056338028169014086,0.18269230769230768,0.16129032258064516,0.13286713286713286,0.13291139240506328,0.12605042016806722,0.27848101265822783,0.1566265060240964,0.09420289855072464,0.10091743119266056,0.072,0.07096774193548387,0.11688311688311688,0.09523809523809523,0.15384615384615385,0.15172413793103448,0.1780821917808219,0.12844036697247707,0.0989010989010989,0.19444444444444445,0.1875,0.1523809523809524,0.14150943396226415,0.10309278350515463,0.02040816326530612,0.14457831325301204,0.20930232558139536,0.18128654970760233,0.17326732673267325,0.23699421965317918,0.18867924528301888,0.16551724137931034,0.12408759124087591,0.08823529411764706,0.08396946564885496,0.034482758620689655,0.09090909090909091,0.09090909090909091,0.0423728813559322,0.06611570247933884,0.09523809523809523,0.05952380952380952,0.24074074074074073,0.104,0.07894736842105263,0.07692307692307693,0.0684931506849315,0.15492957746478872,0.10714285714285714,0.15441176470588236,0.21935483870967742,0.09554140127388536,0.13114754098360656,0.2830188679245283,0.24719101123595505,0.25263157894736843,0.18947368421052632,0.13636363636363635,0.16326530612244897,0.16037735849056603,0.14893617021276595,0.21551724137931033,0.15527950310559005,0.08843537414965986,0.2046783625730994,0.1958041958041958,0.25925925925925924,0.19834710743801653,0.13043478260869565,0.06481481481481481,0.19672131147540983,0.0873015873015873,0.09523809523809523,0.2112676056338028,0.13709677419354838,0.17647058823529413,0.1875,0.304,0.1984732824427481,0.1925925925925926,0.08108108108108109,0.11702127659574468,0.17777777777777778,0.13761467889908258,0.1206896551724138,0.14285714285714285,0.128,0.1366906474820144,0.13559322033898305,0.23728813559322035,0.09473684210526316,0.17391304347826086,0.11627906976744186,0.08695652173913043,0.0392156862745098,0.07042253521126761,0.12745098039215685,0.06716417910447761,0.07086614173228346,0.1076923076923077,0.1076923076923077
Flatiron,Manhattan,neighborhood,0.0,0.14285714285714285,0.045454545454545456,0.03571428571428571,0.07407407407407407,0.043478260869565216,0.11538461538461539,0.03333333333333333,0.04,0.14814814814814814,0.05,0.0,0.05,0.14285714285714285,0.058823529411764705,0.08695652173913043,0.0,0.07407407407407407,0.12,0.04,0.2,0.15625,0.3076923076923077,0.1,0.06666666666666667,0.18181818181818182,0.15,0.08695652173913043,0.15789473684210525,0.09302325581395349,0.1,0.21621621621621623,0.2727272727272727,0.4,0.18518518518518517,0.16666666666666666,0.18181818181818182,0.19047619047619047,0.28,0.07894736842105263,0.06976744186046512,0.3055555555555556,0.07692307692307693,0.10810810810810811,0.09090909090909091,0.15151515151515152,0.14285714285714285,0.10344827586206896,0.18421052631578946,0.17647058823529413,0.1388888888888889,0.16216216216216217,0.15789473684210525,0.18181818181818182,0.10526315789473684,0.13333333333333333,0.23684210526315788,0.20588235294117646,0.1875,0.10714285714285714,0.1,0.11764705882352941,0.0851063829787234,0.11538461538461539,0.22,0.15254237288135594,0.21428571428571427,0.375,0.27906976744186046,0.4186046511627907,0.23255813953488372,0.05128205128205128,0.15789473684210525,0.10638297872340426,0.20454545454545456,0.1875,0.11864406779661017,0.22535211267605634,0.2222222222222222,0.22413793103448276,0.2830188679245283,0.21153846153846154,0.2,0.075,0.1951219512195122,0.07407407407407407,0.08571428571428572,0.10204081632653061,0.16666666666666666,0.16363636363636364,0.17543859649122806,0.35294117647058826,0.4642857142857143,0.3188405797101449,0.22950819672131148,0.16326530612244897,0.2,0.2857142857142857,0.08823529411764706,0.10526315789473684,0.109375,0.25,0.17391304347826086,0.22916666666666666,0.275,0.24324324324324326,0.30434782608695654,0.07692307692307693,0.16666666666666666,0.2,0.08,0.11363636363636363,0.14285714285714285,0.11666666666666667,0.125,0.16,0.2549019607843137,0.17142857142857143,0.1935483870967742,0.16,0.2916666666666667,0.10526315789473684,0.13333333333333333,0.17142857142857143,0.21428571428571427,0.20652173913043478,0.35964912280701755,0.3162393162393162,0.288,0.2830188679245283,0.1595744680851064,0.11842105263157894,0.2,0.20408163265306123,0.17307692307692307,0.11363636363636363,0.029411764705882353,0.11627906976744186,0.07692307692307693,0.08823529411764706,0.14285714285714285,0.18181818181818182,0.125,0.09090909090909091,0.0,0.05263157894736842,0.20833333333333334,0.2,0.06382978723404255,0.26666666666666666,0.2558139534883721,0.30952380952380953,0.38235294117647056,0.4444444444444444,0.27906976744186046,0.20454545454545456,0.3333333333333333,0.10810810810810811,0.25,0.16,0.20634920634920634,0.15584415584415584,0.27692307692307694,0.20270270270270271,0.2653061224489796,0.2619047619047619,0.3939393939393939,0.2,0.20512820512820512,0.18518518518518517,0.08,0.09523809523809523,0.06060606060606061,0.1388888888888889,0.15942028985507245,0.16666666666666666,0.2553191489361702,0.24444444444444444,0.15625,0.14285714285714285,0.09090909090909091,0.19230769230769232,0.24242424242424243,0.1,0.06382978723404255,0.1388888888888889,0.21212121212121213,0.20454545454545456,0.25,0.11428571428571428,0.36363636363636365,0.13333333333333333,0.3157894736842105,0.10526315789473684,0.09523809523809523,0.0,0.058823529411764705,0.2571428571428571,0.11764705882352941,0.14814814814814814
Flatlands,Brooklyn,neighborhood,,,,,,,,,,,,,,,,,,,,,,,,,,,,0.0,1.0,0.0,,,,0.0,0.0,0.0,,,,,,0.0,0.0,0.0,,,,,,,,,,,,,,,,0.0,0.0,0.0,0.0,0.0,0.0,0.0,0.0,0.0,0.0,0.0,0.0,0.0,0.0,0.0,0.0,0.0,0.5,0.0,0.3333333333333333,0.0,0.0,0.0,0.0,0.0,0.0,0.0,0.0,0.16666666666666666,0.0,0.0,0.0,0.0,1.0,0.25,0.16666666666666666,0.3333333333333333,0.2,0.0,0.0,0.14285714285714285,0.2,0.0,0.25,0.0,0.0,0.14285714285714285,0.0,0.25,0.0,0.125,0.3,0.0,1.0,0.0,0.0,0.0,0.3333333333333333,0.25,0.0,0.0,0.0,1.0,1.0,0.3333333333333333,,1.0,0.0,0.25,0.0,0.5,0.6666666666666666,0.5,0.6666666666666666,0.5,,0.2,0.4,0.25,0.0,0.0,0.0,0.0,0.0,0.0,0.0,0.0,0.0,0.0,0.0,0.2857142857142857,0.0,0.2,0.2,0.3333333333333333,0.2,0.5,0.0,0.5,0.2857142857142857,0.0,0.0,0.2,0.0,0.5,0.0,0.3333333333333333,0.2222222222222222,0.2,0.3333333333333333,0.25,0.0,0.5,0.0,0.3333333333333333,0.0,0.0,0.5,0.16666666666666666,0.25,0.25,0.0,0.0,0.0,0.5,0.6,0.16666666666666666,0.3333333333333333,0.0,0.6666666666666666,0.0,0.3333333333333333,0.0,0.0,,0.0,0.4,0.14285714285714285,0.0,0.0,0.5
Floral Park,Queens,neighborhood,,,,,,,,,,,,,,,,,,,,,,,,,,0.0,0.0,,,,,,,,,,,,,,,,,,,,,,,0.0,0.0,0.0,,,,,,,,,,,,,,,,,,,,,,,,,,,,,,,,,,,,,,,,,,,,,,,,,,,,,,,,,,,,,,,,,,,,,,,,,,,,,,,,,,,,,,,,,,,,,,,,,,,,,,,,,,0.0,0.0,,0.0,0.0,,,,,,,,,,,,,,,,,,,,,,,,,,,,,,,,,,,,,,
Flushing,Queens,neighborhood,0.0,0.4,0.0,0.0,0.0,,,,,0.0,1.0,0.0,0.0,0.25,0.0,0.0,0.0,0.0,0.0,0.0,0.0,0.0,0.0,0.0,0.0,0.0,0.5,0.16666666666666666,0.2,0.0,0.0,0.125,0.0,0.0,0.0,0.0,0.0,0.0,0.25,0.0,0.0,0.0,0.16666666666666666,0.0,0.0,0.0,0.0,0.14285714285714285,0.16666666666666666,0.1,0.09090909090909091,0.14285714285714285,0.0,0.0,0.0,0.0,0.058823529411764705,0.1,0.058823529411764705,0.0,0.0,0.125,0.10526315789473684,0.08,0.041666666666666664,0.05555555555555555,0.11764705882352941,0.15,0.10526315789473684,0.4444444444444444,0.20833333333333334,0.05555555555555555,0.08333333333333333,0.125,0.14285714285714285,0.15,0.23529411764705882,0.2222222222222222,0.0,0.13333333333333333,0.08695652173913043,0.038461538461538464,0.1,0.19047619047619047,0.14285714285714285,0.10344827586206896,0.1724137931034483,0.10526315789473684,0.14814814814814814,0.17142857142857143,0.2127659574468085,0.19047619047619047,0.2,0.2222222222222222,0.0,0.5,0.3076923076923077,0.0625,0.16666666666666666,0.1875,0.17647058823529413,0.25,0.16,0.1,0.1724137931034483,0.2727272727272727,0.2222222222222222,0.08333333333333333,0.0,0.14285714285714285,0.18518518518518517,0.05555555555555555,0.125,0.047619047619047616,0.09090909090909091,0.1111111111111111,0.25,0.19230769230769232,0.1111111111111111,0.0625,0.16666666666666666,0.13043478260869565,0.0,0.0,0.16666666666666666,0.21052631578947367,0.3,0.1875,0.15789473684210525,0.15,0.25,0.0625,0.29411764705882354,0.0,0.13333333333333333,0.06666666666666667,0.35294117647058826,0.11764705882352941,0.1111111111111111,0.0,0.21052631578947367,0.0,0.2222222222222222,0.1111111111111111,0.07142857142857142,0.16666666666666666,0.15384615384615385,0.16666666666666666,0.17857142857142858,0.05,0.1794871794871795,0.2413793103448276,0.21739130434782608,0.125,0.04,0.06666666666666667,0.11538461538461539,0.21052631578947367,0.0967741935483871,0.1111111111111111,0.08,0.10714285714285714,0.07142857142857142,0.14285714285714285,0.1,0.125,0.3076923076923077,0.1111111111111111,0.17647058823529413,0.3333333333333333,0.2,0.375,0.05555555555555555,0.17647058823529413,0.08333333333333333,0.1111111111111111,0.1,0.1,0.0625,0.16666666666666666,0.0,0.0,0.10526315789473684,0.15384615384615385,0.15,0.24,0.2,0.1,0.0,0.2857142857142857,0.3157894736842105,0.25,0.375,0.2857142857142857,0.4444444444444444,0.15384615384615385,0.125,0.26666666666666666,0.125,0.0
Fordham,Bronx,neighborhood,,,,,,,,,,,,,,,,,,,,,,,,,,,,0.0,0.0,0.0,,,,,,,,,,,,,,,,,,,,,,,0.0,0.0,,0.0,0.0,0.0,0.0,0.0,0.0,0.0,0.0,0.0,0.0,0.0,,0.0,0.0,0.0,0.0,0.16666666666666666,0.2857142857142857,0.0,0.0,0.0,0.3333333333333333,0.3333333333333333,0.0,0.0,0.0,0.0,0.125,0.1111111111111111,0.2727272727272727,0.18181818181818182,0.16666666666666666,0.0,0.07692307692307693,0.0,0.0,1.0,0.0,0.0,0.3333333333333333,0.5,0.3333333333333333,0.2222222222222222,0.25,0.2,0.0,0.0,0.07142857142857142,0.14814814814814814,0.125,0.058823529411764705,0.0,0.1111111111111111,0.1,0.0,0.058823529411764705,0.07692307692307693,0.1,0.16666666666666666,0.058823529411764705,0.0,0.125,0.0,0.0,0.0,0.3333333333333333,0.0,0.0,0.0,0.0,0.0,0.2857142857142857,0.14285714285714285,0.2857142857142857,0.2222222222222222,0.1,0.0,0.0,0.5,0.2,0.0,0.0,0.0,0.25,0.0,0.3333333333333333,0.5,0.16666666666666666,0.4,0.14285714285714285,0.1111111111111111,0.09090909090909091,0.4,0.0,0.16666666666666666,0.0,0.25,0.3333333333333333,0.0,0.0,0.0,0.0,0.16666666666666666,0.0,0.0,0.5,0.0,0.0,0.25,0.0,0.3333333333333333,0.5,0.0,0.5,0.3333333333333333,0.0,0.0,0.3333333333333333,0.0,0.0,0.0,0.0,0.0,0.0,0.2,0.0,0.16666666666666666,0.0,0.0,0.6666666666666666,0.0,0.0,0.0,0.0,0.0,0.0,0.5,0.0,,0.0,1.0,,0.0,0.25,0.0
Forest Hills,Queens,neighborhood,0.0,0.0,0.09090909090909091,0.0,0.0,0.0,0.0,0.2,0.2,0.25,0.0,0.0,0.125,0.0,0.0,0.0,0.0,0.1111111111111111,0.0,0.07142857142857142,0.0,0.05555555555555555,0.06666666666666667,0.1111111111111111,0.375,0.16666666666666666,0.0,0.05555555555555555,0.0,0.15384615384615385,0.0,0.0,0.07142857142857142,0.14285714285714285,0.0,0.09523809523809523,0.09523809523809523,0.045454545454545456,0.13333333333333333,0.0,0.0,0.0,0.0,0.13333333333333333,0.0,0.3888888888888889,0.2857142857142857,0.14285714285714285,0.05263157894736842,0.05555555555555555,0.09090909090909091,0.058823529411764705,0.058823529411764705,0.13636363636363635,0.14285714285714285,0.21212121212121213,0.2857142857142857,0.28,0.17391304347826086,0.1,0.125,0.02857142857142857,0.022222222222222223,0.0425531914893617,0.03333333333333333,0.11666666666666667,0.11538461538461539,0.08064516129032258,0.140625,0.23214285714285715,0.07692307692307693,0.10204081632653061,0.16666666666666666,0.0,0.029411764705882353,0.03225806451612903,0.1111111111111111,0.1,0.14893617021276595,0.15,0.0851063829787234,0.09433962264150944,0.25925925925925924,0.03389830508474576,0.18032786885245902,0.05172413793103448,0.16326530612244897,0.16923076923076924,0.13636363636363635,0.0641025641025641,0.13333333333333333,0.3064516129032258,0.11290322580645161,0.22807017543859648,0.14,0.08888888888888889,0.21621621621621623,0.16279069767441862,0.14634146341463414,0.18604651162790697,0.18604651162790697,0.1891891891891892,0.11764705882352941,0.1276595744680851,0.18181818181818182,0.23809523809523808,0.13333333333333333,0.1702127659574468,0.2222222222222222,0.14583333333333334,0.17391304347826086,0.17073170731707318,0.2222222222222222,0.20689655172413793,0.07936507936507936,0.234375,0.20833333333333334,0.2926829268292683,0.15151515151515152,0.21621621621621623,0.09090909090909091,0.16666666666666666,0.15789473684210525,0.1875,0.28,0.2571428571428571,0.1875,0.2765957446808511,0.2978723404255319,0.17777777777777778,0.19148936170212766,0.21428571428571427,0.14893617021276595,0.13953488372093023,0.1935483870967742,0.16666666666666666,0.06382978723404255,0.1509433962264151,0.19230769230769232,0.16666666666666666,0.11363636363636363,0.13636363636363635,0.16666666666666666,0.11904761904761904,0.08333333333333333,0.06896551724137931,0.14893617021276595,0.10416666666666667,0.11538461538461539,0.037037037037037035,0.11666666666666667,0.13636363636363635,0.23076923076923078,0.14285714285714285,0.14814814814814814,0.0,0.034482758620689655,0.19047619047619047,0.08333333333333333,0.15789473684210525,0.16,0.10810810810810811,0.1951219512195122,0.1702127659574468,0.19047619047619047,0.16666666666666666,0.09375,0.19230769230769232,0.13513513513513514,0.09090909090909091,0.043478260869565216,0.08333333333333333,0.08,0.16666666666666666,0.10714285714285714,0.3142857142857143,0.20512820512820512,0.2,0.22857142857142856,0.4,0.21212121212121213,0.06896551724137931,0.14814814814814814,0.16666666666666666,0.06666666666666667,0.08695652173913043,0.27586206896551724,0.44,0.4827586206896552,0.34375,0.2857142857142857,0.05,0.15,0.14285714285714285,0.125,0.15789473684210525,0.2571428571428571,0.0967741935483871,0.15151515151515152,0.16666666666666666
Fort Greene,Brooklyn,neighborhood,0.2,0.0,0.23076923076923078,0.1875,0.08333333333333333,0.18181818181818182,0.0,0.0,0.0,0.16666666666666666,0.0,0.0,0.09090909090909091,0.0,0.3333333333333333,0.0,0.2727272727272727,0.0,0.16666666666666666,0.3333333333333333,0.14285714285714285,0.2,0.09090909090909091,0.0,0.14285714285714285,0.09090909090909091,0.1111111111111111,0.1,0.3333333333333333,0.3333333333333333,0.25,0.1,0.125,0.2857142857142857,0.0,0.0,0.14285714285714285,0.38461538461538464,0.16666666666666666,0.3,0.29411764705882354,0.36363636363636365,0.0625,0.05,0.08695652173913043,0.22727272727272727,0.05263157894736842,0.29411764705882354,0.3181818181818182,0.10526315789473684,0.0,0.15,0.08,0.12195121951219512,0.17073170731707318,0.20930232558139536,0.2857142857142857,0.3333333333333333,0.15384615384615385,0.043478260869565216,0.1,0.13513513513513514,0.16666666666666666,0.11428571428571428,0.10810810810810811,0.22727272727272727,0.08064516129032258,0.16666666666666666,0.2857142857142857,0.2,0.22727272727272727,0.3103448275862069,0.11538461538461539,0.13043478260869565,0.07407407407407407,0.23076923076923078,0.09375,0.2222222222222222,0.22916666666666666,0.20408163265306123,0.2857142857142857,0.22580645161290322,0.25,0.18181818181818182,0.1590909090909091,0.12,0.3,0.08888888888888889,0.16279069767441862,0.1206896551724138,0.25,0.15789473684210525,0.25,0.14285714285714285,0.13333333333333333,0.0,0.2857142857142857,0.25,0.125,0.29411764705882354,0.11538461538461539,0.08108108108108109,0.16666666666666666,0.05263157894736842,0.11538461538461539,0.07407407407407407,0.25,0.11764705882352941,0.3333333333333333,0.2,0.08695652173913043,0.25,0.07692307692307693,0.20512820512820512,0.1509433962264151,0.13513513513513514,0.3,0.21052631578947367,0.13043478260869565,0.375,0.15,0.09523809523809523,0.3333333333333333,0.07692307692307693,0.09523809523809523,0.2727272727272727,0.328125,0.2987012987012987,0.3918918918918919,0.3373493975903614,0.23809523809523808,0.17391304347826086,0.1891891891891892,0.041666666666666664,0.29411764705882354,0.05,0.14285714285714285,0.11538461538461539,0.041666666666666664,0.0,0.11764705882352941,0.1111111111111111,0.2,0.11764705882352941,0.13636363636363635,0.07407407407407407,0.14705882352941177,0.08333333333333333,0.125,0.1111111111111111,0.1875,0.1,0.16,0.047619047619047616,0.23529411764705882,0.23076923076923078,0.3,0.23076923076923078,0.2,0.04,0.07142857142857142,0.2,0.23684210526315788,0.2727272727272727,0.2619047619047619,0.5,0.15384615384615385,0.16666666666666666,0.058823529411764705,0.125,0.07142857142857142,0.25,0.024390243902439025,0.27450980392156865,0.17307692307692307,0.13513513513513514,0.3125,0.0967741935483871,0.2727272727272727,0.16666666666666666,0.06666666666666667,0.10526315789473684,0.08,0.037037037037037035,0.05405405405405406,0.08333333333333333,0.10256410256410256,0.16129032258064516,0.2,0.19230769230769232,0.23333333333333334,0.08695652173913043,0.058823529411764705,0.125,0.20689655172413793,0.17391304347826086,0.125,0.14285714285714285,0.21212121212121213,0.21875
Fresh Meadows,Queens,neighborhood,,,,,,,,,,,,,,,,,,,,0.0,0.0,,,,,,,0.0,0.0,0.0,,,,,,,,,,0.0,0.0,,,,0.0,0.0,,,,,,,0.0,0.0,0.0,0.0,0.0,0.0,0.0,,,,0.0,0.0,,,,0.0,0.0,0.0,0.0,,,,,,,,0.0,0.0,0.0,,0.0,0.0,0.0,0.6666666666666666,0.3333333333333333,0.0,0.0,0.25,0.0,,,,,,0.0,0.0,0.0,,,,,,,0.0,0.3333333333333333,0.0,0.0,,,0.0,0.0,0.0,0.0,0.0,0.0,0.0,0.0,0.0,0.0,0.0,0.0,0.0,0.0,0.0,0.0,,,0.0,0.0,0.0,0.0,0.25,0.5,,0.0,0.0,,,,,,0.0,,,,,,,0.0,0.0,0.0,,0.0,,,0.0,0.0,0.5,0.0,0.0,,0.0,0.0,,0.0,0.0,,,,,0.0,0.0,,0.0,,,,0.0,0.0,0.3333333333333333,0.14285714285714285,0.0,0.0,0.0,0.0,0.0,0.0,,0.0,0.0,,,,0.0,0.0,0.0,0.0,0.0
Gerritsen Beach,Brooklyn,neighborhood,,,,,,,,,,,,,,,,,,,,,,,,,,,,,,,,,,,,,,,,,,,,,,,,,,0.0,0.0,,,0.0,0.0,,,,,,,,,,,,,,,,,,,,,,,,,0.0,0.0,1.0,0.0,0.0,,,,,,0.0,0.0,,,,,,0.0,0.5,0.0,0.0,,,,,,0.0,0.25,0.0,0.0,,,,,,0.0,0.0,0.0,,,,,,,,,,,,,,0.0,0.0,,,,,,,,,,,0.0,1.0,,,,,,,,,,,,,,,,,,,,0.0,0.0,,1.0,0.0,,,,,,,,,,,0.0,,,,,,0.0,0.0,,,0.0,0.0,0.0,0.0,,0.0,0.0,0.0,1.0,0.0,,
Glen Oaks,Queens,neighborhood,0.0,,,,,,,,,,,,,,,,0.0,0.0,0.0,0.0,,0.0,0.5,0.0,0.0,0.0,,,0.0,0.0,,,,0.0,0.0,,,,,,,,,,0.0,0.0,0.0,0.0,,0.0,0.0,,,0.0,0.0,0.0,1.0,0.0,0.0,0.0,0.0,0.0,,,0.0,0.0,0.0,0.0,0.0,0.5,0.0,0.0,,,,0.0,0.5,0.0,0.0,,0.0,0.25,0.2,0.0,0.0,0.0,0.0,0.0,0.0,0.6666666666666666,0.0,0.0,0.0,0.0,0.0,1.0,0.0,,0.0,0.0,0.0,0.0,,,,0.0,0.0,,,,,,,0.0,0.0,0.5,0.0,0.5,0.0,0.0,0.0,1.0,0.0,,,,,,,,,,,,,,,,,,0.0,0.0,0.0,,,,,,,,,,,0.0,0.0,,,,1.0,0.0,0.0,0.0,1.0,0.5,0.0,0.0,0.0,0.0,0.0,0.3333333333333333,0.0,0.0,1.0,,,0.0,,0.0,0.0,0.0,,,0.0,0.0,0.0,,0.0,0.5,0.0,0.0,,,,,0.0,,,,,
Glendale,Queens,neighborhood,1.0,0.0,0.0,0.0,,,,,,,,,,,,,,,0.0,0.0,1.0,0.0,0.3333333333333333,0.0,0.0,0.0,0.0,,0.0,,0.0,0.0,0.0,0.0,0.0,0.0,0.0,0.0,,,1.0,0.0,0.5,0.0,0.5,0.5,0.0,0.0,,0.0,0.5,0.0,0.25,0.0,0.25,0.0,0.0,0.0,0.0,0.0,0.0,0.0,0.4,0.0,0.125,0.2,0.26666666666666666,0.2727272727272727,0.0,0.3333333333333333,0.0,0.16666666666666666,0.0,0.2,0.09090909090909091,0.06666666666666667,0.1111111111111111,0.08333333333333333,0.1,0.14285714285714285,0.3,0.1875,0.42857142857142855,0.4,0.35,0.10526315789473684,0.08333333333333333,0.15789473684210525,0.038461538461538464,0.17391304347826086,0.09090909090909091,0.375,0.5,0.18181818181818182,0.08333333333333333,0.14285714285714285,0.125,0.2857142857142857,0.3125,0.16666666666666666,0.125,0.3181818181818182,0.16,0.11764705882352941,0.2631578947368421,0.24,0.14705882352941177,0.125,0.23529411764705882,0.2222222222222222,0.16666666666666666,0.07692307692307693,0.21739130434782608,0.16666666666666666,0.11764705882352941,0.39285714285714285,0.3055555555555556,0.10714285714285714,0.3157894736842105,0.35714285714285715,0.19047619047619047,0.2727272727272727,0.0,0.25,0.5384615384615384,0.21428571428571427,0.2857142857142857,0.2608695652173913,0.2727272727272727,0.2,0.25,0.20689655172413793,0.21212121212121213,0.15789473684210525,0.15,0.1,0.1111111111111111,0.05263157894736842,0.16666666666666666,0.0,0.15789473684210525,0.13333333333333333,0.10526315789473684,0.09090909090909091,0.08333333333333333,0.14285714285714285,0.0,0.16666666666666666,0.0,0.15789473684210525,0.4,0.125,0.16666666666666666,0.0,0.06666666666666667,0.0,0.21428571428571427,0.1111111111111111,0.07142857142857142,0.07142857142857142,0.0,0.3076923076923077,0.3333333333333333,0.09090909090909091,0.0,0.2857142857142857,0.2857142857142857,0.2222222222222222,0.1111111111111111,0.3076923076923077,0.3,0.2727272727272727,0.0,0.2222222222222222,0.3,0.16666666666666666,0.25,0.2727272727272727,0.23529411764705882,0.4,0.18181818181818182,0.1111111111111111,0.23076923076923078,0.26666666666666666,0.2,0.058823529411764705,0.25925925925925924,0.12,0.25,0.21052631578947367,0.11764705882352941,0.3333333333333333,0.1111111111111111,0.1111111111111111,0.15789473684210525,0.10526315789473684,0.25,0.13636363636363635,0.21739130434782608,0.2777777777777778
Gowanus,Brooklyn,neighborhood,,,,,0.0,,0.0,0.0,,0.0,0.0,0.0,0.0,0.0,0.0,0.0,0.0,0.0,0.0,0.0,0.0,,0.0,0.0,,,,,0.0,0.0,0.3333333333333333,0.2857142857142857,0.0,1.0,,0.0,0.0,0.0,0.0,0.0,1.0,0.2727272727272727,0.4,0.2,0.125,0.375,0.1,0.3,0.2727272727272727,0.18181818181818182,0.2,0.34615384615384615,0.3333333333333333,0.16666666666666666,0.06666666666666667,0.2,0.3333333333333333,0.0,0.0,0.2857142857142857,0.18181818181818182,0.047619047619047616,0.05555555555555555,0.08333333333333333,0.16666666666666666,0.3,0.30303030303030304,0.07407407407407407,0.21739130434782608,0.35,0.5882352941176471,0.05555555555555555,0.21428571428571427,0.14285714285714285,0.3125,0.06666666666666667,0.07142857142857142,0.23809523809523808,0.25,0.2777777777777778,0.2857142857142857,0.16666666666666666,0.38461538461538464,0.45454545454545453,0.25,0.25,0.2,0.25,0.2727272727272727,0.30434782608695654,0.2903225806451613,0.5,0.24,0.08333333333333333,0.18181818181818182,0.1,0.4666666666666667,0.25,0.375,0.15384615384615385,0.09090909090909091,0.15,0.20833333333333334,0.05555555555555555,0.2,0.2222222222222222,0.17647058823529413,0.16666666666666666,0.18181818181818182,0.0,0.3333333333333333,0.16666666666666666,0.16666666666666666,0.06666666666666667,0.09090909090909091,0.22727272727272727,0.24324324324324326,0.22727272727272727,0.05555555555555555,0.047619047619047616,0.3,0.17647058823529413,0.17647058823529413,0.5,0.2,0.16,0.125,0.25806451612903225,0.36363636363636365,0.27586206896551724,0.24,0.13793103448275862,0.18518518518518517,0.21428571428571427,0.20588235294117646,0.2608695652173913,0.0,0.06451612903225806,0.22727272727272727,0.2,0.46153846153846156,0.23076923076923078,0.2857142857142857,0.16666666666666666,0.3076923076923077,0.06666666666666667,0.0,0.25,0.3,0.12,0.15789473684210525,0.125,0.25,0.42857142857142855,0.42857142857142855,0.16666666666666666,0.3333333333333333,0.4,0.1111111111111111,0.125,0.2777777777777778,0.21739130434782608,0.3333333333333333,0.4090909090909091,0.43478260869565216,0.3333333333333333,0.5555555555555556,0.25,0.16666666666666666,0.2,0.3333333333333333,0.4,0.23529411764705882,0.5,0.3103448275862069,0.5833333333333334,0.5294117647058824,0.3333333333333333,0.15789473684210525,0.2962962962962963,0.14814814814814814,0.125,0.13636363636363635,0.2857142857142857,0.16666666666666666,0.1,0.13333333333333333,0.12,0.22727272727272727,0.15384615384615385,0.17391304347826086,0.0,0.10526315789473684,0.0,0.0,0.0,0.09090909090909091,0.10526315789473684,0.2,0.11538461538461539
Gramercy Park,Manhattan,neighborhood,0.09523809523809523,0.10526315789473684,0.30434782608695654,0.03571428571428571,0.0,0.04,0.1,0.2,0.23809523809523808,0.2,0.0,0.0,0.09090909090909091,0.15384615384615385,0.07142857142857142,0.08333333333333333,0.045454545454545456,0.10526315789473684,0.06666666666666667,0.22727272727272727,0.15384615384615385,0.25,0.2222222222222222,0.1,0.23809523809523808,0.14285714285714285,0.043478260869565216,0.04,0.14634146341463414,0.1111111111111111,0.20833333333333334,0.2222222222222222,0.3611111111111111,0.25,0.3055555555555556,0.22580645161290322,0.1724137931034483,0.14285714285714285,0.13513513513513514,0.1568627450980392,0.07462686567164178,0.19148936170212766,0.20634920634920634,0.14285714285714285,0.24528301886792453,0.20408163265306123,0.22857142857142856,0.12121212121212122,0.04878048780487805,0.0975609756097561,0.0851063829787234,0.14,0.16071428571428573,0.13114754098360656,0.2,0.11764705882352941,0.26,0.25,0.1794871794871795,0.06976744186046512,0.08695652173913043,0.08888888888888889,0.10204081632653061,0.16666666666666666,0.11688311688311688,0.1267605633802817,0.04411764705882353,0.1643835616438356,0.125,0.24390243902439024,0.3157894736842105,0.20512820512820512,0.15384615384615385,0.13953488372093023,0.17307692307692307,0.1016949152542373,0.07575757575757576,0.09859154929577464,0.18461538461538463,0.17073170731707318,0.2222222222222222,0.23076923076923078,0.19047619047619047,0.15,0.11627906976744186,0.14893617021276595,0.22413793103448276,0.075,0.0967741935483871,0.12790697674418605,0.16279069767441862,0.2153846153846154,0.28,0.17142857142857143,0.16666666666666666,0.15151515151515152,0.21951219512195122,0.1702127659574468,0.13636363636363635,0.05063291139240506,0.09375,0.22580645161290322,0.15053763440860216,0.21518987341772153,0.3064516129032258,0.29545454545454547,0.29545454545454547,0.22916666666666666,0.16666666666666666,0.19047619047619047,0.18181818181818182,0.09859154929577464,0.09574468085106383,0.08256880733944955,0.15,0.21212121212121213,0.21212121212121213,0.21951219512195122,0.12121212121212122,0.13636363636363635,0.045454545454545456,0.19047619047619047,0.25,0.2903225806451613,0.1891891891891892,0.2898550724637681,0.4327485380116959,0.5448717948717948,0.4727272727272727,0.35625,0.38686131386861317,0.2702702702702703,0.13725490196078433,0.09722222222222222,0.056338028169014086,0.11864406779661017,0.08163265306122448,0.03508771929824561,0.0392156862745098,0.023809523809523808,0.2413793103448276,0.07407407407407407,0.11538461538461539,0.1,0.03125,0.14285714285714285,0.19444444444444445,0.09090909090909091,0.08823529411764706,0.140625,0.17307692307692307,0.2222222222222222,0.2647058823529412,0.24444444444444444,0.16279069767441862,0.15384615384615385,0.3333333333333333,0.1346153846153846,0.20754716981132076,0.10344827586206896,0.1323529411764706,0.08974358974358974,0.10975609756097561,0.24675324675324675,0.27419354838709675,0.35555555555555557,0.32558139534883723,0.225,0.17391304347826086,0.04878048780487805,0.14285714285714285,0.06896551724137931,0.13513513513513514,0.12,0.09333333333333334,0.13846153846153847,0.21153846153846154,0.1891891891891892,0.24242424242424243,0.07407407407407407,0.07407407407407407,0.041666666666666664,0.03571428571428571,0.15384615384615385,0.06779661016949153,0.028985507246376812,0.12987012987012986,0.20967741935483872,0.2127659574468085,0.20512820512820512,0.09523809523809523,0.0,0.043478260869565216,0.0,0.058823529411764705,0.0,0.1111111111111111,0.04,0.14545454545454545,0.21052631578947367
Gravesend,Brooklyn,neighborhood,,0.0,0.5,0.0,0.0,,0.0,,0.0,0.0,0.5,0.0,,,0.0,0.3333333333333333,0.0,0.0,0.0,0.0,,1.0,0.0,0.0,0.0,,,,1.0,0.0,0.0,0.0,0.0,0.42857142857142855,0.0,0.0,0.0,0.0,0.0,0.0,0.0,0.2,0.5,0.0,0.0,0.0,0.0,0.0,0.0,0.0,0.3333333333333333,0.4,0.0,0.0,0.16666666666666666,0.16666666666666666,0.3333333333333333,0.16666666666666666,0.25,0.0,0.125,0.25,0.14285714285714285,0.125,0.05555555555555555,0.1,0.07692307692307693,0.14285714285714285,0.0,0.1111111111111111,0.18181818181818182,0.0,0.034482758620689655,0.1111111111111111,0.1111111111111111,0.15384615384615385,0.0,0.0,0.25,0.1,0.1,0.21052631578947367,0.0,0.0,0.09523809523809523,0.19047619047619047,0.09090909090909091,0.17647058823529413,0.35714285714285715,0.0,0.16,0.42857142857142855,0.375,0.2857142857142857,0.0,0.2857142857142857,0.3,0.18181818181818182,0.15384615384615385,0.26666666666666666,0.23809523809523808,0.0625,0.07692307692307693,0.4,0.2777777777777778,0.06060606060606061,0.15,0.07142857142857142,0.2857142857142857,0.1,0.1,0.4,0.2777777777777778,0.3076923076923077,0.11764705882352941,0.25,0.18181818181818182,0.15384615384615385,0.13636363636363635,0.05,0.2857142857142857,0.4666666666666667,0.09090909090909091,0.0,0.0,0.0,0.4666666666666667,0.21428571428571427,0.0,0.2727272727272727,0.4,0.375,0.15384615384615385,0.13333333333333333,0.16666666666666666,0.26666666666666666,0.125,0.1875,0.125,0.13636363636363635,0.25,0.0,0.17647058823529413,0.07142857142857142,0.13333333333333333,0.047619047619047616,0.07407407407407407,0.0,0.11764705882352941,0.16,0.18181818181818182,0.2222222222222222,0.5,0.18181818181818182,0.13333333333333333,0.18181818181818182,0.0,0.25,0.08333333333333333,0.1111111111111111,0.0,0.0,0.0,0.2,0.0,0.0625,0.2727272727272727,0.18181818181818182,0.16666666666666666,0.18181818181818182,0.375,0.375,0.0,0.2857142857142857,0.2222222222222222,0.16666666666666666,0.0,0.09090909090909091,0.2857142857142857,0.06666666666666667,0.16666666666666666,0.0,0.0,0.0,0.125,0.1111111111111111,0.2727272727272727,0.25,0.0,0.75,0.16666666666666666,0.0,0.4,0.2727272727272727,0.1875,0.0,0.21052631578947367,0.0,0.2,0.5
Greenpoint,Brooklyn,neighborhood,0.1875,0.23076923076923078,0.2,0.0,0.0,0.0,0.16666666666666666,0.2,0.16666666666666666,0.0,0.0,0.0,0.0,0.0,0.16666666666666666,0.2222222222222222,0.2,0.1111111111111111,0.15384615384615385,0.0,0.0,0.0,0.2222222222222222,0.0,0.07692307692307693,0.14285714285714285,0.125,0.15,0.14285714285714285,0.09090909090909091,0.0,0.0,0.14285714285714285,0.058823529411764705,0.07142857142857142,0.0,0.13333333333333333,0.08333333333333333,0.09523809523809523,0.09090909090909091,0.2413793103448276,0.15789473684210525,0.07692307692307693,0.16666666666666666,0.06521739130434782,0.15,0.25,0.07692307692307693,0.045454545454545456,0.16666666666666666,0.28888888888888886,0.1875,0.10666666666666667,0.2054794520547945,0.13414634146341464,0.16455696202531644,0.14705882352941177,0.23636363636363636,0.16279069767441862,0.07894736842105263,0.10256410256410256,0.06666666666666667,0.09433962264150944,0.14084507042253522,0.15555555555555556,0.23076923076923078,0.13829787234042554,0.11864406779661017,0.1588785046728972,0.12,0.18518518518518517,0.12962962962962962,0.32653061224489793,0.21739130434782608,0.17391304347826086,0.2702702702702703,0.2727272727272727,0.33663366336633666,0.2,0.20382165605095542,0.19594594594594594,0.24761904761904763,0.3723404255319149,0.29591836734693877,0.2751677852348993,0.4122137404580153,0.22448979591836735,0.11194029850746269,0.20714285714285716,0.23129251700680273,0.17391304347826086,0.3064516129032258,0.32786885245901637,0.336734693877551,0.23333333333333334,0.16417910447761194,0.17647058823529413,0.2236842105263158,0.17204301075268819,0.27049180327868855,0.2064516129032258,0.11864406779661017,0.21904761904761905,0.1683673469387755,0.20625,0.21978021978021978,0.1935483870967742,0.1308411214953271,0.16025641025641027,0.09821428571428571,0.20618556701030927,0.16806722689075632,0.13636363636363635,0.21359223300970873,0.10569105691056911,0.2222222222222222,0.13636363636363635,0.17543859649122806,0.1282051282051282,0.15384615384615385,0.25925925925925924,0.28888888888888886,0.2857142857142857,0.25,0.136986301369863,0.2318840579710145,0.22624434389140272,0.3433333333333333,0.2887323943661972,0.2591093117408907,0.20772946859903382,0.2023121387283237,0.16279069767441862,0.1773049645390071,0.1357142857142857,0.1076923076923077,0.06862745098039216,0.17045454545454544,0.13178294573643412,0.13821138211382114,0.15942028985507245,0.05084745762711865,0.12195121951219512,0.1388888888888889,0.20512820512820512,0.0,0.15555555555555556,0.16666666666666666,0.17777777777777778,0.14666666666666667,0.13953488372093023,0.24,0.3176470588235294,0.19230769230769232,0.22,0.28846153846153844,0.20634920634920634,0.24528301886792453,0.24074074074074073,0.22641509433962265,0.27,0.32038834951456313,0.18691588785046728,0.21739130434782608,0.19626168224299065,0.34234234234234234,0.4,0.136986301369863,0.1827956989247312,0.12195121951219512,0.14492753623188406,0.12658227848101267,0.1744186046511628,0.24074074074074073,0.21710526315789475,0.2670807453416149,0.2484472049689441,0.18253968253968253,0.2605042016806723,0.14563106796116504,0.1743119266055046,0.21176470588235294,0.12658227848101267,0.19540229885057472,0.25,0.21621621621621623,0.1485148514851485,0.19672131147540983,0.2627118644067797,0.20481927710843373,0.14084507042253522,0.09859154929577464,0.08860759493670886,0.11290322580645161,0.1111111111111111,0.18032786885245902,0.07142857142857142,0.19230769230769232,0.11403508771929824,0.16279069767441862
Greenwich Village,Manhattan,neighborhood,0.1,0.02702702702702703,0.07894736842105263,0.037037037037037035,0.11320754716981132,0.045454545454545456,0.03333333333333333,0.08695652173913043,0.1875,0.2,0.2727272727272727,0.1111111111111111,0.21052631578947367,0.23809523809523808,0.08333333333333333,0.08695652173913043,0.07142857142857142,0.25,0.15,0.14814814814814814,0.3333333333333333,0.1111111111111111,0.1,0.075,0.0,0.04,0.15625,0.15789473684210525,0.25,0.14893617021276595,0.15,0.225,0.21739130434782608,0.2222222222222222,0.21875,0.11428571428571428,0.29411764705882354,0.1794871794871795,0.125,0.2222222222222222,0.125,0.12121212121212122,0.2222222222222222,0.14634146341463414,0.35294117647058826,0.18518518518518517,0.0,0.2222222222222222,0.16666666666666666,0.19047619047619047,0.10714285714285714,0.11363636363636363,0.044444444444444446,0.15217391304347827,0.09090909090909091,0.17391304347826086,0.14814814814814814,0.1875,0.09090909090909091,0.08695652173913043,0.14285714285714285,0.09523809523809523,0.16,0.125,0.21621621621621623,0.21875,0.23076923076923078,0.34285714285714286,0.21875,0.2571428571428571,0.25806451612903225,0.21428571428571427,0.19444444444444445,0.12121212121212122,0.17647058823529413,0.029411764705882353,0.1276595744680851,0.19230769230769232,0.16363636363636364,0.26229508196721313,0.23728813559322035,0.17647058823529413,0.125,0.1111111111111111,0.06976744186046512,0.05263157894736842,0.24444444444444444,0.22916666666666666,0.12727272727272726,0.2037037037037037,0.14035087719298245,0.3,0.18181818181818182,0.2857142857142857,0.18181818181818182,0.23076923076923078,0.12,0.11764705882352941,0.13513513513513514,0.07692307692307693,0.12195121951219512,0.09523809523809523,0.20754716981132076,0.2391304347826087,0.3170731707317073,0.2,0.1111111111111111,0.06666666666666667,0.1,0.03225806451612903,0.08108108108108109,0.06666666666666667,0.15873015873015872,0.22388059701492538,0.17333333333333334,0.2222222222222222,0.2903225806451613,0.1836734693877551,0.14285714285714285,0.075,0.15384615384615385,0.12903225806451613,0.07407407407407407,0.17391304347826086,0.18604651162790697,0.19736842105263158,0.26804123711340205,0.3787878787878788,0.2953020134228188,0.25196850393700787,0.2808988764044944,0.10112359550561797,0.10606060606060606,0.16326530612244897,0.023255813953488372,0.06451612903225806,0.029411764705882353,0.02857142857142857,0.0967741935483871,0.029411764705882353,0.14285714285714285,0.125,0.06666666666666667,0.25,0.0625,0.0,0.0,0.0,0.14285714285714285,0.125,0.05263157894736842,0.21153846153846154,0.2127659574468085,0.24324324324324326,0.15384615384615385,0.1388888888888889,0.175,0.1282051282051282,0.12903225806451613,0.030303030303030304,0.07692307692307693,0.07272727272727272,0.16666666666666666,0.29545454545454547,0.2653061224489796,0.3137254901960784,0.2,0.2619047619047619,0.18604651162790697,0.06666666666666667,0.07142857142857142,0.0975609756097561,0.1111111111111111,0.13559322033898305,0.11864406779661017,0.22727272727272727,0.12698412698412698,0.16,0.13513513513513514,0.075,0.038461538461538464,0.14285714285714285,0.10344827586206896,0.06451612903225806,0.06521739130434782,0.1282051282051282,0.16216216216216217,0.2,0.17142857142857143,0.21212121212121213,0.21739130434782608,0.09523809523809523,0.0,0.0,0.10526315789473684,0.06060606060606061,0.11428571428571428,0.03125,0.03333333333333333,0.0
Greenwood,Brooklyn,neighborhood,0.0,0.0,0.0,0.0,0.25,0.0,0.0,0.0,0.0,0.3333333333333333,0.25,0.5,0.0,0.0,0.0,0.0,0.0,0.5,0.5,0.0,0.0,0.0,0.25,0.0,0.0,0.0,1.0,0.0,0.5,0.0,0.3333333333333333,0.0,0.0,,0.0,0.0,0.0,0.0,0.3333333333333333,0.3333333333333333,0.0,0.3333333333333333,0.14285714285714285,0.14285714285714285,0.0,0.0,0.5,0.0,0.0,0.16666666666666666,0.18181818181818182,0.0,0.0,0.25,0.125,0.16666666666666666,0.16666666666666666,0.5,0.4166666666666667,0.3,0.11764705882352941,0.2222222222222222,0.0,0.0,0.17647058823529413,0.20833333333333334,0.20833333333333334,0.15789473684210525,0.25,0.4,0.35714285714285715,0.0,0.3,0.16666666666666666,0.2857142857142857,0.5,0.08333333333333333,0.07142857142857142,0.16666666666666666,0.18421052631578946,0.07142857142857142,0.5,0.15384615384615385,0.26666666666666666,0.07142857142857142,0.3125,0.2962962962962963,0.13953488372093023,0.2777777777777778,0.2962962962962963,0.19230769230769232,0.25,0.28125,0.22448979591836735,0.16216216216216217,0.2962962962962963,0.2692307692307692,0.1724137931034483,0.075,0.16666666666666666,0.2037037037037037,0.21311475409836064,0.18421052631578946,0.13333333333333333,0.20588235294117646,0.20588235294117646,0.15,0.16666666666666666,0.10810810810810811,0.2127659574468085,0.34146341463414637,0.16666666666666666,0.08108108108108109,0.21428571428571427,0.16666666666666666,0.48484848484848486,0.5,0.08333333333333333,0.23076923076923078,0.0,0.11764705882352941,0.3181818181818182,0.0,0.23076923076923078,0.36363636363636365,0.3611111111111111,0.3137254901960784,0.36363636363636365,0.35,0.3953488372093023,0.3235294117647059,0.18181818181818182,0.2926829268292683,0.23076923076923078,0.26666666666666666,0.175,0.2608695652173913,0.10810810810810811,0.18604651162790697,0.2765957446808511,0.08,0.34375,0.20689655172413793,0.15384615384615385,0.16666666666666666,0.16666666666666666,0.09523809523809523,0.11538461538461539,0.18518518518518517,0.1,0.16666666666666666,0.2222222222222222,0.1875,0.20833333333333334,0.2857142857142857,0.1875,0.3023255813953488,0.10714285714285714,0.2777777777777778,0.15,0.25,0.3,0.22580645161290322,0.06666666666666667,0.20689655172413793,0.34210526315789475,0.38461538461538464,0.20833333333333334,0.29411764705882354,0.18181818181818182,0.36,0.11538461538461539,0.16666666666666666,0.15384615384615385,0.17391304347826086,0.25806451612903225,0.08695652173913043,0.2,0.23076923076923078,0.5555555555555556,0.1,0.25,0.07142857142857142,0.20833333333333334,0.1111111111111111,0.13793103448275862,0.1935483870967742,0.30303030303030304,0.3111111111111111,0.20689655172413793,0.09090909090909091,0.08333333333333333,0.14285714285714285,0.0,0.10526315789473684,0.2631578947368421,0.125,0.0,0.16666666666666666,0.1111111111111111
Hamilton Heights,Manhattan,neighborhood,0.0625,0.047619047619047616,0.11538461538461539,0.034482758620689655,0.04,0.17391304347826086,0.07407407407407407,0.2,0.09375,0.16129032258064516,0.043478260869565216,0.06666666666666667,0.034482758620689655,0.043478260869565216,0.05263157894736842,0.045454545454545456,0.10344827586206896,0.1388888888888889,0.03125,0.0,0.1111111111111111,0.21052631578947367,0.23529411764705882,0.0,0.047619047619047616,0.19230769230769232,0.08,0.04,0.17857142857142858,0.11764705882352941,0.0851063829787234,0.06521739130434782,0.11627906976744186,0.2,0.07692307692307693,0.02702702702702703,0.2553191489361702,0.26666666666666666,0.05263157894736842,0.12857142857142856,0.07317073170731707,0.21686746987951808,0.1375,0.09836065573770492,0.1917808219178082,0.20634920634920634,0.13636363636363635,0.09230769230769231,0.05813953488372093,0.125,0.15,0.14084507042253522,0.07058823529411765,0.13414634146341464,0.14150943396226415,0.16161616161616163,0.3380281690140845,0.12162162162162163,0.16326530612244897,0.21367521367521367,0.16666666666666666,0.14383561643835616,0.07801418439716312,0.15447154471544716,0.07377049180327869,0.18699186991869918,0.08163265306122448,0.22115384615384615,0.17857142857142858,0.20253164556962025,0.10227272727272728,0.10204081632653061,0.08695652173913043,0.041237113402061855,0.14414414414414414,0.09734513274336283,0.1523809523809524,0.1826086956521739,0.12142857142857143,0.14285714285714285,0.18181818181818182,0.125,0.25,0.12280701754385964,0.1271186440677966,0.13445378151260504,0.1736111111111111,0.11564625850340136,0.13529411764705881,0.22941176470588234,0.1987179487179487,0.19298245614035087,0.24752475247524752,0.2358490566037736,0.2967032967032967,0.2727272727272727,0.20987654320987653,0.17142857142857143,0.23958333333333334,0.16379310344827586,0.18085106382978725,0.1485148514851485,0.1476510067114094,0.19444444444444445,0.23255813953488372,0.2625,0.2191780821917808,0.2,0.24324324324324326,0.23,0.19090909090909092,0.2222222222222222,0.15126050420168066,0.18803418803418803,0.1693548387096774,0.25,0.17647058823529413,0.17647058823529413,0.16129032258064516,0.1016949152542373,0.10909090909090909,0.10909090909090909,0.16129032258064516,0.08771929824561403,0.20202020202020202,0.3161290322580645,0.33962264150943394,0.362962962962963,0.2902097902097902,0.23674911660777384,0.1522633744855967,0.12037037037037036,0.09009009009009009,0.17486338797814208,0.14054054054054055,0.08670520231213873,0.1407035175879397,0.06698564593301436,0.07211538461538461,0.14673913043478262,0.15,0.18867924528301888,0.18902439024390244,0.09027777777777778,0.13076923076923078,0.09448818897637795,0.11428571428571428,0.09473684210526316,0.02631578947368421,0.09876543209876543,0.0379746835443038,0.1511627906976744,0.1485148514851485,0.16071428571428573,0.16091954022988506,0.06451612903225806,0.16176470588235295,0.1095890410958904,0.0759493670886076,0.15789473684210525,0.13636363636363635,0.09574468085106383,0.1282051282051282,0.2109375,0.23853211009174313,0.18518518518518517,0.20652173913043478,0.125,0.08653846153846154,0.10256410256410256,0.11475409836065574,0.03636363636363636,0.05714285714285714,0.09722222222222222,0.10975609756097561,0.14285714285714285,0.2,0.125,0.09375,0.06557377049180328,0.05555555555555555,0.05263157894736842,0.05357142857142857,0.08928571428571429,0.17857142857142858,0.07407407407407407,0.07894736842105263,0.14102564102564102,0.20253164556962025,0.19696969696969696,0.15789473684210525,0.04,0.03571428571428571,0.07462686567164178,0.07352941176470588,0.04,0.0851063829787234,0.019230769230769232,0.03389830508474576,0.08064516129032258
Highbridge,Bronx,neighborhood,,0.0,0.0,0.0,,,,,,,,,,,,,,,,,,,,,,,,1.0,0.0,,,,,,,0.0,0.0,0.0,0.5,0.0,0.0,,0.0,0.0,,,,,,,,,,,,0.0,0.0,0.0,0.0,0.0,0.0,,,,0.0,0.0,0.0,0.3333333333333333,0.0,0.0,0.25,0.5,0.0,0.0,0.0,0.0,0.0,0.0,0.16666666666666666,0.0,0.0,0.0,0.0,0.0,0.0,0.16666666666666666,0.0,,1.0,0.3333333333333333,0.0,0.0,0.0,0.25,1.0,1.0,1.0,1.0,1.0,0.0,0.5,0.0,0.2,0.0,0.125,0.16666666666666666,0.0,0.2222222222222222,0.16666666666666666,0.125,0.0,0.3333333333333333,0.5,,0.5,,,,0.0,0.4,0.0,0.0,0.0,0.0,,0.0,0.0,0.0,0.0,0.3333333333333333,0.0,0.0,0.0,0.0,0.0,0.0,0.0,,0.0,0.0,0.5,0.0,0.0,0.0,,,0.375,0.0,0.2,0.0,0.0,0.0,0.0,0.0,0.0,0.25,0.0,0.25,0.0,0.2857142857142857,0.0,0.0,0.2,0.3333333333333333,0.0,,,0.0,,,0.0,0.0,0.0,,0.0,0.0,0.0,0.0,0.0,,0.0,0.0,,0.0,0.5,,,,,,0.0,0.0,,0.0,0.0,0.0,0.0,0.0,0.0,0.14285714285714285
Hillcrest,Queens,neighborhood,,,,,,,,,,,,,,,,,,,,,,,,,,,,,,,0.0,0.0,,,,,,,,,,,,,0.0,0.0,0.0,0.0,0.0,0.0,,,,,,0.0,,,0.0,0.0,0.0,0.0,0.0,,,0.0,0.0,,,0.5,0.0,0.0,0.0,0.0,0.0,,,,0.0,0.5,0.5,0.0,0.0,0.3333333333333333,0.0,0.0,0.0,0.15384615384615385,0.0,0.06666666666666667,0.06666666666666667,0.0,,,0.3333333333333333,0.0,0.0,0.0,0.0,0.0,0.0,0.0,0.0,0.625,0.125,0.0,0.2,0.1111111111111111,0.0,0.14285714285714285,0.125,0.0,0.16666666666666666,0.2,0.0,0.0,0.0,0.3333333333333333,0.0,0.0,0.0,0.3333333333333333,0.0,0.0,0.3333333333333333,0.0,0.0,0.0,0.0,0.0,0.0,,,0.0,0.0,0.0,,,,,0.0,0.0,0.2,0.0,0.0,0.0,0.5,0.3333333333333333,0.3333333333333333,0.0,0.0,0.3333333333333333,0.6,0.1,0.2857142857142857,0.3333333333333333,0.14285714285714285,0.0,0.2,0.3333333333333333,0.0,0.0,0.0,0.25,0.0,0.0,0.16666666666666666,0.0,0.25,0.0,,,,0.0,0.3333333333333333,0.5,0.0,0.0,0.0,0.0,0.0,0.0,0.0,0.0,0.0,,0.0,0.0,0.4,0.4,0.0,0.0,0.0,0.0,0.0,1.0,0.0,0.0,0.0,
Hollis,Queens,neighborhood,,,,,,,,,,,,,,,,,,,,,,,,,,,,,,,,,,,,,,,,,,,,0.0,1.0,0.0,0.0,0.0,0.0,,,0.0,0.0,,,,,,,,,,,,0.0,,0.0,0.5,0.0,0.0,0.0,0.0,0.0,,,0.0,0.0,,,,,,,,0.0,,0.0,0.0,0.0,0.0,,,0.0,0.0,0.0,0.0,0.0,0.3333333333333333,0.0,,0.0,0.0,0.0,0.0,,0.0,0.0,,0.0,0.5,,1.0,,,,1.0,0.0,0.0,0.0,0.0,1.0,0.0,0.0,0.0,0.0,0.0,0.0,0.0,0.0,0.0,0.0,,,0.0,0.0,,,,,1.0,0.0,0.0,0.0,0.0,0.0,0.0,0.0,,0.0,,,,0.0,0.0,,1.0,0.0,,0.0,0.0,0.0,0.0,0.0,0.0,0.0,0.5,0.0,,,0.125,0.25,0.0,0.0,0.0,0.0,0.0,0.0,0.0,,,,,0.3333333333333333,0.0,0.0,,0.0,0.0,,,0.5,1.0,0.0,0.0,0.0,0.0,0.0,0.0,0.0,0.0
Howard Beach,Queens,neighborhood,0.0,0.0,0.0,0.0,0.0,0.0,,,,,,,,,,,,,,,0.0,0.0,0.0,0.0,0.0,,0.0,,,,,,,,,0.0,,0.0,,,,,,0.0,0.0,0.0,,0.0,,,0.0,,,,0.0,,,1.0,,0.0,1.0,0.0,0.0,0.0,0.0,,,,,0.0,0.0,,,,,0.0,0.0,0.0,0.3333333333333333,0.0,0.5,0.3333333333333333,0.0,,0.0,0.5,0.5,0.0,0.0,0.0,0.14285714285714285,0.0,0.0,0.0,0.5,0.3333333333333333,0.0,0.0,0.0,0.0,0.3333333333333333,0.0,0.0,0.3333333333333333,0.16666666666666666,0.16666666666666666,0.0,0.3333333333333333,0.0,0.0,0.0,0.0,0.3333333333333333,0.25,0.0,0.0,0.5,0.0,0.0,0.3333333333333333,0.0,0.0,0.0,0.0,0.3333333333333333,0.0,,,0.0,0.5,0.0,0.5,0.0,0.0,0.0,0.0,0.0,0.3333333333333333,0.0,0.0,0.0,0.2,0.0,0.0,0.0,0.0,0.3333333333333333,0.125,0.1,0.0,0.2,0.0,0.16666666666666666,0.0,0.0,0.0,0.0,0.5,0.5,0.0,0.2,0.0,0.0,0.0,0.0,0.0,0.0,0.0,0.0,0.5,0.0,0.0,0.0,0.0,,0.0,0.0,0.0,0.0,0.0,0.3333333333333333,0.0,0.5,0.3333333333333333,0.0,0.0,,0.0,0.0,0.0,,,0.0,,0.5,0.25,0.0,0.4,0.0,0.0
Hunts Point,Bronx,neighborhood,,,,,,,,,,,,,,,,,,,,,,,,,,,,,,,,,,,,,,,,,,,0.0,0.0,,,,,,,,,,,,,,,,,0.0,0.0,0.0,0.0,,,,,,0.0,1.0,,,,,,,0.0,0.0,0.0,0.0,,,,,,,0.0,0.3333333333333333,0.0,0.0,,,0.0,0.16666666666666666,0.3333333333333333,0.0,0.5,0.3333333333333333,0.0,0.5,0.0,0.0,0.0,0.0,,0.0,0.0,,,,,,0.0,0.0,0.0,0.0,0.0,0.0,0.0,0.0,0.0,0.0,0.0,,,0.0,0.0,0.0,0.0,,,,,,,,,,,,,,0.0,0.5,0.0,0.0,0.0,0.0,,0.0,0.0,0.0,0.0,0.5,,,,0.0,,,1.0,0.0,0.0,0.0,0.0,0.0,0.0,0.0,,,0.0,0.0,0.0,0.0,0.0,,0.0,0.0,0.0,0.0,0.0,0.0,0.0,0.0,1.0,,,,,,0.0,0.0,,,0.0,0.0,0.0,0.0,0.0
Inwood,Manhattan,neighborhood,,,0.5,0.0,1.0,0.0,1.0,0.0,0.0,0.0,0.0,0.0,0.0,0.25,0.5,0.0,0.2,0.16666666666666666,0.0,0.0,0.25,0.0,0.0,0.0,0.0,0.0,0.5,0.25,0.5,0.14285714285714285,0.1,0.13333333333333333,0.6363636363636364,0.5,0.0,0.0,0.3333333333333333,0.0,0.0,0.0,0.0,0.0,0.0,0.6,1.0,1.0,0.0,0.5,0.0,0.3333333333333333,0.1111111111111111,0.09090909090909091,0.0,0.16666666666666666,0.14285714285714285,0.42857142857142855,0.375,0.15384615384615385,0.16666666666666666,0.3333333333333333,0.19047619047619047,0.05555555555555555,0.16666666666666666,0.06666666666666667,0.0,0.14285714285714285,0.0,0.1,0.2727272727272727,0.15384615384615385,0.2222222222222222,0.4,0.07692307692307693,0.2857142857142857,0.058823529411764705,0.11764705882352941,0.11764705882352941,0.125,0.23809523809523808,0.05555555555555555,0.3157894736842105,0.15789473684210525,0.3333333333333333,0.23529411764705882,0.2777777777777778,0.125,0.4444444444444444,0.047619047619047616,0.15,0.3,0.2727272727272727,0.3333333333333333,0.0625,0.3,0.21428571428571427,0.29411764705882354,0.058823529411764705,0.07142857142857142,0.2727272727272727,0.0,0.21052631578947367,0.2222222222222222,0.3333333333333333,0.21428571428571427,0.32,0.2962962962962963,0.18518518518518517,0.17391304347826086,0.34782608695652173,0.11428571428571428,0.0625,0.13333333333333333,0.06896551724137931,0.17391304347826086,0.0,0.03571428571428571,0.2,0.2,0.16666666666666666,0.0,0.2,0.07692307692307693,0.14285714285714285,0.2,0.2222222222222222,0.2,0.22727272727272727,0.18181818181818182,0.29411764705882354,0.24242424242424243,0.13793103448275862,0.2903225806451613,0.2222222222222222,0.23333333333333334,0.07692307692307693,0.17391304347826086,0.05555555555555555,0.2777777777777778,0.11764705882352941,0.35,0.10526315789473684,0.2,0.23529411764705882,0.0,0.2608695652173913,0.3333333333333333,0.2727272727272727,0.17647058823529413,0.16666666666666666,0.0,0.0,0.15384615384615385,0.11764705882352941,0.38461538461538464,0.3333333333333333,0.0,0.0,0.1,0.0,0.09090909090909091,0.09090909090909091,0.2727272727272727,0.1,0.16666666666666666,0.17647058823529413,0.09090909090909091,0.125,0.09090909090909091,0.08333333333333333,0.25,0.0,0.25,0.0,0.0,0.09090909090909091,0.16666666666666666,0.0,0.16666666666666666,0.2222222222222222,0.18181818181818182,0.1,0.25,0.23076923076923078,0.06666666666666667,0.2222222222222222,0.0,0.125,0.14285714285714285,0.0,0.16666666666666666,0.25,0.125,0.18181818181818182,0.3333333333333333,0.09090909090909091,0.0,0.0,0.0,0.16666666666666666,0.2857142857142857
Jackson Heights,Queens,neighborhood,,0.0,0.0,0.0,0.0,0.0,0.0,,,,,0.0,0.0,0.0,0.0,0.0,0.0,0.0,0.0,0.0,0.0,0.0,0.0,0.0,0.0,0.25,0.25,0.0,0.0,0.0,0.0,,0.0,0.0,0.3333333333333333,0.0,0.0,0.0,0.0,0.0,0.0,0.0,0.3333333333333333,0.0,0.0,0.0,0.0,0.0,0.0,0.25,0.0,0.25,0.25,0.0,0.0,0.25,0.2,0.1,0.0,0.0,0.11764705882352941,0.18181818181818182,0.0,0.0,0.0,0.0,0.0,0.14285714285714285,0.2222222222222222,0.1111111111111111,0.0,0.0,0.09090909090909091,0.09090909090909091,0.08333333333333333,0.08333333333333333,0.125,0.15384615384615385,0.0,0.2857142857142857,0.42857142857142855,0.15,0.23529411764705882,0.0,0.058823529411764705,0.2631578947368421,0.08695652173913043,0.13043478260869565,0.06666666666666667,0.20689655172413793,0.1,0.0,0.35714285714285715,0.10526315789473684,0.2222222222222222,0.08333333333333333,0.09523809523809523,0.13636363636363635,0.17391304347826086,0.2222222222222222,0.21052631578947367,0.058823529411764705,0.14285714285714285,0.16666666666666666,0.15789473684210525,0.17647058823529413,0.0625,0.13333333333333333,0.1875,0.0,0.18181818181818182,0.05714285714285714,0.10526315789473684,0.16666666666666666,0.07407407407407407,0.22727272727272727,0.125,0.3076923076923077,0.15,0.0,0.08333333333333333,0.18181818181818182,0.25,0.36363636363636365,0.06666666666666667,0.14285714285714285,0.18518518518518517,0.2413793103448276,0.28125,0.30434782608695654,0.25,0.13333333333333333,0.125,0.1,0.0,0.0,0.15,0.0,0.0,0.3076923076923077,0.35714285714285715,0.26666666666666666,0.23076923076923078,0.14285714285714285,0.0,0.0,0.0,0.16666666666666666,0.15384615384615385,0.07692307692307693,0.1111111111111111,0.125,0.17647058823529413,0.3,0.15384615384615385,0.18181818181818182,0.0,0.16666666666666666,0.2,0.0,0.23076923076923078,0.14285714285714285,0.3333333333333333,0.16666666666666666,0.3333333333333333,0.15,0.15,0.3076923076923077,0.3125,0.23076923076923078,0.3,0.0,0.1111111111111111,0.0,0.16666666666666666,0.043478260869565216,0.05,0.1875,0.08333333333333333,0.4,0.1111111111111111,0.13333333333333333,0.25,0.07692307692307693,0.14285714285714285,0.0,0.2,0.14285714285714285,0.2,0.17647058823529413,0.08333333333333333,0.14285714285714285,0.14285714285714285,0.0,0.0,0.1111111111111111,0.0,0.07692307692307693,0.0,0.16666666666666666
Jamaica,Queens,neighborhood,,,,,,,,,,,,,0.0,0.0,0.0,0.0,0.0,0.0,,,,0.0,0.0,0.0,0.0,,,,,0.0,0.0,0.5,0.0,0.0,0.0,,,0.0,0.0,0.0,0.0,0.0,,,,,0.0,0.3333333333333333,0.0,0.0,0.0,0.0,,0.0,0.0,0.0,0.0,0.0,0.0,0.0,0.0,0.0,0.0,0.0,0.0,0.0,0.0,0.0,,0.0,0.0,0.0,0.0,0.0,0.2,0.0,0.0,0.0,0.0,0.4,0.0,0.0,0.25,0.0,0.25,0.0,0.2222222222222222,0.0,0.0,0.14285714285714285,0.1111111111111111,,0.0,0.08333333333333333,0.0,0.14285714285714285,0.0,0.3333333333333333,0.0,0.0,0.5,0.0,0.1111111111111111,0.0,0.0,0.0,0.0,0.0,0.2857142857142857,0.3,0.16666666666666666,0.5,0.6,0.0,0.14285714285714285,0.25,0.2,0.3333333333333333,0.2857142857142857,0.2857142857142857,0.2857142857142857,0.0,0.0,0.0,0.0,0.25,0.2857142857142857,0.0,0.125,0.0,0.125,0.42857142857142855,0.0,0.18181818181818182,0.0,0.0,0.0,0.0,0.0,0.22727272727272727,0.0,0.0625,0.05555555555555555,0.09090909090909091,0.0,0.09090909090909091,0.0,0.16666666666666666,0.07142857142857142,0.09090909090909091,0.0,0.1111111111111111,0.0,0.08333333333333333,0.0,0.07142857142857142,0.0,0.1,0.1111111111111111,0.14285714285714285,0.08333333333333333,0.0,0.14285714285714285,0.0,0.0,0.0,0.0,0.0,0.0,0.0,0.1111111111111111,0.125,0.0,0.0,0.0,0.0,0.0,0.0,0.0,0.09090909090909091,0.06666666666666667,0.0,0.0,0.0,0.0,0.0,0.0,0.0,0.0,0.0,0.15384615384615385,0.0,0.0,0.0,0.1111111111111111,0.0,0.2727272727272727,0.0625,0.25,0.045454545454545456
Jamaica Estates,Queens,neighborhood,0.0,0.0,,,,,,,,,,,0.0,0.0,0.0,0.0,0.0,0.0,0.0,0.0,0.0,,,,,,,,,,,,,,,,,,0.0,0.0,,,,,,,0.0,0.5,0.0,,,,0.0,0.0,0.5,0.0,0.5,0.5,0.5,0.0,0.0,1.0,0.0,0.0,0.0,0.2,0.0,0.0,0.0,1.0,0.0,0.0,0.0,0.0,0.25,0.0,0.0,0.0,0.25,0.0,0.0,0.3333333333333333,0.0,0.0,0.0,0.0,0.0,0.0,0.0,0.0,0.0,0.0,0.2,0.0,1.0,0.0,0.0,0.0,0.0,0.14285714285714285,0.0,0.16666666666666666,0.1111111111111111,0.125,0.0,0.0,0.0,0.0,,0.0,0.2,0.0,0.0,0.0,0.0,1.0,0.3333333333333333,0.5,0.0,0.0,0.5,0.3333333333333333,0.0,0.0,0.0,0.2,0.0,0.5,0.3333333333333333,0.0,0.0,0.0,,0.0,0.0,0.5,0.0,0.3333333333333333,0.0,0.0,0.5,0.0,0.5,0.0,0.0,0.0,0.0,0.3333333333333333,0.0,0.4,0.0,0.0,0.0,0.3333333333333333,0.3333333333333333,0.5,0.0,0.0,0.0,0.0,0.0,0.0,0.0,0.1111111111111111,0.1111111111111111,0.2,0.16666666666666666,0.0,0.0,0.0,0.0,0.0,,,0.0,0.0,0.5,,0.0,0.5,0.0,0.25,0.25,0.3333333333333333,0.0,0.5,0.0,0.16666666666666666,0.14285714285714285,0.5,0.3333333333333333,0.0,0.5,1.0,0.5,0.0,0.0,,0.0,0.25
Jamaica Hills,Queens,neighborhood,,,,,,,,,,,,0.0,0.0,0.0,0.0,0.0,0.0,0.0,0.0,0.0,0.0,0.0,0.0,,,,,,,,,,,,,,,0.0,0.0,0.0,,,,,,,,,0.0,0.0,,,,0.0,0.0,1.0,,,0.0,0.0,0.0,0.0,,,,,0.0,,,1.0,,,,,0.0,0.0,,0.0,0.0,0.0,0.0,0.0,0.0,0.3333333333333333,0.0,0.5,0.5,0.0,0.0,0.0,0.0,0.0,0.5,0.0,,,,0.5,0.0,0.0,0.0,0.0,0.0,0.5,0.0,0.0,0.5,0.5,0.5,0.5,0.0,0.0,0.0,0.0,0.0,0.0,0.0,0.5,0.25,0.0,0.0,0.0,0.0,0.0,,0.0,0.0,0.0,0.0,0.0,0.0,0.0,0.5,0.25,0.0,0.0,0.0,0.0,0.0,0.0,0.0,,,,,,0.5,,,0.0,0.0,0.0,0.0,0.4,0.2,0.0,0.0,,,,0.0,,,0.0,0.3333333333333333,0.5,0.0,0.0,0.0,0.0,0.0,1.0,0.0,,,,0.0,0.0,0.5,0.0,0.0,0.0,0.0,0.0,,,,0.5,0.0,0.0,,,,,,,,0.0,,0.0
Kensington,Brooklyn,neighborhood,0.5,0.0,0.0,0.0,0.0,0.5,0.5,0.3333333333333333,0.14285714285714285,0.3333333333333333,0.375,0.2,0.0,0.5,0.0,0.0,0.0,0.16666666666666666,0.2,0.25,0.2,0.2,0.0,0.0,0.0,0.0,0.2,0.1111111111111111,0.0,0.0,0.2,0.0,0.16666666666666666,0.0,0.0,0.0,0.6,0.2,0.0,0.5,0.0,0.0,0.0,0.0,0.1,0.38461538461538464,0.1111111111111111,0.3333333333333333,0.16666666666666666,0.2,0.0,0.09090909090909091,0.2,0.15789473684210525,0.15384615384615385,0.11764705882352941,0.08333333333333333,0.13043478260869565,0.14814814814814814,0.03333333333333333,0.08,0.16666666666666666,0.23076923076923078,0.03333333333333333,0.0,0.21875,0.0,0.13043478260869565,0.3333333333333333,0.1724137931034483,0.041666666666666664,0.08695652173913043,0.18518518518518517,0.4666666666666667,0.14285714285714285,0.3939393939393939,0.21428571428571427,0.13157894736842105,0.20454545454545456,0.14634146341463414,0.18421052631578946,0.2558139534883721,0.14285714285714285,0.16666666666666666,0.15,0.37142857142857144,0.06666666666666667,0.06451612903225806,0.037037037037037035,0.14285714285714285,0.14634146341463414,0.2962962962962963,0.2,0.28,0.18181818181818182,0.375,0.19230769230769232,0.19047619047619047,0.19047619047619047,0.10526315789473684,0.17391304347826086,0.3076923076923077,0.16666666666666666,0.09090909090909091,0.23076923076923078,0.20454545454545456,0.1568627450980392,0.14285714285714285,0.10810810810810811,0.1590909090909091,0.15,0.14583333333333334,0.11320754716981132,0.1590909090909091,0.16129032258064516,0.21818181818181817,0.3684210526315789,0.1951219512195122,0.2631578947368421,0.034482758620689655,0.19230769230769232,0.4166666666666667,0.21739130434782608,0.1111111111111111,0.21428571428571427,0.24242424242424243,0.22727272727272727,0.32075471698113206,0.2413793103448276,0.21428571428571427,0.3,0.1875,0.19230769230769232,0.12903225806451613,0.17647058823529413,0.06666666666666667,0.1111111111111111,0.07142857142857142,0.06060606060606061,0.1891891891891892,0.27586206896551724,0.1388888888888889,0.075,0.25,0.17647058823529413,0.2647058823529412,0.1111111111111111,0.1,0.08333333333333333,0.1794871794871795,0.125,0.14285714285714285,0.16,0.15,0.19047619047619047,0.23529411764705882,0.2857142857142857,0.2962962962962963,0.16,0.35,0.12,0.23333333333333334,0.2857142857142857,0.2631578947368421,0.35294117647058826,0.4444444444444444,0.13333333333333333,0.3076923076923077,0.25,0.2777777777777778,0.12,0.2222222222222222,0.07142857142857142,0.16666666666666666,0.24,0.2222222222222222,0.16666666666666666,0.15789473684210525,0.11764705882352941,0.2631578947368421,0.1,0.125,0.21052631578947367,0.045454545454545456,0.058823529411764705,0.18421052631578946,0.28205128205128205,0.22580645161290322,0.07142857142857142,0.46153846153846156,0.2,0.25,0.125,0.2857142857142857,0.125,0.0,0.10526315789473684,0.15,0.18518518518518517,0.12903225806451613
Kew Gardens,Queens,neighborhood,0.0,0.0,0.6666666666666666,0.0,0.0,,,,0.0,0.0,,,,,,0.0,0.0,0.3333333333333333,0.0,0.2,0.0,0.6666666666666666,0.0,0.0,0.0,0.0,0.0,,0.0,0.0,0.0,0.0,,,,,,0.0,0.0,,0.0,0.0,0.2,0.0,0.14285714285714285,0.14285714285714285,0.25,0.3333333333333333,0.125,0.0,0.0,0.0,0.0,0.0,0.25,0.16666666666666666,0.0,0.0,0.4,0.14285714285714285,0.0,0.0,0.4444444444444444,0.0,0.0,0.0,0.5,0.2222222222222222,0.0,0.1,0.0,0.0,0.0,0.3333333333333333,0.0,0.125,0.0,0.0,0.3333333333333333,0.0,0.1,0.0,0.0,0.07692307692307693,0.0,0.3333333333333333,0.13333333333333333,0.0,0.14285714285714285,0.0,0.1,0.14285714285714285,0.3333333333333333,0.125,0.21428571428571427,0.2,0.125,0.2857142857142857,0.14285714285714285,0.0,0.3,0.0,0.125,0.19047619047619047,0.16666666666666666,0.12,0.15,0.3125,0.2,0.07692307692307693,0.1,0.13333333333333333,0.07692307692307693,0.4666666666666667,0.045454545454545456,0.13043478260869565,0.4117647058823529,0.10526315789473684,0.2,0.09090909090909091,0.4,0.45454545454545453,0.45454545454545453,0.3333333333333333,0.0,0.2857142857142857,0.3333333333333333,0.5555555555555556,0.29411764705882354,0.4166666666666667,0.13333333333333333,0.23529411764705882,0.2222222222222222,0.25,0.23076923076923078,0.21052631578947367,0.0,0.18181818181818182,0.25,0.08333333333333333,0.125,0.38461538461538464,0.08333333333333333,0.11764705882352941,0.5454545454545454,0.3333333333333333,0.1,0.2857142857142857,0.125,0.0,0.25,0.3333333333333333,0.16666666666666666,0.3333333333333333,0.1,0.2222222222222222,0.125,0.2857142857142857,0.14285714285714285,0.3333333333333333,0.14285714285714285,0.0,0.14285714285714285,0.0,0.2,0.25,0.2,0.16666666666666666,0.25,0.0,0.0,1.0,0.4,0.0,0.0,0.6666666666666666,0.3333333333333333,0.25,0.0,0.15384615384615385,0.16666666666666666,0.16666666666666666,0.0,0.1111111111111111,0.6666666666666666,0.0,0.2857142857142857,0.16666666666666666,0.6666666666666666,0.0,0.14285714285714285,0.3333333333333333,0.16666666666666666,0.25,0.125,0.0,0.16666666666666666,0.5,0.0,0.5
Kew Gardens Hills,Queens,neighborhood,0.5,0.0,0.0,0.0,,0.0,0.0,0.0,0.0,0.0,,0.0,1.0,0.0,0.0,0.0,0.0,0.0,0.0,0.0,,,,,,0.0,0.0,0.0,1.0,0.0,,,,,1.0,0.0,0.0,0.0,0.0,0.0,0.0,,0.0,0.0,0.0,0.0,0.0,,,,0.0,1.0,,,,,,0.0,0.0,0.5,0.0,0.0,0.25,0.3333333333333333,0.0,0.0,0.0,0.0,0.0,0.5,0.3333333333333333,0.0,0.0,0.0,1.0,0.3333333333333333,0.0,0.0,0.3333333333333333,1.0,0.2,0.0,0.4,0.3333333333333333,0.25,0.0,0.0,0.0,0.0,0.0,0.1111111111111111,0.0,0.0,0.16666666666666666,0.0,0.0,0.0,0.0,0.0,0.0,0.0,0.25,0.0,0.5,0.0,0.3333333333333333,0.0,0.0,0.0,0.5,0.0,0.0,0.0,0.0,0.0,0.3333333333333333,0.0,0.16666666666666666,0.125,0.0,1.0,0.0,0.0,0.0,0.3333333333333333,0.0,0.0,0.0,0.0,0.0,1.0,,0.6666666666666666,0.25,0.0,0.0,0.5,0.0,,0.0,0.0,0.0,0.25,0.0,0.0,0.0,0.0,0.2,0.0,0.0,0.0,0.16666666666666666,0.0,0.16666666666666666,0.15384615384615385,0.1111111111111111,0.0,1.0,0.3333333333333333,0.0,0.5,0.3333333333333333,0.4,0.5714285714285714,0.3333333333333333,0.0,0.5,0.0,0.0,0.14285714285714285,0.0,0.0,0.0,0.0,0.5,0.0,0.0,0.0,0.5,0.5,1.0,0.16666666666666666,0.0,0.25,0.25,0.2,0.16666666666666666,0.3333333333333333,0.6,0.4,0.2,0.4,0.0,0.0,0.4,0.0,,0.5,0.2,0.5
Kingsbridge,Bronx,neighborhood,0.0,0.0,0.0,0.0,,,,,,,,,1.0,0.0,0.0,0.0,0.3333333333333333,0.0,0.0,1.0,,,,,,0.0,0.4,0.0,0.3333333333333333,0.0,0.0,0.0,0.0,0.25,0.25,0.0,0.0,0.25,0.0,0.0,0.0,0.0,0.0,0.0,0.25,0.25,0.0,0.3333333333333333,0.0,0.0,0.0,0.0,0.0,0.16666666666666666,0.0,0.0,0.0,0.0,0.0,0.0,0.16666666666666666,0.2857142857142857,0.3333333333333333,0.0,0.0,0.0,0.0,0.0,0.2222222222222222,0.16666666666666666,0.16666666666666666,0.25,0.0,0.0,0.25,0.0,0.0,0.4,0.08333333333333333,0.047619047619047616,0.15789473684210525,0.05555555555555555,0.3333333333333333,0.2222222222222222,0.23529411764705882,0.07692307692307693,0.05263157894736842,0.0,0.11764705882352941,0.06666666666666667,0.0,0.2,0.0,0.18181818181818182,0.07142857142857142,0.14285714285714285,0.25,0.0,0.3333333333333333,0.09090909090909091,0.1875,0.0,0.1,0.0,0.4666666666666667,0.13333333333333333,0.09090909090909091,0.0,0.18181818181818182,0.0,0.1111111111111111,0.0,0.11764705882352941,0.1111111111111111,0.2,0.2,0.14285714285714285,0.0,0.15384615384615385,0.07692307692307693,0.0,0.2857142857142857,0.0,0.0,0.0,0.0,0.0,0.2857142857142857,0.14285714285714285,0.0,0.0,0.25,0.0,0.16666666666666666,0.0,0.14285714285714285,0.125,0.2857142857142857,0.18181818181818182,0.14285714285714285,0.05555555555555555,0.2,0.0,0.0,0.25,0.0,0.0,0.2,0.2222222222222222,0.0,0.125,0.0,0.0,0.125,0.2222222222222222,0.0,0.125,0.2857142857142857,0.16666666666666666,0.0,0.0,0.0,0.0,0.0,0.1111111111111111,0.16666666666666666,0.2857142857142857,0.1,0.2857142857142857,0.14285714285714285,0.0,0.0,0.07142857142857142,0.0,0.058823529411764705,0.0,0.09090909090909091,0.25,0.26666666666666666,0.0,0.4444444444444444,0.1111111111111111,0.25,0.18181818181818182,0.09090909090909091,0.16666666666666666,0.0,0.0,0.3333333333333333,0.0,0.0,0.0,0.0,0.0,0.0,0.0,0.0,0.14285714285714285,0.0,0.0
Laconia,Bronx,neighborhood,,,,,,,0.0,0.0,,,,,,,,,,,,0.0,0.0,0.0,0.0,0.0,0.0,,,,,,,,,,,,,,,,,,,,,,,,,0.0,0.0,0.0,0.0,,,,,,,0.0,,,,,,0.0,0.0,,,,,0.0,0.0,,,,,,,,,,,0.0,0.0,0.0,1.0,0.5,0.0,0.0,,,,,,,0.0,,,,,,,,,,,,,,0.0,0.0,0.0,0.3333333333333333,0.0,1.0,1.0,0.0,0.5,0.0,0.0,0.0,0.0,0.0,0.0,0.0,1.0,,,,,,,,0.0,,,,,,0.0,0.5,0.0,,0.0,0.25,0.0,0.3333333333333333,0.0,,,,0.0,0.0,,0.0,0.0,0.0,0.0,0.0,,,0.0,0.0,0.0,0.0,0.0,0.0,0.0,0.0,0.0,,0.0,0.0,0.0,0.0,0.0,,,,,0.0,0.0,0.0,0.0,0.0,,,0.0,0.0,,,,,,,0.0,0.0,,
Laurelton,Queens,neighborhood,,,,,,,,,,,,,,,,,,,,,,,,,,,,,,,,,,,,,,,,,,,,,,,,,,,,,,,,,0.0,0.0,0.0,,,,,,,,,,0.0,0.0,0.0,,,0.0,0.0,0.0,,,0.0,,0.0,0.0,0.0,,,,,0.0,0.0,0.0,0.0,0.0,,,,,,,1.0,0.0,0.0,0.0,0.0,,,0.0,,,,0.5,0.0,,0.0,0.0,0.0,,,,,,0.25,0.16666666666666666,0.6666666666666666,0.0,,,,,,,,0.0,,0.0,0.0,0.0,,,,0.0,0.0,,0.0,0.0,0.0,,,0.0,,0.0,0.0,0.0,0.0,,0.0,,0.0,0.0,,,,,0.0,0.0,0.5,0.0,0.0,,0.0,,,,0.0,0.0,0.0,0.0,,,,,0.0,,0.0,0.5,0.0,0.0,1.0,0.0,0.2,0.5,0.0,,,,,0.0,0.5,,0.0,0.0
Little Italy,Manhattan,neighborhood,0.3,0.13333333333333333,0.0,0.2,0.0,0.125,0.18181818181818182,0.36363636363636365,0.0,0.0,0.14285714285714285,0.0,0.10526315789473684,0.0625,0.05263157894736842,0.0,0.0,0.16666666666666666,0.35294117647058826,0.25,0.08333333333333333,0.14285714285714285,0.0,0.0,0.0,0.3333333333333333,0.0,0.16666666666666666,0.0,0.0,0.6666666666666666,0.5454545454545454,0.75,0.0,0.125,0.18181818181818182,0.6666666666666666,0.125,0.0,0.14285714285714285,0.14285714285714285,0.0,0.14285714285714285,0.2857142857142857,0.2222222222222222,0.21428571428571427,0.15384615384615385,0.4444444444444444,0.0,0.0,0.0,0.1,0.23076923076923078,0.0,0.16666666666666666,0.0,0.0,0.0,0.14285714285714285,0.3333333333333333,0.5,0.0,0.0,0.0,0.2,0.5,0.2222222222222222,0.18181818181818182,0.16666666666666666,0.5714285714285714,0.1,0.125,0.15384615384615385,0.125,0.0,0.0,0.0,0.07692307692307693,0.1111111111111111,0.23809523809523808,0.5333333333333333,0.5333333333333333,0.2727272727272727,0.13043478260869565,0.25,0.1111111111111111,0.0,0.0,0.0,0.0,0.06666666666666667,0.14285714285714285,0.25,0.5,0.75,0.14285714285714285,0.2,0.4,0.21428571428571427,0.17647058823529413,0.0,0.06666666666666667,0.18181818181818182,0.16666666666666666,0.0,0.25,0.0,0.1,0.09090909090909091,0.42857142857142855,0.0,0.1,0.17391304347826086,0.06896551724137931,0.125,0.16666666666666666,0.3793103448275862,0.15,0.1,0.09090909090909091,0.0,0.125,0.2,0.2,0.16666666666666666,0.3611111111111111,0.391304347826087,0.5,0.4411764705882353,0.28205128205128205,0.27586206896551724,0.1,0.07407407407407407,0.17391304347826086,0.041666666666666664,0.05263157894736842,0.09090909090909091,0.07142857142857142,0.1,0.25,0.1,0.3333333333333333,0.4,0.25,0.25,0.125,0.25,0.0,0.0,0.0625,0.15,0.375,0.4,0.4,0.2857142857142857,0.2857142857142857,0.09090909090909091,0.3333333333333333,0.25,0.25,0.3,0.13333333333333333,0.21052631578947367,0.47058823529411764,0.5333333333333333,0.4117647058823529,0.47058823529411764,0.16666666666666666,0.0,0.23076923076923078,0.2727272727272727,0.07142857142857142,0.16666666666666666,0.1111111111111111,0.3684210526315789,0.5882352941176471,0.3333333333333333,0.23529411764705882,0.2,0.1,0.2631578947368421,0.1,0.0,0.11764705882352941,0.17647058823529413,0.14285714285714285,0.2,0.14285714285714285,0.0,0.0,0.0,0.0,0.0,0.0,0.2857142857142857,0.1111111111111111,0.1111111111111111,0.05,0.25,0.3333333333333333
Little Neck,Queens,neighborhood,0.0,0.0,0.0,,0.0,1.0,0.0,0.0,0.0,0.0,0.0,0.0,0.0,0.0,0.0,,,,,,,,,,0.0,0.0,,0.0,0.0,,,0.0,0.0,0.0,,,0.0,0.0,0.0,0.0,0.0,0.0,0.0,0.0,0.0,,0.0,0.0,,,,,,0.0,0.25,0.0,0.14285714285714285,0.14285714285714285,0.25,0.0,0.0,0.0,0.0,0.0,0.0,0.0,0.0,0.0,0.0,0.25,0.0,0.3333333333333333,0.0,0.0,0.0,0.3333333333333333,0.25,0.0,0.0,0.25,0.0,0.16666666666666666,0.0,0.0,0.3333333333333333,0.4,0.0,0.0,0.0,0.0,0.0,0.0,0.0,0.0,0.0,0.0,,,0.0,0.0,0.0,0.0,0.6666666666666666,0.3333333333333333,0.0,0.0,0.0,0.5,0.0,0.0,0.0,0.3333333333333333,0.0,0.0,0.0,0.16666666666666666,0.3333333333333333,0.0,0.0,0.0,0.0,0.0,,,0.0,,0.0,0.0,0.0,1.0,0.0,,,,,,,0.0,0.0,0.0,,0.5,0.3333333333333333,0.0,0.0,0.0,0.25,0.2,0.0,0.0,0.0,,0.0,0.5,0.0,0.0,0.0,0.0,0.0,0.0,1.0,0.0,,0.0,0.0,,0.0,0.0,0.0,0.0,0.0,0.0,0.3333333333333333,0.0,0.16666666666666666,0.3333333333333333,0.5,0.0,0.0,0.0,0.0,1.0,0.0,0.0,0.0,0.0,0.0,0.0,,0.0,0.0,0.0,,1.0,0.0,0.0,0.0,0.0,0.0,0.3333333333333333
Long Island City,Queens,neighborhood,0.2857142857142857,0.5,0.0,0.0,0.0,0.0,0.0,0.3333333333333333,0.3333333333333333,0.0,0.0,0.6666666666666666,0.6666666666666666,0.5,,0.0,0.0,0.0,0.0,0.16666666666666666,0.2,0.14285714285714285,0.5,0.16666666666666666,0.1111111111111111,0.2857142857142857,0.2,0.0,0.2,0.1111111111111111,0.23076923076923078,0.08333333333333333,0.0,0.18181818181818182,0.2,0.0,0.09090909090909091,0.14285714285714285,0.0,0.125,0.2222222222222222,0.1,0.10526315789473684,0.3333333333333333,0.23809523809523808,0.3333333333333333,0.12,0.16666666666666666,0.48,0.041666666666666664,0.3,0.11428571428571428,0.07407407407407407,0.0,0.0,0.0,0.14285714285714285,0.15384615384615385,0.05555555555555555,0.0851063829787234,0.1111111111111111,0.17391304347826086,0.2222222222222222,0.0,0.05555555555555555,0.0,0.11538461538461539,0.10344827586206896,0.15384615384615385,0.3103448275862069,0.3103448275862069,0.15151515151515152,0.1,0.1,0.11538461538461539,0.03571428571428571,0.037037037037037035,0.07692307692307693,0.1836734693877551,0.3409090909090909,0.16,0.1568627450980392,0.30952380952380953,0.20833333333333334,0.1956521739130435,0.19047619047619047,0.1794871794871795,0.24242424242424243,0.17391304347826086,0.2553191489361702,0.25,0.23809523809523808,0.21621621621621623,0.3898305084745763,0.3018867924528302,0.19148936170212766,0.14705882352941177,0.038461538461538464,0.05714285714285714,0.06896551724137931,0.1111111111111111,0.11904761904761904,0.23809523809523808,0.09090909090909091,0.2653061224489796,0.25,0.21621621621621623,0.1794871794871795,0.19148936170212766,0.2727272727272727,0.2564102564102564,0.08333333333333333,0.11627906976744186,0.1794871794871795,0.1206896551724138,0.05555555555555555,0.23076923076923078,0.14545454545454545,0.18518518518518517,0.14705882352941177,0.14634146341463414,0.1951219512195122,0.15789473684210525,0.1568627450980392,0.2222222222222222,0.2898550724637681,0.25555555555555554,0.25,0.2826086956521739,0.18867924528301888,0.16129032258064516,0.1076923076923077,0.07142857142857142,0.1780821917808219,0.07352941176470588,0.1038961038961039,0.11627906976744186,0.0759493670886076,0.11363636363636363,0.125,0.03636363636363636,0.09375,0.10227272727272728,0.14,0.25806451612903225,0.02857142857142857,0.20689655172413793,0.034482758620689655,0.022727272727272728,0.08,0.2413793103448276,0.1724137931034483,0.21875,0.28125,0.23255813953488372,0.09090909090909091,0.16666666666666666,0.0975609756097561,0.11627906976744186,0.18181818181818182,0.075,0.19718309859154928,0.24285714285714285,0.30666666666666664,0.18309859154929578,0.23076923076923078,0.1891891891891892,0.10666666666666667,0.1568627450980392,0.15555555555555556,0.1,0.16129032258064516,0.16666666666666666,0.07272727272727272,0.25806451612903225,0.1511627906976744,0.19444444444444445,0.16393442622950818,0.28,0.07142857142857142,0.10526315789473684,0.15217391304347827,0.17307692307692307,0.07142857142857142,0.08196721311475409,0.12162162162162163,0.17142857142857143,0.14545454545454545,0.14634146341463414,0.1951219512195122,0.12195121951219512,0.10256410256410256,0.09523809523809523,0.1,0.11904761904761904,0.045454545454545456,0.07017543859649122,0.10526315789473684,0.13157894736842105,0.13414634146341464
Longwood,Bronx,neighborhood,,,,,,,0.0,0.0,,,,,,,,,,,,,,,,,,,,,,,,,,,,,,,,,,,,,,,,,,,,,,,,,,,,,0.0,0.0,0.0,0.0,0.0,0.0,0.0,0.0,0.0,0.0,0.0,0.0,0.0,0.0,0.0,0.0,0.0,0.5,0.0,0.0,0.0,,0.0,0.0,0.0,0.0,0.0,,,,0.0,0.0,,,,,,0.0,0.0,,0.0,0.0,0.0,0.0,0.6666666666666666,0.2,0.0,0.0,0.0,0.0,0.0,0.2,0.2857142857142857,0.2,0.0,0.0,0.0,0.5,0.0,0.0,,0.0,0.0,,,,0.0,0.6666666666666666,0.5,0.5,0.0,,0.5,0.0,0.0,0.0,0.25,0.75,0.0,0.0,0.0,0.0,0.0,0.0,0.0,0.0,0.0,,0.0,0.0,0.0,0.0,0.0,0.0,0.0,0.0,0.0,1.0,,0.0,,,,,0.0,0.0,,0.0,0.0,0.0,0.0,0.0,0.0,,0.0,0.0,0.0,0.0,,,0.0,0.0,0.0,0.0,0.0,0.0,0.0,0.0,,,,,,,,,,,,
Lower East Side,Manhattan,neighborhood,0.21428571428571427,0.08108108108108109,0.11627906976744186,0.15384615384615385,0.0,0.08928571428571429,0.1,0.0,0.08333333333333333,0.125,0.0,0.09523809523809523,0.14285714285714285,0.0,0.0,0.25,0.1935483870967742,0.22916666666666666,0.0625,0.11627906976744186,0.04,0.16666666666666666,0.16666666666666666,0.21052631578947367,0.11538461538461539,0.12195121951219512,0.3,0.07692307692307693,0.05,0.0784313725490196,0.18,0.06060606060606061,0.4444444444444444,0.19047619047619047,0.2,0.18181818181818182,0.16129032258064516,0.34782608695652173,0.2727272727272727,0.16,0.0625,0.10810810810810811,0.2222222222222222,0.125,0.30434782608695654,0.1875,0.2222222222222222,0.14705882352941177,0.2413793103448276,0.20833333333333334,0.1111111111111111,0.10256410256410256,0.14634146341463414,0.19672131147540983,0.19753086419753085,0.30927835051546393,0.19230769230769232,0.2982456140350877,0.22,0.24489795918367346,0.06521739130434782,0.22916666666666666,0.058823529411764705,0.061224489795918366,0.08333333333333333,0.06818181818181818,0.1076923076923077,0.19444444444444445,0.2982456140350877,0.1875,0.3023255813953488,0.08333333333333333,0.08163265306122448,0.04878048780487805,0.04878048780487805,0.1794871794871795,0.10666666666666667,0.16129032258064516,0.18333333333333332,0.17355371900826447,0.18181818181818182,0.25882352941176473,0.2,0.13846153846153847,0.23809523809523808,0.12698412698412698,0.19736842105263158,0.05555555555555555,0.10569105691056911,0.16666666666666666,0.23809523809523808,0.27586206896551724,0.26881720430107525,0.25,0.13513513513513514,0.125,0.08620689655172414,0.20634920634920634,0.07272727272727272,0.13178294573643412,0.10294117647058823,0.13157894736842105,0.15151515151515152,0.1951219512195122,0.2604166666666667,0.1523809523809524,0.25806451612903225,0.125,0.14084507042253522,0.16666666666666666,0.07042253521126761,0.072,0.13609467455621302,0.15436241610738255,0.1259259259259259,0.1590909090909091,0.17647058823529413,0.1917808219178082,0.13559322033898305,0.14285714285714285,0.14035087719298245,0.0847457627118644,0.12,0.12,0.23448275862068965,0.3652173913043478,0.38323353293413176,0.39457831325301207,0.29431438127090304,0.27241379310344827,0.24050632911392406,0.12946428571428573,0.12385321100917432,0.09045226130653267,0.14705882352941177,0.062146892655367235,0.06428571428571428,0.017699115044247787,0.040983606557377046,0.08823529411764706,0.20512820512820512,0.13636363636363635,0.14285714285714285,0.17307692307692307,0.11594202898550725,0.07894736842105263,0.10989010989010989,0.08108108108108109,0.11965811965811966,0.0990990990990991,0.08396946564885496,0.2611464968152866,0.2867132867132867,0.34615384615384615,0.3670886075949367,0.19753086419753085,0.14563106796116504,0.1414141414141414,0.16822429906542055,0.11764705882352941,0.11594202898550725,0.2275449101796407,0.13953488372093023,0.27218934911242604,0.2903225806451613,0.3933333333333333,0.3602941176470588,0.23809523809523808,0.125,0.0875,0.09,0.1323529411764706,0.16129032258064516,0.12643678160919541,0.1346153846153846,0.24,0.26993865030674846,0.2426470588235294,0.18947368421052632,0.1282051282051282,0.1388888888888889,0.11940298507462686,0.13580246913580246,0.04807692307692308,0.14414414414414414,0.0684931506849315,0.11904761904761904,0.11428571428571428,0.22666666666666666,0.22535211267605634,0.22727272727272727,0.06382978723404255,0.037037037037037035,0.08571428571428572,0.09375,0.09345794392523364,0.06896551724137931,0.08411214953271028,0.04807692307692308,0.07352941176470588
Manhattan,Manhattan,borough,0.11547169811320755,0.07993730407523511,0.09697933227344992,0.06961566352429296,0.08200455580865604,0.09527027027027027,0.11168258633357825,0.11493288590604027,0.1336734693877551,0.14098690835850958,0.12486992715920915,0.1015625,0.10909090909090909,0.09004237288135593,0.09368635437881874,0.0967741935483871,0.08288564850345356,0.1097293343087052,0.13172804532577903,0.14195361911454674,0.17165354330708663,0.15798045602605862,0.16346153846153846,0.11235955056179775,0.1337099811676083,0.11,0.1289198606271777,0.11006289308176101,0.12995896032831739,0.13927916921197311,0.15703380588876772,0.17381615598885794,0.205706702057067,0.21694915254237288,0.15898141775636615,0.1222707423580786,0.1667744020685197,0.13156189241736876,0.14465408805031446,0.14332784184514002,0.10513565891472869,0.14285714285714285,0.14444444444444443,0.15384615384615385,0.20051150895140665,0.2135770234986945,0.1710914454277286,0.14738805970149255,0.14528412419449327,0.12215568862275449,0.12768299394606494,0.11758743030917385,0.12169312169312169,0.15344827586206897,0.15292758089368258,0.16400638467677575,0.21721677074041035,0.1878453038674033,0.17044334975369457,0.1305668016194332,0.14128352490421456,0.1324376199616123,0.11574697173620457,0.11658456486042693,0.11745090774360874,0.1514947934161908,0.1509314808967477,0.18677301429046195,0.18181818181818182,0.21580425190533495,0.18821966341895482,0.13729977116704806,0.14396709323583182,0.14704555705908887,0.14198036006546644,0.1391657438169066,0.14456662354463132,0.16856892010535557,0.1765695067264574,0.21292984869325998,0.23951537744641194,0.2257105089226702,0.199796126401631,0.14323111443530293,0.15765124555160143,0.14056531703590527,0.14421720733427362,0.1317501626545218,0.14732761008031017,0.17410145296966606,0.1637223189848221,0.24530624807633117,0.26170212765957446,0.2703862660944206,0.24299065420560748,0.16447985004686036,0.1624203821656051,0.16539923954372623,0.1440972222222222,0.12212323682256868,0.13964386129334583,0.1537544696066746,0.17066369213608476,0.21438766771338852,0.2506221116246001,0.257330113832356,0.22412420382165604,0.1690465223399355,0.19411223551057957,0.15707317073170732,0.13640238704177324,0.12464887640449439,0.11927675707203267,0.13224489795918368,0.14232109354060574,0.1813236627379873,0.22263313609467456,0.23035117056856189,0.18541767262192177,0.13636363636363635,0.14269972451790633,0.13818630475015423,0.14088050314465408,0.18226906385616862,0.2364722417427969,0.27099409895596915,0.3442622950819672,0.3649338942307692,0.3096662468513854,0.2763288213931991,0.23737078213380144,0.15030946065428824,0.14232121922626026,0.1411111111111111,0.11253196930946291,0.09717964438994482,0.08885350318471337,0.08635097493036212,0.08892455858747994,0.14619252873563218,0.14946783896344285,0.16835699797160245,0.15904139433551198,0.1170406306852638,0.13378684807256236,0.1288380493678507,0.1362126245847176,0.10105263157894737,0.11018069634200088,0.12076923076923077,0.1357750647428783,0.21447517999242138,0.2554395126196693,0.3082129963898917,0.2553191489361702,0.17145899893503727,0.19269102990033224,0.1805486284289277,0.17806451612903226,0.12665862484921592,0.14220333442301406,0.17782909930715934,0.18400218400218402,0.2662952646239554,0.27925877763329,0.29310344827586204,0.2257327750285497,0.16900135562584725,0.14942528735632185,0.13656174334140436,0.12618595825426945,0.09836065573770492,0.13070404172099087,0.15007656967840735,0.16514522821576763,0.24484223300970873,0.2657111356119074,0.2378964941569282,0.18633852335509793,0.13981588032220943,0.11667648791985857,0.125,0.11736526946107785,0.09564393939393939,0.10395090141925585,0.10294652600945799,0.15058986814712005,0.2053501180173092,0.23282442748091603,0.2294816414686825,0.1800271739130435,0.11683599419448476,0.11795252225519288,0.10381679389312977,0.08171206225680934,0.08739495798319327,0.08602661596958175,0.09408381265406737,0.12270183852917665,0.18416289592760182
Manhattan Beach,Brooklyn,neighborhood,,,,,0.0,0.0,0.0,0.0,0.0,,,,,,,,,,,,,,,,0.0,0.0,0.0,0.0,0.0,,0.0,1.0,0.0,0.5,0.0,0.0,0.0,,,1.0,0.0,0.0,0.0,,,1.0,,,,,,,,0.0,,,,,,1.0,,,0.0,0.0,0.0,,0.0,0.3333333333333333,0.0,0.3333333333333333,0.0,0.2,0.0,0.0,0.0,0.0,0.0,0.0,0.0,0.0,0.0,0.0,0.25,0.0,0.0,0.0,,1.0,0.6,0.0,0.16666666666666666,0.0,0.0,0.0,0.0,,,,,,,,,0.0,0.0,,0.0,0.0,0.0,0.0,0.0,,0.0,0.0,0.0,0.0,0.0,0.0,0.0,0.0,,,,,,,,1.0,1.0,,,0.0,0.0,,,,,,,,,,,0.0,0.0,1.0,0.0,0.0,0.0,,,,,,,,,0.0,,,,,,,,,,,,,,,,0.0,0.0,0.0,0.3333333333333333,0.0,0.0,,,,,,,,0.0,1.0,0.0,,0.0,1.0,0.5,0.3333333333333333,0.5,,,0.0,,
Marble Hill,Manhattan,neighborhood,,,,,,,,,,,,,,,,,,,,,,,,,,,,,,,,,0.0,,0.0,0.0,0.0,0.0,0.0,0.0,,,,0.5,0.0,0.5,0.0,0.0,,,0.0,,,,,0.0,0.0,,,0.0,1.0,0.0,0.0,0.0,1.0,0.0,,,,,,,,0.0,0.0,0.0,0.0,0.0,,,,0.0,0.0,0.0,0.0,0.0,,,,0.0,0.5,0.0,0.0,,,0.0,0.0,0.25,0.0,0.0,0.0,0.5,0.25,0.25,0.0,0.5,0.6666666666666666,0.0,0.0,0.0,0.6666666666666666,0.0,0.0,0.5,0.25,0.0,0.0,0.0,0.25,0.0,0.16666666666666666,0.16666666666666666,0.0,0.0,0.0,0.0,,,0.0,0.0,0.0,0.5,0.3333333333333333,0.3333333333333333,0.0,0.5,0.5,0.0,0.5,0.0,1.0,,,,,,,0.0,,,0.0,0.0,0.5,0.0,0.0,0.0,,,,,,,,,,,,,0.0,0.0,0.0,0.5,0.0,0.0,0.0,0.0,0.0,0.5,0.0,0.0,0.0,0.0,0.0,0.0,0.0,0.0,0.0,0.0,0.3333333333333333,0.0,0.0,0.0,0.0,0.0,0.0,0.0,0.5,0.0,0.0,0.0
Marine Park,Brooklyn,neighborhood,,,,,,,,,,,,,,,,,,,,,,0.0,0.0,,,,,,,,,,,,,,,,,,,,,,,0.0,0.0,0.0,0.0,0.0,0.0,,,0.0,0.0,0.0,,0.0,0.5,0.0,0.0,0.0,0.0,0.0,0.0,0.0,0.0,1.0,1.0,0.0,0.0,0.25,0.0,0.5,0.0,0.6666666666666666,0.3333333333333333,0.0,0.0,0.0,0.14285714285714285,0.25,0.3333333333333333,0.25,0.0,0.0,0.0,0.0,0.0,0.0,0.0,0.3333333333333333,,0.6666666666666666,0.0,0.0,0.0,0.0,0.0,0.0,0.0,0.0,0.0,0.0,0.0,0.5,0.2,0.2222222222222222,0.0,0.0,0.0,0.25,0.0,0.0,0.0,0.1111111111111111,0.25,0.16666666666666666,0.3333333333333333,0.5,0.6666666666666666,0.0,,,,,,,0.0,0.0,0.0,0.5,0.0,0.2,0.0,0.25,0.3333333333333333,0.0,0.0,0.0,0.25,0.0,0.0,0.0,0.0,0.0,0.0,0.0,0.0,0.625,0.5,0.0,0.0,0.0,0.14285714285714285,0.0,,0.0,0.3333333333333333,0.0,0.0,0.0,0.5,0.5,0.0,0.0,0.25,0.0,1.0,0.0,0.0,0.0,0.0,0.0,,,0.0,0.2,0.3333333333333333,0.0,0.3333333333333333,0.0,0.0,0.0,0.0,0.3333333333333333,0.3333333333333333,0.0,0.0,0.0,0.25,0.14285714285714285,0.25,0.0,1.0,0.0,0.0,,0.0,0.0
Maspeth,Queens,neighborhood,,,0.0,0.0,1.0,,,,,,,,,,,,,,,,,,,,,,0.0,0.0,0.0,0.5,0.0,0.0,0.0,,0.0,0.0,0.0,0.0,0.2,0.3333333333333333,0.0,,0.0,0.0,,,,,1.0,0.0,0.5,0.3333333333333333,0.0,0.25,0.5,0.5,0.16666666666666666,0.0,0.0,0.0,0.0,0.3235294117647059,0.021739130434782608,0.0,0.0,0.09090909090909091,0.0,0.2857142857142857,0.25,0.16666666666666666,0.3333333333333333,0.2857142857142857,0.2222222222222222,0.42857142857142855,0.0,0.09090909090909091,0.09090909090909091,0.0,0.2,0.42857142857142855,0.07692307692307693,0.10526315789473684,0.1111111111111111,0.05,0.21052631578947367,0.11538461538461539,0.38461538461538464,0.0,0.2571428571428571,0.3488372093023256,0.022727272727272728,0.14814814814814814,0.2727272727272727,0.35294117647058826,0.2,0.14285714285714285,0.22727272727272727,0.17391304347826086,0.08,0.21739130434782608,0.058823529411764705,0.10526315789473684,0.2857142857142857,0.19230769230769232,0.2222222222222222,0.1724137931034483,0.17857142857142858,0.16,0.2,0.07142857142857142,0.3,0.15384615384615385,0.06666666666666667,0.2916666666666667,0.36,0.23076923076923078,0.13636363636363635,0.09523809523809523,0.0,0.0,0.2222222222222222,0.13333333333333333,0.2222222222222222,0.375,0.46153846153846156,0.16666666666666666,0.24,0.14285714285714285,0.17647058823529413,0.3076923076923077,0.25,0.2631578947368421,0.2727272727272727,0.11538461538461539,0.09090909090909091,0.05,0.045454545454545456,0.13333333333333333,0.13333333333333333,0.18181818181818182,0.09523809523809523,0.16666666666666666,0.38461538461538464,0.0,0.2,0.2,0.25,0.23076923076923078,0.07142857142857142,0.125,0.25,0.3,0.14285714285714285,0.2631578947368421,0.16666666666666666,0.3888888888888889,0.125,0.2222222222222222,0.2962962962962963,0.21052631578947367,0.0625,0.17647058823529413,0.0,0.17647058823529413,0.08333333333333333,0.1875,0.0,0.0,0.0,0.3333333333333333,0.46153846153846156,0.4444444444444444,0.0,0.16666666666666666,0.08333333333333333,0.21052631578947367,0.2,0.15789473684210525,0.07692307692307693,0.16666666666666666,0.11538461538461539,0.2222222222222222,0.1111111111111111,0.1,0.3333333333333333,0.2,0.0,0.2,0.13636363636363635,0.3333333333333333,0.04,0.2,0.2,0.0,0.16666666666666666,0.1,0.10526315789473684,0.1875,0.12903225806451613,0.16666666666666666
Melrose,Bronx,neighborhood,,,,,,0.0,0.0,,,,,,,,,,,,,,0.0,,,,,,,,,,,,,,,,,,,,,,,,,,0.0,0.0,0.0,0.0,,,,,,0.0,0.0,0.0,0.0,0.0,0.0,,,,,,,,,,0.0,,,,,0.0,,0.0,,0.0,1.0,0.0,0.0,,0.0,0.0,0.0,0.0,0.0,0.0,0.36363636363636365,0.14285714285714285,0.0,0.0,0.0,,0.0,0.16666666666666666,0.5,0.0,0.16666666666666666,0.0,0.0,0.16666666666666666,0.0,0.3333333333333333,,0.0,0.0,0.0,0.0,0.0,0.0,0.0,0.2857142857142857,0.0,0.16666666666666666,0.0,0.5,0.4,0.0,0.3333333333333333,0.0,0.0,0.0,0.0,0.4,0.0,0.0,1.0,0.5,0.0,0.0,0.0,0.0,0.0,0.0,0.0,0.0,0.0,0.0,0.0,0.75,0.0,0.0,0.0,0.0,0.0,0.0,,,0.0,0.0,0.0,0.0,0.0,0.0,0.4,0.0,0.0,0.0,0.16666666666666666,0.5,0.2,0.0,0.0,0.0,0.0,0.0,0.0,0.0,0.0,0.3333333333333333,0.0,0.5,0.0,0.2,0.0,0.0,0.0,0.0,0.5,0.0,0.25,0.3333333333333333,0.0,1.0,0.0,0.0,,,0.0,0.0,,,0.0,0.0,0.0,,0.0
Middle Village,Queens,neighborhood,,,,,,,,,,,,,,,,,,,,,,,,,,,,,0.0,0.0,,,,,,,,,,,,,,0.0,1.0,0.0,,,0.0,0.0,0.0,1.0,0.0,0.0,0.0,0.0,,0.0,0.0,0.0,0.0,0.0,0.0,0.0,0.125,0.0,0.0,0.14285714285714285,0.25,0.0,0.0,0.08333333333333333,0.125,0.0,0.4,0.25,0.16666666666666666,0.5,0.0,0.2,0.0,0.2,0.0,0.16666666666666666,0.1,0.09090909090909091,0.18181818181818182,0.1111111111111111,0.0,0.0,0.3333333333333333,0.25,0.14285714285714285,0.25,0.25,0.0,1.0,0.5,0.0,0.42857142857142855,0.0,0.25,0.25,0.1111111111111111,0.25,0.0,0.2,0.2,0.1,0.125,0.2222222222222222,0.2,0.0,0.25,0.2857142857142857,0.375,0.35714285714285715,0.07692307692307693,0.08333333333333333,0.0,0.0,0.0,0.0,0.0,0.0,0.0,0.25,0.2,0.2857142857142857,0.5,0.3333333333333333,0.2857142857142857,0.2,0.0,0.0,0.08333333333333333,0.09090909090909091,0.1,0.3333333333333333,0.3076923076923077,0.125,0.0,0.05,0.06666666666666667,0.0,0.3333333333333333,0.0,0.3333333333333333,0.1111111111111111,0.16666666666666666,0.25,0.0,0.18181818181818182,0.2,0.14285714285714285,0.4,0.3,0.0,0.5,0.38461538461538464,0.21428571428571427,0.0,0.07692307692307693,0.18181818181818182,0.3333333333333333,0.15384615384615385,0.0,0.2857142857142857,0.4,0.09090909090909091,0.0,0.0,0.3333333333333333,0.2222222222222222,0.42857142857142855,0.2,0.2222222222222222,0.25,0.16666666666666666,0.0,0.3333333333333333,0.42857142857142855,0.14285714285714285,0.3333333333333333,0.0,0.0,0.5,0.0,0.16666666666666666,0.25,0.0,0.0,0.0,0.0,0.42857142857142855,0.0,0.375,0.0,0.16666666666666666,0.0
Midtown,Manhattan,neighborhood,0.06666666666666667,0.0,0.0,0.0,0.05555555555555555,0.125,0.2,0.10344827586206896,0.08823529411764706,0.2962962962962963,0.05263157894736842,0.2222222222222222,0.045454545454545456,0.05,0.16666666666666666,0.09090909090909091,0.038461538461538464,0.041666666666666664,0.043478260869565216,0.16666666666666666,0.23076923076923078,0.13043478260869565,0.23809523809523808,0.05555555555555555,0.05,0.0,0.16666666666666666,0.08333333333333333,0.10416666666666667,0.13043478260869565,0.1891891891891892,0.023255813953488372,0.13953488372093023,0.20588235294117646,0.16129032258064516,0.1,0.20689655172413793,0.030303030303030304,0.15625,0.2222222222222222,0.0,0.16666666666666666,0.17142857142857143,0.34210526315789475,0.20512820512820512,0.23529411764705882,0.06666666666666667,0.16666666666666666,0.1724137931034483,0.19230769230769232,0.2,0.11428571428571428,0.1,0.18181818181818182,0.08163265306122448,0.075,0.1388888888888889,0.13636363636363635,0.08888888888888889,0.11428571428571428,0.17142857142857143,0.09090909090909091,0.08333333333333333,0.1276595744680851,0.046511627906976744,0.13333333333333333,0.11904761904761904,0.13043478260869565,0.13636363636363635,0.20833333333333334,0.1891891891891892,0.09803921568627451,0.1836734693877551,0.14754098360655737,0.1509433962264151,0.16071428571428573,0.25,0.12280701754385964,0.22,0.18181818181818182,0.225,0.16666666666666666,0.09090909090909091,0.17391304347826086,0.17857142857142858,0.1568627450980392,0.16129032258064516,0.14285714285714285,0.125,0.2,0.10294117647058823,0.17647058823529413,0.07547169811320754,0.23684210526315788,0.15384615384615385,0.05,0.046511627906976744,0.14705882352941177,0.30303030303030304,0.2826086956521739,0.13333333333333333,0.12,0.1951219512195122,0.10869565217391304,0.18,0.2962962962962963,0.24528301886792453,0.18181818181818182,0.20408163265306123,0.15384615384615385,0.1,0.13333333333333333,0.043478260869565216,0.15555555555555556,0.15384615384615385,0.1836734693877551,0.20833333333333334,0.16981132075471697,0.18461538461538463,0.13636363636363635,0.18333333333333332,0.21311475409836064,0.21428571428571427,0.25,0.125,0.24561403508771928,0.34615384615384615,0.37894736842105264,0.1875,0.27058823529411763,0.19736842105263158,0.10294117647058823,0.15789473684210525,0.14285714285714285,0.10526315789473684,0.11764705882352941,0.06557377049180328,0.0625,0.02564102564102564,0.09375,0.19230769230769232,0.13793103448275862,0.10344827586206896,0.04,0.06896551724137931,0.09375,0.19444444444444445,0.03125,0.10526315789473684,0.10256410256410256,0.15217391304347827,0.21739130434782608,0.24,0.3673469387755102,0.24444444444444444,0.09523809523809523,0.21428571428571427,0.1111111111111111,0.06818181818181818,0.2727272727272727,0.08928571428571429,0.0967741935483871,0.12727272727272726,0.08196721311475409,0.1724137931034483,0.21666666666666667,0.19607843137254902,0.13333333333333333,0.037037037037037035,0.06976744186046512,0.09090909090909091,0.043478260869565216,0.0784313725490196,0.14285714285714285,0.1346153846153846,0.07407407407407407,0.13333333333333333,0.10869565217391304,0.11904761904761904,0.058823529411764705,0.045454545454545456,0.08,0.0625,0.06818181818181818,0.075,0.05,0.09302325581395349,0.1875,0.1875,0.15217391304347827,0.18421052631578946,0.05405405405405406,0.1724137931034483,0.045454545454545456,0.0,0.05405405405405406,0.024390243902439025,0.0,0.05128205128205128,0.18867924528301888
Midtown East,Manhattan,neighborhood,0.07692307692307693,0.07317073170731707,0.09917355371900827,0.11475409836065574,0.08333333333333333,0.058394160583941604,0.03508771929824561,0.05405405405405406,0.08333333333333333,0.11904761904761904,0.034482758620689655,0.10752688172043011,0.08235294117647059,0.02857142857142857,0.07446808510638298,0.13445378151260504,0.03821656050955414,0.053691275167785234,0.12658227848101267,0.07575757575757576,0.12037037037037036,0.1452991452991453,0.0761904761904762,0.16853932584269662,0.09090909090909091,0.10465116279069768,0.09473684210526316,0.11965811965811966,0.08695652173913043,0.14414414414414414,0.168,0.14173228346456693,0.20833333333333334,0.17117117117117117,0.11711711711711711,0.08108108108108109,0.11475409836065574,0.10687022900763359,0.14388489208633093,0.15671641791044777,0.08108108108108109,0.11363636363636363,0.16455696202531644,0.11949685534591195,0.18620689655172415,0.21084337349397592,0.16774193548387098,0.15333333333333332,0.17197452229299362,0.1513157894736842,0.16233766233766234,0.10555555555555556,0.10465116279069768,0.09554140127388536,0.11170212765957446,0.1326530612244898,0.18867924528301888,0.13095238095238096,0.17857142857142858,0.1342281879194631,0.19753086419753085,0.15337423312883436,0.12883435582822086,0.13372093023255813,0.15422885572139303,0.11267605633802817,0.1875,0.18584070796460178,0.19148936170212766,0.23636363636363636,0.22099447513812154,0.1317365269461078,0.14035087719298245,0.10650887573964497,0.1497326203208556,0.11848341232227488,0.12755102040816327,0.15350877192982457,0.19831223628691982,0.19230769230769232,0.27848101265822783,0.2413793103448276,0.20909090909090908,0.16,0.16,0.1340782122905028,0.1116751269035533,0.1210762331838565,0.16666666666666666,0.14106583072100312,0.15753424657534246,0.23949579831932774,0.26339285714285715,0.28448275862068967,0.18877551020408162,0.24074074074074073,0.15204678362573099,0.16463414634146342,0.11827956989247312,0.13270142180094788,0.09859154929577464,0.15867158671586715,0.13194444444444445,0.16044776119402984,0.19736842105263158,0.26359832635983266,0.26737967914438504,0.15083798882681565,0.1657754010695187,0.17261904761904762,0.1407035175879397,0.13991769547325103,0.08614232209737828,0.08921933085501858,0.12323943661971831,0.1927710843373494,0.19138755980861244,0.22897196261682243,0.24623115577889448,0.12571428571428572,0.15025906735751296,0.19375,0.15503875968992248,0.15328467153284672,0.22727272727272727,0.3333333333333333,0.3893805309734513,0.3685185185185185,0.31952662721893493,0.29894736842105263,0.30198019801980197,0.16853932584269662,0.1407185628742515,0.16666666666666666,0.1362126245847176,0.11231884057971014,0.09398496240601503,0.08203125,0.07657657657657657,0.11173184357541899,0.2052980132450331,0.19736842105263158,0.18518518518518517,0.17796610169491525,0.2446043165467626,0.22580645161290322,0.1896551724137931,0.13368983957219252,0.09550561797752809,0.10101010101010101,0.14215686274509803,0.3170731707317073,0.34269662921348315,0.3626943005181347,0.30666666666666664,0.22,0.2634730538922156,0.2573099415204678,0.23786407766990292,0.18846153846153846,0.18587360594795538,0.17586206896551723,0.17288135593220338,0.3333333333333333,0.3563636363636364,0.3951612903225806,0.31063829787234043,0.19270833333333334,0.28,0.20903954802259886,0.15568862275449102,0.1642512077294686,0.15140845070422534,0.18118466898954705,0.25412541254125415,0.312280701754386,0.34893617021276596,0.3474576271186441,0.25136612021857924,0.21212121212121213,0.23780487804878048,0.19480519480519481,0.24,0.17587939698492464,0.11969111969111969,0.1037344398340249,0.2648401826484018,0.27102803738317754,0.3236994219653179,0.3680555555555556,0.25984251968503935,0.211864406779661,0.22857142857142856,0.14166666666666666,0.13636363636363635,0.15263157894736842,0.10909090909090909,0.12558139534883722,0.23148148148148148,0.2696629213483146
Midtown South,Manhattan,neighborhood,0.16666666666666666,0.14285714285714285,0.0,0.6,0.0,0.0,0.25,0.0,0.16666666666666666,0.1,0.1111111111111111,0.0,0.16666666666666666,0.0,0.0,0.08333333333333333,0.0,0.0,0.1,0.2222222222222222,0.16666666666666666,0.0,0.2222222222222222,0.125,0.25,0.0,0.16666666666666666,0.0,0.0,0.0,0.0,0.5714285714285714,0.125,0.09090909090909091,0.0,0.1111111111111111,0.5,0.4,0.18181818181818182,0.3333333333333333,0.0,0.16666666666666666,0.21428571428571427,0.0,0.2727272727272727,0.2,0.3333333333333333,0.0,0.0,0.0,0.14285714285714285,0.1111111111111111,0.125,0.0,0.16666666666666666,0.16666666666666666,0.0,0.14285714285714285,0.1111111111111111,0.09090909090909091,0.13333333333333333,0.25,0.09090909090909091,0.0,0.3333333333333333,0.18181818181818182,0.3333333333333333,0.25,0.25,0.15384615384615385,0.21428571428571427,0.08333333333333333,0.1,0.18181818181818182,0.0,0.2727272727272727,0.2,0.10714285714285714,0.041666666666666664,0.38461538461538464,0.2727272727272727,0.23809523809523808,0.06666666666666667,0.11764705882352941,0.045454545454545456,0.0625,0.09090909090909091,0.12,0.09375,0.08333333333333333,0.19230769230769232,0.21739130434782608,0.15,0.047619047619047616,0.3333333333333333,0.26666666666666666,0.2857142857142857,0.0,0.2727272727272727,0.07692307692307693,0.0,0.20833333333333334,0.13043478260869565,0.12,0.2,0.375,0.1875,0.2857142857142857,0.2,0.4166666666666667,0.21428571428571427,0.10526315789473684,0.2857142857142857,0.18181818181818182,0.23809523809523808,0.1875,0.13333333333333333,0.15384615384615385,0.1,0.125,0.3333333333333333,0.0,0.0,0.3,0.2222222222222222,0.4782608695652174,0.5526315789473685,0.49019607843137253,0.43902439024390244,0.42105263157894735,0.3157894736842105,0.06060606060606061,0.2962962962962963,0.08,0.16666666666666666,0.1,0.13333333333333333,0.05555555555555555,0.07142857142857142,0.3,0.17647058823529413,0.3333333333333333,0.4,0.14285714285714285,0.07692307692307693,0.2727272727272727,0.125,0.0,0.0,0.0,0.2,0.0625,0.35294117647058826,0.5,0.36363636363636365,0.4,0.36363636363636365,0.14285714285714285,0.125,0.1111111111111111,0.16666666666666666,0.09090909090909091,0.16666666666666666,0.375,0.3333333333333333,0.14285714285714285,0.125,0.23529411764705882,0.1111111111111111,0.2,0.2777777777777778,0.12,0.13333333333333333,0.05405405405405406,0.13043478260869565,0.23529411764705882,0.38095238095238093,0.3,0.35294117647058826,0.0625,0.0625,0.06666666666666667,0.16666666666666666,0.0,0.05555555555555555,0.07692307692307693,0.16666666666666666,0.35714285714285715,0.23529411764705882,0.3076923076923077,0.3,0.18181818181818182,0.0,0.14285714285714285,0.14285714285714285,0.13333333333333333,0.0,0.05,0.21052631578947367,0.25
Midtown West,Manhattan,neighborhood,0.0851063829787234,0.12195121951219512,0.13953488372093023,0.1590909090909091,0.13157894736842105,0.13636363636363635,0.1891891891891892,0.0,0.07142857142857142,0.20833333333333334,0.20833333333333334,0.125,0.20833333333333334,0.041666666666666664,0.14814814814814814,0.2222222222222222,0.14285714285714285,0.0,0.08823529411764706,0.1111111111111111,0.2,0.2,0.10810810810810811,0.075,0.058823529411764705,0.09375,0.09523809523809523,0.10256410256410256,0.0967741935483871,0.07142857142857142,0.2037037037037037,0.23728813559322035,0.1509433962264151,0.22641509433962265,0.18518518518518517,0.1568627450980392,0.22727272727272727,0.13432835820895522,0.11764705882352941,0.02857142857142857,0.14492753623188406,0.15584415584415584,0.16091954022988506,0.20224719101123595,0.1875,0.14772727272727273,0.14942528735632185,0.10843373493975904,0.0967741935483871,0.125,0.07692307692307693,0.10606060606060606,0.09,0.12658227848101267,0.13402061855670103,0.1566265060240964,0.2,0.16842105263157894,0.16129032258064516,0.1702127659574468,0.17272727272727273,0.03816793893129771,0.23478260869565218,0.034722222222222224,0.06896551724137931,0.13008130081300814,0.13709677419354838,0.13548387096774195,0.12878787878787878,0.24193548387096775,0.15254237288135594,0.17117117117117117,0.061224489795918366,0.21904761904761905,0.09420289855072464,0.10526315789473684,0.09219858156028368,0.14492753623188406,0.13333333333333333,0.1827956989247312,0.18023255813953487,0.1476510067114094,0.12244897959183673,0.14074074074074075,0.09859154929577464,0.08461538461538462,0.1037037037037037,0.11764705882352941,0.14534883720930233,0.1781609195402299,0.18274111675126903,0.1987179487179487,0.1386861313868613,0.22900763358778625,0.2066115702479339,0.14074074074074075,0.14166666666666666,0.2222222222222222,0.14960629921259844,0.09929078014184398,0.1118421052631579,0.07453416149068323,0.14285714285714285,0.21428571428571427,0.22627737226277372,0.23870967741935484,0.20833333333333334,0.14388489208633093,0.16428571428571428,0.125,0.14093959731543623,0.14583333333333334,0.1,0.05454545454545454,0.18867924528301888,0.18012422360248448,0.20567375886524822,0.23770491803278687,0.14285714285714285,0.19090909090909092,0.08737864077669903,0.11363636363636363,0.16666666666666666,0.22857142857142856,0.2695035460992908,0.29107981220657275,0.3867595818815331,0.4020618556701031,0.3462897526501767,0.2509090909090909,0.35807860262008734,0.14832535885167464,0.18571428571428572,0.19270833333333334,0.14215686274509803,0.14857142857142858,0.1366906474820144,0.06382978723404255,0.02586206896551724,0.1111111111111111,0.21839080459770116,0.07865168539325842,0.1,0.11666666666666667,0.17142857142857143,0.12048192771084337,0.14942528735632185,0.11764705882352941,0.07079646017699115,0.11818181818181818,0.16964285714285715,0.22727272727272727,0.32142857142857145,0.2727272727272727,0.25555555555555554,0.1827956989247312,0.16326530612244897,0.23170731707317074,0.28,0.15833333333333333,0.11971830985915492,0.16666666666666666,0.17088607594936708,0.2891566265060241,0.26277372262773724,0.4172661870503597,0.2518518518518518,0.2074074074074074,0.14814814814814814,0.22340425531914893,0.16666666666666666,0.1092436974789916,0.09933774834437085,0.1242603550295858,0.1625,0.3357664233576642,0.368,0.2713178294573643,0.21621621621621623,0.14583333333333334,0.08163265306122448,0.23595505617977527,0.1523809523809524,0.09448818897637795,0.10897435897435898,0.059602649006622516,0.12290502793296089,0.1554054054054054,0.14285714285714285,0.23529411764705882,0.13636363636363635,0.15,0.16216216216216217,0.13636363636363635,0.1125,0.11956521739130435,0.10185185185185185,0.08035714285714286,0.14473684210526316,0.19463087248322147
Midwood,Brooklyn,neighborhood,0.0,0.2,0.0,0.2,0.75,0.0,0.0,0.0,0.0,0.0,0.0,0.0,0.0,0.0,0.0,0.0,0.0,0.125,0.0,0.0,0.0,0.0,0.0,0.0,0.0,0.0,,0.0,0.0,,0.0,,0.0,0.25,0.0,0.0,0.0,0.25,0.0,0.16666666666666666,0.0,0.0,0.0,0.0,0.0,0.6666666666666666,0.0,0.2,0.0,0.14285714285714285,0.1,0.0,0.0,0.0,0.23076923076923078,0.06666666666666667,0.18181818181818182,0.0,0.25,0.3333333333333333,0.1111111111111111,0.0,0.0,0.0,0.23076923076923078,0.14285714285714285,0.14285714285714285,0.22580645161290322,0.14705882352941177,0.12903225806451613,0.12,0.18181818181818182,0.09090909090909091,0.125,0.041666666666666664,0.175,0.02631578947368421,0.029411764705882353,0.09090909090909091,0.037037037037037035,0.09375,0.14814814814814814,0.25,0.16666666666666666,0.25,0.17647058823529413,0.18181818181818182,0.25,0.20454545454545456,0.1794871794871795,0.05555555555555555,0.3181818181818182,0.17391304347826086,0.15789473684210525,0.20689655172413793,0.2,0.23529411764705882,0.18181818181818182,0.10526315789473684,0.24242424242424243,0.25806451612903225,0.2,0.0975609756097561,0.15789473684210525,0.22580645161290322,0.10526315789473684,0.20588235294117646,0.1875,0.14285714285714285,0.06451612903225806,0.24074074074074073,0.14285714285714285,0.10256410256410256,0.17391304347826086,0.08823529411764706,0.1694915254237288,0.23684210526315788,0.26666666666666666,0.25,0.058823529411764705,0.1794871794871795,0.1111111111111111,0.038461538461538464,0.06666666666666667,0.13043478260869565,0.11764705882352941,0.16129032258064516,0.13157894736842105,0.28,0.07142857142857142,0.16666666666666666,0.22857142857142856,0.20689655172413793,0.09090909090909091,0.2631578947368421,0.2,0.21052631578947367,0.0,0.1,0.1,0.25925925925925924,0.2222222222222222,0.20689655172413793,0.15384615384615385,0.05555555555555555,0.05,0.1111111111111111,0.03571428571428571,0.12121212121212122,0.14285714285714285,0.2,0.14814814814814814,0.0,0.15,0.2222222222222222,0.05263157894736842,0.09090909090909091,0.05555555555555555,0.043478260869565216,0.047619047619047616,0.045454545454545456,0.13333333333333333,0.0,0.15384615384615385,0.16666666666666666,0.3333333333333333,0.17647058823529413,0.0,0.1,0.09523809523809523,0.0,0.22727272727272727,0.18518518518518517,0.09375,0.03225806451612903,0.0,0.15384615384615385,0.2857142857142857,0.15789473684210525,0.07142857142857142,0.09523809523809523,0.1,0.17647058823529413,0.0,0.07692307692307693,0.1111111111111111,0.3333333333333333,0.1875,0.2,0.1111111111111111,0.17391304347826086,0.22580645161290322,0.058823529411764705,0.18181818181818182,0.04,0.0,0.2222222222222222,0.0,0.07142857142857142,0.23076923076923078
Mill Basin,Brooklyn,neighborhood,,,,,,,,,,,,,,,,,,,,,,,,,,,0.0,0.0,,,,,,0.0,0.0,,,,0.0,0.0,0.0,,,1.0,1.0,0.0,0.0,,,,,,,0.0,0.0,0.0,0.0,0.3333333333333333,0.0,,,,,,,,0.0,,0.0,0.0,0.0,0.0,0.0,0.0,0.0,0.0,0.0,0.0,,,,,0.0,0.0,0.5,0.3333333333333333,0.0,0.0,0.0,0.0,0.0,,,0.0,0.0,0.3333333333333333,0.0,0.0,0.0,0.0,0.0,0.0,0.0,0.2222222222222222,0.14285714285714285,0.25,0.5,0.25,0.0,0.0,0.0,,,1.0,1.0,,0.0,,0.0,0.5,0.0,,0.0,0.0,,0.0,0.0,,0.0,,0.0,0.0,0.0,,0.0,0.0,0.0,0.0,0.0,0.0,0.0,0.0,0.0,,0.0,0.0,0.0,0.5,0.0,0.0,0.0,0.0,0.0,0.5,0.0,0.0,0.0,0.5,0.25,0.0,0.0,0.0,0.0,0.0,0.0,0.0,,,,,0.0,,,,,,,0.0,0.0,1.0,0.0,0.0,,,0.0,0.0,0.0,,0.0,0.0,0.0,,,,0.0,0.0,,,,
Morningside Heights,Manhattan,neighborhood,0.15384615384615385,0.07692307692307693,0.17647058823529413,0.1875,0.0,0.5,0.0,0.0,0.0,0.2222222222222222,0.07142857142857142,0.2,0.4,0.0,0.0,0.0,0.13333333333333333,0.0,0.14285714285714285,0.1111111111111111,0.3333333333333333,0.4,0.4,0.0,0.0,0.0,0.1,0.10526315789473684,0.13333333333333333,0.2857142857142857,0.17647058823529413,0.18518518518518517,0.09090909090909091,0.125,0.2857142857142857,0.3,0.2727272727272727,0.25,0.21428571428571427,0.11764705882352941,0.06666666666666667,0.0,0.0625,0.03333333333333333,0.3125,0.07692307692307693,0.08333333333333333,0.09090909090909091,0.2,0.2222222222222222,0.09090909090909091,0.14285714285714285,0.09090909090909091,0.2222222222222222,0.24,0.34782608695652173,0.3076923076923077,0.21428571428571427,0.07692307692307693,0.23076923076923078,0.3333333333333333,0.2,0.2857142857142857,0.15,0.21875,0.325,0.13333333333333333,0.22641509433962265,0.32558139534883723,0.02857142857142857,0.21212121212121213,0.25925925925925924,0.037037037037037035,0.06451612903225806,0.0,0.2653061224489796,0.1346153846153846,0.11475409836065574,0.12698412698412698,0.2,0.30434782608695654,0.2909090909090909,0.24561403508771928,0.26,0.1694915254237288,0.18604651162790697,0.0967741935483871,0.17142857142857143,0.14583333333333334,0.21212121212121213,0.09722222222222222,0.25925925925925924,0.5172413793103449,0.5208333333333334,0.2391304347826087,0.3939393939393939,0.2682926829268293,0.18181818181818182,0.1282051282051282,0.15625,0.2702702702702703,0.24193548387096775,0.2,0.3783783783783784,0.40816326530612246,0.288135593220339,0.48936170212765956,0.4090909090909091,0.2553191489361702,0.3076923076923077,0.17647058823529413,0.1590909090909091,0.2692307692307692,0.2777777777777778,0.0967741935483871,0.20634920634920634,0.2631578947368421,0.34375,0.32142857142857145,0.22857142857142856,0.21875,0.14285714285714285,0.058823529411764705,0.25,0.2857142857142857,0.34285714285714286,0.2840909090909091,0.3563218390804598,0.35443037974683544,0.3684210526315789,0.2028985507246377,0.2647058823529412,0.328125,0.4897959183673469,0.2,0.09836065573770492,0.09523809523809523,0.13924050632911392,0.056338028169014086,0.3023255813953488,0.2727272727272727,0.47058823529411764,0.3333333333333333,0.2631578947368421,0.15789473684210525,0.13333333333333333,0.1111111111111111,0.06666666666666667,0.13333333333333333,0.07142857142857142,0.08,0.17647058823529413,0.41935483870967744,0.4,0.3333333333333333,0.29411764705882354,0.3333333333333333,0.19047619047619047,0.16666666666666666,0.1111111111111111,0.16666666666666666,0.15789473684210525,0.15625,0.5116279069767442,0.5102040816326531,0.475,0.35,0.20833333333333334,0.22727272727272727,0.13793103448275862,0.15384615384615385,0.07407407407407407,0.24390243902439024,0.125,0.11267605633802817,0.3448275862068966,0.48936170212765956,0.3953488372093023,0.34210526315789475,0.2903225806451613,0.05714285714285714,0.12903225806451613,0.15789473684210525,0.15384615384615385,0.07547169811320754,0.12,0.12,0.34146341463414637,0.5454545454545454,0.4411764705882353,0.28,0.045454545454545456,0.07142857142857142,0.1111111111111111,0.030303030303030304,0.09375,0.17857142857142858,0.045454545454545456,0.02,0.3469387755102041
Morris Heights,Bronx,neighborhood,,,,,,,,,,,,,,,,,,,,,,,,,,,,,,,,,,,,,,,,,,,,,,0.0,0.0,,,,,0.0,0.0,,0.0,0.0,0.0,0.0,0.0,0.0,0.0,0.0,0.0,0.0,,0.0,0.6666666666666666,0.0,1.0,,0.0,0.0,0.0,0.0,0.0,0.0,0.0,0.0,0.0,0.0,0.0,0.0,0.3333333333333333,0.0,0.0,0.0,0.0,0.0,0.0,1.0,0.0,,,0.0,0.0,0.0,,,,,0.0,0.0,0.5,0.3333333333333333,,,0.0,0.0,1.0,1.0,,,,0.0,0.0,0.25,0.3333333333333333,0.2727272727272727,1.0,0.6666666666666666,0.2857142857142857,0.375,0.3333333333333333,0.0,0.25,0.0,0.0,0.0,,,,,0.0,,,0.0,,,,0.0,0.0,,,,0.0,0.0,0.0,0.0,0.5,0.5,0.0,0.0,0.16666666666666666,0.0,0.0,,1.0,0.0,0.0,0.0,0.0,0.25,0.75,0.0,0.0,0.0,0.0,0.0,0.0,0.0,0.0,0.0,,,,0.0,0.0,0.0,0.0,0.0,,,0.0,0.0,0.2,0.0,0.0,0.5,,0.0,0.3333333333333333,0.0,0.5,1.0,0.0,,0.0,1.0,0.5,0.0
Morris Park,Bronx,neighborhood,,,,,,0.0,0.0,0.0,0.0,,,,,,,,,,,,,,,,,,,,,,,,,0.0,0.0,,,,,0.0,0.0,0.0,,,,,0.0,0.0,0.0,,,,,,0.0,0.0,0.5,0.0,0.0,,0.0,,,0.0,0.0,0.0,0.0,0.0,0.0,0.0,0.0,0.0,0.0,0.0,0.0,0.4,0.0,0.0,0.0,0.0,0.0,0.0,0.0,0.0,0.0,0.0,0.0,0.0,0.0,0.0,0.0,0.0,0.0,0.25,0.2,0.0,0.3333333333333333,0.0,0.0,0.0,0.0,0.0,0.4,0.16666666666666666,0.0,0.16666666666666666,0.14285714285714285,0.2,0.1111111111111111,0.09090909090909091,0.0,0.1,0.0,0.125,0.0,0.2,0.0,0.3333333333333333,0.0,0.0,0.0,0.0,0.0,0.0,0.0,0.0,0.5,0.0,0.0,0.75,0.0,0.0,0.0,0.0,0.0,0.0,0.0,,,,,,0.0,1.0,0.0,,,0.0,0.0,0.0,0.5,0.0,0.0,,,,0.0,,,0.0,0.5,0.0,0.0,0.0,0.0,0.0,0.0,0.0,,0.0,0.0,0.0,,0.0,0.0,,0.0,,,,0.0,,0.0,0.0,0.0,0.0,0.0,0.0,1.0,0.0,0.0,,,,,0.0,0.5,,0.0,1.0
Morrisania,Bronx,neighborhood,,,,,,,,,0.0,0.0,0.0,0.0,,0.0,0.0,0.0,0.0,0.0,,,,,,,,,,,,,,,,,0.0,0.0,0.0,,,,,,,,,,,0.0,0.0,0.0,,,,,,,0.0,0.0,,,,,0.0,0.25,0.0,0.0,0.0,0.0,0.0,0.0,0.3333333333333333,0.0,0.0,0.0,0.0,0.0,0.0,1.0,0.0,0.0,0.0,0.0,0.0,0.0,0.0,0.0,,,1.0,1.0,0.0,0.0,0.0,0.5,0.5,0.25,0.2,0.0,0.0,0.0,0.6,0.375,0.0,0.0,0.5,0.16666666666666666,0.0,0.0,0.4,,0.0,0.0,0.0,0.0,0.2,0.3,0.2222222222222222,0.0,0.0,0.0,0.14285714285714285,0.0,0.0,0.0,0.0,0.0,0.6666666666666666,0.0,0.25,0.0,0.25,0.0,,0.6666666666666666,0.0,0.0,0.25,0.0,0.0,0.0,0.5,0.0,0.0,,0.0,,0.0,,0.0,0.0,0.0,0.0,,0.0,0.0,0.3333333333333333,0.0,,0.0,0.0,0.0,0.0,0.0,0.0,0.0,0.25,0.0,0.0,0.3333333333333333,0.0,0.0,0.0,0.0,0.0,0.0,0.0,0.0,0.0,0.0,0.0,0.0,0.0,0.0,0.0,0.0,0.0,0.0,0.0,0.1111111111111111,0.0,0.0,0.25,0.0,0.0,0.0,0.125,0.0,0.0,0.0,0.0
Mott Haven,Bronx,neighborhood,,0.0,1.0,0.0,0.0,0.0,0.0,0.0,0.0,0.0,0.0,0.0,0.0,0.5,1.0,0.0,0.0,0.0,0.0,0.0,0.0,0.0,,0.0,,0.0,0.0,0.0,0.0,0.0,0.0,0.0,0.0,,,,,,,,0.0,0.0,0.16666666666666666,0.3333333333333333,0.0,0.0,0.0,0.0,0.0,0.0,0.0,0.0,0.0,0.0,,0.3333333333333333,0.0,,0.0,0.0,0.16666666666666666,0.0,0.13333333333333333,0.13333333333333333,0.17647058823529413,0.0,0.0,0.25,0.1111111111111111,0.18181818181818182,0.3,0.0,0.0,0.07692307692307693,0.5,0.0,0.0,0.25,0.06666666666666667,0.25,0.47619047619047616,0.05263157894736842,0.043478260869565216,0.0,0.0,0.1111111111111111,0.1,0.15384615384615385,0.0,0.0,0.0,0.16666666666666666,0.3333333333333333,0.2222222222222222,0.25,0.375,0.07692307692307693,0.1875,0.17391304347826086,0.16666666666666666,0.17857142857142858,0.25,0.15384615384615385,0.13333333333333333,0.1,0.12,0.125,0.3333333333333333,0.0,0.05555555555555555,0.0,0.0,0.09090909090909091,0.17647058823529413,0.1724137931034483,0.13793103448275862,0.1,0.3333333333333333,0.0,0.0,0.0,0.0,0.2,0.0,0.16666666666666666,0.375,0.125,0.047619047619047616,0.125,0.07692307692307693,0.0,0.2,0.14285714285714285,0.125,0.0,0.1,0.09090909090909091,0.0,0.0,0.1,0.0,0.18181818181818182,0.0,0.11764705882352941,0.0,0.0,0.0,0.2,0.125,0.09523809523809523,0.1,0.05555555555555555,0.0,0.0,0.3181818181818182,0.05263157894736842,0.08,0.08695652173913043,0.0,0.11764705882352941,0.0,0.07692307692307693,0.0,0.038461538461538464,0.15789473684210525,0.25,0.2,0.13333333333333333,0.2222222222222222,0.5555555555555556,0.29411764705882354,0.13043478260869565,0.2,0.11428571428571428,0.13793103448275862,0.16666666666666666,0.17647058823529413,0.07692307692307693,0.0,0.14285714285714285,0.125,0.125,0.037037037037037035,0.0,0.08333333333333333,0.04,0.27586206896551724,0.08571428571428572,0.11538461538461539,0.4375,0.14285714285714285,0.23809523809523808,0.3157894736842105,0.21428571428571427,0.3333333333333333,0.2,0.1,0.19047619047619047,0.25,0.3333333333333333
NYC,,city,0.11277744451109778,0.08307501549907005,0.09824780976220275,0.07226792009400705,0.08236017209588199,0.09726103968697597,0.10735826296743065,0.10805369127516778,0.12510024057738572,0.13906752411575563,0.11576354679802955,0.09689629068887207,0.10329341317365269,0.08654602675059009,0.08812260536398467,0.09006433166547534,0.08347927612375948,0.11202635914332784,0.11893333333333334,0.12878787878787878,0.15884928080050031,0.14942528735632185,0.16557161629434955,0.10269121813031161,0.13121546961325967,0.10498687664041995,0.12110091743119267,0.10529217199558985,0.1256857855361596,0.1357913669064748,0.1440677966101695,0.15592942141977842,0.181169757489301,0.19912366114897762,0.13369511593487912,0.10805194805194805,0.15126436781609195,0.12906220984215414,0.13593112822836428,0.14280063291139242,0.1094352858646089,0.13787145818935728,0.13297232250300842,0.1394736842105263,0.18694653984913087,0.19792648444863337,0.15543008967120558,0.1384142173615858,0.13310038119440915,0.11680726800778715,0.12023289665211062,0.11661425576519917,0.1145475372279496,0.1488003521901827,0.14886859865025803,0.14575536734291905,0.19104224156230099,0.17397167902899527,0.15046453659641967,0.1199002719854941,0.1348002563554796,0.1202061855670103,0.11334234408186909,0.10725211445024294,0.10724165988608625,0.1344319167389419,0.12770675710931384,0.14949358541525995,0.14911569041051437,0.18515925796289814,0.17055655296229802,0.1342966425839354,0.13708999158957108,0.15298969072164947,0.15664878860736084,0.15139240506329113,0.15510897254457967,0.17088112617309698,0.17819835320142557,0.20223266745005875,0.21269386159259743,0.20951836501357723,0.2129088785046729,0.15646366671966927,0.1689042875703768,0.1749292839065059,0.1797945205479452,0.1519898926089703,0.1572769953051643,0.17620396600566574,0.16131407012054844,0.23053853175120614,0.24918711203074195,0.25373803827751196,0.2248511186222437,0.1635949078472354,0.17984967788117395,0.17589220684632192,0.15877207459976894,0.14822848879248013,0.15668202764976957,0.16089965397923875,0.15979431454351412,0.19387262008311587,0.20447400241837968,0.22019886046251816,0.1785987261146497,0.1440213573134748,0.1574048727073638,0.14588305489260142,0.14319087536072558,0.14038511579495186,0.14362370133576893,0.147347302719572,0.15091528309919114,0.1744199469006118,0.20764071157771946,0.20583277140930545,0.1814453125,0.15675923800780353,0.163169164882227,0.16685636239471888,0.15395930375091935,0.1725983409151726,0.23687281213535588,0.25872489764086565,0.2942116348318687,0.3150844496214327,0.27986650320119877,0.2502808357672433,0.2112748457847841,0.163011205823197,0.14675031859621607,0.1407702523240372,0.1283381987241864,0.10279846535770706,0.10805760140705727,0.10932991343379288,0.09822294022617124,0.1407035175879397,0.12516170763260026,0.15620341229087295,0.14621549421193233,0.11523557005914746,0.1306179775280899,0.13359189829778065,0.13802816901408452,0.10247836349331235,0.12254134029590949,0.13017186505410566,0.13157894736842105,0.202219857077695,0.2435593220338983,0.25935343261896115,0.23157305467437955,0.17743979721166034,0.17911841613746732,0.17750152842877523,0.17315555555555556,0.13930885529157666,0.15595238095238095,0.18437086092715232,0.18019852379740392,0.2336569579288026,0.24829467939972716,0.27409970121088223,0.22021116138763197,0.16729659836880845,0.16550160589457774,0.165441906653426,0.15652339292506656,0.1233754347428153,0.14674485039843632,0.16757208524864187,0.17707820954254797,0.22160629109191698,0.2446043165467626,0.21280887544125063,0.20510850777799117,0.14942025814920148,0.1276736493936053,0.14372568093385213,0.12921099290780141,0.11315636504553381,0.1276283618581907,0.12597941312029498,0.15632754342431762,0.17984093491316344,0.21572387344199426,0.21490467937608318,0.17797042325344212,0.13329661250344257,0.11226551226551226,0.11495298756445253,0.12446567764646718,0.10369188696444849,0.09978890807906352,0.11992005329780146,0.12867177522349937,0.15516001438331536
New Hyde Park,Queens,neighborhood,,,,,,,,,,,,,,,,,,,,,,,,,,,,,,,,,,,,,,,,,,,,,,,,,,,,,,,,,,,,,,,,,,,,,,,,,,,,,,,,,,,,,,,,,,,,,,,,,,,,,,,,,,,,,,,,,,,,,,,,,,,,,,,,,,0.0,0.0,,,,,,,,,,,,,,,,,,,,,,,,,,0.0,,,,,,,,,,,,,0.0,,,,,,,,,,,,,,,,,0.0,0.0,,,,,,,,,,,,
Nolita,Manhattan,neighborhood,0.0,0.14285714285714285,0.0,0.16666666666666666,0.5,0.0,0.3333333333333333,0.25,0.16666666666666666,0.0,0.0,0.0,0.0,0.25,0.0,0.0,0.0,0.0,0.0,0.2,0.0,0.2,0.2,0.6,0.0,0.0,0.0,0.0,0.0,0.1,0.125,0.3333333333333333,0.0,0.0,0.1,0.5714285714285714,0.5,0.0,0.0,0.5,0.0,0.0,0.23809523809523808,0.0,0.17647058823529413,0.0,0.0,0.07142857142857142,0.0,0.0,0.25,0.05555555555555555,0.1111111111111111,0.38461538461538464,0.18181818181818182,0.23076923076923078,0.25,0.5833333333333334,0.4444444444444444,0.2,0.09090909090909091,0.2727272727272727,0.0,0.1111111111111111,0.0,0.23809523809523808,0.09090909090909091,0.23333333333333334,0.17647058823529413,0.3333333333333333,0.1111111111111111,0.1111111111111111,0.3,0.07692307692307693,0.2,0.16666666666666666,0.0625,0.0,0.13636363636363635,0.1875,0.13793103448275862,0.1,0.30434782608695654,0.3076923076923077,0.20833333333333334,0.22727272727272727,0.08333333333333333,0.0,0.09523809523809523,0.0,0.125,0.24242424242424243,0.3333333333333333,0.4444444444444444,0.4375,0.35294117647058826,0.0,0.15789473684210525,0.09523809523809523,0.045454545454545456,0.23529411764705882,0.058823529411764705,0.16216216216216217,0.034482758620689655,0.1875,0.29411764705882354,0.3157894736842105,0.13333333333333333,0.42857142857142855,0.0,0.07142857142857142,0.21739130434782608,0.13043478260869565,0.08,0.09375,0.2,0.16,0.11764705882352941,0.2631578947368421,0.19047619047619047,0.06666666666666667,0.2,0.3125,0.27586206896551724,0.45454545454545453,0.4126984126984127,0.5443037974683544,0.34146341463414637,0.24285714285714285,0.27692307692307694,0.16666666666666666,0.1935483870967742,0.11538461538461539,0.06666666666666667,0.08823529411764706,0.14285714285714285,0.0,0.08571428571428572,0.0,0.15,0.25,0.23076923076923078,0.0,0.0,0.0,0.25,0.0,0.125,0.15789473684210525,0.2,0.19047619047619047,0.1891891891891892,0.15789473684210525,0.13636363636363635,0.2,0.18181818181818182,0.11764705882352941,0.09090909090909091,0.125,0.21428571428571427,0.23529411764705882,0.3333333333333333,0.1875,0.23529411764705882,0.4230769230769231,0.36363636363636365,0.2692307692307692,0.25,0.2222222222222222,0.16666666666666666,0.3076923076923077,0.3125,0.125,0.07692307692307693,0.25,0.2708333333333333,0.1951219512195122,0.25925925925925924,0.043478260869565216,0.21052631578947367,0.15384615384615385,0.0,0.1,0.25,0.125,0.21739130434782608,0.19444444444444445,0.25,0.14285714285714285,0.125,0.3,0.3,0.0,0.0,0.0,0.0,0.15789473684210525,0.041666666666666664,0.25,0.11363636363636363
North Corona,Queens,neighborhood,,,,,,,,,,,,,,,,,,,,,,,,,,,,,,0.0,0.0,0.0,,,0.0,0.0,0.0,0.0,0.0,0.0,0.0,,,,1.0,0.0,0.0,0.0,,0.0,0.0,0.5,0.0,0.0,0.3333333333333333,0.0,0.0,,0.0,0.0,0.0,0.0,0.0,0.0,0.0,0.0,0.0,0.0,,0.0,0.0,0.0,0.0,,,0.0,0.0,0.0,0.0,0.0,,,,,0.0,0.0,1.0,0.0,0.0,0.2,0.0,0.0,,0.0,0.0,,,,0.5,0.3333333333333333,0.0,0.0,0.0,,,,0.5,0.0,,,0.0,0.0,0.0,0.0,0.0,,0.0,,,,1.0,,,,0.0,0.0,,,,0.0,0.6666666666666666,0.0,1.0,1.0,0.4,0.0,0.3333333333333333,0.25,0.0,0.0,,,,,,,0.0,0.16666666666666666,0.2222222222222222,,0.0,0.0,0.0,0.0,,,,,,0.0,0.0,0.14285714285714285,0.0,0.0,0.0,0.0,0.0,0.0,0.25,0.2,0.0,0.0,0.0,0.0,0.5,0.0,0.0,0.0,0.0,,0.0,0.0,0.0,0.25,0.0,0.0,0.0,0.0,,,0.0,0.0,0.5,,0.0,1.0,0.0,0.0,,0.0
Norwood,Bronx,neighborhood,,,,,,,,,,,,,,,,,1.0,1.0,0.5,0.0,,,,,,0.0,0.5,0.0,1.0,,0.0,0.0,0.0,,,,,,,0.0,,,0.0,0.0,0.0,0.0,0.0,0.0,0.0,0.0,0.0,,,,,0.0,,,0.0,0.0,0.0,0.5,0.4,0.0,0.1,0.21428571428571427,0.2222222222222222,0.0,0.0,0.0,0.0,0.0,0.3333333333333333,0.0,0.3333333333333333,0.0,0.0,0.25,0.0,0.25,0.0,0.0,0.0,0.0,0.0,0.0,1.0,0.0,,0.0,0.0,0.0,0.6,0.16666666666666666,0.125,0.16666666666666666,0.3333333333333333,0.0,0.3333333333333333,1.0,1.0,0.0,0.0,0.0,0.0,0.0,0.0,0.0,0.0,0.125,0.0,0.3333333333333333,,0.0,0.0,,0.0,0.0,0.0,0.5,0.0,0.0,0.0,0.5,0.0,0.0,0.16666666666666666,0.0,0.0,0.0,,0.0,0.0,0.0,0.0,0.5,1.0,0.0,0.0,,0.0,0.0,0.0,0.0,0.0,0.2,0.0,0.0,0.0,0.0,0.0,0.0,0.0,0.2857142857142857,0.0,0.25,0.0,0.0,0.0,0.0,0.0,0.0,0.0,0.5,,,,,,1.0,0.0,0.0,0.0,0.0,0.0,0.0,0.5,0.16666666666666666,0.14285714285714285,,0.0,0.0,,0.0,,,0.0,0.0,,,,0.0,,,0.0,0.0,0.0,0.0,,0.0
Oakland Gardens,Queens,neighborhood,,,,,,,,,,,,,,,,,,,,,,,,,0.0,0.0,,0.0,0.0,0.0,0.5,0.0,0.0,,,0.0,0.0,,0.0,0.0,0.0,,,,,,,0.0,0.0,0.0,0.0,0.0,0.0,0.0,0.0,0.0,0.0,0.0,0.0,0.0,0.0,0.0,0.0,0.0,0.0,0.0,0.25,0.0,0.0,0.25,0.0,0.0,0.0,0.0,0.0,0.6666666666666666,0.3333333333333333,0.0,0.0,0.5,0.3333333333333333,0.16666666666666666,0.2,0.3333333333333333,0.0,0.0,0.0,0.14285714285714285,0.125,0.2,0.0,0.0,0.5,0.0,,,0.0,,,,0.0,1.0,0.0,,0.0,1.0,0.0,0.4,0.3333333333333333,0.0,0.0,,0.0,0.3333333333333333,0.0,,,,,,0.0,0.0,0.0,0.0,0.0,0.0,0.0,,,,1.0,1.0,1.0,0.0,0.3333333333333333,0.2,0.0,0.0,0.0,0.2,0.07142857142857142,0.2,0.0,0.0,0.16666666666666666,0.125,0.0,0.0,0.09090909090909091,0.1,0.0,0.125,0.0,0.2222222222222222,0.0,0.1,0.18181818181818182,0.2222222222222222,0.32,0.10526315789473684,0.14285714285714285,0.14285714285714285,0.2,0.14285714285714285,0.25,0.0,0.125,0.3333333333333333,0.22727272727272727,0.1875,0.17647058823529413,0.0,0.1875,0.25,0.15384615384615385,0.21428571428571427,0.08333333333333333,0.07692307692307693,0.09375,0.17857142857142858,0.15384615384615385,0.1,0.16,0.125,0.29411764705882354,0.13636363636363635,0.17391304347826086,0.55,0.21428571428571427,0.6363636363636364,0.17647058823529413,0.1875,0.3157894736842105,0.2222222222222222,0.18181818181818182,0.09523809523809523,0.21428571428571427,0.18181818181818182,0.14285714285714285,0.09090909090909091
Old Mill Basin,Brooklyn,neighborhood,,,,,,,,,,,,,,,,,,,,,,,,,,,,,,,,,,,,,,,,,1.0,0.0,0.0,,,,,,,,,,,,,,,,,,,,,,,,,,0.0,0.0,0.0,0.0,,,,,,0.0,0.0,0.0,0.0,0.0,0.0,0.0,,,,,,,,,,,,,,0.0,0.0,,,,,,,,0.0,,,,,,,,,,,,,,,,,,,0.0,0.0,0.5,0.0,0.0,,,,0.0,,0.0,1.0,0.0,0.0,,,0.0,0.0,,,,,0.0,0.0,,,,1.0,,,0.3333333333333333,0.0,0.0,0.0,1.0,0.0,,,,0.0,0.0,,0.0,,,0.0,,,,,,0.0,0.0,,,0.0,0.0,,0.0,0.0,,0.0,,,,,,,,,,,,,
Ozone Park,Queens,neighborhood,,,,,,,,,,,,0.0,0.0,0.0,0.0,0.0,0.0,0.0,0.0,0.0,0.0,0.0,0.0,,,,,,,,,,,,,,,,,,,,,,,0.0,0.0,1.0,0.0,,,,,,,,1.0,0.0,0.0,0.0,0.0,,,,,,,,,,0.0,0.0,0.0,0.0,0.0,0.0,0.0,,,,0.0,0.0,0.0,0.0,0.0,0.0,0.0,0.0,0.0,0.0,0.0,,,,0.0,0.0,0.0,0.5,0.0,0.0,0.0,0.0,0.0,0.0,0.0,,0.0,0.0,0.0,0.0,0.0,0.0,0.0,,0.0,,,0.0,0.0,1.0,0.0,,,0.0,,1.0,0.5,0.0,0.0,0.25,0.0,0.0,0.3333333333333333,0.0,0.0,0.0,,,0.0,0.0,0.0,0.0,0.0,,0.0,0.0,0.0,,0.5,1.0,,,0.0,0.0,0.5,1.0,,0.5,0.5,0.0,0.0,,,0.5,0.25,,,0.0,0.0,1.0,0.0,0.0,0.0,0.0,0.5,0.3333333333333333,0.0,0.0,0.3333333333333333,0.3333333333333333,0.0,0.0,1.0,0.5,0.5,0.0,0.0,0.0,0.3333333333333333,,0.0,0.0,0.0,,0.0,0.0,,0.0,0.0,
Park Slope,Brooklyn,neighborhood,0.1111111111111111,0.14705882352941177,0.13513513513513514,0.10526315789473684,0.022222222222222223,0.18,0.20454545454545456,0.08108108108108109,0.06896551724137931,0.2857142857142857,0.09523809523809523,0.22727272727272727,0.2413793103448276,0.2,0.13513513513513514,0.09375,0.12195121951219512,0.20754716981132076,0.10344827586206896,0.13157894736842105,0.09090909090909091,0.14285714285714285,0.2,0.35,0.1111111111111111,0.045454545454545456,0.08571428571428572,0.023255813953488372,0.13043478260869565,0.1774193548387097,0.15254237288135594,0.12307692307692308,0.21739130434782608,0.16129032258064516,0.08928571428571429,0.13559322033898305,0.03773584905660377,0.025,0.125,0.26666666666666666,0.17045454545454544,0.2087912087912088,0.07291666666666667,0.11702127659574468,0.2028985507246377,0.22727272727272727,0.14545454545454545,0.07272727272727272,0.125,0.11864406779661017,0.140625,0.12658227848101267,0.1532258064516129,0.1297709923664122,0.18115942028985507,0.22137404580152673,0.21666666666666667,0.18840579710144928,0.19083969465648856,0.18518518518518517,0.1623931623931624,0.11450381679389313,0.08943089430894309,0.21052631578947367,0.14792899408284024,0.2,0.16470588235294117,0.19130434782608696,0.23783783783783785,0.176056338028169,0.14782608695652175,0.1134020618556701,0.13,0.16494845360824742,0.16260162601626016,0.13793103448275862,0.1301775147928994,0.15135135135135136,0.20673076923076922,0.22477064220183487,0.23115577889447236,0.30319148936170215,0.3051948051948052,0.15151515151515152,0.15217391304347827,0.18181818181818182,0.12195121951219512,0.16352201257861634,0.2094240837696335,0.1552511415525114,0.20657276995305165,0.2125,0.28859060402684567,0.31875,0.2689655172413793,0.19166666666666668,0.1326530612244898,0.14864864864864866,0.13414634146341464,0.06557377049180328,0.1282051282051282,0.1464968152866242,0.16184971098265896,0.20625,0.2755905511811024,0.2426470588235294,0.17391304347826086,0.14423076923076922,0.2111111111111111,0.21348314606741572,0.10256410256410256,0.1323529411764706,0.12021857923497267,0.1901840490797546,0.16326530612244897,0.1865671641791045,0.20909090909090908,0.25,0.21649484536082475,0.13846153846153847,0.06349206349206349,0.12987012987012986,0.14705882352941177,0.10416666666666667,0.18181818181818182,0.296137339055794,0.2730496453900709,0.3167701863354037,0.3076923076923077,0.2894736842105263,0.242152466367713,0.14619883040935672,0.17197452229299362,0.10344827586206896,0.08088235294117647,0.05555555555555555,0.08256880733944955,0.1,0.06956521739130435,0.1134020618556701,0.10256410256410256,0.16279069767441862,0.19696969696969696,0.17647058823529413,0.18181818181818182,0.10526315789473684,0.1276595744680851,0.04081632653061224,0.10204081632653061,0.17894736842105263,0.1388888888888889,0.20869565217391303,0.2992125984251969,0.2830188679245283,0.2222222222222222,0.16091954022988506,0.14423076923076922,0.11428571428571428,0.2028985507246377,0.11904761904761904,0.14705882352941177,0.16666666666666666,0.19463087248322147,0.24193548387096775,0.21875,0.22330097087378642,0.24691358024691357,0.11940298507462686,0.0410958904109589,0.20967741935483872,0.17721518987341772,0.14285714285714285,0.09195402298850575,0.1743119266055046,0.2702702702702703,0.21367521367521367,0.27710843373493976,0.19540229885057472,0.27586206896551724,0.1282051282051282,0.13636363636363635,0.0625,0.03636363636363636,0.12307692307692308,0.11494252873563218,0.1651376146788991,0.20202020202020202,0.20618556701030927,0.18072289156626506,0.14285714285714285,0.20408163265306123,0.2127659574468085,0.10416666666666667,0.05,0.1724137931034483,0.05357142857142857,0.046153846153846156,0.09090909090909091,0.1452991452991453,0.21359223300970873
Parkchester,Bronx,neighborhood,,,,,,,,,,,,,,0.0,0.0,0.0,0.0,0.0,,,0.0,0.0,0.0,0.0,0.0,0.0,0.0,0.0,0.0,0.0,0.0,0.0,0.0,0.0,0.0,0.0,0.0,0.0,0.0,0.0,0.0,0.0,0.0,0.0,0.0,0.0,,,,,,,,,0.0,0.0,0.0,0.0,0.0,0.0,,0.0,0.0,,0.0,0.0,0.0,0.0,0.0,0.0,0.0,0.0,0.0,0.0,0.0,0.0,0.0,0.0,0.0,0.25,0.3333333333333333,0.0,0.0,0.0,0.0,0.0,0.2,0.16666666666666666,0.75,0.0,0.0,0.5,0.0,0.0,0.0,0.0,0.0,,,,0.0,0.0,0.0,,,0.0,0.0,0.0,0.25,0.0,,0.0,0.0,,0.0,,,0.0,0.0,0.0,0.0,0.0,0.0,0.0,1.0,,,,,0.5,0.0,0.0,0.0,0.0,0.0,,0.0,,,0.0,0.25,0.2,0.6666666666666666,0.0,,,,,,0.0,0.0,1.0,0.0,0.0,0.0,,0.0,0.0,0.0,0.0,0.0,0.0,,,0.0,0.25,0.0,0.3333333333333333,0.0,,0.0,0.0,0.0,0.0,0.0,0.0,0.0,,,,,,,,,0.5,0.0,0.0,,,0.0,,,,,0.0,0.3333333333333333,0.3333333333333333,0.0,0.0
Pelham Bay,Bronx,neighborhood,,,,,,,,,,,,,,,,,,,,,,,0.0,0.0,0.0,0.0,0.0,0.0,0.0,0.0,0.0,,,,,,,0.0,0.0,0.0,0.0,0.0,,,,,,,0.0,0.0,0.0,0.5,0.0,0.0,0.0,0.0,0.0,0.0,,0.0,0.0,0.0,0.0,,,0.0,0.09090909090909091,0.0,,,,0.0,0.0,,,,0.0,0.0,0.0,,,0.0,0.0,,,,,,,,,,,0.0,,,0.0,,,0.0,,,,,0.0,,,0.0,0.0,0.0,0.0,0.0,0.0,0.0,1.0,0.0,,0.0,,,,0.0,,,,,,0.0,,,,0.0,0.0,0.0,0.0,,0.0,,0.0,,,0.0,0.0,0.0,0.0,,0.0,,0.0,0.0,0.0,0.0,0.0,0.0,0.3333333333333333,0.25,0.0,0.0,0.0,0.0,0.0,1.0,,,,,,,,,0.0,0.5,,,0.0,0.5,0.0,,,0.0,0.0,0.5,0.0,0.0,0.0,0.2,0.2,0.0,0.0,0.0,0.0,1.0,0.0,0.0,0.25,0.0,0.5,0.5,0.0,0.0
Pelham Gardens,Bronx,neighborhood,,,,,,,,,,,,,,,,,,,,,0.0,0.0,0.0,,,,,,,0.0,0.0,,,,,,,,,,,,,,,,,,,0.0,0.0,,,,,,,,,,,,,,,,,,,,0.0,0.0,0.0,0.0,,,0.0,0.0,,,,0.0,1.0,0.0,0.0,0.0,0.0,,,,0.0,0.0,0.0,0.0,0.25,,,,,0.0,0.0,,,1.0,0.0,,,,0.0,0.0,0.0,0.0,0.0,0.0,,,,,0.0,,,,,0.0,,0.0,0.0,0.0,0.0,,,,,,,0.0,1.0,0.0,0.0,0.0,0.0,0.0,0.3333333333333333,0.0,0.0,0.0,1.0,0.0,,,,0.0,0.0,0.0,0.0,0.0,,,0.0,0.0,,0.0,,0.0,,0.0,,0.0,1.0,0.0,,0.0,0.0,,0.0,0.5,,,,,,,0.0,0.0,,,0.0,0.0,,,,,,,,,,,,
Pelham Parkway,Bronx,neighborhood,,,,,,,,,,,,,,,,,,,,,,,,,,,,,,,,,,,,,,,,,,,,,,,,,,,,,,,,,,,,,,0.0,0.0,0.0,0.0,,,,,,,,0.0,0.0,0.0,0.0,,,,,,,,,,,,,,,,,0.0,0.0,,,,,1.0,0.0,,,,,,0.0,0.0,,0.0,,,,,0.0,0.0,0.0,0.0,,0.0,0.0,0.0,0.0,0.0,0.0,0.0,0.0,0.0,0.3333333333333333,0.0,0.0,0.0,1.0,0.0,0.0,0.0,0.0,,0.0,0.0,,,0.0,0.0,0.25,0.6666666666666666,0.0,0.0,0.0,0.0,,,0.0,0.0,,,0.0,0.0,0.0,0.0,0.0,0.0,0.0,,,0.5,0.0,,0.0,0.0,0.0,,,0.3333333333333333,0.0,0.0,0.0,0.0,0.0,1.0,,0.0,0.0,0.0,0.0,,0.0,,,,,0.0,0.0,,,,0.0,0.0,,,0.0
Pomonok,Queens,neighborhood,0.0,0.0,,,,,,,,,,0.0,0.0,0.0,0.0,,0.0,0.0,1.0,,,,,,,,,,,,0.0,0.0,0.0,0.0,,,,,,,,0.0,0.0,0.0,0.0,1.0,1.0,0.0,,,0.0,0.0,,,,0.0,0.0,0.5,0.0,0.0,0.0,0.0,0.0,,,,,0.0,0.0,0.0,0.0,0.0,0.0,0.0,0.0,0.0,0.0,0.0,,,0.0,0.5,1.0,,,0.0,1.0,0.0,0.0,0.16666666666666666,0.0,0.0,1.0,0.6666666666666666,0.0,0.3333333333333333,,,0.0,0.0,0.0,,0.6666666666666666,0.0,0.25,0.3333333333333333,0.0,0.0,0.5,0.0,0.0,0.0,0.0,0.0,0.0,0.5,0.5,1.0,,0.0,1.0,0.0,0.0,0.0,0.0,,0.3333333333333333,0.0,0.0,0.0,0.0,0.0,0.0,0.0,0.0,,0.0,0.0,0.0,0.0,0.0,0.0,0.0,1.0,0.0,,0.0,0.0,0.0,0.0,0.0,0.0,0.0,0.0,0.6666666666666666,1.0,,0.0,0.0,0.0,0.3333333333333333,0.3333333333333333,0.0,0.0,,0.0,0.0,0.0,0.0,0.0,0.0,,,0.0,0.0,0.14285714285714285,0.0,0.3333333333333333,0.6666666666666666,0.0,,0.0,0.0,0.0,0.5,0.0,,1.0,,0.0,0.0,1.0,0.0,0.0,,,,,0.0,0.5
Port Morris,Bronx,neighborhood,,,,,,,,,,,,,,,,,,,,,,,,,,,,,,,,,,,,,,,,,,,,,,,,,,,,,,,,,,,,,,,,,,,,,,,,,,,,,,,,,,,,,0.0,0.0,0.0,,,,,,,,,,,,0.0,0.0,,,,1.0,0.0,0.0,0.5714285714285714,0.0,0.3333333333333333,0.0,0.0,0.0,0.0,,,,,,,,,,,,,,,,,,,,,,,0.0,0.0,0.0,,,,,,,,,,,,,,,,,,,,,,,,,,,,,,,,,,,,1.0,0.0,,,,,,,,,,,,,0.0,1.0,,,,,,,,,,,
Prospect Heights,Brooklyn,neighborhood,0.0,0.4,0.1111111111111111,0.3,0.14285714285714285,0.0,0.1875,0.2,0.0,0.14285714285714285,0.16666666666666666,0.2857142857142857,0.125,0.0,0.0,0.2857142857142857,0.1111111111111111,0.2222222222222222,0.23076923076923078,0.125,0.2857142857142857,0.0,0.0,0.0,0.3333333333333333,0.125,0.4,0.14285714285714285,0.16666666666666666,0.2222222222222222,0.1111111111111111,0.1,0.0,0.0,0.0,0.0,0.125,0.0,0.18181818181818182,0.2222222222222222,0.0,0.3076923076923077,0.2777777777777778,0.08333333333333333,0.1,0.32,0.3333333333333333,0.2,0.2222222222222222,0.18181818181818182,0.3076923076923077,0.08333333333333333,0.0625,0.11538461538461539,0.14285714285714285,0.21428571428571427,0.2608695652173913,0.2857142857142857,0.23255813953488372,0.19444444444444445,0.2765957446808511,0.14285714285714285,0.17777777777777778,0.14285714285714285,0.2,0.14285714285714285,0.140625,0.14285714285714285,0.10526315789473684,0.0,0.3333333333333333,0.05263157894736842,0.1111111111111111,0.058823529411764705,0.24,0.26666666666666666,0.2222222222222222,0.09375,0.18181818181818182,0.2702702702702703,0.2857142857142857,0.25,0.25,0.3103448275862069,0.1,0.2,0.37037037037037035,0.4375,0.28205128205128205,0.08771929824561403,0.15,0.25806451612903225,0.18518518518518517,0.2962962962962963,0.11764705882352941,0.17391304347826086,0.19230769230769232,0.08571428571428572,0.2413793103448276,0.14285714285714285,0.027777777777777776,0.09375,0.1875,0.0967741935483871,0.3333333333333333,0.21428571428571427,0.23076923076923078,0.21428571428571427,0.16129032258064516,0.11538461538461539,0.125,0.1388888888888889,0.19148936170212766,0.09090909090909091,0.12698412698412698,0.18181818181818182,0.1875,0.2647058823529412,0.2857142857142857,0.0,0.0,0.07692307692307693,0.19047619047619047,0.058823529411764705,0.20833333333333334,0.3,0.3625,0.38961038961038963,0.37349397590361444,0.29213483146067415,0.3898305084745763,0.288135593220339,0.13114754098360656,0.14285714285714285,0.09090909090909091,0.1,0.10256410256410256,0.07692307692307693,0.08695652173913043,0.08695652173913043,0.058823529411764705,0.0625,0.0,0.0,0.0,0.0,0.058823529411764705,0.4,0.10526315789473684,0.21739130434782608,0.2608695652173913,0.15625,0.2857142857142857,0.2222222222222222,0.32,0.09090909090909091,0.09523809523809523,0.13636363636363635,0.09090909090909091,0.047619047619047616,0.18181818181818182,0.2571428571428571,0.1111111111111111,0.28,0.27586206896551724,0.2,0.3333333333333333,0.25,0.5454545454545454,0.3333333333333333,0.08333333333333333,0.18181818181818182,0.13636363636363635,0.3142857142857143,0.2826086956521739,0.2608695652173913,0.23809523809523808,0.13043478260869565,0.4782608695652174,0.08695652173913043,0.17647058823529413,0.15384615384615385,0.10526315789473684,0.0,0.0,0.23333333333333334,0.16129032258064516,0.10526315789473684,0.1111111111111111,0.17647058823529413,0.0,0.2222222222222222,0.2857142857142857,0.0,0.0,0.0,0.13333333333333333,0.0,0.11538461538461539,0.2
Prospect Lefferts Gardens,Brooklyn,neighborhood,0.3333333333333333,0.5,0.0,0.0,0.0,0.0,0.0,,,,,0.0,0.0,0.16666666666666666,0.0,0.0,0.0,0.0,0.0,0.0,0.0,0.0,0.2,0.0,0.0,0.3333333333333333,0.0,0.0,0.0,0.6666666666666666,0.3333333333333333,0.0,0.0,0.25,0.0,0.0,0.0,0.5,0.4,0.0,0.09090909090909091,0.16666666666666666,0.0625,0.045454545454545456,0.2,0.125,0.3333333333333333,0.2,0.0,0.16666666666666666,0.0,0.125,0.0,0.1875,0.18518518518518517,0.21739130434782608,0.22727272727272727,0.22727272727272727,0.17647058823529413,0.24444444444444444,0.21428571428571427,0.2727272727272727,0.14545454545454545,0.1746031746031746,0.07936507936507936,0.061224489795918366,0.125,0.14705882352941177,0.17391304347826086,0.10526315789473684,0.09090909090909091,0.23529411764705882,0.35294117647058826,0.18181818181818182,0.13793103448275862,0.29411764705882354,0.19444444444444445,0.2222222222222222,0.15217391304347827,0.30303030303030304,0.22857142857142856,0.3125,0.24358974358974358,0.21052631578947367,0.0963855421686747,0.15789473684210525,0.23809523809523808,0.1509433962264151,0.11538461538461539,0.23809523809523808,0.14285714285714285,0.15217391304347827,0.23529411764705882,0.2702702702702703,0.3157894736842105,0.16,0.2608695652173913,0.08196721311475409,0.203125,0.12941176470588237,0.14423076923076922,0.1111111111111111,0.10309278350515463,0.07936507936507936,0.125,0.1388888888888889,0.14285714285714285,0.11764705882352941,0.07894736842105263,0.12048192771084337,0.04310344827586207,0.09278350515463918,0.109375,0.08888888888888889,0.08571428571428572,0.12307692307692308,0.1702127659574468,0.14285714285714285,0.1891891891891892,0.14814814814814814,0.15625,0.18421052631578946,0.10526315789473684,0.18421052631578946,0.14473684210526316,0.21978021978021978,0.19166666666666668,0.20535714285714285,0.22935779816513763,0.2647058823529412,0.1875,0.2222222222222222,0.10126582278481013,0.12,0.22033898305084745,0.109375,0.08602150537634409,0.09345794392523364,0.11363636363636363,0.10101010101010101,0.08571428571428572,0.23076923076923078,0.1956521739130435,0.1111111111111111,0.09302325581395349,0.10526315789473684,0.04081632653061224,0.08695652173913043,0.08333333333333333,0.046875,0.09090909090909091,0.1590909090909091,0.1935483870967742,0.35294117647058826,0.16071428571428573,0.18421052631578946,0.16363636363636364,0.1388888888888889,0.21428571428571427,0.06060606060606061,0.058823529411764705,0.1511627906976744,0.12698412698412698,0.23880597014925373,0.13793103448275862,0.1724137931034483,0.2786885245901639,0.22641509433962265,0.23076923076923078,0.26,0.20833333333333334,0.23728813559322035,0.2191780821917808,0.2,0.1388888888888889,0.23809523809523808,0.23214285714285715,0.3469387755102041,0.13636363636363635,0.15789473684210525,0.23076923076923078,0.15151515151515152,0.14634146341463414,0.15384615384615385,0.203125,0.0684931506849315,0.1728395061728395,0.22535211267605634,0.1951219512195122,0.24390243902439024,0.1111111111111111,0.24,0.2,0.07407407407407407,0.0967741935483871,0.14705882352941177,0.18421052631578946,0.11666666666666667,0.1,0.02857142857142857
Prospect Park South,Brooklyn,neighborhood,,,,,,,,0.0,0.0,0.0,0.0,0.0,0.0,0.0,0.0,0.0,0.0,0.0,0.0,0.0,,,,0.0,0.0,0.0,,,0.0,0.0,0.0,,,,,0.0,0.3,0.0,,0.0,0.0,0.0,0.5,0.0,0.0,0.0,0.125,0.125,0.4,0.0,0.14285714285714285,0.1111111111111111,0.0,0.0,0.0,0.2222222222222222,0.18181818181818182,0.13636363636363635,0.11764705882352941,0.0,0.11764705882352941,0.07142857142857142,0.125,0.0,0.0,0.1875,0.05263157894736842,0.13043478260869565,0.2,0.25,0.18181818181818182,0.08333333333333333,0.0,0.13043478260869565,0.3,0.14285714285714285,0.13333333333333333,0.1,0.16666666666666666,0.23333333333333334,0.125,0.1,0.2916666666666667,0.24,0.1935483870967742,0.16666666666666666,0.3333333333333333,0.09090909090909091,0.11428571428571428,0.15384615384615385,0.12903225806451613,0.0,0.12,0.20833333333333334,0.23333333333333334,0.2,0.05128205128205128,0.17857142857142858,0.15384615384615385,0.1724137931034483,0.15,0.13953488372093023,0.038461538461538464,0.13043478260869565,0.07894736842105263,0.30303030303030304,0.12195121951219512,0.16326530612244897,0.08064516129032258,0.11764705882352941,0.1,0.04918032786885246,0.1111111111111111,0.24,0.037037037037037035,0.13513513513513514,0.06666666666666667,0.2857142857142857,0.0,0.3333333333333333,0.14285714285714285,0.06666666666666667,0.11764705882352941,0.07692307692307693,0.23333333333333334,0.16666666666666666,0.13513513513513514,0.14,0.2708333333333333,0.32608695652173914,0.2608695652173913,0.1282051282051282,0.14705882352941177,0.14285714285714285,0.23809523809523808,0.16666666666666666,0.08108108108108109,0.11627906976744186,0.07894736842105263,0.15151515151515152,0.14285714285714285,0.034482758620689655,0.2,0.14814814814814814,0.0,0.0,0.1111111111111111,0.0,0.0,0.125,0.1,0.18181818181818182,0.3333333333333333,0.17647058823529413,0.2727272727272727,0.18181818181818182,0.14285714285714285,0.0,0.625,0.14285714285714285,0.1,0.08333333333333333,0.18181818181818182,0.09090909090909091,0.23076923076923078,0.25,0.2857142857142857,0.08333333333333333,0.09090909090909091,0.14285714285714285,0.125,0.0,0.0,0.2,0.2,0.09090909090909091,0.15384615384615385,0.2,0.0,0.375,0.0,0.18181818181818182,0.06666666666666667,0.375,0.25,0.0,0.1111111111111111,0.2,0.3,0.5,0.25,0.0,0.16666666666666666,0.0,0.0,0.07142857142857142,0.06666666666666667,0.1111111111111111,0.0,0.0
Queens,Queens,borough,0.09090909090909091,0.10666666666666667,0.0547945205479452,0.0,0.07142857142857142,0.07692307692307693,0.047619047619047616,0.047619047619047616,0.05263157894736842,0.05555555555555555,0.02631578947368421,0.05263157894736842,0.08333333333333333,0.07692307692307693,0.02127659574468085,0.037037037037037035,0.02666666666666667,0.04878048780487805,0.024691358024691357,0.05434782608695652,0.08,0.08045977011494253,0.15217391304347827,0.0641025641025641,0.10126582278481013,0.0684931506849315,0.07865168539325842,0.06382978723404255,0.05813953488372093,0.04950495049504951,0.1111111111111111,0.08333333333333333,0.046511627906976744,0.07446808510638298,0.056179775280898875,0.09090909090909091,0.07692307692307693,0.10833333333333334,0.0743801652892562,0.08391608391608392,0.07971014492753623,0.034782608695652174,0.0625,0.09722222222222222,0.11949685534591195,0.14349775784753363,0.07954545454545454,0.08846153846153847,0.09124087591240876,0.07664233576642336,0.07142857142857142,0.07552083333333333,0.06619385342789598,0.05,0.05787781350482315,0.06997084548104957,0.13119533527696792,0.13142857142857142,0.09190371991247265,0.0671785028790787,0.08280254777070063,0.09036144578313253,0.08483754512635379,0.05536332179930796,0.04680851063829787,0.06782106782106782,0.08077544426494346,0.0865561694290976,0.10606060606060606,0.16589147286821707,0.14285714285714285,0.13253012048192772,0.10412147505422993,0.1657142857142857,0.14261460101867574,0.13928012519561817,0.13147410358565736,0.13432835820895522,0.13428943937418514,0.16754617414248021,0.17183462532299743,0.15727391874180865,0.2054421768707483,0.13517060367454067,0.16061606160616063,0.14270941054808686,0.16682027649769585,0.16635514018691588,0.15019762845849802,0.14440677966101695,0.14664897146648972,0.18345323741007194,0.23172242874845106,0.23862238622386223,0.18410596026490067,0.15756630265210608,0.192090395480226,0.18742138364779873,0.16276477146042365,0.16153028692879914,0.1828793774319066,0.17105263157894737,0.15789473684210525,0.1786743515850144,0.17845484221980412,0.20606694560669456,0.15683962264150944,0.15217391304347827,0.1987012987012987,0.16321243523316062,0.1819184123484013,0.15502183406113537,0.1608832807570978,0.17705242334322452,0.14681440443213298,0.1931931931931932,0.2066420664206642,0.19023136246786632,0.1656441717791411,0.18484288354898337,0.17295597484276728,0.1566068515497553,0.1657142857142857,0.1525,0.22129783693843594,0.2202835332606325,0.23159636062861869,0.22957198443579765,0.2469437652811736,0.21728395061728395,0.18106617647058823,0.16493775933609958,0.1488970588235294,0.1584470094438615,0.128131021194605,0.12551867219917012,0.14204003813155386,0.14124293785310735,0.10945802337938364,0.15217391304347827,0.12750885478158205,0.1332547169811321,0.13507109004739337,0.12669683257918551,0.12933753943217666,0.15411558669001751,0.14513788098693758,0.11297709923664122,0.1058282208588957,0.13185185185185186,0.14431239388794567,0.16338028169014085,0.22612359550561797,0.20760233918128654,0.18552036199095023,0.16579406631762653,0.15629742033383914,0.13732394366197184,0.1493212669683258,0.13398692810457516,0.12753623188405797,0.17048710601719197,0.16170763260025872,0.18592964824120603,0.16595744680851063,0.22119205298013245,0.15796178343949044,0.1509433962264151,0.15170278637770898,0.17133956386292834,0.1645367412140575,0.16828478964401294,0.13595166163141995,0.16391184573002754,0.16967509025270758,0.17232375979112272,0.17872340425531916,0.18565400843881857,0.19242424242424241,0.15689655172413794,0.13712374581939799,0.16226415094339622,0.16302521008403362,0.14756671899529042,0.13323353293413173,0.1286549707602339,0.19027181688125894,0.18325434439178515,0.1776,0.22146507666098808,0.17669172932330826,0.1522198731501057,0.12121212121212122,0.16358839050131926,0.16488222698072805,0.1350293542074364,0.11947626841243862,0.15431164901664146,0.1348148148148148,0.12351190476190477
Queens Village,Queens,neighborhood,,,,,,,,,,,,,,,,,,,,,,,,,,,,,,,,,,,,,,,,,,,,,,,,0.0,0.0,0.0,0.0,0.0,1.0,0.0,,0.0,1.0,0.3333333333333333,0.0,0.0,0.0,,,,,,,,0.0,0.0,0.0,0.0,,0.0,0.0,1.0,0.0,0.0,0.3333333333333333,0.0,0.5,0.0,0.6666666666666666,0.0,1.0,0.0,0.0,0.0,,0.0,0.0,0.0,,0.5,,,,0.0,0.0,0.0,,0.0,0.0,0.0,0.0,0.0,1.0,,,,,,0.5,0.3333333333333333,0.0,,0.3333333333333333,0.0,0.25,1.0,0.3333333333333333,0.0,0.0,0.0,0.0,0.0,0.0,0.0,0.0,0.25,0.0,0.0,0.0,0.0,0.0,0.0,0.0,0.0,0.0,0.0,0.0,0.0,0.0,0.0,0.0,0.0,0.0,0.0,0.0,0.0,0.0,,0.0,,1.0,0.5,0.0,0.0,0.3333333333333333,0.0,0.0,0.0,0.0,0.0,0.0,,0.0,0.3333333333333333,0.5,0.0,0.0,0.0,,0.0,0.3333333333333333,0.0,0.0,0.0,0.0,0.0,0.0,,1.0,1.0,0.5,0.5,0.0,0.0,0.0,0.0,,0.0,0.0,0.0,,1.0,,0.0,0.5,0.0
Red Hook,Brooklyn,neighborhood,0.0,0.0,,,,,0.0,1.0,0.2,0.5,0.2,0.0,0.0,0.0,0.0,0.0,0.0,0.0,0.0,0.0,0.0,0.0,0.0,0.0,,,,,0.3333333333333333,0.0,0.0,0.6666666666666666,0.0,0.5,0.2,0.125,0.1,0.25,0.0,0.0,0.0,0.0,0.16666666666666666,0.0,0.4,0.5,0.2,0.16666666666666666,0.0,0.0,0.0,0.0,0.0,0.0,0.16666666666666666,0.0,0.0,0.5,0.5,0.0,0.5,0.0,1.0,0.25,0.25,0.0,0.25,0.0,0.0,0.2,0.1111111111111111,0.16666666666666666,0.038461538461538464,0.3181818181818182,0.06666666666666667,0.1875,0.3333333333333333,0.17647058823529413,0.14285714285714285,0.125,0.2,0.0,0.16666666666666666,0.2,0.16666666666666666,0.5,0.0,0.5384615384615384,0.125,0.1,0.14285714285714285,0.5333333333333333,0.06666666666666667,0.375,0.23076923076923078,0.2,0.125,0.16666666666666666,0.125,0.5,0.15384615384615385,0.125,0.2222222222222222,0.4,0.16666666666666666,0.16666666666666666,0.0,0.2,0.08333333333333333,0.125,0.3,0.16666666666666666,0.25,0.2,0.3333333333333333,0.125,0.5,0.5714285714285714,0.25,0.6,0.0,0.0,0.0,0.0,0.375,0.09090909090909091,0.09090909090909091,0.2,0.3,0.5,0.3333333333333333,0.125,0.25,0.23076923076923078,0.125,0.3333333333333333,0.0,0.5,0.0,0.0,,0.2,0.0,0.3333333333333333,0.0,0.0,0.0,0.5,0.0,0.5,0.0,0.5,1.0,0.3333333333333333,0.0,0.0,0.6,0.0,0.0,,0.0,0.0,1.0,0.0,0.0,0.4,0.3333333333333333,0.25,0.0,0.0,0.1,0.125,0.2,0.25,0.2727272727272727,0.2222222222222222,0.4,0.3333333333333333,0.16666666666666666,0.0,0.1,0.0,0.0,0.0,0.0,0.5,0.3333333333333333,0.1111111111111111,0.36363636363636365,0.3125,0.09090909090909091,0.0,0.08333333333333333,0.0,0.16666666666666666,0.16666666666666666,0.125,0.09090909090909091,0.3333333333333333,0.42857142857142855
Rego Park,Queens,neighborhood,0.25,0.0,0.0,0.0,0.5,0.4,0.25,0.0,0.0,0.0,0.0,0.0,0.25,0.2,0.0,0.0,0.0,0.125,0.0,0.0,0.0,0.0,0.2,0.0,0.0,0.5,0.0,0.0,0.0,0.0,0.0,0.25,0.0,0.0,0.0,,0.0,0.0,0.0,0.0,0.0,0.5,0.0,0.5,0.0,0.0,0.25,0.5,0.3333333333333333,0.0,0.5,0.3333333333333333,0.0,0.25,0.25,0.0,0.125,0.3333333333333333,0.0,0.14285714285714285,0.15384615384615385,0.14285714285714285,0.0,0.0,0.0,0.25,0.0,0.05555555555555555,0.10526315789473684,0.06666666666666667,0.058823529411764705,0.17647058823529413,0.0,0.35294117647058826,0.10526315789473684,0.17647058823529413,0.13043478260869565,0.04,0.0,0.0,0.058823529411764705,0.26666666666666666,0.14285714285714285,0.07142857142857142,0.05,0.1875,0.11764705882352941,0.041666666666666664,0.043478260869565216,0.13793103448275862,0.15384615384615385,0.25925925925925924,0.3333333333333333,0.23076923076923078,0.3157894736842105,0.16666666666666666,0.15,0.19047619047619047,0.3,0.16666666666666666,0.3333333333333333,0.25,0.14285714285714285,0.058823529411764705,0.11764705882352941,0.3157894736842105,0.21052631578947367,0.16666666666666666,0.19047619047619047,0.18181818181818182,0.03225806451612903,0.14814814814814814,0.08333333333333333,0.13043478260869565,0.25806451612903225,0.18181818181818182,0.13043478260869565,0.17647058823529413,0.29411764705882354,0.17647058823529413,0.23076923076923078,0.2857142857142857,0.14285714285714285,0.2,0.6363636363636364,0.2222222222222222,0.2,0.125,0.3125,0.4375,0.125,0.36363636363636365,0.2,0.10526315789473684,0.09090909090909091,0.09523809523809523,0.3333333333333333,0.14285714285714285,0.125,0.15789473684210525,0.16,0.05555555555555555,0.22727272727272727,0.08333333333333333,0.25,0.2222222222222222,0.16666666666666666,0.2222222222222222,0.2631578947368421,0.2,0.15789473684210525,0.16,0.2222222222222222,0.1935483870967742,0.0,0.06666666666666667,0.16666666666666666,0.23529411764705882,0.0,0.0,0.07692307692307693,0.18181818181818182,0.17647058823529413,0.2222222222222222,0.13333333333333333,0.08333333333333333,0.0,0.125,0.18181818181818182,0.13333333333333333,0.0,0.26666666666666666,0.25,0.1,0.15384615384615385,0.09090909090909091,0.3,0.0,0.0,0.2222222222222222,0.16666666666666666,0.3076923076923077,0.4375,0.0,0.1,0.0,0.0,0.3333333333333333,0.0,0.1111111111111111,0.14285714285714285,0.25,0.0,0.16666666666666666,0.2,0.14285714285714285,0.14285714285714285,0.07692307692307693,0.23076923076923078,0.125
Richmond Hill,Queens,neighborhood,,,,,,,,,,,,,,,,,,,,,,,,,,,,,,,,,,,,,0.0,0.0,,,,,,,0.0,0.0,,0.0,0.0,,,,,0.0,0.0,0.0,,,,,0.0,0.0,0.0,,,,,0.0,0.0,0.3333333333333333,0.0,0.0,0.0,0.5,0.0,0.0,0.0,0.0,1.0,,0.0,0.0,0.0,0.0,0.3333333333333333,0.0,0.0,0.0,0.0,0.0,0.0,0.0,1.0,0.0,1.0,0.0,0.5,1.0,0.2,0.25,0.0,,0.0,0.3333333333333333,0.0,0.0,1.0,0.3333333333333333,0.25,0.0,0.0,0.0,0.0,0.25,0.3333333333333333,0.5,0.0,0.5,0.0,0.0,0.5,0.0,0.0,,0.0,0.2,0.0,0.3333333333333333,1.0,0.0,0.5,1.0,0.0,0.0,0.3333333333333333,0.0,0.3333333333333333,0.25,0.0,0.0,0.25,0.5,0.0,0.0,0.0,0.0,0.0,0.0,0.14285714285714285,0.16666666666666666,0.14285714285714285,0.2,0.16666666666666666,0.0,0.125,0.16666666666666666,0.0,0.0,0.0,,0.0,0.16666666666666666,0.0,1.0,0.0,0.3333333333333333,0.3333333333333333,0.25,0.16666666666666666,0.2,0.5,0.0,0.3333333333333333,0.0,,0.5,0.0,0.5,0.3333333333333333,0.2,0.2,0.16666666666666666,0.0,0.0,0.5,0.0,0.3333333333333333,,0.0,0.0,0.0,0.0,,0.0,0.0,0.0,0.0,,0.25,0.14285714285714285
Ridgewood,Queens,neighborhood,0.0,0.0,0.0,0.0,0.0,,,,,,,,,,,,,,,,,0.0,0.2,0.0,0.5,0.0,0.0,0.0,0.0,0.0,0.8571428571428571,0.0,0.0,0.14285714285714285,0.0,0.6,0.0,0.4,0.0,0.0,0.25,0.0,0.0,0.0,0.5,0.07142857142857142,0.025,0.0,0.041666666666666664,0.05,0.047619047619047616,0.13636363636363635,0.15151515151515152,0.19047619047619047,0.11538461538461539,0.034482758620689655,0.20833333333333334,0.3103448275862069,0.175,0.020833333333333332,0.19047619047619047,0.13513513513513514,0.13333333333333333,0.058823529411764705,0.09401709401709402,0.09836065573770492,0.07608695652173914,0.06818181818181818,0.14150943396226415,0.145985401459854,0.15267175572519084,0.15217391304347827,0.13402061855670103,0.1893939393939394,0.1276595744680851,0.1897810218978102,0.21787709497206703,0.21025641025641026,0.18932038834951456,0.15422885572139303,0.24571428571428572,0.20382165605095542,0.2251655629139073,0.16666666666666666,0.16230366492146597,0.22994652406417113,0.24497991967871485,0.23109243697478993,0.22033898305084745,0.16034985422740525,0.19135802469135801,0.22105263157894736,0.24867724867724866,0.2222222222222222,0.1949685534591195,0.13414634146341464,0.2127659574468085,0.22772277227722773,0.1606425702811245,0.1417624521072797,0.17687074829931973,0.1413793103448276,0.17391304347826086,0.23693379790940766,0.13559322033898305,0.15849056603773584,0.15555555555555556,0.12025316455696203,0.17613636363636365,0.12962962962962962,0.14678899082568808,0.17370892018779344,0.16521739130434782,0.17164179104477612,0.1341991341991342,0.19689119170984457,0.15,0.22857142857142856,0.23863636363636365,0.2777777777777778,0.18421052631578946,0.15217391304347827,0.17073170731707318,0.15873015873015872,0.2032520325203252,0.29473684210526313,0.23448275862068965,0.21159420289855072,0.2135593220338983,0.20089285714285715,0.15920398009950248,0.1317365269461078,0.14285714285714285,0.14285714285714285,0.1415525114155251,0.16203703703703703,0.16342412451361868,0.16279069767441862,0.10264900662251655,0.15671641791044777,0.125,0.16463414634146342,0.14093959731543623,0.11607142857142858,0.1523809523809524,0.14285714285714285,0.19834710743801653,0.08737864077669903,0.14814814814814814,0.23076923076923078,0.1651376146788991,0.2215909090909091,0.36363636363636365,0.26618705035971224,0.2605042016806723,0.23958333333333334,0.21518987341772153,0.1206896551724138,0.18181818181818182,0.13432835820895522,0.16304347826086957,0.23478260869565218,0.15602836879432624,0.23770491803278687,0.211864406779661,0.2682926829268293,0.24603174603174602,0.15151515151515152,0.17073170731707318,0.24210526315789474,0.189873417721519,0.18681318681318682,0.136986301369863,0.18128654970760233,0.15517241379310345,0.22424242424242424,0.18064516129032257,0.17985611510791366,0.29906542056074764,0.13095238095238096,0.09090909090909091,0.12698412698412698,0.16666666666666666,0.18085106382978725,0.12698412698412698,0.15942028985507245,0.2012987012987013,0.14049586776859505,0.12,0.1981981981981982,0.2871287128712871,0.08571428571428572,0.018518518518518517,0.25,0.1111111111111111,0.16842105263157894,0.13636363636363635,0.2222222222222222,0.1111111111111111,0.07547169811320754
Riverdale,Bronx,neighborhood,0.07142857142857142,0.0,0.0,0.07692307692307693,0.058823529411764705,0.0,0.07142857142857142,0.16666666666666666,0.0,0.125,0.0,0.1111111111111111,0.0,0.0,0.0,0.0,0.11764705882352941,0.3,0.045454545454545456,0.12,0.10526315789473684,0.041666666666666664,0.045454545454545456,0.05,0.045454545454545456,0.0,0.16666666666666666,0.08,0.13043478260869565,0.1,0.0,0.047619047619047616,0.13636363636363635,0.17391304347826086,0.047619047619047616,0.0625,0.06666666666666667,0.15384615384615385,0.0,0.09523809523809523,0.043478260869565216,0.0,0.0,0.03333333333333333,0.1724137931034483,0.17857142857142858,0.06060606060606061,0.03333333333333333,0.03125,0.06896551724137931,0.06060606060606061,0.1111111111111111,0.16216216216216217,0.14,0.1702127659574468,0.23255813953488372,0.05,0.3225806451612903,0.05714285714285714,0.09302325581395349,0.05454545454545454,0.09302325581395349,0.030303030303030304,0.0625,0.13043478260869565,0.18518518518518517,0.2,0.10714285714285714,0.0967741935483871,0.14814814814814814,0.13043478260869565,0.1,0.125,0.043478260869565216,0.15384615384615385,0.07407407407407407,0.0,0.1875,0.21621621621621623,0.24390243902439024,0.2619047619047619,0.3076923076923077,0.1956521739130435,0.13636363636363635,0.17391304347826086,0.12244897959183673,0.10638297872340426,0.08695652173913043,0.1111111111111111,0.11363636363636363,0.08695652173913043,0.16666666666666666,0.1,0.21621621621621623,0.12903225806451613,0.06451612903225806,0.08571428571428572,0.02564102564102564,0.045454545454545456,0.16363636363636364,0.10909090909090909,0.1875,0.25396825396825395,0.34782608695652173,0.21951219512195122,0.15517241379310345,0.1774193548387097,0.13114754098360656,0.15789473684210525,0.07352941176470588,0.078125,0.17857142857142858,0.13333333333333333,0.09523809523809523,0.05660377358490566,0.14583333333333334,0.225,0.10869565217391304,0.16326530612244897,0.11627906976744186,0.125,0.10526315789473684,0.1282051282051282,0.09090909090909091,0.16279069767441862,0.023255813953488372,0.1276595744680851,0.14893617021276595,0.22727272727272727,0.3023255813953488,0.07142857142857142,0.15,0.17073170731707318,0.12195121951219512,0.12903225806451613,0.1,0.10344827586206896,0.13636363636363635,0.125,0.13333333333333333,0.11428571428571428,0.16666666666666666,0.14285714285714285,0.125,0.06666666666666667,0.10810810810810811,0.2553191489361702,0.022222222222222223,0.13725490196078433,0.1111111111111111,0.11320754716981132,0.08,0.21739130434782608,0.20754716981132076,0.10204081632653061,0.06666666666666667,0.12903225806451613,0.17857142857142858,0.1111111111111111,0.1875,0.1111111111111111,0.07692307692307693,0.1111111111111111,0.17647058823529413,0.08888888888888889,0.12903225806451613,0.05555555555555555,0.10344827586206896,0.11764705882352941,0.15384615384615385,0.0,0.12121212121212122,0.16666666666666666,0.08333333333333333,0.16129032258064516,0.10714285714285714,0.16,0.20588235294117646,0.16666666666666666,0.1111111111111111,0.03571428571428571,0.3125,0.10416666666666667,0.06382978723404255,0.175,0.0,0.0,0.10344827586206896,0.1,0.11538461538461539,0.1,0.13636363636363635,0.047619047619047616,0.05,0.05,0.058823529411764705,0.0,0.09090909090909091,0.2413793103448276,0.2
Rockaway All,Queens,neighborhood,0.0,0.0,0.0,0.0,0.0,,,,,,,0.0,0.0,0.0,0.0,0.0,0.0,0.0,0.0,0.0,0.0,,1.0,0.0,0.0,0.0,0.0,0.0,,0.0,0.0,0.0,0.0,0.0,,,,0.0,0.0,0.0,0.0,0.0,0.3333333333333333,0.0,0.0,0.4444444444444444,0.0,0.0,0.1111111111111111,0.0,0.0,0.0,0.0,0.0,0.16666666666666666,0.15384615384615385,0.3,0.4,0.0,0.18181818181818182,0.1,0.0,0.0,0.07692307692307693,0.0,0.0,0.0,0.0,0.0,0.0,0.0,0.0,0.0,0.25,0.3333333333333333,0.0,0.21052631578947367,0.125,0.14285714285714285,0.0,0.125,0.0,0.0,0.0,0.0,0.07692307692307693,0.0,0.25,0.0,0.0,0.06666666666666667,0.3333333333333333,0.16666666666666666,0.1,0.0,0.25,0.0,0.09090909090909091,0.0,0.0,0.26666666666666666,0.11764705882352941,0.05263157894736842,0.11764705882352941,0.17647058823529413,0.045454545454545456,0.07142857142857142,0.09090909090909091,0.0,0.21052631578947367,0.2608695652173913,0.045454545454545456,0.1,0.037037037037037035,0.2,0.2222222222222222,0.12,0.22727272727272727,0.125,0.1875,0.0,0.0625,0.2,0.08333333333333333,0.0,0.0,0.2,0.0,0.1111111111111111,0.2727272727272727,0.1,0.2222222222222222,0.0,0.1,0.0,0.1111111111111111,0.1111111111111111,0.0,0.09090909090909091,0.15384615384615385,0.0,0.0,0.0,0.11764705882352941,0.0,0.05555555555555555,0.125,0.043478260869565216,0.09090909090909091,0.15,0.0625,0.2857142857142857,0.2,0.09523809523809523,0.13333333333333333,0.07692307692307693,0.058823529411764705,0.0,0.14285714285714285,0.1,0.25,0.07692307692307693,0.1111111111111111,0.07142857142857142,0.0,0.05263157894736842,0.09523809523809523,0.15789473684210525,0.05,0.08333333333333333,0.10526315789473684,0.10526315789473684,0.0,0.125,0.2,0.13333333333333333,0.375,0.125,0.0,0.18181818181818182,0.1875,0.125,0.0,0.12,0.125,0.0,0.07692307692307693,0.15384615384615385,0.0,0.0,0.09090909090909091,0.08333333333333333,0.07142857142857142,0.17647058823529413,0.14285714285714285,0.0,0.058823529411764705,0.0,0.1111111111111111,0.0
Roosevelt Island,Manhattan,neighborhood,0.0,0.0,0.2,0.0,0.0,0.0,0.0,0.0,0.2,0.2,0.0,0.0,0.3333333333333333,0.0,0.0,0.0,0.0,0.125,0.14285714285714285,0.0,0.125,0.1111111111111111,0.0,0.0,0.0,0.0,0.2,0.0,0.0,0.0,0.0,0.0,0.0,0.0,0.0,0.4,0.0,0.0,0.0,0.0,0.0,0.0,0.0,0.25,0.4166666666666667,0.1,0.25,0.0,0.14285714285714285,0.0,0.0,0.0,0.0,0.0,0.2857142857142857,0.2222222222222222,0.6,0.375,0.4,0.16666666666666666,0.25,0.16666666666666666,0.25,0.25,0.0,0.0,0.3333333333333333,0.1111111111111111,0.0,0.14285714285714285,0.3333333333333333,0.2,0.25,0.0,0.25,0.2857142857142857,0.2222222222222222,0.5,0.125,0.4,0.125,0.42857142857142855,0.0,0.125,0.17647058823529413,0.26666666666666666,0.35714285714285715,0.09090909090909091,0.3333333333333333,0.14285714285714285,0.0,0.0,0.0,0.0,0.6666666666666666,0.0,0.3333333333333333,0.0,0.16666666666666666,0.2,0.0,0.2222222222222222,0.0,0.19047619047619047,0.18518518518518517,0.0,0.05,0.2727272727272727,0.08695652173913043,0.047619047619047616,0.0,0.05555555555555555,0.08695652173913043,0.16666666666666666,0.25,0.08333333333333333,0.0,0.2,0.8,0.0,0.3333333333333333,0.4444444444444444,0.7142857142857143,0.25,0.7,0.5,0.3684210526315789,0.25,0.6,0.2857142857142857,0.25,0.36363636363636365,0.38461538461538464,0.1,0.3,0.42857142857142855,0.6666666666666666,0.16666666666666666,0.2857142857142857,0.8181818181818182,0.5714285714285714,0.125,0.0,0.0,0.0,0.0,0.4,0.4,0.6,0.4166666666666667,0.4166666666666667,0.35714285714285715,0.7,0.6363636363636364,0.6363636363636364,0.46153846153846156,0.6363636363636364,0.7,0.5,0.2,0.3333333333333333,0.3333333333333333,0.07142857142857142,0.5384615384615384,0.5454545454545454,0.36363636363636365,0.2857142857142857,0.0,0.0,0.1111111111111111,0.4,0.0,0.0,0.0,0.25,0.3333333333333333,0.42857142857142855,0.6666666666666666,0.2857142857142857,0.4,0.3333333333333333,0.16666666666666666,0.0,0.1111111111111111,0.375,0.2222222222222222,0.08333333333333333,0.08333333333333333,0.35714285714285715,0.2,0.0,0.0,0.25,0.0,0.16666666666666666,0.625,0.3,0.3,0.0,0.14285714285714285
Rosedale,Queens,neighborhood,,,,,,,,,,,,,,,,,,,,,,,,,,,,,,,,,,,,,,,,,,,,,,,0.0,0.0,0.0,,0.0,0.0,,0.0,0.0,0.0,,,,0.0,,,,,,,0.0,0.0,0.0,0.0,0.0,0.0,0.0,0.0,0.0,0.0,0.0,,0.0,0.0,0.16666666666666666,0.0,0.0,0.0,0.0,0.0,0.0,0.0,0.0,0.0,0.0,0.0,0.0,0.0,0.0,0.0,0.0,,0.0,,,0.0,0.0,0.0,0.0,0.0,0.0,0.0,0.0,,,0.6666666666666666,0.0,0.0,0.0,0.0,0.0,0.0,,0.0,0.0,,,0.0,0.0,0.0,1.0,,,0.0,0.0,,,,0.0,0.0,0.0,0.0,0.0,0.0,,0.0,0.0,0.0,0.5,,,,,,0.0,0.0,0.0,0.0,0.0,,0.5,0.3333333333333333,0.0,0.0,0.3333333333333333,0.0,0.0,0.0,,0.0,,,0.0,0.0,0.25,0.0,0.3333333333333333,0.0,0.0,0.0,0.0,0.25,0.16666666666666666,0.2,0.3333333333333333,,0.0,0.0,0.0,0.0,,,,0.0,0.0,0.0,,,0.0,0.0,,,,0.0
Schuylerville,Bronx,neighborhood,0.0,0.0,0.0,0.0,,,,,,,,,,,,,,,,,,,,,,,,,,,,,0.0,0.0,0.0,0.0,,,,,0.0,,,0.0,0.0,,,,,,,,,,,,,,,0.0,0.0,,,,,0.0,0.0,1.0,0.0,0.0,0.0,0.0,0.0,,,0.0,0.0,0.0,0.0,0.0,0.0,0.0,0.0,0.0,0.3333333333333333,0.0,0.0,0.0,0.0,0.0,0.0,,0.0,,,,,,,,0.0,,0.0,0.2,0.5,0.0,,0.0,0.0,0.0,0.0,0.0,0.0,0.0,0.0,0.0,0.3333333333333333,0.0,0.0,0.0,0.0,,,0.0,0.3333333333333333,0.0,0.5,0.0,0.0,,,0.0,0.0,0.0,0.0,1.0,,0.16666666666666666,0.25,0.0,0.0,0.0,,1.0,,0.0,0.0,0.0,,,,,0.0,0.0,0.0,0.0,0.0,0.0,0.5,0.25,0.0,,,,0.0,0.0,,,,,,,,0.0,,0.0,,,,0.0,0.0,0.0,,,,,0.0,0.0,0.5,,0.0,,,0.0,0.0,0.0,,,,
Seagate,Brooklyn,neighborhood,,,,,,,,,,,,,,,,,,,,,,,,,,,,,,,,,,,,,,,,,,,,,,,,,,,,0.0,0.0,,,,,,,,,,,,,,,,,0.5,1.0,,,,,,1.0,0.5,0.0,0.0,0.0,0.0,0.0,0.0,0.0,,,,0.5,0.0,0.0,,0.0,0.0,,0.0,,0.0,0.0,0.3333333333333333,0.0,0.0,0.0,,0.0,0.0,0.0,1.0,0.0,,,,0.0,0.0,0.0,,,,,,0.0,0.0,0.0,,,,0.0,,,0.0,1.0,0.0,0.0,,0.0,0.0,0.0,,0.0,0.0,0.0,0.5,0.0,,,,,,,,1.0,,0.5,0.0,0.0,0.0,0.3333333333333333,0.0,0.0,,,,,0.0,0.0,,0.0,1.0,0.0,1.0,1.0,0.0,0.3333333333333333,0.0,0.0,0.0,0.0,,,0.5,,,,0.0,,1.0,,,,,,,,,,,0.0,0.0,,
Sheepshead Bay,Brooklyn,neighborhood,0.0,0.0,0.0,0.5,0.0,0.0,,0.0,0.0,0.0,0.0,0.0,0.0,0.0,0.0,0.16666666666666666,0.0,0.0,0.0,0.0,0.0,0.0,0.0,0.0,0.0,0.25,0.0,0.0,,,,0.0,0.0,,0.0,0.0,0.0,0.0,0.0,0.0,0.0,0.0,0.0,0.1,0.1111111111111111,0.125,0.0,0.2222222222222222,0.14285714285714285,0.08333333333333333,0.09090909090909091,0.0,0.0,0.0,0.14285714285714285,0.0625,0.047619047619047616,0.07692307692307693,0.1,0.2,0.1111111111111111,0.06666666666666667,0.0,0.0,0.04,0.125,0.0,0.09090909090909091,0.1111111111111111,0.10344827586206896,0.16666666666666666,0.05555555555555555,0.04,0.14285714285714285,0.0625,0.058823529411764705,0.07692307692307693,0.0,0.047619047619047616,0.11764705882352941,0.09523809523809523,0.11764705882352941,0.15789473684210525,0.0,0.14814814814814814,0.16666666666666666,0.18518518518518517,0.022222222222222223,0.13953488372093023,0.16279069767441862,0.16216216216216217,0.21052631578947367,0.2222222222222222,0.2,0.3333333333333333,0.06666666666666667,0.07692307692307693,0.125,0.13636363636363635,0.25,0.15151515151515152,0.3870967741935484,0.18518518518518517,0.19047619047619047,0.15384615384615385,0.4166666666666667,0.07692307692307693,0.18518518518518517,0.11764705882352941,0.23809523809523808,0.0967741935483871,0.1724137931034483,0.28205128205128205,0.16666666666666666,0.1935483870967742,0.21212121212121213,0.2,0.07692307692307693,0.4166666666666667,0.19047619047619047,0.17857142857142858,0.19047619047619047,0.15,0.0,0.25,0.14285714285714285,0.2608695652173913,0.17647058823529413,0.16666666666666666,0.11764705882352941,0.13636363636363635,0.22727272727272727,0.17391304347826086,0.07692307692307693,0.15384615384615385,0.16666666666666666,0.045454545454545456,0.42105263157894735,0.07142857142857142,0.0,0.0,0.07692307692307693,0.0,0.3,0.07142857142857142,0.11764705882352941,0.125,0.058823529411764705,0.2222222222222222,0.05263157894736842,0.13636363636363635,0.07142857142857142,0.1111111111111111,0.058823529411764705,0.08333333333333333,0.14285714285714285,0.2777777777777778,0.2777777777777778,0.4375,0.2,0.375,0.1111111111111111,0.42857142857142855,0.1111111111111111,0.36363636363636365,0.11764705882352941,0.25,0.17647058823529413,0.16666666666666666,0.38461538461538464,0.14285714285714285,0.0,0.38461538461538464,0.25,0.21428571428571427,0.16666666666666666,0.08333333333333333,0.15384615384615385,0.16666666666666666,0.0,0.0,0.0,0.23076923076923078,0.13333333333333333,0.0,0.0,0.125,0.2727272727272727,0.08333333333333333,0.14285714285714285,0.1111111111111111,0.16666666666666666,0.1111111111111111,0.0,0.0625,0.15384615384615385,0.06666666666666667,0.06666666666666667,0.07142857142857142,0.07692307692307693
Soho,Manhattan,neighborhood,0.04878048780487805,0.23076923076923078,0.125,0.1,0.10526315789473684,0.07692307692307693,0.20833333333333334,0.1111111111111111,0.2222222222222222,0.125,0.14814814814814814,0.09523809523809523,0.15,0.047619047619047616,0.034482758620689655,0.08108108108108109,0.0,0.09523809523809523,0.16666666666666666,0.14583333333333334,0.13953488372093023,0.1590909090909091,0.3181818181818182,0.16666666666666666,0.29411764705882354,0.07142857142857142,0.08,0.1875,0.10869565217391304,0.09803921568627451,0.07142857142857142,0.12727272727272726,0.1111111111111111,0.13157894736842105,0.1111111111111111,0.09375,0.14,0.05555555555555555,0.26153846153846155,0.1267605633802817,0.13333333333333333,0.1875,0.11475409836065574,0.18571428571428572,0.2786885245901639,0.24324324324324326,0.16129032258064516,0.07407407407407407,0.14285714285714285,0.125,0.11764705882352941,0.10204081632653061,0.16393442622950818,0.10638297872340426,0.22950819672131148,0.06896551724137931,0.23255813953488372,0.13953488372093023,0.0,0.058823529411764705,0.09090909090909091,0.16129032258064516,0.1282051282051282,0.10869565217391304,0.23214285714285715,0.20634920634920634,0.12857142857142856,0.13559322033898305,0.075,0.3,0.1111111111111111,0.03636363636363636,0.05555555555555555,0.13636363636363635,0.16279069767441862,0.0625,0.1791044776119403,0.13043478260869565,0.2159090909090909,0.17333333333333334,0.19736842105263158,0.17647058823529413,0.2222222222222222,0.18181818181818182,0.203125,0.11864406779661017,0.09615384615384616,0.1864406779661017,0.2112676056338028,0.1,0.15476190476190477,0.2,0.26666666666666666,0.21212121212121213,0.3103448275862069,0.10869565217391304,0.07317073170731707,0.22727272727272727,0.09615384615384616,0.12727272727272726,0.125,0.1917808219178082,0.2125,0.29213483146067415,0.1724137931034483,0.22727272727272727,0.11764705882352941,0.14285714285714285,0.2,0.06451612903225806,0.10526315789473684,0.09803921568627451,0.0847457627118644,0.1016949152542373,0.15254237288135594,0.09259259259259259,0.23529411764705882,0.21739130434782608,0.15625,0.045454545454545456,0.12,0.09090909090909091,0.13636363636363635,0.21428571428571427,0.26666666666666666,0.25609756097560976,0.2982456140350877,0.3404255319148936,0.304,0.2072072072072072,0.17272727272727273,0.10204081632653061,0.1744186046511628,0.05970149253731343,0.06153846153846154,0.018867924528301886,0.07272727272727272,0.0,0.08163265306122448,0.18,0.0967741935483871,0.08823529411764706,0.09375,0.037037037037037035,0.045454545454545456,0.08,0.20588235294117646,0.11764705882352941,0.11363636363636363,0.12962962962962962,0.125,0.24528301886792453,0.16666666666666666,0.13953488372093023,0.09523809523809523,0.09302325581395349,0.2391304347826087,0.11904761904761904,0.1282051282051282,0.047619047619047616,0.19298245614035087,0.125,0.1375,0.24468085106382978,0.23376623376623376,0.25,0.1746031746031746,0.14285714285714285,0.15217391304347827,0.07317073170731707,0.08163265306122448,0.125,0.09333333333333334,0.09195402298850575,0.14457831325301204,0.18461538461538463,0.10344827586206896,0.25,0.175,0.08,0.06896551724137931,0.12,0.17142857142857143,0.025,0.061224489795918366,0.13636363636363635,0.23076923076923078,0.2608695652173913,0.21875,0.09090909090909091,0.15384615384615385,0.0,0.08695652173913043,0.047619047619047616,0.1,0.0,0.0,0.14583333333333334,0.09803921568627451,0.08108108108108109
Soundview,Bronx,neighborhood,,,,,,,,,,,,,,,,,,,,0.0,0.0,0.0,0.0,0.0,,,,,,,,,,,,0.0,0.0,0.0,0.0,,,,,,0.0,0.0,,,,0.0,0.0,,,,,,,0.0,0.0,0.0,0.0,0.0,0.16666666666666666,0.25,0.0,0.0,0.0,0.5,0.0,0.0,,0.0,0.0,,0.0,0.0,0.0,0.0,0.0,0.6,0.0,0.0,0.0,0.0,0.0,0.0,0.125,0.0,0.0,0.2,0.0,0.0,0.25,0.0,1.0,0.0,,,0.0,0.25,0.2,0.0,0.6666666666666666,0.0,0.25,0.0,0.0,0.0,0.0,0.6666666666666666,0.14285714285714285,0.18181818181818182,0.0,0.6666666666666666,0.0,0.2,0.0,0.1111111111111111,0.0,0.16666666666666666,0.125,0.1111111111111111,0.0,0.0,0.0,0.0,0.0,0.0,0.0,0.2,0.0,0.125,0.0,0.0,0.0,0.0,0.0,0.0,0.0,0.0,0.0,0.25,0.4,0.0,0.0,0.125,0.0,0.0,0.0,0.0,0.0,0.0,0.0,0.0,0.0,0.5,0.0,0.3333333333333333,0.0,0.0,0.0,0.0,,0.0,0.0,0.0,0.0,,0.0,0.25,0.5,0.0,0.0,0.14285714285714285,0.0,0.0,0.0,0.16666666666666666,0.3333333333333333,0.25,0.0,0.0,0.0,0.0,0.0,0.3333333333333333,0.3333333333333333,0.0,0.4,0.4,0.42857142857142855,0.0,0.0,0.25,0.0,0.0,0.125,0.0,0.0,0.0
South Jamaica,Queens,neighborhood,,,,,,,,,,,,,,,,,,,,,,,,,,,,,0.0,0.0,0.0,,,,,,,0.0,0.0,0.0,0.0,0.0,0.0,0.0,0.0,0.0,0.0,,0.0,0.0,0.0,0.0,0.0,0.0,,,,0.0,0.0,0.0,0.0,0.0,,0.0,0.0,,,,0.0,1.0,0.0,0.0,,,,,,0.0,,,,,0.0,0.0,,,,,0.0,0.0,0.0,,0.0,0.0,0.0,,0.0,0.0,0.0,0.0,0.0,0.0,0.0,0.0,0.0,0.0,0.0,0.0,0.0,0.0,0.0,,0.0,,0.0,0.25,0.0,,0.0,1.0,0.0,0.0,0.0,0.0,0.0,0.0,0.0,0.0,,,,,0.0,,,,0.0,0.0,,,0.0,,0.0,0.0,,0.3333333333333333,0.0,0.0,0.0,0.6666666666666666,0.25,0.4,0.0,0.0,0.0,0.0,0.0,,0.0,0.2,0.0,0.0,,0.0,0.0,0.0,0.0,,0.0,0.0,0.0,0.0,0.0,0.0,0.0,0.0,0.3333333333333333,,,0.0,0.0,,0.0,0.5,0.0,0.2,0.25,0.3333333333333333,0.0,0.4,0.3333333333333333,0.0,,0.5,0.14285714285714285,0.0,0.0,0.0,0.0,
South Ozone Park,Queens,neighborhood,,,,,,,,,,,,,,,,,,,,,,,,,,,,,,,,,,,,,,,,,,,0.0,0.0,0.0,0.0,0.0,0.0,,,,,,,,,,,,,0.0,0.0,,,,,0.0,0.0,0.0,0.0,,,,0.0,0.0,,,,,,,,,,,0.0,0.0,0.0,0.0,0.0,0.0,,,,,,0.0,0.0,0.0,0.0,0.0,0.0,0.0,0.0,,,,0.0,0.0,,0.0,,,,0.0,0.0,1.0,0.0,0.5,0.0,0.0,0.0,0.0,,,,,0.0,0.0,0.0,0.0,0.0,0.0,,1.0,0.0,0.0,,0.0,0.0,,0.0,0.3333333333333333,0.0,0.0,0.0,0.0,0.0,0.0,0.0,0.0,0.3333333333333333,0.0,0.0,0.0,,,0.0,0.3333333333333333,0.0,0.0,0.0,0.0,1.0,0.2,0.25,0.2,0.0,0.0,0.0,0.0,0.5,0.0,0.0,0.0,0.0,0.0,0.0,,0.0,0.0,,,,,0.0,1.0,0.0,0.0,0.0,,,0.0,0.0,,0.0,0.0,,,0.0
South Richmond Hill,Queens,neighborhood,,,,,,,,,,,,,,,,,,,,,,,,,,,,,,,,,,,,,,,,,,,,,,,,,,,0.0,0.0,0.5,,,,,,,,,0.0,0.0,1.0,0.0,0.0,0.0,,,,,,,,0.0,0.0,0.0,0.0,0.0,0.5,0.0,,,0.0,,,1.0,1.0,0.0,0.0,0.0,,0.0,0.0,0.0,1.0,,0.0,,0.5,0.0,0.0,0.0,0.0,0.5,0.5,0.0,0.0,0.0,0.0,0.0,0.0,0.3333333333333333,0.0,0.5,,0.0,0.0,0.25,0.0,0.0,0.0,0.0,,0.0,0.0,0.0,0.0,,0.0,0.0,0.0,0.0,0.5,1.0,0.0,,0.0,0.0,0.0,0.0,0.0,0.5,0.0,0.0,0.0,0.0,0.0,,,,0.0,0.0,0.0,0.5,0.0,0.0,0.0,1.0,0.0,,,0.0,,,,,0.5,0.0,0.0,1.0,,0.0,,0.3333333333333333,0.0,0.0,0.0,,0.0,0.3333333333333333,1.0,0.0,0.0,,,,0.0,0.3333333333333333,0.0,1.0,,0.0,,0.0,0.0,0.0,0.0,0.0,1.0
Springfield Gardens,Queens,neighborhood,,,,,,,,,,,,,,0.0,0.0,0.0,0.0,0.0,,0.0,0.0,0.0,0.5,0.0,0.0,0.0,,,,0.0,,,,,,,,,,,,,,,,,0.0,0.0,0.0,0.0,0.0,,,0.0,0.0,,,,,,0.0,,,,,,,,,,,,0.0,,,,,,,,,0.0,0.5,0.0,0.0,,0.0,0.0,0.6666666666666666,0.0,,0.0,0.3333333333333333,0.0,,,0.0,,,0.0,0.3333333333333333,0.3333333333333333,0.0,0.0,0.0,,0.5,0.0,0.0,0.0,,,,0.0,0.0,0.0,0.5,0.0,0.0,0.5,0.0,0.0,0.3333333333333333,0.0,0.0,0.0,0.0,0.0,0.0,0.0,0.0,0.0,0.5,0.4,0.0,0.2,0.16666666666666666,0.0,0.0,0.0,0.0,0.0,0.0,0.0,0.0,,0.0,0.0,,0.0,0.0,0.0,0.0,,0.0,0.5,0.0,0.3333333333333333,0.0,0.0,0.0,0.0,,0.0,0.0,0.0,0.0,0.16666666666666666,0.0,0.0,0.14285714285714285,0.42857142857142855,0.14285714285714285,0.0,0.0,0.4,0.0,0.0,0.3333333333333333,0.25,0.0,0.0,0.0,0.0,0.3333333333333333,0.0,,0.0,0.0,0.0,0.0,0.0,0.0,0.5,0.0,0.0,0.0,0.0,0.0,
St. Albans,Queens,neighborhood,,,,,,,,,,,,,,,,,0.0,0.0,0.0,0.0,,,,0.0,0.0,0.0,0.0,0.0,0.0,0.0,0.0,,,0.0,0.0,0.5,0.0,0.0,0.0,0.0,0.0,,,,,,,,,0.0,,,0.0,0.0,0.0,0.0,0.3333333333333333,0.0,0.0,0.0,0.0,0.0,0.0,0.0,0.0,,,0.0,0.0,0.0,0.0,0.0,0.0,0.3333333333333333,0.0,0.0,0.0,0.0,0.0,0.0,0.0,0.0,0.2,0.0,0.0,0.0,0.0,0.2,0.0,0.0,0.0,0.0,0.0,0.0,0.3333333333333333,0.5,,,,0.0,1.0,1.0,,0.0,0.0,0.5,0.0,0.5,,,0.0,0.25,0.0,0.0,0.0,0.0,1.0,0.0,0.0,0.0,0.0,0.0,,0.0,0.0,0.0,0.0,,,,,0.5,0.0,0.0,0.0,0.0,0.0,,,0.0,0.0,0.0,0.0,0.0,0.0,0.0,0.0,0.0,,,1.0,0.3333333333333333,0.25,0.0,0.6666666666666666,0.0,0.0,0.0,0.0,0.2,0.0,0.0,0.0,0.25,0.0,0.0,0.5,0.2,0.0,0.16666666666666666,0.0,0.0,0.0,0.0,0.0,0.25,0.0,0.0,0.0,0.0,0.0,0.0,0.5,0.5,0.0,0.0,0.3333333333333333,0.5,,,0.0,0.0,0.0,0.0,0.5,0.0,0.0,0.2,0.0,0.0
Staten Island,Staten Island,borough,0.0,0.0,0.0,0.0,0.0,1.0,0.0,0.0,1.0,0.0,0.0,0.0,0.3333333333333333,0.5,0.0,0.0,0.0,0.0,0.0,0.0,0.5,0.0,0.0,0.0,0.0,0.0,0.0,0.0,0.0,0.0,,0.0,1.0,0.3333333333333333,0.0,0.0,,,0.25,0.0,0.0,0.0,0.0,0.2,0.0,0.0,0.125,0.0,0.0,0.0,0.0,0.08333333333333333,0.17647058823529413,0.2222222222222222,0.18181818181818182,0.10526315789473684,0.10526315789473684,0.1111111111111111,0.0,0.04,0.041666666666666664,0.0,0.05,0.08695652173913043,0.043478260869565216,0.16666666666666666,0.0,0.09523809523809523,0.15,0.0,0.041666666666666664,0.04,0.0,0.0,0.03225806451612903,0.03333333333333333,0.0625,0.029411764705882353,0.034482758620689655,0.030303030303030304,0.10256410256410256,0.1388888888888889,0.027777777777777776,0.0,0.0,0.03571428571428571,0.14705882352941177,0.05,0.08695652173913043,0.18181818181818182,0.17391304347826086,0.375,0.1111111111111111,0.16666666666666666,0.16666666666666666,0.05555555555555555,0.13636363636363635,0.08,0.15789473684210525,0.11764705882352941,0.09523809523809523,0.05555555555555555,0.16666666666666666,0.05263157894736842,0.0625,0.23076923076923078,0.125,0.047619047619047616,0.24,0.42105263157894735,0.25,0.05,0.2222222222222222,0.18181818181818182,0.0625,0.25,0.2857142857142857,0.25,0.08333333333333333,0.0,0.0,0.18181818181818182,0.14285714285714285,0.25,0.08333333333333333,0.2222222222222222,0.07692307692307693,0.0,0.25,0.2857142857142857,0.25,0.25,0.3333333333333333,0.07692307692307693,0.125,0.16666666666666666,0.1875,0.5,0.125,0.125,0.0,0.25,0.14285714285714285,0.0,0.07142857142857142,0.15384615384615385,0.3333333333333333,0.08333333333333333,0.13333333333333333,0.13333333333333333,0.125,0.3333333333333333,0.11764705882352941,0.28,0.22580645161290322,0.2,0.15,0.12,0.21739130434782608,0.16,0.17647058823529413,0.0625,0.09090909090909091,0.15,0.11764705882352941,0.35714285714285715,0.25,0.058823529411764705,0.21739130434782608,0.14285714285714285,0.125,0.0,0.21428571428571427,0.21428571428571427,0.29411764705882354,0.047619047619047616,0.375,0.0,0.23529411764705882,0.13333333333333333,0.10526315789473684,0.2,0.0,0.0,0.1111111111111111,0.07692307692307693,0.1111111111111111,0.10526315789473684,0.23809523809523808,0.19047619047619047,0.10526315789473684,0.0,0.0,0.0,0.15384615384615385,0.07692307692307693,0.0,0.047619047619047616,0.08333333333333333,0.07692307692307693
Stuyvesant Town/PCV,Manhattan,neighborhood,,,,,0.0,0.0,0.0,,,,,,0.0,,,,,,,,,,,,,,,,,,0.0,0.25,0.0,0.3333333333333333,0.25,0.25,0.14285714285714285,0.0,0.0,0.0,0.0,0.0,,,,0.0,0.0,,0.0,0.0,0.21428571428571427,0.5,0.4,0.09090909090909091,0.1111111111111111,0.0,0.25,0.0,1.0,0.2,0.5,0.3333333333333333,0.2,0.36363636363636365,0.18181818181818182,0.5625,0.3333333333333333,0.6521739130434783,0.7222222222222222,0.4,0.5833333333333334,0.3333333333333333,0.4,0.5,0.5833333333333334,0.42857142857142855,0.5625,0.6,0.7,0.4117647058823529,0.5454545454545454,0.7333333333333333,0.7,0.3333333333333333,0.47368421052631576,0.8,0.3333333333333333,0.46153846153846156,0.75,0.44,0.35714285714285715,0.3783783783783784,0.6176470588235294,0.8181818181818182,0.3684210526315789,0.3076923076923077,0.15789473684210525,0.3,0.2,0.3333333333333333,0.38095238095238093,0.7,0.7142857142857143,0.9117647058823529,0.7105263157894737,0.5833333333333334,0.8095238095238095,0.11764705882352941,0.6666666666666666,0.3333333333333333,0.4444444444444444,0.5833333333333334,0.0,0.6,1.0,0.8571428571428571,1.0,0.5,0.0,,,0.5,1.0,1.0,1.0,0.26666666666666666,0.5833333333333334,0.5294117647058824,0.5454545454545454,0.07692307692307693,0.0,0.0,0.0,0.2,0.0,0.6,0.0,0.0,0.0,0.21428571428571427,0.1111111111111111,0.4444444444444444,0.375,0.625,0.75,0.5,0.4,0.3333333333333333,0.75,0.0,,1.0,0.8888888888888888,0.625,0.3333333333333333,0.3333333333333333,0.75,0.7307692307692307,0.3333333333333333,0.058823529411764705,0.22727272727272727,0.35714285714285715,0.6190476190476191,0.4230769230769231,0.5882352941176471,0.5,0.5833333333333334,0.65,0.625,0.46153846153846156,0.46153846153846156,0.16666666666666666,0.4117647058823529,0.6,0.4090909090909091,0.9333333333333333,0.13333333333333333,0.6153846153846154,0.36363636363636365,0.0625,0.11764705882352941,0.6,0.5333333333333333,0.42857142857142855,0.42105263157894735,0.43478260869565216,0.30434782608695654,0.2857142857142857,0.75,0.6190476190476191,0.5,0.32,0.2777777777777778,0.6666666666666666,0.3333333333333333,0.1111111111111111,0.07692307692307693,0.3,0.5714285714285714,1.0
Sunnyside,Queens,neighborhood,0.0,0.0,0.0,0.0,0.0,0.0,,,,,,,0.0,0.5,0.0,0.0,0.0,0.0,0.0,0.0,,,,1.0,0.5,0.0,0.3333333333333333,0.5,0.0,0.0,0.0,0.0,,0.0,0.0,0.5,0.0,0.5,0.25,0.5,0.2,0.0,0.0,0.0,0.0,0.0,0.0,,0.0,0.2,0.0,0.0,0.16666666666666666,0.16666666666666666,0.2,0.14285714285714285,0.4,0.5,0.125,0.15384615384615385,0.07692307692307693,0.1,0.08333333333333333,0.0,0.07142857142857142,0.0,0.11764705882352941,0.0,0.058823529411764705,0.05555555555555555,0.0,0.11764705882352941,0.06666666666666667,0.2,0.3,0.0,0.0,0.0,0.06666666666666667,0.09090909090909091,0.3125,0.35294117647058826,0.13636363636363635,0.06666666666666667,0.16666666666666666,0.04,0.18181818181818182,0.2,0.14285714285714285,0.125,0.20588235294117646,0.1,0.11764705882352941,0.2608695652173913,0.17647058823529413,0.07692307692307693,0.21428571428571427,0.14814814814814814,0.12121212121212122,0.21153846153846154,0.1388888888888889,0.09375,0.17391304347826086,0.125,0.13636363636363635,0.26666666666666666,0.04,0.0,0.13333333333333333,0.07142857142857142,0.17857142857142858,0.13333333333333333,0.0,0.21428571428571427,0.23076923076923078,0.08333333333333333,0.2903225806451613,0.10526315789473684,0.09375,0.2,0.11764705882352941,0.26666666666666666,0.3333333333333333,0.16666666666666666,0.5,0.19230769230769232,0.40625,0.3333333333333333,0.3404255319148936,0.23076923076923078,0.13636363636363635,0.23529411764705882,0.2413793103448276,0.18518518518518517,0.1875,0.029411764705882353,0.16666666666666666,0.17647058823529413,0.17647058823529413,0.34375,0.25,0.17647058823529413,0.16666666666666666,0.2,0.26666666666666666,0.15,0.23076923076923078,0.2,0.0,0.09090909090909091,0.16666666666666666,0.0,0.1,0.1,0.5,0.2,0.2857142857142857,0.058823529411764705,0.0625,0.0,0.0625,0.2631578947368421,0.2,0.10526315789473684,0.1875,0.3333333333333333,0.08333333333333333,0.18181818181818182,0.2,0.16666666666666666,0.36363636363636365,0.0,0.16666666666666666,0.1111111111111111,0.23529411764705882,0.25,0.5,0.2222222222222222,0.0,0.2,0.07142857142857142,0.18181818181818182,0.5,0.21052631578947367,0.2,0.1,0.25,0.2222222222222222,0.25,0.0,0.3333333333333333,0.4,0.09090909090909091,0.16666666666666666,0.25,0.14285714285714285,0.1111111111111111,0.23529411764705882,0.3333333333333333,0.2777777777777778
Sunset Park,Brooklyn,neighborhood,0.0,0.0,0.0,0.0,0.0,0.0,0.0,0.0,0.0,0.0,0.0,0.0,0.0,0.0,0.0,0.0,0.0,0.0,0.0,0.0,,,0.0,0.0,0.0,0.0,0.0,0.0,0.0,0.5,0.0,0.0,0.0,0.0,0.25,0.0,0.0,0.0,0.0,0.3333333333333333,0.0,0.08333333333333333,0.0,0.0,0.1,0.16666666666666666,0.25,0.2222222222222222,0.0,0.1,0.2857142857142857,0.0,0.18181818181818182,0.36363636363636365,0.09090909090909091,0.6,0.0,0.0,0.2857142857142857,0.0,0.0,0.13333333333333333,0.23076923076923078,0.2727272727272727,0.3,0.1875,0.0,0.06666666666666667,0.16666666666666666,0.16,0.0,0.0,0.11764705882352941,0.13333333333333333,0.125,0.22727272727272727,0.2692307692307692,0.225,0.16666666666666666,0.125,0.13333333333333333,0.17647058823529413,0.3157894736842105,0.3157894736842105,0.14705882352941177,0.14285714285714285,0.2682926829268293,0.13513513513513514,0.21739130434782608,0.16363636363636364,0.01639344262295082,0.1875,0.2692307692307692,0.1724137931034483,0.16216216216216217,0.21428571428571427,0.25,0.13157894736842105,0.2222222222222222,0.061224489795918366,0.08620689655172414,0.1320754716981132,0.09433962264150944,0.23529411764705882,0.2978723404255319,0.11764705882352941,0.16279069767441862,0.03571428571428571,0.046511627906976744,0.22580645161290322,0.125,0.1568627450980392,0.18032786885245902,0.14285714285714285,0.14285714285714285,0.13953488372093023,0.25,0.14285714285714285,0.15625,0.3,0.13333333333333333,0.09090909090909091,0.26666666666666666,0.23529411764705882,0.2,0.20833333333333334,0.3125,0.2641509433962264,0.3541666666666667,0.2857142857142857,0.3055555555555556,0.14285714285714285,0.3076923076923077,0.20833333333333334,0.16666666666666666,0.05714285714285714,0.17073170731707318,0.15625,0.09090909090909091,0.13157894736842105,0.15555555555555556,0.2571428571428571,0.14285714285714285,0.14814814814814814,0.0,0.11538461538461539,0.19230769230769232,0.05,0.17647058823529413,0.0,0.07142857142857142,0.0,0.25,0.15,0.26666666666666666,0.0,0.125,0.2,0.32142857142857145,0.2222222222222222,0.16666666666666666,0.0967741935483871,0.125,0.1111111111111111,0.17391304347826086,0.11764705882352941,0.21052631578947367,0.16666666666666666,0.14285714285714285,0.2,0.11764705882352941,0.15384615384615385,0.08695652173913043,0.23529411764705882,0.06896551724137931,0.08695652173913043,0.0,0.2,0.4230769230769231,0.06666666666666667,0.14285714285714285,0.2,0.05555555555555555,0.15384615384615385,0.09523809523809523,0.125,0.20833333333333334,0.1891891891891892,0.2692307692307692,0.21875,0.375,0.043478260869565216,0.125,0.21052631578947367,0.24,0.2222222222222222,0.23333333333333334,0.2413793103448276,0.3125,0.03225806451612903
Throgs Neck,Bronx,neighborhood,0.0,0.0,0.0,0.0,0.0,0.0,0.0,0.0,0.5,0.0,0.0,0.0,0.0,0.0,0.0,0.0,,,,,,0.0,1.0,0.0,0.0,0.0,0.0,,,0.0,0.0,0.0,0.0,0.0,0.0,,0.0,0.0,0.0,0.0,0.0,0.0,0.0,0.5,0.0,0.0,,,,,,,,,,,,,,,,0.0,0.0,0.2,0.0,0.0,0.5,0.5,0.2222222222222222,0.2,0.1111111111111111,0.0,0.2,0.0,0.0,0.0,0.0,0.0,0.3333333333333333,0.5,0.0,0.5,0.0,0.0,0.0,0.0,0.6666666666666666,0.5,0.0,0.25,0.0,0.0,0.0,0.0,0.2,0.0,0.2857142857142857,0.0,0.6666666666666666,0.0,0.0,0.0,0.16666666666666666,0.2,0.2,0.125,0.09090909090909091,0.14285714285714285,0.0,0.0,0.0,0.0,0.14285714285714285,0.0,0.0,0.0,0.2,0.0,0.0,0.0,0.0,0.0,0.0,0.0,0.3333333333333333,0.0,0.25,,0.0,0.0,0.0,,0.0,0.0,0.0,0.0,0.0,0.2,0.3333333333333333,0.0,0.0,0.0,0.0,0.0,0.0,0.0,0.0,0.0,0.0,0.0,0.0,0.0,0.14285714285714285,0.0,0.3333333333333333,0.5,0.25,0.16666666666666666,0.0,0.0,0.0,0.0,0.3333333333333333,,0.0,0.3333333333333333,0.2,0.25,0.0,0.3333333333333333,0.0,0.0,0.0,,0.5,1.0,0.2,0.5,0.0,0.16666666666666666,0.0,0.0,0.0,0.0,0.36363636363636365,0.0,0.0,,0.3333333333333333,0.125,0.0,0.0,0.2,0.0,0.0,0.6666666666666666,0.0,0.0,0.14285714285714285,0.0
Tremont,Bronx,neighborhood,,,,,,,,,,,,,,,,,,0.0,0.0,,,,,,,,,,,0.0,0.0,,,,,,,,,,,0.0,0.0,1.0,0.0,,,,,,,,,,0.0,0.0,0.0,0.0,0.0,0.0,0.3333333333333333,0.0,0.0,0.25,0.3333333333333333,0.3333333333333333,0.16666666666666666,0.0,0.0,0.0,0.0,0.0,0.0,0.16666666666666666,0.0,0.0,0.0,0.2857142857142857,0.2,0.0,0.0,0.0,0.0,0.0,0.0,0.0,0.0,0.0,0.0,0.0,,0.0,0.0,0.5,0.3333333333333333,0.0,0.0,0.0,0.3333333333333333,0.0,0.0,0.0,0.0,0.0,0.25,0.2727272727272727,0.2857142857142857,0.0,0.6666666666666666,0.0,0.0,0.0,0.0,0.0,0.25,0.3333333333333333,0.0,,,,0.0,,0.5,0.0,0.3333333333333333,0.0,0.0,0.0,,0.0,,0.0,0.0,0.3333333333333333,0.3333333333333333,0.0,0.0,0.0,0.25,0.0,0.0,0.0,0.0,0.0,0.0,0.0,0.0,0.0,0.3333333333333333,0.0,0.0,0.0,0.0,0.0,0.0,0.25,0.2222222222222222,0.0,0.0,0.0,0.4,0.1111111111111111,0.0,0.0,0.0,0.0,0.0,0.0,0.0,0.0,0.0,0.0,0.0,,0.0,0.0,0.0,0.0,0.0,0.0,,,0.0,0.0,,0.0,,,,,1.0,0.0,0.0,,,0.0,0.0,0.0,0.5,1.0
Tribeca,Manhattan,neighborhood,0.1694915254237288,0.08333333333333333,0.06349206349206349,0.06349206349206349,0.07042253521126761,0.11267605633802817,0.20833333333333334,0.12121212121212122,0.11428571428571428,0.125,0.14285714285714285,0.0,0.17857142857142858,0.0625,0.20454545454545456,0.19047619047619047,0.09090909090909091,0.14925373134328357,0.11538461538461539,0.1388888888888889,0.1746031746031746,0.15942028985507245,0.16417910447761194,0.03636363636363636,0.1746031746031746,0.10606060606060606,0.18181818181818182,0.17567567567567569,0.15584415584415584,0.10714285714285714,0.20967741935483872,0.10526315789473684,0.22950819672131148,0.234375,0.1956521739130435,0.0975609756097561,0.1875,0.13043478260869565,0.19047619047619047,0.09259259259259259,0.1267605633802817,0.18461538461538463,0.19402985074626866,0.16176470588235295,0.22058823529411764,0.26666666666666666,0.1276595744680851,0.07692307692307693,0.12195121951219512,0.05660377358490566,0.15151515151515152,0.1643835616438356,0.14814814814814814,0.11494252873563218,0.225,0.10588235294117647,0.1839080459770115,0.2361111111111111,0.12727272727272726,0.14814814814814814,0.2,0.12727272727272726,0.08333333333333333,0.15873015873015872,0.22535211267605634,0.10975609756097561,0.14102564102564102,0.1323529411764706,0.13432835820895522,0.19444444444444445,0.09836065573770492,0.10909090909090909,0.12962962962962962,0.15873015873015872,0.15942028985507245,0.17567567567567569,0.2636363636363636,0.22058823529411764,0.22794117647058823,0.208,0.2517985611510791,0.30434782608695654,0.22764227642276422,0.14018691588785046,0.14414414414414414,0.14678899082568808,0.1796875,0.1746031746031746,0.1518987341772152,0.16233766233766234,0.17692307692307693,0.14814814814814814,0.1875,0.25203252032520324,0.21487603305785125,0.13131313131313133,0.14432989690721648,0.08641975308641975,0.16883116883116883,0.1232876712328767,0.21348314606741572,0.13861386138613863,0.23595505617977527,0.17708333333333334,0.125,0.225,0.12162162162162163,0.109375,0.14285714285714285,0.15254237288135594,0.08450704225352113,0.1956521739130435,0.09219858156028368,0.1640625,0.15454545454545454,0.09523809523809523,0.15384615384615385,0.26,0.13095238095238096,0.06944444444444445,0.1917808219178082,0.12857142857142856,0.06493506493506493,0.1864406779661017,0.12631578947368421,0.13245033112582782,0.28078817733990147,0.21363636363636362,0.24481327800829875,0.25116279069767444,0.17204301075268819,0.1130952380952381,0.04929577464788732,0.05172413793103448,0.024691358024691357,0.06756756756756757,0.02666666666666667,0.011904761904761904,0.04918032786885246,0.05454545454545454,0.08888888888888889,0.07692307692307693,0.06818181818181818,0.07142857142857142,0.14285714285714285,0.05405405405405406,0.046511627906976744,0.11904761904761904,0.16666666666666666,0.07042253521126761,0.1927710843373494,0.12941176470588237,0.24468085106382978,0.23300970873786409,0.2127659574468085,0.11688311688311688,0.1518987341772152,0.043478260869565216,0.10126582278481013,0.10344827586206896,0.12295081967213115,0.22123893805309736,0.16666666666666666,0.1171875,0.1588785046728972,0.1743119266055046,0.16326530612244897,0.15584415584415584,0.16455696202531644,0.08,0.028169014084507043,0.09259259259259259,0.09722222222222222,0.15294117647058825,0.10679611650485436,0.13541666666666666,0.16494845360824742,0.25675675675675674,0.11428571428571428,0.03278688524590164,0.13636363636363635,0.140625,0.08333333333333333,0.07462686567164178,0.11627906976744186,0.10256410256410256,0.15555555555555556,0.1625,0.12121212121212122,0.16,0.14754098360655737,0.037037037037037035,0.08163265306122448,0.06818181818181818,0.125,0.0392156862745098,0.11320754716981132,0.2558139534883721,0.11494252873563218,0.09782608695652174
University Heights,Bronx,neighborhood,,,,,,,,,,,,,,,,,,,,,,,,,,,0.0,0.0,0.0,,0.0,0.0,1.0,1.0,1.0,0.0,,,0.0,,,,0.0,,0.0,0.0,0.0,0.0,0.0,0.0,0.0,,,,,0.0,0.0,0.0,0.0,0.0,0.0,0.0,0.0,0.0,0.0,0.16666666666666666,0.0,0.0,0.0,0.0,0.0,0.0,0.0,0.0,0.0,0.0,0.16666666666666666,0.2857142857142857,0.14285714285714285,0.3333333333333333,0.0,0.0,0.0,0.16666666666666666,0.0,0.375,0.0,0.0,0.2857142857142857,0.0,0.1111111111111111,0.0,0.0,0.14285714285714285,0.2857142857142857,0.125,0.0,1.0,0.0,0.0,0.0,0.5,0.2222222222222222,0.16666666666666666,0.3333333333333333,0.2,0.0,0.0,0.0,0.2857142857142857,0.1111111111111111,0.08333333333333333,0.23076923076923078,0.2222222222222222,0.125,0.0,0.14285714285714285,0.0,0.125,0.125,0.16666666666666666,0.0,0.3333333333333333,0.0,0.5,,0.0,0.0,0.0,0.0,0.0,0.25,0.0,0.25,0.2,0.16666666666666666,0.0,0.0,0.2,0.0,0.25,0.16666666666666666,0.09090909090909091,0.0,0.14285714285714285,0.0,0.0,0.0,0.0,0.3333333333333333,0.25,0.0,0.0,0.0,0.0,0.5,0.0,0.0,0.0,0.25,0.0,0.0,0.0,0.0,0.5,0.3333333333333333,0.0,0.0,0.0,0.3333333333333333,0.5,0.0,0.0,,0.0,1.0,0.0,0.0,0.0,,0.0,0.0,0.2,0.0,0.0,0.0,0.6,0.14285714285714285,0.0,0.125,0.2,0.0,0.0,0.0,0.0,0.0,0.0,0.0,0.5,0.0
Upper East Side,Manhattan,neighborhood,0.11923076923076924,0.06349206349206349,0.08368200836820083,0.10256410256410256,0.10181818181818182,0.12418300653594772,0.15719063545150502,0.15789473684210525,0.13934426229508196,0.16299559471365638,0.13839285714285715,0.12015503875968993,0.0958904109589041,0.08947368421052632,0.09090909090909091,0.07804878048780488,0.07563025210084033,0.09025270758122744,0.13090909090909092,0.10583941605839416,0.17372881355932204,0.1590909090909091,0.12254901960784313,0.11585365853658537,0.14556962025316456,0.1165644171779141,0.135678391959799,0.09787234042553192,0.16666666666666666,0.13986013986013987,0.15064102564102563,0.1893687707641196,0.2490272373540856,0.21235521235521235,0.15,0.14601769911504425,0.1228813559322034,0.1210762331838565,0.11160714285714286,0.14965986394557823,0.1488673139158576,0.11224489795918367,0.13988095238095238,0.16129032258064516,0.208955223880597,0.23976608187134502,0.16149068322981366,0.15584415584415584,0.13815789473684212,0.08996539792387544,0.11784511784511785,0.11356466876971609,0.14594594594594595,0.16129032258064516,0.12771084337349398,0.16290726817042606,0.16028708133971292,0.16795865633074936,0.19436619718309858,0.09427609427609428,0.12462006079027356,0.12297734627831715,0.11513157894736842,0.11384615384615385,0.07352941176470588,0.1299559471365639,0.16554809843400448,0.18396226415094338,0.16625916870415647,0.16834170854271358,0.2,0.16333333333333333,0.16927899686520376,0.17041800643086816,0.164804469273743,0.1970074812967581,0.1488933601609658,0.19782214156079855,0.21660649819494585,0.2423076923076923,0.3067226890756303,0.24680851063829787,0.18461538461538463,0.15476190476190477,0.14874141876430205,0.14814814814814814,0.163855421686747,0.15,0.14838709677419354,0.195357833655706,0.16699410609037327,0.23618090452261306,0.21750663129973474,0.27034120734908135,0.2231404958677686,0.15772870662460567,0.16352201257861634,0.14181818181818182,0.1347517730496454,0.10526315789473684,0.12082262210796915,0.1497695852534562,0.152317880794702,0.17370892018779344,0.2222222222222222,0.2556818181818182,0.16878980891719744,0.15471698113207547,0.17424242424242425,0.13108614232209737,0.1950354609929078,0.16326530612244897,0.12790697674418605,0.12842105263157894,0.1663286004056795,0.18,0.25,0.2535612535612536,0.19344262295081968,0.15648854961832062,0.10894941634241245,0.10606060606060606,0.11864406779661017,0.16417910447761194,0.26479750778816197,0.250996015936255,0.35507246376811596,0.36304062909567497,0.2766233766233766,0.22294654498044328,0.21007194244604316,0.1722488038277512,0.16693944353518822,0.1326530612244898,0.11608961303462322,0.08616780045351474,0.08585858585858586,0.08288770053475936,0.13008130081300814,0.12974683544303797,0.11693548387096774,0.17511520737327188,0.14492753623188406,0.1242603550295858,0.09836065573770492,0.15384615384615385,0.10106382978723404,0.11467889908256881,0.0888030888030888,0.15644171779141106,0.1661631419939577,0.19047619047619047,0.20376175548589343,0.3639240506329114,0.21587301587301588,0.1346153846153846,0.17320261437908496,0.21561338289962825,0.18088737201365188,0.11490683229813664,0.14285714285714285,0.15568862275449102,0.1958568738229755,0.2475633528265107,0.25260960334029225,0.25158562367864695,0.18434343434343434,0.11475409836065574,0.1337579617834395,0.13986013986013987,0.11764705882352941,0.09880239520958084,0.1105121293800539,0.14058355437665782,0.15730337078651685,0.25307125307125306,0.20113314447592068,0.1779935275080906,0.16923076923076924,0.09569377990430622,0.09230769230769231,0.10555555555555556,0.05434782608695652,0.04526748971193416,0.09556313993174062,0.08284023668639054,0.164804469273743,0.20189274447949526,0.17857142857142858,0.1910569105691057,0.17061611374407584,0.12169312169312169,0.09497206703910614,0.05921052631578947,0.0948905109489051,0.07777777777777778,0.09243697478991597,0.09523809523809523,0.10661764705882353,0.1803921568627451
Upper West Side,Manhattan,neighborhood,0.1541501976284585,0.09836065573770492,0.07983193277310924,0.042704626334519574,0.06692913385826772,0.06593406593406594,0.08984375,0.14601769911504425,0.1358695652173913,0.11055276381909548,0.1935483870967742,0.12307692307692308,0.08290155440414508,0.12432432432432433,0.07731958762886598,0.06951871657754011,0.11555555555555555,0.12295081967213115,0.17407407407407408,0.20074349442379183,0.16728624535315986,0.13405797101449277,0.20987654320987653,0.11914893617021277,0.17307692307692307,0.14351851851851852,0.12807881773399016,0.1414141414141414,0.1411764705882353,0.17647058823529413,0.19932432432432431,0.2057877813504823,0.16423357664233576,0.22137404580152673,0.18146718146718147,0.1141732283464567,0.12406015037593984,0.12878787878787878,0.13026819923371646,0.15827338129496402,0.12225705329153605,0.16467065868263472,0.1484593837535014,0.13573407202216067,0.20125786163522014,0.2484472049689441,0.2108843537414966,0.1840277777777778,0.16776315789473684,0.14487632508833923,0.16,0.07718120805369127,0.09649122807017543,0.15035799522673032,0.16481069042316257,0.17191283292978207,0.26273458445040215,0.22395833333333334,0.15436241610738255,0.11877394636015326,0.12982456140350876,0.11038961038961038,0.07692307692307693,0.1144578313253012,0.12658227848101267,0.1790744466800805,0.19373776908023482,0.1952191235059761,0.18143459915611815,0.2529832935560859,0.2128205128205128,0.1335149863760218,0.15846994535519127,0.15027322404371585,0.14540816326530612,0.13768115942028986,0.13859275053304904,0.18299445471349354,0.17992424242424243,0.23933209647495363,0.24603174603174602,0.23706896551724138,0.2441860465116279,0.16310160427807488,0.16576086956521738,0.18857142857142858,0.11171662125340599,0.18498659517426275,0.1244343891402715,0.21341463414634146,0.17142857142857143,0.3107822410147992,0.29515418502202645,0.30248306997742663,0.2661290322580645,0.16451612903225807,0.17455621301775148,0.1918238993710692,0.17218543046357615,0.14324324324324325,0.18362282878411912,0.1963470319634703,0.21794871794871795,0.259958071278826,0.294811320754717,0.3073170731707317,0.25833333333333336,0.228125,0.23174603174603176,0.21299638989169675,0.12618296529968454,0.13569321533923304,0.11224489795918367,0.17123287671232876,0.15757575757575756,0.23427331887201736,0.22195121951219512,0.26666666666666666,0.19745222929936307,0.13565891472868216,0.17894736842105263,0.14396887159533073,0.14814814814814814,0.20689655172413793,0.21794871794871795,0.2621035058430718,0.2701664532650448,0.35251798561151076,0.29591836734693877,0.2718078381795196,0.2519561815336463,0.1453900709219858,0.14522058823529413,0.15677966101694915,0.0989010989010989,0.10098522167487685,0.08274231678486997,0.09219858156028368,0.07107843137254902,0.15702479338842976,0.17482517482517482,0.15611814345991562,0.15263157894736842,0.14285714285714285,0.17058823529411765,0.15,0.140625,0.0995260663507109,0.10852713178294573,0.15605095541401273,0.16666666666666666,0.21666666666666667,0.2857142857142857,0.34494773519163763,0.2862453531598513,0.19246861924686193,0.20634920634920634,0.20078740157480315,0.1910828025477707,0.16447368421052633,0.15608465608465608,0.22972972972972974,0.19507186858316222,0.2681318681318681,0.28,0.32625994694960214,0.23943661971830985,0.1916376306620209,0.11726384364820847,0.15985130111524162,0.13409961685823754,0.10273972602739725,0.1596009975062344,0.2128146453089245,0.16701902748414377,0.2594458438287154,0.3259668508287293,0.24307692307692308,0.14726027397260275,0.1598360655737705,0.13580246913580246,0.14213197969543148,0.07253886010362694,0.102880658436214,0.11949685534591195,0.16030534351145037,0.16666666666666666,0.23249299719887956,0.2607361963190184,0.2803030303030303,0.20833333333333334,0.13227513227513227,0.17391304347826086,0.14705882352941177,0.06989247311827956,0.09137055837563451,0.07727272727272727,0.11073825503355705,0.15743440233236153,0.23986486486486486
Utopia,Queens,neighborhood,,,,,,,,,,,,,,,,0.0,0.0,0.0,0.0,0.0,0.0,0.0,0.0,0.0,0.0,0.0,0.0,0.0,0.0,0.0,0.0,0.0,0.0,0.0,0.0,0.0,0.0,0.0,0.0,0.0,0.0,0.0,0.0,0.0,0.0,0.0,0.0,0.0,0.0,0.0,0.0,0.0,0.0,0.0,0.0,0.0,0.0,0.0,0.0,0.0,0.0,0.0,0.0,0.0,0.0,,0.0,0.0,0.0,0.0,0.0,0.0,0.0,0.0,0.0,0.0,0.0,0.0,0.0,,,,,,0.0,,,,,,,,1.0,0.0,0.0,1.0,,,,,,,0.0,0.0,0.5,0.0,0.0,,,0.0,0.0,0.0,0.0,,,,,,,,,,,,,,,,,0.0,0.0,0.0,,,,,0.0,,,,,,,,,,0.0,0.0,0.0,,,0.0,0.0,,0.0,0.0,0.0,1.0,0.0,1.0,1.0,,,0.5,0.0,0.5,0.0,0.0,0.0,0.0,,,,,,0.0,0.5,,,,,,,,0.0,0.0,,,0.5,0.0,,0.0,,,,,,1.0,0.0,
Van Nest,Bronx,neighborhood,,,0.0,1.0,,,,1.0,0.0,0.0,0.0,0.0,0.0,0.0,0.0,,,,,,,,,,,,,,,,,,,,,,,,,,1.0,0.0,,,,,,,,,,,,,,,,,0.0,1.0,,,,,,,,,,,0.0,0.0,0.0,0.75,0.0,0.0,,0.0,0.0,0.0,0.0,0.0,,0.0,0.0,0.0,0.125,0.14285714285714285,0.0,0.0,0.3333333333333333,0.0,0.0,0.0,0.0,0.3333333333333333,0.0,0.0,0.0,0.0,0.0,0.0,,0.0,0.5,0.0,,0.0,0.0,0.0,0.5,0.0,0.0,0.0,0.0,0.0,0.0,0.0,0.0,0.3333333333333333,0.0,0.0,,,0.0,0.5,0.0,0.0,0.0,,,,,0.0,0.0,0.0,0.0,,0.25,0.0,,,0.0,,0.0,0.0,0.0,0.0,0.16666666666666666,0.0,0.0,,0.0,0.0,0.0,0.0,0.0,,1.0,0.0,0.0,0.5,0.0,0.3333333333333333,1.0,,0.0,,,1.0,0.0,,,0.0,,0.0,0.0,0.5,0.0,0.0,0.0,0.0,0.0,0.0,0.0,0.0,,1.0,0.0,0.0,0.0,0.5,0.0,0.0,0.0,0.5,0.0,0.0,0.5,0.25
Wakefield,Bronx,neighborhood,,,,,,,,,,,,,,,,,,,,,,,0.0,0.0,0.0,0.0,1.0,0.0,,,,,,,,,,,,,0.0,0.0,0.0,,0.0,1.0,0.0,0.0,,,,,0.0,0.0,0.0,0.0,,,0.0,,1.0,0.0,,0.0,,,0.0,0.0,0.0,0.2,0.0,,,0.0,0.16666666666666666,0.0,0.25,0.0,0.0,,,0.0,,,1.0,0.3333333333333333,0.0,0.0,0.0,,,0.0,0.0,0.0,0.0,0.0,,0.0,0.0,0.5,0.5,0.1111111111111111,0.0,0.0,0.0,0.0,0.0,0.2,0.3076923076923077,0.21428571428571427,0.0,0.0,0.0,0.0,0.42857142857142855,0.4444444444444444,0.25,0.0,0.0,0.0,0.0,0.0,,0.0,0.0,0.0,0.3333333333333333,0.0,0.0,,,0.0,0.0,1.0,0.0,0.0,0.0,0.14285714285714285,0.4,0.25,0.0,0.2,0.0,0.0,0.0,0.0,0.0,0.0,0.0,0.0,0.0,0.0,0.0,0.0,0.0,0.3333333333333333,0.0,0.0,0.0,0.0,0.0,0.0,0.0,0.0,0.0,0.0,0.0,0.0,0.0,1.0,0.0,0.0,0.0,0.0,0.0,0.0,0.0,0.0,0.0,0.0,0.0,0.0,0.0,0.0,0.0,0.0,0.0,0.0,0.0,0.0,0.25,0.0,0.0,0.0,0.0,0.0,0.0,0.3333333333333333,0.25,0.0
Washington Heights,Manhattan,neighborhood,0.08571428571428572,0.05555555555555555,0.2571428571428571,0.0,0.18518518518518517,0.15789473684210525,0.19444444444444445,0.0,0.14285714285714285,0.2692307692307692,0.20833333333333334,0.17647058823529413,0.24390243902439024,0.1111111111111111,0.09375,0.1935483870967742,0.05555555555555555,0.1111111111111111,0.08695652173913043,0.04,0.2222222222222222,0.10526315789473684,0.06666666666666667,0.10526315789473684,0.0625,0.1,0.18421052631578946,0.125,0.058823529411764705,0.14634146341463414,0.18333333333333332,0.18461538461538463,0.17307692307692307,0.36,0.3114754098360656,0.07042253521126761,0.19736842105263158,0.05405405405405406,0.09195402298850575,0.09345794392523364,0.05982905982905983,0.24468085106382978,0.07368421052631578,0.14634146341463414,0.1896551724137931,0.16071428571428573,0.15789473684210525,0.13333333333333333,0.1791044776119403,0.12162162162162163,0.13333333333333333,0.0989010989010989,0.09900990099009901,0.21649484536082475,0.11904761904761904,0.1640625,0.30656934306569344,0.1464968152866242,0.2345679012345679,0.16574585635359115,0.18617021276595744,0.23783783783783785,0.11165048543689321,0.1382488479262673,0.11165048543689321,0.16568047337278108,0.09444444444444444,0.16201117318435754,0.13690476190476192,0.25,0.1503267973856209,0.147239263803681,0.24503311258278146,0.23837209302325582,0.14130434782608695,0.12060301507537688,0.12735849056603774,0.19008264462809918,0.13261648745519714,0.20202020202020202,0.25229357798165136,0.17676767676767677,0.10548523206751055,0.1392857142857143,0.16216216216216217,0.13654618473895583,0.17479674796747968,0.1350210970464135,0.15891472868217055,0.1588447653429603,0.16393442622950818,0.21393034825870647,0.17419354838709677,0.26519337016574585,0.2721518987341772,0.20261437908496732,0.19642857142857142,0.22085889570552147,0.18877551020408162,0.14457831325301204,0.17258883248730963,0.14096916299559473,0.11524163568773234,0.14814814814814814,0.21621621621621623,0.22580645161290322,0.21862348178137653,0.15104166666666666,0.25,0.16080402010050251,0.14746543778801843,0.08421052631578947,0.1201923076923077,0.15789473684210525,0.10894941634241245,0.12345679012345678,0.22560975609756098,0.25170068027210885,0.2206896551724138,0.13333333333333333,0.1016949152542373,0.16494845360824742,0.11702127659574468,0.15789473684210525,0.20353982300884957,0.19786096256684493,0.24814814814814815,0.3076923076923077,0.28012048192771083,0.2553846153846154,0.19205298013245034,0.128,0.14746543778801843,0.11353711790393013,0.1,0.12605042016806722,0.13671875,0.12540192926045016,0.1553398058252427,0.14925373134328357,0.11604095563139932,0.1388888888888889,0.11739130434782609,0.04721030042918455,0.1148936170212766,0.08737864077669903,0.08878504672897196,0.04891304347826087,0.06976744186046512,0.05907172995780591,0.08490566037735849,0.1393939393939394,0.145985401459854,0.13709677419354838,0.16981132075471697,0.09375,0.11009174311926606,0.11214953271028037,0.15079365079365079,0.05737704918032787,0.0945945945945946,0.1366120218579235,0.13142857142857142,0.20725388601036268,0.18421052631578946,0.22807017543859648,0.12295081967213115,0.12598425196850394,0.11188811188811189,0.10948905109489052,0.1271186440677966,0.043859649122807015,0.06944444444444445,0.1111111111111111,0.0967741935483871,0.16666666666666666,0.13636363636363635,0.18181818181818182,0.19,0.1956521739130435,0.08547008547008547,0.09615384615384616,0.16346153846153846,0.08035714285714286,0.1056338028169014,0.07462686567164178,0.07746478873239436,0.23636363636363636,0.15384615384615385,0.15841584158415842,0.07142857142857142,0.08695652173913043,0.08045977011494253,0.04225352112676056,0.07246376811594203,0.1506849315068493,0.04,0.0898876404494382,0.11214953271028037,0.10714285714285714
West Harlem,Manhattan,neighborhood,0.0,0.0,0.0,0.0,0.0,0.0,0.0,0.0,,0.0,0.23076923076923078,0.0,0.0,0.0,0.0,0.1111111111111111,0.16666666666666666,0.0,0.0,0.5,0.0,0.6666666666666666,0.0,0.0,0.0,0.3333333333333333,0.0,0.0,0.0,0.0,0.0,0.2222222222222222,0.5,0.3333333333333333,0.16666666666666666,0.14285714285714285,0.23076923076923078,0.1,0.125,0.14285714285714285,0.08333333333333333,0.25,0.04,0.125,0.16666666666666666,0.14285714285714285,0.09090909090909091,0.2727272727272727,0.11764705882352941,0.1875,0.15,0.17647058823529413,0.05555555555555555,0.1875,0.23076923076923078,0.045454545454545456,0.47368421052631576,0.4444444444444444,0.4,0.05,0.045454545454545456,0.08333333333333333,0.07692307692307693,0.08571428571428572,0.06060606060606061,0.1935483870967742,0.16666666666666666,0.15625,0.13043478260869565,0.07692307692307693,0.15384615384615385,0.0,0.07692307692307693,0.42857142857142855,0.26666666666666666,0.0,0.3,0.06896551724137931,0.08108108108108109,0.2777777777777778,0.13725490196078433,0.23684210526315788,0.11764705882352941,0.03571428571428571,0.1111111111111111,0.045454545454545456,0.14705882352941177,0.041666666666666664,0.044444444444444446,0.07407407407407407,0.13157894736842105,0.15625,0.17391304347826086,0.19047619047619047,0.3,0.125,0.05263157894736842,0.2,0.06666666666666667,0.0975609756097561,0.08695652173913043,0.13793103448275862,0.044444444444444446,0.14285714285714285,0.35294117647058826,0.24444444444444444,0.16129032258064516,0.0,0.06896551724137931,0.0,0.0625,0.10526315789473684,0.04,0.13333333333333333,0.08571428571428572,0.11764705882352941,0.35714285714285715,0.25,0.23076923076923078,0.05,0.0625,0.05263157894736842,0.0,0.16666666666666666,0.2857142857142857,0.2777777777777778,0.17543859649122806,0.3880597014925373,0.35135135135135137,0.3188405797101449,0.22641509433962265,0.15217391304347827,0.10869565217391304,0.1276595744680851,0.11904761904761904,0.06521739130434782,0.07407407407407407,0.08333333333333333,0.05263157894736842,0.24074074074074073,0.2,0.24,0.2727272727272727,0.043478260869565216,0.043478260869565216,0.09090909090909091,0.1,0.13333333333333333,0.0,0.125,0.0,0.10526315789473684,0.1,0.2222222222222222,0.09090909090909091,0.07142857142857142,0.2631578947368421,0.11428571428571428,0.1,0.020833333333333332,0.07692307692307693,0.08,0.12121212121212122,0.14705882352941177,0.21052631578947367,0.35714285714285715,0.10526315789473684,0.2,0.0,0.0,0.17647058823529413,0.0,0.047619047619047616,0.08333333333333333,0.10344827586206896,0.16666666666666666,0.1875,0.07692307692307693,0.1111111111111111,0.0,0.0,0.0,0.0,0.06666666666666667,0.05,0.07692307692307693,0.027777777777777776,0.16,0.19047619047619047,0.17391304347826086,0.1,0.0,0.047619047619047616,0.13636363636363635,0.0,0.0,0.10526315789473684,0.03225806451612903,0.1111111111111111,0.24324324324324326
West Village,Manhattan,neighborhood,0.10810810810810811,0.06666666666666667,0.1282051282051282,0.0,0.08823529411764706,0.030303030303030304,0.10344827586206896,0.16666666666666666,0.06666666666666667,0.07692307692307693,0.0,0.07692307692307693,0.1111111111111111,0.05,0.2222222222222222,0.10344827586206896,0.125,0.19444444444444445,0.23529411764705882,0.2608695652173913,0.35135135135135137,0.21428571428571427,0.25,0.2631578947368421,0.21739130434782608,0.125,0.14814814814814814,0.03333333333333333,0.20512820512820512,0.16666666666666666,0.11475409836065574,0.2553191489361702,0.34210526315789475,0.20588235294117646,0.15625,0.09375,0.02702702702702703,0.16129032258064516,0.125,0.18181818181818182,0.16923076923076924,0.1320754716981132,0.11538461538461539,0.29411764705882354,0.24444444444444444,0.275,0.2962962962962963,0.0967741935483871,0.18181818181818182,0.17142857142857143,0.09523809523809523,0.14,0.09803921568627451,0.2391304347826087,0.1346153846153846,0.2553191489361702,0.16216216216216217,0.18518518518518517,0.14814814814814814,0.037037037037037035,0.0,0.12,0.09375,0.11904761904761904,0.20634920634920634,0.1686746987951807,0.22033898305084745,0.26,0.16981132075471697,0.16326530612244897,0.28888888888888886,0.17777777777777778,0.10869565217391304,0.10256410256410256,0.19148936170212766,0.19642857142857142,0.18666666666666668,0.07228915662650602,0.18421052631578946,0.17105263157894737,0.18032786885245902,0.37254901960784315,0.23809523809523808,0.23076923076923078,0.1111111111111111,0.10869565217391304,0.07017543859649122,0.11688311688311688,0.2111111111111111,0.17391304347826086,0.13675213675213677,0.29473684210526313,0.32926829268292684,0.1791044776119403,0.2978723404255319,0.14285714285714285,0.14634146341463414,0.14634146341463414,0.08108108108108109,0.10909090909090909,0.1038961038961039,0.14772727272727273,0.24242424242424243,0.23076923076923078,0.34615384615384615,0.17307692307692307,0.14583333333333334,0.046511627906976744,0.14,0.12,0.057971014492753624,0.1368421052631579,0.17647058823529413,0.10714285714285714,0.10679611650485436,0.19753086419753085,0.27450980392156865,0.18181818181818182,0.20454545454545456,0.20930232558139536,0.16666666666666666,0.24390243902439024,0.16666666666666666,0.12962962962962962,0.26666666666666666,0.2748091603053435,0.29775280898876405,0.3567567567567568,0.2857142857142857,0.2517482517482518,0.175,0.15463917525773196,0.11235955056179775,0.11267605633802817,0.047619047619047616,0.043478260869565216,0.029411764705882353,0.03278688524590164,0.038461538461538464,0.14893617021276595,0.06060606060606061,0.09090909090909091,0.25,0.13636363636363635,0.19444444444444445,0.21212121212121213,0.09375,0.1111111111111111,0.12698412698412698,0.07272727272727272,0.09722222222222222,0.06060606060606061,0.20754716981132076,0.25,0.20408163265306123,0.13043478260869565,0.16981132075471697,0.19642857142857142,0.15625,0.1267605633802817,0.075,0.15730337078651685,0.22549019607843138,0.32558139534883723,0.35384615384615387,0.24193548387096775,0.13793103448275862,0.13793103448275862,0.14516129032258066,0.23076923076923078,0.1206896551724138,0.10810810810810811,0.0967741935483871,0.25,0.1728395061728395,0.24358974358974358,0.2711864406779661,0.1590909090909091,0.1388888888888889,0.05405405405405406,0.09090909090909091,0.05,0.05128205128205128,0.08771929824561403,0.11594202898550725,0.06944444444444445,0.13333333333333333,0.23529411764705882,0.19047619047619047,0.2727272727272727,0.3333333333333333,0.06896551724137931,0.0,0.075,0.07272727272727272,0.03636363636363636,0.0958904109589041,0.1326530612244898,0.10465116279069768,0.2647058823529412
Westchester Village,Bronx,neighborhood,,,,,,,,,,,,,,,,,,,,,,,,,,,,,,,,,,,,,,,,,,,,,,,,,,,,,,,,,,,,,,,,0.0,0.0,0.0,0.0,0.0,,,,0.5,0.0,0.0,0.0,0.0,0.0,,,,,,,,,,,0.0,0.0,0.0,,,,,,,,0.0,0.25,0.3333333333333333,0.0,0.0,,,,,,0.0,0.3333333333333333,,,,0.0,1.0,,0.0,1.0,,,0.0,0.0,0.0,0.0,0.0,0.0,0.0,0.0,,0.0,,,0.0,0.0,0.0,0.0,,,,,,,1.0,0.0,,0.0,0.0,,,,,,0.0,,,0.0,0.0,0.0,0.0,0.0,,0.0,,,,0.0,0.0,,,0.0,0.5,0.0,0.0,,,,0.0,,0.0,0.0,,,,,,,,,,,,0.0,,0.0,0.0,0.0,,,,,0.0
Whitestone,Queens,neighborhood,0.0,0.0,0.0,0.0,0.0,,,,,,,0.0,0.0,0.0,0.25,0.0,0.0,0.0,0.0,0.0,0.0,0.25,0.25,0.0,0.0,0.0,0.0,0.0,0.0,0.0,0.0,0.0,0.2857142857142857,0.0,0.0,0.1,0.0,0.0,0.0,0.25,0.0,0.0,0.0,0.0,0.0,0.0,0.0,0.07692307692307693,0.0,0.0,0.0,0.0,0.2,0.25,0.25,0.0,0.14285714285714285,0.0,0.0,0.3333333333333333,0.1,0.16666666666666666,0.0,0.0,0.0,0.0,0.0,0.0,0.0,0.0,0.0,0.14285714285714285,0.0,0.0,0.05,0.0,0.08333333333333333,0.0,0.16666666666666666,0.0,0.16666666666666666,0.125,0.16666666666666666,0.0,0.23076923076923078,0.1111111111111111,0.07692307692307693,0.0,0.1111111111111111,0.09090909090909091,0.0,0.0,0.0,1.0,0.25,0.25,0.0,0.25,0.0,0.16666666666666666,0.125,0.14285714285714285,0.0,0.0,,0.0,0.0,0.3333333333333333,0.3333333333333333,0.0,0.25,0.0,0.0,0.0,0.14285714285714285,0.3333333333333333,0.0,0.2857142857142857,0.0,0.6,0.3333333333333333,0.0,0.0,0.0,0.0,0.0,0.1111111111111111,0.14285714285714285,0.125,0.0,0.0,0.0,0.14285714285714285,0.0,0.2,0.0,0.18181818181818182,0.25,0.1111111111111111,0.16666666666666666,0.15384615384615385,0.0,0.0,0.0,0.0,0.5,0.0,0.4,0.16666666666666666,0.0,0.0,0.1111111111111111,0.0,0.2,0.125,0.2,0.3333333333333333,0.08333333333333333,0.2,0.375,0.16666666666666666,0.0,0.2,0.25,0.25,0.2,0.0,0.0,0.0,0.0,0.125,0.3333333333333333,0.2857142857142857,0.2,,0.0,0.3333333333333333,0.25,0.125,0.0,0.2857142857142857,0.5,0.1,0.2222222222222222,0.4,,0.0,0.2,0.0,0.0,0.2222222222222222,0.0,0.125,0.3,0.25,0.25,0.0,0.14285714285714285,0.3076923076923077,0.23529411764705882
Williamsbridge,Bronx,neighborhood,,,,,,,,,,,,,,,,,,,,,,,,,,,,,,,,,,,,,,,,,,,,,,,,,,,,,,,0.0,,,0.0,0.0,0.0,0.0,0.0,0.0,,,,,,0.0,0.5,0.14285714285714285,0.0,1.0,0.0,0.0,0.0,0.0,0.0,0.0,,,,0.0,0.0,0.3333333333333333,0.25,0.2857142857142857,0.0,0.16666666666666666,0.16666666666666666,0.0,0.0,0.0,1.0,0.0,0.0,0.25,0.6666666666666666,0.0,,0.0,0.0,0.25,0.0,0.0,0.25,0.16666666666666666,0.0,0.14285714285714285,0.0,0.0,0.0,0.0,0.14285714285714285,0.14285714285714285,0.25,0.42857142857142855,0.16666666666666666,0.3333333333333333,0.0,0.0,0.0,0.0,,0.0,0.25,0.0,0.5,0.0,0.0,0.0,0.0,0.0,0.0,0.0,0.0,,0.0,0.0,0.2,0.0,0.0,0.0,0.0,0.0,0.0,0.0,0.0,0.75,0.0,0.0,0.2857142857142857,0.3333333333333333,0.0,0.42857142857142855,0.3333333333333333,0.0,0.0,0.0,0.0,0.0,0.0,0.0,0.16666666666666666,0.0,0.3333333333333333,0.14285714285714285,0.08333333333333333,0.0,0.07692307692307693,0.14285714285714285,0.0,0.0,0.0,0.0,0.0,0.0,0.0,0.4,0.6666666666666666,0.0,0.3333333333333333,0.3333333333333333,0.125,0.0,0.0,1.0,0.0,0.0,0.0,0.0,0.0,0.5,0.0,0.0,0.2,0.0,0.0,0.0,0.09090909090909091
Williamsburg,Brooklyn,neighborhood,0.1724137931034483,0.041666666666666664,0.13636363636363635,0.07142857142857142,0.06666666666666667,0.14285714285714285,0.03333333333333333,0.0,0.20833333333333334,0.0967741935483871,0.12,0.16666666666666666,0.0,0.07142857142857142,0.0,0.0625,0.21428571428571427,0.17391304347826086,0.13333333333333333,0.125,0.2608695652173913,0.36,0.44,0.13043478260869565,0.1891891891891892,0.025,0.1,0.10869565217391304,0.08771929824561403,0.06896551724137931,0.14473684210526316,0.06153846153846154,0.20270270270270271,0.125,0.07407407407407407,0.06451612903225806,0.14423076923076922,0.12903225806451613,0.09090909090909091,0.12941176470588237,0.1375,0.12631578947368421,0.11728395061728394,0.12021857923497267,0.17751479289940827,0.12087912087912088,0.12337662337662338,0.14074074074074075,0.12418300653594772,0.12149532710280374,0.15,0.11564625850340136,0.11258278145695365,0.16279069767441862,0.14912280701754385,0.11261261261261261,0.2073732718894009,0.14210526315789473,0.10967741935483871,0.14074074074074075,0.15172413793103448,0.1592356687898089,0.16981132075471697,0.09230769230769231,0.0881057268722467,0.14046822742474915,0.14533622559652928,0.17894736842105263,0.14606741573033707,0.2681564245810056,0.17647058823529413,0.1534090909090909,0.13615023474178403,0.17142857142857143,0.21982758620689655,0.16602316602316602,0.20207253886010362,0.2079207920792079,0.22748815165876776,0.23107569721115537,0.20725388601036268,0.2159468438538206,0.31629392971246006,0.23076923076923078,0.247557003257329,0.23728813559322035,0.2962962962962963,0.21750663129973474,0.20816326530612245,0.23018867924528302,0.21062271062271062,0.2805907172995781,0.3146067415730337,0.25688073394495414,0.2711267605633803,0.15948275862068967,0.2530612244897959,0.2177121771217712,0.19933554817275748,0.20916905444126074,0.2072936660268714,0.21574344023323616,0.2073170731707317,0.24879923150816521,0.2230769230769231,0.2408575031525851,0.18512396694214875,0.15488215488215487,0.12314540059347182,0.142570281124498,0.16441441441441443,0.14955357142857142,0.1752808988764045,0.12529550827423167,0.14545454545454545,0.14035087719298245,0.18620689655172415,0.22123893805309736,0.203125,0.14935064935064934,0.1807909604519774,0.17592592592592593,0.19369369369369369,0.22592592592592592,0.29411764705882354,0.312807881773399,0.3172655565293602,0.32660228270412645,0.2755511022044088,0.22446555819477435,0.19633507853403143,0.19328859060402684,0.1527027027027027,0.16905901116427433,0.1424731182795699,0.11139240506329114,0.09789156626506024,0.08791208791208792,0.096045197740113,0.10956175298804781,0.10894941634241245,0.1965065502183406,0.16517857142857142,0.1259259259259259,0.1541501976284585,0.1262135922330097,0.175,0.11961722488038277,0.15350877192982457,0.13513513513513514,0.11242603550295859,0.26479750778816197,0.2620689655172414,0.2625,0.23655913978494625,0.21912350597609562,0.21107266435986158,0.1837837837837838,0.12704918032786885,0.13805970149253732,0.1935483870967742,0.24069478908188585,0.1896551724137931,0.23515981735159816,0.25787965616045844,0.2585034013605442,0.28044280442804426,0.16593886462882096,0.21923076923076923,0.19130434782608696,0.19078947368421054,0.13548387096774195,0.21066666666666667,0.17761557177615572,0.22614107883817428,0.2440944881889764,0.2521551724137931,0.24157303370786518,0.23825503355704697,0.12844036697247707,0.12,0.15315315315315314,0.10087719298245613,0.13382899628252787,0.14596273291925466,0.13089005235602094,0.16150442477876106,0.17280453257790368,0.20437956204379562,0.2579185520361991,0.22477064220183487,0.17058823529411765,0.087248322147651,0.14457831325301204,0.13924050632911392,0.11203319502074689,0.09881422924901186,0.11636363636363636,0.1534090909090909,0.1465798045602606
Windsor Terrace,Brooklyn,neighborhood,0.25,0.0,0.0,0.0,,,0.0,0.16666666666666666,0.0,1.0,0.0,0.14285714285714285,0.0,0.0,0.0,0.0,0.2,0.3333333333333333,0.14285714285714285,0.0,1.0,0.0,0.0,0.0,0.0,0.0,0.2,0.0,0.0,0.0,0.16666666666666666,0.25,0.25,0.38461538461538464,0.0,0.3333333333333333,0.0,0.25,0.0,0.16666666666666666,0.16666666666666666,0.0,0.0,0.0,0.0,0.1875,0.10526315789473684,0.4166666666666667,0.07692307692307693,0.2,0.08333333333333333,0.2222222222222222,0.18181818181818182,0.07692307692307693,0.0,0.2222222222222222,0.09090909090909091,0.375,0.0,0.38461538461538464,0.05555555555555555,0.08695652173913043,0.375,0.15789473684210525,0.07142857142857142,0.1111111111111111,0.2222222222222222,0.1875,0.15789473684210525,0.4666666666666667,0.3,0.09090909090909091,0.21428571428571427,0.42857142857142855,0.10526315789473684,0.2608695652173913,0.30434782608695654,0.21052631578947367,0.15,0.17391304347826086,0.17391304347826086,0.2631578947368421,0.4,0.2727272727272727,0.2222222222222222,0.0625,0.4117647058823529,0.13043478260869565,0.16,0.34615384615384615,0.37037037037037035,0.30434782608695654,0.21739130434782608,0.4,0.25,0.2222222222222222,0.09090909090909091,0.3333333333333333,0.14285714285714285,0.14285714285714285,0.15789473684210525,0.2222222222222222,0.42105263157894735,0.21428571428571427,0.125,0.2222222222222222,0.20833333333333334,0.15384615384615385,0.21428571428571427,0.1875,0.16666666666666666,0.125,0.21428571428571427,0.15625,0.26666666666666666,0.11764705882352941,0.14285714285714285,0.125,0.0,0.2,0.0,0.0,0.25,0.14285714285714285,0.14285714285714285,0.1111111111111111,0.18518518518518517,0.20689655172413793,0.3684210526315789,0.3125,0.14285714285714285,0.23529411764705882,0.3,0.15384615384615385,0.2,0.07692307692307693,0.0,0.08333333333333333,0.0,0.14285714285714285,0.2,0.0,0.0,0.125,0.0,0.0,0.0,0.0,0.0,0.1111111111111111,0.21428571428571427,0.2222222222222222,0.3333333333333333,0.4,0.0,0.2,0.0,0.3333333333333333,0.3333333333333333,0.0,0.0,0.06666666666666667,0.25,0.3333333333333333,0.4,0.0,0.0,0.5,0.2,0.1111111111111111,0.5714285714285714,0.25,0.125,0.09090909090909091,0.23529411764705882,0.2857142857142857,0.35714285714285715,0.2,0.3333333333333333,0.0,0.5,0.2857142857142857,0.25,0.16666666666666666,0.1111111111111111,0.0,0.3076923076923077,0.4375,0.4166666666666667,0.375,0.0,0.0,0.0,0.0,0.2,0.2,0.0,0.6,0.13333333333333333,0.2222222222222222
Woodhaven,Queens,neighborhood,,,,,,0.0,0.0,,,,,,,,,,,,0.0,0.0,0.0,0.0,0.0,0.5,0.0,0.0,0.0,0.0,0.0,0.0,0.0,0.0,0.0,0.0,0.0,0.0,0.0,0.0,0.0,0.0,0.0,0.0,0.0,0.0,0.0,0.0,0.0,0.0,0.0,0.0,0.0,0.0,0.0,0.0,0.0,0.0,0.0,1.0,0.0,0.0,,,0.0,0.0,0.0,0.0,0.0,0.0,0.0,0.2,0.0,0.0,0.0,,,0.0,0.0,,,0.0,0.2,0.0,0.0,0.0,0.0,0.0,0.0,0.0,0.14285714285714285,0.0,0.2,0.16666666666666666,0.25,0.0,0.3333333333333333,0.16666666666666666,0.125,0.16666666666666666,0.1111111111111111,0.3333333333333333,0.0,0.0,0.0,0.0,0.0,0.25,0.0,0.3333333333333333,0.6,0.2857142857142857,0.4,0.14285714285714285,0.0,0.0,0.0,0.3333333333333333,0.25,,0.0,0.25,0.25,0.0,0.0,,1.0,0.0,0.3333333333333333,0.625,0.375,0.42857142857142855,0.2,0.5,0.0,0.25,0.0,0.125,0.0,0.0,0.0,0.0,0.2,0.42857142857142855,0.0,0.2,0.0,0.0,0.25,0.0,0.0,0.25,0.3333333333333333,0.0,0.0,0.0,0.0,0.2,0.3,0.125,0.0,0.3,0.0,0.0,0.0,0.0,0.0,0.1111111111111111,0.0,0.0,0.5,0.0,0.0,0.2,0.14285714285714285,0.3,0.25,0.0,0.08333333333333333,0.0,0.2,0.0,0.0,0.0,0.0,0.0,0.5,0.0,0.0,0.0,0.3333333333333333,0.25,0.0,0.0,0.0,0.0,0.0,0.0,0.14285714285714285,0.2222222222222222,0.1111111111111111,0.0
Woodlawn,Bronx,neighborhood,,,,,,,,,,,,,,,,,,,,,,,,,,,,,,,,,0.0,,,,,,,,,,,,,,,,,,,,,,,0.0,,,,,,0.0,0.0,,,,,,,,,,,,,,0.0,0.0,,,,0.0,,,0.0,0.0,,,,,1.0,0.0,0.0,0.6666666666666666,0.5,,,,0.0,1.0,,,,,0.0,,0.5,0.3333333333333333,0.0,0.0,1.0,1.0,0.0,,,,1.0,1.0,0.0,0.0,0.0,,,,,,0.0,0.5,,,0.0,1.0,0.0,0.0,0.0,,,,0.0,0.0,0.0,1.0,,,,0.0,0.6666666666666666,0.5,,,,1.0,1.0,0.0,0.0,,0.0,0.0,,,,,,,1.0,,,,,,,,,0.0,0.0,0.0,,,,,,0.0,,0.5,0.0,0.0,0.0,,,,,,,,,,,,,
Woodside,Queens,neighborhood,,,,,,,,,,,,,0.0,1.0,,,0.0,0.0,0.0,0.0,0.5,0.5,0.3333333333333333,0.25,0.0,0.0,,,,0.0,0.0,0.0,0.0,0.0,0.0,0.0,0.0,0.0,0.0,0.0,0.0,,,,0.0,1.0,0.3333333333333333,0.2,0.4,0.0,0.0,0.0,0.16666666666666666,0.14285714285714285,0.0,0.1,0.13333333333333333,0.0,0.0,0.18181818181818182,0.09090909090909091,0.0,0.0,0.3333333333333333,0.0,0.0,0.16666666666666666,0.1,0.0,0.15384615384615385,0.2,0.0,0.0,0.125,0.1,0.2222222222222222,0.0,0.3333333333333333,0.0,0.11764705882352941,0.16666666666666666,0.13333333333333333,0.058823529411764705,0.19047619047619047,0.3125,0.25,0.07692307692307693,0.07142857142857142,0.13333333333333333,0.06896551724137931,0.08571428571428572,0.14814814814814814,0.26666666666666666,0.18518518518518517,0.0,0.2857142857142857,0.20833333333333334,0.14814814814814814,0.11538461538461539,0.06896551724137931,0.13793103448275862,0.13513513513513514,0.20833333333333334,0.08695652173913043,0.16,0.21428571428571427,0.25,0.23809523809523808,0.2,0.0,0.07692307692307693,0.0,0.0,0.22727272727272727,0.2692307692307692,0.22727272727272727,0.23076923076923078,0.1935483870967742,0.1,0.125,0.23529411764705882,0.09090909090909091,0.16,0.23076923076923078,0.21428571428571427,0.21739130434782608,0.2903225806451613,0.2631578947368421,0.41935483870967744,0.29411764705882354,0.10344827586206896,0.2857142857142857,0.045454545454545456,0.2,0.1875,0.07692307692307693,0.10256410256410256,0.13333333333333333,0.11764705882352941,0.125,0.041666666666666664,0.23809523809523808,0.11764705882352941,0.0,0.13333333333333333,0.2222222222222222,0.10526315789473684,0.06666666666666667,0.08333333333333333,0.0,0.14285714285714285,0.07142857142857142,0.21739130434782608,0.21428571428571427,0.15384615384615385,0.4,0.23529411764705882,0.125,0.05,0.0625,0.125,0.3125,0.2,0.09523809523809523,0.0,0.15,0.17857142857142858,0.17391304347826086,0.175,0.3181818181818182,0.15,0.15789473684210525,0.047619047619047616,0.2727272727272727,0.2608695652173913,0.21739130434782608,0.1111111111111111,0.34615384615384615,0.0,0.14285714285714285,0.07142857142857142,0.058823529411764705,0.23529411764705882,0.14814814814814814,0.15384615384615385,0.15384615384615385,0.17647058823529413,0.26666666666666666,0.25,0.3684210526315789,0.06666666666666667,0.18181818181818182,0.13043478260869565,0.2222222222222222,0.19047619047619047,0.29411764705882354,0.18181818181818182,0.07692307692307693,0.11538461538461539,0.14285714285714285
Woodstock,Bronx,neighborhood,,,,,,,,,,0.0,0.0,0.0,,,,,,,,,,0.0,0.0,0.0,0.0,,,,,0.0,0.0,0.0,0.0,1.0,0.0,0.0,0.0,,0.0,,,,,,,,0.0,0.0,0.0,,,,,,,,,0.0,0.0,0.0,0.0,0.0,0.0,0.0,0.0,0.0,0.0,0.3333333333333333,0.25,0.0,0.0,0.5,0.0,0.0,0.0,0.0,0.0,0.0,0.0,0.0,0.0,0.0,0.0,0.0,0.125,0.0,0.0,0.0,0.2,0.3333333333333333,0.0,0.5,0.5,0.5,0.0,0.0,0.0,0.0,0.0,0.18181818181818182,0.25,0.0,0.0,0.3333333333333333,0.0,0.14285714285714285,0.16666666666666666,0.0,0.07142857142857142,0.0,0.0,0.0,0.0,0.0,0.0,0.0,0.5,0.0,0.0,0.0,0.0,0.0,,,,0.0,0.2,0.2857142857142857,0.0,0.0,0.0,0.0,0.0,0.5,0.0,,0.5,0.0,0.0,0.25,0.25,0.0,0.0,0.5,0.5,0.5,0.0,0.0,0.0,,0.0,0.0,0.0,0.0,0.0,0.3333333333333333,0.0,0.25,0.0,0.3333333333333333,0.5,0.3333333333333333,0.3333333333333333,0.0,0.0,0.0,0.0,0.0,0.2,0.2,0.0,0.0,0.0,0.0,0.0,0.0,0.0,0.0,0.0,,0.3333333333333333,0.0,0.0,0.0,0.0,0.0,0.0,0.0,0.0,0.0,0.0,0.0,0.0,,,0.0,0.0,0.0,0.4,0.3333333333333333
