areaName,Borough,areaType,2010-01,2010-02,2010-03,2010-04,2010-05,2010-06,2010-07,2010-08,2010-09,2010-10,2010-11,2010-12,2011-01,2011-02,2011-03,2011-04,2011-05,2011-06,2011-07,2011-08,2011-09,2011-10,2011-11,2011-12,2012-01,2012-02,2012-03,2012-04,2012-05,2012-06,2012-07,2012-08,2012-09,2012-10,2012-11,2012-12,2013-01,2013-02,2013-03,2013-04,2013-05,2013-06,2013-07,2013-08,2013-09,2013-10,2013-11,2013-12,2014-01,2014-02,2014-03,2014-04,2014-05,2014-06,2014-07,2014-08,2014-09,2014-10,2014-11,2014-12,2015-01,2015-02,2015-03,2015-04,2015-05,2015-06,2015-07,2015-08,2015-09,2015-10,2015-11,2015-12,2016-01,2016-02,2016-03,2016-04,2016-05,2016-06,2016-07,2016-08,2016-09,2016-10,2016-11,2016-12,2017-01,2017-02,2017-03,2017-04,2017-05,2017-06,2017-07,2017-08,2017-09,2017-10,2017-11,2017-12,2018-01,2018-02,2018-03,2018-04,2018-05,2018-06,2018-07,2018-08,2018-09,2018-10,2018-11,2018-12,2019-01,2019-02,2019-03,2019-04,2019-05,2019-06,2019-07,2019-08,2019-09,2019-10,2019-11,2019-12,2020-01,2020-02,2020-03,2020-04,2020-05,2020-06,2020-07,2020-08,2020-09,2020-10,2020-11,2020-12,2021-01,2021-02,2021-03,2021-04,2021-05,2021-06,2021-07,2021-08,2021-09,2021-10,2021-11,2021-12,2022-01,2022-02,2022-03,2022-04,2022-05,2022-06,2022-07,2022-08,2022-09,2022-10,2022-11,2022-12,2023-01,2023-02,2023-03,2023-04,2023-05,2023-06,2023-07,2023-08,2023-09,2023-10,2023-11,2023-12,2024-01,2024-02,2024-03,2024-04,2024-05,2024-06,2024-07,2024-08,2024-09,2024-10,2024-11,2024-12,2025-01,2025-02,2025-03,2025-04,2025-05,2025-06,2025-07,2025-08,2025-09,2025-10,2025-11,2025-12,2026-01,2026-02,2026-03,2026-04,2026-05,2026-06,2026-07,2026-08
Astoria,Queens,neighborhood,0.046511627906976744,0.11363636363636363,0.04081632653061224,0.0,0.05263157894736842,0.0,0.0,0.04,0.038461538461538464,0.045454545454545456,0.16,0.08695652173913043,0.043478260869565216,0.0,0.0,0.034482758620689655,0.031746031746031744,0.015384615384615385,0.02702702702702703,0.030303030303030304,0.027777777777777776,0.058823529411764705,0.05555555555555555,0.125,0.1794871794871795,0.046511627906976744,0.07692307692307693,0.13636363636363635,0.05263157894736842,0.07228915662650602,0.1,0.057692307692307696,0.07575757575757576,0.13114754098360656,0.0958904109589041,0.028169014084507043,0.10843373493975904,0.12371134020618557,0.04081632653061224,0.019230769230769232,0.034722222222222224,0.031055900621118012,0.0335195530726257,0.15555555555555556,0.07746478873239436,0.07142857142857142,0.12195121951219512,0.041044776119402986,0.05327868852459016,0.04,0.06779661016949153,0.037199124726477024,0.04938271604938271,0.05511811023622047,0.051075268817204304,0.059431524547803614,0.06976744186046512,0.07006369426751592,0.08188585607940446,0.0688836104513064,0.0855614973262032,0.06511627906976744,0.07621247113163972,0.08045977011494253,0.059665871121718374,0.07847533632286996,0.06611570247933884,0.07282913165266107,0.0772626931567329,0.10120481927710843,0.13659793814432988,0.11286089238845144,0.13178294573643412,0.13763440860215054,0.14634146341463414,0.10059171597633136,0.09533073929961089,0.12355212355212356,0.10420841683366733,0.11405295315682282,0.12698412698412698,0.1954459203036053,0.20848708487084872,0.11478260869565217,0.14382632293080055,0.10906701708278581,0.10419026047565119,0.1388888888888889,0.1382198952879581,0.14617618586640851,0.13480885311871227,0.16470588235294117,0.184070796460177,0.2336874051593323,0.24548192771084337,0.17435897435897435,0.18571428571428572,0.19448275862068964,0.15465116279069768,0.1705521472392638,0.17452830188679244,0.13567251461988303,0.14168937329700274,0.12951807228915663,0.1694915254237288,0.1858974358974359,0.18875,0.1430678466076696,0.15007012622720897,0.16204379562043797,0.17110799438990182,0.16323731138545952,0.16061452513966482,0.17587939698492464,0.10714285714285714,0.13454545454545455,0.12745098039215685,0.12653061224489795,0.16856492027334852,0.12412177985948478,0.1271551724137931,0.11764705882352941,0.13043478260869565,0.14195583596214512,0.13644859813084112,0.14923469387755103,0.19775739041794088,0.20018115942028986,0.1961301671064204,0.1802366040361865,0.16653696498054474,0.15058823529411763,0.1554591467823572,0.14988104678826328,0.13480885311871227,0.1210727969348659,0.10501193317422435,0.134765625,0.08068181818181819,0.10480887792848335,0.0886426592797784,0.08848314606741572,0.10962962962962963,0.05989110707803993,0.07429718875502007,0.07021276595744681,0.06609808102345416,0.056790123456790124,0.0679886685552408,0.05378973105134474,0.049479166666666664,0.1145374449339207,0.12807881773399016,0.11637931034482758,0.14317180616740088,0.12814645308924486,0.11036036036036036,0.07954545454545454,0.10429447852760736,0.05783132530120482,0.07211538461538461,0.09112709832134293,0.1095890410958904,0.1201923076923077,0.15195071868583163,0.17227722772277226,0.17714285714285713,0.09846827133479212,0.12156862745098039,0.1280148423005566,0.14427860696517414,0.10220125786163523,0.12374581939799331,0.14710743801652892,0.12748344370860928,0.1261595547309833,0.1234991423670669,0.15396113602391628,0.145,0.10905730129390019,0.13827993254637436,0.13,0.14102564102564102,0.11239669421487604,0.11009174311926606,0.11275415896487985,0.11222444889779559,0.1485148514851485,0.19099099099099098,0.13666666666666666,0.11764705882352941,0.10042735042735043,0.07283464566929133,0.12708333333333333,0.10943396226415095,0.125,0.088659793814433,0.13257575757575757,0.0888468809073724,0.13073394495412843
Auburndale,Queens,neighborhood,,,,,,,,,,,,,,,,,,,,,,0.0,0.0,0.0,0.0,0.0,0.0,,0.0,0.0,1.0,0.0,0.5,0.0,0.0,0.0,0.0,0.0,0.0,0.0,0.0,,,,0.0,0.0,0.0,,,,0.0,0.0,0.0,,0.0,0.0,,,0.0,0.0,0.0,0.0,,0.0,1.0,0.3333333333333333,0.0,0.0,0.0,0.0,0.14285714285714285,0.0,0.0,0.0,0.2,0.3333333333333333,0.0,0.0,0.0,0.0,0.0,0.0,0.0,1.0,0.0,0.0,0.5,0.0,0.16666666666666666,0.6666666666666666,0.14285714285714285,0.2857142857142857,0.125,0.0,0.1111111111111111,0.6666666666666666,0.0,0.0,0.2,0.0,0.16666666666666666,0.0,0.25,0.0,0.16666666666666666,0.1,0.14285714285714285,0.125,0.16666666666666666,0.16666666666666666,0.3333333333333333,0.4,0.0,0.0,0.5,0.14285714285714285,0.0,0.0,0.5,0.2857142857142857,0.07692307692307693,0.4,0.3333333333333333,0.0,0.25,0.14285714285714285,0.2,0.2222222222222222,0.0,0.5,0.3333333333333333,0.0,0.0,0.0,0.2,0.1111111111111111,0.2857142857142857,0.14285714285714285,0.0,0.0,0.5,0.0,0.5,0.0,0.0,0.0,0.0,0.0,0.0,0.2,0.14285714285714285,0.0,0.0,0.3333333333333333,0.0,0.5,0.2,0.0,0.0,0.5,0.0,0.0,0.3333333333333333,0.0,0.4,0.0,0.0,0.4,0.16666666666666666,0.0,0.0,0.0,0.0,0.0,0.3333333333333333,0.0,0.0,0.125,0.0,0.0,0.0,0.0,0.0,0.0,0.0,0.0,0.16666666666666666,0.0,,,,0.0,0.0,0.0,0.0,0.3333333333333333,0.0,0.5,0.2,0.0
Bath Beach,Brooklyn,neighborhood,,,,,,,,0.0,0.0,0.0,,,,0.0,0.0,0.0,0.0,0.0,0.0,0.0,0.0,0.0,0.0,0.0,0.0,0.0,0.0,0.0,0.0,0.0,0.0,0.14285714285714285,0.0,0.0,0.0,0.0,0.0,0.0,0.0,0.0,0.0,0.0,0.0,0.25,0.25,0.0,0.0,0.0,0.125,0.16666666666666666,0.0,0.0,0.0,0.0,0.0,,0.0,0.0,0.0,0.5,0.0,0.0,0.16666666666666666,0.2,0.0,0.1,0.0,0.0,0.0,0.0,1.0,0.2,0.0,0.375,0.4,0.0,0.0,0.0,0.0,0.0,1.0,0.0,0.2222222222222222,0.125,0.375,0.2222222222222222,0.0,0.0,0.1,0.07142857142857142,0.0,0.4,0.2222222222222222,0.25,0.0,0.0,0.18181818181818182,0.0,0.1111111111111111,0.0,0.1875,0.16666666666666666,0.0,0.07407407407407407,0.05405405405405406,0.08695652173913043,0.05555555555555555,0.06666666666666667,0.0,0.05714285714285714,0.1388888888888889,0.23684210526315788,0.07894736842105263,0.10344827586206896,0.047619047619047616,0.058823529411764705,0.0,0.0,0.05263157894736842,0.0,0.1111111111111111,0.0,0.0,0.0,0.3333333333333333,0.0,0.14285714285714285,0.0,0.0,0.0,0.2,0.16666666666666666,0.08333333333333333,0.15789473684210525,0.05,0.09090909090909091,0.06976744186046512,0.02564102564102564,0.05263157894736842,0.04,0.125,0.0,0.1111111111111111,0.05,0.045454545454545456,0.0,0.09090909090909091,0.043478260869565216,0.0,0.0,0.15789473684210525,0.0,0.0,0.1111111111111111,0.0,0.3333333333333333,0.0,0.1111111111111111,0.0,0.0,0.0,0.0,0.0,0.1111111111111111,0.0,0.0,0.0,0.0,0.0,0.0,0.1,0.08333333333333333,0.1111111111111111,0.0,0.09090909090909091,0.14285714285714285,0.125,0.16666666666666666,0.0,0.0,0.1,0.0625,0.07142857142857142,0.16666666666666666,0.0,0.125,0.18181818181818182,0.14285714285714285,0.0,0.0,0.08333333333333333,0.0,0.08333333333333333,0.0,0.0,0.0,0.0,0.25,0.0,0.0
Battery Park City,Manhattan,neighborhood,0.12222222222222222,0.023529411764705882,0.0891089108910891,0.0898876404494382,0.022727272727272728,0.043478260869565216,0.06521739130434782,0.12612612612612611,0.1,0.06481481481481481,0.08695652173913043,0.12745098039215685,0.10714285714285714,0.08,0.18518518518518517,0.1,0.0784313725490196,0.12307692307692308,0.08547008547008547,0.224,0.19166666666666668,0.16,0.2265625,0.17355371900826447,0.2624113475177305,0.1323529411764706,0.13194444444444445,0.1,0.14492753623188406,0.09722222222222222,0.08695652173913043,0.0916030534351145,0.15789473684210525,0.10810810810810811,0.13793103448275862,0.20952380952380953,0.1773049645390071,0.13725490196078433,0.15976331360946747,0.18787878787878787,0.10843373493975904,0.1566265060240964,0.08974358974358974,0.09392265193370165,0.12422360248447205,0.13496932515337423,0.15625,0.15894039735099338,0.15286624203821655,0.13013698630136986,0.07746478873239436,0.029411764705882353,0.06382978723404255,0.09090909090909091,0.12096774193548387,0.10071942446043165,0.10743801652892562,0.17557251908396945,0.11643835616438356,0.1276595744680851,0.15037593984962405,0.17692307692307693,0.15602836879432624,0.1865671641791045,0.1171875,0.21212121212121213,0.16793893129770993,0.24,0.15,0.2647058823529412,0.24299065420560748,0.2621359223300971,0.2545454545454545,0.24369747899159663,0.17355371900826447,0.11818181818181818,0.11538461538461539,0.16822429906542055,0.19166666666666668,0.140625,0.16346153846153846,0.272,0.25,0.15,0.14728682170542637,0.24242424242424243,0.145985401459854,0.1693548387096774,0.22123893805309736,0.13513513513513514,0.21,0.27522935779816515,0.11827956989247312,0.3058823529411765,0.26595744680851063,0.2616822429906542,0.3137254901960784,0.21875,0.17592592592592593,0.12745098039215685,0.07865168539325842,0.08045977011494253,0.1836734693877551,0.28865979381443296,0.2222222222222222,0.24050632911392406,0.2073170731707317,0.2857142857142857,0.19047619047619047,0.16853932584269662,0.2767857142857143,0.24778761061946902,0.23893805309734514,0.21296296296296297,0.20481927710843373,0.22093023255813954,0.19753086419753085,0.14444444444444443,0.17307692307692307,0.2653061224489796,0.1917808219178082,0.13043478260869565,0.17391304347826086,0.22950819672131148,0.1782178217821782,0.1016949152542373,0.2578616352201258,0.34782608695652173,0.26285714285714284,0.2215909090909091,0.26881720430107525,0.12994350282485875,0.2802197802197802,0.1329479768786127,0.13966480446927373,0.12352941176470589,0.0379746835443038,0.061946902654867256,0.1111111111111111,0.22950819672131148,0.2857142857142857,0.2222222222222222,0.225,0.2,0.16279069767441862,0.2926829268292683,0.05555555555555555,0.12,0.16666666666666666,0.046875,0.15873015873015872,0.23214285714285715,0.3548387096774194,0.2804878048780488,0.21978021978021978,0.23684210526315788,0.2777777777777778,0.18867924528301888,0.2631578947368421,0.24242424242424243,0.14634146341463414,0.29411764705882354,0.2268041237113402,0.25742574257425743,0.38461538461538464,0.3875,0.37209302325581395,0.36363636363636365,0.4117647058823529,0.29591836734693877,0.030612244897959183,0.19444444444444445,0.225,0.3050847457627119,0.2916666666666667,0.26229508196721313,0.38333333333333336,0.40298507462686567,0.5925925925925926,0.42045454545454547,0.4444444444444444,0.5,0.41379310344827586,0.08256880733944955,0.05747126436781609,0.3953488372093023,0.4418604651162791,0.05555555555555555,0.46153846153846156,0.43157894736842106,0.4111111111111111,0.08333333333333333,0.08571428571428572,0.0547945205479452,0.3373493975903614,0.09090909090909091,0.04950495049504951,0.2222222222222222,0.41836734693877553,0.38235294117647056
Bay Ridge,Brooklyn,neighborhood,0.125,0.09523809523809523,0.047619047619047616,0.09523809523809523,0.0,0.0625,0.15384615384615385,0.0,0.16666666666666666,0.0,0.1,0.0,0.08333333333333333,0.14285714285714285,0.05263157894736842,0.0625,0.0,0.0,0.045454545454545456,0.1111111111111111,0.05263157894736842,0.11764705882352941,0.14285714285714285,0.0,0.0,0.125,0.15384615384615385,0.1111111111111111,0.16666666666666666,0.23529411764705882,0.05555555555555555,0.14285714285714285,0.07692307692307693,0.07692307692307693,0.1111111111111111,0.125,0.0,0.0,0.1111111111111111,0.0,0.08333333333333333,0.04,0.10714285714285714,0.02702702702702703,0.075,0.028037383177570093,0.006896551724137931,0.026845637583892617,0.0091324200913242,0.003663003663003663,0.016194331983805668,0.00966183574879227,0.09090909090909091,0.05357142857142857,0.015873015873015872,0.012345679012345678,0.05263157894736842,0.017543859649122806,0.048,0.03508771929824561,0.0234375,0.03508771929824561,0.034782608695652174,0.07142857142857142,0.03676470588235294,0.03669724770642202,0.06896551724137931,0.033783783783783786,0.1092436974789916,0.09243697478991597,0.07894736842105263,0.15,0.09174311926605505,0.10227272727272728,0.07692307692307693,0.041666666666666664,0.07058823529411765,0.022222222222222223,0.07954545454545454,0.1134020618556701,0.15584415584415584,0.125,0.09302325581395349,0.12162162162162163,0.07758620689655173,0.13709677419354838,0.06896551724137931,0.11650485436893204,0.11382113821138211,0.13653136531365315,0.10080645161290322,0.11688311688311688,0.15436241610738255,0.17857142857142858,0.13333333333333333,0.14685314685314685,0.1125,0.1437125748502994,0.12834224598930483,0.0962566844919786,0.08520179372197309,0.11067193675889328,0.10780669144981413,0.11255411255411256,0.11274509803921569,0.11578947368421053,0.1329479768786127,0.09392265193370165,0.13551401869158877,0.12299465240641712,0.07894736842105263,0.107981220657277,0.1308016877637131,0.11206896551724138,0.11842105263157894,0.11594202898550725,0.17,0.14893617021276595,0.13986013986013987,0.1366906474820144,0.1388888888888889,0.13761467889908258,0.16470588235294117,0.02,0.09782608695652174,0.1276595744680851,0.08759124087591241,0.14207650273224043,0.22388059701492538,0.20161290322580644,0.16455696202531644,0.09569377990430622,0.12556053811659193,0.1864406779661017,0.15037593984962405,0.07782101167315175,0.06589147286821706,0.07971014492753623,0.07725321888412018,0.11055276381909548,0.045714285714285714,0.10837438423645321,0.09473684210526316,0.1111111111111111,0.0975609756097561,0.06338028169014084,0.09036144578313253,0.07936507936507936,0.06329113924050633,0.041666666666666664,0.022222222222222223,0.03333333333333333,0.09278350515463918,0.09482758620689655,0.09243697478991597,0.16326530612244897,0.07291666666666667,0.10126582278481013,0.10869565217391304,0.08333333333333333,0.0851063829787234,0.10377358490566038,0.09523809523809523,0.09090909090909091,0.12903225806451613,0.15853658536585366,0.10126582278481013,0.14473684210526316,0.12389380530973451,0.1511627906976744,0.1523809523809524,0.1111111111111111,0.16326530612244897,0.11904761904761904,0.1958762886597938,0.10752688172043011,0.17333333333333334,0.1134020618556701,0.1326530612244898,0.12087912087912088,0.12631578947368421,0.12345679012345678,0.1388888888888889,0.06956521739130435,0.13846153846153847,0.06930693069306931,0.05194805194805195,0.07042253521126761,0.1125,0.07692307692307693,0.08955223880597014,0.18333333333333332,0.08450704225352113,0.13513513513513514,0.10526315789473684,0.0875,0.10606060606060606,0.09230769230769231,0.10344827586206896,0.05357142857142857
Baychester,Bronx,neighborhood,,,,,,,,,,,,,,,,,,,,,,,,0.0,0.0,0.0,0.0,,,,,,,,,,,,,,,,,,,,,,,,,,,,,,,,,,,,,,,,,,,,,,,0.0,,,,,,,,,,,,,,,,,,,,,,,,,,,,,,,,,,,,,,,,,,,,,,,,,,,,,,,,,,,,,,,,,,,,,,,,,,,0.0,,,,,,,0.0,,,,0.0,0.0,,,,,,,,,0.0,0.0,0.0,,,,,,,,,,,,,,,,,,,,,,,,,,,,
Bayside,Queens,neighborhood,0.25,0.14285714285714285,0.42857142857142855,0.0,0.0,0.0,0.0,0.0,0.0,0.0,0.0,0.0,0.0,0.0,0.0,0.25,0.25,0.0,0.0,0.0,0.0,0.0,0.0,0.0,0.0,0.0,0.0,0.0,0.0,0.0,0.5,0.0,0.0,0.0,0.0,0.3333333333333333,1.0,0.0,0.0,0.0,0.0,0.5,0.0,0.0,0.0,0.0,,,0.0,0.0,0.0,0.0,0.0,0.0,0.16666666666666666,0.2857142857142857,0.1111111111111111,0.14285714285714285,0.16666666666666666,0.16666666666666666,0.0,0.1111111111111111,0.0,0.16666666666666666,0.16666666666666666,0.0,0.0,0.1,0.2857142857142857,0.0,0.0,0.0,0.0,0.0,0.13333333333333333,0.07142857142857142,0.07142857142857142,0.2,0.125,0.0,0.0,0.0,0.0,0.0,0.0,0.0,0.0,0.3333333333333333,0.0,0.11764705882352941,0.15789473684210525,0.14285714285714285,0.2,0.3333333333333333,0.125,0.0,0.3333333333333333,0.1,0.2222222222222222,0.25,0.2,0.1,0.2857142857142857,0.2,0.16666666666666666,0.0,0.2,0.2222222222222222,0.10526315789473684,0.17647058823529413,0.0,0.16666666666666666,0.0,0.07692307692307693,0.058823529411764705,0.16666666666666666,0.16666666666666666,0.14285714285714285,0.09090909090909091,0.08695652173913043,0.16666666666666666,0.0,0.0,0.0,0.06666666666666667,0.18181818181818182,0.0625,0.0,0.3125,0.19047619047619047,0.041666666666666664,0.13333333333333333,0.25,0.21052631578947367,0.08,0.10526315789473684,0.047619047619047616,0.08333333333333333,0.06666666666666667,0.07142857142857142,0.08333333333333333,0.29411764705882354,0.26666666666666666,0.0,0.0,0.3181818181818182,0.11764705882352941,0.0,0.07692307692307693,0.06666666666666667,0.058823529411764705,0.0,0.08333333333333333,0.0,0.26666666666666666,0.2,0.23076923076923078,0.1,0.07692307692307693,0.0,0.09090909090909091,0.21428571428571427,0.1,0.16666666666666666,0.3333333333333333,0.21428571428571427,0.0,0.0,0.06666666666666667,0.058823529411764705,0.2222222222222222,0.15789473684210525,0.09090909090909091,0.1,0.25,0.2727272727272727,0.14285714285714285,0.11764705882352941,0.25,0.4,0.06666666666666667,0.07692307692307693,0.09090909090909091,0.3,0.3333333333333333,0.25,0.09090909090909091,0.09090909090909091,0.125,0.18181818181818182,0.0,0.25,0.09090909090909091,0.125,0.13333333333333333,0.2,0.1111111111111111,0.2916666666666667,0.125,0.16666666666666666
Bedford Park,Bronx,neighborhood,0.0,0.0,0.0,0.0,0.0,0.0,0.0,,,,,0.0,0.0,0.0,0.0,0.0,0.0,0.0,0.0,0.0,0.16666666666666666,0.0,0.5,0.0,0.0,0.0,0.0,0.4,0.0,0.0,0.0,0.2222222222222222,0.0,0.25,0.0,0.0,0.2,0.25,0.0,0.0,0.0,0.0,0.0,0.2857142857142857,0.0,0.0,0.0,0.0,0.0,0.25,0.16666666666666666,0.0,0.0,0.0,0.0,0.047619047619047616,0.0,0.0,0.0,0.024390243902439025,0.07142857142857142,0.10638297872340426,0.11764705882352941,0.05128205128205128,0.03225806451612903,0.13793103448275862,0.06896551724137931,0.05,0.0,0.1111111111111111,0.15384615384615385,0.07692307692307693,0.058823529411764705,0.11764705882352941,0.0625,0.2,0.0,0.07142857142857142,0.15789473684210525,0.04,0.11538461538461539,0.045454545454545456,0.058823529411764705,0.0,0.0,0.047619047619047616,0.06666666666666667,0.125,0.0,0.041666666666666664,0.1,0.0,0.0,0.0,0.0,0.0,0.0,0.2222222222222222,0.0,0.0,0.16666666666666666,0.0,0.0,0.0,0.0,0.0,0.1111111111111111,0.3333333333333333,0.3333333333333333,0.4,0.1111111111111111,0.15384615384615385,0.0,0.0,0.0,0.0,0.08333333333333333,0.125,0.1111111111111111,0.07142857142857142,0.15384615384615385,0.0,0.3333333333333333,0.0,0.125,0.0,0.0,0.0,0.07692307692307693,0.0,0.1111111111111111,0.18181818181818182,0.0,0.0,0.0,0.2,0.0,0.2,0.0,0.0,0.0,0.1111111111111111,0.0,0.125,0.0,0.0,0.0,0.125,0.05555555555555555,0.0,0.08333333333333333,0.0,0.0,0.0,0.0,0.08333333333333333,0.42857142857142855,0.2,0.0,0.0,0.13333333333333333,0.14285714285714285,0.2,0.0,0.125,0.2,0.0,0.0,0.0,0.16666666666666666,0.0,0.0,0.07692307692307693,0.0625,0.06666666666666667,0.0,0.1111111111111111,0.25,0.0,0.3333333333333333,0.0,0.0,0.0,0.0,0.0,0.0,0.0,0.1,0.0,0.0,0.08333333333333333,0.07142857142857142,0.0,0.375,0.0,0.0,0.0,0.0,0.0,0.0
Bedford-Stuyvesant,Brooklyn,neighborhood,0.175,0.12903225806451613,0.14814814814814814,0.125,0.14285714285714285,0.07142857142857142,0.12121212121212122,0.13333333333333333,0.11363636363636363,0.018867924528301886,0.0425531914893617,0.05405405405405406,0.125,0.061224489795918366,0.1111111111111111,0.0196078431372549,0.08333333333333333,0.022727272727272728,0.09803921568627451,0.03389830508474576,0.0784313725490196,0.08695652173913043,0.10869565217391304,0.0196078431372549,0.125,0.16176470588235295,0.12,0.11904761904761904,0.1509433962264151,0.22641509433962265,0.13333333333333333,0.08695652173913043,0.08771929824561403,0.12962962962962962,0.022727272727272728,0.03389830508474576,0.07547169811320754,0.09090909090909091,0.09090909090909091,0.09090909090909091,0.1951219512195122,0.1095890410958904,0.1375,0.1836734693877551,0.10526315789473684,0.1827956989247312,0.14606741573033707,0.07,0.14,0.1348314606741573,0.07462686567164178,0.1390728476821192,0.16551724137931034,0.18421052631578946,0.11170212765957446,0.08955223880597014,0.19072164948453607,0.1917808219178082,0.18930041152263374,0.10407239819004525,0.13924050632911392,0.09665427509293681,0.07692307692307693,0.12093023255813953,0.12121212121212122,0.11849710982658959,0.09090909090909091,0.1122715404699739,0.08408408408408409,0.17228464419475656,0.1685823754789272,0.14349775784753363,0.09170305676855896,0.13278008298755187,0.15699658703071673,0.15719063545150502,0.15064102564102563,0.18361581920903955,0.17086834733893558,0.16580310880829016,0.2,0.21656050955414013,0.246875,0.18892508143322476,0.20054945054945056,0.18719211822660098,0.20463320463320464,0.15833333333333333,0.1519230769230769,0.18095238095238095,0.14311926605504588,0.1676300578034682,0.22549019607843138,0.20353982300884957,0.18867924528301888,0.17699115044247787,0.14327485380116958,0.17559523809523808,0.18911174785100288,0.13648293963254593,0.14925373134328357,0.14423076923076922,0.16153846153846155,0.15789473684210525,0.20430107526881722,0.21626617375231053,0.18126272912423624,0.1240506329113924,0.15192743764172337,0.1614457831325301,0.1366906474820144,0.16363636363636364,0.19315403422982885,0.16481069042316257,0.14989293361884368,0.1488833746898263,0.20063694267515925,0.16785714285714284,0.140625,0.14901960784313725,0.13533834586466165,0.15355805243445692,0.12025316455696203,0.11153846153846154,0.22172949002217296,0.22593320235756384,0.24247226624405704,0.26346433770014555,0.2746585735963581,0.23788546255506607,0.20592592592592593,0.17425431711145997,0.17182662538699692,0.13541666666666666,0.1589825119236884,0.11867088607594936,0.10641399416909621,0.10851419031719532,0.09712230215827339,0.10514541387024609,0.07357859531772576,0.08333333333333333,0.09206349206349207,0.10839160839160839,0.11740890688259109,0.11158798283261803,0.11726384364820847,0.1115702479338843,0.102803738317757,0.12732919254658384,0.14958448753462603,0.1,0.16348773841961853,0.2116788321167883,0.24705882352941178,0.13733905579399142,0.15057915057915058,0.1916376306620209,0.17647058823529413,0.12624584717607973,0.1246376811594203,0.1273209549071618,0.1736842105263158,0.18527918781725888,0.16981132075471697,0.1875,0.1732283464566929,0.12462006079027356,0.14285714285714285,0.13609467455621302,0.164021164021164,0.06806282722513089,0.15186915887850466,0.15606936416184972,0.178,0.175054704595186,0.19362186788154898,0.19491525423728814,0.1554054054054054,0.17415730337078653,0.13316582914572864,0.15625,0.12,0.10455764075067024,0.11991434689507495,0.145610278372591,0.13580246913580246,0.1459227467811159,0.16859122401847576,0.14320987654320988,0.0893854748603352,0.0955223880597015,0.0962566844919786,0.09705882352941177,0.10978520286396182,0.078125,0.11917098445595854,0.12949640287769784,0.08430913348946135,0.1319910514541387
Bellerose,Queens,neighborhood,,,,,,,,,,,,,,,,,,,,,,,,,,,,,,,,,,,,,,,,,,,,,,,,0.0,0.0,0.0,0.0,,0.0,0.0,0.0,,0.0,1.0,0.0,,0.0,0.0,0.0,0.0,0.0,0.0,0.0,0.0,1.0,0.0,0.0,0.0,0.5,0.0,,0.0,0.0,0.0,0.0,0.0,0.0,0.0,0.0,0.0,0.0,0.0,,,,,0.0,0.5,0.0,0.0,,0.0,0.0,0.0,,,,,,,,,,0.0,,0.0,0.0,0.0,0.0,0.0,0.0,,,0.0,0.5,0.0,0.0,0.0,0.0,0.0,,,,1.0,,,,,,,1.0,0.0,0.5,1.0,0.0,0.0,,,0.0,0.0,,,,,,,,,,0.5,0.0,0.0,0.0,0.0,,0.0,,,,0.0,1.0,0.0,,,,,,0.0,,,,,0.0,0.0,0.0,,,,,0.0,0.0,0.0,0.0,,0.5,,,,1.0,1.0,,,0.0,0.0,,
Belmont,Bronx,neighborhood,,,,,,,,,,,,,,,,,,,,,,,,0.0,0.0,,,,,,,0.0,0.0,0.0,0.5,,,0.0,0.0,0.0,0.0,0.0,0.0,0.375,0.0,0.0,0.0,0.25,0.0,0.2222222222222222,0.0,0.0,0.0,,0.0,0.0,0.25,0.0,0.0,,0.0,0.0,0.0,,0.0,0.0,0.0,0.3333333333333333,0.3333333333333333,0.0,0.0,0.2,0.5,0.0,0.0,0.0,0.0,0.0,0.16666666666666666,0.0,0.0,0.0,0.0,0.0,0.2,0.0,0.0,0.0,0.0,0.0,0.125,0.0,0.2,0.0,0.14285714285714285,0.0,0.125,0.0,0.0,0.0,0.0,0.0,0.0,0.38461538461538464,0.14285714285714285,0.2,0.0,0.0,0.0,0.0,0.3333333333333333,0.2,0.0,0.2,0.0,0.2,0.0,0.1,0.3333333333333333,0.16666666666666666,0.14285714285714285,0.0,0.125,0.125,0.0,0.0,0.0,0.14285714285714285,0.2,0.2,0.0,0.0,0.0,0.0,0.0,0.0,0.0,0.0,0.2,0.14285714285714285,0.4,0.5,0.0,0.0,0.3333333333333333,0.0,0.25,0.0,0.0,0.5,0.0,0.0,0.2,0.0,0.0,0.0,0.0,0.0,0.16666666666666666,0.0,0.125,0.0,0.0,0.0,0.0,0.0,0.0,,0.0,0.0,0.0,0.0,0.0,0.0,0.125,0.0,0.0,0.0,0.2,0.0,0.0,0.0,0.0,0.0,0.16666666666666666,0.0,0.16666666666666666,0.16666666666666666,0.0,0.0,0.0,,0.0,0.0,,,0.0,0.0,0.0,0.0
Bensonhurst,Brooklyn,neighborhood,,,0.0,0.0,0.0,0.0,0.0,0.0,1.0,0.0,0.2857142857142857,0.0,0.0,0.0,0.0,0.0,0.0,0.125,0.16666666666666666,0.125,0.16666666666666666,0.0,0.0,0.0,0.0,0.0,0.0,0.0,0.2,0.5,0.5,0.0,0.0,0.0,0.0,,0.0,0.0,0.0,0.0,0.0,0.0,0.0,0.0,0.0,0.09090909090909091,0.0,0.0,0.0,0.0,0.0,0.0,0.0,0.1111111111111111,0.0,0.07142857142857142,0.0,0.0,0.08333333333333333,0.06666666666666667,0.09523809523809523,0.07142857142857142,0.1875,0.07692307692307693,0.0625,0.0,0.0,0.16666666666666666,0.0,0.0,0.09523809523809523,0.0625,0.0,0.0,0.2727272727272727,0.09090909090909091,0.2222222222222222,0.1,0.08333333333333333,0.09090909090909091,0.125,0.0,0.0625,0.0,0.2222222222222222,0.0,0.13333333333333333,0.04,0.1,0.08,0.11764705882352941,0.25,0.125,0.0,0.17647058823529413,0.0,0.09523809523809523,0.14285714285714285,0.1,0.06896551724137931,0.11764705882352941,0.14285714285714285,0.046511627906976744,0.0425531914893617,0.05128205128205128,0.06,0.125,0.17857142857142858,0.09375,0.08695652173913043,0.037037037037037035,0.03225806451612903,0.037037037037037035,0.07142857142857142,0.10204081632653061,0.061224489795918366,0.14285714285714285,0.1,0.2,0.13793103448275862,0.17647058823529413,0.1875,0.08333333333333333,0.0,0.06666666666666667,0.1935483870967742,0.12121212121212122,0.11627906976744186,0.1,0.1388888888888889,0.14285714285714285,0.08333333333333333,0.03278688524590164,0.018518518518518517,0.17777777777777778,0.14,0.017241379310344827,0.15254237288135594,0.06557377049180328,0.1111111111111111,0.057692307692307696,0.07692307692307693,0.07142857142857142,0.12121212121212122,0.0625,0.18181818181818182,0.09090909090909091,0.15625,0.05263157894736842,0.03225806451612903,0.05555555555555555,0.1,0.125,0.04,0.08,0.08333333333333333,0.0,0.16666666666666666,0.0,0.1111111111111111,0.21428571428571427,0.13043478260869565,0.16666666666666666,0.1,0.05555555555555555,0.13043478260869565,0.21428571428571427,0.0,0.14285714285714285,0.07142857142857142,0.25,0.1,0.1111111111111111,0.1875,0.12121212121212122,0.18518518518518517,0.0625,0.11764705882352941,0.13333333333333333,0.16666666666666666,0.07142857142857142,0.0,0.09090909090909091,0.0,0.11538461538461539,0.05555555555555555,0.14285714285714285,0.18181818181818182,0.10526315789473684,0.17391304347826086,0.125,0.23076923076923078,0.14285714285714285,0.08695652173913043,0.0,0.07692307692307693,0.0,0.25,0.0,0.0
Bergen Beach,Brooklyn,neighborhood,,,,,,,,,,,,,,0.0,,,,,,,,,,,,,,,,,,,,,,,,,0.0,0.0,,,1.0,0.0,,,,,,,,,,,,0.0,0.25,0.25,0.0,0.0,0.0,0.0,0.0,0.0,0.0,0.5,,,,,,,,,0.0,0.0,0.5,0.0,0.0,0.0,,0.0,0.0,0.0,0.0,0.0,0.0,0.0,0.0,0.0,0.0,,,0.0,0.0,0.0,0.0,,0.0,0.5,0.0,0.0,0.0,0.3333333333333333,0.0,0.0,0.0,0.0,0.0,0.0,0.25,0.0,0.0,0.0,,,0.0,0.0,0.25,0.0,,0.0,0.0,,,,0.0,0.3333333333333333,0.0,0.0,0.5,0.0,0.0,0.0,0.0,0.0,0.0,0.0,,0.0,0.0,0.2857142857142857,0.0,0.0,0.0,0.0,0.0,0.0,,0.0,0.0,0.0,0.0,0.0,0.0,,,,0.0,1.0,0.5,0.0,0.16666666666666666,0.4,0.0,0.0,0.0,0.0,0.0,,0.0,0.5,0.0,,0.0,0.0,0.0,0.0,,,,,,,0.0,,0.0,,0.0,0.0,,,0.0,0.0,0.0,,,0.0,0.0,0.3333333333333333
Boerum Hill,Brooklyn,neighborhood,0.0,0.18181818181818182,0.2,0.1,0.0,0.10526315789473684,0.0,0.14285714285714285,0.25,0.1,0.0,0.0,0.14285714285714285,0.0,0.125,0.2,0.0,0.0,0.0,0.0,0.0,0.0,0.0,0.0,0.0,0.0,0.0,0.16666666666666666,0.1875,0.2727272727272727,0.0,0.1111111111111111,0.2222222222222222,0.08333333333333333,0.0,0.14285714285714285,0.0,0.0,0.0,0.08333333333333333,0.0,0.0,0.23076923076923078,0.10526315789473684,0.21739130434782608,0.15,0.15789473684210525,0.2727272727272727,0.1111111111111111,0.14285714285714285,0.3125,0.06896551724137931,0.13043478260869565,0.13043478260869565,0.17073170731707318,0.14893617021276595,0.17857142857142858,0.12195121951219512,0.10256410256410256,0.12121212121212122,0.18181818181818182,0.22950819672131148,0.06,0.17391304347826086,0.10204081632653061,0.08333333333333333,0.12,0.1,0.1346153846153846,0.14285714285714285,0.12962962962962962,0.24561403508771928,0.10526315789473684,0.2127659574468085,0.17647058823529413,0.23076923076923078,0.21052631578947367,0.06666666666666667,0.13846153846153847,0.208955223880597,0.1111111111111111,0.26229508196721313,0.34545454545454546,0.09259259259259259,0.2,0.1076923076923077,0.14634146341463414,0.08235294117647059,0.13924050632911392,0.16666666666666666,0.1388888888888889,0.22033898305084745,0.19402985074626866,0.27586206896551724,0.17391304347826086,0.15384615384615385,0.10256410256410256,0.175,0.15384615384615385,0.11764705882352941,0.07272727272727272,0.1724137931034483,0.19607843137254902,0.13333333333333333,0.1836734693877551,0.21428571428571427,0.16666666666666666,0.1,0.1891891891891892,0.15789473684210525,0.13725490196078433,0.1346153846153846,0.1791044776119403,0.0945945945945946,0.14285714285714285,0.11666666666666667,0.2,0.11428571428571428,0.28,0.125,0.0,0.08695652173913043,0.11764705882352941,0.0,0.22857142857142856,0.15492957746478872,0.34,0.21495327102803738,0.3275862068965517,0.3548387096774194,0.25217391304347825,0.21739130434782608,0.16071428571428573,0.23711340206185566,0.2268041237113402,0.18823529411764706,0.06779661016949153,0.07547169811320754,0.038461538461538464,0.1276595744680851,0.06451612903225806,0.0967741935483871,0.1111111111111111,0.0,0.0,0.11764705882352941,0.17647058823529413,0.0,0.10526315789473684,0.10526315789473684,0.0967741935483871,0.28125,0.1891891891891892,0.21428571428571427,0.2222222222222222,0.2222222222222222,0.037037037037037035,0.15151515151515152,0.2,0.08333333333333333,0.03773584905660377,0.10416666666666667,0.15384615384615385,0.1590909090909091,0.10810810810810811,0.1724137931034483,0.17857142857142858,0.21739130434782608,0.06451612903225806,0.08823529411764706,0.12,0.0,0.0975609756097561,0.08695652173913043,0.1956521739130435,0.14893617021276595,0.30434782608695654,0.14285714285714285,0.17857142857142858,0.034482758620689655,0.08108108108108109,0.11764705882352941,0.037037037037037035,0.13333333333333333,0.17647058823529413,0.14705882352941177,0.19718309859154928,0.078125,0.078125,0.2,0.07692307692307693,0.1111111111111111,0.078125,0.13636363636363635,0.20689655172413793,0.12307692307692308,0.23943661971830985,0.12941176470588237,0.125,0.08955223880597014
Borough Park,Brooklyn,neighborhood,0.0,0.0,0.0,0.0,0.0,0.0,,0.0,,0.0,0.0,0.3333333333333333,0.0,0.0,0.0,0.0,0.0,0.0,0.0,0.0,0.0,0.0,0.0,0.0,0.0,1.0,0.0,0.0,0.0,0.0,0.2,0.5,0.0,0.0,0.0,0.0,0.0,,0.0,0.0,0.0,0.3333333333333333,0.3333333333333333,0.0,0.0,0.5,0.0,0.0,0.0,0.0,0.14285714285714285,0.25,0.0,0.0,0.125,0.0,0.07692307692307693,0.0,0.06666666666666667,0.17647058823529413,0.1,0.0,0.09090909090909091,0.16666666666666666,0.0,0.0,0.06666666666666667,0.05,0.25,0.07692307692307693,0.0,0.16666666666666666,0.07692307692307693,0.08333333333333333,0.0,0.0,0.09090909090909091,0.08333333333333333,0.0,0.05,0.0967741935483871,0.16666666666666666,0.2,0.28,0.0967741935483871,0.08108108108108109,0.05714285714285714,0.0967741935483871,0.13157894736842105,0.15789473684210525,0.07317073170731707,0.19047619047619047,0.043478260869565216,0.06666666666666667,0.19047619047619047,0.13043478260869565,0.0,0.12,0.05555555555555555,0.15625,0.034482758620689655,0.0,0.1724137931034483,0.20689655172413793,0.05,0.10714285714285714,0.17142857142857143,0.07692307692307693,0.0625,0.13043478260869565,0.2,0.09523809523809523,0.10256410256410256,0.1111111111111111,0.05714285714285714,0.15789473684210525,0.18181818181818182,0.05555555555555555,0.2777777777777778,0.14285714285714285,0.058823529411764705,0.07142857142857142,0.0,0.1,0.0,0.10810810810810811,0.046511627906976744,0.09523809523809523,0.1702127659574468,0.10256410256410256,0.28125,0.125,0.17857142857142858,0.07317073170731707,0.10526315789473684,0.12121212121212122,0.18181818181818182,0.1935483870967742,0.10810810810810811,0.08823529411764706,0.058823529411764705,0.0,0.09375,0.15,0.125,0.11363636363636363,0.0851063829787234,0.0625,0.1,0.024390243902439025,0.058823529411764705,0.08333333333333333,0.15,0.14285714285714285,0.23333333333333334,0.18518518518518517,0.11764705882352941,0.16666666666666666,0.0,0.038461538461538464,0.0,0.13333333333333333,0.07692307692307693,0.0625,0.07894736842105263,0.05,0.09090909090909091,0.1,0.19047619047619047,0.0,0.0,0.0,0.0,0.15384615384615385,0.30434782608695654,0.045454545454545456,0.08333333333333333,0.037037037037037035,0.0,0.08333333333333333,0.11538461538461539,0.045454545454545456,0.125,0.0,0.05,0.08,0.0625,0.034482758620689655,0.05714285714285714,0.0,0.07692307692307693,0.06666666666666667,0.058823529411764705,0.07692307692307693,0.047619047619047616,0.045454545454545456,0.03571428571428571,0.07142857142857142,0.05555555555555555,0.07692307692307693
Briarwood,Queens,neighborhood,0.25,0.14285714285714285,0.5,0.0,0.2,0.0,0.0,0.0,0.0,0.0,0.0,0.2,0.2,0.0,0.0,0.0,0.0,0.0,0.0,0.3333333333333333,0.0,0.0,0.0,0.0,0.25,0.0,0.0,0.0,0.0,0.0,0.0,0.0,0.25,0.25,0.2,0.25,0.0,0.125,0.0,0.25,0.125,0.07142857142857142,0.0,0.0,0.0,0.2857142857142857,0.1111111111111111,0.1,0.0,0.14285714285714285,0.09090909090909091,0.1111111111111111,0.13333333333333333,0.17647058823529413,0.0,0.07142857142857142,0.07142857142857142,0.16666666666666666,0.14285714285714285,0.08333333333333333,0.1,0.03571428571428571,0.0,0.0,0.038461538461538464,0.030303030303030304,0.3076923076923077,0.08333333333333333,0.1111111111111111,0.02857142857142857,0.19230769230769232,0.09523809523809523,0.29411764705882354,0.0,0.21739130434782608,0.041666666666666664,0.037037037037037035,0.08108108108108109,0.08108108108108109,0.025,0.2926829268292683,0.24528301886792453,0.3333333333333333,0.1320754716981132,0.04878048780487805,0.05660377358490566,0.037037037037037035,0.09523809523809523,0.075,0.10344827586206896,0.029411764705882353,0.22580645161290322,0.20512820512820512,0.18181818181818182,0.2,0.10344827586206896,0.15151515151515152,0.1935483870967742,0.15,0.15384615384615385,0.17857142857142858,0.0,0.07142857142857142,0.10256410256410256,0.10714285714285714,0.38235294117647056,0.22580645161290322,0.35714285714285715,0.2222222222222222,0.06060606060606061,0.07407407407407407,0.16666666666666666,0.18181818181818182,0.2,0.10869565217391304,0.15555555555555556,0.14814814814814814,0.2564102564102564,0.17777777777777778,0.15384615384615385,0.08928571428571429,0.12244897959183673,0.15789473684210525,0.21052631578947367,0.16,0.16279069767441862,0.1276595744680851,0.15,0.12,0.18333333333333332,0.17307692307692307,0.11764705882352941,0.13846153846153847,0.09210526315789473,0.1232876712328767,0.1,0.05,0.05405405405405406,0.047619047619047616,0.06153846153846154,0.05263157894736842,0.09090909090909091,0.06666666666666667,0.1320754716981132,0.056338028169014086,0.1276595744680851,0.06315789473684211,0.045454545454545456,0.023809523809523808,0.1,0.022222222222222223,0.08928571428571429,0.058823529411764705,0.07017543859649122,0.13793103448275862,0.05128205128205128,0.01818181818181818,0.07246376811594203,0.057692307692307696,0.058823529411764705,0.10526315789473684,0.0,0.07317073170731707,0.09433962264150944,0.045454545454545456,0.14705882352941177,0.03333333333333333,0.06060606060606061,0.06818181818181818,0.07407407407407407,0.16666666666666666,0.047619047619047616,0.15,0.09090909090909091,0.0,0.20930232558139536,0.13043478260869565,0.09090909090909091,0.16216216216216217,0.15151515151515152,0.13793103448275862,0.13513513513513514,0.1,0.024390243902439025,0.06976744186046512,0.13953488372093023,0.05263157894736842,0.05405405405405406,0.13793103448275862,0.17857142857142858,0.07142857142857142,0.11538461538461539,0.14285714285714285,0.21428571428571427,0.07692307692307693,0.16,0.08333333333333333,0.15625,0.16666666666666666,0.1111111111111111
Brighton Beach,Brooklyn,neighborhood,0.0,0.0,0.0,0.0,,0.0,0.0,0.0,0.0,0.0,0.0,0.0,0.0,0.0,0.0,0.16666666666666666,0.0,0.0,0.0,0.0,0.0,0.42857142857142855,0.0,0.3333333333333333,0.0,0.0,0.75,0.0,0.0,0.0,0.0,0.0,0.0,0.1,0.1111111111111111,0.1,0.14285714285714285,0.25,0.0,0.125,0.0,0.2222222222222222,0.25,0.0,0.0,0.07142857142857142,0.05263157894736842,0.06666666666666667,0.0,0.0,0.0,0.1,0.18181818181818182,0.0,0.0,0.0,0.058823529411764705,0.0,0.2777777777777778,0.2926829268292683,0.2571428571428571,0.2857142857142857,0.25,0.0,0.0,0.034482758620689655,0.06666666666666667,0.1724137931034483,0.12121212121212122,0.12121212121212122,0.1891891891891892,0.1794871794871795,0.10204081632653061,0.18421052631578946,0.06666666666666667,0.058823529411764705,0.1724137931034483,0.20588235294117646,0.06666666666666667,0.06666666666666667,0.07692307692307693,0.13043478260869565,0.13043478260869565,0.19047619047619047,0.1,0.15789473684210525,0.029411764705882353,0.0,0.15217391304347827,0.037037037037037035,0.05405405405405406,0.06666666666666667,0.13333333333333333,0.19047619047619047,0.21428571428571427,0.09090909090909091,0.21739130434782608,0.29411764705882354,0.15384615384615385,0.23684210526315788,0.15384615384615385,0.20512820512820512,0.3333333333333333,0.10526315789473684,0.18421052631578946,0.1388888888888889,0.13333333333333333,0.15625,0.38235294117647056,0.13513513513513514,0.30952380952380953,0.1509433962264151,0.023809523809523808,0.1282051282051282,0.17307692307692307,0.2826086956521739,0.28205128205128205,0.16216216216216217,0.3142857142857143,0.18518518518518517,0.13043478260869565,0.15384615384615385,0.2222222222222222,0.26666666666666666,0.0,0.06666666666666667,0.391304347826087,0.2619047619047619,0.11475409836065574,0.16,0.1891891891891892,0.18421052631578946,0.20930232558139536,0.14583333333333334,0.20689655172413793,0.125,0.1935483870967742,0.1,0.16666666666666666,0.20588235294117646,0.06060606060606061,0.02702702702702703,0.07692307692307693,0.17857142857142858,0.13513513513513514,0.125,0.1276595744680851,0.0,0.07692307692307693,0.03571428571428571,0.13333333333333333,0.14285714285714285,0.10526315789473684,0.13333333333333333,0.18181818181818182,0.04,0.0,0.09090909090909091,0.06666666666666667,0.06666666666666667,0.07692307692307693,0.08,0.125,0.034482758620689655,0.12,0.05263157894736842,0.11764705882352941,0.13333333333333333,0.15,0.06666666666666667,0.05555555555555555,0.0,0.17647058823529413,0.0,0.038461538461538464,0.12903225806451613,0.043478260869565216,0.2631578947368421,0.04,0.0,0.0,0.18518518518518517,0.14814814814814814,0.047619047619047616,0.038461538461538464,0.041666666666666664,0.11764705882352941,0.16,0.13793103448275862,0.13333333333333333,0.0,0.08,0.0,0.14285714285714285,0.15,0.05263157894736842,0.047619047619047616,0.1,0.24,0.047619047619047616
Bronx,Bronx,borough,0.02631578947368421,0.03614457831325301,0.05333333333333334,0.0,0.019230769230769232,0.023255813953488372,0.06060606060606061,0.034482758620689655,0.05,0.07142857142857142,0.0,0.10344827586206896,0.1276595744680851,0.06382978723404255,0.05,0.08695652173913043,0.0392156862745098,0.019230769230769232,0.0,0.05813953488372093,0.0707070707070707,0.0594059405940594,0.07692307692307693,0.043478260869565216,0.0967741935483871,0.07865168539325842,0.09278350515463918,0.08421052631578947,0.07865168539325842,0.02912621359223301,0.10784313725490197,0.11458333333333333,0.08421052631578947,0.14545454545454545,0.07142857142857142,0.07,0.1134020618556701,0.12121212121212122,0.13402061855670103,0.11926605504587157,0.10091743119266056,0.038461538461538464,0.05555555555555555,0.09782608695652174,0.06896551724137931,0.10112359550561797,0.12222222222222222,0.13636363636363635,0.13725490196078433,0.11666666666666667,0.058394160583941604,0.11764705882352941,0.024193548387096774,0.04895104895104895,0.04975124378109453,0.054474708171206226,0.07547169811320754,0.06222222222222222,0.0364963503649635,0.027972027972027972,0.06734006734006734,0.04153354632587859,0.03857566765578635,0.04472843450479233,0.030508474576271188,0.05325443786982249,0.05420054200542006,0.05904059040590406,0.06766917293233082,0.078125,0.09698996655518395,0.05806451612903226,0.0950920245398773,0.07641196013289037,0.04391891891891892,0.0851063829787234,0.03914590747330961,0.04814814814814815,0.07272727272727272,0.0701219512195122,0.05013927576601671,0.062146892655367235,0.052054794520547946,0.04242424242424243,0.08695652173913043,0.06666666666666667,0.05454545454545454,0.10761154855643044,0.07862407862407862,0.0502283105022831,0.07017543859649122,0.04827586206896552,0.10139860139860139,0.08524590163934426,0.08783783783783784,0.060498220640569395,0.1018867924528302,0.11284046692607004,0.0653061224489796,0.08936170212765958,0.06273062730627306,0.0673758865248227,0.0641025641025641,0.11811023622047244,0.1021021021021021,0.13164556962025317,0.13350785340314136,0.09815950920245399,0.08823529411764706,0.08031088082901554,0.08717948717948718,0.0891891891891892,0.12009803921568628,0.10306406685236769,0.07125307125307126,0.07541899441340782,0.134375,0.10542168674698796,0.16037735849056603,0.08480565371024736,0.0916030534351145,0.08016877637130802,0.12745098039215685,0.06040268456375839,0.045454545454545456,0.09836065573770492,0.10175438596491228,0.115625,0.10855263157894737,0.12658227848101267,0.0963855421686747,0.08358208955223881,0.09749303621169916,0.05537459283387622,0.04154302670623145,0.05362776025236593,0.04964539007092199,0.05459770114942529,0.08108108108108109,0.08488063660477453,0.06832298136645963,0.08888888888888889,0.06948640483383686,0.07553956834532374,0.06748466257668712,0.017191977077363897,0.06218905472636816,0.0594059405940594,0.03869047619047619,0.05128205128205128,0.0755813953488372,0.058333333333333334,0.06547619047619048,0.0718232044198895,0.072,0.06233766233766234,0.08421052631578947,0.0906515580736544,0.07352941176470588,0.08092485549132948,0.09090909090909091,0.08256880733944955,0.1225071225071225,0.10599078341013825,0.10512129380053908,0.08951406649616368,0.10028653295128939,0.11890243902439024,0.07651715039577836,0.07672634271099744,0.06937799043062201,0.0725,0.07868020304568528,0.06310679611650485,0.06666666666666667,0.05191873589164785,0.07780320366132723,0.07801418439716312,0.08495145631067962,0.057356608478802994,0.06575963718820861,0.13691931540342298,0.07331975560081466,0.0397489539748954,0.035864978902953586,0.050239234449760764,0.09280742459396751,0.09343434343434344,0.09555555555555556,0.018442622950819672,0.08184143222506395,0.09090909090909091,0.06753246753246753,0.0868421052631579,0.07655502392344497,0.03504043126684636,0.04962779156327544,0.0911214953271028,0.08695652173913043,0.0700218818380744
Bronxwood,Bronx,neighborhood,,,,,,,,,,,,,,,,0.0,0.0,,,0.0,0.0,0.0,0.0,0.0,0.0,0.5,0.0,,0.0,0.0,0.0,0.0,0.0,0.0,0.0,0.0,0.0,0.0,0.0,0.0,0.0,0.0,0.0,0.0,0.0,0.0,0.0,0.0,0.0,0.0,0.0,,0.0,0.0,0.0,0.125,0.0,0.0,0.0,0.0,0.0,0.2,0.0,0.0,0.0,,0.0,0.2,0.0,0.0,0.0,0.14285714285714285,0.5,0.0,0.0,0.0,,0.0,,0.0,0.0,0.125,0.0,0.0,0.0625,0.1875,0.0,0.0,0.2,0.0,0.0,0.16666666666666666,0.14285714285714285,0.08333333333333333,0.3,0.2,0.0,0.06666666666666667,0.0,0.0,0.0,0.08333333333333333,0.0,0.0,0.0,0.07692307692307693,0.0,0.0,0.05,0.05,0.14285714285714285,0.1111111111111111,0.0,0.25,0.08333333333333333,0.0,0.2,0.0,0.08333333333333333,0.0,0.23809523809523808,0.0,0.0,0.0,,0.0,0.0,0.0,0.0,0.2,0.3333333333333333,0.2,0.0,0.0,0.0,0.0,0.0,0.1,0.0,0.2,0.1,0.125,0.25,0.0,0.0,0.0,0.0,0.0,0.2,0.1111111111111111,0.2222222222222222,0.0,0.0,0.0,0.16666666666666666,0.09090909090909091,0.2,0.0,0.1,0.0,0.0,0.25,0.14285714285714285,0.0,0.0,0.0,0.3333333333333333,0.0,0.16666666666666666,0.5,0.5,0.0,0.2857142857142857,0.0,0.0,0.0,,0.2,0.0,,0.0,0.0,0.0,0.0,0.0,0.0,,0.0,0.0,0.0,0.0,0.0,0.0,0.0,0.0,0.0,0.0,0.25,0.0,0.0
Brooklyn,Brooklyn,borough,0.14407988587731813,0.13505311077389984,0.11879699248120301,0.12259970457902511,0.10543657331136738,0.09827586206896552,0.09380863039399624,0.08976660682226212,0.10358565737051793,0.09208103130755065,0.1111111111111111,0.07520325203252033,0.1045531197301855,0.08928571428571429,0.0851063829787234,0.06829268292682927,0.0943952802359882,0.06167400881057269,0.0875,0.09510086455331412,0.07232704402515723,0.12908496732026145,0.11129032258064517,0.06955380577427822,0.12011173184357542,0.10935441370223979,0.12634408602150538,0.09461426491994178,0.11827956989247312,0.10844748858447488,0.09257142857142857,0.09954233409610984,0.0911214953271028,0.15307262569832403,0.0736196319018405,0.06768837803320563,0.11014176663031625,0.08901098901098901,0.11318681318681319,0.10020449897750511,0.1154562383612663,0.10975609756097561,0.10993485342019543,0.13309608540925266,0.11690046760187041,0.15749414519906324,0.1622554660529344,0.11212938005390835,0.11608863198458574,0.10480349344978165,0.10621634850709741,0.11920199501246882,0.10930350788002034,0.12307692307692308,0.11867219917012448,0.11880409126671912,0.14122287968441816,0.1527777777777778,0.15519765739385066,0.12318840579710146,0.10650488709133805,0.09771658831430491,0.10243741765480896,0.0977792509115015,0.10623781676413255,0.11148442272449603,0.1056934306569343,0.12990762124711316,0.1288627935723115,0.15524193548387097,0.1562385656787413,0.12415708052360175,0.13954344624447718,0.15775298191612158,0.16325811001410437,0.15627165627165626,0.15890850722311398,0.1691927002783792,0.17189791727779408,0.17807456872565386,0.1899971256108077,0.2211808809746954,0.21804043545878693,0.1832734400522705,0.1855642337732292,0.18442953020134228,0.1704312114989733,0.15971256374594345,0.16507870753935378,0.16947822675559043,0.1516751269035533,0.19795692987299834,0.22656027358221714,0.21897018970189702,0.21186199030510408,0.16933207902163688,0.19185059422750425,0.1884393063583815,0.17280300994356357,0.15015479876160992,0.1506425511661114,0.1665886757136172,0.1506660542030317,0.16406764770481003,0.18102636534839925,0.19963332654308413,0.17422279792746115,0.1467341306347746,0.14150360453141092,0.1461113667740451,0.13667476264075956,0.13738793312333414,0.12370182321717055,0.1302170283806344,0.12642857142857142,0.13207070707070706,0.1648287869994196,0.1561771561771562,0.16564651874521805,0.14963205233033525,0.1452991452991453,0.1386946386946387,0.1326994625878462,0.16027197668771248,0.20728992765720647,0.2241484805221293,0.2554445718028492,0.2608382543569062,0.254792220512103,0.2553311679141364,0.2141558047893301,0.18041485769416304,0.15227779547626633,0.14232342999466288,0.13434310174514325,0.11540374730558779,0.10826738508166359,0.10564663023679417,0.09645709604751178,0.09674352270026147,0.07535121328224777,0.09870049504950495,0.09832134292565947,0.11450662739322533,0.08954154727793696,0.09370199692780339,0.09575878064943671,0.07988055244494215,0.08971072867081654,0.10751206064782909,0.11149174711927748,0.13317191283292978,0.17043253712072304,0.18313953488372092,0.19477693144722524,0.15261044176706828,0.13505642519111757,0.14388762338648445,0.1313197636244255,0.11459074733096085,0.11976235146966854,0.14976133651551313,0.15480225988700566,0.16567567567567568,0.17211813274055254,0.18985322271857052,0.18237179487179486,0.1485325697924123,0.14427203697589963,0.1354621848739496,0.14746682750301568,0.1257428839537066,0.13877768881772085,0.15882048629073978,0.16866651573466154,0.16708744549001606,0.18329297820823245,0.1573805122788487,0.1563071297989031,0.13115823817292008,0.12485448195576251,0.12111604311984782,0.11598013438504236,0.10713254403696217,0.12702305051495832,0.12980651481753613,0.14750739813339403,0.15787187839305103,0.13951415199465123,0.14299876084262703,0.13717461245978357,0.10226244343891402,0.10775988286969253,0.1059748427672956,0.11198481561822125,0.10264810264810265,0.12789827973074047,0.13272727272727272,0.12305611899932387,0.13375640712716622
Brooklyn Heights,Brooklyn,neighborhood,0.1590909090909091,0.10638297872340426,0.1320754716981132,0.06779661016949153,0.10526315789473684,0.06666666666666667,0.038461538461538464,0.13333333333333333,0.09375,0.038461538461538464,0.13043478260869565,0.09090909090909091,0.15384615384615385,0.13636363636363635,0.2222222222222222,0.043478260869565216,0.05263157894736842,0.06382978723404255,0.05660377358490566,0.0851063829787234,0.06818181818181818,0.16216216216216217,0.11627906976744186,0.09803921568627451,0.25,0.12903225806451613,0.2413793103448276,0.07142857142857142,0.1896551724137931,0.07017543859649122,0.06,0.05405405405405406,0.06060606060606061,0.08108108108108109,0.0,0.08333333333333333,0.11764705882352941,0.045454545454545456,0.1111111111111111,0.0,0.11764705882352941,0.07547169811320754,0.15625,0.21739130434782608,0.0684931506849315,0.14942528735632185,0.22727272727272727,0.26804123711340205,0.22857142857142856,0.1951219512195122,0.20930232558139536,0.24324324324324326,0.0759493670886076,0.2403846153846154,0.10569105691056911,0.18699186991869918,0.21008403361344538,0.3482142857142857,0.25,0.1693548387096774,0.12389380530973451,0.13829787234042554,0.12,0.22556390977443608,0.17293233082706766,0.16393442622950818,0.1188118811881188,0.16071428571428573,0.14705882352941177,0.2897196261682243,0.2857142857142857,0.10126582278481013,0.2413793103448276,0.14864864864864866,0.18181818181818182,0.2962962962962963,0.21359223300970873,0.2682926829268293,0.291970802919708,0.24817518248175183,0.20491803278688525,0.2761904761904762,0.23469387755102042,0.17204301075268819,0.17355371900826447,0.232,0.21897810218978103,0.189873417721519,0.2468354430379747,0.15508021390374332,0.1878453038674033,0.23076923076923078,0.28431372549019607,0.28846153846153844,0.2553191489361702,0.23655913978494625,0.2872340425531915,0.23958333333333334,0.19626168224299065,0.16923076923076924,0.20689655172413793,0.11650485436893204,0.09574468085106383,0.30120481927710846,0.27419354838709675,0.25757575757575757,0.26506024096385544,0.375,0.26881720430107525,0.20430107526881722,0.21367521367521367,0.26804123711340205,0.13953488372093023,0.21621621621621623,0.1511627906976744,0.18487394957983194,0.2072072072072072,0.3023255813953488,0.21739130434782608,0.1774193548387097,0.3,0.11764705882352941,0.27906976744186046,0.44,0.2871287128712871,0.31724137931034485,0.3556701030927835,0.36637931034482757,0.3217391304347826,0.3656387665198238,0.2692307692307692,0.1891891891891892,0.2138728323699422,0.1987179487179487,0.13861386138613863,0.14736842105263157,0.11827956989247312,0.12056737588652482,0.140625,0.11538461538461539,0.2835820895522388,0.24193548387096775,0.13043478260869565,0.1891891891891892,0.21052631578947367,0.2553191489361702,0.2542372881355932,0.24615384615384617,0.21518987341772153,0.26506024096385544,0.18421052631578946,0.22580645161290322,0.26865671641791045,0.417910447761194,0.36231884057971014,0.23728813559322035,0.373134328358209,0.12121212121212122,0.2112676056338028,0.22388059701492538,0.14864864864864866,0.19480519480519481,0.30120481927710846,0.3411764705882353,0.3333333333333333,0.21875,0.1875,0.2857142857142857,0.2153846153846154,0.3,0.2857142857142857,0.23076923076923078,0.21739130434782608,0.24285714285714285,0.22826086956521738,0.32,0.22,0.19148936170212766,0.15384615384615385,0.2,0.15254237288135594,0.2641509433962264,0.22033898305084745,0.32894736842105265,0.23655913978494625,0.22972972972972974,0.24193548387096775,0.3181818181818182,0.3188405797101449,0.25396825396825395,0.36,0.21951219512195122,0.2537313432835821,0.27419354838709675,0.24324324324324326,0.3484848484848485,0.4782608695652174,0.36065573770491804,0.2,0.22641509433962265
Brookville,Queens,neighborhood,,,,,,,,,,,,,,,,,,,,,,,,,,,,,,,,,,,,,,,,,,,,,,,,,,,,,,,,,,,,,,,,,,,,,,,,,,,,,,,,,,,,,,,,,,,,,,,,,,,,,,,,,,,,,,,,,,,,,,,,,,,,,,,,,,,,,,,,,,0.0,1.0,,,,0.0,0.0,,,,,,,,,0.0,,,,0.0,0.5,0.0,,,0.0,0.0,,,,0.0,,,,,,,,,,,0.0,0.0,,,,,,,,,,,,,,,,,,,,,
Brownsville,Brooklyn,neighborhood,,,0.0,,,,,,,,,0.0,0.0,1.0,0.0,,,,,,0.0,0.0,0.0,0.3333333333333333,0.0,0.0,0.0,0.0,1.0,0.0,0.0,0.0,0.0,0.0,,0.0,0.0,0.0,1.0,0.0,0.0,,0.0,0.5,0.16666666666666666,0.2,0.0,0.0,0.0,0.3333333333333333,0.0,0.0,0.14285714285714285,0.14285714285714285,0.16666666666666666,0.0,0.25,0.0,0.0,0.14285714285714285,0.05555555555555555,0.041666666666666664,0.05,0.05,0.037037037037037035,0.0,0.0,0.1111111111111111,0.1875,0.0,0.05555555555555555,0.0,0.18181818181818182,0.2727272727272727,0.21428571428571427,0.07142857142857142,0.0,0.0,0.0,0.09090909090909091,0.0,0.0,0.2,0.09090909090909091,0.0,0.25,0.0625,0.0,0.07692307692307693,0.0,0.2222222222222222,0.0,0.16666666666666666,0.1,0.13333333333333333,0.0,0.05555555555555555,0.0,0.14285714285714285,0.3,0.0,0.1111111111111111,0.125,0.0,0.0,0.09090909090909091,0.09090909090909091,0.3333333333333333,0.14285714285714285,0.14285714285714285,0.07692307692307693,0.09090909090909091,0.25,0.0,0.0,0.09090909090909091,0.0,0.0,0.16666666666666666,0.5,0.3333333333333333,0.0,0.0,0.0,0.0,0.0,0.0,0.07692307692307693,0.2,0.3333333333333333,0.0,0.0,0.25,0.3,0.2,0.0,0.058823529411764705,0.16666666666666666,0.15789473684210525,0.0,0.0,0.041666666666666664,0.15,0.0,0.0,0.25,0.1,0.0,0.0,0.0,0.06666666666666667,0.11538461538461539,0.14285714285714285,0.045454545454545456,0.058823529411764705,0.07142857142857142,0.0,0.0625,0.1875,0.23076923076923078,0.0,0.0,0.0,0.2631578947368421,0.047619047619047616,0.0,0.21428571428571427,0.0,0.0,0.15384615384615385,0.1111111111111111,0.13333333333333333,0.1,0.18181818181818182,0.0,0.1,0.2857142857142857,0.0,0.0,0.14285714285714285,0.0,0.09090909090909091,0.0,0.125,0.0,0.0,0.0,0.0,0.2,0.1111111111111111,0.16666666666666666,0.0,0.0,0.0,0.0,0.25,0.0,0.0,0.0,0.09090909090909091
Bushwick,Brooklyn,neighborhood,0.0,0.0,0.36363636363636365,0.0967741935483871,0.0,0.0,0.0,0.0,0.0,0.0,0.0,0.0,0.0,0.0,0.017241379310344827,0.0,0.08333333333333333,0.05555555555555555,0.2,0.16666666666666666,0.25,0.0,0.0,0.0,0.0,0.0,0.0,0.125,0.0,0.125,0.0,0.07142857142857142,0.0,0.0,0.0,0.125,0.18181818181818182,0.42105263157894735,0.0,0.043478260869565216,0.14285714285714285,0.037037037037037035,0.0,0.08108108108108109,0.09302325581395349,0.1,0.07692307692307693,0.2222222222222222,0.25,0.28846153846153844,0.1111111111111111,0.2222222222222222,0.21311475409836064,0.08,0.056338028169014086,0.11290322580645161,0.09836065573770492,0.24050632911392406,0.2,0.046875,0.14084507042253522,0.09859154929577464,0.05263157894736842,0.02,0.07,0.14615384615384616,0.09467455621301775,0.12781954887218044,0.12244897959183673,0.2112676056338028,0.21311475409836064,0.08,0.11494252873563218,0.10714285714285714,0.08421052631578947,0.14432989690721648,0.16379310344827586,0.1623931623931624,0.15753424657534246,0.19047619047619047,0.2835820895522388,0.2116788321167883,0.2702702702702703,0.1724137931034483,0.2,0.13114754098360656,0.21794871794871795,0.2229299363057325,0.18974358974358974,0.16182572614107885,0.17194570135746606,0.22279792746113988,0.1952662721893491,0.23770491803278687,0.19424460431654678,0.22857142857142856,0.2122905027932961,0.17886178861788618,0.10344827586206896,0.1437908496732026,0.1787709497206704,0.22613065326633167,0.1306532663316583,0.13099041533546327,0.14391143911439114,0.17134831460674158,0.15223097112860892,0.11764705882352941,0.1118421052631579,0.11369509043927649,0.1072463768115942,0.10743801652892562,0.11320754716981132,0.10385756676557864,0.1038961038961039,0.15666666666666668,0.1916376306620209,0.10970464135021098,0.1564245810055866,0.152317880794702,0.15668202764976957,0.0892018779342723,0.09895833333333333,0.13580246913580246,0.302491103202847,0.14849187935034802,0.27157894736842103,0.259047619047619,0.1900369003690037,0.19038461538461537,0.17267552182163187,0.22162162162162163,0.13097345132743363,0.10091743119266056,0.13559322033898305,0.09882747068676717,0.10014947683109118,0.07853403141361257,0.0641025641025641,0.08045977011494253,0.06907894736842106,0.08955223880597014,0.05701754385964912,0.11353711790393013,0.07818930041152264,0.057971014492753624,0.11627906976744186,0.07749077490774908,0.07048458149779736,0.12099644128113879,0.07196969696969698,0.08550185873605948,0.12350597609561753,0.16151202749140894,0.18791946308724833,0.16597510373443983,0.12260536398467432,0.16666666666666666,0.15151515151515152,0.08130081300813008,0.13707165109034267,0.1544502617801047,0.14681440443213298,0.19005847953216373,0.2037735849056604,0.24812030075187969,0.18027210884353742,0.1259259259259259,0.12781954887218044,0.09090909090909091,0.09698996655518395,0.14057507987220447,0.13385826771653545,0.17480719794344474,0.1875,0.1984732824427481,0.17258883248730963,0.18018018018018017,0.1709090909090909,0.1254125412541254,0.14098360655737704,0.08914728682170543,0.13011152416356878,0.12074303405572756,0.14395886889460155,0.18925831202046037,0.1398176291793313,0.1728395061728395,0.1657754010695187,0.15112540192926044,0.14893617021276595,0.13414634146341464,0.08433734939759036,0.1111111111111111,0.1450980392156863,0.11583011583011583,0.1259259259259259,0.1681159420289855,0.13505747126436782,0.19756838905775076
Cambria Heights,Queens,neighborhood,,,,,,,,,,,,,,,,,,,,,,,,,,,,,,,,,,,,,,,,,,,,,,,,,,,,,,,,,,,,,,,,,,,,,,,,,,0.0,,,0.0,0.0,0.0,0.0,0.0,0.0,0.0,0.0,0.0,,0.0,0.0,0.0,0.0,0.0,,,,,,,,,,,,,,,,,,,,,,,,,,,,,0.0,,,,,0.0,1.0,0.0,,,,,,,,,,,,0.0,0.0,,,,,,,,,,0.0,,,,,,,,0.0,,,,,,,,,,,,,,,,0.0,,,,,0.0,0.0,,0.0,0.0,,,,,,,0.0,0.0,0.0,,,,,,,,
Canarsie,Brooklyn,neighborhood,,0.0,0.0,0.0,,,,,,0.0,0.5,0.0,0.0,0.0,0.0,0.0,0.0,0.0,,0.0,0.0,0.0,,,,,,,,,,,1.0,0.0,0.0,0.0,0.0,0.0,0.0,0.0,,,0.0,0.0,0.3333333333333333,0.0,0.0,0.0,0.0,0.0,0.0,0.0,0.0,0.5,0.3333333333333333,0.0,0.0,0.0,0.3333333333333333,0.0,0.0,0.0,0.0,0.0,0.0,0.0,0.0,0.0,0.0,0.0,0.0,0.2,0.3333333333333333,1.0,0.0,0.0,0.0,,0.0,0.0,0.5,0.0,0.0,0.2,0.0,0.0,0.0,0.0,0.0,0.0,0.0,0.0,0.3333333333333333,0.3333333333333333,0.0,0.0,0.0,0.0,0.14285714285714285,0.4,0.0,0.0,0.5,0.0,0.0,0.0,0.2,0.0,0.16666666666666666,0.2222222222222222,0.0,,0.0,0.0,0.0,0.0,0.0,0.2,0.0,0.0,0.0,0.0,0.0,0.0,0.0,0.0,0.0,0.0,0.5,0.3333333333333333,0.0,0.16666666666666666,0.0,0.14285714285714285,0.0,0.0,0.0,0.0,0.6,0.16666666666666666,0.0,0.0,0.0,0.0,0.18181818181818182,0.0,0.16666666666666666,0.0,0.0,0.0,0.5,0.0,0.23076923076923078,0.1111111111111111,0.08333333333333333,0.08333333333333333,0.0,0.0,0.0,0.0,0.0,0.2,0.125,0.0,0.5,0.0,0.0,0.4444444444444444,0.0,0.125,0.2,0.3333333333333333,0.0,0.0,0.0,0.0,0.25,0.3333333333333333,0.0,0.3333333333333333,0.2,0.0,0.0,0.0,0.0,0.0,0.4,0.0,0.0,0.0,0.0,0.0,0.0,0.3333333333333333,0.0,0.0,0.125,0.3333333333333333,0.16666666666666666,0.0
Carroll Gardens,Brooklyn,neighborhood,0.13333333333333333,0.06896551724137931,0.15384615384615385,0.12,0.125,0.19230769230769232,0.10526315789473684,0.26666666666666666,0.2727272727272727,0.07692307692307693,0.07142857142857142,0.0,0.09090909090909091,0.07692307692307693,0.09523809523809523,0.16666666666666666,0.04,0.1111111111111111,0.13333333333333333,0.0,0.08333333333333333,0.13333333333333333,0.17647058823529413,0.0,0.21052631578947367,0.05555555555555555,0.23529411764705882,0.21428571428571427,0.13333333333333333,0.4,0.19047619047619047,0.16666666666666666,0.0,0.3125,0.09523809523809523,0.10526315789473684,0.043478260869565216,0.0625,0.0625,0.05555555555555555,0.36363636363636365,0.2,0.05263157894736842,0.0,0.0625,0.21052631578947367,0.14285714285714285,0.043478260869565216,0.3,0.1111111111111111,0.12244897959183673,0.12244897959183673,0.1346153846153846,0.140625,0.14285714285714285,0.12857142857142856,0.2037037037037037,0.17582417582417584,0.1509433962264151,0.13793103448275862,0.13114754098360656,0.15942028985507245,0.1686746987951807,0.12941176470588237,0.19117647058823528,0.1864406779661017,0.1282051282051282,0.15476190476190477,0.16923076923076924,0.07936507936507936,0.21212121212121213,0.16666666666666666,0.11940298507462686,0.0945945945945946,0.2375,0.09722222222222222,0.140625,0.1095890410958904,0.21978021978021978,0.2073170731707317,0.18032786885245902,0.2459016393442623,0.2537313432835821,0.14492753623188406,0.18181818181818182,0.2361111111111111,0.18811881188118812,0.168141592920354,0.2897196261682243,0.2719298245614035,0.2127659574468085,0.16176470588235295,0.12280701754385964,0.20967741935483872,0.3275862068965517,0.17307692307692307,0.2641509433962264,0.21212121212121213,0.16417910447761194,0.18032786885245902,0.13432835820895522,0.21052631578947367,0.14516129032258066,0.12121212121212122,0.25,0.1506849315068493,0.25,0.14583333333333334,0.171875,0.2,0.13043478260869565,0.2125,0.09574468085106383,0.14634146341463414,0.13924050632911392,0.125,0.08,0.21818181818181817,0.24074074074074073,0.09090909090909091,0.13043478260869565,0.06976744186046512,0.1282051282051282,0.03225806451612903,0.16279069767441862,0.1702127659574468,0.3233082706766917,0.25316455696202533,0.33544303797468356,0.36312849162011174,0.23376623376623376,0.19424460431654678,0.1791044776119403,0.21487603305785125,0.16393442622950818,0.1523809523809524,0.14285714285714285,0.11627906976744186,0.13513513513513514,0.07042253521126761,0.125,0.08571428571428572,0.09523809523809523,0.1111111111111111,0.13333333333333333,0.043478260869565216,0.05555555555555555,0.13043478260869565,0.030303030303030304,0.05,0.16,0.034482758620689655,0.08333333333333333,0.2,0.17391304347826086,0.2,0.0,0.16666666666666666,0.15151515151515152,0.075,0.15151515151515152,0.14285714285714285,0.11764705882352941,0.09090909090909091,0.15789473684210525,0.21951219512195122,0.14285714285714285,0.0,0.06896551724137931,0.13333333333333333,0.1282051282051282,0.08571428571428572,0.06451612903225806,0.2682926829268293,0.1702127659574468,0.16279069767441862,0.11428571428571428,0.15384615384615385,0.14814814814814814,0.25,0.058823529411764705,0.027777777777777776,0.10714285714285714,0.10256410256410256,0.09523809523809523,0.029411764705882353,0.17073170731707318,0.10869565217391304,0.15555555555555556,0.16216216216216217,0.14705882352941177,0.12,0.15,0.23809523809523808,0.03571428571428571,0.06666666666666667,0.16666666666666666,0.19047619047619047,0.1111111111111111,0.10638297872340426
Castle Hill,Bronx,neighborhood,,,,,,,,,,,,,,,,,,,,,,,,,,,,,,,,0.0,1.0,0.0,0.0,0.0,,0.0,1.0,0.0,,,,,,,,,,,,,,,,,,,,0.0,0.18181818181818182,0.0,0.0,0.0,0.0,0.0,0.0,0.5,0.0,0.09090909090909091,0.0,0.2,0.2,0.5,0.3333333333333333,0.0,0.0,0.0,0.0,0.0,0.047619047619047616,0.0,0.0,0.0,0.0,0.0,0.0,0.0,0.0,0.0,0.0,0.3333333333333333,0.0,0.16666666666666666,0.0,0.0,0.0,0.0,0.0,0.0,0.0,0.0,0.0,0.16666666666666666,0.0,,,,,,0.1,0.16666666666666666,0.0,0.0,0.0,,0.0,1.0,1.0,,,0.0,,,,,,,,,,,,,0.0,0.0,0.0,0.0,,0.0,,,0.25,0.0,,,,0.0,,,0.0,,0.0,0.0,0.0,0.0,0.0,,,0.0,0.0,,,,,,,,0.0,0.0,0.5,0.5,,0.0,0.0,,0.0,0.0,,,,0.0,0.0,0.0,,0.0,1.0,,0.0,,,0.0,,,,,0.0,0.2,,
Central Harlem,Manhattan,neighborhood,0.12096774193548387,0.1592920353982301,0.1391304347826087,0.1111111111111111,0.10309278350515463,0.1414141414141414,0.07142857142857142,0.102803738317757,0.10227272727272728,0.15463917525773196,0.11363636363636363,0.07228915662650602,0.05952380952380952,0.0975609756097561,0.11538461538461539,0.14285714285714285,0.07142857142857142,0.10679611650485436,0.1188118811881188,0.07207207207207207,0.13793103448275862,0.13392857142857142,0.14893617021276595,0.09574468085106383,0.18584070796460178,0.11382113821138211,0.0962962962962963,0.12612612612612611,0.09554140127388536,0.08484848484848485,0.07746478873239436,0.1232876712328767,0.13740458015267176,0.17307692307692307,0.08333333333333333,0.0755813953488372,0.12568306010928962,0.10270270270270271,0.11801242236024845,0.1024390243902439,0.13,0.11637931034482758,0.05504587155963303,0.125,0.18497109826589594,0.17209302325581396,0.17098445595854922,0.11049723756906077,0.09326424870466321,0.0962566844919786,0.1013215859030837,0.0847457627118644,0.1522633744855967,0.10548523206751055,0.16205533596837945,0.08906882591093117,0.1680327868852459,0.16738197424892703,0.19724770642201836,0.13658536585365855,0.07981220657276995,0.10743801652892562,0.19678714859437751,0.07630522088353414,0.09349593495934959,0.1079136690647482,0.16822429906542055,0.13194444444444445,0.11851851851851852,0.0963855421686747,0.2066115702479339,0.18571428571428572,0.08733624454148471,0.0944206008583691,0.12448132780082988,0.09734513274336283,0.07874015748031496,0.1213235294117647,0.09939759036144578,0.17699115044247787,0.1270358306188925,0.17894736842105263,0.12758620689655173,0.1455223880597015,0.17857142857142858,0.16037735849056603,0.1126005361930295,0.142433234421365,0.14739884393063585,0.12878787878787878,0.14207650273224043,0.20491803278688525,0.18067226890756302,0.1799163179916318,0.23557692307692307,0.1368421052631579,0.18181818181818182,0.18421052631578946,0.16115702479338842,0.12260536398467432,0.13712374581939799,0.1415929203539823,0.15584415584415584,0.15916955017301038,0.19494584837545126,0.13712374581939799,0.15714285714285714,0.11673151750972763,0.13268608414239483,0.15294117647058825,0.10276679841897234,0.13043478260869565,0.08783783783783784,0.14035087719298245,0.13225806451612904,0.11301369863013698,0.1875,0.16379310344827586,0.16071428571428573,0.11764705882352941,0.13157894736842105,0.11403508771929824,0.12,0.15,0.18723404255319148,0.15126050420168066,0.2737556561085973,0.23935091277890466,0.2583826429980276,0.22932330827067668,0.1828193832599119,0.1662921348314607,0.11373390557939914,0.13053613053613053,0.1425287356321839,0.11395348837209303,0.09389671361502347,0.08653846153846154,0.08478802992518704,0.10962566844919786,0.08450704225352113,0.14859437751004015,0.11353711790393013,0.07734806629834254,0.07865168539325842,0.06626506024096386,0.09714285714285714,0.06818181818181818,0.0707070707070707,0.06751054852320675,0.09836065573770492,0.10861423220973783,0.19753086419753085,0.15748031496062992,0.13671875,0.10476190476190476,0.12727272727272726,0.15675675675675677,0.1031390134529148,0.07804878048780488,0.08171206225680934,0.09565217391304348,0.1552511415525114,0.1762295081967213,0.15151515151515152,0.12121212121212122,0.15677966101694915,0.12682926829268293,0.09302325581395349,0.1256544502617801,0.12886597938144329,0.10245901639344263,0.14381270903010032,0.10452961672473868,0.145985401459854,0.18181818181818182,0.203125,0.18067226890756302,0.1493212669683258,0.13736263736263737,0.0970873786407767,0.08415841584158416,0.125,0.11160714285714286,0.09578544061302682,0.09505703422053231,0.11553784860557768,0.21031746031746032,0.16049382716049382,0.22267206477732793,0.13178294573643412,0.07964601769911504,0.06198347107438017,0.07109004739336493,0.0728744939271255,0.09009009009009009,0.08661417322834646,0.08979591836734693,0.13100436681222707,0.1091703056768559
Central Park South,Manhattan,neighborhood,0.075,0.1,0.038461538461538464,0.07317073170731707,0.10256410256410256,0.08,0.1,0.021739130434782608,0.0625,0.0,0.21739130434782608,0.08,0.041666666666666664,0.037037037037037035,0.030303030303030304,0.03333333333333333,0.034482758620689655,0.09375,0.21739130434782608,0.20689655172413793,0.23529411764705882,0.025,0.11764705882352941,0.029411764705882353,0.024390243902439025,0.12195121951219512,0.14583333333333334,0.0975609756097561,0.0,0.075,0.08333333333333333,0.1388888888888889,0.12,0.2903225806451613,0.08108108108108109,0.023809523809523808,0.13043478260869565,0.09302325581395349,0.13953488372093023,0.08333333333333333,0.09302325581395349,0.12195121951219512,0.0425531914893617,0.17073170731707318,0.09302325581395349,0.16326530612244897,0.06818181818181818,0.1,0.15789473684210525,0.09523809523809523,0.07894736842105263,0.061224489795918366,0.19607843137254902,0.13114754098360656,0.13559322033898305,0.017857142857142856,0.125,0.10204081632653061,0.05263157894736842,0.06382978723404255,0.06451612903225806,0.05555555555555555,0.10204081632653061,0.10416666666666667,0.047619047619047616,0.10638297872340426,0.1320754716981132,0.09615384615384616,0.19148936170212766,0.10638297872340426,0.08695652173913043,0.043478260869565216,0.13333333333333333,0.10638297872340426,0.13725490196078433,0.125,0.17391304347826086,0.20930232558139536,0.1794871794871795,0.13953488372093023,0.1,0.2127659574468085,0.14285714285714285,0.021739130434782608,0.17777777777777778,0.1276595744680851,0.16326530612244897,0.1590909090909091,0.15384615384615385,0.16666666666666666,0.21875,0.08333333333333333,0.21739130434782608,0.15625,0.03225806451612903,0.12,0.11538461538461539,0.043478260869565216,0.13333333333333333,0.06451612903225806,0.03225806451612903,0.12121212121212122,0.0,0.0625,0.06451612903225806,0.0,0.04,0.03571428571428571,0.3333333333333333,0.0,0.11764705882352941,0.11428571428571428,0.1590909090909091,0.23809523809523808,0.14285714285714285,0.08108108108108109,0.02564102564102564,0.15151515151515152,0.08823529411764706,0.13157894736842105,0.14634146341463414,0.09302325581395349,0.14705882352941177,0.0,0.03333333333333333,0.19444444444444445,0.4772727272727273,0.3023255813953488,0.25,0.14285714285714285,0.23333333333333334,0.02857142857142857,0.13513513513513514,0.0975609756097561,0.041666666666666664,0.06666666666666667,0.022222222222222223,0.075,0.12121212121212122,0.0,0.05,0.07142857142857142,0.06666666666666667,0.0,0.08333333333333333,0.0,0.0,0.0,0.0,0.0,0.08333333333333333,0.125,0.15789473684210525,0.13636363636363635,0.34782608695652173,0.11538461538461539,0.13043478260869565,0.15789473684210525,0.10714285714285714,0.25,0.08695652173913043,0.125,0.17391304347826086,0.058823529411764705,0.058823529411764705,0.3333333333333333,0.25,0.09523809523809523,0.22727272727272727,0.15789473684210525,0.125,0.07692307692307693,0.2727272727272727,0.16666666666666666,0.2222222222222222,0.16666666666666666,0.06666666666666667,0.0,0.07692307692307693,0.0,0.045454545454545456,0.0625,0.14285714285714285,0.058823529411764705,0.125,0.10526315789473684,0.1875,0.2727272727272727,0.0,0.16666666666666666,0.07692307692307693,0.0,0.0,0.23076923076923078,0.058823529411764705,0.05555555555555555,0.0,0.05555555555555555,0.047619047619047616,0.10526315789473684
Chelsea,Manhattan,neighborhood,0.11016949152542373,0.10588235294117647,0.2366412213740458,0.19148936170212766,0.17870722433460076,0.124,0.09558823529411764,0.07048458149779736,0.14583333333333334,0.11842105263157894,0.15706806282722513,0.07909604519774012,0.06806282722513089,0.13020833333333334,0.09803921568627451,0.08092485549132948,0.14285714285714285,0.03409090909090909,0.17010309278350516,0.07555555555555556,0.10194174757281553,0.12935323383084577,0.16853932584269662,0.12578616352201258,0.14450867052023122,0.1638418079096045,0.13063063063063063,0.125,0.16296296296296298,0.15331010452961671,0.10839160839160839,0.12083333333333333,0.13135593220338984,0.16822429906542055,0.1497584541062802,0.14018691588785046,0.199203187250996,0.1891891891891892,0.1625,0.16844919786096257,0.14420062695924765,0.1434108527131783,0.12222222222222222,0.1686746987951807,0.1947565543071161,0.2837370242214533,0.2209737827715356,0.2508361204013378,0.23692307692307693,0.2108626198083067,0.23783783783783785,0.19832402234636873,0.2,0.19148936170212766,0.22133333333333333,0.22826086956521738,0.281767955801105,0.22562674094707522,0.2613981762917933,0.1988472622478386,0.2205128205128205,0.21467391304347827,0.16,0.16666666666666666,0.1741424802110818,0.16137566137566137,0.22905027932960895,0.22662889518413598,0.212707182320442,0.2864583333333333,0.3384146341463415,0.3072100313479624,0.2608695652173913,0.2896341463414634,0.24812030075187969,0.21763085399449036,0.2529411764705882,0.2396088019559902,0.3107476635514019,0.2775229357798165,0.31476997578692495,0.3249370277078086,0.3333333333333333,0.3140495867768595,0.33171912832929784,0.2832512315270936,0.20046620046620048,0.27365728900255754,0.2827102803738318,0.3024193548387097,0.2689075630252101,0.31026252983293556,0.2907801418439716,0.3676092544987147,0.3315068493150685,0.30029154518950435,0.3025210084033613,0.2822085889570552,0.24079320113314448,0.22788203753351208,0.20911528150134048,0.23940149625935161,0.23167848699763594,0.24031007751937986,0.2491349480968858,0.26666666666666666,0.2465277777777778,0.2901960784313726,0.2867383512544803,0.31386861313868614,0.24203821656050956,0.24793388429752067,0.1941747572815534,0.2817258883248731,0.2927536231884058,0.2886297376093295,0.27848101265822783,0.28440366972477066,0.31141868512110726,0.22580645161290322,0.2507936507936508,0.17465753424657535,0.2867132867132867,0.24916943521594684,0.4013452914798206,0.36261980830670926,0.4101910828025478,0.39177750906892383,0.44196951934349354,0.3256997455470738,0.3234880450070324,0.22970903522205208,0.21061093247588425,0.17845117845117844,0.16940789473684212,0.12022900763358779,0.117096018735363,0.09146341463414634,0.15352697095435686,0.12162162162162163,0.21264367816091953,0.2154696132596685,0.25316455696202533,0.3308270676691729,0.27807486631016043,0.29292929292929293,0.25390625,0.19066147859922178,0.2078853046594982,0.21724137931034482,0.23443223443223443,0.2305084745762712,0.31724137931034485,0.3545816733067729,0.2988505747126437,0.3008849557522124,0.30739299610894943,0.25622775800711745,0.25,0.12797619047619047,0.21138211382113822,0.29015544041450775,0.3007518796992481,0.27977839335180055,0.3221884498480243,0.3709677419354839,0.34576271186440677,0.22137404580152673,0.22145328719723184,0.1717171717171717,0.18088737201365188,0.19741100323624594,0.18604651162790697,0.20491803278688525,0.24533333333333332,0.19940476190476192,0.2571428571428571,0.2814569536423841,0.2693877551020408,0.2680851063829787,0.25,0.19736842105263158,0.1702127659574468,0.13333333333333333,0.24157303370786518,0.19887955182072828,0.2544987146529563,0.36103151862464183,0.22857142857142856,0.22560975609756098,0.23529411764705882,0.22545454545454546,0.3411371237458194,0.17073170731707318,0.19822485207100593,0.19491525423728814,0.2287390029325513,0.21666666666666667,0.24012158054711247,0.20357142857142857
Chinatown,Manhattan,neighborhood,0.0,0.0,0.6,0.16666666666666666,0.8,0.42857142857142855,0.16666666666666666,0.25,0.15384615384615385,0.3,0.25,0.16666666666666666,0.375,0.2857142857142857,0.25,0.08333333333333333,0.09090909090909091,0.0,0.4375,0.1,0.0,0.4,0.0,0.25,0.0,0.2,0.5,0.3333333333333333,0.0,0.2857142857142857,0.2,0.08333333333333333,0.0,0.15384615384615385,0.08333333333333333,0.2727272727272727,0.1111111111111111,0.2222222222222222,0.1111111111111111,0.0,0.23076923076923078,0.23529411764705882,0.14285714285714285,0.08333333333333333,0.1111111111111111,0.0,0.2608695652173913,0.034482758620689655,0.09090909090909091,0.0,0.058823529411764705,0.1111111111111111,0.25,0.25,0.15789473684210525,0.14285714285714285,0.0,0.25,0.0,0.14285714285714285,0.2222222222222222,0.0625,0.29411764705882354,0.05555555555555555,0.125,0.5,0.13333333333333333,0.0,0.125,0.11538461538461539,0.19047619047619047,0.0625,0.13636363636363635,0.0,0.14285714285714285,0.22727272727272727,0.16666666666666666,0.09375,0.2727272727272727,0.21052631578947367,0.24,0.15789473684210525,0.26666666666666666,0.058823529411764705,0.1111111111111111,0.05555555555555555,0.08,0.11428571428571428,0.3076923076923077,0.17142857142857143,0.1111111111111111,0.1724137931034483,0.1935483870967742,0.18181818181818182,0.25,0.0625,0.30434782608695654,0.2,0.19230769230769232,0.07692307692307693,0.0,0.07142857142857142,0.0,0.2,0.3333333333333333,0.2857142857142857,0.10526315789473684,0.21052631578947367,0.20833333333333334,0.15625,0.10344827586206896,0.2222222222222222,0.07407407407407407,0.15789473684210525,0.0967741935483871,0.14814814814814814,0.16129032258064516,0.0,0.3888888888888889,0.0,0.125,0.06896551724137931,0.23529411764705882,0.4,0.42105263157894735,0.2222222222222222,0.24,0.23529411764705882,0.34615384615384615,0.2571428571428571,0.30158730158730157,0.1346153846153846,0.1836734693877551,0.13953488372093023,0.23404255319148937,0.10869565217391304,0.06976744186046512,0.058823529411764705,0.06976744186046512,0.05555555555555555,0.12,0.15,0.07142857142857142,0.11764705882352941,0.1111111111111111,0.2727272727272727,0.14285714285714285,0.045454545454545456,0.07142857142857142,0.06666666666666667,0.13043478260869565,0.23809523809523808,0.18181818181818182,0.23529411764705882,0.15384615384615385,0.0,0.07142857142857142,0.09090909090909091,0.25,0.26666666666666666,0.18181818181818182,0.19230769230769232,0.22727272727272727,0.12,0.26666666666666666,0.13043478260869565,0.2,0.125,0.11764705882352941,0.0625,0.19047619047619047,0.07692307692307693,0.07142857142857142,0.16666666666666666,0.3181818181818182,0.2222222222222222,0.21428571428571427,0.05263157894736842,0.08695652173913043,0.17647058823529413,0.15789473684210525,0.16666666666666666,0.05263157894736842,0.1111111111111111,0.23529411764705882,0.14285714285714285,0.18181818181818182,0.125,0.06666666666666667,0.375,0.21052631578947367,0.058823529411764705,0.11764705882352941,0.2857142857142857,0.23076923076923078,0.09090909090909091,0.08333333333333333,0.26666666666666666,0.11764705882352941,0.0625
City Island,Bronx,neighborhood,,,,,,,,,,,,,,,,,,,,,,,,,,,,,,,,,,,,,,,,,,,,,,,,,,,,,,,,,,,,,0.0,0.0,0.0,0.0,1.0,,,,,,,,,,0.0,0.5,0.0,0.0,1.0,0.0,,,,,0.0,0.0,0.0,0.0,0.0,0.0,0.0,,,,,,,,,,,,,,,,0.0,1.0,0.5,0.0,,0.0,0.0,,0.0,,,0.0,,0.0,0.0,0.0,,0.0,,0.0,1.0,,,,,,,,,,,,,,,,0.0,0.0,,,0.0,,,,,,,,,,,,,,,,,,,,,,,,,,,,,,,0.0,0.0,,,,,,,,,0.0,,,,,0.0,0.0,0.0,,,,,
Civic Center,Manhattan,neighborhood,,,,,,,,,,,,,,,,,,,,,,,,,,,0.0,0.5,0.5,0.0,0.0,0.0,0.0,0.0,,,,,,,,,,,,,,,,,,,,,,,,,0.0,0.0,0.0,0.0,,,,,0.0,0.0,0.0,,,,,,,,,,0.0,0.0,1.0,0.0,0.0,0.0,0.0,,,,,0.0,,,,,,,,,,,0.0,,,,,,,,,,,0.0,0.0,0.0,,0.0,,,,,,,,,,,0.0,0.0,1.0,0.0,0.0,,,,,,,,0.0,,,,,,,,,,,,,,,,,,,,,,,,,,,,,,,,,,,,,,,,,,,,,,,,,,,,,,,,,,,,,0.0
Clearview,Queens,neighborhood,0.0,0.0,0.0,0.0,0.0,0.0,0.0,0.0,0.0,0.0,0.0,0.0,0.0,0.0,0.0,0.0,0.0,0.0,0.0,0.0,0.0,0.0,0.0,0.0,0.0,,,,,,,,,,,,,,,,,,,,,,,,,,,,,,,,,,,,,,,,,,,,,,,,,,,,,,,,,,,,,,,,,,,,,,,,,,,,,,,,,,,,,,,,,,,1.0,0.6,0.0,,,0.0,,,,0.25,0.3333333333333333,,,0.0,,,,0.0,,,,,,,,,,1.0,0.0,,0.0,0.0,0.0,1.0,0.0,,0.6666666666666666,1.0,,0.2222222222222222,0.5,0.5,1.0,,0.0,0.0,,,0.0,0.5,0.6666666666666666,1.0,0.0,,0.0,0.0,0.0,1.0,0.0,,,0.5,0.5,0.0,0.0,0.5,0.0,0.0,0.0,1.0,0.0,,,,1.0,1.0,0.0,,,,,,0.0,,
Clinton Hill,Brooklyn,neighborhood,0.17391304347826086,0.14285714285714285,0.08108108108108109,0.09090909090909091,0.18518518518518517,0.12,0.13333333333333333,0.05405405405405406,0.11764705882352941,0.13157894736842105,0.05172413793103448,0.03636363636363636,0.10344827586206896,0.058823529411764705,0.06666666666666667,0.0975609756097561,0.03636363636363636,0.07142857142857142,0.047619047619047616,0.21052631578947367,0.05555555555555555,0.09090909090909091,0.0,0.11363636363636363,0.22857142857142856,0.1,0.03333333333333333,0.08823529411764706,0.02857142857142857,0.05660377358490566,0.08771929824561403,0.08333333333333333,0.12121212121212122,0.23333333333333334,0.03125,0.10714285714285714,0.14814814814814814,0.09375,0.11363636363636363,0.1702127659574468,0.0196078431372549,0.17777777777777778,0.08333333333333333,0.10606060606060606,0.06349206349206349,0.24691358024691357,0.14084507042253522,0.09230769230769231,0.2033898305084746,0.12698412698412698,0.25,0.08108108108108109,0.04838709677419355,0.1038961038961039,0.1414141414141414,0.11827956989247312,0.2127659574468085,0.1782178217821782,0.1827956989247312,0.13402061855670103,0.12037037037037036,0.1553398058252427,0.06818181818181818,0.0821917808219178,0.06944444444444445,0.11428571428571428,0.08547008547008547,0.125,0.0891089108910891,0.06593406593406594,0.1518987341772152,0.12195121951219512,0.09574468085106383,0.13513513513513514,0.13513513513513514,0.13636363636363635,0.11764705882352941,0.16037735849056603,0.14049586776859505,0.19008264462809918,0.26,0.20238095238095238,0.20408163265306123,0.17045454545454544,0.16260162601626016,0.15178571428571427,0.19642857142857142,0.2,0.1746031746031746,0.14728682170542637,0.216,0.1450381679389313,0.20422535211267606,0.16129032258064516,0.15966386554621848,0.11650485436893204,0.175,0.20930232558139536,0.16546762589928057,0.08264462809917356,0.15384615384615385,0.10638297872340426,0.10256410256410256,0.13533834586466165,0.20833333333333334,0.23484848484848486,0.1746031746031746,0.09482758620689655,0.17708333333333334,0.1111111111111111,0.17647058823529413,0.125,0.05660377358490566,0.05660377358490566,0.10891089108910891,0.0784313725490196,0.14285714285714285,0.2028985507246377,0.125,0.15873015873015872,0.1527777777777778,0.16129032258064516,0.18309859154929578,0.22950819672131148,0.2222222222222222,0.21476510067114093,0.20212765957446807,0.2981651376146789,0.2874493927125506,0.29064039408866993,0.22699386503067484,0.18518518518518517,0.19548872180451127,0.14705882352941177,0.11678832116788321,0.128,0.11904761904761904,0.1111111111111111,0.07258064516129033,0.06796116504854369,0.04081632653061224,0.017857142857142856,0.07692307692307693,0.041666666666666664,0.02702702702702703,0.047619047619047616,0.0784313725490196,0.07317073170731707,0.0625,0.07246376811594203,0.18181818181818182,0.18181818181818182,0.24358974358974358,0.32432432432432434,0.2222222222222222,0.12857142857142856,0.14666666666666667,0.12087912087912088,0.08527131782945736,0.10084033613445378,0.07258064516129033,0.10344827586206896,0.1452991452991453,0.211864406779661,0.1724137931034483,0.2248062015503876,0.16831683168316833,0.10843373493975904,0.09195402298850575,0.11956521739130435,0.08571428571428572,0.07407407407407407,0.14035087719298245,0.19090909090909092,0.16101694915254236,0.19642857142857142,0.21904761904761905,0.19626168224299065,0.18604651162790697,0.11267605633802817,0.10588235294117647,0.04938271604938271,0.1511627906976744,0.09615384615384616,0.061855670103092786,0.13157894736842105,0.16666666666666666,0.16666666666666666,0.12,0.232,0.21428571428571427,0.06329113924050633,0.16216216216216217,0.1935483870967742,0.13846153846153847,0.07894736842105263,0.15555555555555556,0.13541666666666666,0.13043478260869565,0.12631578947368421
Co-op City,Bronx,neighborhood,,,,,,,,,,,,,,,,,,,,,,,,,,,,,,,,,,,,,,,,,,,,,,,,,,,,,,,,,,,,,,,,,,,,,,,,,,,,,,,,,,,,,,,,,,,,,,,,,,,,,,,,,,,,,,,,,,,,,,,,,,,,,,,,,,,,,,,,,,,,,,,,,,,,,,,,,,,,,,,,,,,0.0,0.0,0.0,,,,,,,,,,,,,,,,,,,,,,,,,,,,,,,,,,,
Cobble Hill,Brooklyn,neighborhood,0.1111111111111111,0.16666666666666666,0.18181818181818182,0.21428571428571427,0.05555555555555555,0.19047619047619047,0.07692307692307693,0.0,0.18181818181818182,0.0,0.0,0.0,0.14285714285714285,0.0,0.2222222222222222,0.25,0.0,0.16666666666666666,0.125,0.16666666666666666,0.16666666666666666,0.2857142857142857,0.16666666666666666,0.0,0.3333333333333333,0.18181818181818182,0.0,0.06666666666666667,0.16666666666666666,0.047619047619047616,0.0625,0.25,0.13333333333333333,0.25,0.1111111111111111,0.0,0.047619047619047616,0.2,0.06666666666666667,0.14285714285714285,0.06666666666666667,0.3157894736842105,0.10344827586206896,0.06896551724137931,0.2692307692307692,0.20833333333333334,0.25,0.2,0.17857142857142858,0.22580645161290322,0.2413793103448276,0.16666666666666666,0.2,0.1111111111111111,0.21428571428571427,0.2727272727272727,0.15789473684210525,0.15217391304347827,0.2972972972972973,0.2,0.08,0.13636363636363635,0.1956521739130435,0.05714285714285714,0.02564102564102564,0.09090909090909091,0.175,0.21052631578947367,0.16666666666666666,0.2619047619047619,0.25,0.2,0.19148936170212766,0.21052631578947367,0.14705882352941177,0.23684210526315788,0.17647058823529413,0.2857142857142857,0.16,0.20408163265306123,0.2553191489361702,0.3333333333333333,0.3055555555555556,0.23404255319148937,0.22033898305084745,0.3387096774193548,0.28169014084507044,0.12698412698412698,0.20634920634920634,0.2,0.22388059701492538,0.11538461538461539,0.3148148148148148,0.35555555555555557,0.3023255813953488,0.19444444444444445,0.21428571428571427,0.25,0.21311475409836064,0.16393442622950818,0.16666666666666666,0.19696969696969696,0.22727272727272727,0.19607843137254902,0.18518518518518517,0.2,0.23684210526315788,0.21212121212121213,0.10810810810810811,0.14634146341463414,0.11764705882352941,0.14285714285714285,0.14516129032258066,0.19148936170212766,0.034482758620689655,0.0625,0.06060606060606061,0.09090909090909091,0.13636363636363635,0.24,0.15625,0.11538461538461539,0.2,0.21052631578947367,0.25,0.2261904761904762,0.2717391304347826,0.27956989247311825,0.3069306930693069,0.31,0.2777777777777778,0.3157894736842105,0.17857142857142858,0.13580246913580246,0.16304347826086957,0.125,0.11428571428571428,0.08955223880597014,0.1111111111111111,0.03225806451612903,0.0,0.058823529411764705,0.0,0.2,0.0,0.0,0.13333333333333333,0.0625,0.0,0.06896551724137931,0.11538461538461539,0.19230769230769232,0.08333333333333333,0.21739130434782608,0.14285714285714285,0.3,0.09090909090909091,0.13333333333333333,0.19047619047619047,0.12903225806451613,0.13513513513513514,0.15384615384615385,0.125,0.0,0.21052631578947367,0.2222222222222222,0.2631578947368421,0.13043478260869565,0.20833333333333334,0.0,0.043478260869565216,0.05,0.14285714285714285,0.08695652173913043,0.038461538461538464,0.07692307692307693,0.16129032258064516,0.15789473684210525,0.05263157894736842,0.2777777777777778,0.2727272727272727,0.13333333333333333,0.029411764705882353,0.1,0.07142857142857142,0.13793103448275862,0.30303030303030304,0.16216216216216217,0.11538461538461539,0.07142857142857142,0.14285714285714285,0.08333333333333333,0.0,0.1111111111111111,0.14285714285714285,0.05555555555555555,0.2,0.11428571428571428,0.12903225806451613,0.07407407407407407
College Point,Queens,neighborhood,,,,,,,,,,,,,,,,,,,,,,,,,,0.0,,,0.0,0.0,0.0,0.0,,,,,,,,,,,1.0,0.0,0.0,0.0,0.0,0.0,0.0,0.0,0.25,0.0,0.0,0.25,0.0,0.0,0.0,0.0,0.0,0.0,1.0,,0.0,0.0,,,,0.0,,,,,,,0.0,0.0,0.0,0.0,0.0,0.0,0.0,0.0,0.0,0.0,0.0,0.0,0.0,,0.0,0.0,0.0,0.5,1.0,0.0,1.0,,,,0.0,0.0,,0.0,0.0,,,0.0,0.3333333333333333,0.0,,,0.0,0.0,,0.0,0.0,0.3333333333333333,0.0,,0.0,0.0,0.0,,,,,,0.0,0.0,,0.0,0.0,,0.0,0.0,,0.0,0.0,0.5,0.5,0.0,0.0,0.0,0.0,0.0,0.0,0.0,0.0,0.0,0.5,0.0,0.0,0.1111111111111111,0.0,0.0,0.0,,0.0,,0.0,0.0,0.0,0.0,0.0,0.5,0.0,1.0,0.0,0.0,,,0.0,0.0,0.0,0.0,,,,,0.5,0.0,0.0,0.0,0.0,1.0,0.0,0.0,0.5,0.0,,,0.0,0.3333333333333333,0.0,,0.0,0.5,0.0,0.0,0.0,0.5
Columbia St Waterfront District,Brooklyn,neighborhood,0.16666666666666666,0.0,0.25,0.25,0.0,0.0,,0.0,0.0,0.3333333333333333,0.16666666666666666,0.125,0.25,0.0,0.09090909090909091,0.1111111111111111,0.16666666666666666,0.0,0.0,0.0,0.5,0.25,0.3333333333333333,0.6666666666666666,0.0,0.14285714285714285,0.14285714285714285,0.4,0.16666666666666666,0.0,0.0,0.14285714285714285,0.0,0.0,0.0,0.0,0.0,0.2,0.0,0.16666666666666666,0.15384615384615385,0.25,0.2,0.0,0.18181818181818182,0.07692307692307693,0.0,0.0,0.0,0.16666666666666666,0.17647058823529413,0.16666666666666666,0.0,0.09090909090909091,0.0,0.25,0.4444444444444444,0.08333333333333333,0.5454545454545454,0.21428571428571427,0.1875,0.15,0.21052631578947367,0.17647058823529413,0.0,0.23809523809523808,0.16666666666666666,0.25,0.14285714285714285,0.3333333333333333,0.2222222222222222,0.14285714285714285,0.1111111111111111,0.2727272727272727,0.18181818181818182,0.09523809523809523,0.125,0.08333333333333333,0.09090909090909091,0.0,0.3333333333333333,0.3076923076923077,0.42857142857142855,0.21428571428571427,0.21052631578947367,0.08695652173913043,0.11538461538461539,0.16,0.2916666666666667,0.17857142857142858,0.125,0.1111111111111111,0.2631578947368421,0.23809523809523808,0.11764705882352941,0.3333333333333333,0.2857142857142857,0.07142857142857142,0.2222222222222222,0.18181818181818182,0.2,0.0,0.09090909090909091,0.13333333333333333,0.23529411764705882,0.23529411764705882,0.21052631578947367,0.10526315789473684,0.2,0.058823529411764705,0.14634146341463414,0.0625,0.09523809523809523,0.07142857142857142,0.0,0.0,0.2,0.0,0.0,0.2222222222222222,0.2857142857142857,0.2,0.23076923076923078,0.3333333333333333,0.11764705882352941,0.3,0.2777777777777778,0.15789473684210525,0.36363636363636365,0.2222222222222222,0.2631578947368421,0.125,0.16666666666666666,0.10526315789473684,0.18181818181818182,0.05263157894736842,0.09523809523809523,0.09523809523809523,0.11764705882352941,0.0,0.06666666666666667,0.3333333333333333,0.36363636363636365,0.1111111111111111,0.1,0.42857142857142855,0.0,0.3333333333333333,0.5,0.16666666666666666,0.0,0.0,0.0,0.16666666666666666,0.0,0.0,0.5,0.0,0.0,0.0,0.25,0.2,0.0,0.0,0.2,0.5,0.6666666666666666,0.2,0.0,0.14285714285714285,0.14285714285714285,0.14285714285714285,0.0,0.25,0.25,0.2857142857142857,0.07692307692307693,0.25,0.1111111111111111,0.2,0.0,0.3333333333333333,0.25,0.25,0.0,0.16666666666666666,0.25,0.42857142857142855,0.125,0.2,0.0,0.0,0.2,0.0,0.0,0.0,0.0,0.2,0.0,0.3333333333333333
Concourse,Bronx,neighborhood,0.0,0.0,0.0,0.0,0.25,0.0,0.0,0.0,0.0,0.0,0.0,0.25,0.3333333333333333,0.0,,0.0,0.3333333333333333,0.0,0.0,0.16666666666666666,0.4,0.0,0.0,0.125,0.25,0.1111111111111111,0.125,0.0,0.0,0.07692307692307693,0.2727272727272727,0.36363636363636365,0.06666666666666667,0.25,0.2,0.0,0.1111111111111111,0.0,0.3333333333333333,0.14285714285714285,0.0,0.0,0.25,0.16666666666666666,0.0,0.2,0.125,0.1111111111111111,0.3,0.1,0.09090909090909091,0.1,0.125,0.0,0.07692307692307693,0.0,0.0,0.13333333333333333,0.0,0.0,0.125,0.0,0.0,0.0,0.0,0.15,0.07692307692307693,0.0,0.0,0.0,0.13333333333333333,0.0,0.09090909090909091,0.0,0.0,0.15789473684210525,0.0,0.058823529411764705,0.10526315789473684,0.05555555555555555,0.0,0.2608695652173913,0.03125,0.034482758620689655,0.04,0.038461538461538464,0.038461538461538464,0.10526315789473684,0.11538461538461539,0.05555555555555555,0.05714285714285714,0.11764705882352941,0.0625,0.0,0.05555555555555555,0.0,0.0,0.1,0.07692307692307693,0.15384615384615385,0.06666666666666667,0.07692307692307693,0.0,0.125,0.0,0.13793103448275862,0.1,0.08695652173913043,0.03571428571428571,0.07142857142857142,0.05405405405405406,0.03225806451612903,0.11764705882352941,0.1702127659574468,0.03125,0.13043478260869565,0.15,0.11764705882352941,0.1388888888888889,0.0,0.05,0.16666666666666666,0.047619047619047616,0.08333333333333333,0.0,0.1111111111111111,0.07692307692307693,0.14814814814814814,0.16666666666666666,0.16666666666666666,0.03225806451612903,0.034482758620689655,0.07692307692307693,0.07407407407407407,0.0,0.07407407407407407,0.1,0.06060606060606061,0.0,0.034482758620689655,0.037037037037037035,0.0,0.0,0.1,0.038461538461538464,0.0,0.029411764705882353,0.030303030303030304,0.07407407407407407,0.03571428571428571,0.0,0.0,0.047619047619047616,0.0,0.07407407407407407,0.0,0.14285714285714285,0.05405405405405406,0.08823529411764706,0.08,0.05555555555555555,0.0,0.0,0.1,0.058823529411764705,0.08,0.0,0.09090909090909091,0.06666666666666667,0.03571428571428571,0.23529411764705882,0.09523809523809523,0.0,0.0,0.0,0.0,0.12,0.21428571428571427,0.03125,0.18181818181818182,0.0,0.12903225806451613,0.0625,0.05405405405405406,0.0,0.1875,0.13793103448275862,0.08695652173913043,0.09090909090909091,0.05555555555555555,0.14285714285714285,0.08333333333333333,0.125,0.11538461538461539,0.05714285714285714,0.0,0.034482758620689655,0.02564102564102564,0.03225806451612903,0.0
Coney Island,Brooklyn,neighborhood,0.0,,,,,,,,,,,,,0.0,,,,,,,,,,0.0,0.0,0.3333333333333333,0.0,0.0,0.0,0.0,,0.0,0.25,0.0,0.0,0.0,0.0,0.0,0.5,0.0,0.0,0.0,0.0,0.0,0.0,0.0,0.0,0.0,0.0,0.0,0.0,0.0,0.0,0.0,0.0,0.0,0.0,0.0,1.0,0.0,0.0,0.0,0.0,0.0,0.0,0.0,0.0,0.14285714285714285,0.04,0.06666666666666667,0.1,0.1111111111111111,0.36363636363636365,0.0,0.1111111111111111,0.0,0.2727272727272727,0.3333333333333333,0.0,0.16666666666666666,0.25,0.07692307692307693,0.25,0.2727272727272727,0.3076923076923077,0.1,0.0,0.0,0.0,0.4,0.0,0.3333333333333333,0.0,0.2,0.0,0.0,0.0,0.0,0.05555555555555555,0.23076923076923078,0.0,0.2,0.1111111111111111,0.0,0.0,0.2,0.2,0.23076923076923078,0.36363636363636365,0.0,0.16666666666666666,0.09090909090909091,0.09090909090909091,0.1111111111111111,0.2727272727272727,0.23076923076923078,0.0,0.4444444444444444,0.0,0.25,0.22727272727272727,0.0,0.0,0.0,0.2222222222222222,0.04,0.2222222222222222,0.11538461538461539,0.06451612903225806,0.14285714285714285,0.10714285714285714,0.05555555555555555,0.25,0.24242424242424243,0.09375,0.041666666666666664,0.0,0.0,0.043478260869565216,0.0,0.0,0.15384615384615385,0.0625,0.03571428571428571,0.05555555555555555,0.1111111111111111,0.0,0.0,0.0,0.0,0.0,0.08333333333333333,0.0,0.0,0.09090909090909091,0.3333333333333333,0.06666666666666667,0.0,0.0,0.46153846153846156,0.07692307692307693,0.1111111111111111,0.0,0.047619047619047616,0.0,0.0,0.09090909090909091,0.06666666666666667,0.05,0.0,0.2631578947368421,0.0,0.0,0.03571428571428571,0.0,0.18181818181818182,0.02,0.0,0.0,0.08333333333333333,0.05660377358490566,0.0392156862745098,0.043478260869565216,0.041666666666666664,0.01818181818181818,0.0,0.014925373134328358,0.09230769230769231,0.13333333333333333,0.1509433962264151,0.0196078431372549,0.0,0.0,0.125,0.07142857142857142,0.11538461538461539,0.06521739130434782,0.16,0.04,0.25
Corona,Queens,neighborhood,0.0,0.0,0.0,0.0,0.0,0.0,0.01639344262295082,0.01639344262295082,0.0,0.0,0.0,0.0,0.0,0.01639344262295082,0.0,0.5,1.0,1.0,,,0.3333333333333333,0.0,0.0,1.0,0.0,0.0,0.0,0.0,0.0,0.0,0.0,0.0,0.5,0.5,0.0,,0.0,0.0,1.0,,,1.0,0.0,0.0,0.0,,,,0.0,0.0,0.0,0.037037037037037035,0.0,0.0,0.0,0.0,0.0,0.0,0.0,0.0,0.0,0.0,0.0,0.0,0.0,0.08695652173913043,0.0,0.0,0.2,0.08333333333333333,0.22727272727272727,0.0,0.09090909090909091,0.2,0.09090909090909091,0.2608695652173913,0.5882352941176471,0.34375,0.16216216216216217,0.0,0.0,0.25,0.5,0.14814814814814814,0.06060606060606061,0.2857142857142857,0.0,0.175,0.08571428571428572,0.25,0.42424242424242425,0.3,0.3548387096774194,0.05714285714285714,0.7352941176470589,0.84375,0.39473684210526316,0.4883720930232558,0.25925925925925924,0.4,0.16666666666666666,0.2,0.0,0.0,0.0,0.23076923076923078,0.0,0.125,0.2222222222222222,0.375,0.2222222222222222,0.2727272727272727,0.0625,0.14285714285714285,0.3333333333333333,0.3333333333333333,0.8095238095238095,0.65625,0.0,0.09523809523809523,0.07142857142857142,0.52,0.0625,0.4642857142857143,0.2222222222222222,0.08333333333333333,0.038461538461538464,0.35714285714285715,0.047619047619047616,0.5384615384615384,0.2,0.3076923076923077,0.05714285714285714,0.3181818181818182,0.6923076923076923,0.1724137931034483,0.041666666666666664,0.03571428571428571,0.20833333333333334,0.18518518518518517,0.0,0.0,0.0,0.0,0.56,0.6296296296296297,0.17647058823529413,0.05263157894736842,0.05263157894736842,0.07692307692307693,0.1111111111111111,0.08333333333333333,0.09090909090909091,0.14285714285714285,0.25,0.25,0.22727272727272727,0.21428571428571427,0.0,0.0,0.0,0.25,0.1,0.1111111111111111,0.1111111111111111,0.5714285714285714,0.2857142857142857,0.125,0.125,0.0,0.14285714285714285,0.0,0.0,0.0,0.25,0.1111111111111111,0.125,0.1111111111111111,0.14285714285714285,0.0,0.0,0.0,0.1111111111111111,0.0,0.18181818181818182,0.14285714285714285,0.2,0.25,0.0,0.16666666666666666,0.16666666666666666,0.0,0.0,0.0,0.0,0.2,0.0,0.25,0.0,0.1111111111111111
Country Club,Bronx,neighborhood,,,,,,,,,,,,,,,,,,,,,,,,,,,,,,,,,,,,0.0,0.0,0.0,0.0,0.0,0.0,,,,,,,,,,,,,,,,,,,,,,,,,,,,,0.0,0.0,,,,,,0.0,,,0.0,,,,,,,,,,,,,0.0,,,,,,,,,,0.0,0.0,0.0,0.0,0.0,0.0,0.0,,,,,0.0,,,,,,,0.0,0.0,0.0,0.0,0.0,0.0,,,0.0,0.0,0.0,0.0,0.0,,0.0,0.0,0.0,,,1.0,,0.0,0.0,,,0.0,0.25,0.0,0.0,0.0,0.5,0.0,0.0,0.0,,0.0,,,0.0,,,,0.0,0.0,,0.0,0.0,0.0,,,,0.0,0.0,,,,,1.0,,,0.0,0.0,,0.0,1.0,0.0,,,,0.0,0.0,0.2,0.0,,,,0.0,,,0.0
Crotona Park East,Bronx,neighborhood,,,,,,,,,,,,,,,,,,,,,,,,,,,,,,,,,,,,,,,,,,,,,,,,,,0.0,,,,,,,,,,,,,,,,,0.0,0.0,0.0,0.5,1.0,0.0,0.0,0.0,0.0,0.0,0.0,0.0,0.0,,,,,,1.0,0.0,0.0,,,,0.0,,0.0,0.0,0.0,0.0,,,,0.0,,,0.0,0.0,,,0.0,0.0,,,,,0.0,0.0,1.0,0.0,0.0,,,0.0,0.3333333333333333,0.6666666666666666,0.3333333333333333,0.0,,0.0,,0.0,,0.0,,0.0,0.0,0.0,,1.0,0.0,0.0,0.0,0.0,1.0,0.3333333333333333,,0.0,0.0,0.0,1.0,0.0,0.0,0.0,0.0,0.0,0.0,0.0,0.0625,0.09090909090909091,0.0,0.0,0.0,0.0,0.0,0.0,0.0,0.0,0.0,0.5,0.0,0.0,0.0,0.0,0.0,0.0,0.0,,0.0,0.3333333333333333,1.0,0.0,0.0,0.3333333333333333,0.0,0.0,,,,,,,,0.0,0.0,0.0,0.0,0.0,0.0,0.0,0.0,0.0,0.0,0.0
Crown Heights,Brooklyn,neighborhood,0.027777777777777776,0.038461538461538464,0.30434782608695654,0.14285714285714285,0.16666666666666666,0.058823529411764705,0.15,0.18518518518518517,0.16666666666666666,0.058823529411764705,0.06896551724137931,0.0,0.030303030303030304,0.045454545454545456,0.023809523809523808,0.06666666666666667,0.13333333333333333,0.0,0.09523809523809523,0.10256410256410256,0.08333333333333333,0.08108108108108109,0.04878048780487805,0.0196078431372549,0.06818181818181818,0.030303030303030304,0.021739130434782608,0.10810810810810811,0.09302325581395349,0.038461538461538464,0.06382978723404255,0.02,0.0,0.022727272727272728,0.07317073170731707,0.09523809523809523,0.1,0.044444444444444446,0.13725490196078433,0.020833333333333332,0.08,0.07017543859649122,0.06153846153846154,0.16923076923076924,0.14516129032258066,0.136986301369863,0.054945054945054944,0.058823529411764705,0.07608695652173914,0.06481481481481481,0.06422018348623854,0.059322033898305086,0.03418803418803419,0.06756756756756757,0.08139534883720931,0.05027932960893855,0.05172413793103448,0.1044776119402985,0.11304347826086956,0.050980392156862744,0.11203319502074689,0.04424778761061947,0.0735930735930736,0.06451612903225806,0.10548523206751055,0.03187250996015936,0.06060606060606061,0.112,0.12244897959183673,0.1339712918660287,0.12626262626262627,0.10303030303030303,0.11363636363636363,0.14772727272727273,0.1858974358974359,0.09547738693467336,0.07423580786026202,0.145748987854251,0.12546125461254612,0.13261648745519714,0.18106995884773663,0.14859437751004015,0.2222222222222222,0.18181818181818182,0.1840277777777778,0.16363636363636364,0.1536050156739812,0.13256484149855907,0.14533622559652928,0.14222222222222222,0.11374407582938388,0.20948616600790515,0.18181818181818182,0.2127659574468085,0.22837370242214533,0.17670682730923695,0.17228464419475656,0.18181818181818182,0.13740458015267176,0.17263843648208468,0.13471502590673576,0.14763231197771587,0.12367491166077739,0.1832797427652733,0.12773722627737227,0.13662790697674418,0.13984168865435356,0.13445378151260504,0.07977207977207977,0.13392857142857142,0.12461059190031153,0.09731543624161074,0.11598746081504702,0.11538461538461539,0.11714285714285715,0.08615384615384615,0.11428571428571428,0.15859030837004406,0.15165876777251186,0.1141552511415525,0.11467889908256881,0.14857142857142858,0.07194244604316546,0.11764705882352941,0.20074349442379183,0.18316831683168316,0.23931623931623933,0.2200392927308448,0.2734225621414914,0.21843003412969283,0.18726591760299627,0.12,0.11272727272727273,0.10722610722610723,0.11572052401746726,0.08403361344537816,0.10256410256410256,0.10676156583629894,0.06019417475728155,0.0831353919239905,0.04953560371517028,0.09427609427609428,0.09016393442622951,0.07326007326007326,0.08870967741935484,0.07222222222222222,0.07317073170731707,0.07692307692307693,0.06666666666666667,0.0779816513761468,0.11469534050179211,0.1038961038961039,0.13333333333333333,0.13524590163934427,0.1607843137254902,0.11214953271028037,0.11587982832618025,0.08018867924528301,0.10697674418604651,0.14507772020725387,0.14883720930232558,0.14285714285714285,0.10505836575875487,0.14785992217898833,0.13934426229508196,0.149812734082397,0.10820895522388059,0.13617021276595745,0.08076923076923077,0.08974358974358974,0.13780918727915195,0.13063063063063063,0.1213235294117647,0.14937759336099585,0.1522491349480969,0.11036789297658862,0.15161290322580645,0.12292358803986711,0.13333333333333333,0.12580645161290321,0.16666666666666666,0.09302325581395349,0.08996539792387544,0.07661290322580645,0.12238805970149254,0.09366391184573003,0.09164420485175202,0.10335195530726257,0.0610079575596817,0.11898016997167139,0.10508474576271186,0.06382978723404255,0.0749063670411985,0.12083333333333333,0.10163934426229508,0.0963855421686747,0.10050251256281408,0.10120481927710843,0.10256410256410256,0.15384615384615385
DUMBO,Brooklyn,neighborhood,0.2777777777777778,0.16,0.12,0.2647058823529412,0.13953488372093023,0.15151515151515152,0.1111111111111111,0.0,0.07142857142857142,0.058823529411764705,0.0,0.0,0.2,0.0,0.08,0.0,0.2857142857142857,0.16,0.1724137931034483,0.043478260869565216,0.0,0.2222222222222222,0.15789473684210525,0.0,0.125,0.36,0.16666666666666666,0.07407407407407407,0.06666666666666667,0.09615384615384616,0.08333333333333333,0.058823529411764705,0.09523809523809523,0.043478260869565216,0.05,0.0,0.0,0.07692307692307693,0.08823529411764706,0.11428571428571428,0.17073170731707318,0.16,0.16981132075471697,0.15151515151515152,0.16071428571428573,0.2558139534883721,0.3142857142857143,0.029411764705882353,0.1276595744680851,0.2,0.2608695652173913,0.16326530612244897,0.12,0.13636363636363635,0.2857142857142857,0.24444444444444444,0.28205128205128205,0.3488372093023256,0.2608695652173913,0.20512820512820512,0.16326530612244897,0.225,0.125,0.16666666666666666,0.22916666666666666,0.19672131147540983,0.17647058823529413,0.1774193548387097,0.2459016393442623,0.21052631578947367,0.18421052631578946,0.11764705882352941,0.19148936170212766,0.2391304347826087,0.14545454545454545,0.18867924528301888,0.34210526315789475,0.2978723404255319,0.29310344827586204,0.3333333333333333,0.24561403508771928,0.36585365853658536,0.37142857142857144,0.3111111111111111,0.34,0.2564102564102564,0.24489795918367346,0.2777777777777778,0.23636363636363636,0.17543859649122806,0.22448979591836735,0.24,0.21052631578947367,0.2222222222222222,0.46875,0.14705882352941177,0.32432432432432434,0.2,0.28125,0.1724137931034483,0.21212121212121213,0.0975609756097561,0.16666666666666666,0.10526315789473684,0.034482758620689655,0.03125,0.2222222222222222,0.21428571428571427,0.25,0.25806451612903225,0.17073170731707318,0.22448979591836735,0.23684210526315788,0.08571428571428572,0.12121212121212122,0.0967741935483871,0.2,0.125,0.3,0.15789473684210525,0.12121212121212122,0.23076923076923078,0.25,0.2413793103448276,0.2962962962962963,0.36046511627906974,0.3942307692307692,0.3389830508474576,0.2897196261682243,0.3409090909090909,0.2261904761904762,0.15789473684210525,0.1095890410958904,0.15942028985507245,0.10144927536231885,0.08,0.15,0.01818181818181818,0.046511627906976744,0.04,0.045454545454545456,0.047619047619047616,0.14285714285714285,0.0,0.037037037037037035,0.06896551724137931,0.12121212121212122,0.02857142857142857,0.0625,0.061224489795918366,0.044444444444444446,0.08771929824561403,0.14583333333333334,0.13725490196078433,0.24,0.06976744186046512,0.16,0.1891891891891892,0.15555555555555556,0.09523809523809523,0.09375,0.0851063829787234,0.12,0.1276595744680851,0.125,0.1276595744680851,0.3225806451612903,0.2727272727272727,0.20408163265306123,0.2571428571428571,0.034482758620689655,0.13157894736842105,0.17543859649122806,0.20689655172413793,0.19626168224299065,0.14606741573033707,0.20833333333333334,0.2191780821917808,0.08695652173913043,0.15254237288135594,0.1348314606741573,0.1411764705882353,0.1,0.05555555555555555,0.23170731707317074,0.1527777777777778,0.1506849315068493,0.22522522522522523,0.26,0.2857142857142857,0.2641509433962264,0.21052631578947367,0.18181818181818182,0.11764705882352941,0.10638297872340426,0.08196721311475409,0.08,0.19117647058823528,0.10714285714285714,0.17142857142857143
Ditmas Park,Brooklyn,neighborhood,0.25,0.0,0.0,0.0,0.0,0.0,0.0,0.0,0.0,0.0,0.0,1.0,,0.5,0.0,0.0,0.0,0.0,0.0,0.2,0.14285714285714285,0.1111111111111111,0.09090909090909091,0.1111111111111111,0.125,0.0,0.1,0.14285714285714285,0.0,0.08333333333333333,0.1111111111111111,0.0,0.0,0.1,0.058823529411764705,0.2857142857142857,0.2727272727272727,0.1111111111111111,0.26666666666666666,0.0,0.0,0.0,0.25,0.09090909090909091,0.0,0.18181818181818182,0.0,0.05263157894736842,0.10714285714285714,0.08695652173913043,0.08333333333333333,0.09523809523809523,0.16666666666666666,0.125,0.05263157894736842,0.07692307692307693,0.075,0.1,0.10909090909090909,0.02127659574468085,0.07142857142857142,0.08620689655172414,0.07407407407407407,0.015873015873015872,0.057692307692307696,0.047619047619047616,0.044444444444444446,0.03389830508474576,0.0425531914893617,0.07317073170731707,0.09302325581395349,0.024390243902439025,0.1111111111111111,0.26666666666666666,0.08620689655172414,0.14814814814814814,0.23529411764705882,0.1276595744680851,0.018518518518518517,0.1320754716981132,0.21951219512195122,0.19230769230769232,0.22807017543859648,0.1,0.19298245614035087,0.25396825396825395,0.13580246913580246,0.08333333333333333,0.09302325581395349,0.10256410256410256,0.09183673469387756,0.140625,0.125,0.10416666666666667,0.21818181818181817,0.22,0.24528301886792453,0.14634146341463414,0.14285714285714285,0.1891891891891892,0.14492753623188406,0.06349206349206349,0.10126582278481013,0.16363636363636364,0.25,0.13333333333333333,0.13541666666666666,0.15053763440860216,0.08333333333333333,0.125,0.04878048780487805,0.13114754098360656,0.06097560975609756,0.08333333333333333,0.14583333333333334,0.11320754716981132,0.13725490196078433,0.1016949152542373,0.15517241379310345,0.1206896551724138,0.06896551724137931,0.08620689655172414,0.20588235294117646,0.03571428571428571,0.19642857142857142,0.24324324324324326,0.11627906976744186,0.31932773109243695,0.19,0.2608695652173913,0.17647058823529413,0.1414141414141414,0.16129032258064516,0.09523809523809523,0.16161616161616163,0.13131313131313133,0.10784313725490197,0.10638297872340426,0.08547008547008547,0.12359550561797752,0.057692307692307696,0.07692307692307693,0.09615384615384616,0.061224489795918366,0.05555555555555555,0.05454545454545454,0.06,0.05405405405405406,0.06666666666666667,0.04878048780487805,0.08333333333333333,0.13636363636363635,0.06818181818181818,0.07142857142857142,0.06382978723404255,0.075,0.07407407407407407,0.08333333333333333,0.2037037037037037,0.05660377358490566,0.0625,0.07894736842105263,0.17391304347826086,0.025,0.03333333333333333,0.03333333333333333,0.09523809523809523,0.0975609756097561,0.125,0.07317073170731707,0.06451612903225806,0.07142857142857142,0.08333333333333333,0.0784313725490196,0.06,0.12244897959183673,0.05263157894736842,0.08695652173913043,0.16326530612244897,0.07407407407407407,0.03773584905660377,0.058823529411764705,0.08571428571428572,0.041666666666666664,0.038461538461538464,0.0,0.09375,0.0625,0.11538461538461539,0.03125,0.1,0.034482758620689655,0.09523809523809523,0.14285714285714285,0.06060606060606061,0.06060606060606061,0.08333333333333333,0.14285714285714285,0.043478260869565216,0.09523809523809523
Douglaston,Queens,neighborhood,,,,,,,,,,,,,0.0,0.0,,,0.0,0.0,,,,,0.0,0.0,0.0,,0.0,0.0,0.0,0.0,0.0,,0.0,0.0,0.0,0.0,0.0,0.0,0.0,0.0,0.0,,0.0,0.0,0.0,0.2,0.2,0.0,0.0,0.0,0.0,0.0,0.0,0.0,0.0,0.0,0.0,0.0,0.0,0.0,,0.0,0.0,0.0,0.0,,0.0,,0.0,0.0,0.0,0.0,0.0,0.5,0.0,0.0,0.0,0.0,,,,,0.0,,,,,0.0,0.0,0.0,0.0,0.0,0.0,,0.0,0.0,,,,,,0.0,,,0.0,0.0,0.5,0.0,0.0,0.0,,0.0,,,,,,,,,,0.0,,0.0,0.0,0.0,0.0,0.25,0.0,0.0,,,,,1.0,0.0,1.0,0.0,,,0.5,,,,,,,,,,,0.0,,,,,,,,,0.0,,,0.0,0.0,0.0,0.0,0.0,,0.0,,,,,,,,,,,,0.0,0.0,0.0,0.0,0.6,0.0,0.0,0.0,0.0,0.0,0.0,0.0,1.0,0.0,0.0,0.0,0.5,0.0,0.0
Downtown Brooklyn,Brooklyn,neighborhood,0.15625,0.27586206896551724,0.03636363636363636,0.1746031746031746,0.12195121951219512,0.19047619047619047,0.044444444444444446,0.045454545454545456,0.0425531914893617,0.11627906976744186,0.18518518518518517,0.07317073170731707,0.22,0.40816326530612246,0.07407407407407407,0.06818181818181818,0.046511627906976744,0.045454545454545456,0.06896551724137931,0.125,0.11864406779661017,0.3333333333333333,0.04878048780487805,0.15384615384615385,0.11627906976744186,0.038461538461538464,0.2037037037037037,0.06521739130434782,0.16071428571428573,0.11475409836065574,0.1836734693877551,0.038461538461538464,0.10606060606060606,0.1206896551724138,0.09090909090909091,0.05128205128205128,0.029411764705882353,0.04411764705882353,0.1724137931034483,0.10638297872340426,0.046875,0.17857142857142858,0.047619047619047616,0.27848101265822783,0.09473684210526316,0.33,0.25882352941176473,0.08695652173913043,0.23958333333333334,0.16,0.22,0.1623931623931624,0.13675213675213677,0.21428571428571427,0.2689075630252101,0.22666666666666666,0.2553191489361702,0.2631578947368421,0.39669421487603307,0.2037037037037037,0.0847457627118644,0.22608695652173913,0.21008403361344538,0.22764227642276422,0.24060150375939848,0.2803030303030303,0.31092436974789917,0.33098591549295775,0.2215909090909091,0.22413793103448276,0.21153846153846154,0.08588957055214724,0.2961165048543689,0.11931818181818182,0.15675675675675677,0.14893617021276595,0.3625,0.28061224489795916,0.25149700598802394,0.23786407766990292,0.29245283018867924,0.3824884792626728,0.3385416666666667,0.25595238095238093,0.3148148148148148,0.21656050955414013,0.2441860465116279,0.313953488372093,0.23195876288659795,0.2572614107883817,0.26576576576576577,0.2878787878787879,0.4521276595744681,0.38349514563106796,0.345,0.3712871287128713,0.27631578947368424,0.2119205298013245,0.14795918367346939,0.22485207100591717,0.12087912087912088,0.13368983957219252,0.14222222222222222,0.18407960199004975,0.22839506172839505,0.324468085106383,0.22613065326633167,0.17486338797814208,0.18009478672985782,0.21287128712871287,0.29015544041450775,0.27979274611398963,0.2422680412371134,0.25,0.1932367149758454,0.19170984455958548,0.2727272727272727,0.2647058823529412,0.3161290322580645,0.26956521739130435,0.2097902097902098,0.22900763358778625,0.192,0.3088235294117647,0.3802083333333333,0.4153225806451613,0.35443037974683544,0.37540453074433655,0.41776315789473684,0.4119601328903654,0.32954545454545453,0.284,0.22377622377622378,0.14855072463768115,0.15517241379310345,0.1220472440944882,0.16334661354581673,0.09047619047619047,0.08287292817679558,0.1111111111111111,0.09352517985611511,0.15217391304347827,0.2328767123287671,0.20714285714285716,0.14666666666666667,0.13986013986013987,0.09554140127388536,0.12269938650306748,0.10738255033557047,0.08024691358024691,0.17575757575757575,0.16083916083916083,0.2,0.25170068027210885,0.2642857142857143,0.2582781456953642,0.23353293413173654,0.19607843137254902,0.16022099447513813,0.1858974358974359,0.11180124223602485,0.2303370786516854,0.18781725888324874,0.1932367149758454,0.2679738562091503,0.22807017543859648,0.25,0.19594594594594594,0.2331288343558282,0.13815789473684212,0.25405405405405407,0.20118343195266272,0.20618556701030927,0.23958333333333334,0.22171945701357465,0.21011673151750973,0.2574626865671642,0.24081632653061225,0.22535211267605634,0.18181818181818182,0.19545454545454546,0.1872146118721461,0.15625,0.1589958158995816,0.27848101265822783,0.1647940074906367,0.18360655737704917,0.23387096774193547,0.15702479338842976,0.1936416184971098,0.21221864951768488,0.15141955835962145,0.13354037267080746,0.13220338983050847,0.14102564102564102,0.14469453376205788,0.09269662921348315,0.15538847117794485,0.16417910447761194,0.18045112781954886
Dyker Heights,Brooklyn,neighborhood,0.6666666666666666,0.3333333333333333,0.2,0.0,0.0,0.0,0.0,0.0,0.0,0.0,0.4,0.0,0.0,0.0,0.125,0.0,0.0,0.0,0.0,0.0,0.0,0.0,0.0,0.0,0.0,0.0,0.5,1.0,0.0,,0.0,,,,0.0,0.0,0.0,0.0,0.2,0.3333333333333333,0.0,0.2,0.0,,0.0,0.0,0.0,0.0,,0.0,0.0,0.2,0.3333333333333333,0.14285714285714285,0.0,0.14285714285714285,0.3333333333333333,0.125,0.0,0.0,0.0,0.0,0.0,0.42857142857142855,0.1,0.0,0.0,0.0,0.0,0.0,0.0,0.125,0.4,0.0,0.125,0.09090909090909091,0.0,0.0,0.3333333333333333,0.0,0.4,0.0,0.0,0.0,1.0,0.0,0.0,0.15384615384615385,0.0,0.1,0.0,0.0,0.0,0.0,0.125,0.0,0.5,0.4444444444444444,0.0625,0.0,0.09090909090909091,0.1111111111111111,0.3888888888888889,0.13043478260869565,0.0,0.1,0.08333333333333333,0.07692307692307693,0.09090909090909091,0.05,0.05555555555555555,0.08333333333333333,0.22727272727272727,0.16666666666666666,0.0,0.03333333333333333,0.08695652173913043,0.17647058823529413,0.1111111111111111,0.0,0.14285714285714285,0.25,0.14285714285714285,0.0,0.125,0.0,0.0,0.07692307692307693,0.29411764705882354,0.21052631578947367,0.25,0.3333333333333333,0.15789473684210525,0.05,0.09523809523809523,0.13636363636363635,0.0,0.10714285714285714,0.10714285714285714,0.0,0.0,0.13636363636363635,0.0,0.13333333333333333,0.10526315789473684,0.0,0.18181818181818182,0.0,0.2222222222222222,0.0,0.0,0.125,0.0,0.4,0.0,0.0,0.2857142857142857,0.2,0.14285714285714285,0.0,0.0,0.25,0.0,0.0,0.25,0.125,0.2222222222222222,0.0,0.0,0.0,0.16666666666666666,0.0,0.0,0.0,0.0,0.0,0.0,0.16666666666666666,0.1111111111111111,0.0,0.0,0.125,0.16666666666666666,0.0,0.16666666666666666,0.14285714285714285,0.5,0.25,0.1111111111111111,0.0,0.0,0.0,0.14285714285714285,0.0,0.2,0.0,0.25,0.0,0.0,0.0
East Elmhurst,Queens,neighborhood,,,,,,,,,,,,,,,,,,,,,,,0.0,0.0,0.0,0.0,0.0,0.0,,,,,,,,,,,,,,,0.0,0.0,,,,,,,,0.0,,,,,,,,,0.0,0.5,0.0,0.0,0.0,0.0,0.0,,,,,,,,,,,,,,,,,,,,,0.0,,,,,0.0,,0.0,0.0,0.0,0.0,1.0,0.0,,,,0.0,0.0,0.0,,,,1.0,0.0,0.0,,0.0,,1.0,0.0,,0.0,0.5,0.0,0.0,,,0.3333333333333333,0.16666666666666666,0.75,0.0,,,,,,,,,,,,,,1.0,0.2,0.6666666666666666,0.2,0.0,0.0,0.4,0.5,0.0,,,0.0,,0.0,0.0,0.3333333333333333,0.0,0.5,,0.0,0.0,,0.6666666666666666,0.25,0.3333333333333333,0.5,0.0,0.0,0.0,,1.0,0.0,,1.0,0.0,,0.0,1.0,0.0,0.0,0.0,,,,,,,0.0,0.0,0.0,0.0,,,0.5,0.5,,,1.0,
East Flatbush,Brooklyn,neighborhood,0.0,0.0,0.0,0.4,1.0,1.0,,,0.0,,,0.0,0.16666666666666666,0.0,0.0,0.0,0.0,0.0,0.0,0.0,0.0,0.0,0.0,0.0,0.0,0.3333333333333333,0.3333333333333333,0.0,0.5,0.0,0.0,0.0,0.0,0.0,0.0,0.0,0.25,0.0,0.0,0.0,0.0,0.25,0.0,0.0,0.2,0.0,0.0,0.0,0.0,0.05555555555555555,0.0,0.0,0.0,0.0,0.041666666666666664,0.029411764705882353,0.023255813953488372,0.023809523809523808,0.06451612903225806,0.0,0.038461538461538464,0.02857142857142857,0.03773584905660377,0.06976744186046512,0.046511627906976744,0.0392156862745098,0.0,0.08333333333333333,0.02127659574468085,0.09836065573770492,0.056338028169014086,0.0,0.05555555555555555,0.058823529411764705,0.023809523809523808,0.046511627906976744,0.045454545454545456,0.02127659574468085,0.024390243902439025,0.08163265306122448,0.14035087719298245,0.13636363636363635,0.0625,0.1346153846153846,0.15384615384615385,0.06779661016949153,0.09230769230769231,0.023255813953488372,0.03333333333333333,0.09333333333333334,0.04225352112676056,0.10869565217391304,0.06,0.13793103448275862,0.12280701754385964,0.12698412698412698,0.21818181818181817,0.037037037037037035,0.1,0.10416666666666667,0.04878048780487805,0.037037037037037035,0.10344827586206896,0.08163265306122448,0.06060606060606061,0.06557377049180328,0.13725490196078433,0.0784313725490196,0.14705882352941177,0.19148936170212766,0.03636363636363636,0.1276595744680851,0.07272727272727272,0.171875,0.06944444444444445,0.08,0.16176470588235295,0.13559322033898305,0.1896551724137931,0.08888888888888889,0.12307692307692308,0.034482758620689655,0.08333333333333333,0.11764705882352941,0.05263157894736842,0.13114754098360656,0.14285714285714285,0.05194805194805195,0.1111111111111111,0.11940298507462686,0.19444444444444445,0.07547169811320754,0.13924050632911392,0.07936507936507936,0.07692307692307693,0.14,0.1076923076923077,0.07692307692307693,0.18823529411764706,0.05263157894736842,0.03333333333333333,0.12307692307692308,0.08235294117647059,0.19444444444444445,0.09090909090909091,0.08433734939759036,0.07462686567164178,0.09375,0.11666666666666667,0.03296703296703297,0.044444444444444446,0.12745098039215685,0.08235294117647059,0.0,0.1282051282051282,0.04225352112676056,0.05555555555555555,0.0851063829787234,0.07407407407407407,0.07317073170731707,0.05357142857142857,0.06557377049180328,0.0847457627118644,0.08333333333333333,0.13636363636363635,0.13636363636363635,0.08620689655172414,0.10144927536231885,0.13333333333333333,0.11494252873563218,0.1232876712328767,0.06944444444444445,0.08737864077669903,0.08247422680412371,0.06422018348623854,0.10377358490566038,0.13,0.04477611940298507,0.09259259259259259,0.13513513513513514,0.08,0.08695652173913043,0.05172413793103448,0.02666666666666667,0.0375,0.0625,0.14102564102564102,0.07462686567164178,0.029850746268656716,0.08333333333333333,0.08860759493670886,0.05434782608695652,0.12857142857142856,0.029411764705882353,0.05084745762711865,0.07042253521126761,0.08064516129032258,0.07608695652173914,0.08421052631578947,0.12643678160919541
East Harlem,Manhattan,neighborhood,0.022222222222222223,0.14285714285714285,0.1111111111111111,0.15,0.13513513513513514,0.1,0.0625,0.06153846153846154,0.07272727272727272,0.07142857142857142,0.09090909090909091,0.0,0.09090909090909091,0.16666666666666666,0.02702702702702703,0.10256410256410256,0.18181818181818182,0.21428571428571427,0.18181818181818182,0.13924050632911392,0.1836734693877551,0.16666666666666666,0.21951219512195122,0.06666666666666667,0.11428571428571428,0.14583333333333334,0.22916666666666666,0.22448979591836735,0.1016949152542373,0.05555555555555555,0.14285714285714285,0.08450704225352113,0.12121212121212122,0.19696969696969696,0.08620689655172414,0.0,0.09722222222222222,0.15384615384615385,0.20689655172413793,0.1896551724137931,0.15942028985507245,0.1111111111111111,0.22580645161290322,0.1574074074074074,0.08823529411764706,0.14583333333333334,0.0891089108910891,0.14432989690721648,0.10227272727272728,0.09411764705882353,0.1574074074074074,0.1111111111111111,0.14583333333333334,0.10967741935483871,0.13253012048192772,0.116751269035533,0.14594594594594595,0.1518987341772152,0.12213740458015267,0.08333333333333333,0.11811023622047244,0.058333333333333334,0.0859375,0.07586206896551724,0.07947019867549669,0.14388489208633093,0.13989637305699482,0.1497584541062802,0.0918918918918919,0.05660377358490566,0.10344827586206896,0.13076923076923078,0.13138686131386862,0.16875,0.09090909090909091,0.10948905109489052,0.09655172413793103,0.13333333333333333,0.18,0.11351351351351352,0.15606936416184972,0.19014084507042253,0.125,0.11,0.13740458015267176,0.125,0.1171875,0.15447154471544716,0.09722222222222222,0.11464968152866242,0.11464968152866242,0.2830188679245283,0.1242603550295858,0.18848167539267016,0.2,0.0859375,0.13725490196078433,0.11538461538461539,0.1125,0.11428571428571428,0.10989010989010989,0.13559322033898305,0.15425531914893617,0.17326732673267325,0.15853658536585366,0.1848341232227488,0.21761658031088082,0.11320754716981132,0.12048192771084337,0.14184397163120568,0.08387096774193549,0.11299435028248588,0.14583333333333334,0.096045197740113,0.11875,0.14772727272727273,0.16428571428571428,0.26618705035971224,0.21830985915492956,0.1322314049586777,0.15037593984962405,0.09917355371900827,0.15625,0.06896551724137931,0.15789473684210525,0.29120879120879123,0.29896907216494845,0.38,0.2948717948717949,0.2454212454212454,0.24242424242424243,0.13865546218487396,0.08502024291497975,0.1608695652173913,0.17391304347826086,0.08333333333333333,0.05309734513274336,0.13765182186234817,0.125,0.11764705882352941,0.10857142857142857,0.08024691358024691,0.060810810810810814,0.09848484848484848,0.07462686567164178,0.08411214953271028,0.13114754098360656,0.11023622047244094,0.07518796992481203,0.03546099290780142,0.09580838323353294,0.13924050632911392,0.12857142857142856,0.1875,0.18333333333333332,0.17592592592592593,0.1388888888888889,0.02727272727272727,0.144,0.06451612903225806,0.08227848101265822,0.10382513661202186,0.14903846153846154,0.16981132075471697,0.21634615384615385,0.22660098522167488,0.1326530612244898,0.07092198581560284,0.16,0.14492753623188406,0.10526315789473684,0.08275862068965517,0.1437125748502994,0.07462686567164178,0.1511627906976744,0.1951219512195122,0.20689655172413793,0.2080536912751678,0.1076923076923077,0.19491525423728814,0.13114754098360656,0.06779661016949153,0.088,0.0847457627118644,0.08396946564885496,0.07692307692307693,0.13142857142857142,0.18471337579617833,0.17575757575757575,0.29285714285714287,0.18699186991869918,0.06930693069306931,0.09302325581395349,0.07633587786259542,0.07971014492753623,0.08571428571428572,0.10204081632653061,0.088,0.1015625,0.1044776119402985
East New York,Brooklyn,neighborhood,0.0,0.0,0.0,0.0,,,,,0.0,,,,,0.0,0.0,0.0,0.0,0.0,0.0,0.0,,,,,0.0,0.0,0.0,0.0,0.0,0.0,0.0,0.0,0.0,0.3333333333333333,0.0,0.0,0.0,0.0,0.0,0.0,0.0,,,0.0,0.3333333333333333,0.0,0.0,0.0,0.25,0.0,0.0,0.0,0.0,0.0,0.0,0.0,0.0,0.0,0.5,0.0,0.0,0.0,0.0,0.0,0.0,0.0,0.0,0.3333333333333333,0.25,0.1111111111111111,0.0,0.0,0.0,0.0,0.0,0.1,0.0,0.3333333333333333,0.1111111111111111,0.0,0.0,0.14285714285714285,0.14285714285714285,0.45454545454545453,0.3333333333333333,0.08333333333333333,0.14285714285714285,0.05555555555555555,0.125,0.0,0.05,0.0,0.21428571428571427,0.0,0.07142857142857142,0.0,0.0,0.09090909090909091,0.1111111111111111,0.0625,0.10526315789473684,0.09090909090909091,0.0,0.08333333333333333,0.0,0.07692307692307693,0.07142857142857142,0.0,0.1,0.3,0.23529411764705882,0.12,0.1,0.10526315789473684,0.09523809523809523,0.24,0.3157894736842105,0.14814814814814814,0.09090909090909091,0.20833333333333334,0.13636363636363635,0.058823529411764705,0.125,0.25,0.25,0.16666666666666666,0.2727272727272727,0.0,0.1875,0.2,0.17647058823529413,0.125,0.2,0.09090909090909091,0.21428571428571427,0.125,0.0625,0.13636363636363635,0.26666666666666666,0.2,0.0,0.21739130434782608,0.16666666666666666,0.0,0.05263157894736842,0.0,0.037037037037037035,0.0,0.13157894736842105,0.03225806451612903,0.07142857142857142,0.2,0.0967741935483871,0.23076923076923078,0.15384615384615385,0.0625,0.18518518518518517,0.10714285714285714,0.1875,0.0,0.15,0.1875,0.0,0.11764705882352941,0.21052631578947367,0.21428571428571427,0.15384615384615385,0.17647058823529413,0.1875,0.08823529411764706,0.08108108108108109,0.06451612903225806,0.14634146341463414,0.02702702702702703,0.0,0.18518518518518517,0.16666666666666666,0.0,0.0,0.07142857142857142,0.058823529411764705,0.14285714285714285,0.0625,0.041666666666666664,0.07407407407407407,0.05263157894736842,0.0,0.038461538461538464,0.0,0.03225806451612903,0.0,0.0,0.02857142857142857,0.04,0.125,0.03571428571428571,0.0,0.046511627906976744,0.024390243902439025,0.02631578947368421
East Tremont,Bronx,neighborhood,,,,,,,,,,,,,,,0.0,0.0,0.0,0.0,0.0,0.0,,,,,,,,,,0.0,0.0,0.0,0.0,0.0,0.0,,,,,,,,,,,,,,,0.0,0.0,0.0,0.0,0.0,0.0,0.0,0.0,0.0,0.3333333333333333,0.0,0.0,0.0,0.2857142857142857,0.0,0.16666666666666666,0.0,0.0,0.5,,0.0,0.14285714285714285,0.0,0.25,0.0,0.0,0.3333333333333333,0.0,0.0,0.5,0.0,0.0,0.0,0.0,0.0,0.0,0.0,0.0,0.25,0.0,0.0,0.0,,0.0,0.0,0.0,0.0,0.0,0.0,0.0,0.0,0.0,0.0,0.0,0.6666666666666666,0.0,0.3333333333333333,0.0,0.0,0.0,0.0,0.0,0.09090909090909091,0.1,0.125,0.0,0.0,0.0,0.0,0.0,0.2,0.0,0.0,0.0,,0.0,0.0,0.0,0.2,0.0,0.0,0.18181818181818182,0.0,0.2,0.0,0.0,0.0,0.0,0.0,0.0,0.0,0.2,0.0,0.0,,0.0,0.0,0.0,0.0,0.0,0.0,0.0,0.0,0.0,0.0,0.14285714285714285,0.0,0.4444444444444444,0.5,,0.0,0.0,0.0,0.0,0.0,0.0,0.3333333333333333,0.0,0.1111111111111111,0.0,0.0,0.0,0.0,,0.0,0.0,0.0,0.0,0.0,0.5,0.0,0.0,0.14285714285714285,0.0,0.0,0.0,0.0,0.0,0.5,0.0,0.0,,0.0,0.0,0.25,0.0,0.0,0.0,0.0,0.0,0.0
East Village,Manhattan,neighborhood,0.11224489795918367,0.16113744075829384,0.2087378640776699,0.12631578947368421,0.10606060606060606,0.11398963730569948,0.1111111111111111,0.09615384615384616,0.12878787878787878,0.13953488372093023,0.12213740458015267,0.1259259259259259,0.12408759124087591,0.11194029850746269,0.14838709677419354,0.0440251572327044,0.1032258064516129,0.1,0.14136125654450263,0.13114754098360656,0.11382113821138211,0.1357142857142857,0.13138686131386862,0.09859154929577464,0.0963855421686747,0.14432989690721648,0.11650485436893204,0.12552301255230125,0.1067193675889328,0.1520912547528517,0.1490066225165563,0.13167259786476868,0.17050691244239632,0.15384615384615385,0.10582010582010581,0.15083798882681565,0.16346153846153846,0.13725490196078433,0.11965811965811966,0.14342629482071714,0.1054421768707483,0.15151515151515152,0.16510903426791276,0.21364985163204747,0.21782178217821782,0.21993127147766323,0.2077922077922078,0.17796610169491525,0.17407407407407408,0.2037735849056604,0.17419354838709677,0.16766467065868262,0.17464788732394365,0.21079691516709512,0.2111368909512761,0.14496314496314497,0.19733333333333333,0.18156424581005587,0.1757188498402556,0.09615384615384616,0.15126050420168066,0.10759493670886076,0.14754098360655737,0.08395061728395062,0.13670886075949368,0.12526539278131635,0.11410788381742738,0.16580310880829016,0.1588235294117647,0.1791907514450867,0.18562874251497005,0.20618556701030927,0.20630372492836677,0.19484240687679083,0.1736842105263158,0.11435523114355231,0.14285714285714285,0.24380165289256198,0.2028397565922921,0.22916666666666666,0.2236842105263158,0.23644251626898047,0.18087855297157623,0.2034383954154728,0.2111650485436893,0.21391752577319587,0.22844827586206898,0.14553014553014554,0.21212121212121213,0.25122349102773245,0.22186495176848875,0.27734375,0.3034934497816594,0.2867647058823529,0.22287390029325513,0.18885448916408668,0.22435897435897437,0.14733542319749215,0.15176151761517614,0.14545454545454545,0.1318181818181818,0.13562753036437247,0.1640625,0.19881889763779528,0.21794871794871795,0.19327731092436976,0.2059800664451827,0.19844357976653695,0.1974921630094044,0.18354430379746836,0.1425,0.13716814159292035,0.16463414634146342,0.15098039215686274,0.15913555992141454,0.2082514734774067,0.17150395778364116,0.18855218855218855,0.17490494296577946,0.16141732283464566,0.18846153846153846,0.14767932489451477,0.17703349282296652,0.20152091254752852,0.2534246575342466,0.32643312101910826,0.33174791914387636,0.3685897435897436,0.3726851851851852,0.24239007891770012,0.2771392081736909,0.19825072886297376,0.1652046783625731,0.1453287197231834,0.15397631133671744,0.10720887245841035,0.09050772626931568,0.12183908045977011,0.09333333333333334,0.109375,0.07755102040816327,0.145,0.13333333333333333,0.20809248554913296,0.13658536585365855,0.09883720930232558,0.11214953271028037,0.07211538461538461,0.10583941605839416,0.14457831325301204,0.18155619596541786,0.2546916890080429,0.2750809061488673,0.3007518796992481,0.2804878048780488,0.29218106995884774,0.2222222222222222,0.20987654320987653,0.18566775244299674,0.18125,0.17922077922077922,0.20194647201946472,0.24324324324324326,0.24173553719008264,0.2524271844660194,0.2853598014888337,0.25617283950617287,0.19217081850533807,0.14527027027027026,0.16872427983539096,0.15985130111524162,0.14814814814814814,0.17134831460674158,0.17326732673267325,0.20486815415821502,0.2620545073375262,0.245,0.21288515406162464,0.26181818181818184,0.1581196581196581,0.11637931034482758,0.10138248847926268,0.16165413533834586,0.14186851211072665,0.14736842105263157,0.14249363867684478,0.215311004784689,0.1876750700280112,0.2427536231884058,0.17937219730941703,0.22660098522167488,0.13089005235602094,0.11483253588516747,0.11904761904761904,0.12014134275618374,0.11071428571428571,0.11254019292604502,0.16712328767123288,0.17548076923076922,0.21511627906976744
Eastchester,Bronx,neighborhood,,,,,,,,,,,,,,,,,,,,,,,,,,,,,,,,,,,,,,,,,,,,,,,,,,,,,,,,,,,,,,,,,,,,,,,,,,,,,,,,,,,,,,,0.0,,,,,,,,,,,,,,,,,,0.0,0.0,1.0,0.0,,,,,,,,,,,,,,0.0,0.0,,,,,,,,,0.0,0.0,0.0,0.0,,,,,,,,,,,,,,,,,,,,,,,,,,,,0.0,0.0,,,,,,,,,,,,,,,,,,,,,,,,,,,,,,,,,,,,
Edenwald,Bronx,neighborhood,,,,,,,,,,,,,,,,,,,,,,,,,,,,,,,,,,,,,,,,,,,,,,,,,,,,,,,,,,,,,,,,,,,,,,,,,,,,,,,0.0,,,,,,,,,,,0.0,0.0,,,,,,,,,,,,,,,,,,,,,,,,,,,,,,,,,,,,,,,,,,,,,,,,,,,,,,,,,,,,0.0,0.0,,0.0,,0.0,,,0.0,,,1.0,0.0,0.0,0.0,0.0,0.0,0.0,0.0,0.0,0.0,0.3333333333333333,0.0,,0.0,,,,,,,,,,,,,,,0.0,0.0,,,,,,,,,
Elmhurst,Queens,neighborhood,0.0,0.2,0.0,0.0,0.0,0.0,0.0,0.0,0.0,0.0,0.0,0.5,0.0,0.0,0.0,0.0,0.0,0.0,0.0,0.0,0.0,0.0,0.0,0.0,0.0,0.5,0.5,0.0,,,0.0,0.0,0.2,0.021739130434782608,0.0,0.0,0.0,0.0,0.0,0.0,0.0,0.0,0.06666666666666667,0.0,0.0,0.1111111111111111,0.3181818181818182,0.0625,0.05263157894736842,0.058823529411764705,0.06666666666666667,0.2,0.0,0.08333333333333333,0.16666666666666666,0.05555555555555555,0.038461538461538464,0.0,0.2692307692307692,0.15789473684210525,0.15384615384615385,0.0,0.07692307692307693,0.07142857142857142,0.05555555555555555,0.0,0.10526315789473684,0.0,0.03571428571428571,0.13793103448275862,0.10714285714285714,0.034482758620689655,0.25,0.03225806451612903,0.06896551724137931,0.14814814814814814,0.1,0.23076923076923078,0.17857142857142858,0.07142857142857142,0.07142857142857142,0.07407407407407407,0.058823529411764705,0.08695652173913043,0.08333333333333333,0.13513513513513514,0.16666666666666666,0.06521739130434782,0.08888888888888889,0.07575757575757576,0.045454545454545456,0.07142857142857142,0.21621621621621623,0.2,0.15384615384615385,0.08108108108108109,0.15,0.1388888888888889,0.1,0.16666666666666666,0.1951219512195122,0.08196721311475409,0.13333333333333333,0.1388888888888889,0.23076923076923078,0.2,0.13333333333333333,0.175,0.12962962962962962,0.14634146341463414,0.10638297872340426,0.13043478260869565,0.08163265306122448,0.043478260869565216,0.1,0.11363636363636363,0.03773584905660377,0.1509433962264151,0.11764705882352941,0.16666666666666666,0.1320754716981132,0.13043478260869565,0.0,0.06666666666666667,0.125,0.12244897959183673,0.1111111111111111,0.13636363636363635,0.12987012987012986,0.29850746268656714,0.1780821917808219,0.24528301886792453,0.1917808219178082,0.08955223880597014,0.06779661016949153,0.06557377049180328,0.16666666666666666,0.061224489795918366,0.02,0.08163265306122448,0.03636363636363636,0.0975609756097561,0.08888888888888889,0.1794871794871795,0.10256410256410256,0.02702702702702703,0.058823529411764705,0.034482758620689655,0.14285714285714285,0.1,0.02702702702702703,0.09259259259259259,0.08888888888888889,0.08823529411764706,0.18181818181818182,0.13333333333333333,0.2,0.11904761904761904,0.06060606060606061,0.025,0.0,0.09375,0.075,0.0,0.10344827586206896,0.07142857142857142,0.1724137931034483,0.18181818181818182,0.16129032258064516,0.08695652173913043,0.16666666666666666,0.058823529411764705,0.2,0.14705882352941177,0.16,0.10714285714285714,0.18518518518518517,0.043478260869565216,0.05405405405405406,0.09090909090909091,0.17391304347826086,0.0,0.1111111111111111,0.2,0.14285714285714285,0.21052631578947367,0.18181818181818182,0.17391304347826086,0.08695652173913043,0.01818181818181818,0.10416666666666667,0.11428571428571428,0.047619047619047616,0.043478260869565216,0.13513513513513514,0.1,0.03333333333333333,0.05714285714285714,0.11428571428571428,0.10810810810810811
Financial District,Manhattan,neighborhood,0.14563106796116504,0.07373271889400922,0.07075471698113207,0.12149532710280374,0.06842105263157895,0.09574468085106383,0.08791208791208792,0.05913978494623656,0.1404494382022472,0.13,0.14583333333333334,0.06880733944954129,0.09166666666666666,0.11013215859030837,0.13409961685823754,0.1,0.0888030888030888,0.0896551724137931,0.11636363636363636,0.18587360594795538,0.12878787878787878,0.09787234042553192,0.12177121771217712,0.11278195488721804,0.13945578231292516,0.16538461538461538,0.14333333333333334,0.12714776632302405,0.1524822695035461,0.09848484848484848,0.11808118081180811,0.07291666666666667,0.10483870967741936,0.2054794520547945,0.06513409961685823,0.127208480565371,0.1853035143769968,0.11396011396011396,0.1421188630490956,0.12832929782082325,0.1136890951276102,0.10697674418604651,0.1403118040089087,0.13616071428571427,0.13707865168539327,0.12473572938689217,0.21428571428571427,0.12383177570093458,0.1310344827586207,0.12100456621004566,0.15058823529411763,0.12280701754385964,0.0963302752293578,0.06753246753246753,0.11320754716981132,0.0972972972972973,0.10086455331412104,0.18404907975460122,0.18670886075949367,0.16257668711656442,0.13256484149855907,0.13043478260869565,0.17134831460674158,0.1411764705882353,0.08136482939632546,0.12299465240641712,0.12275449101796407,0.14454277286135694,0.165625,0.2682926829268293,0.24025974025974026,0.2422360248447205,0.20783132530120482,0.18258426966292135,0.19398907103825136,0.19437340153452684,0.14681440443213298,0.17086834733893558,0.25,0.1897018970189702,0.3125,0.27492447129909364,0.32413793103448274,0.20655737704918034,0.2204968944099379,0.1608832807570978,0.21791044776119403,0.19881305637982197,0.18018018018018017,0.2222222222222222,0.1329479768786127,0.2331288343558282,0.20253164556962025,0.29454545454545455,0.2526690391459075,0.19047619047619047,0.22073578595317725,0.2037735849056604,0.1680327868852459,0.22007722007722008,0.16326530612244897,0.11836734693877551,0.12449799196787148,0.12757201646090535,0.1902654867256637,0.2347417840375587,0.2356020942408377,0.15343915343915343,0.23893805309734514,0.23214285714285715,0.16104868913857678,0.21189591078066913,0.16605166051660517,0.15053763440860216,0.16793893129770993,0.17408906882591094,0.1686746987951807,0.2897959183673469,0.18502202643171806,0.17307692307692307,0.2168141592920354,0.15609756097560976,0.19576719576719576,0.28717948717948716,0.34328358208955223,0.28402366863905326,0.3747072599531616,0.3569937369519833,0.34151329243353784,0.23935091277890466,0.27391304347826084,0.14425427872860636,0.19904076738609114,0.10024449877750612,0.14214463840399003,0.09424083769633508,0.08955223880597014,0.08653846153846154,0.08088235294117647,0.12135922330097088,0.20588235294117646,0.2122905027932961,0.1935483870967742,0.1276595744680851,0.13953488372093023,0.08522727272727272,0.2711864406779661,0.18518518518518517,0.2138364779874214,0.15469613259668508,0.2290748898678414,0.2788844621513944,0.24782608695652175,0.4152542372881356,0.35877862595419846,0.24045801526717558,0.337037037037037,0.20982142857142858,0.16334661354581673,0.19747899159663865,0.13807531380753138,0.24019607843137256,0.24583333333333332,0.3,0.3346456692913386,0.36329588014981273,0.3007518796992481,0.2265625,0.26353790613718414,0.29260450160771706,0.2392857142857143,0.17666666666666667,0.22727272727272727,0.27106227106227104,0.2624113475177305,0.29045643153526973,0.325,0.291044776119403,0.32270916334661354,0.17768595041322313,0.16176470588235295,0.16317991631799164,0.26394052044609667,0.19202898550724637,0.13703703703703704,0.14545454545454545,0.19805194805194806,0.2415902140672783,0.26714801444043323,0.29118773946360155,0.3160377358490566,0.14224137931034483,0.175,0.18773946360153257,0.1893939393939394,0.2,0.11986301369863013,0.13071895424836602,0.2098360655737705,0.23452768729641693
Flatbush,Brooklyn,neighborhood,0.5,0.25,0.0,0.0,0.0,0.0,0.0,0.0,0.25,0.14285714285714285,0.14285714285714285,0.0,0.3333333333333333,0.14285714285714285,0.0,0.0,0.0,0.0,0.0,0.0,0.0,0.1111111111111111,0.18181818181818182,0.125,0.2,0.0,0.2,0.0,,0.0,0.0,0.0,0.0,0.15384615384615385,0.0,0.0,0.0,0.0,0.1111111111111111,0.0,0.08333333333333333,0.1111111111111111,0.0,0.0967741935483871,0.06451612903225806,0.0,0.0,0.09090909090909091,0.09090909090909091,0.0,0.0,0.0625,0.047619047619047616,0.1,0.021739130434782608,0.05,0.04040404040404041,0.017543859649122806,0.008264462809917356,0.0425531914893617,0.06944444444444445,0.08860759493670886,0.030303030303030304,0.036585365853658534,0.042105263157894736,0.0297029702970297,0.08641975308641975,0.014705882352941176,0.04411764705882353,0.10144927536231885,0.04918032786885246,0.05084745762711865,0.05084745762711865,0.09230769230769231,0.136986301369863,0.08108108108108109,0.07792207792207792,0.058823529411764705,0.20430107526881722,0.16216216216216217,0.11475409836065574,0.07920792079207921,0.11403508771929824,0.09482758620689655,0.09558823529411764,0.08695652173913043,0.05185185185185185,0.10317460317460317,0.058823529411764705,0.07627118644067797,0.07746478873239436,0.17037037037037037,0.12280701754385964,0.11926605504587157,0.1282051282051282,0.1,0.1276595744680851,0.21818181818181817,0.17142857142857143,0.08080808080808081,0.037037037037037035,0.1282051282051282,0.09022556390977443,0.07692307692307693,0.18269230769230768,0.2,0.1358695652173913,0.09405940594059406,0.07804878048780488,0.15714285714285714,0.07344632768361582,0.1069182389937107,0.07534246575342465,0.10869565217391304,0.031746031746031744,0.13380281690140844,0.10833333333333334,0.1732283464566929,0.15833333333333333,0.08791208791208792,0.12280701754385964,0.09523809523809523,0.1262135922330097,0.07339449541284404,0.18439716312056736,0.13636363636363635,0.1989247311827957,0.12195121951219512,0.14795918367346939,0.13135593220338984,0.09716599190283401,0.14084507042253522,0.12254901960784313,0.10810810810810811,0.08673469387755102,0.11557788944723618,0.08571428571428572,0.12206572769953052,0.1043956043956044,0.08823529411764706,0.06428571428571428,0.08333333333333333,0.06896551724137931,0.11731843575418995,0.07272727272727272,0.07482993197278912,0.06976744186046512,0.06748466257668712,0.10204081632653061,0.11299435028248588,0.08071748878923767,0.1076923076923077,0.11458333333333333,0.13855421686746988,0.10270270270270271,0.09547738693467336,0.08737864077669903,0.0995260663507109,0.10126582278481013,0.08762886597938144,0.09859154929577464,0.07655502392344497,0.15447154471544716,0.14122137404580154,0.09852216748768473,0.09248554913294797,0.1787709497206704,0.1069182389937107,0.07647058823529412,0.11731843575418995,0.10396039603960396,0.125,0.14885496183206107,0.14741035856573706,0.1392857142857143,0.14642857142857144,0.14603174603174604,0.09716599190283401,0.1440329218106996,0.056074766355140186,0.0653061224489796,0.09251101321585903,0.07142857142857142,0.07575757575757576,0.11627906976744186,0.10465116279069768,0.07508532423208192,0.09281437125748503,0.07920792079207921,0.0875,0.08585858585858586,0.07441860465116279,0.06437768240343347,0.057692307692307696,0.06428571428571428,0.06529209621993128,0.0718954248366013,0.07967032967032966,0.10298102981029811,0.05067567567567568
Flatiron,Manhattan,neighborhood,0.12844036697247707,0.10752688172043011,0.13043478260869565,0.15151515151515152,0.11428571428571428,0.12173913043478261,0.13978494623655913,0.0707070707070707,0.07526881720430108,0.22448979591836735,0.10526315789473684,0.08247422680412371,0.14563106796116504,0.07291666666666667,0.0967741935483871,0.12844036697247707,0.08849557522123894,0.10909090909090909,0.1,0.1509433962264151,0.18811881188118812,0.13953488372093023,0.24390243902439024,0.1348314606741573,0.11827956989247312,0.10638297872340426,0.07920792079207921,0.11764705882352941,0.13793103448275862,0.10852713178294573,0.07518796992481203,0.15,0.10077519379844961,0.1597222222222222,0.1640625,0.0873015873015873,0.13043478260869565,0.15942028985507245,0.125,0.19642857142857142,0.1032258064516129,0.08633093525179857,0.1337579617834395,0.22699386503067484,0.18652849740932642,0.1111111111111111,0.04132231404958678,0.06398104265402843,0.09866666666666667,0.09014084507042254,0.0812720848056537,0.04739336492890995,0.14351851851851852,0.17341040462427745,0.1751412429378531,0.24550898203592814,0.2391304347826087,0.19148936170212766,0.21787709497206703,0.2205128205128205,0.15918367346938775,0.15384615384615385,0.1444043321299639,0.14335664335664336,0.12773722627737227,0.2755905511811024,0.18775510204081633,0.328,0.27155172413793105,0.24152542372881355,0.25,0.2653061224489796,0.3125,0.25268817204301075,0.3922413793103448,0.2876712328767123,0.21653543307086615,0.16101694915254236,0.36619718309859156,0.30917874396135264,0.3127962085308057,0.43478260869565216,0.3392070484581498,0.28837209302325584,0.29955947136563876,0.3081081081081081,0.2869198312236287,0.25206611570247933,0.2748091603053435,0.3715415019762846,0.2927927927927928,0.3626373626373626,0.3393939393939394,0.36082474226804123,0.4,0.24390243902439024,0.29591836734693877,0.32142857142857145,0.25806451612903225,0.29107981220657275,0.22274881516587677,0.20657276995305165,0.26229508196721313,0.2037037037037037,0.2926829268292683,0.3469387755102041,0.38095238095238093,0.2463768115942029,0.35064935064935066,0.3,0.2543352601156069,0.2391304347826087,0.2009132420091324,0.22897196261682243,0.19576719576719576,0.25949367088607594,0.2926829268292683,0.3357142857142857,0.2916666666666667,0.3055555555555556,0.3018867924528302,0.1830065359477124,0.24193548387096775,0.28125,0.334841628959276,0.3870967741935484,0.4742014742014742,0.47902869757174393,0.36185819070904646,0.37435897435897436,0.3058823529411765,0.2756598240469208,0.16909620991253643,0.2206405693950178,0.13013698630136986,0.11983471074380166,0.1457286432160804,0.14516129032258066,0.32653061224489793,0.2,0.4051724137931034,0.4818181818181818,0.41228070175438597,0.4067796610169492,0.2631578947368421,0.26732673267326734,0.18461538461538463,0.3333333333333333,0.30337078651685395,0.25903614457831325,0.29015544041450775,0.44680851063829785,0.3539325842696629,0.4695121951219512,0.41317365269461076,0.4012738853503185,0.34574468085106386,0.3383838383838384,0.27979274611398963,0.2717948717948718,0.28365384615384615,0.30697674418604654,0.31843575418994413,0.27388535031847133,0.29375,0.3522012578616352,0.3684210526315789,0.33098591549295775,0.25609756097560976,0.3448275862068966,0.2647058823529412,0.20382165605095542,0.31645569620253167,0.3128834355828221,0.33707865168539325,0.23870967741935484,0.3611111111111111,0.44339622641509435,0.4083333333333333,0.34615384615384615,0.23809523809523808,0.19607843137254902,0.25806451612903225,0.24615384615384617,0.304635761589404,0.2926829268292683,0.34502923976608185,0.44516129032258067,0.3798449612403101,0.36507936507936506,0.4424778761061947,0.3484848484848485,0.2926829268292683,0.2818181818181818,0.26785714285714285,0.30833333333333335,0.2857142857142857,0.2826086956521739,0.3888888888888889,0.35507246376811596
Flatlands,Brooklyn,neighborhood,,,,,,,,,,,,,,0.0,0.0,0.0,0.0,0.0,0.0,,0.0,0.0,,,,,,,,,,,,0.0,0.0,0.0,0.5,0.0,0.0,0.5,0.0,,,,,0.0,0.0,0.0,0.0,,0.0,0.0,0.0,0.0,0.0,0.0,0.0,0.0,0.0,0.0,,,0.0,,,,,0.5,0.0,,,0.0,0.0,0.5,0.0,0.0,0.0,,0.0,,0.0,0.0,,,0.5,0.0,1.0,0.0,0.0,0.0,0.0,,0.0,,0.0,0.0,0.0,0.0,0.0,,,,0.0,0.0,0.2,0.14285714285714285,0.25,0.0,0.0,0.0,0.4,0.0,0.25,0.0,0.0,0.3333333333333333,0.0,0.5,0.0,0.0,0.0,0.0,0.0,,0.0,0.0,0.0,0.0,0.0,,0.0,,0.0,0.0,0.2,0.14285714285714285,0.16666666666666666,0.0,0.5,0.6666666666666666,0.0,0.5,,0.0,0.0,0.0,0.0,0.0,0.3333333333333333,0.0,0.0,0.0,,0.0,0.0,0.0,0.0,0.0,0.14285714285714285,0.0,0.0,0.0,1.0,0.0,0.0,0.0,0.0,0.25,0.0,,,0.0,0.0,,0.0,0.3333333333333333,0.0,0.0,0.0,,0.0,0.0,0.0,0.0,1.0,0.0,1.0,0.6666666666666666,0.0,0.0,0.0,0.0,0.0,0.0,0.16666666666666666,0.0,0.0,,0.0,0.0
Floral Park,Queens,neighborhood,,,,,,,,,,,,,,,,,,,,,,,,,,,,,,,,,,,,,1.0,0.0,0.0,,,,,,,,,,,,,,,,,,,,,,,,,,,,,,,,,,,,,,,,,,,,,,0.0,1.0,1.0,,,,,,,,,,,,,,,,,,,,,,,0.0,1.0,0.0,0.0,0.0,1.0,1.0,1.0,,,,,,,,,,,,,,,,,,,,,,,,,,,,,,,,,,,,,,,,,,,,,,,,,,,,,,,,,,,,,,,,0.0,,,,0.0,,,,,,,,,,,,,,,
Flushing,Queens,neighborhood,0.0,0.2857142857142857,0.0,0.16666666666666666,0.125,0.0,0.3333333333333333,0.0,0.5,0.3333333333333333,0.0,0.0,0.0,0.4444444444444444,0.18181818181818182,0.09090909090909091,0.07142857142857142,0.06666666666666667,0.11764705882352941,0.13333333333333333,0.0,0.03571428571428571,0.1,0.0,0.3,0.125,0.5,0.625,0.15384615384615385,0.11764705882352941,0.0,0.0,0.058823529411764705,0.0,0.0,0.0,0.0625,0.0,0.05263157894736842,0.10526315789473684,0.07692307692307693,0.15384615384615385,0.0,0.0,0.0,0.0,0.0,0.14285714285714285,0.047619047619047616,0.0,0.0,0.10526315789473684,0.0,0.12903225806451613,0.03333333333333333,0.034482758620689655,0.0,0.08695652173913043,0.0,0.02564102564102564,0.0,0.0,0.14285714285714285,0.030303030303030304,0.03333333333333333,0.20588235294117646,0.06382978723404255,0.022727272727272728,0.018867924528301886,0.07142857142857142,0.047619047619047616,0.043478260869565216,0.024390243902439025,0.10714285714285714,0.07894736842105263,0.15151515151515152,0.034482758620689655,0.022222222222222223,0.16666666666666666,0.06451612903225806,0.05454545454545454,0.06818181818181818,0.17073170731707318,0.11764705882352941,0.05454545454545454,0.109375,0.19230769230769232,0.12280701754385964,0.10687022900763359,0.11801242236024845,0.12716763005780346,0.05263157894736842,0.1891891891891892,0.14705882352941177,0.05555555555555555,0.1095890410958904,0.11428571428571428,0.06060606060606061,0.125,0.1044776119402985,0.10465116279069768,0.1875,0.09375,0.06666666666666667,0.11842105263157894,0.13978494623655913,0.1375,0.1839080459770115,0.18085106382978725,0.15730337078651685,0.125,0.056179775280898875,0.09166666666666666,0.09433962264150944,0.2087912087912088,0.13592233009708737,0.09523809523809523,0.08139534883720931,0.033707865168539325,0.09090909090909091,0.13043478260869565,0.1694915254237288,0.19047619047619047,0.09090909090909091,0.06976744186046512,0.05555555555555555,0.2403846153846154,0.12307692307692308,0.12658227848101267,0.1625,0.11538461538461539,0.09210526315789473,0.16521739130434782,0.17894736842105263,0.1487603305785124,0.09649122807017543,0.05555555555555555,0.12162162162162163,0.075,0.06756756756756757,0.046153846153846156,0.08196721311475409,0.02247191011235955,0.02702702702702703,0.075,0.08108108108108109,0.1308411214953271,0.07692307692307693,0.044444444444444446,0.05825242718446602,0.04395604395604396,0.05747126436781609,0.0975609756097561,0.08045977011494253,0.109375,0.08571428571428572,0.09876543209876543,0.1827956989247312,0.09,0.14102564102564102,0.1,0.16071428571428573,0.12857142857142856,0.06666666666666667,0.07017543859649122,0.17543859649122806,0.08771929824561403,0.06153846153846154,0.11764705882352941,0.057692307692307696,0.05555555555555555,0.06,0.03125,0.05,0.1095890410958904,0.08695652173913043,0.11666666666666667,0.0625,0.09333333333333334,0.14772727272727273,0.19230769230769232,0.1797752808988764,0.0967741935483871,0.12195121951219512,0.14893617021276595,0.07954545454545454,0.06976744186046512,0.16666666666666666,0.15,0.17647058823529413,0.109375,0.1016949152542373,0.07352941176470588,0.03529411764705882,0.10576923076923077,0.10185185185185185,0.018518518518518517,0.06666666666666667,0.0821917808219178,0.0821917808219178
Fordham,Bronx,neighborhood,,,,,,,0.0,0.0,,,,,,,,,,,,,,,,,0.0,0.0,0.0,,,0.0,0.0,0.25,0.0,0.2,0.0,0.0,0.0,0.0,,,,0.0,0.0,0.0,0.0,0.5,0.0,0.0,0.25,0.0,0.0,0.0,0.0,0.6666666666666666,0.125,0.14285714285714285,0.0,0.0,0.0,0.0,0.0,0.0,0.0,0.0,0.0,0.13333333333333333,0.0,0.16666666666666666,0.0,0.18181818181818182,0.0,0.08333333333333333,0.09090909090909091,0.18181818181818182,0.08333333333333333,0.25,0.0,0.16666666666666666,0.06666666666666667,0.0,0.0,0.058823529411764705,0.09090909090909091,0.06666666666666667,0.13636363636363635,0.10526315789473684,0.08333333333333333,0.0,0.13636363636363635,0.045454545454545456,0.0,0.125,0.0,0.0,0.0,0.1,0.0,0.058823529411764705,0.08333333333333333,0.058823529411764705,0.0,0.045454545454545456,0.125,0.15,0.2857142857142857,0.125,0.07692307692307693,0.09090909090909091,0.07142857142857142,0.1111111111111111,0.047619047619047616,0.0,0.13043478260869565,0.16666666666666666,0.0,0.05263157894736842,0.06666666666666667,0.058823529411764705,0.0,0.0,0.0,0.0,0.0,0.0,0.0,0.07142857142857142,0.10526315789473684,0.05263157894736842,0.25,0.1111111111111111,0.2222222222222222,0.08333333333333333,0.07142857142857142,0.0,0.0,0.0,0.2,0.0,0.375,0.08333333333333333,0.06666666666666667,0.041666666666666664,0.07692307692307693,0.15789473684210525,0.05,0.0,0.058823529411764705,0.0,0.07142857142857142,0.0,0.1,0.16666666666666666,0.09090909090909091,0.10526315789473684,0.0,0.0,0.05,0.0625,0.08333333333333333,0.11764705882352941,0.23076923076923078,0.16666666666666666,0.07692307692307693,0.05,0.05555555555555555,0.06666666666666667,0.047619047619047616,0.07692307692307693,0.0,0.16666666666666666,0.13333333333333333,0.05555555555555555,0.2,0.1,0.06451612903225806,0.0,0.15789473684210525,0.1111111111111111,0.1111111111111111,0.0,0.10526315789473684,0.3333333333333333,0.2631578947368421,0.0,0.07692307692307693,0.3,0.18181818181818182,0.06666666666666667,0.23076923076923078,0.07692307692307693,0.1111111111111111,0.1111111111111111,0.0,0.125,0.0,0.1,0.14285714285714285,0.07142857142857142,0.08333333333333333,0.0
Forest Hills,Queens,neighborhood,0.1935483870967742,0.10344827586206896,0.029411764705882353,0.02857142857142857,0.08333333333333333,0.043478260869565216,0.0,0.0,0.08333333333333333,0.04,0.06666666666666667,0.03571428571428571,0.10714285714285714,0.07692307692307693,0.05263157894736842,0.07317073170731707,0.08333333333333333,0.023255813953488372,0.024390243902439025,0.05,0.0,0.0,0.10256410256410256,0.1111111111111111,0.04878048780487805,0.0967741935483871,0.08333333333333333,0.05263157894736842,0.05405405405405406,0.14814814814814814,0.05714285714285714,0.08333333333333333,0.07894736842105263,0.09523809523809523,0.21621621621621623,0.03571428571428571,0.0975609756097561,0.125,0.023809523809523808,0.0,0.029411764705882353,0.09375,0.10714285714285714,0.0,0.08,0.2765957446808511,0.11864406779661017,0.16071428571428573,0.07272727272727272,0.09615384615384616,0.125,0.04477611940298507,0.05319148936170213,0.036585365853658534,0.0625,0.015625,0.06779661016949153,0.07865168539325842,0.0945945945945946,0.1,0.058823529411764705,0.25663716814159293,0.11023622047244094,0.0660377358490566,0.08163265306122448,0.08536585365853659,0.04807692307692308,0.0784313725490196,0.07547169811320754,0.10714285714285714,0.11666666666666667,0.046511627906976744,0.08955223880597014,0.08450704225352113,0.20481927710843373,0.10843373493975904,0.07446808510638298,0.09174311926605505,0.08571428571428572,0.14414414414414414,0.11428571428571428,0.08333333333333333,0.13592233009708737,0.10784313725490197,0.14960629921259844,0.14383561643835616,0.1164021164021164,0.06547619047619048,0.09045226130653267,0.11764705882352941,0.06735751295336788,0.14414414414414414,0.1322314049586777,0.16216216216216217,0.25,0.1891891891891892,0.14634146341463414,0.11,0.1574074074074074,0.13076923076923078,0.21052631578947367,0.14772727272727273,0.18235294117647058,0.1513157894736842,0.17647058823529413,0.2054794520547945,0.17006802721088435,0.2108843537414966,0.12686567164179105,0.18382352941176472,0.14743589743589744,0.18787878787878787,0.14942528735632185,0.18543046357615894,0.18012422360248448,0.11851851851851852,0.18604651162790697,0.27586206896551724,0.15447154471544716,0.17272727272727273,0.23622047244094488,0.11428571428571428,0.125,0.21739130434782608,0.1566265060240964,0.1565217391304348,0.2727272727272727,0.23204419889502761,0.27058823529411763,0.17415730337078653,0.3136094674556213,0.1509433962264151,0.2717948717948718,0.24175824175824176,0.17676767676767677,0.13043478260869565,0.10982658959537572,0.1836734693877551,0.09947643979057591,0.10747663551401869,0.0625,0.10588235294117647,0.16774193548387098,0.1349206349206349,0.11570247933884298,0.10091743119266056,0.12422360248447205,0.10377358490566038,0.05319148936170213,0.05405405405405406,0.06666666666666667,0.10204081632653061,0.19101123595505617,0.11,0.16494845360824742,0.1724137931034483,0.18421052631578946,0.11392405063291139,0.13924050632911392,0.04225352112676056,0.13095238095238096,0.10752688172043011,0.0625,0.14545454545454545,0.25,0.13533834586466165,0.1619047619047619,0.13829787234042554,0.18085106382978725,0.17142857142857143,0.125,0.15053763440860216,0.10309278350515463,0.18292682926829268,0.23655913978494625,0.125,0.1348314606741573,0.18691588785046728,0.19,0.1792452830188679,0.1504424778761062,0.13636363636363635,0.13513513513513514,0.128,0.16260162601626016,0.1794871794871795,0.22105263157894736,0.19540229885057472,0.23958333333333334,0.23,0.2828282828282828,0.21839080459770116,0.10891089108910891,0.18518518518518517,0.08602150537634409,0.20253164556962025,0.17777777777777778,0.1650485436893204,0.08333333333333333,0.19658119658119658
Fort Greene,Brooklyn,neighborhood,0.13513513513513514,0.11904761904761904,0.11764705882352941,0.09090909090909091,0.08695652173913043,0.045454545454545456,0.09090909090909091,0.047619047619047616,0.0,0.4375,0.13043478260869565,0.1,0.125,0.09090909090909091,0.2,0.11764705882352941,0.0,0.03225806451612903,0.0967741935483871,0.08,0.05555555555555555,0.1,0.15,0.05263157894736842,0.13636363636363635,0.08333333333333333,0.0,0.09090909090909091,0.1111111111111111,0.09090909090909091,0.022222222222222223,0.02702702702702703,0.0,0.25,0.08695652173913043,0.05263157894736842,0.13636363636363635,0.15,0.09523809523809523,0.18181818181818182,0.10714285714285714,0.10344827586206896,0.125,0.10256410256410256,0.08571428571428572,0.18518518518518517,0.16279069767441862,0.1276595744680851,0.14925373134328357,0.14102564102564102,0.14285714285714285,0.1590909090909091,0.1267605633802817,0.09090909090909091,0.11267605633802817,0.125,0.10843373493975904,0.13432835820895522,0.2,0.12244897959183673,0.07692307692307693,0.14925373134328357,0.15517241379310345,0.07462686567164178,0.18666666666666668,0.16071428571428573,0.05063291139240506,0.1276595744680851,0.21359223300970873,0.14545454545454545,0.1891891891891892,0.0958904109589041,0.1791044776119403,0.12857142857142856,0.18518518518518517,0.189873417721519,0.18666666666666668,0.16666666666666666,0.17391304347826086,0.22950819672131148,0.15447154471544716,0.23300970873786409,0.17073170731707318,0.16964285714285715,0.13725490196078433,0.16806722689075632,0.125,0.1504424778761062,0.1037037037037037,0.16993464052287582,0.15483870967741936,0.23157894736842105,0.26605504587155965,0.20952380952380953,0.15,0.16666666666666666,0.20253164556962025,0.10869565217391304,0.1590909090909091,0.10810810810810811,0.1590909090909091,0.08602150537634409,0.13953488372093023,0.17708333333333334,0.1782178217821782,0.11904761904761904,0.12987012987012986,0.125,0.08333333333333333,0.11428571428571428,0.13253012048192772,0.09278350515463918,0.12048192771084337,0.15789473684210525,0.1485148514851485,0.1,0.1891891891891892,0.12790697674418605,0.21875,0.1864406779661017,0.13636363636363635,0.22413793103448276,0.15873015873015872,0.18181818181818182,0.2222222222222222,0.2826086956521739,0.29605263157894735,0.33136094674556216,0.32460732984293195,0.3723404255319149,0.2876712328767123,0.24031007751937986,0.15447154471544716,0.17,0.15873015873015872,0.0873015873015873,0.10810810810810811,0.1619047619047619,0.1839080459770115,0.0625,0.13793103448275862,0.09615384615384616,0.10909090909090909,0.058823529411764705,0.034482758620689655,0.1111111111111111,0.14035087719298245,0.05970149253731343,0.046875,0.06153846153846154,0.18867924528301888,0.1267605633802817,0.20754716981132076,0.14285714285714285,0.29545454545454547,0.1794871794871795,0.05084745762711865,0.22448979591836735,0.11594202898550725,0.11290322580645161,0.14942528735632185,0.3333333333333333,0.21951219512195122,0.28205128205128205,0.18666666666666668,0.35294117647058826,0.3620689655172414,0.3076923076923077,0.38571428571428573,0.41025641025641024,0.25,0.3225806451612903,0.2236842105263158,0.19696969696969696,0.19117647058823528,0.22077922077922077,0.2835820895522388,0.3181818181818182,0.24489795918367346,0.3,0.13725490196078433,0.34782608695652173,0.019230769230769232,0.028985507246376812,0.11764705882352941,0.10084033613445378,0.20161290322580644,0.13178294573643412,0.15714285714285714,0.14545454545454545,0.10752688172043011,0.02857142857142857,0.19607843137254902,0.04878048780487805,0.0898876404494382,0.10112359550561797,0.09278350515463918,0.17307692307692307,0.07766990291262135,0.22330097087378642
Fresh Meadows,Queens,neighborhood,,,,,,,,,,,,,,,,,,,,,0.0,0.0,,,,,,,,,,,,,,,0.0,0.0,0.0,0.0,,,,,,,,0.0,0.0,0.0,0.0,0.0,0.0,0.0,0.0,0.0,0.0,0.0,0.0,0.0,,,,0.0,0.0,,0.0,0.0,0.0,0.0,0.0,0.0,0.0,0.0,0.0,0.0,0.0,0.0,0.0,0.0,0.0,0.0,0.0,0.0,0.0,0.0,0.0,0.0,0.0,0.0,0.0,0.0,0.0,0.0,0.0,,,0.0,0.0,1.0,0.0,0.0,1.0,0.0,0.0,,0.0,0.0,1.0,0.0,,0.25,0.0,0.0,0.0,0.0,,,0.0,,1.0,0.25,0.0,,0.0,,,0.0,0.5,0.0,0.0,,1.0,,0.0,0.0,,,0.5,0.0,,0.0,,0.0,0.0,0.5,1.0,0.2,0.0,0.0,0.0,,,,,,,,,,,0.0,0.21428571428571427,0.1875,0.16666666666666666,0.3333333333333333,0.0,0.0,0.16666666666666666,0.15384615384615385,0.05263157894736842,0.0,0.14285714285714285,0.0,0.07692307692307693,0.0,0.0,0.05263157894736842,0.0,0.0,0.0,0.0,0.11764705882352941,0.0,0.20689655172413793,0.0,0.0,0.15384615384615385,0.2,0.0,0.0,0.0,0.0,0.0,0.05555555555555555,0.0,0.1111111111111111,0.0,0.0,0.12121212121212122
Gerritsen Beach,Brooklyn,neighborhood,,,,,,,,,,,,,,,,,,,,,,,,,,,,,,,,,,,,,,,,,,,,,,,,,,,,,,,,,,,,,,,,,,,,,,,,,,,,,,,,,,,,,,1.0,1.0,0.0,,,0.0,,,,,,,0.0,0.0,,,,,,,,,,,,,,,,,0.0,0.0,,0.0,,,,,,,,,,,,,,,,,,,,,,,0.0,1.0,0.0,,,,,,,,,,,,,,,,,,,,,,,,1.0,,0.0,0.0,,,,,,,0.0,0.0,,,,,,,,,,,,,,,,,,,,,
Glen Oaks,Queens,neighborhood,,,,,,,,,,,,,,,,,,0.0,0.0,0.0,,0.0,0.0,0.0,0.0,0.0,0.0,0.0,0.0,0.0,0.2,0.25,0.0,0.14285714285714285,0.0,,,,,,,,,,0.0,0.0,0.0,0.0,0.0,0.0,0.0,0.0,0.0,0.0,0.0,0.0,,0.0,0.0,0.0,,0.0,0.0,1.0,0.0,0.0,0.0,0.0,,0.0,0.0,0.0,0.5,0.0,0.0,,,,,,,0.0,0.0,0.0,,,,0.0,0.0,,,,0.0,0.0,0.5,0.0,0.0,0.0,0.0,0.0,,0.0,,,,,0.0,0.0,0.0,,,,,,,,0.0,0.0,0.0,,0.0,0.0,,,,0.0,0.0,0.0,0.0,0.3333333333333333,0.16666666666666666,0.0,0.0,0.0,0.0,0.0,0.0,0.0,0.0,0.0,,0.0,0.5,0.0,1.0,,0.0,,,,0.0,1.0,0.0,0.5,0.5,,1.0,0.0,0.5,,,0.0,0.2,0.0,0.0,0.5,0.5,0.0,0.0,0.0,0.0,0.0,0.0,0.0,0.0,0.0,0.2,0.2,0.25,0.14285714285714285,0.0,0.0,,,1.0,0.0,1.0,1.0,0.0,0.5,0.5,0.0,,0.0,0.0,0.0,0.0,0.0,0.0,0.0
Glendale,Queens,neighborhood,,,,,,,,,0.0,0.0,0.0,0.0,0.0,0.0,0.0,0.0,0.0,0.0,0.0,0.0,,,0.0,0.0,1.0,0.0,0.0,0.0,,0.0,0.0,,,1.0,0.0,0.0,0.6666666666666666,0.0,0.0,,,0.0,0.0,0.0,0.5,0.0,0.0,0.0,0.0,0.0,,0.0,1.0,0.0,0.0,0.0,0.0,,0.0,,0.0,0.0,0.0,0.0,0.0,0.0,0.0,0.0,0.0,0.0,0.0,0.5,0.2857142857142857,0.125,0.16666666666666666,0.0,0.0,0.0,0.2,0.25,0.0,0.1,0.0,0.2222222222222222,0.0,0.18181818181818182,0.125,0.0,0.1,0.2222222222222222,0.16666666666666666,0.0,0.2,0.0,0.2,0.0,0.14285714285714285,0.1,0.0,0.0,0.0,0.6666666666666666,0.4,0.14285714285714285,0.5,0.25,0.14285714285714285,0.2857142857142857,0.16666666666666666,0.0,0.4444444444444444,0.2,0.0,0.0,0.1111111111111111,0.3333333333333333,0.0,0.2,0.09090909090909091,0.0,0.0,0.0,0.2,0.0,0.0,0.25,0.18181818181818182,0.1111111111111111,0.3333333333333333,0.2857142857142857,0.4444444444444444,0.1111111111111111,0.0,0.0,0.0,0.25,0.25,0.2,0.09090909090909091,0.14285714285714285,0.0,0.2857142857142857,0.09090909090909091,0.0,0.14285714285714285,0.16666666666666666,0.0,0.3333333333333333,0.6666666666666666,0.0,0.18181818181818182,0.0,0.0,0.05,0.0,0.15384615384615385,0.125,0.07692307692307693,0.14285714285714285,0.18181818181818182,0.125,0.1,0.4,0.3,0.0,0.0,0.18181818181818182,0.07692307692307693,0.1,0.15384615384615385,0.4166666666666667,0.0,0.25,0.0,0.375,0.16666666666666666,0.3333333333333333,0.0,0.16666666666666666,0.0,0.23076923076923078,0.07692307692307693,0.0,0.07692307692307693,0.0,0.0,0.16666666666666666,0.2,0.36363636363636365,0.1111111111111111,0.09090909090909091,0.0,0.0,0.375,0.0,0.0,0.0,0.0,0.09090909090909091,0.18181818181818182
Gowanus,Brooklyn,neighborhood,0.0,0.0,0.2,0.25,0.0,0.0,0.3333333333333333,0.5,0.0,0.0,0.0,0.0,0.2,0.14285714285714285,0.0,0.0,0.1,0.0,0.1,0.0,0.0,0.0,0.5714285714285714,0.0,0.0,,0.0,0.0,0.3333333333333333,0.0,0.75,0.16666666666666666,0.0,0.0,0.125,0.0,0.17647058823529413,0.05,0.15,0.1,0.1875,0.07692307692307693,0.043478260869565216,0.0,0.21428571428571427,0.10526315789473684,0.2,0.2222222222222222,0.22727272727272727,0.21052631578947367,0.08333333333333333,0.125,0.07142857142857142,0.08695652173913043,0.047619047619047616,0.13513513513513514,0.28125,0.13793103448275862,0.25,0.18181818181818182,0.03333333333333333,0.23076923076923078,0.1111111111111111,0.10714285714285714,0.13636363636363635,0.1,0.045454545454545456,0.09523809523809523,0.06666666666666667,0.375,0.29411764705882354,0.0,0.0625,0.13333333333333333,0.13793103448275862,0.034482758620689655,0.05405405405405406,0.2,0.21212121212121213,0.1935483870967742,0.20689655172413793,0.14814814814814814,0.24242424242424243,0.1935483870967742,0.10869565217391304,0.2571428571428571,0.21621621621621623,0.15625,0.16129032258064516,0.11904761904761904,0.11904761904761904,0.25,0.25,0.2127659574468085,0.1836734693877551,0.09090909090909091,0.125,0.10204081632653061,0.10869565217391304,0.15555555555555556,0.22,0.2,0.12727272727272726,0.27906976744186046,0.25806451612903225,0.34146341463414637,0.2608695652173913,0.18181818181818182,0.1724137931034483,0.18181818181818182,0.21428571428571427,0.10810810810810811,0.025,0.08571428571428572,0.075,0.09523809523809523,0.0,0.23809523809523808,0.17647058823529413,0.23529411764705882,0.21428571428571427,0.1875,0.0,0.25,0.13636363636363635,0.358974358974359,0.2982456140350877,0.32051282051282054,0.26666666666666666,0.2727272727272727,0.19402985074626866,0.14285714285714285,0.1044776119402985,0.19696969696969696,0.11428571428571428,0.1044776119402985,0.16417910447761194,0.1836734693877551,0.1,0.17777777777777778,0.0,0.0,0.058823529411764705,0.10526315789473684,0.09523809523809523,0.08333333333333333,0.07692307692307693,0.0,0.0,0.03125,0.13333333333333333,0.08823529411764706,0.25,0.12903225806451613,0.2857142857142857,0.13636363636363635,0.1875,0.05263157894736842,0.16,0.1111111111111111,0.03125,0.125,0.14893617021276595,0.02127659574468085,0.11904761904761904,0.1590909090909091,0.2711864406779661,0.14,0.15384615384615385,0.14705882352941177,0.13513513513513514,0.19230769230769232,0.21951219512195122,0.17073170731707318,0.16363636363636364,0.18,0.2777777777777778,0.15384615384615385,0.09090909090909091,0.05128205128205128,0.04819277108433735,0.02564102564102564,0.07446808510638298,0.08333333333333333,0.08666666666666667,0.15,0.13333333333333333,0.11374407582938388,0.13793103448275862,0.09693877551020408,0.07006369426751592,0.07975460122699386,0.0472972972972973,0.023076923076923078,0.05357142857142857,0.04,0.11347517730496454,0.11188811188811189,0.07096774193548387,0.07894736842105263
Gramercy Park,Manhattan,neighborhood,0.08181818181818182,0.07692307692307693,0.112,0.06451612903225806,0.11538461538461539,0.031914893617021274,0.06521739130434782,0.10989010989010989,0.10869565217391304,0.16666666666666666,0.05747126436781609,0.11235955056179775,0.12371134020618557,0.10344827586206896,0.14583333333333334,0.04854368932038835,0.053763440860215055,0.03773584905660377,0.11009174311926606,0.10989010989010989,0.10126582278481013,0.1323529411764706,0.12307692307692308,0.1375,0.13978494623655913,0.0963855421686747,0.1590909090909091,0.16793893129770993,0.09929078014184398,0.12727272727272726,0.16666666666666666,0.13636363636363635,0.16981132075471697,0.1744186046511628,0.20512820512820512,0.16279069767441862,0.11818181818181818,0.13761467889908258,0.14814814814814814,0.18584070796460178,0.11290322580645161,0.17699115044247787,0.1893939393939394,0.15267175572519084,0.1415929203539823,0.25773195876288657,0.35106382978723405,0.22727272727272727,0.17355371900826447,0.20512820512820512,0.16030534351145037,0.10317460317460317,0.10317460317460317,0.2033898305084746,0.2,0.25984251968503935,0.18446601941747573,0.19834710743801653,0.17117117117117117,0.11904761904761904,0.10344827586206896,0.2087912087912088,0.19548872180451127,0.125,0.11764705882352941,0.16666666666666666,0.18064516129032257,0.19047619047619047,0.14960629921259844,0.1111111111111111,0.20909090909090908,0.14563106796116504,0.18269230769230768,0.1897810218978102,0.23308270676691728,0.14754098360655737,0.10948905109489052,0.19101123595505617,0.2138728323699422,0.20652173913043478,0.1476510067114094,0.232,0.2112676056338028,0.1640625,0.1259259259259259,0.20634920634920634,0.17532467532467533,0.13548387096774195,0.15384615384615385,0.18604651162790697,0.12371134020618557,0.22285714285714286,0.2608695652173913,0.23255813953488372,0.2796610169491525,0.3023255813953488,0.2727272727272727,0.22137404580152673,0.16447368421052633,0.17006802721088435,0.05714285714285714,0.2814814814814815,0.22641509433962265,0.19858156028368795,0.20869565217391303,0.3225806451612903,0.25210084033613445,0.22321428571428573,0.17796610169491525,0.0967741935483871,0.14516129032258066,0.1111111111111111,0.055944055944055944,0.14516129032258066,0.12142857142857143,0.17037037037037037,0.16363636363636364,0.21052631578947367,0.2727272727272727,0.1797752808988764,0.19090909090909092,0.125,0.09876543209876543,0.24390243902439024,0.2647058823529412,0.30392156862745096,0.34146341463414637,0.41509433962264153,0.3413793103448276,0.35785953177257523,0.2736842105263158,0.17803030303030304,0.1828793774319066,0.15789473684210525,0.107981220657277,0.0918918918918919,0.06875,0.008264462809917356,0.010309278350515464,0.10989010989010989,0.06779661016949153,0.125,0.09230769230769231,0.09803921568627451,0.16,0.1320754716981132,0.08064516129032258,0.09333333333333334,0.19047619047619047,0.14563106796116504,0.2087912087912088,0.2636363636363636,0.3783783783783784,0.24468085106382978,0.2727272727272727,0.225,0.23809523809523808,0.21333333333333335,0.2549019607843137,0.1651376146788991,0.12389380530973451,0.13392857142857142,0.28846153846153844,0.24561403508771928,0.2761904761904762,0.2261904761904762,0.38095238095238093,0.1891891891891892,0.10869565217391304,0.22093023255813954,0.08108108108108109,0.12658227848101267,0.11392405063291139,0.18085106382978725,0.17142857142857143,0.20909090909090908,0.22857142857142856,0.2571428571428571,0.15384615384615385,0.2077922077922078,0.10810810810810811,0.16417910447761194,0.2125,0.12359550561797752,0.07216494845360824,0.1,0.12162162162162163,0.14473684210526316,0.14102564102564102,0.2571428571428571,0.2361111111111111,0.3050847457627119,0.17391304347826086,0.07272727272727272,0.0821917808219178,0.0975609756097561,0.11578947368421053,0.20202020202020202,0.1111111111111111,0.175
Gravesend,Brooklyn,neighborhood,,0.0,0.0,0.16666666666666666,0.0,0.5,0.0,0.0,0.0,0.0,0.0,0.0,0.0,0.0,0.0,0.0,0.0,0.0,0.0,0.0,0.0,0.0,0.0,0.125,0.0,0.0,0.5,0.0,0.2,0.0,0.1111111111111111,0.09090909090909091,0.0,0.06666666666666667,0.08333333333333333,0.1111111111111111,0.32,0.13043478260869565,0.1111111111111111,0.125,0.0,0.0,0.0,0.0,0.0,0.07142857142857142,0.09090909090909091,0.1111111111111111,0.1111111111111111,0.06666666666666667,0.16,0.03333333333333333,0.04,0.05,0.0,0.0,0.07142857142857142,0.0,0.0,0.2,0.058823529411764705,0.0,0.0,0.0,0.0,0.038461538461538464,0.11764705882352941,0.21428571428571427,0.0,0.0,0.16,0.21052631578947367,0.10344827586206896,0.2631578947368421,0.045454545454545456,0.13333333333333333,0.36363636363636365,0.4,0.13636363636363635,0.2,0.2631578947368421,0.0625,0.0,0.07692307692307693,0.05714285714285714,0.06666666666666667,0.20588235294117646,0.12121212121212122,0.14583333333333334,0.1509433962264151,0.09302325581395349,0.3076923076923077,0.35,0.05,0.0625,0.07692307692307693,0.2692307692307692,0.16666666666666666,0.2222222222222222,0.24,0.20833333333333334,0.0,0.18518518518518517,0.06666666666666667,0.07142857142857142,0.25806451612903225,0.11764705882352941,0.15151515151515152,0.25,0.10526315789473684,0.20512820512820512,0.21052631578947367,0.12903225806451613,0.06451612903225806,0.1702127659574468,0.37142857142857144,0.42857142857142855,0.24,0.3548387096774194,0.13043478260869565,0.16666666666666666,0.15789473684210525,0.3157894736842105,0.23076923076923078,0.13333333333333333,0.0625,0.25,0.16,0.23076923076923078,0.36666666666666664,0.16666666666666666,0.16666666666666666,0.21052631578947367,0.1388888888888889,0.1111111111111111,0.15217391304347827,0.07692307692307693,0.13513513513513514,0.1111111111111111,0.12195121951219512,0.09523809523809523,0.06666666666666667,0.12903225806451613,0.10256410256410256,0.06451612903225806,0.16216216216216217,0.1,0.07407407407407407,0.038461538461538464,0.07692307692307693,0.05,0.05555555555555555,0.1,0.0,0.09090909090909091,0.1875,0.125,0.0,0.10344827586206896,0.0,0.23076923076923078,0.23076923076923078,0.125,0.09090909090909091,0.1,0.14285714285714285,0.0,0.14285714285714285,0.0,0.0,0.0,0.0,0.09375,0.0,0.03333333333333333,0.10526315789473684,0.17391304347826086,0.10526315789473684,0.391304347826087,0.0625,0.09523809523809523,0.14285714285714285,0.14705882352941177,0.075,0.02857142857142857,0.03225806451612903,0.03333333333333333,0.05555555555555555,0.07692307692307693,0.0,0.06818181818181818,0.06818181818181818,0.0425531914893617,0.0,0.08333333333333333,0.0,0.0,0.045454545454545456,0.05714285714285714,0.047619047619047616
Greenpoint,Brooklyn,neighborhood,0.3076923076923077,0.2,0.07692307692307693,0.19047619047619047,0.16666666666666666,0.047619047619047616,0.23076923076923078,0.1111111111111111,0.1,0.038461538461538464,0.07407407407407407,0.05555555555555555,0.21428571428571427,0.0,0.3333333333333333,0.0,0.16666666666666666,0.0,0.1875,0.21052631578947367,0.0,0.2,0.125,0.045454545454545456,0.05263157894736842,0.1,0.1724137931034483,0.15789473684210525,0.05,0.14285714285714285,0.08,0.15,0.1111111111111111,0.17391304347826086,0.21739130434782608,0.2,0.20930232558139536,0.09090909090909091,0.15625,0.12121212121212122,0.17857142857142858,0.2,0.12,0.21875,0.3023255813953488,0.10869565217391304,0.46511627906976744,0.14285714285714285,0.25,0.1509433962264151,0.14492753623188406,0.19230769230769232,0.125,0.0967741935483871,0.16455696202531644,0.11392405063291139,0.13186813186813187,0.3013698630136986,0.14457831325301204,0.11650485436893204,0.12371134020618557,0.11827956989247312,0.1,0.10909090909090909,0.16216216216216217,0.1328125,0.1092436974789916,0.136986301369863,0.11347517730496454,0.17117117117117117,0.19491525423728814,0.24107142857142858,0.1320754716981132,0.12903225806451613,0.2032520325203252,0.14074074074074075,0.13815789473684212,0.19480519480519481,0.22900763358778625,0.18699186991869918,0.17886178861788618,0.14423076923076922,0.1941747572815534,0.16363636363636364,0.12666666666666668,0.2,0.21608040201005024,0.20218579234972678,0.22093023255813954,0.22875816993464052,0.24848484848484848,0.26666666666666666,0.23717948717948717,0.2978723404255319,0.3089430894308943,0.14728682170542637,0.2784090909090909,0.22695035460992907,0.271523178807947,0.1511627906976744,0.18823529411764706,0.22435897435897437,0.1830065359477124,0.1807909604519774,0.20574162679425836,0.2601626016260163,0.20098039215686275,0.19411764705882353,0.18326693227091634,0.14893617021276595,0.14213197969543148,0.07602339181286549,0.11678832116788321,0.07913669064748201,0.08092485549132948,0.16923076923076924,0.10236220472440945,0.1,0.07954545454545454,0.1411764705882353,0.09482758620689655,0.136986301369863,0.056818181818181816,0.16853932584269662,0.13414634146341464,0.20816326530612245,0.25157232704402516,0.2891246684350133,0.228287841191067,0.26575342465753427,0.2467948717948718,0.21885521885521886,0.15743440233236153,0.22149837133550487,0.11146496815286625,0.15460526315789475,0.11065573770491803,0.1791907514450867,0.13432835820895522,0.22807017543859648,0.15151515151515152,0.18518518518518517,0.18421052631578946,0.19402985074626866,0.18181818181818182,0.13513513513513514,0.09574468085106383,0.12121212121212122,0.20512820512820512,0.27,0.26,0.3515151515151515,0.4777777777777778,0.32558139534883723,0.4397163120567376,0.3798449612403101,0.336,0.275,0.3233082706766917,0.28125,0.23684210526315788,0.18333333333333332,0.2883435582822086,0.25142857142857145,0.4251497005988024,0.2857142857142857,0.3142857142857143,0.2670807453416149,0.3116883116883117,0.20418848167539266,0.19,0.2608695652173913,0.1534090909090909,0.2670157068062827,0.2602739726027397,0.2706422018348624,0.23045267489711935,0.1652542372881356,0.27717391304347827,0.19083969465648856,0.17766497461928935,0.16489361702127658,0.17258883248730963,0.22043010752688172,0.14659685863874344,0.21428571428571427,0.314410480349345,0.215962441314554,0.14720812182741116,0.1693121693121693,0.18579234972677597,0.07344632768361582,0.10052910052910052,0.1485148514851485,0.08300395256916997,0.11160714285714286,0.20434782608695654,0.18807339449541285,0.19130434782608696,0.17672413793103448
Greenwich Village,Manhattan,neighborhood,0.12650602409638553,0.1111111111111111,0.17894736842105263,0.07075471698113207,0.13157894736842105,0.0423728813559322,0.0625,0.0625,0.10218978102189781,0.12408759124087591,0.14189189189189189,0.10240963855421686,0.08620689655172414,0.053691275167785234,0.07514450867052024,0.07096774193548387,0.07586206896551724,0.06134969325153374,0.1111111111111111,0.07692307692307693,0.0703125,0.16911764705882354,0.1953125,0.13636363636363635,0.1390728476821192,0.12337662337662338,0.10465116279069768,0.12418300653594772,0.164021164021164,0.13333333333333333,0.1336405529953917,0.10471204188481675,0.18243243243243243,0.16058394160583941,0.11363636363636363,0.13636363636363635,0.16939890710382513,0.15428571428571428,0.21052631578947367,0.11940298507462686,0.1415929203539823,0.13559322033898305,0.2032520325203252,0.18723404255319148,0.18018018018018017,0.14427860696517414,0.1807909604519774,0.16981132075471697,0.15476190476190477,0.1746987951807229,0.1891891891891892,0.155,0.14644351464435146,0.1963470319634703,0.15765765765765766,0.1642512077294686,0.18518518518518517,0.21019108280254778,0.20261437908496732,0.16463414634146342,0.18232044198895028,0.1592356687898089,0.1569767441860465,0.15422885572139303,0.10144927536231885,0.13122171945701358,0.15668202764976957,0.11981566820276497,0.1813953488372093,0.2712765957446808,0.20666666666666667,0.2,0.18421052631578946,0.1977401129943503,0.19289340101522842,0.1782178217821782,0.15639810426540285,0.22123893805309736,0.2018348623853211,0.18110236220472442,0.24347826086956523,0.2112676056338028,0.291866028708134,0.1702127659574468,0.16143497757847533,0.17674418604651163,0.14655172413793102,0.1552511415525114,0.14559386973180077,0.1328125,0.19831223628691982,0.19313304721030042,0.27358490566037735,0.2995391705069124,0.29591836734693877,0.14450867052023122,0.14754098360655737,0.19428571428571428,0.20218579234972678,0.12558139534883722,0.11219512195121951,0.1497584541062802,0.14485981308411214,0.15300546448087432,0.18181818181818182,0.19540229885057472,0.2517482517482518,0.16806722689075632,0.15714285714285714,0.15172413793103448,0.11585365853658537,0.15432098765432098,0.13953488372093023,0.09090909090909091,0.14935064935064934,0.15827338129496402,0.16233766233766234,0.2222222222222222,0.171875,0.13333333333333333,0.1557377049180328,0.10833333333333334,0.1557377049180328,0.18478260869565216,0.3027027027027027,0.3090909090909091,0.3366093366093366,0.43028846153846156,0.3080459770114943,0.29949238578680204,0.2608695652173913,0.17973856209150327,0.20521172638436483,0.12867647058823528,0.1384083044982699,0.08016877637130802,0.07936507936507936,0.06756756756756757,0.064,0.09090909090909091,0.05,0.10256410256410256,0.11475409836065574,0.07142857142857142,0.140625,0.16363636363636364,0.07042253521126761,0.0684931506849315,0.10377358490566038,0.09774436090225563,0.15267175572519084,0.14,0.15789473684210525,0.20869565217391303,0.3055555555555556,0.22826086956521738,0.22916666666666666,0.14285714285714285,0.21212121212121213,0.08208955223880597,0.20422535211267606,0.13218390804597702,0.21052631578947367,0.15591397849462366,0.2582781456953642,0.19480519480519481,0.2916666666666667,0.18,0.1588785046728972,0.12,0.15053763440860216,0.08411214953271028,0.12781954887218044,0.20863309352517986,0.23163841807909605,0.2235294117647059,0.2119205298013245,0.20869565217391303,0.2978723404255319,0.14942528735632185,0.11711711711711711,0.08256880733944955,0.11382113821138211,0.14285714285714285,0.1347517730496454,0.109375,0.15384615384615385,0.21678321678321677,0.25210084033613445,0.23711340206185566,0.16216216216216217,0.16666666666666666,0.17525773195876287,0.08247422680412371,0.08333333333333333,0.08333333333333333,0.13846153846153847,0.1366906474820144,0.12666666666666668,0.16101694915254236
Greenwood,Brooklyn,neighborhood,0.125,0.16666666666666666,0.3333333333333333,0.0,0.0,0.2,0.6666666666666666,0.0,0.0,0.3333333333333333,0.2,0.16666666666666666,0.0,0.0,0.0,0.14285714285714285,0.0,0.4,0.5,0.0,0.0,0.0,0.3333333333333333,0.0,0.0,0.0,0.16666666666666666,0.2,0.14285714285714285,0.25,0.16666666666666666,0.0,0.0,0.0,0.0,0.0,0.4,0.0,0.0,0.3333333333333333,0.16666666666666666,0.21428571428571427,0.1875,0.13333333333333333,0.0,0.045454545454545456,0.125,0.24,0.125,0.14705882352941177,0.2857142857142857,0.21052631578947367,0.09090909090909091,0.1,0.12,0.06451612903225806,0.15625,0.22857142857142856,0.16666666666666666,0.07142857142857142,0.1891891891891892,0.23333333333333334,0.10344827586206896,0.14285714285714285,0.15625,0.04878048780487805,0.10256410256410256,0.11627906976744186,0.13043478260869565,0.24324324324324326,0.2222222222222222,0.03571428571428571,0.2222222222222222,0.16666666666666666,0.15384615384615385,0.3235294117647059,0.14285714285714285,0.12195121951219512,0.28205128205128205,0.18604651162790697,0.22727272727272727,0.34782608695652173,0.2826086956521739,0.16666666666666666,0.1935483870967742,0.25,0.22,0.22727272727272727,0.22413793103448276,0.16666666666666666,0.24,0.24193548387096775,0.3698630136986301,0.15384615384615385,0.10606060606060606,0.15555555555555556,0.22950819672131148,0.21153846153846154,0.23529411764705882,0.2545454545454545,0.07462686567164178,0.1724137931034483,0.25,0.2111111111111111,0.2608695652173913,0.1323529411764706,0.1927710843373494,0.09876543209876543,0.136986301369863,0.3103448275862069,0.17647058823529413,0.17647058823529413,0.1774193548387097,0.1774193548387097,0.21311475409836064,0.16176470588235295,0.23404255319148937,0.1794871794871795,0.2,0.16666666666666666,0.25806451612903225,0.23684210526315788,0.1891891891891892,0.25,0.26865671641791045,0.3114754098360656,0.2978723404255319,0.3763440860215054,0.2169811320754717,0.24719101123595505,0.28,0.225,0.2413793103448276,0.24390243902439024,0.1935483870967742,0.16049382716049382,0.23529411764705882,0.14754098360655737,0.15625,0.125,0.13725490196078433,0.1590909090909091,0.25,0.14285714285714285,0.14634146341463414,0.175,0.25,0.16216216216216217,0.0975609756097561,0.0625,0.07317073170731707,0.10810810810810811,0.14705882352941177,0.21052631578947367,0.13513513513513514,0.07407407407407407,0.24390243902439024,0.3157894736842105,0.12121212121212122,0.18518518518518517,0.12195121951219512,0.21052631578947367,0.1568627450980392,0.20408163265306123,0.1794871794871795,0.2972972972972973,0.10810810810810811,0.11428571428571428,0.14705882352941177,0.044444444444444446,0.1568627450980392,0.18518518518518517,0.1568627450980392,0.15151515151515152,0.27450980392156865,0.21666666666666667,0.23728813559322035,0.1702127659574468,0.175,0.13157894736842105,0.08333333333333333,0.04,0.11764705882352941,0.18309859154929578,0.10294117647058823,0.2,0.19047619047619047,0.1346153846153846,0.17142857142857143,0.13333333333333333,0.11764705882352941,0.06349206349206349,0.11475409836065574,0.07352941176470588,0.11594202898550725,0.17333333333333334,0.07954545454545454,0.10810810810810811,0.08333333333333333,0.11267605633802817
Hamilton Heights,Manhattan,neighborhood,0.25,0.2222222222222222,0.041666666666666664,0.2631578947368421,0.02631578947368421,0.10714285714285714,0.06666666666666667,0.10344827586206896,0.1,0.047619047619047616,0.1875,0.1875,0.0,0.10714285714285714,0.034482758620689655,0.12,0.1935483870967742,0.07142857142857142,0.06896551724137931,0.14285714285714285,0.0,0.10526315789473684,0.19444444444444445,0.06666666666666667,0.10714285714285714,0.3157894736842105,0.3191489361702128,0.04081632653061224,0.16666666666666666,0.19230769230769232,0.17647058823529413,0.10714285714285714,0.0784313725490196,0.1276595744680851,0.21212121212121213,0.23076923076923078,0.08823529411764706,0.21739130434782608,0.029411764705882353,0.09090909090909091,0.06,0.19230769230769232,0.18518518518518517,0.08928571428571429,0.13725490196078433,0.16666666666666666,0.1956521739130435,0.08620689655172414,0.13559322033898305,0.1,0.10606060606060606,0.09836065573770492,0.1095890410958904,0.13924050632911392,0.10666666666666667,0.10294117647058823,0.12727272727272726,0.12962962962962962,0.12962962962962962,0.0967741935483871,0.11666666666666667,0.1568627450980392,0.13793103448275862,0.10144927536231885,0.13636363636363635,0.06666666666666667,0.02666666666666667,0.04411764705882353,0.04819277108433735,0.13043478260869565,0.16470588235294117,0.05333333333333334,0.04054054054054054,0.136986301369863,0.10606060606060606,0.109375,0.11666666666666667,0.08433734939759036,0.1111111111111111,0.10526315789473684,0.1951219512195122,0.06593406593406594,0.2318840579710145,0.08955223880597014,0.14814814814814814,0.1375,0.14893617021276595,0.08536585365853659,0.08080808080808081,0.13541666666666666,0.12631578947368421,0.15476190476190477,0.18055555555555555,0.136986301369863,0.22058823529411764,0.043478260869565216,0.1951219512195122,0.05555555555555555,0.09210526315789473,0.06578947368421052,0.12,0.09174311926605505,0.08256880733944955,0.17045454545454544,0.12087912087912088,0.08421052631578947,0.1875,0.09836065573770492,0.17647058823529413,0.13953488372093023,0.08536585365853659,0.13513513513513514,0.11627906976744186,0.0989010989010989,0.07317073170731707,0.2112676056338028,0.1896551724137931,0.14516129032258066,0.125,0.10909090909090909,0.1016949152542373,0.07317073170731707,0.125,0.1,0.24,0.1125,0.15447154471544716,0.2887323943661972,0.2822085889570552,0.26785714285714285,0.2248062015503876,0.1391304347826087,0.09482758620689655,0.1951219512195122,0.12837837837837837,0.12949640287769784,0.07874015748031496,0.11510791366906475,0.12878787878787878,0.1926605504587156,0.12222222222222222,0.07291666666666667,0.09782608695652174,0.11594202898550725,0.12121212121212122,0.07462686567164178,0.027777777777777776,0.0625,0.0392156862745098,0.057692307692307696,0.07272727272727272,0.12162162162162163,0.1346153846153846,0.3076923076923077,0.20930232558139536,0.09302325581395349,0.034482758620689655,0.125,0.046875,0.05172413793103448,0.05194805194805195,0.0963855421686747,0.11538461538461539,0.09302325581395349,0.14285714285714285,0.15730337078651685,0.08955223880597014,0.06382978723404255,0.09433962264150944,0.05555555555555555,0.08196721311475409,0.05357142857142857,0.07462686567164178,0.058823529411764705,0.09523809523809523,0.12643678160919541,0.2,0.21621621621621623,0.1320754716981132,0.0847457627118644,0.1724137931034483,0.10416666666666667,0.0821917808219178,0.025974025974025976,0.08450704225352113,0.1875,0.0975609756097561,0.15,0.18681318681318682,0.19753086419753085,0.11267605633802817,0.10144927536231885,0.06666666666666667,0.13043478260869565,0.05555555555555555,0.08163265306122448,0.06349206349206349,0.07042253521126761,0.125,0.16129032258064516
Highbridge,Bronx,neighborhood,,0.0,0.0,0.0,,,,,,,,,,,,,0.0,,,0.0,0.0,,0.0,0.5,0.0,0.0,0.0,0.0,0.0,0.2,0.0,0.0,0.0,0.2,0.0,0.0,0.3333333333333333,0.0,0.0,0.0,0.0,0.0,0.0,0.0,0.0,0.3333333333333333,0.25,0.25,0.0,0.0,0.0,0.0,0.0,,,0.0,0.0,,1.0,0.0,0.125,0.0,0.0,0.0,0.0,0.0,0.125,0.0,0.0,0.0,0.2,0.0,0.0,0.0,0.0,0.0,0.0,0.0,,0.0,0.0,0.6666666666666666,0.1111111111111111,0.09090909090909091,0.0,0.0,0.0,0.0,0.2,0.08333333333333333,0.25,0.16666666666666666,0.0,0.0,0.0,0.0,0.25,0.0,0.0,0.25,0.0,0.0,0.0,0.0,0.25,0.25,0.0,0.0,0.0,0.0,0.0,0.0,0.16666666666666666,0.08333333333333333,0.0,0.0625,0.16666666666666666,0.0,0.0,0.14285714285714285,0.0,0.0,0.0,0.0,0.0,0.125,0.0,0.0,0.0,0.14285714285714285,0.08333333333333333,0.0,0.06666666666666667,0.25,0.1,0.07692307692307693,0.0,0.0,0.09090909090909091,0.0,0.06666666666666667,0.25,0.0,0.0,0.0,0.0,0.0,0.0,0.14285714285714285,0.0,0.3,0.0,0.0,0.26666666666666666,0.14285714285714285,0.2,0.0,0.2,0.14285714285714285,0.0,0.0,0.0,0.0,0.1,0.0,0.16666666666666666,0.16666666666666666,0.0,0.15384615384615385,0.3333333333333333,0.0,0.3,0.1111111111111111,0.0,0.0,0.0,0.0,0.0,0.25,0.0,0.0,0.0,0.2,0.0,0.0,0.0,0.0,0.0,0.0,0.0,0.0,0.0,0.25,0.0,0.0,0.0,0.0,0.0,0.2,0.25
Hillcrest,Queens,neighborhood,0.0,0.0,,,,,,,,,,,,,,,,,0.0,,,,,,,,,,,,,,,,,,,,,,,,,,,,,,,,0.0,0.0,,,,,,,,,,,,,,,,,,,,,,,0.0,0.0,0.0,0.0,,,0.0,,0.0,0.0,0.0,0.0,0.0,0.0,0.0,0.0,0.0,,0.0,,,1.0,,,,,,,,,,,,,0.0,,0.0,,0.0,0.5,1.0,0.0,,,0.0,0.0,,0.0,,,0.0,0.0,0.0,0.0,,,,,,,,,,,1.0,0.0,,0.0,0.0,,,0.0,0.0,0.0,1.0,,,,1.0,,0.0,0.0,0.0,,,,0.3333333333333333,0.0,0.5,0.0,,,,0.0,,0.0,0.0,,,0.0,0.0,0.0,0.0,0.0,0.0,0.0,0.0,,,,,,0.0,0.0,,,,,,0.0,0.0,,,,,
Hollis,Queens,neighborhood,,,,,,,,,,,,,,,,,,,,,,,,,,,,,,,,,,,,,,,,,,,,,,,,,,,,0.0,0.0,,0.0,0.0,,,0.0,0.0,0.0,0.0,,0.0,1.0,1.0,0.0,0.0,,0.0,,,,,0.0,0.3333333333333333,0.0,0.0,,0.5,0.0,0.0,0.0,,,0.0,0.5,0.0,1.0,0.0,0.5,0.0,,0.0,,1.0,0.3333333333333333,0.3333333333333333,0.0,0.0,,,,0.0,,,,,,,,,0.0,0.0,1.0,1.0,0.0,,0.0,0.6666666666666666,0.2,0.0,0.0,,,0.0,0.0,0.5,0.6666666666666666,0.0,0.16666666666666666,0.0,0.0,1.0,0.0,0.5,0.0,0.5,0.0,0.09090909090909091,0.0,0.0,0.0,0.0,0.0,0.0,0.0,0.0,0.0,,0.0,,0.0,0.0,1.0,0.0,0.0,0.0,0.0,1.0,0.0,0.0,0.5,0.0,1.0,0.3333333333333333,0.0,0.5,0.0,0.0,0.0,0.0,0.0,0.0,0.0,0.0,0.25,0.0,0.125,0.0,0.0,0.0,0.0,0.0,0.0,0.0,0.0,0.0,0.0,0.0,0.0,0.0,0.0,0.0,0.0,0.0,0.0,0.0,0.0,0.0
Howard Beach,Queens,neighborhood,0.0,0.0,0.0,0.0,0.0,0.0,,,,,,,,,,,,,,,,,,,,,,,,,,,,0.0,0.0,0.0,0.0,0.0,,,,,0.0,,,,,,,,,,,,,,,,0.0,0.0,,,,,,,,,0.0,0.0,0.0,0.0,0.0,0.0,0.0,,,,0.0,,0.5,0.0,0.0,0.0,0.0,0.0,0.0,0.0,0.0,0.0,0.3333333333333333,0.0,0.25,0.25,0.0,0.0,0.0,0.0,0.0,0.0,0.0,,0.0,0.0,0.0,0.0,0.0,0.0,,0.0,0.0,0.0,0.0,,,,,,0.5,1.0,,,0.0,,,,0.0,0.0,0.0,0.0,1.0,0.0,0.0,,0.0,0.0,,0.0,0.0,0.0,0.0,0.0,0.0,0.0,0.0,0.0,0.0,0.0,0.0,0.0,0.0,0.0,0.0,0.0,0.0,0.0,1.0,,0.0,,0.0,0.0,0.0,0.0,0.0,0.5,0.0,,0.0,0.0,0.0,0.3333333333333333,0.0,,,1.0,0.0,0.3333333333333333,0.0,0.0,0.0,0.0,0.0,0.2,0.0,0.0,0.0,0.0,0.0,,,0.0,,0.0,,0.5,0.0,0.0,0.0,0.0
Hunts Point,Bronx,neighborhood,,,,,,,,,,,,,,,,,,,,,,0.0,0.0,,,,,,,,,,,,,,,,,,,,,,,,,,,,,,,,,,0.0,0.0,,,,0.0,0.0,0.0,0.0,0.0,0.0,0.0,0.0,0.16666666666666666,0.0,0.4,0.0,,,1.0,0.0,,,,,,0.0,0.0,0.6666666666666666,0.0,0.0,0.0,0.0,0.0,0.0,0.0,,,0.0,0.0,0.0,0.0,0.0,0.0,0.0,0.0,0.0,0.0,0.0,0.0,0.0,0.0,,,0.0,0.0,0.0,0.0,0.0,0.0,0.0,0.0,0.0,0.0,0.0,0.0,0.0,,,,,,0.0,0.0,0.3333333333333333,0.0,0.0,0.0,0.0,,,,1.0,0.0,,0.0,0.0,0.0,1.0,0.0,0.0,1.0,0.0,0.0,0.0,0.0,0.0,,,,0.0,0.0,,,,,0.0,0.0,,,,,1.0,0.0,1.0,,,,,0.0,,,,,,0.0,0.0,0.0,0.0,0.0,0.0,1.0,0.0,,,,0.0,0.0,0.0,,,,,
Inwood,Manhattan,neighborhood,0.0,0.0,0.11764705882352941,0.0,0.0,0.0,0.10526315789473684,0.0,0.125,0.09090909090909091,0.0,0.07692307692307693,0.0,0.0,0.0,0.0,0.0,0.07142857142857142,0.125,0.0,0.0,0.0,0.1875,0.1,0.08333333333333333,0.0,0.3125,0.11764705882352941,0.0,0.04,0.07692307692307693,0.12,0.045454545454545456,0.11538461538461539,0.047619047619047616,0.125,0.1111111111111111,0.09090909090909091,0.13636363636363635,0.17391304347826086,0.05263157894736842,0.0,0.0625,0.0,0.043478260869565216,0.08571428571428572,0.25806451612903225,0.17391304347826086,0.07142857142857142,0.125,0.11363636363636363,0.14583333333333334,0.027777777777777776,0.19230769230769232,0.06976744186046512,0.11904761904761904,0.13725490196078433,0.09615384615384616,0.21621621621621623,0.06521739130434782,0.07407407407407407,0.12307692307692308,0.07352941176470588,0.10869565217391304,0.06666666666666667,0.07317073170731707,0.10416666666666667,0.15217391304347827,0.06976744186046512,0.14634146341463414,0.12,0.14285714285714285,0.1111111111111111,0.07936507936507936,0.15384615384615385,0.07142857142857142,0.07692307692307693,0.05454545454545454,0.08620689655172414,0.04918032786885246,0.12903225806451613,0.10256410256410256,0.14942528735632185,0.06578947368421052,0.06818181818181818,0.06578947368421052,0.11458333333333333,0.14285714285714285,0.06382978723404255,0.1485148514851485,0.08421052631578947,0.1232876712328767,0.0967741935483871,0.15384615384615385,0.1348314606741573,0.14285714285714285,0.11688311688311688,0.0625,0.0958904109589041,0.14634146341463414,0.13186813186813187,0.1875,0.03260869565217391,0.10752688172043011,0.1346153846153846,0.10784313725490197,0.16853932584269662,0.12195121951219512,0.1518987341772152,0.1111111111111111,0.1348314606741573,0.08235294117647059,0.13636363636363635,0.05434782608695652,0.06944444444444445,0.13414634146341464,0.16666666666666666,0.12222222222222222,0.07777777777777778,0.13095238095238096,0.11363636363636363,0.09722222222222222,0.10714285714285714,0.13953488372093023,0.12903225806451613,0.02631578947368421,0.08433734939759036,0.20512820512820512,0.1935483870967742,0.23636363636363636,0.16346153846153846,0.11320754716981132,0.09615384615384616,0.10869565217391304,0.056818181818181816,0.09302325581395349,0.15294117647058825,0.11538461538461539,0.06837606837606838,0.1282051282051282,0.08791208791208792,0.1,0.05813953488372093,0.08235294117647059,0.033707865168539325,0.12162162162162163,0.08536585365853659,0.061224489795918366,0.04411764705882353,0.04225352112676056,0.08450704225352113,0.1095890410958904,0.16,0.08196721311475409,0.171875,0.08823529411764706,0.0958904109589041,0.07894736842105263,0.1,0.07547169811320754,0.09836065573770492,0.05555555555555555,0.140625,0.15,0.14285714285714285,0.08695652173913043,0.09523809523809523,0.05128205128205128,0.17391304347826086,0.1568627450980392,0.06382978723404255,0.06976744186046512,0.07575757575757576,0.2037037037037037,0.14814814814814814,0.23076923076923078,0.15217391304347827,0.10416666666666667,0.1346153846153846,0.08333333333333333,0.1111111111111111,0.1,0.08108108108108109,0.06666666666666667,0.029850746268656716,0.02197802197802198,0.08333333333333333,0.144,0.11965811965811966,0.08235294117647059,0.07608695652173914,0.09821428571428571,0.05309734513274336,0.10588235294117647,0.08695652173913043,0.02631578947368421,0.028985507246376812,0.04477611940298507,0.06521739130434782,0.061224489795918366
Jackson Heights,Queens,neighborhood,0.125,0.0,0.0,0.0,0.0,0.0,0.0,0.0,0.0,0.0,0.5,0.0,0.0,0.0,0.125,0.0,0.0625,0.1,0.0,0.0,0.0,0.0,0.0,0.0,0.0,0.14285714285714285,0.16666666666666666,0.0,0.0,0.0,0.0,0.0,0.0,0.0,0.0,0.0,0.0,0.2222222222222222,0.16666666666666666,0.0625,0.0,0.2,0.1,0.0,0.2222222222222222,0.13333333333333333,0.1,0.2222222222222222,0.19230769230769232,0.08108108108108109,0.05128205128205128,0.0,0.05714285714285714,0.2413793103448276,0.06060606060606061,0.0,0.14814814814814814,0.20454545454545456,0.18032786885245902,0.15384615384615385,0.06329113924050633,0.1506849315068493,0.22666666666666666,0.08045977011494253,0.015151515151515152,0.06818181818181818,0.05660377358490566,0.0,0.16393442622950818,0.14035087719298245,0.08695652173913043,0.075,0.08333333333333333,0.07272727272727272,0.14285714285714285,0.030303030303030304,0.045454545454545456,0.10714285714285714,0.07142857142857142,0.20512820512820512,0.11764705882352941,0.16981132075471697,0.23529411764705882,0.18,0.21428571428571427,0.10975609756097561,0.1590909090909091,0.06060606060606061,0.07017543859649122,0.1565217391304348,0.08247422680412371,0.14035087719298245,0.26666666666666666,0.14516129032258066,0.1509433962264151,0.23636363636363636,0.1527777777777778,0.2,0.2676056338028169,0.27941176470588236,0.33766233766233766,0.16049382716049382,0.11764705882352941,0.11267605633802817,0.11594202898550725,0.1643835616438356,0.2289156626506024,0.19696969696969696,0.19696969696969696,0.13432835820895522,0.07692307692307693,0.07575757575757576,0.09523809523809523,0.0967741935483871,0.08196721311475409,0.08064516129032258,0.1320754716981132,0.08571428571428572,0.18181818181818182,0.08064516129032258,0.20833333333333334,0.16666666666666666,0.1111111111111111,0.17647058823529413,0.17307692307692307,0.1076923076923077,0.1111111111111111,0.2835820895522388,0.21333333333333335,0.2318840579710145,0.2972972972972973,0.16883116883116883,0.13095238095238096,0.10666666666666667,0.18292682926829268,0.16129032258064516,0.10526315789473684,0.11267605633802817,0.046153846153846156,0.22580645161290322,0.08641975308641975,0.14516129032258066,0.125,0.0975609756097561,0.19696969696969696,0.11475409836065574,0.09836065573770492,0.10204081632653061,0.12244897959183673,0.06976744186046512,0.1276595744680851,0.03571428571428571,0.05454545454545454,0.1111111111111111,0.14035087719298245,0.12962962962962962,0.09230769230769231,0.125,0.11594202898550725,0.09259259259259259,0.06666666666666667,0.07407407407407407,0.08620689655172414,0.1,0.08333333333333333,0.03571428571428571,0.057971014492753624,0.07142857142857142,0.1111111111111111,0.07692307692307693,0.025,0.11363636363636363,0.04878048780487805,0.023255813953488372,0.1111111111111111,0.1111111111111111,0.1509433962264151,0.1044776119402985,0.05454545454545454,0.08108108108108109,0.1388888888888889,0.04878048780487805,0.0975609756097561,0.075,0.10638297872340426,0.09302325581395349,0.11904761904761904,0.16666666666666666,0.08888888888888889,0.10416666666666667,0.18421052631578946,0.11428571428571428,0.20454545454545456,0.13725490196078433,0.14634146341463414,0.13793103448275862,0.057692307692307696,0.057692307692307696,0.08771929824561403,0.07547169811320754
Jamaica,Queens,neighborhood,0.0,1.0,0.0,0.0,,,,,,,,,,0.0,0.0,0.0,0.0,0.0,0.0,0.0,0.0,0.0,,,0.0,0.0,0.0,0.0,0.14285714285714285,0.0,0.0,0.0,0.0,0.0,0.0,,,,0.0,0.3333333333333333,0.0,0.0,0.25,0.16666666666666666,0.16666666666666666,0.5,0.2,0.3333333333333333,0.5,0.25,0.0,0.0,0.0,0.25,0.0,0.25,0.0,0.25,0.0,0.0,0.0,0.0,0.0,0.0,0.0,0.0,0.0,0.0,0.125,0.0,0.0,0.0,0.2857142857142857,0.2857142857142857,0.16666666666666666,0.0,0.0,0.0,0.5,0.25,0.1111111111111111,0.0,0.25,0.2,0.09090909090909091,0.05555555555555555,0.038461538461538464,0.0,0.0625,0.047619047619047616,0.14285714285714285,0.0,0.0,0.0,0.1111111111111111,0.0,0.08333333333333333,0.3333333333333333,0.09090909090909091,0.2222222222222222,0.09090909090909091,0.0,0.09090909090909091,0.0,0.14285714285714285,0.0,0.2222222222222222,0.0,0.0,0.15384615384615385,0.0625,0.125,0.0,0.058823529411764705,0.16666666666666666,0.17647058823529413,0.043478260869565216,0.11764705882352941,0.0,0.07142857142857142,0.0,0.07142857142857142,0.0,0.16666666666666666,0.0,0.5555555555555556,0.13636363636363635,0.043478260869565216,0.045454545454545456,0.09523809523809523,0.10526315789473684,0.0,0.045454545454545456,0.08695652173913043,0.08571428571428572,0.05263157894736842,0.15384615384615385,0.13513513513513514,0.04,0.0,0.05555555555555555,0.07692307692307693,0.0,0.0,0.08333333333333333,0.1016949152542373,0.2708333333333333,0.16666666666666666,0.0,0.08196721311475409,0.06666666666666667,0.0,0.0392156862745098,0.023809523809523808,0.08620689655172414,0.06557377049180328,0.028169014084507043,0.10869565217391304,0.11666666666666667,0.06779661016949153,0.05263157894736842,0.016129032258064516,0.015384615384615385,0.030303030303030304,0.07936507936507936,0.1134020618556701,0.009523809523809525,0.011904761904761904,0.0,0.0,0.0,0.0,0.058823529411764705,0.014285714285714285,0.07692307692307693,0.060240963855421686,0.02631578947368421,0.012195121951219513,0.03076923076923077,0.0958904109589041,0.022727272727272728,0.037037037037037035,0.012345679012345678,0.08490566037735849,0.0,0.08163265306122448,0.047244094488188976,0.033707865168539325,0.047619047619047616,0.05263157894736842,0.08860759493670886,0.05154639175257732,0.021739130434782608,0.02631578947368421,0.03875968992248062,0.0,0.04838709677419355,0.020833333333333332,0.032,0.025
Jamaica Estates,Queens,neighborhood,,,,,,,,,0.0,0.0,,0.0,0.5,0.0,0.0,0.0,,,1.0,0.0,0.0,0.16666666666666666,0.0,0.5,0.0,0.0,0.0,0.0,0.0,0.0,0.0,0.0,,,,,0.0,0.0,1.0,1.0,0.0,0.0,0.0,0.0,0.0,0.0,0.25,0.5,0.0,0.0,0.0,0.0,0.0,0.0,0.0,0.0,0.0,0.0,0.0,0.0,0.0,0.5,0.0,0.0,0.0,0.3,0.16666666666666666,0.16666666666666666,0.16666666666666666,0.0,0.0,0.1111111111111111,0.0,0.14285714285714285,0.0,0.0,0.1111111111111111,0.0,0.1,0.0,0.0,0.18181818181818182,0.125,0.15384615384615385,0.16666666666666666,0.25,0.0,0.3333333333333333,0.0,0.08333333333333333,0.25,1.0,0.0,0.0,0.14285714285714285,0.2,0.0,0.25,0.14285714285714285,0.0,0.0,0.2222222222222222,0.08333333333333333,0.2727272727272727,0.0,0.25,0.1111111111111111,0.3333333333333333,0.5,0.2,0.2,0.0,0.0,0.0,0.16666666666666666,0.0,0.25,0.0,0.0,0.3333333333333333,0.0,0.0,0.0,0.5,0.13333333333333333,0.15384615384615385,0.09090909090909091,0.1111111111111111,0.14285714285714285,0.0,0.0,0.0,0.2,0.0,0.0,0.1111111111111111,0.1875,0.125,0.0,0.2,0.0,0.0,0.0,0.14285714285714285,0.0,0.125,0.1875,0.0,0.0,0.0,0.0,0.08333333333333333,0.0,0.0,0.07142857142857142,0.0,0.0,0.0,0.08695652173913043,0.07692307692307693,0.0,0.0,0.0,0.0,0.125,0.08333333333333333,0.1,0.0,0.0,0.0625,0.0,0.0,0.08333333333333333,0.0,0.0,0.14285714285714285,0.0,0.1,0.07692307692307693,0.08333333333333333,0.16666666666666666,0.0,0.1,0.14285714285714285,0.0,0.0,0.0,0.08333333333333333,0.0,0.1,0.0,0.0,0.0,0.0,0.0,0.0,0.0625,0.05,0.2857142857142857,0.0
Jamaica Hills,Queens,neighborhood,,,,,,,,0.0,0.0,0.0,,,,,,,,,,,,,0.0,0.0,0.0,0.0,0.0,0.0,0.0,0.0,0.0,0.0,0.0,,,,,,,,,,,,,,,,,,,,,,,,0.0,0.0,0.0,0.0,0.5,0.0,,,0.0,0.0,0.0,0.0,0.0,0.0,0.0,,,,0.0,,,0.0,0.0,0.5,0.0,0.0,0.0,1.0,0.0,0.0,0.0,0.0,0.0,0.0,0.0,,,,,,0.0,0.0,0.0,0.0,1.0,0.0,,,,,,,,0.0,0.0,0.0,0.0,0.0,0.0,0.0,0.25,0.0,0.0,0.0,0.0,0.0,0.0,0.0,0.0,0.0,0.0,0.0,0.0,0.625,0.0,0.0,0.0,0.0,0.0,0.0,0.0,0.5,0.0,0.0,0.0,0.0,0.0,0.0,0.0,0.0,0.0,0.0,0.0,0.0,0.2,0.3333333333333333,,0.0,0.5,0.0,0.07142857142857142,,0.0,0.0,0.0,0.0,0.25,0.0,0.16666666666666666,0.3333333333333333,0.125,0.125,0.2222222222222222,0.0,0.4,0.0,0.0,0.2,0.0,0.0,0.0,0.0,0.0,0.0,0.0,,0.0,0.25,0.0,0.0,0.0,0.0,0.0,0.125,0.0,0.0,0.0,0.3333333333333333,0.0,0.0,0.0,0.16666666666666666,0.0,0.0
Kensington,Brooklyn,neighborhood,0.0,0.0,0.4444444444444444,0.25,0.0,0.0,0.0,0.3333333333333333,0.0,0.0,0.2222222222222222,0.16666666666666666,0.0,0.2,0.2,0.0,0.0,0.0,0.2,0.25,0.0,0.0,0.0,0.1,0.14285714285714285,0.2,0.0,0.0,0.0,0.125,0.0,0.2,0.07142857142857142,0.15384615384615385,0.16666666666666666,0.0,0.17647058823529413,0.0,0.0,0.14285714285714285,0.0,0.07142857142857142,0.06666666666666667,0.09090909090909091,0.10526315789473684,0.2,0.17391304347826086,0.23809523809523808,0.06896551724137931,0.03125,0.038461538461538464,0.0,0.14285714285714285,0.19230769230769232,0.034482758620689655,0.12903225806451613,0.07692307692307693,0.10526315789473684,0.11904761904761904,0.19148936170212766,0.05263157894736842,0.04,0.018867924528301886,0.1,0.10810810810810811,0.09615384615384616,0.1320754716981132,0.08928571428571429,0.11475409836065574,0.14516129032258066,0.14285714285714285,0.17073170731707318,0.2,0.10256410256410256,0.125,0.04081632653061224,0.07017543859649122,0.12727272727272726,0.09803921568627451,0.14285714285714285,0.17777777777777778,0.1388888888888889,0.16279069767441862,0.125,0.08888888888888889,0.14705882352941177,0.1326530612244898,0.12658227848101267,0.11578947368421053,0.125,0.13131313131313133,0.15714285714285714,0.12307692307692308,0.15384615384615385,0.13186813186813187,0.14285714285714285,0.09375,0.06666666666666667,0.1791044776119403,0.1,0.14130434782608695,0.14285714285714285,0.136986301369863,0.20833333333333334,0.18840579710144928,0.1744186046511628,0.11267605633802817,0.1038961038961039,0.11224489795918367,0.14893617021276595,0.09278350515463918,0.10810810810810811,0.09302325581395349,0.1836734693877551,0.14102564102564102,0.07894736842105263,0.06382978723404255,0.13636363636363635,0.11666666666666667,0.10869565217391304,0.2,0.15555555555555556,0.08571428571428572,0.08823529411764706,0.1276595744680851,0.10526315789473684,0.11235955056179775,0.13402061855670103,0.19672131147540983,0.16666666666666666,0.20353982300884957,0.14285714285714285,0.18478260869565216,0.19801980198019803,0.15,0.1557377049180328,0.125,0.17757009345794392,0.16363636363636364,0.10526315789473684,0.060240963855421686,0.11,0.14473684210526316,0.12962962962962962,0.11320754716981132,0.078125,0.08571428571428572,0.017241379310344827,0.09523809523809523,0.1111111111111111,0.024390243902439025,0.125,0.14634146341463414,0.16129032258064516,0.25,0.08333333333333333,0.1206896551724138,0.14583333333333334,0.12244897959183673,0.041666666666666664,0.1276595744680851,0.14285714285714285,0.17307692307692307,0.12195121951219512,0.09523809523809523,0.10526315789473684,0.1276595744680851,0.1,0.11428571428571428,0.10714285714285714,0.14705882352941177,0.14,0.11363636363636363,0.11363636363636363,0.09615384615384616,0.10416666666666667,0.125,0.2,0.08695652173913043,0.17073170731707318,0.019230769230769232,0.13725490196078433,0.10638297872340426,0.04878048780487805,0.15384615384615385,0.11538461538461539,0.2033898305084746,0.275,0.07142857142857142,0.08333333333333333,0.18181818181818182,0.07142857142857142,0.10526315789473684,0.0625,0.06451612903225806,0.07142857142857142,0.05555555555555555,0.019230769230769232,0.07692307692307693,0.034482758620689655
Kew Gardens,Queens,neighborhood,0.0,0.0,0.0,0.0,0.0,0.0,0.0,0.0,0.0,0.0,0.0,0.0,0.0,0.0,0.0,0.0,0.0,0.0,0.0,,0.2857142857142857,0.1,0.1111111111111111,1.0,0.0,0.0,0.14285714285714285,0.05,0.058823529411764705,0.2,0.06666666666666667,0.0,0.0,0.0,0.0,0.2,0.0,0.0,0.07692307692307693,0.07692307692307693,0.2,0.0,0.2,0.1111111111111111,0.07142857142857142,0.19047619047619047,0.15789473684210525,0.058823529411764705,0.06666666666666667,0.0,0.037037037037037035,0.04,0.05405405405405406,0.05454545454545454,0.013513513513513514,0.05405405405405406,0.058823529411764705,0.125,0.09523809523809523,0.044444444444444446,0.10526315789473684,0.28205128205128205,0.12195121951219512,0.0,0.023809523809523808,0.02040816326530612,0.1111111111111111,0.0967741935483871,0.04878048780487805,0.09433962264150944,0.06896551724137931,0.1,0.08888888888888889,0.11363636363636363,0.16666666666666666,0.08163265306122448,0.022727272727272728,0.09375,0.11428571428571428,0.09090909090909091,0.1111111111111111,0.21212121212121213,0.07692307692307693,0.2,0.1388888888888889,0.10638297872340426,0.203125,0.10606060606060606,0.045454545454545456,0.12871287128712872,0.022727272727272728,0.08333333333333333,0.2,0.2653061224489796,0.1794871794871795,0.18421052631578946,0.1276595744680851,0.19230769230769232,0.25925925925925924,0.25,0.22857142857142856,0.21311475409836064,0.10714285714285714,0.21621621621621623,0.24050632911392406,0.21951219512195122,0.23943661971830985,0.18,0.2,0.13333333333333333,0.1875,0.2028985507246377,0.15789473684210525,0.044444444444444446,0.10714285714285714,0.10294117647058823,0.1896551724137931,0.18181818181818182,0.19753086419753085,0.1076923076923077,0.16071428571428573,0.05357142857142857,0.1702127659574468,0.14285714285714285,0.05263157894736842,0.16981132075471697,0.16216216216216217,0.11956521739130435,0.11764705882352941,0.2625,0.22093023255813954,0.09090909090909091,0.15584415584415584,0.10144927536231885,0.18571428571428572,0.20588235294117646,0.11578947368421053,0.10256410256410256,0.10588235294117647,0.0898876404494382,0.1375,0.12987012987012986,0.05,0.1044776119402985,0.057971014492753624,0.10588235294117647,0.07042253521126761,0.06756756756756757,0.016666666666666666,0.018867924528301886,0.17777777777777778,0.07462686567164178,0.0625,0.075,0.1,0.10526315789473684,0.047619047619047616,0.1346153846153846,0.17307692307692307,0.09523809523809523,0.06818181818181818,0.2,0.07575757575757576,0.0847457627118644,0.125,0.1794871794871795,0.12121212121212122,0.06756756756756757,0.06756756756756757,0.12307692307692308,0.13636363636363635,0.12727272727272726,0.13114754098360656,0.0784313725490196,0.061224489795918366,0.07692307692307693,0.14084507042253522,0.11538461538461539,0.08450704225352113,0.08450704225352113,0.15714285714285714,0.13559322033898305,0.10784313725490197,0.13636363636363635,0.140625,0.07692307692307693,0.09090909090909091,0.13432835820895522,0.13333333333333333,0.10256410256410256,0.20408163265306123,0.11627906976744186,0.0958904109589041,0.015384615384615385,0.037037037037037035,0.034482758620689655,0.02702702702702703,0.0625,0.11764705882352941,0.14285714285714285
Kew Gardens Hills,Queens,neighborhood,0.0,0.0,0.0,0.5,0.0,0.0,0.3333333333333333,0.0,0.0,0.0,0.0,0.0,0.0,0.0,0.5,0.0,0.0,0.0,0.0,0.0,0.0,0.0,0.0,0.5,1.0,0.0,0.0,0.0,0.3333333333333333,0.0,0.0,0.3333333333333333,0.25,0.0,0.0,0.0,0.0,0.0,0.0,0.16666666666666666,0.2,0.0,0.0,0.0,1.0,0.0,0.5,0.0,0.0,0.0,0.0,0.0,0.0,0.0,0.0,0.0,0.0,0.0,0.0,0.0,0.0,0.0,0.10714285714285714,0.0,0.08333333333333333,0.0,0.0,0.1111111111111111,0.0,0.0,0.4166666666666667,0.0,0.36363636363636365,0.0,0.0,0.0,0.0,0.05555555555555555,0.125,0.0,0.4,0.0,0.15384615384615385,0.0,0.058823529411764705,0.05555555555555555,0.13636363636363635,0.0,0.0,0.03125,0.0,0.07692307692307693,0.1,0.0,0.38461538461538464,0.125,0.125,0.0,0.06666666666666667,0.09090909090909091,0.0,0.2222222222222222,0.1,0.045454545454545456,0.5,0.3,0.0,0.09090909090909091,0.18181818181818182,0.0,0.0,0.0,0.16666666666666666,0.125,0.2,0.14814814814814814,0.041666666666666664,0.08333333333333333,0.0,0.0,0.07142857142857142,0.0,0.05555555555555555,0.0,0.0,0.0,0.0,0.3,0.1111111111111111,0.1111111111111111,0.2222222222222222,0.09090909090909091,0.0,0.3333333333333333,0.3333333333333333,0.0,0.2222222222222222,0.125,0.16666666666666666,0.0,0.5909090909090909,0.12121212121212122,0.047619047619047616,0.0,0.0,0.09090909090909091,0.0625,0.0,0.0,0.2,0.0,0.0,0.0,0.0,0.14285714285714285,0.0,0.0,0.1,0.07692307692307693,0.0,0.0,0.0,0.1,0.2,0.0,0.0,0.16666666666666666,0.0,0.1111111111111111,0.25,0.16666666666666666,0.09090909090909091,0.0,0.0,0.0,0.0,0.4,0.0,0.125,0.0,0.0,0.0,0.125,0.07692307692307693,0.0,0.0,0.05,0.14285714285714285,0.23809523809523808,0.0,0.0625,0.0,0.05,0.17391304347826086,0.1111111111111111,0.0,0.0,0.0,0.045454545454545456,0.05
Kingsbridge,Bronx,neighborhood,0.0,0.0,0.0,0.0,0.0,0.0,0.0,0.0,0.0,0.0,0.0,0.0,,,,0.0,,,0.0,0.0,0.0,0.0,0.0,0.0,0.0,0.0,0.16666666666666666,0.0,0.0,0.0,0.0,0.0,0.0,0.0,0.0,0.3333333333333333,0.16666666666666666,0.16666666666666666,0.0,0.0,0.25,0.0,0.0,0.0,0.0,0.0,0.0,0.0,0.0,0.09090909090909091,0.08333333333333333,0.125,0.0,0.375,0.0,0.10526315789473684,0.0,0.05555555555555555,0.09523809523809523,0.0,0.11538461538461539,0.041666666666666664,0.0,0.12,0.0,0.0,0.14285714285714285,0.05263157894736842,0.21052631578947367,0.125,0.05263157894736842,0.20689655172413793,0.05405405405405406,0.05405405405405406,0.07692307692307693,0.15789473684210525,0.13636363636363635,0.047619047619047616,0.05,0.20833333333333334,0.11538461538461539,0.04,0.07692307692307693,0.05263157894736842,0.05,0.0,0.0,0.16,0.058823529411764705,0.03125,0.1111111111111111,0.0,0.2222222222222222,0.20689655172413793,0.06666666666666667,0.08,0.043478260869565216,0.05555555555555555,0.11764705882352941,0.058823529411764705,0.0,0.22580645161290322,0.09375,0.23809523809523808,0.07142857142857142,0.15,0.16129032258064516,0.10256410256410256,0.05,0.06060606060606061,0.09523809523809523,0.16216216216216217,0.11764705882352941,0.19230769230769232,0.125,0.11538461538461539,0.043478260869565216,0.07142857142857142,0.1,0.14814814814814814,0.125,0.0,0.15789473684210525,0.23076923076923078,0.0,0.17647058823529413,0.2,0.09523809523809523,0.09523809523809523,0.09523809523809523,0.058823529411764705,0.04,0.21428571428571427,0.043478260869565216,0.0,0.038461538461538464,0.2222222222222222,0.06060606060606061,0.10526315789473684,0.06060606060606061,0.06451612903225806,0.09090909090909091,0.0,0.058823529411764705,0.06451612903225806,0.0,0.045454545454545456,0.1,0.047619047619047616,0.16666666666666666,0.047619047619047616,0.1111111111111111,0.07692307692307693,0.10344827586206896,0.06451612903225806,0.05714285714285714,0.05714285714285714,0.15384615384615385,0.06666666666666667,0.0,0.05,0.07692307692307693,0.0,0.11764705882352941,0.058823529411764705,0.0,0.0,0.22727272727272727,0.19047619047619047,0.19047619047619047,0.10344827586206896,0.0625,0.047619047619047616,0.05263157894736842,0.05555555555555555,0.10526315789473684,0.2,0.09090909090909091,0.20833333333333334,0.13157894736842105,0.0967741935483871,0.03225806451612903,0.12,0.1111111111111111,0.05555555555555555,0.13333333333333333,0.07692307692307693,0.08333333333333333,0.23076923076923078,0.05263157894736842,0.06666666666666667,0.0,0.0,0.1111111111111111,0.058823529411764705,0.08333333333333333,0.06666666666666667,0.05555555555555555,0.125,0.0
Laconia,Bronx,neighborhood,,,,,,0.0,0.0,,,,,,,,,,,,,,,,,,0.0,0.0,,0.0,0.0,0.0,0.0,,,,,,,,,,0.0,0.0,,,0.0,,,,,0.0,,,,,,,,,,,,,,,,,,,,,,,,,,,,,,,0.0,0.0,,,,,,,,,,,,,,,,,,,,0.0,,0.0,1.0,,,0.0,0.0,0.0,,,,,,0.0,,,,,,,,,,0.0,,,0.0,0.0,,,,,,,,,,,,,,,0.0,0.0,0.0,,,,0.0,0.0,,,,0.0,0.0,0.3333333333333333,0.0,,0.0,0.0,0.0,0.0,,,,,,,,0.0,,,,0.0,,,,,,1.0,,,,,,,,,,,0.0,0.0,,,,,,
Laurelton,Queens,neighborhood,,,,,,,,,,,,,,,,,,,,,,,,,,,,,,,,,,,,,,,,,,,,,,,,,,,,,,,,,,,,,,,,,,,,,0.0,0.0,,,,0.0,1.0,0.0,,,,,,,,,,,,,,0.0,0.0,,,,,0.0,0.0,,,,,,,0.0,0.0,0.5,0.6666666666666666,0.0,0.0,0.0,0.5,0.0,0.0,0.0,0.0,1.0,0.0,1.0,0.0,,0.0,0.5,0.0,,,0.0,0.0,,,,,,,0.0,0.0,,0.0,,,0.0,,,0.0,,0.0,0.0,,,,,,,0.5,0.0,0.0,,,,0.0,0.0,0.0,,,0.0,,,0.0,0.0,,,,,,,,,,,,,0.2,0.0,,,,0.0,0.0,,,,,,,,,,,0.0,1.0,1.0
Little Italy,Manhattan,neighborhood,0.16666666666666666,0.07692307692307693,0.07407407407407407,0.12,0.13793103448275862,0.1,0.15384615384615385,0.2,0.0,0.14285714285714285,0.14285714285714285,0.25,0.14285714285714285,0.08695652173913043,0.16,0.0,0.2608695652173913,0.23529411764705882,0.25,0.10526315789473684,0.09090909090909091,0.07692307692307693,0.0,0.0,0.14285714285714285,0.13333333333333333,0.1111111111111111,0.2857142857142857,0.1,0.13333333333333333,0.11764705882352941,0.24,0.2631578947368421,0.13333333333333333,0.0625,0.13333333333333333,0.13636363636363635,0.16666666666666666,0.17647058823529413,0.2857142857142857,0.21428571428571427,0.3333333333333333,0.16666666666666666,0.0,0.25,0.0,0.17647058823529413,0.058823529411764705,0.038461538461538464,0.03333333333333333,0.09090909090909091,0.15151515151515152,0.10344827586206896,0.13043478260869565,0.20833333333333334,0.20833333333333334,0.19047619047619047,0.19444444444444445,0.19444444444444445,0.25,0.058823529411764705,0.1111111111111111,0.041666666666666664,0.07692307692307693,0.05,0.15789473684210525,0.23076923076923078,0.20689655172413793,0.1,0.4090909090909091,0.2727272727272727,0.10526315789473684,0.2631578947368421,0.2,0.125,0.20689655172413793,0.17142857142857143,0.1388888888888889,0.16129032258064516,0.125,0.09090909090909091,0.17391304347826086,0.08823529411764706,0.14705882352941177,0.10810810810810811,0.14285714285714285,0.06666666666666667,0.16666666666666666,0.20930232558139536,0.14814814814814814,0.16071428571428573,0.12,0.13636363636363635,0.13793103448275862,0.2962962962962963,0.27586206896551724,0.041666666666666664,0.0,0.0,0.041666666666666664,0.18181818181818182,0.20512820512820512,0.1875,0.09615384615384616,0.23076923076923078,0.1724137931034483,0.12,0.35,0.2916666666666667,0.2,0.12903225806451613,0.0625,0.15384615384615385,0.11428571428571428,0.21621621621621623,0.125,0.14814814814814814,0.07692307692307693,0.0,0.11538461538461539,0.07142857142857142,0.0625,0.1,0.23529411764705882,0.16666666666666666,0.24,0.27941176470588236,0.2727272727272727,0.28169014084507044,0.3442622950819672,0.2,0.1276595744680851,0.1875,0.06666666666666667,0.2,0.08,0.06896551724137931,0.06896551724137931,0.0,0.25,0.037037037037037035,0.07692307692307693,0.2857142857142857,0.11764705882352941,0.26666666666666666,0.1,0.08333333333333333,0.23076923076923078,0.0625,0.17391304347826086,0.1875,0.125,0.2222222222222222,0.3076923076923077,0.15789473684210525,0.3125,0.28,0.38095238095238093,0.35,0.3125,0.21739130434782608,0.34375,0.21875,0.24,0.2916666666666667,0.2777777777777778,0.2777777777777778,0.07692307692307693,0.25,0.17391304347826086,0.20833333333333334,0.15,0.058823529411764705,0.12,0.16216216216216217,0.15625,0.2222222222222222,0.22727272727272727,0.19047619047619047,0.25,0.2727272727272727,0.14285714285714285,0.3125,0.15789473684210525,0.26666666666666666,0.15789473684210525,0.23333333333333334,0.35,0.23809523809523808,0.1111111111111111,0.3125,0.3,0.0,0.15384615384615385,0.14285714285714285,0.1,0.23076923076923078,0.18181818181818182,0.20833333333333334,0.23809523809523808
Little Neck,Queens,neighborhood,,,,,,,,,,,,,,,,,,,,,,,,,,,,,,,,,,,,,,0.0,0.0,0.0,0.0,0.0,0.0,0.0,,,,,,,,,,,,,,,,,,,,,0.0,,,,,0.0,0.0,0.0,0.0,,0.0,0.0,0.0,0.0,,1.0,,0.0,0.0,0.0,,,,,,0.0,0.0,,,,,,,,,,0.0,0.0,,,,,,,,,,,,,,,,0.0,1.0,0.5,0.0,,0.0,0.0,0.0,,,,0.0,0.0,,,0.0,0.0,0.0,,,0.0,1.0,0.0,0.5,0.0,,,,0.5,0.0,,,,0.0,1.0,,,,,,,,,,,,,,,,0.0,,,,,0.0,0.0,0.0,0.0,,0.0,1.0,0.0,1.0,0.0,,,,,,0.0,,,,,,,,,,,0.0,0.0
Long Island City,Queens,neighborhood,0.06896551724137931,0.11538461538461539,0.2222222222222222,0.045454545454545456,0.05263157894736842,0.05555555555555555,0.0,0.04838709677419355,0.03278688524590164,0.11290322580645161,0.05454545454545454,0.0,0.08,0.06666666666666667,0.047619047619047616,0.038461538461538464,0.0,0.05128205128205128,0.08163265306122448,0.08928571428571429,0.05660377358490566,0.045454545454545456,0.12195121951219512,0.05128205128205128,0.10638297872340426,0.016194331983805668,0.023076923076923078,0.02830188679245283,0.03343465045592705,0.02040816326530612,0.2361111111111111,0.2,0.19230769230769232,0.11009174311926606,0.0641025641025641,0.044444444444444446,0.07407407407407407,0.09473684210526316,0.09090909090909091,0.07228915662650602,0.0945945945945946,0.10810810810810811,0.10869565217391304,0.2328042328042328,0.1780821917808219,0.16356877323420074,0.19369369369369369,0.16216216216216217,0.18128654970760233,0.1736111111111111,0.06707317073170732,0.13870967741935483,0.11313868613138686,0.215625,0.07662835249042145,0.08455882352941177,0.1542056074766355,0.195,0.17365269461077845,0.10650887573964497,0.2709677419354839,0.19424460431654678,0.17415730337078653,0.15695067264573992,0.10476190476190476,0.13744075829383887,0.1939655172413793,0.09349593495934959,0.2518248175182482,0.33935018050541516,0.23773584905660378,0.20614035087719298,0.2149122807017544,0.13821138211382114,0.16044776119402984,0.14625850340136054,0.17765042979942694,0.22988505747126436,0.2398921832884097,0.3057644110275689,0.23782234957020057,0.30313588850174217,0.3356164383561644,0.23166023166023167,0.16605166051660517,0.16872427983539096,0.09404388714733543,0.13732394366197184,0.19741100323624594,0.19141914191419143,0.12195121951219512,0.17320261437908496,0.2848101265822785,0.4341736694677871,0.2906666666666667,0.18126888217522658,0.15015015015015015,0.15625,0.1132596685082873,0.140625,0.07096774193548387,0.04597701149425287,0.08125,0.0784313725490196,0.08247422680412371,0.15584415584415584,0.1717171717171717,0.15444015444015444,0.153125,0.15047021943573669,0.1497005988023952,0.1116751269035533,0.08469945355191257,0.10955056179775281,0.10493827160493827,0.15172413793103448,0.20557491289198607,0.2188449848024316,0.24358974358974358,0.19850187265917604,0.18181818181818182,0.18152866242038215,0.10116731517509728,0.15139442231075698,0.2122905027932961,0.2619589977220957,0.2651072124756335,0.3007246376811594,0.24770642201834864,0.21178637200736647,0.1836734693877551,0.11066398390342053,0.12761506276150628,0.11963882618510158,0.11203319502074689,0.06844741235392321,0.06847133757961783,0.048458149779735685,0.06432748538011696,0.08587257617728532,0.09221902017291066,0.0756578947368421,0.08487084870848709,0.05263157894736842,0.07983193277310924,0.051643192488262914,0.04184100418410042,0.09871244635193133,0.10256410256410256,0.08461538461538462,0.09252669039145907,0.16271186440677965,0.18627450980392157,0.18484848484848485,0.1661807580174927,0.19325153374233128,0.1270718232044199,0.1450381679389313,0.13915857605177995,0.07516339869281045,0.09210526315789473,0.0821256038647343,0.16049382716049382,0.1487603305785124,0.1384083044982699,0.2541899441340782,0.17468354430379746,0.18181818181818182,0.13202247191011235,0.11049723756906077,0.14917127071823205,0.0893371757925072,0.10804020100502512,0.12895377128953772,0.14128440366972478,0.12619502868068833,0.14255765199161424,0.16778523489932887,0.1920374707259953,0.14102564102564102,0.1506276150627615,0.14489311163895488,0.1622222222222222,0.08167330677290836,0.1233644859813084,0.10676156583629894,0.12824956672443674,0.17037037037037037,0.21294363256784968,0.1724137931034483,0.17620137299771166,0.09624413145539906,0.14435146443514643,0.12558139534883722,0.1111111111111111,0.0835214446952596,0.10462776659959759,0.15594541910331383,0.16117216117216118,0.173828125
Longwood,Bronx,neighborhood,,,,,,,0.0,0.0,,,,,,,,,,,,0.0,0.5,0.0,0.0,0.0,0.0,0.0,0.0,,0.0,0.0,0.0,,,,,,,,,,,,,,,,,,,,0.0,,,,,,,,,,,,,,,0.0,0.0,,,0.0,0.0,0.0,0.0,,,,,0.0,,,,,,,,0.5,0.25,0.6666666666666666,0.0,0.0,0.0,0.0,0.0,0.0,,,,,,,,,0.0,0.25,0.5,0.0,,,0.0,0.0,0.0,0.0,1.0,0.0,1.0,0.0,,,,,0.0,0.0,,0.0,0.3333333333333333,0.0,0.0,0.0,0.0,0.6666666666666666,0.0,,,,,0.0,0.25,,,0.0,1.0,0.0,,,,,,,,0.0,,,0.0,,,,,,,,,,1.0,1.0,,,0.0,0.0,0.0,0.0,0.0,0.5,0.0,,,,,0.0,1.0,0.0,0.0,,0.3333333333333333,,,0.0,0.0,,,0.0,,,,0.0,0.0,0.0,0.0,,,0.5
Lower East Side,Manhattan,neighborhood,0.14,0.0990990990990991,0.10891089108910891,0.10185185185185185,0.04878048780487805,0.14285714285714285,0.08641975308641975,0.06172839506172839,0.07462686567164178,0.14814814814814814,0.109375,0.0847457627118644,0.09210526315789473,0.09836065573770492,0.07058823529411765,0.06015037593984962,0.06832298136645963,0.0935672514619883,0.17222222222222222,0.07954545454545454,0.02564102564102564,0.0641025641025641,0.11956521739130435,0.1,0.10067114093959731,0.06060606060606061,0.07692307692307693,0.12345679012345678,0.13513513513513514,0.20754716981132076,0.27358490566037735,0.13333333333333333,0.15306122448979592,0.08888888888888889,0.14864864864864866,0.06756756756756757,0.14563106796116504,0.13829787234042554,0.11764705882352941,0.14074074074074075,0.09722222222222222,0.16153846153846155,0.16326530612244897,0.12025316455696203,0.18487394957983194,0.1732283464566929,0.12371134020618557,0.10784313725490197,0.11711711711711711,0.13008130081300814,0.1893939393939394,0.125,0.18023255813953487,0.1951219512195122,0.18181818181818182,0.18497109826589594,0.1962025316455696,0.2248062015503876,0.19834710743801653,0.1111111111111111,0.09375,0.09917355371900827,0.17218543046357615,0.1232876712328767,0.08280254777070063,0.13218390804597702,0.12643678160919541,0.0975609756097561,0.06622516556291391,0.2534246575342466,0.08270676691729323,0.09923664122137404,0.10179640718562874,0.10497237569060773,0.15897435897435896,0.12849162011173185,0.14736842105263157,0.13333333333333333,0.20304568527918782,0.15763546798029557,0.14792899408284024,0.21264367816091953,0.22727272727272727,0.13218390804597702,0.13131313131313133,0.13612565445026178,0.14035087719298245,0.196,0.16376306620209058,0.17509727626459143,0.12340425531914893,0.1927710843373494,0.18562874251497005,0.2616279069767442,0.2785714285714286,0.14960629921259844,0.13768115942028986,0.14705882352941177,0.11235955056179775,0.107981220657277,0.11274509803921569,0.12280701754385964,0.1346938775510204,0.11555555555555555,0.16145833333333334,0.1,0.109375,0.0703125,0.12903225806451613,0.14375,0.15168539325842698,0.13872832369942195,0.13191489361702127,0.1596958174904943,0.15073529411764705,0.18411552346570398,0.14545454545454545,0.19900497512437812,0.15168539325842698,0.15555555555555556,0.13609467455621302,0.07947019867549669,0.06060606060606061,0.11650485436893204,0.21551724137931033,0.315625,0.3136792452830189,0.3275488069414317,0.26382978723404255,0.23191489361702128,0.17539267015706805,0.15053763440860216,0.15835777126099707,0.11781609195402298,0.07580174927113703,0.11254019292604502,0.03873239436619718,0.0933852140077821,0.039647577092511016,0.10714285714285714,0.04516129032258064,0.10897435897435898,0.17567567567567569,0.18947368421052632,0.07272727272727272,0.07692307692307693,0.08396946564885496,0.1111111111111111,0.11299435028248588,0.13215859030837004,0.13253012048192772,0.26582278481012656,0.1735159817351598,0.3063583815028902,0.23030303030303031,0.17518248175182483,0.15602836879432624,0.189873417721519,0.14606741573033707,0.15207373271889402,0.13732394366197184,0.17192982456140352,0.2197452229299363,0.2453416149068323,0.25862068965517243,0.2682926829268293,0.23711340206185566,0.11585365853658537,0.15060240963855423,0.16541353383458646,0.11585365853658537,0.15121951219512195,0.17757009345794392,0.19753086419753085,0.23897058823529413,0.27205882352941174,0.22413793103448276,0.2562814070351759,0.2,0.10687022900763359,0.11194029850746269,0.12121212121212122,0.11594202898550725,0.07006369426751592,0.17525773195876287,0.11403508771929824,0.1598360655737705,0.24778761061946902,0.16666666666666666,0.14814814814814814,0.2032520325203252,0.07142857142857142,0.1349206349206349,0.07692307692307693,0.12,0.09285714285714286,0.13548387096774195,0.15254237288135594,0.1518324607329843,0.18357487922705315
Manhattan,Manhattan,borough,0.12856057728826434,0.11885838150289017,0.13142554319024907,0.11804239186627606,0.12304331998543866,0.09803220035778175,0.09254066180594504,0.09812353401094605,0.11744815148782688,0.13183136292661166,0.128995171303748,0.1031583730970234,0.10641525791070655,0.10150709219858156,0.10841456136860951,0.0935134029056681,0.10093943633819707,0.09851936218678815,0.12145669291338583,0.12186379928315412,0.11529608704749948,0.13609100310237848,0.15884159719175076,0.13195402298850575,0.15196577714402118,0.14954182101774224,0.1402439024390244,0.13316849169904627,0.12150627615062762,0.12846141242012124,0.13365617433414043,0.12603648424543948,0.1507622811970638,0.16032295271049596,0.1370528771384137,0.12774167343623072,0.14257673090649536,0.13207210422987686,0.14608190906159305,0.13975617008623253,0.12249346120313863,0.13888075007324935,0.14181409716371807,0.15168779376157243,0.15793424410749138,0.1974610183524217,0.18249889884011158,0.18245507158087115,0.17029874440756243,0.15855008301051465,0.15723431498079385,0.1654596784092304,0.16858552631578946,0.14941538461538462,0.16719784260848247,0.1664760452408184,0.18985313751668892,0.19399441340782123,0.19468614045991298,0.1666145181476846,0.16353811149032993,0.1459333624327077,0.15353561661674697,0.13282828282828282,0.13794802315556104,0.15317234848484848,0.16467780429594273,0.1749491078912705,0.1779294055898176,0.23433997098773574,0.223327177155846,0.202465834818776,0.18982578397212543,0.1803840877914952,0.18737139917695472,0.17049685453845168,0.16674681413801395,0.18431285412731918,0.22108584484822108,0.2275115594787726,0.23792821232316147,0.25391138182252476,0.24358171571696932,0.1920858484238766,0.21329305135951662,0.1973913043478261,0.1899019497351516,0.18333523831295004,0.19297516367037307,0.20978812294837362,0.19825012866700978,0.24049716423313625,0.25548387096774194,0.2848592894435248,0.2839759365600219,0.21731316459487793,0.22837706511175898,0.2036192647477914,0.19228245176532352,0.17276702061211743,0.16402947215847324,0.1703971119133574,0.17944477259303013,0.20110091743119266,0.2038807247824226,0.2287745713090757,0.2412138101873355,0.207866137657409,0.20344053851907254,0.18665811417575368,0.17398232652469942,0.15980208611928323,0.1628256513026052,0.1812443642921551,0.1728770595690748,0.19530219055159673,0.20161782661782662,0.23463596562347983,0.22658340767172166,0.19595233591829014,0.19485420240137222,0.1575316927665921,0.1904364167884736,0.2249887842081651,0.27782485875706214,0.2993904267013091,0.3630209917858229,0.3772401433691756,0.337318299144138,0.2931556632344034,0.28500592066311425,0.20057397959183673,0.18129861882838547,0.16670941266991537,0.15378241776452067,0.13269041878739174,0.11700545364402579,0.11732503220266209,0.11120775347912525,0.1269115335143633,0.12902053425404325,0.16299833887043189,0.16358901515151514,0.171112907572083,0.16453473789816905,0.1756928553267226,0.1708888888888889,0.1570983533600356,0.14751491053677931,0.15301418439716313,0.18124681501613726,0.22712680577849118,0.2605267873141014,0.3037998146431881,0.2839224629418472,0.24144329896907216,0.22838137472283815,0.2030812324929972,0.20024875621890548,0.16547140108448488,0.16816450875856817,0.20281037230189772,0.23507042253521127,0.25260702524698136,0.2609163591635916,0.2927949326999208,0.27426015141087406,0.20404234841193455,0.20622986036519872,0.19656344410876134,0.17515051997810618,0.16608996539792387,0.17480438184663538,0.19540229885057472,0.22200254201383984,0.24654106564615838,0.25457193720666776,0.2703078796312402,0.23759368037269596,0.20918367346938777,0.18063466232709519,0.1677617170389838,0.17937987445311013,0.15141401721412262,0.16472093395170317,0.1590122680088078,0.21911252900232017,0.2425934543198387,0.25034317089910774,0.2605905006418485,0.2513931888544892,0.1854189336235038,0.17815058917515478,0.15727310401989225,0.16303558460421205,0.15721830985915494,0.14003743406499916,0.16613621896880967,0.19922600619195047,0.20720871751886002
Manhattan Beach,Brooklyn,neighborhood,,,,,,,,,,,,,,,,,,,,,,,,,,,,,,,,,,,,,,,,,,,,,,,,,,,,,,,,1.0,0.5,0.0,,0.0,0.0,,,,,0.0,0.0,0.0,0.0,0.0,0.0,0.0,,,,,,,,0.0,,,,,,,,0.0,0.0,0.0,1.0,0.0,,,,,,,,1.0,0.0,0.0,,,0.0,,,,,,,,,1.0,,,,,,,,,,,,1.0,0.0,0.0,,0.0,0.0,0.0,0.0,,0.0,0.0,,0.0,0.0,0.0,,0.0,,,,,,,,0.0,0.0,,,,0.0,0.0,,,0.0,0.0,,,,0.0,,,,,,,,,,,0.0,0.0,,,,,,0.0,0.0,0.0,0.0,,0.0,,0.0,0.5,0.0,,,,,,0.0,0.0,0.0,
Marble Hill,Manhattan,neighborhood,,,,,,,,,,,,,,,,,,,,,,,,,,0.0,0.0,0.0,,,,,,,,,0.0,0.0,0.0,0.0,0.0,0.0,,0.0,0.5,0.0,0.3333333333333333,0.0,0.0,0.5,,,1.0,0.0,0.0,0.0,0.0,0.6666666666666666,0.0,0.0,0.3333333333333333,0.0,0.5,0.0,0.0,0.0,0.0,0.0,0.0,0.0,0.0,0.3333333333333333,0.0,0.0,0.0,,,,0.0,0.0,0.0,0.0,0.3333333333333333,0.0,0.0,0.0,0.0,0.3333333333333333,0.0,,0.0,0.0,0.5,0.0,0.0,0.0,0.0,0.0,,0.0,0.5,0.0,0.0,0.0,0.0,0.0,0.0,0.0,0.0,0.0,0.0,0.0,0.0,0.0,0.0,0.0,0.25,0.0,0.0,0.0,0.0,0.0,0.0,0.0,0.0,0.0,0.0,0.0,0.3333333333333333,0.6666666666666666,0.5,0.0,0.0,0.0,0.0,0.0,0.0,0.3333333333333333,0.0,0.0,0.0,0.0,0.0,0.0,0.0,0.0,0.0,0.0,0.25,0.0,0.0,0.0,0.16666666666666666,0.0,0.0,0.0,0.0,0.0,0.0,0.0,0.0,,0.0,0.0,0.0,0.0,0.0,0.0,0.0,0.0,0.0,0.0,0.0,0.0,0.0,0.0,0.0,0.0,,0.0,0.0,0.3333333333333333,0.0,0.0,0.0,0.0,0.0,0.5555555555555556,0.11764705882352941,0.0,0.0,0.05555555555555555,0.0,0.0,0.0,0.0,0.07142857142857142,0.0,0.0,0.0
Marine Park,Brooklyn,neighborhood,,,,,,,,,,0.0,,,,0.0,0.0,0.0,0.0,0.0,0.0,0.0,0.0,0.0,0.0,0.0,0.0,0.0,0.0,,,,,,,,,0.0,0.0,0.0,0.0,0.0,0.3333333333333333,0.0,,,,0.0,,,0.0,,,,,,,,0.0,,,,,,0.0,0.0,0.0,0.0,0.0,0.0,0.0,0.0,0.0,,1.0,0.0,0.0,0.0,0.0,0.5,0.0,0.0,0.0,0.0,0.3333333333333333,0.25,0.3333333333333333,0.0,0.0,0.0,0.0,0.0,0.0,0.0,0.0,,0.0,0.0,,,,0.0,,,,0.0,0.3333333333333333,0.4,0.0,0.0,0.3333333333333333,0.0,0.3333333333333333,0.25,0.0,0.0,,0.0,,,0.0,0.0,0.0,0.0,0.0,,,,,,,0.0,0.0,0.0,0.0,0.0,0.0,1.0,0.0,0.0,0.0,0.0,0.16666666666666666,0.0,0.0,0.0,0.0,0.5,0.0,0.0,,,,,0.0,0.0,0.0,0.0,0.3333333333333333,,0.5,0.0,0.0,,,,,0.0,0.0,,0.0,,0.0,0.0,,,,,,0.0,,,,0.0,0.0,0.5,0.0,0.5,0.0,,,0.0,0.0,,0.0,0.0,1.0,0.0,0.0,,,0.0
Maspeth,Queens,neighborhood,,,,,0.0,,,,0.0,0.0,0.0,0.0,0.0,0.0,0.0,0.0,0.0,,,,0.0,1.0,1.0,0.0,,,0.0,0.0,,,,,,,,,0.0,0.5,0.0,,,,,,,0.0,0.0,0.0,0.0,0.0,,0.0,,0.0,0.0,0.0,,0.0,0.0,0.0,0.0,0.0,0.0,0.2727272727272727,0.0,0.2222222222222222,0.0,0.0,0.0,0.0,0.0,0.1111111111111111,0.0,0.0,0.16666666666666666,0.16666666666666666,0.0,0.0,0.0,0.0,0.0,0.1,0.14285714285714285,0.0,0.42857142857142855,0.2,0.0,0.0,0.2,0.25,0.09090909090909091,0.0,0.375,0.0,0.08333333333333333,0.1111111111111111,0.0,0.07692307692307693,0.0,0.1,0.0,0.1111111111111111,0.1111111111111111,0.2222222222222222,0.0,0.2,0.125,0.2222222222222222,0.25,0.1111111111111111,0.0,0.16666666666666666,0.1,0.2857142857142857,0.09090909090909091,0.14285714285714285,0.1,0.25,0.1111111111111111,0.125,0.36363636363636365,0.1,0.3333333333333333,0.5,0.14285714285714285,0.0,0.0,0.18181818181818182,0.2727272727272727,0.0625,0.08333333333333333,0.0,0.07692307692307693,0.08333333333333333,0.13333333333333333,0.14285714285714285,0.125,0.0625,0.2,0.15384615384615385,0.0625,0.08333333333333333,0.0,0.3333333333333333,0.14285714285714285,0.125,0.25,0.16666666666666666,0.1111111111111111,0.15384615384615385,0.2,0.07692307692307693,0.21428571428571427,0.2,0.0,0.1,0.13333333333333333,0.4,0.058823529411764705,0.1111111111111111,0.2,0.5384615384615384,0.35714285714285715,0.2222222222222222,0.125,0.0,0.16666666666666666,0.23076923076923078,0.16666666666666666,0.0,0.0,0.14285714285714285,0.15384615384615385,0.1111111111111111,0.125,0.0,0.19230769230769232,0.3333333333333333,0.26666666666666666,0.25,0.1111111111111111,0.2,0.0,0.4,0.23076923076923078,0.0,0.2,0.0,0.4,0.4,0.23076923076923078,0.058823529411764705,0.058823529411764705,0.05,0.26666666666666666,0.0,0.16666666666666666,0.2,0.0,0.07692307692307693
Melrose,Bronx,neighborhood,,,,,,0.0,0.0,,,,,,,,,,,,,,0.0,0.0,0.0,0.0,0.0,0.0,0.0,0.0,0.0,1.0,0.0,,,,,,,,,,,,,,,,,,,,,,,,,,,,0.0,0.0,,,0.0,0.0,0.0,0.0,0.0,0.0,0.0,0.0,,,0.0,,,,,0.0,0.0,0.5,0.5,,,0.0,1.0,0.0,0.0,0.0,0.0,0.0,0.0,0.0,0.0,0.0,0.0,0.0,0.0,0.0,0.0,0.3333333333333333,0.5,0.09090909090909091,0.0,0.0,0.5,1.0,,0.6666666666666666,0.0,0.3333333333333333,0.0,0.0,0.0,0.0,0.0,0.0,0.0,0.0,0.0,0.0,0.0,0.0,0.2,0.0,0.0,0.6666666666666666,1.0,0.2,0.0,0.125,0.125,0.0,0.0,0.0,0.0,0.0,0.0,0.0,0.14285714285714285,0.16666666666666666,0.0,0.0,0.0,0.3333333333333333,0.0,0.0,0.08333333333333333,0.0,0.0,0.0,0.0,0.0,0.16666666666666666,0.1111111111111111,0.0,0.0,0.0,0.0,0.0,0.0,0.0,0.0,0.5,0.0,0.0,0.0,0.0,0.0,0.0,0.0,0.0,0.0,0.0,0.0,0.16666666666666666,0.0,0.5,0.0,0.0,,0.0,,0.0,0.0,0.0,0.0,0.0,0.0,0.0,,0.0,0.0,0.0,0.2,0.0,0.0,0.0,0.0,0.3333333333333333,0.0
Middle Village,Queens,neighborhood,,0.0,0.0,,,,,,,,,,,,,,,,,,,,,,,,0.0,,,,0.0,1.0,,,,0.0,0.0,,,,,,,,0.0,0.0,,,0.0,0.0,0.0,0.0,0.5,0.5,0.0,0.0,0.0,0.0,0.0,0.0,,0.0,0.0,0.14285714285714285,0.0,0.0,0.0,0.0,0.25,0.0,0.5,0.0,0.16666666666666666,0.125,0.0,0.0,0.0,0.3333333333333333,0.0,0.2,,0.0,0.0,,0.0,0.3333333333333333,0.0,0.0,0.0,0.125,0.1111111111111111,0.0,0.0,0.0,0.0,0.0,0.0,0.0,0.5,0.0,0.5,0.25,0.0,0.25,0.0,0.0,0.3333333333333333,0.0,0.2222222222222222,0.07692307692307693,0.3333333333333333,0.2,0.14285714285714285,0.4,0.0,0.16666666666666666,0.2222222222222222,0.16666666666666666,0.0,0.5,0.0,0.0,0.25,0.0,0.0,0.0,0.2,0.75,0.3333333333333333,0.3333333333333333,0.18181818181818182,0.0,0.2,0.23076923076923078,0.058823529411764705,0.14285714285714285,0.0,0.125,0.2,0.09090909090909091,0.0,0.10526315789473684,0.0,0.0,0.5,0.0,0.0,0.0,0.14285714285714285,0.1111111111111111,0.0,0.0,0.0,0.0,0.0,0.0,0.0,0.14285714285714285,0.0,0.0,0.0,0.3333333333333333,0.0,0.2,0.2857142857142857,0.15384615384615385,0.125,0.125,0.25,0.0,0.125,0.0,0.1111111111111111,0.125,0.2,0.125,0.0,0.2,0.5,0.0,0.2857142857142857,0.0,0.125,0.16666666666666666,0.06666666666666667,0.3333333333333333,0.0,0.13333333333333333,0.0,0.0,0.1,0.375,0.0,0.0,0.0,0.25,0.0,0.0,0.05,0.0
Midtown,Manhattan,neighborhood,0.12359550561797752,0.07346938775510205,0.09130434782608696,0.12601626016260162,0.10683760683760683,0.08292682926829269,0.1076923076923077,0.04716981132075472,0.12682926829268293,0.10576923076923077,0.09045226130653267,0.1044776119402985,0.0962566844919786,0.056179775280898875,0.07027027027027027,0.10857142857142857,0.11282051282051282,0.10552763819095477,0.08875739644970414,0.09554140127388536,0.08024691358024691,0.12727272727272726,0.19875776397515527,0.13714285714285715,0.17613636363636365,0.1111111111111111,0.11009174311926606,0.10416666666666667,0.08035714285714286,0.10747663551401869,0.10087719298245613,0.107981220657277,0.15104166666666666,0.14354066985645933,0.07142857142857142,0.06598984771573604,0.09268292682926829,0.12716763005780346,0.07653061224489796,0.12389380530973451,0.1324200913242009,0.10648148148148148,0.14225941422594143,0.1722689075630252,0.07725321888412018,0.1588785046728972,0.1683673469387755,0.17435897435897435,0.17567567567567569,0.12442396313364056,0.11392405063291139,0.11440677966101695,0.1111111111111111,0.1643835616438356,0.17012448132780084,0.16521739130434782,0.14354066985645933,0.18834080717488788,0.10679611650485436,0.15352697095435686,0.164,0.07835820895522388,0.09765625,0.13076923076923078,0.10460251046025104,0.13438735177865613,0.12109375,0.08791208791208792,0.12639405204460966,0.22846441947565543,0.22580645161290322,0.18487394957983194,0.13432835820895522,0.1524163568773234,0.1543859649122807,0.13829787234042554,0.1258741258741259,0.15161290322580645,0.22151898734177214,0.22085889570552147,0.19934640522875818,0.16770186335403728,0.2280130293159609,0.1821705426356589,0.18996415770609318,0.21691176470588236,0.21140939597315436,0.20905923344947736,0.13592233009708737,0.17567567567567569,0.13307984790874525,0.16129032258064516,0.22660098522167488,0.27091633466135456,0.23577235772357724,0.18834080717488788,0.23828125,0.1388888888888889,0.16532258064516128,0.125,0.14007782101167315,0.16194331983805668,0.15849056603773584,0.15714285714285714,0.21304347826086956,0.19008264462809918,0.21359223300970873,0.1711229946524064,0.1782608695652174,0.16517857142857142,0.1504424778761062,0.13438735177865613,0.11693548387096774,0.15458937198067632,0.15789473684210525,0.18565400843881857,0.19796954314720813,0.21578947368421053,0.23626373626373626,0.13450292397660818,0.19148936170212766,0.16939890710382513,0.2147239263803681,0.2702702702702703,0.24468085106382978,0.3062730627306273,0.2982456140350877,0.3743016759776536,0.30386740331491713,0.24719101123595505,0.27167630057803466,0.13702623906705538,0.16091954022988506,0.1605351170568562,0.14556962025316456,0.12371134020618557,0.10038610038610038,0.05761316872427984,0.08374384236453201,0.10328638497652583,0.1320754716981132,0.14893617021276595,0.22727272727272727,0.21052631578947367,0.2689075630252101,0.14414414414414414,0.1282051282051282,0.09166666666666666,0.18333333333333332,0.19827586206896552,0.16312056737588654,0.24855491329479767,0.21195652173913043,0.3136094674556213,0.19548872180451127,0.15753424657534246,0.25,0.25,0.20245398773006135,0.17763157894736842,0.09944751381215469,0.16393442622950818,0.19387755102040816,0.2512315270935961,0.21693121693121692,0.30456852791878175,0.2784090909090909,0.1791907514450867,0.2376237623762376,0.25,0.1518987341772152,0.1524390243902439,0.12280701754385964,0.25824175824175827,0.18781725888324874,0.23076923076923078,0.24404761904761904,0.3,0.2391304347826087,0.2932330827067669,0.14685314685314685,0.20588235294117646,0.22627737226277372,0.18181818181818182,0.15492957746478872,0.15862068965517243,0.26857142857142857,0.22727272727272727,0.22916666666666666,0.25153374233128833,0.2222222222222222,0.15894039735099338,0.1657142857142857,0.11235955056179775,0.12365591397849462,0.14356435643564355,0.11475409836065574,0.13529411764705881,0.1813186813186813,0.16470588235294117
Midtown East,Manhattan,neighborhood,0.13509316770186336,0.10782865583456426,0.13540197461212977,0.13395225464190982,0.09302325581395349,0.09385665529010238,0.0777027027027027,0.11392405063291139,0.1267605633802817,0.14119922630560927,0.11133200795228629,0.08196721311475409,0.11320754716981132,0.11808118081180811,0.12135922330097088,0.10197368421052631,0.06591639871382636,0.08860759493670886,0.0941385435168739,0.10050251256281408,0.10472972972972973,0.14833333333333334,0.1675213675213675,0.15760869565217392,0.13763066202090593,0.14729950900163666,0.12063492063492064,0.14566284779050737,0.09612403100775194,0.11432926829268293,0.11925287356321838,0.1390922401171303,0.15280135823429541,0.1438721136767318,0.137546468401487,0.14341846758349705,0.15460526315789475,0.12538226299694188,0.14107883817427386,0.12517385257301808,0.12219101123595505,0.15070422535211267,0.13263979193758127,0.15469613259668508,0.16011644832605532,0.20604395604395603,0.22334293948126802,0.21613832853025935,0.17997293640054127,0.16198125836680052,0.17857142857142858,0.15366146458583432,0.10727496917385944,0.1211372064276885,0.14439140811455847,0.18325242718446602,0.19950738916256158,0.19699042407660738,0.20186335403726707,0.1859375,0.19615912208504802,0.1855807743658211,0.16417910447761194,0.11015911872705018,0.16043425814234016,0.143698468786808,0.15935334872979215,0.20273348519362186,0.19855595667870035,0.28498727735368956,0.24596774193548387,0.21031207598371776,0.17302798982188294,0.1806108897742364,0.20200752823086573,0.17970660146699266,0.1771177117711771,0.19609856262833675,0.22083333333333333,0.22376237623762377,0.24855491329479767,0.2702078521939954,0.21246819338422393,0.212,0.22409909909909909,0.1909722222222222,0.20189274447949526,0.14841351074718526,0.18207282913165265,0.18800358102059087,0.1874405328258801,0.24478594950603733,0.2556480380499406,0.2773972602739726,0.2894736842105263,0.19414893617021275,0.2233632862644416,0.21419354838709678,0.20334928229665072,0.2237442922374429,0.16964285714285715,0.1672514619883041,0.17270788912579957,0.20819112627986347,0.2098273572377158,0.23850931677018633,0.2796610169491525,0.26282051282051283,0.21805555555555556,0.2070015220700152,0.17842323651452283,0.17220172201722017,0.181044957472661,0.1567357512953368,0.15536374845869297,0.191958495460441,0.2297872340425532,0.21613832853025935,0.2508250825082508,0.2184873949579832,0.19705882352941176,0.1692573402417962,0.19875776397515527,0.19279661016949154,0.2824207492795389,0.2873900293255132,0.4190268700072622,0.39912554653341664,0.36435523114355234,0.3397014925373134,0.336741214057508,0.19751381215469613,0.21263586956521738,0.16993006993006993,0.17453798767967146,0.16702508960573476,0.13141524105754276,0.10521662245800177,0.10282485875706214,0.10761154855643044,0.1423948220064725,0.19856887298747763,0.16985138004246284,0.2100656455142232,0.23221757322175732,0.23770491803278687,0.20727272727272728,0.23163841807909605,0.14774774774774774,0.16526138279932545,0.24464831804281345,0.3010899182561308,0.3419773095623987,0.3354632587859425,0.33043478260869563,0.2965641952983725,0.22792937399678972,0.215,0.24508320726172467,0.20189274447949526,0.19696969696969696,0.22784810126582278,0.28010139416983526,0.34328358208955223,0.32923832923832924,0.37608966376089664,0.29579375848032563,0.2343987823439878,0.22888283378746593,0.260932944606414,0.25793650793650796,0.26436781609195403,0.24646226415094338,0.24523506988564167,0.3392630241423126,0.324254215304799,0.32005141388174807,0.33980582524271846,0.2961165048543689,0.2624113475177305,0.245,0.23581560283687944,0.2581560283687943,0.2163978494623656,0.19689119170984457,0.1619631901840491,0.2773892773892774,0.2880299251870324,0.30581867388362655,0.2949852507374631,0.33444816053511706,0.2748735244519393,0.21012269938650308,0.215625,0.2410958904109589,0.2266839378238342,0.1668726823238566,0.20216606498194944,0.28150765606595995,0.2596026490066225
Midtown South,Manhattan,neighborhood,0.15625,0.09210526315789473,0.06666666666666667,0.07272727272727272,0.0851063829787234,0.0594059405940594,0.13,0.06930693069306931,0.05434782608695652,0.09090909090909091,0.030303030303030304,0.06451612903225806,0.09230769230769231,0.06578947368421052,0.05333333333333334,0.05333333333333334,0.024390243902439025,0.04225352112676056,0.11666666666666667,0.10227272727272728,0.17204301075268819,0.1326530612244898,0.13541666666666666,0.07692307692307693,0.1326530612244898,0.07633587786259542,0.0661764705882353,0.05384615384615385,0.09574468085106383,0.17391304347826086,0.15625,0.08695652173913043,0.13978494623655913,0.12745098039215685,0.052083333333333336,0.10526315789473684,0.07692307692307693,0.12612612612612611,0.1415929203539823,0.05128205128205128,0.10071942446043165,0.14685314685314685,0.1456953642384106,0.17123287671232876,0.1323529411764706,0.1746031746031746,0.08571428571428572,0.1485148514851485,0.0847457627118644,0.15126050420168066,0.07746478873239436,0.05426356589147287,0.07272727272727272,0.10714285714285714,0.078125,0.11214953271028037,0.10909090909090909,0.1297709923664122,0.09090909090909091,0.056910569105691054,0.08333333333333333,0.11570247933884298,0.1056338028169014,0.06382978723404255,0.0948905109489051,0.10967741935483871,0.09411764705882353,0.13013698630136986,0.09352517985611511,0.22758620689655173,0.14383561643835616,0.0967741935483871,0.13286713286713286,0.09558823529411764,0.1259259259259259,0.18571428571428572,0.15436241610738255,0.1588235294117647,0.11049723756906077,0.11612903225806452,0.20869565217391303,0.2028985507246377,0.13138686131386862,0.11409395973154363,0.2119205298013245,0.10062893081761007,0.1360544217687075,0.09090909090909091,0.25287356321839083,0.12,0.13414634146341464,0.07377049180327869,0.09322033898305085,0.13071895424836602,0.2857142857142857,0.1388888888888889,0.17054263565891473,0.0962962962962963,0.12429378531073447,0.08053691275167785,0.1259259259259259,0.16428571428571428,0.11585365853658537,0.0979020979020979,0.15702479338842976,0.2318840579710145,0.16806722689075632,0.2037037037037037,0.12396694214876033,0.08163265306122448,0.16666666666666666,0.10852713178294573,0.13846153846153847,0.2222222222222222,0.12949640287769784,0.12857142857142856,0.12037037037037036,0.22935779816513763,0.1919191919191919,0.23595505617977527,0.2111111111111111,0.18085106382978725,0.19318181818181818,0.38961038961038963,0.2169811320754717,0.36496350364963503,0.42346938775510207,0.41509433962264153,0.25980392156862747,0.3360655737704918,0.22171945701357465,0.136986301369863,0.20540540540540542,0.17159763313609466,0.09278350515463918,0.0718232044198895,0.08426966292134831,0.12030075187969924,0.18085106382978725,0.19791666666666666,0.14814814814814814,0.175,0.16417910447761194,0.265625,0.3181818181818182,0.2318840579710145,0.2857142857142857,0.14444444444444443,0.2289156626506024,0.25510204081632654,0.27102803738317754,0.32456140350877194,0.37815126050420167,0.4090909090909091,0.4051724137931034,0.22105263157894736,0.27927927927927926,0.35555555555555557,0.29245283018867924,0.1724137931034483,0.248,0.2540983606557377,0.28776978417266186,0.22857142857142856,0.1981981981981982,0.3252032520325203,0.32456140350877194,0.1650485436893204,0.15,0.16483516483516483,0.1935483870967742,0.21621621621621623,0.2358490566037736,0.19626168224299065,0.20833333333333334,0.22377622377622378,0.28,0.29464285714285715,0.32323232323232326,0.21782178217821782,0.21212121212121213,0.1782178217821782,0.17272727272727273,0.11764705882352941,0.24528301886792453,0.1308411214953271,0.24390243902439024,0.325,0.2564102564102564,0.29292929292929293,0.20618556701030927,0.15789473684210525,0.1368421052631579,0.09302325581395349,0.1414141414141414,0.11811023622047244,0.1391304347826087,0.15254237288135594,0.22608695652173913,0.22123893805309736
Midtown West,Manhattan,neighborhood,0.13243243243243244,0.12082262210796915,0.13172043010752688,0.09158415841584158,0.11081081081081082,0.07692307692307693,0.08823529411764706,0.12188365650969529,0.08766233766233766,0.1393939393939394,0.14826498422712933,0.13851351351351351,0.09278350515463918,0.12459016393442623,0.07308970099667775,0.08387096774193549,0.07920792079207921,0.11294765840220386,0.1390532544378698,0.13333333333333333,0.13623188405797101,0.13505747126436782,0.1424581005586592,0.14327485380116958,0.13383838383838384,0.14215686274509803,0.14798206278026907,0.1323529411764706,0.12206572769953052,0.13219616204690832,0.13302752293577982,0.12244897959183673,0.12289156626506025,0.1711229946524064,0.165,0.16353887399463807,0.13793103448275862,0.14950980392156862,0.17982456140350878,0.15109343936381708,0.1191919191919192,0.16260162601626016,0.11983471074380166,0.1450381679389313,0.15644820295983086,0.20662768031189083,0.18105263157894738,0.2398286937901499,0.1851145038167939,0.18063314711359404,0.1592128801431127,0.1614678899082569,0.17721518987341772,0.1962457337883959,0.16725352112676056,0.15520282186948853,0.1882998171846435,0.18384879725085912,0.2158671586715867,0.19538188277087035,0.13539967373572595,0.16383307573415765,0.18345864661654135,0.14548022598870056,0.15346534653465346,0.1562043795620438,0.19940476190476192,0.20565149136577707,0.16464471403812825,0.24829931972789115,0.22432859399684044,0.2170940170940171,0.22706065318818042,0.19968553459119498,0.228310502283105,0.18816388467374812,0.19389312977099238,0.19398907103825136,0.23233695652173914,0.220795892169448,0.21304926764314247,0.2646638054363376,0.2962962962962963,0.21766561514195584,0.2478134110787172,0.21646341463414634,0.1983695652173913,0.2054421768707483,0.21119592875318066,0.23067173637515842,0.21428571428571427,0.23435225618631733,0.28192371475953565,0.3373860182370821,0.34627831715210355,0.27871621621621623,0.23355263157894737,0.23578595317725753,0.228125,0.17325227963525835,0.2,0.14909638554216867,0.19106317411402157,0.21212121212121213,0.23880597014925373,0.2597623089983022,0.289048473967684,0.229020979020979,0.22919937205651492,0.21142857142857144,0.2045060658578856,0.15789473684210525,0.2049306625577812,0.1815431164901664,0.19161676646706588,0.22955974842767296,0.18370883882149047,0.27037037037037037,0.2505175983436853,0.23667377398720682,0.22285714285714286,0.1864754098360656,0.19168591224018475,0.3119047619047619,0.3451178451178451,0.348780487804878,0.4066666666666667,0.39629302736098854,0.37600716204118173,0.3004524886877828,0.3270564915758176,0.23319327731092437,0.17928286852589642,0.21868131868131868,0.1652806652806653,0.16631130063965885,0.141280353200883,0.11267605633802817,0.1208955223880597,0.12021857923497267,0.1223529411764706,0.18387909319899245,0.17417417417417416,0.15384615384615385,0.11643835616438356,0.1752873563218391,0.14960629921259844,0.17647058823529413,0.12560386473429952,0.18372093023255814,0.1826086956521739,0.22440944881889763,0.3114754098360656,0.3375,0.3191489361702128,0.25,0.20077972709551656,0.21193415637860083,0.22702702702702704,0.22813688212927757,0.19572368421052633,0.23042836041358936,0.2627388535031847,0.29577464788732394,0.2692967409948542,0.2912966252220249,0.28402366863905326,0.18895966029723993,0.1812366737739872,0.1609442060085837,0.21102661596958175,0.17929759704251386,0.1546218487394958,0.26475548060708265,0.21915584415584416,0.26038338658146964,0.29965156794425085,0.28620689655172415,0.2383838383838384,0.2191780821917808,0.19721115537848605,0.1845102505694761,0.18007662835249041,0.15875912408759124,0.19463087248322147,0.1774960380348653,0.2033898305084746,0.23509933774834438,0.2750455373406193,0.3188405797101449,0.30561330561330563,0.2182628062360802,0.17234468937875752,0.13821138211382114,0.18285714285714286,0.1731123388581952,0.16749585406301823,0.160828025477707,0.17405063291139242,0.2078853046594982
Midwood,Brooklyn,neighborhood,0.0,0.0,0.0,0.0,,0.0,0.0,0.25,0.0,0.2,0.2,0.0,0.14285714285714285,0.0,0.15789473684210525,0.0,0.15384615384615385,0.08333333333333333,0.0,0.0,0.0,0.09090909090909091,0.125,0.043478260869565216,0.0,0.07692307692307693,0.0,0.0,0.07142857142857142,0.08333333333333333,0.037037037037037035,0.041666666666666664,0.15789473684210525,0.0,0.15,0.2608695652173913,0.1875,0.02857142857142857,0.07407407407407407,0.03571428571428571,0.10526315789473684,0.0,0.0,0.13636363636363635,0.06896551724137931,0.15625,0.07894736842105263,0.17857142857142858,0.18518518518518517,0.08108108108108109,0.047619047619047616,0.02702702702702703,0.05263157894736842,0.08163265306122448,0.046511627906976744,0.07692307692307693,0.01639344262295082,0.038461538461538464,0.0,0.09090909090909091,0.0,0.05714285714285714,0.05405405405405406,0.0,0.05172413793103448,0.041666666666666664,0.060240963855421686,0.109375,0.08928571428571429,0.037037037037037035,0.04081632653061224,0.05263157894736842,0.1,0.09523809523809523,0.09259259259259259,0.1875,0.0392156862745098,0.044444444444444446,0.06976744186046512,0.08620689655172414,0.07692307692307693,0.11764705882352941,0.14285714285714285,0.1111111111111111,0.13513513513513514,0.20588235294117646,0.0673076923076923,0.1111111111111111,0.0967741935483871,0.13761467889908258,0.04040404040404041,0.12903225806451613,0.11290322580645161,0.11688311688311688,0.125,0.05319148936170213,0.12658227848101267,0.13953488372093023,0.08333333333333333,0.13157894736842105,0.15306122448979592,0.1,0.08849557522123894,0.07936507936507936,0.0847457627118644,0.10828025477707007,0.14393939393939395,0.09,0.1717171717171717,0.07692307692307693,0.1171875,0.06666666666666667,0.13529411764705881,0.1079136690647482,0.10743801652892562,0.08620689655172414,0.08771929824561403,0.10989010989010989,0.14953271028037382,0.1485148514851485,0.1588785046728972,0.22340425531914893,0.1728395061728395,0.043478260869565216,0.1,0.09876543209876543,0.12264150943396226,0.14285714285714285,0.17261904761904762,0.17424242424242425,0.1232876712328767,0.09868421052631579,0.15748031496062992,0.13043478260869565,0.12403100775193798,0.0873015873015873,0.09923664122137404,0.1310344827586207,0.09558823529411764,0.06201550387596899,0.09,0.08943089430894309,0.0851063829787234,0.14953271028037382,0.04132231404958678,0.045454545454545456,0.09174311926605505,0.07216494845360824,0.023255813953488372,0.07575757575757576,0.04054054054054054,0.0,0.11764705882352941,0.02857142857142857,0.044444444444444446,0.06779661016949153,0.04918032786885246,0.0547945205479452,0.056179775280898875,0.058823529411764705,0.06172839506172839,0.08695652173913043,0.09210526315789473,0.05555555555555555,0.041666666666666664,0.1282051282051282,0.1,0.09090909090909091,0.11842105263157894,0.14457831325301204,0.10526315789473684,0.028169014084507043,0.0759493670886076,0.05,0.11538461538461539,0.02564102564102564,0.20212765957446807,0.1511627906976744,0.140625,0.05714285714285714,0.07142857142857142,0.18309859154929578,0.13333333333333333,0.08860759493670886,0.0989010989010989,0.08433734939759036,0.0761904761904762,0.11764705882352941,0.12222222222222222,0.075,0.09090909090909091,0.08108108108108109,0.08791208791208792,0.1095890410958904,0.043478260869565216,0.09523809523809523,0.1232876712328767,0.0898876404494382,0.10344827586206896,0.05952380952380952
Mill Basin,Brooklyn,neighborhood,,,,,,,,,,,,,,,,,,,,,,,,,,,,,,,0.0,0.0,,0.0,0.0,,,,,,,,,0.0,0.0,0.0,,,,,,,,0.0,0.0,0.0,0.0,0.0,0.5,0.0,,,,,,,,,,,,,,,,,0.0,,,,,,,,,,,,,,,,,,,,,,,,,,,,0.0,,,,,,0.0,0.0,1.0,,,,,,,,,,,,0.0,0.0,,,,,,0.0,0.0,,,,,,,,,,,0.0,,,,,,,0.0,,,,,,,,,,,,,,,,,,,,,,,,,,,,,,,,,0.0,0.0,,,,0.0,0.0,,,,,,0.0,0.0,0.0,,
Morningside Heights,Manhattan,neighborhood,0.15384615384615385,0.06666666666666667,0.05263157894736842,0.2222222222222222,0.26666666666666666,0.125,0.0,0.07142857142857142,0.14285714285714285,0.0,0.42857142857142855,0.0,0.5,0.0,0.07692307692307693,0.0,0.0,0.09090909090909091,0.1111111111111111,0.25,0.125,0.09090909090909091,0.09090909090909091,0.0,0.0,0.1111111111111111,0.2631578947368421,0.047619047619047616,0.15,0.2631578947368421,0.23809523809523808,0.043478260869565216,0.25,0.1111111111111111,0.375,0.14285714285714285,0.26666666666666666,0.21428571428571427,0.3333333333333333,0.07142857142857142,0.14285714285714285,0.21739130434782608,0.1388888888888889,0.06666666666666667,0.2,0.125,0.125,0.058823529411764705,0.6,0.48148148148148145,0.15151515151515152,0.6341463414634146,0.2786885245901639,0.3018867924528302,0.03508771929824561,0.0,0.2857142857142857,0.5454545454545454,0.4411764705882353,0.21621621621621623,0.2553191489361702,0.2558139534883721,0.28205128205128205,0.17647058823529413,0.10416666666666667,0.16666666666666666,0.39285714285714285,0.03571428571428571,0.1590909090909091,0.13043478260869565,0.1951219512195122,0.16216216216216217,0.18181818181818182,0.06451612903225806,0.05714285714285714,0.0,0.047619047619047616,0.0392156862745098,0.2222222222222222,0.23529411764705882,0.2777777777777778,0.35185185185185186,0.1590909090909091,0.20588235294117646,0.2972972972972973,0.3055555555555556,0.15789473684210525,0.15384615384615385,0.1590909090909091,0.2727272727272727,0.15254237288135594,0.25862068965517243,0.525,0.5365853658536586,0.41935483870967744,0.42857142857142855,0.19444444444444445,0.28,0.18421052631578946,0.2702702702702703,0.1568627450980392,0.2,0.10909090909090909,0.20512820512820512,0.3888888888888889,0.3076923076923077,0.4642857142857143,0.42105263157894735,0.4482758620689655,0.4074074074074074,0.32432432432432434,0.175,0.15,0.2222222222222222,0.2692307692307692,0.24444444444444444,0.30434782608695654,0.4782608695652174,0.3333333333333333,0.21739130434782608,0.4444444444444444,0.15384615384615385,0.13043478260869565,0.15384615384615385,0.2413793103448276,0.30612244897959184,0.31666666666666665,0.367816091954023,0.2708333333333333,0.24444444444444444,0.20224719101123595,0.3048780487804878,0.34615384615384615,0.328125,0.08571428571428572,0.0273972602739726,0.07246376811594203,0.09375,0.16216216216216217,0.037037037037037035,0.2777777777777778,0.08695652173913043,0.09090909090909091,0.07407407407407407,0.11764705882352941,0.125,0.08333333333333333,0.0,0.13043478260869565,0.08,0.04,0.045454545454545456,0.16666666666666666,0.17857142857142858,0.2857142857142857,0.46153846153846156,0.28,0.45,0.14814814814814814,0.1,0.17391304347826086,0.1111111111111111,0.15625,0.20833333333333334,0.3,0.25,0.22580645161290322,0.32142857142857145,0.39285714285714285,0.3157894736842105,0.2413793103448276,0.15517241379310345,0.1276595744680851,0.10416666666666667,0.1,0.21153846153846154,0.17647058823529413,0.3333333333333333,0.19230769230769232,0.11538461538461539,0.25,0.13043478260869565,0.06666666666666667,0.12,0.18421052631578946,0.06060606060606061,0.09090909090909091,0.2037037037037037,0.2857142857142857,0.4230769230769231,0.23076923076923078,0.12903225806451613,0.20833333333333334,0.16,0.1,0.08163265306122448,0.13114754098360656,0.06578947368421052,0.07352941176470588,0.2391304347826087
Morris Heights,Bronx,neighborhood,,,,,,,,,,,,,,,,,,,,,,,0.0,,,,,,,,,0.0,,,,,,,,,,,,,,,,,,,,,,0.0,0.0,0.0,0.0,0.0,0.0,0.0,0.0,0.0,0.0,0.0,0.0,0.0,,0.0,0.0,0.0,0.0,,0.0,0.2,0.0,0.0,0.0,0.0,1.0,0.0,0.0,0.0,0.0,0.2222222222222222,0.0,0.0,0.0,0.0,0.0,0.08333333333333333,0.0,0.14285714285714285,0.0,0.0,0.36363636363636365,0.2,0.25,0.0,0.0,0.0,,0.0,0.3333333333333333,0.0,0.1111111111111111,0.14285714285714285,0.14285714285714285,0.25,0.14285714285714285,0.16666666666666666,0.0,0.0,0.0,0.0,0.0,0.0,0.14285714285714285,0.1111111111111111,0.2857142857142857,0.0,0.2,0.0,0.0,0.0,0.0,0.5,0.16666666666666666,0.6,0.6666666666666666,0.0,0.0,0.0,0.0,0.0,0.3333333333333333,0.0,0.0,0.0,0.0,0.0,0.0,0.0,0.0,0.25,0.3333333333333333,0.0,0.0,0.0,0.0,0.0,0.0,0.0,0.2,0.0,0.0,0.0,0.0,0.0,0.0,0.0,0.0,0.0,0.0,0.0,0.0,0.0,0.0,0.0,0.0,0.0,0.0,0.0,0.0,0.0,0.0,0.0,0.0,0.0,0.5,0.0,0.0,,0.3333333333333333,0.0,0.0,0.0,1.0,0.0,0.0,0.0,0.5,0.0,0.25,0.0,0.09090909090909091,0.2,0.0,,0.0,0.0
Morris Park,Bronx,neighborhood,0.0,0.0,,,,,1.0,0.0,0.5,0.16666666666666666,0.0,0.0,0.0,0.0,0.0,,,,0.0,0.0,0.0,0.0,0.0,0.0,0.0,0.0,0.0,0.0,0.0,0.0,0.5,0.0,,0.0,0.0,0.0,0.0,0.0,0.0,0.0,0.0,0.0,0.0,0.0,0.3333333333333333,0.0,,0.0,0.5,0.0,0.1111111111111111,0.0,0.2,0.0,0.0,0.08333333333333333,0.16,0.07407407407407407,0.0,0.058823529411764705,0.0,0.041666666666666664,0.0,0.05714285714285714,0.043478260869565216,0.0,0.0,0.0,0.0,0.1111111111111111,0.16666666666666666,0.0,0.1590909090909091,0.07317073170731707,0.05714285714285714,0.0,0.0,0.0,0.05555555555555555,0.0,0.038461538461538464,0.0,0.0,0.0,0.0,0.05555555555555555,0.14285714285714285,0.03225806451612903,0.09375,0.043478260869565216,0.0,0.0,0.11764705882352941,0.0,0.0,0.041666666666666664,0.058823529411764705,0.16666666666666666,0.16666666666666666,0.2857142857142857,0.058823529411764705,0.1111111111111111,0.16666666666666666,0.2222222222222222,0.125,0.08333333333333333,0.21052631578947367,0.13333333333333333,0.07692307692307693,0.08333333333333333,0.09523809523809523,0.25,0.05,0.2,0.25,0.125,0.16666666666666666,0.3333333333333333,0.3333333333333333,0.0,0.0,0.25,0.2857142857142857,0.0,0.0,0.2,0.1,0.0,0.0,0.0,0.25,0.6666666666666666,0.0,0.0,0.0,0.0,0.0,0.0,0.0,0.0,0.0,0.0,0.0,0.0,0.0,0.0,0.0,0.0,0.0,0.0,0.0,0.0,0.0,0.0,0.125,0.0,0.0,0.125,0.0,0.0,0.0,0.0,0.0,0.0,0.0,1.0,0.0,0.0,0.0,0.0,0.2,0.3333333333333333,0.0,0.0,0.25,0.0,0.0,0.3333333333333333,0.0,0.0,0.0,0.0,0.5,0.0,0.0,0.0,0.14285714285714285,0.0,0.0,0.0,0.0,0.0,0.0,,,0.0,,0.0,0.0,
Morrisania,Bronx,neighborhood,,,,,,,,,,,,,,,,,,,,,,,,,,,,,,,,,,,,,,0.0,0.0,,,,,,,,,,,,,,,,,,,,,,0.0,,0.0,0.0,0.0,0.0,0.0,0.0,0.0,0.25,0.0,,,,0.0,0.0,0.0,,,,0.0,0.0,0.0,0.0,0.0,0.0,0.0,0.0,0.0,,,0.0,0.0,0.0,,,0.0,,,,,,0.0,1.0,0.0,0.0,0.3333333333333333,0.0,0.0,,0.0,0.0,,,,0.0,0.0,0.0,0.0,0.0,0.0,0.0,0.0,,0.0,0.0,0.0,0.0,0.0,,,0.0,1.0,,1.0,0.0,,,1.0,0.6666666666666666,0.0,,0.0,0.0,0.0,0.0,,0.0,0.0,0.0,,0.0,0.0,0.0,,,0.0,0.0,0.0,0.0,0.0,0.0,0.0,0.0,0.0,0.0,0.0,0.0,0.0,0.0,0.0,0.0,0.5,0.0,0.0,0.0,0.2,0.0,0.0,1.0,,0.0,,,0.0,0.0,,,,,0.0,,0.0,1.0,0.0,0.0,,,0.0,0.0
Mott Haven,Bronx,neighborhood,0.0,0.0,1.0,0.0,0.0,0.0,0.0,0.0,0.0,0.0,0.0,0.0,0.0,0.0,0.0,0.0,0.0,0.0,0.0,0.0,0.0,0.0,0.0,0.0,0.0,0.0,0.0,0.0,0.3333333333333333,0.0,0.0,0.0,0.0,0.0,0.0,0.5,0.0,0.0,0.0,0.0,0.0,0.0,0.0,0.0,,,,,0.0,0.5,0.0,,0.0,0.0,0.0,0.0,0.16666666666666666,0.25,0.0,0.25,0.0,0.0,0.0,0.0,0.0,0.0,0.16666666666666666,0.0,0.0,0.16666666666666666,0.5,0.0,0.0,0.5,0.42857142857142855,0.058823529411764705,0.11764705882352941,0.07692307692307693,0.14285714285714285,0.15384615384615385,0.1,0.0,0.0,0.0,0.15384615384615385,0.058823529411764705,0.0,0.30434782608695654,0.041666666666666664,0.05555555555555555,0.25,0.0,0.14285714285714285,0.0,0.125,0.0,0.08333333333333333,0.2,0.23076923076923078,0.1111111111111111,0.2916666666666667,0.0,0.05555555555555555,0.0,0.07692307692307693,0.08108108108108109,0.13793103448275862,0.0,0.07894736842105263,0.06451612903225806,0.09090909090909091,0.0,0.1,0.09375,0.1111111111111111,0.1388888888888889,0.12195121951219512,0.07142857142857142,0.2,0.05,0.13333333333333333,0.2727272727272727,0.3076923076923077,0.0,0.2631578947368421,0.21052631578947367,0.26666666666666666,0.125,0.13333333333333333,0.13333333333333333,0.125,0.0425531914893617,0.08695652173913043,0.023255813953488372,0.047619047619047616,0.06349206349206349,0.0,0.05084745762711865,0.016666666666666666,0.06557377049180328,0.10256410256410256,0.10416666666666667,0.021739130434782608,0.09090909090909091,0.02702702702702703,0.04477611940298507,0.05194805194805195,0.022727272727272728,0.0,0.041666666666666664,0.02,0.03333333333333333,0.12280701754385964,0.11475409836065574,0.09722222222222222,0.07692307692307693,0.08450704225352113,0.125,0.09722222222222222,0.1927710843373494,0.08527131782945736,0.08130081300813008,0.18095238095238095,0.16312056737588654,0.1956521739130435,0.05343511450381679,0.23684210526315788,0.21052631578947367,0.03731343283582089,0.039735099337748346,0.03125,0.08484848484848485,0.08695652173913043,0.08187134502923976,0.08018867924528301,0.024509803921568627,0.014492753623188406,0.035175879396984924,0.026737967914438502,0.010582010582010581,0.04854368932038835,0.16993464052287582,0.06278026905829596,0.03125,0.025,0.004784688995215311,0.06956521739130435,0.10222222222222223,0.09266409266409266,0.010067114093959731,0.09345794392523364,0.1,0.06965174129353234,0.0867579908675799,0.1111111111111111,0.038461538461538464,0.056338028169014086,0.12380952380952381,0.09166666666666666,0.0954356846473029
NYC,,city,0.12678969137766466,0.11871936274509803,0.128309265944645,0.11455108359133127,0.11772072636192861,0.09498680738786279,0.0901413025824265,0.09420289855072464,0.1122016936104696,0.12415094339622641,0.12263422170722287,0.09701202949165696,0.10410209662716499,0.0979174278407015,0.1031427616181879,0.08872362504323764,0.09642739000992391,0.09040619566935357,0.11310885910428245,0.11532385466034756,0.10726764500349406,0.12993960310612598,0.14894784995425434,0.11958533876342095,0.14487394957983193,0.13564078578110383,0.13233148526407937,0.12390797903319743,0.11469387755102041,0.11917916337805841,0.13026571613739468,0.12456281947807371,0.13994872568240085,0.15476913730255165,0.12416159725471845,0.11464448793215916,0.13461812990720914,0.12391024724882092,0.13701137403582167,0.1295713247759748,0.1175082586125531,0.13008996212121213,0.1327828609685338,0.14785690552663638,0.1477894257064722,0.18430973000509424,0.17384403766797166,0.16148663334057814,0.15242353419367952,0.14014298305748701,0.13842220598977356,0.1467642191446738,0.14495535341734123,0.13825789923142612,0.14444909928780897,0.14378808395396073,0.1668583561886225,0.17274454800470546,0.1704069988588817,0.14212620807276863,0.13950834064969272,0.12661908538197197,0.13218856309735946,0.11696514230892228,0.1196441114493093,0.1338890140422017,0.14098858216505275,0.15167694390133854,0.15621500559910415,0.20026050146532073,0.19469026548672566,0.16962213350663818,0.16984599229961497,0.1663619744058501,0.1735329825981384,0.15898636106851746,0.15584611896304135,0.17273954116059378,0.1984511132623427,0.2044158599655218,0.2108575924468922,0.23421754593953764,0.22788832564121964,0.18095314893960165,0.1929097929097929,0.17988148984198646,0.17029369582839685,0.16546991167312702,0.17183812100627482,0.1837973852633882,0.1700514793234146,0.21561687373591448,0.2377832994503426,0.2564195824543537,0.2527176008017886,0.19519797809604045,0.20491676942046855,0.19290746457690178,0.17883505079295475,0.16386584414663546,0.15757575757575756,0.16057909416921237,0.1611818241772736,0.17807216083078153,0.18736432367692193,0.21093963397978693,0.20507539536594335,0.17492900608519268,0.17181314330958036,0.16458140253320977,0.1565192418150488,0.14774812932373288,0.14505862646566164,0.15714086081609838,0.15169202974081022,0.16755261050025486,0.1829592684954281,0.20068959420033597,0.1996462959324032,0.17251523429291868,0.1706093868281605,0.1468839688396884,0.16197423914282458,0.19541884816753927,0.23902360428582936,0.260455942920123,0.31135398789630564,0.3221188839466235,0.29643384848847887,0.2692413360021979,0.2504700854700855,0.18584231836586143,0.16870535714285714,0.15539127474344633,0.14496662704580782,0.12312111057922451,0.1107918099245651,0.11154437609841827,0.10123734533183353,0.11171584073331424,0.10433996383363472,0.12803827751196173,0.1270378996400593,0.1323529411764706,0.12330019426351274,0.1278592375366569,0.12714918150931742,0.11808934099955772,0.11557420031463031,0.12396054921678593,0.14245118709322577,0.17749480249480248,0.20684453662675592,0.23432998907320948,0.22883386581469647,0.19327276660177373,0.17641904391003796,0.1672422815279958,0.16078540335278318,0.1354770181537273,0.1399250553568387,0.17022669612897945,0.19214179280056465,0.20556061987237922,0.21490736751400258,0.23985144239074105,0.2210516837745363,0.1711229946524064,0.16898922333704944,0.16002707406691163,0.15556773545263541,0.14021140121058812,0.1508866113551326,0.1684545093365117,0.1864564672160516,0.19636550912301354,0.20617584662528482,0.20392286683770586,0.18851530034000755,0.1625798475169998,0.14897180608541918,0.14191813564386016,0.14565352789394073,0.12556590074314514,0.1398443579766537,0.1377784677481953,0.17587866413883624,0.1943174150985831,0.19465468306527908,0.19123806332719048,0.18873697294196387,0.13950469342919913,0.13694655059440233,0.12902592301649646,0.1323733518390007,0.12665505226480836,0.12473189242699224,0.14499618029029793,0.15540944411237298,0.16516274572993878
New Hyde Park,Queens,neighborhood,,,,,,,,,,,,,0.0,0.0,0.0,,,,,,,,,,,,,,,,,,,,,,,,,,,,,,,,,,,,,,,,,,,,,,,,,,,,0.0,0.0,,,,,,0.0,,,,,,,,,,,,,,,,,,,,,,,,,,,,,,,,,,,,,,,,,,,,,,,,,,,,,,,,,,,,,,,,,,,,,,,,,,,,,,,,,,,,,,,,,,,,,,,,,,,,,,,,,,,,,,,,,,,,,,,,,,,,,,
Nolita,Manhattan,neighborhood,0.1794871794871795,0.13333333333333333,0.09523809523809523,0.037037037037037035,0.07692307692307693,0.023809523809523808,0.19230769230769232,0.0975609756097561,0.07142857142857142,0.16666666666666666,0.0,0.0625,0.08,0.2222222222222222,0.15151515151515152,0.18518518518518517,0.06060606060606061,0.13793103448275862,0.10344827586206896,0.10810810810810811,0.10526315789473684,0.0,0.0,0.125,0.030303030303030304,0.0625,0.2571428571428571,0.025,0.15789473684210525,0.06896551724137931,0.04477611940298507,0.1276595744680851,0.16071428571428573,0.21621621621621623,0.17647058823529413,0.3333333333333333,0.12121212121212122,0.1568627450980392,0.20634920634920634,0.1267605633802817,0.1,0.030303030303030304,0.10843373493975904,0.10294117647058823,0.2571428571428571,0.3609467455621302,0.10638297872340426,0.09090909090909091,0.09722222222222222,0.12,0.10256410256410256,0.189873417721519,0.0851063829787234,0.23255813953488372,0.10344827586206896,0.1839080459770115,0.13186813186813187,0.16666666666666666,0.23529411764705882,0.1,0.10204081632653061,0.2553191489361702,0.06153846153846154,0.11666666666666667,0.07865168539325842,0.1111111111111111,0.09523809523809523,0.14864864864864866,0.1206896551724138,0.12727272727272726,0.2127659574468085,0.175,0.125,0.06666666666666667,0.16216216216216217,0.14492753623188406,0.07352941176470588,0.18309859154929578,0.21333333333333335,0.2,0.19718309859154928,0.3,0.1875,0.23076923076923078,0.06666666666666667,0.0425531914893617,0.15789473684210525,0.16176470588235295,0.09782608695652174,0.1518987341772152,0.07692307692307693,0.2647058823529412,0.16049382716049382,0.2535211267605634,0.30158730158730157,0.15714285714285714,0.14285714285714285,0.16,0.1375,0.13513513513513514,0.10975609756097561,0.06896551724137931,0.13513513513513514,0.25,0.19480519480519481,0.17142857142857143,0.16363636363636364,0.17307692307692307,0.1643835616438356,0.20408163265306123,0.11940298507462686,0.12087912087912088,0.10204081632653061,0.15555555555555556,0.10752688172043011,0.12345679012345678,0.2,0.03571428571428571,0.17777777777777778,0.17073170731707318,0.15517241379310345,0.07142857142857142,0.18181818181818182,0.10869565217391304,0.25,0.3953488372093023,0.4550898203592814,0.2564102564102564,0.4148936170212766,0.20958083832335328,0.34759358288770054,0.10738255033557047,0.1951219512195122,0.1721311475409836,0.1484375,0.04918032786885246,0.037037037037037035,0.015384615384615385,0.043478260869565216,0.10256410256410256,0.0,0.027777777777777776,0.14285714285714285,0.08108108108108109,0.10344827586206896,0.15625,0.11904761904761904,0.07142857142857142,0.06818181818181818,0.12962962962962962,0.13333333333333333,0.18518518518518517,0.23529411764705882,0.21818181818181817,0.3170731707317073,0.35714285714285715,0.265625,0.17391304347826086,0.20833333333333334,0.1686746987951807,0.2692307692307692,0.14942528735632185,0.29333333333333333,0.16363636363636364,0.36585365853658536,0.3392857142857143,0.2909090909090909,0.23809523809523808,0.1590909090909091,0.2127659574468085,0.13333333333333333,0.15873015873015872,0.12195121951219512,0.17721518987341772,0.189873417721519,0.2753623188405797,0.16666666666666666,0.15,0.30303030303030304,0.175,0.125,0.16326530612244897,0.15384615384615385,0.2537313432835821,0.14772727272727273,0.11363636363636363,0.20202020202020202,0.2,0.36666666666666664,0.3191489361702128,0.18421052631578946,0.14285714285714285,0.1568627450980392,0.2558139534883721,0.0625,0.08771929824561403,0.13432835820895522,0.13414634146341464,0.3010752688172043,0.3263157894736842
North Corona,Queens,neighborhood,,,,,,,,,,,,,0.0,0.0,0.0,0.0,0.0,0.0,0.2,0.0,,0.0,0.0,,,0.0,0.0,,,,0.0,0.0,0.0,0.0,0.0,0.0,,0.0,0.0,0.0,0.0,0.0,0.0,0.0,,,0.0,0.0,0.0,0.0,0.5,0.0,0.0,0.0,0.0,0.5,0.0,0.0,0.6666666666666666,0.3333333333333333,0.0,0.07692307692307693,0.07692307692307693,0.25,0.0,0.0,0.1,0.0,0.5,0.25,0.16666666666666666,0.0,0.3333333333333333,0.18181818181818182,0.0,0.0,0.0,0.0,0.0,0.0,0.0,0.0,0.0,0.0,0.0,0.0,0.0,0.0,0.0,0.6,0.25,0.0,0.2,0.14285714285714285,0.0,0.0,0.0,0.16666666666666666,0.0,0.0,0.0,0.0,0.0,0.5,0.3333333333333333,0.0,0.5,0.0,0.0,0.5,0.14285714285714285,0.16666666666666666,0.0,0.0,0.0,0.16666666666666666,0.25,0.4,0.1111111111111111,0.16666666666666666,0.0,0.16666666666666666,0.0,0.0,0.0,0.0,0.0,0.2857142857142857,0.16666666666666666,0.2,0.25,0.25,0.0,0.0,0.3333333333333333,0.0,0.25,0.0,0.0,0.25,0.0,0.25,0.5,,0.0,0.0,0.0,0.0,0.0,0.0,0.0,0.0,0.0,0.5,0.0,0.25,0.0,,0.0,,0.0,0.0,0.2,,0.0,0.0,0.14285714285714285,0.0,0.0,0.0,0.0,0.4,0.0,0.0,0.14285714285714285,0.0,0.0,0.0,0.14285714285714285,0.0,0.0,0.0,0.0,0.0,0.0,0.0,0.125,0.0,0.0,0.0,0.0,0.0,0.0,0.0,0.16666666666666666,0.0,0.1111111111111111,0.1111111111111111,0.125,0.2
Norwood,Bronx,neighborhood,0.0,0.0,,,,,,0.0,0.0,,0.0,0.0,0.0,1.0,0.0,0.0,,0.0,0.0,0.0,0.0,,,0.0,0.0,0.0,0.0,0.25,0.0,0.0,0.0,0.0,0.0,0.3333333333333333,0.2,0.2,0.0,0.0,0.0,0.0,0.0,0.0,0.0,0.0,0.0,0.25,0.25,0.3333333333333333,0.0,0.25,0.0,0.0,0.0,0.3333333333333333,0.0,0.0,0.0,0.14285714285714285,0.0,0.0,0.125,0.125,0.1111111111111111,0.0,0.05555555555555555,0.05263157894736842,0.14705882352941177,0.1,0.03225806451612903,0.09803921568627451,0.1111111111111111,0.05405405405405406,0.10256410256410256,0.125,0.0,0.0,0.0,0.0,0.04,0.13043478260869565,0.06451612903225806,0.1111111111111111,0.06896551724137931,0.0,0.13636363636363635,0.05555555555555555,0.07407407407407407,0.24,0.03571428571428571,0.02702702702702703,0.09523809523809523,0.0,0.13333333333333333,0.1111111111111111,0.0,0.25,0.125,0.0,0.125,0.25,0.14285714285714285,0.0,0.1,0.05,0.0625,0.14285714285714285,0.0,0.0,0.1111111111111111,0.0,0.05263157894736842,0.05555555555555555,0.10714285714285714,0.043478260869565216,0.041666666666666664,0.1111111111111111,0.0,0.1,0.26666666666666666,0.07142857142857142,0.16666666666666666,0.0,0.0,0.0,0.0,0.0,0.125,0.0,0.16666666666666666,0.0,0.13636363636363635,0.06666666666666667,0.1111111111111111,0.0,0.0,0.0,0.125,0.0,0.06666666666666667,0.07142857142857142,0.0,0.06666666666666667,0.25,0.0,0.08333333333333333,0.0,0.0,0.07692307692307693,0.06666666666666667,0.07142857142857142,0.08333333333333333,0.125,0.0,0.0,0.0,0.0,0.0,0.0,0.0,0.0,0.0,0.1111111111111111,0.0,0.15789473684210525,0.0,0.23076923076923078,0.1,0.14285714285714285,0.0,0.0,0.125,0.0,0.0,0.0,0.0,0.0,0.2857142857142857,0.2,0.2727272727272727,0.18181818181818182,0.0,0.23529411764705882,0.1111111111111111,0.125,0.1,0.0,0.1111111111111111,0.3333333333333333,0.125,0.14285714285714285,0.0,0.25,0.125,0.0,0.0,0.0,0.0,0.0,0.0,0.0
Oakland Gardens,Queens,neighborhood,,,,,,,,,,,,,,,,,,,,,,,,,,,,,,0.0,0.0,0.0,0.0,1.0,1.0,0.0,1.0,,0.0,0.0,0.0,,0.0,0.0,0.0,0.0,0.0,,,,,,,,0.0,0.0,0.0,0.0,,0.0,0.0,0.0,0.0,0.0,0.0,0.0,0.0,0.4,0.0,0.0,0.0,0.0,0.0,0.0,0.0,0.0,0.0,0.0,0.0,0.0,0.0,0.0,0.2857142857142857,0.2222222222222222,0.14285714285714285,0.0,0.0,0.0,0.0,0.0,0.1111111111111111,0.18181818181818182,0.0,0.0,0.0,0.0,0.0,0.0,0.2,0.0,,0.0,0.0,0.0,0.0,0.0,0.0,0.0,0.0,0.0,,0.0,0.0,0.0,0.0,0.0,0.0,0.0,0.0,0.0,0.0,0.0,0.0,0.0,0.0,0.0,0.0,,0.0,0.0,0.0,,0.0,0.0,0.17647058823529413,0.14285714285714285,0.0,0.125,0.3333333333333333,,0.0,0.0,0.2222222222222222,0.0,0.15789473684210525,0.07692307692307693,0.0,0.07692307692307693,1.0,0.0,0.14285714285714285,0.0,0.07692307692307693,0.4,0.06666666666666667,0.0,0.0,0.058823529411764705,0.12,0.07142857142857142,0.0,0.2222222222222222,0.0625,0.06666666666666667,0.14285714285714285,0.0,0.25,0.0,0.14285714285714285,0.0,0.2222222222222222,0.0,0.09090909090909091,0.1111111111111111,0.2,0.07142857142857142,0.2,0.07692307692307693,0.0,0.0,0.0,0.0,0.07692307692307693,0.0,0.06666666666666667,0.0,0.0625,0.0,0.1111111111111111,0.14285714285714285,0.16666666666666666,0.0,0.0,0.0,0.07692307692307693,0.0,0.25,0.0,0.0,0.0
Old Mill Basin,Brooklyn,neighborhood,,,,,,,,,,,,,,,,,,,,,,,,,,,,,,,,,,,,,,0.0,0.0,,,,0.0,0.0,1.0,0.0,1.0,0.0,,,,,,,,0.0,0.0,0.0,0.0,0.0,,,,0.0,0.0,,,,,,,0.0,,,0.0,,,,0.0,0.0,0.0,0.0,0.0,0.0,0.0,0.0,,,,,,,,,,,0.0,0.0,0.0,,,,,,,,,,,,,,,,,,,,,,,,,,,,,0.0,0.0,,,,,,,,,,,,,,,,,,0.0,0.0,,,,,,,,,,,,,,,,0.0,0.0,0.0,0.0,0.0,0.0,0.0,0.0,0.0,0.0,0.0,0.0,0.0,0.0,,,,0.0,,,,0.0,0.0,,,,,,,,,,,0.0,0.0,,
Ozone Park,Queens,neighborhood,,,,,,,,,,,,,,0.0,0.0,,,,,,,,,,,,,,,,,,,,,,,,,,,,,,,,,,,,0.0,,,,,,,,,,,,,,,,,,,,,,,,,,,,,,,,,,,,,,,0.0,0.0,0.0,,,0.0,0.0,,,,0.0,0.0,0.125,0.0,0.0,0.0,0.0,0.0,,,0.0,0.0,,,,,,,,0.0,,,,,1.0,0.2,,0.0,0.0,,0.0,0.0,1.0,,0.0,,0.0,0.0,0.0,0.0,0.0,0.0,,0.0,,,,0.0,,0.0,0.0,,,,0.0,0.0,0.0,0.0,0.0,0.0,0.0,0.0,,,0.0,,0.0,0.0,0.5,0.0,0.2,0.6666666666666666,0.25,0.25,0.0,0.0,0.0,0.0,0.5,0.0,0.0,0.0,0.0,0.0,0.2857142857142857,0.14285714285714285,0.0,0.0,,,,,,,,0.0,0.0,0.0,0.0,0.0,0.0
Park Slope,Brooklyn,neighborhood,0.16666666666666666,0.14814814814814814,0.2028985507246377,0.1791044776119403,0.10606060606060606,0.1,0.11320754716981132,0.12,0.09433962264150944,0.08196721311475409,0.12727272727272726,0.140625,0.1095890410958904,0.10526315789473684,0.08620689655172414,0.12244897959183673,0.1935483870967742,0.06557377049180328,0.1527777777777778,0.16071428571428573,0.10256410256410256,0.1935483870967742,0.21951219512195122,0.07407407407407407,0.08955223880597014,0.11594202898550725,0.13432835820895522,0.171875,0.11428571428571428,0.0958904109589041,0.07894736842105263,0.19444444444444445,0.09722222222222222,0.16,0.05172413793103448,0.09523809523809523,0.13432835820895522,0.16216216216216217,0.16901408450704225,0.15294117647058825,0.14018691588785046,0.1188118811881188,0.10091743119266056,0.12037037037037036,0.14893617021276595,0.21333333333333335,0.21333333333333335,0.1323529411764706,0.15584415584415584,0.183206106870229,0.13675213675213677,0.1346153846153846,0.2,0.1509433962264151,0.1134020618556701,0.1415929203539823,0.16822429906542055,0.20588235294117646,0.11940298507462686,0.11864406779661017,0.08421052631578947,0.09541984732824428,0.10175438596491228,0.1079136690647482,0.1377952755905512,0.1308411214953271,0.18468468468468469,0.17269076305220885,0.19424460431654678,0.2074688796680498,0.16666666666666666,0.11737089201877934,0.14761904761904762,0.2048780487804878,0.16818181818181818,0.14285714285714285,0.16990291262135923,0.13580246913580246,0.17898832684824903,0.14671814671814673,0.17167381974248927,0.2396694214876033,0.22072072072072071,0.20465116279069767,0.2013888888888889,0.2007168458781362,0.21875,0.2238372093023256,0.18333333333333332,0.20408163265306123,0.1467065868263473,0.2320675105485232,0.24152542372881355,0.2596899224806202,0.22842639593908629,0.1206896551724138,0.18137254901960784,0.18859649122807018,0.18421052631578946,0.164,0.16733067729083664,0.16967509025270758,0.1895910780669145,0.13043478260869565,0.15178571428571427,0.22317596566523606,0.19607843137254902,0.1507537688442211,0.20408163265306123,0.1864406779661017,0.19924812030075187,0.15625,0.08712121212121213,0.11894273127753303,0.16393442622950818,0.15609756097560976,0.13966480446927373,0.15584415584415584,0.18382352941176472,0.125,0.15789473684210525,0.15079365079365079,0.12962962962962962,0.17346938775510204,0.12735849056603774,0.22491349480968859,0.26525198938992045,0.2980769230769231,0.2676991150442478,0.2857142857142857,0.2512437810945274,0.18413597733711048,0.14040114613180515,0.14018691588785046,0.15915915915915915,0.15178571428571427,0.12025316455696203,0.11262798634812286,0.09859154929577464,0.08205128205128205,0.07236842105263158,0.11333333333333333,0.0660377358490566,0.15384615384615385,0.01020408163265306,0.05825242718446602,0.05785123966942149,0.06306306306306306,0.04,0.11764705882352941,0.07236842105263158,0.05521472392638037,0.0979020979020979,0.17204301075268819,0.1744186046511628,0.18518518518518517,0.10843373493975904,0.15294117647058825,0.03278688524590164,0.09154929577464789,0.12025316455696203,0.09937888198757763,0.1323529411764706,0.11042944785276074,0.1,0.15568862275449102,0.17054263565891473,0.20202020202020202,0.09345794392523364,0.13513513513513514,0.1171875,0.10067114093959731,0.15060240963855423,0.1286549707602339,0.20441988950276244,0.21761658031088082,0.16447368421052633,0.11538461538461539,0.14,0.12195121951219512,0.15625,0.09615384615384616,0.14035087719298245,0.07526881720430108,0.05970149253731343,0.11842105263157894,0.1497005988023952,0.17777777777777778,0.17088607594936708,0.1366906474820144,0.15217391304347827,0.10526315789473684,0.12380952380952381,0.06,0.08849557522123894,0.1,0.136,0.11029411764705882,0.17557251908396945,0.16666666666666666
Parkchester,Bronx,neighborhood,0.0,1.0,0.0,0.0,,0.0,0.0,,,0.0,0.0,0.0,0.0,0.0,0.0,0.0,0.0,0.0,0.0,0.0,0.0,0.0,0.0,0.0,0.0,0.3333333333333333,0.0,0.0,0.25,0.0,0.0,0.0,0.0,0.0,0.0,0.0,0.5,0.0,0.0,0.16666666666666666,0.0,0.125,0.0,0.0,0.0,0.0,0.0,0.0,0.0,0.0,0.0,0.0,0.0,0.0,0.0,0.0,0.0,0.0,0.045454545454545456,0.0,0.05263157894736842,0.0,0.0,0.0,0.0,0.0,0.0,0.0,0.0,0.0,0.0,0.0,0.0,0.0,0.0,0.0,0.0,0.0,0.0,0.0,0.0,0.0,0.05263157894736842,0.0,0.0,0.0,0.0,0.0,0.0,0.0,0.0,0.0,0.0,0.2,0.0,0.07142857142857142,0.09090909090909091,0.0,0.0,0.0,0.0,0.07692307692307693,0.058823529411764705,0.0,0.0,0.08333333333333333,0.0,0.0,0.0,0.0,0.1111111111111111,0.0,0.0,0.0,0.07142857142857142,0.1,0.1,0.0,0.0,0.0,0.16666666666666666,0.0,0.0,0.0,0.0,0.0,0.0,0.0,0.0,0.0,0.16666666666666666,0.16666666666666666,0.16666666666666666,0.0,0.0,0.0,0.0,0.0,0.09090909090909091,0.0,0.0,0.1,0.0,0.14285714285714285,0.0,0.0,0.0,0.0,0.0,0.0,0.0,0.0,0.0,0.16666666666666666,0.0,0.0,0.0,0.0,0.0,0.0,0.0,0.0,0.0,0.0,0.3333333333333333,0.0,0.0,0.0,0.0,0.2857142857142857,0.16666666666666666,0.0,0.0,0.0,0.0,0.0,0.0,0.0,0.0,0.0,0.0,0.0,0.1111111111111111,0.08333333333333333,0.0,0.3333333333333333,0.0,0.0,0.0,0.0,0.0,0.0,0.0,0.0,,0.0,0.5,0.0,0.0,0.2
Pelham Bay,Bronx,neighborhood,0.0,0.0,,,,,,,,,,,,,,,,,,,,0.0,0.0,0.0,0.0,0.0,0.0,0.0,0.0,0.0,0.0,0.0,0.0,0.0,0.0,0.0,0.0,0.0,,,,,0.0,0.0,0.0,,,,,,,0.0,0.0,1.0,0.0,0.0,0.0,0.0,0.0,0.0,,0.0,0.0,0.0625,0.0,0.0,0.0,0.0,0.2,0.14285714285714285,0.0,0.0,0.0,0.0,0.0,0.0,0.0,0.0,0.0,0.0,0.0,0.0,0.0,0.0,0.2,0.0,0.16666666666666666,0.0,0.2857142857142857,0.0,0.0,0.125,0.0,0.125,0.0,0.0,0.14285714285714285,0.25,0.0,0.0,0.0,0.0,0.0,0.0,0.3,0.0,0.2,0.0,0.0,0.0,0.1111111111111111,0.0,0.125,0.0,0.2,0.14285714285714285,0.0,0.0,0.0,0.0,0.2,0.0,0.0,0.0,0.0,0.0,0.0,0.0,0.0,0.0,0.0,0.14285714285714285,0.0,0.0,0.0,0.0,0.0,0.0,0.0,0.125,0.0,0.0,0.0,0.0,0.0,0.25,0.0,0.0,0.0,0.0,0.0,0.0,0.0,0.14285714285714285,0.0,0.0,0.0,0.0,0.0,0.0,0.25,0.0,0.0,0.125,0.0,0.0,0.25,0.0,0.0,0.0,0.0,0.0,0.0,0.0,0.0,0.0,0.0,0.0,0.0,0.0,0.375,0.0,0.14285714285714285,0.14285714285714285,0.0,0.2,0.25,0.0,0.0,0.0,0.0,0.2,0.0,0.0,0.0,0.0,0.0,0.0,0.0,0.0
Pelham Gardens,Bronx,neighborhood,,,,,,,,,,,,,,,,,,,,,,,,,,,,,,,,,,,,,,,,,,,,,,,,,,,,,,,0.0,0.0,0.0,,,,0.0,0.0,,,,,,,,,,0.0,0.25,0.0,0.2,0.0,,,,0.0,0.0,0.0,0.0,0.0,0.0,0.2,0.0,1.0,0.0,,1.0,0.0,0.0,0.0,0.0,0.0,,,0.0,0.0,0.0,0.0,0.0,0.5,1.0,,,,1.0,0.0,,0.0,0.0,,0.0,0.0,0.0,,0.2,0.0,,,,,0.0,0.0,0.0,0.5,0.0,0.0,0.0,1.0,0.0,,,,,0.0,0.0,0.0,,,,0.0,,,,,0.0,0.0,0.0,0.0,,,,,,0.0,0.0,,0.0,0.0,0.0,0.0,0.0,0.3333333333333333,0.0,,,,,0.0,0.0,,1.0,,,,0.0,0.0,0.0,0.0,0.0,,0.0,0.0,1.0,0.0,0.0,,0.0,0.0,0.0,,,,,0.0,,
Pelham Parkway,Bronx,neighborhood,,,,,,,,,,,,,,,,,,,,,,,,,,,,,,,,,,,,,,,,,,,0.0,0.0,0.0,1.0,0.0,0.0,0.0,,0.0,,0.0,0.0,0.6666666666666666,0.0,0.0,0.0,0.0,0.16666666666666666,0.0,0.0,0.0,0.1,0.0,0.14285714285714285,0.1,0.0,0.0,,0.0,0.0,0.0,0.0,0.0,0.0,0.0,0.0,0.0,0.0,0.0,0.0,0.0,0.0,0.0,0.0,0.0,0.0,0.0,0.0,0.0,0.0,0.0,0.0,0.25,0.0,0.0,0.0,0.0,0.0,0.0,0.0,0.25,0.25,0.0,0.0,0.2,0.0,0.0,0.0,0.2,0.0,0.0,0.0,0.0,0.0,0.25,0.0,0.5,0.2857142857142857,,0.0,0.0,0.0,0.0,0.0,0.0,0.13333333333333333,0.0,0.0,0.0,0.07692307692307693,0.058823529411764705,0.0,0.0,0.125,0.0,0.0,0.1111111111111111,0.09090909090909091,0.25,0.2,0.0,0.0,0.2857142857142857,0.05263157894736842,0.0,0.0,0.0,0.09090909090909091,0.07142857142857142,0.125,0.0,0.0,0.0,0.0,0.07142857142857142,0.0,0.0625,0.16666666666666666,0.0,0.2,0.09090909090909091,0.0,0.09090909090909091,0.25,0.0,0.0,0.09090909090909091,0.0,0.09090909090909091,0.0,0.0,0.0,0.0,0.0,0.23076923076923078,0.07692307692307693,0.0,0.0,0.0,0.1111111111111111,0.0,0.09090909090909091,0.0,0.16666666666666666,0.09090909090909091,0.0,0.0,0.0,0.0,0.0,0.3333333333333333,0.0,0.0,0.0,0.0,0.2,0.0,0.0
Pomonok,Queens,neighborhood,,,,,,,,,,,,,,,,0.0,0.0,0.0,0.0,0.0,0.0,0.0,0.0,0.0,0.0,0.0,0.0,0.0,0.0,0.0,0.0,0.0,0.0,0.0,0.0,0.0,0.0,0.0,0.0,0.0,0.0,0.0,0.0,0.0,0.0,0.0,0.0,0.0,0.0,0.0,0.0,0.0,0.0,0.0,0.0,0.0,0.0,0.0,0.0,0.0,,,,,,,,0.0,0.0,0.0,0.0,0.0,0.0,0.0,0.0,0.0,0.3333333333333333,0.0,0.0,0.0,1.0,0.0,0.0,,,0.0,0.0,0.0,0.0,0.0,0.0,,1.0,1.0,0.0,0.0,0.0,,0.0,0.0,,,,,0.0,0.0,0.0,0.0,,0.0,0.0,0.0,,,0.0,,,1.0,0.0,0.0,0.0,0.0,,,,,,,0.0,0.0,1.0,0.0,0.5,0.0,,0.0,0.14285714285714285,0.0,0.25,0.0,0.5,0.0,,0.0,0.0,0.0,0.0,0.0,0.3333333333333333,,0.3333333333333333,0.6666666666666666,,,,0.0,0.5,,0.0,,0.0,0.3333333333333333,0.0,0.0,0.0,,,,,0.0,0.0,0.5,,1.0,0.0,,,0.0,0.0,0.0,0.5,0.5,0.25,0.25,0.5,0.0,,,0.0,0.0,0.0,0.0,0.0,,,0.0,0.0,,0.5,0.0
Port Morris,Bronx,neighborhood,,,,,,,,,,,,,,,,,,,,,,,,,,,,,,,,,,,,,,,,,,,,,,,,,,,,,,,,,,,,,,,,,,,,,,,0.0,0.0,0.0,0.0,0.0,,,,,0.0,0.0,0.0,1.0,0.0,0.0,0.0,0.0,0.0,1.0,,,,0.0,0.0,0.0,0.0,0.0,0.0,0.0,0.75,0.0,0.0,,,,,,0.0,0.0,0.0,0.5,0.0,0.3333333333333333,,0.0,0.0,,,1.0,,,,,0.0,0.0,,0.0,0.0,0.0,0.0,0.0,0.0,0.0,0.0,0.0,0.0,0.0,0.0,0.0,0.5,0.3333333333333333,0.0,0.5,0.0,,0.0,0.0,0.0,0.0,,,0.0,1.0,0.0,0.0,,,,,0.0,0.0,0.0,0.0,,,,,,,,,,0.0,0.0,0.0,0.0,0.0,,,0.0,,,,0.0,0.0,0.0,0.0,0.0,1.0,0.0,,,,,,,0.0,0.0,0.0,0.0
Prospect Heights,Brooklyn,neighborhood,0.25,0.2,0.06666666666666667,0.25,0.14285714285714285,0.0,0.125,0.0,0.07692307692307693,0.20833333333333334,0.3684210526315789,0.5,0.1111111111111111,0.125,0.0,0.1,0.4375,0.0,0.08333333333333333,0.0,0.2222222222222222,0.0,0.14285714285714285,0.1111111111111111,0.0,0.09090909090909091,0.18181818181818182,0.08333333333333333,0.14285714285714285,0.06666666666666667,0.05555555555555555,0.07692307692307693,0.14285714285714285,0.25,0.0,0.0,0.125,0.045454545454545456,0.07407407407407407,0.17142857142857143,0.09523809523809523,0.06451612903225806,0.03333333333333333,0.125,0.13793103448275862,0.21621621621621623,0.13333333333333333,0.10714285714285714,0.15625,0.1111111111111111,0.16279069767441862,0.25925925925925924,0.09523809523809523,0.23809523809523808,0.061224489795918366,0.06,0.07936507936507936,0.16666666666666666,0.20689655172413793,0.1206896551724138,0.1111111111111111,0.031746031746031744,0.16666666666666666,0.10606060606060606,0.0847457627118644,0.1111111111111111,0.13333333333333333,0.0379746835443038,0.14084507042253522,0.1509433962264151,0.2857142857142857,0.11904761904761904,0.17647058823529413,0.07317073170731707,0.08108108108108109,0.22727272727272727,0.14285714285714285,0.075,0.21568627450980393,0.13432835820895522,0.1780821917808219,0.275,0.18421052631578946,0.13432835820895522,0.17045454545454544,0.189873417721519,0.1590909090909091,0.1650485436893204,0.16216216216216217,0.14814814814814814,0.1485148514851485,0.16666666666666666,0.19791666666666666,0.19718309859154928,0.16363636363636364,0.18518518518518517,0.0684931506849315,0.2,0.21052631578947367,0.09615384615384616,0.10294117647058823,0.14814814814814814,0.10714285714285714,0.20588235294117646,0.11475409836065574,0.25,0.1592920353982301,0.12987012987012986,0.1282051282051282,0.09375,0.13793103448275862,0.1724137931034483,0.04054054054054054,0.20634920634920634,0.18333333333333332,0.09803921568627451,0.11538461538461539,0.06666666666666667,0.15789473684210525,0.16216216216216217,0.14285714285714285,0.1794871794871795,0.1935483870967742,0.1724137931034483,0.1780821917808219,0.23255813953488372,0.29838709677419356,0.3422818791946309,0.26282051282051283,0.2857142857142857,0.2585034013605442,0.1440677966101695,0.14563106796116504,0.1262135922330097,0.09859154929577464,0.07339449541284404,0.14285714285714285,0.08421052631578947,0.052083333333333336,0.1,0.125,0.06060606060606061,0.06153846153846154,0.0851063829787234,0.18840579710144928,0.06944444444444445,0.12195121951219512,0.07352941176470588,0.1509433962264151,0.10344827586206896,0.13043478260869565,0.20987654320987653,0.25333333333333335,0.2948717948717949,0.2903225806451613,0.0847457627118644,0.0625,0.13333333333333333,0.11842105263157894,0.0625,0.11627906976744186,0.22033898305084745,0.20987654320987653,0.1276595744680851,0.0967741935483871,0.16981132075471697,0.25,0.12280701754385964,0.17857142857142858,0.2,0.12307692307692308,0.09210526315789473,0.11594202898550725,0.07692307692307693,0.0759493670886076,0.3076923076923077,0.2857142857142857,0.1694915254237288,0.32,0.19298245614035087,0.16071428571428573,0.057692307692307696,0.04878048780487805,0.029850746268656716,0.17307692307692307,0.14,0.1348314606741573,0.1271186440677966,0.14,0.09278350515463918,0.0759493670886076,0.03278688524590164,0.09230769230769231,0.05172413793103448,0.05084745762711865,0.014084507042253521,0.058823529411764705,0.09090909090909091,0.13253012048192772,0.08333333333333333
Prospect Lefferts Gardens,Brooklyn,neighborhood,,,0.0,0.0,0.0,0.0,0.0,0.0,0.0,0.5,0.0,0.0,0.14285714285714285,0.0,0.3333333333333333,0.0,0.25,0.0,0.0,0.16666666666666666,0.0,0.0,0.5,0.0,0.14285714285714285,0.4,0.0,0.0,0.25,0.14285714285714285,0.1111111111111111,0.1111111111111111,0.1,0.0,0.0,0.0,0.08333333333333333,0.0,0.25,0.0,0.0,0.0,0.0,0.0,0.0,0.0,0.0,0.0,0.0,0.0,0.03225806451612903,0.125,0.08571428571428572,0.0,0.044444444444444446,0.07017543859649122,0.046511627906976744,0.1044776119402985,0.14102564102564102,0.060240963855421686,0.07228915662650602,0.03333333333333333,0.04395604395604396,0.022988505747126436,0.03260869565217391,0.030303030303030304,0.04716981132075472,0.061946902654867256,0.0425531914893617,0.08064516129032258,0.07547169811320754,0.06521739130434782,0.044444444444444446,0.09090909090909091,0.13333333333333333,0.11363636363636363,0.13559322033898305,0.05970149253731343,0.16666666666666666,0.28440366972477066,0.19298245614035087,0.17582417582417584,0.10227272727272728,0.23376623376623376,0.13131313131313133,0.1566265060240964,0.0970873786407767,0.07317073170731707,0.14285714285714285,0.07272727272727272,0.05714285714285714,0.18518518518518517,0.17333333333333334,0.12087912087912088,0.2,0.11607142857142858,0.15217391304347827,0.14705882352941177,0.13043478260869565,0.02830188679245283,0.13861386138613863,0.09195402298850575,0.14634146341463414,0.125,0.0875,0.17391304347826086,0.14018691588785046,0.1348314606741573,0.09734513274336283,0.1095890410958904,0.10526315789473684,0.02197802197802198,0.08080808080808081,0.08333333333333333,0.04878048780487805,0.1,0.1566265060240964,0.13043478260869565,0.16981132075471697,0.21666666666666667,0.0625,0.10204081632653061,0.15384615384615385,0.16666666666666666,0.13636363636363635,0.2066115702479339,0.2028985507246377,0.13924050632911392,0.2,0.17307692307692307,0.2222222222222222,0.13970588235294118,0.1590909090909091,0.11290322580645161,0.1,0.11029411764705882,0.10869565217391304,0.1417910447761194,0.14736842105263157,0.06172839506172839,0.047619047619047616,0.08080808080808081,0.09210526315789473,0.08974358974358974,0.11594202898550725,0.04878048780487805,0.044444444444444446,0.14634146341463414,0.08108108108108109,0.020833333333333332,0.0,0.1346153846153846,0.15384615384615385,0.05714285714285714,0.08,0.03636363636363636,0.07894736842105263,0.0975609756097561,0.06666666666666667,0.13953488372093023,0.10714285714285714,0.1125,0.08139534883720931,0.12307692307692308,0.125,0.10204081632653061,0.28846153846153844,0.1111111111111111,0.06666666666666667,0.18,0.23529411764705882,0.1111111111111111,0.07407407407407407,0.11494252873563218,0.11650485436893204,0.08045977011494253,0.25316455696202533,0.14285714285714285,0.08641975308641975,0.10810810810810811,0.08620689655172414,0.11428571428571428,0.1206896551724138,0.06382978723404255,0.16071428571428573,0.078125,0.19298245614035087,0.10638297872340426,0.12,0.09803921568627451,0.08695652173913043,0.14285714285714285,0.15384615384615385,0.20512820512820512,0.08888888888888889,0.08333333333333333,0.09803921568627451,0.109375,0.1111111111111111,0.0625
Prospect Park South,Brooklyn,neighborhood,,,,0.5,0.0,0.5,0.0,0.0,0.0,0.0,,0.0,0.0,0.0,0.0,,,0.0,,0.0,0.0,,,0.0,0.0,0.0,0.0,0.0,0.0,0.5,0.0,0.0,0.0,0.3333333333333333,0.0,0.0,0.2727272727272727,0.0,0.125,0.125,0.3,0.0,0.0,0.09090909090909091,0.0,0.23076923076923078,0.14285714285714285,0.07692307692307693,0.0625,0.1111111111111111,0.0,0.03571428571428571,0.0,0.07407407407407407,0.21052631578947367,0.1,0.10256410256410256,0.02631578947368421,0.029411764705882353,0.041666666666666664,0.07692307692307693,0.1111111111111111,0.14285714285714285,0.09302325581395349,0.07407407407407407,0.10294117647058823,0.07575757575757576,0.08196721311475409,0.06818181818181818,0.10638297872340426,0.08163265306122448,0.08108108108108109,0.0967741935483871,0.07894736842105263,0.02631578947368421,0.16,0.14814814814814814,0.2903225806451613,0.14634146341463414,0.15384615384615385,0.2,0.12121212121212122,0.12244897959183673,0.1320754716981132,0.1346153846153846,0.1875,0.12962962962962962,0.06666666666666667,0.06818181818181818,0.16666666666666666,0.10909090909090909,0.05263157894736842,0.1111111111111111,0.08888888888888889,0.22950819672131148,0.10416666666666667,0.1206896551724138,0.12658227848101267,0.08888888888888889,0.04285714285714286,0.031746031746031744,0.1527777777777778,0.08333333333333333,0.16326530612244897,0.15492957746478872,0.12359550561797752,0.11764705882352941,0.09523809523809523,0.14084507042253522,0.05813953488372093,0.075,0.06060606060606061,0.0847457627118644,0.09375,0.03636363636363636,0.09523809523809523,0.1506849315068493,0.09433962264150944,0.06818181818181818,0.08333333333333333,0.2222222222222222,0.04081632653061224,0.030303030303030304,0.0,0.175,0.12162162162162163,0.11627906976744186,0.1951219512195122,0.17045454545454544,0.25,0.25882352941176473,0.14666666666666667,0.11392405063291139,0.0945945945945946,0.10714285714285714,0.12371134020618557,0.10112359550561797,0.1044776119402985,0.058823529411764705,0.03278688524590164,0.020833333333333332,0.08196721311475409,0.1016949152542373,0.03225806451612903,0.047619047619047616,0.06451612903225806,0.03225806451612903,0.038461538461538464,0.07407407407407407,0.04,0.03125,0.025,0.030303030303030304,0.0625,0.12195121951219512,0.2619047619047619,0.0,0.05555555555555555,0.125,0.03333333333333333,0.08,0.15625,0.0625,0.06666666666666667,0.13333333333333333,0.14285714285714285,0.1111111111111111,0.06976744186046512,0.09090909090909091,0.06666666666666667,0.16666666666666666,0.10344827586206896,0.13333333333333333,0.17307692307692307,0.057971014492753624,0.0547945205479452,0.07692307692307693,0.05660377358490566,0.07692307692307693,0.1111111111111111,0.0,0.16,0.06666666666666667,0.0,0.038461538461538464,0.03225806451612903,0.14285714285714285,0.16666666666666666,0.1282051282051282,0.04,0.06896551724137931,0.07692307692307693,0.06666666666666667,0.0,0.12,0.0,0.07142857142857142,0.08,0.07692307692307693,0.045454545454545456
Queens,Queens,borough,0.07024793388429752,0.10080645161290322,0.10612244897959183,0.0379746835443038,0.04680851063829787,0.02608695652173913,0.03305785123966942,0.02586206896551724,0.0379746835443038,0.061224489795918366,0.04680851063829787,0.02608695652173913,0.05217391304347826,0.06198347107438017,0.04784688995215311,0.042735042735042736,0.038338658146964855,0.03076923076923077,0.047058823529411764,0.05241935483870968,0.04784688995215311,0.04065040650406504,0.07179487179487179,0.07575757575757576,0.09090909090909091,0.029885057471264367,0.05045871559633028,0.05687203791469194,0.038817005545286505,0.04660194174757282,0.15660377358490565,0.13539192399049882,0.11581920903954802,0.0862533692722372,0.06906906906906907,0.04361370716510903,0.0835509138381201,0.08923884514435695,0.05963302752293578,0.04308390022675737,0.04477611940298507,0.06349206349206349,0.07676767676767676,0.1454183266932271,0.12144212523719165,0.13598901098901098,0.1392904073587385,0.09970238095238096,0.08990318118948824,0.0697084917617237,0.0649895178197065,0.06827643630308076,0.060805860805860805,0.10374414976599064,0.05555555555555555,0.06338028169014084,0.08491508491508491,0.09929078014184398,0.09707822808671066,0.0776173285198556,0.09483568075117371,0.11063094209161625,0.10063897763578275,0.08292282430213464,0.059689922480620154,0.08502024291497975,0.09601301871440195,0.07364016736401674,0.116398243045388,0.14027476500361533,0.1461014383043149,0.1096234309623431,0.14071606994171523,0.12607003891050583,0.1470383275261324,0.11627906976744186,0.11007338225483655,0.13431876606683804,0.1445859872611465,0.1566933991363356,0.14878671775223498,0.19442644199611148,0.21309450277949352,0.15500327011118378,0.13902308105206657,0.12350597609561753,0.11613175675675676,0.11767298369325695,0.12011285771866183,0.13578394598649662,0.11638591117917305,0.1591187270501836,0.20593368237347295,0.24095744680851064,0.2348443473511742,0.18176470588235294,0.15719406041986686,0.17270788912579957,0.1541807636539391,0.16454406520631687,0.1595744680851064,0.12448132780082988,0.12356751370204284,0.12513199577613515,0.1538021726700972,0.1935180836073274,0.17574021012416427,0.15274725274725276,0.1564102564102564,0.15163934426229508,0.15436241610738255,0.13713759779107226,0.1276887871853547,0.12896725440806045,0.13631522896698617,0.14796479647964797,0.15758293838862558,0.17653631284916202,0.17118226600985223,0.14343434343434344,0.14078549848942598,0.1357234314980794,0.12008895478131949,0.15631469979296067,0.16246684350132626,0.1783132530120482,0.20508866615265997,0.21871820956256358,0.2107654666200629,0.20348475420037337,0.19125127161749747,0.14573913043478262,0.15916296766011415,0.14481342006162273,0.14277251184834122,0.11181244364292155,0.10135775181559836,0.1111111111111111,0.08208955223880597,0.09839527027027027,0.08838987099856666,0.09942084942084942,0.1008188331627431,0.0828258221680877,0.09202453987730061,0.09130166563849476,0.08560090702947845,0.08095854922279792,0.0706713780918728,0.06130790190735695,0.0698478561549101,0.10423053341508277,0.11997447351627313,0.1218405703175632,0.14267834793491865,0.14151576123407109,0.10047003525264395,0.10894941634241245,0.10595238095238095,0.07137954701441318,0.07612903225806451,0.09102244389027432,0.1090594345066359,0.11812865497076024,0.1382842509603073,0.17171129220023282,0.14182825484764544,0.11526282457251424,0.11409013120365089,0.10844817255841821,0.12884503772489844,0.09549228944246738,0.10610382201939532,0.11536297129994373,0.12828282828282828,0.12223340040241448,0.13224821973550355,0.13336497389653537,0.14146090534979425,0.12209302325581395,0.13191929643041903,0.11575052854122622,0.1273170731707317,0.10587663914521613,0.11318897637795275,0.1054472763618191,0.10726995424504321,0.14094319399785638,0.1781183932346723,0.14117043121149897,0.1421376608841634,0.10058139534883721,0.09105603448275862,0.10331274564851207,0.09546413502109705,0.09616485403548941,0.08599779492833518,0.1172870984191739,0.10243659870711089,0.12439935931660438
Queens Village,Queens,neighborhood,,,,,,,,,,,,,,,,,,,,,,,,,,,,,,,,,,,,,,,,,,,,,,,,,,,,0.0,0.0,,,,0.0,0.0,0.0,0.25,0.0,0.0,,,,,0.0,0.5,0.0,0.3333333333333333,0.0,0.0,0.0,1.0,0.5,,0.0,0.0,0.0,0.0,0.0,0.0,0.0,0.0,0.3333333333333333,0.0,0.0,0.0,0.0,0.0,0.0,0.0,0.0,,1.0,0.0,0.0,0.0,0.0,0.0,0.0,0.0,0.0,,0.0,0.2,0.0,0.0,0.0,,,,0.0,,,0.0,0.0,0.0,0.0,0.0,0.0,0.0,0.0,0.0,0.0,0.5,0.0,0.0,0.0,,,,1.0,,0.0,0.0,0.0,0.0,0.0,1.0,0.0,0.0,0.25,0.0,0.0,0.0,0.14285714285714285,0.0,0.0,0.5,0.0,0.0,0.0,0.0,0.3333333333333333,0.3333333333333333,0.0,0.0,0.0,0.2222222222222222,0.0,0.0,0.125,0.0,0.0,0.0,0.0,,0.0,0.0,0.0,0.0,0.0,0.0,0.0,0.25,0.0,0.0,0.0,0.0,0.0,0.4,0.09090909090909091,0.2727272727272727,0.5,0.0,0.0,0.0,0.0,0.2,0.0,0.0,0.2,0.2,0.125,0.125,0.0,0.0,0.0,0.1
Red Hook,Brooklyn,neighborhood,0.3333333333333333,0.0,0.0,0.25,0.2,0.0,0.0,0.16666666666666666,0.0,0.0,0.0,0.14285714285714285,0.0,0.0,0.0,0.0,0.25,0.0,0.0,0.0,0.0,0.25,0.2,0.14285714285714285,0.25,0.0,0.0,0.0,0.0,0.125,0.0,0.0,0.0,0.2,0.0,0.0,0.0,0.0,0.0,0.0,0.0,0.0,0.14285714285714285,0.16666666666666666,0.0,0.0,0.2222222222222222,0.1,0.0,0.0,0.08333333333333333,0.125,0.0,0.0,0.0,0.07692307692307693,0.18181818181818182,0.0,0.0,0.2222222222222222,0.2222222222222222,0.15384615384615385,0.0,0.1111111111111111,0.08333333333333333,0.0,0.0,0.21428571428571427,0.21052631578947367,0.17647058823529413,0.21428571428571427,0.15384615384615385,0.14285714285714285,0.125,0.25,0.125,0.3125,0.15384615384615385,0.0,0.0,0.16666666666666666,0.0,0.14285714285714285,0.0,0.08333333333333333,0.16666666666666666,0.5,0.25,0.058823529411764705,0.3684210526315789,0.1111111111111111,0.14285714285714285,0.18181818181818182,0.14285714285714285,0.0,0.2,0.2857142857142857,0.1,0.0,0.0,0.07692307692307693,0.14285714285714285,0.0,0.0,0.2857142857142857,0.2727272727272727,0.16666666666666666,0.0,0.21428571428571427,0.1875,0.3333333333333333,0.0,0.25,0.0,0.21428571428571427,0.2,0.0,0.1111111111111111,0.3333333333333333,0.25,0.5,0.0,0.0,0.42857142857142855,0.0,0.08333333333333333,0.0,0.13333333333333333,0.13333333333333333,0.36363636363636365,0.14285714285714285,0.21052631578947367,0.17647058823529413,0.058823529411764705,0.05263157894736842,0.047619047619047616,0.07692307692307693,0.14285714285714285,0.0,0.1,0.0,0.0,0.2,0.0,0.0,0.16666666666666666,0.0,0.0,0.05555555555555555,0.09090909090909091,0.13333333333333333,0.1,0.07142857142857142,0.3333333333333333,0.1,0.4,0.0,0.18181818181818182,0.14285714285714285,0.0,0.1111111111111111,0.2222222222222222,0.16666666666666666,0.21428571428571427,0.0625,0.23076923076923078,0.125,0.0,0.14285714285714285,0.0,0.25,0.0,0.0,0.15384615384615385,0.3,0.25,0.0,0.3333333333333333,0.2,0.25,0.18181818181818182,0.0,0.5,0.125,0.0,0.2222222222222222,0.0,0.2222222222222222,0.16666666666666666,0.14285714285714285,0.5,0.75,0.0,0.25,0.6,0.4444444444444444,0.1111111111111111,0.2,0.3333333333333333,0.16666666666666666
Rego Park,Queens,neighborhood,0.0,0.13333333333333333,0.0,0.0625,0.0,0.2,0.0,0.0,0.1111111111111111,0.06666666666666667,0.0,0.058823529411764705,0.058823529411764705,0.21428571428571427,0.0,0.0,0.15384615384615385,0.0,0.0,0.0,0.0,0.0,0.0,0.0,0.0,0.05555555555555555,0.0,0.125,0.0,0.0,0.0,0.05263157894736842,0.09523809523809523,0.0,0.0,0.0,0.07142857142857142,0.07692307692307693,0.21428571428571427,0.0,0.05555555555555555,0.0,0.0,0.15789473684210525,0.06666666666666667,0.25,0.06451612903225806,0.1111111111111111,0.043478260869565216,0.0,0.0,0.08888888888888889,0.03278688524590164,0.0,0.014084507042253521,0.024096385542168676,0.10204081632653061,0.012345679012345678,0.05405405405405406,0.03225806451612903,0.0196078431372549,0.18,0.10666666666666667,0.047619047619047616,0.0594059405940594,0.04411764705882353,0.07692307692307693,0.019230769230769232,0.07692307692307693,0.22916666666666666,0.1276595744680851,0.04081632653061224,0.05357142857142857,0.19298245614035087,0.16981132075471697,0.16393442622950818,0.078125,0.07407407407407407,0.08823529411764706,0.07352941176470588,0.17142857142857143,0.2328767123287671,0.14102564102564102,0.22580645161290322,0.1686746987951807,0.15384615384615385,0.1953125,0.12389380530973451,0.0990990990990991,0.1092436974789916,0.048,0.18666666666666668,0.20652173913043478,0.2653061224489796,0.2857142857142857,0.2602739726027397,0.13114754098360656,0.16923076923076924,0.21052631578947367,0.15584415584415584,0.23684210526315788,0.23232323232323232,0.14563106796116504,0.23684210526315788,0.17857142857142858,0.23469387755102042,0.1485148514851485,0.12790697674418605,0.21428571428571427,0.17525773195876287,0.1919191919191919,0.125,0.168,0.07142857142857142,0.22857142857142856,0.2903225806451613,0.15625,0.1827956989247312,0.3055555555555556,0.08333333333333333,0.0547945205479452,0.13333333333333333,0.16129032258064516,0.20833333333333334,0.12,0.2037037037037037,0.2631578947368421,0.19166666666666668,0.20869565217391303,0.20491803278688525,0.18867924528301888,0.2553191489361702,0.09649122807017543,0.14423076923076922,0.13580246913580246,0.10144927536231885,0.10619469026548672,0.14728682170542637,0.05084745762711865,0.09009009009009009,0.12643678160919541,0.09375,0.16494845360824742,0.10256410256410256,0.08064516129032258,0.1111111111111111,0.11578947368421053,0.07291666666666667,0.04411764705882353,0.0,0.07246376811594203,0.07692307692307693,0.12121212121212122,0.1076923076923077,0.1935483870967742,0.15873015873015872,0.05172413793103448,0.11320754716981132,0.07352941176470588,0.02040816326530612,0.05714285714285714,0.04477611940298507,0.07352941176470588,0.04477611940298507,0.10909090909090909,0.14754098360655737,0.08955223880597014,0.08333333333333333,0.05555555555555555,0.075,0.07142857142857142,0.08620689655172414,0.06779661016949153,0.13114754098360656,0.07692307692307693,0.11538461538461539,0.09523809523809523,0.15217391304347827,0.10416666666666667,0.1016949152542373,0.11864406779661017,0.05263157894736842,0.18604651162790697,0.12987012987012986,0.07792207792207792,0.0641025641025641,0.05434782608695652,0.07142857142857142,0.1794871794871795,0.1388888888888889,0.08695652173913043,0.06756756756756757,0.06097560975609756,0.06329113924050633,0.039473684210526314,0.02857142857142857,0.0410958904109589,0.06060606060606061,0.07462686567164178,0.05
Richmond Hill,Queens,neighborhood,,,,,,,,,0.0,0.0,,0.0,0.0,0.0,0.0,0.0,0.0,0.0,0.0,0.0,0.0,0.0,,,0.0,0.0,0.0,0.0,,,0.0,0.5,0.0,0.0,0.0,0.0,0.0,,,,0.0,0.0,0.3333333333333333,0.0,0.0,0.5,0.0,0.5,0.0,0.0,0.0,0.0,0.0,0.5,0.4,0.0,0.2,0.0,0.0,0.0,0.0,0.0,0.0,0.0,0.0,0.0,0.0,0.0,0.0,0.0,0.1,0.16666666666666666,0.0,0.2,0.25,0.0,0.0,0.0,0.0,0.0,0.0,0.25,0.0,0.0,0.0,0.0,0.0,0.0,0.0,0.1111111111111111,0.125,1.0,0.0,0.0,0.0,0.0,0.0,0.0,0.25,0.0,0.0,0.14285714285714285,0.3333333333333333,0.0,0.0,0.4,0.3333333333333333,0.3333333333333333,0.0,0.0,0.0,0.0,0.2727272727272727,0.25,0.3333333333333333,0.0,0.4,0.16666666666666666,0.0,0.3333333333333333,0.0,0.0,0.0,0.0,0.25,0.6666666666666666,0.0,0.14285714285714285,0.6,0.0,0.0,0.0,0.1,0.125,0.0,0.0,0.125,0.125,0.0,0.18181818181818182,0.13333333333333333,0.17647058823529413,0.0,0.0,0.0,0.1,0.0,0.0,0.2,0.1111111111111111,0.18181818181818182,0.0,0.0,0.2,0.0,0.3333333333333333,0.16666666666666666,0.16666666666666666,0.09090909090909091,0.0,0.0,0.0,0.0,0.0,0.25,0.16666666666666666,0.09090909090909091,0.0,0.0,0.1111111111111111,0.0,0.0,0.0,0.0,0.14285714285714285,0.0,0.5,0.3333333333333333,0.0,0.0,0.0,0.0,0.0,0.3333333333333333,0.0,0.0,0.1111111111111111,0.25,0.5714285714285714,0.1111111111111111,0.25,0.2,0.0,0.0,0.125,0.0,0.0,0.2,0.0,0.1111111111111111
Ridgewood,Queens,neighborhood,,,,0.0,0.0,,,,,,,,,,0.0,0.0,,,,,1.0,0.25,0.0,0.0,0.0,0.0,0.2,0.0,0.0,0.0,0.0,0.5,0.0,0.0,0.0,0.2,0.0,0.25,0.0,0.3333333333333333,0.0,0.0,0.2,0.16666666666666666,0.14285714285714285,0.1111111111111111,0.0,0.2,0.25,0.0,0.0,0.2222222222222222,0.0,0.18181818181818182,0.09090909090909091,0.1111111111111111,0.2,0.09090909090909091,0.0,0.0,0.1111111111111111,0.14285714285714285,0.0,0.07142857142857142,0.05555555555555555,0.041666666666666664,0.0,0.3333333333333333,0.22727272727272727,0.19230769230769232,0.15789473684210525,0.125,0.25,0.1,0.2727272727272727,0.30434782608695654,0.15625,0.02702702702702703,0.09523809523809523,0.20512820512820512,0.14705882352941177,0.18181818181818182,0.11428571428571428,0.15625,0.12121212121212122,0.14705882352941177,0.23076923076923078,0.13636363636363635,0.20930232558139536,0.17777777777777778,0.16129032258064516,0.26229508196721313,0.14473684210526316,0.19753086419753085,0.13186813186813187,0.17142857142857143,0.18461538461538463,0.15789473684210525,0.24,0.15625,0.23076923076923078,0.1774193548387097,0.10526315789473684,0.203125,0.208955223880597,0.3088235294117647,0.14864864864864866,0.1111111111111111,0.2857142857142857,0.17567567567567569,0.22857142857142856,0.2077922077922078,0.11764705882352941,0.09615384615384616,0.2,0.16363636363636364,0.2558139534883721,0.2391304347826087,0.19148936170212766,0.2,0.09090909090909091,0.1346153846153846,0.23076923076923078,0.28,0.28205128205128205,0.2222222222222222,0.189873417721519,0.26506024096385544,0.16666666666666666,0.19318181818181818,0.18181818181818182,0.10126582278481013,0.12195121951219512,0.14457831325301204,0.09803921568627451,0.07627118644067797,0.12121212121212122,0.11688311688311688,0.0784313725490196,0.11475409836065574,0.11594202898550725,0.13978494623655913,0.11392405063291139,0.125,0.057692307692307696,0.07317073170731707,0.11764705882352941,0.10810810810810811,0.06666666666666667,0.05555555555555555,0.1111111111111111,0.1388888888888889,0.2,0.14285714285714285,0.13043478260869565,0.16,0.017857142857142856,0.13636363636363635,0.06818181818181818,0.20754716981132076,0.057692307692307696,0.15873015873015872,0.14925373134328357,0.15942028985507245,0.16363636363636364,0.12280701754385964,0.23529411764705882,0.2,0.15217391304347827,0.11627906976744186,0.05405405405405406,0.13157894736842105,0.13559322033898305,0.08064516129032258,0.18461538461538463,0.24285714285714285,0.21052631578947367,0.10666666666666667,0.10526315789473684,0.14,0.08928571428571429,0.09523809523809523,0.1891891891891892,0.2222222222222222,0.125,0.13636363636363635,0.1724137931034483,0.19402985074626866,0.17391304347826086,0.18292682926829268,0.19480519480519481,0.13253012048192772,0.08955223880597014,0.15555555555555556,0.11764705882352941,0.1702127659574468,0.16216216216216217,0.13043478260869565,0.02,0.09615384615384616
Riverdale,Bronx,neighborhood,0.04081632653061224,0.03636363636363636,0.05454545454545454,0.0,0.0,0.04,0.0625,0.06666666666666667,0.0,0.07142857142857142,0.0,0.14285714285714285,0.12121212121212122,0.0625,0.037037037037037035,0.11538461538461539,0.0,0.0,0.0,0.0392156862745098,0.020833333333333332,0.06666666666666667,0.05555555555555555,0.047619047619047616,0.125,0.08823529411764706,0.125,0.08571428571428572,0.10526315789473684,0.0,0.1276595744680851,0.1,0.07692307692307693,0.2,0.06521739130434782,0.041666666666666664,0.0975609756097561,0.15555555555555556,0.18604651162790697,0.13725490196078433,0.1111111111111111,0.0,0.041666666666666664,0.05555555555555555,0.16,0.0,0.11538461538461539,0.125,0.11764705882352941,0.1388888888888889,0.04,0.23404255319148937,0.01639344262295082,0.0,0.09230769230769231,0.11320754716981132,0.18867924528301888,0.13636363636363635,0.03773584905660377,0.0851063829787234,0.13333333333333333,0.04878048780487805,0.08333333333333333,0.025,0.02564102564102564,0.019230769230769232,0.0,0.061224489795918366,0.17857142857142858,0.05454545454545454,0.10526315789473684,0.01818181818181818,0.07246376811594203,0.07692307692307693,0.03389830508474576,0.07547169811320754,0.04,0.03389830508474576,0.017857142857142856,0.1016949152542373,0.07272727272727272,0.04477611940298507,0.08333333333333333,0.11475409836065574,0.1267605633802817,0.10526315789473684,0.06896551724137931,0.1375,0.08695652173913043,0.08823529411764706,0.08433734939759036,0.04918032786885246,0.08928571428571429,0.11940298507462686,0.16071428571428573,0.07407407407407407,0.19402985074626866,0.21621621621621623,0.0847457627118644,0.05263157894736842,0.07017543859649122,0.05660377358490566,0.056338028169014086,0.11956521739130435,0.13157894736842105,0.13636363636363635,0.19148936170212766,0.1388888888888889,0.15730337078651685,0.10752688172043011,0.13793103448275862,0.11764705882352941,0.225,0.07352941176470588,0.08695652173913043,0.03571428571428571,0.0847457627118644,0.14285714285714285,0.18181818181818182,0.0847457627118644,0.05084745762711865,0.11864406779661017,0.14583333333333334,0.14814814814814814,0.043478260869565216,0.045454545454545456,0.06666666666666667,0.11320754716981132,0.1111111111111111,0.16666666666666666,0.11940298507462686,0.12,0.12857142857142856,0.10344827586206896,0.08955223880597014,0.043478260869565216,0.0392156862745098,0.0625,0.11764705882352941,0.125,0.057692307692307696,0.08,0.14285714285714285,0.0625,0.07352941176470588,0.016129032258064516,0.125,0.10294117647058823,0.05172413793103448,0.0625,0.1746031746031746,0.12857142857142856,0.06896551724137931,0.06451612903225806,0.10416666666666667,0.13333333333333333,0.05263157894736842,0.078125,0.06172839506172839,0.034482758620689655,0.09433962264150944,0.1,0.16129032258064516,0.08,0.0625,0.0784313725490196,0.05357142857142857,0.02127659574468085,0.2037037037037037,0.08888888888888889,0.09523809523809523,0.05,0.075,0.06,0.016129032258064516,0.16666666666666666,0.14516129032258066,0.14516129032258066,0.15517241379310345,0.06382978723404255,0.09090909090909091,0.16279069767441862,0.057692307692307696,0.02702702702702703,0.07142857142857142,0.06818181818181818,0.13157894736842105,0.05714285714285714,0.07317073170731707,0.045454545454545456,0.08333333333333333,0.13513513513513514,0.10810810810810811,0.06060606060606061,0.046511627906976744,0.0425531914893617,0.06666666666666667,0.125,0.1,0.078125
Rockaway All,Queens,neighborhood,0.0,0.0,0.0,0.0,,,,,,0.375,0.0,,,,,0.0,0.0,,,,,,,0.0,0.0,0.0,0.0,1.0,0.0,0.0,,,,,,,,,,,,,,,0.0,0.0,0.0,0.0,0.0,0.25,0.0,0.0,0.1111111111111111,0.0,0.0,0.0,0.16666666666666666,0.16666666666666666,0.0,0.0,0.0,0.0,0.0,0.0,0.0,0.07692307692307693,0.0,0.0,0.058823529411764705,0.0,0.125,0.0,0.0,0.0,0.0,0.07692307692307693,0.0,0.07692307692307693,0.08108108108108109,0.0967741935483871,0.04,0.047619047619047616,0.0,0.06666666666666667,0.05263157894736842,0.0,0.0,0.1,0.0,0.0,0.14285714285714285,0.14285714285714285,0.38461538461538464,0.38461538461538464,0.3076923076923077,0.08333333333333333,0.0,0.14285714285714285,0.125,0.0,0.13333333333333333,0.125,0.058823529411764705,0.0625,0.2,0.2222222222222222,0.08,0.16666666666666666,0.08695652173913043,0.041666666666666664,0.08695652173913043,0.11764705882352941,0.05263157894736842,0.15,0.15,0.11764705882352941,0.11764705882352941,0.05555555555555555,0.125,0.058823529411764705,0.05263157894736842,0.07692307692307693,0.07692307692307693,0.0,0.2727272727272727,0.0625,0.1111111111111111,0.0,0.13333333333333333,0.0,0.0,0.1,0.09090909090909091,0.29411764705882354,0.11764705882352941,0.07142857142857142,0.0,0.0,0.0,0.1111111111111111,0.0,0.2631578947368421,0.125,0.23076923076923078,0.038461538461538464,0.045454545454545456,0.041666666666666664,0.38095238095238093,0.1,0.0,0.0,0.125,0.21052631578947367,0.07142857142857142,0.0625,0.23809523809523808,0.0,0.05555555555555555,0.05263157894736842,0.0,0.058823529411764705,0.05263157894736842,0.03333333333333333,0.10344827586206896,0.15384615384615385,0.3333333333333333,0.0,0.0,0.02702702702702703,0.034482758620689655,0.08,0.058823529411764705,0.0,0.0,0.0,0.13333333333333333,0.2,0.0,0.1111111111111111,0.0,0.08333333333333333,0.0625,0.05263157894736842,0.058823529411764705,0.21428571428571427,0.043478260869565216,0.0,0.0,0.05263157894736842,0.0,0.05555555555555555,0.0,0.07692307692307693,0.043478260869565216,0.043478260869565216,0.0,0.06666666666666667,0.125,0.13333333333333333,0.07142857142857142
Roosevelt Island,Manhattan,neighborhood,0.0,0.0,0.08333333333333333,0.0,0.0,0.0,0.058823529411764705,0.21428571428571427,0.06666666666666667,0.23076923076923078,0.13333333333333333,0.0,0.06666666666666667,0.0,0.05263157894736842,0.0,0.0,0.0,0.0,0.0,0.0,0.05555555555555555,0.4117647058823529,0.0,0.125,0.125,0.0,0.0,0.0,0.23529411764705882,0.15,0.07692307692307693,0.23076923076923078,0.4166666666666667,0.058823529411764705,0.06666666666666667,0.06666666666666667,0.2,0.06666666666666667,0.2631578947368421,0.09523809523809523,0.05263157894736842,0.0,0.14285714285714285,0.16666666666666666,0.11764705882352941,0.16666666666666666,0.0,0.0,0.07142857142857142,0.1111111111111111,0.07142857142857142,0.0,0.1111111111111111,0.11764705882352941,0.05263157894736842,0.0,0.10526315789473684,0.11764705882352941,0.23529411764705882,0.375,0.16666666666666666,0.32142857142857145,0.18181818181818182,0.375,0.14285714285714285,0.14285714285714285,0.21052631578947367,0.20833333333333334,0.4838709677419355,0.2903225806451613,0.3448275862068966,0.2962962962962963,0.3888888888888889,0.2857142857142857,0.21052631578947367,0.2777777777777778,0.18518518518518517,0.391304347826087,0.46153846153846156,0.4482758620689655,0.17857142857142858,0.18181818181818182,0.2222222222222222,0.15151515151515152,0.35135135135135137,0.35714285714285715,0.29411764705882354,0.2692307692307692,0.375,0.3333333333333333,0.47368421052631576,0.38461538461538464,0.18181818181818182,0.4,0.2857142857142857,0.2,0.30434782608695654,0.08333333333333333,0.2916666666666667,0.25,0.43243243243243246,0.24242424242424243,0.3076923076923077,0.19230769230769232,0.18181818181818182,0.10526315789473684,0.05555555555555555,0.2631578947368421,0.25925925925925924,0.2647058823529412,0.25806451612903225,0.18867924528301888,0.4888888888888889,0.3783783783783784,0.2619047619047619,0.4,0.42857142857142855,0.3076923076923077,0.3157894736842105,0.34782608695652173,0.4,0.4166666666666667,0.5909090909090909,0.6153846153846154,0.5111111111111111,0.38095238095238093,0.25,0.41025641025641024,0.3076923076923077,0.3939393939393939,0.3939393939393939,0.3,0.24324324324324326,0.26666666666666666,0.07894736842105263,0.34146341463414637,0.05,0.24324324324324326,0.3448275862068966,0.4,0.0,0.46153846153846156,0.0,0.5,0.26666666666666666,0.3888888888888889,0.18181818181818182,0.375,0.5625,0.7142857142857143,0.18181818181818182,0.2857142857142857,0.42105263157894735,0.4666666666666667,0.5,0.42857142857142855,0.3333333333333333,0.30434782608695654,0.125,0.08,0.3157894736842105,0.25,0.16666666666666666,0.45454545454545453,0.07692307692307693,0.1111111111111111,0.16666666666666666,0.06666666666666667,0.058823529411764705,0.05,0.08333333333333333,0.0,0.16666666666666666,0.13333333333333333,0.16666666666666666,0.16,0.3333333333333333,0.13636363636363635,0.16666666666666666,0.08333333333333333,0.2608695652173913,0.07894736842105263,0.10344827586206896,0.0,0.3611111111111111,0.14285714285714285,0.17647058823529413,0.16666666666666666,0.18181818181818182,0.11764705882352941,0.05555555555555555,0.1724137931034483,0.0,0.03125,0.20689655172413793,0.3,0.21052631578947367,0.16666666666666666,0.09090909090909091
Rosedale,Queens,neighborhood,,,,,,,,,,,,,,,,,,,,,,,,,,,0.0,0.0,0.0,,,0.0,0.0,,,,,,,,,,,,,,,0.0,0.0,0.0,0.0,0.0,,,,,,0.0,0.0,0.0,,,,,,0.0,,,,,,,,,,,,,,,,,,1.0,1.0,0.0,0.0,0.0,0.0,0.0,0.0,,,,,,,,,,,,,,,,,,,,0.0,,,,,0.0,0.0,0.0,,,,,,,,,,,,0.0,,,,,,,0.0,0.0,,,,,,,0.0,,,,,,,,,,,,,,,0.0,0.5,0.0,0.0,0.0,0.0,,,,,,,0.0,,,0.0,,,,0.0,,,,,,,,,,,,,,,,,,0.0,,,
Schuylerville,Bronx,neighborhood,,,,,,,,,,,,,,,,,,,,,,,,,,,,,,,,,,,,,,,,,0.0,0.0,,,,,,,,,,,,,,,,,0.0,0.0,0.0,0.0,,0.0,0.0,,,,,,,,,,0.0,0.0,0.0,0.0,0.0,,0.0,,,,1.0,0.5,0.0,,,0.0,,0.0,,,0.0,0.0,0.0,0.0,,0.0,0.0,0.0,0.0,0.0,0.0,,,,0.0,,,,,,,0.0,0.0,,,,0.0,,0.0,,,,0.0,0.0,,0.0,0.0,0.0,,,0.0,,,,,,,,,,,,0.0,0.0,0.0,0.0,0.0,0.0,,,,,0.0,0.0,0.0,0.0,0.0,0.0,,0.0,0.0,,0.0,1.0,0.0,,,,0.0,0.0,0.0,,0.0,,0.0,0.0,0.0,,0.0,0.0,0.0,0.0,0.0,0.0,,,0.0,0.0,0.0,,0.0,,,,,0.0
Seagate,Brooklyn,neighborhood,,,,,,,,,,,,,,,,,,,,,,,,,,,,,,,,,,,,,,,,,,,,,,,,,,,,0.0,0.0,,,,,,,,,,,,,,,,,,,,,,,,,,,,,,,,,,0.0,0.0,0.0,0.0,,,,,,,,0.0,0.0,,,,,,,,,,,,,,0.0,,,0.0,,,,,,,,,,0.0,0.0,,,,0.0,,,,,,0.0,0.0,,0.0,0.0,0.0,,,,,,,,,,,,,,,,,,,,,,,,,,,,,,,0.0,,,,0.0,0.0,,,,,,,,0.0,0.0,,,,,,,,,,0.0,,,
Sheepshead Bay,Brooklyn,neighborhood,0.3333333333333333,0.09090909090909091,0.0,0.0,0.0,0.0,0.0,0.0,0.0,0.0,0.0,0.2,0.0,0.0,0.02702702702702703,0.037037037037037035,0.0,0.0,0.0,0.0625,0.0,0.0,0.1,0.0,0.0,0.0,0.07692307692307693,0.0,0.05263157894736842,0.08695652173913043,0.11764705882352941,0.08333333333333333,0.0,0.05263157894736842,0.0,0.0,0.045454545454545456,0.08333333333333333,0.0,0.08,0.0,0.10526315789473684,0.05263157894736842,0.0,0.037037037037037035,0.029411764705882353,0.13333333333333333,0.0,0.2,0.022727272727272728,0.045454545454545456,0.05128205128205128,0.0,0.0,0.04838709677419355,0.019230769230769232,0.06666666666666667,0.04081632653061224,0.13636363636363635,0.16,0.0625,0.037037037037037035,0.0,0.11363636363636363,0.03571428571428571,0.015151515151515152,0.0,0.08333333333333333,0.04081632653061224,0.06666666666666667,0.11904761904761904,0.1282051282051282,0.043478260869565216,0.14285714285714285,0.10638297872340426,0.05405405405405406,0.0,0.06818181818181818,0.10869565217391304,0.16666666666666666,0.12244897959183673,0.07547169811320754,0.12121212121212122,0.10526315789473684,0.08333333333333333,0.16923076923076924,0.11214953271028037,0.08490566037735849,0.10091743119266056,0.15841584158415842,0.14432989690721648,0.20634920634920634,0.23943661971830985,0.17567567567567569,0.23636363636363636,0.11538461538461539,0.19047619047619047,0.10204081632653061,0.1320754716981132,0.0967741935483871,0.18,0.16666666666666666,0.11764705882352941,0.11864406779661017,0.13559322033898305,0.1566265060240964,0.11627906976744186,0.14666666666666667,0.14736842105263157,0.16091954022988506,0.061855670103092786,0.17647058823529413,0.1744186046511628,0.1111111111111111,0.2375,0.3333333333333333,0.21052631578947367,0.17391304347826086,0.11764705882352941,0.10256410256410256,0.18604651162790697,0.17647058823529413,0.16981132075471697,0.20689655172413793,0.20588235294117646,0.023809523809523808,0.07894736842105263,0.1111111111111111,0.2535211267605634,0.09375,0.1323529411764706,0.18571428571428572,0.1927710843373494,0.2235294117647059,0.07894736842105263,0.13043478260869565,0.11594202898550725,0.12857142857142856,0.08974358974358974,0.125,0.061224489795918366,0.03333333333333333,0.07692307692307693,0.06349206349206349,0.1643835616438356,0.13636363636363635,0.14285714285714285,0.13793103448275862,0.11666666666666667,0.09803921568627451,0.08823529411764706,0.08571428571428572,0.1111111111111111,0.0625,0.18181818181818182,0.14285714285714285,0.07142857142857142,0.10344827586206896,0.3333333333333333,0.1875,0.17391304347826086,0.14285714285714285,0.10344827586206896,0.35714285714285715,0.1388888888888889,0.21212121212121213,0.25,0.14705882352941177,0.11428571428571428,0.2,0.1111111111111111,0.23684210526315788,0.0,0.0,0.10256410256410256,0.1935483870967742,0.13793103448275862,0.043478260869565216,0.23809523809523808,0.13043478260869565,0.2,0.30434782608695654,0.25,0.09090909090909091,0.34285714285714286,0.2608695652173913,0.09090909090909091,0.20833333333333334,0.14285714285714285,0.08333333333333333,0.043478260869565216,0.11538461538461539,0.21739130434782608,0.04,0.06451612903225806,0.14814814814814814,0.15384615384615385,0.1590909090909091,0.10294117647058823,0.038461538461538464
Soho,Manhattan,neighborhood,0.13333333333333333,0.11627906976744186,0.09900990099009901,0.06796116504854369,0.13953488372093023,0.0761904761904762,0.05263157894736842,0.13793103448275862,0.09722222222222222,0.09375,0.07042253521126761,0.0625,0.09859154929577464,0.08450704225352113,0.125,0.11290322580645161,0.09722222222222222,0.14285714285714285,0.09183673469387756,0.14414414414414414,0.1125,0.15384615384615385,0.10714285714285714,0.1506849315068493,0.10465116279069768,0.14772727272727273,0.12,0.14130434782608695,0.1308411214953271,0.19047619047619047,0.1557377049180328,0.13402061855670103,0.11940298507462686,0.09836065573770492,0.08536585365853659,0.07462686567164178,0.07246376811594203,0.14285714285714285,0.18811881188118812,0.15702479338842976,0.15966386554621848,0.20512820512820512,0.1111111111111111,0.21153846153846154,0.16346153846153846,0.2641509433962264,0.0963855421686747,0.12307692307692308,0.1506849315068493,0.20270270270270271,0.1836734693877551,0.13829787234042554,0.10752688172043011,0.16666666666666666,0.12380952380952381,0.29896907216494845,0.3069306930693069,0.22857142857142856,0.08333333333333333,0.11538461538461539,0.16666666666666666,0.09333333333333334,0.125,0.12087912087912088,0.1348314606741573,0.15151515151515152,0.10638297872340426,0.16494845360824742,0.13953488372093023,0.12,0.13114754098360656,0.09722222222222222,0.18072289156626506,0.20689655172413793,0.1782178217821782,0.0851063829787234,0.09649122807017543,0.16521739130434782,0.2627118644067797,0.248,0.24545454545454545,0.21739130434782608,0.2604166666666667,0.18055555555555555,0.1724137931034483,0.23076923076923078,0.14754098360655737,0.16666666666666666,0.1450381679389313,0.13953488372093023,0.2608695652173913,0.21052631578947367,0.2111111111111111,0.28125,0.17391304347826086,0.24285714285714285,0.18518518518518517,0.1728395061728395,0.12941176470588237,0.0851063829787234,0.0707070707070707,0.12048192771084337,0.14444444444444443,0.19230769230769232,0.11494252873563218,0.20512820512820512,0.19736842105263158,0.24074074074074073,0.11666666666666667,0.1346153846153846,0.24242424242424243,0.11764705882352941,0.15555555555555556,0.18518518518518517,0.1411764705882353,0.11594202898550725,0.12307692307692308,0.1791044776119403,0.16129032258064516,0.10416666666666667,0.1320754716981132,0.12727272727272726,0.2619047619047619,0.19148936170212766,0.22727272727272727,0.2814814814814815,0.2916666666666667,0.3116279069767442,0.2803738317757009,0.23267326732673269,0.24,0.12738853503184713,0.1524390243902439,0.10606060606060606,0.13178294573643412,0.08695652173913043,0.047619047619047616,0.14814814814814814,0.08163265306122448,0.0392156862745098,0.044444444444444446,0.10714285714285714,0.041666666666666664,0.08,0.08823529411764706,0.09523809523809523,0.07894736842105263,0.0,0.16393442622950818,0.14705882352941177,0.21666666666666667,0.1643835616438356,0.24242424242424243,0.19298245614035087,0.24561403508771928,0.07692307692307693,0.14035087719298245,0.18867924528301888,0.19298245614035087,0.06666666666666667,0.21052631578947367,0.12244897959183673,0.2840909090909091,0.2018348623853211,0.16666666666666666,0.25,0.2698412698412698,0.2037037037037037,0.14754098360655737,0.11666666666666667,0.15517241379310345,0.13513513513513514,0.12987012987012986,0.1625,0.2169811320754717,0.1958762886597938,0.25,0.2465753424657534,0.13725490196078433,0.125,0.07407407407407407,0.11363636363636363,0.024390243902439025,0.1111111111111111,0.14473684210526316,0.2028985507246377,0.2191780821917808,0.2911392405063291,0.2222222222222222,0.25,0.4594594594594595,0.225,0.17777777777777778,0.21621621621621623,0.13636363636363635,0.125,0.09722222222222222,0.17777777777777778,0.23333333333333334,0.20588235294117646
Soundview,Bronx,neighborhood,,,,,,,,,,,,,,,0.0,0.0,,,,,,,,,,,,,,,,0.0,0.6666666666666666,0.0,0.0,,,,,,0.0,0.0,,,,0.5,0.0,0.0,0.0,0.0,0.0,0.0,0.0,0.0,0.0,0.0,0.0,0.0,0.0,0.0,0.15384615384615385,0.06666666666666667,0.0,0.0,0.0,0.0,0.07692307692307693,0.0,0.0,0.0,0.14285714285714285,0.0,0.0,0.0,0.0,0.0,0.0,0.0,0.2,0.0,0.0,0.3,0.0,0.0,0.0,0.125,0.08333333333333333,0.0,0.1111111111111111,0.0,0.0,0.0,0.0,0.0,0.0,0.25,0.16666666666666666,0.0,0.0,0.125,0.2,0.0,0.0,0.0,0.0,0.0,0.0,0.0,0.0,0.14285714285714285,0.0,0.3333333333333333,0.2,0.0,0.125,0.07692307692307693,0.4,0.1111111111111111,0.0,0.25,0.0,0.0,0.0,0.0,0.0,0.0,0.2,0.0,0.0,0.0,0.0,0.0,0.2,0.0,0.2,0.0,0.0,0.0,0.0,0.25,0.2,0.0,0.0,0.0,0.0,0.0,0.0,0.0,0.0,0.0,0.0,0.0,0.0,0.3333333333333333,0.0,0.0,0.0,0.0,0.16666666666666666,0.3333333333333333,0.0,1.0,0.2857142857142857,0.0,0.0,0.0,0.0,1.0,0.0,0.0,0.2,0.0,0.25,0.5,0.0,0.0,0.0,0.0,0.0,0.0,0.0,0.0,0.0,0.0,0.0,0.0,0.0,0.0,0.2,0.0,0.0,0.0,0.0,0.0,0.0,0.0,0.0,0.0,,0.0
South Jamaica,Queens,neighborhood,,,,,,,,,,,,,,,,,,,,,,,,,,,,,,,,,,,,,,,,,,,,,,,,,,,,,,,,,,,,,,,,,,,,,,,0.0,,,,,,,,,,,,,,,,1.0,,,,,,,,,,,,,,,0.0,,,0.0,,,,,,0.0,0.0,,,,,0.5,,,0.0,,,0.0,,,0.0,,,,,0.0,0.0,0.0,,,,,0.0,0.0,,0.25,0.0,0.0,0.0,0.0,0.0,0.0,0.0,0.25,0.0,0.0,,,0.5,0.3333333333333333,0.5,0.0,0.0,,0.0,0.14285714285714285,0.6666666666666666,0.0,,0.0,0.0,0.0,,0.0,0.0,0.0,0.0,0.0,,1.0,0.0,0.0,0.0,0.0,,0.0,0.0,0.0,,,0.0,,0.3333333333333333,0.5,,0.0,0.0,,0.0,,,0.0,0.0,0.0,0.0
South Ozone Park,Queens,neighborhood,,,,,,,,,,,,,,,,,,,,,,,,,,,,,,,,,,,,,,,,,,,,,,,,,,0.0,0.0,0.0,,,,,,,,,0.0,0.0,0.0,,,0.0,0.0,0.0,0.0,,,,0.0,0.0,0.0,,,,,,,,,,,,,,0.0,0.0,,0.0,,,,1.0,0.0,0.0,0.0,0.0,,,,,,,,,,,0.0,0.0,0.0,,,,,,,,,,,,,,,,,,,0.0,0.0,0.0,,,,,,,,,,,,,,,,,,0.5,,,,0.0,0.0,1.0,0.0,,,,,,,,0.0,0.0,0.0,,,,,,,,0.0,0.0,0.0,,0.0,0.0,0.0,,,,,,,,,,,,,,,,,
South Richmond Hill,Queens,neighborhood,,,,,,,,,,,,,,,,,,0.0,0.0,,,,,,,,,,,,0.0,0.0,0.0,0.0,0.0,0.0,,,,0.0,0.0,0.0,0.0,0.0,0.0,0.5,0.0,0.3333333333333333,0.0,0.0,0.0,,0.0,0.0,0.0,0.0,,0.0,0.0,0.0,0.0,0.0,0.0,0.0,,,,,,0.0,0.0,0.0,0.16666666666666666,0.0,,,,0.0,0.0,,,0.5,0.0,0.0,0.25,0.0,0.0,,0.0,0.0,0.0,0.0,0.0,0.0,0.5,0.0,0.0,0.0,0.0,0.0,0.0,0.0,0.5,0.6666666666666666,0.0,,0.0,0.0,,0.0,0.0,0.25,0.0,0.0,0.5,0.0,,,,,0.0,0.0,,,,0.0,0.5,0.0,0.0,0.5,0.3333333333333333,0.0,0.0,0.0,0.0,0.0,0.0,0.0,0.0,1.0,0.0,0.0,0.0,,0.0,0.0,0.0,,,1.0,0.0,,0.5,0.0,0.0,0.5,0.0,0.0,0.5,,,0.0,0.0,,0.0,0.0,0.0,0.0,0.0,0.0,0.0,0.5,0.5,0.0,0.0,0.0,1.0,0.0,0.0,,1.0,0.0,0.0,0.0,0.0,0.5,0.0,0.0,0.3333333333333333,0.0,0.0,0.0,0.0,0.0,0.0,0.0,0.0,0.0,0.0,0.0
Springfield Gardens,Queens,neighborhood,,,,,,,,,,,,,,,,,,,,,,,,,,,,,,,,,,,,,,,,,,,,,,,,,,,,,,,,,,,,,,,,,,,,,,,,,,,,,,,,,,,,,0.0,0.0,,,,0.0,,,,,,,0.0,0.0,,,,,0.0,,0.0,0.0,,,,,,,,0.0,,,,,,,,,,,,,,,,,,,,,,,,,,0.0,0.0,0.5,0.0,,,,,,0.0,0.0,,,,,,,0.0,,,0.0,0.0,0.0,,,,,,,0.0,0.5,0.0,0.0,0.0,,,,,,,0.0,,,,,,,,,,,,,,,,,,,,0.0
St. Albans,Queens,neighborhood,,,,,,,,,,,,,,,,,,,,,,,,,,,,,,,,,,,,,0.0,,,,,,,0.0,0.0,1.0,,,,,0.0,1.0,0.0,0.0,,,,,,0.0,0.0,,,,,,,0.0,0.0,0.0,,0.0,0.0,0.0,0.0,0.0,0.0,,,,,0.0,,,,0.0,,,0.0,0.0,0.0,0.0,,0.0,0.0,,,0.0,0.0,0.0,0.0,,,0.0,0.0,0.0,0.0,0.0,0.5,0.0,0.0,0.25,0.0,0.0,0.0,,1.0,0.0,,,,0.0,0.0,,,,,,0.0,0.0,0.0,0.0,,,0.0,0.0,0.0,0.0,0.0,0.0,0.0,0.0,0.0,,,0.0,0.0,0.0,0.0,0.0,0.0,0.5,0.0,0.0,0.0,0.0,0.3333333333333333,0.0,0.0,0.25,0.0,0.5,0.0,0.0,0.0,,0.0,0.3333333333333333,1.0,0.0,0.0,0.0,,,0.0,0.2,0.0,0.0,0.0,0.0,0.0,0.0,0.0,0.0,0.0,0.0,0.0,0.0,,,,0.0,,,1.0,0.0,0.0,1.0,,0.0
Staten Island,Staten Island,borough,0.0,0.0,0.0,0.0,,,,,0.0,0.0,0.0,0.0,0.0,0.0,0.0,,0.0,0.0,,0.0,0.0,0.0,0.0,,0.0,0.0,0.0,0.0,1.0,0.0,0.15384615384615385,0.8461538461538461,0.0,0.0,0.0,0.0,0.0,0.0,0.0,0.0,0.0,0.18181818181818182,0.1111111111111111,0.1111111111111111,0.0,0.023255813953488372,0.0196078431372549,0.047619047619047616,0.0,0.0,0.125,0.2222222222222222,0.06666666666666667,0.06666666666666667,0.0,0.08333333333333333,0.08333333333333333,0.06666666666666667,0.15384615384615385,0.125,0.06896551724137931,0.07142857142857142,0.07142857142857142,0.025,0.0,0.045454545454545456,0.125,0.11764705882352941,0.23076923076923078,0.09090909090909091,0.047619047619047616,0.15384615384615385,0.0,0.1,0.0,0.13333333333333333,0.2222222222222222,0.21052631578947367,0.25,0.045454545454545456,0.041666666666666664,0.20833333333333334,0.06060606060606061,0.0,0.11538461538461539,0.05555555555555555,0.10714285714285714,0.125,0.03125,0.12,0.038461538461538464,0.09090909090909091,0.0,0.05263157894736842,0.08695652173913043,0.0,0.09523809523809523,0.13636363636363635,0.13793103448275862,0.08333333333333333,0.034482758620689655,0.043478260869565216,0.04,0.10526315789473684,0.10526315789473684,0.08333333333333333,0.14285714285714285,0.06060606060606061,0.06896551724137931,0.17857142857142858,0.2,0.0,0.06666666666666667,0.25,0.1875,0.10526315789473684,0.125,0.15789473684210525,0.0,0.17647058823529413,0.15384615384615385,0.0,0.0,0.0,0.0,0.0,0.0,0.0,0.0,0.25,0.1111111111111111,0.0,0.18181818181818182,0.3333333333333333,0.16666666666666666,0.0625,0.07142857142857142,0.09523809523809523,0.19047619047619047,0.0,0.1,0.0,0.1111111111111111,0.23529411764705882,0.0625,0.05555555555555555,0.034482758620689655,0.20833333333333334,0.08695652173913043,0.05,0.09523809523809523,0.15789473684210525,0.08,0.13333333333333333,0.25,0.03333333333333333,0.06666666666666667,0.14285714285714285,0.02857142857142857,0.11538461538461539,0.045454545454545456,0.15151515151515152,0.037037037037037035,0.125,0.0,0.15,0.05,0.0,0.058823529411764705,0.0,0.3333333333333333,0.0,0.1,0.0,0.0,0.0,0.0,0.0,0.0,0.0,0.0,0.1,0.0,0.0,0.15384615384615385,0.08695652173913043,0.07407407407407407,0.04,0.14814814814814814,0.07142857142857142,0.058823529411764705,0.0,0.4,0.058823529411764705,0.1111111111111111,0.21052631578947367,0.0,0.058823529411764705,0.0625,0.05
Stuyvesant Town/PCV,Manhattan,neighborhood,0.0,0.0,0.25,0.0,0.0,0.0,0.0,0.0,0.0,0.0,0.0,0.0,0.14285714285714285,0.2222222222222222,0.0,0.0,0.0,0.0,0.0,0.0,0.0,0.0,0.0,0.0,0.25,0.25,0.0,0.2857142857142857,0.0,0.6666666666666666,0.0,0.0,0.13636363636363635,0.20754716981132076,0.22857142857142856,0.3333333333333333,0.0625,0.043478260869565216,0.0,0.0,0.0,0.0,0.0,0.0,0.0,0.0,0.0,0.08,0.0,0.0,0.028037383177570093,0.38328530259365995,0.5146198830409356,0.01951219512195122,0.13043478260869565,0.14285714285714285,0.17857142857142858,0.2608695652173913,0.5625,0.25,0.10526315789473684,0.45454545454545453,0.07692307692307693,0.17391304347826086,0.3815028901734104,0.3111111111111111,0.4214876033057851,0.3333333333333333,0.4857142857142857,0.5056179775280899,0.5405405405405406,0.5,0.3,0.14893617021276595,0.5151515151515151,0.4,0.45454545454545453,0.5,0.3709677419354839,0.4,0.6,0.7,0.34146341463414637,0.56,0.27450980392156865,0.509090909090909,0.46,0.40816326530612246,0.5714285714285714,0.2682926829268293,0.1791044776119403,0.375,0.3695652173913043,0.3333333333333333,0.5517241379310345,0.0,0.0967741935483871,0.2,0.2676056338028169,0.22580645161290322,0.5769230769230769,0.6153846153846154,0.125,0.6428571428571429,0.4444444444444444,0.9,0.7,0.13636363636363635,0.2,0.45454545454545453,0.4782608695652174,0.5428571428571428,0.5806451612903226,0.627906976744186,0.4857142857142857,0.41379310344827586,0.47619047619047616,0.5,0.36363636363636365,0.38461538461538464,0.5,0.18181818181818182,0.5454545454545454,0.42857142857142855,0.5,0.3333333333333333,0.47368421052631576,0.5263157894736842,0.8823529411764706,0.21739130434782608,0.4375,0.23076923076923078,0.0,0.38461538461538464,0.0,0.7,0.0,0.09523809523809523,0.32142857142857145,0.3103448275862069,0.05263157894736842,0.5714285714285714,0.6086956521739131,0.3793103448275862,0.2857142857142857,0.6190476190476191,0.34782608695652173,0.08108108108108109,0.3333333333333333,0.1076923076923077,0.1875,0.4444444444444444,0.4444444444444444,0.2857142857142857,0.4,0.5,0.4666666666666667,0.3,0.045454545454545456,0.0,0.23529411764705882,0.5714285714285714,0.35294117647058826,0.5,0.7,0.2777777777777778,0.5833333333333334,0.4,0.8125,0.7272727272727273,0.6,0.09090909090909091,0.0,0.5,0.6,0.4666666666666667,0.3,0.5714285714285714,0.3,0.3076923076923077,0.7333333333333333,0.07142857142857142,0.08333333333333333,0.2727272727272727,0.13333333333333333,0.23076923076923078,0.5,0.26666666666666666,0.2857142857142857,0.5,0.5384615384615384,0.4782608695652174,0.23529411764705882,0.16666666666666666,0.4117647058823529,0.75,0.0,0.625,0.0,0.0
Sunnyside,Queens,neighborhood,0.0,0.06666666666666667,0.075,0.05555555555555555,0.09090909090909091,0.027777777777777776,0.10810810810810811,0.03225806451612903,0.0,0.0,0.0,0.0,0.08,0.09523809523809523,0.05714285714285714,0.027777777777777776,0.0,0.0,0.030303030303030304,0.05405405405405406,0.14285714285714285,0.05263157894736842,0.0,0.06666666666666667,0.045454545454545456,0.0,0.0,0.0,0.0,0.125,0.06666666666666667,0.0,0.0,0.04,0.0,0.1875,0.1,0.03333333333333333,0.03225806451612903,0.02631578947368421,0.0,0.03225806451612903,0.15,0.06060606060606061,0.10714285714285714,0.06521739130434782,0.10416666666666667,0.11428571428571428,0.0425531914893617,0.06451612903225806,0.08955223880597014,0.0547945205479452,0.12727272727272726,0.08333333333333333,0.07368421052631578,0.11009174311926606,0.02727272727272727,0.057971014492753624,0.045454545454545456,0.06944444444444445,0.03529411764705882,0.06741573033707865,0.047619047619047616,0.09473684210526316,0.02727272727272727,0.045454545454545456,0.09734513274336283,0.06481481481481481,0.06451612903225806,0.04201680672268908,0.1650485436893204,0.13333333333333333,0.12380952380952381,0.12121212121212122,0.1349206349206349,0.109375,0.07751937984496124,0.0847457627118644,0.16071428571428573,0.12307692307692308,0.1171875,0.184,0.20261437908496732,0.20714285714285716,0.1638418079096045,0.12060301507537688,0.09615384615384616,0.12138728323699421,0.09826589595375723,0.09659090909090909,0.14285714285714285,0.1487603305785124,0.19008264462809918,0.12056737588652482,0.1440677966101695,0.16071428571428573,0.11891891891891893,0.1893939393939394,0.15827338129496402,0.16417910447761194,0.12857142857142856,0.11450381679389313,0.11805555555555555,0.10273972602739725,0.1557377049180328,0.20121951219512196,0.19594594594594594,0.1297709923664122,0.11475409836065574,0.12582781456953643,0.1619047619047619,0.10362694300518134,0.12994350282485875,0.09392265193370165,0.18666666666666668,0.18055555555555555,0.15966386554621848,0.1559633027522936,0.1651376146788991,0.17777777777777778,0.13580246913580246,0.12,0.06666666666666667,0.15151515151515152,0.2898550724637681,0.2204724409448819,0.1989795918367347,0.28193832599118945,0.29955947136563876,0.3333333333333333,0.2731707317073171,0.1888412017167382,0.23008849557522124,0.1336405529953917,0.27510917030567683,0.15873015873015872,0.10047846889952153,0.1326530612244898,0.13043478260869565,0.09615384615384616,0.07627118644067797,0.08695652173913043,0.10576923076923077,0.14150943396226415,0.10227272727272728,0.05813953488372093,0.05952380952380952,0.05555555555555555,0.0196078431372549,0.0,0.0,0.04477611940298507,0.015384615384615385,0.09090909090909091,0.13157894736842105,0.12962962962962962,0.11594202898550725,0.0821917808219178,0.12162162162162163,0.03773584905660377,0.10714285714285714,0.04,0.031746031746031744,0.16666666666666666,0.045454545454545456,0.09836065573770492,0.11290322580645161,0.10909090909090909,0.08641975308641975,0.1282051282051282,0.175,0.1016949152542373,0.06666666666666667,0.0967741935483871,0.12698412698412698,0.13157894736842105,0.12857142857142856,0.11494252873563218,0.13580246913580246,0.19696969696969696,0.15942028985507245,0.07142857142857142,0.11594202898550725,0.11392405063291139,0.13114754098360656,0.1111111111111111,0.047619047619047616,0.06557377049180328,0.12962962962962962,0.12048192771084337,0.10227272727272728,0.11594202898550725,0.04054054054054054,0.05063291139240506,0.045454545454545456,0.11594202898550725,0.14516129032258066,0.08928571428571429,0.09615384615384616,0.12244897959183673
Sunset Park,Brooklyn,neighborhood,0.16666666666666666,0.09090909090909091,0.0,0.09090909090909091,0.1111111111111111,0.14285714285714285,0.0,0.0,0.4,0.16666666666666666,0.0,0.0,0.08333333333333333,0.0,0.0,0.0,0.0,0.0,0.0,0.0,0.0,0.2,0.0,0.0,0.0,0.0,0.16666666666666666,0.0,0.0,0.16666666666666666,0.0,0.0,0.0,0.0,0.0,0.16666666666666666,0.0,0.0,0.0,0.1875,0.06666666666666667,0.21428571428571427,0.1875,0.0,0.0,0.0,0.0,0.12,0.03125,0.03571428571428571,0.030303030303030304,0.14814814814814814,0.03225806451612903,0.17391304347826086,0.08695652173913043,0.05263157894736842,0.14285714285714285,0.0,0.18181818181818182,0.25,0.18181818181818182,0.08,0.1,0.0,0.0,0.14285714285714285,0.17391304347826086,0.08333333333333333,0.041666666666666664,0.19230769230769232,0.03571428571428571,0.15789473684210525,0.17647058823529413,0.125,0.10526315789473684,0.14285714285714285,0.0,0.15,0.41379310344827586,0.05,0.09090909090909091,0.2916666666666667,0.041666666666666664,0.22727272727272727,0.12195121951219512,0.1282051282051282,0.13953488372093023,0.18181818181818182,0.17307692307692307,0.2037037037037037,0.041666666666666664,0.04,0.375,0.27586206896551724,0.20689655172413793,0.047619047619047616,0.22857142857142856,0.037037037037037035,0.1836734693877551,0.14285714285714285,0.11320754716981132,0.1320754716981132,0.08333333333333333,0.12280701754385964,0.2,0.14754098360655737,0.11475409836065574,0.10869565217391304,0.10526315789473684,0.16666666666666666,0.13953488372093023,0.058823529411764705,0.21153846153846154,0.2,0.125,0.0784313725490196,0.18032786885245902,0.09302325581395349,0.05,0.16129032258064516,0.15,0.2903225806451613,0.08823529411764706,0.13513513513513514,0.20588235294117646,0.15789473684210525,0.30434782608695654,0.22580645161290322,0.16923076923076924,0.06172839506172839,0.15584415584415584,0.16417910447761194,0.14925373134328357,0.11842105263157894,0.1917808219178082,0.08450704225352113,0.17307692307692307,0.10606060606060606,0.15517241379310345,0.10294117647058823,0.1,0.13333333333333333,0.046153846153846156,0.17391304347826086,0.07407407407407407,0.044444444444444446,0.1509433962264151,0.05405405405405406,0.09090909090909091,0.20588235294117646,0.10416666666666667,0.0967741935483871,0.12,0.1935483870967742,0.12903225806451613,0.12121212121212122,0.23076923076923078,0.15384615384615385,0.14285714285714285,0.07692307692307693,0.07692307692307693,0.2,0.11764705882352941,0.1702127659574468,0.18421052631578946,0.21875,0.14634146341463414,0.20833333333333334,0.06666666666666667,0.12,0.24242424242424243,0.14285714285714285,0.09090909090909091,0.13333333333333333,0.037037037037037035,0.175,0.17857142857142858,0.37037037037037035,0.21739130434782608,0.15789473684210525,0.20833333333333334,0.22727272727272727,0.038461538461538464,0.125,0.11428571428571428,0.08695652173913043,0.10714285714285714,0.125,0.3,0.16666666666666666,0.23809523809523808,0.06896551724137931,0.16666666666666666,0.1724137931034483,0.17142857142857143,0.0967741935483871,0.17857142857142858,0.05,0.0,0.0625
Throgs Neck,Bronx,neighborhood,,,,,,,,,,,,,,,,,,,,,,,,0.0,0.5,0.0,0.0,0.0,,,,,,,,,0.0,0.0,0.0,1.0,0.0,,,,,,,,,,,0.0,0.0,0.0,0.0,1.0,0.0,,,0.0,0.0,0.0,0.0,,0.0,0.0,0.0,0.0,0.0,0.5,0.0,0.0,0.0,0.0,0.0,,0.0,0.6,0.0,0.0,0.0,0.0,0.0,0.0,0.0,0.25,0.0,0.0,0.3333333333333333,0.0,0.0,0.0,0.0,0.0,0.25,0.0,1.0,0.0,0.0,0.0,0.0,0.0,0.0,0.0,0.0,0.0,0.0,0.3333333333333333,0.0,0.0,,0.0,0.0,0.0,0.0,0.0,0.25,0.4,0.2,0.0,0.0,0.0,0.0,0.0,,,0.0,0.0,0.0,0.0,0.0,0.3333333333333333,0.0,,0.0,,0.0,0.6666666666666666,0.0,0.0,0.0,0.16666666666666666,,0.0,0.0,0.0,0.0,0.0,0.0,0.0,0.0,0.0,0.0,0.0,0.0,0.25,0.0,0.0,0.25,0.0,0.6666666666666666,0.25,0.0,0.0,0.0,0.25,0.0,,0.25,0.0,0.0,0.0,0.0,0.25,0.0,0.0,0.0,0.0,0.25,0.0,0.0,0.3333333333333333,0.25,0.2,0.0,0.0,0.0,0.5,0.0,0.0,0.0,0.0,0.0,0.5,0.0,0.0,0.0,0.0,0.0,0.0
Tremont,Bronx,neighborhood,,,,,,,,,,,,,,,,,,,,,,,,,,,,,,,,,,0.0,0.0,0.5,0.0,0.0,0.5,0.0,0.0,0.0,0.0,0.5,0.0,0.0,1.0,1.0,0.0,0.0,0.0,0.5,0.0,0.0,0.0,0.0,0.16666666666666666,0.0,0.2,0.0,0.0,0.0,0.0,0.2222222222222222,0.3333333333333333,0.16666666666666666,0.07692307692307693,0.07692307692307693,0.06666666666666667,0.04,0.17647058823529413,0.0,0.2,0.1111111111111111,0.0,0.08333333333333333,0.08333333333333333,0.0,0.2,0.14285714285714285,0.0,0.0,0.125,0.0,0.09090909090909091,0.0,0.0,0.0,0.07692307692307693,0.0,0.0,0.5,0.2222222222222222,0.5,0.16666666666666666,0.0,0.0,0.0,0.0,0.0,0.0,0.0,0.0,0.07142857142857142,0.1111111111111111,0.42857142857142855,0.2222222222222222,0.25,0.125,0.1111111111111111,0.1111111111111111,0.0,0.125,0.16666666666666666,0.0,0.13333333333333333,0.35294117647058826,0.1875,0.21428571428571427,0.25,0.0,0.0,0.5,0.0,0.0,0.16666666666666666,0.0,0.16666666666666666,0.09090909090909091,0.25,0.09090909090909091,0.3,0.05714285714285714,0.041666666666666664,0.0,0.18181818181818182,0.0,0.08333333333333333,0.07692307692307693,0.2727272727272727,0.0,0.06666666666666667,0.2222222222222222,0.1111111111111111,0.2,0.0,0.36363636363636365,0.0,0.0,0.05,0.0,0.04,0.0,0.0,0.06451612903225806,0.05263157894736842,0.0,0.09090909090909091,0.0,0.125,0.0,0.0,0.0,0.0,0.0,0.06666666666666667,0.0,0.0,0.0,0.0,0.0,0.0,0.25,0.14285714285714285,0.0,0.0,0.1,0.0,0.0,0.0,0.125,0.0,0.0,0.0,0.07692307692307693,0.0,0.0,0.0,0.0,0.0,0.1,0.0,0.0,0.0,0.0,0.0,0.0,0.0,0.2857142857142857,0.0
Tribeca,Manhattan,neighborhood,0.10416666666666667,0.047619047619047616,0.16981132075471697,0.043478260869565216,0.08695652173913043,0.13114754098360656,0.12307692307692308,0.14864864864864866,0.14925373134328357,0.12962962962962962,0.10869565217391304,0.14285714285714285,0.1509433962264151,0.09803921568627451,0.11904761904761904,0.058823529411764705,0.13559322033898305,0.14925373134328357,0.1694915254237288,0.08333333333333333,0.11666666666666667,0.10294117647058823,0.18333333333333332,0.1346153846153846,0.16417910447761194,0.13432835820895522,0.18421052631578946,0.07407407407407407,0.0641025641025641,0.05333333333333334,0.04838709677419355,0.057971014492753624,0.15942028985507245,0.12162162162162163,0.17857142857142858,0.05263157894736842,0.05357142857142857,0.125,0.11842105263157894,0.0975609756097561,0.14130434782608695,0.09195402298850575,0.09195402298850575,0.13253012048192772,0.09523809523809523,0.1553398058252427,0.1744186046511628,0.13095238095238096,0.13043478260869565,0.09174311926605505,0.10071942446043165,0.08527131782945736,0.1320754716981132,0.050505050505050504,0.09183673469387756,0.07954545454545454,0.09473684210526316,0.10526315789473684,0.10843373493975904,0.15,0.24096385542168675,0.11475409836065574,0.11594202898550725,0.1125,0.1744186046511628,0.16455696202531644,0.20618556701030927,0.1926605504587156,0.23529411764705882,0.32222222222222224,0.1518987341772152,0.13513513513513514,0.1267605633802817,0.1917808219178082,0.18947368421052632,0.18181818181818182,0.15463917525773196,0.24242424242424243,0.27472527472527475,0.2765957446808511,0.21875,0.38461538461538464,0.25263157894736843,0.1566265060240964,0.2268041237113402,0.13445378151260504,0.1588785046728972,0.22105263157894736,0.11290322580645161,0.19130434782608696,0.17708333333333334,0.10743801652892562,0.2558139534883721,0.3178294573643411,0.3140495867768595,0.1875,0.16666666666666666,0.22580645161290322,0.10112359550561797,0.18181818181818182,0.19827586206896552,0.17582417582417584,0.15476190476190477,0.1686746987951807,0.16049382716049382,0.2625,0.25675675675675674,0.2153846153846154,0.25,0.14814814814814814,0.2111111111111111,0.2222222222222222,0.16393442622950818,0.2125984251968504,0.18888888888888888,0.20952380952380953,0.15492957746478872,0.22727272727272727,0.17073170731707318,0.17721518987341772,0.18269230769230768,0.15053763440860216,0.3048780487804878,0.2647058823529412,0.20952380952380953,0.25384615384615383,0.2558139534883721,0.25,0.22631578947368422,0.2658959537572254,0.19642857142857142,0.14285714285714285,0.13095238095238096,0.15151515151515152,0.1566265060240964,0.06299212598425197,0.0,0.023529411764705882,0.08450704225352113,0.057692307692307696,0.0,0.05128205128205128,0.12,0.13333333333333333,0.175,0.06,0.1,0.14285714285714285,0.13559322033898305,0.0625,0.2777777777777778,0.18181818181818182,0.30158730158730157,0.25,0.2777777777777778,0.35185185185185186,0.2878787878787879,0.1774193548387097,0.2638888888888889,0.11267605633802817,0.16091954022988506,0.21176470588235294,0.2911392405063291,0.2537313432835821,0.36363636363636365,0.3230769230769231,0.24615384615384617,0.23728813559322035,0.22058823529411764,0.2857142857142857,0.16216216216216217,0.13559322033898305,0.21428571428571427,0.06666666666666667,0.3,0.1836734693877551,0.29545454545454547,0.1956521739130435,0.3125,0.2222222222222222,0.32786885245901637,0.4339622641509434,0.1935483870967742,0.08196721311475409,0.16666666666666666,0.07547169811320754,0.3125,0.30158730158730157,0.2542372881355932,0.2777777777777778,0.3333333333333333,0.19047619047619047,0.4,0.32857142857142857,0.31746031746031744,0.265625,0.29310344827586204,0.2222222222222222,0.2676056338028169,0.22727272727272727
University Heights,Bronx,neighborhood,0.0,0.0,0.0,0.0,0.0,0.0,0.0,,,,,0.0,,,,,0.0,0.0,0.0,0.4,0.0,0.2222222222222222,0.25,0.0,0.0,0.0,0.125,0.2222222222222222,0.0,0.0,0.0,0.0,0.2,0.125,0.1111111111111111,0.0,0.125,0.375,0.09090909090909091,0.3,0.3,0.23076923076923078,0.3333333333333333,0.0,0.1111111111111111,0.1111111111111111,0.2727272727272727,0.42857142857142855,0.5,0.2222222222222222,0.25,0.0,0.0,0.0,0.0,0.0,0.0,0.0,0.08333333333333333,0.0,0.0,0.0,0.0,0.07142857142857142,0.0,0.07142857142857142,0.0,0.0,0.0,0.0,0.0,0.0,0.0,0.0,0.0,0.17647058823529413,0.11764705882352941,0.0625,0.07142857142857142,0.2,0.2222222222222222,0.0,0.07692307692307693,0.07142857142857142,0.2727272727272727,0.0,0.0,0.1111111111111111,0.18181818181818182,0.06666666666666667,0.0,0.0,0.25,0.05263157894736842,0.1,0.0,0.14285714285714285,0.15384615384615385,0.07692307692307693,0.1875,0.0,0.0,0.0,0.0,0.14285714285714285,0.26666666666666666,0.13043478260869565,0.05555555555555555,0.15789473684210525,0.0,0.0,0.0,0.0,0.2857142857142857,0.05,0.05555555555555555,0.15384615384615385,0.06666666666666667,0.19047619047619047,0.21052631578947367,0.0,0.0,0.0,0.0,0.058823529411764705,0.0,0.0,0.09523809523809523,0.11764705882352941,0.15384615384615385,0.0,0.0,0.11764705882352941,0.07142857142857142,0.0,0.05263157894736842,0.0,0.0,0.09090909090909091,0.0,0.06666666666666667,0.15384615384615385,0.09523809523809523,0.0625,0.0,0.0,0.0,0.058823529411764705,0.06666666666666667,0.125,0.05263157894736842,0.0,0.05263157894736842,0.058823529411764705,0.07692307692307693,0.0,0.13636363636363635,0.2,0.058823529411764705,0.125,0.06666666666666667,0.0,0.2727272727272727,0.1875,0.0625,0.125,0.0,0.13333333333333333,0.05263157894736842,0.23076923076923078,0.0,0.08333333333333333,0.0,0.1,0.2727272727272727,0.2,0.06666666666666667,0.058823529411764705,0.1,0.0,0.0,0.13333333333333333,0.0,0.0,0.0,0.06666666666666667,0.0,0.1,0.0,0.0,0.09090909090909091,0.1,0.0,0.0,0.0,0.0,0.0,0.0,0.0,0.125
Upper East Side,Manhattan,neighborhood,0.1470311027332705,0.14137033824804857,0.13466550825369245,0.12606635071090047,0.12452471482889733,0.11410601976639713,0.11657559198542805,0.08941605839416059,0.139186295503212,0.13827655310621242,0.14974358974358976,0.11174242424242424,0.10136986301369863,0.091796875,0.0979381443298969,0.10717614165890028,0.1237721021611002,0.12154150197628459,0.12561819980217606,0.12771996215704826,0.11991199119911991,0.1492204899777283,0.13964497041420118,0.12849872773536897,0.18743228602383533,0.1751592356687898,0.16412213740458015,0.15041782729805014,0.13368983957219252,0.13043478260869565,0.1611459265890779,0.15695488721804512,0.1625668449197861,0.17075773745997866,0.16025641025641027,0.14186851211072665,0.14807302231237324,0.12784398699891658,0.1492094861660079,0.1500449236298293,0.12233169129720854,0.13902439024390245,0.15062111801242237,0.12490650710545999,0.1713796058269066,0.21294851794071762,0.2084717607973422,0.19004524886877827,0.16540722082283796,0.1751004016064257,0.16706067769897556,0.14285714285714285,0.12669683257918551,0.14856711915535445,0.16876750700280113,0.1800878477306003,0.18382913806254766,0.18894389438943895,0.19637750238322213,0.162109375,0.14991023339317774,0.12769953051643193,0.12325390304026294,0.12480127186009539,0.10768072289156627,0.12244897959183673,0.14461315979754158,0.1455505279034691,0.15515840779853776,0.208398133748056,0.1828761429758936,0.17990867579908676,0.16051502145922747,0.15100671140939598,0.15502686108979277,0.17593297791317594,0.15136986301369862,0.15205047318611986,0.2231974921630094,0.23720349563046192,0.25102599179206564,0.22619899785254116,0.22172619047619047,0.17419354838709677,0.1898355754857997,0.1519185591229444,0.17617328519855596,0.16043956043956045,0.17179144385026737,0.1988454137267479,0.20527670527670527,0.2236350037397158,0.24525316455696203,0.26993865030674846,0.26457789382071367,0.2100098135426889,0.21654929577464788,0.18352730528200537,0.1800670016750419,0.16131558339859045,0.1570796460176991,0.15021770682148042,0.17722473604826547,0.2176560121765601,0.18512256973795435,0.24394319131161235,0.22781335773101555,0.18834547346514047,0.1490566037735849,0.13667649950835792,0.16666666666666666,0.12560386473429952,0.14112903225806453,0.14749780509218613,0.15416323165704865,0.1835334476843911,0.1994191674733785,0.23235613463626492,0.2064439140811456,0.16666666666666666,0.12930011862396204,0.13468869123252858,0.15855354659248957,0.1711864406779661,0.23429710867397807,0.26732673267326734,0.35541535226077814,0.40392514833409404,0.2965271593944791,0.2720682302771855,0.27015945330296126,0.24249877029021152,0.1693702290076336,0.14093264248704662,0.161582459485224,0.13427561837455831,0.11781127861529872,0.14762165117550574,0.1087866108786611,0.13095238095238096,0.12,0.1423570595099183,0.14411764705882352,0.11192660550458716,0.09821428571428571,0.1559633027522936,0.14696485623003194,0.13716814159292035,0.1446111869031378,0.14380530973451328,0.18594594594594593,0.205761316872428,0.24130190796857465,0.2830409356725146,0.2508833922261484,0.19482288828337874,0.1919191919191919,0.14351851851851852,0.14899328859060404,0.14769975786924938,0.13606911447084233,0.16241062308478038,0.19769673704414586,0.18542435424354242,0.2253968253968254,0.2721311475409836,0.2621468926553672,0.21177944862155387,0.19784172661870503,0.14157014157014158,0.13419354838709677,0.15393939393939393,0.12314709236031927,0.1438278595696489,0.20642648490749757,0.2525354969574036,0.2165745856353591,0.24502487562189054,0.1819571865443425,0.2,0.13537117903930132,0.11295681063122924,0.11993769470404984,0.12229299363057325,0.14071510957324107,0.14004914004914004,0.23529411764705882,0.2182254196642686,0.22025316455696203,0.2457516339869281,0.22358346094946402,0.15280135823429541,0.1828665568369028,0.1390284757118928,0.13559322033898305,0.11924119241192412,0.1138328530259366,0.1608108108108108,0.18007662835249041,0.1675603217158177
Upper West Side,Manhattan,neighborhood,0.12348401323042998,0.14528101802757157,0.13110047846889952,0.12599822537710736,0.17737556561085974,0.11436170212765957,0.08682634730538923,0.13093858632676708,0.1117092866756393,0.14760638297872342,0.1325136612021858,0.11852861035422343,0.12567567567567567,0.11549295774647887,0.12237330037082818,0.09625,0.12600229095074456,0.0907103825136612,0.11368653421633554,0.12364425162689804,0.1173054587688734,0.14421052631578948,0.17894736842105263,0.15064562410329985,0.17585301837270342,0.1895734597156398,0.15658747300215983,0.16269430051813472,0.13513513513513514,0.1268939393939394,0.14878542510121456,0.13534566699123662,0.17614269788182832,0.17111650485436894,0.16685584562996594,0.11678832116788321,0.13914027149321267,0.11778290993071594,0.15415821501014199,0.14597156398104266,0.11984659635666348,0.14770459081836326,0.17504835589941972,0.16398390342052313,0.14847590953785644,0.23099703849950642,0.222684703433923,0.25407478427612656,0.25170731707317073,0.2041553748870822,0.20698689956331878,0.19687771032090198,0.15907274180655476,0.18114328136599853,0.2156448202959831,0.19195046439628483,0.23688663282571912,0.23001776198934282,0.22571148184494602,0.2222222222222222,0.21828358208955223,0.16732673267326734,0.19197952218430034,0.18313253012048192,0.19062027231467474,0.19430604982206406,0.1841556636553162,0.2015686274509804,0.23084025854108955,0.27004608294930876,0.3,0.245136186770428,0.24597918637653737,0.2250233426704015,0.19820627802690582,0.20164233576642335,0.2209767814251401,0.22503725782414308,0.23761665470208185,0.2898653437278526,0.27704280155642025,0.2953846153846154,0.3018867924528302,0.19035314384151594,0.2617671345995045,0.24534686971235195,0.2220508866615266,0.22953328232593725,0.24521857923497267,0.2736773350751143,0.2560646900269542,0.27419354838709675,0.3261802575107296,0.33079526226734346,0.33217088055797733,0.29244357212953875,0.30017152658662094,0.26964285714285713,0.26324642556770395,0.2090032154340836,0.22455322455322455,0.22999222999222999,0.2515576323987539,0.26090468497576735,0.25660377358490566,0.2726406101048618,0.2802547770700637,0.2820823244552058,0.2668845315904139,0.2268041237113402,0.22149122807017543,0.20606694560669456,0.2169898430286242,0.26160714285714287,0.2243861134631668,0.2395543175487465,0.24663677130044842,0.28975265017667845,0.3119383825417201,0.275,0.27044025157232704,0.22493224932249323,0.2552891396332863,0.2953890489913545,0.3327188940092166,0.340398201669878,0.38209817131857554,0.41121076233183856,0.36351763169351325,0.35119047619047616,0.3236124176857949,0.23218862121988723,0.20423991726990692,0.21436285097192226,0.18246575342465754,0.1798219584569733,0.1785243741765481,0.16452074391988555,0.1356907894736842,0.15690376569037656,0.15074024226110364,0.19064124783362218,0.2049808429118774,0.2514851485148515,0.26860254083484575,0.26956521739130435,0.27889060092449924,0.24031007751937986,0.16857142857142857,0.1855541718555417,0.16767922235722965,0.22632226322263221,0.2733333333333333,0.37209302325581395,0.3362962962962963,0.30625,0.2991202346041056,0.23738872403560832,0.23687752355316286,0.1855388813096862,0.19003476245654694,0.24838012958963282,0.24579124579124578,0.31686358754027927,0.26765799256505574,0.34595300261096606,0.34934497816593885,0.24251968503937008,0.26231884057971017,0.2398843930635838,0.19530102790014683,0.15089163237311384,0.21226415094339623,0.2017738359201774,0.21397849462365592,0.2712066905615293,0.2810368349249659,0.3357664233576642,0.22982456140350876,0.23819301848049282,0.22761194029850745,0.20994475138121546,0.20625,0.18459302325581395,0.196524064171123,0.20736196319018405,0.24122310305775765,0.26144578313253014,0.31232876712328766,0.2940251572327044,0.26455026455026454,0.2408906882591093,0.21256931608133087,0.22242990654205608,0.2082670906200318,0.21285714285714286,0.16165951359084407,0.19253910950661854,0.20286396181384247,0.2416452442159383
Utopia,Queens,neighborhood,,,,,0.0,0.0,,,,,,,,,,,,0.0,,,,,,,,,,,,,,,,,,,,,,,,,,,,,,,,,,,,,,,,,,,,,,,,,,,,,,,,0.0,0.0,0.0,1.0,1.0,0.0,,,,,,,,,,,,,,,,,,,,,,,,,,,,,,,,,,,,,,,,,,,,,,,,,,,,,,,,,,,,,,,,,,,,,,,,,,,,,,,,,,,,,,,,0.0,0.0,,,,,,,,,,,,,,,,,,,,,,,,,,,,,0.0,0.0,,0.0
Van Nest,Bronx,neighborhood,,,,,,,,,,,,,,,,,,,,0.0,0.0,1.0,0.0,0.0,0.0,,,,,,,,,,,,,,,,,,,,,,,,,,,,,,,0.0,0.0,0.0,1.0,0.0,0.0,0.0,0.0,0.0,0.0,0.0,0.0,0.0,0.0,0.0,0.0,0.0,0.0,0.0,0.0,0.0,0.0,0.25,0.0,0.0,0.0,0.0,0.0,0.0,0.0,,0.0,0.0,0.0,0.0,,,,,0.0,0.0,0.0,0.0,0.0,0.0,0.0,0.0,0.0,0.0,0.0,0.0,0.2222222222222222,0.16666666666666666,0.0,0.0,0.0,,0.0,,0.0,0.0,0.0,,,0.0,,,,,,0.0,,,,0.0,0.0,0.0,0.0,0.0,0.0,0.0,0.0,0.0,,,0.0,0.0,0.0,,0.0,0.0,,,0.0,,1.0,0.0,0.0,0.0,1.0,1.0,,,,0.0,0.0,0.0,0.0,0.0,0.0,0.0,0.0,0.0,0.0,0.0,0.0,0.0,,0.0,0.0,,,,,,,,0.0,1.0,0.0,0.0,0.0,0.0,0.0,0.0,0.0,0.0,0.0,0.0,0.0,,,,,0.0
Wakefield,Bronx,neighborhood,,,,,,,,,,,,,,,0.0,0.0,0.0,1.0,0.0,0.0,0.0,0.0,0.5,0.0,0.0,0.0,0.0,0.0,1.0,0.0,0.0,0.0,0.0,0.0,0.0,0.0,0.0,0.0,0.0,0.0,,0.0,0.0,,,0.0,0.0,0.0,0.0,0.0,0.0,0.0,0.0,0.0,0.0,0.0,0.3,0.0,0.0,0.0,0.0,0.0,0.0,0.058823529411764705,0.0,0.03333333333333333,0.034482758620689655,0.0,0.0,0.0,0.0,0.18181818181818182,0.0,0.07692307692307693,0.0,0.0,0.0,0.0,0.0,0.0,0.0,0.05263157894736842,0.05263157894736842,0.0,0.0,0.0,0.0,0.125,0.1,0.2857142857142857,0.0,0.0,0.0,0.0,0.0,0.0,0.0,0.0,0.0,0.0,0.0,0.16666666666666666,0.0,0.0,0.2,0.2,0.2,0.2857142857142857,0.0,0.4,0.0,0.0,0.0,0.0,0.25,0.25,0.5,,,0.0,0.0,0.3333333333333333,0.0,0.0,0.0,,,,0.0,0.5,0.25,0.0,0.5,0.0,0.0,0.0,0.0,0.0,0.0,0.2,0.0,0.25,0.5,0.0,0.0,0.0,0.0,0.5,0.0,,0.0,0.0,0.0,0.0,0.0,0.0,0.0,0.2857142857142857,0.14285714285714285,0.0,0.2,0.0,0.0,0.0,0.0,0.0,0.0,0.0,0.0,0.5,,0.0,,0.0,0.3333333333333333,0.25,0.0,,0.0,0.0,0.25,0.0,0.3333333333333333,0.0,0.2,0.16666666666666666,0.16666666666666666,0.0,0.25,0.0,0.0,0.0,0.0,0.0,0.25,0.0,0.0,0.0,0.0,0.0
Washington Heights,Manhattan,neighborhood,0.11290322580645161,0.11594202898550725,0.04838709677419355,0.018867924528301886,0.02631578947368421,0.075,0.0,0.041666666666666664,0.05,0.038461538461538464,0.05405405405405406,0.058823529411764705,0.09523809523809523,0.06666666666666667,0.1282051282051282,0.12195121951219512,0.08196721311475409,0.09523809523809523,0.09090909090909091,0.09615384615384616,0.0425531914893617,0.10204081632653061,0.13953488372093023,0.047619047619047616,0.0379746835443038,0.07142857142857142,0.1,0.08571428571428572,0.0684931506849315,0.16,0.058823529411764705,0.0660377358490566,0.11363636363636363,0.12222222222222222,0.04081632653061224,0.10576923076923077,0.12844036697247707,0.11504424778761062,0.05172413793103448,0.09022556390977443,0.16551724137931034,0.12878787878787878,0.06153846153846154,0.08928571428571429,0.16666666666666666,0.192,0.10526315789473684,0.11475409836065574,0.11940298507462686,0.12030075187969924,0.14049586776859505,0.04918032786885246,0.1079136690647482,0.104,0.11801242236024845,0.09876543209876543,0.17032967032967034,0.10679611650485436,0.19387755102040816,0.1306532663316583,0.14136125654450263,0.09289617486338798,0.1,0.07614213197969544,0.08542713567839195,0.09183673469387756,0.04484304932735426,0.1111111111111111,0.15348837209302327,0.23788546255506607,0.1891891891891892,0.07027027027027027,0.12234042553191489,0.12921348314606743,0.12371134020618557,0.07142857142857142,0.09278350515463918,0.11934156378600823,0.13382899628252787,0.14982578397212543,0.12017167381974249,0.1278538812785388,0.09787234042553192,0.06976744186046512,0.13025210084033614,0.164,0.13191489361702127,0.13513513513513514,0.11986301369863013,0.08011869436201781,0.125,0.1853448275862069,0.13875598086124402,0.20465116279069767,0.18141592920353983,0.1658291457286432,0.14018691588785046,0.14285714285714285,0.18009478672985782,0.13675213675213677,0.13043478260869565,0.14345991561181434,0.14285714285714285,0.14634146341463414,0.145985401459854,0.16862745098039217,0.21008403361344538,0.0979381443298969,0.13973799126637554,0.16055045871559634,0.10683760683760683,0.1,0.06299212598425197,0.13924050632911392,0.13090909090909092,0.149812734082397,0.148,0.1774193548387097,0.1592920353982301,0.16759776536312848,0.15384615384615385,0.18243243243243243,0.03968253968253968,0.041237113402061855,0.11688311688311688,0.14563106796116504,0.1865671641791045,0.22149837133550487,0.2754491017964072,0.20760233918128654,0.17343173431734318,0.1291390728476821,0.15064102564102563,0.13861386138613863,0.09567901234567901,0.08737864077669903,0.13725490196078433,0.09451219512195122,0.11224489795918367,0.13125,0.10714285714285714,0.10661764705882353,0.07851239669421488,0.06914893617021277,0.035897435897435895,0.08108108108108109,0.08095238095238096,0.05325443786982249,0.07894736842105263,0.06432748538011696,0.04519774011299435,0.08571428571428572,0.11392405063291139,0.14285714285714285,0.17763157894736842,0.09022556390977443,0.058823529411764705,0.0967741935483871,0.13333333333333333,0.07874015748031496,0.06962025316455696,0.11046511627906977,0.16161616161616163,0.0967741935483871,0.14035087719298245,0.10714285714285714,0.11046511627906977,0.08391608391608392,0.13286713286713286,0.058333333333333334,0.078125,0.07476635514018691,0.08108108108108109,0.0903954802259887,0.09523809523809523,0.12980769230769232,0.1457286432160804,0.11864406779661017,0.14754098360655737,0.09248554913294797,0.06914893617021277,0.08670520231213873,0.0880503144654088,0.11678832116788321,0.0736196319018405,0.0880503144654088,0.07407407407407407,0.13253012048192772,0.15723270440251572,0.14666666666666667,0.087248322147651,0.07692307692307693,0.12121212121212122,0.08552631578947369,0.05925925925925926,0.05333333333333334,0.04,0.07547169811320754,0.08333333333333333,0.09859154929577464
West Harlem,Manhattan,neighborhood,0.0,,0.0,0.0,0.0,0.0,0.0,0.0,0.0,0.0,0.0,0.0,0.0,0.3333333333333333,0.0,0.0,0.0,0.0,0.0,0.0,,0.0,0.0,0.3333333333333333,0.0,0.0,0.0,0.0,0.0,0.0,0.0,0.5,0.25,0.0,0.0,0.16666666666666666,0.125,0.0,0.0,0.0,0.0,0.125,0.0,0.0,0.0,0.1111111111111111,0.1111111111111111,0.2,0.1111111111111111,0.3333333333333333,0.125,0.0,0.0,0.0,0.07142857142857142,0.0,0.16666666666666666,0.058823529411764705,0.058823529411764705,0.16666666666666666,0.09090909090909091,0.06666666666666667,0.2,0.047619047619047616,0.0,0.125,0.0625,0.125,0.07142857142857142,0.14285714285714285,0.125,0.3333333333333333,0.14285714285714285,0.2,0.06666666666666667,0.0,0.0,0.07692307692307693,0.125,0.2777777777777778,0.0,0.16666666666666666,0.2222222222222222,0.15384615384615385,0.1111111111111111,0.06666666666666667,0.21052631578947367,0.1,0.0,0.0,0.16666666666666666,0.1111111111111111,0.1,0.09090909090909091,0.2857142857142857,0.04,0.07692307692307693,0.0,0.0,0.0625,0.0,0.14285714285714285,0.038461538461538464,0.15384615384615385,0.125,0.24,0.11764705882352941,0.11764705882352941,0.038461538461538464,0.1111111111111111,0.1111111111111111,0.0,0.0,0.0,0.16129032258064516,0.07407407407407407,0.15789473684210525,0.2,0.2,0.0,0.08333333333333333,0.125,0.13333333333333333,0.0,0.1,0.06896551724137931,0.16216216216216217,0.18604651162790697,0.25925925925925924,0.21951219512195122,0.15625,0.07407407407407407,0.21052631578947367,0.21052631578947367,0.038461538461538464,0.0967741935483871,0.125,0.22857142857142856,0.05263157894736842,0.06896551724137931,0.09523809523809523,0.0,0.0625,0.17647058823529413,0.09090909090909091,0.0,0.2857142857142857,0.0,0.0,0.0,0.0,0.0625,0.2727272727272727,0.125,0.0,0.15,0.0,0.15384615384615385,0.18181818181818182,0.0,0.08333333333333333,0.11764705882352941,0.16129032258064516,0.3333333333333333,0.25925925925925924,0.2,0.2,0.0,0.2,0.0,0.15384615384615385,0.07142857142857142,0.13043478260869565,0.06666666666666667,0.04,0.18181818181818182,0.14285714285714285,0.14285714285714285,0.05263157894736842,0.05263157894736842,0.125,0.0,0.03571428571428571,0.0,0.11538461538461539,0.21428571428571427,0.06666666666666667,0.038461538461538464,0.08333333333333333,0.06666666666666667,0.1111111111111111,0.08695652173913043,0.0,0.16666666666666666,0.09090909090909091,0.0,0.04,0.07692307692307693,0.04,0.2857142857142857
West Village,Manhattan,neighborhood,0.09803921568627451,0.0815450643776824,0.10256410256410256,0.1152073732718894,0.09433962264150944,0.06666666666666667,0.05339805825242718,0.07471264367816093,0.12751677852348994,0.05426356589147287,0.1893939393939394,0.09285714285714286,0.13924050632911392,0.09467455621301775,0.1377245508982036,0.0718562874251497,0.10285714285714286,0.0851063829787234,0.12048192771084337,0.143646408839779,0.09770114942528736,0.11392405063291139,0.14,0.1513157894736842,0.12972972972972974,0.11979166666666667,0.12184873949579832,0.06808510638297872,0.08846153846153847,0.1388888888888889,0.12203389830508475,0.09803921568627451,0.15384615384615385,0.11255411255411256,0.13008130081300814,0.10945273631840796,0.12663755458515283,0.13565891472868216,0.14035087719298245,0.12258064516129032,0.14052287581699346,0.11513157894736842,0.12609970674486803,0.20382165605095542,0.15018315018315018,0.22382671480144403,0.20233463035019456,0.16740088105726872,0.13807531380753138,0.14522821576763487,0.16333333333333333,0.132890365448505,0.13218390804597702,0.14492753623188406,0.14501510574018128,0.17295597484276728,0.16071428571428573,0.23828125,0.18877551020408162,0.15263157894736842,0.1651376146788991,0.11836734693877551,0.12040133779264214,0.14052287581699346,0.10101010101010101,0.14551083591331268,0.15868263473053892,0.12654320987654322,0.1840277777777778,0.21993127147766323,0.21818181818181817,0.19591836734693877,0.19540229885057472,0.14925373134328357,0.15359477124183007,0.142433234421365,0.14792899408284024,0.17261904761904762,0.2111111111111111,0.25815217391304346,0.25,0.297029702970297,0.28052805280528054,0.24817518248175183,0.21428571428571427,0.21428571428571427,0.19142857142857142,0.17971014492753623,0.19402985074626866,0.20728291316526612,0.19788918205804748,0.294478527607362,0.27564102564102566,0.29537366548042704,0.2664233576642336,0.15789473684210525,0.21912350597609562,0.17391304347826086,0.14840989399293286,0.12759643916913946,0.10876132930513595,0.17207792207792208,0.1456953642384106,0.16181229773462782,0.12444444444444444,0.1875,0.23195876288659795,0.1896551724137931,0.24686192468619247,0.189873417721519,0.10236220472440945,0.09558823529411764,0.132,0.11836734693877551,0.11392405063291139,0.13333333333333333,0.18433179723502305,0.2222222222222222,0.21714285714285714,0.1348314606741573,0.20098039215686275,0.10476190476190476,0.14545454545454545,0.13855421686746988,0.24468085106382978,0.30597014925373134,0.4288354898336414,0.365,0.359375,0.2872531418312388,0.3029661016949153,0.17551963048498845,0.16037735849056603,0.14560439560439561,0.12389380530973451,0.10247349823321555,0.06060606060606061,0.05084745762711865,0.029850746268656716,0.028368794326241134,0.03260869565217391,0.1111111111111111,0.1323529411764706,0.041666666666666664,0.08333333333333333,0.0641025641025641,0.09174311926605505,0.0948905109489051,0.10759493670886076,0.2073170731707317,0.14285714285714285,0.17088607594936708,0.16279069767441862,0.23129251700680273,0.26153846153846155,0.26277372262773724,0.22929936305732485,0.16778523489932887,0.13529411764705881,0.13131313131313133,0.19289340101522842,0.1881720430107527,0.19724770642201836,0.30180180180180183,0.22162162162162163,0.2787878787878788,0.22435897435897437,0.2571428571428571,0.1870967741935484,0.12941176470588237,0.0935672514619883,0.11904761904761904,0.12953367875647667,0.20297029702970298,0.16872427983539096,0.182648401826484,0.1836734693877551,0.19879518072289157,0.19444444444444445,0.1885245901639344,0.14705882352941177,0.11510791366906475,0.12359550561797752,0.15104166666666666,0.15765765765765766,0.12871287128712872,0.23444976076555024,0.20918367346938777,0.24342105263157895,0.20238095238095238,0.26811594202898553,0.2230769230769231,0.15337423312883436,0.1834319526627219,0.09803921568627451,0.10550458715596331,0.10328638497652583,0.1457286432160804,0.1759656652360515,0.16470588235294117
Westchester Village,Bronx,neighborhood,,,,,,,,,,,,,,,,,,,,,,,,0.0,0.5,0.5,0.0,,,,,,,0.0,0.0,,,,,,,,0.0,0.0,,,,,,,0.0,,,,,,0.0,1.0,0.0,0.0,0.0,0.0,0.0,0.0,0.0,0.0,0.5,0.0,0.0,0.0,0.0,0.0,,,0.0,0.0,0.0,0.0,0.0,0.0,0.0,0.0,0.0,,0.0,0.0,0.0,0.0,0.0,0.0,0.0,0.0,0.0,,0.0,0.0,0.0,,,0.0,0.0,0.0,0.3333333333333333,0.0,,1.0,,,,,0.0,0.0,0.0,,0.0,0.0,0.0,0.0,,0.0,0.0,0.0,1.0,0.0,0.0,0.0,0.0,0.0,0.0,,0.0,0.0,,,,,,0.0,0.0,,,,,,,0.0,0.0,0.0,,0.0,0.0,,,,0.0,0.0,0.5,0.0,0.0,0.0,,0.0,0.0,,0.0,0.0,0.0,0.0,0.0,0.0,0.0,0.0,0.0,0.0,,0.0,1.0,0.0,0.3333333333333333,0.0,0.0,0.0,0.0,0.0,1.0,,,0.0,0.0,0.0,,,,0.0,0.0,0.0,,,,0.0
Whitestone,Queens,neighborhood,0.2,0.0,0.0,,,,,,,,,,,,,,,,,0.0,,,,0.0,0.0,0.0,0.0,0.6666666666666666,0.0,1.0,0.0,0.5,0.0,0.0,0.3333333333333333,0.0,,0.0,0.0,,,,,0.0,0.0,,0.0,0.0,0.0,0.0,0.0,0.0,,,,0.0,,,0.0,0.0,0.0,0.0,0.0,0.0,0.0,0.0,0.0,0.0,0.0,0.0,0.5,0.0,0.3333333333333333,0.25,0.25,0.0,0.3333333333333333,0.0,0.0,0.0,0.0,,,0.0,0.0,0.0,0.0,0.0,0.0,0.0,0.3333333333333333,0.0,0.0,0.25,,0.0,0.0,0.0,0.0,0.0,0.0,0.0,0.0,0.0,0.0,0.0,0.3333333333333333,0.0,0.0,0.0,0.3333333333333333,0.0,0.5,0.0,0.0,0.0,0.0,0.0,0.0,0.5,0.0,0.0,0.0,0.0,0.0,0.0,0.0,0.0,0.0,0.0,0.0,,,,,,,0.5,0.0,0.0,0.0,0.0,0.0,0.6666666666666666,0.0,0.2222222222222222,0.0,0.0,,0.0,0.0,0.0,0.0,1.0,0.3333333333333333,0.0,0.0,0.14285714285714285,0.0,0.0,0.0,0.25,0.0,0.0,1.0,0.0,0.0,0.0,0.0,0.5,0.0,0.0,0.0,0.3333333333333333,0.0,,,0.0,0.0,0.0,0.25,0.0,0.0,0.0,0.0,0.3333333333333333,,,0.0,0.0,0.0,,,,0.3333333333333333,0.0,0.0,0.5,0.16666666666666666,0.25
Williamsbridge,Bronx,neighborhood,,,,,,,,,,,,,,,1.0,1.0,1.0,,,,,,,,,,0.0,0.0,0.0,0.0,0.0,0.0,0.0,,,,,0.0,0.0,,,0.0,0.0,0.0,0.0,0.0,1.0,0.0,0.0,0.0,,,,0.0,0.0,0.0,0.0,0.0,0.0,0.0,0.0,0.25,0.0,0.0,0.0,0.16666666666666666,0.0,0.0,0.0,0.3333333333333333,0.0,0.0,0.0,0.0,0.0,0.3333333333333333,0.0,0.0,0.0,0.0,0.0,0.0,0.0,0.0,0.0,0.5,0.42857142857142855,0.0,0.0,0.0,0.0,,0.0,0.0,0.0,0.0,0.2,0.0,0.0,0.0,0.0,0.5,0.0,0.0,0.0,0.3333333333333333,0.0,0.3333333333333333,0.0,0.0,0.14285714285714285,0.14285714285714285,0.0,0.0,0.0,0.0,0.3333333333333333,0.3333333333333333,0.0,0.0,0.3333333333333333,0.0,0.0,0.0,0.0,0.0,0.0,0.2,0.0,,0.0,,0.0,0.5,0.0,0.0,0.0,0.0,0.25,0.0,0.0,0.0,0.0,0.5,0.18181818181818182,0.0,0.0,0.0,0.0,0.0,0.0,0.0,0.0,0.0,0.1111111111111111,0.0,0.0,0.0,0.0,0.0,0.4,0.0,0.2,0.0,0.2,0.0,,0.0,0.3333333333333333,0.16666666666666666,0.0,0.0,0.0,0.0,0.0,0.5,0.0,,0.3333333333333333,0.0,0.3333333333333333,0.0,0.0,0.0,0.0,0.0,0.3333333333333333,0.3333333333333333,0.4,0.0,0.0,0.0,0.0,0.0,0.0,0.0,0.0,0.0,0.5,0.0
Williamsburg,Brooklyn,neighborhood,0.1069182389937107,0.15126050420168066,0.07751937984496124,0.04424778761061947,0.10576923076923077,0.07894736842105263,0.09016393442622951,0.09649122807017543,0.12643678160919541,0.11904761904761904,0.12987012987012986,0.046511627906976744,0.07936507936507936,0.11494252873563218,0.14736842105263157,0.12941176470588237,0.09278350515463918,0.12612612612612611,0.07692307692307693,0.0743801652892562,0.0916030534351145,0.1111111111111111,0.109375,0.08968609865470852,0.12,0.1016949152542373,0.1375,0.06993006993006994,0.11764705882352941,0.1095890410958904,0.11320754716981132,0.14,0.13671875,0.24045801526717558,0.10648148148148148,0.043478260869565216,0.10052910052910052,0.11363636363636363,0.1402439024390244,0.109375,0.11602209944751381,0.07881773399014778,0.15087719298245614,0.14363143631436315,0.12894736842105264,0.15914489311163896,0.229064039408867,0.12673267326732673,0.07528957528957529,0.09862385321100918,0.08958837772397095,0.1464088397790055,0.08771929824561403,0.11722488038277512,0.15990990990990991,0.1493212669683258,0.167192429022082,0.1492063492063492,0.15766738660907129,0.1786407766990291,0.12758620689655173,0.06539074960127592,0.13728813559322034,0.0954861111111111,0.10546875,0.15356489945155394,0.1271186440677966,0.15384615384615385,0.13664596273291926,0.17270788912579957,0.16027088036117382,0.1475826972010178,0.14256198347107438,0.24130434782608695,0.2381852551984877,0.2361111111111111,0.17152658662092624,0.20458553791887124,0.17437722419928825,0.1989342806394316,0.18697829716193656,0.2722117202268431,0.2598870056497175,0.23376623376623376,0.25301204819277107,0.2247787610619469,0.19387755102040816,0.16319444444444445,0.21879815100154082,0.20708446866485014,0.20592592592592593,0.22,0.2637795275590551,0.2633587786259542,0.27157894736842103,0.1965065502183406,0.23148148148148148,0.2767857142857143,0.23754152823920266,0.19910179640718562,0.21896792189679218,0.2543859649122807,0.1872093023255814,0.21956295525494277,0.2391559202813599,0.2661555312157722,0.22137404580152673,0.21171770972037285,0.1367816091954023,0.1446629213483146,0.1282798833819242,0.1375,0.10404624277456648,0.10706638115631692,0.11538461538461539,0.10993657505285412,0.170316301703163,0.14953271028037382,0.12601626016260162,0.17716535433070865,0.1253731343283582,0.12275449101796407,0.1196319018404908,0.19736842105263158,0.21913043478260869,0.29440993788819875,0.291866028708134,0.2915966386554622,0.27413793103448275,0.28233305156382077,0.21932367149758455,0.20549338758901323,0.135706340378198,0.11989100817438691,0.11313868613138686,0.11254851228978008,0.09550561797752809,0.07279029462738301,0.09090909090909091,0.10025062656641603,0.07849829351535836,0.1056338028169014,0.08298755186721991,0.11764705882352941,0.044,0.13675213675213677,0.06501547987616099,0.051194539249146756,0.1076388888888889,0.16374269005847952,0.12354312354312354,0.1966824644549763,0.20971867007672634,0.19934640522875818,0.19407894736842105,0.15789473684210525,0.15755627009646303,0.1458966565349544,0.08527131782945736,0.09562841530054644,0.13615023474178403,0.19477434679334918,0.1683991683991684,0.17307692307692307,0.18561484918793503,0.2230971128608924,0.1919191919191919,0.14641744548286603,0.16666666666666666,0.13128491620111732,0.15730337078651685,0.11395348837209303,0.13756613756613756,0.1797153024911032,0.1933139534883721,0.13369713506139155,0.18284789644012944,0.15320910973084886,0.145933014354067,0.11294765840220386,0.12209302325581395,0.10256410256410256,0.12529550827423167,0.11848341232227488,0.10395010395010396,0.12648221343873517,0.15689655172413794,0.20621931260229132,0.1615798922800718,0.1836734693877551,0.2078239608801956,0.15521628498727735,0.14960629921259844,0.11142061281337047,0.1554192229038855,0.13559322033898305,0.20616570327552985,0.1570945945945946,0.1773308957952468,0.14177693761814744
Windsor Terrace,Brooklyn,neighborhood,0.4,0.0,0.0,0.125,0.125,0.14285714285714285,0.1111111111111111,0.2,0.125,0.0,0.05555555555555555,0.1,0.0,0.2222222222222222,0.1,0.14285714285714285,0.2,0.0,0.3333333333333333,0.14285714285714285,0.0,0.3333333333333333,0.0,0.0,0.2857142857142857,0.25,0.0,0.4,0.3333333333333333,0.0,0.06666666666666667,0.1875,0.0,0.07692307692307693,0.2,0.125,0.0,0.16666666666666666,0.0,0.0,0.3076923076923077,0.0625,0.16666666666666666,0.07142857142857142,0.25,0.14285714285714285,0.08333333333333333,0.0,0.043478260869565216,0.125,0.125,0.15384615384615385,0.05263157894736842,0.13636363636363635,0.13333333333333333,0.16666666666666666,0.08571428571428572,0.12903225806451613,0.10344827586206896,0.06451612903225806,0.08333333333333333,0.25925925925925924,0.08695652173913043,0.041666666666666664,0.05,0.18518518518518517,0.1388888888888889,0.14634146341463414,0.28205128205128205,0.08108108108108109,0.16216216216216217,0.17857142857142858,0.06666666666666667,0.02857142857142857,0.19444444444444445,0.16129032258064516,0.13157894736842105,0.20833333333333334,0.21052631578947367,0.16666666666666666,0.13636363636363635,0.2619047619047619,0.1111111111111111,0.23333333333333334,0.2222222222222222,0.14893617021276595,0.20689655172413793,0.24489795918367346,0.13157894736842105,0.09523809523809523,0.038461538461538464,0.3333333333333333,0.2564102564102564,0.3170731707317073,0.11764705882352941,0.14285714285714285,0.16666666666666666,0.16279069767441862,0.1875,0.1111111111111111,0.1111111111111111,0.23684210526315788,0.2857142857142857,0.24324324324324326,0.26666666666666666,0.14285714285714285,0.15384615384615385,0.17647058823529413,0.13043478260869565,0.16,0.038461538461538464,0.25,0.057692307692307696,0.14634146341463414,0.14754098360655737,0.14705882352941177,0.2916666666666667,0.2857142857142857,0.2,0.08695652173913043,0.10526315789473684,0.05,0.045454545454545456,0.22727272727272727,0.06896551724137931,0.21212121212121213,0.26666666666666666,0.36585365853658536,0.2,0.30434782608695654,0.36,0.14285714285714285,0.21428571428571427,0.10416666666666667,0.23404255319148937,0.06451612903225806,0.13793103448275862,0.15,0.16279069767441862,0.19444444444444445,0.05263157894736842,0.0,0.0,0.15384615384615385,0.08333333333333333,0.0,0.0,0.0,0.047619047619047616,0.13636363636363635,0.06666666666666667,0.21428571428571427,0.20833333333333334,0.2777777777777778,0.24,0.041666666666666664,0.041666666666666664,0.2222222222222222,0.2222222222222222,0.0,0.09523809523809523,0.19230769230769232,0.045454545454545456,0.25806451612903225,0.17391304347826086,0.19047619047619047,0.15789473684210525,0.15384615384615385,0.09523809523809523,0.10526315789473684,0.09090909090909091,0.23809523809523808,0.11764705882352941,0.10526315789473684,0.14754098360655737,0.32142857142857145,0.14634146341463414,0.04,0.03773584905660377,0.03125,0.11666666666666667,0.09803921568627451,0.0784313725490196,0.1111111111111111,0.09523809523809523,0.19230769230769232,0.38095238095238093,0.16666666666666666,0.1875,0.13043478260869565,0.15,0.23076923076923078,0.21052631578947367,0.2,0.15151515151515152,0.037037037037037035,0.0,0.08571428571428572,0.05714285714285714,0.0
Woodhaven,Queens,neighborhood,,,,,,,,,,,,,,,,,,,,,,0.0,0.0,,,,,,,,,,,,,,,,,,,,,0.0,,,,,,0.5,0.0,0.0,0.0,0.0,0.0,0.25,0.3333333333333333,0.0,0.0,0.0,0.0,0.0,0.1111111111111111,0.043478260869565216,0.0,0.0,0.0,0.0,0.0,0.0,0.0,0.0,0.14285714285714285,0.6666666666666666,0.0,0.0,0.0,0.25,0.0,0.0,0.0,0.0,0.0,0.0,0.0,0.3333333333333333,0.0,0.0,0.5,0.0,0.0,0.16666666666666666,0.0,0.0,1.0,0.0,0.25,0.25,0.0,0.2,0.18181818181818182,0.0,0.0,0.0,0.42857142857142855,0.5,0.2,0.0,0.0,0.2,0.0,0.0,0.0,0.07692307692307693,0.14285714285714285,0.1111111111111111,0.0,0.0,0.07692307692307693,0.15384615384615385,0.2,0.25,0.2857142857142857,0.0,0.1,0.23076923076923078,0.125,0.0,0.0,0.4,0.6,0.0,0.25,0.0,0.0,0.0,0.6666666666666666,0.2,0.3333333333333333,0.0,0.0,0.14285714285714285,0.0,0.0,0.0,0.0,0.0,0.0,0.4,0.0,0.0,0.0,0.0,0.09090909090909091,0.0,0.08333333333333333,0.0,0.058823529411764705,0.0,0.0,0.0,0.0,0.125,0.07142857142857142,0.2,0.0,0.2,0.0,0.1111111111111111,0.1111111111111111,0.0,0.0,0.2,0.0,0.14285714285714285,0.16666666666666666,0.0,0.25,0.16666666666666666,0.16666666666666666,0.125,0.125,0.3333333333333333,0.2,0.0,0.0,0.0,0.0,0.2,0.0,0.5,0.2,0.0,0.125,0.2857142857142857,0.0,0.0,0.2,0.2222222222222222,0.0
Woodlawn,Bronx,neighborhood,,,,,,,,,,,,,,,,,,,,,,,,,,,,,,,,,,,,,0.0,0.0,0.0,,,,,,,,,,,,,,,,,,,,,,,,,,,,,,,,0.0,0.0,1.0,0.0,0.0,0.0,0.0,,,0.0,0.0,0.0,0.0,0.0,,0.0,0.0,0.0,0.0,0.0,0.0,0.0,0.0,,,,,0.0,0.0,,0.0,0.0,,,0.0,0.0,0.0,0.0,0.0,0.0,0.0,0.1,0.0,0.0,0.3333333333333333,0.0,0.0,,0.0,0.0,0.0,0.0,0.5,0.0,0.0,1.0,0.0,0.25,0.0,0.0,0.0,0.0,,1.0,0.0,,,1.0,1.0,0.0,,0.0,0.0,0.0,0.0,0.0,0.0,0.0,0.0,0.0,0.0,,,,0.0,0.0,0.0,0.0,0.0,,1.0,,0.0,0.0,,,,1.0,0.0,0.0,,,,,,,0.0,0.0,1.0,1.0,,,,,,,0.0,0.0,,,,,,,,,,,,
Woodside,Queens,neighborhood,0.2,0.0,0.0,0.0,0.0,0.0,0.0,0.0,0.0,0.0,0.0,0.0,0.125,0.0,0.0,0.0,0.0,0.0,0.09090909090909091,0.0,0.0,0.0,0.0,0.0,0.0,0.0,0.2,0.0,0.0,0.0,0.0,0.14285714285714285,0.0,0.0,0.0,0.0,0.125,0.1111111111111111,0.07142857142857142,0.0,0.0,0.0,0.0,0.0,0.1111111111111111,0.0,0.10526315789473684,0.05263157894736842,0.05405405405405406,0.024390243902439025,0.0425531914893617,0.0,0.05,0.13333333333333333,0.06666666666666667,0.0,0.10526315789473684,0.15789473684210525,0.0,0.09523809523809523,0.08,0.04,0.037037037037037035,0.0,0.09523809523809523,0.10714285714285714,0.034482758620689655,0.11538461538461539,0.030303030303030304,0.0,0.06896551724137931,0.0,0.06666666666666667,0.2,0.18181818181818182,0.19230769230769232,0.13793103448275862,0.1111111111111111,0.3225806451612903,0.06896551724137931,0.21212121212121213,0.22857142857142856,0.18181818181818182,0.17857142857142858,0.07272727272727272,0.11320754716981132,0.15492957746478872,0.1375,0.07865168539325842,0.07692307692307693,0.1774193548387097,0.2,0.17777777777777778,0.18,0.18181818181818182,0.15384615384615385,0.109375,0.10294117647058823,0.15492957746478872,0.22580645161290322,0.05084745762711865,0.05172413793103448,0.05084745762711865,0.06779661016949153,0.024390243902439025,0.21621621621621623,0.09090909090909091,0.06818181818181818,0.07317073170731707,0.14893617021276595,0.06976744186046512,0.034482758620689655,0.12280701754385964,0.1509433962264151,0.075,0.07894736842105263,0.05128205128205128,0.18055555555555555,0.0851063829787234,0.11764705882352941,0.1276595744680851,0.1935483870967742,0.058823529411764705,0.08333333333333333,0.16216216216216217,0.11363636363636363,0.16129032258064516,0.17142857142857143,0.23076923076923078,0.11864406779661017,0.25,0.2127659574468085,0.1917808219178082,0.10344827586206896,0.08571428571428572,0.09782608695652174,0.1927710843373494,0.11904761904761904,0.09411764705882353,0.03571428571428571,0.0,0.11320754716981132,0.045454545454545456,0.09090909090909091,0.07894736842105263,0.0,0.125,0.1,0.0,0.09523809523809523,0.0,0.16129032258064516,0.024390243902439025,0.12121212121212122,0.11538461538461539,0.16,0.045454545454545456,0.06,0.06666666666666667,0.04081632653061224,0.03333333333333333,0.017241379310344827,0.03333333333333333,0.15294117647058825,0.08064516129032258,0.16666666666666666,0.12280701754385964,0.17307692307692307,0.1891891891891892,0.09803921568627451,0.15555555555555556,0.11904761904761904,0.13636363636363635,0.1,0.07575757575757576,0.0945945945945946,0.11594202898550725,0.06666666666666667,0.19696969696969696,0.11627906976744186,0.01694915254237288,0.05084745762711865,0.0847457627118644,0.03225806451612903,0.06666666666666667,0.04918032786885246,0.057692307692307696,0.1206896551724138,0.1746031746031746,0.1320754716981132,0.12962962962962962,0.08064516129032258,0.057692307692307696,0.09090909090909091,0.06557377049180328,0.05263157894736842,0.09090909090909091,0.0,0.08333333333333333,0.07142857142857142
Woodstock,Bronx,neighborhood,,,,,,,,,,,,,,,,,,,0.0,0.0,,,,,,,,,,,,0.0,0.0,,0.0,0.0,0.0,,,0.0,0.0,0.0,0.0,,,0.0,0.0,0.0,0.0,0.0,0.0,0.0,0.0,0.0,0.0,0.0,0.0,0.0,0.0,0.0,0.0,0.0,0.0,0.0,0.0,,0.0,0.3333333333333333,0.0,,0.0,0.0,0.0,0.0,,0.0,0.0,0.0,0.0,,,,0.0,0.0,0.0,0.0,0.0,,0.0,0.0,0.5,0.0,0.0,,0.0,,,,,0.0,0.0,0.0,0.0,0.0,,0.2,0.0,,,0.25,0.0,0.3333333333333333,0.0,0.0,0.0,0.0,0.4,0.0,,0.0,0.0,0.5,,,,,0.375,0.2,0.25,0.75,0.0,0.0,0.0,0.14285714285714285,0.125,0.0,0.0,1.0,0.0,0.0,0.0,0.0,0.0,0.0,0.0,0.0,0.3333333333333333,0.5,0.0,0.0,,1.0,0.0,0.0,0.0,0.0,0.2,0.0,0.08333333333333333,0.0,0.13333333333333333,0.09090909090909091,0.0,0.3333333333333333,0.0,0.0,0.0,0.0,0.0,0.0,0.0,0.0,0.0,0.0,0.14285714285714285,0.0,0.14285714285714285,0.0,,0.3333333333333333,0.2857142857142857,0.14285714285714285,0.0,0.0,0.0,0.5,0.5,0.0,0.5,,0.0,0.3333333333333333,0.0,0.0,0.0,0.0,0.0,0.0,0.0,0.0
