areaName,Borough,areaType,2010-01,2010-02,2010-03,2010-04,2010-05,2010-06,2010-07,2010-08,2010-09,2010-10,2010-11,2010-12,2011-01,2011-02,2011-03,2011-04,2011-05,2011-06,2011-07,2011-08,2011-09,2011-10,2011-11,2011-12,2012-01,2012-02,2012-03,2012-04,2012-05,2012-06,2012-07,2012-08,2012-09,2012-10,2012-11,2012-12,2013-01,2013-02,2013-03,2013-04,2013-05,2013-06,2013-07,2013-08,2013-09,2013-10,2013-11,2013-12,2014-01,2014-02,2014-03,2014-04,2014-05,2014-06,2014-07,2014-08,2014-09,2014-10,2014-11,2014-12,2015-01,2015-02,2015-03,2015-04,2015-05,2015-06,2015-07,2015-08,2015-09,2015-10,2015-11,2015-12,2016-01,2016-02,2016-03,2016-04,2016-05,2016-06,2016-07,2016-08,2016-09,2016-10,2016-11,2016-12,2017-01,2017-02,2017-03,2017-04,2017-05,2017-06,2017-07,2017-08,2017-09,2017-10,2017-11,2017-12,2018-01,2018-02,2018-03,2018-04,2018-05,2018-06,2018-07,2018-08,2018-09,2018-10,2018-11,2018-12,2019-01,2019-02,2019-03,2019-04,2019-05,2019-06,2019-07,2019-08,2019-09,2019-10,2019-11,2019-12,2020-01,2020-02,2020-03,2020-04,2020-05,2020-06,2020-07,2020-08,2020-09,2020-10,2020-11,2020-12,2021-01,2021-02,2021-03,2021-04,2021-05,2021-06,2021-07,2021-08,2021-09,2021-10,2021-11,2021-12,2022-01,2022-02,2022-03,2022-04,2022-05,2022-06,2022-07,2022-08,2022-09,2022-10,2022-11,2022-12,2023-01,2023-02,2023-03,2023-04,2023-05,2023-06,2023-07,2023-08,2023-09,2023-10,2023-11,2023-12,2024-01,2024-02,2024-03,2024-04,2024-05,2024-06,2024-07,2024-08,2024-09,2024-10,2024-11,2024-12,2025-01,2025-02,2025-03,2025-04,2025-05,2025-06,2025-07,2025-08,2025-09,2025-10,2025-11,2025-12,2026-01,2026-02,2026-03,2026-04,2026-05,2026-06,2026-07,2026-08
Astoria,Queens,neighborhood,1133.0,1500.0,1595.0,1400.0,1400.0,1306.0,1200.0,1200.0,1200.0,1250.0,1250.0,1200.0,1195.0,1195.0,1200.0,1200.0,1200.0,1200.0,1200.0,1250.0,1500.0,1150.0,1200.0,1373.0,1150.0,1145.0,1300.0,1400.0,1675.0,1400.0,1400.0,1500.0,1809.0,1700.0,1150.0,1650.0,1350.0,1550.0,1450.0,1550.0,1600.0,1650.0,1499.0,1600.0,1600.0,1550.0,1700.0,1650.0,1650.0,1700.0,1500.0,1625.0,1650.0,1600.0,1650.0,1650.0,1680.0,1695.0,1550.0,1500.0,1500.0,1550.0,1625.0,1650.0,1750.0,1850.0,1650.0,1975.0,1625.0,1550.0,2000.0,1950.0,1850.0,1690.0,1599.0,1600.0,1700.0,1749.0,1650.0,1750.0,1795.0,1775.0,1750.0,1750.0,1675.0,1800.0,1795.0,1725.0,1700.0,1675.0,1700.0,1700.0,1675.0,1650.0,1865.0,1700.0,1650.0,1750.0,1791.0,1750.0,1700.0,1700.0,1775.0,1750.0,1890.0,1750.0,1750.0,1650.0,1600.0,1675.0,1650.0,1650.0,1700.0,1700.0,1750.0,1750.0,1850.0,1750.0,1695.0,1750.0,1675.0,1650.0,1725.0,1700.0,1650.0,1700.0,1700.0,1650.0,1650.0,1600.0,1510.0,1550.0,1550.0,1575.0,1525.0,1550.0,1600.0,1600.0,1650.0,1700.0,1675.0,1700.0,1725.0,1800.0,1750.0,1675.0,1700.0,1845.0,1700.0,2000.0,1938.0,1850.0,1899.0,1975.0,1950.0,1950.0,1995.0,1866.0,1950.0,1900.0,2100.0,2100.0,2150.0,2100.0,2200.0,2100.0,2100.0,2200.0,2095.0,2295.0,2375.0,2450.0,2350.0,2400.0,2350.0,2299.0,2300.0,2200.0,2249.0,2400.0,2400.0,2495.0,2404.0,2450.0,2298.0,2200.0,2400.0,2395.0,2533.0,2545.0,2500.0,2450.0,2400.0,2500.0,2500.0,2552.0,2600.0,2599.0,2600.0,2932.0
Auburndale,Queens,neighborhood,,,,,,,,,,,,,,,,,,,,,,,,,,,,,950.0,950.0,,,,,,,,,,,,,,,,,,1150.0,1150.0,,1695.0,1295.0,1295.0,,,,1195.0,,,,,,,,,,,1200.0,1100.0,,,,1595.0,1395.0,1395.0,1395.0,1395.0,2000.0,1595.0,1595.0,1595.0,1595.0,,,,,,,1595.0,1650.0,1395.0,1395.0,1495.0,1300.0,1495.0,1295.0,,,1595.0,1595.0,1595.0,1595.0,,,1595.0,,,,,1795.0,1695.0,1695.0,1795.0,1795.0,1595.0,1595.0,1595.0,1695.0,1695.0,1695.0,1595.0,1595.0,1495.0,1595.0,1595.0,1250.0,1895.0,1795.0,1400.0,1695.0,1695.0,1740.0,1740.0,1914.0,1914.0,1974.0,,2154.0,2154.0,2154.0,2154.0,2154.0,2034.0,2034.0,,,2154.0,2154.0,2154.0,3300.0,,,,,,,,,1700.0,1650.0,1650.0,1600.0,,2274.0,2274.0,2274.0,,,2274.0,2274.0,,,,1800.0,1800.0,1695.0,1695.0,,,,,,,,,,,,,,,,,,,,2750.0,2600.0,1800.0,1950.0
Bath Beach,Brooklyn,neighborhood,1350.0,1350.0,1350.0,1350.0,,,,,,,,,,,,,,800.0,800.0,800.0,950.0,800.0,800.0,800.0,800.0,800.0,825.0,825.0,825.0,1025.0,1025.0,1025.0,825.0,825.0,825.0,845.0,845.0,845.0,845.0,845.0,845.0,845.0,845.0,,875.0,875.0,,,,1025.0,975.0,975.0,3200.0,3200.0,3200.0,,,,,,,,,6000.0,6000.0,1295.0,6000.0,6000.0,6000.0,1250.0,1250.0,1250.0,1195.0,,,,,,,1295.0,,1395.0,1345.0,1395.0,1345.0,1395.0,1495.0,1425.0,1425.0,1500.0,,,1100.0,1000.0,,1150.0,1100.0,1100.0,1100.0,1595.0,4000.0,,1445.0,1495.0,1545.0,1399.0,1399.0,1100.0,1450.0,1450.0,1100.0,2199.0,1595.0,,,1200.0,1200.0,1495.0,2300.0,2300.0,2300.0,2299.0,1795.0,,1300.0,,1475.0,2450.0,2450.0,4000.0,1700.0,1700.0,1500.0,1500.0,1600.0,1575.0,1795.0,2000.0,1465.0,1550.0,1495.0,1575.0,1495.0,1495.0,1495.0,1350.0,1595.0,1595.0,1250.0,1699.0,1550.0,1550.0,1600.0,1595.0,1600.0,1350.0,1600.0,2100.0,1700.0,1700.0,1600.0,1650.0,1600.0,1600.0,1595.0,1650.0,1595.0,1595.0,1750.0,1700.0,1675.0,1625.0,1700.0,1725.0,1700.0,1699.0,1675.0,1675.0,1675.0,1675.0,1675.0,1675.0,1700.0,1700.0,1700.0,1750.0,1750.0,1750.0,1750.0,1750.0,1700.0,1700.0,1700.0,1725.0,1750.0,1750.0,1795.0,1750.0,1750.0,1750.0
Battery Park City,Manhattan,neighborhood,2550.0,2500.0,2500.0,2500.0,2795.0,2795.0,2795.0,2470.0,2470.0,2650.0,2595.0,2400.0,2490.0,2300.0,2300.0,2500.0,2395.0,2500.0,2465.0,2500.0,2600.0,2500.0,2400.0,2695.0,2750.0,2750.0,2610.0,2750.0,2660.0,2660.0,2700.0,2500.0,2650.0,2500.0,2600.0,2695.0,2800.0,2700.0,2695.0,2750.0,2650.0,2700.0,2650.0,2700.0,2750.0,2700.0,2750.0,2700.0,2750.0,2750.0,2800.0,2900.0,3135.0,2850.0,2795.0,2775.0,2850.0,2900.0,2900.0,2600.0,2800.0,3100.0,3000.0,2935.0,2990.0,3000.0,2900.0,2925.0,3200.0,3000.0,2900.0,3250.0,3195.0,3150.0,3150.0,3100.0,3100.0,3200.0,3200.0,3100.0,3200.0,3150.0,3110.0,2959.0,3150.0,3100.0,2950.0,2995.0,3050.0,2995.0,3000.0,3050.0,3050.0,3000.0,2795.0,2695.0,2741.0,2850.0,3100.0,3100.0,3100.0,3080.0,3150.0,3350.0,3370.0,3250.0,3050.0,2953.0,3180.0,3115.0,3205.0,3170.0,3200.0,3300.0,3450.0,3395.0,3300.0,3300.0,3300.0,3240.0,3300.0,3323.0,3323.0,3275.0,3275.0,2862.0,2800.0,2743.0,2779.0,2775.0,2605.0,2680.0,2800.0,2801.0,2800.0,2956.0,3000.0,3095.0,3400.0,3300.0,3475.0,3455.0,3500.0,3565.0,3500.0,3500.0,3545.0,3675.0,3800.0,3750.0,3995.0,4000.0,3745.0,3545.0,3385.0,3540.0,3498.0,3630.0,3715.0,3570.0,3945.0,4135.0,4085.0,3815.0,3890.0,3815.0,3570.0,3590.0,3475.0,3540.0,3900.0,3950.0,4110.0,4205.0,4099.0,4095.0,3895.0,3895.0,3915.0,3751.0,3878.0,3995.0,3877.0,4000.0,4384.0,4400.0,4101.0,4250.0,4094.0,4270.0,4154.0,3800.0,3855.0,4147.0,4034.0,4000.0,4478.0,4524.0,4276.0,4363.0
Bay Ridge,Brooklyn,neighborhood,850.0,850.0,975.0,900.0,1150.0,1050.0,1000.0,985.0,985.0,1100.0,1100.0,980.0,980.0,1650.0,2000.0,2000.0,2000.0,2000.0,2000.0,2000.0,2650.0,1100.0,,,,,,3500.0,1150.0,1200.0,1200.0,1200.0,1200.0,1200.0,2700.0,3500.0,1200.0,1375.0,1325.0,1200.0,1150.0,1125.0,1100.0,1125.0,1300.0,1250.0,1250.0,1150.0,1200.0,1245.0,1200.0,1295.0,1300.0,1325.0,1395.0,1395.0,1400.0,1295.0,1325.0,1250.0,1250.0,1250.0,1200.0,1350.0,1395.0,1300.0,1300.0,1335.0,1325.0,1375.0,1350.0,1300.0,1400.0,1400.0,1350.0,1400.0,1400.0,1400.0,1400.0,1495.0,1495.0,1300.0,1300.0,1350.0,1350.0,1495.0,1400.0,1395.0,1485.0,1500.0,1485.0,1450.0,1495.0,1425.0,1450.0,1400.0,1550.0,1450.0,1400.0,1400.0,1500.0,1450.0,1450.0,1550.0,1590.0,1595.0,1475.0,1450.0,1550.0,1500.0,1500.0,1475.0,1475.0,1500.0,1595.0,1575.0,1550.0,1550.0,1500.0,1495.0,1460.0,1460.0,1525.0,1500.0,1575.0,1600.0,1600.0,1545.0,1550.0,1499.0,1450.0,1450.0,1400.0,1399.0,1375.0,1445.0,1425.0,1450.0,1450.0,1425.0,1475.0,1475.0,1450.0,1450.0,1475.0,1495.0,1500.0,1500.0,1525.0,1525.0,1525.0,1580.0,1550.0,1650.0,1550.0,1550.0,1600.0,1599.0,1595.0,1625.0,1650.0,1650.0,1725.0,1650.0,1665.0,1600.0,1650.0,1650.0,1620.0,1700.0,1650.0,1700.0,1695.0,1650.0,1700.0,1750.0,1750.0,1695.0,1675.0,1700.0,1750.0,1750.0,1825.0,1750.0,1750.0,1800.0,1850.0,1899.0,1900.0,1800.0,1750.0,1795.0,1995.0,1800.0,1800.0,1899.0,1750.0,1850.0,1850.0,1900.0
Baychester,Bronx,neighborhood,,,,,,,,,,,,,,,,,,,,,,,,,,,,,,,,,,,,,,,,,,,,,,,,,,,,,,,,,,,,,,,,,,,,,,,,,,,,,,,,,,,,,,,,,,,,,,,,,,,,,,,,,,,,,,,,,,,,,,,,,,,,,,,,,,,,,,,,,,,,,,,,,,,,,,,,,,1400.0,,,,,,,,,,,,,,,,,,,,,,,,,,,,,,,,,,,,,,,,,,,,,,
Bayside,Queens,neighborhood,1250.0,1250.0,1500.0,1500.0,1500.0,1500.0,,,,,,,,,,3950.0,3950.0,3650.0,3650.0,1600.0,1600.0,1600.0,1600.0,1600.0,1400.0,1400.0,1400.0,1600.0,1600.0,1500.0,1500.0,800.0,800.0,1400.0,1400.0,,,,,,,,800.0,800.0,,,1250.0,1250.0,1175.0,1175.0,1175.0,1250.0,1250.0,5500.0,4700.0,4200.0,1500.0,1500.0,1350.0,1350.0,1350.0,1150.0,,,,,,,,1500.0,,,,,1449.0,1700.0,1700.0,1700.0,1700.0,1650.0,1650.0,1500.0,1200.0,1775.0,1775.0,1495.0,1495.0,1475.0,1475.0,1500.0,1599.0,1700.0,,1375.0,1475.0,1450.0,1425.0,1900.0,1850.0,1850.0,1850.0,1550.0,1550.0,1600.0,1625.0,1675.0,1675.0,1750.0,1750.0,1400.0,1450.0,1435.0,1650.0,1650.0,1440.0,1625.0,1582.0,1425.0,1425.0,1425.0,1675.0,1480.0,1475.0,1525.0,1675.0,1675.0,1675.0,1650.0,1600.0,1475.0,1850.0,1475.0,1475.0,1475.0,1475.0,1475.0,1475.0,1500.0,1450.0,1500.0,1700.0,1500.0,2500.0,1550.0,1750.0,1750.0,1575.0,1575.0,1600.0,1900.0,1425.0,1700.0,1750.0,1750.0,1750.0,1750.0,1800.0,2000.0,2000.0,,1600.0,1695.0,1695.0,1695.0,,1695.0,1700.0,1700.0,1700.0,1650.0,2150.0,2150.0,1785.0,1800.0,1800.0,1875.0,1600.0,1750.0,1750.0,1850.0,1875.0,1950.0,1850.0,1800.0,1900.0,1950.0,2000.0,1995.0,1850.0,1695.0,1900.0,1850.0,1850.0,1895.0,1875.0,1950.0,2050.0,2050.0,2100.0,2100.0
Bedford Park,Bronx,neighborhood,,795.0,795.0,,,795.0,795.0,,,,,,,,,,825.0,,,,825.0,,,,,,,900.0,825.0,,800.0,875.0,875.0,850.0,850.0,850.0,850.0,,845.0,845.0,,,875.0,850.0,,,,,,,900.0,988.0,,925.0,1200.0,1250.0,1175.0,1200.0,1200.0,1150.0,1200.0,1200.0,1275.0,1250.0,1050.0,1100.0,1200.0,900.0,950.0,950.0,1150.0,1300.0,1300.0,1295.0,1275.0,1295.0,1295.0,1275.0,1325.0,1325.0,1325.0,1325.0,1250.0,1325.0,1325.0,1275.0,1375.0,1350.0,1350.0,1050.0,1295.0,1350.0,1375.0,1350.0,1350.0,,1275.0,1100.0,1300.0,1100.0,1275.0,1300.0,1250.0,1250.0,1300.0,1450.0,,,,1300.0,1300.0,1325.0,1325.0,1325.0,1550.0,1350.0,1350.0,1275.0,1302.0,1330.0,1330.0,,1178.0,,,1325.0,1325.0,1550.0,1450.0,1425.0,,1350.0,1350.0,1350.0,1350.0,1350.0,1350.0,1350.0,1350.0,1350.0,,1450.0,1450.0,1295.0,,,1500.0,1500.0,1525.0,1500.0,1495.0,1495.0,1530.0,1530.0,1550.0,1450.0,1450.0,1550.0,1495.0,1600.0,1600.0,1600.0,1595.0,1600.0,1550.0,1850.0,1895.0,1008.0,1400.0,1800.0,2584.0,1427.0,1425.0,1425.0,1450.0,,,1725.0,1450.0,1450.0,,,1600.0,1595.0,,1650.0,1595.0,,1550.0,1450.0,2600.0,1500.0,1825.0,1825.0,,1450.0,1775.0,1775.0,1750.0,1710.0
Bedford-Stuyvesant,Brooklyn,neighborhood,1100.0,1250.0,800.0,1100.0,1500.0,1500.0,1100.0,1050.0,1150.0,1600.0,1650.0,1675.0,1675.0,1500.0,1300.0,1500.0,1350.0,1400.0,1400.0,1450.0,1350.0,1500.0,1400.0,1500.0,1400.0,1200.0,1200.0,2000.0,1300.0,1200.0,1200.0,1145.0,1600.0,1475.0,1600.0,1750.0,1500.0,1500.0,1500.0,1500.0,1300.0,1400.0,1400.0,1450.0,1500.0,1400.0,1400.0,1400.0,1400.0,1450.0,1400.0,1400.0,1400.0,1575.0,1500.0,1500.0,1500.0,1625.0,1645.0,1500.0,1500.0,1600.0,1670.0,1670.0,1600.0,1700.0,1800.0,1600.0,1649.0,1600.0,1600.0,1650.0,1650.0,1700.0,1695.0,1695.0,1750.0,1850.0,1895.0,1895.0,1830.0,1850.0,1800.0,1700.0,1750.0,1700.0,1700.0,1700.0,1700.0,1800.0,1899.0,1900.0,1899.0,1950.0,1789.0,1650.0,1845.0,1925.0,1920.0,1795.0,1775.0,1700.0,1920.0,1950.0,1995.0,1995.0,2000.0,1999.0,1920.0,1800.0,1950.0,1925.0,1850.0,1799.0,1946.0,1929.0,1800.0,1925.0,1895.0,1850.0,1875.0,2100.0,1800.0,1775.0,1850.0,1900.0,1850.0,1800.0,1750.0,1708.0,1700.0,1749.0,1700.0,1700.0,1745.0,1745.0,1700.0,1800.0,1850.0,1985.0,1950.0,2000.0,2039.0,2100.0,1900.0,1950.0,1900.0,1995.0,2177.0,2300.0,2250.0,2727.0,2500.0,2400.0,2390.0,2400.0,2450.0,2600.0,2595.0,2500.0,2495.0,2400.0,2400.0,2500.0,2455.0,2395.0,2350.0,2450.0,2599.0,2395.0,2400.0,2500.0,2500.0,2475.0,2499.0,2500.0,2600.0,2499.0,2625.0,2600.0,2595.0,2495.0,2400.0,2499.0,2695.0,2693.0,2699.0,2700.0,2725.0,2725.0,2800.0,2599.0,2550.0,2699.0,2570.0,2550.0,2695.0,2750.0,2725.0,2700.0
Bellerose,Queens,neighborhood,1150.0,1150.0,1150.0,975.0,975.0,950.0,950.0,875.0,875.0,,,,,,,,,,,,,,,,,,,,,,,,,,,,,,,,,,,,,,,,,,,,,,,,,,,,,,,,,,,,,,,,,,,,,1325.0,1325.0,,,,,,,,,,,1375.0,1375.0,,1300.0,1300.0,1300.0,1300.0,1200.0,,,,,,,1350.0,,,,,,,,,,,,,1300.0,1300.0,,,,,,,,,1450.0,1450.0,,,,,,,1300.0,,,,,,,,1350.0,,,,,,1500.0,1400.0,,,,1350.0,1350.0,1350.0,1200.0,,,,,,,,,,,,,,,,,,,,,1600.0,1600.0,,,,,,,2100.0,1900.0,1900.0,,,,,,,1850.0,,,,,
Belmont,Bronx,neighborhood,,,,,,,,,,,,,,,,,,,,,,,,,,,,,,,,,,,,,,,,,,,,,,,,,,,,,,,,,,,,,,,,,,4000.0,4000.0,4000.0,4000.0,,,,,,868.0,868.0,868.0,868.0,868.0,868.0,,,,,,,,,1350.0,1350.0,,,,,,1275.0,,,1650.0,1650.0,,1450.0,,,,,,,,,,,1350.0,1350.0,,,,,,,,,,,,2200.0,2200.0,,2400.0,3200.0,,,,,,,,,,,,,,,,,,,,,,,,,,,,,,,,,,,,1795.0,,,2525.0,2850.0,2600.0,2525.0,,2525.0,2300.0,2300.0,,,,2500.0,2500.0,,,2525.0,2525.0,2525.0,2525.0,2525.0,,,,,2300.0,2650.0,2650.0,3600.0,2500.0,3105.0,,
Bensonhurst,Brooklyn,neighborhood,,,,,,,,,,,,,,,900.0,900.0,,,,,,,,,,,,,,1000.0,,,,,,950.0,,,,1050.0,1050.0,1200.0,1200.0,1075.0,1075.0,,,,,1400.0,1400.0,,1200.0,1100.0,,,,1200.0,1200.0,,,,9000.0,1200.0,1200.0,,,1250.0,1250.0,1300.0,1150.0,3600.0,1250.0,,,1200.0,1275.0,1200.0,,1500.0,1200.0,1200.0,1350.0,,1299.0,1299.0,1350.0,1000.0,1490.0,1490.0,1000.0,2000.0,2000.0,2500.0,1450.0,1550.0,1450.0,1800.0,2225.0,1450.0,1299.0,22000.0,1750.0,1750.0,1580.0,2100.0,1299.0,2600.0,1400.0,2600.0,,2500.0,2025.0,1325.0,1400.0,1299.0,1275.0,1400.0,2175.0,1600.0,2100.0,1500.0,1475.0,1475.0,1400.0,1625.0,1525.0,2400.0,1499.0,1550.0,1500.0,1300.0,1299.0,1550.0,1550.0,1599.0,1599.0,1600.0,1500.0,,1100.0,1575.0,1650.0,1399.0,1200.0,1400.0,1400.0,3500.0,1600.0,1600.0,2100.0,2100.0,1399.0,1399.0,1399.0,,2150.0,2400.0,1250.0,,1649.0,1649.0,2200.0,1750.0,1750.0,1489.0,,,1599.0,2300.0,1875.0,1875.0,1875.0,1900.0,1900.0,1100.0,1899.0,1900.0,1899.0,1600.0,1695.0,1695.0,,1899.0,1850.0,1850.0,1850.0,1900.0,1900.0,,,1600.0,,,1695.0,1899.0,2000.0,2000.0,1795.0,2000.0
Bergen Beach,Brooklyn,neighborhood,,,,,,,,,,,,,,,,,,,,,,,,,,,,,,,900.0,900.0,900.0,,,,,,900.0,900.0,900.0,900.0,,,,,,,,,,,,,,,,,,,,,,,1200.0,1200.0,1000.0,,,,,,,,,,,2300.0,2300.0,2300.0,,,1700.0,1699.0,1699.0,1699.0,,,,,,,,,,,,,,,,,1200.0,1200.0,2800.0,,,,,,,,,,,,,,,,1450.0,1300.0,1450.0,,1500.0,,,,,,,,,,,1300.0,,,,1500.0,1500.0,1500.0,1400.0,1600.0,1450.0,1400.0,,,,,,,1599.0,1550.0,,,,,1600.0,,,,,,,1650.0,1650.0,,,,,,,,1500.0,1500.0,,,,1700.0,1700.0,,,,1600.0,1600.0,,,,,,1800.0,,,,,,,,
Boerum Hill,Brooklyn,neighborhood,2500.0,2000.0,2000.0,,1400.0,1788.0,1879.0,2000.0,2700.0,2700.0,3400.0,3500.0,3500.0,3800.0,3500.0,3250.0,2800.0,2800.0,3100.0,1950.0,1900.0,1750.0,1595.0,1750.0,4000.0,3500.0,1400.0,1375.0,2200.0,1650.0,2575.0,1695.0,2525.0,1525.0,2200.0,1700.0,1650.0,1650.0,,1695.0,1650.0,2000.0,1695.0,2250.0,2250.0,2250.0,6500.0,1500.0,2300.0,1650.0,1625.0,1750.0,2215.0,2225.0,2225.0,2250.0,1800.0,1800.0,1850.0,1700.0,2550.0,2750.0,2750.0,2150.0,2250.0,2150.0,1800.0,1850.0,2300.0,2300.0,2150.0,2100.0,2350.0,2200.0,2100.0,2050.0,2000.0,2000.0,1950.0,2295.0,2300.0,2200.0,2200.0,1900.0,1895.0,2300.0,1895.0,2400.0,1995.0,1995.0,2100.0,2200.0,2195.0,2000.0,2200.0,1895.0,1900.0,2100.0,2100.0,1995.0,2600.0,2200.0,2000.0,2450.0,1900.0,1850.0,1850.0,2400.0,2400.0,2400.0,2184.0,2075.0,2500.0,2500.0,2625.0,2433.0,2250.0,2100.0,2584.0,2577.0,2391.0,2150.0,2475.0,2350.0,2400.0,2200.0,2400.0,2250.0,1995.0,1950.0,1850.0,1900.0,1899.0,1750.0,1799.0,1850.0,1850.0,1850.0,1850.0,1950.0,2000.0,2200.0,2200.0,1895.0,2400.0,2833.0,2600.0,2200.0,2700.0,2800.0,2500.0,2800.0,2400.0,2500.0,2500.0,2850.0,2700.0,3200.0,2800.0,2800.0,2500.0,2500.0,2600.0,3165.0,2850.0,2800.0,2950.0,2800.0,3200.0,3300.0,3198.0,3425.0,3350.0,2900.0,2861.0,3000.0,3000.0,2900.0,2600.0,2599.0,2800.0,3000.0,2700.0,2700.0,3500.0,3595.0,3380.0,3380.0,3355.0,3095.0,3000.0,3200.0,3250.0,3250.0,3027.0,3200.0,3400.0,3455.0,3290.0,3117.0
Borough Park,Brooklyn,neighborhood,1200.0,10000.0,10000.0,10000.0,20000.0,20000.0,20000.0,20000.0,,,20000.0,20000.0,20000.0,900.0,900.0,900.0,900.0,,,,,,,,,,,,,,,,,,,,,,,,,,,,,,,2200.0,2200.0,2200.0,,,,,1000.0,1000.0,1000.0,,,,,,1100.0,,,,1350.0,1300.0,1250.0,1250.0,3499.0,3499.0,1050.0,3499.0,,,,2500.0,2500.0,1800.0,1900.0,2100.0,1795.0,1984.0,2077.0,2077.0,2030.0,2361.0,2200.0,2200.0,2100.0,1900.0,1950.0,2100.0,1900.0,1900.0,2000.0,2100.0,2100.0,1300.0,1995.0,1900.0,2500.0,1400.0,1950.0,2000.0,2150.0,1350.0,1600.0,1450.0,1400.0,1475.0,1995.0,,1581.0,1995.0,1850.0,1900.0,1350.0,1400.0,1400.0,1300.0,1300.0,1350.0,1300.0,1425.0,1425.0,1545.0,1445.0,1445.0,1500.0,1500.0,1900.0,1500.0,1500.0,1500.0,1500.0,1500.0,1500.0,1895.0,1550.0,1425.0,1550.0,1575.0,1795.0,1599.0,1550.0,1599.0,1950.0,1700.0,1550.0,2240.0,1400.0,1550.0,2000.0,1250.0,2695.0,5000.0,2695.0,2371.0,2371.0,1650.0,1650.0,1600.0,2200.0,2200.0,1650.0,1650.0,2250.0,3050.0,3050.0,,1350.0,2500.0,2650.0,2705.0,,,1550.0,,1500.0,2697.0,2697.0,1650.0,2697.0,2697.0,2100.0,1900.0,1825.0,1825.0,,,,,,,1800.0,2150.0,2400.0,
Briarwood,Queens,neighborhood,,980.0,960.0,960.0,960.0,960.0,960.0,960.0,980.0,,,,,980.0,980.0,,1000.0,1000.0,975.0,975.0,,,,,,,,,,,,,,1200.0,1250.0,1250.0,1250.0,1250.0,,1025.0,1000.0,1000.0,925.0,1100.0,1250.0,,1050.0,1050.0,1050.0,1195.0,1300.0,1250.0,1200.0,1250.0,,,1000.0,1000.0,1150.0,,1150.0,1150.0,1350.0,1250.0,1175.0,1225.0,1295.0,1295.0,1200.0,1425.0,1425.0,1225.0,1375.0,1250.0,1250.0,1250.0,1299.0,1295.0,1295.0,1300.0,1395.0,1299.0,1295.0,1295.0,1325.0,1325.0,1350.0,1360.0,1360.0,1360.0,1375.0,1250.0,1390.0,1350.0,1360.0,1490.0,1490.0,1395.0,1375.0,1450.0,1399.0,1575.0,1575.0,1575.0,1475.0,1475.0,1475.0,1450.0,1475.0,1500.0,1450.0,1440.0,1475.0,1500.0,1500.0,1500.0,1500.0,1400.0,1425.0,1485.0,1425.0,1480.0,1495.0,1401.0,1401.0,1500.0,1500.0,1425.0,1425.0,1475.0,1450.0,1450.0,1450.0,1450.0,1450.0,1450.0,1400.0,1450.0,1425.0,1425.0,1480.0,1480.0,1495.0,1445.0,1475.0,1495.0,1475.0,1525.0,1525.0,1600.0,1500.0,1530.0,1500.0,1500.0,1495.0,1550.0,1595.0,1550.0,1645.0,1645.0,1685.0,1600.0,1600.0,1749.0,1750.0,1775.0,1600.0,1650.0,1600.0,1600.0,1600.0,1600.0,1750.0,1815.0,1650.0,1750.0,1775.0,1675.0,1650.0,1649.0,1650.0,1700.0,1650.0,1650.0,1700.0,1750.0,1750.0,1800.0,1795.0,1775.0,1700.0,1725.0,1750.0,1725.0,1900.0,1962.0,1950.0,1850.0,1850.0,1750.0
Brighton Beach,Brooklyn,neighborhood,,,,,,,,,,,,,,1000.0,1000.0,6000.0,6000.0,6000.0,6000.0,6000.0,,1025.0,1265.0,1265.0,1350.0,1350.0,1350.0,1350.0,1250.0,1275.0,1275.0,1275.0,1350.0,1275.0,1350.0,1350.0,,4500.0,1100.0,1100.0,1100.0,1050.0,1125.0,1125.0,1200.0,1400.0,1400.0,1125.0,,1125.0,1250.0,1125.0,1300.0,1400.0,1395.0,1400.0,1550.0,1450.0,1350.0,1219.0,1400.0,1500.0,1450.0,1450.0,1450.0,1250.0,1295.0,1450.0,1295.0,1500.0,1500.0,1500.0,1300.0,1295.0,1395.0,1550.0,1495.0,1425.0,1465.0,1550.0,1550.0,1550.0,1500.0,1500.0,1450.0,1500.0,1250.0,1435.0,1550.0,1450.0,1450.0,1445.0,1650.0,1275.0,1490.0,1460.0,1475.0,1499.0,1525.0,1450.0,1550.0,1575.0,1450.0,1495.0,1475.0,1300.0,1395.0,1395.0,1350.0,1300.0,1400.0,1475.0,1545.0,1640.0,1595.0,1600.0,1598.0,1595.0,1496.0,1500.0,1525.0,1595.0,1675.0,1675.0,1625.0,1625.0,1549.0,1545.0,1545.0,1500.0,1535.0,1495.0,1500.0,1535.0,1425.0,1375.0,1600.0,1595.0,1750.0,1699.0,1595.0,1415.0,1400.0,1500.0,1550.0,1750.0,1550.0,1615.0,1600.0,1650.0,1665.0,1750.0,1450.0,1795.0,2095.0,2095.0,2150.0,,1499.0,1700.0,1700.0,2010.0,1750.0,1500.0,1800.0,2095.0,1995.0,1995.0,1815.0,1995.0,1450.0,1450.0,1825.0,1850.0,1900.0,1900.0,1975.0,1975.0,1900.0,1600.0,1700.0,1867.0,1775.0,1900.0,1995.0,1775.0,2295.0,2065.0,2000.0,2000.0,2000.0,2045.0,1900.0,1825.0,2200.0,1900.0,2050.0,2195.0,2100.0,2100.0
Bronx,Bronx,borough,1400.0,1250.0,1100.0,1100.0,1250.0,1100.0,1300.0,1200.0,1200.0,1125.0,1050.0,1050.0,950.0,975.0,1150.0,1000.0,995.0,950.0,1200.0,1100.0,1095.0,988.0,988.0,988.0,1100.0,1300.0,1275.0,1150.0,1050.0,1100.0,950.0,975.0,975.0,1000.0,1000.0,975.0,1100.0,900.0,900.0,1195.0,1195.0,1150.0,1075.0,1075.0,1175.0,1100.0,1000.0,1050.0,975.0,1050.0,1050.0,1050.0,1095.0,1125.0,1250.0,1250.0,1200.0,1200.0,1200.0,1150.0,1100.0,1200.0,1200.0,1175.0,1108.0,1150.0,1250.0,1250.0,1250.0,1250.0,1200.0,1250.0,1275.0,1295.0,1295.0,1295.0,1295.0,1300.0,1325.0,1325.0,1325.0,1325.0,1260.0,1292.0,1325.0,1325.0,1350.0,1350.0,1350.0,1375.0,1375.0,1400.0,1449.0,1450.0,1400.0,1400.0,1416.0,1450.0,1500.0,1500.0,1450.0,1435.0,1400.0,1440.0,1450.0,1475.0,1450.0,1450.0,1450.0,1450.0,1450.0,1475.0,1495.0,1450.0,1550.0,1527.0,1550.0,1555.0,1550.0,1550.0,1512.0,1600.0,1676.0,1715.0,1625.0,1625.0,1650.0,1550.0,1600.0,1599.0,1550.0,1550.0,1550.0,1550.0,1550.0,1599.0,1550.0,1550.0,1650.0,1650.0,1650.0,1625.0,1600.0,1600.0,1550.0,1500.0,1600.0,1625.0,1687.0,1699.0,1875.0,1795.0,1776.0,1699.0,1697.0,1675.0,1650.0,1772.0,1800.0,1875.0,2099.0,2100.0,1800.0,2203.0,2253.0,2162.0,2150.0,2150.0,2350.0,2350.0,2240.0,2350.0,2180.0,2394.0,2350.0,2350.0,2200.0,2350.0,2350.0,2350.0,2215.0,2350.0,2400.0,2500.0,2525.0,2450.0,2375.0,2799.0,2396.0,2500.0,2549.0,2550.0,2525.0,2546.0,2400.0,2169.0,2195.0,2450.0,2350.0,2299.0
Bronxwood,Bronx,neighborhood,,,,,,,1100.0,1100.0,1100.0,,,,,650.0,650.0,,,,,,,,,650.0,650.0,650.0,650.0,,900.0,900.0,1000.0,1000.0,1075.0,1000.0,1000.0,,,,,,776.0,776.0,776.0,,,,847.0,847.0,847.0,,975.0,975.0,850.0,850.0,850.0,,1250.0,1250.0,1225.0,1225.0,925.0,925.0,925.0,925.0,925.0,,,,,950.0,,1325.0,1250.0,,,1300.0,,1200.0,,,1260.0,1260.0,1260.0,1260.0,1260.0,1275.0,1200.0,1500.0,1075.0,1295.0,1400.0,,,1250.0,1250.0,1225.0,,1525.0,1525.0,1500.0,1125.0,1225.0,,,,,,,,1450.0,1925.0,,1250.0,1250.0,1250.0,1295.0,,,,,,,1450.0,,,,,,,,1250.0,1400.0,,,1610.0,1610.0,,,1400.0,1400.0,1400.0,1475.0,1700.0,1700.0,1350.0,1425.0,1400.0,1800.0,1875.0,1800.0,1800.0,1800.0,,,1490.0,1275.0,1275.0,1475.0,1250.0,1875.0,1400.0,1875.0,1650.0,1875.0,,,,1850.0,,,,1500.0,1495.0,1495.0,,,,,,,,,,1695.0,1680.0,3800.0,3600.0,,,,1800.0,1800.0,1650.0,1475.0,1450.0,,1700.0,,1575.0,
Brooklyn,Brooklyn,borough,1675.0,1750.0,1779.0,1742.0,1750.0,1700.0,1750.0,1750.0,1850.0,1900.0,1800.0,1650.0,1649.0,1800.0,1850.0,1900.0,1950.0,1950.0,1850.0,1850.0,1950.0,1857.0,1857.0,2000.0,2000.0,1990.0,1971.0,2000.0,2095.0,1900.0,1800.0,2160.0,2195.0,1999.0,2000.0,2200.0,2000.0,2000.0,1950.0,1995.0,2000.0,2000.0,2150.0,2150.0,2200.0,2067.0,2089.0,2245.0,2200.0,2195.0,2100.0,2100.0,2169.0,2150.0,2100.0,2100.0,2100.0,2000.0,2108.0,1995.0,2012.0,2000.0,2000.0,2000.0,1999.0,1995.0,2000.0,2075.0,2100.0,2150.0,2200.0,2200.0,2295.0,2200.0,2150.0,2100.0,2000.0,2050.0,2050.0,2100.0,2150.0,2150.0,2000.0,2000.0,1950.0,1995.0,2000.0,2000.0,2050.0,2100.0,2150.0,2250.0,2200.0,2150.0,2066.0,2081.0,2050.0,2000.0,2100.0,2100.0,2100.0,2150.0,2100.0,2200.0,2150.0,2050.0,2100.0,2050.0,2100.0,2150.0,2100.0,2199.0,2199.0,2200.0,2300.0,2262.0,2200.0,2250.0,2218.0,2250.0,2250.0,2300.0,2300.0,2400.0,2300.0,2216.0,2150.0,2150.0,2000.0,1925.0,1900.0,1900.0,1949.0,1950.0,1950.0,1950.0,2000.0,2099.0,2099.0,2150.0,2099.0,2100.0,2100.0,2050.0,2195.0,2250.0,2400.0,2450.0,2600.0,2600.0,2600.0,2700.0,2790.0,2700.0,2550.0,2650.0,2800.0,2795.0,2769.0,2883.0,2850.0,2800.0,2881.0,2899.0,2800.0,2820.0,2800.0,2885.0,2875.0,2875.0,2900.0,2995.0,2999.0,2958.0,2995.0,3041.0,3000.0,2900.0,2899.0,2950.0,3000.0,2999.0,3000.0,3130.0,3050.0,3150.0,3200.0,3250.0,3200.0,3222.0,3149.0,3100.0,3114.0,3195.0,3150.0,3230.0,3250.0,3250.0,3275.0,3274.0
Brooklyn Heights,Brooklyn,neighborhood,1900.0,1900.0,1700.0,1700.0,1650.0,1650.0,1700.0,1700.0,1850.0,1900.0,1750.0,1700.0,1700.0,1700.0,1795.0,1725.0,1750.0,1900.0,1675.0,1650.0,1950.0,1850.0,1850.0,1975.0,1950.0,2150.0,2050.0,1895.0,1925.0,1800.0,2438.0,1750.0,1950.0,1950.0,1993.0,2017.0,2017.0,2017.0,1975.0,1900.0,1950.0,1900.0,1950.0,2100.0,2100.0,2100.0,2025.0,1995.0,2035.0,2000.0,1900.0,1900.0,1995.0,2000.0,2025.0,2100.0,2050.0,1950.0,2000.0,2100.0,2000.0,2000.0,2084.0,2050.0,2000.0,2000.0,2000.0,2350.0,2475.0,2395.0,2250.0,2250.0,2250.0,2200.0,2300.0,2300.0,2250.0,2250.0,2300.0,2300.0,2300.0,2300.0,2095.0,2000.0,2000.0,2095.0,2000.0,2100.0,2100.0,2150.0,2200.0,2395.0,2520.0,2361.0,2200.0,2100.0,2100.0,2030.0,2200.0,2150.0,2100.0,2100.0,2100.0,2200.0,2200.0,2295.0,2200.0,2250.0,2250.0,2500.0,2412.0,2350.0,2500.0,2500.0,2720.0,2425.0,2500.0,2400.0,2423.0,2700.0,2500.0,2700.0,2625.0,2475.0,2300.0,2200.0,2290.0,2150.0,2000.0,1950.0,1900.0,1900.0,1900.0,1900.0,1900.0,1995.0,2200.0,2200.0,2295.0,2400.0,2400.0,2436.0,2600.0,2300.0,2400.0,2600.0,2600.0,2500.0,2700.0,2800.0,2800.0,2950.0,2750.0,2800.0,3000.0,3100.0,2695.0,2750.0,3000.0,2850.0,2650.0,2700.0,2650.0,3000.0,3150.0,2850.0,2900.0,3000.0,3150.0,3226.0,3000.0,3125.0,3419.0,3195.0,3200.0,3200.0,3195.0,3000.0,3200.0,2969.0,2800.0,2900.0,3499.0,3499.0,2995.0,3500.0,3300.0,3300.0,3200.0,3200.0,3000.0,3000.0,3100.0,3195.0,3150.0,3200.0,3500.0,3600.0,3750.0,3300.0
Brookville,Queens,neighborhood,,,,,,,,,,,,,,,,,,,,,,,,,,,,,,,,,,,,,,,,,,,,,,,,,,,,,,,,,,,,,,,,,,,,,,,,,,,,,,,,,,,,,,,,,,,,,,,,,,,,,,,,,,,,,,,,,,,,,,,,,,,,,,,,,,,,,,,,,,,,1850.0,,,,,,,,,,,,,,,,,,,,,,,,,,,,,,,1000.0,,,,,,,,,,,,,,,,,,,,,,,,,,,,,
Brownsville,Brooklyn,neighborhood,,,,,,,,,,,,,,,,,,,,,,,,,,,,,,,,,,,,,,,,,,,,,,,,,700.0,700.0,,,,1050.0,1050.0,1050.0,,,,,,,,,,,,1275.0,1275.0,1250.0,1250.0,4200.0,1200.0,1295.0,1250.0,2950.0,2950.0,2200.0,2200.0,2200.0,1250.0,1250.0,1350.0,1350.0,1350.0,1350.0,1350.0,1350.0,1350.0,1275.0,1275.0,,,,,,1350.0,,,1400.0,1400.0,1400.0,1425.0,1195.0,1425.0,1450.0,1200.0,,,,,1400.0,1425.0,1425.0,,,,,800.0,1500.0,1500.0,1500.0,1500.0,1525.0,1525.0,1495.0,1525.0,1475.0,1475.0,,,,,,,1399.0,1399.0,1425.0,1500.0,2050.0,1800.0,1500.0,1499.0,1499.0,1500.0,1490.0,1475.0,1425.0,1500.0,1525.0,1585.0,1585.0,1550.0,1550.0,1550.0,1470.0,2100.0,1600.0,1700.0,1950.0,2236.0,1490.0,1490.0,1575.0,,1600.0,,1575.0,2000.0,2800.0,1800.0,1649.0,1500.0,1599.0,1453.0,1800.0,1850.0,1850.0,1700.0,3027.0,1325.0,1325.0,1675.0,1675.0,2195.0,1995.0,1750.0,1895.0,1850.0,1799.0,1799.0,1799.0,1700.0,1699.0,1699.0,1825.0,1799.0,1799.0,1799.0,2732.0
Bushwick,Brooklyn,neighborhood,1599.0,1599.0,1400.0,1400.0,1300.0,,3300.0,3300.0,3300.0,3300.0,1200.0,1200.0,1250.0,1250.0,,3300.0,1550.0,1550.0,2000.0,1950.0,1550.0,2200.0,2200.0,1150.0,3300.0,900.0,1200.0,2000.0,2000.0,1775.0,1675.0,1775.0,1850.0,3000.0,3000.0,1950.0,1950.0,2017.0,2017.0,2108.0,2300.0,2200.0,2200.0,2200.0,2200.0,2200.0,2150.0,2150.0,1900.0,1900.0,1650.0,1800.0,1800.0,1899.0,1899.0,1900.0,1500.0,1850.0,2300.0,2100.0,2000.0,2100.0,2200.0,2500.0,2500.0,2200.0,2100.0,1800.0,1800.0,1775.0,1900.0,1850.0,1977.0,1600.0,1800.0,1900.0,1800.0,1649.0,1700.0,1850.0,1879.0,1799.0,1645.0,1600.0,1695.0,1699.0,1750.0,1800.0,1820.0,2000.0,2050.0,1950.0,2000.0,1900.0,1811.0,1779.0,1950.0,1940.0,2000.0,2100.0,2100.0,2108.0,2063.0,2150.0,2025.0,2030.0,1988.0,1992.0,2044.0,2100.0,1917.0,2099.0,2077.0,2076.0,2265.0,2299.0,2299.0,2299.0,2275.0,2275.0,2275.0,2350.0,2350.0,2300.0,2175.0,2150.0,2063.0,2015.0,2000.0,1916.0,1900.0,1950.0,1969.0,1946.0,1900.0,1968.0,1999.0,2131.0,2400.0,2495.0,2450.0,2350.0,2325.0,2295.0,2300.0,2350.0,2350.0,2436.0,2436.0,2485.0,2524.0,2700.0,2606.0,2677.0,2499.0,2420.0,2550.0,2761.0,2795.0,2804.0,2600.0,2550.0,2605.0,2600.0,2700.0,2800.0,2745.0,2500.0,2650.0,2650.0,2684.0,2750.0,2800.0,2695.0,2695.0,2675.0,2699.0,2689.0,2699.0,2677.0,2375.0,2600.0,2595.0,2700.0,2689.0,2758.0,2800.0,2695.0,2600.0,2737.0,2737.0,2699.0,2750.0,2600.0,2700.0,2750.0,2900.0,2910.0,2999.0,2871.0
Cambria Heights,Queens,neighborhood,,,,,,,,,,,,,,,,,,,,,,,,,,,,,,,,,,,,,,,,,,,,,,,,,,,,,,,,,,,,,,,,1300.0,,,,,,,,,,,,,,,,,,,,,,,,,,,,,,,,,,,,,,,,,,,,,,,,,,,,,,,,,,,,,,,,,,,,,,,,,,,,,,,,,,,,,,,,,,,,,,,,,,,,,,,,,1395.0,1350.0,,,,,,,,,,,,,,,,,,,,,,,4200.0,,,,,,,
Canarsie,Brooklyn,neighborhood,,,,,,,,,,,1800.0,,,,,,850.0,850.0,850.0,2000.0,2000.0,2000.0,2000.0,2000.0,550.0,550.0,550.0,1000.0,,,,,,,,1650.0,,,,1025.0,,,,1795.0,1595.0,,,,,,,,975.0,950.0,950.0,950.0,,3900.0,800.0,2800.0,2800.0,2800.0,2800.0,3900.0,1250.0,1250.0,3900.0,3900.0,3900.0,3900.0,3200.0,1300.0,1200.0,1100.0,3200.0,3200.0,1050.0,1250.0,2700.0,2700.0,2400.0,2400.0,1400.0,1400.0,1350.0,,,,,35000.0,1450.0,1450.0,,800.0,,,1100.0,1100.0,1100.0,1700.0,1700.0,1450.0,1299.0,1800.0,1800.0,,1525.0,,900.0,,1550.0,1200.0,1200.0,1450.0,,,1400.0,,,1300.0,1300.0,1300.0,1300.0,,,,,,1650.0,1650.0,1500.0,,2400.0,,1200.0,1749.0,1599.0,1300.0,1300.0,1300.0,1000.0,,,1400.0,1300.0,,1595.0,1595.0,1478.0,1500.0,,1300.0,1511.0,,1300.0,1695.0,1500.0,1250.0,1500.0,2650.0,1554.0,1900.0,,,,1695.0,1500.0,,1575.0,1375.0,1300.0,,1600.0,1700.0,2300.0,1500.0,1700.0,1673.0,1673.0,1620.0,1500.0,1775.0,1795.0,1650.0,1650.0,1550.0,,,,2500.0,2500.0,1723.0,1723.0,2500.0,2500.0,2500.0,2500.0,2500.0,5200.0,
Carroll Gardens,Brooklyn,neighborhood,1390.0,1325.0,1325.0,1325.0,1550.0,1800.0,1800.0,2100.0,2100.0,2100.0,1500.0,1500.0,1500.0,1950.0,1950.0,2125.0,2150.0,2400.0,1950.0,1950.0,1950.0,1950.0,,2000.0,3695.0,,,2150.0,2100.0,1550.0,2150.0,2150.0,2200.0,2200.0,2200.0,2200.0,12000.0,4500.0,4500.0,2500.0,2000.0,2000.0,2500.0,2450.0,2350.0,2350.0,2300.0,3000.0,1500.0,2450.0,2600.0,2500.0,2000.0,2000.0,2000.0,2000.0,1850.0,1850.0,1595.0,1595.0,1950.0,1875.0,1875.0,2100.0,1900.0,1850.0,1925.0,2100.0,2200.0,2100.0,1900.0,1850.0,1800.0,2000.0,1925.0,2050.0,1950.0,1900.0,1900.0,2150.0,1900.0,1900.0,1800.0,1950.0,2080.0,1995.0,1900.0,1899.0,1900.0,1950.0,2000.0,2185.0,2675.0,2949.0,2450.0,2795.0,2595.0,2325.0,2650.0,2750.0,2200.0,2150.0,2199.0,2300.0,2650.0,2050.0,1775.0,3200.0,3299.0,2500.0,2100.0,2275.0,2399.0,2499.0,2500.0,2200.0,2100.0,2400.0,2700.0,2599.0,2400.0,2600.0,3000.0,3000.0,2500.0,2400.0,2500.0,2400.0,2100.0,2050.0,2000.0,2000.0,1995.0,1995.0,2050.0,1950.0,2149.0,2200.0,2299.0,2500.0,1950.0,1895.0,1800.0,2400.0,2300.0,2100.0,2000.0,2400.0,2500.0,2400.0,2999.0,2675.0,2950.0,2850.0,2300.0,2650.0,2650.0,2300.0,2299.0,2249.0,2600.0,3000.0,3000.0,3195.0,2500.0,2475.0,2395.0,2500.0,2600.0,2400.0,2400.0,2425.0,2500.0,2900.0,2995.0,2599.0,3000.0,2750.0,2795.0,2795.0,2600.0,3077.0,2850.0,2600.0,2500.0,3000.0,3800.0,3650.0,3695.0,3300.0,3200.0,2850.0,3200.0,3000.0,3100.0,3500.0,2850.0,3400.0,3495.0,3195.0
Castle Hill,Bronx,neighborhood,,,,,,,,,,,,,,,,,,,,,,,,,,,,,,,,,,,,,,,,,,,,,,,,,,,,,,,1200.0,1200.0,,,,1075.0,,,,,1100.0,2000.0,2000.0,,,,1195.0,1195.0,1250.0,1200.0,1295.0,1200.0,1325.0,1325.0,1325.0,1325.0,1325.0,1325.0,1325.0,1325.0,1325.0,1325.0,1325.0,1375.0,1375.0,1375.0,1375.0,1375.0,1450.0,1450.0,1400.0,1400.0,1400.0,,1425.0,1425.0,1450.0,1450.0,,1450.0,1450.0,1450.0,,,,,,1450.0,1450.0,,,,,,,,,,,,,,1295.0,,,,,,,,,,,,,1700.0,,,,,,1475.0,,,,,,,,,,1625.0,1625.0,,,1550.0,,1700.0,1575.0,,,,,,,,,,1600.0,,,,,1650.0,,,1675.0,1675.0,,,,,,,,,,,,,,,,,,
Central Harlem,Manhattan,neighborhood,1100.0,1200.0,1050.0,1085.0,1085.0,1085.0,1300.0,1250.0,1250.0,1375.0,1350.0,1275.0,1300.0,1200.0,1300.0,1450.0,1600.0,1450.0,1300.0,1300.0,1492.0,1400.0,1200.0,1250.0,1225.0,1195.0,1100.0,1200.0,1400.0,1400.0,1625.0,1724.0,1600.0,1275.0,1560.0,1301.0,1335.0,1350.0,1375.0,1330.0,1300.0,1350.0,1385.0,1400.0,1450.0,1495.0,1450.0,1400.0,1375.0,1400.0,1400.0,1450.0,1500.0,1450.0,1400.0,1400.0,1405.0,1495.0,1500.0,1550.0,1500.0,1500.0,1500.0,1550.0,1550.0,1550.0,1650.0,1750.0,1650.0,1600.0,1650.0,1600.0,1700.0,1600.0,1650.0,1700.0,1650.0,1650.0,1662.0,1649.0,1600.0,1700.0,1750.0,1700.0,1700.0,1700.0,1700.0,1700.0,1650.0,1675.0,1700.0,1795.0,1800.0,1750.0,1650.0,1650.0,1695.0,1665.0,1699.0,1750.0,1795.0,1795.0,1775.0,1795.0,1800.0,1699.0,1700.0,1750.0,1775.0,1750.0,1700.0,1775.0,1825.0,1850.0,1800.0,1825.0,1800.0,1779.0,1725.0,1750.0,1825.0,1832.0,1825.0,1795.0,1850.0,1845.0,1795.0,1720.0,1700.0,1650.0,1663.0,1650.0,1695.0,1700.0,1625.0,1675.0,1675.0,1725.0,1780.0,1799.0,1725.0,1795.0,1850.0,1825.0,1923.0,1950.0,1950.0,2000.0,2000.0,2095.0,2195.0,2155.0,2150.0,2100.0,2100.0,2100.0,2022.0,2200.0,2200.0,2250.0,2250.0,2200.0,2150.0,2150.0,2290.0,2295.0,2295.0,2299.0,2250.0,2250.0,2100.0,2250.0,2200.0,2200.0,2295.0,2395.0,2300.0,2200.0,2300.0,2175.0,2200.0,2286.0,2200.0,2395.0,2605.0,2475.0,2450.0,2450.0,2495.0,2600.0,2550.0,2250.0,2495.0,2694.0,2400.0,2650.0,2700.0,2750.0,2550.0,2595.0
Central Park South,Manhattan,neighborhood,2300.0,2300.0,2575.0,2499.0,2500.0,2500.0,2550.0,2500.0,2550.0,2750.0,2650.0,2685.0,2685.0,2600.0,2650.0,2600.0,2950.0,2850.0,2850.0,2850.0,2850.0,2800.0,2750.0,2750.0,2850.0,2750.0,2850.0,2800.0,2775.0,2795.0,2800.0,2750.0,2795.0,2600.0,2400.0,2700.0,2800.0,2800.0,2800.0,2795.0,2750.0,2850.0,2800.0,2800.0,2800.0,2800.0,2800.0,2900.0,2800.0,2800.0,2800.0,2800.0,2800.0,2995.0,2950.0,2900.0,3200.0,3295.0,2900.0,3100.0,3350.0,3350.0,3250.0,3250.0,3000.0,2995.0,3390.0,3400.0,3395.0,3295.0,3395.0,3395.0,3250.0,3250.0,3395.0,3500.0,3400.0,3250.0,3250.0,3250.0,2950.0,3450.0,3100.0,2800.0,3450.0,3300.0,3000.0,3000.0,3000.0,3230.0,3000.0,3000.0,3000.0,2950.0,2950.0,2850.0,2950.0,3000.0,2850.0,2800.0,2862.0,3000.0,2700.0,2800.0,3000.0,3199.0,2995.0,3300.0,3300.0,3231.0,3000.0,3000.0,3000.0,3200.0,3200.0,3200.0,3231.0,3231.0,3600.0,3231.0,3600.0,3877.0,3831.0,3831.0,3200.0,2995.0,3000.0,2800.0,2699.0,2500.0,2500.0,2700.0,3000.0,2995.0,2700.0,2995.0,2995.0,3250.0,3250.0,3300.0,3595.0,3150.0,3150.0,3500.0,3600.0,3400.0,3000.0,3700.0,3700.0,3500.0,3300.0,3400.0,3500.0,3400.0,3400.0,3200.0,3200.0,4000.0,3800.0,3600.0,3100.0,3850.0,4095.0,3700.0,3600.0,3200.0,3200.0,3850.0,4000.0,3700.0,3700.0,3900.0,4500.0,4450.0,4100.0,3800.0,4400.0,4400.0,3400.0,3500.0,3500.0,4350.0,4250.0,4200.0,4200.0,3900.0,4250.0,4250.0,4200.0,4000.0,4000.0,3850.0,3900.0,3900.0,4000.0,4000.0,4000.0,4300.0,4350.0,5000.0
Chelsea,Manhattan,neighborhood,2400.0,2200.0,2200.0,2250.0,2450.0,2300.0,2250.0,2400.0,2300.0,2600.0,2550.0,2300.0,2300.0,2350.0,2200.0,2300.0,2300.0,2300.0,2400.0,2495.0,2500.0,2495.0,2495.0,2400.0,2400.0,2350.0,2340.0,2495.0,2300.0,2450.0,2495.0,2299.0,2595.0,2450.0,2400.0,2550.0,2400.0,2500.0,2600.0,2795.0,2575.0,2446.0,2400.0,2450.0,2500.0,2550.0,2500.0,2700.0,2925.0,2700.0,2985.0,2985.0,2900.0,2880.0,2900.0,2900.0,2900.0,2895.0,2790.0,2950.0,2950.0,2900.0,3000.0,3000.0,3000.0,3000.0,3100.0,3050.0,3050.0,3000.0,2900.0,2995.0,2850.0,2800.0,2895.0,2895.0,2850.0,3000.0,2954.0,2820.0,2800.0,2725.0,2775.0,2825.0,2825.0,2900.0,2775.0,2800.0,2850.0,2850.0,2850.0,2727.0,2825.0,2795.0,2750.0,2700.0,2795.0,2770.0,2795.0,2795.0,2800.0,2850.0,2900.0,2900.0,2875.0,2850.0,2888.0,2979.0,2925.0,3042.0,3000.0,3000.0,3000.0,2995.0,3125.0,3050.0,3050.0,3095.0,3100.0,3150.0,3095.0,3150.0,3200.0,3150.0,2998.0,2850.0,2700.0,2500.0,2484.0,2400.0,2395.0,2400.0,2400.0,2415.0,2500.0,2431.0,2614.0,2800.0,2940.0,2900.0,2850.0,3200.0,3275.0,3728.0,3751.0,3895.0,4082.0,3950.0,3795.0,3800.0,3800.0,3817.0,3750.0,3900.0,3795.0,3883.0,3750.0,3750.0,3800.0,3550.0,3800.0,3850.0,3895.0,3850.0,3786.0,3500.0,3595.0,3776.0,3807.0,3950.0,3950.0,4150.0,4095.0,4019.0,4095.0,3995.0,3995.0,4095.0,4000.0,4095.0,4040.0,4250.0,4300.0,4350.0,4175.0,4252.0,4444.0,4435.0,4453.0,4395.0,4325.0,4479.0,4490.0,4474.0,4395.0,4495.0,4595.0,4350.0,4500.0,4638.0
Chinatown,Manhattan,neighborhood,2300.0,2300.0,6500.0,6500.0,6500.0,6400.0,3800.0,3800.0,3800.0,3166.0,3200.0,3500.0,4000.0,3500.0,4000.0,4000.0,3500.0,4000.0,1675.0,1675.0,3500.0,3500.0,1600.0,1500.0,1600.0,1900.0,1900.0,1700.0,1699.0,1600.0,1699.0,1699.0,1599.0,1599.0,,1600.0,,,1900.0,2200.0,2100.0,2100.0,2000.0,2300.0,3100.0,4900.0,4900.0,4900.0,2500.0,2500.0,2500.0,2500.0,2500.0,2500.0,2499.0,2195.0,1998.0,3400.0,3000.0,2000.0,1800.0,1695.0,1900.0,1995.0,1995.0,1949.0,1950.0,1850.0,1800.0,2800.0,1750.0,8000.0,1725.0,1800.0,1800.0,1875.0,1850.0,1875.0,2000.0,1950.0,1995.0,1995.0,1850.0,1800.0,1800.0,1800.0,1850.0,2000.0,1950.0,2295.0,2050.0,1999.0,1875.0,2095.0,2500.0,2100.0,2099.0,1850.0,1950.0,1995.0,1950.0,2050.0,2100.0,2000.0,2136.0,2300.0,1750.0,2199.0,1850.0,1800.0,1996.0,1996.0,2000.0,2400.0,2395.0,2298.0,2250.0,2098.0,2000.0,2035.0,2429.0,2350.0,2350.0,2150.0,2000.0,2200.0,1950.0,1855.0,1827.0,1850.0,1695.0,1795.0,1795.0,1695.0,1695.0,1800.0,1900.0,1800.0,1800.0,1800.0,2000.0,2350.0,1800.0,2295.0,2200.0,2195.0,2250.0,2900.0,2500.0,2158.0,2545.0,2450.0,2375.0,2195.0,1950.0,2495.0,2000.0,2000.0,2275.0,2300.0,2295.0,2600.0,2175.0,2400.0,2350.0,2400.0,2495.0,2199.0,2250.0,2250.0,2290.0,1900.0,1995.0,2150.0,2595.0,2750.0,2750.0,2595.0,2500.0,2475.0,2200.0,2150.0,2500.0,1700.0,2595.0,2700.0,2700.0,3000.0,2849.0,3250.0,2450.0,2450.0,2500.0,2050.0,2100.0,2600.0,2560.0,2950.0,3300.0,2799.0
City Island,Bronx,neighborhood,,,,,,,,,,,,,,,,,,,,,,,,,,,,,,,,,,,,,,,,,,,,,,,,,,,,,,,,,,,,,,,,,,,,,,,,,,,,,,,,,,,,,,,,,,,,,,,,,,,,,,,,,,,,,,,,,,,,,,,,,,,,,,,,,,,,,,,,,,,,,,,,,,,,,,,,,,,,,,,,,,,,,,,,,,,,,,,,,4970.0,,,,,,,,,,,,,,,,,,,,,,,
Civic Center,Manhattan,neighborhood,,,,,,,,,,,,,,,,,1750.0,1750.0,1750.0,,,,,,,,,,,,,,,,,,,,,,,,,,,,,,,,,,,,,,,,,,,,,,,,,,,,,,,,,,,,,,,,,,,,,,,,,,,,2995.0,2995.0,,,,,,,,,,,,,,,,2900.0,,,,,,2600.0,,,,,,,,2600.0,2600.0,,,,,,,,,,,,,,,,,,,,,,,,,,,,,,,,,,,,,,,,,,,,,,,,,,,,,,,2800.0,,,,,,,,,,,,,,,,,3350.0,
Clearview,Queens,neighborhood,,,,,,,,,,,,,,,,,,,,,,,,,,,,,,,,,,,,,,,,,,,,,,,,,,,,,,,,,,,,,,,,,,,,,,,,,,,,,,,,,,,,,,,,,,,,,,,,,,,,,,,,,,,,,,,,,,,,,,,,,,,,,,,,,1650.0,,1599.0,,,,,,,,,,1350.0,,1650.0,1625.0,,,,,,,,2100.0,2100.0,2100.0,,,1500.0,1495.0,,,,,,,,,,,,,,,1500.0,,,,,,,,,,,,,,,,,,2195.0,2295.0,,,,,,,,
Clinton Hill,Brooklyn,neighborhood,4800.0,4800.0,2300.0,2250.0,2100.0,1250.0,1295.0,1200.0,2300.0,2300.0,1900.0,1800.0,1900.0,1800.0,1800.0,1800.0,1800.0,1800.0,1800.0,1800.0,1800.0,1750.0,1850.0,3650.0,3600.0,1795.0,1500.0,1795.0,1600.0,1650.0,1550.0,1650.0,1800.0,2050.0,1595.0,2050.0,2200.0,1700.0,2000.0,1850.0,1750.0,1695.0,1700.0,1700.0,1700.0,1700.0,1800.0,1795.0,1795.0,1695.0,1500.0,1800.0,1850.0,1800.0,1850.0,1895.0,1950.0,1895.0,1900.0,1825.0,1895.0,2000.0,1900.0,1925.0,1975.0,1995.0,1999.0,1975.0,2050.0,2000.0,1900.0,1900.0,1900.0,2000.0,2000.0,1900.0,1950.0,1950.0,1950.0,1975.0,1850.0,2000.0,2000.0,1995.0,1995.0,1975.0,1995.0,1995.0,1950.0,1895.0,1900.0,2000.0,1825.0,1970.0,2076.0,2000.0,1950.0,1895.0,1950.0,1895.0,2200.0,1950.0,2050.0,2250.0,2250.0,2255.0,2219.0,1999.0,2137.0,2316.0,2349.0,2050.0,2379.0,2285.0,2252.0,2222.0,2504.0,2456.0,2350.0,2300.0,2314.0,2325.0,2000.0,1950.0,2253.0,1989.0,2200.0,1995.0,1980.0,1899.0,1800.0,1900.0,1799.0,1900.0,1900.0,1855.0,1995.0,2000.0,2222.0,2100.0,2350.0,2695.0,2429.0,2200.0,2675.0,2600.0,2690.0,2776.0,2500.0,2500.0,2400.0,2672.0,3013.0,2700.0,2950.0,2985.0,2900.0,3015.0,3025.0,3000.0,3005.0,3011.0,2995.0,2795.0,3150.0,3000.0,3000.0,3000.0,2995.0,2878.0,2450.0,3100.0,2900.0,2800.0,2850.0,3125.0,3095.0,2995.0,2799.0,2850.0,2920.0,2735.0,3180.0,3195.0,3150.0,3200.0,3200.0,3200.0,3200.0,3175.0,3150.0,3114.0,3114.0,3000.0,3000.0,3025.0,3150.0,3200.0,3200.0,3200.0
Co-op City,Bronx,neighborhood,,,,,,,,,,,,,,,,,,,,,,,,,,,,,,,,,,,,,,,,,,,,,,,,,,,,,,,,,,,,,,,,,,,,,,,,,,,,,,,,,,,,,,,,,,,,,,,,,,,,,,,,,,,,,,,,,,,,,,,,,,,,,,,,,,,,,,,,,,,,,,,,,1450.0,,,,,,,,,,,,,,,,,,,,,,,,,,,,,,,,,,,,,,,,,,,,,,,,,,,,,,,
Cobble Hill,Brooklyn,neighborhood,1733.0,1760.0,1685.0,1685.0,1685.0,1649.0,1750.0,1649.0,1649.0,1620.0,1750.0,1699.0,1675.0,1900.0,1825.0,1895.0,1750.0,1750.0,1750.0,2250.0,1850.0,1850.0,2300.0,1890.0,1890.0,6000.0,1900.0,1895.0,1895.0,1885.0,1800.0,1800.0,1800.0,1800.0,6000.0,,1550.0,1850.0,1825.0,1850.0,2000.0,2200.0,1750.0,1895.0,1795.0,1850.0,2175.0,2175.0,2500.0,2060.0,1895.0,1895.0,2000.0,2100.0,2100.0,2225.0,2100.0,2000.0,2000.0,2311.0,2511.0,2300.0,2000.0,1995.0,2000.0,2200.0,2200.0,2000.0,2200.0,2000.0,2000.0,2000.0,2200.0,2260.0,2260.0,2300.0,2350.0,2250.0,2200.0,2250.0,2300.0,2200.0,2200.0,2170.0,2200.0,2200.0,2200.0,1950.0,2200.0,2130.0,2000.0,2100.0,2300.0,2200.0,2200.0,2250.0,2200.0,2495.0,2320.0,2650.0,2250.0,2200.0,2000.0,1950.0,2350.0,2350.0,2200.0,2200.0,2430.0,2000.0,2100.0,2200.0,2250.0,2250.0,2520.0,2275.0,2450.0,2450.0,2770.0,2190.0,2200.0,2000.0,2100.0,2350.0,2125.0,1965.0,2000.0,2100.0,1850.0,2000.0,2091.0,1900.0,1850.0,1904.0,2000.0,2200.0,2249.0,2400.0,2300.0,2400.0,2200.0,2450.0,2150.0,2650.0,2300.0,2300.0,2400.0,2750.0,2750.0,3150.0,3000.0,2500.0,2900.0,2600.0,2500.0,2050.0,2850.0,2700.0,2700.0,2700.0,2500.0,2700.0,3150.0,2150.0,2600.0,2300.0,2700.0,2950.0,2650.0,2850.0,2950.0,2600.0,2750.0,2800.0,3050.0,3100.0,3150.0,3000.0,2975.0,2700.0,2888.0,2999.0,3395.0,3300.0,3150.0,3650.0,3150.0,3050.0,3200.0,3200.0,3300.0,3000.0,2600.0,2499.0,3400.0,3400.0,3350.0,3300.0,3300.0,3550.0
College Point,Queens,neighborhood,,,,,,,,,,,,,,,,,,,,,,,,4200.0,4200.0,1200.0,4200.0,4200.0,1200.0,1200.0,1200.0,1200.0,,,,,,,,,,,,,,,,,,,,,,,,,,,,,,,,,,,,,,,,,,,,,,,,,,,,,,,,,,1950.0,1950.0,,,,,,,,,,,,,,,,,,,,,,,,,,,,,,,,,,,,,1350.0,,,,,,,1200.0,1650.0,,,,,,,,,,1300.0,,,,1900.0,1800.0,1800.0,,,,1500.0,,1500.0,1500.0,,,,1500.0,1500.0,1500.0,,,,,,,,,,,,,,,,1650.0,1375.0,1600.0,,,1600.0,,,,,,1650.0,2900.0,1500.0,1300.0,,,1450.0,,1700.0
Columbia St Waterfront District,Brooklyn,neighborhood,,,1100.0,1100.0,,,1450.0,1350.0,,,,,1000.0,1250.0,1250.0,1250.0,1250.0,1650.0,1650.0,1750.0,2600.0,2250.0,3000.0,,1800.0,1310.0,1310.0,3800.0,3800.0,2250.0,2500.0,2500.0,3000.0,3300.0,3300.0,3800.0,,,,2450.0,1950.0,1804.0,1804.0,,1808.0,1808.0,1500.0,1500.0,2500.0,1900.0,2500.0,1575.0,1858.0,1858.0,1850.0,1858.0,1858.0,1750.0,2500.0,2350.0,2295.0,1750.0,1750.0,2214.0,1900.0,1900.0,2000.0,2000.0,2500.0,2400.0,2400.0,2350.0,2100.0,1995.0,1700.0,1500.0,1500.0,1700.0,1950.0,1950.0,1600.0,1600.0,,1500.0,1895.0,1895.0,1895.0,1800.0,1895.0,1950.0,1950.0,1925.0,1975.0,2000.0,1500.0,2700.0,2150.0,1925.0,1925.0,2000.0,2000.0,2200.0,2200.0,2100.0,,1350.0,1500.0,1700.0,2700.0,1700.0,,2999.0,2900.0,2900.0,2350.0,2200.0,2200.0,2100.0,1900.0,1900.0,1900.0,1900.0,1900.0,3400.0,2000.0,1900.0,1800.0,1800.0,1750.0,1600.0,1600.0,1500.0,1500.0,1500.0,1800.0,1950.0,1850.0,1700.0,1700.0,2100.0,1995.0,2500.0,2400.0,2300.0,1540.0,1540.0,6500.0,,,,,1795.0,2350.0,2100.0,2100.0,2100.0,2100.0,,3000.0,2300.0,2600.0,2750.0,2495.0,,2500.0,1913.0,1913.0,2000.0,2000.0,,2400.0,2295.0,2200.0,,,,,1673.0,,,2800.0,2700.0,1914.0,1914.0,,2600.0,2495.0,,,3100.0,3100.0,3250.0,3250.0,,2500.0,2500.0,2700.0,2606.0,2606.0,2395.0
Concourse,Bronx,neighborhood,2600.0,2600.0,,,,,,1500.0,1500.0,1500.0,1500.0,1500.0,1500.0,1300.0,1150.0,995.0,995.0,850.0,850.0,850.0,850.0,850.0,850.0,850.0,900.0,,,,,1175.0,925.0,975.0,899.0,995.0,995.0,1150.0,1100.0,1295.0,800.0,960.0,800.0,1195.0,,,,,,,,1395.0,1395.0,,1395.0,1095.0,1200.0,1200.0,1150.0,1050.0,1050.0,1050.0,1050.0,1095.0,1195.0,1195.0,1250.0,1108.0,1299.0,1250.0,1300.0,1150.0,1100.0,1050.0,1100.0,1100.0,1250.0,1125.0,1250.0,1400.0,1400.0,1325.0,1295.0,1299.0,1250.0,1200.0,1295.0,1295.0,1300.0,1250.0,1400.0,1400.0,1275.0,1275.0,1450.0,1450.0,1399.0,1450.0,1275.0,1295.0,1295.0,1381.0,1595.0,1574.0,1450.0,1450.0,1400.0,1400.0,1475.0,1500.0,1500.0,1450.0,1500.0,1500.0,1500.0,1500.0,1691.0,1500.0,1499.0,1512.0,1555.0,1599.0,1500.0,1650.0,1650.0,1594.0,1800.0,1500.0,1450.0,1549.0,1550.0,1599.0,1500.0,1544.0,1544.0,1549.0,1395.0,1549.0,1351.0,1323.0,1450.0,1450.0,1450.0,1450.0,1450.0,1450.0,1400.0,1430.0,1500.0,1500.0,1500.0,1550.0,1650.0,1695.0,1650.0,1700.0,1600.0,1600.0,1595.0,1595.0,1695.0,1650.0,1775.0,1750.0,1750.0,1800.0,1796.0,1800.0,1800.0,1991.0,1648.0,2125.0,1900.0,2374.0,1900.0,1765.0,2399.0,1900.0,1899.0,1899.0,2425.0,2200.0,2000.0,2375.0,2425.0,2100.0,2100.0,2259.0,2350.0,1900.0,1700.0,1750.0,1840.0,1675.0,1875.0,1995.0,1875.0,2047.0,2275.0,2657.0,2125.0,2075.0
Coney Island,Brooklyn,neighborhood,,,,,,,,,,,,,,,,,,,,,,,,,,,,,,,,,,1200.0,,,1200.0,,1225.0,,,,847.0,847.0,847.0,847.0,847.0,1250.0,,1250.0,1250.0,1250.0,1350.0,1350.0,,,,,,4999.0,4999.0,1500.0,1425.0,1525.0,1575.0,9000.0,9000.0,1495.0,1575.0,1575.0,1149.0,1625.0,1149.0,1650.0,1650.0,1740.0,,1581.0,1581.0,,1650.0,,1450.0,1649.0,,,1799.0,1799.0,1799.0,1775.0,1775.0,1549.0,1749.0,1800.0,1850.0,1405.0,1405.0,1600.0,1700.0,1900.0,1925.0,1875.0,1899.0,,,1862.0,,1950.0,1899.0,1899.0,1875.0,1875.0,1875.0,1875.0,1950.0,1950.0,1950.0,1850.0,1826.0,2040.0,1880.0,1850.0,1880.0,1880.0,1880.0,1880.0,1880.0,1850.0,1825.0,1700.0,1784.0,1788.0,1673.0,1695.0,1688.0,1673.0,1582.0,1594.0,1616.0,1669.0,1721.0,1744.0,1699.0,1721.0,1721.0,1763.0,1785.0,1781.0,1879.0,2088.0,2025.0,1800.0,2415.0,2415.0,2478.0,2478.0,2415.0,2292.0,2415.0,2460.0,2460.0,1600.0,2505.0,2530.0,2541.0,2450.0,2425.0,2259.0,2410.0,2665.0,2616.0,2342.0,2616.0,2342.0,2342.0,2024.0,2569.0,2670.0,2670.0,2670.0,2023.0,2453.0,1995.0,1250.0,4795.0,2739.0,,2294.0,2294.0,2453.0,2453.0,2700.0,1650.0,,,,,,,
Corona,Queens,neighborhood,950.0,950.0,950.0,950.0,900.0,900.0,900.0,900.0,900.0,900.0,900.0,900.0,900.0,900.0,900.0,900.0,900.0,900.0,900.0,900.0,950.0,950.0,950.0,,,,,,,,,,,,,,,,,,,,,,,,,,,,,1200.0,1500.0,1200.0,1125.0,1200.0,1200.0,1195.0,1195.0,1195.0,1195.0,1200.0,1295.0,1295.0,1395.0,1400.0,1425.0,1425.0,1435.0,1400.0,1395.0,1350.0,1395.0,1395.0,1465.0,1495.0,1475.0,1450.0,1425.0,1460.0,1515.0,1535.0,1455.0,1445.0,1480.0,1485.0,1485.0,1470.0,1470.0,1470.0,1495.0,1470.0,1475.0,1450.0,1480.0,1445.0,1520.0,1520.0,1515.0,1480.0,1455.0,1500.0,1660.0,1625.0,1650.0,1660.0,1600.0,1570.0,1520.0,1565.0,1575.0,1515.0,1495.0,1585.0,1608.0,1566.0,1611.0,1628.0,1600.0,1653.0,1639.0,1610.0,1625.0,1606.0,1595.0,1564.0,1580.0,1554.0,1524.0,1475.0,1435.0,1519.0,1534.0,1529.0,1499.0,1499.0,1509.0,1568.0,1626.0,1595.0,1550.0,1400.0,1674.0,1920.0,1515.0,1832.0,1926.0,1862.0,1908.0,1799.0,1940.0,1750.0,1750.0,1750.0,,2040.0,,,2026.0,2149.0,,1725.0,1725.0,1725.0,1400.0,2254.0,,2220.0,,1300.0,,,2300.0,2300.0,1500.0,,,,,2375.0,,,,,,1850.0,,1875.0,1800.0,1800.0,1643.0,1971.0,1971.0,1950.0,2000.0,2000.0,2000.0,2000.0,2015.0,1991.0
Country Club,Bronx,neighborhood,,,,,,,,,,,,,,,,,,,,,,1100.0,900.0,900.0,,,,,,,,,,,,,,,,,,,,,,,,,,,,,,,,,,,,,,,,,,,,,,1095.0,1095.0,,,,,,,,,,,,,,,,,1100.0,,,,,,,,,,,,,,,,,,,,,,,,,,,,,,,,,,,,,,,,,,,,,,,,,,,,,,,,,,,1700.0,1700.0,1700.0,1300.0,,,,,,,,,,,,,,,,,,,,,,,,,,,,,,,,,,,,,,,,,,,,,,,,,,
Crotona Park East,Bronx,neighborhood,,,,,,,,,,,,,,,,,,,,,,,,,,,,,,,,,,,,,,,,,,,,,,,,,,,,,,,,,,,,,,,,,,,,,,,,,,,,,,,,,,1000.0,,,,,,,,,,,,,,,,1125.0,,,,1300.0,1300.0,,,,,,,,,,,,,,,,,1604.0,1500.0,1512.0,1500.0,1500.0,1500.0,1400.0,1400.0,1650.0,1650.0,1575.0,1499.0,1499.0,,1750.0,1604.0,1604.0,,,,,,,,,,,1575.0,,2100.0,2200.0,1750.0,1980.0,2265.0,2265.0,1650.0,,,2081.0,,1675.0,,,,,,1800.0,,2025.0,2025.0,,,,,,,1500.0,1400.0,2696.0,2696.0,2525.0,2525.0,,,1550.0,,,,,,,,,,1500.0,1500.0,,,,,
Crown Heights,Brooklyn,neighborhood,4500.0,4500.0,2500.0,1150.0,1150.0,1075.0,1050.0,1225.0,3300.0,3300.0,1300.0,1100.0,1200.0,1300.0,1200.0,1050.0,1100.0,2000.0,1600.0,1400.0,1700.0,1400.0,1500.0,1400.0,1500.0,1500.0,1111.0,1750.0,1750.0,1050.0,1195.0,1195.0,1100.0,1500.0,1500.0,1550.0,1450.0,1200.0,1400.0,1350.0,1350.0,1850.0,1500.0,1550.0,1550.0,1500.0,1450.0,1250.0,1295.0,1395.0,1300.0,1300.0,1200.0,1500.0,1500.0,1850.0,2000.0,1600.0,1350.0,1400.0,1350.0,1400.0,1350.0,1325.0,1450.0,1575.0,1500.0,1595.0,1600.0,1600.0,1550.0,1512.0,1500.0,1550.0,1500.0,1475.0,1650.0,1800.0,1849.0,1800.0,1776.0,1800.0,1600.0,1675.0,1675.0,1675.0,1600.0,1699.0,1600.0,1675.0,1650.0,1750.0,1900.0,1895.0,1829.0,1800.0,1825.0,1825.0,1840.0,1840.0,1896.0,1725.0,1799.0,1800.0,1700.0,1750.0,1800.0,1800.0,1775.0,1900.0,1975.0,1799.0,1949.0,1895.0,2000.0,1995.0,1999.0,1999.0,1950.0,1895.0,1800.0,1899.0,1995.0,1875.0,1850.0,1820.0,1825.0,1799.0,1750.0,1695.0,1650.0,1699.0,1700.0,1650.0,1695.0,1675.0,1650.0,1750.0,1799.0,1800.0,1895.0,1800.0,1900.0,1800.0,1950.0,1811.0,1850.0,1900.0,2100.0,2025.0,2100.0,2250.0,2200.0,2300.0,2100.0,2150.0,2375.0,2200.0,2345.0,2499.0,2499.0,2436.0,2743.0,2595.0,2495.0,2499.0,2475.0,2575.0,2650.0,2650.0,2500.0,2398.0,2575.0,2500.0,2600.0,2713.0,2950.0,2700.0,2700.0,2800.0,3050.0,3045.0,3125.0,3100.0,2750.0,2900.0,2825.0,2732.0,2745.0,2900.0,2799.0,3000.0,2999.0,2990.0,2850.0,2850.0,3150.0,3016.0,3000.0,3000.0
DUMBO,Brooklyn,neighborhood,2650.0,2600.0,2800.0,2700.0,2775.0,2525.0,2400.0,2425.0,2498.0,3150.0,,,2250.0,2700.0,2500.0,2500.0,2500.0,2500.0,2500.0,3000.0,3500.0,3500.0,2300.0,2200.0,3333.0,3950.0,3950.0,2350.0,2500.0,3375.0,3375.0,3375.0,3275.0,2850.0,2650.0,3500.0,3500.0,2595.0,2450.0,2225.0,2650.0,2700.0,2500.0,2650.0,2650.0,3325.0,3325.0,2700.0,2700.0,2700.0,2840.0,2750.0,2750.0,3375.0,2900.0,3500.0,3350.0,3350.0,2970.0,2856.0,2874.0,2868.0,2880.0,3204.0,3234.0,3234.0,3500.0,3500.0,3348.0,3336.0,2850.0,2850.0,2958.0,2880.0,2875.0,3156.0,3156.0,3348.0,2750.0,3415.0,3260.0,3283.0,3293.0,3460.0,3486.0,3433.0,3298.0,2830.0,2945.0,3208.0,3100.0,3100.0,2850.0,3026.0,3400.0,3162.0,3026.0,3026.0,3208.0,3300.0,3112.0,3000.0,3197.0,3200.0,3000.0,2900.0,3049.0,3500.0,3200.0,3042.0,3163.0,3075.0,3071.0,3095.0,3295.0,3350.0,3588.0,3660.0,3795.0,3795.0,3500.0,3204.0,3250.0,3250.0,2796.0,3000.0,2996.0,2900.0,2849.0,3395.0,3195.0,2900.0,2895.0,2900.0,3000.0,3200.0,3500.0,3400.0,3400.0,2600.0,3195.0,3400.0,3195.0,3000.0,3250.0,3450.0,3495.0,3700.0,3595.0,3795.0,3690.0,3500.0,3695.0,3500.0,4075.0,3795.0,3500.0,3495.0,3900.0,4308.0,3750.0,3695.0,3895.0,3895.0,4200.0,3972.0,3895.0,3800.0,3750.0,4087.0,3995.0,3950.0,4200.0,4200.0,4225.0,3995.0,4103.0,3816.0,3898.0,3698.0,3721.0,3850.0,3724.0,3792.0,4000.0,4282.0,4227.0,4000.0,3958.0,3800.0,3618.0,3590.0,3872.0,3858.0,3686.0,3950.0,4000.0,3995.0,4047.0,4350.0
Ditmas Park,Brooklyn,neighborhood,945.0,945.0,945.0,7500.0,7500.0,7500.0,7500.0,7500.0,7500.0,7500.0,7500.0,7500.0,1350.0,1350.0,1350.0,1350.0,1050.0,1275.0,1275.0,1275.0,1150.0,1150.0,799.0,799.0,,1200.0,1200.0,1200.0,1100.0,1275.0,1400.0,1400.0,1295.0,1195.0,1150.0,1100.0,1300.0,1300.0,1100.0,,,1150.0,,1175.0,1175.0,1275.0,1275.0,1250.0,1200.0,1200.0,1200.0,1450.0,1275.0,1300.0,1500.0,1275.0,1275.0,1325.0,1400.0,1350.0,1425.0,1475.0,1400.0,1350.0,1375.0,1300.0,1350.0,1550.0,1575.0,1400.0,1550.0,1550.0,1550.0,1599.0,1500.0,1550.0,1595.0,1550.0,1500.0,1500.0,1525.0,1450.0,1475.0,1500.0,1400.0,1400.0,1475.0,1450.0,1475.0,1575.0,1575.0,1750.0,1525.0,1599.0,1500.0,1500.0,1575.0,1550.0,1525.0,1500.0,1499.0,1500.0,1425.0,1600.0,1599.0,1525.0,1575.0,1625.0,1650.0,1595.0,1575.0,1575.0,1695.0,1695.0,1575.0,1550.0,1650.0,1599.0,1400.0,1599.0,1800.0,1750.0,1650.0,1700.0,1699.0,1675.0,1650.0,1599.0,1600.0,1550.0,1575.0,1550.0,1575.0,1450.0,1595.0,1649.0,1645.0,1625.0,1550.0,1600.0,1600.0,1595.0,1625.0,1650.0,1750.0,1674.0,1500.0,1550.0,1550.0,1800.0,2000.0,2100.0,2149.0,1991.0,1750.0,1599.0,1800.0,1800.0,1650.0,2300.0,2300.0,2195.0,2195.0,2350.0,2182.0,1750.0,1695.0,2390.0,2105.0,2100.0,2000.0,1950.0,1750.0,2500.0,1727.0,2246.0,2295.0,1775.0,1900.0,1950.0,1800.0,1975.0,2223.0,2395.0,2450.0,2250.0,2250.0,2230.0,2075.0,1825.0,1850.0,2000.0,1850.0,2150.0,2312.0,2395.0,2399.0,2300.0,2300.0,2200.0
Douglaston,Queens,neighborhood,2000.0,2000.0,2000.0,1100.0,1100.0,1100.0,,,,,,,,,,,,,,,,,,,,,,,,,,,,,,,,,,,,,,,,,,,,,,,,,,,,,,,,,,,,,,,,,,,,,,,,,,,,,,,,,,,,,,,,,,,,,,,,,,,,,,,,1750.0,1750.0,,1750.0,,,,,,1450.0,,,4500.0,4400.0,,,1775.0,,,,,,,,,,,,,,,,,,,,,,,,,,1800.0,1800.0,,,,,,,,,,,,,2000.0,2000.0,1800.0,,,,,,,,,,,,,1800.0,1800.0,3175.0,3175.0,3175.0,3175.0,3300.0,3125.0,3125.0,3125.0,3125.0,,,2800.0,1800.0,,,,2999.0,2999.0
Downtown Brooklyn,Brooklyn,neighborhood,1695.0,1731.0,1750.0,1779.0,1800.0,1838.0,1800.0,1800.0,1800.0,1975.0,1975.0,1892.0,1646.0,1972.0,1795.0,1845.0,1925.0,1938.0,1950.0,1969.0,1971.0,2133.0,2160.0,2000.0,2195.0,2185.0,2150.0,2012.0,2100.0,2150.0,2205.0,2245.0,2280.0,2200.0,2300.0,2350.0,2400.0,2300.0,2200.0,2200.0,2295.0,2375.0,2260.0,2260.0,2300.0,2200.0,2150.0,2350.0,2370.0,2355.0,2330.0,2350.0,2423.0,2400.0,2425.0,2495.0,2500.0,2450.0,2380.0,2435.0,2531.0,2570.0,2590.0,2535.0,2617.0,2695.0,2705.0,2660.0,2590.0,2595.0,2575.0,2525.0,2490.0,2538.0,2530.0,2545.0,2557.0,2598.0,2617.0,2575.0,2575.0,2550.0,2469.0,2500.0,2391.0,2455.0,2495.0,2534.0,2539.0,2557.0,2600.0,2626.0,2630.0,2460.0,2410.0,2405.0,2417.0,2465.0,2476.0,2541.0,2587.0,2650.0,2695.0,2729.0,2660.0,2685.0,2640.0,2645.0,2640.0,2654.0,2690.0,2734.0,2770.0,2821.0,2818.0,2862.0,2815.0,2767.0,2741.0,2689.0,2755.0,2820.0,2765.0,2700.0,2650.0,2571.0,2500.0,2390.0,2300.0,2205.0,2110.0,2095.0,2202.0,2300.0,2350.0,2539.0,2595.0,2713.0,2895.0,3147.0,3050.0,3003.0,2990.0,2962.0,3149.0,3102.0,3193.0,3225.0,3325.0,3335.0,3400.0,3495.0,3320.0,3250.0,3313.0,3288.0,3240.0,3290.0,3295.0,3326.0,3482.0,3493.0,3566.0,3578.0,3527.0,3495.0,3495.0,3495.0,3495.0,3590.0,3425.0,3393.0,3410.0,3525.0,3550.0,3575.0,3565.0,3486.0,3460.0,3450.0,3510.0,3469.0,3549.0,3520.0,3495.0,3500.0,3575.0,3575.0,3631.0,3600.0,3550.0,3610.0,3560.0,3585.0,3590.0,3670.0,3650.0,3725.0,3756.0,3693.0
Dyker Heights,Brooklyn,neighborhood,,,,1000.0,1000.0,,925.0,925.0,925.0,1100.0,1050.0,1100.0,1100.0,1200.0,1200.0,1200.0,1200.0,1150.0,1050.0,1050.0,955.0,1095.0,955.0,2000.0,2000.0,2000.0,,,1500.0,1500.0,1500.0,1500.0,1500.0,,,,1300.0,1150.0,1275.0,1185.0,1185.0,1195.0,1195.0,1195.0,1195.0,1125.0,1125.0,1185.0,,1250.0,1330.0,1325.0,1295.0,,1295.0,1350.0,3000.0,925.0,1700.0,1700.0,1700.0,1700.0,1350.0,1295.0,1295.0,1495.0,1350.0,1395.0,1495.0,1450.0,1450.0,1395.0,,1200.0,,1350.0,1350.0,,1400.0,1400.0,1300.0,1300.0,1500.0,1500.0,1300.0,1300.0,1100.0,1250.0,1950.0,1999.0,1450.0,1599.0,2500.0,1295.0,,,,1799.0,1700.0,1150.0,1600.0,1400.0,1500.0,,1350.0,1500.0,1500.0,1400.0,1495.0,1495.0,1495.0,,1595.0,,1450.0,1495.0,1595.0,1595.0,1650.0,1650.0,1400.0,2000.0,2000.0,2000.0,1495.0,2500.0,1500.0,1525.0,1499.0,1400.0,1500.0,1400.0,1400.0,1400.0,1400.0,,1325.0,1375.0,1400.0,,,1495.0,1495.0,1450.0,1450.0,1295.0,1295.0,2000.0,,,1400.0,2060.0,2599.0,2700.0,1599.0,1599.0,1900.0,1600.0,2700.0,1600.0,2700.0,2700.0,1675.0,1600.0,,,2800.0,,,1499.0,1499.0,1650.0,1070.0,1750.0,1750.0,1750.0,1500.0,1695.0,1685.0,1595.0,,1795.0,1795.0,,1599.0,1599.0,,,,,,2650.0,1795.0,1695.0,1695.0,1795.0,,1850.0,,1745.0
East Elmhurst,Queens,neighborhood,,,,,,,,,,,,,,,,,,,,,,,,,,,,,,,,,,,,,,,,,,,,,4000.0,4000.0,4000.0,,,,,1900.0,1900.0,1800.0,,,,,,,,,,,,,,,925.0,925.0,,1200.0,,,,,,,,,,,1200.0,,,,,,,1050.0,,,,,,,,1050.0,,,,,,4500.0,1400.0,1350.0,1350.0,,1350.0,1350.0,1595.0,3500.0,1390.0,,,,1400.0,1400.0,1360.0,,,,,,1400.0,1300.0,1300.0,,2550.0,1800.0,1400.0,,,,,,,,,1400.0,1400.0,1400.0,1350.0,1350.0,1400.0,1400.0,1400.0,,1400.0,1400.0,,1400.0,,1400.0,1400.0,,1600.0,1500.0,,2000.0,2500.0,,1500.0,1500.0,,,,,,2000.0,1700.0,1700.0,1600.0,1500.0,,2700.0,1500.0,,,1500.0,,1500.0,1550.0,1550.0,1600.0,,,,,,,2000.0,2000.0,1900.0,1900.0,1600.0,2000.0,,,2000.0
East Flatbush,Brooklyn,neighborhood,1900.0,1395.0,1700.0,1050.0,975.0,975.0,925.0,875.0,975.0,750.0,750.0,975.0,975.0,750.0,850.0,850.0,850.0,750.0,750.0,750.0,750.0,750.0,1000.0,850.0,750.0,750.0,900.0,750.0,750.0,,1000.0,1250.0,1000.0,1000.0,1050.0,1050.0,1075.0,975.0,975.0,975.0,1150.0,1150.0,2000.0,2000.0,1675.0,1400.0,1200.0,1050.0,1050.0,1050.0,1000.0,1000.0,975.0,975.0,975.0,1295.0,1500.0,1300.0,1500.0,1199.0,1100.0,1050.0,1050.0,1225.0,1250.0,1225.0,1250.0,1200.0,1295.0,1195.0,1195.0,1195.0,1195.0,1250.0,1195.0,1195.0,1195.0,1375.0,1400.0,1350.0,1400.0,1445.0,1445.0,1350.0,1375.0,1350.0,1350.0,1375.0,1375.0,1375.0,1400.0,1350.0,1350.0,1400.0,1350.0,1495.0,1450.0,1450.0,1400.0,1500.0,1525.0,1471.0,1471.0,1550.0,1450.0,1400.0,1450.0,1475.0,1475.0,1425.0,1400.0,1450.0,1400.0,750.0,1500.0,1575.0,1550.0,1600.0,1500.0,1500.0,1500.0,1995.0,2062.0,1999.0,1938.0,1550.0,1550.0,1650.0,1650.0,1650.0,1600.0,1599.0,1650.0,1599.0,1581.0,1581.0,1581.0,1800.0,1800.0,1500.0,1700.0,1475.0,1510.0,1500.0,1549.0,1850.0,1800.0,1466.0,1700.0,1999.0,1484.0,1600.0,1575.0,1750.0,1750.0,1775.0,1700.0,2000.0,1800.0,1900.0,2250.0,2250.0,2375.0,2295.0,2350.0,2350.0,2350.0,2300.0,2299.0,1900.0,1650.0,1900.0,2150.0,2127.0,2250.0,2495.0,2300.0,2250.0,2167.0,2100.0,2250.0,2400.0,2000.0,2399.0,2000.0,2195.0,2195.0,2541.0,2541.0,2300.0,2076.0,2125.0,2350.0,2350.0,2350.0,2350.0,2175.0,2400.0,2350.0,2295.0
East Harlem,Manhattan,neighborhood,1400.0,1400.0,1400.0,1400.0,1400.0,1400.0,1650.0,1900.0,1930.0,1750.0,1750.0,1449.0,1595.0,1075.0,1050.0,1500.0,1500.0,1725.0,1650.0,1750.0,1725.0,1725.0,1725.0,1600.0,1500.0,1650.0,1650.0,1600.0,1650.0,1595.0,1675.0,1738.0,1700.0,1650.0,1650.0,1595.0,1400.0,1450.0,1675.0,1675.0,1750.0,1600.0,1600.0,1750.0,1350.0,1350.0,1400.0,1400.0,1625.0,1400.0,1349.0,1350.0,1350.0,1695.0,1750.0,1700.0,1600.0,1490.0,1595.0,1600.0,1650.0,1600.0,1550.0,1450.0,1600.0,1600.0,1600.0,1550.0,1550.0,1695.0,1795.0,1625.0,1650.0,1650.0,1700.0,1600.0,1550.0,1500.0,1525.0,1525.0,1595.0,1600.0,1699.0,1700.0,1800.0,1750.0,1750.0,1750.0,1750.0,1750.0,1800.0,1700.0,1700.0,1749.0,1750.0,1775.0,1775.0,1850.0,1800.0,1750.0,1850.0,1795.0,1750.0,1850.0,1800.0,1850.0,1750.0,1735.0,1795.0,1800.0,1795.0,1825.0,1800.0,1850.0,1900.0,1875.0,1950.0,1975.0,1850.0,1850.0,1846.0,1846.0,1850.0,1895.0,1800.0,1795.0,1795.0,1750.0,1675.0,1700.0,1600.0,1692.0,1625.0,1692.0,1600.0,1700.0,1700.0,1700.0,1795.0,1800.0,1700.0,1775.0,1825.0,1700.0,1750.0,1850.0,1895.0,1945.0,1945.0,2050.0,2050.0,2200.0,2000.0,2400.0,1995.0,2000.0,2241.0,2195.0,2260.0,2245.0,2395.0,2459.0,2200.0,2350.0,2295.0,2295.0,2350.0,2350.0,2250.0,2314.0,2314.0,2180.0,2250.0,2250.0,2395.0,2300.0,2500.0,2450.0,2325.0,2531.0,2295.0,2350.0,2400.0,2375.0,2500.0,2550.0,2500.0,2650.0,2595.0,2500.0,2650.0,2650.0,2595.0,2700.0,2450.0,2495.0,2495.0,2495.0,2595.0,2500.0
East New York,Brooklyn,neighborhood,,,,,,,,,,,,,,,,1800.0,1800.0,1800.0,1800.0,,800.0,800.0,800.0,800.0,950.0,950.0,1050.0,950.0,2200.0,2200.0,2200.0,,,,,,,,2500.0,2500.0,2500.0,2500.0,2500.0,2500.0,1195.0,1195.0,1195.0,1195.0,1195.0,1195.0,1195.0,2500.0,2500.0,,800.0,800.0,,,,1000.0,756.0,1000.0,,3500.0,3500.0,1100.0,3500.0,3500.0,3500.0,3500.0,3500.0,3500.0,1500.0,1000.0,1650.0,3000.0,3000.0,3000.0,3000.0,3000.0,12000.0,1350.0,,1275.0,1250.0,1200.0,1200.0,1000.0,1000.0,1100.0,1100.0,,1275.0,1495.0,1550.0,1495.0,1250.0,2850.0,1299.0,,,1400.0,1400.0,1800.0,1300.0,4500.0,1450.0,4500.0,1499.0,1375.0,,,1598.0,1600.0,1600.0,1598.0,1650.0,1499.0,1299.0,1299.0,1750.0,1725.0,1550.0,,,2000.0,1550.0,1549.0,1550.0,1400.0,1575.0,1575.0,1550.0,1550.0,1299.0,1299.0,1250.0,1742.0,1500.0,1500.0,1500.0,1500.0,1375.0,1400.0,1792.0,1792.0,2100.0,2100.0,1838.0,2100.0,1900.0,1500.0,1500.0,,1250.0,1700.0,1200.0,,,,2175.0,1975.0,1650.0,1649.0,1500.0,1800.0,1595.0,1495.0,1700.0,3045.0,2624.0,2335.0,2175.0,2200.0,2650.0,2371.0,2280.0,3050.0,3050.0,3050.0,2440.0,3125.0,2192.0,2140.0,2200.0,2200.0,3125.0,2750.0,2525.0,3100.0,3075.0,2750.0,2750.0,2492.0,2646.0,2800.0,2800.0,3250.0,2975.0,2975.0
East Tremont,Bronx,neighborhood,,,,,,,,,,,,,,,,,,,,,,,,,,,,,,,,,,,,,,,,,,,,,,,,,,,,,,,,,,8500.0,854.0,875.0,875.0,8500.0,1150.0,1150.0,1150.0,,1100.0,1150.0,1150.0,1000.0,4000.0,,,,868.0,868.0,868.0,1050.0,1050.0,1050.0,1250.0,1250.0,1250.0,,,1250.0,1250.0,,,,1275.0,1275.0,1275.0,1275.0,,,,1275.0,1275.0,1275.0,,1325.0,,1325.0,1325.0,1325.0,1385.0,1385.0,1375.0,1375.0,1650.0,1375.0,1375.0,850.0,,,1555.0,1555.0,,,,1600.0,1550.0,,,1650.0,1600.0,1550.0,1550.0,1550.0,1490.0,1550.0,1550.0,,1475.0,1814.0,1395.0,1814.0,,1800.0,1800.0,,1450.0,1395.0,1395.0,1450.0,1500.0,1300.0,,,,1475.0,1475.0,,,1772.0,1772.0,1772.0,1400.0,1400.0,2236.0,2236.0,,,,2350.0,1787.0,1800.0,1800.0,,2300.0,1900.0,1900.0,2000.0,2525.0,,,,,,2525.0,2050.0,2050.0,2502.0,1400.0,2450.0,1420.0,,,,,,,1750.0,,2493.0,1495.0,2493.0,,
East Village,Manhattan,neighborhood,1675.0,1775.0,1795.0,1800.0,1800.0,1850.0,1800.0,1850.0,1850.0,1900.0,1900.0,1900.0,1950.0,1895.0,1800.0,1850.0,1900.0,1900.0,1795.0,1800.0,1850.0,1800.0,1955.0,1950.0,1900.0,2000.0,2000.0,2000.0,2000.0,2000.0,1995.0,2000.0,2025.0,2000.0,2000.0,2050.0,2050.0,2100.0,2100.0,2100.0,2150.0,2200.0,2200.0,2250.0,2290.0,2495.0,2100.0,2100.0,2200.0,2275.0,2195.0,2195.0,2200.0,2100.0,2200.0,2200.0,2150.0,2195.0,2195.0,2150.0,2075.0,2075.0,2035.0,2175.0,2150.0,2190.0,2145.0,2250.0,2200.0,2150.0,2162.0,2295.0,2200.0,2200.0,2250.0,2300.0,2350.0,2300.0,2300.0,2295.0,2250.0,2250.0,2350.0,2337.0,2338.0,2300.0,2299.0,2245.0,2200.0,2250.0,2250.0,2200.0,2200.0,2250.0,2200.0,2170.0,2150.0,2200.0,2195.0,2275.0,2250.0,2250.0,2250.0,2295.0,2225.0,2175.0,2175.0,2200.0,2350.0,2275.0,2150.0,2291.0,2300.0,2383.0,2375.0,2300.0,2395.0,2325.0,2395.0,2375.0,2400.0,2400.0,2375.0,2350.0,2200.0,2195.0,2100.0,2025.0,1900.0,1925.0,1925.0,1900.0,1900.0,1895.0,1899.0,1950.0,2000.0,2100.0,2200.0,2298.0,2350.0,2400.0,2495.0,2495.0,2400.0,2508.0,2508.0,2595.0,2695.0,2740.0,2750.0,2725.0,2699.0,2600.0,2600.0,2650.0,2600.0,2700.0,2650.0,2750.0,2700.0,2700.0,2700.0,2750.0,2750.0,2750.0,2600.0,2600.0,2600.0,2695.0,2625.0,2745.0,2800.0,2795.0,2850.0,2850.0,2800.0,2799.0,2726.0,2725.0,2800.0,2895.0,2800.0,2900.0,2995.0,3150.0,3250.0,3200.0,3150.0,3200.0,3200.0,3000.0,3050.0,3250.0,3425.0,3650.0,3495.0,3495.0,3550.0,3400.0
Eastchester,Bronx,neighborhood,,,,,,,,,,,,,,,,,,,,,,,,,,,,,,,,,,,,,,,,,,,,,,,,,,,,,,,,,,,,,,,,,,,,,,,,,,,,,,,,,,,,,,,,,,,,,,,,,,,,,,,,,,,1200.0,,,,,,,,,,,,,,,,,,,,,,,1200.0,,,,,,,,,,,,,,,,,,,,,,,,,,,,,,,,,,,,,,,,,,,,,,,,,,,,,,,,,,,,,,,,,,,,,,
Edenwald,Bronx,neighborhood,,,,,,,,,,,,,,,,,,,,,,,,,,,,,,,,,,,,,,850.0,850.0,,,,,,,,,,,,,,,,,,,900.0,,,,,,,,,,,,,,,,,,,,,,,,,,,,,,,,,,,,,,,,,,,,,,,,,,,,,,,,1495.0,1495.0,1495.0,1450.0,,,,,,,,,,,,,,,,,,,,,,,,,,,,,,2250.0,2250.0,,,,,,,,,1500.0,1500.0,1400.0,,,,,1200.0,1000.0,,,,,,,,,,,,,,,,,,,,,,3200.0,3200.0,,,,,,,,,,,,
Elmhurst,Queens,neighborhood,1050.0,1050.0,1050.0,995.0,995.0,995.0,895.0,1000.0,1000.0,1000.0,995.0,950.0,1150.0,1150.0,925.0,1075.0,1075.0,1095.0,1050.0,1175.0,995.0,1150.0,1180.0,925.0,1200.0,1100.0,1100.0,1100.0,1225.0,1225.0,1250.0,1340.0,1275.0,1275.0,1450.0,1450.0,1250.0,1250.0,1250.0,1285.0,1200.0,1100.0,2500.0,1250.0,1150.0,1400.0,1250.0,1250.0,1200.0,1150.0,1350.0,1425.0,1425.0,1325.0,1325.0,1450.0,1350.0,1325.0,1325.0,1300.0,1400.0,1295.0,1550.0,1550.0,1450.0,1525.0,1550.0,1525.0,1550.0,1425.0,1300.0,1450.0,1550.0,1550.0,1375.0,1499.0,1425.0,1450.0,1550.0,1550.0,1400.0,1499.0,1600.0,1625.0,1380.0,1520.0,1500.0,1475.0,1550.0,1400.0,1400.0,1525.0,1375.0,1470.0,1450.0,1475.0,1550.0,1650.0,1600.0,1500.0,1512.0,1470.0,1549.0,1575.0,1500.0,1495.0,1550.0,1500.0,1495.0,1558.0,1558.0,1575.0,1525.0,1675.0,1530.0,1650.0,1627.0,1650.0,1650.0,1590.0,1600.0,1600.0,1675.0,1725.0,1595.0,1600.0,1590.0,1625.0,1550.0,1575.0,1500.0,1535.0,1500.0,1550.0,1495.0,1499.0,1500.0,1416.0,1400.0,1495.0,1545.0,1595.0,1600.0,1725.0,1695.0,1650.0,1650.0,1650.0,1600.0,1630.0,1650.0,1650.0,1595.0,1650.0,1699.0,1700.0,1695.0,1799.0,1700.0,1690.0,1700.0,1775.0,1849.0,1825.0,1700.0,1700.0,1800.0,1750.0,1875.0,1870.0,1900.0,1950.0,1950.0,1950.0,1950.0,1800.0,1850.0,1900.0,1800.0,1875.0,1899.0,1950.0,1895.0,1800.0,1875.0,1900.0,1995.0,1995.0,2000.0,2000.0,1999.0,1900.0,2050.0,1995.0,1995.0,2000.0,2100.0,2050.0,2250.0,2195.0
Financial District,Manhattan,neighborhood,2525.0,2400.0,2300.0,2300.0,2500.0,2500.0,2500.0,2495.0,2500.0,2630.0,2470.0,2450.0,2500.0,2500.0,2595.0,2545.0,2550.0,2600.0,2650.0,2600.0,2700.0,2770.0,2616.0,2525.0,2565.0,2550.0,2525.0,2650.0,2630.0,2650.0,2695.0,2650.0,2795.0,2700.0,2700.0,2695.0,2675.0,2675.0,2650.0,2650.0,2675.0,2725.0,2695.0,2750.0,2775.0,2750.0,2775.0,2740.0,2725.0,2750.0,2775.0,2760.0,2775.0,2750.0,2750.0,2800.0,2895.0,2900.0,2975.0,2975.0,2895.0,2900.0,2900.0,2945.0,2995.0,2950.0,2983.0,2995.0,3000.0,3027.0,2960.0,2995.0,2925.0,2900.0,2958.0,2995.0,2995.0,3000.0,2960.0,2995.0,2931.0,2895.0,2820.0,2795.0,2750.0,2785.0,2792.0,2780.0,2825.0,2850.0,2900.0,3000.0,3015.0,2990.0,2850.0,2824.0,2850.0,2890.0,2883.0,2875.0,2995.0,2950.0,3073.0,3138.0,3100.0,3050.0,3000.0,3000.0,3000.0,3000.0,3033.0,3120.0,3160.0,3160.0,3195.0,3158.0,3130.0,3128.0,3120.0,3082.0,3195.0,3250.0,3200.0,3059.0,2975.0,2850.0,2708.0,2569.0,2388.0,2490.0,2495.0,2375.0,2395.0,2455.0,2525.0,2660.0,2783.0,2975.0,3195.0,3250.0,3275.0,3250.0,3275.0,3400.0,3490.0,3572.0,3550.0,3644.0,3600.0,3605.0,3550.0,3600.0,3675.0,3568.0,3526.0,3500.0,3543.0,3550.0,3536.0,3647.0,3700.0,3785.0,3730.0,3750.0,3692.0,3635.0,3597.0,3650.0,3685.0,3656.0,3733.0,3883.0,3900.0,3950.0,3944.0,3817.0,3783.0,3650.0,3800.0,3792.0,3785.0,3900.0,3900.0,3900.0,3895.0,3900.0,3946.0,3971.0,3995.0,3973.0,3989.0,3971.0,4025.0,4086.0,4125.0,4135.0,4198.0,4198.0,4203.0,4224.0
Flatbush,Brooklyn,neighborhood,1395.0,850.0,,1050.0,1050.0,1050.0,,1000.0,,,1000.0,1000.0,1000.0,1000.0,1000.0,1000.0,895.0,895.0,1075.0,1075.0,1050.0,1050.0,1025.0,1000.0,975.0,1000.0,,1150.0,1150.0,1095.0,1150.0,1100.0,1100.0,975.0,975.0,925.0,1050.0,950.0,1100.0,,1200.0,1200.0,1108.0,1108.0,1000.0,1150.0,1100.0,1125.0,1125.0,1050.0,1050.0,1050.0,2036.0,1100.0,1100.0,1300.0,1325.0,1260.0,1204.0,1150.0,995.0,1250.0,1300.0,1299.0,1300.0,1400.0,1375.0,1300.0,1300.0,1300.0,1300.0,1300.0,1300.0,1400.0,1400.0,1300.0,1375.0,1375.0,1375.0,1450.0,1425.0,1425.0,1475.0,1495.0,1425.0,1550.0,1475.0,1475.0,1450.0,1425.0,1350.0,1350.0,1400.0,1375.0,1300.0,1350.0,1500.0,1450.0,1500.0,1500.0,1595.0,1550.0,1595.0,1994.0,1625.0,1595.0,1499.0,1499.0,1550.0,1595.0,1595.0,1550.0,1555.0,1650.0,1625.0,1745.0,1699.0,1750.0,1750.0,1695.0,1772.0,1650.0,1600.0,1875.0,2020.0,1999.0,1890.0,1800.0,1690.0,1690.0,1550.0,1550.0,1637.0,1649.0,1599.0,1550.0,1599.0,1733.0,1800.0,1799.0,1833.0,1675.0,1600.0,1595.0,1649.0,1979.0,1925.0,1700.0,2150.0,2468.0,2200.0,2150.0,2349.0,2200.0,2150.0,2125.0,2150.0,2150.0,2150.0,2270.0,2350.0,2400.0,2390.0,2400.0,2350.0,2399.0,2350.0,2399.0,2399.0,2250.0,2300.0,2200.0,2360.0,2450.0,2500.0,2425.0,2445.0,2299.0,2572.0,2540.0,2670.0,2300.0,2200.0,2421.0,2400.0,2500.0,2644.0,2650.0,2631.0,2631.0,2500.0,2495.0,2495.0,2495.0,2650.0,2700.0,2995.0,2769.0,2765.0,2750.0
Flatiron,Manhattan,neighborhood,2500.0,2300.0,2150.0,2500.0,2500.0,2550.0,2495.0,2495.0,2625.0,2450.0,2650.0,2400.0,2500.0,2550.0,2700.0,2795.0,2600.0,2600.0,2650.0,2495.0,2695.0,2600.0,2600.0,2825.0,2675.0,2750.0,2695.0,2695.0,2695.0,2650.0,2870.0,2750.0,3050.0,2890.0,2595.0,2690.0,2745.0,2825.0,2910.0,2895.0,2907.0,2895.0,3000.0,3000.0,2925.0,3064.0,2895.0,2873.0,2995.0,3213.0,3095.0,3215.0,3215.0,3000.0,3050.0,2950.0,3150.0,3460.0,3475.0,3443.0,3500.0,3400.0,3520.0,3500.0,3523.0,3500.0,3450.0,3500.0,3295.0,3195.0,3146.0,3100.0,3195.0,3350.0,3195.0,3286.0,3300.0,3355.0,3285.0,3250.0,3325.0,3295.0,3232.0,3275.0,3200.0,3245.0,3320.0,3300.0,3295.0,3295.0,3250.0,3095.0,3025.0,3200.0,3225.0,3225.0,3350.0,3390.0,3285.0,3350.0,3275.0,3250.0,3283.0,3300.0,3450.0,3200.0,3200.0,3200.0,3122.0,3450.0,3329.0,3395.0,3400.0,3400.0,3500.0,3495.0,3430.0,3300.0,3295.0,3320.0,3400.0,3400.0,3415.0,3400.0,3265.0,3103.0,2915.0,2840.0,2660.0,2750.0,2660.0,2625.0,2695.0,2765.0,2687.0,2800.0,3000.0,3100.0,3100.0,3218.0,3495.0,3870.0,4027.0,4000.0,3895.0,4023.0,3926.0,3950.0,3995.0,4008.0,4171.0,3950.0,3950.0,3795.0,3905.0,4005.0,3995.0,4248.0,4055.0,4160.0,3900.0,4169.0,4099.0,4125.0,4085.0,3891.0,3800.0,4000.0,4192.0,4250.0,4250.0,4514.0,4345.0,4250.0,4200.0,4195.0,4195.0,4095.0,4150.0,4070.0,4244.0,4605.0,4650.0,4432.0,4315.0,4300.0,4250.0,4400.0,4300.0,4310.0,4305.0,4295.0,4387.0,4627.0,4929.0,4850.0,4825.0,4760.0,4797.0,4778.0
Flatlands,Brooklyn,neighborhood,,,,,,,,,,,,,,,,,,,,,,,,,,,,,,,,,,,,,,,,,,,,,,,,,,,,,,,,,,,,,,,,,,,,,,,,,,,7200.0,7200.0,4000.0,4000.0,4000.0,4000.0,1100.0,1350.0,4000.0,,,,,,,,,,,,,,,1400.0,,,,,,1350.0,,,,,,,1375.0,,,,,,1250.0,,,,,,,,,,,,,1300.0,,,1375.0,1375.0,,,,,,1350.0,,,,1100.0,1100.0,1395.0,,,,,,,,,,,1650.0,1600.0,1550.0,1550.0,,,,,,,,1500.0,,,,,,,,,,,,,,,,,,,,,,,,,,,,,,,,
Floral Park,Queens,neighborhood,,,,,,,,,,,,,,,,,,,,,,,,,,,,,,,,,,,,,,,3500.0,3500.0,3500.0,3500.0,,3500.0,3500.0,,,,,,,,,,,,,,,,,,,,,,,,,,,,,,,,,,,,,,,,,,,,,,,,,,,,,,,,,,,,,,,,,,,,,,,,,,,,,,,,,,,,,,,,,,,,,,,,,,,,,,,,,,,,,,,,,,,,,,,,,,,,,,,,,,,,,,,,,,,,,,,,,,,,,,,,,,,
Flushing,Queens,neighborhood,895.0,1050.0,900.0,850.0,1150.0,1090.0,895.0,895.0,1100.0,1150.0,1150.0,1150.0,1125.0,1075.0,2500.0,1090.0,1090.0,1125.0,1125.0,1050.0,1050.0,1050.0,1050.0,900.0,900.0,900.0,1050.0,1050.0,1050.0,1090.0,1090.0,1090.0,1125.0,1125.0,1125.0,1125.0,1050.0,900.0,900.0,1100.0,1100.0,1100.0,1225.0,1250.0,1295.0,1295.0,1225.0,1225.0,1225.0,1200.0,1200.0,1225.0,1325.0,1250.0,1375.0,1275.0,1350.0,1280.0,1280.0,1280.0,1295.0,1300.0,1350.0,1350.0,1375.0,1345.0,1345.0,1250.0,1295.0,1395.0,1350.0,1355.0,1395.0,1400.0,1400.0,1400.0,1450.0,1425.0,1450.0,1500.0,1650.0,1400.0,1400.0,1500.0,1495.0,1650.0,1430.0,1425.0,1475.0,1700.0,1700.0,1495.0,1495.0,1425.0,1559.0,1525.0,1525.0,1500.0,1550.0,1550.0,1650.0,1475.0,1500.0,1625.0,1500.0,1500.0,1595.0,1575.0,1595.0,1595.0,1575.0,1595.0,1600.0,1740.0,1737.0,1695.0,1604.0,1605.0,1600.0,1599.0,1600.0,1550.0,1475.0,1550.0,1600.0,1650.0,1615.0,1595.0,1550.0,1571.0,1500.0,1529.0,1500.0,1500.0,1495.0,1550.0,1595.0,1500.0,1600.0,1500.0,1500.0,1595.0,1550.0,1450.0,1525.0,1550.0,1575.0,1600.0,1600.0,1675.0,1650.0,1625.0,1650.0,1650.0,1700.0,1625.0,1675.0,1675.0,1690.0,1675.0,1725.0,1720.0,1700.0,1725.0,1750.0,1800.0,1700.0,1650.0,1750.0,1750.0,1750.0,1795.0,1799.0,1858.0,1800.0,1800.0,1895.0,1895.0,1750.0,1750.0,1795.0,1700.0,1800.0,1850.0,1779.0,1799.0,2045.0,2095.0,2095.0,2045.0,1875.0,1850.0,2000.0,1975.0,2226.0,2050.0,2000.0,2235.0,2200.0,2200.0
Fordham,Bronx,neighborhood,,,,,,,,,,,,,,,,,,,,,,,795.0,795.0,,,,,,,,,,850.0,850.0,850.0,,,,,,,,900.0,850.0,,,,950.0,925.0,,,900.0,925.0,,,,950.0,950.0,950.0,950.0,,,1050.0,950.0,950.0,,,,925.0,950.0,1000.0,1000.0,975.0,1275.0,1100.0,1100.0,1100.0,1375.0,1025.0,,1325.0,1150.0,1175.0,1350.0,1350.0,1325.0,1325.0,2175.0,2275.0,2285.0,2285.0,1660.0,1660.0,1660.0,1660.0,1660.0,1660.0,1660.0,1660.0,1845.0,1250.0,,,2500.0,2500.0,1225.0,,,1525.0,1400.0,1400.0,1325.0,1325.0,1350.0,1075.0,,,,1348.0,1350.0,,,,1458.0,1450.0,,1375.0,1375.0,1495.0,1550.0,1500.0,1445.0,1445.0,1445.0,1500.0,1225.0,1400.0,1250.0,1415.0,1415.0,1225.0,1300.0,1375.0,1375.0,1395.0,1800.0,1400.0,1350.0,1400.0,1400.0,1213.0,1250.0,1350.0,1350.0,,1495.0,1450.0,1495.0,2000.0,2000.0,2099.0,2100.0,1475.0,1495.0,2000.0,1595.0,1595.0,1704.0,1595.0,1575.0,1575.0,1438.0,1395.0,1475.0,1595.0,2100.0,1800.0,1850.0,1340.0,1475.0,1845.0,1450.0,1450.0,1850.0,1545.0,1545.0,1425.0,1425.0,1600.0,1500.0,1500.0,1425.0,1425.0,1425.0,1425.0,1525.0,1750.0,1750.0,2200.0
Forest Hills,Queens,neighborhood,1295.0,1300.0,1200.0,1100.0,1100.0,1250.0,1250.0,1225.0,1249.0,1200.0,1200.0,1100.0,1100.0,1200.0,1200.0,1450.0,1450.0,1500.0,1500.0,1450.0,1350.0,1550.0,1550.0,1495.0,1550.0,1550.0,1650.0,1425.0,1500.0,1575.0,1595.0,1475.0,1495.0,1500.0,1500.0,1550.0,1500.0,1450.0,1495.0,1300.0,1425.0,1350.0,1375.0,1425.0,1450.0,1600.0,1450.0,1425.0,1425.0,1399.0,1400.0,1470.0,1600.0,1565.0,1450.0,1450.0,1450.0,1450.0,1450.0,1450.0,1565.0,1400.0,1400.0,1400.0,1450.0,1450.0,1495.0,1500.0,1500.0,1500.0,1475.0,1500.0,1550.0,1500.0,1500.0,1500.0,1550.0,1595.0,1575.0,1550.0,1550.0,1595.0,1595.0,1595.0,1550.0,1525.0,1525.0,1525.0,1550.0,1550.0,1550.0,1550.0,1550.0,1575.0,1600.0,1575.0,1575.0,1575.0,1550.0,1575.0,1575.0,1600.0,1600.0,1599.0,1595.0,1550.0,1575.0,1575.0,1595.0,1599.0,1599.0,1650.0,1645.0,1650.0,1650.0,1625.0,1638.0,1635.0,1619.0,1600.0,1650.0,1675.0,1625.0,1595.0,1600.0,1625.0,1625.0,1625.0,1595.0,1590.0,1595.0,1550.0,1575.0,1595.0,1550.0,1590.0,1595.0,1595.0,1575.0,1600.0,1650.0,1650.0,1650.0,1650.0,1625.0,1625.0,1625.0,1695.0,1700.0,1700.0,1700.0,1775.0,1850.0,1725.0,1750.0,1750.0,1775.0,1800.0,1700.0,1750.0,1900.0,1800.0,1850.0,1850.0,1850.0,1850.0,1850.0,1800.0,1849.0,1800.0,1850.0,2000.0,2000.0,2050.0,1995.0,2095.0,1875.0,1900.0,2000.0,1975.0,1950.0,1950.0,1900.0,1985.0,1975.0,2150.0,2300.0,2300.0,2295.0,2325.0,2100.0,2175.0,2000.0,2150.0,2199.0,2100.0,2200.0,2150.0,2250.0,2400.0
Fort Greene,Brooklyn,neighborhood,1965.0,1450.0,1375.0,1450.0,1600.0,1600.0,1695.0,1650.0,1695.0,1600.0,1600.0,1500.0,1525.0,1550.0,1595.0,1600.0,1500.0,1900.0,1600.0,1800.0,1800.0,1695.0,1550.0,1600.0,2000.0,1850.0,1700.0,2250.0,1900.0,1950.0,1725.0,2200.0,1900.0,2200.0,2000.0,2200.0,2200.0,1875.0,1795.0,2195.0,1800.0,1900.0,2300.0,1800.0,1795.0,2200.0,2125.0,2229.0,2390.0,2350.0,2150.0,2150.0,2276.0,2375.0,2200.0,2000.0,2100.0,2000.0,2150.0,2200.0,2000.0,2100.0,2000.0,1926.0,1926.0,1900.0,2100.0,2175.0,2300.0,2400.0,2338.0,2300.0,2300.0,2200.0,2275.0,2100.0,2095.0,2100.0,2400.0,2625.0,2529.0,2500.0,2640.0,2300.0,2400.0,2300.0,2570.0,2605.0,2600.0,2615.0,2665.0,2675.0,2600.0,2483.0,2500.0,2520.0,2400.0,2200.0,2300.0,2500.0,2550.0,2375.0,2500.0,2486.0,2486.0,2357.0,2379.0,2397.0,2500.0,2355.0,2500.0,2590.0,2676.0,2679.0,2585.0,2500.0,2395.0,2733.0,2590.0,2741.0,2760.0,2763.0,2663.0,2704.0,2580.0,2392.0,2300.0,2269.0,2167.0,2250.0,2250.0,2395.0,2400.0,2500.0,2390.0,2390.0,2500.0,2500.0,2450.0,2925.0,2846.0,2391.0,2700.0,2880.0,2970.0,3000.0,3057.0,3166.0,3290.0,3450.0,3555.0,3150.0,3275.0,3135.0,3150.0,3152.0,3131.0,3100.0,3250.0,3255.0,3304.0,3198.0,3000.0,3100.0,3295.0,3200.0,3000.0,3165.0,3425.0,3370.0,3250.0,3350.0,3495.0,3453.0,3350.0,3350.0,3451.0,3376.0,3236.0,3325.0,3023.0,3150.0,3200.0,3405.0,3466.0,3475.0,3495.0,3470.0,3495.0,3500.0,3475.0,3400.0,3495.0,3520.0,3585.0,3595.0,3585.0,3615.0,3600.0,3575.0
Fresh Meadows,Queens,neighborhood,,,,,,,,,,,,,,,,,,,,,,,,,,,,,,,,,,,,,,,,,,,,,,,,,,,,,,,,,,,,,,,,,,,,,,,,,,,,,,,,,,,1700.0,,,,,,,,,,,,,,,,,,,,,,,,,,,,,,,,1783.0,1625.0,,,,,,,,,,,,,,,,,,,,,,1675.0,1675.0,1675.0,,,,1450.0,4999.0,,,,,,,,,,,,,,,,,,,,,,,,,,1700.0,1600.0,1700.0,,,,2300.0,1900.0,1900.0,,,,1800.0,1850.0,1850.0,1850.0,,,1900.0,1850.0,1900.0,1950.0,1995.0,1950.0,1950.0,1900.0,1950.0,1895.0,1950.0,1950.0
Gerritsen Beach,Brooklyn,neighborhood,,,,,,,,,,,,,,,,,,,,,,,,,,,,,,,,,,,,,,,,,,,,,,,,,,,,,,,,,,,,,,,,,,,,,,,,,,,,,,,,,,,,,,,,,,,,1900.0,1900.0,1900.0,1900.0,1900.0,2400.0,2550.0,1750.0,1750.0,1750.0,1800.0,2300.0,,,,,,,,,,,2499.0,2499.0,,,,,,,,,3000.0,,3000.0,,,,,,,,,,,,,,,,,,,,,,,,,,,,,,,,,,,,,,,,,,,,,,,,,,,,,,,,,,,,,,,,,,,,,,,,,,
Glen Oaks,Queens,neighborhood,,,,,,,,,,,,,,,,,,,,,,1450.0,1450.0,1450.0,1500.0,1500.0,1500.0,,,1325.0,,,,1525.0,1525.0,,,,,,,,,,,,,,,,,,,,,,,,,,,,,,,,,,,,,,,,,,,,,,,,,,,,,,,,,,,,,,,,1700.0,1700.0,,,,,,1700.0,1700.0,,,,,,,,,,,,1700.0,,,,,,,2000.0,2000.0,2000.0,,,,,1725.0,,,,,,1700.0,,,,,,,,,1765.0,1765.0,,,2000.0,1825.0,2000.0,,,,2000.0,2000.0,1900.0,,,,,,,,,1900.0,1900.0,,,,,1942.0,1900.0,1900.0,,,,,,,,,,,,,,,,,,,,,,,
Glendale,Queens,neighborhood,,,,,,,,,,,,,,,,,,,,,,,,,,,,,,,,,,,,,,,,,,1150.0,1150.0,,,3150.0,2750.0,2750.0,2750.0,895.0,895.0,,,,,900.0,,,,,900.0,,,,800.0,800.0,,,,1275.0,1275.0,,,,1100.0,,1349.0,1349.0,,,,1295.0,,,,,,,1700.0,1700.0,1500.0,1499.0,1399.0,,1200.0,,,,,,1350.0,1350.0,1350.0,,,,1600.0,1300.0,,,,,2700.0,,1399.0,1100.0,1600.0,,,,,,,,,1499.0,,,,1150.0,,,,,1300.0,1400.0,,,1500.0,1500.0,2450.0,1200.0,1200.0,1794.0,1625.0,1625.0,1200.0,,1600.0,1600.0,1600.0,1899.0,,,,,1500.0,,1700.0,1700.0,1600.0,,2000.0,1250.0,1250.0,1850.0,1850.0,1850.0,1850.0,1850.0,1850.0,,,,,1795.0,1750.0,2100.0,,,1699.0,1699.0,,,,,1850.0,,,2350.0,1999.0,,,,2000.0,,1925.0,1925.0,1925.0,1700.0
Gowanus,Brooklyn,neighborhood,1500.0,1500.0,1500.0,1500.0,,,,,,5221.0,8567.0,8567.0,8567.0,5221.0,5221.0,8567.0,5221.0,5221.0,2900.0,5221.0,5221.0,,3250.0,3250.0,,1750.0,1250.0,1250.0,1750.0,1750.0,2650.0,2650.0,2745.0,2760.0,2250.0,2200.0,1900.0,2475.0,2475.0,2200.0,2200.0,1300.0,,1700.0,1700.0,2700.0,2595.0,2700.0,2700.0,1950.0,1600.0,3500.0,3500.0,2700.0,2900.0,2950.0,2900.0,2900.0,2850.0,2850.0,2100.0,1600.0,2300.0,2354.0,2300.0,2400.0,1775.0,1500.0,2300.0,2600.0,2000.0,2000.0,2500.0,3000.0,2538.0,2954.0,2954.0,2520.0,2474.0,2474.0,2538.0,2538.0,2492.0,2409.0,2483.0,2395.0,2371.0,2550.0,2492.0,2492.0,2485.0,2450.0,2538.0,2488.0,2380.0,2310.0,2300.0,2338.0,2365.0,2445.0,2575.0,2520.0,2520.0,2730.0,2550.0,2657.0,2655.0,2491.0,2626.0,2335.0,2490.0,2580.0,2676.0,2652.0,2565.0,2575.0,2828.0,2650.0,2657.0,2735.0,2735.0,2756.0,2735.0,2735.0,2470.0,2380.0,2330.0,2300.0,2375.0,2550.0,2595.0,2595.0,2525.0,2495.0,2500.0,2495.0,2532.0,2550.0,2730.0,2740.0,2880.0,2837.0,2895.0,3100.0,3179.0,3275.0,3179.0,2895.0,3200.0,3185.0,2532.0,3000.0,2895.0,2880.0,2700.0,2700.0,2795.0,3200.0,3425.0,3500.0,3095.0,2900.0,2945.0,3135.0,3250.0,3250.0,2840.0,2999.0,3240.0,3190.0,2999.0,2995.0,3250.0,3400.0,3200.0,3052.0,3450.0,3275.0,3350.0,3200.0,3095.0,3125.0,3491.0,3390.0,3440.0,3500.0,3470.0,3440.0,3355.0,3542.0,3250.0,3894.0,3650.0,3750.0,3395.0,3450.0,3495.0,3640.0,3400.0,3400.0
Gramercy Park,Manhattan,neighborhood,2450.0,2400.0,2400.0,2400.0,2400.0,2400.0,2450.0,2400.0,2450.0,2600.0,2600.0,2500.0,2450.0,2500.0,2400.0,2450.0,2400.0,2550.0,2500.0,2500.0,2595.0,2595.0,2595.0,2595.0,2650.0,2500.0,2500.0,2550.0,2550.0,2500.0,2475.0,2400.0,2350.0,2399.0,2550.0,2675.0,2650.0,2595.0,2450.0,2500.0,2550.0,2550.0,2400.0,2450.0,2500.0,2500.0,2300.0,2299.0,2350.0,2450.0,2500.0,2500.0,2650.0,2650.0,2700.0,2550.0,2550.0,2500.0,2500.0,2500.0,2500.0,2650.0,2650.0,2700.0,2700.0,2600.0,2600.0,2700.0,2750.0,2750.0,2625.0,2595.0,2764.0,2800.0,2800.0,2750.0,2800.0,2750.0,2750.0,2815.0,2700.0,2600.0,2695.0,2750.0,2795.0,2795.0,2695.0,2780.0,2795.0,2779.0,2800.0,2800.0,2815.0,2680.0,2635.0,2621.0,2695.0,2595.0,2750.0,2700.0,2705.0,2800.0,2800.0,2825.0,2825.0,2800.0,2800.0,2757.0,2800.0,2850.0,2900.0,2800.0,2925.0,2995.0,2975.0,2850.0,2900.0,2950.0,2775.0,2850.0,2995.0,3000.0,2995.0,2693.0,2850.0,2795.0,2549.0,2510.0,2500.0,2395.0,2375.0,2375.0,2295.0,2395.0,2400.0,2400.0,2472.0,2495.0,2500.0,2400.0,2625.0,2850.0,2950.0,3200.0,3095.0,3200.0,3200.0,3400.0,3300.0,3400.0,3475.0,3200.0,3495.0,3400.0,3250.0,3200.0,3495.0,3650.0,3295.0,3300.0,3495.0,3495.0,3475.0,3500.0,3550.0,3550.0,3300.0,3300.0,3495.0,3425.0,3400.0,3550.0,3515.0,3595.0,3500.0,3500.0,3600.0,3595.0,3500.0,3600.0,3500.0,3600.0,3600.0,3750.0,3700.0,3700.0,3700.0,3699.0,3600.0,3750.0,3700.0,3350.0,3650.0,3800.0,3975.0,3895.0,3995.0,3950.0,3995.0,4000.0
Gravesend,Brooklyn,neighborhood,850.0,,,,,,,,,,,,975.0,975.0,,,,,,,995.0,995.0,995.0,995.0,995.0,995.0,1300.0,1025.0,1025.0,995.0,,899.0,895.0,875.0,875.0,900.0,900.0,900.0,900.0,925.0,925.0,995.0,1150.0,925.0,925.0,1200.0,1150.0,925.0,900.0,1100.0,925.0,1100.0,1175.0,975.0,1000.0,1495.0,1295.0,1300.0,1225.0,1195.0,1195.0,1195.0,1195.0,1225.0,1250.0,1100.0,1100.0,1295.0,1125.0,1000.0,1125.0,1095.0,1095.0,1095.0,1150.0,1150.0,1395.0,1375.0,1275.0,1250.0,1250.0,1250.0,1295.0,1300.0,1325.0,1295.0,1295.0,1400.0,1400.0,1425.0,1450.0,1295.0,1515.0,1300.0,1299.0,1395.0,1370.0,1325.0,1375.0,1350.0,1325.0,1325.0,1325.0,1375.0,1375.0,1300.0,1350.0,1500.0,1550.0,1500.0,1350.0,1395.0,1395.0,1456.0,1399.0,1500.0,1495.0,1450.0,1400.0,1595.0,1495.0,1425.0,1425.0,1425.0,1425.0,1595.0,1675.0,1450.0,1450.0,1475.0,1575.0,1370.0,1450.0,1495.0,1475.0,1495.0,1495.0,1450.0,1475.0,1450.0,1500.0,1450.0,1500.0,1495.0,1550.0,1500.0,1425.0,1450.0,1495.0,1485.0,1495.0,1500.0,1625.0,1490.0,1500.0,1675.0,1675.0,1775.0,1775.0,1825.0,1700.0,,1899.0,1465.0,1465.0,1695.0,1700.0,1475.0,3055.0,3055.0,3055.0,1725.0,1725.0,3050.0,1750.0,1675.0,1750.0,1750.0,1725.0,1725.0,1750.0,1750.0,1750.0,2600.0,3148.0,1890.0,1900.0,1950.0,3149.0,3149.0,3149.0,3150.0,3220.0,3150.0,2800.0,2800.0,2850.0,2850.0,2850.0,2850.0
Greenpoint,Brooklyn,neighborhood,1450.0,1350.0,1325.0,2350.0,2500.0,2900.0,2900.0,2900.0,2500.0,2500.0,2500.0,2200.0,1600.0,2200.0,2500.0,2500.0,1700.0,1750.0,1800.0,1800.0,1750.0,2200.0,2200.0,2200.0,3150.0,1750.0,1600.0,2050.0,2500.0,2500.0,1900.0,2250.0,2350.0,2050.0,2500.0,3300.0,2995.0,3000.0,3000.0,2995.0,2500.0,2200.0,2200.0,2300.0,2500.0,2350.0,2109.0,2500.0,2250.0,2200.0,1900.0,2900.0,2800.0,2600.0,2600.0,2500.0,2650.0,3200.0,3000.0,2800.0,2200.0,1925.0,1788.0,2000.0,2100.0,2200.0,2700.0,2800.0,2000.0,1800.0,2200.0,2400.0,2600.0,2600.0,2200.0,2446.0,1975.0,2000.0,1999.0,1900.0,1850.0,1900.0,1899.0,2000.0,2699.0,2326.0,2320.0,2300.0,2345.0,2299.0,2200.0,1850.0,1750.0,1900.0,1700.0,1899.0,1995.0,2099.0,2492.0,2492.0,2500.0,2341.0,2399.0,2339.0,2150.0,2304.0,2520.0,2279.0,2246.0,2250.0,2500.0,2500.0,2700.0,2665.0,2625.0,2500.0,2961.0,2616.0,2616.0,2595.0,2500.0,1953.0,2960.0,2750.0,2650.0,2600.0,2522.0,2495.0,2566.0,2295.0,2400.0,2650.0,2400.0,2775.0,2595.0,2500.0,2653.0,2713.0,2800.0,3100.0,3515.0,3249.0,2800.0,2800.0,2895.0,2835.0,2895.0,3200.0,3175.0,3725.0,3539.0,3440.0,3395.0,3556.0,3401.0,3374.0,3317.0,3233.0,3286.0,3312.0,3265.0,3526.0,3685.0,3655.0,3438.0,3395.0,3350.0,3390.0,3350.0,3399.0,3399.0,3400.0,3385.0,3500.0,3465.0,3425.0,3422.0,3551.0,3500.0,3500.0,3575.0,3577.0,3641.0,3800.0,3753.0,3666.0,3772.0,3629.0,3571.0,3650.0,3600.0,3580.0,3530.0,3630.0,3675.0,3755.0,3861.0,3727.0,3715.0,3709.0
Greenwich Village,Manhattan,neighborhood,2100.0,2100.0,2000.0,2000.0,2150.0,2075.0,2000.0,2100.0,2500.0,2600.0,2400.0,2300.0,2250.0,2200.0,2100.0,2300.0,2250.0,2250.0,2250.0,2500.0,2490.0,2500.0,2650.0,2700.0,2595.0,2500.0,2500.0,2500.0,2650.0,2600.0,2650.0,2550.0,2700.0,2700.0,2700.0,2700.0,2700.0,2700.0,2700.0,2750.0,2800.0,2750.0,2500.0,2750.0,2800.0,2695.0,2700.0,2700.0,2700.0,2700.0,2700.0,2800.0,2750.0,2650.0,2600.0,2600.0,2700.0,2895.0,2900.0,2950.0,2925.0,2975.0,2800.0,2850.0,2750.0,2775.0,2850.0,2850.0,3000.0,3000.0,2995.0,3050.0,3000.0,2850.0,2900.0,2995.0,2900.0,2995.0,2850.0,2850.0,2900.0,2995.0,2900.0,2750.0,2600.0,2600.0,2725.0,2795.0,2695.0,2700.0,2700.0,2650.0,2785.0,2800.0,2700.0,2650.0,2700.0,2650.0,2700.0,2750.0,2700.0,2695.0,2650.0,2700.0,2750.0,2975.0,2995.0,2995.0,3000.0,2900.0,2800.0,2825.0,2895.0,2950.0,2750.0,2800.0,2950.0,3100.0,2900.0,2995.0,2995.0,3100.0,2900.0,2795.0,2800.0,2795.0,2705.0,2556.0,2495.0,2400.0,2300.0,2250.0,2290.0,2250.0,2300.0,2375.0,2430.0,2550.0,2695.0,2700.0,2800.0,2850.0,2650.0,2800.0,2995.0,2850.0,3095.0,3250.0,3375.0,3495.0,3400.0,3400.0,3275.0,3350.0,2995.0,3200.0,3450.0,3500.0,3300.0,3500.0,3495.0,3475.0,3500.0,3395.0,3350.0,3250.0,3300.0,3260.0,3300.0,3350.0,3495.0,3500.0,3510.0,3550.0,3475.0,3500.0,3500.0,3650.0,3575.0,3495.0,3495.0,3695.0,3650.0,3895.0,3700.0,3795.0,3995.0,3900.0,3950.0,3995.0,3995.0,3675.0,3750.0,4100.0,3995.0,4000.0,3995.0,3995.0,4195.0,4172.0
Greenwood,Brooklyn,neighborhood,,,,6000.0,6000.0,6000.0,6000.0,6000.0,,,,,,,,2500.0,2500.0,1700.0,1750.0,1750.0,1850.0,1850.0,1750.0,1750.0,5000.0,5000.0,2750.0,2600.0,2600.0,1900.0,1900.0,1900.0,1900.0,1900.0,5000.0,1700.0,1700.0,1500.0,2700.0,2700.0,2300.0,2300.0,2300.0,2050.0,3500.0,2350.0,2350.0,,1800.0,1825.0,1825.0,1900.0,1600.0,1700.0,1600.0,1750.0,2200.0,2200.0,2900.0,2050.0,1850.0,1950.0,1795.0,1600.0,1475.0,1700.0,1700.0,1200.0,1700.0,1700.0,1600.0,2200.0,2200.0,1400.0,1400.0,1400.0,1400.0,1800.0,1950.0,2900.0,2900.0,2300.0,2100.0,2050.0,1700.0,1500.0,1675.0,1750.0,2250.0,2150.0,2500.0,2375.0,2500.0,2450.0,2399.0,2200.0,2150.0,2400.0,2388.0,2350.0,2399.0,2475.0,2800.0,2650.0,2749.0,2500.0,2800.0,2225.0,2699.0,2195.0,2300.0,2450.0,2600.0,2499.0,2500.0,2699.0,2250.0,1800.0,1850.0,2500.0,2400.0,2500.0,3000.0,2995.0,2800.0,3000.0,2275.0,2500.0,2200.0,2199.0,1749.0,1750.0,1995.0,1975.0,2000.0,1900.0,1750.0,1750.0,2000.0,2000.0,2000.0,2295.0,2200.0,1650.0,2099.0,2200.0,2500.0,2002.0,2300.0,2800.0,2400.0,2300.0,1690.0,1800.0,2600.0,2600.0,2999.0,2599.0,2700.0,3000.0,3000.0,3000.0,2495.0,2500.0,2750.0,2500.0,2300.0,2100.0,2700.0,3000.0,3050.0,2000.0,2500.0,2899.0,2800.0,2500.0,2500.0,2082.0,2500.0,2300.0,2500.0,2575.0,2575.0,2499.0,2699.0,2900.0,2800.0,3050.0,3050.0,2900.0,3050.0,3050.0,3050.0,3000.0,2895.0,2895.0,3000.0,3295.0,2800.0,3000.0
Hamilton Heights,Manhattan,neighborhood,1150.0,1150.0,1100.0,1100.0,1000.0,1000.0,1150.0,950.0,1150.0,1150.0,1150.0,1000.0,1000.0,1150.0,1095.0,995.0,1295.0,1650.0,1300.0,1250.0,1400.0,1500.0,1500.0,1550.0,1275.0,1250.0,1375.0,1345.0,1100.0,1100.0,1200.0,1200.0,1200.0,1200.0,1250.0,,1300.0,1300.0,1300.0,1295.0,1300.0,1400.0,1300.0,1400.0,1350.0,1400.0,1375.0,1300.0,1350.0,1350.0,1300.0,1300.0,1550.0,1500.0,1400.0,1400.0,1400.0,1400.0,1600.0,1600.0,1400.0,1495.0,1550.0,1550.0,1475.0,1550.0,1550.0,1550.0,1595.0,1695.0,1700.0,1695.0,1625.0,1500.0,1650.0,1600.0,1600.0,1599.0,1550.0,1600.0,1600.0,1650.0,1699.0,1699.0,1680.0,1665.0,1650.0,1695.0,1699.0,1699.0,1600.0,1575.0,1500.0,1615.0,1600.0,1600.0,1600.0,1649.0,1850.0,1675.0,1750.0,1725.0,1700.0,1795.0,1773.0,1650.0,1575.0,1575.0,1600.0,1595.0,1650.0,1650.0,1650.0,1650.0,1695.0,1800.0,1800.0,1800.0,1788.0,1800.0,1750.0,1895.0,1825.0,1825.0,1825.0,1825.0,1795.0,1695.0,1755.0,1700.0,1650.0,1600.0,1600.0,1695.0,1675.0,1625.0,1695.0,1750.0,1695.0,1695.0,1695.0,1700.0,1725.0,1795.0,1800.0,1800.0,1980.0,1800.0,1850.0,1895.0,1800.0,1875.0,1800.0,1800.0,1895.0,1800.0,1850.0,1800.0,1895.0,1849.0,1975.0,2000.0,2000.0,2125.0,2250.0,2345.0,2250.0,1900.0,2118.0,2000.0,2000.0,2000.0,2250.0,2250.0,2200.0,2050.0,2350.0,2245.0,2095.0,2200.0,2065.0,2095.0,1999.0,2300.0,2175.0,2450.0,2200.0,2150.0,2150.0,2395.0,1900.0,2000.0,2000.0,2000.0,2000.0,2195.0,2400.0,2195.0,2500.0,2500.0
Highbridge,Bronx,neighborhood,,873.0,873.0,873.0,,,,,,,,799.0,799.0,,,,,850.0,850.0,850.0,850.0,850.0,850.0,850.0,850.0,,900.0,900.0,900.0,900.0,899.0,899.0,799.0,875.0,875.0,950.0,799.0,850.0,899.0,899.0,,975.0,950.0,950.0,950.0,899.0,899.0,,847.0,847.0,847.0,847.0,847.0,847.0,975.0,999.0,,,,,,1050.0,1050.0,999.0,,,,,1000.0,,900.0,1110.0,1110.0,,,,,,,1378.0,1325.0,1325.0,,,,1100.0,1100.0,1150.0,1199.0,1150.0,1400.0,1400.0,1449.0,1150.0,1199.0,1149.0,1149.0,1375.0,,1450.0,1399.0,1399.0,1325.0,1449.0,1499.0,1499.0,1500.0,1498.0,1466.0,1695.0,1499.0,1363.0,1625.0,2291.0,2291.0,1550.0,1550.0,1500.0,1325.0,1500.0,,1695.0,1695.0,1699.0,1695.0,1636.0,1636.0,1600.0,1599.0,1599.0,1599.0,1549.0,1549.0,1549.0,1599.0,1599.0,1599.0,1599.0,1636.0,1600.0,1636.0,1636.0,1625.0,1625.0,1600.0,1450.0,1425.0,1400.0,1677.0,1677.0,1699.0,1677.0,1677.0,1697.0,1697.0,1697.0,1697.0,2200.0,1650.0,1295.0,1700.0,1700.0,1700.0,2349.0,2349.0,1750.0,1697.0,1595.0,1500.0,,1603.0,2399.0,2399.0,2350.0,1495.0,1595.0,1595.0,,1995.0,1695.0,1695.0,1650.0,2700.0,2350.0,2350.0,2250.0,1799.0,1799.0,1900.0,1895.0,2202.0,1700.0,1699.0,,2500.0,,1700.0,1650.0,1899.0,1890.0
Hillcrest,Queens,neighborhood,,,,,,,,,,,,,,,,,,,,,,,,,,,,,,,,,,,1350.0,1350.0,,,,,,,,,,,,,,,,,,,,,,,,,,,,,,,,,,,,,,,,,,,,,,,,,,,,,,950.0,,,,,,,,,,,,,,,,1400.0,,,,,,,,,,,,,,,,,,,,,2000.0,,1600.0,1600.0,,,,,,,,,,,,1350.0,,,,1000.0,1550.0,,,,,1495.0,,,,,,,,,,,,,,,,1400.0,,,,,,,,,,,,,,1600.0,1600.0,,,,,,,,,,,,,,,,,
Hollis,Queens,neighborhood,,,,,,,,,,,,,,,,,,,,,,,,,,,,,,,,,,,,,,,,,,,,,,,,,,,,,,,,,,,,,,,,,,,,,,,,,,,1000.0,1000.0,,,,,,,,,,,,,,,,,,,,,,,,,,,1750.0,,1375.0,,,,,,,,,,1375.0,,,,1400.0,,1400.0,1395.0,1395.0,,,,1400.0,1400.0,,,,,,,,,1325.0,,,,,,,,1395.0,1395.0,,,,,,,,,1300.0,,,,,,,,,1600.0,1550.0,1545.0,1545.0,1545.0,1550.0,1550.0,1550.0,,1550.0,1550.0,1530.0,1530.0,1562.0,1562.0,1562.0,1562.0,1562.0,1450.0,1562.0,1650.0,1725.0,1550.0,1725.0,1429.0,1429.0,1499.0,1725.0,1252.0,1725.0,2031.0,1600.0,1549.0,,1700.0,1725.0,
Howard Beach,Queens,neighborhood,,,,1800.0,1800.0,,,,,,,,,,,,,,,,,,,,,,,,,,,,,,,,,,,,,,,,5900.0,5900.0,5900.0,,,,,,,,,,,,,,,,,975.0,975.0,,,,,,,,,,,,,,,,,,,,1150.0,1150.0,1350.0,1195.0,,1000.0,,,,1300.0,2150.0,,,,1300.0,,1300.0,1300.0,1300.0,,,,1600.0,,,,,,,,,,1400.0,,,,,,,,,,,1500.0,1500.0,1500.0,1500.0,1500.0,1500.0,1300.0,,,1599.0,1500.0,1500.0,,,1500.0,1500.0,,,,,1500.0,1550.0,1550.0,1550.0,,,,1400.0,1500.0,,1600.0,1600.0,1600.0,1500.0,1350.0,1800.0,1100.0,,1800.0,,,,,1500.0,,1850.0,1800.0,1800.0,1850.0,,,,1900.0,,,,,,,1500.0,,,,1995.0,1995.0,,,,2000.0,2000.0,2000.0,2000.0,
Hunts Point,Bronx,neighborhood,,,,,,,,,,,,,,,,,,,,,,,,,,,,,,,,,,,,,,,,,,,,,,,,,,,,,,,,,,,,,,,,,,,,,,,,,,,,,1100.0,1100.0,1100.0,1100.0,1100.0,1100.0,1100.0,,,,,,,,,,,,,,,1600.0,1600.0,1600.0,1600.0,1600.0,1600.0,1400.0,1400.0,1400.0,1400.0,1400.0,1400.0,1400.0,1400.0,,1500.0,1500.0,,,,,,,,,,,,,,,1100.0,,2050.0,,1600.0,,,,,,,,,,,,,,,,1300.0,,,,,,,,,,,,,,,,,,,2100.0,,,,,,,,2696.0,,,,,,,,,,,,,,,,,,,,,,,,
Inwood,Manhattan,neighborhood,950.0,,,,1050.0,1000.0,950.0,1187.0,950.0,950.0,950.0,950.0,,,950.0,,1200.0,1200.0,1200.0,1050.0,1200.0,1150.0,1075.0,1075.0,1075.0,1075.0,1150.0,1075.0,1175.0,1175.0,1200.0,1050.0,1200.0,1200.0,1200.0,1200.0,1200.0,1275.0,1200.0,1150.0,1150.0,1075.0,995.0,1225.0,1250.0,1250.0,1150.0,995.0,995.0,1125.0,1100.0,1300.0,1300.0,1300.0,1325.0,1300.0,1250.0,1175.0,1250.0,1200.0,1275.0,1275.0,1275.0,1400.0,1400.0,1400.0,1400.0,1350.0,1325.0,1400.0,1200.0,1400.0,1400.0,1400.0,1425.0,1475.0,1600.0,1600.0,1550.0,1500.0,1450.0,1500.0,1500.0,1500.0,1400.0,1499.0,1500.0,1400.0,1400.0,1460.0,1500.0,1500.0,1575.0,1575.0,1550.0,1500.0,1500.0,1475.0,1500.0,1475.0,1500.0,1550.0,1500.0,1500.0,1527.0,1650.0,1525.0,1575.0,1550.0,1595.0,1599.0,1625.0,1595.0,1599.0,1595.0,1600.0,1650.0,1675.0,1750.0,1700.0,1549.0,1650.0,1650.0,1800.0,1747.0,1650.0,1650.0,1595.0,1600.0,1625.0,1600.0,1620.0,1600.0,1625.0,1650.0,1695.0,1676.0,1676.0,1631.0,1550.0,1550.0,1650.0,1676.0,1699.0,1699.0,1676.0,1726.0,1650.0,1650.0,1680.0,1700.0,1695.0,1680.0,1700.0,1700.0,1700.0,1750.0,1695.0,1750.0,1750.0,1695.0,1720.0,2000.0,1875.0,1800.0,1800.0,1895.0,1900.0,1750.0,1825.0,1750.0,1750.0,1800.0,1775.0,1850.0,1850.0,2095.0,1850.0,2050.0,1875.0,1746.0,1746.0,1746.0,3125.0,3125.0,3125.0,3125.0,3125.0,3125.0,3125.0,3125.0,3125.0,3135.0,2775.0,2845.0,2775.0,2745.0,2695.0,2600.0,3200.0
Jackson Heights,Queens,neighborhood,900.0,900.0,900.0,975.0,1100.0,1100.0,1200.0,1050.0,1050.0,1050.0,,,,1150.0,1150.0,1150.0,,,,,1150.0,1150.0,1200.0,1200.0,1200.0,950.0,1300.0,1300.0,2500.0,2000.0,1700.0,1350.0,1500.0,1500.0,2000.0,1175.0,1260.0,1175.0,1175.0,1300.0,1200.0,1000.0,1000.0,1050.0,1275.0,1300.0,1300.0,1000.0,1175.0,1375.0,1400.0,1400.0,1400.0,1400.0,1395.0,1450.0,1350.0,1450.0,1450.0,1450.0,1450.0,1398.0,1450.0,1450.0,1350.0,1350.0,1550.0,1495.0,1450.0,1350.0,1325.0,1350.0,1375.0,1525.0,1525.0,1500.0,1550.0,1550.0,1550.0,1550.0,1650.0,1600.0,1475.0,1475.0,1500.0,1475.0,1450.0,1500.0,1500.0,1550.0,1550.0,1558.0,1595.0,1550.0,1500.0,1450.0,1600.0,1600.0,1600.0,1585.0,1595.0,1510.0,1600.0,1550.0,1600.0,1600.0,1550.0,1595.0,1495.0,1500.0,1500.0,1595.0,1600.0,1650.0,1575.0,1500.0,1600.0,1650.0,1600.0,1650.0,1650.0,1650.0,1731.0,1650.0,1600.0,1625.0,1650.0,1600.0,1600.0,1600.0,1600.0,1550.0,1500.0,1500.0,1525.0,1500.0,1550.0,1550.0,1650.0,1595.0,1585.0,1600.0,1695.0,1695.0,1650.0,1650.0,1630.0,1650.0,1725.0,1750.0,1799.0,1799.0,1695.0,1700.0,1750.0,1750.0,1700.0,1800.0,1800.0,1749.0,1799.0,1799.0,1800.0,1849.0,2250.0,1850.0,1850.0,1900.0,1800.0,1800.0,1850.0,1850.0,1775.0,1850.0,1900.0,1800.0,1899.0,1899.0,1850.0,1800.0,1900.0,1900.0,1850.0,1950.0,1950.0,2050.0,1995.0,2095.0,2095.0,2100.0,2029.0,2000.0,2100.0,2000.0,2028.0,2200.0,2450.0,2347.0,2600.0,2300.0
Jamaica,Queens,neighborhood,,,,,,,,,,,,,950.0,850.0,,,,,,,,,,,1379.0,1379.0,1379.0,1379.0,1379.0,1379.0,1379.0,,,,850.0,850.0,,,,1450.0,1395.0,1395.0,1395.0,1375.0,1325.0,1495.0,1495.0,1495.0,,1425.0,1425.0,1395.0,1395.0,1495.0,1495.0,1550.0,1550.0,1450.0,1425.0,1395.0,1350.0,1400.0,1400.0,1400.0,1550.0,1550.0,1575.0,1575.0,1495.0,1170.0,1170.0,,1475.0,1475.0,1407.0,1408.0,1325.0,1625.0,1595.0,1513.0,1534.0,1550.0,1575.0,1700.0,1472.0,1525.0,1650.0,1650.0,1725.0,1450.0,1450.0,1650.0,1662.0,1600.0,1828.0,1828.0,1750.0,1695.0,1700.0,1695.0,1604.0,1731.0,1731.0,1750.0,1750.0,1750.0,1729.0,1729.0,1729.0,1685.0,1650.0,1729.0,1729.0,1825.0,1775.0,1775.0,1775.0,1800.0,1750.0,1750.0,1755.0,1755.0,1750.0,1755.0,1800.0,1750.0,1650.0,1650.0,1619.0,1775.0,1650.0,1655.0,1800.0,1750.0,1755.0,1760.0,1795.0,1950.0,1950.0,2026.0,2045.0,2045.0,2045.0,2015.0,1946.0,2000.0,1950.0,1984.0,2055.0,2060.0,2293.0,2095.0,2100.0,2100.0,2120.0,2130.0,2150.0,2130.0,2107.0,1750.0,2107.0,2150.0,2125.0,2200.0,2279.0,2150.0,2350.0,2050.0,2100.0,2150.0,2050.0,2150.0,2300.0,2170.0,2150.0,2150.0,2400.0,2400.0,2500.0,2400.0,2288.0,2288.0,2150.0,2050.0,2100.0,2167.0,2150.0,2150.0,2053.0,2100.0,2200.0,1930.0,2350.0,2300.0,2350.0,2440.0,2350.0,2395.0,2375.0,2400.0
Jamaica Estates,Queens,neighborhood,,,,,,,,,,,,,950.0,950.0,950.0,950.0,950.0,,,,,,,,,,,,,,,,,1050.0,1050.0,1050.0,1050.0,1050.0,,,1150.0,1200.0,,1200.0,1200.0,1200.0,1050.0,1050.0,1195.0,1100.0,1100.0,1100.0,1250.0,1250.0,1250.0,1250.0,1250.0,1250.0,1250.0,1200.0,1249.0,1250.0,1250.0,1175.0,1250.0,1250.0,1199.0,1250.0,1425.0,1399.0,1350.0,1350.0,1350.0,1295.0,1350.0,1395.0,1395.0,1250.0,1275.0,1395.0,1350.0,1450.0,1300.0,1300.0,1399.0,1399.0,1395.0,1325.0,1450.0,1450.0,1450.0,1250.0,1450.0,1450.0,1390.0,1390.0,1300.0,1395.0,1350.0,1350.0,1450.0,1525.0,1550.0,1550.0,1550.0,1450.0,1450.0,1525.0,1450.0,1485.0,1525.0,1550.0,1485.0,1525.0,1675.0,1500.0,1649.0,1599.0,1500.0,1500.0,1450.0,1649.0,1495.0,,1400.0,1500.0,1550.0,1599.0,1595.0,1550.0,1500.0,1550.0,1545.0,1550.0,1500.0,1450.0,1450.0,1499.0,1500.0,1500.0,1475.0,1475.0,1500.0,1550.0,1550.0,1500.0,1500.0,1550.0,1550.0,1550.0,1675.0,1600.0,1650.0,1650.0,1575.0,1550.0,1575.0,1600.0,1650.0,1625.0,1675.0,1725.0,1699.0,1750.0,1750.0,1724.0,1699.0,1699.0,1600.0,1650.0,1650.0,1700.0,1700.0,1695.0,1700.0,1800.0,1700.0,1700.0,1700.0,1700.0,1695.0,1700.0,1700.0,1725.0,1725.0,1750.0,1875.0,1800.0,1750.0,1800.0,1750.0,1750.0,1750.0,1795.0,1800.0,1800.0,1650.0,1875.0,2130.0,3075.0
Jamaica Hills,Queens,neighborhood,,,,,,,,,,,,,,,,,,,,,950.0,950.0,,,,,,,,,,1100.0,1100.0,1100.0,1100.0,1000.0,1000.0,1000.0,1000.0,,,,,,,,,,,,,,,,,,,1100.0,1150.0,1150.0,,,,1250.0,1299.0,1299.0,1199.0,1295.0,,,1375.0,1150.0,1150.0,1350.0,,,,,1250.0,1395.0,1375.0,1395.0,1400.0,1100.0,1350.0,1300.0,1300.0,1325.0,1375.0,1400.0,1400.0,1400.0,1400.0,,,,1400.0,1400.0,1425.0,3500.0,1850.0,1849.0,1849.0,1500.0,3500.0,1575.0,3500.0,,,1575.0,1350.0,1450.0,1525.0,1525.0,1500.0,1500.0,1500.0,1500.0,1599.0,1625.0,1625.0,,1575.0,1575.0,1599.0,1599.0,1599.0,1599.0,1550.0,1525.0,1525.0,1525.0,1525.0,1550.0,1575.0,1400.0,1600.0,1400.0,1550.0,1500.0,1425.0,1445.0,1575.0,1575.0,1550.0,1575.0,1600.0,1625.0,1600.0,1650.0,1650.0,1675.0,1650.0,1650.0,1500.0,,1550.0,1650.0,1625.0,1600.0,1625.0,1625.0,1625.0,1650.0,1825.0,1750.0,1695.0,1600.0,1600.0,1600.0,1595.0,1856.0,1856.0,1799.0,1799.0,1809.0,1809.0,1899.0,1899.0,1899.0,1899.0,1899.0,1885.0,1899.0,1825.0,1725.0,1875.0,1800.0,1799.0,1750.0,1949.0,1850.0,1899.0,1799.0,1875.0,1850.0,1799.0,1795.0,1785.0,1800.0
Kensington,Brooklyn,neighborhood,1100.0,1100.0,1100.0,1100.0,,,,,,,,,,1200.0,,1200.0,1200.0,1200.0,1200.0,1200.0,1100.0,1100.0,,1350.0,1350.0,1200.0,1250.0,1250.0,2600.0,1350.0,1250.0,1350.0,1250.0,1225.0,1225.0,1300.0,1300.0,1300.0,1500.0,1300.0,1300.0,1450.0,1450.0,1300.0,1300.0,1325.0,1300.0,1300.0,1300.0,1300.0,1300.0,1280.0,1700.0,1650.0,1650.0,1600.0,1550.0,1369.0,1290.0,1495.0,1495.0,1400.0,1350.0,1300.0,1400.0,1450.0,1450.0,1450.0,1500.0,1500.0,1695.0,1550.0,1785.0,1580.0,1580.0,1650.0,1500.0,1490.0,1475.0,1475.0,1500.0,1600.0,1550.0,1595.0,1500.0,1425.0,1460.0,1500.0,1500.0,1525.0,1500.0,1500.0,1500.0,1450.0,1425.0,1400.0,1475.0,1450.0,1450.0,1450.0,1500.0,1550.0,1545.0,1550.0,1700.0,1400.0,1475.0,1895.0,1500.0,1550.0,1500.0,1475.0,1530.0,1495.0,1550.0,1600.0,1500.0,1600.0,1695.0,1750.0,1695.0,1700.0,1900.0,2500.0,1500.0,1700.0,1650.0,1650.0,1550.0,1499.0,1550.0,1475.0,1450.0,1495.0,1450.0,1495.0,1499.0,1550.0,1585.0,1550.0,1600.0,1600.0,1695.0,1650.0,1800.0,1600.0,1750.0,1750.0,1928.0,1800.0,1875.0,1700.0,1700.0,1850.0,1950.0,1899.0,1899.0,1899.0,2150.0,2150.0,1850.0,1868.0,1995.0,1900.0,1900.0,1950.0,1950.0,1850.0,1950.0,2100.0,2050.0,2150.0,2150.0,1999.0,1899.0,1999.0,1750.0,1995.0,2130.0,2025.0,1999.0,2050.0,2095.0,1900.0,2450.0,2500.0,2600.0,2450.0,2415.0,2275.0,2600.0,2290.0,2300.0,2300.0,2450.0,2400.0,2300.0,2250.0,2195.0,2523.0
Kew Gardens,Queens,neighborhood,1200.0,1200.0,1200.0,1200.0,1100.0,1100.0,1050.0,1050.0,990.0,1050.0,1050.0,1050.0,1050.0,1150.0,1150.0,1150.0,1125.0,1125.0,1100.0,1100.0,1300.0,1225.0,1175.0,1050.0,950.0,1050.0,1050.0,1050.0,1050.0,1050.0,1175.0,1050.0,1050.0,1050.0,1050.0,1050.0,1050.0,1000.0,1000.0,1200.0,1200.0,1200.0,1200.0,1200.0,900.0,1250.0,1250.0,1250.0,1200.0,1225.0,1200.0,1250.0,1250.0,1250.0,1250.0,1250.0,1500.0,1325.0,1295.0,1200.0,1300.0,1300.0,1450.0,1450.0,1450.0,1450.0,1450.0,1400.0,1450.0,1400.0,1400.0,1450.0,1400.0,1400.0,1500.0,1450.0,1550.0,1500.0,1500.0,1500.0,1500.0,1500.0,1499.0,1500.0,1525.0,1400.0,1450.0,1525.0,1475.0,1495.0,1525.0,1525.0,1525.0,1495.0,1450.0,1400.0,1525.0,1450.0,1525.0,1450.0,1475.0,1475.0,1595.0,1500.0,1525.0,1500.0,1599.0,1575.0,1475.0,1475.0,1575.0,1525.0,1499.0,1495.0,1500.0,1550.0,1643.0,1550.0,1495.0,1500.0,1525.0,1525.0,1720.0,1650.0,1600.0,1550.0,1560.0,1550.0,1525.0,1500.0,1500.0,1500.0,1500.0,1475.0,1525.0,1500.0,1575.0,1550.0,1500.0,1625.0,1575.0,1545.0,1500.0,1600.0,1595.0,1600.0,1650.0,1650.0,1650.0,1725.0,1650.0,1600.0,1750.0,1799.0,1750.0,1750.0,1700.0,1699.0,1700.0,1700.0,1650.0,1650.0,1750.0,1800.0,1700.0,1702.0,1750.0,1700.0,1750.0,1700.0,1850.0,1972.0,1972.0,2400.0,1900.0,1900.0,1750.0,1875.0,1695.0,1850.0,1800.0,1875.0,1800.0,1625.0,1800.0,1800.0,1850.0,1850.0,1850.0,1995.0,1950.0,2000.0,2000.0,2000.0,1875.0,1950.0,2000.0,1990.0,2195.0,2295.0
Kew Gardens Hills,Queens,neighborhood,,,,,,,,,,,,,,,895.0,895.0,,,845.0,845.0,,1200.0,1200.0,1200.0,1050.0,,1350.0,1350.0,1450.0,1450.0,1450.0,,,,,1550.0,1050.0,1050.0,,1695.0,1695.0,1200.0,1200.0,,,1395.0,1395.0,1595.0,,1250.0,1250.0,1525.0,1525.0,1525.0,,,,1550.0,1550.0,1550.0,,,,,,,,,,,1750.0,1604.0,1604.0,1604.0,1604.0,,,1741.0,1450.0,1475.0,1475.0,,1742.0,1742.0,1850.0,1742.0,1765.0,1765.0,1765.0,1575.0,1719.0,1719.0,1742.0,1742.0,1765.0,1625.0,1583.0,1583.0,1583.0,1650.0,1673.0,1765.0,1810.0,1810.0,1810.0,1810.0,1787.0,1787.0,1787.0,1799.0,1450.0,1810.0,1810.0,1810.0,1550.0,1550.0,,1985.0,1425.0,1764.0,1778.0,1925.0,1925.0,1900.0,1575.0,1800.0,1810.0,1880.0,,1450.0,1450.0,1450.0,1395.0,1695.0,1450.0,1695.0,1695.0,1650.0,1750.0,1700.0,1700.0,1695.0,1695.0,1500.0,1700.0,1899.0,,,1400.0,1400.0,1695.0,1695.0,2000.0,2000.0,1799.0,1799.0,1750.0,1799.0,1850.0,1850.0,1900.0,1900.0,2400.0,2400.0,2350.0,1895.0,1650.0,2200.0,2400.0,2400.0,2500.0,1999.0,1999.0,2100.0,2500.0,2450.0,1900.0,1900.0,1900.0,2100.0,2300.0,2300.0,2540.0,2540.0,2300.0,2100.0,2100.0,2000.0,2095.0,1850.0,2250.0,3150.0,1785.0,2150.0,1750.0,2200.0,2198.0,2132.0,2100.0,2200.0
Kingsbridge,Bronx,neighborhood,2900.0,2900.0,1050.0,1050.0,1050.0,1050.0,900.0,900.0,,,,,,,,,,,,850.0,850.0,850.0,850.0,850.0,,1460.0,1450.0,800.0,,,,,,,,,,,,,,,1175.0,1270.0,1275.0,1275.0,13605.0,13605.0,,1290.0,1295.0,1295.0,,,950.0,950.0,1185.0,1185.0,1185.0,1185.0,1200.0,1185.0,1079.0,982.0,1079.0,982.0,982.0,,1250.0,1299.0,1250.0,1150.0,1275.0,1275.0,1099.0,1295.0,1175.0,1175.0,1395.0,1325.0,1415.0,1500.0,2450.0,1292.0,1450.0,1395.0,1395.0,1435.0,1435.0,1275.0,1200.0,,1420.0,1275.0,1350.0,,1500.0,1250.0,1463.0,1575.0,1400.0,1600.0,1550.0,1550.0,1325.0,1300.0,1350.0,1400.0,1425.0,1775.0,1445.0,1400.0,1550.0,1678.0,1325.0,1475.0,1400.0,1625.0,1400.0,1490.0,1500.0,1387.0,1560.0,1560.0,1450.0,1495.0,1420.0,1420.0,1398.0,1495.0,1500.0,1500.0,1500.0,1500.0,1500.0,1450.0,1450.0,1475.0,1475.0,1495.0,1545.0,1400.0,1375.0,1500.0,1500.0,1575.0,1450.0,1450.0,1450.0,1599.0,1599.0,,1600.0,1776.0,1776.0,1595.0,1575.0,2760.0,1950.0,1950.0,1750.0,1750.0,1900.0,1850.0,1750.0,1750.0,1698.0,1495.0,1500.0,1795.0,2150.0,1900.0,1800.0,1725.0,1800.0,1800.0,1750.0,1795.0,1800.0,1750.0,1750.0,1750.0,1750.0,1750.0,1730.0,1995.0,1775.0,1750.0,2387.0,1850.0,1850.0,1850.0,1750.0,2387.0,1825.0,1825.0,2395.0,1850.0,2295.0,2250.0
Laconia,Bronx,neighborhood,,,,,,,,,,,,,,,,,,,,,,,,,,,,,,,,,,,,,,,,,,,,,,,,,,,,,,,,,,,,,,,,,,,,,,,,,,,,,,,,,,,,,,,,,,,,,,,,,,,,,,,,,,,,,,,,,,,,,,,,,,,,,,,,,,,,,,,,,,,,,,,,,,,,,,,,,,,,,,,,,,,,,,1550.0,,,,,,,,,,,,,,,,,,,,,,,,,,,,,,,,,,
Laurelton,Queens,neighborhood,,,,,,,,,,,,,,,,,,,,,,,,,,,,,,,,,,,,,,,,,,,,,,,,,,,,,,,,,,,,,,,,,,,,,,,,,,,,,,,,1175.0,,,,,,,,,,,,,,,,,,,1150.0,,,,,1350.0,1250.0,1225.0,1349.0,1295.0,,1300.0,,,,,,,,1300.0,1300.0,1425.0,1295.0,1295.0,,,1200.0,1300.0,1300.0,1300.0,1300.0,,,,1300.0,1300.0,,,,,,,,1300.0,,,,,,,,,,,,,,,,,1450.0,1350.0,,,,,,,,,,,,,,,,,,,2500.0,2500.0,,,2300.0,2300.0,2300.0,2300.0,2300.0,,,,,,,1800.0,1400.0,1600.0,,,,
Little Italy,Manhattan,neighborhood,1750.0,2200.0,2990.0,2990.0,3200.0,3200.0,3200.0,3700.0,3700.0,4200.0,4200.0,3700.0,3950.0,3700.0,3700.0,1900.0,1900.0,5400.0,,1525.0,4950.0,4950.0,,4950.0,4950.0,3300.0,2095.0,2095.0,2275.0,2275.0,1650.0,2250.0,2250.0,2375.0,1800.0,,1850.0,1650.0,2450.0,2500.0,11373.0,11373.0,2350.0,2495.0,2050.0,1400.0,2333.0,2333.0,2350.0,2350.0,2000.0,1900.0,1850.0,1900.0,2300.0,1850.0,2250.0,1850.0,1895.0,1850.0,1850.0,2195.0,2195.0,2099.0,1950.0,1975.0,1995.0,2050.0,2195.0,2100.0,2600.0,2500.0,2500.0,2600.0,2600.0,2700.0,2195.0,2050.0,3500.0,3250.0,1850.0,2095.0,3000.0,3000.0,3000.0,3000.0,2500.0,3500.0,3500.0,2445.0,2650.0,2658.0,2400.0,2450.0,2567.0,2300.0,2490.0,2050.0,2425.0,1750.0,2175.0,1999.0,2190.0,2200.0,2017.0,1886.0,1850.0,1850.0,2095.0,1750.0,2400.0,2300.0,2900.0,2700.0,2100.0,2350.0,2199.0,2200.0,2100.0,3100.0,2175.0,2099.0,2350.0,2595.0,2600.0,2390.0,2185.0,1775.0,2000.0,1800.0,1831.0,1850.0,1850.0,1990.0,1890.0,1995.0,1995.0,1975.0,2325.0,2490.0,2490.0,2100.0,2500.0,2099.0,2095.0,2495.0,2450.0,2395.0,2300.0,2395.0,2100.0,2350.0,2895.0,2850.0,1895.0,1850.0,3250.0,3075.0,2770.0,2050.0,2595.0,2950.0,2550.0,2890.0,2295.0,2195.0,2000.0,2199.0,2195.0,2995.0,2250.0,2450.0,2995.0,2595.0,2595.0,2375.0,2099.0,2099.0,2495.0,2495.0,3400.0,2099.0,2990.0,2990.0,2800.0,3000.0,3350.0,2650.0,3100.0,3100.0,2250.0,3195.0,2495.0,3495.0,3180.0,3150.0,2595.0,2999.0,2990.0,2990.0
Little Neck,Queens,neighborhood,,,,,,,,,,,,,,,,,,,,,,,2800.0,2800.0,,,,,,2400.0,2400.0,2400.0,2400.0,2400.0,2400.0,2400.0,2400.0,2400.0,2400.0,2400.0,2400.0,,,,,,,,,,,,,,,2250.0,2250.0,2250.0,2250.0,,,,,,,,,,,,,2500.0,2500.0,,,,,,,,,,,,,,,,,,,,,,,,,,,,,,,,,,,,,,,1850.0,1850.0,,,,,,,,,,,,,,,,,,,,,1595.0,1595.0,,,,,,,,,,,,,,,,,,,,,,,,,,,,,,,,,,,,,,,,,,,,,,,,,,,,,,,,,,,,,,,,,
Long Island City,Queens,neighborhood,1775.0,1786.0,1950.0,1895.0,1650.0,1825.0,2045.0,2073.0,1975.0,1975.0,2130.0,2160.0,2100.0,1975.0,2050.0,2100.0,2160.0,2240.0,2190.0,2160.0,2160.0,2295.0,2495.0,2185.0,2100.0,2315.0,2275.0,2335.0,2330.0,2290.0,2300.0,2300.0,2175.0,2200.0,2250.0,2200.0,2238.0,2250.0,2222.0,2200.0,2160.0,2195.0,2195.0,2295.0,2295.0,2215.0,2220.0,2200.0,2180.0,2275.0,2300.0,2590.0,2600.0,2560.0,2475.0,2395.0,2375.0,2400.0,2450.0,2415.0,2425.0,2370.0,2420.0,2475.0,2500.0,2500.0,2500.0,2500.0,2495.0,2395.0,2395.0,2420.0,2400.0,2425.0,2400.0,2450.0,2475.0,2500.0,2457.0,2550.0,2495.0,2475.0,2395.0,2395.0,2395.0,2450.0,2358.0,2400.0,2400.0,2500.0,2495.0,2488.0,2488.0,2337.0,2300.0,2210.0,2285.0,2345.0,2334.0,2391.0,2464.0,2529.0,2594.0,2550.0,2551.0,2500.0,2488.0,2498.0,2429.0,2469.0,2546.0,2575.0,2600.0,2700.0,2745.0,2759.0,2748.0,2720.0,2634.0,2600.0,2638.0,2650.0,2677.0,2654.0,2576.0,2533.0,2450.0,2292.0,2290.0,2495.0,2500.0,2500.0,2450.0,2375.0,2400.0,2400.0,2475.0,2580.0,2685.0,2750.0,2700.0,2825.0,2810.0,2959.0,2950.0,2950.0,2981.0,3100.0,3195.0,3200.0,3200.0,3300.0,3275.0,3250.0,3245.0,3150.0,3200.0,3200.0,3290.0,3300.0,3305.0,3250.0,3300.0,3341.0,3327.0,3312.0,3388.0,3334.0,3300.0,3340.0,3355.0,3397.0,3385.0,3300.0,3395.0,3412.0,3475.0,3409.0,3370.0,3400.0,3466.0,3416.0,3500.0,3590.0,3555.0,3578.0,3508.0,3550.0,3532.0,3495.0,3353.0,3473.0,3474.0,3565.0,3559.0,3601.0,3615.0,3674.0,3657.0,3650.0
Longwood,Bronx,neighborhood,,,,,,,,,,,,,,,,,,,,,,,,,,,,950.0,950.0,950.0,950.0,950.0,,,,,,,,,,,,,,,,,,,,,,,,,,,,,,,,,,,,,,,,,,,,,,,,,,,,,,1350.0,1350.0,1350.0,1244.0,1244.0,,,,,,,,,,,,1366.0,548.0,548.0,,,,,,,1700.0,1592.0,1525.0,1499.0,1450.0,,,,,,,,,,,1468.0,,,1468.0,1468.0,,,1500.0,,,,,,,,1572.0,1450.0,1595.0,1650.0,,,,,1700.0,1650.0,,,,,,,,,,,,,1500.0,,,,,,2600.0,2600.0,,,,1797.0,,,,,,,,,,,,,,,1650.0,1650.0,,1829.0,1829.0,1829.0,,,,1900.0,1699.0,1699.0
Lower East Side,Manhattan,neighborhood,1695.0,1800.0,1850.0,1850.0,1940.0,1800.0,1850.0,1900.0,1900.0,1895.0,1895.0,1600.0,1600.0,1895.0,1700.0,1695.0,1695.0,1650.0,1695.0,1700.0,1750.0,2250.0,2149.0,2100.0,2100.0,2195.0,1895.0,1950.0,2150.0,2100.0,1900.0,2250.0,2400.0,2195.0,2395.0,2100.0,2195.0,2325.0,2295.0,2325.0,2095.0,2095.0,2195.0,2300.0,2200.0,2195.0,2095.0,2300.0,2195.0,2100.0,2221.0,2300.0,2475.0,2300.0,2395.0,2495.0,2400.0,2770.0,2900.0,2900.0,2900.0,2795.0,2395.0,2200.0,2375.0,2820.0,2395.0,2300.0,2495.0,2300.0,2250.0,2250.0,2200.0,2600.0,2600.0,2250.0,2300.0,2250.0,2195.0,2300.0,2250.0,2200.0,2195.0,2150.0,2250.0,2450.0,2425.0,2395.0,2250.0,2195.0,2275.0,2250.0,2195.0,2195.0,2150.0,2200.0,2100.0,2050.0,2100.0,2150.0,2195.0,2400.0,2200.0,2199.0,2149.0,2195.0,2100.0,2099.0,2195.0,2200.0,2200.0,2150.0,2225.0,2250.0,2250.0,2225.0,2300.0,2850.0,3095.0,2475.0,2497.0,2595.0,2650.0,2566.0,2300.0,2135.0,2049.0,2100.0,1899.0,2095.0,2000.0,1895.0,1895.0,1932.0,2199.0,2100.0,2132.0,2465.0,2350.0,2295.0,2295.0,2395.0,2508.0,2508.0,2344.0,2344.0,2395.0,2727.0,2950.0,2650.0,2650.0,2695.0,2595.0,2595.0,2795.0,2750.0,3200.0,2825.0,2499.0,3300.0,3000.0,3550.0,3400.0,3350.0,2800.0,2650.0,3399.0,2599.0,2499.0,2795.0,2599.0,3175.0,3000.0,2895.0,3300.0,3500.0,3400.0,3190.0,3175.0,3175.0,3596.0,3749.0,3500.0,3400.0,3495.0,3500.0,3199.0,3650.0,3650.0,3900.0,3750.0,3850.0,3850.0,3300.0,3500.0,3995.0,3795.0,3700.0,4000.0,3995.0
Manhattan,Manhattan,borough,2000.0,2000.0,1975.0,2000.0,2000.0,2000.0,2000.0,2095.0,2165.0,2200.0,2150.0,2100.0,2100.0,2100.0,2100.0,2150.0,2100.0,2200.0,2195.0,2200.0,2275.0,2295.0,2300.0,2300.0,2295.0,2294.0,2250.0,2295.0,2300.0,2295.0,2295.0,2295.0,2300.0,2300.0,2350.0,2375.0,2350.0,2395.0,2400.0,2375.0,2350.0,2300.0,2300.0,2350.0,2400.0,2400.0,2375.0,2395.0,2390.0,2400.0,2400.0,2450.0,2450.0,2400.0,2400.0,2400.0,2450.0,2450.0,2460.0,2495.0,2450.0,2495.0,2500.0,2500.0,2530.0,2500.0,2500.0,2500.0,2595.0,2550.0,2500.0,2500.0,2500.0,2500.0,2515.0,2525.0,2550.0,2550.0,2550.0,2550.0,2500.0,2495.0,2480.0,2495.0,2450.0,2475.0,2495.0,2495.0,2495.0,2475.0,2475.0,2497.0,2495.0,2485.0,2400.0,2450.0,2400.0,2400.0,2440.0,2475.0,2475.0,2495.0,2495.0,2485.0,2450.0,2450.0,2495.0,2515.0,2550.0,2550.0,2550.0,2550.0,2590.0,2575.0,2550.0,2550.0,2583.0,2595.0,2600.0,2650.0,2675.0,2750.0,2773.0,2700.0,2565.0,2498.0,2390.0,2269.0,2195.0,2132.0,2050.0,2000.0,2000.0,2050.0,2050.0,2100.0,2195.0,2200.0,2292.0,2300.0,2400.0,2400.0,2550.0,2600.0,2782.0,2850.0,2900.0,2975.0,3000.0,3000.0,3000.0,3100.0,3050.0,3045.0,3000.0,3075.0,3100.0,3200.0,3200.0,3290.0,3243.0,3290.0,3250.0,3250.0,3275.0,3200.0,3165.0,3195.0,3200.0,3225.0,3250.0,3385.0,3380.0,3350.0,3300.0,3300.0,3250.0,3295.0,3295.0,3311.0,3325.0,3400.0,3499.0,3515.0,3500.0,3549.0,3600.0,3600.0,3600.0,3550.0,3500.0,3500.0,3573.0,3650.0,3695.0,3778.0,3795.0,3796.0,3800.0,3775.0
Manhattan Beach,Brooklyn,neighborhood,,,,,,,,,,,,,,,,,,,,,,,,600.0,600.0,600.0,,,,,20000.0,16000.0,16000.0,15000.0,15000.0,15000.0,15000.0,,,,,,,,,,,,,,,,,,,,,15000.0,15000.0,15000.0,15000.0,15000.0,15000.0,,,,,,,,,,,,,,,,,,,,,,,2500.0,2500.0,,,,,,,,,,,,1650.0,2600.0,,,,,,,,,,,,,,,,,,,,2950.0,,,,,,,,,,,,,,,,,,,,,,,,,,,,,,,,,,,,,,,,,,,,,,,,,,,,,,,,,,,,,,,,,,,,,,,,,,,,,,,,
Marble Hill,Manhattan,neighborhood,,,,,,,,,,,,,,,,,,,,,,,,,,,,,,,,,,,,,,,,,,,,,,,,1050.0,1050.0,1050.0,,,,,,,,1050.0,1000.0,1195.0,1195.0,,,,,1225.0,,1250.0,,,,1050.0,1050.0,1225.0,1225.0,,,,1300.0,1300.0,1325.0,,,,1350.0,1395.0,1395.0,1395.0,1395.0,1470.0,1400.0,1475.0,1400.0,1400.0,,,,,,,,1495.0,1400.0,1400.0,1525.0,1525.0,,,,1550.0,,,1575.0,1495.0,1300.0,1475.0,,,,,,,,,1425.0,,,1391.0,1626.0,1620.0,1390.0,1390.0,1620.0,1600.0,1600.0,1650.0,1875.0,1850.0,501.0,1850.0,1925.0,1925.0,1925.0,1925.0,1925.0,1850.0,1950.0,1950.0,1850.0,1850.0,1800.0,,,,,,,,1925.0,1925.0,1925.0,2050.0,1800.0,,,,1900.0,1900.0,,,,,,,,2000.0,,2100.0,2100.0,,,,,,,,,,,,,,,,,,,,,
Marine Park,Brooklyn,neighborhood,,,,,,,,,,,,,,1900.0,1500.0,1500.0,1500.0,1500.0,1500.0,1500.0,,1500.0,,,,,,,,,,,,,,,,,,,,,,,,3000.0,3000.0,3000.0,3000.0,5000.0,5000.0,5000.0,5000.0,3500.0,5000.0,5000.0,5000.0,,,4200.0,4200.0,4200.0,4200.0,4200.0,4200.0,1395.0,1295.0,1295.0,850.0,3200.0,3200.0,2200.0,3200.0,,,,,1395.0,1650.0,1650.0,5000.0,5000.0,5000.0,5000.0,5000.0,5000.0,1300.0,1300.0,5000.0,5000.0,6000.0,,,1500.0,1300.0,,,,,,,,1250.0,,,,,,,1300.0,1300.0,,,,1666.0,1666.0,,,,,1250.0,,,,,,,,,,1350.0,1300.0,2400.0,1600.0,1600.0,,,,2000.0,,,,,,,1350.0,1400.0,1350.0,,,,,,,,,,,,,,,,1599.0,1599.0,,,,,,,,,,,,,,1500.0,1500.0,1500.0,1899.0,1700.0,,,,,,,,,,,,,,,1700.0,1700.0,
Maspeth,Queens,neighborhood,,,,,,,,,,,,,,,,,,,,,,,2750.0,2750.0,2750.0,,,,,,,,,3500.0,3500.0,3500.0,,,,,,,,,,,,,,,1100.0,1100.0,,,,1100.0,1100.0,1100.0,,2200.0,2200.0,,,2000.0,,1350.0,1350.0,,1500.0,2000.0,1500.0,1500.0,,,,,1500.0,1500.0,2500.0,2500.0,,,,4750.0,4750.0,3700.0,3700.0,3700.0,3700.0,3700.0,3700.0,1295.0,1500.0,,1200.0,1100.0,,,,,,,,,,,,1300.0,1700.0,1700.0,,,1575.0,,2000.0,1650.0,1650.0,,,1350.0,,,1375.0,1400.0,2000.0,1200.0,1200.0,1550.0,1400.0,1400.0,,,800.0,1350.0,1350.0,1400.0,1400.0,,1200.0,1650.0,1675.0,1675.0,,,1500.0,,1600.0,2000.0,1900.0,,,,,1895.0,,1650.0,1650.0,1100.0,1550.0,1798.0,1950.0,1800.0,1750.0,1750.0,1850.0,1600.0,1500.0,,1700.0,1900.0,1200.0,,2000.0,1900.0,2800.0,1500.0,1850.0,,,,,1800.0,1950.0,,,,,,,1800.0,1850.0,1900.0,1900.0,2000.0,1940.0,1940.0,2400.0,2100.0,2000.0,2700.0
Melrose,Bronx,neighborhood,,,,,,,,,,,,,,,,,,,,,988.0,988.0,988.0,988.0,988.0,,,,,,,,,,,,,,,,,,,,,,3800.0,3800.0,3800.0,3800.0,3800.0,3800.0,3800.0,3800.0,1095.0,,854.0,,,,,854.0,1259.0,1259.0,1259.0,,1250.0,1250.0,,,,,,,1050.0,1075.0,1050.0,1075.0,,,,,,1200.0,,,,,,,,1450.0,1550.0,1550.0,,,1250.0,,,,,,,1550.0,1495.0,1495.0,1250.0,1250.0,1430.0,1430.0,1300.0,1300.0,1300.0,,,1550.0,1550.0,1550.0,1550.0,1550.0,1550.0,,,,1180.0,,,896.0,,1550.0,1300.0,1300.0,,1300.0,1300.0,,,,,,1350.0,,1350.0,1350.0,1295.0,1350.0,,1300.0,1300.0,1281.0,1250.0,1235.0,,1500.0,,,,1200.0,1200.0,,,,,,,,1343.0,1755.0,1755.0,,1808.0,,1808.0,1652.0,1750.0,1850.0,1850.0,1550.0,,,,,,,2624.0,1669.0,,,,,2762.0,1114.0,,,,,,1525.0,1564.0,
Middle Village,Queens,neighborhood,850.0,850.0,850.0,850.0,,,,,,,,,,,,,,,,,,,,,,,,,,,,,,,,,,,,,,1050.0,1050.0,,,,,,,,,,,,,,,,,,,,,950.0,,,1275.0,1275.0,,1150.0,,,,,,,2000.0,2000.0,2000.0,2000.0,1300.0,,,,,,,1500.0,1500.0,1500.0,1500.0,,1250.0,,1200.0,1200.0,1200.0,2700.0,,,1200.0,1200.0,,1200.0,,1200.0,1450.0,1450.0,,,,,1200.0,1200.0,,1400.0,1450.0,4600.0,4600.0,4600.0,4600.0,,,,,,,,1300.0,1300.0,1300.0,,,1595.0,1595.0,1295.0,1300.0,1450.0,1650.0,1595.0,1650.0,,,,,,1375.0,1375.0,1608.0,,,1475.0,1475.0,1450.0,2200.0,1875.0,1595.0,1595.0,1595.0,1600.0,1600.0,1625.0,1550.0,1555.0,1700.0,1700.0,1700.0,1700.0,1675.0,1760.0,1745.0,1700.0,1650.0,1600.0,1625.0,,1800.0,1650.0,1695.0,,1800.0,1750.0,1850.0,1675.0,1700.0,1800.0,1800.0,1750.0,1650.0,1750.0,1800.0,1700.0,1750.0,,2150.0,2000.0,1500.0,1900.0,1850.0,1900.0
Midtown,Manhattan,neighborhood,2450.0,2450.0,2350.0,2350.0,2400.0,2650.0,2800.0,2750.0,2800.0,2650.0,2795.0,2650.0,2625.0,2695.0,2795.0,2795.0,2800.0,2895.0,2700.0,2695.0,2600.0,2650.0,2750.0,2750.0,2700.0,2750.0,2700.0,2700.0,2795.0,2800.0,2850.0,2800.0,2850.0,2800.0,2795.0,2800.0,2800.0,2700.0,2700.0,2700.0,2700.0,2950.0,3050.0,2995.0,2995.0,2950.0,2800.0,2725.0,2705.0,2800.0,2775.0,2800.0,2800.0,2850.0,2873.0,2800.0,2800.0,2800.0,2700.0,2725.0,2800.0,2800.0,2800.0,2975.0,2950.0,2950.0,2950.0,2950.0,2950.0,2950.0,2900.0,2800.0,2850.0,2895.0,2850.0,2800.0,2895.0,2925.0,2995.0,3100.0,3000.0,2800.0,2800.0,2900.0,2895.0,2975.0,2895.0,2900.0,2950.0,2850.0,2800.0,2835.0,2800.0,2842.0,2800.0,2800.0,2700.0,2750.0,2725.0,2800.0,2825.0,2800.0,2895.0,2850.0,2800.0,2900.0,2750.0,2800.0,2950.0,2895.0,2995.0,2895.0,2895.0,2895.0,2942.0,2850.0,2980.0,2934.0,2925.0,2971.0,2850.0,2950.0,3000.0,3000.0,2795.0,2755.0,2550.0,2516.0,2500.0,2450.0,2400.0,2333.0,2250.0,2360.0,2465.0,2450.0,2400.0,2700.0,2950.0,2800.0,2880.0,2880.0,2995.0,3245.0,3200.0,3350.0,3333.0,3595.0,3595.0,3295.0,3892.0,3525.0,3400.0,3300.0,3371.0,3432.0,3350.0,3470.0,3500.0,3593.0,3483.0,3460.0,3460.0,3500.0,3500.0,3425.0,3490.0,3426.0,3385.0,3481.0,3300.0,3477.0,3600.0,3595.0,3675.0,3675.0,3550.0,3750.0,3625.0,3625.0,3625.0,3780.0,3629.0,3665.0,3750.0,3900.0,3900.0,3984.0,3995.0,3900.0,3934.0,3941.0,3820.0,4000.0,4000.0,4000.0,4000.0,4045.0,3930.0,3800.0
Midtown East,Manhattan,neighborhood,1895.0,1895.0,1900.0,1900.0,1895.0,1900.0,1900.0,1950.0,2000.0,2000.0,2000.0,2000.0,2000.0,2000.0,2000.0,2050.0,2100.0,2100.0,2100.0,2195.0,2195.0,2150.0,2200.0,2200.0,2200.0,2295.0,2300.0,2300.0,2295.0,2295.0,2295.0,2250.0,2250.0,2200.0,2200.0,2252.0,2250.0,2250.0,2295.0,2300.0,2295.0,2250.0,2295.0,2300.0,2300.0,2295.0,2200.0,2300.0,2300.0,2300.0,2300.0,2300.0,2375.0,2375.0,2350.0,2350.0,2350.0,2350.0,2395.0,2350.0,2300.0,2400.0,2350.0,2400.0,2450.0,2450.0,2450.0,2495.0,2500.0,2400.0,2400.0,2400.0,2400.0,2450.0,2452.0,2450.0,2450.0,2475.0,2450.0,2450.0,2450.0,2390.0,2395.0,2350.0,2300.0,2350.0,2400.0,2395.0,2400.0,2400.0,2450.0,2425.0,2450.0,2400.0,2350.0,2350.0,2395.0,2395.0,2399.0,2400.0,2400.0,2500.0,2500.0,2500.0,2495.0,2450.0,2470.0,2500.0,2450.0,2500.0,2490.0,2550.0,2584.0,2595.0,2595.0,2600.0,2550.0,2550.0,2600.0,2500.0,2500.0,2595.0,2695.0,2695.0,2565.0,2475.0,2345.0,2208.0,2195.0,2090.0,1995.0,1999.0,2000.0,2000.0,2000.0,2000.0,2100.0,2200.0,2395.0,2500.0,2570.0,2550.0,2600.0,2800.0,2895.0,2900.0,2800.0,2900.0,3000.0,2999.0,3100.0,3050.0,3000.0,3000.0,2960.0,2960.0,2950.0,3000.0,3095.0,3100.0,3200.0,3200.0,3196.0,3195.0,3200.0,3150.0,3175.0,3100.0,3145.0,3100.0,3100.0,3200.0,3200.0,3250.0,3200.0,3200.0,3200.0,3200.0,3200.0,3200.0,3200.0,3250.0,3300.0,3350.0,3300.0,3400.0,3600.0,3500.0,3450.0,3400.0,3400.0,3400.0,3485.0,3500.0,3495.0,3625.0,3700.0,3650.0,3650.0,3695.0
Midtown South,Manhattan,neighborhood,2200.0,2200.0,2050.0,2350.0,2450.0,2700.0,2600.0,2550.0,2500.0,2500.0,2400.0,2200.0,2400.0,2200.0,2200.0,2600.0,2650.0,2650.0,2700.0,2500.0,2400.0,2500.0,2400.0,2400.0,2400.0,2400.0,2600.0,2600.0,2750.0,2800.0,2800.0,2700.0,2575.0,2475.0,2350.0,2400.0,2350.0,2500.0,2500.0,2600.0,2600.0,2700.0,2850.0,2800.0,2600.0,2500.0,2700.0,2600.0,2600.0,2700.0,2550.0,2600.0,2700.0,2650.0,2600.0,2700.0,2895.0,2725.0,2695.0,2700.0,2700.0,2700.0,2700.0,2750.0,2750.0,2695.0,2800.0,2800.0,2850.0,3025.0,3050.0,2900.0,2875.0,2900.0,2800.0,2750.0,2750.0,2900.0,2950.0,2800.0,2900.0,2995.0,2975.0,2975.0,2695.0,2895.0,2650.0,2850.0,2950.0,2700.0,2795.0,2800.0,2575.0,2600.0,2650.0,2500.0,2500.0,2700.0,2700.0,2950.0,2800.0,3000.0,2950.0,2995.0,2700.0,3000.0,3050.0,3025.0,2850.0,2977.0,3032.0,2769.0,2675.0,2895.0,2975.0,2965.0,3000.0,3050.0,3092.0,3443.0,3116.0,3375.0,3540.0,3100.0,3100.0,2949.0,2650.0,2438.0,2438.0,2520.0,2395.0,2375.0,2400.0,2440.0,2500.0,2567.0,2625.0,2950.0,3150.0,3205.0,3095.0,3025.0,3395.0,3945.0,3584.0,3750.0,3695.0,3750.0,3795.0,3695.0,3995.0,3795.0,3750.0,3850.0,3645.0,3595.0,3728.0,3725.0,3700.0,3800.0,3795.0,3885.0,3845.0,3845.0,3700.0,3795.0,3525.0,3600.0,3600.0,3700.0,3850.0,3895.0,3925.0,3995.0,4000.0,4000.0,3950.0,3875.0,3885.0,3895.0,3800.0,3955.0,4100.0,4100.0,3900.0,4025.0,4000.0,3995.0,3900.0,3800.0,3800.0,3795.0,3750.0,4000.0,3850.0,3995.0,4095.0,4000.0,4000.0,4145.0
Midtown West,Manhattan,neighborhood,2160.0,2100.0,2095.0,2091.0,2170.0,2192.0,2250.0,2250.0,2250.0,2260.0,2290.0,2290.0,2175.0,2100.0,2200.0,2265.0,2200.0,2350.0,2300.0,2300.0,2300.0,2250.0,2250.0,2310.0,2490.0,2337.0,2300.0,2350.0,2391.0,2400.0,2400.0,2490.0,2490.0,2450.0,2500.0,2500.0,2500.0,2550.0,2505.0,2460.0,2400.0,2400.0,2450.0,2550.0,2550.0,2550.0,2450.0,2410.0,2450.0,2600.0,2545.0,2580.0,2635.0,2605.0,2650.0,2595.0,2550.0,2500.0,2680.0,2700.0,2620.0,2595.0,2650.0,2700.0,2700.0,2750.0,2700.0,2700.0,2750.0,2700.0,2600.0,2590.0,2650.0,2630.0,2650.0,2646.0,2700.0,2650.0,2700.0,2700.0,2690.0,2600.0,2665.0,2700.0,2650.0,2600.0,2655.0,2675.0,2655.0,2700.0,2723.0,2825.0,2693.0,2700.0,2676.0,2599.0,2550.0,2595.0,2645.0,2665.0,2727.0,2695.0,2695.0,2700.0,2690.0,2700.0,2723.0,2800.0,2780.0,2863.0,2862.0,2850.0,2850.0,2942.0,2900.0,2900.0,2906.0,2874.0,2795.0,2895.0,2920.0,2954.0,2992.0,2892.0,2750.0,2650.0,2500.0,2400.0,2300.0,2275.0,2200.0,2190.0,2175.0,2225.0,2238.0,2350.0,2445.0,2550.0,2590.0,2700.0,2700.0,2850.0,3050.0,3106.0,3253.0,3271.0,3425.0,3500.0,3510.0,3500.0,3670.0,3638.0,3497.0,3425.0,3350.0,3345.0,3430.0,3500.0,3590.0,3605.0,3600.0,3594.0,3590.0,3500.0,3520.0,3470.0,3350.0,3397.0,3400.0,3500.0,3495.0,3591.0,3720.0,3664.0,3606.0,3600.0,3500.0,3535.0,3500.0,3525.0,3590.0,3600.0,3695.0,3850.0,3800.0,3831.0,3800.0,3800.0,3724.0,3700.0,3590.0,3573.0,3700.0,3804.0,3854.0,3833.0,3900.0,3950.0,3975.0,3895.0
Midwood,Brooklyn,neighborhood,,,,,,,,,1050.0,1050.0,,900.0,875.0,975.0,900.0,1300.0,1000.0,2100.0,2100.0,975.0,1300.0,2600.0,4450.0,4450.0,995.0,1100.0,1000.0,1000.0,1050.0,1300.0,1300.0,1300.0,1300.0,925.0,945.0,945.0,925.0,1100.0,1100.0,1275.0,1275.0,995.0,1000.0,1125.0,1100.0,1000.0,1000.0,1100.0,1100.0,1100.0,975.0,999.0,1100.0,1125.0,1225.0,1225.0,1225.0,1325.0,1295.0,1250.0,1200.0,1195.0,1350.0,1350.0,1445.0,1445.0,1300.0,1395.0,1395.0,1395.0,1395.0,1295.0,1295.0,1350.0,1295.0,1280.0,1325.0,1350.0,1350.0,1150.0,1325.0,1375.0,1395.0,1350.0,1350.0,1300.0,1300.0,1400.0,1350.0,1325.0,1350.0,1300.0,1350.0,1350.0,1450.0,1475.0,1470.0,1450.0,1500.0,1400.0,1350.0,1450.0,1400.0,1475.0,1455.0,1450.0,1375.0,1425.0,1350.0,1450.0,1435.0,1800.0,1850.0,1495.0,1575.0,1600.0,1500.0,1500.0,1495.0,1400.0,1350.0,1400.0,1600.0,1625.0,1600.0,1495.0,1495.0,1575.0,1425.0,1450.0,1475.0,1450.0,1445.0,1400.0,1450.0,1425.0,1450.0,1550.0,1525.0,1450.0,1700.0,1495.0,1495.0,1525.0,1475.0,1550.0,1500.0,1550.0,1500.0,1600.0,1550.0,1550.0,1575.0,1550.0,1700.0,1600.0,1750.0,1695.0,2269.0,2150.0,1695.0,1650.0,1750.0,1849.0,1650.0,1650.0,1792.0,1595.0,1700.0,1950.0,1975.0,1875.0,1786.0,1910.0,1900.0,2000.0,2191.0,1750.0,1850.0,1800.0,2167.0,1700.0,2150.0,1724.0,1675.0,1700.0,2250.0,2200.0,2100.0,2200.0,1950.0,1895.0,1900.0,2099.0,2232.0,1999.0,1900.0,1850.0,2113.0,2029.0
Mill Basin,Brooklyn,neighborhood,,,,,,,,,,,,,,,,,,,,,,,,,,,,,,,,,,,,,,,,,,,,,,,,,,,,,,,,,,,,,,,,,,,,,,,,,,,,,,,,,,,,,,1200.0,1200.0,,,3500.0,3500.0,,,,,,2800.0,2800.0,,,,,,1100.0,,,,,,,,,,,,,,,,,,,,,,,,,,,,,,,,,,,,,,,,,,,,,,5195.0,,,,,,,,,,,,,,,,,,,,,,,,,,,,,,,,,,,,,,,,,,,,,,,,,,
Morningside Heights,Manhattan,neighborhood,1795.0,1500.0,1350.0,1350.0,1350.0,1400.0,1550.0,1570.0,1660.0,,,,1475.0,1375.0,1399.0,1399.0,1850.0,1600.0,1350.0,1650.0,1650.0,1890.0,1890.0,1700.0,1700.0,1750.0,1400.0,1677.0,1750.0,1750.0,1895.0,1750.0,1950.0,1750.0,1700.0,2200.0,1950.0,1800.0,1850.0,1895.0,1950.0,1795.0,1950.0,1950.0,1775.0,1900.0,1775.0,1750.0,2000.0,2755.0,2935.0,2780.0,2675.0,2325.0,1975.0,2100.0,2100.0,2095.0,2100.0,2100.0,2100.0,2050.0,2050.0,2250.0,2150.0,2200.0,2085.0,2200.0,2200.0,2095.0,2000.0,2000.0,2000.0,2000.0,2150.0,2195.0,2200.0,2300.0,2295.0,2250.0,2250.0,2156.0,2063.0,1995.0,2000.0,2150.0,2150.0,2203.0,2300.0,2203.0,2250.0,2350.0,1895.0,2195.0,2100.0,2300.0,2298.0,2100.0,2250.0,2275.0,2250.0,2250.0,2300.0,2250.0,2295.0,2295.0,2295.0,2818.0,2154.0,2103.0,2016.0,2199.0,2199.0,2350.0,2299.0,2399.0,2395.0,2300.0,2250.0,2215.0,2250.0,2325.0,2400.0,2400.0,2034.0,2400.0,2300.0,2180.0,2054.0,2000.0,2000.0,2195.0,2200.0,2595.0,2950.0,2950.0,2997.0,2350.0,2325.0,1900.0,2400.0,2000.0,2350.0,2500.0,3850.0,2500.0,3695.0,3565.0,2450.0,2450.0,2500.0,2500.0,2300.0,2495.0,2495.0,2395.0,2495.0,2500.0,3590.0,3525.0,2850.0,3750.0,2600.0,3725.0,2400.0,2400.0,2485.0,2650.0,3000.0,2650.0,3700.0,3895.0,2800.0,2850.0,2999.0,2999.0,2999.0,2900.0,3100.0,3150.0,3100.0,3100.0,2800.0,3700.0,3932.0,3800.0,3200.0,3200.0,3300.0,2950.0,3930.0,4500.0,4500.0,4500.0,4316.0,4164.0,4092.0,4200.0,3500.0,3500.0
Morris Heights,Bronx,neighborhood,,,,,,,,,,,,,,,,,,,,,,,,,,,,,,,,,,,,,,,,,,,,,,,,,,,,,1095.0,1095.0,,,,,,,1250.0,1250.0,1250.0,1250.0,,2750.0,2750.0,,,,,,,,,,,,,,1150.0,1150.0,1150.0,1150.0,1150.0,,,,,,1350.0,1500.0,1500.0,1500.0,,,,1850.0,1595.0,1595.0,1595.0,1595.0,,1500.0,1500.0,1595.0,,,,,1695.0,1500.0,1500.0,1500.0,1500.0,,1600.0,1600.0,1600.0,1595.0,1500.0,1500.0,,,,1500.0,1550.0,1550.0,1550.0,1500.0,1420.0,1300.0,,,,,,,,,,,,,,,,,,,,,,,,,1700.0,1500.0,1500.0,,,,,,1550.0,,,,,,,,895.0,,,,1600.0,1600.0,1350.0,,,,,,,,,,,2900.0,2900.0,2900.0,2900.0,2900.0,2900.0,1800.0,,,,1500.0
Morris Park,Bronx,neighborhood,850.0,850.0,850.0,,,,,,,,,,825.0,,,,,,,,,,,,,,,,1100.0,1100.0,1100.0,1100.0,1100.0,1100.0,,,,,,,,,900.0,900.0,900.0,,4500.0,4500.0,1000.0,1000.0,1160.0,1000.0,1000.0,950.0,1050.0,1100.0,1200.0,1200.0,1200.0,1200.0,1123.0,1201.0,1200.0,1200.0,1092.0,1092.0,950.0,1250.0,1275.0,1250.0,1250.0,1275.0,1275.0,1295.0,1295.0,1325.0,1325.0,1300.0,1300.0,1300.0,1200.0,1325.0,1325.0,1325.0,1325.0,1200.0,1275.0,1375.0,1400.0,,1375.0,1375.0,1375.0,1375.0,1650.0,1250.0,,1200.0,1500.0,1300.0,1400.0,1400.0,1050.0,1200.0,1400.0,1300.0,1300.0,1300.0,1675.0,,1600.0,1675.0,1725.0,1725.0,1650.0,1750.0,1549.0,1735.0,1300.0,,1700.0,1700.0,,,,1750.0,1650.0,1650.0,1650.0,1800.0,1566.0,1566.0,1549.0,1750.0,1599.0,1650.0,1499.0,1499.0,1499.0,1500.0,1500.0,1825.0,1800.0,,1700.0,1650.0,1500.0,1450.0,1718.0,1300.0,1299.0,,1600.0,1222.0,1499.0,1499.0,1499.0,1395.0,1450.0,1599.0,1599.0,2499.0,1395.0,,,,1599.0,1599.0,1488.0,,,,1649.0,1450.0,1450.0,,2281.0,1626.0,1450.0,,,2281.0,2250.0,1492.0,1420.0,1420.0,1595.0,,2250.0,1875.0,1775.0,1818.0,,,,,,,,1200.0
Morrisania,Bronx,neighborhood,,,,,,,,,,,,,,,,,,,,,,,,,,,,,,,,,,,,,,,,,,,,,,,,,,,,,,,,854.0,854.0,854.0,703.0,854.0,,,703.0,716.0,716.0,716.0,716.0,,,,3500.0,3500.0,3500.0,3500.0,,,,,,1200.0,1200.0,1200.0,,17500.0,17500.0,17500.0,17500.0,17500.0,17500.0,,,,780.0,780.0,,,,,,1700.0,,,,1400.0,1400.0,,,,,,,,,,,,,,,,,,,,,,3990.0,925.0,925.0,1350.0,1450.0,1400.0,1400.0,,,,,,,,,,,,1395.0,1395.0,,,,,,,,1650.0,,,,,,,,,2250.0,2250.0,1350.0,1350.0,,,,,,,,,,,2525.0,2525.0,2525.0,,,,,,1975.0,,,,,,1500.0,1698.0,,,,,,,,
Mott Haven,Bronx,neighborhood,13000.0,13000.0,13000.0,,,,,,,,,,,,,710.0,710.0,710.0,710.0,,,,,,,,,,,,,,,,,,,,,1500.0,1500.0,1150.0,1150.0,1150.0,,,,1650.0,1800.0,,1100.0,1125.0,1250.0,1500.0,1390.0,1375.0,1350.0,1300.0,1300.0,1300.0,1300.0,1300.0,1680.0,1680.0,1400.0,1400.0,3400.0,1200.0,1200.0,,,,,,2300.0,2300.0,,,1350.0,1350.0,,,,1100.0,1175.0,1000.0,1000.0,1200.0,1300.0,1650.0,1650.0,1500.0,1500.0,1600.0,1600.0,1600.0,1650.0,1450.0,2155.0,2155.0,1900.0,1900.0,1750.0,1799.0,1799.0,1700.0,1700.0,1600.0,1675.0,1684.0,1700.0,1700.0,2233.0,2300.0,2123.0,2095.0,1925.0,1900.0,1750.0,1755.0,1850.0,1850.0,1900.0,1900.0,1795.0,1820.0,1995.0,1928.0,1900.0,1795.0,1650.0,1690.0,1900.0,1970.0,1800.0,1950.0,1875.0,1960.0,2125.0,1995.0,1850.0,1805.0,1805.0,1800.0,1800.0,1800.0,2285.0,2150.0,2287.0,2850.0,2695.0,2595.0,2600.0,2550.0,2270.0,2865.0,2725.0,2725.0,2775.0,2865.0,2865.0,2576.0,2576.0,2500.0,2513.0,2650.0,2666.0,2665.0,2667.0,2540.0,2455.0,2800.0,3050.0,2858.0,2650.0,2806.0,3008.0,3050.0,3060.0,3100.0,3120.0,2700.0,3124.0,3126.0,3125.0,3126.0,3125.0,3125.0,2500.0,2800.0,2880.0,2880.0,2800.0,2814.0,2750.0,2600.0,2800.0,2850.0,2700.0,2800.0
NYC,,city,1995.0,1995.0,1950.0,1965.0,2000.0,2000.0,2000.0,2000.0,2100.0,2150.0,2100.0,2000.0,2010.0,2050.0,2050.0,2100.0,2100.0,2150.0,2150.0,2200.0,2200.0,2200.0,2200.0,2250.0,2250.0,2250.0,2250.0,2250.0,2275.0,2250.0,2250.0,2250.0,2300.0,2250.0,2300.0,2325.0,2300.0,2325.0,2325.0,2300.0,2300.0,2295.0,2295.0,2300.0,2350.0,2350.0,2300.0,2325.0,2325.0,2350.0,2350.0,2400.0,2395.0,2400.0,2350.0,2350.0,2350.0,2350.0,2350.0,2350.0,2300.0,2350.0,2395.0,2400.0,2400.0,2400.0,2400.0,2450.0,2475.0,2450.0,2400.0,2425.0,2420.0,2400.0,2400.0,2450.0,2446.0,2450.0,2446.0,2450.0,2400.0,2395.0,2350.0,2350.0,2300.0,2300.0,2331.0,2307.0,2350.0,2350.0,2330.0,2400.0,2395.0,2350.0,2295.0,2300.0,2290.0,2262.0,2300.0,2300.0,2325.0,2350.0,2350.0,2350.0,2338.0,2300.0,2300.0,2314.0,2337.0,2350.0,2351.0,2400.0,2409.0,2400.0,2400.0,2400.0,2399.0,2400.0,2445.0,2468.0,2475.0,2500.0,2545.0,2553.0,2450.0,2395.0,2295.0,2200.0,2100.0,2000.0,1999.0,1988.0,1995.0,1995.0,1995.0,2000.0,2100.0,2122.0,2183.0,2200.0,2200.0,2200.0,2295.0,2300.0,2400.0,2500.0,2600.0,2650.0,2774.0,2800.0,2850.0,2900.0,2895.0,2850.0,2800.0,2850.0,2895.0,2950.0,2955.0,3000.0,3000.0,3000.0,3000.0,3000.0,3000.0,2995.0,2966.0,2999.0,3000.0,3000.0,3050.0,3125.0,3150.0,3125.0,3100.0,3100.0,3060.0,3050.0,3015.0,3060.0,3100.0,3125.0,3200.0,3300.0,3250.0,3349.0,3400.0,3400.0,3300.0,3295.0,3245.0,3225.0,3295.0,3300.0,3350.0,3500.0,3500.0,3500.0,3512.0,3500.0
New Hyde Park,Queens,neighborhood,,,,,,,,,,,,,,,,,,,,,,,,,,,,,,,,,,,,,,,,,,,,,,,,,,,,,,,,,,,,,,,,,,,,,,,,,,,,,,,,,,,,,,,,,,,,,,,,,,,,,,,,,,,,,,,,,,,,,,,,,,,,,,,,,,,,,,,,,,,,,,,,,,,,,,,,,,,,,,,,,,,,,,,,,,,,,,,,,,,,,,,,,,,,,,,,,,,,,,,,
Nolita,Manhattan,neighborhood,1750.0,1750.0,1900.0,2395.0,2390.0,1900.0,1850.0,2295.0,2425.0,2200.0,2475.0,2200.0,2495.0,2200.0,2000.0,2495.0,2495.0,2300.0,2300.0,2950.0,2950.0,2895.0,1995.0,1995.0,2850.0,2595.0,2825.0,2695.0,2495.0,2195.0,2400.0,2675.0,2995.0,2900.0,3050.0,2590.0,2695.0,2795.0,2875.0,2850.0,2850.0,3095.0,2895.0,2850.0,2895.0,2500.0,3600.0,3650.0,2895.0,2895.0,2495.0,2875.0,2850.0,2795.0,2850.0,2925.0,3095.0,2095.0,1875.0,2500.0,2695.0,2995.0,2995.0,3050.0,2600.0,2050.0,2800.0,2850.0,2700.0,2850.0,2800.0,2600.0,2695.0,3195.0,3095.0,3025.0,3000.0,3000.0,2950.0,3095.0,3150.0,2650.0,2383.0,2300.0,2300.0,2800.0,2500.0,2695.0,2700.0,2495.0,2650.0,2895.0,2995.0,2795.0,2750.0,2795.0,2800.0,2895.0,3000.0,3150.0,3095.0,2995.0,2950.0,2850.0,2950.0,2800.0,2695.0,2699.0,3195.0,2801.0,3110.0,2705.0,2895.0,3150.0,3150.0,2800.0,2950.0,2750.0,2650.0,2585.0,3300.0,3225.0,2750.0,2695.0,2850.0,2950.0,2764.0,2350.0,2246.0,2395.0,2200.0,2300.0,2000.0,1900.0,2125.0,2250.0,2100.0,2395.0,2000.0,2695.0,2800.0,2500.0,2600.0,2600.0,3395.0,3375.0,3195.0,2995.0,3595.0,3595.0,3414.0,3050.0,3250.0,4400.0,2995.0,3350.0,2600.0,3595.0,3495.0,3395.0,3700.0,2900.0,3250.0,3195.0,2950.0,3295.0,3000.0,3000.0,2695.0,3595.0,3595.0,3750.0,3450.0,3650.0,3695.0,3995.0,3995.0,3995.0,2950.0,3695.0,3800.0,3550.0,3895.0,3800.0,3895.0,3750.0,3995.0,3995.0,3995.0,3495.0,3495.0,3495.0,3000.0,4000.0,3995.0,4150.0,4273.0,4150.0,4195.0,4250.0
North Corona,Queens,neighborhood,,,,,,,,,,,,,,,,,,,,,,,,,,,,,,,,,,,,,,,,,,,,,6000.0,3100.0,3100.0,3100.0,3100.0,3100.0,3100.0,3100.0,3100.0,,,,,,,,,,1495.0,,,,,,,,,,,,3000.0,3000.0,3000.0,12792.0,,6000.0,6000.0,,,,,,,,,,,,,,1325.0,,,1300.0,1300.0,1375.0,1300.0,,1550.0,1450.0,1450.0,1395.0,1395.0,1325.0,1325.0,1350.0,1350.0,1350.0,1550.0,1550.0,1320.0,1320.0,1400.0,1550.0,2759.0,,,,1100.0,,1100.0,1100.0,,,1450.0,1450.0,,,1400.0,1400.0,1250.0,,,1300.0,1580.0,1475.0,1475.0,,,,1210.0,1210.0,,,1450.0,1725.0,,1450.0,,,1300.0,1400.0,1395.0,1395.0,,,1550.0,,,,1550.0,,2250.0,2250.0,2700.0,2700.0,3050.0,1550.0,3050.0,,1525.0,1549.0,1550.0,1550.0,1500.0,,,,,1975.0,2100.0,2200.0,1875.0,1800.0,1700.0,1875.0,1675.0,1675.0,1675.0,,,1650.0,1650.0,2250.0,2250.0,1815.0
Norwood,Bronx,neighborhood,,,,795.0,,,,,,,,,,,850.0,850.0,,,,,,,995.0,995.0,,,,,,875.0,875.0,900.0,,,,,,,,,975.0,,1000.0,900.0,1000.0,1000.0,995.0,995.0,950.0,950.0,950.0,950.0,950.0,975.0,1050.0,1300.0,1300.0,1300.0,1300.0,1050.0,991.0,1300.0,1050.0,1250.0,1325.0,1325.0,919.0,1300.0,1250.0,1250.0,1250.0,1275.0,1275.0,1295.0,1295.0,1295.0,1325.0,1325.0,1325.0,1325.0,1325.0,1250.0,1150.0,1195.0,1200.0,1175.0,1350.0,1250.0,1250.0,1250.0,1250.0,1075.0,,,,1300.0,1400.0,1550.0,1200.0,1250.0,1275.0,1325.0,1325.0,1250.0,1700.0,1500.0,1350.0,1150.0,1195.0,1350.0,1300.0,1450.0,1275.0,1350.0,1400.0,1400.0,1400.0,1063.0,1475.0,1425.0,1425.0,1295.0,1330.0,,,1475.0,1295.0,1400.0,1300.0,1350.0,1480.0,1350.0,1350.0,1395.0,1350.0,1450.0,1450.0,1500.0,1500.0,1400.0,1400.0,1595.0,1450.0,1450.0,1325.0,1200.0,1450.0,1250.0,,,1500.0,1495.0,1500.0,1625.0,1500.0,1520.0,1349.0,1600.0,1405.0,1695.0,1695.0,,1600.0,1460.0,1460.0,1500.0,1600.0,1625.0,1475.0,1500.0,1585.0,1585.0,1800.0,1800.0,,,1625.0,1750.0,1450.0,1450.0,1900.0,,2459.0,1450.0,,1500.0,1475.0,1450.0,,,1700.0,1700.0,1500.0,,1500.0,1550.0,1550.0,,1550.0,1550.0
Oakland Gardens,Queens,neighborhood,,,,,,,,,,,,,,,,,,,,,,,,,,,,,,,,,,,,,,,,,,,,,,,,,,,,,,,,,,,,,,,,,,,,,,,,,,,,,,,,,,,,,,6000.0,6000.0,,1175.0,1175.0,1550.0,,,2200.0,,,,,,,,,,,,1500.0,1525.0,1525.0,1525.0,,,,,1750.0,,,,,,,1250.0,,,,,,,,,,,,,,,1350.0,,,2650.0,2600.0,,,,,1895.0,,,,,,,,,,,,,,,,,2500.0,2500.0,2500.0,,,1600.0,1600.0,,,,,,,,,2350.0,,,,,,,,,,,,,,1675.0,,,,2400.0,2400.0,,,2750.0,2250.0
Old Mill Basin,Brooklyn,neighborhood,,,,,,,,,,,,,,,,,,,,,,,,,,,,,,,,,1000.0,1000.0,,,,,,,,,,,,,,,,,,,,,,,,,,,,,,,,,,,,,,,,,,,,,,,,,,,,1200.0,,,,,,,,,,,,,,,,,,,,,,,,,,,,,,,,,,,,,,,,,,,,,,,,,,,,,,,,,,,,,,,,,,,,,,,,,,,,,,,1200.0,,,1200.0,1600.0,,,,,,,,,,,,,,1350.0,1350.0,1399.0,,,,,,,,,,,,,,,
Ozone Park,Queens,neighborhood,,,,,,,,,,,,,,,,,,,,,,,,,,,,,,,,,,,,,,,,,,,,,,,,,,,,,,,,,,,,,,,,,,,1400.0,1500.0,1500.0,1500.0,1500.0,1500.0,1500.0,1500.0,,,,,1499.0,,,,,,,,,,,,,,,,,,,1300.0,1300.0,1300.0,1400.0,1475.0,1450.0,1425.0,1425.0,1400.0,1400.0,1500.0,1500.0,1525.0,1550.0,,1475.0,,,,,,1500.0,,,,,,,,,,,,,,,,1275.0,1275.0,,,,,,,,,,,,,,,,,,,,1200.0,,,,,,,,,,,,1700.0,1685.0,1695.0,1640.0,1740.0,1650.0,1700.0,1450.0,,1695.0,1695.0,,,1750.0,1750.0,1695.0,1690.0,1750.0,,,,,,,,,,,,,1800.0,1800.0,1850.0
Park Slope,Brooklyn,neighborhood,1550.0,1600.0,1500.0,1500.0,1500.0,1500.0,1450.0,1500.0,1500.0,1695.0,1695.0,1600.0,1525.0,1695.0,1825.0,1900.0,1900.0,1800.0,1700.0,1600.0,2000.0,1700.0,2000.0,1900.0,1751.0,1751.0,1700.0,1675.0,1600.0,1575.0,1650.0,1795.0,1650.0,1800.0,1850.0,1795.0,1800.0,1825.0,1825.0,1950.0,1925.0,1850.0,1750.0,1775.0,1898.0,1835.0,1895.0,1935.0,1850.0,1799.0,1800.0,1900.0,1895.0,1900.0,1875.0,1900.0,1900.0,1900.0,2095.0,1975.0,1975.0,1950.0,1900.0,1900.0,1950.0,1900.0,1925.0,2000.0,2025.0,2100.0,2200.0,2015.0,1995.0,1950.0,1950.0,1950.0,1995.0,1950.0,1995.0,2000.0,1995.0,1950.0,1900.0,1850.0,1950.0,1989.0,1950.0,1995.0,2000.0,1995.0,1975.0,2095.0,2150.0,2200.0,2000.0,2050.0,2100.0,2100.0,2200.0,2150.0,2100.0,2150.0,2100.0,2100.0,2100.0,2100.0,2300.0,2195.0,2200.0,2200.0,2200.0,2300.0,2400.0,2400.0,2215.0,2300.0,2295.0,2200.0,2100.0,2199.0,2125.0,2395.0,2400.0,2250.0,2150.0,2200.0,2012.0,2100.0,2000.0,1925.0,1850.0,1800.0,1900.0,1900.0,1900.0,1950.0,1995.0,2095.0,2150.0,2200.0,2150.0,2250.0,2275.0,2200.0,2100.0,2600.0,2395.0,2450.0,2600.0,2600.0,2595.0,2500.0,2450.0,2650.0,2800.0,2800.0,2495.0,2550.0,2700.0,2550.0,2550.0,2600.0,2975.0,2900.0,2899.0,2738.0,2700.0,2500.0,2495.0,2595.0,2750.0,2799.0,2600.0,2600.0,2700.0,2875.0,3050.0,2850.0,2995.0,2600.0,2750.0,2700.0,2800.0,2795.0,2800.0,2950.0,2995.0,2995.0,2975.0,3250.0,3499.0,3300.0,3166.0,3000.0,3300.0,3200.0,2999.0,2999.0,3250.0,3250.0
Parkchester,Bronx,neighborhood,,,,,,,,,,,,,,,,,860.0,,,,,,,,,,,,,,,,,,,,,,,,,,,,,,,,,,,,,,,,925.0,925.0,,,950.0,950.0,925.0,925.0,925.0,950.0,,,,950.0,950.0,,,,,,,,,1050.0,1050.0,,,,,1200.0,1175.0,,,,,,,,,,,,1225.0,,,,,,,,,,,,1450.0,1425.0,1425.0,,,,,,,,,,,,,,,,,,,1350.0,1350.0,1350.0,1350.0,1350.0,,,,,,,1900.0,1900.0,,1500.0,1500.0,1350.0,1350.0,1350.0,,,,1730.0,,,2599.0,2599.0,3399.0,2600.0,3500.0,1550.0,1585.0,1585.0,1675.0,1675.0,,,,1695.0,1695.0,1750.0,1750.0,1750.0,2500.0,,1750.0,,,1695.0,1695.0,,1595.0,1595.0,2400.0,2400.0,2400.0,1695.0,1695.0,3150.0,1750.0,1749.0,,,,,1750.0,1750.0,1750.0,1750.0
Pelham Bay,Bronx,neighborhood,2500.0,2500.0,2500.0,,,,,,,,,,,,,,,,,,,,,,,,,,,,,1150.0,1075.0,1075.0,900.0,900.0,,900.0,900.0,900.0,,,,,,,,,,,,,,,1300.0,1100.0,1350.0,,,,,,,,,,1100.0,,,,,1500.0,,,,,,1250.0,1250.0,,1400.0,1250.0,1250.0,1250.0,1250.0,1250.0,,,1250.0,1250.0,1275.0,1275.0,1275.0,1275.0,,1275.0,1275.0,,1600.0,1275.0,1350.0,1325.0,1325.0,1325.0,1325.0,,1350.0,1325.0,1350.0,1350.0,1350.0,1400.0,1400.0,,,1190.0,1600.0,1450.0,1450.0,,,1400.0,,,,,,984.0,,,,1550.0,1550.0,1550.0,1575.0,1550.0,1650.0,1550.0,1375.0,1375.0,1350.0,1750.0,1200.0,1450.0,1450.0,,1499.0,1499.0,,,1550.0,1300.0,,1350.0,1350.0,1350.0,,,,1550.0,,1713.0,2232.0,2232.0,1390.0,,1365.0,1450.0,1550.0,,,,,1587.0,2140.0,,,,,1650.0,1650.0,1500.0,1595.0,,,1970.0,1970.0,1595.0,3000.0,3000.0,3000.0,3000.0,1695.0,,1220.0,,1725.0,3000.0,3000.0,
Pelham Gardens,Bronx,neighborhood,,,,,,,,,,,,,,,,,,,,,,,,,,,,,,,,,,,,,,,,,,,,,,,,,,,1299.0,1199.0,,,,,,,,,,,,,,,,,,,,1575.0,1575.0,1575.0,1575.0,1575.0,1575.0,,,,1375.0,1375.0,,1449.0,1449.0,1100.0,1100.0,1575.0,1575.0,,,,,1475.0,1475.0,,,,,,,,,,,,,,,,,1575.0,,,1650.0,,,1650.0,1650.0,1550.0,1550.0,1650.0,,,1650.0,,,,,,,,,,,,1650.0,,,1650.0,,,1650.0,,,,,,,,1718.0,1718.0,,,,,,,,,2449.0,2399.0,2399.0,1799.0,,,,,,,2350.0,2350.0,,2449.0,,2375.0,,,,2600.0,2600.0,1600.0,1600.0,,1340.0,1340.0,1849.0,1849.0,,1899.0,,,,,1850.0,,,,,
Pelham Parkway,Bronx,neighborhood,,,,,,,,,,,,,,,,,,,,,,,,975.0,975.0,975.0,975.0,,,,,,,,1100.0,,,,,,,,,,,,,,,,,,,,,,,,1199.0,1199.0,,,,,,6000.0,6000.0,6000.0,,,,,,,,,,,,,,,,,,,1498.0,1498.0,1498.0,1498.0,,,1499.0,1499.0,,,,,,1549.0,1270.0,,1315.0,1475.0,1475.0,1475.0,,1276.0,1325.0,,,,1400.0,1400.0,1400.0,1350.0,1350.0,,,1550.0,1550.0,1550.0,1550.0,1750.0,1238.0,,,,1475.0,1475.0,,1350.0,1250.0,1600.0,1600.0,,,,1575.0,,,,1600.0,1600.0,1625.0,,1500.0,1500.0,1475.0,1476.0,,,,,1500.0,1499.0,1495.0,1400.0,1395.0,1550.0,1425.0,,1425.0,1425.0,1680.0,1675.0,1675.0,1450.0,1750.0,1595.0,1595.0,,1850.0,1995.0,1595.0,1595.0,1600.0,1750.0,,2350.0,,,,1350.0,1600.0,1600.0,1600.0,1600.0,1650.0,1595.0,1650.0,,,,,1500.0,1680.0,1680.0,1800.0,1500.0
Pomonok,Queens,neighborhood,,,,,,,,,,,,,,,,,,,,,,,,,,,,,,,,,,,,,,,1000.0,1000.0,,,,,,,,,,,,,,,,950.0,950.0,,,,,,,,,,,,1150.0,1150.0,,,,,,,,,,,,,,,,,,,,,,,,,,,,,,,,,1375.0,3800.0,3800.0,1550.0,1450.0,,1450.0,,,1400.0,,,,1400.0,,,,,,,,,,,1225.0,,,,,,,,1450.0,1425.0,,,1200.0,1300.0,,2000.0,2000.0,2000.0,2000.0,1450.0,1725.0,1725.0,1500.0,2000.0,1500.0,1500.0,1500.0,,1650.0,1600.0,,,,,,,1700.0,,,,,,,,,,,,,,,,,,,,,,,,,1795.0,1795.0,,,,,,1800.0,,,,,1400.0
Port Morris,Bronx,neighborhood,,,,,4166.0,4166.0,4166.0,4166.0,4166.0,,,,,,,,,,,,,,,,,,,,,,,,,,,,,,,,,,,,,,,,,,,,,,,,,,,,,,,,,,,,,,,,,,,,,,,,1495.0,1495.0,1495.0,1495.0,1495.0,1495.0,1000.0,,,,,,1500.0,1600.0,1600.0,1600.0,1600.0,1600.0,1700.0,1558.0,1553.0,1475.0,1475.0,,,,,,,,,,,,,,,,,,,1750.0,1750.0,,,1725.0,1592.0,,,,,,,,,,,,,,,,,,,,,,,,,,,,,,1725.0,1725.0,1725.0,1725.0,,,,,,,,,,,,,,,,,,,,,,4100.0,4100.0,,,1750.0,1750.0,3900.0,,2900.0,2900.0,,,,,,,,,
Prospect Heights,Brooklyn,neighborhood,1300.0,1475.0,1250.0,1200.0,1165.0,1175.0,1300.0,1350.0,1350.0,1300.0,1300.0,1225.0,1250.0,900.0,900.0,900.0,4000.0,4000.0,1495.0,1850.0,1525.0,1525.0,1650.0,1650.0,1425.0,1550.0,1595.0,1750.0,1595.0,1525.0,1695.0,1550.0,1595.0,1595.0,1550.0,1595.0,1350.0,1595.0,2000.0,1650.0,1695.0,1600.0,1900.0,1750.0,1800.0,1750.0,1600.0,1800.0,1425.0,1600.0,1750.0,1750.0,1695.0,1795.0,1725.0,2017.0,1700.0,1665.0,1690.0,1750.0,1675.0,1575.0,1695.0,1950.0,1950.0,1950.0,1750.0,1750.0,1809.0,2250.0,2150.0,2250.0,1950.0,1650.0,1650.0,1650.0,1750.0,1950.0,1850.0,1850.0,1950.0,1950.0,1900.0,2300.0,2000.0,1950.0,1950.0,1945.0,2350.0,2275.0,2350.0,2350.0,2311.0,2100.0,2100.0,2000.0,1850.0,2100.0,1950.0,2300.0,2250.0,2500.0,2450.0,2450.0,1850.0,2000.0,2450.0,2425.0,2298.0,2350.0,2345.0,2350.0,2400.0,2490.0,2400.0,2650.0,2600.0,2446.0,2577.0,2577.0,2500.0,2473.0,2500.0,2540.0,2520.0,2395.0,2250.0,2098.0,1975.0,1900.0,2000.0,1993.0,2137.0,2137.0,1850.0,2137.0,2137.0,2137.0,2699.0,3110.0,2895.0,2595.0,2875.0,3025.0,2995.0,2700.0,3025.0,3200.0,3300.0,3210.0,3495.0,3495.0,3375.0,3095.0,3000.0,3095.0,3195.0,3215.0,2995.0,3475.0,3445.0,3375.0,3550.0,3525.0,3525.0,3495.0,3425.0,3650.0,3525.0,3475.0,3295.0,3550.0,3250.0,3350.0,3500.0,3400.0,3395.0,3425.0,3250.0,3060.0,3405.0,3150.0,2650.0,3495.0,3595.0,3450.0,3450.0,3465.0,3390.0,3530.0,3400.0,3400.0,3480.0,3495.0,3495.0,3585.0,3535.0,3495.0,3650.0,3590.0
Prospect Lefferts Gardens,Brooklyn,neighborhood,,,800.0,925.0,925.0,925.0,925.0,1000.0,975.0,950.0,975.0,995.0,995.0,,,900.0,900.0,900.0,1050.0,1050.0,1425.0,1050.0,1050.0,1050.0,1000.0,1050.0,2000.0,2000.0,,,1125.0,1125.0,1100.0,1000.0,1100.0,999.0,999.0,1150.0,1225.0,12000.0,,1095.0,1095.0,1195.0,1300.0,1300.0,1250.0,1250.0,1350.0,1250.0,1200.0,1250.0,1250.0,1250.0,1250.0,1286.0,1375.0,1350.0,1350.0,1300.0,1350.0,1300.0,1300.0,1350.0,1350.0,1350.0,1350.0,1350.0,1395.0,1350.0,1350.0,1400.0,1450.0,1450.0,1475.0,1450.0,1475.0,1450.0,1650.0,1600.0,1550.0,1500.0,1500.0,1629.0,1550.0,1475.0,1550.0,1450.0,1450.0,1700.0,1600.0,1500.0,1525.0,1500.0,1500.0,1500.0,1525.0,1525.0,1500.0,1550.0,1595.0,1595.0,1749.0,1725.0,1645.0,1645.0,1595.0,1650.0,1550.0,1500.0,1600.0,1625.0,1575.0,1695.0,1700.0,1750.0,1800.0,1995.0,2000.0,1950.0,1940.0,1890.0,1650.0,1650.0,2156.0,1770.0,1750.0,1695.0,1600.0,1525.0,1500.0,1490.0,1525.0,1550.0,1550.0,1550.0,1525.0,1595.0,1700.0,1740.0,1650.0,1580.0,1595.0,1595.0,1650.0,1695.0,1650.0,1650.0,1800.0,1795.0,1800.0,2360.0,1995.0,1850.0,1895.0,1887.0,2100.0,1850.0,1800.0,1895.0,2295.0,2100.0,2964.0,2964.0,2700.0,2695.0,2450.0,2450.0,2150.0,2200.0,2195.0,1850.0,2295.0,2150.0,2129.0,2300.0,2215.0,2795.0,2526.0,2880.0,2395.0,2295.0,2290.0,2300.0,2300.0,2450.0,2575.0,2125.0,2599.0,2500.0,2095.0,2125.0,2350.0,2411.0,2495.0,2175.0,2200.0,2599.0,2495.0,2300.0
Prospect Park South,Brooklyn,neighborhood,,,,,,,,1050.0,,,1100.0,,,,,,,,,,975.0,975.0,1125.0,1125.0,1150.0,1150.0,1150.0,1150.0,1150.0,,950.0,1050.0,,,,,1150.0,1150.0,2700.0,1050.0,1100.0,1350.0,1350.0,1200.0,1200.0,,,1375.0,1350.0,1299.0,1395.0,1500.0,2099.0,1400.0,1400.0,1300.0,1450.0,1499.0,1475.0,1450.0,1450.0,1450.0,1450.0,3531.0,1600.0,1395.0,1395.0,1450.0,1500.0,1495.0,1650.0,1425.0,1450.0,1550.0,1649.0,1650.0,1600.0,1650.0,1600.0,1450.0,1675.0,1649.0,1600.0,1649.0,1650.0,1649.0,1550.0,1550.0,1550.0,1450.0,1500.0,1450.0,1500.0,1475.0,1425.0,1450.0,1500.0,1500.0,1500.0,1600.0,1575.0,1550.0,1550.0,1495.0,1550.0,1625.0,1495.0,1595.0,1595.0,1595.0,1495.0,1699.0,1600.0,1695.0,1749.0,1500.0,1625.0,1550.0,1525.0,1575.0,1450.0,1495.0,1450.0,1400.0,1400.0,1485.0,1595.0,1575.0,1575.0,1500.0,1500.0,1450.0,1500.0,1450.0,1450.0,1500.0,1550.0,1550.0,1550.0,1600.0,1600.0,1450.0,1530.0,1650.0,1536.0,1666.0,1642.0,1725.0,1599.0,1595.0,2250.0,2000.0,1799.0,1850.0,1735.0,2349.0,2273.0,2095.0,2100.0,1900.0,1600.0,1750.0,1966.0,1950.0,2050.0,2200.0,2300.0,1790.0,1750.0,1700.0,1825.0,1950.0,2395.0,2450.0,2775.0,2700.0,2650.0,2630.0,2600.0,2425.0,2300.0,2095.0,2495.0,2750.0,2150.0,2687.0,2800.0,2125.0,2150.0,2050.0,2750.0,2695.0,2650.0,2195.0,2300.0,2300.0,2500.0,2300.0,2675.0,2500.0
Queens,Queens,borough,1150.0,1175.0,1175.0,1150.0,950.0,960.0,950.0,900.0,980.0,950.0,950.0,950.0,950.0,980.0,1200.0,1450.0,1245.0,1495.0,1450.0,1350.0,1150.0,1195.0,1200.0,1575.0,1600.0,2170.0,2140.0,2125.0,2175.0,2117.0,2095.0,1915.0,1650.0,1700.0,1500.0,1595.0,1500.0,1600.0,1575.0,1600.0,1550.0,1700.0,1700.0,1950.0,2167.0,2000.0,1950.0,1800.0,1668.0,1700.0,1575.0,2400.0,2050.0,2470.0,2275.0,2250.0,1680.0,1500.0,1450.0,1450.0,1500.0,1500.0,1550.0,1600.0,1650.0,1675.0,1650.0,1900.0,1700.0,1600.0,1650.0,1595.0,1604.0,1600.0,1600.0,1695.0,1695.0,1695.0,1700.0,1795.0,1795.0,1795.0,1742.0,1700.0,1600.0,1600.0,1600.0,1600.0,1605.0,1600.0,1650.0,1750.0,1742.0,1699.0,1800.0,1795.0,1667.0,1650.0,1700.0,1725.0,1690.0,1675.0,1695.0,1775.0,1750.0,1700.0,1695.0,1650.0,1650.0,1695.0,1650.0,1725.0,1700.0,1732.0,1749.0,1700.0,1700.0,1695.0,1675.0,1749.0,1745.0,1725.0,1750.0,1799.0,1725.0,1700.0,1700.0,1700.0,1695.0,1650.0,1600.0,1599.0,1600.0,1600.0,1595.0,1650.0,1700.0,1650.0,1650.0,1675.0,1650.0,1675.0,1695.0,1725.0,1750.0,1685.0,1700.0,1750.0,1780.0,1799.0,1850.0,1850.0,1825.0,1895.0,1899.0,1850.0,1900.0,1900.0,1849.0,1800.0,1950.0,2163.0,2200.0,2200.0,2375.0,2050.0,2050.0,2043.0,2050.0,2200.0,2401.0,2550.0,2550.0,2513.0,2540.0,2500.0,2375.0,2352.0,2271.0,2250.0,2400.0,2413.0,2500.0,2662.0,2500.0,2400.0,2800.0,2600.0,2536.0,2540.0,2504.0,2385.0,2495.0,2500.0,2550.0,2695.0,2905.0,3000.0,2953.0,3095.0
Queens Village,Queens,neighborhood,,,,,,,,,,,,,,,,,,,,,,,,,,,,,,,,,,,,,,,,,,,,,,,,,,,,1150.0,1150.0,1200.0,1200.0,33500.0,33500.0,33500.0,33500.0,33500.0,33500.0,,,,,,,,,,,,,,,,1265.0,,,,,,,,,,1375.0,,,,,,1450.0,1450.0,,,1700.0,1700.0,,,,,,,,,1550.0,,,,,,,,,,2495.0,1800.0,1800.0,,,,1000.0,,,,,,2000.0,,,,1575.0,,1475.0,1475.0,1500.0,,,1500.0,,,,,1525.0,,,,,,1250.0,,,,1700.0,1650.0,1650.0,1650.0,1650.0,1560.0,1650.0,1675.0,1675.0,1900.0,2450.0,2450.0,,1750.0,1750.0,1700.0,,1800.0,1800.0,1800.0,1800.0,1800.0,1800.0,1800.0,1830.0,1830.0,1830.0,1830.0,1830.0,1830.0,1750.0,1925.0,1925.0,1875.0,1875.0,1775.0,1775.0,1775.0,1725.0,1699.0,1699.0,1750.0,1825.0,1830.0,1830.0,1800.0
Red Hook,Brooklyn,neighborhood,3000.0,3000.0,3000.0,3000.0,,,,,,,,3800.0,1750.0,1750.0,1750.0,1750.0,3250.0,3250.0,3250.0,1800.0,1800.0,2100.0,1800.0,2500.0,1900.0,2000.0,2000.0,2400.0,2400.0,2100.0,2100.0,3500.0,3000.0,3000.0,2500.0,2500.0,2500.0,2500.0,2500.0,2300.0,2300.0,2300.0,2500.0,2500.0,2500.0,2500.0,2500.0,2500.0,2500.0,3000.0,3000.0,3300.0,2500.0,3000.0,3500.0,3000.0,4000.0,2500.0,2500.0,2500.0,2090.0,2500.0,2500.0,1750.0,4250.0,4250.0,4250.0,2406.0,9000.0,2465.0,2465.0,2465.0,3000.0,1600.0,3000.0,3000.0,3200.0,3000.0,,,1900.0,1900.0,1900.0,1850.0,1650.0,1650.0,1650.0,1650.0,2350.0,2300.0,2300.0,2300.0,1850.0,2699.0,2699.0,2899.0,2999.0,2899.0,2800.0,1800.0,2850.0,2850.0,2750.0,2600.0,2550.0,2900.0,3500.0,3500.0,3500.0,2800.0,2400.0,2400.0,2325.0,1800.0,2499.0,2399.0,2500.0,2500.0,2639.0,2299.0,2250.0,1800.0,3000.0,2500.0,2499.0,3500.0,2599.0,3000.0,3800.0,1600.0,1600.0,1700.0,1749.0,1749.0,1749.0,1750.0,1600.0,1600.0,1900.0,1800.0,1750.0,2350.0,2350.0,1950.0,2000.0,2000.0,1800.0,2100.0,2800.0,2800.0,2700.0,2700.0,2150.0,2650.0,2550.0,2550.0,2550.0,2400.0,2500.0,2500.0,2600.0,2300.0,2500.0,2500.0,2400.0,2500.0,2750.0,2750.0,2600.0,2600.0,2600.0,2100.0,2100.0,2100.0,2199.0,2100.0,2800.0,4599.0,4599.0,2100.0,2100.0,2499.0,3000.0,2499.0,2399.0,2700.0,2800.0,2800.0,3100.0,2500.0,2500.0,,,,,2500.0,2200.0,2200.0,,2875.0
Rego Park,Queens,neighborhood,1150.0,1150.0,1150.0,1150.0,1250.0,1225.0,1225.0,1175.0,1275.0,1275.0,1150.0,1200.0,1200.0,1125.0,1125.0,1200.0,1175.0,1250.0,1225.0,1225.0,1225.0,1100.0,1100.0,1225.0,1225.0,1100.0,1250.0,1240.0,1225.0,1200.0,1250.0,1000.0,1200.0,1000.0,1000.0,1100.0,1200.0,1200.0,1250.0,1300.0,1350.0,1300.0,1350.0,1400.0,1300.0,1300.0,1300.0,1300.0,1300.0,1300.0,1300.0,1575.0,1700.0,1400.0,1500.0,1535.0,1535.0,1475.0,1450.0,1425.0,1500.0,1550.0,1550.0,1550.0,1550.0,1575.0,1375.0,1450.0,1500.0,1475.0,1475.0,1450.0,1575.0,1575.0,1575.0,1600.0,1625.0,1600.0,1595.0,1625.0,1600.0,1700.0,1600.0,1595.0,1550.0,1550.0,1575.0,1550.0,1475.0,1475.0,1500.0,1550.0,1525.0,1550.0,1550.0,1550.0,1550.0,1591.0,1550.0,1550.0,1600.0,1575.0,1600.0,1635.0,1600.0,1650.0,1622.0,1650.0,1622.0,1575.0,1545.0,1576.0,1576.0,1625.0,1755.0,1658.0,1650.0,1639.0,1650.0,1695.0,1750.0,1695.0,1675.0,1675.0,1675.0,1650.0,1600.0,1650.0,1650.0,1625.0,1525.0,1550.0,1580.0,1550.0,1575.0,1600.0,1600.0,1600.0,1600.0,1625.0,1600.0,1600.0,1583.0,1600.0,1550.0,1600.0,1600.0,1600.0,1715.0,1650.0,1650.0,1690.0,1700.0,1750.0,1650.0,1750.0,1775.0,1850.0,1800.0,1800.0,1800.0,1800.0,1790.0,1850.0,2500.0,2000.0,2650.0,2695.0,2600.0,2295.0,2100.0,2970.0,2939.0,2937.0,2857.0,2697.0,2938.0,1950.0,1925.0,1900.0,1850.0,1995.0,2150.0,2100.0,1900.0,1900.0,2195.0,1985.0,3000.0,2730.0,2400.0,2200.0,2150.0,3000.0,3075.0,2595.0,2500.0,2575.0,2781.0,2525.0
Richmond Hill,Queens,neighborhood,,,,,,,,,,,,,,,,2000.0,2000.0,,,,,,,,,,,,,,,,,,,,,,,,,,,,20000.0,2250.0,2250.0,2250.0,2250.0,2250.0,2250.0,,,1300.0,1200.0,1200.0,,,,,,,,,,,,,,,,,,,,,,,,,,,1400.0,1550.0,1550.0,,,,,,,,,,,,,1500.0,,1475.0,,1400.0,1400.0,1500.0,1300.0,1500.0,1395.0,1395.0,,1350.0,,1650.0,1500.0,1450.0,1675.0,1675.0,,,,,1400.0,1300.0,,,,1200.0,,,,1375.0,,,,,,,,,,1262.0,1535.0,1535.0,1525.0,1800.0,2100.0,1650.0,1650.0,1950.0,1675.0,1675.0,1675.0,1600.0,1675.0,1675.0,1200.0,1675.0,1675.0,1650.0,1675.0,1650.0,1900.0,1650.0,1650.0,2375.0,2375.0,,1900.0,1900.0,1850.0,1750.0,1550.0,1500.0,1480.0,1600.0,,,,1800.0,1500.0,,,,1900.0,,,,,,,,,1350.0,1950.0,1575.0,1900.0,,1750.0,1750.0,,1650.0
Ridgewood,Queens,neighborhood,,,,,,,6000.0,6000.0,5000.0,5000.0,5000.0,,,,,,,,,,,,,,,,,,2350.0,2350.0,2429.0,2429.0,,1000.0,1000.0,1000.0,1000.0,1000.0,,,,,,,1000.0,1000.0,,1000.0,,,1200.0,1295.0,1295.0,1995.0,1895.0,1899.0,1899.0,4100.0,4100.0,4100.0,4300.0,1495.0,4300.0,4300.0,2700.0,1795.0,1350.0,1350.0,1700.0,1300.0,2000.0,,2395.0,2395.0,1950.0,2000.0,1500.0,1900.0,2195.0,2150.0,2150.0,1400.0,1400.0,1700.0,1700.0,1500.0,1500.0,,1975.0,2000.0,1895.0,1810.0,1750.0,1798.0,1650.0,1650.0,1700.0,1690.0,1690.0,1600.0,2400.0,2000.0,2000.0,2166.0,1500.0,1895.0,1895.0,1799.0,1700.0,1575.0,1999.0,2000.0,1950.0,1599.0,2000.0,2200.0,1749.0,1600.0,1800.0,2200.0,1695.0,2000.0,1850.0,1500.0,1600.0,2100.0,1650.0,1595.0,1699.0,1650.0,1650.0,1600.0,1550.0,1700.0,1500.0,1895.0,1900.0,1900.0,2000.0,2000.0,2500.0,1899.0,1899.0,1899.0,1975.0,1895.0,1797.0,2200.0,1999.0,2350.0,2492.0,2492.0,1800.0,2100.0,2449.0,2375.0,2220.0,1995.0,2600.0,2200.0,2200.0,2399.0,2100.0,1990.0,1990.0,2050.0,1950.0,1750.0,1800.0,2300.0,2300.0,1800.0,2100.0,2395.0,2441.0,2600.0,2450.0,2398.0,2271.0,1847.0,2150.0,2195.0,2600.0,2636.0,2400.0,2395.0,4050.0,2780.0,2695.0,2623.0,2500.0,2800.0,2100.0,2500.0,2500.0,2800.0,2500.0,2695.0,2300.0,2495.0
Riverdale,Bronx,neighborhood,1400.0,1250.0,1250.0,1250.0,1250.0,1300.0,1300.0,1200.0,1200.0,1050.0,1050.0,1050.0,1000.0,975.0,1375.0,1375.0,1375.0,1525.0,1525.0,1200.0,1275.0,1275.0,1275.0,1250.0,1275.0,1300.0,1300.0,1300.0,1200.0,1275.0,1150.0,1275.0,1150.0,1150.0,1100.0,1275.0,1275.0,1275.0,1200.0,1300.0,1350.0,1200.0,1200.0,1300.0,1296.0,1200.0,1400.0,1250.0,1250.0,1250.0,1375.0,1350.0,1450.0,1250.0,1295.0,1500.0,1495.0,1495.0,1375.0,1375.0,1625.0,1600.0,1350.0,1400.0,1700.0,1400.0,1399.0,1399.0,1399.0,1400.0,1450.0,1500.0,1400.0,1350.0,1400.0,1400.0,1350.0,1400.0,1450.0,1425.0,1425.0,1425.0,1400.0,1400.0,1350.0,1399.0,1399.0,1399.0,1400.0,1400.0,1500.0,1500.0,1500.0,1500.0,1420.0,1400.0,1425.0,1500.0,1495.0,1520.0,1500.0,1500.0,1450.0,1425.0,1500.0,1450.0,1450.0,1425.0,1400.0,1550.0,1466.0,1400.0,1600.0,1550.0,1550.0,1750.0,1600.0,1550.0,1550.0,1550.0,1550.0,1750.0,1625.0,1750.0,1625.0,1625.0,1600.0,1595.0,1595.0,1550.0,1600.0,1600.0,1595.0,1595.0,1500.0,1475.0,1499.0,1500.0,1750.0,1895.0,1925.0,1800.0,1700.0,1550.0,1600.0,1700.0,1993.0,1700.0,1925.0,1925.0,1750.0,1750.0,1699.0,1699.0,1850.0,1650.0,1750.0,1850.0,1750.0,1800.0,1800.0,1800.0,1775.0,1800.0,1750.0,1695.0,1695.0,1825.0,1850.0,2274.0,2175.0,1825.0,1750.0,2100.0,1975.0,1975.0,2200.0,1995.0,1875.0,1925.0,1875.0,1875.0,1875.0,1995.0,1750.0,1850.0,1800.0,1850.0,2025.0,2071.0,2000.0,2244.0,1850.0,2000.0,1950.0,1950.0,2100.0,2000.0,1919.0,2100.0
Rockaway All,Queens,neighborhood,,,,,,,,,,1000.0,1000.0,1000.0,1000.0,,,1200.0,1200.0,1200.0,1000.0,1000.0,1000.0,1000.0,,,1300.0,1300.0,1300.0,1150.0,1250.0,1200.0,1200.0,1300.0,1300.0,1300.0,1300.0,,,,,,,,,1098.0,1050.0,702.0,702.0,702.0,702.0,702.0,702.0,702.0,702.0,702.0,935.0,1050.0,1050.0,994.0,994.0,1100.0,1150.0,1150.0,1000.0,1175.0,1100.0,1034.0,1034.0,1034.0,1225.0,1225.0,1200.0,1150.0,1100.0,1100.0,1100.0,1100.0,1150.0,1200.0,1150.0,1015.0,1035.0,1035.0,1050.0,1000.0,1075.0,1225.0,1275.0,1250.0,1275.0,1250.0,1200.0,1250.0,1250.0,1250.0,1250.0,1099.0,1275.0,1399.0,1399.0,1395.0,1350.0,1350.0,1350.0,1500.0,1465.0,1450.0,1350.0,1350.0,1350.0,1374.0,1374.0,1475.0,1465.0,1425.0,1625.0,1395.0,1395.0,1395.0,1400.0,1500.0,1275.0,1283.0,1400.0,1400.0,1351.0,1360.0,1300.0,1395.0,1395.0,1400.0,1375.0,1450.0,1289.0,1450.0,1352.0,1475.0,1400.0,1375.0,1300.0,1289.0,1625.0,1625.0,1599.0,1550.0,1525.0,1525.0,1400.0,1301.0,1500.0,1400.0,1575.0,1525.0,1675.0,1450.0,1450.0,1525.0,1333.0,1525.0,1549.0,1625.0,1675.0,1443.0,1700.0,1625.0,1625.0,1700.0,1800.0,1625.0,1750.0,2250.0,1793.0,1850.0,1975.0,2132.0,1926.0,1925.0,1800.0,1987.0,1795.0,1769.0,1500.0,1800.0,1800.0,2200.0,1921.0,1943.0,2092.0,1580.0,1723.0,1837.0,2195.0,1818.0,1818.0,1900.0,1787.0,1600.0,2400.0,2481.0,1975.0,2900.0
Roosevelt Island,Manhattan,neighborhood,1615.0,1615.0,1615.0,1635.0,1800.0,1846.0,1846.0,1846.0,1800.0,1800.0,1800.0,1800.0,1800.0,1800.0,1892.0,2008.0,2200.0,2025.0,1900.0,2000.0,2100.0,2123.0,2150.0,2000.0,2150.0,2175.0,1875.0,1900.0,2000.0,2025.0,2250.0,2300.0,2500.0,2500.0,2025.0,2175.0,2250.0,2595.0,2500.0,2100.0,2200.0,2050.0,2695.0,2795.0,2750.0,2695.0,2595.0,2695.0,2195.0,2195.0,2525.0,1725.0,2495.0,2495.0,2625.0,2750.0,2875.0,2200.0,2250.0,2250.0,2400.0,2295.0,2750.0,2825.0,2375.0,2575.0,2865.0,2820.0,2715.0,2750.0,2795.0,2730.0,2740.0,2123.0,2725.0,2725.0,2417.0,2495.0,2655.0,2810.0,2606.0,2475.0,2379.0,2380.0,2340.0,2230.0,2150.0,2605.0,2780.0,2820.0,2770.0,2590.0,2556.0,2295.0,2284.0,1995.0,2540.0,2381.0,2395.0,2370.0,2610.0,2513.0,2450.0,2150.0,2150.0,2095.0,2208.0,2255.0,2354.0,2429.0,2797.0,2795.0,2701.0,2670.0,2450.0,2350.0,2550.0,2609.0,2650.0,2556.0,2556.0,2800.0,2890.0,2770.0,2789.0,2810.0,2820.0,2756.0,2812.0,2595.0,2650.0,2528.0,2520.0,2381.0,2550.0,2550.0,2695.0,2725.0,2750.0,2805.0,2796.0,2798.0,2839.0,3095.0,2951.0,3050.0,2961.0,3271.0,3154.0,3221.0,3355.0,3271.0,3540.0,3089.0,2873.0,3328.0,3295.0,3595.0,3312.0,3376.0,3376.0,3250.0,3634.0,3460.0,3392.0,3625.0,3631.0,3155.0,3250.0,3250.0,3433.0,3575.0,3374.0,3295.0,3375.0,3390.0,3160.0,3490.0,3425.0,3493.0,3493.0,3450.0,3550.0,3490.0,3625.0,3592.0,3539.0,3495.0,3120.0,3356.0,3356.0,3356.0,3525.0,3580.0,3525.0,3855.0,3850.0,3720.0,3765.0,3700.0
Rosedale,Queens,neighborhood,,,,,,,,,,,,,,,,,,,,,,,,,,,,,,,,,,,,,,,,,,,,,,,,,,,,,,,,,,,,,,,,,,,,,,,,,,,,,,,,,,,,,,,,,,,,,,,,,,,,,,,,,,,,,,,,,,,,,,,,,,,,,,,,,,,,,,,,,,,,,,,,,,1200.0,,,,,,,,,,,,,,,,,,,,,,,,,,,,,,,,,,,,,,,,,,,,,,,,,,,,,,
Schuylerville,Bronx,neighborhood,,,,,,,,,,,,,,,,,,,,,,,,,,,,,,,,,,,,,,,,,,17500.0,17500.0,17500.0,,,,,,,,,,,,,,,,,,,,,,,,,,,,,,,,,,,,,,,,,,,,,,,,,,,,,,,,,,,,,,,,,,,,,,,,,,,,,,,,,,,,,,,,,,,,,,,,,,1350.0,,,,,1450.0,,,,,,,,,,,,,,,,,,,,,,,,,,,1395.0,,,,,,,,,2400.0,2400.0,,,,1700.0,,,,,,,,,,,,
Seagate,Brooklyn,neighborhood,,,,,,,,,,,,,,,,,,,,,,,,,,,,,,,,,,,,,,,,,,,,,,,,,,,,,,,,,,,,,,,,,,,,,,,,,,,,,,,,,,,,,,,,,,,,,,,,,,,,,,,,,,,,,,,,,,1350.0,,,,,,,,,,,1350.0,1350.0,,,,,,,,,,,,,,,,,1350.0,1350.0,,,,,,,1425.0,,,,,,,,2100.0,,,,,,,,,,,,,,,,,,,,1900.0,1900.0,,,,,,,,,,,,,,,1800.0,,,,,
Sheepshead Bay,Brooklyn,neighborhood,875.0,865.0,865.0,865.0,1285.0,1285.0,8750.0,860.0,,975.0,850.0,,950.0,950.0,990.0,6500.0,6500.0,1000.0,1000.0,1100.0,3800.0,1000.0,1000.0,3800.0,3800.0,1100.0,1000.0,1000.0,1100.0,1000.0,1050.0,1050.0,1300.0,1150.0,1100.0,1100.0,1050.0,1500.0,1100.0,1100.0,1100.0,1200.0,1200.0,1150.0,1200.0,1200.0,3000.0,3000.0,1200.0,1833.0,1125.0,1290.0,1400.0,1300.0,1250.0,1300.0,1250.0,1250.0,1250.0,1200.0,1200.0,1200.0,1200.0,1200.0,1250.0,1200.0,1200.0,1295.0,1250.0,1250.0,1200.0,1200.0,1200.0,1175.0,1225.0,1299.0,1375.0,1350.0,1300.0,1300.0,1300.0,1325.0,1375.0,1300.0,1300.0,1375.0,1350.0,1350.0,1325.0,1345.0,1345.0,1450.0,1400.0,1350.0,1550.0,1600.0,1550.0,1550.0,1475.0,1395.0,1395.0,1500.0,1425.0,1399.0,1450.0,1450.0,1399.0,1450.0,1425.0,1500.0,1500.0,1495.0,1450.0,1400.0,1425.0,1495.0,1450.0,1450.0,1450.0,1350.0,1400.0,1430.0,1410.0,1599.0,1500.0,1522.0,1500.0,1500.0,1550.0,1500.0,1608.0,1608.0,1586.0,1400.0,1450.0,1560.0,1600.0,1549.0,1400.0,1499.0,1708.0,1800.0,1599.0,1660.0,1550.0,1500.0,1450.0,1650.0,1700.0,1550.0,1600.0,1550.0,1520.0,1599.0,1600.0,1625.0,1920.0,1920.0,2100.0,2100.0,1690.0,1500.0,1795.0,2150.0,2195.0,1800.0,1800.0,1800.0,1850.0,1997.0,1750.0,2062.0,1650.0,1862.0,1950.0,1650.0,1798.0,1858.0,1950.0,1750.0,1700.0,2299.0,2150.0,1850.0,1800.0,1941.0,2150.0,1858.0,1900.0,1850.0,1800.0,2395.0,2000.0,2050.0,2350.0,2350.0,2449.0,2445.0,2100.0,1900.0
Soho,Manhattan,neighborhood,2750.0,2750.0,2500.0,2275.0,2400.0,2200.0,2100.0,2100.0,2100.0,2350.0,2250.0,2325.0,2050.0,2275.0,1895.0,1895.0,2095.0,2195.0,2150.0,2400.0,2295.0,2295.0,2395.0,2395.0,2295.0,2324.0,2400.0,2400.0,2700.0,2400.0,2350.0,2400.0,2200.0,2295.0,2500.0,2475.0,2475.0,2350.0,2325.0,2400.0,2300.0,2300.0,2295.0,2350.0,2495.0,2500.0,2600.0,2600.0,2500.0,2400.0,2500.0,2450.0,2450.0,2395.0,2350.0,2350.0,2395.0,2295.0,2495.0,2600.0,2600.0,2600.0,2650.0,2650.0,2695.0,2595.0,2595.0,2550.0,2600.0,2795.0,2650.0,2695.0,2550.0,2595.0,2495.0,2595.0,2600.0,2695.0,2695.0,2500.0,2595.0,3200.0,2850.0,2500.0,2500.0,2600.0,2595.0,2650.0,2600.0,2795.0,2900.0,2842.0,2700.0,2700.0,2545.0,2550.0,2580.0,2650.0,2595.0,2600.0,2500.0,2495.0,2495.0,2575.0,2650.0,2600.0,2500.0,2395.0,2550.0,2695.0,2650.0,3000.0,3150.0,2895.0,2795.0,2795.0,2795.0,2995.0,2650.0,2600.0,2750.0,3000.0,2850.0,2695.0,2500.0,2500.0,2500.0,2492.0,2400.0,2350.0,2200.0,2395.0,2390.0,2350.0,2300.0,2400.0,2450.0,2400.0,2321.0,2700.0,2600.0,2745.0,3150.0,2500.0,2900.0,3450.0,4795.0,4750.0,3095.0,3200.0,3200.0,2995.0,3100.0,3195.0,3000.0,3100.0,3400.0,3195.0,3195.0,3250.0,3500.0,3400.0,3400.0,3400.0,3300.0,3250.0,3150.0,3000.0,3195.0,3500.0,3000.0,3250.0,3695.0,3600.0,3395.0,3300.0,3850.0,3600.0,3400.0,3300.0,3395.0,3650.0,3600.0,3500.0,3200.0,3650.0,3950.0,3750.0,3600.0,3600.0,3600.0,3495.0,3600.0,3600.0,3495.0,3850.0,3800.0,3995.0,3950.0,4400.0
Soundview,Bronx,neighborhood,,,,,,,,,,,,,,,,,,,,,,,,,,,,,,,,,925.0,925.0,,,,,,,,,,,,,,,,,,,,,,,,1000.0,1000.0,1000.0,1000.0,1000.0,1000.0,1000.0,1000.0,1000.0,,,1200.0,1000.0,,,1200.0,1150.0,,,,,,,,,1395.0,,,,,,,,,,,1450.0,1450.0,,,,,,1475.0,,,,,1500.0,1500.0,1300.0,1300.0,,,,,,,,,1150.0,,1300.0,1500.0,,1500.0,,,,2300.0,,,,,,,,1474.0,,1475.0,1545.0,,,1225.0,1225.0,,,,,,,,,,1400.0,,,1500.0,1500.0,1500.0,1500.0,,1400.0,1400.0,1400.0,1500.0,1500.0,,,,,,,,,1650.0,1650.0,,1500.0,1500.0,,,,,,,,1650.0,1750.0,1603.0,1687.0,1687.0,,,1500.0,,1687.0,,1800.0,1660.0,1799.0,,1437.0
South Jamaica,Queens,neighborhood,,,,,,,,,,,,,,,,,,,,,,,,,,,,,,,,,,,,,,,,,,,,,,,,,,,,,,,,,,1200.0,1200.0,,,,,,,,,,,,,,,,,,,,,,,,,,,,,,,,,,,,,,2500.0,2500.0,,,,,,,,1200.0,,,,,,,,,,,,,,,,,,,,,,,,,,,,,,,,,,,,,,,2500.0,2500.0,,1900.0,,,,2100.0,,,,1400.0,,,,,,,,,,,,,,,,,,,,,,,,1850.0,1825.0,,,,,,,,,,,,,,,,,,,
South Ozone Park,Queens,neighborhood,,,,,,,,,,,,,,,,,,,,,,,,,,,,,,,900.0,900.0,,,,,,,,,,,,,,,3000.0,3000.0,3000.0,3000.0,2500.0,2500.0,2500.0,2500.0,2500.0,,,,,,,,,,,,,,,,,,1150.0,1150.0,,,,,,,,,,,,,,,,1300.0,,,,,,,,,,,,,,,,,,,,,,,,,,,,4500.0,4500.0,,,,,,1400.0,1400.0,1400.0,1400.0,,,,,,,,,,,,,,,,,,,,,,,,,,,,,,,,,,,,,,,,,,,,,,,,,1550.0,,,,,,,,,,,,,,,,,,,,,,,
South Richmond Hill,Queens,neighborhood,,,,,,,,,,,,,,,,,,,,,,,,,850.0,800.0,,,,,,,,,,,,,,,,,,,,,,,,,,600.0,,,,,,,,,,,3200.0,3200.0,,,,,,1400.0,1400.0,,,,,,,,,,,,,,,,,,10000.0,10000.0,10000.0,,,,,,,,,,,,,,,,,,,,,,,,,,,,,,,1500.0,1500.0,1500.0,1350.0,,,,,,,,,,,,,,,,,,,,,1800.0,1800.0,1800.0,2200.0,2200.0,2200.0,1600.0,1600.0,1600.0,,,,,,,,,,,,,,,,,,,,,,,,,,,,,,1600.0,,,,,,,,,,,,,,,,
Springfield Gardens,Queens,neighborhood,,,,,,,,,,,,1895.0,1895.0,1895.0,1895.0,1895.0,1895.0,1895.0,1895.0,1895.0,1895.0,1895.0,,,,,,,,,,,,,,,,,,,,,,,,,,,,,,,,,,,,,,,,,,,,,,,,,,,,,,,,,,,,,,,,,,,,,,,,,,,1275.0,1275.0,1275.0,,,,,,,,,,,,,,,975.0,,,,,,,,,,,,,,,,1200.0,1200.0,,,,,,,,,,,,,1200.0,,,,1300.0,,,,,1350.0,1350.0,1350.0,,,,,1400.0,,,,,,,,,,,,,,,,,,,,,,,,,,,,,,,,,,,,,1525.0,1525.0,,
St. Albans,Queens,neighborhood,,,,,,,,,,,,,,,,,,,,,,,,,,,,,,,,,,,,,,,,,,,,,,,,,,,,,1125.0,1050.0,1025.0,,,1150.0,1150.0,,,,,,,,,,,,,1200.0,1200.0,,1150.0,,,1150.0,1175.0,1175.0,,,,1200.0,,,,1200.0,,,,1200.0,1200.0,1250.0,,,,1250.0,,,1295.0,1250.0,1150.0,1049.0,1049.0,,975.0,,,1250.0,1250.0,1295.0,,1295.0,,,1295.0,,,1295.0,1295.0,,,1295.0,1295.0,1295.0,,,,,,,,,1400.0,,,,,,1400.0,1400.0,,,,1500.0,,,,,,,,,,,,1250.0,,1400.0,,,,,,,,,1300.0,1300.0,2624.0,1600.0,1600.0,,,1600.0,1600.0,2800.0,2800.0,1600.0,1600.0,1700.0,1700.0,1550.0,1550.0,,,,,,,,,,,,,,,1700.0
Staten Island,Staten Island,borough,950.0,950.0,950.0,950.0,,,,750.0,750.0,750.0,,,,,,,,,,,800.0,800.0,,4000.0,1295.0,1295.0,800.0,1100.0,1100.0,700.0,1295.0,,,,,,,,,,,,,,875.0,900.0,875.0,875.0,925.0,925.0,,925.0,750.0,750.0,925.0,925.0,995.0,995.0,950.0,850.0,1200.0,1200.0,1200.0,1100.0,1100.0,995.0,1100.0,1000.0,1000.0,950.0,950.0,950.0,1000.0,1075.0,1075.0,1150.0,1610.0,1200.0,1640.0,1775.0,1520.0,1540.0,1395.0,1350.0,1500.0,1585.0,1300.0,1300.0,1625.0,1650.0,1650.0,1600.0,1714.0,1757.0,1727.0,1671.0,1590.0,1714.0,1615.0,1615.0,1625.0,1712.0,1710.0,1695.0,1690.0,1690.0,1833.0,1709.0,1450.0,1640.0,1755.0,1695.0,1850.0,1800.0,1790.0,1827.0,1750.0,1718.0,1737.0,1737.0,1798.0,1798.0,1828.0,1771.0,1771.0,1618.0,1604.0,1520.0,1271.0,1625.0,1545.0,1610.0,1618.0,1550.0,1745.0,1795.0,1795.0,1550.0,1795.0,2049.0,1895.0,1895.0,1895.0,2245.0,2255.0,1400.0,1400.0,1400.0,1400.0,1914.0,1400.0,1914.0,1499.0,1498.0,1350.0,1450.0,1500.0,1500.0,1498.0,1650.0,1650.0,1499.0,1525.0,1525.0,1550.0,1550.0,1550.0,1550.0,1500.0,1914.0,1914.0,2255.0,2395.0,1914.0,2255.0,1650.0,1914.0,1369.0,1914.0,1914.0,2255.0,2795.0,2805.0,2595.0,2255.0,2705.0,1500.0,1500.0,1850.0,1899.0,1325.0,2550.0,1000.0,2500.0,2500.0,2500.0,1800.0,1800.0,2500.0,2539.0
Stuyvesant Town/PCV,Manhattan,neighborhood,,,,,,,,,,,,,,,,,,,,,,,,,,,,,,,3594.0,3594.0,,,,,,,,,,3150.0,3150.0,3150.0,3150.0,,,,,,,,,,,,,,,3273.0,2750.0,2644.0,2644.0,,,,,,,,,3326.0,2841.0,2991.0,2814.0,2814.0,3807.0,3292.0,,,,,,,,,,,,,,,,,,,2879.0,3000.0,2885.0,3272.0,3019.0,,,,,,,,,3205.0,3235.0,3135.0,,,,,,,,,,,,,,,,,,,,,,,2685.0,2685.0,,,,,,2889.0,,,,,,,3870.0,,,,,,3350.0,,,,4258.0,,,,,,,,,3596.0,3905.0,,,,,,3914.0,,,,,,,,,,3799.0,3799.0,,4022.0,,,4042.0,4032.0,,3451.0,,,,,,
Sunnyside,Queens,neighborhood,1225.0,1225.0,1225.0,1225.0,1095.0,1100.0,1125.0,975.0,950.0,1125.0,1200.0,6250.0,1150.0,1150.0,1050.0,1050.0,995.0,900.0,1425.0,1425.0,1425.0,900.0,900.0,825.0,1155.0,1225.0,1225.0,1050.0,1050.0,1225.0,1250.0,,1500.0,1500.0,1350.0,1350.0,1500.0,1450.0,1300.0,1400.0,1375.0,1349.0,1350.0,1200.0,1350.0,1350.0,1350.0,1350.0,1475.0,1575.0,1450.0,1425.0,1450.0,1500.0,1500.0,1450.0,1450.0,1450.0,1450.0,1450.0,1400.0,1495.0,1600.0,1675.0,1675.0,1675.0,1549.0,1550.0,1575.0,1595.0,1549.0,1499.0,1550.0,1650.0,1542.0,1695.0,1625.0,1600.0,1650.0,1700.0,1675.0,1595.0,1600.0,1575.0,1600.0,1575.0,1550.0,1595.0,1599.0,1599.0,1600.0,1575.0,1600.0,1600.0,1525.0,1525.0,1599.0,1650.0,1575.0,1525.0,1585.0,1650.0,1625.0,1650.0,1675.0,1653.0,1650.0,1645.0,1625.0,1600.0,1600.0,1695.0,1625.0,1600.0,1500.0,1650.0,1650.0,1600.0,1650.0,1750.0,1650.0,1650.0,1675.0,1675.0,1700.0,1650.0,1625.0,1650.0,1600.0,1600.0,1575.0,1525.0,1550.0,1575.0,1560.0,1560.0,1550.0,1550.0,1550.0,1650.0,1650.0,1700.0,1700.0,1700.0,1675.0,1650.0,1650.0,1685.0,1700.0,1700.0,1800.0,1800.0,1775.0,1799.0,1799.0,1785.0,1800.0,1750.0,1750.0,1750.0,1800.0,1850.0,1850.0,1800.0,1800.0,1975.0,1995.0,1700.0,2000.0,2000.0,2000.0,1949.0,1975.0,2000.0,2000.0,2000.0,2000.0,1999.0,1900.0,1975.0,1900.0,2000.0,2200.0,2100.0,2050.0,2081.0,2185.0,2200.0,2150.0,2100.0,2160.0,2000.0,2250.0,2250.0,2200.0,2555.0,2500.0,2375.0,2450.0,2300.0
Sunset Park,Brooklyn,neighborhood,1500.0,1500.0,1450.0,1450.0,1450.0,1400.0,1400.0,1400.0,,,,,,,1000.0,1000.0,,,,,,,,3750.0,3750.0,3750.0,,,,1090.0,1090.0,1300.0,1200.0,1000.0,865.0,1100.0,1100.0,4100.0,4100.0,1325.0,4000.0,2500.0,1800.0,1800.0,1800.0,1800.0,1375.0,1800.0,1250.0,1250.0,1700.0,1250.0,1250.0,1500.0,3500.0,1600.0,1400.0,1375.0,1200.0,1425.0,1300.0,1300.0,1375.0,1375.0,,,1200.0,1475.0,1475.0,,1225.0,1225.0,,1300.0,1300.0,1300.0,1300.0,1325.0,1350.0,1350.0,,1200.0,1500.0,1300.0,1450.0,1595.0,2399.0,1800.0,1900.0,1450.0,1900.0,2200.0,2050.0,2300.0,2050.0,2050.0,1999.0,1999.0,1950.0,1700.0,2050.0,2500.0,1495.0,1950.0,1500.0,1950.0,2250.0,1525.0,1350.0,1450.0,1650.0,1585.0,1600.0,1550.0,1550.0,1650.0,1450.0,1575.0,1645.0,1600.0,1735.0,1700.0,1699.0,1500.0,1600.0,1550.0,1500.0,1450.0,1450.0,1450.0,1390.0,1450.0,1450.0,1550.0,1450.0,1500.0,1500.0,1500.0,1325.0,1250.0,1700.0,1450.0,1475.0,1490.0,1450.0,1350.0,1750.0,1850.0,2000.0,1700.0,1800.0,1675.0,1911.0,1911.0,2099.0,1700.0,1649.0,1800.0,1700.0,2175.0,2700.0,2400.0,1800.0,2400.0,2000.0,2200.0,2135.0,2500.0,2135.0,2199.0,1950.0,1999.0,2000.0,1780.0,2200.0,1450.0,2000.0,1700.0,1619.0,1650.0,1895.0,2399.0,1899.0,1475.0,2300.0,1850.0,1750.0,1460.0,2700.0,1800.0,1500.0,1902.0,2000.0,2195.0,1995.0,1690.0,2700.0,2250.0,2495.0,1700.0
Throgs Neck,Bronx,neighborhood,,,,,,,,,,,,,,,,,,,,,,,,,,,,,,,,,,,,,,,,,1000.0,,,,,,,,,1200.0,950.0,950.0,,,,975.0,985.0,975.0,,985.0,985.0,975.0,985.0,,950.0,950.0,,985.0,985.0,,985.0,,,950.0,950.0,,999.0,999.0,,995.0,995.0,,975.0,,1475.0,975.0,975.0,,975.0,,,,,,850.0,,,,,,,,,,,1200.0,1200.0,1200.0,1000.0,,,,,,,,,,,,,,,,,,,,,,,,,,,2100.0,,,,1650.0,1600.0,,,,,,,1000.0,,,1300.0,,,,,1750.0,1750.0,1750.0,1750.0,,1600.0,1399.0,,,,,,,,,,,,,,,1800.0,1800.0,1600.0,1600.0,1400.0,1500.0,1850.0,,,,,1750.0,,1800.0,1850.0,2576.0,2576.0,1950.0,1950.0,1800.0,1800.0,1800.0,,
Tremont,Bronx,neighborhood,,,,,,,,,,,,,,,,,,,,,,,,,,,,,,,,,,,,,,,,,,,,,,925.0,899.0,875.0,875.0,,,,,1100.0,1100.0,,1000.0,,950.0,950.0,950.0,,1175.0,1150.0,1075.0,1075.0,5000.0,1125.0,1250.0,1250.0,1150.0,1150.0,1200.0,1125.0,1125.0,1100.0,1025.0,1050.0,1200.0,1525.0,1200.0,1200.0,1200.0,1200.0,1100.0,1150.0,1175.0,1250.0,1250.0,1175.0,1175.0,1200.0,1250.0,1349.0,1300.0,1300.0,1300.0,1299.0,1275.0,1325.0,1513.0,1295.0,1295.0,1350.0,1300.0,1295.0,1300.0,1325.0,1350.0,1325.0,1325.0,1445.0,1350.0,1375.0,1375.0,1400.0,1605.0,1350.0,1350.0,,1350.0,1330.0,1550.0,1600.0,1550.0,1676.0,1500.0,1300.0,1601.0,1601.0,1601.0,1500.0,1475.0,1601.0,1601.0,1576.0,1350.0,1300.0,1500.0,1400.0,1600.0,1450.0,1699.0,1600.0,1395.0,1450.0,1528.0,1475.0,1450.0,1450.0,1475.0,1495.0,1550.0,1550.0,1525.0,1300.0,1525.0,1495.0,1595.0,1495.0,2399.0,2100.0,1595.0,1650.0,1650.0,1900.0,1900.0,1795.0,2525.0,2145.0,1795.0,1775.0,1415.0,1695.0,2375.0,2350.0,1625.0,1625.0,2350.0,2350.0,2350.0,2350.0,1665.0,1665.0,1665.0,2464.0,2350.0,2350.0,2350.0,2775.0,2775.0,2350.0,2350.0,1630.0,1659.0,1795.0,1650.0,1650.0,1699.0,2299.0
Tribeca,Manhattan,neighborhood,4680.0,4195.0,3200.0,3750.0,3500.0,3595.0,3750.0,3750.0,3750.0,3395.0,3395.0,3750.0,3750.0,4000.0,3375.0,3295.0,3095.0,2995.0,3295.0,3295.0,3295.0,3450.0,3095.0,2850.0,3695.0,3600.0,3200.0,3450.0,3800.0,3695.0,3200.0,3195.0,2750.0,3395.0,3795.0,3895.0,4300.0,4000.0,2995.0,3295.0,3000.0,3000.0,3000.0,3195.0,3295.0,3495.0,3450.0,3295.0,3495.0,3995.0,3495.0,3200.0,3200.0,3300.0,3695.0,3675.0,3295.0,3475.0,3095.0,3475.0,3295.0,3815.0,3595.0,4000.0,4060.0,4000.0,4095.0,4125.0,3895.0,3500.0,3595.0,3500.0,3645.0,3575.0,3510.0,3577.0,3785.0,3695.0,3845.0,3750.0,3750.0,3895.0,4400.0,3850.0,3790.0,3595.0,3500.0,3140.0,3220.0,3625.0,3625.0,3400.0,3770.0,3505.0,3750.0,3720.0,3495.0,3400.0,3495.0,3750.0,3685.0,3980.0,3605.0,3990.0,4450.0,4450.0,4490.0,3900.0,3570.0,3790.0,3700.0,3700.0,3990.0,4050.0,4050.0,4145.0,4350.0,4395.0,4350.0,4100.0,4000.0,3790.0,3550.0,3295.0,3595.0,3590.0,3500.0,3500.0,3300.0,3195.0,3195.0,3350.0,3175.0,3300.0,3275.0,3225.0,3300.0,3850.0,4045.0,4600.0,5400.0,5500.0,4760.0,5560.0,4690.0,4850.0,4615.0,5095.0,4500.0,5400.0,5000.0,5890.0,5000.0,5148.0,5100.0,4340.0,4500.0,4900.0,4900.0,4968.0,4695.0,4575.0,4640.0,4549.0,4615.0,5130.0,4100.0,4240.0,4523.0,4650.0,4725.0,4852.0,4371.0,4495.0,4481.0,4217.0,4895.0,4625.0,4725.0,4695.0,4510.0,4575.0,4750.0,4707.0,4755.0,4687.0,4780.0,4794.0,4706.0,4517.0,4695.0,4500.0,5175.0,5195.0,5200.0,5237.0,5086.0,5150.0,4995.0,4900.0
University Heights,Bronx,neighborhood,1000.0,1000.0,,,,,,,,,,,,900.0,875.0,,,,,,875.0,850.0,875.0,,,899.0,899.0,,,899.0,899.0,899.0,799.0,800.0,925.0,899.0,875.0,799.0,,,965.0,950.0,935.0,950.0,950.0,,,950.0,950.0,1025.0,1539.0,1539.0,995.0,,1200.0,1200.0,950.0,1200.0,1200.0,1200.0,1050.0,1050.0,1200.0,1072.0,1072.0,1039.0,999.0,999.0,,,,1060.0,1150.0,1100.0,1100.0,1295.0,1300.0,1150.0,1050.0,1275.0,1150.0,1150.0,1295.0,1295.0,1325.0,1325.0,,1325.0,1375.0,1375.0,1250.0,1200.0,1400.0,1400.0,1400.0,1300.0,1199.0,1300.0,1399.0,1299.0,,1295.0,1295.0,1299.0,1300.0,1300.0,1299.0,1416.0,1325.0,,1695.0,1299.0,1299.0,1375.0,1400.0,1350.0,1500.0,1500.0,1450.0,1450.0,1375.0,,,,1450.0,1450.0,,1549.0,,,1449.0,1425.0,1399.0,1399.0,1150.0,1450.0,1399.0,,1549.0,1549.0,1549.0,1450.0,1450.0,1350.0,1350.0,1450.0,1450.0,1450.0,1450.0,1450.0,1750.0,1233.0,1425.0,1495.0,1650.0,1424.0,1424.0,,1500.0,,,1250.0,1250.0,1499.0,1499.0,,1355.0,1460.0,2425.0,1700.0,1900.0,1900.0,1900.0,1430.0,1750.0,,,1499.0,1599.0,1650.0,,1499.0,1750.0,1499.0,1529.0,1700.0,1950.0,1850.0,1850.0,1750.0,1750.0,1750.0,1750.0,1750.0,1750.0,1650.0,1875.0,1650.0,1650.0,1450.0
Upper East Side,Manhattan,neighborhood,1775.0,1775.0,1750.0,1795.0,1800.0,1750.0,1750.0,1730.0,1800.0,1800.0,1795.0,1775.0,1775.0,1750.0,1695.0,1700.0,1725.0,1825.0,1850.0,1850.0,1900.0,1900.0,1850.0,1895.0,1850.0,1850.0,1850.0,1850.0,1850.0,1825.0,1850.0,1850.0,1900.0,1900.0,1895.0,1950.0,1900.0,1950.0,1950.0,1885.0,1900.0,1950.0,1925.0,1900.0,1900.0,1938.0,1950.0,1900.0,1895.0,1925.0,1975.0,1975.0,1950.0,1925.0,1925.0,1950.0,1950.0,1950.0,1950.0,1950.0,1950.0,1975.0,1995.0,2099.0,2150.0,2100.0,2100.0,2150.0,2195.0,2200.0,2150.0,2175.0,2100.0,2100.0,2175.0,2150.0,2150.0,2195.0,2150.0,2195.0,2175.0,2100.0,2100.0,2110.0,2095.0,2050.0,2100.0,2100.0,2100.0,2150.0,2100.0,2100.0,2100.0,2095.0,2050.0,2075.0,2075.0,2095.0,2100.0,2105.0,2095.0,2095.0,2055.0,2100.0,2100.0,2150.0,2125.0,2150.0,2110.0,2150.0,2150.0,2175.0,2195.0,2150.0,2108.0,2150.0,2175.0,2175.0,2195.0,2250.0,2250.0,2250.0,2250.0,2250.0,2200.0,2107.0,2013.0,1971.0,1900.0,1895.0,1845.0,1795.0,1795.0,1800.0,1775.0,1800.0,1825.0,1850.0,1950.0,2000.0,2095.0,2045.0,2075.0,2150.0,2250.0,2350.0,2295.0,2350.0,2500.0,2495.0,2470.0,2500.0,2500.0,2490.0,2481.0,2450.0,2500.0,2595.0,2500.0,2550.0,2550.0,2600.0,2600.0,2600.0,2550.0,2500.0,2500.0,2590.0,2575.0,2600.0,2650.0,2650.0,2650.0,2650.0,2695.0,2699.0,2650.0,2695.0,2800.0,2850.0,2800.0,2800.0,2800.0,2800.0,2899.0,2900.0,2995.0,2950.0,2895.0,2800.0,2800.0,2850.0,2950.0,3000.0,3000.0,3200.0,3195.0,3250.0,3150.0,3195.0
Upper West Side,Manhattan,neighborhood,1850.0,1850.0,1800.0,1825.0,1895.0,1875.0,1800.0,1895.0,1995.0,2000.0,2000.0,1875.0,1950.0,1950.0,1950.0,1995.0,2000.0,2000.0,2000.0,2200.0,2225.0,2100.0,2100.0,2100.0,2050.0,2060.0,2050.0,2100.0,2050.0,2100.0,2200.0,2250.0,2200.0,2185.0,2250.0,2250.0,2200.0,2250.0,2200.0,2175.0,2150.0,2100.0,2100.0,2190.0,2250.0,2275.0,2195.0,2235.0,2200.0,2250.0,2275.0,2250.0,2250.0,2250.0,2200.0,2240.0,2300.0,2215.0,2250.0,2262.0,2229.0,2250.0,2300.0,2350.0,2375.0,2375.0,2360.0,2350.0,2350.0,2390.0,2325.0,2330.0,2325.0,2400.0,2315.0,2350.0,2390.0,2400.0,2400.0,2395.0,2400.0,2400.0,2350.0,2350.0,2300.0,2349.0,2300.0,2285.0,2335.0,2350.0,2300.0,2350.0,2350.0,2350.0,2300.0,2375.0,2299.0,2350.0,2300.0,2300.0,2325.0,2300.0,2300.0,2300.0,2250.0,2250.0,2300.0,2300.0,2300.0,2350.0,2400.0,2395.0,2350.0,2375.0,2350.0,2350.0,2375.0,2432.0,2482.0,2495.0,2500.0,2500.0,2499.0,2428.0,2345.0,2295.0,2196.0,2100.0,2000.0,1995.0,1900.0,1900.0,1900.0,1905.0,1900.0,1950.0,2078.0,2195.0,2200.0,2200.0,2295.0,2350.0,2475.0,2499.0,2550.0,2500.0,2600.0,2699.0,2700.0,2800.0,2800.0,2790.0,2825.0,2875.0,2879.0,2900.0,2800.0,2895.0,2900.0,2899.0,2895.0,2950.0,2950.0,2950.0,3000.0,3195.0,3046.0,3000.0,3000.0,3000.0,3000.0,2900.0,2999.0,3000.0,2995.0,2995.0,2950.0,2875.0,2950.0,2995.0,3000.0,2995.0,3050.0,3189.0,3148.0,3250.0,3350.0,3400.0,3500.0,3395.0,3300.0,3295.0,3300.0,3300.0,3300.0,3450.0,3380.0,3342.0,3458.0,3400.0
Utopia,Queens,neighborhood,,,,,,,,,,,,,,,,,,,,,,,,,,,,,,,,,,,,,,,,,,,,,,,,,,,,,,,,,,,,,,,,,,,,,,,,,,,,,,,,,,,,,,,,,,,,,,,,,,,,,,,,,,,,,,,,,,,,,,,,,,,,,,,,,,,,,,,,,,,,,,,,,,,,,,,,,,,,,,,,,,,,,5300.0,,,,,,,,,,,,,,,,,,,,,,,,,,,,,,,,,,,
Van Nest,Bronx,neighborhood,,,,,,,,,,,,,,,,,,,,,,,,,,,,,,,,,,,,,,,,,,,,,,,,,,,,,,,,,995.0,,,900.0,900.0,925.0,925.0,,1000.0,1200.0,1000.0,,,,1050.0,1050.0,,,,,1200.0,1200.0,1200.0,1200.0,1200.0,1200.0,1150.0,1150.0,1800.0,1800.0,1800.0,1150.0,1150.0,1150.0,,,,,,,,,,,,,,1300.0,1300.0,,1450.0,1450.0,,1375.0,,1375.0,1375.0,1375.0,,,,,,,,,,,,,,,,,1400.0,1300.0,1200.0,,,,,,,,,,,,,,,,,,,,,,,,,,,,,2000.0,1490.0,,,,,,,3500.0,,,,,,,,,,,,,,,,,,,,,,,,,,,,,,
Wakefield,Bronx,neighborhood,,,,,,,,,,,,,,,,,,,,,,,,,,,,,,,,,,,,,,,,,,,,,,,,,,,,,,,,,,,,995.0,950.0,950.0,950.0,950.0,,950.0,995.0,1000.0,,,,1000.0,885.0,1295.0,1295.0,1150.0,1200.0,1150.0,1325.0,,,1350.0,1050.0,1050.0,,1500.0,,1325.0,1325.0,1125.0,1375.0,,,,,,,,,,1350.0,1350.0,1300.0,1400.0,,,,,,,,,,,,1350.0,1350.0,1595.0,,,,,,,,,1400.0,,,1200.0,,,,,,1550.0,,,1250.0,1250.0,1250.0,,,,1375.0,1400.0,1250.0,,1550.0,1550.0,,,,,,,1300.0,1200.0,1500.0,1450.0,1465.0,1450.0,,1695.0,1650.0,1695.0,2200.0,,1650.0,1650.0,,,1315.0,,,1750.0,1750.0,,1295.0,,1737.0,1737.0,1737.0,,,,1700.0,1650.0,1720.0,2000.0,2000.0,,,,,1311.0,1695.0,,,1547.0
Washington Heights,Manhattan,neighborhood,1100.0,1100.0,1150.0,1115.0,1100.0,1150.0,1105.0,1250.0,1215.0,1215.0,1100.0,1130.0,1050.0,1050.0,975.0,1050.0,1260.0,1399.0,1260.0,1399.0,1257.0,1175.0,1257.0,1075.0,1075.0,1195.0,1300.0,1300.0,1295.0,1275.0,1250.0,1350.0,1350.0,1400.0,1400.0,1350.0,1350.0,1350.0,1300.0,1295.0,1295.0,1325.0,1250.0,1375.0,1400.0,1350.0,1350.0,1350.0,1395.0,1395.0,1350.0,1350.0,1400.0,1350.0,1395.0,1400.0,1400.0,1350.0,1350.0,1371.0,1371.0,1450.0,1450.0,1400.0,1450.0,1450.0,1450.0,1450.0,1475.0,1499.0,1550.0,1450.0,1495.0,1475.0,1525.0,1535.0,1500.0,1500.0,1500.0,1550.0,1550.0,1550.0,1600.0,1600.0,1650.0,1550.0,1550.0,1575.0,1600.0,1595.0,1600.0,1645.0,1615.0,1695.0,1650.0,1650.0,1600.0,1595.0,1595.0,1650.0,1675.0,1695.0,1650.0,1600.0,1650.0,1695.0,1695.0,1675.0,1645.0,1675.0,1645.0,1675.0,1718.0,1750.0,1775.0,1720.0,1695.0,1700.0,1700.0,1695.0,1700.0,1750.0,1750.0,1750.0,1800.0,1725.0,1698.0,1665.0,1675.0,1650.0,1600.0,1600.0,1600.0,1600.0,1650.0,1625.0,1635.0,1650.0,1650.0,1675.0,1675.0,1695.0,1725.0,1750.0,1750.0,1700.0,1739.0,1786.0,1850.0,1900.0,1985.0,1900.0,1850.0,1900.0,1850.0,1825.0,1800.0,1895.0,1980.0,2026.0,2044.0,2000.0,2050.0,2100.0,2065.0,2150.0,2100.0,2000.0,2075.0,2075.0,1950.0,1950.0,2000.0,2000.0,2150.0,2085.0,2095.0,2078.0,2175.0,2152.0,2100.0,2095.0,1950.0,2179.0,2145.0,2175.0,2250.0,2225.0,2150.0,2185.0,2185.0,2200.0,2150.0,2256.0,2290.0,2300.0,2400.0,2300.0,2250.0,2300.0
West Harlem,Manhattan,neighborhood,1175.0,1175.0,1175.0,1000.0,,1180.0,1180.0,,,1150.0,,2800.0,2800.0,2800.0,2800.0,2800.0,,,,,2500.0,2500.0,2500.0,2500.0,2500.0,2500.0,2500.0,2500.0,,,,1395.0,1395.0,,,,,,,1495.0,1495.0,1400.0,1280.0,1350.0,1350.0,1395.0,1117.0,,,,,,1350.0,1525.0,1600.0,1600.0,1650.0,1650.0,1750.0,,1200.0,,1300.0,1300.0,,1295.0,,1595.0,1750.0,1750.0,1350.0,1650.0,1475.0,1650.0,1550.0,1550.0,1550.0,1475.0,1550.0,1490.0,1490.0,,1750.0,1599.0,1599.0,1650.0,1650.0,1625.0,1575.0,1585.0,1650.0,1650.0,1575.0,1795.0,1695.0,2550.0,2550.0,1795.0,1775.0,1795.0,1850.0,1950.0,1795.0,1895.0,1895.0,1795.0,1850.0,1795.0,1800.0,1895.0,1875.0,1895.0,1625.0,2050.0,2175.0,1995.0,1650.0,1650.0,1675.0,1865.0,1835.0,1780.0,1895.0,1950.0,2000.0,1900.0,1750.0,1850.0,1575.0,1675.0,1485.0,1465.0,1465.0,1545.0,1625.0,1800.0,1800.0,1790.0,1850.0,1850.0,1625.0,1645.0,1900.0,1900.0,1900.0,1900.0,2050.0,2075.0,2100.0,2250.0,2450.0,2250.0,2350.0,2250.0,2245.0,2245.0,2245.0,2295.0,2300.0,2300.0,2300.0,2400.0,2400.0,2500.0,2550.0,2500.0,2500.0,2500.0,2395.0,2575.0,2575.0,2575.0,2575.0,2625.0,2650.0,2600.0,2000.0,2350.0,2650.0,2250.0,2495.0,2395.0,2395.0,2650.0,2650.0,2900.0,2600.0,3600.0,2950.0,3150.0,2675.0,2675.0,3225.0,2650.0,3345.0,2650.0,2650.0,2650.0,3045.0,2675.0
West Village,Manhattan,neighborhood,2400.0,2400.0,2350.0,2300.0,2200.0,2200.0,2200.0,2250.0,2550.0,2650.0,2775.0,2550.0,2600.0,2650.0,2495.0,2550.0,2600.0,2500.0,2500.0,2500.0,2300.0,2500.0,2570.0,2495.0,2495.0,2600.0,2500.0,2600.0,2675.0,2500.0,2675.0,2600.0,2650.0,2500.0,2650.0,2700.0,2650.0,2700.0,2750.0,2650.0,2650.0,2500.0,2500.0,2600.0,2600.0,2600.0,2600.0,2700.0,2795.0,2650.0,2995.0,2900.0,2850.0,2750.0,2725.0,2775.0,2990.0,2950.0,2700.0,2950.0,2850.0,2900.0,3100.0,2800.0,2800.0,2700.0,2800.0,2900.0,2900.0,3000.0,2950.0,2850.0,2900.0,2950.0,2900.0,2900.0,2850.0,2795.0,2795.0,2950.0,2995.0,2850.0,2800.0,2800.0,3050.0,2979.0,2800.0,2775.0,2800.0,2800.0,2800.0,2895.0,2900.0,2945.0,2800.0,2895.0,2850.0,2850.0,3000.0,2995.0,2995.0,2833.0,2795.0,2900.0,2800.0,2800.0,2895.0,2850.0,3000.0,3000.0,3000.0,2995.0,2950.0,3195.0,3000.0,2850.0,3000.0,2995.0,2995.0,3000.0,3215.0,3200.0,3200.0,3100.0,2950.0,2750.0,2653.0,2500.0,2500.0,2500.0,2500.0,2400.0,2350.0,2395.0,2375.0,2500.0,2495.0,2450.0,2695.0,2795.0,3000.0,2900.0,3300.0,3118.0,3475.0,3500.0,3500.0,3250.0,3450.0,3475.0,3400.0,3550.0,3695.0,3595.0,3500.0,3700.0,3950.0,4200.0,3700.0,3700.0,3700.0,3850.0,3795.0,3600.0,3750.0,3595.0,3595.0,3550.0,3595.0,3950.0,3500.0,3950.0,3850.0,3750.0,3650.0,3600.0,3750.0,3700.0,3695.0,3995.0,4000.0,4175.0,3995.0,3900.0,4000.0,4150.0,4000.0,4200.0,4000.0,3995.0,4250.0,4000.0,4400.0,4645.0,4400.0,4295.0,4400.0,4495.0,4395.0,4300.0
Westchester Village,Bronx,neighborhood,,,,,,,,,,,,,,,,,,,,,,,,,,,,,,,,,,,,,,,,,,,,,,,,,,,,,,,,,,,,,1050.0,1050.0,,,,,,,,1100.0,1050.0,1050.0,,,,,,,,,,1100.0,1100.0,1100.0,,,,,,,,,1280.0,,,,,,,,,,,,,,,,,,,,1300.0,1300.0,1525.0,1525.0,,,,,,,,,,1650.0,1650.0,,,,,,,,,,,,,,,,,1752.0,1752.0,,1250.0,1250.0,,,1350.0,1350.0,1550.0,,,1271.0,,,1450.0,,,,,,,,,,,,,,,,1493.0,,,,,,,,,1595.0,,,,,,1600.0,,,,,,,,,,
Whitestone,Queens,neighborhood,,,,,,,,,,,,,,,,,,,,,,,,,2000.0,2000.0,2000.0,,,,,,,,,,,,,,,,,,,,,,,,,,870.0,870.0,,,,,,,,,,,,1200.0,1200.0,,,4000.0,4000.0,,,,,,,,,,,1199.0,1199.0,1099.0,1100.0,,,,,,,,,,,,,,1300.0,1300.0,1100.0,,,,,,,,,,,,1675.0,1675.0,,,,1300.0,1200.0,1100.0,,1450.0,1650.0,,,,,,,,,,1300.0,1300.0,1100.0,,,,1200.0,,,,,1725.0,,,,,,,,,,1299.0,1299.0,,,1640.0,,1750.0,,,,,1400.0,1200.0,1200.0,,,,1500.0,3100.0,1800.0,1800.0,1375.0,1375.0,1650.0,1650.0,,1700.0,1500.0,1500.0,,,,1695.0,1695.0,,,,,,,,,,,1600.0,,1400.0
Williamsbridge,Bronx,neighborhood,,,,,,,,,,,,,,,,,,,,,,,,,,,,,,,,,,,,,,,,,,,,,,,,,,,950.0,950.0,950.0,,1000.0,1000.0,1000.0,1000.0,1000.0,1000.0,,,,975.0,975.0,,,,,1100.0,1100.0,1100.0,,1150.0,1150.0,,,1350.0,1225.0,1225.0,,,,,,,,1200.0,1200.0,1200.0,1200.0,1175.0,1225.0,1225.0,1225.0,,,,,1300.0,1275.0,1275.0,1275.0,,1325.0,1325.0,,,,,1350.0,1350.0,,1325.0,1325.0,1400.0,1325.0,1325.0,1325.0,1325.0,1350.0,,,,,,,1450.0,1450.0,,1475.0,1400.0,1400.0,1400.0,1325.0,1400.0,1350.0,1400.0,,,,1450.0,,1945.0,,,1800.0,,,1425.0,1200.0,1600.0,1600.0,1400.0,1400.0,1600.0,1600.0,1600.0,1500.0,1400.0,1550.0,,1600.0,,,,1650.0,1650.0,,2100.0,2100.0,,,,1695.0,1645.0,2450.0,,,1400.0,1400.0,,1800.0,1600.0,1700.0,1950.0,1828.0,1850.0,1850.0,1850.0,1850.0,2031.0,2031.0,2031.0,2031.0,1875.0,1850.0,1850.0,1700.0,2031.0
Williamsburg,Brooklyn,neighborhood,1900.0,1900.0,2025.0,2080.0,2050.0,1970.0,2020.0,2300.0,2700.0,2700.0,2500.0,2600.0,2400.0,2100.0,2250.0,2200.0,2206.0,2206.0,2150.0,2423.0,2400.0,2454.0,2454.0,2150.0,2500.0,2500.0,2861.0,2850.0,2600.0,2500.0,2450.0,2500.0,2500.0,2395.0,2400.0,2600.0,2566.0,2600.0,2700.0,2500.0,2500.0,2575.0,2549.0,2550.0,2595.0,2600.0,2700.0,2425.0,2430.0,2450.0,2595.0,2600.0,2650.0,2600.0,2625.0,2672.0,2600.0,2631.0,2550.0,2500.0,2500.0,2610.0,2672.0,2720.0,2700.0,2731.0,2800.0,2750.0,2850.0,2850.0,2750.0,2750.0,2655.0,2675.0,2600.0,2600.0,2700.0,2695.0,2691.0,2717.0,2700.0,2650.0,2546.0,2500.0,2550.0,2615.0,2601.0,2625.0,2566.0,2552.0,2635.0,2700.0,2695.0,2600.0,2553.0,2495.0,2445.0,2500.0,2475.0,2513.0,2500.0,2500.0,2500.0,2500.0,2495.0,2498.0,2495.0,2400.0,2500.0,2695.0,2553.0,2650.0,2695.0,2750.0,2741.0,2842.0,2935.0,2900.0,2900.0,2980.0,2996.0,2955.0,2900.0,2801.0,2750.0,2700.0,2670.0,2579.0,2446.0,2500.0,2585.0,2500.0,2550.0,2618.0,2639.0,2796.0,2850.0,2900.0,2900.0,3000.0,3025.0,3172.0,3100.0,3240.0,3175.0,3017.0,3398.0,3400.0,3467.0,3610.0,3649.0,3692.0,3695.0,3650.0,3510.0,3434.0,3425.0,3600.0,3680.0,3499.0,3445.0,3500.0,3500.0,3500.0,3550.0,3600.0,3600.0,3500.0,3615.0,3672.0,3637.0,3683.0,3725.0,3765.0,3700.0,3800.0,3800.0,3589.0,3500.0,3575.0,3600.0,3700.0,3630.0,3630.0,3795.0,3850.0,3850.0,3915.0,3872.0,3770.0,3700.0,3550.0,3684.0,3750.0,3857.0,4000.0,3995.0,3915.0,3950.0,3950.0
Windsor Terrace,Brooklyn,neighborhood,1400.0,1495.0,1400.0,1375.0,1400.0,1400.0,1400.0,1400.0,,,1595.0,1595.0,1400.0,1400.0,1450.0,1450.0,1400.0,1450.0,,1450.0,,,,,,,1200.0,1200.0,,1100.0,1600.0,1600.0,,,2000.0,1762.0,1762.0,1762.0,1800.0,1800.0,1690.0,1690.0,1450.0,1375.0,1375.0,1680.0,1600.0,1600.0,1450.0,1295.0,1375.0,1500.0,1500.0,1775.0,1775.0,1750.0,1750.0,1895.0,1875.0,1750.0,1425.0,2025.0,1700.0,1600.0,1525.0,1786.0,1846.0,2000.0,1600.0,1700.0,1495.0,1850.0,1600.0,1600.0,1925.0,1650.0,1600.0,1700.0,1650.0,1600.0,2095.0,1700.0,1825.0,1750.0,1650.0,1650.0,1895.0,1850.0,2000.0,1846.0,1754.0,1995.0,1995.0,2000.0,2000.0,1700.0,1750.0,1645.0,1950.0,1700.0,1700.0,2000.0,1800.0,1995.0,1897.0,2050.0,2490.0,2050.0,2000.0,2500.0,1995.0,1995.0,1650.0,1868.0,1975.0,1695.0,2056.0,2000.0,2100.0,2015.0,2200.0,2150.0,2262.0,2163.0,2108.0,1900.0,1900.0,1917.0,1850.0,1900.0,1800.0,1875.0,1865.0,1850.0,1900.0,2105.0,1999.0,1950.0,1900.0,2117.0,1995.0,1799.0,1925.0,1745.0,1700.0,1700.0,2250.0,2332.0,2195.0,2000.0,1495.0,2200.0,1850.0,2187.0,1999.0,2200.0,2200.0,1800.0,2350.0,2400.0,2670.0,2700.0,2500.0,2300.0,2300.0,2250.0,,2686.0,2686.0,2300.0,2654.0,2654.0,2700.0,2831.0,2850.0,2750.0,2675.0,2675.0,2595.0,2582.0,2350.0,,2350.0,2350.0,2600.0,2650.0,2650.0,2695.0,2700.0,2300.0,2595.0,2595.0,2500.0,2795.0,2600.0,2795.0,2800.0,2750.0,2968.0,2900.0
Woodhaven,Queens,neighborhood,,,,,,,,,,,,,,,,,,,,,,,,,,,,,,1000.0,1000.0,1000.0,1000.0,1000.0,1000.0,1000.0,1000.0,1000.0,1000.0,,,,,,22000.0,22000.0,22000.0,,,,,,,,,,,,1300.0,1300.0,,,,,,,,,,,,,,,,,,,,1050.0,,,,1100.0,1100.0,1275.0,1175.0,1450.0,1175.0,1175.0,1225.0,1200.0,,1275.0,,,1275.0,,1275.0,1700.0,1300.0,1275.0,1275.0,,,,,1250.0,,,1475.0,2225.0,,1395.0,1395.0,1395.0,,1395.0,1395.0,1395.0,1395.0,1365.0,,,,1385.0,1750.0,2100.0,1550.0,1395.0,1395.0,1200.0,,1375.0,1525.0,1525.0,,1500.0,1999.0,1595.0,1575.0,1750.0,1550.0,1550.0,1350.0,1400.0,1895.0,1895.0,,1595.0,1750.0,2000.0,1500.0,,1600.0,1500.0,1750.0,1750.0,,1500.0,1500.0,1799.0,1799.0,1799.0,,,,,,,1500.0,1500.0,1475.0,1475.0,,1500.0,2200.0,1850.0,2195.0,1850.0,1700.0,,1500.0,1900.0,1500.0,1950.0,1800.0,1775.0,1700.0,1700.0,1700.0,1700.0,,1850.0,1850.0,1850.0,1850.0,1550.0,,2500.0
Woodlawn,Bronx,neighborhood,,,,,,,,,,,,,,,,,,,,,,,,,,,,,,,,,,,,,,,,,,,,,,,,,,,,,,,,,,,,,1075.0,1075.0,1075.0,1075.0,,,,,,,,,,,,,,1193.0,1193.0,,,,,,,,,,,,,,,1500.0,1500.0,,,,1500.0,,,,,,,,,2795.0,2795.0,2795.0,1450.0,1450.0,,,,,,,,,,,,,,,,1400.0,1300.0,1300.0,,,,,1600.0,1600.0,1599.0,1599.0,,,,,1335.0,1335.0,2000.0,,,,,,,,,,,,,,,,,,,,,,,,,,,,,,,,,,,,,,,,,,,,,,,,,,,,,,,
Woodside,Queens,neighborhood,,925.0,925.0,925.0,950.0,,,,,,1000.0,1000.0,1275.0,,,,,,,1050.0,1050.0,1050.0,,,1000.0,1000.0,1000.0,,,,,,1250.0,,,,,,,1150.0,1150.0,,,,1200.0,5000.0,5000.0,5000.0,1200.0,1425.0,1450.0,4600.0,1495.0,1495.0,1150.0,1150.0,1200.0,1200.0,1200.0,1125.0,1850.0,1285.0,1150.0,1300.0,1300.0,1300.0,1295.0,1275.0,1300.0,1400.0,1400.0,1295.0,1250.0,1325.0,1350.0,1350.0,1350.0,1350.0,1350.0,1350.0,1350.0,1385.0,1350.0,1375.0,1374.0,1450.0,1450.0,1490.0,1500.0,1500.0,1475.0,1465.0,1350.0,1350.0,1450.0,1490.0,1450.0,1450.0,1450.0,1470.0,1490.0,1520.0,1490.0,1500.0,1500.0,1595.0,1550.0,1495.0,1490.0,1500.0,1525.0,1600.0,1545.0,1575.0,1525.0,1500.0,1575.0,1560.0,1495.0,1549.0,1600.0,1560.0,1500.0,1550.0,1515.0,1500.0,1550.0,1535.0,1500.0,1495.0,1499.0,1475.0,1475.0,1450.0,1500.0,1450.0,1450.0,1500.0,1500.0,1445.0,1450.0,1550.0,1525.0,1575.0,1600.0,1550.0,1495.0,1590.0,1645.0,1600.0,1600.0,1600.0,1625.0,1450.0,1500.0,1690.0,1600.0,1800.0,1675.0,2390.0,1690.0,2710.0,2490.0,2625.0,2625.0,2600.0,1735.0,2020.0,2020.0,1795.0,1800.0,1950.0,2000.0,1800.0,2575.0,2704.0,2730.0,2620.0,2661.0,2707.0,2722.0,2894.0,2675.0,2675.0,2295.0,2250.0,2650.0,2680.0,2625.0,2300.0,2650.0,2538.0,2538.0,2537.0,2595.0,2537.0,2695.0,2600.0,2620.0,2200.0
Woodstock,Bronx,neighborhood,,,,,,,,,,,,,,,,,,,,,,,,,,,,,,,,,,,,,850.0,850.0,850.0,,776.0,776.0,776.0,776.0,776.0,,875.0,875.0,847.0,847.0,847.0,847.0,847.0,847.0,900.0,975.0,,,847.0,847.0,847.0,,,,,,867.0,1000.0,867.0,867.0,1500.0,,,,,,,,,,,,,,1550.0,1550.0,2750.0,1200.0,1200.0,,,,,,,,,,,,,1300.0,1300.0,,,,1250.0,1250.0,,,1700.0,1592.0,,,1300.0,1400.0,1400.0,,,,,1300.0,1300.0,,,,,,,,1975.0,1975.0,,,1290.0,1290.0,,,1495.0,1495.0,1450.0,1150.0,1395.0,,1500.0,1500.0,,1260.0,1225.0,1265.0,,,,1495.0,1100.0,,1500.0,3000.0,3000.0,2950.0,1500.0,2000.0,,,,,,,,,,,,1550.0,1550.0,2000.0,2000.0,1900.0,,,,,,,,,,,,,,1800.0,1700.0,1700.0,,,,,2400.0,2400.0
