areaName,Borough,areaType,2010-01,2010-02,2010-03,2010-04,2010-05,2010-06,2010-07,2010-08,2010-09,2010-10,2010-11,2010-12,2011-01,2011-02,2011-03,2011-04,2011-05,2011-06,2011-07,2011-08,2011-09,2011-10,2011-11,2011-12,2012-01,2012-02,2012-03,2012-04,2012-05,2012-06,2012-07,2012-08,2012-09,2012-10,2012-11,2012-12,2013-01,2013-02,2013-03,2013-04,2013-05,2013-06,2013-07,2013-08,2013-09,2013-10,2013-11,2013-12,2014-01,2014-02,2014-03,2014-04,2014-05,2014-06,2014-07,2014-08,2014-09,2014-10,2014-11,2014-12,2015-01,2015-02,2015-03,2015-04,2015-05,2015-06,2015-07,2015-08,2015-09,2015-10,2015-11,2015-12,2016-01,2016-02,2016-03,2016-04,2016-05,2016-06,2016-07,2016-08,2016-09,2016-10,2016-11,2016-12,2017-01,2017-02,2017-03,2017-04,2017-05,2017-06,2017-07,2017-08,2017-09,2017-10,2017-11,2017-12,2018-01,2018-02,2018-03,2018-04,2018-05,2018-06,2018-07,2018-08,2018-09,2018-10,2018-11,2018-12,2019-01,2019-02,2019-03,2019-04,2019-05,2019-06,2019-07,2019-08,2019-09,2019-10,2019-11,2019-12,2020-01,2020-02,2020-03,2020-04,2020-05,2020-06,2020-07,2020-08,2020-09,2020-10,2020-11,2020-12,2021-01,2021-02,2021-03,2021-04,2021-05,2021-06,2021-07,2021-08,2021-09,2021-10,2021-11,2021-12,2022-01,2022-02,2022-03,2022-04,2022-05,2022-06,2022-07,2022-08,2022-09,2022-10,2022-11,2022-12,2023-01,2023-02,2023-03,2023-04,2023-05,2023-06,2023-07,2023-08,2023-09,2023-10,2023-11,2023-12,2024-01,2024-02,2024-03,2024-04,2024-05,2024-06,2024-07,2024-08,2024-09,2024-10,2024-11,2024-12,2025-01,2025-02,2025-03,2025-04,2025-05,2025-06,2025-07,2025-08,2025-09,2025-10,2025-11,2025-12,2026-01,2026-02,2026-03,2026-04,2026-05,2026-06,2026-07,2026-08
Astoria,Queens,neighborhood,1395.0,1450.0,1450.0,1395.0,1400.0,1500.0,1400.0,1425.0,1495.0,1600.0,1575.0,1500.0,1450.0,1450.0,1600.0,1750.0,1875.0,1875.0,1800.0,1850.0,1900.0,1850.0,1750.0,1800.0,1695.0,1725.0,1750.0,1875.0,1800.0,1700.0,1830.0,1950.0,2100.0,2000.0,1900.0,1695.0,1600.0,1700.0,1750.0,1800.0,1900.0,1850.0,1950.0,1850.0,1900.0,1870.0,1850.0,1800.0,1750.0,1800.0,1800.0,1800.0,1800.0,1800.0,1800.0,1800.0,1800.0,1850.0,1850.0,1800.0,1895.0,1900.0,1900.0,1850.0,1875.0,1850.0,1900.0,1995.0,1900.0,1900.0,1900.0,1900.0,1900.0,1975.0,1950.0,2000.0,1950.0,2000.0,1900.0,1950.0,2000.0,2000.0,2000.0,1999.0,2000.0,1950.0,1900.0,1900.0,1900.0,1900.0,1900.0,1950.0,1900.0,1899.0,1850.0,1850.0,1850.0,1850.0,1850.0,1875.0,1900.0,1850.0,1900.0,1900.0,1950.0,1900.0,1900.0,1945.0,1900.0,1900.0,1900.0,1950.0,2000.0,1950.0,1950.0,1999.0,2000.0,2000.0,2025.0,1975.0,1995.0,2100.0,2100.0,2000.0,1995.0,1925.0,1900.0,1899.0,1850.0,1800.0,1800.0,1800.0,1755.0,1750.0,1750.0,1775.0,1799.0,1800.0,1850.0,1875.0,1900.0,1975.0,1925.0,1950.0,1975.0,1995.0,2000.0,2100.0,2150.0,2250.0,2300.0,2399.0,2400.0,2400.0,2375.0,2300.0,2375.0,2400.0,2400.0,2400.0,2499.0,2495.0,2450.0,2495.0,2495.0,2400.0,2400.0,2450.0,2475.0,2500.0,2550.0,2575.0,2699.0,2695.0,2675.0,2699.0,2600.0,2575.0,2550.0,2600.0,2685.0,2700.0,2650.0,2650.0,2700.0,2899.0,2999.0,2930.0,2850.0,2850.0,2800.0,2950.0,2980.0,2900.0,2900.0,2900.0,2995.0,3100.0,3150.0,3200.0
Auburndale,Queens,neighborhood,,,,,,,,,,,,,,,,,,,,,,2200.0,2200.0,1550.0,1550.0,1550.0,1550.0,,1300.0,1300.0,1250.0,1200.0,1125.0,1175.0,1250.0,1300.0,1300.0,1300.0,1395.0,1395.0,1275.0,,,,1495.0,1300.0,1300.0,,,,1300.0,1300.0,1400.0,,1500.0,1450.0,,,1500.0,1495.0,1500.0,1500.0,,1200.0,1350.0,1400.0,1595.0,1495.0,1400.0,1500.0,1625.0,1625.0,1650.0,1250.0,1595.0,1625.0,1500.0,1800.0,1795.0,1650.0,1500.0,1500.0,1350.0,1795.0,1395.0,1395.0,1375.0,1700.0,1550.0,1500.0,1500.0,1450.0,1550.0,1425.0,1425.0,1650.0,1550.0,1400.0,1650.0,1600.0,1695.0,1550.0,1550.0,1895.0,1800.0,1750.0,1675.0,1650.0,1600.0,1750.0,1650.0,1900.0,1700.0,1700.0,1595.0,1600.0,1500.0,1600.0,1675.0,1600.0,1575.0,1675.0,1600.0,1575.0,1600.0,1750.0,1750.0,1725.0,1750.0,1650.0,1750.0,1795.0,1800.0,1800.0,1700.0,1650.0,1625.0,1800.0,1800.0,1800.0,1575.0,1800.0,1800.0,1650.0,2514.0,2514.0,2514.0,1600.0,1750.0,1675.0,1700.0,1700.0,1900.0,1900.0,1750.0,1700.0,1950.0,1800.0,1900.0,1850.0,1650.0,1975.0,1950.0,1800.0,2150.0,1900.0,2634.0,1950.0,1950.0,2110.0,1800.0,1750.0,1900.0,1900.0,2300.0,2250.0,2100.0,2000.0,2000.0,2025.0,2399.0,1850.0,1850.0,2350.0,2350.0,2350.0,2202.0,2200.0,,,,2700.0,2350.0,2000.0,2000.0,2299.0,2400.0,2000.0,2400.0,2395.0
Bath Beach,Brooklyn,neighborhood,,,,,,,,1300.0,1300.0,1300.0,,,,1300.0,950.0,950.0,950.0,950.0,1075.0,1075.0,1075.0,1075.0,1075.0,1075.0,1075.0,1075.0,1075.0,1075.0,1075.0,1175.0,1375.0,1345.0,1250.0,1345.0,1375.0,1375.0,1375.0,1125.0,1125.0,1125.0,1125.0,1125.0,1200.0,1250.0,1300.0,1300.0,1300.0,1325.0,1325.0,1200.0,1395.0,1200.0,1200.0,1395.0,1395.0,,1300.0,1300.0,1100.0,1280.0,1350.0,1325.0,1325.0,1400.0,1400.0,1445.0,1400.0,1400.0,1400.0,1400.0,1425.0,1425.0,1495.0,1495.0,1500.0,1400.0,1500.0,1500.0,1500.0,1500.0,1375.0,1450.0,1450.0,1450.0,1400.0,1350.0,1400.0,1350.0,1600.0,1450.0,1400.0,1600.0,1595.0,1495.0,1495.0,1400.0,1500.0,1550.0,1550.0,1600.0,1550.0,1625.0,1500.0,1500.0,1499.0,1499.0,1550.0,1575.0,1525.0,1548.0,1600.0,1599.0,1599.0,1550.0,1525.0,1775.0,1699.0,1525.0,1725.0,1700.0,1690.0,1700.0,1450.0,1375.0,1600.0,1599.0,1500.0,1550.0,1550.0,1550.0,1685.0,1550.0,1549.0,1600.0,1624.0,1655.0,1600.0,1600.0,1600.0,1600.0,1650.0,1625.0,1659.0,1615.0,1600.0,1550.0,1650.0,1600.0,1600.0,1650.0,1650.0,1650.0,1750.0,1750.0,1699.0,1699.0,1750.0,1750.0,1949.0,1700.0,1775.0,1650.0,1750.0,1750.0,1750.0,1700.0,1850.0,1899.0,1850.0,1800.0,1995.0,1850.0,1850.0,1900.0,1850.0,1855.0,2000.0,1975.0,1850.0,1895.0,1950.0,1900.0,1895.0,1795.0,1975.0,1995.0,1999.0,2200.0,2200.0,2200.0,2000.0,2050.0,2100.0,2150.0,2150.0,2150.0,2000.0,2000.0,2150.0,2250.0
Battery Park City,Manhattan,neighborhood,2875.0,2800.0,2900.0,2800.0,2700.0,2895.0,2900.0,2950.0,3000.0,3065.0,2995.0,3000.0,2945.0,2945.0,2895.0,2835.0,2900.0,3100.0,3190.0,3195.0,3200.0,3200.0,3000.0,3200.0,3155.0,3200.0,3212.0,3200.0,3263.0,3295.0,3300.0,3350.0,3295.0,3295.0,3200.0,3295.0,3350.0,3250.0,3295.0,3295.0,3480.0,3350.0,3300.0,3375.0,3350.0,3350.0,3350.0,3385.0,3375.0,3300.0,3400.0,3250.0,3300.0,3500.0,3550.0,3540.0,3595.0,3400.0,3300.0,3300.0,3400.0,3550.0,3600.0,3600.0,3850.0,3795.0,3775.0,3800.0,3945.0,3995.0,3995.0,3800.0,3588.0,3601.0,3650.0,3800.0,3900.0,3850.0,3800.0,3700.0,3700.0,3650.0,3569.0,3550.0,3600.0,3550.0,3550.0,3550.0,3575.0,3700.0,3700.0,3600.0,3550.0,3565.0,3471.0,3595.0,3500.0,3500.0,3600.0,3575.0,3700.0,3700.0,3990.0,3975.0,3870.0,3775.0,3820.0,3850.0,3700.0,3995.0,3932.0,3950.0,3950.0,4150.0,4095.0,4050.0,4000.0,3900.0,4205.0,4000.0,3950.0,3969.0,3995.0,3950.0,3950.0,3692.0,3600.0,3323.0,3375.0,3370.0,3300.0,3335.0,3265.0,3325.0,3325.0,3405.0,3600.0,3800.0,3960.0,4055.0,4190.0,4190.0,4150.0,4255.0,4350.0,4100.0,4425.0,4400.0,4730.0,4750.0,4985.0,4645.0,4440.0,4315.0,4145.0,4130.0,4250.0,4645.0,4500.0,4460.0,4925.0,4900.0,4905.0,4960.0,4730.0,4570.0,4500.0,4300.0,4260.0,4280.0,4530.0,4830.0,4990.0,5235.0,5435.0,5510.0,5200.0,4790.0,4470.0,4600.0,5072.0,4763.0,4861.0,4988.0,5317.0,5289.0,5061.0,5355.0,5263.0,5054.0,4923.0,4985.0,4970.0,5042.0,5147.0,5250.0,5398.0,5600.0,5406.0,5325.0
Bay Ridge,Brooklyn,neighborhood,1350.0,1350.0,1350.0,1350.0,1325.0,1325.0,1300.0,1200.0,1200.0,1300.0,1300.0,1300.0,1300.0,1300.0,1300.0,1300.0,1375.0,1300.0,1300.0,1425.0,1450.0,1450.0,1295.0,1295.0,1325.0,1300.0,1275.0,1295.0,1299.0,1295.0,1300.0,1400.0,1450.0,1500.0,1500.0,1500.0,1425.0,1400.0,1325.0,1525.0,1525.0,1525.0,1525.0,1500.0,1550.0,1500.0,1500.0,1500.0,1550.0,1550.0,1550.0,1525.0,1525.0,1500.0,1450.0,1500.0,1500.0,1500.0,1550.0,1550.0,1500.0,1550.0,1575.0,1575.0,1550.0,1575.0,1600.0,1650.0,1700.0,1675.0,1650.0,1625.0,1600.0,1600.0,1650.0,1650.0,1650.0,1700.0,1700.0,1700.0,1650.0,1650.0,1650.0,1650.0,1650.0,1650.0,1650.0,1650.0,1625.0,1650.0,1650.0,1650.0,1625.0,1650.0,1675.0,1650.0,1650.0,1675.0,1650.0,1675.0,1675.0,1700.0,1695.0,1700.0,1700.0,1699.0,1700.0,1700.0,1650.0,1725.0,1700.0,1699.0,1700.0,1700.0,1700.0,1695.0,1725.0,1700.0,1700.0,1700.0,1700.0,1700.0,1750.0,1700.0,1750.0,1750.0,1750.0,1750.0,1700.0,1700.0,1650.0,1650.0,1650.0,1650.0,1650.0,1675.0,1675.0,1650.0,1650.0,1699.0,1700.0,1700.0,1700.0,1700.0,1700.0,1700.0,1750.0,1750.0,1800.0,1750.0,1800.0,1875.0,1900.0,1875.0,1800.0,1850.0,1900.0,2000.0,1995.0,1900.0,1950.0,1900.0,1925.0,1975.0,2000.0,1900.0,1900.0,1950.0,1900.0,2025.0,1995.0,2000.0,2000.0,2100.0,2095.0,2000.0,2150.0,1950.0,1995.0,2000.0,2100.0,2200.0,2100.0,2150.0,2100.0,2150.0,2275.0,2250.0,2199.0,2200.0,2200.0,2200.0,2200.0,2200.0,2200.0,2250.0,2250.0,2299.0,2250.0,2200.0
Baychester,Bronx,neighborhood,,,,,,,,,,,,,,,,,,,,,,,,990.0,990.0,990.0,990.0,,,,,,,,,,,,,,,,,,,,,,,,,,,,,,,,,,,,,,,,,,,,,,,1475.0,,,,,,,,,,,,,,,,,,,,,,,,,,,,,,,,,,,,,,,,,,,,,,,,,,,,,,,,,,,,,,,,,,,,,,,,,,,1750.0,,,,,,,1300.0,,,,1500.0,1500.0,,,,,,,,,1900.0,1900.0,1900.0,,,,,,,,,,,,,,,,,,,,,,,,,,,,
Bayside,Queens,neighborhood,1800.0,1875.0,1800.0,1800.0,1875.0,1875.0,1900.0,1900.0,1900.0,1900.0,1950.0,1900.0,1900.0,1900.0,1950.0,1950.0,1950.0,1950.0,1900.0,1900.0,1950.0,1900.0,1900.0,1900.0,1900.0,1400.0,1400.0,1600.0,1600.0,1500.0,1550.0,1550.0,1250.0,1800.0,2000.0,2000.0,1925.0,1925.0,1600.0,2100.0,2150.0,1600.0,1600.0,1600.0,1380.0,2050.0,,,1350.0,1350.0,1700.0,1700.0,1700.0,2150.0,2075.0,2000.0,2000.0,2000.0,1795.0,1800.0,2100.0,2100.0,2300.0,2100.0,1795.0,1450.0,2200.0,1450.0,1450.0,2200.0,2200.0,2200.0,1975.0,1745.0,1750.0,1950.0,1850.0,2050.0,1800.0,1695.0,1700.0,1700.0,1700.0,1600.0,1950.0,2300.0,2300.0,2300.0,2300.0,1950.0,2200.0,2150.0,1800.0,1800.0,2000.0,1700.0,2100.0,1750.0,1700.0,1650.0,1600.0,1700.0,1850.0,1850.0,1750.0,2000.0,2000.0,2000.0,1825.0,2000.0,1825.0,1875.0,1850.0,1850.0,1845.0,1700.0,1845.0,2000.0,1850.0,1875.0,1875.0,1875.0,1875.0,1875.0,1950.0,1875.0,1875.0,1875.0,1845.0,1850.0,1875.0,1875.0,1850.0,1800.0,1850.0,1850.0,1850.0,1875.0,1875.0,1925.0,1799.0,1800.0,1900.0,1925.0,1950.0,1970.0,1975.0,1975.0,1975.0,2000.0,2250.0,2250.0,1995.0,2200.0,2050.0,2050.0,2075.0,2075.0,2050.0,2100.0,2150.0,2150.0,2200.0,2200.0,2200.0,2100.0,2200.0,2199.0,2250.0,2275.0,2300.0,2400.0,2495.0,2495.0,2475.0,2400.0,2400.0,2475.0,2450.0,2400.0,2400.0,2450.0,2450.0,2250.0,2500.0,2540.0,2550.0,2550.0,2500.0,2450.0,2500.0,2500.0,2450.0,2400.0,2425.0,2450.0,2450.0,2600.0,2600.0,2525.0
Bedford Park,Bronx,neighborhood,895.0,895.0,845.0,845.0,875.0,875.0,875.0,,,,,875.0,875.0,875.0,875.0,875.0,875.0,875.0,875.0,875.0,900.0,880.0,875.0,875.0,950.0,950.0,1125.0,975.0,975.0,1050.0,1050.0,1050.0,975.0,1095.0,1100.0,1050.0,995.0,950.0,975.0,975.0,1025.0,1195.0,1150.0,1095.0,1095.0,1095.0,1075.0,925.0,950.0,925.0,1195.0,1195.0,1000.0,1050.0,1195.0,1223.0,1300.0,1400.0,1400.0,1375.0,1350.0,1400.0,1400.0,1415.0,1350.0,1325.0,1300.0,1300.0,1350.0,1399.0,1350.0,1300.0,1450.0,1450.0,1450.0,1450.0,1450.0,1450.0,1475.0,1450.0,1500.0,1450.0,1450.0,1450.0,1375.0,1400.0,1500.0,1500.0,1550.0,1550.0,1525.0,1550.0,1450.0,1499.0,1600.0,1525.0,1450.0,1275.0,1200.0,1525.0,1450.0,1500.0,1550.0,1500.0,1425.0,1450.0,1490.0,1375.0,1450.0,1490.0,1599.0,1490.0,1550.0,1495.0,1490.0,1595.0,1698.0,1575.0,1700.0,1625.0,1695.0,1725.0,1600.0,1600.0,1650.0,1650.0,1595.0,1695.0,1695.0,1650.0,1625.0,1625.0,1699.0,1625.0,1699.0,1665.0,1695.0,1650.0,1625.0,1495.0,1500.0,1400.0,1450.0,1595.0,1625.0,1600.0,1695.0,1725.0,1750.0,1695.0,1750.0,1550.0,1600.0,1590.0,1625.0,1700.0,1740.0,1525.0,1750.0,1750.0,1895.0,2200.0,1750.0,1695.0,1950.0,1895.0,1885.0,1675.0,1800.0,1775.0,1750.0,1927.0,1895.0,1650.0,1619.0,1695.0,1800.0,1800.0,1900.0,1850.0,1700.0,1700.0,1699.0,1895.0,1900.0,2030.0,1925.0,2150.0,2127.0,2000.0,1975.0,1795.0,1825.0,2095.0,1800.0,2025.0,2100.0,2125.0,1795.0,1820.0
Bedford-Stuyvesant,Brooklyn,neighborhood,1600.0,1600.0,1450.0,1450.0,1400.0,1350.0,1350.0,1350.0,1400.0,1500.0,1500.0,1450.0,1400.0,1400.0,1400.0,1400.0,1375.0,1375.0,1450.0,1450.0,1400.0,1500.0,1400.0,1400.0,1400.0,1500.0,1599.0,1600.0,1600.0,1525.0,1500.0,1495.0,1500.0,1499.0,1500.0,1575.0,1500.0,1600.0,1650.0,1700.0,1600.0,1600.0,1675.0,1750.0,1700.0,1700.0,1700.0,1750.0,1700.0,1695.0,1750.0,1795.0,1800.0,1800.0,1800.0,1800.0,1800.0,1800.0,1800.0,1799.0,1800.0,1795.0,1800.0,1900.0,1950.0,1950.0,1995.0,1950.0,1900.0,1900.0,1960.0,1925.0,1950.0,1950.0,1999.0,2050.0,2050.0,2100.0,2125.0,2100.0,2100.0,2050.0,2000.0,2000.0,2000.0,2000.0,2000.0,2062.0,2100.0,2100.0,2100.0,2123.0,2150.0,2100.0,2050.0,2000.0,2017.0,2000.0,2100.0,2150.0,2150.0,2150.0,2150.0,2199.0,2200.0,2199.0,2186.0,2199.0,2150.0,2145.0,2199.0,2200.0,2250.0,2199.0,2225.0,2275.0,2292.0,2291.0,2245.0,2220.0,2200.0,2300.0,2350.0,2299.0,2245.0,2200.0,2200.0,2150.0,2090.0,2000.0,2000.0,1975.0,1971.0,1995.0,1950.0,1999.0,2083.0,2150.0,2200.0,2296.0,2350.0,2300.0,2400.0,2338.0,2400.0,2499.0,2500.0,2500.0,2600.0,2650.0,2654.0,2750.0,2750.0,2700.0,2600.0,2550.0,2700.0,2700.0,2700.0,2750.0,2700.0,2750.0,2800.0,2800.0,2750.0,2750.0,2695.0,2650.0,2650.0,2799.0,2799.0,2850.0,2800.0,2800.0,2815.0,2894.0,2900.0,2769.0,2799.0,2800.0,2800.0,2875.0,2850.0,2999.0,3001.0,3000.0,3000.0,2950.0,3000.0,3150.0,3000.0,3000.0,3000.0,3105.0,3100.0,3249.0,3200.0,3195.0,3295.0,3250.0
Bellerose,Queens,neighborhood,,,,,,,,,,,,,,,,,,,,,,,,,,,,,,,,,,,,,,,,,,,,,,,,1400.0,1400.0,1100.0,1100.0,,1400.0,1400.0,1400.0,,2300.0,2000.0,2000.0,,1300.0,1300.0,1400.0,1400.0,1400.0,1400.0,1400.0,1100.0,1650.0,1450.0,1400.0,1450.0,1500.0,1500.0,,1400.0,1400.0,1400.0,2000.0,2000.0,1400.0,1400.0,1400.0,1400.0,1400.0,1400.0,,,,,1575.0,1500.0,1500.0,1500.0,,1500.0,1500.0,1500.0,,,,,,,,,,1550.0,,1800.0,1800.0,1650.0,1650.0,1650.0,1650.0,,,1800.0,1675.0,1675.0,1600.0,1600.0,1650.0,1650.0,,,,1700.0,,,,,,,1500.0,1800.0,1650.0,1500.0,1500.0,1725.0,,,1750.0,1550.0,,,,,,,,,,1699.0,1699.0,1750.0,1650.0,1600.0,,1500.0,,,,2268.0,1850.0,1850.0,,,,,,2200.0,,,,,2350.0,2350.0,1887.0,,,,,1950.0,1950.0,2100.0,2100.0,,1999.0,,,,2300.0,2200.0,,,2000.0,2000.0,,
Belmont,Bronx,neighborhood,,,,,,,,,,,,,,,,,,,,,,,,1050.0,1050.0,,,,,,,1000.0,1000.0,900.0,900.0,,,1150.0,1150.0,1050.0,700.0,700.0,1100.0,1100.0,1100.0,1100.0,1050.0,999.0,1100.0,1025.0,1025.0,1100.0,1100.0,,1000.0,1000.0,1075.0,1075.0,1050.0,,1150.0,1150.0,1300.0,,931.0,1050.0,1300.0,1450.0,1650.0,1650.0,1250.0,1400.0,1150.0,872.0,1220.0,1350.0,1300.0,1300.0,1300.0,1300.0,1325.0,1350.0,1350.0,1400.0,1300.0,1300.0,1300.0,1450.0,1400.0,1450.0,1500.0,1600.0,1450.0,1400.0,1450.0,1400.0,1350.0,1350.0,1450.0,1450.0,1450.0,1600.0,1600.0,1575.0,1600.0,1695.0,1550.0,1495.0,1575.0,1575.0,1500.0,1500.0,1649.0,1649.0,1650.0,1600.0,1400.0,1495.0,1650.0,1600.0,1650.0,1500.0,1500.0,1500.0,1600.0,1695.0,1600.0,1500.0,1495.0,1425.0,1425.0,1450.0,1600.0,1500.0,1500.0,1500.0,1600.0,1600.0,1525.0,1600.0,1696.0,1475.0,1600.0,1425.0,1500.0,1700.0,1475.0,1475.0,1750.0,1375.0,1425.0,1425.0,2050.0,2050.0,2250.0,2050.0,1950.0,2250.0,2275.0,2275.0,2350.0,1950.0,1200.0,1605.0,1605.0,1325.0,1978.0,,3100.0,1978.0,1895.0,1895.0,2000.0,2000.0,2525.0,1550.0,2800.0,1629.0,2665.0,2320.0,2600.0,2600.0,2385.0,2750.0,2650.0,2550.0,2375.0,2329.0,3125.0,2100.0,3125.0,,1800.0,1800.0,,,2400.0,2400.0,2450.0,2400.0
Bensonhurst,Brooklyn,neighborhood,,,750.0,900.0,900.0,900.0,900.0,1250.0,1500.0,1100.0,1100.0,1100.0,1100.0,1200.0,1300.0,1300.0,1225.0,1225.0,1200.0,1225.0,1200.0,1200.0,1200.0,1200.0,1100.0,1100.0,1100.0,1400.0,1300.0,1100.0,1100.0,1200.0,1150.0,1000.0,1000.0,,1200.0,1100.0,1300.0,1300.0,1150.0,1150.0,1300.0,1300.0,1250.0,1300.0,1325.0,1350.0,1295.0,1200.0,1250.0,1250.0,1350.0,1350.0,1350.0,1300.0,1300.0,1350.0,1300.0,1375.0,1400.0,1400.0,1425.0,1500.0,1400.0,1500.0,1425.0,1400.0,1450.0,1350.0,1450.0,1450.0,1450.0,1450.0,1425.0,1425.0,1500.0,1500.0,1550.0,1550.0,1500.0,1500.0,1450.0,1500.0,1500.0,1450.0,1500.0,1500.0,1500.0,1550.0,1500.0,1595.0,1570.0,1500.0,1500.0,1549.0,1595.0,1550.0,1505.0,1550.0,1650.0,1580.0,1525.0,1525.0,1575.0,1550.0,1500.0,1625.0,1550.0,1550.0,1550.0,1550.0,1575.0,1600.0,1595.0,1600.0,1595.0,1600.0,1600.0,1625.0,1648.0,1700.0,1750.0,1530.0,1600.0,1649.0,1575.0,1600.0,1645.0,1649.0,1500.0,1475.0,1499.0,1500.0,1575.0,1500.0,1500.0,1594.0,1525.0,1500.0,1590.0,1575.0,1599.0,1615.0,1599.0,1600.0,1600.0,1745.0,1750.0,1625.0,1700.0,1800.0,1750.0,1750.0,1699.0,1700.0,1700.0,1650.0,1600.0,1800.0,1800.0,1900.0,1900.0,2100.0,2000.0,2000.0,1840.0,1799.0,1704.0,1704.0,1999.0,1749.0,1900.0,2100.0,2000.0,2000.0,1749.0,1800.0,1800.0,2000.0,2000.0,1899.0,1961.0,1925.0,1950.0,1900.0,2099.0,2099.0,2099.0,2099.0,1995.0,2000.0,2199.0,2099.0,2050.0,1875.0,2150.0,1950.0,2025.0,1900.0
Bergen Beach,Brooklyn,neighborhood,,,,,,,,,,,,,,1000.0,,,,,,,,,,,,,,,,,,,,,,,,,1100.0,1100.0,,,1200.0,1200.0,,,,,,,,,,,,1500.0,1200.0,1150.0,1150.0,1100.0,1100.0,1100.0,1300.0,1100.0,1100.0,1350.0,,,,,,,,,1400.0,1500.0,1500.0,1500.0,1500.0,1500.0,,1400.0,1400.0,1400.0,1650.0,1350.0,1375.0,1400.0,1400.0,1400.0,1350.0,,,1500.0,1500.0,1500.0,1500.0,,1475.0,1475.0,1475.0,1495.0,1475.0,1500.0,1500.0,1700.0,1650.0,1400.0,1650.0,1500.0,1500.0,1500.0,1500.0,1699.0,,,1699.0,1699.0,1695.0,1800.0,,2500.0,2500.0,,,,1500.0,3150.0,1500.0,1400.0,1500.0,1500.0,1500.0,1500.0,1500.0,1600.0,1500.0,1500.0,,1600.0,1700.0,1744.0,1750.0,1500.0,1700.0,1700.0,1500.0,1650.0,,1575.0,1600.0,1850.0,1600.0,1600.0,1700.0,,,,1900.0,1800.0,1995.0,1650.0,2000.0,1900.0,1850.0,2000.0,2000.0,1600.0,1600.0,,1750.0,1800.0,1880.0,,1795.0,1800.0,1800.0,2573.0,,,,,,,1998.0,,2404.0,,1900.0,1900.0,,,2200.0,2200.0,2200.0,,,1995.0,1995.0,2395.0
Boerum Hill,Brooklyn,neighborhood,1800.0,1875.0,1800.0,1950.0,2100.0,2360.0,2360.0,2360.0,2100.0,2100.0,2200.0,2000.0,2100.0,2000.0,2300.0,2300.0,2750.0,2200.0,1975.0,2000.0,2200.0,2200.0,2650.0,4000.0,2300.0,2300.0,2350.0,2200.0,2300.0,2300.0,2350.0,2595.0,2450.0,2400.0,2300.0,3000.0,2500.0,2500.0,2700.0,2600.0,2600.0,2600.0,2400.0,2750.0,2400.0,2400.0,2500.0,2300.0,2200.0,2250.0,2500.0,2535.0,2608.0,2700.0,2500.0,2500.0,2600.0,2500.0,2600.0,2650.0,2650.0,2750.0,2785.0,2600.0,2525.0,2700.0,2650.0,2600.0,2700.0,2600.0,2600.0,2500.0,2700.0,2695.0,2695.0,2550.0,2650.0,2875.0,2520.0,2520.0,2520.0,2520.0,2500.0,2475.0,2600.0,2800.0,2800.0,2788.0,2600.0,2700.0,2695.0,2800.0,2800.0,2700.0,2650.0,2700.0,2400.0,2500.0,2500.0,2650.0,2800.0,2700.0,2700.0,2800.0,2750.0,2600.0,2500.0,2500.0,2499.0,2595.0,2800.0,2750.0,2795.0,2850.0,2800.0,2800.0,2800.0,2800.0,2850.0,2700.0,2850.0,2550.0,2988.0,2600.0,2650.0,2650.0,2655.0,2650.0,2600.0,2550.0,2500.0,2500.0,2450.0,2450.0,2425.0,2400.0,2575.0,2550.0,2600.0,2500.0,2600.0,2900.0,2900.0,2900.0,3200.0,3000.0,2950.0,3175.0,3400.0,3500.0,3400.0,3500.0,3500.0,3400.0,3200.0,3450.0,3500.0,3400.0,3600.0,4000.0,3995.0,4000.0,3600.0,3375.0,3250.0,3100.0,3200.0,3200.0,3250.0,3300.0,3500.0,3818.0,3818.0,3800.0,3995.0,3875.0,3795.0,3750.0,3650.0,3800.0,3750.0,3950.0,3650.0,3750.0,3600.0,4000.0,4200.0,4250.0,4200.0,4250.0,4250.0,4250.0,4450.0,4250.0,4250.0,4250.0,4250.0,4300.0,4240.0,4295.0
Borough Park,Brooklyn,neighborhood,1150.0,1150.0,950.0,950.0,950.0,950.0,,990.0,,1150.0,1150.0,1150.0,1150.0,1100.0,1100.0,1100.0,1100.0,1200.0,1200.0,1100.0,1200.0,1175.0,1175.0,1175.0,1200.0,1150.0,1100.0,1100.0,1200.0,1200.0,1295.0,1300.0,1400.0,1250.0,1150.0,1175.0,1175.0,,1300.0,1300.0,1475.0,1475.0,1350.0,1350.0,1350.0,1200.0,1200.0,1250.0,1250.0,1350.0,1300.0,1300.0,1375.0,1350.0,1350.0,1350.0,1500.0,1450.0,1350.0,1400.0,1350.0,1500.0,1450.0,1495.0,1475.0,1475.0,1475.0,1450.0,1399.0,1499.0,1500.0,1400.0,1425.0,1450.0,1350.0,1500.0,1590.0,1500.0,1425.0,1590.0,1900.0,1675.0,1599.0,1650.0,2077.0,1650.0,1590.0,1650.0,1585.0,1575.0,1550.0,1550.0,1500.0,1500.0,1500.0,1500.0,1590.0,1500.0,1695.0,1590.0,1550.0,1625.0,1650.0,1625.0,1550.0,1549.0,1550.0,1600.0,1600.0,1600.0,1690.0,1650.0,1650.0,1600.0,1600.0,1600.0,1650.0,1600.0,1675.0,1600.0,1650.0,1600.0,1600.0,1600.0,1650.0,1600.0,1699.0,1649.0,1600.0,1600.0,1650.0,1575.0,1575.0,1500.0,1500.0,1600.0,1600.0,1600.0,1625.0,1600.0,1525.0,1600.0,1650.0,1600.0,1600.0,1600.0,1650.0,1725.0,1725.0,1750.0,1750.0,1800.0,1725.0,1700.0,1750.0,1875.0,1900.0,1897.0,1775.0,1800.0,2000.0,2195.0,1950.0,1900.0,2175.0,1800.0,1900.0,2100.0,2000.0,1942.0,1850.0,2500.0,2000.0,2000.0,1900.0,2000.0,2000.0,1850.0,1850.0,1850.0,1900.0,1900.0,1900.0,2400.0,2000.0,2150.0,2150.0,2090.0,2050.0,2095.0,2000.0,2050.0,2050.0,2050.0,2380.0,2025.0,2000.0,2109.0,2200.0,2500.0
Briarwood,Queens,neighborhood,1300.0,1350.0,1250.0,1250.0,1250.0,1250.0,1350.0,1350.0,1275.0,1275.0,1275.0,1300.0,1300.0,1300.0,1300.0,1275.0,1275.0,1275.0,1275.0,1300.0,1300.0,1100.0,1100.0,1225.0,1275.0,1275.0,1300.0,1300.0,1250.0,1250.0,1250.0,1350.0,1350.0,1350.0,1350.0,1300.0,1350.0,1350.0,1350.0,1350.0,1400.0,1400.0,1500.0,1450.0,1450.0,1400.0,1450.0,1400.0,1400.0,1400.0,1450.0,1450.0,1500.0,1575.0,1575.0,1575.0,1595.0,1550.0,1550.0,1650.0,1575.0,1450.0,1450.0,1475.0,1550.0,1695.0,1650.0,1575.0,1550.0,1625.0,1650.0,1625.0,1599.0,1650.0,1675.0,1695.0,1720.0,1695.0,1750.0,1675.0,1600.0,1625.0,1595.0,1695.0,1550.0,1550.0,1625.0,1650.0,1650.0,1625.0,1625.0,1650.0,1635.0,1700.0,1650.0,1600.0,1675.0,1695.0,1699.0,1699.0,1675.0,1699.0,1699.0,1600.0,1650.0,1649.0,1600.0,1600.0,1699.0,1650.0,1700.0,1700.0,1700.0,1750.0,1720.0,1720.0,1725.0,1725.0,1725.0,1725.0,1699.0,1750.0,1750.0,1725.0,1725.0,1725.0,1749.0,1725.0,1725.0,1725.0,1725.0,1700.0,1725.0,1700.0,1725.0,1725.0,1725.0,1725.0,1725.0,1725.0,1725.0,1725.0,1725.0,1759.0,1775.0,1760.0,1785.0,1785.0,1850.0,1800.0,1800.0,1825.0,1900.0,1850.0,1800.0,1875.0,1875.0,1880.0,1850.0,1855.0,1885.0,1900.0,1900.0,2000.0,1950.0,1900.0,1900.0,1900.0,1950.0,1900.0,1995.0,2050.0,1950.0,1950.0,1995.0,1995.0,1995.0,1995.0,2000.0,2000.0,2000.0,1995.0,1995.0,1995.0,2000.0,2100.0,2299.0,2200.0,2180.0,2200.0,2000.0,2000.0,1995.0,2175.0,2200.0,2195.0,2200.0,2200.0,2200.0,2200.0
Brighton Beach,Brooklyn,neighborhood,1275.0,1275.0,1275.0,1275.0,,950.0,950.0,1275.0,1275.0,1250.0,1250.0,1250.0,1250.0,1250.0,1250.0,1250.0,1450.0,1250.0,1250.0,1250.0,1300.0,1300.0,1700.0,1325.0,1325.0,1450.0,1150.0,1150.0,1700.0,1575.0,1575.0,1575.0,1700.0,1650.0,1700.0,1700.0,1750.0,1750.0,1400.0,1400.0,1450.0,1400.0,1400.0,1400.0,1385.0,1495.0,1495.0,1495.0,1775.0,1425.0,1850.0,1850.0,1850.0,1700.0,1595.0,1395.0,1550.0,1550.0,1695.0,1475.0,1450.0,1595.0,1750.0,1850.0,1850.0,1600.0,1595.0,1625.0,1695.0,1695.0,1750.0,1700.0,1700.0,1662.0,1825.0,1850.0,1725.0,1800.0,1800.0,1800.0,1795.0,1795.0,1749.0,1695.0,1675.0,1650.0,1850.0,1799.0,1850.0,1850.0,1850.0,1695.0,1875.0,1850.0,1850.0,1850.0,1738.0,1850.0,1738.0,1738.0,1850.0,1925.0,1900.0,1900.0,1750.0,1750.0,1750.0,1750.0,1900.0,1950.0,1850.0,1765.0,1800.0,1955.0,1975.0,1948.0,1948.0,1945.0,1898.0,1895.0,1849.0,1900.0,1900.0,1900.0,1775.0,1800.0,1800.0,1975.0,1882.0,1775.0,1750.0,1749.0,1699.0,1699.0,1695.0,1700.0,1725.0,1700.0,1750.0,1750.0,1700.0,1925.0,1915.0,1945.0,1875.0,1890.0,1850.0,1899.0,1900.0,2050.0,2000.0,2200.0,2200.0,2400.0,2299.0,2450.0,2295.0,2271.0,2495.0,2495.0,2200.0,2325.0,2464.0,2300.0,2500.0,2500.0,2350.0,2450.0,2370.0,2250.0,2400.0,2500.0,2400.0,2400.0,2300.0,2300.0,2395.0,2395.0,2300.0,2400.0,2200.0,2200.0,2475.0,2400.0,2300.0,2481.0,2575.0,2400.0,2250.0,2250.0,2300.0,2450.0,2395.0,2500.0,2500.0,2500.0,2400.0,2476.0,2401.0,2376.0
Bronx,Bronx,borough,1400.0,1475.0,1400.0,1400.0,1400.0,1400.0,1350.0,1400.0,1500.0,1350.0,1450.0,1400.0,1450.0,1450.0,1400.0,1350.0,1350.0,1299.0,1300.0,1300.0,1250.0,1243.0,1243.0,1243.0,1223.0,1295.0,1250.0,1295.0,1250.0,1250.0,1325.0,1275.0,1200.0,1300.0,1300.0,1300.0,1300.0,1300.0,1300.0,1325.0,1325.0,1275.0,1250.0,1225.0,1225.0,1195.0,1200.0,1250.0,1250.0,1200.0,1350.0,1378.0,1400.0,1525.0,1380.0,1275.0,1300.0,1325.0,1350.0,1350.0,1325.0,1350.0,1350.0,1350.0,1325.0,1325.0,1300.0,1350.0,1350.0,1350.0,1400.0,1400.0,1450.0,1450.0,1450.0,1450.0,1450.0,1450.0,1450.0,1450.0,1495.0,1495.0,1450.0,1495.0,1495.0,1495.0,1500.0,1500.0,1500.0,1500.0,1550.0,1550.0,1575.0,1575.0,1550.0,1550.0,1550.0,1595.0,1550.0,1595.0,1600.0,1555.0,1575.0,1600.0,1650.0,1600.0,1600.0,1589.0,1600.0,1600.0,1625.0,1650.0,1650.0,1625.0,1649.0,1650.0,1700.0,1675.0,1675.0,1688.0,1698.0,1700.0,1700.0,1695.0,1695.0,1699.0,1699.0,1700.0,1700.0,1700.0,1700.0,1700.0,1675.0,1675.0,1675.0,1700.0,1775.0,1750.0,1749.0,1749.0,1700.0,1700.0,1750.0,1750.0,1700.0,1750.0,1795.0,1848.0,1850.0,1829.0,1875.0,1900.0,1895.0,1850.0,1848.0,1850.0,1865.0,1925.0,1900.0,1975.0,2050.0,2395.0,2150.0,2200.0,2395.0,2275.0,2299.0,2150.0,2200.0,2277.0,2254.0,2325.0,2500.0,2425.0,2599.0,2595.0,2584.0,2583.0,2568.0,2599.0,2500.0,2315.0,2415.0,2696.0,2658.0,2600.0,2592.0,2689.0,2750.0,2800.0,2775.0,2600.0,2600.0,2775.0,2685.0,2606.0,2750.0,2800.0,2800.0,2865.0
Bronxwood,Bronx,neighborhood,,,,,,,,,,,,,,,,1000.0,1000.0,,,1050.0,1050.0,990.0,1100.0,990.0,1250.0,1150.0,1150.0,,1150.0,1150.0,1150.0,1100.0,1100.0,1275.0,1275.0,1300.0,1300.0,1300.0,1300.0,1300.0,1300.0,1300.0,1300.0,1075.0,1075.0,1075.0,1075.0,1300.0,1100.0,1099.0,1099.0,,1450.0,1325.0,1325.0,1200.0,1200.0,1250.0,1200.0,1250.0,1200.0,1250.0,1200.0,1100.0,1100.0,,1200.0,1300.0,1300.0,1300.0,1600.0,1575.0,1400.0,1300.0,1499.0,1499.0,,1600.0,,1625.0,1625.0,1450.0,1450.0,1400.0,1400.0,1425.0,1450.0,1450.0,1425.0,1450.0,1450.0,1475.0,1525.0,1450.0,1450.0,1450.0,1450.0,1600.0,1450.0,1450.0,1450.0,1550.0,1550.0,1575.0,1550.0,1595.0,1550.0,1550.0,1625.0,1565.0,1645.0,1625.0,1675.0,1700.0,1575.0,1645.0,1600.0,1600.0,1625.0,1625.0,1625.0,1620.0,1695.0,1695.0,,1550.0,1625.0,1645.0,1725.0,1500.0,1500.0,1550.0,1595.0,1525.0,1525.0,1525.0,1625.0,1600.0,1600.0,1669.0,1686.0,1649.0,1600.0,1650.0,1650.0,1650.0,1625.0,1700.0,1675.0,1695.0,1675.0,1675.0,1725.0,1695.0,1500.0,1630.0,1600.0,1675.0,1750.0,1750.0,1675.0,1550.0,1975.0,1550.0,1550.0,1550.0,1550.0,1699.0,1550.0,1550.0,1550.0,1750.0,1775.0,1775.0,1650.0,1650.0,,1726.0,1726.0,,1650.0,1737.0,1737.0,1790.0,1790.0,1795.0,,1600.0,1600.0,1850.0,1525.0,1850.0,1850.0,1700.0,1725.0,1800.0,1800.0,1800.0,1900.0,2800.0
Brooklyn,Brooklyn,borough,1951.0,1950.0,1900.0,1950.0,2000.0,2025.0,2100.0,2000.0,2100.0,2100.0,1900.0,1850.0,1879.0,1879.0,1900.0,1900.0,2000.0,2000.0,2100.0,2100.0,2220.0,2250.0,2200.0,2307.0,2300.0,2331.0,2300.0,2400.0,2300.0,2250.0,2200.0,2275.0,2400.0,2400.0,2400.0,2400.0,2300.0,2230.0,2200.0,2200.0,2250.0,2300.0,2400.0,2500.0,2500.0,2375.0,2300.0,2300.0,2300.0,2200.0,2200.0,2200.0,2400.0,2350.0,2300.0,2300.0,2215.0,2186.0,2200.0,2200.0,2275.0,2250.0,2250.0,2300.0,2200.0,2195.0,2200.0,2299.0,2300.0,2300.0,2300.0,2250.0,2300.0,2300.0,2300.0,2399.0,2395.0,2350.0,2375.0,2350.0,2350.0,2350.0,2295.0,2250.0,2250.0,2200.0,2200.0,2205.0,2200.0,2250.0,2200.0,2300.0,2300.0,2290.0,2199.0,2195.0,2200.0,2200.0,2215.0,2250.0,2250.0,2295.0,2300.0,2300.0,2300.0,2250.0,2200.0,2200.0,2280.0,2295.0,2275.0,2300.0,2300.0,2300.0,2300.0,2300.0,2350.0,2344.0,2291.0,2299.0,2395.0,2450.0,2500.0,2499.0,2450.0,2400.0,2398.0,2325.0,2250.0,2200.0,2150.0,2110.0,2100.0,2100.0,2100.0,2100.0,2180.0,2195.0,2216.0,2250.0,2300.0,2200.0,2200.0,2200.0,2300.0,2385.0,2472.0,2600.0,2699.0,2800.0,2875.0,3000.0,2999.0,2900.0,2800.0,2750.0,2850.0,2850.0,2950.0,3000.0,3000.0,3000.0,3050.0,3100.0,3045.0,3050.0,2995.0,2960.0,2995.0,3000.0,3000.0,3100.0,3130.0,3150.0,3200.0,3250.0,3216.0,3100.0,3100.0,3050.0,3150.0,3200.0,3200.0,3298.0,3300.0,3395.0,3500.0,3500.0,3500.0,3500.0,3458.0,3499.0,3500.0,3500.0,3500.0,3600.0,3653.0,3600.0,3650.0,3695.0
Brooklyn Heights,Brooklyn,neighborhood,2100.0,1975.0,1875.0,1850.0,2250.0,2200.0,2395.0,2250.0,2500.0,2200.0,2300.0,2600.0,2100.0,2500.0,2500.0,2300.0,2300.0,2300.0,2400.0,2600.0,2750.0,2850.0,2500.0,2650.0,2700.0,2700.0,2580.0,2500.0,2500.0,2500.0,2800.0,3100.0,2700.0,2700.0,2700.0,2700.0,2675.0,2700.0,3200.0,3131.0,2775.0,2800.0,2850.0,2900.0,2950.0,2900.0,2900.0,2995.0,2800.0,2800.0,2950.0,3020.0,2850.0,2695.0,2750.0,2760.0,2750.0,2800.0,2750.0,2695.0,2600.0,2600.0,2800.0,2950.0,2900.0,2800.0,2900.0,2850.0,2950.0,2950.0,2900.0,2700.0,2850.0,2800.0,2700.0,2850.0,3000.0,2900.0,2935.0,2900.0,3000.0,2964.0,2900.0,3005.0,3000.0,2850.0,2800.0,2800.0,2850.0,2950.0,2895.0,2950.0,2950.0,2928.0,3000.0,2900.0,2900.0,2870.0,2800.0,2796.0,2900.0,2900.0,2800.0,3050.0,2769.0,2995.0,3000.0,3175.0,3115.0,2995.0,3300.0,3400.0,3195.0,3000.0,3400.0,3458.0,3474.0,3500.0,3350.0,3405.0,3586.0,3357.0,3362.0,3490.0,3199.0,3000.0,2900.0,2760.0,2700.0,2650.0,2600.0,2660.0,2650.0,2650.0,2625.0,2700.0,2850.0,2800.0,2900.0,3000.0,3450.0,3500.0,3650.0,3725.0,3600.0,3766.0,3501.0,3850.0,3994.0,3993.0,3800.0,4000.0,4100.0,3876.0,3900.0,4000.0,3700.0,3800.0,3882.0,3825.0,3962.0,3995.0,3995.0,4000.0,4181.0,4000.0,4000.0,3900.0,3969.0,4167.0,4143.0,3977.0,4152.0,4057.0,4050.0,4100.0,4179.0,3900.0,4000.0,3900.0,4300.0,4171.0,4409.0,4368.0,4135.0,4300.0,4725.0,4551.0,4200.0,4100.0,3961.0,4456.0,4500.0,4700.0,4750.0,4480.0,4400.0,4600.0,4600.0,4700.0
Brookville,Queens,neighborhood,,,,,,,,,,,,,,,,,,,,,,,,,,,,,,,,,,,,,,,,,,,,,,,,,,,,,,,,,,,,,,,,,,,,,,,,,,,,,,,,,,,,,,,,,,,,,,,,,,,,,,,,,,,,,,,,,,,,,,,,,,,,,,,,,,,,,,,,,,1950.0,2000.0,,,,1650.0,1650.0,,,,,,,,,1800.0,,,,2395.0,1800.0,1800.0,,,2195.0,2195.0,,,,1650.0,,,,,,,,,,,1700.0,1700.0,,,,,,,,,,,,,,,,,,,,,
Brownsville,Brooklyn,neighborhood,,,1195.0,,,,,,,,,1500.0,1500.0,1100.0,1500.0,,,,,,1100.0,1050.0,1075.0,1050.0,1050.0,1050.0,1050.0,1100.0,1000.0,1000.0,1000.0,1000.0,1000.0,1000.0,,1250.0,1250.0,1250.0,1225.0,1225.0,1225.0,,1250.0,1125.0,1250.0,1200.0,1200.0,1200.0,1200.0,1250.0,1300.0,1300.0,1300.0,1300.0,1230.0,1230.0,856.0,1100.0,1250.0,1300.0,1300.0,1300.0,1300.0,1350.0,1395.0,1400.0,1450.0,1400.0,1350.0,1400.0,1400.0,1400.0,1400.0,1450.0,1400.0,1350.0,1400.0,1400.0,1500.0,1500.0,1450.0,1450.0,1400.0,1400.0,1400.0,1449.0,1450.0,1500.0,1495.0,1450.0,1425.0,1450.0,1500.0,1450.0,1525.0,1550.0,1550.0,1599.0,1525.0,1450.0,1500.0,1500.0,1500.0,1500.0,1450.0,1550.0,1550.0,1550.0,1500.0,1580.0,1550.0,1580.0,1699.0,1525.0,1550.0,1550.0,1600.0,1611.0,1550.0,1650.0,1575.0,1500.0,1500.0,1600.0,1595.0,1575.0,1575.0,1650.0,1600.0,1550.0,1500.0,1600.0,1600.0,1600.0,1750.0,1550.0,1574.0,1600.0,1625.0,1700.0,1900.0,1600.0,1650.0,1699.0,1625.0,1750.0,1650.0,1675.0,1670.0,1650.0,1700.0,1715.0,1695.0,1650.0,1752.0,1699.0,1700.0,1675.0,1675.0,1850.0,1695.0,1699.0,1700.0,1900.0,1899.0,1898.0,1750.0,1775.0,1750.0,1750.0,1790.0,1700.0,1899.0,1938.0,2097.0,1950.0,1850.0,1749.0,1750.0,1750.0,1875.0,1875.0,1812.0,1850.0,1775.0,1800.0,1995.0,2145.0,2250.0,2000.0,1895.0,1750.0,2100.0,2100.0,2050.0,1895.0,1850.0,2000.0,1900.0,2056.0
Bushwick,Brooklyn,neighborhood,1100.0,1400.0,1600.0,2000.0,2100.0,1500.0,1500.0,1500.0,1500.0,1500.0,1200.0,2000.0,2000.0,2000.0,2000.0,2000.0,1700.0,1700.0,1250.0,1250.0,1195.0,1500.0,1750.0,1250.0,1250.0,1250.0,1400.0,1600.0,1600.0,1725.0,1800.0,1750.0,1750.0,2100.0,2150.0,1300.0,1550.0,2400.0,2000.0,2000.0,1850.0,1800.0,1800.0,2300.0,2250.0,1995.0,2050.0,1995.0,1995.0,1950.0,1994.0,1975.0,2085.0,1900.0,1925.0,1850.0,1875.0,1900.0,1890.0,1825.0,1850.0,1850.0,1900.0,1900.0,2000.0,2050.0,2100.0,2200.0,2199.0,2050.0,2000.0,1999.0,2000.0,1999.0,2000.0,2095.0,2100.0,2099.0,2100.0,2200.0,2199.0,2199.0,2000.0,2100.0,2100.0,2100.0,2100.0,2100.0,2199.0,2195.0,2180.0,2199.0,2199.0,2100.0,2100.0,2000.0,2095.0,2000.0,2154.0,2200.0,2200.0,2225.0,2199.0,2200.0,2290.0,2295.0,2267.0,2266.0,2357.0,2377.0,2404.0,2442.0,2485.0,2400.0,2400.0,2355.0,2500.0,2650.0,2500.0,2400.0,2700.0,2750.0,2700.0,2581.0,2400.0,2395.0,2300.0,2250.0,2180.0,2092.0,2131.0,2100.0,2026.0,2050.0,2075.0,2150.0,2200.0,2250.0,2350.0,2525.0,2549.0,2600.0,2700.0,2499.0,2568.0,2600.0,2650.0,2800.0,2800.0,2850.0,2975.0,2995.0,3000.0,2900.0,2899.0,2860.0,2798.0,2799.0,2830.0,2994.0,2955.0,2995.0,3000.0,3000.0,2995.0,2900.0,2900.0,2850.0,2895.0,2895.0,2932.0,2995.0,2999.0,3000.0,2995.0,3125.0,3050.0,2950.0,2950.0,2875.0,2995.0,3100.0,3000.0,3150.0,3100.0,3000.0,3200.0,3199.0,3155.0,3095.0,2999.0,2995.0,2999.0,3100.0,3099.0,3200.0,3200.0,3200.0,3250.0,3225.0
Cambria Heights,Queens,neighborhood,,,,,,,,,,,,,,,,,,,,,,,,,,,,,,,,,,,,,,,,,,,,,,,,,,,,,,,,,,,,,,,,,,,,,,,,,,1500.0,,,1450.0,1450.0,1450.0,1450.0,1450.0,1450.0,1450.0,1450.0,1450.0,,1825.0,1825.0,1825.0,1400.0,1400.0,,,,,,,,,,,,,,,,,,,,,,,,,,,,,1750.0,,,,,2200.0,1700.0,1700.0,,,,,,,,,,,,1800.0,1800.0,,,,,,,,,,1700.0,,,,,,,,1700.0,,,,,,,,,,,,,,,,1300.0,,,,,2500.0,2500.0,,2200.0,1100.0,,,,,,,2100.0,2100.0,2100.0,,,,,,,,
Canarsie,Brooklyn,neighborhood,,1250.0,1250.0,1250.0,,,,,,1250.0,1295.0,1295.0,1250.0,1250.0,1100.0,1100.0,1100.0,1100.0,,600.0,600.0,600.0,,,,,,,,,,,1100.0,1100.0,1100.0,1395.0,1395.0,1250.0,1000.0,1000.0,,,1200.0,1200.0,1200.0,1150.0,1100.0,1199.0,1199.0,1100.0,1150.0,1200.0,1250.0,1200.0,1295.0,1450.0,1300.0,1200.0,1100.0,1100.0,1100.0,1100.0,1100.0,1300.0,1300.0,1300.0,1400.0,1500.0,1100.0,1000.0,1250.0,1300.0,1400.0,1400.0,1100.0,1300.0,1400.0,,1300.0,1300.0,1400.0,1400.0,1400.0,1400.0,1350.0,1300.0,1350.0,1300.0,1300.0,1350.0,1550.0,1450.0,1500.0,1500.0,1550.0,1600.0,1550.0,1500.0,1500.0,1500.0,1600.0,1500.0,1500.0,1300.0,1450.0,1500.0,1695.0,1695.0,1695.0,1600.0,1650.0,,1500.0,1600.0,1500.0,1695.0,1695.0,1600.0,1600.0,1500.0,1650.0,1500.0,1500.0,1600.0,1800.0,1500.0,1550.0,1600.0,1600.0,1500.0,1500.0,1600.0,1600.0,1600.0,1600.0,1450.0,1500.0,1550.0,1600.0,1600.0,1350.0,1600.0,1600.0,1600.0,1700.0,1715.0,1650.0,1500.0,1600.0,1700.0,1700.0,1850.0,1750.0,1950.0,1800.0,1800.0,1800.0,1900.0,1800.0,1950.0,1900.0,1750.0,1800.0,2000.0,1600.0,2200.0,2100.0,1950.0,1950.0,1950.0,2200.0,1800.0,2050.0,2000.0,1700.0,1700.0,1800.0,1800.0,1700.0,2000.0,1850.0,1800.0,1850.0,1850.0,2100.0,2300.0,2400.0,2100.0,1950.0,2195.0,2195.0,2300.0,1950.0,1995.0,2000.0,1995.0,1895.0,2395.0,2395.0,2600.0
Carroll Gardens,Brooklyn,neighborhood,1950.0,2100.0,2000.0,1800.0,2000.0,2100.0,2100.0,2050.0,2100.0,2150.0,1950.0,2100.0,2100.0,2000.0,2100.0,2250.0,2500.0,2500.0,2400.0,2500.0,2350.0,2100.0,2350.0,2400.0,2400.0,2400.0,2400.0,2350.0,2550.0,2500.0,2400.0,2500.0,2600.0,2500.0,2500.0,2500.0,2400.0,2400.0,2500.0,2500.0,2400.0,2600.0,2500.0,2600.0,2650.0,2500.0,2600.0,2600.0,2450.0,2400.0,2500.0,2500.0,2600.0,2500.0,2600.0,2700.0,2600.0,2600.0,2500.0,2500.0,2600.0,2600.0,2600.0,2550.0,2650.0,2650.0,2600.0,2500.0,2650.0,2650.0,2600.0,2500.0,2500.0,2500.0,2500.0,2600.0,2550.0,2600.0,2600.0,2600.0,2600.0,2600.0,2500.0,2500.0,2500.0,2400.0,2500.0,2600.0,2500.0,2500.0,2500.0,2500.0,2500.0,2500.0,2490.0,2550.0,2600.0,2500.0,2500.0,2500.0,2500.0,2680.0,2600.0,2595.0,2500.0,2600.0,2600.0,2695.0,2500.0,2500.0,2500.0,2600.0,2600.0,2550.0,2756.0,2700.0,2800.0,2800.0,2850.0,2875.0,2800.0,2800.0,2700.0,2750.0,2600.0,2650.0,2525.0,2500.0,2499.0,2375.0,2300.0,2325.0,2350.0,2390.0,2375.0,2400.0,2500.0,2500.0,2600.0,2700.0,2600.0,2750.0,2600.0,2850.0,2925.0,2900.0,2900.0,3200.0,3199.0,3200.0,3400.0,3000.0,3195.0,3100.0,3300.0,3000.0,3100.0,3200.0,3100.0,3500.0,3550.0,3800.0,3750.0,3495.0,3400.0,3200.0,3400.0,3500.0,3450.0,3500.0,3500.0,3300.0,3500.0,3450.0,3500.0,3500.0,3500.0,3799.0,3350.0,3700.0,3700.0,3500.0,3650.0,3595.0,3900.0,3850.0,3700.0,3895.0,3995.0,3900.0,3800.0,3700.0,3600.0,4250.0,3900.0,3800.0,3700.0,4000.0,4300.0,4200.0
Castle Hill,Bronx,neighborhood,,,,,,,,,,,,,,,,,,,,,,,,,,,,,,,,1295.0,1285.0,1285.0,1285.0,1285.0,,1250.0,1150.0,1150.0,,,,,,,,,,,,,,,,,,,,1400.0,1400.0,1385.0,1300.0,1213.0,1450.0,1300.0,1300.0,1175.0,1500.0,1300.0,1300.0,1450.0,1450.0,1425.0,1200.0,1200.0,1450.0,1475.0,1450.0,1450.0,1450.0,1450.0,1475.0,1475.0,1450.0,1450.0,1450.0,1495.0,1495.0,1495.0,1525.0,1500.0,1600.0,1600.0,1600.0,1600.0,1600.0,1650.0,1539.0,1539.0,1500.0,1500.0,1550.0,1500.0,1500.0,,,,,,1550.0,1550.0,1750.0,1750.0,1500.0,,1798.0,1725.0,1695.0,,,1500.0,,,,,,,,,,,,,1795.0,1795.0,1795.0,1795.0,,1695.0,,,1895.0,1550.0,,,,1515.0,,,1950.0,,1650.0,1600.0,1600.0,1725.0,1895.0,,,1995.0,1925.0,,,,,,,,1800.0,1800.0,1650.0,1650.0,,2495.0,2495.0,,1810.0,1810.0,,,,2025.0,2027.0,1670.0,,2295.0,1995.0,,1900.0,,,1820.0,,,,,1900.0,1850.0,,
Central Harlem,Manhattan,neighborhood,1600.0,1650.0,1600.0,1516.0,1595.0,1500.0,1500.0,1500.0,1500.0,1575.0,1550.0,1500.0,1500.0,1500.0,1608.0,1695.0,1750.0,1700.0,1750.0,1750.0,1800.0,1750.0,1790.0,1800.0,1650.0,1700.0,1775.0,1695.0,1675.0,1650.0,1700.0,1895.0,1820.0,1795.0,1750.0,1695.0,1695.0,1700.0,1770.0,1745.0,1700.0,1750.0,1800.0,1900.0,1900.0,1800.0,1800.0,1795.0,1795.0,1775.0,1750.0,1850.0,1800.0,1800.0,1800.0,1800.0,1850.0,1900.0,1899.0,1850.0,1950.0,1995.0,2000.0,2000.0,1995.0,2008.0,2000.0,2000.0,1950.0,1975.0,2000.0,2000.0,2075.0,2050.0,2150.0,2150.0,2125.0,2150.0,2175.0,2100.0,2100.0,2150.0,2100.0,2125.0,2150.0,2100.0,2100.0,2095.0,2100.0,2100.0,2125.0,2200.0,2150.0,2100.0,2000.0,2100.0,2175.0,2200.0,2200.0,2250.0,2250.0,2200.0,2250.0,2175.0,2100.0,2099.0,2100.0,2100.0,2150.0,2100.0,2100.0,2200.0,2300.0,2325.0,2300.0,2300.0,2300.0,2200.0,2195.0,2199.0,2200.0,2295.0,2295.0,2295.0,2275.0,2300.0,2200.0,2150.0,2100.0,2000.0,2015.0,1995.0,1990.0,2000.0,2000.0,2000.0,2075.0,2100.0,2150.0,2195.0,2275.0,2200.0,2100.0,2100.0,2250.0,2300.0,2359.0,2325.0,2395.0,2500.0,2622.0,2600.0,2500.0,2500.0,2495.0,2500.0,2550.0,2650.0,2700.0,2700.0,2650.0,2695.0,2625.0,2600.0,2595.0,2550.0,2500.0,2550.0,2590.0,2600.0,2650.0,2895.0,2900.0,2850.0,2800.0,2700.0,2800.0,2700.0,2700.0,2827.0,2700.0,2700.0,2749.0,2822.0,2900.0,3100.0,3295.0,3295.0,3333.0,3250.0,3200.0,3150.0,3150.0,2975.0,3100.0,3295.0,3250.0,3278.0,3300.0,3254.0
Central Park South,Manhattan,neighborhood,4850.0,4600.0,5000.0,5500.0,5000.0,5500.0,5250.0,5350.0,5650.0,5400.0,5200.0,4800.0,4500.0,5000.0,5000.0,5500.0,6500.0,5500.0,5000.0,5000.0,6250.0,5750.0,6500.0,6500.0,6500.0,6500.0,5995.0,5500.0,5500.0,5500.0,6250.0,5500.0,6000.0,5800.0,6000.0,5750.0,6200.0,6200.0,6350.0,6000.0,6650.0,6500.0,7000.0,6500.0,7000.0,6900.0,5950.0,6400.0,6495.0,5995.0,5475.0,5475.0,6400.0,5850.0,5500.0,6300.0,6500.0,6500.0,6000.0,6400.0,6850.0,6950.0,6995.0,6600.0,6900.0,6500.0,6750.0,7000.0,7050.0,7850.0,7500.0,7500.0,7290.0,7290.0,7000.0,6995.0,6250.0,6900.0,6900.0,6500.0,6500.0,6500.0,6500.0,6500.0,7000.0,6900.0,6500.0,5950.0,6350.0,6500.0,6500.0,6900.0,7000.0,6600.0,6500.0,6500.0,6250.0,6500.0,6200.0,6500.0,6000.0,6200.0,6750.0,6750.0,6950.0,6950.0,7500.0,7500.0,7000.0,6900.0,6000.0,6000.0,5600.0,5700.0,5800.0,5995.0,5995.0,6462.0,6500.0,6500.0,6600.0,6785.0,6000.0,6400.0,5900.0,5950.0,5000.0,5169.0,5000.0,5500.0,5000.0,5000.0,4900.0,6000.0,5995.0,5900.0,5900.0,6000.0,5950.0,6000.0,6000.0,6995.0,6900.0,7450.0,6900.0,6900.0,7450.0,7450.0,7450.0,7000.0,7995.0,7450.0,7500.0,7450.0,7450.0,6595.0,6500.0,6200.0,6200.0,6000.0,6750.0,6995.0,6995.0,7000.0,7200.0,6800.0,6000.0,7000.0,7000.0,7000.0,7000.0,6000.0,7000.0,6900.0,5800.0,5900.0,6200.0,5995.0,6200.0,7500.0,6200.0,5750.0,6000.0,7500.0,6200.0,6500.0,6500.0,7000.0,6700.0,8000.0,7500.0,9100.0,6400.0,9250.0,9000.0,9000.0,8000.0,9250.0,10000.0,9250.0
Chelsea,Manhattan,neighborhood,3150.0,3225.0,3050.0,2995.0,3000.0,3000.0,3050.0,3200.0,3400.0,3350.0,3300.0,3225.0,3200.0,3200.0,3250.0,3400.0,3300.0,3500.0,3395.0,3400.0,3450.0,3600.0,3580.0,3500.0,3400.0,3495.0,3500.0,3600.0,3600.0,3700.0,3560.0,3500.0,3595.0,3500.0,3700.0,3775.0,3550.0,3594.0,3600.0,3725.0,3700.0,3500.0,3650.0,3775.0,3800.0,3845.0,3650.0,3700.0,3740.0,3600.0,3700.0,3795.0,3950.0,3850.0,3700.0,3795.0,3830.0,3795.0,3715.0,3785.0,3855.0,3800.0,3850.0,3975.0,3995.0,3995.0,3985.0,4066.0,4000.0,4094.0,3975.0,4000.0,3995.0,3950.0,3960.0,4055.0,4100.0,4200.0,4025.0,3995.0,4036.0,3950.0,3995.0,3900.0,3950.0,3955.0,3955.0,3955.0,3995.0,3950.0,3870.0,3950.0,3875.0,3939.0,3937.0,3872.0,3950.0,3955.0,3995.0,3800.0,3695.0,3944.0,3913.0,4100.0,4170.0,4042.0,4000.0,4029.0,4200.0,4350.0,4202.0,4241.0,4300.0,4494.0,4445.0,4495.0,4329.0,4345.0,4300.0,4212.0,4212.0,4430.0,4500.0,4329.0,4029.0,3869.0,3667.0,3500.0,3350.0,3400.0,3269.0,3400.0,3400.0,3500.0,3695.0,3650.0,3800.0,4200.0,4250.0,4250.0,4857.0,4849.0,4939.0,4895.0,5002.0,4950.0,5110.0,5340.0,5355.0,5363.0,5270.0,5195.0,5168.0,5134.0,5075.0,5000.0,4950.0,5100.0,5046.0,5120.0,5450.0,5395.0,5352.0,5350.0,5300.0,5170.0,5026.0,5204.0,5495.0,5495.0,5500.0,5310.0,5495.0,5551.0,5454.0,5450.0,5500.0,5489.0,5530.0,5545.0,5518.0,5670.0,5700.0,5799.0,5850.0,5849.0,5859.0,5875.0,5850.0,5750.0,5516.0,5750.0,5895.0,6182.0,6295.0,6075.0,6196.0,6197.0,6190.0,6278.0
Chinatown,Manhattan,neighborhood,2295.0,2295.0,1700.0,1700.0,1495.0,1650.0,1650.0,1700.0,1900.0,1850.0,1900.0,2950.0,2950.0,2950.0,1800.0,1800.0,1900.0,2500.0,2300.0,2200.0,2500.0,2050.0,1450.0,2200.0,2200.0,2495.0,2100.0,2100.0,2550.0,2250.0,2000.0,2500.0,2500.0,2700.0,2500.0,2350.0,2395.0,2700.0,2700.0,2600.0,2600.0,2700.0,2700.0,2600.0,2500.0,2700.0,2500.0,2500.0,2900.0,2400.0,2395.0,2600.0,2550.0,2495.0,2400.0,2400.0,2400.0,2450.0,2600.0,2550.0,2500.0,2500.0,2250.0,2250.0,2500.0,2450.0,2450.0,2900.0,2700.0,2500.0,2350.0,2295.0,2200.0,2100.0,2200.0,2200.0,2200.0,2300.0,2490.0,2400.0,2700.0,2400.0,2500.0,2400.0,2400.0,2200.0,2299.0,2500.0,2400.0,2350.0,2400.0,2200.0,2400.0,2500.0,2400.0,2475.0,2400.0,2100.0,2277.0,2199.0,2000.0,2225.0,2400.0,2300.0,2250.0,2200.0,2425.0,2300.0,2250.0,2200.0,2300.0,2200.0,2300.0,2300.0,2566.0,2380.0,2300.0,2350.0,2300.0,2700.0,2250.0,2350.0,2495.0,2395.0,2450.0,2299.0,2200.0,2200.0,2036.0,1900.0,1833.0,1850.0,1895.0,2000.0,2000.0,2000.0,2100.0,2000.0,2100.0,2100.0,2500.0,2495.0,2625.0,2450.0,2800.0,2500.0,2500.0,2500.0,2599.0,2850.0,2800.0,2645.0,2849.0,3000.0,2550.0,2700.0,2400.0,2495.0,2850.0,2900.0,2949.0,2700.0,3000.0,2900.0,2675.0,2800.0,2650.0,2700.0,2650.0,2300.0,2500.0,2700.0,2700.0,2500.0,2850.0,2850.0,2700.0,2650.0,2740.0,2700.0,2800.0,2600.0,2900.0,2900.0,3095.0,3025.0,3000.0,3000.0,3500.0,3500.0,3800.0,3495.0,3200.0,4000.0,3900.0,3495.0,3350.0,3400.0,3795.0,3100.0
City Island,Bronx,neighborhood,,,,,,,,,,,,,,,,,,,,,,,,,,,,,,,,,,,,,,,,,,,,,,,,,,,,,,,,,,,,,1295.0,1295.0,1295.0,1295.0,1195.0,,,,,,,,,,1400.0,2300.0,2300.0,2350.0,2100.0,2100.0,,,,,2100.0,2100.0,2100.0,2100.0,2100.0,1500.0,1500.0,,,,,,,,,,,,,,,,1495.0,1395.0,1295.0,1295.0,,1395.0,1395.0,,1600.0,,,1260.0,,1395.0,1395.0,1270.0,,1750.0,,1750.0,1700.0,,,,,,,,,,,,,,,,1260.0,1271.0,,,1695.0,,,,,,,,,,,,,,,,,,,,,,,,,,,,,,,1600.0,1600.0,,,,,,,,,4500.0,,,,,1575.0,1550.0,1550.0,,,,,
Civic Center,Manhattan,neighborhood,,,,,,,,,,,,,,,,,,,,,,,,,,,2295.0,2195.0,2175.0,2550.0,2550.0,2000.0,2000.0,2000.0,,,,,,,,,,,,,,,,,,,,,,,,,2850.0,2850.0,2850.0,2850.0,,,,,2900.0,2900.0,2900.0,,,,,,,,,,2950.0,2950.0,2800.0,2800.0,2800.0,2800.0,2800.0,,,,,3575.0,,,,,,,,,,,3400.0,,,,,,,,,,,3666.0,3500.0,3500.0,,2900.0,,,,,,,,,,,3700.0,3700.0,3500.0,3500.0,3500.0,,,,,,,,3900.0,,,,,,,,,,,,,,,,,,,,,,,,,,,,,,,,,,,,,,,,,,,,,,,,,,,,,,,,,,,,,4000.0
Clearview,Queens,neighborhood,1865.0,1865.0,1865.0,1865.0,1865.0,1865.0,1865.0,1865.0,1865.0,1865.0,1865.0,1865.0,1865.0,1865.0,1865.0,1865.0,1865.0,1865.0,1865.0,1865.0,1865.0,1865.0,1865.0,1865.0,1865.0,,,,,,,,,,,,,,,,,,,,,,,,,,,,,,,,,,,,,,,,,,,,,,,,,,,,,,,,,,,,,,,,,,,,,,,,,,,,,,,,,,,,,,,,,,,1995.0,1899.0,1865.0,,,2100.0,,,,1950.0,1945.0,,,2095.0,,,,1880.0,,,,,,,,,,2195.0,2195.0,,2295.0,2150.0,2150.0,2095.0,2150.0,,2350.0,2350.0,,1895.0,2095.0,2350.0,2350.0,,2395.0,2395.0,,,1550.0,2195.0,2445.0,2400.0,2200.0,,2000.0,2395.0,2600.0,2575.0,2650.0,,,2600.0,2499.0,2595.0,2295.0,2195.0,2195.0,2695.0,2625.0,2475.0,2775.0,,,,2415.0,2650.0,1700.0,,,,,,2695.0,,
Clinton Hill,Brooklyn,neighborhood,1750.0,1675.0,1750.0,1750.0,1800.0,1625.0,1675.0,1800.0,1895.0,1850.0,1810.0,1810.0,1800.0,1898.0,1973.0,1950.0,2059.0,2008.0,2000.0,2300.0,2495.0,2525.0,2071.0,2000.0,2250.0,2250.0,2465.0,2400.0,2500.0,2300.0,2150.0,2575.0,2925.0,2575.0,2300.0,2300.0,2250.0,2200.0,2400.0,2300.0,2300.0,2350.0,2200.0,2295.0,2350.0,2350.0,2250.0,2350.0,2100.0,2400.0,2228.0,2294.0,2450.0,2500.0,2500.0,2500.0,2500.0,2495.0,2450.0,2450.0,2450.0,2350.0,2300.0,2350.0,2430.0,2400.0,2400.0,2450.0,2450.0,2375.0,2375.0,2325.0,2400.0,2325.0,2400.0,2445.0,2500.0,2500.0,2530.0,2500.0,2495.0,2450.0,2485.0,2400.0,2400.0,2400.0,2400.0,2400.0,2500.0,2500.0,2500.0,2491.0,2450.0,2400.0,2400.0,2455.0,2455.0,2500.0,2500.0,2500.0,2600.0,2500.0,2600.0,2600.0,2500.0,2500.0,2495.0,2400.0,2572.0,2635.0,2650.0,2635.0,2899.0,2800.0,2835.0,2800.0,2850.0,2837.0,2700.0,2700.0,2795.0,2800.0,2773.0,2798.0,2695.0,2600.0,2500.0,2400.0,2399.0,2400.0,2200.0,2200.0,2275.0,2400.0,2461.0,2450.0,2600.0,2575.0,2600.0,2650.0,2695.0,2900.0,2690.0,2795.0,2900.0,3000.0,3190.0,3150.0,3250.0,3400.0,3400.0,3391.0,3500.0,3500.0,3425.0,3400.0,3506.0,3514.0,3550.0,3750.0,3750.0,3550.0,3600.0,3700.0,3800.0,3645.0,3499.0,3500.0,3575.0,3500.0,3600.0,3700.0,3700.0,3683.0,3730.0,3695.0,3629.0,3500.0,3401.0,3400.0,3608.0,3608.0,3775.0,3800.0,3800.0,3750.0,3800.0,3750.0,3850.0,3750.0,3695.0,3800.0,3583.0,3795.0,3895.0,3950.0,3875.0,3800.0,3895.0,3950.0
Co-op City,Bronx,neighborhood,,,,,,,,,,,,,,,,,,,,,,,,,,,,,,,,,,,,,,,,,,,,,,,,,,,,,,,,,,,,,,,,,,,,,,,,,,,,,,,,,,,,,,,,,,,,,,,,,,,,,,,,,,,,,,,,,,,,,,,,,,,,,,,,,,,,,,,,,,,,,,,,,,,,,,,,,,,,,,,,,,,1700.0,1700.0,1700.0,,,,,,,,,,,,,,,,,,,,,,,,,,,,,,,,,,,
Cobble Hill,Brooklyn,neighborhood,1900.0,1900.0,1900.0,1950.0,2200.0,2200.0,2400.0,2400.0,2385.0,2385.0,2150.0,2300.0,2300.0,1900.0,2500.0,2345.0,2500.0,2600.0,2600.0,2800.0,3000.0,2950.0,2500.0,2100.0,2750.0,2750.0,2300.0,2600.0,2500.0,2325.0,2325.0,2540.0,2700.0,2500.0,2600.0,2640.0,2500.0,2550.0,2550.0,2350.0,2600.0,2500.0,2600.0,2600.0,2725.0,2700.0,2500.0,2400.0,2500.0,2600.0,2400.0,2400.0,2600.0,2700.0,2800.0,2600.0,2750.0,2700.0,2700.0,2500.0,2600.0,2700.0,2650.0,2900.0,2600.0,2550.0,2600.0,2800.0,2850.0,2600.0,2650.0,2500.0,2700.0,2700.0,2700.0,2700.0,2900.0,2800.0,2600.0,2700.0,2650.0,2700.0,2650.0,2650.0,2650.0,2600.0,2500.0,2450.0,2507.0,2507.0,2500.0,2600.0,2650.0,2700.0,2600.0,2450.0,2500.0,2595.0,2500.0,2800.0,2750.0,2800.0,2750.0,2800.0,2750.0,2600.0,2850.0,2700.0,2600.0,3148.0,2800.0,2700.0,2950.0,2700.0,2500.0,2750.0,2850.0,2800.0,2875.0,2770.0,2740.0,3000.0,2900.0,3120.0,2950.0,3000.0,2800.0,2500.0,2500.0,2400.0,2450.0,2500.0,2500.0,2500.0,2600.0,2500.0,2600.0,2500.0,2600.0,2900.0,3100.0,2800.0,2800.0,2800.0,2840.0,3000.0,2950.0,3300.0,3200.0,3250.0,3500.0,3750.0,3600.0,3500.0,3600.0,3500.0,3200.0,3000.0,2875.0,3500.0,3300.0,3300.0,3800.0,3800.0,4000.0,3400.0,3500.0,3500.0,3500.0,3350.0,4000.0,3200.0,3250.0,3300.0,3250.0,3350.0,3495.0,3500.0,3950.0,3200.0,3250.0,3500.0,3500.0,4000.0,3500.0,3500.0,3750.0,3800.0,3600.0,3800.0,3800.0,3800.0,4000.0,3600.0,3950.0,3900.0,4375.0,4250.0,4250.0,3900.0
College Point,Queens,neighborhood,,,,,,,,,,,,,,,,,,,,,,,,,,1450.0,,,1450.0,1450.0,1450.0,1450.0,,,,,,,,,,,1650.0,1650.0,1400.0,1400.0,1650.0,1650.0,1650.0,1650.0,1150.0,1700.0,1700.0,1600.0,1600.0,2000.0,2000.0,2000.0,2000.0,1550.0,1500.0,,1400.0,1400.0,,,,1400.0,,,,,,,1500.0,2100.0,2000.0,2000.0,2000.0,1550.0,1550.0,2000.0,2000.0,1500.0,1800.0,1350.0,1300.0,,1900.0,1900.0,1900.0,1350.0,1300.0,1300.0,1750.0,,,,1300.0,1300.0,,1700.0,1450.0,,,1500.0,1500.0,1750.0,,,1750.0,1750.0,,1650.0,1600.0,1500.0,1500.0,,1500.0,1400.0,1500.0,,,,,,1600.0,1400.0,,1750.0,1750.0,,1500.0,1400.0,,2300.0,1450.0,1400.0,1375.0,1500.0,1500.0,1500.0,1500.0,1500.0,1900.0,1600.0,1900.0,1900.0,1800.0,1800.0,2000.0,1999.0,1600.0,1550.0,1550.0,,2000.0,,1795.0,1750.0,2100.0,1700.0,1550.0,1700.0,1700.0,1900.0,1900.0,1900.0,,,1700.0,2000.0,1850.0,1550.0,,,,,1900.0,1750.0,1750.0,2000.0,2000.0,2800.0,2000.0,2000.0,2000.0,1500.0,,,2000.0,2200.0,2000.0,,2700.0,1600.0,2000.0,2300.0,2000.0,2000.0
Columbia St Waterfront District,Brooklyn,neighborhood,1700.0,1900.0,1875.0,1800.0,1800.0,2250.0,,2400.0,1700.0,1800.0,1750.0,1700.0,1750.0,1700.0,1700.0,1800.0,1700.0,1900.0,2150.0,1850.0,2200.0,2000.0,2000.0,1900.0,1950.0,2200.0,2200.0,2200.0,1800.0,1800.0,1800.0,2400.0,2250.0,1850.0,2100.0,2000.0,2000.0,2000.0,1900.0,2250.0,2300.0,2500.0,2450.0,2400.0,2000.0,2100.0,2200.0,2100.0,2100.0,2400.0,2700.0,2600.0,2700.0,2400.0,2100.0,2100.0,2100.0,1950.0,1900.0,2100.0,2300.0,2200.0,2200.0,2200.0,2100.0,2200.0,2200.0,2250.0,2350.0,2300.0,2300.0,2395.0,2500.0,2500.0,2895.0,2300.0,2300.0,2395.0,2300.0,2350.0,2399.0,2250.0,2250.0,2200.0,2195.0,2200.0,2200.0,2200.0,2300.0,2300.0,2300.0,2350.0,2400.0,2350.0,2400.0,2500.0,2300.0,2300.0,2270.0,2300.0,2500.0,2750.0,2700.0,2300.0,2575.0,2375.0,2500.0,2500.0,2500.0,2500.0,2475.0,2400.0,2400.0,2310.0,2650.0,2600.0,2400.0,2295.0,2625.0,2400.0,2400.0,2500.0,2750.0,2700.0,2600.0,2500.0,2500.0,2500.0,2300.0,2300.0,2250.0,2250.0,2200.0,2200.0,2300.0,2300.0,2200.0,2300.0,2500.0,2300.0,2900.0,2550.0,2550.0,2800.0,2500.0,2500.0,2000.0,2700.0,2700.0,3000.0,3000.0,3000.0,3000.0,2750.0,3000.0,3000.0,2595.0,2750.0,2750.0,2550.0,2800.0,3200.0,3300.0,3200.0,3200.0,3350.0,2800.0,2850.0,2900.0,3500.0,3200.0,3000.0,2950.0,2800.0,2800.0,2800.0,2895.0,3000.0,3000.0,2800.0,2750.0,3300.0,3775.0,3500.0,3700.0,3500.0,3500.0,3450.0,3500.0,3295.0,3475.0,3500.0,3400.0,3600.0,4000.0,3900.0,3000.0,4500.0,3200.0,3000.0
Concourse,Bronx,neighborhood,1100.0,1150.0,1150.0,1150.0,1200.0,1050.0,1050.0,950.0,900.0,1200.0,1250.0,1050.0,1150.0,1150.0,,1200.0,1300.0,1299.0,1075.0,1325.0,1075.0,1000.0,1100.0,1100.0,1250.0,1250.0,1200.0,1200.0,1200.0,1275.0,1400.0,1300.0,1300.0,1300.0,1325.0,1325.0,1350.0,1325.0,1300.0,1300.0,1300.0,1300.0,1500.0,1300.0,1200.0,1350.0,1350.0,1395.0,1350.0,1325.0,1402.0,1371.0,1395.0,1150.0,1300.0,1260.0,1250.0,1350.0,1295.0,1248.0,1280.0,1280.0,1250.0,1275.0,1300.0,1350.0,1300.0,1350.0,1350.0,1350.0,1300.0,1300.0,1300.0,1300.0,1350.0,1350.0,1395.0,1425.0,1450.0,1450.0,1495.0,1495.0,1450.0,1450.0,1495.0,1400.0,1400.0,1499.0,1500.0,1500.0,1500.0,1500.0,1535.0,1595.0,1500.0,1459.0,1500.0,1500.0,1450.0,1450.0,1650.0,1675.0,1675.0,1550.0,1525.0,1550.0,1595.0,1553.0,1550.0,1554.0,1575.0,1595.0,1625.0,1624.0,1600.0,1636.0,1636.0,1636.0,1636.0,1650.0,1675.0,1750.0,1700.0,1775.0,1699.0,1698.0,1650.0,1695.0,1699.0,1650.0,1625.0,1550.0,1600.0,1600.0,1650.0,1675.0,1650.0,1650.0,1650.0,1650.0,1650.0,1625.0,1700.0,1650.0,1695.0,1695.0,1750.0,1725.0,1750.0,1695.0,1750.0,1779.0,1750.0,1650.0,1795.0,1795.0,1775.0,1775.0,1800.0,1850.0,1750.0,1695.0,1895.0,1900.0,1995.0,1990.0,1895.0,1850.0,1950.0,1995.0,1725.0,1995.0,2325.0,2250.0,2029.0,1875.0,1950.0,1950.0,1950.0,1897.0,2119.0,2395.0,2195.0,2350.0,2095.0,2275.0,2275.0,2195.0,2250.0,2100.0,2000.0,2100.0,2100.0,2000.0,2050.0,2100.0,2300.0,3100.0,3219.0,3219.0
Coney Island,Brooklyn,neighborhood,1250.0,,,,,,,,,,,,,1100.0,,,,,,,,,,1575.0,1495.0,1495.0,1395.0,1550.0,1495.0,1495.0,,1395.0,1395.0,1400.0,1400.0,1500.0,1450.0,1400.0,1550.0,1550.0,1475.0,1475.0,1475.0,1600.0,1475.0,1475.0,1475.0,1475.0,1575.0,1600.0,1500.0,1550.0,1550.0,1500.0,1500.0,1675.0,1675.0,1675.0,1650.0,1650.0,1650.0,1675.0,1700.0,1850.0,1895.0,1850.0,1650.0,1895.0,1950.0,1925.0,1900.0,1899.0,1850.0,2000.0,2055.0,2100.0,2100.0,1832.0,1832.0,1874.0,1775.0,1775.0,1917.0,1787.0,1850.0,1850.0,1950.0,2149.0,1999.0,1899.0,1850.0,1850.0,1849.0,1899.0,1875.0,1950.0,1950.0,1750.0,1850.0,1950.0,1900.0,1950.0,1950.0,2100.0,2075.0,2075.0,2175.0,2200.0,2150.0,1900.0,2100.0,1900.0,2099.0,2188.0,2316.0,2175.0,2199.0,2150.0,2098.0,2660.0,2570.0,2455.0,2430.0,2350.0,2250.0,2250.0,2200.0,2199.0,2318.0,2150.0,2188.0,2199.0,2168.0,2050.0,2050.0,2050.0,2050.0,2058.0,2100.0,2119.0,2157.0,2199.0,2200.0,2099.0,2199.0,2150.0,2156.0,2438.0,2200.0,2396.0,2450.0,2350.0,2500.0,2938.0,3071.0,2550.0,2400.0,2381.0,2600.0,2400.0,2435.0,2400.0,2800.0,2850.0,2850.0,2995.0,2885.0,2885.0,3103.0,2800.0,2775.0,2833.0,3060.0,3095.0,3113.0,3080.0,3095.0,3085.0,2890.0,2940.0,3175.0,3200.0,3200.0,3225.0,3200.0,3225.0,3205.0,3175.0,3170.0,3130.0,3135.0,3165.0,3185.0,3235.0,3225.0,3220.0,3225.0,3218.0,3218.0,3218.0
Corona,Queens,neighborhood,1100.0,1100.0,1100.0,1100.0,1150.0,1150.0,1150.0,1150.0,1150.0,1150.0,1150.0,1150.0,1150.0,1150.0,1150.0,1150.0,1385.0,1325.0,,,1195.0,1195.0,1195.0,1300.0,1300.0,1400.0,1100.0,995.0,1350.0,1350.0,1225.0,1350.0,1100.0,1350.0,1350.0,,1250.0,1250.0,1200.0,,,1200.0,1300.0,1300.0,1300.0,,,,1350.0,1350.0,1350.0,1500.0,1500.0,1493.0,1500.0,1500.0,1495.0,1425.0,1595.0,1550.0,1550.0,1550.0,1595.0,1600.0,1650.0,1600.0,1650.0,1650.0,1650.0,1650.0,1650.0,1650.0,1625.0,1695.0,1770.0,1805.0,1790.0,1775.0,1755.0,1845.0,1800.0,1815.0,1780.0,1765.0,1755.0,1745.0,1770.0,1800.0,1795.0,1800.0,1825.0,1810.0,1785.0,1845.0,1930.0,1925.0,1875.0,1805.0,1795.0,1655.0,1647.0,1595.0,1595.0,1695.0,2200.0,1915.0,1905.0,2105.0,2090.0,2000.0,2010.0,1980.0,1840.0,2305.0,1795.0,1795.0,1811.0,1812.0,1856.0,1892.0,1942.0,1870.0,1892.0,1871.0,1847.0,1820.0,1896.0,1900.0,1836.0,1790.0,1783.0,1695.0,1799.0,1874.0,1815.0,1731.0,1762.0,1823.0,1933.0,1950.0,1915.0,1750.0,1977.0,2115.0,2010.0,1968.0,1930.0,1994.0,2060.0,2237.0,2357.0,2139.0,2079.0,2285.0,2199.0,2199.0,2100.0,2393.0,2400.0,2352.0,2369.0,2356.0,2376.0,2488.0,2506.0,2758.0,1895.0,2095.0,2420.0,2250.0,2250.0,2747.0,2789.0,2720.0,2657.0,2625.0,2500.0,2615.0,2663.0,3000.0,2650.0,2620.0,2645.0,2500.0,2650.0,2805.0,2400.0,2705.0,2895.0,2828.0,2795.0,2700.0,2635.0,2775.0,2775.0,2650.0,2600.0,2375.0,2375.0,2250.0
Country Club,Bronx,neighborhood,,,,,,,,,,,,,,,,,,,,,,,,,,,,,,,,,,,,1200.0,1200.0,1195.0,1200.0,1200.0,1200.0,,,,,,,,,,,,,,,,,,,,,,,,,,,,,1095.0,1095.0,,,,,,1325.0,,,1400.0,,,,,,,,,,,,,1650.0,,,,,,,,,,1650.0,1650.0,1675.0,1675.0,1725.0,1725.0,1550.0,,,,,1700.0,,,,,,,1750.0,1750.0,1750.0,1750.0,1800.0,1800.0,,,2150.0,2150.0,1775.0,1700.0,1699.0,,1850.0,1650.0,1650.0,,,1750.0,,1995.0,1950.0,,,1975.0,1895.0,1895.0,1300.0,2175.0,1895.0,2050.0,2050.0,2050.0,,1700.0,,,1995.0,,,,2050.0,2095.0,,2195.0,2195.0,2195.0,,,,2200.0,2200.0,,,,,2000.0,,,2195.0,2150.0,,2250.0,2250.0,2250.0,,,,2762.0,2000.0,2199.0,2200.0,,,,2250.0,,,2295.0
Crotona Park East,Bronx,neighborhood,,,,,,,,,,,,,,,,,,,,,,,,,,,,,,,,,,,,,,,,,,,,,,,,,,1100.0,,,,,,,,,,,,,,,,,1150.0,1150.0,1250.0,1250.0,1550.0,1550.0,1400.0,1400.0,1400.0,1400.0,1090.0,1100.0,1400.0,,,,,,1400.0,1450.0,1450.0,,,,1300.0,,1450.0,1450.0,1450.0,1450.0,,,,1500.0,,,1500.0,1500.0,,,1700.0,1700.0,,,,,1600.0,1711.0,1595.0,1595.0,1600.0,,,2154.0,1750.0,1750.0,1698.0,1700.0,,1500.0,,1650.0,,1700.0,,1650.0,1650.0,1500.0,,1495.0,1750.0,1750.0,1750.0,1975.0,2149.0,1599.0,,1513.0,1675.0,1595.0,1900.0,1900.0,1700.0,1600.0,1900.0,1496.0,1595.0,1725.0,1645.0,1590.0,1650.0,1575.0,2000.0,1395.0,1395.0,1395.0,2475.0,1799.0,1799.0,1650.0,1600.0,1600.0,1650.0,1699.0,1699.0,1649.0,1700.0,,1850.0,1895.0,1855.0,1400.0,1800.0,1750.0,1325.0,1595.0,,,,,,,,1850.0,1850.0,1850.0,1700.0,1650.0,1645.0,1645.0,1902.0,2000.0,2000.0,1950.0
Crown Heights,Brooklyn,neighborhood,1800.0,1950.0,2000.0,1900.0,1675.0,1450.0,1400.0,1300.0,1325.0,1525.0,1525.0,1550.0,1500.0,1350.0,1375.0,1400.0,1425.0,1325.0,1450.0,1350.0,1700.0,1700.0,1625.0,1600.0,1600.0,1590.0,1625.0,1675.0,1750.0,1575.0,1600.0,1800.0,1895.0,1525.0,1600.0,1500.0,1580.0,1765.0,1500.0,1595.0,1695.0,1700.0,1800.0,1800.0,1700.0,1675.0,1600.0,1595.0,1550.0,1500.0,1550.0,1675.0,1680.0,1775.0,1850.0,1900.0,1750.0,1675.0,1750.0,1699.0,1650.0,1650.0,1650.0,1645.0,1699.0,1700.0,1700.0,1900.0,1995.0,1800.0,1800.0,1800.0,1800.0,1895.0,1900.0,1950.0,1990.0,1900.0,1900.0,1900.0,1900.0,1999.0,1800.0,1900.0,1900.0,1895.0,1895.0,1990.0,1950.0,1950.0,1999.0,2049.0,2095.0,2150.0,1950.0,1875.0,1850.0,1875.0,1975.0,2095.0,2000.0,2095.0,2123.0,2000.0,2100.0,2100.0,1975.0,2075.0,2000.0,2000.0,2000.0,2100.0,2050.0,2099.0,2100.0,2100.0,2199.0,2100.0,2108.0,2100.0,2150.0,2125.0,2224.0,2199.0,2149.0,2095.0,2015.0,2000.0,1975.0,1925.0,1900.0,1900.0,1895.0,1900.0,1870.0,1850.0,1900.0,2000.0,2000.0,2050.0,2100.0,2000.0,2100.0,2150.0,2150.0,2100.0,2200.0,2200.0,2495.0,2500.0,2550.0,2875.0,2799.0,2600.0,2650.0,2600.0,2650.0,2550.0,2500.0,2650.0,2800.0,2665.0,2700.0,2875.0,2799.0,2799.0,2700.0,2799.0,2800.0,2700.0,2700.0,2799.0,2850.0,2812.0,2750.0,2900.0,2950.0,2750.0,2750.0,2799.0,2800.0,2850.0,3100.0,3150.0,3150.0,3250.0,3150.0,3100.0,3200.0,3215.0,3190.0,3120.0,3250.0,3316.0,3300.0,3300.0,3429.0,3400.0,3450.0,3495.0
DUMBO,Brooklyn,neighborhood,2850.0,2900.0,2950.0,2750.0,2700.0,2350.0,3000.0,3200.0,3100.0,3000.0,3300.0,3300.0,3295.0,3295.0,3300.0,3080.0,3000.0,2950.0,3000.0,3200.0,3300.0,3180.0,3100.0,3100.0,3150.0,3100.0,3100.0,2950.0,3200.0,3200.0,3350.0,3450.0,3400.0,3500.0,3550.0,3450.0,3450.0,3300.0,3300.0,3350.0,3350.0,3400.0,3475.0,3700.0,3750.0,3570.0,3400.0,3400.0,3700.0,3600.0,3550.0,3700.0,3700.0,3775.0,3775.0,3750.0,3600.0,3685.0,3685.0,3600.0,3600.0,3600.0,3800.0,3800.0,3750.0,3846.0,3695.0,3800.0,3882.0,3800.0,3800.0,3882.0,3882.0,3852.0,3810.0,3900.0,3900.0,3800.0,3971.0,3725.0,3925.0,3900.0,3925.0,3595.0,3600.0,3840.0,3840.0,3800.0,3750.0,3750.0,3690.0,3650.0,3600.0,3595.0,3643.0,3689.0,3804.0,3807.0,3850.0,3825.0,3997.0,3997.0,3988.0,3937.0,3795.0,4195.0,4050.0,3900.0,4200.0,4120.0,4395.0,4250.0,3950.0,3995.0,4295.0,4250.0,4230.0,3950.0,4029.0,3999.0,4186.0,4360.0,4195.0,4195.0,4194.0,4000.0,3913.0,3796.0,3621.0,3795.0,3950.0,3795.0,3750.0,3745.0,3750.0,3995.0,3945.0,4095.0,4150.0,3995.0,4343.0,4395.0,4395.0,4500.0,4500.0,4500.0,4980.0,4694.0,4900.0,5000.0,4995.0,5000.0,5095.0,4995.0,4595.0,4500.0,4995.0,4795.0,4895.0,4900.0,4900.0,5029.0,5389.0,5200.0,5037.0,5270.0,4895.0,4895.0,4995.0,4800.0,4930.0,4995.0,5195.0,5363.0,5281.0,5100.0,4985.0,5000.0,4886.0,4935.0,4900.0,4895.0,5020.0,5300.0,5347.0,5410.0,5350.0,5250.0,4900.0,4937.0,4862.0,4895.0,4750.0,4940.0,5196.0,5135.0,5135.0,5140.0,5290.0,5294.0
Ditmas Park,Brooklyn,neighborhood,1400.0,1400.0,1400.0,1400.0,1600.0,1700.0,1000.0,1000.0,1000.0,1000.0,1000.0,850.0,,1300.0,1150.0,1350.0,1300.0,1300.0,1400.0,1350.0,1450.0,1450.0,1400.0,1450.0,1350.0,1425.0,1425.0,1425.0,1200.0,1400.0,1400.0,1495.0,1400.0,1400.0,1700.0,1700.0,1700.0,1650.0,1500.0,1450.0,1450.0,1425.0,1500.0,1500.0,1500.0,1550.0,1500.0,1550.0,1500.0,1475.0,1475.0,1575.0,1500.0,1550.0,1500.0,1525.0,1552.0,1552.0,1475.0,1495.0,1500.0,1548.0,1500.0,1550.0,1500.0,1550.0,1600.0,1600.0,1600.0,1600.0,1600.0,1650.0,1700.0,1795.0,1800.0,1600.0,1700.0,1800.0,1850.0,1700.0,1750.0,1700.0,1650.0,1850.0,1750.0,1799.0,1799.0,1750.0,1825.0,1750.0,1700.0,1700.0,1750.0,1700.0,1650.0,1650.0,1700.0,1700.0,1700.0,1799.0,1750.0,1750.0,1800.0,1700.0,1700.0,1700.0,1700.0,1799.0,1850.0,1850.0,1800.0,1795.0,1800.0,1900.0,1728.0,1895.0,1775.0,1800.0,1825.0,1825.0,2000.0,1875.0,1875.0,1849.0,1850.0,1795.0,1795.0,1800.0,1750.0,1700.0,1695.0,1700.0,1795.0,1700.0,1745.0,1800.0,1800.0,1750.0,1780.0,1795.0,1800.0,1800.0,1800.0,1800.0,1800.0,1800.0,1800.0,1800.0,1895.0,2100.0,2250.0,2295.0,2200.0,2200.0,1999.0,2200.0,2150.0,2000.0,2150.0,2200.0,2350.0,2230.0,2150.0,2395.0,2250.0,2200.0,2250.0,2295.0,2350.0,2300.0,2200.0,2200.0,2200.0,2300.0,2295.0,2250.0,2100.0,2095.0,2200.0,2400.0,2350.0,2300.0,2300.0,2250.0,2250.0,2499.0,2395.0,2300.0,2500.0,2550.0,2200.0,2700.0,2650.0,2675.0,2780.0,2700.0,2650.0,2695.0,2650.0,2695.0
Douglaston,Queens,neighborhood,,,,,,,,,,,,,1300.0,1300.0,,,1400.0,1400.0,,,,,1400.0,1400.0,1400.0,,1400.0,1400.0,1400.0,1400.0,1400.0,,1395.0,1395.0,1395.0,1395.0,1395.0,1395.0,1395.0,1395.0,1395.0,,1900.0,1900.0,1600.0,1400.0,1400.0,1400.0,1400.0,1400.0,1400.0,1800.0,1800.0,1800.0,1700.0,1700.0,1550.0,1550.0,1550.0,1500.0,,1650.0,1650.0,1650.0,1650.0,,1650.0,,2000.0,2000.0,2000.0,2000.0,1700.0,1650.0,2000.0,2000.0,2700.0,2700.0,,,,,2000.0,,,,,2400.0,2400.0,2300.0,2300.0,2400.0,1400.0,,1925.0,1925.0,,,,,,1680.0,,,1900.0,1900.0,1750.0,1800.0,1800.0,1800.0,,2000.0,,,,,,,,,,2000.0,,2000.0,2000.0,2000.0,2000.0,1675.0,1675.0,1695.0,,,,,1800.0,1800.0,1600.0,1600.0,,,1650.0,,,,,,,,,,,2350.0,,,,,,,,,2000.0,,,2525.0,2525.0,2195.0,3525.0,3525.0,,2401.0,,,,,,,,,,,,3525.0,2000.0,2500.0,3525.0,2200.0,3575.0,3575.0,3700.0,3000.0,2300.0,2300.0,2200.0,2000.0,2000.0,3600.0,3625.0,3525.0,3550.0,3650.0
Downtown Brooklyn,Brooklyn,neighborhood,1976.0,1954.0,2000.0,2104.0,2250.0,2356.0,2500.0,2525.0,2530.0,2525.0,2505.0,2500.0,2500.0,2395.0,2328.0,2271.0,2271.0,2424.0,2500.0,2500.0,2516.0,2500.0,2650.0,2580.0,2350.0,2429.0,2522.0,2429.0,2550.0,2595.0,2700.0,2681.0,2700.0,2658.0,2945.0,2995.0,3000.0,2970.0,2960.0,2985.0,2904.0,2800.0,2875.0,2950.0,2825.0,2800.0,2795.0,2800.0,2800.0,2900.0,2980.0,2986.0,3030.0,2970.0,3015.0,3090.0,3130.0,3135.0,3035.0,2950.0,3025.0,3095.0,3360.0,3260.0,3350.0,3235.0,3300.0,3190.0,3200.0,3185.0,3095.0,3150.0,3060.0,3094.0,3163.0,3100.0,3055.0,3100.0,3205.0,3195.0,3079.0,3095.0,3045.0,3013.0,3029.0,3084.0,3065.0,3095.0,3185.0,3166.0,3210.0,3250.0,3165.0,3095.0,3050.0,3071.0,3094.0,3050.0,3248.0,3340.0,3415.0,3423.0,3386.0,3511.0,3405.0,3360.0,3355.0,3410.0,3400.0,3405.0,3400.0,3447.0,3495.0,3519.0,3599.0,3684.0,3526.0,3500.0,3410.0,3386.0,3474.0,3415.0,3387.0,3350.0,3320.0,3281.0,3150.0,3025.0,2880.0,2890.0,2875.0,2918.0,3150.0,3150.0,3200.0,3340.0,3434.0,3486.0,3625.0,3748.0,3738.0,3700.0,3700.0,3781.0,3950.0,4035.0,4095.0,4057.0,4195.0,4244.0,4250.0,4300.0,4295.0,4150.0,4138.0,4090.0,4137.0,4030.0,4050.0,4250.0,4349.0,4250.0,4275.0,4300.0,4190.0,4150.0,4099.0,4150.0,4213.0,4325.0,4200.0,4278.0,4252.0,4300.0,4400.0,4475.0,4460.0,4393.0,4315.0,4355.0,4455.0,4427.0,4425.0,4403.0,4395.0,4570.0,4480.0,4425.0,4370.0,4350.0,4350.0,4350.0,4550.0,4625.0,4595.0,4700.0,4700.0,4600.0,4645.0,4713.0
Dyker Heights,Brooklyn,neighborhood,1675.0,1500.0,975.0,985.0,950.0,985.0,1400.0,1100.0,1100.0,1400.0,1400.0,1295.0,1400.0,1200.0,1200.0,1200.0,1200.0,1200.0,1200.0,1200.0,1400.0,1359.0,1400.0,1400.0,1350.0,1345.0,1345.0,1150.0,1150.0,,1450.0,,,,1150.0,1150.0,1150.0,1400.0,1400.0,1395.0,1395.0,1359.0,1575.0,,1450.0,1100.0,1100.0,1400.0,,1250.0,1350.0,1400.0,1350.0,1350.0,1350.0,1350.0,1300.0,1300.0,1450.0,1300.0,1350.0,1350.0,1450.0,1500.0,1300.0,1450.0,1600.0,1600.0,1350.0,1650.0,1400.0,1350.0,1600.0,1600.0,1500.0,1500.0,1450.0,1450.0,1375.0,1375.0,1700.0,1700.0,1700.0,1700.0,1600.0,1600.0,1450.0,1450.0,1450.0,1500.0,1549.0,1500.0,1450.0,1500.0,1500.0,1550.0,1375.0,1450.0,1495.0,1550.0,1550.0,1600.0,1600.0,1550.0,1500.0,1500.0,1550.0,1500.0,1600.0,1575.0,1550.0,1550.0,1600.0,1650.0,1600.0,1500.0,1525.0,1600.0,1700.0,1675.0,1599.0,1600.0,1700.0,1500.0,1650.0,1600.0,1700.0,1700.0,1650.0,1650.0,1650.0,1650.0,1500.0,1500.0,1550.0,1500.0,1600.0,1600.0,1595.0,1595.0,1600.0,1600.0,1600.0,1600.0,1550.0,1600.0,1600.0,1600.0,1850.0,1600.0,1600.0,1550.0,1900.0,1950.0,1795.0,1599.0,1825.0,1750.0,1725.0,1725.0,1650.0,1700.0,1800.0,1813.0,1625.0,1999.0,1949.0,1899.0,2200.0,1800.0,1575.0,2200.0,1900.0,1850.0,1800.0,1850.0,2000.0,1975.0,2300.0,2095.0,2095.0,2300.0,1875.0,1850.0,2050.0,1850.0,2000.0,2000.0,2100.0,1850.0,1900.0,1800.0,2450.0,2300.0,2300.0,2050.0,2050.0,2300.0,2075.0,2000.0
East Elmhurst,Queens,neighborhood,,,,,,,,,,,,,,,,,,,,,,,1500.0,1500.0,1500.0,1500.0,1500.0,1500.0,,,,,,,,,,,,,,,1950.0,1950.0,,,,,,,,825.0,,,,,,,,,1600.0,1500.0,1500.0,1500.0,1500.0,1495.0,1495.0,,,,,,,,,,,,,,,,,,,,,1400.0,,,,,1595.0,,1300.0,2200.0,1550.0,1550.0,1800.0,1800.0,,,,1595.0,1650.0,1650.0,,,,1649.0,1649.0,1500.0,,1900.0,,1595.0,1595.0,,2650.0,1650.0,1650.0,1950.0,,,1700.0,1800.0,1650.0,1800.0,,,,,,,,,,,,,,1750.0,1800.0,1800.0,1700.0,1800.0,2100.0,2100.0,2000.0,1950.0,,,1600.0,,2000.0,2200.0,2000.0,1800.0,1500.0,,1750.0,1750.0,,2100.0,2099.0,2012.0,2000.0,2000.0,1900.0,2200.0,,1800.0,1800.0,,1850.0,1850.0,,2400.0,2500.0,2500.0,2400.0,2400.0,,,,,,,2499.0,2350.0,2550.0,2300.0,,,2195.0,2195.0,,,1900.0,
East Flatbush,Brooklyn,neighborhood,2000.0,2400.0,2500.0,2500.0,2995.0,2750.0,,,1045.0,,,1175.0,1100.0,1100.0,1100.0,1250.0,1250.0,1250.0,1250.0,1250.0,1250.0,1250.0,1275.0,1275.0,1275.0,1200.0,1150.0,1150.0,1150.0,1295.0,1195.0,1195.0,1400.0,1200.0,1200.0,1200.0,1250.0,1250.0,1250.0,1250.0,1275.0,1250.0,1190.0,1200.0,1250.0,1200.0,1200.0,1300.0,1300.0,1300.0,1275.0,1295.0,1300.0,1375.0,1375.0,1400.0,1375.0,1300.0,1200.0,1200.0,1200.0,1250.0,1300.0,1395.0,1395.0,1400.0,1400.0,1400.0,1500.0,1400.0,1395.0,1400.0,1400.0,1450.0,1450.0,1495.0,1495.0,1450.0,1500.0,1550.0,1595.0,1600.0,1595.0,1550.0,1550.0,1600.0,1595.0,1650.0,1650.0,1600.0,1600.0,1700.0,1650.0,1600.0,1600.0,1650.0,1650.0,1650.0,1650.0,1650.0,1650.0,1649.0,1650.0,1750.0,1750.0,1750.0,1651.0,1650.0,1650.0,1750.0,1800.0,1750.0,1655.0,1700.0,1800.0,1799.0,1799.0,1800.0,1725.0,1799.0,1799.0,1850.0,1895.0,1995.0,1950.0,1900.0,1900.0,1850.0,1830.0,1821.0,1799.0,1850.0,1799.0,1799.0,1750.0,1775.0,1900.0,1900.0,1950.0,1800.0,1850.0,1775.0,1800.0,1800.0,1950.0,2000.0,2000.0,1975.0,2100.0,2233.0,2233.0,2200.0,2249.0,2168.0,2000.0,2000.0,2150.0,2200.0,2200.0,2100.0,2299.0,2150.0,2349.0,2395.0,2399.0,2300.0,2200.0,2295.0,2350.0,2395.0,2399.0,2499.0,2499.0,2500.0,2450.0,2500.0,2500.0,2400.0,2515.0,2400.0,2350.0,2400.0,2550.0,2675.0,2495.0,2500.0,2599.0,2600.0,2595.0,2666.0,2590.0,2600.0,2550.0,2500.0,2541.0,2600.0,2600.0,2600.0,2650.0,2650.0
East Harlem,Manhattan,neighborhood,1800.0,1737.0,1675.0,1600.0,1850.0,1995.0,1850.0,2000.0,2165.0,2000.0,2000.0,2000.0,2100.0,1800.0,1800.0,1800.0,1745.0,1800.0,1850.0,1900.0,1800.0,1800.0,1800.0,1900.0,2100.0,1941.0,1941.0,1850.0,2000.0,1850.0,1800.0,2050.0,2050.0,2095.0,2000.0,2090.0,1950.0,2090.0,1950.0,1900.0,2000.0,1900.0,1900.0,1795.0,1775.0,1650.0,1700.0,1750.0,1775.0,1750.0,1750.0,1795.0,1750.0,1650.0,1700.0,1750.0,1700.0,1700.0,1700.0,1700.0,1700.0,1695.0,1800.0,1850.0,1875.0,1900.0,1895.0,1850.0,1895.0,1850.0,1850.0,1750.0,1775.0,1850.0,1925.0,1895.0,1995.0,1950.0,1925.0,1950.0,1950.0,1950.0,2100.0,2100.0,2150.0,2215.0,2195.0,2100.0,2200.0,2099.0,2100.0,2090.0,2049.0,2050.0,2000.0,2050.0,2050.0,2100.0,2000.0,2020.0,2050.0,2100.0,2045.0,2050.0,2100.0,2050.0,2128.0,2000.0,1999.0,2075.0,2200.0,2119.0,2100.0,2100.0,2300.0,2295.0,2195.0,2150.0,2150.0,2100.0,2100.0,2200.0,2200.0,2275.0,2275.0,2025.0,2000.0,1995.0,1965.0,1920.0,1900.0,1900.0,1850.0,1850.0,1850.0,1900.0,1975.0,2016.0,2000.0,2100.0,2000.0,2000.0,2000.0,2100.0,2100.0,2250.0,2125.0,2175.0,2396.0,2395.0,2450.0,2499.0,2475.0,2450.0,2450.0,2350.0,2395.0,2450.0,2375.0,2595.0,2890.0,2879.0,2850.0,2745.0,2675.0,2595.0,2500.0,2500.0,2520.0,2500.0,2500.0,2690.0,2700.0,2600.0,2725.0,2800.0,2750.0,2600.0,2550.0,2690.0,2700.0,2700.0,2725.0,2750.0,2795.0,2799.0,2995.0,2895.0,2850.0,2800.0,2850.0,2800.0,2795.0,2800.0,2795.0,2750.0,2800.0,2945.0,2950.0,2950.0
East New York,Brooklyn,neighborhood,900.0,900.0,900.0,900.0,,,,,1015.0,,,,,1100.0,1050.0,1050.0,1100.0,600.0,1100.0,1100.0,,,,,1100.0,1100.0,1100.0,1050.0,1050.0,1050.0,1200.0,875.0,875.0,1200.0,975.0,1000.0,2750.0,2940.0,1100.0,1100.0,1100.0,,,1000.0,1026.0,1150.0,1250.0,1250.0,1250.0,1195.0,1195.0,1195.0,1100.0,1000.0,1100.0,1100.0,1000.0,1800.0,1250.0,1295.0,1295.0,1350.0,1400.0,1350.0,1300.0,1400.0,1600.0,2099.0,2100.0,1650.0,1400.0,1400.0,1400.0,1375.0,1350.0,1450.0,1450.0,1400.0,1300.0,1450.0,1400.0,1370.0,1450.0,1500.0,1500.0,1499.0,1499.0,1500.0,1500.0,1629.0,1487.0,1649.0,1500.0,1600.0,1550.0,1500.0,1600.0,1600.0,1600.0,1600.0,1595.0,1600.0,1600.0,1650.0,1666.0,1600.0,1650.0,1600.0,1700.0,1600.0,1600.0,1695.0,1695.0,1699.0,1695.0,1795.0,1795.0,1850.0,2050.0,1995.0,1999.0,1800.0,1741.0,1846.0,1800.0,1600.0,1700.0,1749.0,1650.0,1700.0,1650.0,1600.0,1600.0,1850.0,1699.0,1850.0,1699.0,1699.0,1749.0,1800.0,1745.0,1799.0,1600.0,1750.0,1800.0,1800.0,1850.0,1850.0,2000.0,2100.0,1995.0,1985.0,2100.0,1975.0,1775.0,1775.0,1950.0,1950.0,1875.0,1800.0,1850.0,1825.0,1950.0,2000.0,1950.0,1900.0,1990.0,1795.0,1850.0,2000.0,2200.0,2499.0,2452.0,2476.0,2750.0,2200.0,2000.0,2995.0,3065.0,1950.0,2200.0,2000.0,2150.0,2349.0,1950.0,2485.0,2475.0,2500.0,2799.0,2799.0,2829.0,3149.0,2275.0,2150.0,2699.0,2300.0,2686.0,3200.0,3250.0,3250.0
East Tremont,Bronx,neighborhood,,,,,,,,,,,,,,,838.0,838.0,838.0,838.0,838.0,838.0,,,,,,,,,,1100.0,1100.0,1100.0,1100.0,1100.0,925.0,,,,,,,,,,,,,,,1209.0,1209.0,1095.0,1095.0,1125.0,1100.0,1100.0,1050.0,1095.0,1050.0,1050.0,1050.0,1100.0,1150.0,1300.0,1200.0,1200.0,1200.0,1250.0,,1350.0,1350.0,1350.0,1300.0,1400.0,1450.0,1400.0,1300.0,1375.0,1250.0,1375.0,1495.0,1495.0,1495.0,1495.0,1350.0,1500.0,1500.0,1499.0,1375.0,1375.0,1375.0,,1017.0,1450.0,1500.0,1500.0,1400.0,1400.0,1500.0,1500.0,1400.0,1400.0,1500.0,1475.0,1550.0,1550.0,1550.0,1550.0,1550.0,1575.0,1575.0,1575.0,1500.0,1625.0,1625.0,1625.0,1450.0,1500.0,1636.0,1650.0,1395.0,1650.0,1675.0,,1350.0,1595.0,1850.0,1790.0,1750.0,1500.0,1425.0,1450.0,1699.0,1699.0,1575.0,1575.0,1475.0,1425.0,1425.0,1750.0,1750.0,1650.0,1650.0,,1650.0,1500.0,1695.0,1650.0,1650.0,2200.0,2385.0,2288.0,2288.0,2199.0,2200.0,2286.0,2086.0,2159.0,,1848.0,2275.0,1850.0,1795.0,1795.0,1595.0,1595.0,1950.0,1950.0,1750.0,1700.0,1750.0,1700.0,,1438.0,1427.0,1427.0,2500.0,1295.0,1481.0,1481.0,1950.0,1850.0,1800.0,1900.0,1650.0,1850.0,1775.0,2000.0,1795.0,1795.0,,1697.0,1900.0,1799.0,1680.0,1795.0,2150.0,2150.0,2028.0,1837.0
East Village,Manhattan,neighborhood,2395.0,2300.0,2100.0,2400.0,2500.0,2250.0,2200.0,2250.0,2300.0,2500.0,2495.0,2595.0,2495.0,2395.0,2395.0,2300.0,2480.0,2400.0,2495.0,2395.0,2500.0,2495.0,2595.0,2495.0,2595.0,2500.0,2550.0,2675.0,2795.0,2695.0,2695.0,2700.0,2650.0,2704.0,2750.0,2700.0,2700.0,2695.0,2750.0,2795.0,2695.0,2795.0,2725.0,2895.0,2850.0,2800.0,2795.0,2749.0,2745.0,2700.0,2700.0,2700.0,2750.0,2700.0,2690.0,2750.0,2700.0,2595.0,2550.0,2700.0,2600.0,2500.0,2600.0,2600.0,2695.0,2695.0,2700.0,2795.0,2850.0,2800.0,2800.0,2850.0,2875.0,2900.0,2895.0,2895.0,2850.0,2895.0,2800.0,2795.0,2795.0,2795.0,2750.0,2700.0,2700.0,2833.0,2750.0,2800.0,2850.0,2795.0,2750.0,2750.0,2795.0,2700.0,2595.0,2695.0,2695.0,2695.0,2750.0,2795.0,2795.0,2795.0,2795.0,2700.0,2750.0,2700.0,2750.0,2695.0,2750.0,2850.0,2833.0,2800.0,2850.0,2835.0,2900.0,2900.0,2925.0,2895.0,3095.0,2950.0,2900.0,3100.0,3000.0,3000.0,2889.0,2795.0,2650.0,2549.0,2495.0,2490.0,2394.0,2394.0,2394.0,2399.0,2400.0,2450.0,2600.0,2695.0,2800.0,2850.0,2850.0,3075.0,3050.0,3100.0,3195.0,3300.0,3300.0,3450.0,3450.0,3450.0,3499.0,3400.0,3500.0,3500.0,3400.0,3495.0,3495.0,3500.0,3495.0,3500.0,3500.0,3500.0,3495.0,3450.0,3495.0,3395.0,3245.0,3495.0,3495.0,3450.0,3495.0,3550.0,3599.0,3595.0,3500.0,3595.0,3495.0,3465.0,3500.0,3600.0,3795.0,3695.0,3650.0,3850.0,3800.0,3990.0,3899.0,3995.0,3900.0,3995.0,3995.0,3995.0,3995.0,3995.0,4035.0,4195.0,4250.0,4195.0,4000.0,4000.0
Eastchester,Bronx,neighborhood,,,,,,,,,,,,,,,,,,,,,,,,,,,,,,,,,,,,,,,,,,,,,,,,,,,,,,,,,,,,,,,,,,,,,,,,,,,,,,,,,,,,,,,1250.0,,,,,,,,,,,,,,,,,,1500.0,1500.0,1350.0,1350.0,,,,,,,,,,,,,,1420.0,1550.0,,,,,,,,,1650.0,1600.0,1650.0,1450.0,,,,,,,,,,,,,,,,,,,,,,,,,,,,1800.0,1800.0,,,,,,,,,,,,,,,,,,,,,,,,,,,,,,,,,,,,
Edenwald,Bronx,neighborhood,,,,,,,,,,,,,,,,,,,,,,,,,,,,,,,,,,,,,,,,,,,,,,,,,,,,,,,,,,,,,,,,,,,,,,,,,,,,,,,1150.0,,,,,,,,,,,1200.0,1200.0,,,,,,,,,,,,,,,,,,,,,,,,,,,,,,,,,,,,,,,,,,,,,,,,,,,,,,,,,,,,1600.0,1500.0,,2200.0,,2200.0,,,1600.0,,,1800.0,1800.0,1800.0,1700.0,1750.0,1750.0,1800.0,1900.0,1700.0,1900.0,2000.0,2100.0,,2484.0,,,,,,,,,,,,,,,3200.0,3200.0,,,,,,,,,
Elmhurst,Queens,neighborhood,1075.0,1195.0,1195.0,1195.0,1195.0,1195.0,1075.0,1250.0,1250.0,950.0,1275.0,1275.0,1250.0,1175.0,1250.0,1250.0,1300.0,1495.0,1495.0,1550.0,1550.0,1550.0,1400.0,1400.0,1700.0,1300.0,1250.0,1250.0,,,1255.0,1495.0,1535.0,1950.0,1950.0,1950.0,1900.0,1950.0,1900.0,1900.0,1795.0,1900.0,2150.0,2100.0,2080.0,2080.0,1768.0,1575.0,1595.0,1899.0,1950.0,1725.0,1725.0,1750.0,1675.0,1725.0,1725.0,1725.0,1700.0,1700.0,1559.0,1600.0,1900.0,1650.0,1900.0,1520.0,1650.0,1795.0,1750.0,1750.0,1750.0,1750.0,1700.0,1700.0,1825.0,1825.0,1675.0,1800.0,1800.0,1770.0,1750.0,1800.0,1700.0,1680.0,1599.0,1750.0,1799.0,1800.0,1850.0,1850.0,1871.0,1850.0,1800.0,1795.0,1800.0,1850.0,1800.0,1875.0,1750.0,1800.0,1800.0,1750.0,1775.0,1993.0,1900.0,1790.0,1800.0,1825.0,1850.0,1800.0,1750.0,1875.0,1850.0,1900.0,1900.0,1835.0,1850.0,1900.0,1900.0,1850.0,1850.0,1850.0,1900.0,2000.0,2025.0,1950.0,1915.0,1850.0,1850.0,1750.0,1735.0,1725.0,1725.0,1750.0,1750.0,1795.0,1800.0,1800.0,1775.0,1800.0,1850.0,1896.0,1900.0,1925.0,1850.0,1900.0,1900.0,1950.0,1895.0,2000.0,2100.0,2000.0,1999.0,2000.0,2100.0,2099.0,2099.0,2100.0,2100.0,2000.0,2000.0,2000.0,2150.0,2200.0,2095.0,2100.0,2133.0,2050.0,2050.0,2100.0,2190.0,2200.0,2300.0,2300.0,2275.0,2250.0,2450.0,2225.0,2100.0,2200.0,2200.0,2200.0,2200.0,2300.0,2295.0,2400.0,2400.0,2350.0,2500.0,2500.0,2500.0,2300.0,2300.0,2450.0,2350.0,2400.0,2450.0,2400.0,2495.0,2400.0
Financial District,Manhattan,neighborhood,3200.0,3200.0,3300.0,3300.0,3350.0,3275.0,3265.0,3281.0,3200.0,3250.0,3095.0,3086.0,3200.0,3325.0,3350.0,3360.0,3450.0,3500.0,3500.0,3495.0,3485.0,3500.0,3450.0,3450.0,3450.0,3495.0,3450.0,3595.0,3600.0,3625.0,3792.0,3675.0,3750.0,3595.0,3650.0,3540.0,3500.0,3500.0,3495.0,3495.0,3500.0,3495.0,3450.0,3425.0,3415.0,3400.0,3500.0,3508.0,3535.0,3570.0,3550.0,3550.0,3595.0,3750.0,3695.0,3750.0,3700.0,3690.0,3595.0,3575.0,3600.0,3695.0,3695.0,3750.0,3800.0,3800.0,3805.0,3795.0,3795.0,3750.0,3695.0,3650.0,3700.0,3795.0,3753.0,3800.0,3800.0,3825.0,3895.0,3875.0,3795.0,3780.0,3620.0,3650.0,3650.0,3738.0,3700.0,3795.0,3850.0,3820.0,3894.0,3918.0,3863.0,3750.0,3750.0,3799.0,3750.0,3845.0,3885.0,3800.0,3827.0,3975.0,4150.0,3995.0,4000.0,3995.0,4029.0,3990.0,4062.0,4038.0,3995.0,4095.0,4195.0,4100.0,4147.0,4095.0,4036.0,4000.0,4050.0,4050.0,4160.0,4212.0,4200.0,4023.0,3923.0,3771.0,3600.0,3495.0,3413.0,3585.0,3500.0,3495.0,3425.0,3495.0,3500.0,3600.0,3620.0,3900.0,4275.0,4389.0,4550.0,4560.0,4500.0,4600.0,4800.0,4750.0,4680.0,4800.0,4825.0,4763.0,4700.0,4872.0,4795.0,4696.0,4605.0,4585.0,4550.0,4550.0,4500.0,4695.0,4795.0,4950.0,4900.0,4900.0,4855.0,4838.0,4800.0,4785.0,4815.0,4808.0,4850.0,4867.0,4995.0,5090.0,4991.0,5023.0,4956.0,4940.0,4925.0,4855.0,4850.0,4999.0,5116.0,5095.0,5095.0,5027.0,5200.0,5250.0,5206.0,5091.0,5246.0,5280.0,5250.0,5206.0,5212.0,5317.0,5350.0,5305.0,5500.0,5495.0
Flatbush,Brooklyn,neighborhood,1300.0,1300.0,1300.0,1300.0,1300.0,1300.0,1100.0,1100.0,1165.0,1175.0,1150.0,1100.0,1099.0,1200.0,1200.0,1250.0,1250.0,1250.0,1250.0,1250.0,1225.0,1250.0,1250.0,1250.0,1250.0,1250.0,1300.0,1100.0,,1350.0,1250.0,1299.0,1299.0,1225.0,1100.0,1075.0,1150.0,1300.0,1250.0,1200.0,1200.0,1400.0,1338.0,1338.0,1350.0,1350.0,1350.0,1350.0,1300.0,1300.0,1395.0,1395.0,1350.0,1385.0,1400.0,1450.0,1450.0,1500.0,1475.0,1400.0,1400.0,1450.0,1500.0,1450.0,1400.0,1450.0,1500.0,1500.0,1450.0,1450.0,1500.0,1500.0,1550.0,1550.0,1500.0,1500.0,1550.0,1600.0,1600.0,1650.0,1650.0,1661.0,1627.0,1627.0,1650.0,1645.0,1650.0,1650.0,1650.0,1650.0,1695.0,1650.0,1650.0,1695.0,1625.0,1695.0,1795.0,1775.0,1750.0,1750.0,1675.0,1700.0,1795.0,1850.0,1775.0,1750.0,1725.0,1750.0,1795.0,1798.0,1800.0,1795.0,1800.0,1800.0,1800.0,1750.0,1915.0,2050.0,1920.0,2100.0,2050.0,2172.0,2177.0,2199.0,2090.0,1999.0,1950.0,1950.0,1924.0,1875.0,1800.0,1795.0,1750.0,1800.0,1800.0,1850.0,1850.0,1949.0,1950.0,2000.0,2000.0,2000.0,2100.0,2100.0,2099.0,2150.0,2299.0,2399.0,2400.0,2486.0,2499.0,2475.0,2500.0,2500.0,2450.0,2400.0,2400.0,2400.0,2495.0,2550.0,2600.0,2700.0,2700.0,2550.0,2450.0,2437.0,2475.0,2399.0,2500.0,2525.0,2550.0,2590.0,2626.0,2652.0,2750.0,2715.0,2700.0,2700.0,2720.0,2650.0,2695.0,2650.0,2600.0,2700.0,2699.0,2750.0,2897.0,2900.0,2890.0,2795.0,2650.0,2828.0,2895.0,2897.0,2800.0,2800.0,2800.0,2975.0,3000.0,3000.0
Flatiron,Manhattan,neighborhood,3495.0,3500.0,3400.0,3550.0,3595.0,3650.0,3700.0,3500.0,3500.0,3500.0,3495.0,3600.0,3800.0,3895.0,3950.0,3995.0,3850.0,3800.0,3750.0,3800.0,3900.0,3750.0,3700.0,3850.0,3750.0,3950.0,3900.0,3750.0,3995.0,3995.0,3900.0,3950.0,3950.0,3900.0,3895.0,3795.0,3800.0,3800.0,3750.0,3800.0,3995.0,4200.0,4195.0,4143.0,3982.0,3952.0,3779.0,3702.0,4086.0,4151.0,4250.0,4377.0,4529.0,4150.0,4250.0,4300.0,4295.0,4200.0,4295.0,4200.0,4250.0,4250.0,4595.0,4705.0,5000.0,4990.0,4830.0,4800.0,4765.0,4700.0,4630.0,4650.0,4650.0,4650.0,4500.0,4500.0,4610.0,4708.0,4700.0,4500.0,4557.0,4595.0,4477.0,4450.0,4450.0,4495.0,4445.0,4500.0,4583.0,4595.0,4430.0,4570.0,4502.0,4475.0,4391.0,4411.0,4400.0,4400.0,4443.0,4400.0,4465.0,4510.0,4520.0,4600.0,4650.0,4655.0,4440.0,4750.0,4750.0,4754.0,4795.0,4776.0,4950.0,4925.0,4950.0,4950.0,4850.0,4750.0,4662.0,4600.0,4600.0,4724.0,4850.0,4600.0,4527.0,4325.0,4100.0,4000.0,4084.0,3950.0,3895.0,3920.0,4000.0,4200.0,4213.0,4550.0,4525.0,4908.0,5141.0,5389.0,5520.0,5440.0,5400.0,5273.0,5351.0,5700.0,5651.0,5586.0,5800.0,5928.0,5925.0,5835.0,5750.0,5500.0,5403.0,5479.0,5625.0,5550.0,5842.0,5750.0,5900.0,5838.0,5665.0,5592.0,5694.0,5600.0,5368.0,5400.0,5695.0,5831.0,5795.0,5802.0,5949.0,5911.0,5778.0,6008.0,6049.0,5973.0,5750.0,5623.0,5690.0,6122.0,6155.0,6298.0,6250.0,6125.0,6278.0,6131.0,6200.0,6378.0,5902.0,5863.0,5900.0,6050.0,6044.0,6500.0,6500.0,6563.0,6500.0,6400.0
Flatlands,Brooklyn,neighborhood,,,,,,,,,,,,,,1150.0,850.0,850.0,850.0,850.0,850.0,,1200.0,1200.0,,,,,,,,,,,,900.0,1150.0,1150.0,1150.0,1550.0,1550.0,900.0,900.0,,,,,950.0,950.0,800.0,1175.0,,1175.0,1175.0,1175.0,1100.0,1100.0,1200.0,1200.0,1175.0,1175.0,1175.0,,,1000.0,,,,,1250.0,1300.0,,,1600.0,1600.0,1500.0,1500.0,1500.0,1600.0,,1400.0,,1150.0,1300.0,,,1300.0,1575.0,1450.0,1650.0,1600.0,1600.0,1500.0,,1400.0,,1450.0,1500.0,1600.0,1375.0,1399.0,,,,800.0,1650.0,1700.0,1650.0,1450.0,1600.0,1600.0,1400.0,1999.0,2800.0,1500.0,1500.0,1600.0,1600.0,1600.0,1575.0,1500.0,1599.0,1500.0,1500.0,1599.0,,1500.0,1500.0,1600.0,1600.0,1600.0,,1499.0,,1550.0,1595.0,1595.0,1500.0,1500.0,1600.0,1695.0,1650.0,1650.0,1550.0,,1600.0,1650.0,1850.0,1850.0,1700.0,1650.0,1200.0,1200.0,1200.0,,1200.0,1550.0,1600.0,1600.0,1650.0,1600.0,1800.0,1700.0,1700.0,2300.0,1800.0,1800.0,1995.0,1995.0,1365.0,1800.0,,,2200.0,1695.0,,1300.0,1400.0,1425.0,2200.0,1995.0,,1900.0,1900.0,2612.0,2600.0,2200.0,2200.0,1950.0,2300.0,1875.0,1850.0,1850.0,1850.0,2200.0,1950.0,1950.0,2200.0,2200.0,,1875.0,1950.0
Floral Park,Queens,neighborhood,,,,,,,,,,,,,,,,,,,,,,,,,,,,,,,,,,,,,1200.0,1200.0,1200.0,,,,,,,,,,,,,,,,,,,,,,,,,,,,,,,,,,,,,,,,,,,,,,1895.0,1745.0,1600.0,,,,,,,,,,,,,,,,,,,,,,,1800.0,1700.0,1700.0,1700.0,1895.0,1745.0,1695.0,1650.0,,,,,,,,,,,,,,,,,,,,,,,,,,,,,,,,,,,,,,,,,,,,,,,,,,,,,,,,,,,,,,,,2000.0,,,,2250.0,,,,,,,,,,,,,,,
Flushing,Queens,neighborhood,1300.0,1300.0,1300.0,1260.0,1250.0,1300.0,1275.0,1150.0,1195.0,1195.0,1195.0,1288.0,1325.0,1295.0,1275.0,1275.0,1288.0,1288.0,1295.0,1288.0,1295.0,1288.0,1250.0,1250.0,1190.0,1190.0,1288.0,1300.0,1300.0,1350.0,1405.0,1344.0,1300.0,1350.0,1375.0,1350.0,1325.0,1350.0,1300.0,1375.0,1400.0,1350.0,1350.0,1400.0,1450.0,1475.0,1495.0,1405.0,1405.0,1400.0,1400.0,1405.0,1475.0,1495.0,1550.0,1575.0,1549.0,1500.0,1525.0,1550.0,1500.0,1550.0,1425.0,1550.0,1600.0,1500.0,1550.0,1550.0,1600.0,1600.0,1575.0,1500.0,1550.0,1650.0,1650.0,1650.0,1650.0,1700.0,1700.0,1700.0,1700.0,1650.0,1650.0,1650.0,1696.0,1750.0,1700.0,1700.0,1700.0,1775.0,1800.0,1925.0,1725.0,1787.0,1725.0,1700.0,1700.0,1745.0,1750.0,1750.0,1775.0,1775.0,1750.0,1750.0,1700.0,1700.0,1725.0,1750.0,1750.0,1775.0,1750.0,1800.0,1799.0,1812.0,1850.0,1800.0,1800.0,1800.0,1800.0,1750.0,1750.0,1800.0,1800.0,1800.0,1785.0,1800.0,1800.0,1800.0,1825.0,1750.0,1700.0,1800.0,1750.0,1725.0,1725.0,1750.0,1775.0,1750.0,1775.0,1750.0,1775.0,1775.0,1795.0,1800.0,1800.0,1800.0,1850.0,1875.0,1900.0,1875.0,1900.0,1950.0,1900.0,1900.0,1895.0,1895.0,1850.0,1850.0,1900.0,1900.0,2000.0,2075.0,1975.0,2100.0,2111.0,2100.0,2099.0,2150.0,2000.0,2100.0,2050.0,2200.0,2375.0,2300.0,2295.0,2150.0,2200.0,2195.0,2200.0,2295.0,2350.0,2300.0,2200.0,2435.0,2350.0,2399.0,2350.0,2350.0,2400.0,2350.0,2350.0,2350.0,2349.0,2350.0,2399.0,2449.0,2375.0,2395.0,2450.0,2400.0
Fordham,Bronx,neighborhood,,,,,,,850.0,850.0,,,,,,,,,,,,,,,,,1000.0,1000.0,1000.0,,,1050.0,1050.0,850.0,1000.0,1000.0,1000.0,1000.0,1000.0,1000.0,,,,1000.0,1000.0,1200.0,1000.0,1000.0,1100.0,1150.0,1100.0,1100.0,1100.0,1225.0,1225.0,1200.0,1150.0,1200.0,1200.0,1100.0,975.0,1100.0,1195.0,1150.0,1199.0,1199.0,1250.0,1250.0,1200.0,1200.0,1125.0,1225.0,1300.0,1300.0,1300.0,1300.0,1350.0,1275.0,1350.0,1300.0,1350.0,1350.0,1345.0,1350.0,1350.0,1400.0,1400.0,1350.0,1375.0,1425.0,1450.0,1450.0,1400.0,1450.0,1425.0,1400.0,1750.0,1755.0,1700.0,1600.0,1625.0,1475.0,1450.0,1550.0,1550.0,1550.0,1650.0,1558.0,1495.0,1500.0,1550.0,1513.0,1475.0,1550.0,1500.0,1500.0,1545.0,1600.0,1575.0,1475.0,1550.0,1588.0,1575.0,1500.0,1650.0,1595.0,1595.0,1650.0,1600.0,1595.0,1550.0,1500.0,1595.0,1500.0,1500.0,1475.0,1600.0,1500.0,1421.0,1650.0,1595.0,1600.0,1595.0,1595.0,1557.0,1600.0,1625.0,1625.0,1625.0,1700.0,1650.0,1650.0,1600.0,1825.0,1795.0,1750.0,1695.0,1590.0,1625.0,1725.0,1625.0,1725.0,1775.0,1850.0,1610.0,1895.0,1895.0,1895.0,1950.0,1850.0,1795.0,1800.0,1915.0,1950.0,2250.0,1850.0,1895.0,1895.0,1895.0,1900.0,2200.0,1950.0,2050.0,1800.0,1875.0,1923.0,1925.0,2295.0,1999.0,2295.0,2150.0,1900.0,2000.0,2000.0,2000.0,1928.0,1925.0,1929.0,1849.0,2050.0,2050.0,2053.0
Forest Hills,Queens,neighborhood,1550.0,1550.0,1550.0,1550.0,1425.0,1450.0,1600.0,1625.0,1525.0,1512.0,1512.0,1400.0,1450.0,1425.0,1500.0,1625.0,1650.0,1700.0,1650.0,1600.0,1600.0,1650.0,1602.0,1602.0,1550.0,1600.0,1750.0,1750.0,1750.0,1795.0,1700.0,1775.0,1775.0,1725.0,1625.0,1675.0,1675.0,1650.0,1550.0,1595.0,1650.0,1675.0,1685.0,1750.0,1700.0,1675.0,1675.0,1650.0,1700.0,1750.0,1800.0,1750.0,1750.0,1850.0,1800.0,1775.0,1850.0,1800.0,1800.0,1800.0,1950.0,2015.0,1975.0,1875.0,1850.0,1800.0,1885.0,1900.0,1900.0,1825.0,1850.0,1850.0,1850.0,1825.0,1800.0,1900.0,1900.0,1900.0,1900.0,1950.0,1950.0,1900.0,1900.0,1900.0,1850.0,1900.0,1900.0,1900.0,1900.0,1900.0,1900.0,1900.0,1900.0,1895.0,1850.0,1850.0,1850.0,1900.0,1900.0,1900.0,1900.0,1900.0,1900.0,1925.0,1900.0,1875.0,1900.0,1899.0,1899.0,1875.0,1900.0,1925.0,1950.0,1925.0,1975.0,2050.0,2000.0,2000.0,2000.0,1975.0,2000.0,1975.0,1997.0,1994.0,1995.0,1950.0,1900.0,1925.0,1950.0,1950.0,1900.0,1900.0,1877.0,1875.0,1875.0,1890.0,1900.0,1900.0,1900.0,1875.0,1900.0,1925.0,1950.0,1925.0,1975.0,1995.0,2000.0,2050.0,2095.0,2100.0,2100.0,2200.0,2105.0,2150.0,2200.0,2195.0,2150.0,2250.0,2195.0,2250.0,2300.0,2295.0,2450.0,2450.0,2395.0,2375.0,2350.0,2400.0,2395.0,2386.0,2399.0,2400.0,2400.0,2400.0,2395.0,2400.0,2400.0,2495.0,2450.0,2450.0,2400.0,2500.0,2400.0,2450.0,2448.0,2595.0,2700.0,2600.0,2625.0,2700.0,2600.0,2600.0,2600.0,2650.0,2650.0,2800.0,2700.0,2650.0,2750.0,2795.0
Fort Greene,Brooklyn,neighborhood,2100.0,2000.0,2000.0,2000.0,1900.0,1900.0,1800.0,2050.0,2000.0,2250.0,2250.0,2250.0,2250.0,2250.0,2100.0,2200.0,2195.0,2200.0,2300.0,2295.0,2375.0,2350.0,2500.0,2500.0,2499.0,2400.0,2400.0,2350.0,2350.0,2440.0,2450.0,2450.0,2400.0,2075.0,2150.0,2400.0,2450.0,2450.0,2400.0,2195.0,2295.0,2350.0,2495.0,2500.0,2395.0,2395.0,2500.0,2550.0,2500.0,2595.0,2550.0,2595.0,2750.0,2750.0,2600.0,2550.0,2500.0,2500.0,2500.0,2650.0,2600.0,2600.0,2600.0,2700.0,2600.0,2695.0,2700.0,2700.0,2700.0,2695.0,2695.0,2600.0,2695.0,2600.0,2700.0,2650.0,2750.0,2850.0,2700.0,2800.0,2900.0,2900.0,2800.0,2750.0,2750.0,2750.0,2800.0,3075.0,3100.0,3000.0,2800.0,3000.0,2950.0,2900.0,2750.0,2750.0,2700.0,2750.0,2750.0,2650.0,2750.0,2799.0,2750.0,2800.0,2795.0,2900.0,3200.0,3200.0,2699.0,3000.0,3099.0,3175.0,3311.0,3200.0,2949.0,2949.0,2950.0,3000.0,3133.0,3327.0,3310.0,3285.0,3454.0,3485.0,3250.0,2999.0,2799.0,2767.0,2600.0,2650.0,2595.0,2595.0,2600.0,2800.0,2850.0,2900.0,2900.0,2972.0,3600.0,3595.0,3830.0,3777.0,3798.0,3813.0,3915.0,3761.0,3983.0,4000.0,4000.0,4100.0,4000.0,3820.0,3699.0,4069.0,3929.0,3900.0,3768.0,3994.0,4013.0,4066.0,4066.0,3735.0,3950.0,4050.0,4100.0,4100.0,3875.0,3999.0,3990.0,3750.0,4030.0,4250.0,4200.0,4044.0,4000.0,4046.0,4155.0,4160.0,4099.0,4014.0,4116.0,4116.0,4350.0,4350.0,4395.0,4500.0,4450.0,4356.0,4450.0,4300.0,4345.0,4362.0,4300.0,4343.0,4615.0,4600.0,4550.0,4600.0,4400.0,4295.0
Fresh Meadows,Queens,neighborhood,,,,,,,,,,,,,,,,,,,,,1300.0,1300.0,,,,,,,,,,,,,,,1325.0,1275.0,1350.0,1350.0,,,,,,,,1400.0,1400.0,1400.0,1400.0,1400.0,1400.0,1400.0,1400.0,1400.0,1400.0,1550.0,1400.0,1400.0,,,,1400.0,1400.0,,1400.0,1400.0,1400.0,1400.0,1400.0,1400.0,1400.0,1400.0,1400.0,1400.0,1400.0,1400.0,1400.0,1400.0,1400.0,1400.0,1400.0,1400.0,1400.0,1700.0,1700.0,1700.0,1700.0,1400.0,1400.0,1400.0,1400.0,1400.0,1400.0,,,1760.0,1775.0,1745.0,1745.0,1760.0,1690.0,1775.0,1750.0,,1775.0,1749.0,1695.0,1695.0,,1750.0,1750.0,1700.0,1795.0,1795.0,,,1825.0,,2030.0,1750.0,1809.0,,2000.0,,,1800.0,1960.0,1750.0,1750.0,,1812.0,,1800.0,1750.0,,,1725.0,1795.0,,1700.0,,1850.0,1775.0,1700.0,2100.0,1850.0,1850.0,1860.0,1850.0,,,,,,,,,,,2250.0,2195.0,2100.0,2200.0,2395.0,2100.0,2295.0,2200.0,2175.0,2150.0,2200.0,2250.0,2250.0,2300.0,2300.0,2300.0,2250.0,2300.0,2300.0,2350.0,2300.0,2250.0,2295.0,2250.0,2398.0,2395.0,2335.0,2295.0,2300.0,2400.0,2350.0,2400.0,2400.0,2400.0,2400.0,2400.0,2400.0,2400.0,2400.0
Gerritsen Beach,Brooklyn,neighborhood,,,,,,,,,,,,,,,,,,,,,,,,,,,,,,,,,,,,,,,,,,,,,,,,,,,,,,,,,,,,,,,,,,,,,,,,,,,,,,,,,,,,,,1299.0,1199.0,1199.0,,,1100.0,,,,,,,1750.0,2250.0,,,,,,,,,,,,,,,,,1600.0,1600.0,,1700.0,,,,,,,,,,,,,,,,,,,,,,,1600.0,1400.0,1400.0,,,,,,,,,,,,,,,,,,,,,,,,1850.0,,1750.0,1750.0,,,,,,,1800.0,1800.0,,,,,,,,,,,,,,,,,,,,,
Glen Oaks,Queens,neighborhood,,,,,,,,,,,,,,,,,,1675.0,1800.0,1800.0,,1600.0,1750.0,1750.0,1100.0,1400.0,1400.0,1325.0,1325.0,1850.0,1850.0,1700.0,1825.0,1825.0,1825.0,,,,,,,,,,1800.0,1800.0,1800.0,1800.0,1750.0,1750.0,1575.0,1385.0,1325.0,1325.0,1850.0,1850.0,,1400.0,1400.0,1900.0,,1450.0,1450.0,1575.0,1450.0,1350.0,1400.0,1400.0,,1825.0,1825.0,1350.0,1275.0,1275.0,1525.0,,,,,,,1450.0,1450.0,1450.0,,,,1500.0,1500.0,,,,1800.0,1800.0,1800.0,1700.0,1750.0,1750.0,1840.0,1850.0,,2025.0,,,,,1700.0,1865.0,1865.0,,,,,,,,1800.0,1800.0,1800.0,,1875.0,1875.0,,,,1918.0,2900.0,2200.0,2900.0,1925.0,2025.0,2050.0,2600.0,2600.0,2600.0,1892.0,1892.0,1925.0,1950.0,1925.0,,2040.0,2000.0,2040.0,2000.0,,1600.0,,,,1995.0,2150.0,2050.0,1900.0,1900.0,,2150.0,2050.0,1800.0,,,2300.0,2200.0,2300.0,2250.0,2055.0,2055.0,1950.0,2378.0,2378.0,2350.0,2450.0,2450.0,2615.0,1895.0,2500.0,2500.0,2500.0,2475.0,2450.0,2500.0,1950.0,,,2500.0,2000.0,1900.0,2800.0,2600.0,2500.0,2350.0,2350.0,,2600.0,2550.0,2550.0,2550.0,2775.0,2639.0,2639.0
Glendale,Queens,neighborhood,,,,,,,,,1200.0,1200.0,1200.0,1200.0,1200.0,1200.0,1200.0,1200.0,1250.0,1250.0,1250.0,1250.0,,,1100.0,1100.0,1200.0,1200.0,1300.0,1300.0,,1500.0,1500.0,,,1100.0,1200.0,1200.0,1150.0,1150.0,800.0,,,1100.0,1100.0,1400.0,1200.0,1200.0,1325.0,1200.0,1200.0,1200.0,,1795.0,1675.0,1675.0,1300.0,1300.0,1500.0,,1350.0,,1299.0,1350.0,1350.0,1200.0,1400.0,1400.0,1400.0,1400.0,1500.0,1500.0,1500.0,1450.0,1500.0,1500.0,1550.0,1650.0,1700.0,1520.0,1500.0,1500.0,1450.0,1500.0,1500.0,1550.0,1550.0,1550.0,1550.0,1600.0,1575.0,1600.0,1600.0,1600.0,1650.0,1650.0,1350.0,1250.0,1550.0,1500.0,1600.0,1600.0,1650.0,1550.0,1795.0,1625.0,1500.0,1650.0,1600.0,1600.0,1600.0,1800.0,1800.0,1700.0,1900.0,1600.0,1600.0,1600.0,1600.0,1650.0,1800.0,1750.0,1700.0,1700.0,1750.0,1600.0,1600.0,1650.0,1700.0,1700.0,1700.0,2100.0,1800.0,1850.0,1650.0,1600.0,1699.0,1650.0,1500.0,1600.0,1600.0,1675.0,1650.0,1899.0,1899.0,1599.0,1600.0,1650.0,1700.0,1850.0,1800.0,1800.0,1795.0,1950.0,1900.0,1955.0,2099.0,2150.0,1950.0,2000.0,2099.0,2099.0,2100.0,1900.0,2000.0,2000.0,2100.0,2300.0,2200.0,2195.0,2200.0,2200.0,2100.0,1850.0,1850.0,2200.0,2200.0,2050.0,2350.0,1950.0,1850.0,2300.0,2100.0,2200.0,2100.0,2100.0,2100.0,2099.0,2300.0,2200.0,2400.0,2499.0,2500.0,2200.0,2400.0,2500.0,2442.0,2400.0,2442.0,2495.0,2500.0,2500.0
Gowanus,Brooklyn,neighborhood,1600.0,1400.0,1300.0,1300.0,2000.0,2300.0,2150.0,1995.0,1995.0,2100.0,2100.0,2200.0,2000.0,2000.0,1900.0,2150.0,2150.0,2300.0,2995.0,3475.0,3495.0,3525.0,2861.0,3183.0,2300.0,,2360.0,2395.0,2280.0,2100.0,2000.0,2000.0,2500.0,3105.0,3205.0,3184.0,2630.0,3000.0,2950.0,2950.0,2950.0,2950.0,2800.0,2800.0,2600.0,2350.0,2500.0,2500.0,2500.0,2500.0,2500.0,2650.0,2600.0,2800.0,2850.0,2200.0,2350.0,2500.0,2500.0,2500.0,2500.0,2500.0,2600.0,2500.0,2550.0,2600.0,2575.0,2700.0,2900.0,2400.0,2100.0,2150.0,2600.0,2400.0,2900.0,3000.0,3037.0,2625.0,2800.0,3129.0,3000.0,2800.0,2867.0,2867.0,2550.0,2650.0,2993.0,2500.0,2795.0,2800.0,2800.0,2700.0,2840.0,2888.0,2860.0,2500.0,2910.0,2704.0,2495.0,2770.0,3025.0,2905.0,3117.0,3295.0,2600.0,2908.0,2401.0,2495.0,2950.0,2500.0,2600.0,2500.0,2500.0,3200.0,2995.0,2750.0,3500.0,3635.0,3484.0,3385.0,2350.0,3250.0,3300.0,3150.0,2749.0,2550.0,2650.0,2575.0,2650.0,2500.0,2500.0,2600.0,2500.0,2400.0,2500.0,2850.0,2987.0,3150.0,3150.0,2900.0,2450.0,3300.0,3095.0,2250.0,3000.0,3700.0,3600.0,3150.0,3495.0,3599.0,3395.0,3500.0,3700.0,3275.0,3400.0,3700.0,3975.0,4095.0,4000.0,4000.0,4127.0,3195.0,3975.0,4040.0,3925.0,3850.0,3800.0,3800.0,3800.0,3900.0,3900.0,4100.0,3795.0,3375.0,3925.0,3975.0,3900.0,3895.0,3995.0,4316.0,4100.0,4295.0,4350.0,4200.0,4350.0,4350.0,4450.0,4325.0,4280.0,4240.0,4243.0,4350.0,4360.0,4400.0,4495.0,4550.0,4447.0,4375.0,4195.0,4195.0
Gramercy Park,Manhattan,neighborhood,3000.0,3000.0,2900.0,3200.0,3200.0,3000.0,3100.0,3100.0,3200.0,3200.0,3300.0,3200.0,3100.0,3100.0,3100.0,3100.0,3000.0,3300.0,3225.0,3250.0,3400.0,3500.0,3495.0,3450.0,3450.0,3395.0,3395.0,3250.0,3200.0,3295.0,3200.0,3200.0,3295.0,3500.0,3500.0,3350.0,3200.0,3400.0,3500.0,3500.0,3500.0,3400.0,3400.0,3300.0,3500.0,3500.0,3595.0,3500.0,3550.0,3500.0,3500.0,3550.0,3400.0,3700.0,3350.0,3350.0,3500.0,3550.0,3500.0,3500.0,3600.0,3550.0,3000.0,3250.0,3450.0,3800.0,3650.0,3650.0,3700.0,3550.0,3500.0,3550.0,3650.0,3795.0,3850.0,3895.0,3850.0,3700.0,3800.0,3625.0,3599.0,3495.0,3200.0,3300.0,3495.0,3750.0,3599.0,3655.0,3595.0,3500.0,3500.0,3500.0,3690.0,3495.0,3400.0,3495.0,3675.0,3500.0,3428.0,3370.0,3500.0,3400.0,3450.0,3450.0,3600.0,3600.0,3795.0,3650.0,3400.0,3700.0,3850.0,3800.0,3895.0,3900.0,3945.0,3950.0,3995.0,3800.0,3808.0,3945.0,3945.0,3945.0,3945.0,3530.0,3392.0,3500.0,3500.0,3495.0,3375.0,3250.0,3200.0,3100.0,3200.0,3250.0,3200.0,3300.0,3345.0,3300.0,3354.0,3450.0,3800.0,3800.0,3750.0,4495.0,4300.0,3995.0,4200.0,4395.0,4495.0,4500.0,4588.0,4400.0,4900.0,4500.0,4300.0,4000.0,4500.0,4500.0,4400.0,4500.0,4600.0,4650.0,4750.0,4500.0,4455.0,4450.0,4200.0,4000.0,4500.0,4200.0,4550.0,4750.0,4600.0,4495.0,4650.0,4500.0,4525.0,4500.0,4300.0,4350.0,4700.0,4850.0,4500.0,4795.0,4650.0,4850.0,4950.0,5000.0,4995.0,5000.0,5000.0,5100.0,4650.0,4995.0,5250.0,5250.0,5199.0,5300.0,5500.0,5500.0
Gravesend,Brooklyn,neighborhood,,1300.0,1233.0,1233.0,1175.0,850.0,1100.0,1100.0,1200.0,1300.0,1300.0,1275.0,1250.0,1215.0,1200.0,1200.0,1200.0,1200.0,1200.0,1200.0,1200.0,1200.0,1200.0,1225.0,1250.0,1250.0,1000.0,1250.0,1250.0,1250.0,1275.0,1249.0,1200.0,1225.0,1225.0,1225.0,1375.0,1375.0,1325.0,1375.0,1375.0,1375.0,1325.0,1275.0,1300.0,1300.0,1350.0,1275.0,1275.0,1400.0,1325.0,1325.0,1400.0,1400.0,1300.0,1300.0,1325.0,1400.0,1500.0,1450.0,1450.0,1395.0,1350.0,1400.0,1500.0,1525.0,1499.0,1499.0,1499.0,1350.0,1475.0,1499.0,1450.0,1575.0,1575.0,1700.0,1675.0,1600.0,1575.0,1600.0,1625.0,1600.0,1599.0,1599.0,1649.0,1625.0,1600.0,1600.0,1600.0,1650.0,1650.0,1600.0,1600.0,1599.0,1695.0,1690.0,1625.0,1650.0,1625.0,1625.0,1600.0,1600.0,1650.0,1650.0,1650.0,1650.0,1650.0,1650.0,1650.0,1665.0,1650.0,1670.0,1600.0,1650.0,1650.0,1699.0,1700.0,1695.0,1650.0,1695.0,1675.0,1749.0,1695.0,1750.0,1650.0,1699.0,1675.0,1725.0,1695.0,1690.0,1700.0,1650.0,1625.0,1625.0,1650.0,1675.0,1725.0,1745.0,1750.0,1725.0,1675.0,1700.0,1700.0,1700.0,1750.0,1750.0,1750.0,1700.0,1725.0,1795.0,1875.0,1850.0,1700.0,1725.0,1675.0,1800.0,1850.0,1800.0,1950.0,1950.0,1800.0,1821.0,1850.0,1800.0,1825.0,1700.0,1850.0,1900.0,3235.0,3245.0,3384.0,3443.0,3312.0,3385.0,3050.0,2250.0,2700.0,2400.0,2195.0,2200.0,2000.0,2200.0,2100.0,2200.0,3150.0,3150.0,3150.0,3150.0,3150.0,3149.0,3149.0,2500.0,3081.0,3081.0,2095.0,3175.0,2600.0,2450.0,2200.0,3220.0
Greenpoint,Brooklyn,neighborhood,2100.0,2100.0,2145.0,1995.0,2100.0,1850.0,1900.0,2150.0,2200.0,2500.0,2450.0,2450.0,1950.0,1900.0,2500.0,1800.0,1800.0,2000.0,2200.0,2200.0,1800.0,2500.0,1850.0,1850.0,2095.0,2300.0,2200.0,2400.0,2400.0,2300.0,1995.0,2100.0,2200.0,2000.0,2400.0,2400.0,2000.0,2000.0,1950.0,2150.0,2300.0,2400.0,2550.0,2600.0,2500.0,2450.0,2250.0,2350.0,2550.0,2595.0,2350.0,2400.0,2500.0,2500.0,2500.0,2640.0,2500.0,2475.0,2495.0,2350.0,2000.0,2100.0,2200.0,2400.0,2350.0,2500.0,2500.0,2500.0,2550.0,2600.0,2500.0,2400.0,2500.0,2475.0,2495.0,2550.0,2500.0,2550.0,2550.0,2395.0,2495.0,2500.0,2500.0,2495.0,2400.0,2450.0,2500.0,2500.0,2495.0,2695.0,2595.0,2500.0,2550.0,2429.0,2429.0,2400.0,2400.0,2308.0,2400.0,2300.0,2400.0,2495.0,2500.0,2700.0,2400.0,2540.0,2500.0,2450.0,2599.0,2650.0,2550.0,2500.0,2750.0,2600.0,2600.0,2900.0,2900.0,2700.0,2650.0,2650.0,2975.0,2995.0,3100.0,3200.0,3000.0,2600.0,2500.0,2599.0,2550.0,2450.0,2400.0,2450.0,2350.0,2400.0,2400.0,2400.0,2400.0,2500.0,2495.0,2699.0,2500.0,2650.0,2900.0,3000.0,3150.0,3200.0,3150.0,3600.0,3500.0,3799.0,4300.0,4095.0,4000.0,4050.0,4000.0,4200.0,3900.0,3800.0,3995.0,4000.0,3750.0,3750.0,4000.0,4195.0,4200.0,4100.0,4020.0,4086.0,4000.0,4195.0,4100.0,4100.0,3995.0,4200.0,4000.0,4100.0,4065.0,4100.0,4255.0,4350.0,4473.0,4350.0,4350.0,4520.0,4320.0,4500.0,4516.0,4500.0,4500.0,4447.0,4425.0,4396.0,4468.0,4550.0,4500.0,4500.0,4500.0,4600.0,4585.0,4650.0
Greenwich Village,Manhattan,neighborhood,3200.0,3225.0,3000.0,3000.0,3000.0,3250.0,3000.0,3000.0,3500.0,3695.0,3400.0,3400.0,3400.0,3400.0,3250.0,3250.0,3400.0,3200.0,3095.0,3400.0,3650.0,3500.0,3500.0,3550.0,3600.0,3450.0,3500.0,3700.0,3600.0,3450.0,3550.0,3595.0,3650.0,3600.0,3500.0,3600.0,3500.0,3600.0,3595.0,3500.0,3500.0,3650.0,3600.0,3500.0,3500.0,3700.0,3700.0,3750.0,3750.0,3850.0,3799.0,3750.0,3800.0,3600.0,3395.0,3450.0,3595.0,3895.0,3950.0,3900.0,3950.0,3800.0,3750.0,3750.0,3600.0,3500.0,3550.0,4095.0,4195.0,4195.0,3995.0,4000.0,3850.0,3700.0,3700.0,3800.0,3850.0,3795.0,3795.0,3700.0,3800.0,3995.0,3700.0,3850.0,3850.0,3895.0,3900.0,3900.0,3700.0,3675.0,3800.0,3750.0,3800.0,3750.0,3695.0,3800.0,3600.0,3750.0,3650.0,3700.0,3495.0,3700.0,3750.0,3750.0,3899.0,3850.0,3900.0,3950.0,4000.0,3950.0,3990.0,3995.0,3995.0,3700.0,3995.0,3927.0,4200.0,4300.0,4100.0,3995.0,4000.0,4195.0,4195.0,3900.0,3900.0,3700.0,3550.0,3425.0,3400.0,3350.0,3200.0,3295.0,3200.0,3425.0,3300.0,3300.0,3450.0,3750.0,3600.0,3995.0,4195.0,4400.0,4250.0,4895.0,4495.0,4495.0,4795.0,3995.0,4200.0,4363.0,4600.0,4700.0,4950.0,4495.0,4595.0,4500.0,4750.0,4950.0,4500.0,4500.0,4995.0,4800.0,4700.0,4695.0,4500.0,4600.0,4700.0,4850.0,4725.0,4595.0,4795.0,4895.0,5050.0,5000.0,4500.0,4500.0,4800.0,5100.0,5095.0,5000.0,5250.0,5500.0,5400.0,5090.0,5095.0,5050.0,5495.0,5495.0,5500.0,5495.0,5500.0,5750.0,5700.0,5650.0,5500.0,5200.0,5350.0,5650.0,5950.0,5750.0
Greenwood,Brooklyn,neighborhood,1700.0,1575.0,1575.0,1700.0,1700.0,1700.0,1650.0,2300.0,2200.0,1550.0,1550.0,1650.0,1395.0,1395.0,1575.0,1500.0,2600.0,2300.0,1400.0,1400.0,2300.0,1550.0,1395.0,1275.0,1500.0,1900.0,1650.0,1600.0,1550.0,1750.0,1750.0,1750.0,1750.0,1750.0,1400.0,1850.0,1800.0,1650.0,1900.0,1900.0,1695.0,1850.0,1875.0,1875.0,1890.0,1750.0,1700.0,1800.0,1650.0,1775.0,1800.0,1750.0,1800.0,1800.0,1850.0,1850.0,1898.0,1700.0,1699.0,1700.0,1775.0,1995.0,1950.0,1900.0,2000.0,1995.0,2000.0,2099.0,2050.0,1900.0,2000.0,1999.0,2050.0,1950.0,2100.0,2100.0,1975.0,1900.0,1925.0,1999.0,1995.0,1800.0,1983.0,1995.0,1995.0,2000.0,1995.0,2000.0,2000.0,2099.0,1995.0,1950.0,2000.0,2300.0,2400.0,2150.0,2000.0,1900.0,1975.0,1925.0,2150.0,2470.0,2150.0,2100.0,2200.0,2100.0,2100.0,1999.0,2000.0,1950.0,1950.0,1900.0,2199.0,2000.0,2000.0,2150.0,2100.0,2200.0,2150.0,1750.0,2000.0,2000.0,2500.0,2292.0,2350.0,2350.0,2250.0,1999.0,1950.0,1999.0,1800.0,1800.0,1800.0,1850.0,1863.0,1899.0,1895.0,2000.0,2100.0,2100.0,2250.0,2100.0,2095.0,2000.0,2350.0,2199.0,2200.0,2600.0,2650.0,2475.0,2500.0,2800.0,2650.0,2500.0,2600.0,3100.0,2600.0,2800.0,2600.0,2650.0,2700.0,2700.0,2700.0,2500.0,2600.0,2500.0,2500.0,2850.0,2750.0,2650.0,2800.0,2700.0,3000.0,3000.0,2800.0,2800.0,3000.0,3000.0,3000.0,2950.0,3100.0,3500.0,3275.0,3000.0,3300.0,3595.0,3350.0,3370.0,3575.0,3400.0,3320.0,3400.0,3400.0,3450.0,3525.0,3585.0,3666.0,3625.0,3755.0,3400.0
Hamilton Heights,Manhattan,neighborhood,1500.0,1500.0,1500.0,1500.0,1575.0,1595.0,1550.0,1450.0,1550.0,1600.0,1600.0,1700.0,1650.0,1550.0,1600.0,1600.0,1600.0,1575.0,1700.0,1750.0,2050.0,1950.0,1850.0,1850.0,1900.0,1750.0,1600.0,1650.0,1750.0,1700.0,1650.0,1650.0,1550.0,1625.0,1700.0,1699.0,1600.0,1600.0,1550.0,1500.0,1550.0,1600.0,1600.0,1750.0,1850.0,1750.0,1600.0,1600.0,1600.0,1650.0,1600.0,1750.0,1800.0,1800.0,1750.0,1700.0,1700.0,1800.0,1850.0,1800.0,1725.0,1750.0,1775.0,1700.0,1800.0,1850.0,1850.0,1850.0,1795.0,1795.0,1800.0,1800.0,1800.0,1800.0,1900.0,1850.0,1850.0,1900.0,1850.0,1850.0,1850.0,1900.0,1975.0,1899.0,1900.0,1900.0,1900.0,1900.0,1900.0,1900.0,1955.0,1950.0,1995.0,1900.0,1950.0,2000.0,1895.0,1875.0,1899.0,1925.0,2000.0,1900.0,1900.0,1900.0,1950.0,1900.0,1875.0,1900.0,1925.0,1971.0,1950.0,2000.0,2000.0,2000.0,1995.0,1995.0,2150.0,2150.0,1950.0,1995.0,1967.0,2095.0,2195.0,2095.0,2050.0,2000.0,2080.0,1995.0,1950.0,1950.0,1900.0,1900.0,1900.0,1900.0,1900.0,1900.0,1900.0,1950.0,1975.0,1975.0,2000.0,1995.0,1975.0,1950.0,1950.0,1950.0,1975.0,2100.0,2150.0,2250.0,2300.0,2300.0,2300.0,2295.0,2200.0,2200.0,2250.0,2300.0,2300.0,2250.0,2400.0,2450.0,2400.0,2495.0,2450.0,2350.0,2450.0,2400.0,2500.0,2620.0,2595.0,2500.0,2500.0,2550.0,2500.0,2450.0,2450.0,2300.0,2400.0,2500.0,2400.0,2500.0,2650.0,2650.0,2650.0,2600.0,2700.0,2708.0,2695.0,2695.0,2700.0,2700.0,2650.0,2650.0,2699.0,2700.0,2750.0,2825.0,2850.0,2850.0
Highbridge,Bronx,neighborhood,,1099.0,1099.0,1099.0,,,,,,,,,,,,,845.0,,,845.0,845.0,,1175.0,1150.0,1150.0,1200.0,1200.0,1025.0,1150.0,1125.0,1125.0,1200.0,1099.0,1099.0,1075.0,1199.0,1199.0,1150.0,1125.0,1200.0,1150.0,1200.0,1200.0,1200.0,1200.0,1200.0,1150.0,1150.0,1200.0,1175.0,1225.0,1245.0,1245.0,,,1200.0,1175.0,,1025.0,1025.0,1250.0,1250.0,1249.0,1295.0,1250.0,1225.0,1225.0,1095.0,1199.0,1299.0,1325.0,1250.0,1330.0,1245.0,1200.0,1450.0,1300.0,1300.0,,1350.0,1575.0,1599.0,1395.0,1350.0,1395.0,1495.0,1550.0,1399.0,1495.0,1495.0,1450.0,1399.0,1399.0,1350.0,1450.0,1469.0,1499.0,1575.0,1575.0,1500.0,1500.0,1475.0,1525.0,1475.0,1600.0,1500.0,1600.0,1600.0,1575.0,1550.0,1550.0,1550.0,1550.0,1625.0,1741.0,1650.0,1650.0,1625.0,1625.0,1800.0,1800.0,1800.0,1899.0,1800.0,1800.0,1695.0,1750.0,1800.0,1775.0,1675.0,1675.0,1595.0,1595.0,1649.0,1775.0,1750.0,1750.0,1804.0,1850.0,1904.0,1725.0,1700.0,1700.0,1695.0,1904.0,1849.0,1785.0,1750.0,1900.0,1950.0,1795.0,1895.0,1750.0,1725.0,1725.0,1725.0,1795.0,1799.0,1825.0,1850.0,2300.0,2500.0,2096.0,2000.0,1950.0,1950.0,1975.0,2095.0,1985.0,1900.0,1900.0,2085.0,2000.0,1999.0,2233.0,1989.0,2299.0,2114.0,1900.0,1895.0,1895.0,1695.0,2000.0,2000.0,2599.0,2350.0,2294.0,2618.0,2635.0,2700.0,2800.0,1575.0,1795.0,1795.0,1500.0,1753.0,1753.0,2293.0,2295.0,2200.0
Hillcrest,Queens,neighborhood,1300.0,1300.0,,,,,,,,,,,,,,,,,800.0,,,,,,,,,,,,,,,,,,,,,,,,,,,,,,,,950.0,950.0,,,,,,,,,,,,,,,,,,,,,,,1600.0,1600.0,1600.0,1600.0,,,1700.0,,1500.0,1500.0,1500.0,1700.0,1500.0,1500.0,1500.0,1500.0,1500.0,,1800.0,,,1450.0,,,,,,,,,,,,,1800.0,,1900.0,,1400.0,1295.0,1800.0,1800.0,,,1425.0,1425.0,,1800.0,,,1400.0,1375.0,1550.0,1550.0,,,,,,,,,,,1900.0,1900.0,,1650.0,1650.0,,,1675.0,1650.0,1895.0,2300.0,,,,1800.0,,1750.0,1700.0,1900.0,,,,1800.0,1750.0,1650.0,2000.0,,,,2200.0,,1900.0,1950.0,,,2000.0,1850.0,1850.0,2100.0,1950.0,1850.0,1850.0,1850.0,,,,,,1850.0,1999.0,,,,,,2200.0,2450.0,,,,,
Hollis,Queens,neighborhood,,,,,,,,,,,,,,,,,,,,,,,,,,,,,,,,,,,,,,,,,,,,,,,,,,,,1400.0,1400.0,,1298.0,1498.0,,,1100.0,1100.0,1300.0,1300.0,,1600.0,1500.0,1425.0,1398.0,1550.0,,1399.0,,,,,1800.0,1400.0,1350.0,1250.0,,1425.0,1400.0,1400.0,1675.0,,,1450.0,1400.0,1400.0,1495.0,1495.0,1450.0,1450.0,,1300.0,,1400.0,1450.0,1450.0,1400.0,1450.0,,,,1495.0,,,,,,,,,1550.0,1550.0,1650.0,1625.0,1600.0,,1500.0,1600.0,1599.0,1750.0,1470.0,,,1592.0,1595.0,1600.0,1525.0,1300.0,1465.0,1550.0,1550.0,1500.0,1500.0,1600.0,1550.0,1050.0,1618.0,1618.0,1414.0,1570.0,1795.0,1795.0,2000.0,1642.0,1642.0,1795.0,1795.0,,1600.0,,1800.0,1995.0,1799.0,1850.0,2299.0,1350.0,1899.0,1799.0,1895.0,1895.0,1795.0,1995.0,2095.0,2095.0,2095.0,1595.0,1595.0,1800.0,1995.0,1929.0,1899.0,1899.0,1950.0,1967.0,1929.0,1967.0,2000.0,1929.0,1929.0,1929.0,1929.0,1929.0,2200.0,2300.0,1563.0,1999.0,1999.0,1999.0,1968.0,1969.0,2031.0,2250.0,2225.0,2225.0,2225.0,2225.0,2275.0,2275.0
Howard Beach,Queens,neighborhood,1200.0,1200.0,1200.0,1200.0,1200.0,1200.0,,,,,,,,,,,,,,,,,,,,,,,,,,,,1100.0,1100.0,1100.0,1100.0,1100.0,,,,,1550.0,,,,,,,,,,,,,,,,1500.0,1500.0,,,,,,,,,1400.0,1400.0,1400.0,1300.0,1300.0,2500.0,1800.0,,,,1500.0,,1990.0,1990.0,1500.0,1500.0,1500.0,1500.0,1500.0,1500.0,1350.0,1350.0,1600.0,1500.0,1500.0,1475.0,1250.0,1250.0,1400.0,1700.0,1500.0,1495.0,1495.0,,2000.0,1499.0,1500.0,1600.0,1550.0,1550.0,,1750.0,1750.0,1500.0,1500.0,,,,,,1800.0,1750.0,,,1800.0,,,,2200.0,2200.0,1800.0,1700.0,1600.0,1600.0,1700.0,,1299.0,1900.0,,1700.0,1700.0,1700.0,1700.0,1700.0,1700.0,1700.0,1500.0,1600.0,1799.0,1600.0,1600.0,1450.0,1400.0,1450.0,1800.0,1650.0,1650.0,1500.0,1900.0,,2150.0,,1600.0,1800.0,1800.0,1550.0,1450.0,2450.0,2450.0,,1800.0,1800.0,1350.0,2100.0,2300.0,,,1900.0,1400.0,1850.0,2150.0,2300.0,1900.0,1750.0,2000.0,1900.0,1900.0,2550.0,1999.0,1600.0,1850.0,,,2500.0,,2100.0,,2200.0,2500.0,1900.0,2100.0,1650.0
Hunts Point,Bronx,neighborhood,,,,,,,,,,,,,,,,,,,,,,925.0,925.0,,,,,,,,,,,,,,,,,,,,,,,,,,,,,,,,,,925.0,925.0,,,,1225.0,950.0,950.0,950.0,1275.0,1275.0,1275.0,1400.0,1400.0,1399.0,1300.0,1290.0,,,1300.0,1300.0,,,,,,1600.0,1350.0,1350.0,1350.0,1350.0,1200.0,1250.0,1350.0,1350.0,1325.0,,,1375.0,1375.0,1375.0,1350.0,1395.0,1395.0,1395.0,1425.0,1400.0,1545.0,1545.0,1500.0,1500.0,1425.0,,,1595.0,1595.0,1399.0,1400.0,1400.0,1400.0,1500.0,1500.0,2000.0,2000.0,2000.0,1599.0,1599.0,,,,,,1550.0,1475.0,1500.0,1500.0,1500.0,1500.0,1500.0,,,,1400.0,1400.0,,1450.0,1950.0,1950.0,2000.0,2000.0,2000.0,1850.0,1700.0,1850.0,1850.0,1850.0,1850.0,,,,2387.0,1500.0,,,,,1750.0,1750.0,,,,,2240.0,2240.0,2000.0,,,,,1550.0,,,,,,1850.0,1850.0,1700.0,1700.0,1700.0,1700.0,2200.0,2200.0,,,,1875.0,1875.0,1895.0,,,,,
Inwood,Manhattan,neighborhood,1275.0,1275.0,1256.0,1275.0,1299.0,1250.0,1299.0,1450.0,1400.0,1400.0,1450.0,1350.0,1400.0,1495.0,1395.0,1395.0,1350.0,1300.0,1350.0,1350.0,1170.0,1450.0,1350.0,1350.0,1380.0,1400.0,1425.0,1380.0,1380.0,1375.0,1450.0,1475.0,1450.0,1300.0,1300.0,1340.0,1350.0,1350.0,1350.0,1350.0,1350.0,1350.0,1350.0,1450.0,1475.0,1450.0,1400.0,1420.0,1420.0,1485.0,1453.0,1450.0,1450.0,1495.0,1500.0,1550.0,1550.0,1550.0,1595.0,1500.0,1500.0,1540.0,1500.0,1500.0,1595.0,1595.0,1595.0,1600.0,1575.0,1600.0,1625.0,1650.0,1650.0,1650.0,1600.0,1600.0,1650.0,1650.0,1700.0,1650.0,1650.0,1645.0,1675.0,1695.0,1600.0,1600.0,1675.0,1695.0,1750.0,1750.0,1700.0,1700.0,1750.0,1750.0,1650.0,1675.0,1695.0,1700.0,1750.0,1800.0,1795.0,1800.0,1800.0,1750.0,1750.0,1750.0,1750.0,1779.0,1745.0,1750.0,1795.0,1795.0,1775.0,1795.0,1825.0,1825.0,1850.0,1925.0,1795.0,1820.0,1834.0,1800.0,1800.0,1850.0,1869.0,1800.0,1776.0,1800.0,1797.0,1759.0,1765.0,1765.0,1750.0,1725.0,1750.0,1775.0,1776.0,1750.0,1776.0,1800.0,1800.0,1825.0,1850.0,1850.0,1850.0,1875.0,1875.0,1888.0,1875.0,1900.0,1995.0,2000.0,1995.0,1995.0,1978.0,1950.0,1955.0,1955.0,1975.0,2000.0,2000.0,1995.0,1975.0,2000.0,2100.0,1975.0,1995.0,2000.0,1975.0,1995.0,1995.0,1995.0,2050.0,2000.0,2000.0,2095.0,2000.0,2000.0,2000.0,2000.0,2100.0,2138.0,2138.0,2350.0,2450.0,2750.0,3150.0,2950.0,3000.0,2600.0,2795.0,2920.0,3219.0,3160.0,3135.0,3229.0,3250.0,2500.0,2400.0,2550.0
Jackson Heights,Queens,neighborhood,1200.0,1250.0,1150.0,1150.0,1350.0,1350.0,1375.0,1300.0,1300.0,1325.0,1345.0,1350.0,1345.0,1299.0,1275.0,1300.0,1345.0,1350.0,1295.0,1325.0,1300.0,1275.0,1295.0,1400.0,1350.0,1350.0,1300.0,1300.0,1400.0,1425.0,1400.0,1496.0,1400.0,1300.0,1300.0,1400.0,1425.0,1445.0,1445.0,1500.0,1500.0,1500.0,1450.0,1475.0,1500.0,1500.0,1500.0,1500.0,1575.0,1600.0,1700.0,1750.0,1750.0,1700.0,1650.0,1650.0,1650.0,1700.0,1700.0,1700.0,1700.0,1725.0,1742.0,1725.0,1700.0,1700.0,1700.0,1700.0,1795.0,1725.0,1750.0,1750.0,1700.0,1750.0,1700.0,1750.0,1795.0,1800.0,1800.0,1800.0,1750.0,1800.0,1800.0,1775.0,1775.0,1750.0,1795.0,1750.0,1750.0,1750.0,1795.0,1785.0,1800.0,1750.0,1750.0,1795.0,1800.0,1850.0,1800.0,1850.0,1800.0,1800.0,1825.0,1797.0,1780.0,1795.0,1750.0,1764.0,1749.0,1750.0,1775.0,1750.0,1800.0,1850.0,1900.0,1835.0,1900.0,1895.0,1900.0,1900.0,1843.0,1965.0,1900.0,1900.0,1800.0,1800.0,1865.0,1900.0,1795.0,1825.0,1800.0,1775.0,1775.0,1800.0,1800.0,1750.0,1750.0,1750.0,1750.0,1825.0,1835.0,1850.0,1850.0,1900.0,1899.0,1850.0,1850.0,1899.0,1900.0,1900.0,2000.0,1999.0,2000.0,2050.0,2150.0,2050.0,2000.0,2100.0,2125.0,2099.0,2100.0,2000.0,2199.0,2260.0,2275.0,2200.0,2200.0,2200.0,2200.0,2150.0,2150.0,2100.0,2200.0,2155.0,2155.0,2175.0,2299.0,2250.0,2250.0,2250.0,2200.0,2200.0,2200.0,2200.0,2215.0,2375.0,2450.0,2300.0,2325.0,2400.0,2400.0,2450.0,2350.0,2350.0,2395.0,2395.0,2400.0,2625.0,2500.0,2595.0
Jamaica,Queens,neighborhood,1100.0,1000.0,1000.0,1100.0,,,,,,,,,,1100.0,1100.0,1100.0,1100.0,1100.0,1100.0,1100.0,1100.0,1100.0,,,1499.0,1499.0,1499.0,1499.0,1499.0,1499.0,1499.0,1495.0,1495.0,1249.0,1249.0,,,,1450.0,1575.0,1595.0,1595.0,1650.0,1750.0,1650.0,1595.0,1650.0,1595.0,1575.0,1595.0,1595.0,1595.0,1595.0,1200.0,1595.0,1675.0,1595.0,1575.0,1695.0,1575.0,1575.0,1695.0,1695.0,1275.0,1275.0,1450.0,1600.0,1600.0,1500.0,1500.0,1500.0,1300.0,1600.0,1500.0,1395.0,1995.0,1300.0,1300.0,1200.0,1833.0,1833.0,1833.0,1833.0,1800.0,1833.0,1875.0,1950.0,2000.0,1950.0,2095.0,1600.0,1925.0,1895.0,1895.0,2000.0,1850.0,2000.0,1913.0,1950.0,1869.0,1879.0,2000.0,2075.0,2170.0,2170.0,2170.0,2170.0,2080.0,2170.0,1985.0,2100.0,2170.0,2170.0,2170.0,2170.0,2250.0,2170.0,2195.0,2200.0,2195.0,2200.0,2202.0,2202.0,2150.0,2175.0,2019.0,2100.0,2030.0,2050.0,2110.0,2110.0,2110.0,2210.0,2285.0,2006.0,1995.0,2075.0,2170.0,2225.0,2511.0,2300.0,2442.0,2442.0,2350.0,2400.0,2347.0,2360.0,2370.0,2595.0,2600.0,2600.0,2635.0,2590.0,2560.0,2625.0,2605.0,2620.0,2680.0,2622.0,2675.0,2685.0,2700.0,2699.0,2695.0,2698.0,2700.0,2700.0,2650.0,2725.0,2850.0,2825.0,2800.0,2725.0,2750.0,2790.0,2775.0,2785.0,2795.0,2795.0,2730.0,2726.0,2725.0,2700.0,2700.0,2800.0,2780.0,2840.0,2855.0,2790.0,2800.0,2860.0,2810.0,2831.0,2800.0,2800.0,2800.0,2795.0,2700.0,2725.0,2800.0
Jamaica Estates,Queens,neighborhood,,,,,,,,,1200.0,1200.0,,1450.0,1300.0,1300.0,1300.0,1300.0,,,1225.0,1175.0,1225.0,1195.0,1400.0,1400.0,1400.0,1400.0,1400.0,1400.0,1175.0,1175.0,1175.0,1325.0,,,,,1825.0,1825.0,1695.0,1650.0,1600.0,2575.0,1300.0,1450.0,1450.0,1450.0,1450.0,1500.0,1450.0,1450.0,1500.0,1500.0,1500.0,1650.0,1650.0,1650.0,1650.0,1650.0,1550.0,1425.0,1599.0,1550.0,1550.0,1650.0,1550.0,1575.0,1599.0,1650.0,1500.0,1650.0,1650.0,1500.0,1600.0,1650.0,1595.0,1625.0,1625.0,1625.0,1650.0,1700.0,1695.0,1695.0,1600.0,1599.0,1625.0,1550.0,1650.0,1795.0,1600.0,1650.0,1650.0,1575.0,1800.0,1595.0,1900.0,1800.0,1775.0,1550.0,1700.0,1750.0,1795.0,1795.0,1799.0,1765.0,1765.0,1675.0,1775.0,1795.0,1755.0,1725.0,1775.0,1650.0,1895.0,1895.0,1795.0,1795.0,1750.0,1833.0,1825.0,1750.0,1675.0,1850.0,1795.0,1700.0,1795.0,1775.0,1825.0,1875.0,1795.0,1795.0,1750.0,1800.0,1895.0,1795.0,1800.0,1850.0,1825.0,1845.0,1900.0,1975.0,1950.0,1875.0,1895.0,1750.0,1750.0,1850.0,1850.0,1850.0,1895.0,1950.0,1875.0,1950.0,1900.0,1985.0,1900.0,1900.0,1825.0,1850.0,1995.0,1950.0,1950.0,2025.0,2450.0,2200.0,2199.0,2213.0,2150.0,2100.0,2095.0,2025.0,2025.0,2000.0,2100.0,2100.0,2195.0,2195.0,2147.0,2075.0,2050.0,2195.0,2100.0,2100.0,2450.0,2550.0,2500.0,2700.0,2275.0,2250.0,2150.0,2200.0,2140.0,2200.0,2300.0,2300.0,2295.0,2325.0,2350.0,2700.0,2400.0,3050.0
Jamaica Hills,Queens,neighborhood,,,,,,,,1199.0,1199.0,1199.0,,,,,,,,,,,,,1300.0,1300.0,1300.0,1300.0,1300.0,1250.0,1300.0,1250.0,1300.0,1300.0,1300.0,,,,,,,,,,,,,,,,,,,,,,,,1300.0,1300.0,1300.0,1300.0,1300.0,1445.0,,,1350.0,1625.0,1625.0,1650.0,1699.0,1699.0,1599.0,,,,1599.0,,,1625.0,1400.0,1400.0,1600.0,1600.0,1600.0,1575.0,1575.0,1550.0,1500.0,1625.0,1625.0,1795.0,1795.0,,,,,,1595.0,1850.0,1850.0,1850.0,1800.0,1800.0,,,,,,,,1495.0,1495.0,1800.0,1195.0,1600.0,1725.0,1795.0,1600.0,1700.0,1700.0,1700.0,1850.0,1850.0,1850.0,1850.0,1850.0,1850.0,1850.0,1800.0,1800.0,1750.0,1800.0,1800.0,1650.0,1650.0,1750.0,1775.0,1650.0,1595.0,1775.0,1850.0,1850.0,1850.0,1650.0,1650.0,1800.0,1850.0,1850.0,1950.0,1950.0,1850.0,1950.0,1950.0,,1600.0,1596.0,2050.0,1895.0,,1600.0,1600.0,1750.0,1895.0,2000.0,2095.0,2095.0,2000.0,2100.0,2000.0,2099.0,2100.0,2100.0,2100.0,2200.0,2295.0,2600.0,2000.0,2000.0,1600.0,1875.0,1875.0,1800.0,,2100.0,2100.0,2495.0,2495.0,1999.0,1999.0,2136.0,2100.0,1999.0,1999.0,2399.0,2500.0,2350.0,1700.0,2175.0,2325.0,2325.0,2300.0
Kensington,Brooklyn,neighborhood,1854.0,1500.0,1250.0,1150.0,1150.0,1200.0,1200.0,1250.0,1385.0,1385.0,1300.0,1250.0,1250.0,1300.0,1300.0,1700.0,1850.0,1700.0,1500.0,1550.0,1700.0,1600.0,1100.0,1100.0,1395.0,1250.0,1250.0,1250.0,1250.0,1250.0,1700.0,1600.0,1600.0,1700.0,1650.0,1600.0,1500.0,1450.0,1475.0,1475.0,1450.0,1475.0,1475.0,1650.0,1550.0,1700.0,1700.0,1550.0,1550.0,1500.0,1600.0,1683.0,1700.0,1700.0,1590.0,1525.0,1595.0,1700.0,1590.0,1550.0,1575.0,1650.0,1750.0,1750.0,1700.0,1683.0,1664.0,1700.0,1700.0,1725.0,1800.0,1750.0,1695.0,1650.0,1650.0,1650.0,1700.0,1775.0,1790.0,1790.0,1750.0,1725.0,1725.0,1700.0,1700.0,1700.0,1720.0,1725.0,1750.0,1735.0,1750.0,1725.0,1700.0,1700.0,1700.0,1700.0,1700.0,1725.0,1800.0,1700.0,1750.0,1700.0,1750.0,1750.0,1775.0,1750.0,1775.0,1800.0,1795.0,1795.0,1785.0,1785.0,1785.0,1800.0,1700.0,1799.0,1850.0,1850.0,1800.0,1825.0,1800.0,1895.0,1895.0,1850.0,1815.0,1795.0,1775.0,1775.0,1775.0,1750.0,1750.0,1750.0,1750.0,1750.0,1700.0,1700.0,1750.0,1775.0,1750.0,1750.0,1895.0,1850.0,1799.0,1800.0,1800.0,1850.0,1850.0,1950.0,2000.0,2000.0,2099.0,2100.0,2150.0,2150.0,2150.0,2175.0,2150.0,2399.0,2300.0,2200.0,2300.0,2300.0,2200.0,2250.0,2250.0,2300.0,2250.0,2250.0,2300.0,2300.0,2200.0,2500.0,2500.0,2350.0,2350.0,2395.0,2400.0,2300.0,2265.0,2349.0,2399.0,2400.0,2350.0,2500.0,2500.0,2500.0,2500.0,2800.0,2550.0,2500.0,2300.0,2300.0,2500.0,2500.0,2600.0,2550.0,2550.0,2500.0,2450.0,2730.0
Kew Gardens,Queens,neighborhood,1400.0,1425.0,1425.0,1425.0,1450.0,1350.0,1375.0,1375.0,1425.0,1399.0,1399.0,1399.0,1350.0,1300.0,1395.0,1300.0,1299.0,1295.0,1299.0,,1525.0,1460.0,1500.0,1475.0,1475.0,1775.0,1600.0,1400.0,1600.0,1750.0,1550.0,1750.0,1375.0,1400.0,1300.0,1400.0,1475.0,1475.0,1500.0,1500.0,1400.0,1425.0,1395.0,1425.0,1450.0,1450.0,1500.0,1425.0,1400.0,1450.0,1500.0,1500.0,1650.0,1599.0,1650.0,1695.0,1650.0,1650.0,1595.0,1600.0,1675.0,1650.0,1650.0,1750.0,1750.0,1700.0,1750.0,1800.0,1800.0,1700.0,1700.0,1700.0,1800.0,1750.0,1700.0,1800.0,1800.0,1800.0,1850.0,1800.0,1800.0,1800.0,1800.0,1800.0,1785.0,1785.0,1790.0,1800.0,1750.0,1700.0,1750.0,1800.0,1800.0,1795.0,1850.0,1795.0,1775.0,1825.0,1825.0,1800.0,1750.0,1795.0,1825.0,1800.0,1750.0,1725.0,1700.0,1725.0,1775.0,1800.0,1800.0,1850.0,1825.0,1850.0,1850.0,1850.0,1825.0,1820.0,1750.0,1750.0,1801.0,1895.0,1825.0,1800.0,1800.0,1800.0,1800.0,1800.0,1775.0,1800.0,1754.0,1775.0,1775.0,1740.0,1800.0,1775.0,1750.0,1795.0,1800.0,1800.0,1800.0,1800.0,1800.0,1825.0,1850.0,1850.0,1850.0,1895.0,1925.0,1950.0,1850.0,1950.0,2100.0,2095.0,2095.0,2100.0,2000.0,2100.0,2100.0,2100.0,2200.0,2150.0,2100.0,2100.0,2300.0,2395.0,2390.0,2350.0,2290.0,2160.0,2300.0,2380.0,2300.0,2700.0,2400.0,2395.0,2395.0,2350.0,2250.0,2350.0,2300.0,2300.0,2200.0,2350.0,2450.0,2542.0,2500.0,2500.0,2550.0,2427.0,2295.0,2400.0,2400.0,2500.0,2500.0,2595.0,2350.0,2400.0,2400.0,2590.0
Kew Gardens Hills,Queens,neighborhood,1300.0,1300.0,1300.0,1200.0,1350.0,1150.0,1250.0,1250.0,1795.0,1795.0,1795.0,1200.0,1400.0,1400.0,1200.0,1200.0,1200.0,1200.0,1200.0,1200.0,1400.0,1300.0,1280.0,1250.0,1250.0,1250.0,1350.0,1350.0,1350.0,1350.0,1275.0,1250.0,1250.0,1250.0,1000.0,1250.0,1250.0,1250.0,1250.0,1695.0,1695.0,1695.0,1350.0,1700.0,1625.0,1625.0,1250.0,1250.0,1250.0,1550.0,1550.0,1695.0,1300.0,1450.0,1725.0,1450.0,1650.0,1650.0,1200.0,1525.0,1525.0,1550.0,1550.0,1550.0,1550.0,1550.0,1550.0,1550.0,1575.0,1600.0,1600.0,1600.0,1875.0,1875.0,1875.0,1875.0,1650.0,1650.0,1950.0,2200.0,1775.0,1750.0,1700.0,1700.0,1700.0,1700.0,1700.0,1700.0,1700.0,1700.0,1700.0,1700.0,1725.0,1725.0,1750.0,1725.0,1725.0,1725.0,1750.0,1750.0,1800.0,1850.0,1800.0,1800.0,1800.0,1700.0,1750.0,1700.0,1650.0,1800.0,1800.0,1700.0,1800.0,1825.0,1938.0,1800.0,1795.0,1700.0,1800.0,1700.0,1700.0,1750.0,1750.0,1750.0,1800.0,1800.0,1750.0,1750.0,1750.0,1800.0,1950.0,1750.0,1700.0,1700.0,1700.0,1999.0,1999.0,1800.0,1900.0,1800.0,2150.0,1999.0,1995.0,1799.0,1850.0,1945.0,1800.0,1945.0,1950.0,1950.0,1995.0,2225.0,2200.0,2300.0,2195.0,2000.0,2100.0,2000.0,2100.0,1950.0,2299.0,2600.0,2450.0,2400.0,2500.0,2500.0,2500.0,2100.0,2050.0,2050.0,2400.0,2400.0,2150.0,2199.0,2150.0,2195.0,2195.0,2150.0,2200.0,2150.0,2150.0,2150.0,2700.0,2500.0,2150.0,2500.0,2500.0,2800.0,2495.0,2600.0,2600.0,2600.0,2500.0,2495.0,2400.0,2400.0,2395.0,2500.0,2495.0,2800.0
Kingsbridge,Bronx,neighborhood,1131.0,1162.0,1300.0,1350.0,1400.0,1400.0,1400.0,1400.0,1150.0,1150.0,1250.0,1250.0,,,,1500.0,,,1200.0,1200.0,1200.0,1000.0,1295.0,1100.0,1100.0,1850.0,1750.0,1795.0,1295.0,1295.0,1295.0,1295.0,1400.0,1300.0,1300.0,1086.0,1200.0,1200.0,1200.0,1250.0,1150.0,1100.0,1100.0,1100.0,1100.0,1100.0,1200.0,1250.0,1250.0,1200.0,1200.0,1350.0,1200.0,1200.0,1345.0,1325.0,1325.0,1325.0,1350.0,1400.0,1350.0,1350.0,1345.0,1309.0,1325.0,1309.0,1300.0,1325.0,1395.0,1400.0,1400.0,1400.0,1400.0,1450.0,1400.0,1450.0,1450.0,1450.0,1495.0,1650.0,1550.0,1550.0,1500.0,1500.0,1500.0,1500.0,1500.0,1500.0,1500.0,1450.0,1499.0,1575.0,1590.0,1547.0,1500.0,1500.0,1500.0,1500.0,1525.0,1550.0,1550.0,1600.0,1575.0,1575.0,1575.0,1575.0,1550.0,1550.0,1600.0,1650.0,1675.0,1650.0,1675.0,1600.0,1600.0,1600.0,1675.0,1650.0,1614.0,1662.0,1700.0,1686.0,1686.0,1650.0,1650.0,1650.0,1699.0,1700.0,1695.0,1630.0,1700.0,1665.0,1650.0,1600.0,1600.0,1650.0,1725.0,1725.0,1650.0,1650.0,1650.0,1625.0,1650.0,1700.0,1650.0,1650.0,1750.0,1750.0,1850.0,1850.0,1875.0,1800.0,1750.0,1750.0,1800.0,1800.0,1895.0,1895.0,1875.0,1850.0,1800.0,2000.0,2000.0,2085.0,2000.0,1875.0,1875.0,1950.0,1975.0,1950.0,1900.0,2100.0,2100.0,2100.0,2050.0,2195.0,2200.0,2100.0,1995.0,1995.0,2000.0,2100.0,2100.0,2100.0,2110.0,2200.0,2195.0,2195.0,2200.0,2200.0,2200.0,2250.0,2150.0,2250.0,2250.0,2395.0,2595.0,2300.0,2589.0,2595.0
Laconia,Bronx,neighborhood,,,,,,1100.0,1100.0,,,,,,,,,,,,,,,,,,1000.0,1000.0,,1050.0,1100.0,1100.0,1100.0,,,,,,,,,,1500.0,1500.0,,,1100.0,,,,,1200.0,,,,,,,,,,,,,,,,,,,,,,,,,,,,,,,1250.0,1250.0,,,,,,,,,,,,,,,,,,,,1450.0,,1550.0,1450.0,,,1500.0,1500.0,1500.0,,,,,,1595.0,,,,,,,,,,1595.0,,,1750.0,1750.0,,,,,,,,,,,,,,,1600.0,1600.0,1650.0,,,,1700.0,1499.0,,,,1850.0,1800.0,1699.0,1599.0,,1500.0,1500.0,1795.0,1795.0,,,,,,,,2100.0,,,,2200.0,,,,,,2150.0,,,,,,,,,,,1400.0,1400.0,,,,,,
Laurelton,Queens,neighborhood,,,,,,,,,,,,,,,,,,,,,,,,,,,,,,,,,,,,,,,,,,,,,,,,,,,,,,,,,,,,,,,,,,,,,3000.0,3000.0,,,,1300.0,1200.0,1200.0,,,,,,,,,,,,,,1400.0,1400.0,,,,,1449.0,1449.0,,,,,,,1300.0,1645.0,1499.0,1500.0,1500.0,1500.0,1500.0,1350.0,1500.0,1695.0,1600.0,1600.0,1699.0,1650.0,1645.0,1500.0,,1100.0,1400.0,1595.0,,,1450.0,1450.0,,,,,,,1500.0,1500.0,,1500.0,,,1500.0,,,1600.0,,1700.0,1700.0,,,,,,,1699.0,1500.0,1500.0,,,,1600.0,1650.0,1650.0,,,1400.0,,,1900.0,1900.0,,,,,,,,,,,,,1800.0,1600.0,,,,2500.0,2500.0,,,,,,,,,,,2350.0,2250.0,2100.0
Little Italy,Manhattan,neighborhood,2800.0,2500.0,2450.0,2195.0,2200.0,2200.0,2195.0,2195.0,4400.0,3995.0,2895.0,2600.0,2500.0,2400.0,2695.0,2195.0,2150.0,2150.0,2300.0,2650.0,4700.0,2550.0,2400.0,2495.0,2495.0,2300.0,2450.0,2350.0,2100.0,2300.0,2195.0,2300.0,2300.0,2250.0,2500.0,3100.0,2600.0,2600.0,2600.0,2695.0,2900.0,2395.0,2600.0,2700.0,2795.0,2900.0,3100.0,3150.0,3150.0,3200.0,3200.0,2850.0,2500.0,2700.0,2950.0,3100.0,2380.0,2300.0,2350.0,2400.0,2450.0,2450.0,2400.0,2750.0,2300.0,2300.0,2400.0,2499.0,3200.0,2375.0,2375.0,2400.0,2300.0,2500.0,2700.0,2650.0,2700.0,2650.0,2650.0,2600.0,2600.0,2595.0,2450.0,2500.0,2500.0,2495.0,2500.0,2650.0,2600.0,2600.0,2475.0,2500.0,2400.0,2400.0,2450.0,2400.0,2325.0,2300.0,2350.0,2300.0,2500.0,2450.0,2450.0,2475.0,2450.0,2590.0,2495.0,2450.0,2500.0,2650.0,2500.0,3550.0,3175.0,2850.0,2850.0,2895.0,2900.0,2400.0,2300.0,2350.0,2599.0,3300.0,2495.0,2600.0,2790.0,2500.0,2490.0,2395.0,2400.0,2200.0,2395.0,2295.0,2200.0,2300.0,1999.0,2200.0,2200.0,2200.0,2500.0,2700.0,2750.0,2500.0,2690.0,2500.0,3100.0,2950.0,2750.0,4000.0,2990.0,3450.0,3400.0,3375.0,3200.0,3495.0,3720.0,3250.0,3250.0,2850.0,3090.0,3295.0,3500.0,3900.0,3495.0,3550.0,3200.0,2775.0,2400.0,2400.0,3250.0,3350.0,2900.0,3100.0,3150.0,3250.0,3325.0,3095.0,3345.0,3300.0,3490.0,3995.0,3200.0,3750.0,3650.0,3650.0,4285.0,4200.0,4030.0,3675.0,3400.0,3495.0,3724.0,3600.0,3724.0,3724.0,3500.0,4495.0,4000.0,4000.0,3850.0,3890.0
Little Neck,Queens,neighborhood,,,,,,,,,,,,,,,,,,,,,,,,,,,,,,,,,,,,,,1850.0,1850.0,1850.0,1850.0,1850.0,1850.0,1850.0,,,,,,,,,,,,,,,,,,,,,1200.0,,,,,1300.0,1300.0,1300.0,1300.0,,1350.0,1300.0,1650.0,1650.0,,1350.0,,1300.0,1300.0,1650.0,,,,,,1300.0,1300.0,,,,,,,,,,1375.0,1375.0,,,,,,,,,,,,,,,,1800.0,1750.0,1475.0,1700.0,,2275.0,2275.0,2275.0,,,,1800.0,1800.0,,,1695.0,2000.0,2000.0,,,1900.0,1850.0,1850.0,1800.0,1800.0,,,,1400.0,1550.0,,,,2100.0,1925.0,,,,,,,,,,,,,,,,1800.0,,,,,2100.0,2100.0,2400.0,2000.0,,2150.0,2050.0,2050.0,1800.0,1995.0,,,,,,2300.0,,,,,,,,,,,2550.0,2550.0
Long Island City,Queens,neighborhood,2250.0,2250.0,2215.0,2248.0,2600.0,2675.0,2640.0,2625.0,2658.0,2650.0,2650.0,2535.0,2500.0,2575.0,2700.0,2750.0,2820.0,2795.0,2650.0,2700.0,2775.0,2650.0,2720.0,2600.0,2600.0,2890.0,2890.0,2930.0,2860.0,2875.0,2835.0,2820.0,2800.0,2800.0,2745.0,2700.0,2700.0,2750.0,2650.0,2850.0,2850.0,2920.0,2825.0,2800.0,2795.0,2695.0,2775.0,2780.0,2810.0,2779.0,2750.0,3031.0,3000.0,2995.0,2930.0,2925.0,2895.0,2995.0,2950.0,3000.0,3052.0,3090.0,2985.0,3000.0,2975.0,3155.0,3150.0,3095.0,3095.0,2995.0,2995.0,2962.0,2895.0,2950.0,3070.0,3106.0,3150.0,3150.0,3170.0,3070.0,3046.0,2980.0,2975.0,2935.0,2999.0,2995.0,3000.0,3100.0,3095.0,3100.0,3126.0,3150.0,3134.0,2901.0,2815.0,2800.0,2830.0,2894.0,2940.0,2930.0,3000.0,3100.0,3194.0,3231.0,3244.0,3175.0,3117.0,3092.0,3058.0,3083.0,3133.0,3185.0,3231.0,3268.0,3291.0,3420.0,3337.0,3328.0,3236.0,3227.0,3250.0,3204.0,3254.0,3231.0,3155.0,3100.0,2995.0,2820.0,2800.0,2890.0,3000.0,2995.0,3000.0,2950.0,2950.0,3000.0,3100.0,3170.0,3250.0,3395.0,3400.0,3450.0,3495.0,3600.0,3500.0,3567.0,3700.0,3850.0,3900.0,3880.0,3950.0,3950.0,3900.0,3790.0,3700.0,3800.0,3800.0,3847.0,3901.0,4005.0,4000.0,3860.0,3985.0,4000.0,4113.0,4030.0,3913.0,3850.0,3949.0,3859.0,4042.0,4042.0,4095.0,4077.0,4140.0,4155.0,4100.0,4081.0,4094.0,4105.0,4072.0,4100.0,4189.0,4320.0,4300.0,4300.0,4340.0,4340.0,4373.0,4253.0,4150.0,4146.0,4200.0,4277.0,4344.0,4395.0,4410.0,4350.0,4450.0,4499.0
Longwood,Bronx,neighborhood,,,,,,,1099.0,1099.0,,,,,,,,,,,,1150.0,925.0,925.0,925.0,925.0,925.0,1000.0,1000.0,,1100.0,1100.0,1100.0,,,,,,,,,,,,,,,,,,,,1175.0,,,,,,,,,,,,,,,931.0,931.0,,,1400.0,1400.0,1400.0,1400.0,,,,,1597.0,,,,,,,,1600.0,1595.0,1550.0,1550.0,1550.0,1575.0,1017.0,1017.0,1017.0,,,,,,,,,1320.0,1320.0,1500.0,1550.0,,,1750.0,1800.0,1925.0,1925.0,1725.0,1699.0,1570.0,1600.0,,,,,1900.0,1900.0,,1900.0,1900.0,1695.0,1900.0,1900.0,1900.0,1800.0,1800.0,,,,,1950.0,1899.0,,,1650.0,1750.0,1925.0,,,,,,,,1795.0,,,1650.0,,,,,,,,,,1990.0,1950.0,,,2200.0,2200.0,2300.0,2300.0,2300.0,1850.0,3100.0,,,,,1900.0,1886.0,2600.0,2600.0,,1595.0,,,1500.0,2095.0,,,1665.0,,,,1665.0,1940.0,1940.0,1940.0,,,2250.0
Lower East Side,Manhattan,neighborhood,1995.0,1975.0,1950.0,1850.0,2000.0,2100.0,2100.0,2050.0,2200.0,2300.0,2395.0,2600.0,2500.0,2400.0,2250.0,2100.0,2195.0,2195.0,2150.0,2200.0,2250.0,2250.0,2200.0,2100.0,2195.0,2350.0,2395.0,2450.0,2350.0,2300.0,2350.0,2350.0,2495.0,2300.0,2300.0,2395.0,2395.0,2395.0,2495.0,2400.0,2395.0,2395.0,2395.0,2300.0,2375.0,2295.0,2295.0,2395.0,2425.0,2425.0,2495.0,2495.0,2550.0,2550.0,2595.0,2550.0,2500.0,2495.0,2495.0,2500.0,2495.0,2500.0,2450.0,2495.0,2500.0,2600.0,2695.0,2650.0,2795.0,2650.0,2600.0,2695.0,2725.0,2725.0,2650.0,2600.0,2750.0,2700.0,2800.0,2795.0,2750.0,2600.0,2600.0,2495.0,2500.0,2600.0,2595.0,2600.0,2650.0,2594.0,2600.0,2650.0,2600.0,2550.0,2500.0,2500.0,2500.0,2495.0,2500.0,2600.0,2595.0,2650.0,2650.0,2750.0,2900.0,2695.0,2692.0,2700.0,2750.0,2799.0,2765.0,2705.0,2895.0,2895.0,2895.0,2900.0,3095.0,3000.0,2950.0,3200.0,3400.0,3800.0,3000.0,3000.0,2900.0,2653.0,2550.0,2495.0,2450.0,2300.0,2300.0,2295.0,2375.0,2375.0,2295.0,2300.0,2700.0,2795.0,2650.0,2750.0,2995.0,2850.0,3053.0,3250.0,3195.0,3599.0,3400.0,3600.0,3817.0,3450.0,3495.0,3198.0,3200.0,3195.0,3324.0,3495.0,3950.0,3950.0,3595.0,3500.0,3650.0,3575.0,3595.0,3495.0,3600.0,3200.0,3195.0,3400.0,3450.0,3450.0,3495.0,3499.0,3708.0,3750.0,3695.0,3600.0,3595.0,3400.0,3599.0,3900.0,3800.0,3700.0,3695.0,3995.0,4175.0,3995.0,4100.0,4100.0,3995.0,4000.0,3795.0,3895.0,3895.0,4080.0,4195.0,4499.0,4650.0,4500.0,4250.0,4250.0
Manhattan,Manhattan,borough,2690.0,2650.0,2600.0,2700.0,2745.0,2750.0,2800.0,2800.0,2895.0,2895.0,2835.0,2800.0,2800.0,2850.0,2850.0,2900.0,2950.0,3000.0,2975.0,3000.0,3050.0,3090.0,3100.0,3095.0,3000.0,3000.0,3020.0,3100.0,3100.0,3100.0,3050.0,3095.0,3150.0,3100.0,3100.0,3150.0,3100.0,3125.0,3195.0,3100.0,3100.0,3050.0,3095.0,3195.0,3200.0,3195.0,3200.0,3200.0,3195.0,3195.0,3200.0,3231.0,3250.0,3200.0,3140.0,3150.0,3195.0,3195.0,3195.0,3200.0,3200.0,3230.0,3250.0,3250.0,3295.0,3300.0,3300.0,3375.0,3395.0,3300.0,3250.0,3300.0,3295.0,3300.0,3338.0,3364.0,3395.0,3300.0,3250.0,3200.0,3250.0,3208.0,3200.0,3195.0,3150.0,3200.0,3200.0,3204.0,3200.0,3200.0,3197.0,3200.0,3200.0,3195.0,3112.0,3169.0,3180.0,3134.0,3150.0,3150.0,3150.0,3195.0,3195.0,3150.0,3167.0,3200.0,3200.0,3250.0,3250.0,3295.0,3300.0,3350.0,3345.0,3395.0,3350.0,3350.0,3400.0,3450.0,3445.0,3450.0,3500.0,3525.0,3575.0,3500.0,3350.0,3219.0,3050.0,2950.0,2829.0,2800.0,2700.0,2700.0,2700.0,2750.0,2750.0,2800.0,2875.0,2850.0,2925.0,2999.0,3050.0,3200.0,3375.0,3500.0,3700.0,3800.0,3850.0,3989.0,3980.0,3900.0,3985.0,3950.0,4000.0,3995.0,3965.0,3950.0,3995.0,4095.0,4100.0,4200.0,4200.0,4195.0,4100.0,4033.0,4040.0,3999.0,3950.0,4000.0,4100.0,4200.0,4250.0,4253.0,4290.0,4200.0,4195.0,4025.0,4000.0,4100.0,4090.0,4200.0,4300.0,4400.0,4448.0,4500.0,4495.0,4583.0,4550.0,4500.0,4450.0,4500.0,4493.0,4500.0,4525.0,4695.0,4750.0,4825.0,4800.0,4815.0,4826.0,4845.0
Manhattan Beach,Brooklyn,neighborhood,,,,,,,,,,,,,,,,,,,,,,,,,,,,,,,,,,,,,,,,,,,,,,,,,,,,,,,,1700.0,1500.0,1650.0,,1500.0,1500.0,,,,,1650.0,1695.0,1695.0,1700.0,1700.0,1675.0,1675.0,,,,,,,,1650.0,,,,,,,,1600.0,1600.0,1699.0,1599.0,1599.0,,,,,,,,1700.0,1675.0,2499.0,,,1450.0,,,,,,,,,2100.0,,,,,,,,,,,,1950.0,1750.0,1700.0,,1675.0,1750.0,1750.0,1750.0,,1700.0,1700.0,,1700.0,1700.0,1600.0,,1500.0,,,,,,,,2150.0,2150.0,,,,2800.0,2800.0,,,1850.0,1850.0,,,,2200.0,,,,,,,,,,,2200.0,2200.0,,,,,,2150.0,2000.0,2150.0,2100.0,,2150.0,,2450.0,2500.0,2500.0,,,,,,2200.0,2200.0,2200.0,
Marble Hill,Manhattan,neighborhood,,,,,,,,,,,,,,,,,,,,,,,,,,1425.0,1425.0,1425.0,,,,,,,,,1200.0,1100.0,1100.0,1100.0,1200.0,1200.0,,1300.0,1250.0,1250.0,1250.0,1150.0,1150.0,1100.0,,,1100.0,1100.0,1200.0,1200.0,1200.0,1450.0,1495.0,1250.0,1350.0,1300.0,1200.0,1200.0,1175.0,1300.0,1375.0,1200.0,1300.0,1150.0,1250.0,1395.0,1375.0,1375.0,1400.0,,,,1660.0,1750.0,1750.0,1599.0,1535.0,1325.0,1325.0,1770.0,1720.0,1720.0,1750.0,,1935.0,1825.0,1575.0,1825.0,1825.0,1825.0,1825.0,1845.0,,1550.0,1500.0,1500.0,1395.0,1825.0,1825.0,1810.0,1810.0,1725.0,1725.0,1695.0,1865.0,1865.0,1865.0,1865.0,1755.0,1595.0,1865.0,1800.0,1865.0,1865.0,1850.0,1850.0,1800.0,1865.0,1800.0,1775.0,1775.0,1775.0,1675.0,1650.0,1475.0,1475.0,1450.0,1400.0,1650.0,1850.0,1850.0,1800.0,1800.0,1800.0,1800.0,1803.0,1800.0,1875.0,1875.0,1950.0,1980.0,1932.0,1550.0,1650.0,1600.0,1775.0,1895.0,1963.0,1550.0,2150.0,2275.0,2295.0,2295.0,2150.0,2150.0,,1995.0,2300.0,1950.0,1950.0,2100.0,2295.0,2100.0,2100.0,2300.0,2500.0,2400.0,2400.0,2400.0,2400.0,2300.0,2194.0,,1950.0,2500.0,2400.0,2650.0,2650.0,2505.0,2505.0,3250.0,3175.0,3125.0,3125.0,3125.0,3270.0,3270.0,3270.0,3270.0,3250.0,3235.0,3275.0,3220.0,2750.0
Marine Park,Brooklyn,neighborhood,,,,,,,,,,1100.0,,,,1100.0,1100.0,1100.0,1100.0,1100.0,900.0,900.0,900.0,900.0,900.0,1300.0,1500.0,1500.0,1500.0,,,,,,,,,1200.0,1200.0,1200.0,1200.0,1200.0,1300.0,1300.0,,,,1325.0,,,1200.0,,,,,,,,1300.0,,,,,,2400.0,2400.0,1300.0,1450.0,1450.0,1450.0,1650.0,1650.0,1399.0,,1595.0,1595.0,1500.0,1700.0,1650.0,1500.0,1500.0,1700.0,1700.0,1700.0,1650.0,1600.0,1500.0,1500.0,1500.0,1500.0,1500.0,1550.0,1599.0,1599.0,1599.0,,1500.0,1500.0,,,,1600.0,,,,1695.0,1700.0,1650.0,1650.0,1600.0,1675.0,1675.0,1700.0,1600.0,1700.0,1400.0,,1650.0,,,1500.0,1350.0,1350.0,1799.0,1700.0,,,,,,,1258.0,1795.0,1500.0,1775.0,1650.0,1700.0,1650.0,1650.0,1650.0,1750.0,1750.0,1741.0,1650.0,1650.0,1775.0,1800.0,1685.0,1500.0,1500.0,,,,,1825.0,1500.0,1835.0,1450.0,1600.0,,1850.0,1950.0,2500.0,,,,,2000.0,2000.0,,2200.0,,1850.0,1850.0,,,,,,1850.0,,,,2399.0,2399.0,1850.0,2450.0,2200.0,2200.0,,,2100.0,1750.0,,2200.0,2200.0,2100.0,2100.0,2300.0,,,2100.0
Maspeth,Queens,neighborhood,,,,,1500.0,,,,1400.0,1400.0,1400.0,1400.0,1400.0,1400.0,875.0,875.0,875.0,,,,2100.0,1900.0,1800.0,1800.0,,,800.0,800.0,,,,,,,,,1100.0,1100.0,1500.0,,,,,,,1400.0,1400.0,1250.0,1500.0,1200.0,,1500.0,,1450.0,1400.0,1400.0,,1350.0,1350.0,1400.0,1500.0,1500.0,1500.0,1500.0,1550.0,1599.0,1575.0,1600.0,1500.0,1400.0,1500.0,1425.0,1500.0,1500.0,1525.0,1600.0,1600.0,1600.0,1600.0,1395.0,1550.0,1450.0,1550.0,1600.0,1600.0,1550.0,1500.0,1600.0,1675.0,1675.0,1650.0,1675.0,1650.0,1650.0,1649.0,1500.0,1600.0,1500.0,1600.0,1500.0,1500.0,1650.0,1695.0,1700.0,1650.0,1800.0,1600.0,1700.0,1650.0,1650.0,1650.0,1599.0,1599.0,1545.0,1600.0,1600.0,1750.0,1699.0,1650.0,1650.0,1600.0,1700.0,1900.0,1800.0,1650.0,1650.0,1700.0,1750.0,1695.0,1650.0,1750.0,1750.0,1625.0,1550.0,1600.0,1600.0,1650.0,1600.0,1600.0,1600.0,1650.0,1650.0,1700.0,1850.0,1850.0,1850.0,1600.0,1700.0,1600.0,1800.0,2100.0,2100.0,1850.0,1800.0,1998.0,1900.0,2000.0,1950.0,1850.0,1800.0,2000.0,2500.0,2100.0,2000.0,2200.0,2200.0,2100.0,2095.0,2150.0,2000.0,1950.0,2000.0,2100.0,2200.0,2199.0,2000.0,2000.0,2000.0,2199.0,2199.0,1999.0,2000.0,1900.0,2200.0,2200.0,2350.0,2150.0,1999.0,2395.0,2400.0,2100.0,2195.0,2300.0,2150.0,2100.0,2100.0,2300.0,2400.0,2400.0,2250.0
Melrose,Bronx,neighborhood,,,,,,1099.0,1099.0,,,,,,,,,,,,,,1027.0,1027.0,1243.0,1150.0,1100.0,1050.0,1050.0,1050.0,1300.0,1200.0,1200.0,,,,,,,,,,,,,,,,,,,,,,,,,,,,917.0,917.0,,,1292.0,1292.0,1292.0,1292.0,1292.0,1292.0,1292.0,1292.0,,,931.0,,,,,1400.0,1400.0,1300.0,1300.0,,,1100.0,1875.0,1650.0,1550.0,1495.0,1490.0,1490.0,1496.0,1275.0,1550.0,1550.0,1575.0,1645.0,1866.0,1750.0,1750.0,1750.0,1550.0,1400.0,1350.0,1700.0,1525.0,1495.0,,1825.0,1825.0,1825.0,1749.0,1677.0,1749.0,1821.0,1550.0,1650.0,2200.0,2200.0,1625.0,1600.0,1700.0,2200.0,1850.0,1750.0,1800.0,2000.0,2108.0,1695.0,1695.0,1900.0,2135.0,1795.0,1425.0,1700.0,1500.0,1500.0,1750.0,1750.0,2000.0,2000.0,1950.0,1950.0,1895.0,1500.0,1128.0,1999.0,1700.0,1800.0,1800.0,1800.0,1800.0,2000.0,1925.0,2000.0,2150.0,2150.0,2150.0,2100.0,1895.0,1895.0,1850.0,2200.0,2200.0,1875.0,2200.0,2200.0,2150.0,2200.0,2035.0,2035.0,1875.0,1875.0,2150.0,2150.0,2100.0,2100.0,1970.0,1550.0,2300.0,,1650.0,,2150.0,1650.0,3100.0,2400.0,2150.0,2400.0,2000.0,,2600.0,2600.0,2600.0,1625.0,1550.0,1625.0,1935.0,1936.0,1935.0,1935.0
Middle Village,Queens,neighborhood,,900.0,900.0,,,,,,,,,,,,,,,,,,,,,,,,1100.0,,,,2000.0,1500.0,,,,1300.0,1300.0,,,,,,,,1275.0,1275.0,,,1350.0,1350.0,1500.0,1575.0,1525.0,1500.0,1525.0,1500.0,1775.0,1775.0,1500.0,1500.0,,1575.0,1500.0,1495.0,1395.0,1400.0,1400.0,1450.0,1700.0,1700.0,1695.0,1650.0,1665.0,1695.0,1700.0,1600.0,1600.0,1600.0,1600.0,1600.0,,1495.0,1495.0,,1800.0,1500.0,1600.0,1699.0,1600.0,1600.0,1600.0,1550.0,1400.0,1599.0,1750.0,1595.0,1400.0,1500.0,1595.0,1600.0,1650.0,1650.0,1650.0,1575.0,1700.0,1700.0,1750.0,1799.0,1700.0,1750.0,1750.0,1700.0,1750.0,1700.0,1700.0,1650.0,1699.0,1650.0,1787.0,1775.0,1600.0,1800.0,1850.0,2000.0,2150.0,1640.0,1750.0,1750.0,1700.0,1700.0,1700.0,1650.0,1700.0,1695.0,1675.0,1750.0,1750.0,1750.0,1650.0,1895.0,1695.0,1800.0,1800.0,1750.0,1800.0,1800.0,1750.0,1700.0,1800.0,1855.0,1775.0,2100.0,2100.0,1750.0,1750.0,2000.0,1800.0,2100.0,1850.0,1850.0,1950.0,2000.0,1885.0,2000.0,2100.0,2000.0,1950.0,1950.0,1950.0,1950.0,1995.0,2299.0,2300.0,2498.0,2100.0,2000.0,2000.0,1950.0,1875.0,1975.0,1900.0,1995.0,1975.0,1950.0,1995.0,2100.0,2100.0,2150.0,2150.0,2250.0,2100.0,2150.0,2050.0,2100.0,2300.0,2150.0,2200.0,2250.0,2300.0,2300.0
Midtown,Manhattan,neighborhood,3226.0,3325.0,3400.0,3500.0,3500.0,3500.0,3500.0,3500.0,3495.0,3495.0,3500.0,3500.0,3500.0,3500.0,3500.0,3500.0,3500.0,3550.0,3800.0,3900.0,3700.0,3700.0,3750.0,3600.0,3500.0,3750.0,3775.0,3800.0,3795.0,3795.0,3800.0,3800.0,3695.0,3800.0,3800.0,3800.0,3695.0,3625.0,3650.0,3700.0,3700.0,3725.0,3750.0,3800.0,3800.0,3800.0,3695.0,3575.0,3800.0,3700.0,3800.0,3750.0,3795.0,3800.0,3795.0,3795.0,3750.0,3825.0,3850.0,3820.0,3800.0,3900.0,3850.0,3900.0,4150.0,4000.0,4000.0,3983.0,3950.0,3875.0,3850.0,3800.0,3750.0,3800.0,3725.0,3800.0,3895.0,3975.0,3950.0,3899.0,3850.0,3800.0,3700.0,3768.0,3700.0,3700.0,3646.0,3750.0,3850.0,3850.0,3828.0,3693.0,3716.0,3722.0,3695.0,3600.0,3617.0,3600.0,3595.0,3595.0,3700.0,3800.0,3827.0,3800.0,3700.0,3750.0,3700.0,3600.0,3690.0,3750.0,3854.0,3947.0,3997.0,3950.0,3950.0,3900.0,3945.0,4000.0,3850.0,3804.0,3800.0,3950.0,3987.0,3850.0,3500.0,3500.0,3395.0,3345.0,3350.0,3350.0,3200.0,3200.0,3049.0,3125.0,3250.0,3300.0,3495.0,3700.0,3800.0,3895.0,4233.0,4495.0,4420.0,4280.0,4598.0,4640.0,4550.0,4500.0,4550.0,4450.0,4500.0,4500.0,4500.0,4495.0,4500.0,4295.0,4600.0,4600.0,4500.0,4600.0,4500.0,4500.0,4625.0,4575.0,4575.0,4500.0,4325.0,4495.0,4500.0,4775.0,4600.0,4600.0,4675.0,4500.0,4600.0,4653.0,4500.0,4500.0,4440.0,4695.0,4750.0,4630.0,4750.0,4584.0,5000.0,4920.0,4809.0,4750.0,4895.0,4890.0,4895.0,4895.0,5000.0,5115.0,5500.0,5625.0,5525.0,5400.0,5630.0,5500.0
Midtown East,Manhattan,neighborhood,2660.0,2695.0,2700.0,2750.0,2800.0,2800.0,2850.0,2900.0,2950.0,2900.0,2900.0,2895.0,2895.0,2900.0,2900.0,3000.0,3000.0,3060.0,3150.0,3100.0,3100.0,3100.0,3195.0,3050.0,3000.0,3050.0,3100.0,3175.0,3200.0,3200.0,3100.0,3150.0,3194.0,3150.0,3100.0,3100.0,3100.0,3195.0,3100.0,3100.0,3150.0,3200.0,3200.0,3250.0,3200.0,3200.0,3200.0,3290.0,3200.0,3200.0,3250.0,3250.0,3200.0,3300.0,3300.0,3275.0,3275.0,3295.0,3295.0,3295.0,3295.0,3300.0,3350.0,3337.0,3400.0,3495.0,3474.0,3400.0,3425.0,3350.0,3300.0,3310.0,3295.0,3390.0,3395.0,3400.0,3450.0,3450.0,3375.0,3350.0,3350.0,3295.0,3295.0,3295.0,3295.0,3350.0,3387.0,3390.0,3395.0,3380.0,3365.0,3300.0,3300.0,3318.0,3200.0,3200.0,3250.0,3300.0,3295.0,3300.0,3350.0,3369.0,3390.0,3395.0,3400.0,3395.0,3424.0,3485.0,3400.0,3450.0,3495.0,3500.0,3500.0,3500.0,3550.0,3550.0,3500.0,3500.0,3500.0,3500.0,3500.0,3600.0,3600.0,3495.0,3395.0,3300.0,3190.0,2995.0,2900.0,2895.0,2800.0,2795.0,2750.0,2850.0,2945.0,2999.0,3133.0,3200.0,3450.0,3500.0,3640.0,3600.0,3850.0,3900.0,3995.0,4083.0,4135.0,4136.0,4140.0,4050.0,4205.0,4113.0,4075.0,4075.0,3995.0,3895.0,3995.0,4100.0,4125.0,4250.0,4295.0,4350.0,4325.0,4390.0,4375.0,4195.0,3999.0,4000.0,4200.0,4200.0,4273.0,4295.0,4400.0,4500.0,4375.0,4300.0,4322.0,4200.0,4200.0,4295.0,4400.0,4500.0,4495.0,4538.0,4513.0,4800.0,4750.0,4700.0,4535.0,4600.0,4500.0,4500.0,4600.0,4795.0,4895.0,4900.0,5000.0,5061.0,5000.0,5000.0
Midtown South,Manhattan,neighborhood,2995.0,2900.0,3100.0,3250.0,3380.0,3315.0,3330.0,3300.0,3300.0,3200.0,3250.0,3200.0,3400.0,3300.0,3250.0,3300.0,3350.0,3450.0,3400.0,3400.0,3250.0,3445.0,3600.0,3600.0,3600.0,3300.0,3200.0,3275.0,3580.0,3825.0,3700.0,3600.0,3690.0,3650.0,3600.0,3500.0,3450.0,3500.0,3600.0,3500.0,3600.0,3600.0,3695.0,3595.0,3595.0,3600.0,3600.0,3495.0,3450.0,3495.0,3400.0,3500.0,3700.0,3600.0,3600.0,3695.0,3600.0,3600.0,3800.0,3800.0,3700.0,3700.0,3700.0,3700.0,3850.0,3700.0,3700.0,3950.0,4050.0,3900.0,3800.0,3850.0,3950.0,4000.0,3995.0,3965.0,4000.0,3965.0,3968.0,3920.0,3995.0,3950.0,3872.0,3830.0,3600.0,3700.0,4000.0,3980.0,3800.0,3785.0,3850.0,3969.0,3900.0,3950.0,3750.0,3795.0,3646.0,3631.0,3665.0,3695.0,3825.0,4225.0,3995.0,4095.0,3995.0,3950.0,3895.0,4015.0,4025.0,4025.0,4057.0,4050.0,4149.0,4149.0,4242.0,4217.0,4149.0,4120.0,4157.0,4334.0,4200.0,4290.0,4338.0,4325.0,3999.0,3950.0,3702.0,3495.0,3400.0,3500.0,3275.0,3225.0,3385.0,3525.0,3621.0,3850.0,3995.0,4150.0,4450.0,4482.0,4600.0,4695.0,4690.0,4795.0,5010.0,4795.0,4720.0,4995.0,5250.0,5405.0,5344.0,5195.0,5095.0,4995.0,4910.0,4895.0,4879.0,5006.0,4995.0,5100.0,5099.0,5250.0,5085.0,5100.0,5000.0,4900.0,4745.0,4800.0,5100.0,5100.0,5350.0,5290.0,5290.0,5250.0,5095.0,5250.0,5090.0,5200.0,5090.0,5146.0,5168.0,5190.0,5350.0,5500.0,5450.0,5500.0,5400.0,5395.0,5395.0,5475.0,5500.0,5502.0,5395.0,5400.0,5395.0,5450.0,5775.0,6088.0,5825.0,5625.0
Midtown West,Manhattan,neighborhood,2650.0,2690.0,2650.0,2650.0,2790.0,2800.0,2990.0,2900.0,2952.0,3000.0,2950.0,2850.0,2850.0,2950.0,3000.0,3025.0,3200.0,3100.0,3200.0,3210.0,3200.0,3150.0,3170.0,3190.0,3145.0,3090.0,3200.0,3200.0,3200.0,3260.0,3240.0,3285.0,3300.0,3300.0,3300.0,3325.0,3250.0,3250.0,3300.0,3290.0,3300.0,3300.0,3300.0,3300.0,3300.0,3300.0,3275.0,3300.0,3275.0,3300.0,3400.0,3475.0,3475.0,3495.0,3460.0,3450.0,3400.0,3450.0,3450.0,3400.0,3400.0,3400.0,3400.0,3490.0,3550.0,3550.0,3500.0,3500.0,3502.0,3475.0,3410.0,3385.0,3300.0,3350.0,3395.0,3500.0,3500.0,3500.0,3425.0,3450.0,3450.0,3402.0,3330.0,3282.0,3270.0,3350.0,3300.0,3424.0,3500.0,3500.0,3500.0,3500.0,3450.0,3390.0,3313.0,3311.0,3350.0,3300.0,3320.0,3369.0,3410.0,3490.0,3450.0,3495.0,3550.0,3495.0,3425.0,3500.0,3437.0,3500.0,3508.0,3552.0,3598.0,3642.0,3662.0,3700.0,3692.0,3663.0,3659.0,3640.0,3631.0,3680.0,3734.0,3599.0,3399.0,3334.0,3100.0,2975.0,2833.0,2926.0,2864.0,2800.0,2931.0,2850.0,2971.0,3000.0,3070.0,3250.0,3575.0,3500.0,3730.0,3860.0,3995.0,3995.0,4175.0,4204.0,4333.0,4348.0,4494.0,4500.0,4495.0,4355.0,4340.0,4200.0,4170.0,4171.0,4250.0,4275.0,4400.0,4450.0,4450.0,4490.0,4446.0,4350.0,4200.0,4190.0,4065.0,4170.0,4279.0,4350.0,4490.0,4473.0,4600.0,4600.0,4595.0,4503.0,4399.0,4365.0,4300.0,4350.0,4500.0,4566.0,4581.0,4730.0,4692.0,4793.0,4800.0,4750.0,4702.0,4532.0,4500.0,4615.0,4695.0,4739.0,4660.0,4850.0,4850.0,4950.0,4960.0,5065.0
Midwood,Brooklyn,neighborhood,1200.0,1300.0,1300.0,1475.0,,1300.0,1300.0,1100.0,1000.0,1300.0,1300.0,1275.0,1250.0,1275.0,1300.0,1349.0,1349.0,1395.0,1395.0,1349.0,1300.0,1300.0,1300.0,1250.0,1300.0,1300.0,1300.0,1300.0,1375.0,1350.0,1375.0,1300.0,1300.0,1300.0,1300.0,1350.0,1332.0,1300.0,1250.0,1250.0,1295.0,1350.0,1300.0,1350.0,1315.0,1350.0,1350.0,1295.0,1325.0,1350.0,1350.0,1350.0,1375.0,1400.0,1450.0,1450.0,1450.0,1450.0,1400.0,1400.0,1400.0,1425.0,1425.0,1450.0,1475.0,1495.0,1499.0,1500.0,1500.0,1500.0,1525.0,1550.0,1550.0,1550.0,1565.0,1550.0,1575.0,1550.0,1639.0,1595.0,1595.0,1595.0,1550.0,1595.0,1600.0,1645.0,1650.0,1600.0,1600.0,1600.0,1625.0,1595.0,1600.0,1600.0,1600.0,1625.0,1650.0,1600.0,1650.0,1625.0,1625.0,1650.0,1650.0,1700.0,1700.0,1700.0,1695.0,1650.0,1625.0,1650.0,1700.0,1750.0,1750.0,1725.0,1715.0,1750.0,1675.0,1725.0,1725.0,1750.0,1800.0,1850.0,1815.0,1835.0,1795.0,1825.0,1750.0,1750.0,1745.0,1724.0,1699.0,1700.0,1675.0,1650.0,1675.0,1693.0,1700.0,1700.0,1775.0,1750.0,1750.0,1700.0,1775.0,1799.0,1850.0,1799.0,1795.0,1760.0,1875.0,1999.0,1825.0,1850.0,1900.0,2346.0,2000.0,2000.0,1899.0,2250.0,2299.0,2266.0,2350.0,2300.0,2200.0,2000.0,2000.0,2450.0,2300.0,2200.0,2000.0,2300.0,2300.0,2625.0,2625.0,2299.0,2400.0,2449.0,2550.0,2495.0,2490.0,2499.0,2215.0,2200.0,2316.0,2400.0,2599.0,2800.0,2834.0,2599.0,2595.0,2350.0,2225.0,2595.0,2300.0,2300.0,2399.0,2465.0,2750.0,2724.0,2795.0,2700.0
Mill Basin,Brooklyn,neighborhood,,,,,,,,,,,,,,,,,,,,,,,,,,,,,,,1250.0,1250.0,,1300.0,1300.0,,,,,,,,,1300.0,1300.0,1300.0,,,,,,,,3500.0,3500.0,3500.0,3500.0,1250.0,1200.0,1200.0,,,,,,,,,,,,,,,,,1250.0,,,,,,,,,,,,,,,,,,,,,,,,,,,,1200.0,,,,,,1800.0,1800.0,1700.0,,,,,,,,,,,,1650.0,1650.0,,,,,,2150.0,2150.0,,,,,,,,,,,1600.0,,,,,,,1800.0,,,,,,,,,,,,,,,,,,,,,,,,,,,,,,,,,2000.0,1900.0,,,,2100.0,2100.0,,,,,,2150.0,2150.0,2100.0,,
Morningside Heights,Manhattan,neighborhood,1600.0,1900.0,2150.0,2050.0,2095.0,2095.0,2200.0,1825.0,1825.0,1600.0,1650.0,1650.0,1800.0,2195.0,2195.0,2150.0,2350.0,2350.0,2150.0,2150.0,2150.0,2250.0,1950.0,2200.0,1950.0,2050.0,2200.0,2595.0,2950.0,2750.0,2550.0,2500.0,2500.0,2500.0,2200.0,2100.0,2000.0,2450.0,2300.0,2395.0,2500.0,2595.0,2595.0,2595.0,2595.0,2750.0,2750.0,2800.0,3340.0,3100.0,3460.0,3425.0,3450.0,3530.0,3685.0,3762.0,3845.0,3533.0,3450.0,3420.0,3000.0,3260.0,3260.0,3395.0,3580.0,3610.0,3610.0,3580.0,3000.0,3200.0,2850.0,2850.0,3000.0,3184.0,3184.0,3150.0,2995.0,3240.0,3277.0,3100.0,3182.0,2800.0,2795.0,2797.0,2795.0,2695.0,2695.0,2795.0,2765.0,2500.0,2650.0,2750.0,2874.0,2850.0,2850.0,2748.0,2800.0,2749.0,2700.0,2700.0,2800.0,2700.0,2700.0,2499.0,2600.0,2498.0,2500.0,2500.0,2600.0,2600.0,2699.0,2800.0,2800.0,2846.0,3000.0,3100.0,3000.0,3942.0,3942.0,3951.0,2950.0,3295.0,3465.0,2900.0,3000.0,3000.0,2750.0,2797.0,2647.0,2800.0,2495.0,2695.0,2800.0,2595.0,2750.0,3200.0,3250.0,2660.0,2500.0,2500.0,2450.0,3500.0,3500.0,3200.0,3250.0,3300.0,3300.0,4226.0,3295.0,3100.0,3000.0,3200.0,3000.0,2995.0,3995.0,3500.0,3500.0,4215.0,3300.0,4250.0,3995.0,3299.0,3200.0,3795.0,3600.0,3225.0,3600.0,3800.0,3750.0,3750.0,4700.0,3900.0,3300.0,3300.0,3400.0,3800.0,3100.0,3200.0,3700.0,3300.0,3500.0,4500.0,4635.0,4737.0,4827.0,5101.0,5050.0,4975.0,4500.0,3800.0,3800.0,3750.0,3600.0,3900.0,3595.0,4777.0,4797.0,4772.0,4850.0,4200.0
Morris Heights,Bronx,neighborhood,,,,,,,,,,,,,,,,,,,,,,,800.0,,,,,,,,,1250.0,,,,,,,,,,,,,,,,,,,,,,1150.0,1150.0,1250.0,1250.0,1250.0,1250.0,1250.0,1295.0,1250.0,1250.0,1295.0,1295.0,1295.0,,1200.0,1350.0,1350.0,1350.0,,1395.0,1350.0,1350.0,1350.0,1345.0,1575.0,1300.0,1425.0,1450.0,1495.0,1450.0,1495.0,1400.0,1450.0,1495.0,1490.0,1400.0,1400.0,1525.0,1650.0,1650.0,1650.0,1600.0,1499.0,1595.0,1495.0,1495.0,1700.0,,1700.0,1600.0,1600.0,1595.0,1500.0,1624.0,1483.0,1553.0,1554.0,1625.0,1554.0,1500.0,1581.0,1581.0,1695.0,1800.0,1695.0,1695.0,1734.0,1699.0,1699.0,1550.0,1550.0,1550.0,1799.0,1750.0,1750.0,1750.0,1750.0,1650.0,1540.0,1650.0,1650.0,1650.0,1650.0,1600.0,1600.0,1600.0,1650.0,1650.0,1600.0,1600.0,1600.0,1650.0,1775.0,1850.0,1850.0,1900.0,1795.0,1795.0,1795.0,1975.0,1675.0,1890.0,1890.0,1950.0,1895.0,1650.0,1755.0,1755.0,1595.0,1795.0,1900.0,2000.0,2000.0,1850.0,1925.0,1750.0,1750.0,1900.0,1700.0,1700.0,1800.0,1875.0,1849.0,1555.0,1925.0,1945.0,1895.0,1795.0,,1942.0,1925.0,1925.0,1550.0,2000.0,2000.0,1950.0,2150.0,1845.0,2030.0,1749.0,1900.0,2550.0,2550.0,2035.0,,2000.0,2100.0
Morris Park,Bronx,neighborhood,950.0,950.0,,,,,1250.0,900.0,875.0,1200.0,1150.0,1150.0,1050.0,1050.0,1050.0,,,,1200.0,1223.0,1223.0,1200.0,1200.0,1200.0,1200.0,1200.0,1200.0,1200.0,1200.0,1200.0,1100.0,1100.0,,1300.0,1300.0,1000.0,1000.0,1000.0,1000.0,1200.0,1200.0,1200.0,1500.0,1150.0,1100.0,1100.0,,1150.0,1100.0,1300.0,1279.0,1300.0,1350.0,1350.0,1400.0,1399.0,1400.0,1400.0,1400.0,1400.0,1400.0,1400.0,1400.0,1400.0,1308.0,1301.0,1325.0,1400.0,1350.0,1400.0,1400.0,1425.0,1450.0,1450.0,1450.0,1450.0,1450.0,1450.0,1500.0,1500.0,1500.0,1500.0,1500.0,1500.0,1500.0,1500.0,1550.0,1550.0,1575.0,1575.0,1575.0,1575.0,1575.0,1575.0,1600.0,1575.0,1550.0,1575.0,1549.0,1650.0,1650.0,1550.0,1650.0,1699.0,1650.0,1600.0,1600.0,1600.0,1600.0,1625.0,1625.0,1649.0,1650.0,1650.0,1650.0,1750.0,1899.0,1749.0,1749.0,1550.0,1698.0,1696.0,1696.0,1698.0,1700.0,1749.0,1649.0,1700.0,1699.0,1725.0,1650.0,1799.0,1675.0,1675.0,1675.0,1700.0,1749.0,1749.0,1749.0,1675.0,1650.0,1699.0,1850.0,2099.0,1828.0,1750.0,1450.0,1883.0,2000.0,1875.0,2099.0,1850.0,1850.0,1799.0,1699.0,1750.0,1750.0,1850.0,1875.0,1850.0,1850.0,1850.0,1842.0,1799.0,2203.0,2299.0,2299.0,2299.0,1875.0,1875.0,1875.0,2443.0,1875.0,1800.0,1999.0,2599.0,1999.0,1999.0,1100.0,2599.0,1812.0,1812.0,1854.0,1900.0,2100.0,2100.0,2599.0,2599.0,2599.0,2599.0,2549.0,2199.0,2149.0,,,1850.0,,2475.0,2308.0,
Morrisania,Bronx,neighborhood,,,,,,,,,,,,,,,,,,,,,,,,,,,,,,,,,,,,,,1300.0,1300.0,,,,,,,,,,,,,,,,,,,,,,917.0,,2800.0,931.0,931.0,931.0,931.0,931.0,931.0,931.0,1250.0,,,,932.0,932.0,932.0,,,,1400.0,770.0,10000.0,10000.0,10000.0,1195.0,1195.0,1195.0,1295.0,,,1017.0,1017.0,1017.0,,,1150.0,,,,,,1650.0,1533.0,1500.0,1600.0,1466.0,1500.0,1150.0,,1700.0,1700.0,,,,1700.0,1700.0,1500.0,1500.0,1500.0,1500.0,1500.0,1500.0,,1475.0,1586.0,1600.0,1600.0,1650.0,,,1800.0,1725.0,,1650.0,1650.0,,,1800.0,1650.0,1650.0,,1850.0,1400.0,1800.0,1800.0,,1800.0,1680.0,1550.0,,1574.0,1475.0,1550.0,,,1600.0,1600.0,1575.0,1800.0,1300.0,2280.0,2280.0,2000.0,1680.0,1680.0,2300.0,1650.0,1650.0,1405.0,2400.0,1655.0,1650.0,1600.0,2300.0,1700.0,1695.0,1479.0,1790.0,3170.0,,1600.0,,,1396.0,1468.0,,,,,1750.0,,1327.0,2593.0,1650.0,2487.0,,,1750.0,1600.0
Mott Haven,Bronx,neighborhood,1350.0,1600.0,1400.0,1400.0,1400.0,1050.0,1050.0,1050.0,1000.0,1100.0,1500.0,1500.0,1500.0,1050.0,1050.0,763.0,763.0,763.0,763.0,1300.0,1300.0,1300.0,1300.0,1550.0,1500.0,1500.0,1500.0,1290.0,900.0,900.0,900.0,900.0,1000.0,950.0,950.0,950.0,950.0,950.0,1750.0,1500.0,1400.0,1500.0,2100.0,2050.0,,,,,1450.0,1375.0,1450.0,,1195.0,1195.0,1550.0,1395.0,1500.0,1450.0,1300.0,1150.0,1600.0,1600.0,1700.0,1700.0,1550.0,1300.0,1400.0,1300.0,1350.0,1350.0,1250.0,1650.0,1600.0,1175.0,1500.0,1500.0,1500.0,1800.0,1625.0,1696.0,1696.0,1696.0,1696.0,2150.0,1650.0,1550.0,1550.0,1850.0,1800.0,1950.0,1850.0,1850.0,1850.0,1850.0,1900.0,1900.0,1800.0,2000.0,1925.0,1849.0,1700.0,1725.0,1850.0,1950.0,2000.0,1960.0,2000.0,1960.0,1900.0,1900.0,2050.0,2300.0,2195.0,2150.0,2200.0,2300.0,2350.0,2300.0,2200.0,2200.0,2271.0,2000.0,2275.0,2399.0,2150.0,2000.0,2120.0,2100.0,2100.0,2100.0,2000.0,2000.0,2275.0,2100.0,2150.0,2250.0,2300.0,2300.0,2300.0,2250.0,2250.0,2100.0,2300.0,2300.0,2300.0,2300.0,2300.0,2500.0,2585.0,2420.0,2450.0,2450.0,2695.0,2600.0,2450.0,2420.0,2550.0,2865.0,2860.0,2864.0,2860.0,2921.0,2921.0,2860.0,2874.0,2960.0,2860.0,2850.0,2988.0,3037.0,2914.0,3050.0,3050.0,3060.0,3050.0,3050.0,2976.0,2952.0,3060.0,3050.0,3070.0,2995.0,2950.0,3041.0,3100.0,3125.0,3050.0,3008.0,2950.0,3000.0,2995.0,3150.0,3000.0,2990.0,2995.0,2995.0,3025.0,3000.0,3090.0,3180.0
NYC,,city,2500.0,2500.0,2500.0,2595.0,2600.0,2650.0,2695.0,2700.0,2750.0,2730.0,2695.0,2695.0,2650.0,2660.0,2700.0,2700.0,2725.0,2800.0,2800.0,2850.0,2900.0,2900.0,2950.0,2895.0,2895.0,2885.0,2900.0,2950.0,2925.0,2900.0,2895.0,2900.0,2950.0,2950.0,2935.0,2950.0,2895.0,2900.0,2995.0,2950.0,2900.0,2895.0,2895.0,2995.0,2990.0,2900.0,2895.0,2895.0,2850.0,2850.0,2850.0,2925.0,2900.0,2850.0,2795.0,2750.0,2740.0,2700.0,2675.0,2700.0,2750.0,2750.0,2750.0,2800.0,2800.0,2800.0,2795.0,2800.0,2800.0,2800.0,2768.0,2800.0,2845.0,2845.0,2850.0,2865.0,2870.0,2850.0,2800.0,2800.0,2795.0,2750.0,2700.0,2700.0,2649.0,2600.0,2600.0,2600.0,2600.0,2599.0,2590.0,2700.0,2700.0,2650.0,2600.0,2600.0,2595.0,2577.0,2600.0,2600.0,2600.0,2600.0,2627.0,2600.0,2566.0,2500.0,2495.0,2494.0,2500.0,2550.0,2595.0,2650.0,2650.0,2699.0,2699.0,2700.0,2750.0,2740.0,2700.0,2748.0,2800.0,2895.0,2899.0,3000.0,2850.0,2790.0,2700.0,2590.0,2500.0,2400.0,2398.0,2385.0,2325.0,2369.0,2330.0,2350.0,2400.0,2400.0,2450.0,2458.0,2500.0,2435.0,2425.0,2500.0,2600.0,2700.0,2800.0,3000.0,3100.0,3200.0,3250.0,3290.0,3295.0,3250.0,3200.0,3200.0,3270.0,3295.0,3350.0,3500.0,3500.0,3499.0,3495.0,3476.0,3450.0,3395.0,3280.0,3345.0,3350.0,3400.0,3450.0,3500.0,3500.0,3500.0,3500.0,3500.0,3450.0,3370.0,3350.0,3350.0,3415.0,3500.0,3500.0,3640.0,3650.0,3800.0,3878.0,3845.0,3700.0,3700.0,3688.0,3700.0,3750.0,3800.0,3850.0,4000.0,4000.0,3995.0,3995.0,3999.0
New Hyde Park,Queens,neighborhood,,,,,,,,,,,,,1200.0,1200.0,1200.0,,,,,,,,,,,,,,,,,,,,,,,,,,,,,,,,,,,,,,,,,,,,,,,,,,,,1300.0,1300.0,,,,,,1350.0,,,,,,,,,,,,,,,,,,,,,,,,,,,,,,,,,,,,,,,,,,,,,,,,,,,,,,,,,,,,,,,,,,,,,,,,,,,,,,,,,,,,,,,,,,,,,,,,,,,,,,,,,,,,,,,,,,,,,,,,,,,,,,
Nolita,Manhattan,neighborhood,2650.0,2595.0,2495.0,2600.0,2500.0,2600.0,2650.0,2795.0,2795.0,2800.0,2700.0,2700.0,2725.0,2750.0,2650.0,2825.0,2650.0,2400.0,3050.0,3050.0,3000.0,2600.0,2800.0,2850.0,3000.0,3295.0,3200.0,3000.0,3295.0,3295.0,3295.0,3295.0,3000.0,2800.0,2795.0,3150.0,3150.0,3000.0,3195.0,3095.0,3275.0,3295.0,3450.0,3450.0,3325.0,2500.0,3250.0,3000.0,3000.0,3000.0,2950.0,3200.0,3100.0,3295.0,3400.0,3450.0,3400.0,3350.0,3400.0,3395.0,3425.0,3250.0,3395.0,3495.0,3300.0,3300.0,3200.0,3100.0,3175.0,3395.0,3295.0,3100.0,3100.0,3295.0,3450.0,3695.0,3695.0,3595.0,3478.0,3495.0,3450.0,3350.0,3350.0,3095.0,3350.0,3495.0,3395.0,3395.0,3400.0,3300.0,3400.0,3595.0,3350.0,3100.0,3095.0,3200.0,3150.0,3095.0,3250.0,3150.0,3300.0,3495.0,3400.0,3225.0,3150.0,3100.0,3173.0,3307.0,3300.0,3319.0,3275.0,3375.0,3500.0,3500.0,3350.0,3450.0,3350.0,3300.0,3116.0,3250.0,3200.0,3500.0,3595.0,3995.0,3795.0,3595.0,3400.0,3000.0,2745.0,2995.0,2694.0,2694.0,2600.0,2500.0,2500.0,2600.0,2836.0,2900.0,3250.0,3425.0,3595.0,3450.0,3500.0,3500.0,3795.0,3950.0,4000.0,4095.0,4250.0,3995.0,4150.0,4195.0,4295.0,4375.0,4295.0,4295.0,3995.0,4195.0,4195.0,4195.0,4150.0,4000.0,4150.0,4250.0,4295.0,3995.0,3795.0,3995.0,4295.0,4410.0,4395.0,4495.0,4495.0,4250.0,4195.0,4095.0,3995.0,3945.0,3995.0,4150.0,4100.0,4500.0,4500.0,4950.0,4870.0,4995.0,4995.0,4995.0,4760.0,4650.0,4895.0,4895.0,4995.0,4995.0,5250.0,5495.0,5495.0,5495.0,4995.0,4895.0
North Corona,Queens,neighborhood,,,,,,,,,,,,,1225.0,1225.0,1225.0,1225.0,1225.0,1175.0,1150.0,1150.0,,1000.0,1150.0,,,1050.0,1050.0,,,,1325.0,1400.0,1400.0,1400.0,1400.0,1400.0,,1300.0,1300.0,1300.0,1300.0,1300.0,1300.0,1300.0,,,1395.0,1395.0,1395.0,1395.0,1395.0,1395.0,1400.0,1400.0,1400.0,1350.0,1350.0,1450.0,1475.0,1495.0,1495.0,1495.0,1495.0,1550.0,1550.0,1575.0,1500.0,1595.0,1525.0,1525.0,1495.0,1495.0,1500.0,1595.0,1675.0,1675.0,1900.0,1900.0,2000.0,2000.0,1800.0,1800.0,1550.0,1550.0,2000.0,1750.0,1675.0,1650.0,1650.0,1700.0,1700.0,1550.0,1695.0,1575.0,1550.0,1550.0,1550.0,1595.0,1700.0,1650.0,1595.0,1675.0,1750.0,1650.0,1650.0,1700.0,1550.0,1695.0,1550.0,1550.0,1700.0,1650.0,1750.0,1675.0,1780.0,1750.0,1695.0,1750.0,1770.0,1750.0,1850.0,1750.0,1600.0,1750.0,1750.0,1650.0,1750.0,1650.0,1650.0,1700.0,1750.0,1750.0,1695.0,1750.0,1700.0,1750.0,1695.0,1825.0,1550.0,1550.0,1550.0,1495.0,1395.0,,2000.0,1550.0,2000.0,1700.0,1795.0,1600.0,2000.0,1950.0,1695.0,1695.0,1700.0,2000.0,1795.0,,1775.0,,1800.0,2184.0,1772.0,,2500.0,2500.0,2600.0,2600.0,2600.0,3180.0,3150.0,1975.0,1950.0,2400.0,2150.0,1989.0,2000.0,1875.0,2400.0,1950.0,1950.0,1850.0,1700.0,2400.0,2475.0,2550.0,2495.0,2495.0,2500.0,2050.0,2800.0,2800.0,2100.0,1900.0,2495.0,2495.0,2495.0,2400.0,2500.0,2500.0
Norwood,Bronx,neighborhood,900.0,900.0,,,,,,1025.0,1025.0,,1150.0,1150.0,1200.0,1075.0,1075.0,1075.0,,950.0,950.0,950.0,1050.0,,,850.0,850.0,1095.0,1095.0,1025.0,1095.0,1050.0,1100.0,975.0,1100.0,1195.0,1195.0,1150.0,1200.0,1200.0,1300.0,1300.0,1300.0,1200.0,1250.0,1200.0,1250.0,1200.0,1200.0,1250.0,1200.0,1200.0,1200.0,1200.0,1250.0,1200.0,1195.0,1250.0,1300.0,1395.0,1200.0,1150.0,1150.0,1150.0,1250.0,1300.0,1300.0,1300.0,1300.0,1300.0,1300.0,1300.0,1325.0,1325.0,1300.0,1300.0,1350.0,1450.0,1375.0,1350.0,1375.0,1375.0,1375.0,1450.0,1395.0,1450.0,1425.0,1350.0,1425.0,1400.0,1450.0,1450.0,1495.0,1500.0,1400.0,1490.0,1490.0,1425.0,1425.0,1400.0,1450.0,1485.0,1400.0,1490.0,1490.0,1500.0,1500.0,1475.0,1450.0,1490.0,1490.0,1400.0,1500.0,1550.0,1599.0,1600.0,1625.0,1599.0,1625.0,1625.0,1595.0,1550.0,1550.0,1500.0,1450.0,1525.0,1500.0,1525.0,1500.0,1650.0,1595.0,1650.0,1550.0,1550.0,1595.0,1500.0,1550.0,1575.0,1650.0,1650.0,1575.0,1550.0,1650.0,1550.0,1525.0,1795.0,1650.0,1650.0,1650.0,1650.0,1525.0,1700.0,1824.0,1895.0,1700.0,1995.0,1848.0,1848.0,1675.0,1675.0,1848.0,1895.0,1850.0,1700.0,1850.0,1875.0,2100.0,1800.0,1985.0,1985.0,1995.0,1925.0,1772.0,1772.0,1879.0,2000.0,1955.0,1995.0,1995.0,1850.0,1900.0,1833.0,1895.0,1793.0,1995.0,1850.0,1870.0,1895.0,1525.0,2195.0,1700.0,1675.0,2000.0,1950.0,1900.0,1950.0,1895.0,1764.0,1929.0,1750.0,1720.0,1750.0
Oakland Gardens,Queens,neighborhood,,,,,,,,,,,,,,,,,,,,,,,,,,,,,,1250.0,1250.0,1250.0,1250.0,1650.0,1500.0,1500.0,1350.0,,1350.0,1350.0,1350.0,,1400.0,1400.0,1400.0,1465.0,1465.0,,,,,,,,1650.0,1450.0,1450.0,1450.0,,1500.0,1500.0,1500.0,1500.0,1600.0,1500.0,1500.0,1500.0,1500.0,1470.0,1700.0,1700.0,1700.0,1700.0,1650.0,1650.0,1650.0,1650.0,1650.0,1750.0,1750.0,1750.0,1750.0,1750.0,1700.0,1700.0,1650.0,1700.0,1700.0,1700.0,1700.0,1675.0,1675.0,1650.0,1650.0,1650.0,1625.0,1775.0,1675.0,1750.0,1850.0,,1775.0,1750.0,1675.0,1750.0,1550.0,1650.0,1675.0,1675.0,1575.0,,1675.0,1685.0,1700.0,1695.0,1650.0,1775.0,1750.0,1800.0,1775.0,1725.0,1695.0,1675.0,1750.0,1585.0,1585.0,1750.0,,1700.0,1750.0,1700.0,,1750.0,1650.0,1727.0,1745.0,1750.0,1825.0,1850.0,,1795.0,1795.0,1850.0,1875.0,1850.0,1895.0,1895.0,1950.0,2300.0,2300.0,1995.0,2099.0,2100.0,2250.0,2100.0,1895.0,1875.0,2100.0,1900.0,1875.0,1995.0,2100.0,2100.0,2100.0,2100.0,2300.0,1925.0,1995.0,2150.0,2150.0,2150.0,2195.0,2250.0,2250.0,2200.0,2250.0,2300.0,2300.0,2300.0,2300.0,2345.0,2300.0,2328.0,2350.0,2325.0,2300.0,2350.0,2295.0,2195.0,2300.0,2375.0,2300.0,2250.0,2395.0,2350.0,2200.0,2400.0,2340.0,2398.0,2395.0
Old Mill Basin,Brooklyn,neighborhood,,,,,,,,,,,,,,,,,,,,,,,,,,,,,,,,,,,,,,1300.0,1300.0,,,,1500.0,1500.0,1400.0,1400.0,1350.0,1350.0,,,,,,,,1200.0,1200.0,1200.0,1200.0,1200.0,,,,1400.0,1400.0,,,,,,,1400.0,,,1500.0,,,,1399.0,1600.0,1600.0,1600.0,1600.0,1600.0,1600.0,1500.0,,,,,,,,,,,1649.0,1649.0,1649.0,,,,,,,,,,,,,,,,,,,,,,,,,,,,,1500.0,1500.0,,,,,,,,,,,,,,,,,,1500.0,1500.0,,,,,,,,,,,,,,,,1599.0,1599.0,1599.0,1599.0,1599.0,1300.0,1599.0,2000.0,2000.0,2000.0,2000.0,1500.0,1599.0,2000.0,,,,2000.0,,,,1699.0,1699.0,,,,,,,,,,,2100.0,2000.0,,
Ozone Park,Queens,neighborhood,,,,,,,,,,,,,,1300.0,1300.0,,,,,,,,,,,,,,,,,,,,,,,,,,,,,,,,,,,,900.0,,,,,,,,,,,,,,,,,,,,,,,,,,,,,,,,,,,,,,,1450.0,1400.0,1425.0,,,1400.0,1750.0,,,,1625.0,1625.0,1650.0,1650.0,1600.0,1700.0,1650.0,1499.0,,,1625.0,1625.0,,,,,,,,1810.0,,,,,1699.0,1700.0,,1800.0,1800.0,,1950.0,1600.0,1750.0,,1450.0,,1700.0,1500.0,1500.0,1600.0,1575.0,1575.0,,1700.0,,,,1500.0,,1700.0,1500.0,,,,1800.0,1700.0,1800.0,1800.0,1800.0,2200.0,1800.0,1800.0,,,1900.0,,1600.0,1975.0,1950.0,2100.0,2100.0,2150.0,2095.0,2025.0,2000.0,2100.0,2000.0,1975.0,2000.0,1995.0,1995.0,2050.0,2000.0,2000.0,2000.0,1999.0,2390.0,1900.0,,,,,,,,1650.0,1800.0,1807.0,2190.0,2195.0,2425.0
Park Slope,Brooklyn,neighborhood,1900.0,1850.0,1850.0,1875.0,1900.0,2000.0,1995.0,2000.0,2300.0,2300.0,2000.0,1975.0,1900.0,2200.0,2200.0,2200.0,2100.0,2100.0,2200.0,2200.0,2400.0,2400.0,2400.0,2350.0,2400.0,2350.0,2300.0,2350.0,2284.0,2250.0,2300.0,2200.0,2300.0,2300.0,2350.0,2400.0,2400.0,2300.0,2300.0,2200.0,2200.0,2400.0,2500.0,2500.0,2500.0,2500.0,2475.0,2400.0,2450.0,2450.0,2250.0,2400.0,2395.0,2500.0,2500.0,2500.0,2550.0,2500.0,2450.0,2400.0,2600.0,2550.0,2550.0,2500.0,2500.0,2495.0,2495.0,2500.0,2500.0,2500.0,2500.0,2500.0,2595.0,2500.0,2500.0,2500.0,2550.0,2500.0,2500.0,2500.0,2500.0,2500.0,2500.0,2500.0,2475.0,2500.0,2450.0,2400.0,2490.0,2490.0,2450.0,2500.0,2500.0,2495.0,2475.0,2445.0,2450.0,2446.0,2495.0,2495.0,2500.0,2500.0,2499.0,2600.0,2600.0,2650.0,2500.0,2600.0,2585.0,2500.0,2500.0,2600.0,2700.0,2749.0,2725.0,2750.0,2650.0,2600.0,2600.0,2700.0,2700.0,2650.0,2695.0,2699.0,2650.0,2600.0,2500.0,2475.0,2400.0,2400.0,2350.0,2400.0,2400.0,2400.0,2400.0,2400.0,2495.0,2500.0,2500.0,2650.0,2700.0,2775.0,2800.0,2700.0,2800.0,2900.0,2995.0,3000.0,3250.0,3000.0,3100.0,3200.0,3295.0,3100.0,3100.0,3095.0,3100.0,3200.0,3300.0,3400.0,3495.0,3300.0,3500.0,3400.0,3450.0,3400.0,3289.0,3400.0,3400.0,3355.0,3450.0,3500.0,3500.0,3595.0,3500.0,3495.0,3500.0,3395.0,3499.0,3500.0,3400.0,3500.0,3350.0,3500.0,3600.0,3695.0,3790.0,3750.0,3665.0,3688.0,3650.0,3600.0,3800.0,3750.0,3650.0,3750.0,3800.0,3895.0,3900.0,3850.0
Parkchester,Bronx,neighborhood,1050.0,975.0,975.0,975.0,,1100.0,1100.0,,,935.0,935.0,935.0,935.0,1100.0,1100.0,1100.0,950.0,990.0,1200.0,1200.0,1200.0,1200.0,1200.0,1200.0,1010.0,1100.0,1010.0,1010.0,985.0,1175.0,985.0,985.0,985.0,985.0,985.0,1200.0,1075.0,1100.0,1100.0,1100.0,1100.0,1100.0,1100.0,1100.0,1175.0,1025.0,975.0,1100.0,1150.0,1100.0,1100.0,1025.0,1025.0,1025.0,1195.0,1205.0,1225.0,1208.0,1195.0,1195.0,1195.0,1191.0,1191.0,1218.0,1225.0,1225.0,1225.0,1220.0,1220.0,1297.0,1250.0,1225.0,1245.0,1300.0,1300.0,1265.0,1255.0,1260.0,1280.0,1280.0,1289.0,1294.0,1350.0,1425.0,1425.0,1294.0,1294.0,1317.0,1320.0,1324.0,1340.0,1324.0,1400.0,1395.0,1395.0,1361.0,1361.0,1415.0,1441.0,1450.0,1441.0,1447.0,1475.0,1494.0,1499.0,1475.0,1475.0,1475.0,1475.0,1502.0,1513.0,1513.0,1538.0,1547.0,1550.0,1600.0,1600.0,1600.0,1600.0,1535.0,1500.0,1600.0,1600.0,1600.0,1475.0,1535.0,1535.0,1535.0,1600.0,1600.0,1600.0,1600.0,1500.0,1500.0,1450.0,1600.0,1600.0,1600.0,1600.0,1600.0,1565.0,1535.0,1600.0,1550.0,1595.0,1600.0,1600.0,1600.0,1600.0,1550.0,1600.0,1550.0,1600.0,1570.0,1495.0,1585.0,1550.0,1585.0,1585.0,1950.0,1950.0,1850.0,1775.0,1650.0,1650.0,1700.0,1700.0,1950.0,1885.0,1900.0,1585.0,1650.0,1650.0,1650.0,1650.0,1650.0,1650.0,1650.0,1650.0,1662.0,1650.0,1650.0,1950.0,2250.0,2250.0,2300.0,2400.0,2400.0,2400.0,2200.0,2400.0,2400.0,2400.0,2400.0,,2200.0,1995.0,2150.0,2000.0,2500.0
Pelham Bay,Bronx,neighborhood,875.0,875.0,,,,,,,,,,,,,,,,,,,,1375.0,1375.0,1175.0,1150.0,1150.0,1150.0,1275.0,1250.0,1250.0,1250.0,1275.0,1275.0,1275.0,1250.0,1250.0,1060.0,1060.0,,,,,1100.0,1100.0,1100.0,,,,,,,1398.0,1300.0,1275.0,1275.0,1161.0,1161.0,1484.0,1400.0,1400.0,,1450.0,1300.0,1300.0,1300.0,1272.0,1240.0,1425.0,1500.0,1300.0,1500.0,1500.0,1500.0,1399.0,1475.0,1400.0,1500.0,1400.0,1250.0,1425.0,1500.0,1500.0,1500.0,1500.0,1525.0,1500.0,1450.0,1550.0,1395.0,1450.0,1500.0,1575.0,1575.0,1525.0,1625.0,1575.0,1550.0,1550.0,1800.0,1800.0,1600.0,1450.0,1550.0,1600.0,1700.0,1675.0,1550.0,1500.0,1500.0,1725.0,1650.0,1650.0,1600.0,1725.0,1725.0,1636.0,1525.0,1495.0,1550.0,1550.0,1550.0,1500.0,1550.0,1600.0,1600.0,1650.0,1600.0,1550.0,1550.0,1605.0,1700.0,1721.0,1655.0,1675.0,1625.0,1625.0,1620.0,1695.0,1695.0,1675.0,1695.0,1625.0,1650.0,1650.0,1695.0,1500.0,1725.0,1850.0,1850.0,1875.0,1848.0,1675.0,1795.0,1740.0,1725.0,1850.0,1900.0,1750.0,1750.0,1750.0,1675.0,1850.0,1875.0,1750.0,1750.0,1795.0,1950.0,1700.0,1675.0,1800.0,1750.0,1750.0,1850.0,1730.0,1795.0,1825.0,1750.0,1750.0,1800.0,1850.0,2650.0,2700.0,2650.0,2700.0,2700.0,2675.0,2650.0,1995.0,1995.0,2175.0,2795.0,2025.0,2700.0,1925.0,1750.0,2000.0,1950.0,1999.0,1950.0,2700.0
Pelham Gardens,Bronx,neighborhood,,,,,,,,,,,,,,,,,,,,,,,,,,,,,,,,,,,,,,,,,,,,,,,,,,,,,,,1400.0,1400.0,1400.0,,,,1475.0,1475.0,,,,,,,,,,1899.0,1899.0,1899.0,1825.0,1675.0,,,,1899.0,1825.0,1799.0,1650.0,1999.0,1785.0,1675.0,1400.0,1550.0,1550.0,,1550.0,1600.0,1600.0,1600.0,1700.0,1832.0,,,1775.0,1999.0,2099.0,1999.0,1999.0,1500.0,1450.0,,,,1999.0,1999.0,,1875.0,1775.0,,1999.0,1999.0,1800.0,,1550.0,1875.0,,,,,2099.0,1885.0,2099.0,1999.0,1999.0,1899.0,1899.0,1749.0,1749.0,,,,,1650.0,1875.0,1875.0,,,,1767.0,,,,,1954.0,1950.0,1950.0,1950.0,,,,,,2599.0,2599.0,,2599.0,2599.0,2599.0,2599.0,2129.0,2299.0,2299.0,,,,,1281.0,1800.0,,2200.0,,,,2599.0,2599.0,2599.0,1800.0,1317.0,,1453.0,1736.0,2000.0,2000.0,2599.0,,2549.0,2000.0,2000.0,,,,,2599.0,,
Pelham Parkway,Bronx,neighborhood,,,,,,,,,,,,,,,,,,,,,,,,,,,,,,,,,,,,,,,,,,,1100.0,1100.0,1200.0,1150.0,1200.0,1200.0,1200.0,,1245.0,,1350.0,1350.0,1515.0,1350.0,1275.0,1350.0,1450.0,1250.0,1200.0,1200.0,1250.0,1599.0,1599.0,1650.0,1550.0,1350.0,1300.0,,1650.0,1650.0,1650.0,1650.0,1450.0,1250.0,1250.0,1250.0,1699.0,1699.0,1699.0,1750.0,1675.0,1699.0,1750.0,1749.0,1799.0,1355.0,1450.0,1450.0,1450.0,1297.0,1297.0,1748.0,1450.0,1748.0,1748.0,1450.0,1450.0,1450.0,1450.0,1824.0,1575.0,1749.0,1799.0,1475.0,1450.0,1450.0,1450.0,1450.0,1450.0,1949.0,1949.0,1824.0,1499.0,1550.0,1474.0,1799.0,1749.0,1799.0,,1899.0,1750.0,1675.0,1675.0,1650.0,1650.0,1600.0,1650.0,1650.0,1750.0,1750.0,1675.0,1700.0,1700.0,1700.0,1900.0,1700.0,1700.0,1675.0,1650.0,1600.0,1874.0,1900.0,1750.0,1650.0,1750.0,1735.0,1695.0,1695.0,1675.0,1675.0,1750.0,1750.0,1795.0,1750.0,1745.0,1725.0,1695.0,1850.0,1900.0,1950.0,1750.0,1850.0,1995.0,2000.0,2299.0,2000.0,1900.0,1849.0,1799.0,1750.0,1750.0,1750.0,1750.0,1750.0,1750.0,1799.0,1795.0,1795.0,1875.0,1875.0,1750.0,1900.0,1900.0,2000.0,1850.0,1850.0,1850.0,1850.0,1850.0,1850.0,1999.0,1825.0,1750.0,2500.0,1850.0,1899.0,2150.0,2150.0
Pomonok,Queens,neighborhood,,,,,,,,,,,,,,,,1250.0,1250.0,1250.0,1250.0,1250.0,1300.0,1300.0,1300.0,1300.0,1300.0,1300.0,1300.0,1300.0,1300.0,1300.0,1300.0,1300.0,1300.0,1300.0,1300.0,1300.0,1300.0,1300.0,1300.0,1300.0,1300.0,1300.0,1300.0,1300.0,1300.0,1300.0,1300.0,1300.0,1300.0,1300.0,1300.0,1300.0,1300.0,1300.0,1300.0,1300.0,1300.0,1300.0,1300.0,1300.0,,,,,,,,1800.0,1800.0,1800.0,1800.0,1800.0,1800.0,1800.0,1800.0,1800.0,1800.0,1950.0,1500.0,1500.0,1650.0,1650.0,1650.0,,,1550.0,1550.0,1400.0,1400.0,1400.0,1400.0,,1800.0,1550.0,1400.0,1400.0,1400.0,,1550.0,1550.0,,,,,1600.0,1450.0,1450.0,1645.0,,1500.0,1500.0,1500.0,,,1500.0,,,1650.0,1650.0,1650.0,1800.0,1650.0,,,,,,,1500.0,1500.0,1750.0,1700.0,1695.0,1650.0,,1650.0,1650.0,1600.0,1650.0,1650.0,1640.0,1650.0,,1699.0,1900.0,1695.0,1695.0,1675.0,1600.0,,1700.0,1700.0,,,,1850.0,1800.0,,1800.0,,1950.0,1950.0,1895.0,1550.0,1800.0,,,,,1850.0,1850.0,1900.0,,2250.0,2295.0,,,1800.0,1900.0,2100.0,1900.0,1800.0,1995.0,1950.0,2100.0,2100.0,,,2350.0,2350.0,2300.0,2000.0,2000.0,,,2000.0,2000.0,,2000.0,2000.0
Port Morris,Bronx,neighborhood,,,,,,,,,,,,,,,,,,,,,,,,,,,,,,,,,,,,,,,,,,,,,,,,,,,,,,,,,,,,,,,,,,,,,,,1700.0,1700.0,1700.0,1700.0,1700.0,,,,,1495.0,1495.0,1650.0,1600.0,1600.0,1600.0,1600.0,1600.0,1600.0,1550.0,,,,1700.0,1850.0,2050.0,1850.0,1900.0,1900.0,2050.0,1850.0,1850.0,1879.0,,,,,,2050.0,2050.0,1900.0,1700.0,1892.0,1892.0,,1925.0,1925.0,,,2150.0,,,,,2081.0,2000.0,,1600.0,1600.0,1600.0,1600.0,1600.0,1600.0,1600.0,1600.0,1900.0,1900.0,1800.0,1905.0,1905.0,1800.0,1995.0,1700.0,1877.0,1995.0,,1900.0,1905.0,1905.0,1905.0,,,2250.0,2000.0,2250.0,2250.0,,,,,1750.0,1750.0,1800.0,1800.0,,,,,,,,,,2000.0,2000.0,2000.0,2100.0,2000.0,,,2568.0,,,,2090.0,2090.0,2350.0,2350.0,2350.0,2155.0,2250.0,,,,,,,2600.0,2600.0,2600.0,2600.0
Prospect Heights,Brooklyn,neighborhood,1650.0,1600.0,1600.0,1800.0,1950.0,2000.0,1900.0,1850.0,1800.0,2000.0,2000.0,1500.0,1700.0,1800.0,1800.0,2000.0,2000.0,2000.0,2000.0,1950.0,2500.0,2500.0,2500.0,2275.0,1900.0,1900.0,1795.0,1800.0,2300.0,2300.0,2100.0,2160.0,2000.0,1900.0,1975.0,2200.0,2000.0,2400.0,2230.0,2100.0,2095.0,2100.0,2200.0,2250.0,2400.0,2250.0,2300.0,2195.0,2200.0,2250.0,2200.0,2200.0,2250.0,2200.0,2250.0,2300.0,2295.0,2295.0,2250.0,2195.0,2300.0,2400.0,2350.0,2500.0,2500.0,2400.0,2250.0,2300.0,2450.0,2400.0,2475.0,2400.0,2300.0,2500.0,2600.0,2600.0,2500.0,2600.0,2400.0,2400.0,2625.0,2500.0,2400.0,2500.0,2400.0,2450.0,2600.0,2800.0,2900.0,2850.0,2950.0,2850.0,2683.0,2680.0,2680.0,2675.0,2599.0,2680.0,2680.0,2430.0,2680.0,2680.0,2695.0,2500.0,2663.0,2450.0,2500.0,2500.0,2585.0,2550.0,2550.0,2650.0,2550.0,2700.0,2700.0,2590.0,2663.0,2700.0,2500.0,2680.0,2699.0,2750.0,2800.0,2800.0,2700.0,2750.0,2750.0,2700.0,2650.0,2500.0,2500.0,2400.0,2600.0,2550.0,2550.0,2500.0,2680.0,2680.0,2750.0,2750.0,2800.0,3000.0,3300.0,3700.0,3800.0,3800.0,3850.0,3975.0,4200.0,4300.0,4325.0,4195.0,4110.0,4000.0,4025.0,3999.0,3990.0,3995.0,3995.0,4095.0,4200.0,4350.0,4375.0,4300.0,4350.0,4220.0,4300.0,4295.0,4195.0,4215.0,4245.0,4150.0,3950.0,4250.0,4255.0,4170.0,4350.0,3905.0,3825.0,4075.0,4200.0,4195.0,4000.0,4190.0,4185.0,4250.0,4350.0,4445.0,4430.0,4460.0,4460.0,4460.0,4495.0,4505.0,4520.0,4500.0,4450.0,4500.0,4550.0,4460.0
Prospect Lefferts Gardens,Brooklyn,neighborhood,,,1200.0,1100.0,1100.0,1100.0,1100.0,1100.0,1100.0,1250.0,1200.0,1200.0,1100.0,1100.0,1150.0,1150.0,1125.0,1125.0,1100.0,1100.0,1100.0,1250.0,1150.0,1200.0,1150.0,1150.0,1350.0,2100.0,1150.0,1285.0,1200.0,1300.0,1300.0,1350.0,1350.0,1350.0,1350.0,1450.0,1150.0,1200.0,1450.0,1400.0,1725.0,1650.0,1600.0,1550.0,1600.0,1450.0,1500.0,1400.0,1500.0,1569.0,1500.0,1500.0,1595.0,1500.0,1450.0,1550.0,1575.0,1525.0,1500.0,1500.0,1595.0,1575.0,1600.0,1600.0,1550.0,1575.0,1600.0,1650.0,1625.0,1600.0,1650.0,1730.0,1675.0,1650.0,1675.0,1750.0,1852.0,1985.0,1985.0,1892.0,1839.0,1846.0,1750.0,1795.0,1800.0,1750.0,1795.0,1795.0,1800.0,1800.0,1815.0,1850.0,1750.0,1850.0,1800.0,1800.0,1800.0,1830.0,1950.0,1950.0,2000.0,1995.0,1950.0,1950.0,1925.0,1950.0,1825.0,1800.0,1900.0,1925.0,1995.0,1950.0,1995.0,2000.0,2160.0,2000.0,2100.0,1995.0,2000.0,2100.0,1895.0,1895.0,1950.0,1999.0,1925.0,1899.0,1800.0,1795.0,1777.0,1750.0,1700.0,1795.0,1750.0,1725.0,1800.0,1850.0,1895.0,1850.0,1950.0,2000.0,1995.0,1995.0,1999.0,2035.0,1950.0,2100.0,2200.0,2250.0,2699.0,2699.0,2150.0,2450.0,2145.0,2400.0,2500.0,2450.0,2500.0,2350.0,2500.0,2795.0,2850.0,2495.0,2699.0,2695.0,2500.0,2400.0,2400.0,2650.0,2495.0,2495.0,2650.0,2695.0,2725.0,2800.0,2765.0,2699.0,2600.0,2580.0,2500.0,2700.0,2599.0,2500.0,2749.0,2995.0,2945.0,2900.0,2899.0,2750.0,2650.0,2675.0,2799.0,2775.0,2800.0,2875.0,2895.0,2850.0,2795.0,2795.0
Prospect Park South,Brooklyn,neighborhood,,,,1150.0,1150.0,1450.0,1450.0,1000.0,1000.0,1000.0,,1100.0,1100.0,1000.0,1000.0,,,1450.0,,1250.0,1250.0,,,1550.0,1550.0,1150.0,1300.0,1400.0,1179.0,1400.0,1250.0,1179.0,1175.0,1550.0,1225.0,1225.0,1350.0,1325.0,1325.0,1350.0,1275.0,1450.0,1450.0,1450.0,1425.0,1400.0,1450.0,1550.0,1525.0,1400.0,2300.0,2275.0,1900.0,1950.0,2100.0,2100.0,2186.0,1675.0,1950.0,1595.0,1595.0,1575.0,1650.0,1750.0,1749.0,1650.0,1625.0,1650.0,1650.0,1700.0,1900.0,1625.0,1850.0,1995.0,1850.0,1950.0,1900.0,1800.0,1800.0,1795.0,1795.0,1800.0,1800.0,1750.0,1700.0,1650.0,1675.0,1700.0,1850.0,1750.0,1750.0,1750.0,1785.0,1795.0,1795.0,1795.0,1800.0,1825.0,1775.0,1850.0,2100.0,1900.0,1984.0,1800.0,1795.0,1750.0,1795.0,1795.0,1795.0,1795.0,1799.0,1799.0,1875.0,1900.0,1900.0,1895.0,2050.0,1950.0,1800.0,1950.0,1850.0,1850.0,1900.0,2000.0,1900.0,1895.0,1900.0,1825.0,1800.0,1850.0,1800.0,1750.0,1750.0,1750.0,1778.0,1795.0,1895.0,1895.0,1995.0,1980.0,2150.0,1980.0,1924.0,1875.0,1895.0,2145.0,2100.0,2100.0,2050.0,2650.0,2750.0,2200.0,2225.0,2250.0,2350.0,2200.0,2375.0,2195.0,2275.0,2250.0,2250.0,2100.0,2495.0,2500.0,2600.0,2650.0,2495.0,2500.0,2450.0,2800.0,2395.0,2500.0,2650.0,2600.0,2850.0,3125.0,2900.0,3000.0,2800.0,2540.0,2599.0,2700.0,2600.0,2500.0,2500.0,2753.0,3238.0,3150.0,2800.0,2700.0,2599.0,2500.0,2650.0,3100.0,3100.0,2850.0,2705.0,2795.0,2750.0,2750.0
Queens,Queens,borough,1405.0,1450.0,1500.0,1500.0,1375.0,1375.0,1400.0,1400.0,1400.0,1400.0,1400.0,1395.0,1350.0,1350.0,1500.0,1550.0,1600.0,1700.0,1550.0,1600.0,1695.0,1600.0,1595.0,1595.0,1600.0,2520.0,2595.0,2300.0,2690.0,2675.0,2500.0,2450.0,2050.0,1950.0,1825.0,1850.0,1675.0,1750.0,1650.0,1695.0,1795.0,1825.0,1950.0,2000.0,2100.0,2028.0,1870.0,1800.0,1750.0,1750.0,1800.0,1800.0,1750.0,1850.0,1850.0,1850.0,1850.0,1850.0,1800.0,1800.0,1800.0,1800.0,1800.0,1825.0,1850.0,1850.0,1850.0,1900.0,1875.0,1850.0,1850.0,1895.0,1875.0,1900.0,1900.0,1995.0,1995.0,2000.0,1975.0,2000.0,2000.0,1950.0,1950.0,1950.0,1900.0,1895.0,1895.0,1895.0,1875.0,1875.0,1875.0,1950.0,1900.0,1900.0,1900.0,1895.0,1875.0,1900.0,1900.0,1900.0,1900.0,1900.0,1900.0,1925.0,1950.0,1900.0,1900.0,1900.0,1900.0,1900.0,1925.0,1950.0,1971.0,1950.0,1950.0,1975.0,1994.0,1975.0,1995.0,1950.0,1975.0,2000.0,2065.0,2100.0,2000.0,1995.0,1950.0,1900.0,1900.0,1850.0,1850.0,1850.0,1800.0,1800.0,1800.0,1800.0,1850.0,1900.0,1900.0,1900.0,1936.0,1950.0,1950.0,1950.0,1975.0,1975.0,1995.0,2000.0,2100.0,2200.0,2250.0,2300.0,2250.0,2300.0,2300.0,2300.0,2290.0,2280.0,2300.0,2400.0,2499.0,2500.0,2500.0,2500.0,2500.0,2500.0,2500.0,2500.0,2499.0,2500.0,2550.0,2600.0,2700.0,2720.0,2799.0,2750.0,2700.0,2600.0,2600.0,2650.0,2700.0,2700.0,2695.0,2700.0,2799.0,2900.0,3000.0,2957.0,2888.0,2900.0,2900.0,2940.0,2975.0,2900.0,2860.0,2930.0,3000.0,3000.0,3033.0,3025.0
Queens Village,Queens,neighborhood,,,,,,,,,,,,,,,,,,,,,,,,,,,,,,,,,,,,,,,,,,,,,,,,,,,,1675.0,1675.0,,,,1450.0,1475.0,1445.0,1250.0,1250.0,1250.0,,,,,1550.0,1495.0,1495.0,1500.0,1500.0,1500.0,1499.0,1700.0,1575.0,,1625.0,1625.0,1625.0,1650.0,1650.0,1675.0,1650.0,1675.0,1675.0,1595.0,1350.0,1700.0,1700.0,1700.0,1700.0,1700.0,1700.0,,1500.0,1500.0,1550.0,1600.0,1740.0,1775.0,1765.0,1750.0,1750.0,,1825.0,1700.0,1850.0,1783.0,1600.0,,,,2000.0,,,1750.0,1750.0,1750.0,1750.0,1300.0,1750.0,1600.0,1600.0,1900.0,1200.0,1450.0,1750.0,1500.0,1200.0,,,,1725.0,,1475.0,1475.0,1675.0,1550.0,1850.0,1825.0,1475.0,1750.0,1800.0,1675.0,1554.0,1800.0,1800.0,1800.0,1850.0,1875.0,1900.0,1950.0,1950.0,1900.0,1850.0,1850.0,1800.0,1776.0,1825.0,1875.0,1698.0,1800.0,1895.0,1900.0,1950.0,1910.0,1950.0,,1850.0,1850.0,1850.0,2000.0,2400.0,2000.0,2150.0,2150.0,1958.0,1958.0,1875.0,1875.0,2100.0,2000.0,2100.0,2050.0,2150.0,2150.0,2022.0,2136.0,2136.0,2100.0,2050.0,2050.0,2050.0,2050.0,2050.0,2325.0,2050.0,2035.0,2099.0,2213.0
Red Hook,Brooklyn,neighborhood,1400.0,1250.0,1400.0,1400.0,1500.0,1500.0,2500.0,1400.0,1400.0,1450.0,1450.0,1650.0,1650.0,1650.0,1650.0,1750.0,1500.0,1500.0,1500.0,1650.0,3200.0,2000.0,1850.0,1850.0,1800.0,1900.0,2200.0,2000.0,1800.0,1700.0,1700.0,1600.0,1900.0,1800.0,1700.0,1625.0,1700.0,1700.0,1700.0,1900.0,1600.0,1700.0,1650.0,1650.0,1800.0,1950.0,1800.0,1600.0,1650.0,1600.0,2000.0,2500.0,2500.0,2500.0,2497.0,2275.0,2300.0,2000.0,2200.0,2300.0,2000.0,1800.0,1800.0,1795.0,2300.0,2000.0,2000.0,2100.0,1899.0,2399.0,2400.0,2500.0,2375.0,1850.0,1849.0,2050.0,2300.0,2050.0,2100.0,1850.0,2000.0,2100.0,2100.0,2200.0,2300.0,2300.0,2475.0,2475.0,2700.0,2500.0,2500.0,2250.0,2250.0,2175.0,1900.0,2195.0,2200.0,1800.0,2000.0,2000.0,2000.0,1900.0,2000.0,2250.0,2400.0,2400.0,2300.0,2800.0,1975.0,1925.0,2400.0,2650.0,2650.0,2850.0,2600.0,2600.0,2400.0,2000.0,1899.0,2000.0,1800.0,2000.0,2000.0,2500.0,2500.0,2575.0,2350.0,2300.0,2300.0,2200.0,2200.0,2600.0,2000.0,1850.0,2300.0,2550.0,2550.0,2475.0,1940.0,1950.0,1950.0,1950.0,3100.0,2856.0,2800.0,2500.0,2650.0,2750.0,2800.0,3000.0,3100.0,3200.0,3600.0,3000.0,3150.0,3000.0,3000.0,3000.0,3000.0,3500.0,2700.0,2995.0,3000.0,3000.0,3200.0,3300.0,3000.0,2600.0,2700.0,2750.0,2450.0,3400.0,2400.0,3600.0,3750.0,3500.0,3250.0,3250.0,2849.0,2825.0,2800.0,3150.0,3100.0,3300.0,2700.0,3200.0,3850.0,3850.0,3500.0,3250.0,2750.0,2750.0,2500.0,2245.0,2900.0,3199.0,3300.0,3500.0,4395.0,2850.0
Rego Park,Queens,neighborhood,1400.0,1450.0,1500.0,1300.0,1300.0,1375.0,1400.0,1400.0,1350.0,1350.0,1350.0,1350.0,1350.0,1400.0,1400.0,1325.0,1325.0,1400.0,1400.0,1400.0,1450.0,1400.0,1400.0,1500.0,1500.0,1550.0,1500.0,1450.0,1450.0,1500.0,1450.0,1450.0,1450.0,1450.0,1450.0,1450.0,1500.0,1500.0,1450.0,1400.0,1400.0,1400.0,1550.0,1500.0,1650.0,1650.0,1600.0,1650.0,1620.0,1606.0,1550.0,1675.0,1725.0,1725.0,1750.0,1800.0,1850.0,1850.0,1850.0,1800.0,1950.0,1900.0,1900.0,1900.0,1899.0,1860.0,1850.0,1850.0,1850.0,1800.0,1875.0,1795.0,1950.0,1950.0,1950.0,1950.0,1875.0,1800.0,1825.0,1900.0,1850.0,1835.0,1900.0,1950.0,1925.0,1875.0,1800.0,1800.0,1800.0,1800.0,1800.0,1900.0,1850.0,1879.0,1854.0,1800.0,1795.0,1875.0,1865.0,1843.0,1795.0,1850.0,1850.0,1950.0,1900.0,1895.0,1850.0,1850.0,1825.0,1850.0,1895.0,1875.0,1850.0,1900.0,2000.0,2000.0,1925.0,1925.0,1925.0,1925.0,1867.0,1895.0,1995.0,1901.0,1925.0,1925.0,1850.0,1870.0,1850.0,1850.0,1850.0,1800.0,1850.0,1800.0,1800.0,1825.0,1825.0,1825.0,1850.0,1850.0,1875.0,1925.0,1950.0,1950.0,1950.0,1900.0,1900.0,1900.0,1950.0,2000.0,2050.0,2100.0,2095.0,2095.0,2000.0,2100.0,2150.0,2150.0,2150.0,2348.0,2150.0,2200.0,2225.0,2400.0,2335.0,2500.0,2321.0,2400.0,2875.0,2700.0,3040.0,2800.0,2750.0,2685.0,2795.0,2550.0,2800.0,2750.0,2700.0,2500.0,2500.0,2500.0,2600.0,2400.0,2400.0,2400.0,2700.0,2695.0,2700.0,2800.0,2900.0,2800.0,2600.0,2800.0,2800.0,2800.0,2885.0,2865.0,2913.0,2800.0
Richmond Hill,Queens,neighborhood,,,,,,,,,1000.0,1000.0,,1200.0,1200.0,1200.0,1050.0,1050.0,1050.0,1200.0,1195.0,1225.0,1225.0,1225.0,,,1250.0,1250.0,1250.0,1250.0,,,1285.0,1295.0,1295.0,1450.0,1300.0,1300.0,1250.0,,,,1300.0,1350.0,1225.0,1200.0,1300.0,1125.0,1275.0,1250.0,1295.0,1350.0,1175.0,1295.0,1300.0,1325.0,1345.0,1345.0,1250.0,1200.0,1350.0,1275.0,1275.0,1375.0,1375.0,1350.0,1375.0,1400.0,1385.0,1350.0,1550.0,1550.0,1500.0,1450.0,1350.0,1400.0,1395.0,1400.0,1400.0,1450.0,1500.0,1450.0,1450.0,1400.0,1325.0,1425.0,1550.0,1550.0,1450.0,1500.0,1450.0,1450.0,1500.0,1695.0,1495.0,1495.0,1550.0,1495.0,1500.0,1250.0,1475.0,1575.0,1550.0,1595.0,1650.0,1700.0,1625.0,1625.0,1650.0,1625.0,1650.0,1581.0,1525.0,1600.0,1650.0,1650.0,1550.0,1599.0,1675.0,1675.0,1695.0,1625.0,1585.0,1550.0,1700.0,1700.0,1623.0,1600.0,1600.0,1650.0,1700.0,1650.0,1725.0,1603.0,1600.0,1650.0,1675.0,1619.0,1725.0,1675.0,1695.0,1695.0,1695.0,1675.0,1650.0,1450.0,1550.0,1700.0,1700.0,1650.0,1725.0,1800.0,1725.0,1600.0,1650.0,1850.0,1800.0,1800.0,1800.0,1750.0,1700.0,1685.0,1795.0,1825.0,1850.0,1800.0,1995.0,1800.0,1850.0,1900.0,1800.0,1800.0,1850.0,1850.0,1800.0,1930.0,2000.0,1950.0,1950.0,1895.0,1800.0,2200.0,2000.0,2300.0,2100.0,1975.0,1950.0,1950.0,2150.0,2150.0,2000.0,2100.0,2150.0,2200.0,1995.0,1995.0,2175.0,1950.0,2000.0,2100.0,2100.0,2150.0
Ridgewood,Queens,neighborhood,,,,1800.0,1800.0,,,,,,,,,,1200.0,1200.0,,,,,1800.0,1350.0,1350.0,1350.0,1350.0,2070.0,1980.0,1980.0,1350.0,1350.0,1350.0,1300.0,1300.0,1350.0,1350.0,1438.0,1350.0,1250.0,1350.0,1350.0,1450.0,1450.0,1400.0,1475.0,1499.0,1499.0,1550.0,1800.0,1350.0,1500.0,1400.0,1400.0,1350.0,1600.0,1600.0,1500.0,1600.0,1500.0,1500.0,1500.0,1550.0,1650.0,1650.0,1600.0,1600.0,1950.0,1850.0,2000.0,1900.0,1800.0,1800.0,1799.0,1700.0,1600.0,1750.0,1750.0,1700.0,1795.0,1800.0,1850.0,1800.0,1850.0,1850.0,1800.0,1800.0,1750.0,1700.0,1799.0,1800.0,1745.0,1899.0,2000.0,2000.0,1990.0,1980.0,1900.0,1875.0,1999.0,1999.0,1846.0,1846.0,1900.0,1850.0,2000.0,2246.0,2000.0,1900.0,1875.0,1849.0,1995.0,1961.0,1950.0,1900.0,2000.0,1995.0,1999.0,1950.0,1900.0,1850.0,1800.0,1899.0,2150.0,2250.0,2200.0,1999.0,2000.0,1991.0,1859.0,1900.0,1850.0,1950.0,1900.0,1900.0,1850.0,1800.0,1850.0,2000.0,2050.0,2000.0,1999.0,2100.0,2050.0,2100.0,2249.0,2100.0,2050.0,2200.0,2200.0,2299.0,2400.0,2500.0,2595.0,2600.0,2700.0,2600.0,2500.0,2400.0,2500.0,2450.0,2500.0,2550.0,2600.0,2600.0,2600.0,2600.0,2600.0,2500.0,2500.0,2500.0,2800.0,2500.0,2500.0,2600.0,2595.0,2700.0,2700.0,2602.0,2600.0,2600.0,2600.0,2500.0,2650.0,2600.0,2645.0,2700.0,2900.0,2895.0,2825.0,2795.0,2800.0,2700.0,2700.0,2775.0,2750.0,2850.0,2800.0,2850.0,2850.0,2995.0,2995.0
Riverdale,Bronx,neighborhood,1575.0,1500.0,1500.0,1450.0,1500.0,1600.0,1600.0,1800.0,1600.0,1500.0,1575.0,1600.0,1500.0,1450.0,1550.0,1550.0,1550.0,1450.0,1500.0,1450.0,1450.0,1450.0,1500.0,1450.0,1450.0,1475.0,1500.0,1550.0,1500.0,1500.0,1550.0,1550.0,1525.0,1500.0,1525.0,1525.0,1550.0,1600.0,1600.0,1600.0,1600.0,1496.0,1496.0,1475.0,1600.0,1650.0,1600.0,1600.0,1600.0,1600.0,1650.0,1695.0,1700.0,1700.0,1750.0,1650.0,1780.0,1695.0,1700.0,1795.0,1795.0,1795.0,1800.0,1700.0,1700.0,1800.0,1800.0,1800.0,1800.0,1800.0,1825.0,1800.0,1800.0,1726.0,1775.0,1850.0,1840.0,1800.0,1800.0,1850.0,1800.0,1795.0,1850.0,1900.0,1849.0,1850.0,1800.0,1850.0,1850.0,1800.0,1850.0,1800.0,1775.0,1775.0,1725.0,1875.0,1800.0,1800.0,1875.0,1875.0,1850.0,1875.0,1850.0,1875.0,1875.0,1850.0,1800.0,1899.0,1867.0,1850.0,1875.0,1850.0,1850.0,1900.0,1900.0,1900.0,1925.0,1900.0,1850.0,1895.0,1950.0,1900.0,1850.0,1850.0,1850.0,1900.0,1930.0,2000.0,1930.0,1925.0,1925.0,1935.0,1925.0,1900.0,1900.0,1915.0,1940.0,1945.0,1900.0,1950.0,1995.0,2100.0,1995.0,2000.0,2100.0,2150.0,2150.0,2095.0,2050.0,2300.0,2250.0,2200.0,2150.0,2150.0,2150.0,2100.0,2195.0,2200.0,2150.0,2250.0,2300.0,2256.0,2400.0,2328.0,2450.0,2400.0,2395.0,2350.0,2200.0,2100.0,2595.0,2600.0,2400.0,2500.0,2650.0,2500.0,2500.0,2650.0,2500.0,2620.0,2500.0,2395.0,2250.0,2500.0,2600.0,2300.0,2500.0,2700.0,2600.0,2500.0,2400.0,2600.0,2775.0,2775.0,2750.0,2590.0,2642.0,2800.0,2800.0,2945.0
Rockaway All,Queens,neighborhood,1215.0,900.0,1215.0,1215.0,,,,,,1200.0,1200.0,,,,,1250.0,1250.0,,,,,,,1250.0,1350.0,1350.0,1350.0,935.0,1400.0,1400.0,,,,,,,,,,,,,,,1400.0,872.0,1300.0,1300.0,1375.0,1300.0,1475.0,1300.0,1425.0,1375.0,1375.0,1400.0,1300.0,1292.0,1300.0,1300.0,1292.0,1110.0,1399.0,1399.0,1300.0,1300.0,1345.0,1345.0,1400.0,1300.0,1399.0,1399.0,1425.0,1400.0,1450.0,1450.0,1450.0,1550.0,1575.0,1550.0,1750.0,1700.0,1599.0,1550.0,1525.0,1565.0,1525.0,1399.0,1550.0,1699.0,1650.0,1699.0,1699.0,1594.0,1499.0,1475.0,1475.0,1562.0,1475.0,1599.0,1600.0,1550.0,1650.0,1599.0,1695.0,1600.0,1650.0,1690.0,1700.0,1690.0,1725.0,1650.0,1650.0,1617.0,1625.0,1650.0,1650.0,1600.0,1649.0,1750.0,1600.0,1600.0,1675.0,1675.0,1675.0,1725.0,1600.0,1603.0,1600.0,1699.0,1750.0,1775.0,1725.0,1649.0,1600.0,1600.0,1649.0,1649.0,1799.0,1800.0,1924.0,1899.0,1899.0,1865.0,1799.0,1699.0,1863.0,1899.0,1899.0,1949.0,1949.0,1850.0,2000.0,2124.0,2074.0,2000.0,1950.0,1900.0,1975.0,2200.0,2200.0,2450.0,2200.0,2300.0,2500.0,2299.0,2299.0,2149.0,2399.0,2200.0,2200.0,2450.0,2300.0,2495.0,2450.0,2100.0,2199.0,2045.0,1800.0,2025.0,1750.0,2125.0,2248.0,2300.0,2399.0,2399.0,2506.0,2200.0,2299.0,2108.0,2300.0,2500.0,2300.0,2299.0,2250.0,1999.0,2095.0,1950.0,2500.0,2500.0
Roosevelt Island,Manhattan,neighborhood,2100.0,2169.0,2123.0,2300.0,2169.0,2169.0,2169.0,2308.0,2400.0,2325.0,2300.0,2300.0,2300.0,2238.0,2275.0,2300.0,2475.0,2450.0,2475.0,2600.0,2775.0,2895.0,2700.0,2895.0,2400.0,2500.0,2550.0,2550.0,2995.0,2850.0,2850.0,2900.0,2850.0,2750.0,2600.0,2600.0,2600.0,2900.0,2900.0,3000.0,2700.0,2700.0,2700.0,2950.0,2795.0,2650.0,2650.0,2895.0,3195.0,2895.0,2850.0,2695.0,3195.0,2995.0,2995.0,2995.0,2900.0,2600.0,2650.0,2950.0,2800.0,2850.0,2650.0,3345.0,2995.0,2995.0,3250.0,3250.0,2695.0,2595.0,2800.0,3075.0,2995.0,3000.0,3100.0,3100.0,3200.0,3231.0,3231.0,3050.0,3095.0,2800.0,2668.0,2728.0,2660.0,3030.0,2725.0,2775.0,3000.0,3265.0,3315.0,2964.0,2750.0,2800.0,2700.0,2550.0,2600.0,2550.0,2790.0,2815.0,3175.0,3097.0,3115.0,2908.0,2803.0,2647.0,2627.0,2650.0,2700.0,2750.0,3240.0,3200.0,3027.0,3350.0,3295.0,3295.0,3291.0,3445.0,2933.0,2903.0,2925.0,3106.0,3026.0,3413.0,3295.0,3200.0,3000.0,3013.0,3149.0,2850.0,2850.0,2929.0,2710.0,2900.0,2700.0,2900.0,3014.0,3200.0,3451.0,3395.0,3217.0,3395.0,3552.0,3895.0,3495.0,3495.0,3405.0,3682.0,3623.0,3878.0,3857.0,3986.0,3562.0,3745.0,3850.0,3487.0,3712.0,3677.0,3800.0,3850.0,4002.0,4069.0,3995.0,3950.0,3934.0,3934.0,3895.0,3476.0,3627.0,3750.0,3800.0,4050.0,4000.0,4324.0,4394.0,4195.0,4062.0,4250.0,4260.0,4175.0,4230.0,4275.0,4422.0,4387.0,4430.0,4250.0,4250.0,4245.0,4285.0,4285.0,4285.0,4150.0,4155.0,4195.0,4345.0,4359.0,4363.0,4360.0,4285.0,4219.0
Rosedale,Queens,neighborhood,,,,,,,,,,,,,,,,,,,,,,,,,,,1300.0,1300.0,1300.0,,,1000.0,1000.0,,,,,,,,,,,,,,,1325.0,1275.0,1275.0,1325.0,1325.0,,,,,,1350.0,1350.0,1400.0,,,,,,1200.0,,,,,,,,,,,,,,,,,,1600.0,1400.0,1400.0,1400.0,1500.0,1500.0,1500.0,1500.0,,,,,,,,,,,,,,,,,,,,1625.0,,,,,1500.0,1500.0,1600.0,,,,,,,,,,,,2400.0,,,,,,,1400.0,1400.0,,,,,,,2500.0,,,,,,,,,,,,,,,1295.0,1295.0,1295.0,1295.0,1295.0,2200.0,,,,,,,2000.0,,,2000.0,,,,2696.0,,,,,,,,,,,,,,,,,,2500.0,,,
Schuylerville,Bronx,neighborhood,,,,,,,,,,,,,,,,,,,,,,,,,,,,,,,,,,,,,,,,,1100.0,1100.0,,,,,,,,,,,,,,,,,1700.0,1700.0,1125.0,1125.0,,1295.0,1295.0,,,,,,,,,,1700.0,1700.0,1700.0,1700.0,1700.0,,1325.0,,,,1300.0,1200.0,1400.0,,,1800.0,,1450.0,,,1800.0,1800.0,1350.0,1650.0,,1500.0,1350.0,1595.0,1595.0,1475.0,1425.0,,,,1450.0,,,,,,,1800.0,1800.0,,,,1600.0,,1400.0,,,,1600.0,1495.0,,1425.0,1425.0,1395.0,,,1600.0,,,,,,,,,,,,1650.0,1485.0,1450.0,2000.0,1475.0,1900.0,,,,,1650.0,2200.0,2200.0,2000.0,1575.0,1598.0,,1650.0,1650.0,,1675.0,2250.0,1599.0,,,,1550.0,1550.0,1550.0,,2595.0,,1725.0,1775.0,1775.0,,1700.0,1700.0,1700.0,1700.0,1700.0,1995.0,,,2075.0,2075.0,2075.0,,1900.0,,,,,2995.0
Seagate,Brooklyn,neighborhood,,,,,,,,,,,,,,,,,,,,,,,,,,,,,,,,,,,,,,,,,,,,,,,,,,,,1400.0,1400.0,,,,,,,,,,,,,,,,,,,,,,,,,,,,,,,,,,1795.0,1795.0,1700.0,1300.0,,,,,,,,1699.0,1599.0,,,,,,,,,,,,,,1650.0,,,1799.0,,,,,,,,,,1700.0,1700.0,,,,1350.0,,,,,,2099.0,2099.0,,1350.0,1350.0,1350.0,,,,,,,,,,,,,,,,,,,,,,,,,,,,,,,2500.0,,,,2150.0,2150.0,,,,,,,,1850.0,1850.0,,,,,,,,,,2400.0,,,
Sheepshead Bay,Brooklyn,neighborhood,1100.0,1100.0,1100.0,1175.0,1250.0,1300.0,1250.0,1250.0,1225.0,1248.0,1200.0,1200.0,1248.0,1250.0,1275.0,1300.0,1250.0,1250.0,1350.0,1225.0,1275.0,1225.0,1300.0,1400.0,1400.0,1400.0,1325.0,1300.0,1375.0,1300.0,1400.0,1400.0,1400.0,1400.0,1400.0,1400.0,1400.0,1400.0,1425.0,1475.0,1450.0,1400.0,1390.0,1390.0,1375.0,1400.0,1400.0,1400.0,1350.0,1350.0,1425.0,1475.0,1500.0,1450.0,1400.0,1400.0,1400.0,1500.0,1475.0,1490.0,1450.0,1400.0,1499.0,1499.0,1500.0,1525.0,1550.0,1550.0,1549.0,1550.0,1550.0,1525.0,1500.0,1600.0,1600.0,1575.0,1575.0,1550.0,1550.0,1599.0,1650.0,1625.0,1600.0,1600.0,1600.0,1650.0,1650.0,1604.0,1600.0,1690.0,1695.0,1650.0,1700.0,1675.0,1695.0,1675.0,1695.0,1650.0,1649.0,1695.0,1699.0,1650.0,1675.0,1650.0,1675.0,1650.0,1670.0,1700.0,1695.0,1699.0,1675.0,1700.0,1695.0,1700.0,1747.0,1750.0,1726.0,1695.0,1695.0,1700.0,1700.0,1714.0,1700.0,1775.0,1700.0,1750.0,1749.0,1775.0,1700.0,1700.0,1700.0,1690.0,1695.0,1650.0,1649.0,1675.0,1675.0,1650.0,1650.0,1736.0,1725.0,1750.0,1750.0,1700.0,1750.0,1750.0,1750.0,1700.0,1750.0,1750.0,1750.0,1850.0,1825.0,1850.0,1999.0,1875.0,1900.0,1995.0,2420.0,2460.0,2410.0,2000.0,2250.0,2500.0,2400.0,2099.0,2400.0,2800.0,2800.0,2500.0,2250.0,2599.0,2500.0,1975.0,1895.0,2100.0,2150.0,2199.0,2300.0,2400.0,2400.0,2650.0,2200.0,2350.0,2200.0,2300.0,2300.0,2250.0,2300.0,2350.0,2595.0,2600.0,2626.0,2511.0,2299.0,2290.0,2290.0,2475.0,2350.0,2600.0
Soho,Manhattan,neighborhood,2800.0,3000.0,3000.0,3100.0,2775.0,3000.0,3200.0,2850.0,3095.0,3200.0,3250.0,3550.0,3050.0,3000.0,2695.0,3200.0,3100.0,3800.0,4000.0,3800.0,3800.0,3500.0,3700.0,3850.0,3950.0,3950.0,4000.0,4300.0,4050.0,3645.0,3300.0,3150.0,4295.0,3300.0,2999.0,3295.0,4000.0,3150.0,3500.0,3700.0,3300.0,3350.0,3000.0,3400.0,3750.0,3500.0,3700.0,3350.0,3300.0,3500.0,3000.0,3200.0,3400.0,3500.0,3495.0,2895.0,3295.0,3500.0,3495.0,3250.0,3195.0,3250.0,3500.0,3495.0,3850.0,3600.0,3495.0,3300.0,3600.0,3350.0,3395.0,3250.0,3400.0,3250.0,3600.0,3599.0,3595.0,3300.0,3250.0,3150.0,3400.0,3499.0,3300.0,3300.0,3300.0,3150.0,3400.0,3500.0,3500.0,3400.0,3395.0,3117.0,3195.0,3195.0,3400.0,3500.0,3395.0,3600.0,3500.0,3595.0,3200.0,3200.0,3200.0,3450.0,3400.0,3900.0,3875.0,3700.0,3600.0,3300.0,3600.0,3758.0,3695.0,3666.0,3600.0,3529.0,3750.0,3750.0,3650.0,3750.0,3750.0,3500.0,4200.0,3937.0,3395.0,3350.0,3400.0,3450.0,3000.0,3000.0,2995.0,3000.0,2995.0,2995.0,2795.0,2795.0,2995.0,3495.0,3696.0,3750.0,3500.0,4000.0,6000.0,4800.0,4500.0,4000.0,3800.0,4350.0,4700.0,4000.0,4800.0,4600.0,4600.0,4350.0,4350.0,4500.0,5200.0,5100.0,4250.0,4350.0,4350.0,4300.0,4300.0,4200.0,3950.0,3695.0,3900.0,4000.0,5350.0,5350.0,5350.0,5200.0,5000.0,4750.0,4583.0,4250.0,4350.0,4995.0,4995.0,4400.0,5550.0,4795.0,4600.0,4750.0,4750.0,4750.0,4995.0,4700.0,4550.0,4750.0,4250.0,4250.0,5995.0,5100.0,5800.0,5495.0,5600.0,5250.0,5050.0,5150.0
Soundview,Bronx,neighborhood,,,,,,,,,,,,,,,1200.0,1200.0,,,,,,,,,,,,,,,,1250.0,1125.0,1075.0,1125.0,,,,,,1200.0,1200.0,,,,1000.0,1000.0,1000.0,1000.0,1000.0,1000.0,1000.0,1300.0,1150.0,1149.0,1150.0,1200.0,1200.0,1100.0,1225.0,1225.0,1275.0,1350.0,1275.0,1250.0,1275.0,1250.0,1250.0,1250.0,1400.0,1400.0,1450.0,1400.0,1300.0,1425.0,1425.0,1275.0,1500.0,1595.0,1450.0,1450.0,1450.0,1450.0,1350.0,1500.0,1475.0,1400.0,1400.0,1475.0,1350.0,1450.0,1375.0,1450.0,1650.0,1500.0,1375.0,1375.0,1650.0,1500.0,1500.0,1565.0,1580.0,1425.0,1425.0,1425.0,1425.0,1495.0,1425.0,1425.0,1425.0,1475.0,1499.0,1625.0,1500.0,1495.0,1525.0,1550.0,1599.0,1599.0,1600.0,1585.0,1585.0,1637.0,1525.0,1630.0,1535.0,1470.0,1660.0,1550.0,1550.0,1650.0,1630.0,1660.0,1699.0,1646.0,1646.0,1585.0,1585.0,1599.0,1595.0,1595.0,1542.0,1650.0,1650.0,1650.0,1595.0,1550.0,1382.0,1550.0,1575.0,1550.0,1425.0,1650.0,1595.0,1595.0,1450.0,1450.0,1600.0,1725.0,1495.0,1460.0,1500.0,1750.0,1450.0,2000.0,1500.0,1500.0,2000.0,1895.0,1825.0,1575.0,1800.0,1650.0,1550.0,1550.0,1589.0,1725.0,1575.0,1750.0,1650.0,2100.0,2100.0,1650.0,1234.0,1234.0,1695.0,1251.0,1650.0,2150.0,2248.0,1850.0,2000.0,2168.0,2258.0,2140.0,2140.0,2140.0,2100.0,,1726.0
South Jamaica,Queens,neighborhood,,,,,,,,,,,,,,,,,,,,,,,,,,,,,,,,,,,,,,,,,,,,,,,,,,,,,,,,,,,,,,,,,,,,,,,1250.0,,,,,,,,,,,,,,,,1550.0,,,,,,,,,,,,,,,1500.0,,,1400.0,,,,,,1300.0,1399.0,,,,,1400.0,,,1400.0,,,1500.0,,,1650.0,,,,,1450.0,1450.0,1450.0,,,,,1475.0,1475.0,,1495.0,1495.0,1525.0,1525.0,1495.0,1450.0,2000.0,1700.0,1525.0,1700.0,1500.0,,,1550.0,1550.0,1550.0,1600.0,1600.0,,1650.0,1650.0,1550.0,1525.0,,1900.0,1675.0,1750.0,,1650.0,1699.0,1550.0,1250.0,1650.0,,1575.0,2100.0,2100.0,1700.0,1699.0,,1700.0,1700.0,1699.0,,,1699.0,,1750.0,1695.0,,1900.0,1775.0,,1800.0,,,2050.0,2050.0,2050.0,2050.0
South Ozone Park,Queens,neighborhood,,,,,,,,,,,,,,,,,,,,,,,,,,,,,,,,,,,,,,,,,,,,,,,,,,1500.0,1500.0,1500.0,,,,,,,,,1350.0,1350.0,1350.0,,,1550.0,1550.0,1550.0,1550.0,,,,1100.0,1395.0,1395.0,,,,,,,,,,,,,,1525.0,1525.0,,1450.0,,,,1350.0,1350.0,1550.0,1295.0,1295.0,,,,,,,,,,,1600.0,1200.0,1200.0,,,,,,,,,,,,,,,,,,,1650.0,1500.0,1500.0,,,,,,,,,,,,,,,,,,1500.0,,,,1500.0,1500.0,2125.0,2125.0,,,,,,,,1750.0,2550.0,2550.0,,,,,,,,2000.0,2000.0,2000.0,,2000.0,2000.0,1850.0,,,,,,,,,,,,,,,,,
South Richmond Hill,Queens,neighborhood,,,,,,,,,,,,,,,,,,1150.0,1200.0,,,,,,,,,,,,1370.0,1370.0,1370.0,1370.0,1370.0,1370.0,,,,1425.0,1425.0,1325.0,1325.0,1325.0,1325.0,1325.0,1395.0,1380.0,1380.0,1265.0,1265.0,,1395.0,1395.0,1445.0,1495.0,,1495.0,1250.0,1125.0,1300.0,1325.0,1325.0,1425.0,,,,,,1500.0,1500.0,1350.0,1350.0,1495.0,,,,1400.0,1400.0,,,1405.0,1405.0,1405.0,1360.0,1550.0,1400.0,,1800.0,1581.0,1450.0,1600.0,1500.0,1500.0,1400.0,1400.0,1750.0,1450.0,1450.0,1450.0,1750.0,1750.0,1450.0,1558.0,1250.0,,1550.0,1550.0,,1700.0,1700.0,1600.0,1475.0,1550.0,1550.0,1564.0,,,,,1750.0,1750.0,,,,1400.0,1400.0,1550.0,1725.0,1400.0,1675.0,1675.0,1675.0,1695.0,1850.0,1650.0,1650.0,1475.0,1750.0,1700.0,1700.0,1575.0,1700.0,,1750.0,1750.0,1750.0,,,2300.0,2300.0,,1600.0,1800.0,1800.0,1081.0,1700.0,1700.0,1700.0,,,1799.0,1799.0,,1850.0,1850.0,1850.0,2100.0,1850.0,2800.0,2100.0,2100.0,1711.0,2200.0,2200.0,1975.0,1570.0,1950.0,1950.0,,1850.0,2000.0,1900.0,1900.0,2000.0,1699.0,2100.0,2100.0,1895.0,2772.0,1799.0,1900.0,1900.0,1899.0,1899.0,1900.0,1850.0,1900.0,1799.0,1925.0
Springfield Gardens,Queens,neighborhood,,,,,,,,,,,,,,,,,,,,,,,,,,,,,,,,,,,,,,,,,,,,,,,,,,,,,,,,,,,,,,,,,,,,,,,,,,,,,,,,,,,,,1200.0,1200.0,,,,1300.0,,,,,,,1600.0,1600.0,,,,,1500.0,,1399.0,1399.0,,,,,,,,1399.0,,,,,,,,,,,,,,,,,,,,,,,,,,1650.0,1650.0,1500.0,1650.0,,,,,,1800.0,1800.0,,,,,,,950.0,,,1800.0,1600.0,1800.0,,,,,,,2000.0,1850.0,2300.0,1900.0,1900.0,,,,,,,1700.0,,,,,,,,,,,,,,,,,,,,2000.0
St. Albans,Queens,neighborhood,,,,,,,,,,,,,,,,,,,,,,,,,,,,,,,,,,,,,950.0,,,,,,,1700.0,1700.0,1550.0,,,,,1100.0,1000.0,1000.0,1000.0,,,,,,1295.0,1295.0,,,,,,,1350.0,1325.0,1300.0,,1500.0,1500.0,1500.0,1500.0,1500.0,1325.0,,,,,1150.0,,,,1350.0,,,1350.0,1400.0,1350.0,1250.0,,1350.0,1350.0,,,1099.0,1400.0,1395.0,1395.0,,,1400.0,1400.0,1375.0,1375.0,1400.0,1400.0,1400.0,1300.0,1350.0,1300.0,1500.0,1375.0,,1650.0,1300.0,,,,1395.0,1395.0,,,,,,1400.0,1500.0,1800.0,1800.0,,,1475.0,1475.0,1360.0,1750.0,1300.0,1475.0,1475.0,1350.0,1350.0,,,1500.0,1500.0,1650.0,1400.0,1750.0,2150.0,2150.0,4500.0,1650.0,1200.0,1400.0,1400.0,1500.0,1600.0,1425.0,1550.0,1550.0,1700.0,1650.0,1650.0,,1950.0,1950.0,1650.0,1650.0,2650.0,2400.0,,,1800.0,1700.0,1650.0,1550.0,1550.0,1550.0,1550.0,2400.0,1550.0,1550.0,1550.0,1600.0,2800.0,1850.0,,,,2700.0,,,2499.0,2499.0,2150.0,1949.0,,2150.0
Staten Island,Staten Island,borough,1050.0,750.0,750.0,750.0,,,,,900.0,900.0,900.0,900.0,1200.0,1200.0,1200.0,,850.0,850.0,,1500.0,1500.0,1500.0,2200.0,,3200.0,1000.0,3200.0,1700.0,1550.0,1300.0,1450.0,1350.0,1350.0,1350.0,1655.0,1655.0,1655.0,1655.0,1840.0,1840.0,1150.0,1150.0,1149.0,1125.0,1100.0,1175.0,1150.0,1150.0,1150.0,1150.0,1200.0,1170.0,1250.0,1150.0,1175.0,1205.0,1175.0,1200.0,1200.0,1200.0,1200.0,1200.0,1250.0,1250.0,1250.0,1370.0,1500.0,1900.0,1500.0,1395.0,1405.0,1395.0,1500.0,1500.0,1695.0,1880.0,2300.0,2015.0,2140.0,1500.0,1500.0,1500.0,1500.0,1500.0,1500.0,1550.0,1550.0,1500.0,1500.0,1575.0,1500.0,1924.0,1650.0,1600.0,1600.0,1600.0,1600.0,1600.0,1650.0,1500.0,1525.0,1695.0,1995.0,1550.0,1995.0,1450.0,1600.0,1550.0,1450.0,1595.0,1600.0,1600.0,1600.0,2275.0,1870.0,1699.0,1850.0,2085.0,2190.0,1990.0,1750.0,1735.0,1699.0,1495.0,1650.0,1400.0,1400.0,1637.0,1650.0,1600.0,1500.0,1650.0,1700.0,1700.0,1650.0,1700.0,1600.0,1600.0,1600.0,1600.0,1598.0,1500.0,1450.0,1500.0,1400.0,1400.0,1525.0,1525.0,1500.0,1600.0,1590.0,1550.0,1600.0,1500.0,1700.0,1725.0,1650.0,1695.0,1700.0,1700.0,1600.0,1645.0,1799.0,1800.0,1875.0,1706.0,1600.0,1600.0,1600.0,1700.0,1600.0,1600.0,2195.0,2195.0,1650.0,1900.0,1900.0,2350.0,2700.0,1825.0,1800.0,2500.0,3145.0,2900.0,2799.0,3125.0,2800.0,3125.0,2800.0,2800.0,3310.0,2950.0,2750.0,2700.0,2700.0,3265.0,3250.0,3275.0,2700.0,2450.0
Stuyvesant Town/PCV,Manhattan,neighborhood,3200.0,3200.0,2725.0,2725.0,2800.0,2800.0,2795.0,3200.0,3200.0,3200.0,3200.0,3200.0,3287.0,3287.0,3287.0,3287.0,3287.0,3287.0,3287.0,3287.0,3255.0,3255.0,3425.0,3304.0,3519.0,3355.0,3350.0,3430.0,3620.0,3545.0,3424.0,3420.0,3450.0,3355.0,3310.0,3280.0,3325.0,3288.0,3250.0,2965.0,2965.0,2965.0,3615.0,3615.0,2965.0,3291.0,3191.0,3249.0,3249.0,3260.0,3373.0,3471.0,3452.0,3377.0,3145.0,3349.0,3375.0,3190.0,3037.0,3299.0,3299.0,3299.0,3572.0,3292.0,3193.0,3338.0,3411.0,3489.0,3495.0,3309.0,3262.0,3177.0,3177.0,3407.0,3685.0,3611.0,3670.0,3399.0,3531.0,3584.0,3577.0,3509.0,3682.0,3149.0,3704.0,3606.0,3597.0,3581.0,3667.0,3475.0,3532.0,3525.0,3625.0,3690.0,3527.0,3202.0,3541.0,3602.0,3578.0,3655.0,3607.0,3588.0,3564.0,3608.0,3645.0,3650.0,3290.0,3542.0,3502.0,3410.0,3427.0,3652.0,3730.0,3722.0,3792.0,3627.0,3800.0,3689.0,3785.0,3503.0,3721.0,3960.0,3892.0,3777.0,3625.0,3623.0,3631.0,3246.0,2938.0,3327.0,3487.0,3588.0,3712.0,3515.0,3410.0,3243.0,3410.0,3343.0,3625.0,3550.0,3703.0,4057.0,4155.0,4306.0,4485.0,4285.0,4538.0,4775.0,4719.0,5112.0,5277.0,4765.0,4522.0,4660.0,4485.0,3847.0,4291.0,4344.0,4601.0,4691.0,5055.0,4811.0,4832.0,4692.0,4395.0,4426.0,4650.0,4544.0,4460.0,4560.0,4742.0,5027.0,5065.0,5045.0,4888.0,4790.0,4872.0,4717.0,4701.0,4757.0,4691.0,4680.0,4667.0,4827.0,5044.0,5084.0,4745.0,5224.0,5169.0,5023.0,4899.0,4841.0,4846.0,4947.0,5158.0,5020.0,5209.0,5502.0,5502.0,5345.0
Sunnyside,Queens,neighborhood,1350.0,1350.0,1350.0,1399.0,1400.0,1375.0,1400.0,1399.0,1450.0,1425.0,1400.0,1400.0,1399.0,1399.0,1399.0,1400.0,1400.0,1450.0,1450.0,1525.0,1450.0,1450.0,1500.0,1500.0,1595.0,1545.0,1650.0,1595.0,1650.0,1650.0,1550.0,1399.0,1475.0,1550.0,1500.0,1495.0,1535.0,1485.0,1500.0,1595.0,1650.0,1675.0,1650.0,1650.0,1725.0,1650.0,1675.0,1625.0,1675.0,1750.0,1800.0,1750.0,1700.0,1850.0,1850.0,1764.0,1758.0,1758.0,1750.0,1800.0,1800.0,1800.0,1750.0,1875.0,1900.0,1875.0,1900.0,1900.0,1900.0,1950.0,1865.0,1875.0,1900.0,1900.0,1895.0,1875.0,1879.0,1900.0,1900.0,1900.0,1950.0,1925.0,1875.0,1925.0,1875.0,1825.0,1850.0,1850.0,1900.0,1885.0,1875.0,1850.0,1850.0,1875.0,1875.0,1900.0,1880.0,1900.0,1900.0,1950.0,1900.0,1850.0,1850.0,1800.0,1892.0,1850.0,1850.0,1850.0,1900.0,1902.0,1925.0,1900.0,1900.0,1900.0,1895.0,1950.0,1925.0,1900.0,1950.0,1925.0,1875.0,1950.0,2000.0,2000.0,1975.0,1900.0,1900.0,1900.0,1850.0,1850.0,1795.0,1800.0,1800.0,1775.0,1775.0,1750.0,1750.0,1750.0,1800.0,1850.0,1895.0,1995.0,1950.0,1950.0,2000.0,1975.0,2000.0,2000.0,2100.0,2000.0,2200.0,2295.0,2200.0,2199.0,2150.0,2150.0,2100.0,2100.0,2200.0,2100.0,2300.0,2200.0,2250.0,2400.0,2450.0,2300.0,2300.0,2350.0,2300.0,2312.0,2350.0,2350.0,2400.0,2400.0,2500.0,2500.0,2450.0,2375.0,2300.0,2350.0,2450.0,2400.0,2400.0,2450.0,2500.0,2500.0,2550.0,2550.0,2550.0,2750.0,2795.0,2565.0,2650.0,2650.0,2500.0,2650.0,2750.0,2600.0,2700.0,2700.0
Sunset Park,Brooklyn,neighborhood,1175.0,1200.0,1200.0,1200.0,1200.0,1200.0,1200.0,1200.0,1150.0,1150.0,1150.0,1150.0,1050.0,1150.0,1150.0,1275.0,1300.0,1300.0,1275.0,1275.0,1350.0,1350.0,1350.0,1350.0,1350.0,1200.0,1350.0,1175.0,1200.0,1350.0,1350.0,1350.0,1450.0,1250.0,1300.0,1350.0,1350.0,1350.0,1450.0,1475.0,1500.0,1500.0,1500.0,1575.0,1575.0,1500.0,1500.0,1450.0,1400.0,1400.0,1450.0,1500.0,1650.0,1650.0,1700.0,1600.0,1600.0,1550.0,1550.0,1450.0,1550.0,1600.0,1550.0,1600.0,1600.0,1600.0,1600.0,1500.0,1550.0,1650.0,1700.0,1800.0,1800.0,1825.0,1595.0,1600.0,1799.0,1700.0,1605.0,1650.0,1800.0,1750.0,1695.0,1650.0,1700.0,1700.0,1700.0,1700.0,1700.0,1600.0,1700.0,1650.0,1700.0,1700.0,1670.0,1725.0,1650.0,1650.0,1750.0,1750.0,1750.0,1725.0,1700.0,1750.0,1719.0,1700.0,1700.0,1695.0,1650.0,1650.0,1650.0,1700.0,1700.0,1750.0,1700.0,1700.0,1699.0,1800.0,1700.0,1725.0,1795.0,1795.0,1799.0,1695.0,1699.0,1795.0,1800.0,1800.0,1750.0,1700.0,1650.0,1675.0,1650.0,1600.0,1603.0,1650.0,1700.0,1700.0,1650.0,1700.0,1700.0,1700.0,1700.0,1700.0,1725.0,1800.0,1800.0,1749.0,1800.0,1999.0,2100.0,2200.0,2199.0,2095.0,2000.0,1800.0,1925.0,1950.0,1900.0,2100.0,2195.0,2000.0,2100.0,2200.0,2050.0,2000.0,1950.0,1900.0,1875.0,2000.0,2050.0,2100.0,2000.0,2000.0,2150.0,2200.0,2300.0,2150.0,2000.0,2095.0,2200.0,1995.0,2350.0,2300.0,2200.0,2360.0,2295.0,2200.0,2250.0,2200.0,2500.0,2250.0,2490.0,2275.0,2400.0,2495.0,2450.0,2300.0,2450.0,2500.0
Throgs Neck,Bronx,neighborhood,,,,,,,,,,,,,,,,,,,,,,,,1100.0,1100.0,1100.0,1100.0,1100.0,,,,,,,,,1500.0,1500.0,1200.0,1150.0,1150.0,,,,,,,,,,,1150.0,1150.0,1150.0,1125.0,1025.0,985.0,,,1400.0,1300.0,1250.0,1300.0,,1200.0,1400.0,1400.0,1350.0,1350.0,1150.0,1350.0,1700.0,1700.0,1200.0,1395.0,,1275.0,1300.0,1300.0,1300.0,1300.0,1300.0,1300.0,1600.0,1600.0,1295.0,1300.0,1300.0,1400.0,1400.0,1600.0,1600.0,1500.0,1275.0,1400.0,1500.0,1450.0,1450.0,1450.0,1450.0,1600.0,1450.0,1350.0,1600.0,1600.0,1600.0,1600.0,1600.0,1400.0,1500.0,,1500.0,1500.0,1500.0,1500.0,1500.0,1750.0,1750.0,1750.0,1700.0,1650.0,1650.0,1500.0,1500.0,,,1850.0,1850.0,1500.0,1500.0,1500.0,1600.0,1600.0,,1750.0,,1650.0,1650.0,1650.0,1750.0,1750.0,1700.0,,2199.0,1800.0,1650.0,1675.0,1650.0,1600.0,1900.0,1900.0,2300.0,2000.0,1750.0,1750.0,1750.0,1858.0,1895.0,1750.0,1700.0,1850.0,1799.0,1800.0,1800.0,1800.0,1800.0,1800.0,,2000.0,2200.0,2300.0,1900.0,1700.0,1995.0,2200.0,1750.0,1800.0,1800.0,1950.0,1950.0,1850.0,2017.0,1995.0,1895.0,1900.0,1900.0,2200.0,2100.0,2100.0,2099.0,2099.0,1850.0,2750.0,2575.0,2575.0,2100.0,2100.0,2100.0,2100.0,2000.0
Tremont,Bronx,neighborhood,,,,,,,,,,,,,,,,,,,,,,,,,,,,,,,,,,950.0,1199.0,1199.0,1250.0,1250.0,1250.0,1250.0,1250.0,1175.0,1175.0,1100.0,1250.0,1250.0,1225.0,1200.0,1250.0,1425.0,1425.0,1350.0,1195.0,1195.0,1400.0,1295.0,1200.0,1200.0,1195.0,1300.0,1300.0,1299.0,1299.0,1599.0,1525.0,1350.0,1350.0,1699.0,1300.0,1300.0,1300.0,1300.0,1300.0,1300.0,1200.0,1250.0,1289.0,1300.0,1400.0,1350.0,1350.0,1350.0,1350.0,1350.0,1350.0,1350.0,1300.0,1350.0,1500.0,1425.0,1650.0,1600.0,1400.0,1475.0,1500.0,1500.0,1450.0,1350.0,1350.0,1550.0,1500.0,1550.0,1525.0,1525.0,1500.0,1743.0,1749.0,1500.0,1550.0,1450.0,1550.0,1550.0,1500.0,1650.0,1650.0,1650.0,1600.0,1525.0,1550.0,1550.0,1849.0,1550.0,1899.0,1649.0,1649.0,1650.0,1700.0,1650.0,1676.0,1775.0,1695.0,1725.0,1550.0,1500.0,1500.0,1600.0,1495.0,1625.0,1625.0,1750.0,1625.0,1999.0,1674.0,1650.0,1650.0,1945.0,1700.0,1650.0,1750.0,1695.0,1725.0,1650.0,1725.0,1750.0,1725.0,1700.0,1695.0,1735.0,1734.0,1675.0,1795.0,2749.0,1895.0,1895.0,1895.0,1895.0,1875.0,1895.0,1775.0,1775.0,1850.0,1795.0,1795.0,1795.0,2599.0,1800.0,1800.0,1686.0,1568.0,1745.0,1650.0,1650.0,1703.0,2000.0,3125.0,2300.0,2300.0,2599.0,3125.0,2599.0,3150.0,1975.0,1950.0,1800.0,1850.0,2350.0,2039.0,2039.0,2039.0,1895.0
Tribeca,Manhattan,neighborhood,3800.0,3925.0,3795.0,3899.0,3800.0,3695.0,3695.0,3595.0,3550.0,3995.0,3800.0,3995.0,4200.0,3895.0,3800.0,3895.0,3895.0,4100.0,4600.0,4400.0,3895.0,4000.0,4000.0,4200.0,4200.0,4500.0,4300.0,4395.0,4225.0,4295.0,4000.0,4500.0,4395.0,4500.0,4395.0,4300.0,4200.0,4000.0,4195.0,4095.0,4500.0,4500.0,4595.0,4500.0,4500.0,4250.0,4300.0,4300.0,4000.0,4195.0,4295.0,4295.0,4395.0,4430.0,4495.0,4450.0,4195.0,4320.0,4295.0,4605.0,4350.0,4495.0,4650.0,5100.0,5250.0,5035.0,5095.0,5400.0,4750.0,4700.0,4595.0,4495.0,4334.0,4900.0,4890.0,4950.0,4850.0,5000.0,5225.0,5150.0,5250.0,5200.0,4995.0,4945.0,4680.0,4514.0,4514.0,4700.0,4695.0,4700.0,5000.0,4625.0,4495.0,4195.0,4195.0,4487.0,4500.0,4700.0,4670.0,4900.0,4695.0,4700.0,4550.0,4625.0,4900.0,4995.0,4900.0,4850.0,4735.0,4500.0,4700.0,4830.0,4795.0,4795.0,5030.0,4995.0,5285.0,5100.0,5400.0,5410.0,5100.0,5500.0,5057.0,5030.0,4995.0,5250.0,5000.0,5065.0,4695.0,4595.0,4344.0,4116.0,4200.0,4350.0,4300.0,4350.0,4500.0,5000.0,4725.0,5300.0,5155.0,5558.0,5500.0,6255.0,6000.0,5950.0,5995.0,5950.0,5950.0,5950.0,5795.0,5559.0,5499.0,6589.0,6600.0,6353.0,6450.0,5950.0,6130.0,6295.0,6230.0,6500.0,6495.0,6355.0,6290.0,5990.0,5995.0,5995.0,6175.0,6175.0,6000.0,6499.0,6186.0,6939.0,7000.0,6895.0,6659.0,6475.0,6195.0,6147.0,6409.0,6178.0,6173.0,6289.0,6500.0,6495.0,6695.0,6374.0,6195.0,6336.0,6261.0,6300.0,6725.0,6425.0,6800.0,6830.0,7010.0,6996.0,7027.0,7017.0
University Heights,Bronx,neighborhood,1100.0,1100.0,1195.0,1195.0,1175.0,1195.0,1195.0,,,,,1050.0,,,,,1050.0,1050.0,1100.0,1100.0,1100.0,1125.0,1100.0,1075.0,1200.0,1150.0,1095.0,1095.0,1125.0,1150.0,1250.0,1175.0,1150.0,1100.0,1150.0,1150.0,1150.0,1099.0,1199.0,1175.0,1150.0,1199.0,1155.0,1225.0,1225.0,1175.0,1150.0,1150.0,1175.0,1199.0,1199.0,1210.0,1185.0,1300.0,1300.0,1199.0,1100.0,1245.0,1250.0,1250.0,1250.0,1250.0,1275.0,1278.0,1300.0,1325.0,1275.0,1275.0,1300.0,1300.0,1299.0,1300.0,1350.0,1355.0,1375.0,1300.0,1300.0,1400.0,1350.0,1350.0,1450.0,1450.0,1350.0,1350.0,1350.0,1374.0,1384.0,1374.0,1400.0,1495.0,1495.0,1434.0,1450.0,1450.0,1449.0,1450.0,1499.0,1500.0,1450.0,1449.0,1450.0,1450.0,1475.0,1450.0,1600.0,1500.0,1510.0,1599.0,1550.0,1599.0,1599.0,1550.0,1550.0,1599.0,1550.0,1600.0,1575.0,1600.0,1600.0,1565.0,1595.0,1599.0,1650.0,1616.0,1640.0,1650.0,1650.0,1650.0,1600.0,1650.0,1649.0,1649.0,1599.0,1550.0,1625.0,1625.0,1550.0,1649.0,1600.0,1550.0,1599.0,1599.0,1599.0,1595.0,1650.0,1650.0,1750.0,1699.0,1695.0,1699.0,1600.0,1699.0,1600.0,1540.0,1650.0,1695.0,1775.0,1795.0,1795.0,1795.0,1795.0,1875.0,1999.0,1849.0,1895.0,1825.0,1895.0,1895.0,1895.0,1875.0,1686.0,1495.0,1875.0,1999.0,2358.0,2000.0,1900.0,1900.0,1895.0,1600.0,1875.0,1850.0,1800.0,1850.0,1700.0,1825.0,2000.0,1800.0,1999.0,2095.0,1949.0,2049.0,1950.0,1999.0,2000.0,2000.0,1995.0,1949.0,1986.0,1785.0
Upper East Side,Manhattan,neighborhood,2350.0,2300.0,2300.0,2483.0,2500.0,2500.0,2500.0,2500.0,2500.0,2500.0,2450.0,2495.0,2475.0,2400.0,2400.0,2500.0,2600.0,2650.0,2575.0,2600.0,2650.0,2700.0,2700.0,2650.0,2600.0,2600.0,2600.0,2635.0,2550.0,2600.0,2650.0,2650.0,2700.0,2650.0,2675.0,2700.0,2650.0,2750.0,2800.0,2700.0,2700.0,2700.0,2650.0,2800.0,2829.0,2795.0,2700.0,2700.0,2665.0,2700.0,2650.0,2650.0,2650.0,2650.0,2650.0,2600.0,2650.0,2695.0,2795.0,2800.0,2800.0,2875.0,2900.0,2800.0,2800.0,2850.0,2875.0,2950.0,3000.0,2900.0,2875.0,2900.0,2975.0,2900.0,2950.0,2895.0,2875.0,2800.0,2750.0,2750.0,2799.0,2800.0,2835.0,2880.0,2800.0,2800.0,2850.0,2850.0,2800.0,2825.0,2800.0,2799.0,2850.0,2795.0,2800.0,2800.0,2800.0,2785.0,2750.0,2700.0,2699.0,2795.0,2795.0,2765.0,2795.0,2850.0,2895.0,2950.0,2950.0,2995.0,2950.0,2875.0,2900.0,2950.0,2900.0,2795.0,2800.0,2925.0,3000.0,3100.0,3200.0,3195.0,3200.0,3095.0,3000.0,2929.0,2750.0,2599.0,2500.0,2500.0,2400.0,2400.0,2300.0,2400.0,2395.0,2300.0,2400.0,2450.0,2563.0,2650.0,2750.0,2800.0,2850.0,3000.0,3200.0,3300.0,3250.0,3150.0,3250.0,3250.0,3267.0,3350.0,3400.0,3395.0,3500.0,3500.0,3500.0,3500.0,3699.0,3600.0,3650.0,3600.0,3500.0,3450.0,3500.0,3510.0,3550.0,3500.0,3575.0,3759.0,3650.0,3595.0,3495.0,3495.0,3500.0,3475.0,3550.0,3500.0,3595.0,3695.0,3800.0,3995.0,3900.0,3825.0,3800.0,3900.0,3895.0,3800.0,3895.0,3975.0,4000.0,4175.0,4250.0,4250.0,4400.0,4350.0,4100.0,4000.0,3950.0,4200.0
Upper West Side,Manhattan,neighborhood,2600.0,2600.0,2500.0,2550.0,2595.0,2600.0,2650.0,2700.0,2800.0,2800.0,2800.0,2700.0,2700.0,2750.0,2800.0,2895.0,2850.0,2995.0,2900.0,2990.0,3000.0,2995.0,3095.0,3200.0,3095.0,3000.0,2997.0,2995.0,3000.0,3050.0,3055.0,3100.0,3150.0,3000.0,3150.0,3135.0,3047.0,3100.0,3200.0,3100.0,3100.0,2950.0,2950.0,3000.0,3100.0,3125.0,3000.0,3035.0,3000.0,3100.0,3100.0,3200.0,3200.0,3100.0,3000.0,3050.0,3200.0,3150.0,3100.0,3150.0,3150.0,3200.0,3200.0,3200.0,3250.0,3250.0,3300.0,3350.0,3400.0,3375.0,3320.0,3310.0,3299.0,3245.0,3275.0,3350.0,3300.0,3200.0,3250.0,3210.0,3250.0,3230.0,3175.0,3120.0,3100.0,3125.0,3100.0,3150.0,3135.0,3106.0,3100.0,3195.0,3150.0,3100.0,3100.0,3175.0,3150.0,3099.0,3100.0,3100.0,3150.0,3170.0,3100.0,3100.0,3175.0,3200.0,3100.0,3150.0,3250.0,3200.0,3250.0,3395.0,3275.0,3300.0,3225.0,3350.0,3440.0,3450.0,3484.0,3431.0,3485.0,3480.0,3500.0,3350.0,3200.0,3100.0,3000.0,2900.0,2800.0,2709.0,2666.0,2675.0,2650.0,2695.0,2700.0,2750.0,2895.0,2900.0,2950.0,3050.0,3200.0,3400.0,3650.0,3800.0,3895.0,3903.0,3933.0,4029.0,4000.0,3950.0,4000.0,4000.0,4200.0,4250.0,4100.0,4023.0,4000.0,4100.0,4200.0,4250.0,4200.0,4000.0,4100.0,4150.0,4200.0,4125.0,4000.0,3971.0,4000.0,4195.0,4242.0,4387.0,4300.0,4100.0,4193.0,4000.0,4100.0,4200.0,4000.0,4350.0,4263.0,4400.0,4500.0,4495.0,4495.0,4595.0,4542.0,4500.0,4500.0,4500.0,4600.0,4728.0,4800.0,4754.0,4667.0,4895.0,4758.0,4750.0,4794.0,4750.0
Utopia,Queens,neighborhood,,,,,1300.0,1300.0,,,,,,,,,,,,1000.0,,,,,,,,,,,,,,,,,,,,,,,,,,,,,,,,,,,,,,,,,,,,,,,,,,,,,,,,1600.0,1600.0,1700.0,1600.0,1550.0,1550.0,,,,,,,,,,,,,,,,,,,,,,,,,,,,,,,,,,,,,,,,,,,,,,,,,,,,,,,,,,,,,,,,,,,,,,,,,,,,,,,,,,,,,,,,1750.0,1750.0,,,,,,,,,,,,,,,,,,,,,,,,,,,,,2500.0,2500.0,,2395.0
Van Nest,Bronx,neighborhood,,,,,,,,,,,,,,,,,,,,1100.0,1100.0,999.0,999.0,1100.0,1100.0,,,,,,,,,,,,,,,,,,,,,,,,,,,,,,,1095.0,1100.0,1275.0,1225.0,1225.0,1100.0,975.0,1100.0,1100.0,1150.0,1175.0,1150.0,1150.0,1150.0,1300.0,1200.0,1200.0,1550.0,1550.0,1325.0,1325.0,1325.0,1300.0,1300.0,1300.0,1300.0,1350.0,1300.0,1400.0,1400.0,,1350.0,1350.0,1350.0,1350.0,,,,,1100.0,1400.0,1375.0,1375.0,1500.0,1350.0,1300.0,1450.0,1450.0,1400.0,1350.0,1350.0,1350.0,1400.0,1500.0,1375.0,1375.0,,1375.0,,1450.0,1350.0,1350.0,,,1325.0,,,,,,1675.0,,,,1400.0,1599.0,1599.0,1600.0,1860.0,1860.0,1475.0,1475.0,1475.0,,,1575.0,1575.0,1450.0,,1600.0,1550.0,,,1900.0,,1600.0,1600.0,1700.0,1700.0,1695.0,1700.0,,,,1700.0,1700.0,2300.0,2300.0,1950.0,1800.0,1860.0,1860.0,1575.0,1695.0,2300.0,1575.0,1395.0,,1800.0,1800.0,,,,,,,,1812.0,2000.0,1900.0,1750.0,1750.0,2491.0,2491.0,1900.0,1900.0,1900.0,1800.0,2616.0,2616.0,,,,,1800.0
Wakefield,Bronx,neighborhood,,,,,,,,,,,,,,,1200.0,1200.0,1200.0,1100.0,1100.0,1000.0,1000.0,1000.0,1000.0,1000.0,1000.0,1050.0,1050.0,1050.0,1000.0,1000.0,1000.0,1000.0,800.0,950.0,950.0,900.0,900.0,900.0,900.0,1000.0,,975.0,925.0,,,1100.0,1100.0,1150.0,1000.0,1000.0,1150.0,1150.0,1150.0,1220.0,1300.0,1300.0,1400.0,1400.0,1300.0,1300.0,1200.0,1300.0,1400.0,1400.0,1350.0,1250.0,1249.0,1250.0,1299.0,1250.0,1300.0,1400.0,1450.0,1450.0,1450.0,1450.0,1450.0,1450.0,1450.0,1450.0,1395.0,1400.0,1395.0,1400.0,1350.0,1300.0,1400.0,1450.0,1450.0,1475.0,1400.0,1400.0,1400.0,1400.0,1350.0,1300.0,1450.0,1400.0,1400.0,1500.0,1395.0,1450.0,1400.0,1425.0,1475.0,1425.0,1450.0,1450.0,1475.0,1450.0,1500.0,1500.0,1500.0,1550.0,1500.0,1550.0,1595.0,,,1500.0,1300.0,1345.0,1345.0,1650.0,1650.0,,,,1458.0,1599.0,1620.0,1620.0,1550.0,1565.0,1625.0,1565.0,1625.0,1400.0,1500.0,1625.0,1600.0,1600.0,1275.0,1400.0,1600.0,1600.0,1795.0,1750.0,1485.0,,1550.0,1550.0,1700.0,1750.0,1750.0,1730.0,1550.0,1710.0,1711.0,1615.0,1725.0,1850.0,1600.0,1635.0,1775.0,1600.0,1875.0,1695.0,1695.0,1360.0,,1650.0,,1175.0,1800.0,1850.0,1850.0,,1620.0,1595.0,1750.0,1775.0,1775.0,1764.0,1850.0,1850.0,2165.0,1650.0,1750.0,1697.0,1750.0,1750.0,1915.0,1975.0,1950.0,1950.0,2000.0,1900.0,1750.0,1900.0
Washington Heights,Manhattan,neighborhood,1450.0,1375.0,1395.0,1395.0,1350.0,1395.0,1425.0,1450.0,1350.0,1440.0,1495.0,1450.0,1400.0,1425.0,1400.0,1495.0,1450.0,1500.0,1495.0,1600.0,1600.0,1500.0,1523.0,1400.0,1450.0,1400.0,1495.0,1489.0,1450.0,1475.0,1475.0,1500.0,1450.0,1600.0,1500.0,1500.0,1525.0,1550.0,1500.0,1500.0,1599.0,1595.0,1595.0,1550.0,1600.0,1600.0,1599.0,1599.0,1550.0,1599.0,1500.0,1500.0,1550.0,1600.0,1650.0,1650.0,1650.0,1600.0,1600.0,1625.0,1600.0,1625.0,1650.0,1700.0,1695.0,1700.0,1700.0,1700.0,1750.0,1705.0,1700.0,1750.0,1750.0,1750.0,1700.0,1700.0,1700.0,1708.0,1725.0,1795.0,1750.0,1750.0,1750.0,1750.0,1800.0,1776.0,1750.0,1800.0,1800.0,1800.0,1800.0,1800.0,1800.0,1775.0,1750.0,1800.0,1800.0,1800.0,1799.0,1795.0,1835.0,1850.0,1845.0,1825.0,1800.0,1845.0,1850.0,1845.0,1800.0,1800.0,1800.0,1825.0,1879.0,1895.0,1850.0,1895.0,1925.0,1900.0,1858.0,1875.0,1900.0,1900.0,1900.0,1925.0,1900.0,1900.0,1895.0,1850.0,1800.0,1800.0,1800.0,1800.0,1800.0,1800.0,1800.0,1829.0,1800.0,1833.0,1850.0,1850.0,1865.0,1850.0,1900.0,1925.0,1950.0,1950.0,1973.0,1975.0,1980.0,2100.0,2150.0,2150.0,2145.0,2200.0,2050.0,2150.0,2100.0,2205.0,2300.0,2285.0,2295.0,2300.0,2250.0,2300.0,2250.0,2200.0,2100.0,2100.0,2100.0,2200.0,2250.0,2395.0,2325.0,2400.0,2400.0,2400.0,2400.0,2375.0,2350.0,2295.0,2350.0,2466.0,2400.0,2450.0,2500.0,2595.0,2625.0,2590.0,2395.0,2499.0,2450.0,2550.0,2402.0,2495.0,2624.0,2600.0,2636.0,2750.0,2750.0,2790.0
West Harlem,Manhattan,neighborhood,1200.0,,1540.0,1150.0,1150.0,1250.0,1540.0,1540.0,1850.0,1850.0,1100.0,1850.0,2700.0,2700.0,1500.0,1500.0,1500.0,1500.0,1500.0,1400.0,,1200.0,1450.0,1300.0,1200.0,2500.0,1495.0,2500.0,2650.0,1300.0,1450.0,1395.0,1395.0,1395.0,1550.0,1550.0,1550.0,1500.0,1300.0,1525.0,1600.0,1550.0,1600.0,1550.0,1550.0,1500.0,1450.0,1650.0,1600.0,1600.0,1600.0,1600.0,1700.0,1600.0,1750.0,1750.0,1850.0,1750.0,1800.0,1695.0,1750.0,1700.0,1745.0,1750.0,1750.0,1950.0,1850.0,1850.0,1774.0,1900.0,1875.0,1850.0,1850.0,1900.0,1940.0,1950.0,1800.0,1950.0,2000.0,2000.0,2000.0,2000.0,2100.0,1950.0,1875.0,1900.0,2000.0,1850.0,1795.0,1750.0,1795.0,1925.0,1850.0,1725.0,2495.0,2725.0,2725.0,2725.0,2175.0,2250.0,2295.0,2150.0,2100.0,1950.0,2100.0,2250.0,2150.0,2125.0,2150.0,2150.0,2275.0,2050.0,2016.0,2000.0,1850.0,2050.0,2150.0,2115.0,2175.0,2175.0,2165.0,2295.0,2225.0,2175.0,2000.0,1925.0,1950.0,1935.0,1900.0,1800.0,1795.0,1750.0,1835.0,1900.0,1800.0,1900.0,2000.0,2000.0,1919.0,1900.0,1995.0,1950.0,2000.0,2000.0,2040.0,2100.0,2200.0,2200.0,2250.0,2250.0,2650.0,2495.0,2400.0,2400.0,2415.0,2395.0,2400.0,2595.0,2595.0,2700.0,2475.0,2895.0,2850.0,2850.0,2600.0,2350.0,2350.0,2500.0,2350.0,2750.0,2725.0,2600.0,2695.0,2750.0,2650.0,2650.0,2750.0,2700.0,2650.0,2500.0,2650.0,2700.0,2650.0,2650.0,3250.0,3200.0,3100.0,3095.0,2775.0,2775.0,2875.0,2995.0,3000.0,2950.0,2995.0,3195.0,2998.0,3195.0,3250.0,3195.0
West Village,Manhattan,neighborhood,3485.0,3300.0,3000.0,3000.0,3000.0,3095.0,3300.0,3000.0,3300.0,3000.0,3000.0,3300.0,3295.0,3300.0,3200.0,3650.0,3500.0,3600.0,3300.0,3500.0,3500.0,3500.0,3495.0,3495.0,3300.0,3365.0,3400.0,3400.0,3495.0,3300.0,3400.0,3200.0,3495.0,3500.0,3500.0,3600.0,3400.0,3300.0,3495.0,3400.0,3500.0,3500.0,3500.0,3500.0,3500.0,3500.0,3500.0,3650.0,3500.0,3675.0,3600.0,3700.0,3650.0,3695.0,3600.0,3550.0,3595.0,3550.0,3595.0,3675.0,3700.0,3700.0,3650.0,3595.0,3695.0,3595.0,3500.0,3795.0,3795.0,3750.0,3695.0,3800.0,3800.0,3995.0,3995.0,3800.0,3850.0,3850.0,3800.0,3750.0,3695.0,3675.0,3695.0,3600.0,3575.0,3640.0,3600.0,3595.0,3715.0,3700.0,3700.0,3700.0,3695.0,3595.0,3450.0,3495.0,3595.0,3781.0,3750.0,3750.0,3800.0,3795.0,3800.0,3895.0,3850.0,3800.0,3901.0,3800.0,3895.0,3750.0,3750.0,3800.0,3850.0,3995.0,4000.0,3950.0,3950.0,3950.0,3895.0,4050.0,4100.0,4100.0,4150.0,4150.0,3845.0,3750.0,3595.0,3478.0,3253.0,3295.0,3100.0,3045.0,3000.0,3250.0,3200.0,3250.0,3300.0,3550.0,3900.0,3995.0,4000.0,4300.0,4200.0,4364.0,4400.0,4550.0,4500.0,4500.0,4500.0,4700.0,4795.0,4695.0,4750.0,4895.0,4695.0,4695.0,4700.0,4500.0,4600.0,4695.0,4700.0,4700.0,4750.0,4500.0,4600.0,4750.0,4700.0,4895.0,5200.0,5100.0,5000.0,4995.0,4995.0,4900.0,4800.0,4800.0,4995.0,5100.0,4900.0,4895.0,5400.0,5500.0,5400.0,5400.0,5450.0,5495.0,5495.0,5350.0,5350.0,5295.0,5400.0,5295.0,5395.0,5495.0,5495.0,5495.0,5700.0,5950.0,5995.0,5750.0
Westchester Village,Bronx,neighborhood,,,,,,,,,,,,,,,,,,,,,,,,1200.0,1100.0,1000.0,1200.0,,,,,,,1300.0,1300.0,,,,,,,,1300.0,1300.0,,,,,,,1100.0,,,,,,1200.0,1100.0,1100.0,1100.0,1100.0,1200.0,1200.0,1200.0,1200.0,1200.0,1100.0,1200.0,1100.0,1100.0,1400.0,2500.0,,,1275.0,1275.0,1300.0,1300.0,1300.0,1300.0,1300.0,1300.0,1300.0,,1100.0,1500.0,1775.0,1775.0,1775.0,1500.0,1500.0,1325.0,1250.0,,1400.0,1400.0,1400.0,,,1575.0,1575.0,1450.0,1450.0,1495.0,,1550.0,,,,,1325.0,1495.0,1575.0,,1500.0,1595.0,1595.0,1200.0,,1650.0,1575.0,1750.0,1700.0,1700.0,1600.0,1700.0,1700.0,1358.0,1700.0,,1550.0,1550.0,,,,,,1370.0,1500.0,,,,,,,1850.0,1850.0,1500.0,,1550.0,1550.0,,,,1250.0,1478.0,1595.0,1660.0,1539.0,1539.0,,1625.0,1625.0,,1350.0,1598.0,1500.0,1600.0,1550.0,1500.0,1550.0,2484.0,1620.0,1620.0,,2100.0,2000.0,2000.0,1650.0,1600.0,1650.0,1795.0,1600.0,1795.0,1575.0,,,1700.0,1750.0,1650.0,,,,1725.0,1700.0,1650.0,,,,1700.0
Whitestone,Queens,neighborhood,1675.0,1675.0,1200.0,,,,,,,,,,,,,,,,,1200.0,,,,1100.0,1600.0,1250.0,1675.0,1750.0,1200.0,1595.0,1595.0,1675.0,1700.0,1700.0,1700.0,1625.0,,1400.0,1400.0,,,,,1675.0,1675.0,,1250.0,1800.0,1250.0,1250.0,1800.0,1850.0,,,,1700.0,,,1900.0,1900.0,1750.0,1750.0,1750.0,1750.0,1750.0,1400.0,1550.0,1550.0,1950.0,1950.0,1700.0,1700.0,1950.0,1950.0,1975.0,1700.0,1950.0,1750.0,1750.0,1750.0,1750.0,,,1100.0,2200.0,2000.0,1950.0,1950.0,1950.0,2100.0,2100.0,1900.0,1550.0,1525.0,,1475.0,1475.0,1550.0,1600.0,2100.0,1400.0,1400.0,1750.0,1500.0,1650.0,1700.0,1650.0,2100.0,1400.0,1900.0,1600.0,1650.0,1675.0,1800.0,1975.0,2200.0,2000.0,1650.0,2000.0,1580.0,2250.0,1800.0,1700.0,1700.0,1700.0,1700.0,1700.0,2150.0,2150.0,2150.0,2150.0,,,,,,,1550.0,1600.0,1600.0,1550.0,1800.0,1850.0,1599.0,1600.0,2099.0,1650.0,1500.0,,2300.0,2300.0,2300.0,1800.0,1750.0,1900.0,2250.0,2150.0,2150.0,1850.0,1850.0,2600.0,2195.0,2095.0,1700.0,1700.0,1950.0,1800.0,2000.0,2250.0,2000.0,1750.0,2000.0,2200.0,1695.0,2000.0,,,1995.0,2100.0,2200.0,2000.0,2200.0,2000.0,2700.0,2700.0,1850.0,,,1750.0,1650.0,2000.0,,,,2200.0,2000.0,1800.0,1800.0,2450.0,2300.0
Williamsbridge,Bronx,neighborhood,,,,,,,,,,,,,,,1050.0,950.0,850.0,,,,,,,,,,900.0,900.0,900.0,900.0,900.0,900.0,900.0,,,,,1150.0,1150.0,,,975.0,975.0,975.0,975.0,975.0,925.0,925.0,925.0,1300.0,,,,975.0,1200.0,1200.0,1300.0,1300.0,1200.0,1175.0,1200.0,1250.0,1349.0,1299.0,1299.0,1300.0,1300.0,1300.0,1100.0,1300.0,1175.0,1250.0,1250.0,1325.0,1300.0,1275.0,1250.0,1350.0,1350.0,1350.0,1350.0,1350.0,1350.0,1350.0,1350.0,1375.0,1390.0,1390.0,1375.0,1375.0,1300.0,,1400.0,1400.0,1459.0,1350.0,1350.0,1375.0,1550.0,1500.0,1500.0,1399.0,1595.0,1595.0,1550.0,1550.0,1475.0,1550.0,1400.0,1475.0,1450.0,1500.0,1475.0,1600.0,1550.0,1600.0,1500.0,1600.0,1575.0,1625.0,1675.0,1675.0,1700.0,1650.0,1650.0,1650.0,1550.0,1550.0,1700.0,,1700.0,,1500.0,1550.0,1600.0,1600.0,1650.0,1550.0,1650.0,1600.0,1500.0,1450.0,1650.0,1375.0,1500.0,1595.0,1595.0,1545.0,1600.0,1795.0,1795.0,1795.0,1850.0,1795.0,1750.0,1750.0,1750.0,1425.0,1425.0,1850.0,1795.0,1650.0,1995.0,1875.0,1775.0,1875.0,,1700.0,1700.0,1995.0,1725.0,2000.0,1750.0,2100.0,1975.0,1700.0,1875.0,,1725.0,1999.0,1910.0,1800.0,1900.0,1900.0,1550.0,1450.0,1650.0,2169.0,2169.0,2169.0,2169.0,2150.0,2169.0,2169.0,2169.0,2169.0,2169.0,1950.0,2169.0,2169.0
Williamsburg,Brooklyn,neighborhood,2350.0,2308.0,2300.0,2450.0,2450.0,2570.0,2550.0,2500.0,2550.0,2600.0,2585.0,2600.0,2631.0,2500.0,2800.0,2850.0,2763.0,2895.0,2850.0,2647.0,2744.0,2750.0,2800.0,2800.0,2850.0,2862.0,2862.0,2950.0,3000.0,3000.0,2950.0,3000.0,3200.0,3138.0,3050.0,3100.0,3000.0,2900.0,2850.0,2900.0,2900.0,3075.0,3125.0,3100.0,3000.0,2999.0,2950.0,2875.0,2887.0,2925.0,2953.0,2980.0,3000.0,3100.0,3195.0,3200.0,3200.0,3050.0,3050.0,3047.0,2986.0,3000.0,3000.0,3050.0,2995.0,3150.0,3150.0,3100.0,3000.0,3100.0,3100.0,3171.0,3155.0,3064.0,2995.0,2933.0,2975.0,2900.0,3025.0,2995.0,2900.0,2955.0,2950.0,2933.0,2925.0,2885.0,2900.0,2850.0,2775.0,2800.0,2800.0,2800.0,2885.0,2871.0,2800.0,2800.0,2825.0,2800.0,2795.0,2850.0,2800.0,2797.0,2780.0,2750.0,2700.0,2750.0,2750.0,2700.0,2750.0,2785.0,2900.0,2980.0,2899.0,2900.0,2999.0,3254.0,3270.0,3281.0,3200.0,3200.0,3225.0,3300.0,3200.0,3297.0,3200.0,2960.0,2899.0,2780.0,2700.0,2665.0,2665.0,2650.0,2599.0,2570.0,2600.0,2500.0,2500.0,2600.0,2900.0,3395.0,3500.0,3200.0,3500.0,3499.0,3699.0,3690.0,3595.0,3900.0,3950.0,3995.0,4000.0,4000.0,4000.0,4000.0,3850.0,4000.0,4243.0,4245.0,4100.0,4000.0,4100.0,4200.0,4000.0,4113.0,4100.0,4200.0,4000.0,3950.0,3994.0,4150.0,4000.0,4250.0,4450.0,4250.0,4350.0,4300.0,4195.0,4120.0,4050.0,4145.0,4100.0,4159.0,4110.0,4200.0,4500.0,4750.0,4799.0,4629.0,4630.0,4550.0,4500.0,4550.0,4645.0,4500.0,4500.0,4552.0,4770.0,4700.0,4800.0,4800.0
Windsor Terrace,Brooklyn,neighborhood,1400.0,1500.0,1700.0,1800.0,1800.0,1800.0,1800.0,1800.0,1850.0,1800.0,1650.0,1650.0,1850.0,1700.0,1550.0,1600.0,1650.0,1950.0,1800.0,1800.0,2100.0,1850.0,1850.0,1850.0,1850.0,2300.0,2300.0,2300.0,2200.0,1800.0,1800.0,1800.0,1650.0,1800.0,1895.0,1900.0,1700.0,1800.0,2000.0,2000.0,1895.0,1850.0,2050.0,2000.0,2000.0,2250.0,2200.0,2200.0,2100.0,2100.0,2100.0,2000.0,2050.0,2100.0,2050.0,2100.0,2200.0,2200.0,2300.0,2300.0,2200.0,2300.0,2395.0,2350.0,2000.0,2200.0,2200.0,2300.0,2547.0,2575.0,2200.0,2200.0,2200.0,2200.0,2200.0,2249.0,2175.0,2175.0,2175.0,2195.0,2100.0,2195.0,2250.0,2300.0,2200.0,2200.0,2195.0,2200.0,2300.0,2195.0,2195.0,2275.0,2300.0,2100.0,2195.0,2150.0,2250.0,2250.0,2200.0,2200.0,2250.0,2199.0,2200.0,2100.0,2100.0,2200.0,2201.0,2295.0,2295.0,2295.0,2290.0,2290.0,2300.0,2295.0,2200.0,2395.0,2200.0,2295.0,2450.0,2450.0,2495.0,2450.0,2450.0,2450.0,2350.0,2395.0,2250.0,2295.0,2250.0,2150.0,2100.0,2200.0,2250.0,2125.0,1995.0,2080.0,2190.0,2300.0,2395.0,2295.0,2200.0,2100.0,2300.0,2250.0,2500.0,2590.0,2600.0,2700.0,2600.0,2750.0,2650.0,2700.0,2700.0,2590.0,2590.0,2750.0,2961.0,2950.0,2750.0,3000.0,3000.0,2875.0,3000.0,3000.0,3100.0,2995.0,3000.0,3000.0,3000.0,2800.0,3000.0,3050.0,3500.0,3500.0,3275.0,3230.0,3309.0,3500.0,3560.0,3627.0,3700.0,3600.0,3600.0,3617.0,3695.0,3650.0,3378.0,3295.0,3100.0,3495.0,3000.0,3000.0,3100.0,3350.0,3200.0,3490.0,3700.0,3675.0,3750.0,3700.0
Woodhaven,Queens,neighborhood,,,,,,,,,,,,,,,,,,,,,,1350.0,1350.0,,,,,,,,,,,,,,,,,,,,,1475.0,,,,,,1200.0,1200.0,1375.0,1375.0,1395.0,1400.0,1395.0,1575.0,1575.0,1575.0,1575.0,1700.0,1700.0,1700.0,1625.0,1675.0,1500.0,1350.0,1550.0,1600.0,1350.0,1500.0,1550.0,1550.0,1700.0,1500.0,1700.0,1650.0,1650.0,1700.0,1650.0,1400.0,1350.0,1300.0,1500.0,1500.0,1500.0,1425.0,1425.0,1675.0,1675.0,1675.0,1600.0,1675.0,1675.0,1750.0,1550.0,1550.0,1595.0,1700.0,1600.0,1549.0,1672.0,1650.0,1700.0,1725.0,1627.0,1627.0,1627.0,1700.0,1700.0,1695.0,1650.0,1750.0,1700.0,1650.0,1788.0,1775.0,1745.0,1745.0,1688.0,1700.0,1800.0,1800.0,1850.0,1850.0,1773.0,1675.0,1695.0,1595.0,1725.0,1699.0,1550.0,1700.0,1650.0,1675.0,1650.0,1595.0,1675.0,1595.0,1675.0,2300.0,1650.0,1750.0,1800.0,1700.0,1800.0,1800.0,1800.0,1800.0,1800.0,1700.0,1700.0,1800.0,1950.0,1950.0,1950.0,1850.0,1850.0,2000.0,2000.0,2000.0,1920.0,1900.0,2000.0,2000.0,2000.0,1955.0,1955.0,1955.0,1800.0,1955.0,1950.0,1850.0,2100.0,2080.0,2200.0,1850.0,1750.0,2100.0,2060.0,2150.0,2050.0,2100.0,2100.0,2150.0,2250.0,2000.0,2000.0,2105.0,2100.0,2000.0,2200.0,2025.0,2050.0,2000.0,1900.0,1800.0,2025.0,2050.0,2050.0
Woodlawn,Bronx,neighborhood,,,,,,,,,,,,,,,,,,,,,,,,,,,,,,,,,,,,,1200.0,1200.0,1200.0,,,,,,,,,,,,,,,,,,,,,,,,,,,,,,,,1400.0,1475.0,1450.0,1450.0,1409.0,1400.0,1400.0,,,1400.0,1525.0,1400.0,1250.0,1250.0,,1525.0,1525.0,1525.0,1500.0,1475.0,1600.0,1575.0,1300.0,,,,,1525.0,1525.0,,1600.0,1600.0,,,1600.0,1600.0,1500.0,1500.0,1550.0,1650.0,1600.0,1649.0,1649.0,1750.0,1500.0,1500.0,1600.0,,1795.0,1700.0,1625.0,1625.0,1635.0,1635.0,1615.0,1675.0,1699.0,1500.0,1600.0,1600.0,1600.0,1400.0,,1600.0,1600.0,,,1550.0,1499.0,1550.0,,1600.0,1550.0,1595.0,2500.0,1600.0,1600.0,1600.0,1700.0,1700.0,2100.0,,,,1799.0,1799.0,1799.0,1799.0,1800.0,,1599.0,,1800.0,2175.0,,,,1860.0,1650.0,1895.0,,,,,,,1755.0,1755.0,1699.0,2750.0,,,,,,,1895.0,1895.0,,,,,,,,,,,,
Woodside,Queens,neighborhood,1595.0,1200.0,1200.0,1200.0,1300.0,1380.0,1380.0,1650.0,1650.0,1650.0,1650.0,1550.0,1550.0,1550.0,1550.0,1550.0,1550.0,1400.0,1550.0,1450.0,1550.0,1550.0,1550.0,1550.0,1550.0,1550.0,1550.0,1550.0,1550.0,1550.0,1550.0,1550.0,1550.0,1550.0,1550.0,1350.0,1400.0,1550.0,1400.0,1545.0,1545.0,1345.0,1375.0,1505.0,1505.0,1500.0,1500.0,1400.0,1400.0,1550.0,1700.0,1700.0,1650.0,1650.0,1600.0,1650.0,1600.0,1600.0,1650.0,1625.0,1700.0,1695.0,1625.0,1650.0,1700.0,1600.0,1695.0,1585.0,1585.0,1590.0,1600.0,1650.0,1625.0,1650.0,1675.0,1650.0,1650.0,1700.0,1700.0,1700.0,1650.0,1700.0,1700.0,1665.0,1695.0,1725.0,1700.0,1700.0,1700.0,1700.0,1700.0,1800.0,1775.0,1675.0,1699.0,1700.0,1690.0,1700.0,1750.0,1775.0,1790.0,1775.0,1750.0,1775.0,1750.0,1775.0,1775.0,1700.0,1750.0,1775.0,1750.0,1750.0,1825.0,1825.0,1750.0,1800.0,1750.0,1790.0,1850.0,1795.0,1750.0,1925.0,1850.0,1780.0,1825.0,1800.0,1800.0,1775.0,1750.0,1725.0,1750.0,1750.0,1700.0,1700.0,1695.0,1700.0,1725.0,1750.0,1750.0,1750.0,1800.0,1800.0,1845.0,1849.0,1825.0,1800.0,1800.0,1850.0,1795.0,1850.0,2050.0,2032.0,1995.0,2000.0,1999.0,1925.0,1990.0,1990.0,1950.0,2300.0,2199.0,2100.0,2300.0,2400.0,2400.0,2575.0,2600.0,2300.0,2300.0,2395.0,2395.0,2290.0,2300.0,2500.0,2430.0,2400.0,2550.0,2950.0,2600.0,2446.0,2600.0,2600.0,2800.0,2775.0,2500.0,2600.0,2700.0,2650.0,2695.0,2795.0,2800.0,2800.0,2900.0,2933.0,2933.0,2700.0,2850.0,2850.0,2700.0,2775.0
Woodstock,Bronx,neighborhood,,,,,,,,,,,,,,,,,,,838.0,838.0,,,,,,,,,,,,850.0,850.0,,875.0,875.0,850.0,,,900.0,925.0,925.0,925.0,,,1102.0,950.0,950.0,925.0,925.0,925.0,975.0,975.0,975.0,975.0,975.0,917.0,975.0,1000.0,1000.0,950.0,1025.0,1025.0,931.0,931.0,,931.0,1100.0,1295.0,,1400.0,1050.0,1175.0,1175.0,,980.0,980.0,1350.0,1200.0,,,,1250.0,1250.0,1250.0,1250.0,1250.0,,1400.0,1400.0,1400.0,1650.0,1650.0,,1200.0,,,,,1150.0,1325.0,1325.0,1550.0,1600.0,,1650.0,1650.0,,,1400.0,1800.0,1450.0,1450.0,1600.0,1645.0,1645.0,1632.0,1750.0,,1425.0,1425.0,1450.0,,,,,1450.0,1650.0,1475.0,1695.0,1475.0,1400.0,1600.0,1400.0,1375.0,1500.0,1450.0,1599.0,1599.0,1800.0,1450.0,1450.0,1450.0,1400.0,1400.0,1127.0,1700.0,1260.0,1260.0,1675.0,,1650.0,1650.0,1650.0,1650.0,1725.0,1825.0,1850.0,1800.0,2500.0,1750.0,2195.0,2195.0,2350.0,2350.0,2500.0,2600.0,1750.0,1750.0,1545.0,1545.0,1800.0,1800.0,1800.0,2522.0,1750.0,1800.0,1800.0,,1775.0,1878.0,1878.0,1900.0,1475.0,2100.0,1900.0,1900.0,1863.0,1525.0,,2624.0,2150.0,2000.0,1814.0,2000.0,1950.0,2000.0,2000.0,2300.0,2000.0
