areaName,Borough,areaType,2010-01,2010-02,2010-03,2010-04,2010-05,2010-06,2010-07,2010-08,2010-09,2010-10,2010-11,2010-12,2011-01,2011-02,2011-03,2011-04,2011-05,2011-06,2011-07,2011-08,2011-09,2011-10,2011-11,2011-12,2012-01,2012-02,2012-03,2012-04,2012-05,2012-06,2012-07,2012-08,2012-09,2012-10,2012-11,2012-12,2013-01,2013-02,2013-03,2013-04,2013-05,2013-06,2013-07,2013-08,2013-09,2013-10,2013-11,2013-12,2014-01,2014-02,2014-03,2014-04,2014-05,2014-06,2014-07,2014-08,2014-09,2014-10,2014-11,2014-12,2015-01,2015-02,2015-03,2015-04,2015-05,2015-06,2015-07,2015-08,2015-09,2015-10,2015-11,2015-12,2016-01,2016-02,2016-03,2016-04,2016-05,2016-06,2016-07,2016-08,2016-09,2016-10,2016-11,2016-12,2017-01,2017-02,2017-03,2017-04,2017-05,2017-06,2017-07,2017-08,2017-09,2017-10,2017-11,2017-12,2018-01,2018-02,2018-03,2018-04,2018-05,2018-06,2018-07,2018-08,2018-09,2018-10,2018-11,2018-12,2019-01,2019-02,2019-03,2019-04,2019-05,2019-06,2019-07,2019-08,2019-09,2019-10,2019-11,2019-12,2020-01,2020-02,2020-03,2020-04,2020-05,2020-06,2020-07,2020-08,2020-09,2020-10,2020-11,2020-12,2021-01,2021-02,2021-03,2021-04,2021-05,2021-06,2021-07,2021-08,2021-09,2021-10,2021-11,2021-12,2022-01,2022-02,2022-03,2022-04,2022-05,2022-06,2022-07,2022-08,2022-09,2022-10,2022-11,2022-12,2023-01,2023-02,2023-03,2023-04,2023-05,2023-06,2023-07,2023-08,2023-09,2023-10,2023-11,2023-12,2024-01,2024-02,2024-03,2024-04,2024-05,2024-06,2024-07,2024-08,2024-09,2024-10,2024-11,2024-12,2025-01,2025-02,2025-03,2025-04,2025-05,2025-06,2025-07,2025-08,2025-09,2025-10,2025-11,2025-12,2026-01,2026-02,2026-03,2026-04,2026-05,2026-06,2026-07,2026-08
Astoria,Queens,neighborhood,2000.0,2100.0,2000.0,2000.0,1900.0,1900.0,2400.0,2400.0,1900.0,1875.0,1900.0,1900.0,1900.0,1950.0,1999.0,2200.0,2000.0,2200.0,2000.0,2300.0,2500.0,2300.0,2400.0,2400.0,2400.0,3000.0,2800.0,2950.0,2500.0,3295.0,3500.0,3000.0,3000.0,2600.0,2500.0,2500.0,2500.0,2500.0,2500.0,3000.0,2800.0,2700.0,2600.0,2750.0,2900.0,3000.0,3000.0,2950.0,2800.0,2800.0,2800.0,2800.0,2853.0,2853.0,2900.0,3000.0,3000.0,2995.0,2800.0,2800.0,2900.0,3000.0,3000.0,3000.0,2850.0,2800.0,2800.0,2999.0,3000.0,3000.0,3000.0,3000.0,3000.0,3000.0,3100.0,3000.0,3000.0,3000.0,3000.0,3100.0,3000.0,3000.0,3000.0,2999.0,3000.0,3000.0,3000.0,3000.0,3000.0,3000.0,2980.0,2900.0,2900.0,2950.0,2900.0,2900.0,2800.0,2850.0,2895.0,2837.0,2900.0,2950.0,2950.0,3000.0,2995.0,2800.0,2750.0,2900.0,2900.0,2946.0,2950.0,3000.0,3000.0,2900.0,2900.0,2900.0,2950.0,2850.0,2900.0,3000.0,3000.0,2950.0,2995.0,3000.0,3000.0,2950.0,2950.0,2900.0,2800.0,2750.0,2700.0,2600.0,2600.0,2650.0,2670.0,2700.0,2750.0,2800.0,2850.0,3000.0,2900.0,2850.0,2949.0,2850.0,2900.0,2895.0,3000.0,3050.0,3100.0,3200.0,3250.0,3500.0,3500.0,3500.0,3300.0,3500.0,3400.0,3300.0,3200.0,3200.0,3500.0,3650.0,3800.0,3700.0,3599.0,3600.0,3500.0,3500.0,3600.0,3600.0,3500.0,3799.0,3800.0,3600.0,3600.0,3799.0,3700.0,3750.0,3600.0,3799.0,3650.0,3650.0,3750.0,3900.0,3850.0,3850.0,3999.0,4195.0,4000.0,3750.0,3800.0,3700.0,3800.0,3950.0,3900.0,4000.0,4150.0,4395.0,4495.0,4300.0
Auburndale,Queens,neighborhood,1900.0,,,2400.0,2400.0,2400.0,,,,,,,,,,,2000.0,2000.0,2000.0,2000.0,2000.0,1950.0,1900.0,1900.0,2000.0,2000.0,2200.0,2200.0,2200.0,2200.0,2200.0,1900.0,2200.0,2200.0,2200.0,2200.0,2200.0,2400.0,2200.0,2200.0,2100.0,,,1750.0,2000.0,2000.0,2400.0,,2300.0,2100.0,2100.0,2000.0,2000.0,,1950.0,1950.0,2500.0,2500.0,2400.0,2350.0,2350.0,2300.0,2300.0,2350.0,2000.0,2000.0,1950.0,2000.0,2800.0,2095.0,2000.0,2000.0,2900.0,3400.0,3150.0,2300.0,2600.0,2600.0,2600.0,2600.0,2500.0,2295.0,2495.0,2500.0,2495.0,2349.0,2349.0,2549.0,2700.0,2650.0,2800.0,2800.0,2650.0,2700.0,2700.0,2500.0,2500.0,2600.0,2600.0,2495.0,2600.0,2500.0,2800.0,2590.0,2495.0,2295.0,2295.0,2650.0,2395.0,2500.0,2395.0,2300.0,2495.0,2495.0,2495.0,2500.0,2599.0,2600.0,2495.0,2900.0,3799.0,3300.0,2500.0,2100.0,2395.0,2600.0,2750.0,2650.0,2650.0,2400.0,2503.0,2503.0,2800.0,2750.0,2750.0,2750.0,2750.0,2500.0,2300.0,2800.0,2800.0,2750.0,2750.0,3000.0,2500.0,3114.0,2600.0,2545.0,2994.0,3114.0,3400.0,2800.0,3600.0,3000.0,3114.0,3114.0,2700.0,3200.0,2850.0,3000.0,3000.0,2800.0,3200.0,3000.0,3500.0,3295.0,3500.0,3354.0,2995.0,3250.0,3300.0,3150.0,3150.0,4250.0,2900.0,3600.0,3000.0,2600.0,2500.0,3300.0,3300.0,5550.0,3200.0,3100.0,3200.0,3400.0,2900.0,3650.0,3800.0,3400.0,3195.0,3400.0,3500.0,4000.0,3300.0,3500.0,3500.0,3500.0,3000.0,3700.0
Bath Beach,Brooklyn,neighborhood,1600.0,1600.0,,2250.0,1700.0,1700.0,,1500.0,1500.0,,,,,,,,5000.0,5000.0,5000.0,5000.0,5000.0,5000.0,5000.0,5000.0,1540.0,1540.0,1700.0,1800.0,1800.0,1800.0,2600.0,2600.0,,3000.0,3000.0,,,1895.0,1895.0,4000.0,4000.0,4000.0,3000.0,3950.0,3950.0,3950.0,3950.0,3200.0,2300.0,2250.0,2100.0,2100.0,2250.0,2250.0,2500.0,2500.0,1750.0,2500.0,2100.0,2000.0,1850.0,1850.0,1850.0,2200.0,2095.0,2200.0,2200.0,2200.0,2200.0,2100.0,2200.0,2200.0,2500.0,2300.0,2300.0,2300.0,2300.0,2300.0,2300.0,2300.0,2300.0,2350.0,2300.0,2500.0,2600.0,2350.0,2400.0,2400.0,2400.0,2395.0,2395.0,2100.0,2295.0,2295.0,2400.0,2200.0,2395.0,2200.0,2200.0,2150.0,2200.0,2300.0,2200.0,2600.0,2500.0,2500.0,2300.0,2200.0,2500.0,2350.0,2300.0,2400.0,2400.0,2400.0,2400.0,2400.0,2450.0,2300.0,2500.0,2600.0,2700.0,2300.0,2400.0,2400.0,2600.0,2600.0,2600.0,2600.0,2600.0,2350.0,2300.0,2600.0,2600.0,2300.0,2600.0,2550.0,2400.0,2400.0,2500.0,2499.0,2400.0,2700.0,2500.0,2400.0,2300.0,2600.0,2600.0,2600.0,2500.0,2300.0,2500.0,2500.0,2500.0,2600.0,3000.0,3000.0,2800.0,2800.0,2600.0,3000.0,2800.0,2750.0,3100.0,3000.0,2800.0,2700.0,2800.0,2600.0,2650.0,2600.0,2800.0,2800.0,2900.0,3000.0,2899.0,3200.0,3200.0,3200.0,3200.0,3000.0,3088.0,3000.0,2795.0,2600.0,3200.0,4150.0,3299.0,3500.0,3300.0,3295.0,,,3399.0,3250.0,3250.0,3250.0,3250.0,2800.0,3300.0,3200.0
Battery Park City,Manhattan,neighborhood,7895.0,7500.0,7500.0,9000.0,9900.0,9900.0,11500.0,10200.0,10200.0,9995.0,8500.0,9500.0,9095.0,8750.0,11900.0,11995.0,12500.0,11000.0,11950.0,11900.0,10500.0,9500.0,9950.0,10000.0,9500.0,9500.0,9500.0,9800.0,9650.0,9500.0,9500.0,9595.0,9950.0,9950.0,9550.0,9550.0,9700.0,9995.0,9995.0,9850.0,9850.0,10750.0,9995.0,10800.0,10089.0,10000.0,10000.0,9595.0,9950.0,8650.0,9350.0,10500.0,12000.0,10700.0,11250.0,12500.0,12500.0,12500.0,12500.0,13000.0,12000.0,10100.0,13750.0,13000.0,12990.0,13320.0,13000.0,12500.0,12500.0,12500.0,12000.0,12000.0,12500.0,11900.0,11791.0,12000.0,12000.0,12000.0,11900.0,12500.0,10900.0,10500.0,10750.0,11500.0,11800.0,12000.0,11500.0,11500.0,11500.0,12000.0,11700.0,11635.0,11635.0,12750.0,10900.0,12500.0,9450.0,12500.0,13000.0,13000.0,13000.0,13000.0,13000.0,12500.0,12000.0,12000.0,12999.0,11000.0,11500.0,13650.0,12950.0,12000.0,12000.0,11350.0,10600.0,10600.0,10450.0,10900.0,10900.0,12500.0,10500.0,11500.0,11500.0,7900.0,10800.0,10800.0,11000.0,11400.0,10950.0,11000.0,11552.0,10950.0,10600.0,12050.0,10600.0,11250.0,10000.0,11250.0,10948.0,10350.0,13000.0,16500.0,10500.0,10495.0,9927.0,9927.0,10000.0,15995.0,15995.0,17000.0,13500.0,12995.0,13500.0,15000.0,12000.0,15995.0,16000.0,16000.0,15000.0,18000.0,14000.0,13125.0,12950.0,11000.0,11000.0,10810.0,12775.0,9895.0,13500.0,14000.0,13500.0,12950.0,14500.0,14500.0,12500.0,12500.0,14000.0,13500.0,13500.0,13951.0,11800.0,10155.0,10168.0,17550.0,17550.0,16875.0,16875.0,14975.0,14500.0,13500.0,13500.0,13500.0,12750.0,16750.0,17500.0,15000.0,12950.0,13500.0,15500.0,16000.0
Bay Ridge,Brooklyn,neighborhood,1950.0,2000.0,2000.0,1500.0,1700.0,1700.0,1675.0,1800.0,1800.0,1800.0,2200.0,2000.0,2000.0,1750.0,1750.0,1850.0,1950.0,2000.0,2000.0,2200.0,2100.0,2500.0,2400.0,2100.0,2300.0,1800.0,2300.0,3500.0,3500.0,2100.0,2350.0,2500.0,2250.0,2300.0,2900.0,3500.0,3500.0,3095.0,2700.0,2625.0,2500.0,2695.0,2750.0,2300.0,2695.0,2600.0,2400.0,2400.0,2300.0,2495.0,2500.0,2675.0,2400.0,2650.0,2600.0,2650.0,2700.0,2600.0,2500.0,2500.0,2500.0,2600.0,2500.0,2500.0,2500.0,2500.0,2600.0,3000.0,2900.0,2500.0,2500.0,2650.0,2500.0,2500.0,2700.0,2649.0,2600.0,2600.0,2600.0,2700.0,2700.0,2600.0,2600.0,2600.0,2500.0,2500.0,2400.0,2450.0,2500.0,2600.0,2600.0,2599.0,2600.0,2595.0,2600.0,2700.0,2600.0,2500.0,2500.0,2550.0,2500.0,2500.0,2500.0,2550.0,2500.0,2550.0,2600.0,2600.0,2600.0,2600.0,2600.0,2650.0,2700.0,2690.0,2700.0,2700.0,2600.0,2600.0,2600.0,2650.0,2600.0,2500.0,2550.0,2650.0,2700.0,2600.0,2600.0,2600.0,2500.0,2500.0,2500.0,2600.0,2690.0,2600.0,2700.0,2500.0,2600.0,2600.0,2650.0,2500.0,2500.0,2595.0,2649.0,2650.0,2650.0,2600.0,2800.0,2900.0,2799.0,2799.0,3000.0,3000.0,3050.0,3000.0,3000.0,3000.0,3000.0,3000.0,3100.0,3300.0,3000.0,3000.0,3000.0,3300.0,3300.0,3000.0,2999.0,2999.0,3495.0,3250.0,3400.0,3400.0,3250.0,3400.0,3500.0,3400.0,3200.0,3500.0,3500.0,3500.0,3499.0,3450.0,3450.0,3700.0,3500.0,3600.0,3600.0,3600.0,3750.0,3800.0,3600.0,3600.0,3600.0,3450.0,3500.0,3500.0,3500.0,3399.0,3600.0,3750.0
Baychester,Bronx,neighborhood,,,,,,,,,,,,,,,,,,,,,,,,,,,,1650.0,1650.0,1650.0,,,,,,,,,,,2200.0,,,,,,,,,,,,,,,,,,,,,,,,,,,,,,,,,,,,,,,,,,,,,,2400.0,2495.0,2250.0,2250.0,,,,,,,,,,,,,,,,,,,,2200.0,2200.0,,2200.0,2200.0,,,,,,2400.0,,5950.0,5950.0,4250.0,4250.0,2350.0,2350.0,2350.0,2100.0,2100.0,2100.0,2100.0,2200.0,2850.0,2850.0,2850.0,,,,,,,,,,2300.0,3995.0,2300.0,2400.0,,2650.0,,,,,3000.0,,,2500.0,2500.0,,,2700.0,2700.0,,,2600.0,,,2700.0,3500.0,2700.0,3500.0,,2900.0,3385.0,,3200.0,3200.0,,,,2800.0,2800.0,,,,,,,,,,,5950.0,5950.0,5950.0,5950.0,6495.0,3750.0
Bayside,Queens,neighborhood,1750.0,1750.0,1650.0,,,,,,,,,2950.0,,,2700.0,2550.0,2100.0,1795.0,2100.0,2150.0,2150.0,1950.0,1995.0,1995.0,1900.0,1900.0,1950.0,1900.0,2150.0,2100.0,2150.0,2150.0,2300.0,1900.0,1900.0,1900.0,1900.0,2050.0,2050.0,2150.0,2150.0,2150.0,1975.0,2150.0,2150.0,2150.0,1950.0,2150.0,1950.0,2150.0,2200.0,2150.0,2200.0,2550.0,2550.0,2600.0,2350.0,2350.0,2300.0,2300.0,2300.0,2275.0,2300.0,2300.0,2300.0,2550.0,2600.0,2500.0,2550.0,2550.0,2500.0,2500.0,3000.0,2600.0,2650.0,2650.0,2600.0,2800.0,2800.0,2800.0,2800.0,2800.0,2695.0,2695.0,2695.0,2600.0,2550.0,2550.0,2500.0,2600.0,2600.0,2700.0,3200.0,2995.0,2975.0,2750.0,2700.0,2699.0,2700.0,2500.0,2500.0,2500.0,2700.0,2500.0,2900.0,2750.0,2500.0,2500.0,2500.0,2500.0,2600.0,2450.0,2800.0,2800.0,2800.0,2500.0,2550.0,2600.0,2600.0,2600.0,2750.0,3000.0,3000.0,3000.0,3000.0,2600.0,2800.0,2699.0,3000.0,2475.0,2475.0,2800.0,2800.0,2500.0,2500.0,2500.0,2599.0,2580.0,2550.0,2700.0,2700.0,2550.0,2500.0,2800.0,2800.0,2700.0,2850.0,3080.0,2850.0,3600.0,3500.0,3500.0,2795.0,3000.0,3000.0,3000.0,3000.0,3000.0,3000.0,3000.0,2700.0,3000.0,3000.0,3350.0,3500.0,3500.0,2900.0,2900.0,3000.0,3200.0,3300.0,3500.0,3500.0,3800.0,3500.0,3500.0,3200.0,3200.0,3100.0,3000.0,3300.0,4700.0,3800.0,3850.0,3600.0,3300.0,3850.0,4400.0,4300.0,3800.0,3600.0,3100.0,3400.0,3450.0,3450.0,4200.0,3600.0,3300.0,3500.0,3700.0
Bedford Park,Bronx,neighborhood,,,,,,,,,,,,,,,,,1425.0,1425.0,,,,,,,,,,,,,,,,,,,,,1600.0,,,,,,,,,,,,,,,1600.0,2400.0,2400.0,1600.0,1600.0,1600.0,1600.0,1600.0,2300.0,1875.0,2053.0,2200.0,1999.0,2350.0,1999.0,2400.0,2400.0,1999.0,2400.0,2300.0,2300.0,3500.0,2295.0,2295.0,2850.0,2500.0,2200.0,2200.0,2200.0,2200.0,1900.0,1975.0,1950.0,2100.0,2100.0,1995.0,2250.0,2050.0,2150.0,2150.0,2150.0,2500.0,2700.0,2700.0,2200.0,1900.0,1900.0,1900.0,,2600.0,2300.0,2750.0,2400.0,2695.0,2695.0,2750.0,,1999.0,1999.0,1999.0,1850.0,1850.0,2000.0,2000.0,2150.0,3000.0,2250.0,2050.0,2200.0,2500.0,,,,2500.0,,,,,,2600.0,2600.0,2600.0,3000.0,,2650.0,2595.0,2300.0,2300.0,2450.0,2450.0,2200.0,2400.0,2350.0,2350.0,2500.0,2850.0,2850.0,2795.0,2795.0,2795.0,2250.0,2795.0,2850.0,2850.0,2850.0,2800.0,2495.0,2350.0,2300.0,2395.0,2650.0,,1900.0,,,2200.0,2200.0,2200.0,2165.0,2500.0,2500.0,,,3213.0,,,3000.0,3000.0,3770.0,2995.0,2995.0,,,,,,,,,2695.0,2950.0,,,,3750.0,3700.0,3700.0
Bedford-Stuyvesant,Brooklyn,neighborhood,1900.0,1900.0,2000.0,2050.0,2000.0,2000.0,2000.0,1850.0,1900.0,2095.0,2400.0,2800.0,3000.0,1600.0,2000.0,2100.0,2100.0,2000.0,2050.0,1900.0,2100.0,2200.0,2400.0,2200.0,2100.0,2200.0,1950.0,2200.0,2000.0,2300.0,2400.0,2400.0,2400.0,2200.0,2500.0,2500.0,2500.0,2500.0,2600.0,2600.0,2700.0,2700.0,2700.0,2795.0,2800.0,2750.0,2750.0,2750.0,2800.0,2800.0,2800.0,2800.0,2750.0,2800.0,2800.0,3000.0,2985.0,2950.0,2790.0,2750.0,2795.0,2800.0,2800.0,2800.0,2799.0,2795.0,2800.0,2850.0,2875.0,2900.0,3000.0,2945.0,2850.0,2850.0,2900.0,2992.0,3000.0,3000.0,3000.0,3000.0,3000.0,2999.0,2895.0,2800.0,2841.0,2800.0,2800.0,2900.0,2995.0,2975.0,2975.0,2999.0,3000.0,2999.0,2795.0,2750.0,2800.0,2800.0,2900.0,2850.0,2850.0,2995.0,3025.0,2995.0,2998.0,2995.0,2800.0,2800.0,2800.0,2799.0,2800.0,2850.0,2999.0,3000.0,2999.0,3025.0,3200.0,3200.0,3100.0,3000.0,2972.0,3000.0,3000.0,3000.0,3000.0,2950.0,2900.0,2823.0,2749.0,2650.0,2600.0,2500.0,2500.0,2500.0,2500.0,2695.0,2725.0,2800.0,2999.0,3150.0,3299.0,3200.0,3282.0,3200.0,3250.0,3400.0,3400.0,3300.0,3499.0,3650.0,3990.0,3995.0,3800.0,3650.0,3500.0,3400.0,3495.0,3599.0,3500.0,3695.0,3800.0,3800.0,3850.0,3895.0,3999.0,3650.0,3600.0,3600.0,3500.0,3520.0,3600.0,3799.0,3950.0,3999.0,3895.0,3900.0,3849.0,3845.0,3700.0,3700.0,3618.0,3700.0,3899.0,3999.0,4000.0,4250.0,4175.0,4199.0,4095.0,4000.0,4000.0,4000.0,3995.0,3950.0,3900.0,4100.0,4295.0,4400.0,4495.0,4495.0
Bellerose,Queens,neighborhood,,,,,,,,,,,,,,,,,,,,,,,,,,,,,,,,,,,,,,,,,,,,,,2400.0,2500.0,2200.0,2200.0,2200.0,2200.0,2600.0,2200.0,2200.0,2100.0,2100.0,2100.0,2100.0,2600.0,2600.0,2100.0,2100.0,3000.0,2400.0,2400.0,2200.0,2200.0,2200.0,1800.0,2300.0,2300.0,2300.0,2500.0,2500.0,2500.0,2500.0,2500.0,2200.0,2800.0,2499.0,2499.0,2499.0,2400.0,2250.0,2300.0,2300.0,2999.0,,,2500.0,2200.0,1900.0,,2950.0,2950.0,2200.0,,2000.0,2000.0,,2550.0,2550.0,2550.0,2550.0,2550.0,1900.0,2550.0,2550.0,2550.0,2300.0,2550.0,2550.0,2550.0,2550.0,2550.0,2650.0,2550.0,2550.0,2395.0,2395.0,2395.0,2550.0,2550.0,2550.0,2550.0,,,,,,2350.0,2100.0,3000.0,,,,,,,,3000.0,,,,,,2500.0,2500.0,3500.0,,,,3250.0,2500.0,2800.0,2800.0,2800.0,2400.0,2299.0,3000.0,,,2500.0,3200.0,2550.0,3000.0,,,3800.0,3800.0,2800.0,4500.0,2500.0,,,3400.0,4000.0,,,,,3500.0,3450.0,,,,3550.0,3550.0,3600.0,3200.0,3400.0,,,,3850.0,,,,,2800.0
Belmont,Bronx,neighborhood,,,1350.0,1350.0,,,,,,,,,,,,,,,,,2000.0,2000.0,,,,,,,,,,,1205.0,2400.0,2400.0,2600.0,2400.0,2100.0,2400.0,,,,2100.0,2100.0,2100.0,2100.0,1500.0,1300.0,1300.0,1300.0,,,,,,,,,3000.0,3000.0,2100.0,2400.0,2100.0,1500.0,,,1999.0,2250.0,2400.0,2100.0,2050.0,2050.0,2100.0,2100.0,2100.0,2250.0,2150.0,2150.0,2200.0,2400.0,3200.0,4000.0,4000.0,2200.0,2311.0,2311.0,2311.0,2200.0,2450.0,2200.0,2400.0,2350.0,2300.0,2250.0,2250.0,1800.0,2250.0,3000.0,2500.0,2850.0,2800.0,2700.0,2550.0,2400.0,2200.0,2200.0,2100.0,2100.0,2200.0,2200.0,2300.0,2300.0,2450.0,2450.0,2550.0,2550.0,2400.0,2400.0,2250.0,2200.0,2450.0,2400.0,2550.0,3250.0,3000.0,2625.0,2625.0,2475.0,2325.0,2295.0,2500.0,3200.0,2500.0,2700.0,2700.0,2700.0,2700.0,2600.0,2425.0,2659.0,2400.0,2650.0,2750.0,2750.0,2750.0,2750.0,2600.0,2850.0,2850.0,2750.0,3200.0,2750.0,2700.0,2700.0,2950.0,3250.0,3250.0,3250.0,3250.0,3500.0,3300.0,3150.0,3563.0,3563.0,3650.0,3563.0,3563.0,3150.0,4000.0,4000.0,3750.0,3750.0,3800.0,4000.0,4900.0,4900.0,4000.0,4975.0,4975.0,4125.0,4125.0,4800.0,4560.0,4500.0,4400.0,4400.0,4400.0,4400.0,4200.0,3800.0,4000.0,3750.0,3600.0,3600.0,3600.0,3600.0,3500.0,4000.0,3250.0,3350.0
Bensonhurst,Brooklyn,neighborhood,,,,,,1650.0,1650.0,1650.0,1900.0,1700.0,1700.0,1700.0,1700.0,1700.0,1700.0,1700.0,1700.0,1900.0,1900.0,1900.0,1700.0,1700.0,1850.0,1700.0,1500.0,1500.0,,1850.0,2200.0,2200.0,2195.0,2195.0,1800.0,,,,,,,1600.0,1800.0,2200.0,2250.0,2100.0,2000.0,2000.0,1750.0,1700.0,1800.0,2000.0,2200.0,2300.0,2650.0,2500.0,2000.0,2000.0,2100.0,2200.0,2250.0,2000.0,1900.0,2200.0,2250.0,2300.0,2250.0,2200.0,2250.0,2200.0,2100.0,2200.0,2200.0,2200.0,2200.0,2200.0,2150.0,2100.0,2150.0,2000.0,2250.0,2200.0,2400.0,2400.0,2500.0,2500.0,2500.0,2500.0,2200.0,2349.0,2400.0,2400.0,2500.0,2600.0,2500.0,2300.0,2450.0,2300.0,2350.0,2380.0,2350.0,2400.0,2200.0,2400.0,2400.0,2500.0,2525.0,2450.0,2400.0,2500.0,2300.0,2300.0,2300.0,2500.0,2500.0,2700.0,2300.0,2400.0,2400.0,2400.0,2400.0,2500.0,2500.0,2500.0,2400.0,2100.0,2400.0,2250.0,2250.0,2300.0,2250.0,2599.0,2400.0,2400.0,2250.0,2200.0,2250.0,2400.0,2500.0,2350.0,2350.0,2450.0,2400.0,2400.0,2400.0,2395.0,2499.0,2500.0,2400.0,2600.0,2500.0,2500.0,2450.0,2600.0,2800.0,2600.0,2500.0,2800.0,2800.0,2650.0,2600.0,2800.0,2900.0,3300.0,2995.0,2850.0,2850.0,2850.0,2850.0,3200.0,3250.0,2800.0,2800.0,2850.0,3100.0,3000.0,3500.0,3300.0,2800.0,3100.0,3200.0,3200.0,3200.0,3100.0,3100.0,3550.0,4000.0,4095.0,4000.0,3200.0,3500.0,3500.0,3200.0,3299.0,3299.0,3600.0,3299.0,3700.0,3700.0,3300.0,3300.0,3250.0
Bergen Beach,Brooklyn,neighborhood,,,,,,,,,,,,,,,,,1700.0,,,,,,,,,,1800.0,1800.0,1800.0,1600.0,1600.0,1800.0,1800.0,1800.0,,,,,,,,1850.0,1850.0,1850.0,1850.0,1945.0,,,2000.0,2000.0,2000.0,2100.0,2100.0,1900.0,2250.0,2200.0,2200.0,2150.0,1995.0,1950.0,1995.0,1995.0,1995.0,2200.0,2200.0,2200.0,2100.0,1900.0,2200.0,2200.0,,3000.0,3000.0,2700.0,2200.0,2200.0,1795.0,,1900.0,2200.0,2000.0,2000.0,2000.0,2000.0,2200.0,2150.0,2150.0,2000.0,2000.0,2000.0,2500.0,2350.0,2300.0,2200.0,2200.0,2200.0,2100.0,2400.0,2100.0,2100.0,2250.0,2400.0,2500.0,2450.0,2450.0,2300.0,2499.0,2350.0,2350.0,2250.0,2200.0,2150.0,2100.0,2300.0,2400.0,2300.0,2250.0,2300.0,2400.0,2500.0,2500.0,2950.0,2800.0,2500.0,3500.0,2100.0,2800.0,2600.0,2599.0,2599.0,2299.0,2299.0,2400.0,3695.0,3600.0,,2450.0,2400.0,2400.0,2700.0,2650.0,2650.0,2000.0,3330.0,3200.0,2750.0,2650.0,,2400.0,2750.0,3000.0,3100.0,2800.0,2800.0,2750.0,2900.0,3200.0,2800.0,3000.0,3150.0,2900.0,2800.0,3200.0,3350.0,3300.0,3350.0,3250.0,3100.0,3400.0,3300.0,3500.0,3200.0,2890.0,2800.0,3300.0,3500.0,3100.0,3350.0,3200.0,3050.0,3300.0,3300.0,,,3020.0,3615.0,3300.0,3500.0,3150.0,3235.0,3250.0,3395.0,3295.0,3100.0,4500.0,4200.0,4500.0,4500.0,3600.0,3600.0
Boerum Hill,Brooklyn,neighborhood,3500.0,3500.0,4000.0,4275.0,3800.0,4889.0,4889.0,4100.0,4500.0,4900.0,6321.0,6500.0,8500.0,8500.0,8500.0,6500.0,5500.0,6500.0,4900.0,3200.0,6595.0,6500.0,6500.0,4800.0,4700.0,4965.0,4800.0,4965.0,4500.0,4500.0,4500.0,4288.0,5500.0,4950.0,5100.0,4950.0,6875.0,6500.0,6500.0,4500.0,5500.0,6300.0,5100.0,4750.0,4950.0,4150.0,4600.0,4900.0,4200.0,5955.0,5200.0,4900.0,4950.0,4300.0,4250.0,4800.0,4000.0,3500.0,4500.0,5850.0,6500.0,4500.0,5500.0,5500.0,4950.0,5300.0,5200.0,3795.0,3700.0,5000.0,8950.0,5750.0,7400.0,4900.0,5300.0,6755.0,4950.0,5100.0,5100.0,5000.0,4900.0,4700.0,4500.0,4490.0,4500.0,4500.0,5950.0,4750.0,4900.0,5400.0,5189.0,4999.0,4650.0,4250.0,4500.0,4400.0,4200.0,3857.0,4495.0,4500.0,4499.0,4995.0,5100.0,5695.0,5500.0,5800.0,4750.0,3900.0,7250.0,7500.0,8250.0,6200.0,5400.0,5600.0,5499.0,5100.0,5500.0,4995.0,6300.0,6950.0,6300.0,4950.0,4000.0,4700.0,5000.0,4995.0,4600.0,4500.0,3850.0,3900.0,4000.0,3599.0,3575.0,3700.0,4300.0,4250.0,3571.0,4075.0,4100.0,4750.0,4750.0,4500.0,6450.0,3200.0,4800.0,5499.0,5700.0,7600.0,9000.0,5700.0,5500.0,7500.0,6500.0,6950.0,6750.0,6450.0,6500.0,5500.0,5795.0,6650.0,6950.0,7750.0,6500.0,6900.0,7800.0,5950.0,6500.0,6950.0,10000.0,6750.0,6381.0,6500.0,6750.0,6800.0,5999.0,6400.0,6000.0,5999.0,6000.0,6250.0,7000.0,7300.0,12000.0,10000.0,6500.0,6250.0,6250.0,7200.0,8450.0,7800.0,5500.0,5500.0,6200.0,9000.0,7999.0,10232.0,9000.0,7650.0,7650.0,7500.0
Borough Park,Brooklyn,neighborhood,2000.0,2000.0,2000.0,2000.0,2000.0,,,,1350.0,,2000.0,2000.0,1800.0,1700.0,1700.0,,,,,,,,,1600.0,1600.0,1600.0,2800.0,2600.0,1950.0,2200.0,1800.0,1800.0,1600.0,1600.0,1600.0,1600.0,,2000.0,2000.0,,2800.0,2800.0,2800.0,2000.0,2000.0,1800.0,1895.0,1875.0,1895.0,1895.0,2000.0,2000.0,1900.0,1900.0,2299.0,2299.0,2350.0,1850.0,1850.0,1650.0,1950.0,1950.0,1950.0,2025.0,2200.0,2200.0,2395.0,2295.0,2300.0,2500.0,2850.0,2200.0,2600.0,2100.0,2399.0,2399.0,2250.0,2250.0,2250.0,3600.0,3600.0,3600.0,2400.0,3400.0,1900.0,2350.0,2800.0,2700.0,2600.0,2275.0,2500.0,2275.0,2499.0,2300.0,2300.0,2100.0,3666.0,2200.0,2200.0,2450.0,2400.0,2500.0,2500.0,2200.0,2199.0,2350.0,2390.0,2150.0,2225.0,2450.0,2400.0,2500.0,2500.0,2475.0,2395.0,2395.0,2500.0,2750.0,3100.0,2400.0,2498.0,2500.0,2499.0,2200.0,2400.0,2600.0,2500.0,2400.0,2399.0,2300.0,2300.0,2300.0,2500.0,2500.0,2350.0,2399.0,2650.0,2400.0,2400.0,2500.0,2500.0,2300.0,2350.0,2399.0,2400.0,3890.0,2700.0,2300.0,2800.0,2500.0,2499.0,2450.0,2349.0,2800.0,2695.0,2800.0,2700.0,2600.0,2600.0,2600.0,2950.0,2950.0,3143.0,3143.0,3200.0,2400.0,2300.0,3095.0,2600.0,2600.0,3100.0,3200.0,3500.0,3400.0,3495.0,3300.0,3395.0,3200.0,3000.0,3000.0,3600.0,3195.0,3200.0,2950.0,3600.0,2950.0,3000.0,3300.0,3650.0,3000.0,3000.0,3200.0,3500.0,3500.0,3300.0,3299.0,3500.0,3500.0,3200.0,3100.0
Briarwood,Queens,neighborhood,,,,,1900.0,1900.0,,,,,,4000.0,4000.0,2700.0,2700.0,2700.0,2700.0,2700.0,2700.0,2700.0,,,,1900.0,,,,,,,,3300.0,3300.0,3100.0,3100.0,3100.0,3100.0,3200.0,3200.0,2800.0,2800.0,2800.0,2800.0,2800.0,2800.0,,,2400.0,2890.0,2350.0,2350.0,2300.0,2300.0,2612.0,2300.0,,2300.0,2300.0,2200.0,1850.0,,2250.0,2250.0,2250.0,2250.0,2700.0,2850.0,2550.0,2400.0,2400.0,2475.0,2000.0,2600.0,2399.0,2399.0,2550.0,2550.0,2750.0,2399.0,3000.0,2995.0,2400.0,2300.0,2500.0,2300.0,2500.0,2500.0,2249.0,2175.0,2300.0,2750.0,2400.0,2595.0,2200.0,2199.0,2450.0,2850.0,2700.0,3200.0,2200.0,2200.0,3100.0,2500.0,2500.0,3090.0,2400.0,2500.0,2495.0,2450.0,2350.0,2650.0,2595.0,2550.0,2000.0,2500.0,2700.0,2700.0,2600.0,2300.0,2800.0,2800.0,2700.0,2700.0,,,2500.0,2900.0,2600.0,2550.0,2500.0,2475.0,2950.0,2350.0,2950.0,2550.0,2400.0,,,4350.0,4350.0,2090.0,2700.0,2600.0,2600.0,2600.0,2600.0,3500.0,2600.0,2950.0,2500.0,2700.0,3000.0,3200.0,3100.0,4800.0,2990.0,2500.0,3000.0,2995.0,2995.0,2995.0,5650.0,3400.0,3300.0,3100.0,2900.0,2650.0,2950.0,2900.0,3900.0,2800.0,3200.0,3500.0,3700.0,3700.0,3200.0,,3300.0,4800.0,4500.0,4500.0,,,3500.0,3500.0,3800.0,3500.0,3350.0,3250.0,3250.0,3200.0,3200.0,10000.0,2950.0,3175.0,5500.0,3400.0,3400.0,5500.0,5500.0
Brighton Beach,Brooklyn,neighborhood,2200.0,2200.0,2200.0,2200.0,,,,,,,,,,,,,,,,,,,,,,,,,,,,,4200.0,2150.0,2150.0,2150.0,2900.0,2900.0,2900.0,1700.0,2800.0,3200.0,2350.0,3200.0,3231.0,3231.0,3231.0,3231.0,3200.0,3208.0,3200.0,3700.0,3900.0,3800.0,3600.0,3600.0,3600.0,2500.0,2500.0,2350.0,2350.0,2350.0,2295.0,2350.0,2350.0,3200.0,3500.0,3400.0,3400.0,3200.0,3000.0,2695.0,3200.0,3200.0,3200.0,2900.0,2900.0,3750.0,3500.0,3500.0,3200.0,3500.0,3500.0,3800.0,3500.0,3500.0,2750.0,2750.0,3225.0,3300.0,3300.0,2800.0,3200.0,2400.0,2300.0,3295.0,3095.0,2395.0,2525.0,2300.0,2899.0,4000.0,2500.0,2950.0,2600.0,2600.0,2649.0,2600.0,2599.0,2900.0,2900.0,2598.0,2200.0,4300.0,3399.0,2500.0,2350.0,2250.0,2250.0,2375.0,,,2700.0,2499.0,2650.0,2650.0,3100.0,2950.0,2725.0,2700.0,2700.0,3000.0,5900.0,2550.0,2600.0,2200.0,4200.0,4200.0,2700.0,2600.0,2700.0,2799.0,3000.0,3400.0,3500.0,2700.0,3775.0,3500.0,2700.0,2700.0,3595.0,3650.0,3499.0,3300.0,2799.0,3300.0,2800.0,2799.0,3199.0,2999.0,2899.0,2799.0,,3495.0,3695.0,4500.0,4500.0,3000.0,,3695.0,3695.0,4500.0,3500.0,3300.0,3400.0,4800.0,3695.0,3900.0,3695.0,4000.0,4000.0,4650.0,4000.0,3995.0,4150.0,4150.0,4150.0,3950.0,3950.0,,3100.0,3100.0,3300.0,3300.0,3239.0,3500.0,3500.0,4295.0,4950.0,3200.0
Bronx,Bronx,borough,2500.0,2400.0,2150.0,2200.0,2200.0,2200.0,2100.0,2400.0,2500.0,2300.0,2100.0,2200.0,2200.0,1975.0,2135.0,2500.0,2500.0,2600.0,3000.0,3000.0,2750.0,2850.0,3000.0,3000.0,3000.0,3000.0,2898.0,2700.0,2600.0,2300.0,2300.0,2290.0,2290.0,2400.0,2400.0,2400.0,2300.0,2200.0,2250.0,2500.0,2595.0,2500.0,2500.0,2500.0,2300.0,2300.0,2400.0,2300.0,2300.0,2495.0,2800.0,2950.0,2875.0,3250.0,3000.0,2450.0,2400.0,2400.0,2200.0,2300.0,2500.0,2100.0,2100.0,2150.0,2150.0,2150.0,2150.0,2195.0,2250.0,2200.0,2195.0,2300.0,2350.0,2350.0,2200.0,2350.0,2300.0,2300.0,2310.0,2400.0,2400.0,2400.0,2400.0,2400.0,2416.0,2475.0,2400.0,2350.0,2400.0,2400.0,2400.0,2400.0,2400.0,2350.0,2350.0,2300.0,2300.0,2495.0,2400.0,2500.0,2500.0,2400.0,2400.0,2450.0,2400.0,2325.0,2300.0,2400.0,2350.0,2400.0,2429.0,2487.0,2400.0,2450.0,2544.0,2500.0,2429.0,2500.0,2500.0,2499.0,2450.0,2500.0,2599.0,2600.0,2654.0,2574.0,2500.0,2500.0,2500.0,2554.0,2595.0,2549.0,2550.0,2550.0,2500.0,2599.0,2550.0,2650.0,2650.0,2700.0,2700.0,2700.0,2650.0,2550.0,2699.0,2700.0,2750.0,2750.0,2800.0,3000.0,3100.0,3050.0,3000.0,3000.0,3000.0,2950.0,3000.0,3019.0,3200.0,3200.0,3150.0,3200.0,3250.0,3200.0,3385.0,3200.0,3200.0,3250.0,3400.0,3200.0,3464.0,3500.0,3500.0,3480.0,3625.0,3625.0,3606.0,3595.0,3500.0,3600.0,3600.0,3500.0,3666.0,3600.0,3570.0,3700.0,3750.0,3800.0,3811.0,3600.0,3650.0,3600.0,3599.0,3600.0,3705.0,3577.0,3544.0,3599.0,3544.0,3550.0
Bronxwood,Bronx,neighborhood,,,,,,,,,,,,,,,,,1500.0,1500.0,,,,,,,,,,,,,,950.0,950.0,,,,,,1700.0,1700.0,,,,,,,1600.0,1600.0,1600.0,,,,,,,,,2300.0,2300.0,2300.0,,,,,1850.0,1850.0,1850.0,1800.0,1800.0,2200.0,2200.0,,,,,,,,1800.0,1800.0,1800.0,2400.0,2400.0,2400.0,2400.0,1950.0,1600.0,1950.0,1900.0,2100.0,2100.0,,,2400.0,2100.0,2300.0,2100.0,1995.0,2250.0,2250.0,1950.0,2150.0,2200.0,2200.0,,,,,,1900.0,1875.0,1875.0,2200.0,2200.0,2995.0,2350.0,2349.0,2300.0,2246.0,2246.0,2200.0,2050.0,,2700.0,2700.0,2500.0,2500.0,2400.0,2400.0,,,2350.0,,2550.0,2500.0,2500.0,2500.0,,,,,,,2100.0,2900.0,2900.0,2700.0,2400.0,2565.0,3000.0,2300.0,,,2850.0,2300.0,1995.0,2895.0,2950.0,2895.0,2700.0,2150.0,2150.0,2150.0,2900.0,3400.0,2900.0,2900.0,3000.0,3000.0,,3500.0,,3200.0,3800.0,,3800.0,3600.0,3600.0,3600.0,,,3150.0,,,,,,3400.0,3400.0,3400.0,3500.0,3500.0,3500.0,4000.0,2250.0,3500.0,3500.0,3500.0,,
Brooklyn,Brooklyn,borough,2975.0,3000.0,3000.0,3033.0,3200.0,3400.0,3400.0,3300.0,3500.0,3350.0,2950.0,2850.0,2800.0,2700.0,2800.0,2650.0,2900.0,3000.0,3000.0,3100.0,3500.0,3150.0,2800.0,2800.0,2789.0,2850.0,3000.0,3200.0,3300.0,3400.0,3400.0,3495.0,3600.0,3500.0,3500.0,3500.0,3346.0,3300.0,3300.0,3300.0,3400.0,3500.0,3400.0,3500.0,3500.0,3400.0,3300.0,3200.0,3172.0,3195.0,3100.0,3195.0,3200.0,3300.0,3200.0,3300.0,3250.0,3200.0,3000.0,3000.0,2995.0,3000.0,2999.0,3000.0,3000.0,3100.0,3199.0,3200.0,3200.0,3100.0,3100.0,3095.0,3025.0,3000.0,3100.0,3175.0,3200.0,3200.0,3200.0,3200.0,3200.0,3100.0,3000.0,3000.0,2999.0,2995.0,2975.0,2999.0,3000.0,3000.0,3050.0,3200.0,3199.0,3045.0,2977.0,2930.0,2910.0,2900.0,2995.0,3000.0,3025.0,3195.0,3199.0,3100.0,3050.0,3000.0,2933.0,2825.0,2899.0,2900.0,2900.0,3000.0,3100.0,3115.0,3199.0,3225.0,3250.0,3295.0,3200.0,3095.0,3025.0,3100.0,3162.0,3300.0,3300.0,3200.0,3166.0,3025.0,2950.0,2850.0,2800.0,2800.0,2750.0,2749.0,2784.0,2836.0,2849.0,2900.0,3029.0,3150.0,3150.0,3100.0,3175.0,3200.0,3300.0,3400.0,3400.0,3450.0,3600.0,3800.0,4000.0,4000.0,3995.0,3800.0,3600.0,3600.0,3600.0,3650.0,3649.0,3800.0,4000.0,4000.0,4200.0,4200.0,4140.0,3995.0,3800.0,3800.0,3750.0,3700.0,3800.0,4000.0,4100.0,4200.0,4250.0,4250.0,4250.0,4195.0,3999.0,3995.0,3995.0,3995.0,4000.0,4200.0,4499.0,4499.0,4400.0,4500.0,4500.0,4450.0,4250.0,4050.0,4100.0,4150.0,4200.0,4400.0,4499.0,4500.0,4695.0,4795.0
Brooklyn Heights,Brooklyn,neighborhood,3500.0,7250.0,6000.0,12500.0,10500.0,5500.0,6000.0,9800.0,6500.0,6500.0,11500.0,11500.0,7000.0,11500.0,8000.0,7000.0,6800.0,7000.0,6800.0,6200.0,11500.0,6800.0,7000.0,12000.0,12000.0,11500.0,10000.0,9000.0,6100.0,6300.0,8500.0,7500.0,7500.0,6990.0,6990.0,7500.0,7000.0,7500.0,7000.0,6000.0,6500.0,8500.0,5500.0,7250.0,7000.0,5995.0,7500.0,7000.0,7500.0,6850.0,6850.0,5695.0,5000.0,5500.0,5800.0,5700.0,5700.0,5900.0,6000.0,5800.0,6200.0,6500.0,5800.0,6725.0,6900.0,7850.0,6795.0,7745.0,7800.0,7685.0,6800.0,6800.0,5900.0,6615.0,6670.0,6835.0,5600.0,5100.0,6300.0,6200.0,6690.0,7700.0,6500.0,7950.0,8995.0,8990.0,8500.0,8750.0,8995.0,8499.0,8077.0,8195.0,7733.0,7556.0,7286.0,7200.0,7595.0,7195.0,11500.0,11500.0,10250.0,10250.0,9000.0,8250.0,7400.0,7200.0,7525.0,9162.0,9162.0,8750.0,10015.0,10385.0,11308.0,9999.0,9618.0,10500.0,7791.0,9429.0,8979.0,10000.0,10281.0,9950.0,8500.0,8495.0,8479.0,8250.0,8000.0,8000.0,7500.0,8075.0,8400.0,7825.0,9800.0,9800.0,8745.0,6500.0,8500.0,9500.0,9500.0,9950.0,7500.0,9950.0,12550.0,12850.0,8750.0,9000.0,11250.0,9000.0,11000.0,14519.0,10900.0,9995.0,9700.0,8000.0,9450.0,10000.0,10000.0,10995.0,10955.0,10955.0,13385.0,13000.0,13000.0,12671.0,12000.0,12500.0,12500.0,12500.0,14000.0,13729.0,13050.0,13000.0,14500.0,10899.0,10000.0,10495.0,9999.0,11391.0,14950.0,14950.0,10955.0,11500.0,15420.0,15420.0,13750.0,15000.0,15150.0,15000.0,14500.0,13995.0,14000.0,9500.0,9995.0,12000.0,15000.0,14500.0,15175.0,11645.0,15000.0,11645.0
Brookville,Queens,neighborhood,2000.0,2000.0,2000.0,,,,,,,,,,,,,,,,,,,,,,,,,,,1600.0,1600.0,,,,,,,,,,,,,,,,,,,,,,,,,,,,1800.0,,,,,,,2300.0,2300.0,,,,,,,,,,,,,,2000.0,2000.0,,,,,,2200.0,2200.0,2500.0,1950.0,,,,,,,,,,,2200.0,2200.0,2500.0,2500.0,2500.0,2400.0,2300.0,2300.0,2300.0,,2200.0,2200.0,2200.0,,,,,,2400.0,2400.0,2600.0,,3300.0,3300.0,3300.0,,,2800.0,2800.0,2650.0,2500.0,,2200.0,,2300.0,2300.0,2300.0,2250.0,2500.0,2300.0,1900.0,,3500.0,,,3000.0,3000.0,3000.0,,,,,3000.0,3000.0,3000.0,2800.0,2800.0,2800.0,2800.0,3000.0,,2650.0,2800.0,3200.0,3200.0,,,2700.0,2600.0,3500.0,2600.0,3500.0,3500.0,3500.0,2999.0,2999.0,2200.0,,,2900.0,,,3800.0,3300.0,,3650.0,3650.0,3750.0,,,3800.0,3499.0,2999.0,2800.0,,3000.0,3000.0,,
Brownsville,Brooklyn,neighborhood,1600.0,,,,,,,,,,,,1500.0,1500.0,1500.0,1500.0,1500.0,1500.0,1500.0,1500.0,,,,,,,,,,,2100.0,2100.0,2100.0,,,,1695.0,1650.0,1650.0,1650.0,1650.0,1650.0,1350.0,1800.0,1700.0,1700.0,1700.0,,1800.0,1600.0,1800.0,1850.0,1800.0,1800.0,1800.0,1800.0,1750.0,1850.0,1850.0,1750.0,1800.0,1850.0,2400.0,2000.0,2599.0,1850.0,1800.0,1800.0,1900.0,1900.0,1900.0,1995.0,1950.0,2000.0,2050.0,2000.0,2000.0,2250.0,2000.0,2100.0,2100.0,1900.0,2000.0,2100.0,2050.0,2200.0,2200.0,2199.0,2195.0,2100.0,2099.0,2200.0,2200.0,2250.0,2150.0,2000.0,2495.0,2300.0,2300.0,2175.0,2095.0,2300.0,2300.0,2250.0,2200.0,2299.0,2250.0,2240.0,2200.0,2300.0,2399.0,2399.0,2400.0,2495.0,2300.0,2500.0,2400.0,2300.0,2250.0,2450.0,2500.0,2399.0,2350.0,2200.0,2200.0,2700.0,2450.0,2500.0,2450.0,2333.0,2400.0,2349.0,2200.0,2200.0,2500.0,2300.0,2350.0,2400.0,2299.0,2300.0,2324.0,2290.0,2300.0,2300.0,2450.0,2350.0,2500.0,2699.0,2700.0,2798.0,2799.0,2850.0,2750.0,2700.0,2600.0,2800.0,2995.0,2999.0,2999.0,2899.0,2999.0,2950.0,3000.0,3000.0,2995.0,2950.0,2850.0,3100.0,3150.0,3300.0,3300.0,3400.0,3095.0,2800.0,2800.0,3100.0,3200.0,3464.0,3464.0,3464.0,3550.0,3600.0,3500.0,3500.0,3350.0,3500.0,3200.0,3150.0,3100.0,3050.0,3000.0,3454.0,3250.0,3250.0,3100.0,2995.0,3499.0,3450.0,3200.0,3300.0
Bushwick,Brooklyn,neighborhood,1650.0,1650.0,1500.0,1500.0,,,1550.0,1600.0,3000.0,2900.0,1900.0,1900.0,1900.0,2100.0,1900.0,2300.0,1995.0,1850.0,2100.0,2400.0,2200.0,2000.0,1850.0,1850.0,1750.0,1850.0,2200.0,2495.0,2650.0,2750.0,2700.0,2500.0,2500.0,2475.0,2495.0,2500.0,2500.0,2350.0,2600.0,2750.0,2699.0,2600.0,2800.0,2900.0,2750.0,2700.0,2700.0,2700.0,2700.0,2750.0,2800.0,2850.0,2995.0,3000.0,2999.0,3000.0,3000.0,2895.0,2800.0,2850.0,2990.0,2895.0,2850.0,2895.0,2895.0,2900.0,3000.0,3000.0,3095.0,3100.0,3000.0,3000.0,3000.0,3000.0,3000.0,2995.0,2999.0,3000.0,3000.0,3000.0,3000.0,3000.0,3000.0,2950.0,2900.0,2900.0,2975.0,2999.0,3000.0,3000.0,3000.0,3000.0,2999.0,2900.0,2847.0,2800.0,2840.0,2750.0,2850.0,2900.0,2950.0,3000.0,2995.0,2900.0,2900.0,2800.0,2790.0,2700.0,2777.0,2800.0,2850.0,2953.0,2999.0,3045.0,3150.0,3200.0,3195.0,3200.0,3250.0,3195.0,3095.0,3050.0,3000.0,3100.0,3000.0,2995.0,2850.0,2752.0,2700.0,2600.0,2647.0,2600.0,2550.0,2599.0,2600.0,2650.0,2700.0,2750.0,2995.0,3000.0,3000.0,3000.0,3000.0,3200.0,3300.0,3400.0,3499.0,3549.0,3700.0,3799.0,3999.0,3995.0,3800.0,3650.0,3499.0,3400.0,3599.0,3600.0,3599.0,3600.0,3800.0,3800.0,3895.0,3900.0,3800.0,3700.0,3550.0,3550.0,3599.0,3600.0,3550.0,3795.0,3900.0,3900.0,4000.0,3900.0,3900.0,3800.0,3650.0,3600.0,3681.0,3800.0,3825.0,4000.0,4100.0,4000.0,3999.0,4200.0,4250.0,4175.0,3995.0,3995.0,3999.0,4000.0,4057.0,4195.0,4350.0,4295.0,4250.0,4250.0
Cambria Heights,Queens,neighborhood,,,,,,,,,,,,,,,,,,,,,,,,,,,,,,,,,,,,,,,,,,,,,,,,,,,,,,,,,,,,,,,,,,,,,,,,,2200.0,2200.0,,,2700.0,2700.0,,,,,,,,,2500.0,2500.0,,,,,,2595.0,2500.0,2500.0,2500.0,2500.0,2500.0,,,,,,,,1900.0,,2550.0,2550.0,2550.0,2550.0,2550.0,,,,,,,,,2500.0,,,,,,,,,,,,,4600.0,4600.0,4600.0,,4350.0,,,2300.0,2300.0,3400.0,,,2900.0,,,,,6500.0,3150.0,4500.0,4500.0,3150.0,2900.0,2900.0,2895.0,,2900.0,,,,,3950.0,,,,,,,,4200.0,3750.0,,,,4400.0,4400.0,4275.0,4275.0,4000.0,4000.0,4000.0,,,4111.0,4700.0,,,4111.0,4625.0,3815.0,3815.0,,3899.0,3899.0,,
Canarsie,Brooklyn,neighborhood,1700.0,1600.0,1600.0,1675.0,,,,,,,1900.0,1900.0,1900.0,1900.0,1900.0,1800.0,1800.0,1600.0,1600.0,1550.0,1550.0,1700.0,1800.0,1800.0,1800.0,,,,1825.0,1600.0,1600.0,1600.0,1600.0,,1800.0,1600.0,1650.0,1895.0,1800.0,1800.0,1650.0,1600.0,2250.0,2250.0,1800.0,1875.0,1800.0,1800.0,1800.0,,2000.0,1900.0,1900.0,1750.0,2200.0,2000.0,2000.0,1800.0,1800.0,1900.0,1900.0,1800.0,1800.0,1800.0,1850.0,1850.0,1850.0,1850.0,1900.0,2000.0,2150.0,2100.0,2300.0,2250.0,2300.0,1800.0,2100.0,2000.0,2200.0,2300.0,2250.0,2200.0,2250.0,2300.0,2200.0,2200.0,2250.0,2400.0,2300.0,2300.0,2200.0,2200.0,2200.0,2250.0,2200.0,2300.0,2300.0,2325.0,2300.0,2300.0,2300.0,2275.0,2300.0,2399.0,2300.0,2300.0,2300.0,2300.0,2300.0,2350.0,2300.0,2300.0,2350.0,2500.0,2300.0,2300.0,2350.0,2350.0,2300.0,2300.0,2300.0,2300.0,2399.0,2300.0,2500.0,2350.0,2499.0,2499.0,2500.0,2499.0,2499.0,2400.0,2400.0,2700.0,2550.0,2600.0,2600.0,2700.0,2700.0,2500.0,2295.0,2500.0,2590.0,2600.0,2500.0,2400.0,2500.0,2500.0,2700.0,2700.0,3000.0,3000.0,2600.0,2700.0,2700.0,2850.0,2995.0,2999.0,3000.0,2950.0,2950.0,2800.0,2960.0,3000.0,3300.0,3200.0,3000.0,3000.0,3300.0,3250.0,3200.0,3000.0,3000.0,2795.0,3200.0,3200.0,3200.0,3000.0,3000.0,3300.0,3000.0,3300.0,3464.0,3500.0,3500.0,3464.0,3464.0,3500.0,3300.0,3400.0,3400.0,3400.0,3450.0,3450.0,3500.0,3800.0,3750.0,3800.0,3500.0,3495.0
Carroll Gardens,Brooklyn,neighborhood,3895.0,3500.0,3500.0,3795.0,3795.0,3645.0,3941.0,3545.0,3000.0,3000.0,3000.0,3900.0,3900.0,3000.0,3000.0,5750.0,6300.0,5400.0,5400.0,5400.0,5400.0,4300.0,4700.0,4700.0,4800.0,4500.0,5500.0,5500.0,4900.0,4750.0,4250.0,4350.0,4350.0,4300.0,4400.0,4500.0,5900.0,5400.0,5900.0,5700.0,6000.0,6000.0,5800.0,5800.0,4926.0,4500.0,5600.0,6100.0,4200.0,4200.0,4400.0,6200.0,6400.0,6000.0,5000.0,5000.0,5000.0,4800.0,5000.0,5500.0,5000.0,4700.0,4800.0,4995.0,4300.0,4500.0,4700.0,4650.0,5300.0,5300.0,5299.0,5200.0,4578.0,5500.0,5000.0,5800.0,5500.0,5500.0,5100.0,5500.0,5200.0,5250.0,4595.0,4725.0,4900.0,5950.0,5800.0,5500.0,5900.0,5950.0,5500.0,4985.0,4800.0,4250.0,4700.0,4812.0,4766.0,4700.0,4700.0,4935.0,4688.0,4695.0,4750.0,4150.0,4100.0,3900.0,4600.0,4600.0,4600.0,4300.0,4300.0,7000.0,6500.0,6500.0,5300.0,5399.0,5385.0,4700.0,4700.0,4600.0,6500.0,5999.0,5999.0,6000.0,5495.0,5195.0,4850.0,4200.0,4100.0,4000.0,4500.0,4200.0,3950.0,3900.0,3800.0,4245.0,3200.0,4450.0,4900.0,5000.0,4700.0,5200.0,4900.0,4950.0,4125.0,4750.0,5499.0,5350.0,5500.0,7000.0,8300.0,8790.0,10450.0,8250.0,7500.0,8310.0,8300.0,8250.0,7500.0,8000.0,7800.0,7200.0,7000.0,6950.0,5995.0,5495.0,6213.0,7500.0,8660.0,9800.0,8725.0,8500.0,8000.0,7500.0,7000.0,6200.0,6000.0,5650.0,6200.0,5500.0,5700.0,5981.0,5995.0,8100.0,8100.0,7350.0,6900.0,6500.0,8250.0,8500.0,6875.0,6750.0,10000.0,8520.0,8400.0,8342.0,8300.0,7000.0,7900.0,8500.0
Castle Hill,Bronx,neighborhood,,,,,,,,,1900.0,1900.0,1900.0,,,,,,,,,,,,,,,,,,,,,,,,,,,,,,,,,,,,,,,,,,,,,,,,1800.0,1800.0,,2050.0,,,,,,2400.0,2400.0,2400.0,2400.0,2400.0,2350.0,2350.0,2350.0,2350.0,2350.0,2350.0,2310.0,2400.0,2375.0,2375.0,2375.0,2350.0,2250.0,2300.0,2300.0,2300.0,2300.0,2300.0,,2400.0,1800.0,2200.0,2200.0,2400.0,2400.0,,2200.0,2099.0,1950.0,2099.0,2100.0,2400.0,2500.0,2400.0,2200.0,2100.0,2100.0,2100.0,2700.0,2700.0,2300.0,2300.0,2400.0,2600.0,2600.0,,,,2300.0,2200.0,2200.0,,,2300.0,2350.0,2350.0,2250.0,2250.0,2250.0,2250.0,2200.0,2200.0,2200.0,,2200.0,2250.0,2700.0,2700.0,2900.0,2700.0,2299.0,2299.0,2600.0,2600.0,2400.0,2250.0,2600.0,2600.0,3000.0,2300.0,2650.0,2400.0,,3000.0,2800.0,3084.0,2700.0,3500.0,,,3100.0,3084.0,,,,,,,,2850.0,,,,3000.0,,,3000.0,3606.0,3606.0,3100.0,,,,3300.0,3197.0,,3995.0,3995.0,3995.0,2270.0,3200.0,,,,,,3000.0,2500.0
Central Harlem,Manhattan,neighborhood,3200.0,3300.0,3000.0,3300.0,3500.0,3400.0,3300.0,3250.0,3200.0,2990.0,2800.0,2990.0,2995.0,3000.0,3500.0,3850.0,3950.0,3900.0,3650.0,3500.0,3450.0,3450.0,3350.0,3500.0,3325.0,3200.0,3315.0,3500.0,3200.0,3000.0,3200.0,3200.0,3600.0,3650.0,3500.0,3400.0,3200.0,3200.0,3461.0,3461.0,3500.0,3495.0,3600.0,3750.0,3800.0,3795.0,3750.0,3500.0,3450.0,3000.0,3100.0,3100.0,3300.0,3200.0,3200.0,3200.0,3400.0,3500.0,3300.0,3300.0,3195.0,3450.0,3650.0,3666.0,3850.0,3666.0,3400.0,3400.0,3490.0,3400.0,3300.0,3300.0,3300.0,3495.0,3650.0,3600.0,3800.0,3780.0,3500.0,3600.0,3600.0,3600.0,3575.0,3500.0,3500.0,3750.0,3700.0,3595.0,3662.0,3600.0,3650.0,3600.0,3650.0,3495.0,3485.0,3758.0,3667.0,3500.0,3485.0,3500.0,3618.0,3708.0,3700.0,3750.0,3795.0,3438.0,3230.0,3149.0,3150.0,3369.0,3400.0,3400.0,3800.0,3850.0,3750.0,3800.0,3800.0,3799.0,3800.0,3821.0,3400.0,3400.0,3500.0,4400.0,3915.0,3750.0,3600.0,3300.0,3100.0,2999.0,2900.0,2953.0,2850.0,2892.0,2750.0,2749.0,2995.0,3200.0,3250.0,3195.0,3149.0,3300.0,3200.0,2999.0,3000.0,3200.0,3200.0,3450.0,3750.0,4350.0,4100.0,3995.0,3850.0,3999.0,3900.0,3850.0,3990.0,4150.0,3789.0,3850.0,4250.0,4500.0,4300.0,4000.0,4363.0,4000.0,3995.0,4000.0,4100.0,4200.0,4300.0,4500.0,4250.0,4350.0,4395.0,4750.0,4500.0,4295.0,4150.0,4400.0,4249.0,4100.0,4111.0,4095.0,4291.0,4650.0,4800.0,4500.0,4300.0,4375.0,4500.0,4600.0,4200.0,3949.0,4195.0,4995.0,4800.0,4654.0,4595.0,4650.0
Central Park South,Manhattan,neighborhood,25500.0,25500.0,15500.0,15000.0,15000.0,14000.0,14000.0,14000.0,13000.0,16500.0,13000.0,12000.0,12000.0,12000.0,11500.0,12000.0,19500.0,30000.0,18500.0,18500.0,15000.0,15000.0,16500.0,16500.0,15500.0,24000.0,24000.0,25000.0,24000.0,25000.0,31500.0,25000.0,16500.0,19000.0,18500.0,18500.0,17000.0,15000.0,17000.0,17000.0,16500.0,15000.0,16500.0,16000.0,16000.0,16000.0,21275.0,21850.0,21850.0,15500.0,15500.0,18000.0,18000.0,17000.0,15950.0,15950.0,15500.0,16500.0,14000.0,16500.0,18500.0,18700.0,18700.0,18700.0,17000.0,18700.0,20000.0,18700.0,18700.0,18000.0,18000.0,20000.0,17000.0,15000.0,15000.0,14900.0,14000.0,15000.0,14000.0,12995.0,12000.0,16000.0,16000.0,18000.0,18000.0,17000.0,18000.0,17775.0,16500.0,18000.0,18000.0,25000.0,25000.0,18000.0,18000.0,16900.0,28000.0,28000.0,18000.0,18995.0,18000.0,16950.0,11500.0,10000.0,11000.0,15000.0,25000.0,25000.0,35000.0,23000.0,23000.0,29900.0,29900.0,23000.0,23000.0,23000.0,23000.0,23000.0,23000.0,15995.0,23000.0,21000.0,21000.0,23000.0,15995.0,23000.0,15000.0,20308.0,17500.0,17500.0,17500.0,15000.0,17000.0,15000.0,16950.0,15000.0,15000.0,13950.0,13000.0,13950.0,18000.0,16000.0,22000.0,19500.0,19500.0,30000.0,30000.0,19500.0,30000.0,25000.0,30000.0,28000.0,20000.0,20000.0,19500.0,20000.0,20000.0,20000.0,25000.0,24000.0,20000.0,21000.0,25000.0,25000.0,20000.0,22500.0,20000.0,17000.0,16000.0,16000.0,16000.0,12500.0,17000.0,17000.0,20000.0,17000.0,24950.0,20000.0,20000.0,20000.0,25000.0,25000.0,20000.0,15000.0,15000.0,15000.0,13000.0,25500.0,23000.0,23000.0,25500.0,27000.0,30000.0,30000.0,25000.0,26000.0,25000.0,30000.0,25000.0,25000.0
Chelsea,Manhattan,neighborhood,8500.0,10500.0,10000.0,10000.0,6300.0,6500.0,6300.0,7500.0,6500.0,8500.0,9750.0,8500.0,10000.0,9995.0,12000.0,12000.0,7495.0,12000.0,8495.0,7500.0,9950.0,9500.0,10000.0,9000.0,10000.0,9000.0,13000.0,13500.0,10000.0,7900.0,8995.0,9500.0,9995.0,8500.0,9500.0,8500.0,6750.0,7950.0,8500.0,8500.0,7500.0,7995.0,7995.0,7995.0,9850.0,11000.0,7800.0,8500.0,8950.0,12500.0,12500.0,10800.0,9500.0,9995.0,7995.0,8500.0,9950.0,8500.0,6280.0,7200.0,7500.0,9450.0,7000.0,6995.0,7850.0,7895.0,7000.0,8450.0,10000.0,10995.0,8295.0,8200.0,7950.0,9066.0,10000.0,10000.0,9290.0,7995.0,6895.0,7000.0,7841.0,8900.0,8900.0,8995.0,7000.0,6500.0,5895.0,6499.0,6900.0,6695.0,6495.0,6500.0,7000.0,6909.0,6200.0,6095.0,8495.0,9286.0,11500.0,6950.0,6995.0,6799.0,7000.0,6995.0,6950.0,7000.0,10750.0,9900.0,10000.0,9995.0,10250.0,7110.0,7200.0,7250.0,8500.0,7900.0,9495.0,10400.0,9300.0,11000.0,10500.0,13500.0,14000.0,9230.0,6845.0,6500.0,6250.0,5900.0,6600.0,6600.0,6200.0,7495.0,7495.0,8950.0,9400.0,7995.0,6600.0,6800.0,8500.0,8900.0,10000.0,9850.0,7250.0,8800.0,8000.0,7500.0,8250.0,7950.0,7695.0,9000.0,10000.0,10000.0,12500.0,14250.0,11950.0,11600.0,12750.0,14950.0,12000.0,11500.0,10995.0,11495.0,8500.0,9750.0,11750.0,11900.0,10500.0,10950.0,11500.0,9990.0,9500.0,9200.0,9995.0,9950.0,8300.0,8200.0,9499.0,9500.0,10000.0,12500.0,16000.0,15950.0,9995.0,8995.0,10995.0,9995.0,9250.0,10495.0,14000.0,12950.0,12000.0,10000.0,10998.0,8750.0,9000.0,9500.0,10250.0,11000.0,10995.0,10695.0
Chinatown,Manhattan,neighborhood,3800.0,3800.0,2500.0,3800.0,5000.0,4500.0,4500.0,4500.0,4500.0,4500.0,4750.0,4750.0,4500.0,4200.0,4100.0,4100.0,4200.0,4100.0,2350.0,4500.0,2300.0,3800.0,3800.0,4400.0,4400.0,4500.0,4995.0,20000.0,5595.0,5595.0,4995.0,4700.0,4895.0,4895.0,4999.0,4999.0,7650.0,5200.0,5200.0,4150.0,4150.0,15000.0,5000.0,13500.0,13000.0,13000.0,7500.0,3000.0,3000.0,5500.0,4559.0,3900.0,4995.0,5500.0,5250.0,5000.0,4500.0,4300.0,4200.0,4500.0,4500.0,4500.0,4500.0,5500.0,5250.0,6500.0,5500.0,5250.0,4200.0,5100.0,6500.0,4999.0,4999.0,5300.0,5000.0,4975.0,4600.0,4000.0,4600.0,5100.0,5100.0,5000.0,5000.0,4200.0,4495.0,5200.0,5200.0,4400.0,4000.0,4650.0,5599.0,4800.0,7250.0,6395.0,4500.0,5600.0,4300.0,5995.0,5500.0,4200.0,6500.0,5500.0,5495.0,4500.0,4200.0,5000.0,4500.0,4000.0,4000.0,4500.0,4500.0,6000.0,5600.0,5250.0,4500.0,4750.0,5250.0,5899.0,4950.0,5600.0,5600.0,6500.0,5300.0,6500.0,5490.0,4200.0,4250.0,4000.0,3609.0,3495.0,3475.0,3500.0,2995.0,3300.0,3300.0,3300.0,3500.0,4200.0,4200.0,5300.0,5300.0,4495.0,4900.0,4500.0,5000.0,5000.0,5295.0,4000.0,4995.0,4995.0,6500.0,5500.0,6500.0,6000.0,6100.0,6000.0,6600.0,5500.0,5500.0,5500.0,5500.0,5800.0,5800.0,5700.0,6500.0,5495.0,6000.0,5495.0,4230.0,1000.0,4500.0,4500.0,4800.0,5250.0,5250.0,5000.0,5600.0,6000.0,5995.0,5995.0,5995.0,5995.0,7500.0,6400.0,6000.0,6000.0,8500.0,6500.0,25000.0,5999.0,5500.0,4950.0,4250.0,6200.0,6695.0,6495.0,6495.0,7500.0,7000.0,6995.0
City Island,Bronx,neighborhood,,,,,,,,,,,,,,,,,,,,,,,,,,,,,,,,,,,,,,,,,,,,,,,,,,,,,,,,2650.0,2650.0,3600.0,3600.0,,,,,,,,,,,,,,2200.0,2200.0,2200.0,,,,,,,,,,,,,,,3800.0,3800.0,3800.0,,,,,,,,,,,,,,,,,,,,,2700.0,2500.0,2500.0,,,,,,,,,,,,,,4500.0,4500.0,,,,,,,,,,,3100.0,3000.0,3000.0,3000.0,,3000.0,3000.0,2950.0,,,,,,,,,,,,3850.0,4000.0,3175.0,3175.0,3175.0,,3100.0,3100.0,4750.0,4750.0,4720.0,4720.0,,,,,3600.0,3600.0,3600.0,,,,,,,4050.0,4050.0,,,,,3600.0,3600.0,3600.0,3600.0,3600.0,3600.0,3600.0,3600.0,3600.0,
Civic Center,Manhattan,neighborhood,,,,,,,,,,,,,,,,,,,,,,,,,,,,,,,,,,,,,,,,,,,4615.0,4300.0,3975.0,3975.0,3850.0,,,,,,,,,,,,,,,,,,,,,,,,,,,,,,,,,,,,,,,,,,,6100.0,6100.0,6100.0,,,,,,,,,,,,,,,,,,,,5525.0,5525.0,,,,,,,,,,,,,,,,,,,,,,,,,,,,,,,,,,,,,,,,7000.0,7000.0,,,7500.0,,6895.0,,,,,,,,,,,,,,,,,,,,,,,6500.0,6500.0,,,,,,,,,,,,,,,,,
Clearview,Queens,neighborhood,2100.0,2000.0,2000.0,2000.0,,,,,,,,,,,,,1899.0,1899.0,1899.0,1899.0,,,2150.0,,,,,,,,,,,,,,,,,,,,,,,,,,,,,1800.0,1800.0,1800.0,1800.0,1800.0,,,2300.0,2300.0,,,2400.0,,2100.0,2100.0,2100.0,2100.0,,,,,2700.0,2500.0,2500.0,,,3500.0,2300.0,2300.0,2400.0,2300.0,2300.0,2400.0,2200.0,2100.0,2100.0,2450.0,2300.0,2600.0,2475.0,,3900.0,2500.0,2500.0,,2500.0,2700.0,2400.0,,,,,,,,3100.0,3100.0,2149.0,2149.0,2700.0,2950.0,2950.0,2950.0,2995.0,3300.0,3300.0,2599.0,1850.0,2650.0,2650.0,2600.0,2650.0,2650.0,2650.0,2650.0,2500.0,2500.0,2500.0,2500.0,2350.0,2300.0,3200.0,2175.0,,,,,,,,,,,1995.0,,,,2800.0,,,3300.0,2850.0,2800.0,,,2600.0,,2600.0,2595.0,3550.0,2550.0,2550.0,2800.0,2800.0,,,3000.0,,3900.0,3900.0,2500.0,,,3000.0,3000.0,3300.0,3300.0,3300.0,3000.0,3000.0,4000.0,3300.0,3400.0,3200.0,3600.0,,,,3500.0,3900.0,,,,,,,,,
Clinton Hill,Brooklyn,neighborhood,2595.0,4100.0,4300.0,4300.0,2695.0,5000.0,3995.0,3650.0,3065.0,3065.0,2900.0,2875.0,2750.0,2750.0,2750.0,3426.0,3800.0,3600.0,3200.0,4000.0,3900.0,4000.0,3950.0,3300.0,4000.0,3600.0,3500.0,3500.0,4000.0,3200.0,3449.0,3800.0,4100.0,4000.0,4100.0,4100.0,3000.0,3600.0,3600.0,3600.0,3495.0,3500.0,3495.0,3675.0,3675.0,3900.0,3800.0,3800.0,3900.0,3995.0,3995.0,3999.0,3900.0,4000.0,4150.0,4100.0,3995.0,3800.0,3800.0,3750.0,3600.0,3575.0,3500.0,3937.0,4200.0,4200.0,4125.0,4000.0,4431.0,4310.0,4310.0,4300.0,4350.0,4445.0,3700.0,4200.0,4500.0,4300.0,4200.0,3995.0,3850.0,3700.0,3699.0,3700.0,3795.0,3875.0,3850.0,3850.0,4000.0,4200.0,4500.0,4200.0,4195.0,3810.0,3810.0,4000.0,4100.0,3984.0,4500.0,4093.0,4200.0,4000.0,4600.0,4600.0,4400.0,3800.0,4600.0,4600.0,4250.0,4100.0,3999.0,4098.0,4650.0,4500.0,4550.0,4550.0,4895.0,4444.0,4200.0,4700.0,5300.0,5499.0,4495.0,4600.0,4583.0,4279.0,4000.0,4047.0,3938.0,3800.0,3625.0,3800.0,3700.0,3850.0,3400.0,3500.0,3666.0,3600.0,4300.0,4200.0,4250.0,3999.0,4350.0,4500.0,5350.0,5700.0,4350.0,5750.0,5995.0,5500.0,5200.0,5100.0,5000.0,5500.0,5000.0,4700.0,4650.0,5000.0,4850.0,5995.0,6000.0,5500.0,5800.0,5500.0,5995.0,5500.0,5000.0,5150.0,5543.0,5695.0,5400.0,5250.0,5250.0,5500.0,5200.0,5400.0,5950.0,5695.0,5599.0,5400.0,4800.0,4500.0,5000.0,6520.0,5650.0,5900.0,5500.0,5300.0,5500.0,5500.0,6195.0,6500.0,5995.0,6350.0,5500.0,6200.0,6300.0,6200.0,6000.0,6500.0
Co-op City,Bronx,neighborhood,,,,,,,,,,,,,,,,,,,,,,,,,,,,,,,,,,,,,,,,,,,,,,,2200.0,2200.0,2200.0,2200.0,,,,,,,,,,,,,,1900.0,1900.0,,,,,,,,,,,,,,,,,,,,,,,,,,,,,,,,4000.0,4000.0,,,,,,,,,,,,,,,,,,,,,,,,,,,,,,,,,,,,,,,,,,,,2995.0,2750.0,2750.0,,,,,,,,,,,,2900.0,2600.0,,,,,,,,,,,,,,,,,,,,,,,,,,,3300.0,3200.0,,,,,,,,,,,,,,,
Cobble Hill,Brooklyn,neighborhood,3100.0,3800.0,3800.0,7800.0,7800.0,6000.0,6000.0,7000.0,6000.0,7500.0,3875.0,3950.0,3950.0,2900.0,3950.0,4400.0,4600.0,4300.0,3300.0,4900.0,4900.0,4500.0,4300.0,4500.0,3800.0,3800.0,9500.0,7000.0,5000.0,4500.0,3600.0,5100.0,5200.0,3600.0,3600.0,5900.0,5100.0,9000.0,9000.0,7400.0,9000.0,7500.0,7000.0,5300.0,4390.0,3900.0,6995.0,6995.0,6000.0,6395.0,6395.0,12000.0,12000.0,9500.0,8000.0,6900.0,6250.0,6500.0,6500.0,6500.0,8950.0,9975.0,7995.0,8000.0,9300.0,7000.0,6500.0,5650.0,5500.0,4800.0,4800.0,5000.0,4200.0,5600.0,6850.0,4900.0,4250.0,4500.0,4500.0,5000.0,4500.0,4950.0,5000.0,5000.0,5850.0,5000.0,6000.0,6000.0,6000.0,5500.0,6200.0,5000.0,4500.0,4250.0,4000.0,4800.0,6500.0,6750.0,5657.0,4600.0,5500.0,6100.0,4500.0,5800.0,6400.0,5500.0,5667.0,5667.0,5000.0,6500.0,6300.0,6500.0,5600.0,6300.0,5300.0,6201.0,6000.0,6000.0,5667.0,5200.0,5017.0,6000.0,5500.0,5595.0,5450.0,5040.0,4500.0,5000.0,4300.0,4200.0,4200.0,3900.0,4300.0,3900.0,3850.0,3200.0,4800.0,3499.0,3600.0,3450.0,6500.0,6950.0,7250.0,6500.0,4200.0,6500.0,8000.0,9000.0,8500.0,9500.0,9500.0,8250.0,8495.0,8000.0,6600.0,6250.0,6500.0,6995.0,6850.0,7000.0,7200.0,8000.0,7100.0,6750.0,7500.0,7500.0,10875.0,8500.0,7500.0,7900.0,7360.0,6950.0,8500.0,8900.0,12750.0,8400.0,8400.0,7750.0,8500.0,5500.0,4995.0,7600.0,9450.0,7000.0,8995.0,8100.0,8000.0,8000.0,7695.0,7695.0,8500.0,7000.0,6500.0,9280.0,10300.0,10000.0,13800.0,9000.0,16000.0,9000.0
College Point,Queens,neighborhood,,,,,,,,,,,,,,,,,,1650.0,1650.0,1650.0,1650.0,1650.0,1650.0,,,,,,1700.0,1700.0,1700.0,1600.0,1700.0,1700.0,1700.0,1700.0,1700.0,1700.0,1800.0,1800.0,,,,,,,,,,,,,,,,,,,,2000.0,2000.0,,,2400.0,1800.0,1950.0,2100.0,2100.0,,2500.0,2100.0,2000.0,2000.0,2200.0,1900.0,1900.0,2200.0,2850.0,2850.0,2600.0,2345.0,2345.0,2345.0,2400.0,2400.0,2500.0,2100.0,2300.0,2550.0,2350.0,2350.0,2200.0,2395.0,2300.0,2400.0,2400.0,2400.0,2400.0,2480.0,2300.0,2250.0,2100.0,,3500.0,2500.0,2500.0,2350.0,2200.0,2200.0,,2400.0,2400.0,2100.0,2350.0,2700.0,2350.0,2650.0,2295.0,2100.0,2300.0,2500.0,2200.0,,,2400.0,2600.0,2600.0,2500.0,2200.0,3500.0,,,2200.0,2300.0,2175.0,2000.0,2500.0,2500.0,2400.0,2400.0,2400.0,2650.0,2400.0,,2400.0,2400.0,2200.0,2150.0,,2400.0,2550.0,2500.0,2500.0,2700.0,2700.0,2550.0,2600.0,2800.0,3500.0,2800.0,2800.0,3500.0,2995.0,2995.0,2200.0,2200.0,2950.0,2800.0,2995.0,3050.0,4500.0,2950.0,2950.0,3800.0,2980.0,4200.0,4200.0,3600.0,3500.0,3250.0,2950.0,2950.0,3500.0,3100.0,3000.0,3200.0,3500.0,3000.0,3000.0,3450.0,3995.0,3895.0,3800.0,3695.0,2600.0,3000.0,3000.0,3000.0,3000.0,2800.0
Columbia St Waterfront District,Brooklyn,neighborhood,2000.0,1550.0,,2800.0,2800.0,2700.0,2500.0,3300.0,3300.0,3300.0,,,3800.0,,,3200.0,2950.0,,4800.0,4800.0,,4900.0,2900.0,2900.0,3150.0,3150.0,,2900.0,5000.0,4500.0,4500.0,5500.0,5000.0,5000.0,5000.0,5000.0,5400.0,6500.0,5850.0,3500.0,3500.0,3500.0,4800.0,4100.0,4100.0,4100.0,4800.0,5000.0,5000.0,4200.0,4200.0,5995.0,5995.0,5995.0,5500.0,5100.0,5100.0,3400.0,3500.0,3500.0,3500.0,3750.0,4000.0,3500.0,3550.0,4000.0,4500.0,4000.0,4000.0,4000.0,3300.0,4000.0,5100.0,4250.0,3950.0,4000.0,7990.0,7990.0,6500.0,6500.0,6200.0,5600.0,5600.0,4250.0,4700.0,4500.0,4950.0,4490.0,4490.0,5850.0,5900.0,4600.0,6500.0,7000.0,4800.0,3500.0,3500.0,3500.0,4500.0,5750.0,5500.0,5250.0,7300.0,7500.0,5750.0,3975.0,3500.0,6000.0,6500.0,5995.0,6000.0,7900.0,7500.0,6500.0,7100.0,5900.0,3600.0,3600.0,,3600.0,3600.0,3600.0,8000.0,8000.0,4400.0,4400.0,5075.0,5500.0,4800.0,5500.0,5500.0,5700.0,3250.0,9950.0,3950.0,11500.0,3300.0,3000.0,5750.0,5000.0,5000.0,4500.0,6000.0,7000.0,6000.0,5900.0,20000.0,5225.0,7500.0,7315.0,4200.0,5495.0,10000.0,11000.0,11000.0,7000.0,5825.0,5825.0,10000.0,10000.0,10000.0,10000.0,8000.0,10000.0,5545.0,8500.0,8000.0,7500.0,7500.0,7100.0,,7000.0,8500.0,7000.0,7500.0,5000.0,5500.0,6500.0,6000.0,6000.0,5200.0,10000.0,5500.0,9000.0,12000.0,11995.0,10950.0,9950.0,9950.0,9950.0,12950.0,15000.0,15000.0,13500.0,8500.0,11995.0,9950.0,12000.0,12000.0,13000.0
Concourse,Bronx,neighborhood,1999.0,1999.0,2200.0,2200.0,,1999.0,1999.0,1999.0,1999.0,1755.0,1755.0,1700.0,1700.0,1700.0,1675.0,1625.0,1625.0,1625.0,,,1500.0,1450.0,1300.0,1400.0,1400.0,1900.0,1900.0,1900.0,1900.0,2200.0,2250.0,2450.0,1900.0,1900.0,1900.0,1900.0,1850.0,1850.0,1850.0,1900.0,1900.0,1900.0,1900.0,1900.0,1900.0,1900.0,2195.0,2195.0,1990.0,1600.0,2195.0,1795.0,1600.0,1800.0,1800.0,1800.0,1800.0,1800.0,1800.0,1800.0,,1800.0,1850.0,1850.0,2695.0,1850.0,1950.0,1950.0,2250.0,2050.0,1999.0,2050.0,2500.0,2500.0,1800.0,2100.0,2100.0,2095.0,2000.0,1885.0,1900.0,1850.0,2000.0,2695.0,2695.0,2795.0,2750.0,2200.0,2500.0,2500.0,2349.0,2195.0,2299.0,2495.0,2400.0,2200.0,2495.0,2495.0,2488.0,2488.0,2600.0,2500.0,2498.0,2500.0,2500.0,2200.0,2200.0,2300.0,2200.0,2200.0,2275.0,2475.0,2300.0,2300.0,2400.0,2795.0,2635.0,2635.0,2500.0,2500.0,2400.0,2500.0,2500.0,2500.0,2600.0,2600.0,2600.0,2695.0,2695.0,2600.0,2450.0,2500.0,2450.0,2400.0,2400.0,2500.0,2500.0,2500.0,2550.0,2550.0,2650.0,2700.0,2595.0,2500.0,2700.0,2700.0,2700.0,2650.0,2550.0,2399.0,2550.0,2500.0,2695.0,2625.0,2600.0,2695.0,2650.0,2600.0,3000.0,3100.0,3100.0,3000.0,3200.0,3000.0,2900.0,2900.0,2499.0,2575.0,2900.0,2700.0,2650.0,2655.0,3950.0,2800.0,3695.0,3295.0,3295.0,3300.0,3300.0,3699.0,2800.0,2725.0,3300.0,3300.0,3300.0,2800.0,3600.0,3800.0,3500.0,3595.0,3750.0,3900.0,3900.0,3900.0,3900.0,3700.0,4000.0,4000.0,3900.0,4800.0
Coney Island,Brooklyn,neighborhood,2000.0,2000.0,2000.0,,,,,,,,,,,,,,,,,,,,,,2275.0,2275.0,,,,,,,,2400.0,2400.0,2400.0,2325.0,2325.0,1980.0,1980.0,1263.0,1263.0,1263.0,1416.0,1558.0,1416.0,1263.0,1558.0,1263.0,,1956.0,1956.0,1278.0,1278.0,1278.0,2350.0,1278.0,1278.0,2150.0,2350.0,2000.0,1900.0,2200.0,2613.0,1292.0,2613.0,2399.0,2198.0,2198.0,2400.0,2725.0,2725.0,2600.0,2600.0,2600.0,1500.0,1500.0,2900.0,2900.0,2550.0,2550.0,2500.0,2350.0,2350.0,2299.0,2295.0,2350.0,2749.0,3000.0,3199.0,,,2799.0,2799.0,2195.0,2195.0,2195.0,2200.0,2200.0,2200.0,2800.0,2200.0,2500.0,2200.0,,2300.0,2300.0,3199.0,3150.0,2900.0,2850.0,,2750.0,2900.0,2499.0,1900.0,2800.0,1900.0,2785.0,3100.0,2785.0,2150.0,2900.0,2900.0,2900.0,2800.0,2800.0,2950.0,3000.0,4140.0,3200.0,3000.0,3000.0,3400.0,3675.0,3675.0,3099.0,3150.0,3400.0,3350.0,3938.0,3938.0,3938.0,3971.0,3971.0,2700.0,3971.0,4421.0,4421.0,2400.0,4000.0,3900.0,3800.0,4950.0,3900.0,3200.0,3199.0,,2295.0,2195.0,2750.0,3995.0,2750.0,3500.0,3500.0,3500.0,3800.0,3300.0,3300.0,3300.0,3995.0,3849.0,3849.0,3849.0,3849.0,4442.0,4350.0,4150.0,4631.0,5200.0,5250.0,5450.0,5449.0,5249.0,5299.0,3499.0,3499.0,3750.0,4000.0,4000.0,4995.0,5050.0,5050.0,5125.0,4500.0,5150.0,5350.0,5275.0,5300.0,5325.0
Corona,Queens,neighborhood,1750.0,1750.0,1750.0,1750.0,1750.0,1750.0,1750.0,1750.0,1750.0,1750.0,1750.0,1750.0,1750.0,1750.0,1698.0,1698.0,1698.0,1698.0,1698.0,1700.0,1698.0,1698.0,1698.0,1900.0,,,,,2000.0,,1950.0,1950.0,1950.0,1950.0,1950.0,1950.0,1950.0,,1950.0,1950.0,,,,,,,2200.0,2200.0,2200.0,,,2075.0,2117.0,2000.0,2295.0,2295.0,2200.0,2350.0,2350.0,2250.0,2250.0,2350.0,,2395.0,2395.0,2400.0,2400.0,2450.0,2425.0,2595.0,2495.0,2450.0,2350.0,2400.0,2400.0,2400.0,2400.0,2700.0,2565.0,2685.0,2730.0,2690.0,2400.0,2400.0,2475.0,2595.0,2690.0,2740.0,2800.0,2725.0,2800.0,2700.0,2700.0,2700.0,2500.0,2750.0,2930.0,2700.0,2565.0,2565.0,2835.0,2745.0,2645.0,2795.0,3000.0,3000.0,2945.0,2710.0,2790.0,2790.0,2720.0,2710.0,2450.0,2400.0,3223.0,3217.0,3126.0,2900.0,2846.0,3108.0,2942.0,2771.0,2891.0,2806.0,2690.0,2595.0,2901.0,2810.0,2818.0,2922.0,2896.0,2797.0,2000.0,2300.0,2601.0,2625.0,2762.0,2900.0,2992.0,2920.0,2883.0,,3072.0,2726.0,3052.0,2830.0,2800.0,2921.0,3143.0,2800.0,3441.0,3410.0,3346.0,3399.0,3399.0,3000.0,3344.0,3200.0,3200.0,2950.0,3200.0,2600.0,3300.0,3350.0,3421.0,2695.0,3100.0,3300.0,3500.0,3710.0,3995.0,3995.0,3779.0,3400.0,3829.0,3550.0,3800.0,3800.0,3500.0,3500.0,3200.0,,3650.0,3795.0,3795.0,3990.0,4100.0,4100.0,3850.0,2800.0,3900.0,3510.0,3510.0,3775.0,3775.0,3875.0,3775.0,3750.0,4244.0,3725.0
Country Club,Bronx,neighborhood,,,,,,,,,,,,,,,,,,,,,,,,,,,,,,,,,,,,,,,,,,,,,,,2495.0,2495.0,2495.0,2495.0,2495.0,,,,,,,,,,,,,,,,,,,1800.0,2000.0,,,2195.0,2100.0,,,2500.0,2500.0,,,,,,,,,,,,,,,2650.0,2650.0,,,,,,,,,,2300.0,2300.0,,,2600.0,2600.0,2500.0,2500.0,,3200.0,,,,,,,2400.0,2400.0,,,,,,,,,,2500.0,,,,,,,,2600.0,2600.0,3000.0,3000.0,3000.0,3000.0,3000.0,2500.0,2600.0,,3595.0,3500.0,2750.0,3000.0,,2975.0,2800.0,2800.0,2800.0,2900.0,2900.0,,2700.0,4000.0,,,,,2950.0,,3100.0,2900.0,2900.0,,,,,3606.0,3606.0,,2950.0,2895.0,2795.0,2795.0,2795.0,2795.0,3000.0,,25000.0,25000.0,25000.0,3000.0,25000.0,,,3450.0,3450.0,3299.0,3499.0,,
Crotona Park East,Bronx,neighborhood,1500.0,1500.0,,,1700.0,1700.0,,,,,,,,,,,,,1500.0,1500.0,,,,,,,,,,,,,,,,,,1600.0,1600.0,1600.0,,,,,1700.0,1700.0,1700.0,1700.0,1700.0,1650.0,1650.0,,,1650.0,1650.0,,,,,1800.0,,,,,3000.0,3200.0,,,,,,1850.0,1850.0,1550.0,1750.0,,,,1900.0,,,2400.0,2400.0,,,,1950.0,1950.0,1950.0,1950.0,,,,,,,,2800.0,2800.0,,,2300.0,2300.0,2400.0,2300.0,2300.0,2250.0,2125.0,2150.0,2050.0,2300.0,2349.0,2349.0,2349.0,2895.0,2795.0,2400.0,2300.0,2395.0,2400.0,2400.0,2195.0,2600.0,2525.0,2525.0,2525.0,2400.0,2175.0,2175.0,2300.0,2450.0,2350.0,,2450.0,2395.0,2100.0,2399.0,2650.0,2750.0,2750.0,2749.0,2850.0,2800.0,2799.0,,2500.0,2750.0,2300.0,3000.0,2975.0,2900.0,2850.0,2850.0,2700.0,2700.0,2580.0,2500.0,2500.0,3400.0,,3700.0,2700.0,2700.0,2700.0,3084.0,2700.0,2700.0,2700.0,,3000.0,3777.0,3599.0,3599.0,2750.0,2900.0,,3450.0,3450.0,3250.0,2400.0,3600.0,2950.0,3600.0,4000.0,3400.0,3400.0,2950.0,,2625.0,2350.0,2350.0,2275.0,2275.0,3454.0,3577.0,3599.0,3490.0,,3900.0,3600.0
Crown Heights,Brooklyn,neighborhood,2300.0,2300.0,2500.0,2500.0,2500.0,2500.0,2250.0,2100.0,2100.0,1800.0,2350.0,2100.0,2300.0,2500.0,2500.0,2500.0,2300.0,2300.0,2300.0,2500.0,2490.0,2600.0,2490.0,2300.0,2500.0,2775.0,2600.0,2600.0,2600.0,2600.0,2700.0,2700.0,3100.0,3000.0,2695.0,2500.0,2450.0,2600.0,2500.0,2599.0,2700.0,2800.0,2899.0,2950.0,3299.0,3032.0,3000.0,2895.0,2800.0,2850.0,2850.0,3000.0,3100.0,3000.0,2950.0,2950.0,2895.0,2850.0,2895.0,2850.0,2800.0,2850.0,2700.0,2900.0,2999.0,2800.0,2900.0,2995.0,2995.0,2995.0,2875.0,2995.0,2950.0,2950.0,2950.0,2975.0,2995.0,2995.0,2999.0,2900.0,2895.0,2800.0,2800.0,2800.0,2800.0,2900.0,2800.0,2850.0,2900.0,2875.0,2975.0,2995.0,2995.0,2850.0,2850.0,2850.0,2840.0,2799.0,2900.0,2975.0,2950.0,3000.0,3150.0,3150.0,3250.0,2900.0,2950.0,2800.0,2750.0,2750.0,2799.0,2842.0,2995.0,3000.0,3000.0,3195.0,3000.0,3000.0,2999.0,2999.0,3000.0,3099.0,3000.0,3000.0,3000.0,3000.0,3000.0,2999.0,2800.0,2650.0,2600.0,2600.0,2700.0,2625.0,2650.0,2850.0,2900.0,2900.0,2999.0,3000.0,3000.0,3000.0,3000.0,3099.0,3000.0,3250.0,3140.0,3300.0,3400.0,3999.0,3999.0,3995.0,3600.0,3500.0,3400.0,3499.0,3500.0,3398.0,3400.0,3500.0,3500.0,3700.0,3950.0,4100.0,4000.0,3499.0,3400.0,3400.0,3500.0,3500.0,3599.0,3700.0,4000.0,4000.0,4000.0,4000.0,4000.0,3995.0,3995.0,3950.0,3795.0,3775.0,3777.0,3995.0,4100.0,4200.0,4199.0,4300.0,4070.0,4300.0,3990.0,3800.0,3600.0,3895.0,3895.0,4192.0,4200.0,4100.0,4495.0,4500.0
DUMBO,Brooklyn,neighborhood,6500.0,4400.0,6200.0,4500.0,6200.0,20000.0,20000.0,9500.0,4800.0,6250.0,6250.0,6250.0,6250.0,11000.0,11000.0,7500.0,7300.0,8500.0,6750.0,6750.0,9500.0,9500.0,12000.0,9500.0,5500.0,6300.0,6500.0,3600.0,6400.0,6200.0,6200.0,4250.0,4300.0,6500.0,6900.0,4300.0,6900.0,6000.0,6000.0,7100.0,7000.0,6000.0,5700.0,5700.0,6500.0,6800.0,7500.0,7500.0,6800.0,6800.0,6800.0,9000.0,9000.0,8600.0,8900.0,8900.0,9000.0,8600.0,8750.0,8750.0,11250.0,13000.0,11250.0,11500.0,3500.0,9750.0,9750.0,9750.0,9995.0,8895.0,8895.0,7650.0,7500.0,7800.0,7200.0,7200.0,7000.0,6950.0,9800.0,11000.0,16000.0,14000.0,15000.0,15000.0,13500.0,10500.0,9500.0,12500.0,12995.0,12500.0,9000.0,11100.0,12995.0,11469.0,11469.0,11469.0,9500.0,6595.0,7200.0,11916.0,11999.0,7000.0,7600.0,9500.0,9500.0,9500.0,9500.0,9500.0,9000.0,12500.0,7196.0,7962.0,8838.0,8800.0,10000.0,7000.0,7380.0,7000.0,7380.0,7380.0,7380.0,7380.0,10500.0,7380.0,7200.0,7695.0,7999.0,6919.0,7749.0,9000.0,9000.0,9000.0,8320.0,9315.0,7795.0,8320.0,8510.0,8795.0,7295.0,8500.0,6500.0,5000.0,6000.0,,7155.0,7595.0,8200.0,9363.0,12950.0,13000.0,12500.0,9995.0,10000.0,9500.0,7000.0,9500.0,9039.0,9950.0,10300.0,10600.0,12000.0,10150.0,9500.0,8495.0,8900.0,11000.0,11500.0,9364.0,12000.0,12750.0,11995.0,11995.0,11500.0,10000.0,10000.0,8500.0,10199.0,8800.0,7995.0,7895.0,7595.0,7595.0,7495.0,11995.0,12000.0,12500.0,11950.0,8200.0,15500.0,11995.0,11995.0,25000.0,17500.0,9750.0,9695.0,9600.0,11000.0,11000.0,9950.0,9849.0
Ditmas Park,Brooklyn,neighborhood,3500.0,4400.0,3900.0,4400.0,2600.0,2600.0,6000.0,6000.0,6000.0,5500.0,5500.0,5500.0,6000.0,4800.0,4800.0,6000.0,3950.0,2900.0,2900.0,4200.0,5000.0,5000.0,6000.0,6000.0,3200.0,3200.0,2900.0,2900.0,2300.0,2300.0,2850.0,2850.0,2400.0,2300.0,2200.0,2200.0,2200.0,1700.0,1600.0,2600.0,2300.0,2600.0,2600.0,3195.0,3000.0,2395.0,3100.0,2800.0,2400.0,2300.0,2400.0,2350.0,2400.0,2450.0,2575.0,2800.0,3000.0,2800.0,2400.0,2400.0,2400.0,2400.0,2400.0,2450.0,2400.0,2400.0,2450.0,2700.0,2550.0,2550.0,2550.0,2799.0,2985.0,2500.0,2500.0,2500.0,2500.0,2500.0,2900.0,2500.0,2699.0,2700.0,2900.0,2900.0,2795.0,2795.0,2699.0,2650.0,2500.0,2540.0,2650.0,2750.0,2700.0,2600.0,2700.0,2500.0,2525.0,2699.0,2800.0,2600.0,2850.0,2500.0,2750.0,2699.0,2750.0,2775.0,2700.0,2699.0,2599.0,2450.0,2337.0,2595.0,2995.0,2600.0,2695.0,2799.0,2750.0,2650.0,2650.0,2995.0,2995.0,2995.0,2675.0,3300.0,2970.0,2970.0,2907.0,2907.0,2800.0,2800.0,2899.0,2700.0,2580.0,2550.0,2500.0,2550.0,2745.0,2700.0,2600.0,2750.0,2600.0,2500.0,2499.0,2600.0,2750.0,2850.0,2600.0,2800.0,2975.0,3200.0,3300.0,3000.0,3150.0,3195.0,3450.0,3425.0,3450.0,3450.0,3250.0,3400.0,3500.0,3300.0,3200.0,3150.0,3600.0,3600.0,3500.0,3195.0,3195.0,3350.0,3875.0,3600.0,3699.0,3700.0,3795.0,3599.0,3600.0,4350.0,3850.0,3438.0,3700.0,3700.0,3650.0,3300.0,3600.0,3850.0,3850.0,3850.0,3500.0,3811.0,5600.0,3995.0,3800.0,3200.0,3200.0,3500.0,3700.0,4000.0,4000.0,3650.0
Douglaston,Queens,neighborhood,2900.0,2900.0,2900.0,3800.0,,,4000.0,4000.0,4000.0,,,2000.0,2000.0,2000.0,2000.0,2000.0,1800.0,2000.0,2000.0,2000.0,2000.0,2000.0,2000.0,,,,,3700.0,3700.0,,1900.0,1900.0,1900.0,1900.0,1900.0,1900.0,1900.0,5000.0,5000.0,5000.0,,5000.0,3700.0,4800.0,4800.0,4800.0,2900.0,3900.0,3900.0,3900.0,1850.0,4000.0,3000.0,3295.0,,,,5250.0,2200.0,2950.0,4000.0,3850.0,4000.0,2200.0,,2200.0,2350.0,3500.0,7500.0,7500.0,7500.0,,2400.0,2400.0,3800.0,3300.0,2500.0,3300.0,3000.0,3000.0,3000.0,2800.0,2800.0,2800.0,2800.0,2800.0,,5500.0,2700.0,3900.0,3200.0,3150.0,2300.0,2800.0,2800.0,2700.0,2995.0,6800.0,2300.0,2300.0,4500.0,,,2500.0,2500.0,2400.0,2300.0,2300.0,3500.0,3500.0,3100.0,3500.0,3500.0,3500.0,2600.0,3500.0,2100.0,3500.0,2250.0,2200.0,2300.0,2300.0,2400.0,2400.0,3250.0,4499.0,4499.0,,,2450.0,2450.0,5900.0,5900.0,,2400.0,2400.0,,3000.0,6500.0,,,7500.0,7500.0,5500.0,5500.0,5500.0,,3000.0,,2700.0,,,2900.0,5600.0,,3600.0,3000.0,2900.0,2900.0,,,,2900.0,4000.0,4000.0,5750.0,6750.0,,4800.0,3200.0,11500.0,,,3300.0,6750.0,3250.0,3750.0,3750.0,3500.0,3500.0,3250.0,6000.0,4200.0,4100.0,3350.0,4000.0,3500.0,3200.0,4750.0,,,,,8700.0,5100.0,4900.0,5000.0,,3850.0,
Downtown Brooklyn,Brooklyn,neighborhood,3300.0,3300.0,3503.0,4762.0,5900.0,5900.0,4097.0,4097.0,3950.0,6300.0,6300.0,4163.0,3285.0,4163.0,4163.0,3200.0,3500.0,3500.0,3150.0,3150.0,,,6200.0,4486.0,4097.0,4750.0,4305.0,3200.0,4800.0,4495.0,3200.0,3950.0,7900.0,4467.0,7500.0,4487.0,4627.0,5066.0,5700.0,6500.0,7300.0,6017.0,6017.0,5517.0,6017.0,6700.0,4912.0,4685.0,4685.0,6900.0,4950.0,5031.0,5031.0,4500.0,6500.0,7500.0,6000.0,6000.0,7500.0,7500.0,7500.0,5750.0,5750.0,5750.0,5450.0,5643.0,5661.0,5795.0,5810.0,5915.0,5915.0,5915.0,5780.0,5750.0,4900.0,5100.0,4707.0,4472.0,5915.0,6000.0,6500.0,7500.0,6600.0,7500.0,5915.0,6500.0,7500.0,7950.0,7500.0,5500.0,6345.0,6636.0,7300.0,5651.0,5740.0,5847.0,6290.0,6328.0,6741.0,6470.0,6685.0,6000.0,4900.0,4500.0,4300.0,6390.0,7107.0,7107.0,7775.0,5730.0,6600.0,6047.0,6700.0,6055.0,6700.0,6800.0,7516.0,7333.0,5399.0,5800.0,6250.0,6250.0,7000.0,5577.0,5400.0,5180.0,5150.0,5385.0,5700.0,5700.0,5750.0,5500.0,5900.0,7000.0,7567.0,5950.0,7995.0,7054.0,7999.0,8000.0,7375.0,8145.0,7375.0,7375.0,7350.0,7366.0,7200.0,7200.0,6800.0,7550.0,8950.0,7900.0,9900.0,9250.0,7995.0,7995.0,7800.0,7231.0,6995.0,7499.0,9040.0,8191.0,7600.0,6000.0,5598.0,6540.0,9995.0,9995.0,9995.0,10000.0,8852.0,9451.0,8400.0,7944.0,9333.0,7929.0,8550.0,7874.0,7928.0,7928.0,8228.0,8889.0,9250.0,9250.0,9250.0,9250.0,7950.0,8361.0,7440.0,8995.0,7721.0,8000.0,8891.0,9200.0,8488.0,8500.0,8969.0,8595.0,8200.0,8250.0
Dyker Heights,Brooklyn,neighborhood,1800.0,,,,1300.0,1300.0,,1500.0,1500.0,1500.0,1500.0,1500.0,1500.0,1500.0,1500.0,1500.0,1700.0,1700.0,1700.0,1700.0,1500.0,2300.0,2000.0,2000.0,1800.0,1800.0,2000.0,1700.0,2150.0,2100.0,2100.0,,2000.0,1900.0,1900.0,2500.0,2200.0,2200.0,2200.0,2200.0,1700.0,1700.0,3750.0,1850.0,1850.0,6000.0,6000.0,5000.0,2600.0,2600.0,2150.0,1800.0,1600.0,2200.0,2200.0,2300.0,2300.0,2100.0,2300.0,2200.0,2200.0,2400.0,2900.0,2350.0,2250.0,2480.0,2500.0,2500.0,2300.0,2300.0,2300.0,2400.0,2400.0,2400.0,2400.0,2500.0,2350.0,2500.0,2400.0,2400.0,2400.0,2450.0,2400.0,2500.0,2500.0,2450.0,2450.0,2500.0,2400.0,2400.0,2400.0,2400.0,2300.0,2400.0,2395.0,2400.0,2400.0,2350.0,2400.0,2400.0,2400.0,2400.0,2500.0,2550.0,2500.0,2600.0,2500.0,2500.0,2400.0,2600.0,2500.0,2400.0,2300.0,2400.0,2400.0,2400.0,2400.0,2400.0,2498.0,2495.0,2400.0,2400.0,2400.0,2400.0,2300.0,2400.0,2460.0,2400.0,2300.0,2300.0,2350.0,2600.0,2500.0,2500.0,2300.0,2295.0,2250.0,2200.0,2300.0,2450.0,2375.0,2500.0,2500.0,2800.0,2399.0,2200.0,2500.0,2600.0,2600.0,2500.0,2500.0,3200.0,2800.0,3200.0,3200.0,2900.0,2900.0,3300.0,3545.0,3500.0,3250.0,2850.0,3350.0,3000.0,3200.0,3800.0,3800.0,3000.0,3400.0,3200.0,3500.0,3500.0,3500.0,3200.0,3350.0,3300.0,3500.0,3200.0,3295.0,3000.0,3695.0,3650.0,3000.0,2900.0,2900.0,3050.0,2900.0,2800.0,3095.0,3400.0,3860.0,3860.0,3860.0,3860.0,3860.0,3800.0,3860.0,3200.0,3200.0,3600.0
East Elmhurst,Queens,neighborhood,1800.0,1700.0,1700.0,1700.0,1700.0,1700.0,1700.0,1700.0,1700.0,,,,,,,,,,,,2000.0,2000.0,,,,,,,,,,,,,,,,,,,,,,,,,,,,2200.0,2200.0,2150.0,2150.0,2500.0,2500.0,2400.0,,,2995.0,2895.0,2800.0,2800.0,2800.0,2990.0,2990.0,2900.0,2650.0,2550.0,,,2200.0,2100.0,1975.0,2250.0,2450.0,2450.0,,2500.0,2400.0,,2450.0,2450.0,2900.0,,,2400.0,2400.0,2600.0,2500.0,2500.0,2500.0,2500.0,2500.0,2700.0,2650.0,2650.0,2600.0,2550.0,,,2399.0,2900.0,2650.0,2650.0,2600.0,2600.0,2000.0,2000.0,2399.0,2399.0,2399.0,2500.0,2450.0,2650.0,2600.0,2600.0,2600.0,,3200.0,3200.0,2600.0,2900.0,2900.0,2800.0,2800.0,2700.0,2895.0,2650.0,2650.0,2300.0,2300.0,3200.0,2850.0,2850.0,2499.0,2800.0,2800.0,,2700.0,2700.0,3000.0,2700.0,2600.0,2700.0,3300.0,3200.0,3100.0,3100.0,2999.0,2999.0,,,3250.0,3250.0,3200.0,3250.0,3250.0,3500.0,3500.0,3500.0,3350.0,3400.0,3350.0,3350.0,,3500.0,3200.0,2900.0,3300.0,3500.0,3800.0,3400.0,3200.0,3000.0,3000.0,3000.0,2995.0,2900.0,2900.0,2900.0,3300.0,3300.0,3300.0,3600.0,3200.0,3000.0,,3999.0,3450.0,,,3400.0,3400.0,3500.0,3500.0,3200.0,,3500.0,3200.0,3200.0
East Flatbush,Brooklyn,neighborhood,2400.0,1500.0,2550.0,2400.0,1500.0,1475.0,2450.0,2400.0,2350.0,2200.0,1700.0,1700.0,1750.0,1800.0,1750.0,1800.0,1800.0,1800.0,2450.0,2450.0,2450.0,2450.0,2450.0,1800.0,2475.0,1900.0,2490.0,1900.0,2495.0,2495.0,2550.0,2550.0,2490.0,2495.0,2495.0,2590.0,1650.0,1650.0,1700.0,1700.0,1850.0,1800.0,1895.0,2500.0,1800.0,1900.0,1900.0,2800.0,2100.0,2500.0,2800.0,2500.0,2500.0,2500.0,2400.0,2200.0,2200.0,2375.0,2300.0,2000.0,2300.0,2300.0,2100.0,2400.0,2900.0,3050.0,2300.0,2300.0,2295.0,2500.0,2400.0,2500.0,2500.0,2300.0,2200.0,2300.0,2300.0,2300.0,2300.0,2400.0,2395.0,2400.0,2399.0,2399.0,2399.0,2400.0,2400.0,2400.0,2399.0,2400.0,2499.0,2500.0,2499.0,2400.0,2400.0,2400.0,2400.0,2500.0,2500.0,2500.0,2700.0,2499.0,2500.0,2600.0,2650.0,2695.0,2599.0,2499.0,2500.0,2500.0,2500.0,2795.0,2575.0,2600.0,2600.0,2600.0,2600.0,2598.0,2600.0,2700.0,2650.0,2600.0,2799.0,2650.0,2700.0,2700.0,2625.0,2654.0,2600.0,2699.0,2650.0,2500.0,2500.0,2500.0,2499.0,2400.0,2650.0,2600.0,2550.0,2699.0,2650.0,2650.0,2750.0,2600.0,2699.0,2995.0,2900.0,2850.0,2999.0,3150.0,3200.0,3200.0,3200.0,3200.0,3000.0,3000.0,3199.0,3000.0,3100.0,3100.0,3350.0,3299.0,3195.0,3195.0,3100.0,3295.0,3225.0,3300.0,3395.0,3300.0,3399.0,3400.0,3300.0,3450.0,3400.0,3500.0,3500.0,3200.0,3500.0,3499.0,3464.0,3400.0,3500.0,3500.0,3600.0,3550.0,3400.0,3500.0,3550.0,3600.0,3500.0,3400.0,3500.0,3500.0,3800.0,3770.0,3700.0,3750.0,3595.0,3500.0
East Harlem,Manhattan,neighborhood,2750.0,2690.0,2495.0,2795.0,2495.0,2400.0,2690.0,2750.0,2595.0,2595.0,2750.0,3500.0,2995.0,2900.0,2400.0,2450.0,2450.0,2450.0,2900.0,2500.0,2800.0,2845.0,2550.0,3000.0,3000.0,2995.0,2995.0,3345.0,3550.0,3400.0,3500.0,3400.0,3400.0,3400.0,3395.0,3450.0,3000.0,3295.0,3200.0,2650.0,3300.0,3500.0,2933.0,3450.0,3400.0,3000.0,2600.0,2700.0,3400.0,3195.0,2950.0,2999.0,3000.0,3000.0,3000.0,2999.0,3000.0,3300.0,3000.0,3100.0,2995.0,2995.0,2795.0,2850.0,3050.0,3208.0,3390.0,3300.0,3200.0,3075.0,3000.0,2950.0,2850.0,2995.0,3200.0,3000.0,3050.0,3215.0,3025.0,3300.0,3400.0,3400.0,3300.0,3300.0,3250.0,3250.0,3150.0,3150.0,3300.0,3250.0,3250.0,3199.0,3088.0,3055.0,2800.0,3000.0,2825.0,2996.0,3050.0,3100.0,3300.0,3300.0,3250.0,3295.0,3295.0,3200.0,3000.0,2900.0,3100.0,3025.0,3150.0,3250.0,3400.0,3400.0,3390.0,3300.0,3295.0,3295.0,3000.0,3316.0,3495.0,3800.0,3495.0,3995.0,3600.0,3300.0,3200.0,3079.0,2912.0,2841.0,2750.0,2740.0,2690.0,2750.0,2695.0,2650.0,2690.0,2816.0,2850.0,2980.0,2900.0,2995.0,2995.0,3155.0,3053.0,3080.0,3250.0,3300.0,3575.0,3499.0,3751.0,3950.0,3695.0,3595.0,3495.0,3350.0,3395.0,3500.0,3450.0,3600.0,3650.0,3800.0,3650.0,3650.0,3800.0,3700.0,3650.0,3650.0,3595.0,3650.0,3500.0,3800.0,4150.0,3900.0,3800.0,3800.0,4275.0,3750.0,3500.0,3850.0,3895.0,3850.0,3750.0,3950.0,3895.0,4500.0,4475.0,4100.0,3850.0,3800.0,3800.0,3699.0,3895.0,4500.0,4657.0,4300.0,4495.0,4300.0,4295.0,4425.0
East New York,Brooklyn,neighborhood,2280.0,,,,,,,1600.0,1500.0,1500.0,1500.0,1500.0,1500.0,1500.0,1500.0,1500.0,1500.0,1500.0,1500.0,1500.0,1500.0,1500.0,1600.0,1660.0,1500.0,1700.0,1700.0,1700.0,1750.0,1800.0,1800.0,1800.0,1600.0,1500.0,1525.0,1525.0,1800.0,1800.0,1650.0,1600.0,1650.0,1900.0,1700.0,1700.0,1500.0,1600.0,1795.0,1795.0,1600.0,1650.0,1750.0,1595.0,1900.0,2283.0,2000.0,1900.0,1900.0,2000.0,2000.0,1950.0,1850.0,1850.0,1895.0,1950.0,1950.0,2050.0,2050.0,2000.0,2000.0,1999.0,2000.0,2000.0,2095.0,2095.0,2100.0,2100.0,2100.0,2200.0,2295.0,2300.0,2500.0,2500.0,2350.0,2300.0,2299.0,2200.0,2200.0,2250.0,2250.0,2250.0,2300.0,2299.0,2300.0,2299.0,2200.0,2200.0,2200.0,2250.0,2350.0,2350.0,2350.0,2300.0,2300.0,2400.0,2399.0,2400.0,2250.0,2250.0,2300.0,2300.0,2400.0,2350.0,2300.0,2300.0,2300.0,2300.0,2349.0,2400.0,2400.0,2399.0,2400.0,2400.0,2400.0,2600.0,2500.0,2400.0,2500.0,2400.0,2399.0,2350.0,2350.0,2350.0,2350.0,2300.0,2350.0,2350.0,2345.0,2300.0,2349.0,2399.0,2450.0,2500.0,2500.0,2500.0,2500.0,2500.0,2495.0,2500.0,2600.0,2600.0,2650.0,2800.0,2850.0,2800.0,2850.0,2850.0,2839.0,2868.0,2999.0,3000.0,3000.0,2999.0,2950.0,3200.0,3000.0,3000.0,2975.0,2900.0,3000.0,3000.0,3100.0,3200.0,3464.0,3500.0,3500.0,3395.0,3500.0,3500.0,3300.0,3200.0,3399.0,3399.0,3400.0,3450.0,3100.0,3200.0,3200.0,3400.0,3600.0,3595.0,3596.0,3600.0,3599.0,3450.0,3500.0,3400.0,3500.0,3724.0,3500.0,3700.0
East Tremont,Bronx,neighborhood,,,,,,,,,,,,,,,,,,,,,,,,,,,,,1500.0,1500.0,1500.0,1500.0,1500.0,1500.0,1500.0,1500.0,1750.0,1750.0,1775.0,1775.0,,,,,1800.0,1800.0,1800.0,1800.0,1800.0,1800.0,,,1750.0,1750.0,1650.0,1650.0,1600.0,1450.0,1800.0,1450.0,1600.0,1800.0,1850.0,1850.0,1800.0,1800.0,1700.0,2000.0,1900.0,1900.0,1850.0,1850.0,2050.0,1900.0,,,1725.0,1725.0,1900.0,1900.0,1900.0,1850.0,1850.0,2400.0,2150.0,1975.0,1975.0,2200.0,2200.0,2100.0,2149.0,2150.0,2150.0,2300.0,2450.0,2449.0,2200.0,2200.0,2200.0,2200.0,2300.0,2250.0,2200.0,2300.0,2200.0,2200.0,2200.0,2200.0,2200.0,2200.0,2150.0,2150.0,2150.0,2150.0,2388.0,2500.0,2400.0,2100.0,2249.0,,1999.0,1999.0,1999.0,3087.0,2250.0,2499.0,2200.0,2200.0,,2195.0,2195.0,2095.0,2500.0,2800.0,,,2650.0,2650.0,2600.0,2650.0,2650.0,2550.0,2550.0,2550.0,2699.0,2300.0,2300.0,2650.0,2500.0,,2350.0,3000.0,2388.0,2388.0,2703.0,2703.0,2395.0,2300.0,3100.0,2750.0,2695.0,1998.0,3084.0,3084.0,3100.0,3100.0,3000.0,3300.0,3300.0,2175.0,2175.0,1995.0,3606.0,2900.0,1895.0,3606.0,3606.0,2900.0,3747.0,3450.0,2800.0,2800.0,3500.0,3565.0,3500.0,3500.0,4000.0,3450.0,3675.0,3600.0,3600.0,3777.0,2900.0,3811.0,3811.0,,3538.0,3544.0,2999.0,3550.0
East Village,Manhattan,neighborhood,3550.0,3650.0,4250.0,3600.0,4200.0,4200.0,3895.0,4295.0,4500.0,4500.0,3900.0,3995.0,3995.0,4500.0,4050.0,4000.0,4200.0,4250.0,4095.0,4295.0,4500.0,4300.0,4500.0,4395.0,4500.0,4450.0,4450.0,4500.0,4495.0,4650.0,4950.0,4850.0,4795.0,4600.0,4500.0,4600.0,4700.0,4600.0,4600.0,4500.0,4725.0,4750.0,4500.0,4500.0,4695.0,4795.0,4795.0,4695.0,4995.0,5000.0,4995.0,4995.0,5000.0,5000.0,5000.0,4946.0,4500.0,4500.0,4495.0,4995.0,5000.0,5184.0,5228.0,4950.0,4900.0,4900.0,4900.0,4950.0,4800.0,5200.0,4995.0,4750.0,4995.0,4995.0,4999.0,5095.0,5100.0,5250.0,5100.0,4990.0,4899.0,4650.0,4700.0,4700.0,5000.0,5200.0,5180.0,5175.0,5060.0,4950.0,4995.0,4995.0,4850.0,4750.0,4500.0,4537.0,4750.0,4600.0,5250.0,5400.0,5300.0,5190.0,5100.0,5000.0,5000.0,4850.0,4800.0,4800.0,4800.0,4980.0,4900.0,5165.0,5400.0,5295.0,5200.0,5400.0,5300.0,5000.0,5000.0,5499.0,5395.0,5583.0,5695.0,5625.0,5390.0,5100.0,4875.0,4400.0,4079.0,4000.0,3900.0,3894.0,3900.0,3800.0,4000.0,4400.0,4995.0,5400.0,5450.0,5500.0,5400.0,5300.0,5695.0,5700.0,5700.0,5800.0,5995.0,6000.0,6300.0,6500.0,6610.0,6500.0,6800.0,6400.0,6000.0,6260.0,6400.0,6295.0,6250.0,6400.0,6395.0,6375.0,6495.0,6500.0,6500.0,6500.0,6500.0,6062.0,5995.0,6495.0,6800.0,6895.0,6700.0,6750.0,6600.0,6700.0,6799.0,6700.0,6495.0,5995.0,6295.0,7200.0,6995.0,6995.0,6995.0,7295.0,7495.0,7500.0,7650.0,7250.0,7950.0,7700.0,7495.0,7495.0,7495.0,7800.0,7750.0,7995.0,8000.0,8000.0
Eastchester,Bronx,neighborhood,,,,,,,,,,,,,,,,,,,,,,,,,,,,,,,,,,,,,,,,,,,,,,,,,,,,,,,,,,,,,,,,,,,,,,,,,,,,,,,,,1750.0,1750.0,,,,,,,,,,,,,,,,,,,,,,,,2000.0,2675.0,2600.0,,,,,2000.0,,2000.0,,,,,,,,,,,,2100.0,2100.0,2100.0,2100.0,,,2100.0,2100.0,2100.0,,,,,,,,,,2000.0,2800.0,,2250.0,2250.0,,,,,,,,,,,,,,,,,3200.0,3400.0,3400.0,,,,,,,,,3950.0,3950.0,,3464.0,3464.0,,,,,4000.0,3900.0,3596.0,,,,,,,,,,,3600.0,3788.0
Edenwald,Bronx,neighborhood,,,,,,,,,,,,,,,,,,,,1600.0,1600.0,,,,,,,,1600.0,1600.0,,,,,,,,1550.0,1550.0,2200.0,1900.0,1900.0,,,1650.0,1650.0,1650.0,1650.0,,,,1700.0,,,,,,1700.0,1700.0,,,,,,,,,,,,,,,,,1950.0,1950.0,1950.0,1900.0,1900.0,,,,,1900.0,1900.0,2050.0,2150.0,2150.0,2600.0,2600.0,,,,,,,,2100.0,2100.0,2100.0,,,,,,2200.0,2200.0,2300.0,2300.0,,,,2400.0,2300.0,2300.0,2300.0,,,,2000.0,2400.0,,,2450.0,2399.0,2399.0,,,,,,,,,2300.0,2100.0,2100.0,2100.0,2600.0,2495.0,,2400.0,2500.0,,2500.0,2200.0,2200.0,,,2800.0,2800.0,3050.0,2800.0,2500.0,2500.0,2500.0,,2600.0,2600.0,3000.0,2800.0,3000.0,3000.0,3000.0,2995.0,2700.0,3300.0,3000.0,3000.0,3500.0,,3464.0,3000.0,3000.0,,3450.0,,,3000.0,3200.0,,,,3000.0,,3000.0,3000.0,3500.0,3500.0,,3800.0,3800.0,3400.0,3000.0,3000.0,3600.0,3600.0,,
Elmhurst,Queens,neighborhood,1450.0,1450.0,2000.0,2000.0,2000.0,1995.0,,,,,,2000.0,1450.0,1450.0,1450.0,1450.0,1450.0,,,1700.0,1600.0,1600.0,1500.0,,1800.0,1800.0,1800.0,2300.0,2300.0,,,2100.0,,2400.0,1950.0,1950.0,1900.0,,2600.0,2500.0,2500.0,2500.0,,,,2850.0,2900.0,2900.0,3600.0,3000.0,3000.0,2000.0,2000.0,2500.0,2500.0,2800.0,3500.0,2950.0,2500.0,2500.0,2500.0,3150.0,2300.0,2300.0,2200.0,2250.0,2200.0,2500.0,2350.0,2600.0,2350.0,2300.0,2300.0,2550.0,2500.0,3200.0,3300.0,2700.0,2600.0,2650.0,2650.0,2450.0,2800.0,2800.0,2800.0,2750.0,2500.0,2800.0,2500.0,2500.0,2600.0,2850.0,2600.0,2900.0,2900.0,2595.0,2800.0,2750.0,2600.0,2500.0,2650.0,2500.0,2750.0,2750.0,2727.0,2650.0,2500.0,2750.0,2700.0,2700.0,2500.0,2600.0,2700.0,2800.0,2750.0,2700.0,2750.0,2800.0,2600.0,2750.0,2800.0,2800.0,2800.0,2950.0,2800.0,2500.0,2750.0,2700.0,2500.0,2500.0,2495.0,2600.0,3200.0,2699.0,2699.0,2600.0,2500.0,2450.0,2450.0,2700.0,2700.0,2775.0,2775.0,2800.0,2680.0,2995.0,2700.0,2750.0,3000.0,2800.0,2999.0,2900.0,2900.0,3100.0,2800.0,3000.0,3000.0,3000.0,3400.0,3000.0,3000.0,3100.0,3100.0,3200.0,3700.0,3200.0,3500.0,3400.0,3200.0,3200.0,3500.0,3300.0,3200.0,3300.0,3595.0,3495.0,3349.0,3200.0,3200.0,3000.0,3200.0,3299.0,3650.0,3300.0,3295.0,3400.0,3795.0,3600.0,3350.0,3300.0,3700.0,3399.0,3200.0,3200.0,3200.0,3200.0,3500.0,3499.0,3400.0,3500.0
Financial District,Manhattan,neighborhood,6500.0,5950.0,6000.0,6000.0,6000.0,6000.0,6000.0,5295.0,5500.0,5500.0,5300.0,4534.0,5150.0,5975.0,5700.0,5995.0,5995.0,6300.0,6300.0,7395.0,7395.0,7800.0,7500.0,5230.0,7500.0,7800.0,6300.0,6200.0,6200.0,6200.0,6200.0,6500.0,5995.0,5860.0,5995.0,6395.0,6000.0,5995.0,5500.0,5495.0,4500.0,4500.0,4456.0,4350.0,4495.0,4650.0,5900.0,5900.0,5900.0,5795.0,5500.0,5695.0,6350.0,6500.0,5995.0,5495.0,5795.0,5895.0,5495.0,5595.0,6095.0,6195.0,6000.0,6000.0,5750.0,5200.0,5595.0,7195.0,7895.0,6600.0,6600.0,6600.0,7650.0,7650.0,7500.0,8195.0,7495.0,7500.0,6500.0,5534.0,5900.0,6469.0,6300.0,6300.0,5889.0,5850.0,6440.0,6550.0,6936.0,6936.0,6200.0,6000.0,6795.0,6913.0,6711.0,6395.0,6711.0,6900.0,7600.0,6150.0,7350.0,6750.0,6750.0,6095.0,6500.0,6500.0,6667.0,6536.0,6000.0,6500.0,6967.0,6150.0,6000.0,6000.0,6205.0,6495.0,5999.0,5600.0,5400.0,6500.0,6400.0,5500.0,6921.0,7306.0,6500.0,6250.0,5769.0,5500.0,5995.0,5775.0,5813.0,5995.0,6290.0,6000.0,5795.0,5995.0,6000.0,7250.0,7460.0,6650.0,6300.0,5500.0,5990.0,6895.0,7000.0,7295.0,6995.0,7500.0,7200.0,7948.0,7997.0,7800.0,7500.0,8450.0,6995.0,7450.0,7350.0,7400.0,7775.0,8725.0,11000.0,11995.0,9500.0,9400.0,8450.0,7395.0,7300.0,7500.0,7965.0,7695.0,7695.0,8250.0,8700.0,8750.0,7600.0,7795.0,8199.0,7600.0,7300.0,7500.0,7500.0,6995.0,6995.0,7975.0,8200.0,9250.0,9995.0,8698.0,8698.0,8750.0,8750.0,9000.0,9300.0,9295.0,9400.0,9500.0,9500.0,11295.0,9795.0,11295.0
Flatbush,Brooklyn,neighborhood,1795.0,1795.0,2000.0,1900.0,1900.0,1750.0,1750.0,1750.0,1750.0,1750.0,1750.0,1750.0,1750.0,2475.0,2700.0,1750.0,2475.0,2043.0,1850.0,2000.0,2000.0,1800.0,1800.0,2200.0,2050.0,2050.0,2000.0,1450.0,2200.0,2000.0,2000.0,2200.0,2500.0,2300.0,1850.0,1750.0,1890.0,1890.0,2000.0,1900.0,1850.0,1900.0,2000.0,2150.0,2450.0,2450.0,2350.0,2350.0,2000.0,2000.0,2400.0,2300.0,2050.0,2100.0,2100.0,2200.0,2380.0,2200.0,2200.0,2200.0,2200.0,2200.0,2250.0,2495.0,2450.0,2500.0,2500.0,2400.0,2400.0,2300.0,2350.0,2250.0,2200.0,2299.0,2400.0,2500.0,2600.0,2550.0,2450.0,2495.0,2400.0,2450.0,2400.0,2400.0,2400.0,2400.0,2400.0,2450.0,2499.0,2500.0,2500.0,2599.0,2500.0,2500.0,2500.0,2500.0,2495.0,2500.0,2500.0,2700.0,2599.0,2500.0,2500.0,2750.0,2750.0,2700.0,2619.0,2595.0,2500.0,2599.0,2600.0,2595.0,2595.0,2600.0,2699.0,2650.0,2695.0,2695.0,2600.0,2695.0,2538.0,2695.0,2695.0,2600.0,2600.0,2599.0,2699.0,2650.0,2600.0,2500.0,2495.0,2495.0,2400.0,2399.0,2499.0,2500.0,2625.0,2599.0,2750.0,2799.0,2800.0,2800.0,2800.0,2750.0,3000.0,2999.0,2975.0,2975.0,3200.0,3299.0,3400.0,3654.0,3400.0,3120.0,2850.0,2999.0,2999.0,3099.0,3000.0,3195.0,3299.0,3400.0,3700.0,3500.0,3499.0,3395.0,3300.0,3300.0,3300.0,3267.0,3250.0,3400.0,3400.0,3695.0,3593.0,3500.0,3300.0,3500.0,3425.0,3500.0,3385.0,3425.0,3400.0,3375.0,3300.0,3500.0,3500.0,3500.0,3600.0,3599.0,3500.0,3500.0,3495.0,3500.0,3650.0,3600.0,3600.0,3650.0,3800.0,3758.0
Flatiron,Manhattan,neighborhood,9000.0,10000.0,7999.0,12000.0,12000.0,16000.0,9500.0,14000.0,10000.0,8500.0,6995.0,5775.0,7500.0,8700.0,8300.0,9850.0,7500.0,12000.0,9995.0,9995.0,8600.0,8900.0,10000.0,11750.0,13995.0,10500.0,9200.0,9750.0,8500.0,9000.0,10750.0,10000.0,10000.0,9500.0,13500.0,11000.0,9495.0,8495.0,9950.0,11000.0,11000.0,11000.0,10500.0,10500.0,9995.0,9995.0,12500.0,12500.0,11000.0,12950.0,12000.0,11500.0,10950.0,12500.0,12500.0,12500.0,11950.0,11000.0,11000.0,12450.0,10995.0,11500.0,10495.0,12000.0,11900.0,12000.0,11077.0,11200.0,11995.0,10500.0,11000.0,11000.0,10495.0,9995.0,12875.0,11500.0,10500.0,11500.0,12500.0,12000.0,14500.0,12975.0,14465.0,14465.0,14000.0,13500.0,12000.0,7250.0,7795.0,11000.0,13750.0,11500.0,12495.0,12500.0,12500.0,10250.0,12500.0,12900.0,11000.0,10083.0,10000.0,8495.0,9995.0,11446.0,11446.0,10000.0,12210.0,13500.0,12000.0,11954.0,12000.0,7500.0,7900.0,9000.0,12630.0,12630.0,12369.0,13500.0,12070.0,14000.0,12575.0,12035.0,11908.0,10915.0,9000.0,10000.0,10000.0,9942.0,10000.0,10470.0,10140.0,11640.0,11850.0,13500.0,10655.0,11430.0,10000.0,7800.0,8500.0,11394.0,7995.0,9999.0,8000.0,8000.0,8500.0,8754.0,11950.0,11575.0,12442.0,9999.0,10000.0,11500.0,14329.0,11500.0,13800.0,12500.0,12495.0,16500.0,14995.0,12015.0,12495.0,13750.0,14975.0,11495.0,13569.0,13500.0,14000.0,11000.0,13000.0,13000.0,13000.0,13000.0,13300.0,13500.0,13500.0,13500.0,17500.0,13500.0,11900.0,13582.0,13695.0,11300.0,9825.0,8995.0,10000.0,13800.0,13750.0,13000.0,15000.0,12000.0,12000.0,13995.0,14900.0,14570.0,15398.0,12995.0,9995.0,10495.0,9995.0,9495.0
Flatlands,Brooklyn,neighborhood,,,,,,,,,,,,,,,,,,,,,,,,,,,,2100.0,1900.0,1900.0,,,,1800.0,1800.0,1800.0,,,,,,2550.0,2550.0,2550.0,,,,,,,,,,,,,,,,1800.0,1800.0,2200.0,2200.0,2200.0,2200.0,2200.0,2200.0,2200.0,2000.0,2200.0,1950.0,1950.0,2200.0,1950.0,1950.0,1950.0,1950.0,1900.0,2400.0,2400.0,1800.0,1800.0,2500.0,2500.0,2500.0,2500.0,2250.0,2300.0,2250.0,2500.0,2650.0,2500.0,2300.0,2300.0,2400.0,2400.0,2400.0,2300.0,2300.0,2300.0,2500.0,2500.0,2500.0,2500.0,2500.0,2400.0,2400.0,2000.0,2500.0,2499.0,2499.0,2550.0,2500.0,2500.0,2550.0,2550.0,2550.0,2450.0,2550.0,2400.0,2300.0,2500.0,2400.0,2400.0,,2800.0,2800.0,2500.0,2395.0,2350.0,2200.0,2250.0,2400.0,2300.0,,2500.0,2499.0,2400.0,2400.0,2400.0,2400.0,2900.0,2300.0,2300.0,2900.0,2800.0,2600.0,2800.0,2950.0,3299.0,3000.0,2750.0,2700.0,2700.0,2800.0,2700.0,3200.0,3000.0,3000.0,3500.0,3000.0,3000.0,3000.0,2700.0,3200.0,3500.0,3000.0,2800.0,2800.0,3000.0,3000.0,2900.0,2995.0,3777.0,2900.0,3777.0,3599.0,3400.0,3200.0,3299.0,3499.0,2800.0,3500.0,3350.0,3300.0,2800.0,3000.0,3400.0,3350.0,3200.0,3250.0,2990.0,3000.0,,3650.0,3550.0,3550.0,3500.0,3195.0,3195.0
Floral Park,Queens,neighborhood,,,,,,,,,,,,,,,,,,,,,,,,,,2300.0,2300.0,,,,,,,,,,,,,,,,,,,,,,,3300.0,3300.0,3300.0,,,,,,,,,,,,,,,,,,,,,,,,,,,,,,,,,,,,,,,,,,,,,,,,,,,,,,,,,,,,,,,,,,,,,,,,,,,,,,,,,,,,,,,,,,,,,,,,,,,,,,,,,,2750.0,2750.0,,3550.0,3550.0,,,,,,,,,,,,,,,,,,,,,,,,,,,,,,,,,,,,,,
Flushing,Queens,neighborhood,1800.0,1900.0,1850.0,1850.0,5000.0,,,,,1650.0,1495.0,1495.0,1495.0,2100.0,2100.0,2100.0,1700.0,1800.0,1800.0,1850.0,2300.0,2200.0,2000.0,2000.0,2200.0,1950.0,1950.0,1899.0,2100.0,2100.0,2395.0,2200.0,2200.0,2200.0,1700.0,1850.0,2200.0,2200.0,1750.0,1750.0,2150.0,2100.0,1950.0,2350.0,2400.0,2400.0,2200.0,2350.0,2350.0,2500.0,2600.0,2400.0,2000.0,2300.0,2300.0,2400.0,2400.0,2550.0,2400.0,2500.0,2500.0,2400.0,2400.0,2250.0,2200.0,2250.0,2590.0,2500.0,2400.0,2400.0,2300.0,2350.0,2650.0,2500.0,2400.0,2575.0,2899.0,2650.0,2650.0,2400.0,2600.0,2600.0,2650.0,2650.0,2700.0,2650.0,2600.0,2600.0,2600.0,2800.0,2800.0,2950.0,2600.0,2600.0,2650.0,3000.0,2818.0,2727.0,2769.0,2750.0,3000.0,2599.0,2490.0,2575.0,2550.0,2450.0,2500.0,2300.0,2400.0,2750.0,2687.0,2580.0,2700.0,2690.0,2800.0,2800.0,2690.0,2700.0,2690.0,2599.0,2580.0,2500.0,2500.0,2388.0,2500.0,2550.0,2550.0,2600.0,2800.0,2600.0,2400.0,2500.0,2500.0,2500.0,2550.0,2700.0,2600.0,2525.0,2500.0,2795.0,2800.0,2873.0,2800.0,2300.0,3000.0,3400.0,2900.0,2795.0,2800.0,2800.0,3000.0,3250.0,3150.0,2850.0,3000.0,2800.0,2732.0,2800.0,2899.0,3250.0,3200.0,2800.0,2800.0,3295.0,2850.0,2900.0,2850.0,2995.0,2900.0,2995.0,3000.0,3395.0,3100.0,3300.0,3500.0,3600.0,3000.0,3200.0,3200.0,3300.0,3500.0,3870.0,3690.0,3890.0,3700.0,3900.0,3100.0,3450.0,3450.0,3295.0,3300.0,3450.0,3590.0,3520.0,3999.0,3800.0,3800.0,3600.0,3500.0,3400.0
Fordham,Bronx,neighborhood,,,,,,,,,,,,,,,,,,,,,,,,,,,,1600.0,1800.0,1800.0,,,,,,,,,,,,,,,,,,,,,,,1850.0,1850.0,,1785.0,1785.0,1785.0,1800.0,1800.0,1800.0,1750.0,1675.0,1675.0,1525.0,1525.0,,1795.0,1795.0,2500.0,2495.0,2100.0,2495.0,2550.0,2150.0,2100.0,2100.0,2100.0,2000.0,2000.0,2300.0,2250.0,2000.0,2200.0,2200.0,2250.0,2000.0,1975.0,2000.0,1900.0,1950.0,2800.0,2197.0,2800.0,2600.0,2000.0,1974.0,2000.0,2000.0,2300.0,2400.0,2450.0,2450.0,2500.0,2300.0,2300.0,2200.0,2567.0,2429.0,2429.0,2220.0,2429.0,2300.0,2383.0,2400.0,2395.0,2300.0,2300.0,2375.0,2295.0,2300.0,2300.0,2375.0,2604.0,2250.0,2549.0,2499.0,2500.0,2383.0,2307.0,2300.0,2250.0,2150.0,2149.0,2299.0,4600.0,2350.0,2350.0,2350.0,2350.0,2297.0,2255.0,2255.0,2275.0,2450.0,2400.0,2600.0,2500.0,2400.0,2400.0,1150.0,1850.0,2275.0,2275.0,2550.0,2400.0,2395.0,2195.0,2600.0,3600.0,3600.0,3000.0,3000.0,2500.0,2500.0,2500.0,2500.0,2500.0,2800.0,2500.0,2800.0,2799.0,2800.0,2850.0,2750.0,2799.0,2800.0,2900.0,2650.0,2650.0,2650.0,3290.0,3290.0,4250.0,4750.0,4050.0,4050.0,4050.0,3454.0,3454.0,3454.0,2260.0,2260.0,,2650.0,3400.0,,2982.0,2982.0,2889.0
Forest Hills,Queens,neighborhood,3250.0,3250.0,3350.0,4495.0,2600.0,2600.0,2900.0,2900.0,2800.0,2500.0,2795.0,2400.0,2350.0,2400.0,2900.0,2800.0,2400.0,2400.0,2700.0,2900.0,2800.0,2800.0,2800.0,2900.0,2800.0,2695.0,2600.0,2795.0,3500.0,3600.0,3300.0,3300.0,2895.0,2800.0,2850.0,2875.0,2990.0,2990.0,2800.0,2895.0,3000.0,3500.0,3495.0,3800.0,3650.0,3100.0,3200.0,3200.0,3850.0,3500.0,3500.0,3000.0,3000.0,2895.0,3500.0,3800.0,4262.0,3600.0,3750.0,3750.0,3500.0,3125.0,3125.0,3125.0,3125.0,3125.0,3125.0,3500.0,3700.0,3500.0,3700.0,3700.0,3250.0,3700.0,3200.0,3500.0,3500.0,3500.0,3500.0,3400.0,3400.0,3300.0,3000.0,3200.0,2995.0,3000.0,3300.0,3400.0,3500.0,3600.0,3600.0,3600.0,3699.0,3500.0,3250.0,3300.0,3350.0,3299.0,3499.0,3750.0,3500.0,3195.0,3450.0,3500.0,3300.0,3500.0,3500.0,3500.0,3600.0,3475.0,3400.0,3500.0,3600.0,3650.0,3700.0,3800.0,3800.0,3600.0,3800.0,4300.0,3800.0,4000.0,4500.0,4400.0,3600.0,3600.0,3600.0,3300.0,3149.0,3300.0,3000.0,3300.0,3325.0,3200.0,3500.0,3000.0,3400.0,3500.0,3650.0,3700.0,3400.0,3500.0,3500.0,3600.0,4000.0,3900.0,3600.0,3995.0,3900.0,3900.0,3950.0,3999.0,3800.0,3600.0,3999.0,3995.0,3600.0,3500.0,3750.0,4500.0,4200.0,4200.0,4200.0,4200.0,3900.0,4200.0,4495.0,4200.0,4200.0,4200.0,4295.0,4500.0,4500.0,4600.0,4700.0,4495.0,4500.0,4150.0,3950.0,4395.0,3495.0,4350.0,4300.0,4500.0,4500.0,4500.0,5200.0,5025.0,4995.0,4606.0,4544.0,4500.0,4983.0,4773.0,4300.0,4995.0,5000.0,4800.0,4500.0,5000.0
Fort Greene,Brooklyn,neighborhood,3350.0,3350.0,3600.0,2800.0,2995.0,4395.0,3800.0,3850.0,4000.0,2900.0,2900.0,4000.0,4000.0,4900.0,3475.0,3475.0,5000.0,5700.0,5700.0,6400.0,5250.0,4900.0,3200.0,2250.0,2700.0,6000.0,5377.0,5377.0,6000.0,6477.0,5950.0,5550.0,4200.0,4200.0,3500.0,3500.0,4800.0,4800.0,4750.0,4600.0,4400.0,4000.0,4750.0,4400.0,4400.0,5000.0,4000.0,4100.0,3900.0,3900.0,3688.0,3688.0,3800.0,4295.0,5300.0,4900.0,4650.0,4484.0,4500.0,5500.0,5000.0,4000.0,4500.0,4900.0,4750.0,4500.0,4500.0,4250.0,4500.0,4000.0,3200.0,4500.0,4000.0,3995.0,4500.0,4475.0,4750.0,4600.0,4100.0,4200.0,4400.0,3995.0,3600.0,3975.0,3995.0,4000.0,3985.0,4000.0,3900.0,3833.0,3833.0,3950.0,4900.0,5995.0,4500.0,4200.0,4200.0,4200.0,4199.0,5250.0,4350.0,4300.0,3995.0,3950.0,5600.0,4216.0,4500.0,4400.0,3900.0,4900.0,4500.0,4600.0,5800.0,4695.0,4395.0,4795.0,4945.0,4200.0,4500.0,4500.0,4000.0,4500.0,5800.0,5295.0,5295.0,4150.0,4200.0,3900.0,3800.0,3400.0,3350.0,3700.0,3800.0,2850.0,3400.0,3250.0,3950.0,3850.0,3500.0,3999.0,4500.0,4500.0,5000.0,7000.0,5449.0,4875.0,4000.0,4950.0,5000.0,6000.0,6700.0,5500.0,5900.0,7500.0,7500.0,6650.0,6300.0,5000.0,4695.0,4800.0,5775.0,7495.0,6200.0,6500.0,7000.0,6000.0,6000.0,6725.0,6725.0,6725.0,6725.0,6925.0,5500.0,5950.0,6000.0,6395.0,7200.0,6195.0,4995.0,5500.0,6800.0,4850.0,5900.0,5495.0,6900.0,6500.0,6900.0,7425.0,6495.0,6500.0,6000.0,5995.0,6500.0,5995.0,4000.0,6700.0,7000.0,6800.0,6999.0,6399.0
Fresh Meadows,Queens,neighborhood,,,,,,,,,,,,,,,,,,,,2600.0,2600.0,,,,,,,2150.0,2150.0,2150.0,,,,,,,,,,2800.0,2800.0,,,,3850.0,3850.0,,,,,,,1950.0,1850.0,1950.0,3500.0,3500.0,3200.0,3000.0,,,,2900.0,2900.0,,,,4600.0,2000.0,2000.0,2000.0,,,,,,,,2200.0,2200.0,2200.0,,4500.0,4500.0,3100.0,2950.0,3200.0,3000.0,2950.0,2450.0,2650.0,,,,,,3500.0,3500.0,3500.0,,,,,,,3500.0,3000.0,2800.0,2800.0,,,5000.0,5000.0,5000.0,3700.0,4000.0,2500.0,3600.0,3600.0,3995.0,3995.0,4500.0,4500.0,4500.0,2300.0,2300.0,4600.0,,,4300.0,4300.0,2400.0,3500.0,3500.0,3495.0,,3400.0,5500.0,,,,,,3200.0,,,,,,,4700.0,4700.0,2450.0,,4200.0,,,4100.0,4100.0,3995.0,3995.0,3995.0,,4950.0,4950.0,,4495.0,4495.0,,,,,3500.0,3400.0,,3606.0,,,,4995.0,3200.0,3000.0,3000.0,3100.0,3350.0,3450.0,5300.0,4850.0,4850.0,,4850.0,4850.0,,,,3150.0,4850.0,3850.0,3700.0,3700.0
Gerritsen Beach,Brooklyn,neighborhood,,,,,,,,,,,,,,,,,,,,,,,,,,,,,,,,,,,,,,,,,,,,,,,,,,2100.0,2100.0,,,2000.0,2000.0,,,,,,,,,,,,,,,,,,,,,,,,,3500.0,3500.0,3100.0,3100.0,3100.0,,,,,,2350.0,2350.0,,,,,,2495.0,2494.0,2494.0,4500.0,,,,,,2500.0,2500.0,2900.0,2900.0,,,,,,2500.0,2500.0,2500.0,,,,,,,,,,,,,,2600.0,2600.0,,,,,,,,,,,2300.0,2290.0,,,,,,,,,,,,,,,,,,,,3150.0,3150.0,,3575.0,3575.0,,,,,,,,,,,5000.0,,,,,,3400.0,3400.0,,,5000.0,5000.0,5000.0,5000.0,,3000.0,3000.0,5000.0,4500.0,4500.0,,
Glen Oaks,Queens,neighborhood,2200.0,,,,,,,,,,,,,,,,2850.0,2850.0,2350.0,2350.0,,2600.0,2300.0,2300.0,2300.0,2300.0,,,2400.0,2400.0,,,,2550.0,2550.0,,,,,,,,,,1750.0,1750.0,1750.0,1750.0,,1900.0,1900.0,,,1800.0,1800.0,1850.0,1800.0,1800.0,1800.0,1800.0,1800.0,2250.0,,,2500.0,2600.0,2600.0,2600.0,2600.0,2600.0,2250.0,2250.0,,,,1850.0,3100.0,3200.0,3200.0,,2100.0,2100.0,2500.0,2100.0,2000.0,2000.0,2000.0,2000.0,2500.0,3250.0,3250.0,3200.0,3000.0,3000.0,3000.0,2900.0,2900.0,,3290.0,3290.0,3000.0,3000.0,,,,3500.0,2900.0,,,,,,,2950.0,2999.0,2995.0,2800.0,2800.0,2800.0,4000.0,4000.0,3800.0,3800.0,,,,,,,,,,,,,,,,,,2700.0,2700.0,3900.0,,,,,,,,,,,3000.0,3000.0,,,,3000.0,3000.0,3800.0,3800.0,3200.0,3125.0,3125.0,2700.0,2700.0,3250.0,3500.0,3400.0,3400.0,3650.0,3500.0,,,4250.0,,3500.0,4200.0,4800.0,,,3700.0,3700.0,3600.0,,3700.0,3500.0,3500.0,3400.0,,,,,3900.0,,,,,
Glendale,Queens,neighborhood,2500.0,2500.0,2500.0,2500.0,,,,,,,,,,,,,,,2700.0,2700.0,2500.0,1750.0,1650.0,1600.0,1600.0,1600.0,1600.0,,1450.0,,2500.0,2500.0,1800.0,1800.0,1800.0,1800.0,1800.0,1700.0,,,2400.0,2400.0,1400.0,1400.0,1850.0,1850.0,1895.0,1895.0,,1795.0,1695.0,1750.0,1800.0,2000.0,1995.0,2000.0,1700.0,1800.0,1500.0,1500.0,1800.0,1800.0,2000.0,2050.0,2250.0,2450.0,2400.0,2150.0,2200.0,2300.0,2300.0,2300.0,2200.0,2300.0,2495.0,2395.0,2350.0,2300.0,2300.0,2300.0,2100.0,2350.0,2400.0,2300.0,2300.0,2300.0,2200.0,2250.0,2200.0,2295.0,2295.0,2200.0,2250.0,2250.0,2250.0,2400.0,2200.0,2300.0,2400.0,2300.0,2300.0,2300.0,2495.0,2400.0,2400.0,2398.0,2300.0,2295.0,2300.0,2295.0,2450.0,2450.0,2400.0,2300.0,2450.0,2399.0,2499.0,2400.0,2275.0,2275.0,2450.0,2450.0,2450.0,2400.0,2345.0,2450.0,2550.0,2500.0,2450.0,2450.0,2290.0,2290.0,2200.0,2400.0,2300.0,2150.0,2300.0,2400.0,2400.0,2400.0,2350.0,2299.0,2600.0,2495.0,2400.0,2599.0,2750.0,2900.0,2950.0,2950.0,2600.0,2799.0,2600.0,2675.0,2600.0,2950.0,3100.0,2850.0,2900.0,2950.0,2800.0,3100.0,3400.0,2925.0,3000.0,3200.0,3200.0,3000.0,3000.0,2900.0,2900.0,2850.0,2995.0,2995.0,3200.0,3500.0,3500.0,3000.0,3250.0,2999.0,2850.0,3000.0,3400.0,3400.0,3099.0,3350.0,3350.0,3400.0,3399.0,3200.0,3200.0,3022.0,3200.0,3300.0,3395.0,3295.0,3295.0,3300.0,3500.0,3350.0
Gowanus,Brooklyn,neighborhood,,,,,2300.0,,3000.0,3000.0,,3500.0,2500.0,2500.0,2500.0,3600.0,3200.0,3200.0,3200.0,3200.0,3200.0,3200.0,2300.0,,6000.0,6000.0,,,,,4200.0,4200.0,4150.0,3500.0,4050.0,6750.0,,2700.0,2700.0,2700.0,8500.0,7500.0,6964.0,3900.0,3800.0,3800.0,4495.0,3999.0,3999.0,4500.0,4300.0,4200.0,4000.0,4000.0,3250.0,2950.0,3250.0,3800.0,3800.0,4200.0,3800.0,3200.0,3100.0,4495.0,3750.0,3350.0,4000.0,3950.0,3995.0,4200.0,4000.0,4250.0,3900.0,3900.0,3900.0,3900.0,3950.0,3350.0,3350.0,3350.0,3995.0,4095.0,4095.0,3999.0,3995.0,3750.0,3750.0,3750.0,3000.0,3050.0,3600.0,3600.0,3496.0,3800.0,3898.0,3000.0,3200.0,3000.0,3000.0,2995.0,3195.0,3999.0,5500.0,3500.0,3600.0,3800.0,3295.0,3200.0,3200.0,3200.0,3350.0,3750.0,2999.0,3000.0,4650.0,4000.0,3995.0,4050.0,4000.0,3500.0,3250.0,3250.0,3200.0,3300.0,3760.0,3250.0,3850.0,3600.0,3620.0,3400.0,3350.0,3099.0,3000.0,2999.0,3000.0,3250.0,3250.0,3500.0,3600.0,3600.0,3550.0,3600.0,3300.0,4200.0,4200.0,4100.0,3850.0,4000.0,4200.0,5000.0,4500.0,4850.0,4799.0,4500.0,3600.0,3600.0,3750.0,4000.0,3800.0,4600.0,6500.0,6500.0,5499.0,5197.0,5200.0,4750.0,5000.0,5300.0,5499.0,4700.0,4350.0,3400.0,3950.0,4899.0,6600.0,6850.0,5500.0,5995.0,6495.0,5495.0,5995.0,5900.0,5599.0,5300.0,5400.0,6900.0,7700.0,7200.0,7580.0,9450.0,9810.0,9750.0,8570.0,8570.0,7813.0,9865.0,9865.0,9500.0,8750.0,8750.0,8750.0,8500.0
Gramercy Park,Manhattan,neighborhood,4395.0,4495.0,4495.0,4495.0,4995.0,4995.0,4600.0,4895.0,7500.0,8000.0,8000.0,7695.0,7595.0,7600.0,5500.0,6050.0,5795.0,5795.0,7750.0,6900.0,5395.0,9450.0,12500.0,10950.0,9450.0,5995.0,5995.0,5295.0,5295.0,5295.0,5295.0,5395.0,5295.0,6000.0,4950.0,7900.0,7400.0,6395.0,5295.0,5295.0,5295.0,5495.0,5800.0,5900.0,5695.0,5295.0,6200.0,5500.0,5295.0,5195.0,5195.0,5295.0,5316.0,5395.0,5395.0,6200.0,5395.0,6400.0,8700.0,7500.0,6500.0,5295.0,5395.0,5395.0,5295.0,5495.0,5800.0,5600.0,6100.0,7500.0,6830.0,6995.0,7450.0,8500.0,5995.0,6200.0,5650.0,5500.0,5800.0,5395.0,5495.0,5995.0,6750.0,6395.0,5775.0,5863.0,5556.0,5495.0,5495.0,5400.0,5495.0,5500.0,5550.0,5395.0,4800.0,5395.0,6231.0,5000.0,5500.0,5695.0,5595.0,5400.0,5600.0,5695.0,5595.0,5495.0,6000.0,5095.0,6000.0,5395.0,5895.0,5795.0,5650.0,5895.0,5895.0,5900.0,6200.0,5950.0,5495.0,5950.0,6900.0,5895.0,7100.0,5995.0,5800.0,5525.0,5195.0,4850.0,4200.0,4494.0,3894.0,4000.0,3900.0,3800.0,3894.0,4050.0,4995.0,5695.0,5795.0,6285.0,6495.0,5990.0,5795.0,5795.0,6635.0,5795.0,5995.0,6600.0,6595.0,6995.0,7400.0,8000.0,11000.0,8500.0,8499.0,8000.0,6395.0,6395.0,6295.0,6490.0,6700.0,7250.0,7395.0,6795.0,6995.0,8750.0,7500.0,7495.0,6795.0,7000.0,6895.0,6595.0,6795.0,7295.0,7750.0,7953.0,7995.0,8995.0,12000.0,14500.0,7995.0,7495.0,7495.0,7495.0,7495.0,7495.0,8150.0,9995.0,9995.0,9995.0,11750.0,15000.0,15500.0,11995.0,8495.0,8995.0,9690.0,10495.0,8995.0,8900.0
Gravesend,Brooklyn,neighborhood,,2100.0,2000.0,2000.0,2000.0,,2500.0,,1750.0,1400.0,1350.0,1350.0,,,1500.0,2100.0,1600.0,1600.0,1600.0,1700.0,,2150.0,2150.0,1950.0,1950.0,,,,1800.0,1600.0,1600.0,1550.0,1800.0,2000.0,2300.0,3600.0,3600.0,3600.0,3600.0,3600.0,2000.0,2250.0,2000.0,2000.0,1800.0,1800.0,1700.0,2275.0,2350.0,2275.0,2275.0,2275.0,2200.0,2200.0,2000.0,2000.0,2750.0,1950.0,2100.0,2200.0,2400.0,2200.0,2300.0,2195.0,2200.0,2300.0,2500.0,2300.0,2200.0,1900.0,1875.0,2300.0,2500.0,2200.0,2000.0,2000.0,2100.0,2400.0,2500.0,2400.0,2300.0,2200.0,2350.0,2200.0,2300.0,2200.0,2300.0,2300.0,2400.0,2500.0,2500.0,2300.0,2195.0,2400.0,2600.0,2700.0,2500.0,2700.0,2650.0,2400.0,2300.0,2250.0,2699.0,2695.0,2400.0,2400.0,2350.0,2350.0,2600.0,2500.0,2405.0,2500.0,2400.0,2400.0,2400.0,2350.0,2450.0,2400.0,2400.0,2400.0,2379.0,2375.0,2500.0,2300.0,2300.0,2350.0,2325.0,2350.0,2300.0,2300.0,2070.0,2200.0,2250.0,2300.0,2350.0,2600.0,2400.0,2500.0,2350.0,2350.0,2600.0,2600.0,2850.0,2625.0,2450.0,2450.0,2350.0,2350.0,2500.0,2800.0,2750.0,2600.0,2750.0,2800.0,2800.0,2900.0,2850.0,2700.0,2850.0,2850.0,2350.0,3500.0,2995.0,2900.0,3000.0,2799.0,2800.0,2800.0,2995.0,3149.0,3200.0,2700.0,2700.0,2650.0,3400.0,3500.0,3300.0,3300.0,3000.0,3500.0,4000.0,3300.0,4000.0,3800.0,3300.0,3250.0,3000.0,3500.0,3500.0,3000.0,3000.0,3000.0,3300.0,3300.0,3050.0,3525.0,3499.0,3299.0,3250.0,3000.0
Greenpoint,Brooklyn,neighborhood,3000.0,3128.0,2900.0,2800.0,2500.0,2500.0,2500.0,2450.0,2400.0,2550.0,2495.0,2495.0,2900.0,2950.0,2300.0,2900.0,3000.0,2900.0,3300.0,2800.0,3350.0,3500.0,3500.0,3500.0,3200.0,3000.0,3200.0,3400.0,3200.0,3300.0,3200.0,3500.0,3600.0,3900.0,3500.0,3250.0,3400.0,3400.0,3400.0,3300.0,3500.0,3550.0,3500.0,3750.0,3700.0,3700.0,3600.0,3500.0,3500.0,3500.0,3500.0,3400.0,3500.0,3800.0,3999.0,3950.0,3550.0,3575.0,3600.0,3600.0,3400.0,3300.0,3600.0,3600.0,3490.0,3500.0,3600.0,3800.0,3800.0,3899.0,3711.0,3600.0,3500.0,3695.0,3650.0,3700.0,3666.0,3675.0,3900.0,3850.0,3850.0,3969.0,3700.0,3899.0,3800.0,3600.0,3800.0,3790.0,3750.0,3795.0,3695.0,3760.0,3799.0,3900.0,3671.0,3575.0,3500.0,3600.0,3995.0,3800.0,3700.0,3650.0,3700.0,3749.0,3720.0,3666.0,3600.0,3450.0,3695.0,3733.0,3750.0,3800.0,3995.0,3800.0,3900.0,4125.0,3995.0,3800.0,3618.0,3800.0,5195.0,5195.0,4495.0,4000.0,3800.0,3700.0,3750.0,3600.0,3490.0,3200.0,3300.0,3300.0,3325.0,3595.0,3550.0,3495.0,3500.0,4500.0,4545.0,4315.0,4300.0,4300.0,4250.0,4250.0,4500.0,4500.0,5000.0,5000.0,4995.0,5400.0,5495.0,5650.0,5500.0,5499.0,4800.0,4615.0,5100.0,5499.0,5395.0,5399.0,5250.0,5550.0,6000.0,6600.0,5500.0,5542.0,5490.0,5500.0,5400.0,5500.0,5500.0,5595.0,5595.0,6450.0,6000.0,5800.0,5695.0,5800.0,5800.0,5700.0,5895.0,6748.0,6800.0,6800.0,6382.0,6490.0,6500.0,6750.0,6861.0,7175.0,7500.0,7720.0,7750.0,6500.0,6500.0,8300.0,6995.0,7495.0,6800.0,7500.0
Greenwich Village,Manhattan,neighborhood,11500.0,13000.0,10000.0,9500.0,9500.0,8800.0,11000.0,10500.0,11000.0,8500.0,8500.0,7400.0,8000.0,11000.0,9000.0,12000.0,12000.0,9500.0,9500.0,9000.0,9500.0,9000.0,9000.0,9000.0,8200.0,10000.0,10000.0,10000.0,10500.0,8500.0,9500.0,9500.0,11000.0,10000.0,7950.0,9500.0,7150.0,6950.0,9000.0,9500.0,8950.0,11000.0,7500.0,7095.0,6800.0,8500.0,9000.0,9200.0,10900.0,10900.0,11500.0,9000.0,10500.0,10500.0,10000.0,7500.0,12000.0,10500.0,8200.0,11900.0,9500.0,11995.0,12000.0,9000.0,12500.0,13500.0,9000.0,9000.0,16500.0,15000.0,17999.0,15000.0,16000.0,17000.0,18000.0,15500.0,12000.0,13995.0,13995.0,10000.0,12000.0,15000.0,20000.0,17995.0,20000.0,16000.0,15000.0,13850.0,12900.0,11000.0,9750.0,9500.0,15500.0,15500.0,16500.0,14000.0,18000.0,14750.0,10950.0,9500.0,9500.0,8950.0,7600.0,9500.0,11995.0,15995.0,22500.0,13250.0,12750.0,19500.0,17500.0,12000.0,12000.0,11995.0,9900.0,9500.0,10000.0,14500.0,18000.0,18000.0,15900.0,15500.0,12850.0,19995.0,12000.0,9500.0,10200.0,8000.0,7091.0,7200.0,7995.0,8129.0,10500.0,12500.0,10000.0,11500.0,10200.0,7495.0,12000.0,10000.0,9500.0,7500.0,7500.0,12500.0,12500.0,12950.0,22000.0,10200.0,10200.0,12000.0,12000.0,12250.0,16000.0,12500.0,11250.0,10000.0,12500.0,11995.0,14000.0,17750.0,17750.0,14500.0,12500.0,12999.0,13000.0,12000.0,12500.0,11995.0,12300.0,13750.0,16995.0,13200.0,15500.0,15500.0,15500.0,13500.0,13750.0,12500.0,17000.0,19620.0,18840.0,19950.0,18500.0,14000.0,10500.0,12600.0,14000.0,15000.0,14500.0,12500.0,12500.0,18000.0,14500.0,17000.0,20000.0,12100.0,10850.0,10850.0,10750.0,15000.0
Greenwood,Brooklyn,neighborhood,2050.0,2050.0,1800.0,2395.0,1800.0,2395.0,2400.0,3500.0,3500.0,3200.0,2500.0,2100.0,3200.0,3200.0,3500.0,3500.0,3500.0,3000.0,3000.0,3000.0,3000.0,3000.0,2550.0,2550.0,2450.0,2450.0,2900.0,2900.0,2600.0,3700.0,4000.0,4000.0,4000.0,,2200.0,2500.0,2500.0,2000.0,3000.0,3000.0,2700.0,2700.0,2600.0,2600.0,4450.0,2600.0,2500.0,2400.0,2400.0,2850.0,2850.0,3400.0,2850.0,2850.0,2800.0,3225.0,3490.0,3100.0,3050.0,2950.0,2700.0,3200.0,2899.0,3100.0,3500.0,3500.0,3700.0,3500.0,3500.0,3250.0,2833.0,2895.0,2700.0,2650.0,2700.0,2700.0,3000.0,3000.0,3000.0,3250.0,3250.0,3200.0,3200.0,3000.0,2850.0,3500.0,3298.0,2995.0,3000.0,3000.0,3000.0,3250.0,3200.0,3100.0,3000.0,2850.0,3115.0,2800.0,2699.0,2995.0,3900.0,3700.0,3399.0,3400.0,3000.0,2764.0,2875.0,2695.0,2800.0,2850.0,2850.0,2850.0,2800.0,2800.0,3000.0,2995.0,2900.0,3150.0,2650.0,2695.0,3850.0,4299.0,4200.0,4000.0,4250.0,3400.0,2900.0,2800.0,2750.0,2600.0,2600.0,2750.0,2600.0,2595.0,2600.0,2900.0,2800.0,2895.0,2800.0,3100.0,3100.0,3000.0,2995.0,3100.0,3150.0,4000.0,4500.0,4500.0,4500.0,4300.0,3900.0,4100.0,4100.0,3599.0,4150.0,3999.0,3650.0,3975.0,3200.0,3450.0,3500.0,4299.0,3999.0,4050.0,4500.0,3850.0,3400.0,3999.0,3999.0,3695.0,3000.0,3500.0,4800.0,3999.0,5000.0,3900.0,3950.0,3900.0,3600.0,3245.0,3199.0,2999.0,3800.0,5200.0,3795.0,4800.0,4999.0,4999.0,4900.0,4500.0,5500.0,5300.0,5000.0,5000.0,4795.0,4200.0,4200.0,5100.0,4500.0,5000.0
Hamilton Heights,Manhattan,neighborhood,2400.0,2295.0,2400.0,2961.0,3300.0,2395.0,2825.0,2700.0,2400.0,2400.0,2700.0,2250.0,2295.0,2195.0,1995.0,2200.0,2500.0,2675.0,2700.0,2950.0,3000.0,2895.0,2895.0,2900.0,2900.0,2550.0,2850.0,2975.0,2650.0,2500.0,2500.0,2600.0,2600.0,2550.0,2550.0,2495.0,2750.0,3000.0,3000.0,3000.0,3100.0,3100.0,3000.0,3000.0,3100.0,3230.0,3495.0,3000.0,3200.0,3100.0,3100.0,3000.0,3000.0,2800.0,3200.0,3450.0,3595.0,3500.0,3400.0,3200.0,3000.0,2995.0,2786.0,2950.0,2950.0,3000.0,3200.0,3300.0,3300.0,3200.0,3000.0,2900.0,3000.0,3200.0,3200.0,3300.0,3200.0,3150.0,3150.0,3250.0,3200.0,3250.0,3025.0,3000.0,3000.0,3000.0,3000.0,3000.0,3295.0,3250.0,3200.0,3195.0,3200.0,3150.0,3100.0,3000.0,3025.0,3190.0,3257.0,3300.0,3300.0,3518.0,3345.0,3210.0,3200.0,3000.0,3025.0,3025.0,2990.0,2995.0,3000.0,3200.0,3295.0,3399.0,3300.0,3295.0,3500.0,3400.0,3375.0,3500.0,3375.0,3600.0,3600.0,3300.0,3150.0,3150.0,3150.0,3024.0,2856.0,2780.0,2800.0,2753.0,2830.0,2795.0,2895.0,2975.0,2995.0,3000.0,3200.0,3200.0,3100.0,3050.0,3000.0,3195.0,3095.0,3150.0,3050.0,3299.0,3300.0,3600.0,3700.0,3695.0,3495.0,3495.0,3425.0,3700.0,3700.0,3550.0,3300.0,3300.0,3800.0,3650.0,3650.0,3700.0,3650.0,3900.0,3812.0,4000.0,3600.0,3600.0,3700.0,3850.0,3750.0,3800.0,3995.0,3995.0,3895.0,3990.0,3600.0,4125.0,4000.0,4000.0,4000.0,4000.0,3800.0,3995.0,4250.0,4200.0,3999.0,3950.0,4000.0,4195.0,4000.0,3850.0,3500.0,4000.0,4100.0,4500.0,4500.0,4450.0
Highbridge,Bronx,neighborhood,,1600.0,1600.0,1600.0,,,,,,,,,,,,,,,,,,,,,,,,1550.0,1550.0,,,,,,,1450.0,1450.0,1345.0,1295.0,1295.0,1295.0,,1750.0,1750.0,,,,,,,,,,,,1700.0,2000.0,2000.0,2000.0,2000.0,2000.0,,,,1800.0,1800.0,1450.0,2200.0,1800.0,1800.0,1800.0,1900.0,1950.0,1900.0,1650.0,2300.0,2300.0,1999.0,2100.0,2200.0,2000.0,2000.0,1950.0,1950.0,2050.0,2150.0,2200.0,,1950.0,2050.0,2100.0,2200.0,2200.0,2200.0,2400.0,2300.0,2225.0,2200.0,2175.0,2175.0,2099.0,2400.0,2300.0,2275.0,2295.0,2250.0,2250.0,2345.0,2300.0,2300.0,2400.0,2300.0,2295.0,,2560.0,,,,2300.0,2295.0,2250.0,2400.0,2400.0,2275.0,,2050.0,2100.0,2100.0,2100.0,2718.0,2554.0,2300.0,2300.0,2300.0,2250.0,2250.0,2150.0,,2285.0,2350.0,2299.0,2299.0,2300.0,2300.0,,,2650.0,2750.0,2750.0,2550.0,2850.0,3000.0,2950.0,2800.0,3000.0,2599.0,2600.0,3019.0,3214.0,3214.0,2850.0,2700.0,3385.0,3385.0,3200.0,,,2400.0,,,2300.0,2300.0,2650.0,,2600.0,2600.0,2565.0,2565.0,2565.0,,3218.0,3218.0,,2800.0,2600.0,,,,,,3600.0,3600.0,,3694.0,3694.0,3694.0,3694.0,3700.0,3550.0,3550.0
Hillcrest,Queens,neighborhood,,,,,,,,,,,,,,,,,,,,,,,,,,,,,,,1850.0,1850.0,,,,,,,,,,,,,2250.0,2250.0,2250.0,2250.0,2250.0,2250.0,,,,,,2300.0,,,3500.0,3500.0,2100.0,2100.0,2100.0,,,2150.0,2500.0,,,2000.0,2000.0,2800.0,2800.0,2800.0,2500.0,,,,3500.0,3250.0,3150.0,4000.0,3500.0,3250.0,3250.0,3000.0,2995.0,2500.0,2500.0,2600.0,2800.0,3300.0,,,2500.0,2400.0,2400.0,2400.0,2700.0,2700.0,3999.0,2950.0,4500.0,4150.0,4000.0,4000.0,3200.0,3500.0,3200.0,3200.0,3700.0,4200.0,4200.0,4350.0,4300.0,3200.0,3200.0,3200.0,3200.0,3200.0,3200.0,3200.0,3200.0,3000.0,4000.0,3900.0,3800.0,3800.0,3800.0,3800.0,3800.0,,,2600.0,2600.0,2600.0,,,,,3900.0,3100.0,3100.0,3200.0,5800.0,4599.0,3800.0,3800.0,4349.0,2650.0,4349.0,4350.0,4300.0,3200.0,3500.0,3000.0,3500.0,3800.0,3750.0,4200.0,2300.0,4500.0,4500.0,4200.0,3400.0,3500.0,3499.0,3600.0,3000.0,3500.0,,,,4750.0,5500.0,5400.0,3600.0,3600.0,4100.0,4200.0,6500.0,4000.0,4200.0,6500.0,3200.0,,3800.0,3800.0,3800.0,3000.0,3990.0,2800.0,4500.0,3790.0,3300.0,4200.0,3295.0,3295.0,2850.0,
Hollis,Queens,neighborhood,,,,,,,,,,,,,,,,,,,,,,,,,,,,,,,,,,,,,,,,,,,,1799.0,1599.0,1600.0,1600.0,1600.0,1600.0,,,1700.0,1700.0,,,,,,,,,,,,1850.0,,1750.0,1750.0,1750.0,1850.0,2000.0,2000.0,2000.0,,,2100.0,2095.0,,,,,,,,1900.0,,3500.0,3500.0,3500.0,3500.0,,,2250.0,3000.0,3000.0,2500.0,2500.0,3800.0,2395.0,,2300.0,2300.0,2300.0,2400.0,,3400.0,3400.0,,2500.0,2400.0,,2200.0,,,,2300.0,2300.0,2500.0,2650.0,3000.0,2450.0,2800.0,2800.0,2800.0,2800.0,2800.0,2800.0,2800.0,2800.0,2800.0,2800.0,,,2200.0,1900.0,,,,,2095.0,2095.0,2095.0,2300.0,2800.0,3095.0,2300.0,2300.0,,2500.0,,,,2300.0,2900.0,,6000.0,6000.0,,2700.0,2700.0,3250.0,2800.0,2800.0,2800.0,2800.0,3300.0,3400.0,,,3188.0,3188.0,3600.0,3500.0,3000.0,2950.0,2950.0,2900.0,2900.0,,,,,7500.0,3895.0,3000.0,,3200.0,3200.0,,,3600.0,3495.0,3600.0,4000.0,4000.0,5000.0,3299.0,3000.0,3000.0,3000.0
Howard Beach,Queens,neighborhood,1650.0,1650.0,1650.0,1650.0,1650.0,1650.0,,,,,,,,,,,,,,,1825.0,1650.0,1700.0,1700.0,1700.0,,1800.0,,,,,,,,,2175.0,,2100.0,,,,,,1900.0,1900.0,2800.0,,2500.0,,,1700.0,,,,1750.0,,,2250.0,,2200.0,2000.0,2000.0,2000.0,2000.0,2000.0,,,,,2200.0,2200.0,,,,,2400.0,2400.0,2350.0,2350.0,2300.0,2350.0,2350.0,2275.0,,2200.0,2200.0,1999.0,1999.0,2299.0,3000.0,3000.0,1950.0,2000.0,2500.0,2300.0,3100.0,2100.0,2100.0,2300.0,2300.0,2000.0,1950.0,2000.0,2200.0,2300.0,2300.0,2300.0,2200.0,2895.0,2895.0,2600.0,2500.0,2400.0,2399.0,2400.0,2500.0,3000.0,2299.0,3100.0,3100.0,3100.0,4100.0,3100.0,3100.0,3500.0,2299.0,,,2499.0,2250.0,2250.0,2250.0,2250.0,2250.0,2250.0,2500.0,2500.0,2500.0,2500.0,2500.0,2500.0,2450.0,2650.0,3000.0,2650.0,2500.0,2500.0,2599.0,2500.0,2700.0,3200.0,2600.0,2500.0,2500.0,2850.0,2400.0,2400.0,2400.0,2700.0,2700.0,2500.0,2500.0,2950.0,2600.0,2750.0,2850.0,2600.0,2500.0,2600.0,2650.0,2650.0,3200.0,2600.0,3600.0,,3555.0,2950.0,3000.0,3598.0,3300.0,3200.0,2600.0,2550.0,2800.0,2500.0,2600.0,,4000.0,6000.0,2850.0,,,3150.0,,2999.0,2800.0,3700.0,3500.0,3000.0,2900.0
Hunts Point,Bronx,neighborhood,,,,,,,,,,,,,,,,,,,,,,,,,,,,,,,,,,,,,,,,,,,1650.0,1650.0,,,,,,,,,,,,,,,,,1750.0,1750.0,1850.0,1850.0,,,,,,2100.0,1995.0,,,,,,,1995.0,2300.0,2300.0,2300.0,,,,,,,2275.0,2275.0,2100.0,2100.0,,,2300.0,2300.0,2300.0,2050.0,2050.0,2150.0,1950.0,2250.0,2250.0,2250.0,2250.0,2250.0,,2270.0,2270.0,,,,,,2350.0,2350.0,2200.0,2500.0,2500.0,2500.0,2500.0,2500.0,2500.0,2500.0,2500.0,,,2500.0,2500.0,2500.0,2500.0,,,,,,,,,,,,,,3100.0,2325.0,2325.0,2325.0,2565.0,2565.0,,3200.0,2565.0,3200.0,3200.0,3000.0,,,,3395.0,,,2650.0,2650.0,2650.0,3350.0,3350.0,3250.0,3250.0,3800.0,,,3700.0,3705.0,3705.0,3705.0,3777.0,,2511.0,2524.0,3850.0,3457.0,2400.0,3300.0,2800.0,3850.0,4000.0,,,,,,2710.0,2710.0,,,3300.0,3200.0,3200.0,3500.0,3500.0
Inwood,Manhattan,neighborhood,,,1647.0,1647.0,1550.0,1550.0,1595.0,1595.0,2200.0,2200.0,1811.0,2200.0,2200.0,2000.0,1499.0,3750.0,2000.0,2000.0,3300.0,2795.0,2295.0,2500.0,2295.0,2295.0,2795.0,3200.0,2195.0,2275.0,2275.0,2450.0,2275.0,1999.0,1925.0,1649.0,2500.0,2200.0,2700.0,2400.0,2000.0,2000.0,2900.0,2500.0,2500.0,2575.0,2550.0,2500.0,1900.0,1900.0,2350.0,2605.0,2395.0,2400.0,2795.0,2400.0,2500.0,2995.0,2700.0,3000.0,2525.0,2500.0,2450.0,2450.0,2440.0,2445.0,2300.0,3300.0,2525.0,2250.0,3295.0,3295.0,2700.0,2500.0,2480.0,2250.0,2495.0,2500.0,2500.0,2600.0,2595.0,2800.0,2995.0,2995.0,2795.0,2750.0,2750.0,2700.0,2650.0,2650.0,2700.0,2750.0,2750.0,2650.0,2600.0,2750.0,2700.0,2700.0,2600.0,2600.0,3180.0,2900.0,2873.0,2750.0,2695.0,2750.0,2595.0,2500.0,2595.0,2795.0,2750.0,2675.0,2718.0,2800.0,2750.0,2995.0,2795.0,2795.0,2850.0,2950.0,2875.0,2875.0,2875.0,2700.0,2500.0,2800.0,2800.0,2650.0,2569.0,2625.0,2700.0,2725.0,2600.0,2595.0,2600.0,2700.0,2700.0,2700.0,2700.0,2500.0,2700.0,2850.0,2899.0,2795.0,2750.0,2900.0,2899.0,2900.0,2725.0,2800.0,2999.0,2750.0,2699.0,2916.0,2950.0,3000.0,3000.0,3150.0,3200.0,2900.0,3303.0,3200.0,3200.0,3100.0,3150.0,3000.0,3100.0,3100.0,3000.0,2900.0,3300.0,3100.0,3100.0,3000.0,3000.0,3200.0,3200.0,3200.0,3120.0,2850.0,3000.0,3000.0,3000.0,3100.0,3190.0,3200.0,3300.0,5000.0,3500.0,3700.0,4200.0,3995.0,3300.0,3300.0,3295.0,3493.0,3200.0,3000.0,3200.0,3100.0,3190.0,3400.0
Jackson Heights,Queens,neighborhood,,1795.0,1795.0,1795.0,1895.0,1895.0,1895.0,,,,,2000.0,2000.0,2000.0,2000.0,2000.0,2000.0,2000.0,2000.0,2000.0,2000.0,2000.0,2000.0,2200.0,2200.0,2200.0,2200.0,2300.0,1900.0,2200.0,2200.0,,1895.0,1895.0,2100.0,1800.0,2100.0,2100.0,2200.0,2200.0,2200.0,2200.0,2250.0,2200.0,2200.0,1850.0,1850.0,2500.0,2600.0,2450.0,2400.0,2000.0,2900.0,2500.0,2350.0,2200.0,2350.0,2200.0,2095.0,2095.0,2200.0,2200.0,2200.0,2350.0,4500.0,4500.0,2750.0,2800.0,3200.0,3200.0,2500.0,2500.0,2750.0,2750.0,2500.0,2500.0,2500.0,2750.0,2995.0,3000.0,2800.0,2700.0,2700.0,2795.0,2500.0,2500.0,2900.0,2650.0,2600.0,2500.0,2500.0,2700.0,2800.0,2500.0,2600.0,2650.0,2550.0,2650.0,2695.0,2800.0,2850.0,2650.0,2600.0,2600.0,2400.0,2450.0,2395.0,2700.0,2600.0,2700.0,2600.0,2600.0,2700.0,2700.0,2700.0,2695.0,2550.0,2600.0,2595.0,2695.0,2695.0,2950.0,3000.0,4150.0,2800.0,2800.0,2700.0,2600.0,2600.0,2695.0,2600.0,2700.0,2500.0,2500.0,2600.0,2600.0,2500.0,2695.0,2795.0,2900.0,3000.0,2795.0,2950.0,2499.0,2500.0,2500.0,3100.0,2895.0,2895.0,3100.0,2800.0,3000.0,3250.0,2950.0,2700.0,3300.0,3000.0,3300.0,3000.0,2850.0,3395.0,3265.0,3200.0,3150.0,3594.0,3200.0,3250.0,3550.0,3200.0,3200.0,3200.0,3700.0,3500.0,3500.0,3500.0,3500.0,3450.0,3450.0,3450.0,3450.0,3495.0,3495.0,3300.0,3350.0,3400.0,3400.0,3999.0,3795.0,3649.0,3300.0,3500.0,3300.0,3300.0,3299.0,3100.0,3750.0,3449.0,3600.0,3600.0,3500.0
Jamaica,Queens,neighborhood,,,,,,,,,,,,,1850.0,1675.0,1675.0,1675.0,1675.0,1675.0,,,,1700.0,1700.0,1700.0,1750.0,,,,,2295.0,2295.0,1500.0,1500.0,1500.0,1500.0,,,1500.0,1500.0,1500.0,1500.0,1500.0,,,,,1900.0,1600.0,1600.0,1750.0,1400.0,1400.0,,1600.0,1700.0,2500.0,2300.0,2300.0,2300.0,2500.0,2500.0,2500.0,2500.0,2500.0,1995.0,1600.0,1600.0,1600.0,,2200.0,2400.0,2400.0,1800.0,1800.0,2500.0,2250.0,2500.0,1950.0,1950.0,3667.0,3667.0,3667.0,3700.0,3500.0,3500.0,2950.0,3400.0,3300.0,2250.0,2200.0,2250.0,,2000.0,2900.0,2600.0,2600.0,2300.0,3600.0,3550.0,3500.0,3300.0,3500.0,3500.0,2500.0,2500.0,2500.0,2419.0,2500.0,2700.0,2500.0,2600.0,2950.0,3947.0,2420.0,2420.0,2599.0,2450.0,2995.0,2995.0,2600.0,2750.0,3000.0,2639.0,2500.0,2639.0,2639.0,2750.0,2750.0,2750.0,2500.0,2650.0,2550.0,3975.0,3975.0,2550.0,2700.0,2700.0,2800.0,3150.0,3530.0,4000.0,3975.0,3992.0,3992.0,3900.0,4141.0,3900.0,4000.0,3200.0,4141.0,4141.0,4125.0,4125.0,3100.0,3900.0,3500.0,3900.0,3495.0,3500.0,3200.0,3395.0,3918.0,3918.0,3300.0,3750.0,3999.0,3800.0,3700.0,4000.0,4000.0,3600.0,2850.0,4500.0,4400.0,4400.0,4500.0,4500.0,4400.0,4500.0,4500.0,4200.0,3500.0,3500.0,4500.0,4400.0,4400.0,4500.0,4500.0,4500.0,4500.0,3800.0,3352.0,3800.0,3800.0,3750.0,3352.0,3300.0,3500.0,3299.0,3495.0
Jamaica Estates,Queens,neighborhood,5000.0,5000.0,,,,,,,,,,,2800.0,2800.0,3500.0,3500.0,3500.0,3500.0,3500.0,3500.0,3500.0,,,,,,,,,,,,,,,,,,2000.0,2000.0,,,,,,,2700.0,2500.0,5000.0,,,,2000.0,2800.0,2695.0,2995.0,2750.0,2700.0,2700.0,2700.0,2700.0,3750.0,3750.0,2995.0,2995.0,3250.0,4000.0,4000.0,2200.0,2150.0,3500.0,3500.0,3500.0,2900.0,2900.0,3500.0,3500.0,3295.0,3195.0,3046.0,3000.0,8500.0,5000.0,4999.0,5000.0,3500.0,3500.0,3200.0,3500.0,3500.0,3500.0,3950.0,3600.0,3000.0,2399.0,4000.0,3700.0,2900.0,2850.0,5750.0,5000.0,3950.0,4500.0,3800.0,4200.0,4500.0,3700.0,3700.0,,5000.0,3600.0,3600.0,3600.0,4600.0,5300.0,2900.0,3495.0,2500.0,4000.0,4000.0,3600.0,4500.0,4300.0,6500.0,5300.0,4500.0,2750.0,3600.0,4500.0,3390.0,3500.0,5000.0,,4000.0,4000.0,2750.0,3800.0,4099.0,5800.0,2350.0,4495.0,4195.0,2500.0,3300.0,3300.0,3117.0,3117.0,3095.0,3095.0,5400.0,2995.0,2800.0,5800.0,5500.0,4900.0,4800.0,4800.0,4800.0,4800.0,5800.0,6500.0,3500.0,3500.0,3700.0,3700.0,3700.0,4100.0,3050.0,3050.0,4500.0,4500.0,3700.0,,,4695.0,4695.0,3250.0,,7500.0,5500.0,6000.0,6000.0,3100.0,6000.0,6000.0,3725.0,3200.0,3550.0,3553.0,3995.0,3795.0,3750.0,3600.0,3400.0,3350.0,3090.0,6500.0,,3050.0,6500.0
Jamaica Hills,Queens,neighborhood,,,,,,,,,,,,1850.0,1850.0,1850.0,1850.0,1850.0,1850.0,1850.0,1850.0,1850.0,1850.0,1850.0,1850.0,,,,,,,,,,,,,,,1700.0,1700.0,1700.0,,,,,,,,,2000.0,2000.0,,,,2000.0,2000.0,1800.0,,,2800.0,2800.0,2800.0,3200.0,,,,,2500.0,,,2800.0,,,,,2500.0,2500.0,,2500.0,2500.0,2100.0,2200.0,2500.0,3500.0,3500.0,2800.0,2500.0,2600.0,2600.0,2600.0,3500.0,3500.0,2750.0,2000.0,3500.0,,,,2350.0,2200.0,2200.0,2400.0,3000.0,2800.0,3000.0,3000.0,3150.0,2990.0,2850.0,2849.0,2900.0,2900.0,2699.0,2900.0,2300.0,2850.0,2850.0,2500.0,2750.0,2900.0,3900.0,3900.0,3900.0,3200.0,3200.0,,2550.0,3995.0,3995.0,2500.0,2400.0,2400.0,2750.0,2650.0,2995.0,2650.0,2650.0,2650.0,3400.0,5500.0,5500.0,3500.0,,,,,,2650.0,,,3200.0,2800.0,2900.0,2950.0,3000.0,3000.0,3100.0,2450.0,,,,3700.0,,,4000.0,4000.0,3392.0,3392.0,3186.0,3475.0,5495.0,5495.0,3575.0,3575.0,,,,4000.0,4000.0,3208.0,3208.0,3750.0,3000.0,3225.0,3225.0,,,,2950.0,3800.0,3800.0,,,,,,,,2600.0,,3900.0
Kensington,Brooklyn,neighborhood,2100.0,2100.0,2400.0,2400.0,2100.0,2100.0,2000.0,2100.0,2100.0,2000.0,2000.0,2700.0,2200.0,2000.0,2200.0,2000.0,2100.0,2100.0,2100.0,1850.0,2000.0,1850.0,1675.0,1850.0,2000.0,2000.0,2195.0,2300.0,2400.0,2300.0,2300.0,2000.0,1995.0,2500.0,2400.0,1975.0,2650.0,2500.0,2650.0,3000.0,3000.0,3000.0,2500.0,2500.0,2300.0,2500.0,2500.0,2200.0,2400.0,2400.0,2395.0,2300.0,2300.0,2500.0,2500.0,2600.0,2600.0,2595.0,2900.0,2900.0,3000.0,2998.0,2800.0,2800.0,2800.0,2800.0,2800.0,3000.0,3000.0,2750.0,2975.0,2700.0,2995.0,2914.0,3000.0,3050.0,3000.0,2950.0,2800.0,2800.0,2800.0,2800.0,2800.0,2500.0,2500.0,2745.0,2500.0,2600.0,2500.0,2750.0,2800.0,2800.0,2700.0,2799.0,2667.0,2667.0,2675.0,2599.0,2600.0,2550.0,3000.0,2800.0,2900.0,3000.0,2800.0,2750.0,2800.0,2899.0,2970.0,2850.0,2950.0,2800.0,2800.0,2750.0,2899.0,2900.0,2700.0,2750.0,2800.0,3150.0,3250.0,3095.0,2900.0,3500.0,2695.0,3000.0,2995.0,3000.0,3000.0,2850.0,2800.0,2700.0,2800.0,2750.0,3000.0,2900.0,2800.0,2800.0,2900.0,2750.0,2800.0,2975.0,2999.0,2600.0,2750.0,3149.0,3200.0,2999.0,2950.0,3400.0,3500.0,3450.0,3450.0,3500.0,3500.0,3400.0,3400.0,3050.0,3399.0,3500.0,3350.0,3495.0,3500.0,3500.0,3295.0,3200.0,3200.0,3450.0,3499.0,3490.0,3490.0,3490.0,3500.0,3495.0,3400.0,3500.0,4000.0,3450.0,3900.0,3750.0,3499.0,3400.0,3850.0,4275.0,3700.0,3700.0,3995.0,3700.0,3975.0,3995.0,4000.0,4000.0,3950.0,3750.0,3750.0,4200.0,3600.0,3800.0,4000.0,3850.0
Kew Gardens,Queens,neighborhood,1700.0,2800.0,2500.0,2500.0,2500.0,,,,1850.0,1850.0,,,,,,1000.0,1000.0,1900.0,1900.0,2095.0,2700.0,2300.0,2300.0,800.0,2750.0,2750.0,3000.0,,4000.0,4000.0,4000.0,4000.0,,,,,,1795.0,1695.0,,2100.0,2100.0,2200.0,2200.0,2100.0,2000.0,2000.0,2000.0,1998.0,1795.0,1950.0,1950.0,2000.0,2195.0,2000.0,2595.0,1950.0,1950.0,2200.0,2175.0,1995.0,2100.0,2075.0,2095.0,2400.0,2095.0,2300.0,2300.0,2300.0,2300.0,2300.0,2200.0,2200.0,2200.0,2200.0,2750.0,2750.0,2500.0,2400.0,3000.0,2995.0,2995.0,2995.0,2600.0,2599.0,2550.0,2600.0,2500.0,2500.0,2750.0,2750.0,3300.0,2700.0,2650.0,2650.0,2500.0,3500.0,3295.0,2750.0,2400.0,2657.0,2657.0,2700.0,2950.0,2650.0,2599.0,2583.0,2650.0,2700.0,2800.0,2700.0,2700.0,2917.0,2950.0,2850.0,3000.0,2800.0,2650.0,2500.0,2530.0,2530.0,2550.0,2730.0,2650.0,2800.0,2650.0,2650.0,2650.0,2500.0,2500.0,2500.0,2600.0,2500.0,2575.0,2800.0,2700.0,2500.0,2500.0,2450.0,2600.0,2800.0,2600.0,2600.0,2750.0,2999.0,2600.0,2650.0,2845.0,2699.0,2800.0,2800.0,2800.0,3000.0,3300.0,3200.0,3500.0,3500.0,3500.0,2900.0,3000.0,3000.0,3000.0,3000.0,2750.0,2800.0,3200.0,3250.0,3175.0,3606.0,3150.0,2750.0,3600.0,3200.0,3550.0,3300.0,3800.0,3800.0,2995.0,2995.0,3100.0,3350.0,3450.0,3000.0,3700.0,6000.0,6000.0,3600.0,3500.0,3800.0,3800.0,4250.0,3800.0,3800.0,3600.0,3600.0,3895.0,3100.0,3100.0,3500.0,3550.0
Kew Gardens Hills,Queens,neighborhood,1700.0,1700.0,1700.0,1700.0,,2375.0,1800.0,1600.0,1600.0,1600.0,,2000.0,2350.0,2350.0,2350.0,2350.0,2350.0,2350.0,2925.0,2925.0,,,,,,2100.0,2100.0,2895.0,2795.0,2795.0,,,,,2750.0,2750.0,2600.0,2600.0,2600.0,2250.0,4000.0,,2500.0,2500.0,2500.0,2500.0,2500.0,,,,2400.0,2250.0,,,,,,2300.0,2300.0,2250.0,2400.0,2400.0,2850.0,2650.0,2650.0,2650.0,2700.0,2700.0,2700.0,2500.0,2500.0,2250.0,2600.0,2600.0,2500.0,2500.0,2500.0,2500.0,2399.0,2350.0,2775.0,3100.0,2800.0,2695.0,2695.0,2700.0,2700.0,3250.0,2700.0,2800.0,2800.0,3500.0,3300.0,2750.0,2950.0,2950.0,2899.0,2599.0,2470.0,2800.0,2800.0,2900.0,3150.0,3666.0,2800.0,2500.0,2800.0,2300.0,2300.0,2250.0,2450.0,2450.0,3600.0,3000.0,3000.0,3666.0,3666.0,3200.0,3200.0,2400.0,3750.0,1950.0,3750.0,2700.0,2800.0,2695.0,3000.0,1899.0,2700.0,2700.0,3695.0,,2400.0,2400.0,2400.0,2400.0,2150.0,2150.0,,3000.0,3000.0,2700.0,2700.0,2300.0,3500.0,3750.0,3500.0,2995.0,2995.0,2995.0,2700.0,2800.0,3100.0,3295.0,3300.0,3000.0,3200.0,2850.0,2650.0,2650.0,3100.0,4250.0,3999.0,3749.0,3999.0,4500.0,4250.0,2900.0,2900.0,3250.0,2650.0,2900.0,4000.0,2650.0,3995.0,2795.0,2795.0,3450.0,2995.0,2850.0,3400.0,2800.0,2900.0,3500.0,3700.0,3100.0,3800.0,3300.0,3300.0,3500.0,3100.0,3050.0,3980.0,3100.0,3700.0,4250.0,,2900.0,3000.0,3500.0
Kingsbridge,Bronx,neighborhood,1725.0,1725.0,1725.0,1725.0,,,,,,,,,1750.0,1850.0,2500.0,2500.0,2500.0,1850.0,1850.0,1975.0,,,,,,2898.0,2898.0,2625.0,2958.0,2200.0,1900.0,1900.0,1900.0,1900.0,1900.0,2300.0,2300.0,1900.0,2200.0,1900.0,1900.0,2800.0,2800.0,2200.0,2000.0,1900.0,1900.0,1975.0,1900.0,1975.0,1350.0,2200.0,2200.0,2200.0,2200.0,1950.0,1900.0,1900.0,1900.0,1800.0,2195.0,2025.0,2200.0,2200.0,1800.0,2400.0,2400.0,2400.0,2200.0,2400.0,2400.0,2400.0,2400.0,2800.0,2300.0,2400.0,2200.0,2300.0,2500.0,2700.0,2600.0,2650.0,2566.0,2566.0,2650.0,2841.0,2841.0,2849.0,2841.0,2840.0,2840.0,2450.0,2450.0,2500.0,2500.0,2500.0,2500.0,2150.0,2300.0,2500.0,2795.0,2790.0,2600.0,2600.0,2550.0,2475.0,2400.0,2475.0,2400.0,2450.0,2600.0,2650.0,2500.0,2500.0,3050.0,2566.0,2566.0,2849.0,2650.0,2400.0,2520.0,2520.0,2400.0,2400.0,2750.0,2750.0,2699.0,2700.0,2600.0,2495.0,2434.0,2799.0,2799.0,2725.0,2750.0,2850.0,2850.0,2750.0,2750.0,2750.0,2750.0,2750.0,2500.0,2500.0,2470.0,2500.0,2500.0,2700.0,2850.0,3500.0,3995.0,4200.0,3185.0,3495.0,3495.0,3495.0,3495.0,3495.0,3350.0,3098.0,3000.0,3475.0,3475.0,3475.0,3500.0,3400.0,3385.0,3385.0,3777.0,4070.0,3777.0,3777.0,3400.0,3600.0,3777.0,3950.0,4250.0,3500.0,3900.0,3500.0,3400.0,3395.0,3395.0,3250.0,3500.0,3700.0,3750.0,3750.0,3640.0,3640.0,3800.0,3800.0,3900.0,3900.0,4350.0,3800.0,3800.0,3900.0,3619.0,4400.0
Laconia,Bronx,neighborhood,,,,,,,1700.0,1700.0,,,,,,,,,,,,2300.0,2300.0,2300.0,2300.0,2300.0,2300.0,,,,,,,,,,,,,,,,,,,,,,,,,1750.0,1750.0,1750.0,1750.0,,,,,,,2300.0,,,,,,1600.0,1600.0,,,,,1800.0,1800.0,,,,,,,,,,,2100.0,2100.0,2100.0,2500.0,2400.0,2400.0,2400.0,,,,,,,2600.0,,,,,,,,,,,,,,2550.0,2550.0,2550.0,2300.0,2695.0,2650.0,2600.0,2600.0,2550.0,2650.0,2650.0,2400.0,2400.0,2400.0,2400.0,2400.0,2600.0,,,,,,,,2100.0,,,,,,2695.0,2499.0,2300.0,,2850.0,2200.0,2650.0,2200.0,2400.0,,,,2400.0,2300.0,,3100.0,3100.0,2400.0,3019.0,3250.0,,,3086.0,3075.0,3000.0,3000.0,3000.0,2950.0,2950.0,3200.0,3200.0,,3200.0,3200.0,2950.0,2950.0,4263.0,,,,,3000.0,3000.0,3500.0,3500.0,3500.0,,,3650.0,3650.0,,,,,,,3753.0,4000.0,,
Laurelton,Queens,neighborhood,,,,,,,,,,,,,,,,,,,,,,,,,,,,,,,,,,,,,,,,,,,,,,,,,,,,,,,,,1850.0,1850.0,1850.0,,,,,,,,,,2300.0,2300.0,2300.0,,,2100.0,2100.0,2100.0,,,1600.0,,2700.0,2700.0,2700.0,,,,,1850.0,2100.0,2200.0,2500.0,2100.0,,,,,,,3095.0,3095.0,2500.0,2500.0,2400.0,,,2750.0,,,,2400.0,2400.0,,2900.0,2900.0,2900.0,,,,,,2300.0,2700.0,2700.0,2500.0,,,,,,,,2400.0,,2400.0,2900.0,2900.0,,,,3500.0,3000.0,,3300.0,3300.0,2400.0,,,2500.0,,3103.0,3103.0,3400.0,3400.0,,3299.0,,3650.0,3200.0,,,,,3000.0,3000.0,2500.0,2800.0,3075.0,,3000.0,,,,3100.0,3100.0,3500.0,3400.0,,,,,3200.0,,3200.0,3250.0,3350.0,3250.0,3095.0,3095.0,3000.0,2700.0,4500.0,,,,,3500.0,3500.0,,4400.0,3800.0
Little Italy,Manhattan,neighborhood,4500.0,4250.0,3600.0,4250.0,5895.0,5900.0,5700.0,5700.0,6800.0,4950.0,5700.0,5500.0,5250.0,5250.0,5250.0,5200.0,4900.0,6550.0,6250.0,5350.0,5795.0,5950.0,2950.0,3800.0,4200.0,5150.0,5300.0,3200.0,6800.0,4595.0,4250.0,4050.0,3800.0,3800.0,6500.0,6500.0,6750.0,6750.0,11000.0,5150.0,5700.0,13000.0,7250.0,12000.0,7850.0,7250.0,7250.0,4150.0,5500.0,7850.0,7250.0,5900.0,5900.0,7295.0,6300.0,6950.0,6950.0,6950.0,6950.0,5950.0,4950.0,4950.0,5950.0,5950.0,8500.0,6995.0,5495.0,5395.0,5995.0,5800.0,4995.0,5500.0,5700.0,5700.0,5800.0,6100.0,5995.0,5700.0,6250.0,6250.0,6000.0,5800.0,5800.0,5800.0,5700.0,5600.0,5600.0,5600.0,4700.0,5500.0,5500.0,6400.0,5795.0,4395.0,3764.0,3764.0,4700.0,5670.0,5800.0,5500.0,6400.0,5695.0,5100.0,5565.0,5800.0,4500.0,4500.0,4500.0,4500.0,4500.0,4875.0,4400.0,5200.0,5800.0,5995.0,5995.0,5995.0,5995.0,5995.0,5995.0,5995.0,5995.0,6095.0,6095.0,5500.0,4995.0,4980.0,4583.0,4112.0,4166.0,3695.0,3695.0,3600.0,3550.0,3550.0,3800.0,4583.0,5000.0,5700.0,5995.0,6000.0,5900.0,5250.0,5000.0,5000.0,5895.0,5995.0,6496.0,6495.0,6495.0,6995.0,6995.0,6750.0,6500.0,6540.0,8950.0,6995.0,6000.0,6500.0,6095.0,6750.0,6795.0,6895.0,6700.0,6750.0,6700.0,5695.0,8975.0,8925.0,6500.0,8500.0,8500.0,7300.0,6995.0,6900.0,6895.0,6399.0,6399.0,6450.0,6400.0,6399.0,6895.0,6795.0,6999.0,7800.0,6999.0,7299.0,9800.0,10000.0,6500.0,6500.0,17500.0,25000.0,6995.0,8700.0,8395.0,7999.0,8399.0,8295.0,7995.0
Little Neck,Queens,neighborhood,1800.0,1800.0,1800.0,,2495.0,2150.0,2150.0,2150.0,2150.0,2150.0,2150.0,2150.0,2150.0,2150.0,2150.0,,,,,,,,,,1800.0,1800.0,,1800.0,1800.0,,,1900.0,3000.0,3000.0,,,2450.0,2450.0,2450.0,2450.0,1900.0,2800.0,2800.0,2800.0,1900.0,,2000.0,2000.0,,,,,,2495.0,2395.0,3500.0,2550.0,2350.0,2400.0,2400.0,2100.0,2100.0,2250.0,2250.0,2250.0,2100.0,2100.0,2100.0,2100.0,3100.0,2200.0,2100.0,2100.0,2100.0,2100.0,2800.0,2300.0,3850.0,3000.0,2600.0,2600.0,2500.0,2500.0,2100.0,2450.0,2500.0,2500.0,3200.0,3200.0,2800.0,2800.0,2500.0,3500.0,3500.0,3500.0,2150.0,,,2600.0,2600.0,2600.0,2600.0,2500.0,2450.0,2300.0,2300.0,2300.0,2300.0,2250.0,2800.0,2300.0,2750.0,2750.0,2700.0,2699.0,2599.0,2499.0,2500.0,2700.0,2499.0,2499.0,2450.0,,,2500.0,,2300.0,2700.0,3400.0,3200.0,3200.0,,,,,,,2300.0,2400.0,2800.0,,2795.0,2795.0,2795.0,3300.0,3200.0,3399.0,4495.0,4495.0,4500.0,2300.0,,2895.0,2795.0,2795.0,3300.0,3300.0,2700.0,2650.0,2650.0,3695.0,3695.0,,4600.0,2800.0,,4500.0,5995.0,5495.0,3995.0,3995.0,3850.0,4300.0,4995.0,4695.0,3995.0,3995.0,2999.0,2999.0,3200.0,3200.0,3150.0,3150.0,2750.0,2750.0,4300.0,3795.0,4950.0,,3300.0,3500.0,3500.0,,4995.0,4995.0,4750.0,3500.0,3595.0,3495.0,4495.0
Long Island City,Queens,neighborhood,4339.0,4523.0,4500.0,4500.0,4500.0,4500.0,4500.0,4000.0,4320.0,4650.0,4650.0,4450.0,4250.0,3995.0,,3200.0,3895.0,3895.0,5445.0,4900.0,5100.0,6000.0,5000.0,4800.0,5000.0,4800.0,5200.0,4947.0,5200.0,5250.0,5250.0,5250.0,5250.0,5250.0,5000.0,5000.0,5000.0,5750.0,5700.0,5490.0,5490.0,5390.0,5390.0,4995.0,4995.0,4830.0,4695.0,4795.0,4610.0,4500.0,4395.0,5012.0,5012.0,5745.0,5725.0,5155.0,3900.0,3900.0,3900.0,2800.0,2725.0,4250.0,4250.0,4250.0,4592.0,5000.0,4607.0,5600.0,5995.0,5295.0,5195.0,5195.0,4562.0,4895.0,5500.0,5550.0,5650.0,5300.0,5400.0,5685.0,5577.0,5375.0,5500.0,5450.0,5337.0,5475.0,5051.0,5400.0,5325.0,5350.0,5275.0,5718.0,5300.0,4887.0,4754.0,4615.0,4615.0,4600.0,4671.0,5314.0,5400.0,5175.0,5350.0,5250.0,5160.0,5155.0,5200.0,4950.0,4995.0,5010.0,5235.0,5500.0,5325.0,5967.0,5400.0,5550.0,5300.0,5409.0,5400.0,5015.0,4900.0,5280.0,4925.0,3831.0,4734.0,5183.0,5165.0,4940.0,4750.0,4913.0,4500.0,5312.0,5250.0,5000.0,4780.0,4892.0,5500.0,6100.0,5995.0,5538.0,6310.0,6310.0,5900.0,5800.0,6007.0,6988.0,6397.0,6383.0,6848.0,7301.0,7273.0,7128.0,6838.0,6200.0,7800.0,7692.0,8000.0,7000.0,7521.0,6799.0,7260.0,8700.0,6975.0,7634.0,6936.0,6565.0,6738.0,6995.0,7495.0,7365.0,7135.0,7200.0,7631.0,7500.0,7623.0,7500.0,7840.0,7373.0,6600.0,6800.0,6750.0,7000.0,7000.0,7111.0,7542.0,7495.0,6900.0,7271.0,6050.0,5750.0,5500.0,7500.0,7300.0,7537.0,7000.0,6281.0,7720.0,8250.0,7843.0,7843.0
Longwood,Bronx,neighborhood,,,,,,,1529.0,1529.0,,,,,,,,,,,,,,,,,,,,,,,,,,,,,,,,,,,,,,,,,,,,,,,,,,,,,1650.0,1650.0,1650.0,1650.0,1650.0,1650.0,1650.0,2500.0,2500.0,2500.0,2500.0,2500.0,2500.0,2500.0,2500.0,2995.0,2995.0,2500.0,1900.0,1900.0,1900.0,,1725.0,1725.0,1999.0,2095.0,2095.0,,,,2300.0,2300.0,,,,,,2650.0,1950.0,,2024.0,1875.0,1975.0,1831.0,2100.0,2100.0,2300.0,2200.0,2100.0,2600.0,2175.0,2175.0,2150.0,2100.0,2300.0,2300.0,2181.0,2181.0,1999.0,2300.0,,2299.0,2299.0,,,,2200.0,2300.0,2000.0,2000.0,2000.0,,2200.0,2450.0,1995.0,1995.0,2100.0,2100.0,2100.0,2800.0,2400.0,2100.0,2000.0,2000.0,2400.0,2200.0,2250.0,,2659.0,2805.0,3055.0,3055.0,2800.0,2800.0,2950.0,2950.0,3200.0,2600.0,,2500.0,,,,,2899.0,2899.0,,3800.0,3800.0,3500.0,3500.0,2650.0,2650.0,,3606.0,3606.0,3500.0,3500.0,,,2100.0,2100.0,3500.0,3500.0,3500.0,3150.0,3500.0,2300.0,,,,,,,,,,,,
Lower East Side,Manhattan,neighborhood,3300.0,3200.0,3195.0,3500.0,3200.0,3500.0,3895.0,3800.0,4250.0,4600.0,4400.0,4200.0,4400.0,5500.0,3695.0,3770.0,4000.0,3900.0,3950.0,3995.0,4095.0,4200.0,3995.0,4195.0,4495.0,4150.0,3995.0,4395.0,4295.0,4000.0,4000.0,4495.0,5295.0,4195.0,4000.0,4000.0,4000.0,4095.0,4200.0,4095.0,4300.0,4495.0,4300.0,4487.0,4495.0,4295.0,4295.0,4295.0,4495.0,4615.0,4500.0,4495.0,4495.0,4400.0,4400.0,4578.0,4500.0,4350.0,4150.0,3950.0,3995.0,4195.0,4075.0,4300.0,4560.0,4500.0,4500.0,4595.0,4650.0,4495.0,4200.0,4457.0,4580.0,4580.0,4630.0,4495.0,4800.0,4995.0,4760.0,4795.0,4995.0,4950.0,4600.0,4995.0,4995.0,4400.0,4285.0,4400.0,4595.0,4500.0,4500.0,4354.0,4230.0,4000.0,4400.0,4400.0,4200.0,4495.0,4850.0,4850.0,4900.0,4795.0,4750.0,4650.0,4595.0,4500.0,4850.0,4500.0,4500.0,4318.0,4400.0,4700.0,5000.0,4895.0,4900.0,5000.0,5550.0,5899.0,5521.0,5495.0,6400.0,6000.0,4995.0,5050.0,5300.0,4858.0,4581.0,4200.0,3995.0,3927.0,3695.0,3599.0,3500.0,3595.0,3595.0,3995.0,4300.0,4500.0,5000.0,5000.0,4950.0,5500.0,5500.0,5125.0,4908.0,4900.0,5017.0,5295.0,6000.0,5975.0,6500.0,6950.0,6000.0,5695.0,6200.0,5995.0,5650.0,5750.0,5750.0,5700.0,5895.0,6350.0,6295.0,6000.0,5900.0,5500.0,5150.0,5300.0,5300.0,5295.0,5895.0,5895.0,6295.0,6495.0,6500.0,6500.0,6500.0,6100.0,6195.0,5695.0,5600.0,5650.0,5995.0,6295.0,6500.0,7100.0,7400.0,7495.0,7500.0,7495.0,7200.0,7200.0,7295.0,7295.0,7795.0,7950.0,7995.0,7995.0,7795.0,7995.0
Manhattan,Manhattan,borough,6500.0,6400.0,6250.0,6700.0,6900.0,6200.0,6000.0,6295.0,7500.0,7200.0,7500.0,6950.0,6850.0,7495.0,7500.0,7000.0,6500.0,7000.0,7000.0,7200.0,8000.0,8495.0,8500.0,7999.0,8000.0,7500.0,7754.0,7500.0,7500.0,7500.0,6200.0,6300.0,7000.0,6995.0,6995.0,6995.0,6300.0,6500.0,6412.0,6000.0,5995.0,5852.0,5695.0,5600.0,6000.0,6000.0,6000.0,6095.0,5950.0,6000.0,5995.0,5900.0,5975.0,6000.0,5700.0,5795.0,5995.0,5900.0,5800.0,5500.0,5500.0,5500.0,5500.0,5600.0,5500.0,5544.0,5495.0,5495.0,5820.0,6195.0,6200.0,5995.0,5995.0,5995.0,6000.0,5900.0,5995.0,5950.0,5595.0,5495.0,5954.0,5795.0,5600.0,5500.0,5500.0,5795.0,5550.0,5600.0,5595.0,5500.0,5400.0,5450.0,5644.0,5508.0,5550.0,5600.0,5628.0,5500.0,5495.0,5500.0,5600.0,5450.0,5225.0,5220.0,5364.0,5000.0,5000.0,5150.0,5300.0,5282.0,5165.0,5400.0,5555.0,5534.0,5500.0,5595.0,5995.0,6277.0,6400.0,6800.0,6800.0,6995.0,6600.0,6300.0,5795.0,5495.0,5000.0,4695.0,4400.0,4295.0,4200.0,4200.0,4200.0,4195.0,4075.0,4359.0,4495.0,4500.0,4795.0,4955.0,4900.0,4995.0,5000.0,5000.0,5000.0,5200.0,5500.0,6000.0,6495.0,6500.0,6995.0,7450.0,7500.0,7325.0,7359.0,7495.0,7295.0,7040.0,6895.0,7000.0,7200.0,7125.0,7000.0,6995.0,7290.0,7250.0,7200.0,7000.0,7100.0,7130.0,7300.0,7500.0,7300.0,7200.0,6995.0,6999.0,7100.0,7000.0,7125.0,7000.0,7000.0,7495.0,7000.0,7475.0,7300.0,7500.0,7750.0,7975.0,7999.0,7995.0,8200.0,8000.0,8075.0,7995.0,7995.0,8100.0,8250.0,8350.0,8000.0,8195.0
Manhattan Beach,Brooklyn,neighborhood,,,,,12000.0,12000.0,9000.0,9000.0,9000.0,,,,,,,,,,,,,,,,4500.0,4500.0,5000.0,5000.0,5000.0,,10000.0,8000.0,8000.0,7000.0,7000.0,7000.0,7000.0,,,4200.0,4200.0,4200.0,4200.0,,,2400.0,,,,,,,,4000.0,,,,,,5000.0,,,3600.0,3600.0,3600.0,,2700.0,3000.0,3000.0,4600.0,4600.0,4600.0,4600.0,4500.0,4500.0,4500.0,4555.0,4555.0,4555.0,4555.0,4000.0,4100.0,4100.0,4100.0,4100.0,4100.0,,2899.0,2900.0,3700.0,3700.0,14000.0,4500.0,4500.0,4500.0,,,,,,,,,2600.0,3000.0,,2599.0,2599.0,2600.0,2600.0,7000.0,,6250.0,2800.0,6250.0,6250.0,3300.0,6250.0,3000.0,6250.0,,,,,,,,3997.0,3500.0,,,3500.0,3500.0,,,,,,,,,,,4750.0,3750.0,4250.0,4250.0,4250.0,4250.0,,,,,,,,,3950.0,,,,,,,,,,,,,,,,11000.0,11000.0,4900.0,3200.0,3200.0,4500.0,,,,,,,,14000.0,11500.0,5500.0,,6250.0,5400.0,5200.0,5500.0,5500.0,,,12000.0,,
Marble Hill,Manhattan,neighborhood,,,,,,,,,,,,,,,,,,,,,,,,,,,,,,,,,2700.0,,1995.0,1995.0,1995.0,1995.0,1995.0,1995.0,,,,1895.0,1975.0,1875.0,1875.0,2500.0,,,2100.0,,,,,2100.0,2100.0,,,2199.0,2100.0,2100.0,2100.0,2195.0,2095.0,2200.0,,,,,,,,4500.0,1950.0,1950.0,1950.0,1950.0,,,,2200.0,2200.0,2200.0,2350.0,2499.0,,,,2300.0,2400.0,2350.0,2350.0,,,2650.0,2650.0,2550.0,2600.0,2350.0,2350.0,2400.0,2400.0,2800.0,2800.0,2580.0,2725.0,2575.0,2725.0,2800.0,2500.0,2950.0,2950.0,2664.0,2495.0,2395.0,2200.0,2350.0,2395.0,2395.0,2500.0,2500.0,2500.0,2595.0,2810.0,2810.0,,,2450.0,2450.0,2450.0,2245.0,2195.0,2500.0,2500.0,2349.0,2900.0,2900.0,2500.0,2300.0,2200.0,,,,,,,2795.0,,,2465.0,3500.0,3200.0,3500.0,4500.0,4500.0,,,,,,,,,,,,,3000.0,3466.0,3500.0,2900.0,3075.0,3075.0,3500.0,3500.0,3500.0,2995.0,3500.0,3500.0,3500.0,3500.0,3500.0,3500.0,3500.0,3500.0,3500.0,3500.0,3500.0,3500.0,3500.0,3500.0,3500.0,3500.0,3500.0,3500.0,3483.0,3600.0,3483.0,3483.0
Marine Park,Brooklyn,neighborhood,,,,,,,,,,,,,,,,,,,,,,1850.0,1850.0,,,,,,,,,,,,,,,,,,,,,,,2500.0,2500.0,2500.0,2500.0,2500.0,2500.0,,,3200.0,3200.0,3200.0,,2200.0,2000.0,2000.0,2000.0,1900.0,1900.0,2600.0,2600.0,2500.0,2500.0,2495.0,2350.0,2350.0,2300.0,2500.0,2500.0,2200.0,2300.0,2295.0,2295.0,2100.0,2100.0,2300.0,2300.0,2700.0,6000.0,2500.0,2500.0,2500.0,6000.0,6000.0,3750.0,2599.0,2599.0,2295.0,,2499.0,2300.0,2291.0,2350.0,2500.0,2500.0,2200.0,2200.0,2199.0,2199.0,2000.0,3150.0,2900.0,2799.0,2700.0,2500.0,2700.0,2500.0,2650.0,2700.0,2700.0,2700.0,2399.0,2200.0,2200.0,2500.0,2500.0,2500.0,2400.0,,,,,,,2300.0,2500.0,2500.0,3000.0,2450.0,2500.0,2500.0,2650.0,2650.0,2700.0,2700.0,2400.0,2400.0,2500.0,2200.0,2500.0,2500.0,2500.0,3000.0,2999.0,2975.0,2999.0,2850.0,2499.0,2799.0,2799.0,2899.0,2899.0,,2800.0,3600.0,2800.0,2800.0,4600.0,3000.0,2999.0,3300.0,2700.0,2700.0,2800.0,2650.0,3800.0,3800.0,3100.0,2600.0,2400.0,,,4100.0,3799.0,3650.0,3650.0,3000.0,3000.0,3300.0,3300.0,3200.0,2800.0,3400.0,3400.0,3400.0,3000.0,2999.0,3395.0,3450.0,3600.0,4100.0,4100.0,3950.0,,3800.0,3100.0
Maspeth,Queens,neighborhood,,,1450.0,1450.0,1350.0,,,,,,,,,,,,,,,,,,,,,,1600.0,1500.0,1750.0,1650.0,1700.0,1800.0,1650.0,,1600.0,1800.0,2200.0,2100.0,2100.0,2100.0,2100.0,,1800.0,1800.0,,,,,1900.0,1800.0,1700.0,2100.0,2000.0,2100.0,2200.0,2100.0,2000.0,2350.0,2400.0,2700.0,2600.0,2400.0,2400.0,2200.0,2100.0,2200.0,2200.0,2200.0,2200.0,2300.0,2300.0,2200.0,2450.0,2300.0,2800.0,2450.0,2400.0,2500.0,2600.0,2400.0,2200.0,2200.0,2400.0,2400.0,2300.0,2600.0,2500.0,2400.0,2400.0,2500.0,2500.0,2499.0,2300.0,2200.0,2250.0,2399.0,2400.0,2400.0,2300.0,2400.0,2400.0,2600.0,2700.0,2499.0,2300.0,2500.0,2500.0,2500.0,2500.0,2500.0,2450.0,2350.0,2300.0,2400.0,2500.0,2500.0,2445.0,2295.0,2300.0,2300.0,2600.0,2600.0,2398.0,2490.0,2495.0,2400.0,2450.0,2550.0,2500.0,2350.0,2350.0,2195.0,2400.0,2350.0,2350.0,2500.0,2500.0,2500.0,2699.0,2600.0,2699.0,2600.0,2400.0,2399.0,2499.0,2800.0,2800.0,2700.0,2500.0,2500.0,2600.0,2700.0,2800.0,2795.0,2800.0,2750.0,3000.0,3000.0,3000.0,2900.0,2700.0,2800.0,2900.0,2995.0,2995.0,3000.0,2850.0,2800.0,2950.0,3200.0,3000.0,2900.0,2999.0,2800.0,3000.0,3400.0,3200.0,3050.0,2900.0,3000.0,3000.0,3000.0,2999.0,3095.0,3175.0,3175.0,3100.0,3400.0,3250.0,3250.0,3300.0,3300.0,3200.0,3050.0,3100.0,3200.0,3200.0,3200.0,3200.0,3000.0
Melrose,Bronx,neighborhood,,,,,,1529.0,1529.0,,,,,,,,,,,,,,1426.0,,,,,,,,,,,,,,,,,,,,,,,,,,1350.0,1350.0,1350.0,1350.0,,,,,,2400.0,2400.0,2150.0,2150.0,2150.0,2300.0,,,,,,,,,,1956.0,,,,,2200.0,,2100.0,,1800.0,1750.0,1750.0,1750.0,,1750.0,1645.0,1800.0,1850.0,1900.0,2200.0,2150.0,2150.0,1879.0,1880.0,1880.0,,1835.0,2000.0,1835.0,1650.0,1850.0,1900.0,2100.0,2015.0,2100.0,2100.0,,1925.0,1840.0,1840.0,1925.0,1837.0,1838.0,3195.0,2600.0,2017.0,2100.0,3595.0,3150.0,2150.0,2150.0,2200.0,2200.0,2195.0,1926.0,3100.0,2800.0,1499.0,1995.0,1895.0,1850.0,2895.0,1750.0,1750.0,1750.0,1750.0,1750.0,1750.0,1850.0,1850.0,2995.0,2900.0,2200.0,1750.0,1750.0,2995.0,2900.0,2800.0,2800.0,,,2250.0,2250.0,3100.0,3200.0,1789.0,3200.0,3000.0,3000.0,3000.0,3100.0,3100.0,3050.0,3050.0,3050.0,3200.0,3200.0,3000.0,2950.0,2950.0,2950.0,2900.0,3150.0,3150.0,2900.0,3200.0,3200.0,3000.0,3000.0,3100.0,3100.0,3100.0,3000.0,3125.0,3650.0,2975.0,4000.0,3000.0,3000.0,,,1786.0,3494.0,,,2399.0,2399.0,2616.0,,4100.0
Middle Village,Queens,neighborhood,,,,,,,,,,,,,,,,,,,,,,,,,,,,,1500.0,1500.0,,,,,,,,,,,,,,1900.0,1800.0,1800.0,,,2500.0,2100.0,2100.0,1900.0,1900.0,2250.0,2250.0,2300.0,,2300.0,2300.0,2300.0,2300.0,2300.0,2300.0,2200.0,2200.0,2200.0,2200.0,2400.0,2000.0,2400.0,2100.0,2150.0,2150.0,2150.0,2150.0,1890.0,1999.0,1999.0,2000.0,2000.0,2000.0,2600.0,2600.0,2400.0,2350.0,2300.0,2300.0,2300.0,2250.0,2250.0,2300.0,2400.0,2300.0,2300.0,2300.0,2750.0,2499.0,2300.0,2457.0,2399.0,2100.0,2500.0,2500.0,2580.0,2300.0,2350.0,2300.0,2300.0,2300.0,2300.0,2399.0,2350.0,2350.0,2350.0,2650.0,2500.0,2500.0,2500.0,2500.0,2300.0,2500.0,2500.0,2600.0,2650.0,2650.0,2500.0,2399.0,2500.0,2599.0,2575.0,2500.0,2650.0,2500.0,2500.0,2450.0,2450.0,2500.0,2400.0,2300.0,2250.0,2200.0,2300.0,2300.0,2400.0,2500.0,2650.0,2600.0,2599.0,2599.0,2600.0,2500.0,2800.0,2700.0,3000.0,3000.0,2750.0,2700.0,2600.0,3000.0,3000.0,2800.0,2750.0,2800.0,2700.0,2500.0,2600.0,2800.0,3250.0,3000.0,3100.0,3100.0,3100.0,2950.0,3200.0,3500.0,3200.0,3000.0,2900.0,2900.0,2950.0,2950.0,3000.0,3300.0,3200.0,3200.0,3300.0,3100.0,3100.0,3500.0,3500.0,3400.0,3500.0,3250.0,3400.0,3300.0,3300.0,3200.0,3200.0,3200.0,3395.0
Midtown,Manhattan,neighborhood,7400.0,7400.0,5795.0,5795.0,4999.0,4999.0,7999.0,5995.0,7500.0,7500.0,6500.0,6000.0,6650.0,15500.0,9000.0,8500.0,6500.0,6895.0,7200.0,8500.0,6995.0,6500.0,7800.0,5995.0,19500.0,19995.0,7800.0,11500.0,20000.0,8300.0,7500.0,7500.0,9500.0,7900.0,8000.0,11000.0,9500.0,9500.0,9500.0,18000.0,15000.0,15000.0,10500.0,8900.0,8450.0,8500.0,8900.0,9000.0,8195.0,9500.0,10800.0,10800.0,10800.0,11500.0,9000.0,10950.0,17500.0,14900.0,13000.0,16500.0,12500.0,12500.0,11250.0,8950.0,9450.0,9750.0,8433.0,9500.0,10050.0,9999.0,13950.0,11395.0,11900.0,11900.0,15000.0,14750.0,11400.0,12000.0,12100.0,12800.0,12500.0,12500.0,11500.0,11450.0,11400.0,10950.0,9225.0,10400.0,8500.0,8500.0,8500.0,8500.0,10300.0,10000.0,13300.0,13300.0,10000.0,11250.0,12800.0,9500.0,11900.0,9000.0,8225.0,7400.0,7925.0,7850.0,8950.0,9850.0,9700.0,12100.0,10250.0,11950.0,11900.0,9950.0,9700.0,9750.0,11900.0,11900.0,11950.0,11900.0,12850.0,11450.0,10995.0,7750.0,9000.0,14000.0,10950.0,8950.0,10000.0,12000.0,14000.0,14995.0,13950.0,13000.0,11500.0,11450.0,11000.0,11000.0,13000.0,15000.0,12500.0,17000.0,16000.0,16800.0,16000.0,15500.0,15750.0,15750.0,17500.0,18000.0,15000.0,18000.0,16000.0,13500.0,26750.0,20000.0,29000.0,25000.0,17950.0,28000.0,25000.0,16500.0,16000.0,25000.0,16500.0,20000.0,19500.0,16500.0,18000.0,22500.0,15500.0,21000.0,20000.0,23500.0,25000.0,22700.0,26500.0,19000.0,16000.0,15500.0,16000.0,16000.0,16750.0,14000.0,11000.0,13000.0,15000.0,13995.0,10000.0,11642.0,11642.0,14000.0,14000.0,11642.0,16000.0,16000.0,16000.0,15800.0,15800.0,15800.0
Midtown East,Manhattan,neighborhood,8000.0,8495.0,7500.0,6500.0,7500.0,7800.0,7999.0,7500.0,7000.0,8295.0,7795.0,6995.0,7500.0,8000.0,7500.0,7295.0,8200.0,11000.0,10750.0,9000.0,12000.0,8995.0,7805.0,7400.0,7500.0,7000.0,7995.0,6600.0,8000.0,9950.0,8000.0,7805.0,7500.0,7000.0,8000.0,7805.0,6600.0,6495.0,6500.0,6500.0,6600.0,7950.0,6895.0,6600.0,6495.0,6600.0,6800.0,7055.0,6500.0,6900.0,6595.0,6392.0,6495.0,6500.0,6545.0,6535.0,6600.0,6500.0,6395.0,6500.0,6395.0,6490.0,6600.0,6500.0,6350.0,6000.0,6450.0,6500.0,6600.0,6950.0,7195.0,7195.0,6929.0,6601.0,6775.0,6429.0,6495.0,6900.0,6820.0,6700.0,6400.0,6195.0,6525.0,6925.0,6600.0,6750.0,7190.0,6795.0,6461.0,6500.0,6150.0,5995.0,6000.0,5750.0,6200.0,6600.0,6326.0,6500.0,6500.0,6230.0,5800.0,5950.0,5850.0,5800.0,5995.0,5800.0,6200.0,6350.0,6495.0,6800.0,6457.0,6495.0,6200.0,6270.0,6400.0,6395.0,6750.0,6695.0,6650.0,7000.0,6800.0,7077.0,7200.0,6505.0,5817.0,5670.0,5250.0,4850.0,4750.0,4500.0,4333.0,4300.0,4545.0,4850.0,4800.0,5800.0,5700.0,6200.0,6735.0,7495.0,7968.0,7890.0,7895.0,7650.0,7450.0,7510.0,7569.0,7350.0,7395.0,7995.0,8600.0,8300.0,7995.0,7832.0,8200.0,8200.0,8245.0,8316.0,7995.0,7995.0,7995.0,8317.0,7980.0,8129.0,7770.0,7690.0,7500.0,7542.0,7560.0,7925.0,7799.0,8000.0,7986.0,7998.0,7900.0,7999.0,7600.0,7220.0,7900.0,7978.0,7995.0,8080.0,8053.0,8048.0,7846.0,8500.0,8519.0,8390.0,8995.0,8995.0,8995.0,8950.0,9000.0,8500.0,8495.0,8750.0,9200.0,9695.0,9000.0,8800.0
Midtown South,Manhattan,neighborhood,7900.0,7900.0,3600.0,3500.0,3500.0,10500.0,6300.0,4800.0,7650.0,5695.0,5695.0,7650.0,6950.0,7800.0,4200.0,4160.0,4200.0,4500.0,6400.0,7000.0,7200.0,6125.0,6125.0,7000.0,6500.0,8500.0,4000.0,8500.0,7500.0,7500.0,7500.0,8900.0,8500.0,8900.0,7000.0,7000.0,6000.0,6000.0,5795.0,8500.0,8500.0,9500.0,10000.0,11000.0,12500.0,13500.0,8500.0,10500.0,4700.0,6600.0,9500.0,9500.0,5000.0,4700.0,5000.0,5700.0,6000.0,6500.0,6095.0,8000.0,8500.0,7995.0,7895.0,5100.0,4395.0,5900.0,5400.0,4850.0,4650.0,5550.0,5300.0,5300.0,6695.0,6695.0,6000.0,7400.0,5800.0,5700.0,5800.0,5600.0,5700.0,7995.0,6195.0,7995.0,5995.0,7995.0,5650.0,6000.0,5950.0,5550.0,5950.0,5995.0,5995.0,5795.0,5695.0,5985.0,6875.0,7550.0,5495.0,5400.0,5999.0,5575.0,5700.0,5700.0,8800.0,5700.0,5595.0,5400.0,4950.0,4700.0,4100.0,6100.0,5895.0,5750.0,5900.0,5800.0,5650.0,5700.0,5650.0,8143.0,7886.0,6461.0,5200.0,4350.0,5500.0,5261.0,4873.0,4275.0,4050.0,4161.0,4300.0,4767.0,4575.0,4550.0,3800.0,4895.0,4490.0,5895.0,6100.0,6400.0,6400.0,6100.0,6700.0,6000.0,9000.0,6000.0,6000.0,6700.0,6500.0,7000.0,7300.0,7300.0,9800.0,8300.0,6500.0,6700.0,9554.0,6400.0,6400.0,6300.0,6300.0,6900.0,6995.0,6495.0,6800.0,6350.0,6350.0,6300.0,6300.0,7000.0,7100.0,7100.0,7000.0,7200.0,7200.0,7100.0,6995.0,6700.0,6600.0,6600.0,7000.0,7100.0,7100.0,7250.0,7150.0,7200.0,7500.0,7500.0,7500.0,11375.0,10536.0,11195.0,11270.0,7500.0,9200.0,7900.0,8000.0,8500.0,8600.0,8500.0
Midtown West,Manhattan,neighborhood,4750.0,5500.0,4500.0,3850.0,5005.0,4150.0,4150.0,3500.0,4125.0,4655.0,4450.0,4845.0,8495.0,8950.0,7000.0,7995.0,5600.0,5600.0,5800.0,5500.0,5800.0,5800.0,5900.0,5800.0,5795.0,5390.0,5550.0,5500.0,6895.0,5395.0,5600.0,5900.0,5903.0,5710.0,5400.0,5340.0,4700.0,4995.0,5500.0,5560.0,5600.0,4995.0,5395.0,5490.0,5350.0,5000.0,5000.0,4995.0,5100.0,5800.0,5750.0,5600.0,5600.0,5600.0,5395.0,5800.0,6000.0,5750.0,6450.0,5350.0,5350.0,5700.0,5200.0,6000.0,5800.0,5695.0,5500.0,5250.0,5450.0,5500.0,5450.0,5300.0,5500.0,5600.0,5900.0,5500.0,5695.0,5595.0,5200.0,5195.0,5195.0,5600.0,5750.0,5500.0,5500.0,5459.0,5995.0,5995.0,5534.0,5723.0,5500.0,5495.0,5895.0,5495.0,5400.0,5000.0,5000.0,5000.0,5244.0,5500.0,5500.0,5500.0,5530.0,5500.0,5500.0,5500.0,5262.0,5300.0,5500.0,5200.0,5000.0,5080.0,5175.0,5195.0,5500.0,5575.0,5460.0,5400.0,5363.0,5400.0,5500.0,6000.0,5587.0,5600.0,4999.0,4995.0,4795.0,4583.0,4120.0,4250.0,3695.0,3695.0,3795.0,3800.0,3995.0,4500.0,4800.0,4995.0,5300.0,5700.0,5725.0,5500.0,6250.0,6000.0,6500.0,5995.0,5850.0,6250.0,6900.0,6900.0,7000.0,7500.0,7800.0,7500.0,7000.0,7000.0,6395.0,6000.0,5995.0,6495.0,6300.0,6100.0,6200.0,6250.0,6350.0,6250.0,6500.0,6250.0,6295.0,6495.0,5600.0,6534.0,6750.0,6750.0,6500.0,6350.0,6750.0,6500.0,6500.0,6500.0,6500.0,6595.0,6975.0,7395.0,7250.0,6895.0,6995.0,6700.0,6750.0,6870.0,6900.0,6611.0,6750.0,7351.0,6995.0,7200.0,7500.0,7500.0,7500.0,7295.0
Midwood,Brooklyn,neighborhood,2700.0,2700.0,2700.0,2700.0,2500.0,2500.0,2500.0,1950.0,1500.0,1950.0,2500.0,2500.0,2000.0,2100.0,2000.0,2100.0,1995.0,1800.0,1995.0,2500.0,2500.0,2500.0,2500.0,2500.0,1950.0,2500.0,,2500.0,2500.0,,2895.0,,2500.0,2500.0,2500.0,2395.0,2395.0,2395.0,2895.0,2395.0,2200.0,2495.0,2495.0,2500.0,3900.0,2275.0,2275.0,2500.0,3295.0,3300.0,3000.0,3000.0,2850.0,2575.0,2300.0,2850.0,2850.0,2400.0,2600.0,2600.0,3300.0,3200.0,3300.0,2900.0,2500.0,2500.0,2650.0,2650.0,2550.0,2550.0,2550.0,2500.0,2500.0,2800.0,2750.0,2650.0,2600.0,2550.0,2500.0,2500.0,2375.0,2400.0,2375.0,2450.0,2675.0,2800.0,2800.0,2800.0,2750.0,2750.0,2600.0,2525.0,2500.0,2475.0,2475.0,2465.0,2500.0,2450.0,2500.0,2400.0,2400.0,2465.0,2525.0,2595.0,2450.0,2450.0,2599.0,2500.0,2500.0,2650.0,2500.0,2500.0,2500.0,2500.0,2525.0,2700.0,2600.0,2600.0,2900.0,2750.0,2525.0,2495.0,2540.0,3350.0,2950.0,2600.0,2550.0,2450.0,2800.0,2600.0,2600.0,2800.0,3195.0,2500.0,2784.0,2799.0,2775.0,2850.0,2400.0,2500.0,2550.0,2850.0,3250.0,2790.0,3950.0,3000.0,2954.0,3650.0,3700.0,3500.0,2999.0,3250.0,3150.0,2895.0,3000.0,3149.0,3199.0,3200.0,3200.0,3099.0,3250.0,3250.0,3150.0,3450.0,3480.0,3500.0,3600.0,3781.0,3646.0,3375.0,3780.0,3800.0,3999.0,3650.0,4250.0,4350.0,2795.0,3500.0,4500.0,3500.0,3650.0,3395.0,3200.0,3200.0,3800.0,3900.0,3500.0,3400.0,3795.0,3795.0,3700.0,3695.0,3700.0,3825.0,3850.0,3750.0,3795.0,3600.0,2950.0,3250.0
Mill Basin,Brooklyn,neighborhood,,,,,,,,,,,,,,,,,,,,,,,,,,,4900.0,4900.0,,,,,,1700.0,1700.0,,,,1900.0,1900.0,1900.0,,,6000.0,4900.0,5900.0,5900.0,,,,,,,1750.0,1800.0,2100.0,2100.0,2800.0,2800.0,,,,,,,,2100.0,,3200.0,3200.0,3200.0,3200.0,3200.0,3200.0,3200.0,3200.0,3200.0,2500.0,,,,,2100.0,2100.0,2300.0,2400.0,2400.0,2400.0,2400.0,2400.0,2400.0,,,2200.0,2300.0,2300.0,2300.0,3100.0,3000.0,3000.0,3000.0,3000.0,3000.0,2500.0,2350.0,2350.0,3000.0,2800.0,4500.0,2250.0,2250.0,,,4000.0,3750.0,,3100.0,,2200.0,3499.0,3499.0,,2250.0,2250.0,,2895.0,2895.0,,12000.0,,3000.0,2500.0,2500.0,,2100.0,2800.0,2300.0,2300.0,15000.0,15000.0,15000.0,15000.0,15000.0,,2800.0,2850.0,2850.0,2900.0,5500.0,6500.0,6500.0,6500.0,3500.0,3260.0,3500.0,5500.0,3100.0,2800.0,2800.0,3300.0,3800.0,3400.0,3400.0,3800.0,3700.0,3500.0,,,,,3300.0,,,,,,,5700.0,5700.0,5500.0,5500.0,5500.0,,,3000.0,3000.0,25000.0,,6200.0,6000.0,4300.0,,,,3399.0,3400.0,,,,
Morningside Heights,Manhattan,neighborhood,2850.0,2595.0,2595.0,2250.0,2250.0,3550.0,3550.0,5500.0,2300.0,3750.0,3200.0,2850.0,2850.0,2850.0,2850.0,2800.0,2800.0,2850.0,3950.0,3200.0,5400.0,2600.0,2600.0,2500.0,2500.0,2492.0,3295.0,3795.0,3795.0,3695.0,3695.0,3695.0,4995.0,4000.0,5885.0,4500.0,4500.0,2775.0,2900.0,3600.0,4000.0,3995.0,4095.0,4000.0,4000.0,5500.0,4500.0,5655.0,3895.0,3500.0,3699.0,3595.0,3833.0,3595.0,4000.0,3700.0,3350.0,3300.0,4000.0,4500.0,4495.0,4995.0,6275.0,5495.0,4000.0,4246.0,4000.0,3850.0,3800.0,3762.0,3822.0,3900.0,3688.0,3857.0,3857.0,3666.0,3666.0,3666.0,4400.0,3900.0,4000.0,4180.0,3900.0,4000.0,4000.0,3800.0,3999.0,3600.0,3600.0,3600.0,3895.0,3800.0,3778.0,3295.0,3250.0,3208.0,3400.0,3350.0,3350.0,3437.0,3597.0,3599.0,3799.0,3800.0,3650.0,3506.0,3500.0,3499.0,3346.0,3206.0,3208.0,3300.0,3697.0,3725.0,3850.0,3621.0,3600.0,3300.0,3200.0,4000.0,4000.0,4000.0,4468.0,4980.0,4500.0,3897.0,3700.0,3575.0,3250.0,3300.0,3333.0,3208.0,3750.0,3300.0,3300.0,3499.0,3800.0,3800.0,3800.0,4000.0,3900.0,3900.0,4000.0,4000.0,3500.0,3400.0,4995.0,5000.0,4800.0,4400.0,5250.0,5200.0,5000.0,4200.0,3900.0,4400.0,4200.0,4800.0,5000.0,5300.0,4350.0,4500.0,4650.0,4800.0,4500.0,4250.0,4000.0,4250.0,4300.0,4500.0,5764.0,5000.0,4600.0,4800.0,5650.0,5000.0,4800.0,5400.0,5400.0,5086.0,5000.0,4950.0,4450.0,4200.0,4600.0,5200.0,5500.0,6300.0,6200.0,6300.0,6300.0,6000.0,6000.0,6000.0,5500.0,5250.0,5250.0,5150.0,5682.0,5850.0
Morris Heights,Bronx,neighborhood,,,,,,,,,,,,,,,,,,,,,,,,,,,,,,,,,,,,,,,,,,,,,,1600.0,1600.0,,,,,1795.0,1795.0,,2000.0,2000.0,2000.0,2000.0,2000.0,2050.0,1750.0,1750.0,1750.0,1750.0,,2275.0,2250.0,2200.0,1882.0,,2450.0,2450.0,2050.0,2050.0,2050.0,2300.0,2340.0,2350.0,2195.0,2195.0,2195.0,2195.0,2195.0,1750.0,1900.0,1900.0,2195.0,2195.0,2100.0,1950.0,2500.0,,,1950.0,2310.0,2500.0,,,,,2350.0,2400.0,2400.0,2400.0,,,2275.0,2275.0,2495.0,2426.0,,,,2450.0,2400.0,2350.0,2399.0,2300.0,2438.0,2437.0,2437.0,2435.0,2430.0,2383.0,2301.0,2100.0,2295.0,2295.0,,,,,2300.0,,,2408.0,,,,2384.0,2384.0,,,,2495.0,2900.0,2639.0,2639.0,2800.0,2495.0,2495.0,2800.0,2800.0,2995.0,3019.0,,2900.0,2900.0,3500.0,3150.0,3150.0,4350.0,3350.0,3150.0,3150.0,2800.0,2800.0,2800.0,2800.0,2800.0,2800.0,2800.0,,,,3606.0,3606.0,2700.0,2850.0,2995.0,,,3550.0,3000.0,3100.0,2950.0,3464.0,3000.0,,3200.0,3200.0,3295.0,3195.0,3199.0,3199.0,,3500.0,2995.0,2995.0,3600.0
Morris Park,Bronx,neighborhood,,,,,,1550.0,1850.0,1850.0,1850.0,,,,,,,,,,,,,,,,,,,,,,,,,2100.0,2100.0,,,,,1700.0,1700.0,1700.0,,,,,1950.0,1950.0,1950.0,,,,,,2050.0,2400.0,2200.0,2200.0,2200.0,,2395.0,,,1600.0,1600.0,1600.0,2028.0,2300.0,2300.0,2300.0,2300.0,2300.0,2350.0,2350.0,2350.0,2300.0,2300.0,2300.0,2000.0,2300.0,2300.0,2400.0,2500.0,2350.0,2500.0,2550.0,1900.0,1900.0,2150.0,2350.0,2100.0,2100.0,2100.0,2100.0,2300.0,1850.0,2500.0,2500.0,2500.0,2500.0,2500.0,2300.0,2250.0,2250.0,2250.0,2200.0,2375.0,2295.0,2350.0,2350.0,2350.0,2500.0,2400.0,2350.0,2300.0,2500.0,2575.0,2800.0,2800.0,2200.0,2200.0,2350.0,2750.0,2992.0,3300.0,2300.0,2300.0,2300.0,3000.0,2295.0,2295.0,2500.0,2500.0,2800.0,2300.0,3400.0,2650.0,,,,,,3000.0,2800.0,2800.0,,,2750.0,2500.0,2350.0,2650.0,2750.0,2975.0,,,,3200.0,,,3800.0,2550.0,2550.0,2995.0,2800.0,3000.0,3000.0,3000.0,3000.0,,2300.0,4000.0,4000.0,,3000.0,3000.0,,3200.0,,,,2526.0,,5000.0,5000.0,2675.0,2675.0,2675.0,3400.0,3000.0,6200.0,6200.0,,,,,3700.0,3300.0,,2950.0,2800.0
Morrisania,Bronx,neighborhood,,,,,,,,,1600.0,1600.0,1600.0,1600.0,,1800.0,1800.0,1800.0,1800.0,1800.0,,,,,,,,,,,,,,,,,1600.0,1600.0,1600.0,,,,,,,,,,,1850.0,1700.0,1700.0,,,,,,,608.0,1900.0,,,,,2001.0,2000.0,2000.0,2200.0,1067.0,1067.0,1850.0,2000.0,2350.0,2350.0,2200.0,2200.0,1293.0,2100.0,1900.0,1850.0,1850.0,2800.0,2100.0,2100.0,2000.0,2000.0,2200.0,2200.0,,,2300.0,2200.0,2200.0,1355.0,1355.0,1355.0,1800.0,1950.0,1950.0,2100.0,2300.0,2000.0,2190.0,1995.0,1995.0,2400.0,2300.0,2200.0,2000.0,2200.0,2100.0,,2200.0,2200.0,2200.0,2250.0,2150.0,2099.0,2200.0,2300.0,2544.0,2544.0,1850.0,2750.0,2500.0,2500.0,2425.0,2425.0,2550.0,2450.0,2000.0,2490.0,2195.0,2200.0,,2500.0,2500.0,2400.0,2175.0,2175.0,2700.0,2600.0,2350.0,2500.0,2599.0,,2100.0,,2075.0,,2500.0,2500.0,2805.0,2805.0,,2950.0,2950.0,2700.0,2700.0,,2500.0,2650.0,2750.0,2750.0,2999.0,3495.0,3495.0,3084.0,3499.0,3499.0,3400.0,2750.0,2750.0,3464.0,3464.0,2190.0,2190.0,2895.0,3464.0,3600.0,3400.0,3400.0,2900.0,3464.0,2900.0,3464.0,3464.0,3464.0,3464.0,3464.0,2950.0,2950.0,3550.0,3200.0,3000.0,3000.0,3600.0,3544.0,3500.0,3100.0,3544.0,3544.0
Mott Haven,Bronx,neighborhood,,2300.0,2150.0,2150.0,2200.0,1500.0,1500.0,1500.0,1500.0,2200.0,1500.0,1500.0,1550.0,1450.0,1400.0,1400.0,1400.0,5000.0,5000.0,2800.0,2800.0,2800.0,,2600.0,,2400.0,1800.0,1800.0,1250.0,1250.0,1250.0,1250.0,1250.0,,,,,,,,1900.0,1900.0,1900.0,2000.0,1900.0,2400.0,2400.0,2400.0,1800.0,2400.0,2350.0,2350.0,2350.0,2350.0,,2000.0,1800.0,,1800.0,1700.0,2100.0,2100.0,2150.0,2400.0,2000.0,2000.0,2195.0,2195.0,2200.0,2200.0,2500.0,2400.0,2400.0,2400.0,2200.0,2200.0,2500.0,2500.0,2500.0,2600.0,2500.0,2600.0,2666.0,2666.0,2666.0,2495.0,2495.0,2700.0,2400.0,2400.0,2400.0,2400.0,2062.0,2500.0,2430.0,2245.0,2250.0,2400.0,2400.0,2495.0,2350.0,2450.0,2450.0,2600.0,2350.0,2154.0,2400.0,2800.0,2400.0,2350.0,2750.0,2500.0,2500.0,2900.0,2933.0,2650.0,2475.0,2429.0,2154.0,2154.0,2800.0,2439.0,3430.0,3400.0,2350.0,2350.0,2520.0,2500.0,2395.0,2300.0,2300.0,2246.0,2500.0,2200.0,2200.0,2155.0,2150.0,2300.0,2300.0,2300.0,2500.0,2800.0,2800.0,2487.0,2487.0,3200.0,2850.0,2750.0,3050.0,2800.0,3750.0,3500.0,3495.0,3950.0,3500.0,3150.0,3150.0,3150.0,3495.0,3150.0,3150.0,3599.0,3599.0,3150.0,3875.0,3987.0,3786.0,3777.0,3495.0,3500.0,3500.0,3700.0,3700.0,3360.0,3777.0,3780.0,3400.0,3400.0,3866.0,3980.0,3866.0,3662.0,3692.0,3692.0,3692.0,3850.0,3800.0,3625.0,4125.0,3255.0,3650.0,3650.0,3255.0,3599.0,3850.0,3550.0,3750.0,3999.0,3746.0,4500.0
NYC,,city,5295.0,5150.0,4999.0,5500.0,5750.0,5300.0,5295.0,5395.0,5999.0,5840.0,5800.0,5195.0,5000.0,5500.0,5750.0,5500.0,5350.0,5500.0,5500.0,5750.0,6500.0,6700.0,6200.0,5800.0,5400.0,5000.0,5190.0,5250.0,5500.0,5500.0,5000.0,5200.0,5400.0,5100.0,5100.0,5000.0,4800.0,4900.0,4934.0,4950.0,4900.0,4750.0,4595.0,4500.0,4700.0,4500.0,4200.0,4000.0,4000.0,3999.0,3900.0,3995.0,4000.0,4000.0,3995.0,3950.0,3900.0,3800.0,3600.0,3500.0,3450.0,3400.0,3400.0,3500.0,3600.0,3600.0,3700.0,3800.0,3800.0,3695.0,3650.0,3699.0,3700.0,3700.0,3700.0,3782.0,3750.0,3799.0,3750.0,3700.0,3675.0,3667.0,3500.0,3490.0,3400.0,3300.0,3300.0,3400.0,3500.0,3500.0,3500.0,3700.0,3667.0,3600.0,3450.0,3450.0,3399.0,3300.0,3300.0,3450.0,3500.0,3500.0,3500.0,3450.0,3400.0,3250.0,3165.0,3100.0,3195.0,3126.0,3195.0,3479.0,3599.0,3675.0,3698.0,3650.0,3700.0,3750.0,3695.0,3655.0,3600.0,3695.0,3750.0,4000.0,3900.0,3800.0,3667.0,3495.0,3300.0,3200.0,3150.0,3050.0,3000.0,3000.0,3000.0,3000.0,3000.0,3150.0,3300.0,3355.0,3300.0,3300.0,3300.0,3394.0,3495.0,3500.0,3550.0,3795.0,4000.0,4350.0,4500.0,4550.0,4495.0,4300.0,4150.0,4150.0,4150.0,4200.0,4200.0,4695.0,4900.0,4990.0,4999.0,4995.0,5000.0,4795.0,4500.0,4495.0,4300.0,4250.0,4400.0,4800.0,5000.0,5000.0,5000.0,5000.0,4900.0,4795.0,4500.0,4500.0,4500.0,4495.0,4500.0,4850.0,5125.0,5299.0,5295.0,5400.0,5195.0,5000.0,4850.0,4750.0,4845.0,4950.0,4900.0,5100.0,5300.0,5495.0,5500.0,5575.0
New Hyde Park,Queens,neighborhood,,,,,,,,,,,,,,,,,,,,,,,,,,,,,,,,,,,,,,,,,,,,,,,,,,,,,,,,,,,,,,,,,,,,,,,,,,,,,,,,,,,,,,,,,,,,,,,,,,,,,,,,,,,,,,,,,,,,,,,,,,,,,,,,,,3600.0,3600.0,,,,,,,,,,,,,,,,,,,,,,,,,,2800.0,,,,,,,,,,,,,3500.0,,,,,,,,,,,,,,,,,3500.0,3500.0,,,,,,,,,,,,
Nolita,Manhattan,neighborhood,4995.0,4995.0,4900.0,4900.0,3100.0,5500.0,9000.0,3700.0,3700.0,4595.0,3595.0,3395.0,3500.0,3400.0,4900.0,5050.0,5400.0,3400.0,5500.0,5400.0,5750.0,7900.0,5300.0,5200.0,5495.0,5495.0,4800.0,4795.0,4795.0,4500.0,5495.0,5600.0,4400.0,5200.0,5100.0,4795.0,4650.0,5295.0,4500.0,5195.0,5300.0,5500.0,5995.0,6200.0,6500.0,6000.0,6000.0,5400.0,6200.0,6200.0,5300.0,6125.0,7000.0,7500.0,6295.0,6395.0,6395.0,6395.0,5700.0,5200.0,5795.0,6095.0,5995.0,6295.0,6295.0,6495.0,5500.0,5953.0,7400.0,6606.0,14000.0,6295.0,5495.0,6095.0,6400.0,6295.0,6350.0,6200.0,6300.0,6277.0,6450.0,5995.0,5895.0,5600.0,5895.0,6250.0,6000.0,6600.0,6425.0,6000.0,5600.0,5685.0,5500.0,4895.0,5250.0,5200.0,6000.0,6495.0,6500.0,6500.0,6595.0,5984.0,5300.0,5500.0,6233.0,6687.0,6450.0,6395.0,6295.0,5995.0,5995.0,6250.0,6596.0,6695.0,6500.0,6495.0,6300.0,10000.0,8995.0,6750.0,7000.0,7000.0,5995.0,6250.0,5500.0,5300.0,4900.0,4995.0,4950.0,4800.0,4800.0,5000.0,4800.0,5500.0,5500.0,5070.0,4850.0,5250.0,5100.0,6750.0,10000.0,5100.0,6950.0,29950.0,7000.0,13500.0,6995.0,7500.0,7500.0,7500.0,7500.0,7495.0,7995.0,7295.0,6795.0,6750.0,6995.0,7995.0,6950.0,6950.0,6500.0,6500.0,6995.0,6395.0,6885.0,6995.0,6995.0,5400.0,5500.0,6495.0,7450.0,8395.0,8600.0,7500.0,7475.0,6800.0,6495.0,6495.0,6200.0,5650.0,8200.0,8800.0,8495.0,7300.0,9500.0,7200.0,7200.0,7750.0,9795.0,7995.0,8195.0,6895.0,6650.0,7995.0,7995.0,9995.0,9995.0,9995.0,9995.0,9995.0
North Corona,Queens,neighborhood,,,,,,,,,,,,,,,,,,,,,,,,,,,,,,2000.0,2000.0,2500.0,,,1700.0,1700.0,1700.0,1700.0,1700.0,1700.0,1700.0,,,,2000.0,2200.0,2200.0,2200.0,,1850.0,1850.0,1850.0,2500.0,2350.0,2250.0,2200.0,2200.0,,1800.0,2500.0,2500.0,2200.0,2200.0,2100.0,2700.0,2700.0,2700.0,2700.0,,2250.0,2250.0,2000.0,2000.0,,,2500.0,2500.0,2700.0,2700.0,2700.0,,,,,2400.0,2350.0,2160.0,2000.0,2000.0,2675.0,2800.0,2200.0,,2600.0,2600.0,,,,2495.0,2950.0,2500.0,2500.0,3000.0,,,,2350.0,2350.0,,,2300.0,2800.0,2500.0,2500.0,2498.0,,2750.0,,,,2550.0,,,,2400.0,2400.0,,,,2599.0,2250.0,2250.0,2300.0,2200.0,2400.0,2300.0,2345.0,2300.0,2300.0,2108.0,,,,,,,2400.0,2400.0,2775.0,,3200.0,3200.0,3200.0,2300.0,,,,,,3000.0,2850.0,3500.0,2775.0,3300.0,3300.0,2695.0,2650.0,2500.0,3500.0,3500.0,3599.0,3799.0,3500.0,2900.0,2800.0,2800.0,2695.0,3400.0,3200.0,,3800.0,3500.0,3300.0,3300.0,3600.0,3500.0,3500.0,2900.0,,,3899.0,3799.0,3150.0,,3750.0,3450.0,3450.0,3450.0,,3000.0
Norwood,Bronx,neighborhood,,,,,,,,,,,,,,,,,1650.0,1550.0,1450.0,1450.0,,,,,,1650.0,1650.0,1895.0,1795.0,,1800.0,925.0,925.0,,,,,,,1595.0,,,2500.0,2500.0,1695.0,1695.0,1200.0,2000.0,2000.0,2000.0,2000.0,,,,,2000.0,,,1700.0,1650.0,1650.0,1695.0,1699.0,1799.0,2100.0,2000.0,1850.0,1995.0,2095.0,1925.0,1900.0,2195.0,2195.0,2095.0,2100.0,2100.0,1895.0,1850.0,1850.0,1900.0,1900.0,1895.0,1895.0,1850.0,2095.0,1950.0,1600.0,2100.0,,1950.0,2100.0,2000.0,2000.0,1975.0,2290.0,2290.0,2292.0,2292.0,2250.0,2350.0,2200.0,2350.0,2350.0,2300.0,2300.0,2250.0,2250.0,2200.0,2250.0,2250.0,2250.0,2300.0,,2395.0,2395.0,,2400.0,2250.0,2250.0,1675.0,2395.0,2395.0,2550.0,2250.0,2500.0,2300.0,2300.0,2300.0,2500.0,2500.0,,2292.0,2350.0,1925.0,2300.0,2250.0,2050.0,2850.0,3193.0,,2800.0,3000.0,2307.0,2307.0,2295.0,2450.0,2450.0,2500.0,2700.0,2500.0,2795.0,2795.0,2400.0,2450.0,2795.0,2450.0,2500.0,2500.0,2850.0,3594.0,1675.0,3200.0,1675.0,2700.0,,,,,,2645.0,2300.0,3100.0,3100.0,3400.0,3400.0,2575.0,2995.0,2995.0,2995.0,,3500.0,3200.0,,2995.0,,,2995.0,2995.0,,,,3000.0,,,3200.0,2800.0,2800.0,3850.0,,2500.0
Oakland Gardens,Queens,neighborhood,,,,,,,,,,,,,,,,,,,,,,,,,1950.0,1950.0,,2500.0,2500.0,2500.0,1795.0,1995.0,1995.0,,,2000.0,2000.0,,2200.0,3000.0,3000.0,,,,,,,2300.0,2300.0,2300.0,2300.0,2300.0,2900.0,2900.0,14000.0,2600.0,2600.0,2400.0,2000.0,2000.0,2000.0,2100.0,2100.0,2200.0,2200.0,2200.0,2200.0,2200.0,2200.0,2000.0,2100.0,2100.0,1950.0,1950.0,3700.0,2400.0,3200.0,3300.0,3300.0,3500.0,3000.0,3000.0,3500.0,3000.0,2600.0,2600.0,2800.0,2750.0,2750.0,2700.0,2300.0,2500.0,2950.0,3500.0,,,3200.0,,,,2650.0,2600.0,2650.0,,2400.0,2200.0,2450.0,2500.0,2500.0,2200.0,2500.0,,2450.0,2550.0,2450.0,,,,,,3950.0,3400.0,3400.0,3950.0,3950.0,3950.0,3950.0,,,,3250.0,3150.0,2950.0,2900.0,2398.0,2350.0,2345.0,2600.0,2700.0,2650.0,2649.0,2650.0,3200.0,2700.0,2590.0,2399.0,2700.0,2850.0,3445.0,2800.0,2950.0,2895.0,2895.0,2890.0,2895.0,2895.0,2895.0,2895.0,2895.0,2850.0,2800.0,2775.0,2695.0,2695.0,2750.0,3195.0,3950.0,3850.0,3950.0,4200.0,3200.0,2775.0,2800.0,3845.0,3845.0,3150.0,3150.0,3150.0,3150.0,3150.0,3200.0,3150.0,3150.0,3150.0,3300.0,3450.0,3400.0,4250.0,4345.0,3850.0,3350.0,3850.0,3850.0,3300.0,3300.0,3299.0,3258.0,2998.0,3300.0,3195.0
Old Mill Basin,Brooklyn,neighborhood,,,,,,,,,,,,,,,,,,,,,,,,,,,,,,,,,,,,,,,,,2000.0,2000.0,2000.0,,,,,,,,,,,,,,,,,,,,,,,,,,4000.0,3800.0,3800.0,2700.0,,,,,,3000.0,3000.0,3200.0,3200.0,3200.0,3200.0,3200.0,,,,,,,,,,,,,,2200.0,2200.0,,,,,,,,2697.0,,,,,,,,,,,,,,,,,,,1950.0,2400.0,2375.0,2375.0,2375.0,,,,2250.0,,2400.0,2650.0,2400.0,1900.0,,,2495.0,2600.0,,,,,3000.0,3000.0,,,,2400.0,,,2900.0,2600.0,2800.0,2800.0,3000.0,3000.0,,,,3000.0,3000.0,,3500.0,,,3600.0,,,,,,2699.0,2699.0,,,3300.0,3300.0,,3850.0,3850.0,,3200.0,,,,,,,,,,,,,
Ozone Park,Queens,neighborhood,,,,,,,,,,,,2100.0,2100.0,2100.0,2100.0,2100.0,2100.0,2100.0,2100.0,2100.0,2100.0,2100.0,2100.0,,,,,,,,,,,,,,,,,,,,,,,2200.0,2200.0,2000.0,2000.0,,,,,,,,2000.0,2200.0,2200.0,2200.0,2000.0,,,,,,,,,,2000.0,2000.0,2000.0,2000.0,2200.0,2200.0,2200.0,,,,1800.0,1800.0,2400.0,2400.0,2400.0,2400.0,2400.0,2300.0,2400.0,2400.0,2400.0,,,,2200.0,2200.0,2700.0,2399.0,2800.0,2800.0,2800.0,2800.0,2350.0,2300.0,2300.0,,2250.0,2400.0,2300.0,2400.0,2500.0,2500.0,2500.0,,2500.0,,,2399.0,2399.0,2299.0,2299.0,,,2500.0,,2700.0,2300.0,2995.0,2995.0,2800.0,2450.0,2250.0,2250.0,2450.0,2325.0,2250.0,,,2250.0,2500.0,2500.0,2500.0,2500.0,,2500.0,2500.0,2500.0,,2500.0,2800.0,,,2400.0,2499.0,2700.0,2950.0,,2750.0,2500.0,2600.0,2600.0,,,2800.0,2800.0,,,2600.0,2600.0,3800.0,2695.0,2800.0,3464.0,3464.0,3200.0,3000.0,3000.0,3000.0,3200.0,3000.0,3000.0,3000.0,2900.0,2850.0,2800.0,2800.0,3999.0,3995.0,3000.0,,2850.0,2850.0,2850.0,,3700.0,3500.0,,3600.0,3600.0,
Park Slope,Brooklyn,neighborhood,3000.0,3400.0,3200.0,3400.0,5000.0,4300.0,3900.0,3750.0,4995.0,4995.0,3500.0,3500.0,3400.0,3500.0,3500.0,3800.0,5000.0,4300.0,4000.0,3900.0,4500.0,4500.0,4200.0,3900.0,4000.0,4200.0,4000.0,4200.0,4300.0,5300.0,4600.0,4750.0,4900.0,4500.0,4500.0,4385.0,4200.0,4200.0,5300.0,4999.0,5400.0,4500.0,4200.0,4500.0,4700.0,4600.0,4150.0,4100.0,4000.0,5500.0,4975.0,4700.0,4700.0,4600.0,4400.0,4300.0,4500.0,4300.0,4000.0,4200.0,4000.0,4000.0,4000.0,4000.0,4500.0,4400.0,4350.0,4500.0,4350.0,4300.0,4300.0,4700.0,5200.0,5100.0,4750.0,4750.0,4750.0,4500.0,4600.0,4600.0,4700.0,4500.0,4200.0,4100.0,4000.0,4250.0,3950.0,3990.0,4153.0,4250.0,4300.0,4400.0,4400.0,4400.0,4300.0,4000.0,4200.0,4000.0,4400.0,4400.0,4583.0,4950.0,4895.0,4250.0,4850.0,4300.0,4495.0,4200.0,4400.0,4295.0,4395.0,4300.0,4750.0,4904.0,4800.0,4399.0,4295.0,4500.0,4500.0,4850.0,4500.0,4635.0,4400.0,5000.0,4500.0,4800.0,4895.0,4499.0,4300.0,4100.0,4000.0,3990.0,3950.0,3662.0,3500.0,3600.0,3800.0,3995.0,4250.0,4250.0,4500.0,4950.0,4490.0,4250.0,4550.0,4500.0,4700.0,4900.0,5995.0,6195.0,6000.0,6000.0,5950.0,5975.0,5900.0,5700.0,5800.0,5500.0,6200.0,6200.0,6000.0,6000.0,6000.0,6650.0,7000.0,6750.0,7000.0,6344.0,6200.0,6489.0,6000.0,6000.0,6400.0,6250.0,6000.0,5820.0,6000.0,6350.0,5892.0,6000.0,5986.0,6100.0,6500.0,6750.0,6500.0,6500.0,6600.0,6500.0,6495.0,6250.0,5900.0,6700.0,6200.0,6700.0,6700.0,8495.0,8122.0,6995.0,6650.0,6800.0
Parkchester,Bronx,neighborhood,,,,,,,,,,,,,,1600.0,1625.0,1625.0,1600.0,1200.0,,,1600.0,1600.0,1600.0,1625.0,1625.0,1625.0,1625.0,1625.0,1625.0,1625.0,1625.0,1625.0,1625.0,1625.0,1625.0,1625.0,1625.0,1625.0,1625.0,1625.0,1625.0,1625.0,1625.0,1625.0,1625.0,1625.0,,,,,,,,,1833.0,1833.0,1800.0,2200.0,1850.0,1850.0,,1585.0,1585.0,,1900.0,1900.0,1900.0,1900.0,1865.0,1865.0,1865.0,1950.0,2450.0,2450.0,2450.0,1915.0,1915.0,1875.0,2100.0,2300.0,2200.0,2200.0,2200.0,1943.0,1950.0,2200.0,2500.0,2400.0,2300.0,2450.0,2400.0,2450.0,1950.0,2100.0,2100.0,2150.0,2150.0,,,,2150.0,2200.0,2200.0,,,1795.0,1795.0,2200.0,1900.0,2100.0,,2300.0,2300.0,,2095.0,,,2250.0,2250.0,2250.0,2250.0,2600.0,2600.0,2600.0,2500.0,,,,,2150.0,2250.0,2250.0,1800.0,2600.0,2600.0,,2500.0,,,2400.0,3200.0,3200.0,2850.0,3300.0,,,,,,3000.0,2800.0,2700.0,2300.0,2300.0,2600.0,,3200.0,3200.0,2800.0,2800.0,2800.0,2800.0,,,2900.0,2899.0,3300.0,2850.0,2500.0,,3095.0,3095.0,3095.0,3500.0,3500.0,3464.0,4070.0,,,,,,,,,3700.0,3700.0,3700.0,,,3200.0,,,,,2900.0,2900.0,3750.0,3700.0,3200.0
Pelham Bay,Bronx,neighborhood,,,,,,,,,,,,,,,,,,,,,,,2500.0,2500.0,2500.0,2500.0,2500.0,2500.0,1800.0,1800.0,1800.0,,,,,,,1800.0,1800.0,1800.0,1800.0,1800.0,,,,,,,1800.0,1800.0,1800.0,1800.0,1900.0,1900.0,2450.0,2450.0,2450.0,1800.0,,1900.0,1900.0,2000.0,2000.0,,,1950.0,2150.0,2100.0,,,,1900.0,1900.0,,,,1995.0,1995.0,2650.0,,,2400.0,2400.0,,,,,,,,,,,2400.0,,,2000.0,,,1850.0,,,,,2200.0,,,2400.0,2400.0,2300.0,2300.0,2300.0,2250.0,2500.0,2300.0,2200.0,,2500.0,,,,2585.0,,,,,,2160.0,,,,2350.0,2350.0,2400.0,2400.0,,2650.0,,2500.0,,,2500.0,2500.0,2000.0,2000.0,,2450.0,,2400.0,2400.0,2400.0,2400.0,2400.0,2400.0,2800.0,2645.0,2645.0,2600.0,2200.0,2200.0,3200.0,3000.0,,,,,,,,,2500.0,2900.0,,,2600.0,2800.0,2800.0,,,4300.0,3000.0,3000.0,4200.0,3900.0,3900.0,3600.0,4250.0,4300.0,3596.0,3596.0,3600.0,4200.0,4300.0,3700.0,3695.0,3500.0,3495.0,3400.0,3400.0,3650.0
Pelham Gardens,Bronx,neighborhood,,,,,,,,,,,,,,,,,,,,,1700.0,1900.0,1900.0,,,,,,,1800.0,1800.0,,,,,,,,,,,,,,,,,,,1800.0,1800.0,,,,,,,,,,,,,,,,,,,,1800.0,2100.0,2100.0,1900.0,,,2000.0,2000.0,,,,1850.0,2050.0,2100.0,2100.0,1750.0,3750.0,,,,2000.0,2000.0,2100.0,2200.0,2100.0,,,,,2300.0,2300.0,,,2250.0,2250.0,,,,2195.0,2195.0,3000.0,3000.0,3000.0,2800.0,,,,,2150.0,,,,,4250.0,,3600.0,3600.0,3600.0,3600.0,,,,,,,2400.0,2300.0,2300.0,2300.0,2900.0,2300.0,2300.0,2840.0,2840.0,3000.0,3000.0,3000.0,3000.0,,,,3800.0,3800.0,2795.0,2795.0,3800.0,,,3750.0,3500.0,,3500.0,,4000.0,,3000.0,,3500.0,2700.0,2700.0,,3200.0,3200.0,,3600.0,3400.0,,,,,,,3250.0,3250.0,,,6000.0,6000.0,,,,,,,,,,,,
Pelham Parkway,Bronx,neighborhood,,,,,,,,,,,,,,,,,,,,,,,,,,,,,,,,,,,,,,,,,,,,,,,,,,,,,,,,,,,,,,1750.0,1750.0,1725.0,1725.0,,,,,,,,2699.0,2699.0,2699.0,2699.0,,,,,,,,,,,,,,,,,1925.0,1925.0,,,,,2657.0,1925.0,,,,,,2498.0,2498.0,,1750.0,,,,,2700.0,2700.0,2495.0,2495.0,,2500.0,2495.0,2495.0,2400.0,2200.0,2500.0,2500.0,2001.0,2425.0,2500.0,2500.0,2500.0,2500.0,2699.0,2450.0,2138.0,2450.0,2450.0,,2500.0,2500.0,,,2550.0,2550.0,2499.0,2500.0,2499.0,2500.0,2550.0,2151.0,,,3200.0,3200.0,,,2700.0,2650.0,2700.0,1950.0,2700.0,2700.0,2700.0,,,3000.0,3250.0,,2729.0,2669.0,2669.0,,,2700.0,2800.0,3299.0,2900.0,2900.0,3299.0,3000.0,,2900.0,2900.0,3000.0,3000.0,,3299.0,,,,,2800.0,2800.0,,,,3000.0,3000.0,,,3100.0
Pomonok,Queens,neighborhood,3200.0,3200.0,,,,,,,,,,1680.0,1680.0,1650.0,1650.0,,1900.0,1900.0,1800.0,,,,,,,,,,,,1850.0,1950.0,1950.0,2300.0,,,,,,,,2900.0,2900.0,2900.0,1700.0,1600.0,1550.0,1550.0,,,1850.0,1850.0,,,,3200.0,2200.0,2100.0,2100.0,2100.0,2100.0,2100.0,2100.0,,,,,3500.0,3500.0,3500.0,3500.0,3500.0,3500.0,3500.0,3500.0,3500.0,2400.0,2400.0,,,2200.0,2050.0,1900.0,,,2700.0,2500.0,2350.0,2200.0,2200.0,2480.0,2350.0,2850.0,2750.0,2750.0,3750.0,,,2250.0,2250.0,2250.0,,2400.0,2400.0,2500.0,2500.0,2300.0,2300.0,2400.0,2400.0,2400.0,2595.0,2600.0,2250.0,3000.0,2250.0,2650.0,4400.0,,2500.0,2300.0,2500.0,2500.0,4000.0,3000.0,,2800.0,2800.0,2800.0,2800.0,2600.0,2499.0,2500.0,2500.0,2500.0,,2500.0,2600.0,2400.0,2400.0,2400.0,3200.0,2400.0,2800.0,2800.0,,2300.0,2250.0,2150.0,2150.0,3600.0,3600.0,3200.0,3200.0,2900.0,2600.0,,3300.0,3300.0,3295.0,3295.0,3250.0,3250.0,3250.0,,2700.0,2700.0,3200.0,3500.0,3800.0,3495.0,,,2600.0,2995.0,2995.0,2695.0,2795.0,2900.0,2900.0,,3600.0,3495.0,3495.0,3200.0,2950.0,,3095.0,,3500.0,3500.0,2800.0,2850.0,2845.0,,,,,4300.0,3950.0
Port Morris,Bronx,neighborhood,,,,,,,,,,,,,,,,,,,,,,,,,,,,,,,,,,,,,,,,,,,,,,,,,,,,,,,,,,,,,,,,,,,,,,,,,,,,,,,,,,,,,3000.0,3000.0,3000.0,,,,,,,,,,,,2500.0,2500.0,,,,3150.0,3150.0,3150.0,2800.0,2800.0,2500.0,2500.0,2300.0,2500.0,2350.0,,,,,,,,,,,,,,,,,,,,,,,2500.0,2500.0,2500.0,,,,,,,,,,,,,,,,,,,,,,,,,,,,,,,,,,,,3000.0,3000.0,,,,,,,,,,,,,5000.0,4500.0,,,,,,,,,,,
Prospect Heights,Brooklyn,neighborhood,2700.0,3500.0,3400.0,2800.0,4500.0,3950.0,3500.0,2900.0,3100.0,3000.0,2800.0,2800.0,2800.0,3250.0,3200.0,3250.0,3400.0,3200.0,3600.0,3795.0,3000.0,3000.0,3200.0,3200.0,2700.0,2795.0,2795.0,4195.0,3750.0,3500.0,3500.0,3995.0,4350.0,3500.0,3300.0,3300.0,3300.0,4500.0,6500.0,4500.0,6200.0,3500.0,3500.0,3500.0,3500.0,3650.0,3750.0,3995.0,3600.0,3600.0,4400.0,3500.0,4200.0,3600.0,3650.0,3700.0,3600.0,3500.0,3500.0,3300.0,3400.0,3500.0,3500.0,3850.0,3975.0,3975.0,4000.0,4250.0,3999.0,3975.0,5500.0,4875.0,4000.0,4800.0,4700.0,4000.0,3800.0,3876.0,4000.0,3942.0,3600.0,3600.0,3500.0,3600.0,3500.0,3600.0,3900.0,4000.0,4199.0,4150.0,4000.0,3700.0,3785.0,4000.0,3900.0,4000.0,3800.0,4425.0,4200.0,4200.0,4300.0,3930.0,3995.0,4200.0,3795.0,3900.0,4150.0,3950.0,3850.0,3650.0,3800.0,3992.0,4153.0,4000.0,5199.0,4800.0,4749.0,4550.0,4490.0,4195.0,4125.0,4105.0,5700.0,4675.0,4450.0,3899.0,3800.0,3550.0,3483.0,3300.0,3199.0,3250.0,3300.0,3250.0,3300.0,3500.0,3800.0,3800.0,3700.0,3600.0,3900.0,4500.0,5000.0,4900.0,4495.0,3950.0,3950.0,4300.0,5000.0,5000.0,6000.0,6000.0,5200.0,5000.0,4800.0,4800.0,5760.0,5500.0,4999.0,6500.0,5400.0,5900.0,6000.0,4999.0,6500.0,6000.0,5750.0,5750.0,4950.0,7000.0,5650.0,5850.0,5500.0,5099.0,5150.0,5995.0,5995.0,5295.0,5995.0,5829.0,5995.0,6300.0,6395.0,6295.0,6295.0,6000.0,5995.0,6500.0,6000.0,5250.0,5100.0,5500.0,5500.0,5500.0,5595.0,5900.0,5550.0,6000.0,6950.0,6495.0
Prospect Lefferts Gardens,Brooklyn,neighborhood,3300.0,1650.0,3900.0,2900.0,5000.0,6400.0,2000.0,,,,,2000.0,1650.0,1650.0,1650.0,1650.0,1650.0,1650.0,1650.0,4200.0,7600.0,2400.0,2400.0,6200.0,2300.0,2250.0,2499.0,3200.0,2800.0,2500.0,2500.0,2300.0,2200.0,1925.0,2000.0,1900.0,1900.0,1900.0,2500.0,2500.0,2500.0,2500.0,2500.0,2500.0,2600.0,2700.0,2400.0,2200.0,2300.0,2300.0,2550.0,2600.0,2850.0,2600.0,2600.0,2700.0,2800.0,3100.0,2975.0,2700.0,2700.0,2800.0,2850.0,2800.0,2916.0,2750.0,2650.0,2750.0,3100.0,2650.0,2750.0,2875.0,2600.0,2600.0,2750.0,2800.0,2850.0,2750.0,2800.0,2800.0,2800.0,2800.0,2800.0,2625.0,2625.0,2650.0,2885.0,2769.0,2800.0,2995.0,2950.0,3000.0,2995.0,2916.0,2800.0,2799.0,2696.0,2666.0,2795.0,2895.0,2895.0,3125.0,2990.0,3000.0,3000.0,3299.0,3200.0,3195.0,3050.0,2900.0,2850.0,2850.0,3000.0,3000.0,3025.0,3100.0,3100.0,2999.0,3000.0,2995.0,3250.0,3250.0,3000.0,3125.0,3000.0,3000.0,2999.0,2925.0,2833.0,2799.0,2700.0,2667.0,2600.0,2600.0,2745.0,2750.0,2950.0,2999.0,2995.0,2999.0,3000.0,2892.0,3199.0,3199.0,3200.0,3250.0,3199.0,3200.0,3499.0,3400.0,3600.0,3500.0,3700.0,3750.0,3500.0,3500.0,3500.0,3550.0,3399.0,3400.0,3700.0,3795.0,3700.0,3800.0,3595.0,3900.0,3850.0,3799.0,3500.0,3560.0,3500.0,3700.0,3800.0,3900.0,3695.0,3800.0,3950.0,3995.0,3990.0,3500.0,3485.0,3350.0,3500.0,3799.0,3900.0,4000.0,3999.0,3795.0,4250.0,3850.0,3500.0,3500.0,3499.0,3564.0,3645.0,3950.0,4250.0,4400.0,4250.0,4250.0
Prospect Park South,Brooklyn,neighborhood,,,,,,,,1200.0,1200.0,1200.0,1200.0,2300.0,2300.0,1950.0,1950.0,1950.0,1950.0,1950.0,2650.0,2650.0,,,,2400.0,2400.0,2400.0,,,3200.0,2000.0,2000.0,,,,,2800.0,2095.0,2200.0,,2100.0,2100.0,2100.0,2500.0,2500.0,2450.0,2700.0,2700.0,2600.0,2695.0,2695.0,2695.0,2475.0,2475.0,4385.0,2995.0,2600.0,2495.0,2700.0,2900.0,2800.0,2750.0,2495.0,2500.0,2550.0,2500.0,2495.0,2675.0,2695.0,2650.0,2625.0,3200.0,2900.0,2800.0,2650.0,2550.0,2600.0,2750.0,2700.0,2750.0,2700.0,2700.0,2695.0,2500.0,2395.0,2400.0,2375.0,2597.0,2597.0,2600.0,2550.0,2750.0,2875.0,2500.0,2600.0,2699.0,2500.0,2600.0,2600.0,2699.0,2675.0,2799.0,2695.0,2995.0,2900.0,2630.0,2575.0,2450.0,2450.0,2500.0,2650.0,2700.0,2795.0,2950.0,2950.0,2799.0,2850.0,2925.0,3300.0,3499.0,3300.0,3300.0,2750.0,2530.0,2700.0,2595.0,2550.0,2900.0,2800.0,2675.0,2500.0,2500.0,2500.0,2495.0,2450.0,2750.0,2900.0,2945.0,2655.0,2695.0,2950.0,2950.0,2850.0,2650.0,2650.0,2650.0,2650.0,2700.0,3800.0,3295.0,2950.0,2850.0,2895.0,3195.0,3300.0,3095.0,3000.0,2950.0,2995.0,3000.0,2850.0,2850.0,3500.0,3795.0,3500.0,3495.0,3000.0,3200.0,2900.0,3395.0,3389.0,2995.0,5250.0,3500.0,3400.0,3495.0,3250.0,3699.0,3699.0,3195.0,2895.0,3195.0,3300.0,3195.0,2700.0,3500.0,3595.0,4300.0,3400.0,2995.0,3195.0,4000.0,3595.0,3595.0,3795.0,4250.0,3800.0,3799.0,4300.0,4850.0,4690.0
Queens,Queens,borough,2100.0,2250.0,2250.0,2100.0,1800.0,1800.0,1750.0,1750.0,1750.0,1750.0,1750.0,1800.0,1780.0,1800.0,2000.0,2100.0,2100.0,2100.0,2100.0,2200.0,2300.0,2214.0,2200.0,2300.0,2400.0,2500.0,2595.0,2600.0,2500.0,2500.0,2500.0,2600.0,2700.0,2550.0,2350.0,2500.0,2500.0,2500.0,2500.0,2600.0,2600.0,2700.0,2600.0,2800.0,2850.0,2800.0,2800.0,2800.0,2700.0,2700.0,2700.0,2800.0,2800.0,2800.0,2750.0,2875.0,2850.0,2750.0,2700.0,2775.0,2700.0,2800.0,2800.0,2800.0,2800.0,2800.0,2800.0,2850.0,2895.0,2800.0,2850.0,2850.0,2900.0,2925.0,2950.0,2900.0,2900.0,2950.0,2999.0,3000.0,3000.0,2850.0,2850.0,2888.0,2875.0,2850.0,2836.0,2800.0,2850.0,2850.0,2800.0,2900.0,2850.0,2800.0,2800.0,2880.0,2800.0,2750.0,2795.0,2800.0,2800.0,2800.0,2850.0,2875.0,2890.0,2795.0,2700.0,2750.0,2795.0,2800.0,2800.0,2850.0,2900.0,2875.0,2895.0,2900.0,2875.0,2800.0,2850.0,2900.0,2900.0,2950.0,2950.0,2995.0,2895.0,2895.0,2850.0,2810.0,2800.0,2700.0,2667.0,2600.0,2600.0,2600.0,2600.0,2650.0,2700.0,2750.0,2800.0,2900.0,2895.0,2850.0,2950.0,2900.0,2995.0,2975.0,3000.0,3000.0,3100.0,3400.0,3350.0,3500.0,3450.0,3400.0,3350.0,3395.0,3344.0,3200.0,3200.0,3225.0,3499.0,3500.0,3600.0,3595.0,3600.0,3550.0,3500.0,3500.0,3500.0,3500.0,3500.0,3600.0,3700.0,3700.0,3799.0,3800.0,3700.0,3600.0,3500.0,3595.0,3500.0,3600.0,3650.0,3777.0,3799.0,3800.0,3900.0,3975.0,3900.0,3750.0,3795.0,3800.0,3800.0,3800.0,3850.0,4000.0,4000.0,4100.0,4000.0,4000.0
Queens Village,Queens,neighborhood,,,,,,,,,,,,,,,,,,,,,,,,,,,,,,,,,,,,,,,,,,,,,,,,2500.0,2500.0,2500.0,2500.0,2500.0,2300.0,2300.0,,2000.0,3400.0,2400.0,2000.0,2000.0,2850.0,,,,,,,,4000.0,2500.0,2400.0,2500.0,,2500.0,2500.0,3100.0,2400.0,2400.0,2400.0,1950.0,1950.0,2900.0,2700.0,2500.0,2300.0,2300.0,2700.0,2700.0,,2499.0,2500.0,2500.0,,2099.0,,,,2175.0,3245.0,3245.0,,2100.0,2100.0,2200.0,2200.0,2700.0,2650.0,,,,,,2150.0,2100.0,2100.0,,2300.0,2200.0,2350.0,2299.0,2800.0,3030.0,3400.0,3400.0,3400.0,3400.0,3400.0,3400.0,3000.0,3000.0,3400.0,3400.0,3400.0,3400.0,4500.0,4500.0,2500.0,2500.0,3000.0,3000.0,2800.0,2800.0,2800.0,2800.0,2800.0,2800.0,2800.0,3300.0,4500.0,4500.0,3800.0,,2800.0,,2850.0,2300.0,2300.0,4950.0,3200.0,3200.0,2350.0,2350.0,2600.0,2600.0,2350.0,,4500.0,3500.0,3500.0,3500.0,2950.0,5500.0,,3200.0,3400.0,3000.0,3000.0,3300.0,4000.0,4000.0,4000.0,,2800.0,2700.0,3200.0,3300.0,3450.0,3300.0,3700.0,3000.0,,3000.0,3000.0,3700.0,,3795.0,,4200.0,4095.0,3800.0
Red Hook,Brooklyn,neighborhood,2000.0,2000.0,,,,,3600.0,3200.0,3850.0,3100.0,3500.0,2400.0,2400.0,2400.0,2400.0,2400.0,2400.0,2700.0,2700.0,2400.0,2700.0,2200.0,2200.0,3300.0,,,,,2400.0,2400.0,3300.0,3100.0,3100.0,3000.0,3000.0,3000.0,3000.0,3000.0,2500.0,2500.0,2600.0,2600.0,3000.0,3495.0,3100.0,2700.0,2750.0,3200.0,2700.0,3500.0,3800.0,2900.0,3000.0,3495.0,2695.0,2800.0,2800.0,2199.0,2199.0,2199.0,3500.0,3500.0,3900.0,3750.0,3950.0,3900.0,3100.0,3100.0,3750.0,3550.0,3400.0,3300.0,3299.0,3300.0,3300.0,3500.0,3300.0,3200.0,3483.0,3000.0,3000.0,2695.0,2695.0,2500.0,2500.0,2500.0,3100.0,2795.0,2700.0,3300.0,3300.0,3500.0,3500.0,3495.0,3200.0,5200.0,3900.0,3750.0,3500.0,3200.0,3000.0,3600.0,3450.0,3200.0,2975.0,2800.0,2800.0,3000.0,2800.0,3000.0,3000.0,3100.0,3398.0,3400.0,3100.0,3000.0,4500.0,3975.0,3900.0,4800.0,4600.0,3240.0,2700.0,2700.0,3495.0,4995.0,3500.0,5000.0,3340.0,3000.0,2800.0,2900.0,2850.0,2850.0,2875.0,3700.0,3900.0,2500.0,2500.0,4000.0,,3240.0,3240.0,3700.0,3400.0,3488.0,4500.0,2950.0,4500.0,7000.0,7000.0,5200.0,25000.0,20000.0,6495.0,6495.0,5950.0,5950.0,3500.0,,10000.0,4000.0,3750.0,4000.0,4450.0,4750.0,4750.0,3750.0,5500.0,4995.0,4500.0,7500.0,9995.0,8995.0,8995.0,7999.0,7995.0,5500.0,5500.0,10000.0,6500.0,10000.0,45000.0,4800.0,7900.0,7900.0,9000.0,8495.0,6000.0,5400.0,5000.0,5000.0,5150.0,5295.0,11100.0,7250.0,6999.0,6750.0,5500.0,6725.0
Rego Park,Queens,neighborhood,2400.0,3000.0,3000.0,3250.0,3000.0,2700.0,2700.0,2700.0,2700.0,2100.0,2100.0,2100.0,2100.0,2200.0,2000.0,2000.0,2200.0,2300.0,2200.0,2300.0,2200.0,2200.0,2400.0,2400.0,2400.0,1795.0,1900.0,1900.0,1795.0,1795.0,1900.0,2300.0,2300.0,1900.0,1900.0,,2500.0,2500.0,2500.0,2700.0,2700.0,2500.0,2500.0,2300.0,2300.0,2500.0,2899.0,2699.0,2688.0,3100.0,2000.0,2750.0,3200.0,3095.0,2800.0,3000.0,3000.0,3000.0,2900.0,3050.0,2900.0,2800.0,2800.0,2200.0,2975.0,2500.0,2500.0,3100.0,3100.0,3100.0,3100.0,3100.0,3300.0,2925.0,2950.0,2900.0,2950.0,3200.0,3200.0,2950.0,2850.0,2750.0,2750.0,2800.0,2800.0,2800.0,2500.0,2500.0,2975.0,3100.0,2800.0,2600.0,2650.0,2917.0,3095.0,2950.0,2950.0,3200.0,3099.0,3099.0,2990.0,3052.0,3150.0,3200.0,3000.0,3047.0,3047.0,3095.0,3095.0,3000.0,3000.0,3230.0,3395.0,3100.0,2919.0,2950.0,3199.0,3800.0,3139.0,3100.0,3020.0,2950.0,3200.0,2876.0,2700.0,2700.0,3150.0,3050.0,3062.0,3095.0,3000.0,2750.0,2650.0,2600.0,2820.0,3200.0,2950.0,2950.0,3550.0,3200.0,3200.0,3200.0,3490.0,3490.0,3407.0,3000.0,2900.0,3100.0,3000.0,3450.0,3600.0,3600.0,3525.0,3400.0,3500.0,3500.0,3395.0,3300.0,3400.0,3250.0,3400.0,3800.0,3800.0,3700.0,3800.0,3650.0,3995.0,3800.0,3800.0,3960.0,3795.0,3800.0,3700.0,3600.0,3700.0,3750.0,3300.0,3900.0,3880.0,3900.0,3850.0,3995.0,3900.0,4300.0,4300.0,4300.0,4600.0,4400.0,4199.0,3995.0,3800.0,3600.0,3700.0,3500.0,5500.0,4395.0,4200.0,4350.0,4400.0,4300.0
Richmond Hill,Queens,neighborhood,,,,,,,,,,,,,,,,,,,,,,,,,,,,,,,,,,,,,1900.0,1900.0,,,,,,,1695.0,1695.0,,1950.0,1950.0,,,,,2000.0,2000.0,2000.0,,,,,3100.0,3100.0,3100.0,,,,,2540.0,2200.0,2200.0,2200.0,2100.0,2000.0,2075.0,2075.0,2075.0,2225.0,2225.0,1900.0,,2000.0,2000.0,2100.0,2200.0,2250.0,2250.0,2250.0,2250.0,2450.0,2400.0,2400.0,2000.0,2300.0,2300.0,2150.0,2150.0,2150.0,2099.0,2349.0,2300.0,3000.0,,2100.0,2500.0,2100.0,2500.0,2400.0,2299.0,2099.0,2200.0,2150.0,2150.0,2500.0,2500.0,2500.0,2299.0,2300.0,2100.0,2200.0,2395.0,2200.0,2200.0,2299.0,,2200.0,2300.0,2600.0,2300.0,2595.0,2500.0,2250.0,2700.0,2350.0,2350.0,2499.0,2499.0,2500.0,2450.0,2300.0,2500.0,2450.0,2300.0,3500.0,3500.0,2400.0,2500.0,2500.0,3200.0,3100.0,3100.0,2750.0,2500.0,2700.0,2600.0,3000.0,3000.0,2600.0,2350.0,2350.0,,2500.0,2500.0,4250.0,3499.0,3499.0,3350.0,3200.0,2750.0,2850.0,3500.0,3300.0,3000.0,3100.0,3100.0,,2600.0,3000.0,3200.0,2600.0,2575.0,2975.0,2900.0,4000.0,4000.0,2800.0,3000.0,4070.0,,3200.0,3200.0,2995.0,2300.0,,3000.0,3000.0,3499.0,3200.0,,2995.0,3000.0
Ridgewood,Queens,neighborhood,1490.0,1490.0,1490.0,1490.0,1600.0,,,,,,,,,,,,,,,,,1500.0,1500.0,1400.0,1650.0,2990.0,3565.0,3565.0,1600.0,3550.0,3254.0,3254.0,1600.0,2803.0,3032.0,2840.0,2840.0,2840.0,1900.0,2600.0,2100.0,1800.0,2200.0,1800.0,2100.0,2650.0,2650.0,2800.0,2600.0,2500.0,2600.0,2500.0,2658.0,2800.0,2950.0,2500.0,2850.0,2650.0,2650.0,2700.0,2500.0,2500.0,2500.0,2550.0,2900.0,2895.0,2800.0,2750.0,2795.0,2995.0,2850.0,2800.0,2950.0,3000.0,3000.0,2995.0,2850.0,2900.0,2995.0,2900.0,2900.0,2800.0,2795.0,2800.0,2835.0,2800.0,2820.0,2750.0,2799.0,2849.0,2850.0,2899.0,2800.0,2700.0,2700.0,2750.0,2750.0,2699.0,2700.0,2795.0,2795.0,2750.0,2750.0,2800.0,2800.0,2800.0,2795.0,2750.0,2700.0,2700.0,2699.0,2800.0,2900.0,2875.0,2890.0,3000.0,3000.0,2900.0,2800.0,2906.0,2870.0,2900.0,3000.0,2899.0,2840.0,2750.0,2700.0,2650.0,2600.0,2525.0,2550.0,2500.0,2500.0,2400.0,2400.0,2450.0,2595.0,2600.0,2800.0,2915.0,2915.0,2850.0,2900.0,3000.0,3100.0,3199.0,3300.0,3150.0,3300.0,3650.0,3650.0,3845.0,3795.0,3700.0,3595.0,3500.0,3475.0,3475.0,3400.0,3400.0,3550.0,3600.0,3600.0,3599.0,3600.0,3600.0,3500.0,3500.0,3495.0,3395.0,3500.0,3699.0,3700.0,3900.0,3926.0,3895.0,3795.0,3700.0,3450.0,3400.0,3500.0,3585.0,3799.0,3900.0,3895.0,3695.0,3899.0,3850.0,3995.0,3900.0,4000.0,4199.0,4000.0,4200.0,4000.0,4200.0,4200.0,4295.0,4149.0,4000.0
Riverdale,Bronx,neighborhood,2500.0,2500.0,2500.0,2500.0,2400.0,2450.0,2550.0,3000.0,3500.0,3000.0,2500.0,2500.0,2900.0,2300.0,3500.0,3900.0,3500.0,3200.0,3500.0,3200.0,3000.0,3200.0,3500.0,3550.0,3500.0,3800.0,3500.0,3175.0,3175.0,3450.0,2750.0,3175.0,3400.0,3400.0,3400.0,3400.0,3400.0,2995.0,2995.0,2995.0,3100.0,2900.0,3100.0,2995.0,2800.0,2700.0,2900.0,2850.0,3000.0,3595.0,4000.0,3800.0,4300.0,4100.0,3995.0,3546.0,3000.0,3200.0,2975.0,2995.0,2900.0,2950.0,3200.0,3200.0,3300.0,3400.0,3650.0,4050.0,3300.0,3200.0,3150.0,3199.0,3250.0,3000.0,3250.0,3500.0,3800.0,3300.0,3300.0,3025.0,3050.0,3000.0,3000.0,3116.0,3200.0,3200.0,3200.0,3500.0,3800.0,3650.0,3250.0,3225.0,3095.0,3095.0,3350.0,3095.0,3000.0,3000.0,2999.0,3000.0,3200.0,3300.0,2975.0,2950.0,2990.0,3000.0,2995.0,3200.0,3175.0,3175.0,3100.0,3000.0,3000.0,3250.0,3600.0,3400.0,3400.0,3278.0,3395.0,3278.0,3300.0,3452.0,3699.0,3400.0,3195.0,3350.0,3550.0,3700.0,3800.0,3700.0,3600.0,3400.0,3400.0,3500.0,3500.0,3500.0,3400.0,3555.0,3600.0,3750.0,3699.0,3500.0,3800.0,3600.0,3500.0,3350.0,3499.0,3400.0,3500.0,4000.0,3746.0,4200.0,3850.0,3750.0,3595.0,3500.0,3500.0,3850.0,3500.0,3540.0,3750.0,3900.0,3600.0,3500.0,3750.0,3800.0,3500.0,3390.0,3500.0,3400.0,3700.0,3894.0,3750.0,3700.0,3650.0,3750.0,4300.0,3995.0,3875.0,3900.0,3700.0,3650.0,3700.0,3700.0,3700.0,3795.0,3800.0,4200.0,4700.0,4500.0,4300.0,4500.0,4800.0,3900.0,4000.0,4000.0,4400.0,4200.0,4200.0,4700.0
Rockaway All,Queens,neighborhood,1700.0,1950.0,1700.0,1700.0,1700.0,,,,,,,1690.0,1690.0,1690.0,1690.0,2000.0,2000.0,1650.0,1650.0,1650.0,1650.0,,1200.0,1200.0,1750.0,1750.0,1750.0,1750.0,,1950.0,1950.0,1950.0,1600.0,1950.0,,,,1329.0,1329.0,1329.0,1329.0,1600.0,1750.0,1700.0,1237.0,1459.0,1459.0,1459.0,1700.0,1700.0,1459.0,1459.0,1329.0,1459.0,1985.0,2000.0,2000.0,1800.0,1750.0,1750.0,1750.0,1775.0,1775.0,1775.0,1795.0,1790.0,1795.0,1995.0,1850.0,1875.0,1850.0,1750.0,1825.0,1825.0,1825.0,2300.0,2095.0,1956.0,2095.0,2150.0,2200.0,2100.0,2000.0,2000.0,2100.0,2100.0,2200.0,2000.0,2300.0,2300.0,2300.0,1956.0,1999.0,1999.0,2100.0,2000.0,3695.0,2500.0,2400.0,3295.0,2700.0,2200.0,2399.0,2800.0,2800.0,2300.0,2299.0,2295.0,2300.0,2449.0,2425.0,2487.0,2399.0,2150.0,2399.0,2399.0,2399.0,2399.0,2450.0,2450.0,2600.0,2499.0,2499.0,2500.0,2399.0,2500.0,2500.0,2800.0,3000.0,2854.0,2669.0,2800.0,2845.0,2650.0,3700.0,2650.0,2500.0,2500.0,2400.0,2500.0,2650.0,2800.0,3200.0,2800.0,2795.0,2800.0,2795.0,2775.0,2800.0,3150.0,2900.0,3000.0,3000.0,2950.0,2850.0,2912.0,2950.0,2950.0,2900.0,2900.0,2700.0,2995.0,2999.0,3000.0,3084.0,3200.0,3300.0,3350.0,3350.0,3250.0,3464.0,3300.0,3500.0,3300.0,3464.0,3400.0,3150.0,3000.0,3464.0,3400.0,3464.0,3464.0,3464.0,3464.0,3500.0,3500.0,3464.0,3400.0,3492.0,3100.0,3600.0,3599.0,3400.0,3450.0,3500.0,3400.0,3425.0,3300.0,3300.0,3450.0
Roosevelt Island,Manhattan,neighborhood,4125.0,4000.0,3850.0,4154.0,4154.0,4154.0,3969.0,4154.0,4400.0,4400.0,4154.0,4154.0,4154.0,4154.0,4154.0,4430.0,5000.0,4400.0,5000.0,5000.0,5000.0,5200.0,5995.0,5895.0,5000.0,5350.0,5200.0,5100.0,3649.0,3700.0,3700.0,5000.0,4850.0,4850.0,4895.0,4895.0,4895.0,4895.0,5200.0,4895.0,4795.0,4795.0,5795.0,5795.0,5495.0,5495.0,4695.0,4695.0,4695.0,3900.0,3900.0,4695.0,5295.0,5295.0,4995.0,5095.0,6050.0,4915.0,5895.0,5216.0,4995.0,4985.0,4995.0,4850.0,4850.0,5200.0,5200.0,5200.0,5495.0,5495.0,5215.0,6092.0,5919.0,5919.0,5650.0,5150.0,5150.0,4860.0,5409.0,5600.0,5300.0,5300.0,5426.0,5538.0,5588.0,5525.0,5374.0,5235.0,5345.0,5374.0,5938.0,5938.0,5100.0,5100.0,4695.0,4695.0,4320.0,4320.0,4460.0,5481.0,5235.0,4578.0,4583.0,4580.0,4600.0,4578.0,4578.0,4495.0,4495.0,4640.0,4578.0,4680.0,5400.0,5917.0,5900.0,5900.0,4400.0,6200.0,6200.0,5775.0,5775.0,5815.0,5262.0,5900.0,5840.0,5233.0,4866.0,5010.0,4944.0,4959.0,4945.0,5356.0,4958.0,5500.0,4995.0,5650.0,5594.0,5714.0,6093.0,6108.0,5800.0,4285.0,4285.0,4285.0,5800.0,7068.0,6800.0,6400.0,6672.0,7164.0,7016.0,6854.0,6750.0,6843.0,6682.0,6547.0,6789.0,6700.0,6396.0,4700.0,6647.0,6992.0,7406.0,6847.0,6404.0,5990.0,6120.0,6142.0,4895.0,4695.0,6300.0,6300.0,6300.0,7809.0,6700.0,7423.0,7438.0,7129.0,6950.0,6951.0,6835.0,6399.0,6600.0,6762.0,6400.0,6858.0,6500.0,6300.0,6783.0,7251.0,6300.0,6275.0,6500.0,4825.0,6500.0,6700.0,7004.0,6495.0,7184.0,7600.0
Rosedale,Queens,neighborhood,,,,,,,,,,,,,,,,,,,,,,,,,,,,,,,,,,,,,,,,,,,,,,,1700.0,1700.0,1700.0,,1800.0,1800.0,,1750.0,1750.0,1750.0,,,,2000.0,,,,,,,2000.0,2000.0,2000.0,2100.0,2100.0,2000.0,2000.0,2000.0,2000.0,2000.0,2000.0,,2000.0,2000.0,2250.0,2000.0,2000.0,2400.0,2000.0,2300.0,2300.0,2425.0,2000.0,2150.0,2200.0,2100.0,1950.0,1950.0,2200.0,2200.0,2200.0,,2000.0,,,2500.0,2500.0,2500.0,2500.0,2300.0,2300.0,2100.0,2300.0,,,2300.0,2500.0,2400.0,2300.0,2300.0,2300.0,2300.0,,2500.0,2500.0,,,2500.0,2500.0,2500.0,2399.0,,,2300.0,2300.0,,,,2300.0,2200.0,2495.0,2495.0,2700.0,2700.0,,2650.0,2400.0,2500.0,2400.0,,,,,,2700.0,2800.0,2800.0,3000.0,3000.0,,2900.0,3000.0,3000.0,3000.0,2900.0,2600.0,2600.0,2800.0,,3500.0,,,3600.0,3500.0,3350.0,3595.0,3450.0,3650.0,3350.0,3350.0,3350.0,3300.0,3200.0,3200.0,3200.0,,3200.0,3400.0,3200.0,3400.0,,,,3300.0,3600.0,4200.0,,,4300.0,4300.0,,,,3000.0
Schuylerville,Bronx,neighborhood,1850.0,1850.0,1850.0,1850.0,,,,,,,,,,,,,,,,,,,,,,,,,,,,,3495.0,1700.0,1700.0,1700.0,,,,,1700.0,,,1750.0,1750.0,,,,,,,,,,,,,,,3000.0,3000.0,,,,,2600.0,2600.0,2399.0,1995.0,2100.0,2100.0,2100.0,2100.0,,,2150.0,2700.0,3000.0,3000.0,3000.0,3000.0,2500.0,2500.0,2500.0,2499.0,2499.0,2500.0,2500.0,2500.0,2000.0,2000.0,,2300.0,,,,,,,,2000.0,,2400.0,2400.0,1800.0,1800.0,,2500.0,2500.0,2500.0,2500.0,2300.0,2500.0,2400.0,2500.0,2400.0,2200.0,2200.0,2200.0,2500.0,2500.0,,,2800.0,2600.0,2600.0,2500.0,2500.0,3200.0,,,2500.0,2500.0,2500.0,2500.0,2400.0,,2300.0,2500.0,2300.0,2300.0,2300.0,,2495.0,,2595.0,2700.0,2700.0,,,,,3195.0,3000.0,3000.0,2800.0,2800.0,2800.0,3000.0,3595.0,3800.0,,,,3000.0,3000.0,,,,,,,,2800.0,,3000.0,,,,3465.0,3465.0,3465.0,,,,,4095.0,4095.0,3990.0,,2850.0,,,3100.0,3400.0,3400.0,,,,
Seagate,Brooklyn,neighborhood,,,,,,,,,,,,,,,,,,,,,,,,,,,,,,,,,,,,,,,,,,,,,,,,,,,,2500.0,2500.0,,,,,,,,,,,,,,,,,3800.0,3750.0,,,,,,2500.0,2100.0,2500.0,2500.0,1800.0,1800.0,2300.0,2300.0,2300.0,,,,2475.0,2475.0,3750.0,,2199.0,2195.0,,2199.0,,2600.0,2600.0,2500.0,2400.0,2500.0,3000.0,,2250.0,2250.0,2250.0,2245.0,3000.0,,,,2500.0,2500.0,2500.0,,,,,,3500.0,3000.0,3500.0,,,,2695.0,,,2800.0,2750.0,2750.0,2750.0,,2500.0,2699.0,2699.0,,2300.0,2500.0,2500.0,2200.0,3500.0,,,,,,,,2995.0,,2550.0,2550.0,2550.0,2550.0,2950.0,2950.0,2600.0,,,,,3750.0,3750.0,,3200.0,3000.0,3000.0,5500.0,5000.0,4999.0,4800.0,3200.0,3200.0,4000.0,4000.0,,,3000.0,,,,4800.0,,3100.0,,,,,,,,,,,3995.0,3995.0,,
Sheepshead Bay,Brooklyn,neighborhood,1800.0,1800.0,1800.0,1800.0,1800.0,1800.0,,1400.0,1400.0,1500.0,1950.0,1950.0,1950.0,2300.0,2200.0,2200.0,1850.0,1850.0,1850.0,1900.0,2000.0,2000.0,2100.0,2495.0,2495.0,2200.0,1600.0,1600.0,,,,2300.0,2300.0,,2200.0,2000.0,1900.0,2200.0,2100.0,1795.0,2200.0,2400.0,2300.0,2300.0,2250.0,2400.0,2800.0,2600.0,2500.0,2500.0,2800.0,2300.0,1975.0,2300.0,2300.0,2300.0,2300.0,2300.0,2300.0,2400.0,2300.0,2100.0,2000.0,2000.0,2250.0,2249.0,2495.0,2700.0,2300.0,2395.0,2390.0,2390.0,2000.0,2350.0,2600.0,2900.0,2300.0,2300.0,2500.0,2500.0,2499.0,2500.0,2400.0,2400.0,2400.0,2400.0,2300.0,2359.0,2600.0,2600.0,2480.0,2500.0,3000.0,2650.0,2650.0,2700.0,2500.0,2400.0,2500.0,2500.0,2500.0,2699.0,2800.0,2700.0,2600.0,2500.0,2500.0,2500.0,2500.0,2600.0,2625.0,2600.0,2598.0,2600.0,2600.0,2548.0,2500.0,2500.0,2800.0,2650.0,2495.0,2700.0,2500.0,2500.0,2650.0,2795.0,2800.0,2833.0,2599.0,2795.0,2732.0,2500.0,2500.0,2640.0,2640.0,2600.0,2500.0,2600.0,2900.0,3000.0,3400.0,3200.0,3500.0,2845.0,2600.0,3300.0,3100.0,3000.0,3000.0,3000.0,3075.0,3200.0,3100.0,3000.0,3199.0,3200.0,2950.0,3200.0,3800.0,3500.0,2999.0,3499.0,3350.0,3200.0,3575.0,3800.0,3495.0,4250.0,3299.0,3300.0,3200.0,3500.0,3500.0,3600.0,3349.0,3600.0,3000.0,3500.0,3495.0,3495.0,3500.0,2949.0,3000.0,3150.0,3600.0,3600.0,3500.0,3500.0,3500.0,3300.0,3600.0,3600.0,3600.0,3549.0,3450.0,3549.0,3549.0,3500.0,3408.0,3408.0
Soho,Manhattan,neighborhood,10000.0,13950.0,13950.0,11000.0,11000.0,12000.0,12000.0,13500.0,14500.0,14500.0,14500.0,15000.0,14995.0,16500.0,17500.0,18000.0,18500.0,16500.0,12000.0,12000.0,14000.0,15000.0,13500.0,10000.0,12900.0,12900.0,17000.0,14000.0,12000.0,12000.0,6200.0,10000.0,14000.0,14999.0,15000.0,16000.0,17000.0,18500.0,18000.0,15000.0,15000.0,14500.0,11000.0,7500.0,6240.0,13000.0,15000.0,16500.0,15000.0,15000.0,13995.0,13500.0,11500.0,15000.0,11500.0,8500.0,14500.0,16000.0,14750.0,13000.0,15000.0,15000.0,13950.0,13000.0,8000.0,9535.0,7950.0,11500.0,16500.0,16500.0,18500.0,13750.0,14208.0,14500.0,14500.0,14000.0,13950.0,14500.0,8150.0,14950.0,14900.0,16500.0,16000.0,15000.0,16000.0,14950.0,17500.0,15575.0,13500.0,13750.0,11250.0,10995.0,11000.0,13000.0,14250.0,14500.0,14995.0,13950.0,13950.0,15692.0,15000.0,11500.0,9995.0,11000.0,15000.0,16500.0,16500.0,15000.0,15000.0,16500.0,16000.0,16000.0,13500.0,14500.0,11500.0,15500.0,15500.0,15500.0,18000.0,18000.0,17000.0,14995.0,12250.0,7425.0,6995.0,7500.0,6995.0,6925.0,7708.0,10500.0,10500.0,9000.0,8500.0,10000.0,12750.0,12750.0,15000.0,14000.0,11995.0,9995.0,15500.0,16500.0,14995.0,16500.0,15999.0,9600.0,8700.0,8395.0,8950.0,12500.0,15000.0,14999.0,18000.0,14000.0,20000.0,18000.0,15500.0,18000.0,17999.0,16500.0,14900.0,12500.0,18000.0,16500.0,19500.0,20000.0,21000.0,21000.0,22800.0,19995.0,15000.0,12495.0,12495.0,12195.0,11995.0,12500.0,17750.0,19500.0,22995.0,29000.0,24000.0,27000.0,20000.0,10000.0,10000.0,16500.0,14895.0,13000.0,17000.0,20000.0,20000.0,25000.0,25000.0,17999.0,13000.0,13975.0,13975.0,12750.0,9995.0,14995.0
Soundview,Bronx,neighborhood,,,,,,,,,,,,,,,,,,,,1500.0,1500.0,1500.0,1500.0,1500.0,,,,,,,,,,,,1800.0,1650.0,1800.0,1800.0,,,,,,1700.0,1700.0,,,,1950.0,1950.0,,,,,,,3500.0,1850.0,1850.0,1900.0,2200.0,1900.0,1800.0,1800.0,1800.0,1800.0,1800.0,2150.0,2150.0,,2195.0,2195.0,,2186.0,2500.0,2000.0,1999.0,2300.0,2250.0,2250.0,2300.0,2300.0,2100.0,2500.0,2500.0,2100.0,2100.0,2100.0,2100.0,2100.0,2100.0,2100.0,2100.0,2250.0,2250.0,,,2450.0,2300.0,2300.0,2300.0,2800.0,2800.0,2300.0,2260.0,2200.0,2350.0,2184.0,2125.0,2250.0,2300.0,2300.0,2250.0,2400.0,2500.0,3500.0,2400.0,2400.0,2388.0,2388.0,2400.0,2395.0,2400.0,2400.0,2395.0,2400.0,2400.0,2400.0,2420.0,2288.0,2200.0,2420.0,2450.0,2450.0,2500.0,2275.0,2300.0,2300.0,2650.0,2300.0,2500.0,2400.0,2100.0,2395.0,2650.0,2795.0,2600.0,2600.0,2475.0,3220.0,3200.0,2850.0,2850.0,3000.0,2999.0,3200.0,3300.0,3400.0,3400.0,3084.0,2900.0,,3550.0,3550.0,3100.0,3084.0,,3100.0,3300.0,3500.0,3350.0,3300.0,2900.0,2900.0,3300.0,3600.0,3595.0,3643.0,3500.0,3500.0,3606.0,3300.0,3250.0,3464.0,3945.0,3705.0,3643.0,3925.0,3895.0,3600.0,3500.0,3500.0,2800.0,3000.0,3544.0,3544.0,3544.0,3875.0,3544.0
South Jamaica,Queens,neighborhood,,,,,,,,,,,,,,,,,,,,,,,,,,,,,1800.0,1800.0,1800.0,,,,,,,1450.0,1450.0,1550.0,1550.0,1550.0,1550.0,1550.0,1550.0,1550.0,1550.0,,1750.0,1750.0,1750.0,1750.0,1750.0,1750.0,,,,1800.0,1800.0,1800.0,1800.0,1800.0,,1650.0,1800.0,,,,2100.0,1750.0,1700.0,1700.0,,,,,,2500.0,,,,,2200.0,2200.0,,,,,3600.0,3600.0,3600.0,,1975.0,2177.0,2499.0,,2100.0,2400.0,2100.0,2100.0,2300.0,2300.0,2300.0,2300.0,2300.0,2400.0,2400.0,2300.0,2300.0,2000.0,2300.0,,2300.0,,3000.0,2500.0,2500.0,,2750.0,2550.0,2400.0,2550.0,2550.0,2550.0,2550.0,2700.0,2550.0,2550.0,,,,,3500.0,,,,2500.0,2500.0,,,3000.0,,2450.0,2700.0,,2800.0,2800.0,2700.0,2700.0,3999.0,4200.0,4200.0,4500.0,2500.0,2500.0,3200.0,3200.0,,4500.0,4300.0,2200.0,2850.0,,2300.0,3600.0,3600.0,3600.0,,2800.0,3500.0,3500.0,3400.0,3400.0,2800.0,3100.0,3199.0,3800.0,,,2950.0,3500.0,,3200.0,3400.0,3400.0,3400.0,3499.0,3199.0,2999.0,2899.0,3650.0,3800.0,,3399.0,3399.0,3299.0,3299.0,3600.0,3600.0,
South Ozone Park,Queens,neighborhood,,,,,,,,,,,,,,,,,,,,,,,,,,,,,,,,,,,,,,,,,,,1850.0,1850.0,1850.0,1850.0,2995.0,2995.0,,,,,,,,,,,,,1500.0,1500.0,,,,,2000.0,2000.0,2000.0,2000.0,,,,2000.0,2000.0,,,,,,,,,,,1900.0,1900.0,2450.0,2450.0,2500.0,2500.0,,,,,,1800.0,1800.0,1800.0,7900.0,3000.0,3000.0,3000.0,2200.0,,,,2300.0,2300.0,,2800.0,,,,2400.0,2400.0,2600.0,2150.0,2000.0,2000.0,2000.0,2000.0,2500.0,,,,,2400.0,2500.0,2500.0,2500.0,2500.0,2400.0,,2400.0,2000.0,2000.0,,2200.0,2300.0,,4000.0,3000.0,2550.0,3000.0,2550.0,2550.0,2550.0,2550.0,3750.0,3750.0,3600.0,3600.0,4000.0,4000.0,,,3150.0,3150.0,2700.0,3500.0,4500.0,3300.0,3200.0,3250.0,3000.0,3000.0,3500.0,3300.0,3500.0,3900.0,3000.0,3900.0,3400.0,2600.0,2900.0,3300.0,3300.0,,2800.0,2700.0,,,,,3600.0,3300.0,3300.0,3000.0,2800.0,,,3700.0,3700.0,,3200.0,3200.0,,,3500.0
South Richmond Hill,Queens,neighborhood,,,,,,,,,,,,,,,,,,,,,,,,,,,,,,,,,,,,,,,,,,,,,,,,,,,1650.0,1650.0,1500.0,,,,,,,,,2000.0,2000.0,1900.0,1900.0,2400.0,2400.0,,,,,,,,2000.0,2100.0,2000.0,2800.0,2100.0,2100.0,2795.0,,,1950.0,,,2250.0,2200.0,1700.0,1850.0,1850.0,,2000.0,2200.0,2500.0,2400.0,,2100.0,,2300.0,2300.0,2400.0,2400.0,2400.0,2350.0,2000.0,2250.0,1800.0,1800.0,1800.0,1800.0,1800.0,2950.0,2100.0,2398.0,,2500.0,2400.0,2300.0,2300.0,2300.0,2300.0,2500.0,,3000.0,3000.0,3000.0,2700.0,,2200.0,2200.0,2200.0,2299.0,2299.0,2400.0,2400.0,,2700.0,2700.0,2500.0,2500.0,2300.0,2295.0,2295.0,2295.0,2300.0,2299.0,2500.0,,,,2500.0,2850.0,2850.0,2800.0,2800.0,2800.0,2800.0,2700.0,2650.0,,,3000.0,,,,,2700.0,3800.0,3550.0,3000.0,,2800.0,,3300.0,3400.0,3400.0,2200.0,,3500.0,3500.0,3495.0,3500.0,3500.0,,,,3450.0,3100.0,3811.0,3495.0,,3500.0,,3400.0,3400.0,3400.0,3400.0,3300.0,2900.0
Springfield Gardens,Queens,neighborhood,,,,,,,,,,,,,,1700.0,1700.0,1700.0,1700.0,1700.0,,1550.0,1550.0,1550.0,1600.0,1700.0,1700.0,1700.0,,,,1450.0,,,,,,,,,,,,,,,,,1850.0,1850.0,1850.0,1850.0,1850.0,,,1600.0,1600.0,,,,,,1800.0,,,,,,,,,,,,2100.0,,,,,,,,,2200.0,2300.0,2300.0,3200.0,,1900.0,2500.0,2350.0,2350.0,,2450.0,2450.0,2300.0,,,2200.0,,,2500.0,2400.0,2250.0,2150.0,2100.0,2500.0,,2300.0,2300.0,2299.0,2399.0,,,,2500.0,2500.0,2500.0,2550.0,2550.0,2550.0,2350.0,2350.0,2350.0,2499.0,2499.0,2499.0,2499.0,2500.0,1999.0,1999.0,2500.0,2500.0,2500.0,2495.0,2500.0,2395.0,2500.0,2400.0,2400.0,2400.0,2500.0,2500.0,2500.0,2400.0,2399.0,2399.0,,2950.0,2950.0,,3000.0,2499.0,2950.0,2950.0,,3300.0,2800.0,3499.0,3200.0,3200.0,2500.0,2500.0,2900.0,,3200.0,2800.0,2975.0,2800.0,2999.0,3200.0,3199.0,3200.0,3200.0,3000.0,3300.0,3300.0,3300.0,3600.0,3299.0,3777.0,3464.0,3777.0,3777.0,3777.0,3777.0,3598.0,3598.0,,3500.0,2975.0,2975.0,2975.0,3200.0,3811.0,3600.0,3200.0,2999.0,3599.0,3599.0,3000.0,
St. Albans,Queens,neighborhood,,,,,,,,,,,,,,,,,1550.0,1550.0,1550.0,1550.0,,,,2200.0,2200.0,2200.0,1700.0,1700.0,1700.0,1700.0,1700.0,,,1500.0,1500.0,1500.0,1500.0,1500.0,1500.0,1500.0,1500.0,,,,,,,,,1600.0,,,2000.0,2000.0,2400.0,1950.0,1950.0,1950.0,1950.0,1950.0,1950.0,1950.0,2100.0,2100.0,2100.0,,,2000.0,2000.0,1800.0,1800.0,2300.0,2700.0,2500.0,1725.0,3000.0,3000.0,3000.0,3000.0,2750.0,2750.0,2500.0,2450.0,2750.0,4200.0,2300.0,2300.0,2300.0,2500.0,2600.0,3500.0,2200.0,2700.0,2500.0,2300.0,2200.0,,,,2400.0,2650.0,2500.0,,2200.0,2200.0,2200.0,2700.0,2000.0,,,2300.0,2300.0,2550.0,2100.0,2450.0,2400.0,2800.0,2800.0,2500.0,2550.0,2500.0,2350.0,,2500.0,2500.0,2200.0,2150.0,,,,,2200.0,2850.0,2700.0,2850.0,2850.0,2400.0,,,2753.0,2753.0,2700.0,2700.0,2400.0,2400.0,2440.0,2400.0,2400.0,,,5700.0,4999.0,3200.0,3200.0,2700.0,3175.0,3000.0,3000.0,3200.0,3500.0,2800.0,3300.0,3300.0,2950.0,3000.0,3400.0,3400.0,3400.0,3400.0,3300.0,3200.0,3000.0,3475.0,3500.0,3500.0,3500.0,3500.0,3350.0,3350.0,3500.0,3300.0,3300.0,5000.0,5000.0,3750.0,5000.0,3600.0,3450.0,,,3000.0,2999.0,2999.0,2800.0,2700.0,3300.0,3300.0,3811.0,3999.0,5000.0
Staten Island,Staten Island,borough,1900.0,1900.0,2000.0,2000.0,2000.0,1900.0,7000.0,7000.0,2450.0,2450.0,2450.0,2400.0,2400.0,1850.0,1850.0,1850.0,2400.0,1650.0,2400.0,2400.0,1700.0,1700.0,1700.0,1700.0,2500.0,2500.0,2300.0,1750.0,1995.0,1450.0,,1900.0,1700.0,2000.0,2490.0,8500.0,,,2300.0,2300.0,2200.0,2200.0,2300.0,2000.0,2100.0,2100.0,1930.0,1950.0,1950.0,1800.0,1800.0,1800.0,1975.0,1985.0,2300.0,2350.0,2000.0,1900.0,2000.0,2000.0,1900.0,1925.0,1925.0,1900.0,1900.0,1950.0,1950.0,2000.0,2100.0,2000.0,2000.0,2050.0,2050.0,2050.0,2250.0,2250.0,2200.0,2250.0,2200.0,2200.0,2300.0,2100.0,2250.0,2250.0,2100.0,2100.0,2100.0,2110.0,2250.0,2500.0,2500.0,2600.0,2350.0,2600.0,2450.0,2450.0,2300.0,2300.0,2300.0,2300.0,2300.0,2300.0,2300.0,2300.0,2300.0,2300.0,2400.0,2400.0,2425.0,2300.0,2200.0,2150.0,2200.0,2200.0,2300.0,2350.0,2400.0,2300.0,2500.0,2200.0,2650.0,2600.0,2500.0,2300.0,2500.0,2600.0,2500.0,3650.0,2100.0,2200.0,2500.0,2499.0,2500.0,2750.0,2500.0,2700.0,2700.0,2650.0,2300.0,2500.0,2500.0,2599.0,2650.0,2750.0,2500.0,2700.0,2500.0,2499.0,2400.0,2850.0,2600.0,2550.0,2700.0,2650.0,2900.0,2650.0,2600.0,2650.0,2595.0,2700.0,2900.0,3000.0,3200.0,3000.0,3150.0,3400.0,3200.0,3000.0,3300.0,3000.0,3200.0,3464.0,3200.0,3400.0,3350.0,3200.0,3100.0,3300.0,3200.0,2700.0,3464.0,3000.0,2990.0,3500.0,3500.0,3400.0,3000.0,3000.0,3000.0,3300.0,3250.0,3300.0,3300.0,3000.0,3290.0,3300.0,3700.0,3700.0,3200.0,3300.0
Stuyvesant Town/PCV,Manhattan,neighborhood,,,,,9167.0,6201.0,6201.0,,,,,,2500.0,,,,,,,,,,,,,,,,,,5552.0,5552.0,5685.0,5400.0,5400.0,5400.0,5378.0,5272.0,5272.0,4125.0,4125.0,4265.0,,,,5320.0,5320.0,,6080.0,6155.0,6155.0,5620.0,5456.0,4934.0,3842.0,4551.0,4672.0,4929.0,4199.0,4399.0,4799.0,5721.0,5758.0,5779.0,5583.0,5890.0,5947.0,5816.0,5587.0,5620.0,5375.0,5363.0,5400.0,5420.0,5567.0,5575.0,5986.0,6199.0,5947.0,5944.0,5783.0,6094.0,5814.0,5583.0,5493.0,5723.0,5638.0,5743.0,5625.0,5535.0,5247.0,5095.0,5682.0,5485.0,5645.0,5670.0,5825.0,6320.0,5689.0,5689.0,4847.0,4692.0,4835.0,4755.0,4605.0,4590.0,4510.0,4401.0,4626.0,4334.0,4647.0,4826.0,6195.0,5975.0,5075.0,5135.0,4970.0,4925.0,4965.0,,,5048.0,4770.0,4675.0,4849.0,4997.0,5194.0,4914.0,4948.0,5878.0,5443.0,5443.0,5443.0,5878.0,5315.0,4249.0,4210.0,4550.0,4975.0,5025.0,5275.0,5311.0,6171.0,6171.0,5757.0,6790.0,6864.0,7452.0,6107.0,7840.0,,7860.0,6297.0,6790.0,7595.0,7595.0,7110.0,5850.0,6540.0,7460.0,6755.0,6940.0,6557.0,6595.0,6973.0,7062.0,7713.0,5817.0,5812.0,5853.0,6577.0,6677.0,6882.0,6656.0,6492.0,6750.0,6750.0,7892.0,6135.0,6490.0,6631.0,6572.0,6500.0,6853.0,6985.0,7012.0,7051.0,7091.0,6840.0,6982.0,6815.0,6838.0,7718.0,6866.0,6847.0,8319.0,8456.0,8094.0,7656.0,7167.0
Sunnyside,Queens,neighborhood,1800.0,1800.0,2250.0,2250.0,2400.0,2400.0,,,,,,,1780.0,1780.0,1899.0,1895.0,1899.0,1900.0,1900.0,1900.0,,,,2250.0,2250.0,2450.0,2700.0,2700.0,2750.0,2850.0,1999.0,1999.0,,3000.0,3000.0,1349.0,1349.0,2300.0,2300.0,2350.0,2350.0,2750.0,2350.0,2750.0,2750.0,2990.0,2990.0,,2950.0,2400.0,2400.0,2400.0,2500.0,2650.0,2875.0,2875.0,2200.0,2150.0,2750.0,2750.0,2800.0,2750.0,2550.0,2650.0,2400.0,2700.0,2995.0,3000.0,3100.0,2600.0,2800.0,3000.0,2850.0,3000.0,2750.0,2800.0,2750.0,2750.0,2800.0,2750.0,3300.0,3200.0,2875.0,2875.0,2795.0,2800.0,2800.0,2800.0,2700.0,2750.0,2700.0,3000.0,2850.0,2700.0,2800.0,2800.0,2400.0,2600.0,2600.0,2800.0,2800.0,2300.0,2685.0,2600.0,2750.0,2800.0,2650.0,2700.0,2995.0,3095.0,2875.0,2650.0,2650.0,2975.0,2899.0,2800.0,3025.0,3000.0,3000.0,2950.0,3000.0,3000.0,3000.0,2995.0,2800.0,2800.0,2800.0,2850.0,2890.0,2800.0,2750.0,2950.0,2950.0,2600.0,2600.0,2650.0,2800.0,2600.0,2800.0,2850.0,2900.0,2750.0,2750.0,3000.0,3100.0,2975.0,2975.0,2950.0,3100.0,3000.0,3295.0,3300.0,3000.0,3650.0,3300.0,3300.0,3250.0,3600.0,3200.0,3900.0,3650.0,3500.0,3500.0,3300.0,3800.0,3795.0,3500.0,3400.0,3400.0,3650.0,3750.0,3700.0,3600.0,3500.0,3600.0,4350.0,3995.0,3500.0,3350.0,3200.0,3300.0,3500.0,3495.0,3900.0,3600.0,3900.0,3750.0,4900.0,4100.0,4295.0,3600.0,4295.0,3800.0,3800.0,4199.0,4199.0,4000.0,4000.0,4200.0,4300.0
Sunset Park,Brooklyn,neighborhood,1595.0,1595.0,1595.0,1595.0,1800.0,1800.0,1900.0,1600.0,1600.0,1700.0,1850.0,1850.0,1700.0,1850.0,1850.0,1850.0,1850.0,1850.0,1850.0,1850.0,,,1700.0,1700.0,1700.0,1600.0,1900.0,1900.0,1900.0,1695.0,1695.0,1695.0,1850.0,2400.0,2500.0,2250.0,2250.0,2250.0,2250.0,2250.0,2250.0,2300.0,2400.0,2400.0,2400.0,2250.0,2200.0,2200.0,2200.0,2200.0,2375.0,2300.0,2400.0,2400.0,2300.0,2200.0,2100.0,2200.0,2150.0,2050.0,2200.0,2495.0,2400.0,2400.0,2400.0,2400.0,2400.0,2400.0,2400.0,2500.0,2204.0,2400.0,2500.0,2495.0,2299.0,2395.0,2500.0,2600.0,2550.0,2525.0,2700.0,2699.0,2500.0,2500.0,2400.0,2400.0,2300.0,2450.0,2500.0,2495.0,2500.0,2500.0,2500.0,2400.0,2475.0,2300.0,2300.0,2300.0,2300.0,2350.0,2395.0,2550.0,2550.0,2499.0,2499.0,2400.0,2425.0,2425.0,2395.0,2400.0,2400.0,2350.0,2525.0,2700.0,2500.0,2500.0,2400.0,2499.0,2500.0,2499.0,2500.0,2500.0,2600.0,2700.0,2550.0,2550.0,2500.0,2500.0,2400.0,2350.0,2350.0,2300.0,2200.0,2100.0,2200.0,2299.0,2300.0,2495.0,2500.0,2450.0,2500.0,2500.0,2500.0,2400.0,2500.0,2600.0,2680.0,2600.0,2800.0,2750.0,2700.0,2800.0,2800.0,2700.0,2750.0,2650.0,2900.0,2750.0,2695.0,2750.0,3000.0,3295.0,3231.0,3300.0,3300.0,3000.0,2900.0,3000.0,3000.0,2800.0,3000.0,3000.0,3100.0,2800.0,2995.0,3000.0,3300.0,3200.0,3000.0,3000.0,3200.0,3200.0,2995.0,3200.0,3200.0,3450.0,3300.0,3300.0,3200.0,3300.0,3100.0,3100.0,3450.0,3500.0,3300.0,3399.0,3300.0,3500.0,3550.0,3399.0
Throgs Neck,Bronx,neighborhood,2100.0,2100.0,2100.0,1800.0,1800.0,2100.0,2100.0,2100.0,1975.0,1975.0,1975.0,1975.0,1975.0,1975.0,1975.0,1975.0,,,,,,1900.0,1850.0,1850.0,1600.0,1600.0,1600.0,,,2275.0,2275.0,2275.0,2275.0,2250.0,2250.0,,2250.0,2250.0,2250.0,2250.0,2250.0,2250.0,2250.0,1750.0,1750.0,2350.0,,,,,,,,,,,,,,,,2500.0,2500.0,2500.0,2200.0,2499.0,2495.0,2450.0,2200.0,2200.0,2399.0,2350.0,2199.0,2599.0,2599.0,2599.0,2599.0,2600.0,2699.0,2500.0,2599.0,1800.0,2300.0,2300.0,2300.0,2300.0,2500.0,1850.0,2100.0,2000.0,2400.0,2000.0,2500.0,2300.0,2300.0,2175.0,2100.0,2150.0,2150.0,2650.0,2500.0,2500.0,2500.0,2500.0,2400.0,2400.0,2300.0,2300.0,2400.0,2400.0,2250.0,2250.0,2350.0,2400.0,2600.0,3000.0,2495.0,2300.0,2300.0,2495.0,2400.0,2388.0,2300.0,2300.0,2650.0,2300.0,2300.0,,2400.0,2800.0,2800.0,,2900.0,2700.0,2900.0,2499.0,2495.0,2495.0,2250.0,2600.0,2600.0,2600.0,3075.0,3000.0,2500.0,2500.0,2700.0,2750.0,2500.0,3200.0,3000.0,2850.0,2950.0,2700.0,2750.0,2550.0,2500.0,2500.0,3647.0,2995.0,3000.0,3150.0,3095.0,,3295.0,3295.0,2750.0,2600.0,3500.0,3500.0,3200.0,3500.0,3500.0,,3400.0,3606.0,3175.0,3200.0,3500.0,3500.0,3777.0,3406.0,3500.0,3800.0,3777.0,3777.0,3464.0,,2950.0,3300.0,3550.0,3400.0,3200.0,3668.0,3668.0,3850.0,3850.0,2850.0,2850.0,2850.0
Tremont,Bronx,neighborhood,,,,,,,,,,,,,,,,,,1800.0,1800.0,,,,,,,,,,,1600.0,1600.0,,,,,,,,,,,1600.0,1600.0,1750.0,1600.0,,,,,,,,,,1800.0,1800.0,1800.0,1800.0,1800.0,1800.0,1800.0,1600.0,1800.0,1800.0,1800.0,1800.0,1800.0,1975.0,2299.0,1850.0,1850.0,2350.0,2300.0,2200.0,2200.0,2200.0,2200.0,2045.0,1900.0,1900.0,2100.0,2100.0,1850.0,1825.0,2225.0,2225.0,2000.0,2000.0,1940.0,1850.0,,2700.0,2225.0,2050.0,2000.0,1850.0,2100.0,2100.0,2200.0,2200.0,2600.0,2400.0,2350.0,2350.0,2350.0,2150.0,2225.0,2499.0,2399.0,2400.0,2400.0,2250.0,2250.0,2275.0,2000.0,2200.0,2300.0,,,,2130.0,,2300.0,2599.0,2500.0,2300.0,2200.0,2200.0,,2599.0,,2499.0,2050.0,2050.0,2049.0,2300.0,2300.0,2674.0,2300.0,2300.0,2674.0,2675.0,2675.0,2500.0,2800.0,2650.0,2500.0,2200.0,2500.0,2500.0,2400.0,2900.0,2700.0,2700.0,2600.0,2000.0,1895.0,3000.0,2950.0,2650.0,2650.0,2500.0,3449.0,3449.0,3449.0,2084.0,2000.0,2000.0,2600.0,2600.0,2600.0,2600.0,2600.0,,2600.0,3450.0,3450.0,3464.0,3464.0,3464.0,,,2700.0,2700.0,,3000.0,,,,,3995.0,3995.0,3995.0,,,3000.0,3000.0,3000.0,2800.0,2500.0
Tribeca,Manhattan,neighborhood,13500.0,12500.0,13500.0,15000.0,15000.0,15000.0,15000.0,17500.0,18000.0,18500.0,17500.0,17000.0,15000.0,15000.0,14000.0,13500.0,12500.0,13500.0,12500.0,13500.0,14000.0,12500.0,11000.0,13000.0,15500.0,15500.0,15000.0,15000.0,16000.0,16995.0,15995.0,15995.0,16500.0,12500.0,14800.0,15000.0,14975.0,15000.0,16500.0,15500.0,16500.0,16000.0,14250.0,11500.0,11995.0,11295.0,12500.0,13500.0,12000.0,11995.0,12995.0,14000.0,14000.0,14000.0,15000.0,14500.0,12995.0,12500.0,13000.0,15000.0,15000.0,13000.0,14000.0,15900.0,17000.0,15500.0,14995.0,14995.0,14500.0,14000.0,15000.0,15000.0,14750.0,14995.0,16000.0,19500.0,17995.0,17500.0,18000.0,19000.0,18000.0,18950.0,19500.0,18750.0,19000.0,18500.0,18000.0,17795.0,16995.0,16750.0,17000.0,16500.0,17000.0,16950.0,16000.0,15300.0,15500.0,15500.0,16154.0,15000.0,14950.0,14000.0,15000.0,15000.0,15000.0,15340.0,16500.0,16000.0,15900.0,16500.0,16000.0,15000.0,14950.0,16500.0,18500.0,18500.0,17250.0,19500.0,18500.0,19000.0,19000.0,18036.0,18275.0,17500.0,17250.0,17000.0,15500.0,15000.0,15000.0,16000.0,15500.0,15900.0,15750.0,17500.0,17500.0,17500.0,17995.0,17500.0,17000.0,16000.0,16000.0,17500.0,18000.0,18000.0,17500.0,17500.0,18000.0,19950.0,18300.0,17000.0,19995.0,20000.0,19000.0,19995.0,20000.0,20000.0,20000.0,20000.0,22000.0,20000.0,19500.0,19850.0,19495.0,16995.0,20500.0,19495.0,19900.0,20000.0,20000.0,17500.0,21000.0,24000.0,21500.0,21000.0,19995.0,17876.0,16500.0,18000.0,18995.0,18995.0,18000.0,17000.0,16000.0,23500.0,20000.0,23000.0,19500.0,18500.0,19500.0,18500.0,19500.0,19500.0,21995.0,13551.0,12000.0,14500.0,17000.0,14500.0,16500.0,15750.0
University Heights,Bronx,neighborhood,,,,,,,,,,,,,,,,,,,,,,,,,,,2250.0,2250.0,2250.0,,2250.0,2250.0,2199.0,1899.0,1799.0,1799.0,,,1650.0,,,,2150.0,,1800.0,1800.0,1800.0,1800.0,1800.0,1800.0,1800.0,,,,,1476.0,1800.0,1650.0,1650.0,1650.0,1650.0,1650.0,1650.0,1650.0,1650.0,1650.0,1725.0,1995.0,1900.0,1995.0,1995.0,1995.0,1850.0,1845.0,1950.0,1950.0,1950.0,2042.0,1950.0,1950.0,1850.0,1850.0,1850.0,1850.0,1900.0,1800.0,1950.0,1950.0,2099.0,2100.0,2000.0,2050.0,2100.0,2000.0,2099.0,1975.0,1950.0,1949.0,1949.0,2100.0,2200.0,1975.0,2150.0,2250.0,2350.0,2250.0,2150.0,2095.0,2200.0,2150.0,2200.0,2150.0,2200.0,2200.0,2250.0,2350.0,2350.0,2200.0,2350.0,2195.0,2195.0,2100.0,2375.0,2450.0,2350.0,,2200.0,2250.0,2200.0,2250.0,2400.0,2300.0,2200.0,2100.0,2250.0,2300.0,2400.0,2600.0,2450.0,2300.0,2300.0,2200.0,2300.0,2300.0,2250.0,2250.0,2675.0,2700.0,2550.0,2600.0,2475.0,2450.0,2499.0,1597.0,2400.0,1875.0,1875.0,2595.0,2595.0,2595.0,2595.0,2650.0,2700.0,2700.0,2590.0,2590.0,2225.0,3200.0,3777.0,1700.0,2700.0,2700.0,1700.0,,3500.0,3150.0,3777.0,3777.0,2995.0,,2499.0,2700.0,2995.0,3300.0,3099.0,3100.0,3500.0,3500.0,2600.0,3300.0,3200.0,2925.0,3300.0,2900.0,3811.0,3350.0,3350.0,2995.0,2355.0,2355.0
Upper East Side,Manhattan,neighborhood,9000.0,9150.0,10000.0,8500.0,8300.0,7995.0,7695.0,7500.0,8500.0,8200.0,8950.0,7500.0,7500.0,8995.0,10000.0,10250.0,9000.0,8900.0,9000.0,9100.0,10995.0,9975.0,10500.0,9995.0,11500.0,9995.0,11950.0,11950.0,10700.0,9500.0,8995.0,9000.0,11995.0,11000.0,11000.0,11000.0,10000.0,11000.0,10000.0,9995.0,10000.0,10500.0,9000.0,8000.0,9200.0,8995.0,9150.0,9000.0,8950.0,8500.0,9850.0,8700.0,9500.0,8700.0,8900.0,8500.0,8500.0,9500.0,10000.0,10781.0,11000.0,10150.0,9300.0,9000.0,8000.0,8100.0,7795.0,8295.0,7995.0,8295.0,8995.0,9900.0,9500.0,9750.0,9226.0,9500.0,9415.0,9415.0,8500.0,8500.0,9500.0,9000.0,8500.0,8650.0,9000.0,9500.0,8900.0,9400.0,8500.0,7700.0,7595.0,7167.0,8695.0,8200.0,8000.0,7800.0,7500.0,8500.0,8150.0,8500.0,7800.0,7300.0,6800.0,7000.0,7950.0,7917.0,8500.0,8995.0,9100.0,8750.0,9295.0,8450.0,8750.0,8195.0,7000.0,7800.0,9000.0,9500.0,9500.0,9950.0,9500.0,12604.0,14000.0,12000.0,8395.0,7500.0,7196.0,6333.0,6495.0,6500.0,6663.0,6750.0,6500.0,5999.0,6135.0,6500.0,6000.0,6600.0,6750.0,7350.0,8994.0,9500.0,8300.0,9195.0,9000.0,9300.0,8500.0,8800.0,9250.0,8900.0,9250.0,9800.0,10350.0,9995.0,10300.0,11900.0,11500.0,12500.0,11900.0,11000.0,10000.0,10000.0,9775.0,10000.0,10150.0,10500.0,10500.0,12000.0,12000.0,12500.0,13500.0,13085.0,12000.0,10595.0,9500.0,9500.0,10500.0,10000.0,11000.0,11950.0,13000.0,14000.0,10500.0,10000.0,11300.0,11375.0,11200.0,12500.0,13000.0,12749.0,14128.0,14000.0,15945.0,15950.0,13500.0,10000.0,12864.0,11500.0,12995.0,14000.0
Upper West Side,Manhattan,neighborhood,7200.0,6950.0,6950.0,8250.0,9450.0,8500.0,7295.0,7750.0,8000.0,8500.0,9450.0,8000.0,8700.0,9000.0,9500.0,9000.0,8500.0,8000.0,7800.0,8000.0,8550.0,8750.0,9250.0,8995.0,9500.0,9500.0,10000.0,10500.0,9995.0,10000.0,9000.0,8500.0,8500.0,9000.0,8995.0,9200.0,8500.0,8595.0,9195.0,8600.0,8500.0,8500.0,8000.0,7895.0,9295.0,9000.0,8950.0,8500.0,8100.0,9000.0,8600.0,8950.0,8995.0,9200.0,8600.0,8800.0,8450.0,8295.0,9000.0,9000.0,9500.0,9450.0,9950.0,9650.0,9150.0,8500.0,8900.0,8450.0,8995.0,9188.0,8950.0,9350.0,8800.0,8950.0,8490.0,8600.0,8350.0,7995.0,7995.0,7600.0,7995.0,7500.0,7500.0,7600.0,7969.0,8500.0,8300.0,8000.0,7500.0,7400.0,7000.0,6700.0,6950.0,6918.0,6995.0,7250.0,7195.0,7200.0,6995.0,7000.0,7000.0,6950.0,6000.0,6800.0,6995.0,6950.0,7950.0,7875.0,8095.0,7703.0,6962.0,6750.0,7150.0,6850.0,6500.0,6495.0,6575.0,7400.0,7995.0,8623.0,8995.0,8769.0,8500.0,7425.0,7050.0,6700.0,6750.0,6000.0,5995.0,6000.0,6200.0,6150.0,6395.0,6870.0,6240.0,6200.0,6199.0,6000.0,6000.0,6000.0,6300.0,8250.0,8450.0,8000.0,7350.0,8750.0,8500.0,8500.0,8200.0,8250.0,9000.0,9500.0,10000.0,9250.0,9250.0,10000.0,10000.0,10000.0,9000.0,9750.0,9500.0,8675.0,8700.0,8250.0,8950.0,8995.0,9500.0,9800.0,9650.0,9000.0,9295.0,8933.0,8963.0,8595.0,7500.0,8000.0,8995.0,9000.0,8995.0,9000.0,9350.0,9500.0,9350.0,9350.0,8500.0,7950.0,8495.0,8900.0,9250.0,9850.0,10758.0,11500.0,13695.0,11500.0,10500.0,11500.0,10000.0,9000.0,8295.0,8000.0
Utopia,Queens,neighborhood,,,,,,,,,,,,,,,,2600.0,2600.0,2600.0,2600.0,2600.0,2600.0,2600.0,2600.0,2600.0,2600.0,2600.0,2600.0,2600.0,2600.0,2600.0,2600.0,2600.0,2600.0,2600.0,2600.0,2600.0,2600.0,2600.0,2600.0,2600.0,2600.0,2600.0,2600.0,2600.0,2600.0,2600.0,2600.0,2600.0,2600.0,2600.0,2600.0,2600.0,2600.0,2600.0,2600.0,2600.0,2250.0,2250.0,2250.0,2250.0,2250.0,2250.0,2250.0,2250.0,2250.0,,2250.0,2250.0,2250.0,2250.0,2250.0,2250.0,2250.0,2250.0,2250.0,2250.0,2250.0,2250.0,2250.0,,,,,,2250.0,,,,,,,,3599.0,4199.0,3900.0,3600.0,,,,,,,3600.0,3600.0,3600.0,3600.0,3600.0,,,4700.0,3600.0,3600.0,3600.0,,,,,,,,,,,,,,,,,4500.0,4500.0,4500.0,,,,,5000.0,,,,,,,,,,3900.0,3900.0,3900.0,,,4950.0,4100.0,,3900.0,3900.0,7000.0,6995.0,6995.0,6750.0,6500.0,,,5300.0,5290.0,5000.0,5000.0,5000.0,5000.0,5000.0,,,,,,5495.0,5200.0,,,,,,,,6500.0,6500.0,,,4500.0,5495.0,,4450.0,,,,,,4995.0,4995.0,
Van Nest,Bronx,neighborhood,,,1550.0,1495.0,,,,1500.0,1500.0,1600.0,1600.0,1600.0,1600.0,1600.0,1600.0,,,,,,,,,,,,,,,,,,,,,,,,,,2575.0,2575.0,,,,,,,,,,,,,,,,,1800.0,1750.0,,,,,,,,,,,2050.0,2050.0,2050.0,1950.0,1800.0,1600.0,,1600.0,2100.0,2000.0,2000.0,2183.0,,2099.0,2000.0,2000.0,2000.0,2000.0,1999.0,2200.0,2600.0,3800.0,3800.0,2200.0,2150.0,2150.0,2150.0,2100.0,2100.0,2150.0,1950.0,1950.0,,2200.0,2200.0,2500.0,,2500.0,2300.0,2550.0,2400.0,2400.0,2250.0,2400.0,2400.0,2100.0,2400.0,2382.0,2200.0,2200.0,2200.0,2200.0,,,2450.0,2450.0,2450.0,2450.0,2300.0,,,,,2550.0,2550.0,2550.0,2550.0,,2425.0,2425.0,,,3200.0,,2200.0,2425.0,2425.0,2425.0,2425.0,2800.0,2350.0,,2700.0,2700.0,2900.0,2600.0,2600.0,,3389.0,3100.0,3100.0,2999.0,2999.0,3000.0,3300.0,,3647.0,,,2750.0,2750.0,,,3775.0,,3850.0,2900.0,3450.0,3450.0,3350.0,3350.0,3200.0,3200.0,3464.0,3464.0,3400.0,,2750.0,2750.0,3400.0,3000.0,3399.0,3550.0,3550.0,3400.0,2800.0,3099.0,2950.0,2900.0,3000.0
Wakefield,Bronx,neighborhood,,,,,,,,,,,,,,,,,,,,,,,1850.0,2600.0,2600.0,2600.0,1400.0,1400.0,,,,,,,,,,,,,1650.0,1650.0,1650.0,,1500.0,1550.0,1550.0,1550.0,,,,,1700.0,1700.0,1900.0,1900.0,,,1750.0,,1750.0,1750.0,,1800.0,,,1800.0,1800.0,1700.0,1956.0,1956.0,,,2164.0,2000.0,2000.0,2100.0,2100.0,2100.0,,,2000.0,,,1899.0,1899.0,1900.0,2000.0,1900.0,,,1800.0,1800.0,1800.0,2100.0,1900.0,,2200.0,2200.0,2200.0,2200.0,2250.0,2175.0,2550.0,2500.0,2300.0,2550.0,2550.0,2300.0,2200.0,2350.0,2500.0,3000.0,2250.0,2200.0,2300.0,2225.0,2195.0,2195.0,2500.0,2200.0,2200.0,,2200.0,2499.0,2400.0,2250.0,2200.0,2300.0,,,2750.0,2499.0,2100.0,2100.0,2100.0,2200.0,2350.0,2300.0,2500.0,2200.0,2300.0,2600.0,2500.0,2600.0,2500.0,2500.0,2659.0,2550.0,2500.0,2975.0,2850.0,2400.0,2300.0,3000.0,3000.0,3100.0,3700.0,2900.0,2700.0,4741.0,4194.0,2695.0,2500.0,2600.0,3084.0,3000.0,2800.0,2800.0,3777.0,3550.0,3500.0,3600.0,3850.0,3900.0,3900.0,3800.0,3605.0,3605.0,3195.0,3464.0,3777.0,3777.0,3600.0,2500.0,2500.0,4500.0,3899.0,3777.0,3700.0,3650.0,3700.0,3500.0,2950.0,2950.0,2950.0,3350.0,3100.0,2950.0,2950.0
Washington Heights,Manhattan,neighborhood,2300.0,2350.0,2500.0,2500.0,2500.0,2380.0,2500.0,2600.0,2500.0,2600.0,2400.0,2350.0,2400.0,2300.0,2350.0,2500.0,2399.0,2325.0,2595.0,2595.0,2795.0,2595.0,2595.0,2595.0,2800.0,2700.0,2775.0,2700.0,2540.0,2500.0,2500.0,2500.0,2600.0,2700.0,2700.0,2700.0,2550.0,2500.0,2500.0,2550.0,2400.0,2400.0,2500.0,2500.0,2750.0,2650.0,2500.0,2495.0,2450.0,2400.0,2500.0,2600.0,2650.0,2700.0,2700.0,2850.0,2895.0,2945.0,2800.0,2750.0,2795.0,2750.0,2750.0,2750.0,2750.0,2750.0,2800.0,2995.0,3000.0,2900.0,2863.0,2850.0,2850.0,2800.0,2895.0,2950.0,3000.0,3000.0,3000.0,3000.0,3050.0,3000.0,2995.0,2929.0,2895.0,2800.0,2850.0,2943.0,2995.0,3000.0,3000.0,3100.0,3000.0,2995.0,2800.0,2800.0,2800.0,2837.0,2829.0,2841.0,2825.0,2928.0,2995.0,3000.0,2979.0,2950.0,2900.0,2850.0,2895.0,2895.0,2935.0,2933.0,2926.0,2933.0,3000.0,3000.0,3075.0,3067.0,2950.0,2950.0,3000.0,3000.0,2999.0,3000.0,2900.0,2843.0,2900.0,2779.0,2700.0,2650.0,2550.0,2545.0,2600.0,2700.0,2750.0,2795.0,2795.0,2800.0,2862.0,2815.0,2840.0,2800.0,2725.0,2795.0,2800.0,2800.0,2841.0,2975.0,3100.0,3250.0,3300.0,3395.0,3240.0,3200.0,3195.0,3200.0,3200.0,3250.0,3174.0,3300.0,3300.0,3400.0,3400.0,3450.0,3450.0,3395.0,3199.0,3200.0,3200.0,3300.0,3375.0,3370.0,3595.0,3600.0,3500.0,3500.0,3390.0,3500.0,3500.0,3000.0,3150.0,3150.0,3400.0,3400.0,3600.0,3695.0,3750.0,3700.0,3650.0,3700.0,3600.0,3600.0,3550.0,3550.0,3777.0,3758.0,3800.0,3825.0,3950.0,3995.0
West Harlem,Manhattan,neighborhood,2000.0,2000.0,2000.0,2000.0,2000.0,2000.0,2000.0,2000.0,,2000.0,2000.0,2000.0,2000.0,2000.0,2000.0,2000.0,2000.0,2000.0,2850.0,1900.0,1400.0,1900.0,1400.0,2095.0,2100.0,1950.0,1950.0,2300.0,2999.0,2750.0,3150.0,2600.0,2400.0,2400.0,2700.0,2600.0,2599.0,2450.0,2500.0,2700.0,2500.0,2700.0,3099.0,3000.0,2850.0,2995.0,3000.0,3000.0,2900.0,2800.0,2695.0,2650.0,2700.0,2695.0,3195.0,3250.0,3100.0,3200.0,3378.0,3258.0,3200.0,3200.0,3300.0,3400.0,3232.0,3200.0,3115.0,3200.0,3116.0,2800.0,3000.0,3200.0,3000.0,2950.0,2950.0,2950.0,3000.0,3450.0,3400.0,3400.0,3000.0,3208.0,3200.0,3025.0,3200.0,3200.0,3200.0,3300.0,3300.0,3350.0,3400.0,3250.0,3400.0,2995.0,2800.0,2800.0,2995.0,2998.0,3195.0,3195.0,3350.0,3495.0,3500.0,3600.0,3350.0,3070.0,3250.0,3250.0,3200.0,3000.0,3116.0,3500.0,3300.0,3200.0,3600.0,3438.0,3295.0,3390.0,3390.0,3391.0,3325.0,3400.0,3400.0,3500.0,3300.0,3050.0,3046.0,2800.0,2750.0,2600.0,2600.0,2446.0,2515.0,2613.0,2600.0,2737.0,2750.0,2815.0,3000.0,3000.0,2888.0,2700.0,2682.0,2800.0,2700.0,2850.0,2995.0,3400.0,3795.0,3500.0,3995.0,3995.0,4250.0,4250.0,3950.0,3625.0,3500.0,3625.0,3625.0,3600.0,3600.0,3800.0,3895.0,3500.0,3500.0,3500.0,3450.0,3399.0,3450.0,3600.0,3500.0,3600.0,3600.0,3600.0,4300.0,4000.0,3995.0,4150.0,3995.0,4000.0,4000.0,3850.0,3700.0,3700.0,4000.0,4350.0,4450.0,4750.0,4500.0,4595.0,4500.0,4150.0,4395.0,4150.0,4250.0,4600.0,4650.0,4595.0,4595.0,4750.0
West Village,Manhattan,neighborhood,4300.0,4000.0,5000.0,6000.0,14500.0,14500.0,12000.0,12000.0,14500.0,14000.0,19500.0,7800.0,7500.0,9500.0,12500.0,11000.0,10000.0,7950.0,6800.0,9995.0,13000.0,14000.0,12000.0,12000.0,9500.0,8500.0,5950.0,5595.0,8500.0,10000.0,6495.0,9995.0,12950.0,8500.0,7000.0,5800.0,12000.0,11995.0,12500.0,12500.0,8500.0,6500.0,6395.0,6300.0,5795.0,7975.0,10495.0,7975.0,6800.0,9995.0,9495.0,9495.0,9000.0,9000.0,6500.0,6200.0,7500.0,9995.0,7295.0,8995.0,9995.0,14000.0,15000.0,9500.0,8995.0,6600.0,6495.0,8900.0,8900.0,15000.0,19500.0,17500.0,17500.0,18500.0,16000.0,9800.0,7495.0,7495.0,7995.0,7750.0,8500.0,6995.0,7495.0,7350.0,8000.0,7920.0,7800.0,6999.0,7000.0,7495.0,7750.0,7495.0,7200.0,7453.0,8295.0,7995.0,7495.0,7495.0,7000.0,6500.0,7000.0,6800.0,6495.0,6995.0,7495.0,7995.0,10000.0,13000.0,8695.0,8995.0,7995.0,8695.0,8000.0,7100.0,7995.0,7995.0,9495.0,9995.0,15000.0,14500.0,14000.0,14000.0,9000.0,7900.0,6966.0,6900.0,6500.0,6000.0,6400.0,6400.0,6350.0,5495.0,5995.0,6500.0,6600.0,7450.0,7195.0,7495.0,7000.0,6995.0,7250.0,7500.0,6995.0,6995.0,6645.0,6995.0,8000.0,8500.0,8995.0,9500.0,8995.0,10995.0,11000.0,8695.0,9000.0,10750.0,9000.0,9000.0,8995.0,8995.0,12000.0,11500.0,10000.0,9750.0,9950.0,9995.0,11000.0,12000.0,9600.0,11995.0,11995.0,10000.0,9995.0,9750.0,11250.0,10495.0,14495.0,17000.0,20000.0,12500.0,17500.0,18000.0,18000.0,10995.0,11595.0,11500.0,11000.0,11000.0,11500.0,9800.0,8995.0,8652.0,8800.0,12495.0,11995.0,10050.0,11500.0,11995.0,11995.0,10400.0
Westchester Village,Bronx,neighborhood,,,,,,,,,,,,,,,,,,,,,,,,,,,,,,,,,,,,,,,,,,,,,,,,,,,,,,,,,,,,,,,,1900.0,1850.0,1775.0,1775.0,1749.0,,,,3000.0,3000.0,1800.0,1800.0,1800.0,1800.0,,,,,,,,,,,1900.0,1900.0,1900.0,,,,,,,,2650.0,2650.0,2500.0,2550.0,2550.0,,,,,,2500.0,1750.0,,,,2500.0,2299.0,,2400.0,2300.0,,,2200.0,2450.0,2450.0,2450.0,2450.0,2450.0,2150.0,2150.0,,2200.0,,,2549.0,2450.0,2500.0,2500.0,,,,,,,2659.0,2659.0,,2500.0,2500.0,,,,,,2500.0,,,3000.0,3000.0,3300.0,3200.0,3200.0,,3200.0,,,,2950.0,2950.0,,,3500.0,3150.0,3150.0,3625.0,,,,3895.0,,3000.0,4250.0,,,,,,,,,,,,3454.0,,3500.0,3500.0,3500.0,,,,,3850.0
Whitestone,Queens,neighborhood,1900.0,1800.0,1800.0,1800.0,1800.0,,,,,,,1350.0,1350.0,1800.0,1900.0,1900.0,2000.0,2000.0,1900.0,2300.0,1900.0,2300.0,2200.0,2800.0,2300.0,2800.0,1900.0,1900.0,2800.0,1900.0,2800.0,1900.0,2800.0,2400.0,2100.0,2100.0,2100.0,2100.0,2100.0,2000.0,2000.0,2000.0,1900.0,1900.0,1900.0,1900.0,3000.0,3000.0,2900.0,2800.0,2800.0,2378.0,2400.0,2200.0,1900.0,2500.0,2300.0,2300.0,2300.0,2300.0,2300.0,2200.0,2100.0,2800.0,2700.0,2700.0,2700.0,2500.0,3150.0,2500.0,2375.0,2275.0,2500.0,2500.0,2500.0,2450.0,2450.0,2400.0,2800.0,2500.0,2350.0,2550.0,2450.0,2580.0,2500.0,2400.0,2400.0,2400.0,2500.0,2400.0,2400.0,3350.0,3500.0,2100.0,2099.0,2200.0,2300.0,2000.0,2600.0,2300.0,2400.0,2600.0,2300.0,2300.0,,2450.0,2450.0,2450.0,2400.0,2400.0,2400.0,2599.0,2599.0,2599.0,3200.0,2500.0,2400.0,2300.0,4800.0,3500.0,2800.0,4200.0,4200.0,4200.0,3600.0,4200.0,3500.0,3500.0,3500.0,3500.0,8995.0,2950.0,2950.0,7500.0,6999.0,3600.0,5999.0,2400.0,2700.0,3150.0,3500.0,2700.0,2600.0,2500.0,2800.0,2350.0,2400.0,2400.0,2750.0,3500.0,3000.0,3000.0,3000.0,3300.0,3000.0,2700.0,2700.0,3000.0,2650.0,2775.0,2700.0,3000.0,3000.0,3300.0,2995.0,2900.0,3800.0,3800.0,3000.0,3000.0,2850.0,3300.0,3700.0,3799.0,,3000.0,3200.0,3300.0,3300.0,3500.0,4000.0,3400.0,3350.0,3100.0,3000.0,,4360.0,4500.0,4500.0,3800.0,3200.0,3550.0,3300.0,3450.0,3500.0,3500.0,3500.0,3200.0,3500.0,3500.0
Williamsbridge,Bronx,neighborhood,,,,,,,,,,,,,,,,,,,,,,,,,,,,,,,,,,,,,,,,,,,,,,,,,,,,,,,1800.0,,,1650.0,1650.0,1650.0,1800.0,2000.0,1944.0,,,,,,2350.0,2100.0,2240.0,2100.0,3500.0,2100.0,2100.0,1999.0,1999.0,1999.0,1700.0,,,,2100.0,2100.0,2300.0,2300.0,2345.0,2345.0,2250.0,2250.0,2350.0,3700.0,3700.0,2100.0,2100.0,2100.0,2100.0,2150.0,2050.0,,1900.0,2150.0,2150.0,2150.0,2150.0,2150.0,2150.0,2150.0,2150.0,2150.0,2200.0,2200.0,2275.0,2200.0,2275.0,2200.0,2200.0,2200.0,2200.0,2250.0,2400.0,2450.0,2300.0,,2400.0,2300.0,2250.0,2150.0,2200.0,2200.0,2200.0,2300.0,2300.0,2300.0,2300.0,2100.0,,2400.0,2400.0,2499.0,2400.0,2275.0,2599.0,2195.0,2400.0,2375.0,2375.0,2599.0,2805.0,2805.0,2650.0,2600.0,2600.0,2600.0,2600.0,2550.0,3300.0,2575.0,2600.0,3300.0,3300.0,2600.0,2750.0,2890.0,2650.0,3000.0,3000.0,3000.0,3400.0,3464.0,3490.0,3464.0,2800.0,2800.0,3606.0,3606.0,3777.0,3100.0,3400.0,3400.0,3400.0,3400.0,3700.0,3100.0,3464.0,3464.0,3500.0,3000.0,3200.0,3200.0,3000.0,3200.0,2334.0,3431.0,3431.0,3434.0,3350.0,3350.0,3350.0,3373.0
Williamsburg,Brooklyn,neighborhood,4000.0,4200.0,4500.0,4350.0,4000.0,3500.0,3800.0,4200.0,4900.0,4900.0,4900.0,4800.0,4700.0,4200.0,4000.0,4000.0,3900.0,5100.0,4700.0,3400.0,4400.0,4290.0,4500.0,3900.0,3500.0,3499.0,3600.0,4200.0,3850.0,3900.0,3999.0,4000.0,4550.0,4250.0,4000.0,4200.0,4000.0,4000.0,4000.0,3971.0,4100.0,4000.0,3900.0,4000.0,4000.0,4000.0,4020.0,3800.0,3799.0,3750.0,3700.0,4000.0,3900.0,3900.0,3850.0,3800.0,3800.0,3800.0,3875.0,3800.0,3800.0,3800.0,3900.0,4000.0,4300.0,4195.0,4199.0,4195.0,4270.0,4200.0,3950.0,4050.0,4220.0,4249.0,3999.0,3995.0,3895.0,4000.0,3900.0,3800.0,3800.0,3800.0,3645.0,3599.0,3699.0,3646.0,3800.0,3800.0,3995.0,3995.0,3894.0,3900.0,3995.0,3900.0,3745.0,3750.0,3700.0,3700.0,3800.0,3795.0,3740.0,3758.0,3881.0,3800.0,3690.0,3590.0,3400.0,3300.0,3494.0,3600.0,3758.0,4215.0,4400.0,4450.0,4350.0,4200.0,4595.0,4600.0,4750.0,4850.0,4600.0,4250.0,4000.0,4295.0,4000.0,3999.0,3800.0,3600.0,3450.0,3333.0,3300.0,3350.0,3330.0,3275.0,3175.0,3300.0,3450.0,3850.0,4450.0,4700.0,4500.0,4700.0,4499.0,4950.0,5000.0,4750.0,4800.0,4300.0,4799.0,5500.0,5800.0,5750.0,5500.0,5250.0,5000.0,4975.0,4990.0,4990.0,5000.0,5250.0,5250.0,5600.0,5995.0,6000.0,5600.0,5950.0,5499.0,5200.0,5100.0,5500.0,5999.0,5955.0,6000.0,5999.0,5600.0,5900.0,5800.0,5500.0,5490.0,5400.0,5575.0,5500.0,5500.0,5800.0,6199.0,6229.0,6300.0,6500.0,6499.0,6200.0,5800.0,5800.0,5750.0,5908.0,5650.0,6000.0,6000.0,6550.0,7000.0,6850.0
Windsor Terrace,Brooklyn,neighborhood,2100.0,2600.0,3200.0,2600.0,,,3400.0,3500.0,3750.0,3500.0,2300.0,2250.0,2300.0,2300.0,2300.0,2800.0,2200.0,3200.0,3200.0,3200.0,2400.0,2400.0,2900.0,2400.0,2400.0,2900.0,2900.0,2450.0,2950.0,2800.0,3000.0,3200.0,3250.0,3200.0,3000.0,3200.0,3200.0,3200.0,3200.0,3200.0,2800.0,3000.0,2900.0,3200.0,3200.0,3700.0,3700.0,3600.0,2700.0,2700.0,2700.0,2525.0,2525.0,3100.0,3300.0,3300.0,3750.0,3500.0,3250.0,3250.0,3400.0,3400.0,3300.0,3300.0,3000.0,3300.0,3483.0,3300.0,3600.0,3800.0,3695.0,3500.0,3375.0,3250.0,3350.0,3500.0,4500.0,3950.0,3600.0,3700.0,3400.0,3399.0,3250.0,3475.0,3450.0,3300.0,3000.0,3300.0,3300.0,3950.0,4000.0,4000.0,3400.0,3208.0,3400.0,3400.0,3150.0,3100.0,3200.0,3300.0,3400.0,3800.0,3000.0,2995.0,3300.0,3195.0,3195.0,4095.0,3500.0,3300.0,3900.0,3500.0,3300.0,3350.0,3300.0,3395.0,3295.0,3200.0,3200.0,4250.0,3500.0,3400.0,3000.0,3988.0,3500.0,4200.0,3800.0,4000.0,3700.0,3799.0,3400.0,3300.0,2995.0,3000.0,3200.0,3200.0,3200.0,4900.0,4275.0,3500.0,3500.0,3495.0,3600.0,4200.0,3700.0,3495.0,3600.0,3600.0,3600.0,6000.0,5500.0,5100.0,4650.0,5000.0,5000.0,5000.0,3900.0,9500.0,5327.0,4690.0,4750.0,4750.0,6000.0,4700.0,4100.0,3000.0,4997.0,3800.0,5495.0,4900.0,4500.0,5100.0,5500.0,5500.0,5500.0,5500.0,4850.0,4900.0,5700.0,3200.0,3000.0,5995.0,5995.0,4500.0,5400.0,4950.0,6000.0,5000.0,4995.0,4500.0,4495.0,7495.0,5850.0,4995.0,5500.0,5500.0,5500.0,13000.0,9500.0,7290.0
Woodhaven,Queens,neighborhood,,,,,,1700.0,1700.0,,,,,,,,,,,,1450.0,1450.0,1450.0,1450.0,1450.0,1350.0,1350.0,1450.0,1450.0,1450.0,1450.0,1450.0,1300.0,1300.0,1300.0,1450.0,1450.0,1300.0,1300.0,1300.0,1450.0,1450.0,1450.0,1450.0,1450.0,1450.0,1450.0,1450.0,1450.0,1450.0,1450.0,1450.0,1450.0,1450.0,1450.0,1450.0,1450.0,1450.0,1450.0,1900.0,1900.0,1825.0,,,1850.0,1850.0,1900.0,1900.0,1900.0,2800.0,2000.0,2500.0,2200.0,2000.0,1800.0,,,1850.0,2200.0,,,2200.0,2400.0,2400.0,2500.0,2500.0,2400.0,2400.0,2300.0,2300.0,2495.0,2250.0,2350.0,2400.0,2100.0,2300.0,2400.0,2300.0,2300.0,2300.0,2250.0,2300.0,2200.0,2350.0,2300.0,2300.0,2300.0,2050.0,2399.0,2225.0,2200.0,2499.0,2500.0,2100.0,2100.0,2600.0,2500.0,2470.0,2500.0,,1990.0,2600.0,2000.0,2680.0,2500.0,,2600.0,2895.0,2600.0,2600.0,2495.0,2600.0,2400.0,2650.0,2299.0,2400.0,2400.0,2400.0,2350.0,2800.0,2800.0,2400.0,2800.0,3000.0,2799.0,2599.0,2500.0,2400.0,2400.0,2499.0,2895.0,2600.0,2500.0,2600.0,2650.0,2695.0,2800.0,2675.0,2500.0,2500.0,2625.0,2700.0,2600.0,3000.0,3000.0,3000.0,3000.0,3200.0,2800.0,2600.0,2600.0,2400.0,3500.0,3200.0,3000.0,2850.0,2950.0,3100.0,2995.0,2800.0,2800.0,2995.0,2850.0,2950.0,2800.0,3200.0,5499.0,3499.0,3499.0,3300.0,3000.0,3000.0,3000.0,3000.0,3000.0,3499.0,2999.0,2999.0,3000.0,3199.0,3199.0,3300.0
Woodlawn,Bronx,neighborhood,,,,,,,,,,,,,,,,,,,,,,,,,,,,,,,,,1875.0,,,,,,,,,,,,,,,,,,,,,,,1450.0,,,,,,1800.0,2000.0,,,,,,,,,,,,,,2200.0,2200.0,,,,2100.0,,,2500.0,2500.0,,,,,2095.0,2095.0,2600.0,2400.0,2200.0,,,,2250.0,2150.0,,,,,2400.0,,2100.0,2195.0,2100.0,2100.0,1995.0,1985.0,2550.0,,,,2750.0,2450.0,2300.0,2100.0,2100.0,,,,,,2300.0,2450.0,,,2800.0,2750.0,2750.0,3000.0,3000.0,,,,2495.0,2495.0,2150.0,2600.0,,,,2350.0,2850.0,2800.0,,,,2975.0,2900.0,2499.0,2499.0,,2600.0,2500.0,,,,,,,3000.0,,,,,,,,,3300.0,3300.0,3300.0,,,,,,3500.0,,3100.0,3500.0,3500.0,3050.0,,,,,,,,,,,,,
Woodside,Queens,neighborhood,,,,,,,,,,,,,1800.0,1750.0,,,2000.0,2000.0,2000.0,2000.0,1900.0,1850.0,2350.0,2500.0,2500.0,2350.0,,,,2000.0,2000.0,1900.0,1900.0,3300.0,1750.0,1750.0,1750.0,1750.0,1750.0,2200.0,2300.0,,,,2050.0,2600.0,2600.0,2700.0,3200.0,2200.0,3200.0,2200.0,2400.0,2750.0,2450.0,2500.0,2500.0,2500.0,2500.0,2300.0,2500.0,2757.0,2300.0,2300.0,2300.0,2500.0,2500.0,2700.0,2700.0,2500.0,2400.0,2500.0,2500.0,2500.0,2600.0,2850.0,2800.0,2750.0,2600.0,2500.0,2400.0,2550.0,2700.0,2750.0,2800.0,2700.0,2699.0,2500.0,2600.0,2500.0,2700.0,2700.0,2600.0,2700.0,2700.0,2800.0,2750.0,2700.0,2700.0,2800.0,2800.0,2650.0,2650.0,2800.0,2800.0,2700.0,2700.0,2600.0,2500.0,2700.0,2700.0,2700.0,2500.0,2700.0,2700.0,2700.0,2700.0,2700.0,2600.0,2692.0,3100.0,3000.0,2945.0,2925.0,2850.0,2895.0,2800.0,2800.0,2700.0,2650.0,2650.0,2600.0,2600.0,2650.0,2600.0,2600.0,2550.0,2500.0,2600.0,2600.0,2595.0,2700.0,2700.0,2300.0,2699.0,2950.0,2700.0,2900.0,2700.0,2600.0,3000.0,3100.0,3100.0,3100.0,2800.0,3050.0,3000.0,2950.0,2900.0,2900.0,3150.0,3200.0,3550.0,3100.0,3100.0,3275.0,3200.0,3600.0,3400.0,3400.0,3600.0,3500.0,3500.0,3800.0,3800.0,3650.0,3400.0,3400.0,3400.0,3300.0,3300.0,3750.0,3700.0,3550.0,3675.0,3650.0,3800.0,4200.0,3750.0,3700.0,3800.0,3700.0,4000.0,4400.0,4295.0,3850.0,3500.0,3999.0,3975.0,3995.0
Woodstock,Bronx,neighborhood,,,,,,,,,,1850.0,1850.0,1850.0,,,,,,,,,,1100.0,1100.0,1100.0,1100.0,,,,,1800.0,1800.0,1800.0,1800.0,1700.0,1700.0,1250.0,1250.0,,1250.0,,,,,,,,1350.0,1350.0,1650.0,,,,,,,,,2000.0,1400.0,1400.0,2000.0,2000.0,2000.0,2000.0,2000.0,1700.0,1292.0,1950.0,1895.0,2000.0,1895.0,1795.0,1695.0,1750.0,1750.0,2000.0,2000.0,2000.0,1650.0,2000.0,2000.0,2095.0,2048.0,2048.0,2110.0,2110.0,2200.0,2250.0,2200.0,2100.0,2100.0,1890.0,1740.0,2063.0,2062.0,2060.0,2025.0,2100.0,2100.0,2250.0,2250.0,2240.0,2350.0,2350.0,2400.0,2350.0,2300.0,2199.0,2199.0,2200.0,2200.0,2200.0,2300.0,2200.0,2350.0,2250.0,2250.0,2500.0,2500.0,2500.0,2400.0,2400.0,,,,1945.0,1950.0,2195.0,2195.0,2400.0,1999.0,2600.0,2900.0,2150.0,2150.0,,2022.0,2650.0,2600.0,2600.0,2100.0,2100.0,2100.0,1999.0,1999.0,2000.0,2400.0,2500.0,2500.0,,3900.0,2500.0,1800.0,2300.0,2700.0,2400.0,3100.0,3195.0,3214.0,3100.0,2700.0,2595.0,3000.0,3000.0,3500.0,2650.0,2950.0,3214.0,3300.0,3199.0,3199.0,3199.0,3650.0,2575.0,2725.0,3800.0,3800.0,3800.0,2500.0,,2850.0,2800.0,2001.0,2850.0,2850.0,3200.0,3600.0,3700.0,3700.0,2600.0,2600.0,2600.0,2600.0,,,4500.0,1795.0,3500.0,3689.0,3689.0
