areaName,Borough,areaType,2010-01,2010-02,2010-03,2010-04,2010-05,2010-06,2010-07,2010-08,2010-09,2010-10,2010-11,2010-12,2011-01,2011-02,2011-03,2011-04,2011-05,2011-06,2011-07,2011-08,2011-09,2011-10,2011-11,2011-12,2012-01,2012-02,2012-03,2012-04,2012-05,2012-06,2012-07,2012-08,2012-09,2012-10,2012-11,2012-12,2013-01,2013-02,2013-03,2013-04,2013-05,2013-06,2013-07,2013-08,2013-09,2013-10,2013-11,2013-12,2014-01,2014-02,2014-03,2014-04,2014-05,2014-06,2014-07,2014-08,2014-09,2014-10,2014-11,2014-12,2015-01,2015-02,2015-03,2015-04,2015-05,2015-06,2015-07,2015-08,2015-09,2015-10,2015-11,2015-12,2016-01,2016-02,2016-03,2016-04,2016-05,2016-06,2016-07,2016-08,2016-09,2016-10,2016-11,2016-12,2017-01,2017-02,2017-03,2017-04,2017-05,2017-06,2017-07,2017-08,2017-09,2017-10,2017-11,2017-12,2018-01,2018-02,2018-03,2018-04,2018-05,2018-06,2018-07,2018-08,2018-09,2018-10,2018-11,2018-12,2019-01,2019-02,2019-03,2019-04,2019-05,2019-06,2019-07,2019-08,2019-09,2019-10,2019-11,2019-12,2020-01,2020-02,2020-03,2020-04,2020-05,2020-06,2020-07,2020-08,2020-09,2020-10,2020-11,2020-12,2021-01,2021-02,2021-03,2021-04,2021-05,2021-06,2021-07,2021-08,2021-09,2021-10,2021-11,2021-12,2022-01,2022-02,2022-03,2022-04,2022-05,2022-06,2022-07,2022-08,2022-09,2022-10,2022-11,2022-12,2023-01,2023-02,2023-03,2023-04,2023-05,2023-06,2023-07,2023-08,2023-09,2023-10,2023-11,2023-12,2024-01,2024-02,2024-03,2024-04,2024-05,2024-06,2024-07,2024-08,2024-09,2024-10,2024-11,2024-12,2025-01,2025-02,2025-03,2025-04,2025-05,2025-06,2025-07,2025-08,2025-09,2025-10,2025-11,2025-12,2026-01,2026-02,2026-03,2026-04,2026-05,2026-06,2026-07,2026-08
Astoria,Queens,neighborhood,99.0,98.0,106.0,78.0,57.0,52.0,50.0,46.0,51.0,52.0,54.0,48.0,44.0,40.0,44.0,56.0,101.0,116.0,85.0,79.0,75.0,78.0,58.0,69.0,93.0,89.0,92.0,117.0,159.0,171.0,145.0,138.0,131.0,135.0,160.0,173.0,210.0,206.0,287.0,314.0,327.0,359.0,386.0,309.0,337.0,454.0,502.0,559.0,630.0,699.0,874.0,1058.0,1272.0,1163.0,870.0,873.0,838.0,847.0,1036.0,1098.0,924.0,1091.0,1153.0,1090.0,1348.0,1407.0,1166.0,1045.0,1003.0,1095.0,1078.0,958.0,926.0,1012.0,1137.0,1263.0,1298.0,1330.0,1300.0,1316.0,1378.0,1434.0,1399.0,1398.0,1782.0,1996.0,2319.0,2293.0,2496.0,2709.0,2537.0,1457.0,1593.0,1652.0,1572.0,1387.0,1564.0,1716.0,1916.0,1847.0,2115.0,2171.0,1935.0,1784.0,1612.0,1865.0,1703.0,1490.0,1593.0,1569.0,1709.0,1766.0,1816.0,1649.0,1829.0,1609.0,1372.0,1382.0,1170.0,1023.0,1108.0,1097.0,1002.0,754.0,1283.0,1912.0,2470.0,2732.0,2909.0,3338.0,3016.0,2924.0,3147.0,2794.0,3176.0,2778.0,2650.0,2369.0,2049.0,1876.0,1731.0,1684.0,1568.0,1319.0,1226.0,1155.0,1129.0,968.0,855.0,926.0,854.0,983.0,1017.0,1102.0,1061.0,918.0,1044.0,999.0,1106.0,927.0,1000.0,1072.0,1158.0,1070.0,1152.0,1242.0,1285.0,1083.0,1143.0,1177.0,1336.0,1370.0,1370.0,1411.0,1432.0,1205.0,1294.0,1432.0,1326.0,1221.0,1311.0,1245.0,1300.0,1306.0,1265.0,1232.0,1185.0,1175.0,1288.0,1371.0,1185.0,1050.0,1058.0,979.0,1055.0,1013.0,1000.0,1096.0,1205.0,1088.0
Auburndale,Queens,neighborhood,2.0,1.0,1.0,1.0,1.0,1.0,0.0,0.0,0.0,0.0,0.0,0.0,0.0,1.0,2.0,1.0,3.0,4.0,5.0,4.0,4.0,2.0,3.0,4.0,4.0,4.0,5.0,6.0,8.0,10.0,8.0,4.0,5.0,5.0,8.0,9.0,6.0,6.0,6.0,9.0,5.0,0.0,0.0,6.0,5.0,9.0,6.0,2.0,2.0,2.0,6.0,9.0,9.0,6.0,6.0,10.0,6.0,5.0,6.0,8.0,11.0,9.0,12.0,16.0,11.0,8.0,9.0,21.0,17.0,11.0,12.0,9.0,9.0,11.0,14.0,21.0,16.0,13.0,17.0,16.0,14.0,13.0,10.0,4.0,9.0,12.0,16.0,15.0,19.0,22.0,22.0,16.0,20.0,21.0,19.0,16.0,17.0,15.0,19.0,14.0,17.0,15.0,23.0,14.0,18.0,20.0,15.0,15.0,15.0,16.0,21.0,20.0,20.0,13.0,14.0,21.0,21.0,29.0,15.0,19.0,25.0,20.0,17.0,6.0,20.0,17.0,10.0,21.0,19.0,16.0,16.0,13.0,14.0,14.0,19.0,17.0,14.0,15.0,9.0,8.0,12.0,10.0,9.0,8.0,5.0,5.0,17.0,16.0,17.0,13.0,13.0,11.0,8.0,10.0,8.0,6.0,14.0,16.0,19.0,12.0,18.0,18.0,11.0,10.0,16.0,12.0,5.0,10.0,14.0,6.0,12.0,13.0,9.0,9.0,10.0,11.0,15.0,13.0,7.0,10.0,7.0,7.0,9.0,15.0,15.0,14.0,10.0,6.0,6.0,6.0,4.0,7.0,8.0,8.0,9.0,7.0,6.0,15.0,11.0,11.0
Bath Beach,Brooklyn,neighborhood,2.0,2.0,1.0,2.0,2.0,2.0,0.0,2.0,2.0,1.0,0.0,0.0,0.0,1.0,4.0,3.0,4.0,6.0,11.0,14.0,11.0,11.0,13.0,14.0,16.0,15.0,12.0,7.0,8.0,7.0,8.0,11.0,10.0,9.0,8.0,5.0,6.0,3.0,5.0,5.0,4.0,4.0,6.0,7.0,8.0,9.0,13.0,12.0,15.0,12.0,10.0,7.0,12.0,17.0,18.0,12.0,11.0,11.0,9.0,13.0,17.0,18.0,17.0,23.0,23.0,27.0,26.0,24.0,27.0,27.0,17.0,21.0,33.0,25.0,24.0,22.0,19.0,20.0,20.0,24.0,19.0,24.0,30.0,31.0,34.0,35.0,49.0,44.0,42.0,48.0,45.0,19.0,28.0,31.0,18.0,19.0,36.0,34.0,37.0,40.0,50.0,35.0,52.0,64.0,73.0,65.0,47.0,41.0,48.0,56.0,74.0,72.0,75.0,61.0,54.0,29.0,40.0,51.0,39.0,33.0,36.0,28.0,22.0,8.0,8.0,19.0,21.0,26.0,35.0,33.0,37.0,65.0,79.0,80.0,69.0,85.0,66.0,76.0,78.0,67.0,47.0,67.0,53.0,45.0,50.0,50.0,64.0,43.0,45.0,34.0,42.0,33.0,38.0,27.0,22.0,14.0,17.0,15.0,20.0,24.0,26.0,18.0,30.0,34.0,16.0,37.0,24.0,23.0,36.0,30.0,28.0,36.0,26.0,33.0,28.0,31.0,29.0,24.0,30.0,29.0,27.0,30.0,25.0,31.0,33.0,17.0,24.0,22.0,32.0,30.0,31.0,32.0,31.0,25.0,24.0,28.0,29.0,21.0,32.0,29.0
Battery Park City,Manhattan,neighborhood,212.0,204.0,199.0,180.0,173.0,193.0,179.0,204.0,185.0,175.0,157.0,169.0,192.0,207.0,228.0,209.0,184.0,219.0,220.0,229.0,236.0,252.0,256.0,229.0,236.0,233.0,251.0,263.0,278.0,297.0,307.0,293.0,258.0,260.0,275.0,227.0,275.0,278.0,304.0,312.0,330.0,325.0,325.0,366.0,321.0,347.0,259.0,302.0,291.0,279.0,282.0,321.0,402.0,294.0,309.0,304.0,265.0,280.0,276.0,260.0,265.0,236.0,271.0,264.0,279.0,281.0,275.0,294.0,271.0,304.0,251.0,236.0,253.0,268.0,269.0,258.0,255.0,283.0,288.0,310.0,262.0,261.0,268.0,237.0,257.0,248.0,256.0,263.0,256.0,251.0,251.0,229.0,211.0,219.0,205.0,217.0,207.0,198.0,215.0,205.0,212.0,220.0,239.0,244.0,216.0,206.0,203.0,170.0,211.0,179.0,223.0,230.0,236.0,221.0,196.0,196.0,176.0,199.0,145.0,141.0,162.0,143.0,131.0,120.0,229.0,286.0,366.0,381.0,393.0,395.0,388.0,364.0,347.0,321.0,349.0,322.0,264.0,209.0,157.0,126.0,91.0,99.0,99.0,90.0,97.0,94.0,117.0,101.0,122.0,128.0,143.0,132.0,145.0,182.0,192.0,158.0,153.0,120.0,161.0,139.0,166.0,207.0,213.0,238.0,211.0,186.0,183.0,193.0,211.0,186.0,167.0,161.0,192.0,152.0,178.0,153.0,136.0,147.0,169.0,179.0,186.0,160.0,198.0,193.0,177.0,157.0,192.0,179.0,167.0,191.0,174.0,159.0,168.0,133.0,156.0,173.0,192.0,166.0,189.0,187.0
Bay Ridge,Brooklyn,neighborhood,43.0,40.0,38.0,39.0,32.0,38.0,30.0,25.0,24.0,32.0,37.0,31.0,34.0,39.0,47.0,43.0,48.0,51.0,51.0,44.0,42.0,37.0,33.0,28.0,29.0,35.0,34.0,29.0,27.0,33.0,31.0,34.0,44.0,45.0,38.0,28.0,40.0,41.0,46.0,45.0,56.0,50.0,66.0,85.0,97.0,200.0,258.0,248.0,349.0,418.0,374.0,301.0,155.0,179.0,206.0,231.0,252.0,275.0,288.0,275.0,299.0,253.0,267.0,313.0,348.0,310.0,333.0,318.0,262.0,281.0,286.0,257.0,269.0,250.0,234.0,250.0,277.0,298.0,285.0,284.0,234.0,254.0,266.0,228.0,320.0,400.0,527.0,550.0,617.0,686.0,653.0,375.0,369.0,448.0,480.0,372.0,411.0,443.0,513.0,554.0,617.0,660.0,615.0,615.0,549.0,590.0,490.0,433.0,515.0,519.0,542.0,560.0,590.0,526.0,530.0,513.0,424.0,449.0,387.0,315.0,343.0,294.0,252.0,139.0,215.0,284.0,390.0,462.0,538.0,599.0,546.0,455.0,519.0,527.0,579.0,578.0,573.0,566.0,507.0,463.0,383.0,436.0,419.0,366.0,349.0,314.0,355.0,318.0,236.0,231.0,246.0,247.0,273.0,326.0,301.0,268.0,261.0,254.0,293.0,212.0,224.0,245.0,225.0,212.0,231.0,249.0,226.0,197.0,245.0,214.0,227.0,227.0,235.0,226.0,226.0,234.0,181.0,213.0,223.0,184.0,200.0,214.0,272.0,270.0,287.0,240.0,173.0,169.0,191.0,188.0,174.0,144.0,165.0,169.0,175.0,168.0,181.0,169.0,179.0,166.0
Baychester,Bronx,neighborhood,0.0,0.0,0.0,0.0,0.0,0.0,0.0,0.0,0.0,0.0,0.0,0.0,0.0,0.0,0.0,0.0,0.0,0.0,0.0,0.0,0.0,0.0,0.0,1.0,1.0,1.0,1.0,1.0,1.0,1.0,0.0,0.0,0.0,0.0,0.0,0.0,0.0,0.0,0.0,0.0,1.0,0.0,0.0,0.0,0.0,0.0,0.0,0.0,0.0,0.0,0.0,0.0,0.0,0.0,0.0,0.0,0.0,0.0,0.0,0.0,0.0,0.0,0.0,0.0,1.0,0.0,0.0,0.0,0.0,0.0,0.0,0.0,0.0,1.0,1.0,1.0,1.0,0.0,0.0,0.0,0.0,0.0,1.0,1.0,0.0,0.0,1.0,2.0,2.0,2.0,0.0,0.0,0.0,0.0,1.0,1.0,0.0,0.0,0.0,0.0,0.0,0.0,0.0,0.0,0.0,0.0,0.0,0.0,0.0,1.0,1.0,0.0,1.0,1.0,0.0,0.0,0.0,0.0,0.0,2.0,0.0,1.0,1.0,3.0,3.0,4.0,4.0,5.0,3.0,1.0,2.0,2.0,1.0,1.0,1.0,1.0,1.0,2.0,1.0,0.0,0.0,0.0,0.0,0.0,0.0,2.0,1.0,2.0,3.0,0.0,1.0,0.0,0.0,1.0,0.0,3.0,0.0,0.0,1.0,2.0,1.0,0.0,3.0,3.0,1.0,1.0,1.0,0.0,0.0,3.0,5.0,3.0,1.0,0.0,2.0,1.0,0.0,1.0,2.0,0.0,0.0,0.0,1.0,2.0,0.0,0.0,0.0,0.0,0.0,0.0,0.0,0.0,0.0,0.0,1.0,2.0,1.0,1.0,1.0,3.0
Bayside,Queens,neighborhood,12.0,14.0,12.0,10.0,8.0,6.0,4.0,4.0,4.0,4.0,4.0,9.0,6.0,6.0,6.0,10.0,15.0,16.0,18.0,20.0,18.0,20.0,19.0,13.0,14.0,12.0,15.0,14.0,18.0,16.0,21.0,20.0,16.0,12.0,15.0,15.0,9.0,16.0,16.0,18.0,17.0,13.0,17.0,14.0,14.0,11.0,15.0,14.0,17.0,12.0,23.0,23.0,25.0,24.0,29.0,34.0,36.0,39.0,32.0,29.0,35.0,39.0,36.0,30.0,29.0,17.0,24.0,27.0,25.0,22.0,20.0,17.0,25.0,48.0,48.0,49.0,45.0,29.0,27.0,29.0,37.0,39.0,40.0,33.0,33.0,31.0,36.0,35.0,44.0,63.0,87.0,42.0,38.0,38.0,42.0,43.0,36.0,44.0,36.0,30.0,32.0,42.0,47.0,36.0,34.0,29.0,31.0,36.0,48.0,46.0,56.0,42.0,43.0,45.0,48.0,53.0,51.0,53.0,68.0,59.0,50.0,47.0,39.0,33.0,38.0,50.0,48.0,51.0,38.0,54.0,61.0,40.0,47.0,42.0,51.0,40.0,44.0,34.0,38.0,39.0,30.0,46.0,36.0,32.0,40.0,51.0,49.0,45.0,51.0,42.0,35.0,42.0,51.0,39.0,46.0,43.0,56.0,44.0,42.0,40.0,30.0,33.0,55.0,53.0,36.0,34.0,36.0,37.0,48.0,32.0,38.0,44.0,50.0,49.0,61.0,61.0,58.0,59.0,37.0,32.0,45.0,42.0,49.0,41.0,43.0,50.0,39.0,32.0,47.0,45.0,35.0,31.0,33.0,32.0,49.0,42.0,42.0,52.0,43.0,39.0
Bedford Park,Bronx,neighborhood,2.0,3.0,3.0,2.0,1.0,6.0,2.0,0.0,0.0,1.0,1.0,2.0,2.0,1.0,3.0,3.0,5.0,6.0,6.0,6.0,11.0,7.0,5.0,3.0,5.0,4.0,5.0,7.0,8.0,5.0,10.0,12.0,11.0,8.0,9.0,8.0,6.0,5.0,9.0,5.0,2.0,3.0,7.0,9.0,9.0,11.0,7.0,4.0,6.0,4.0,10.0,11.0,5.0,7.0,30.0,41.0,42.0,41.0,70.0,69.0,76.0,84.0,80.0,62.0,49.0,48.0,48.0,39.0,36.0,43.0,27.0,35.0,39.0,41.0,41.0,34.0,26.0,32.0,34.0,47.0,52.0,50.0,33.0,27.0,34.0,43.0,34.0,36.0,47.0,41.0,47.0,22.0,15.0,23.0,20.0,14.0,13.0,18.0,12.0,14.0,16.0,15.0,18.0,16.0,12.0,13.0,15.0,9.0,11.0,12.0,18.0,24.0,26.0,16.0,23.0,23.0,23.0,27.0,22.0,23.0,20.0,18.0,10.0,5.0,8.0,3.0,10.0,16.0,18.0,10.0,11.0,19.0,14.0,14.0,17.0,11.0,11.0,10.0,12.0,11.0,11.0,17.0,15.0,16.0,29.0,20.0,18.0,17.0,30.0,24.0,27.0,22.0,21.0,21.0,31.0,28.0,16.0,13.0,25.0,25.0,28.0,14.0,23.0,18.0,15.0,24.0,19.0,16.0,15.0,12.0,16.0,16.0,20.0,29.0,28.0,21.0,16.0,10.0,9.0,19.0,9.0,6.0,19.0,15.0,15.0,10.0,15.0,11.0,13.0,17.0,16.0,16.0,20.0,14.0,10.0,13.0,8.0,12.0,15.0,15.0
Bedford-Stuyvesant,Brooklyn,neighborhood,126.0,115.0,110.0,116.0,101.0,108.0,101.0,119.0,103.0,125.0,115.0,136.0,165.0,179.0,162.0,165.0,151.0,143.0,159.0,176.0,156.0,169.0,169.0,158.0,183.0,204.0,188.0,208.0,222.0,222.0,240.0,258.0,222.0,207.0,203.0,239.0,256.0,269.0,302.0,353.0,348.0,356.0,409.0,457.0,414.0,505.0,501.0,542.0,601.0,587.0,736.0,801.0,845.0,897.0,1009.0,1176.0,1072.0,1028.0,1165.0,1146.0,1169.0,1207.0,1294.0,1316.0,1495.0,1688.0,1889.0,1891.0,1563.0,1405.0,1189.0,1060.0,1131.0,1141.0,1321.0,1330.0,1490.0,1660.0,1828.0,1956.0,1778.0,1594.0,1625.0,1528.0,1731.0,1679.0,1964.0,1964.0,2311.0,2527.0,2636.0,1686.0,1523.0,1648.0,1659.0,1351.0,1452.0,1413.0,1510.0,1645.0,1832.0,1911.0,2143.0,2130.0,1855.0,2296.0,2030.0,1803.0,1928.0,1741.0,1875.0,1822.0,2012.0,2114.0,2287.0,2135.0,1629.0,1351.0,1208.0,1079.0,1271.0,1212.0,1115.0,936.0,1868.0,2505.0,3227.0,3499.0,3415.0,3143.0,2951.0,2793.0,2656.0,2395.0,2516.0,2511.0,2761.0,2816.0,2797.0,2411.0,1652.0,1640.0,1577.0,1297.0,1241.0,984.0,1201.0,1079.0,1204.0,1353.0,1465.0,1567.0,1496.0,1272.0,1209.0,1055.0,1239.0,1213.0,1341.0,1276.0,1539.0,1695.0,1656.0,1698.0,1438.0,1485.0,1467.0,1253.0,1413.0,1272.0,1317.0,1317.0,1662.0,1901.0,1931.0,1942.0,1766.0,1690.0,1552.0,1347.0,1330.0,1190.0,1390.0,1421.0,1672.0,1782.0,1919.0,1637.0,1442.0,1321.0,1212.0,1051.0,1104.0,1041.0,1310.0,1249.0,1317.0,1638.0,1701.0,1557.0
Bellerose,Queens,neighborhood,1.0,1.0,1.0,1.0,1.0,1.0,1.0,1.0,1.0,0.0,0.0,0.0,0.0,0.0,0.0,0.0,0.0,0.0,0.0,0.0,0.0,0.0,0.0,0.0,0.0,0.0,0.0,0.0,0.0,0.0,0.0,0.0,0.0,0.0,0.0,0.0,0.0,0.0,0.0,0.0,0.0,0.0,0.0,0.0,0.0,2.0,3.0,5.0,5.0,5.0,6.0,6.0,6.0,10.0,8.0,7.0,12.0,10.0,9.0,6.0,11.0,9.0,3.0,5.0,3.0,3.0,3.0,7.0,4.0,8.0,6.0,4.0,8.0,7.0,7.0,6.0,10.0,9.0,7.0,5.0,3.0,7.0,11.0,7.0,7.0,6.0,3.0,1.0,1.0,6.0,8.0,4.0,2.0,4.0,2.0,6.0,9.0,9.0,6.0,2.0,1.0,1.0,1.0,2.0,1.0,2.0,3.0,4.0,4.0,3.0,2.0,3.0,4.0,4.0,7.0,5.0,8.0,5.0,5.0,4.0,3.0,2.0,2.0,2.0,1.0,1.0,2.0,3.0,1.0,1.0,2.0,2.0,2.0,0.0,3.0,5.0,4.0,2.0,1.0,2.0,3.0,1.0,3.0,1.0,0.0,0.0,1.0,4.0,8.0,2.0,0.0,1.0,2.0,8.0,10.0,6.0,7.0,4.0,2.0,5.0,2.0,0.0,4.0,7.0,4.0,4.0,1.0,0.0,1.0,1.0,3.0,3.0,3.0,0.0,3.0,3.0,5.0,2.0,2.0,0.0,0.0,3.0,5.0,4.0,2.0,4.0,6.0,3.0,6.0,3.0,2.0,1.0,1.0,1.0,4.0,0.0,1.0,1.0,1.0,2.0
Belmont,Bronx,neighborhood,1.0,1.0,2.0,2.0,0.0,1.0,1.0,0.0,0.0,0.0,0.0,0.0,0.0,0.0,0.0,0.0,0.0,0.0,1.0,1.0,1.0,1.0,0.0,1.0,1.0,0.0,0.0,0.0,1.0,1.0,1.0,1.0,3.0,33.0,70.0,4.0,6.0,3.0,5.0,3.0,4.0,4.0,21.0,24.0,24.0,24.0,11.0,11.0,10.0,16.0,9.0,3.0,3.0,1.0,4.0,8.0,9.0,16.0,8.0,5.0,12.0,14.0,11.0,8.0,10.0,10.0,11.0,17.0,26.0,26.0,20.0,11.0,11.0,8.0,10.0,18.0,20.0,18.0,19.0,28.0,28.0,24.0,21.0,22.0,23.0,31.0,34.0,33.0,38.0,35.0,50.0,30.0,39.0,33.0,28.0,18.0,22.0,22.0,28.0,22.0,26.0,32.0,44.0,54.0,44.0,35.0,47.0,49.0,36.0,25.0,28.0,32.0,38.0,31.0,47.0,49.0,52.0,45.0,30.0,24.0,20.0,15.0,19.0,20.0,19.0,30.0,33.0,31.0,35.0,16.0,12.0,16.0,21.0,24.0,20.0,22.0,34.0,45.0,31.0,25.0,18.0,13.0,20.0,12.0,14.0,13.0,15.0,15.0,27.0,20.0,27.0,45.0,36.0,36.0,28.0,30.0,25.0,26.0,24.0,21.0,30.0,26.0,12.0,17.0,13.0,14.0,11.0,9.0,16.0,20.0,28.0,32.0,33.0,24.0,27.0,21.0,15.0,18.0,18.0,9.0,21.0,40.0,43.0,32.0,33.0,37.0,36.0,23.0,22.0,26.0,22.0,6.0,12.0,15.0,11.0,11.0,10.0,10.0,10.0,8.0
Bensonhurst,Brooklyn,neighborhood,0.0,0.0,4.0,5.0,4.0,4.0,7.0,8.0,2.0,8.0,11.0,8.0,6.0,7.0,15.0,20.0,18.0,19.0,14.0,14.0,11.0,7.0,8.0,10.0,6.0,6.0,4.0,6.0,10.0,9.0,7.0,14.0,11.0,11.0,5.0,3.0,11.0,18.0,13.0,14.0,16.0,13.0,22.0,12.0,21.0,21.0,19.0,15.0,20.0,26.0,25.0,19.0,23.0,27.0,31.0,36.0,37.0,37.0,33.0,33.0,44.0,38.0,37.0,38.0,48.0,43.0,41.0,40.0,41.0,43.0,50.0,44.0,43.0,33.0,30.0,27.0,39.0,33.0,29.0,41.0,38.0,48.0,54.0,36.0,42.0,49.0,66.0,63.0,72.0,80.0,73.0,27.0,40.0,50.0,49.0,47.0,53.0,47.0,79.0,89.0,99.0,98.0,90.0,118.0,123.0,120.0,110.0,73.0,89.0,68.0,70.0,70.0,67.0,65.0,97.0,100.0,85.0,69.0,68.0,54.0,65.0,65.0,54.0,24.0,55.0,62.0,53.0,91.0,75.0,73.0,86.0,85.0,106.0,102.0,98.0,95.0,109.0,101.0,108.0,103.0,107.0,118.0,94.0,59.0,70.0,75.0,89.0,80.0,77.0,66.0,43.0,52.0,50.0,53.0,59.0,40.0,34.0,27.0,31.0,32.0,30.0,46.0,35.0,33.0,44.0,51.0,43.0,27.0,30.0,33.0,31.0,38.0,37.0,37.0,60.0,56.0,38.0,45.0,32.0,17.0,34.0,31.0,28.0,31.0,45.0,43.0,34.0,26.0,36.0,38.0,32.0,26.0,30.0,38.0,35.0,26.0,35.0,46.0,28.0,26.0
Bergen Beach,Brooklyn,neighborhood,1.0,1.0,1.0,1.0,1.0,1.0,1.0,1.0,1.0,1.0,1.0,0.0,0.0,2.0,1.0,1.0,2.0,1.0,1.0,1.0,1.0,0.0,0.0,0.0,0.0,0.0,1.0,1.0,1.0,1.0,3.0,2.0,2.0,1.0,0.0,0.0,0.0,0.0,2.0,2.0,1.0,2.0,2.0,3.0,4.0,3.0,0.0,0.0,1.0,1.0,1.0,1.0,1.0,2.0,4.0,7.0,13.0,12.0,10.0,9.0,7.0,5.0,4.0,8.0,9.0,7.0,4.0,2.0,3.0,2.0,1.0,2.0,1.0,1.0,5.0,5.0,6.0,5.0,5.0,5.0,2.0,12.0,15.0,11.0,12.0,21.0,24.0,18.0,10.0,6.0,8.0,15.0,10.0,10.0,11.0,10.0,6.0,3.0,6.0,8.0,12.0,10.0,13.0,19.0,16.0,14.0,16.0,13.0,12.0,22.0,13.0,11.0,7.0,6.0,4.0,6.0,11.0,9.0,12.0,12.0,8.0,10.0,8.0,5.0,3.0,4.0,6.0,13.0,7.0,8.0,5.0,5.0,8.0,9.0,4.0,5.0,6.0,6.0,7.0,6.0,10.0,14.0,10.0,5.0,10.0,13.0,8.0,5.0,4.0,5.0,9.0,17.0,21.0,27.0,13.0,12.0,4.0,5.0,16.0,15.0,13.0,17.0,20.0,21.0,12.0,9.0,14.0,9.0,8.0,11.0,13.0,10.0,14.0,7.0,5.0,5.0,10.0,11.0,9.0,8.0,7.0,4.0,2.0,1.0,3.0,2.0,3.0,3.0,6.0,7.0,4.0,6.0,5.0,4.0,5.0,3.0,1.0,6.0,8.0,10.0
Boerum Hill,Brooklyn,neighborhood,41.0,38.0,38.0,28.0,23.0,50.0,53.0,45.0,29.0,24.0,15.0,10.0,19.0,29.0,28.0,31.0,28.0,42.0,41.0,33.0,24.0,19.0,25.0,23.0,24.0,29.0,28.0,29.0,37.0,46.0,36.0,35.0,32.0,34.0,41.0,31.0,22.0,28.0,27.0,50.0,55.0,52.0,71.0,77.0,79.0,83.0,71.0,92.0,103.0,77.0,78.0,109.0,132.0,159.0,147.0,149.0,167.0,136.0,118.0,101.0,126.0,132.0,124.0,118.0,127.0,124.0,152.0,164.0,134.0,124.0,116.0,127.0,135.0,112.0,127.0,130.0,162.0,160.0,157.0,162.0,182.0,164.0,159.0,143.0,169.0,178.0,216.0,225.0,216.0,199.0,212.0,213.0,204.0,205.0,166.0,119.0,129.0,143.0,155.0,163.0,171.0,171.0,172.0,139.0,122.0,114.0,121.0,107.0,107.0,99.0,130.0,134.0,156.0,191.0,167.0,185.0,131.0,121.0,84.0,76.0,86.0,66.0,52.0,66.0,121.0,232.0,300.0,339.0,355.0,359.0,322.0,305.0,283.0,240.0,230.0,206.0,193.0,158.0,140.0,109.0,82.0,88.0,64.0,40.0,58.0,54.0,44.0,51.0,84.0,88.0,112.0,90.0,100.0,90.0,79.0,68.0,84.0,100.0,105.0,105.0,144.0,139.0,149.0,151.0,121.0,115.0,98.0,84.0,90.0,87.0,77.0,89.0,109.0,128.0,154.0,168.0,145.0,120.0,103.0,88.0,88.0,61.0,77.0,89.0,157.0,207.0,248.0,291.0,257.0,229.0,209.0,183.0,205.0,195.0,217.0,224.0,203.0,244.0,213.0,181.0
Borough Park,Brooklyn,neighborhood,5.0,4.0,6.0,5.0,4.0,2.0,2.0,6.0,2.0,7.0,7.0,5.0,5.0,10.0,11.0,9.0,10.0,8.0,9.0,12.0,9.0,9.0,11.0,6.0,6.0,7.0,6.0,6.0,11.0,10.0,13.0,10.0,8.0,8.0,6.0,5.0,3.0,1.0,3.0,4.0,6.0,8.0,8.0,8.0,7.0,8.0,11.0,20.0,18.0,18.0,20.0,16.0,20.0,16.0,21.0,24.0,29.0,35.0,38.0,42.0,32.0,30.0,34.0,36.0,39.0,35.0,36.0,44.0,35.0,40.0,22.0,23.0,32.0,33.0,37.0,25.0,35.0,38.0,36.0,51.0,75.0,56.0,69.0,55.0,70.0,73.0,78.0,60.0,77.0,87.0,89.0,47.0,53.0,67.0,53.0,45.0,38.0,44.0,48.0,69.0,67.0,68.0,79.0,75.0,57.0,83.0,96.0,81.0,88.0,67.0,82.0,82.0,99.0,62.0,82.0,94.0,81.0,55.0,54.0,44.0,48.0,45.0,38.0,27.0,47.0,69.0,77.0,88.0,91.0,80.0,57.0,35.0,60.0,77.0,80.0,77.0,77.0,84.0,78.0,87.0,62.0,81.0,67.0,71.0,73.0,82.0,80.0,85.0,66.0,85.0,79.0,61.0,47.0,47.0,65.0,50.0,33.0,37.0,42.0,43.0,47.0,45.0,61.0,71.0,74.0,36.0,38.0,54.0,46.0,30.0,21.0,21.0,43.0,44.0,53.0,66.0,51.0,45.0,52.0,45.0,49.0,45.0,57.0,42.0,45.0,63.0,84.0,70.0,62.0,52.0,35.0,32.0,29.0,24.0,37.0,43.0,56.0,58.0,51.0,40.0
Briarwood,Queens,neighborhood,7.0,10.0,10.0,7.0,10.0,9.0,8.0,7.0,8.0,5.0,6.0,10.0,8.0,8.0,7.0,8.0,8.0,6.0,6.0,6.0,4.0,2.0,2.0,5.0,4.0,4.0,3.0,2.0,6.0,9.0,7.0,9.0,8.0,9.0,10.0,9.0,11.0,14.0,11.0,12.0,20.0,21.0,17.0,15.0,9.0,13.0,18.0,16.0,26.0,21.0,25.0,30.0,28.0,28.0,25.0,19.0,25.0,27.0,26.0,33.0,35.0,44.0,57.0,46.0,48.0,71.0,71.0,52.0,50.0,64.0,46.0,36.0,34.0,30.0,43.0,52.0,59.0,60.0,62.0,70.0,76.0,87.0,97.0,79.0,84.0,100.0,105.0,98.0,98.0,125.0,138.0,64.0,78.0,50.0,54.0,67.0,70.0,52.0,45.0,50.0,51.0,58.0,68.0,84.0,62.0,68.0,63.0,56.0,68.0,62.0,65.0,63.0,70.0,81.0,85.0,85.0,73.0,70.0,84.0,72.0,103.0,91.0,59.0,30.0,41.0,69.0,88.0,103.0,107.0,125.0,110.0,116.0,146.0,144.0,137.0,108.0,111.0,126.0,113.0,97.0,92.0,100.0,99.0,93.0,115.0,152.0,149.0,100.0,136.0,105.0,84.0,98.0,111.0,95.0,90.0,69.0,99.0,104.0,103.0,102.0,96.0,73.0,98.0,109.0,70.0,62.0,54.0,55.0,66.0,41.0,48.0,43.0,46.0,49.0,52.0,64.0,67.0,66.0,67.0,55.0,52.0,64.0,50.0,59.0,68.0,62.0,60.0,68.0,64.0,58.0,56.0,60.0,55.0,39.0,53.0,50.0,44.0,53.0,68.0,71.0
Brighton Beach,Brooklyn,neighborhood,4.0,4.0,3.0,2.0,1.0,2.0,1.0,3.0,2.0,2.0,1.0,1.0,6.0,10.0,12.0,9.0,13.0,15.0,9.0,8.0,11.0,13.0,6.0,9.0,5.0,6.0,6.0,6.0,16.0,21.0,22.0,21.0,18.0,18.0,22.0,23.0,16.0,18.0,29.0,30.0,47.0,41.0,40.0,48.0,44.0,44.0,44.0,32.0,19.0,39.0,27.0,28.0,29.0,35.0,45.0,55.0,56.0,59.0,56.0,84.0,71.0,58.0,64.0,116.0,112.0,97.0,72.0,79.0,102.0,99.0,106.0,93.0,96.0,80.0,71.0,87.0,74.0,63.0,58.0,70.0,64.0,63.0,68.0,67.0,78.0,59.0,91.0,105.0,144.0,156.0,119.0,47.0,39.0,53.0,42.0,50.0,64.0,67.0,74.0,86.0,119.0,94.0,89.0,116.0,87.0,73.0,69.0,80.0,76.0,80.0,94.0,112.0,75.0,81.0,106.0,101.0,85.0,74.0,75.0,62.0,56.0,60.0,46.0,41.0,49.0,47.0,56.0,78.0,104.0,106.0,89.0,80.0,82.0,76.0,60.0,70.0,62.0,80.0,64.0,73.0,63.0,80.0,57.0,63.0,69.0,70.0,97.0,74.0,81.0,52.0,33.0,33.0,37.0,24.0,26.0,53.0,65.0,54.0,69.0,42.0,51.0,49.0,40.0,54.0,50.0,41.0,41.0,32.0,32.0,33.0,34.0,35.0,41.0,40.0,52.0,54.0,45.0,41.0,43.0,28.0,36.0,47.0,52.0,48.0,48.0,39.0,32.0,43.0,44.0,25.0,30.0,46.0,36.0,40.0,42.0,40.0,39.0,39.0,55.0,55.0
Bronx,Bronx,borough,172.0,191.0,192.0,158.0,139.0,120.0,112.0,116.0,83.0,92.0,95.0,101.0,118.0,107.0,121.0,129.0,163.0,172.0,176.0,209.0,219.0,227.0,200.0,185.0,186.0,190.0,213.0,215.0,218.0,230.0,252.0,255.0,254.0,297.0,331.0,229.0,221.0,209.0,211.0,232.0,231.0,235.0,258.0,254.0,234.0,231.0,256.0,260.0,271.0,290.0,305.0,284.0,292.0,342.0,458.0,537.0,544.0,493.0,558.0,600.0,642.0,673.0,716.0,693.0,638.0,706.0,775.0,682.0,657.0,751.0,721.0,749.0,777.0,706.0,703.0,656.0,671.0,702.0,708.0,854.0,883.0,886.0,899.0,816.0,919.0,940.0,951.0,921.0,969.0,1006.0,953.0,693.0,709.0,794.0,757.0,657.0,683.0,678.0,696.0,698.0,793.0,826.0,924.0,1054.0,916.0,1114.0,1054.0,976.0,1053.0,1001.0,1036.0,996.0,1121.0,1002.0,1081.0,1027.0,962.0,865.0,818.0,702.0,695.0,629.0,553.0,398.0,549.0,662.0,761.0,811.0,797.0,781.0,761.0,798.0,859.0,807.0,823.0,805.0,776.0,895.0,937.0,995.0,864.0,862.0,875.0,765.0,803.0,859.0,1003.0,797.0,907.0,902.0,945.0,974.0,888.0,939.0,963.0,928.0,955.0,943.0,1045.0,892.0,983.0,893.0,885.0,1056.0,934.0,968.0,903.0,826.0,917.0,908.0,956.0,911.0,972.0,1026.0,1134.0,1102.0,1036.0,1052.0,1010.0,935.0,1034.0,975.0,1092.0,1134.0,1104.0,1046.0,1025.0,1024.0,1207.0,1328.0,997.0,902.0,912.0,932.0,955.0,894.0,977.0,1004.0,1096.0,1119.0
Bronxwood,Bronx,neighborhood,0.0,0.0,0.0,0.0,0.0,0.0,1.0,1.0,1.0,0.0,0.0,0.0,0.0,1.0,1.0,1.0,5.0,4.0,0.0,1.0,1.0,1.0,4.0,4.0,2.0,3.0,2.0,1.0,7.0,7.0,9.0,7.0,5.0,6.0,6.0,1.0,1.0,1.0,2.0,2.0,2.0,2.0,2.0,3.0,2.0,3.0,6.0,3.0,7.0,5.0,6.0,5.0,5.0,4.0,3.0,9.0,8.0,3.0,4.0,10.0,7.0,8.0,6.0,4.0,6.0,5.0,6.0,7.0,7.0,7.0,5.0,8.0,6.0,4.0,4.0,3.0,2.0,3.0,1.0,5.0,12.0,16.0,15.0,18.0,27.0,32.0,24.0,24.0,17.0,23.0,20.0,14.0,10.0,18.0,18.0,18.0,15.0,27.0,27.0,21.0,14.0,18.0,21.0,28.0,22.0,17.0,20.0,26.0,25.0,26.0,13.0,11.0,23.0,21.0,18.0,23.0,18.0,11.0,18.0,24.0,31.0,21.0,4.0,2.0,2.0,3.0,8.0,11.0,11.0,10.0,12.0,12.0,13.0,9.0,17.0,10.0,13.0,16.0,16.0,11.0,13.0,11.0,9.0,12.0,18.0,37.0,50.0,23.0,19.0,25.0,18.0,24.0,18.0,20.0,14.0,18.0,22.0,16.0,18.0,13.0,21.0,12.0,19.0,21.0,15.0,11.0,9.0,6.0,15.0,7.0,5.0,5.0,14.0,7.0,3.0,5.0,4.0,11.0,11.0,2.0,4.0,9.0,8.0,8.0,8.0,6.0,4.0,3.0,4.0,6.0,5.0,5.0,7.0,9.0,12.0,12.0,8.0,7.0,12.0,8.0
Brooklyn,Brooklyn,borough,1753.0,1713.0,1777.0,1775.0,1617.0,1577.0,1512.0,1527.0,1271.0,1346.0,1456.0,1396.0,1602.0,1752.0,1847.0,1785.0,1927.0,1998.0,2099.0,1960.0,1725.0,1696.0,1704.0,1780.0,1854.0,1967.0,2027.0,2053.0,2288.0,2513.0,2579.0,2548.0,2444.0,2495.0,2400.0,2387.0,2661.0,2631.0,2621.0,2935.0,3164.0,3283.0,3975.0,4396.0,4241.0,4885.0,4866.0,5153.0,5698.0,5606.0,5909.0,6158.0,6650.0,7236.0,8298.0,8896.0,8561.0,8430.0,8512.0,8533.0,9146.0,9208.0,9581.0,9899.0,10589.0,11979.0,13063.0,13189.0,11348.0,10296.0,8964.0,8209.0,8784.0,8542.0,9396.0,9814.0,11295.0,12121.0,12829.0,13638.0,12637.0,11481.0,11422.0,10565.0,12296.0,12260.0,14364.0,14495.0,16793.0,18363.0,18185.0,13151.0,12450.0,12929.0,12153.0,10599.0,11570.0,11273.0,12266.0,13206.0,15350.0,16164.0,17552.0,18049.0,15070.0,17231.0,15959.0,14762.0,15907.0,14233.0,14678.0,13831.0,14986.0,14628.0,15037.0,14292.0,11705.0,10037.0,8849.0,7885.0,8946.0,8525.0,7793.0,6781.0,12425.0,17658.0,22332.0,25106.0,25152.0,23507.0,21285.0,19786.0,19743.0,17718.0,18895.0,18734.0,18678.0,18238.0,17041.0,15087.0,10649.0,10959.0,10101.0,8896.0,8964.0,8287.0,9586.0,8581.0,9206.0,9928.0,10730.0,11105.0,10120.0,9237.0,9430.0,8327.0,9249.0,8826.0,9928.0,9001.0,10666.0,11661.0,12075.0,12465.0,10678.0,10710.0,10413.0,9002.0,9701.0,9373.0,10011.0,9700.0,11993.0,12851.0,14628.0,14741.0,13421.0,12018.0,10670.0,9628.0,10344.0,9457.0,10288.0,10597.0,12499.0,13196.0,14438.0,14244.0,13188.0,11793.0,10127.0,9551.0,9632.0,9143.0,10726.0,10713.0,11927.0,13436.0,14129.0,12843.0
Brooklyn Heights,Brooklyn,neighborhood,94.0,106.0,115.0,108.0,117.0,94.0,75.0,77.0,79.0,73.0,64.0,58.0,60.0,56.0,68.0,67.0,84.0,102.0,122.0,110.0,91.0,80.0,88.0,98.0,111.0,109.0,122.0,123.0,130.0,138.0,115.0,91.0,91.0,93.0,86.0,77.0,115.0,116.0,110.0,122.0,157.0,144.0,168.0,165.0,162.0,196.0,186.0,197.0,205.0,194.0,216.0,212.0,224.0,273.0,297.0,296.0,281.0,232.0,231.0,257.0,270.0,248.0,257.0,268.0,279.0,283.0,273.0,273.0,238.0,256.0,225.0,198.0,218.0,200.0,199.0,199.0,266.0,308.0,360.0,344.0,333.0,289.0,286.0,273.0,298.0,304.0,335.0,378.0,402.0,484.0,436.0,336.0,274.0,298.0,244.0,221.0,234.0,228.0,245.0,279.0,272.0,279.0,254.0,232.0,198.0,203.0,219.0,186.0,224.0,210.0,253.0,248.0,303.0,310.0,417.0,304.0,290.0,257.0,210.0,179.0,207.0,202.0,182.0,124.0,261.0,412.0,527.0,598.0,588.0,537.0,497.0,420.0,379.0,352.0,402.0,367.0,361.0,301.0,262.0,213.0,157.0,148.0,120.0,99.0,99.0,111.0,137.0,149.0,173.0,190.0,184.0,236.0,191.0,171.0,173.0,149.0,160.0,155.0,163.0,157.0,180.0,223.0,198.0,204.0,191.0,199.0,185.0,169.0,164.0,150.0,162.0,160.0,188.0,203.0,238.0,189.0,149.0,147.0,121.0,117.0,153.0,125.0,133.0,146.0,197.0,206.0,205.0,185.0,155.0,156.0,132.0,103.0,127.0,119.0,135.0,130.0,149.0,158.0,173.0,145.0
Brookville,Queens,neighborhood,2.0,1.0,1.0,0.0,0.0,0.0,0.0,0.0,0.0,0.0,0.0,0.0,0.0,0.0,0.0,0.0,0.0,0.0,0.0,0.0,0.0,0.0,0.0,0.0,0.0,0.0,0.0,0.0,0.0,1.0,1.0,0.0,0.0,0.0,0.0,0.0,0.0,0.0,0.0,0.0,0.0,0.0,0.0,0.0,0.0,0.0,0.0,0.0,0.0,0.0,0.0,0.0,0.0,0.0,0.0,0.0,0.0,0.0,1.0,0.0,0.0,0.0,0.0,0.0,0.0,1.0,1.0,0.0,0.0,0.0,0.0,0.0,1.0,0.0,0.0,0.0,0.0,0.0,1.0,1.0,2.0,2.0,1.0,1.0,1.0,0.0,0.0,2.0,2.0,1.0,1.0,0.0,0.0,0.0,1.0,1.0,1.0,1.0,0.0,1.0,0.0,2.0,2.0,3.0,1.0,1.0,2.0,1.0,2.0,2.0,0.0,1.0,1.0,1.0,0.0,0.0,0.0,0.0,0.0,2.0,2.0,3.0,0.0,1.0,1.0,1.0,0.0,0.0,1.0,1.0,1.0,1.0,0.0,1.0,0.0,1.0,1.0,6.0,2.0,3.0,4.0,3.0,2.0,3.0,0.0,0.0,1.0,1.0,1.0,0.0,0.0,0.0,1.0,1.0,3.0,1.0,4.0,6.0,5.0,2.0,1.0,1.0,3.0,2.0,4.0,4.0,1.0,0.0,2.0,2.0,4.0,2.0,2.0,4.0,4.0,2.0,4.0,5.0,2.0,0.0,3.0,0.0,0.0,1.0,1.0,0.0,2.0,2.0,3.0,0.0,1.0,2.0,3.0,3.0,1.0,0.0,3.0,3.0,1.0,1.0
Brownsville,Brooklyn,neighborhood,3.0,1.0,2.0,1.0,0.0,0.0,1.0,1.0,1.0,0.0,0.0,2.0,4.0,4.0,3.0,1.0,1.0,1.0,2.0,2.0,2.0,3.0,4.0,4.0,4.0,2.0,4.0,3.0,7.0,8.0,7.0,4.0,2.0,1.0,1.0,2.0,8.0,14.0,10.0,11.0,10.0,10.0,9.0,8.0,13.0,11.0,10.0,7.0,12.0,14.0,13.0,15.0,14.0,16.0,17.0,16.0,11.0,11.0,17.0,15.0,22.0,30.0,32.0,36.0,54.0,46.0,35.0,41.0,45.0,50.0,46.0,41.0,46.0,35.0,42.0,40.0,34.0,36.0,43.0,51.0,53.0,48.0,48.0,41.0,37.0,40.0,63.0,47.0,65.0,78.0,63.0,33.0,32.0,36.0,44.0,40.0,47.0,43.0,31.0,49.0,54.0,45.0,39.0,32.0,29.0,48.0,72.0,67.0,53.0,41.0,54.0,63.0,77.0,58.0,44.0,51.0,44.0,35.0,40.0,39.0,27.0,29.0,31.0,21.0,24.0,21.0,39.0,51.0,37.0,34.0,37.0,36.0,41.0,37.0,44.0,46.0,57.0,63.0,81.0,86.0,56.0,85.0,75.0,58.0,79.0,50.0,77.0,61.0,81.0,56.0,60.0,77.0,75.0,63.0,61.0,64.0,86.0,75.0,79.0,57.0,64.0,66.0,58.0,66.0,51.0,57.0,55.0,54.0,44.0,44.0,54.0,45.0,42.0,35.0,37.0,44.0,43.0,46.0,44.0,52.0,39.0,39.0,65.0,41.0,35.0,47.0,61.0,52.0,52.0,54.0,39.0,38.0,39.0,37.0,28.0,29.0,44.0,43.0,46.0,49.0
Bushwick,Brooklyn,neighborhood,13.0,12.0,20.0,51.0,40.0,18.0,21.0,17.0,23.0,19.0,22.0,53.0,74.0,98.0,117.0,80.0,81.0,44.0,42.0,45.0,25.0,27.0,38.0,30.0,35.0,50.0,64.0,76.0,80.0,102.0,108.0,86.0,75.0,64.0,56.0,57.0,76.0,99.0,103.0,94.0,99.0,122.0,150.0,208.0,189.0,254.0,275.0,269.0,282.0,316.0,360.0,416.0,489.0,549.0,637.0,622.0,584.0,501.0,508.0,493.0,586.0,608.0,661.0,799.0,884.0,1224.0,1576.0,1519.0,1086.0,863.0,687.0,619.0,607.0,687.0,756.0,831.0,1172.0,1295.0,1430.0,1522.0,1338.0,1114.0,1030.0,943.0,997.0,970.0,1201.0,1289.0,1673.0,2047.0,2064.0,1461.0,1347.0,1181.0,1200.0,992.0,1136.0,1001.0,1135.0,1229.0,1702.0,1984.0,2341.0,2701.0,2092.0,2502.0,2425.0,2378.0,2398.0,1969.0,1752.0,1512.0,1759.0,1746.0,1932.0,1776.0,1403.0,1109.0,884.0,754.0,857.0,871.0,836.0,764.0,1580.0,2263.0,2873.0,3283.0,3301.0,2873.0,2756.0,2658.0,2730.0,2470.0,2746.0,2852.0,3133.0,3160.0,2913.0,2414.0,1570.0,1496.0,1382.0,1246.0,1199.0,1108.0,1460.0,1290.0,1130.0,1295.0,1428.0,1453.0,1277.0,1187.0,1236.0,1005.0,1064.0,1049.0,1150.0,1081.0,1430.0,1637.0,1722.0,1681.0,1394.0,1334.0,1339.0,1158.0,1301.0,1280.0,1402.0,1346.0,1513.0,1637.0,2125.0,2045.0,1775.0,1538.0,1295.0,1196.0,1187.0,1029.0,1167.0,1365.0,1601.0,1685.0,1729.0,1780.0,1475.0,1258.0,1045.0,1045.0,961.0,951.0,1148.0,1194.0,1466.0,1735.0,1845.0,1439.0
Cambria Heights,Queens,neighborhood,0.0,0.0,0.0,0.0,0.0,0.0,0.0,0.0,0.0,0.0,0.0,0.0,0.0,0.0,0.0,0.0,0.0,0.0,0.0,0.0,0.0,0.0,0.0,0.0,0.0,0.0,0.0,0.0,0.0,0.0,0.0,0.0,0.0,0.0,0.0,0.0,0.0,0.0,0.0,0.0,0.0,0.0,0.0,0.0,0.0,0.0,0.0,0.0,0.0,0.0,0.0,0.0,0.0,0.0,0.0,0.0,0.0,0.0,0.0,0.0,0.0,0.0,0.0,2.0,0.0,0.0,0.0,0.0,0.0,0.0,0.0,0.0,1.0,2.0,0.0,0.0,2.0,2.0,1.0,1.0,1.0,1.0,1.0,1.0,1.0,0.0,2.0,2.0,1.0,1.0,2.0,1.0,0.0,1.0,1.0,1.0,1.0,1.0,1.0,0.0,0.0,0.0,0.0,0.0,0.0,0.0,1.0,0.0,1.0,1.0,1.0,1.0,1.0,0.0,0.0,0.0,0.0,0.0,0.0,1.0,0.0,1.0,0.0,0.0,1.0,1.0,1.0,0.0,0.0,0.0,0.0,0.0,0.0,0.0,1.0,1.0,1.0,0.0,2.0,1.0,0.0,1.0,2.0,1.0,0.0,1.0,1.0,0.0,0.0,1.0,0.0,1.0,2.0,3.0,2.0,2.0,3.0,3.0,3.0,0.0,2.0,0.0,0.0,0.0,0.0,1.0,0.0,0.0,4.0,2.0,0.0,0.0,0.0,2.0,1.0,0.0,0.0,0.0,2.0,2.0,2.0,4.0,5.0,1.0,1.0,0.0,0.0,1.0,1.0,1.0,1.0,2.0,2.0,1.0,1.0,0.0,1.0,3.0,0.0,0.0
Canarsie,Brooklyn,neighborhood,2.0,4.0,4.0,3.0,0.0,0.0,0.0,0.0,0.0,2.0,7.0,5.0,7.0,9.0,7.0,10.0,11.0,11.0,14.0,10.0,7.0,7.0,8.0,7.0,4.0,2.0,2.0,3.0,3.0,4.0,2.0,2.0,4.0,2.0,2.0,4.0,8.0,3.0,6.0,8.0,8.0,8.0,10.0,9.0,12.0,9.0,6.0,7.0,5.0,4.0,7.0,9.0,10.0,11.0,17.0,13.0,13.0,16.0,15.0,20.0,18.0,20.0,23.0,19.0,21.0,25.0,23.0,22.0,27.0,25.0,24.0,26.0,19.0,17.0,13.0,13.0,18.0,16.0,17.0,17.0,25.0,28.0,32.0,21.0,23.0,23.0,31.0,20.0,31.0,36.0,34.0,22.0,25.0,27.0,29.0,18.0,31.0,35.0,41.0,35.0,37.0,34.0,29.0,45.0,36.0,32.0,33.0,28.0,33.0,42.0,38.0,23.0,31.0,30.0,34.0,42.0,32.0,30.0,23.0,25.0,38.0,32.0,19.0,11.0,8.0,14.0,21.0,20.0,29.0,20.0,23.0,27.0,30.0,25.0,23.0,23.0,27.0,24.0,33.0,29.0,28.0,37.0,35.0,35.0,39.0,39.0,57.0,52.0,51.0,31.0,32.0,46.0,49.0,41.0,58.0,46.0,38.0,28.0,49.0,38.0,43.0,52.0,44.0,42.0,30.0,39.0,35.0,33.0,37.0,56.0,49.0,33.0,33.0,23.0,23.0,22.0,28.0,37.0,43.0,28.0,40.0,27.0,50.0,39.0,32.0,29.0,22.0,28.0,23.0,28.0,29.0,25.0,23.0,30.0,33.0,26.0,26.0,25.0,36.0,47.0
Carroll Gardens,Brooklyn,neighborhood,77.0,74.0,63.0,57.0,58.0,51.0,43.0,36.0,24.0,27.0,36.0,29.0,34.0,29.0,32.0,35.0,56.0,53.0,48.0,49.0,55.0,39.0,33.0,40.0,49.0,43.0,55.0,58.0,71.0,77.0,70.0,70.0,52.0,62.0,57.0,49.0,47.0,39.0,37.0,44.0,64.0,82.0,91.0,68.0,68.0,74.0,74.0,75.0,78.0,107.0,125.0,122.0,131.0,166.0,162.0,184.0,255.0,224.0,175.0,179.0,185.0,199.0,210.0,218.0,195.0,195.0,230.0,224.0,194.0,180.0,177.0,165.0,162.0,172.0,191.0,183.0,185.0,244.0,274.0,257.0,239.0,222.0,216.0,186.0,192.0,196.0,238.0,238.0,293.0,312.0,285.0,216.0,189.0,229.0,175.0,149.0,170.0,209.0,211.0,185.0,227.0,210.0,234.0,207.0,186.0,179.0,129.0,104.0,148.0,163.0,171.0,157.0,168.0,183.0,189.0,187.0,151.0,134.0,126.0,104.0,94.0,98.0,107.0,94.0,168.0,248.0,374.0,444.0,418.0,424.0,356.0,301.0,295.0,255.0,243.0,229.0,202.0,191.0,164.0,151.0,119.0,82.0,67.0,65.0,68.0,68.0,71.0,84.0,105.0,119.0,109.0,120.0,96.0,105.0,103.0,82.0,84.0,78.0,115.0,106.0,102.0,143.0,139.0,131.0,127.0,126.0,110.0,86.0,105.0,100.0,99.0,113.0,122.0,143.0,145.0,161.0,148.0,131.0,104.0,85.0,107.0,98.0,92.0,122.0,139.0,115.0,116.0,125.0,129.0,112.0,96.0,89.0,89.0,87.0,108.0,117.0,152.0,193.0,149.0,146.0
Castle Hill,Bronx,neighborhood,0.0,0.0,0.0,0.0,0.0,0.0,0.0,0.0,1.0,1.0,1.0,0.0,0.0,0.0,0.0,0.0,1.0,1.0,1.0,0.0,0.0,0.0,0.0,0.0,1.0,1.0,1.0,0.0,0.0,0.0,0.0,3.0,3.0,1.0,1.0,1.0,0.0,1.0,1.0,1.0,0.0,0.0,0.0,0.0,0.0,0.0,0.0,0.0,0.0,0.0,0.0,0.0,0.0,0.0,1.0,1.0,0.0,0.0,1.0,26.0,20.0,8.0,4.0,3.0,3.0,4.0,5.0,8.0,10.0,13.0,8.0,9.0,15.0,12.0,10.0,13.0,11.0,6.0,10.0,44.0,50.0,56.0,43.0,43.0,31.0,23.0,20.0,28.0,19.0,18.0,18.0,20.0,20.0,22.0,23.0,19.0,14.0,4.0,9.0,8.0,12.0,12.0,11.0,24.0,23.0,13.0,7.0,6.0,6.0,3.0,16.0,14.0,13.0,3.0,8.0,2.0,3.0,1.0,1.0,1.0,2.0,3.0,3.0,0.0,2.0,3.0,5.0,4.0,2.0,2.0,2.0,1.0,2.0,3.0,6.0,4.0,7.0,8.0,3.0,6.0,8.0,4.0,6.0,4.0,10.0,8.0,4.0,3.0,2.0,6.0,16.0,4.0,8.0,5.0,3.0,3.0,5.0,3.0,2.0,3.0,2.0,4.0,3.0,3.0,0.0,1.0,1.0,1.0,5.0,3.0,2.0,3.0,1.0,3.0,5.0,5.0,5.0,3.0,6.0,3.0,2.0,4.0,1.0,2.0,0.0,2.0,2.0,0.0,2.0,2.0,2.0,4.0,1.0,2.0,5.0,0.0,3.0,5.0,2.0,2.0
Central Harlem,Manhattan,neighborhood,419.0,386.0,333.0,307.0,278.0,320.0,300.0,302.0,247.0,272.0,252.0,228.0,240.0,243.0,290.0,316.0,311.0,293.0,300.0,292.0,304.0,303.0,288.0,268.0,341.0,339.0,360.0,346.0,427.0,455.0,471.0,478.0,429.0,488.0,461.0,489.0,496.0,493.0,444.0,563.0,655.0,689.0,637.0,545.0,501.0,594.0,580.0,559.0,628.0,590.0,624.0,628.0,727.0,699.0,789.0,831.0,740.0,696.0,690.0,688.0,724.0,749.0,789.0,788.0,787.0,883.0,919.0,844.0,813.0,791.0,817.0,776.0,815.0,806.0,837.0,827.0,988.0,1111.0,1116.0,1158.0,1066.0,1021.0,1042.0,918.0,981.0,969.0,1081.0,1006.0,1140.0,1269.0,1244.0,859.0,731.0,742.0,665.0,587.0,654.0,679.0,731.0,793.0,918.0,1017.0,1028.0,998.0,887.0,923.0,857.0,760.0,848.0,836.0,888.0,948.0,977.0,992.0,992.0,884.0,766.0,699.0,633.0,540.0,641.0,591.0,541.0,413.0,748.0,1127.0,1458.0,1708.0,1657.0,1666.0,1388.0,1343.0,1374.0,1248.0,1268.0,1262.0,1274.0,1270.0,1223.0,1150.0,913.0,833.0,726.0,591.0,581.0,525.0,552.0,562.0,611.0,669.0,762.0,779.0,726.0,730.0,689.0,599.0,630.0,553.0,687.0,638.0,770.0,745.0,740.0,841.0,764.0,841.0,782.0,670.0,705.0,703.0,656.0,710.0,837.0,862.0,882.0,852.0,778.0,718.0,648.0,602.0,629.0,575.0,656.0,662.0,795.0,780.0,817.0,779.0,667.0,676.0,666.0,595.0,599.0,570.0,654.0,632.0,704.0,758.0,713.0,662.0
Central Park South,Manhattan,neighborhood,113.0,101.0,111.0,98.0,92.0,107.0,96.0,92.0,69.0,75.0,69.0,73.0,66.0,69.0,77.0,74.0,74.0,72.0,66.0,74.0,81.0,83.0,77.0,79.0,91.0,94.0,108.0,90.0,79.0,93.0,92.0,97.0,78.0,86.0,98.0,97.0,100.0,95.0,109.0,99.0,98.0,101.0,119.0,102.0,103.0,110.0,107.0,100.0,94.0,105.0,87.0,96.0,104.0,119.0,116.0,111.0,106.0,114.0,96.0,104.0,131.0,121.0,111.0,113.0,101.0,105.0,116.0,108.0,107.0,117.0,113.0,101.0,100.0,113.0,119.0,110.0,118.0,113.0,98.0,99.0,93.0,105.0,112.0,110.0,113.0,108.0,121.0,117.0,110.0,119.0,106.0,73.0,83.0,101.0,90.0,79.0,80.0,76.0,84.0,75.0,83.0,92.0,70.0,76.0,69.0,75.0,69.0,66.0,64.0,68.0,71.0,76.0,91.0,91.0,94.0,82.0,81.0,75.0,77.0,84.0,86.0,87.0,77.0,58.0,75.0,93.0,125.0,132.0,128.0,119.0,113.0,113.0,118.0,116.0,125.0,129.0,126.0,106.0,88.0,74.0,61.0,48.0,44.0,34.0,36.0,43.0,39.0,46.0,44.0,53.0,45.0,50.0,57.0,61.0,61.0,61.0,67.0,67.0,80.0,70.0,67.0,70.0,68.0,62.0,66.0,66.0,62.0,62.0,64.0,60.0,59.0,57.0,46.0,48.0,57.0,50.0,40.0,38.0,40.0,41.0,54.0,49.0,48.0,47.0,48.0,50.0,46.0,47.0,49.0,45.0,50.0,53.0,58.0,55.0,50.0,49.0,54.0,55.0,58.0,49.0
Chelsea,Manhattan,neighborhood,611.0,651.0,669.0,656.0,588.0,599.0,619.0,563.0,464.0,495.0,439.0,392.0,427.0,417.0,471.0,413.0,455.0,457.0,462.0,522.0,475.0,465.0,434.0,403.0,432.0,426.0,496.0,533.0,596.0,640.0,613.0,558.0,523.0,497.0,467.0,479.0,564.0,569.0,712.0,819.0,734.0,665.0,681.0,658.0,651.0,662.0,609.0,670.0,735.0,715.0,800.0,821.0,834.0,863.0,924.0,874.0,851.0,850.0,783.0,834.0,871.0,841.0,890.0,926.0,947.0,993.0,992.0,923.0,865.0,891.0,817.0,786.0,802.0,849.0,938.0,887.0,894.0,996.0,1096.0,1109.0,1051.0,998.0,962.0,917.0,1014.0,990.0,1054.0,995.0,1125.0,1195.0,1171.0,1028.0,1007.0,960.0,907.0,829.0,876.0,798.0,863.0,902.0,968.0,1010.0,1029.0,981.0,790.0,797.0,718.0,604.0,693.0,707.0,808.0,914.0,1040.0,1048.0,927.0,892.0,771.0,757.0,664.0,632.0,731.0,672.0,635.0,673.0,1083.0,1584.0,2005.0,2156.0,2110.0,1987.0,1820.0,1615.0,1568.0,1412.0,1412.0,1235.0,1040.0,866.0,664.0,550.0,411.0,412.0,392.0,323.0,408.0,429.0,537.0,543.0,642.0,704.0,701.0,716.0,685.0,635.0,639.0,565.0,631.0,637.0,733.0,792.0,911.0,929.0,982.0,930.0,855.0,796.0,731.0,619.0,694.0,679.0,696.0,795.0,878.0,919.0,955.0,878.0,757.0,713.0,577.0,553.0,575.0,541.0,659.0,792.0,891.0,874.0,964.0,852.0,786.0,738.0,633.0,596.0,632.0,598.0,714.0,736.0,763.0,837.0,837.0,760.0
Chinatown,Manhattan,neighborhood,19.0,17.0,16.0,16.0,21.0,25.0,30.0,26.0,36.0,32.0,42.0,36.0,41.0,32.0,29.0,28.0,27.0,26.0,35.0,30.0,21.0,18.0,19.0,18.0,17.0,21.0,28.0,30.0,39.0,39.0,40.0,31.0,23.0,25.0,28.0,33.0,30.0,30.0,41.0,39.0,41.0,47.0,44.0,36.0,27.0,39.0,40.0,47.0,49.0,43.0,56.0,43.0,56.0,55.0,69.0,72.0,63.0,63.0,53.0,60.0,70.0,61.0,68.0,56.0,57.0,63.0,83.0,81.0,50.0,57.0,55.0,41.0,44.0,44.0,57.0,73.0,84.0,73.0,75.0,93.0,78.0,66.0,60.0,70.0,69.0,83.0,109.0,103.0,103.0,95.0,83.0,89.0,76.0,74.0,76.0,65.0,63.0,67.0,67.0,80.0,81.0,62.0,75.0,76.0,64.0,66.0,57.0,56.0,64.0,80.0,81.0,89.0,101.0,84.0,111.0,87.0,95.0,65.0,63.0,46.0,47.0,59.0,54.0,33.0,65.0,115.0,164.0,208.0,228.0,218.0,184.0,150.0,134.0,134.0,138.0,145.0,114.0,117.0,110.0,84.0,63.0,49.0,54.0,46.0,42.0,41.0,40.0,53.0,48.0,47.0,49.0,60.0,74.0,52.0,35.0,42.0,52.0,50.0,60.0,62.0,66.0,81.0,70.0,81.0,69.0,67.0,62.0,44.0,43.0,42.0,45.0,53.0,63.0,65.0,78.0,71.0,73.0,80.0,81.0,66.0,61.0,38.0,44.0,58.0,61.0,56.0,56.0,59.0,41.0,54.0,45.0,31.0,30.0,22.0,36.0,41.0,41.0,53.0,49.0,39.0
City Island,Bronx,neighborhood,0.0,0.0,0.0,0.0,0.0,0.0,0.0,0.0,0.0,0.0,0.0,0.0,0.0,0.0,0.0,0.0,0.0,0.0,0.0,0.0,0.0,0.0,0.0,0.0,0.0,0.0,0.0,0.0,0.0,0.0,0.0,0.0,1.0,1.0,1.0,1.0,1.0,1.0,1.0,1.0,1.0,0.0,0.0,1.0,1.0,0.0,0.0,0.0,0.0,1.0,2.0,1.0,0.0,0.0,0.0,1.0,1.0,1.0,2.0,1.0,2.0,1.0,1.0,1.0,1.0,0.0,0.0,0.0,0.0,1.0,1.0,1.0,3.0,2.0,3.0,2.0,2.0,1.0,1.0,1.0,0.0,2.0,2.0,2.0,2.0,1.0,1.0,1.0,1.0,2.0,2.0,1.0,0.0,0.0,0.0,0.0,0.0,1.0,1.0,0.0,0.0,0.0,1.0,1.0,1.0,1.0,1.0,2.0,3.0,1.0,1.0,2.0,3.0,1.0,3.0,1.0,0.0,1.0,0.0,1.0,1.0,1.0,1.0,1.0,0.0,1.0,1.0,0.0,1.0,1.0,0.0,0.0,0.0,0.0,0.0,0.0,0.0,0.0,0.0,0.0,2.0,4.0,5.0,2.0,0.0,2.0,5.0,2.0,0.0,0.0,0.0,0.0,0.0,0.0,2.0,3.0,0.0,0.0,0.0,1.0,2.0,1.0,1.0,2.0,1.0,1.0,2.0,1.0,2.0,2.0,1.0,0.0,0.0,0.0,0.0,1.0,2.0,2.0,2.0,1.0,1.0,1.0,0.0,1.0,1.0,1.0,0.0,2.0,1.0,1.0,2.0,2.0,4.0,4.0,3.0,2.0,2.0,1.0,2.0,1.0
Civic Center,Manhattan,neighborhood,0.0,0.0,0.0,0.0,1.0,1.0,1.0,1.0,1.0,0.0,0.0,1.0,1.0,1.0,1.0,1.0,1.0,1.0,1.0,0.0,0.0,0.0,0.0,0.0,0.0,0.0,2.0,2.0,2.0,1.0,1.0,1.0,1.0,1.0,0.0,0.0,0.0,0.0,0.0,0.0,1.0,1.0,2.0,1.0,1.0,2.0,1.0,1.0,2.0,2.0,2.0,1.0,1.0,1.0,0.0,0.0,0.0,1.0,2.0,2.0,2.0,1.0,0.0,0.0,0.0,0.0,1.0,1.0,1.0,0.0,0.0,0.0,0.0,0.0,0.0,0.0,0.0,0.0,1.0,1.0,1.0,1.0,1.0,1.0,1.0,0.0,0.0,0.0,2.0,8.0,3.0,3.0,5.0,2.0,1.0,2.0,1.0,1.0,1.0,1.0,6.0,0.0,0.0,0.0,0.0,0.0,0.0,0.0,0.0,0.0,0.0,5.0,5.0,1.0,0.0,2.0,1.0,2.0,1.0,1.0,1.0,1.0,0.0,0.0,0.0,1.0,2.0,1.0,1.0,1.0,1.0,0.0,0.0,0.0,0.0,0.0,0.0,0.0,1.0,0.0,0.0,1.0,1.0,0.0,0.0,0.0,0.0,0.0,0.0,0.0,0.0,0.0,1.0,1.0,0.0,0.0,1.0,0.0,2.0,0.0,0.0,0.0,0.0,0.0,0.0,1.0,1.0,1.0,0.0,0.0,0.0,0.0,0.0,0.0,0.0,0.0,0.0,0.0,0.0,0.0,0.0,2.0,1.0,0.0,0.0,0.0,0.0,0.0,0.0,0.0,0.0,0.0,0.0,0.0,0.0,0.0,0.0,0.0,1.0,1.0
Clearview,Queens,neighborhood,4.0,4.0,4.0,3.0,2.0,1.0,1.0,1.0,1.0,1.0,1.0,2.0,2.0,1.0,2.0,3.0,5.0,5.0,4.0,3.0,1.0,1.0,2.0,1.0,1.0,0.0,0.0,1.0,1.0,0.0,0.0,0.0,0.0,0.0,0.0,0.0,0.0,0.0,0.0,0.0,1.0,0.0,0.0,0.0,1.0,1.0,1.0,1.0,0.0,0.0,1.0,3.0,1.0,2.0,3.0,4.0,2.0,2.0,2.0,1.0,1.0,1.0,1.0,0.0,1.0,1.0,1.0,1.0,0.0,0.0,0.0,0.0,3.0,2.0,2.0,0.0,1.0,3.0,3.0,2.0,1.0,2.0,3.0,2.0,2.0,2.0,2.0,1.0,3.0,7.0,7.0,0.0,1.0,2.0,4.0,1.0,2.0,1.0,1.0,0.0,0.0,0.0,1.0,1.0,1.0,0.0,1.0,2.0,1.0,5.0,5.0,9.0,3.0,2.0,2.0,2.0,8.0,7.0,3.0,1.0,3.0,4.0,2.0,4.0,7.0,10.0,9.0,6.0,9.0,7.0,11.0,6.0,4.0,3.0,3.0,0.0,0.0,1.0,0.0,0.0,3.0,1.0,4.0,4.0,4.0,2.0,3.0,2.0,2.0,2.0,3.0,6.0,5.0,8.0,12.0,4.0,8.0,3.0,6.0,3.0,7.0,5.0,4.0,3.0,4.0,3.0,1.0,3.0,2.0,4.0,2.0,2.0,2.0,2.0,3.0,5.0,9.0,5.0,3.0,3.0,4.0,6.0,7.0,10.0,9.0,9.0,2.0,1.0,1.0,6.0,6.0,3.0,0.0,0.0,0.0,0.0,2.0,5.0,3.0,0.0
Clinton Hill,Brooklyn,neighborhood,58.0,64.0,88.0,87.0,75.0,66.0,66.0,86.0,86.0,80.0,129.0,148.0,141.0,127.0,126.0,124.0,145.0,141.0,149.0,150.0,94.0,86.0,106.0,105.0,84.0,78.0,76.0,91.0,94.0,148.0,154.0,138.0,132.0,101.0,94.0,92.0,90.0,106.0,124.0,136.0,147.0,144.0,160.0,221.0,201.0,230.0,207.0,198.0,182.0,183.0,192.0,204.0,227.0,276.0,362.0,358.0,324.0,342.0,306.0,334.0,351.0,311.0,297.0,275.0,283.0,382.0,376.0,405.0,373.0,315.0,280.0,270.0,311.0,267.0,253.0,263.0,293.0,326.0,378.0,381.0,329.0,306.0,358.0,358.0,402.0,380.0,395.0,381.0,411.0,425.0,440.0,367.0,379.0,375.0,334.0,286.0,300.0,287.0,304.0,325.0,335.0,341.0,367.0,402.0,299.0,367.0,344.0,318.0,319.0,360.0,385.0,327.0,350.0,343.0,333.0,336.0,283.0,225.0,202.0,160.0,183.0,171.0,178.0,173.0,301.0,441.0,572.0,664.0,693.0,592.0,525.0,514.0,458.0,405.0,419.0,369.0,373.0,410.0,342.0,279.0,157.0,159.0,107.0,113.0,116.0,127.0,146.0,129.0,150.0,199.0,190.0,262.0,213.0,227.0,196.0,216.0,240.0,236.0,303.0,272.0,314.0,298.0,298.0,326.0,288.0,315.0,288.0,253.0,255.0,215.0,224.0,251.0,299.0,338.0,360.0,337.0,307.0,306.0,241.0,210.0,217.0,219.0,234.0,258.0,255.0,290.0,380.0,381.0,347.0,302.0,238.0,209.0,182.0,162.0,184.0,173.0,237.0,297.0,306.0,296.0
Co-op City,Bronx,neighborhood,0.0,0.0,0.0,0.0,0.0,0.0,0.0,0.0,0.0,0.0,0.0,0.0,0.0,0.0,0.0,0.0,0.0,0.0,0.0,0.0,0.0,0.0,0.0,0.0,0.0,0.0,0.0,0.0,0.0,0.0,0.0,0.0,0.0,0.0,1.0,1.0,1.0,1.0,0.0,0.0,0.0,0.0,0.0,0.0,0.0,0.0,7.0,8.0,8.0,8.0,0.0,0.0,0.0,0.0,0.0,0.0,0.0,0.0,0.0,0.0,0.0,0.0,0.0,2.0,2.0,1.0,0.0,0.0,0.0,0.0,0.0,0.0,0.0,0.0,0.0,0.0,0.0,0.0,0.0,0.0,0.0,0.0,0.0,0.0,0.0,0.0,0.0,0.0,0.0,0.0,0.0,0.0,0.0,0.0,0.0,0.0,1.0,1.0,0.0,0.0,0.0,0.0,0.0,0.0,0.0,0.0,0.0,0.0,0.0,0.0,0.0,0.0,0.0,0.0,0.0,0.0,0.0,0.0,0.0,0.0,0.0,0.0,0.0,0.0,0.0,0.0,0.0,0.0,0.0,0.0,0.0,0.0,0.0,0.0,0.0,0.0,0.0,0.0,0.0,0.0,0.0,1.0,2.0,2.0,3.0,1.0,0.0,0.0,0.0,0.0,0.0,0.0,0.0,0.0,1.0,2.0,1.0,0.0,0.0,0.0,0.0,0.0,1.0,1.0,1.0,0.0,0.0,0.0,0.0,0.0,0.0,0.0,0.0,0.0,0.0,0.0,0.0,1.0,0.0,0.0,0.0,0.0,0.0,1.0,1.0,0.0,0.0,0.0,0.0,0.0,0.0,0.0,0.0,0.0,0.0,0.0,0.0,0.0,0.0,0.0
Cobble Hill,Brooklyn,neighborhood,30.0,27.0,29.0,30.0,32.0,40.0,36.0,29.0,23.0,26.0,19.0,10.0,18.0,23.0,22.0,18.0,29.0,43.0,45.0,24.0,19.0,31.0,32.0,26.0,34.0,24.0,32.0,39.0,46.0,52.0,43.0,40.0,42.0,35.0,32.0,32.0,45.0,31.0,33.0,51.0,47.0,53.0,76.0,78.0,71.0,66.0,57.0,58.0,69.0,73.0,64.0,67.0,77.0,92.0,105.0,125.0,141.0,128.0,114.0,114.0,111.0,104.0,107.0,102.0,112.0,119.0,121.0,132.0,118.0,132.0,113.0,103.0,128.0,97.0,100.0,117.0,133.0,137.0,131.0,135.0,125.0,123.0,106.0,112.0,131.0,127.0,154.0,153.0,166.0,162.0,186.0,142.0,131.0,127.0,105.0,89.0,123.0,124.0,130.0,143.0,155.0,146.0,149.0,135.0,121.0,110.0,99.0,98.0,110.0,89.0,95.0,122.0,118.0,120.0,102.0,94.0,100.0,89.0,65.0,72.0,72.0,68.0,76.0,60.0,135.0,211.0,229.0,252.0,258.0,276.0,249.0,186.0,185.0,183.0,192.0,173.0,148.0,143.0,118.0,79.0,68.0,53.0,41.0,33.0,27.0,44.0,46.0,51.0,66.0,91.0,97.0,94.0,82.0,87.0,81.0,55.0,61.0,57.0,73.0,82.0,92.0,110.0,94.0,96.0,78.0,69.0,57.0,54.0,58.0,59.0,62.0,66.0,76.0,67.0,74.0,98.0,89.0,73.0,70.0,51.0,51.0,69.0,69.0,62.0,74.0,80.0,88.0,98.0,74.0,55.0,43.0,44.0,38.0,41.0,61.0,57.0,71.0,90.0,80.0,73.0
College Point,Queens,neighborhood,5.0,3.0,3.0,2.0,0.0,0.0,0.0,0.0,0.0,0.0,0.0,0.0,0.0,1.0,1.0,1.0,1.0,2.0,2.0,2.0,1.0,2.0,2.0,2.0,3.0,5.0,1.0,2.0,6.0,5.0,5.0,6.0,2.0,1.0,1.0,1.0,1.0,2.0,4.0,4.0,0.0,0.0,1.0,1.0,6.0,4.0,2.0,2.0,2.0,2.0,4.0,6.0,8.0,7.0,3.0,3.0,3.0,1.0,2.0,3.0,2.0,0.0,2.0,5.0,4.0,3.0,3.0,3.0,0.0,9.0,5.0,3.0,2.0,3.0,5.0,4.0,7.0,9.0,5.0,9.0,9.0,9.0,9.0,11.0,11.0,9.0,5.0,8.0,9.0,24.0,28.0,10.0,7.0,9.0,5.0,1.0,3.0,5.0,8.0,11.0,9.0,9.0,9.0,8.0,9.0,9.0,15.0,10.0,9.0,2.0,8.0,6.0,4.0,8.0,8.0,7.0,4.0,5.0,6.0,7.0,6.0,3.0,1.0,1.0,3.0,4.0,6.0,8.0,3.0,7.0,3.0,1.0,7.0,9.0,5.0,5.0,8.0,7.0,5.0,6.0,7.0,7.0,8.0,5.0,6.0,10.0,7.0,10.0,9.0,12.0,18.0,22.0,19.0,12.0,12.0,15.0,20.0,13.0,9.0,6.0,12.0,12.0,20.0,12.0,10.0,7.0,10.0,10.0,16.0,13.0,10.0,15.0,13.0,8.0,8.0,5.0,7.0,9.0,14.0,13.0,15.0,19.0,14.0,11.0,12.0,9.0,6.0,5.0,8.0,5.0,4.0,9.0,9.0,7.0,7.0,9.0,11.0,10.0,5.0,9.0
Columbia St Waterfront District,Brooklyn,neighborhood,13.0,10.0,9.0,9.0,12.0,15.0,13.0,16.0,12.0,10.0,12.0,10.0,15.0,14.0,32.0,30.0,23.0,7.0,17.0,17.0,7.0,16.0,10.0,10.0,18.0,24.0,18.0,10.0,15.0,29.0,30.0,27.0,14.0,16.0,20.0,14.0,15.0,14.0,20.0,29.0,30.0,24.0,38.0,38.0,39.0,38.0,31.0,32.0,41.0,34.0,46.0,51.0,37.0,46.0,38.0,37.0,25.0,25.0,36.0,40.0,48.0,56.0,52.0,53.0,61.0,69.0,57.0,68.0,56.0,49.0,39.0,33.0,44.0,54.0,47.0,62.0,64.0,67.0,65.0,72.0,52.0,53.0,50.0,46.0,58.0,60.0,62.0,55.0,61.0,65.0,67.0,73.0,91.0,66.0,47.0,29.0,34.0,34.0,30.0,46.0,51.0,41.0,32.0,49.0,53.0,56.0,54.0,42.0,74.0,47.0,66.0,68.0,58.0,45.0,32.0,36.0,27.0,32.0,20.0,22.0,19.0,23.0,27.0,23.0,43.0,65.0,95.0,80.0,84.0,74.0,67.0,58.0,56.0,42.0,46.0,47.0,37.0,46.0,37.0,31.0,36.0,20.0,26.0,23.0,22.0,21.0,10.0,17.0,21.0,18.0,15.0,21.0,23.0,25.0,20.0,18.0,16.0,9.0,16.0,10.0,21.0,26.0,29.0,24.0,18.0,18.0,13.0,14.0,17.0,20.0,20.0,24.0,24.0,24.0,25.0,24.0,27.0,26.0,18.0,13.0,14.0,20.0,16.0,16.0,28.0,22.0,31.0,21.0,21.0,20.0,18.0,17.0,18.0,21.0,21.0,14.0,16.0,20.0,19.0,24.0
Concourse,Bronx,neighborhood,8.0,9.0,7.0,10.0,6.0,7.0,7.0,6.0,7.0,12.0,8.0,9.0,11.0,7.0,10.0,7.0,8.0,12.0,6.0,11.0,17.0,14.0,12.0,12.0,14.0,16.0,12.0,14.0,15.0,24.0,27.0,23.0,25.0,24.0,23.0,19.0,23.0,12.0,15.0,17.0,16.0,14.0,10.0,11.0,13.0,14.0,11.0,17.0,19.0,18.0,19.0,20.0,19.0,22.0,25.0,33.0,42.0,38.0,31.0,20.0,22.0,16.0,20.0,27.0,30.0,48.0,62.0,60.0,39.0,38.0,43.0,53.0,43.0,23.0,37.0,44.0,44.0,39.0,42.0,46.0,57.0,53.0,58.0,61.0,58.0,57.0,54.0,40.0,57.0,61.0,55.0,48.0,46.0,34.0,46.0,39.0,35.0,39.0,30.0,38.0,44.0,41.0,42.0,50.0,62.0,90.0,78.0,65.0,84.0,103.0,90.0,100.0,105.0,97.0,77.0,56.0,59.0,69.0,73.0,59.0,47.0,41.0,50.0,23.0,36.0,64.0,77.0,57.0,50.0,58.0,60.0,66.0,84.0,86.0,88.0,97.0,91.0,73.0,63.0,72.0,66.0,60.0,76.0,63.0,64.0,60.0,73.0,70.0,59.0,67.0,49.0,69.0,52.0,61.0,73.0,66.0,87.0,103.0,92.0,71.0,55.0,44.0,34.0,48.0,44.0,57.0,37.0,25.0,36.0,62.0,47.0,43.0,51.0,51.0,62.0,47.0,62.0,63.0,66.0,58.0,63.0,74.0,68.0,75.0,67.0,63.0,55.0,48.0,46.0,45.0,41.0,43.0,53.0,43.0,56.0,55.0,49.0,69.0,59.0,57.0
Coney Island,Brooklyn,neighborhood,5.0,2.0,2.0,0.0,0.0,0.0,0.0,0.0,0.0,0.0,0.0,0.0,0.0,1.0,0.0,0.0,0.0,0.0,0.0,0.0,0.0,0.0,0.0,2.0,4.0,7.0,5.0,4.0,6.0,5.0,4.0,10.0,12.0,24.0,21.0,9.0,14.0,15.0,17.0,17.0,18.0,19.0,26.0,20.0,18.0,26.0,30.0,25.0,12.0,14.0,15.0,19.0,11.0,7.0,11.0,9.0,15.0,15.0,14.0,19.0,29.0,24.0,34.0,28.0,35.0,40.0,42.0,50.0,80.0,55.0,30.0,32.0,50.0,38.0,31.0,28.0,35.0,28.0,29.0,27.0,33.0,38.0,33.0,27.0,34.0,35.0,39.0,31.0,34.0,34.0,38.0,21.0,30.0,34.0,26.0,25.0,22.0,24.0,42.0,40.0,36.0,35.0,37.0,32.0,26.0,27.0,18.0,22.0,22.0,16.0,30.0,21.0,23.0,22.0,22.0,20.0,23.0,25.0,29.0,43.0,52.0,43.0,42.0,40.0,42.0,60.0,56.0,54.0,71.0,68.0,73.0,62.0,76.0,79.0,79.0,68.0,84.0,89.0,79.0,75.0,58.0,53.0,60.0,69.0,63.0,59.0,51.0,36.0,37.0,33.0,28.0,24.0,27.0,38.0,36.0,41.0,42.0,35.0,32.0,36.0,26.0,25.0,43.0,37.0,33.0,33.0,28.0,38.0,54.0,32.0,41.0,31.0,42.0,57.0,43.0,47.0,81.0,67.0,50.0,61.0,106.0,103.0,105.0,112.0,117.0,108.0,121.0,119.0,142.0,100.0,100.0,90.0,88.0,101.0,103.0,95.0,80.0,89.0,102.0,87.0
Corona,Queens,neighborhood,29.0,28.0,27.0,27.0,149.0,149.0,150.0,150.0,151.0,150.0,150.0,153.0,153.0,154.0,5.0,6.0,5.0,5.0,4.0,5.0,31.0,31.0,30.0,3.0,2.0,2.0,4.0,3.0,2.0,1.0,7.0,5.0,4.0,3.0,2.0,1.0,3.0,1.0,2.0,1.0,1.0,2.0,2.0,1.0,2.0,1.0,2.0,1.0,3.0,2.0,2.0,68.0,202.0,36.0,35.0,35.0,26.0,18.0,12.0,18.0,24.0,25.0,10.0,28.0,39.0,46.0,41.0,32.0,58.0,48.0,62.0,55.0,40.0,40.0,68.0,57.0,37.0,63.0,67.0,58.0,59.0,57.0,63.0,58.0,62.0,64.0,70.0,83.0,73.0,92.0,72.0,69.0,49.0,65.0,58.0,56.0,69.0,84.0,62.0,43.0,33.0,28.0,20.0,18.0,21.0,33.0,34.0,32.0,29.0,27.0,27.0,45.0,51.0,28.0,23.0,25.0,37.0,52.0,45.0,42.0,54.0,54.0,61.0,48.0,47.0,57.0,62.0,58.0,37.0,60.0,61.0,58.0,63.0,51.0,44.0,69.0,53.0,63.0,54.0,51.0,47.0,9.0,40.0,22.0,49.0,61.0,65.0,44.0,35.0,25.0,18.0,20.0,25.0,25.0,25.0,31.0,44.0,30.0,23.0,20.0,13.0,15.0,22.0,32.0,23.0,12.0,19.0,19.0,23.0,10.0,12.0,17.0,15.0,16.0,16.0,15.0,15.0,19.0,13.0,8.0,12.0,12.0,14.0,11.0,16.0,17.0,20.0,23.0,23.0,21.0,29.0,32.0,38.0,38.0,39.0,22.0,22.0,18.0,26.0,28.0
Country Club,Bronx,neighborhood,0.0,0.0,0.0,0.0,0.0,0.0,0.0,0.0,0.0,0.0,0.0,0.0,0.0,0.0,0.0,0.0,0.0,0.0,0.0,0.0,0.0,1.0,1.0,1.0,0.0,0.0,0.0,0.0,1.0,1.0,1.0,0.0,0.0,0.0,0.0,2.0,1.0,2.0,1.0,1.0,1.0,0.0,0.0,0.0,0.0,0.0,2.0,2.0,2.0,2.0,1.0,1.0,0.0,1.0,1.0,0.0,0.0,0.0,0.0,0.0,0.0,0.0,0.0,0.0,0.0,0.0,0.0,0.0,0.0,5.0,8.0,2.0,0.0,1.0,1.0,1.0,3.0,2.0,2.0,2.0,0.0,0.0,0.0,0.0,0.0,0.0,0.0,1.0,1.0,2.0,3.0,1.0,2.0,2.0,1.0,1.0,0.0,0.0,0.0,0.0,2.0,3.0,2.0,2.0,2.0,4.0,1.0,1.0,4.0,2.0,2.0,2.0,2.0,3.0,1.0,0.0,1.0,3.0,1.0,0.0,4.0,6.0,2.0,1.0,3.0,1.0,0.0,0.0,1.0,1.0,2.0,3.0,2.0,0.0,2.0,4.0,5.0,2.0,1.0,4.0,3.0,4.0,3.0,2.0,3.0,5.0,9.0,7.0,3.0,6.0,5.0,4.0,5.0,4.0,3.0,4.0,1.0,1.0,3.0,2.0,2.0,4.0,2.0,1.0,0.0,1.0,1.0,2.0,0.0,2.0,2.0,2.0,1.0,0.0,0.0,0.0,1.0,2.0,2.0,2.0,4.0,4.0,2.0,4.0,3.0,3.0,1.0,4.0,2.0,6.0,6.0,9.0,4.0,2.0,1.0,6.0,7.0,8.0,2.0,5.0
Crotona Park East,Bronx,neighborhood,1.0,1.0,0.0,0.0,1.0,1.0,0.0,0.0,0.0,0.0,0.0,0.0,0.0,0.0,0.0,0.0,0.0,0.0,1.0,1.0,1.0,1.0,0.0,0.0,0.0,0.0,0.0,0.0,0.0,0.0,0.0,0.0,0.0,0.0,1.0,1.0,0.0,1.0,1.0,1.0,0.0,0.0,0.0,0.0,1.0,1.0,1.0,1.0,1.0,4.0,1.0,0.0,0.0,1.0,1.0,0.0,0.0,0.0,0.0,1.0,0.0,1.0,1.0,0.0,1.0,1.0,1.0,1.0,1.0,3.0,6.0,4.0,5.0,5.0,8.0,11.0,2.0,2.0,2.0,0.0,0.0,8.0,5.0,1.0,3.0,2.0,3.0,2.0,2.0,2.0,1.0,0.0,1.0,3.0,8.0,6.0,4.0,4.0,3.0,2.0,1.0,5.0,6.0,7.0,6.0,4.0,6.0,6.0,11.0,10.0,13.0,7.0,12.0,11.0,5.0,14.0,10.0,4.0,7.0,4.0,14.0,14.0,17.0,9.0,7.0,14.0,9.0,10.0,9.0,9.0,6.0,5.0,3.0,4.0,4.0,5.0,6.0,4.0,10.0,15.0,7.0,9.0,12.0,22.0,11.0,9.0,15.0,12.0,17.0,17.0,15.0,20.0,15.0,17.0,35.0,31.0,13.0,13.0,7.0,7.0,6.0,11.0,6.0,8.0,9.0,10.0,6.0,9.0,4.0,8.0,14.0,9.0,9.0,4.0,4.0,5.0,10.0,9.0,14.0,12.0,9.0,7.0,5.0,5.0,2.0,4.0,4.0,0.0,1.0,5.0,8.0,5.0,3.0,10.0,11.0,14.0,6.0,4.0,5.0,4.0
Crown Heights,Brooklyn,neighborhood,82.0,75.0,74.0,80.0,79.0,62.0,58.0,70.0,60.0,44.0,75.0,81.0,113.0,121.0,105.0,94.0,96.0,104.0,126.0,104.0,118.0,98.0,110.0,119.0,137.0,120.0,133.0,124.0,125.0,122.0,142.0,132.0,99.0,116.0,128.0,131.0,149.0,151.0,142.0,150.0,153.0,157.0,194.0,219.0,221.0,294.0,301.0,324.0,356.0,379.0,445.0,433.0,493.0,546.0,700.0,755.0,677.0,718.0,765.0,811.0,840.0,877.0,872.0,894.0,987.0,1177.0,1233.0,1286.0,1078.0,885.0,749.0,686.0,694.0,672.0,697.0,772.0,858.0,998.0,1110.0,1257.0,1096.0,986.0,960.0,840.0,948.0,934.0,1203.0,1300.0,1602.0,1796.0,1783.0,1130.0,1108.0,1182.0,1205.0,1123.0,1079.0,978.0,1022.0,1201.0,1507.0,1552.0,1501.0,1442.0,1174.0,1350.0,1397.0,1351.0,1289.0,1320.0,1409.0,1308.0,1422.0,1547.0,1477.0,1444.0,1206.0,873.0,819.0,814.0,927.0,817.0,732.0,646.0,1136.0,1681.0,1939.0,2250.0,2341.0,2175.0,1938.0,1820.0,1869.0,1598.0,1675.0,1779.0,1849.0,1906.0,1843.0,1698.0,1131.0,1204.0,1079.0,994.0,924.0,732.0,848.0,733.0,863.0,932.0,1004.0,1092.0,988.0,857.0,886.0,756.0,903.0,864.0,903.0,821.0,939.0,959.0,977.0,1038.0,932.0,970.0,953.0,772.0,782.0,767.0,848.0,735.0,986.0,1069.0,1166.0,1155.0,1093.0,1090.0,1004.0,986.0,1072.0,952.0,985.0,871.0,999.0,1104.0,1152.0,1179.0,1125.0,997.0,799.0,770.0,764.0,768.0,932.0,893.0,1095.0,1161.0,1170.0,1037.0
DUMBO,Brooklyn,neighborhood,39.0,49.0,66.0,74.0,85.0,70.0,47.0,43.0,39.0,42.0,39.0,37.0,36.0,43.0,52.0,58.0,54.0,62.0,71.0,68.0,56.0,54.0,48.0,37.0,61.0,72.0,77.0,97.0,99.0,101.0,82.0,80.0,61.0,52.0,45.0,36.0,35.0,43.0,54.0,74.0,92.0,93.0,105.0,138.0,104.0,78.0,73.0,69.0,91.0,96.0,99.0,105.0,106.0,104.0,113.0,111.0,98.0,98.0,105.0,87.0,105.0,87.0,96.0,99.0,89.0,122.0,108.0,126.0,129.0,118.0,86.0,81.0,97.0,92.0,105.0,105.0,104.0,116.0,131.0,135.0,121.0,104.0,92.0,108.0,121.0,119.0,128.0,140.0,141.0,154.0,136.0,126.0,105.0,112.0,90.0,87.0,88.0,87.0,84.0,72.0,79.0,98.0,106.0,94.0,72.0,71.0,69.0,69.0,80.0,71.0,95.0,115.0,114.0,115.0,106.0,85.0,77.0,64.0,59.0,50.0,87.0,76.0,70.0,64.0,118.0,184.0,224.0,269.0,244.0,211.0,195.0,184.0,163.0,158.0,156.0,140.0,111.0,116.0,88.0,55.0,49.0,48.0,46.0,24.0,52.0,59.0,81.0,87.0,110.0,110.0,112.0,127.0,118.0,117.0,122.0,92.0,114.0,85.0,97.0,98.0,98.0,115.0,118.0,114.0,117.0,111.0,100.0,89.0,103.0,88.0,89.0,112.0,162.0,211.0,267.0,287.0,272.0,270.0,245.0,204.0,271.0,223.0,232.0,196.0,230.0,229.0,228.0,308.0,317.0,269.0,190.0,153.0,132.0,129.0,145.0,193.0,183.0,179.0,231.0,210.0
Ditmas Park,Brooklyn,neighborhood,11.0,10.0,14.0,11.0,6.0,8.0,11.0,9.0,8.0,9.0,12.0,9.0,11.0,18.0,19.0,16.0,17.0,26.0,24.0,20.0,22.0,29.0,27.0,21.0,20.0,25.0,22.0,19.0,11.0,24.0,26.0,27.0,27.0,31.0,35.0,23.0,34.0,26.0,26.0,19.0,23.0,26.0,31.0,34.0,22.0,25.0,51.0,43.0,57.0,48.0,47.0,56.0,78.0,88.0,95.0,100.0,99.0,127.0,131.0,128.0,163.0,169.0,181.0,175.0,168.0,168.0,193.0,208.0,159.0,152.0,139.0,123.0,115.0,131.0,162.0,150.0,131.0,138.0,139.0,135.0,112.0,131.0,146.0,143.0,182.0,181.0,226.0,224.0,273.0,266.0,278.0,154.0,139.0,171.0,162.0,142.0,145.0,153.0,159.0,152.0,217.0,179.0,265.0,218.0,185.0,228.0,244.0,245.0,245.0,239.0,287.0,221.0,283.0,212.0,184.0,206.0,221.0,201.0,186.0,173.0,173.0,157.0,124.0,94.0,162.0,235.0,291.0,337.0,330.0,286.0,288.0,254.0,266.0,233.0,259.0,233.0,257.0,256.0,260.0,230.0,178.0,197.0,181.0,150.0,131.0,143.0,128.0,98.0,129.0,119.0,124.0,107.0,108.0,110.0,135.0,125.0,137.0,132.0,155.0,125.0,111.0,107.0,138.0,115.0,73.0,100.0,115.0,101.0,105.0,104.0,110.0,96.0,135.0,133.0,133.0,140.0,132.0,130.0,123.0,122.0,122.0,92.0,100.0,85.0,110.0,117.0,108.0,96.0,81.0,87.0,83.0,90.0,83.0,99.0,96.0,81.0,101.0,103.0,101.0,93.0
Douglaston,Queens,neighborhood,4.0,4.0,4.0,3.0,1.0,1.0,1.0,1.0,1.0,1.0,1.0,3.0,3.0,2.0,2.0,3.0,5.0,4.0,2.0,2.0,2.0,1.0,3.0,1.0,1.0,0.0,1.0,3.0,2.0,1.0,4.0,6.0,4.0,5.0,6.0,6.0,6.0,4.0,4.0,3.0,2.0,3.0,7.0,8.0,11.0,13.0,9.0,10.0,8.0,7.0,4.0,4.0,5.0,3.0,2.0,2.0,2.0,2.0,4.0,9.0,6.0,7.0,6.0,2.0,1.0,2.0,6.0,2.0,2.0,2.0,2.0,1.0,5.0,5.0,7.0,10.0,5.0,4.0,2.0,5.0,4.0,6.0,6.0,5.0,6.0,3.0,2.0,6.0,9.0,9.0,13.0,4.0,4.0,4.0,4.0,5.0,1.0,1.0,2.0,2.0,2.0,1.0,1.0,3.0,5.0,8.0,7.0,9.0,6.0,6.0,5.0,2.0,3.0,2.0,2.0,4.0,2.0,2.0,4.0,3.0,5.0,9.0,9.0,9.0,7.0,6.0,6.0,6.0,4.0,4.0,4.0,4.0,3.0,2.0,4.0,4.0,3.0,6.0,3.0,2.0,5.0,3.0,2.0,3.0,2.0,2.0,4.0,2.0,1.0,2.0,1.0,4.0,5.0,3.0,1.0,4.0,7.0,3.0,3.0,3.0,4.0,2.0,3.0,8.0,10.0,8.0,10.0,6.0,2.0,3.0,2.0,1.0,1.0,2.0,4.0,6.0,2.0,3.0,4.0,5.0,4.0,6.0,8.0,8.0,11.0,12.0,12.0,9.0,6.0,5.0,5.0,1.0,2.0,3.0,6.0,5.0,4.0,2.0,7.0,7.0
Downtown Brooklyn,Brooklyn,neighborhood,148.0,143.0,143.0,142.0,100.0,86.0,98.0,104.0,106.0,101.0,113.0,69.0,76.0,76.0,87.0,89.0,105.0,103.0,116.0,121.0,114.0,101.0,101.0,70.0,99.0,113.0,129.0,107.0,136.0,144.0,124.0,130.0,141.0,130.0,148.0,182.0,155.0,148.0,132.0,109.0,130.0,122.0,137.0,156.0,184.0,196.0,182.0,199.0,206.0,223.0,224.0,238.0,237.0,262.0,258.0,318.0,311.0,290.0,254.0,246.0,267.0,247.0,258.0,268.0,283.0,271.0,266.0,296.0,337.0,346.0,333.0,351.0,434.0,378.0,398.0,471.0,489.0,494.0,409.0,483.0,475.0,470.0,451.0,403.0,400.0,368.0,388.0,371.0,421.0,502.0,482.0,432.0,429.0,486.0,444.0,448.0,505.0,363.0,489.0,419.0,437.0,401.0,452.0,425.0,355.0,393.0,382.0,345.0,380.0,397.0,388.0,415.0,414.0,415.0,405.0,366.0,346.0,345.0,306.0,270.0,313.0,269.0,236.0,269.0,421.0,588.0,724.0,752.0,753.0,745.0,642.0,556.0,635.0,588.0,624.0,565.0,559.0,514.0,398.0,369.0,349.0,340.0,381.0,371.0,364.0,345.0,368.0,373.0,348.0,380.0,366.0,328.0,309.0,321.0,319.0,332.0,381.0,376.0,406.0,370.0,369.0,429.0,434.0,449.0,380.0,389.0,343.0,315.0,384.0,336.0,371.0,371.0,448.0,437.0,514.0,580.0,573.0,515.0,466.0,424.0,476.0,416.0,433.0,479.0,513.0,575.0,674.0,761.0,746.0,718.0,664.0,654.0,650.0,607.0,684.0,680.0,755.0,826.0,977.0,896.0
Dyker Heights,Brooklyn,neighborhood,5.0,4.0,6.0,7.0,10.0,6.0,6.0,9.0,7.0,10.0,10.0,9.0,10.0,11.0,13.0,18.0,17.0,15.0,13.0,14.0,14.0,15.0,13.0,10.0,14.0,11.0,8.0,9.0,9.0,6.0,6.0,3.0,5.0,3.0,3.0,4.0,5.0,11.0,11.0,12.0,12.0,10.0,4.0,7.0,8.0,9.0,16.0,10.0,10.0,23.0,20.0,15.0,12.0,22.0,28.0,25.0,26.0,30.0,38.0,35.0,35.0,24.0,26.0,31.0,39.0,47.0,41.0,44.0,36.0,33.0,41.0,29.0,21.0,25.0,26.0,40.0,46.0,34.0,47.0,55.0,43.0,43.0,45.0,50.0,65.0,64.0,81.0,71.0,65.0,63.0,71.0,30.0,37.0,34.0,44.0,29.0,33.0,37.0,59.0,57.0,59.0,69.0,66.0,67.0,63.0,59.0,55.0,47.0,65.0,69.0,55.0,54.0,70.0,60.0,45.0,65.0,57.0,52.0,46.0,36.0,33.0,32.0,20.0,11.0,25.0,32.0,42.0,46.0,57.0,63.0,55.0,61.0,62.0,62.0,77.0,71.0,65.0,79.0,68.0,44.0,37.0,63.0,53.0,39.0,49.0,40.0,43.0,47.0,46.0,41.0,39.0,31.0,37.0,49.0,29.0,23.0,35.0,26.0,30.0,28.0,22.0,24.0,32.0,31.0,26.0,29.0,25.0,19.0,22.0,22.0,27.0,23.0,19.0,34.0,30.0,27.0,29.0,29.0,27.0,21.0,31.0,30.0,34.0,26.0,27.0,18.0,21.0,16.0,24.0,26.0,22.0,18.0,17.0,15.0,12.0,19.0,15.0,20.0,17.0,13.0
East Elmhurst,Queens,neighborhood,1.0,1.0,1.0,1.0,1.0,1.0,1.0,1.0,1.0,0.0,0.0,0.0,0.0,0.0,0.0,0.0,0.0,0.0,0.0,0.0,1.0,1.0,1.0,1.0,1.0,1.0,1.0,1.0,0.0,0.0,0.0,0.0,0.0,0.0,0.0,0.0,0.0,0.0,0.0,0.0,0.0,0.0,1.0,1.0,3.0,3.0,4.0,1.0,1.0,2.0,3.0,11.0,9.0,4.0,3.0,5.0,1.0,1.0,4.0,4.0,3.0,4.0,3.0,3.0,3.0,5.0,4.0,1.0,1.0,1.0,2.0,4.0,1.0,4.0,3.0,2.0,1.0,1.0,2.0,1.0,2.0,2.0,2.0,0.0,0.0,3.0,4.0,8.0,10.0,10.0,9.0,3.0,4.0,2.0,5.0,2.0,4.0,7.0,4.0,4.0,3.0,3.0,2.0,11.0,6.0,8.0,7.0,11.0,8.0,5.0,6.0,6.0,6.0,5.0,5.0,5.0,7.0,3.0,8.0,8.0,7.0,10.0,8.0,3.0,11.0,15.0,17.0,14.0,5.0,9.0,7.0,4.0,3.0,3.0,3.0,6.0,7.0,1.0,2.0,5.0,8.0,10.0,10.0,8.0,11.0,10.0,12.0,9.0,5.0,6.0,1.0,1.0,5.0,3.0,8.0,11.0,14.0,9.0,8.0,9.0,17.0,14.0,4.0,6.0,8.0,10.0,6.0,3.0,8.0,9.0,10.0,17.0,10.0,8.0,9.0,7.0,5.0,7.0,8.0,11.0,13.0,10.0,9.0,8.0,6.0,3.0,5.0,3.0,5.0,8.0,4.0,3.0,3.0,4.0,8.0,6.0,4.0,6.0,9.0,6.0
East Flatbush,Brooklyn,neighborhood,18.0,14.0,18.0,18.0,7.0,8.0,20.0,19.0,22.0,14.0,9.0,14.0,14.0,15.0,19.0,21.0,19.0,21.0,20.0,23.0,22.0,18.0,20.0,14.0,15.0,20.0,17.0,17.0,16.0,14.0,20.0,19.0,20.0,13.0,10.0,15.0,15.0,19.0,18.0,16.0,25.0,17.0,32.0,39.0,24.0,29.0,43.0,44.0,54.0,71.0,52.0,51.0,54.0,56.0,74.0,103.0,114.0,122.0,104.0,91.0,96.0,114.0,154.0,117.0,110.0,153.0,162.0,175.0,215.0,210.0,208.0,185.0,144.0,132.0,181.0,170.0,208.0,218.0,169.0,180.0,189.0,157.0,171.0,170.0,224.0,226.0,248.0,228.0,258.0,275.0,255.0,173.0,209.0,203.0,170.0,186.0,220.0,202.0,211.0,234.0,213.0,211.0,267.0,285.0,221.0,248.0,211.0,186.0,197.0,175.0,218.0,197.0,218.0,229.0,251.0,251.0,226.0,197.0,225.0,205.0,250.0,228.0,170.0,120.0,145.0,201.0,191.0,238.0,236.0,222.0,230.0,196.0,230.0,201.0,219.0,202.0,199.0,245.0,231.0,239.0,166.0,188.0,232.0,196.0,239.0,327.0,335.0,227.0,285.0,270.0,265.0,299.0,245.0,215.0,267.0,220.0,211.0,209.0,245.0,175.0,222.0,234.0,212.0,244.0,212.0,248.0,271.0,258.0,258.0,249.0,239.0,238.0,309.0,313.0,348.0,358.0,338.0,235.0,222.0,233.0,279.0,233.0,202.0,206.0,233.0,282.0,276.0,256.0,272.0,310.0,293.0,335.0,288.0,263.0,263.0,250.0,231.0,306.0,328.0,308.0
East Harlem,Manhattan,neighborhood,115.0,109.0,123.0,99.0,110.0,130.0,150.0,152.0,115.0,97.0,86.0,88.0,93.0,97.0,92.0,99.0,110.0,116.0,120.0,183.0,129.0,119.0,117.0,111.0,110.0,155.0,161.0,153.0,158.0,190.0,161.0,166.0,149.0,145.0,145.0,141.0,210.0,190.0,196.0,190.0,220.0,215.0,252.0,267.0,257.0,274.0,288.0,259.0,245.0,276.0,320.0,361.0,398.0,420.0,460.0,492.0,453.0,434.0,366.0,352.0,396.0,392.0,438.0,487.0,470.0,468.0,598.0,634.0,535.0,459.0,440.0,417.0,406.0,411.0,434.0,480.0,493.0,500.0,537.0,536.0,468.0,401.0,381.0,334.0,366.0,356.0,369.0,362.0,431.0,515.0,514.0,476.0,512.0,528.0,471.0,366.0,387.0,402.0,431.0,439.0,489.0,486.0,519.0,548.0,454.0,523.0,466.0,397.0,431.0,392.0,444.0,476.0,540.0,504.0,467.0,492.0,420.0,393.0,340.0,293.0,342.0,306.0,276.0,256.0,395.0,534.0,629.0,682.0,703.0,732.0,677.0,596.0,599.0,549.0,607.0,598.0,612.0,670.0,659.0,604.0,504.0,491.0,452.0,378.0,364.0,296.0,311.0,353.0,404.0,385.0,438.0,438.0,380.0,342.0,336.0,316.0,391.0,330.0,378.0,341.0,475.0,498.0,560.0,585.0,537.0,563.0,509.0,408.0,427.0,407.0,414.0,418.0,451.0,512.0,496.0,491.0,483.0,443.0,367.0,306.0,308.0,289.0,328.0,341.0,372.0,390.0,503.0,451.0,438.0,405.0,327.0,278.0,301.0,297.0,348.0,339.0,355.0,377.0,425.0,425.0
East New York,Brooklyn,neighborhood,3.0,2.0,2.0,2.0,0.0,1.0,1.0,3.0,7.0,4.0,2.0,2.0,4.0,6.0,8.0,10.0,9.0,8.0,8.0,6.0,7.0,11.0,8.0,7.0,6.0,7.0,13.0,9.0,10.0,8.0,9.0,11.0,16.0,15.0,14.0,15.0,35.0,33.0,20.0,19.0,13.0,7.0,17.0,20.0,17.0,23.0,26.0,24.0,36.0,39.0,37.0,22.0,21.0,24.0,42.0,44.0,42.0,31.0,31.0,42.0,58.0,50.0,33.0,33.0,35.0,56.0,52.0,52.0,57.0,53.0,44.0,45.0,37.0,49.0,57.0,68.0,77.0,63.0,70.0,74.0,68.0,68.0,83.0,82.0,91.0,109.0,123.0,111.0,125.0,169.0,142.0,59.0,66.0,81.0,78.0,71.0,82.0,82.0,101.0,99.0,96.0,86.0,94.0,116.0,108.0,94.0,80.0,79.0,114.0,110.0,119.0,113.0,100.0,119.0,136.0,111.0,106.0,143.0,136.0,131.0,143.0,123.0,106.0,57.0,74.0,90.0,104.0,111.0,102.0,102.0,104.0,86.0,103.0,90.0,106.0,108.0,115.0,133.0,132.0,135.0,98.0,110.0,134.0,111.0,127.0,107.0,113.0,137.0,157.0,151.0,131.0,110.0,115.0,92.0,118.0,100.0,116.0,125.0,123.0,94.0,126.0,118.0,118.0,173.0,175.0,149.0,142.0,134.0,130.0,153.0,166.0,145.0,191.0,194.0,202.0,190.0,190.0,167.0,131.0,108.0,137.0,104.0,131.0,116.0,126.0,115.0,115.0,111.0,122.0,129.0,106.0,136.0,126.0,106.0,129.0,150.0,176.0,209.0,177.0,208.0
East Tremont,Bronx,neighborhood,0.0,0.0,1.0,1.0,1.0,1.0,0.0,0.0,0.0,0.0,0.0,0.0,0.0,0.0,1.0,1.0,1.0,1.0,1.0,2.0,1.0,1.0,0.0,0.0,0.0,0.0,0.0,0.0,1.0,7.0,7.0,7.0,6.0,6.0,2.0,2.0,2.0,2.0,2.0,2.0,1.0,1.0,0.0,0.0,1.0,1.0,1.0,1.0,1.0,11.0,9.0,15.0,9.0,6.0,17.0,22.0,13.0,8.0,11.0,16.0,18.0,18.0,14.0,13.0,20.0,20.0,11.0,20.0,20.0,18.0,27.0,19.0,12.0,5.0,10.0,9.0,8.0,6.0,8.0,9.0,12.0,9.0,9.0,8.0,10.0,18.0,16.0,15.0,16.0,17.0,19.0,7.0,12.0,16.0,10.0,14.0,15.0,14.0,16.0,14.0,5.0,14.0,20.0,20.0,17.0,25.0,24.0,24.0,23.0,15.0,35.0,27.0,21.0,15.0,9.0,11.0,10.0,11.0,12.0,7.0,10.0,10.0,8.0,3.0,8.0,15.0,13.0,13.0,13.0,24.0,22.0,23.0,17.0,8.0,10.0,4.0,9.0,27.0,18.0,20.0,27.0,21.0,20.0,15.0,13.0,14.0,10.0,9.0,10.0,9.0,16.0,13.0,14.0,13.0,22.0,17.0,21.0,16.0,15.0,12.0,10.0,19.0,13.0,15.0,12.0,17.0,16.0,18.0,14.0,6.0,18.0,13.0,8.0,9.0,6.0,8.0,8.0,10.0,10.0,10.0,11.0,17.0,11.0,8.0,11.0,13.0,8.0,5.0,3.0,6.0,2.0,9.0,7.0,10.0,7.0,2.0,12.0,8.0,6.0,8.0
East Village,Manhattan,neighborhood,458.0,478.0,532.0,538.0,557.0,566.0,500.0,421.0,327.0,300.0,316.0,313.0,337.0,304.0,341.0,406.0,450.0,510.0,511.0,505.0,355.0,361.0,344.0,346.0,375.0,408.0,457.0,557.0,611.0,702.0,878.0,769.0,580.0,534.0,515.0,471.0,543.0,533.0,532.0,695.0,837.0,996.0,1036.0,1102.0,883.0,778.0,625.0,604.0,691.0,693.0,794.0,844.0,1079.0,1161.0,1261.0,1186.0,1061.0,970.0,897.0,906.0,970.0,773.0,940.0,1113.0,1209.0,1492.0,1639.0,1342.0,1032.0,972.0,885.0,813.0,907.0,902.0,1019.0,1156.0,1315.0,1441.0,1534.0,1564.0,1269.0,1219.0,1078.0,970.0,1114.0,1052.0,1200.0,1405.0,1674.0,1904.0,1990.0,1646.0,1311.0,1143.0,900.0,867.0,883.0,835.0,971.0,1196.0,1495.0,1662.0,1814.0,1635.0,1171.0,1062.0,858.0,717.0,783.0,829.0,1072.0,1313.0,1564.0,1772.0,1808.0,1573.0,1058.0,832.0,662.0,621.0,646.0,604.0,609.0,742.0,1486.0,2228.0,2969.0,3173.0,3013.0,2905.0,2507.0,2206.0,2097.0,1688.0,1685.0,1515.0,1369.0,1387.0,1257.0,1007.0,738.0,603.0,558.0,566.0,643.0,574.0,671.0,756.0,1024.0,1183.0,1210.0,1129.0,849.0,765.0,706.0,724.0,832.0,766.0,922.0,1096.0,1441.0,1634.0,1763.0,1621.0,1244.0,1154.0,940.0,816.0,819.0,727.0,901.0,1067.0,1382.0,1609.0,1894.0,1717.0,1322.0,1094.0,878.0,729.0,694.0,607.0,807.0,1030.0,1387.0,1523.0,1481.0,1219.0,961.0,766.0,580.0,552.0,596.0,624.0,815.0,939.0,1124.0,1274.0,1251.0,1044.0
Eastchester,Bronx,neighborhood,0.0,0.0,0.0,0.0,0.0,0.0,0.0,0.0,0.0,0.0,0.0,0.0,0.0,0.0,0.0,0.0,0.0,0.0,0.0,1.0,1.0,0.0,0.0,0.0,0.0,0.0,0.0,0.0,0.0,0.0,0.0,0.0,0.0,0.0,0.0,0.0,0.0,0.0,0.0,0.0,0.0,0.0,0.0,0.0,0.0,0.0,0.0,0.0,0.0,0.0,0.0,0.0,0.0,0.0,0.0,0.0,0.0,0.0,0.0,0.0,0.0,0.0,0.0,0.0,0.0,1.0,1.0,2.0,0.0,0.0,0.0,0.0,0.0,0.0,0.0,0.0,0.0,0.0,0.0,0.0,4.0,5.0,3.0,0.0,0.0,0.0,1.0,0.0,0.0,0.0,0.0,0.0,0.0,0.0,0.0,0.0,1.0,1.0,4.0,1.0,0.0,0.0,1.0,0.0,2.0,7.0,5.0,9.0,4.0,2.0,0.0,0.0,3.0,2.0,6.0,4.0,2.0,3.0,3.0,1.0,3.0,3.0,1.0,1.0,0.0,2.0,2.0,2.0,2.0,6.0,2.0,2.0,4.0,4.0,3.0,1.0,3.0,2.0,2.0,2.0,1.0,1.0,2.0,1.0,2.0,2.0,2.0,3.0,1.0,0.0,0.0,1.0,2.0,1.0,0.0,0.0,0.0,0.0,0.0,1.0,1.0,2.0,2.0,1.0,0.0,1.0,1.0,1.0,0.0,0.0,0.0,0.0,0.0,0.0,0.0,1.0,1.0,1.0,0.0,1.0,1.0,0.0,0.0,0.0,0.0,1.0,1.0,3.0,0.0,0.0,0.0,0.0,0.0,0.0,0.0,0.0,1.0,1.0,5.0,2.0
Edenwald,Bronx,neighborhood,0.0,0.0,0.0,0.0,0.0,0.0,0.0,0.0,0.0,0.0,0.0,0.0,0.0,0.0,0.0,0.0,0.0,0.0,0.0,1.0,1.0,0.0,0.0,0.0,0.0,0.0,0.0,0.0,1.0,1.0,0.0,0.0,0.0,0.0,0.0,0.0,0.0,3.0,3.0,3.0,1.0,1.0,1.0,1.0,3.0,3.0,1.0,1.0,0.0,0.0,0.0,1.0,0.0,0.0,0.0,1.0,1.0,3.0,2.0,1.0,0.0,0.0,0.0,0.0,0.0,0.0,0.0,0.0,0.0,0.0,0.0,0.0,1.0,1.0,1.0,1.0,2.0,3.0,3.0,1.0,0.0,1.0,1.0,1.0,2.0,4.0,3.0,3.0,2.0,2.0,3.0,0.0,0.0,0.0,0.0,0.0,1.0,1.0,2.0,2.0,3.0,3.0,0.0,0.0,0.0,1.0,2.0,3.0,2.0,1.0,0.0,1.0,4.0,3.0,5.0,6.0,4.0,0.0,0.0,0.0,2.0,4.0,0.0,0.0,2.0,1.0,1.0,0.0,0.0,0.0,0.0,0.0,0.0,0.0,0.0,2.0,5.0,2.0,1.0,1.0,4.0,1.0,2.0,1.0,0.0,1.0,3.0,3.0,1.0,0.0,6.0,7.0,2.0,6.0,7.0,6.0,6.0,5.0,10.0,3.0,4.0,5.0,8.0,8.0,6.0,4.0,4.0,6.0,4.0,3.0,4.0,3.0,3.0,1.0,3.0,0.0,2.0,1.0,0.0,2.0,2.0,1.0,1.0,1.0,1.0,0.0,2.0,4.0,3.0,3.0,1.0,1.0,1.0,1.0,1.0,1.0,2.0,1.0,1.0,2.0
Elmhurst,Queens,neighborhood,10.0,11.0,9.0,10.0,8.0,10.0,7.0,6.0,6.0,7.0,5.0,6.0,9.0,6.0,5.0,7.0,9.0,10.0,8.0,11.0,6.0,4.0,7.0,5.0,4.0,5.0,5.0,6.0,3.0,1.0,8.0,12.0,10.0,63.0,50.0,42.0,33.0,34.0,43.0,36.0,29.0,22.0,23.0,21.0,13.0,28.0,34.0,28.0,33.0,33.0,31.0,33.0,49.0,48.0,48.0,39.0,46.0,48.0,48.0,45.0,38.0,26.0,40.0,42.0,34.0,46.0,62.0,75.0,79.0,72.0,63.0,54.0,56.0,66.0,64.0,73.0,77.0,76.0,70.0,70.0,75.0,68.0,78.0,67.0,89.0,136.0,152.0,140.0,137.0,176.0,166.0,81.0,88.0,89.0,102.0,94.0,117.0,128.0,149.0,110.0,111.0,131.0,98.0,113.0,94.0,126.0,113.0,110.0,139.0,104.0,114.0,98.0,115.0,99.0,101.0,110.0,110.0,112.0,87.0,79.0,115.0,96.0,60.0,33.0,55.0,97.0,134.0,151.0,167.0,154.0,163.0,135.0,154.0,140.0,153.0,135.0,130.0,128.0,130.0,136.0,167.0,151.0,137.0,104.0,92.0,80.0,94.0,82.0,83.0,73.0,93.0,112.0,112.0,95.0,102.0,95.0,116.0,103.0,112.0,122.0,86.0,71.0,87.0,84.0,71.0,80.0,77.0,79.0,98.0,76.0,56.0,59.0,64.0,95.0,78.0,91.0,80.0,88.0,106.0,85.0,85.0,94.0,89.0,75.0,104.0,88.0,90.0,106.0,124.0,122.0,103.0,97.0,119.0,111.0,101.0,87.0,91.0,95.0,81.0,96.0
Financial District,Manhattan,neighborhood,607.0,640.0,601.0,584.0,515.0,522.0,520.0,516.0,492.0,528.0,544.0,551.0,572.0,519.0,581.0,603.0,606.0,653.0,646.0,669.0,659.0,597.0,662.0,640.0,695.0,655.0,761.0,740.0,742.0,728.0,747.0,763.0,671.0,769.0,702.0,800.0,917.0,980.0,1063.0,1115.0,1134.0,1098.0,1126.0,1100.0,1094.0,1143.0,933.0,947.0,948.0,967.0,1028.0,1143.0,1078.0,1021.0,999.0,1026.0,910.0,833.0,793.0,793.0,850.0,789.0,835.0,843.0,932.0,978.0,927.0,915.0,861.0,858.0,784.0,788.0,841.0,886.0,935.0,1003.0,967.0,985.0,933.0,1005.0,879.0,868.0,792.0,783.0,842.0,866.0,928.0,940.0,1019.0,1069.0,968.0,890.0,840.0,809.0,795.0,740.0,829.0,728.0,707.0,766.0,794.0,800.0,813.0,773.0,682.0,688.0,626.0,581.0,663.0,611.0,706.0,717.0,830.0,847.0,844.0,812.0,782.0,718.0,642.0,562.0,591.0,536.0,521.0,526.0,744.0,989.0,1260.0,1451.0,1440.0,1424.0,1278.0,1161.0,1213.0,1140.0,1127.0,1018.0,893.0,822.0,657.0,585.0,511.0,531.0,459.0,408.0,455.0,426.0,492.0,423.0,499.0,560.0,684.0,714.0,644.0,694.0,685.0,646.0,698.0,624.0,658.0,655.0,703.0,674.0,696.0,833.0,770.0,779.0,705.0,685.0,748.0,754.0,765.0,788.0,781.0,825.0,855.0,791.0,738.0,791.0,720.0,647.0,698.0,622.0,721.0,787.0,804.0,800.0,853.0,889.0,797.0,790.0,643.0,635.0,722.0,756.0,824.0,837.0,899.0,951.0,933.0,934.0
Flatbush,Brooklyn,neighborhood,11.0,12.0,10.0,13.0,12.0,17.0,11.0,18.0,16.0,12.0,13.0,13.0,11.0,18.0,17.0,44.0,22.0,20.0,16.0,15.0,19.0,22.0,26.0,20.0,15.0,12.0,11.0,7.0,6.0,15.0,21.0,29.0,20.0,28.0,21.0,19.0,27.0,24.0,29.0,40.0,40.0,51.0,52.0,78.0,74.0,77.0,54.0,61.0,66.0,57.0,49.0,59.0,70.0,86.0,134.0,190.0,224.0,261.0,294.0,277.0,236.0,244.0,206.0,230.0,271.0,310.0,274.0,263.0,234.0,236.0,217.0,217.0,205.0,199.0,214.0,213.0,226.0,273.0,275.0,288.0,326.0,296.0,365.0,375.0,418.0,389.0,449.0,437.0,480.0,485.0,496.0,376.0,382.0,394.0,413.0,332.0,390.0,394.0,353.0,329.0,386.0,446.0,559.0,566.0,415.0,622.0,691.0,693.0,780.0,623.0,587.0,501.0,540.0,486.0,514.0,540.0,498.0,456.0,404.0,370.0,425.0,425.0,374.0,282.0,422.0,529.0,679.0,769.0,725.0,739.0,697.0,640.0,655.0,628.0,632.0,601.0,688.0,746.0,716.0,776.0,506.0,604.0,619.0,506.0,527.0,522.0,570.0,507.0,619.0,572.0,638.0,639.0,572.0,503.0,580.0,524.0,553.0,595.0,627.0,540.0,648.0,694.0,725.0,765.0,591.0,600.0,648.0,501.0,557.0,569.0,579.0,569.0,811.0,745.0,855.0,879.0,880.0,732.0,735.0,657.0,642.0,608.0,566.0,604.0,812.0,838.0,962.0,900.0,795.0,688.0,616.0,630.0,705.0,567.0,695.0,756.0,970.0,1066.0,1020.0,903.0
Flatiron,Manhattan,neighborhood,279.0,278.0,283.0,270.0,272.0,274.0,241.0,264.0,234.0,239.0,257.0,239.0,239.0,212.0,247.0,233.0,264.0,262.0,256.0,260.0,225.0,263.0,231.0,183.0,219.0,206.0,233.0,254.0,301.0,318.0,325.0,327.0,304.0,313.0,280.0,273.0,275.0,286.0,351.0,365.0,361.0,331.0,367.0,373.0,379.0,628.0,955.0,716.0,649.0,593.0,531.0,414.0,449.0,381.0,399.0,391.0,397.0,422.0,381.0,414.0,512.0,475.0,597.0,599.0,602.0,592.0,556.0,534.0,515.0,495.0,440.0,452.0,465.0,446.0,497.0,495.0,554.0,576.0,542.0,505.0,470.0,503.0,494.0,439.0,474.0,418.0,523.0,540.0,622.0,605.0,556.0,460.0,441.0,490.0,403.0,377.0,409.0,387.0,426.0,449.0,485.0,531.0,492.0,438.0,336.0,367.0,323.0,305.0,331.0,310.0,355.0,418.0,475.0,467.0,443.0,424.0,379.0,333.0,322.0,308.0,323.0,296.0,275.0,289.0,548.0,751.0,945.0,1044.0,1026.0,977.0,866.0,800.0,803.0,682.0,683.0,572.0,482.0,427.0,343.0,324.0,251.0,236.0,222.0,226.0,235.0,214.0,282.0,344.0,382.0,370.0,397.0,392.0,374.0,348.0,345.0,343.0,380.0,383.0,400.0,426.0,479.0,492.0,451.0,454.0,423.0,404.0,362.0,335.0,366.0,335.0,345.0,373.0,386.0,427.0,458.0,396.0,303.0,309.0,294.0,268.0,280.0,222.0,273.0,334.0,359.0,331.0,364.0,354.0,274.0,272.0,244.0,255.0,247.0,214.0,258.0,283.0,279.0,307.0,329.0,305.0
Flatlands,Brooklyn,neighborhood,0.0,1.0,1.0,1.0,0.0,0.0,0.0,0.0,0.0,0.0,0.0,0.0,1.0,3.0,5.0,4.0,4.0,4.0,5.0,4.0,4.0,2.0,0.0,0.0,0.0,0.0,0.0,1.0,1.0,1.0,0.0,1.0,1.0,4.0,2.0,2.0,2.0,1.0,1.0,4.0,3.0,1.0,1.0,1.0,0.0,1.0,1.0,2.0,1.0,0.0,2.0,3.0,2.0,5.0,3.0,1.0,1.0,3.0,3.0,3.0,7.0,6.0,5.0,5.0,4.0,1.0,3.0,5.0,4.0,6.0,6.0,7.0,6.0,5.0,5.0,4.0,5.0,5.0,6.0,5.0,8.0,11.0,5.0,2.0,6.0,5.0,7.0,8.0,14.0,10.0,8.0,1.0,3.0,4.0,11.0,9.0,13.0,10.0,9.0,7.0,6.0,7.0,7.0,15.0,16.0,18.0,12.0,11.0,10.0,12.0,18.0,5.0,6.0,11.0,10.0,7.0,12.0,11.0,9.0,13.0,8.0,4.0,7.0,5.0,2.0,4.0,10.0,9.0,5.0,3.0,4.0,3.0,9.0,6.0,5.0,14.0,14.0,12.0,9.0,7.0,7.0,5.0,4.0,7.0,13.0,8.0,11.0,16.0,8.0,11.0,12.0,8.0,7.0,10.0,12.0,8.0,12.0,12.0,18.0,11.0,13.0,10.0,6.0,7.0,7.0,7.0,19.0,15.0,12.0,12.0,12.0,9.0,7.0,8.0,6.0,7.0,9.0,10.0,7.0,6.0,6.0,5.0,4.0,10.0,9.0,8.0,10.0,12.0,6.0,6.0,4.0,7.0,4.0,2.0,8.0,9.0,11.0,5.0,4.0,5.0
Floral Park,Queens,neighborhood,0.0,0.0,0.0,0.0,0.0,0.0,0.0,0.0,0.0,0.0,0.0,0.0,0.0,0.0,0.0,0.0,0.0,0.0,0.0,0.0,0.0,0.0,0.0,0.0,0.0,1.0,1.0,0.0,0.0,0.0,0.0,0.0,0.0,0.0,0.0,0.0,1.0,1.0,2.0,1.0,1.0,1.0,0.0,1.0,1.0,1.0,1.0,1.0,1.0,2.0,2.0,2.0,0.0,0.0,0.0,0.0,0.0,0.0,0.0,0.0,0.0,0.0,0.0,0.0,0.0,0.0,0.0,0.0,0.0,0.0,1.0,1.0,1.0,0.0,0.0,0.0,0.0,0.0,0.0,0.0,0.0,0.0,0.0,0.0,1.0,1.0,1.0,0.0,0.0,0.0,0.0,1.0,0.0,0.0,0.0,0.0,0.0,0.0,0.0,0.0,0.0,0.0,0.0,0.0,0.0,0.0,0.0,0.0,0.0,1.0,1.0,2.0,2.0,1.0,2.0,2.0,2.0,1.0,1.0,0.0,0.0,1.0,1.0,0.0,0.0,0.0,0.0,0.0,0.0,0.0,0.0,0.0,0.0,0.0,0.0,0.0,0.0,0.0,0.0,0.0,0.0,0.0,0.0,0.0,0.0,0.0,0.0,0.0,0.0,0.0,0.0,2.0,1.0,1.0,0.0,0.0,0.0,1.0,1.0,0.0,1.0,1.0,0.0,0.0,0.0,0.0,0.0,0.0,0.0,0.0,0.0,0.0,0.0,0.0,0.0,0.0,0.0,0.0,0.0,0.0,1.0,0.0,0.0,0.0,1.0,0.0,0.0,0.0,0.0,0.0,0.0,0.0,0.0,0.0,0.0,0.0,0.0,0.0,0.0,0.0
Flushing,Queens,neighborhood,27.0,24.0,17.0,15.0,12.0,7.0,12.0,9.0,9.0,9.0,7.0,15.0,19.0,19.0,20.0,22.0,35.0,34.0,39.0,45.0,44.0,55.0,40.0,25.0,27.0,27.0,24.0,29.0,36.0,35.0,57.0,44.0,43.0,29.0,30.0,29.0,33.0,31.0,38.0,41.0,33.0,36.0,33.0,45.0,42.0,32.0,36.0,38.0,45.0,51.0,58.0,60.0,67.0,79.0,73.0,67.0,70.0,70.0,70.0,79.0,88.0,82.0,81.0,88.0,80.0,81.0,108.0,116.0,122.0,115.0,123.0,118.0,93.0,82.0,118.0,96.0,90.0,114.0,122.0,134.0,129.0,106.0,91.0,97.0,132.0,152.0,208.0,230.0,283.0,348.0,391.0,204.0,149.0,150.0,135.0,146.0,140.0,150.0,164.0,157.0,169.0,169.0,191.0,174.0,183.0,216.0,203.0,205.0,197.0,182.0,192.0,184.0,236.0,216.0,204.0,215.0,217.0,243.0,211.0,174.0,165.0,159.0,101.0,74.0,101.0,144.0,199.0,234.0,181.0,203.0,197.0,182.0,249.0,220.0,264.0,235.0,180.0,187.0,198.0,183.0,146.0,142.0,167.0,150.0,174.0,169.0,236.0,205.0,201.0,214.0,209.0,184.0,171.0,194.0,166.0,185.0,199.0,193.0,227.0,168.0,153.0,156.0,150.0,149.0,115.0,134.0,127.0,136.0,169.0,127.0,150.0,115.0,131.0,146.0,165.0,141.0,140.0,163.0,151.0,165.0,146.0,165.0,187.0,172.0,199.0,196.0,149.0,128.0,125.0,142.0,148.0,145.0,148.0,159.0,205.0,230.0,218.0,206.0,164.0,164.0
Fordham,Bronx,neighborhood,0.0,0.0,0.0,0.0,0.0,0.0,1.0,1.0,0.0,0.0,0.0,0.0,0.0,0.0,0.0,0.0,0.0,0.0,0.0,0.0,0.0,0.0,2.0,2.0,2.0,2.0,2.0,2.0,1.0,4.0,3.0,7.0,9.0,13.0,13.0,5.0,2.0,3.0,2.0,0.0,0.0,3.0,2.0,2.0,4.0,6.0,8.0,6.0,10.0,9.0,2.0,1.0,7.0,5.0,8.0,8.0,9.0,8.0,12.0,23.0,17.0,20.0,13.0,11.0,13.0,26.0,23.0,19.0,23.0,40.0,35.0,32.0,26.0,19.0,27.0,25.0,31.0,30.0,32.0,31.0,30.0,37.0,50.0,39.0,49.0,53.0,53.0,53.0,52.0,48.0,30.0,15.0,26.0,24.0,26.0,22.0,24.0,41.0,32.0,39.0,43.0,40.0,50.0,63.0,52.0,42.0,28.0,30.0,38.0,45.0,50.0,51.0,60.0,44.0,46.0,47.0,43.0,35.0,32.0,21.0,23.0,17.0,21.0,10.0,11.0,29.0,35.0,36.0,28.0,32.0,32.0,33.0,34.0,31.0,34.0,16.0,18.0,33.0,30.0,41.0,42.0,43.0,44.0,32.0,39.0,42.0,43.0,30.0,39.0,35.0,32.0,31.0,36.0,36.0,39.0,30.0,41.0,39.0,38.0,25.0,42.0,31.0,25.0,31.0,30.0,45.0,43.0,31.0,31.0,34.0,27.0,30.0,44.0,44.0,47.0,36.0,37.0,32.0,20.0,23.0,36.0,42.0,40.0,25.0,24.0,22.0,23.0,26.0,28.0,33.0,24.0,16.0,14.0,14.0,20.0,16.0,17.0,26.0,24.0,15.0
Forest Hills,Queens,neighborhood,82.0,69.0,79.0,83.0,58.0,52.0,52.0,49.0,59.0,63.0,74.0,70.0,67.0,68.0,86.0,98.0,111.0,97.0,103.0,105.0,88.0,118.0,100.0,97.0,84.0,76.0,114.0,110.0,97.0,79.0,104.0,95.0,98.0,99.0,94.0,92.0,101.0,108.0,109.0,108.0,103.0,84.0,81.0,85.0,86.0,120.0,142.0,120.0,130.0,121.0,136.0,212.0,266.0,203.0,235.0,183.0,177.0,235.0,224.0,198.0,202.0,239.0,266.0,259.0,265.0,260.0,266.0,275.0,290.0,293.0,284.0,235.0,197.0,190.0,215.0,208.0,234.0,268.0,266.0,255.0,265.0,286.0,267.0,264.0,306.0,346.0,426.0,432.0,470.0,504.0,542.0,313.0,325.0,316.0,266.0,259.0,287.0,257.0,303.0,325.0,342.0,381.0,383.0,355.0,312.0,337.0,383.0,347.0,322.0,324.0,343.0,350.0,406.0,387.0,401.0,374.0,316.0,371.0,309.0,273.0,289.0,248.0,229.0,128.0,213.0,306.0,412.0,422.0,431.0,418.0,401.0,383.0,456.0,415.0,441.0,405.0,405.0,462.0,465.0,486.0,453.0,433.0,382.0,328.0,297.0,308.0,351.0,311.0,280.0,288.0,314.0,313.0,286.0,303.0,240.0,218.0,200.0,181.0,213.0,199.0,225.0,242.0,238.0,269.0,248.0,285.0,235.0,205.0,231.0,235.0,222.0,200.0,207.0,203.0,225.0,249.0,201.0,237.0,223.0,205.0,227.0,228.0,292.0,226.0,267.0,261.0,218.0,213.0,219.0,228.0,221.0,185.0,201.0,195.0,226.0,214.0,228.0,226.0,211.0,253.0
Fort Greene,Brooklyn,neighborhood,97.0,104.0,94.0,94.0,76.0,62.0,70.0,65.0,53.0,51.0,62.0,57.0,70.0,59.0,55.0,73.0,80.0,83.0,80.0,77.0,70.0,90.0,77.0,45.0,54.0,63.0,70.0,81.0,82.0,98.0,111.0,93.0,68.0,57.0,65.0,65.0,69.0,83.0,81.0,85.0,104.0,98.0,120.0,121.0,126.0,118.0,141.0,158.0,180.0,196.0,171.0,139.0,177.0,205.0,222.0,241.0,237.0,201.0,156.0,158.0,170.0,224.0,210.0,247.0,250.0,245.0,286.0,314.0,277.0,271.0,226.0,198.0,182.0,187.0,235.0,236.0,248.0,253.0,292.0,320.0,338.0,311.0,317.0,300.0,372.0,326.0,340.0,336.0,406.0,459.0,441.0,310.0,293.0,275.0,258.0,202.0,193.0,224.0,226.0,218.0,246.0,263.0,272.0,251.0,223.0,219.0,181.0,196.0,201.0,210.0,227.0,257.0,264.0,271.0,311.0,243.0,186.0,195.0,162.0,154.0,173.0,169.0,163.0,142.0,234.0,390.0,472.0,511.0,512.0,514.0,418.0,338.0,318.0,281.0,318.0,324.0,294.0,275.0,235.0,208.0,164.0,152.0,154.0,169.0,178.0,189.0,187.0,156.0,169.0,149.0,131.0,174.0,153.0,137.0,145.0,120.0,134.0,134.0,166.0,170.0,196.0,201.0,210.0,221.0,212.0,211.0,189.0,163.0,171.0,182.0,161.0,155.0,214.0,238.0,240.0,225.0,190.0,187.0,161.0,142.0,147.0,142.0,167.0,224.0,306.0,394.0,410.0,413.0,478.0,397.0,319.0,316.0,313.0,293.0,322.0,316.0,283.0,300.0,328.0,336.0
Fresh Meadows,Queens,neighborhood,0.0,0.0,0.0,0.0,0.0,0.0,0.0,0.0,0.0,0.0,0.0,0.0,0.0,0.0,0.0,0.0,0.0,0.0,0.0,1.0,2.0,1.0,0.0,1.0,0.0,0.0,1.0,2.0,2.0,1.0,0.0,0.0,0.0,0.0,0.0,0.0,4.0,4.0,4.0,4.0,2.0,0.0,0.0,0.0,2.0,1.0,0.0,1.0,1.0,2.0,3.0,6.0,5.0,5.0,7.0,5.0,3.0,5.0,2.0,5.0,5.0,2.0,3.0,6.0,5.0,2.0,2.0,3.0,5.0,3.0,4.0,2.0,2.0,2.0,2.0,1.0,3.0,5.0,6.0,5.0,5.0,2.0,4.0,2.0,6.0,10.0,12.0,14.0,17.0,9.0,12.0,4.0,2.0,2.0,2.0,0.0,1.0,3.0,3.0,2.0,2.0,3.0,2.0,3.0,6.0,4.0,6.0,5.0,3.0,6.0,6.0,12.0,8.0,5.0,8.0,7.0,3.0,1.0,4.0,3.0,5.0,6.0,5.0,2.0,6.0,2.0,1.0,2.0,2.0,5.0,2.0,3.0,7.0,5.0,5.0,1.0,2.0,2.0,4.0,3.0,1.0,1.0,0.0,5.0,4.0,2.0,1.0,7.0,9.0,5.0,3.0,1.0,2.0,0.0,2.0,0.0,0.0,1.0,1.0,2.0,3.0,2.0,25.0,34.0,15.0,8.0,14.0,14.0,22.0,29.0,35.0,26.0,30.0,20.0,16.0,17.0,19.0,28.0,22.0,7.0,15.0,21.0,36.0,33.0,52.0,51.0,32.0,24.0,23.0,22.0,31.0,35.0,33.0,32.0,45.0,40.0,24.0,47.0,76.0,63.0
Gerritsen Beach,Brooklyn,neighborhood,0.0,0.0,0.0,0.0,0.0,0.0,0.0,1.0,1.0,0.0,0.0,0.0,0.0,0.0,0.0,0.0,0.0,0.0,0.0,0.0,0.0,0.0,0.0,0.0,0.0,0.0,0.0,0.0,0.0,0.0,0.0,0.0,0.0,0.0,0.0,0.0,0.0,0.0,0.0,0.0,0.0,0.0,0.0,0.0,0.0,0.0,0.0,0.0,0.0,1.0,1.0,0.0,1.0,2.0,2.0,0.0,1.0,1.0,0.0,0.0,0.0,0.0,0.0,0.0,0.0,0.0,0.0,0.0,0.0,0.0,0.0,0.0,0.0,0.0,0.0,0.0,0.0,0.0,0.0,1.0,1.0,1.0,1.0,1.0,0.0,2.0,2.0,2.0,0.0,1.0,2.0,1.0,2.0,3.0,3.0,3.0,7.0,6.0,4.0,3.0,2.0,2.0,2.0,1.0,1.0,4.0,6.0,3.0,2.0,1.0,1.0,0.0,0.0,1.0,2.0,2.0,2.0,0.0,2.0,0.0,0.0,0.0,0.0,1.0,0.0,1.0,0.0,0.0,0.0,0.0,1.0,1.0,0.0,0.0,0.0,0.0,0.0,0.0,0.0,0.0,0.0,1.0,3.0,2.0,0.0,0.0,0.0,0.0,0.0,0.0,1.0,1.0,1.0,1.0,1.0,0.0,0.0,0.0,0.0,0.0,0.0,2.0,0.0,1.0,1.0,0.0,2.0,4.0,1.0,2.0,2.0,0.0,0.0,0.0,0.0,0.0,0.0,1.0,2.0,0.0,0.0,0.0,0.0,0.0,1.0,1.0,0.0,0.0,1.0,1.0,1.0,1.0,0.0,1.0,2.0,1.0,1.0,1.0,0.0,0.0
Glen Oaks,Queens,neighborhood,1.0,0.0,0.0,0.0,0.0,0.0,0.0,0.0,0.0,0.0,0.0,1.0,1.0,1.0,1.0,1.0,2.0,6.0,8.0,4.0,3.0,6.0,9.0,8.0,5.0,3.0,2.0,1.0,2.0,9.0,12.0,6.0,8.0,12.0,6.0,1.0,1.0,1.0,1.0,0.0,1.0,1.0,1.0,1.0,5.0,7.0,9.0,7.0,10.0,12.0,9.0,9.0,5.0,5.0,5.0,6.0,4.0,6.0,5.0,5.0,6.0,6.0,4.0,4.0,7.0,7.0,5.0,3.0,3.0,5.0,7.0,4.0,2.0,3.0,4.0,3.0,5.0,6.0,6.0,5.0,3.0,7.0,9.0,8.0,9.0,5.0,3.0,4.0,2.0,4.0,3.0,1.0,3.0,3.0,3.0,5.0,8.0,6.0,9.0,6.0,1.0,4.0,2.0,7.0,3.0,9.0,10.0,5.0,5.0,1.0,0.0,3.0,3.0,3.0,2.0,2.0,6.0,9.0,7.0,6.0,7.0,7.0,6.0,1.0,0.0,6.0,6.0,6.0,4.0,5.0,10.0,8.0,7.0,3.0,3.0,3.0,2.0,2.0,7.0,4.0,3.0,6.0,4.0,3.0,2.0,1.0,3.0,4.0,2.0,0.0,5.0,6.0,3.0,6.0,6.0,0.0,2.0,5.0,6.0,3.0,2.0,5.0,6.0,9.0,5.0,5.0,6.0,7.0,8.0,9.0,5.0,8.0,7.0,3.0,3.0,3.0,6.0,8.0,5.0,8.0,5.0,4.0,2.0,4.0,2.0,2.0,4.0,5.0,6.0,5.0,4.0,4.0,3.0,3.0,4.0,5.0,8.0,4.0,7.0,6.0
Glendale,Queens,neighborhood,1.0,1.0,1.0,1.0,0.0,0.0,0.0,0.0,2.0,3.0,4.0,5.0,4.0,4.0,1.0,1.0,3.0,3.0,6.0,6.0,1.0,3.0,6.0,6.0,4.0,3.0,5.0,3.0,4.0,8.0,7.0,4.0,6.0,11.0,12.0,11.0,12.0,7.0,5.0,2.0,2.0,4.0,8.0,4.0,7.0,8.0,6.0,4.0,5.0,11.0,6.0,7.0,8.0,6.0,10.0,6.0,5.0,9.0,10.0,10.0,11.0,16.0,15.0,14.0,19.0,19.0,26.0,25.0,29.0,22.0,18.0,19.0,27.0,30.0,32.0,32.0,32.0,25.0,25.0,20.0,28.0,47.0,47.0,39.0,39.0,43.0,57.0,57.0,60.0,57.0,55.0,28.0,29.0,31.0,30.0,21.0,30.0,44.0,48.0,49.0,44.0,40.0,50.0,41.0,48.0,49.0,69.0,61.0,60.0,52.0,68.0,48.0,51.0,43.0,49.0,61.0,60.0,66.0,46.0,40.0,50.0,32.0,18.0,10.0,21.0,34.0,41.0,45.0,38.0,46.0,53.0,53.0,48.0,31.0,46.0,52.0,55.0,55.0,46.0,46.0,40.0,42.0,53.0,40.0,47.0,35.0,38.0,36.0,48.0,48.0,48.0,56.0,64.0,50.0,46.0,34.0,41.0,47.0,48.0,45.0,42.0,45.0,43.0,41.0,44.0,48.0,50.0,43.0,40.0,54.0,41.0,26.0,22.0,27.0,31.0,27.0,39.0,31.0,33.0,27.0,41.0,44.0,53.0,46.0,42.0,43.0,52.0,42.0,49.0,45.0,36.0,25.0,33.0,35.0,52.0,47.0,43.0,52.0,53.0,48.0
Gowanus,Brooklyn,neighborhood,9.0,13.0,9.0,9.0,11.0,8.0,8.0,6.0,8.0,13.0,17.0,18.0,26.0,29.0,17.0,17.0,28.0,23.0,27.0,14.0,15.0,10.0,16.0,11.0,6.0,4.0,11.0,11.0,13.0,20.0,23.0,27.0,20.0,20.0,22.0,31.0,37.0,42.0,36.0,40.0,50.0,52.0,54.0,47.0,47.0,53.0,76.0,67.0,77.0,65.0,54.0,67.0,83.0,104.0,117.0,105.0,88.0,134.0,146.0,106.0,105.0,97.0,117.0,96.0,89.0,97.0,105.0,102.0,98.0,95.0,85.0,72.0,66.0,75.0,115.0,115.0,112.0,118.0,88.0,103.0,114.0,103.0,104.0,92.0,111.0,103.0,117.0,138.0,145.0,168.0,187.0,173.0,163.0,155.0,155.0,144.0,138.0,144.0,142.0,138.0,171.0,167.0,159.0,137.0,108.0,138.0,124.0,82.0,88.0,73.0,89.0,103.0,125.0,113.0,106.0,121.0,97.0,87.0,71.0,66.0,79.0,71.0,68.0,54.0,87.0,138.0,157.0,215.0,213.0,190.0,180.0,180.0,207.0,212.0,217.0,186.0,178.0,161.0,146.0,129.0,79.0,70.0,58.0,47.0,60.0,67.0,68.0,72.0,82.0,94.0,90.0,75.0,68.0,68.0,48.0,49.0,58.0,59.0,76.0,52.0,80.0,96.0,135.0,116.0,108.0,105.0,110.0,101.0,88.0,83.0,81.0,62.0,92.0,89.0,151.0,141.0,135.0,126.0,103.0,119.0,187.0,205.0,218.0,210.0,310.0,335.0,391.0,399.0,418.0,382.0,322.0,349.0,349.0,317.0,288.0,268.0,301.0,306.0,360.0,367.0
Gramercy Park,Manhattan,neighborhood,252.0,260.0,276.0,279.0,257.0,269.0,248.0,230.0,212.0,195.0,188.0,175.0,200.0,182.0,201.0,224.0,197.0,227.0,241.0,210.0,188.0,174.0,161.0,184.0,203.0,206.0,209.0,266.0,315.0,269.0,310.0,304.0,248.0,199.0,200.0,208.0,239.0,245.0,256.0,299.0,337.0,290.0,353.0,340.0,269.0,259.0,239.0,244.0,285.0,278.0,302.0,312.0,336.0,353.0,377.0,325.0,295.0,295.0,291.0,247.0,264.0,277.0,341.0,371.0,411.0,410.0,429.0,400.0,325.0,294.0,271.0,266.0,265.0,306.0,318.0,354.0,381.0,458.0,468.0,523.0,404.0,371.0,394.0,374.0,373.0,383.0,426.0,472.0,513.0,537.0,540.0,426.0,361.0,363.0,322.0,308.0,318.0,317.0,345.0,405.0,460.0,476.0,505.0,437.0,369.0,339.0,303.0,285.0,289.0,283.0,301.0,377.0,417.0,418.0,456.0,410.0,310.0,278.0,236.0,200.0,223.0,192.0,198.0,210.0,382.0,614.0,805.0,832.0,833.0,823.0,735.0,665.0,648.0,565.0,545.0,492.0,421.0,366.0,282.0,256.0,184.0,168.0,163.0,128.0,165.0,134.0,163.0,178.0,223.0,273.0,239.0,261.0,195.0,218.0,239.0,201.0,250.0,228.0,285.0,294.0,331.0,347.0,369.0,381.0,298.0,239.0,229.0,210.0,241.0,224.0,213.0,234.0,294.0,340.0,365.0,374.0,321.0,275.0,208.0,184.0,179.0,160.0,202.0,243.0,293.0,268.0,296.0,280.0,239.0,215.0,175.0,161.0,167.0,169.0,221.0,236.0,244.0,267.0,290.0,235.0
Gravesend,Brooklyn,neighborhood,6.0,10.0,11.0,12.0,6.0,3.0,7.0,5.0,7.0,11.0,11.0,10.0,14.0,20.0,11.0,8.0,10.0,11.0,16.0,19.0,12.0,13.0,11.0,14.0,10.0,10.0,4.0,5.0,12.0,12.0,15.0,26.0,29.0,49.0,49.0,31.0,59.0,45.0,51.0,35.0,36.0,46.0,41.0,32.0,31.0,39.0,29.0,32.0,27.0,33.0,45.0,55.0,49.0,40.0,34.0,28.0,30.0,32.0,31.0,45.0,47.0,37.0,56.0,74.0,75.0,62.0,51.0,55.0,60.0,85.0,69.0,62.0,82.0,45.0,59.0,50.0,56.0,52.0,60.0,57.0,73.0,73.0,60.0,79.0,106.0,106.0,112.0,94.0,114.0,127.0,116.0,47.0,47.0,47.0,48.0,46.0,56.0,64.0,78.0,75.0,86.0,70.0,81.0,96.0,106.0,111.0,93.0,81.0,76.0,87.0,102.0,97.0,85.0,68.0,99.0,83.0,81.0,77.0,78.0,62.0,71.0,66.0,48.0,22.0,40.0,52.0,59.0,67.0,77.0,75.0,60.0,70.0,78.0,74.0,90.0,100.0,87.0,93.0,107.0,101.0,62.0,87.0,85.0,88.0,91.0,98.0,115.0,97.0,95.0,79.0,75.0,58.0,54.0,56.0,52.0,62.0,46.0,46.0,70.0,53.0,38.0,40.0,52.0,47.0,44.0,55.0,49.0,44.0,51.0,56.0,65.0,58.0,62.0,83.0,80.0,73.0,79.0,74.0,80.0,72.0,88.0,79.0,98.0,105.0,116.0,89.0,87.0,96.0,90.0,94.0,94.0,85.0,96.0,80.0,76.0,79.0,79.0,71.0,88.0,76.0
Greenpoint,Brooklyn,neighborhood,95.0,81.0,92.0,77.0,62.0,60.0,45.0,32.0,37.0,72.0,68.0,73.0,66.0,59.0,46.0,54.0,70.0,70.0,73.0,65.0,58.0,60.0,62.0,73.0,66.0,76.0,91.0,77.0,97.0,81.0,89.0,88.0,89.0,78.0,82.0,103.0,124.0,119.0,124.0,139.0,121.0,130.0,152.0,160.0,175.0,172.0,159.0,207.0,216.0,202.0,238.0,253.0,271.0,275.0,324.0,354.0,348.0,325.0,315.0,334.0,354.0,349.0,392.0,430.0,559.0,572.0,506.0,526.0,531.0,487.0,398.0,330.0,316.0,329.0,357.0,412.0,473.0,541.0,589.0,606.0,546.0,457.0,431.0,419.0,543.0,588.0,696.0,705.0,679.0,634.0,637.0,535.0,573.0,575.0,501.0,443.0,521.0,464.0,507.0,563.0,659.0,647.0,684.0,697.0,637.0,732.0,615.0,499.0,726.0,641.0,566.0,537.0,515.0,476.0,526.0,413.0,324.0,260.0,248.0,216.0,263.0,217.0,209.0,251.0,484.0,751.0,996.0,1206.0,1239.0,1161.0,963.0,894.0,926.0,791.0,832.0,790.0,654.0,482.0,486.0,405.0,266.0,231.0,200.0,178.0,195.0,183.0,249.0,203.0,253.0,350.0,434.0,480.0,481.0,471.0,417.0,362.0,411.0,370.0,373.0,343.0,380.0,409.0,526.0,562.0,571.0,594.0,522.0,490.0,519.0,544.0,529.0,505.0,582.0,624.0,723.0,745.0,688.0,603.0,540.0,427.0,582.0,538.0,550.0,522.0,578.0,531.0,676.0,700.0,686.0,595.0,560.0,527.0,547.0,529.0,631.0,552.0,561.0,616.0,660.0,639.0
Greenwich Village,Manhattan,neighborhood,407.0,435.0,462.0,514.0,558.0,565.0,495.0,474.0,313.0,299.0,336.0,396.0,392.0,347.0,393.0,343.0,346.0,403.0,373.0,348.0,296.0,327.0,302.0,332.0,359.0,327.0,352.0,350.0,440.0,474.0,504.0,449.0,367.0,358.0,339.0,372.0,403.0,400.0,423.0,489.0,511.0,524.0,552.0,539.0,522.0,442.0,380.0,357.0,368.0,371.0,403.0,457.0,507.0,501.0,533.0,507.0,452.0,377.0,356.0,337.0,362.0,329.0,370.0,442.0,462.0,499.0,536.0,513.0,453.0,422.0,356.0,389.0,418.0,417.0,469.0,480.0,516.0,547.0,596.0,624.0,569.0,558.0,507.0,458.0,512.0,472.0,529.0,521.0,590.0,640.0,619.0,564.0,491.0,495.0,442.0,379.0,432.0,415.0,429.0,483.0,499.0,508.0,564.0,472.0,382.0,396.0,317.0,291.0,326.0,331.0,397.0,446.0,483.0,494.0,505.0,461.0,414.0,349.0,315.0,294.0,303.0,281.0,268.0,188.0,419.0,696.0,988.0,1084.0,1129.0,1090.0,955.0,806.0,750.0,631.0,615.0,534.0,449.0,400.0,319.0,261.0,194.0,181.0,172.0,146.0,163.0,152.0,169.0,197.0,294.0,322.0,344.0,363.0,301.0,289.0,252.0,216.0,245.0,232.0,265.0,327.0,346.0,447.0,456.0,440.0,385.0,366.0,289.0,248.0,296.0,251.0,240.0,281.0,351.0,387.0,454.0,441.0,376.0,287.0,235.0,242.0,249.0,216.0,273.0,300.0,375.0,344.0,367.0,359.0,299.0,246.0,190.0,169.0,224.0,206.0,214.0,258.0,332.0,334.0,357.0,284.0
Greenwood,Brooklyn,neighborhood,27.0,22.0,15.0,15.0,20.0,21.0,12.0,15.0,11.0,13.0,17.0,14.0,19.0,39.0,29.0,25.0,18.0,29.0,28.0,28.0,14.0,15.0,19.0,14.0,17.0,14.0,20.0,18.0,25.0,33.0,26.0,17.0,15.0,19.0,15.0,18.0,25.0,21.0,20.0,22.0,33.0,36.0,44.0,47.0,49.0,67.0,66.0,62.0,82.0,97.0,91.0,86.0,120.0,105.0,129.0,122.0,107.0,101.0,70.0,81.0,106.0,103.0,102.0,90.0,109.0,136.0,148.0,143.0,132.0,130.0,114.0,94.0,90.0,92.0,86.0,91.0,109.0,158.0,162.0,181.0,167.0,139.0,130.0,118.0,107.0,114.0,147.0,161.0,218.0,231.0,258.0,236.0,206.0,318.0,180.0,161.0,164.0,148.0,169.0,192.0,251.0,326.0,302.0,316.0,207.0,212.0,189.0,196.0,206.0,189.0,212.0,205.0,193.0,210.0,225.0,223.0,149.0,142.0,117.0,83.0,120.0,129.0,95.0,92.0,173.0,191.0,270.0,325.0,290.0,288.0,236.0,213.0,228.0,190.0,222.0,244.0,219.0,208.0,217.0,214.0,140.0,148.0,140.0,102.0,101.0,102.0,93.0,109.0,119.0,96.0,120.0,114.0,105.0,108.0,102.0,103.0,140.0,131.0,124.0,103.0,144.0,153.0,175.0,166.0,129.0,129.0,117.0,114.0,103.0,116.0,114.0,135.0,152.0,139.0,166.0,182.0,147.0,138.0,105.0,92.0,107.0,114.0,124.0,144.0,143.0,157.0,162.0,180.0,187.0,172.0,157.0,161.0,164.0,152.0,169.0,159.0,173.0,164.0,145.0,147.0
Hamilton Heights,Manhattan,neighborhood,84.0,93.0,82.0,80.0,95.0,86.0,79.0,84.0,76.0,80.0,68.0,76.0,80.0,85.0,84.0,82.0,105.0,105.0,106.0,100.0,121.0,113.0,105.0,97.0,91.0,119.0,126.0,124.0,114.0,98.0,165.0,166.0,156.0,148.0,117.0,119.0,136.0,109.0,144.0,186.0,207.0,207.0,202.0,173.0,183.0,169.0,164.0,185.0,210.0,222.0,214.0,208.0,244.0,250.0,273.0,270.0,218.0,233.0,277.0,288.0,315.0,287.0,291.0,286.0,282.0,282.0,333.0,295.0,270.0,265.0,266.0,267.0,277.0,299.0,301.0,324.0,318.0,358.0,367.0,358.0,324.0,314.0,316.0,315.0,356.0,373.0,409.0,387.0,428.0,423.0,418.0,330.0,300.0,329.0,287.0,237.0,260.0,251.0,278.0,318.0,320.0,358.0,431.0,387.0,328.0,382.0,344.0,274.0,336.0,301.0,319.0,341.0,321.0,359.0,356.0,348.0,287.0,255.0,228.0,210.0,212.0,197.0,163.0,139.0,260.0,377.0,544.0,672.0,707.0,712.0,591.0,523.0,519.0,489.0,532.0,498.0,499.0,530.0,527.0,495.0,431.0,423.0,388.0,333.0,305.0,278.0,307.0,243.0,234.0,220.0,229.0,257.0,245.0,227.0,207.0,177.0,200.0,212.0,224.0,208.0,250.0,294.0,337.0,376.0,293.0,294.0,256.0,220.0,257.0,212.0,203.0,204.0,240.0,252.0,278.0,303.0,291.0,253.0,210.0,180.0,197.0,169.0,229.0,215.0,229.0,217.0,268.0,253.0,261.0,238.0,216.0,214.0,250.0,239.0,230.0,192.0,202.0,207.0,210.0,208.0
Highbridge,Bronx,neighborhood,1.0,5.0,17.0,5.0,1.0,0.0,0.0,0.0,0.0,0.0,0.0,1.0,1.0,0.0,0.0,0.0,2.0,2.0,1.0,3.0,5.0,6.0,8.0,4.0,6.0,4.0,5.0,7.0,7.0,6.0,4.0,3.0,5.0,9.0,9.0,7.0,8.0,8.0,9.0,6.0,5.0,4.0,8.0,4.0,2.0,4.0,7.0,6.0,7.0,3.0,5.0,3.0,4.0,2.0,2.0,5.0,8.0,6.0,6.0,8.0,15.0,10.0,10.0,7.0,7.0,9.0,13.0,14.0,14.0,12.0,13.0,15.0,12.0,9.0,6.0,8.0,12.0,15.0,17.0,13.0,16.0,13.0,19.0,18.0,24.0,31.0,21.0,15.0,19.0,34.0,29.0,24.0,12.0,20.0,14.0,15.0,15.0,12.0,14.0,15.0,18.0,19.0,26.0,21.0,23.0,34.0,38.0,28.0,27.0,28.0,34.0,22.0,22.0,26.0,35.0,46.0,31.0,23.0,19.0,21.0,24.0,28.0,22.0,10.0,11.0,17.0,14.0,14.0,20.0,26.0,27.0,28.0,29.0,21.0,30.0,42.0,36.0,35.0,26.0,23.0,29.0,22.0,21.0,14.0,11.0,9.0,24.0,19.0,26.0,26.0,26.0,21.0,20.0,28.0,24.0,23.0,26.0,19.0,27.0,21.0,18.0,25.0,19.0,19.0,15.0,12.0,15.0,21.0,25.0,15.0,16.0,18.0,18.0,10.0,12.0,21.0,17.0,10.0,10.0,11.0,19.0,13.0,10.0,13.0,15.0,14.0,14.0,6.0,8.0,13.0,7.0,14.0,12.0,5.0,7.0,8.0,5.0,6.0,13.0,16.0
Hillcrest,Queens,neighborhood,1.0,1.0,0.0,0.0,0.0,0.0,0.0,0.0,0.0,0.0,0.0,0.0,0.0,0.0,0.0,0.0,0.0,0.0,1.0,0.0,0.0,0.0,0.0,0.0,0.0,0.0,0.0,0.0,0.0,1.0,4.0,3.0,1.0,0.0,1.0,1.0,0.0,0.0,0.0,0.0,0.0,0.0,0.0,0.0,1.0,1.0,1.0,1.0,1.0,1.0,1.0,1.0,0.0,1.0,0.0,1.0,1.0,1.0,1.0,1.0,2.0,2.0,2.0,3.0,2.0,2.0,1.0,0.0,1.0,3.0,2.0,3.0,2.0,2.0,6.0,3.0,5.0,4.0,3.0,4.0,4.0,4.0,6.0,7.0,6.0,6.0,11.0,18.0,13.0,23.0,28.0,8.0,4.0,2.0,4.0,3.0,3.0,5.0,5.0,12.0,9.0,6.0,8.0,10.0,10.0,8.0,7.0,10.0,11.0,8.0,11.0,8.0,12.0,10.0,10.0,8.0,5.0,5.0,5.0,7.0,4.0,6.0,3.0,2.0,6.0,9.0,11.0,5.0,4.0,5.0,3.0,0.0,0.0,1.0,3.0,2.0,2.0,3.0,5.0,1.0,1.0,4.0,6.0,3.0,2.0,11.0,8.0,8.0,5.0,4.0,2.0,7.0,6.0,10.0,8.0,4.0,9.0,7.0,6.0,4.0,6.0,3.0,4.0,5.0,7.0,8.0,7.0,5.0,5.0,5.0,6.0,5.0,1.0,3.0,4.0,3.0,5.0,5.0,4.0,4.0,3.0,3.0,3.0,2.0,2.0,0.0,6.0,5.0,7.0,6.0,6.0,4.0,1.0,3.0,4.0,3.0,2.0,4.0,2.0,0.0
Hollis,Queens,neighborhood,0.0,0.0,0.0,0.0,0.0,0.0,0.0,0.0,0.0,0.0,0.0,0.0,0.0,0.0,0.0,0.0,0.0,0.0,0.0,0.0,0.0,0.0,0.0,0.0,0.0,0.0,0.0,0.0,0.0,0.0,0.0,0.0,0.0,0.0,0.0,0.0,0.0,0.0,0.0,0.0,0.0,0.0,0.0,1.0,1.0,2.0,2.0,1.0,1.0,0.0,0.0,2.0,2.0,0.0,1.0,1.0,0.0,0.0,1.0,1.0,3.0,6.0,1.0,2.0,4.0,3.0,4.0,3.0,2.0,3.0,1.0,1.0,1.0,0.0,3.0,5.0,5.0,2.0,0.0,2.0,2.0,4.0,2.0,0.0,2.0,5.0,4.0,4.0,2.0,3.0,3.0,3.0,2.0,3.0,1.0,2.0,4.0,6.0,3.0,1.0,2.0,3.0,4.0,2.0,2.0,4.0,4.0,2.0,4.0,3.0,1.0,3.0,4.0,6.0,3.0,3.0,4.0,6.0,9.0,7.0,9.0,5.0,5.0,3.0,4.0,5.0,7.0,6.0,4.0,5.0,7.0,4.0,4.0,3.0,8.0,3.0,4.0,4.0,10.0,12.0,12.0,6.0,10.0,9.0,6.0,5.0,5.0,1.0,2.0,0.0,1.0,2.0,5.0,6.0,5.0,5.0,4.0,2.0,4.0,3.0,4.0,4.0,4.0,6.0,8.0,7.0,7.0,5.0,3.0,17.0,14.0,5.0,10.0,13.0,11.0,12.0,15.0,11.0,12.0,8.0,9.0,14.0,14.0,11.0,8.0,5.0,6.0,10.0,15.0,14.0,6.0,7.0,6.0,5.0,9.0,8.0,8.0,11.0,19.0,7.0
Howard Beach,Queens,neighborhood,3.0,2.0,2.0,3.0,3.0,2.0,0.0,0.0,0.0,0.0,0.0,0.0,0.0,0.0,0.0,0.0,0.0,0.0,0.0,0.0,1.0,1.0,1.0,3.0,1.0,0.0,2.0,0.0,0.0,0.0,0.0,0.0,0.0,1.0,1.0,2.0,1.0,3.0,0.0,0.0,0.0,0.0,1.0,1.0,4.0,3.0,2.0,2.0,3.0,1.0,2.0,2.0,2.0,1.0,2.0,0.0,0.0,3.0,3.0,2.0,1.0,1.0,1.0,2.0,2.0,0.0,1.0,1.0,2.0,15.0,11.0,3.0,6.0,1.0,1.0,3.0,3.0,2.0,5.0,3.0,5.0,7.0,6.0,4.0,7.0,4.0,4.0,6.0,8.0,10.0,12.0,6.0,8.0,11.0,6.0,4.0,5.0,4.0,11.0,7.0,6.0,3.0,10.0,10.0,11.0,8.0,12.0,13.0,7.0,3.0,4.0,6.0,5.0,6.0,6.0,5.0,3.0,5.0,6.0,5.0,4.0,6.0,5.0,5.0,5.0,3.0,2.0,4.0,9.0,6.0,5.0,6.0,5.0,2.0,3.0,3.0,3.0,6.0,5.0,3.0,3.0,11.0,8.0,8.0,9.0,6.0,17.0,14.0,15.0,7.0,13.0,20.0,14.0,10.0,16.0,10.0,4.0,6.0,10.0,8.0,9.0,5.0,9.0,9.0,8.0,10.0,9.0,1.0,3.0,7.0,3.0,6.0,5.0,3.0,4.0,7.0,5.0,9.0,5.0,7.0,8.0,4.0,8.0,11.0,10.0,4.0,5.0,5.0,4.0,3.0,1.0,2.0,2.0,1.0,2.0,9.0,10.0,9.0,6.0,5.0
Hunts Point,Bronx,neighborhood,0.0,0.0,0.0,0.0,0.0,0.0,0.0,0.0,0.0,0.0,0.0,0.0,0.0,0.0,0.0,0.0,0.0,0.0,0.0,0.0,0.0,1.0,1.0,0.0,0.0,0.0,0.0,0.0,0.0,0.0,0.0,1.0,1.0,1.0,1.0,1.0,1.0,1.0,0.0,0.0,0.0,0.0,2.0,2.0,0.0,0.0,0.0,0.0,0.0,0.0,0.0,0.0,0.0,0.0,0.0,0.0,1.0,1.0,0.0,0.0,1.0,2.0,3.0,3.0,4.0,3.0,1.0,2.0,4.0,8.0,5.0,6.0,4.0,2.0,2.0,1.0,2.0,2.0,2.0,2.0,2.0,1.0,3.0,5.0,5.0,6.0,3.0,7.0,9.0,10.0,12.0,3.0,1.0,5.0,10.0,5.0,11.0,9.0,7.0,7.0,5.0,5.0,6.0,4.0,5.0,5.0,6.0,3.0,1.0,1.0,5.0,1.0,2.0,8.0,9.0,9.0,8.0,5.0,3.0,3.0,6.0,7.0,4.0,3.0,1.0,0.0,1.0,1.0,3.0,7.0,7.0,3.0,4.0,2.0,2.0,0.0,1.0,0.0,2.0,3.0,2.0,2.0,2.0,4.0,4.0,4.0,6.0,3.0,8.0,2.0,4.0,6.0,3.0,1.0,2.0,0.0,1.0,7.0,3.0,4.0,1.0,1.0,2.0,2.0,2.0,2.0,1.0,5.0,4.0,1.0,1.0,1.0,3.0,3.0,3.0,12.0,0.0,4.0,4.0,2.0,2.0,5.0,8.0,4.0,4.0,8.0,2.0,1.0,1.0,0.0,0.0,3.0,3.0,2.0,2.0,1.0,4.0,2.0,2.0,3.0
Inwood,Manhattan,neighborhood,17.0,20.0,26.0,27.0,23.0,28.0,27.0,18.0,20.0,23.0,26.0,30.0,23.0,17.0,20.0,17.0,26.0,29.0,23.0,27.0,19.0,30.0,35.0,32.0,30.0,32.0,33.0,37.0,36.0,54.0,54.0,56.0,45.0,57.0,43.0,37.0,36.0,41.0,42.0,37.0,34.0,35.0,30.0,36.0,35.0,63.0,62.0,53.0,56.0,67.0,80.0,96.0,74.0,61.0,89.0,89.0,96.0,115.0,88.0,98.0,119.0,125.0,147.0,115.0,101.0,99.0,119.0,109.0,98.0,98.0,118.0,116.0,121.0,122.0,133.0,119.0,103.0,129.0,145.0,133.0,117.0,142.0,156.0,136.0,166.0,166.0,194.0,179.0,192.0,213.0,210.0,156.0,120.0,123.0,153.0,128.0,148.0,150.0,147.0,168.0,188.0,167.0,183.0,188.0,203.0,215.0,175.0,152.0,156.0,152.0,183.0,173.0,198.0,182.0,176.0,194.0,156.0,169.0,146.0,147.0,139.0,132.0,96.0,73.0,124.0,148.0,165.0,171.0,187.0,215.0,198.0,191.0,199.0,191.0,177.0,169.0,149.0,178.0,199.0,219.0,174.0,149.0,165.0,165.0,172.0,160.0,161.0,126.0,144.0,132.0,141.0,147.0,128.0,119.0,116.0,119.0,122.0,122.0,117.0,97.0,113.0,108.0,114.0,104.0,98.0,98.0,96.0,95.0,100.0,112.0,99.0,92.0,116.0,98.0,110.0,105.0,102.0,92.0,92.0,89.0,85.0,82.0,85.0,114.0,130.0,147.0,217.0,193.0,196.0,155.0,166.0,174.0,191.0,158.0,160.0,136.0,114.0,123.0,107.0,105.0
Jackson Heights,Queens,neighborhood,12.0,10.0,11.0,9.0,7.0,12.0,11.0,10.0,11.0,11.0,9.0,14.0,10.0,10.0,14.0,16.0,23.0,28.0,19.0,20.0,12.0,10.0,18.0,19.0,22.0,17.0,13.0,18.0,19.0,20.0,21.0,18.0,18.0,20.0,23.0,21.0,32.0,19.0,23.0,33.0,27.0,16.0,20.0,21.0,18.0,29.0,39.0,39.0,47.0,65.0,75.0,76.0,67.0,60.0,56.0,52.0,54.0,87.0,109.0,123.0,135.0,128.0,141.0,153.0,105.0,87.0,100.0,103.0,117.0,111.0,100.0,90.0,100.0,107.0,122.0,91.0,88.0,73.0,64.0,74.0,90.0,113.0,109.0,104.0,131.0,165.0,191.0,201.0,229.0,215.0,191.0,104.0,127.0,146.0,126.0,128.0,143.0,156.0,154.0,151.0,147.0,135.0,129.0,135.0,146.0,152.0,172.0,145.0,138.0,120.0,150.0,150.0,151.0,141.0,134.0,128.0,116.0,128.0,124.0,148.0,140.0,133.0,123.0,74.0,104.0,146.0,162.0,170.0,189.0,171.0,157.0,167.0,189.0,163.0,196.0,174.0,158.0,156.0,139.0,123.0,154.0,131.0,121.0,88.0,116.0,106.0,128.0,124.0,112.0,104.0,98.0,141.0,115.0,118.0,122.0,114.0,136.0,135.0,161.0,120.0,128.0,123.0,148.0,152.0,145.0,139.0,143.0,97.0,108.0,100.0,87.0,81.0,84.0,100.0,120.0,110.0,126.0,130.0,108.0,87.0,108.0,112.0,102.0,95.0,85.0,81.0,70.0,93.0,99.0,101.0,80.0,72.0,92.0,102.0,99.0,79.0,111.0,112.0,122.0,109.0
Jamaica,Queens,neighborhood,1.0,1.0,2.0,1.0,0.0,0.0,0.0,0.0,2.0,2.0,2.0,2.0,9.0,12.0,5.0,8.0,7.0,5.0,4.0,4.0,2.0,3.0,3.0,3.0,14.0,13.0,13.0,14.0,14.0,16.0,17.0,3.0,2.0,4.0,4.0,1.0,0.0,3.0,4.0,10.0,19.0,18.0,15.0,12.0,13.0,15.0,16.0,11.0,10.0,9.0,12.0,8.0,9.0,7.0,9.0,9.0,12.0,15.0,21.0,23.0,13.0,6.0,8.0,9.0,10.0,10.0,11.0,17.0,16.0,12.0,18.0,13.0,15.0,15.0,16.0,11.0,9.0,9.0,7.0,27.0,30.0,26.0,28.0,25.0,30.0,42.0,59.0,44.0,43.0,60.0,58.0,10.0,13.0,26.0,38.0,45.0,27.0,21.0,27.0,24.0,28.0,32.0,29.0,32.0,27.0,34.0,34.0,28.0,46.0,38.0,49.0,35.0,40.0,48.0,50.0,60.0,63.0,50.0,37.0,43.0,51.0,47.0,38.0,20.0,36.0,42.0,55.0,56.0,61.0,54.0,52.0,51.0,77.0,85.0,96.0,93.0,68.0,93.0,76.0,139.0,100.0,108.0,110.0,77.0,108.0,122.0,109.0,137.0,145.0,126.0,113.0,126.0,122.0,102.0,118.0,135.0,137.0,106.0,125.0,137.0,118.0,119.0,148.0,145.0,148.0,206.0,242.0,191.0,179.0,149.0,157.0,168.0,164.0,160.0,164.0,173.0,185.0,197.0,173.0,184.0,209.0,210.0,209.0,225.0,213.0,217.0,244.0,203.0,210.0,221.0,185.0,195.0,199.0,222.0,253.0,238.0,240.0,283.0,259.0,241.0
Jamaica Estates,Queens,neighborhood,1.0,1.0,0.0,0.0,0.0,0.0,0.0,0.0,1.0,1.0,0.0,1.0,4.0,4.0,3.0,3.0,2.0,1.0,2.0,5.0,6.0,7.0,5.0,3.0,2.0,2.0,1.0,1.0,2.0,3.0,2.0,1.0,0.0,1.0,1.0,1.0,3.0,4.0,4.0,4.0,4.0,2.0,2.0,5.0,3.0,2.0,7.0,7.0,9.0,10.0,11.0,6.0,9.0,9.0,13.0,13.0,13.0,11.0,20.0,13.0,12.0,7.0,9.0,8.0,13.0,20.0,19.0,10.0,14.0,23.0,24.0,19.0,21.0,19.0,25.0,24.0,27.0,23.0,22.0,26.0,30.0,29.0,41.0,39.0,27.0,24.0,25.0,14.0,29.0,34.0,29.0,10.0,10.0,13.0,16.0,13.0,17.0,24.0,21.0,18.0,22.0,27.0,33.0,36.0,24.0,27.0,30.0,16.0,13.0,16.0,17.0,14.0,22.0,24.0,15.0,13.0,14.0,18.0,20.0,16.0,15.0,24.0,22.0,6.0,29.0,28.0,24.0,26.0,20.0,22.0,32.0,18.0,23.0,11.0,14.0,25.0,29.0,28.0,27.0,14.0,14.0,19.0,16.0,16.0,24.0,20.0,36.0,34.0,22.0,33.0,33.0,41.0,29.0,24.0,31.0,49.0,78.0,45.0,50.0,44.0,30.0,33.0,32.0,40.0,30.0,31.0,26.0,20.0,27.0,29.0,35.0,31.0,44.0,51.0,44.0,31.0,33.0,21.0,30.0,27.0,17.0,27.0,28.0,23.0,29.0,24.0,27.0,32.0,31.0,31.0,25.0,25.0,17.0,19.0,21.0,21.0,21.0,33.0,25.0,19.0
Jamaica Hills,Queens,neighborhood,0.0,0.0,0.0,0.0,0.0,0.0,1.0,2.0,1.0,1.0,0.0,1.0,1.0,1.0,2.0,3.0,3.0,3.0,3.0,3.0,3.0,3.0,3.0,1.0,1.0,1.0,1.0,4.0,4.0,3.0,2.0,2.0,2.0,1.0,1.0,1.0,1.0,2.0,2.0,1.0,1.0,1.0,0.0,0.0,0.0,0.0,0.0,0.0,1.0,1.0,0.0,0.0,0.0,2.0,3.0,3.0,2.0,4.0,6.0,6.0,5.0,4.0,0.0,1.0,3.0,5.0,6.0,2.0,3.0,3.0,2.0,2.0,3.0,6.0,3.0,1.0,0.0,4.0,7.0,9.0,9.0,5.0,5.0,10.0,15.0,10.0,10.0,13.0,12.0,8.0,13.0,5.0,3.0,1.0,0.0,0.0,2.0,8.0,9.0,4.0,9.0,12.0,11.0,8.0,5.0,7.0,3.0,2.0,4.0,6.0,9.0,8.0,9.0,10.0,13.0,10.0,12.0,13.0,12.0,10.0,9.0,5.0,7.0,5.0,5.0,5.0,4.0,10.0,9.0,13.0,12.0,11.0,13.0,21.0,14.0,10.0,11.0,8.0,12.0,10.0,13.0,18.0,15.0,10.0,9.0,13.0,21.0,12.0,14.0,6.0,15.0,19.0,16.0,16.0,13.0,11.0,31.0,14.0,13.0,6.0,12.0,8.0,12.0,20.0,22.0,20.0,29.0,26.0,25.0,17.0,18.0,9.0,18.0,16.0,13.0,11.0,11.0,9.0,10.0,12.0,9.0,9.0,21.0,25.0,16.0,9.0,13.0,15.0,17.0,21.0,7.0,8.0,7.0,13.0,10.0,14.0,12.0,18.0,18.0,13.0
Kensington,Brooklyn,neighborhood,18.0,18.0,14.0,10.0,7.0,9.0,9.0,11.0,16.0,16.0,21.0,14.0,8.0,19.0,29.0,19.0,25.0,25.0,20.0,16.0,15.0,14.0,15.0,20.0,18.0,19.0,21.0,29.0,27.0,20.0,27.0,28.0,32.0,25.0,19.0,25.0,33.0,31.0,20.0,16.0,25.0,30.0,31.0,28.0,43.0,79.0,66.0,55.0,67.0,60.0,67.0,67.0,78.0,82.0,84.0,89.0,92.0,108.0,121.0,141.0,146.0,138.0,131.0,115.0,113.0,163.0,158.0,159.0,172.0,179.0,149.0,130.0,131.0,116.0,144.0,154.0,150.0,155.0,157.0,148.0,153.0,146.0,144.0,133.0,158.0,178.0,212.0,197.0,218.0,270.0,274.0,200.0,184.0,200.0,218.0,194.0,192.0,189.0,192.0,207.0,218.0,201.0,236.0,221.0,177.0,228.0,226.0,219.0,229.0,226.0,232.0,223.0,276.0,252.0,224.0,217.0,153.0,153.0,164.0,114.0,123.0,134.0,138.0,90.0,119.0,185.0,259.0,260.0,299.0,261.0,235.0,227.0,207.0,219.0,211.0,233.0,211.0,248.0,253.0,238.0,205.0,213.0,178.0,138.0,141.0,152.0,161.0,149.0,141.0,143.0,162.0,163.0,125.0,99.0,109.0,90.0,119.0,130.0,120.0,83.0,141.0,143.0,144.0,103.0,80.0,82.0,105.0,72.0,83.0,85.0,114.0,117.0,118.0,128.0,137.0,123.0,123.0,137.0,121.0,118.0,128.0,109.0,110.0,115.0,159.0,172.0,182.0,137.0,112.0,89.0,71.0,41.0,62.0,63.0,76.0,89.0,103.0,120.0,132.0,110.0
Kew Gardens,Queens,neighborhood,13.0,20.0,17.0,17.0,12.0,14.0,14.0,11.0,9.0,11.0,9.0,6.0,9.0,15.0,13.0,11.0,14.0,10.0,10.0,14.0,17.0,22.0,20.0,6.0,11.0,14.0,15.0,30.0,30.0,32.0,32.0,34.0,35.0,39.0,37.0,25.0,21.0,23.0,24.0,24.0,22.0,24.0,28.0,26.0,33.0,47.0,54.0,52.0,49.0,52.0,62.0,52.0,58.0,82.0,104.0,66.0,59.0,57.0,74.0,74.0,67.0,72.0,90.0,90.0,92.0,88.0,90.0,87.0,101.0,119.0,124.0,121.0,102.0,85.0,85.0,87.0,94.0,79.0,104.0,115.0,98.0,89.0,90.0,85.0,87.0,112.0,156.0,146.0,196.0,230.0,208.0,86.0,84.0,102.0,98.0,89.0,101.0,97.0,102.0,124.0,143.0,153.0,154.0,153.0,156.0,181.0,137.0,113.0,130.0,117.0,129.0,149.0,138.0,95.0,113.0,134.0,114.0,130.0,140.0,122.0,120.0,118.0,103.0,68.0,75.0,97.0,154.0,182.0,156.0,170.0,159.0,139.0,169.0,137.0,135.0,185.0,176.0,162.0,163.0,175.0,159.0,167.0,129.0,147.0,150.0,169.0,156.0,139.0,109.0,100.0,105.0,154.0,144.0,95.0,101.0,120.0,135.0,120.0,97.0,83.0,96.0,108.0,124.0,125.0,84.0,77.0,123.0,127.0,138.0,116.0,119.0,121.0,128.0,108.0,97.0,110.0,109.0,147.0,133.0,147.0,150.0,114.0,180.0,145.0,112.0,96.0,106.0,114.0,98.0,92.0,95.0,92.0,129.0,123.0,113.0,70.0,71.0,71.0,85.0,82.0
Kew Gardens Hills,Queens,neighborhood,9.0,5.0,5.0,3.0,1.0,4.0,6.0,6.0,9.0,8.0,5.0,4.0,5.0,5.0,5.0,7.0,9.0,11.0,9.0,9.0,2.0,5.0,4.0,5.0,3.0,4.0,9.0,10.0,8.0,8.0,4.0,5.0,7.0,6.0,4.0,9.0,7.0,7.0,4.0,11.0,11.0,6.0,6.0,5.0,7.0,12.0,11.0,11.0,10.0,15.0,11.0,15.0,14.0,14.0,10.0,8.0,13.0,12.0,17.0,22.0,24.0,39.0,50.0,35.0,30.0,28.0,31.0,34.0,28.0,26.0,33.0,35.0,33.0,32.0,45.0,43.0,49.0,79.0,67.0,20.0,25.0,31.0,34.0,27.0,52.0,60.0,56.0,58.0,66.0,75.0,89.0,46.0,40.0,46.0,42.0,46.0,52.0,46.0,47.0,34.0,35.0,34.0,43.0,58.0,64.0,72.0,48.0,41.0,30.0,33.0,35.0,38.0,47.0,35.0,60.0,68.0,50.0,37.0,33.0,46.0,37.0,58.0,38.0,27.0,33.0,27.0,33.0,29.0,24.0,25.0,19.0,18.0,33.0,28.0,28.0,27.0,20.0,19.0,17.0,24.0,41.0,47.0,43.0,24.0,38.0,30.0,32.0,33.0,30.0,24.0,28.0,44.0,43.0,28.0,34.0,26.0,29.0,30.0,35.0,20.0,18.0,21.0,33.0,42.0,33.0,17.0,17.0,17.0,23.0,25.0,17.0,28.0,13.0,18.0,18.0,24.0,22.0,21.0,18.0,20.0,27.0,34.0,50.0,43.0,48.0,42.0,43.0,42.0,48.0,45.0,35.0,34.0,42.0,45.0,53.0,45.0,29.0,52.0,58.0,45.0
Kingsbridge,Bronx,neighborhood,12.0,11.0,15.0,15.0,9.0,9.0,2.0,3.0,3.0,3.0,2.0,2.0,5.0,4.0,3.0,4.0,4.0,2.0,8.0,7.0,3.0,4.0,3.0,4.0,2.0,31.0,35.0,28.0,10.0,3.0,8.0,11.0,15.0,24.0,18.0,16.0,17.0,15.0,12.0,12.0,12.0,13.0,9.0,15.0,18.0,17.0,21.0,23.0,11.0,17.0,22.0,18.0,18.0,18.0,25.0,30.0,36.0,33.0,37.0,40.0,44.0,47.0,61.0,49.0,41.0,39.0,54.0,45.0,41.0,42.0,42.0,62.0,74.0,77.0,61.0,46.0,55.0,59.0,57.0,87.0,77.0,71.0,70.0,63.0,61.0,61.0,67.0,53.0,51.0,65.0,71.0,52.0,63.0,61.0,61.0,43.0,43.0,40.0,47.0,51.0,66.0,76.0,74.0,95.0,67.0,90.0,82.0,77.0,64.0,69.0,90.0,79.0,79.0,56.0,54.0,62.0,71.0,68.0,57.0,52.0,45.0,45.0,40.0,30.0,39.0,34.0,40.0,46.0,48.0,40.0,41.0,43.0,55.0,47.0,59.0,53.0,48.0,59.0,67.0,68.0,66.0,86.0,60.0,33.0,49.0,41.0,41.0,48.0,48.0,42.0,38.0,28.0,35.0,46.0,52.0,52.0,62.0,57.0,57.0,49.0,42.0,32.0,42.0,40.0,37.0,49.0,50.0,43.0,41.0,43.0,48.0,35.0,50.0,56.0,51.0,36.0,39.0,43.0,54.0,68.0,54.0,57.0,54.0,45.0,45.0,41.0,33.0,33.0,31.0,39.0,33.0,28.0,30.0,28.0,37.0,50.0,50.0,55.0,61.0,59.0
Laconia,Bronx,neighborhood,0.0,0.0,0.0,0.0,0.0,1.0,2.0,1.0,0.0,0.0,0.0,0.0,0.0,0.0,0.0,0.0,0.0,0.0,0.0,1.0,1.0,1.0,1.0,1.0,2.0,1.0,0.0,2.0,1.0,1.0,1.0,0.0,0.0,0.0,0.0,0.0,0.0,0.0,0.0,0.0,1.0,1.0,0.0,0.0,2.0,0.0,0.0,0.0,0.0,2.0,1.0,1.0,1.0,0.0,0.0,0.0,0.0,0.0,0.0,1.0,0.0,0.0,0.0,0.0,0.0,1.0,1.0,1.0,1.0,1.0,0.0,1.0,1.0,0.0,0.0,0.0,0.0,0.0,0.0,0.0,1.0,1.0,0.0,2.0,1.0,1.0,1.0,2.0,1.0,1.0,0.0,0.0,0.0,0.0,0.0,0.0,1.0,0.0,0.0,0.0,0.0,1.0,1.0,1.0,1.0,0.0,0.0,1.0,2.0,2.0,2.0,1.0,1.0,3.0,3.0,2.0,1.0,1.0,2.0,3.0,1.0,2.0,2.0,1.0,1.0,3.0,1.0,0.0,1.0,2.0,1.0,0.0,0.0,0.0,1.0,0.0,1.0,1.0,1.0,0.0,1.0,2.0,1.0,0.0,3.0,5.0,6.0,3.0,3.0,0.0,1.0,1.0,2.0,2.0,0.0,2.0,4.0,5.0,5.0,5.0,3.0,3.0,4.0,4.0,3.0,6.0,5.0,3.0,4.0,4.0,3.0,4.0,4.0,2.0,1.0,3.0,2.0,0.0,0.0,0.0,0.0,2.0,2.0,2.0,2.0,1.0,0.0,0.0,1.0,2.0,0.0,0.0,2.0,1.0,0.0,1.0,2.0,1.0,0.0,0.0
Laurelton,Queens,neighborhood,0.0,0.0,0.0,0.0,0.0,0.0,0.0,0.0,0.0,0.0,0.0,0.0,0.0,0.0,0.0,0.0,0.0,0.0,0.0,0.0,0.0,0.0,0.0,0.0,0.0,0.0,0.0,0.0,0.0,0.0,0.0,0.0,0.0,0.0,0.0,0.0,0.0,0.0,0.0,0.0,0.0,0.0,0.0,1.0,0.0,0.0,0.0,0.0,0.0,0.0,0.0,0.0,0.0,0.0,0.0,1.0,1.0,1.0,1.0,0.0,0.0,0.0,0.0,0.0,0.0,0.0,0.0,1.0,3.0,2.0,1.0,0.0,0.0,2.0,2.0,2.0,0.0,0.0,1.0,1.0,1.0,1.0,1.0,0.0,0.0,0.0,0.0,2.0,3.0,5.0,5.0,2.0,0.0,0.0,0.0,3.0,4.0,3.0,5.0,1.0,1.0,1.0,1.0,5.0,4.0,5.0,4.0,2.0,1.0,4.0,4.0,1.0,2.0,4.0,3.0,1.0,1.0,2.0,3.0,1.0,10.0,11.0,4.0,2.0,1.0,4.0,2.0,1.0,1.0,0.0,0.0,1.0,2.0,5.0,3.0,1.0,1.0,0.0,0.0,3.0,1.0,1.0,3.0,4.0,3.0,1.0,0.0,1.0,0.0,2.0,5.0,1.0,3.0,8.0,8.0,4.0,2.0,1.0,2.0,2.0,1.0,0.0,2.0,3.0,4.0,6.0,3.0,4.0,2.0,0.0,1.0,1.0,1.0,1.0,1.0,1.0,0.0,1.0,2.0,2.0,6.0,2.0,2.0,4.0,5.0,9.0,3.0,6.0,5.0,2.0,1.0,1.0,1.0,2.0,4.0,7.0,6.0,8.0,7.0,7.0
Little Italy,Manhattan,neighborhood,78.0,86.0,82.0,74.0,67.0,68.0,60.0,58.0,39.0,57.0,66.0,68.0,65.0,71.0,76.0,60.0,45.0,42.0,63.0,62.0,46.0,36.0,33.0,37.0,49.0,49.0,40.0,33.0,37.0,44.0,40.0,68.0,41.0,34.0,37.0,42.0,51.0,54.0,46.0,47.0,44.0,50.0,56.0,45.0,44.0,50.0,42.0,39.0,56.0,60.0,71.0,70.0,76.0,62.0,58.0,65.0,74.0,64.0,72.0,67.0,69.0,61.0,61.0,70.0,58.0,64.0,87.0,76.0,52.0,62.0,65.0,75.0,68.0,91.0,83.0,87.0,91.0,106.0,90.0,100.0,73.0,77.0,99.0,101.0,110.0,96.0,93.0,95.0,113.0,126.0,144.0,112.0,82.0,65.0,48.0,61.0,56.0,53.0,59.0,64.0,95.0,92.0,115.0,121.0,88.0,76.0,78.0,74.0,71.0,85.0,79.0,108.0,115.0,111.0,110.0,114.0,101.0,92.0,83.0,62.0,58.0,50.0,56.0,66.0,146.0,175.0,211.0,197.0,200.0,196.0,143.0,149.0,150.0,142.0,131.0,104.0,84.0,82.0,82.0,74.0,57.0,47.0,42.0,46.0,43.0,34.0,37.0,35.0,52.0,66.0,88.0,71.0,54.0,48.0,58.0,54.0,72.0,61.0,70.0,63.0,67.0,96.0,104.0,82.0,69.0,69.0,57.0,40.0,47.0,60.0,60.0,65.0,72.0,88.0,116.0,98.0,74.0,70.0,74.0,51.0,60.0,48.0,46.0,57.0,65.0,67.0,84.0,69.0,57.0,54.0,34.0,30.0,30.0,31.0,43.0,46.0,55.0,60.0,76.0,68.0
Little Neck,Queens,neighborhood,1.0,1.0,1.0,0.0,1.0,1.0,1.0,1.0,1.0,1.0,1.0,1.0,1.0,1.0,1.0,0.0,0.0,0.0,0.0,0.0,0.0,0.0,1.0,1.0,1.0,1.0,1.0,2.0,2.0,2.0,1.0,3.0,4.0,3.0,2.0,3.0,6.0,7.0,8.0,6.0,7.0,5.0,3.0,2.0,2.0,0.0,2.0,2.0,0.0,0.0,0.0,0.0,0.0,5.0,4.0,7.0,8.0,9.0,6.0,4.0,5.0,4.0,2.0,6.0,7.0,2.0,1.0,2.0,2.0,5.0,5.0,5.0,4.0,2.0,4.0,6.0,6.0,6.0,8.0,5.0,5.0,8.0,5.0,4.0,5.0,6.0,5.0,6.0,6.0,14.0,17.0,2.0,1.0,1.0,1.0,2.0,0.0,0.0,1.0,1.0,4.0,2.0,4.0,4.0,2.0,3.0,5.0,3.0,3.0,3.0,2.0,4.0,4.0,5.0,3.0,6.0,6.0,10.0,8.0,7.0,4.0,3.0,2.0,2.0,3.0,0.0,2.0,4.0,4.0,2.0,1.0,0.0,1.0,4.0,5.0,0.0,0.0,2.0,3.0,2.0,2.0,6.0,3.0,4.0,6.0,4.0,5.0,5.0,5.0,4.0,5.0,2.0,2.0,4.0,2.0,2.0,1.0,1.0,2.0,3.0,2.0,1.0,1.0,2.0,3.0,1.0,1.0,3.0,4.0,7.0,6.0,3.0,5.0,5.0,10.0,6.0,2.0,3.0,3.0,3.0,2.0,2.0,3.0,2.0,1.0,2.0,3.0,3.0,1.0,1.0,1.0,3.0,0.0,1.0,1.0,2.0,4.0,3.0,6.0,4.0
Long Island City,Queens,neighborhood,109.0,120.0,140.0,141.0,98.0,100.0,110.0,114.0,128.0,123.0,96.0,80.0,58.0,80.0,75.0,85.0,112.0,132.0,109.0,120.0,125.0,109.0,103.0,90.0,116.0,473.0,482.0,399.0,562.0,502.0,472.0,333.0,220.0,187.0,133.0,156.0,181.0,175.0,184.0,180.0,171.0,247.0,317.0,412.0,474.0,507.0,466.0,349.0,383.0,348.0,344.0,909.0,782.0,1049.0,661.0,631.0,468.0,403.0,355.0,379.0,325.0,335.0,393.0,446.0,461.0,491.0,564.0,608.0,611.0,627.0,602.0,507.0,502.0,518.0,561.0,648.0,737.0,671.0,749.0,816.0,740.0,652.0,648.0,581.0,590.0,499.0,634.0,598.0,685.0,698.0,709.0,731.0,728.0,837.0,791.0,696.0,668.0,623.0,778.0,743.0,711.0,742.0,672.0,663.0,625.0,696.0,688.0,596.0,696.0,705.0,717.0,799.0,786.0,704.0,681.0,587.0,606.0,717.0,679.0,582.0,701.0,643.0,512.0,545.0,742.0,942.0,1111.0,1190.0,1200.0,1222.0,1134.0,1076.0,1090.0,1005.0,1061.0,1265.0,1264.0,1239.0,956.0,798.0,696.0,690.0,645.0,604.0,581.0,512.0,557.0,541.0,582.0,583.0,634.0,644.0,637.0,644.0,685.0,658.0,786.0,637.0,690.0,682.0,793.0,844.0,864.0,831.0,670.0,737.0,750.0,686.0,718.0,708.0,726.0,747.0,918.0,931.0,1215.0,1160.0,1048.0,990.0,959.0,893.0,971.0,879.0,987.0,1101.0,1121.0,1121.0,1248.0,1164.0,999.0,1008.0,912.0,861.0,979.0,883.0,938.0,975.0,1095.0,1112.0,1221.0,1168.0
Longwood,Bronx,neighborhood,0.0,0.0,0.0,0.0,0.0,0.0,9.0,9.0,0.0,0.0,0.0,0.0,0.0,0.0,0.0,0.0,0.0,0.0,0.0,2.0,4.0,7.0,5.0,5.0,2.0,1.0,1.0,1.0,2.0,2.0,2.0,1.0,0.0,0.0,0.0,0.0,0.0,0.0,0.0,1.0,1.0,0.0,0.0,0.0,0.0,0.0,0.0,1.0,1.0,1.0,1.0,1.0,1.0,2.0,2.0,1.0,1.0,1.0,0.0,0.0,2.0,3.0,3.0,3.0,2.0,2.0,2.0,3.0,2.0,4.0,4.0,4.0,5.0,3.0,4.0,6.0,5.0,8.0,4.0,4.0,1.0,1.0,2.0,1.0,1.0,8.0,14.0,12.0,10.0,10.0,8.0,5.0,4.0,3.0,1.0,2.0,1.0,2.0,3.0,0.0,2.0,7.0,19.0,15.0,8.0,10.0,4.0,6.0,13.0,10.0,18.0,16.0,15.0,14.0,9.0,6.0,5.0,5.0,5.0,3.0,4.0,7.0,4.0,6.0,7.0,5.0,3.0,9.0,10.0,14.0,5.0,3.0,6.0,2.0,2.0,4.0,8.0,6.0,6.0,5.0,6.0,7.0,6.0,4.0,2.0,2.0,2.0,2.0,8.0,9.0,5.0,6.0,4.0,4.0,2.0,3.0,2.0,4.0,1.0,2.0,2.0,2.0,3.0,1.0,2.0,2.0,2.0,3.0,4.0,4.0,6.0,8.0,3.0,1.0,1.0,2.0,2.0,3.0,2.0,2.0,2.0,1.0,4.0,3.0,4.0,5.0,3.0,1.0,5.0,3.0,0.0,1.0,1.0,2.0,1.0,1.0,2.0,4.0,3.0,7.0
Lower East Side,Manhattan,neighborhood,233.0,294.0,285.0,273.0,243.0,259.0,229.0,217.0,150.0,159.0,133.0,128.0,144.0,129.0,173.0,242.0,339.0,378.0,397.0,395.0,273.0,218.0,253.0,293.0,355.0,338.0,198.0,215.0,279.0,292.0,284.0,278.0,226.0,228.0,201.0,204.0,274.0,279.0,290.0,364.0,377.0,343.0,407.0,388.0,316.0,337.0,283.0,272.0,291.0,306.0,345.0,356.0,405.0,429.0,500.0,553.0,514.0,426.0,382.0,348.0,367.0,352.0,442.0,443.0,432.0,480.0,488.0,488.0,433.0,422.0,388.0,382.0,429.0,437.0,456.0,492.0,521.0,531.0,581.0,602.0,529.0,509.0,501.0,473.0,514.0,491.0,600.0,664.0,779.0,784.0,761.0,599.0,523.0,500.0,438.0,379.0,413.0,406.0,534.0,626.0,655.0,676.0,751.0,720.0,544.0,485.0,379.0,344.0,417.0,434.0,513.0,604.0,730.0,753.0,823.0,780.0,615.0,515.0,418.0,341.0,389.0,386.0,355.0,353.0,731.0,1107.0,1478.0,1583.0,1540.0,1560.0,1333.0,1187.0,1145.0,1050.0,1015.0,973.0,835.0,741.0,668.0,519.0,432.0,428.0,412.0,322.0,346.0,369.0,437.0,478.0,571.0,637.0,716.0,722.0,628.0,556.0,502.0,422.0,468.0,483.0,572.0,669.0,792.0,798.0,896.0,900.0,711.0,678.0,638.0,538.0,515.0,457.0,517.0,642.0,738.0,828.0,897.0,872.0,757.0,668.0,501.0,429.0,395.0,380.0,432.0,502.0,591.0,727.0,732.0,677.0,524.0,464.0,334.0,293.0,341.0,258.0,372.0,470.0,519.0,571.0,584.0,552.0
Manhattan,Manhattan,borough,12731.0,13212.0,13403.0,13609.0,12858.0,13399.0,12781.0,12093.0,10186.0,10214.0,9925.0,9943.0,10398.0,10047.0,11089.0,11015.0,11636.0,12274.0,12197.0,12562.0,11274.0,11135.0,10492.0,10055.0,10975.0,11251.0,12134.0,12436.0,13443.0,14214.0,15008.0,14629.0,12703.0,12481.0,12195.0,11752.0,13077.0,12942.0,14127.0,15606.0,16340.0,16414.0,17565.0,17386.0,15935.0,16872.0,15495.0,15087.0,15919.0,16146.0,17517.0,18535.0,20217.0,19820.0,20366.0,19804.0,18378.0,17812.0,16270.0,16027.0,17170.0,16576.0,18460.0,19406.0,20240.0,21705.0,22652.0,21493.0,19237.0,18916.0,17584.0,16903.0,17755.0,18064.0,19485.0,20242.0,21795.0,23664.0,24169.0,24865.0,22201.0,21472.0,20757.0,19123.0,20886.0,20148.0,22209.0,22479.0,25209.0,26668.0,26122.0,21811.0,19927.0,20040.0,18385.0,16524.0,17731.0,17117.0,18408.0,19757.0,21725.0,22342.0,23213.0,22478.0,18770.0,19074.0,16941.0,15084.0,16666.0,15828.0,17675.0,19601.0,21397.0,21666.0,22042.0,20567.0,17332.0,16220.0,14256.0,12968.0,14078.0,12846.0,11897.0,11367.0,18961.0,27648.0,36532.0,40356.0,40165.0,40086.0,35610.0,32620.0,32266.0,29250.0,29808.0,27841.0,25297.0,23936.0,21182.0,18266.0,14252.0,12807.0,11263.0,9864.0,10303.0,10101.0,11575.0,11815.0,13559.0,15002.0,15906.0,16377.0,14521.0,14088.0,13566.0,12467.0,13903.0,12921.0,14587.0,15158.0,17792.0,19229.0,20104.0,20460.0,17733.0,17344.0,15604.0,13879.0,14692.0,13768.0,14209.0,15367.0,17699.0,18610.0,20437.0,19255.0,16971.0,15678.0,13310.0,11934.0,12527.0,11507.0,13136.0,14834.0,16986.0,17308.0,18533.0,17058.0,15224.0,14104.0,12085.0,11290.0,12031.0,11484.0,13393.0,14234.0,15197.0,16525.0,17019.0,15665.0
Manhattan Beach,Brooklyn,neighborhood,0.0,0.0,0.0,0.0,2.0,2.0,2.0,2.0,2.0,0.0,0.0,0.0,0.0,0.0,0.0,0.0,0.0,0.0,0.0,0.0,0.0,0.0,0.0,2.0,3.0,2.0,1.0,1.0,1.0,0.0,3.0,3.0,3.0,3.0,3.0,3.0,3.0,0.0,0.0,1.0,1.0,2.0,2.0,1.0,0.0,2.0,1.0,0.0,0.0,0.0,0.0,0.0,0.0,1.0,0.0,1.0,2.0,2.0,1.0,3.0,2.0,1.0,2.0,1.0,1.0,2.0,6.0,8.0,8.0,6.0,10.0,10.0,9.0,8.0,7.0,8.0,11.0,5.0,3.0,4.0,8.0,7.0,5.0,5.0,9.0,11.0,6.0,6.0,9.0,7.0,7.0,4.0,2.0,2.0,2.0,0.0,1.0,3.0,2.0,3.0,3.0,4.0,0.0,2.0,3.0,0.0,2.0,6.0,7.0,4.0,2.0,1.0,2.0,4.0,2.0,2.0,3.0,2.0,2.0,2.0,0.0,0.0,0.0,0.0,0.0,1.0,4.0,4.0,2.0,3.0,3.0,3.0,3.0,2.0,2.0,1.0,1.0,2.0,2.0,4.0,1.0,2.0,1.0,1.0,2.0,1.0,1.0,1.0,1.0,1.0,1.0,0.0,0.0,0.0,2.0,2.0,0.0,1.0,1.0,1.0,0.0,0.0,0.0,3.0,1.0,3.0,3.0,1.0,0.0,0.0,0.0,0.0,0.0,1.0,2.0,5.0,4.0,2.0,2.0,0.0,0.0,4.0,3.0,1.0,1.0,0.0,2.0,1.0,4.0,2.0,4.0,3.0,2.0,3.0,2.0,0.0,1.0,3.0,1.0,0.0
Marble Hill,Manhattan,neighborhood,0.0,0.0,0.0,1.0,1.0,0.0,0.0,0.0,0.0,0.0,0.0,0.0,0.0,0.0,0.0,0.0,0.0,0.0,0.0,0.0,0.0,0.0,0.0,0.0,0.0,1.0,1.0,1.0,0.0,0.0,0.0,0.0,2.0,1.0,1.0,1.0,2.0,5.0,3.0,3.0,2.0,1.0,1.0,4.0,4.0,5.0,6.0,6.0,5.0,4.0,2.0,1.0,3.0,6.0,5.0,7.0,7.0,7.0,6.0,8.0,8.0,6.0,6.0,6.0,5.0,10.0,6.0,6.0,5.0,2.0,2.0,4.0,2.0,4.0,4.0,1.0,1.0,2.0,3.0,6.0,6.0,8.0,8.0,3.0,6.0,3.0,5.0,5.0,4.0,4.0,13.0,19.0,10.0,8.0,5.0,6.0,6.0,11.0,10.0,12.0,9.0,7.0,12.0,15.0,14.0,11.0,10.0,9.0,9.0,13.0,17.0,13.0,9.0,6.0,16.0,15.0,10.0,9.0,15.0,10.0,11.0,10.0,13.0,8.0,9.0,7.0,5.0,9.0,5.0,5.0,5.0,6.0,9.0,9.0,9.0,10.0,11.0,13.0,8.0,12.0,12.0,7.0,6.0,6.0,12.0,11.0,6.0,4.0,8.0,8.0,5.0,5.0,9.0,8.0,8.0,5.0,3.0,4.0,4.0,6.0,7.0,3.0,5.0,3.0,6.0,6.0,4.0,4.0,5.0,4.0,4.0,4.0,4.0,4.0,5.0,6.0,3.0,5.0,3.0,4.0,5.0,4.0,4.0,2.0,5.0,7.0,17.0,19.0,30.0,18.0,17.0,28.0,20.0,19.0,32.0,20.0,21.0,14.0,11.0,4.0
Marine Park,Brooklyn,neighborhood,0.0,0.0,0.0,0.0,0.0,0.0,1.0,1.0,0.0,1.0,0.0,0.0,0.0,6.0,6.0,5.0,5.0,5.0,4.0,5.0,4.0,4.0,3.0,3.0,1.0,1.0,1.0,0.0,0.0,0.0,0.0,0.0,1.0,1.0,1.0,1.0,1.0,2.0,2.0,2.0,3.0,2.0,0.0,0.0,1.0,5.0,3.0,4.0,5.0,3.0,2.0,3.0,3.0,5.0,2.0,2.0,3.0,6.0,6.0,8.0,5.0,3.0,5.0,9.0,12.0,11.0,10.0,14.0,13.0,8.0,8.0,12.0,7.0,4.0,11.0,9.0,13.0,10.0,9.0,12.0,11.0,7.0,8.0,12.0,15.0,14.0,11.0,11.0,14.0,17.0,16.0,11.0,4.0,5.0,7.0,14.0,10.0,9.0,6.0,8.0,5.0,5.0,8.0,10.0,9.0,14.0,13.0,11.0,10.0,16.0,12.0,10.0,8.0,7.0,4.0,19.0,14.0,8.0,9.0,8.0,8.0,4.0,3.0,2.0,3.0,3.0,1.0,5.0,8.0,7.0,15.0,18.0,17.0,9.0,11.0,8.0,9.0,6.0,5.0,8.0,14.0,9.0,5.0,5.0,4.0,6.0,11.0,11.0,7.0,10.0,5.0,8.0,7.0,5.0,11.0,9.0,7.0,4.0,6.0,4.0,6.0,3.0,3.0,3.0,3.0,3.0,7.0,4.0,5.0,7.0,4.0,4.0,2.0,5.0,4.0,3.0,8.0,10.0,5.0,4.0,5.0,7.0,9.0,5.0,7.0,8.0,6.0,6.0,3.0,6.0,10.0,9.0,8.0,7.0,2.0,3.0,2.0,1.0,2.0,3.0
Maspeth,Queens,neighborhood,0.0,0.0,1.0,1.0,3.0,0.0,0.0,1.0,3.0,4.0,4.0,3.0,2.0,2.0,5.0,3.0,3.0,0.0,0.0,0.0,1.0,1.0,4.0,4.0,3.0,2.0,2.0,3.0,1.0,3.0,5.0,4.0,3.0,3.0,7.0,4.0,8.0,11.0,8.0,5.0,4.0,2.0,3.0,2.0,1.0,2.0,5.0,5.0,10.0,14.0,13.0,7.0,6.0,9.0,9.0,12.0,10.0,12.0,9.0,13.0,31.0,39.0,56.0,38.0,26.0,35.0,31.0,14.0,18.0,31.0,45.0,45.0,39.0,25.0,21.0,38.0,35.0,25.0,24.0,34.0,43.0,47.0,40.0,42.0,42.0,55.0,57.0,51.0,77.0,86.0,88.0,60.0,50.0,45.0,47.0,40.0,51.0,52.0,40.0,43.0,47.0,49.0,39.0,56.0,54.0,82.0,75.0,65.0,71.0,66.0,48.0,44.0,49.0,59.0,59.0,71.0,58.0,62.0,47.0,34.0,37.0,42.0,30.0,32.0,37.0,46.0,58.0,94.0,68.0,48.0,42.0,48.0,70.0,61.0,66.0,56.0,59.0,58.0,55.0,61.0,64.0,57.0,43.0,28.0,48.0,49.0,56.0,55.0,47.0,56.0,56.0,77.0,55.0,71.0,72.0,44.0,61.0,60.0,77.0,70.0,47.0,56.0,59.0,54.0,52.0,56.0,55.0,34.0,46.0,35.0,36.0,29.0,42.0,39.0,43.0,43.0,57.0,50.0,48.0,42.0,68.0,56.0,51.0,53.0,56.0,38.0,44.0,45.0,48.0,53.0,58.0,46.0,56.0,52.0,63.0,50.0,46.0,65.0,80.0,80.0
Melrose,Bronx,neighborhood,0.0,0.0,0.0,0.0,0.0,3.0,3.0,1.0,1.0,1.0,0.0,0.0,0.0,0.0,0.0,0.0,0.0,0.0,0.0,1.0,11.0,17.0,20.0,14.0,5.0,2.0,1.0,1.0,1.0,1.0,1.0,0.0,0.0,0.0,0.0,0.0,0.0,0.0,0.0,0.0,0.0,0.0,0.0,0.0,1.0,1.0,4.0,3.0,3.0,2.0,1.0,1.0,2.0,4.0,4.0,1.0,4.0,4.0,2.0,3.0,1.0,1.0,4.0,5.0,4.0,2.0,3.0,4.0,4.0,3.0,4.0,2.0,4.0,4.0,3.0,4.0,3.0,4.0,2.0,6.0,8.0,4.0,1.0,2.0,5.0,9.0,10.0,14.0,13.0,12.0,17.0,10.0,8.0,11.0,12.0,7.0,9.0,11.0,10.0,7.0,11.0,24.0,8.0,18.0,12.0,14.0,4.0,8.0,11.0,13.0,11.0,12.0,18.0,16.0,26.0,22.0,19.0,17.0,11.0,13.0,18.0,11.0,10.0,7.0,7.0,8.0,9.0,20.0,5.0,13.0,21.0,8.0,10.0,7.0,8.0,13.0,9.0,11.0,13.0,9.0,10.0,10.0,19.0,19.0,16.0,9.0,19.0,14.0,17.0,12.0,11.0,20.0,22.0,20.0,4.0,6.0,7.0,9.0,14.0,17.0,5.0,11.0,10.0,16.0,14.0,13.0,16.0,12.0,13.0,7.0,6.0,8.0,10.0,23.0,13.0,14.0,11.0,6.0,7.0,5.0,11.0,11.0,13.0,13.0,15.0,13.0,10.0,9.0,9.0,6.0,7.0,9.0,8.0,8.0,8.0,11.0,15.0,14.0,7.0,7.0
Middle Village,Queens,neighborhood,1.0,2.0,2.0,1.0,0.0,0.0,0.0,0.0,0.0,0.0,0.0,0.0,0.0,0.0,1.0,1.0,0.0,0.0,0.0,0.0,1.0,0.0,0.0,0.0,0.0,0.0,1.0,0.0,1.0,1.0,1.0,1.0,0.0,0.0,0.0,1.0,1.0,0.0,0.0,0.0,0.0,1.0,1.0,1.0,2.0,2.0,1.0,1.0,4.0,6.0,4.0,2.0,5.0,10.0,10.0,3.0,4.0,10.0,15.0,8.0,10.0,7.0,15.0,21.0,18.0,19.0,18.0,15.0,14.0,16.0,18.0,18.0,17.0,15.0,18.0,13.0,12.0,10.0,12.0,13.0,14.0,21.0,20.0,14.0,19.0,22.0,24.0,25.0,30.0,34.0,29.0,18.0,14.0,15.0,15.0,13.0,12.0,17.0,15.0,15.0,16.0,19.0,22.0,26.0,29.0,18.0,30.0,30.0,33.0,29.0,24.0,24.0,26.0,27.0,26.0,33.0,32.0,27.0,25.0,17.0,19.0,21.0,16.0,8.0,10.0,15.0,20.0,17.0,20.0,26.0,37.0,35.0,29.0,28.0,34.0,29.0,30.0,31.0,26.0,33.0,22.0,43.0,54.0,36.0,32.0,30.0,35.0,27.0,31.0,34.0,24.0,33.0,25.0,21.0,21.0,27.0,27.0,36.0,28.0,30.0,35.0,21.0,27.0,35.0,23.0,34.0,30.0,36.0,38.0,43.0,33.0,16.0,23.0,26.0,27.0,30.0,23.0,23.0,24.0,14.0,21.0,19.0,27.0,33.0,34.0,18.0,24.0,29.0,26.0,21.0,22.0,17.0,9.0,15.0,25.0,18.0,24.0,29.0,37.0,30.0
Midtown,Manhattan,neighborhood,483.0,451.0,419.0,446.0,406.0,380.0,364.0,396.0,372.0,384.0,359.0,386.0,384.0,364.0,379.0,358.0,395.0,405.0,378.0,382.0,375.0,347.0,333.0,338.0,351.0,379.0,402.0,450.0,456.0,435.0,457.0,422.0,411.0,413.0,394.0,387.0,407.0,372.0,412.0,431.0,461.0,445.0,503.0,487.0,469.0,448.0,414.0,394.0,430.0,437.0,479.0,493.0,484.0,439.0,494.0,492.0,445.0,490.0,480.0,500.0,494.0,505.0,530.0,527.0,498.0,522.0,511.0,530.0,529.0,556.0,500.0,514.0,549.0,565.0,618.0,622.0,623.0,644.0,619.0,635.0,609.0,647.0,618.0,532.0,584.0,518.0,589.0,584.0,644.0,638.0,575.0,485.0,461.0,501.0,490.0,462.0,498.0,414.0,454.0,467.0,492.0,493.0,496.0,526.0,474.0,497.0,428.0,404.0,472.0,440.0,464.0,507.0,504.0,444.0,502.0,456.0,407.0,420.0,427.0,410.0,448.0,397.0,366.0,319.0,401.0,559.0,716.0,775.0,788.0,811.0,759.0,715.0,778.0,666.0,692.0,656.0,568.0,499.0,412.0,417.0,328.0,305.0,282.0,223.0,241.0,239.0,280.0,267.0,280.0,282.0,325.0,402.0,393.0,364.0,318.0,344.0,350.0,346.0,368.0,350.0,412.0,427.0,434.0,438.0,432.0,463.0,407.0,385.0,451.0,373.0,395.0,383.0,399.0,400.0,446.0,424.0,364.0,390.0,343.0,301.0,311.0,301.0,309.0,326.0,332.0,345.0,394.0,382.0,359.0,382.0,363.0,337.0,357.0,346.0,404.0,441.0,405.0,393.0,395.0,390.0
Midtown East,Manhattan,neighborhood,1490.0,1613.0,1672.0,1736.0,1562.0,1521.0,1451.0,1498.0,1255.0,1158.0,1086.0,1087.0,1136.0,1161.0,1284.0,1339.0,1437.0,1416.0,1330.0,1388.0,1313.0,1301.0,1232.0,1130.0,1177.0,1273.0,1345.0,1342.0,1399.0,1426.0,1555.0,1536.0,1388.0,1346.0,1291.0,1224.0,1383.0,1393.0,1552.0,1638.0,1671.0,1679.0,1839.0,1744.0,1622.0,1726.0,1642.0,1610.0,1729.0,1714.0,1902.0,1954.0,1973.0,1927.0,2056.0,1983.0,1900.0,1804.0,1581.0,1619.0,1708.0,1713.0,1842.0,1940.0,1989.0,2103.0,2143.0,2084.0,1979.0,1896.0,1737.0,1707.0,1830.0,1791.0,1934.0,2011.0,2191.0,2348.0,2342.0,2552.0,2175.0,2206.0,2051.0,1840.0,2091.0,2086.0,2314.0,2425.0,2680.0,2856.0,2749.0,2303.0,2173.0,2248.0,2048.0,1883.0,1897.0,1889.0,2017.0,2114.0,2423.0,2296.0,2420.0,2327.0,2063.0,2112.0,1816.0,1641.0,1853.0,1682.0,1872.0,2119.0,2223.0,2173.0,2259.0,2149.0,1843.0,1794.0,1613.0,1554.0,1663.0,1433.0,1214.0,1167.0,1874.0,2787.0,3748.0,4329.0,4318.0,4362.0,3990.0,3740.0,3694.0,3479.0,3520.0,3375.0,3076.0,2722.0,2233.0,1880.0,1487.0,1358.0,1181.0,1091.0,1136.0,1178.0,1343.0,1314.0,1444.0,1525.0,1672.0,1846.0,1607.0,1615.0,1549.0,1402.0,1548.0,1489.0,1666.0,1737.0,1977.0,2149.0,2176.0,2340.0,2143.0,2081.0,1850.0,1632.0,1717.0,1623.0,1719.0,1858.0,2177.0,2140.0,2302.0,2213.0,2022.0,1870.0,1531.0,1407.0,1471.0,1429.0,1594.0,1835.0,2040.0,2000.0,2099.0,1998.0,1858.0,1697.0,1483.0,1397.0,1459.0,1433.0,1690.0,1803.0,1875.0,1930.0,1998.0,1867.0
Midtown South,Manhattan,neighborhood,162.0,166.0,185.0,204.0,186.0,183.0,185.0,180.0,167.0,157.0,145.0,128.0,131.0,139.0,150.0,146.0,157.0,147.0,127.0,166.0,170.0,174.0,178.0,154.0,172.0,209.0,219.0,199.0,181.0,179.0,182.0,189.0,178.0,184.0,188.0,171.0,196.0,195.0,201.0,209.0,235.0,252.0,257.0,255.0,242.0,248.0,223.0,214.0,244.0,233.0,239.0,244.0,234.0,236.0,266.0,246.0,233.0,273.0,250.0,253.0,263.0,271.0,290.0,288.0,292.0,302.0,317.0,281.0,263.0,264.0,262.0,231.0,259.0,264.0,279.0,281.0,304.0,351.0,343.0,318.0,259.0,290.0,280.0,306.0,330.0,308.0,321.0,306.0,357.0,377.0,336.0,264.0,236.0,286.0,272.0,285.0,250.0,247.0,307.0,281.0,291.0,292.0,335.0,297.0,242.0,275.0,239.0,222.0,262.0,227.0,256.0,314.0,287.0,256.0,287.0,276.0,224.0,240.0,211.0,186.0,191.0,188.0,191.0,169.0,266.0,346.0,487.0,534.0,480.0,518.0,503.0,494.0,437.0,393.0,436.0,393.0,355.0,301.0,215.0,175.0,169.0,158.0,139.0,102.0,116.0,126.0,161.0,173.0,180.0,217.0,232.0,250.0,247.0,225.0,223.0,178.0,198.0,183.0,208.0,228.0,264.0,267.0,305.0,309.0,244.0,248.0,230.0,225.0,206.0,193.0,215.0,259.0,280.0,296.0,282.0,313.0,261.0,233.0,208.0,206.0,209.0,204.0,226.0,257.0,265.0,255.0,279.0,254.0,257.0,229.0,205.0,189.0,184.0,184.0,199.0,253.0,220.0,286.0,304.0,283.0
Midtown West,Manhattan,neighborhood,755.0,802.0,785.0,858.0,797.0,883.0,901.0,706.0,622.0,671.0,650.0,602.0,619.0,634.0,654.0,691.0,745.0,774.0,735.0,810.0,753.0,750.0,756.0,725.0,815.0,828.0,874.0,824.0,864.0,972.0,980.0,974.0,880.0,846.0,893.0,843.0,929.0,931.0,1010.0,1089.0,1075.0,1097.0,1135.0,1200.0,1038.0,1098.0,1042.0,1057.0,1155.0,1143.0,1229.0,1206.0,1370.0,1284.0,1323.0,1363.0,1273.0,1359.0,1269.0,1250.0,1334.0,1425.0,1456.0,1572.0,1410.0,1578.0,1577.0,1576.0,1430.0,1479.0,1491.0,1425.0,1464.0,1465.0,1599.0,1600.0,1625.0,1782.0,1781.0,1857.0,1727.0,1606.0,1646.0,1507.0,1671.0,1586.0,1786.0,1798.0,1950.0,1911.0,1909.0,1681.0,1461.0,1521.0,1446.0,1385.0,1461.0,1414.0,1467.0,1563.0,1649.0,1690.0,1650.0,1690.0,1394.0,1555.0,1460.0,1439.0,1551.0,1351.0,1445.0,1551.0,1631.0,1642.0,1620.0,1507.0,1372.0,1385.0,1193.0,1140.0,1243.0,1160.0,1060.0,1079.0,1493.0,2110.0,2724.0,2890.0,2876.0,2897.0,2603.0,2367.0,2378.0,2157.0,2277.0,2168.0,2016.0,1812.0,1520.0,1287.0,1015.0,947.0,783.0,702.0,703.0,799.0,931.0,857.0,967.0,1010.0,1153.0,1254.0,1028.0,1113.0,1120.0,1075.0,1217.0,1103.0,1256.0,1277.0,1448.0,1578.0,1603.0,1614.0,1438.0,1386.0,1258.0,1230.0,1247.0,1164.0,1277.0,1337.0,1479.0,1535.0,1617.0,1553.0,1433.0,1431.0,1232.0,1106.0,1234.0,1112.0,1263.0,1364.0,1505.0,1530.0,1622.0,1485.0,1310.0,1284.0,1134.0,1063.0,1174.0,1102.0,1175.0,1294.0,1391.0,1484.0,1562.0,1392.0
Midwood,Brooklyn,neighborhood,12.0,13.0,13.0,13.0,7.0,10.0,13.0,13.0,4.0,12.0,14.0,16.0,18.0,32.0,42.0,31.0,36.0,28.0,30.0,40.0,38.0,39.0,32.0,43.0,32.0,39.0,28.0,24.0,28.0,40.0,44.0,42.0,28.0,41.0,35.0,34.0,43.0,50.0,52.0,55.0,46.0,33.0,43.0,47.0,49.0,49.0,58.0,48.0,47.0,54.0,68.0,64.0,70.0,93.0,101.0,119.0,117.0,99.0,80.0,99.0,87.0,84.0,91.0,109.0,118.0,146.0,165.0,166.0,155.0,158.0,132.0,129.0,106.0,116.0,133.0,146.0,156.0,137.0,125.0,141.0,147.0,118.0,130.0,129.0,176.0,232.0,278.0,259.0,307.0,291.0,245.0,132.0,151.0,174.0,193.0,192.0,185.0,186.0,200.0,191.0,222.0,230.0,263.0,249.0,231.0,303.0,251.0,207.0,219.0,207.0,269.0,228.0,323.0,282.0,278.0,329.0,257.0,224.0,253.0,229.0,224.0,205.0,186.0,127.0,197.0,209.0,252.0,266.0,284.0,259.0,273.0,300.0,280.0,247.0,270.0,261.0,281.0,303.0,283.0,280.0,234.0,274.0,217.0,226.0,223.0,207.0,231.0,184.0,211.0,183.0,191.0,191.0,151.0,106.0,144.0,140.0,159.0,177.0,190.0,159.0,168.0,158.0,165.0,158.0,133.0,126.0,151.0,153.0,151.0,170.0,201.0,171.0,189.0,172.0,211.0,203.0,217.0,193.0,165.0,173.0,194.0,158.0,173.0,164.0,203.0,216.0,253.0,235.0,206.0,188.0,192.0,175.0,222.0,185.0,178.0,162.0,199.0,218.0,210.0,186.0
Mill Basin,Brooklyn,neighborhood,0.0,0.0,0.0,0.0,0.0,0.0,0.0,0.0,0.0,0.0,0.0,0.0,0.0,0.0,0.0,0.0,0.0,0.0,0.0,0.0,0.0,0.0,0.0,0.0,0.0,0.0,1.0,1.0,0.0,0.0,1.0,1.0,0.0,2.0,2.0,0.0,0.0,0.0,1.0,1.0,1.0,0.0,0.0,3.0,3.0,5.0,4.0,0.0,0.0,0.0,0.0,0.0,0.0,4.0,5.0,6.0,6.0,8.0,7.0,4.0,2.0,3.0,2.0,1.0,0.0,1.0,3.0,0.0,1.0,1.0,1.0,1.0,2.0,2.0,3.0,2.0,4.0,1.0,0.0,0.0,0.0,0.0,1.0,2.0,2.0,4.0,4.0,4.0,3.0,5.0,3.0,0.0,0.0,1.0,3.0,5.0,3.0,6.0,4.0,2.0,2.0,2.0,4.0,10.0,8.0,4.0,4.0,4.0,2.0,1.0,4.0,3.0,2.0,2.0,1.0,1.0,2.0,1.0,3.0,3.0,4.0,0.0,1.0,1.0,1.0,2.0,1.0,0.0,1.0,0.0,2.0,3.0,2.0,0.0,1.0,2.0,3.0,5.0,2.0,4.0,2.0,1.0,1.0,2.0,2.0,4.0,3.0,2.0,1.0,2.0,2.0,1.0,2.0,2.0,1.0,1.0,3.0,2.0,4.0,1.0,2.0,4.0,2.0,2.0,3.0,4.0,0.0,0.0,0.0,0.0,1.0,0.0,1.0,1.0,0.0,1.0,1.0,2.0,1.0,1.0,1.0,2.0,1.0,1.0,3.0,3.0,1.0,0.0,2.0,3.0,2.0,1.0,1.0,0.0,3.0,3.0,3.0,1.0,0.0,1.0
Morningside Heights,Manhattan,neighborhood,46.0,55.0,67.0,65.0,42.0,43.0,48.0,35.0,27.0,31.0,30.0,27.0,31.0,34.0,43.0,44.0,52.0,46.0,38.0,46.0,28.0,30.0,29.0,25.0,17.0,33.0,45.0,65.0,62.0,74.0,97.0,91.0,41.0,34.0,31.0,39.0,46.0,42.0,50.0,56.0,60.0,81.0,117.0,114.0,61.0,50.0,50.0,51.0,80.0,58.0,69.0,90.0,141.0,132.0,151.0,126.0,89.0,88.0,83.0,85.0,94.0,85.0,91.0,129.0,133.0,158.0,173.0,173.0,146.0,126.0,125.0,113.0,118.0,107.0,114.0,130.0,158.0,187.0,201.0,214.0,178.0,173.0,162.0,138.0,148.0,128.0,110.0,117.0,149.0,209.0,216.0,180.0,173.0,166.0,130.0,99.0,119.0,109.0,116.0,116.0,143.0,189.0,198.0,177.0,112.0,132.0,116.0,108.0,139.0,102.0,120.0,138.0,152.0,183.0,217.0,184.0,109.0,102.0,88.0,101.0,96.0,97.0,105.0,90.0,136.0,213.0,263.0,309.0,285.0,287.0,248.0,231.0,215.0,181.0,210.0,218.0,230.0,248.0,189.0,123.0,74.0,71.0,68.0,75.0,64.0,59.0,68.0,104.0,126.0,131.0,132.0,112.0,84.0,91.0,91.0,73.0,82.0,69.0,91.0,91.0,125.0,155.0,168.0,150.0,113.0,97.0,107.0,113.0,111.0,78.0,96.0,137.0,143.0,169.0,217.0,182.0,131.0,116.0,104.0,97.0,105.0,85.0,111.0,155.0,215.0,206.0,205.0,167.0,135.0,103.0,93.0,89.0,83.0,83.0,99.0,137.0,171.0,205.0,209.0,176.0
Morris Heights,Bronx,neighborhood,0.0,0.0,0.0,0.0,0.0,0.0,0.0,1.0,1.0,0.0,0.0,0.0,0.0,0.0,0.0,0.0,0.0,0.0,0.0,0.0,0.0,0.0,1.0,0.0,0.0,0.0,0.0,0.0,0.0,0.0,0.0,2.0,1.0,1.0,1.0,1.0,0.0,0.0,0.0,0.0,1.0,1.0,0.0,0.0,0.0,1.0,2.0,1.0,2.0,1.0,1.0,2.0,4.0,3.0,4.0,6.0,5.0,5.0,6.0,5.0,6.0,9.0,9.0,5.0,4.0,5.0,6.0,9.0,15.0,12.0,9.0,6.0,10.0,16.0,23.0,10.0,9.0,9.0,7.0,14.0,19.0,16.0,16.0,15.0,14.0,18.0,22.0,16.0,18.0,23.0,23.0,22.0,16.0,21.0,17.0,9.0,5.0,5.0,7.0,6.0,7.0,8.0,12.0,18.0,20.0,11.0,9.0,14.0,12.0,11.0,13.0,11.0,8.0,10.0,15.0,13.0,30.0,33.0,20.0,19.0,18.0,17.0,10.0,5.0,6.0,19.0,15.0,25.0,22.0,15.0,12.0,10.0,8.0,4.0,7.0,8.0,10.0,6.0,11.0,14.0,15.0,9.0,9.0,7.0,7.0,6.0,10.0,7.0,15.0,14.0,8.0,13.0,18.0,12.0,19.0,17.0,9.0,11.0,10.0,10.0,12.0,5.0,7.0,3.0,3.0,3.0,4.0,4.0,7.0,8.0,11.0,5.0,7.0,3.0,3.0,7.0,7.0,9.0,7.0,9.0,3.0,1.0,6.0,7.0,10.0,3.0,4.0,3.0,2.0,5.0,7.0,6.0,9.0,8.0,14.0,9.0,4.0,2.0,6.0,9.0
Morris Park,Bronx,neighborhood,2.0,2.0,1.0,0.0,0.0,2.0,4.0,4.0,3.0,8.0,4.0,3.0,3.0,2.0,1.0,0.0,2.0,2.0,1.0,2.0,3.0,6.0,5.0,5.0,6.0,1.0,2.0,2.0,3.0,3.0,4.0,4.0,3.0,6.0,4.0,2.0,2.0,2.0,2.0,2.0,2.0,2.0,3.0,6.0,4.0,3.0,2.0,6.0,5.0,8.0,14.0,13.0,10.0,7.0,26.0,42.0,36.0,43.0,38.0,22.0,24.0,33.0,43.0,52.0,39.0,53.0,45.0,32.0,20.0,18.0,25.0,47.0,71.0,69.0,58.0,62.0,56.0,44.0,35.0,49.0,46.0,40.0,36.0,27.0,30.0,23.0,36.0,46.0,52.0,43.0,35.0,27.0,35.0,44.0,38.0,35.0,36.0,25.0,24.0,23.0,36.0,38.0,33.0,26.0,20.0,33.0,38.0,28.0,31.0,35.0,39.0,37.0,47.0,24.0,17.0,19.0,15.0,16.0,17.0,8.0,10.0,13.0,17.0,16.0,7.0,23.0,25.0,24.0,17.0,14.0,11.0,13.0,12.0,17.0,18.0,15.0,14.0,10.0,19.0,18.0,11.0,7.0,12.0,6.0,8.0,7.0,6.0,8.0,8.0,20.0,14.0,14.0,9.0,8.0,12.0,17.0,19.0,15.0,16.0,22.0,17.0,13.0,14.0,10.0,11.0,7.0,12.0,11.0,4.0,8.0,11.0,10.0,10.0,11.0,8.0,3.0,7.0,7.0,3.0,4.0,12.0,10.0,7.0,7.0,10.0,11.0,10.0,7.0,7.0,9.0,5.0,5.0,4.0,0.0,2.0,5.0,5.0,1.0,9.0,7.0
Morrisania,Bronx,neighborhood,0.0,0.0,0.0,0.0,0.0,0.0,0.0,0.0,1.0,1.0,1.0,1.0,0.0,1.0,1.0,2.0,2.0,2.0,0.0,0.0,0.0,0.0,0.0,0.0,0.0,0.0,0.0,0.0,0.0,0.0,0.0,0.0,0.0,1.0,2.0,2.0,1.0,2.0,2.0,0.0,1.0,1.0,0.0,0.0,0.0,1.0,0.0,2.0,2.0,1.0,0.0,0.0,0.0,0.0,0.0,1.0,8.0,6.0,2.0,1.0,2.0,1.0,3.0,10.0,11.0,5.0,5.0,3.0,7.0,7.0,6.0,4.0,8.0,5.0,4.0,2.0,3.0,4.0,2.0,5.0,12.0,16.0,7.0,6.0,7.0,5.0,3.0,6.0,3.0,1.0,1.0,2.0,5.0,5.0,4.0,9.0,12.0,4.0,3.0,4.0,6.0,8.0,8.0,10.0,19.0,13.0,11.0,15.0,13.0,2.0,8.0,11.0,14.0,10.0,13.0,17.0,14.0,12.0,6.0,10.0,18.0,8.0,9.0,2.0,8.0,4.0,6.0,7.0,9.0,5.0,8.0,6.0,4.0,6.0,8.0,9.0,6.0,4.0,3.0,5.0,5.0,3.0,9.0,3.0,4.0,2.0,2.0,2.0,8.0,7.0,7.0,2.0,5.0,4.0,6.0,8.0,9.0,7.0,14.0,5.0,7.0,4.0,9.0,5.0,11.0,10.0,5.0,3.0,8.0,7.0,3.0,2.0,3.0,5.0,4.0,10.0,8.0,7.0,15.0,13.0,8.0,8.0,4.0,1.0,4.0,2.0,3.0,2.0,12.0,19.0,15.0,7.0,5.0,7.0,6.0,10.0,9.0,9.0,5.0,6.0
Mott Haven,Bronx,neighborhood,5.0,6.0,6.0,5.0,11.0,6.0,7.0,9.0,6.0,6.0,8.0,9.0,10.0,5.0,4.0,14.0,19.0,21.0,7.0,6.0,6.0,6.0,3.0,2.0,1.0,2.0,3.0,2.0,6.0,10.0,10.0,9.0,6.0,3.0,5.0,3.0,3.0,3.0,5.0,15.0,13.0,17.0,18.0,18.0,8.0,6.0,7.0,13.0,13.0,14.0,15.0,11.0,11.0,19.0,26.0,22.0,27.0,15.0,15.0,20.0,32.0,41.0,55.0,58.0,55.0,32.0,29.0,17.0,24.0,35.0,32.0,31.0,32.0,26.0,33.0,36.0,32.0,43.0,64.0,72.0,65.0,53.0,49.0,49.0,66.0,74.0,51.0,55.0,56.0,53.0,64.0,51.0,43.0,52.0,58.0,42.0,48.0,59.0,64.0,58.0,78.0,80.0,79.0,114.0,106.0,122.0,92.0,75.0,86.0,73.0,62.0,87.0,111.0,102.0,121.0,139.0,126.0,87.0,70.0,59.0,41.0,35.0,42.0,44.0,57.0,70.0,93.0,116.0,160.0,142.0,106.0,126.0,125.0,125.0,124.0,150.0,134.0,136.0,160.0,192.0,136.0,140.0,145.0,126.0,129.0,174.0,234.0,129.0,176.0,175.0,204.0,192.0,183.0,187.0,189.0,195.0,186.0,189.0,205.0,207.0,309.0,305.0,282.0,378.0,357.0,333.0,321.0,305.0,350.0,356.0,394.0,386.0,437.0,470.0,522.0,502.0,475.0,488.0,420.0,392.0,457.0,345.0,450.0,523.0,510.0,495.0,534.0,590.0,735.0,807.0,525.0,468.0,474.0,546.0,485.0,422.0,487.0,495.0,556.0,576.0
NYC,,city,15222.0,15700.0,15962.0,16103.0,15139.0,15616.0,14926.0,14230.0,12068.0,12204.0,11993.0,11967.0,12636.0,12444.0,13483.0,13409.0,14355.0,15087.0,15058.0,15333.0,13749.0,13644.0,12925.0,12501.0,13564.0,14341.0,15336.0,15654.0,17060.0,18026.0,18938.0,18333.0,16170.0,16074.0,15675.0,15123.0,16800.0,16621.0,17916.0,19771.0,20731.0,20961.0,22948.0,23221.0,21692.0,23638.0,22415.0,22135.0,23662.0,23900.0,25831.0,28030.0,30564.0,30701.0,31878.0,31871.0,29902.0,29250.0,28021.0,27941.0,29608.0,29345.0,31962.0,33248.0,35015.0,37934.0,39911.0,38685.0,34653.0,33730.0,30905.0,29054.0,30393.0,30508.0,33175.0,34435.0,37702.0,40521.0,41831.0,43593.0,39929.0,38102.0,37389.0,34549.0,38967.0,38596.0,43679.0,43943.0,49690.0,53355.0,52443.0,40124.0,37667.0,38643.0,35925.0,32010.0,34672.0,33873.0,36723.0,38854.0,43383.0,45022.0,47119.0,46834.0,39565.0,42978.0,39256.0,35525.0,38592.0,35869.0,38600.0,39735.0,42985.0,42442.0,43387.0,40778.0,34491.0,31807.0,28054.0,25224.0,27799.0,25839.0,23490.0,20974.0,35694.0,51171.0,66212.0,73562.0,73450.0,72187.0,64897.0,60041.0,60418.0,54656.0,57219.0,54822.0,51882.0,50016.0,45429.0,40136.0,30924.0,29798.0,27090.0,23695.0,24240.0,23285.0,26591.0,25081.0,27402.0,29495.0,31329.0,32692.0,29638.0,28312.0,28000.0,25401.0,28343.0,26592.0,29823.0,28801.0,33398.0,35872.0,37456.0,38425.0,33344.0,33348.0,31344.0,27534.0,29530.0,28030.0,29304.0,30040.0,35029.0,36944.0,41181.0,39879.0,36106.0,33645.0,29605.0,26661.0,28490.0,26298.0,29282.0,31324.0,35393.0,36263.0,38721.0,36887.0,34256.0,31941.0,27506.0,25761.0,26765.0,25521.0,29458.0,30033.0,32415.0,35679.0,37146.0,34275.0
New Hyde Park,Queens,neighborhood,0.0,0.0,0.0,0.0,0.0,0.0,0.0,0.0,0.0,0.0,0.0,0.0,1.0,1.0,1.0,0.0,0.0,0.0,0.0,0.0,0.0,0.0,0.0,0.0,0.0,0.0,0.0,0.0,1.0,1.0,0.0,0.0,0.0,0.0,0.0,0.0,0.0,0.0,0.0,0.0,0.0,0.0,0.0,0.0,0.0,0.0,0.0,0.0,0.0,0.0,0.0,0.0,0.0,0.0,0.0,0.0,0.0,0.0,0.0,0.0,0.0,0.0,0.0,0.0,0.0,0.0,1.0,1.0,0.0,0.0,0.0,0.0,0.0,1.0,0.0,0.0,0.0,0.0,0.0,0.0,0.0,0.0,0.0,0.0,0.0,0.0,0.0,0.0,0.0,0.0,0.0,0.0,0.0,0.0,0.0,1.0,1.0,0.0,0.0,0.0,0.0,0.0,0.0,0.0,0.0,0.0,0.0,0.0,0.0,0.0,0.0,0.0,0.0,0.0,0.0,1.0,1.0,0.0,0.0,0.0,0.0,0.0,0.0,0.0,0.0,0.0,0.0,0.0,0.0,1.0,1.0,0.0,1.0,0.0,0.0,0.0,0.0,0.0,0.0,0.0,0.0,0.0,0.0,0.0,0.0,0.0,0.0,0.0,0.0,0.0,0.0,0.0,0.0,1.0,1.0,0.0,2.0,0.0,0.0,0.0,0.0,0.0,0.0,0.0,0.0,0.0,0.0,1.0,0.0,1.0,0.0,0.0,0.0,0.0,0.0,0.0,0.0,0.0,0.0,0.0,0.0,0.0,1.0,1.0,0.0,0.0,1.0,1.0,0.0,0.0,0.0,0.0,0.0,0.0,0.0,0.0,0.0,0.0,0.0,0.0
Nolita,Manhattan,neighborhood,101.0,122.0,130.0,140.0,116.0,130.0,141.0,114.0,86.0,53.0,44.0,33.0,56.0,60.0,73.0,70.0,90.0,92.0,92.0,89.0,48.0,49.0,53.0,71.0,70.0,71.0,86.0,87.0,109.0,137.0,157.0,112.0,105.0,90.0,97.0,76.0,82.0,106.0,119.0,152.0,142.0,154.0,199.0,162.0,157.0,314.0,115.0,109.0,142.0,133.0,138.0,153.0,173.0,177.0,204.0,201.0,189.0,142.0,79.0,106.0,101.0,96.0,108.0,114.0,165.0,173.0,197.0,178.0,130.0,130.0,107.0,103.0,105.0,115.0,144.0,150.0,148.0,177.0,187.0,217.0,183.0,145.0,131.0,140.0,147.0,123.0,160.0,166.0,193.0,212.0,226.0,176.0,168.0,140.0,144.0,145.0,157.0,167.0,167.0,156.0,174.0,205.0,222.0,192.0,157.0,145.0,120.0,114.0,137.0,122.0,143.0,175.0,191.0,199.0,209.0,171.0,142.0,137.0,119.0,107.0,123.0,123.0,101.0,112.0,225.0,325.0,406.0,444.0,430.0,394.0,359.0,294.0,265.0,251.0,282.0,244.0,165.0,145.0,127.0,110.0,63.0,78.0,72.0,61.0,60.0,59.0,78.0,111.0,100.0,141.0,159.0,176.0,125.0,129.0,113.0,107.0,131.0,117.0,143.0,157.0,156.0,184.0,174.0,160.0,123.0,135.0,130.0,96.0,100.0,105.0,119.0,138.0,183.0,188.0,204.0,190.0,146.0,121.0,108.0,104.0,103.0,95.0,99.0,144.0,178.0,170.0,199.0,188.0,129.0,112.0,98.0,102.0,113.0,90.0,125.0,116.0,150.0,178.0,195.0,205.0
North Corona,Queens,neighborhood,1.0,1.0,1.0,1.0,0.0,0.0,0.0,0.0,0.0,0.0,0.0,0.0,1.0,1.0,1.0,1.0,4.0,6.0,5.0,1.0,0.0,2.0,3.0,0.0,0.0,1.0,1.0,1.0,3.0,5.0,9.0,4.0,3.0,3.0,4.0,6.0,2.0,2.0,2.0,3.0,3.0,1.0,2.0,1.0,2.0,3.0,4.0,3.0,2.0,3.0,7.0,7.0,8.0,9.0,5.0,5.0,2.0,4.0,5.0,5.0,11.0,17.0,19.0,8.0,7.0,13.0,14.0,5.0,2.0,10.0,15.0,8.0,9.0,15.0,8.0,5.0,7.0,7.0,5.0,3.0,3.0,3.0,3.0,3.0,4.0,6.0,8.0,12.0,11.0,14.0,13.0,7.0,8.0,10.0,11.0,7.0,13.0,16.0,10.0,10.0,10.0,13.0,12.0,15.0,12.0,7.0,7.0,12.0,11.0,5.0,11.0,16.0,12.0,17.0,16.0,10.0,7.0,9.0,12.0,10.0,9.0,7.0,7.0,2.0,6.0,9.0,6.0,10.0,9.0,11.0,13.0,14.0,14.0,9.0,13.0,12.0,10.0,20.0,15.0,11.0,7.0,8.0,3.0,1.0,4.0,4.0,3.0,11.0,20.0,5.0,3.0,13.0,9.0,11.0,6.0,10.0,5.0,4.0,6.0,7.0,18.0,20.0,9.0,8.0,7.0,3.0,15.0,16.0,25.0,10.0,24.0,25.0,16.0,10.0,17.0,18.0,9.0,9.0,16.0,5.0,9.0,6.0,8.0,12.0,17.0,19.0,22.0,17.0,17.0,9.0,15.0,17.0,9.0,5.0,10.0,9.0,13.0,13.0,14.0,13.0
Norwood,Bronx,neighborhood,1.0,1.0,0.0,1.0,0.0,0.0,1.0,2.0,2.0,1.0,1.0,1.0,1.0,1.0,3.0,2.0,2.0,2.0,4.0,3.0,1.0,0.0,2.0,3.0,3.0,2.0,5.0,6.0,4.0,5.0,6.0,5.0,6.0,5.0,6.0,8.0,8.0,10.0,7.0,12.0,9.0,8.0,9.0,8.0,12.0,13.0,12.0,9.0,9.0,11.0,12.0,5.0,4.0,6.0,12.0,14.0,13.0,12.0,20.0,19.0,15.0,21.0,22.0,26.0,41.0,43.0,71.0,64.0,50.0,84.0,71.0,60.0,57.0,41.0,38.0,30.0,27.0,47.0,55.0,54.0,56.0,54.0,57.0,46.0,46.0,42.0,42.0,41.0,39.0,50.0,36.0,26.0,24.0,20.0,29.0,34.0,25.0,18.0,15.0,10.0,19.0,32.0,35.0,30.0,21.0,27.0,40.0,32.0,45.0,42.0,47.0,29.0,43.0,48.0,48.0,38.0,22.0,22.0,37.0,31.0,13.0,14.0,11.0,14.0,15.0,23.0,27.0,22.0,15.0,18.0,30.0,29.0,28.0,22.0,16.0,18.0,14.0,27.0,30.0,36.0,34.0,20.0,15.0,19.0,21.0,24.0,34.0,24.0,20.0,20.0,23.0,27.0,26.0,26.0,31.0,28.0,25.0,24.0,24.0,13.0,14.0,15.0,21.0,28.0,16.0,18.0,19.0,17.0,24.0,16.0,28.0,20.0,18.0,15.0,15.0,14.0,14.0,14.0,29.0,22.0,20.0,29.0,10.0,12.0,15.0,19.0,20.0,13.0,10.0,10.0,13.0,12.0,14.0,11.0,13.0,18.0,26.0,9.0,14.0,17.0
Oakland Gardens,Queens,neighborhood,0.0,0.0,0.0,0.0,0.0,0.0,0.0,0.0,0.0,0.0,0.0,2.0,2.0,1.0,1.0,1.0,1.0,1.0,2.0,2.0,1.0,1.0,1.0,0.0,3.0,1.0,0.0,1.0,1.0,2.0,4.0,6.0,6.0,4.0,4.0,4.0,3.0,1.0,4.0,3.0,3.0,0.0,2.0,3.0,4.0,2.0,1.0,2.0,1.0,1.0,2.0,4.0,5.0,4.0,7.0,11.0,5.0,4.0,6.0,11.0,19.0,15.0,10.0,14.0,14.0,15.0,13.0,13.0,12.0,15.0,11.0,7.0,9.0,11.0,13.0,12.0,14.0,12.0,14.0,15.0,12.0,16.0,18.0,15.0,18.0,18.0,15.0,16.0,22.0,24.0,23.0,20.0,10.0,14.0,10.0,9.0,8.0,7.0,5.0,1.0,3.0,9.0,8.0,5.0,7.0,7.0,14.0,14.0,17.0,8.0,6.0,7.0,11.0,16.0,12.0,5.0,8.0,2.0,5.0,6.0,10.0,9.0,8.0,8.0,10.0,7.0,5.0,3.0,10.0,11.0,6.0,3.0,7.0,5.0,38.0,30.0,16.0,22.0,13.0,14.0,25.0,38.0,38.0,36.0,66.0,53.0,68.0,54.0,35.0,37.0,48.0,43.0,43.0,26.0,40.0,49.0,26.0,53.0,83.0,60.0,37.0,37.0,57.0,72.0,37.0,26.0,43.0,50.0,69.0,47.0,56.0,50.0,47.0,49.0,51.0,68.0,56.0,62.0,76.0,67.0,59.0,55.0,80.0,61.0,62.0,63.0,64.0,43.0,34.0,26.0,45.0,40.0,37.0,46.0,67.0,54.0,40.0,44.0,77.0,68.0
Old Mill Basin,Brooklyn,neighborhood,0.0,0.0,0.0,0.0,0.0,0.0,0.0,0.0,0.0,0.0,0.0,0.0,0.0,0.0,0.0,0.0,0.0,0.0,0.0,0.0,0.0,0.0,0.0,0.0,0.0,0.0,0.0,0.0,0.0,0.0,0.0,0.0,1.0,1.0,0.0,0.0,0.0,1.0,1.0,0.0,1.0,2.0,3.0,1.0,2.0,1.0,6.0,2.0,0.0,0.0,0.0,0.0,0.0,0.0,0.0,1.0,1.0,1.0,1.0,1.0,0.0,0.0,0.0,1.0,1.0,0.0,0.0,0.0,1.0,8.0,4.0,5.0,2.0,1.0,4.0,1.0,0.0,2.0,5.0,4.0,4.0,4.0,3.0,4.0,3.0,4.0,0.0,0.0,0.0,0.0,0.0,0.0,0.0,0.0,0.0,1.0,3.0,7.0,7.0,3.0,3.0,1.0,1.0,0.0,0.0,1.0,1.0,0.0,0.0,1.0,1.0,2.0,0.0,0.0,1.0,2.0,0.0,1.0,2.0,2.0,1.0,1.0,0.0,0.0,0.0,2.0,1.0,3.0,2.0,1.0,1.0,1.0,0.0,4.0,0.0,2.0,1.0,1.0,1.0,1.0,3.0,4.0,3.0,0.0,0.0,0.0,2.0,2.0,2.0,1.0,3.0,5.0,1.0,0.0,0.0,4.0,3.0,3.0,2.0,2.0,4.0,0.0,0.0,2.0,3.0,2.0,1.0,7.0,5.0,3.0,4.0,1.0,1.0,2.0,2.0,2.0,2.0,2.0,0.0,0.0,3.0,1.0,1.0,3.0,6.0,3.0,1.0,1.0,0.0,0.0,0.0,1.0,0.0,0.0,0.0,0.0,1.0,4.0,3.0,3.0
Ozone Park,Queens,neighborhood,0.0,0.0,0.0,0.0,0.0,0.0,0.0,0.0,0.0,0.0,0.0,1.0,1.0,2.0,2.0,1.0,1.0,2.0,2.0,2.0,1.0,1.0,1.0,0.0,0.0,0.0,0.0,0.0,0.0,0.0,0.0,0.0,0.0,0.0,0.0,0.0,0.0,0.0,0.0,0.0,0.0,0.0,0.0,0.0,0.0,1.0,1.0,1.0,1.0,0.0,1.0,0.0,0.0,0.0,0.0,0.0,2.0,3.0,5.0,4.0,4.0,1.0,1.0,0.0,0.0,0.0,1.0,1.0,1.0,1.0,3.0,4.0,2.0,2.0,1.0,1.0,1.0,0.0,1.0,0.0,1.0,2.0,4.0,3.0,3.0,2.0,2.0,4.0,3.0,8.0,7.0,2.0,1.0,1.0,5.0,6.0,4.0,5.0,4.0,5.0,11.0,16.0,14.0,11.0,15.0,11.0,7.0,4.0,4.0,12.0,8.0,4.0,4.0,0.0,1.0,0.0,0.0,2.0,13.0,4.0,5.0,2.0,2.0,4.0,9.0,3.0,4.0,5.0,2.0,7.0,5.0,4.0,7.0,7.0,4.0,4.0,2.0,2.0,2.0,2.0,5.0,2.0,3.0,1.0,1.0,1.0,8.0,3.0,5.0,4.0,3.0,2.0,4.0,4.0,5.0,3.0,1.0,5.0,5.0,3.0,6.0,2.0,0.0,5.0,4.0,1.0,3.0,5.0,8.0,9.0,7.0,9.0,8.0,9.0,10.0,9.0,8.0,6.0,7.0,7.0,5.0,9.0,8.0,13.0,10.0,5.0,8.0,4.0,5.0,3.0,3.0,3.0,2.0,2.0,4.0,5.0,2.0,15.0,10.0,4.0
Park Slope,Brooklyn,neighborhood,204.0,189.0,187.0,187.0,197.0,201.0,181.0,163.0,136.0,147.0,140.0,152.0,177.0,158.0,179.0,170.0,181.0,212.0,243.0,194.0,130.0,108.0,121.0,134.0,159.0,170.0,179.0,178.0,221.0,256.0,258.0,224.0,228.0,245.0,227.0,234.0,240.0,224.0,220.0,274.0,347.0,358.0,386.0,402.0,360.0,408.0,393.0,383.0,421.0,387.0,396.0,493.0,624.0,600.0,636.0,683.0,688.0,764.0,727.0,658.0,745.0,712.0,794.0,775.0,790.0,834.0,899.0,871.0,819.0,716.0,610.0,548.0,562.0,583.0,686.0,721.0,758.0,779.0,827.0,849.0,767.0,785.0,710.0,637.0,776.0,798.0,918.0,959.0,1047.0,1114.0,1060.0,796.0,754.0,805.0,728.0,588.0,629.0,653.0,692.0,746.0,818.0,833.0,882.0,774.0,651.0,666.0,629.0,580.0,611.0,623.0,716.0,707.0,770.0,710.0,751.0,652.0,529.0,514.0,412.0,358.0,367.0,375.0,310.0,262.0,596.0,955.0,1276.0,1371.0,1401.0,1340.0,1153.0,989.0,949.0,847.0,897.0,862.0,747.0,691.0,710.0,537.0,390.0,401.0,322.0,273.0,262.0,256.0,295.0,291.0,339.0,392.0,497.0,473.0,436.0,368.0,347.0,314.0,318.0,274.0,318.0,372.0,456.0,523.0,502.0,515.0,468.0,481.0,393.0,310.0,319.0,322.0,347.0,328.0,443.0,524.0,557.0,565.0,458.0,406.0,337.0,291.0,308.0,288.0,308.0,309.0,409.0,453.0,482.0,494.0,458.0,389.0,298.0,288.0,276.0,246.0,302.0,292.0,351.0,405.0,431.0,424.0
Parkchester,Bronx,neighborhood,1.0,1.0,1.0,1.0,0.0,2.0,2.0,0.0,0.0,3.0,3.0,3.0,3.0,13.0,11.0,12.0,16.0,14.0,6.0,7.0,7.0,7.0,7.0,7.0,6.0,5.0,6.0,10.0,6.0,5.0,4.0,4.0,4.0,4.0,4.0,5.0,7.0,7.0,7.0,11.0,9.0,12.0,8.0,7.0,11.0,17.0,13.0,7.0,9.0,5.0,3.0,2.0,1.0,1.0,30.0,50.0,46.0,41.0,38.0,34.0,39.0,47.0,43.0,29.0,25.0,29.0,22.0,29.0,31.0,31.0,25.0,25.0,24.0,20.0,25.0,20.0,19.0,21.0,24.0,25.0,32.0,37.0,39.0,41.0,36.0,23.0,22.0,28.0,32.0,36.0,25.0,27.0,21.0,27.0,18.0,18.0,15.0,13.0,14.0,9.0,15.0,15.0,24.0,19.0,12.0,22.0,15.0,12.0,19.0,19.0,14.0,16.0,14.0,14.0,27.0,16.0,13.0,12.0,7.0,6.0,8.0,8.0,10.0,7.0,11.0,6.0,8.0,11.0,8.0,13.0,10.0,10.0,12.0,10.0,4.0,7.0,8.0,9.0,15.0,28.0,19.0,25.0,21.0,16.0,13.0,15.0,13.0,17.0,11.0,18.0,19.0,17.0,13.0,16.0,7.0,8.0,8.0,10.0,18.0,12.0,11.0,15.0,9.0,10.0,7.0,16.0,9.0,11.0,7.0,9.0,8.0,10.0,12.0,11.0,9.0,10.0,11.0,10.0,12.0,16.0,13.0,18.0,15.0,13.0,13.0,13.0,10.0,12.0,9.0,10.0,10.0,7.0,4.0,3.0,0.0,3.0,8.0,9.0,8.0,13.0
Pelham Bay,Bronx,neighborhood,2.0,2.0,1.0,0.0,0.0,1.0,1.0,1.0,1.0,1.0,0.0,0.0,0.0,0.0,0.0,0.0,0.0,0.0,0.0,1.0,1.0,1.0,2.0,3.0,7.0,5.0,4.0,4.0,5.0,4.0,4.0,2.0,2.0,3.0,4.0,3.0,2.0,6.0,4.0,3.0,2.0,1.0,1.0,1.0,1.0,0.0,1.0,0.0,1.0,1.0,2.0,3.0,3.0,3.0,6.0,8.0,5.0,4.0,4.0,4.0,1.0,18.0,19.0,17.0,9.0,11.0,19.0,9.0,6.0,7.0,6.0,11.0,7.0,10.0,6.0,5.0,9.0,10.0,7.0,9.0,6.0,17.0,21.0,16.0,12.0,13.0,6.0,8.0,12.0,20.0,22.0,17.0,17.0,16.0,12.0,13.0,10.0,4.0,8.0,14.0,12.0,8.0,11.0,19.0,18.0,15.0,29.0,23.0,8.0,10.0,14.0,14.0,12.0,8.0,7.0,13.0,9.0,8.0,7.0,5.0,8.0,5.0,2.0,3.0,3.0,4.0,4.0,8.0,7.0,9.0,6.0,10.0,9.0,11.0,12.0,8.0,11.0,14.0,18.0,15.0,15.0,9.0,9.0,6.0,12.0,8.0,10.0,9.0,11.0,7.0,9.0,9.0,6.0,16.0,9.0,11.0,8.0,4.0,6.0,4.0,9.0,9.0,6.0,11.0,8.0,8.0,7.0,10.0,7.0,4.0,9.0,5.0,4.0,8.0,8.0,4.0,4.0,3.0,3.0,10.0,20.0,19.0,21.0,20.0,20.0,19.0,19.0,13.0,15.0,11.0,13.0,13.0,17.0,9.0,12.0,12.0,7.0,13.0,11.0,5.0
Pelham Gardens,Bronx,neighborhood,0.0,0.0,0.0,0.0,0.0,0.0,0.0,1.0,0.0,0.0,0.0,0.0,0.0,0.0,0.0,0.0,0.0,0.0,0.0,0.0,1.0,2.0,2.0,0.0,0.0,0.0,0.0,0.0,0.0,1.0,1.0,1.0,1.0,1.0,0.0,0.0,0.0,0.0,0.0,0.0,0.0,0.0,0.0,0.0,0.0,0.0,0.0,0.0,0.0,1.0,3.0,2.0,1.0,1.0,2.0,1.0,1.0,0.0,0.0,0.0,1.0,1.0,0.0,0.0,0.0,0.0,0.0,0.0,1.0,1.0,5.0,9.0,10.0,11.0,10.0,5.0,2.0,1.0,0.0,1.0,5.0,9.0,6.0,5.0,8.0,9.0,7.0,4.0,6.0,4.0,9.0,13.0,10.0,7.0,12.0,3.0,0.0,0.0,1.0,2.0,2.0,2.0,2.0,10.0,4.0,3.0,3.0,3.0,5.0,3.0,1.0,3.0,2.0,1.0,3.0,4.0,3.0,2.0,8.0,2.0,2.0,2.0,1.0,1.0,2.0,3.0,3.0,3.0,2.0,6.0,3.0,1.0,2.0,0.0,0.0,1.0,2.0,4.0,5.0,5.0,3.0,1.0,5.0,4.0,3.0,3.0,2.0,1.0,1.0,2.0,3.0,4.0,2.0,3.0,4.0,2.0,1.0,2.0,2.0,1.0,2.0,4.0,3.0,5.0,5.0,5.0,2.0,1.0,4.0,3.0,3.0,7.0,3.0,1.0,2.0,4.0,0.0,1.0,4.0,3.0,2.0,4.0,4.0,3.0,4.0,3.0,4.0,4.0,2.0,2.0,1.0,3.0,3.0,1.0,2.0,3.0,2.0,2.0,1.0,1.0
Pelham Parkway,Bronx,neighborhood,0.0,0.0,0.0,0.0,0.0,0.0,0.0,0.0,0.0,0.0,0.0,0.0,0.0,0.0,0.0,0.0,0.0,0.0,0.0,0.0,0.0,0.0,0.0,2.0,2.0,1.0,1.0,0.0,0.0,0.0,0.0,0.0,0.0,0.0,1.0,0.0,0.0,0.0,0.0,0.0,0.0,0.0,1.0,1.0,1.0,1.0,1.0,1.0,1.0,0.0,1.0,0.0,2.0,2.0,3.0,7.0,5.0,3.0,8.0,7.0,7.0,7.0,8.0,16.0,15.0,19.0,13.0,6.0,4.0,2.0,3.0,3.0,6.0,5.0,4.0,5.0,4.0,1.0,2.0,3.0,3.0,2.0,5.0,4.0,4.0,3.0,5.0,3.0,5.0,8.0,4.0,2.0,4.0,10.0,7.0,6.0,5.0,8.0,9.0,10.0,17.0,13.0,14.0,12.0,11.0,7.0,8.0,8.0,11.0,8.0,7.0,2.0,7.0,9.0,18.0,12.0,20.0,15.0,10.0,15.0,11.0,12.0,13.0,16.0,25.0,21.0,27.0,30.0,28.0,23.0,26.0,28.0,30.0,25.0,27.0,15.0,8.0,18.0,22.0,18.0,6.0,9.0,15.0,17.0,15.0,29.0,29.0,11.0,21.0,25.0,16.0,20.0,14.0,10.0,18.0,26.0,23.0,16.0,35.0,24.0,29.0,17.0,25.0,22.0,18.0,23.0,17.0,13.0,23.0,24.0,17.0,12.0,17.0,15.0,17.0,24.0,28.0,27.0,19.0,16.0,10.0,11.0,8.0,14.0,10.0,9.0,16.0,9.0,14.0,8.0,10.0,9.0,3.0,2.0,6.0,6.0,15.0,13.0,6.0,6.0
Pomonok,Queens,neighborhood,1.0,1.0,0.0,0.0,0.0,0.0,0.0,0.0,0.0,0.0,0.0,3.0,3.0,1.0,1.0,1.0,3.0,3.0,3.0,2.0,1.0,1.0,1.0,1.0,1.0,1.0,1.0,1.0,1.0,1.0,3.0,4.0,4.0,2.0,1.0,2.0,2.0,1.0,2.0,2.0,1.0,2.0,2.0,2.0,2.0,2.0,2.0,2.0,1.0,1.0,2.0,2.0,1.0,1.0,1.0,3.0,5.0,4.0,3.0,5.0,1.0,1.0,1.0,0.0,0.0,0.0,0.0,3.0,4.0,4.0,3.0,4.0,8.0,8.0,10.0,9.0,9.0,5.0,3.0,2.0,2.0,3.0,2.0,0.0,1.0,7.0,8.0,6.0,7.0,9.0,12.0,3.0,5.0,6.0,8.0,5.0,1.0,0.0,4.0,5.0,2.0,0.0,5.0,6.0,6.0,6.0,6.0,5.0,3.0,5.0,5.0,8.0,2.0,2.0,2.0,5.0,5.0,3.0,2.0,4.0,5.0,4.0,3.0,1.0,1.0,1.0,4.0,2.0,2.0,3.0,3.0,6.0,13.0,7.0,2.0,3.0,11.0,8.0,9.0,5.0,4.0,3.0,3.0,5.0,5.0,10.0,7.0,6.0,11.0,5.0,11.0,10.0,5.0,3.0,6.0,8.0,2.0,2.0,7.0,4.0,10.0,7.0,9.0,6.0,3.0,1.0,3.0,5.0,2.0,3.0,5.0,3.0,0.0,2.0,4.0,7.0,6.0,4.0,6.0,4.0,3.0,3.0,7.0,8.0,5.0,4.0,0.0,3.0,3.0,3.0,2.0,3.0,7.0,3.0,3.0,3.0,4.0,1.0,4.0,7.0
Port Morris,Bronx,neighborhood,0.0,0.0,0.0,0.0,2.0,2.0,2.0,2.0,2.0,0.0,0.0,0.0,0.0,0.0,0.0,0.0,0.0,0.0,0.0,0.0,0.0,0.0,0.0,0.0,0.0,0.0,0.0,0.0,0.0,0.0,0.0,0.0,0.0,0.0,0.0,0.0,0.0,0.0,0.0,0.0,0.0,0.0,0.0,0.0,0.0,0.0,0.0,0.0,0.0,0.0,0.0,0.0,0.0,0.0,0.0,0.0,0.0,0.0,0.0,0.0,0.0,0.0,0.0,0.0,0.0,0.0,0.0,0.0,0.0,0.0,2.0,2.0,2.0,2.0,1.0,0.0,0.0,0.0,0.0,1.0,2.0,2.0,3.0,2.0,4.0,6.0,7.0,1.0,1.0,1.0,1.0,1.0,3.0,4.0,9.0,4.0,6.0,5.0,9.0,6.0,8.0,3.0,1.0,3.0,3.0,3.0,7.0,9.0,5.0,3.0,5.0,5.0,8.0,0.0,2.0,1.0,0.0,0.0,1.0,0.0,0.0,2.0,1.0,1.0,2.0,1.0,3.0,2.0,2.0,2.0,2.0,2.0,2.0,1.0,1.0,2.0,3.0,5.0,3.0,2.0,3.0,2.0,2.0,1.0,0.0,1.0,1.0,1.0,1.0,0.0,0.0,1.0,1.0,1.0,1.0,0.0,4.0,3.0,3.0,3.0,2.0,2.0,1.0,0.0,0.0,0.0,0.0,0.0,0.0,0.0,0.0,0.0,1.0,5.0,5.0,9.0,3.0,0.0,0.0,1.0,0.0,1.0,1.0,1.0,1.0,3.0,3.0,3.0,3.0,3.0,2.0,1.0,1.0,0.0,0.0,0.0,2.0,1.0,2.0,2.0
Prospect Heights,Brooklyn,neighborhood,34.0,35.0,43.0,49.0,51.0,55.0,71.0,57.0,44.0,39.0,43.0,37.0,32.0,26.0,33.0,32.0,42.0,45.0,47.0,40.0,32.0,35.0,26.0,27.0,35.0,36.0,40.0,41.0,49.0,59.0,57.0,55.0,31.0,50.0,40.0,40.0,54.0,60.0,71.0,100.0,100.0,80.0,92.0,108.0,96.0,118.0,120.0,95.0,88.0,81.0,97.0,95.0,142.0,141.0,155.0,174.0,220.0,229.0,196.0,187.0,174.0,191.0,216.0,199.0,196.0,232.0,277.0,255.0,193.0,126.0,124.0,117.0,111.0,113.0,128.0,140.0,160.0,162.0,175.0,189.0,204.0,234.0,214.0,179.0,214.0,194.0,229.0,256.0,290.0,327.0,303.0,249.0,220.0,198.0,186.0,151.0,187.0,184.0,171.0,160.0,215.0,236.0,250.0,222.0,165.0,241.0,256.0,181.0,215.0,197.0,175.0,218.0,239.0,245.0,238.0,171.0,174.0,155.0,121.0,111.0,111.0,107.0,107.0,82.0,200.0,296.0,366.0,408.0,430.0,428.0,347.0,316.0,289.0,276.0,322.0,270.0,260.0,244.0,219.0,167.0,146.0,157.0,147.0,119.0,168.0,167.0,130.0,144.0,148.0,154.0,177.0,179.0,154.0,168.0,161.0,153.0,152.0,142.0,182.0,176.0,200.0,185.0,207.0,223.0,171.0,164.0,171.0,159.0,151.0,154.0,131.0,145.0,179.0,192.0,201.0,201.0,149.0,150.0,135.0,136.0,127.0,116.0,120.0,142.0,153.0,151.0,233.0,243.0,193.0,183.0,151.0,117.0,136.0,121.0,126.0,156.0,172.0,163.0,200.0,171.0
Prospect Lefferts Gardens,Brooklyn,neighborhood,11.0,8.0,8.0,9.0,10.0,10.0,6.0,7.0,8.0,6.0,10.0,12.0,15.0,14.0,12.0,13.0,14.0,17.0,15.0,16.0,14.0,13.0,21.0,23.0,26.0,26.0,27.0,25.0,21.0,20.0,29.0,31.0,27.0,24.0,21.0,17.0,20.0,17.0,18.0,28.0,26.0,29.0,39.0,51.0,42.0,46.0,28.0,37.0,47.0,62.0,76.0,87.0,90.0,109.0,123.0,144.0,130.0,155.0,188.0,212.0,221.0,240.0,257.0,264.0,264.0,258.0,238.0,255.0,204.0,153.0,137.0,120.0,126.0,153.0,160.0,161.0,174.0,184.0,267.0,343.0,353.0,308.0,328.0,299.0,324.0,284.0,312.0,269.0,294.0,319.0,329.0,232.0,210.0,235.0,291.0,258.0,282.0,309.0,300.0,347.0,398.0,406.0,317.0,305.0,265.0,395.0,367.0,330.0,355.0,352.0,406.0,323.0,391.0,306.0,308.0,258.0,229.0,200.0,173.0,175.0,205.0,170.0,143.0,142.0,230.0,346.0,452.0,489.0,563.0,503.0,414.0,380.0,375.0,350.0,324.0,332.0,390.0,414.0,360.0,335.0,264.0,282.0,228.0,230.0,220.0,157.0,166.0,153.0,154.0,177.0,199.0,205.0,156.0,155.0,199.0,177.0,170.0,141.0,175.0,134.0,173.0,260.0,251.0,244.0,199.0,209.0,204.0,189.0,206.0,201.0,234.0,171.0,263.0,256.0,305.0,284.0,258.0,233.0,205.0,196.0,189.0,134.0,177.0,150.0,190.0,209.0,245.0,221.0,179.0,174.0,158.0,136.0,154.0,139.0,165.0,168.0,172.0,211.0,188.0,166.0
Prospect Park South,Brooklyn,neighborhood,3.0,4.0,3.0,5.0,4.0,4.0,3.0,9.0,6.0,5.0,5.0,4.0,4.0,5.0,4.0,3.0,3.0,5.0,5.0,6.0,4.0,4.0,5.0,11.0,7.0,6.0,5.0,5.0,6.0,7.0,13.0,16.0,10.0,8.0,10.0,8.0,32.0,26.0,14.0,14.0,18.0,12.0,15.0,16.0,17.0,25.0,32.0,34.0,39.0,26.0,56.0,61.0,41.0,55.0,73.0,81.0,82.0,94.0,89.0,79.0,94.0,106.0,114.0,102.0,116.0,135.0,145.0,135.0,105.0,110.0,100.0,95.0,94.0,105.0,99.0,82.0,101.0,117.0,147.0,157.0,137.0,121.0,138.0,134.0,153.0,137.0,149.0,149.0,158.0,168.0,161.0,122.0,134.0,150.0,159.0,163.0,223.0,233.0,214.0,196.0,164.0,192.0,191.0,205.0,195.0,246.0,244.0,273.0,256.0,267.0,237.0,209.0,264.0,229.0,147.0,188.0,173.0,121.0,110.0,110.0,105.0,122.0,116.0,85.0,139.0,206.0,221.0,269.0,253.0,253.0,241.0,212.0,200.0,166.0,185.0,210.0,222.0,229.0,195.0,173.0,136.0,161.0,149.0,95.0,73.0,80.0,88.0,67.0,63.0,84.0,99.0,102.0,87.0,87.0,112.0,96.0,106.0,90.0,86.0,54.0,57.0,78.0,88.0,100.0,75.0,99.0,109.0,80.0,113.0,85.0,72.0,68.0,76.0,121.0,149.0,182.0,173.0,126.0,96.0,77.0,91.0,111.0,98.0,66.0,92.0,77.0,83.0,69.0,85.0,73.0,75.0,80.0,79.0,63.0,62.0,61.0,70.0,76.0,84.0,58.0
Queens,Queens,borough,559.0,579.0,584.0,555.0,523.0,517.0,518.0,490.0,522.0,546.0,512.0,521.0,513.0,534.0,422.0,476.0,624.0,639.0,581.0,597.0,525.0,581.0,527.0,478.0,543.0,925.0,956.0,942.0,1104.0,1058.0,1083.0,885.0,751.0,786.0,734.0,743.0,832.0,830.0,946.0,987.0,970.0,995.0,1120.0,1165.0,1269.0,1582.0,1704.0,1578.0,1741.0,1823.0,2070.0,3021.0,3357.0,3254.0,2697.0,2591.0,2369.0,2461.0,2624.0,2721.0,2573.0,2805.0,3105.0,3142.0,3446.0,3477.0,3359.0,3254.0,3343.0,3685.0,3562.0,3123.0,3013.0,3130.0,3519.0,3638.0,3856.0,3952.0,4049.0,4139.0,4109.0,4158.0,4191.0,3945.0,4771.0,5153.0,6043.0,5941.0,6594.0,7224.0,7094.0,4431.0,4528.0,4829.0,4554.0,4152.0,4595.0,4716.0,5253.0,5122.0,5432.0,5610.0,5349.0,5166.0,4726.0,5456.0,5215.0,4614.0,4869.0,4711.0,5136.0,5240.0,5417.0,5101.0,5171.0,4831.0,4423.0,4621.0,4071.0,3621.0,4031.0,3789.0,3203.0,2404.0,3719.0,5163.0,6550.0,7251.0,7305.0,7777.0,7209.0,6803.0,7515.0,6836.0,7652.0,7394.0,7079.0,6887.0,6212.0,5734.0,5120.0,5118.0,4796.0,4119.0,4128.0,3984.0,4351.0,3822.0,3652.0,3593.0,3664.0,4147.0,4020.0,3975.0,3953.0,3594.0,4144.0,3811.0,4161.0,3667.0,3891.0,4009.0,4332.0,4360.0,3938.0,4266.0,4362.0,3774.0,4154.0,3937.0,4081.0,4024.0,4323.0,4420.0,4931.0,4727.0,4625.0,4836.0,4566.0,4110.0,4509.0,4286.0,4692.0,4700.0,4758.0,4642.0,4662.0,4493.0,4570.0,4664.0,4238.0,3964.0,4135.0,3919.0,4333.0,4141.0,4269.0,4658.0,4852.0,4596.0
Queens Village,Queens,neighborhood,0.0,0.0,0.0,0.0,0.0,0.0,0.0,0.0,0.0,0.0,0.0,0.0,0.0,0.0,0.0,0.0,0.0,0.0,0.0,0.0,0.0,0.0,0.0,0.0,0.0,0.0,0.0,0.0,0.0,0.0,0.0,0.0,0.0,0.0,0.0,0.0,0.0,0.0,0.0,0.0,0.0,0.0,0.0,0.0,0.0,0.0,0.0,1.0,1.0,1.0,2.0,4.0,5.0,2.0,2.0,3.0,6.0,10.0,10.0,12.0,10.0,7.0,3.0,1.0,0.0,1.0,5.0,4.0,7.0,9.0,8.0,10.0,7.0,4.0,5.0,3.0,11.0,6.0,5.0,5.0,7.0,12.0,10.0,8.0,9.0,7.0,7.0,4.0,3.0,8.0,10.0,3.0,2.0,3.0,4.0,2.0,6.0,12.0,9.0,6.0,6.0,7.0,3.0,1.0,6.0,8.0,8.0,9.0,6.0,4.0,2.0,2.0,8.0,3.0,1.0,1.0,6.0,8.0,9.0,6.0,7.0,9.0,10.0,6.0,6.0,11.0,7.0,7.0,10.0,7.0,4.0,4.0,7.0,3.0,10.0,6.0,4.0,6.0,4.0,5.0,10.0,10.0,11.0,9.0,11.0,12.0,16.0,6.0,4.0,4.0,5.0,3.0,4.0,7.0,12.0,8.0,9.0,12.0,18.0,18.0,18.0,14.0,15.0,16.0,12.0,9.0,8.0,13.0,16.0,8.0,9.0,5.0,6.0,5.0,7.0,8.0,6.0,4.0,7.0,9.0,18.0,13.0,16.0,18.0,8.0,8.0,9.0,11.0,14.0,10.0,5.0,4.0,13.0,11.0,10.0,10.0,10.0,13.0,15.0,15.0
Red Hook,Brooklyn,neighborhood,10.0,7.0,7.0,8.0,5.0,5.0,5.0,8.0,15.0,18.0,22.0,16.0,16.0,10.0,11.0,10.0,9.0,14.0,18.0,10.0,5.0,12.0,13.0,14.0,13.0,14.0,20.0,14.0,18.0,19.0,14.0,10.0,11.0,18.0,18.0,19.0,30.0,27.0,15.0,18.0,32.0,33.0,22.0,18.0,18.0,20.0,25.0,27.0,24.0,29.0,31.0,24.0,27.0,34.0,42.0,32.0,31.0,35.0,34.0,30.0,35.0,35.0,37.0,35.0,32.0,43.0,37.0,31.0,34.0,45.0,44.0,51.0,56.0,45.0,42.0,47.0,60.0,49.0,32.0,24.0,31.0,29.0,28.0,32.0,37.0,39.0,42.0,37.0,59.0,73.0,81.0,61.0,68.0,70.0,58.0,43.0,51.0,49.0,62.0,56.0,56.0,53.0,46.0,62.0,63.0,50.0,43.0,46.0,55.0,37.0,43.0,36.0,42.0,39.0,43.0,44.0,51.0,48.0,38.0,21.0,16.0,19.0,22.0,18.0,35.0,41.0,39.0,44.0,48.0,38.0,44.0,55.0,49.0,43.0,47.0,44.0,31.0,39.0,36.0,30.0,23.0,29.0,31.0,18.0,18.0,16.0,18.0,23.0,29.0,26.0,34.0,31.0,32.0,32.0,29.0,20.0,34.0,28.0,29.0,18.0,21.0,26.0,27.0,36.0,39.0,47.0,34.0,31.0,25.0,24.0,34.0,30.0,29.0,35.0,37.0,34.0,27.0,26.0,20.0,27.0,31.0,18.0,15.0,32.0,28.0,32.0,34.0,48.0,46.0,36.0,27.0,29.0,27.0,19.0,21.0,33.0,27.0,23.0,18.0,23.0
Rego Park,Queens,neighborhood,29.0,35.0,28.0,37.0,21.0,20.0,19.0,19.0,20.0,26.0,27.0,30.0,31.0,32.0,30.0,25.0,35.0,43.0,37.0,27.0,25.0,29.0,19.0,42.0,42.0,35.0,25.0,33.0,28.0,25.0,29.0,27.0,32.0,24.0,24.0,24.0,28.0,30.0,32.0,32.0,37.0,32.0,33.0,34.0,29.0,47.0,57.0,52.0,49.0,50.0,49.0,92.0,143.0,76.0,127.0,127.0,105.0,147.0,127.0,118.0,111.0,117.0,165.0,192.0,205.0,137.0,117.0,122.0,139.0,152.0,166.0,145.0,148.0,152.0,150.0,148.0,151.0,184.0,175.0,156.0,161.0,161.0,182.0,139.0,179.0,206.0,229.0,223.0,241.0,251.0,255.0,187.0,182.0,219.0,174.0,167.0,164.0,148.0,187.0,207.0,199.0,219.0,227.0,178.0,191.0,235.0,223.0,216.0,229.0,220.0,240.0,241.0,241.0,241.0,230.0,221.0,223.0,209.0,180.0,171.0,183.0,182.0,137.0,104.0,132.0,150.0,161.0,240.0,257.0,247.0,248.0,206.0,279.0,272.0,344.0,318.0,250.0,267.0,259.0,276.0,240.0,225.0,230.0,202.0,158.0,158.0,217.0,193.0,163.0,140.0,181.0,199.0,177.0,184.0,177.0,137.0,149.0,160.0,179.0,123.0,147.0,155.0,139.0,139.0,125.0,156.0,143.0,111.0,146.0,141.0,139.0,143.0,118.0,134.0,146.0,162.0,173.0,185.0,175.0,115.0,121.0,130.0,158.0,143.0,140.0,147.0,173.0,145.0,174.0,168.0,148.0,148.0,160.0,159.0,163.0,165.0,150.0,140.0,149.0,169.0
Richmond Hill,Queens,neighborhood,0.0,0.0,0.0,0.0,0.0,0.0,0.0,0.0,1.0,1.0,0.0,1.0,1.0,1.0,2.0,6.0,7.0,3.0,4.0,2.0,1.0,2.0,1.0,0.0,1.0,1.0,1.0,1.0,0.0,0.0,2.0,2.0,2.0,1.0,3.0,4.0,4.0,2.0,1.0,0.0,2.0,3.0,4.0,3.0,5.0,5.0,12.0,10.0,6.0,5.0,6.0,5.0,8.0,6.0,7.0,10.0,5.0,2.0,5.0,7.0,12.0,11.0,12.0,7.0,6.0,12.0,11.0,8.0,6.0,9.0,14.0,15.0,12.0,10.0,11.0,8.0,7.0,8.0,5.0,4.0,8.0,7.0,6.0,8.0,15.0,14.0,13.0,6.0,9.0,17.0,14.0,5.0,9.0,6.0,7.0,4.0,6.0,8.0,11.0,12.0,10.0,9.0,9.0,8.0,12.0,13.0,11.0,13.0,13.0,8.0,4.0,7.0,17.0,10.0,12.0,24.0,8.0,11.0,9.0,11.0,14.0,11.0,7.0,3.0,10.0,12.0,8.0,10.0,6.0,8.0,9.0,9.0,18.0,14.0,11.0,14.0,15.0,24.0,21.0,26.0,24.0,28.0,14.0,11.0,9.0,14.0,11.0,18.0,19.0,18.0,22.0,18.0,19.0,20.0,23.0,13.0,19.0,17.0,19.0,11.0,16.0,18.0,9.0,13.0,23.0,24.0,17.0,13.0,18.0,22.0,19.0,13.0,13.0,15.0,12.0,11.0,8.0,8.0,12.0,9.0,10.0,15.0,12.0,12.0,16.0,13.0,16.0,9.0,11.0,13.0,6.0,8.0,13.0,13.0,11.0,9.0,12.0,13.0,23.0,23.0
Ridgewood,Queens,neighborhood,4.0,4.0,3.0,5.0,3.0,0.0,2.0,2.0,2.0,5.0,4.0,4.0,4.0,5.0,6.0,5.0,4.0,3.0,2.0,5.0,6.0,13.0,12.0,7.0,4.0,55.0,53.0,60.0,15.0,28.0,26.0,23.0,10.0,31.0,30.0,28.0,26.0,21.0,17.0,19.0,20.0,15.0,18.0,22.0,22.0,62.0,59.0,53.0,40.0,44.0,44.0,52.0,69.0,70.0,78.0,77.0,65.0,89.0,88.0,94.0,93.0,85.0,111.0,131.0,176.0,198.0,173.0,179.0,208.0,264.0,249.0,211.0,224.0,240.0,276.0,249.0,307.0,345.0,357.0,380.0,337.0,357.0,340.0,337.0,385.0,371.0,481.0,465.0,528.0,555.0,558.0,367.0,386.0,369.0,420.0,365.0,409.0,415.0,472.0,462.0,516.0,522.0,489.0,524.0,443.0,500.0,475.0,365.0,396.0,383.0,429.0,434.0,439.0,444.0,391.0,340.0,268.0,218.0,209.0,193.0,248.0,228.0,221.0,146.0,275.0,388.0,548.0,623.0,555.0,534.0,512.0,434.0,459.0,437.0,503.0,552.0,627.0,651.0,656.0,548.0,337.0,387.0,336.0,271.0,280.0,250.0,290.0,219.0,236.0,259.0,273.0,355.0,319.0,270.0,246.0,190.0,232.0,184.0,212.0,209.0,264.0,279.0,301.0,295.0,266.0,290.0,322.0,240.0,217.0,224.0,185.0,196.0,298.0,318.0,386.0,390.0,371.0,327.0,291.0,248.0,269.0,230.0,215.0,226.0,249.0,286.0,304.0,295.0,319.0,310.0,304.0,287.0,215.0,159.0,203.0,215.0,279.0,353.0,285.0,249.0
Riverdale,Bronx,neighborhood,121.0,134.0,129.0,109.0,102.0,74.0,64.0,71.0,50.0,50.0,63.0,64.0,78.0,67.0,74.0,76.0,88.0,87.0,112.0,132.0,119.0,118.0,94.0,95.0,97.0,90.0,99.0,102.0,113.0,114.0,125.0,117.0,102.0,117.0,117.0,110.0,95.0,91.0,89.0,106.0,119.0,113.0,116.0,112.0,86.0,74.0,95.0,97.0,102.0,113.0,137.0,130.0,152.0,198.0,181.0,166.0,157.0,133.0,150.0,149.0,154.0,130.0,142.0,128.0,100.0,132.0,157.0,138.0,158.0,151.0,152.0,141.0,173.0,166.0,152.0,139.0,143.0,158.0,154.0,161.0,153.0,166.0,178.0,171.0,205.0,199.0,215.0,203.0,220.0,232.0,201.0,141.0,155.0,175.0,149.0,154.0,181.0,181.0,178.0,201.0,197.0,177.0,216.0,225.0,197.0,279.0,252.0,235.0,282.0,259.0,237.0,216.0,211.0,201.0,211.0,176.0,162.0,184.0,191.0,165.0,168.0,160.0,142.0,97.0,155.0,150.0,164.0,169.0,169.0,172.0,180.0,185.0,175.0,169.0,158.0,154.0,146.0,174.0,198.0,198.0,155.0,163.0,159.0,159.0,154.0,147.0,164.0,172.0,168.0,165.0,176.0,184.0,159.0,181.0,157.0,146.0,148.0,149.0,197.0,158.0,147.0,149.0,159.0,197.0,171.0,157.0,150.0,121.0,139.0,117.0,115.0,110.0,107.0,141.0,182.0,167.0,146.0,167.0,157.0,125.0,134.0,122.0,153.0,154.0,138.0,131.0,107.0,102.0,103.0,110.0,105.0,101.0,106.0,96.0,112.0,109.0,100.0,112.0,142.0,156.0
Rockaway All,Queens,neighborhood,5.0,7.0,3.0,3.0,2.0,0.0,0.0,0.0,0.0,16.0,16.0,2.0,2.0,3.0,5.0,6.0,6.0,3.0,2.0,3.0,3.0,1.0,1.0,2.0,5.0,4.0,4.0,4.0,3.0,4.0,3.0,4.0,4.0,2.0,1.0,0.0,0.0,1.0,2.0,2.0,4.0,6.0,9.0,19.0,21.0,29.0,29.0,34.0,28.0,25.0,23.0,29.0,25.0,28.0,19.0,23.0,27.0,28.0,27.0,31.0,25.0,18.0,29.0,36.0,37.0,40.0,40.0,34.0,46.0,41.0,18.0,16.0,18.0,15.0,20.0,29.0,41.0,68.0,89.0,78.0,54.0,52.0,59.0,45.0,49.0,47.0,33.0,37.0,47.0,55.0,56.0,26.0,38.0,47.0,35.0,27.0,25.0,44.0,40.0,46.0,48.0,50.0,55.0,58.0,57.0,83.0,84.0,62.0,70.0,69.0,72.0,55.0,66.0,71.0,61.0,55.0,68.0,69.0,49.0,43.0,63.0,43.0,44.0,40.0,48.0,57.0,62.0,48.0,46.0,46.0,38.0,31.0,38.0,44.0,47.0,45.0,39.0,39.0,37.0,43.0,36.0,55.0,61.0,69.0,73.0,62.0,62.0,63.0,56.0,56.0,58.0,53.0,59.0,55.0,51.0,51.0,57.0,46.0,49.0,45.0,47.0,50.0,62.0,68.0,64.0,79.0,83.0,66.0,75.0,68.0,74.0,62.0,64.0,56.0,60.0,45.0,43.0,50.0,46.0,35.0,58.0,48.0,57.0,51.0,46.0,66.0,71.0,55.0,59.0,63.0,49.0,57.0,49.0,66.0,55.0,64.0,55.0,57.0,43.0,40.0
Roosevelt Island,Manhattan,neighborhood,31.0,40.0,45.0,42.0,30.0,35.0,54.0,45.0,44.0,39.0,45.0,42.0,41.0,41.0,57.0,54.0,39.0,42.0,33.0,41.0,48.0,46.0,41.0,40.0,28.0,33.0,24.0,33.0,37.0,41.0,50.0,30.0,26.0,21.0,44.0,38.0,43.0,24.0,32.0,39.0,52.0,44.0,51.0,42.0,46.0,44.0,42.0,38.0,41.0,36.0,26.0,35.0,39.0,39.0,39.0,51.0,43.0,53.0,40.0,42.0,38.0,44.0,62.0,28.0,41.0,48.0,59.0,63.0,77.0,76.0,83.0,67.0,61.0,48.0,70.0,53.0,47.0,64.0,61.0,58.0,73.0,69.0,65.0,55.0,94.0,96.0,100.0,69.0,59.0,58.0,42.0,54.0,57.0,53.0,48.0,40.0,60.0,67.0,73.0,74.0,97.0,100.0,92.0,80.0,84.0,80.0,77.0,75.0,83.0,94.0,88.0,89.0,126.0,111.0,89.0,90.0,65.0,54.0,42.0,53.0,62.0,59.0,64.0,63.0,74.0,106.0,118.0,107.0,107.0,103.0,92.0,95.0,103.0,105.0,95.0,111.0,116.0,127.0,104.0,76.0,76.0,65.0,38.0,39.0,42.0,47.0,57.0,55.0,59.0,59.0,58.0,72.0,55.0,60.0,57.0,67.0,66.0,64.0,68.0,63.0,51.0,62.0,72.0,73.0,67.0,102.0,56.0,31.0,48.0,58.0,53.0,43.0,45.0,39.0,42.0,49.0,57.0,59.0,60.0,52.0,72.0,65.0,93.0,92.0,90.0,88.0,101.0,67.0,67.0,58.0,50.0,47.0,59.0,62.0,64.0,65.0,64.0,62.0,77.0,69.0
Rosedale,Queens,neighborhood,0.0,0.0,0.0,0.0,0.0,0.0,0.0,0.0,0.0,0.0,0.0,0.0,0.0,0.0,0.0,0.0,0.0,0.0,0.0,0.0,0.0,0.0,0.0,0.0,0.0,0.0,1.0,1.0,1.0,0.0,0.0,1.0,1.0,0.0,0.0,0.0,0.0,0.0,0.0,0.0,0.0,0.0,0.0,0.0,0.0,0.0,1.0,2.0,3.0,2.0,2.0,2.0,0.0,1.0,1.0,1.0,0.0,2.0,1.0,3.0,0.0,0.0,0.0,0.0,0.0,1.0,1.0,2.0,2.0,2.0,3.0,4.0,3.0,3.0,2.0,4.0,2.0,0.0,1.0,2.0,6.0,3.0,2.0,2.0,3.0,4.0,4.0,2.0,5.0,8.0,7.0,1.0,1.0,1.0,1.0,1.0,2.0,0.0,2.0,1.0,0.0,3.0,3.0,4.0,3.0,4.0,1.0,2.0,1.0,1.0,2.0,3.0,3.0,2.0,1.0,3.0,2.0,2.0,0.0,1.0,1.0,0.0,0.0,1.0,1.0,1.0,1.0,0.0,0.0,4.0,3.0,1.0,1.0,0.0,2.0,2.0,2.0,2.0,1.0,1.0,0.0,4.0,2.0,2.0,4.0,1.0,0.0,0.0,0.0,0.0,3.0,4.0,6.0,4.0,4.0,1.0,3.0,4.0,1.0,3.0,5.0,3.0,4.0,4.0,1.0,2.0,0.0,0.0,1.0,2.0,4.0,4.0,3.0,2.0,3.0,3.0,2.0,4.0,7.0,5.0,4.0,1.0,2.0,3.0,3.0,2.0,0.0,0.0,0.0,2.0,4.0,1.0,0.0,0.0,1.0,1.0,2.0,1.0,0.0,1.0
Schuylerville,Bronx,neighborhood,1.0,1.0,1.0,1.0,0.0,0.0,0.0,0.0,0.0,0.0,0.0,0.0,0.0,0.0,0.0,0.0,0.0,0.0,0.0,0.0,0.0,0.0,0.0,0.0,0.0,0.0,0.0,0.0,0.0,0.0,0.0,0.0,1.0,1.0,2.0,2.0,1.0,0.0,0.0,0.0,2.0,2.0,1.0,2.0,1.0,0.0,0.0,0.0,0.0,0.0,0.0,0.0,0.0,0.0,0.0,1.0,1.0,0.0,2.0,5.0,4.0,1.0,1.0,2.0,1.0,1.0,1.0,1.0,2.0,2.0,2.0,1.0,4.0,2.0,2.0,4.0,7.0,5.0,5.0,3.0,5.0,1.0,2.0,2.0,6.0,8.0,9.0,6.0,4.0,4.0,1.0,1.0,1.0,1.0,2.0,1.0,2.0,3.0,0.0,3.0,3.0,4.0,7.0,8.0,7.0,3.0,1.0,2.0,3.0,2.0,1.0,3.0,2.0,4.0,6.0,6.0,5.0,1.0,3.0,4.0,4.0,1.0,1.0,1.0,5.0,5.0,4.0,5.0,3.0,3.0,3.0,4.0,4.0,4.0,4.0,1.0,1.0,9.0,4.0,5.0,2.0,4.0,2.0,3.0,0.0,2.0,4.0,3.0,1.0,1.0,3.0,3.0,3.0,4.0,3.0,2.0,3.0,4.0,5.0,8.0,4.0,1.0,0.0,5.0,4.0,2.0,3.0,1.0,2.0,0.0,0.0,1.0,2.0,4.0,1.0,1.0,2.0,0.0,2.0,3.0,2.0,1.0,2.0,2.0,2.0,2.0,5.0,5.0,3.0,3.0,3.0,4.0,2.0,1.0,3.0,2.0,0.0,0.0,0.0,1.0
Seagate,Brooklyn,neighborhood,0.0,0.0,0.0,0.0,0.0,0.0,0.0,0.0,0.0,0.0,0.0,0.0,0.0,0.0,0.0,0.0,0.0,0.0,0.0,0.0,0.0,0.0,0.0,0.0,0.0,0.0,0.0,0.0,0.0,0.0,0.0,0.0,0.0,0.0,0.0,0.0,0.0,1.0,1.0,1.0,1.0,1.0,1.0,1.0,0.0,0.0,0.0,0.0,0.0,0.0,0.0,2.0,2.0,0.0,0.0,0.0,0.0,0.0,0.0,0.0,0.0,0.0,0.0,0.0,0.0,0.0,0.0,0.0,1.0,3.0,1.0,1.0,0.0,0.0,0.0,1.0,2.0,4.0,4.0,2.0,3.0,2.0,2.0,2.0,2.0,0.0,2.0,2.0,5.0,5.0,2.0,0.0,1.0,4.0,2.0,2.0,1.0,5.0,6.0,6.0,6.0,4.0,2.0,0.0,2.0,3.0,2.0,1.0,2.0,0.0,0.0,0.0,2.0,2.0,1.0,2.0,0.0,0.0,0.0,0.0,1.0,1.0,1.0,0.0,1.0,2.0,2.0,0.0,0.0,1.0,2.0,1.0,1.0,0.0,1.0,1.0,2.0,1.0,1.0,3.0,5.0,4.0,6.0,3.0,1.0,0.0,0.0,0.0,0.0,1.0,2.0,1.0,3.0,2.0,4.0,4.0,4.0,4.0,2.0,0.0,0.0,0.0,1.0,2.0,3.0,2.0,2.0,1.0,4.0,1.0,2.0,4.0,6.0,3.0,6.0,6.0,2.0,2.0,2.0,5.0,1.0,0.0,0.0,2.0,1.0,2.0,2.0,0.0,1.0,0.0,0.0,0.0,0.0,0.0,1.0,0.0,2.0,1.0,0.0,0.0
Sheepshead Bay,Brooklyn,neighborhood,10.0,17.0,17.0,17.0,13.0,13.0,8.0,11.0,6.0,8.0,11.0,33.0,60.0,66.0,64.0,51.0,47.0,46.0,41.0,39.0,44.0,42.0,32.0,41.0,26.0,40.0,33.0,45.0,56.0,38.0,43.0,42.0,22.0,40.0,40.0,32.0,42.0,45.0,48.0,61.0,45.0,41.0,79.0,63.0,70.0,65.0,59.0,77.0,67.0,98.0,95.0,89.0,84.0,111.0,124.0,125.0,148.0,106.0,61.0,65.0,81.0,76.0,97.0,107.0,132.0,134.0,156.0,107.0,121.0,139.0,117.0,102.0,120.0,94.0,112.0,104.0,112.0,105.0,101.0,103.0,123.0,120.0,147.0,161.0,173.0,194.0,272.0,250.0,256.0,228.0,206.0,129.0,146.0,157.0,129.0,116.0,139.0,124.0,133.0,158.0,170.0,167.0,188.0,153.0,164.0,200.0,200.0,161.0,179.0,177.0,214.0,217.0,257.0,241.0,188.0,169.0,161.0,122.0,110.0,110.0,118.0,114.0,108.0,79.0,95.0,111.0,120.0,132.0,152.0,163.0,161.0,169.0,169.0,185.0,185.0,155.0,157.0,162.0,177.0,160.0,146.0,170.0,143.0,137.0,145.0,147.0,182.0,125.0,131.0,127.0,106.0,95.0,95.0,92.0,69.0,80.0,90.0,90.0,89.0,58.0,59.0,78.0,75.0,104.0,110.0,105.0,82.0,112.0,108.0,100.0,100.0,90.0,92.0,82.0,110.0,96.0,91.0,80.0,80.0,78.0,74.0,77.0,81.0,106.0,91.0,62.0,65.0,71.0,82.0,69.0,67.0,71.0,75.0,86.0,85.0,84.0,88.0,110.0,128.0,111.0
Soho,Manhattan,neighborhood,252.0,232.0,237.0,259.0,232.0,271.0,253.0,231.0,205.0,178.0,190.0,176.0,183.0,171.0,208.0,200.0,214.0,240.0,278.0,293.0,214.0,197.0,201.0,180.0,208.0,211.0,219.0,209.0,268.0,316.0,344.0,297.0,228.0,222.0,226.0,198.0,231.0,274.0,275.0,302.0,313.0,304.0,352.0,367.0,325.0,302.0,251.0,204.0,213.0,189.0,228.0,268.0,309.0,310.0,323.0,320.0,271.0,230.0,213.0,194.0,194.0,219.0,241.0,274.0,289.0,318.0,336.0,313.0,251.0,240.0,204.0,234.0,257.0,249.0,268.0,305.0,351.0,363.0,370.0,355.0,318.0,306.0,286.0,247.0,275.0,273.0,317.0,344.0,397.0,383.0,383.0,344.0,312.0,326.0,287.0,242.0,245.0,241.0,262.0,289.0,340.0,315.0,310.0,314.0,265.0,237.0,197.0,173.0,174.0,179.0,207.0,241.0,284.0,331.0,301.0,263.0,246.0,230.0,192.0,155.0,152.0,151.0,134.0,138.0,294.0,423.0,590.0,697.0,657.0,601.0,547.0,488.0,478.0,385.0,379.0,355.0,304.0,230.0,203.0,190.0,153.0,124.0,118.0,120.0,118.0,134.0,131.0,147.0,183.0,222.0,218.0,210.0,189.0,180.0,176.0,159.0,201.0,173.0,176.0,197.0,293.0,324.0,323.0,349.0,291.0,253.0,236.0,179.0,199.0,203.0,196.0,240.0,276.0,297.0,337.0,298.0,259.0,229.0,181.0,161.0,171.0,131.0,154.0,194.0,235.0,227.0,253.0,233.0,185.0,167.0,136.0,133.0,137.0,123.0,146.0,189.0,217.0,258.0,247.0,202.0
Soundview,Bronx,neighborhood,0.0,0.0,0.0,0.0,0.0,0.0,0.0,0.0,0.0,0.0,0.0,0.0,0.0,0.0,1.0,2.0,1.0,1.0,1.0,1.0,1.0,1.0,1.0,1.0,0.0,0.0,0.0,0.0,0.0,1.0,1.0,3.0,7.0,3.0,1.0,1.0,3.0,1.0,1.0,0.0,1.0,2.0,2.0,1.0,1.0,3.0,2.0,2.0,1.0,3.0,4.0,3.0,5.0,5.0,3.0,3.0,1.0,3.0,12.0,26.0,23.0,29.0,38.0,22.0,17.0,15.0,15.0,17.0,16.0,13.0,11.0,21.0,20.0,19.0,12.0,7.0,6.0,11.0,14.0,18.0,19.0,19.0,22.0,20.0,19.0,17.0,24.0,26.0,22.0,20.0,18.0,11.0,14.0,14.0,10.0,9.0,10.0,13.0,18.0,17.0,18.0,13.0,13.0,16.0,14.0,18.0,19.0,28.0,30.0,15.0,22.0,23.0,19.0,15.0,24.0,24.0,20.0,21.0,28.0,19.0,15.0,15.0,13.0,10.0,13.0,15.0,14.0,15.0,16.0,12.0,19.0,22.0,14.0,13.0,15.0,11.0,12.0,10.0,11.0,10.0,13.0,15.0,14.0,18.0,21.0,25.0,12.0,8.0,23.0,16.0,22.0,15.0,15.0,14.0,13.0,7.0,13.0,22.0,16.0,12.0,11.0,8.0,16.0,11.0,9.0,6.0,8.0,5.0,14.0,10.0,12.0,14.0,17.0,11.0,6.0,6.0,7.0,10.0,11.0,11.0,6.0,7.0,12.0,16.0,10.0,6.0,5.0,7.0,13.0,14.0,14.0,13.0,10.0,10.0,17.0,14.0,20.0,5.0,4.0,6.0
South Jamaica,Queens,neighborhood,0.0,0.0,0.0,0.0,0.0,0.0,0.0,0.0,0.0,0.0,0.0,0.0,0.0,0.0,0.0,0.0,0.0,0.0,0.0,0.0,0.0,0.0,0.0,0.0,0.0,0.0,0.0,0.0,1.0,1.0,1.0,0.0,0.0,0.0,0.0,0.0,0.0,1.0,1.0,1.0,1.0,1.0,1.0,1.0,1.0,1.0,1.0,0.0,1.0,1.0,1.0,1.0,1.0,1.0,0.0,0.0,0.0,2.0,2.0,1.0,3.0,3.0,0.0,1.0,1.0,0.0,0.0,0.0,1.0,1.0,3.0,1.0,0.0,1.0,1.0,0.0,0.0,1.0,0.0,0.0,0.0,0.0,2.0,2.0,1.0,1.0,1.0,0.0,4.0,5.0,4.0,0.0,1.0,3.0,1.0,0.0,4.0,5.0,1.0,1.0,2.0,3.0,1.0,1.0,2.0,2.0,2.0,2.0,2.0,3.0,5.0,2.0,1.0,1.0,3.0,4.0,8.0,2.0,2.0,3.0,4.0,4.0,3.0,2.0,4.0,2.0,2.0,2.0,0.0,0.0,2.0,6.0,2.0,2.0,0.0,0.0,2.0,6.0,2.0,0.0,5.0,2.0,8.0,7.0,2.0,7.0,7.0,11.0,8.0,8.0,8.0,6.0,3.0,8.0,11.0,10.0,9.0,2.0,6.0,9.0,14.0,10.0,2.0,4.0,7.0,5.0,4.0,1.0,8.0,13.0,10.0,9.0,9.0,3.0,4.0,3.0,6.0,3.0,2.0,3.0,6.0,5.0,5.0,3.0,6.0,6.0,9.0,11.0,11.0,12.0,8.0,6.0,2.0,5.0,11.0,15.0,14.0,10.0,6.0,2.0
South Ozone Park,Queens,neighborhood,0.0,0.0,0.0,0.0,1.0,1.0,1.0,0.0,0.0,0.0,0.0,0.0,0.0,0.0,0.0,0.0,0.0,0.0,0.0,0.0,0.0,0.0,0.0,0.0,1.0,1.0,1.0,0.0,0.0,0.0,1.0,1.0,0.0,0.0,0.0,0.0,0.0,0.0,0.0,0.0,0.0,0.0,1.0,1.0,1.0,2.0,3.0,3.0,2.0,4.0,3.0,3.0,2.0,2.0,1.0,1.0,1.0,0.0,0.0,3.0,4.0,4.0,3.0,1.0,1.0,1.0,2.0,2.0,2.0,1.0,0.0,0.0,4.0,4.0,2.0,1.0,0.0,0.0,0.0,0.0,0.0,0.0,0.0,0.0,0.0,3.0,3.0,1.0,4.0,6.0,3.0,2.0,2.0,3.0,1.0,2.0,2.0,2.0,4.0,3.0,3.0,4.0,3.0,2.0,0.0,0.0,1.0,2.0,2.0,0.0,2.0,1.0,3.0,3.0,4.0,2.0,1.0,4.0,4.0,2.0,2.0,3.0,2.0,1.0,2.0,2.0,2.0,5.0,6.0,8.0,6.0,9.0,6.0,2.0,2.0,1.0,1.0,2.0,3.0,3.0,1.0,4.0,4.0,6.0,7.0,1.0,3.0,3.0,3.0,5.0,6.0,8.0,4.0,3.0,3.0,4.0,2.0,5.0,7.0,6.0,3.0,4.0,6.0,3.0,7.0,11.0,8.0,4.0,6.0,2.0,2.0,2.0,3.0,2.0,1.0,4.0,8.0,5.0,2.0,2.0,3.0,1.0,1.0,0.0,0.0,1.0,1.0,1.0,2.0,1.0,1.0,1.0,2.0,2.0,0.0,1.0,2.0,1.0,1.0,2.0
South Richmond Hill,Queens,neighborhood,0.0,0.0,0.0,0.0,0.0,0.0,0.0,0.0,0.0,1.0,1.0,1.0,1.0,1.0,1.0,2.0,2.0,3.0,2.0,1.0,0.0,0.0,0.0,0.0,1.0,1.0,0.0,0.0,0.0,0.0,1.0,1.0,1.0,1.0,1.0,1.0,0.0,0.0,0.0,1.0,1.0,2.0,2.0,2.0,2.0,2.0,3.0,3.0,3.0,2.0,2.0,4.0,5.0,8.0,4.0,3.0,0.0,1.0,3.0,2.0,1.0,2.0,3.0,3.0,1.0,1.0,1.0,0.0,0.0,2.0,2.0,5.0,7.0,2.0,2.0,3.0,2.0,2.0,3.0,2.0,3.0,3.0,2.0,2.0,4.0,5.0,2.0,1.0,3.0,8.0,5.0,4.0,3.0,4.0,4.0,5.0,4.0,3.0,3.0,6.0,4.0,5.0,5.0,5.0,3.0,3.0,4.0,4.0,4.0,5.0,6.0,6.0,5.0,6.0,5.0,4.0,1.0,3.0,4.0,5.0,6.0,7.0,5.0,3.0,3.0,3.0,4.0,3.0,1.0,4.0,5.0,4.0,7.0,7.0,6.0,5.0,3.0,5.0,2.0,2.0,3.0,5.0,5.0,2.0,6.0,10.0,8.0,7.0,6.0,4.0,6.0,4.0,4.0,5.0,4.0,8.0,4.0,8.0,5.0,3.0,2.0,2.0,3.0,2.0,3.0,7.0,8.0,7.0,8.0,3.0,4.0,3.0,3.0,3.0,5.0,3.0,2.0,2.0,1.0,1.0,5.0,3.0,6.0,5.0,2.0,2.0,1.0,2.0,6.0,2.0,2.0,2.0,3.0,4.0,2.0,3.0,4.0,2.0,3.0,3.0
Springfield Gardens,Queens,neighborhood,0.0,0.0,0.0,0.0,0.0,0.0,0.0,0.0,0.0,0.0,0.0,1.0,1.0,2.0,2.0,2.0,2.0,2.0,1.0,2.0,2.0,3.0,4.0,4.0,4.0,3.0,0.0,0.0,0.0,1.0,1.0,1.0,0.0,0.0,0.0,0.0,0.0,0.0,1.0,1.0,0.0,0.0,0.0,0.0,0.0,0.0,2.0,2.0,1.0,1.0,1.0,0.0,0.0,1.0,1.0,0.0,0.0,0.0,0.0,0.0,1.0,0.0,0.0,0.0,0.0,0.0,0.0,0.0,0.0,0.0,0.0,0.0,1.0,0.0,0.0,0.0,0.0,1.0,3.0,1.0,1.0,2.0,2.0,3.0,2.0,1.0,1.0,2.0,3.0,4.0,1.0,2.0,3.0,3.0,4.0,1.0,6.0,3.0,1.0,3.0,3.0,3.0,6.0,3.0,3.0,5.0,5.0,4.0,2.0,3.0,1.0,1.0,1.0,4.0,4.0,5.0,3.0,4.0,2.0,3.0,4.0,5.0,5.0,3.0,3.0,4.0,4.0,2.0,3.0,2.0,4.0,6.0,4.0,5.0,4.0,5.0,6.0,2.0,2.0,5.0,5.0,4.0,3.0,3.0,2.0,0.0,1.0,4.0,1.0,5.0,3.0,3.0,2.0,2.0,5.0,3.0,7.0,6.0,6.0,6.0,6.0,4.0,0.0,2.0,1.0,4.0,3.0,8.0,6.0,10.0,8.0,8.0,9.0,6.0,3.0,5.0,3.0,4.0,3.0,5.0,1.0,5.0,3.0,2.0,9.0,2.0,3.0,2.0,2.0,2.0,4.0,4.0,4.0,3.0,3.0,4.0,9.0,7.0,2.0,1.0
St. Albans,Queens,neighborhood,0.0,0.0,0.0,0.0,0.0,0.0,0.0,0.0,0.0,0.0,0.0,0.0,0.0,0.0,0.0,0.0,2.0,2.0,2.0,2.0,0.0,0.0,0.0,1.0,1.0,1.0,1.0,1.0,1.0,1.0,1.0,2.0,3.0,3.0,3.0,3.0,5.0,4.0,2.0,1.0,1.0,0.0,0.0,4.0,4.0,4.0,1.0,0.0,0.0,1.0,1.0,1.0,4.0,4.0,2.0,2.0,3.0,4.0,2.0,2.0,3.0,1.0,1.0,3.0,2.0,0.0,1.0,4.0,6.0,2.0,5.0,13.0,9.0,8.0,8.0,3.0,4.0,3.0,4.0,4.0,2.0,5.0,5.0,3.0,2.0,3.0,5.0,6.0,9.0,6.0,8.0,4.0,4.0,5.0,7.0,4.0,0.0,3.0,3.0,2.0,3.0,4.0,3.0,5.0,4.0,5.0,5.0,5.0,3.0,5.0,4.0,13.0,5.0,11.0,7.0,4.0,4.0,4.0,2.0,7.0,7.0,5.0,2.0,4.0,4.0,2.0,3.0,0.0,3.0,3.0,3.0,3.0,1.0,2.0,4.0,4.0,6.0,1.0,3.0,5.0,3.0,7.0,10.0,2.0,2.0,7.0,7.0,3.0,4.0,3.0,7.0,10.0,11.0,5.0,7.0,10.0,10.0,7.0,6.0,12.0,11.0,9.0,6.0,9.0,10.0,7.0,5.0,8.0,5.0,10.0,7.0,5.0,2.0,4.0,13.0,14.0,4.0,7.0,6.0,9.0,8.0,5.0,9.0,6.0,14.0,8.0,5.0,4.0,0.0,1.0,4.0,8.0,8.0,6.0,8.0,5.0,3.0,9.0,7.0,10.0
Staten Island,Staten Island,borough,7.0,5.0,6.0,6.0,2.0,3.0,3.0,4.0,6.0,6.0,5.0,6.0,5.0,4.0,4.0,4.0,5.0,4.0,5.0,5.0,6.0,5.0,2.0,3.0,6.0,7.0,5.0,8.0,7.0,11.0,15.0,14.0,17.0,14.0,15.0,12.0,9.0,9.0,11.0,11.0,26.0,34.0,30.0,20.0,13.0,68.0,94.0,57.0,33.0,35.0,30.0,32.0,48.0,49.0,58.0,43.0,50.0,54.0,56.0,59.0,76.0,82.0,99.0,107.0,101.0,66.0,61.0,66.0,68.0,82.0,74.0,70.0,62.0,64.0,71.0,81.0,81.0,80.0,75.0,96.0,99.0,104.0,120.0,100.0,95.0,95.0,112.0,106.0,124.0,93.0,89.0,37.0,53.0,51.0,75.0,77.0,93.0,89.0,100.0,71.0,82.0,80.0,81.0,87.0,77.0,97.0,86.0,88.0,97.0,96.0,75.0,67.0,64.0,45.0,56.0,60.0,69.0,64.0,60.0,48.0,49.0,50.0,44.0,24.0,40.0,36.0,37.0,38.0,30.0,35.0,32.0,34.0,35.0,45.0,41.0,48.0,52.0,60.0,57.0,54.0,39.0,52.0,55.0,51.0,42.0,54.0,76.0,66.0,78.0,70.0,84.0,89.0,89.0,73.0,88.0,85.0,92.0,91.0,102.0,83.0,66.0,80.0,60.0,84.0,61.0,60.0,62.0,53.0,66.0,44.0,47.0,38.0,42.0,37.0,51.0,54.0,53.0,61.0,49.0,54.0,76.0,73.0,74.0,59.0,46.0,71.0,63.0,68.0,67.0,52.0,59.0,54.0,55.0,43.0,51.0,51.0,45.0,56.0,50.0,52.0
Stuyvesant Town/PCV,Manhattan,neighborhood,4.0,4.0,5.0,5.0,9.0,12.0,9.0,3.0,1.0,1.0,1.0,5.0,12.0,15.0,15.0,15.0,15.0,16.0,16.0,17.0,21.0,6.0,18.0,24.0,21.0,29.0,31.0,25.0,16.0,13.0,34.0,53.0,83.0,97.0,74.0,54.0,72.0,44.0,34.0,35.0,27.0,23.0,9.0,9.0,29.0,85.0,84.0,39.0,37.0,297.0,511.0,1176.0,1173.0,732.0,56.0,67.0,56.0,51.0,36.0,38.0,33.0,25.0,36.0,65.0,336.0,309.0,437.0,398.0,262.0,173.0,75.0,63.0,90.0,108.0,84.0,114.0,114.0,135.0,151.0,121.0,93.0,77.0,81.0,89.0,113.0,100.0,97.0,104.0,104.0,117.0,158.0,138.0,122.0,83.0,76.0,41.0,85.0,64.0,129.0,134.0,105.0,64.0,67.0,88.0,97.0,101.0,76.0,91.0,35.0,37.0,56.0,76.0,60.0,67.0,60.0,58.0,33.0,25.0,18.0,18.0,19.0,18.0,16.0,12.0,22.0,61.0,49.0,55.0,45.0,63.0,42.0,37.0,25.0,30.0,29.0,38.0,33.0,50.0,81.0,70.0,45.0,55.0,45.0,54.0,33.0,44.0,55.0,68.0,81.0,101.0,51.0,57.0,42.0,37.0,33.0,25.0,52.0,79.0,64.0,52.0,69.0,75.0,80.0,60.0,41.0,64.0,50.0,62.0,70.0,45.0,44.0,38.0,50.0,46.0,61.0,53.0,43.0,50.0,37.0,53.0,53.0,45.0,45.0,46.0,63.0,71.0,74.0,62.0,63.0,61.0,59.0,81.0,63.0,58.0,49.0,31.0,44.0,63.0,60.0,59.0
Sunnyside,Queens,neighborhood,61.0,79.0,74.0,72.0,50.0,59.0,57.0,45.0,35.0,36.0,28.0,29.0,37.0,29.0,48.0,54.0,60.0,47.0,51.0,54.0,16.0,24.0,19.0,24.0,34.0,37.0,31.0,43.0,36.0,28.0,25.0,24.0,29.0,35.0,25.0,26.0,40.0,52.0,60.0,75.0,70.0,49.0,56.0,50.0,45.0,65.0,77.0,56.0,70.0,93.0,109.0,115.0,104.0,107.0,143.0,158.0,177.0,142.0,120.0,125.0,149.0,152.0,165.0,198.0,208.0,193.0,219.0,213.0,195.0,256.0,222.0,219.0,213.0,207.0,228.0,215.0,216.0,212.0,224.0,248.0,232.0,227.0,271.0,245.0,325.0,350.0,359.0,329.0,352.0,363.0,317.0,255.0,238.0,282.0,241.0,233.0,330.0,295.0,329.0,334.0,312.0,282.0,336.0,323.0,236.0,299.0,281.0,267.0,267.0,283.0,360.0,323.0,298.0,334.0,297.0,288.0,285.0,269.0,211.0,172.0,165.0,139.0,134.0,87.0,167.0,276.0,377.0,422.0,461.0,483.0,395.0,393.0,411.0,421.0,434.0,457.0,383.0,362.0,367.0,282.0,232.0,217.0,193.0,182.0,164.0,165.0,174.0,124.0,114.0,106.0,103.0,123.0,123.0,136.0,142.0,119.0,133.0,152.0,145.0,99.0,105.0,108.0,134.0,116.0,107.0,146.0,141.0,111.0,133.0,120.0,132.0,126.0,121.0,121.0,142.0,141.0,128.0,153.0,159.0,127.0,146.0,122.0,128.0,153.0,149.0,131.0,103.0,132.0,126.0,157.0,164.0,136.0,147.0,145.0,126.0,122.0,119.0,125.0,118.0,114.0
Sunset Park,Brooklyn,neighborhood,47.0,46.0,45.0,44.0,41.0,35.0,36.0,36.0,13.0,19.0,14.0,16.0,17.0,14.0,21.0,19.0,15.0,16.0,17.0,17.0,10.0,10.0,10.0,13.0,11.0,9.0,14.0,8.0,9.0,20.0,14.0,12.0,16.0,24.0,27.0,20.0,27.0,28.0,43.0,38.0,40.0,45.0,54.0,49.0,54.0,40.0,54.0,59.0,121.0,104.0,77.0,92.0,87.0,65.0,76.0,73.0,80.0,88.0,66.0,60.0,69.0,83.0,71.0,61.0,58.0,86.0,83.0,88.0,75.0,91.0,72.0,64.0,79.0,70.0,97.0,100.0,101.0,106.0,97.0,96.0,89.0,100.0,100.0,89.0,129.0,124.0,166.0,163.0,206.0,209.0,203.0,140.0,141.0,158.0,131.0,115.0,136.0,126.0,184.0,210.0,239.0,234.0,186.0,204.0,178.0,224.0,185.0,130.0,177.0,145.0,172.0,210.0,198.0,161.0,204.0,211.0,166.0,137.0,142.0,114.0,134.0,106.0,117.0,90.0,109.0,131.0,205.0,236.0,232.0,264.0,229.0,202.0,184.0,187.0,174.0,190.0,187.0,180.0,174.0,200.0,170.0,165.0,157.0,127.0,120.0,110.0,118.0,110.0,103.0,105.0,109.0,95.0,110.0,102.0,91.0,94.0,101.0,102.0,148.0,142.0,121.0,119.0,114.0,131.0,107.0,106.0,116.0,83.0,96.0,94.0,91.0,83.0,99.0,88.0,115.0,120.0,94.0,97.0,88.0,87.0,95.0,86.0,88.0,106.0,113.0,99.0,97.0,111.0,107.0,113.0,94.0,92.0,89.0,97.0,102.0,107.0,109.0,102.0,107.0,99.0
Throgs Neck,Bronx,neighborhood,1.0,1.0,1.0,2.0,2.0,1.0,1.0,1.0,2.0,1.0,1.0,1.0,1.0,1.0,3.0,2.0,0.0,0.0,0.0,0.0,0.0,1.0,1.0,3.0,3.0,3.0,3.0,1.0,0.0,1.0,2.0,4.0,3.0,2.0,2.0,0.0,2.0,2.0,2.0,2.0,5.0,1.0,1.0,2.0,1.0,1.0,0.0,0.0,0.0,1.0,3.0,5.0,1.0,1.0,1.0,3.0,3.0,2.0,1.0,6.0,4.0,4.0,12.0,7.0,9.0,13.0,7.0,11.0,15.0,14.0,17.0,18.0,10.0,8.0,6.0,3.0,10.0,12.0,7.0,8.0,10.0,7.0,12.0,7.0,8.0,10.0,8.0,6.0,12.0,12.0,16.0,10.0,11.0,12.0,16.0,13.0,11.0,13.0,11.0,8.0,6.0,11.0,14.0,11.0,11.0,16.0,21.0,12.0,12.0,10.0,8.0,11.0,31.0,16.0,12.0,7.0,13.0,15.0,17.0,12.0,8.0,5.0,6.0,6.0,6.0,12.0,8.0,2.0,3.0,4.0,5.0,6.0,7.0,10.0,10.0,10.0,9.0,12.0,11.0,13.0,18.0,16.0,11.0,11.0,10.0,14.0,13.0,12.0,9.0,9.0,14.0,13.0,10.0,8.0,14.0,19.0,15.0,15.0,18.0,14.0,12.0,10.0,8.0,7.0,4.0,11.0,14.0,13.0,13.0,7.0,9.0,8.0,7.0,6.0,6.0,5.0,8.0,7.0,11.0,15.0,17.0,15.0,13.0,15.0,18.0,12.0,8.0,3.0,6.0,18.0,15.0,14.0,10.0,13.0,23.0,11.0,10.0,20.0,13.0,8.0
Tremont,Bronx,neighborhood,0.0,0.0,0.0,0.0,0.0,0.0,0.0,0.0,0.0,0.0,0.0,0.0,0.0,0.0,0.0,0.0,0.0,1.0,1.0,0.0,0.0,0.0,0.0,0.0,0.0,0.0,0.0,0.0,0.0,1.0,1.0,0.0,0.0,2.0,3.0,2.0,3.0,3.0,2.0,1.0,1.0,2.0,3.0,3.0,3.0,3.0,3.0,4.0,5.0,1.0,1.0,2.0,2.0,3.0,4.0,6.0,13.0,10.0,10.0,10.0,10.0,9.0,13.0,29.0,25.0,24.0,30.0,31.0,26.0,42.0,35.0,39.0,36.0,35.0,30.0,25.0,27.0,23.0,18.0,29.0,27.0,25.0,25.0,20.0,31.0,25.0,21.0,29.0,34.0,19.0,18.0,15.0,27.0,30.0,26.0,15.0,28.0,18.0,20.0,17.0,14.0,10.0,14.0,33.0,26.0,34.0,38.0,18.0,22.0,31.0,28.0,16.0,24.0,37.0,53.0,44.0,37.0,34.0,24.0,8.0,16.0,5.0,14.0,12.0,19.0,17.0,22.0,18.0,15.0,20.0,16.0,20.0,50.0,44.0,29.0,24.0,24.0,32.0,34.0,25.0,35.0,31.0,32.0,35.0,29.0,22.0,28.0,21.0,27.0,45.0,37.0,45.0,40.0,43.0,45.0,29.0,40.0,27.0,27.0,20.0,22.0,24.0,22.0,22.0,21.0,26.0,28.0,28.0,12.0,16.0,15.0,20.0,12.0,11.0,15.0,19.0,19.0,9.0,10.0,10.0,19.0,18.0,19.0,16.0,24.0,13.0,10.0,16.0,28.0,26.0,23.0,6.0,9.0,7.0,18.0,15.0,19.0,9.0,19.0,18.0
Tribeca,Manhattan,neighborhood,195.0,199.0,225.0,243.0,248.0,226.0,205.0,197.0,189.0,168.0,148.0,134.0,155.0,166.0,176.0,182.0,198.0,230.0,222.0,248.0,233.0,248.0,212.0,182.0,214.0,217.0,242.0,250.0,253.0,240.0,229.0,230.0,229.0,238.0,188.0,184.0,204.0,226.0,251.0,266.0,307.0,290.0,305.0,306.0,326.0,360.0,296.0,257.0,276.0,283.0,372.0,373.0,347.0,353.0,345.0,331.0,324.0,298.0,245.0,246.0,257.0,213.0,283.0,304.0,319.0,318.0,343.0,368.0,300.0,309.0,280.0,262.0,262.0,285.0,309.0,357.0,404.0,417.0,423.0,411.0,413.0,390.0,394.0,344.0,404.0,411.0,441.0,405.0,485.0,478.0,408.0,407.0,424.0,412.0,397.0,322.0,337.0,322.0,321.0,311.0,362.0,342.0,336.0,336.0,292.0,274.0,267.0,225.0,279.0,240.0,291.0,353.0,478.0,467.0,389.0,367.0,295.0,332.0,291.0,257.0,308.0,269.0,269.0,234.0,383.0,518.0,679.0,708.0,784.0,677.0,605.0,557.0,559.0,511.0,467.0,400.0,316.0,293.0,247.0,197.0,138.0,152.0,136.0,118.0,135.0,160.0,162.0,150.0,191.0,241.0,249.0,245.0,253.0,257.0,250.0,231.0,247.0,227.0,244.0,268.0,334.0,325.0,317.0,321.0,289.0,280.0,252.0,221.0,237.0,238.0,252.0,222.0,232.0,226.0,259.0,252.0,229.0,208.0,195.0,193.0,211.0,191.0,197.0,214.0,246.0,232.0,240.0,250.0,236.0,246.0,223.0,189.0,208.0,181.0,204.0,205.0,214.0,251.0,269.0,268.0
University Heights,Bronx,neighborhood,11.0,10.0,3.0,2.0,2.0,1.0,1.0,0.0,0.0,0.0,0.0,2.0,1.0,2.0,1.0,0.0,4.0,9.0,13.0,9.0,15.0,17.0,12.0,4.0,8.0,10.0,13.0,13.0,14.0,9.0,8.0,18.0,21.0,16.0,14.0,13.0,15.0,14.0,16.0,12.0,13.0,20.0,15.0,13.0,15.0,14.0,14.0,12.0,17.0,17.0,11.0,13.0,9.0,5.0,10.0,14.0,17.0,23.0,22.0,23.0,29.0,28.0,31.0,41.0,37.0,40.0,45.0,23.0,13.0,12.0,17.0,22.0,16.0,17.0,20.0,30.0,31.0,32.0,28.0,30.0,21.0,20.0,32.0,29.0,36.0,23.0,29.0,27.0,30.0,32.0,34.0,39.0,27.0,38.0,26.0,31.0,26.0,23.0,30.0,30.0,25.0,24.0,23.0,25.0,16.0,34.0,40.0,32.0,33.0,38.0,38.0,34.0,36.0,37.0,43.0,31.0,31.0,32.0,44.0,39.0,28.0,16.0,11.0,10.0,23.0,21.0,25.0,29.0,24.0,25.0,23.0,23.0,32.0,31.0,35.0,40.0,28.0,29.0,37.0,33.0,26.0,28.0,44.0,39.0,36.0,43.0,39.0,33.0,31.0,38.0,38.0,39.0,36.0,33.0,30.0,33.0,44.0,33.0,38.0,33.0,30.0,22.0,29.0,34.0,30.0,33.0,21.0,28.0,33.0,30.0,21.0,27.0,19.0,17.0,18.0,18.0,24.0,31.0,36.0,19.0,17.0,33.0,38.0,33.0,30.0,32.0,24.0,25.0,28.0,35.0,32.0,23.0,22.0,21.0,17.0,16.0,14.0,20.0,18.0,15.0
Upper East Side,Manhattan,neighborhood,2529.0,2627.0,2625.0,2501.0,2411.0,2619.0,2559.0,2551.0,2196.0,2301.0,2242.0,2387.0,2428.0,2270.0,2544.0,2371.0,2358.0,2437.0,2438.0,2456.0,2162.0,2066.0,1942.0,1827.0,2000.0,1972.0,2230.0,2292.0,2380.0,2573.0,2679.0,2633.0,2244.0,2205.0,2118.0,1964.0,2178.0,2029.0,2236.0,2540.0,2689.0,2707.0,3009.0,3182.0,2755.0,2947.0,2687.0,2570.0,2707.0,2776.0,2824.0,2860.0,3217.0,3191.0,3361.0,3229.0,3148.0,2977.0,2699.0,2497.0,2651.0,2521.0,2853.0,2989.0,3186.0,3390.0,3456.0,3326.0,3077.0,3184.0,2958.0,2653.0,2842.0,2882.0,3193.0,3350.0,3711.0,3985.0,4057.0,4038.0,3759.0,3627.0,3396.0,3093.0,3312.0,3142.0,3381.0,3383.0,3732.0,3929.0,3807.0,3159.0,3041.0,3155.0,2867.0,2519.0,2761.0,2693.0,2860.0,3026.0,3274.0,3433.0,3453.0,3368.0,2874.0,2939.0,2623.0,2270.0,2439.0,2436.0,2737.0,2967.0,3171.0,3129.0,3263.0,2987.0,2658.0,2438.0,2071.0,1807.0,1964.0,1758.0,1637.0,1471.0,2505.0,3730.0,5138.0,5785.0,5905.0,6111.0,5621.0,5141.0,5265.0,4766.0,5047.0,4802.0,4392.0,4412.0,4135.0,3461.0,2593.0,2131.0,1712.0,1360.0,1375.0,1302.0,1485.0,1614.0,1860.0,2291.0,2346.0,2418.0,2226.0,2091.0,2036.0,1792.0,1979.0,1690.0,1875.0,2037.0,2419.0,2658.0,2859.0,2957.0,2557.0,2556.0,2241.0,1953.0,2066.0,1929.0,1951.0,2104.0,2311.0,2397.0,2826.0,2732.0,2457.0,2219.0,1805.0,1580.0,1611.0,1451.0,1587.0,1835.0,2129.0,2191.0,2379.0,2112.0,2015.0,1878.0,1559.0,1414.0,1414.0,1364.0,1661.0,1677.0,1762.0,1950.0,2049.0,1899.0
Upper West Side,Manhattan,neighborhood,2111.0,2133.0,2248.0,2399.0,2279.0,2378.0,2194.0,1906.0,1620.0,1607.0,1563.0,1519.0,1564.0,1533.0,1658.0,1656.0,1804.0,1998.0,2072.0,2126.0,1963.0,2081.0,1722.0,1611.0,1719.0,1814.0,1935.0,1961.0,2162.0,2326.0,2292.0,2330.0,1996.0,1893.0,1923.0,1798.0,1896.0,1884.0,2078.0,2179.0,2291.0,2344.0,2462.0,2403.0,2376.0,2424.0,2224.0,2360.0,2330.0,2354.0,2506.0,2450.0,2732.0,3077.0,3248.0,3002.0,2688.0,2551.0,2285.0,2189.0,2431.0,2313.0,2643.0,2828.0,3012.0,3292.0,3474.0,3213.0,2801.0,2665.0,2430.0,2409.0,2476.0,2481.0,2659.0,2708.0,3030.0,3369.0,3422.0,3520.0,3149.0,3036.0,2882.0,2657.0,2784.0,2694.0,2982.0,3002.0,3459.0,3689.0,3614.0,3072.0,2802.0,2811.0,2656.0,2326.0,2561.0,2434.0,2562.0,2744.0,2947.0,3056.0,3134.0,3161.0,2648.0,2600.0,2323.0,2029.0,2176.0,2030.0,2161.0,2327.0,2579.0,2769.0,2888.0,2694.0,2237.0,2096.0,1872.0,1722.0,1897.0,1762.0,1662.0,1635.0,2613.0,3832.0,5045.0,5430.0,5440.0,5560.0,4837.0,4454.0,4383.0,4110.0,4093.0,3749.0,3461.0,3260.0,2979.0,2424.0,1804.0,1518.0,1313.0,1191.0,1274.0,1277.0,1483.0,1551.0,1723.0,1957.0,2044.0,2050.0,1874.0,1752.0,1671.0,1532.0,1718.0,1665.0,1839.0,1800.0,2169.0,2393.0,2472.0,2443.0,2114.0,2082.0,1911.0,1674.0,1767.0,1688.0,1670.0,1758.0,2145.0,2305.0,2475.0,2173.0,1957.0,1790.0,1528.0,1323.0,1469.0,1408.0,1530.0,1709.0,1964.0,2141.0,2241.0,2047.0,1829.0,1596.0,1388.0,1233.0,1296.0,1246.0,1491.0,1657.0,1803.0,2055.0,2127.0,1944.0
Utopia,Queens,neighborhood,0.0,0.0,0.0,0.0,1.0,1.0,0.0,0.0,1.0,1.0,0.0,0.0,0.0,0.0,0.0,1.0,1.0,2.0,1.0,1.0,1.0,1.0,1.0,1.0,1.0,1.0,1.0,1.0,1.0,1.0,1.0,1.0,1.0,1.0,1.0,1.0,1.0,1.0,1.0,1.0,1.0,1.0,1.0,1.0,1.0,1.0,1.0,1.0,1.0,1.0,1.0,1.0,1.0,1.0,1.0,1.0,2.0,1.0,1.0,1.0,1.0,1.0,1.0,1.0,1.0,0.0,1.0,1.0,1.0,1.0,1.0,1.0,1.0,2.0,3.0,2.0,2.0,2.0,2.0,0.0,0.0,0.0,0.0,0.0,1.0,0.0,0.0,0.0,0.0,0.0,0.0,1.0,1.0,1.0,1.0,1.0,0.0,0.0,0.0,0.0,0.0,0.0,1.0,3.0,2.0,3.0,1.0,0.0,0.0,1.0,2.0,2.0,1.0,0.0,0.0,1.0,0.0,0.0,0.0,0.0,0.0,0.0,0.0,0.0,0.0,0.0,0.0,0.0,0.0,1.0,1.0,1.0,0.0,0.0,0.0,0.0,1.0,0.0,0.0,0.0,0.0,0.0,0.0,0.0,0.0,0.0,1.0,2.0,2.0,0.0,0.0,2.0,1.0,0.0,1.0,1.0,1.0,1.0,1.0,1.0,1.0,0.0,0.0,2.0,4.0,2.0,5.0,4.0,1.0,1.0,0.0,0.0,0.0,0.0,0.0,1.0,2.0,0.0,0.0,0.0,0.0,0.0,0.0,0.0,1.0,1.0,0.0,0.0,2.0,2.0,0.0,1.0,1.0,1.0,0.0,0.0,1.0,2.0,4.0,3.0
Van Nest,Bronx,neighborhood,0.0,0.0,1.0,1.0,0.0,1.0,1.0,1.0,2.0,2.0,1.0,2.0,1.0,1.0,1.0,0.0,0.0,1.0,1.0,2.0,2.0,1.0,1.0,1.0,1.0,0.0,0.0,0.0,0.0,0.0,0.0,0.0,0.0,0.0,0.0,0.0,0.0,0.0,0.0,0.0,1.0,1.0,0.0,0.0,0.0,0.0,1.0,1.0,0.0,0.0,0.0,0.0,0.0,0.0,0.0,1.0,2.0,1.0,2.0,3.0,2.0,3.0,3.0,3.0,5.0,8.0,9.0,7.0,6.0,6.0,4.0,6.0,4.0,5.0,6.0,4.0,9.0,9.0,9.0,7.0,8.0,11.0,10.0,7.0,6.0,10.0,13.0,14.0,12.0,9.0,4.0,3.0,4.0,4.0,4.0,7.0,11.0,11.0,7.0,7.0,6.0,5.0,5.0,8.0,6.0,7.0,10.0,12.0,4.0,4.0,7.0,5.0,8.0,4.0,3.0,3.0,4.0,2.0,4.0,7.0,4.0,4.0,0.0,0.0,2.0,6.0,5.0,3.0,3.0,2.0,2.0,3.0,2.0,2.0,2.0,2.0,3.0,2.0,5.0,3.0,1.0,2.0,2.0,5.0,5.0,9.0,5.0,7.0,7.0,2.0,3.0,2.0,3.0,6.0,3.0,4.0,3.0,3.0,2.0,5.0,7.0,5.0,5.0,5.0,4.0,3.0,4.0,2.0,3.0,5.0,5.0,2.0,0.0,2.0,1.0,1.0,2.0,4.0,4.0,2.0,1.0,2.0,2.0,3.0,4.0,5.0,2.0,2.0,4.0,4.0,3.0,5.0,8.0,6.0,4.0,2.0,3.0,2.0,4.0,6.0
Wakefield,Bronx,neighborhood,0.0,0.0,0.0,0.0,0.0,0.0,0.0,0.0,0.0,0.0,0.0,0.0,0.0,0.0,1.0,1.0,1.0,1.0,1.0,3.0,3.0,3.0,3.0,3.0,3.0,2.0,3.0,3.0,2.0,2.0,3.0,3.0,4.0,1.0,2.0,2.0,2.0,2.0,2.0,2.0,1.0,2.0,5.0,0.0,2.0,3.0,7.0,6.0,5.0,2.0,1.0,3.0,3.0,4.0,10.0,15.0,11.0,8.0,18.0,21.0,34.0,42.0,27.0,23.0,23.0,35.0,35.0,21.0,14.0,21.0,14.0,16.0,15.0,19.0,26.0,18.0,21.0,20.0,17.0,17.0,24.0,25.0,21.0,13.0,16.0,12.0,15.0,17.0,16.0,13.0,11.0,10.0,8.0,11.0,6.0,6.0,3.0,5.0,10.0,4.0,12.0,25.0,23.0,17.0,14.0,13.0,7.0,17.0,22.0,26.0,21.0,15.0,13.0,16.0,18.0,20.0,27.0,4.0,3.0,5.0,11.0,13.0,8.0,7.0,8.0,2.0,4.0,6.0,4.0,6.0,8.0,10.0,14.0,12.0,14.0,18.0,13.0,16.0,14.0,12.0,12.0,20.0,8.0,6.0,11.0,11.0,11.0,12.0,14.0,8.0,17.0,18.0,11.0,9.0,13.0,16.0,18.0,25.0,20.0,17.0,12.0,7.0,4.0,13.0,3.0,11.0,12.0,9.0,9.0,6.0,11.0,9.0,7.0,5.0,11.0,12.0,9.0,6.0,5.0,12.0,8.0,9.0,10.0,6.0,11.0,13.0,9.0,7.0,9.0,7.0,9.0,9.0,8.0,5.0,5.0,8.0,10.0,10.0,10.0,12.0
Washington Heights,Manhattan,neighborhood,138.0,150.0,149.0,126.0,119.0,130.0,120.0,95.0,76.0,91.0,100.0,103.0,118.0,116.0,108.0,121.0,154.0,145.0,134.0,121.0,104.0,104.0,116.0,146.0,163.0,159.0,157.0,175.0,205.0,209.0,271.0,301.0,248.0,252.0,273.0,305.0,309.0,307.0,328.0,380.0,403.0,367.0,359.0,333.0,277.0,316.0,314.0,315.0,352.0,349.0,381.0,383.0,459.0,454.0,561.0,518.0,536.0,660.0,635.0,663.0,710.0,652.0,714.0,696.0,670.0,664.0,710.0,625.0,609.0,652.0,628.0,585.0,564.0,598.0,598.0,625.0,663.0,790.0,876.0,934.0,770.0,715.0,829.0,848.0,912.0,902.0,881.0,825.0,969.0,1089.0,1107.0,720.0,624.0,676.0,652.0,588.0,621.0,618.0,712.0,715.0,783.0,816.0,917.0,945.0,802.0,873.0,822.0,672.0,713.0,671.0,710.0,721.0,766.0,782.0,850.0,815.0,691.0,656.0,634.0,521.0,498.0,406.0,369.0,285.0,459.0,668.0,901.0,1094.0,1085.0,1108.0,944.0,928.0,848.0,830.0,865.0,842.0,866.0,1005.0,954.0,1009.0,916.0,838.0,747.0,667.0,670.0,637.0,715.0,579.0,624.0,605.0,575.0,526.0,461.0,456.0,429.0,419.0,470.0,398.0,439.0,409.0,477.0,563.0,597.0,615.0,521.0,477.0,495.0,462.0,467.0,401.0,390.0,384.0,496.0,513.0,587.0,577.0,520.0,489.0,481.0,444.0,480.0,463.0,442.0,414.0,478.0,471.0,502.0,489.0,452.0,430.0,382.0,382.0,456.0,406.0,408.0,383.0,401.0,416.0,408.0,374.0
West Harlem,Manhattan,neighborhood,16.0,15.0,22.0,21.0,18.0,16.0,20.0,17.0,6.0,14.0,20.0,19.0,20.0,20.0,27.0,23.0,29.0,27.0,19.0,18.0,10.0,14.0,13.0,16.0,19.0,13.0,19.0,18.0,16.0,21.0,22.0,19.0,16.0,11.0,19.0,23.0,39.0,31.0,30.0,39.0,41.0,59.0,64.0,41.0,37.0,43.0,40.0,34.0,44.0,44.0,43.0,32.0,45.0,55.0,73.0,74.0,47.0,59.0,61.0,46.0,60.0,72.0,73.0,77.0,71.0,62.0,88.0,98.0,69.0,57.0,58.0,63.0,57.0,57.0,56.0,51.0,52.0,58.0,76.0,82.0,84.0,57.0,55.0,54.0,63.0,55.0,78.0,95.0,86.0,64.0,79.0,73.0,63.0,54.0,70.0,69.0,68.0,78.0,84.0,86.0,101.0,88.0,123.0,118.0,120.0,126.0,105.0,99.0,115.0,74.0,53.0,63.0,79.0,83.0,103.0,94.0,56.0,76.0,72.0,62.0,62.0,51.0,52.0,42.0,52.0,99.0,153.0,188.0,177.0,172.0,135.0,117.0,113.0,109.0,122.0,124.0,141.0,132.0,135.0,138.0,101.0,78.0,72.0,66.0,58.0,41.0,40.0,47.0,61.0,58.0,66.0,64.0,59.0,53.0,50.0,59.0,52.0,69.0,75.0,83.0,77.0,80.0,95.0,105.0,72.0,61.0,62.0,57.0,45.0,44.0,47.0,49.0,64.0,58.0,77.0,79.0,63.0,73.0,56.0,56.0,54.0,41.0,49.0,53.0,68.0,97.0,130.0,110.0,100.0,98.0,68.0,75.0,68.0,65.0,82.0,91.0,69.0,96.0,99.0,96.0
West Village,Manhattan,neighborhood,514.0,551.0,509.0,568.0,552.0,560.0,503.0,497.0,340.0,335.0,323.0,332.0,408.0,391.0,409.0,395.0,409.0,466.0,465.0,455.0,404.0,363.0,329.0,334.0,398.0,401.0,490.0,512.0,581.0,558.0,667.0,608.0,529.0,486.0,527.0,455.0,511.0,497.0,563.0,629.0,649.0,648.0,714.0,666.0,585.0,564.0,497.0,474.0,535.0,528.0,629.0,646.0,747.0,737.0,704.0,696.0,634.0,597.0,505.0,493.0,507.0,546.0,640.0,651.0,692.0,766.0,725.0,703.0,627.0,600.0,577.0,564.0,607.0,648.0,691.0,739.0,775.0,785.0,790.0,826.0,752.0,705.0,708.0,633.0,688.0,651.0,753.0,797.0,841.0,901.0,922.0,794.0,705.0,655.0,584.0,486.0,588.0,585.0,578.0,696.0,785.0,796.0,815.0,750.0,545.0,515.0,488.0,435.0,544.0,530.0,613.0,710.0,730.0,673.0,666.0,683.0,531.0,494.0,423.0,381.0,444.0,429.0,386.0,402.0,717.0,1037.0,1391.0,1521.0,1480.0,1389.0,1141.0,1086.0,1051.0,909.0,875.0,790.0,636.0,513.0,400.0,367.0,261.0,222.0,201.0,187.0,209.0,217.0,262.0,334.0,378.0,403.0,433.0,455.0,378.0,389.0,380.0,355.0,396.0,376.0,457.0,525.0,536.0,564.0,604.0,595.0,489.0,452.0,413.0,367.0,409.0,401.0,401.0,472.0,585.0,583.0,626.0,568.0,473.0,415.0,342.0,280.0,317.0,322.0,431.0,519.0,595.0,546.0,557.0,535.0,443.0,436.0,349.0,336.0,384.0,392.0,469.0,505.0,513.0,544.0,600.0,579.0
Westchester Village,Bronx,neighborhood,2.0,2.0,2.0,0.0,0.0,0.0,0.0,0.0,0.0,0.0,0.0,0.0,0.0,0.0,0.0,0.0,0.0,2.0,2.0,1.0,0.0,0.0,0.0,1.0,2.0,2.0,1.0,0.0,0.0,0.0,0.0,0.0,0.0,3.0,3.0,0.0,0.0,0.0,1.0,1.0,0.0,0.0,3.0,2.0,1.0,0.0,0.0,0.0,0.0,0.0,1.0,0.0,0.0,0.0,1.0,0.0,2.0,3.0,3.0,3.0,4.0,3.0,2.0,2.0,3.0,2.0,6.0,7.0,4.0,5.0,10.0,7.0,1.0,1.0,2.0,3.0,3.0,1.0,1.0,1.0,1.0,2.0,3.0,2.0,1.0,1.0,5.0,5.0,5.0,6.0,6.0,3.0,4.0,3.0,7.0,6.0,3.0,4.0,5.0,6.0,4.0,2.0,3.0,2.0,1.0,2.0,2.0,2.0,3.0,2.0,5.0,5.0,6.0,7.0,3.0,5.0,3.0,3.0,1.0,4.0,6.0,4.0,3.0,4.0,6.0,7.0,5.0,2.0,2.0,1.0,2.0,3.0,6.0,8.0,5.0,1.0,1.0,6.0,6.0,2.0,0.0,1.0,1.0,1.0,3.0,2.0,3.0,2.0,0.0,2.0,3.0,5.0,3.0,2.0,3.0,5.0,5.0,5.0,3.0,2.0,2.0,3.0,3.0,0.0,9.0,6.0,4.0,2.0,2.0,5.0,6.0,7.0,3.0,1.0,1.0,3.0,2.0,4.0,5.0,3.0,3.0,1.0,3.0,2.0,1.0,0.0,1.0,2.0,4.0,3.0,1.0,0.0,2.0,2.0,3.0,1.0,0.0,0.0,0.0,2.0
Whitestone,Queens,neighborhood,9.0,9.0,8.0,2.0,1.0,0.0,0.0,0.0,0.0,0.0,0.0,2.0,2.0,4.0,4.0,4.0,5.0,5.0,4.0,5.0,6.0,6.0,6.0,7.0,10.0,12.0,13.0,7.0,14.0,9.0,13.0,13.0,12.0,16.0,17.0,15.0,12.0,11.0,9.0,5.0,5.0,4.0,3.0,6.0,5.0,3.0,11.0,18.0,15.0,10.0,13.0,11.0,10.0,10.0,8.0,12.0,10.0,1.0,6.0,11.0,14.0,10.0,12.0,6.0,11.0,9.0,7.0,6.0,4.0,40.0,17.0,11.0,13.0,19.0,30.0,23.0,19.0,14.0,12.0,10.0,9.0,9.0,8.0,10.0,20.0,24.0,18.0,14.0,16.0,20.0,21.0,10.0,9.0,9.0,5.0,6.0,7.0,9.0,11.0,10.0,15.0,18.0,19.0,8.0,7.0,17.0,13.0,10.0,11.0,13.0,17.0,15.0,13.0,15.0,19.0,16.0,13.0,14.0,10.0,11.0,15.0,14.0,7.0,5.0,6.0,9.0,20.0,20.0,18.0,10.0,7.0,8.0,13.0,7.0,8.0,7.0,13.0,8.0,17.0,17.0,15.0,8.0,8.0,10.0,8.0,13.0,13.0,14.0,8.0,16.0,14.0,20.0,16.0,20.0,20.0,17.0,19.0,24.0,25.0,28.0,12.0,14.0,10.0,8.0,14.0,18.0,17.0,10.0,8.0,8.0,16.0,14.0,18.0,15.0,4.0,12.0,9.0,20.0,18.0,14.0,18.0,19.0,21.0,15.0,10.0,11.0,12.0,7.0,9.0,16.0,16.0,19.0,15.0,13.0,13.0,15.0,19.0,21.0,24.0,28.0
Williamsbridge,Bronx,neighborhood,0.0,0.0,0.0,0.0,0.0,0.0,0.0,0.0,0.0,0.0,0.0,0.0,0.0,0.0,1.0,1.0,1.0,0.0,0.0,1.0,1.0,0.0,1.0,0.0,0.0,0.0,7.0,7.0,5.0,5.0,4.0,3.0,3.0,0.0,0.0,1.0,1.0,2.0,2.0,1.0,0.0,1.0,4.0,2.0,2.0,3.0,2.0,6.0,6.0,3.0,2.0,2.0,3.0,3.0,9.0,4.0,4.0,7.0,11.0,10.0,6.0,5.0,6.0,16.0,19.0,13.0,8.0,4.0,6.0,14.0,17.0,9.0,3.0,4.0,8.0,7.0,7.0,7.0,9.0,6.0,6.0,4.0,6.0,5.0,7.0,11.0,19.0,16.0,12.0,12.0,9.0,4.0,8.0,7.0,9.0,8.0,10.0,8.0,6.0,5.0,14.0,15.0,14.0,4.0,8.0,15.0,12.0,15.0,16.0,13.0,15.0,15.0,24.0,22.0,18.0,19.0,16.0,11.0,7.0,12.0,16.0,14.0,6.0,1.0,4.0,7.0,11.0,13.0,13.0,5.0,11.0,8.0,10.0,11.0,10.0,10.0,10.0,17.0,13.0,12.0,8.0,7.0,12.0,5.0,16.0,8.0,12.0,14.0,11.0,12.0,15.0,16.0,17.0,14.0,24.0,12.0,11.0,8.0,11.0,12.0,11.0,5.0,14.0,18.0,9.0,8.0,11.0,16.0,13.0,27.0,12.0,11.0,8.0,7.0,12.0,15.0,10.0,6.0,10.0,10.0,14.0,15.0,14.0,15.0,12.0,4.0,8.0,9.0,11.0,9.0,11.0,13.0,8.0,9.0,11.0,14.0,24.0,23.0,22.0,19.0
Williamsburg,Brooklyn,neighborhood,320.0,313.0,338.0,317.0,286.0,314.0,313.0,314.0,210.0,218.0,214.0,158.0,164.0,212.0,246.0,230.0,272.0,295.0,280.0,270.0,306.0,308.0,290.0,404.0,372.0,397.0,369.0,380.0,411.0,420.0,452.0,513.0,618.0,628.0,594.0,580.0,562.0,507.0,462.0,524.0,499.0,595.0,829.0,940.0,912.0,1007.0,949.0,1155.0,1240.0,996.0,1010.0,1057.0,1138.0,1184.0,1411.0,1455.0,1181.0,1086.0,1272.0,1275.0,1422.0,1469.0,1455.0,1474.0,1488.0,1699.0,2057.0,2101.0,1590.0,1400.0,1252.0,1172.0,1489.0,1395.0,1496.0,1533.0,1946.0,1996.0,2062.0,2146.0,1884.0,1604.0,1558.0,1370.0,1691.0,1661.0,1834.0,1859.0,2245.0,2441.0,2437.0,2091.0,1783.0,1722.0,1494.0,1365.0,1513.0,1544.0,1771.0,2040.0,2458.0,2784.0,3307.0,3666.0,3042.0,3156.0,2703.0,2551.0,2787.0,2087.0,2011.0,1799.0,1744.0,1712.0,1658.0,1718.0,1282.0,1053.0,859.0,760.0,943.0,1012.0,984.0,1089.0,2185.0,3041.0,3924.0,4338.0,4090.0,3765.0,3338.0,3204.0,3100.0,2611.0,2886.0,2911.0,2535.0,2076.0,1786.0,1584.0,966.0,928.0,847.0,813.0,863.0,760.0,937.0,812.0,932.0,1170.0,1380.0,1416.0,1251.0,1056.0,1128.0,986.0,1157.0,1014.0,1226.0,1190.0,1482.0,1597.0,1732.0,1840.0,1450.0,1318.0,1330.0,1113.0,1170.0,1126.0,1392.0,1385.0,1775.0,1904.0,2216.0,2280.0,2043.0,1573.0,1327.0,1150.0,1174.0,1178.0,1335.0,1428.0,1676.0,1858.0,2132.0,2037.0,1780.0,1538.0,1218.0,1057.0,1042.0,1049.0,1419.0,1466.0,1531.0,1716.0,1904.0,1784.0
Windsor Terrace,Brooklyn,neighborhood,16.0,19.0,14.0,16.0,17.0,16.0,20.0,25.0,16.0,24.0,38.0,26.0,32.0,35.0,30.0,25.0,25.0,24.0,22.0,20.0,13.0,15.0,14.0,20.0,19.0,20.0,25.0,21.0,15.0,23.0,37.0,35.0,33.0,38.0,32.0,29.0,31.0,31.0,21.0,23.0,31.0,42.0,43.0,57.0,45.0,55.0,55.0,45.0,61.0,59.0,50.0,45.0,53.0,60.0,64.0,64.0,91.0,84.0,80.0,86.0,82.0,94.0,85.0,90.0,73.0,102.0,112.0,104.0,120.0,95.0,77.0,57.0,76.0,83.0,94.0,95.0,102.0,110.0,119.0,138.0,115.0,105.0,93.0,80.0,105.0,118.0,126.0,125.0,113.0,115.0,113.0,98.0,123.0,122.0,107.0,101.0,91.0,107.0,115.0,126.0,116.0,120.0,113.0,127.0,101.0,117.0,107.0,100.0,98.0,82.0,83.0,106.0,145.0,131.0,142.0,133.0,83.0,79.0,57.0,52.0,59.0,54.0,50.0,48.0,64.0,103.0,135.0,134.0,163.0,148.0,140.0,125.0,126.0,106.0,115.0,90.0,83.0,96.0,92.0,77.0,57.0,52.0,42.0,38.0,38.0,32.0,39.0,40.0,50.0,52.0,49.0,63.0,54.0,38.0,51.0,45.0,46.0,31.0,39.0,34.0,43.0,61.0,63.0,67.0,58.0,46.0,36.0,28.0,43.0,52.0,29.0,47.0,43.0,74.0,115.0,123.0,103.0,112.0,105.0,112.0,91.0,75.0,87.0,70.0,80.0,79.0,75.0,89.0,93.0,82.0,61.0,37.0,48.0,48.0,62.0,66.0,59.0,76.0,89.0,92.0
Woodhaven,Queens,neighborhood,0.0,0.0,0.0,0.0,0.0,1.0,1.0,0.0,0.0,0.0,0.0,0.0,1.0,1.0,1.0,2.0,2.0,1.0,2.0,2.0,1.0,2.0,4.0,3.0,3.0,2.0,1.0,1.0,1.0,2.0,3.0,4.0,5.0,5.0,5.0,3.0,3.0,3.0,2.0,1.0,1.0,3.0,3.0,2.0,3.0,3.0,4.0,1.0,1.0,4.0,8.0,7.0,7.0,5.0,9.0,7.0,5.0,14.0,29.0,13.0,12.0,22.0,38.0,35.0,46.0,11.0,9.0,7.0,13.0,15.0,14.0,13.0,11.0,6.0,6.0,6.0,5.0,5.0,6.0,11.0,8.0,8.0,9.0,9.0,12.0,19.0,24.0,19.0,19.0,23.0,23.0,17.0,13.0,12.0,9.0,10.0,16.0,11.0,16.0,18.0,20.0,12.0,15.0,13.0,13.0,15.0,14.0,15.0,15.0,20.0,16.0,16.0,12.0,20.0,18.0,26.0,18.0,23.0,20.0,27.0,28.0,19.0,9.0,6.0,11.0,18.0,21.0,20.0,21.0,18.0,14.0,12.0,11.0,11.0,9.0,12.0,13.0,21.0,13.0,17.0,17.0,30.0,29.0,25.0,32.0,22.0,28.0,21.0,24.0,23.0,19.0,23.0,19.0,20.0,41.0,34.0,31.0,32.0,29.0,28.0,34.0,36.0,32.0,37.0,26.0,20.0,20.0,20.0,21.0,19.0,19.0,20.0,17.0,22.0,31.0,32.0,26.0,24.0,21.0,19.0,20.0,17.0,9.0,12.0,13.0,15.0,20.0,12.0,14.0,13.0,12.0,9.0,15.0,17.0,17.0,11.0,12.0,19.0,22.0,15.0
Woodlawn,Bronx,neighborhood,0.0,0.0,0.0,0.0,0.0,0.0,0.0,0.0,0.0,0.0,0.0,0.0,1.0,1.0,1.0,1.0,1.0,1.0,1.0,2.0,1.0,1.0,1.0,1.0,2.0,0.0,0.0,0.0,0.0,1.0,1.0,0.0,1.0,0.0,0.0,0.0,1.0,1.0,1.0,0.0,0.0,0.0,0.0,0.0,0.0,0.0,0.0,0.0,0.0,1.0,1.0,0.0,0.0,0.0,0.0,1.0,0.0,0.0,0.0,0.0,1.0,3.0,2.0,1.0,0.0,0.0,0.0,0.0,0.0,0.0,2.0,1.0,1.0,1.0,1.0,4.0,5.0,4.0,2.0,2.0,2.0,3.0,4.0,4.0,4.0,8.0,10.0,8.0,6.0,5.0,10.0,5.0,4.0,9.0,7.0,1.0,0.0,2.0,6.0,2.0,3.0,1.0,0.0,3.0,4.0,4.0,5.0,9.0,6.0,9.0,7.0,14.0,6.0,5.0,4.0,3.0,3.0,4.0,5.0,5.0,4.0,5.0,3.0,4.0,2.0,2.0,3.0,9.0,7.0,4.0,5.0,3.0,4.0,6.0,4.0,2.0,2.0,3.0,2.0,3.0,4.0,6.0,5.0,5.0,5.0,8.0,10.0,6.0,9.0,6.0,2.0,1.0,1.0,1.0,2.0,1.0,3.0,6.0,2.0,1.0,2.0,0.0,1.0,1.0,2.0,1.0,0.0,1.0,2.0,1.0,0.0,0.0,0.0,1.0,2.0,2.0,1.0,1.0,3.0,3.0,2.0,2.0,1.0,2.0,1.0,2.0,3.0,2.0,0.0,0.0,0.0,0.0,0.0,0.0,0.0,0.0,0.0,1.0,1.0,1.0
Woodside,Queens,neighborhood,11.0,10.0,10.0,17.0,11.0,12.0,8.0,4.0,4.0,3.0,4.0,11.0,10.0,9.0,11.0,11.0,13.0,15.0,14.0,18.0,10.0,9.0,10.0,10.0,11.0,10.0,8.0,6.0,8.0,11.0,13.0,11.0,11.0,9.0,7.0,12.0,14.0,11.0,17.0,13.0,10.0,8.0,10.0,13.0,19.0,20.0,38.0,39.0,66.0,67.0,65.0,54.0,40.0,40.0,37.0,41.0,48.0,53.0,53.0,53.0,64.0,88.0,71.0,51.0,60.0,76.0,68.0,64.0,74.0,93.0,86.0,54.0,36.0,54.0,62.0,65.0,66.0,73.0,78.0,67.0,75.0,76.0,93.0,93.0,145.0,136.0,171.0,179.0,175.0,178.0,185.0,122.0,136.0,144.0,116.0,101.0,138.0,144.0,147.0,159.0,152.0,154.0,141.0,138.0,129.0,148.0,133.0,135.0,108.0,93.0,112.0,131.0,131.0,130.0,112.0,92.0,108.0,139.0,104.0,80.0,96.0,84.0,65.0,38.0,75.0,107.0,153.0,172.0,169.0,146.0,152.0,142.0,153.0,149.0,186.0,178.0,179.0,163.0,162.0,126.0,117.0,123.0,103.0,88.0,88.0,72.0,101.0,83.0,70.0,47.0,58.0,73.0,86.0,76.0,72.0,67.0,104.0,122.0,115.0,112.0,122.0,124.0,134.0,182.0,144.0,145.0,133.0,117.0,163.0,128.0,117.0,116.0,130.0,115.0,139.0,156.0,147.0,167.0,157.0,119.0,148.0,137.0,130.0,151.0,140.0,132.0,106.0,127.0,150.0,139.0,137.0,151.0,144.0,123.0,166.0,114.0,88.0,107.0,127.0,126.0
Woodstock,Bronx,neighborhood,0.0,1.0,1.0,1.0,1.0,1.0,0.0,0.0,0.0,1.0,1.0,1.0,0.0,0.0,0.0,0.0,0.0,0.0,1.0,1.0,0.0,1.0,2.0,2.0,2.0,1.0,1.0,1.0,2.0,3.0,3.0,4.0,5.0,2.0,5.0,5.0,6.0,4.0,5.0,9.0,3.0,3.0,6.0,4.0,4.0,3.0,7.0,6.0,6.0,4.0,4.0,6.0,7.0,8.0,7.0,7.0,9.0,9.0,10.0,7.0,6.0,4.0,3.0,5.0,5.0,4.0,7.0,9.0,9.0,7.0,6.0,5.0,3.0,6.0,5.0,5.0,8.0,5.0,7.0,7.0,7.0,4.0,6.0,6.0,11.0,12.0,13.0,8.0,12.0,9.0,11.0,9.0,8.0,8.0,9.0,6.0,6.0,4.0,4.0,15.0,16.0,12.0,21.0,20.0,15.0,17.0,22.0,18.0,16.0,13.0,7.0,18.0,22.0,32.0,21.0,30.0,28.0,17.0,11.0,4.0,10.0,17.0,11.0,2.0,3.0,7.0,18.0,16.0,8.0,8.0,8.0,9.0,10.0,13.0,15.0,9.0,9.0,15.0,12.0,26.0,20.0,19.0,11.0,8.0,10.0,13.0,8.0,9.0,9.0,8.0,11.0,10.0,13.0,11.0,11.0,11.0,14.0,22.0,28.0,23.0,31.0,20.0,12.0,7.0,8.0,9.0,10.0,8.0,8.0,10.0,9.0,4.0,4.0,7.0,16.0,25.0,12.0,7.0,3.0,5.0,14.0,10.0,7.0,8.0,5.0,4.0,5.0,4.0,5.0,2.0,2.0,7.0,10.0,4.0,6.0,5.0,7.0,13.0,14.0,10.0
