areaName,Borough,areaType,2010-01,2010-02,2010-03,2010-04,2010-05,2010-06,2010-07,2010-08,2010-09,2010-10,2010-11,2010-12,2011-01,2011-02,2011-03,2011-04,2011-05,2011-06,2011-07,2011-08,2011-09,2011-10,2011-11,2011-12,2012-01,2012-02,2012-03,2012-04,2012-05,2012-06,2012-07,2012-08,2012-09,2012-10,2012-11,2012-12,2013-01,2013-02,2013-03,2013-04,2013-05,2013-06,2013-07,2013-08,2013-09,2013-10,2013-11,2013-12,2014-01,2014-02,2014-03,2014-04,2014-05,2014-06,2014-07,2014-08,2014-09,2014-10,2014-11,2014-12,2015-01,2015-02,2015-03,2015-04,2015-05,2015-06,2015-07,2015-08,2015-09,2015-10,2015-11,2015-12,2016-01,2016-02,2016-03,2016-04,2016-05,2016-06,2016-07,2016-08,2016-09,2016-10,2016-11,2016-12,2017-01,2017-02,2017-03,2017-04,2017-05,2017-06,2017-07,2017-08,2017-09,2017-10,2017-11,2017-12,2018-01,2018-02,2018-03,2018-04,2018-05,2018-06,2018-07,2018-08,2018-09,2018-10,2018-11,2018-12,2019-01,2019-02,2019-03,2019-04,2019-05,2019-06,2019-07,2019-08,2019-09,2019-10,2019-11,2019-12,2020-01,2020-02,2020-03,2020-04,2020-05,2020-06,2020-07,2020-08,2020-09,2020-10,2020-11,2020-12,2021-01,2021-02,2021-03,2021-04,2021-05,2021-06,2021-07,2021-08,2021-09,2021-10,2021-11,2021-12,2022-01,2022-02,2022-03,2022-04,2022-05,2022-06,2022-07,2022-08,2022-09,2022-10,2022-11,2022-12,2023-01,2023-02,2023-03,2023-04,2023-05,2023-06,2023-07,2023-08,2023-09,2023-10,2023-11,2023-12,2024-01,2024-02,2024-03,2024-04,2024-05,2024-06,2024-07,2024-08,2024-09,2024-10,2024-11,2024-12,2025-01,2025-02,2025-03,2025-04,2025-05,2025-06,2025-07,2025-08,2025-09,2025-10,2025-11,2025-12,2026-01,2026-02,2026-03,2026-04,2026-05,2026-06,2026-07,2026-08
Astoria,Queens,neighborhood,43.0,44.0,49.0,37.0,19.0,15.0,20.0,25.0,26.0,22.0,25.0,23.0,23.0,21.0,19.0,29.0,63.0,65.0,37.0,33.0,36.0,34.0,18.0,24.0,39.0,43.0,39.0,44.0,57.0,83.0,60.0,52.0,66.0,61.0,73.0,71.0,83.0,97.0,147.0,156.0,144.0,161.0,179.0,135.0,142.0,210.0,246.0,268.0,244.0,300.0,413.0,457.0,567.0,508.0,372.0,387.0,344.0,314.0,403.0,421.0,374.0,430.0,433.0,348.0,419.0,446.0,363.0,357.0,453.0,415.0,388.0,381.0,387.0,465.0,492.0,507.0,514.0,518.0,499.0,491.0,504.0,527.0,542.0,575.0,737.0,761.0,883.0,864.0,955.0,1033.0,994.0,510.0,565.0,659.0,664.0,585.0,700.0,725.0,860.0,815.0,848.0,855.0,734.0,664.0,590.0,780.0,800.0,678.0,713.0,685.0,713.0,729.0,716.0,597.0,588.0,550.0,510.0,490.0,439.0,427.0,464.0,459.0,437.0,317.0,535.0,784.0,981.0,1104.0,1137.0,1437.0,1285.0,1275.0,1383.0,1261.0,1491.0,1305.0,1257.0,1024.0,880.0,811.0,722.0,712.0,675.0,551.0,498.0,470.0,469.0,405.0,353.0,409.0,384.0,454.0,406.0,464.0,454.0,437.0,444.0,440.0,489.0,415.0,416.0,417.0,438.0,416.0,487.0,505.0,525.0,457.0,510.0,539.0,603.0,636.0,598.0,605.0,604.0,539.0,583.0,669.0,600.0,541.0,593.0,600.0,624.0,605.0,545.0,541.0,499.0,505.0,555.0,600.0,493.0,468.0,508.0,480.0,530.0,496.0,485.0,528.0,529.0,436.0
Auburndale,Queens,neighborhood,0.0,0.0,0.0,0.0,0.0,0.0,0.0,0.0,0.0,0.0,0.0,0.0,0.0,0.0,0.0,0.0,0.0,0.0,0.0,0.0,0.0,1.0,1.0,1.0,1.0,1.0,1.0,0.0,2.0,2.0,1.0,2.0,2.0,3.0,3.0,3.0,2.0,2.0,2.0,3.0,2.0,0.0,0.0,0.0,1.0,3.0,1.0,0.0,0.0,0.0,2.0,2.0,1.0,0.0,1.0,3.0,0.0,0.0,1.0,3.0,3.0,1.0,0.0,2.0,1.0,3.0,2.0,6.0,2.0,4.0,7.0,4.0,1.0,4.0,5.0,3.0,2.0,1.0,2.0,4.0,4.0,1.0,2.0,1.0,4.0,4.0,2.0,3.0,6.0,3.0,7.0,7.0,8.0,10.0,9.0,3.0,6.0,5.0,5.0,4.0,6.0,3.0,4.0,3.0,6.0,10.0,7.0,8.0,6.0,6.0,6.0,5.0,6.0,5.0,6.0,7.0,6.0,8.0,4.0,7.0,13.0,5.0,6.0,3.0,8.0,7.0,5.0,9.0,4.0,4.0,3.0,4.0,4.0,3.0,5.0,9.0,7.0,7.0,4.0,2.0,2.0,2.0,2.0,5.0,3.0,3.0,4.0,5.0,6.0,5.0,7.0,4.0,2.0,3.0,2.0,2.0,5.0,2.0,4.0,2.0,3.0,1.0,3.0,2.0,5.0,2.0,1.0,5.0,6.0,3.0,2.0,2.0,1.0,3.0,3.0,5.0,9.0,8.0,2.0,2.0,1.0,4.0,5.0,6.0,6.0,8.0,6.0,3.0,0.0,0.0,0.0,1.0,2.0,3.0,2.0,3.0,1.0,8.0,5.0,2.0
Bath Beach,Brooklyn,neighborhood,0.0,0.0,0.0,0.0,0.0,0.0,0.0,1.0,1.0,1.0,0.0,0.0,0.0,1.0,3.0,2.0,2.0,2.0,4.0,6.0,7.0,6.0,7.0,7.0,7.0,6.0,4.0,1.0,2.0,2.0,3.0,7.0,4.0,3.0,3.0,2.0,3.0,1.0,1.0,1.0,1.0,2.0,3.0,4.0,4.0,3.0,7.0,6.0,8.0,6.0,3.0,1.0,2.0,3.0,2.0,0.0,3.0,4.0,2.0,4.0,5.0,6.0,6.0,5.0,5.0,10.0,10.0,8.0,9.0,4.0,1.0,5.0,10.0,8.0,5.0,2.0,2.0,2.0,3.0,6.0,2.0,4.0,9.0,8.0,8.0,9.0,16.0,10.0,10.0,14.0,14.0,5.0,9.0,8.0,6.0,7.0,11.0,7.0,9.0,8.0,16.0,12.0,14.0,27.0,37.0,23.0,18.0,15.0,19.0,35.0,36.0,38.0,38.0,29.0,21.0,17.0,20.0,20.0,19.0,18.0,18.0,13.0,6.0,2.0,3.0,9.0,7.0,8.0,19.0,23.0,20.0,36.0,36.0,38.0,40.0,55.0,43.0,39.0,38.0,25.0,16.0,22.0,18.0,20.0,22.0,27.0,33.0,23.0,20.0,16.0,19.0,12.0,13.0,9.0,12.0,6.0,10.0,9.0,4.0,2.0,5.0,9.0,10.0,9.0,5.0,11.0,9.0,4.0,16.0,15.0,10.0,12.0,9.0,15.0,11.0,7.0,8.0,12.0,10.0,6.0,10.0,16.0,14.0,12.0,17.0,8.0,11.0,7.0,7.0,10.0,12.0,10.0,12.0,9.0,9.0,9.0,12.0,8.0,13.0,10.0
Battery Park City,Manhattan,neighborhood,90.0,85.0,101.0,89.0,88.0,92.0,92.0,111.0,100.0,108.0,92.0,102.0,112.0,125.0,135.0,120.0,102.0,130.0,117.0,125.0,120.0,125.0,128.0,121.0,141.0,136.0,144.0,140.0,138.0,144.0,138.0,131.0,114.0,111.0,116.0,105.0,141.0,153.0,169.0,165.0,166.0,166.0,156.0,181.0,161.0,163.0,128.0,151.0,157.0,146.0,142.0,136.0,141.0,110.0,124.0,139.0,121.0,131.0,146.0,141.0,133.0,130.0,141.0,134.0,128.0,132.0,131.0,125.0,120.0,136.0,107.0,103.0,110.0,119.0,121.0,110.0,104.0,107.0,120.0,128.0,104.0,125.0,132.0,120.0,129.0,132.0,137.0,124.0,113.0,111.0,100.0,109.0,93.0,85.0,94.0,107.0,102.0,96.0,108.0,102.0,89.0,87.0,98.0,97.0,81.0,79.0,82.0,77.0,105.0,89.0,112.0,113.0,113.0,108.0,83.0,86.0,81.0,90.0,52.0,49.0,73.0,69.0,69.0,61.0,101.0,118.0,159.0,161.0,175.0,176.0,186.0,177.0,182.0,173.0,179.0,170.0,158.0,113.0,81.0,61.0,42.0,45.0,40.0,35.0,43.0,41.0,54.0,50.0,60.0,64.0,63.0,56.0,62.0,82.0,91.0,76.0,72.0,53.0,76.0,66.0,82.0,102.0,97.0,101.0,104.0,80.0,86.0,88.0,102.0,98.0,98.0,72.0,80.0,59.0,72.0,61.0,60.0,67.0,81.0,88.0,90.0,88.0,116.0,109.0,87.0,86.0,86.0,72.0,78.0,95.0,90.0,72.0,70.0,73.0,83.0,88.0,101.0,90.0,98.0,102.0
Bay Ridge,Brooklyn,neighborhood,24.0,21.0,21.0,21.0,17.0,16.0,13.0,11.0,6.0,10.0,10.0,9.0,12.0,14.0,19.0,16.0,15.0,20.0,22.0,18.0,19.0,17.0,14.0,13.0,12.0,16.0,13.0,9.0,6.0,17.0,18.0,14.0,13.0,13.0,9.0,8.0,14.0,16.0,9.0,12.0,24.0,25.0,28.0,37.0,40.0,107.0,145.0,149.0,219.0,273.0,247.0,207.0,55.0,56.0,63.0,81.0,95.0,114.0,125.0,114.0,128.0,114.0,115.0,126.0,136.0,109.0,145.0,148.0,119.0,119.0,114.0,100.0,109.0,88.0,78.0,72.0,85.0,90.0,88.0,97.0,77.0,80.0,86.0,74.0,116.0,124.0,174.0,206.0,246.0,271.0,248.0,154.0,149.0,168.0,195.0,143.0,160.0,167.0,187.0,187.0,223.0,253.0,269.0,231.0,204.0,190.0,173.0,181.0,214.0,187.0,190.0,213.0,237.0,232.0,228.0,207.0,200.0,188.0,143.0,139.0,144.0,109.0,85.0,50.0,92.0,94.0,137.0,183.0,201.0,248.0,237.0,209.0,223.0,236.0,266.0,257.0,258.0,276.0,233.0,199.0,175.0,203.0,190.0,171.0,164.0,142.0,166.0,126.0,79.0,72.0,90.0,90.0,97.0,116.0,119.0,98.0,96.0,79.0,92.0,96.0,94.0,106.0,105.0,88.0,62.0,82.0,79.0,76.0,113.0,86.0,105.0,99.0,98.0,84.0,97.0,93.0,75.0,97.0,98.0,91.0,95.0,81.0,108.0,115.0,130.0,101.0,77.0,71.0,80.0,65.0,67.0,60.0,71.0,74.0,76.0,80.0,66.0,65.0,58.0,56.0
Baychester,Bronx,neighborhood,0.0,0.0,0.0,0.0,0.0,0.0,0.0,0.0,0.0,0.0,0.0,0.0,0.0,0.0,0.0,0.0,0.0,0.0,0.0,0.0,0.0,0.0,0.0,1.0,1.0,1.0,1.0,0.0,0.0,0.0,0.0,0.0,0.0,0.0,0.0,0.0,0.0,0.0,0.0,0.0,0.0,0.0,0.0,0.0,0.0,0.0,0.0,0.0,0.0,0.0,0.0,0.0,0.0,0.0,0.0,0.0,0.0,0.0,0.0,0.0,0.0,0.0,0.0,0.0,0.0,0.0,0.0,0.0,0.0,0.0,0.0,0.0,0.0,1.0,0.0,0.0,0.0,0.0,0.0,0.0,0.0,0.0,0.0,0.0,0.0,0.0,0.0,0.0,0.0,0.0,0.0,0.0,0.0,0.0,0.0,0.0,0.0,0.0,0.0,0.0,0.0,0.0,0.0,0.0,0.0,0.0,0.0,0.0,0.0,0.0,0.0,0.0,0.0,0.0,0.0,0.0,0.0,0.0,0.0,0.0,0.0,0.0,0.0,0.0,0.0,0.0,0.0,0.0,0.0,0.0,0.0,0.0,0.0,0.0,0.0,0.0,0.0,0.0,0.0,0.0,0.0,0.0,0.0,0.0,0.0,0.0,0.0,0.0,1.0,0.0,0.0,0.0,0.0,0.0,0.0,2.0,0.0,0.0,0.0,1.0,1.0,0.0,0.0,0.0,0.0,0.0,0.0,0.0,0.0,1.0,1.0,1.0,0.0,0.0,0.0,0.0,0.0,0.0,0.0,0.0,0.0,0.0,0.0,0.0,0.0,0.0,0.0,0.0,0.0,0.0,0.0,0.0,0.0,0.0,0.0,0.0,0.0,0.0,0.0,0.0
Bayside,Queens,neighborhood,4.0,7.0,7.0,7.0,5.0,4.0,3.0,3.0,3.0,3.0,3.0,4.0,4.0,4.0,3.0,4.0,4.0,5.0,5.0,5.0,5.0,7.0,4.0,4.0,5.0,4.0,2.0,3.0,3.0,2.0,4.0,3.0,1.0,1.0,5.0,3.0,1.0,3.0,2.0,4.0,3.0,2.0,4.0,2.0,2.0,1.0,0.0,0.0,4.0,4.0,4.0,5.0,5.0,5.0,6.0,7.0,9.0,7.0,6.0,6.0,5.0,9.0,7.0,6.0,6.0,4.0,3.0,10.0,7.0,8.0,6.0,2.0,6.0,14.0,15.0,14.0,14.0,5.0,8.0,10.0,7.0,8.0,7.0,4.0,3.0,3.0,3.0,6.0,8.0,17.0,19.0,7.0,10.0,9.0,8.0,12.0,9.0,10.0,9.0,8.0,10.0,10.0,7.0,5.0,6.0,5.0,5.0,9.0,19.0,17.0,15.0,12.0,16.0,13.0,17.0,18.0,18.0,14.0,22.0,23.0,24.0,24.0,17.0,16.0,15.0,22.0,16.0,15.0,16.0,21.0,24.0,15.0,24.0,19.0,25.0,19.0,21.0,12.0,15.0,14.0,12.0,17.0,15.0,11.0,16.0,22.0,17.0,12.0,13.0,15.0,17.0,17.0,24.0,10.0,15.0,10.0,13.0,10.0,13.0,13.0,11.0,14.0,20.0,18.0,12.0,14.0,9.0,9.0,15.0,17.0,18.0,19.0,22.0,20.0,20.0,22.0,21.0,17.0,12.0,10.0,15.0,26.0,22.0,10.0,12.0,20.0,11.0,11.0,16.0,11.0,11.0,12.0,11.0,8.0,15.0,15.0,18.0,24.0,16.0,12.0
Bedford Park,Bronx,neighborhood,2.0,2.0,2.0,2.0,1.0,3.0,1.0,0.0,0.0,0.0,0.0,1.0,1.0,1.0,1.0,1.0,1.0,2.0,2.0,2.0,6.0,6.0,4.0,2.0,4.0,2.0,3.0,5.0,6.0,3.0,6.0,9.0,8.0,4.0,4.0,6.0,5.0,4.0,5.0,3.0,2.0,3.0,6.0,7.0,7.0,7.0,4.0,2.0,4.0,4.0,6.0,6.0,5.0,5.0,12.0,21.0,21.0,23.0,42.0,41.0,42.0,47.0,51.0,39.0,31.0,29.0,29.0,20.0,16.0,18.0,13.0,13.0,17.0,17.0,16.0,15.0,13.0,14.0,19.0,25.0,26.0,22.0,17.0,11.0,14.0,21.0,15.0,16.0,25.0,24.0,30.0,12.0,10.0,8.0,9.0,9.0,7.0,9.0,6.0,7.0,6.0,8.0,8.0,7.0,5.0,4.0,9.0,3.0,3.0,5.0,9.0,13.0,15.0,8.0,14.0,12.0,12.0,16.0,9.0,14.0,13.0,9.0,6.0,5.0,8.0,2.0,3.0,10.0,13.0,9.0,9.0,11.0,8.0,4.0,5.0,5.0,3.0,5.0,5.0,6.0,6.0,9.0,5.0,8.0,17.0,12.0,10.0,8.0,18.0,10.0,12.0,5.0,9.0,11.0,16.0,12.0,7.0,5.0,8.0,12.0,15.0,7.0,15.0,9.0,8.0,15.0,14.0,11.0,10.0,6.0,6.0,11.0,13.0,16.0,15.0,12.0,9.0,4.0,4.0,9.0,4.0,4.0,13.0,9.0,13.0,6.0,9.0,10.0,9.0,12.0,12.0,14.0,14.0,8.0,9.0,8.0,5.0,6.0,7.0,7.0
Bedford-Stuyvesant,Brooklyn,neighborhood,40.0,31.0,27.0,32.0,28.0,28.0,33.0,45.0,44.0,53.0,47.0,37.0,40.0,49.0,45.0,51.0,48.0,44.0,51.0,59.0,51.0,46.0,46.0,51.0,56.0,68.0,50.0,42.0,53.0,53.0,60.0,69.0,57.0,54.0,44.0,59.0,53.0,66.0,77.0,88.0,82.0,73.0,80.0,98.0,95.0,93.0,89.0,100.0,100.0,89.0,134.0,151.0,145.0,152.0,188.0,201.0,194.0,219.0,243.0,221.0,237.0,269.0,260.0,215.0,297.0,346.0,385.0,383.0,333.0,267.0,261.0,223.0,229.0,241.0,293.0,299.0,312.0,354.0,357.0,386.0,385.0,314.0,320.0,307.0,364.0,406.0,518.0,480.0,520.0,525.0,545.0,346.0,306.0,339.0,371.0,339.0,342.0,336.0,349.0,381.0,402.0,416.0,390.0,399.0,465.0,541.0,491.0,395.0,441.0,415.0,417.0,385.0,409.0,449.0,467.0,403.0,314.0,280.0,256.0,255.0,266.0,267.0,316.0,260.0,451.0,509.0,631.0,687.0,659.0,681.0,675.0,637.0,646.0,576.0,629.0,632.0,686.0,599.0,556.0,447.0,299.0,300.0,315.0,286.0,247.0,233.0,307.0,242.0,321.0,322.0,361.0,370.0,367.0,274.0,255.0,233.0,259.0,287.0,306.0,301.0,345.0,377.0,380.0,394.0,371.0,400.0,381.0,329.0,364.0,338.0,378.0,382.0,428.0,519.0,500.0,457.0,439.0,472.0,444.0,356.0,398.0,320.0,375.0,373.0,467.0,467.0,486.0,466.0,433.0,405.0,358.0,335.0,374.0,340.0,419.0,384.0,386.0,417.0,427.0,447.0
Bellerose,Queens,neighborhood,0.0,0.0,0.0,0.0,0.0,0.0,0.0,0.0,0.0,0.0,0.0,0.0,0.0,0.0,0.0,0.0,0.0,0.0,0.0,0.0,0.0,0.0,0.0,0.0,0.0,0.0,0.0,0.0,0.0,0.0,0.0,0.0,0.0,0.0,0.0,0.0,0.0,0.0,0.0,0.0,0.0,0.0,0.0,0.0,0.0,0.0,0.0,1.0,1.0,2.0,2.0,0.0,1.0,1.0,1.0,0.0,1.0,1.0,1.0,0.0,2.0,4.0,1.0,1.0,2.0,1.0,1.0,2.0,1.0,3.0,2.0,2.0,2.0,1.0,0.0,2.0,2.0,2.0,1.0,1.0,1.0,1.0,1.0,1.0,1.0,1.0,0.0,0.0,0.0,0.0,2.0,2.0,1.0,1.0,0.0,2.0,2.0,1.0,0.0,0.0,0.0,0.0,0.0,0.0,0.0,0.0,0.0,1.0,0.0,1.0,1.0,2.0,2.0,2.0,2.0,0.0,0.0,1.0,2.0,1.0,1.0,1.0,1.0,1.0,0.0,0.0,0.0,1.0,0.0,0.0,0.0,0.0,0.0,0.0,1.0,5.0,4.0,2.0,1.0,1.0,0.0,0.0,2.0,1.0,0.0,0.0,0.0,0.0,0.0,0.0,0.0,0.0,0.0,2.0,4.0,1.0,3.0,1.0,0.0,2.0,0.0,0.0,0.0,1.0,1.0,1.0,0.0,0.0,0.0,0.0,0.0,1.0,0.0,0.0,0.0,0.0,1.0,1.0,1.0,0.0,0.0,0.0,0.0,1.0,1.0,2.0,1.0,0.0,2.0,0.0,0.0,0.0,1.0,1.0,0.0,0.0,1.0,1.0,0.0,0.0
Belmont,Bronx,neighborhood,0.0,0.0,0.0,0.0,0.0,0.0,0.0,0.0,0.0,0.0,0.0,0.0,0.0,0.0,0.0,0.0,0.0,0.0,0.0,0.0,0.0,0.0,0.0,1.0,1.0,0.0,0.0,0.0,0.0,0.0,0.0,1.0,1.0,2.0,2.0,0.0,0.0,1.0,1.0,1.0,1.0,2.0,7.0,8.0,7.0,5.0,3.0,4.0,5.0,9.0,7.0,2.0,1.0,0.0,1.0,4.0,4.0,6.0,1.0,0.0,3.0,1.0,1.0,0.0,2.0,3.0,3.0,3.0,3.0,5.0,4.0,5.0,4.0,2.0,2.0,3.0,5.0,5.0,6.0,8.0,7.0,7.0,7.0,3.0,5.0,5.0,7.0,8.0,7.0,4.0,8.0,5.0,5.0,4.0,7.0,9.0,8.0,5.0,7.0,2.0,4.0,4.0,9.0,13.0,7.0,5.0,8.0,5.0,4.0,5.0,3.0,5.0,7.0,5.0,8.0,10.0,6.0,10.0,6.0,6.0,7.0,7.0,8.0,8.0,4.0,7.0,7.0,7.0,5.0,5.0,3.0,4.0,4.0,6.0,8.0,8.0,7.0,13.0,10.0,7.0,5.0,2.0,7.0,6.0,9.0,7.0,8.0,5.0,6.0,2.0,3.0,9.0,10.0,15.0,6.0,9.0,6.0,7.0,6.0,5.0,8.0,5.0,2.0,5.0,2.0,2.0,1.0,0.0,3.0,8.0,10.0,10.0,12.0,7.0,8.0,6.0,5.0,7.0,5.0,4.0,5.0,11.0,12.0,6.0,6.0,10.0,12.0,6.0,5.0,6.0,4.0,0.0,2.0,2.0,0.0,0.0,1.0,2.0,3.0,3.0
Bensonhurst,Brooklyn,neighborhood,0.0,0.0,2.0,1.0,1.0,1.0,2.0,3.0,1.0,5.0,7.0,6.0,4.0,4.0,9.0,11.0,10.0,8.0,6.0,8.0,6.0,4.0,4.0,4.0,1.0,2.0,1.0,3.0,5.0,2.0,2.0,6.0,5.0,7.0,3.0,0.0,3.0,4.0,5.0,7.0,8.0,7.0,5.0,4.0,14.0,11.0,10.0,8.0,13.0,15.0,12.0,5.0,6.0,9.0,13.0,14.0,16.0,17.0,12.0,15.0,21.0,14.0,16.0,13.0,16.0,17.0,20.0,12.0,16.0,19.0,21.0,16.0,15.0,10.0,11.0,11.0,9.0,10.0,12.0,11.0,8.0,13.0,16.0,10.0,9.0,13.0,15.0,25.0,30.0,25.0,34.0,8.0,16.0,18.0,17.0,14.0,21.0,14.0,30.0,29.0,51.0,42.0,43.0,47.0,39.0,50.0,40.0,28.0,32.0,23.0,27.0,31.0,27.0,28.0,49.0,49.0,35.0,30.0,35.0,29.0,34.0,32.0,24.0,11.0,30.0,31.0,33.0,43.0,30.0,36.0,56.0,60.0,61.0,54.0,45.0,50.0,58.0,59.0,61.0,54.0,52.0,65.0,56.0,33.0,32.0,22.0,33.0,32.0,38.0,31.0,18.0,20.0,24.0,25.0,25.0,12.0,13.0,6.0,5.0,9.0,14.0,23.0,12.0,10.0,18.0,23.0,28.0,15.0,14.0,14.0,12.0,20.0,9.0,16.0,33.0,27.0,16.0,17.0,15.0,6.0,14.0,8.0,11.0,13.0,26.0,18.0,14.0,11.0,19.0,23.0,16.0,13.0,14.0,23.0,15.0,13.0,14.0,16.0,11.0,6.0
Bergen Beach,Brooklyn,neighborhood,0.0,0.0,0.0,0.0,0.0,0.0,0.0,0.0,0.0,0.0,0.0,0.0,0.0,1.0,0.0,0.0,0.0,0.0,0.0,0.0,0.0,0.0,0.0,0.0,0.0,0.0,0.0,0.0,0.0,0.0,0.0,0.0,0.0,0.0,0.0,0.0,0.0,0.0,1.0,1.0,0.0,0.0,1.0,1.0,0.0,0.0,0.0,0.0,0.0,0.0,0.0,0.0,0.0,0.0,0.0,1.0,4.0,4.0,3.0,2.0,2.0,2.0,1.0,2.0,2.0,2.0,0.0,0.0,0.0,0.0,0.0,0.0,0.0,0.0,2.0,3.0,2.0,3.0,2.0,1.0,0.0,2.0,3.0,3.0,1.0,3.0,3.0,1.0,2.0,2.0,2.0,0.0,0.0,1.0,3.0,3.0,2.0,0.0,1.0,2.0,2.0,3.0,2.0,3.0,4.0,3.0,3.0,2.0,1.0,4.0,4.0,2.0,2.0,1.0,0.0,0.0,1.0,2.0,4.0,3.0,0.0,1.0,1.0,0.0,0.0,0.0,1.0,3.0,1.0,2.0,2.0,3.0,2.0,2.0,1.0,3.0,2.0,1.0,0.0,1.0,3.0,7.0,2.0,2.0,1.0,1.0,1.0,1.0,0.0,1.0,2.0,4.0,2.0,4.0,1.0,0.0,0.0,0.0,2.0,2.0,2.0,2.0,6.0,5.0,1.0,1.0,2.0,2.0,1.0,0.0,2.0,2.0,2.0,0.0,1.0,1.0,2.0,1.0,0.0,0.0,0.0,0.0,0.0,0.0,1.0,0.0,1.0,0.0,1.0,1.0,0.0,0.0,1.0,1.0,2.0,0.0,0.0,1.0,2.0,3.0
Boerum Hill,Brooklyn,neighborhood,11.0,11.0,10.0,10.0,9.0,19.0,18.0,14.0,8.0,10.0,4.0,4.0,7.0,8.0,8.0,5.0,3.0,7.0,4.0,6.0,7.0,4.0,4.0,1.0,4.0,7.0,8.0,6.0,16.0,11.0,10.0,9.0,9.0,12.0,14.0,7.0,5.0,9.0,8.0,12.0,9.0,8.0,13.0,19.0,23.0,20.0,19.0,22.0,27.0,21.0,16.0,29.0,46.0,46.0,41.0,47.0,56.0,41.0,39.0,33.0,55.0,61.0,50.0,46.0,49.0,36.0,50.0,70.0,52.0,49.0,54.0,57.0,57.0,47.0,51.0,39.0,38.0,45.0,65.0,67.0,72.0,61.0,55.0,54.0,60.0,65.0,82.0,85.0,79.0,78.0,72.0,59.0,67.0,58.0,46.0,26.0,39.0,40.0,52.0,51.0,55.0,58.0,51.0,45.0,49.0,42.0,36.0,30.0,37.0,38.0,51.0,52.0,67.0,74.0,49.0,60.0,45.0,35.0,25.0,24.0,26.0,23.0,17.0,20.0,35.0,71.0,100.0,107.0,116.0,124.0,115.0,115.0,112.0,97.0,97.0,85.0,59.0,53.0,52.0,47.0,31.0,31.0,18.0,9.0,23.0,17.0,17.0,21.0,19.0,19.0,31.0,32.0,37.0,28.0,27.0,18.0,27.0,33.0,25.0,36.0,53.0,48.0,39.0,44.0,37.0,29.0,28.0,23.0,31.0,34.0,25.0,30.0,41.0,46.0,46.0,47.0,46.0,35.0,28.0,29.0,37.0,17.0,27.0,30.0,51.0,68.0,71.0,64.0,64.0,60.0,52.0,45.0,64.0,66.0,58.0,65.0,71.0,85.0,72.0,67.0
Borough Park,Brooklyn,neighborhood,1.0,1.0,2.0,1.0,1.0,1.0,0.0,1.0,0.0,4.0,4.0,3.0,3.0,4.0,5.0,5.0,6.0,5.0,5.0,6.0,5.0,6.0,6.0,2.0,1.0,1.0,2.0,2.0,3.0,3.0,5.0,2.0,1.0,3.0,2.0,2.0,2.0,0.0,1.0,4.0,4.0,3.0,3.0,2.0,2.0,2.0,6.0,12.0,10.0,4.0,7.0,4.0,6.0,8.0,8.0,8.0,13.0,19.0,15.0,17.0,10.0,8.0,11.0,12.0,15.0,16.0,15.0,20.0,12.0,13.0,7.0,6.0,13.0,12.0,12.0,7.0,11.0,12.0,12.0,20.0,31.0,30.0,35.0,25.0,31.0,37.0,35.0,31.0,38.0,38.0,41.0,21.0,23.0,30.0,21.0,23.0,17.0,25.0,18.0,32.0,29.0,23.0,29.0,29.0,20.0,28.0,35.0,39.0,32.0,23.0,20.0,21.0,39.0,27.0,35.0,38.0,33.0,18.0,18.0,14.0,17.0,14.0,8.0,10.0,22.0,37.0,43.0,42.0,47.0,39.0,32.0,16.0,28.0,41.0,38.0,33.0,33.0,31.0,37.0,34.0,17.0,35.0,32.0,40.0,48.0,44.0,47.0,48.0,30.0,41.0,34.0,24.0,20.0,14.0,30.0,27.0,17.0,18.0,16.0,26.0,21.0,15.0,26.0,32.0,38.0,20.0,22.0,30.0,21.0,15.0,10.0,8.0,13.0,13.0,23.0,22.0,24.0,27.0,20.0,24.0,26.0,22.0,16.0,12.0,20.0,25.0,32.0,29.0,35.0,18.0,13.0,15.0,17.0,13.0,21.0,22.0,28.0,28.0,18.0,13.0
Briarwood,Queens,neighborhood,4.0,7.0,6.0,4.0,5.0,5.0,5.0,3.0,5.0,4.0,3.0,5.0,5.0,4.0,3.0,5.0,5.0,3.0,3.0,3.0,3.0,2.0,2.0,4.0,4.0,4.0,2.0,1.0,2.0,2.0,2.0,2.0,4.0,4.0,5.0,4.0,6.0,8.0,6.0,4.0,8.0,14.0,11.0,8.0,4.0,7.0,9.0,10.0,11.0,7.0,11.0,18.0,15.0,17.0,17.0,14.0,14.0,12.0,14.0,24.0,20.0,28.0,33.0,24.0,26.0,33.0,39.0,24.0,27.0,35.0,26.0,21.0,17.0,16.0,23.0,24.0,27.0,37.0,37.0,40.0,41.0,53.0,63.0,53.0,41.0,53.0,54.0,42.0,40.0,58.0,68.0,31.0,39.0,22.0,20.0,29.0,33.0,31.0,20.0,26.0,28.0,28.0,28.0,39.0,28.0,34.0,31.0,28.0,36.0,33.0,27.0,30.0,33.0,45.0,46.0,45.0,27.0,39.0,45.0,39.0,56.0,49.0,38.0,19.0,25.0,43.0,47.0,60.0,50.0,60.0,52.0,51.0,65.0,76.0,73.0,60.0,60.0,74.0,63.0,65.0,57.0,55.0,60.0,53.0,71.0,94.0,95.0,66.0,84.0,60.0,45.0,56.0,68.0,57.0,58.0,39.0,55.0,69.0,52.0,34.0,38.0,42.0,41.0,53.0,44.0,34.0,30.0,33.0,44.0,27.0,24.0,21.0,20.0,22.0,31.0,43.0,46.0,44.0,37.0,33.0,29.0,37.0,30.0,41.0,43.0,43.0,38.0,37.0,29.0,28.0,28.0,26.0,28.0,14.0,26.0,25.0,24.0,32.0,36.0,45.0
Brighton Beach,Brooklyn,neighborhood,2.0,2.0,2.0,1.0,0.0,1.0,1.0,3.0,2.0,2.0,1.0,1.0,3.0,5.0,6.0,6.0,4.0,5.0,4.0,3.0,6.0,7.0,1.0,3.0,3.0,3.0,4.0,3.0,8.0,13.0,13.0,12.0,11.0,10.0,9.0,10.0,7.0,4.0,6.0,8.0,17.0,18.0,16.0,18.0,14.0,14.0,19.0,15.0,6.0,13.0,6.0,10.0,11.0,14.0,17.0,16.0,17.0,19.0,18.0,41.0,35.0,21.0,20.0,42.0,34.0,29.0,30.0,29.0,33.0,33.0,37.0,39.0,49.0,38.0,30.0,34.0,29.0,34.0,30.0,30.0,26.0,23.0,23.0,21.0,20.0,19.0,34.0,33.0,46.0,54.0,37.0,15.0,15.0,21.0,14.0,22.0,23.0,17.0,26.0,38.0,52.0,39.0,39.0,57.0,38.0,36.0,30.0,32.0,34.0,37.0,42.0,53.0,42.0,39.0,52.0,46.0,39.0,37.0,35.0,27.0,23.0,26.0,18.0,15.0,15.0,15.0,23.0,42.0,61.0,50.0,37.0,38.0,43.0,48.0,29.0,32.0,31.0,40.0,30.0,34.0,33.0,37.0,26.0,28.0,37.0,40.0,47.0,28.0,39.0,28.0,15.0,14.0,19.0,15.0,11.0,25.0,27.0,22.0,15.0,15.0,26.0,25.0,24.0,29.0,25.0,19.0,17.0,15.0,20.0,15.0,18.0,14.0,17.0,11.0,26.0,31.0,23.0,19.0,25.0,13.0,14.0,27.0,27.0,21.0,26.0,24.0,17.0,25.0,29.0,15.0,15.0,25.0,16.0,21.0,20.0,19.0,21.0,20.0,25.0,21.0
Bronx,Bronx,borough,76.0,83.0,75.0,64.0,52.0,43.0,33.0,29.0,20.0,28.0,26.0,29.0,47.0,47.0,40.0,46.0,51.0,52.0,63.0,86.0,99.0,101.0,91.0,92.0,93.0,89.0,97.0,95.0,89.0,103.0,102.0,96.0,95.0,110.0,112.0,100.0,97.0,99.0,97.0,109.0,109.0,104.0,108.0,92.0,87.0,89.0,90.0,88.0,102.0,120.0,137.0,119.0,124.0,143.0,201.0,257.0,265.0,225.0,274.0,286.0,297.0,313.0,337.0,313.0,295.0,338.0,369.0,271.0,266.0,320.0,299.0,310.0,326.0,301.0,296.0,282.0,281.0,270.0,275.0,328.0,359.0,354.0,365.0,330.0,368.0,375.0,385.0,381.0,407.0,438.0,399.0,290.0,286.0,305.0,296.0,281.0,265.0,257.0,245.0,235.0,271.0,282.0,312.0,381.0,333.0,395.0,382.0,326.0,374.0,386.0,390.0,370.0,408.0,359.0,407.0,358.0,320.0,332.0,318.0,283.0,262.0,237.0,204.0,149.0,220.0,244.0,285.0,320.0,304.0,316.0,332.0,335.0,359.0,307.0,337.0,317.0,282.0,348.0,370.0,377.0,322.0,315.0,331.0,278.0,326.0,349.0,402.0,303.0,336.0,312.0,344.0,360.0,336.0,362.0,375.0,385.0,380.0,353.0,408.0,346.0,407.0,327.0,351.0,434.0,371.0,391.0,349.0,328.0,379.0,391.0,418.0,400.0,394.0,412.0,465.0,443.0,437.0,423.0,412.0,401.0,441.0,409.0,491.0,478.0,474.0,418.0,431.0,396.0,450.0,488.0,391.0,363.0,385.0,380.0,418.0,371.0,403.0,428.0,460.0,457.0
Bronxwood,Bronx,neighborhood,0.0,0.0,0.0,0.0,0.0,0.0,0.0,0.0,0.0,0.0,0.0,0.0,0.0,0.0,0.0,1.0,1.0,0.0,0.0,1.0,1.0,1.0,3.0,2.0,1.0,2.0,1.0,0.0,1.0,1.0,3.0,2.0,1.0,3.0,3.0,1.0,1.0,1.0,1.0,1.0,1.0,1.0,1.0,2.0,1.0,1.0,2.0,1.0,3.0,3.0,3.0,0.0,1.0,3.0,2.0,8.0,6.0,1.0,2.0,5.0,4.0,5.0,3.0,2.0,1.0,0.0,2.0,5.0,5.0,3.0,4.0,7.0,4.0,4.0,4.0,2.0,0.0,1.0,0.0,1.0,7.0,8.0,9.0,11.0,16.0,16.0,11.0,10.0,5.0,12.0,12.0,6.0,7.0,12.0,10.0,10.0,6.0,15.0,13.0,10.0,5.0,12.0,14.0,21.0,22.0,13.0,15.0,13.0,20.0,20.0,7.0,9.0,11.0,4.0,12.0,11.0,5.0,3.0,12.0,18.0,21.0,12.0,1.0,1.0,0.0,2.0,6.0,6.0,5.0,5.0,6.0,5.0,11.0,8.0,7.0,6.0,8.0,10.0,8.0,5.0,10.0,8.0,4.0,7.0,12.0,19.0,28.0,14.0,10.0,9.0,9.0,12.0,9.0,12.0,6.0,11.0,10.0,5.0,10.0,7.0,11.0,4.0,7.0,7.0,6.0,3.0,3.0,3.0,6.0,2.0,2.0,3.0,7.0,5.0,2.0,2.0,0.0,5.0,6.0,0.0,1.0,4.0,6.0,2.0,6.0,4.0,0.0,2.0,2.0,3.0,1.0,1.0,3.0,3.0,2.0,1.0,2.0,4.0,5.0,3.0
Brooklyn,Brooklyn,borough,701.0,659.0,665.0,677.0,607.0,580.0,533.0,557.0,502.0,543.0,567.0,492.0,593.0,672.0,705.0,615.0,678.0,681.0,720.0,694.0,636.0,612.0,620.0,762.0,716.0,759.0,744.0,687.0,744.0,876.0,875.0,874.0,856.0,895.0,815.0,783.0,917.0,910.0,910.0,978.0,1074.0,1066.0,1228.0,1405.0,1497.0,1708.0,1738.0,1855.0,2076.0,2061.0,2043.0,2005.0,1967.0,2145.0,2410.0,2542.0,2535.0,2664.0,2732.0,2760.0,2967.0,2978.0,3036.0,3017.0,3078.0,3274.0,3425.0,3464.0,3236.0,2976.0,2733.0,2521.0,2716.0,2599.0,2836.0,2886.0,3115.0,3233.0,3409.0,3594.0,3479.0,3201.0,3215.0,3061.0,3713.0,3725.0,4383.0,4314.0,4828.0,5098.0,4925.0,3622.0,3509.0,3690.0,3507.0,3189.0,3534.0,3460.0,3721.0,3876.0,4202.0,4274.0,4354.0,4553.0,4248.0,4909.0,4632.0,4348.0,4855.0,4346.0,4529.0,4127.0,4333.0,4193.0,4200.0,3960.0,3446.0,3003.0,2614.0,2446.0,2808.0,2574.0,2419.0,2059.0,3594.0,4903.0,6107.0,6943.0,7147.0,7081.0,6598.0,6219.0,6278.0,5621.0,6074.0,6031.0,5939.0,5490.0,4883.0,4207.0,3132.0,3232.0,2919.0,2716.0,2792.0,2604.0,3018.0,2679.0,2731.0,2902.0,3211.0,3304.0,3098.0,2752.0,2757.0,2490.0,2747.0,2634.0,3046.0,2810.0,3198.0,3352.0,3540.0,3700.0,3149.0,3134.0,3120.0,2794.0,3029.0,2975.0,3316.0,3197.0,3747.0,3866.0,4417.0,4357.0,4130.0,3787.0,3282.0,3065.0,3436.0,3154.0,3423.0,3463.0,4078.0,4083.0,4393.0,4605.0,4487.0,4035.0,3419.0,3315.0,3415.0,3180.0,3688.0,3663.0,4011.0,4400.0,4437.0,4097.0
Brooklyn Heights,Brooklyn,neighborhood,44.0,47.0,53.0,59.0,57.0,45.0,26.0,30.0,32.0,26.0,23.0,22.0,26.0,22.0,27.0,23.0,38.0,47.0,53.0,47.0,44.0,37.0,43.0,51.0,60.0,62.0,58.0,56.0,58.0,57.0,50.0,37.0,33.0,37.0,37.0,36.0,51.0,44.0,45.0,45.0,68.0,53.0,64.0,69.0,73.0,87.0,88.0,97.0,105.0,82.0,86.0,74.0,79.0,104.0,123.0,123.0,119.0,112.0,104.0,124.0,113.0,94.0,125.0,133.0,133.0,122.0,101.0,112.0,102.0,107.0,91.0,79.0,87.0,74.0,77.0,81.0,103.0,123.0,137.0,137.0,122.0,105.0,98.0,93.0,121.0,125.0,137.0,158.0,158.0,187.0,181.0,117.0,102.0,104.0,94.0,93.0,94.0,96.0,107.0,130.0,116.0,103.0,94.0,83.0,62.0,66.0,83.0,72.0,93.0,93.0,117.0,97.0,129.0,111.0,172.0,119.0,111.0,86.0,69.0,62.0,80.0,85.0,86.0,50.0,101.0,145.0,194.0,232.0,230.0,227.0,208.0,185.0,173.0,156.0,202.0,190.0,186.0,141.0,128.0,104.0,67.0,62.0,46.0,37.0,38.0,47.0,59.0,65.0,79.0,83.0,76.0,93.0,67.0,67.0,69.0,59.0,67.0,66.0,71.0,67.0,74.0,77.0,83.0,85.0,72.0,64.0,64.0,63.0,65.0,60.0,70.0,65.0,69.0,70.0,92.0,75.0,50.0,47.0,39.0,40.0,59.0,53.0,59.0,76.0,93.0,74.0,62.0,66.0,69.0,63.0,50.0,41.0,67.0,62.0,74.0,66.0,69.0,61.0,60.0,53.0
Brookville,Queens,neighborhood,0.0,0.0,0.0,0.0,0.0,0.0,0.0,0.0,0.0,0.0,0.0,0.0,0.0,0.0,0.0,0.0,0.0,0.0,0.0,0.0,0.0,0.0,0.0,0.0,0.0,0.0,0.0,0.0,0.0,0.0,0.0,0.0,0.0,0.0,0.0,0.0,0.0,0.0,0.0,0.0,0.0,0.0,0.0,0.0,0.0,0.0,0.0,0.0,0.0,0.0,0.0,0.0,0.0,0.0,0.0,0.0,0.0,0.0,0.0,0.0,0.0,0.0,0.0,0.0,0.0,0.0,0.0,0.0,0.0,0.0,0.0,0.0,0.0,0.0,0.0,0.0,0.0,0.0,0.0,0.0,0.0,0.0,0.0,0.0,0.0,0.0,0.0,0.0,0.0,0.0,0.0,0.0,0.0,0.0,0.0,0.0,0.0,0.0,0.0,0.0,0.0,0.0,0.0,0.0,0.0,0.0,0.0,0.0,0.0,0.0,0.0,0.0,0.0,0.0,0.0,0.0,0.0,0.0,0.0,0.0,0.0,0.0,0.0,0.0,0.0,0.0,0.0,0.0,0.0,0.0,0.0,0.0,0.0,0.0,0.0,0.0,0.0,2.0,1.0,0.0,0.0,0.0,1.0,1.0,0.0,0.0,0.0,0.0,0.0,0.0,0.0,0.0,1.0,0.0,0.0,0.0,1.0,2.0,2.0,0.0,0.0,1.0,1.0,0.0,0.0,0.0,1.0,0.0,0.0,0.0,0.0,0.0,0.0,0.0,0.0,0.0,0.0,1.0,1.0,0.0,0.0,0.0,0.0,0.0,0.0,0.0,0.0,0.0,0.0,0.0,0.0,0.0,0.0,0.0,0.0,0.0,0.0,0.0,0.0,0.0
Brownsville,Brooklyn,neighborhood,0.0,0.0,1.0,0.0,0.0,0.0,0.0,0.0,0.0,0.0,0.0,1.0,1.0,1.0,1.0,0.0,0.0,0.0,0.0,0.0,1.0,2.0,4.0,3.0,3.0,1.0,2.0,1.0,1.0,1.0,2.0,2.0,1.0,1.0,0.0,1.0,1.0,1.0,1.0,1.0,1.0,0.0,3.0,2.0,6.0,5.0,3.0,1.0,3.0,3.0,5.0,9.0,7.0,7.0,6.0,5.0,4.0,4.0,6.0,7.0,18.0,24.0,20.0,20.0,27.0,22.0,17.0,18.0,16.0,17.0,18.0,12.0,11.0,11.0,14.0,14.0,13.0,12.0,13.0,11.0,11.0,12.0,10.0,11.0,9.0,8.0,16.0,7.0,13.0,10.0,9.0,7.0,12.0,10.0,15.0,15.0,18.0,17.0,7.0,10.0,14.0,9.0,8.0,6.0,3.0,11.0,11.0,9.0,7.0,7.0,13.0,11.0,20.0,6.0,7.0,11.0,4.0,1.0,6.0,6.0,6.0,3.0,3.0,3.0,4.0,5.0,14.0,13.0,10.0,3.0,2.0,6.0,8.0,10.0,10.0,17.0,17.0,18.0,19.0,19.0,13.0,24.0,20.0,17.0,22.0,12.0,20.0,23.0,23.0,12.0,15.0,26.0,28.0,22.0,17.0,14.0,20.0,16.0,16.0,13.0,8.0,12.0,17.0,19.0,21.0,13.0,14.0,18.0,18.0,13.0,9.0,15.0,10.0,11.0,13.0,10.0,7.0,13.0,9.0,14.0,5.0,11.0,12.0,8.0,9.0,6.0,14.0,7.0,5.0,9.0,12.0,8.0,7.0,7.0,4.0,4.0,5.0,2.0,10.0,11.0
Bushwick,Brooklyn,neighborhood,4.0,6.0,11.0,31.0,25.0,10.0,11.0,8.0,11.0,8.0,3.0,10.0,24.0,37.0,58.0,37.0,36.0,18.0,5.0,6.0,4.0,7.0,6.0,5.0,3.0,1.0,4.0,8.0,12.0,16.0,19.0,14.0,13.0,9.0,7.0,8.0,11.0,19.0,23.0,23.0,21.0,27.0,24.0,37.0,43.0,50.0,52.0,45.0,52.0,52.0,45.0,54.0,61.0,75.0,71.0,62.0,61.0,79.0,85.0,64.0,71.0,71.0,76.0,100.0,100.0,130.0,169.0,133.0,98.0,71.0,61.0,75.0,87.0,84.0,95.0,97.0,116.0,117.0,146.0,147.0,134.0,137.0,111.0,116.0,110.0,122.0,156.0,157.0,195.0,241.0,221.0,193.0,169.0,122.0,139.0,140.0,179.0,123.0,174.0,153.0,179.0,199.0,199.0,313.0,271.0,356.0,381.0,442.0,456.0,387.0,345.0,242.0,318.0,337.0,308.0,300.0,287.0,237.0,179.0,151.0,217.0,213.0,192.0,162.0,281.0,431.0,475.0,525.0,542.0,520.0,527.0,555.0,565.0,436.0,472.0,597.0,669.0,573.0,468.0,435.0,304.0,268.0,228.0,229.0,243.0,207.0,301.0,271.0,227.0,281.0,264.0,269.0,251.0,291.0,298.0,241.0,261.0,210.0,264.0,246.0,321.0,382.0,361.0,342.0,265.0,266.0,294.0,270.0,266.0,264.0,299.0,313.0,381.0,389.0,448.0,393.0,394.0,333.0,275.0,303.0,305.0,258.0,269.0,323.0,389.0,391.0,329.0,405.0,374.0,311.0,235.0,246.0,249.0,225.0,255.0,259.0,270.0,345.0,348.0,329.0
Cambria Heights,Queens,neighborhood,0.0,0.0,0.0,0.0,0.0,0.0,0.0,0.0,0.0,0.0,0.0,0.0,0.0,0.0,0.0,0.0,0.0,0.0,0.0,0.0,0.0,0.0,0.0,0.0,0.0,0.0,0.0,0.0,0.0,0.0,0.0,0.0,0.0,0.0,0.0,0.0,0.0,0.0,0.0,0.0,0.0,0.0,0.0,0.0,0.0,0.0,0.0,0.0,0.0,0.0,0.0,0.0,0.0,0.0,0.0,0.0,0.0,0.0,0.0,0.0,0.0,0.0,0.0,0.0,0.0,0.0,0.0,0.0,0.0,0.0,0.0,0.0,0.0,1.0,0.0,0.0,1.0,1.0,1.0,1.0,1.0,1.0,1.0,1.0,1.0,0.0,1.0,1.0,1.0,1.0,1.0,0.0,0.0,0.0,0.0,0.0,0.0,0.0,0.0,0.0,0.0,0.0,0.0,0.0,0.0,0.0,0.0,0.0,0.0,0.0,0.0,0.0,0.0,0.0,0.0,0.0,0.0,0.0,0.0,1.0,0.0,0.0,0.0,0.0,1.0,1.0,1.0,0.0,0.0,0.0,0.0,0.0,0.0,0.0,0.0,0.0,0.0,0.0,1.0,1.0,0.0,0.0,0.0,0.0,0.0,0.0,0.0,0.0,0.0,1.0,0.0,0.0,0.0,0.0,0.0,0.0,0.0,1.0,0.0,0.0,0.0,0.0,0.0,0.0,0.0,0.0,0.0,0.0,0.0,0.0,0.0,0.0,0.0,1.0,0.0,0.0,0.0,0.0,1.0,1.0,0.0,1.0,1.0,0.0,0.0,0.0,0.0,0.0,0.0,1.0,1.0,1.0,0.0,0.0,0.0,0.0,0.0,0.0,0.0,0.0
Canarsie,Brooklyn,neighborhood,0.0,1.0,1.0,1.0,0.0,0.0,0.0,0.0,0.0,2.0,2.0,2.0,2.0,2.0,1.0,1.0,1.0,1.0,0.0,1.0,1.0,1.0,0.0,0.0,0.0,0.0,0.0,0.0,0.0,0.0,0.0,0.0,1.0,1.0,1.0,1.0,1.0,1.0,2.0,1.0,0.0,0.0,3.0,3.0,3.0,2.0,1.0,4.0,3.0,3.0,4.0,4.0,4.0,2.0,3.0,3.0,4.0,4.0,3.0,3.0,3.0,6.0,4.0,7.0,6.0,3.0,3.0,1.0,3.0,2.0,3.0,5.0,3.0,1.0,1.0,2.0,1.0,0.0,2.0,2.0,2.0,3.0,7.0,5.0,3.0,3.0,10.0,2.0,4.0,2.0,1.0,3.0,3.0,3.0,5.0,3.0,6.0,4.0,7.0,5.0,3.0,2.0,2.0,1.0,3.0,3.0,5.0,4.0,6.0,9.0,5.0,0.0,5.0,5.0,3.0,7.0,9.0,10.0,6.0,4.0,2.0,1.0,3.0,2.0,1.0,1.0,2.0,2.0,2.0,3.0,3.0,6.0,6.0,7.0,5.0,4.0,6.0,2.0,5.0,6.0,4.0,3.0,4.0,3.0,11.0,9.0,6.0,2.0,5.0,5.0,2.0,6.0,13.0,9.0,12.0,12.0,9.0,5.0,5.0,4.0,7.0,5.0,8.0,11.0,2.0,1.0,6.0,9.0,7.0,8.0,5.0,3.0,1.0,2.0,2.0,1.0,4.0,3.0,5.0,3.0,5.0,2.0,8.0,6.0,4.0,6.0,5.0,2.0,3.0,8.0,8.0,5.0,2.0,3.0,2.0,3.0,8.0,3.0,6.0,4.0
Carroll Gardens,Brooklyn,neighborhood,30.0,29.0,26.0,25.0,24.0,26.0,19.0,15.0,11.0,13.0,14.0,13.0,11.0,13.0,21.0,18.0,25.0,18.0,15.0,14.0,12.0,15.0,17.0,17.0,19.0,18.0,17.0,14.0,15.0,20.0,21.0,18.0,10.0,16.0,21.0,19.0,23.0,16.0,16.0,18.0,22.0,35.0,38.0,19.0,16.0,19.0,21.0,23.0,20.0,36.0,49.0,49.0,52.0,64.0,63.0,70.0,108.0,91.0,53.0,58.0,61.0,69.0,83.0,85.0,68.0,59.0,78.0,84.0,65.0,63.0,66.0,60.0,67.0,74.0,80.0,72.0,64.0,73.0,91.0,82.0,61.0,61.0,67.0,69.0,66.0,72.0,101.0,113.0,107.0,114.0,94.0,68.0,57.0,62.0,58.0,52.0,53.0,66.0,67.0,61.0,67.0,57.0,62.0,66.0,68.0,73.0,60.0,48.0,64.0,75.0,92.0,80.0,94.0,82.0,79.0,72.0,50.0,55.0,54.0,44.0,46.0,43.0,39.0,31.0,43.0,94.0,133.0,158.0,158.0,179.0,154.0,139.0,134.0,121.0,122.0,105.0,91.0,86.0,74.0,71.0,48.0,35.0,21.0,27.0,30.0,23.0,36.0,23.0,33.0,40.0,25.0,29.0,36.0,30.0,23.0,20.0,31.0,24.0,33.0,40.0,33.0,49.0,34.0,33.0,38.0,41.0,35.0,19.0,29.0,30.0,39.0,35.0,31.0,41.0,47.0,43.0,35.0,26.0,27.0,24.0,34.0,36.0,28.0,39.0,42.0,34.0,41.0,46.0,45.0,37.0,34.0,25.0,20.0,21.0,28.0,30.0,30.0,42.0,36.0,47.0
Castle Hill,Bronx,neighborhood,0.0,0.0,0.0,0.0,0.0,0.0,0.0,0.0,0.0,0.0,0.0,0.0,0.0,0.0,0.0,0.0,0.0,0.0,0.0,0.0,0.0,0.0,0.0,0.0,0.0,0.0,0.0,0.0,0.0,0.0,0.0,1.0,1.0,1.0,1.0,1.0,0.0,1.0,1.0,1.0,0.0,0.0,0.0,0.0,0.0,0.0,0.0,0.0,0.0,0.0,0.0,0.0,0.0,0.0,0.0,0.0,0.0,0.0,0.0,12.0,11.0,4.0,2.0,2.0,2.0,3.0,4.0,4.0,7.0,11.0,5.0,5.0,5.0,4.0,3.0,3.0,4.0,3.0,5.0,23.0,21.0,18.0,11.0,15.0,7.0,10.0,6.0,10.0,4.0,3.0,1.0,3.0,7.0,6.0,6.0,2.0,3.0,2.0,2.0,2.0,5.0,4.0,2.0,6.0,2.0,0.0,0.0,0.0,0.0,0.0,10.0,6.0,1.0,1.0,7.0,0.0,1.0,1.0,1.0,0.0,0.0,1.0,0.0,0.0,0.0,0.0,0.0,0.0,0.0,0.0,0.0,0.0,0.0,0.0,3.0,3.0,1.0,2.0,0.0,2.0,0.0,0.0,4.0,2.0,0.0,0.0,0.0,1.0,0.0,0.0,3.0,0.0,4.0,2.0,2.0,1.0,1.0,0.0,0.0,1.0,1.0,0.0,0.0,0.0,0.0,0.0,0.0,0.0,4.0,2.0,2.0,2.0,0.0,3.0,2.0,0.0,1.0,1.0,0.0,0.0,0.0,1.0,1.0,2.0,0.0,1.0,1.0,0.0,1.0,0.0,0.0,1.0,0.0,0.0,0.0,0.0,3.0,5.0,0.0,0.0
Central Harlem,Manhattan,neighborhood,124.0,113.0,115.0,108.0,97.0,99.0,98.0,107.0,88.0,97.0,88.0,83.0,84.0,82.0,104.0,119.0,112.0,103.0,101.0,111.0,116.0,112.0,94.0,94.0,113.0,123.0,135.0,111.0,157.0,165.0,142.0,146.0,131.0,156.0,156.0,172.0,183.0,185.0,161.0,205.0,200.0,232.0,218.0,168.0,173.0,215.0,193.0,181.0,193.0,187.0,227.0,236.0,243.0,237.0,253.0,247.0,244.0,233.0,218.0,205.0,213.0,242.0,249.0,249.0,246.0,278.0,321.0,288.0,270.0,249.0,242.0,210.0,229.0,233.0,241.0,226.0,254.0,272.0,332.0,339.0,307.0,285.0,290.0,268.0,308.0,318.0,373.0,337.0,346.0,396.0,366.0,244.0,238.0,239.0,208.0,190.0,198.0,228.0,242.0,261.0,299.0,339.0,308.0,289.0,277.0,299.0,280.0,257.0,309.0,255.0,253.0,253.0,296.0,285.0,310.0,292.0,240.0,232.0,224.0,204.0,228.0,228.0,200.0,140.0,235.0,357.0,442.0,493.0,507.0,532.0,454.0,445.0,466.0,429.0,435.0,430.0,426.0,416.0,401.0,374.0,284.0,249.0,229.0,181.0,178.0,166.0,175.0,176.0,198.0,237.0,244.0,267.0,243.0,254.0,256.0,210.0,220.0,185.0,223.0,205.0,257.0,230.0,219.0,244.0,264.0,264.0,236.0,205.0,215.0,191.0,194.0,244.0,299.0,287.0,274.0,297.0,256.0,238.0,221.0,182.0,206.0,202.0,216.0,224.0,261.0,263.0,251.0,252.0,243.0,247.0,258.0,226.0,242.0,211.0,247.0,222.0,254.0,245.0,229.0,229.0
Central Park South,Manhattan,neighborhood,40.0,40.0,52.0,41.0,39.0,50.0,50.0,46.0,32.0,30.0,23.0,25.0,24.0,27.0,33.0,30.0,29.0,32.0,23.0,29.0,34.0,40.0,34.0,34.0,41.0,41.0,48.0,41.0,36.0,40.0,36.0,36.0,25.0,31.0,37.0,42.0,46.0,43.0,43.0,36.0,43.0,41.0,47.0,41.0,43.0,49.0,44.0,40.0,38.0,42.0,38.0,49.0,51.0,61.0,59.0,56.0,48.0,49.0,38.0,47.0,62.0,54.0,49.0,48.0,42.0,47.0,53.0,52.0,47.0,47.0,46.0,46.0,45.0,47.0,51.0,48.0,46.0,43.0,39.0,43.0,40.0,47.0,49.0,46.0,45.0,47.0,49.0,44.0,39.0,42.0,32.0,24.0,23.0,32.0,31.0,25.0,26.0,23.0,30.0,31.0,31.0,33.0,26.0,32.0,31.0,37.0,25.0,28.0,27.0,34.0,34.0,35.0,44.0,42.0,42.0,37.0,39.0,33.0,34.0,38.0,41.0,43.0,34.0,27.0,30.0,36.0,44.0,43.0,36.0,35.0,30.0,35.0,37.0,41.0,48.0,45.0,45.0,40.0,33.0,28.0,20.0,14.0,15.0,11.0,12.0,12.0,10.0,14.0,13.0,18.0,12.0,16.0,19.0,22.0,23.0,26.0,23.0,19.0,28.0,24.0,23.0,24.0,23.0,17.0,17.0,18.0,16.0,21.0,22.0,19.0,16.0,13.0,11.0,12.0,18.0,18.0,15.0,12.0,13.0,12.0,22.0,16.0,14.0,17.0,16.0,19.0,16.0,11.0,13.0,12.0,13.0,13.0,16.0,13.0,17.0,18.0,19.0,18.0,21.0,19.0
Chelsea,Manhattan,neighborhood,236.0,255.0,262.0,282.0,263.0,250.0,272.0,227.0,192.0,228.0,191.0,177.0,191.0,192.0,204.0,173.0,182.0,176.0,194.0,225.0,206.0,201.0,178.0,159.0,173.0,177.0,222.0,248.0,270.0,287.0,286.0,240.0,236.0,214.0,207.0,214.0,251.0,259.0,320.0,374.0,319.0,258.0,270.0,249.0,267.0,289.0,267.0,299.0,325.0,313.0,370.0,358.0,320.0,329.0,375.0,368.0,362.0,359.0,329.0,347.0,390.0,368.0,400.0,390.0,379.0,378.0,358.0,353.0,362.0,384.0,328.0,319.0,322.0,328.0,399.0,363.0,340.0,409.0,428.0,436.0,413.0,397.0,366.0,363.0,413.0,406.0,429.0,391.0,428.0,496.0,476.0,419.0,423.0,389.0,365.0,343.0,357.0,326.0,353.0,373.0,373.0,401.0,423.0,387.0,289.0,315.0,288.0,255.0,279.0,274.0,314.0,363.0,412.0,394.0,345.0,343.0,316.0,327.0,289.0,279.0,315.0,292.0,286.0,301.0,446.0,626.0,785.0,827.0,853.0,786.0,711.0,653.0,622.0,594.0,608.0,524.0,427.0,328.0,241.0,222.0,174.0,181.0,158.0,133.0,187.0,198.0,256.0,257.0,279.0,290.0,273.0,295.0,290.0,251.0,261.0,226.0,257.0,281.0,312.0,336.0,369.0,386.0,399.0,361.0,329.0,310.0,295.0,262.0,289.0,297.0,293.0,309.0,344.0,366.0,375.0,336.0,315.0,302.0,245.0,235.0,252.0,228.0,282.0,330.0,356.0,357.0,389.0,349.0,350.0,328.0,289.0,275.0,299.0,287.0,338.0,354.0,341.0,360.0,329.0,280.0
Chinatown,Manhattan,neighborhood,5.0,5.0,5.0,6.0,5.0,7.0,6.0,4.0,13.0,10.0,8.0,6.0,8.0,7.0,8.0,12.0,11.0,12.0,16.0,10.0,6.0,5.0,4.0,4.0,4.0,5.0,6.0,6.0,9.0,14.0,15.0,12.0,11.0,13.0,12.0,11.0,9.0,9.0,9.0,10.0,13.0,17.0,14.0,12.0,9.0,18.0,23.0,29.0,22.0,16.0,17.0,9.0,12.0,12.0,19.0,21.0,14.0,16.0,16.0,14.0,18.0,16.0,17.0,18.0,16.0,10.0,15.0,14.0,16.0,26.0,21.0,16.0,22.0,15.0,14.0,22.0,36.0,32.0,33.0,38.0,25.0,19.0,15.0,17.0,27.0,36.0,50.0,35.0,39.0,35.0,27.0,29.0,31.0,33.0,24.0,16.0,23.0,20.0,26.0,26.0,24.0,14.0,23.0,15.0,15.0,21.0,19.0,19.0,24.0,32.0,29.0,27.0,27.0,19.0,31.0,27.0,31.0,13.0,18.0,10.0,16.0,29.0,17.0,10.0,19.0,27.0,50.0,68.0,78.0,70.0,63.0,52.0,49.0,43.0,47.0,46.0,43.0,51.0,43.0,36.0,25.0,20.0,28.0,17.0,9.0,11.0,7.0,22.0,14.0,15.0,23.0,21.0,33.0,17.0,13.0,12.0,14.0,11.0,16.0,15.0,22.0,26.0,22.0,25.0,30.0,23.0,20.0,16.0,17.0,16.0,21.0,13.0,14.0,18.0,22.0,27.0,28.0,19.0,23.0,17.0,19.0,12.0,19.0,27.0,17.0,14.0,22.0,16.0,15.0,16.0,19.0,17.0,17.0,7.0,13.0,11.0,12.0,15.0,17.0,16.0
City Island,Bronx,neighborhood,0.0,0.0,0.0,0.0,0.0,0.0,0.0,0.0,0.0,0.0,0.0,0.0,0.0,0.0,0.0,0.0,0.0,0.0,0.0,0.0,0.0,0.0,0.0,0.0,0.0,0.0,0.0,0.0,0.0,0.0,0.0,0.0,0.0,0.0,0.0,0.0,0.0,0.0,0.0,0.0,0.0,0.0,0.0,0.0,0.0,0.0,0.0,0.0,0.0,0.0,0.0,0.0,0.0,0.0,0.0,0.0,0.0,0.0,0.0,0.0,1.0,1.0,1.0,1.0,1.0,0.0,0.0,0.0,0.0,0.0,0.0,0.0,0.0,0.0,1.0,2.0,2.0,1.0,1.0,1.0,0.0,0.0,0.0,0.0,1.0,1.0,1.0,1.0,1.0,1.0,1.0,0.0,0.0,0.0,0.0,0.0,0.0,0.0,0.0,0.0,0.0,0.0,0.0,0.0,0.0,0.0,1.0,1.0,2.0,1.0,0.0,1.0,1.0,0.0,1.0,0.0,0.0,1.0,0.0,1.0,1.0,1.0,0.0,1.0,0.0,1.0,1.0,0.0,0.0,0.0,0.0,0.0,0.0,0.0,0.0,0.0,0.0,0.0,0.0,0.0,0.0,0.0,1.0,1.0,0.0,0.0,1.0,0.0,0.0,0.0,0.0,0.0,0.0,0.0,0.0,0.0,0.0,0.0,0.0,0.0,0.0,0.0,0.0,0.0,0.0,0.0,0.0,0.0,0.0,0.0,0.0,0.0,0.0,0.0,0.0,0.0,0.0,1.0,1.0,0.0,0.0,0.0,0.0,0.0,0.0,0.0,0.0,1.0,0.0,0.0,0.0,0.0,2.0,3.0,2.0,0.0,0.0,0.0,0.0,0.0
Civic Center,Manhattan,neighborhood,0.0,0.0,0.0,0.0,0.0,0.0,0.0,0.0,0.0,0.0,0.0,0.0,0.0,0.0,0.0,0.0,0.0,0.0,0.0,0.0,0.0,0.0,0.0,0.0,0.0,0.0,2.0,2.0,2.0,1.0,1.0,1.0,1.0,1.0,0.0,0.0,0.0,0.0,0.0,0.0,0.0,0.0,0.0,0.0,0.0,0.0,0.0,0.0,0.0,0.0,0.0,0.0,0.0,0.0,0.0,0.0,0.0,0.0,1.0,1.0,1.0,1.0,0.0,0.0,0.0,0.0,1.0,1.0,1.0,0.0,0.0,0.0,0.0,0.0,0.0,0.0,0.0,0.0,1.0,1.0,1.0,1.0,1.0,1.0,1.0,0.0,0.0,0.0,0.0,1.0,0.0,0.0,0.0,0.0,0.0,0.0,0.0,0.0,0.0,0.0,1.0,0.0,0.0,0.0,0.0,0.0,0.0,0.0,0.0,0.0,0.0,1.0,1.0,1.0,0.0,1.0,0.0,0.0,0.0,0.0,0.0,0.0,0.0,0.0,0.0,0.0,1.0,1.0,1.0,1.0,1.0,0.0,0.0,0.0,0.0,0.0,0.0,0.0,1.0,0.0,0.0,0.0,0.0,0.0,0.0,0.0,0.0,0.0,0.0,0.0,0.0,0.0,0.0,0.0,0.0,0.0,0.0,0.0,0.0,0.0,0.0,0.0,0.0,0.0,0.0,0.0,0.0,0.0,0.0,0.0,0.0,0.0,0.0,0.0,0.0,0.0,0.0,0.0,0.0,0.0,0.0,0.0,0.0,0.0,0.0,0.0,0.0,0.0,0.0,0.0,0.0,0.0,0.0,0.0,0.0,0.0,0.0,0.0,0.0,1.0
Clearview,Queens,neighborhood,1.0,1.0,1.0,1.0,1.0,1.0,1.0,1.0,1.0,1.0,1.0,1.0,1.0,1.0,1.0,1.0,1.0,1.0,1.0,1.0,1.0,1.0,1.0,1.0,1.0,0.0,0.0,0.0,0.0,0.0,0.0,0.0,0.0,0.0,0.0,0.0,0.0,0.0,0.0,0.0,0.0,0.0,0.0,0.0,0.0,0.0,0.0,0.0,0.0,0.0,0.0,0.0,0.0,0.0,0.0,0.0,0.0,0.0,0.0,0.0,0.0,0.0,0.0,0.0,0.0,0.0,0.0,0.0,0.0,0.0,0.0,0.0,0.0,0.0,0.0,0.0,0.0,0.0,0.0,0.0,0.0,0.0,0.0,0.0,0.0,0.0,0.0,0.0,0.0,0.0,0.0,0.0,0.0,0.0,0.0,0.0,0.0,0.0,0.0,0.0,0.0,0.0,0.0,0.0,0.0,0.0,0.0,0.0,0.0,0.0,0.0,0.0,0.0,0.0,0.0,1.0,5.0,2.0,0.0,0.0,1.0,0.0,0.0,0.0,4.0,3.0,0.0,0.0,2.0,0.0,0.0,0.0,1.0,0.0,0.0,0.0,0.0,0.0,0.0,0.0,0.0,0.0,1.0,1.0,0.0,1.0,2.0,2.0,1.0,1.0,0.0,3.0,1.0,0.0,9.0,2.0,2.0,1.0,0.0,1.0,2.0,0.0,0.0,1.0,2.0,3.0,1.0,1.0,0.0,2.0,1.0,1.0,1.0,1.0,0.0,0.0,2.0,2.0,1.0,1.0,2.0,1.0,1.0,2.0,1.0,1.0,0.0,0.0,0.0,2.0,1.0,1.0,0.0,0.0,0.0,0.0,0.0,1.0,0.0,0.0
Clinton Hill,Brooklyn,neighborhood,23.0,28.0,37.0,33.0,27.0,25.0,30.0,37.0,34.0,38.0,58.0,55.0,58.0,51.0,45.0,41.0,55.0,56.0,63.0,57.0,36.0,33.0,40.0,44.0,35.0,30.0,30.0,34.0,35.0,53.0,57.0,48.0,33.0,30.0,32.0,28.0,27.0,32.0,44.0,47.0,51.0,45.0,48.0,66.0,63.0,81.0,71.0,65.0,59.0,63.0,60.0,74.0,62.0,77.0,99.0,93.0,94.0,101.0,93.0,97.0,108.0,103.0,88.0,73.0,72.0,105.0,117.0,120.0,101.0,91.0,79.0,82.0,94.0,74.0,74.0,88.0,102.0,106.0,121.0,121.0,100.0,84.0,98.0,88.0,123.0,112.0,112.0,120.0,126.0,129.0,125.0,131.0,142.0,124.0,119.0,103.0,120.0,129.0,139.0,121.0,104.0,94.0,117.0,133.0,120.0,132.0,126.0,116.0,96.0,126.0,136.0,96.0,106.0,106.0,101.0,102.0,105.0,69.0,64.0,63.0,72.0,62.0,71.0,61.0,108.0,149.0,188.0,218.0,247.0,203.0,163.0,162.0,133.0,136.0,137.0,125.0,126.0,135.0,124.0,103.0,49.0,56.0,39.0,48.0,37.0,42.0,51.0,41.0,48.0,69.0,66.0,99.0,78.0,74.0,54.0,70.0,75.0,91.0,129.0,119.0,124.0,116.0,117.0,118.0,116.0,129.0,101.0,83.0,87.0,92.0,105.0,108.0,114.0,110.0,118.0,112.0,105.0,107.0,86.0,71.0,85.0,81.0,86.0,104.0,97.0,114.0,150.0,138.0,125.0,125.0,98.0,79.0,74.0,62.0,65.0,76.0,90.0,96.0,92.0,95.0
Co-op City,Bronx,neighborhood,0.0,0.0,0.0,0.0,0.0,0.0,0.0,0.0,0.0,0.0,0.0,0.0,0.0,0.0,0.0,0.0,0.0,0.0,0.0,0.0,0.0,0.0,0.0,0.0,0.0,0.0,0.0,0.0,0.0,0.0,0.0,0.0,0.0,0.0,0.0,0.0,0.0,0.0,0.0,0.0,0.0,0.0,0.0,0.0,0.0,0.0,0.0,0.0,0.0,0.0,0.0,0.0,0.0,0.0,0.0,0.0,0.0,0.0,0.0,0.0,0.0,0.0,0.0,0.0,0.0,0.0,0.0,0.0,0.0,0.0,0.0,0.0,0.0,0.0,0.0,0.0,0.0,0.0,0.0,0.0,0.0,0.0,0.0,0.0,0.0,0.0,0.0,0.0,0.0,0.0,0.0,0.0,0.0,0.0,0.0,0.0,0.0,0.0,0.0,0.0,0.0,0.0,0.0,0.0,0.0,0.0,0.0,0.0,0.0,0.0,0.0,0.0,0.0,0.0,0.0,0.0,0.0,0.0,0.0,0.0,0.0,0.0,0.0,0.0,0.0,0.0,0.0,0.0,0.0,0.0,0.0,0.0,0.0,0.0,0.0,0.0,0.0,0.0,0.0,0.0,0.0,0.0,0.0,0.0,0.0,0.0,0.0,0.0,0.0,0.0,0.0,0.0,0.0,0.0,0.0,0.0,0.0,0.0,0.0,0.0,0.0,0.0,1.0,1.0,1.0,0.0,0.0,0.0,0.0,0.0,0.0,0.0,0.0,0.0,0.0,0.0,0.0,0.0,0.0,0.0,0.0,0.0,0.0,0.0,0.0,0.0,0.0,0.0,0.0,0.0,0.0,0.0,0.0,0.0,0.0,0.0,0.0,0.0,0.0,0.0
Cobble Hill,Brooklyn,neighborhood,18.0,12.0,11.0,14.0,18.0,21.0,13.0,11.0,11.0,8.0,4.0,3.0,7.0,8.0,9.0,4.0,8.0,12.0,8.0,6.0,6.0,7.0,6.0,8.0,15.0,11.0,10.0,15.0,18.0,21.0,16.0,12.0,15.0,16.0,18.0,16.0,21.0,15.0,15.0,14.0,15.0,19.0,29.0,29.0,26.0,24.0,28.0,25.0,28.0,31.0,29.0,30.0,35.0,36.0,28.0,33.0,38.0,46.0,37.0,40.0,50.0,44.0,46.0,35.0,39.0,44.0,40.0,38.0,30.0,42.0,36.0,35.0,47.0,38.0,34.0,38.0,51.0,49.0,50.0,49.0,47.0,42.0,36.0,47.0,59.0,62.0,71.0,63.0,63.0,70.0,67.0,52.0,54.0,45.0,43.0,36.0,42.0,52.0,61.0,61.0,60.0,66.0,66.0,51.0,54.0,55.0,38.0,33.0,37.0,41.0,51.0,70.0,62.0,47.0,29.0,32.0,33.0,33.0,22.0,25.0,32.0,26.0,25.0,19.0,48.0,84.0,92.0,93.0,101.0,100.0,90.0,76.0,84.0,81.0,92.0,88.0,70.0,67.0,54.0,31.0,24.0,17.0,12.0,10.0,14.0,13.0,15.0,16.0,21.0,29.0,26.0,26.0,24.0,23.0,21.0,10.0,22.0,15.0,21.0,31.0,37.0,39.0,24.0,25.0,19.0,18.0,19.0,23.0,24.0,26.0,23.0,20.0,28.0,23.0,26.0,39.0,31.0,19.0,19.0,18.0,22.0,30.0,34.0,30.0,28.0,29.0,33.0,37.0,26.0,14.0,14.0,12.0,19.0,18.0,21.0,18.0,25.0,35.0,31.0,27.0
College Point,Queens,neighborhood,0.0,0.0,0.0,0.0,0.0,0.0,0.0,0.0,0.0,0.0,0.0,0.0,0.0,0.0,0.0,0.0,0.0,0.0,0.0,0.0,0.0,0.0,0.0,0.0,0.0,3.0,0.0,0.0,2.0,2.0,2.0,2.0,0.0,0.0,0.0,0.0,0.0,0.0,0.0,0.0,0.0,0.0,1.0,1.0,6.0,4.0,2.0,2.0,2.0,2.0,4.0,5.0,6.0,4.0,2.0,3.0,2.0,1.0,1.0,2.0,1.0,0.0,1.0,1.0,0.0,0.0,0.0,1.0,0.0,0.0,0.0,0.0,0.0,0.0,2.0,1.0,2.0,2.0,2.0,5.0,5.0,3.0,3.0,4.0,3.0,4.0,2.0,0.0,1.0,4.0,5.0,2.0,1.0,2.0,1.0,0.0,0.0,0.0,2.0,1.0,0.0,1.0,2.0,0.0,0.0,1.0,3.0,1.0,0.0,0.0,2.0,2.0,0.0,2.0,2.0,3.0,2.0,0.0,1.0,1.0,3.0,0.0,0.0,0.0,0.0,0.0,1.0,2.0,0.0,1.0,1.0,0.0,1.0,2.0,0.0,1.0,2.0,2.0,2.0,1.0,2.0,1.0,1.0,2.0,1.0,5.0,3.0,2.0,2.0,1.0,5.0,9.0,4.0,2.0,1.0,0.0,1.0,0.0,1.0,1.0,1.0,4.0,2.0,2.0,2.0,1.0,1.0,1.0,0.0,0.0,2.0,3.0,3.0,2.0,0.0,0.0,0.0,0.0,2.0,2.0,2.0,4.0,4.0,1.0,2.0,3.0,2.0,1.0,0.0,0.0,1.0,3.0,2.0,0.0,1.0,2.0,1.0,3.0,2.0,2.0
Columbia St Waterfront District,Brooklyn,neighborhood,6.0,5.0,4.0,4.0,1.0,1.0,0.0,1.0,2.0,3.0,6.0,8.0,8.0,2.0,11.0,9.0,6.0,3.0,5.0,2.0,2.0,4.0,3.0,3.0,5.0,7.0,7.0,5.0,6.0,7.0,5.0,7.0,6.0,3.0,5.0,5.0,6.0,5.0,6.0,12.0,13.0,8.0,5.0,7.0,11.0,13.0,9.0,8.0,10.0,12.0,17.0,18.0,9.0,11.0,12.0,16.0,9.0,12.0,11.0,14.0,16.0,20.0,19.0,17.0,16.0,21.0,18.0,16.0,14.0,12.0,9.0,7.0,9.0,11.0,11.0,21.0,16.0,12.0,11.0,16.0,9.0,13.0,14.0,14.0,19.0,23.0,26.0,25.0,24.0,28.0,24.0,36.0,38.0,21.0,17.0,9.0,14.0,14.0,18.0,22.0,15.0,9.0,11.0,15.0,17.0,17.0,19.0,19.0,30.0,17.0,41.0,32.0,21.0,14.0,11.0,12.0,5.0,6.0,5.0,9.0,7.0,10.0,13.0,9.0,17.0,20.0,18.0,19.0,22.0,18.0,19.0,24.0,18.0,19.0,22.0,19.0,21.0,21.0,17.0,12.0,15.0,9.0,11.0,9.0,10.0,7.0,2.0,6.0,2.0,6.0,10.0,10.0,6.0,6.0,2.0,5.0,2.0,3.0,3.0,3.0,4.0,5.0,3.0,5.0,5.0,2.0,3.0,5.0,3.0,7.0,7.0,7.0,6.0,4.0,4.0,7.0,13.0,12.0,9.0,5.0,6.0,9.0,8.0,4.0,6.0,6.0,8.0,7.0,8.0,5.0,3.0,3.0,5.0,6.0,9.0,3.0,3.0,5.0,4.0,6.0
Concourse,Bronx,neighborhood,4.0,5.0,3.0,5.0,4.0,4.0,4.0,2.0,1.0,3.0,2.0,4.0,6.0,3.0,0.0,2.0,3.0,5.0,1.0,6.0,10.0,9.0,8.0,8.0,8.0,9.0,8.0,10.0,9.0,13.0,11.0,11.0,15.0,12.0,10.0,9.0,9.0,4.0,6.0,7.0,7.0,5.0,4.0,6.0,8.0,10.0,8.0,9.0,10.0,10.0,11.0,10.0,8.0,9.0,13.0,17.0,22.0,15.0,14.0,9.0,8.0,6.0,6.0,13.0,13.0,20.0,26.0,21.0,16.0,13.0,15.0,18.0,11.0,5.0,14.0,19.0,21.0,17.0,19.0,18.0,25.0,23.0,32.0,29.0,25.0,26.0,26.0,19.0,26.0,36.0,35.0,17.0,16.0,12.0,18.0,18.0,13.0,10.0,13.0,13.0,15.0,13.0,7.0,16.0,24.0,29.0,30.0,23.0,28.0,42.0,37.0,31.0,34.0,47.0,32.0,23.0,20.0,34.0,36.0,25.0,20.0,18.0,21.0,12.0,22.0,27.0,39.0,27.0,30.0,30.0,31.0,29.0,26.0,27.0,34.0,27.0,30.0,33.0,21.0,29.0,27.0,19.0,23.0,20.0,26.0,26.0,34.0,33.0,27.0,28.0,20.0,28.0,21.0,18.0,27.0,20.0,35.0,37.0,34.0,25.0,18.0,16.0,15.0,20.0,17.0,25.0,15.0,11.0,15.0,28.0,17.0,21.0,14.0,19.0,25.0,19.0,25.0,28.0,32.0,22.0,31.0,31.0,32.0,37.0,38.0,32.0,29.0,23.0,22.0,18.0,21.0,24.0,32.0,26.0,35.0,35.0,29.0,39.0,31.0,26.0
Coney Island,Brooklyn,neighborhood,1.0,0.0,0.0,0.0,0.0,0.0,0.0,0.0,0.0,0.0,0.0,0.0,0.0,1.0,0.0,0.0,0.0,0.0,0.0,0.0,0.0,0.0,0.0,1.0,2.0,3.0,2.0,1.0,2.0,2.0,0.0,3.0,4.0,9.0,10.0,5.0,4.0,6.0,4.0,4.0,4.0,5.0,4.0,1.0,4.0,11.0,9.0,9.0,4.0,3.0,4.0,6.0,3.0,1.0,2.0,1.0,1.0,1.0,1.0,1.0,2.0,4.0,12.0,9.0,9.0,11.0,7.0,7.0,25.0,15.0,10.0,9.0,11.0,11.0,9.0,9.0,11.0,9.0,10.0,6.0,8.0,13.0,12.0,11.0,13.0,10.0,14.0,9.0,13.0,15.0,16.0,9.0,8.0,10.0,9.0,8.0,8.0,9.0,18.0,13.0,10.0,10.0,9.0,11.0,7.0,10.0,10.0,13.0,11.0,7.0,12.0,11.0,11.0,9.0,11.0,13.0,11.0,9.0,12.0,16.0,22.0,18.0,17.0,14.0,18.0,25.0,27.0,26.0,31.0,28.0,28.0,18.0,32.0,33.0,32.0,24.0,30.0,31.0,23.0,17.0,18.0,13.0,16.0,28.0,18.0,18.0,18.0,15.0,14.0,15.0,17.0,12.0,10.0,15.0,11.0,12.0,15.0,10.0,10.0,13.0,13.0,9.0,22.0,21.0,19.0,14.0,11.0,15.0,20.0,12.0,19.0,13.0,19.0,28.0,19.0,22.0,50.0,39.0,21.0,24.0,53.0,51.0,46.0,48.0,55.0,62.0,67.0,65.0,75.0,53.0,51.0,46.0,40.0,56.0,56.0,52.0,46.0,50.0,50.0,44.0
Corona,Queens,neighborhood,10.0,9.0,9.0,9.0,60.0,60.0,61.0,61.0,61.0,60.0,60.0,60.0,61.0,61.0,1.0,2.0,1.0,1.0,0.0,0.0,3.0,4.0,3.0,1.0,1.0,1.0,3.0,2.0,1.0,1.0,4.0,3.0,2.0,2.0,1.0,0.0,2.0,1.0,1.0,0.0,0.0,1.0,1.0,1.0,1.0,0.0,0.0,0.0,2.0,2.0,2.0,27.0,89.0,28.0,16.0,14.0,13.0,7.0,2.0,9.0,14.0,16.0,5.0,20.0,27.0,23.0,20.0,18.0,30.0,12.0,22.0,16.0,11.0,15.0,33.0,23.0,17.0,32.0,37.0,22.0,22.0,24.0,26.0,27.0,33.0,42.0,35.0,40.0,35.0,40.0,33.0,40.0,31.0,35.0,34.0,32.0,38.0,43.0,27.0,15.0,12.0,5.0,1.0,1.0,7.0,13.0,12.0,8.0,9.0,8.0,9.0,11.0,16.0,7.0,6.0,9.0,21.0,32.0,26.0,21.0,28.0,25.0,32.0,28.0,27.0,24.0,26.0,28.0,21.0,26.0,25.0,26.0,35.0,22.0,13.0,29.0,24.0,28.0,24.0,27.0,26.0,7.0,15.0,14.0,25.0,27.0,34.0,19.0,19.0,13.0,9.0,12.0,11.0,7.0,16.0,20.0,22.0,14.0,10.0,8.0,7.0,8.0,10.0,9.0,9.0,7.0,7.0,8.0,16.0,4.0,7.0,7.0,5.0,5.0,8.0,9.0,8.0,9.0,7.0,1.0,3.0,7.0,9.0,8.0,11.0,7.0,10.0,4.0,3.0,6.0,12.0,11.0,10.0,8.0,7.0,5.0,6.0,8.0,9.0,9.0
Country Club,Bronx,neighborhood,0.0,0.0,0.0,0.0,0.0,0.0,0.0,0.0,0.0,0.0,0.0,0.0,0.0,0.0,0.0,0.0,0.0,0.0,0.0,0.0,0.0,0.0,0.0,0.0,0.0,0.0,0.0,0.0,0.0,0.0,0.0,0.0,0.0,0.0,0.0,1.0,1.0,2.0,1.0,1.0,1.0,0.0,0.0,0.0,0.0,0.0,0.0,0.0,0.0,0.0,0.0,0.0,0.0,0.0,0.0,0.0,0.0,0.0,0.0,0.0,0.0,0.0,0.0,0.0,0.0,0.0,0.0,0.0,0.0,1.0,2.0,0.0,0.0,0.0,0.0,0.0,2.0,0.0,0.0,1.0,0.0,0.0,0.0,0.0,0.0,0.0,0.0,0.0,0.0,0.0,0.0,0.0,1.0,0.0,0.0,0.0,0.0,0.0,0.0,0.0,0.0,0.0,2.0,2.0,1.0,3.0,1.0,1.0,2.0,0.0,0.0,0.0,0.0,1.0,0.0,0.0,0.0,0.0,0.0,0.0,2.0,4.0,1.0,1.0,1.0,1.0,0.0,0.0,1.0,1.0,2.0,1.0,1.0,0.0,1.0,2.0,2.0,0.0,0.0,1.0,0.0,1.0,1.0,0.0,0.0,1.0,4.0,3.0,1.0,1.0,2.0,1.0,1.0,1.0,0.0,1.0,0.0,0.0,1.0,0.0,0.0,0.0,1.0,1.0,0.0,1.0,1.0,1.0,0.0,0.0,0.0,1.0,1.0,0.0,0.0,0.0,0.0,1.0,0.0,0.0,1.0,2.0,0.0,1.0,1.0,1.0,0.0,0.0,0.0,1.0,4.0,5.0,3.0,0.0,0.0,0.0,1.0,0.0,0.0,1.0
Crotona Park East,Bronx,neighborhood,0.0,0.0,0.0,0.0,0.0,0.0,0.0,0.0,0.0,0.0,0.0,0.0,0.0,0.0,0.0,0.0,0.0,0.0,0.0,0.0,0.0,0.0,0.0,0.0,0.0,0.0,0.0,0.0,0.0,0.0,0.0,0.0,0.0,0.0,0.0,0.0,0.0,0.0,0.0,0.0,0.0,0.0,0.0,0.0,0.0,0.0,0.0,0.0,0.0,1.0,0.0,0.0,0.0,0.0,0.0,0.0,0.0,0.0,0.0,0.0,0.0,0.0,0.0,0.0,0.0,0.0,1.0,1.0,1.0,2.0,3.0,3.0,2.0,2.0,4.0,9.0,2.0,2.0,1.0,0.0,0.0,0.0,0.0,0.0,1.0,1.0,1.0,0.0,0.0,0.0,1.0,0.0,1.0,2.0,3.0,1.0,0.0,0.0,0.0,1.0,0.0,0.0,1.0,1.0,0.0,0.0,1.0,1.0,0.0,0.0,0.0,0.0,2.0,1.0,1.0,3.0,1.0,0.0,0.0,1.0,3.0,3.0,3.0,1.0,0.0,2.0,0.0,2.0,0.0,1.0,0.0,2.0,3.0,2.0,0.0,1.0,1.0,2.0,3.0,3.0,1.0,3.0,0.0,3.0,1.0,2.0,1.0,1.0,5.0,3.0,3.0,4.0,4.0,5.0,16.0,11.0,2.0,2.0,1.0,2.0,3.0,4.0,1.0,1.0,2.0,2.0,2.0,4.0,2.0,4.0,9.0,6.0,3.0,0.0,1.0,3.0,1.0,1.0,4.0,3.0,2.0,1.0,0.0,0.0,0.0,0.0,0.0,0.0,0.0,2.0,3.0,2.0,1.0,2.0,1.0,3.0,1.0,1.0,3.0,2.0
Crown Heights,Brooklyn,neighborhood,36.0,26.0,23.0,21.0,24.0,17.0,20.0,27.0,24.0,17.0,29.0,28.0,33.0,44.0,42.0,30.0,30.0,28.0,42.0,39.0,48.0,37.0,41.0,51.0,44.0,33.0,46.0,37.0,43.0,52.0,47.0,50.0,41.0,44.0,41.0,42.0,50.0,45.0,51.0,48.0,50.0,57.0,65.0,65.0,62.0,73.0,91.0,102.0,92.0,108.0,109.0,118.0,117.0,148.0,172.0,179.0,174.0,201.0,230.0,255.0,241.0,226.0,231.0,217.0,237.0,251.0,231.0,250.0,245.0,209.0,198.0,165.0,176.0,176.0,156.0,199.0,229.0,247.0,271.0,279.0,243.0,249.0,243.0,242.0,288.0,275.0,319.0,347.0,461.0,450.0,422.0,253.0,253.0,329.0,289.0,249.0,267.0,264.0,262.0,307.0,386.0,359.0,283.0,311.0,274.0,344.0,379.0,357.0,351.0,336.0,321.0,298.0,319.0,338.0,350.0,325.0,245.0,227.0,211.0,219.0,218.0,175.0,139.0,136.0,269.0,404.0,468.0,509.0,523.0,586.0,534.0,500.0,550.0,429.0,458.0,476.0,546.0,562.0,515.0,421.0,323.0,297.0,244.0,273.0,248.0,180.0,205.0,169.0,180.0,218.0,279.0,308.0,270.0,244.0,255.0,214.0,233.0,212.0,215.0,193.0,215.0,217.0,257.0,257.0,244.0,267.0,268.0,235.0,260.0,234.0,283.0,222.0,272.0,241.0,289.0,299.0,310.0,301.0,270.0,310.0,330.0,301.0,289.0,248.0,335.0,363.0,371.0,358.0,377.0,353.0,295.0,282.0,267.0,240.0,305.0,332.0,398.0,415.0,390.0,338.0
DUMBO,Brooklyn,neighborhood,18.0,25.0,25.0,34.0,43.0,33.0,18.0,19.0,14.0,17.0,15.0,13.0,15.0,19.0,25.0,26.0,28.0,25.0,29.0,23.0,14.0,18.0,19.0,16.0,24.0,25.0,30.0,54.0,45.0,52.0,36.0,34.0,21.0,23.0,20.0,18.0,20.0,26.0,34.0,35.0,41.0,50.0,53.0,66.0,56.0,43.0,35.0,34.0,47.0,50.0,46.0,49.0,50.0,44.0,49.0,45.0,39.0,43.0,46.0,39.0,49.0,40.0,40.0,48.0,48.0,61.0,51.0,62.0,61.0,57.0,38.0,34.0,47.0,46.0,55.0,53.0,38.0,47.0,58.0,63.0,57.0,41.0,35.0,45.0,50.0,39.0,49.0,54.0,55.0,57.0,49.0,50.0,38.0,45.0,32.0,34.0,37.0,35.0,32.0,29.0,33.0,41.0,48.0,38.0,29.0,32.0,27.0,28.0,32.0,31.0,41.0,49.0,38.0,35.0,33.0,31.0,35.0,24.0,20.0,19.0,33.0,26.0,28.0,29.0,54.0,86.0,104.0,118.0,107.0,88.0,84.0,76.0,73.0,69.0,69.0,75.0,60.0,55.0,43.0,25.0,22.0,21.0,14.0,11.0,27.0,29.0,33.0,35.0,48.0,49.0,45.0,57.0,48.0,51.0,50.0,43.0,50.0,37.0,45.0,42.0,32.0,47.0,50.0,47.0,48.0,47.0,31.0,33.0,49.0,35.0,29.0,38.0,57.0,87.0,107.0,89.0,72.0,73.0,69.0,59.0,89.0,85.0,90.0,72.0,82.0,72.0,73.0,111.0,100.0,70.0,53.0,57.0,44.0,34.0,47.0,61.0,75.0,68.0,84.0,70.0
Ditmas Park,Brooklyn,neighborhood,4.0,4.0,6.0,7.0,3.0,3.0,2.0,1.0,2.0,2.0,2.0,1.0,0.0,2.0,3.0,4.0,4.0,4.0,4.0,5.0,7.0,9.0,11.0,9.0,8.0,9.0,10.0,7.0,2.0,12.0,9.0,10.0,10.0,10.0,17.0,7.0,11.0,9.0,15.0,9.0,5.0,8.0,8.0,11.0,5.0,11.0,27.0,19.0,28.0,23.0,24.0,21.0,30.0,40.0,38.0,39.0,40.0,50.0,55.0,47.0,56.0,58.0,54.0,63.0,52.0,42.0,45.0,59.0,47.0,41.0,43.0,41.0,36.0,45.0,58.0,54.0,34.0,47.0,54.0,53.0,41.0,52.0,57.0,50.0,57.0,63.0,81.0,84.0,86.0,78.0,98.0,64.0,40.0,48.0,55.0,50.0,53.0,41.0,42.0,37.0,69.0,63.0,79.0,55.0,68.0,90.0,96.0,93.0,84.0,72.0,82.0,61.0,82.0,60.0,48.0,53.0,51.0,59.0,58.0,58.0,58.0,58.0,34.0,28.0,56.0,74.0,86.0,119.0,100.0,92.0,102.0,99.0,93.0,84.0,99.0,99.0,102.0,94.0,117.0,89.0,52.0,52.0,52.0,49.0,54.0,55.0,50.0,37.0,45.0,41.0,48.0,44.0,44.0,42.0,47.0,40.0,54.0,48.0,54.0,53.0,48.0,38.0,46.0,40.0,30.0,30.0,42.0,41.0,32.0,41.0,31.0,28.0,36.0,51.0,50.0,49.0,38.0,46.0,49.0,54.0,53.0,34.0,35.0,24.0,26.0,29.0,32.0,32.0,26.0,32.0,30.0,29.0,21.0,35.0,33.0,33.0,24.0,28.0,23.0,21.0
Douglaston,Queens,neighborhood,0.0,0.0,0.0,0.0,0.0,0.0,0.0,0.0,0.0,0.0,0.0,0.0,1.0,1.0,0.0,0.0,1.0,1.0,0.0,0.0,0.0,0.0,1.0,1.0,1.0,0.0,1.0,2.0,1.0,1.0,1.0,0.0,1.0,1.0,1.0,1.0,1.0,1.0,1.0,1.0,1.0,0.0,1.0,1.0,3.0,5.0,5.0,2.0,2.0,2.0,2.0,3.0,3.0,2.0,1.0,1.0,2.0,1.0,1.0,5.0,0.0,1.0,2.0,1.0,1.0,0.0,1.0,0.0,1.0,1.0,1.0,1.0,3.0,2.0,3.0,4.0,3.0,1.0,0.0,0.0,0.0,0.0,2.0,0.0,0.0,0.0,0.0,1.0,1.0,2.0,2.0,1.0,1.0,0.0,1.0,1.0,0.0,0.0,0.0,0.0,0.0,1.0,0.0,0.0,2.0,2.0,2.0,2.0,2.0,2.0,0.0,1.0,0.0,0.0,0.0,0.0,0.0,0.0,0.0,0.0,0.0,1.0,0.0,1.0,1.0,1.0,3.0,4.0,2.0,1.0,0.0,0.0,0.0,0.0,1.0,1.0,1.0,1.0,0.0,0.0,2.0,0.0,0.0,0.0,0.0,0.0,0.0,0.0,0.0,0.0,0.0,1.0,0.0,0.0,0.0,0.0,0.0,0.0,0.0,0.0,1.0,0.0,0.0,1.0,5.0,2.0,2.0,1.0,0.0,1.0,0.0,0.0,0.0,0.0,0.0,0.0,0.0,0.0,0.0,0.0,0.0,1.0,2.0,4.0,5.0,5.0,6.0,5.0,3.0,2.0,3.0,1.0,2.0,1.0,2.0,2.0,2.0,2.0,4.0,5.0
Downtown Brooklyn,Brooklyn,neighborhood,64.0,58.0,55.0,63.0,41.0,42.0,45.0,44.0,47.0,43.0,54.0,41.0,50.0,49.0,54.0,44.0,43.0,44.0,58.0,64.0,59.0,48.0,41.0,26.0,43.0,52.0,54.0,46.0,56.0,61.0,49.0,52.0,66.0,58.0,66.0,78.0,68.0,68.0,58.0,47.0,64.0,56.0,63.0,79.0,95.0,100.0,85.0,92.0,96.0,100.0,100.0,117.0,117.0,126.0,119.0,150.0,141.0,133.0,121.0,108.0,118.0,115.0,119.0,123.0,133.0,132.0,119.0,142.0,176.0,174.0,156.0,163.0,206.0,176.0,185.0,235.0,240.0,196.0,167.0,206.0,212.0,217.0,192.0,168.0,162.0,157.0,172.0,172.0,194.0,241.0,222.0,198.0,188.0,206.0,200.0,202.0,228.0,151.0,196.0,169.0,182.0,187.0,225.0,201.0,162.0,188.0,199.0,183.0,211.0,202.0,193.0,193.0,194.0,220.0,207.0,193.0,176.0,170.0,155.0,115.0,143.0,131.0,125.0,136.0,192.0,248.0,316.0,309.0,304.0,301.0,264.0,250.0,286.0,276.0,290.0,254.0,251.0,210.0,181.0,144.0,139.0,138.0,146.0,140.0,150.0,143.0,157.0,163.0,149.0,162.0,165.0,143.0,150.0,147.0,140.0,151.0,167.0,153.0,181.0,156.0,161.0,178.0,197.0,207.0,153.0,171.0,152.0,148.0,163.0,152.0,185.0,169.0,194.0,192.0,221.0,257.0,268.0,245.0,213.0,187.0,220.0,219.0,224.0,239.0,237.0,267.0,305.0,372.0,363.0,346.0,311.0,317.0,322.0,295.0,312.0,311.0,356.0,399.0,469.0,399.0
Dyker Heights,Brooklyn,neighborhood,3.0,3.0,5.0,5.0,5.0,3.0,3.0,5.0,5.0,5.0,5.0,4.0,3.0,7.0,8.0,12.0,8.0,8.0,6.0,7.0,8.0,6.0,2.0,2.0,7.0,3.0,2.0,2.0,2.0,0.0,1.0,0.0,0.0,0.0,1.0,2.0,2.0,5.0,5.0,3.0,5.0,5.0,1.0,0.0,1.0,1.0,2.0,1.0,0.0,3.0,5.0,5.0,3.0,7.0,11.0,7.0,9.0,8.0,11.0,11.0,15.0,7.0,5.0,7.0,10.0,11.0,9.0,9.0,5.0,5.0,9.0,8.0,5.0,4.0,8.0,11.0,13.0,8.0,6.0,8.0,5.0,3.0,4.0,3.0,1.0,3.0,8.0,13.0,14.0,20.0,23.0,11.0,10.0,6.0,8.0,6.0,4.0,9.0,16.0,11.0,11.0,18.0,18.0,23.0,14.0,10.0,12.0,13.0,22.0,20.0,18.0,24.0,22.0,18.0,12.0,30.0,23.0,17.0,9.0,11.0,7.0,8.0,7.0,4.0,8.0,8.0,9.0,13.0,17.0,19.0,12.0,12.0,19.0,20.0,21.0,22.0,15.0,28.0,28.0,15.0,11.0,22.0,23.0,15.0,19.0,14.0,11.0,13.0,9.0,7.0,9.0,8.0,10.0,10.0,5.0,1.0,7.0,5.0,7.0,10.0,7.0,4.0,5.0,11.0,4.0,8.0,9.0,5.0,3.0,5.0,6.0,5.0,3.0,12.0,5.0,7.0,5.0,6.0,9.0,4.0,9.0,8.0,12.0,8.0,6.0,7.0,2.0,4.0,9.0,8.0,5.0,5.0,7.0,5.0,5.0,7.0,8.0,6.0,5.0,1.0
East Elmhurst,Queens,neighborhood,0.0,0.0,0.0,0.0,0.0,0.0,0.0,0.0,0.0,0.0,0.0,0.0,0.0,0.0,0.0,0.0,0.0,0.0,0.0,0.0,0.0,0.0,1.0,1.0,1.0,1.0,1.0,1.0,0.0,0.0,0.0,0.0,0.0,0.0,0.0,0.0,0.0,0.0,0.0,0.0,0.0,0.0,1.0,1.0,0.0,0.0,0.0,0.0,0.0,0.0,0.0,1.0,0.0,0.0,0.0,0.0,0.0,0.0,0.0,0.0,1.0,2.0,1.0,1.0,1.0,2.0,3.0,0.0,0.0,0.0,0.0,0.0,0.0,0.0,0.0,0.0,0.0,0.0,0.0,0.0,0.0,0.0,0.0,0.0,0.0,0.0,0.0,1.0,0.0,0.0,0.0,0.0,1.0,0.0,3.0,1.0,1.0,2.0,1.0,1.0,0.0,0.0,0.0,3.0,1.0,1.0,0.0,0.0,0.0,1.0,2.0,1.0,0.0,1.0,0.0,1.0,1.0,0.0,1.0,2.0,2.0,1.0,0.0,0.0,3.0,6.0,4.0,3.0,0.0,0.0,0.0,0.0,0.0,0.0,0.0,0.0,0.0,0.0,0.0,0.0,0.0,1.0,5.0,3.0,5.0,1.0,3.0,5.0,2.0,3.0,0.0,0.0,3.0,0.0,2.0,3.0,3.0,2.0,2.0,0.0,2.0,2.0,0.0,3.0,4.0,3.0,2.0,1.0,1.0,1.0,0.0,1.0,1.0,0.0,1.0,1.0,0.0,1.0,1.0,1.0,1.0,1.0,0.0,0.0,0.0,0.0,0.0,0.0,3.0,7.0,3.0,1.0,0.0,0.0,2.0,2.0,0.0,0.0,1.0,0.0
East Flatbush,Brooklyn,neighborhood,8.0,7.0,6.0,5.0,1.0,1.0,0.0,0.0,1.0,0.0,0.0,3.0,6.0,3.0,3.0,1.0,2.0,3.0,2.0,1.0,1.0,2.0,1.0,1.0,1.0,3.0,3.0,3.0,2.0,3.0,4.0,6.0,5.0,5.0,3.0,4.0,4.0,5.0,8.0,6.0,4.0,4.0,7.0,5.0,5.0,10.0,9.0,12.0,13.0,18.0,15.0,12.0,8.0,11.0,24.0,34.0,43.0,42.0,31.0,25.0,26.0,35.0,53.0,43.0,43.0,51.0,43.0,36.0,47.0,61.0,71.0,63.0,36.0,34.0,42.0,43.0,44.0,47.0,41.0,49.0,57.0,44.0,48.0,52.0,65.0,59.0,65.0,43.0,60.0,75.0,71.0,46.0,50.0,58.0,57.0,63.0,55.0,54.0,40.0,48.0,41.0,27.0,58.0,49.0,33.0,61.0,51.0,51.0,68.0,47.0,55.0,47.0,55.0,64.0,72.0,75.0,68.0,59.0,58.0,45.0,65.0,58.0,48.0,34.0,38.0,61.0,56.0,77.0,72.0,67.0,72.0,53.0,79.0,63.0,65.0,50.0,65.0,91.0,85.0,95.0,60.0,65.0,85.0,72.0,66.0,83.0,67.0,32.0,60.0,91.0,90.0,102.0,85.0,51.0,78.0,71.0,54.0,47.0,54.0,41.0,56.0,61.0,59.0,72.0,66.0,66.0,58.0,69.0,75.0,87.0,73.0,72.0,103.0,97.0,109.0,106.0,100.0,67.0,54.0,74.0,75.0,46.0,58.0,75.0,80.0,96.0,78.0,67.0,67.0,84.0,79.0,92.0,70.0,68.0,59.0,71.0,62.0,92.0,95.0,87.0
East Harlem,Manhattan,neighborhood,45.0,42.0,45.0,40.0,37.0,40.0,48.0,65.0,55.0,42.0,33.0,31.0,33.0,30.0,37.0,39.0,44.0,56.0,55.0,79.0,49.0,42.0,41.0,30.0,35.0,48.0,48.0,49.0,59.0,72.0,63.0,71.0,66.0,66.0,58.0,49.0,72.0,52.0,58.0,58.0,69.0,72.0,93.0,108.0,102.0,96.0,101.0,97.0,88.0,85.0,108.0,126.0,144.0,155.0,166.0,197.0,185.0,158.0,131.0,120.0,127.0,120.0,128.0,145.0,151.0,139.0,193.0,207.0,185.0,159.0,145.0,130.0,137.0,160.0,132.0,137.0,145.0,150.0,150.0,185.0,173.0,142.0,120.0,100.0,131.0,136.0,128.0,123.0,144.0,157.0,157.0,159.0,169.0,191.0,175.0,128.0,153.0,156.0,160.0,175.0,182.0,177.0,188.0,202.0,164.0,211.0,193.0,159.0,166.0,141.0,155.0,177.0,192.0,177.0,160.0,176.0,140.0,139.0,142.0,121.0,133.0,121.0,96.0,87.0,133.0,182.0,194.0,200.0,234.0,273.0,264.0,238.0,247.0,230.0,253.0,252.0,226.0,247.0,256.0,221.0,175.0,162.0,148.0,132.0,134.0,107.0,122.0,127.0,133.0,141.0,167.0,158.0,140.0,128.0,120.0,108.0,144.0,110.0,125.0,124.0,158.0,183.0,208.0,212.0,208.0,203.0,196.0,141.0,150.0,138.0,152.0,145.0,167.0,201.0,172.0,164.0,174.0,149.0,130.0,118.0,122.0,118.0,125.0,118.0,131.0,130.0,175.0,157.0,165.0,140.0,123.0,101.0,129.0,131.0,138.0,105.0,98.0,125.0,128.0,134.0
East New York,Brooklyn,neighborhood,2.0,2.0,2.0,2.0,0.0,0.0,0.0,0.0,1.0,0.0,0.0,0.0,0.0,1.0,2.0,2.0,1.0,2.0,1.0,1.0,0.0,0.0,0.0,0.0,3.0,3.0,7.0,4.0,2.0,2.0,2.0,2.0,4.0,3.0,2.0,3.0,11.0,9.0,1.0,1.0,1.0,0.0,0.0,2.0,3.0,5.0,3.0,2.0,4.0,6.0,10.0,6.0,3.0,4.0,7.0,5.0,6.0,1.0,4.0,4.0,4.0,8.0,7.0,8.0,8.0,7.0,7.0,9.0,8.0,9.0,4.0,4.0,5.0,5.0,4.0,10.0,14.0,6.0,9.0,5.0,5.0,7.0,7.0,11.0,12.0,12.0,14.0,18.0,16.0,26.0,20.0,8.0,14.0,20.0,14.0,9.0,7.0,11.0,9.0,16.0,19.0,11.0,6.0,12.0,15.0,13.0,14.0,4.0,10.0,10.0,17.0,25.0,20.0,19.0,21.0,25.0,19.0,27.0,22.0,24.0,22.0,17.0,16.0,4.0,8.0,6.0,11.0,17.0,16.0,15.0,17.0,16.0,15.0,11.0,14.0,16.0,16.0,22.0,15.0,15.0,16.0,23.0,24.0,12.0,19.0,25.0,27.0,32.0,38.0,31.0,28.0,20.0,31.0,13.0,26.0,16.0,27.0,28.0,16.0,11.0,20.0,16.0,8.0,17.0,19.0,14.0,13.0,17.0,16.0,34.0,37.0,31.0,41.0,37.0,35.0,27.0,24.0,28.0,12.0,14.0,17.0,21.0,32.0,24.0,27.0,19.0,26.0,26.0,30.0,31.0,25.0,27.0,35.0,25.0,24.0,28.0,42.0,43.0,41.0,38.0
East Tremont,Bronx,neighborhood,0.0,0.0,0.0,0.0,0.0,0.0,0.0,0.0,0.0,0.0,0.0,0.0,0.0,0.0,1.0,1.0,1.0,1.0,1.0,1.0,0.0,0.0,0.0,0.0,0.0,0.0,0.0,0.0,0.0,3.0,3.0,3.0,3.0,3.0,1.0,0.0,0.0,0.0,0.0,0.0,0.0,0.0,0.0,0.0,0.0,0.0,0.0,0.0,0.0,7.0,7.0,11.0,5.0,2.0,12.0,13.0,6.0,3.0,3.0,6.0,7.0,9.0,7.0,3.0,6.0,6.0,1.0,2.0,0.0,1.0,7.0,6.0,4.0,1.0,3.0,3.0,2.0,2.0,2.0,1.0,3.0,3.0,4.0,6.0,5.0,7.0,6.0,4.0,5.0,4.0,2.0,0.0,2.0,5.0,2.0,3.0,3.0,3.0,4.0,4.0,3.0,3.0,3.0,3.0,3.0,3.0,3.0,6.0,5.0,3.0,9.0,11.0,10.0,8.0,7.0,6.0,4.0,4.0,4.0,5.0,3.0,2.0,1.0,0.0,2.0,5.0,3.0,5.0,7.0,14.0,11.0,8.0,5.0,1.0,4.0,1.0,3.0,8.0,5.0,5.0,5.0,3.0,2.0,0.0,5.0,4.0,3.0,2.0,6.0,4.0,5.0,3.0,3.0,5.0,7.0,7.0,9.0,4.0,0.0,1.0,1.0,9.0,5.0,6.0,2.0,3.0,7.0,9.0,6.0,5.0,9.0,2.0,0.0,2.0,2.0,2.0,1.0,2.0,2.0,1.0,4.0,7.0,1.0,1.0,4.0,4.0,2.0,2.0,1.0,1.0,0.0,4.0,2.0,4.0,2.0,1.0,4.0,1.0,1.0,4.0
East Village,Manhattan,neighborhood,196.0,211.0,206.0,190.0,198.0,193.0,162.0,156.0,132.0,129.0,131.0,135.0,137.0,134.0,155.0,159.0,155.0,190.0,191.0,183.0,123.0,140.0,137.0,142.0,166.0,194.0,206.0,239.0,253.0,263.0,302.0,281.0,217.0,195.0,189.0,179.0,208.0,204.0,234.0,251.0,294.0,330.0,321.0,337.0,303.0,291.0,231.0,236.0,270.0,265.0,310.0,334.0,355.0,389.0,431.0,407.0,375.0,358.0,313.0,312.0,357.0,316.0,366.0,405.0,395.0,471.0,482.0,386.0,340.0,346.0,334.0,291.0,349.0,349.0,380.0,411.0,462.0,484.0,493.0,528.0,456.0,461.0,387.0,349.0,412.0,388.0,464.0,481.0,561.0,613.0,622.0,512.0,458.0,408.0,341.0,323.0,312.0,319.0,369.0,385.0,440.0,494.0,512.0,508.0,390.0,357.0,301.0,257.0,319.0,316.0,400.0,452.0,492.0,510.0,509.0,509.0,379.0,297.0,263.0,254.0,260.0,237.0,209.0,263.0,438.0,628.0,841.0,936.0,864.0,887.0,783.0,686.0,684.0,578.0,591.0,541.0,453.0,435.0,375.0,320.0,245.0,200.0,195.0,173.0,205.0,172.0,214.0,208.0,274.0,332.0,347.0,373.0,309.0,266.0,246.0,243.0,297.0,243.0,307.0,320.0,385.0,411.0,481.0,484.0,412.0,403.0,324.0,281.0,296.0,243.0,269.0,297.0,356.0,404.0,493.0,477.0,400.0,357.0,275.0,234.0,232.0,217.0,266.0,289.0,380.0,393.0,418.0,357.0,276.0,223.0,203.0,191.0,209.0,210.0,283.0,280.0,311.0,365.0,416.0,344.0
Eastchester,Bronx,neighborhood,0.0,0.0,0.0,0.0,0.0,0.0,0.0,0.0,0.0,0.0,0.0,0.0,0.0,0.0,0.0,0.0,0.0,0.0,0.0,0.0,0.0,0.0,0.0,0.0,0.0,0.0,0.0,0.0,0.0,0.0,0.0,0.0,0.0,0.0,0.0,0.0,0.0,0.0,0.0,0.0,0.0,0.0,0.0,0.0,0.0,0.0,0.0,0.0,0.0,0.0,0.0,0.0,0.0,0.0,0.0,0.0,0.0,0.0,0.0,0.0,0.0,0.0,0.0,0.0,0.0,0.0,0.0,0.0,0.0,0.0,0.0,0.0,0.0,0.0,0.0,0.0,0.0,0.0,0.0,0.0,0.0,0.0,0.0,0.0,0.0,0.0,1.0,0.0,0.0,0.0,0.0,0.0,0.0,0.0,0.0,0.0,0.0,0.0,0.0,0.0,0.0,0.0,0.0,0.0,1.0,3.0,1.0,1.0,0.0,0.0,0.0,0.0,0.0,0.0,0.0,0.0,0.0,0.0,0.0,0.0,0.0,2.0,1.0,0.0,0.0,0.0,0.0,0.0,0.0,0.0,0.0,1.0,2.0,1.0,1.0,0.0,0.0,0.0,0.0,0.0,0.0,0.0,0.0,0.0,0.0,0.0,0.0,0.0,0.0,0.0,0.0,0.0,0.0,0.0,0.0,0.0,0.0,0.0,0.0,0.0,0.0,0.0,1.0,1.0,0.0,0.0,0.0,0.0,0.0,0.0,0.0,0.0,0.0,0.0,0.0,0.0,0.0,0.0,0.0,0.0,0.0,0.0,0.0,0.0,0.0,0.0,0.0,0.0,0.0,0.0,0.0,0.0,0.0,0.0,0.0,0.0,0.0,0.0,0.0,0.0
Edenwald,Bronx,neighborhood,0.0,0.0,0.0,0.0,0.0,0.0,0.0,0.0,0.0,0.0,0.0,0.0,0.0,0.0,0.0,0.0,0.0,0.0,0.0,0.0,0.0,0.0,0.0,0.0,0.0,0.0,0.0,0.0,0.0,0.0,0.0,0.0,0.0,0.0,0.0,0.0,0.0,0.0,0.0,0.0,0.0,0.0,0.0,0.0,0.0,0.0,0.0,0.0,0.0,0.0,0.0,0.0,0.0,0.0,0.0,0.0,0.0,0.0,0.0,0.0,0.0,0.0,0.0,0.0,0.0,0.0,0.0,0.0,0.0,0.0,0.0,0.0,0.0,0.0,0.0,0.0,0.0,0.0,1.0,0.0,0.0,0.0,0.0,0.0,0.0,0.0,0.0,0.0,0.0,1.0,1.0,0.0,0.0,0.0,0.0,0.0,0.0,0.0,0.0,0.0,0.0,0.0,0.0,0.0,0.0,0.0,0.0,0.0,0.0,0.0,0.0,0.0,0.0,0.0,0.0,0.0,0.0,0.0,0.0,0.0,0.0,0.0,0.0,0.0,0.0,0.0,0.0,0.0,0.0,0.0,0.0,0.0,0.0,0.0,0.0,0.0,0.0,0.0,0.0,0.0,0.0,0.0,0.0,0.0,0.0,0.0,0.0,0.0,0.0,0.0,1.0,1.0,0.0,1.0,0.0,1.0,0.0,0.0,1.0,0.0,0.0,1.0,1.0,1.0,1.0,1.0,2.0,1.0,1.0,1.0,3.0,3.0,1.0,0.0,1.0,0.0,0.0,0.0,0.0,0.0,0.0,0.0,0.0,0.0,0.0,0.0,0.0,0.0,0.0,1.0,1.0,0.0,0.0,0.0,0.0,0.0,0.0,0.0,0.0,0.0
Elmhurst,Queens,neighborhood,4.0,5.0,5.0,4.0,2.0,3.0,5.0,3.0,3.0,2.0,1.0,2.0,3.0,2.0,1.0,2.0,2.0,4.0,3.0,5.0,2.0,1.0,4.0,2.0,1.0,2.0,2.0,2.0,0.0,0.0,2.0,6.0,5.0,46.0,40.0,36.0,26.0,26.0,28.0,23.0,14.0,11.0,15.0,13.0,9.0,18.0,22.0,16.0,19.0,17.0,15.0,10.0,21.0,24.0,18.0,18.0,26.0,27.0,26.0,19.0,13.0,10.0,13.0,14.0,18.0,12.0,19.0,26.0,28.0,29.0,28.0,29.0,32.0,31.0,29.0,27.0,30.0,26.0,28.0,28.0,28.0,27.0,34.0,23.0,24.0,37.0,42.0,46.0,45.0,66.0,66.0,28.0,37.0,35.0,39.0,37.0,40.0,36.0,40.0,42.0,41.0,61.0,45.0,36.0,26.0,50.0,45.0,40.0,54.0,41.0,47.0,46.0,49.0,46.0,40.0,44.0,53.0,53.0,34.0,42.0,53.0,46.0,30.0,15.0,16.0,49.0,54.0,66.0,77.0,67.0,73.0,53.0,73.0,67.0,59.0,61.0,60.0,49.0,50.0,49.0,55.0,41.0,45.0,39.0,39.0,37.0,34.0,29.0,35.0,30.0,37.0,54.0,45.0,34.0,33.0,30.0,35.0,42.0,33.0,40.0,31.0,32.0,40.0,33.0,29.0,28.0,29.0,22.0,31.0,23.0,18.0,17.0,20.0,34.0,25.0,28.0,27.0,23.0,37.0,22.0,23.0,17.0,18.0,20.0,28.0,19.0,22.0,23.0,46.0,55.0,48.0,35.0,42.0,46.0,37.0,30.0,30.0,35.0,35.0,37.0
Financial District,Manhattan,neighborhood,206.0,217.0,212.0,214.0,190.0,188.0,182.0,186.0,178.0,200.0,192.0,218.0,240.0,227.0,261.0,250.0,259.0,290.0,275.0,269.0,264.0,235.0,271.0,266.0,294.0,260.0,300.0,291.0,282.0,264.0,271.0,288.0,248.0,292.0,261.0,283.0,313.0,351.0,387.0,413.0,431.0,430.0,449.0,448.0,445.0,473.0,448.0,428.0,435.0,438.0,425.0,456.0,436.0,385.0,371.0,370.0,347.0,326.0,316.0,326.0,347.0,345.0,356.0,340.0,381.0,374.0,334.0,339.0,320.0,328.0,308.0,322.0,332.0,356.0,366.0,391.0,361.0,357.0,356.0,369.0,336.0,331.0,290.0,305.0,322.0,317.0,335.0,337.0,333.0,369.0,346.0,326.0,316.0,275.0,281.0,273.0,299.0,265.0,244.0,259.0,245.0,245.0,249.0,243.0,226.0,213.0,191.0,189.0,226.0,224.0,267.0,269.0,271.0,279.0,262.0,247.0,249.0,245.0,227.0,208.0,226.0,205.0,189.0,195.0,268.0,338.0,427.0,479.0,489.0,493.0,460.0,409.0,417.0,409.0,401.0,382.0,335.0,312.0,272.0,206.0,170.0,179.0,155.0,141.0,172.0,176.0,177.0,135.0,159.0,181.0,227.0,251.0,230.0,236.0,262.0,262.0,270.0,224.0,251.0,238.0,239.0,204.0,240.0,270.0,254.0,267.0,266.0,256.0,277.0,311.0,280.0,300.0,286.0,273.0,282.0,241.0,240.0,268.0,251.0,242.0,272.0,239.0,269.0,276.0,270.0,275.0,308.0,327.0,277.0,261.0,212.0,232.0,240.0,261.0,264.0,270.0,292.0,306.0,305.0,307.0
Flatbush,Brooklyn,neighborhood,2.0,4.0,3.0,4.0,4.0,6.0,3.0,7.0,8.0,7.0,7.0,5.0,3.0,7.0,6.0,3.0,2.0,3.0,2.0,3.0,7.0,9.0,11.0,8.0,5.0,3.0,5.0,2.0,0.0,5.0,10.0,14.0,9.0,13.0,8.0,6.0,8.0,8.0,9.0,16.0,12.0,18.0,23.0,31.0,31.0,30.0,18.0,22.0,22.0,20.0,15.0,16.0,21.0,30.0,46.0,80.0,99.0,114.0,121.0,94.0,72.0,79.0,66.0,82.0,95.0,101.0,81.0,68.0,68.0,69.0,61.0,59.0,59.0,65.0,73.0,74.0,77.0,85.0,93.0,111.0,122.0,101.0,114.0,116.0,136.0,115.0,135.0,126.0,119.0,118.0,142.0,135.0,114.0,109.0,117.0,90.0,94.0,110.0,105.0,99.0,108.0,117.0,133.0,130.0,104.0,185.0,184.0,202.0,205.0,140.0,177.0,159.0,146.0,138.0,126.0,142.0,120.0,127.0,120.0,91.0,114.0,105.0,103.0,109.0,141.0,154.0,186.0,205.0,196.0,236.0,247.0,213.0,204.0,185.0,196.0,199.0,210.0,213.0,182.0,204.0,140.0,168.0,203.0,179.0,165.0,147.0,172.0,163.0,196.0,177.0,223.0,195.0,192.0,166.0,185.0,199.0,206.0,211.0,237.0,194.0,213.0,209.0,246.0,262.0,203.0,173.0,179.0,159.0,170.0,179.0,202.0,216.0,262.0,251.0,280.0,280.0,315.0,247.0,243.0,214.0,245.0,227.0,196.0,198.0,258.0,258.0,293.0,334.0,303.0,240.0,198.0,215.0,233.0,208.0,280.0,291.0,306.0,364.0,369.0,296.0
Flatiron,Manhattan,neighborhood,109.0,93.0,92.0,99.0,105.0,115.0,93.0,99.0,93.0,98.0,114.0,97.0,103.0,96.0,124.0,109.0,113.0,110.0,110.0,106.0,101.0,129.0,123.0,89.0,93.0,94.0,101.0,102.0,116.0,129.0,133.0,140.0,129.0,144.0,128.0,126.0,138.0,138.0,168.0,168.0,155.0,139.0,157.0,163.0,193.0,378.0,605.0,422.0,375.0,355.0,283.0,211.0,216.0,173.0,177.0,167.0,184.0,188.0,179.0,195.0,245.0,208.0,277.0,286.0,274.0,254.0,245.0,250.0,232.0,236.0,192.0,196.0,192.0,186.0,232.0,219.0,254.0,236.0,213.0,207.0,211.0,230.0,227.0,215.0,227.0,185.0,237.0,242.0,262.0,253.0,222.0,182.0,165.0,194.0,170.0,164.0,196.0,196.0,217.0,213.0,211.0,213.0,183.0,162.0,123.0,147.0,147.0,138.0,154.0,150.0,173.0,184.0,219.0,214.0,189.0,158.0,164.0,140.0,144.0,144.0,159.0,153.0,124.0,128.0,221.0,310.0,407.0,453.0,409.0,390.0,340.0,341.0,343.0,281.0,292.0,242.0,199.0,186.0,147.0,165.0,116.0,110.0,114.0,118.0,133.0,101.0,130.0,162.0,178.0,166.0,193.0,188.0,178.0,164.0,167.0,157.0,188.0,198.0,193.0,195.0,208.0,215.0,179.0,157.0,160.0,159.0,152.0,142.0,164.0,145.0,136.0,157.0,158.0,163.0,178.0,155.0,108.0,106.0,120.0,104.0,126.0,102.0,124.0,130.0,151.0,164.0,171.0,155.0,129.0,126.0,113.0,132.0,123.0,110.0,112.0,120.0,126.0,138.0,144.0,138.0
Flatlands,Brooklyn,neighborhood,0.0,0.0,0.0,0.0,0.0,0.0,0.0,0.0,0.0,0.0,0.0,0.0,0.0,1.0,2.0,2.0,2.0,2.0,2.0,0.0,1.0,1.0,0.0,0.0,0.0,0.0,0.0,0.0,0.0,0.0,0.0,0.0,0.0,1.0,1.0,1.0,2.0,1.0,1.0,2.0,2.0,0.0,0.0,0.0,0.0,1.0,1.0,2.0,1.0,0.0,1.0,1.0,1.0,1.0,1.0,1.0,1.0,2.0,2.0,1.0,0.0,0.0,1.0,0.0,0.0,0.0,0.0,2.0,1.0,0.0,0.0,1.0,1.0,2.0,2.0,2.0,1.0,0.0,1.0,0.0,2.0,1.0,0.0,0.0,2.0,3.0,1.0,1.0,3.0,3.0,4.0,0.0,1.0,0.0,4.0,3.0,4.0,2.0,1.0,0.0,0.0,0.0,2.0,3.0,5.0,7.0,4.0,5.0,4.0,2.0,5.0,1.0,4.0,3.0,6.0,3.0,1.0,2.0,2.0,1.0,1.0,2.0,1.0,0.0,1.0,2.0,2.0,1.0,1.0,0.0,1.0,0.0,4.0,3.0,5.0,7.0,6.0,6.0,2.0,3.0,5.0,4.0,0.0,3.0,3.0,1.0,2.0,8.0,3.0,1.0,4.0,2.0,0.0,2.0,3.0,2.0,4.0,3.0,7.0,4.0,6.0,4.0,1.0,1.0,1.0,2.0,4.0,4.0,2.0,0.0,0.0,1.0,2.0,0.0,1.0,3.0,5.0,3.0,3.0,0.0,2.0,2.0,1.0,1.0,1.0,1.0,1.0,3.0,2.0,2.0,1.0,1.0,1.0,2.0,6.0,2.0,2.0,0.0,2.0,1.0
Floral Park,Queens,neighborhood,0.0,0.0,0.0,0.0,0.0,0.0,0.0,0.0,0.0,0.0,0.0,0.0,0.0,0.0,0.0,0.0,0.0,0.0,0.0,0.0,0.0,0.0,0.0,0.0,0.0,0.0,0.0,0.0,0.0,0.0,0.0,0.0,0.0,0.0,0.0,0.0,1.0,1.0,1.0,0.0,0.0,0.0,0.0,0.0,0.0,0.0,0.0,0.0,0.0,0.0,0.0,0.0,0.0,0.0,0.0,0.0,0.0,0.0,0.0,0.0,0.0,0.0,0.0,0.0,0.0,0.0,0.0,0.0,0.0,0.0,0.0,0.0,0.0,0.0,0.0,0.0,0.0,0.0,0.0,0.0,0.0,0.0,0.0,0.0,1.0,1.0,1.0,0.0,0.0,0.0,0.0,0.0,0.0,0.0,0.0,0.0,0.0,0.0,0.0,0.0,0.0,0.0,0.0,0.0,0.0,0.0,0.0,0.0,0.0,1.0,1.0,2.0,2.0,1.0,1.0,1.0,1.0,0.0,0.0,0.0,0.0,0.0,0.0,0.0,0.0,0.0,0.0,0.0,0.0,0.0,0.0,0.0,0.0,0.0,0.0,0.0,0.0,0.0,0.0,0.0,0.0,0.0,0.0,0.0,0.0,0.0,0.0,0.0,0.0,0.0,0.0,0.0,0.0,0.0,0.0,0.0,0.0,0.0,0.0,0.0,0.0,0.0,0.0,0.0,0.0,0.0,0.0,0.0,0.0,0.0,0.0,0.0,0.0,0.0,0.0,0.0,0.0,0.0,0.0,0.0,1.0,0.0,0.0,0.0,1.0,0.0,0.0,0.0,0.0,0.0,0.0,0.0,0.0,0.0,0.0,0.0,0.0,0.0,0.0,0.0
Flushing,Queens,neighborhood,7.0,7.0,5.0,6.0,8.0,5.0,6.0,3.0,6.0,6.0,4.0,8.0,9.0,9.0,11.0,11.0,14.0,15.0,17.0,15.0,14.0,28.0,20.0,9.0,10.0,8.0,8.0,8.0,13.0,17.0,29.0,15.0,17.0,13.0,12.0,11.0,16.0,15.0,19.0,19.0,13.0,13.0,12.0,10.0,8.0,11.0,13.0,14.0,21.0,24.0,24.0,19.0,24.0,31.0,30.0,29.0,28.0,23.0,24.0,39.0,42.0,30.0,28.0,33.0,30.0,34.0,47.0,44.0,53.0,42.0,42.0,46.0,41.0,28.0,38.0,33.0,29.0,45.0,60.0,62.0,55.0,44.0,41.0,34.0,55.0,64.0,104.0,114.0,131.0,161.0,173.0,95.0,74.0,68.0,54.0,73.0,70.0,66.0,72.0,67.0,86.0,80.0,96.0,75.0,76.0,93.0,80.0,87.0,94.0,89.0,88.0,89.0,120.0,106.0,91.0,103.0,84.0,86.0,89.0,66.0,69.0,59.0,42.0,33.0,43.0,72.0,104.0,130.0,79.0,80.0,78.0,76.0,115.0,95.0,121.0,114.0,90.0,74.0,80.0,74.0,65.0,61.0,89.0,74.0,80.0,74.0,107.0,104.0,90.0,103.0,91.0,87.0,82.0,87.0,64.0,70.0,81.0,93.0,100.0,78.0,60.0,56.0,70.0,75.0,57.0,57.0,57.0,65.0,68.0,52.0,72.0,50.0,64.0,60.0,73.0,69.0,60.0,80.0,75.0,88.0,78.0,89.0,93.0,82.0,94.0,88.0,86.0,60.0,60.0,68.0,64.0,59.0,68.0,85.0,104.0,108.0,108.0,105.0,73.0,73.0
Fordham,Bronx,neighborhood,0.0,0.0,0.0,0.0,0.0,0.0,1.0,1.0,0.0,0.0,0.0,0.0,0.0,0.0,0.0,0.0,0.0,0.0,0.0,0.0,0.0,0.0,0.0,0.0,1.0,1.0,1.0,0.0,0.0,3.0,3.0,4.0,6.0,5.0,4.0,1.0,1.0,1.0,0.0,0.0,0.0,2.0,2.0,1.0,2.0,4.0,4.0,3.0,4.0,4.0,1.0,1.0,3.0,3.0,8.0,7.0,7.0,3.0,4.0,7.0,5.0,8.0,5.0,7.0,9.0,15.0,12.0,6.0,6.0,11.0,14.0,12.0,11.0,11.0,12.0,8.0,9.0,12.0,15.0,13.0,15.0,17.0,22.0,15.0,22.0,19.0,12.0,18.0,22.0,22.0,12.0,8.0,10.0,10.0,13.0,10.0,12.0,17.0,12.0,17.0,21.0,22.0,24.0,20.0,14.0,16.0,13.0,11.0,14.0,18.0,21.0,20.0,23.0,12.0,13.0,19.0,15.0,17.0,20.0,10.0,11.0,8.0,11.0,4.0,4.0,14.0,19.0,19.0,12.0,9.0,9.0,12.0,14.0,16.0,19.0,5.0,5.0,9.0,8.0,12.0,15.0,24.0,26.0,19.0,20.0,18.0,17.0,11.0,14.0,16.0,20.0,18.0,22.0,19.0,18.0,18.0,20.0,16.0,24.0,17.0,26.0,12.0,13.0,20.0,18.0,30.0,21.0,13.0,13.0,18.0,15.0,18.0,20.0,30.0,31.0,21.0,19.0,18.0,9.0,12.0,19.0,18.0,19.0,14.0,13.0,10.0,11.0,15.0,13.0,13.0,9.0,9.0,7.0,8.0,11.0,10.0,7.0,14.0,12.0,7.0
Forest Hills,Queens,neighborhood,31.0,29.0,34.0,35.0,24.0,23.0,21.0,19.0,24.0,25.0,30.0,28.0,28.0,26.0,38.0,41.0,48.0,43.0,41.0,40.0,35.0,49.0,39.0,45.0,41.0,31.0,36.0,38.0,37.0,27.0,35.0,36.0,38.0,42.0,37.0,28.0,41.0,40.0,42.0,38.0,34.0,32.0,28.0,32.0,25.0,47.0,59.0,56.0,55.0,52.0,56.0,67.0,94.0,82.0,80.0,64.0,59.0,89.0,74.0,70.0,85.0,113.0,127.0,106.0,98.0,82.0,104.0,102.0,106.0,112.0,120.0,86.0,67.0,71.0,83.0,83.0,94.0,109.0,105.0,111.0,105.0,108.0,103.0,102.0,127.0,146.0,189.0,168.0,199.0,187.0,193.0,111.0,121.0,111.0,104.0,111.0,123.0,100.0,108.0,130.0,152.0,176.0,170.0,152.0,136.0,146.0,147.0,147.0,134.0,136.0,156.0,165.0,174.0,151.0,161.0,135.0,129.0,145.0,123.0,110.0,127.0,105.0,104.0,46.0,83.0,115.0,165.0,181.0,170.0,178.0,169.0,159.0,195.0,182.0,198.0,184.0,173.0,196.0,191.0,214.0,176.0,170.0,155.0,126.0,121.0,109.0,161.0,106.0,94.0,111.0,105.0,98.0,89.0,100.0,97.0,87.0,76.0,79.0,79.0,71.0,84.0,93.0,96.0,110.0,104.0,133.0,105.0,94.0,94.0,105.0,88.0,93.0,97.0,82.0,93.0,112.0,89.0,107.0,100.0,106.0,113.0,110.0,148.0,125.0,123.0,117.0,95.0,87.0,96.0,100.0,99.0,87.0,101.0,81.0,93.0,79.0,90.0,103.0,96.0,117.0
Fort Greene,Brooklyn,neighborhood,37.0,42.0,34.0,33.0,23.0,22.0,22.0,21.0,16.0,16.0,23.0,20.0,24.0,22.0,15.0,17.0,23.0,31.0,31.0,25.0,18.0,20.0,20.0,19.0,22.0,24.0,25.0,22.0,27.0,44.0,45.0,37.0,22.0,24.0,23.0,19.0,22.0,20.0,21.0,22.0,28.0,29.0,32.0,39.0,35.0,27.0,43.0,47.0,67.0,78.0,63.0,44.0,71.0,77.0,71.0,56.0,83.0,67.0,50.0,49.0,52.0,67.0,58.0,67.0,75.0,56.0,79.0,94.0,103.0,110.0,74.0,73.0,67.0,70.0,81.0,79.0,75.0,72.0,92.0,122.0,123.0,103.0,123.0,112.0,153.0,119.0,128.0,113.0,135.0,153.0,155.0,95.0,109.0,105.0,100.0,84.0,79.0,92.0,88.0,74.0,88.0,93.0,86.0,96.0,101.0,84.0,77.0,72.0,72.0,70.0,83.0,97.0,83.0,95.0,101.0,80.0,74.0,86.0,64.0,59.0,66.0,58.0,63.0,44.0,90.0,138.0,152.0,169.0,191.0,188.0,146.0,129.0,123.0,100.0,126.0,126.0,111.0,105.0,87.0,80.0,58.0,52.0,55.0,68.0,58.0,63.0,57.0,67.0,64.0,65.0,53.0,71.0,53.0,42.0,44.0,39.0,59.0,49.0,69.0,62.0,87.0,90.0,82.0,78.0,75.0,68.0,58.0,65.0,70.0,78.0,56.0,62.0,76.0,66.0,68.0,77.0,67.0,66.0,49.0,50.0,51.0,46.0,52.0,69.0,102.0,119.0,124.0,129.0,140.0,110.0,93.0,105.0,102.0,82.0,89.0,89.0,97.0,104.0,103.0,103.0
Fresh Meadows,Queens,neighborhood,0.0,0.0,0.0,0.0,0.0,0.0,0.0,0.0,0.0,0.0,0.0,0.0,0.0,0.0,0.0,0.0,0.0,0.0,0.0,0.0,1.0,1.0,0.0,0.0,0.0,0.0,0.0,0.0,0.0,0.0,0.0,0.0,0.0,0.0,0.0,0.0,1.0,1.0,1.0,1.0,0.0,0.0,0.0,0.0,0.0,0.0,0.0,1.0,1.0,1.0,1.0,1.0,2.0,2.0,2.0,2.0,2.0,3.0,1.0,1.0,0.0,0.0,0.0,2.0,2.0,0.0,2.0,1.0,1.0,1.0,1.0,1.0,1.0,1.0,1.0,1.0,1.0,1.0,1.0,2.0,2.0,1.0,1.0,1.0,2.0,3.0,4.0,4.0,5.0,2.0,2.0,2.0,1.0,1.0,1.0,0.0,0.0,1.0,1.0,1.0,1.0,1.0,1.0,2.0,3.0,0.0,1.0,3.0,1.0,2.0,0.0,4.0,3.0,4.0,1.0,1.0,0.0,0.0,2.0,0.0,1.0,4.0,3.0,0.0,5.0,0.0,0.0,2.0,2.0,4.0,1.0,0.0,1.0,0.0,3.0,1.0,0.0,0.0,2.0,1.0,0.0,1.0,0.0,1.0,1.0,2.0,1.0,5.0,6.0,1.0,1.0,0.0,0.0,0.0,0.0,0.0,0.0,0.0,0.0,0.0,0.0,1.0,14.0,16.0,6.0,3.0,6.0,7.0,12.0,13.0,19.0,13.0,14.0,14.0,13.0,13.0,10.0,19.0,11.0,4.0,6.0,9.0,17.0,19.0,29.0,29.0,18.0,13.0,10.0,9.0,17.0,15.0,12.0,14.0,18.0,17.0,9.0,18.0,36.0,33.0
Gerritsen Beach,Brooklyn,neighborhood,0.0,0.0,0.0,0.0,0.0,0.0,0.0,0.0,0.0,0.0,0.0,0.0,0.0,0.0,0.0,0.0,0.0,0.0,0.0,0.0,0.0,0.0,0.0,0.0,0.0,0.0,0.0,0.0,0.0,0.0,0.0,0.0,0.0,0.0,0.0,0.0,0.0,0.0,0.0,0.0,0.0,0.0,0.0,0.0,0.0,0.0,0.0,0.0,0.0,0.0,0.0,0.0,0.0,0.0,0.0,0.0,0.0,0.0,0.0,0.0,0.0,0.0,0.0,0.0,0.0,0.0,0.0,0.0,0.0,0.0,0.0,0.0,0.0,0.0,0.0,0.0,0.0,0.0,0.0,0.0,0.0,0.0,0.0,0.0,0.0,2.0,2.0,2.0,0.0,0.0,1.0,0.0,0.0,0.0,0.0,0.0,0.0,1.0,1.0,0.0,0.0,0.0,0.0,0.0,0.0,0.0,0.0,0.0,0.0,0.0,0.0,0.0,0.0,0.0,0.0,1.0,1.0,0.0,1.0,0.0,0.0,0.0,0.0,0.0,0.0,0.0,0.0,0.0,0.0,0.0,0.0,0.0,0.0,0.0,0.0,0.0,0.0,0.0,0.0,0.0,0.0,1.0,1.0,1.0,0.0,0.0,0.0,0.0,0.0,0.0,0.0,0.0,0.0,0.0,0.0,0.0,0.0,0.0,0.0,0.0,0.0,0.0,0.0,0.0,0.0,0.0,0.0,1.0,0.0,1.0,1.0,0.0,0.0,0.0,0.0,0.0,0.0,1.0,1.0,0.0,0.0,0.0,0.0,0.0,0.0,0.0,0.0,0.0,0.0,0.0,0.0,0.0,0.0,0.0,0.0,0.0,0.0,0.0,0.0,0.0
Glen Oaks,Queens,neighborhood,0.0,0.0,0.0,0.0,0.0,0.0,0.0,0.0,0.0,0.0,0.0,0.0,0.0,0.0,0.0,0.0,0.0,2.0,3.0,1.0,0.0,1.0,3.0,3.0,2.0,1.0,1.0,1.0,1.0,7.0,10.0,4.0,5.0,7.0,2.0,0.0,0.0,0.0,0.0,0.0,0.0,0.0,0.0,0.0,2.0,4.0,7.0,5.0,8.0,8.0,4.0,6.0,2.0,1.0,1.0,1.0,0.0,1.0,2.0,1.0,0.0,1.0,1.0,1.0,3.0,2.0,1.0,1.0,0.0,2.0,3.0,2.0,2.0,2.0,1.0,0.0,0.0,0.0,0.0,0.0,0.0,1.0,1.0,1.0,0.0,0.0,0.0,1.0,1.0,0.0,0.0,0.0,1.0,2.0,2.0,4.0,5.0,4.0,3.0,2.0,0.0,1.0,0.0,0.0,0.0,0.0,3.0,2.0,3.0,0.0,0.0,0.0,0.0,0.0,0.0,0.0,2.0,5.0,1.0,0.0,2.0,2.0,0.0,0.0,0.0,1.0,1.0,3.0,1.0,3.0,6.0,4.0,1.0,1.0,1.0,2.0,2.0,2.0,1.0,1.0,0.0,2.0,2.0,2.0,1.0,0.0,2.0,0.0,0.0,0.0,1.0,1.0,1.0,2.0,2.0,0.0,1.0,3.0,2.0,0.0,0.0,3.0,5.0,4.0,2.0,2.0,2.0,2.0,3.0,3.0,2.0,3.0,3.0,3.0,2.0,1.0,5.0,5.0,4.0,7.0,3.0,2.0,0.0,0.0,1.0,2.0,1.0,1.0,2.0,2.0,2.0,2.0,0.0,1.0,2.0,3.0,3.0,2.0,2.0,2.0
Glendale,Queens,neighborhood,0.0,0.0,0.0,0.0,0.0,0.0,0.0,0.0,1.0,1.0,1.0,1.0,1.0,1.0,1.0,1.0,3.0,3.0,3.0,3.0,0.0,0.0,1.0,2.0,1.0,2.0,3.0,2.0,0.0,3.0,3.0,0.0,0.0,2.0,3.0,3.0,3.0,3.0,2.0,0.0,0.0,1.0,2.0,1.0,2.0,2.0,3.0,2.0,2.0,2.0,0.0,1.0,1.0,1.0,2.0,1.0,1.0,0.0,1.0,0.0,2.0,4.0,3.0,2.0,3.0,3.0,4.0,4.0,5.0,7.0,7.0,2.0,7.0,8.0,6.0,8.0,4.0,4.0,5.0,4.0,4.0,10.0,9.0,9.0,6.0,11.0,16.0,13.0,10.0,9.0,12.0,9.0,5.0,6.0,5.0,4.0,7.0,10.0,13.0,8.0,5.0,3.0,5.0,7.0,6.0,4.0,7.0,7.0,6.0,7.0,9.0,5.0,7.0,13.0,9.0,6.0,7.0,10.0,11.0,8.0,13.0,10.0,5.0,2.0,4.0,8.0,11.0,9.0,6.0,7.0,9.0,9.0,7.0,6.0,9.0,8.0,12.0,5.0,11.0,7.0,2.0,14.0,11.0,7.0,7.0,6.0,5.0,6.0,6.0,4.0,11.0,9.0,19.0,20.0,15.0,13.0,16.0,13.0,14.0,11.0,8.0,10.0,5.0,10.0,13.0,15.0,11.0,13.0,10.0,13.0,12.0,8.0,4.0,5.0,8.0,6.0,9.0,7.0,6.0,5.0,13.0,13.0,19.0,13.0,6.0,6.0,6.0,5.0,11.0,9.0,11.0,8.0,10.0,8.0,10.0,10.0,8.0,6.0,11.0,11.0
Gowanus,Brooklyn,neighborhood,5.0,6.0,5.0,4.0,5.0,4.0,3.0,2.0,1.0,2.0,5.0,5.0,5.0,7.0,6.0,7.0,10.0,6.0,10.0,5.0,5.0,6.0,7.0,4.0,3.0,0.0,4.0,5.0,6.0,9.0,8.0,6.0,5.0,4.0,8.0,15.0,17.0,20.0,20.0,20.0,32.0,26.0,23.0,12.0,14.0,19.0,25.0,18.0,22.0,19.0,12.0,8.0,14.0,23.0,42.0,37.0,32.0,29.0,24.0,22.0,30.0,26.0,36.0,28.0,22.0,20.0,22.0,21.0,15.0,16.0,17.0,10.0,16.0,15.0,29.0,29.0,37.0,40.0,33.0,31.0,29.0,27.0,33.0,31.0,46.0,35.0,37.0,32.0,31.0,42.0,42.0,44.0,40.0,47.0,49.0,44.0,40.0,49.0,46.0,45.0,50.0,55.0,55.0,43.0,31.0,41.0,46.0,33.0,29.0,22.0,28.0,37.0,40.0,35.0,40.0,42.0,17.0,21.0,17.0,17.0,28.0,16.0,18.0,16.0,22.0,39.0,57.0,78.0,75.0,66.0,67.0,56.0,67.0,66.0,70.0,67.0,67.0,49.0,40.0,45.0,20.0,13.0,17.0,19.0,21.0,24.0,26.0,33.0,31.0,32.0,30.0,34.0,24.0,31.0,21.0,22.0,16.0,19.0,25.0,18.0,32.0,32.0,47.0,47.0,42.0,44.0,59.0,50.0,39.0,34.0,37.0,26.0,41.0,41.0,55.0,50.0,54.0,52.0,33.0,39.0,83.0,78.0,94.0,96.0,150.0,160.0,195.0,211.0,232.0,196.0,157.0,163.0,148.0,130.0,112.0,125.0,141.0,143.0,155.0,152.0
Gramercy Park,Manhattan,neighborhood,110.0,117.0,125.0,124.0,104.0,94.0,92.0,91.0,92.0,78.0,87.0,89.0,97.0,87.0,96.0,103.0,93.0,106.0,109.0,91.0,79.0,68.0,65.0,80.0,93.0,83.0,88.0,131.0,141.0,110.0,120.0,110.0,106.0,86.0,78.0,86.0,110.0,109.0,108.0,113.0,124.0,113.0,132.0,131.0,113.0,97.0,94.0,110.0,121.0,117.0,131.0,126.0,126.0,118.0,135.0,127.0,103.0,121.0,111.0,84.0,87.0,91.0,133.0,144.0,136.0,132.0,155.0,147.0,127.0,99.0,110.0,103.0,104.0,137.0,133.0,122.0,137.0,178.0,173.0,184.0,149.0,125.0,142.0,128.0,135.0,126.0,154.0,155.0,169.0,172.0,194.0,175.0,138.0,129.0,118.0,129.0,121.0,131.0,152.0,147.0,140.0,135.0,159.0,141.0,115.0,124.0,119.0,112.0,118.0,124.0,124.0,135.0,143.0,124.0,140.0,135.0,110.0,114.0,99.0,89.0,110.0,88.0,81.0,82.0,136.0,204.0,246.0,265.0,290.0,299.0,285.0,264.0,257.0,228.0,213.0,185.0,160.0,121.0,97.0,91.0,59.0,64.0,65.0,51.0,75.0,53.0,62.0,75.0,84.0,103.0,91.0,110.0,74.0,94.0,110.0,80.0,84.0,75.0,102.0,109.0,113.0,112.0,104.0,114.0,105.0,84.0,84.0,74.0,92.0,86.0,74.0,79.0,79.0,94.0,105.0,110.0,105.0,105.0,78.0,77.0,74.0,67.0,80.0,89.0,97.0,80.0,74.0,76.0,78.0,70.0,72.0,59.0,69.0,55.0,73.0,82.0,95.0,99.0,108.0,80.0
Gravesend,Brooklyn,neighborhood,0.0,3.0,5.0,6.0,3.0,2.0,3.0,2.0,3.0,6.0,6.0,6.0,8.0,12.0,5.0,3.0,5.0,5.0,6.0,7.0,6.0,6.0,5.0,8.0,4.0,5.0,2.0,3.0,5.0,6.0,9.0,11.0,10.0,15.0,12.0,9.0,25.0,23.0,27.0,16.0,18.0,22.0,16.0,10.0,12.0,14.0,11.0,9.0,9.0,15.0,25.0,30.0,25.0,20.0,16.0,10.0,14.0,14.0,11.0,15.0,17.0,8.0,12.0,13.0,17.0,26.0,17.0,14.0,24.0,37.0,25.0,19.0,29.0,19.0,22.0,15.0,11.0,15.0,22.0,15.0,19.0,16.0,12.0,26.0,35.0,30.0,34.0,33.0,48.0,53.0,43.0,26.0,20.0,20.0,16.0,13.0,26.0,24.0,27.0,25.0,24.0,23.0,27.0,30.0,42.0,31.0,34.0,33.0,40.0,38.0,39.0,38.0,31.0,31.0,47.0,35.0,28.0,25.0,31.0,23.0,18.0,19.0,19.0,13.0,15.0,16.0,20.0,25.0,26.0,30.0,30.0,36.0,38.0,36.0,36.0,46.0,39.0,37.0,45.0,41.0,21.0,30.0,31.0,39.0,31.0,37.0,40.0,27.0,26.0,13.0,20.0,18.0,20.0,19.0,11.0,16.0,8.0,13.0,29.0,15.0,13.0,13.0,16.0,11.0,10.0,14.0,18.0,14.0,17.0,16.0,25.0,29.0,32.0,42.0,30.0,19.0,23.0,19.0,23.0,16.0,21.0,28.0,34.0,40.0,35.0,31.0,30.0,36.0,39.0,43.0,44.0,44.0,47.0,33.0,24.0,27.0,23.0,22.0,35.0,21.0
Greenpoint,Brooklyn,neighborhood,26.0,25.0,26.0,21.0,24.0,21.0,13.0,9.0,10.0,26.0,27.0,18.0,14.0,10.0,3.0,13.0,18.0,12.0,16.0,19.0,18.0,15.0,16.0,22.0,19.0,20.0,29.0,19.0,20.0,21.0,25.0,20.0,27.0,23.0,23.0,25.0,43.0,33.0,32.0,33.0,28.0,20.0,25.0,32.0,43.0,46.0,43.0,49.0,56.0,53.0,69.0,78.0,64.0,62.0,79.0,79.0,91.0,73.0,83.0,103.0,97.0,93.0,110.0,110.0,111.0,128.0,119.0,146.0,141.0,111.0,118.0,112.0,106.0,124.0,123.0,135.0,152.0,154.0,131.0,123.0,123.0,104.0,103.0,110.0,150.0,180.0,199.0,183.0,172.0,153.0,165.0,150.0,156.0,141.0,123.0,129.0,176.0,141.0,151.0,172.0,170.0,156.0,153.0,177.0,209.0,246.0,204.0,170.0,251.0,235.0,197.0,171.0,137.0,139.0,173.0,130.0,127.0,100.0,88.0,85.0,116.0,73.0,88.0,89.0,164.0,245.0,318.0,377.0,403.0,365.0,312.0,297.0,343.0,307.0,314.0,304.0,244.0,173.0,134.0,114.0,99.0,81.0,76.0,67.0,66.0,74.0,94.0,66.0,78.0,100.0,150.0,165.0,180.0,172.0,141.0,129.0,125.0,120.0,133.0,128.0,114.0,120.0,163.0,175.0,167.0,189.0,175.0,161.0,154.0,191.0,200.0,161.0,176.0,191.0,219.0,218.0,243.0,236.0,184.0,131.0,197.0,188.0,197.0,186.0,191.0,154.0,229.0,213.0,197.0,189.0,183.0,177.0,189.0,202.0,253.0,224.0,230.0,218.0,230.0,232.0
Greenwich Village,Manhattan,neighborhood,166.0,198.0,190.0,212.0,228.0,236.0,192.0,192.0,137.0,137.0,148.0,166.0,174.0,149.0,173.0,155.0,145.0,163.0,153.0,156.0,128.0,136.0,128.0,132.0,151.0,154.0,172.0,153.0,189.0,195.0,217.0,191.0,148.0,137.0,132.0,154.0,183.0,175.0,190.0,201.0,226.0,236.0,246.0,235.0,222.0,201.0,177.0,159.0,168.0,166.0,185.0,200.0,239.0,219.0,222.0,207.0,189.0,157.0,153.0,164.0,181.0,157.0,172.0,201.0,207.0,221.0,217.0,217.0,215.0,188.0,150.0,180.0,190.0,177.0,197.0,202.0,211.0,226.0,218.0,254.0,230.0,213.0,209.0,188.0,223.0,215.0,232.0,219.0,261.0,256.0,237.0,233.0,212.0,217.0,196.0,173.0,183.0,175.0,183.0,215.0,205.0,207.0,214.0,183.0,154.0,174.0,143.0,119.0,140.0,145.0,164.0,162.0,172.0,154.0,154.0,139.0,154.0,117.0,128.0,120.0,122.0,120.0,122.0,92.0,185.0,275.0,407.0,416.0,435.0,394.0,368.0,306.0,307.0,272.0,289.0,237.0,189.0,148.0,125.0,99.0,80.0,78.0,61.0,42.0,64.0,55.0,71.0,73.0,106.0,133.0,131.0,150.0,133.0,115.0,108.0,92.0,96.0,91.0,99.0,134.0,142.0,174.0,190.0,186.0,151.0,154.0,120.0,100.0,107.0,100.0,93.0,107.0,133.0,139.0,177.0,170.0,151.0,115.0,94.0,87.0,111.0,109.0,123.0,112.0,141.0,128.0,143.0,143.0,119.0,97.0,74.0,72.0,97.0,97.0,84.0,96.0,130.0,139.0,150.0,118.0
Greenwood,Brooklyn,neighborhood,8.0,6.0,6.0,5.0,4.0,5.0,3.0,5.0,4.0,3.0,5.0,6.0,10.0,28.0,12.0,7.0,3.0,5.0,2.0,2.0,1.0,4.0,6.0,4.0,6.0,3.0,6.0,5.0,7.0,8.0,6.0,2.0,2.0,5.0,2.0,3.0,5.0,4.0,5.0,6.0,18.0,14.0,16.0,15.0,15.0,22.0,24.0,25.0,32.0,34.0,21.0,19.0,22.0,20.0,25.0,31.0,32.0,35.0,24.0,28.0,37.0,30.0,29.0,21.0,32.0,41.0,39.0,43.0,46.0,37.0,27.0,28.0,27.0,24.0,26.0,34.0,35.0,41.0,39.0,43.0,44.0,46.0,46.0,36.0,31.0,36.0,50.0,44.0,58.0,66.0,75.0,62.0,73.0,117.0,66.0,45.0,61.0,52.0,51.0,55.0,67.0,87.0,84.0,90.0,69.0,68.0,83.0,81.0,73.0,58.0,85.0,68.0,62.0,62.0,61.0,68.0,47.0,39.0,15.0,18.0,31.0,38.0,37.0,32.0,67.0,61.0,94.0,93.0,106.0,89.0,75.0,80.0,87.0,82.0,93.0,81.0,68.0,61.0,64.0,64.0,51.0,44.0,40.0,28.0,41.0,40.0,28.0,37.0,41.0,32.0,41.0,37.0,34.0,38.0,37.0,27.0,41.0,38.0,33.0,27.0,41.0,38.0,51.0,49.0,39.0,37.0,37.0,35.0,34.0,45.0,51.0,54.0,51.0,33.0,51.0,60.0,59.0,47.0,40.0,38.0,48.0,50.0,68.0,71.0,68.0,50.0,42.0,52.0,70.0,60.0,68.0,63.0,61.0,68.0,69.0,75.0,88.0,74.0,72.0,71.0
Hamilton Heights,Manhattan,neighborhood,28.0,27.0,24.0,19.0,38.0,28.0,30.0,29.0,20.0,21.0,16.0,16.0,22.0,28.0,29.0,25.0,31.0,28.0,29.0,28.0,40.0,38.0,36.0,30.0,28.0,38.0,47.0,49.0,36.0,26.0,51.0,56.0,51.0,47.0,33.0,26.0,34.0,23.0,34.0,44.0,50.0,52.0,54.0,56.0,51.0,54.0,46.0,58.0,59.0,70.0,66.0,61.0,73.0,79.0,75.0,68.0,55.0,54.0,54.0,62.0,60.0,51.0,58.0,69.0,66.0,60.0,75.0,68.0,83.0,92.0,85.0,75.0,74.0,73.0,66.0,64.0,60.0,83.0,90.0,95.0,82.0,91.0,69.0,67.0,81.0,80.0,94.0,82.0,99.0,96.0,95.0,84.0,72.0,73.0,68.0,69.0,82.0,90.0,76.0,76.0,100.0,109.0,109.0,88.0,91.0,95.0,80.0,61.0,102.0,86.0,82.0,74.0,86.0,91.0,82.0,71.0,58.0,62.0,56.0,55.0,59.0,41.0,32.0,20.0,50.0,80.0,123.0,142.0,163.0,168.0,129.0,115.0,116.0,123.0,148.0,139.0,127.0,139.0,132.0,109.0,90.0,96.0,92.0,69.0,66.0,67.0,72.0,48.0,51.0,52.0,55.0,74.0,52.0,39.0,43.0,43.0,58.0,64.0,64.0,58.0,77.0,83.0,78.0,86.0,84.0,89.0,67.0,47.0,53.0,54.0,61.0,56.0,67.0,68.0,84.0,87.0,80.0,74.0,53.0,59.0,58.0,48.0,73.0,77.0,71.0,64.0,82.0,80.0,91.0,81.0,71.0,69.0,75.0,69.0,54.0,49.0,63.0,71.0,64.0,62.0
Highbridge,Bronx,neighborhood,0.0,1.0,4.0,1.0,0.0,0.0,0.0,0.0,0.0,0.0,0.0,0.0,0.0,0.0,0.0,0.0,1.0,0.0,0.0,2.0,2.0,0.0,2.0,2.0,3.0,3.0,3.0,4.0,4.0,5.0,3.0,1.0,2.0,5.0,4.0,3.0,3.0,3.0,3.0,1.0,2.0,1.0,2.0,2.0,1.0,3.0,4.0,4.0,2.0,2.0,3.0,1.0,1.0,0.0,0.0,1.0,2.0,0.0,1.0,3.0,8.0,5.0,6.0,4.0,3.0,3.0,8.0,4.0,6.0,5.0,5.0,6.0,1.0,3.0,2.0,2.0,2.0,1.0,0.0,1.0,5.0,3.0,9.0,11.0,11.0,13.0,5.0,3.0,10.0,12.0,8.0,6.0,2.0,4.0,3.0,2.0,4.0,3.0,5.0,4.0,3.0,3.0,8.0,4.0,4.0,4.0,5.0,5.0,4.0,2.0,8.0,5.0,6.0,12.0,11.0,16.0,12.0,10.0,7.0,7.0,10.0,8.0,8.0,3.0,5.0,8.0,6.0,7.0,11.0,14.0,12.0,14.0,15.0,8.0,10.0,13.0,13.0,14.0,11.0,11.0,15.0,8.0,15.0,10.0,7.0,5.0,8.0,4.0,7.0,6.0,10.0,7.0,6.0,15.0,14.0,10.0,10.0,5.0,14.0,7.0,7.0,8.0,7.0,10.0,8.0,6.0,6.0,7.0,13.0,6.0,8.0,10.0,9.0,6.0,5.0,6.0,5.0,5.0,4.0,2.0,6.0,4.0,5.0,4.0,5.0,6.0,4.0,2.0,3.0,7.0,1.0,4.0,4.0,2.0,2.0,2.0,2.0,3.0,5.0,4.0
Hillcrest,Queens,neighborhood,1.0,1.0,0.0,0.0,0.0,0.0,0.0,0.0,0.0,0.0,0.0,0.0,0.0,0.0,0.0,0.0,0.0,0.0,1.0,0.0,0.0,0.0,0.0,0.0,0.0,0.0,0.0,0.0,0.0,0.0,0.0,0.0,0.0,0.0,0.0,0.0,0.0,0.0,0.0,0.0,0.0,0.0,0.0,0.0,0.0,0.0,0.0,0.0,0.0,0.0,1.0,1.0,0.0,0.0,0.0,0.0,0.0,0.0,0.0,0.0,0.0,0.0,0.0,0.0,0.0,0.0,0.0,0.0,0.0,0.0,0.0,0.0,0.0,0.0,1.0,1.0,1.0,1.0,0.0,0.0,1.0,0.0,1.0,2.0,2.0,1.0,2.0,2.0,2.0,3.0,5.0,0.0,1.0,0.0,0.0,1.0,0.0,0.0,0.0,0.0,0.0,0.0,0.0,0.0,0.0,0.0,0.0,0.0,1.0,0.0,1.0,0.0,2.0,2.0,1.0,1.0,0.0,0.0,1.0,2.0,0.0,1.0,0.0,0.0,1.0,1.0,1.0,1.0,0.0,0.0,0.0,0.0,0.0,0.0,0.0,0.0,0.0,0.0,1.0,1.0,0.0,1.0,1.0,0.0,0.0,2.0,2.0,4.0,1.0,0.0,0.0,0.0,1.0,0.0,1.0,1.0,1.0,0.0,0.0,0.0,3.0,2.0,2.0,1.0,0.0,0.0,0.0,1.0,0.0,1.0,1.0,0.0,0.0,1.0,1.0,1.0,2.0,4.0,2.0,1.0,1.0,0.0,0.0,0.0,0.0,0.0,2.0,2.0,0.0,0.0,0.0,0.0,0.0,1.0,1.0,0.0,0.0,0.0,0.0,0.0
Hollis,Queens,neighborhood,0.0,0.0,0.0,0.0,0.0,0.0,0.0,0.0,0.0,0.0,0.0,0.0,0.0,0.0,0.0,0.0,0.0,0.0,0.0,0.0,0.0,0.0,0.0,0.0,0.0,0.0,0.0,0.0,0.0,0.0,0.0,0.0,0.0,0.0,0.0,0.0,0.0,0.0,0.0,0.0,0.0,0.0,0.0,0.0,0.0,0.0,0.0,0.0,0.0,0.0,0.0,1.0,1.0,0.0,1.0,1.0,0.0,0.0,1.0,1.0,3.0,4.0,0.0,1.0,2.0,2.0,2.0,1.0,0.0,1.0,0.0,0.0,0.0,0.0,2.0,3.0,4.0,2.0,0.0,2.0,2.0,4.0,2.0,0.0,0.0,4.0,2.0,2.0,1.0,2.0,2.0,1.0,0.0,1.0,0.0,1.0,3.0,3.0,1.0,1.0,0.0,0.0,0.0,1.0,0.0,0.0,0.0,0.0,0.0,0.0,0.0,0.0,2.0,4.0,1.0,1.0,1.0,0.0,5.0,3.0,5.0,1.0,1.0,0.0,0.0,2.0,3.0,2.0,3.0,4.0,6.0,2.0,2.0,1.0,2.0,2.0,2.0,2.0,8.0,11.0,7.0,2.0,2.0,1.0,1.0,2.0,1.0,1.0,1.0,0.0,1.0,0.0,1.0,1.0,1.0,2.0,1.0,2.0,3.0,1.0,2.0,1.0,2.0,3.0,1.0,3.0,3.0,2.0,2.0,3.0,1.0,2.0,2.0,4.0,5.0,7.0,8.0,8.0,8.0,4.0,4.0,4.0,4.0,2.0,3.0,1.0,1.0,1.0,4.0,7.0,2.0,3.0,1.0,3.0,4.0,5.0,6.0,4.0,5.0,5.0
Howard Beach,Queens,neighborhood,2.0,1.0,1.0,1.0,1.0,1.0,0.0,0.0,0.0,0.0,0.0,0.0,0.0,0.0,0.0,0.0,0.0,0.0,0.0,0.0,0.0,0.0,0.0,0.0,0.0,0.0,0.0,0.0,0.0,0.0,0.0,0.0,0.0,1.0,1.0,1.0,1.0,2.0,0.0,0.0,0.0,0.0,1.0,0.0,0.0,0.0,0.0,0.0,0.0,0.0,0.0,0.0,0.0,0.0,0.0,0.0,0.0,0.0,1.0,1.0,0.0,0.0,0.0,0.0,0.0,0.0,0.0,0.0,2.0,12.0,8.0,2.0,6.0,1.0,1.0,0.0,0.0,0.0,1.0,0.0,2.0,3.0,4.0,4.0,3.0,1.0,1.0,1.0,1.0,1.0,3.0,3.0,4.0,4.0,1.0,1.0,2.0,3.0,3.0,1.0,1.0,0.0,3.0,4.0,3.0,1.0,3.0,4.0,0.0,1.0,1.0,1.0,1.0,0.0,0.0,0.0,0.0,0.0,2.0,2.0,0.0,0.0,1.0,0.0,0.0,0.0,1.0,1.0,2.0,2.0,2.0,2.0,2.0,0.0,1.0,2.0,0.0,1.0,1.0,1.0,2.0,4.0,2.0,3.0,2.0,1.0,6.0,2.0,2.0,1.0,3.0,2.0,1.0,3.0,3.0,1.0,1.0,0.0,1.0,0.0,1.0,1.0,4.0,5.0,2.0,2.0,2.0,0.0,1.0,3.0,1.0,3.0,1.0,0.0,0.0,1.0,2.0,3.0,2.0,2.0,2.0,1.0,4.0,5.0,5.0,2.0,3.0,2.0,1.0,0.0,0.0,1.0,0.0,1.0,0.0,2.0,3.0,2.0,1.0,2.0
Hunts Point,Bronx,neighborhood,0.0,0.0,0.0,0.0,0.0,0.0,0.0,0.0,0.0,0.0,0.0,0.0,0.0,0.0,0.0,0.0,0.0,0.0,0.0,0.0,0.0,1.0,1.0,0.0,0.0,0.0,0.0,0.0,0.0,0.0,0.0,0.0,0.0,0.0,0.0,0.0,0.0,0.0,0.0,0.0,0.0,0.0,0.0,0.0,0.0,0.0,0.0,0.0,0.0,0.0,0.0,0.0,0.0,0.0,0.0,0.0,1.0,1.0,0.0,0.0,0.0,1.0,2.0,2.0,4.0,3.0,1.0,2.0,3.0,6.0,3.0,5.0,3.0,0.0,0.0,1.0,1.0,0.0,0.0,0.0,0.0,0.0,1.0,2.0,3.0,3.0,1.0,2.0,3.0,4.0,4.0,2.0,0.0,0.0,1.0,1.0,3.0,2.0,1.0,4.0,2.0,1.0,3.0,1.0,2.0,4.0,3.0,1.0,0.0,0.0,4.0,1.0,1.0,5.0,6.0,6.0,4.0,3.0,1.0,1.0,1.0,4.0,1.0,0.0,0.0,0.0,0.0,0.0,1.0,3.0,3.0,2.0,2.0,1.0,1.0,0.0,0.0,0.0,1.0,1.0,0.0,1.0,2.0,3.0,1.0,1.0,3.0,2.0,4.0,2.0,2.0,3.0,1.0,0.0,0.0,0.0,1.0,7.0,0.0,0.0,0.0,0.0,1.0,1.0,0.0,0.0,0.0,0.0,1.0,1.0,1.0,0.0,0.0,0.0,0.0,4.0,0.0,0.0,0.0,0.0,0.0,3.0,5.0,2.0,2.0,6.0,2.0,1.0,1.0,0.0,0.0,0.0,1.0,2.0,2.0,0.0,0.0,0.0,0.0,0.0
Inwood,Manhattan,neighborhood,7.0,11.0,17.0,19.0,15.0,17.0,19.0,8.0,8.0,11.0,13.0,13.0,9.0,8.0,8.0,7.0,11.0,14.0,8.0,8.0,4.0,9.0,16.0,10.0,12.0,16.0,16.0,17.0,15.0,25.0,26.0,25.0,22.0,26.0,21.0,16.0,18.0,22.0,22.0,23.0,19.0,16.0,16.0,19.0,23.0,35.0,31.0,23.0,28.0,40.0,44.0,48.0,36.0,26.0,43.0,42.0,51.0,52.0,37.0,46.0,54.0,65.0,68.0,46.0,45.0,41.0,48.0,46.0,43.0,41.0,50.0,49.0,54.0,63.0,65.0,56.0,39.0,55.0,58.0,61.0,62.0,78.0,87.0,76.0,88.0,76.0,96.0,84.0,94.0,101.0,95.0,73.0,62.0,65.0,89.0,70.0,77.0,80.0,73.0,82.0,91.0,80.0,92.0,93.0,104.0,102.0,89.0,82.0,79.0,63.0,89.0,85.0,110.0,92.0,72.0,82.0,72.0,90.0,90.0,84.0,88.0,72.0,56.0,43.0,62.0,76.0,83.0,78.0,93.0,110.0,104.0,106.0,104.0,92.0,88.0,86.0,85.0,104.0,117.0,117.0,91.0,80.0,86.0,85.0,89.0,74.0,82.0,49.0,68.0,71.0,71.0,73.0,50.0,61.0,64.0,68.0,73.0,76.0,70.0,53.0,61.0,54.0,64.0,60.0,42.0,46.0,42.0,39.0,46.0,51.0,47.0,43.0,66.0,54.0,54.0,52.0,46.0,48.0,52.0,48.0,36.0,40.0,37.0,60.0,67.0,91.0,120.0,125.0,117.0,85.0,92.0,112.0,113.0,85.0,92.0,76.0,69.0,67.0,46.0,49.0
Jackson Heights,Queens,neighborhood,8.0,4.0,2.0,2.0,3.0,8.0,7.0,6.0,6.0,5.0,4.0,7.0,6.0,5.0,8.0,10.0,16.0,20.0,14.0,11.0,7.0,6.0,7.0,7.0,9.0,7.0,6.0,9.0,11.0,9.0,11.0,9.0,8.0,6.0,8.0,9.0,16.0,9.0,12.0,16.0,13.0,10.0,10.0,11.0,9.0,15.0,20.0,18.0,26.0,37.0,39.0,42.0,35.0,29.0,33.0,22.0,27.0,44.0,61.0,78.0,79.0,73.0,75.0,87.0,66.0,44.0,53.0,51.0,61.0,57.0,46.0,40.0,48.0,55.0,63.0,33.0,44.0,28.0,28.0,39.0,51.0,53.0,51.0,50.0,56.0,82.0,88.0,99.0,114.0,115.0,97.0,57.0,60.0,62.0,53.0,55.0,72.0,65.0,71.0,68.0,77.0,81.0,68.0,71.0,69.0,73.0,83.0,66.0,66.0,67.0,78.0,66.0,63.0,62.0,61.0,62.0,53.0,70.0,55.0,62.0,48.0,48.0,54.0,34.0,52.0,65.0,63.0,67.0,75.0,69.0,74.0,77.0,84.0,75.0,82.0,93.0,76.0,71.0,65.0,62.0,81.0,62.0,48.0,41.0,66.0,61.0,61.0,49.0,49.0,43.0,47.0,56.0,55.0,54.0,57.0,54.0,65.0,56.0,69.0,54.0,60.0,54.0,58.0,60.0,60.0,56.0,69.0,42.0,36.0,39.0,40.0,44.0,41.0,43.0,45.0,54.0,53.0,67.0,55.0,37.0,36.0,41.0,41.0,40.0,47.0,43.0,42.0,48.0,45.0,48.0,38.0,35.0,44.0,51.0,41.0,29.0,52.0,52.0,57.0,53.0
Jamaica,Queens,neighborhood,1.0,1.0,2.0,1.0,0.0,0.0,0.0,0.0,0.0,0.0,0.0,0.0,0.0,2.0,2.0,2.0,2.0,2.0,2.0,2.0,1.0,1.0,0.0,0.0,6.0,6.0,6.0,7.0,7.0,6.0,7.0,1.0,1.0,2.0,1.0,0.0,0.0,0.0,1.0,3.0,9.0,6.0,4.0,6.0,6.0,6.0,5.0,3.0,4.0,4.0,7.0,3.0,5.0,4.0,4.0,4.0,4.0,4.0,5.0,6.0,3.0,2.0,3.0,3.0,3.0,2.0,3.0,5.0,8.0,5.0,9.0,6.0,7.0,7.0,6.0,3.0,3.0,3.0,2.0,8.0,9.0,7.0,12.0,10.0,11.0,18.0,26.0,23.0,16.0,21.0,14.0,3.0,3.0,2.0,9.0,15.0,12.0,9.0,11.0,9.0,11.0,13.0,11.0,12.0,7.0,8.0,9.0,7.0,12.0,13.0,16.0,8.0,15.0,17.0,18.0,17.0,23.0,17.0,12.0,14.0,16.0,14.0,11.0,6.0,16.0,18.0,22.0,23.0,22.0,21.0,19.0,17.0,22.0,23.0,35.0,38.0,26.0,37.0,25.0,48.0,36.0,39.0,37.0,24.0,36.0,59.0,48.0,66.0,61.0,61.0,45.0,53.0,51.0,42.0,58.0,61.0,71.0,46.0,60.0,59.0,57.0,62.0,65.0,66.0,63.0,97.0,105.0,84.0,74.0,62.0,66.0,68.0,68.0,70.0,78.0,83.0,76.0,82.0,65.0,73.0,88.0,81.0,81.0,106.0,101.0,98.0,127.0,89.0,84.0,95.0,79.0,97.0,92.0,114.0,129.0,115.0,124.0,144.0,125.0,120.0
Jamaica Estates,Queens,neighborhood,0.0,0.0,0.0,0.0,0.0,0.0,0.0,0.0,1.0,1.0,0.0,1.0,2.0,2.0,1.0,1.0,0.0,0.0,1.0,2.0,3.0,6.0,3.0,2.0,2.0,2.0,1.0,1.0,1.0,2.0,2.0,1.0,0.0,0.0,0.0,0.0,1.0,1.0,1.0,1.0,2.0,1.0,2.0,3.0,2.0,1.0,4.0,2.0,4.0,5.0,5.0,3.0,4.0,3.0,3.0,3.0,4.0,3.0,7.0,3.0,3.0,2.0,3.0,3.0,6.0,10.0,12.0,6.0,6.0,10.0,11.0,9.0,9.0,7.0,9.0,5.0,9.0,8.0,10.0,7.0,8.0,11.0,16.0,13.0,6.0,4.0,5.0,3.0,8.0,12.0,8.0,1.0,3.0,5.0,7.0,5.0,7.0,8.0,7.0,7.0,6.0,9.0,12.0,11.0,5.0,4.0,9.0,6.0,4.0,5.0,5.0,6.0,7.0,9.0,6.0,2.0,4.0,6.0,3.0,6.0,4.0,7.0,6.0,2.0,15.0,13.0,11.0,9.0,7.0,8.0,15.0,4.0,5.0,3.0,4.0,9.0,16.0,16.0,14.0,5.0,7.0,8.0,11.0,7.0,10.0,8.0,16.0,16.0,11.0,13.0,10.0,12.0,12.0,7.0,14.0,19.0,39.0,24.0,23.0,13.0,8.0,8.0,10.0,10.0,8.0,12.0,10.0,8.0,15.0,16.0,13.0,8.0,12.0,18.0,19.0,14.0,15.0,10.0,13.0,12.0,6.0,9.0,10.0,7.0,7.0,6.0,10.0,12.0,11.0,10.0,6.0,6.0,7.0,10.0,11.0,12.0,16.0,20.0,14.0,8.0
Jamaica Hills,Queens,neighborhood,0.0,0.0,0.0,0.0,0.0,0.0,0.0,1.0,1.0,1.0,0.0,0.0,0.0,0.0,0.0,0.0,0.0,0.0,0.0,0.0,0.0,0.0,1.0,1.0,1.0,1.0,1.0,2.0,3.0,2.0,2.0,1.0,1.0,0.0,0.0,0.0,0.0,0.0,0.0,0.0,0.0,0.0,0.0,0.0,0.0,0.0,0.0,0.0,0.0,0.0,0.0,0.0,0.0,0.0,0.0,0.0,1.0,1.0,1.0,2.0,2.0,1.0,0.0,0.0,1.0,1.0,2.0,1.0,1.0,1.0,1.0,0.0,0.0,0.0,2.0,0.0,0.0,2.0,2.0,2.0,3.0,1.0,1.0,4.0,4.0,2.0,1.0,2.0,2.0,1.0,1.0,0.0,0.0,0.0,0.0,0.0,1.0,1.0,1.0,1.0,1.0,1.0,0.0,0.0,0.0,0.0,0.0,0.0,0.0,1.0,2.0,1.0,2.0,2.0,2.0,1.0,4.0,6.0,3.0,3.0,2.0,3.0,3.0,2.0,3.0,1.0,1.0,6.0,4.0,8.0,5.0,5.0,3.0,4.0,4.0,3.0,3.0,2.0,5.0,1.0,2.0,3.0,2.0,2.0,2.0,1.0,1.0,3.0,4.0,2.0,5.0,3.0,0.0,1.0,2.0,1.0,14.0,0.0,2.0,2.0,1.0,2.0,4.0,6.0,6.0,6.0,8.0,8.0,9.0,5.0,5.0,3.0,6.0,5.0,3.0,2.0,2.0,3.0,3.0,4.0,2.0,0.0,4.0,4.0,3.0,3.0,4.0,3.0,5.0,8.0,4.0,1.0,1.0,3.0,1.0,2.0,4.0,6.0,6.0,3.0
Kensington,Brooklyn,neighborhood,9.0,10.0,9.0,4.0,2.0,2.0,2.0,3.0,7.0,7.0,9.0,6.0,4.0,5.0,5.0,5.0,10.0,12.0,10.0,8.0,6.0,6.0,9.0,10.0,7.0,10.0,10.0,11.0,12.0,8.0,7.0,10.0,14.0,13.0,6.0,14.0,17.0,15.0,7.0,7.0,7.0,14.0,15.0,11.0,19.0,30.0,23.0,21.0,29.0,32.0,26.0,26.0,28.0,26.0,29.0,31.0,26.0,38.0,42.0,47.0,57.0,50.0,53.0,40.0,37.0,52.0,53.0,56.0,61.0,62.0,42.0,41.0,40.0,39.0,56.0,49.0,57.0,55.0,51.0,42.0,45.0,36.0,43.0,40.0,45.0,68.0,98.0,79.0,95.0,104.0,99.0,70.0,65.0,78.0,91.0,77.0,64.0,60.0,67.0,80.0,92.0,84.0,73.0,72.0,69.0,86.0,71.0,77.0,98.0,94.0,97.0,74.0,86.0,98.0,78.0,76.0,47.0,44.0,60.0,46.0,45.0,45.0,35.0,34.0,47.0,57.0,89.0,97.0,122.0,120.0,113.0,98.0,92.0,101.0,120.0,122.0,104.0,107.0,110.0,95.0,83.0,100.0,76.0,54.0,53.0,64.0,70.0,58.0,42.0,36.0,41.0,48.0,41.0,31.0,48.0,48.0,58.0,48.0,49.0,24.0,47.0,56.0,52.0,41.0,21.0,38.0,47.0,30.0,35.0,28.0,34.0,50.0,44.0,44.0,52.0,48.0,56.0,60.0,46.0,41.0,52.0,51.0,47.0,41.0,52.0,52.0,59.0,40.0,42.0,36.0,22.0,14.0,19.0,16.0,31.0,28.0,36.0,52.0,52.0,29.0
Kew Gardens,Queens,neighborhood,6.0,7.0,3.0,4.0,1.0,4.0,5.0,4.0,3.0,3.0,3.0,3.0,4.0,8.0,7.0,6.0,6.0,4.0,1.0,0.0,7.0,10.0,9.0,1.0,5.0,5.0,7.0,20.0,17.0,15.0,15.0,10.0,6.0,8.0,8.0,5.0,8.0,12.0,13.0,13.0,5.0,8.0,10.0,9.0,14.0,21.0,19.0,17.0,15.0,19.0,27.0,25.0,37.0,55.0,74.0,37.0,34.0,32.0,42.0,45.0,38.0,39.0,41.0,41.0,42.0,49.0,45.0,31.0,41.0,53.0,58.0,50.0,45.0,44.0,48.0,49.0,44.0,32.0,35.0,44.0,36.0,33.0,39.0,30.0,36.0,47.0,64.0,66.0,88.0,101.0,88.0,48.0,45.0,49.0,39.0,38.0,47.0,52.0,54.0,68.0,70.0,61.0,84.0,74.0,79.0,82.0,71.0,50.0,55.0,60.0,64.0,69.0,57.0,45.0,56.0,68.0,58.0,66.0,81.0,65.0,56.0,56.0,47.0,28.0,38.0,53.0,74.0,92.0,68.0,80.0,86.0,77.0,77.0,69.0,70.0,102.0,95.0,78.0,85.0,89.0,80.0,77.0,60.0,67.0,69.0,85.0,71.0,74.0,60.0,53.0,45.0,67.0,64.0,40.0,40.0,57.0,63.0,52.0,52.0,42.0,44.0,45.0,66.0,59.0,40.0,39.0,66.0,74.0,74.0,65.0,66.0,55.0,61.0,51.0,49.0,65.0,71.0,78.0,71.0,71.0,70.0,59.0,102.0,88.0,64.0,52.0,55.0,67.0,45.0,39.0,49.0,43.0,73.0,65.0,54.0,29.0,37.0,32.0,34.0,35.0
Kew Gardens Hills,Queens,neighborhood,7.0,3.0,3.0,2.0,1.0,2.0,3.0,2.0,3.0,3.0,3.0,2.0,3.0,3.0,2.0,3.0,3.0,4.0,4.0,4.0,1.0,2.0,1.0,2.0,1.0,1.0,3.0,4.0,3.0,3.0,2.0,3.0,4.0,4.0,2.0,4.0,2.0,2.0,2.0,6.0,5.0,4.0,2.0,1.0,1.0,2.0,2.0,2.0,1.0,6.0,4.0,2.0,2.0,4.0,5.0,4.0,7.0,2.0,2.0,4.0,5.0,19.0,28.0,17.0,12.0,11.0,4.0,9.0,9.0,10.0,12.0,12.0,11.0,12.0,12.0,16.0,9.0,18.0,16.0,8.0,10.0,10.0,13.0,12.0,17.0,18.0,22.0,25.0,29.0,32.0,33.0,13.0,10.0,14.0,13.0,16.0,16.0,12.0,15.0,11.0,12.0,9.0,10.0,22.0,24.0,30.0,18.0,11.0,11.0,14.0,17.0,18.0,24.0,16.0,25.0,27.0,24.0,12.0,8.0,14.0,14.0,27.0,18.0,11.0,11.0,5.0,13.0,10.0,9.0,9.0,9.0,11.0,11.0,9.0,9.0,9.0,9.0,8.0,6.0,9.0,22.0,33.0,21.0,12.0,15.0,11.0,16.0,16.0,15.0,10.0,11.0,15.0,14.0,8.0,7.0,6.0,7.0,10.0,13.0,6.0,3.0,4.0,10.0,10.0,7.0,3.0,6.0,4.0,9.0,4.0,6.0,11.0,3.0,7.0,6.0,8.0,10.0,9.0,8.0,8.0,10.0,14.0,16.0,13.0,14.0,14.0,20.0,14.0,21.0,14.0,16.0,14.0,20.0,23.0,27.0,20.0,11.0,17.0,22.0,20.0
Kingsbridge,Bronx,neighborhood,8.0,7.0,6.0,7.0,5.0,5.0,1.0,1.0,1.0,2.0,1.0,1.0,0.0,0.0,0.0,1.0,0.0,0.0,3.0,3.0,2.0,2.0,1.0,2.0,1.0,13.0,12.0,11.0,1.0,1.0,4.0,4.0,7.0,11.0,7.0,6.0,6.0,6.0,6.0,7.0,8.0,8.0,5.0,4.0,4.0,4.0,6.0,7.0,3.0,11.0,12.0,8.0,10.0,8.0,14.0,19.0,22.0,18.0,21.0,23.0,26.0,24.0,30.0,25.0,23.0,21.0,28.0,19.0,19.0,24.0,19.0,29.0,37.0,37.0,26.0,19.0,22.0,21.0,20.0,24.0,26.0,25.0,26.0,19.0,20.0,25.0,27.0,25.0,17.0,32.0,36.0,32.0,36.0,29.0,30.0,25.0,23.0,18.0,17.0,17.0,24.0,31.0,32.0,42.0,28.0,40.0,31.0,39.0,40.0,33.0,42.0,37.0,34.0,26.0,32.0,26.0,23.0,28.0,30.0,27.0,24.0,25.0,19.0,13.0,20.0,17.0,20.0,21.0,21.0,21.0,17.0,25.0,28.0,23.0,34.0,26.0,27.0,33.0,38.0,33.0,31.0,44.0,39.0,17.0,31.0,22.0,22.0,20.0,21.0,18.0,21.0,18.0,26.0,29.0,31.0,35.0,35.0,26.0,30.0,21.0,20.0,13.0,17.0,17.0,17.0,23.0,24.0,22.0,21.0,21.0,29.0,16.0,21.0,19.0,18.0,19.0,15.0,22.0,24.0,38.0,31.0,31.0,25.0,18.0,18.0,15.0,13.0,12.0,13.0,19.0,15.0,10.0,7.0,9.0,17.0,24.0,30.0,36.0,32.0,31.0
Laconia,Bronx,neighborhood,0.0,0.0,0.0,0.0,0.0,1.0,1.0,0.0,0.0,0.0,0.0,0.0,0.0,0.0,0.0,0.0,0.0,0.0,0.0,0.0,0.0,0.0,0.0,0.0,1.0,1.0,0.0,2.0,1.0,1.0,1.0,0.0,0.0,0.0,0.0,0.0,0.0,0.0,0.0,0.0,1.0,1.0,0.0,0.0,2.0,0.0,0.0,0.0,0.0,1.0,0.0,0.0,0.0,0.0,0.0,0.0,0.0,0.0,0.0,0.0,0.0,0.0,0.0,0.0,0.0,0.0,0.0,0.0,0.0,0.0,0.0,0.0,0.0,0.0,0.0,0.0,0.0,0.0,0.0,0.0,1.0,1.0,0.0,0.0,0.0,0.0,0.0,0.0,0.0,0.0,0.0,0.0,0.0,0.0,0.0,0.0,0.0,0.0,0.0,0.0,0.0,1.0,0.0,1.0,1.0,0.0,0.0,1.0,1.0,1.0,0.0,0.0,0.0,0.0,0.0,1.0,0.0,0.0,0.0,0.0,0.0,0.0,0.0,0.0,0.0,1.0,0.0,0.0,1.0,1.0,0.0,0.0,0.0,0.0,0.0,0.0,0.0,0.0,0.0,0.0,0.0,0.0,0.0,0.0,1.0,1.0,1.0,0.0,0.0,0.0,1.0,1.0,0.0,0.0,0.0,1.0,2.0,3.0,2.0,0.0,1.0,1.0,1.0,1.0,0.0,0.0,0.0,0.0,0.0,0.0,0.0,3.0,0.0,0.0,0.0,1.0,0.0,0.0,0.0,0.0,0.0,1.0,0.0,0.0,0.0,0.0,0.0,0.0,0.0,0.0,0.0,0.0,1.0,1.0,0.0,0.0,0.0,0.0,0.0,0.0
Laurelton,Queens,neighborhood,0.0,0.0,0.0,0.0,0.0,0.0,0.0,0.0,0.0,0.0,0.0,0.0,0.0,0.0,0.0,0.0,0.0,0.0,0.0,0.0,0.0,0.0,0.0,0.0,0.0,0.0,0.0,0.0,0.0,0.0,0.0,0.0,0.0,0.0,0.0,0.0,0.0,0.0,0.0,0.0,0.0,0.0,0.0,0.0,0.0,0.0,0.0,0.0,0.0,0.0,0.0,0.0,0.0,0.0,0.0,0.0,0.0,0.0,0.0,0.0,0.0,0.0,0.0,0.0,0.0,0.0,0.0,0.0,1.0,1.0,0.0,0.0,0.0,1.0,1.0,1.0,0.0,0.0,0.0,0.0,0.0,0.0,0.0,0.0,0.0,0.0,0.0,0.0,0.0,1.0,1.0,0.0,0.0,0.0,0.0,2.0,1.0,0.0,0.0,0.0,0.0,0.0,0.0,2.0,1.0,2.0,3.0,1.0,1.0,1.0,2.0,1.0,1.0,2.0,1.0,1.0,1.0,1.0,1.0,0.0,4.0,4.0,1.0,0.0,0.0,3.0,1.0,0.0,0.0,0.0,0.0,0.0,0.0,1.0,1.0,0.0,1.0,0.0,0.0,2.0,0.0,0.0,1.0,0.0,1.0,1.0,0.0,0.0,0.0,0.0,0.0,0.0,2.0,3.0,2.0,0.0,0.0,0.0,1.0,1.0,1.0,0.0,0.0,1.0,0.0,0.0,1.0,1.0,0.0,0.0,0.0,0.0,0.0,0.0,0.0,0.0,0.0,0.0,0.0,0.0,5.0,1.0,0.0,0.0,0.0,1.0,1.0,0.0,0.0,0.0,0.0,0.0,0.0,0.0,0.0,0.0,0.0,1.0,1.0,1.0
Little Italy,Manhattan,neighborhood,24.0,26.0,27.0,25.0,29.0,30.0,13.0,15.0,10.0,14.0,21.0,16.0,14.0,23.0,25.0,24.0,23.0,17.0,24.0,19.0,11.0,13.0,11.0,8.0,14.0,15.0,9.0,7.0,10.0,15.0,17.0,25.0,19.0,15.0,16.0,15.0,22.0,18.0,17.0,14.0,14.0,15.0,18.0,16.0,20.0,20.0,17.0,17.0,26.0,30.0,33.0,33.0,29.0,23.0,24.0,24.0,42.0,36.0,36.0,28.0,34.0,27.0,24.0,26.0,20.0,19.0,39.0,29.0,20.0,22.0,22.0,19.0,19.0,30.0,24.0,29.0,35.0,36.0,31.0,40.0,33.0,23.0,34.0,34.0,37.0,28.0,30.0,36.0,43.0,54.0,56.0,50.0,44.0,29.0,27.0,29.0,24.0,22.0,24.0,24.0,33.0,39.0,48.0,52.0,39.0,29.0,25.0,20.0,24.0,25.0,31.0,48.0,39.0,35.0,37.0,32.0,27.0,26.0,24.0,26.0,28.0,16.0,10.0,17.0,48.0,50.0,68.0,66.0,71.0,61.0,45.0,47.0,48.0,45.0,50.0,25.0,29.0,29.0,22.0,24.0,27.0,13.0,14.0,17.0,15.0,10.0,12.0,13.0,16.0,23.0,32.0,32.0,18.0,13.0,19.0,16.0,25.0,21.0,20.0,16.0,23.0,32.0,32.0,25.0,24.0,18.0,18.0,13.0,16.0,23.0,24.0,20.0,17.0,25.0,37.0,32.0,27.0,22.0,21.0,16.0,22.0,21.0,16.0,19.0,15.0,19.0,30.0,20.0,21.0,27.0,16.0,10.0,11.0,13.0,14.0,10.0,13.0,11.0,24.0,21.0
Little Neck,Queens,neighborhood,0.0,0.0,0.0,0.0,0.0,0.0,0.0,0.0,0.0,0.0,0.0,0.0,0.0,0.0,0.0,0.0,0.0,0.0,0.0,0.0,0.0,0.0,0.0,0.0,0.0,0.0,0.0,0.0,0.0,0.0,0.0,0.0,0.0,0.0,0.0,0.0,0.0,1.0,1.0,1.0,1.0,1.0,1.0,1.0,0.0,0.0,0.0,0.0,0.0,0.0,0.0,0.0,0.0,0.0,0.0,0.0,0.0,0.0,0.0,0.0,0.0,0.0,0.0,0.0,2.0,0.0,0.0,0.0,0.0,1.0,1.0,1.0,1.0,0.0,1.0,2.0,1.0,1.0,0.0,1.0,0.0,2.0,2.0,1.0,0.0,0.0,0.0,0.0,0.0,1.0,2.0,0.0,0.0,0.0,0.0,0.0,0.0,0.0,0.0,0.0,1.0,1.0,0.0,0.0,0.0,0.0,0.0,0.0,0.0,0.0,0.0,0.0,0.0,0.0,0.0,0.0,0.0,2.0,3.0,2.0,1.0,0.0,1.0,1.0,1.0,0.0,0.0,0.0,2.0,1.0,0.0,0.0,1.0,2.0,3.0,0.0,0.0,1.0,1.0,1.0,2.0,1.0,0.0,0.0,0.0,2.0,1.0,0.0,0.0,0.0,1.0,1.0,0.0,0.0,0.0,0.0,0.0,0.0,0.0,0.0,0.0,0.0,0.0,0.0,0.0,0.0,0.0,1.0,0.0,0.0,0.0,0.0,1.0,1.0,2.0,2.0,0.0,1.0,1.0,1.0,1.0,1.0,0.0,0.0,0.0,0.0,0.0,1.0,0.0,0.0,0.0,0.0,0.0,0.0,0.0,0.0,0.0,0.0,1.0,1.0
Long Island City,Queens,neighborhood,58.0,52.0,63.0,66.0,57.0,54.0,61.0,62.0,61.0,62.0,55.0,39.0,25.0,45.0,42.0,52.0,66.0,78.0,49.0,56.0,53.0,44.0,41.0,39.0,47.0,247.0,260.0,212.0,329.0,294.0,288.0,215.0,130.0,109.0,78.0,90.0,108.0,95.0,88.0,83.0,74.0,111.0,138.0,189.0,219.0,269.0,222.0,148.0,171.0,144.0,164.0,310.0,274.0,320.0,261.0,272.0,214.0,200.0,167.0,169.0,155.0,139.0,178.0,223.0,210.0,211.0,232.0,246.0,274.0,277.0,265.0,228.0,228.0,246.0,268.0,294.0,349.0,348.0,371.0,399.0,349.0,287.0,292.0,259.0,271.0,243.0,319.0,284.0,309.0,303.0,287.0,306.0,316.0,357.0,375.0,331.0,333.0,320.0,362.0,320.0,310.0,348.0,320.0,306.0,291.0,308.0,297.0,259.0,320.0,319.0,334.0,394.0,366.0,356.0,324.0,290.0,287.0,329.0,312.0,267.0,341.0,314.0,257.0,251.0,358.0,439.0,513.0,552.0,545.0,543.0,490.0,497.0,478.0,443.0,482.0,599.0,628.0,681.0,513.0,361.0,347.0,304.0,271.0,247.0,238.0,213.0,239.0,233.0,234.0,260.0,281.0,295.0,306.0,330.0,343.0,326.0,362.0,262.0,309.0,306.0,380.0,414.0,405.0,363.0,289.0,358.0,395.0,352.0,356.0,362.0,362.0,347.0,398.0,411.0,545.0,523.0,477.0,447.0,427.0,390.0,478.0,421.0,450.0,502.0,535.0,562.0,577.0,540.0,479.0,464.0,437.0,426.0,478.0,430.0,432.0,443.0,497.0,513.0,546.0,512.0
Longwood,Bronx,neighborhood,0.0,0.0,0.0,0.0,0.0,0.0,3.0,3.0,0.0,0.0,0.0,0.0,0.0,0.0,0.0,0.0,0.0,0.0,0.0,1.0,2.0,5.0,5.0,5.0,2.0,1.0,1.0,0.0,1.0,1.0,1.0,0.0,0.0,0.0,0.0,0.0,0.0,0.0,0.0,0.0,0.0,0.0,0.0,0.0,0.0,0.0,0.0,0.0,0.0,0.0,1.0,0.0,0.0,0.0,0.0,0.0,0.0,0.0,0.0,0.0,0.0,0.0,0.0,0.0,0.0,1.0,1.0,0.0,0.0,1.0,1.0,1.0,1.0,0.0,0.0,0.0,0.0,1.0,0.0,0.0,0.0,0.0,0.0,0.0,0.0,2.0,4.0,6.0,6.0,6.0,3.0,1.0,1.0,1.0,0.0,0.0,0.0,0.0,0.0,0.0,0.0,0.0,4.0,4.0,2.0,3.0,0.0,0.0,2.0,3.0,3.0,3.0,3.0,2.0,1.0,1.0,0.0,0.0,0.0,0.0,1.0,1.0,0.0,3.0,3.0,2.0,1.0,1.0,1.0,3.0,2.0,0.0,0.0,0.0,0.0,2.0,4.0,0.0,0.0,1.0,1.0,1.0,0.0,0.0,0.0,0.0,0.0,0.0,0.0,1.0,0.0,0.0,1.0,0.0,0.0,0.0,0.0,0.0,0.0,0.0,0.0,0.0,1.0,1.0,0.0,0.0,1.0,1.0,1.0,1.0,1.0,2.0,1.0,0.0,0.0,0.0,0.0,1.0,1.0,1.0,1.0,0.0,3.0,0.0,0.0,2.0,1.0,0.0,0.0,1.0,0.0,0.0,0.0,1.0,1.0,1.0,1.0,0.0,0.0,2.0
Lower East Side,Manhattan,neighborhood,100.0,111.0,101.0,108.0,82.0,77.0,81.0,81.0,67.0,81.0,64.0,59.0,76.0,61.0,85.0,133.0,161.0,171.0,180.0,176.0,117.0,78.0,92.0,120.0,149.0,132.0,78.0,81.0,111.0,106.0,106.0,120.0,98.0,90.0,74.0,74.0,103.0,94.0,102.0,135.0,144.0,130.0,147.0,158.0,119.0,127.0,97.0,102.0,111.0,123.0,132.0,152.0,172.0,164.0,165.0,173.0,158.0,129.0,121.0,117.0,128.0,121.0,151.0,146.0,157.0,174.0,174.0,164.0,151.0,146.0,133.0,131.0,167.0,181.0,195.0,179.0,190.0,195.0,197.0,203.0,169.0,174.0,176.0,174.0,198.0,191.0,228.0,250.0,287.0,257.0,235.0,166.0,167.0,172.0,140.0,127.0,138.0,136.0,178.0,213.0,204.0,228.0,245.0,225.0,192.0,160.0,128.0,128.0,155.0,160.0,178.0,173.0,235.0,263.0,272.0,277.0,220.0,201.0,178.0,135.0,169.0,151.0,132.0,103.0,232.0,320.0,424.0,461.0,470.0,470.0,382.0,372.0,341.0,348.0,343.0,311.0,284.0,257.0,227.0,196.0,155.0,156.0,148.0,95.0,110.0,104.0,131.0,135.0,177.0,227.0,249.0,237.0,219.0,173.0,165.0,137.0,141.0,158.0,178.0,217.0,284.0,285.0,314.0,322.0,232.0,205.0,194.0,164.0,166.0,133.0,164.0,205.0,214.0,243.0,272.0,272.0,232.0,199.0,170.0,131.0,134.0,132.0,138.0,157.0,194.0,228.0,244.0,226.0,180.0,162.0,123.0,112.0,126.0,104.0,125.0,140.0,155.0,177.0,191.0,207.0
Manhattan,Manhattan,borough,5266.0,5536.0,5661.0,5803.0,5494.0,5590.0,5349.0,5116.0,4436.0,4483.0,4349.0,4401.0,4614.0,4512.0,5027.0,4887.0,5003.0,5268.0,5080.0,5301.0,4779.0,4835.0,4558.0,4350.0,4909.0,5129.0,5576.0,5662.0,5975.0,6103.0,6195.0,6030.0,5313.0,5202.0,5144.0,4924.0,5604.0,5603.0,6202.0,6726.0,6882.0,6826.0,7122.0,7021.0,6661.0,7247.0,6811.0,6566.0,6929.0,7228.0,7810.0,8147.0,8512.0,8125.0,8158.0,7869.0,7490.0,7160.0,6436.0,6392.0,7032.0,6873.0,7679.0,7920.0,8119.0,8448.0,8799.0,8351.0,7621.0,7583.0,7039.0,6732.0,7175.0,7290.0,7776.0,7789.0,8318.0,9001.0,9191.0,9516.0,8553.0,8373.0,7985.0,7455.0,8275.0,8050.0,8873.0,8749.0,9623.0,10053.0,9715.0,8287.0,7750.0,7853.0,7314.0,6677.0,7203.0,7018.0,7619.0,8005.0,8279.0,8310.0,8465.0,8175.0,7009.0,7173.0,6459.0,5797.0,6685.0,6236.0,6903.0,7478.0,7984.0,7763.0,7890.0,7578.0,6552.0,6167.0,5605.0,5287.0,5830.0,5364.0,4789.0,4458.0,7080.0,10007.0,13148.0,14508.0,14722.0,14859.0,13512.0,12544.0,12598.0,11697.0,12069.0,11199.0,10085.0,9316.0,8048.0,6997.0,5503.0,4816.0,4224.0,3711.0,3987.0,3933.0,4500.0,4494.0,5030.0,5640.0,5887.0,6230.0,5581.0,5395.0,5262.0,4850.0,5412.0,4998.0,5628.0,5717.0,6565.0,6903.0,7100.0,7288.0,6504.0,6315.0,5812.0,5195.0,5586.0,5296.0,5481.0,5780.0,6390.0,6525.0,7081.0,6794.0,6179.0,5749.0,4937.0,4508.0,4916.0,4566.0,5257.0,5693.0,6253.0,6358.0,6896.0,6447.0,5828.0,5453.0,4845.0,4595.0,5007.0,4826.0,5508.0,5680.0,5877.0,6284.0,6460.0,5965.0
Manhattan Beach,Brooklyn,neighborhood,0.0,0.0,0.0,0.0,0.0,0.0,0.0,0.0,0.0,0.0,0.0,0.0,0.0,0.0,0.0,0.0,0.0,0.0,0.0,0.0,0.0,0.0,0.0,0.0,0.0,0.0,0.0,0.0,0.0,0.0,0.0,0.0,0.0,0.0,0.0,0.0,0.0,0.0,0.0,0.0,0.0,0.0,0.0,0.0,0.0,0.0,0.0,0.0,0.0,0.0,0.0,0.0,0.0,0.0,0.0,1.0,2.0,1.0,0.0,1.0,1.0,0.0,0.0,0.0,0.0,1.0,1.0,1.0,1.0,1.0,2.0,1.0,0.0,0.0,0.0,0.0,0.0,0.0,0.0,1.0,0.0,0.0,0.0,0.0,0.0,0.0,0.0,1.0,1.0,1.0,1.0,1.0,0.0,0.0,0.0,0.0,0.0,0.0,0.0,1.0,2.0,3.0,0.0,0.0,2.0,0.0,0.0,0.0,0.0,0.0,0.0,0.0,0.0,1.0,0.0,0.0,0.0,0.0,0.0,0.0,0.0,0.0,0.0,0.0,0.0,1.0,3.0,2.0,0.0,1.0,1.0,1.0,1.0,0.0,2.0,1.0,0.0,1.0,2.0,2.0,0.0,1.0,0.0,0.0,0.0,0.0,0.0,0.0,0.0,1.0,1.0,0.0,0.0,0.0,1.0,1.0,0.0,0.0,1.0,1.0,0.0,0.0,0.0,1.0,0.0,0.0,0.0,0.0,0.0,0.0,0.0,0.0,0.0,0.0,1.0,2.0,0.0,0.0,0.0,0.0,0.0,3.0,2.0,1.0,1.0,0.0,1.0,0.0,2.0,2.0,2.0,0.0,0.0,0.0,0.0,0.0,1.0,1.0,1.0,0.0
Marble Hill,Manhattan,neighborhood,0.0,0.0,0.0,0.0,0.0,0.0,0.0,0.0,0.0,0.0,0.0,0.0,0.0,0.0,0.0,0.0,0.0,0.0,0.0,0.0,0.0,0.0,0.0,0.0,0.0,1.0,1.0,1.0,0.0,0.0,0.0,0.0,0.0,0.0,0.0,0.0,1.0,4.0,2.0,2.0,2.0,1.0,0.0,1.0,2.0,1.0,3.0,2.0,2.0,2.0,0.0,0.0,2.0,4.0,3.0,3.0,3.0,3.0,3.0,4.0,3.0,2.0,2.0,2.0,2.0,3.0,4.0,2.0,4.0,2.0,2.0,3.0,1.0,2.0,1.0,0.0,0.0,0.0,1.0,1.0,1.0,3.0,3.0,1.0,2.0,1.0,3.0,3.0,1.0,0.0,3.0,4.0,2.0,1.0,1.0,3.0,3.0,3.0,0.0,2.0,2.0,1.0,1.0,2.0,3.0,4.0,3.0,3.0,3.0,4.0,3.0,3.0,3.0,2.0,6.0,4.0,4.0,3.0,3.0,1.0,4.0,3.0,5.0,3.0,4.0,6.0,4.0,4.0,3.0,3.0,2.0,2.0,4.0,2.0,4.0,5.0,7.0,6.0,3.0,7.0,7.0,5.0,3.0,3.0,5.0,6.0,4.0,2.0,4.0,2.0,2.0,2.0,6.0,2.0,4.0,1.0,1.0,1.0,2.0,1.0,1.0,0.0,3.0,1.0,3.0,4.0,3.0,3.0,2.0,2.0,2.0,1.0,1.0,1.0,1.0,1.0,1.0,1.0,0.0,2.0,3.0,3.0,3.0,1.0,3.0,6.0,11.0,9.0,17.0,9.0,8.0,18.0,14.0,14.0,24.0,12.0,14.0,10.0,8.0,2.0
Marine Park,Brooklyn,neighborhood,0.0,0.0,0.0,0.0,0.0,0.0,0.0,0.0,0.0,1.0,0.0,0.0,0.0,3.0,3.0,3.0,3.0,3.0,2.0,2.0,2.0,2.0,2.0,3.0,1.0,1.0,1.0,0.0,0.0,0.0,0.0,0.0,0.0,0.0,0.0,1.0,1.0,2.0,2.0,2.0,3.0,2.0,0.0,0.0,0.0,1.0,0.0,0.0,1.0,0.0,0.0,0.0,0.0,0.0,0.0,0.0,1.0,0.0,0.0,0.0,0.0,0.0,1.0,1.0,2.0,1.0,1.0,1.0,2.0,2.0,1.0,0.0,1.0,1.0,4.0,3.0,4.0,2.0,2.0,4.0,3.0,1.0,3.0,4.0,3.0,1.0,2.0,2.0,2.0,5.0,3.0,1.0,1.0,0.0,1.0,1.0,0.0,0.0,0.0,1.0,0.0,0.0,0.0,3.0,3.0,5.0,2.0,2.0,6.0,5.0,3.0,4.0,1.0,2.0,0.0,2.0,0.0,0.0,2.0,1.0,3.0,1.0,1.0,0.0,0.0,0.0,0.0,0.0,0.0,2.0,2.0,2.0,1.0,1.0,1.0,1.0,1.0,1.0,1.0,4.0,6.0,4.0,3.0,1.0,2.0,2.0,1.0,1.0,0.0,0.0,0.0,0.0,2.0,2.0,2.0,2.0,3.0,0.0,2.0,1.0,1.0,0.0,0.0,0.0,0.0,1.0,3.0,0.0,1.0,0.0,1.0,1.0,0.0,0.0,0.0,0.0,0.0,1.0,0.0,0.0,0.0,2.0,2.0,2.0,1.0,2.0,2.0,0.0,0.0,1.0,2.0,0.0,1.0,2.0,1.0,2.0,1.0,0.0,0.0,1.0
Maspeth,Queens,neighborhood,0.0,0.0,0.0,0.0,1.0,0.0,0.0,0.0,1.0,1.0,1.0,1.0,1.0,1.0,3.0,2.0,2.0,0.0,0.0,0.0,1.0,1.0,1.0,1.0,0.0,0.0,1.0,1.0,0.0,0.0,0.0,0.0,0.0,0.0,0.0,0.0,2.0,2.0,1.0,0.0,0.0,0.0,0.0,0.0,0.0,1.0,1.0,2.0,3.0,2.0,0.0,1.0,0.0,1.0,3.0,3.0,0.0,3.0,3.0,3.0,1.0,1.0,6.0,11.0,7.0,9.0,5.0,2.0,3.0,4.0,8.0,9.0,10.0,6.0,6.0,6.0,5.0,5.0,5.0,8.0,10.0,10.0,7.0,6.0,7.0,10.0,12.0,9.0,10.0,12.0,11.0,9.0,8.0,10.0,12.0,9.0,12.0,13.0,5.0,10.0,9.0,9.0,9.0,9.0,13.0,10.0,16.0,9.0,8.0,9.0,8.0,12.0,10.0,7.0,11.0,14.0,10.0,12.0,9.0,8.0,11.0,10.0,3.0,2.0,7.0,12.0,11.0,22.0,22.0,16.0,12.0,7.0,13.0,12.0,15.0,14.0,8.0,16.0,10.0,13.0,16.0,12.0,11.0,6.0,14.0,8.0,8.0,12.0,9.0,13.0,20.0,26.0,14.0,10.0,10.0,10.0,15.0,10.0,17.0,18.0,5.0,13.0,14.0,9.0,16.0,17.0,12.0,13.0,12.0,9.0,5.0,7.0,13.0,9.0,8.0,9.0,26.0,12.0,15.0,12.0,18.0,15.0,9.0,5.0,13.0,11.0,5.0,8.0,10.0,10.0,13.0,17.0,17.0,20.0,15.0,10.0,12.0,15.0,21.0,13.0
Melrose,Bronx,neighborhood,0.0,0.0,0.0,0.0,0.0,1.0,1.0,0.0,0.0,0.0,0.0,0.0,0.0,0.0,0.0,0.0,0.0,0.0,0.0,0.0,4.0,8.0,7.0,6.0,3.0,2.0,1.0,1.0,1.0,1.0,1.0,0.0,0.0,0.0,0.0,0.0,0.0,0.0,0.0,0.0,0.0,0.0,0.0,0.0,0.0,0.0,0.0,0.0,0.0,0.0,0.0,0.0,0.0,0.0,0.0,0.0,0.0,0.0,1.0,1.0,0.0,0.0,1.0,1.0,1.0,1.0,1.0,1.0,1.0,1.0,0.0,0.0,1.0,0.0,0.0,0.0,0.0,1.0,1.0,2.0,2.0,0.0,0.0,1.0,1.0,3.0,2.0,5.0,2.0,1.0,1.0,1.0,1.0,2.0,3.0,3.0,1.0,2.0,3.0,3.0,2.0,11.0,2.0,1.0,2.0,1.0,0.0,3.0,3.0,3.0,2.0,4.0,4.0,5.0,3.0,3.0,1.0,1.0,1.0,2.0,3.0,2.0,5.0,3.0,3.0,3.0,1.0,5.0,2.0,8.0,16.0,4.0,3.0,2.0,3.0,6.0,3.0,3.0,7.0,6.0,5.0,3.0,3.0,3.0,2.0,1.0,12.0,9.0,6.0,4.0,2.0,7.0,6.0,9.0,1.0,1.0,1.0,1.0,3.0,8.0,1.0,3.0,2.0,6.0,3.0,5.0,10.0,7.0,4.0,1.0,2.0,4.0,2.0,11.0,6.0,5.0,2.0,1.0,2.0,0.0,5.0,0.0,4.0,2.0,1.0,4.0,5.0,3.0,2.0,0.0,1.0,1.0,1.0,5.0,5.0,4.0,4.0,6.0,3.0,4.0
Middle Village,Queens,neighborhood,0.0,1.0,1.0,0.0,0.0,0.0,0.0,0.0,0.0,0.0,0.0,0.0,0.0,0.0,0.0,0.0,0.0,0.0,0.0,0.0,0.0,0.0,0.0,0.0,0.0,0.0,1.0,0.0,0.0,0.0,1.0,1.0,0.0,0.0,0.0,1.0,1.0,0.0,0.0,0.0,0.0,0.0,0.0,0.0,1.0,1.0,0.0,0.0,1.0,2.0,3.0,1.0,2.0,2.0,3.0,2.0,1.0,1.0,3.0,1.0,0.0,3.0,2.0,7.0,6.0,4.0,2.0,2.0,4.0,3.0,4.0,4.0,6.0,8.0,7.0,5.0,3.0,3.0,4.0,5.0,0.0,3.0,3.0,0.0,3.0,3.0,3.0,6.0,8.0,8.0,9.0,7.0,2.0,1.0,5.0,2.0,2.0,3.0,2.0,3.0,4.0,4.0,5.0,4.0,6.0,3.0,3.0,7.0,9.0,13.0,9.0,5.0,7.0,10.0,8.0,12.0,9.0,6.0,3.0,2.0,2.0,6.0,4.0,3.0,1.0,2.0,5.0,4.0,3.0,6.0,11.0,18.0,10.0,13.0,17.0,7.0,6.0,8.0,10.0,11.0,5.0,19.0,16.0,5.0,6.0,5.0,8.0,1.0,7.0,9.0,4.0,5.0,3.0,2.0,6.0,7.0,8.0,7.0,6.0,6.0,6.0,3.0,2.0,5.0,7.0,13.0,8.0,8.0,8.0,10.0,8.0,5.0,9.0,8.0,10.0,8.0,5.0,5.0,2.0,3.0,7.0,6.0,8.0,12.0,15.0,6.0,10.0,15.0,7.0,5.0,10.0,8.0,5.0,6.0,7.0,4.0,6.0,11.0,20.0,14.0
Midtown,Manhattan,neighborhood,267.0,245.0,230.0,246.0,234.0,205.0,195.0,212.0,205.0,208.0,199.0,201.0,187.0,178.0,185.0,175.0,195.0,199.0,169.0,157.0,162.0,165.0,161.0,175.0,176.0,189.0,218.0,240.0,224.0,214.0,228.0,213.0,192.0,209.0,196.0,197.0,205.0,173.0,196.0,226.0,219.0,216.0,239.0,238.0,233.0,214.0,196.0,195.0,222.0,217.0,237.0,236.0,243.0,219.0,241.0,230.0,209.0,223.0,206.0,241.0,250.0,268.0,256.0,260.0,239.0,253.0,256.0,273.0,269.0,267.0,248.0,238.0,268.0,269.0,285.0,282.0,286.0,310.0,316.0,326.0,306.0,322.0,307.0,258.0,279.0,272.0,298.0,287.0,309.0,296.0,263.0,217.0,203.0,251.0,246.0,223.0,256.0,216.0,248.0,240.0,257.0,247.0,265.0,280.0,230.0,242.0,206.0,187.0,230.0,224.0,226.0,253.0,248.0,207.0,247.0,237.0,197.0,190.0,182.0,171.0,188.0,183.0,163.0,148.0,188.0,271.0,342.0,358.0,362.0,356.0,346.0,343.0,348.0,299.0,316.0,291.0,259.0,243.0,203.0,213.0,159.0,141.0,132.0,114.0,119.0,111.0,117.0,120.0,120.0,116.0,141.0,173.0,184.0,169.0,133.0,146.0,156.0,156.0,163.0,152.0,181.0,183.0,196.0,203.0,189.0,197.0,176.0,173.0,202.0,148.0,158.0,164.0,171.0,182.0,197.0,182.0,168.0,170.0,138.0,133.0,143.0,136.0,137.0,143.0,142.0,145.0,175.0,154.0,144.0,163.0,171.0,151.0,175.0,178.0,186.0,202.0,183.0,170.0,182.0,170.0
Midtown East,Manhattan,neighborhood,644.0,677.0,709.0,754.0,645.0,586.0,592.0,632.0,568.0,517.0,503.0,488.0,530.0,542.0,618.0,608.0,622.0,632.0,563.0,597.0,592.0,600.0,585.0,552.0,574.0,611.0,630.0,611.0,645.0,656.0,696.0,683.0,589.0,563.0,538.0,509.0,608.0,654.0,723.0,719.0,712.0,710.0,769.0,724.0,687.0,728.0,694.0,694.0,739.0,747.0,840.0,833.0,811.0,809.0,838.0,824.0,812.0,731.0,644.0,640.0,729.0,749.0,804.0,817.0,829.0,849.0,866.0,878.0,831.0,786.0,744.0,737.0,786.0,753.0,797.0,818.0,909.0,974.0,960.0,1010.0,865.0,866.0,786.0,750.0,888.0,864.0,951.0,977.0,1071.0,1117.0,1051.0,911.0,841.0,876.0,798.0,752.0,779.0,775.0,836.0,876.0,896.0,855.0,938.0,879.0,753.0,805.0,708.0,624.0,720.0,657.0,723.0,813.0,823.0,772.0,811.0,771.0,705.0,694.0,606.0,595.0,680.0,579.0,483.0,472.0,694.0,1023.0,1377.0,1601.0,1644.0,1675.0,1565.0,1448.0,1472.0,1430.0,1461.0,1395.0,1286.0,1131.0,885.0,762.0,618.0,559.0,471.0,457.0,478.0,488.0,550.0,531.0,555.0,593.0,654.0,734.0,617.0,626.0,575.0,553.0,623.0,600.0,661.0,634.0,726.0,790.0,789.0,871.0,814.0,803.0,737.0,657.0,734.0,686.0,756.0,783.0,848.0,787.0,787.0,771.0,778.0,721.0,618.0,564.0,600.0,564.0,705.0,744.0,772.0,815.0,858.0,802.0,739.0,678.0,598.0,593.0,652.0,640.0,730.0,772.0,809.0,831.0,849.0,755.0
Midtown South,Manhattan,neighborhood,64.0,76.0,90.0,110.0,94.0,101.0,100.0,101.0,92.0,77.0,66.0,62.0,65.0,76.0,75.0,75.0,82.0,71.0,60.0,88.0,93.0,98.0,96.0,78.0,98.0,131.0,136.0,130.0,94.0,92.0,96.0,92.0,93.0,102.0,96.0,95.0,117.0,111.0,113.0,117.0,139.0,143.0,151.0,146.0,136.0,126.0,105.0,101.0,118.0,119.0,142.0,129.0,110.0,112.0,128.0,107.0,110.0,131.0,121.0,123.0,120.0,121.0,142.0,141.0,137.0,155.0,170.0,146.0,139.0,145.0,146.0,124.0,143.0,136.0,135.0,140.0,149.0,170.0,181.0,155.0,115.0,138.0,137.0,149.0,151.0,159.0,147.0,143.0,174.0,200.0,164.0,122.0,118.0,153.0,140.0,144.0,129.0,135.0,177.0,149.0,135.0,140.0,164.0,143.0,121.0,138.0,119.0,108.0,121.0,98.0,108.0,129.0,130.0,117.0,139.0,140.0,108.0,109.0,99.0,89.0,90.0,94.0,88.0,77.0,106.0,137.0,196.0,212.0,204.0,244.0,221.0,219.0,185.0,169.0,194.0,181.0,178.0,133.0,94.0,96.0,81.0,80.0,67.0,64.0,66.0,69.0,77.0,90.0,83.0,98.0,107.0,114.0,119.0,110.0,116.0,95.0,111.0,90.0,106.0,116.0,125.0,122.0,139.0,140.0,111.0,123.0,114.0,103.0,100.0,91.0,93.0,111.0,106.0,107.0,120.0,143.0,125.0,112.0,99.0,101.0,99.0,101.0,110.0,119.0,106.0,107.0,123.0,120.0,117.0,99.0,97.0,95.0,95.0,86.0,99.0,127.0,115.0,118.0,115.0,113.0
Midtown West,Manhattan,neighborhood,370.0,389.0,372.0,404.0,370.0,429.0,442.0,361.0,308.0,330.0,317.0,296.0,291.0,305.0,301.0,310.0,303.0,363.0,338.0,375.0,345.0,348.0,358.0,342.0,396.0,408.0,446.0,408.0,426.0,469.0,436.0,441.0,415.0,374.0,400.0,373.0,406.0,408.0,456.0,503.0,495.0,492.0,484.0,524.0,473.0,513.0,475.0,467.0,524.0,537.0,559.0,545.0,632.0,586.0,568.0,567.0,547.0,582.0,542.0,563.0,613.0,647.0,665.0,708.0,606.0,685.0,672.0,637.0,577.0,588.0,633.0,585.0,643.0,636.0,657.0,659.0,655.0,732.0,736.0,779.0,751.0,699.0,702.0,634.0,686.0,656.0,736.0,735.0,786.0,789.0,784.0,687.0,603.0,658.0,618.0,592.0,608.0,598.0,640.0,658.0,665.0,664.0,649.0,660.0,536.0,589.0,557.0,572.0,637.0,525.0,577.0,627.0,649.0,661.0,668.0,636.0,577.0,540.0,483.0,469.0,525.0,488.0,433.0,420.0,594.0,820.0,1050.0,1133.0,1117.0,1105.0,1009.0,952.0,1004.0,910.0,962.0,938.0,906.0,781.0,670.0,549.0,425.0,397.0,333.0,286.0,292.0,348.0,381.0,340.0,414.0,430.0,460.0,508.0,427.0,480.0,470.0,452.0,513.0,486.0,555.0,526.0,608.0,677.0,628.0,639.0,583.0,563.0,507.0,471.0,469.0,466.0,526.0,541.0,595.0,593.0,616.0,626.0,574.0,580.0,495.0,438.0,502.0,439.0,522.0,548.0,596.0,631.0,649.0,604.0,549.0,552.0,481.0,449.0,499.0,492.0,525.0,543.0,603.0,628.0,632.0,558.0
Midwood,Brooklyn,neighborhood,3.0,3.0,4.0,3.0,0.0,2.0,3.0,4.0,1.0,5.0,5.0,6.0,7.0,14.0,19.0,15.0,13.0,12.0,11.0,15.0,17.0,22.0,16.0,23.0,20.0,26.0,19.0,17.0,14.0,24.0,27.0,24.0,19.0,22.0,20.0,23.0,32.0,35.0,27.0,28.0,19.0,11.0,20.0,22.0,29.0,32.0,38.0,28.0,27.0,37.0,42.0,37.0,38.0,49.0,43.0,52.0,61.0,52.0,41.0,55.0,44.0,35.0,37.0,50.0,58.0,72.0,83.0,64.0,56.0,54.0,49.0,57.0,50.0,42.0,54.0,48.0,51.0,45.0,43.0,58.0,65.0,51.0,49.0,45.0,74.0,102.0,104.0,99.0,124.0,109.0,99.0,62.0,62.0,77.0,80.0,94.0,79.0,86.0,84.0,76.0,98.0,100.0,113.0,126.0,118.0,157.0,132.0,100.0,99.0,91.0,128.0,90.0,170.0,139.0,121.0,116.0,114.0,91.0,107.0,101.0,107.0,94.0,81.0,46.0,80.0,81.0,106.0,133.0,168.0,132.0,146.0,152.0,127.0,115.0,129.0,126.0,131.0,145.0,136.0,129.0,100.0,123.0,94.0,107.0,121.0,110.0,109.0,97.0,86.0,66.0,74.0,67.0,51.0,35.0,45.0,59.0,61.0,73.0,89.0,68.0,81.0,69.0,76.0,54.0,48.0,39.0,60.0,66.0,76.0,83.0,114.0,71.0,79.0,60.0,78.0,78.0,94.0,86.0,64.0,70.0,84.0,71.0,90.0,79.0,91.0,83.0,105.0,102.0,90.0,80.0,88.0,74.0,91.0,73.0,69.0,63.0,73.0,89.0,87.0,84.0
Mill Basin,Brooklyn,neighborhood,0.0,0.0,0.0,0.0,0.0,0.0,0.0,0.0,0.0,0.0,0.0,0.0,0.0,0.0,0.0,0.0,0.0,0.0,0.0,0.0,0.0,0.0,0.0,0.0,0.0,0.0,0.0,0.0,0.0,0.0,1.0,1.0,0.0,1.0,1.0,0.0,0.0,0.0,0.0,0.0,0.0,0.0,0.0,1.0,1.0,1.0,0.0,0.0,0.0,0.0,0.0,0.0,0.0,1.0,1.0,1.0,1.0,2.0,2.0,2.0,0.0,0.0,0.0,0.0,0.0,0.0,0.0,0.0,0.0,0.0,0.0,0.0,0.0,0.0,0.0,0.0,1.0,0.0,0.0,0.0,0.0,0.0,0.0,0.0,0.0,0.0,0.0,0.0,0.0,0.0,0.0,0.0,0.0,0.0,0.0,0.0,0.0,0.0,0.0,0.0,0.0,0.0,0.0,0.0,1.0,0.0,0.0,0.0,0.0,0.0,1.0,1.0,1.0,0.0,0.0,0.0,0.0,0.0,0.0,0.0,0.0,0.0,0.0,0.0,1.0,1.0,0.0,0.0,0.0,0.0,0.0,1.0,1.0,0.0,0.0,0.0,0.0,0.0,0.0,0.0,0.0,0.0,0.0,1.0,0.0,0.0,0.0,0.0,0.0,0.0,1.0,0.0,0.0,0.0,0.0,0.0,0.0,0.0,0.0,0.0,0.0,0.0,0.0,0.0,0.0,0.0,0.0,0.0,0.0,0.0,0.0,0.0,0.0,0.0,0.0,0.0,0.0,0.0,0.0,0.0,0.0,0.0,0.0,1.0,2.0,0.0,0.0,0.0,1.0,1.0,0.0,0.0,0.0,0.0,0.0,1.0,3.0,1.0,0.0,0.0
Morningside Heights,Manhattan,neighborhood,13.0,15.0,19.0,18.0,15.0,16.0,15.0,14.0,14.0,9.0,7.0,6.0,8.0,12.0,13.0,12.0,14.0,11.0,9.0,12.0,8.0,11.0,11.0,5.0,1.0,9.0,19.0,21.0,20.0,19.0,21.0,23.0,8.0,9.0,8.0,14.0,15.0,14.0,12.0,14.0,14.0,23.0,36.0,30.0,20.0,16.0,16.0,17.0,30.0,27.0,33.0,41.0,61.0,53.0,57.0,48.0,35.0,33.0,34.0,37.0,47.0,43.0,39.0,51.0,48.0,54.0,56.0,56.0,44.0,46.0,41.0,37.0,33.0,31.0,35.0,32.0,42.0,51.0,63.0,68.0,54.0,54.0,44.0,34.0,37.0,36.0,38.0,39.0,44.0,55.0,59.0,58.0,40.0,41.0,31.0,35.0,36.0,25.0,38.0,37.0,51.0,60.0,55.0,39.0,18.0,26.0,28.0,19.0,29.0,27.0,37.0,40.0,40.0,45.0,52.0,45.0,23.0,23.0,18.0,23.0,18.0,13.0,23.0,26.0,29.0,49.0,60.0,87.0,96.0,90.0,89.0,82.0,78.0,64.0,70.0,73.0,69.0,64.0,37.0,27.0,18.0,23.0,22.0,27.0,17.0,16.0,24.0,30.0,23.0,25.0,25.0,22.0,18.0,28.0,21.0,13.0,25.0,20.0,27.0,30.0,23.0,27.0,32.0,48.0,30.0,28.0,31.0,28.0,28.0,19.0,29.0,58.0,47.0,48.0,60.0,52.0,34.0,27.0,26.0,26.0,28.0,23.0,30.0,50.0,76.0,66.0,66.0,54.0,35.0,26.0,26.0,31.0,24.0,25.0,30.0,49.0,61.0,76.0,68.0,46.0
Morris Heights,Bronx,neighborhood,0.0,0.0,0.0,0.0,0.0,0.0,0.0,0.0,0.0,0.0,0.0,0.0,0.0,0.0,0.0,0.0,0.0,0.0,0.0,0.0,0.0,0.0,1.0,0.0,0.0,0.0,0.0,0.0,0.0,0.0,0.0,1.0,0.0,0.0,0.0,0.0,0.0,0.0,0.0,0.0,0.0,0.0,0.0,0.0,0.0,0.0,0.0,0.0,0.0,0.0,0.0,0.0,0.0,1.0,1.0,3.0,4.0,4.0,4.0,2.0,1.0,3.0,3.0,1.0,2.0,1.0,0.0,2.0,6.0,4.0,2.0,0.0,2.0,5.0,10.0,4.0,1.0,1.0,2.0,7.0,12.0,13.0,10.0,9.0,10.0,13.0,10.0,10.0,11.0,12.0,12.0,14.0,11.0,13.0,11.0,5.0,4.0,1.0,2.0,1.0,0.0,2.0,6.0,6.0,9.0,7.0,7.0,8.0,7.0,6.0,8.0,5.0,2.0,3.0,2.0,2.0,7.0,9.0,7.0,5.0,5.0,4.0,4.0,2.0,2.0,8.0,6.0,10.0,6.0,3.0,2.0,2.0,4.0,2.0,3.0,1.0,4.0,3.0,6.0,7.0,8.0,1.0,3.0,4.0,3.0,3.0,6.0,3.0,8.0,8.0,6.0,7.0,5.0,3.0,8.0,6.0,3.0,5.0,2.0,5.0,7.0,1.0,3.0,2.0,1.0,1.0,1.0,1.0,3.0,4.0,9.0,2.0,2.0,1.0,1.0,4.0,2.0,4.0,2.0,2.0,1.0,0.0,3.0,2.0,3.0,1.0,1.0,1.0,2.0,1.0,2.0,3.0,4.0,5.0,11.0,5.0,2.0,0.0,2.0,2.0
Morris Park,Bronx,neighborhood,1.0,1.0,0.0,0.0,0.0,0.0,1.0,2.0,2.0,6.0,3.0,3.0,2.0,2.0,1.0,0.0,0.0,0.0,1.0,2.0,3.0,5.0,4.0,4.0,5.0,1.0,1.0,1.0,1.0,1.0,2.0,2.0,0.0,2.0,1.0,2.0,2.0,1.0,1.0,1.0,1.0,1.0,1.0,3.0,3.0,3.0,0.0,2.0,2.0,5.0,9.0,8.0,5.0,3.0,14.0,24.0,25.0,27.0,26.0,17.0,14.0,24.0,32.0,35.0,23.0,33.0,30.0,15.0,9.0,9.0,12.0,23.0,44.0,41.0,35.0,37.0,36.0,19.0,18.0,28.0,26.0,23.0,19.0,14.0,19.0,18.0,28.0,31.0,32.0,23.0,19.0,15.0,17.0,26.0,23.0,24.0,17.0,6.0,6.0,7.0,17.0,18.0,12.0,9.0,8.0,12.0,19.0,15.0,13.0,12.0,21.0,16.0,20.0,5.0,8.0,8.0,6.0,3.0,3.0,2.0,4.0,8.0,7.0,6.0,4.0,10.0,10.0,12.0,5.0,4.0,4.0,3.0,6.0,9.0,7.0,6.0,6.0,3.0,12.0,10.0,6.0,3.0,6.0,3.0,3.0,4.0,3.0,3.0,1.0,8.0,5.0,4.0,3.0,4.0,8.0,8.0,8.0,8.0,10.0,11.0,12.0,6.0,6.0,4.0,5.0,3.0,4.0,4.0,2.0,4.0,5.0,3.0,4.0,6.0,4.0,3.0,2.0,3.0,1.0,2.0,6.0,4.0,2.0,2.0,3.0,3.0,7.0,4.0,1.0,1.0,1.0,3.0,3.0,0.0,0.0,2.0,0.0,1.0,5.0,0.0
Morrisania,Bronx,neighborhood,0.0,0.0,0.0,0.0,0.0,0.0,0.0,0.0,0.0,0.0,0.0,0.0,0.0,0.0,0.0,0.0,0.0,0.0,0.0,0.0,0.0,0.0,0.0,0.0,0.0,0.0,0.0,0.0,0.0,0.0,0.0,0.0,0.0,0.0,0.0,0.0,0.0,1.0,1.0,0.0,0.0,0.0,0.0,0.0,0.0,0.0,0.0,0.0,0.0,0.0,0.0,0.0,0.0,0.0,0.0,0.0,0.0,0.0,0.0,0.0,1.0,0.0,1.0,2.0,2.0,1.0,2.0,1.0,2.0,4.0,1.0,0.0,0.0,0.0,1.0,1.0,1.0,0.0,0.0,0.0,1.0,1.0,1.0,1.0,1.0,1.0,1.0,2.0,1.0,0.0,0.0,1.0,1.0,1.0,0.0,0.0,1.0,0.0,0.0,0.0,0.0,0.0,1.0,3.0,7.0,1.0,3.0,3.0,1.0,0.0,1.0,2.0,0.0,0.0,0.0,1.0,3.0,2.0,2.0,4.0,4.0,2.0,3.0,0.0,1.0,1.0,1.0,2.0,2.0,0.0,0.0,1.0,1.0,0.0,1.0,1.0,0.0,0.0,1.0,3.0,2.0,0.0,1.0,2.0,1.0,1.0,0.0,1.0,2.0,3.0,0.0,1.0,2.0,2.0,0.0,0.0,1.0,3.0,4.0,1.0,1.0,1.0,2.0,2.0,2.0,2.0,1.0,2.0,1.0,1.0,1.0,1.0,2.0,3.0,1.0,2.0,5.0,2.0,1.0,1.0,0.0,1.0,0.0,0.0,1.0,1.0,0.0,0.0,0.0,0.0,1.0,0.0,2.0,1.0,2.0,1.0,0.0,0.0,1.0,1.0
Mott Haven,Bronx,neighborhood,1.0,1.0,1.0,1.0,3.0,2.0,2.0,3.0,2.0,1.0,3.0,2.0,2.0,1.0,1.0,4.0,5.0,5.0,1.0,1.0,1.0,1.0,2.0,1.0,1.0,1.0,1.0,1.0,3.0,5.0,3.0,2.0,1.0,1.0,2.0,2.0,2.0,2.0,3.0,7.0,4.0,1.0,1.0,1.0,0.0,0.0,0.0,0.0,3.0,2.0,3.0,0.0,1.0,2.0,2.0,4.0,6.0,4.0,4.0,4.0,13.0,14.0,16.0,11.0,12.0,8.0,6.0,2.0,4.0,6.0,4.0,1.0,3.0,2.0,7.0,17.0,17.0,13.0,14.0,13.0,10.0,7.0,6.0,5.0,13.0,17.0,15.0,23.0,24.0,18.0,20.0,16.0,14.0,13.0,16.0,14.0,12.0,15.0,13.0,18.0,24.0,16.0,18.0,32.0,39.0,37.0,29.0,25.0,38.0,31.0,22.0,26.0,40.0,32.0,36.0,36.0,41.0,28.0,30.0,20.0,15.0,11.0,13.0,11.0,19.0,19.0,30.0,40.0,45.0,45.0,32.0,47.0,46.0,43.0,42.0,63.0,56.0,59.0,60.0,61.0,39.0,48.0,46.0,33.0,37.0,67.0,77.0,44.0,62.0,48.0,50.0,60.0,57.0,61.0,72.0,78.0,71.0,64.0,72.0,83.0,129.0,123.0,105.0,141.0,138.0,131.0,114.0,114.0,134.0,151.0,160.0,165.0,184.0,171.0,212.0,204.0,207.0,199.0,187.0,189.0,206.0,153.0,223.0,256.0,240.0,209.0,230.0,225.0,259.0,298.0,214.0,180.0,201.0,219.0,216.0,182.0,213.0,210.0,240.0,241.0
NYC,,city,6286.0,6528.0,6648.0,6783.0,6388.0,6443.0,6157.0,5934.0,5196.0,5300.0,5178.0,5154.0,5485.0,5474.0,5982.0,5782.0,6046.0,6327.0,6118.0,6330.0,5724.0,5795.0,5465.0,5402.0,5950.0,6414.0,6854.0,6868.0,7350.0,7602.0,7715.0,7434.0,6631.0,6584.0,6411.0,6132.0,7005.0,6997.0,7649.0,8258.0,8476.0,8448.0,8962.0,9029.0,8776.0,9815.0,9451.0,9202.0,9841.0,10211.0,10952.0,11481.0,11983.0,11710.0,11935.0,11816.0,11303.0,11051.0,10516.0,10554.0,11390.0,11349.0,12346.0,12508.0,12813.0,13317.0,13838.0,13298.0,12502.0,12284.0,11413.0,10771.0,11428.0,11487.0,12355.0,12391.0,13231.0,14079.0,14462.0,15082.0,13981.0,13496.0,13217.0,12401.0,14245.0,14176.0,16037.0,15737.0,17371.0,18281.0,17677.0,13844.0,13281.0,13747.0,12971.0,11870.0,12976.0,12633.0,13683.0,14103.0,14850.0,15058.0,15163.0,15022.0,13359.0,14644.0,13595.0,12325.0,13893.0,12948.0,13928.0,14166.0,14925.0,14312.0,14391.0,13733.0,12030.0,11311.0,10178.0,9518.0,10568.0,9756.0,8773.0,7640.0,12413.0,17239.0,22142.0,24730.0,25041.0,25479.0,23400.0,21981.0,22400.0,20561.0,21874.0,20890.0,19487.0,18208.0,16002.0,13964.0,11060.0,10450.0,9446.0,8364.0,8751.0,8525.0,9713.0,9044.0,9535.0,10342.0,10909.0,11544.0,10607.0,10067.0,10016.0,9246.0,10271.0,9555.0,10797.0,10356.0,11742.0,12219.0,12751.0,13164.0,11605.0,11578.0,11106.0,9911.0,10764.0,10342.0,10947.0,11069.0,12294.0,12585.0,13955.0,13592.0,12727.0,12083.0,10588.0,9706.0,10747.0,10041.0,11239.0,11707.0,12850.0,12883.0,13714.0,13339.0,12684.0,11938.0,10459.0,10014.0,10683.0,10184.0,11528.0,11480.0,12122.0,13090.0,13384.0,12412.0
New Hyde Park,Queens,neighborhood,0.0,0.0,0.0,0.0,0.0,0.0,0.0,0.0,0.0,0.0,0.0,0.0,1.0,1.0,1.0,0.0,0.0,0.0,0.0,0.0,0.0,0.0,0.0,0.0,0.0,0.0,0.0,0.0,0.0,0.0,0.0,0.0,0.0,0.0,0.0,0.0,0.0,0.0,0.0,0.0,0.0,0.0,0.0,0.0,0.0,0.0,0.0,0.0,0.0,0.0,0.0,0.0,0.0,0.0,0.0,0.0,0.0,0.0,0.0,0.0,0.0,0.0,0.0,0.0,0.0,0.0,1.0,1.0,0.0,0.0,0.0,0.0,0.0,1.0,0.0,0.0,0.0,0.0,0.0,0.0,0.0,0.0,0.0,0.0,0.0,0.0,0.0,0.0,0.0,0.0,0.0,0.0,0.0,0.0,0.0,0.0,0.0,0.0,0.0,0.0,0.0,0.0,0.0,0.0,0.0,0.0,0.0,0.0,0.0,0.0,0.0,0.0,0.0,0.0,0.0,0.0,0.0,0.0,0.0,0.0,0.0,0.0,0.0,0.0,0.0,0.0,0.0,0.0,0.0,0.0,0.0,0.0,0.0,0.0,0.0,0.0,0.0,0.0,0.0,0.0,0.0,0.0,0.0,0.0,0.0,0.0,0.0,0.0,0.0,0.0,0.0,0.0,0.0,0.0,0.0,0.0,0.0,0.0,0.0,0.0,0.0,0.0,0.0,0.0,0.0,0.0,0.0,0.0,0.0,0.0,0.0,0.0,0.0,0.0,0.0,0.0,0.0,0.0,0.0,0.0,0.0,0.0,0.0,0.0,0.0,0.0,0.0,0.0,0.0,0.0,0.0,0.0,0.0,0.0,0.0,0.0,0.0,0.0,0.0,0.0
Nolita,Manhattan,neighborhood,39.0,45.0,42.0,54.0,39.0,42.0,52.0,41.0,28.0,18.0,23.0,16.0,25.0,27.0,33.0,27.0,33.0,29.0,29.0,37.0,19.0,19.0,18.0,24.0,33.0,32.0,35.0,40.0,38.0,58.0,67.0,47.0,56.0,37.0,34.0,24.0,33.0,51.0,63.0,71.0,60.0,66.0,83.0,68.0,70.0,169.0,47.0,44.0,72.0,75.0,78.0,79.0,94.0,86.0,87.0,87.0,91.0,66.0,34.0,50.0,49.0,47.0,65.0,60.0,89.0,90.0,84.0,74.0,58.0,55.0,47.0,40.0,48.0,60.0,74.0,69.0,68.0,71.0,75.0,85.0,71.0,60.0,48.0,52.0,60.0,47.0,57.0,68.0,92.0,79.0,78.0,68.0,81.0,71.0,63.0,70.0,70.0,75.0,80.0,74.0,82.0,87.0,74.0,80.0,77.0,70.0,55.0,52.0,73.0,49.0,67.0,91.0,98.0,90.0,93.0,81.0,65.0,56.0,45.0,41.0,58.0,56.0,44.0,46.0,96.0,129.0,167.0,195.0,188.0,167.0,187.0,149.0,123.0,122.0,128.0,122.0,81.0,65.0,46.0,39.0,29.0,36.0,35.0,37.0,29.0,32.0,42.0,56.0,44.0,54.0,60.0,54.0,51.0,55.0,41.0,42.0,64.0,69.0,72.0,83.0,78.0,87.0,75.0,55.0,41.0,56.0,55.0,42.0,44.0,47.0,60.0,63.0,82.0,79.0,79.0,69.0,48.0,40.0,33.0,40.0,40.0,49.0,52.0,67.0,88.0,88.0,99.0,95.0,60.0,47.0,38.0,42.0,51.0,43.0,64.0,57.0,67.0,82.0,93.0,95.0
North Corona,Queens,neighborhood,0.0,0.0,0.0,0.0,0.0,0.0,0.0,0.0,0.0,0.0,0.0,0.0,1.0,1.0,1.0,1.0,4.0,6.0,5.0,1.0,0.0,2.0,3.0,0.0,0.0,1.0,1.0,0.0,0.0,0.0,5.0,3.0,3.0,3.0,3.0,3.0,0.0,1.0,1.0,1.0,1.0,1.0,1.0,1.0,0.0,0.0,1.0,1.0,1.0,1.0,4.0,4.0,6.0,4.0,2.0,2.0,1.0,3.0,3.0,3.0,7.0,13.0,13.0,4.0,4.0,10.0,10.0,3.0,2.0,4.0,6.0,4.0,6.0,11.0,5.0,1.0,1.0,2.0,1.0,1.0,2.0,3.0,2.0,1.0,1.0,2.0,3.0,4.0,5.0,5.0,8.0,6.0,5.0,7.0,8.0,6.0,11.0,12.0,4.0,5.0,6.0,6.0,4.0,8.0,6.0,4.0,2.0,5.0,9.0,4.0,7.0,6.0,3.0,7.0,3.0,6.0,4.0,5.0,9.0,6.0,6.0,6.0,4.0,2.0,3.0,6.0,3.0,7.0,6.0,5.0,4.0,8.0,6.0,3.0,3.0,5.0,4.0,11.0,5.0,4.0,4.0,4.0,2.0,0.0,1.0,2.0,1.0,2.0,3.0,2.0,1.0,6.0,2.0,2.0,2.0,4.0,3.0,0.0,3.0,0.0,2.0,1.0,5.0,0.0,1.0,1.0,7.0,7.0,12.0,2.0,4.0,5.0,5.0,5.0,7.0,4.0,1.0,2.0,7.0,3.0,3.0,2.0,2.0,6.0,8.0,8.0,8.0,3.0,7.0,4.0,3.0,2.0,2.0,2.0,6.0,6.0,9.0,9.0,8.0,5.0
Norwood,Bronx,neighborhood,1.0,1.0,0.0,0.0,0.0,0.0,0.0,2.0,1.0,0.0,1.0,1.0,1.0,1.0,1.0,1.0,0.0,1.0,2.0,2.0,1.0,0.0,0.0,1.0,2.0,1.0,3.0,4.0,3.0,4.0,3.0,2.0,3.0,3.0,5.0,5.0,5.0,6.0,4.0,5.0,4.0,4.0,4.0,3.0,7.0,4.0,4.0,3.0,2.0,4.0,6.0,2.0,1.0,3.0,5.0,5.0,8.0,7.0,12.0,14.0,8.0,8.0,9.0,10.0,18.0,19.0,34.0,30.0,31.0,51.0,45.0,37.0,39.0,24.0,21.0,12.0,7.0,20.0,25.0,23.0,31.0,27.0,29.0,26.0,22.0,18.0,27.0,25.0,28.0,37.0,21.0,15.0,15.0,9.0,12.0,16.0,8.0,7.0,8.0,4.0,7.0,7.0,10.0,20.0,16.0,14.0,16.0,11.0,18.0,22.0,19.0,18.0,28.0,23.0,24.0,18.0,9.0,10.0,15.0,14.0,6.0,6.0,6.0,10.0,9.0,9.0,8.0,8.0,6.0,7.0,22.0,15.0,9.0,9.0,9.0,8.0,8.0,11.0,15.0,28.0,12.0,15.0,4.0,5.0,12.0,11.0,18.0,13.0,15.0,14.0,12.0,8.0,9.0,3.0,9.0,10.0,10.0,14.0,17.0,9.0,9.0,9.0,14.0,19.0,11.0,13.0,10.0,7.0,13.0,10.0,24.0,15.0,12.0,11.0,8.0,5.0,7.0,5.0,11.0,11.0,10.0,17.0,9.0,8.0,10.0,8.0,9.0,3.0,8.0,7.0,10.0,8.0,8.0,7.0,5.0,4.0,10.0,7.0,11.0,8.0
Oakland Gardens,Queens,neighborhood,0.0,0.0,0.0,0.0,0.0,0.0,0.0,0.0,0.0,0.0,0.0,0.0,0.0,0.0,0.0,0.0,0.0,0.0,0.0,0.0,0.0,0.0,0.0,0.0,0.0,0.0,0.0,0.0,0.0,1.0,1.0,1.0,2.0,1.0,1.0,1.0,1.0,0.0,1.0,1.0,1.0,0.0,1.0,1.0,1.0,1.0,1.0,0.0,0.0,0.0,0.0,0.0,0.0,0.0,2.0,2.0,1.0,1.0,0.0,1.0,4.0,5.0,4.0,4.0,2.0,4.0,5.0,5.0,5.0,5.0,3.0,3.0,5.0,6.0,5.0,5.0,6.0,4.0,5.0,8.0,3.0,4.0,7.0,9.0,14.0,10.0,8.0,5.0,5.0,10.0,9.0,11.0,7.0,10.0,8.0,6.0,3.0,4.0,5.0,1.0,0.0,4.0,5.0,4.0,1.0,1.0,6.0,4.0,5.0,2.0,0.0,5.0,8.0,7.0,4.0,3.0,2.0,1.0,1.0,4.0,4.0,6.0,2.0,1.0,3.0,1.0,1.0,0.0,2.0,4.0,1.0,0.0,2.0,3.0,17.0,14.0,5.0,8.0,3.0,0.0,2.0,5.0,9.0,14.0,19.0,13.0,19.0,13.0,1.0,3.0,7.0,11.0,13.0,5.0,15.0,9.0,5.0,17.0,25.0,14.0,10.0,9.0,16.0,15.0,7.0,1.0,4.0,1.0,7.0,8.0,18.0,14.0,11.0,9.0,10.0,14.0,15.0,13.0,19.0,14.0,8.0,8.0,13.0,13.0,15.0,8.0,16.0,11.0,9.0,7.0,12.0,8.0,3.0,6.0,13.0,3.0,4.0,4.0,17.0,14.0
Old Mill Basin,Brooklyn,neighborhood,0.0,0.0,0.0,0.0,0.0,0.0,0.0,0.0,0.0,0.0,0.0,0.0,0.0,0.0,0.0,0.0,0.0,0.0,0.0,0.0,0.0,0.0,0.0,0.0,0.0,0.0,0.0,0.0,0.0,0.0,0.0,0.0,0.0,0.0,0.0,0.0,0.0,1.0,1.0,0.0,0.0,0.0,1.0,1.0,1.0,1.0,1.0,1.0,0.0,0.0,0.0,0.0,0.0,0.0,0.0,1.0,1.0,1.0,1.0,1.0,0.0,0.0,0.0,1.0,1.0,0.0,0.0,0.0,0.0,0.0,0.0,1.0,0.0,0.0,1.0,0.0,0.0,0.0,1.0,1.0,1.0,1.0,1.0,2.0,2.0,1.0,0.0,0.0,0.0,0.0,0.0,0.0,0.0,0.0,0.0,0.0,1.0,1.0,1.0,0.0,0.0,0.0,0.0,0.0,0.0,0.0,0.0,0.0,0.0,0.0,0.0,0.0,0.0,0.0,0.0,0.0,0.0,0.0,0.0,0.0,0.0,0.0,0.0,0.0,0.0,0.0,0.0,1.0,1.0,0.0,0.0,0.0,0.0,0.0,0.0,0.0,0.0,0.0,0.0,0.0,0.0,0.0,0.0,0.0,0.0,0.0,1.0,1.0,0.0,0.0,0.0,0.0,0.0,0.0,0.0,0.0,0.0,0.0,0.0,0.0,0.0,0.0,0.0,1.0,1.0,1.0,1.0,2.0,2.0,1.0,1.0,1.0,1.0,1.0,2.0,2.0,1.0,0.0,0.0,0.0,1.0,0.0,0.0,0.0,1.0,1.0,0.0,0.0,0.0,0.0,0.0,0.0,0.0,0.0,0.0,0.0,1.0,3.0,0.0,0.0
Ozone Park,Queens,neighborhood,0.0,0.0,0.0,0.0,0.0,0.0,0.0,0.0,0.0,0.0,0.0,0.0,0.0,1.0,1.0,0.0,0.0,0.0,0.0,0.0,0.0,0.0,0.0,0.0,0.0,0.0,0.0,0.0,0.0,0.0,0.0,0.0,0.0,0.0,0.0,0.0,0.0,0.0,0.0,0.0,0.0,0.0,0.0,0.0,0.0,0.0,0.0,0.0,0.0,0.0,1.0,0.0,0.0,0.0,0.0,0.0,0.0,0.0,0.0,0.0,0.0,0.0,0.0,0.0,0.0,0.0,0.0,0.0,0.0,0.0,0.0,0.0,0.0,0.0,0.0,0.0,0.0,0.0,0.0,0.0,0.0,0.0,0.0,0.0,0.0,0.0,0.0,0.0,0.0,1.0,1.0,1.0,0.0,0.0,1.0,1.0,0.0,0.0,0.0,1.0,4.0,8.0,6.0,4.0,5.0,6.0,2.0,0.0,0.0,6.0,2.0,0.0,0.0,0.0,0.0,0.0,0.0,0.0,2.0,0.0,0.0,0.0,0.0,1.0,5.0,0.0,1.0,1.0,0.0,3.0,2.0,1.0,0.0,2.0,0.0,1.0,2.0,2.0,1.0,1.0,3.0,0.0,1.0,0.0,0.0,0.0,1.0,0.0,2.0,1.0,0.0,0.0,0.0,1.0,2.0,1.0,1.0,2.0,1.0,1.0,2.0,0.0,0.0,2.0,0.0,1.0,2.0,2.0,3.0,5.0,3.0,4.0,4.0,4.0,5.0,5.0,2.0,2.0,2.0,2.0,1.0,4.0,5.0,7.0,7.0,2.0,2.0,0.0,0.0,0.0,0.0,0.0,0.0,0.0,1.0,2.0,2.0,9.0,5.0,3.0
Park Slope,Brooklyn,neighborhood,78.0,81.0,69.0,67.0,66.0,60.0,53.0,50.0,53.0,61.0,55.0,64.0,73.0,57.0,58.0,49.0,62.0,61.0,72.0,56.0,39.0,31.0,41.0,54.0,67.0,69.0,67.0,64.0,70.0,73.0,76.0,72.0,72.0,75.0,58.0,63.0,67.0,74.0,71.0,85.0,107.0,101.0,109.0,108.0,141.0,150.0,150.0,136.0,154.0,131.0,117.0,156.0,185.0,159.0,194.0,226.0,214.0,272.0,268.0,236.0,285.0,262.0,285.0,278.0,254.0,214.0,222.0,249.0,278.0,241.0,222.0,213.0,210.0,205.0,220.0,217.0,206.0,243.0,257.0,259.0,233.0,242.0,222.0,215.0,288.0,279.0,320.0,344.0,360.0,343.0,334.0,237.0,236.0,258.0,197.0,174.0,204.0,228.0,228.0,250.0,251.0,277.0,269.0,253.0,224.0,233.0,204.0,199.0,245.0,236.0,266.0,256.0,264.0,227.0,244.0,205.0,179.0,154.0,136.0,128.0,133.0,126.0,108.0,98.0,212.0,289.0,377.0,416.0,452.0,413.0,402.0,353.0,349.0,321.0,333.0,336.0,316.0,293.0,284.0,195.0,152.0,150.0,106.0,91.0,98.0,103.0,121.0,111.0,100.0,119.0,152.0,163.0,143.0,93.0,86.0,81.0,83.0,85.0,122.0,142.0,158.0,161.0,136.0,163.0,180.0,167.0,129.0,99.0,107.0,111.0,128.0,149.0,166.0,171.0,181.0,193.0,152.0,130.0,100.0,82.0,96.0,104.0,114.0,93.0,134.0,152.0,167.0,180.0,158.0,139.0,92.0,95.0,105.0,100.0,113.0,100.0,125.0,136.0,131.0,132.0
Parkchester,Bronx,neighborhood,1.0,1.0,1.0,1.0,0.0,1.0,1.0,0.0,0.0,2.0,2.0,2.0,2.0,7.0,5.0,6.0,4.0,3.0,3.0,4.0,5.0,4.0,5.0,5.0,4.0,3.0,4.0,6.0,4.0,3.0,2.0,2.0,2.0,2.0,2.0,3.0,4.0,4.0,4.0,6.0,6.0,8.0,5.0,4.0,5.0,11.0,8.0,4.0,8.0,5.0,3.0,2.0,1.0,1.0,20.0,36.0,36.0,27.0,22.0,21.0,19.0,20.0,22.0,20.0,19.0,19.0,17.0,16.0,17.0,19.0,16.0,9.0,12.0,15.0,19.0,13.0,13.0,14.0,15.0,12.0,16.0,18.0,19.0,21.0,17.0,8.0,12.0,10.0,13.0,14.0,11.0,12.0,10.0,15.0,13.0,14.0,11.0,11.0,13.0,8.0,11.0,13.0,17.0,13.0,7.0,12.0,10.0,11.0,15.0,15.0,9.0,6.0,7.0,11.0,14.0,10.0,10.0,8.0,4.0,5.0,6.0,5.0,6.0,4.0,6.0,2.0,5.0,9.0,6.0,9.0,6.0,6.0,6.0,7.0,2.0,5.0,5.0,5.0,11.0,13.0,7.0,10.0,9.0,7.0,6.0,5.0,5.0,9.0,6.0,12.0,15.0,8.0,7.0,6.0,2.0,4.0,4.0,5.0,8.0,3.0,4.0,6.0,5.0,5.0,3.0,7.0,5.0,5.0,4.0,7.0,6.0,7.0,6.0,7.0,7.0,6.0,6.0,6.0,4.0,7.0,4.0,6.0,9.0,12.0,7.0,3.0,4.0,6.0,5.0,6.0,6.0,3.0,2.0,2.0,0.0,1.0,2.0,3.0,2.0,5.0
Pelham Bay,Bronx,neighborhood,1.0,1.0,0.0,0.0,0.0,0.0,0.0,0.0,0.0,0.0,0.0,0.0,0.0,0.0,0.0,0.0,0.0,0.0,0.0,0.0,0.0,1.0,1.0,1.0,4.0,3.0,3.0,3.0,3.0,3.0,3.0,1.0,1.0,2.0,2.0,1.0,2.0,2.0,0.0,0.0,0.0,0.0,1.0,1.0,1.0,0.0,0.0,0.0,0.0,0.0,0.0,1.0,1.0,1.0,3.0,4.0,2.0,2.0,4.0,3.0,0.0,7.0,14.0,16.0,8.0,8.0,7.0,1.0,5.0,7.0,5.0,7.0,5.0,9.0,5.0,4.0,6.0,5.0,2.0,7.0,3.0,10.0,11.0,8.0,5.0,6.0,6.0,6.0,7.0,11.0,16.0,8.0,6.0,8.0,9.0,9.0,7.0,4.0,5.0,5.0,2.0,3.0,5.0,10.0,10.0,9.0,10.0,6.0,2.0,4.0,9.0,8.0,8.0,5.0,5.0,7.0,7.0,4.0,4.0,4.0,5.0,2.0,2.0,3.0,3.0,4.0,2.0,4.0,5.0,8.0,6.0,7.0,6.0,6.0,7.0,4.0,4.0,6.0,11.0,8.0,10.0,4.0,4.0,2.0,5.0,4.0,5.0,5.0,5.0,3.0,3.0,2.0,2.0,7.0,2.0,3.0,3.0,1.0,2.0,1.0,4.0,5.0,5.0,8.0,6.0,4.0,4.0,8.0,4.0,3.0,5.0,2.0,3.0,2.0,2.0,1.0,2.0,2.0,3.0,5.0,8.0,6.0,7.0,7.0,5.0,5.0,4.0,2.0,3.0,3.0,4.0,5.0,6.0,3.0,2.0,5.0,1.0,3.0,5.0,3.0
Pelham Gardens,Bronx,neighborhood,0.0,0.0,0.0,0.0,0.0,0.0,0.0,0.0,0.0,0.0,0.0,0.0,0.0,0.0,0.0,0.0,0.0,0.0,0.0,0.0,0.0,0.0,0.0,0.0,0.0,0.0,0.0,0.0,0.0,0.0,0.0,0.0,0.0,0.0,0.0,0.0,0.0,0.0,0.0,0.0,0.0,0.0,0.0,0.0,0.0,0.0,0.0,0.0,0.0,0.0,0.0,0.0,0.0,0.0,1.0,1.0,1.0,0.0,0.0,0.0,1.0,1.0,0.0,0.0,0.0,0.0,0.0,0.0,0.0,0.0,0.0,2.0,4.0,5.0,5.0,2.0,0.0,0.0,0.0,1.0,4.0,5.0,3.0,1.0,4.0,5.0,2.0,1.0,3.0,0.0,1.0,3.0,5.0,2.0,3.0,2.0,0.0,0.0,1.0,1.0,1.0,2.0,1.0,4.0,1.0,0.0,0.0,0.0,1.0,1.0,0.0,1.0,1.0,0.0,1.0,3.0,1.0,0.0,5.0,1.0,0.0,0.0,0.0,0.0,1.0,1.0,1.0,2.0,1.0,3.0,3.0,1.0,2.0,0.0,0.0,0.0,0.0,2.0,2.0,1.0,0.0,0.0,0.0,1.0,0.0,0.0,0.0,0.0,1.0,2.0,2.0,1.0,0.0,0.0,0.0,0.0,0.0,1.0,1.0,0.0,1.0,1.0,2.0,2.0,2.0,3.0,1.0,0.0,0.0,0.0,0.0,2.0,1.0,0.0,1.0,0.0,0.0,0.0,1.0,1.0,1.0,3.0,1.0,0.0,2.0,1.0,1.0,1.0,1.0,0.0,1.0,2.0,2.0,0.0,0.0,0.0,0.0,1.0,0.0,0.0
Pelham Parkway,Bronx,neighborhood,0.0,0.0,0.0,0.0,0.0,0.0,0.0,0.0,0.0,0.0,0.0,0.0,0.0,0.0,0.0,0.0,0.0,0.0,0.0,0.0,0.0,0.0,0.0,0.0,0.0,0.0,0.0,0.0,0.0,0.0,0.0,0.0,0.0,0.0,0.0,0.0,0.0,0.0,0.0,0.0,0.0,0.0,1.0,1.0,1.0,1.0,1.0,1.0,1.0,0.0,1.0,0.0,2.0,2.0,3.0,4.0,2.0,2.0,6.0,6.0,7.0,4.0,5.0,10.0,10.0,14.0,10.0,3.0,2.0,0.0,2.0,3.0,5.0,4.0,2.0,2.0,2.0,1.0,2.0,2.0,2.0,1.0,2.0,2.0,3.0,2.0,4.0,1.0,1.0,2.0,2.0,1.0,1.0,5.0,4.0,4.0,3.0,3.0,2.0,2.0,10.0,8.0,8.0,4.0,5.0,3.0,5.0,4.0,6.0,5.0,5.0,1.0,3.0,5.0,10.0,5.0,8.0,9.0,6.0,7.0,0.0,5.0,6.0,8.0,14.0,14.0,13.0,15.0,14.0,10.0,14.0,13.0,17.0,16.0,16.0,8.0,5.0,7.0,9.0,11.0,4.0,5.0,5.0,5.0,7.0,19.0,17.0,4.0,7.0,11.0,14.0,16.0,8.0,8.0,11.0,16.0,14.0,9.0,16.0,12.0,15.0,10.0,11.0,13.0,11.0,12.0,7.0,5.0,11.0,18.0,11.0,7.0,7.0,10.0,11.0,9.0,13.0,13.0,10.0,8.0,6.0,9.0,6.0,11.0,8.0,6.0,11.0,5.0,7.0,5.0,7.0,7.0,3.0,2.0,3.0,3.0,5.0,5.0,3.0,3.0
Pomonok,Queens,neighborhood,0.0,0.0,0.0,0.0,0.0,0.0,0.0,0.0,0.0,0.0,0.0,0.0,0.0,0.0,0.0,1.0,2.0,2.0,2.0,2.0,1.0,1.0,1.0,1.0,1.0,1.0,1.0,1.0,1.0,1.0,1.0,1.0,1.0,1.0,1.0,1.0,1.0,1.0,1.0,1.0,1.0,1.0,1.0,1.0,1.0,1.0,1.0,1.0,1.0,1.0,1.0,1.0,1.0,1.0,1.0,1.0,2.0,2.0,1.0,1.0,0.0,0.0,0.0,0.0,0.0,0.0,0.0,1.0,1.0,1.0,1.0,1.0,1.0,1.0,3.0,3.0,3.0,1.0,2.0,2.0,1.0,1.0,1.0,0.0,0.0,1.0,2.0,2.0,2.0,2.0,2.0,0.0,1.0,2.0,2.0,1.0,1.0,0.0,1.0,1.0,0.0,0.0,0.0,0.0,1.0,2.0,1.0,1.0,0.0,1.0,1.0,1.0,0.0,0.0,1.0,0.0,0.0,1.0,1.0,2.0,1.0,1.0,0.0,0.0,0.0,0.0,0.0,0.0,1.0,2.0,1.0,1.0,6.0,2.0,0.0,2.0,7.0,2.0,4.0,2.0,2.0,1.0,0.0,2.0,1.0,5.0,3.0,2.0,6.0,0.0,3.0,3.0,0.0,0.0,0.0,3.0,2.0,0.0,2.0,0.0,1.0,3.0,3.0,2.0,1.0,0.0,0.0,0.0,0.0,1.0,1.0,2.0,0.0,1.0,1.0,0.0,0.0,1.0,2.0,3.0,2.0,2.0,4.0,4.0,2.0,1.0,0.0,0.0,1.0,1.0,1.0,2.0,4.0,0.0,0.0,1.0,1.0,0.0,2.0,2.0
Port Morris,Bronx,neighborhood,0.0,0.0,0.0,0.0,0.0,0.0,0.0,0.0,0.0,0.0,0.0,0.0,0.0,0.0,0.0,0.0,0.0,0.0,0.0,0.0,0.0,0.0,0.0,0.0,0.0,0.0,0.0,0.0,0.0,0.0,0.0,0.0,0.0,0.0,0.0,0.0,0.0,0.0,0.0,0.0,0.0,0.0,0.0,0.0,0.0,0.0,0.0,0.0,0.0,0.0,0.0,0.0,0.0,0.0,0.0,0.0,0.0,0.0,0.0,0.0,0.0,0.0,0.0,0.0,0.0,0.0,0.0,0.0,0.0,0.0,2.0,2.0,2.0,2.0,1.0,0.0,0.0,0.0,0.0,1.0,1.0,1.0,1.0,1.0,2.0,2.0,3.0,1.0,1.0,0.0,0.0,0.0,2.0,3.0,7.0,2.0,4.0,4.0,7.0,4.0,6.0,1.0,0.0,0.0,0.0,0.0,0.0,2.0,1.0,1.0,2.0,3.0,6.0,0.0,2.0,1.0,0.0,0.0,1.0,0.0,0.0,0.0,0.0,1.0,2.0,0.0,2.0,2.0,2.0,2.0,2.0,2.0,2.0,1.0,1.0,1.0,2.0,4.0,3.0,2.0,3.0,2.0,2.0,1.0,0.0,1.0,1.0,1.0,1.0,0.0,0.0,1.0,1.0,1.0,1.0,0.0,0.0,0.0,0.0,1.0,2.0,1.0,1.0,0.0,0.0,0.0,0.0,0.0,0.0,0.0,0.0,0.0,1.0,2.0,2.0,6.0,3.0,0.0,0.0,1.0,0.0,0.0,0.0,1.0,1.0,2.0,1.0,1.0,1.0,1.0,0.0,0.0,0.0,0.0,0.0,0.0,2.0,1.0,1.0,1.0
Prospect Heights,Brooklyn,neighborhood,12.0,10.0,15.0,12.0,14.0,17.0,24.0,27.0,26.0,24.0,19.0,12.0,9.0,8.0,9.0,10.0,16.0,16.0,12.0,10.0,9.0,9.0,7.0,9.0,10.0,11.0,11.0,12.0,14.0,15.0,18.0,13.0,7.0,12.0,14.0,15.0,24.0,22.0,27.0,35.0,42.0,31.0,30.0,32.0,29.0,37.0,30.0,28.0,32.0,27.0,43.0,27.0,42.0,42.0,49.0,50.0,63.0,66.0,58.0,58.0,54.0,63.0,72.0,66.0,59.0,72.0,75.0,79.0,71.0,53.0,42.0,42.0,34.0,41.0,37.0,44.0,49.0,40.0,51.0,67.0,73.0,80.0,76.0,67.0,88.0,79.0,88.0,103.0,111.0,108.0,101.0,96.0,96.0,71.0,55.0,54.0,73.0,60.0,57.0,52.0,68.0,54.0,56.0,68.0,61.0,84.0,113.0,77.0,78.0,64.0,58.0,87.0,74.0,63.0,60.0,51.0,52.0,45.0,38.0,37.0,49.0,39.0,31.0,29.0,73.0,86.0,124.0,149.0,156.0,154.0,147.0,118.0,103.0,103.0,142.0,109.0,98.0,95.0,96.0,60.0,64.0,66.0,65.0,47.0,69.0,72.0,41.0,68.0,53.0,58.0,69.0,81.0,75.0,78.0,62.0,59.0,64.0,60.0,76.0,80.0,86.0,59.0,81.0,94.0,62.0,53.0,64.0,57.0,56.0,65.0,65.0,76.0,69.0,65.0,79.0,78.0,56.0,59.0,50.0,57.0,56.0,52.0,41.0,67.0,52.0,50.0,89.0,118.0,100.0,97.0,79.0,61.0,65.0,58.0,59.0,71.0,85.0,77.0,83.0,72.0
Prospect Lefferts Gardens,Brooklyn,neighborhood,0.0,0.0,1.0,2.0,3.0,4.0,1.0,2.0,2.0,2.0,6.0,7.0,7.0,5.0,3.0,4.0,4.0,7.0,5.0,6.0,2.0,1.0,4.0,8.0,7.0,10.0,5.0,3.0,4.0,7.0,9.0,9.0,10.0,10.0,7.0,8.0,12.0,9.0,4.0,8.0,5.0,7.0,7.0,9.0,13.0,13.0,6.0,14.0,18.0,22.0,31.0,32.0,35.0,41.0,45.0,57.0,43.0,67.0,78.0,83.0,83.0,90.0,91.0,87.0,92.0,99.0,106.0,113.0,94.0,62.0,53.0,46.0,45.0,44.0,45.0,44.0,59.0,67.0,90.0,109.0,114.0,91.0,88.0,77.0,99.0,83.0,103.0,82.0,98.0,110.0,105.0,81.0,75.0,91.0,125.0,112.0,92.0,102.0,92.0,106.0,101.0,87.0,82.0,80.0,80.0,115.0,107.0,89.0,113.0,73.0,95.0,91.0,99.0,72.0,82.0,90.0,83.0,69.0,53.0,60.0,64.0,49.0,39.0,36.0,66.0,121.0,138.0,158.0,190.0,156.0,126.0,136.0,132.0,124.0,130.0,136.0,138.0,134.0,95.0,81.0,63.0,99.0,76.0,78.0,69.0,41.0,45.0,41.0,37.0,48.0,44.0,52.0,39.0,35.0,50.0,55.0,38.0,41.0,60.0,43.0,56.0,80.0,86.0,65.0,48.0,49.0,52.0,54.0,60.0,50.0,51.0,36.0,81.0,87.0,103.0,87.0,79.0,91.0,81.0,74.0,58.0,35.0,58.0,47.0,56.0,64.0,57.0,47.0,50.0,51.0,46.0,35.0,52.0,39.0,45.0,36.0,51.0,64.0,45.0,48.0
Prospect Park South,Brooklyn,neighborhood,0.0,0.0,0.0,2.0,2.0,2.0,1.0,4.0,3.0,1.0,0.0,1.0,1.0,1.0,1.0,0.0,0.0,1.0,0.0,1.0,1.0,0.0,0.0,3.0,3.0,2.0,1.0,1.0,2.0,2.0,7.0,10.0,7.0,3.0,6.0,4.0,11.0,9.0,8.0,8.0,10.0,4.0,8.0,11.0,11.0,13.0,14.0,13.0,16.0,9.0,27.0,28.0,17.0,27.0,38.0,40.0,39.0,38.0,34.0,24.0,26.0,36.0,42.0,43.0,54.0,68.0,66.0,61.0,44.0,47.0,49.0,37.0,31.0,38.0,38.0,25.0,27.0,31.0,41.0,52.0,40.0,33.0,49.0,53.0,52.0,48.0,54.0,45.0,44.0,48.0,55.0,38.0,45.0,45.0,61.0,48.0,58.0,79.0,90.0,70.0,63.0,72.0,72.0,49.0,71.0,89.0,68.0,84.0,71.0,86.0,80.0,66.0,59.0,64.0,55.0,63.0,73.0,53.0,44.0,48.0,36.0,49.0,33.0,24.0,40.0,74.0,86.0,123.0,88.0,92.0,85.0,75.0,79.0,74.0,84.0,97.0,89.0,67.0,51.0,61.0,48.0,61.0,59.0,31.0,21.0,31.0,31.0,26.0,27.0,25.0,32.0,40.0,33.0,32.0,41.0,42.0,37.0,36.0,40.0,30.0,25.0,32.0,32.0,30.0,30.0,42.0,54.0,43.0,55.0,45.0,36.0,29.0,30.0,52.0,69.0,73.0,65.0,53.0,39.0,27.0,22.0,25.0,30.0,27.0,26.0,31.0,35.0,24.0,39.0,25.0,29.0,26.0,30.0,25.0,25.0,17.0,28.0,25.0,26.0,22.0
Queens,Queens,borough,242.0,248.0,245.0,237.0,235.0,230.0,242.0,232.0,237.0,245.0,235.0,230.0,230.0,242.0,209.0,234.0,313.0,325.0,255.0,248.0,209.0,246.0,195.0,198.0,231.0,435.0,436.0,422.0,541.0,515.0,530.0,421.0,354.0,371.0,333.0,321.0,383.0,381.0,436.0,441.0,402.0,441.0,495.0,502.0,527.0,728.0,761.0,672.0,723.0,789.0,954.0,1201.0,1365.0,1282.0,1152.0,1136.0,1001.0,987.0,1061.0,1108.0,1065.0,1157.0,1252.0,1218.0,1290.0,1235.0,1229.0,1195.0,1366.0,1383.0,1321.0,1195.0,1201.0,1285.0,1435.0,1419.0,1499.0,1556.0,1570.0,1621.0,1566.0,1543.0,1619.0,1529.0,1863.0,2008.0,2368.0,2269.0,2481.0,2666.0,2612.0,1634.0,1719.0,1880.0,1831.0,1700.0,1953.0,1876.0,2069.0,1963.0,2068.0,2169.0,2007.0,1894.0,1749.0,2129.0,2094.0,1820.0,1950.0,1952.0,2086.0,2173.0,2185.0,1985.0,1878.0,1818.0,1688.0,1790.0,1624.0,1485.0,1655.0,1562.0,1349.0,966.0,1508.0,2075.0,2594.0,2949.0,2861.0,3214.0,2949.0,2875.0,3154.0,2921.0,3376.0,3327.0,3167.0,3033.0,2680.0,2368.0,2093.0,2072.0,1954.0,1642.0,1630.0,1621.0,1764.0,1544.0,1415.0,1468.0,1446.0,1631.0,1567.0,1543.0,1598.0,1491.0,1702.0,1542.0,1680.0,1457.0,1550.0,1604.0,1733.0,1710.0,1562.0,1718.0,1805.0,1579.0,1753.0,1669.0,1723.0,1686.0,1753.0,1777.0,1980.0,1988.0,1966.0,2107.0,1944.0,1720.0,1933.0,1892.0,2050.0,2059.0,2032.0,2001.0,1967.0,1866.0,1892.0,1948.0,1787.0,1720.0,1856.0,1781.0,1896.0,1747.0,1814.0,1961.0,2011.0,1873.0
Queens Village,Queens,neighborhood,0.0,0.0,0.0,0.0,0.0,0.0,0.0,0.0,0.0,0.0,0.0,0.0,0.0,0.0,0.0,0.0,0.0,0.0,0.0,0.0,0.0,0.0,0.0,0.0,0.0,0.0,0.0,0.0,0.0,0.0,0.0,0.0,0.0,0.0,0.0,0.0,0.0,0.0,0.0,0.0,0.0,0.0,0.0,0.0,0.0,0.0,0.0,0.0,0.0,0.0,0.0,1.0,1.0,0.0,0.0,0.0,2.0,1.0,3.0,4.0,3.0,3.0,0.0,0.0,0.0,0.0,3.0,2.0,2.0,3.0,4.0,3.0,2.0,1.0,2.0,0.0,3.0,3.0,1.0,1.0,2.0,3.0,2.0,4.0,3.0,3.0,2.0,2.0,2.0,3.0,4.0,1.0,1.0,0.0,1.0,2.0,1.0,6.0,5.0,3.0,3.0,3.0,1.0,0.0,1.0,5.0,3.0,6.0,4.0,0.0,0.0,0.0,1.0,0.0,0.0,1.0,1.0,1.0,1.0,1.0,1.0,1.0,3.0,1.0,2.0,2.0,1.0,2.0,2.0,0.0,0.0,0.0,1.0,0.0,5.0,4.0,1.0,2.0,1.0,1.0,3.0,3.0,4.0,2.0,3.0,1.0,7.0,3.0,2.0,2.0,3.0,3.0,3.0,4.0,6.0,3.0,3.0,5.0,7.0,9.0,10.0,7.0,8.0,8.0,6.0,7.0,4.0,0.0,6.0,1.0,4.0,1.0,3.0,1.0,2.0,4.0,3.0,2.0,5.0,6.0,11.0,10.0,11.0,11.0,2.0,2.0,3.0,2.0,3.0,5.0,3.0,2.0,5.0,5.0,8.0,8.0,6.0,5.0,10.0,10.0
Red Hook,Brooklyn,neighborhood,3.0,2.0,3.0,4.0,5.0,5.0,3.0,6.0,8.0,10.0,10.0,7.0,8.0,4.0,6.0,4.0,4.0,5.0,7.0,5.0,1.0,4.0,5.0,7.0,8.0,9.0,11.0,7.0,8.0,8.0,3.0,1.0,2.0,5.0,5.0,4.0,6.0,4.0,1.0,3.0,3.0,7.0,7.0,6.0,3.0,3.0,9.0,10.0,8.0,10.0,12.0,8.0,7.0,6.0,13.0,13.0,11.0,9.0,9.0,9.0,9.0,13.0,13.0,18.0,12.0,18.0,14.0,14.0,19.0,17.0,14.0,13.0,14.0,8.0,8.0,8.0,16.0,13.0,8.0,5.0,6.0,7.0,7.0,9.0,12.0,6.0,2.0,4.0,17.0,19.0,18.0,7.0,11.0,7.0,2.0,5.0,7.0,10.0,10.0,9.0,13.0,14.0,13.0,11.0,14.0,11.0,6.0,10.0,14.0,16.0,9.0,5.0,8.0,11.0,14.0,10.0,10.0,9.0,6.0,4.0,2.0,4.0,6.0,7.0,9.0,12.0,12.0,15.0,15.0,11.0,14.0,19.0,17.0,17.0,19.0,21.0,13.0,14.0,10.0,10.0,9.0,10.0,5.0,7.0,5.0,6.0,6.0,9.0,18.0,11.0,15.0,10.0,14.0,9.0,10.0,5.0,11.0,11.0,14.0,6.0,9.0,9.0,12.0,14.0,16.0,13.0,8.0,14.0,7.0,4.0,8.0,7.0,6.0,13.0,10.0,8.0,5.0,6.0,5.0,8.0,11.0,9.0,4.0,8.0,8.0,9.0,6.0,9.0,12.0,7.0,6.0,4.0,6.0,4.0,5.0,9.0,9.0,5.0,3.0,6.0
Rego Park,Queens,neighborhood,13.0,15.0,7.0,16.0,10.0,5.0,5.0,7.0,9.0,15.0,15.0,17.0,17.0,14.0,16.0,10.0,13.0,15.0,14.0,13.0,13.0,13.0,7.0,21.0,17.0,18.0,8.0,8.0,12.0,10.0,14.0,19.0,21.0,16.0,15.0,13.0,14.0,13.0,14.0,14.0,18.0,16.0,14.0,19.0,15.0,24.0,31.0,27.0,23.0,21.0,19.0,45.0,61.0,43.0,71.0,83.0,49.0,81.0,74.0,62.0,51.0,50.0,75.0,84.0,101.0,68.0,52.0,52.0,52.0,48.0,47.0,49.0,56.0,57.0,53.0,61.0,64.0,81.0,68.0,68.0,70.0,73.0,78.0,62.0,83.0,104.0,128.0,113.0,111.0,119.0,125.0,75.0,92.0,98.0,77.0,73.0,61.0,65.0,76.0,77.0,76.0,99.0,103.0,76.0,84.0,98.0,101.0,86.0,98.0,97.0,99.0,104.0,125.0,112.0,105.0,93.0,96.0,93.0,72.0,72.0,73.0,75.0,62.0,48.0,50.0,54.0,76.0,120.0,115.0,122.0,106.0,94.0,114.0,104.0,162.0,138.0,113.0,129.0,118.0,111.0,87.0,96.0,97.0,78.0,62.0,81.0,95.0,96.0,68.0,63.0,69.0,65.0,66.0,65.0,62.0,63.0,58.0,53.0,68.0,49.0,70.0,67.0,68.0,67.0,55.0,61.0,67.0,48.0,54.0,40.0,42.0,58.0,59.0,61.0,65.0,78.0,84.0,92.0,96.0,59.0,59.0,76.0,86.0,77.0,77.0,78.0,92.0,70.0,78.0,72.0,69.0,74.0,82.0,79.0,76.0,70.0,73.0,66.0,67.0,80.0
Richmond Hill,Queens,neighborhood,0.0,0.0,0.0,0.0,0.0,0.0,0.0,0.0,1.0,1.0,0.0,1.0,1.0,1.0,2.0,2.0,2.0,3.0,4.0,2.0,1.0,1.0,0.0,0.0,1.0,1.0,1.0,1.0,0.0,0.0,2.0,2.0,2.0,1.0,3.0,3.0,2.0,0.0,0.0,0.0,2.0,3.0,3.0,2.0,3.0,2.0,6.0,4.0,2.0,3.0,4.0,4.0,6.0,4.0,5.0,7.0,5.0,2.0,3.0,4.0,6.0,4.0,3.0,2.0,2.0,3.0,3.0,1.0,3.0,6.0,10.0,12.0,10.0,5.0,4.0,2.0,3.0,4.0,3.0,3.0,4.0,4.0,2.0,4.0,9.0,8.0,8.0,4.0,2.0,9.0,8.0,1.0,4.0,3.0,5.0,3.0,3.0,4.0,4.0,4.0,6.0,7.0,3.0,1.0,2.0,5.0,6.0,9.0,5.0,3.0,2.0,2.0,11.0,4.0,6.0,13.0,5.0,6.0,3.0,3.0,3.0,3.0,1.0,2.0,4.0,3.0,5.0,7.0,5.0,4.0,3.0,6.0,10.0,8.0,6.0,5.0,8.0,16.0,10.0,11.0,15.0,17.0,9.0,5.0,2.0,10.0,6.0,12.0,10.0,9.0,11.0,6.0,4.0,5.0,9.0,3.0,6.0,6.0,11.0,4.0,6.0,5.0,3.0,5.0,8.0,12.0,11.0,7.0,6.0,9.0,7.0,3.0,4.0,7.0,7.0,9.0,6.0,3.0,4.0,1.0,2.0,3.0,4.0,6.0,7.0,6.0,9.0,8.0,7.0,9.0,4.0,5.0,11.0,9.0,8.0,5.0,7.0,5.0,10.0,9.0
Ridgewood,Queens,neighborhood,0.0,0.0,0.0,1.0,1.0,0.0,0.0,0.0,0.0,0.0,0.0,0.0,0.0,0.0,1.0,1.0,0.0,0.0,0.0,0.0,1.0,4.0,2.0,1.0,1.0,10.0,10.0,10.0,1.0,1.0,1.0,2.0,2.0,2.0,4.0,5.0,4.0,4.0,2.0,3.0,5.0,5.0,5.0,6.0,7.0,9.0,6.0,5.0,4.0,5.0,6.0,9.0,8.0,11.0,11.0,9.0,10.0,11.0,8.0,7.0,9.0,7.0,5.0,14.0,18.0,24.0,27.0,24.0,22.0,26.0,19.0,24.0,28.0,20.0,33.0,23.0,32.0,37.0,42.0,39.0,34.0,33.0,35.0,32.0,33.0,34.0,39.0,44.0,43.0,45.0,62.0,61.0,76.0,81.0,91.0,70.0,65.0,38.0,50.0,32.0,52.0,62.0,38.0,64.0,67.0,68.0,74.0,63.0,70.0,74.0,70.0,77.0,68.0,52.0,45.0,55.0,43.0,46.0,47.0,40.0,44.0,52.0,52.0,25.0,39.0,54.0,79.0,83.0,72.0,88.0,88.0,79.0,82.0,83.0,102.0,118.0,132.0,154.0,153.0,122.0,69.0,93.0,79.0,48.0,52.0,41.0,51.0,37.0,45.0,54.0,63.0,72.0,60.0,42.0,46.0,25.0,56.0,44.0,44.0,53.0,52.0,63.0,67.0,69.0,55.0,57.0,68.0,50.0,46.0,43.0,37.0,38.0,59.0,62.0,65.0,70.0,76.0,75.0,57.0,50.0,56.0,42.0,37.0,45.0,48.0,44.0,58.0,67.0,92.0,82.0,77.0,83.0,67.0,45.0,51.0,47.0,37.0,46.0,50.0,52.0
Riverdale,Bronx,neighborhood,49.0,55.0,55.0,45.0,37.0,25.0,16.0,15.0,13.0,14.0,14.0,14.0,33.0,32.0,27.0,26.0,29.0,28.0,39.0,51.0,48.0,45.0,36.0,42.0,40.0,34.0,40.0,35.0,38.0,45.0,47.0,40.0,26.0,40.0,46.0,48.0,41.0,45.0,43.0,51.0,54.0,48.0,48.0,36.0,25.0,19.0,26.0,32.0,34.0,36.0,50.0,47.0,61.0,83.0,65.0,53.0,53.0,44.0,53.0,47.0,45.0,41.0,48.0,40.0,39.0,52.0,58.0,49.0,56.0,55.0,57.0,55.0,69.0,65.0,59.0,53.0,50.0,59.0,56.0,59.0,55.0,67.0,60.0,61.0,71.0,76.0,87.0,80.0,92.0,102.0,83.0,61.0,56.0,67.0,56.0,54.0,67.0,74.0,59.0,57.0,57.0,53.0,71.0,92.0,76.0,110.0,94.0,72.0,89.0,93.0,87.0,85.0,80.0,68.0,69.0,56.0,59.0,77.0,66.0,59.0,59.0,59.0,48.0,27.0,46.0,44.0,45.0,53.0,54.0,60.0,67.0,75.0,70.0,58.0,67.0,69.0,51.0,64.0,68.0,64.0,52.0,50.0,63.0,64.0,68.0,62.0,64.0,68.0,58.0,48.0,63.0,70.0,58.0,62.0,48.0,60.0,57.0,64.0,81.0,58.0,53.0,50.0,62.0,75.0,64.0,51.0,56.0,47.0,54.0,45.0,42.0,40.0,40.0,50.0,62.0,60.0,62.0,62.0,58.0,47.0,44.0,43.0,52.0,37.0,42.0,44.0,38.0,35.0,41.0,44.0,36.0,37.0,37.0,33.0,43.0,47.0,45.0,48.0,60.0,64.0
Rockaway All,Queens,neighborhood,1.0,2.0,1.0,1.0,0.0,0.0,0.0,0.0,0.0,8.0,8.0,0.0,0.0,0.0,0.0,1.0,1.0,0.0,0.0,0.0,0.0,0.0,0.0,1.0,1.0,1.0,1.0,1.0,1.0,1.0,0.0,0.0,0.0,0.0,0.0,0.0,0.0,0.0,0.0,0.0,0.0,0.0,0.0,0.0,1.0,2.0,4.0,5.0,3.0,4.0,6.0,9.0,9.0,10.0,5.0,4.0,6.0,6.0,8.0,9.0,6.0,3.0,10.0,15.0,14.0,13.0,13.0,12.0,17.0,15.0,8.0,5.0,5.0,5.0,10.0,13.0,9.0,26.0,37.0,31.0,25.0,21.0,19.0,15.0,19.0,15.0,5.0,10.0,13.0,15.0,14.0,7.0,13.0,13.0,13.0,12.0,7.0,14.0,8.0,9.0,15.0,16.0,17.0,16.0,20.0,27.0,25.0,18.0,23.0,24.0,23.0,17.0,19.0,20.0,20.0,17.0,17.0,18.0,16.0,17.0,19.0,13.0,13.0,12.0,11.0,16.0,18.0,17.0,15.0,16.0,12.0,10.0,11.0,17.0,17.0,14.0,11.0,10.0,10.0,9.0,5.0,19.0,24.0,26.0,26.0,22.0,24.0,21.0,20.0,16.0,16.0,8.0,19.0,14.0,16.0,21.0,25.0,18.0,19.0,17.0,17.0,19.0,30.0,29.0,26.0,24.0,26.0,22.0,37.0,29.0,25.0,17.0,20.0,19.0,22.0,15.0,10.0,16.0,18.0,12.0,24.0,16.0,19.0,17.0,14.0,23.0,21.0,19.0,19.0,20.0,18.0,22.0,13.0,23.0,23.0,22.0,15.0,16.0,15.0,14.0
Roosevelt Island,Manhattan,neighborhood,8.0,10.0,12.0,11.0,9.0,14.0,17.0,14.0,15.0,13.0,15.0,15.0,15.0,14.0,19.0,18.0,14.0,16.0,9.0,13.0,19.0,18.0,17.0,15.0,8.0,8.0,7.0,7.0,13.0,17.0,20.0,13.0,13.0,12.0,17.0,15.0,15.0,10.0,15.0,19.0,21.0,19.0,20.0,14.0,18.0,17.0,18.0,18.0,19.0,14.0,9.0,14.0,15.0,18.0,17.0,19.0,14.0,19.0,17.0,17.0,16.0,18.0,28.0,11.0,16.0,14.0,21.0,19.0,24.0,31.0,31.0,29.0,27.0,18.0,14.0,19.0,18.0,27.0,23.0,26.0,29.0,28.0,22.0,18.0,33.0,37.0,42.0,34.0,26.0,24.0,18.0,19.0,26.0,22.0,20.0,21.0,30.0,23.0,24.0,24.0,40.0,37.0,33.0,26.0,26.0,22.0,19.0,18.0,19.0,27.0,34.0,31.0,53.0,45.0,37.0,42.0,25.0,21.0,13.0,19.0,23.0,25.0,24.0,22.0,26.0,45.0,42.0,40.0,39.0,39.0,33.0,33.0,40.0,37.0,30.0,38.0,41.0,40.0,37.0,29.0,30.0,31.0,13.0,12.0,12.0,15.0,18.0,22.0,24.0,16.0,14.0,22.0,21.0,19.0,15.0,16.0,21.0,24.0,23.0,24.0,25.0,19.0,24.0,24.0,22.0,26.0,18.0,12.0,15.0,17.0,20.0,12.0,14.0,12.0,15.0,18.0,25.0,24.0,22.0,18.0,24.0,23.0,38.0,29.0,33.0,36.0,49.0,34.0,24.0,22.0,17.0,18.0,29.0,32.0,32.0,29.0,20.0,19.0,30.0,33.0
Rosedale,Queens,neighborhood,0.0,0.0,0.0,0.0,0.0,0.0,0.0,0.0,0.0,0.0,0.0,0.0,0.0,0.0,0.0,0.0,0.0,0.0,0.0,0.0,0.0,0.0,0.0,0.0,0.0,0.0,1.0,1.0,1.0,0.0,0.0,1.0,1.0,0.0,0.0,0.0,0.0,0.0,0.0,0.0,0.0,0.0,0.0,0.0,0.0,0.0,0.0,1.0,2.0,2.0,1.0,1.0,0.0,0.0,0.0,0.0,0.0,2.0,1.0,1.0,0.0,0.0,0.0,0.0,0.0,1.0,0.0,0.0,0.0,0.0,0.0,0.0,0.0,0.0,0.0,0.0,0.0,0.0,0.0,0.0,0.0,0.0,0.0,1.0,1.0,1.0,1.0,1.0,1.0,2.0,2.0,0.0,0.0,0.0,0.0,0.0,0.0,0.0,0.0,0.0,0.0,0.0,0.0,0.0,0.0,0.0,0.0,0.0,0.0,0.0,1.0,0.0,0.0,0.0,0.0,2.0,1.0,1.0,0.0,0.0,0.0,0.0,0.0,0.0,0.0,0.0,0.0,0.0,0.0,1.0,0.0,0.0,0.0,0.0,0.0,0.0,1.0,1.0,0.0,0.0,0.0,0.0,0.0,0.0,1.0,0.0,0.0,0.0,0.0,0.0,0.0,0.0,0.0,0.0,0.0,0.0,0.0,0.0,0.0,2.0,2.0,1.0,1.0,3.0,1.0,0.0,0.0,0.0,0.0,0.0,0.0,1.0,0.0,0.0,1.0,0.0,0.0,0.0,1.0,0.0,0.0,0.0,0.0,0.0,0.0,0.0,0.0,0.0,0.0,0.0,0.0,0.0,0.0,0.0,0.0,0.0,1.0,0.0,0.0,0.0
Schuylerville,Bronx,neighborhood,0.0,0.0,0.0,0.0,0.0,0.0,0.0,0.0,0.0,0.0,0.0,0.0,0.0,0.0,0.0,0.0,0.0,0.0,0.0,0.0,0.0,0.0,0.0,0.0,0.0,0.0,0.0,0.0,0.0,0.0,0.0,0.0,0.0,0.0,0.0,0.0,0.0,0.0,0.0,0.0,1.0,1.0,0.0,0.0,0.0,0.0,0.0,0.0,0.0,0.0,0.0,0.0,0.0,0.0,0.0,0.0,0.0,0.0,1.0,2.0,2.0,1.0,0.0,1.0,1.0,0.0,0.0,0.0,0.0,0.0,0.0,0.0,0.0,0.0,1.0,1.0,2.0,3.0,3.0,0.0,1.0,0.0,0.0,0.0,1.0,2.0,1.0,0.0,0.0,1.0,0.0,1.0,0.0,0.0,1.0,1.0,2.0,3.0,0.0,2.0,2.0,3.0,1.0,1.0,2.0,0.0,0.0,0.0,1.0,0.0,0.0,0.0,0.0,0.0,0.0,1.0,1.0,0.0,0.0,0.0,1.0,0.0,1.0,0.0,0.0,0.0,1.0,1.0,0.0,1.0,2.0,2.0,0.0,0.0,1.0,0.0,0.0,0.0,0.0,0.0,0.0,0.0,0.0,0.0,0.0,0.0,1.0,2.0,1.0,1.0,2.0,2.0,0.0,0.0,0.0,0.0,2.0,1.0,1.0,1.0,1.0,1.0,0.0,2.0,2.0,0.0,1.0,1.0,2.0,0.0,0.0,0.0,2.0,1.0,1.0,0.0,1.0,0.0,2.0,2.0,1.0,0.0,1.0,1.0,1.0,1.0,1.0,1.0,0.0,0.0,1.0,3.0,2.0,0.0,1.0,0.0,0.0,0.0,0.0,1.0
Seagate,Brooklyn,neighborhood,0.0,0.0,0.0,0.0,0.0,0.0,0.0,0.0,0.0,0.0,0.0,0.0,0.0,0.0,0.0,0.0,0.0,0.0,0.0,0.0,0.0,0.0,0.0,0.0,0.0,0.0,0.0,0.0,0.0,0.0,0.0,0.0,0.0,0.0,0.0,0.0,0.0,0.0,0.0,0.0,0.0,0.0,0.0,0.0,0.0,0.0,0.0,0.0,0.0,0.0,0.0,1.0,1.0,0.0,0.0,0.0,0.0,0.0,0.0,0.0,0.0,0.0,0.0,0.0,0.0,0.0,0.0,0.0,0.0,0.0,0.0,0.0,0.0,0.0,0.0,0.0,0.0,0.0,0.0,0.0,0.0,0.0,0.0,0.0,0.0,0.0,1.0,1.0,2.0,2.0,0.0,0.0,0.0,0.0,0.0,0.0,0.0,1.0,2.0,0.0,0.0,0.0,0.0,0.0,0.0,0.0,0.0,0.0,0.0,0.0,0.0,0.0,1.0,0.0,0.0,1.0,0.0,0.0,0.0,0.0,0.0,0.0,0.0,0.0,0.0,1.0,1.0,0.0,0.0,0.0,1.0,0.0,0.0,0.0,0.0,0.0,1.0,1.0,0.0,1.0,1.0,1.0,0.0,0.0,0.0,0.0,0.0,0.0,0.0,0.0,0.0,0.0,0.0,0.0,0.0,0.0,0.0,0.0,0.0,0.0,0.0,0.0,0.0,0.0,0.0,0.0,0.0,0.0,0.0,0.0,0.0,0.0,1.0,0.0,0.0,0.0,1.0,2.0,0.0,0.0,0.0,0.0,0.0,0.0,0.0,1.0,2.0,0.0,0.0,0.0,0.0,0.0,0.0,0.0,0.0,0.0,1.0,0.0,0.0,0.0
Sheepshead Bay,Brooklyn,neighborhood,3.0,11.0,9.0,8.0,6.0,7.0,5.0,7.0,3.0,3.0,2.0,5.0,26.0,40.0,37.0,27.0,21.0,17.0,15.0,16.0,18.0,17.0,20.0,27.0,16.0,17.0,13.0,11.0,19.0,23.0,17.0,12.0,12.0,19.0,20.0,14.0,22.0,24.0,19.0,25.0,21.0,19.0,19.0,20.0,27.0,34.0,30.0,36.0,30.0,44.0,44.0,39.0,36.0,53.0,62.0,52.0,60.0,49.0,22.0,25.0,32.0,27.0,36.0,44.0,56.0,66.0,88.0,48.0,49.0,45.0,42.0,39.0,46.0,42.0,47.0,37.0,43.0,44.0,46.0,48.0,49.0,53.0,66.0,76.0,72.0,65.0,107.0,106.0,109.0,101.0,97.0,63.0,71.0,74.0,55.0,52.0,63.0,49.0,53.0,62.0,50.0,60.0,68.0,59.0,59.0,83.0,86.0,75.0,95.0,87.0,97.0,102.0,86.0,108.0,80.0,63.0,57.0,46.0,34.0,39.0,43.0,51.0,53.0,29.0,34.0,42.0,38.0,45.0,71.0,64.0,68.0,70.0,83.0,85.0,76.0,69.0,69.0,70.0,78.0,72.0,49.0,60.0,52.0,63.0,73.0,66.0,77.0,58.0,60.0,51.0,34.0,35.0,27.0,32.0,22.0,21.0,28.0,29.0,24.0,16.0,23.0,28.0,29.0,42.0,36.0,33.0,28.0,34.0,35.0,25.0,36.0,38.0,31.0,20.0,39.0,31.0,29.0,23.0,21.0,23.0,20.0,23.0,24.0,33.0,35.0,23.0,22.0,24.0,21.0,24.0,23.0,26.0,23.0,25.0,31.0,27.0,26.0,44.0,68.0,52.0
Soho,Manhattan,neighborhood,90.0,86.0,101.0,103.0,86.0,105.0,95.0,87.0,72.0,64.0,71.0,64.0,71.0,71.0,72.0,62.0,72.0,91.0,98.0,111.0,80.0,78.0,84.0,73.0,86.0,88.0,100.0,92.0,107.0,126.0,122.0,97.0,67.0,61.0,82.0,67.0,69.0,91.0,101.0,121.0,119.0,117.0,108.0,104.0,104.0,106.0,83.0,65.0,73.0,74.0,98.0,94.0,93.0,96.0,105.0,97.0,101.0,70.0,60.0,52.0,60.0,75.0,88.0,91.0,89.0,99.0,94.0,97.0,86.0,75.0,61.0,72.0,83.0,87.0,101.0,94.0,114.0,115.0,118.0,125.0,110.0,115.0,96.0,72.0,87.0,91.0,122.0,120.0,131.0,129.0,115.0,95.0,90.0,96.0,92.0,70.0,81.0,81.0,85.0,94.0,99.0,83.0,90.0,78.0,87.0,78.0,76.0,54.0,60.0,52.0,66.0,85.0,90.0,108.0,85.0,69.0,65.0,67.0,62.0,48.0,53.0,55.0,42.0,47.0,88.0,135.0,192.0,215.0,214.0,202.0,175.0,157.0,164.0,132.0,129.0,115.0,84.0,54.0,49.0,51.0,45.0,28.0,24.0,25.0,34.0,42.0,38.0,39.0,61.0,68.0,60.0,73.0,66.0,57.0,57.0,52.0,57.0,53.0,57.0,60.0,95.0,98.0,88.0,109.0,84.0,80.0,63.0,54.0,61.0,60.0,58.0,74.0,77.0,80.0,106.0,97.0,88.0,73.0,51.0,48.0,54.0,44.0,41.0,63.0,76.0,69.0,73.0,79.0,63.0,52.0,37.0,40.0,45.0,37.0,44.0,64.0,72.0,90.0,90.0,68.0
Soundview,Bronx,neighborhood,0.0,0.0,0.0,0.0,0.0,0.0,0.0,0.0,0.0,0.0,0.0,0.0,0.0,0.0,1.0,1.0,0.0,0.0,0.0,0.0,0.0,0.0,0.0,0.0,0.0,0.0,0.0,0.0,0.0,0.0,0.0,1.0,3.0,2.0,1.0,0.0,0.0,0.0,0.0,0.0,1.0,1.0,0.0,0.0,0.0,2.0,2.0,2.0,1.0,2.0,2.0,2.0,4.0,4.0,3.0,3.0,1.0,1.0,5.0,12.0,13.0,15.0,23.0,11.0,8.0,10.0,13.0,14.0,11.0,8.0,7.0,9.0,7.0,9.0,3.0,2.0,2.0,4.0,5.0,7.0,9.0,10.0,11.0,9.0,9.0,8.0,12.0,13.0,9.0,6.0,8.0,6.0,9.0,7.0,5.0,4.0,6.0,7.0,10.0,8.0,5.0,5.0,4.0,6.0,4.0,6.0,5.0,11.0,12.0,7.0,6.0,3.0,5.0,7.0,16.0,13.0,10.0,9.0,6.0,8.0,4.0,6.0,4.0,3.0,4.0,9.0,5.0,2.0,9.0,5.0,8.0,11.0,5.0,5.0,5.0,4.0,3.0,6.0,5.0,4.0,5.0,3.0,4.0,6.0,8.0,14.0,8.0,3.0,6.0,3.0,6.0,2.0,3.0,6.0,6.0,3.0,4.0,9.0,6.0,3.0,1.0,1.0,7.0,2.0,1.0,2.0,3.0,1.0,5.0,3.0,5.0,5.0,4.0,2.0,2.0,1.0,1.0,3.0,3.0,4.0,1.0,1.0,3.0,4.0,3.0,1.0,1.0,3.0,5.0,5.0,4.0,5.0,5.0,5.0,12.0,7.0,7.0,2.0,0.0,2.0
South Jamaica,Queens,neighborhood,0.0,0.0,0.0,0.0,0.0,0.0,0.0,0.0,0.0,0.0,0.0,0.0,0.0,0.0,0.0,0.0,0.0,0.0,0.0,0.0,0.0,0.0,0.0,0.0,0.0,0.0,0.0,0.0,0.0,0.0,0.0,0.0,0.0,0.0,0.0,0.0,0.0,0.0,0.0,0.0,0.0,0.0,0.0,0.0,0.0,0.0,0.0,0.0,0.0,0.0,0.0,0.0,0.0,0.0,0.0,0.0,0.0,0.0,0.0,0.0,0.0,0.0,0.0,0.0,0.0,0.0,0.0,0.0,0.0,0.0,1.0,0.0,0.0,0.0,0.0,0.0,0.0,0.0,0.0,0.0,0.0,0.0,0.0,0.0,0.0,0.0,1.0,0.0,0.0,0.0,0.0,0.0,0.0,0.0,0.0,0.0,0.0,0.0,0.0,0.0,0.0,1.0,0.0,0.0,1.0,0.0,0.0,0.0,0.0,0.0,2.0,1.0,0.0,0.0,0.0,0.0,2.0,0.0,0.0,2.0,0.0,0.0,1.0,0.0,0.0,1.0,0.0,0.0,0.0,0.0,1.0,2.0,1.0,0.0,0.0,0.0,0.0,5.0,1.0,0.0,4.0,2.0,4.0,4.0,1.0,2.0,1.0,2.0,4.0,4.0,2.0,0.0,0.0,2.0,3.0,2.0,2.0,1.0,0.0,2.0,7.0,3.0,2.0,0.0,3.0,4.0,1.0,0.0,3.0,4.0,2.0,2.0,1.0,0.0,1.0,1.0,1.0,3.0,2.0,0.0,4.0,5.0,2.0,0.0,0.0,1.0,0.0,3.0,2.0,0.0,4.0,2.0,0.0,1.0,0.0,0.0,2.0,2.0,1.0,1.0
South Ozone Park,Queens,neighborhood,0.0,0.0,0.0,0.0,0.0,0.0,0.0,0.0,0.0,0.0,0.0,0.0,0.0,0.0,0.0,0.0,0.0,0.0,0.0,0.0,0.0,0.0,0.0,0.0,0.0,0.0,0.0,0.0,0.0,0.0,0.0,0.0,0.0,0.0,0.0,0.0,0.0,0.0,0.0,0.0,0.0,0.0,0.0,0.0,0.0,0.0,0.0,0.0,0.0,1.0,1.0,1.0,0.0,0.0,0.0,0.0,0.0,0.0,0.0,0.0,1.0,1.0,1.0,0.0,0.0,1.0,1.0,1.0,1.0,0.0,0.0,0.0,2.0,1.0,1.0,0.0,0.0,0.0,0.0,0.0,0.0,0.0,0.0,0.0,0.0,0.0,0.0,0.0,1.0,1.0,0.0,1.0,0.0,0.0,0.0,1.0,1.0,1.0,2.0,1.0,0.0,0.0,0.0,0.0,0.0,0.0,0.0,0.0,0.0,0.0,1.0,1.0,1.0,0.0,0.0,0.0,0.0,0.0,0.0,0.0,0.0,0.0,0.0,0.0,0.0,0.0,0.0,0.0,0.0,0.0,0.0,1.0,2.0,1.0,0.0,0.0,0.0,0.0,0.0,0.0,0.0,0.0,0.0,0.0,0.0,0.0,0.0,0.0,0.0,0.0,0.0,2.0,0.0,0.0,0.0,1.0,1.0,1.0,1.0,0.0,0.0,0.0,0.0,0.0,0.0,0.0,2.0,1.0,1.0,0.0,0.0,0.0,0.0,0.0,0.0,0.0,1.0,1.0,1.0,0.0,1.0,1.0,1.0,0.0,0.0,0.0,0.0,0.0,0.0,0.0,0.0,0.0,0.0,0.0,0.0,0.0,0.0,0.0,0.0,0.0
South Richmond Hill,Queens,neighborhood,0.0,0.0,0.0,0.0,0.0,0.0,0.0,0.0,0.0,0.0,0.0,0.0,0.0,0.0,0.0,0.0,0.0,2.0,1.0,0.0,0.0,0.0,0.0,0.0,0.0,0.0,0.0,0.0,0.0,0.0,1.0,1.0,1.0,1.0,1.0,1.0,0.0,0.0,0.0,1.0,1.0,2.0,2.0,2.0,2.0,2.0,3.0,3.0,3.0,2.0,1.0,0.0,3.0,6.0,2.0,1.0,0.0,1.0,3.0,2.0,1.0,1.0,1.0,1.0,0.0,0.0,0.0,0.0,0.0,1.0,1.0,5.0,6.0,1.0,0.0,0.0,0.0,1.0,1.0,0.0,0.0,2.0,2.0,1.0,4.0,5.0,1.0,0.0,1.0,3.0,1.0,1.0,1.0,1.0,2.0,2.0,1.0,1.0,1.0,2.0,2.0,4.0,4.0,3.0,1.0,0.0,2.0,1.0,0.0,1.0,3.0,4.0,1.0,1.0,2.0,2.0,0.0,0.0,0.0,0.0,1.0,1.0,0.0,0.0,0.0,1.0,2.0,1.0,1.0,2.0,3.0,1.0,3.0,2.0,1.0,1.0,1.0,1.0,1.0,1.0,1.0,2.0,1.0,0.0,1.0,2.0,2.0,0.0,0.0,1.0,1.0,0.0,2.0,2.0,1.0,2.0,2.0,4.0,2.0,0.0,0.0,1.0,1.0,0.0,2.0,5.0,7.0,5.0,4.0,1.0,2.0,2.0,2.0,2.0,2.0,2.0,1.0,1.0,1.0,0.0,1.0,1.0,3.0,1.0,2.0,2.0,1.0,1.0,3.0,1.0,1.0,1.0,1.0,3.0,1.0,1.0,3.0,1.0,2.0,1.0
Springfield Gardens,Queens,neighborhood,0.0,0.0,0.0,0.0,0.0,0.0,0.0,0.0,0.0,0.0,0.0,0.0,0.0,0.0,0.0,0.0,0.0,0.0,0.0,0.0,0.0,0.0,0.0,0.0,0.0,0.0,0.0,0.0,0.0,0.0,0.0,0.0,0.0,0.0,0.0,0.0,0.0,0.0,0.0,0.0,0.0,0.0,0.0,0.0,0.0,0.0,0.0,0.0,0.0,0.0,0.0,0.0,0.0,0.0,0.0,0.0,0.0,0.0,0.0,0.0,0.0,0.0,0.0,0.0,0.0,0.0,0.0,0.0,0.0,0.0,0.0,0.0,0.0,0.0,0.0,0.0,0.0,0.0,0.0,0.0,0.0,0.0,0.0,0.0,1.0,1.0,0.0,0.0,0.0,1.0,0.0,0.0,0.0,0.0,0.0,0.0,3.0,1.0,0.0,0.0,0.0,0.0,1.0,0.0,1.0,1.0,0.0,0.0,0.0,0.0,0.0,0.0,0.0,1.0,0.0,0.0,0.0,0.0,0.0,0.0,0.0,0.0,0.0,0.0,0.0,0.0,0.0,0.0,0.0,0.0,0.0,0.0,0.0,0.0,0.0,0.0,0.0,0.0,0.0,1.0,3.0,2.0,1.0,0.0,0.0,0.0,0.0,0.0,1.0,1.0,0.0,0.0,0.0,0.0,0.0,0.0,1.0,0.0,0.0,1.0,3.0,1.0,0.0,0.0,0.0,0.0,0.0,0.0,1.0,2.0,1.0,1.0,1.0,0.0,0.0,0.0,0.0,0.0,0.0,1.0,0.0,0.0,0.0,0.0,0.0,0.0,0.0,0.0,0.0,0.0,0.0,0.0,0.0,0.0,0.0,0.0,0.0,0.0,0.0,1.0
St. Albans,Queens,neighborhood,0.0,0.0,0.0,0.0,0.0,0.0,0.0,0.0,0.0,0.0,0.0,0.0,0.0,0.0,0.0,0.0,0.0,0.0,0.0,0.0,0.0,0.0,0.0,0.0,0.0,0.0,0.0,0.0,0.0,0.0,0.0,0.0,0.0,0.0,0.0,0.0,1.0,0.0,0.0,0.0,0.0,0.0,0.0,1.0,1.0,1.0,0.0,0.0,0.0,0.0,1.0,1.0,2.0,2.0,0.0,0.0,0.0,0.0,0.0,1.0,2.0,0.0,0.0,0.0,0.0,0.0,0.0,2.0,3.0,1.0,0.0,3.0,2.0,3.0,3.0,1.0,2.0,0.0,0.0,0.0,0.0,2.0,0.0,0.0,0.0,1.0,0.0,0.0,2.0,1.0,1.0,2.0,0.0,2.0,1.0,0.0,0.0,1.0,3.0,1.0,1.0,0.0,0.0,2.0,2.0,2.0,2.0,3.0,2.0,3.0,1.0,4.0,1.0,3.0,2.0,0.0,1.0,2.0,0.0,0.0,0.0,2.0,1.0,0.0,0.0,0.0,0.0,0.0,2.0,2.0,1.0,1.0,0.0,0.0,1.0,2.0,4.0,1.0,2.0,3.0,1.0,3.0,5.0,0.0,0.0,2.0,3.0,2.0,4.0,1.0,1.0,2.0,1.0,1.0,2.0,3.0,3.0,3.0,2.0,4.0,6.0,2.0,1.0,4.0,1.0,0.0,1.0,3.0,1.0,2.0,1.0,1.0,0.0,0.0,3.0,5.0,1.0,3.0,4.0,5.0,4.0,1.0,4.0,1.0,4.0,2.0,1.0,2.0,0.0,0.0,0.0,1.0,0.0,0.0,1.0,1.0,1.0,1.0,0.0,3.0
Staten Island,Staten Island,borough,1.0,2.0,2.0,2.0,0.0,0.0,0.0,0.0,1.0,1.0,1.0,2.0,1.0,1.0,1.0,0.0,1.0,1.0,0.0,1.0,1.0,1.0,1.0,0.0,1.0,2.0,1.0,2.0,1.0,5.0,13.0,13.0,13.0,6.0,7.0,4.0,4.0,4.0,4.0,4.0,9.0,11.0,9.0,9.0,4.0,43.0,51.0,21.0,11.0,13.0,8.0,9.0,15.0,15.0,13.0,12.0,12.0,15.0,13.0,8.0,29.0,28.0,42.0,40.0,31.0,22.0,16.0,17.0,13.0,22.0,21.0,13.0,8.0,10.0,11.0,15.0,18.0,19.0,16.0,22.0,24.0,24.0,33.0,26.0,26.0,18.0,28.0,24.0,32.0,25.0,26.0,11.0,17.0,19.0,23.0,23.0,21.0,22.0,29.0,24.0,29.0,23.0,25.0,19.0,19.0,36.0,28.0,33.0,29.0,28.0,20.0,18.0,15.0,12.0,16.0,19.0,24.0,19.0,17.0,17.0,13.0,19.0,12.0,8.0,11.0,6.0,8.0,10.0,7.0,8.0,9.0,8.0,11.0,15.0,18.0,16.0,14.0,21.0,21.0,15.0,10.0,15.0,18.0,17.0,16.0,18.0,29.0,24.0,23.0,20.0,21.0,19.0,25.0,15.0,24.0,30.0,30.0,28.0,35.0,26.0,22.0,33.0,27.0,32.0,19.0,20.0,20.0,15.0,17.0,11.0,9.0,6.0,10.0,5.0,12.0,10.0,15.0,17.0,13.0,12.0,21.0,20.0,18.0,14.0,13.0,23.0,27.0,25.0,27.0,14.0,17.0,21.0,20.0,17.0,18.0,19.0,17.0,17.0,16.0,20.0
Stuyvesant Town/PCV,Manhattan,neighborhood,2.0,2.0,4.0,4.0,6.0,7.0,4.0,1.0,1.0,1.0,1.0,4.0,7.0,9.0,9.0,9.0,9.0,9.0,9.0,10.0,12.0,3.0,9.0,14.0,12.0,20.0,21.0,14.0,14.0,9.0,18.0,25.0,44.0,53.0,35.0,21.0,32.0,23.0,20.0,24.0,21.0,20.0,3.0,3.0,23.0,41.0,40.0,25.0,24.0,179.0,321.0,694.0,684.0,410.0,23.0,28.0,28.0,23.0,16.0,12.0,19.0,11.0,13.0,23.0,173.0,180.0,242.0,216.0,140.0,89.0,37.0,34.0,40.0,47.0,33.0,45.0,55.0,70.0,62.0,50.0,40.0,30.0,41.0,50.0,51.0,55.0,50.0,49.0,42.0,41.0,67.0,56.0,46.0,30.0,29.0,15.0,31.0,20.0,71.0,62.0,26.0,13.0,24.0,14.0,9.0,20.0,20.0,22.0,10.0,11.0,23.0,35.0,31.0,43.0,35.0,29.0,21.0,14.0,11.0,13.0,12.0,11.0,11.0,7.0,12.0,27.0,19.0,19.0,17.0,23.0,16.0,13.0,7.0,13.0,12.0,10.0,11.0,21.0,28.0,29.0,19.0,28.0,23.0,29.0,14.0,21.0,23.0,37.0,42.0,65.0,32.0,27.0,9.0,7.0,10.0,6.0,15.0,20.0,22.0,15.0,17.0,14.0,17.0,14.0,10.0,18.0,12.0,15.0,16.0,11.0,15.0,11.0,13.0,6.0,10.0,15.0,10.0,14.0,10.0,13.0,15.0,14.0,12.0,11.0,15.0,13.0,14.0,15.0,14.0,14.0,13.0,23.0,17.0,12.0,17.0,8.0,15.0,16.0,17.0,10.0
Sunnyside,Queens,neighborhood,31.0,45.0,40.0,36.0,33.0,36.0,37.0,31.0,20.0,19.0,15.0,19.0,25.0,21.0,35.0,36.0,43.0,32.0,33.0,37.0,14.0,19.0,13.0,15.0,22.0,23.0,17.0,32.0,24.0,16.0,15.0,16.0,21.0,25.0,17.0,16.0,30.0,30.0,31.0,38.0,37.0,31.0,40.0,33.0,28.0,46.0,48.0,35.0,47.0,62.0,67.0,73.0,55.0,60.0,95.0,109.0,110.0,69.0,66.0,72.0,85.0,89.0,84.0,95.0,110.0,88.0,113.0,108.0,93.0,119.0,103.0,105.0,105.0,99.0,126.0,128.0,129.0,118.0,112.0,130.0,128.0,125.0,153.0,140.0,177.0,199.0,208.0,173.0,173.0,176.0,161.0,121.0,121.0,141.0,118.0,112.0,185.0,132.0,139.0,134.0,140.0,131.0,144.0,146.0,122.0,164.0,148.0,131.0,122.0,151.0,210.0,193.0,177.0,181.0,150.0,144.0,119.0,109.0,109.0,90.0,81.0,75.0,60.0,33.0,69.0,127.0,196.0,227.0,227.0,243.0,205.0,233.0,226.0,217.0,229.0,252.0,209.0,196.0,207.0,156.0,118.0,115.0,104.0,106.0,88.0,86.0,84.0,72.0,51.0,57.0,53.0,67.0,65.0,66.0,76.0,54.0,69.0,73.0,74.0,53.0,56.0,50.0,63.0,54.0,44.0,61.0,62.0,55.0,81.0,78.0,80.0,59.0,60.0,62.0,63.0,76.0,70.0,87.0,81.0,66.0,69.0,70.0,69.0,79.0,61.0,63.0,42.0,61.0,54.0,83.0,88.0,69.0,74.0,79.0,66.0,69.0,62.0,56.0,52.0,49.0
Sunset Park,Brooklyn,neighborhood,12.0,11.0,11.0,11.0,9.0,7.0,9.0,8.0,5.0,6.0,5.0,7.0,12.0,4.0,5.0,6.0,7.0,7.0,7.0,7.0,7.0,5.0,6.0,7.0,5.0,4.0,6.0,4.0,2.0,6.0,4.0,2.0,3.0,8.0,10.0,6.0,10.0,12.0,19.0,16.0,15.0,14.0,16.0,18.0,25.0,13.0,24.0,25.0,64.0,56.0,33.0,27.0,31.0,23.0,23.0,19.0,21.0,24.0,22.0,16.0,22.0,25.0,20.0,19.0,14.0,28.0,23.0,24.0,24.0,26.0,28.0,19.0,17.0,16.0,19.0,14.0,15.0,20.0,29.0,20.0,22.0,24.0,24.0,22.0,41.0,39.0,43.0,33.0,52.0,54.0,48.0,25.0,24.0,29.0,29.0,21.0,35.0,27.0,49.0,63.0,53.0,53.0,48.0,57.0,45.0,61.0,61.0,46.0,57.0,48.0,43.0,51.0,52.0,45.0,64.0,51.0,61.0,43.0,40.0,31.0,40.0,31.0,34.0,37.0,34.0,38.0,46.0,62.0,65.0,81.0,77.0,67.0,67.0,76.0,73.0,71.0,52.0,66.0,58.0,68.0,60.0,60.0,65.0,46.0,54.0,45.0,53.0,37.0,33.0,34.0,48.0,31.0,25.0,31.0,31.0,33.0,26.0,26.0,42.0,39.0,39.0,45.0,34.0,47.0,38.0,32.0,41.0,24.0,30.0,25.0,33.0,28.0,33.0,30.0,27.0,40.0,28.0,27.0,23.0,38.0,24.0,22.0,26.0,40.0,35.0,23.0,28.0,24.0,30.0,24.0,21.0,29.0,24.0,29.0,35.0,31.0,28.0,20.0,22.0,16.0
Throgs Neck,Bronx,neighborhood,0.0,0.0,0.0,0.0,0.0,0.0,0.0,0.0,0.0,0.0,0.0,0.0,0.0,0.0,0.0,0.0,0.0,0.0,0.0,0.0,0.0,0.0,0.0,2.0,2.0,2.0,2.0,1.0,0.0,0.0,0.0,0.0,0.0,0.0,0.0,0.0,1.0,1.0,1.0,1.0,3.0,0.0,0.0,0.0,0.0,0.0,0.0,0.0,0.0,0.0,0.0,2.0,1.0,1.0,1.0,1.0,1.0,0.0,0.0,3.0,1.0,2.0,3.0,0.0,1.0,3.0,1.0,2.0,2.0,2.0,4.0,3.0,1.0,2.0,1.0,0.0,3.0,5.0,3.0,3.0,3.0,2.0,3.0,2.0,3.0,4.0,2.0,2.0,3.0,2.0,4.0,4.0,1.0,2.0,4.0,4.0,1.0,4.0,4.0,3.0,3.0,3.0,2.0,1.0,3.0,3.0,4.0,3.0,6.0,3.0,0.0,2.0,2.0,2.0,2.0,2.0,4.0,5.0,5.0,3.0,2.0,2.0,2.0,1.0,0.0,0.0,3.0,1.0,1.0,1.0,2.0,3.0,2.0,0.0,1.0,0.0,3.0,3.0,2.0,2.0,6.0,6.0,0.0,3.0,3.0,5.0,5.0,2.0,2.0,3.0,3.0,3.0,1.0,2.0,2.0,4.0,4.0,4.0,4.0,3.0,3.0,4.0,2.0,3.0,1.0,4.0,3.0,0.0,4.0,2.0,3.0,1.0,1.0,4.0,3.0,2.0,1.0,2.0,4.0,4.0,5.0,6.0,4.0,5.0,5.0,2.0,2.0,2.0,1.0,1.0,1.0,2.0,4.0,2.0,7.0,1.0,2.0,1.0,1.0,1.0
Tremont,Bronx,neighborhood,0.0,0.0,0.0,0.0,0.0,0.0,0.0,0.0,0.0,0.0,0.0,0.0,0.0,0.0,0.0,0.0,0.0,0.0,0.0,0.0,0.0,0.0,0.0,0.0,0.0,0.0,0.0,0.0,0.0,0.0,0.0,0.0,0.0,2.0,3.0,2.0,3.0,3.0,2.0,1.0,1.0,1.0,1.0,2.0,2.0,2.0,1.0,1.0,2.0,1.0,1.0,2.0,2.0,2.0,1.0,3.0,6.0,6.0,5.0,4.0,2.0,3.0,3.0,9.0,9.0,12.0,13.0,13.0,15.0,25.0,17.0,16.0,10.0,9.0,10.0,12.0,12.0,5.0,5.0,7.0,9.0,9.0,8.0,12.0,22.0,17.0,11.0,13.0,13.0,6.0,6.0,4.0,9.0,8.0,6.0,4.0,8.0,2.0,4.0,5.0,5.0,4.0,8.0,14.0,9.0,7.0,9.0,4.0,8.0,9.0,9.0,8.0,8.0,12.0,21.0,15.0,17.0,16.0,14.0,4.0,5.0,2.0,4.0,4.0,11.0,6.0,13.0,12.0,11.0,12.0,11.0,10.0,35.0,24.0,13.0,11.0,9.0,12.0,13.0,11.0,18.0,15.0,18.0,18.0,10.0,9.0,11.0,6.0,7.0,20.0,15.0,25.0,25.0,22.0,31.0,19.0,21.0,11.0,9.0,8.0,7.0,1.0,6.0,8.0,8.0,15.0,16.0,15.0,5.0,12.0,9.0,10.0,4.0,7.0,8.0,8.0,10.0,1.0,1.0,3.0,8.0,11.0,11.0,5.0,13.0,4.0,6.0,7.0,13.0,14.0,10.0,2.0,4.0,4.0,10.0,5.0,4.0,3.0,7.0,8.0
Tribeca,Manhattan,neighborhood,48.0,42.0,53.0,69.0,69.0,61.0,65.0,74.0,67.0,54.0,46.0,49.0,53.0,51.0,42.0,51.0,59.0,67.0,59.0,72.0,60.0,68.0,60.0,52.0,67.0,67.0,76.0,81.0,78.0,75.0,62.0,69.0,69.0,74.0,56.0,57.0,56.0,64.0,76.0,82.0,92.0,87.0,87.0,83.0,84.0,103.0,86.0,84.0,92.0,109.0,139.0,129.0,106.0,99.0,98.0,88.0,95.0,95.0,83.0,80.0,83.0,61.0,69.0,80.0,86.0,79.0,97.0,109.0,85.0,90.0,79.0,74.0,71.0,73.0,95.0,99.0,97.0,99.0,91.0,94.0,96.0,91.0,95.0,83.0,97.0,119.0,107.0,95.0,124.0,115.0,96.0,121.0,129.0,129.0,121.0,96.0,96.0,93.0,89.0,99.0,116.0,91.0,84.0,83.0,81.0,80.0,74.0,65.0,84.0,81.0,90.0,99.0,122.0,127.0,90.0,105.0,71.0,88.0,82.0,79.0,104.0,93.0,82.0,68.0,105.0,130.0,172.0,184.0,190.0,173.0,168.0,154.0,168.0,165.0,166.0,127.0,99.0,85.0,71.0,52.0,30.0,39.0,25.0,30.0,40.0,50.0,50.0,42.0,59.0,64.0,54.0,66.0,63.0,60.0,54.0,54.0,66.0,62.0,72.0,71.0,87.0,85.0,79.0,67.0,66.0,65.0,65.0,59.0,68.0,70.0,74.0,59.0,56.0,45.0,40.0,49.0,44.0,46.0,48.0,54.0,61.0,53.0,62.0,61.0,66.0,53.0,48.0,63.0,59.0,72.0,66.0,63.0,75.0,70.0,63.0,64.0,58.0,63.0,71.0,66.0
University Heights,Bronx,neighborhood,8.0,8.0,3.0,2.0,2.0,1.0,1.0,0.0,0.0,0.0,0.0,1.0,0.0,0.0,0.0,0.0,4.0,6.0,8.0,5.0,10.0,9.0,8.0,3.0,4.0,6.0,8.0,9.0,10.0,7.0,3.0,5.0,10.0,8.0,9.0,5.0,8.0,8.0,11.0,10.0,10.0,13.0,9.0,8.0,9.0,9.0,11.0,7.0,10.0,9.0,8.0,11.0,8.0,5.0,6.0,5.0,6.0,10.0,12.0,12.0,17.0,15.0,16.0,14.0,11.0,14.0,20.0,14.0,6.0,6.0,10.0,14.0,5.0,5.0,7.0,17.0,17.0,16.0,14.0,15.0,9.0,6.0,13.0,14.0,11.0,7.0,12.0,9.0,11.0,15.0,17.0,20.0,16.0,19.0,10.0,19.0,14.0,13.0,13.0,16.0,13.0,10.0,5.0,9.0,7.0,15.0,23.0,18.0,19.0,20.0,13.0,9.0,12.0,14.0,20.0,18.0,13.0,15.0,21.0,19.0,13.0,9.0,6.0,7.0,17.0,17.0,21.0,21.0,17.0,13.0,15.0,9.0,17.0,14.0,15.0,19.0,10.0,13.0,22.0,15.0,15.0,13.0,21.0,16.0,12.0,14.0,16.0,17.0,15.0,16.0,19.0,20.0,19.0,17.0,13.0,13.0,22.0,15.0,17.0,16.0,15.0,8.0,11.0,16.0,16.0,16.0,9.0,15.0,19.0,13.0,11.0,12.0,12.0,10.0,11.0,10.0,15.0,17.0,20.0,7.0,8.0,15.0,19.0,19.0,13.0,15.0,12.0,10.0,13.0,9.0,11.0,10.0,7.0,13.0,5.0,9.0,8.0,12.0,9.0,8.0
Upper East Side,Manhattan,neighborhood,1061.0,1153.0,1151.0,1055.0,1052.0,1113.0,1098.0,1096.0,934.0,998.0,975.0,1056.0,1095.0,1024.0,1164.0,1073.0,1018.0,1012.0,1011.0,1057.0,909.0,898.0,845.0,786.0,923.0,942.0,1048.0,1077.0,1122.0,1127.0,1117.0,1064.0,935.0,937.0,936.0,867.0,986.0,923.0,1012.0,1113.0,1218.0,1230.0,1288.0,1337.0,1167.0,1282.0,1204.0,1105.0,1191.0,1245.0,1269.0,1239.0,1326.0,1326.0,1428.0,1366.0,1311.0,1212.0,1049.0,1024.0,1114.0,1065.0,1217.0,1258.0,1328.0,1323.0,1383.0,1326.0,1231.0,1286.0,1203.0,1095.0,1165.0,1192.0,1303.0,1313.0,1460.0,1585.0,1595.0,1602.0,1462.0,1397.0,1344.0,1240.0,1338.0,1277.0,1385.0,1365.0,1496.0,1559.0,1554.0,1337.0,1264.0,1304.0,1149.0,1019.0,1136.0,1117.0,1194.0,1277.0,1356.0,1378.0,1326.0,1314.0,1183.0,1197.0,1093.0,961.0,1060.0,1017.0,1134.0,1242.0,1240.0,1139.0,1213.0,1166.0,1033.0,921.0,838.0,786.0,843.0,787.0,719.0,590.0,1003.0,1414.0,1902.0,2191.0,2246.0,2345.0,2195.0,2033.0,2096.0,1930.0,2098.0,1981.0,1791.0,1829.0,1673.0,1428.0,1125.0,857.0,680.0,545.0,560.0,545.0,626.0,678.0,733.0,904.0,925.0,972.0,891.0,855.0,849.0,734.0,792.0,648.0,745.0,826.0,926.0,979.0,1042.0,1084.0,945.0,915.0,885.0,798.0,834.0,777.0,775.0,825.0,877.0,883.0,1027.0,986.0,905.0,804.0,654.0,620.0,687.0,602.0,642.0,785.0,867.0,814.0,918.0,834.0,790.0,765.0,653.0,589.0,607.0,597.0,767.0,738.0,694.0,740.0,783.0,746.0
Upper West Side,Manhattan,neighborhood,907.0,943.0,1045.0,1127.0,1105.0,1128.0,1002.0,863.0,743.0,752.0,732.0,734.0,740.0,710.0,809.0,800.0,873.0,915.0,906.0,922.0,861.0,950.0,760.0,697.0,762.0,844.0,926.0,965.0,1036.0,1056.0,988.0,1027.0,897.0,824.0,881.0,822.0,884.0,866.0,986.0,1055.0,1043.0,1002.0,1034.0,994.0,1017.0,1013.0,961.0,1043.0,1025.0,1107.0,1145.0,1153.0,1251.0,1347.0,1419.0,1292.0,1182.0,1126.0,1019.0,945.0,1072.0,1010.0,1172.0,1245.0,1322.0,1405.0,1439.0,1275.0,1083.0,1085.0,980.0,1028.0,1057.0,1071.0,1115.0,1096.0,1249.0,1342.0,1393.0,1411.0,1285.0,1300.0,1219.0,1161.0,1211.0,1182.0,1297.0,1307.0,1464.0,1531.0,1484.0,1240.0,1165.0,1182.0,1147.0,1019.0,1166.0,1120.0,1189.0,1244.0,1287.0,1287.0,1284.0,1238.0,1060.0,1049.0,942.0,826.0,918.0,873.0,912.0,956.0,1083.0,1120.0,1181.0,1077.0,892.0,849.0,779.0,760.0,795.0,738.0,709.0,694.0,1085.0,1557.0,2078.0,2230.0,2297.0,2352.0,2126.0,1951.0,1934.0,1852.0,1825.0,1685.0,1518.0,1398.0,1216.0,956.0,743.0,577.0,522.0,505.0,551.0,575.0,649.0,645.0,700.0,803.0,823.0,813.0,750.0,688.0,675.0,640.0,682.0,674.0,743.0,733.0,863.0,926.0,891.0,931.0,807.0,766.0,687.0,635.0,690.0,692.0,681.0,729.0,848.0,902.0,930.0,837.0,733.0,685.0,570.0,487.0,536.0,543.0,640.0,688.0,748.0,815.0,883.0,830.0,730.0,636.0,567.0,494.0,541.0,535.0,629.0,700.0,699.0,831.0,838.0,778.0
Utopia,Queens,neighborhood,0.0,0.0,0.0,0.0,1.0,1.0,0.0,0.0,0.0,0.0,0.0,0.0,0.0,0.0,0.0,0.0,0.0,1.0,0.0,0.0,0.0,0.0,0.0,0.0,0.0,0.0,0.0,0.0,0.0,0.0,0.0,0.0,0.0,0.0,0.0,0.0,0.0,0.0,0.0,0.0,0.0,0.0,0.0,0.0,0.0,0.0,0.0,0.0,0.0,0.0,0.0,0.0,0.0,0.0,0.0,0.0,0.0,0.0,0.0,0.0,0.0,0.0,0.0,0.0,0.0,0.0,0.0,0.0,0.0,0.0,0.0,0.0,0.0,1.0,2.0,1.0,1.0,1.0,1.0,0.0,0.0,0.0,0.0,0.0,0.0,0.0,0.0,0.0,0.0,0.0,0.0,0.0,0.0,0.0,0.0,0.0,0.0,0.0,0.0,0.0,0.0,0.0,0.0,0.0,0.0,0.0,0.0,0.0,0.0,0.0,0.0,0.0,0.0,0.0,0.0,0.0,0.0,0.0,0.0,0.0,0.0,0.0,0.0,0.0,0.0,0.0,0.0,0.0,0.0,0.0,0.0,0.0,0.0,0.0,0.0,0.0,0.0,0.0,0.0,0.0,0.0,0.0,0.0,0.0,0.0,0.0,0.0,0.0,0.0,0.0,0.0,0.0,0.0,0.0,0.0,0.0,0.0,0.0,0.0,0.0,0.0,0.0,0.0,0.0,0.0,0.0,1.0,1.0,0.0,0.0,0.0,0.0,0.0,0.0,0.0,0.0,0.0,0.0,0.0,0.0,0.0,0.0,0.0,0.0,0.0,0.0,0.0,0.0,0.0,0.0,0.0,0.0,0.0,0.0,0.0,0.0,1.0,1.0,0.0,1.0
Van Nest,Bronx,neighborhood,0.0,0.0,0.0,0.0,0.0,0.0,0.0,0.0,0.0,0.0,0.0,0.0,0.0,0.0,0.0,0.0,0.0,0.0,0.0,1.0,1.0,1.0,1.0,1.0,1.0,0.0,0.0,0.0,0.0,0.0,0.0,0.0,0.0,0.0,0.0,0.0,0.0,0.0,0.0,0.0,0.0,0.0,0.0,0.0,0.0,0.0,0.0,0.0,0.0,0.0,0.0,0.0,0.0,0.0,0.0,1.0,1.0,1.0,1.0,1.0,1.0,2.0,1.0,2.0,2.0,2.0,3.0,2.0,2.0,4.0,1.0,1.0,1.0,1.0,2.0,1.0,5.0,4.0,3.0,2.0,3.0,3.0,2.0,1.0,2.0,0.0,2.0,2.0,2.0,2.0,0.0,0.0,0.0,0.0,2.0,3.0,3.0,3.0,1.0,3.0,2.0,3.0,5.0,3.0,2.0,6.0,9.0,6.0,2.0,1.0,2.0,0.0,1.0,0.0,1.0,1.0,1.0,0.0,0.0,2.0,0.0,0.0,0.0,0.0,0.0,1.0,0.0,0.0,0.0,1.0,1.0,2.0,1.0,1.0,1.0,1.0,2.0,2.0,0.0,0.0,1.0,2.0,1.0,0.0,1.0,1.0,0.0,0.0,1.0,0.0,1.0,2.0,1.0,4.0,1.0,1.0,0.0,0.0,0.0,2.0,2.0,1.0,1.0,1.0,2.0,2.0,1.0,2.0,3.0,1.0,2.0,2.0,0.0,1.0,1.0,0.0,0.0,0.0,0.0,0.0,0.0,0.0,1.0,1.0,2.0,2.0,2.0,1.0,1.0,1.0,1.0,3.0,4.0,1.0,1.0,0.0,0.0,0.0,0.0,2.0
Wakefield,Bronx,neighborhood,0.0,0.0,0.0,0.0,0.0,0.0,0.0,0.0,0.0,0.0,0.0,0.0,0.0,0.0,1.0,1.0,1.0,1.0,1.0,3.0,3.0,3.0,2.0,2.0,2.0,1.0,1.0,1.0,1.0,1.0,1.0,1.0,2.0,1.0,1.0,1.0,1.0,1.0,1.0,1.0,0.0,1.0,2.0,0.0,0.0,1.0,3.0,3.0,4.0,2.0,1.0,2.0,2.0,3.0,8.0,13.0,10.0,8.0,17.0,20.0,28.0,33.0,20.0,17.0,20.0,30.0,29.0,11.0,8.0,10.0,6.0,11.0,13.0,13.0,15.0,9.0,13.0,12.0,9.0,14.0,20.0,19.0,19.0,11.0,14.0,6.0,5.0,8.0,10.0,7.0,6.0,7.0,5.0,8.0,3.0,2.0,3.0,3.0,6.0,1.0,6.0,6.0,6.0,5.0,5.0,5.0,5.0,7.0,3.0,5.0,5.0,4.0,5.0,5.0,4.0,4.0,2.0,0.0,0.0,1.0,1.0,3.0,2.0,2.0,3.0,0.0,0.0,0.0,1.0,2.0,4.0,4.0,4.0,3.0,5.0,5.0,2.0,4.0,4.0,5.0,4.0,4.0,2.0,1.0,5.0,2.0,1.0,2.0,2.0,0.0,7.0,6.0,4.0,3.0,3.0,7.0,4.0,7.0,7.0,9.0,5.0,1.0,2.0,9.0,1.0,4.0,2.0,6.0,7.0,2.0,0.0,1.0,0.0,1.0,3.0,4.0,3.0,0.0,1.0,3.0,4.0,3.0,3.0,3.0,5.0,6.0,6.0,1.0,4.0,3.0,3.0,4.0,3.0,2.0,4.0,4.0,4.0,6.0,2.0,5.0
Washington Heights,Manhattan,neighborhood,62.0,69.0,62.0,53.0,38.0,40.0,33.0,24.0,20.0,26.0,37.0,34.0,42.0,45.0,39.0,41.0,61.0,63.0,66.0,52.0,47.0,49.0,43.0,63.0,79.0,70.0,50.0,70.0,73.0,75.0,102.0,106.0,88.0,90.0,98.0,104.0,109.0,113.0,116.0,133.0,145.0,132.0,130.0,112.0,102.0,125.0,114.0,122.0,134.0,133.0,121.0,122.0,139.0,125.0,161.0,162.0,182.0,206.0,196.0,199.0,191.0,183.0,210.0,197.0,199.0,196.0,223.0,216.0,215.0,227.0,222.0,185.0,188.0,178.0,194.0,196.0,194.0,243.0,269.0,287.0,233.0,219.0,235.0,215.0,238.0,250.0,235.0,222.0,292.0,337.0,328.0,232.0,209.0,215.0,226.0,199.0,214.0,196.0,211.0,234.0,253.0,237.0,273.0,287.0,274.0,255.0,238.0,194.0,229.0,218.0,234.0,240.0,254.0,237.0,275.0,267.0,250.0,248.0,226.0,179.0,182.0,148.0,126.0,97.0,154.0,206.0,268.0,307.0,334.0,342.0,271.0,302.0,312.0,303.0,324.0,309.0,306.0,328.0,294.0,320.0,308.0,272.0,242.0,188.0,195.0,185.0,210.0,169.0,190.0,171.0,177.0,175.0,158.0,161.0,152.0,133.0,153.0,124.0,135.0,127.0,158.0,172.0,198.0,186.0,171.0,168.0,172.0,143.0,143.0,120.0,128.0,107.0,148.0,177.0,210.0,208.0,199.0,177.0,183.0,173.0,188.0,173.0,159.0,137.0,163.0,159.0,162.0,166.0,159.0,150.0,149.0,143.0,165.0,152.0,135.0,150.0,150.0,159.0,156.0,142.0
West Harlem,Manhattan,neighborhood,1.0,0.0,2.0,2.0,2.0,2.0,3.0,5.0,3.0,3.0,4.0,3.0,3.0,3.0,4.0,1.0,2.0,4.0,3.0,2.0,0.0,1.0,3.0,3.0,2.0,1.0,3.0,3.0,1.0,2.0,3.0,2.0,4.0,2.0,3.0,6.0,8.0,5.0,4.0,7.0,8.0,16.0,11.0,7.0,8.0,9.0,9.0,5.0,9.0,9.0,8.0,3.0,3.0,9.0,14.0,18.0,12.0,17.0,17.0,6.0,11.0,15.0,20.0,21.0,14.0,8.0,16.0,16.0,14.0,21.0,16.0,15.0,14.0,15.0,15.0,11.0,10.0,13.0,16.0,18.0,12.0,6.0,9.0,13.0,18.0,15.0,19.0,20.0,18.0,15.0,12.0,9.0,10.0,11.0,28.0,25.0,26.0,25.0,19.0,16.0,15.0,21.0,26.0,26.0,32.0,25.0,17.0,17.0,26.0,18.0,9.0,10.0,17.0,15.0,31.0,27.0,19.0,20.0,15.0,20.0,24.0,16.0,15.0,6.0,10.0,29.0,37.0,43.0,27.0,41.0,32.0,27.0,19.0,19.0,26.0,31.0,32.0,35.0,38.0,29.0,21.0,15.0,16.0,17.0,11.0,5.0,7.0,12.0,10.0,14.0,14.0,16.0,22.0,16.0,12.0,20.0,14.0,13.0,11.0,11.0,12.0,17.0,31.0,30.0,27.0,15.0,15.0,12.0,10.0,12.0,13.0,14.0,23.0,15.0,25.0,22.0,14.0,28.0,19.0,19.0,24.0,21.0,28.0,21.0,26.0,28.0,30.0,26.0,24.0,30.0,18.0,23.0,19.0,18.0,22.0,26.0,25.0,26.0,25.0,21.0
West Village,Manhattan,neighborhood,204.0,233.0,195.0,217.0,212.0,225.0,206.0,174.0,149.0,129.0,132.0,140.0,158.0,169.0,167.0,167.0,175.0,188.0,166.0,181.0,174.0,158.0,150.0,152.0,185.0,192.0,238.0,235.0,260.0,252.0,295.0,255.0,221.0,231.0,246.0,201.0,229.0,258.0,285.0,310.0,306.0,304.0,341.0,314.0,273.0,277.0,257.0,227.0,239.0,241.0,300.0,301.0,348.0,345.0,331.0,318.0,280.0,256.0,196.0,190.0,218.0,245.0,299.0,306.0,297.0,323.0,334.0,324.0,288.0,291.0,275.0,245.0,261.0,268.0,306.0,337.0,338.0,336.0,360.0,368.0,332.0,303.0,303.0,274.0,322.0,308.0,350.0,345.0,335.0,357.0,379.0,326.0,312.0,281.0,274.0,228.0,251.0,253.0,283.0,337.0,331.0,308.0,302.0,309.0,225.0,208.0,194.0,174.0,239.0,237.0,254.0,272.0,250.0,245.0,237.0,270.0,217.0,198.0,175.0,178.0,204.0,210.0,165.0,166.0,282.0,402.0,541.0,600.0,576.0,557.0,472.0,433.0,424.0,364.0,339.0,283.0,231.0,177.0,134.0,141.0,92.0,81.0,68.0,72.0,72.0,78.0,109.0,137.0,158.0,164.0,161.0,158.0,129.0,147.0,130.0,137.0,157.0,149.0,170.0,198.0,197.0,186.0,218.0,222.0,185.0,165.0,156.0,140.0,155.0,170.0,171.0,168.0,193.0,202.0,243.0,219.0,196.0,166.0,144.0,122.0,136.0,139.0,178.0,192.0,222.0,202.0,209.0,196.0,152.0,168.0,138.0,130.0,163.0,169.0,204.0,218.0,213.0,199.0,233.0,255.0
Westchester Village,Bronx,neighborhood,0.0,0.0,0.0,0.0,0.0,0.0,0.0,0.0,0.0,0.0,0.0,0.0,0.0,0.0,0.0,0.0,0.0,0.0,0.0,0.0,0.0,0.0,0.0,1.0,2.0,2.0,1.0,0.0,0.0,0.0,0.0,0.0,0.0,1.0,1.0,0.0,0.0,0.0,0.0,0.0,0.0,0.0,2.0,1.0,0.0,0.0,0.0,0.0,0.0,0.0,1.0,0.0,0.0,0.0,0.0,0.0,1.0,1.0,1.0,1.0,2.0,1.0,1.0,1.0,1.0,1.0,2.0,3.0,3.0,4.0,5.0,1.0,0.0,0.0,1.0,1.0,1.0,1.0,1.0,1.0,1.0,1.0,1.0,0.0,1.0,1.0,4.0,3.0,3.0,2.0,2.0,2.0,2.0,0.0,2.0,4.0,2.0,0.0,0.0,1.0,1.0,1.0,3.0,1.0,0.0,1.0,0.0,0.0,0.0,0.0,2.0,4.0,2.0,0.0,1.0,2.0,2.0,2.0,0.0,1.0,2.0,1.0,1.0,1.0,2.0,4.0,1.0,2.0,1.0,0.0,1.0,1.0,0.0,0.0,0.0,0.0,0.0,2.0,1.0,0.0,0.0,0.0,0.0,0.0,0.0,1.0,1.0,1.0,0.0,2.0,1.0,0.0,0.0,0.0,1.0,3.0,2.0,3.0,1.0,2.0,0.0,1.0,2.0,0.0,2.0,2.0,3.0,1.0,1.0,1.0,2.0,4.0,2.0,1.0,0.0,1.0,1.0,3.0,3.0,3.0,2.0,1.0,3.0,1.0,1.0,0.0,0.0,2.0,3.0,1.0,0.0,0.0,0.0,1.0,1.0,1.0,0.0,0.0,0.0,1.0
Whitestone,Queens,neighborhood,5.0,3.0,2.0,0.0,0.0,0.0,0.0,0.0,0.0,0.0,0.0,0.0,0.0,0.0,0.0,0.0,0.0,0.0,0.0,1.0,0.0,0.0,0.0,3.0,4.0,5.0,6.0,3.0,6.0,1.0,2.0,2.0,3.0,3.0,3.0,2.0,0.0,1.0,1.0,0.0,0.0,0.0,0.0,3.0,2.0,0.0,1.0,1.0,2.0,2.0,3.0,1.0,0.0,0.0,0.0,1.0,0.0,0.0,1.0,1.0,3.0,3.0,2.0,1.0,1.0,1.0,1.0,2.0,1.0,3.0,2.0,2.0,3.0,4.0,4.0,4.0,3.0,3.0,3.0,1.0,1.0,0.0,0.0,1.0,3.0,2.0,1.0,3.0,3.0,2.0,3.0,2.0,2.0,4.0,0.0,1.0,1.0,2.0,3.0,1.0,2.0,2.0,3.0,1.0,2.0,6.0,6.0,2.0,1.0,2.0,3.0,4.0,2.0,4.0,5.0,1.0,3.0,4.0,4.0,2.0,3.0,5.0,3.0,2.0,2.0,3.0,4.0,3.0,2.0,2.0,2.0,0.0,0.0,0.0,0.0,0.0,0.0,2.0,3.0,3.0,1.0,1.0,1.0,3.0,1.0,9.0,2.0,3.0,0.0,3.0,3.0,3.0,2.0,1.0,3.0,1.0,4.0,7.0,8.0,6.0,1.0,4.0,2.0,1.0,4.0,5.0,6.0,3.0,2.0,2.0,2.0,1.0,7.0,3.0,1.0,0.0,0.0,1.0,2.0,7.0,8.0,6.0,4.0,3.0,3.0,6.0,0.0,0.0,1.0,5.0,1.0,0.0,0.0,0.0,3.0,2.0,1.0,2.0,6.0,8.0
Williamsbridge,Bronx,neighborhood,0.0,0.0,0.0,0.0,0.0,0.0,0.0,0.0,0.0,0.0,0.0,0.0,0.0,0.0,1.0,1.0,1.0,0.0,0.0,0.0,0.0,0.0,0.0,0.0,0.0,0.0,2.0,1.0,1.0,1.0,1.0,1.0,1.0,0.0,0.0,0.0,0.0,1.0,1.0,0.0,0.0,1.0,3.0,2.0,2.0,2.0,1.0,2.0,2.0,1.0,0.0,0.0,0.0,1.0,4.0,3.0,3.0,4.0,7.0,6.0,4.0,4.0,3.0,11.0,11.0,6.0,3.0,1.0,2.0,3.0,4.0,4.0,1.0,1.0,3.0,3.0,2.0,2.0,2.0,3.0,3.0,2.0,2.0,1.0,1.0,2.0,7.0,7.0,3.0,3.0,2.0,0.0,3.0,3.0,1.0,2.0,5.0,5.0,3.0,3.0,3.0,2.0,1.0,1.0,3.0,3.0,3.0,3.0,2.0,5.0,7.0,7.0,13.0,8.0,2.0,3.0,3.0,3.0,1.0,4.0,6.0,1.0,1.0,1.0,3.0,2.0,3.0,5.0,1.0,0.0,3.0,0.0,3.0,2.0,1.0,2.0,4.0,7.0,4.0,5.0,4.0,2.0,3.0,2.0,11.0,4.0,5.0,3.0,4.0,3.0,4.0,4.0,5.0,6.0,9.0,2.0,4.0,1.0,2.0,1.0,5.0,2.0,5.0,7.0,5.0,2.0,0.0,1.0,3.0,6.0,2.0,3.0,2.0,1.0,2.0,4.0,4.0,0.0,3.0,5.0,9.0,5.0,3.0,2.0,1.0,1.0,3.0,3.0,5.0,4.0,3.0,6.0,3.0,2.0,3.0,3.0,3.0,4.0,4.0,4.0
Williamsburg,Brooklyn,neighborhood,159.0,119.0,129.0,113.0,104.0,114.0,122.0,114.0,87.0,84.0,77.0,43.0,63.0,87.0,95.0,85.0,97.0,111.0,117.0,121.0,131.0,135.0,128.0,223.0,150.0,177.0,160.0,143.0,136.0,146.0,159.0,200.0,256.0,262.0,216.0,184.0,189.0,176.0,164.0,192.0,181.0,203.0,285.0,369.0,380.0,421.0,406.0,505.0,518.0,436.0,413.0,362.0,399.0,418.0,444.0,442.0,317.0,315.0,463.0,515.0,580.0,627.0,590.0,576.0,512.0,547.0,590.0,559.0,483.0,469.0,443.0,393.0,484.0,460.0,529.0,504.0,583.0,567.0,562.0,563.0,599.0,529.0,531.0,462.0,581.0,565.0,588.0,576.0,649.0,734.0,675.0,550.0,508.0,524.0,475.0,458.0,540.0,560.0,602.0,668.0,717.0,798.0,860.0,961.0,853.0,913.0,786.0,751.0,870.0,712.0,686.0,560.0,519.0,467.0,416.0,473.0,411.0,321.0,246.0,254.0,335.0,334.0,326.0,304.0,575.0,805.0,1045.0,1190.0,1160.0,1183.0,1035.0,983.0,899.0,734.0,822.0,773.0,712.0,577.0,462.0,399.0,293.0,284.0,241.0,204.0,250.0,234.0,323.0,293.0,288.0,342.0,429.0,422.0,391.0,306.0,304.0,228.0,311.0,329.0,387.0,366.0,426.0,421.0,481.0,572.0,431.0,381.0,396.0,321.0,360.0,358.0,445.0,430.0,567.0,562.0,688.0,733.0,618.0,483.0,418.0,363.0,344.0,351.0,423.0,422.0,481.0,506.0,580.0,611.0,557.0,539.0,409.0,393.0,381.0,359.0,489.0,472.0,519.0,592.0,547.0,529.0
Windsor Terrace,Brooklyn,neighborhood,5.0,7.0,6.0,8.0,8.0,7.0,9.0,10.0,8.0,12.0,18.0,10.0,6.0,9.0,10.0,7.0,5.0,5.0,6.0,7.0,3.0,3.0,1.0,5.0,7.0,4.0,5.0,5.0,6.0,11.0,15.0,16.0,16.0,13.0,10.0,8.0,6.0,12.0,9.0,7.0,13.0,16.0,12.0,14.0,4.0,14.0,12.0,15.0,23.0,24.0,16.0,13.0,19.0,22.0,30.0,30.0,35.0,31.0,29.0,31.0,24.0,27.0,23.0,24.0,20.0,27.0,36.0,41.0,39.0,37.0,37.0,28.0,30.0,35.0,36.0,31.0,38.0,48.0,57.0,66.0,44.0,42.0,36.0,30.0,36.0,47.0,58.0,49.0,38.0,21.0,26.0,24.0,39.0,41.0,34.0,35.0,36.0,43.0,48.0,45.0,45.0,38.0,35.0,37.0,30.0,35.0,26.0,34.0,46.0,25.0,26.0,36.0,52.0,41.0,61.0,34.0,24.0,28.0,25.0,23.0,19.0,20.0,22.0,22.0,29.0,33.0,45.0,41.0,45.0,46.0,50.0,42.0,42.0,48.0,47.0,31.0,29.0,40.0,43.0,36.0,19.0,14.0,12.0,13.0,12.0,11.0,12.0,14.0,21.0,22.0,15.0,14.0,24.0,18.0,25.0,24.0,24.0,18.0,18.0,17.0,21.0,26.0,22.0,31.0,23.0,21.0,19.0,13.0,21.0,19.0,11.0,21.0,17.0,38.0,61.0,56.0,41.0,50.0,53.0,64.0,60.0,51.0,51.0,36.0,42.0,26.0,21.0,30.0,32.0,23.0,20.0,13.0,19.0,15.0,33.0,27.0,28.0,35.0,35.0,35.0
Woodhaven,Queens,neighborhood,0.0,0.0,0.0,0.0,0.0,0.0,0.0,0.0,0.0,0.0,0.0,0.0,0.0,0.0,0.0,0.0,0.0,0.0,0.0,0.0,0.0,1.0,1.0,0.0,0.0,0.0,0.0,0.0,0.0,0.0,0.0,0.0,0.0,0.0,0.0,0.0,0.0,0.0,0.0,0.0,0.0,0.0,0.0,1.0,0.0,0.0,0.0,0.0,0.0,2.0,2.0,1.0,2.0,2.0,7.0,4.0,3.0,13.0,23.0,6.0,11.0,21.0,36.0,23.0,23.0,6.0,2.0,5.0,7.0,5.0,8.0,6.0,7.0,3.0,4.0,3.0,2.0,4.0,3.0,4.0,3.0,4.0,6.0,4.0,6.0,6.0,9.0,2.0,2.0,10.0,11.0,6.0,3.0,2.0,1.0,1.0,4.0,4.0,4.0,10.0,11.0,7.0,4.0,7.0,7.0,6.0,5.0,5.0,4.0,5.0,5.0,8.0,8.0,13.0,7.0,18.0,12.0,16.0,13.0,13.0,10.0,8.0,7.0,5.0,10.0,13.0,8.0,5.0,4.0,5.0,5.0,2.0,4.0,3.0,3.0,2.0,3.0,10.0,6.0,4.0,1.0,7.0,7.0,4.0,6.0,5.0,10.0,6.0,5.0,8.0,4.0,12.0,9.0,11.0,13.0,12.0,12.0,17.0,11.0,9.0,10.0,17.0,16.0,14.0,5.0,3.0,5.0,5.0,9.0,9.0,7.0,7.0,5.0,5.0,7.0,6.0,9.0,8.0,6.0,6.0,8.0,8.0,3.0,5.0,5.0,3.0,4.0,4.0,5.0,6.0,4.0,5.0,7.0,8.0,7.0,4.0,2.0,5.0,9.0,7.0
Woodlawn,Bronx,neighborhood,0.0,0.0,0.0,0.0,0.0,0.0,0.0,0.0,0.0,0.0,0.0,0.0,0.0,0.0,0.0,0.0,0.0,0.0,0.0,0.0,0.0,0.0,0.0,0.0,0.0,0.0,0.0,0.0,0.0,0.0,0.0,0.0,0.0,0.0,0.0,0.0,1.0,1.0,1.0,0.0,0.0,0.0,0.0,0.0,0.0,0.0,0.0,0.0,0.0,0.0,0.0,0.0,0.0,0.0,0.0,0.0,0.0,0.0,0.0,0.0,0.0,0.0,0.0,0.0,0.0,0.0,0.0,0.0,0.0,0.0,2.0,1.0,1.0,1.0,1.0,2.0,2.0,0.0,0.0,1.0,1.0,2.0,3.0,2.0,0.0,2.0,4.0,6.0,4.0,3.0,5.0,3.0,2.0,0.0,0.0,0.0,0.0,1.0,3.0,0.0,2.0,1.0,0.0,0.0,1.0,3.0,1.0,2.0,1.0,5.0,5.0,10.0,4.0,5.0,3.0,2.0,1.0,0.0,1.0,2.0,2.0,2.0,2.0,3.0,1.0,1.0,1.0,4.0,3.0,2.0,3.0,1.0,0.0,1.0,1.0,0.0,0.0,2.0,1.0,1.0,0.0,1.0,2.0,1.0,1.0,1.0,3.0,1.0,4.0,2.0,1.0,0.0,0.0,0.0,1.0,1.0,1.0,1.0,1.0,0.0,1.0,0.0,1.0,1.0,0.0,0.0,0.0,1.0,2.0,1.0,0.0,0.0,0.0,0.0,0.0,0.0,1.0,1.0,1.0,1.0,0.0,0.0,0.0,0.0,0.0,0.0,1.0,1.0,0.0,0.0,0.0,0.0,0.0,0.0,0.0,0.0,0.0,0.0,0.0,0.0
Woodside,Queens,neighborhood,5.0,4.0,4.0,4.0,2.0,3.0,2.0,1.0,1.0,2.0,3.0,8.0,8.0,7.0,9.0,10.0,11.0,13.0,11.0,11.0,6.0,6.0,7.0,5.0,5.0,5.0,5.0,5.0,5.0,6.0,7.0,7.0,6.0,6.0,5.0,6.0,8.0,9.0,14.0,10.0,8.0,6.0,5.0,7.0,9.0,12.0,19.0,19.0,37.0,41.0,47.0,39.0,20.0,15.0,15.0,21.0,19.0,19.0,17.0,21.0,25.0,25.0,27.0,20.0,21.0,28.0,29.0,26.0,33.0,39.0,29.0,19.0,15.0,20.0,22.0,26.0,29.0,36.0,31.0,29.0,33.0,35.0,33.0,28.0,55.0,53.0,71.0,80.0,89.0,65.0,62.0,45.0,45.0,50.0,44.0,39.0,64.0,68.0,71.0,62.0,59.0,58.0,59.0,59.0,41.0,74.0,55.0,44.0,41.0,47.0,43.0,58.0,57.0,53.0,40.0,38.0,39.0,72.0,47.0,34.0,47.0,31.0,17.0,12.0,37.0,44.0,62.0,70.0,78.0,59.0,60.0,47.0,73.0,87.0,105.0,92.0,83.0,84.0,85.0,56.0,46.0,53.0,44.0,44.0,38.0,30.0,40.0,30.0,28.0,21.0,23.0,31.0,41.0,33.0,26.0,25.0,44.0,50.0,45.0,49.0,60.0,58.0,60.0,85.0,62.0,60.0,57.0,52.0,74.0,51.0,45.0,42.0,44.0,50.0,66.0,74.0,69.0,75.0,66.0,43.0,59.0,59.0,59.0,62.0,60.0,61.0,52.0,58.0,63.0,53.0,54.0,62.0,52.0,44.0,61.0,38.0,33.0,39.0,48.0,42.0
Woodstock,Bronx,neighborhood,0.0,0.0,0.0,0.0,0.0,0.0,0.0,0.0,0.0,0.0,0.0,0.0,0.0,0.0,0.0,0.0,0.0,0.0,1.0,1.0,0.0,0.0,0.0,0.0,0.0,0.0,0.0,0.0,0.0,0.0,0.0,2.0,2.0,0.0,3.0,3.0,1.0,0.0,0.0,4.0,1.0,1.0,3.0,0.0,0.0,1.0,2.0,1.0,2.0,1.0,1.0,1.0,1.0,1.0,2.0,1.0,5.0,5.0,5.0,3.0,2.0,3.0,2.0,3.0,2.0,0.0,3.0,3.0,1.0,0.0,1.0,1.0,1.0,1.0,0.0,1.0,2.0,1.0,1.0,0.0,0.0,0.0,1.0,1.0,1.0,2.0,1.0,0.0,2.0,3.0,2.0,2.0,1.0,0.0,1.0,0.0,0.0,0.0,0.0,2.0,2.0,4.0,9.0,5.0,0.0,5.0,7.0,0.0,0.0,4.0,1.0,3.0,4.0,10.0,11.0,10.0,10.0,4.0,0.0,1.0,2.0,2.0,0.0,0.0,0.0,0.0,8.0,5.0,4.0,4.0,3.0,2.0,1.0,7.0,8.0,3.0,1.0,1.0,3.0,3.0,2.0,4.0,4.0,4.0,1.0,2.0,3.0,2.0,1.0,1.0,0.0,1.0,1.0,1.0,3.0,5.0,5.0,8.0,12.0,9.0,15.0,11.0,7.0,3.0,3.0,1.0,1.0,1.0,2.0,1.0,2.0,2.0,1.0,3.0,7.0,13.0,7.0,1.0,0.0,3.0,7.0,7.0,4.0,2.0,1.0,2.0,2.0,2.0,2.0,0.0,1.0,3.0,5.0,2.0,2.0,1.0,4.0,4.0,4.0,3.0
