areaName,Borough,areaType,2010-01,2010-02,2010-03,2010-04,2010-05,2010-06,2010-07,2010-08,2010-09,2010-10,2010-11,2010-12,2011-01,2011-02,2011-03,2011-04,2011-05,2011-06,2011-07,2011-08,2011-09,2011-10,2011-11,2011-12,2012-01,2012-02,2012-03,2012-04,2012-05,2012-06,2012-07,2012-08,2012-09,2012-10,2012-11,2012-12,2013-01,2013-02,2013-03,2013-04,2013-05,2013-06,2013-07,2013-08,2013-09,2013-10,2013-11,2013-12,2014-01,2014-02,2014-03,2014-04,2014-05,2014-06,2014-07,2014-08,2014-09,2014-10,2014-11,2014-12,2015-01,2015-02,2015-03,2015-04,2015-05,2015-06,2015-07,2015-08,2015-09,2015-10,2015-11,2015-12,2016-01,2016-02,2016-03,2016-04,2016-05,2016-06,2016-07,2016-08,2016-09,2016-10,2016-11,2016-12,2017-01,2017-02,2017-03,2017-04,2017-05,2017-06,2017-07,2017-08,2017-09,2017-10,2017-11,2017-12,2018-01,2018-02,2018-03,2018-04,2018-05,2018-06,2018-07,2018-08,2018-09,2018-10,2018-11,2018-12,2019-01,2019-02,2019-03,2019-04,2019-05,2019-06,2019-07,2019-08,2019-09,2019-10,2019-11,2019-12,2020-01,2020-02,2020-03,2020-04,2020-05,2020-06,2020-07,2020-08,2020-09,2020-10,2020-11,2020-12,2021-01,2021-02,2021-03,2021-04,2021-05,2021-06,2021-07,2021-08,2021-09,2021-10,2021-11,2021-12,2022-01,2022-02,2022-03,2022-04,2022-05,2022-06,2022-07,2022-08,2022-09,2022-10,2022-11,2022-12,2023-01,2023-02,2023-03,2023-04,2023-05,2023-06,2023-07,2023-08,2023-09,2023-10,2023-11,2023-12,2024-01,2024-02,2024-03,2024-04,2024-05,2024-06,2024-07,2024-08,2024-09,2024-10,2024-11,2024-12,2025-01,2025-02,2025-03,2025-04,2025-05,2025-06,2025-07,2025-08,2025-09,2025-10,2025-11,2025-12,2026-01,2026-02,2026-03,2026-04,2026-05,2026-06,2026-07,2026-08
Astoria,Queens,neighborhood,11.0,6.0,7.0,3.0,4.0,5.0,6.0,4.0,5.0,2.0,1.0,2.0,4.0,3.0,3.0,2.0,5.0,4.0,6.0,7.0,4.0,6.0,7.0,5.0,4.0,2.0,3.0,6.0,16.0,14.0,16.0,16.0,12.0,9.0,10.0,15.0,19.0,14.0,22.0,19.0,15.0,20.0,20.0,17.0,16.0,26.0,29.0,33.0,46.0,36.0,39.0,66.0,91.0,72.0,50.0,28.0,28.0,37.0,52.0,49.0,56.0,68.0,59.0,60.0,64.0,59.0,54.0,58.0,42.0,49.0,46.0,39.0,40.0,57.0,59.0,53.0,48.0,49.0,54.0,69.0,99.0,100.0,101.0,87.0,84.0,98.0,125.0,123.0,137.0,140.0,123.0,84.0,85.0,91.0,72.0,70.0,114.0,136.0,120.0,117.0,162.0,146.0,118.0,124.0,114.0,104.0,90.0,75.0,102.0,112.0,141.0,106.0,89.0,81.0,126.0,87.0,77.0,106.0,81.0,70.0,74.0,85.0,79.0,69.0,120.0,142.0,167.0,193.0,216.0,250.0,228.0,278.0,312.0,266.0,272.0,219.0,184.0,186.0,160.0,137.0,123.0,113.0,111.0,84.0,84.0,70.0,75.0,67.0,71.0,55.0,74.0,66.0,65.0,58.0,77.0,56.0,51.0,62.0,79.0,54.0,69.0,92.0,82.0,77.0,89.0,92.0,68.0,68.0,89.0,99.0,121.0,116.0,121.0,109.0,126.0,103.0,132.0,122.0,105.0,97.0,125.0,94.0,101.0,87.0,104.0,85.0,93.0,78.0,93.0,128.0,103.0,86.0,67.0,86.0,92.0,72.0,85.0,103.0,99.0,97.0
Auburndale,Queens,neighborhood,0.0,0.0,0.0,0.0,0.0,0.0,0.0,0.0,0.0,0.0,0.0,0.0,0.0,0.0,0.0,0.0,0.0,0.0,0.0,0.0,0.0,0.0,0.0,0.0,0.0,0.0,0.0,0.0,1.0,1.0,0.0,0.0,0.0,0.0,0.0,0.0,0.0,0.0,0.0,0.0,0.0,0.0,0.0,0.0,0.0,0.0,0.0,1.0,1.0,0.0,1.0,1.0,1.0,0.0,0.0,0.0,1.0,0.0,0.0,0.0,0.0,0.0,0.0,0.0,0.0,0.0,0.0,3.0,2.0,0.0,0.0,0.0,1.0,1.0,2.0,3.0,2.0,1.0,2.0,1.0,1.0,1.0,0.0,0.0,0.0,0.0,0.0,0.0,1.0,1.0,1.0,1.0,1.0,4.0,3.0,1.0,0.0,0.0,1.0,1.0,2.0,1.0,0.0,0.0,1.0,0.0,0.0,0.0,0.0,1.0,1.0,2.0,1.0,1.0,2.0,2.0,1.0,1.0,1.0,2.0,1.0,4.0,3.0,1.0,2.0,2.0,1.0,1.0,2.0,1.0,2.0,1.0,1.0,3.0,2.0,1.0,0.0,1.0,1.0,1.0,1.0,1.0,1.0,1.0,0.0,0.0,1.0,1.0,2.0,1.0,0.0,0.0,0.0,0.0,0.0,0.0,0.0,0.0,5.0,4.0,5.0,7.0,0.0,1.0,1.0,1.0,0.0,0.0,1.0,1.0,0.0,0.0,0.0,1.0,3.0,1.0,1.0,0.0,0.0,0.0,0.0,0.0,0.0,0.0,0.0,0.0,0.0,0.0,0.0,0.0,0.0,0.0,0.0,0.0,0.0,0.0,1.0,1.0,1.0,1.0
Bath Beach,Brooklyn,neighborhood,1.0,1.0,1.0,1.0,0.0,0.0,0.0,0.0,0.0,0.0,0.0,0.0,0.0,0.0,0.0,0.0,0.0,1.0,3.0,4.0,1.0,2.0,2.0,4.0,5.0,5.0,3.0,1.0,2.0,2.0,3.0,3.0,4.0,3.0,3.0,3.0,3.0,1.0,1.0,2.0,2.0,1.0,1.0,0.0,1.0,1.0,0.0,0.0,0.0,1.0,2.0,1.0,1.0,1.0,1.0,0.0,0.0,0.0,0.0,0.0,0.0,0.0,0.0,1.0,1.0,2.0,1.0,1.0,1.0,2.0,1.0,1.0,2.0,0.0,0.0,0.0,0.0,0.0,0.0,1.0,0.0,1.0,2.0,4.0,2.0,2.0,3.0,2.0,1.0,1.0,0.0,0.0,1.0,2.0,0.0,1.0,2.0,1.0,2.0,3.0,1.0,0.0,6.0,5.0,1.0,1.0,1.0,3.0,4.0,2.0,2.0,3.0,4.0,0.0,0.0,1.0,1.0,5.0,2.0,2.0,1.0,3.0,2.0,0.0,1.0,0.0,1.0,1.0,1.0,1.0,2.0,2.0,9.0,8.0,4.0,5.0,3.0,3.0,4.0,5.0,4.0,5.0,3.0,2.0,3.0,4.0,3.0,2.0,1.0,3.0,5.0,4.0,4.0,4.0,3.0,2.0,1.0,1.0,4.0,6.0,4.0,1.0,3.0,2.0,2.0,4.0,2.0,2.0,3.0,4.0,6.0,6.0,8.0,7.0,5.0,7.0,4.0,3.0,9.0,4.0,5.0,4.0,5.0,7.0,8.0,5.0,4.0,4.0,10.0,10.0,12.0,14.0,12.0,8.0,7.0,9.0,8.0,5.0,8.0,7.0
Battery Park City,Manhattan,neighborhood,33.0,33.0,31.0,31.0,31.0,40.0,31.0,32.0,27.0,18.0,21.0,14.0,17.0,23.0,27.0,15.0,11.0,12.0,20.0,16.0,17.0,22.0,20.0,18.0,15.0,17.0,20.0,27.0,27.0,22.0,22.0,16.0,17.0,24.0,23.0,17.0,22.0,30.0,31.0,33.0,34.0,32.0,34.0,32.0,26.0,35.0,29.0,32.0,29.0,26.0,27.0,69.0,119.0,37.0,47.0,33.0,22.0,29.0,24.0,37.0,38.0,31.0,44.0,38.0,43.0,36.0,31.0,38.0,27.0,30.0,20.0,19.0,24.0,29.0,30.0,28.0,36.0,37.0,33.0,29.0,25.0,28.0,30.0,28.0,27.0,28.0,31.0,34.0,28.0,29.0,34.0,22.0,20.0,30.0,33.0,34.0,26.0,22.0,26.0,20.0,22.0,34.0,36.0,32.0,23.0,28.0,33.0,27.0,25.0,22.0,30.0,30.0,22.0,17.0,20.0,27.0,22.0,18.0,16.0,23.0,22.0,22.0,13.0,21.0,28.0,35.0,59.0,52.0,56.0,64.0,60.0,49.0,44.0,38.0,46.0,42.0,35.0,34.0,22.0,15.0,17.0,19.0,18.0,11.0,9.0,12.0,19.0,19.0,19.0,16.0,18.0,19.0,20.0,19.0,22.0,17.0,20.0,16.0,25.0,20.0,19.0,23.0,24.0,35.0,20.0,21.0,24.0,29.0,32.0,24.0,17.0,29.0,35.0,36.0,33.0,30.0,24.0,24.0,31.0,28.0,32.0,30.0,39.0,41.0,34.0,25.0,39.0,36.0,36.0,34.0,30.0,33.0,39.0,22.0,25.0,31.0,29.0,30.0,35.0,33.0
Bay Ridge,Brooklyn,neighborhood,2.0,2.0,3.0,4.0,3.0,6.0,5.0,3.0,4.0,4.0,3.0,2.0,2.0,2.0,4.0,4.0,5.0,5.0,5.0,5.0,3.0,1.0,0.0,0.0,0.0,0.0,0.0,1.0,2.0,3.0,3.0,4.0,6.0,7.0,5.0,2.0,7.0,8.0,9.0,8.0,7.0,5.0,9.0,6.0,10.0,16.0,19.0,14.0,23.0,24.0,21.0,10.0,8.0,12.0,13.0,16.0,16.0,16.0,16.0,25.0,31.0,21.0,20.0,26.0,30.0,35.0,29.0,17.0,15.0,23.0,24.0,24.0,14.0,18.0,22.0,16.0,15.0,16.0,16.0,9.0,7.0,12.0,20.0,10.0,20.0,33.0,44.0,40.0,36.0,42.0,41.0,24.0,22.0,40.0,47.0,41.0,36.0,46.0,61.0,62.0,65.0,62.0,37.0,51.0,35.0,58.0,37.0,27.0,46.0,47.0,41.0,58.0,57.0,51.0,43.0,53.0,34.0,37.0,39.0,31.0,37.0,31.0,33.0,20.0,17.0,38.0,49.0,50.0,36.0,54.0,60.0,48.0,55.0,67.0,55.0,59.0,52.0,47.0,60.0,56.0,58.0,64.0,61.0,54.0,48.0,43.0,40.0,32.0,24.0,21.0,35.0,14.0,20.0,45.0,44.0,28.0,23.0,33.0,40.0,23.0,27.0,28.0,15.0,28.0,33.0,28.0,30.0,29.0,28.0,28.0,28.0,30.0,24.0,35.0,15.0,23.0,17.0,17.0,21.0,16.0,19.0,22.0,27.0,30.0,38.0,24.0,17.0,19.0,28.0,28.0,20.0,9.0,11.0,19.0,18.0,15.0,20.0,16.0,15.0,17.0
Baychester,Bronx,neighborhood,0.0,0.0,0.0,0.0,0.0,0.0,0.0,0.0,0.0,0.0,0.0,0.0,0.0,0.0,0.0,0.0,0.0,0.0,0.0,0.0,0.0,0.0,0.0,0.0,0.0,0.0,0.0,0.0,0.0,0.0,0.0,0.0,0.0,0.0,0.0,0.0,0.0,0.0,0.0,0.0,0.0,0.0,0.0,0.0,0.0,0.0,0.0,0.0,0.0,0.0,0.0,0.0,0.0,0.0,0.0,0.0,0.0,0.0,0.0,0.0,0.0,0.0,0.0,0.0,0.0,0.0,0.0,0.0,0.0,0.0,0.0,0.0,0.0,0.0,0.0,0.0,0.0,0.0,0.0,0.0,0.0,0.0,0.0,0.0,0.0,0.0,0.0,0.0,0.0,0.0,0.0,0.0,0.0,0.0,0.0,0.0,0.0,0.0,0.0,0.0,0.0,0.0,0.0,0.0,0.0,0.0,0.0,0.0,0.0,0.0,0.0,0.0,0.0,0.0,0.0,0.0,0.0,0.0,0.0,0.0,0.0,0.0,0.0,0.0,0.0,0.0,0.0,0.0,0.0,0.0,0.0,0.0,0.0,0.0,0.0,0.0,0.0,0.0,0.0,0.0,0.0,0.0,0.0,0.0,0.0,0.0,0.0,0.0,0.0,0.0,0.0,0.0,0.0,1.0,0.0,0.0,0.0,0.0,0.0,0.0,0.0,0.0,0.0,0.0,0.0,0.0,0.0,0.0,0.0,0.0,0.0,0.0,0.0,0.0,0.0,0.0,0.0,0.0,0.0,0.0,0.0,0.0,0.0,0.0,0.0,0.0,0.0,0.0,0.0,0.0,0.0,0.0,0.0,0.0,0.0,0.0,0.0,0.0,0.0,0.0
Bayside,Queens,neighborhood,2.0,2.0,1.0,1.0,1.0,1.0,0.0,0.0,0.0,0.0,0.0,0.0,0.0,0.0,0.0,1.0,1.0,2.0,3.0,1.0,1.0,1.0,1.0,1.0,2.0,2.0,2.0,1.0,2.0,2.0,2.0,2.0,2.0,1.0,1.0,0.0,0.0,0.0,0.0,0.0,0.0,0.0,1.0,1.0,0.0,0.0,1.0,1.0,2.0,1.0,2.0,2.0,2.0,1.0,1.0,1.0,2.0,7.0,4.0,2.0,1.0,1.0,0.0,0.0,0.0,0.0,0.0,0.0,0.0,1.0,0.0,0.0,0.0,0.0,2.0,2.0,2.0,1.0,1.0,4.0,3.0,4.0,4.0,1.0,1.0,1.0,2.0,2.0,4.0,3.0,5.0,1.0,0.0,2.0,2.0,4.0,2.0,1.0,2.0,3.0,3.0,1.0,3.0,2.0,3.0,3.0,3.0,3.0,4.0,4.0,7.0,7.0,6.0,5.0,6.0,3.0,2.0,4.0,5.0,2.0,3.0,7.0,5.0,8.0,7.0,3.0,9.0,12.0,4.0,6.0,4.0,4.0,3.0,4.0,5.0,5.0,6.0,4.0,5.0,5.0,1.0,2.0,1.0,4.0,6.0,4.0,8.0,6.0,3.0,1.0,2.0,3.0,3.0,4.0,2.0,1.0,1.0,1.0,3.0,0.0,5.0,5.0,7.0,5.0,0.0,2.0,4.0,2.0,3.0,1.0,4.0,9.0,8.0,5.0,5.0,1.0,1.0,2.0,2.0,4.0,8.0,3.0,7.0,8.0,7.0,7.0,3.0,3.0,8.0,4.0,6.0,2.0,4.0,2.0,3.0,3.0,4.0,4.0,4.0,7.0
Bedford Park,Bronx,neighborhood,0.0,1.0,1.0,0.0,0.0,3.0,1.0,0.0,0.0,0.0,0.0,0.0,0.0,0.0,0.0,0.0,1.0,0.0,0.0,0.0,1.0,0.0,0.0,0.0,0.0,0.0,0.0,1.0,1.0,0.0,2.0,2.0,2.0,2.0,2.0,1.0,1.0,0.0,1.0,1.0,0.0,0.0,1.0,2.0,0.0,0.0,0.0,0.0,0.0,0.0,3.0,4.0,0.0,1.0,7.0,7.0,6.0,6.0,11.0,12.0,17.0,18.0,14.0,12.0,14.0,10.0,2.0,1.0,1.0,2.0,5.0,7.0,9.0,14.0,16.0,7.0,4.0,12.0,5.0,7.0,10.0,8.0,3.0,9.0,9.0,11.0,7.0,10.0,10.0,2.0,3.0,3.0,3.0,7.0,6.0,0.0,1.0,4.0,1.0,2.0,5.0,3.0,2.0,2.0,4.0,1.0,0.0,0.0,0.0,1.0,2.0,5.0,5.0,3.0,1.0,2.0,1.0,1.0,1.0,1.0,1.0,0.0,1.0,0.0,0.0,1.0,2.0,1.0,1.0,1.0,0.0,4.0,4.0,5.0,5.0,2.0,4.0,3.0,3.0,1.0,0.0,2.0,3.0,2.0,0.0,0.0,2.0,2.0,3.0,5.0,6.0,4.0,3.0,3.0,6.0,6.0,5.0,2.0,2.0,2.0,4.0,5.0,2.0,3.0,2.0,3.0,2.0,1.0,2.0,3.0,4.0,1.0,5.0,2.0,2.0,0.0,0.0,1.0,2.0,2.0,0.0,0.0,2.0,2.0,0.0,3.0,3.0,0.0,3.0,4.0,1.0,1.0,1.0,1.0,0.0,4.0,2.0,2.0,4.0,3.0
Bedford-Stuyvesant,Brooklyn,neighborhood,6.0,5.0,4.0,8.0,8.0,11.0,12.0,10.0,8.0,8.0,5.0,7.0,7.0,11.0,13.0,13.0,13.0,13.0,12.0,11.0,8.0,12.0,12.0,11.0,14.0,13.0,12.0,9.0,12.0,12.0,16.0,12.0,13.0,16.0,11.0,12.0,17.0,19.0,21.0,19.0,15.0,21.0,20.0,19.0,18.0,24.0,21.0,20.0,25.0,23.0,32.0,37.0,43.0,40.0,39.0,49.0,43.0,40.0,55.0,72.0,66.0,62.0,64.0,52.0,64.0,57.0,66.0,69.0,54.0,47.0,51.0,46.0,46.0,48.0,51.0,56.0,72.0,82.0,82.0,87.0,81.0,59.0,59.0,63.0,93.0,75.0,90.0,106.0,120.0,95.0,122.0,85.0,74.0,69.0,69.0,53.0,67.0,81.0,102.0,86.0,92.0,62.0,71.0,84.0,61.0,99.0,108.0,97.0,107.0,68.0,78.0,101.0,113.0,111.0,80.0,97.0,115.0,80.0,75.0,45.0,80.0,80.0,54.0,44.0,99.0,158.0,235.0,206.0,186.0,174.0,179.0,165.0,148.0,125.0,128.0,167.0,164.0,172.0,138.0,116.0,89.0,69.0,76.0,53.0,43.0,39.0,64.0,55.0,83.0,72.0,103.0,91.0,96.0,95.0,63.0,71.0,88.0,82.0,101.0,104.0,117.0,101.0,103.0,107.0,108.0,109.0,100.0,80.0,118.0,102.0,96.0,90.0,128.0,141.0,141.0,156.0,157.0,140.0,106.0,88.0,82.0,81.0,130.0,102.0,132.0,133.0,166.0,150.0,146.0,114.0,113.0,108.0,112.0,90.0,124.0,99.0,89.0,83.0,104.0,126.0
Bellerose,Queens,neighborhood,1.0,1.0,1.0,1.0,1.0,1.0,1.0,1.0,1.0,0.0,0.0,0.0,0.0,0.0,0.0,0.0,0.0,0.0,0.0,0.0,0.0,0.0,0.0,0.0,0.0,0.0,0.0,0.0,0.0,0.0,0.0,0.0,0.0,0.0,0.0,0.0,0.0,0.0,0.0,0.0,0.0,0.0,0.0,0.0,0.0,0.0,0.0,0.0,0.0,0.0,0.0,0.0,0.0,0.0,0.0,0.0,0.0,0.0,0.0,0.0,0.0,0.0,0.0,0.0,0.0,0.0,0.0,0.0,0.0,0.0,0.0,0.0,0.0,0.0,0.0,0.0,0.0,2.0,2.0,0.0,0.0,0.0,0.0,0.0,0.0,0.0,0.0,0.0,0.0,1.0,1.0,0.0,1.0,1.0,1.0,1.0,1.0,0.0,0.0,0.0,0.0,0.0,0.0,1.0,0.0,0.0,0.0,0.0,0.0,0.0,0.0,0.0,0.0,0.0,0.0,0.0,1.0,1.0,0.0,0.0,0.0,0.0,0.0,0.0,0.0,0.0,1.0,1.0,0.0,0.0,0.0,0.0,0.0,0.0,2.0,0.0,0.0,0.0,0.0,0.0,0.0,0.0,1.0,0.0,0.0,0.0,0.0,0.0,5.0,1.0,0.0,0.0,0.0,3.0,3.0,2.0,1.0,0.0,0.0,0.0,0.0,0.0,0.0,0.0,0.0,0.0,0.0,0.0,0.0,0.0,0.0,0.0,0.0,0.0,0.0,0.0,0.0,1.0,1.0,0.0,0.0,0.0,0.0,0.0,0.0,1.0,2.0,1.0,0.0,0.0,0.0,0.0,0.0,0.0,2.0,0.0,0.0,0.0,0.0,0.0
Belmont,Bronx,neighborhood,0.0,0.0,0.0,0.0,0.0,0.0,0.0,0.0,0.0,0.0,0.0,0.0,0.0,0.0,0.0,0.0,0.0,0.0,0.0,0.0,0.0,0.0,0.0,0.0,0.0,0.0,0.0,0.0,0.0,0.0,0.0,0.0,0.0,0.0,0.0,0.0,0.0,0.0,0.0,0.0,0.0,0.0,0.0,0.0,0.0,0.0,0.0,0.0,0.0,0.0,0.0,0.0,0.0,0.0,0.0,0.0,0.0,0.0,0.0,0.0,0.0,0.0,0.0,0.0,0.0,1.0,1.0,1.0,1.0,0.0,0.0,0.0,0.0,0.0,1.0,1.0,1.0,1.0,1.0,1.0,0.0,0.0,0.0,0.0,0.0,0.0,0.0,0.0,1.0,1.0,0.0,0.0,0.0,0.0,0.0,1.0,0.0,0.0,1.0,1.0,0.0,1.0,0.0,0.0,0.0,0.0,0.0,0.0,0.0,0.0,0.0,0.0,1.0,1.0,0.0,0.0,0.0,0.0,0.0,0.0,0.0,0.0,0.0,0.0,0.0,1.0,1.0,0.0,1.0,1.0,0.0,0.0,0.0,0.0,0.0,0.0,0.0,0.0,0.0,0.0,0.0,0.0,0.0,0.0,0.0,0.0,0.0,0.0,0.0,0.0,0.0,0.0,0.0,0.0,0.0,0.0,0.0,0.0,0.0,0.0,0.0,0.0,0.0,0.0,0.0,2.0,0.0,0.0,1.0,1.0,3.0,4.0,0.0,1.0,2.0,1.0,0.0,0.0,0.0,1.0,1.0,0.0,0.0,2.0,1.0,2.0,1.0,1.0,0.0,0.0,0.0,0.0,2.0,1.0,2.0,1.0,1.0,1.0,0.0,0.0
Bensonhurst,Brooklyn,neighborhood,0.0,0.0,0.0,0.0,0.0,0.0,0.0,0.0,0.0,0.0,0.0,0.0,0.0,0.0,1.0,3.0,0.0,0.0,0.0,0.0,0.0,0.0,0.0,0.0,0.0,0.0,0.0,0.0,0.0,2.0,0.0,0.0,0.0,0.0,0.0,1.0,0.0,0.0,0.0,2.0,3.0,1.0,6.0,2.0,1.0,0.0,0.0,0.0,0.0,1.0,1.0,0.0,1.0,1.0,0.0,0.0,0.0,1.0,1.0,0.0,0.0,0.0,1.0,2.0,1.0,0.0,0.0,1.0,2.0,3.0,2.0,1.0,1.0,0.0,0.0,1.0,3.0,1.0,0.0,1.0,2.0,2.0,1.0,0.0,1.0,1.0,2.0,2.0,5.0,5.0,1.0,3.0,2.0,2.0,2.0,1.0,4.0,5.0,4.0,7.0,3.0,2.0,7.0,12.0,16.0,9.0,6.0,3.0,3.0,1.0,0.0,1.0,4.0,6.0,4.0,5.0,11.0,4.0,1.0,2.0,5.0,8.0,6.0,2.0,2.0,2.0,3.0,1.0,5.0,7.0,3.0,3.0,10.0,4.0,7.0,5.0,4.0,5.0,3.0,0.0,2.0,3.0,4.0,1.0,1.0,6.0,7.0,1.0,1.0,5.0,4.0,4.0,2.0,3.0,2.0,0.0,1.0,2.0,2.0,0.0,4.0,4.0,1.0,3.0,4.0,5.0,0.0,0.0,1.0,1.0,3.0,1.0,3.0,2.0,3.0,2.0,3.0,3.0,4.0,2.0,3.0,1.0,0.0,1.0,3.0,1.0,1.0,1.0,1.0,0.0,0.0,2.0,0.0,0.0,1.0,1.0,1.0,10.0,1.0,3.0
Bergen Beach,Brooklyn,neighborhood,0.0,0.0,0.0,0.0,0.0,0.0,0.0,0.0,0.0,0.0,0.0,0.0,0.0,0.0,0.0,0.0,0.0,0.0,0.0,0.0,0.0,0.0,0.0,0.0,0.0,0.0,0.0,0.0,0.0,0.0,1.0,1.0,1.0,0.0,0.0,0.0,0.0,0.0,1.0,1.0,1.0,1.0,0.0,0.0,0.0,0.0,0.0,0.0,0.0,0.0,0.0,0.0,0.0,0.0,0.0,0.0,0.0,0.0,0.0,0.0,0.0,0.0,0.0,0.0,1.0,1.0,1.0,0.0,0.0,0.0,0.0,0.0,0.0,0.0,0.0,0.0,0.0,1.0,1.0,1.0,0.0,0.0,1.0,1.0,1.0,1.0,0.0,0.0,0.0,0.0,0.0,0.0,0.0,0.0,0.0,0.0,0.0,0.0,0.0,0.0,0.0,0.0,1.0,2.0,1.0,0.0,0.0,0.0,0.0,0.0,0.0,0.0,0.0,0.0,0.0,0.0,0.0,0.0,0.0,0.0,1.0,2.0,1.0,0.0,1.0,0.0,0.0,0.0,0.0,0.0,0.0,0.0,0.0,0.0,0.0,1.0,0.0,0.0,0.0,1.0,1.0,2.0,2.0,1.0,3.0,1.0,0.0,0.0,0.0,0.0,0.0,0.0,1.0,1.0,0.0,0.0,0.0,0.0,4.0,0.0,0.0,0.0,0.0,0.0,0.0,1.0,1.0,0.0,0.0,0.0,0.0,0.0,0.0,0.0,1.0,1.0,0.0,0.0,0.0,1.0,1.0,0.0,0.0,0.0,1.0,1.0,0.0,0.0,0.0,0.0,0.0,1.0,0.0,0.0,0.0,0.0,0.0,0.0,0.0,0.0
Boerum Hill,Brooklyn,neighborhood,5.0,4.0,3.0,0.0,1.0,6.0,10.0,9.0,4.0,4.0,5.0,3.0,3.0,5.0,5.0,7.0,8.0,8.0,9.0,8.0,7.0,6.0,6.0,4.0,1.0,1.0,3.0,4.0,1.0,2.0,1.0,4.0,3.0,3.0,3.0,5.0,4.0,4.0,0.0,4.0,6.0,5.0,7.0,4.0,4.0,3.0,1.0,3.0,3.0,6.0,12.0,10.0,15.0,18.0,19.0,13.0,8.0,8.0,4.0,3.0,3.0,8.0,6.0,15.0,13.0,10.0,17.0,17.0,14.0,14.0,9.0,11.0,14.0,9.0,9.0,9.0,16.0,14.0,9.0,13.0,22.0,22.0,19.0,16.0,16.0,17.0,22.0,19.0,17.0,18.0,21.0,22.0,17.0,22.0,14.0,11.0,13.0,15.0,19.0,26.0,11.0,19.0,17.0,23.0,10.0,5.0,7.0,16.0,15.0,15.0,19.0,12.0,9.0,16.0,18.0,14.0,12.0,13.0,8.0,7.0,12.0,7.0,7.0,8.0,16.0,28.0,23.0,38.0,36.0,27.0,27.0,32.0,33.0,26.0,27.0,24.0,25.0,19.0,20.0,15.0,9.0,9.0,13.0,6.0,1.0,9.0,5.0,6.0,12.0,11.0,17.0,12.0,10.0,9.0,13.0,6.0,6.0,5.0,11.0,11.0,10.0,10.0,10.0,13.0,12.0,17.0,15.0,14.0,7.0,5.0,10.0,12.0,10.0,16.0,19.0,15.0,18.0,16.0,13.0,12.0,14.0,13.0,14.0,9.0,10.0,18.0,31.0,42.0,32.0,23.0,16.0,11.0,21.0,19.0,23.0,30.0,20.0,27.0,26.0,19.0
Borough Park,Brooklyn,neighborhood,2.0,1.0,1.0,1.0,1.0,1.0,1.0,1.0,0.0,0.0,1.0,1.0,1.0,2.0,2.0,1.0,1.0,0.0,0.0,0.0,0.0,0.0,0.0,0.0,0.0,0.0,0.0,0.0,0.0,0.0,0.0,0.0,0.0,0.0,0.0,0.0,0.0,0.0,0.0,0.0,0.0,0.0,0.0,0.0,0.0,0.0,0.0,1.0,1.0,1.0,0.0,0.0,0.0,0.0,2.0,2.0,1.0,0.0,0.0,0.0,0.0,0.0,1.0,0.0,0.0,0.0,3.0,5.0,2.0,2.0,1.0,1.0,2.0,1.0,0.0,0.0,0.0,3.0,3.0,8.0,14.0,7.0,6.0,6.0,9.0,7.0,8.0,5.0,5.0,3.0,4.0,3.0,5.0,3.0,3.0,3.0,5.0,6.0,4.0,4.0,3.0,5.0,1.0,6.0,4.0,8.0,7.0,5.0,6.0,6.0,8.0,2.0,2.0,0.0,3.0,8.0,7.0,8.0,6.0,7.0,4.0,1.0,2.0,4.0,3.0,5.0,3.0,3.0,5.0,7.0,5.0,3.0,3.0,5.0,3.0,6.0,6.0,7.0,6.0,5.0,6.0,5.0,6.0,8.0,4.0,6.0,5.0,3.0,5.0,2.0,5.0,1.0,1.0,1.0,4.0,2.0,2.0,1.0,3.0,1.0,2.0,4.0,1.0,3.0,5.0,2.0,2.0,4.0,3.0,1.0,1.0,0.0,4.0,2.0,3.0,2.0,0.0,0.0,1.0,0.0,2.0,1.0,1.0,2.0,1.0,2.0,3.0,1.0,1.0,1.0,0.0,0.0,0.0,0.0,0.0,0.0,3.0,3.0,3.0,0.0
Briarwood,Queens,neighborhood,0.0,1.0,2.0,2.0,1.0,1.0,1.0,1.0,1.0,0.0,0.0,0.0,0.0,1.0,1.0,0.0,1.0,1.0,1.0,1.0,0.0,0.0,0.0,0.0,0.0,0.0,0.0,0.0,0.0,0.0,0.0,0.0,0.0,1.0,1.0,1.0,1.0,1.0,0.0,2.0,3.0,2.0,2.0,3.0,2.0,0.0,3.0,1.0,2.0,4.0,5.0,5.0,5.0,3.0,0.0,0.0,1.0,1.0,1.0,0.0,4.0,5.0,5.0,4.0,1.0,3.0,5.0,7.0,6.0,9.0,7.0,4.0,3.0,2.0,6.0,6.0,8.0,8.0,8.0,12.0,12.0,9.0,9.0,11.0,13.0,11.0,14.0,20.0,20.0,16.0,13.0,6.0,10.0,2.0,1.0,4.0,3.0,3.0,3.0,4.0,3.0,6.0,10.0,13.0,8.0,5.0,5.0,3.0,4.0,7.0,8.0,12.0,13.0,13.0,8.0,11.0,11.0,4.0,6.0,9.0,13.0,14.0,7.0,4.0,9.0,4.0,11.0,16.0,17.0,15.0,17.0,26.0,42.0,29.0,26.0,17.0,22.0,33.0,25.0,14.0,17.0,23.0,13.0,12.0,6.0,9.0,8.0,11.0,27.0,19.0,13.0,13.0,13.0,11.0,9.0,12.0,23.0,9.0,12.0,33.0,19.0,7.0,14.0,27.0,10.0,10.0,14.0,13.0,12.0,6.0,8.0,8.0,14.0,13.0,6.0,6.0,6.0,6.0,19.0,13.0,8.0,15.0,8.0,4.0,4.0,5.0,5.0,11.0,13.0,11.0,14.0,17.0,15.0,9.0,11.0,13.0,11.0,9.0,12.0,12.0
Brighton Beach,Brooklyn,neighborhood,0.0,0.0,0.0,0.0,0.0,0.0,0.0,0.0,0.0,0.0,0.0,0.0,0.0,2.0,3.0,1.0,2.0,2.0,1.0,1.0,0.0,3.0,3.0,4.0,1.0,2.0,2.0,2.0,4.0,5.0,4.0,4.0,3.0,2.0,3.0,1.0,0.0,1.0,3.0,2.0,2.0,2.0,4.0,4.0,4.0,2.0,3.0,2.0,0.0,4.0,3.0,2.0,1.0,8.0,8.0,11.0,8.0,12.0,11.0,13.0,7.0,7.0,7.0,14.0,13.0,10.0,7.0,7.0,8.0,6.0,7.0,7.0,10.0,6.0,7.0,13.0,13.0,7.0,7.0,10.0,8.0,9.0,8.0,6.0,10.0,7.0,5.0,9.0,17.0,17.0,15.0,5.0,4.0,4.0,5.0,5.0,12.0,14.0,9.0,8.0,7.0,6.0,7.0,7.0,6.0,4.0,6.0,5.0,6.0,7.0,4.0,9.0,4.0,9.0,14.0,13.0,14.0,6.0,9.0,14.0,14.0,9.0,5.0,7.0,10.0,6.0,7.0,5.0,9.0,18.0,12.0,8.0,10.0,11.0,11.0,12.0,8.0,11.0,13.0,18.0,5.0,4.0,5.0,5.0,4.0,1.0,9.0,17.0,8.0,7.0,5.0,3.0,3.0,3.0,5.0,10.0,5.0,0.0,2.0,4.0,6.0,9.0,3.0,6.0,8.0,8.0,9.0,6.0,3.0,2.0,2.0,6.0,6.0,6.0,8.0,7.0,6.0,6.0,6.0,6.0,10.0,5.0,2.0,8.0,5.0,6.0,5.0,9.0,5.0,6.0,5.0,3.0,4.0,2.0,4.0,4.0,4.0,4.0,7.0,13.0
Bronx,Bronx,borough,21.0,23.0,28.0,17.0,17.0,17.0,13.0,16.0,9.0,7.0,6.0,7.0,6.0,7.0,16.0,16.0,23.0,22.0,20.0,20.0,21.0,24.0,24.0,23.0,16.0,15.0,15.0,14.0,21.0,23.0,30.0,27.0,26.0,27.0,23.0,16.0,18.0,15.0,13.0,14.0,15.0,17.0,23.0,25.0,16.0,13.0,18.0,19.0,23.0,25.0,29.0,30.0,34.0,43.0,63.0,59.0,51.0,54.0,58.0,60.0,72.0,72.0,76.0,83.0,71.0,65.0,56.0,45.0,35.0,43.0,58.0,72.0,98.0,92.0,81.0,70.0,68.0,74.0,53.0,64.0,65.0,74.0,84.0,81.0,90.0,87.0,75.0,82.0,85.0,68.0,60.0,58.0,60.0,72.0,67.0,61.0,53.0,54.0,67.0,67.0,71.0,73.0,67.0,68.0,70.0,85.0,96.0,80.0,79.0,79.0,97.0,89.0,99.0,97.0,88.0,90.0,71.0,61.0,66.0,54.0,49.0,39.0,49.0,31.0,38.0,64.0,64.0,71.0,74.0,74.0,76.0,103.0,99.0,97.0,98.0,92.0,79.0,84.0,97.0,97.0,81.0,78.0,82.0,75.0,88.0,76.0,100.0,100.0,114.0,117.0,100.0,97.0,90.0,110.0,110.0,83.0,126.0,133.0,133.0,121.0,131.0,132.0,128.0,127.0,121.0,109.0,111.0,99.0,114.0,105.0,111.0,99.0,126.0,131.0,135.0,147.0,127.0,113.0,88.0,83.0,110.0,109.0,101.0,121.0,130.0,148.0,152.0,141.0,202.0,210.0,123.0,128.0,116.0,113.0,124.0,100.0,124.0,102.0,104.0,110.0
Bronxwood,Bronx,neighborhood,0.0,0.0,0.0,0.0,0.0,0.0,1.0,1.0,1.0,0.0,0.0,0.0,0.0,1.0,1.0,0.0,0.0,0.0,0.0,0.0,0.0,0.0,0.0,1.0,1.0,1.0,1.0,0.0,4.0,4.0,5.0,2.0,1.0,3.0,3.0,0.0,0.0,0.0,0.0,0.0,1.0,1.0,1.0,0.0,0.0,0.0,1.0,1.0,1.0,0.0,1.0,3.0,2.0,1.0,1.0,0.0,1.0,1.0,1.0,1.0,1.0,2.0,2.0,1.0,1.0,0.0,0.0,0.0,0.0,2.0,0.0,1.0,2.0,0.0,0.0,1.0,0.0,1.0,0.0,0.0,1.0,2.0,1.0,1.0,1.0,1.0,4.0,3.0,2.0,1.0,1.0,0.0,0.0,1.0,1.0,1.0,0.0,5.0,4.0,2.0,1.0,1.0,0.0,0.0,0.0,0.0,0.0,0.0,0.0,1.0,1.0,0.0,1.0,3.0,3.0,2.0,0.0,0.0,0.0,0.0,0.0,0.0,1.0,0.0,0.0,0.0,0.0,0.0,0.0,0.0,2.0,2.0,0.0,0.0,1.0,1.0,0.0,0.0,3.0,3.0,2.0,2.0,1.0,1.0,2.0,4.0,5.0,1.0,1.0,4.0,3.0,4.0,0.0,0.0,1.0,2.0,6.0,2.0,2.0,3.0,2.0,2.0,2.0,1.0,0.0,0.0,0.0,1.0,0.0,0.0,0.0,2.0,5.0,1.0,0.0,0.0,0.0,0.0,0.0,0.0,0.0,0.0,0.0,1.0,1.0,1.0,1.0,0.0,0.0,0.0,1.0,1.0,1.0,2.0,3.0,0.0,1.0,0.0,1.0,0.0
Brooklyn,Brooklyn,borough,192.0,217.0,224.0,224.0,196.0,196.0,201.0,182.0,117.0,120.0,156.0,161.0,169.0,187.0,204.0,226.0,256.0,266.0,267.0,239.0,219.0,227.0,217.0,193.0,171.0,190.0,210.0,218.0,265.0,263.0,267.0,284.0,291.0,278.0,267.0,262.0,293.0,308.0,277.0,322.0,329.0,332.0,376.0,373.0,351.0,389.0,364.0,447.0,492.0,517.0,555.0,558.0,621.0,690.0,723.0,778.0,727.0,690.0,676.0,738.0,841.0,828.0,808.0,817.0,856.0,925.0,983.0,982.0,938.0,844.0,724.0,691.0,773.0,719.0,824.0,813.0,900.0,1007.0,1026.0,1058.0,985.0,890.0,925.0,908.0,1031.0,1004.0,1158.0,1168.0,1429.0,1450.0,1431.0,1118.0,1029.0,1106.0,996.0,872.0,1041.0,1045.0,1175.0,1177.0,1302.0,1362.0,1318.0,1365.0,1065.0,1276.0,1184.0,1095.0,1294.0,1200.0,1174.0,1164.0,1333.0,1281.0,1306.0,1286.0,1093.0,964.0,892.0,827.0,999.0,893.0,805.0,751.0,1200.0,1848.0,2141.0,2282.0,2297.0,2283.0,2080.0,1917.0,2043.0,1879.0,2035.0,2117.0,1998.0,1875.0,1699.0,1493.0,1089.0,1058.0,979.0,839.0,809.0,787.0,894.0,825.0,944.0,1019.0,1020.0,1005.0,896.0,911.0,945.0,850.0,928.0,926.0,1031.0,873.0,1024.0,1105.0,1152.0,1234.0,1094.0,1140.0,1064.0,928.0,1031.0,1018.0,1066.0,1046.0,1348.0,1419.0,1519.0,1587.0,1494.0,1374.0,1213.0,1046.0,1243.0,1184.0,1258.0,1260.0,1394.0,1406.0,1618.0,1679.0,1585.0,1500.0,1341.0,1266.0,1258.0,1121.0,1320.0,1267.0,1348.0,1483.0,1669.0,1615.0
Brooklyn Heights,Brooklyn,neighborhood,26.0,30.0,22.0,20.0,24.0,23.0,19.0,14.0,8.0,9.0,15.0,13.0,10.0,7.0,11.0,15.0,21.0,21.0,25.0,23.0,17.0,14.0,15.0,20.0,18.0,16.0,21.0,30.0,27.0,24.0,17.0,14.0,16.0,15.0,17.0,20.0,26.0,27.0,18.0,38.0,30.0,33.0,31.0,27.0,27.0,27.0,28.0,34.0,31.0,39.0,52.0,53.0,50.0,67.0,71.0,61.0,63.0,48.0,48.0,47.0,74.0,65.0,57.0,55.0,73.0,62.0,57.0,58.0,50.0,48.0,43.0,46.0,47.0,37.0,45.0,50.0,68.0,70.0,85.0,79.0,74.0,61.0,70.0,59.0,54.0,59.0,72.0,79.0,107.0,124.0,94.0,95.0,67.0,72.0,68.0,50.0,49.0,53.0,54.0,69.0,68.0,75.0,60.0,63.0,46.0,53.0,46.0,40.0,63.0,46.0,51.0,58.0,64.0,72.0,121.0,82.0,66.0,54.0,44.0,44.0,46.0,42.0,32.0,25.0,62.0,101.0,120.0,137.0,129.0,124.0,110.0,90.0,83.0,90.0,91.0,89.0,95.0,90.0,74.0,63.0,45.0,48.0,41.0,34.0,22.0,25.0,33.0,39.0,45.0,41.0,37.0,56.0,41.0,33.0,27.0,29.0,28.0,32.0,30.0,36.0,43.0,52.0,43.0,46.0,36.0,43.0,39.0,35.0,27.0,28.0,36.0,38.0,48.0,48.0,51.0,33.0,38.0,35.0,30.0,22.0,38.0,38.0,33.0,27.0,38.0,55.0,56.0,40.0,26.0,28.0,33.0,30.0,25.0,24.0,22.0,23.0,34.0,42.0,45.0,35.0
Brookville,Queens,neighborhood,0.0,0.0,0.0,0.0,0.0,0.0,0.0,0.0,0.0,0.0,0.0,0.0,0.0,0.0,0.0,0.0,0.0,0.0,0.0,0.0,0.0,0.0,0.0,0.0,0.0,0.0,0.0,0.0,0.0,0.0,0.0,0.0,0.0,0.0,0.0,0.0,0.0,0.0,0.0,0.0,0.0,0.0,0.0,0.0,0.0,0.0,0.0,0.0,0.0,0.0,0.0,0.0,0.0,0.0,0.0,0.0,0.0,0.0,0.0,0.0,0.0,0.0,0.0,0.0,0.0,0.0,0.0,0.0,0.0,0.0,0.0,0.0,0.0,0.0,0.0,0.0,0.0,0.0,0.0,0.0,0.0,0.0,0.0,0.0,0.0,0.0,0.0,0.0,0.0,0.0,0.0,0.0,0.0,0.0,0.0,0.0,0.0,0.0,0.0,0.0,0.0,0.0,0.0,0.0,0.0,0.0,0.0,0.0,0.0,0.0,0.0,0.0,0.0,0.0,0.0,0.0,0.0,0.0,0.0,0.0,0.0,0.0,0.0,0.0,0.0,0.0,0.0,0.0,0.0,0.0,0.0,0.0,0.0,0.0,0.0,0.0,0.0,0.0,0.0,1.0,0.0,0.0,0.0,0.0,0.0,0.0,0.0,0.0,0.0,0.0,0.0,0.0,0.0,0.0,0.0,0.0,0.0,0.0,0.0,0.0,0.0,0.0,0.0,0.0,0.0,0.0,0.0,0.0,0.0,0.0,1.0,0.0,0.0,0.0,0.0,0.0,0.0,0.0,0.0,0.0,0.0,0.0,0.0,0.0,0.0,0.0,0.0,0.0,0.0,0.0,0.0,0.0,0.0,0.0,0.0,0.0,0.0,0.0,0.0,0.0
Brownsville,Brooklyn,neighborhood,0.0,0.0,0.0,0.0,0.0,0.0,0.0,0.0,0.0,0.0,0.0,0.0,0.0,0.0,0.0,0.0,0.0,0.0,0.0,0.0,0.0,0.0,0.0,0.0,0.0,0.0,0.0,0.0,0.0,0.0,0.0,0.0,0.0,0.0,0.0,0.0,0.0,0.0,0.0,0.0,0.0,0.0,0.0,0.0,0.0,0.0,0.0,0.0,3.0,3.0,0.0,0.0,0.0,1.0,1.0,1.0,0.0,0.0,0.0,0.0,0.0,0.0,0.0,0.0,0.0,0.0,0.0,2.0,3.0,4.0,3.0,1.0,2.0,2.0,2.0,3.0,3.0,4.0,5.0,3.0,3.0,2.0,2.0,1.0,1.0,2.0,3.0,1.0,1.0,2.0,2.0,0.0,0.0,0.0,0.0,0.0,1.0,0.0,0.0,1.0,2.0,2.0,1.0,2.0,2.0,2.0,1.0,0.0,0.0,0.0,0.0,2.0,2.0,1.0,0.0,0.0,0.0,0.0,2.0,1.0,3.0,4.0,2.0,1.0,1.0,2.0,4.0,3.0,2.0,0.0,0.0,0.0,0.0,0.0,0.0,1.0,1.0,1.0,1.0,3.0,6.0,10.0,7.0,6.0,12.0,8.0,4.0,1.0,3.0,1.0,2.0,5.0,5.0,6.0,4.0,3.0,7.0,5.0,5.0,2.0,4.0,3.0,4.0,7.0,0.0,4.0,0.0,2.0,3.0,1.0,4.0,5.0,2.0,3.0,2.0,6.0,7.0,4.0,4.0,3.0,1.0,1.0,4.0,2.0,2.0,7.0,3.0,3.0,4.0,5.0,5.0,4.0,2.0,2.0,1.0,2.0,2.0,10.0,7.0,1.0
Bushwick,Brooklyn,neighborhood,1.0,1.0,3.0,4.0,1.0,0.0,1.0,1.0,1.0,1.0,8.0,19.0,10.0,13.0,0.0,1.0,2.0,2.0,5.0,6.0,3.0,5.0,5.0,2.0,1.0,2.0,2.0,6.0,9.0,10.0,10.0,6.0,6.0,7.0,8.0,4.0,5.0,12.0,13.0,11.0,9.0,12.0,8.0,8.0,5.0,9.0,13.0,10.0,12.0,14.0,15.0,17.0,21.0,29.0,28.0,32.0,20.0,23.0,21.0,26.0,25.0,26.0,22.0,19.0,19.0,27.0,47.0,47.0,40.0,25.0,14.0,10.0,17.0,18.0,20.0,14.0,22.0,29.0,40.0,54.0,37.0,37.0,40.0,36.0,35.0,38.0,47.0,40.0,43.0,53.0,51.0,28.0,34.0,29.0,26.0,19.0,33.0,24.0,30.0,42.0,56.0,54.0,59.0,115.0,77.0,97.0,137.0,132.0,160.0,83.0,65.0,47.0,53.0,72.0,75.0,80.0,93.0,90.0,72.0,69.0,108.0,86.0,62.0,55.0,94.0,170.0,151.0,131.0,158.0,142.0,136.0,168.0,180.0,147.0,146.0,158.0,164.0,170.0,160.0,148.0,110.0,120.0,88.0,54.0,49.0,49.0,54.0,65.0,51.0,88.0,80.0,66.0,61.0,85.0,98.0,56.0,65.0,63.0,85.0,66.0,73.0,92.0,90.0,83.0,76.0,67.0,73.0,59.0,73.0,68.0,91.0,79.0,116.0,102.0,147.0,159.0,143.0,123.0,106.0,77.0,69.0,49.0,75.0,88.0,99.0,94.0,71.0,66.0,78.0,88.0,93.0,94.0,76.0,46.0,89.0,74.0,98.0,119.0,123.0,73.0
Cambria Heights,Queens,neighborhood,0.0,0.0,0.0,0.0,0.0,0.0,0.0,0.0,0.0,0.0,0.0,0.0,0.0,0.0,0.0,0.0,0.0,0.0,0.0,0.0,0.0,0.0,0.0,0.0,0.0,0.0,0.0,0.0,0.0,0.0,0.0,0.0,0.0,0.0,0.0,0.0,0.0,0.0,0.0,0.0,0.0,0.0,0.0,0.0,0.0,0.0,0.0,0.0,0.0,0.0,0.0,0.0,0.0,0.0,0.0,0.0,0.0,0.0,0.0,0.0,0.0,0.0,0.0,2.0,0.0,0.0,0.0,0.0,0.0,0.0,0.0,0.0,0.0,0.0,0.0,0.0,0.0,0.0,0.0,0.0,0.0,0.0,0.0,0.0,0.0,0.0,0.0,0.0,0.0,0.0,0.0,0.0,0.0,0.0,0.0,0.0,0.0,0.0,0.0,0.0,0.0,0.0,0.0,0.0,0.0,0.0,0.0,0.0,0.0,0.0,0.0,0.0,0.0,0.0,0.0,0.0,0.0,0.0,0.0,0.0,0.0,0.0,0.0,0.0,0.0,0.0,0.0,0.0,0.0,0.0,0.0,0.0,0.0,0.0,0.0,0.0,0.0,0.0,0.0,0.0,0.0,0.0,0.0,0.0,0.0,0.0,0.0,0.0,0.0,0.0,0.0,0.0,0.0,0.0,0.0,0.0,0.0,0.0,0.0,0.0,0.0,0.0,0.0,0.0,0.0,0.0,0.0,0.0,3.0,2.0,0.0,0.0,0.0,0.0,0.0,0.0,0.0,0.0,0.0,0.0,0.0,0.0,0.0,0.0,0.0,0.0,0.0,0.0,0.0,0.0,0.0,0.0,1.0,0.0,0.0,0.0,0.0,0.0,0.0,0.0
Canarsie,Brooklyn,neighborhood,0.0,0.0,0.0,0.0,0.0,0.0,0.0,0.0,0.0,0.0,1.0,0.0,0.0,0.0,0.0,0.0,1.0,1.0,2.0,1.0,2.0,2.0,3.0,3.0,2.0,2.0,1.0,1.0,0.0,0.0,0.0,0.0,0.0,0.0,0.0,1.0,0.0,0.0,0.0,1.0,0.0,0.0,0.0,1.0,1.0,0.0,0.0,0.0,0.0,0.0,0.0,0.0,1.0,1.0,1.0,1.0,0.0,1.0,2.0,2.0,2.0,3.0,3.0,1.0,2.0,2.0,1.0,1.0,1.0,1.0,2.0,3.0,3.0,2.0,1.0,1.0,2.0,2.0,3.0,3.0,3.0,3.0,4.0,3.0,2.0,0.0,0.0,0.0,0.0,1.0,2.0,1.0,0.0,1.0,0.0,0.0,1.0,4.0,2.0,1.0,3.0,2.0,2.0,6.0,2.0,0.0,1.0,0.0,1.0,0.0,2.0,2.0,2.0,1.0,0.0,0.0,1.0,0.0,0.0,1.0,2.0,2.0,2.0,0.0,0.0,0.0,0.0,0.0,3.0,1.0,1.0,0.0,1.0,0.0,2.0,1.0,3.0,3.0,1.0,2.0,2.0,0.0,0.0,2.0,2.0,0.0,3.0,3.0,5.0,2.0,0.0,1.0,1.0,0.0,3.0,3.0,2.0,2.0,3.0,1.0,2.0,1.0,0.0,0.0,0.0,3.0,1.0,0.0,1.0,2.0,1.0,0.0,2.0,1.0,1.0,2.0,1.0,2.0,3.0,1.0,4.0,4.0,3.0,4.0,4.0,2.0,0.0,0.0,0.0,1.0,2.0,2.0,2.0,2.0,1.0,1.0,1.0,3.0,1.0,0.0
Carroll Gardens,Brooklyn,neighborhood,3.0,3.0,1.0,2.0,4.0,4.0,4.0,3.0,2.0,1.0,2.0,2.0,2.0,2.0,2.0,3.0,9.0,5.0,3.0,3.0,3.0,1.0,0.0,1.0,1.0,0.0,0.0,2.0,4.0,4.0,5.0,6.0,3.0,5.0,3.0,4.0,1.0,2.0,2.0,4.0,12.0,10.0,8.0,5.0,3.0,5.0,6.0,3.0,2.0,5.0,3.0,2.0,5.0,14.0,10.0,9.0,8.0,4.0,1.0,3.0,3.0,4.0,5.0,11.0,10.0,9.0,10.0,9.0,9.0,11.0,13.0,15.0,7.0,8.0,10.0,9.0,12.0,20.0,16.0,13.0,9.0,5.0,4.0,4.0,7.0,9.0,9.0,5.0,12.0,17.0,26.0,23.0,12.0,14.0,6.0,9.0,16.0,23.0,30.0,18.0,10.0,20.0,27.0,28.0,19.0,10.0,4.0,2.0,9.0,10.0,9.0,15.0,15.0,20.0,15.0,12.0,9.0,4.0,8.0,11.0,8.0,14.0,18.0,13.0,14.0,27.0,44.0,52.0,36.0,28.0,25.0,26.0,26.0,29.0,24.0,19.0,15.0,18.0,19.0,14.0,17.0,6.0,6.0,6.0,4.0,9.0,8.0,8.0,9.0,8.0,6.0,10.0,4.0,7.0,5.0,5.0,5.0,6.0,8.0,4.0,10.0,19.0,16.0,7.0,8.0,5.0,7.0,9.0,9.0,12.0,7.0,14.0,8.0,11.0,11.0,11.0,11.0,11.0,8.0,2.0,7.0,9.0,5.0,7.0,11.0,8.0,12.0,12.0,8.0,5.0,4.0,6.0,6.0,5.0,10.0,5.0,10.0,13.0,12.0,9.0
Castle Hill,Bronx,neighborhood,0.0,0.0,0.0,0.0,0.0,0.0,0.0,0.0,0.0,0.0,0.0,0.0,0.0,0.0,0.0,0.0,0.0,0.0,0.0,0.0,0.0,0.0,0.0,0.0,0.0,0.0,0.0,0.0,0.0,0.0,0.0,0.0,0.0,0.0,0.0,0.0,0.0,0.0,0.0,0.0,0.0,0.0,0.0,0.0,0.0,0.0,0.0,0.0,0.0,0.0,0.0,0.0,0.0,0.0,1.0,1.0,0.0,0.0,0.0,3.0,0.0,0.0,0.0,0.0,1.0,1.0,1.0,0.0,0.0,0.0,1.0,2.0,4.0,4.0,5.0,4.0,3.0,1.0,1.0,4.0,8.0,11.0,11.0,8.0,3.0,4.0,2.0,4.0,5.0,7.0,9.0,8.0,3.0,3.0,5.0,6.0,1.0,0.0,2.0,2.0,2.0,2.0,0.0,2.0,2.0,2.0,0.0,0.0,0.0,0.0,0.0,1.0,2.0,0.0,0.0,0.0,0.0,0.0,0.0,0.0,0.0,0.0,0.0,0.0,0.0,0.0,1.0,0.0,0.0,0.0,0.0,0.0,0.0,0.0,0.0,0.0,0.0,0.0,0.0,1.0,0.0,0.0,0.0,0.0,0.0,1.0,0.0,0.0,0.0,0.0,0.0,0.0,0.0,0.0,0.0,1.0,1.0,0.0,0.0,1.0,0.0,1.0,1.0,0.0,0.0,0.0,0.0,0.0,0.0,0.0,0.0,0.0,1.0,0.0,0.0,0.0,0.0,1.0,0.0,0.0,1.0,1.0,0.0,0.0,0.0,0.0,0.0,0.0,0.0,0.0,0.0,0.0,0.0,0.0,0.0,0.0,0.0,0.0,0.0,0.0
Central Harlem,Manhattan,neighborhood,34.0,28.0,23.0,22.0,17.0,25.0,18.0,19.0,20.0,26.0,32.0,22.0,22.0,24.0,23.0,32.0,40.0,33.0,38.0,32.0,29.0,29.0,27.0,32.0,32.0,30.0,30.0,28.0,39.0,38.0,37.0,32.0,38.0,49.0,41.0,41.0,52.0,58.0,59.0,69.0,91.0,89.0,87.0,79.0,55.0,81.0,76.0,86.0,88.0,78.0,94.0,80.0,108.0,93.0,98.0,97.0,77.0,57.0,58.0,56.0,65.0,66.0,72.0,80.0,103.0,129.0,127.0,115.0,109.0,104.0,118.0,111.0,107.0,121.0,122.0,110.0,144.0,153.0,111.0,104.0,98.0,98.0,88.0,91.0,86.0,95.0,114.0,111.0,135.0,146.0,135.0,92.0,82.0,83.0,85.0,75.0,104.0,91.0,89.0,87.0,128.0,128.0,115.0,114.0,108.0,100.0,96.0,83.0,89.0,125.0,130.0,144.0,128.0,124.0,110.0,100.0,87.0,86.0,77.0,72.0,84.0,83.0,73.0,71.0,96.0,120.0,151.0,190.0,171.0,165.0,138.0,146.0,167.0,168.0,177.0,186.0,189.0,195.0,174.0,166.0,112.0,104.0,83.0,65.0,60.0,68.0,77.0,78.0,97.0,83.0,81.0,87.0,99.0,96.0,65.0,71.0,67.0,52.0,61.0,58.0,85.0,89.0,65.0,101.0,94.0,91.0,85.0,72.0,72.0,96.0,84.0,90.0,92.0,100.0,103.0,88.0,77.0,84.0,68.0,74.0,96.0,70.0,82.0,90.0,115.0,108.0,110.0,99.0,74.0,84.0,89.0,94.0,99.0,89.0,100.0,79.0,78.0,87.0,76.0,103.0
Central Park South,Manhattan,neighborhood,25.0,19.0,20.0,17.0,16.0,23.0,17.0,18.0,17.0,19.0,21.0,21.0,17.0,17.0,19.0,24.0,21.0,24.0,26.0,25.0,26.0,24.0,23.0,24.0,27.0,24.0,26.0,18.0,21.0,26.0,24.0,24.0,17.0,16.0,19.0,17.0,15.0,12.0,20.0,15.0,16.0,23.0,23.0,18.0,17.0,16.0,19.0,18.0,17.0,17.0,20.0,17.0,17.0,20.0,16.0,16.0,20.0,20.0,16.0,14.0,18.0,14.0,17.0,22.0,20.0,22.0,20.0,16.0,22.0,26.0,23.0,19.0,18.0,24.0,18.0,15.0,18.0,20.0,18.0,17.0,12.0,13.0,11.0,10.0,13.0,12.0,21.0,25.0,23.0,25.0,25.0,16.0,19.0,21.0,20.0,18.0,14.0,13.0,14.0,9.0,20.0,22.0,9.0,12.0,9.0,8.0,10.0,11.0,11.0,8.0,8.0,8.0,11.0,9.0,11.0,10.0,11.0,10.0,10.0,10.0,7.0,9.0,9.0,5.0,11.0,18.0,28.0,32.0,34.0,32.0,29.0,24.0,19.0,17.0,21.0,26.0,23.0,15.0,15.0,14.0,8.0,3.0,5.0,5.0,8.0,10.0,4.0,7.0,10.0,9.0,5.0,9.0,9.0,10.0,9.0,6.0,7.0,9.0,11.0,9.0,9.0,10.0,9.0,9.0,9.0,5.0,6.0,7.0,5.0,6.0,10.0,12.0,7.0,10.0,11.0,8.0,6.0,7.0,5.0,4.0,4.0,7.0,11.0,11.0,12.0,12.0,10.0,10.0,8.0,4.0,8.0,8.0,8.0,12.0,8.0,10.0,8.0,9.0,6.0,4.0
Chelsea,Manhattan,neighborhood,185.0,192.0,213.0,179.0,158.0,158.0,132.0,149.0,121.0,109.0,99.0,89.0,99.0,96.0,122.0,104.0,107.0,120.0,105.0,118.0,99.0,99.0,99.0,95.0,91.0,90.0,108.0,111.0,109.0,124.0,132.0,122.0,100.0,113.0,106.0,113.0,127.0,117.0,168.0,183.0,175.0,151.0,160.0,157.0,153.0,149.0,133.0,148.0,180.0,164.0,186.0,198.0,249.0,258.0,244.0,222.0,204.0,198.0,176.0,185.0,211.0,218.0,221.0,226.0,234.0,240.0,232.0,245.0,220.0,202.0,227.0,222.0,222.0,235.0,239.0,243.0,242.0,235.0,274.0,278.0,259.0,240.0,244.0,236.0,254.0,254.0,272.0,272.0,316.0,313.0,293.0,281.0,250.0,223.0,212.0,198.0,228.0,197.0,215.0,217.0,257.0,261.0,251.0,253.0,237.0,222.0,205.0,166.0,214.0,207.0,222.0,227.0,244.0,273.0,255.0,256.0,184.0,168.0,149.0,148.0,189.0,183.0,167.0,186.0,295.0,389.0,498.0,527.0,516.0,526.0,481.0,421.0,418.0,364.0,402.0,382.0,338.0,314.0,215.0,141.0,107.0,107.0,107.0,99.0,103.0,102.0,133.0,129.0,173.0,190.0,173.0,158.0,151.0,137.0,141.0,135.0,130.0,121.0,158.0,175.0,181.0,199.0,191.0,209.0,211.0,208.0,194.0,142.0,173.0,161.0,179.0,230.0,236.0,223.0,222.0,214.0,182.0,187.0,159.0,143.0,153.0,159.0,190.0,214.0,255.0,243.0,253.0,212.0,195.0,191.0,163.0,150.0,163.0,160.0,188.0,175.0,189.0,217.0,230.0,219.0
Chinatown,Manhattan,neighborhood,2.0,2.0,1.0,1.0,1.0,2.0,4.0,4.0,4.0,4.0,5.0,4.0,5.0,4.0,3.0,3.0,4.0,3.0,4.0,5.0,4.0,1.0,2.0,2.0,3.0,4.0,5.0,4.0,3.0,4.0,6.0,5.0,2.0,1.0,0.0,2.0,0.0,0.0,6.0,6.0,8.0,9.0,8.0,9.0,6.0,3.0,3.0,2.0,5.0,7.0,6.0,6.0,3.0,8.0,10.0,6.0,6.0,3.0,2.0,3.0,6.0,5.0,14.0,10.0,5.0,8.0,16.0,9.0,7.0,4.0,3.0,1.0,2.0,4.0,12.0,12.0,8.0,6.0,8.0,12.0,7.0,9.0,6.0,6.0,7.0,3.0,7.0,12.0,12.0,16.0,13.0,14.0,5.0,5.0,3.0,4.0,4.0,6.0,6.0,11.0,7.0,9.0,14.0,13.0,4.0,3.0,2.0,3.0,9.0,6.0,7.0,17.0,16.0,6.0,9.0,9.0,10.0,7.0,6.0,3.0,1.0,7.0,6.0,3.0,12.0,14.0,23.0,25.0,27.0,27.0,26.0,19.0,14.0,15.0,15.0,17.0,17.0,18.0,19.0,13.0,7.0,7.0,5.0,9.0,9.0,8.0,7.0,5.0,11.0,6.0,7.0,12.0,11.0,7.0,1.0,5.0,6.0,6.0,5.0,6.0,5.0,6.0,10.0,12.0,6.0,8.0,7.0,2.0,4.0,10.0,5.0,2.0,2.0,4.0,6.0,14.0,11.0,13.0,17.0,14.0,10.0,8.0,4.0,2.0,5.0,3.0,4.0,13.0,6.0,7.0,4.0,1.0,1.0,4.0,3.0,4.0,4.0,4.0,7.0,6.0
City Island,Bronx,neighborhood,0.0,0.0,0.0,0.0,0.0,0.0,0.0,0.0,0.0,0.0,0.0,0.0,0.0,0.0,0.0,0.0,0.0,0.0,0.0,0.0,0.0,0.0,0.0,0.0,0.0,0.0,0.0,0.0,0.0,0.0,0.0,0.0,0.0,0.0,0.0,0.0,0.0,0.0,0.0,0.0,0.0,0.0,0.0,0.0,0.0,0.0,0.0,0.0,0.0,0.0,0.0,0.0,0.0,0.0,0.0,0.0,0.0,0.0,0.0,0.0,0.0,0.0,0.0,0.0,0.0,0.0,0.0,0.0,0.0,0.0,0.0,0.0,0.0,0.0,0.0,0.0,0.0,0.0,0.0,0.0,0.0,0.0,0.0,0.0,0.0,0.0,0.0,0.0,0.0,0.0,0.0,0.0,0.0,0.0,0.0,0.0,0.0,0.0,0.0,0.0,0.0,0.0,0.0,0.0,0.0,0.0,0.0,0.0,0.0,0.0,0.0,0.0,0.0,0.0,0.0,0.0,0.0,0.0,0.0,0.0,0.0,0.0,0.0,0.0,0.0,0.0,0.0,0.0,0.0,0.0,0.0,0.0,0.0,0.0,0.0,0.0,0.0,0.0,0.0,0.0,0.0,0.0,0.0,0.0,0.0,0.0,0.0,0.0,0.0,0.0,0.0,0.0,0.0,0.0,0.0,0.0,0.0,0.0,0.0,0.0,0.0,0.0,0.0,0.0,0.0,0.0,0.0,0.0,0.0,0.0,0.0,0.0,0.0,0.0,0.0,0.0,1.0,0.0,0.0,0.0,0.0,0.0,0.0,0.0,0.0,0.0,0.0,0.0,0.0,0.0,0.0,0.0,0.0,0.0,0.0,0.0,0.0,0.0,0.0,0.0
Civic Center,Manhattan,neighborhood,0.0,0.0,0.0,0.0,0.0,0.0,0.0,0.0,0.0,0.0,0.0,0.0,0.0,0.0,0.0,0.0,1.0,1.0,1.0,0.0,0.0,0.0,0.0,0.0,0.0,0.0,0.0,0.0,0.0,0.0,0.0,0.0,0.0,0.0,0.0,0.0,0.0,0.0,0.0,0.0,0.0,0.0,0.0,0.0,0.0,0.0,0.0,0.0,0.0,0.0,0.0,0.0,0.0,0.0,0.0,0.0,0.0,0.0,0.0,0.0,0.0,0.0,0.0,0.0,0.0,0.0,0.0,0.0,0.0,0.0,0.0,0.0,0.0,0.0,0.0,0.0,0.0,0.0,0.0,0.0,0.0,0.0,0.0,0.0,0.0,0.0,0.0,0.0,0.0,0.0,0.0,0.0,0.0,0.0,1.0,2.0,0.0,0.0,0.0,0.0,0.0,0.0,0.0,0.0,0.0,0.0,0.0,0.0,0.0,0.0,0.0,1.0,0.0,0.0,0.0,0.0,0.0,1.0,0.0,0.0,0.0,0.0,0.0,0.0,0.0,1.0,1.0,0.0,0.0,0.0,0.0,0.0,0.0,0.0,0.0,0.0,0.0,0.0,0.0,0.0,0.0,0.0,0.0,0.0,0.0,0.0,0.0,0.0,0.0,0.0,0.0,0.0,0.0,0.0,0.0,0.0,0.0,0.0,0.0,0.0,0.0,0.0,0.0,0.0,0.0,0.0,0.0,0.0,0.0,0.0,0.0,0.0,0.0,0.0,0.0,0.0,0.0,0.0,0.0,0.0,0.0,1.0,0.0,0.0,0.0,0.0,0.0,0.0,0.0,0.0,0.0,0.0,0.0,0.0,0.0,0.0,0.0,0.0,1.0,0.0
Clearview,Queens,neighborhood,0.0,0.0,0.0,0.0,0.0,0.0,0.0,0.0,0.0,0.0,0.0,0.0,0.0,0.0,0.0,0.0,0.0,0.0,0.0,0.0,0.0,0.0,0.0,0.0,0.0,0.0,0.0,0.0,0.0,0.0,0.0,0.0,0.0,0.0,0.0,0.0,0.0,0.0,0.0,0.0,0.0,0.0,0.0,0.0,0.0,0.0,0.0,0.0,0.0,0.0,0.0,0.0,0.0,0.0,0.0,0.0,0.0,0.0,0.0,0.0,0.0,0.0,0.0,0.0,0.0,0.0,0.0,0.0,0.0,0.0,0.0,0.0,0.0,0.0,0.0,0.0,0.0,0.0,0.0,0.0,0.0,0.0,0.0,0.0,0.0,0.0,0.0,0.0,0.0,0.0,0.0,0.0,0.0,0.0,0.0,0.0,0.0,0.0,0.0,0.0,0.0,0.0,0.0,0.0,0.0,0.0,0.0,0.0,0.0,0.0,0.0,0.0,0.0,0.0,0.0,0.0,0.0,0.0,0.0,0.0,0.0,0.0,0.0,0.0,0.0,0.0,0.0,0.0,1.0,0.0,1.0,0.0,0.0,0.0,0.0,0.0,0.0,0.0,0.0,0.0,3.0,0.0,1.0,2.0,0.0,0.0,0.0,0.0,0.0,0.0,0.0,1.0,1.0,1.0,0.0,0.0,2.0,2.0,0.0,0.0,0.0,0.0,0.0,0.0,0.0,0.0,0.0,0.0,0.0,0.0,0.0,0.0,1.0,0.0,0.0,0.0,0.0,0.0,0.0,0.0,0.0,0.0,0.0,0.0,0.0,0.0,0.0,0.0,0.0,0.0,2.0,1.0,0.0,0.0,0.0,0.0,0.0,0.0,0.0,0.0
Clinton Hill,Brooklyn,neighborhood,3.0,2.0,9.0,12.0,13.0,6.0,4.0,4.0,3.0,4.0,14.0,26.0,21.0,17.0,17.0,16.0,19.0,19.0,19.0,26.0,10.0,9.0,7.0,2.0,3.0,5.0,8.0,9.0,12.0,11.0,14.0,4.0,14.0,8.0,9.0,7.0,10.0,14.0,14.0,9.0,17.0,24.0,27.0,34.0,28.0,25.0,15.0,12.0,11.0,10.0,9.0,9.0,19.0,24.0,30.0,37.0,22.0,28.0,27.0,27.0,26.0,25.0,26.0,31.0,25.0,42.0,37.0,32.0,29.0,27.0,29.0,24.0,28.0,31.0,33.0,35.0,45.0,46.0,50.0,38.0,20.0,27.0,49.0,57.0,51.0,48.0,52.0,48.0,60.0,57.0,61.0,39.0,46.0,32.0,33.0,27.0,24.0,38.0,27.0,28.0,42.0,45.0,41.0,56.0,41.0,56.0,49.0,35.0,37.0,53.0,43.0,56.0,59.0,45.0,51.0,44.0,40.0,31.0,29.0,21.0,28.0,20.0,20.0,25.0,50.0,64.0,71.0,84.0,77.0,78.0,76.0,77.0,84.0,72.0,86.0,80.0,71.0,72.0,56.0,49.0,36.0,35.0,21.0,13.0,6.0,15.0,23.0,26.0,26.0,33.0,26.0,34.0,33.0,33.0,28.0,38.0,57.0,42.0,45.0,45.0,52.0,38.0,39.0,50.0,42.0,44.0,42.0,51.0,40.0,38.0,32.0,36.0,42.0,50.0,54.0,40.0,53.0,68.0,46.0,40.0,33.0,30.0,27.0,42.0,45.0,49.0,63.0,59.0,49.0,48.0,36.0,38.0,30.0,36.0,37.0,27.0,34.0,34.0,47.0,47.0
Co-op City,Bronx,neighborhood,0.0,0.0,0.0,0.0,0.0,0.0,0.0,0.0,0.0,0.0,0.0,0.0,0.0,0.0,0.0,0.0,0.0,0.0,0.0,0.0,0.0,0.0,0.0,0.0,0.0,0.0,0.0,0.0,0.0,0.0,0.0,0.0,0.0,0.0,0.0,0.0,0.0,0.0,0.0,0.0,0.0,0.0,0.0,0.0,0.0,0.0,0.0,0.0,0.0,0.0,0.0,0.0,0.0,0.0,0.0,0.0,0.0,0.0,0.0,0.0,0.0,0.0,0.0,0.0,0.0,0.0,0.0,0.0,0.0,0.0,0.0,0.0,0.0,0.0,0.0,0.0,0.0,0.0,0.0,0.0,0.0,0.0,0.0,0.0,0.0,0.0,0.0,0.0,0.0,0.0,0.0,0.0,0.0,0.0,0.0,0.0,0.0,0.0,0.0,0.0,0.0,0.0,0.0,0.0,0.0,0.0,0.0,0.0,0.0,0.0,0.0,0.0,0.0,0.0,0.0,0.0,0.0,0.0,0.0,0.0,0.0,0.0,0.0,0.0,0.0,0.0,0.0,0.0,0.0,0.0,0.0,0.0,0.0,0.0,0.0,0.0,0.0,0.0,0.0,0.0,0.0,0.0,0.0,0.0,1.0,0.0,0.0,0.0,0.0,0.0,0.0,0.0,0.0,0.0,0.0,0.0,0.0,0.0,0.0,0.0,0.0,0.0,0.0,0.0,0.0,0.0,0.0,0.0,0.0,0.0,0.0,0.0,0.0,0.0,0.0,0.0,0.0,0.0,0.0,0.0,0.0,0.0,0.0,0.0,0.0,0.0,0.0,0.0,0.0,0.0,0.0,0.0,0.0,0.0,0.0,0.0,0.0,0.0,0.0,0.0
Cobble Hill,Brooklyn,neighborhood,3.0,3.0,6.0,5.0,3.0,6.0,5.0,3.0,1.0,4.0,4.0,2.0,2.0,4.0,4.0,2.0,4.0,7.0,8.0,3.0,5.0,6.0,3.0,2.0,2.0,1.0,4.0,6.0,7.0,10.0,7.0,6.0,6.0,5.0,1.0,0.0,3.0,4.0,5.0,8.0,5.0,3.0,5.0,7.0,4.0,7.0,3.0,4.0,4.0,7.0,8.0,10.0,8.0,9.0,17.0,13.0,27.0,21.0,12.0,7.0,11.0,13.0,16.0,18.0,19.0,21.0,15.0,13.0,11.0,10.0,8.0,9.0,12.0,11.0,10.0,13.0,12.0,18.0,13.0,11.0,10.0,13.0,10.0,12.0,15.0,12.0,18.0,22.0,26.0,19.0,23.0,11.0,11.0,11.0,11.0,10.0,18.0,26.0,17.0,15.0,12.0,11.0,12.0,14.0,5.0,3.0,5.0,6.0,7.0,5.0,11.0,15.0,12.0,13.0,5.0,2.0,10.0,7.0,8.0,4.0,10.0,7.0,11.0,9.0,17.0,19.0,28.0,27.0,25.0,26.0,23.0,14.0,22.0,23.0,21.0,34.0,31.0,33.0,27.0,17.0,14.0,10.0,9.0,5.0,3.0,7.0,6.0,7.0,7.0,13.0,9.0,11.0,7.0,13.0,5.0,6.0,9.0,12.0,11.0,11.0,6.0,9.0,7.0,4.0,5.0,8.0,4.0,3.0,7.0,7.0,7.0,10.0,13.0,18.0,11.0,15.0,19.0,14.0,15.0,8.0,9.0,11.0,7.0,10.0,7.0,13.0,8.0,8.0,10.0,8.0,7.0,11.0,8.0,4.0,7.0,7.0,7.0,13.0,9.0,9.0
College Point,Queens,neighborhood,0.0,0.0,0.0,0.0,0.0,0.0,0.0,0.0,0.0,0.0,0.0,0.0,0.0,0.0,0.0,0.0,0.0,0.0,0.0,0.0,0.0,0.0,0.0,1.0,1.0,2.0,1.0,1.0,2.0,2.0,1.0,1.0,0.0,0.0,0.0,0.0,0.0,0.0,0.0,0.0,0.0,0.0,0.0,0.0,0.0,0.0,0.0,0.0,0.0,0.0,0.0,0.0,0.0,0.0,0.0,0.0,0.0,0.0,0.0,0.0,0.0,0.0,0.0,0.0,0.0,0.0,0.0,0.0,0.0,0.0,0.0,0.0,0.0,0.0,0.0,0.0,0.0,0.0,0.0,0.0,0.0,0.0,0.0,0.0,0.0,0.0,0.0,0.0,0.0,1.0,1.0,0.0,0.0,0.0,0.0,0.0,0.0,0.0,0.0,0.0,0.0,0.0,0.0,0.0,0.0,0.0,0.0,0.0,0.0,0.0,0.0,0.0,0.0,0.0,0.0,0.0,0.0,0.0,0.0,0.0,0.0,0.0,0.0,0.0,0.0,0.0,0.0,1.0,0.0,0.0,0.0,0.0,0.0,0.0,1.0,1.0,0.0,0.0,0.0,0.0,0.0,0.0,0.0,0.0,0.0,1.0,0.0,0.0,0.0,2.0,5.0,1.0,0.0,0.0,0.0,1.0,0.0,1.0,1.0,0.0,0.0,0.0,1.0,1.0,1.0,0.0,0.0,0.0,0.0,0.0,0.0,0.0,0.0,0.0,0.0,0.0,0.0,0.0,0.0,0.0,2.0,2.0,1.0,0.0,0.0,2.0,0.0,0.0,0.0,0.0,0.0,3.0,1.0,2.0,1.0,0.0,0.0,1.0,0.0,1.0
Columbia St Waterfront District,Brooklyn,neighborhood,0.0,0.0,2.0,1.0,0.0,0.0,1.0,2.0,0.0,0.0,0.0,0.0,2.0,2.0,2.0,2.0,1.0,1.0,2.0,1.0,1.0,2.0,1.0,0.0,1.0,2.0,2.0,1.0,1.0,3.0,4.0,4.0,4.0,4.0,4.0,1.0,0.0,0.0,0.0,1.0,2.0,2.0,2.0,0.0,1.0,1.0,1.0,2.0,3.0,2.0,7.0,5.0,1.0,1.0,3.0,3.0,6.0,5.0,3.0,3.0,3.0,5.0,3.0,3.0,8.0,8.0,3.0,4.0,3.0,2.0,2.0,2.0,7.0,4.0,2.0,2.0,3.0,2.0,2.0,2.0,1.0,1.0,0.0,2.0,5.0,5.0,3.0,6.0,7.0,3.0,6.0,3.0,3.0,6.0,4.0,3.0,3.0,2.0,3.0,3.0,1.0,3.0,1.0,4.0,0.0,2.0,1.0,1.0,3.0,2.0,0.0,3.0,3.0,1.0,2.0,2.0,2.0,6.0,3.0,5.0,1.0,3.0,2.0,1.0,2.0,9.0,11.0,5.0,7.0,5.0,4.0,1.0,3.0,2.0,2.0,3.0,3.0,7.0,8.0,12.0,9.0,2.0,2.0,2.0,2.0,2.0,1.0,0.0,0.0,0.0,0.0,1.0,1.0,1.0,2.0,1.0,1.0,0.0,3.0,1.0,3.0,3.0,1.0,0.0,1.0,2.0,2.0,2.0,1.0,0.0,1.0,3.0,4.0,0.0,0.0,0.0,0.0,1.0,0.0,0.0,3.0,4.0,1.0,1.0,0.0,1.0,2.0,0.0,0.0,1.0,2.0,1.0,1.0,0.0,1.0,1.0,2.0,4.0,2.0,1.0
Concourse,Bronx,neighborhood,1.0,1.0,0.0,0.0,0.0,0.0,0.0,1.0,1.0,1.0,1.0,1.0,1.0,2.0,4.0,2.0,2.0,1.0,1.0,1.0,2.0,2.0,1.0,2.0,1.0,0.0,0.0,0.0,0.0,3.0,4.0,1.0,1.0,1.0,2.0,1.0,3.0,1.0,2.0,3.0,2.0,1.0,0.0,0.0,0.0,0.0,0.0,0.0,0.0,1.0,1.0,0.0,2.0,5.0,2.0,3.0,4.0,5.0,5.0,4.0,9.0,3.0,4.0,5.0,3.0,3.0,9.0,11.0,3.0,3.0,7.0,8.0,10.0,5.0,7.0,6.0,6.0,3.0,2.0,8.0,5.0,5.0,6.0,6.0,9.0,8.0,3.0,4.0,7.0,7.0,2.0,8.0,7.0,2.0,6.0,5.0,6.0,6.0,2.0,3.0,5.0,10.0,11.0,10.0,11.0,14.0,15.0,9.0,8.0,12.0,9.0,13.0,11.0,9.0,11.0,8.0,13.0,8.0,13.0,7.0,4.0,5.0,4.0,1.0,1.0,9.0,10.0,9.0,3.0,6.0,10.0,12.0,17.0,14.0,11.0,7.0,8.0,2.0,4.0,8.0,9.0,11.0,14.0,15.0,13.0,10.0,13.0,10.0,6.0,10.0,7.0,6.0,8.0,8.0,15.0,13.0,15.0,23.0,19.0,14.0,8.0,8.0,5.0,11.0,12.0,14.0,8.0,4.0,6.0,10.0,11.0,9.0,17.0,12.0,10.0,11.0,12.0,8.0,7.0,5.0,9.0,18.0,9.0,16.0,7.0,8.0,7.0,7.0,6.0,8.0,7.0,4.0,6.0,8.0,8.0,6.0,10.0,7.0,5.0,7.0
Coney Island,Brooklyn,neighborhood,0.0,0.0,0.0,0.0,0.0,0.0,0.0,0.0,0.0,0.0,0.0,0.0,0.0,0.0,0.0,0.0,0.0,0.0,0.0,0.0,0.0,0.0,0.0,0.0,0.0,0.0,0.0,0.0,0.0,0.0,0.0,0.0,0.0,2.0,0.0,0.0,2.0,0.0,3.0,0.0,0.0,0.0,1.0,1.0,1.0,3.0,5.0,2.0,0.0,1.0,2.0,1.0,1.0,1.0,0.0,0.0,0.0,0.0,0.0,1.0,1.0,1.0,2.0,3.0,3.0,1.0,1.0,3.0,5.0,2.0,4.0,3.0,2.0,1.0,2.0,1.0,0.0,2.0,1.0,0.0,1.0,0.0,2.0,1.0,0.0,0.0,1.0,2.0,1.0,2.0,3.0,2.0,3.0,4.0,3.0,2.0,2.0,2.0,1.0,1.0,1.0,2.0,1.0,0.0,0.0,1.0,0.0,1.0,1.0,3.0,5.0,3.0,2.0,2.0,1.0,1.0,3.0,2.0,2.0,12.0,10.0,6.0,8.0,9.0,8.0,13.0,10.0,7.0,16.0,17.0,17.0,14.0,12.0,18.0,21.0,17.0,18.0,21.0,22.0,25.0,18.0,17.0,17.0,17.0,16.0,15.0,15.0,10.0,16.0,12.0,4.0,2.0,4.0,5.0,4.0,5.0,6.0,9.0,9.0,7.0,6.0,4.0,11.0,4.0,5.0,8.0,7.0,9.0,10.0,4.0,8.0,6.0,3.0,2.0,2.0,3.0,5.0,4.0,2.0,1.0,1.0,3.0,4.0,2.0,1.0,2.0,0.0,4.0,4.0,3.0,2.0,1.0,2.0,0.0,0.0,0.0,0.0,0.0,0.0,0.0
Corona,Queens,neighborhood,11.0,11.0,11.0,11.0,40.0,40.0,40.0,40.0,40.0,40.0,40.0,41.0,41.0,41.0,1.0,1.0,1.0,1.0,1.0,1.0,25.0,25.0,25.0,0.0,0.0,0.0,0.0,0.0,0.0,0.0,0.0,0.0,0.0,0.0,0.0,0.0,0.0,0.0,0.0,0.0,0.0,0.0,0.0,0.0,0.0,0.0,0.0,0.0,0.0,0.0,0.0,31.0,83.0,3.0,8.0,11.0,9.0,5.0,3.0,5.0,6.0,7.0,3.0,2.0,5.0,10.0,9.0,7.0,11.0,15.0,19.0,14.0,10.0,10.0,21.0,17.0,10.0,19.0,16.0,11.0,13.0,8.0,12.0,9.0,8.0,10.0,11.0,13.0,13.0,18.0,6.0,12.0,9.0,16.0,12.0,9.0,12.0,14.0,13.0,9.0,8.0,7.0,4.0,3.0,5.0,6.0,4.0,7.0,4.0,5.0,6.0,10.0,10.0,9.0,8.0,3.0,5.0,6.0,6.0,8.0,7.0,9.0,10.0,7.0,6.0,12.0,13.0,14.0,8.0,15.0,14.0,11.0,10.0,11.0,8.0,14.0,13.0,17.0,15.0,10.0,10.0,1.0,15.0,1.0,6.0,6.0,4.0,6.0,4.0,2.0,1.0,1.0,2.0,3.0,0.0,1.0,0.0,0.0,2.0,1.0,0.0,2.0,1.0,1.0,2.0,1.0,0.0,1.0,0.0,1.0,0.0,0.0,1.0,1.0,2.0,0.0,0.0,0.0,0.0,1.0,0.0,0.0,0.0,0.0,0.0,1.0,0.0,1.0,2.0,4.0,2.0,5.0,6.0,4.0,4.0,5.0,4.0,2.0,1.0,4.0
Country Club,Bronx,neighborhood,0.0,0.0,0.0,0.0,0.0,0.0,0.0,0.0,0.0,0.0,0.0,0.0,0.0,0.0,0.0,0.0,0.0,0.0,0.0,0.0,0.0,1.0,1.0,1.0,0.0,0.0,0.0,0.0,0.0,0.0,0.0,0.0,0.0,0.0,0.0,0.0,0.0,0.0,0.0,0.0,0.0,0.0,0.0,0.0,0.0,0.0,0.0,0.0,0.0,0.0,0.0,0.0,0.0,0.0,0.0,0.0,0.0,0.0,0.0,0.0,0.0,0.0,0.0,0.0,0.0,0.0,0.0,0.0,0.0,2.0,1.0,0.0,0.0,0.0,0.0,0.0,0.0,0.0,0.0,0.0,0.0,0.0,0.0,0.0,0.0,0.0,0.0,1.0,0.0,0.0,0.0,0.0,0.0,0.0,0.0,0.0,0.0,0.0,0.0,0.0,0.0,0.0,0.0,0.0,0.0,0.0,0.0,0.0,0.0,0.0,0.0,0.0,0.0,0.0,0.0,0.0,0.0,0.0,0.0,0.0,0.0,0.0,0.0,0.0,0.0,0.0,0.0,0.0,0.0,0.0,0.0,0.0,0.0,0.0,0.0,0.0,0.0,0.0,0.0,0.0,0.0,0.0,0.0,0.0,0.0,0.0,1.0,1.0,1.0,1.0,0.0,0.0,0.0,0.0,0.0,0.0,0.0,0.0,0.0,0.0,0.0,0.0,0.0,0.0,0.0,0.0,0.0,0.0,0.0,0.0,0.0,0.0,0.0,0.0,0.0,0.0,0.0,0.0,0.0,0.0,0.0,0.0,0.0,0.0,0.0,0.0,0.0,0.0,0.0,0.0,0.0,0.0,0.0,0.0,0.0,0.0,0.0,0.0,0.0,0.0
Crotona Park East,Bronx,neighborhood,0.0,0.0,0.0,0.0,0.0,0.0,0.0,0.0,0.0,0.0,0.0,0.0,0.0,0.0,0.0,0.0,0.0,0.0,0.0,0.0,0.0,0.0,0.0,0.0,0.0,0.0,0.0,0.0,0.0,0.0,0.0,0.0,0.0,0.0,0.0,0.0,0.0,0.0,0.0,0.0,0.0,0.0,0.0,0.0,0.0,0.0,0.0,0.0,0.0,0.0,0.0,0.0,0.0,0.0,0.0,0.0,0.0,0.0,0.0,0.0,0.0,0.0,0.0,0.0,0.0,0.0,0.0,0.0,0.0,0.0,0.0,0.0,0.0,0.0,0.0,0.0,0.0,0.0,0.0,0.0,0.0,1.0,0.0,0.0,0.0,0.0,0.0,0.0,0.0,0.0,0.0,0.0,0.0,0.0,0.0,0.0,0.0,1.0,0.0,0.0,0.0,1.0,1.0,0.0,0.0,0.0,0.0,0.0,0.0,0.0,0.0,0.0,0.0,0.0,0.0,0.0,0.0,0.0,0.0,1.0,2.0,3.0,2.0,2.0,1.0,2.0,2.0,2.0,1.0,1.0,1.0,1.0,0.0,1.0,2.0,1.0,0.0,0.0,0.0,0.0,0.0,0.0,0.0,0.0,0.0,0.0,1.0,0.0,1.0,3.0,2.0,4.0,2.0,3.0,1.0,0.0,0.0,1.0,0.0,1.0,0.0,0.0,0.0,0.0,0.0,1.0,0.0,2.0,1.0,0.0,0.0,0.0,0.0,0.0,0.0,1.0,1.0,1.0,1.0,1.0,1.0,0.0,0.0,1.0,0.0,0.0,0.0,0.0,0.0,0.0,0.0,0.0,0.0,1.0,1.0,0.0,0.0,0.0,0.0,0.0
Crown Heights,Brooklyn,neighborhood,5.0,3.0,4.0,4.0,5.0,9.0,6.0,3.0,5.0,3.0,7.0,9.0,13.0,15.0,16.0,14.0,10.0,10.0,9.0,8.0,14.0,17.0,17.0,15.0,12.0,10.0,11.0,8.0,7.0,11.0,16.0,12.0,9.0,12.0,16.0,11.0,10.0,12.0,11.0,17.0,13.0,6.0,7.0,12.0,10.0,11.0,7.0,17.0,24.0,21.0,27.0,25.0,24.0,32.0,41.0,39.0,34.0,37.0,38.0,41.0,38.0,35.0,37.0,31.0,32.0,45.0,44.0,53.0,47.0,40.0,37.0,39.0,34.0,21.0,29.0,31.0,32.0,44.0,55.0,71.0,75.0,54.0,56.0,46.0,60.0,48.0,50.0,63.0,74.0,88.0,69.0,53.0,55.0,78.0,81.0,79.0,80.0,96.0,75.0,72.0,107.0,92.0,67.0,60.0,50.0,67.0,79.0,85.0,99.0,99.0,86.0,85.0,103.0,79.0,88.0,120.0,79.0,53.0,60.0,63.0,63.0,55.0,61.0,48.0,99.0,126.0,119.0,128.0,163.0,154.0,137.0,113.0,106.0,100.0,129.0,146.0,140.0,122.0,102.0,117.0,82.0,90.0,84.0,57.0,45.0,31.0,42.0,38.0,56.0,75.0,58.0,58.0,54.0,44.0,59.0,60.0,52.0,58.0,58.0,48.0,61.0,59.0,59.0,93.0,76.0,78.0,76.0,54.0,67.0,75.0,72.0,63.0,82.0,82.0,101.0,114.0,119.0,137.0,135.0,122.0,152.0,121.0,118.0,105.0,106.0,104.0,114.0,140.0,126.0,102.0,94.0,95.0,92.0,91.0,111.0,88.0,89.0,91.0,110.0,112.0
DUMBO,Brooklyn,neighborhood,3.0,5.0,22.0,14.0,13.0,5.0,5.0,5.0,3.0,1.0,0.0,0.0,2.0,3.0,3.0,5.0,4.0,6.0,6.0,10.0,11.0,8.0,5.0,3.0,2.0,9.0,9.0,11.0,13.0,4.0,4.0,7.0,8.0,4.0,3.0,4.0,3.0,3.0,2.0,6.0,12.0,10.0,14.0,17.0,15.0,10.0,7.0,9.0,8.0,8.0,6.0,12.0,9.0,7.0,11.0,13.0,11.0,8.0,7.0,7.0,16.0,12.0,15.0,15.0,10.0,17.0,16.0,13.0,8.0,7.0,7.0,8.0,9.0,11.0,10.0,9.0,10.0,12.0,10.0,13.0,9.0,12.0,10.0,13.0,13.0,12.0,10.0,12.0,15.0,20.0,18.0,17.0,13.0,8.0,8.0,6.0,9.0,11.0,12.0,17.0,13.0,14.0,16.0,14.0,16.0,11.0,4.0,3.0,7.0,12.0,12.0,18.0,23.0,19.0,17.0,8.0,6.0,7.0,5.0,3.0,11.0,10.0,8.0,9.0,12.0,23.0,22.0,34.0,26.0,27.0,23.0,28.0,29.0,31.0,30.0,23.0,19.0,18.0,10.0,4.0,6.0,9.0,9.0,3.0,10.0,10.0,12.0,9.0,12.0,12.0,6.0,10.0,7.0,10.0,9.0,5.0,14.0,13.0,13.0,11.0,13.0,12.0,9.0,10.0,7.0,11.0,14.0,10.0,11.0,9.0,10.0,15.0,21.0,29.0,37.0,46.0,46.0,55.0,50.0,37.0,41.0,37.0,49.0,33.0,27.0,24.0,35.0,60.0,74.0,70.0,47.0,33.0,32.0,29.0,19.0,25.0,19.0,28.0,20.0,19.0
Ditmas Park,Brooklyn,neighborhood,2.0,2.0,2.0,1.0,1.0,1.0,1.0,1.0,1.0,1.0,2.0,1.0,3.0,3.0,2.0,3.0,3.0,3.0,2.0,2.0,3.0,4.0,2.0,2.0,0.0,2.0,1.0,1.0,1.0,2.0,3.0,3.0,2.0,3.0,5.0,2.0,4.0,5.0,2.0,0.0,0.0,1.0,0.0,2.0,4.0,6.0,4.0,1.0,3.0,4.0,2.0,3.0,6.0,5.0,2.0,10.0,13.0,16.0,20.0,13.0,12.0,10.0,5.0,7.0,11.0,12.0,17.0,19.0,11.0,5.0,7.0,9.0,9.0,6.0,9.0,10.0,6.0,12.0,17.0,17.0,9.0,9.0,10.0,14.0,16.0,15.0,18.0,18.0,22.0,20.0,21.0,16.0,19.0,24.0,23.0,13.0,14.0,11.0,18.0,21.0,23.0,17.0,12.0,21.0,19.0,19.0,17.0,17.0,17.0,18.0,28.0,28.0,24.0,13.0,11.0,20.0,19.0,24.0,19.0,10.0,18.0,13.0,6.0,7.0,18.0,27.0,34.0,38.0,46.0,39.0,51.0,39.0,46.0,35.0,40.0,27.0,28.0,25.0,28.0,19.0,26.0,15.0,15.0,19.0,10.0,14.0,8.0,11.0,10.0,13.0,15.0,13.0,7.0,14.0,17.0,16.0,3.0,8.0,10.0,2.0,3.0,9.0,30.0,28.0,14.0,18.0,10.0,8.0,19.0,15.0,18.0,10.0,20.0,9.0,10.0,9.0,29.0,23.0,20.0,13.0,13.0,14.0,18.0,10.0,15.0,13.0,10.0,10.0,8.0,7.0,10.0,15.0,12.0,17.0,22.0,11.0,12.0,13.0,19.0,17.0
Douglaston,Queens,neighborhood,1.0,1.0,1.0,2.0,1.0,1.0,0.0,0.0,0.0,0.0,0.0,0.0,0.0,0.0,0.0,0.0,0.0,0.0,0.0,0.0,0.0,0.0,0.0,0.0,0.0,0.0,0.0,0.0,0.0,0.0,0.0,0.0,0.0,0.0,0.0,0.0,0.0,0.0,0.0,0.0,0.0,0.0,0.0,0.0,0.0,0.0,0.0,0.0,0.0,0.0,0.0,0.0,0.0,0.0,0.0,0.0,0.0,0.0,0.0,0.0,0.0,0.0,0.0,0.0,0.0,0.0,0.0,0.0,0.0,0.0,0.0,0.0,0.0,0.0,0.0,0.0,0.0,0.0,0.0,0.0,0.0,0.0,0.0,0.0,0.0,0.0,0.0,0.0,0.0,0.0,0.0,0.0,0.0,0.0,0.0,0.0,0.0,0.0,0.0,0.0,0.0,0.0,0.0,0.0,0.0,0.0,0.0,0.0,0.0,1.0,1.0,0.0,1.0,0.0,0.0,0.0,0.0,0.0,1.0,0.0,0.0,1.0,1.0,0.0,0.0,1.0,0.0,0.0,0.0,0.0,0.0,0.0,0.0,0.0,0.0,0.0,0.0,0.0,0.0,0.0,0.0,0.0,0.0,0.0,0.0,0.0,0.0,0.0,0.0,0.0,0.0,1.0,1.0,0.0,0.0,0.0,0.0,0.0,0.0,0.0,0.0,0.0,0.0,0.0,0.0,2.0,3.0,1.0,0.0,0.0,0.0,0.0,0.0,0.0,0.0,0.0,0.0,0.0,0.0,0.0,1.0,2.0,3.0,1.0,1.0,3.0,3.0,2.0,1.0,2.0,1.0,0.0,0.0,1.0,1.0,0.0,0.0,0.0,2.0,2.0
Downtown Brooklyn,Brooklyn,neighborhood,31.0,32.0,33.0,32.0,23.0,17.0,15.0,22.0,28.0,27.0,26.0,9.0,8.0,11.0,15.0,22.0,33.0,30.0,21.0,18.0,23.0,28.0,27.0,15.0,25.0,26.0,35.0,26.0,40.0,35.0,30.0,31.0,38.0,33.0,41.0,48.0,43.0,42.0,36.0,27.0,28.0,28.0,26.0,26.0,32.0,30.0,33.0,34.0,43.0,50.0,62.0,65.0,68.0,70.0,63.0,68.0,73.0,60.0,47.0,52.0,53.0,57.0,67.0,67.0,67.0,66.0,65.0,64.0,72.0,75.0,77.0,93.0,102.0,89.0,96.0,93.0,89.0,105.0,81.0,110.0,122.0,117.0,113.0,108.0,108.0,84.0,104.0,88.0,111.0,123.0,122.0,105.0,109.0,116.0,104.0,102.0,110.0,71.0,108.0,102.0,120.0,97.0,107.0,108.0,91.0,96.0,95.0,81.0,96.0,110.0,100.0,104.0,99.0,91.0,81.0,65.0,59.0,71.0,73.0,80.0,79.0,70.0,61.0,76.0,109.0,152.0,169.0,187.0,201.0,213.0,182.0,150.0,193.0,173.0,187.0,165.0,154.0,126.0,91.0,83.0,69.0,70.0,86.0,84.0,75.0,87.0,96.0,98.0,104.0,114.0,96.0,74.0,61.0,69.0,66.0,65.0,83.0,95.0,93.0,89.0,90.0,116.0,118.0,122.0,100.0,102.0,100.0,78.0,107.0,101.0,104.0,109.0,118.0,109.0,128.0,144.0,119.0,114.0,98.0,100.0,99.0,82.0,87.0,113.0,129.0,136.0,169.0,176.0,173.0,169.0,163.0,143.0,124.0,126.0,160.0,156.0,164.0,182.0,237.0,227.0
Dyker Heights,Brooklyn,neighborhood,0.0,0.0,0.0,1.0,1.0,0.0,1.0,1.0,1.0,4.0,4.0,3.0,3.0,1.0,1.0,2.0,2.0,2.0,2.0,2.0,2.0,3.0,2.0,1.0,1.0,1.0,0.0,0.0,3.0,3.0,2.0,2.0,3.0,0.0,0.0,0.0,1.0,4.0,5.0,8.0,6.0,4.0,2.0,1.0,1.0,1.0,2.0,1.0,0.0,3.0,3.0,1.0,1.0,0.0,2.0,1.0,2.0,4.0,5.0,4.0,4.0,4.0,4.0,2.0,1.0,1.0,3.0,5.0,2.0,2.0,1.0,1.0,0.0,1.0,0.0,1.0,1.0,0.0,3.0,3.0,1.0,1.0,1.0,1.0,2.0,2.0,2.0,2.0,5.0,5.0,4.0,5.0,3.0,1.0,0.0,0.0,0.0,1.0,2.0,2.0,2.0,5.0,2.0,0.0,1.0,4.0,3.0,1.0,3.0,4.0,3.0,0.0,3.0,0.0,2.0,3.0,7.0,5.0,4.0,2.0,2.0,1.0,1.0,1.0,2.0,2.0,4.0,3.0,3.0,2.0,6.0,2.0,5.0,2.0,4.0,0.0,1.0,4.0,5.0,0.0,0.0,4.0,3.0,2.0,3.0,2.0,2.0,1.0,0.0,0.0,1.0,1.0,4.0,4.0,2.0,1.0,1.0,2.0,3.0,1.0,1.0,2.0,1.0,1.0,0.0,0.0,1.0,0.0,0.0,1.0,1.0,1.0,1.0,2.0,2.0,1.0,1.0,3.0,2.0,1.0,0.0,1.0,1.0,0.0,1.0,1.0,0.0,0.0,0.0,0.0,0.0,1.0,2.0,1.0,1.0,1.0,0.0,2.0,0.0,2.0
East Elmhurst,Queens,neighborhood,0.0,0.0,0.0,0.0,0.0,0.0,0.0,0.0,0.0,0.0,0.0,0.0,0.0,0.0,0.0,0.0,0.0,0.0,0.0,0.0,0.0,0.0,0.0,0.0,0.0,0.0,0.0,0.0,0.0,0.0,0.0,0.0,0.0,0.0,0.0,0.0,0.0,0.0,0.0,0.0,0.0,0.0,0.0,0.0,3.0,3.0,3.0,0.0,0.0,0.0,0.0,1.0,1.0,1.0,0.0,0.0,0.0,0.0,0.0,0.0,0.0,0.0,0.0,0.0,0.0,0.0,0.0,0.0,1.0,1.0,0.0,1.0,0.0,0.0,0.0,0.0,0.0,0.0,0.0,0.0,0.0,0.0,1.0,0.0,0.0,0.0,0.0,0.0,0.0,1.0,0.0,0.0,0.0,0.0,0.0,0.0,0.0,1.0,0.0,0.0,0.0,0.0,0.0,1.0,3.0,3.0,1.0,0.0,3.0,2.0,2.0,1.0,1.0,0.0,0.0,0.0,2.0,1.0,1.0,0.0,0.0,0.0,0.0,0.0,1.0,2.0,2.0,0.0,1.0,3.0,1.0,0.0,0.0,0.0,0.0,0.0,0.0,0.0,0.0,1.0,1.0,2.0,1.0,1.0,3.0,2.0,2.0,0.0,1.0,1.0,0.0,1.0,0.0,1.0,1.0,0.0,1.0,2.0,0.0,1.0,1.0,0.0,1.0,1.0,0.0,0.0,0.0,0.0,0.0,1.0,2.0,4.0,2.0,1.0,0.0,1.0,2.0,0.0,0.0,1.0,0.0,1.0,1.0,2.0,1.0,0.0,0.0,0.0,0.0,0.0,0.0,1.0,1.0,1.0,2.0,2.0,1.0,0.0,0.0,1.0
East Flatbush,Brooklyn,neighborhood,1.0,2.0,7.0,4.0,3.0,4.0,6.0,3.0,2.0,2.0,2.0,5.0,5.0,2.0,3.0,4.0,3.0,4.0,1.0,2.0,2.0,2.0,3.0,3.0,2.0,2.0,1.0,1.0,1.0,0.0,2.0,1.0,4.0,4.0,3.0,4.0,4.0,4.0,2.0,2.0,1.0,2.0,3.0,3.0,3.0,6.0,9.0,7.0,6.0,6.0,4.0,3.0,1.0,5.0,6.0,5.0,7.0,11.0,8.0,14.0,18.0,21.0,21.0,13.0,8.0,14.0,14.0,18.0,18.0,14.0,14.0,16.0,16.0,11.0,21.0,17.0,26.0,22.0,16.0,20.0,11.0,4.0,7.0,12.0,9.0,11.0,7.0,6.0,14.0,17.0,11.0,4.0,7.0,9.0,6.0,6.0,18.0,13.0,15.0,17.0,13.0,18.0,7.0,10.0,15.0,18.0,5.0,6.0,6.0,10.0,13.0,5.0,4.0,2.0,14.0,10.0,12.0,11.0,14.0,11.0,10.0,16.0,9.0,7.0,10.0,13.0,11.0,14.0,15.0,13.0,17.0,18.0,16.0,13.0,17.0,22.0,13.0,19.0,26.0,20.0,10.0,17.0,16.0,21.0,21.0,19.0,9.0,7.0,13.0,13.0,10.0,13.0,4.0,9.0,18.0,9.0,4.0,11.0,20.0,5.0,9.0,19.0,9.0,15.0,15.0,20.0,27.0,17.0,15.0,11.0,12.0,19.0,23.0,23.0,25.0,32.0,41.0,22.0,16.0,11.0,20.0,21.0,20.0,19.0,18.0,15.0,21.0,23.0,21.0,25.0,30.0,34.0,29.0,39.0,40.0,22.0,18.0,30.0,24.0,18.0
East Harlem,Manhattan,neighborhood,12.0,13.0,18.0,7.0,6.0,8.0,8.0,4.0,3.0,3.0,3.0,4.0,4.0,13.0,6.0,10.0,10.0,12.0,19.0,35.0,25.0,23.0,18.0,18.0,11.0,22.0,29.0,19.0,14.0,22.0,22.0,16.0,15.0,12.0,16.0,17.0,31.0,26.0,21.0,18.0,19.0,18.0,20.0,20.0,22.0,26.0,31.0,18.0,17.0,27.0,32.0,36.0,26.0,32.0,45.0,39.0,36.0,26.0,32.0,29.0,28.0,30.0,53.0,68.0,63.0,48.0,54.0,51.0,54.0,45.0,44.0,39.0,46.0,48.0,51.0,45.0,43.0,52.0,43.0,34.0,45.0,43.0,42.0,39.0,36.0,41.0,45.0,52.0,55.0,64.0,56.0,40.0,57.0,56.0,46.0,38.0,45.0,38.0,36.0,45.0,38.0,46.0,49.0,54.0,52.0,56.0,46.0,41.0,53.0,40.0,45.0,56.0,49.0,63.0,53.0,43.0,38.0,41.0,35.0,32.0,39.0,37.0,25.0,24.0,46.0,59.0,60.0,64.0,82.0,80.0,68.0,59.0,51.0,69.0,79.0,64.0,73.0,82.0,78.0,76.0,64.0,63.0,57.0,60.0,44.0,35.0,42.0,37.0,56.0,43.0,56.0,44.0,33.0,31.0,53.0,39.0,42.0,36.0,52.0,47.0,72.0,64.0,78.0,77.0,72.0,68.0,62.0,53.0,50.0,46.0,49.0,56.0,54.0,66.0,57.0,53.0,67.0,70.0,46.0,39.0,52.0,47.0,58.0,57.0,64.0,56.0,73.0,59.0,63.0,57.0,53.0,36.0,43.0,38.0,56.0,49.0,54.0,56.0,64.0,59.0
East New York,Brooklyn,neighborhood,0.0,0.0,0.0,0.0,0.0,0.0,0.0,0.0,0.0,0.0,0.0,0.0,0.0,0.0,0.0,1.0,1.0,1.0,1.0,0.0,1.0,1.0,1.0,1.0,2.0,2.0,3.0,2.0,2.0,2.0,1.0,0.0,0.0,0.0,0.0,0.0,0.0,0.0,1.0,1.0,1.0,1.0,1.0,1.0,2.0,3.0,2.0,2.0,2.0,2.0,2.0,1.0,1.0,0.0,1.0,1.0,0.0,0.0,0.0,2.0,2.0,2.0,0.0,2.0,1.0,2.0,1.0,1.0,1.0,1.0,1.0,1.0,1.0,2.0,3.0,2.0,3.0,3.0,2.0,2.0,1.0,1.0,0.0,2.0,2.0,1.0,2.0,2.0,2.0,4.0,4.0,0.0,1.0,2.0,1.0,2.0,2.0,1.0,1.0,0.0,0.0,3.0,5.0,4.0,2.0,1.0,2.0,1.0,4.0,2.0,0.0,0.0,3.0,7.0,5.0,4.0,1.0,1.0,2.0,3.0,6.0,4.0,1.0,0.0,0.0,1.0,6.0,6.0,5.0,2.0,2.0,1.0,1.0,1.0,2.0,3.0,2.0,2.0,3.0,8.0,2.0,2.0,2.0,2.0,6.0,7.0,5.0,7.0,14.0,19.0,10.0,8.0,2.0,0.0,1.0,1.0,1.0,0.0,0.0,0.0,10.0,9.0,7.0,8.0,6.0,7.0,6.0,4.0,4.0,6.0,8.0,8.0,19.0,19.0,20.0,18.0,10.0,22.0,14.0,8.0,14.0,16.0,16.0,16.0,21.0,13.0,26.0,25.0,24.0,29.0,26.0,35.0,16.0,11.0,15.0,17.0,28.0,32.0,21.0,22.0
East Tremont,Bronx,neighborhood,0.0,0.0,0.0,0.0,0.0,0.0,0.0,0.0,0.0,0.0,0.0,0.0,0.0,0.0,0.0,0.0,0.0,0.0,0.0,0.0,0.0,0.0,0.0,0.0,0.0,0.0,0.0,0.0,0.0,0.0,0.0,0.0,0.0,0.0,0.0,0.0,0.0,0.0,0.0,0.0,0.0,0.0,0.0,0.0,0.0,0.0,0.0,0.0,0.0,0.0,0.0,0.0,0.0,0.0,0.0,0.0,0.0,1.0,2.0,3.0,2.0,1.0,1.0,2.0,1.0,0.0,2.0,1.0,1.0,2.0,1.0,0.0,0.0,0.0,2.0,2.0,2.0,1.0,1.0,1.0,1.0,1.0,1.0,0.0,0.0,1.0,1.0,0.0,0.0,0.0,2.0,2.0,1.0,1.0,0.0,0.0,0.0,1.0,2.0,1.0,0.0,1.0,0.0,1.0,3.0,2.0,2.0,1.0,2.0,3.0,1.0,2.0,3.0,1.0,0.0,0.0,1.0,2.0,0.0,0.0,0.0,1.0,2.0,0.0,0.0,1.0,2.0,4.0,2.0,4.0,2.0,5.0,1.0,0.0,2.0,1.0,1.0,1.0,0.0,3.0,3.0,0.0,1.0,2.0,2.0,4.0,2.0,2.0,0.0,0.0,0.0,1.0,1.0,0.0,0.0,1.0,2.0,3.0,2.0,2.0,1.0,1.0,0.0,0.0,0.0,1.0,2.0,2.0,2.0,0.0,1.0,2.0,2.0,2.0,1.0,0.0,0.0,0.0,0.0,0.0,1.0,2.0,2.0,1.0,1.0,1.0,1.0,0.0,0.0,0.0,0.0,0.0,0.0,1.0,0.0,1.0,4.0,1.0,0.0,0.0
East Village,Manhattan,neighborhood,69.0,72.0,108.0,137.0,131.0,110.0,90.0,79.0,64.0,63.0,78.0,71.0,79.0,67.0,69.0,64.0,84.0,90.0,86.0,82.0,50.0,72.0,78.0,64.0,58.0,59.0,68.0,78.0,92.0,113.0,136.0,130.0,100.0,97.0,91.0,85.0,86.0,83.0,76.0,112.0,125.0,142.0,140.0,168.0,121.0,125.0,102.0,100.0,123.0,121.0,160.0,138.0,149.0,181.0,193.0,187.0,167.0,161.0,169.0,184.0,206.0,158.0,194.0,195.0,211.0,255.0,289.0,224.0,174.0,159.0,147.0,150.0,160.0,174.0,194.0,204.0,210.0,243.0,278.0,284.0,233.0,232.0,236.0,197.0,228.0,180.0,198.0,206.0,248.0,295.0,303.0,305.0,269.0,213.0,166.0,174.0,186.0,170.0,192.0,206.0,243.0,238.0,314.0,273.0,182.0,185.0,159.0,127.0,123.0,137.0,212.0,218.0,217.0,256.0,276.0,263.0,178.0,160.0,130.0,135.0,139.0,131.0,127.0,143.0,271.0,367.0,423.0,464.0,487.0,461.0,434.0,407.0,426.0,366.0,345.0,338.0,334.0,312.0,235.0,189.0,158.0,129.0,98.0,95.0,114.0,101.0,94.0,86.0,144.0,154.0,175.0,154.0,123.0,109.0,113.0,123.0,114.0,107.0,110.0,130.0,191.0,247.0,239.0,197.0,169.0,191.0,166.0,139.0,146.0,124.0,148.0,148.0,218.0,250.0,299.0,239.0,203.0,156.0,151.0,130.0,145.0,112.0,123.0,127.0,181.0,208.0,212.0,188.0,158.0,121.0,97.0,106.0,107.0,104.0,117.0,137.0,160.0,197.0,210.0,168.0
Eastchester,Bronx,neighborhood,0.0,0.0,0.0,0.0,0.0,0.0,0.0,0.0,0.0,0.0,0.0,0.0,0.0,0.0,0.0,0.0,0.0,0.0,0.0,0.0,0.0,0.0,0.0,0.0,0.0,0.0,0.0,0.0,0.0,0.0,0.0,0.0,0.0,0.0,0.0,0.0,0.0,0.0,0.0,0.0,0.0,0.0,0.0,0.0,0.0,0.0,0.0,0.0,0.0,0.0,0.0,0.0,0.0,0.0,0.0,0.0,0.0,0.0,0.0,0.0,0.0,0.0,0.0,0.0,0.0,0.0,0.0,0.0,0.0,0.0,0.0,0.0,0.0,0.0,0.0,0.0,0.0,0.0,0.0,0.0,0.0,0.0,0.0,0.0,0.0,0.0,0.0,0.0,0.0,0.0,0.0,0.0,0.0,0.0,0.0,0.0,0.0,0.0,0.0,0.0,0.0,0.0,0.0,0.0,0.0,0.0,1.0,0.0,0.0,0.0,0.0,0.0,0.0,0.0,0.0,0.0,0.0,0.0,0.0,0.0,0.0,0.0,0.0,0.0,0.0,0.0,0.0,0.0,0.0,1.0,0.0,0.0,0.0,0.0,0.0,0.0,0.0,0.0,0.0,0.0,0.0,0.0,0.0,0.0,0.0,0.0,0.0,0.0,0.0,0.0,0.0,0.0,0.0,0.0,0.0,0.0,0.0,0.0,0.0,0.0,0.0,0.0,0.0,0.0,0.0,0.0,0.0,0.0,0.0,0.0,0.0,0.0,0.0,0.0,0.0,0.0,0.0,0.0,0.0,0.0,0.0,0.0,0.0,0.0,0.0,0.0,0.0,0.0,0.0,0.0,0.0,0.0,0.0,0.0,0.0,0.0,0.0,0.0,0.0,0.0
Edenwald,Bronx,neighborhood,0.0,0.0,0.0,0.0,0.0,0.0,0.0,0.0,0.0,0.0,0.0,0.0,0.0,0.0,0.0,0.0,0.0,0.0,0.0,0.0,0.0,0.0,0.0,0.0,0.0,0.0,0.0,0.0,0.0,0.0,0.0,0.0,0.0,0.0,0.0,0.0,0.0,1.0,1.0,0.0,0.0,0.0,0.0,0.0,0.0,0.0,0.0,0.0,0.0,0.0,0.0,0.0,0.0,0.0,0.0,0.0,0.0,1.0,0.0,0.0,0.0,0.0,0.0,0.0,0.0,0.0,0.0,0.0,0.0,0.0,0.0,0.0,0.0,0.0,0.0,0.0,0.0,0.0,0.0,0.0,0.0,0.0,0.0,0.0,0.0,0.0,0.0,0.0,0.0,0.0,0.0,0.0,0.0,0.0,0.0,0.0,0.0,0.0,0.0,0.0,0.0,0.0,0.0,0.0,0.0,0.0,0.0,0.0,0.0,0.0,0.0,0.0,0.0,1.0,1.0,1.0,1.0,0.0,0.0,0.0,0.0,0.0,0.0,0.0,0.0,0.0,0.0,0.0,0.0,0.0,0.0,0.0,0.0,0.0,0.0,0.0,0.0,0.0,0.0,0.0,0.0,0.0,0.0,0.0,0.0,0.0,1.0,1.0,0.0,0.0,0.0,0.0,0.0,0.0,0.0,0.0,2.0,3.0,2.0,0.0,0.0,0.0,0.0,1.0,1.0,0.0,0.0,0.0,0.0,0.0,0.0,0.0,0.0,0.0,0.0,0.0,0.0,0.0,0.0,0.0,0.0,0.0,0.0,0.0,0.0,0.0,1.0,1.0,0.0,0.0,0.0,0.0,0.0,0.0,0.0,0.0,0.0,0.0,0.0,0.0
Elmhurst,Queens,neighborhood,4.0,4.0,2.0,4.0,3.0,5.0,2.0,3.0,2.0,3.0,2.0,2.0,3.0,2.0,2.0,3.0,4.0,4.0,3.0,5.0,3.0,2.0,2.0,3.0,1.0,1.0,1.0,2.0,1.0,1.0,5.0,3.0,3.0,3.0,1.0,1.0,2.0,3.0,3.0,3.0,5.0,4.0,1.0,4.0,2.0,1.0,2.0,4.0,4.0,6.0,5.0,8.0,12.0,4.0,8.0,7.0,5.0,8.0,11.0,14.0,11.0,5.0,12.0,12.0,4.0,9.0,19.0,20.0,20.0,15.0,8.0,10.0,8.0,7.0,14.0,18.0,22.0,15.0,13.0,16.0,16.0,18.0,18.0,15.0,22.0,29.0,33.0,27.0,21.0,34.0,23.0,18.0,16.0,19.0,30.0,25.0,28.0,43.0,40.0,23.0,26.0,33.0,19.0,22.0,25.0,28.0,26.0,19.0,23.0,17.0,26.0,25.0,29.0,15.0,14.0,21.0,33.0,21.0,16.0,15.0,21.0,16.0,9.0,6.0,17.0,20.0,37.0,28.0,29.0,39.0,42.0,34.0,40.0,35.0,44.0,35.0,32.0,31.0,35.0,38.0,46.0,49.0,30.0,23.0,16.0,12.0,21.0,15.0,17.0,13.0,19.0,14.0,19.0,26.0,27.0,19.0,32.0,21.0,28.0,33.0,15.0,14.0,22.0,27.0,10.0,10.0,9.0,10.0,11.0,16.0,14.0,16.0,16.0,15.0,20.0,26.0,18.0,25.0,32.0,29.0,26.0,29.0,21.0,18.0,24.0,23.0,33.0,47.0,41.0,37.0,26.0,37.0,48.0,34.0,27.0,24.0,30.0,32.0,16.0,16.0
Financial District,Manhattan,neighborhood,217.0,237.0,223.0,221.0,197.0,193.0,207.0,196.0,198.0,184.0,181.0,159.0,154.0,140.0,162.0,206.0,197.0,188.0,185.0,189.0,189.0,168.0,184.0,177.0,200.0,195.0,234.0,233.0,237.0,225.0,222.0,221.0,185.0,192.0,165.0,234.0,282.0,337.0,375.0,372.0,351.0,297.0,284.0,265.0,262.0,256.0,250.0,282.0,270.0,302.0,348.0,365.0,346.0,364.0,383.0,400.0,321.0,287.0,288.0,287.0,331.0,282.0,311.0,342.0,349.0,365.0,364.0,353.0,317.0,301.0,279.0,289.0,333.0,342.0,382.0,413.0,396.0,397.0,352.0,397.0,307.0,294.0,281.0,287.0,305.0,316.0,327.0,341.0,404.0,404.0,334.0,298.0,277.0,260.0,246.0,240.0,274.0,226.0,258.0,284.0,323.0,333.0,334.0,305.0,256.0,271.0,253.0,230.0,265.0,215.0,269.0,256.0,343.0,321.0,333.0,325.0,282.0,240.0,220.0,202.0,210.0,196.0,192.0,204.0,280.0,369.0,461.0,514.0,531.0,537.0,506.0,474.0,519.0,472.0,466.0,435.0,385.0,349.0,249.0,214.0,185.0,181.0,161.0,140.0,163.0,144.0,200.0,176.0,204.0,233.0,283.0,271.0,234.0,261.0,246.0,222.0,256.0,260.0,258.0,255.0,302.0,302.0,287.0,377.0,329.0,336.0,274.0,263.0,284.0,280.0,309.0,322.0,322.0,352.0,373.0,363.0,328.0,321.0,288.0,254.0,273.0,237.0,294.0,342.0,355.0,346.0,375.0,368.0,319.0,321.0,271.0,257.0,305.0,314.0,375.0,405.0,413.0,446.0,418.0,418.0
Flatbush,Brooklyn,neighborhood,1.0,1.0,0.0,1.0,2.0,3.0,0.0,1.0,0.0,0.0,1.0,1.0,1.0,5.0,4.0,4.0,2.0,2.0,2.0,4.0,6.0,4.0,4.0,3.0,2.0,1.0,0.0,1.0,3.0,4.0,3.0,4.0,2.0,2.0,2.0,1.0,2.0,2.0,1.0,0.0,2.0,4.0,2.0,3.0,3.0,3.0,5.0,7.0,5.0,2.0,2.0,2.0,1.0,4.0,6.0,10.0,12.0,15.0,12.0,21.0,24.0,22.0,18.0,24.0,22.0,27.0,31.0,26.0,19.0,20.0,14.0,18.0,17.0,17.0,19.0,8.0,16.0,26.0,23.0,20.0,29.0,18.0,26.0,29.0,34.0,30.0,40.0,39.0,41.0,26.0,20.0,16.0,26.0,24.0,21.0,15.0,27.0,31.0,31.0,32.0,25.0,36.0,47.0,42.0,39.0,59.0,45.0,34.0,60.0,57.0,51.0,25.0,56.0,37.0,37.0,29.0,45.0,41.0,48.0,36.0,43.0,35.0,40.0,26.0,35.0,55.0,73.0,81.0,84.0,93.0,84.0,68.0,71.0,80.0,76.0,89.0,92.0,89.0,93.0,92.0,61.0,53.0,41.0,39.0,44.0,33.0,47.0,41.0,63.0,50.0,59.0,65.0,46.0,47.0,66.0,45.0,41.0,71.0,74.0,53.0,60.0,67.0,69.0,91.0,90.0,78.0,75.0,54.0,68.0,78.0,56.0,55.0,65.0,67.0,60.0,74.0,77.0,65.0,77.0,70.0,81.0,104.0,74.0,77.0,77.0,84.0,100.0,98.0,83.0,84.0,81.0,94.0,101.0,76.0,92.0,105.0,124.0,126.0,160.0,143.0
Flatiron,Manhattan,neighborhood,61.0,77.0,89.0,67.0,69.0,67.0,57.0,62.0,46.0,49.0,57.0,64.0,62.0,51.0,57.0,49.0,62.0,68.0,64.0,65.0,37.0,42.0,30.0,32.0,58.0,56.0,62.0,66.0,59.0,66.0,67.0,61.0,57.0,63.0,53.0,48.0,39.0,48.0,67.0,71.0,80.0,75.0,82.0,74.0,71.0,95.0,120.0,95.0,90.0,94.0,120.0,100.0,112.0,89.0,82.0,67.0,61.0,89.0,78.0,81.0,109.0,113.0,134.0,124.0,126.0,123.0,111.0,100.0,99.0,87.0,89.0,99.0,105.0,93.0,102.0,113.0,128.0,142.0,122.0,108.0,76.0,84.0,83.0,78.0,94.0,89.0,120.0,121.0,139.0,139.0,128.0,107.0,103.0,99.0,65.0,64.0,68.0,62.0,89.0,101.0,99.0,131.0,117.0,109.0,75.0,81.0,75.0,87.0,83.0,63.0,81.0,99.0,105.0,89.0,79.0,89.0,70.0,67.0,62.0,58.0,64.0,65.0,55.0,69.0,131.0,166.0,195.0,216.0,231.0,227.0,211.0,179.0,192.0,179.0,184.0,169.0,139.0,110.0,70.0,63.0,43.0,55.0,36.0,39.0,43.0,42.0,52.0,62.0,72.0,62.0,57.0,64.0,64.0,69.0,62.0,71.0,76.0,72.0,84.0,80.0,89.0,78.0,89.0,93.0,87.0,77.0,64.0,51.0,68.0,77.0,99.0,87.0,77.0,92.0,101.0,79.0,59.0,56.0,47.0,50.0,54.0,45.0,63.0,83.0,84.0,56.0,77.0,71.0,64.0,49.0,51.0,54.0,59.0,47.0,60.0,65.0,62.0,72.0,72.0,66.0
Flatlands,Brooklyn,neighborhood,0.0,0.0,0.0,0.0,0.0,0.0,0.0,0.0,0.0,0.0,0.0,0.0,0.0,0.0,0.0,0.0,0.0,0.0,0.0,0.0,0.0,0.0,0.0,0.0,0.0,0.0,0.0,0.0,0.0,0.0,0.0,0.0,0.0,0.0,0.0,0.0,0.0,0.0,0.0,0.0,0.0,0.0,0.0,0.0,0.0,0.0,0.0,0.0,0.0,0.0,0.0,0.0,0.0,0.0,0.0,0.0,0.0,0.0,0.0,0.0,0.0,0.0,0.0,0.0,0.0,0.0,0.0,0.0,0.0,0.0,0.0,0.0,0.0,0.0,1.0,1.0,2.0,2.0,1.0,1.0,2.0,3.0,1.0,0.0,0.0,0.0,0.0,0.0,0.0,0.0,0.0,0.0,0.0,0.0,0.0,0.0,0.0,1.0,0.0,0.0,0.0,0.0,0.0,1.0,0.0,0.0,0.0,0.0,0.0,0.0,1.0,0.0,0.0,0.0,0.0,0.0,1.0,0.0,0.0,0.0,0.0,0.0,0.0,0.0,0.0,0.0,0.0,0.0,0.0,1.0,0.0,0.0,1.0,1.0,0.0,0.0,0.0,0.0,0.0,1.0,0.0,0.0,0.0,1.0,1.0,1.0,0.0,0.0,0.0,0.0,0.0,0.0,0.0,0.0,0.0,0.0,1.0,1.0,1.0,1.0,0.0,0.0,0.0,0.0,0.0,0.0,0.0,1.0,0.0,0.0,0.0,0.0,0.0,0.0,0.0,0.0,0.0,0.0,0.0,0.0,0.0,0.0,0.0,0.0,0.0,0.0,0.0,0.0,0.0,0.0,0.0,0.0,0.0,0.0,0.0,0.0,0.0,0.0,0.0,0.0
Floral Park,Queens,neighborhood,0.0,0.0,0.0,0.0,0.0,0.0,0.0,0.0,0.0,0.0,0.0,0.0,0.0,0.0,0.0,0.0,0.0,0.0,0.0,0.0,0.0,0.0,0.0,0.0,0.0,0.0,0.0,0.0,0.0,0.0,0.0,0.0,0.0,0.0,0.0,0.0,0.0,0.0,1.0,1.0,1.0,1.0,0.0,1.0,1.0,0.0,0.0,0.0,0.0,0.0,0.0,0.0,0.0,0.0,0.0,0.0,0.0,0.0,0.0,0.0,0.0,0.0,0.0,0.0,0.0,0.0,0.0,0.0,0.0,0.0,0.0,0.0,0.0,0.0,0.0,0.0,0.0,0.0,0.0,0.0,0.0,0.0,0.0,0.0,0.0,0.0,0.0,0.0,0.0,0.0,0.0,0.0,0.0,0.0,0.0,0.0,0.0,0.0,0.0,0.0,0.0,0.0,0.0,0.0,0.0,0.0,0.0,0.0,0.0,0.0,0.0,0.0,0.0,0.0,0.0,0.0,0.0,0.0,0.0,0.0,0.0,0.0,0.0,0.0,0.0,0.0,0.0,0.0,0.0,0.0,0.0,0.0,0.0,0.0,0.0,0.0,0.0,0.0,0.0,0.0,0.0,0.0,0.0,0.0,0.0,0.0,0.0,0.0,0.0,0.0,0.0,0.0,0.0,0.0,0.0,0.0,0.0,0.0,0.0,0.0,0.0,0.0,0.0,0.0,0.0,0.0,0.0,0.0,0.0,0.0,0.0,0.0,0.0,0.0,0.0,0.0,0.0,0.0,0.0,0.0,0.0,0.0,0.0,0.0,0.0,0.0,0.0,0.0,0.0,0.0,0.0,0.0,0.0,0.0,0.0,0.0,0.0,0.0,0.0,0.0
Flushing,Queens,neighborhood,4.0,3.0,3.0,2.0,1.0,2.0,2.0,3.0,1.0,1.0,1.0,5.0,5.0,4.0,3.0,5.0,7.0,5.0,7.0,10.0,10.0,7.0,7.0,3.0,7.0,7.0,4.0,5.0,4.0,3.0,5.0,6.0,6.0,3.0,3.0,3.0,2.0,2.0,3.0,3.0,3.0,4.0,3.0,6.0,6.0,4.0,8.0,8.0,8.0,4.0,3.0,6.0,10.0,6.0,8.0,4.0,7.0,6.0,7.0,4.0,8.0,12.0,15.0,11.0,6.0,6.0,5.0,10.0,14.0,15.0,20.0,18.0,10.0,14.0,17.0,10.0,12.0,15.0,18.0,22.0,11.0,5.0,6.0,12.0,14.0,17.0,30.0,27.0,37.0,46.0,39.0,26.0,19.0,22.0,14.0,14.0,7.0,21.0,28.0,21.0,12.0,21.0,20.0,25.0,26.0,29.0,32.0,34.0,33.0,22.0,26.0,22.0,28.0,29.0,32.0,29.0,52.0,65.0,43.0,32.0,20.0,29.0,13.0,16.0,19.0,19.0,19.0,24.0,14.0,22.0,28.0,34.0,43.0,35.0,37.0,20.0,14.0,28.0,29.0,28.0,15.0,28.0,24.0,18.0,25.0,23.0,23.0,21.0,24.0,29.0,38.0,21.0,19.0,18.0,23.0,19.0,26.0,22.0,39.0,19.0,22.0,19.0,20.0,16.0,10.0,18.0,15.0,12.0,17.0,11.0,5.0,8.0,14.0,15.0,16.0,15.0,19.0,22.0,22.0,28.0,24.0,24.0,21.0,26.0,24.0,28.0,21.0,19.0,13.0,15.0,22.0,26.0,21.0,22.0,24.0,23.0,24.0,20.0,27.0,24.0
Fordham,Bronx,neighborhood,0.0,0.0,0.0,0.0,0.0,0.0,0.0,0.0,0.0,0.0,0.0,0.0,0.0,0.0,0.0,0.0,0.0,0.0,0.0,0.0,0.0,0.0,1.0,1.0,0.0,0.0,0.0,0.0,0.0,0.0,0.0,0.0,0.0,1.0,1.0,1.0,0.0,0.0,0.0,0.0,0.0,0.0,0.0,1.0,1.0,0.0,0.0,0.0,3.0,4.0,0.0,0.0,2.0,1.0,0.0,0.0,0.0,1.0,2.0,2.0,2.0,0.0,0.0,1.0,1.0,1.0,0.0,0.0,0.0,2.0,2.0,1.0,1.0,1.0,1.0,4.0,3.0,2.0,1.0,2.0,0.0,4.0,6.0,6.0,6.0,5.0,4.0,5.0,5.0,4.0,1.0,1.0,2.0,1.0,2.0,2.0,1.0,3.0,3.0,7.0,3.0,2.0,0.0,0.0,1.0,1.0,1.0,0.0,0.0,3.0,4.0,4.0,5.0,3.0,2.0,2.0,0.0,0.0,0.0,3.0,2.0,0.0,0.0,0.0,1.0,2.0,0.0,1.0,2.0,5.0,6.0,8.0,5.0,3.0,6.0,6.0,2.0,5.0,2.0,4.0,3.0,1.0,2.0,2.0,5.0,2.0,1.0,3.0,7.0,3.0,2.0,2.0,2.0,3.0,6.0,0.0,7.0,4.0,4.0,3.0,5.0,5.0,3.0,1.0,3.0,3.0,5.0,7.0,8.0,5.0,5.0,6.0,5.0,2.0,1.0,4.0,4.0,2.0,2.0,2.0,6.0,7.0,4.0,4.0,5.0,5.0,5.0,2.0,2.0,7.0,7.0,3.0,1.0,1.0,2.0,1.0,1.0,3.0,2.0,1.0
Forest Hills,Queens,neighborhood,8.0,9.0,11.0,17.0,13.0,10.0,8.0,7.0,9.0,6.0,9.0,7.0,7.0,10.0,11.0,13.0,16.0,16.0,13.0,11.0,7.0,10.0,9.0,9.0,9.0,10.0,25.0,17.0,18.0,17.0,14.0,13.0,16.0,14.0,12.0,12.0,11.0,16.0,13.0,16.0,21.0,16.0,14.0,16.0,16.0,26.0,18.0,11.0,17.0,13.0,20.0,44.0,69.0,41.0,49.0,21.0,35.0,36.0,37.0,33.0,35.0,38.0,39.0,41.0,32.0,39.0,38.0,33.0,31.0,34.0,30.0,32.0,31.0,25.0,29.0,31.0,27.0,30.0,35.0,34.0,32.0,36.0,33.0,31.0,32.0,47.0,68.0,82.0,88.0,89.0,102.0,57.0,47.0,51.0,36.0,38.0,55.0,47.0,63.0,75.0,77.0,81.0,70.0,51.0,48.0,56.0,74.0,65.0,50.0,54.0,48.0,44.0,74.0,63.0,64.0,56.0,40.0,62.0,58.0,42.0,43.0,36.0,37.0,22.0,41.0,81.0,88.0,89.0,90.0,86.0,74.0,74.0,74.0,67.0,84.0,74.0,76.0,102.0,110.0,87.0,80.0,75.0,70.0,62.0,48.0,64.0,57.0,64.0,42.0,48.0,62.0,62.0,53.0,67.0,37.0,38.0,34.0,28.0,40.0,37.0,44.0,45.0,30.0,31.0,34.0,55.0,53.0,35.0,38.0,46.0,46.0,37.0,30.0,38.0,46.0,35.0,29.0,41.0,38.0,34.0,36.0,30.0,47.0,27.0,45.0,38.0,26.0,28.0,24.0,25.0,37.0,25.0,27.0,33.0,40.0,39.0,38.0,37.0,30.0,37.0
Fort Greene,Brooklyn,neighborhood,9.0,13.0,12.0,9.0,9.0,6.0,10.0,12.0,7.0,5.0,10.0,10.0,13.0,8.0,7.0,8.0,10.0,8.0,10.0,7.0,8.0,13.0,12.0,3.0,4.0,6.0,4.0,7.0,10.0,15.0,15.0,9.0,14.0,5.0,8.0,10.0,10.0,13.0,7.0,8.0,20.0,18.0,18.0,14.0,16.0,21.0,24.0,30.0,21.0,39.0,36.0,29.0,24.0,25.0,32.0,49.0,47.0,28.0,22.0,20.0,34.0,44.0,33.0,46.0,35.0,34.0,41.0,41.0,36.0,31.0,33.0,28.0,37.0,33.0,55.0,49.0,52.0,49.0,55.0,54.0,68.0,72.0,69.0,64.0,77.0,60.0,61.0,65.0,111.0,126.0,103.0,92.0,80.0,73.0,72.0,47.0,46.0,50.0,57.0,49.0,53.0,55.0,52.0,53.0,42.0,49.0,39.0,52.0,50.0,60.0,53.0,57.0,59.0,62.0,63.0,53.0,48.0,42.0,39.0,42.0,45.0,49.0,37.0,51.0,60.0,111.0,120.0,120.0,104.0,109.0,96.0,78.0,88.0,96.0,104.0,118.0,103.0,83.0,78.0,53.0,42.0,38.0,40.0,38.0,51.0,47.0,47.0,38.0,48.0,37.0,31.0,41.0,38.0,31.0,35.0,36.0,36.0,40.0,34.0,39.0,48.0,39.0,42.0,43.0,38.0,36.0,34.0,31.0,40.0,42.0,55.0,48.0,52.0,53.0,52.0,49.0,41.0,36.0,37.0,35.0,38.0,40.0,46.0,54.0,76.0,90.0,106.0,106.0,98.0,89.0,79.0,83.0,86.0,81.0,85.0,76.0,75.0,80.0,81.0,95.0
Fresh Meadows,Queens,neighborhood,0.0,0.0,0.0,0.0,0.0,0.0,0.0,0.0,0.0,0.0,0.0,0.0,0.0,0.0,0.0,0.0,0.0,0.0,0.0,0.0,0.0,0.0,0.0,0.0,0.0,0.0,0.0,0.0,0.0,0.0,0.0,0.0,0.0,0.0,0.0,0.0,0.0,0.0,0.0,0.0,0.0,0.0,0.0,0.0,0.0,0.0,0.0,0.0,0.0,0.0,0.0,0.0,0.0,0.0,0.0,0.0,0.0,0.0,0.0,0.0,0.0,0.0,0.0,0.0,0.0,0.0,0.0,0.0,0.0,0.0,0.0,0.0,0.0,0.0,0.0,0.0,0.0,0.0,0.0,0.0,0.0,0.0,1.0,0.0,0.0,0.0,0.0,0.0,0.0,0.0,0.0,0.0,0.0,0.0,0.0,0.0,0.0,0.0,0.0,0.0,0.0,0.0,0.0,0.0,0.0,0.0,0.0,0.0,0.0,0.0,0.0,0.0,0.0,0.0,3.0,4.0,0.0,0.0,0.0,0.0,0.0,0.0,0.0,0.0,0.0,0.0,0.0,0.0,0.0,0.0,0.0,0.0,0.0,0.0,0.0,0.0,0.0,1.0,1.0,1.0,0.0,0.0,0.0,1.0,1.0,0.0,0.0,0.0,0.0,0.0,0.0,0.0,0.0,0.0,0.0,0.0,0.0,0.0,0.0,0.0,0.0,0.0,0.0,0.0,0.0,0.0,0.0,0.0,0.0,0.0,1.0,2.0,1.0,0.0,0.0,0.0,1.0,2.0,3.0,0.0,0.0,0.0,1.0,3.0,3.0,1.0,0.0,0.0,3.0,4.0,4.0,6.0,4.0,4.0,6.0,2.0,1.0,1.0,6.0,6.0
Gerritsen Beach,Brooklyn,neighborhood,0.0,0.0,0.0,0.0,0.0,0.0,0.0,0.0,0.0,0.0,0.0,0.0,0.0,0.0,0.0,0.0,0.0,0.0,0.0,0.0,0.0,0.0,0.0,0.0,0.0,0.0,0.0,0.0,0.0,0.0,0.0,0.0,0.0,0.0,0.0,0.0,0.0,0.0,0.0,0.0,0.0,0.0,0.0,0.0,0.0,0.0,0.0,0.0,0.0,0.0,0.0,0.0,0.0,0.0,0.0,0.0,0.0,0.0,0.0,0.0,0.0,0.0,0.0,0.0,0.0,0.0,0.0,0.0,0.0,0.0,0.0,0.0,0.0,0.0,0.0,0.0,0.0,0.0,0.0,0.0,0.0,0.0,0.0,0.0,0.0,0.0,0.0,0.0,0.0,0.0,0.0,1.0,2.0,2.0,2.0,2.0,3.0,1.0,1.0,1.0,1.0,2.0,1.0,0.0,0.0,0.0,0.0,0.0,0.0,0.0,0.0,0.0,0.0,1.0,1.0,0.0,0.0,0.0,0.0,0.0,0.0,0.0,0.0,1.0,0.0,1.0,0.0,0.0,0.0,0.0,0.0,0.0,0.0,0.0,0.0,0.0,0.0,0.0,0.0,0.0,0.0,0.0,0.0,0.0,0.0,0.0,0.0,0.0,0.0,0.0,0.0,0.0,0.0,0.0,0.0,0.0,0.0,0.0,0.0,0.0,0.0,0.0,0.0,0.0,0.0,0.0,0.0,0.0,0.0,0.0,0.0,0.0,0.0,0.0,0.0,0.0,0.0,0.0,0.0,0.0,0.0,0.0,0.0,0.0,0.0,0.0,0.0,0.0,0.0,0.0,0.0,0.0,0.0,0.0,0.0,0.0,0.0,0.0,0.0,0.0
Glen Oaks,Queens,neighborhood,0.0,0.0,0.0,0.0,0.0,0.0,0.0,0.0,0.0,0.0,0.0,0.0,0.0,0.0,0.0,0.0,0.0,0.0,0.0,0.0,0.0,1.0,2.0,2.0,1.0,1.0,1.0,0.0,0.0,1.0,0.0,0.0,0.0,1.0,1.0,0.0,0.0,0.0,0.0,0.0,0.0,0.0,0.0,0.0,0.0,0.0,0.0,0.0,0.0,0.0,0.0,0.0,0.0,0.0,0.0,0.0,0.0,0.0,0.0,0.0,0.0,0.0,0.0,0.0,0.0,0.0,0.0,0.0,0.0,0.0,0.0,0.0,0.0,0.0,0.0,0.0,0.0,0.0,0.0,0.0,0.0,0.0,0.0,0.0,0.0,0.0,0.0,0.0,0.0,0.0,0.0,0.0,0.0,0.0,0.0,0.0,0.0,0.0,1.0,2.0,0.0,0.0,0.0,0.0,0.0,2.0,2.0,0.0,0.0,0.0,0.0,0.0,0.0,0.0,0.0,0.0,0.0,0.0,1.0,0.0,0.0,0.0,0.0,0.0,0.0,1.0,1.0,1.0,0.0,0.0,0.0,0.0,1.0,0.0,0.0,0.0,0.0,0.0,2.0,0.0,0.0,0.0,0.0,0.0,0.0,0.0,0.0,1.0,1.0,0.0,0.0,1.0,1.0,1.0,0.0,0.0,0.0,1.0,2.0,1.0,0.0,0.0,0.0,0.0,0.0,0.0,0.0,0.0,1.0,1.0,0.0,0.0,0.0,0.0,1.0,1.0,1.0,0.0,0.0,0.0,0.0,0.0,0.0,0.0,0.0,0.0,0.0,0.0,0.0,0.0,0.0,0.0,0.0,0.0,0.0,0.0,0.0,0.0,0.0,0.0
Glendale,Queens,neighborhood,0.0,0.0,0.0,0.0,0.0,0.0,0.0,0.0,0.0,0.0,0.0,0.0,0.0,0.0,0.0,0.0,0.0,0.0,0.0,0.0,0.0,0.0,0.0,0.0,0.0,0.0,0.0,0.0,0.0,0.0,0.0,0.0,0.0,0.0,0.0,0.0,0.0,0.0,0.0,0.0,0.0,1.0,1.0,0.0,0.0,1.0,1.0,1.0,1.0,2.0,1.0,0.0,0.0,0.0,0.0,1.0,0.0,0.0,0.0,0.0,1.0,0.0,0.0,0.0,1.0,1.0,0.0,0.0,0.0,1.0,1.0,0.0,0.0,0.0,1.0,0.0,1.0,1.0,0.0,0.0,0.0,1.0,0.0,0.0,0.0,0.0,0.0,0.0,1.0,1.0,1.0,2.0,1.0,0.0,2.0,0.0,0.0,0.0,0.0,0.0,1.0,1.0,1.0,0.0,0.0,0.0,1.0,2.0,0.0,0.0,0.0,0.0,1.0,0.0,1.0,2.0,1.0,0.0,0.0,0.0,0.0,0.0,0.0,0.0,0.0,1.0,0.0,0.0,0.0,1.0,0.0,0.0,0.0,0.0,2.0,1.0,0.0,0.0,2.0,2.0,1.0,1.0,1.0,1.0,2.0,3.0,1.0,0.0,1.0,1.0,1.0,1.0,0.0,0.0,0.0,0.0,2.0,0.0,1.0,1.0,1.0,0.0,1.0,1.0,1.0,1.0,5.0,6.0,7.0,8.0,3.0,0.0,0.0,0.0,0.0,1.0,5.0,1.0,0.0,0.0,1.0,1.0,0.0,0.0,0.0,0.0,1.0,0.0,0.0,5.0,1.0,0.0,0.0,0.0,1.0,0.0,1.0,2.0,2.0,1.0
Gowanus,Brooklyn,neighborhood,1.0,3.0,1.0,1.0,0.0,0.0,0.0,0.0,0.0,4.0,3.0,3.0,3.0,4.0,4.0,3.0,4.0,5.0,7.0,4.0,5.0,0.0,2.0,3.0,0.0,1.0,3.0,2.0,3.0,2.0,5.0,5.0,3.0,3.0,3.0,3.0,2.0,3.0,3.0,2.0,3.0,1.0,0.0,1.0,2.0,6.0,10.0,5.0,3.0,3.0,4.0,7.0,7.0,8.0,11.0,10.0,4.0,4.0,8.0,9.0,8.0,8.0,11.0,5.0,6.0,5.0,8.0,8.0,13.0,5.0,6.0,5.0,3.0,3.0,8.0,7.0,7.0,12.0,10.0,12.0,13.0,9.0,9.0,4.0,6.0,13.0,15.0,14.0,20.0,21.0,28.0,26.0,28.0,28.0,25.0,23.0,23.0,19.0,27.0,29.0,21.0,22.0,19.0,14.0,13.0,15.0,16.0,10.0,19.0,15.0,17.0,14.0,15.0,14.0,23.0,20.0,14.0,21.0,16.0,11.0,14.0,9.0,10.0,7.0,11.0,23.0,23.0,28.0,29.0,24.0,17.0,19.0,31.0,31.0,36.0,28.0,31.0,34.0,33.0,28.0,16.0,15.0,11.0,6.0,7.0,8.0,8.0,14.0,13.0,11.0,8.0,5.0,12.0,7.0,7.0,9.0,14.0,10.0,13.0,9.0,10.0,15.0,20.0,14.0,13.0,12.0,7.0,9.0,8.0,11.0,6.0,6.0,10.0,11.0,23.0,28.0,22.0,19.0,19.0,19.0,20.0,24.0,27.0,30.0,35.0,34.0,30.0,29.0,23.0,22.0,20.0,22.0,25.0,34.0,46.0,50.0,51.0,45.0,68.0,64.0
Gramercy Park,Manhattan,neighborhood,73.0,73.0,70.0,77.0,93.0,104.0,98.0,84.0,75.0,69.0,50.0,42.0,54.0,51.0,60.0,66.0,51.0,71.0,86.0,65.0,46.0,43.0,40.0,48.0,50.0,64.0,65.0,75.0,78.0,75.0,72.0,73.0,51.0,41.0,43.0,42.0,53.0,59.0,62.0,74.0,85.0,78.0,96.0,78.0,57.0,69.0,70.0,67.0,75.0,76.0,75.0,81.0,94.0,107.0,105.0,85.0,85.0,85.0,79.0,72.0,76.0,84.0,95.0,84.0,101.0,118.0,112.0,88.0,66.0,75.0,63.0,67.0,63.0,62.0,74.0,87.0,86.0,107.0,123.0,137.0,107.0,104.0,107.0,106.0,107.0,122.0,120.0,127.0,126.0,144.0,131.0,102.0,105.0,113.0,82.0,66.0,74.0,70.0,78.0,97.0,115.0,128.0,122.0,108.0,92.0,87.0,79.0,69.0,74.0,66.0,69.0,76.0,79.0,84.0,80.0,71.0,50.0,54.0,55.0,44.0,49.0,57.0,52.0,50.0,85.0,128.0,187.0,207.0,183.0,181.0,159.0,155.0,163.0,151.0,149.0,141.0,137.0,118.0,78.0,72.0,49.0,47.0,37.0,27.0,24.0,20.0,29.0,31.0,45.0,55.0,39.0,56.0,42.0,36.0,47.0,39.0,46.0,41.0,63.0,55.0,81.0,81.0,98.0,90.0,66.0,52.0,52.0,50.0,52.0,51.0,42.0,52.0,69.0,77.0,95.0,96.0,77.0,57.0,46.0,38.0,40.0,39.0,54.0,66.0,66.0,58.0,63.0,65.0,61.0,56.0,32.0,36.0,37.0,41.0,48.0,54.0,50.0,68.0,70.0,55.0
Gravesend,Brooklyn,neighborhood,1.0,0.0,0.0,0.0,0.0,0.0,0.0,0.0,0.0,0.0,0.0,0.0,1.0,1.0,0.0,0.0,0.0,0.0,0.0,0.0,1.0,1.0,1.0,1.0,1.0,1.0,1.0,2.0,3.0,1.0,0.0,5.0,6.0,17.0,16.0,5.0,8.0,6.0,5.0,3.0,4.0,5.0,5.0,6.0,5.0,6.0,6.0,8.0,4.0,7.0,8.0,11.0,12.0,6.0,4.0,4.0,4.0,6.0,4.0,7.0,1.0,1.0,2.0,5.0,7.0,4.0,2.0,5.0,4.0,2.0,6.0,6.0,5.0,2.0,4.0,2.0,5.0,4.0,10.0,9.0,11.0,10.0,10.0,10.0,13.0,11.0,11.0,9.0,12.0,9.0,7.0,5.0,3.0,5.0,6.0,7.0,5.0,8.0,7.0,5.0,6.0,6.0,9.0,11.0,11.0,12.0,12.0,7.0,6.0,11.0,6.0,9.0,11.0,6.0,2.0,8.0,8.0,8.0,6.0,6.0,9.0,5.0,2.0,2.0,4.0,7.0,2.0,8.0,10.0,10.0,4.0,7.0,10.0,8.0,9.0,12.0,4.0,8.0,12.0,11.0,11.0,12.0,7.0,6.0,10.0,12.0,12.0,10.0,12.0,8.0,8.0,6.0,6.0,6.0,5.0,9.0,4.0,6.0,6.0,3.0,2.0,0.0,3.0,5.0,1.0,4.0,5.0,6.0,5.0,6.0,8.0,8.0,4.0,7.0,7.0,7.0,8.0,10.0,8.0,9.0,10.0,7.0,12.0,17.0,21.0,20.0,16.0,19.0,17.0,23.0,20.0,14.0,19.0,11.0,9.0,12.0,13.0,12.0,13.0,12.0
Greenpoint,Brooklyn,neighborhood,10.0,4.0,3.0,6.0,4.0,5.0,5.0,5.0,6.0,6.0,5.0,5.0,6.0,7.0,5.0,5.0,6.0,8.0,9.0,10.0,8.0,10.0,14.0,14.0,6.0,12.0,13.0,11.0,7.0,6.0,6.0,7.0,8.0,8.0,10.0,13.0,17.0,12.0,13.0,17.0,14.0,12.0,22.0,16.0,14.0,9.0,4.0,10.0,12.0,9.0,9.0,8.0,13.0,18.0,19.0,22.0,16.0,16.0,18.0,18.0,27.0,32.0,25.0,22.0,21.0,16.0,22.0,21.0,43.0,57.0,30.0,15.0,15.0,17.0,18.0,21.0,18.0,20.0,18.0,15.0,14.0,11.0,11.0,19.0,17.0,33.0,48.0,46.0,51.0,41.0,32.0,20.0,12.0,21.0,16.0,17.0,27.0,27.0,26.0,23.0,40.0,47.0,28.0,31.0,38.0,41.0,31.0,30.0,46.0,49.0,35.0,31.0,53.0,42.0,48.0,39.0,20.0,19.0,21.0,20.0,30.0,17.0,21.0,40.0,69.0,79.0,107.0,116.0,115.0,111.0,103.0,99.0,88.0,63.0,72.0,96.0,96.0,60.0,58.0,33.0,26.0,21.0,24.0,26.0,24.0,25.0,50.0,34.0,46.0,54.0,63.0,71.0,69.0,57.0,66.0,59.0,74.0,58.0,57.0,41.0,42.0,38.0,67.0,64.0,81.0,90.0,84.0,87.0,79.0,67.0,74.0,71.0,107.0,109.0,140.0,132.0,84.0,58.0,69.0,56.0,91.0,81.0,91.0,94.0,93.0,68.0,100.0,123.0,135.0,114.0,101.0,105.0,109.0,85.0,89.0,70.0,80.0,93.0,91.0,109.0
Greenwich Village,Manhattan,neighborhood,108.0,117.0,142.0,141.0,169.0,171.0,155.0,143.0,78.0,75.0,86.0,102.0,98.0,87.0,96.0,85.0,93.0,124.0,117.0,81.0,66.0,63.0,53.0,77.0,86.0,72.0,67.0,91.0,123.0,139.0,135.0,99.0,70.0,81.0,78.0,91.0,104.0,101.0,102.0,134.0,137.0,131.0,148.0,138.0,119.0,107.0,94.0,91.0,98.0,92.0,100.0,118.0,127.0,130.0,137.0,135.0,121.0,90.0,73.0,60.0,84.0,79.0,87.0,116.0,123.0,140.0,139.0,137.0,103.0,98.0,86.0,96.0,88.0,93.0,106.0,120.0,125.0,145.0,163.0,153.0,122.0,142.0,116.0,110.0,119.0,110.0,122.0,118.0,119.0,164.0,171.0,142.0,108.0,119.0,112.0,98.0,112.0,104.0,106.0,110.0,114.0,115.0,138.0,116.0,92.0,96.0,64.0,67.0,70.0,87.0,113.0,134.0,117.0,142.0,138.0,124.0,84.0,71.0,70.0,68.0,75.0,67.0,58.0,36.0,89.0,161.0,235.0,274.0,279.0,285.0,266.0,213.0,190.0,160.0,148.0,153.0,132.0,124.0,89.0,60.0,45.0,41.0,43.0,50.0,33.0,40.0,47.0,49.0,78.0,67.0,78.0,67.0,48.0,60.0,48.0,39.0,39.0,48.0,59.0,69.0,69.0,100.0,94.0,90.0,69.0,64.0,53.0,41.0,58.0,52.0,58.0,65.0,70.0,80.0,100.0,77.0,62.0,47.0,48.0,53.0,47.0,47.0,74.0,87.0,85.0,73.0,83.0,75.0,66.0,53.0,44.0,38.0,51.0,41.0,59.0,64.0,86.0,78.0,69.0,55.0
Greenwood,Brooklyn,neighborhood,0.0,0.0,0.0,1.0,1.0,1.0,1.0,1.0,0.0,0.0,0.0,0.0,0.0,0.0,0.0,1.0,1.0,4.0,5.0,5.0,3.0,2.0,2.0,2.0,1.0,1.0,2.0,2.0,3.0,4.0,3.0,2.0,2.0,2.0,1.0,2.0,2.0,4.0,3.0,2.0,4.0,3.0,3.0,1.0,1.0,2.0,2.0,0.0,4.0,9.0,8.0,8.0,10.0,9.0,11.0,10.0,12.0,10.0,5.0,7.0,6.0,6.0,3.0,5.0,5.0,4.0,9.0,11.0,6.0,9.0,10.0,4.0,5.0,4.0,3.0,3.0,1.0,3.0,5.0,7.0,6.0,6.0,8.0,11.0,7.0,7.0,2.0,7.0,14.0,13.0,21.0,43.0,39.0,35.0,12.0,12.0,6.0,10.0,12.0,16.0,32.0,51.0,32.0,32.0,22.0,25.0,14.0,16.0,22.0,16.0,16.0,15.0,22.0,38.0,52.0,53.0,18.0,12.0,13.0,11.0,9.0,15.0,15.0,7.0,11.0,23.0,30.0,56.0,39.0,39.0,23.0,20.0,22.0,20.0,24.0,29.0,14.0,22.0,25.0,11.0,5.0,12.0,11.0,14.0,9.0,13.0,7.0,9.0,14.0,8.0,12.0,5.0,7.0,7.0,1.0,2.0,4.0,9.0,8.0,5.0,13.0,16.0,25.0,18.0,12.0,8.0,4.0,4.0,5.0,3.0,1.0,6.0,20.0,26.0,22.0,22.0,17.0,15.0,5.0,7.0,5.0,8.0,9.0,5.0,10.0,13.0,18.0,13.0,8.0,12.0,7.0,9.0,10.0,9.0,6.0,6.0,6.0,7.0,5.0,15.0
Hamilton Heights,Manhattan,neighborhood,11.0,11.0,12.0,11.0,9.0,8.0,7.0,8.0,4.0,6.0,8.0,4.0,4.0,6.0,8.0,6.0,10.0,7.0,8.0,9.0,17.0,12.0,8.0,6.0,6.0,8.0,7.0,6.0,10.0,5.0,10.0,9.0,10.0,7.0,3.0,0.0,3.0,3.0,9.0,16.0,13.0,13.0,12.0,12.0,15.0,15.0,16.0,20.0,19.0,13.0,16.0,15.0,17.0,16.0,15.0,13.0,14.0,16.0,21.0,25.0,32.0,28.0,31.0,22.0,22.0,19.0,25.0,26.0,23.0,18.0,24.0,26.0,22.0,22.0,18.0,28.0,33.0,33.0,40.0,36.0,30.0,24.0,23.0,20.0,28.0,29.0,24.0,24.0,26.0,37.0,47.0,41.0,25.0,37.0,39.0,28.0,25.0,24.0,27.0,29.0,28.0,28.0,38.0,38.0,22.0,20.0,24.0,20.0,26.0,29.0,26.0,33.0,29.0,31.0,31.0,36.0,34.0,33.0,29.0,27.0,26.0,21.0,8.0,9.0,21.0,33.0,53.0,75.0,56.0,62.0,56.0,47.0,50.0,51.0,60.0,61.0,47.0,51.0,52.0,54.0,42.0,36.0,32.0,26.0,31.0,15.0,17.0,18.0,22.0,20.0,29.0,27.0,15.0,24.0,29.0,28.0,17.0,17.0,16.0,22.0,33.0,42.0,53.0,54.0,34.0,27.0,23.0,24.0,23.0,20.0,28.0,31.0,37.0,31.0,30.0,38.0,38.0,32.0,27.0,24.0,32.0,24.0,30.0,26.0,28.0,23.0,25.0,22.0,14.0,15.0,14.0,19.0,29.0,22.0,21.0,18.0,25.0,30.0,26.0,30.0
Highbridge,Bronx,neighborhood,0.0,1.0,4.0,1.0,0.0,0.0,0.0,0.0,0.0,0.0,0.0,1.0,1.0,0.0,0.0,0.0,0.0,1.0,1.0,1.0,1.0,2.0,2.0,1.0,2.0,0.0,1.0,1.0,2.0,1.0,1.0,2.0,2.0,2.0,2.0,1.0,1.0,3.0,1.0,1.0,0.0,1.0,3.0,1.0,1.0,1.0,2.0,0.0,2.0,1.0,2.0,2.0,3.0,2.0,2.0,1.0,0.0,0.0,0.0,0.0,0.0,1.0,1.0,1.0,0.0,0.0,0.0,0.0,2.0,0.0,2.0,1.0,1.0,0.0,0.0,0.0,0.0,0.0,0.0,1.0,2.0,1.0,0.0,0.0,0.0,1.0,3.0,3.0,1.0,2.0,3.0,4.0,1.0,2.0,1.0,1.0,1.0,1.0,0.0,1.0,2.0,3.0,2.0,2.0,3.0,3.0,4.0,3.0,2.0,3.0,6.0,9.0,7.0,3.0,2.0,10.0,9.0,5.0,3.0,4.0,0.0,2.0,4.0,1.0,1.0,2.0,1.0,2.0,2.0,2.0,4.0,4.0,4.0,6.0,8.0,10.0,6.0,4.0,4.0,2.0,4.0,5.0,3.0,1.0,1.0,2.0,3.0,5.0,7.0,4.0,3.0,3.0,5.0,6.0,4.0,1.0,1.0,3.0,5.0,5.0,4.0,10.0,4.0,3.0,3.0,2.0,3.0,3.0,2.0,0.0,1.0,1.0,1.0,1.0,2.0,7.0,2.0,0.0,1.0,4.0,5.0,3.0,1.0,3.0,4.0,4.0,4.0,1.0,4.0,5.0,5.0,7.0,6.0,0.0,1.0,0.0,1.0,1.0,1.0,2.0
Hillcrest,Queens,neighborhood,0.0,0.0,0.0,0.0,0.0,0.0,0.0,0.0,0.0,0.0,0.0,0.0,0.0,0.0,0.0,0.0,0.0,0.0,0.0,0.0,0.0,0.0,0.0,0.0,0.0,0.0,0.0,0.0,0.0,0.0,0.0,0.0,0.0,0.0,1.0,1.0,0.0,0.0,0.0,0.0,0.0,0.0,0.0,0.0,0.0,0.0,0.0,0.0,0.0,0.0,0.0,0.0,0.0,0.0,0.0,0.0,0.0,0.0,0.0,0.0,0.0,0.0,0.0,0.0,0.0,0.0,0.0,0.0,0.0,0.0,0.0,0.0,0.0,0.0,0.0,0.0,0.0,0.0,0.0,0.0,0.0,0.0,0.0,0.0,0.0,0.0,0.0,0.0,0.0,1.0,0.0,0.0,0.0,0.0,0.0,0.0,0.0,0.0,0.0,0.0,0.0,0.0,0.0,0.0,0.0,1.0,0.0,0.0,0.0,0.0,0.0,0.0,0.0,0.0,0.0,0.0,0.0,0.0,0.0,0.0,0.0,0.0,0.0,0.0,0.0,0.0,1.0,0.0,1.0,1.0,0.0,0.0,0.0,0.0,0.0,0.0,0.0,0.0,0.0,0.0,0.0,1.0,0.0,0.0,0.0,2.0,1.0,0.0,0.0,0.0,0.0,1.0,0.0,0.0,0.0,0.0,0.0,0.0,0.0,0.0,0.0,0.0,0.0,0.0,0.0,0.0,0.0,1.0,0.0,0.0,0.0,0.0,0.0,0.0,0.0,0.0,0.0,0.0,0.0,0.0,0.0,1.0,1.0,0.0,0.0,0.0,0.0,0.0,0.0,0.0,0.0,0.0,0.0,0.0,0.0,0.0,0.0,0.0,0.0,0.0
Hollis,Queens,neighborhood,0.0,0.0,0.0,0.0,0.0,0.0,0.0,0.0,0.0,0.0,0.0,0.0,0.0,0.0,0.0,0.0,0.0,0.0,0.0,0.0,0.0,0.0,0.0,0.0,0.0,0.0,0.0,0.0,0.0,0.0,0.0,0.0,0.0,0.0,0.0,0.0,0.0,0.0,0.0,0.0,0.0,0.0,0.0,0.0,0.0,0.0,0.0,0.0,0.0,0.0,0.0,0.0,0.0,0.0,0.0,0.0,0.0,0.0,0.0,0.0,0.0,0.0,0.0,0.0,0.0,0.0,0.0,0.0,0.0,0.0,0.0,0.0,0.0,0.0,1.0,1.0,0.0,0.0,0.0,0.0,0.0,0.0,0.0,0.0,0.0,0.0,0.0,0.0,0.0,0.0,0.0,0.0,0.0,0.0,0.0,0.0,0.0,0.0,0.0,0.0,0.0,0.0,1.0,0.0,1.0,0.0,0.0,0.0,0.0,0.0,0.0,0.0,0.0,0.0,1.0,0.0,0.0,0.0,1.0,0.0,1.0,1.0,1.0,0.0,0.0,0.0,1.0,2.0,0.0,0.0,0.0,0.0,0.0,0.0,0.0,0.0,1.0,0.0,0.0,0.0,0.0,0.0,0.0,0.0,1.0,1.0,0.0,0.0,0.0,0.0,0.0,0.0,0.0,0.0,1.0,0.0,0.0,0.0,0.0,0.0,0.0,0.0,0.0,1.0,3.0,1.0,2.0,2.0,1.0,2.0,1.0,0.0,3.0,4.0,3.0,2.0,3.0,2.0,2.0,3.0,2.0,7.0,2.0,3.0,3.0,4.0,3.0,6.0,7.0,3.0,1.0,3.0,3.0,1.0,4.0,2.0,0.0,3.0,7.0,0.0
Howard Beach,Queens,neighborhood,0.0,0.0,0.0,1.0,1.0,0.0,0.0,0.0,0.0,0.0,0.0,0.0,0.0,0.0,0.0,0.0,0.0,0.0,0.0,0.0,0.0,0.0,0.0,0.0,0.0,0.0,0.0,0.0,0.0,0.0,0.0,0.0,0.0,0.0,0.0,0.0,0.0,0.0,0.0,0.0,0.0,0.0,0.0,0.0,2.0,2.0,2.0,0.0,0.0,0.0,0.0,0.0,0.0,0.0,0.0,0.0,0.0,0.0,0.0,0.0,0.0,0.0,0.0,1.0,1.0,0.0,0.0,0.0,0.0,0.0,0.0,0.0,0.0,0.0,0.0,0.0,0.0,0.0,0.0,0.0,0.0,0.0,0.0,0.0,1.0,1.0,1.0,1.0,0.0,1.0,0.0,0.0,0.0,1.0,1.0,0.0,0.0,0.0,1.0,0.0,1.0,1.0,1.0,0.0,0.0,0.0,1.0,0.0,0.0,0.0,0.0,0.0,0.0,0.0,0.0,0.0,1.0,0.0,0.0,0.0,0.0,0.0,0.0,0.0,0.0,0.0,0.0,1.0,1.0,1.0,1.0,2.0,1.0,1.0,0.0,0.0,1.0,2.0,1.0,0.0,0.0,1.0,1.0,0.0,0.0,0.0,0.0,1.0,1.0,2.0,1.0,0.0,0.0,0.0,2.0,1.0,0.0,1.0,2.0,1.0,2.0,2.0,1.0,1.0,0.0,1.0,0.0,0.0,0.0,0.0,1.0,0.0,1.0,1.0,3.0,1.0,0.0,0.0,0.0,1.0,0.0,0.0,0.0,0.0,0.0,0.0,1.0,0.0,0.0,0.0,1.0,1.0,0.0,0.0,0.0,1.0,1.0,1.0,1.0,0.0
Hunts Point,Bronx,neighborhood,0.0,0.0,0.0,0.0,0.0,0.0,0.0,0.0,0.0,0.0,0.0,0.0,0.0,0.0,0.0,0.0,0.0,0.0,0.0,0.0,0.0,0.0,0.0,0.0,0.0,0.0,0.0,0.0,0.0,0.0,0.0,0.0,0.0,0.0,0.0,0.0,0.0,0.0,0.0,0.0,0.0,0.0,0.0,0.0,0.0,0.0,0.0,0.0,0.0,0.0,0.0,0.0,0.0,0.0,0.0,0.0,0.0,0.0,0.0,0.0,0.0,0.0,0.0,0.0,0.0,0.0,0.0,0.0,0.0,0.0,0.0,0.0,0.0,0.0,0.0,0.0,1.0,1.0,1.0,1.0,1.0,1.0,1.0,0.0,0.0,0.0,0.0,0.0,0.0,0.0,0.0,0.0,0.0,0.0,0.0,0.0,0.0,1.0,1.0,1.0,1.0,1.0,1.0,1.0,1.0,1.0,1.0,1.0,1.0,1.0,1.0,0.0,1.0,1.0,0.0,0.0,0.0,0.0,0.0,0.0,0.0,0.0,0.0,0.0,0.0,0.0,0.0,0.0,1.0,0.0,1.0,0.0,1.0,0.0,0.0,0.0,0.0,0.0,0.0,0.0,0.0,0.0,0.0,0.0,0.0,0.0,0.0,0.0,3.0,0.0,0.0,0.0,0.0,0.0,0.0,0.0,0.0,0.0,0.0,0.0,0.0,0.0,0.0,0.0,0.0,0.0,0.0,1.0,0.0,0.0,0.0,0.0,0.0,0.0,0.0,1.0,0.0,0.0,0.0,0.0,0.0,0.0,0.0,0.0,0.0,0.0,0.0,0.0,0.0,0.0,0.0,0.0,0.0,0.0,0.0,0.0,0.0,0.0,0.0,0.0
Inwood,Manhattan,neighborhood,1.0,0.0,0.0,0.0,1.0,2.0,2.0,3.0,2.0,2.0,2.0,1.0,0.0,0.0,1.0,0.0,1.0,1.0,1.0,2.0,3.0,5.0,7.0,6.0,4.0,5.0,5.0,6.0,6.0,6.0,7.0,4.0,3.0,4.0,5.0,5.0,4.0,4.0,4.0,3.0,3.0,5.0,2.0,3.0,3.0,1.0,1.0,3.0,2.0,3.0,4.0,3.0,4.0,5.0,10.0,8.0,6.0,6.0,3.0,2.0,8.0,8.0,12.0,6.0,3.0,5.0,4.0,5.0,7.0,5.0,4.0,5.0,6.0,8.0,11.0,6.0,6.0,9.0,12.0,10.0,5.0,5.0,6.0,6.0,10.0,14.0,13.0,17.0,12.0,16.0,17.0,13.0,9.0,6.0,9.0,6.0,8.0,9.0,9.0,18.0,25.0,8.0,6.0,6.0,6.0,5.0,6.0,9.0,16.0,12.0,11.0,9.0,14.0,9.0,9.0,13.0,15.0,14.0,5.0,8.0,3.0,7.0,4.0,3.0,9.0,11.0,9.0,11.0,9.0,14.0,15.0,12.0,16.0,12.0,10.0,9.0,8.0,17.0,19.0,22.0,12.0,9.0,17.0,16.0,13.0,12.0,11.0,11.0,7.0,10.0,17.0,17.0,21.0,19.0,16.0,10.0,7.0,12.0,14.0,10.0,13.0,14.0,9.0,8.0,10.0,10.0,6.0,9.0,6.0,9.0,5.0,8.0,7.0,11.0,9.0,6.0,11.0,9.0,7.0,7.0,9.0,11.0,11.0,12.0,18.0,18.0,37.0,16.0,21.0,17.0,24.0,20.0,30.0,23.0,18.0,19.0,14.0,21.0,17.0,19.0
Jackson Heights,Queens,neighborhood,1.0,3.0,4.0,3.0,2.0,2.0,1.0,1.0,1.0,1.0,0.0,0.0,0.0,1.0,1.0,1.0,0.0,0.0,0.0,0.0,1.0,1.0,3.0,4.0,3.0,2.0,2.0,4.0,3.0,4.0,4.0,6.0,4.0,4.0,3.0,4.0,5.0,2.0,2.0,3.0,3.0,2.0,2.0,2.0,4.0,5.0,5.0,6.0,5.0,6.0,13.0,9.0,5.0,7.0,5.0,7.0,3.0,13.0,18.0,17.0,22.0,21.0,28.0,19.0,10.0,11.0,17.0,10.0,16.0,10.0,9.0,9.0,13.0,16.0,18.0,21.0,15.0,13.0,9.0,6.0,9.0,12.0,15.0,17.0,15.0,19.0,30.0,22.0,25.0,28.0,24.0,12.0,10.0,18.0,15.0,12.0,11.0,20.0,26.0,26.0,19.0,14.0,16.0,17.0,16.0,18.0,34.0,26.0,15.0,16.0,20.0,19.0,19.0,20.0,12.0,20.0,18.0,20.0,21.0,39.0,34.0,36.0,25.0,12.0,12.0,25.0,27.0,31.0,27.0,26.0,19.0,35.0,48.0,42.0,50.0,32.0,31.0,28.0,21.0,22.0,28.0,17.0,17.0,13.0,22.0,19.0,21.0,16.0,13.0,16.0,11.0,24.0,17.0,22.0,20.0,22.0,28.0,23.0,30.0,18.0,21.0,17.0,21.0,22.0,19.0,33.0,25.0,20.0,26.0,17.0,9.0,16.0,22.0,16.0,23.0,17.0,25.0,26.0,23.0,12.0,22.0,23.0,22.0,20.0,8.0,15.0,12.0,14.0,17.0,20.0,15.0,11.0,19.0,25.0,26.0,23.0,20.0,16.0,19.0,13.0
Jamaica,Queens,neighborhood,0.0,0.0,0.0,0.0,0.0,0.0,0.0,0.0,0.0,0.0,0.0,0.0,1.0,1.0,0.0,0.0,0.0,0.0,0.0,0.0,0.0,0.0,0.0,0.0,2.0,2.0,2.0,2.0,2.0,3.0,3.0,0.0,0.0,0.0,1.0,1.0,0.0,0.0,0.0,2.0,4.0,5.0,6.0,3.0,2.0,3.0,3.0,1.0,0.0,1.0,1.0,2.0,2.0,1.0,2.0,2.0,1.0,4.0,6.0,5.0,3.0,2.0,2.0,3.0,4.0,3.0,4.0,4.0,2.0,2.0,1.0,0.0,2.0,2.0,2.0,2.0,2.0,1.0,1.0,7.0,9.0,6.0,4.0,4.0,8.0,8.0,8.0,5.0,7.0,7.0,5.0,5.0,6.0,9.0,21.0,18.0,6.0,4.0,6.0,4.0,6.0,5.0,4.0,5.0,6.0,9.0,6.0,7.0,13.0,10.0,12.0,10.0,11.0,15.0,16.0,21.0,14.0,11.0,11.0,14.0,17.0,13.0,11.0,6.0,10.0,11.0,12.0,14.0,17.0,15.0,13.0,17.0,27.0,28.0,28.0,26.0,18.0,26.0,25.0,42.0,31.0,30.0,31.0,24.0,28.0,22.0,23.0,25.0,26.0,18.0,8.0,14.0,21.0,23.0,18.0,23.0,20.0,23.0,18.0,30.0,18.0,16.0,28.0,26.0,32.0,32.0,32.0,26.0,21.0,19.0,22.0,32.0,40.0,26.0,21.0,25.0,42.0,41.0,40.0,42.0,41.0,44.0,37.0,36.0,29.0,30.0,32.0,38.0,44.0,38.0,33.0,32.0,29.0,34.0,35.0,36.0,31.0,33.0,31.0,24.0
Jamaica Estates,Queens,neighborhood,0.0,0.0,0.0,0.0,0.0,0.0,0.0,0.0,0.0,0.0,0.0,0.0,1.0,1.0,1.0,1.0,1.0,0.0,0.0,0.0,0.0,0.0,0.0,0.0,0.0,0.0,0.0,0.0,0.0,0.0,0.0,0.0,0.0,1.0,1.0,1.0,1.0,1.0,0.0,0.0,2.0,1.0,0.0,2.0,1.0,1.0,2.0,1.0,1.0,2.0,3.0,2.0,3.0,4.0,6.0,6.0,4.0,3.0,5.0,4.0,3.0,2.0,3.0,3.0,3.0,3.0,2.0,1.0,3.0,8.0,8.0,3.0,4.0,5.0,8.0,10.0,9.0,5.0,4.0,5.0,8.0,5.0,8.0,6.0,7.0,7.0,8.0,5.0,11.0,9.0,8.0,2.0,2.0,2.0,2.0,3.0,2.0,5.0,3.0,2.0,7.0,2.0,3.0,5.0,6.0,8.0,7.0,2.0,7.0,4.0,5.0,3.0,6.0,6.0,3.0,5.0,5.0,8.0,12.0,4.0,4.0,3.0,2.0,0.0,3.0,5.0,4.0,5.0,5.0,4.0,6.0,7.0,11.0,3.0,3.0,6.0,5.0,5.0,5.0,5.0,4.0,6.0,3.0,3.0,5.0,6.0,14.0,7.0,4.0,7.0,6.0,4.0,5.0,6.0,4.0,10.0,22.0,12.0,16.0,19.0,14.0,12.0,11.0,17.0,9.0,12.0,9.0,9.0,8.0,7.0,10.0,11.0,16.0,15.0,6.0,3.0,7.0,6.0,5.0,5.0,3.0,8.0,6.0,8.0,9.0,6.0,7.0,11.0,9.0,13.0,10.0,8.0,5.0,5.0,6.0,4.0,2.0,7.0,7.0,5.0
Jamaica Hills,Queens,neighborhood,0.0,0.0,0.0,0.0,0.0,0.0,0.0,0.0,0.0,0.0,0.0,0.0,0.0,0.0,0.0,0.0,0.0,0.0,0.0,0.0,1.0,1.0,0.0,0.0,0.0,0.0,0.0,0.0,0.0,0.0,0.0,1.0,1.0,1.0,1.0,1.0,1.0,1.0,1.0,0.0,0.0,0.0,0.0,0.0,0.0,0.0,0.0,0.0,0.0,0.0,0.0,0.0,0.0,0.0,0.0,0.0,0.0,2.0,3.0,2.0,0.0,0.0,0.0,1.0,2.0,3.0,3.0,1.0,0.0,0.0,1.0,2.0,2.0,5.0,0.0,0.0,0.0,0.0,2.0,1.0,2.0,3.0,1.0,2.0,5.0,4.0,4.0,4.0,2.0,2.0,3.0,1.0,1.0,0.0,0.0,0.0,1.0,3.0,3.0,1.0,1.0,3.0,3.0,4.0,1.0,2.0,1.0,0.0,0.0,2.0,4.0,3.0,2.0,2.0,4.0,4.0,3.0,2.0,2.0,3.0,1.0,0.0,1.0,1.0,1.0,2.0,1.0,3.0,3.0,3.0,5.0,2.0,6.0,9.0,6.0,2.0,1.0,1.0,4.0,4.0,6.0,6.0,10.0,5.0,5.0,11.0,18.0,8.0,10.0,1.0,1.0,9.0,9.0,5.0,2.0,0.0,12.0,13.0,9.0,1.0,7.0,5.0,6.0,4.0,7.0,8.0,12.0,11.0,8.0,9.0,8.0,3.0,8.0,9.0,9.0,6.0,7.0,5.0,5.0,5.0,5.0,3.0,8.0,11.0,6.0,3.0,8.0,8.0,7.0,10.0,3.0,7.0,6.0,9.0,7.0,8.0,4.0,4.0,6.0,6.0
Kensington,Brooklyn,neighborhood,3.0,3.0,2.0,1.0,0.0,0.0,0.0,0.0,0.0,0.0,0.0,0.0,0.0,4.0,0.0,1.0,1.0,1.0,2.0,2.0,2.0,2.0,0.0,1.0,2.0,2.0,3.0,3.0,3.0,4.0,10.0,7.0,4.0,2.0,2.0,2.0,5.0,6.0,1.0,1.0,3.0,1.0,1.0,2.0,2.0,4.0,3.0,5.0,7.0,6.0,9.0,8.0,9.0,11.0,13.0,12.0,10.0,12.0,9.0,9.0,11.0,10.0,8.0,8.0,9.0,13.0,17.0,15.0,13.0,11.0,14.0,9.0,6.0,10.0,13.0,12.0,16.0,17.0,16.0,8.0,12.0,13.0,11.0,10.0,14.0,10.0,9.0,13.0,21.0,18.0,22.0,10.0,12.0,18.0,17.0,20.0,19.0,22.0,14.0,23.0,18.0,11.0,17.0,16.0,7.0,14.0,11.0,10.0,15.0,9.0,20.0,8.0,20.0,14.0,12.0,11.0,13.0,14.0,14.0,10.0,11.0,7.0,17.0,13.0,6.0,18.0,18.0,17.0,19.0,13.0,30.0,29.0,24.0,27.0,14.0,40.0,34.0,33.0,24.0,16.0,12.0,13.0,14.0,14.0,17.0,8.0,10.0,20.0,17.0,16.0,18.0,23.0,11.0,9.0,11.0,8.0,6.0,10.0,10.0,10.0,15.0,15.0,13.0,8.0,14.0,13.0,9.0,12.0,17.0,8.0,12.0,5.0,9.0,6.0,14.0,9.0,9.0,12.0,11.0,8.0,14.0,7.0,9.0,18.0,19.0,20.0,33.0,27.0,18.0,12.0,10.0,7.0,16.0,6.0,12.0,18.0,10.0,9.0,21.0,20.0
Kew Gardens,Queens,neighborhood,2.0,6.0,5.0,5.0,4.0,4.0,3.0,2.0,2.0,4.0,4.0,3.0,2.0,1.0,1.0,1.0,4.0,2.0,4.0,6.0,3.0,4.0,3.0,1.0,2.0,3.0,5.0,5.0,2.0,2.0,2.0,2.0,1.0,1.0,2.0,3.0,4.0,3.0,3.0,4.0,3.0,1.0,2.0,3.0,1.0,3.0,8.0,7.0,4.0,11.0,13.0,9.0,8.0,4.0,7.0,7.0,3.0,8.0,16.0,8.0,10.0,9.0,18.0,18.0,17.0,13.0,15.0,13.0,17.0,14.0,18.0,19.0,14.0,11.0,11.0,15.0,21.0,15.0,25.0,21.0,18.0,12.0,10.0,10.0,7.0,15.0,26.0,23.0,37.0,43.0,41.0,8.0,8.0,8.0,9.0,6.0,10.0,16.0,11.0,17.0,21.0,23.0,16.0,19.0,17.0,26.0,15.0,15.0,30.0,19.0,21.0,17.0,15.0,9.0,13.0,14.0,19.0,20.0,20.0,15.0,18.0,13.0,17.0,13.0,13.0,16.0,29.0,32.0,26.0,30.0,12.0,12.0,27.0,18.0,22.0,26.0,27.0,32.0,28.0,27.0,29.0,22.0,16.0,19.0,16.0,19.0,27.0,24.0,15.0,15.0,18.0,20.0,32.0,13.0,13.0,23.0,15.0,22.0,19.0,20.0,24.0,19.0,8.0,5.0,5.0,7.0,17.0,13.0,18.0,8.0,9.0,18.0,17.0,17.0,19.0,13.0,12.0,25.0,26.0,16.0,19.0,11.0,22.0,16.0,20.0,16.0,20.0,11.0,13.0,13.0,11.0,11.0,18.0,15.0,10.0,14.0,12.0,10.0,19.0,15.0
Kew Gardens Hills,Queens,neighborhood,0.0,0.0,0.0,0.0,0.0,0.0,0.0,0.0,0.0,0.0,0.0,0.0,0.0,0.0,1.0,1.0,0.0,0.0,1.0,1.0,0.0,1.0,1.0,1.0,1.0,0.0,1.0,2.0,1.0,1.0,1.0,0.0,0.0,0.0,0.0,3.0,1.0,1.0,0.0,1.0,1.0,1.0,1.0,0.0,0.0,1.0,1.0,1.0,0.0,2.0,1.0,2.0,2.0,1.0,0.0,0.0,0.0,1.0,1.0,1.0,0.0,0.0,0.0,0.0,0.0,0.0,0.0,0.0,0.0,0.0,1.0,1.0,1.0,1.0,1.0,0.0,0.0,3.0,2.0,3.0,2.0,0.0,1.0,2.0,2.0,2.0,3.0,1.0,1.0,2.0,4.0,2.0,3.0,3.0,1.0,3.0,4.0,3.0,4.0,2.0,2.0,2.0,4.0,9.0,5.0,3.0,2.0,1.0,3.0,5.0,4.0,3.0,3.0,1.0,2.0,2.0,0.0,1.0,3.0,4.0,3.0,4.0,4.0,2.0,4.0,3.0,2.0,1.0,0.0,3.0,4.0,2.0,6.0,5.0,7.0,5.0,1.0,4.0,4.0,7.0,8.0,5.0,4.0,2.0,4.0,2.0,0.0,0.0,2.0,3.0,3.0,6.0,4.0,2.0,2.0,1.0,3.0,2.0,3.0,4.0,5.0,4.0,2.0,5.0,5.0,2.0,5.0,5.0,3.0,1.0,2.0,2.0,2.0,1.0,1.0,3.0,4.0,4.0,2.0,3.0,6.0,6.0,9.0,8.0,9.0,5.0,6.0,6.0,8.0,11.0,3.0,1.0,2.0,3.0,2.0,1.0,3.0,6.0,8.0,6.0
Kingsbridge,Bronx,neighborhood,1.0,1.0,6.0,6.0,4.0,4.0,1.0,1.0,0.0,0.0,0.0,0.0,0.0,0.0,0.0,0.0,0.0,0.0,0.0,1.0,1.0,1.0,1.0,1.0,0.0,3.0,4.0,2.0,0.0,0.0,0.0,0.0,0.0,0.0,0.0,0.0,0.0,0.0,0.0,0.0,0.0,0.0,1.0,3.0,4.0,2.0,1.0,1.0,0.0,1.0,1.0,1.0,0.0,0.0,1.0,1.0,2.0,3.0,3.0,4.0,3.0,3.0,5.0,5.0,4.0,2.0,2.0,0.0,2.0,3.0,4.0,4.0,6.0,6.0,2.0,1.0,4.0,2.0,2.0,2.0,5.0,2.0,1.0,4.0,6.0,6.0,6.0,3.0,3.0,4.0,4.0,0.0,3.0,2.0,2.0,0.0,3.0,2.0,7.0,2.0,2.0,5.0,5.0,5.0,3.0,4.0,9.0,3.0,3.0,3.0,5.0,4.0,2.0,3.0,2.0,3.0,4.0,5.0,4.0,1.0,1.0,2.0,4.0,3.0,3.0,3.0,2.0,3.0,4.0,4.0,3.0,2.0,4.0,6.0,5.0,5.0,2.0,4.0,7.0,2.0,3.0,9.0,5.0,1.0,4.0,3.0,2.0,7.0,3.0,2.0,2.0,0.0,2.0,2.0,4.0,2.0,4.0,5.0,5.0,7.0,7.0,7.0,7.0,5.0,2.0,2.0,4.0,3.0,2.0,3.0,1.0,2.0,2.0,6.0,3.0,2.0,5.0,5.0,3.0,3.0,3.0,5.0,4.0,3.0,4.0,4.0,2.0,1.0,1.0,2.0,1.0,1.0,3.0,1.0,1.0,1.0,1.0,3.0,6.0,6.0
Laconia,Bronx,neighborhood,0.0,0.0,0.0,0.0,0.0,0.0,0.0,0.0,0.0,0.0,0.0,0.0,0.0,0.0,0.0,0.0,0.0,0.0,0.0,0.0,0.0,0.0,0.0,0.0,0.0,0.0,0.0,0.0,0.0,0.0,0.0,0.0,0.0,0.0,0.0,0.0,0.0,0.0,0.0,0.0,0.0,0.0,0.0,0.0,0.0,0.0,0.0,0.0,0.0,0.0,0.0,0.0,0.0,0.0,0.0,0.0,0.0,0.0,0.0,0.0,0.0,0.0,0.0,0.0,0.0,0.0,0.0,0.0,0.0,0.0,0.0,0.0,0.0,0.0,0.0,0.0,0.0,0.0,0.0,0.0,0.0,0.0,0.0,0.0,0.0,0.0,0.0,0.0,0.0,0.0,0.0,0.0,0.0,0.0,0.0,0.0,0.0,0.0,0.0,0.0,0.0,0.0,0.0,0.0,0.0,0.0,0.0,0.0,0.0,0.0,0.0,0.0,0.0,0.0,0.0,0.0,0.0,0.0,0.0,0.0,0.0,0.0,0.0,0.0,0.0,0.0,0.0,0.0,0.0,0.0,0.0,0.0,0.0,0.0,0.0,0.0,0.0,0.0,0.0,0.0,0.0,0.0,0.0,0.0,0.0,0.0,0.0,0.0,0.0,0.0,0.0,0.0,0.0,0.0,0.0,0.0,0.0,0.0,0.0,0.0,0.0,0.0,0.0,0.0,0.0,2.0,0.0,0.0,0.0,0.0,0.0,0.0,0.0,0.0,0.0,0.0,0.0,0.0,0.0,0.0,0.0,0.0,0.0,0.0,0.0,0.0,0.0,0.0,0.0,0.0,0.0,0.0,0.0,0.0,0.0,0.0,0.0,0.0,0.0,0.0
Laurelton,Queens,neighborhood,0.0,0.0,0.0,0.0,0.0,0.0,0.0,0.0,0.0,0.0,0.0,0.0,0.0,0.0,0.0,0.0,0.0,0.0,0.0,0.0,0.0,0.0,0.0,0.0,0.0,0.0,0.0,0.0,0.0,0.0,0.0,0.0,0.0,0.0,0.0,0.0,0.0,0.0,0.0,0.0,0.0,0.0,0.0,0.0,0.0,0.0,0.0,0.0,0.0,0.0,0.0,0.0,0.0,0.0,0.0,0.0,0.0,0.0,0.0,0.0,0.0,0.0,0.0,0.0,0.0,0.0,0.0,0.0,0.0,0.0,0.0,0.0,0.0,0.0,0.0,0.0,0.0,0.0,0.0,1.0,0.0,0.0,0.0,0.0,0.0,0.0,0.0,0.0,0.0,0.0,0.0,0.0,0.0,0.0,0.0,0.0,0.0,0.0,1.0,0.0,0.0,0.0,0.0,3.0,3.0,2.0,1.0,1.0,0.0,1.0,0.0,0.0,0.0,0.0,0.0,0.0,0.0,1.0,2.0,1.0,1.0,1.0,0.0,0.0,1.0,1.0,1.0,1.0,1.0,0.0,0.0,0.0,1.0,1.0,0.0,0.0,0.0,0.0,0.0,0.0,0.0,1.0,0.0,0.0,0.0,0.0,0.0,0.0,0.0,0.0,0.0,0.0,0.0,0.0,0.0,0.0,0.0,0.0,1.0,1.0,0.0,0.0,0.0,0.0,0.0,0.0,0.0,0.0,0.0,0.0,0.0,0.0,0.0,0.0,0.0,0.0,0.0,0.0,1.0,1.0,0.0,0.0,1.0,1.0,1.0,1.0,1.0,0.0,0.0,0.0,0.0,0.0,0.0,1.0,2.0,1.0,0.0,0.0,0.0,0.0
Little Italy,Manhattan,neighborhood,10.0,13.0,20.0,18.0,9.0,9.0,10.0,9.0,6.0,5.0,5.0,4.0,5.0,7.0,5.0,2.0,2.0,1.0,0.0,4.0,1.0,1.0,0.0,1.0,3.0,4.0,3.0,3.0,5.0,4.0,3.0,9.0,4.0,2.0,2.0,0.0,3.0,2.0,4.0,5.0,3.0,3.0,4.0,3.0,1.0,2.0,2.0,4.0,2.0,1.0,3.0,5.0,8.0,9.0,6.0,4.0,5.0,2.0,5.0,7.0,5.0,3.0,7.0,11.0,5.0,10.0,9.0,5.0,8.0,7.0,7.0,5.0,7.0,14.0,15.0,10.0,6.0,11.0,9.0,9.0,5.0,9.0,11.0,7.0,6.0,14.0,18.0,11.0,11.0,13.0,17.0,18.0,6.0,6.0,2.0,7.0,8.0,10.0,5.0,6.0,11.0,12.0,12.0,17.0,10.0,12.0,11.0,16.0,9.0,11.0,6.0,12.0,15.0,18.0,16.0,19.0,16.0,13.0,11.0,7.0,8.0,13.0,7.0,13.0,16.0,23.0,22.0,25.0,17.0,23.0,17.0,16.0,20.0,19.0,13.0,15.0,13.0,10.0,14.0,10.0,9.0,10.0,7.0,7.0,5.0,4.0,5.0,6.0,4.0,5.0,8.0,8.0,7.0,6.0,4.0,4.0,7.0,7.0,6.0,6.0,9.0,7.0,8.0,13.0,7.0,5.0,5.0,4.0,8.0,8.0,6.0,7.0,12.0,6.0,9.0,8.0,3.0,4.0,2.0,2.0,3.0,3.0,2.0,5.0,6.0,5.0,11.0,13.0,8.0,7.0,2.0,6.0,5.0,3.0,3.0,5.0,1.0,5.0,4.0,9.0
Little Neck,Queens,neighborhood,0.0,0.0,0.0,0.0,0.0,0.0,0.0,0.0,0.0,0.0,0.0,0.0,0.0,0.0,0.0,0.0,0.0,0.0,0.0,0.0,0.0,0.0,1.0,1.0,0.0,0.0,0.0,0.0,0.0,1.0,1.0,1.0,1.0,1.0,1.0,1.0,1.0,1.0,1.0,1.0,1.0,0.0,0.0,0.0,0.0,0.0,0.0,0.0,0.0,0.0,0.0,0.0,0.0,0.0,0.0,1.0,1.0,1.0,1.0,0.0,0.0,0.0,0.0,0.0,0.0,0.0,0.0,0.0,0.0,0.0,0.0,1.0,1.0,0.0,0.0,0.0,0.0,0.0,0.0,0.0,0.0,0.0,0.0,0.0,0.0,0.0,0.0,0.0,0.0,0.0,0.0,0.0,0.0,0.0,0.0,0.0,0.0,0.0,0.0,0.0,0.0,0.0,0.0,0.0,0.0,0.0,0.0,0.0,0.0,0.0,0.0,1.0,1.0,0.0,0.0,0.0,0.0,0.0,0.0,0.0,0.0,0.0,0.0,0.0,0.0,0.0,0.0,0.0,0.0,0.0,0.0,0.0,0.0,1.0,1.0,0.0,0.0,0.0,0.0,0.0,0.0,0.0,0.0,0.0,0.0,0.0,0.0,0.0,0.0,0.0,0.0,0.0,0.0,0.0,0.0,0.0,0.0,0.0,0.0,0.0,0.0,0.0,0.0,0.0,0.0,0.0,0.0,0.0,0.0,0.0,0.0,0.0,0.0,0.0,0.0,0.0,0.0,0.0,0.0,0.0,0.0,0.0,0.0,0.0,0.0,0.0,0.0,0.0,0.0,0.0,0.0,0.0,0.0,0.0,0.0,0.0,0.0,0.0,0.0,0.0
Long Island City,Queens,neighborhood,11.0,13.0,17.0,19.0,9.0,8.0,15.0,16.0,16.0,13.0,15.0,15.0,13.0,18.0,20.0,19.0,21.0,20.0,18.0,21.0,23.0,23.0,21.0,23.0,32.0,98.0,96.0,86.0,107.0,82.0,62.0,39.0,27.0,24.0,16.0,20.0,25.0,30.0,35.0,41.0,39.0,51.0,51.0,70.0,103.0,88.0,71.0,56.0,67.0,73.0,70.0,368.0,316.0,516.0,267.0,206.0,96.0,59.0,48.0,46.0,49.0,70.0,76.0,86.0,99.0,109.0,119.0,140.0,141.0,124.0,106.0,81.0,79.0,84.0,110.0,143.0,132.0,107.0,135.0,149.0,141.0,136.0,133.0,104.0,101.0,81.0,133.0,144.0,168.0,142.0,159.0,189.0,174.0,168.0,148.0,140.0,132.0,114.0,168.0,174.0,160.0,165.0,154.0,172.0,135.0,160.0,152.0,136.0,162.0,172.0,159.0,150.0,157.0,132.0,134.0,103.0,116.0,146.0,139.0,132.0,152.0,141.0,108.0,123.0,152.0,167.0,215.0,234.0,235.0,242.0,232.0,216.0,246.0,239.0,251.0,320.0,315.0,231.0,179.0,162.0,120.0,118.0,113.0,121.0,135.0,110.0,130.0,105.0,107.0,93.0,124.0,116.0,107.0,105.0,106.0,111.0,166.0,148.0,146.0,134.0,131.0,164.0,159.0,146.0,127.0,106.0,105.0,90.0,118.0,134.0,162.0,186.0,215.0,208.0,233.0,177.0,136.0,165.0,167.0,140.0,151.0,150.0,173.0,225.0,224.0,197.0,229.0,202.0,158.0,181.0,166.0,133.0,163.0,167.0,180.0,209.0,229.0,244.0,267.0,254.0
Longwood,Bronx,neighborhood,0.0,0.0,0.0,0.0,0.0,0.0,0.0,0.0,0.0,0.0,0.0,0.0,0.0,0.0,0.0,0.0,0.0,0.0,0.0,0.0,0.0,0.0,0.0,0.0,0.0,0.0,0.0,1.0,1.0,1.0,1.0,1.0,0.0,0.0,0.0,0.0,0.0,0.0,0.0,0.0,0.0,0.0,0.0,0.0,0.0,0.0,0.0,0.0,0.0,0.0,0.0,0.0,0.0,0.0,0.0,0.0,0.0,0.0,0.0,0.0,0.0,0.0,0.0,0.0,0.0,0.0,0.0,0.0,0.0,0.0,0.0,0.0,0.0,0.0,0.0,0.0,0.0,0.0,0.0,0.0,0.0,0.0,0.0,0.0,0.0,1.0,1.0,1.0,1.0,1.0,0.0,0.0,0.0,0.0,0.0,0.0,0.0,0.0,0.0,0.0,0.0,1.0,2.0,2.0,0.0,0.0,0.0,0.0,0.0,0.0,1.0,2.0,2.0,1.0,1.0,0.0,0.0,0.0,0.0,0.0,0.0,0.0,0.0,0.0,0.0,1.0,0.0,0.0,1.0,2.0,0.0,0.0,1.0,0.0,0.0,0.0,0.0,0.0,0.0,0.0,1.0,1.0,2.0,1.0,0.0,0.0,0.0,0.0,1.0,1.0,0.0,0.0,0.0,0.0,0.0,0.0,0.0,0.0,0.0,0.0,0.0,0.0,1.0,0.0,0.0,0.0,0.0,0.0,1.0,1.0,0.0,0.0,0.0,1.0,0.0,0.0,0.0,0.0,0.0,0.0,0.0,0.0,0.0,0.0,0.0,0.0,0.0,0.0,1.0,1.0,0.0,1.0,1.0,1.0,0.0,0.0,0.0,1.0,2.0,2.0
Lower East Side,Manhattan,neighborhood,31.0,52.0,47.0,44.0,36.0,47.0,36.0,32.0,20.0,19.0,14.0,11.0,8.0,11.0,21.0,23.0,51.0,52.0,46.0,54.0,43.0,43.0,61.0,75.0,98.0,93.0,28.0,24.0,37.0,43.0,33.0,25.0,35.0,30.0,22.0,21.0,34.0,35.0,42.0,56.0,55.0,35.0,47.0,45.0,34.0,35.0,38.0,47.0,53.0,60.0,62.0,58.0,62.0,71.0,81.0,101.0,100.0,73.0,70.0,67.0,67.0,68.0,92.0,84.0,92.0,94.0,75.0,81.0,75.0,71.0,75.0,66.0,68.0,68.0,64.0,70.0,76.0,70.0,63.0,60.0,70.0,62.0,53.0,47.0,59.0,59.0,87.0,105.0,127.0,128.0,116.0,90.0,76.0,67.0,58.0,49.0,57.0,53.0,80.0,81.0,80.0,81.0,84.0,96.0,71.0,64.0,40.0,40.0,65.0,63.0,77.0,73.0,77.0,77.0,110.0,96.0,86.0,55.0,38.0,40.0,55.0,49.0,34.0,50.0,93.0,158.0,198.0,206.0,196.0,192.0,182.0,138.0,143.0,148.0,123.0,135.0,123.0,119.0,106.0,67.0,58.0,56.0,66.0,76.0,51.0,55.0,52.0,48.0,62.0,80.0,86.0,107.0,68.0,66.0,68.0,70.0,59.0,51.0,67.0,88.0,91.0,77.0,94.0,91.0,69.0,68.0,77.0,88.0,75.0,56.0,61.0,73.0,68.0,94.0,98.0,106.0,82.0,88.0,55.0,61.0,49.0,49.0,58.0,65.0,86.0,98.0,94.0,104.0,84.0,72.0,57.0,50.0,60.0,45.0,58.0,71.0,73.0,77.0,75.0,82.0
Manhattan,Manhattan,borough,2873.0,3037.0,3160.0,3174.0,3015.0,3103.0,2899.0,2838.0,2304.0,2195.0,2091.0,2007.0,2130.0,2060.0,2339.0,2352.0,2491.0,2634.0,2599.0,2597.0,2224.0,2152.0,2037.0,1998.0,2216.0,2270.0,2436.0,2470.0,2606.0,2840.0,2983.0,2818.0,2398.0,2371.0,2253.0,2228.0,2529.0,2521.0,2864.0,3175.0,3329.0,3320.0,3561.0,3434.0,3049.0,3113.0,2915.0,3013.0,3272.0,3253.0,3597.0,3701.0,4109.0,4140.0,4320.0,4121.0,3663.0,3513.0,3244.0,3264.0,3485.0,3314.0,3811.0,4013.0,4105.0,4438.0,4480.0,4228.0,3639.0,3533.0,3351.0,3330.0,3596.0,3698.0,4040.0,4207.0,4374.0,4657.0,4594.0,4728.0,4088.0,3984.0,3885.0,3576.0,3974.0,3933.0,4496.0,4538.0,5069.0,5300.0,4979.0,4288.0,3912.0,3822.0,3509.0,3275.0,3580.0,3449.0,3721.0,3901.0,4393.0,4497.0,4569.0,4520.0,3763.0,3712.0,3302.0,3022.0,3425.0,3261.0,3732.0,4043.0,4171.0,4115.0,4247.0,3965.0,3281.0,3164.0,2656.0,2485.0,2746.0,2591.0,2397.0,2391.0,3904.0,5443.0,7133.0,7789.0,7930.0,8172.0,7498.0,6892.0,7114.0,6705.0,7023.0,6772.0,6215.0,5896.0,4938.0,4003.0,2938.0,2665.0,2256.0,1910.0,1904.0,1877.0,2232.0,2228.0,2589.0,2870.0,3076.0,3124.0,2681.0,2574.0,2509.0,2292.0,2521.0,2300.0,2682.0,2755.0,3312.0,3591.0,3641.0,3819.0,3276.0,3274.0,2838.0,2591.0,2803.0,2730.0,2924.0,3112.0,3523.0,3724.0,4021.0,3744.0,3268.0,3102.0,2679.0,2432.0,2723.0,2565.0,2938.0,3263.0,3627.0,3546.0,3726.0,3361.0,3110.0,2932.0,2556.0,2413.0,2629.0,2499.0,2966.0,3143.0,3302.0,3595.0,3688.0,3452.0
Manhattan Beach,Brooklyn,neighborhood,0.0,0.0,0.0,0.0,0.0,0.0,0.0,0.0,0.0,0.0,0.0,0.0,0.0,0.0,0.0,0.0,0.0,0.0,0.0,0.0,0.0,0.0,0.0,1.0,1.0,1.0,0.0,0.0,0.0,0.0,1.0,1.0,1.0,1.0,1.0,1.0,1.0,0.0,0.0,0.0,0.0,0.0,0.0,0.0,0.0,0.0,0.0,0.0,0.0,0.0,0.0,0.0,0.0,0.0,0.0,0.0,0.0,1.0,1.0,1.0,1.0,1.0,1.0,0.0,0.0,0.0,0.0,0.0,0.0,0.0,0.0,0.0,0.0,0.0,0.0,0.0,0.0,0.0,0.0,0.0,0.0,0.0,0.0,0.0,0.0,1.0,1.0,0.0,0.0,0.0,0.0,0.0,0.0,0.0,0.0,0.0,0.0,0.0,1.0,1.0,0.0,0.0,0.0,0.0,0.0,0.0,0.0,0.0,0.0,0.0,0.0,0.0,0.0,0.0,0.0,0.0,0.0,0.0,0.0,1.0,0.0,0.0,0.0,0.0,0.0,0.0,0.0,0.0,0.0,0.0,0.0,0.0,0.0,0.0,0.0,0.0,0.0,0.0,0.0,0.0,0.0,0.0,0.0,0.0,0.0,0.0,0.0,0.0,0.0,0.0,0.0,0.0,0.0,0.0,0.0,0.0,0.0,0.0,0.0,0.0,0.0,0.0,0.0,0.0,0.0,0.0,0.0,0.0,0.0,0.0,0.0,0.0,0.0,0.0,0.0,0.0,0.0,0.0,0.0,0.0,0.0,0.0,0.0,0.0,0.0,0.0,0.0,0.0,0.0,0.0,0.0,0.0,0.0,0.0,0.0,0.0,0.0,0.0,0.0,0.0
Marble Hill,Manhattan,neighborhood,0.0,0.0,0.0,0.0,0.0,0.0,0.0,0.0,0.0,0.0,0.0,0.0,0.0,0.0,0.0,0.0,0.0,0.0,0.0,0.0,0.0,0.0,0.0,0.0,0.0,0.0,0.0,0.0,0.0,0.0,0.0,0.0,0.0,0.0,0.0,0.0,0.0,0.0,0.0,0.0,0.0,0.0,0.0,0.0,0.0,0.0,0.0,1.0,2.0,1.0,0.0,0.0,0.0,0.0,0.0,0.0,0.0,3.0,2.0,1.0,1.0,0.0,0.0,0.0,0.0,1.0,0.0,2.0,0.0,0.0,0.0,1.0,1.0,1.0,1.0,0.0,0.0,0.0,1.0,2.0,1.0,0.0,0.0,0.0,1.0,1.0,1.0,1.0,1.0,1.0,2.0,2.0,2.0,2.0,0.0,0.0,0.0,0.0,0.0,0.0,0.0,1.0,2.0,4.0,3.0,1.0,0.0,0.0,0.0,1.0,0.0,0.0,1.0,1.0,2.0,1.0,0.0,0.0,0.0,0.0,0.0,0.0,0.0,0.0,1.0,0.0,0.0,2.0,1.0,1.0,2.0,2.0,2.0,2.0,3.0,1.0,1.0,3.0,2.0,2.0,2.0,1.0,1.0,1.0,2.0,2.0,1.0,1.0,2.0,3.0,1.0,0.0,0.0,0.0,0.0,0.0,0.0,0.0,1.0,2.0,2.0,1.0,1.0,0.0,0.0,0.0,1.0,1.0,0.0,0.0,0.0,0.0,0.0,0.0,0.0,1.0,0.0,1.0,1.0,0.0,0.0,0.0,0.0,0.0,0.0,0.0,0.0,0.0,0.0,0.0,0.0,0.0,0.0,0.0,0.0,0.0,0.0,0.0,0.0,0.0
Marine Park,Brooklyn,neighborhood,0.0,0.0,0.0,0.0,0.0,0.0,0.0,0.0,0.0,0.0,0.0,0.0,0.0,1.0,1.0,1.0,1.0,1.0,1.0,1.0,0.0,1.0,0.0,0.0,0.0,0.0,0.0,0.0,0.0,0.0,0.0,0.0,0.0,0.0,0.0,0.0,0.0,0.0,0.0,0.0,0.0,0.0,0.0,0.0,0.0,2.0,2.0,2.0,2.0,1.0,1.0,1.0,1.0,2.0,1.0,1.0,1.0,0.0,0.0,1.0,1.0,1.0,1.0,1.0,1.0,2.0,2.0,3.0,1.0,1.0,1.0,2.0,1.0,0.0,0.0,0.0,0.0,1.0,1.0,1.0,1.0,1.0,1.0,1.0,2.0,3.0,2.0,2.0,3.0,3.0,1.0,0.0,0.0,1.0,1.0,0.0,0.0,0.0,0.0,0.0,0.0,0.0,1.0,0.0,0.0,0.0,0.0,0.0,0.0,2.0,1.0,0.0,0.0,0.0,1.0,1.0,0.0,0.0,0.0,0.0,1.0,0.0,0.0,0.0,0.0,0.0,0.0,0.0,0.0,0.0,1.0,1.0,1.0,1.0,1.0,0.0,0.0,0.0,1.0,0.0,0.0,0.0,0.0,0.0,0.0,1.0,1.0,1.0,0.0,0.0,0.0,0.0,0.0,0.0,0.0,0.0,0.0,0.0,0.0,0.0,0.0,0.0,0.0,1.0,1.0,0.0,0.0,0.0,0.0,0.0,0.0,0.0,0.0,0.0,0.0,0.0,0.0,0.0,1.0,2.0,1.0,1.0,2.0,0.0,0.0,0.0,0.0,0.0,0.0,0.0,0.0,0.0,0.0,0.0,0.0,0.0,0.0,1.0,1.0,0.0
Maspeth,Queens,neighborhood,0.0,0.0,0.0,0.0,0.0,0.0,0.0,0.0,0.0,0.0,0.0,0.0,0.0,0.0,0.0,0.0,0.0,0.0,0.0,0.0,0.0,0.0,1.0,1.0,1.0,0.0,0.0,0.0,0.0,0.0,0.0,0.0,0.0,1.0,1.0,1.0,0.0,0.0,0.0,0.0,0.0,0.0,0.0,0.0,0.0,0.0,0.0,0.0,0.0,0.0,1.0,1.0,0.0,0.0,0.0,2.0,2.0,1.0,0.0,2.0,2.0,0.0,0.0,1.0,0.0,2.0,3.0,0.0,4.0,11.0,8.0,3.0,0.0,0.0,0.0,0.0,3.0,3.0,1.0,1.0,0.0,0.0,0.0,1.0,1.0,1.0,1.0,1.0,1.0,1.0,1.0,2.0,1.0,0.0,2.0,4.0,0.0,0.0,0.0,0.0,0.0,0.0,0.0,0.0,0.0,0.0,0.0,1.0,1.0,1.0,0.0,0.0,2.0,0.0,1.0,1.0,1.0,0.0,0.0,1.0,0.0,0.0,1.0,2.0,1.0,1.0,1.0,5.0,2.0,1.0,0.0,0.0,4.0,1.0,2.0,1.0,3.0,0.0,2.0,2.0,4.0,1.0,0.0,0.0,1.0,0.0,1.0,1.0,1.0,0.0,0.0,0.0,0.0,3.0,0.0,1.0,1.0,2.0,2.0,1.0,1.0,3.0,5.0,1.0,1.0,1.0,4.0,0.0,4.0,3.0,1.0,0.0,2.0,2.0,1.0,2.0,2.0,0.0,0.0,0.0,0.0,2.0,1.0,0.0,0.0,0.0,0.0,0.0,0.0,2.0,3.0,5.0,5.0,4.0,2.0,1.0,1.0,4.0,4.0,1.0
Melrose,Bronx,neighborhood,0.0,0.0,0.0,0.0,0.0,0.0,0.0,0.0,0.0,0.0,0.0,0.0,0.0,0.0,0.0,0.0,0.0,0.0,0.0,0.0,2.0,4.0,6.0,4.0,1.0,0.0,0.0,0.0,0.0,0.0,0.0,0.0,0.0,0.0,0.0,0.0,0.0,0.0,0.0,0.0,0.0,0.0,0.0,0.0,0.0,0.0,1.0,1.0,1.0,1.0,1.0,1.0,1.0,1.0,2.0,0.0,1.0,0.0,0.0,0.0,0.0,1.0,1.0,1.0,1.0,0.0,1.0,1.0,0.0,0.0,0.0,0.0,0.0,0.0,1.0,2.0,2.0,1.0,0.0,0.0,0.0,0.0,0.0,1.0,0.0,0.0,0.0,0.0,0.0,0.0,0.0,1.0,1.0,1.0,0.0,0.0,2.0,0.0,0.0,0.0,0.0,0.0,0.0,3.0,3.0,5.0,1.0,2.0,2.0,1.0,1.0,3.0,2.0,0.0,0.0,1.0,1.0,1.0,1.0,1.0,1.0,0.0,0.0,0.0,1.0,0.0,0.0,3.0,0.0,1.0,1.0,1.0,0.0,2.0,2.0,0.0,0.0,0.0,0.0,0.0,1.0,0.0,2.0,2.0,3.0,3.0,0.0,1.0,6.0,3.0,2.0,1.0,0.0,2.0,0.0,0.0,0.0,1.0,2.0,0.0,0.0,0.0,0.0,0.0,0.0,0.0,1.0,1.0,1.0,0.0,1.0,0.0,1.0,2.0,2.0,1.0,1.0,1.0,0.0,0.0,0.0,0.0,0.0,0.0,5.0,3.0,0.0,0.0,0.0,0.0,1.0,1.0,0.0,0.0,0.0,0.0,0.0,1.0,1.0,0.0
Middle Village,Queens,neighborhood,1.0,1.0,1.0,1.0,0.0,0.0,0.0,0.0,0.0,0.0,0.0,0.0,0.0,0.0,0.0,0.0,0.0,0.0,0.0,0.0,0.0,0.0,0.0,0.0,0.0,0.0,0.0,0.0,0.0,0.0,0.0,0.0,0.0,0.0,0.0,0.0,0.0,0.0,0.0,0.0,0.0,1.0,1.0,0.0,0.0,0.0,0.0,0.0,0.0,0.0,0.0,0.0,0.0,0.0,0.0,0.0,0.0,0.0,0.0,0.0,0.0,0.0,0.0,1.0,0.0,0.0,2.0,2.0,0.0,1.0,0.0,0.0,0.0,0.0,0.0,0.0,1.0,1.0,1.0,1.0,1.0,0.0,0.0,0.0,0.0,0.0,0.0,1.0,1.0,1.0,1.0,0.0,1.0,0.0,1.0,3.0,2.0,1.0,0.0,0.0,1.0,1.0,0.0,1.0,0.0,1.0,2.0,1.0,0.0,0.0,0.0,0.0,1.0,1.0,0.0,1.0,3.0,1.0,1.0,1.0,1.0,0.0,0.0,0.0,0.0,0.0,0.0,0.0,2.0,3.0,2.0,0.0,0.0,1.0,1.0,2.0,3.0,1.0,1.0,2.0,1.0,0.0,0.0,0.0,0.0,0.0,2.0,1.0,1.0,0.0,0.0,2.0,4.0,1.0,1.0,1.0,1.0,2.0,2.0,6.0,6.0,3.0,2.0,2.0,2.0,3.0,2.0,3.0,2.0,2.0,3.0,2.0,2.0,2.0,3.0,0.0,1.0,1.0,3.0,0.0,3.0,3.0,2.0,3.0,2.0,4.0,7.0,4.0,2.0,1.0,3.0,3.0,1.0,0.0,1.0,2.0,2.0,2.0,5.0,3.0
Midtown,Manhattan,neighborhood,72.0,69.0,66.0,67.0,58.0,70.0,63.0,59.0,57.0,60.0,55.0,66.0,76.0,71.0,79.0,71.0,78.0,78.0,79.0,82.0,74.0,50.0,42.0,42.0,52.0,56.0,59.0,67.0,59.0,55.0,61.0,56.0,63.0,62.0,68.0,59.0,65.0,50.0,63.0,68.0,84.0,91.0,112.0,93.0,77.0,86.0,84.0,84.0,88.0,96.0,99.0,98.0,85.0,70.0,83.0,102.0,79.0,80.0,84.0,84.0,69.0,75.0,92.0,96.0,98.0,98.0,88.0,91.0,88.0,84.0,78.0,81.0,83.0,70.0,105.0,122.0,111.0,112.0,106.0,105.0,99.0,111.0,105.0,89.0,94.0,67.0,81.0,75.0,82.0,95.0,89.0,100.0,74.0,70.0,64.0,63.0,62.0,55.0,70.0,71.0,80.0,90.0,81.0,84.0,84.0,75.0,53.0,65.0,81.0,79.0,89.0,91.0,81.0,70.0,70.0,66.0,66.0,72.0,71.0,65.0,79.0,58.0,56.0,50.0,70.0,100.0,121.0,116.0,132.0,153.0,135.0,113.0,155.0,118.0,137.0,140.0,110.0,99.0,79.0,74.0,55.0,53.0,51.0,28.0,33.0,37.0,48.0,50.0,52.0,56.0,56.0,77.0,66.0,58.0,48.0,49.0,52.0,54.0,63.0,57.0,57.0,67.0,66.0,59.0,58.0,63.0,55.0,54.0,68.0,64.0,85.0,65.0,71.0,72.0,71.0,67.0,49.0,67.0,67.0,55.0,64.0,61.0,52.0,44.0,47.0,57.0,77.0,76.0,71.0,72.0,62.0,68.0,78.0,66.0,75.0,72.0,63.0,64.0,64.0,68.0
Midtown East,Manhattan,neighborhood,415.0,475.0,478.0,513.0,486.0,485.0,432.0,446.0,368.0,324.0,278.0,286.0,290.0,275.0,305.0,320.0,351.0,312.0,310.0,332.0,300.0,289.0,271.0,246.0,276.0,322.0,352.0,356.0,370.0,374.0,382.0,375.0,339.0,341.0,317.0,311.0,338.0,309.0,336.0,384.0,426.0,452.0,493.0,465.0,426.0,453.0,432.0,429.0,468.0,457.0,489.0,491.0,504.0,537.0,617.0,554.0,532.0,516.0,404.0,472.0,456.0,459.0,486.0,503.0,489.0,540.0,552.0,499.0,426.0,449.0,403.0,396.0,465.0,477.0,524.0,514.0,569.0,598.0,584.0,631.0,542.0,530.0,519.0,443.0,523.0,557.0,625.0,616.0,657.0,693.0,699.0,595.0,583.0,569.0,516.0,496.0,486.0,504.0,526.0,505.0,629.0,572.0,587.0,613.0,564.0,532.0,453.0,422.0,488.0,454.0,504.0,575.0,590.0,524.0,567.0,564.0,428.0,417.0,368.0,371.0,384.0,360.0,317.0,284.0,464.0,690.0,951.0,1077.0,1109.0,1139.0,1066.0,1010.0,1036.0,981.0,979.0,972.0,885.0,813.0,679.0,552.0,419.0,363.0,302.0,256.0,215.0,242.0,274.0,293.0,357.0,371.0,412.0,486.0,410.0,394.0,381.0,309.0,364.0,324.0,360.0,377.0,448.0,503.0,513.0,574.0,503.0,489.0,408.0,366.0,394.0,368.0,400.0,419.0,490.0,517.0,591.0,567.0,506.0,455.0,365.0,346.0,376.0,375.0,387.0,466.0,505.0,479.0,501.0,459.0,473.0,455.0,400.0,365.0,374.0,348.0,434.0,447.0,452.0,486.0,503.0,510.0
Midtown South,Manhattan,neighborhood,49.0,45.0,45.0,48.0,49.0,40.0,41.0,29.0,22.0,27.0,26.0,23.0,25.0,28.0,31.0,29.0,33.0,43.0,31.0,37.0,40.0,43.0,51.0,53.0,45.0,48.0,42.0,20.0,31.0,42.0,39.0,40.0,37.0,34.0,34.0,32.0,33.0,42.0,45.0,48.0,43.0,63.0,49.0,50.0,52.0,60.0,64.0,61.0,70.0,63.0,63.0,72.0,67.0,63.0,81.0,80.0,68.0,80.0,79.0,69.0,83.0,94.0,88.0,88.0,100.0,82.0,84.0,66.0,65.0,56.0,49.0,54.0,68.0,68.0,85.0,80.0,83.0,91.0,73.0,77.0,71.0,73.0,67.0,77.0,91.0,80.0,91.0,80.0,87.0,82.0,76.0,58.0,52.0,62.0,64.0,78.0,56.0,52.0,70.0,69.0,87.0,75.0,77.0,62.0,50.0,61.0,51.0,53.0,71.0,65.0,75.0,92.0,64.0,51.0,70.0,67.0,51.0,60.0,52.0,48.0,53.0,43.0,45.0,42.0,73.0,93.0,139.0,150.0,122.0,119.0,126.0,126.0,118.0,117.0,135.0,121.0,101.0,84.0,71.0,37.0,33.0,34.0,38.0,17.0,22.0,24.0,37.0,38.0,40.0,50.0,65.0,74.0,69.0,60.0,63.0,43.0,41.0,44.0,50.0,59.0,70.0,71.0,86.0,82.0,61.0,70.0,63.0,64.0,52.0,49.0,61.0,65.0,85.0,87.0,77.0,83.0,60.0,56.0,57.0,56.0,66.0,55.0,68.0,79.0,90.0,85.0,84.0,70.0,75.0,71.0,63.0,54.0,56.0,60.0,64.0,74.0,63.0,94.0,104.0,93.0
Midtown West,Manhattan,neighborhood,190.0,207.0,193.0,220.0,213.0,212.0,196.0,174.0,157.0,151.0,138.0,120.0,132.0,144.0,164.0,182.0,210.0,200.0,194.0,211.0,172.0,172.0,164.0,158.0,183.0,197.0,195.0,183.0,212.0,248.0,232.0,213.0,196.0,191.0,177.0,166.0,194.0,183.0,206.0,231.0,247.0,235.0,268.0,271.0,229.0,211.0,215.0,234.0,264.0,261.0,286.0,321.0,334.0,304.0,321.0,331.0,297.0,301.0,298.0,270.0,265.0,257.0,286.0,307.0,305.0,356.0,373.0,377.0,334.0,359.0,332.0,356.0,361.0,357.0,380.0,381.0,375.0,399.0,402.0,405.0,360.0,330.0,346.0,321.0,369.0,374.0,467.0,449.0,480.0,455.0,413.0,344.0,311.0,307.0,320.0,320.0,367.0,340.0,346.0,365.0,363.0,399.0,392.0,401.0,328.0,354.0,354.0,324.0,374.0,315.0,343.0,361.0,380.0,361.0,354.0,301.0,288.0,343.0,264.0,253.0,264.0,253.0,249.0,257.0,358.0,489.0,627.0,662.0,690.0,727.0,663.0,602.0,595.0,558.0,599.0,582.0,574.0,519.0,384.0,340.0,275.0,238.0,198.0,157.0,166.0,176.0,236.0,210.0,207.0,223.0,282.0,317.0,242.0,245.0,257.0,225.0,270.0,235.0,282.0,293.0,321.0,368.0,362.0,347.0,312.0,313.0,269.0,285.0,287.0,279.0,314.0,327.0,364.0,365.0,390.0,346.0,339.0,339.0,310.0,276.0,322.0,294.0,337.0,364.0,367.0,353.0,383.0,356.0,325.0,304.0,296.0,294.0,294.0,271.0,273.0,339.0,341.0,355.0,392.0,354.0
Midwood,Brooklyn,neighborhood,0.0,0.0,0.0,0.0,0.0,0.0,0.0,0.0,1.0,1.0,0.0,1.0,2.0,3.0,6.0,4.0,8.0,6.0,7.0,9.0,4.0,2.0,3.0,3.0,2.0,4.0,3.0,2.0,2.0,2.0,3.0,3.0,2.0,8.0,4.0,4.0,1.0,4.0,11.0,8.0,6.0,4.0,6.0,9.0,7.0,4.0,1.0,3.0,4.0,3.0,3.0,4.0,5.0,4.0,7.0,9.0,10.0,9.0,10.0,11.0,12.0,12.0,9.0,11.0,16.0,9.0,9.0,12.0,17.0,16.0,7.0,4.0,7.0,8.0,7.0,10.0,13.0,11.0,7.0,4.0,5.0,8.0,9.0,8.0,15.0,15.0,21.0,16.0,21.0,15.0,18.0,9.0,9.0,14.0,19.0,15.0,19.0,15.0,25.0,24.0,23.0,17.0,26.0,24.0,15.0,18.0,10.0,11.0,12.0,22.0,11.0,20.0,23.0,34.0,38.0,41.0,18.0,17.0,16.0,14.0,14.0,14.0,15.0,25.0,14.0,32.0,38.0,20.0,13.0,26.0,24.0,34.0,37.0,40.0,35.0,23.0,28.0,38.0,38.0,30.0,24.0,18.0,16.0,22.0,24.0,22.0,20.0,11.0,17.0,18.0,15.0,19.0,26.0,10.0,16.0,13.0,15.0,22.0,15.0,15.0,18.0,19.0,14.0,22.0,11.0,10.0,13.0,11.0,11.0,16.0,22.0,21.0,16.0,22.0,32.0,23.0,14.0,18.0,15.0,10.0,19.0,14.0,15.0,19.0,19.0,27.0,29.0,42.0,41.0,21.0,22.0,11.0,19.0,23.0,20.0,12.0,18.0,24.0,26.0,22.0
Mill Basin,Brooklyn,neighborhood,0.0,0.0,0.0,0.0,0.0,0.0,0.0,0.0,0.0,0.0,0.0,0.0,0.0,0.0,0.0,0.0,0.0,0.0,0.0,0.0,0.0,0.0,0.0,0.0,0.0,0.0,0.0,0.0,0.0,0.0,0.0,0.0,0.0,0.0,0.0,0.0,0.0,0.0,0.0,0.0,0.0,0.0,0.0,0.0,0.0,0.0,0.0,0.0,0.0,0.0,0.0,0.0,0.0,0.0,0.0,0.0,0.0,0.0,0.0,0.0,0.0,0.0,0.0,0.0,0.0,0.0,0.0,0.0,0.0,0.0,0.0,0.0,0.0,0.0,0.0,0.0,0.0,0.0,0.0,0.0,0.0,0.0,0.0,0.0,0.0,1.0,1.0,0.0,0.0,1.0,1.0,0.0,0.0,0.0,0.0,0.0,1.0,1.0,0.0,0.0,0.0,0.0,0.0,1.0,0.0,0.0,0.0,0.0,0.0,0.0,0.0,0.0,0.0,0.0,0.0,0.0,0.0,0.0,0.0,0.0,0.0,0.0,0.0,0.0,0.0,0.0,0.0,0.0,0.0,0.0,0.0,0.0,0.0,0.0,0.0,0.0,0.0,0.0,0.0,0.0,0.0,0.0,0.0,0.0,0.0,0.0,0.0,0.0,0.0,1.0,0.0,0.0,0.0,0.0,0.0,0.0,0.0,0.0,0.0,0.0,0.0,0.0,0.0,0.0,0.0,0.0,0.0,0.0,0.0,0.0,0.0,0.0,0.0,0.0,0.0,0.0,0.0,0.0,0.0,0.0,0.0,0.0,0.0,0.0,0.0,0.0,0.0,0.0,0.0,0.0,0.0,0.0,0.0,0.0,0.0,0.0,0.0,0.0,0.0,0.0
Morningside Heights,Manhattan,neighborhood,3.0,5.0,8.0,8.0,4.0,2.0,5.0,4.0,2.0,0.0,0.0,0.0,2.0,2.0,6.0,4.0,1.0,5.0,1.0,2.0,2.0,1.0,1.0,2.0,1.0,1.0,2.0,3.0,5.0,9.0,13.0,10.0,5.0,4.0,4.0,5.0,8.0,4.0,5.0,7.0,11.0,11.0,17.0,15.0,7.0,3.0,5.0,4.0,7.0,7.0,9.0,11.0,18.0,20.0,20.0,15.0,9.0,11.0,8.0,7.0,4.0,6.0,6.0,14.0,12.0,19.0,15.0,15.0,14.0,9.0,12.0,9.0,11.0,9.0,8.0,14.0,23.0,27.0,26.0,22.0,16.0,11.0,9.0,8.0,10.0,9.0,10.0,11.0,15.0,24.0,18.0,14.0,12.0,9.0,9.0,6.0,8.0,8.0,6.0,13.0,16.0,27.0,20.0,19.0,16.0,18.0,11.0,9.0,14.0,20.0,19.0,19.0,18.0,25.0,26.0,18.0,18.0,15.0,11.0,14.0,11.0,13.0,14.0,19.0,25.0,42.0,41.0,41.0,38.0,48.0,36.0,34.0,32.0,35.0,33.0,32.0,32.0,32.0,20.0,13.0,11.0,8.0,4.0,7.0,5.0,6.0,8.0,16.0,15.0,12.0,16.0,17.0,8.0,8.0,10.0,10.0,11.0,10.0,20.0,21.0,22.0,14.0,20.0,16.0,4.0,5.0,8.0,11.0,7.0,5.0,14.0,18.0,15.0,16.0,27.0,19.0,9.0,10.0,12.0,12.0,15.0,8.0,16.0,24.0,36.0,43.0,27.0,9.0,7.0,5.0,9.0,17.0,12.0,14.0,21.0,32.0,39.0,29.0,34.0,29.0
Morris Heights,Bronx,neighborhood,0.0,0.0,0.0,0.0,0.0,0.0,0.0,0.0,0.0,0.0,0.0,0.0,0.0,0.0,0.0,0.0,0.0,0.0,0.0,0.0,0.0,0.0,0.0,0.0,0.0,0.0,0.0,0.0,0.0,0.0,0.0,0.0,0.0,0.0,0.0,0.0,0.0,0.0,0.0,0.0,0.0,0.0,0.0,0.0,0.0,0.0,0.0,0.0,0.0,0.0,0.0,0.0,2.0,1.0,0.0,0.0,0.0,0.0,0.0,0.0,2.0,2.0,2.0,1.0,0.0,1.0,1.0,0.0,0.0,0.0,0.0,0.0,0.0,0.0,0.0,0.0,0.0,0.0,0.0,0.0,1.0,1.0,1.0,1.0,1.0,0.0,0.0,0.0,0.0,0.0,2.0,3.0,1.0,1.0,0.0,0.0,0.0,1.0,2.0,1.0,1.0,1.0,0.0,1.0,2.0,1.0,0.0,0.0,0.0,0.0,1.0,2.0,1.0,1.0,1.0,0.0,1.0,1.0,2.0,2.0,2.0,1.0,0.0,0.0,0.0,2.0,1.0,3.0,4.0,3.0,4.0,2.0,0.0,0.0,0.0,0.0,0.0,0.0,0.0,0.0,0.0,0.0,0.0,0.0,0.0,0.0,0.0,0.0,0.0,0.0,0.0,0.0,0.0,0.0,0.0,0.0,1.0,1.0,1.0,0.0,0.0,0.0,0.0,0.0,1.0,0.0,0.0,0.0,0.0,0.0,0.0,0.0,1.0,0.0,0.0,0.0,1.0,1.0,1.0,0.0,0.0,0.0,0.0,0.0,0.0,0.0,0.0,0.0,0.0,1.0,1.0,1.0,1.0,1.0,1.0,1.0,0.0,0.0,0.0,1.0
Morris Park,Bronx,neighborhood,1.0,1.0,1.0,0.0,0.0,0.0,0.0,0.0,0.0,0.0,0.0,0.0,1.0,0.0,0.0,0.0,0.0,0.0,0.0,0.0,0.0,0.0,0.0,0.0,0.0,0.0,0.0,0.0,1.0,1.0,1.0,1.0,1.0,1.0,0.0,0.0,0.0,0.0,0.0,0.0,0.0,0.0,1.0,2.0,1.0,0.0,1.0,1.0,1.0,1.0,1.0,1.0,1.0,1.0,5.0,8.0,4.0,6.0,5.0,3.0,4.0,5.0,4.0,7.0,6.0,6.0,2.0,4.0,4.0,2.0,4.0,10.0,12.0,9.0,6.0,8.0,8.0,8.0,6.0,3.0,2.0,1.0,3.0,4.0,3.0,1.0,3.0,4.0,4.0,0.0,1.0,2.0,1.0,2.0,1.0,2.0,0.0,4.0,5.0,2.0,3.0,2.0,2.0,2.0,3.0,3.0,4.0,2.0,1.0,0.0,3.0,4.0,3.0,1.0,2.0,4.0,4.0,2.0,1.0,0.0,1.0,1.0,0.0,0.0,0.0,1.0,2.0,6.0,5.0,1.0,1.0,7.0,4.0,2.0,2.0,1.0,1.0,3.0,2.0,2.0,2.0,1.0,2.0,0.0,3.0,2.0,1.0,2.0,2.0,5.0,1.0,0.0,1.0,2.0,3.0,5.0,5.0,2.0,2.0,3.0,2.0,1.0,1.0,0.0,0.0,0.0,3.0,4.0,2.0,0.0,0.0,0.0,1.0,1.0,1.0,0.0,1.0,3.0,1.0,0.0,0.0,1.0,1.0,1.0,3.0,1.0,1.0,0.0,1.0,3.0,3.0,1.0,0.0,0.0,0.0,0.0,0.0,0.0,0.0,1.0
Morrisania,Bronx,neighborhood,0.0,0.0,0.0,0.0,0.0,0.0,0.0,0.0,0.0,0.0,0.0,0.0,0.0,0.0,0.0,0.0,0.0,0.0,0.0,0.0,0.0,0.0,0.0,0.0,0.0,0.0,0.0,0.0,0.0,0.0,0.0,0.0,0.0,0.0,0.0,0.0,0.0,0.0,0.0,0.0,0.0,0.0,0.0,0.0,0.0,0.0,0.0,0.0,0.0,0.0,0.0,0.0,0.0,0.0,0.0,1.0,3.0,4.0,2.0,1.0,0.0,0.0,1.0,2.0,3.0,2.0,1.0,0.0,0.0,0.0,1.0,1.0,1.0,1.0,0.0,0.0,0.0,0.0,0.0,1.0,1.0,1.0,0.0,1.0,1.0,1.0,1.0,1.0,1.0,0.0,0.0,0.0,2.0,2.0,0.0,0.0,0.0,0.0,0.0,1.0,0.0,0.0,0.0,1.0,1.0,0.0,0.0,0.0,0.0,0.0,0.0,0.0,0.0,0.0,0.0,0.0,0.0,0.0,0.0,0.0,0.0,0.0,0.0,0.0,0.0,0.0,1.0,2.0,2.0,1.0,1.0,1.0,1.0,0.0,0.0,0.0,0.0,0.0,0.0,0.0,0.0,0.0,0.0,0.0,1.0,1.0,0.0,0.0,0.0,0.0,0.0,0.0,0.0,1.0,0.0,0.0,0.0,0.0,0.0,0.0,0.0,0.0,1.0,1.0,2.0,2.0,0.0,0.0,0.0,0.0,0.0,0.0,0.0,0.0,0.0,0.0,1.0,1.0,1.0,0.0,0.0,0.0,0.0,0.0,1.0,0.0,0.0,0.0,0.0,0.0,2.0,3.0,0.0,0.0,0.0,0.0,0.0,0.0,0.0,0.0
Mott Haven,Bronx,neighborhood,1.0,1.0,1.0,0.0,0.0,0.0,0.0,0.0,0.0,0.0,0.0,0.0,0.0,0.0,0.0,3.0,5.0,5.0,1.0,0.0,0.0,0.0,0.0,0.0,0.0,0.0,0.0,0.0,0.0,0.0,0.0,0.0,0.0,0.0,0.0,0.0,0.0,0.0,0.0,2.0,2.0,1.0,1.0,2.0,0.0,0.0,0.0,2.0,1.0,0.0,1.0,2.0,4.0,11.0,17.0,8.0,4.0,3.0,3.0,3.0,2.0,2.0,1.0,1.0,1.0,3.0,1.0,2.0,1.0,0.0,0.0,0.0,0.0,0.0,2.0,2.0,0.0,0.0,1.0,1.0,0.0,0.0,0.0,2.0,3.0,2.0,1.0,6.0,6.0,5.0,8.0,6.0,8.0,10.0,6.0,4.0,5.0,4.0,7.0,3.0,4.0,5.0,4.0,6.0,8.0,14.0,12.0,13.0,13.0,9.0,12.0,13.0,15.0,13.0,16.0,11.0,7.0,10.0,10.0,10.0,8.0,4.0,13.0,12.0,11.0,13.0,12.0,13.0,22.0,16.0,13.0,14.0,21.0,23.0,23.0,24.0,18.0,26.0,34.0,32.0,19.0,16.0,18.0,16.0,16.0,14.0,29.0,28.0,35.0,31.0,42.0,33.0,34.0,34.0,34.0,28.0,40.0,50.0,48.0,40.0,53.0,54.0,52.0,61.0,68.0,51.0,53.0,45.0,59.0,58.0,61.0,44.0,61.0,69.0,70.0,76.0,60.0,56.0,37.0,33.0,50.0,47.0,46.0,57.0,72.0,80.0,88.0,91.0,149.0,139.0,60.0,72.0,66.0,73.0,75.0,55.0,62.0,52.0,54.0,52.0
NYC,,city,3158.0,3356.0,3496.0,3507.0,3313.0,3405.0,3204.0,3123.0,2521.0,2405.0,2336.0,2263.0,2390.0,2344.0,2612.0,2652.0,2840.0,2988.0,2952.0,2929.0,2552.0,2494.0,2365.0,2277.0,2488.0,2622.0,2820.0,2851.0,3069.0,3278.0,3407.0,3224.0,2798.0,2749.0,2608.0,2582.0,2923.0,2935.0,3256.0,3626.0,3792.0,3789.0,4075.0,3969.0,3588.0,3704.0,3487.0,3634.0,3968.0,3985.0,4391.0,4896.0,5462.0,5576.0,5581.0,5316.0,4704.0,4531.0,4252.0,4304.0,4671.0,4534.0,5044.0,5297.0,5390.0,5769.0,5888.0,5624.0,4982.0,4805.0,4476.0,4390.0,4747.0,4814.0,5329.0,5499.0,5733.0,6100.0,6079.0,6284.0,5582.0,5379.0,5340.0,4954.0,5512.0,5465.0,6315.0,6400.0,7289.0,7525.0,7144.0,5979.0,5472.0,5503.0,5025.0,4633.0,5160.0,5093.0,5573.0,5722.0,6397.0,6574.0,6549.0,6559.0,5430.0,5665.0,5159.0,4723.0,5399.0,5140.0,5627.0,5845.0,6191.0,6035.0,6212.0,5845.0,4961.0,4780.0,4119.0,3835.0,4306.0,4020.0,3656.0,3537.0,5654.0,7983.0,10092.0,10981.0,11157.0,11459.0,10531.0,9817.0,10331.0,9653.0,10205.0,10012.0,9248.0,8752.0,7543.0,6364.0,4780.0,4434.0,3900.0,3317.0,3313.0,3211.0,3782.0,3633.0,4125.0,4410.0,4671.0,4702.0,4131.0,4054.0,4007.0,3643.0,4122.0,3851.0,4397.0,4257.0,4966.0,5351.0,5442.0,5695.0,4931.0,5029.0,4488.0,4022.0,4442.0,4346.0,4650.0,4825.0,5621.0,5864.0,6330.0,6035.0,5462.0,5200.0,4589.0,4088.0,4663.0,4400.0,4886.0,5258.0,5780.0,5670.0,6093.0,5765.0,5468.0,5277.0,4581.0,4325.0,4551.0,4292.0,5009.0,5088.0,5364.0,5823.0,6118.0,5800.0
New Hyde Park,Queens,neighborhood,0.0,0.0,0.0,0.0,0.0,0.0,0.0,0.0,0.0,0.0,0.0,0.0,0.0,0.0,0.0,0.0,0.0,0.0,0.0,0.0,0.0,0.0,0.0,0.0,0.0,0.0,0.0,0.0,0.0,0.0,0.0,0.0,0.0,0.0,0.0,0.0,0.0,0.0,0.0,0.0,0.0,0.0,0.0,0.0,0.0,0.0,0.0,0.0,0.0,0.0,0.0,0.0,0.0,0.0,0.0,0.0,0.0,0.0,0.0,0.0,0.0,0.0,0.0,0.0,0.0,0.0,0.0,0.0,0.0,0.0,0.0,0.0,0.0,0.0,0.0,0.0,0.0,0.0,0.0,0.0,0.0,0.0,0.0,0.0,0.0,0.0,0.0,0.0,0.0,0.0,0.0,0.0,0.0,0.0,0.0,0.0,0.0,0.0,0.0,0.0,0.0,0.0,0.0,0.0,0.0,0.0,0.0,0.0,0.0,0.0,0.0,0.0,0.0,0.0,0.0,0.0,0.0,0.0,0.0,0.0,0.0,0.0,0.0,0.0,0.0,0.0,0.0,0.0,0.0,0.0,0.0,0.0,0.0,0.0,0.0,0.0,0.0,0.0,0.0,0.0,0.0,0.0,0.0,0.0,0.0,0.0,0.0,0.0,0.0,0.0,0.0,0.0,0.0,0.0,0.0,0.0,0.0,0.0,0.0,0.0,0.0,0.0,0.0,0.0,0.0,0.0,0.0,0.0,0.0,0.0,0.0,0.0,0.0,0.0,0.0,0.0,0.0,0.0,0.0,0.0,0.0,0.0,0.0,0.0,0.0,0.0,0.0,0.0,0.0,0.0,0.0,0.0,0.0,0.0,0.0,0.0,0.0,0.0,0.0,0.0
Nolita,Manhattan,neighborhood,11.0,16.0,20.0,24.0,13.0,14.0,17.0,13.0,17.0,9.0,7.0,6.0,12.0,9.0,13.0,17.0,14.0,13.0,12.0,7.0,1.0,2.0,2.0,3.0,2.0,6.0,9.0,8.0,8.0,6.0,16.0,12.0,7.0,8.0,11.0,8.0,8.0,11.0,7.0,13.0,20.0,13.0,15.0,10.0,6.0,15.0,8.0,8.0,15.0,11.0,8.0,13.0,12.0,15.0,20.0,18.0,13.0,12.0,14.0,13.0,11.0,12.0,8.0,11.0,15.0,9.0,11.0,15.0,14.0,10.0,9.0,12.0,12.0,9.0,13.0,14.0,14.0,10.0,10.0,13.0,11.0,11.0,12.0,11.0,15.0,15.0,21.0,14.0,18.0,16.0,20.0,12.0,12.0,13.0,12.0,10.0,15.0,17.0,18.0,12.0,16.0,18.0,21.0,16.0,13.0,13.0,10.0,11.0,15.0,11.0,11.0,15.0,14.0,10.0,12.0,13.0,15.0,12.0,8.0,4.0,6.0,9.0,8.0,6.0,26.0,27.0,22.0,25.0,30.0,31.0,24.0,25.0,25.0,28.0,36.0,27.0,16.0,6.0,14.0,17.0,7.0,8.0,6.0,6.0,5.0,8.0,6.0,4.0,6.0,6.0,5.0,14.0,5.0,7.0,8.0,7.0,5.0,3.0,9.0,16.0,11.0,10.0,8.0,12.0,10.0,9.0,6.0,3.0,4.0,7.0,10.0,12.0,18.0,20.0,10.0,8.0,5.0,6.0,7.0,5.0,11.0,5.0,8.0,10.0,13.0,14.0,14.0,10.0,9.0,16.0,15.0,9.0,10.0,5.0,8.0,5.0,10.0,15.0,17.0,6.0
North Corona,Queens,neighborhood,0.0,0.0,0.0,0.0,0.0,0.0,0.0,0.0,0.0,0.0,0.0,0.0,0.0,0.0,0.0,0.0,0.0,0.0,0.0,0.0,0.0,0.0,0.0,0.0,0.0,0.0,0.0,0.0,0.0,0.0,0.0,0.0,0.0,0.0,0.0,0.0,0.0,0.0,0.0,0.0,0.0,0.0,0.0,0.0,1.0,1.0,1.0,1.0,1.0,1.0,1.0,1.0,1.0,0.0,0.0,0.0,0.0,0.0,0.0,0.0,0.0,0.0,1.0,0.0,0.0,0.0,0.0,0.0,0.0,0.0,0.0,0.0,0.0,0.0,1.0,2.0,2.0,1.0,0.0,1.0,1.0,0.0,0.0,0.0,0.0,0.0,0.0,0.0,0.0,0.0,0.0,0.0,0.0,0.0,1.0,0.0,0.0,2.0,2.0,1.0,1.0,0.0,1.0,1.0,2.0,2.0,1.0,4.0,1.0,1.0,2.0,2.0,1.0,1.0,2.0,2.0,2.0,1.0,1.0,0.0,0.0,0.0,1.0,0.0,2.0,1.0,0.0,0.0,1.0,1.0,0.0,0.0,1.0,2.0,1.0,0.0,0.0,1.0,1.0,4.0,2.0,0.0,0.0,0.0,2.0,2.0,0.0,0.0,3.0,1.0,0.0,1.0,0.0,0.0,1.0,1.0,1.0,1.0,0.0,0.0,1.0,0.0,0.0,0.0,1.0,0.0,1.0,1.0,1.0,2.0,2.0,2.0,1.0,0.0,3.0,3.0,1.0,1.0,2.0,0.0,0.0,0.0,0.0,1.0,4.0,4.0,2.0,2.0,5.0,3.0,2.0,1.0,1.0,0.0,0.0,1.0,2.0,1.0,2.0,1.0
Norwood,Bronx,neighborhood,0.0,0.0,0.0,1.0,0.0,0.0,0.0,0.0,0.0,0.0,0.0,0.0,0.0,0.0,1.0,1.0,0.0,0.0,0.0,0.0,0.0,0.0,1.0,1.0,0.0,0.0,0.0,0.0,0.0,1.0,2.0,1.0,0.0,0.0,0.0,0.0,0.0,0.0,0.0,0.0,1.0,0.0,1.0,2.0,2.0,3.0,4.0,2.0,2.0,2.0,2.0,2.0,2.0,2.0,4.0,5.0,5.0,5.0,5.0,1.0,2.0,4.0,5.0,6.0,4.0,2.0,4.0,5.0,1.0,3.0,3.0,10.0,13.0,9.0,5.0,5.0,7.0,8.0,7.0,8.0,5.0,4.0,4.0,7.0,8.0,5.0,5.0,3.0,4.0,3.0,1.0,1.0,0.0,0.0,0.0,4.0,3.0,2.0,2.0,4.0,6.0,5.0,5.0,2.0,1.0,1.0,1.0,2.0,2.0,5.0,14.0,1.0,6.0,11.0,5.0,2.0,1.0,1.0,4.0,3.0,1.0,2.0,1.0,0.0,0.0,3.0,2.0,1.0,2.0,2.0,3.0,2.0,2.0,2.0,2.0,4.0,1.0,5.0,6.0,3.0,4.0,1.0,2.0,3.0,1.0,1.0,2.0,1.0,0.0,0.0,3.0,7.0,5.0,3.0,4.0,3.0,2.0,2.0,1.0,1.0,1.0,0.0,1.0,3.0,2.0,1.0,3.0,2.0,6.0,2.0,2.0,2.0,1.0,1.0,0.0,0.0,3.0,1.0,6.0,6.0,1.0,0.0,1.0,1.0,0.0,4.0,6.0,6.0,0.0,0.0,1.0,1.0,1.0,0.0,2.0,4.0,7.0,0.0,1.0,5.0
Oakland Gardens,Queens,neighborhood,0.0,0.0,0.0,0.0,0.0,0.0,0.0,0.0,0.0,0.0,0.0,0.0,0.0,0.0,0.0,0.0,0.0,0.0,0.0,0.0,0.0,0.0,0.0,0.0,0.0,0.0,0.0,0.0,0.0,0.0,0.0,0.0,0.0,0.0,0.0,0.0,0.0,0.0,0.0,0.0,0.0,0.0,0.0,0.0,0.0,0.0,0.0,0.0,0.0,0.0,0.0,0.0,0.0,0.0,0.0,0.0,0.0,0.0,0.0,0.0,0.0,0.0,0.0,0.0,0.0,0.0,0.0,0.0,0.0,0.0,0.0,0.0,0.0,0.0,0.0,0.0,0.0,0.0,0.0,0.0,0.0,0.0,0.0,0.0,0.0,1.0,1.0,0.0,2.0,2.0,1.0,0.0,0.0,1.0,0.0,0.0,0.0,0.0,0.0,0.0,0.0,0.0,0.0,0.0,0.0,2.0,1.0,1.0,1.0,0.0,0.0,0.0,0.0,1.0,0.0,0.0,0.0,0.0,0.0,0.0,1.0,0.0,0.0,0.0,0.0,0.0,0.0,0.0,0.0,0.0,0.0,0.0,0.0,0.0,0.0,1.0,0.0,0.0,1.0,1.0,0.0,0.0,0.0,0.0,1.0,0.0,0.0,0.0,0.0,0.0,0.0,0.0,0.0,0.0,0.0,0.0,0.0,0.0,0.0,0.0,0.0,1.0,1.0,1.0,0.0,0.0,2.0,2.0,0.0,0.0,0.0,0.0,0.0,0.0,0.0,0.0,1.0,0.0,0.0,0.0,0.0,0.0,0.0,0.0,0.0,0.0,0.0,0.0,0.0,0.0,1.0,0.0,0.0,0.0,1.0,1.0,0.0,0.0,1.0,1.0
Old Mill Basin,Brooklyn,neighborhood,0.0,0.0,0.0,0.0,0.0,0.0,0.0,0.0,0.0,0.0,0.0,0.0,0.0,0.0,0.0,0.0,0.0,0.0,0.0,0.0,0.0,0.0,0.0,0.0,0.0,0.0,0.0,0.0,0.0,0.0,0.0,0.0,1.0,1.0,0.0,0.0,0.0,0.0,0.0,0.0,0.0,0.0,0.0,0.0,0.0,0.0,0.0,0.0,0.0,0.0,0.0,0.0,0.0,0.0,0.0,0.0,0.0,0.0,0.0,0.0,0.0,0.0,0.0,0.0,0.0,0.0,0.0,0.0,0.0,0.0,0.0,0.0,0.0,0.0,0.0,0.0,0.0,0.0,0.0,0.0,0.0,0.0,0.0,0.0,0.0,1.0,0.0,0.0,0.0,0.0,0.0,0.0,0.0,0.0,0.0,0.0,0.0,0.0,0.0,0.0,0.0,0.0,0.0,0.0,0.0,0.0,0.0,0.0,0.0,0.0,0.0,0.0,0.0,0.0,0.0,0.0,0.0,0.0,0.0,0.0,0.0,0.0,0.0,0.0,0.0,0.0,0.0,0.0,0.0,0.0,0.0,0.0,0.0,0.0,0.0,0.0,0.0,0.0,0.0,0.0,0.0,0.0,0.0,0.0,0.0,0.0,0.0,0.0,0.0,0.0,0.0,0.0,0.0,0.0,0.0,0.0,0.0,0.0,0.0,0.0,0.0,0.0,0.0,0.0,1.0,0.0,0.0,2.0,2.0,0.0,0.0,0.0,0.0,0.0,0.0,0.0,0.0,0.0,0.0,0.0,0.0,0.0,1.0,1.0,1.0,0.0,0.0,0.0,0.0,0.0,0.0,0.0,0.0,0.0,0.0,0.0,0.0,0.0,0.0,0.0
Ozone Park,Queens,neighborhood,0.0,0.0,0.0,0.0,0.0,0.0,0.0,0.0,0.0,0.0,0.0,0.0,0.0,0.0,0.0,0.0,0.0,0.0,0.0,0.0,0.0,0.0,0.0,0.0,0.0,0.0,0.0,0.0,0.0,0.0,0.0,0.0,0.0,0.0,0.0,0.0,0.0,0.0,0.0,0.0,0.0,0.0,0.0,0.0,0.0,0.0,0.0,0.0,0.0,0.0,0.0,0.0,0.0,0.0,0.0,0.0,0.0,0.0,0.0,0.0,0.0,0.0,0.0,0.0,0.0,0.0,1.0,1.0,1.0,1.0,1.0,1.0,1.0,1.0,0.0,0.0,0.0,0.0,1.0,0.0,0.0,0.0,0.0,0.0,0.0,0.0,0.0,0.0,0.0,0.0,0.0,0.0,0.0,0.0,0.0,0.0,0.0,1.0,1.0,2.0,6.0,7.0,4.0,6.0,9.0,5.0,2.0,2.0,1.0,5.0,2.0,0.0,2.0,0.0,0.0,0.0,0.0,0.0,1.0,0.0,0.0,0.0,0.0,0.0,0.0,0.0,0.0,0.0,0.0,0.0,0.0,0.0,0.0,0.0,1.0,1.0,0.0,0.0,0.0,0.0,0.0,0.0,0.0,0.0,0.0,0.0,0.0,0.0,0.0,0.0,0.0,0.0,0.0,0.0,0.0,1.0,0.0,0.0,0.0,0.0,0.0,0.0,0.0,0.0,0.0,0.0,0.0,1.0,1.0,1.0,2.0,1.0,2.0,1.0,2.0,0.0,1.0,1.0,0.0,0.0,1.0,2.0,1.0,4.0,1.0,0.0,0.0,0.0,0.0,0.0,0.0,0.0,0.0,0.0,0.0,0.0,0.0,4.0,4.0,1.0
Park Slope,Brooklyn,neighborhood,17.0,16.0,14.0,19.0,14.0,16.0,15.0,13.0,3.0,7.0,8.0,12.0,11.0,8.0,15.0,20.0,18.0,24.0,28.0,20.0,13.0,11.0,9.0,12.0,12.0,13.0,15.0,10.0,12.0,14.0,15.0,14.0,13.0,14.0,11.0,17.0,27.0,21.0,21.0,25.0,26.0,30.0,28.0,31.0,20.0,36.0,29.0,28.0,37.0,32.0,31.0,45.0,64.0,59.0,57.0,55.0,56.0,55.0,45.0,45.0,46.0,60.0,77.0,69.0,69.0,76.0,75.0,76.0,81.0,64.0,40.0,26.0,34.0,57.0,78.0,81.0,89.0,82.0,76.0,69.0,63.0,62.0,47.0,37.0,52.0,58.0,69.0,81.0,79.0,89.0,100.0,73.0,64.0,73.0,77.0,49.0,57.0,70.0,102.0,86.0,99.0,108.0,113.0,83.0,71.0,73.0,63.0,56.0,64.0,61.0,74.0,80.0,94.0,81.0,73.0,81.0,64.0,46.0,38.0,36.0,47.0,48.0,36.0,26.0,46.0,97.0,134.0,162.0,148.0,159.0,128.0,116.0,131.0,116.0,141.0,137.0,118.0,109.0,106.0,84.0,49.0,45.0,39.0,35.0,29.0,26.0,29.0,39.0,43.0,58.0,48.0,33.0,26.0,30.0,41.0,36.0,32.0,22.0,22.0,37.0,46.0,54.0,60.0,62.0,54.0,51.0,38.0,28.0,22.0,30.0,29.0,21.0,47.0,73.0,70.0,61.0,54.0,48.0,26.0,24.0,42.0,51.0,43.0,35.0,48.0,50.0,50.0,46.0,54.0,49.0,50.0,41.0,36.0,30.0,28.0,35.0,44.0,37.0,46.0,55.0
Parkchester,Bronx,neighborhood,0.0,0.0,0.0,0.0,0.0,0.0,0.0,0.0,0.0,0.0,0.0,0.0,0.0,0.0,0.0,0.0,1.0,0.0,0.0,0.0,0.0,0.0,0.0,0.0,0.0,0.0,0.0,0.0,0.0,0.0,0.0,0.0,0.0,0.0,0.0,0.0,0.0,0.0,0.0,0.0,0.0,0.0,0.0,0.0,0.0,0.0,0.0,0.0,0.0,0.0,0.0,0.0,0.0,0.0,0.0,0.0,1.0,1.0,0.0,0.0,1.0,1.0,2.0,2.0,2.0,3.0,0.0,0.0,0.0,1.0,1.0,0.0,0.0,0.0,0.0,0.0,0.0,0.0,0.0,1.0,1.0,0.0,0.0,0.0,0.0,1.0,1.0,0.0,0.0,0.0,0.0,0.0,0.0,0.0,0.0,0.0,0.0,0.0,1.0,0.0,0.0,0.0,0.0,0.0,0.0,0.0,0.0,0.0,0.0,0.0,1.0,2.0,1.0,0.0,0.0,0.0,0.0,0.0,0.0,0.0,0.0,0.0,0.0,0.0,0.0,0.0,0.0,0.0,0.0,0.0,0.0,1.0,1.0,1.0,1.0,1.0,0.0,0.0,0.0,0.0,0.0,0.0,1.0,1.0,0.0,4.0,3.0,1.0,1.0,1.0,0.0,0.0,0.0,1.0,0.0,0.0,1.0,1.0,1.0,2.0,1.0,2.0,3.0,3.0,1.0,2.0,0.0,0.0,0.0,1.0,1.0,2.0,2.0,1.0,1.0,0.0,1.0,0.0,0.0,2.0,3.0,0.0,1.0,1.0,1.0,1.0,1.0,2.0,3.0,1.0,1.0,1.0,0.0,0.0,0.0,0.0,2.0,2.0,1.0,2.0
Pelham Bay,Bronx,neighborhood,1.0,1.0,1.0,0.0,0.0,0.0,0.0,0.0,0.0,0.0,0.0,0.0,0.0,0.0,0.0,0.0,0.0,0.0,0.0,0.0,0.0,0.0,0.0,0.0,0.0,0.0,0.0,0.0,0.0,0.0,0.0,1.0,1.0,1.0,2.0,2.0,0.0,1.0,1.0,1.0,0.0,0.0,0.0,0.0,0.0,0.0,0.0,0.0,0.0,0.0,0.0,0.0,0.0,0.0,1.0,2.0,1.0,0.0,0.0,0.0,0.0,0.0,0.0,0.0,0.0,0.0,1.0,0.0,0.0,0.0,0.0,1.0,0.0,0.0,0.0,0.0,0.0,1.0,1.0,0.0,1.0,3.0,6.0,5.0,5.0,6.0,0.0,0.0,2.0,2.0,1.0,2.0,2.0,3.0,0.0,2.0,2.0,0.0,1.0,2.0,4.0,4.0,3.0,2.0,2.0,0.0,7.0,4.0,2.0,4.0,3.0,1.0,1.0,0.0,0.0,2.0,1.0,2.0,1.0,0.0,0.0,1.0,0.0,0.0,0.0,0.0,0.0,1.0,0.0,0.0,0.0,1.0,1.0,3.0,3.0,2.0,3.0,4.0,4.0,4.0,2.0,1.0,2.0,1.0,2.0,0.0,1.0,1.0,0.0,0.0,1.0,1.0,0.0,1.0,1.0,1.0,0.0,0.0,0.0,1.0,0.0,1.0,1.0,1.0,1.0,0.0,2.0,2.0,3.0,0.0,0.0,0.0,0.0,1.0,1.0,0.0,0.0,0.0,0.0,2.0,2.0,2.0,1.0,0.0,0.0,2.0,3.0,2.0,1.0,1.0,1.0,3.0,1.0,0.0,1.0,0.0,1.0,1.0,1.0,0.0
Pelham Gardens,Bronx,neighborhood,0.0,0.0,0.0,0.0,0.0,0.0,0.0,0.0,0.0,0.0,0.0,0.0,0.0,0.0,0.0,0.0,0.0,0.0,0.0,0.0,0.0,0.0,0.0,0.0,0.0,0.0,0.0,0.0,0.0,0.0,0.0,0.0,0.0,0.0,0.0,0.0,0.0,0.0,0.0,0.0,0.0,0.0,0.0,0.0,0.0,0.0,0.0,0.0,0.0,0.0,1.0,1.0,0.0,0.0,0.0,0.0,0.0,0.0,0.0,0.0,0.0,0.0,0.0,0.0,0.0,0.0,0.0,0.0,0.0,0.0,0.0,1.0,2.0,3.0,3.0,2.0,1.0,0.0,0.0,0.0,1.0,1.0,0.0,1.0,1.0,1.0,2.0,1.0,1.0,0.0,0.0,0.0,0.0,1.0,1.0,0.0,0.0,0.0,0.0,0.0,0.0,0.0,0.0,0.0,0.0,0.0,0.0,0.0,0.0,0.0,0.0,1.0,0.0,0.0,1.0,0.0,0.0,1.0,1.0,1.0,1.0,1.0,0.0,0.0,1.0,0.0,0.0,0.0,0.0,0.0,0.0,0.0,0.0,0.0,0.0,0.0,1.0,0.0,0.0,1.0,0.0,0.0,1.0,0.0,0.0,0.0,0.0,0.0,0.0,0.0,1.0,1.0,0.0,0.0,0.0,0.0,0.0,0.0,0.0,0.0,1.0,1.0,1.0,1.0,0.0,0.0,0.0,0.0,0.0,0.0,1.0,1.0,0.0,1.0,0.0,1.0,0.0,0.0,0.0,1.0,1.0,1.0,1.0,0.0,1.0,2.0,2.0,1.0,0.0,1.0,0.0,0.0,0.0,0.0,1.0,0.0,0.0,0.0,0.0,0.0
Pelham Parkway,Bronx,neighborhood,0.0,0.0,0.0,0.0,0.0,0.0,0.0,0.0,0.0,0.0,0.0,0.0,0.0,0.0,0.0,0.0,0.0,0.0,0.0,0.0,0.0,0.0,0.0,1.0,1.0,1.0,1.0,0.0,0.0,0.0,0.0,0.0,0.0,0.0,1.0,0.0,0.0,0.0,0.0,0.0,0.0,0.0,0.0,0.0,0.0,0.0,0.0,0.0,0.0,0.0,0.0,0.0,0.0,0.0,0.0,0.0,0.0,0.0,1.0,1.0,0.0,0.0,0.0,0.0,0.0,1.0,1.0,1.0,0.0,0.0,0.0,0.0,0.0,0.0,0.0,0.0,0.0,0.0,0.0,0.0,0.0,0.0,0.0,0.0,0.0,0.0,1.0,1.0,1.0,2.0,0.0,0.0,1.0,1.0,0.0,0.0,0.0,0.0,0.0,2.0,2.0,0.0,1.0,2.0,1.0,1.0,0.0,1.0,1.0,0.0,0.0,0.0,2.0,1.0,1.0,3.0,1.0,0.0,0.0,1.0,1.0,2.0,1.0,1.0,2.0,0.0,0.0,0.0,3.0,2.0,0.0,3.0,2.0,1.0,1.0,0.0,0.0,0.0,2.0,0.0,0.0,0.0,1.0,2.0,1.0,0.0,3.0,3.0,8.0,9.0,0.0,0.0,0.0,0.0,3.0,4.0,3.0,2.0,6.0,3.0,4.0,0.0,6.0,2.0,2.0,3.0,3.0,2.0,2.0,1.0,1.0,0.0,1.0,2.0,2.0,8.0,10.0,5.0,0.0,1.0,0.0,0.0,0.0,1.0,1.0,1.0,3.0,2.0,5.0,2.0,1.0,0.0,0.0,0.0,0.0,1.0,2.0,2.0,1.0,1.0
Pomonok,Queens,neighborhood,0.0,0.0,0.0,0.0,0.0,0.0,0.0,0.0,0.0,0.0,0.0,0.0,0.0,0.0,0.0,0.0,0.0,0.0,0.0,0.0,0.0,0.0,0.0,0.0,0.0,0.0,0.0,0.0,0.0,0.0,0.0,0.0,0.0,0.0,0.0,0.0,0.0,0.0,1.0,1.0,0.0,0.0,0.0,0.0,0.0,0.0,0.0,0.0,0.0,0.0,0.0,0.0,0.0,0.0,0.0,1.0,1.0,0.0,0.0,0.0,0.0,0.0,0.0,0.0,0.0,0.0,0.0,0.0,1.0,1.0,0.0,0.0,0.0,0.0,0.0,0.0,0.0,0.0,0.0,0.0,0.0,0.0,0.0,0.0,0.0,0.0,0.0,0.0,0.0,0.0,0.0,0.0,0.0,0.0,0.0,0.0,0.0,0.0,0.0,0.0,0.0,0.0,1.0,1.0,1.0,1.0,2.0,0.0,1.0,0.0,0.0,2.0,0.0,0.0,0.0,1.0,0.0,0.0,0.0,0.0,0.0,0.0,0.0,0.0,0.0,0.0,1.0,0.0,0.0,0.0,0.0,0.0,0.0,0.0,1.0,1.0,0.0,0.0,1.0,1.0,0.0,1.0,1.0,1.0,1.0,5.0,3.0,2.0,2.0,1.0,2.0,3.0,2.0,0.0,1.0,3.0,0.0,0.0,0.0,0.0,0.0,0.0,1.0,0.0,0.0,0.0,0.0,0.0,0.0,0.0,0.0,0.0,0.0,0.0,0.0,0.0,0.0,0.0,0.0,0.0,0.0,0.0,0.0,0.0,0.0,0.0,0.0,1.0,1.0,0.0,0.0,0.0,0.0,0.0,2.0,0.0,0.0,0.0,0.0,1.0
Port Morris,Bronx,neighborhood,0.0,0.0,0.0,0.0,2.0,2.0,2.0,2.0,2.0,0.0,0.0,0.0,0.0,0.0,0.0,0.0,0.0,0.0,0.0,0.0,0.0,0.0,0.0,0.0,0.0,0.0,0.0,0.0,0.0,0.0,0.0,0.0,0.0,0.0,0.0,0.0,0.0,0.0,0.0,0.0,0.0,0.0,0.0,0.0,0.0,0.0,0.0,0.0,0.0,0.0,0.0,0.0,0.0,0.0,0.0,0.0,0.0,0.0,0.0,0.0,0.0,0.0,0.0,0.0,0.0,0.0,0.0,0.0,0.0,0.0,0.0,0.0,0.0,0.0,0.0,0.0,0.0,0.0,0.0,0.0,1.0,1.0,2.0,1.0,1.0,1.0,1.0,0.0,0.0,0.0,0.0,0.0,1.0,1.0,2.0,2.0,2.0,1.0,1.0,1.0,2.0,2.0,1.0,0.0,0.0,0.0,0.0,0.0,0.0,0.0,0.0,0.0,0.0,0.0,0.0,0.0,0.0,0.0,0.0,0.0,0.0,2.0,1.0,0.0,0.0,1.0,1.0,0.0,0.0,0.0,0.0,0.0,0.0,0.0,0.0,0.0,0.0,0.0,0.0,0.0,0.0,0.0,0.0,0.0,0.0,0.0,0.0,0.0,0.0,0.0,0.0,0.0,0.0,0.0,0.0,0.0,1.0,1.0,1.0,1.0,0.0,0.0,0.0,0.0,0.0,0.0,0.0,0.0,0.0,0.0,0.0,0.0,0.0,0.0,0.0,0.0,0.0,0.0,0.0,0.0,0.0,1.0,1.0,0.0,0.0,1.0,2.0,1.0,0.0,1.0,1.0,0.0,0.0,0.0,0.0,0.0,0.0,0.0,0.0,0.0
Prospect Heights,Brooklyn,neighborhood,6.0,8.0,7.0,5.0,4.0,2.0,6.0,6.0,5.0,2.0,6.0,10.0,8.0,3.0,3.0,4.0,3.0,4.0,8.0,6.0,5.0,6.0,7.0,3.0,4.0,3.0,4.0,5.0,8.0,8.0,6.0,8.0,6.0,4.0,2.0,5.0,4.0,8.0,5.0,12.0,7.0,4.0,7.0,7.0,10.0,10.0,7.0,7.0,6.0,5.0,6.0,8.0,18.0,20.0,12.0,14.0,15.0,20.0,16.0,14.0,9.0,12.0,16.0,14.0,17.0,20.0,20.0,15.0,21.0,6.0,8.0,7.0,8.0,11.0,10.0,11.0,9.0,19.0,24.0,14.0,15.0,18.0,22.0,23.0,24.0,22.0,25.0,30.0,37.0,48.0,43.0,27.0,19.0,14.0,13.0,18.0,24.0,21.0,18.0,17.0,29.0,38.0,32.0,38.0,24.0,33.0,22.0,13.0,25.0,28.0,29.0,33.0,40.0,40.0,27.0,29.0,24.0,26.0,19.0,16.0,10.0,14.0,22.0,12.0,19.0,40.0,43.0,53.0,59.0,58.0,52.0,53.0,54.0,47.0,63.0,59.0,53.0,50.0,51.0,39.0,30.0,37.0,38.0,30.0,51.0,44.0,38.0,34.0,41.0,35.0,29.0,25.0,19.0,30.0,36.0,32.0,25.0,24.0,38.0,30.0,39.0,31.0,43.0,50.0,36.0,37.0,42.0,30.0,31.0,28.0,23.0,31.0,40.0,46.0,36.0,38.0,33.0,34.0,27.0,27.0,22.0,26.0,35.0,30.0,35.0,29.0,44.0,44.0,36.0,26.0,23.0,19.0,27.0,21.0,22.0,35.0,42.0,35.0,45.0,33.0
Prospect Lefferts Gardens,Brooklyn,neighborhood,0.0,0.0,1.0,1.0,1.0,1.0,2.0,1.0,2.0,2.0,1.0,1.0,1.0,0.0,0.0,1.0,1.0,1.0,5.0,2.0,4.0,6.0,6.0,4.0,4.0,1.0,1.0,1.0,0.0,0.0,4.0,3.0,7.0,6.0,5.0,2.0,2.0,3.0,3.0,1.0,0.0,1.0,4.0,4.0,3.0,5.0,4.0,3.0,3.0,7.0,6.0,11.0,13.0,16.0,13.0,15.0,15.0,15.0,16.0,28.0,32.0,32.0,31.0,41.0,46.0,49.0,35.0,38.0,36.0,16.0,16.0,14.0,14.0,22.0,27.0,18.0,16.0,24.0,49.0,55.0,38.0,35.0,32.0,31.0,37.0,37.0,35.0,27.0,35.0,37.0,35.0,28.0,19.0,27.0,28.0,23.0,49.0,41.0,36.0,32.0,48.0,45.0,43.0,40.0,28.0,50.0,38.0,30.0,31.0,39.0,48.0,34.0,46.0,34.0,38.0,28.0,28.0,21.0,22.0,36.0,32.0,27.0,16.0,16.0,20.0,38.0,50.0,51.0,75.0,74.0,62.0,50.0,41.0,36.0,50.0,58.0,51.0,56.0,53.0,42.0,26.0,20.0,20.0,20.0,21.0,18.0,16.0,22.0,21.0,22.0,24.0,31.0,27.0,16.0,16.0,14.0,15.0,10.0,18.0,13.0,14.0,29.0,35.0,34.0,32.0,44.0,30.0,32.0,23.0,26.0,17.0,12.0,19.0,16.0,22.0,16.0,23.0,22.0,29.0,19.0,30.0,31.0,29.0,14.0,11.0,13.0,23.0,24.0,17.0,18.0,27.0,24.0,21.0,14.0,15.0,22.0,11.0,17.0,16.0,14.0
Prospect Park South,Brooklyn,neighborhood,0.0,0.0,0.0,0.0,0.0,0.0,0.0,1.0,0.0,0.0,1.0,0.0,0.0,0.0,0.0,0.0,0.0,0.0,0.0,0.0,1.0,2.0,3.0,5.0,2.0,2.0,2.0,2.0,1.0,0.0,1.0,3.0,0.0,0.0,0.0,0.0,3.0,4.0,1.0,2.0,2.0,2.0,1.0,1.0,2.0,0.0,0.0,2.0,6.0,4.0,9.0,9.0,3.0,9.0,9.0,8.0,7.0,9.0,13.0,9.0,13.0,17.0,12.0,8.0,13.0,22.0,23.0,18.0,15.0,14.0,13.0,13.0,14.0,11.0,10.0,10.0,20.0,23.0,18.0,23.0,17.0,10.0,12.0,14.0,22.0,15.0,14.0,21.0,21.0,17.0,19.0,21.0,18.0,21.0,14.0,20.0,30.0,18.0,17.0,13.0,14.0,17.0,30.0,29.0,25.0,31.0,21.0,19.0,16.0,24.0,24.0,22.0,28.0,33.0,22.0,34.0,25.0,20.0,21.0,16.0,16.0,11.0,25.0,17.0,23.0,34.0,36.0,32.0,43.0,46.0,33.0,35.0,29.0,28.0,34.0,26.0,23.0,38.0,40.0,30.0,19.0,14.0,13.0,7.0,8.0,17.0,18.0,16.0,12.0,14.0,20.0,22.0,14.0,16.0,15.0,9.0,19.0,16.0,10.0,5.0,8.0,11.0,16.0,18.0,12.0,20.0,16.0,9.0,13.0,12.0,8.0,9.0,16.0,29.0,31.0,41.0,34.0,30.0,23.0,26.0,28.0,25.0,20.0,11.0,24.0,13.0,7.0,6.0,11.0,12.0,13.0,15.0,16.0,11.0,10.0,13.0,12.0,12.0,17.0,10.0
Queens,Queens,borough,71.0,78.0,83.0,91.0,85.0,89.0,91.0,86.0,90.0,82.0,83.0,88.0,85.0,90.0,53.0,58.0,70.0,66.0,66.0,73.0,86.0,90.0,87.0,62.0,82.0,144.0,157.0,148.0,175.0,150.0,126.0,95.0,83.0,73.0,65.0,76.0,83.0,91.0,102.0,115.0,119.0,120.0,115.0,137.0,171.0,182.0,182.0,152.0,180.0,189.0,210.0,606.0,697.0,702.0,472.0,357.0,260.0,267.0,268.0,236.0,268.0,315.0,339.0,377.0,347.0,336.0,362.0,362.0,361.0,377.0,339.0,291.0,272.0,298.0,376.0,396.0,380.0,355.0,398.0,421.0,434.0,418.0,433.0,379.0,406.0,426.0,572.0,600.0,693.0,698.0,666.0,513.0,462.0,494.0,439.0,412.0,468.0,532.0,596.0,567.0,620.0,625.0,575.0,586.0,516.0,580.0,564.0,513.0,581.0,582.0,611.0,533.0,572.0,532.0,558.0,492.0,506.0,580.0,498.0,462.0,501.0,492.0,398.0,357.0,503.0,617.0,747.0,829.0,850.0,924.0,874.0,900.0,1069.0,966.0,1043.0,1026.0,950.0,887.0,797.0,762.0,667.0,630.0,579.0,489.0,509.0,464.0,547.0,472.0,466.0,399.0,469.0,467.0,455.0,450.0,435.0,409.0,535.0,482.0,538.0,498.0,491.0,514.0,510.0,501.0,428.0,496.0,468.0,396.0,486.0,488.0,541.0,562.0,617.0,581.0,646.0,547.0,564.0,604.0,600.0,518.0,576.0,529.0,569.0,598.0,620.0,562.0,594.0,580.0,567.0,630.0,555.0,515.0,538.0,556.0,595.0,575.0,585.0,635.0,651.0,619.0
Queens Village,Queens,neighborhood,0.0,0.0,0.0,0.0,0.0,0.0,0.0,0.0,0.0,0.0,0.0,0.0,0.0,0.0,0.0,0.0,0.0,0.0,0.0,0.0,0.0,0.0,0.0,0.0,0.0,0.0,0.0,0.0,0.0,0.0,0.0,0.0,0.0,0.0,0.0,0.0,0.0,0.0,0.0,0.0,0.0,0.0,0.0,0.0,0.0,0.0,0.0,0.0,0.0,0.0,0.0,1.0,2.0,1.0,2.0,1.0,1.0,1.0,1.0,1.0,1.0,0.0,0.0,0.0,0.0,0.0,0.0,0.0,0.0,0.0,0.0,0.0,0.0,0.0,0.0,0.0,1.0,0.0,0.0,0.0,0.0,0.0,0.0,0.0,0.0,0.0,2.0,0.0,0.0,0.0,0.0,0.0,1.0,1.0,0.0,0.0,1.0,1.0,0.0,0.0,0.0,0.0,0.0,0.0,0.0,0.0,2.0,0.0,0.0,0.0,0.0,0.0,0.0,0.0,0.0,0.0,1.0,1.0,1.0,0.0,0.0,0.0,1.0,0.0,0.0,0.0,0.0,0.0,1.0,0.0,0.0,0.0,1.0,0.0,2.0,1.0,1.0,0.0,0.0,1.0,0.0,0.0,0.0,0.0,1.0,0.0,0.0,0.0,0.0,0.0,1.0,0.0,0.0,0.0,1.0,1.0,1.0,2.0,4.0,8.0,1.0,3.0,2.0,2.0,1.0,1.0,0.0,1.0,5.0,2.0,0.0,1.0,1.0,1.0,1.0,1.0,2.0,1.0,1.0,1.0,2.0,1.0,2.0,2.0,1.0,1.0,1.0,3.0,3.0,2.0,1.0,1.0,3.0,3.0,2.0,1.0,2.0,3.0,2.0,2.0
Red Hook,Brooklyn,neighborhood,4.0,4.0,4.0,4.0,0.0,0.0,0.0,0.0,0.0,0.0,0.0,1.0,2.0,2.0,2.0,2.0,3.0,3.0,5.0,3.0,3.0,5.0,4.0,3.0,4.0,5.0,4.0,3.0,3.0,4.0,3.0,3.0,4.0,6.0,5.0,3.0,5.0,4.0,2.0,2.0,2.0,2.0,1.0,1.0,1.0,4.0,7.0,4.0,4.0,3.0,3.0,3.0,2.0,5.0,8.0,6.0,7.0,10.0,9.0,7.0,8.0,5.0,5.0,2.0,3.0,3.0,3.0,2.0,1.0,2.0,2.0,5.0,3.0,2.0,1.0,2.0,3.0,2.0,0.0,0.0,1.0,2.0,2.0,3.0,1.0,4.0,2.0,1.0,8.0,11.0,13.0,12.0,8.0,10.0,6.0,7.0,7.0,5.0,7.0,12.0,8.0,4.0,4.0,7.0,4.0,4.0,7.0,10.0,7.0,2.0,2.0,4.0,8.0,5.0,5.0,8.0,11.0,6.0,7.0,4.0,3.0,2.0,5.0,4.0,4.0,5.0,5.0,7.0,1.0,4.0,6.0,5.0,5.0,1.0,1.0,3.0,2.0,4.0,5.0,8.0,4.0,1.0,6.0,4.0,3.0,3.0,2.0,4.0,3.0,2.0,3.0,6.0,2.0,5.0,5.0,3.0,5.0,3.0,4.0,4.0,1.0,4.0,7.0,7.0,4.0,3.0,2.0,1.0,1.0,1.0,3.0,2.0,1.0,4.0,4.0,4.0,3.0,3.0,1.0,4.0,2.0,2.0,2.0,3.0,2.0,3.0,4.0,5.0,1.0,1.0,1.0,0.0,0.0,0.0,0.0,1.0,2.0,2.0,0.0,5.0
Rego Park,Queens,neighborhood,7.0,9.0,9.0,11.0,1.0,3.0,4.0,4.0,7.0,6.0,6.0,7.0,3.0,4.0,4.0,3.0,3.0,7.0,6.0,5.0,3.0,3.0,2.0,5.0,7.0,4.0,7.0,13.0,7.0,5.0,4.0,1.0,4.0,2.0,2.0,3.0,5.0,5.0,6.0,7.0,7.0,7.0,5.0,4.0,3.0,4.0,6.0,6.0,7.0,7.0,9.0,24.0,57.0,11.0,25.0,20.0,27.0,31.0,21.0,14.0,30.0,33.0,43.0,59.0,53.0,19.0,12.0,12.0,15.0,18.0,19.0,19.0,21.0,23.0,31.0,30.0,25.0,29.0,20.0,24.0,19.0,21.0,28.0,18.0,27.0,25.0,21.0,33.0,45.0,44.0,42.0,33.0,23.0,29.0,25.0,24.0,29.0,24.0,35.0,38.0,37.0,35.0,35.0,28.0,30.0,34.0,31.0,41.0,39.0,40.0,37.0,36.0,39.0,44.0,35.0,34.0,25.0,34.0,27.0,23.0,25.0,32.0,25.0,25.0,30.0,38.0,35.0,49.0,60.0,42.0,56.0,47.0,70.0,60.0,77.0,76.0,45.0,41.0,42.0,72.0,58.0,47.0,48.0,35.0,27.0,19.0,41.0,39.0,38.0,27.0,33.0,34.0,32.0,29.0,32.0,24.0,31.0,30.0,28.0,20.0,20.0,24.0,21.0,20.0,12.0,35.0,33.0,22.0,41.0,29.0,36.0,33.0,21.0,31.0,30.0,32.0,40.0,37.0,28.0,15.0,19.0,14.0,22.0,25.0,27.0,26.0,32.0,21.0,23.0,27.0,25.0,32.0,28.0,32.0,38.0,36.0,25.0,22.0,22.0,24.0
Richmond Hill,Queens,neighborhood,0.0,0.0,0.0,0.0,0.0,0.0,0.0,0.0,0.0,0.0,0.0,0.0,0.0,0.0,0.0,2.0,2.0,0.0,0.0,0.0,0.0,0.0,0.0,0.0,0.0,0.0,0.0,0.0,0.0,0.0,0.0,0.0,0.0,0.0,0.0,0.0,0.0,0.0,0.0,0.0,0.0,0.0,0.0,0.0,1.0,2.0,2.0,1.0,1.0,1.0,1.0,0.0,0.0,1.0,1.0,1.0,0.0,0.0,0.0,0.0,0.0,0.0,0.0,0.0,0.0,0.0,0.0,0.0,0.0,0.0,0.0,0.0,0.0,0.0,0.0,0.0,0.0,0.0,0.0,0.0,0.0,0.0,1.0,1.0,1.0,0.0,0.0,0.0,0.0,0.0,0.0,0.0,0.0,0.0,0.0,0.0,0.0,1.0,0.0,1.0,0.0,1.0,1.0,1.0,2.0,1.0,2.0,1.0,0.0,1.0,0.0,1.0,2.0,2.0,1.0,3.0,0.0,0.0,0.0,0.0,1.0,1.0,0.0,0.0,0.0,2.0,0.0,0.0,0.0,1.0,0.0,0.0,0.0,0.0,0.0,0.0,0.0,0.0,0.0,1.0,1.0,1.0,1.0,1.0,1.0,1.0,3.0,1.0,1.0,1.0,3.0,4.0,3.0,3.0,2.0,3.0,5.0,4.0,3.0,2.0,3.0,4.0,2.0,2.0,2.0,0.0,1.0,1.0,2.0,6.0,5.0,5.0,4.0,1.0,0.0,0.0,0.0,1.0,2.0,0.0,0.0,0.0,1.0,0.0,0.0,0.0,0.0,0.0,0.0,0.0,0.0,1.0,2.0,2.0,1.0,0.0,1.0,2.0,0.0,1.0
Ridgewood,Queens,neighborhood,0.0,0.0,0.0,0.0,0.0,0.0,1.0,1.0,1.0,1.0,1.0,0.0,0.0,0.0,0.0,0.0,0.0,0.0,0.0,0.0,0.0,0.0,0.0,0.0,0.0,0.0,0.0,0.0,5.0,6.0,1.0,1.0,0.0,1.0,2.0,1.0,1.0,1.0,0.0,0.0,0.0,0.0,0.0,0.0,1.0,1.0,0.0,1.0,0.0,0.0,2.0,3.0,3.0,5.0,6.0,7.0,2.0,3.0,2.0,2.0,5.0,8.0,4.0,5.0,2.0,5.0,9.0,4.0,4.0,4.0,1.0,0.0,2.0,3.0,7.0,7.0,4.0,2.0,4.0,4.0,5.0,4.0,3.0,3.0,2.0,1.0,1.0,0.0,8.0,7.0,7.0,7.0,6.0,6.0,4.0,5.0,6.0,11.0,6.0,1.0,7.0,16.0,12.0,17.0,5.0,11.0,15.0,7.0,6.0,2.0,8.0,10.0,9.0,4.0,2.0,7.0,10.0,3.0,3.0,6.0,9.0,7.0,4.0,4.0,3.0,2.0,10.0,11.0,9.0,18.0,22.0,16.0,10.0,10.0,10.0,20.0,41.0,25.0,24.0,21.0,9.0,11.0,14.0,9.0,10.0,11.0,11.0,5.0,6.0,9.0,14.0,13.0,10.0,8.0,11.0,6.0,11.0,6.0,7.0,5.0,15.0,5.0,7.0,8.0,4.0,8.0,13.0,6.0,5.0,9.0,9.0,7.0,11.0,11.0,18.0,17.0,14.0,8.0,5.0,6.0,11.0,15.0,16.0,8.0,10.0,7.0,5.0,16.0,15.0,13.0,12.0,9.0,7.0,8.0,8.0,3.0,6.0,10.0,7.0,5.0
Riverdale,Bronx,neighborhood,15.0,15.0,14.0,9.0,11.0,8.0,8.0,11.0,5.0,6.0,5.0,5.0,3.0,3.0,9.0,10.0,14.0,15.0,17.0,17.0,13.0,12.0,10.0,10.0,10.0,9.0,7.0,9.0,12.0,11.0,12.0,11.0,12.0,13.0,9.0,8.0,10.0,7.0,6.0,6.0,6.0,7.0,8.0,6.0,4.0,6.0,5.0,6.0,8.0,9.0,10.0,8.0,11.0,14.0,14.0,15.0,10.0,10.0,11.0,10.0,9.0,13.0,14.0,13.0,7.0,8.0,12.0,7.0,10.0,9.0,11.0,7.0,22.0,22.0,17.0,18.0,14.0,14.0,12.0,10.0,8.0,14.0,18.0,11.0,18.0,20.0,23.0,20.0,15.0,15.0,14.0,11.0,17.0,19.0,23.0,25.0,21.0,13.0,18.0,21.0,20.0,14.0,18.0,18.0,16.0,23.0,28.0,25.0,28.0,22.0,18.0,14.0,16.0,21.0,21.0,18.0,14.0,13.0,16.0,13.0,14.0,9.0,9.0,6.0,12.0,14.0,15.0,13.0,10.0,14.0,15.0,18.0,16.0,15.0,8.0,9.0,13.0,12.0,13.0,17.0,13.0,15.0,12.0,12.0,10.0,4.0,8.0,15.0,11.0,13.0,13.0,16.0,13.0,15.0,11.0,7.0,12.0,8.0,18.0,18.0,15.0,17.0,17.0,18.0,12.0,12.0,12.0,7.0,10.0,9.0,12.0,10.0,10.0,18.0,28.0,26.0,15.0,18.0,15.0,10.0,12.0,10.0,11.0,14.0,12.0,11.0,12.0,9.0,9.0,13.0,11.0,15.0,15.0,11.0,11.0,13.0,11.0,10.0,11.0,14.0
Rockaway All,Queens,neighborhood,0.0,0.0,0.0,0.0,0.0,0.0,0.0,0.0,0.0,1.0,1.0,1.0,1.0,0.0,0.0,1.0,1.0,1.0,1.0,1.0,1.0,1.0,0.0,0.0,1.0,1.0,1.0,2.0,2.0,2.0,2.0,1.0,1.0,1.0,1.0,0.0,0.0,0.0,0.0,0.0,0.0,0.0,0.0,1.0,1.0,2.0,1.0,3.0,2.0,2.0,2.0,2.0,2.0,2.0,1.0,3.0,6.0,4.0,2.0,4.0,3.0,3.0,4.0,4.0,2.0,4.0,6.0,3.0,5.0,7.0,1.0,5.0,5.0,3.0,4.0,4.0,5.0,5.0,4.0,2.0,1.0,1.0,5.0,2.0,2.0,4.0,5.0,7.0,8.0,7.0,6.0,4.0,4.0,7.0,3.0,2.0,2.0,5.0,4.0,4.0,5.0,6.0,4.0,7.0,6.0,11.0,12.0,7.0,9.0,7.0,6.0,5.0,9.0,11.0,6.0,2.0,5.0,8.0,4.0,5.0,9.0,6.0,7.0,8.0,9.0,8.0,6.0,3.0,6.0,7.0,8.0,5.0,8.0,5.0,8.0,9.0,7.0,6.0,5.0,6.0,7.0,7.0,7.0,7.0,9.0,5.0,7.0,5.0,5.0,6.0,7.0,5.0,3.0,5.0,7.0,4.0,4.0,7.0,8.0,11.0,9.0,4.0,10.0,10.0,8.0,12.0,9.0,8.0,6.0,11.0,17.0,8.0,8.0,7.0,11.0,9.0,7.0,7.0,5.0,7.0,8.0,7.0,2.0,3.0,8.0,10.0,5.0,6.0,10.0,11.0,6.0,9.0,11.0,11.0,5.0,12.0,7.0,8.0,5.0,4.0
Roosevelt Island,Manhattan,neighborhood,8.0,10.0,14.0,11.0,7.0,7.0,12.0,11.0,11.0,8.0,12.0,11.0,12.0,12.0,17.0,16.0,7.0,7.0,6.0,9.0,9.0,9.0,7.0,7.0,7.0,9.0,4.0,8.0,4.0,4.0,7.0,5.0,6.0,3.0,9.0,5.0,8.0,5.0,5.0,5.0,5.0,4.0,5.0,8.0,8.0,10.0,10.0,11.0,6.0,6.0,4.0,2.0,4.0,4.0,6.0,7.0,7.0,7.0,7.0,4.0,5.0,6.0,7.0,5.0,8.0,10.0,12.0,12.0,15.0,14.0,20.0,14.0,12.0,6.0,16.0,16.0,8.0,12.0,12.0,12.0,14.0,14.0,14.0,11.0,24.0,24.0,26.0,9.0,13.0,13.0,11.0,18.0,17.0,12.0,10.0,4.0,10.0,11.0,15.0,20.0,23.0,21.0,16.0,10.0,12.0,14.0,18.0,16.0,19.0,25.0,22.0,19.0,22.0,17.0,10.0,9.0,9.0,7.0,2.0,4.0,7.0,10.0,15.0,18.0,17.0,21.0,24.0,23.0,23.0,21.0,18.0,22.0,23.0,28.0,32.0,32.0,35.0,44.0,26.0,13.0,21.0,12.0,11.0,13.0,11.0,10.0,16.0,10.0,14.0,13.0,17.0,15.0,7.0,10.0,9.0,17.0,13.0,7.0,13.0,18.0,8.0,16.0,13.0,12.0,10.0,20.0,10.0,4.0,11.0,12.0,15.0,9.0,12.0,9.0,8.0,9.0,10.0,15.0,18.0,15.0,18.0,18.0,27.0,30.0,39.0,28.0,24.0,10.0,11.0,8.0,10.0,8.0,11.0,14.0,14.0,14.0,19.0,18.0,22.0,18.0
Rosedale,Queens,neighborhood,0.0,0.0,0.0,0.0,0.0,0.0,0.0,0.0,0.0,0.0,0.0,0.0,0.0,0.0,0.0,0.0,0.0,0.0,0.0,0.0,0.0,0.0,0.0,0.0,0.0,0.0,0.0,0.0,0.0,0.0,0.0,0.0,0.0,0.0,0.0,0.0,0.0,0.0,0.0,0.0,0.0,0.0,0.0,0.0,0.0,0.0,0.0,0.0,0.0,0.0,0.0,0.0,0.0,0.0,0.0,0.0,0.0,0.0,0.0,0.0,0.0,0.0,0.0,0.0,0.0,0.0,0.0,0.0,0.0,0.0,0.0,0.0,0.0,0.0,0.0,0.0,0.0,0.0,0.0,0.0,0.0,0.0,0.0,0.0,0.0,0.0,0.0,0.0,0.0,0.0,0.0,0.0,0.0,0.0,0.0,0.0,0.0,0.0,0.0,0.0,0.0,0.0,0.0,0.0,0.0,0.0,0.0,0.0,0.0,0.0,0.0,0.0,0.0,0.0,0.0,0.0,0.0,0.0,0.0,0.0,0.0,0.0,0.0,0.0,0.0,0.0,0.0,0.0,0.0,0.0,0.0,0.0,0.0,0.0,0.0,0.0,0.0,0.0,0.0,0.0,0.0,0.0,0.0,0.0,0.0,1.0,0.0,0.0,0.0,0.0,0.0,0.0,0.0,0.0,0.0,0.0,0.0,0.0,0.0,0.0,0.0,0.0,0.0,0.0,0.0,0.0,0.0,0.0,0.0,0.0,0.0,0.0,0.0,0.0,0.0,0.0,0.0,0.0,0.0,0.0,0.0,0.0,0.0,0.0,0.0,0.0,0.0,0.0,0.0,0.0,0.0,0.0,0.0,0.0,0.0,0.0,0.0,0.0,0.0,0.0
Schuylerville,Bronx,neighborhood,0.0,0.0,0.0,0.0,0.0,0.0,0.0,0.0,0.0,0.0,0.0,0.0,0.0,0.0,0.0,0.0,0.0,0.0,0.0,0.0,0.0,0.0,0.0,0.0,0.0,0.0,0.0,0.0,0.0,0.0,0.0,0.0,0.0,0.0,0.0,0.0,0.0,0.0,0.0,0.0,0.0,1.0,1.0,1.0,0.0,0.0,0.0,0.0,0.0,0.0,0.0,0.0,0.0,0.0,0.0,0.0,0.0,0.0,0.0,0.0,0.0,0.0,0.0,0.0,0.0,0.0,0.0,0.0,0.0,0.0,0.0,0.0,0.0,0.0,0.0,0.0,0.0,0.0,0.0,0.0,0.0,0.0,0.0,0.0,0.0,0.0,0.0,0.0,0.0,0.0,0.0,0.0,0.0,0.0,0.0,0.0,0.0,0.0,0.0,0.0,0.0,0.0,0.0,0.0,0.0,0.0,0.0,0.0,0.0,0.0,0.0,0.0,0.0,0.0,0.0,0.0,0.0,0.0,0.0,0.0,0.0,0.0,0.0,0.0,0.0,0.0,0.0,0.0,0.0,0.0,0.0,0.0,0.0,0.0,0.0,0.0,0.0,0.0,0.0,0.0,0.0,1.0,0.0,0.0,0.0,0.0,1.0,0.0,0.0,0.0,0.0,0.0,0.0,0.0,0.0,0.0,0.0,0.0,0.0,0.0,0.0,0.0,0.0,0.0,0.0,0.0,0.0,0.0,0.0,0.0,0.0,0.0,0.0,1.0,0.0,0.0,0.0,0.0,0.0,0.0,0.0,0.0,1.0,1.0,0.0,0.0,0.0,1.0,0.0,0.0,0.0,0.0,0.0,0.0,0.0,0.0,0.0,0.0,0.0,0.0
Seagate,Brooklyn,neighborhood,0.0,0.0,0.0,0.0,0.0,0.0,0.0,0.0,0.0,0.0,0.0,0.0,0.0,0.0,0.0,0.0,0.0,0.0,0.0,0.0,0.0,0.0,0.0,0.0,0.0,0.0,0.0,0.0,0.0,0.0,0.0,0.0,0.0,0.0,0.0,0.0,0.0,0.0,0.0,0.0,0.0,0.0,0.0,0.0,0.0,0.0,0.0,0.0,0.0,0.0,0.0,0.0,0.0,0.0,0.0,0.0,0.0,0.0,0.0,0.0,0.0,0.0,0.0,0.0,0.0,0.0,0.0,0.0,0.0,0.0,0.0,0.0,0.0,0.0,0.0,0.0,0.0,0.0,0.0,0.0,0.0,0.0,0.0,0.0,0.0,0.0,0.0,0.0,0.0,0.0,0.0,0.0,0.0,0.0,0.0,0.0,0.0,0.0,0.0,0.0,0.0,0.0,0.0,0.0,0.0,0.0,0.0,0.0,0.0,0.0,0.0,0.0,0.0,1.0,0.0,0.0,0.0,0.0,0.0,0.0,0.0,0.0,0.0,0.0,1.0,1.0,0.0,0.0,0.0,0.0,0.0,0.0,0.0,0.0,0.0,0.0,0.0,0.0,0.0,0.0,0.0,0.0,1.0,1.0,0.0,0.0,0.0,0.0,0.0,0.0,1.0,0.0,0.0,0.0,0.0,0.0,0.0,0.0,1.0,0.0,0.0,0.0,0.0,0.0,0.0,0.0,0.0,0.0,0.0,0.0,0.0,0.0,0.0,0.0,0.0,0.0,0.0,0.0,1.0,1.0,0.0,0.0,0.0,0.0,0.0,0.0,0.0,0.0,0.0,0.0,0.0,0.0,0.0,0.0,1.0,0.0,0.0,0.0,0.0,0.0
Sheepshead Bay,Brooklyn,neighborhood,1.0,1.0,1.0,1.0,1.0,2.0,1.0,1.0,0.0,1.0,1.0,0.0,1.0,2.0,2.0,3.0,3.0,6.0,10.0,9.0,9.0,10.0,6.0,5.0,3.0,7.0,6.0,9.0,11.0,6.0,10.0,10.0,4.0,9.0,9.0,8.0,6.0,7.0,14.0,15.0,8.0,5.0,11.0,7.0,6.0,6.0,4.0,5.0,4.0,6.0,9.0,12.0,14.0,14.0,14.0,16.0,20.0,12.0,3.0,6.0,8.0,11.0,7.0,8.0,14.0,17.0,17.0,14.0,16.0,16.0,13.0,9.0,10.0,5.0,6.0,9.0,6.0,4.0,9.0,12.0,10.0,10.0,11.0,11.0,11.0,12.0,22.0,18.0,19.0,16.0,17.0,9.0,18.0,26.0,12.0,11.0,16.0,12.0,13.0,20.0,19.0,17.0,30.0,17.0,14.0,30.0,30.0,21.0,19.0,24.0,26.0,26.0,31.0,31.0,27.0,19.0,19.0,22.0,14.0,10.0,10.0,12.0,13.0,12.0,17.0,14.0,19.0,17.0,18.0,28.0,14.0,11.0,9.0,13.0,20.0,18.0,11.0,13.0,22.0,23.0,32.0,29.0,31.0,24.0,19.0,25.0,30.0,16.0,13.0,18.0,12.0,12.0,16.0,17.0,9.0,10.0,12.0,12.0,11.0,7.0,8.0,15.0,13.0,6.0,12.0,16.0,10.0,14.0,9.0,15.0,17.0,13.0,16.0,9.0,7.0,8.0,17.0,12.0,11.0,11.0,9.0,14.0,17.0,23.0,18.0,14.0,9.0,9.0,18.0,19.0,17.0,11.0,17.0,14.0,11.0,14.0,12.0,11.0,13.0,11.0
Soho,Manhattan,neighborhood,41.0,43.0,37.0,50.0,49.0,45.0,48.0,45.0,36.0,27.0,24.0,21.0,23.0,18.0,24.0,14.0,13.0,19.0,28.0,25.0,24.0,24.0,26.0,25.0,24.0,24.0,26.0,23.0,21.0,29.0,40.0,28.0,38.0,33.0,27.0,30.0,41.0,55.0,39.0,30.0,40.0,44.0,44.0,45.0,44.0,49.0,42.0,33.0,32.0,28.0,28.0,37.0,50.0,51.0,44.0,43.0,27.0,27.0,36.0,41.0,38.0,38.0,38.0,44.0,44.0,36.0,41.0,43.0,39.0,32.0,26.0,34.0,36.0,43.0,36.0,37.0,41.0,48.0,39.0,45.0,33.0,27.0,25.0,26.0,36.0,43.0,50.0,58.0,63.0,54.0,48.0,42.0,34.0,41.0,37.0,38.0,43.0,35.0,40.0,34.0,34.0,37.0,32.0,27.0,23.0,30.0,22.0,30.0,24.0,33.0,29.0,29.0,34.0,44.0,45.0,40.0,30.0,37.0,28.0,28.0,26.0,27.0,28.0,18.0,52.0,62.0,81.0,94.0,84.0,78.0,83.0,80.0,85.0,65.0,63.0,72.0,65.0,45.0,35.0,23.0,20.0,23.0,24.0,29.0,22.0,24.0,20.0,17.0,20.0,28.0,39.0,30.0,21.0,21.0,27.0,18.0,29.0,26.0,28.0,27.0,31.0,31.0,37.0,36.0,37.0,35.0,30.0,20.0,20.0,29.0,26.0,28.0,32.0,26.0,30.0,36.0,37.0,32.0,27.0,20.0,30.0,19.0,26.0,27.0,26.0,24.0,35.0,44.0,34.0,29.0,21.0,14.0,19.0,20.0,14.0,26.0,38.0,37.0,36.0,33.0
Soundview,Bronx,neighborhood,0.0,0.0,0.0,0.0,0.0,0.0,0.0,0.0,0.0,0.0,0.0,0.0,0.0,0.0,0.0,0.0,0.0,0.0,0.0,0.0,0.0,0.0,0.0,0.0,0.0,0.0,0.0,0.0,0.0,0.0,0.0,0.0,1.0,1.0,0.0,0.0,0.0,0.0,0.0,0.0,0.0,0.0,0.0,0.0,0.0,0.0,0.0,0.0,0.0,0.0,0.0,0.0,0.0,0.0,0.0,0.0,0.0,1.0,1.0,2.0,3.0,3.0,3.0,2.0,1.0,1.0,0.0,0.0,1.0,1.0,0.0,0.0,1.0,1.0,0.0,0.0,0.0,0.0,0.0,0.0,0.0,0.0,1.0,0.0,0.0,0.0,0.0,0.0,0.0,0.0,0.0,0.0,0.0,1.0,1.0,0.0,0.0,0.0,0.0,0.0,1.0,0.0,0.0,0.0,0.0,1.0,1.0,2.0,2.0,0.0,0.0,0.0,0.0,0.0,0.0,0.0,0.0,1.0,0.0,1.0,1.0,0.0,1.0,0.0,0.0,0.0,1.0,0.0,0.0,0.0,0.0,0.0,0.0,0.0,1.0,0.0,2.0,1.0,0.0,0.0,1.0,1.0,0.0,0.0,0.0,0.0,0.0,0.0,0.0,0.0,0.0,1.0,0.0,0.0,2.0,1.0,2.0,4.0,0.0,1.0,2.0,2.0,5.0,2.0,0.0,0.0,0.0,0.0,0.0,0.0,0.0,0.0,1.0,1.0,0.0,1.0,1.0,0.0,0.0,0.0,0.0,0.0,0.0,0.0,1.0,2.0,1.0,2.0,2.0,0.0,0.0,1.0,0.0,1.0,0.0,1.0,3.0,1.0,0.0,1.0
South Jamaica,Queens,neighborhood,0.0,0.0,0.0,0.0,0.0,0.0,0.0,0.0,0.0,0.0,0.0,0.0,0.0,0.0,0.0,0.0,0.0,0.0,0.0,0.0,0.0,0.0,0.0,0.0,0.0,0.0,0.0,0.0,0.0,0.0,0.0,0.0,0.0,0.0,0.0,0.0,0.0,0.0,0.0,0.0,0.0,0.0,0.0,0.0,0.0,0.0,0.0,0.0,0.0,0.0,0.0,0.0,0.0,0.0,0.0,0.0,0.0,1.0,1.0,0.0,0.0,0.0,0.0,0.0,0.0,0.0,0.0,0.0,0.0,0.0,0.0,0.0,0.0,0.0,0.0,0.0,0.0,0.0,0.0,0.0,0.0,0.0,0.0,0.0,0.0,0.0,0.0,0.0,0.0,0.0,0.0,0.0,0.0,0.0,0.0,0.0,1.0,1.0,0.0,0.0,0.0,0.0,0.0,0.0,0.0,1.0,0.0,0.0,0.0,0.0,0.0,0.0,0.0,0.0,0.0,0.0,0.0,0.0,0.0,0.0,0.0,0.0,0.0,0.0,0.0,0.0,0.0,0.0,0.0,0.0,0.0,0.0,0.0,0.0,0.0,0.0,0.0,0.0,0.0,0.0,0.0,0.0,0.0,0.0,1.0,1.0,0.0,1.0,0.0,0.0,0.0,1.0,0.0,0.0,0.0,2.0,0.0,0.0,0.0,0.0,0.0,0.0,0.0,0.0,0.0,0.0,0.0,0.0,0.0,0.0,0.0,0.0,0.0,0.0,0.0,0.0,0.0,0.0,0.0,2.0,1.0,0.0,0.0,0.0,0.0,0.0,0.0,0.0,0.0,0.0,0.0,0.0,0.0,0.0,0.0,0.0,0.0,0.0,0.0,0.0
South Ozone Park,Queens,neighborhood,0.0,0.0,0.0,0.0,0.0,0.0,0.0,0.0,0.0,0.0,0.0,0.0,0.0,0.0,0.0,0.0,0.0,0.0,0.0,0.0,0.0,0.0,0.0,0.0,0.0,0.0,0.0,0.0,0.0,0.0,1.0,1.0,0.0,0.0,0.0,0.0,0.0,0.0,0.0,0.0,0.0,0.0,0.0,0.0,0.0,0.0,1.0,2.0,2.0,3.0,2.0,2.0,2.0,2.0,1.0,0.0,0.0,0.0,0.0,0.0,0.0,0.0,0.0,0.0,0.0,0.0,0.0,0.0,0.0,0.0,0.0,0.0,2.0,2.0,0.0,0.0,0.0,0.0,0.0,0.0,0.0,0.0,0.0,0.0,0.0,0.0,0.0,0.0,0.0,1.0,0.0,0.0,0.0,0.0,0.0,0.0,0.0,0.0,0.0,0.0,0.0,0.0,0.0,0.0,0.0,0.0,0.0,0.0,0.0,0.0,0.0,0.0,0.0,0.0,0.0,0.0,0.0,1.0,1.0,0.0,0.0,0.0,0.0,0.0,1.0,1.0,1.0,1.0,0.0,0.0,0.0,0.0,0.0,0.0,0.0,0.0,0.0,0.0,0.0,0.0,0.0,0.0,0.0,0.0,0.0,0.0,0.0,0.0,0.0,0.0,0.0,0.0,0.0,0.0,0.0,0.0,0.0,0.0,0.0,0.0,0.0,0.0,0.0,0.0,0.0,0.0,0.0,0.0,0.0,0.0,0.0,0.0,0.0,0.0,0.0,0.0,1.0,0.0,0.0,0.0,0.0,0.0,0.0,0.0,0.0,0.0,0.0,0.0,0.0,0.0,0.0,0.0,0.0,0.0,0.0,0.0,0.0,0.0,0.0,0.0
South Richmond Hill,Queens,neighborhood,0.0,0.0,0.0,0.0,0.0,0.0,0.0,0.0,0.0,0.0,0.0,0.0,0.0,0.0,0.0,0.0,0.0,0.0,0.0,0.0,0.0,0.0,0.0,0.0,1.0,1.0,0.0,0.0,0.0,0.0,0.0,0.0,0.0,0.0,0.0,0.0,0.0,0.0,0.0,0.0,0.0,0.0,0.0,0.0,0.0,0.0,0.0,0.0,0.0,0.0,0.0,1.0,0.0,0.0,0.0,0.0,0.0,0.0,0.0,0.0,0.0,0.0,1.0,1.0,0.0,0.0,0.0,0.0,0.0,1.0,1.0,0.0,0.0,0.0,0.0,0.0,0.0,0.0,0.0,0.0,0.0,0.0,0.0,0.0,0.0,0.0,0.0,0.0,1.0,1.0,1.0,0.0,0.0,0.0,0.0,0.0,0.0,0.0,0.0,0.0,0.0,0.0,0.0,0.0,0.0,0.0,0.0,0.0,0.0,0.0,0.0,0.0,0.0,0.0,0.0,0.0,0.0,0.0,0.0,0.0,0.0,1.0,1.0,1.0,1.0,0.0,0.0,0.0,0.0,0.0,0.0,0.0,0.0,0.0,0.0,0.0,0.0,0.0,0.0,0.0,0.0,0.0,0.0,0.0,0.0,1.0,1.0,2.0,1.0,1.0,1.0,1.0,1.0,1.0,0.0,0.0,0.0,0.0,0.0,0.0,0.0,0.0,0.0,0.0,0.0,0.0,0.0,0.0,0.0,0.0,0.0,0.0,0.0,0.0,0.0,0.0,0.0,0.0,0.0,0.0,0.0,0.0,0.0,1.0,0.0,0.0,0.0,0.0,0.0,0.0,0.0,0.0,0.0,0.0,0.0,0.0,0.0,0.0,0.0,0.0
Springfield Gardens,Queens,neighborhood,0.0,0.0,0.0,0.0,0.0,0.0,0.0,0.0,0.0,0.0,0.0,1.0,1.0,1.0,1.0,1.0,1.0,1.0,1.0,1.0,1.0,1.0,0.0,0.0,0.0,0.0,0.0,0.0,0.0,0.0,0.0,0.0,0.0,0.0,0.0,0.0,0.0,0.0,0.0,0.0,0.0,0.0,0.0,0.0,0.0,0.0,0.0,0.0,0.0,0.0,0.0,0.0,0.0,0.0,0.0,0.0,0.0,0.0,0.0,0.0,0.0,0.0,0.0,0.0,0.0,0.0,0.0,0.0,0.0,0.0,0.0,0.0,0.0,0.0,0.0,0.0,0.0,0.0,0.0,0.0,0.0,0.0,0.0,0.0,0.0,0.0,0.0,0.0,0.0,0.0,0.0,0.0,0.0,0.0,0.0,0.0,1.0,1.0,1.0,0.0,0.0,0.0,0.0,0.0,0.0,0.0,0.0,0.0,0.0,0.0,0.0,0.0,0.0,1.0,0.0,0.0,0.0,0.0,0.0,0.0,0.0,0.0,0.0,0.0,0.0,0.0,0.0,0.0,0.0,1.0,1.0,0.0,0.0,0.0,0.0,0.0,0.0,0.0,0.0,0.0,0.0,0.0,0.0,1.0,0.0,0.0,0.0,2.0,0.0,0.0,0.0,0.0,1.0,1.0,1.0,0.0,0.0,0.0,0.0,1.0,0.0,0.0,0.0,0.0,0.0,0.0,0.0,0.0,0.0,0.0,0.0,0.0,0.0,0.0,0.0,0.0,0.0,0.0,0.0,0.0,0.0,0.0,0.0,0.0,0.0,0.0,0.0,0.0,0.0,0.0,0.0,0.0,0.0,0.0,0.0,0.0,1.0,1.0,0.0,0.0
St. Albans,Queens,neighborhood,0.0,0.0,0.0,0.0,0.0,0.0,0.0,0.0,0.0,0.0,0.0,0.0,0.0,0.0,0.0,0.0,0.0,0.0,0.0,0.0,0.0,0.0,0.0,0.0,0.0,0.0,0.0,0.0,0.0,0.0,0.0,0.0,0.0,0.0,0.0,0.0,0.0,0.0,0.0,0.0,0.0,0.0,0.0,0.0,0.0,0.0,0.0,0.0,0.0,0.0,0.0,0.0,1.0,1.0,1.0,0.0,0.0,1.0,1.0,0.0,0.0,0.0,0.0,0.0,0.0,0.0,0.0,0.0,0.0,0.0,0.0,4.0,4.0,0.0,2.0,0.0,0.0,1.0,1.0,2.0,0.0,0.0,0.0,1.0,0.0,0.0,0.0,1.0,0.0,0.0,0.0,1.0,2.0,1.0,0.0,0.0,0.0,2.0,0.0,0.0,1.0,2.0,1.0,2.0,1.0,0.0,1.0,0.0,0.0,1.0,1.0,1.0,0.0,3.0,0.0,0.0,1.0,0.0,0.0,2.0,2.0,0.0,0.0,1.0,2.0,1.0,0.0,0.0,0.0,0.0,0.0,0.0,0.0,0.0,1.0,0.0,0.0,0.0,0.0,0.0,1.0,1.0,0.0,0.0,0.0,1.0,0.0,0.0,0.0,0.0,0.0,0.0,0.0,0.0,0.0,0.0,0.0,1.0,0.0,3.0,0.0,0.0,0.0,0.0,0.0,0.0,0.0,0.0,1.0,1.0,1.0,1.0,1.0,0.0,0.0,1.0,1.0,1.0,1.0,2.0,1.0,1.0,1.0,2.0,2.0,0.0,0.0,0.0,0.0,0.0,0.0,0.0,0.0,0.0,0.0,0.0,0.0,0.0,0.0,1.0
Staten Island,Staten Island,borough,1.0,1.0,1.0,1.0,0.0,0.0,0.0,1.0,1.0,1.0,0.0,0.0,0.0,0.0,0.0,0.0,0.0,0.0,0.0,0.0,2.0,1.0,0.0,1.0,3.0,3.0,2.0,1.0,2.0,2.0,1.0,0.0,0.0,0.0,0.0,0.0,0.0,0.0,0.0,0.0,0.0,0.0,0.0,0.0,1.0,7.0,8.0,3.0,1.0,1.0,0.0,1.0,1.0,1.0,3.0,1.0,3.0,7.0,5.0,5.0,4.0,4.0,9.0,6.0,10.0,4.0,6.0,6.0,9.0,8.0,4.0,6.0,8.0,7.0,8.0,12.0,10.0,6.0,8.0,13.0,10.0,13.0,13.0,10.0,11.0,15.0,14.0,12.0,13.0,9.0,8.0,2.0,9.0,9.0,14.0,13.0,18.0,13.0,14.0,10.0,11.0,17.0,20.0,20.0,12.0,11.0,13.0,13.0,20.0,18.0,13.0,16.0,16.0,10.0,13.0,12.0,10.0,11.0,7.0,7.0,11.0,5.0,7.0,7.0,9.0,11.0,7.0,10.0,6.0,6.0,3.0,5.0,6.0,6.0,6.0,5.0,6.0,10.0,12.0,9.0,5.0,3.0,4.0,4.0,3.0,7.0,9.0,8.0,12.0,5.0,6.0,9.0,9.0,9.0,8.0,9.0,12.0,10.0,13.0,10.0,8.0,9.0,11.0,14.0,12.0,10.0,7.0,8.0,8.0,5.0,8.0,6.0,7.0,9.0,9.0,10.0,9.0,7.0,9.0,9.0,11.0,13.0,20.0,16.0,9.0,8.0,3.0,4.0,4.0,5.0,6.0,3.0,10.0,3.0,4.0,3.0,5.0,8.0,6.0,4.0
Stuyvesant Town/PCV,Manhattan,neighborhood,0.0,0.0,0.0,0.0,0.0,0.0,0.0,0.0,0.0,0.0,0.0,0.0,0.0,0.0,0.0,0.0,0.0,0.0,0.0,0.0,0.0,0.0,0.0,0.0,0.0,0.0,0.0,0.0,0.0,0.0,1.0,1.0,0.0,0.0,0.0,0.0,0.0,0.0,0.0,0.0,0.0,1.0,1.0,1.0,1.0,0.0,0.0,0.0,0.0,0.0,0.0,0.0,0.0,0.0,0.0,0.0,0.0,0.0,0.0,2.0,2.0,4.0,3.0,0.0,0.0,0.0,0.0,0.0,0.0,0.0,0.0,1.0,2.0,3.0,1.0,2.0,1.0,2.0,0.0,0.0,0.0,0.0,0.0,0.0,0.0,0.0,0.0,0.0,0.0,0.0,0.0,0.0,0.0,0.0,0.0,0.0,2.0,1.0,2.0,1.0,1.0,0.0,0.0,0.0,0.0,0.0,0.0,0.0,0.0,1.0,1.0,1.0,0.0,0.0,0.0,0.0,0.0,0.0,0.0,0.0,0.0,0.0,0.0,0.0,0.0,0.0,0.0,0.0,0.0,0.0,0.0,0.0,0.0,0.0,2.0,2.0,0.0,0.0,0.0,0.0,0.0,1.0,0.0,0.0,0.0,0.0,0.0,0.0,1.0,0.0,0.0,0.0,0.0,0.0,2.0,0.0,0.0,0.0,1.0,0.0,0.0,0.0,0.0,0.0,0.0,0.0,0.0,2.0,1.0,0.0,0.0,0.0,0.0,0.0,1.0,0.0,0.0,0.0,0.0,0.0,0.0,0.0,0.0,0.0,1.0,1.0,0.0,1.0,0.0,0.0,1.0,1.0,0.0,1.0,0.0,0.0,0.0,0.0,0.0,0.0
Sunnyside,Queens,neighborhood,7.0,7.0,6.0,6.0,2.0,6.0,7.0,3.0,4.0,4.0,2.0,1.0,2.0,2.0,3.0,3.0,2.0,2.0,1.0,1.0,1.0,2.0,2.0,2.0,4.0,4.0,3.0,2.0,2.0,2.0,1.0,0.0,3.0,3.0,3.0,3.0,3.0,9.0,10.0,10.0,10.0,3.0,5.0,4.0,1.0,4.0,10.0,5.0,3.0,5.0,8.0,12.0,16.0,11.0,20.0,16.0,21.0,30.0,18.0,14.0,15.0,24.0,20.0,39.0,36.0,30.0,32.0,25.0,19.0,23.0,20.0,19.0,15.0,19.0,20.0,13.0,20.0,25.0,30.0,18.0,21.0,27.0,26.0,28.0,29.0,27.0,28.0,37.0,41.0,34.0,32.0,29.0,16.0,21.0,16.0,17.0,23.0,31.0,36.0,25.0,32.0,27.0,34.0,29.0,20.0,31.0,23.0,31.0,50.0,56.0,47.0,25.0,25.0,43.0,42.0,44.0,41.0,33.0,17.0,20.0,23.0,19.0,20.0,20.0,24.0,32.0,30.0,39.0,49.0,66.0,61.0,52.0,57.0,75.0,66.0,76.0,71.0,60.0,43.0,32.0,46.0,36.0,26.0,19.0,20.0,17.0,30.0,12.0,15.0,14.0,12.0,12.0,18.0,22.0,20.0,13.0,23.0,16.0,13.0,8.0,10.0,12.0,18.0,7.0,7.0,17.0,9.0,11.0,17.0,10.0,13.0,17.0,14.0,12.0,15.0,20.0,17.0,17.0,26.0,23.0,21.0,10.0,13.0,23.0,23.0,20.0,22.0,24.0,22.0,20.0,17.0,13.0,20.0,21.0,25.0,18.0,21.0,17.0,19.0,15.0
Sunset Park,Brooklyn,neighborhood,21.0,21.0,19.0,19.0,19.0,20.0,20.0,19.0,0.0,0.0,0.0,0.0,0.0,0.0,1.0,1.0,0.0,0.0,0.0,0.0,0.0,0.0,0.0,1.0,1.0,1.0,0.0,0.0,0.0,1.0,1.0,1.0,3.0,2.0,2.0,3.0,4.0,1.0,1.0,4.0,3.0,5.0,5.0,4.0,3.0,2.0,4.0,2.0,2.0,3.0,2.0,2.0,2.0,1.0,1.0,2.0,2.0,4.0,3.0,5.0,5.0,3.0,1.0,1.0,0.0,0.0,1.0,1.0,1.0,0.0,1.0,1.0,0.0,2.0,4.0,3.0,5.0,6.0,2.0,2.0,0.0,2.0,1.0,2.0,10.0,11.0,17.0,18.0,19.0,10.0,6.0,6.0,13.0,10.0,4.0,7.0,10.0,11.0,18.0,13.0,12.0,11.0,10.0,9.0,10.0,11.0,5.0,5.0,12.0,15.0,13.0,13.0,16.0,15.0,13.0,17.0,11.0,6.0,11.0,7.0,16.0,10.0,10.0,4.0,9.0,14.0,16.0,13.0,5.0,10.0,10.0,10.0,6.0,11.0,10.0,9.0,11.0,4.0,6.0,10.0,5.0,10.0,7.0,10.0,2.0,4.0,5.0,2.0,3.0,6.0,6.0,5.0,4.0,7.0,7.0,13.0,10.0,8.0,6.0,9.0,3.0,6.0,6.0,6.0,3.0,8.0,8.0,5.0,3.0,3.0,2.0,4.0,5.0,6.0,1.0,8.0,8.0,9.0,6.0,5.0,5.0,9.0,13.0,10.0,11.0,16.0,8.0,4.0,4.0,5.0,2.0,3.0,5.0,7.0,5.0,4.0,5.0,9.0,7.0,6.0
Throgs Neck,Bronx,neighborhood,0.0,0.0,0.0,0.0,0.0,0.0,0.0,0.0,0.0,0.0,0.0,0.0,0.0,0.0,0.0,0.0,0.0,0.0,0.0,0.0,0.0,0.0,0.0,0.0,0.0,0.0,0.0,0.0,0.0,0.0,0.0,0.0,0.0,0.0,0.0,0.0,0.0,0.0,0.0,0.0,1.0,0.0,0.0,0.0,0.0,0.0,0.0,0.0,0.0,1.0,2.0,2.0,0.0,0.0,0.0,2.0,2.0,2.0,0.0,1.0,1.0,1.0,2.0,0.0,1.0,1.0,0.0,1.0,2.0,0.0,1.0,0.0,0.0,2.0,1.0,0.0,2.0,2.0,0.0,1.0,1.0,0.0,2.0,0.0,1.0,1.0,1.0,0.0,1.0,0.0,0.0,0.0,0.0,0.0,1.0,0.0,0.0,0.0,0.0,0.0,0.0,0.0,0.0,0.0,0.0,1.0,1.0,1.0,1.0,0.0,0.0,0.0,0.0,0.0,0.0,0.0,0.0,0.0,0.0,0.0,0.0,0.0,0.0,0.0,0.0,0.0,0.0,0.0,0.0,0.0,0.0,0.0,0.0,0.0,0.0,1.0,0.0,0.0,0.0,1.0,1.0,0.0,0.0,0.0,0.0,0.0,0.0,2.0,0.0,0.0,1.0,0.0,0.0,0.0,0.0,2.0,1.0,1.0,1.0,0.0,1.0,1.0,0.0,0.0,0.0,0.0,0.0,0.0,0.0,0.0,0.0,0.0,0.0,0.0,0.0,0.0,1.0,1.0,1.0,1.0,2.0,1.0,1.0,0.0,0.0,0.0,0.0,1.0,0.0,1.0,1.0,1.0,1.0,3.0,4.0,1.0,1.0,3.0,0.0,0.0
Tremont,Bronx,neighborhood,0.0,0.0,0.0,0.0,0.0,0.0,0.0,0.0,0.0,0.0,0.0,0.0,0.0,0.0,0.0,0.0,0.0,0.0,0.0,0.0,0.0,0.0,0.0,0.0,0.0,0.0,0.0,0.0,0.0,0.0,0.0,0.0,0.0,0.0,0.0,0.0,0.0,0.0,0.0,0.0,0.0,0.0,0.0,0.0,0.0,1.0,2.0,2.0,1.0,0.0,0.0,0.0,0.0,1.0,1.0,0.0,1.0,0.0,1.0,3.0,3.0,0.0,3.0,8.0,8.0,4.0,1.0,3.0,5.0,7.0,7.0,10.0,7.0,8.0,6.0,2.0,2.0,5.0,4.0,3.0,3.0,4.0,4.0,3.0,4.0,3.0,2.0,4.0,6.0,2.0,2.0,2.0,2.0,4.0,4.0,5.0,3.0,2.0,3.0,6.0,3.0,2.0,2.0,1.0,1.0,4.0,4.0,5.0,5.0,8.0,10.0,2.0,8.0,14.0,9.0,8.0,3.0,5.0,4.0,0.0,4.0,1.0,4.0,5.0,3.0,5.0,6.0,4.0,4.0,4.0,4.0,7.0,9.0,8.0,7.0,7.0,12.0,12.0,9.0,9.0,10.0,7.0,5.0,7.0,12.0,4.0,6.0,8.0,10.0,12.0,8.0,7.0,6.0,13.0,5.0,2.0,6.0,6.0,4.0,6.0,6.0,6.0,10.0,7.0,7.0,6.0,6.0,6.0,2.0,3.0,4.0,9.0,5.0,1.0,3.0,2.0,4.0,3.0,3.0,3.0,8.0,5.0,6.0,5.0,6.0,6.0,4.0,5.0,10.0,9.0,8.0,1.0,2.0,1.0,3.0,2.0,6.0,5.0,6.0,7.0
Tribeca,Manhattan,neighborhood,35.0,40.0,42.0,42.0,42.0,41.0,32.0,42.0,37.0,34.0,27.0,10.0,20.0,20.0,27.0,32.0,22.0,19.0,16.0,21.0,23.0,31.0,19.0,12.0,17.0,21.0,24.0,23.0,25.0,20.0,23.0,19.0,16.0,17.0,20.0,26.0,25.0,22.0,27.0,24.0,27.0,37.0,36.0,35.0,43.0,44.0,31.0,21.0,30.0,28.0,35.0,40.0,42.0,45.0,53.0,41.0,39.0,31.0,25.0,28.0,28.0,19.0,34.0,38.0,35.0,36.0,53.0,78.0,37.0,27.0,29.0,29.0,36.0,40.0,36.0,48.0,53.0,50.0,57.0,53.0,39.0,41.0,37.0,34.0,43.0,38.0,39.0,38.0,42.0,41.0,26.0,40.0,42.0,32.0,31.0,18.0,36.0,44.0,42.0,42.0,39.0,33.0,40.0,44.0,35.0,38.0,34.0,27.0,34.0,34.0,45.0,52.0,53.0,48.0,49.0,36.0,26.0,41.0,29.0,30.0,37.0,30.0,37.0,40.0,59.0,70.0,82.0,74.0,89.0,77.0,68.0,63.0,65.0,76.0,93.0,97.0,69.0,61.0,55.0,36.0,27.0,21.0,27.0,17.0,23.0,30.0,30.0,34.0,26.0,34.0,35.0,29.0,30.0,23.0,27.0,31.0,34.0,31.0,28.0,43.0,57.0,47.0,36.0,39.0,35.0,31.0,20.0,23.0,23.0,25.0,27.0,26.0,26.0,30.0,34.0,33.0,21.0,23.0,17.0,15.0,21.0,26.0,27.0,26.0,30.0,26.0,28.0,26.0,30.0,32.0,21.0,15.0,22.0,23.0,24.0,18.0,33.0,32.0,30.0,29.0
University Heights,Bronx,neighborhood,1.0,1.0,0.0,0.0,0.0,0.0,0.0,0.0,0.0,0.0,0.0,0.0,0.0,1.0,1.0,0.0,0.0,0.0,0.0,0.0,1.0,2.0,1.0,0.0,0.0,1.0,1.0,0.0,0.0,1.0,2.0,5.0,5.0,2.0,1.0,2.0,2.0,1.0,0.0,0.0,1.0,3.0,3.0,3.0,1.0,0.0,0.0,2.0,2.0,3.0,1.0,1.0,1.0,0.0,3.0,3.0,4.0,3.0,2.0,2.0,2.0,4.0,5.0,10.0,10.0,10.0,7.0,3.0,0.0,0.0,0.0,2.0,5.0,5.0,4.0,3.0,2.0,4.0,2.0,5.0,4.0,3.0,5.0,4.0,8.0,3.0,0.0,2.0,4.0,4.0,4.0,2.0,1.0,4.0,3.0,1.0,2.0,3.0,3.0,1.0,0.0,1.0,1.0,2.0,1.0,2.0,2.0,3.0,4.0,0.0,1.0,2.0,2.0,2.0,5.0,3.0,4.0,1.0,3.0,2.0,3.0,0.0,0.0,0.0,1.0,2.0,0.0,1.0,0.0,0.0,1.0,3.0,3.0,3.0,2.0,4.0,2.0,0.0,1.0,1.0,1.0,1.0,3.0,3.0,6.0,11.0,11.0,4.0,4.0,6.0,1.0,4.0,5.0,5.0,3.0,2.0,2.0,0.0,1.0,0.0,0.0,2.0,2.0,2.0,1.0,0.0,2.0,4.0,3.0,4.0,1.0,3.0,2.0,2.0,1.0,0.0,0.0,4.0,6.0,4.0,0.0,3.0,6.0,4.0,3.0,5.0,1.0,1.0,2.0,7.0,6.0,5.0,5.0,3.0,6.0,3.0,3.0,3.0,2.0,2.0
Upper East Side,Manhattan,neighborhood,624.0,613.0,662.0,630.0,580.0,624.0,580.0,605.0,509.0,530.0,514.0,516.0,524.0,503.0,581.0,544.0,551.0,569.0,579.0,555.0,488.0,445.0,443.0,442.0,471.0,431.0,483.0,493.0,488.0,552.0,637.0,644.0,500.0,494.0,450.0,429.0,484.0,458.0,527.0,606.0,622.0,616.0,695.0,727.0,575.0,553.0,480.0,526.0,604.0,600.0,654.0,676.0,796.0,781.0,792.0,732.0,714.0,694.0,632.0,594.0,594.0,542.0,629.0,678.0,679.0,750.0,760.0,728.0,639.0,639.0,631.0,561.0,601.0,617.0,698.0,733.0,774.0,820.0,842.0,835.0,753.0,739.0,661.0,594.0,644.0,646.0,723.0,734.0,837.0,879.0,818.0,692.0,656.0,673.0,592.0,535.0,628.0,629.0,678.0,712.0,768.0,772.0,774.0,758.0,660.0,618.0,557.0,500.0,531.0,549.0,644.0,652.0,700.0,688.0,720.0,637.0,623.0,599.0,442.0,351.0,400.0,347.0,333.0,323.0,538.0,760.0,1110.0,1226.0,1292.0,1406.0,1336.0,1229.0,1293.0,1245.0,1364.0,1288.0,1244.0,1248.0,1192.0,922.0,656.0,579.0,403.0,316.0,319.0,280.0,350.0,348.0,394.0,521.0,535.0,467.0,428.0,392.0,375.0,354.0,380.0,302.0,360.0,350.0,459.0,505.0,531.0,566.0,448.0,495.0,389.0,332.0,384.0,389.0,419.0,454.0,501.0,527.0,578.0,547.0,461.0,451.0,381.0,337.0,377.0,359.0,397.0,397.0,443.0,463.0,495.0,435.0,445.0,426.0,330.0,292.0,294.0,313.0,405.0,374.0,395.0,439.0,495.0,433.0
Upper West Side,Manhattan,neighborhood,385.0,410.0,414.0,411.0,390.0,416.0,426.0,373.0,292.0,251.0,225.0,218.0,229.0,240.0,282.0,312.0,341.0,418.0,405.0,413.0,326.0,322.0,259.0,238.0,288.0,309.0,356.0,357.0,370.0,426.0,416.0,383.0,320.0,307.0,312.0,294.0,329.0,331.0,391.0,404.0,433.0,473.0,469.0,414.0,435.0,454.0,420.0,444.0,442.0,439.0,491.0,453.0,525.0,593.0,601.0,573.0,441.0,405.0,385.0,391.0,456.0,424.0,531.0,579.0,604.0,643.0,649.0,597.0,475.0,448.0,398.0,403.0,451.0,439.0,492.0,525.0,554.0,593.0,564.0,630.0,515.0,464.0,491.0,458.0,505.0,484.0,577.0,608.0,695.0,715.0,663.0,551.0,483.0,462.0,469.0,429.0,437.0,430.0,462.0,510.0,564.0,575.0,588.0,665.0,523.0,499.0,436.0,381.0,417.0,386.0,416.0,486.0,496.0,539.0,554.0,490.0,364.0,334.0,296.0,306.0,335.0,350.0,322.0,322.0,510.0,724.0,928.0,966.0,984.0,1024.0,893.0,801.0,842.0,845.0,927.0,879.0,804.0,802.0,733.0,615.0,366.0,333.0,282.0,226.0,247.0,248.0,278.0,303.0,342.0,387.0,378.0,342.0,314.0,277.0,246.0,230.0,291.0,285.0,317.0,298.0,397.0,409.0,421.0,415.0,367.0,353.0,335.0,313.0,330.0,334.0,326.0,332.0,414.0,431.0,442.0,395.0,358.0,321.0,295.0,263.0,305.0,325.0,323.0,378.0,442.0,458.0,408.0,336.0,281.0,261.0,256.0,240.0,260.0,254.0,331.0,387.0,450.0,477.0,441.0,416.0
Utopia,Queens,neighborhood,0.0,0.0,0.0,0.0,0.0,0.0,0.0,0.0,0.0,0.0,0.0,0.0,0.0,0.0,0.0,0.0,0.0,0.0,0.0,0.0,0.0,0.0,0.0,0.0,0.0,0.0,0.0,0.0,0.0,0.0,0.0,0.0,0.0,0.0,0.0,0.0,0.0,0.0,0.0,0.0,0.0,0.0,0.0,0.0,0.0,0.0,0.0,0.0,0.0,0.0,0.0,0.0,0.0,0.0,0.0,0.0,0.0,0.0,0.0,0.0,0.0,0.0,0.0,0.0,0.0,0.0,0.0,0.0,0.0,0.0,0.0,0.0,0.0,0.0,0.0,0.0,0.0,0.0,0.0,0.0,0.0,0.0,0.0,0.0,0.0,0.0,0.0,0.0,0.0,0.0,0.0,0.0,0.0,0.0,0.0,0.0,0.0,0.0,0.0,0.0,0.0,0.0,0.0,0.0,0.0,0.0,0.0,0.0,0.0,0.0,0.0,0.0,0.0,0.0,0.0,0.0,0.0,0.0,0.0,0.0,0.0,0.0,0.0,0.0,0.0,0.0,0.0,0.0,0.0,0.0,0.0,0.0,0.0,0.0,0.0,0.0,0.0,0.0,0.0,0.0,0.0,0.0,0.0,0.0,0.0,0.0,0.0,0.0,0.0,0.0,0.0,0.0,0.0,0.0,0.0,0.0,0.0,0.0,0.0,0.0,0.0,0.0,0.0,0.0,1.0,0.0,0.0,0.0,0.0,0.0,0.0,0.0,0.0,0.0,0.0,0.0,0.0,0.0,0.0,0.0,0.0,0.0,0.0,0.0,0.0,0.0,0.0,0.0,0.0,0.0,0.0,0.0,0.0,0.0,0.0,0.0,0.0,0.0,0.0,0.0
Van Nest,Bronx,neighborhood,0.0,0.0,0.0,0.0,0.0,0.0,0.0,0.0,0.0,0.0,0.0,0.0,0.0,0.0,0.0,0.0,0.0,0.0,0.0,0.0,0.0,0.0,0.0,0.0,0.0,0.0,0.0,0.0,0.0,0.0,0.0,0.0,0.0,0.0,0.0,0.0,0.0,0.0,0.0,0.0,0.0,0.0,0.0,0.0,0.0,0.0,0.0,0.0,0.0,0.0,0.0,0.0,0.0,0.0,0.0,0.0,1.0,0.0,0.0,1.0,1.0,1.0,1.0,0.0,1.0,2.0,2.0,0.0,0.0,0.0,2.0,2.0,0.0,0.0,0.0,0.0,3.0,3.0,3.0,3.0,3.0,3.0,6.0,4.0,1.0,2.0,2.0,2.0,2.0,3.0,0.0,0.0,0.0,0.0,0.0,0.0,0.0,0.0,0.0,0.0,0.0,0.0,0.0,2.0,2.0,0.0,1.0,1.0,0.0,1.0,0.0,1.0,1.0,1.0,0.0,0.0,0.0,0.0,0.0,0.0,0.0,0.0,0.0,0.0,0.0,0.0,0.0,0.0,0.0,0.0,1.0,1.0,1.0,0.0,0.0,0.0,0.0,0.0,0.0,0.0,0.0,0.0,0.0,0.0,0.0,0.0,0.0,0.0,0.0,0.0,0.0,0.0,0.0,0.0,0.0,0.0,0.0,0.0,0.0,0.0,0.0,1.0,2.0,0.0,0.0,0.0,0.0,0.0,0.0,1.0,0.0,0.0,0.0,0.0,0.0,0.0,0.0,0.0,0.0,0.0,0.0,0.0,0.0,0.0,0.0,0.0,0.0,0.0,0.0,0.0,0.0,0.0,0.0,0.0,0.0,0.0,0.0,0.0,0.0,0.0
Wakefield,Bronx,neighborhood,0.0,0.0,0.0,0.0,0.0,0.0,0.0,0.0,0.0,0.0,0.0,0.0,0.0,0.0,0.0,0.0,0.0,0.0,0.0,0.0,0.0,0.0,0.0,0.0,0.0,0.0,0.0,0.0,0.0,0.0,0.0,0.0,0.0,0.0,0.0,0.0,0.0,0.0,0.0,0.0,0.0,0.0,0.0,0.0,0.0,0.0,0.0,0.0,0.0,0.0,0.0,0.0,0.0,0.0,0.0,0.0,0.0,0.0,0.0,1.0,4.0,5.0,4.0,1.0,0.0,2.0,2.0,3.0,0.0,0.0,0.0,2.0,1.0,1.0,1.0,2.0,3.0,2.0,1.0,0.0,0.0,1.0,1.0,1.0,0.0,1.0,0.0,1.0,1.0,2.0,1.0,0.0,0.0,0.0,0.0,0.0,0.0,0.0,0.0,0.0,1.0,1.0,2.0,1.0,0.0,0.0,0.0,0.0,0.0,0.0,0.0,0.0,0.0,0.0,0.0,3.0,2.0,1.0,0.0,0.0,0.0,0.0,0.0,0.0,0.0,0.0,1.0,0.0,0.0,1.0,0.0,0.0,0.0,0.0,0.0,1.0,0.0,0.0,1.0,1.0,1.0,0.0,0.0,0.0,2.0,3.0,2.0,0.0,2.0,2.0,0.0,0.0,0.0,0.0,0.0,0.0,1.0,1.0,1.0,2.0,5.0,2.0,0.0,1.0,1.0,2.0,1.0,0.0,1.0,1.0,0.0,0.0,2.0,0.0,0.0,1.0,1.0,0.0,1.0,0.0,2.0,2.0,1.0,0.0,0.0,0.0,1.0,2.0,1.0,1.0,1.0,0.0,0.0,0.0,0.0,2.0,1.0,0.0,0.0,1.0
Washington Heights,Manhattan,neighborhood,8.0,10.0,17.0,13.0,11.0,10.0,10.0,9.0,9.0,9.0,11.0,7.0,6.0,5.0,3.0,5.0,12.0,15.0,9.0,11.0,8.0,8.0,7.0,8.0,8.0,11.0,16.0,18.0,23.0,23.0,20.0,25.0,20.0,22.0,19.0,18.0,21.0,17.0,23.0,27.0,22.0,21.0,22.0,25.0,32.0,33.0,34.0,38.0,41.0,33.0,35.0,34.0,48.0,43.0,54.0,48.0,43.0,52.0,38.0,41.0,56.0,44.0,50.0,57.0,48.0,62.0,67.0,36.0,42.0,48.0,25.0,34.0,32.0,54.0,31.0,39.0,33.0,61.0,65.0,57.0,60.0,58.0,61.0,53.0,51.0,68.0,72.0,67.0,84.0,93.0,77.0,46.0,53.0,53.0,46.0,39.0,36.0,60.0,67.0,68.0,63.0,70.0,67.0,66.0,51.0,67.0,51.0,47.0,54.0,47.0,70.0,74.0,66.0,69.0,87.0,89.0,61.0,57.0,65.0,47.0,52.0,34.0,35.0,22.0,40.0,62.0,70.0,89.0,85.0,91.0,84.0,97.0,84.0,70.0,65.0,68.0,72.0,88.0,76.0,72.0,58.0,59.0,62.0,51.0,55.0,46.0,61.0,54.0,39.0,32.0,28.0,38.0,34.0,33.0,27.0,31.0,47.0,37.0,37.0,26.0,39.0,45.0,41.0,42.0,41.0,31.0,34.0,39.0,41.0,37.0,38.0,39.0,53.0,44.0,46.0,61.0,42.0,47.0,36.0,39.0,37.0,42.0,47.0,40.0,35.0,35.0,34.0,40.0,36.0,33.0,30.0,26.0,45.0,40.0,42.0,41.0,41.0,29.0,27.0,22.0
West Harlem,Manhattan,neighborhood,1.0,1.0,3.0,1.0,0.0,1.0,1.0,0.0,0.0,1.0,0.0,1.0,1.0,1.0,1.0,1.0,0.0,0.0,0.0,0.0,1.0,1.0,1.0,1.0,1.0,1.0,1.0,1.0,0.0,0.0,0.0,1.0,1.0,0.0,0.0,0.0,0.0,0.0,0.0,1.0,1.0,3.0,6.0,3.0,8.0,1.0,1.0,0.0,0.0,0.0,0.0,0.0,2.0,4.0,3.0,3.0,2.0,2.0,1.0,0.0,1.0,0.0,2.0,1.0,0.0,1.0,0.0,6.0,3.0,1.0,3.0,3.0,4.0,6.0,9.0,9.0,4.0,4.0,3.0,2.0,2.0,0.0,1.0,4.0,4.0,4.0,6.0,8.0,6.0,5.0,8.0,9.0,6.0,1.0,5.0,3.0,3.0,7.0,9.0,4.0,8.0,11.0,12.0,15.0,17.0,17.0,15.0,15.0,24.0,15.0,4.0,6.0,9.0,5.0,8.0,11.0,6.0,12.0,7.0,3.0,4.0,4.0,4.0,5.0,5.0,6.0,8.0,9.0,10.0,7.0,5.0,4.0,3.0,5.0,7.0,9.0,9.0,8.0,7.0,9.0,4.0,6.0,10.0,10.0,6.0,5.0,4.0,6.0,5.0,5.0,4.0,8.0,4.0,4.0,4.0,4.0,3.0,4.0,7.0,5.0,6.0,9.0,8.0,7.0,5.0,3.0,2.0,3.0,3.0,3.0,2.0,2.0,6.0,2.0,3.0,5.0,9.0,6.0,5.0,1.0,3.0,2.0,2.0,7.0,4.0,11.0,10.0,11.0,12.0,10.0,6.0,6.0,7.0,6.0,7.0,9.0,5.0,8.0,9.0,6.0
West Village,Manhattan,neighborhood,159.0,154.0,144.0,163.0,170.0,169.0,164.0,186.0,102.0,113.0,112.0,110.0,150.0,135.0,127.0,116.0,113.0,129.0,123.0,110.0,104.0,108.0,94.0,86.0,99.0,91.0,110.0,121.0,130.0,140.0,168.0,160.0,146.0,123.0,138.0,112.0,120.0,119.0,144.0,160.0,153.0,154.0,182.0,171.0,144.0,126.0,105.0,106.0,135.0,142.0,143.0,164.0,181.0,190.0,153.0,161.0,147.0,150.0,137.0,138.0,132.0,147.0,167.0,164.0,168.0,183.0,167.0,170.0,137.0,125.0,127.0,128.0,150.0,162.0,167.0,169.0,174.0,170.0,161.0,171.0,171.0,188.0,200.0,179.0,185.0,157.0,187.0,194.0,208.0,201.0,191.0,184.0,164.0,178.0,155.0,135.0,158.0,160.0,139.0,153.0,191.0,222.0,221.0,190.0,144.0,137.0,133.0,125.0,146.0,134.0,154.0,177.0,176.0,143.0,143.0,142.0,129.0,120.0,100.0,84.0,117.0,105.0,103.0,98.0,183.0,245.0,326.0,353.0,366.0,374.0,311.0,325.0,324.0,303.0,310.0,277.0,205.0,176.0,130.0,102.0,68.0,59.0,65.0,51.0,63.0,71.0,74.0,82.0,65.0,96.0,91.0,110.0,98.0,92.0,101.0,85.0,88.0,83.0,117.0,133.0,135.0,156.0,150.0,156.0,133.0,126.0,110.0,96.0,119.0,106.0,87.0,104.0,130.0,146.0,167.0,148.0,132.0,118.0,84.0,71.0,79.0,87.0,128.0,143.0,155.0,137.0,140.0,127.0,124.0,122.0,97.0,96.0,111.0,99.0,115.0,119.0,107.0,115.0,134.0,109.0
Westchester Village,Bronx,neighborhood,0.0,0.0,0.0,0.0,0.0,0.0,0.0,0.0,0.0,0.0,0.0,0.0,0.0,0.0,0.0,0.0,0.0,0.0,0.0,0.0,0.0,0.0,0.0,0.0,0.0,0.0,0.0,0.0,0.0,0.0,0.0,0.0,0.0,0.0,0.0,0.0,0.0,0.0,0.0,0.0,0.0,0.0,0.0,0.0,0.0,0.0,0.0,0.0,0.0,0.0,0.0,0.0,0.0,0.0,0.0,0.0,0.0,0.0,0.0,0.0,1.0,1.0,0.0,0.0,0.0,0.0,0.0,0.0,0.0,1.0,2.0,1.0,0.0,0.0,0.0,0.0,0.0,0.0,0.0,0.0,0.0,1.0,1.0,1.0,0.0,0.0,0.0,0.0,0.0,0.0,0.0,0.0,1.0,0.0,0.0,0.0,0.0,0.0,0.0,0.0,0.0,0.0,0.0,0.0,0.0,0.0,0.0,0.0,0.0,0.0,0.0,0.0,1.0,1.0,1.0,1.0,0.0,0.0,0.0,0.0,0.0,0.0,0.0,0.0,0.0,1.0,1.0,0.0,0.0,0.0,0.0,0.0,0.0,0.0,0.0,0.0,0.0,0.0,0.0,0.0,0.0,0.0,0.0,1.0,1.0,0.0,1.0,1.0,0.0,0.0,1.0,1.0,1.0,0.0,0.0,1.0,0.0,0.0,1.0,0.0,0.0,0.0,0.0,0.0,0.0,0.0,0.0,0.0,0.0,0.0,0.0,0.0,0.0,0.0,1.0,0.0,0.0,0.0,0.0,0.0,0.0,0.0,0.0,1.0,0.0,0.0,0.0,0.0,0.0,1.0,0.0,0.0,0.0,0.0,0.0,0.0,0.0,0.0,0.0,0.0
Whitestone,Queens,neighborhood,0.0,0.0,0.0,0.0,0.0,0.0,0.0,0.0,0.0,0.0,0.0,0.0,0.0,0.0,0.0,0.0,0.0,0.0,0.0,0.0,0.0,0.0,0.0,0.0,1.0,1.0,1.0,0.0,0.0,0.0,0.0,0.0,0.0,0.0,0.0,0.0,0.0,0.0,0.0,0.0,0.0,0.0,0.0,0.0,0.0,0.0,0.0,0.0,0.0,0.0,0.0,0.0,1.0,1.0,0.0,0.0,0.0,0.0,0.0,0.0,0.0,0.0,0.0,0.0,0.0,1.0,1.0,0.0,0.0,3.0,4.0,0.0,0.0,0.0,0.0,0.0,0.0,0.0,0.0,0.0,0.0,1.0,1.0,2.0,1.0,0.0,0.0,0.0,0.0,0.0,0.0,0.0,0.0,0.0,0.0,0.0,0.0,0.0,3.0,2.0,1.0,0.0,0.0,0.0,0.0,0.0,0.0,0.0,0.0,0.0,0.0,0.0,1.0,1.0,0.0,0.0,0.0,1.0,1.0,2.0,0.0,2.0,1.0,0.0,0.0,0.0,0.0,0.0,0.0,0.0,0.0,0.0,1.0,1.0,2.0,0.0,0.0,0.0,1.0,0.0,0.0,0.0,0.0,1.0,0.0,0.0,0.0,0.0,0.0,0.0,0.0,0.0,0.0,3.0,1.0,0.0,0.0,1.0,0.0,1.0,0.0,0.0,0.0,0.0,2.0,2.0,2.0,0.0,0.0,0.0,2.0,1.0,1.0,1.0,1.0,2.0,1.0,1.0,0.0,1.0,1.0,1.0,0.0,0.0,0.0,1.0,1.0,0.0,0.0,0.0,0.0,0.0,0.0,0.0,0.0,0.0,0.0,1.0,0.0,1.0
Williamsbridge,Bronx,neighborhood,0.0,0.0,0.0,0.0,0.0,0.0,0.0,0.0,0.0,0.0,0.0,0.0,0.0,0.0,0.0,0.0,0.0,0.0,0.0,0.0,0.0,0.0,0.0,0.0,0.0,0.0,0.0,0.0,0.0,0.0,0.0,0.0,0.0,0.0,0.0,0.0,0.0,0.0,0.0,0.0,0.0,0.0,0.0,0.0,0.0,0.0,0.0,0.0,0.0,0.0,1.0,1.0,2.0,0.0,1.0,1.0,1.0,1.0,1.0,1.0,0.0,0.0,0.0,1.0,1.0,0.0,0.0,0.0,0.0,2.0,2.0,1.0,0.0,1.0,1.0,0.0,0.0,1.0,1.0,1.0,0.0,0.0,0.0,0.0,0.0,0.0,0.0,1.0,1.0,1.0,1.0,2.0,2.0,2.0,1.0,0.0,0.0,0.0,0.0,1.0,3.0,4.0,3.0,0.0,1.0,1.0,0.0,0.0,0.0,0.0,1.0,1.0,0.0,2.0,2.0,3.0,1.0,1.0,2.0,3.0,2.0,0.0,0.0,0.0,0.0,0.0,0.0,1.0,2.0,0.0,2.0,3.0,1.0,2.0,2.0,3.0,2.0,1.0,0.0,0.0,0.0,1.0,0.0,1.0,0.0,0.0,1.0,0.0,0.0,1.0,1.0,1.0,1.0,3.0,4.0,1.0,1.0,1.0,2.0,4.0,3.0,0.0,1.0,0.0,0.0,0.0,1.0,1.0,0.0,2.0,1.0,0.0,0.0,0.0,1.0,2.0,1.0,0.0,0.0,2.0,2.0,0.0,1.0,2.0,1.0,1.0,2.0,2.0,2.0,2.0,2.0,1.0,1.0,1.0,1.0,2.0,4.0,3.0,4.0,1.0
Williamsburg,Brooklyn,neighborhood,22.0,44.0,35.0,39.0,32.0,38.0,43.0,36.0,22.0,19.0,20.0,14.0,23.0,33.0,45.0,44.0,49.0,50.0,32.0,22.0,31.0,26.0,30.0,36.0,29.0,28.0,30.0,35.0,48.0,45.0,35.0,74.0,67.0,54.0,50.0,46.0,43.0,44.0,34.0,45.0,48.0,60.0,78.0,82.0,79.0,77.0,72.0,146.0,160.0,139.0,133.0,120.0,134.0,130.0,132.0,142.0,114.0,114.0,151.0,152.0,197.0,168.0,161.0,155.0,158.0,174.0,202.0,211.0,185.0,188.0,146.0,151.0,201.0,172.0,172.0,171.0,161.0,181.0,178.0,179.0,157.0,137.0,142.0,149.0,151.0,159.0,177.0,171.0,204.0,203.0,216.0,172.0,146.0,151.0,134.0,132.0,148.0,132.0,161.0,166.0,185.0,245.0,247.0,216.0,173.0,180.0,192.0,196.0,187.0,155.0,157.0,138.0,140.0,153.0,159.0,163.0,119.0,119.0,98.0,97.0,120.0,118.0,104.0,116.0,198.0,260.0,290.0,323.0,321.0,302.0,286.0,272.0,307.0,265.0,299.0,294.0,297.0,228.0,168.0,174.0,96.0,95.0,76.0,80.0,90.0,67.0,97.0,63.0,67.0,91.0,127.0,138.0,136.0,118.0,122.0,127.0,148.0,118.0,136.0,112.0,137.0,136.0,130.0,136.0,113.0,112.0,119.0,115.0,132.0,148.0,171.0,170.0,211.0,211.0,193.0,210.0,196.0,156.0,134.0,136.0,184.0,172.0,161.0,177.0,167.0,180.0,220.0,229.0,188.0,214.0,140.0,113.0,126.0,122.0,154.0,170.0,174.0,195.0,212.0,214.0
Windsor Terrace,Brooklyn,neighborhood,2.0,3.0,2.0,3.0,5.0,3.0,2.0,1.0,0.0,0.0,1.0,1.0,3.0,4.0,5.0,5.0,4.0,2.0,0.0,1.0,0.0,0.0,0.0,0.0,0.0,0.0,1.0,2.0,0.0,2.0,3.0,1.0,0.0,0.0,1.0,7.0,8.0,4.0,3.0,4.0,5.0,3.0,2.0,4.0,2.0,2.0,1.0,2.0,4.0,4.0,3.0,3.0,4.0,3.0,4.0,8.0,13.0,7.0,5.0,6.0,3.0,2.0,5.0,4.0,2.0,6.0,11.0,4.0,22.0,15.0,7.0,3.0,8.0,6.0,5.0,8.0,8.0,6.0,7.0,4.0,3.0,4.0,7.0,5.0,6.0,12.0,14.0,13.0,12.0,10.0,8.0,4.0,4.0,4.0,3.0,4.0,5.0,6.0,6.0,10.0,14.0,14.0,10.0,6.0,9.0,7.0,7.0,8.0,3.0,7.0,8.0,7.0,7.0,9.0,13.0,8.0,6.0,5.0,4.0,6.0,10.0,6.0,3.0,1.0,6.0,10.0,12.0,18.0,24.0,17.0,9.0,8.0,13.0,13.0,9.0,9.0,10.0,11.0,8.0,8.0,5.0,8.0,7.0,5.0,6.0,3.0,2.0,5.0,6.0,5.0,2.0,6.0,4.0,4.0,4.0,3.0,3.0,4.0,4.0,2.0,4.0,6.0,8.0,8.0,3.0,3.0,0.0,1.0,5.0,3.0,4.0,3.0,5.0,5.0,8.0,11.0,7.0,4.0,4.0,2.0,2.0,0.0,5.0,3.0,4.0,5.0,4.0,3.0,5.0,8.0,8.0,4.0,5.0,5.0,2.0,6.0,6.0,4.0,6.0,10.0
Woodhaven,Queens,neighborhood,0.0,0.0,0.0,0.0,0.0,0.0,0.0,0.0,0.0,0.0,0.0,0.0,0.0,0.0,0.0,0.0,0.0,0.0,0.0,0.0,0.0,0.0,0.0,0.0,0.0,0.0,0.0,0.0,0.0,1.0,1.0,1.0,1.0,1.0,1.0,1.0,1.0,1.0,1.0,0.0,0.0,0.0,0.0,0.0,2.0,2.0,2.0,0.0,0.0,0.0,0.0,0.0,0.0,0.0,0.0,0.0,0.0,0.0,2.0,3.0,0.0,0.0,0.0,0.0,0.0,0.0,0.0,0.0,0.0,0.0,0.0,0.0,0.0,0.0,0.0,0.0,0.0,0.0,0.0,1.0,0.0,0.0,0.0,1.0,1.0,1.0,1.0,1.0,1.0,1.0,2.0,2.0,0.0,1.0,0.0,0.0,1.0,0.0,2.0,1.0,3.0,1.0,2.0,0.0,0.0,0.0,0.0,1.0,0.0,0.0,2.0,1.0,0.0,2.0,3.0,3.0,0.0,4.0,1.0,5.0,5.0,2.0,0.0,0.0,0.0,1.0,1.0,5.0,6.0,1.0,1.0,1.0,0.0,2.0,1.0,1.0,0.0,3.0,3.0,7.0,4.0,6.0,3.0,3.0,7.0,2.0,2.0,2.0,0.0,3.0,1.0,1.0,1.0,0.0,2.0,2.0,1.0,1.0,0.0,3.0,4.0,3.0,3.0,6.0,0.0,0.0,0.0,0.0,0.0,0.0,2.0,2.0,1.0,1.0,0.0,2.0,1.0,2.0,3.0,3.0,2.0,0.0,1.0,1.0,3.0,1.0,1.0,1.0,1.0,2.0,3.0,1.0,0.0,2.0,1.0,1.0,1.0,2.0,0.0,2.0
Woodlawn,Bronx,neighborhood,0.0,0.0,0.0,0.0,0.0,0.0,0.0,0.0,0.0,0.0,0.0,0.0,0.0,0.0,0.0,0.0,0.0,0.0,0.0,0.0,0.0,0.0,0.0,0.0,0.0,0.0,0.0,0.0,0.0,0.0,0.0,0.0,0.0,0.0,0.0,0.0,0.0,0.0,0.0,0.0,0.0,0.0,0.0,0.0,0.0,0.0,0.0,0.0,0.0,0.0,0.0,0.0,0.0,0.0,0.0,0.0,0.0,0.0,0.0,0.0,1.0,1.0,1.0,1.0,0.0,0.0,0.0,0.0,0.0,0.0,0.0,0.0,0.0,0.0,0.0,0.0,0.0,1.0,1.0,0.0,0.0,0.0,0.0,0.0,0.0,0.0,0.0,0.0,0.0,0.0,0.0,0.0,0.0,1.0,1.0,0.0,0.0,0.0,1.0,0.0,0.0,0.0,0.0,0.0,0.0,0.0,0.0,1.0,1.0,1.0,1.0,1.0,0.0,0.0,0.0,0.0,0.0,0.0,0.0,0.0,0.0,0.0,0.0,0.0,0.0,0.0,0.0,1.0,2.0,2.0,0.0,0.0,0.0,0.0,1.0,1.0,1.0,1.0,0.0,0.0,0.0,0.0,1.0,1.0,1.0,0.0,0.0,0.0,0.0,0.0,0.0,0.0,0.0,0.0,0.0,0.0,0.0,0.0,0.0,0.0,0.0,0.0,0.0,0.0,0.0,0.0,0.0,0.0,0.0,0.0,0.0,0.0,0.0,0.0,0.0,0.0,0.0,0.0,0.0,0.0,0.0,0.0,0.0,0.0,0.0,0.0,0.0,0.0,0.0,0.0,0.0,0.0,0.0,0.0,0.0,0.0,0.0,0.0,0.0,0.0
Woodside,Queens,neighborhood,0.0,1.0,2.0,2.0,1.0,0.0,0.0,0.0,0.0,0.0,1.0,3.0,1.0,0.0,0.0,0.0,0.0,0.0,0.0,1.0,2.0,1.0,0.0,0.0,2.0,3.0,2.0,0.0,0.0,0.0,0.0,0.0,1.0,0.0,0.0,0.0,0.0,0.0,0.0,1.0,1.0,0.0,0.0,0.0,2.0,2.0,2.0,1.0,6.0,9.0,7.0,3.0,2.0,3.0,4.0,4.0,4.0,4.0,7.0,6.0,3.0,7.0,6.0,4.0,5.0,6.0,6.0,8.0,6.0,9.0,9.0,6.0,3.0,7.0,9.0,8.0,8.0,3.0,9.0,5.0,10.0,8.0,12.0,11.0,22.0,16.0,16.0,20.0,12.0,13.0,14.0,9.0,15.0,10.0,17.0,9.0,14.0,20.0,12.0,11.0,15.0,17.0,33.0,17.0,17.0,15.0,13.0,20.0,19.0,14.0,15.0,15.0,14.0,17.0,16.0,6.0,16.0,13.0,10.0,5.0,12.0,9.0,4.0,6.0,12.0,12.0,20.0,12.0,16.0,20.0,20.0,24.0,18.0,12.0,19.0,33.0,32.0,18.0,21.0,18.0,10.0,17.0,15.0,15.0,15.0,12.0,12.0,21.0,17.0,8.0,7.0,10.0,8.0,5.0,8.0,7.0,17.0,16.0,15.0,17.0,18.0,22.0,23.0,27.0,22.0,23.0,14.0,15.0,16.0,22.0,19.0,14.0,16.0,16.0,17.0,20.0,22.0,30.0,31.0,23.0,26.0,19.0,15.0,21.0,17.0,17.0,12.0,16.0,24.0,25.0,21.0,24.0,20.0,15.0,23.0,17.0,14.0,22.0,15.0,24.0
Woodstock,Bronx,neighborhood,0.0,0.0,0.0,0.0,0.0,0.0,0.0,0.0,0.0,0.0,0.0,0.0,0.0,0.0,0.0,0.0,0.0,0.0,0.0,0.0,0.0,0.0,0.0,0.0,0.0,0.0,0.0,0.0,0.0,0.0,0.0,0.0,0.0,0.0,0.0,0.0,1.0,1.0,1.0,0.0,1.0,2.0,2.0,2.0,2.0,0.0,1.0,1.0,1.0,1.0,1.0,1.0,1.0,2.0,1.0,1.0,0.0,0.0,2.0,1.0,2.0,0.0,0.0,0.0,0.0,0.0,2.0,1.0,1.0,1.0,1.0,0.0,0.0,0.0,0.0,0.0,0.0,0.0,0.0,0.0,0.0,0.0,0.0,0.0,1.0,1.0,1.0,2.0,1.0,0.0,0.0,0.0,0.0,0.0,0.0,0.0,0.0,0.0,0.0,0.0,0.0,1.0,1.0,0.0,0.0,0.0,1.0,1.0,0.0,0.0,1.0,1.0,0.0,0.0,1.0,3.0,2.0,0.0,0.0,0.0,0.0,2.0,1.0,0.0,0.0,0.0,0.0,0.0,0.0,0.0,1.0,1.0,0.0,0.0,3.0,1.0,0.0,0.0,2.0,2.0,1.0,2.0,1.0,0.0,1.0,3.0,0.0,1.0,2.0,1.0,0.0,0.0,0.0,1.0,2.0,0.0,1.0,1.0,1.0,1.0,4.0,2.0,0.0,0.0,0.0,0.0,0.0,0.0,0.0,0.0,0.0,0.0,0.0,2.0,2.0,2.0,1.0,1.0,0.0,0.0,0.0,0.0,0.0,0.0,0.0,0.0,0.0,0.0,0.0,0.0,0.0,1.0,2.0,2.0,0.0,0.0,0.0,0.0,1.0,1.0
