areaName,Borough,areaType,2010-01,2010-02,2010-03,2010-04,2010-05,2010-06,2010-07,2010-08,2010-09,2010-10,2010-11,2010-12,2011-01,2011-02,2011-03,2011-04,2011-05,2011-06,2011-07,2011-08,2011-09,2011-10,2011-11,2011-12,2012-01,2012-02,2012-03,2012-04,2012-05,2012-06,2012-07,2012-08,2012-09,2012-10,2012-11,2012-12,2013-01,2013-02,2013-03,2013-04,2013-05,2013-06,2013-07,2013-08,2013-09,2013-10,2013-11,2013-12,2014-01,2014-02,2014-03,2014-04,2014-05,2014-06,2014-07,2014-08,2014-09,2014-10,2014-11,2014-12,2015-01,2015-02,2015-03,2015-04,2015-05,2015-06,2015-07,2015-08,2015-09,2015-10,2015-11,2015-12,2016-01,2016-02,2016-03,2016-04,2016-05,2016-06,2016-07,2016-08,2016-09,2016-10,2016-11,2016-12,2017-01,2017-02,2017-03,2017-04,2017-05,2017-06,2017-07,2017-08,2017-09,2017-10,2017-11,2017-12,2018-01,2018-02,2018-03,2018-04,2018-05,2018-06,2018-07,2018-08,2018-09,2018-10,2018-11,2018-12,2019-01,2019-02,2019-03,2019-04,2019-05,2019-06,2019-07,2019-08,2019-09,2019-10,2019-11,2019-12,2020-01,2020-02,2020-03,2020-04,2020-05,2020-06,2020-07,2020-08,2020-09,2020-10,2020-11,2020-12,2021-01,2021-02,2021-03,2021-04,2021-05,2021-06,2021-07,2021-08,2021-09,2021-10,2021-11,2021-12,2022-01,2022-02,2022-03,2022-04,2022-05,2022-06,2022-07,2022-08,2022-09,2022-10,2022-11,2022-12,2023-01,2023-02,2023-03,2023-04,2023-05,2023-06,2023-07,2023-08,2023-09,2023-10,2023-11,2023-12,2024-01,2024-02,2024-03,2024-04,2024-05,2024-06,2024-07,2024-08,2024-09,2024-10,2024-11,2024-12,2025-01,2025-02,2025-03,2025-04,2025-05,2025-06,2025-07,2025-08,2025-09,2025-10,2025-11,2025-12,2026-01,2026-02,2026-03,2026-04,2026-05,2026-06,2026-07,2026-08
Astoria,Queens,neighborhood,33.0,35.0,34.0,25.0,22.0,21.0,18.0,13.0,19.0,25.0,20.0,15.0,13.0,12.0,17.0,19.0,23.0,33.0,33.0,30.0,27.0,31.0,24.0,27.0,35.0,32.0,36.0,48.0,68.0,55.0,48.0,56.0,45.0,48.0,60.0,69.0,79.0,62.0,82.0,90.0,101.0,124.0,133.0,113.0,130.0,145.0,134.0,161.0,224.0,234.0,263.0,337.0,390.0,366.0,320.0,336.0,326.0,353.0,364.0,398.0,323.0,369.0,423.0,409.0,525.0,592.0,486.0,438.0,359.0,449.0,461.0,397.0,353.0,335.0,404.0,502.0,509.0,538.0,493.0,495.0,506.0,575.0,543.0,506.0,657.0,798.0,941.0,923.0,967.0,1053.0,944.0,583.0,668.0,640.0,575.0,533.0,541.0,608.0,669.0,633.0,758.0,788.0,713.0,669.0,613.0,706.0,626.0,561.0,570.0,544.0,597.0,641.0,689.0,635.0,739.0,632.0,560.0,566.0,468.0,374.0,396.0,373.0,318.0,243.0,425.0,623.0,858.0,973.0,1084.0,1136.0,1043.0,939.0,985.0,887.0,1004.0,908.0,829.0,780.0,693.0,634.0,591.0,585.0,522.0,449.0,435.0,438.0,396.0,313.0,281.0,291.0,267.0,311.0,387.0,420.0,362.0,271.0,354.0,364.0,348.0,288.0,306.0,348.0,384.0,349.0,364.0,386.0,418.0,370.0,373.0,345.0,387.0,395.0,436.0,461.0,447.0,370.0,395.0,437.0,425.0,429.0,438.0,403.0,424.0,448.0,445.0,415.0,382.0,405.0,464.0,502.0,456.0,383.0,356.0,308.0,339.0,338.0,319.0,339.0,400.0,384.0
Auburndale,Queens,neighborhood,1.0,1.0,1.0,0.0,0.0,0.0,0.0,0.0,0.0,0.0,0.0,0.0,0.0,1.0,2.0,1.0,1.0,1.0,2.0,1.0,1.0,0.0,1.0,2.0,1.0,1.0,1.0,1.0,2.0,2.0,1.0,0.0,0.0,0.0,1.0,1.0,1.0,1.0,1.0,2.0,1.0,0.0,0.0,2.0,1.0,3.0,4.0,1.0,0.0,1.0,2.0,4.0,5.0,6.0,2.0,3.0,2.0,2.0,2.0,1.0,4.0,3.0,3.0,5.0,6.0,4.0,5.0,9.0,6.0,2.0,0.0,2.0,5.0,3.0,4.0,11.0,6.0,4.0,6.0,6.0,4.0,4.0,4.0,1.0,0.0,2.0,4.0,3.0,3.0,4.0,5.0,3.0,5.0,3.0,2.0,4.0,2.0,2.0,4.0,3.0,3.0,3.0,8.0,8.0,6.0,8.0,5.0,4.0,4.0,2.0,6.0,7.0,8.0,4.0,4.0,4.0,7.0,12.0,6.0,7.0,8.0,5.0,4.0,0.0,5.0,3.0,3.0,7.0,9.0,9.0,8.0,6.0,6.0,6.0,6.0,3.0,5.0,2.0,1.0,2.0,4.0,3.0,1.0,0.0,1.0,1.0,7.0,5.0,4.0,2.0,0.0,2.0,1.0,3.0,2.0,2.0,5.0,5.0,7.0,4.0,3.0,6.0,3.0,1.0,2.0,2.0,2.0,4.0,5.0,0.0,3.0,4.0,2.0,1.0,2.0,4.0,4.0,4.0,4.0,7.0,5.0,2.0,2.0,5.0,4.0,3.0,2.0,2.0,1.0,1.0,2.0,1.0,2.0,2.0,4.0,1.0,2.0,3.0,3.0,5.0
Bath Beach,Brooklyn,neighborhood,0.0,0.0,0.0,0.0,0.0,0.0,0.0,0.0,0.0,0.0,0.0,0.0,0.0,0.0,1.0,1.0,1.0,2.0,3.0,3.0,2.0,2.0,3.0,2.0,2.0,2.0,3.0,2.0,2.0,1.0,1.0,0.0,2.0,2.0,1.0,0.0,0.0,0.0,1.0,1.0,0.0,0.0,0.0,0.0,1.0,3.0,3.0,3.0,3.0,1.0,1.0,0.0,3.0,7.0,7.0,7.0,2.0,0.0,0.0,3.0,5.0,3.0,3.0,7.0,9.0,6.0,7.0,9.0,9.0,10.0,4.0,5.0,6.0,5.0,6.0,6.0,3.0,5.0,7.0,7.0,2.0,4.0,7.0,7.0,7.0,10.0,14.0,15.0,16.0,16.0,16.0,9.0,9.0,9.0,4.0,4.0,9.0,11.0,10.0,11.0,16.0,14.0,25.0,25.0,19.0,25.0,15.0,18.0,13.0,13.0,30.0,18.0,23.0,23.0,21.0,6.0,12.0,16.0,10.0,6.0,11.0,6.0,6.0,2.0,3.0,7.0,9.0,8.0,8.0,5.0,9.0,16.0,25.0,22.0,16.0,13.0,10.0,22.0,25.0,23.0,19.0,25.0,19.0,15.0,17.0,13.0,23.0,10.0,16.0,7.0,11.0,9.0,14.0,7.0,1.0,3.0,3.0,2.0,9.0,9.0,8.0,4.0,6.0,12.0,5.0,16.0,9.0,15.0,12.0,5.0,5.0,10.0,5.0,7.0,8.0,10.0,11.0,5.0,3.0,6.0,5.0,5.0,1.0,6.0,5.0,3.0,5.0,4.0,11.0,6.0,7.0,8.0,5.0,5.0,5.0,4.0,5.0,5.0,8.0,10.0
Battery Park City,Manhattan,neighborhood,63.0,64.0,48.0,37.0,39.0,48.0,47.0,53.0,44.0,37.0,34.0,38.0,48.0,44.0,53.0,57.0,46.0,44.0,49.0,49.0,63.0,68.0,69.0,59.0,56.0,51.0,59.0,64.0,78.0,88.0,94.0,106.0,90.0,87.0,92.0,71.0,83.0,68.0,70.0,77.0,91.0,88.0,97.0,108.0,97.0,116.0,78.0,90.0,81.0,81.0,80.0,81.0,113.0,115.0,109.0,99.0,90.0,85.0,77.0,59.0,71.0,59.0,67.0,71.0,81.0,87.0,89.0,92.0,92.0,100.0,90.0,82.0,80.0,86.0,81.0,90.0,81.0,104.0,105.0,111.0,91.0,78.0,82.0,69.0,76.0,63.0,62.0,75.0,79.0,79.0,84.0,72.0,72.0,74.0,57.0,59.0,63.0,63.0,67.0,68.0,74.0,70.0,77.0,85.0,82.0,70.0,67.0,54.0,65.0,56.0,65.0,69.0,74.0,63.0,64.0,59.0,58.0,72.0,61.0,60.0,59.0,42.0,39.0,32.0,70.0,90.0,100.0,120.0,120.0,115.0,102.0,98.0,78.0,77.0,86.0,76.0,53.0,46.0,37.0,36.0,24.0,31.0,34.0,34.0,36.0,35.0,37.0,21.0,33.0,39.0,43.0,36.0,44.0,64.0,60.0,54.0,48.0,40.0,47.0,42.0,54.0,66.0,67.0,76.0,65.0,65.0,62.0,65.0,69.0,55.0,40.0,46.0,56.0,38.0,53.0,46.0,37.0,39.0,45.0,53.0,51.0,29.0,33.0,38.0,48.0,33.0,44.0,49.0,35.0,42.0,39.0,39.0,46.0,29.0,41.0,47.0,52.0,33.0,48.0,43.0
Bay Ridge,Brooklyn,neighborhood,13.0,13.0,11.0,12.0,9.0,13.0,10.0,8.0,11.0,12.0,17.0,15.0,11.0,17.0,14.0,12.0,19.0,19.0,17.0,16.0,16.0,12.0,11.0,9.0,10.0,11.0,13.0,11.0,10.0,9.0,7.0,10.0,17.0,17.0,17.0,12.0,13.0,13.0,18.0,17.0,18.0,15.0,21.0,29.0,30.0,46.0,58.0,50.0,71.0,85.0,76.0,61.0,57.0,71.0,87.0,88.0,89.0,88.0,88.0,79.0,78.0,79.0,97.0,119.0,128.0,121.0,116.0,120.0,93.0,95.0,104.0,87.0,102.0,99.0,86.0,106.0,124.0,133.0,121.0,127.0,94.0,102.0,102.0,92.0,122.0,164.0,221.0,218.0,232.0,253.0,235.0,120.0,137.0,165.0,165.0,124.0,135.0,144.0,175.0,191.0,216.0,220.0,204.0,209.0,193.0,224.0,190.0,149.0,162.0,172.0,199.0,201.0,205.0,144.0,150.0,146.0,122.0,136.0,123.0,86.0,97.0,94.0,89.0,49.0,76.0,98.0,127.0,143.0,187.0,187.0,159.0,129.0,184.0,166.0,187.0,202.0,200.0,171.0,141.0,143.0,106.0,124.0,122.0,101.0,98.0,83.0,91.0,97.0,68.0,78.0,70.0,91.0,108.0,111.0,89.0,102.0,86.0,80.0,92.0,52.0,64.0,75.0,63.0,59.0,85.0,83.0,80.0,63.0,64.0,63.0,61.0,71.0,83.0,72.0,79.0,83.0,60.0,62.0,57.0,37.0,50.0,64.0,88.0,86.0,76.0,73.0,48.0,41.0,50.0,57.0,53.0,46.0,49.0,50.0,51.0,49.0,53.0,57.0,63.0,56.0
Baychester,Bronx,neighborhood,0.0,0.0,0.0,0.0,0.0,0.0,0.0,0.0,0.0,0.0,0.0,0.0,0.0,0.0,0.0,0.0,0.0,0.0,0.0,0.0,0.0,0.0,0.0,0.0,0.0,0.0,0.0,0.0,0.0,0.0,0.0,0.0,0.0,0.0,0.0,0.0,0.0,0.0,0.0,0.0,0.0,0.0,0.0,0.0,0.0,0.0,0.0,0.0,0.0,0.0,0.0,0.0,0.0,0.0,0.0,0.0,0.0,0.0,0.0,0.0,0.0,0.0,0.0,0.0,1.0,0.0,0.0,0.0,0.0,0.0,0.0,0.0,0.0,0.0,1.0,1.0,1.0,0.0,0.0,0.0,0.0,0.0,1.0,1.0,0.0,0.0,0.0,0.0,0.0,0.0,0.0,0.0,0.0,0.0,1.0,1.0,0.0,0.0,0.0,0.0,0.0,0.0,0.0,0.0,0.0,0.0,0.0,0.0,0.0,0.0,0.0,0.0,0.0,0.0,0.0,0.0,0.0,0.0,0.0,1.0,0.0,0.0,0.0,0.0,0.0,0.0,0.0,0.0,0.0,0.0,0.0,0.0,0.0,0.0,0.0,0.0,1.0,2.0,1.0,0.0,0.0,0.0,0.0,0.0,0.0,0.0,0.0,0.0,0.0,0.0,0.0,0.0,0.0,0.0,0.0,0.0,0.0,0.0,0.0,0.0,0.0,0.0,0.0,1.0,1.0,1.0,0.0,0.0,0.0,0.0,0.0,0.0,0.0,0.0,0.0,0.0,0.0,0.0,0.0,0.0,0.0,0.0,0.0,0.0,0.0,0.0,0.0,0.0,0.0,0.0,0.0,0.0,0.0,0.0,0.0,0.0,0.0,0.0,0.0,0.0
Bayside,Queens,neighborhood,3.0,2.0,2.0,2.0,2.0,1.0,1.0,1.0,1.0,1.0,1.0,4.0,2.0,2.0,2.0,2.0,5.0,7.0,5.0,6.0,6.0,5.0,7.0,4.0,4.0,3.0,2.0,3.0,3.0,4.0,7.0,7.0,7.0,6.0,5.0,6.0,4.0,6.0,5.0,7.0,8.0,4.0,5.0,8.0,6.0,4.0,6.0,6.0,5.0,3.0,10.0,11.0,10.0,9.0,10.0,9.0,11.0,11.0,8.0,9.0,11.0,13.0,13.0,9.0,10.0,3.0,6.0,4.0,5.0,6.0,6.0,7.0,9.0,10.0,9.0,7.0,7.0,7.0,5.0,5.0,10.0,10.0,10.0,7.0,9.0,9.0,9.0,8.0,10.0,19.0,21.0,13.0,10.0,8.0,12.0,10.0,8.0,9.0,4.0,7.0,5.0,13.0,17.0,13.0,12.0,8.0,13.0,13.0,15.0,13.0,17.0,16.0,13.0,16.0,11.0,18.0,12.0,16.0,27.0,21.0,15.0,11.0,12.0,7.0,14.0,17.0,13.0,11.0,9.0,18.0,23.0,14.0,13.0,11.0,12.0,7.0,11.0,10.0,7.0,8.0,7.0,16.0,13.0,8.0,9.0,15.0,11.0,10.0,17.0,15.0,7.0,11.0,10.0,12.0,14.0,19.0,32.0,19.0,13.0,12.0,8.0,5.0,10.0,13.0,9.0,9.0,12.0,16.0,22.0,6.0,7.0,7.0,12.0,13.0,18.0,23.0,24.0,18.0,8.0,8.0,14.0,6.0,8.0,11.0,10.0,9.0,13.0,14.0,13.0,19.0,11.0,9.0,12.0,13.0,17.0,12.0,10.0,14.0,14.0,12.0
Bedford Park,Bronx,neighborhood,0.0,0.0,0.0,0.0,0.0,0.0,0.0,0.0,0.0,1.0,1.0,1.0,1.0,0.0,2.0,2.0,2.0,3.0,4.0,4.0,4.0,1.0,1.0,1.0,1.0,2.0,2.0,1.0,1.0,2.0,2.0,1.0,1.0,2.0,3.0,1.0,0.0,1.0,2.0,1.0,0.0,0.0,0.0,0.0,2.0,4.0,3.0,2.0,2.0,0.0,1.0,1.0,0.0,0.0,6.0,10.0,11.0,9.0,14.0,14.0,15.0,18.0,11.0,7.0,1.0,6.0,12.0,14.0,13.0,10.0,3.0,7.0,8.0,7.0,8.0,10.0,7.0,5.0,7.0,7.0,12.0,15.0,12.0,5.0,5.0,5.0,7.0,5.0,4.0,7.0,7.0,4.0,1.0,4.0,3.0,4.0,3.0,2.0,1.0,4.0,4.0,4.0,7.0,6.0,1.0,3.0,3.0,4.0,7.0,6.0,5.0,4.0,5.0,4.0,6.0,6.0,7.0,9.0,11.0,4.0,3.0,2.0,1.0,0.0,0.0,0.0,4.0,5.0,4.0,0.0,2.0,4.0,1.0,1.0,3.0,3.0,4.0,1.0,3.0,3.0,3.0,5.0,6.0,4.0,9.0,6.0,3.0,2.0,3.0,5.0,5.0,7.0,3.0,4.0,4.0,3.0,2.0,2.0,10.0,5.0,4.0,1.0,4.0,5.0,5.0,4.0,3.0,4.0,1.0,1.0,2.0,2.0,1.0,9.0,11.0,9.0,6.0,5.0,3.0,6.0,3.0,1.0,2.0,1.0,2.0,1.0,3.0,1.0,1.0,1.0,3.0,1.0,3.0,3.0,1.0,1.0,1.0,3.0,2.0,3.0
Bedford-Stuyvesant,Brooklyn,neighborhood,44.0,45.0,46.0,41.0,37.0,42.0,38.0,47.0,40.0,51.0,48.0,48.0,69.0,87.0,80.0,69.0,61.0,52.0,56.0,68.0,72.0,85.0,72.0,59.0,72.0,82.0,80.0,93.0,89.0,89.0,100.0,95.0,73.0,81.0,97.0,115.0,116.0,106.0,126.0,166.0,167.0,159.0,178.0,182.0,159.0,214.0,210.0,212.0,225.0,214.0,271.0,289.0,321.0,353.0,377.0,421.0,387.0,365.0,396.0,380.0,415.0,431.0,462.0,500.0,554.0,633.0,662.0,683.0,589.0,591.0,494.0,435.0,470.0,461.0,540.0,502.0,559.0,644.0,699.0,751.0,628.0,582.0,611.0,585.0,652.0,640.0,737.0,746.0,880.0,977.0,995.0,648.0,632.0,691.0,670.0,535.0,587.0,580.0,613.0,652.0,652.0,660.0,768.0,790.0,716.0,853.0,777.0,656.0,689.0,647.0,732.0,690.0,753.0,767.0,874.0,862.0,641.0,502.0,443.0,431.0,526.0,539.0,445.0,333.0,682.0,940.0,1169.0,1235.0,1226.0,1159.0,1018.0,1008.0,959.0,854.0,860.0,824.0,893.0,883.0,870.0,790.0,536.0,534.0,552.0,390.0,373.0,337.0,409.0,381.0,366.0,461.0,470.0,557.0,538.0,424.0,477.0,396.0,453.0,459.0,490.0,415.0,537.0,573.0,580.0,626.0,517.0,557.0,584.0,486.0,503.0,434.0,421.0,460.0,620.0,680.0,692.0,685.0,604.0,601.0,594.0,521.0,489.0,415.0,519.0,506.0,578.0,646.0,682.0,555.0,466.0,448.0,425.0,346.0,368.0,359.0,456.0,412.0,463.0,625.0,619.0,498.0
Bellerose,Queens,neighborhood,0.0,0.0,0.0,0.0,0.0,0.0,0.0,0.0,0.0,0.0,0.0,0.0,0.0,0.0,0.0,0.0,0.0,0.0,0.0,0.0,0.0,0.0,0.0,0.0,0.0,0.0,0.0,0.0,0.0,0.0,0.0,0.0,0.0,0.0,0.0,0.0,0.0,0.0,0.0,0.0,0.0,0.0,0.0,0.0,0.0,0.0,0.0,0.0,0.0,1.0,2.0,3.0,2.0,6.0,5.0,5.0,7.0,6.0,5.0,3.0,6.0,3.0,1.0,2.0,0.0,0.0,1.0,2.0,1.0,3.0,2.0,0.0,4.0,5.0,5.0,3.0,5.0,1.0,1.0,1.0,0.0,1.0,4.0,4.0,4.0,3.0,2.0,1.0,1.0,2.0,1.0,1.0,0.0,1.0,0.0,2.0,6.0,6.0,4.0,2.0,0.0,0.0,0.0,0.0,0.0,0.0,0.0,1.0,3.0,0.0,0.0,0.0,1.0,0.0,3.0,2.0,4.0,2.0,1.0,1.0,0.0,0.0,0.0,0.0,0.0,1.0,1.0,1.0,1.0,1.0,1.0,1.0,1.0,0.0,0.0,0.0,0.0,0.0,0.0,1.0,2.0,1.0,0.0,0.0,0.0,0.0,0.0,2.0,2.0,1.0,0.0,1.0,0.0,1.0,2.0,2.0,2.0,0.0,0.0,2.0,2.0,0.0,2.0,3.0,1.0,1.0,1.0,0.0,0.0,0.0,0.0,1.0,1.0,0.0,3.0,1.0,0.0,0.0,0.0,0.0,0.0,2.0,4.0,3.0,1.0,1.0,2.0,1.0,2.0,0.0,1.0,1.0,0.0,0.0,1.0,0.0,0.0,0.0,1.0,0.0
Belmont,Bronx,neighborhood,1.0,1.0,1.0,1.0,0.0,1.0,1.0,0.0,0.0,0.0,0.0,0.0,0.0,0.0,0.0,0.0,0.0,0.0,1.0,1.0,0.0,0.0,0.0,0.0,0.0,0.0,0.0,0.0,1.0,1.0,1.0,0.0,0.0,11.0,27.0,1.0,2.0,1.0,3.0,2.0,3.0,2.0,11.0,13.0,16.0,17.0,6.0,5.0,3.0,5.0,2.0,1.0,2.0,1.0,3.0,4.0,5.0,10.0,6.0,2.0,4.0,5.0,4.0,5.0,8.0,6.0,5.0,10.0,19.0,20.0,10.0,2.0,5.0,4.0,5.0,11.0,9.0,7.0,6.0,9.0,10.0,9.0,8.0,11.0,11.0,19.0,19.0,19.0,23.0,21.0,30.0,15.0,24.0,20.0,13.0,6.0,13.0,15.0,15.0,12.0,8.0,10.0,17.0,25.0,17.0,11.0,21.0,31.0,17.0,7.0,11.0,16.0,16.0,14.0,21.0,16.0,19.0,18.0,11.0,12.0,10.0,4.0,6.0,9.0,6.0,8.0,10.0,9.0,15.0,3.0,3.0,4.0,6.0,6.0,4.0,6.0,15.0,16.0,10.0,8.0,9.0,4.0,4.0,4.0,1.0,3.0,3.0,4.0,7.0,8.0,13.0,20.0,17.0,12.0,12.0,12.0,11.0,8.0,9.0,8.0,12.0,9.0,3.0,5.0,6.0,6.0,5.0,5.0,5.0,4.0,7.0,9.0,5.0,6.0,4.0,6.0,6.0,8.0,8.0,2.0,11.0,14.0,12.0,8.0,11.0,9.0,11.0,5.0,5.0,8.0,7.0,1.0,4.0,9.0,7.0,8.0,5.0,4.0,3.0,2.0
Bensonhurst,Brooklyn,neighborhood,0.0,0.0,2.0,4.0,3.0,2.0,4.0,4.0,0.0,1.0,2.0,0.0,0.0,1.0,3.0,4.0,6.0,7.0,5.0,3.0,3.0,1.0,1.0,1.0,4.0,3.0,3.0,2.0,2.0,2.0,3.0,5.0,4.0,4.0,2.0,2.0,8.0,14.0,8.0,3.0,2.0,2.0,8.0,3.0,3.0,7.0,7.0,5.0,6.0,6.0,5.0,10.0,8.0,10.0,12.0,16.0,16.0,15.0,16.0,15.0,17.0,15.0,12.0,14.0,18.0,19.0,16.0,21.0,16.0,14.0,17.0,12.0,15.0,11.0,9.0,7.0,11.0,12.0,8.0,13.0,13.0,16.0,20.0,18.0,19.0,26.0,35.0,28.0,25.0,34.0,24.0,8.0,16.0,25.0,25.0,25.0,17.0,17.0,29.0,30.0,33.0,43.0,34.0,43.0,36.0,30.0,33.0,21.0,31.0,29.0,25.0,21.0,17.0,17.0,21.0,21.0,26.0,27.0,26.0,16.0,21.0,18.0,18.0,9.0,18.0,24.0,13.0,30.0,25.0,23.0,18.0,15.0,26.0,34.0,35.0,31.0,35.0,27.0,20.0,26.0,35.0,33.0,21.0,13.0,20.0,24.0,30.0,27.0,24.0,18.0,16.0,15.0,14.0,16.0,18.0,11.0,6.0,10.0,16.0,18.0,8.0,12.0,11.0,12.0,8.0,8.0,10.0,9.0,11.0,12.0,10.0,10.0,18.0,6.0,16.0,15.0,9.0,18.0,9.0,6.0,8.0,13.0,11.0,10.0,10.0,16.0,12.0,8.0,4.0,5.0,10.0,6.0,8.0,10.0,13.0,10.0,15.0,14.0,8.0,8.0
Bergen Beach,Brooklyn,neighborhood,1.0,1.0,1.0,1.0,1.0,1.0,1.0,1.0,1.0,1.0,1.0,0.0,0.0,1.0,1.0,1.0,1.0,1.0,1.0,1.0,1.0,0.0,0.0,0.0,0.0,0.0,0.0,0.0,0.0,0.0,0.0,0.0,0.0,0.0,0.0,0.0,0.0,0.0,0.0,0.0,0.0,0.0,0.0,0.0,0.0,0.0,0.0,0.0,0.0,0.0,0.0,0.0,0.0,1.0,1.0,1.0,0.0,1.0,1.0,2.0,2.0,1.0,1.0,1.0,1.0,1.0,0.0,0.0,0.0,0.0,1.0,1.0,0.0,0.0,1.0,1.0,2.0,1.0,0.0,0.0,0.0,1.0,1.0,0.0,0.0,1.0,2.0,3.0,2.0,1.0,1.0,2.0,2.0,1.0,0.0,2.0,2.0,2.0,1.0,2.0,2.0,0.0,1.0,5.0,4.0,5.0,4.0,3.0,4.0,7.0,2.0,3.0,3.0,2.0,2.0,1.0,1.0,1.0,1.0,0.0,0.0,0.0,1.0,2.0,1.0,2.0,2.0,3.0,1.0,1.0,0.0,0.0,1.0,4.0,2.0,1.0,0.0,1.0,0.0,0.0,2.0,2.0,4.0,1.0,3.0,6.0,3.0,4.0,2.0,0.0,0.0,2.0,3.0,2.0,0.0,1.0,1.0,1.0,2.0,2.0,3.0,1.0,2.0,3.0,2.0,1.0,4.0,0.0,0.0,1.0,4.0,1.0,2.0,1.0,0.0,0.0,0.0,1.0,2.0,3.0,4.0,3.0,2.0,1.0,0.0,0.0,1.0,0.0,1.0,4.0,2.0,0.0,1.0,1.0,2.0,2.0,0.0,3.0,1.0,2.0
Boerum Hill,Brooklyn,neighborhood,19.0,17.0,18.0,11.0,7.0,20.0,19.0,15.0,11.0,5.0,4.0,1.0,5.0,13.0,8.0,13.0,11.0,22.0,25.0,14.0,7.0,6.0,12.0,14.0,16.0,16.0,11.0,13.0,13.0,23.0,15.0,9.0,14.0,15.0,15.0,15.0,8.0,11.0,14.0,24.0,28.0,30.0,39.0,39.0,29.0,40.0,39.0,52.0,49.0,34.0,34.0,43.0,50.0,63.0,56.0,61.0,60.0,57.0,55.0,53.0,61.0,55.0,56.0,42.0,49.0,55.0,56.0,51.0,53.0,50.0,50.0,55.0,55.0,49.0,54.0,59.0,67.0,65.0,52.0,47.0,61.0,54.0,60.0,52.0,66.0,69.0,85.0,89.0,82.0,74.0,90.0,106.0,92.0,97.0,78.0,63.0,62.0,72.0,68.0,68.0,79.0,67.0,82.0,52.0,42.0,43.0,51.0,41.0,38.0,31.0,46.0,50.0,45.0,62.0,63.0,69.0,42.0,48.0,36.0,37.0,41.0,28.0,19.0,26.0,44.0,89.0,118.0,132.0,137.0,140.0,127.0,110.0,104.0,84.0,82.0,80.0,80.0,64.0,39.0,32.0,29.0,34.0,27.0,20.0,22.0,19.0,17.0,19.0,33.0,34.0,37.0,34.0,40.0,34.0,23.0,26.0,33.0,39.0,41.0,36.0,62.0,49.0,61.0,67.0,54.0,49.0,37.0,29.0,39.0,30.0,28.0,36.0,45.0,51.0,55.0,70.0,47.0,42.0,34.0,28.0,24.0,21.0,27.0,31.0,64.0,89.0,113.0,159.0,145.0,127.0,119.0,104.0,102.0,97.0,117.0,114.0,96.0,108.0,89.0,77.0
Borough Park,Brooklyn,neighborhood,0.0,0.0,1.0,1.0,0.0,0.0,1.0,4.0,1.0,3.0,1.0,0.0,0.0,3.0,3.0,3.0,3.0,3.0,4.0,6.0,4.0,3.0,5.0,3.0,3.0,4.0,3.0,3.0,6.0,4.0,6.0,6.0,5.0,4.0,3.0,2.0,1.0,0.0,1.0,0.0,1.0,2.0,2.0,4.0,2.0,4.0,4.0,5.0,6.0,11.0,10.0,8.0,10.0,4.0,8.0,10.0,13.0,12.0,18.0,20.0,18.0,18.0,18.0,18.0,19.0,16.0,15.0,11.0,11.0,16.0,11.0,11.0,12.0,12.0,13.0,10.0,17.0,13.0,14.0,17.0,23.0,16.0,24.0,22.0,25.0,24.0,30.0,17.0,23.0,32.0,31.0,17.0,18.0,22.0,24.0,16.0,15.0,9.0,24.0,29.0,28.0,30.0,36.0,32.0,25.0,34.0,41.0,31.0,36.0,27.0,44.0,48.0,38.0,27.0,33.0,42.0,38.0,24.0,23.0,19.0,20.0,19.0,14.0,8.0,11.0,18.0,19.0,24.0,27.0,26.0,15.0,11.0,21.0,21.0,23.0,25.0,30.0,41.0,26.0,31.0,26.0,26.0,16.0,15.0,16.0,27.0,21.0,29.0,20.0,26.0,28.0,27.0,21.0,23.0,23.0,14.0,11.0,15.0,17.0,13.0,20.0,18.0,22.0,27.0,24.0,12.0,13.0,17.0,18.0,11.0,7.0,9.0,21.0,22.0,20.0,33.0,22.0,15.0,18.0,13.0,14.0,14.0,26.0,20.0,22.0,30.0,38.0,33.0,23.0,23.0,11.0,8.0,11.0,7.0,12.0,12.0,14.0,12.0,15.0,12.0
Briarwood,Queens,neighborhood,3.0,2.0,2.0,1.0,3.0,2.0,2.0,3.0,2.0,1.0,3.0,4.0,2.0,1.0,1.0,1.0,0.0,0.0,0.0,1.0,1.0,0.0,0.0,0.0,0.0,0.0,1.0,1.0,4.0,7.0,5.0,6.0,3.0,3.0,3.0,3.0,2.0,4.0,4.0,4.0,7.0,4.0,3.0,3.0,2.0,6.0,6.0,4.0,7.0,5.0,4.0,4.0,4.0,5.0,5.0,5.0,8.0,11.0,8.0,8.0,11.0,10.0,17.0,16.0,17.0,25.0,20.0,16.0,12.0,11.0,8.0,8.0,12.0,9.0,10.0,15.0,14.0,8.0,12.0,14.0,21.0,23.0,21.0,12.0,24.0,32.0,30.0,28.0,31.0,44.0,46.0,20.0,22.0,21.0,27.0,29.0,28.0,17.0,21.0,17.0,17.0,21.0,24.0,26.0,21.0,25.0,22.0,17.0,19.0,17.0,27.0,16.0,17.0,21.0,25.0,16.0,24.0,21.0,29.0,22.0,30.0,26.0,13.0,7.0,7.0,21.0,23.0,19.0,32.0,38.0,33.0,32.0,35.0,36.0,34.0,29.0,29.0,19.0,22.0,16.0,14.0,16.0,18.0,21.0,27.0,37.0,35.0,21.0,19.0,20.0,22.0,25.0,27.0,25.0,22.0,16.0,18.0,23.0,33.0,31.0,36.0,23.0,40.0,28.0,15.0,15.0,9.0,3.0,7.0,7.0,14.0,13.0,9.0,7.0,11.0,13.0,15.0,14.0,8.0,7.0,14.0,12.0,12.0,12.0,19.0,13.0,12.0,16.0,19.0,12.0,9.0,15.0,11.0,13.0,13.0,9.0,8.0,9.0,19.0,13.0
Brighton Beach,Brooklyn,neighborhood,0.0,0.0,0.0,0.0,1.0,1.0,0.0,0.0,0.0,0.0,0.0,0.0,3.0,3.0,3.0,2.0,7.0,8.0,4.0,4.0,5.0,3.0,2.0,2.0,1.0,1.0,0.0,1.0,4.0,3.0,5.0,5.0,3.0,5.0,8.0,10.0,6.0,10.0,19.0,18.0,26.0,20.0,17.0,22.0,22.0,24.0,18.0,12.0,11.0,19.0,14.0,14.0,15.0,11.0,15.0,21.0,28.0,26.0,24.0,27.0,25.0,23.0,26.0,48.0,53.0,47.0,25.0,33.0,49.0,46.0,44.0,31.0,26.0,26.0,23.0,28.0,22.0,19.0,15.0,23.0,24.0,25.0,29.0,33.0,39.0,27.0,46.0,54.0,66.0,68.0,54.0,21.0,15.0,21.0,14.0,18.0,25.0,26.0,31.0,36.0,54.0,44.0,38.0,45.0,32.0,24.0,30.0,38.0,31.0,30.0,43.0,45.0,26.0,31.0,34.0,36.0,28.0,29.0,30.0,20.0,19.0,25.0,20.0,16.0,20.0,22.0,23.0,26.0,28.0,33.0,34.0,27.0,24.0,11.0,14.0,21.0,18.0,26.0,17.0,13.0,20.0,35.0,23.0,27.0,23.0,22.0,36.0,23.0,27.0,11.0,9.0,7.0,8.0,3.0,4.0,15.0,26.0,27.0,36.0,16.0,15.0,11.0,13.0,15.0,13.0,9.0,12.0,9.0,9.0,13.0,12.0,12.0,13.0,16.0,12.0,13.0,12.0,13.0,10.0,7.0,10.0,12.0,19.0,17.0,16.0,7.0,7.0,7.0,9.0,4.0,8.0,16.0,12.0,13.0,14.0,11.0,9.0,9.0,19.0,20.0
Bronx,Bronx,borough,56.0,63.0,64.0,55.0,47.0,37.0,40.0,48.0,33.0,30.0,35.0,37.0,33.0,31.0,37.0,41.0,57.0,65.0,64.0,70.0,69.0,66.0,51.0,41.0,47.0,55.0,66.0,65.0,69.0,68.0,79.0,85.0,89.0,99.0,116.0,75.0,66.0,62.0,62.0,69.0,67.0,69.0,78.0,86.0,80.0,79.0,86.0,86.0,79.0,81.0,85.0,82.0,81.0,89.0,121.0,140.0,150.0,147.0,148.0,165.0,170.0,171.0,187.0,190.0,170.0,183.0,213.0,221.0,231.0,238.0,213.0,248.0,237.0,204.0,218.0,202.0,199.0,222.0,229.0,286.0,281.0,288.0,274.0,234.0,264.0,270.0,252.0,259.0,286.0,330.0,303.0,218.0,245.0,267.0,252.0,207.0,240.0,237.0,228.0,228.0,254.0,260.0,309.0,354.0,286.0,351.0,333.0,331.0,319.0,273.0,288.0,301.0,380.0,343.0,366.0,348.0,334.0,273.0,243.0,209.0,234.0,206.0,182.0,128.0,177.0,198.0,223.0,239.0,272.0,262.0,233.0,240.0,267.0,259.0,258.0,274.0,286.0,297.0,299.0,358.0,307.0,302.0,281.0,260.0,252.0,280.0,317.0,219.0,253.0,289.0,322.0,333.0,294.0,291.0,301.0,299.0,263.0,287.0,336.0,262.0,293.0,273.0,251.0,329.0,295.0,334.0,305.0,280.0,301.0,292.0,288.0,280.0,318.0,343.0,388.0,384.0,346.0,386.0,383.0,325.0,362.0,311.0,333.0,356.0,336.0,322.0,318.0,362.0,437.0,500.0,356.0,300.0,313.0,353.0,326.0,318.0,329.0,348.0,401.0,419.0
Bronxwood,Bronx,neighborhood,0.0,0.0,0.0,0.0,0.0,0.0,0.0,0.0,0.0,0.0,0.0,0.0,0.0,0.0,0.0,0.0,3.0,3.0,0.0,0.0,0.0,0.0,1.0,1.0,0.0,0.0,0.0,1.0,2.0,2.0,1.0,1.0,1.0,0.0,0.0,0.0,0.0,0.0,0.0,0.0,0.0,0.0,0.0,1.0,1.0,2.0,2.0,0.0,2.0,2.0,2.0,2.0,2.0,0.0,0.0,1.0,1.0,0.0,0.0,3.0,2.0,1.0,1.0,1.0,2.0,3.0,1.0,1.0,1.0,1.0,0.0,0.0,0.0,0.0,0.0,0.0,2.0,1.0,0.0,2.0,3.0,4.0,3.0,4.0,9.0,13.0,7.0,6.0,6.0,8.0,6.0,8.0,3.0,3.0,5.0,4.0,5.0,5.0,5.0,5.0,6.0,3.0,2.0,4.0,0.0,4.0,5.0,13.0,5.0,4.0,4.0,0.0,8.0,11.0,2.0,0.0,2.0,3.0,2.0,3.0,7.0,6.0,2.0,0.0,1.0,0.0,1.0,3.0,3.0,5.0,4.0,4.0,2.0,0.0,8.0,2.0,4.0,6.0,5.0,3.0,1.0,1.0,4.0,2.0,3.0,8.0,9.0,4.0,4.0,7.0,5.0,8.0,9.0,7.0,6.0,3.0,3.0,3.0,2.0,2.0,7.0,5.0,8.0,8.0,2.0,4.0,3.0,0.0,6.0,5.0,2.0,0.0,0.0,0.0,1.0,2.0,3.0,3.0,3.0,2.0,3.0,3.0,2.0,5.0,1.0,1.0,3.0,0.0,0.0,1.0,2.0,2.0,1.0,3.0,5.0,8.0,4.0,2.0,6.0,5.0
Brooklyn,Brooklyn,borough,615.0,598.0,647.0,628.0,584.0,568.0,550.0,556.0,446.0,497.0,545.0,534.0,589.0,655.0,692.0,681.0,693.0,714.0,762.0,728.0,648.0,644.0,616.0,590.0,691.0,700.0,713.0,743.0,862.0,926.0,961.0,905.0,832.0,901.0,915.0,940.0,980.0,955.0,981.0,1115.0,1157.0,1208.0,1495.0,1634.0,1510.0,1795.0,1782.0,1870.0,2039.0,1964.0,2067.0,2201.0,2458.0,2663.0,3129.0,3448.0,3270.0,3234.0,3278.0,3234.0,3343.0,3277.0,3477.0,3652.0,4039.0,4670.0,4931.0,5056.0,4346.0,4071.0,3536.0,3118.0,3330.0,3253.0,3501.0,3671.0,4215.0,4533.0,4772.0,5078.0,4710.0,4388.0,4324.0,3948.0,4569.0,4635.0,5425.0,5482.0,6278.0,6826.0,6702.0,4961.0,4900.0,5210.0,4807.0,4176.0,4460.0,4330.0,4687.0,5058.0,5830.0,5929.0,6490.0,6598.0,5463.0,6260.0,5920.0,5369.0,5702.0,5087.0,5232.0,4874.0,5193.0,5082.0,5185.0,4934.0,4076.0,3519.0,3149.0,2740.0,3076.0,3057.0,2737.0,2341.0,4348.0,6137.0,7704.0,8554.0,8756.0,8199.0,7278.0,6829.0,6717.0,5892.0,6232.0,6084.0,5978.0,5987.0,5417.0,4759.0,3418.0,3635.0,3463.0,2920.0,2928.0,2654.0,3043.0,2735.0,2926.0,3197.0,3420.0,3782.0,3438.0,3169.0,3308.0,2890.0,3192.0,3127.0,3405.0,3049.0,3642.0,3993.0,4127.0,4378.0,3783.0,3880.0,3828.0,3238.0,3402.0,3186.0,3260.0,3201.0,4125.0,4532.0,5169.0,5251.0,4693.0,4166.0,3763.0,3405.0,3565.0,3210.0,3542.0,3648.0,4340.0,4802.0,5299.0,5118.0,4761.0,4232.0,3595.0,3314.0,3383.0,3330.0,3850.0,3809.0,4206.0,4791.0,5079.0,4597.0
Brooklyn Heights,Brooklyn,neighborhood,22.0,24.0,32.0,27.0,30.0,18.0,22.0,24.0,27.0,25.0,18.0,18.0,19.0,20.0,21.0,17.0,14.0,21.0,30.0,29.0,25.0,20.0,22.0,20.0,26.0,24.0,32.0,23.0,28.0,34.0,29.0,22.0,23.0,27.0,21.0,15.0,22.0,32.0,43.0,32.0,41.0,42.0,50.0,50.0,44.0,62.0,52.0,53.0,58.0,60.0,62.0,72.0,72.0,72.0,71.0,73.0,62.0,45.0,52.0,57.0,55.0,67.0,56.0,56.0,48.0,73.0,79.0,63.0,52.0,67.0,61.0,46.0,51.0,57.0,54.0,51.0,74.0,85.0,101.0,87.0,90.0,86.0,80.0,86.0,92.0,83.0,89.0,99.0,94.0,113.0,114.0,83.0,78.0,89.0,65.0,62.0,71.0,65.0,73.0,68.0,72.0,74.0,62.0,56.0,50.0,54.0,63.0,44.0,37.0,36.0,50.0,63.0,73.0,84.0,85.0,65.0,78.0,84.0,75.0,57.0,57.0,51.0,41.0,27.0,54.0,101.0,126.0,143.0,140.0,118.0,126.0,103.0,94.0,80.0,85.0,73.0,59.0,51.0,35.0,29.0,28.0,28.0,17.0,16.0,27.0,26.0,33.0,32.0,35.0,47.0,45.0,58.0,49.0,46.0,44.0,32.0,39.0,31.0,31.0,29.0,36.0,58.0,41.0,42.0,49.0,50.0,40.0,41.0,37.0,28.0,25.0,28.0,40.0,49.0,52.0,41.0,31.0,37.0,33.0,38.0,30.0,15.0,24.0,29.0,44.0,46.0,62.0,43.0,34.0,40.0,29.0,20.0,23.0,20.0,24.0,27.0,30.0,35.0,44.0,37.0
Brookville,Queens,neighborhood,1.0,0.0,0.0,0.0,0.0,0.0,0.0,0.0,0.0,0.0,0.0,0.0,0.0,0.0,0.0,0.0,0.0,0.0,0.0,0.0,0.0,0.0,0.0,0.0,0.0,0.0,0.0,0.0,0.0,0.0,0.0,0.0,0.0,0.0,0.0,0.0,0.0,0.0,0.0,0.0,0.0,0.0,0.0,0.0,0.0,0.0,0.0,0.0,0.0,0.0,0.0,0.0,0.0,0.0,0.0,0.0,0.0,0.0,0.0,0.0,0.0,0.0,0.0,0.0,0.0,0.0,0.0,0.0,0.0,0.0,0.0,0.0,1.0,0.0,0.0,0.0,0.0,0.0,1.0,1.0,1.0,1.0,1.0,1.0,1.0,0.0,0.0,1.0,1.0,0.0,0.0,0.0,0.0,0.0,1.0,1.0,1.0,1.0,0.0,1.0,0.0,0.0,0.0,0.0,0.0,0.0,0.0,0.0,0.0,0.0,0.0,0.0,0.0,0.0,0.0,0.0,0.0,0.0,0.0,0.0,0.0,0.0,0.0,0.0,0.0,0.0,0.0,0.0,0.0,0.0,0.0,0.0,0.0,0.0,0.0,0.0,0.0,1.0,0.0,1.0,1.0,1.0,1.0,1.0,0.0,0.0,0.0,0.0,0.0,0.0,0.0,0.0,0.0,0.0,0.0,0.0,0.0,0.0,1.0,0.0,0.0,0.0,0.0,0.0,0.0,0.0,0.0,0.0,1.0,0.0,0.0,0.0,0.0,1.0,2.0,1.0,2.0,2.0,1.0,0.0,0.0,0.0,0.0,0.0,0.0,0.0,0.0,0.0,0.0,0.0,1.0,1.0,1.0,1.0,0.0,0.0,0.0,1.0,1.0,1.0
Brownsville,Brooklyn,neighborhood,2.0,1.0,1.0,1.0,0.0,0.0,1.0,1.0,1.0,0.0,0.0,1.0,2.0,2.0,1.0,0.0,0.0,0.0,0.0,0.0,1.0,1.0,0.0,1.0,1.0,1.0,2.0,2.0,6.0,7.0,4.0,1.0,0.0,0.0,1.0,1.0,6.0,12.0,8.0,8.0,7.0,7.0,4.0,5.0,6.0,5.0,6.0,6.0,5.0,6.0,5.0,5.0,4.0,2.0,3.0,4.0,3.0,2.0,4.0,4.0,3.0,5.0,9.0,10.0,22.0,21.0,13.0,14.0,16.0,14.0,16.0,15.0,21.0,14.0,15.0,13.0,9.0,9.0,11.0,14.0,19.0,18.0,23.0,16.0,16.0,15.0,28.0,21.0,29.0,34.0,28.0,20.0,11.0,15.0,18.0,17.0,22.0,17.0,15.0,27.0,23.0,24.0,13.0,13.0,12.0,16.0,32.0,33.0,20.0,11.0,11.0,25.0,20.0,16.0,15.0,19.0,20.0,19.0,15.0,12.0,9.0,15.0,13.0,11.0,11.0,9.0,8.0,11.0,8.0,18.0,12.0,11.0,15.0,19.0,22.0,15.0,25.0,28.0,30.0,32.0,22.0,21.0,16.0,21.0,28.0,16.0,23.0,16.0,27.0,25.0,21.0,24.0,15.0,18.0,26.0,30.0,32.0,25.0,32.0,30.0,30.0,33.0,25.0,22.0,15.0,23.0,19.0,18.0,10.0,19.0,22.0,11.0,13.0,13.0,11.0,16.0,17.0,18.0,16.0,17.0,16.0,14.0,30.0,16.0,13.0,21.0,23.0,22.0,18.0,18.0,9.0,14.0,18.0,15.0,11.0,9.0,14.0,18.0,18.0,20.0
Bushwick,Brooklyn,neighborhood,5.0,4.0,4.0,14.0,14.0,8.0,7.0,7.0,9.0,8.0,7.0,17.0,33.0,39.0,51.0,27.0,28.0,14.0,18.0,21.0,13.0,10.0,18.0,13.0,19.0,23.0,26.0,29.0,39.0,42.0,34.0,27.0,19.0,22.0,20.0,22.0,31.0,43.0,37.0,28.0,36.0,50.0,62.0,85.0,71.0,76.0,75.0,88.0,104.0,115.0,111.0,128.0,169.0,172.0,222.0,238.0,218.0,184.0,201.0,198.0,207.0,186.0,185.0,251.0,331.0,499.0,587.0,559.0,391.0,309.0,282.0,257.0,224.0,253.0,257.0,287.0,347.0,399.0,449.0,547.0,527.0,430.0,407.0,375.0,425.0,389.0,444.0,453.0,594.0,715.0,728.0,487.0,482.0,513.0,535.0,425.0,463.0,437.0,457.0,479.0,687.0,735.0,810.0,904.0,714.0,895.0,853.0,828.0,845.0,708.0,615.0,575.0,664.0,654.0,666.0,570.0,459.0,416.0,339.0,332.0,285.0,289.0,318.0,269.0,592.0,779.0,954.0,1074.0,1147.0,1016.0,1007.0,959.0,950.0,842.0,993.0,1026.0,1027.0,1165.0,955.0,686.0,485.0,491.0,521.0,482.0,395.0,349.0,451.0,391.0,316.0,396.0,467.0,475.0,377.0,354.0,359.0,305.0,353.0,368.0,383.0,382.0,497.0,582.0,636.0,651.0,537.0,506.0,487.0,442.0,492.0,446.0,496.0,458.0,512.0,557.0,734.0,706.0,601.0,542.0,470.0,433.0,443.0,378.0,419.0,499.0,541.0,630.0,663.0,681.0,552.0,505.0,407.0,393.0,312.0,347.0,399.0,397.0,525.0,599.0,694.0,543.0
Cambria Heights,Queens,neighborhood,0.0,0.0,0.0,0.0,0.0,0.0,0.0,0.0,0.0,0.0,0.0,0.0,0.0,0.0,0.0,0.0,0.0,0.0,0.0,0.0,0.0,0.0,0.0,0.0,0.0,0.0,0.0,0.0,0.0,0.0,0.0,0.0,0.0,0.0,0.0,0.0,0.0,0.0,0.0,0.0,0.0,0.0,0.0,0.0,0.0,0.0,0.0,0.0,0.0,0.0,0.0,0.0,0.0,0.0,0.0,0.0,0.0,0.0,0.0,0.0,0.0,0.0,0.0,0.0,0.0,0.0,0.0,0.0,0.0,0.0,0.0,0.0,0.0,0.0,0.0,0.0,0.0,0.0,0.0,0.0,0.0,0.0,0.0,0.0,0.0,0.0,0.0,0.0,0.0,0.0,1.0,1.0,0.0,0.0,0.0,0.0,0.0,0.0,0.0,0.0,0.0,0.0,0.0,0.0,0.0,0.0,0.0,0.0,0.0,0.0,0.0,0.0,0.0,0.0,0.0,0.0,0.0,0.0,0.0,0.0,0.0,0.0,0.0,0.0,0.0,0.0,0.0,0.0,0.0,0.0,0.0,0.0,0.0,0.0,0.0,0.0,0.0,0.0,0.0,0.0,0.0,0.0,0.0,0.0,0.0,1.0,0.0,0.0,0.0,0.0,0.0,0.0,0.0,0.0,0.0,1.0,1.0,1.0,1.0,0.0,0.0,0.0,0.0,0.0,0.0,0.0,0.0,0.0,1.0,0.0,0.0,0.0,0.0,0.0,0.0,0.0,0.0,0.0,0.0,0.0,1.0,2.0,3.0,0.0,0.0,0.0,0.0,0.0,0.0,0.0,0.0,0.0,0.0,0.0,0.0,0.0,0.0,0.0,0.0,0.0
Canarsie,Brooklyn,neighborhood,1.0,1.0,1.0,1.0,0.0,0.0,0.0,0.0,0.0,0.0,3.0,2.0,4.0,6.0,4.0,5.0,4.0,5.0,7.0,4.0,2.0,2.0,1.0,1.0,0.0,0.0,1.0,2.0,2.0,2.0,1.0,0.0,1.0,1.0,0.0,1.0,5.0,1.0,2.0,3.0,3.0,5.0,6.0,4.0,4.0,2.0,1.0,0.0,0.0,1.0,2.0,4.0,4.0,6.0,8.0,4.0,4.0,3.0,4.0,4.0,4.0,3.0,5.0,3.0,6.0,9.0,5.0,7.0,8.0,12.0,7.0,7.0,6.0,6.0,6.0,6.0,5.0,8.0,8.0,8.0,11.0,14.0,12.0,6.0,8.0,11.0,10.0,7.0,9.0,11.0,9.0,8.0,9.0,11.0,10.0,5.0,5.0,8.0,13.0,14.0,12.0,8.0,9.0,11.0,9.0,10.0,13.0,11.0,14.0,21.0,12.0,11.0,15.0,13.0,16.0,11.0,10.0,6.0,8.0,10.0,18.0,16.0,6.0,4.0,2.0,7.0,11.0,8.0,11.0,6.0,7.0,9.0,13.0,8.0,9.0,10.0,7.0,8.0,19.0,15.0,15.0,18.0,17.0,14.0,13.0,16.0,26.0,27.0,24.0,10.0,12.0,22.0,24.0,19.0,20.0,15.0,12.0,13.0,20.0,20.0,19.0,19.0,12.0,16.0,19.0,20.0,14.0,15.0,18.0,27.0,31.0,15.0,12.0,8.0,7.0,8.0,11.0,11.0,10.0,11.0,19.0,12.0,23.0,12.0,9.0,10.0,8.0,19.0,8.0,10.0,8.0,6.0,11.0,16.0,16.0,8.0,4.0,4.0,16.0,21.0
Carroll Gardens,Brooklyn,neighborhood,30.0,32.0,29.0,22.0,23.0,17.0,17.0,14.0,8.0,7.0,14.0,7.0,14.0,10.0,7.0,10.0,12.0,15.0,14.0,13.0,20.0,17.0,11.0,15.0,16.0,13.0,17.0,24.0,34.0,38.0,26.0,30.0,24.0,31.0,21.0,17.0,18.0,15.0,13.0,16.0,19.0,19.0,22.0,23.0,31.0,40.0,39.0,38.0,44.0,50.0,55.0,47.0,54.0,65.0,66.0,73.0,94.0,94.0,97.0,97.0,103.0,103.0,97.0,92.0,90.0,95.0,108.0,100.0,99.0,83.0,73.0,69.0,69.0,71.0,81.0,77.0,79.0,99.0,105.0,117.0,124.0,112.0,104.0,76.0,91.0,94.0,106.0,99.0,136.0,144.0,129.0,95.0,92.0,107.0,78.0,66.0,75.0,82.0,87.0,73.0,104.0,87.0,103.0,81.0,69.0,65.0,43.0,38.0,53.0,54.0,51.0,45.0,39.0,49.0,52.0,57.0,54.0,43.0,33.0,35.0,29.0,29.0,30.0,33.0,81.0,77.0,119.0,129.0,146.0,143.0,118.0,95.0,99.0,84.0,67.0,75.0,62.0,48.0,46.0,37.0,35.0,24.0,26.0,20.0,20.0,20.0,13.0,26.0,31.0,34.0,42.0,51.0,31.0,40.0,46.0,35.0,30.0,25.0,42.0,31.0,29.0,35.0,52.0,48.0,51.0,54.0,53.0,43.0,49.0,42.0,35.0,39.0,48.0,41.0,54.0,68.0,65.0,52.0,37.0,35.0,37.0,37.0,40.0,50.0,46.0,33.0,37.0,47.0,59.0,57.0,41.0,45.0,50.0,49.0,53.0,59.0,75.0,97.0,69.0,59.0
Castle Hill,Bronx,neighborhood,0.0,0.0,0.0,0.0,0.0,0.0,0.0,0.0,0.0,0.0,0.0,0.0,0.0,0.0,0.0,0.0,1.0,1.0,1.0,0.0,0.0,0.0,0.0,0.0,1.0,1.0,1.0,0.0,0.0,0.0,0.0,2.0,2.0,0.0,0.0,0.0,0.0,0.0,0.0,0.0,0.0,0.0,0.0,0.0,0.0,0.0,0.0,0.0,0.0,0.0,0.0,0.0,0.0,0.0,0.0,0.0,0.0,0.0,0.0,10.0,9.0,3.0,2.0,1.0,0.0,0.0,0.0,2.0,2.0,1.0,1.0,1.0,4.0,3.0,0.0,4.0,2.0,1.0,1.0,8.0,12.0,16.0,9.0,6.0,11.0,6.0,9.0,11.0,9.0,7.0,8.0,8.0,8.0,10.0,10.0,10.0,9.0,2.0,2.0,1.0,3.0,3.0,6.0,11.0,15.0,9.0,3.0,2.0,1.0,0.0,4.0,6.0,7.0,1.0,0.0,0.0,1.0,0.0,0.0,1.0,0.0,0.0,1.0,0.0,2.0,1.0,0.0,1.0,0.0,0.0,1.0,0.0,0.0,0.0,1.0,1.0,4.0,5.0,1.0,1.0,5.0,2.0,0.0,0.0,3.0,2.0,1.0,0.0,1.0,3.0,10.0,2.0,2.0,2.0,1.0,0.0,1.0,2.0,0.0,0.0,1.0,3.0,1.0,1.0,0.0,1.0,1.0,1.0,1.0,1.0,0.0,0.0,0.0,0.0,3.0,4.0,4.0,1.0,5.0,2.0,0.0,0.0,0.0,0.0,0.0,0.0,0.0,0.0,0.0,1.0,1.0,1.0,0.0,2.0,5.0,0.0,0.0,0.0,1.0,1.0
Central Harlem,Manhattan,neighborhood,191.0,179.0,133.0,123.0,117.0,132.0,132.0,126.0,99.0,112.0,98.0,89.0,97.0,98.0,126.0,131.0,115.0,112.0,112.0,95.0,101.0,103.0,113.0,103.0,131.0,122.0,135.0,139.0,160.0,164.0,181.0,198.0,173.0,193.0,182.0,193.0,169.0,166.0,142.0,197.0,235.0,235.0,219.0,197.0,181.0,203.0,202.0,192.0,239.0,216.0,196.0,206.0,255.0,249.0,288.0,331.0,287.0,272.0,278.0,288.0,298.0,280.0,282.0,266.0,259.0,296.0,290.0,250.0,248.0,272.0,283.0,275.0,286.0,276.0,294.0,311.0,381.0,470.0,466.0,461.0,422.0,398.0,394.0,344.0,381.0,365.0,399.0,366.0,448.0,477.0,467.0,324.0,271.0,266.0,238.0,211.0,228.0,225.0,242.0,273.0,307.0,362.0,402.0,348.0,306.0,312.0,276.0,256.0,304.0,317.0,357.0,370.0,331.0,336.0,333.0,305.0,276.0,227.0,215.0,178.0,223.0,186.0,170.0,131.0,273.0,418.0,525.0,612.0,599.0,590.0,490.0,477.0,481.0,428.0,443.0,434.0,435.0,403.0,386.0,389.0,333.0,294.0,242.0,216.0,205.0,166.0,188.0,206.0,210.0,200.0,248.0,250.0,251.0,248.0,232.0,202.0,225.0,217.0,260.0,241.0,281.0,267.0,267.0,296.0,248.0,313.0,293.0,260.0,283.0,243.0,233.0,230.0,270.0,284.0,280.0,264.0,269.0,249.0,228.0,224.0,212.0,201.0,237.0,222.0,266.0,254.0,309.0,301.0,237.0,238.0,237.0,208.0,190.0,191.0,217.0,225.0,225.0,253.0,238.0,210.0
Central Park South,Manhattan,neighborhood,39.0,36.0,32.0,33.0,32.0,32.0,27.0,22.0,14.0,19.0,16.0,18.0,20.0,20.0,21.0,16.0,19.0,13.0,11.0,10.0,10.0,8.0,13.0,12.0,16.0,20.0,26.0,22.0,16.0,20.0,25.0,28.0,30.0,34.0,36.0,32.0,33.0,35.0,38.0,41.0,34.0,33.0,43.0,39.0,40.0,38.0,39.0,35.0,34.0,39.0,26.0,24.0,27.0,29.0,33.0,28.0,26.0,31.0,32.0,33.0,38.0,42.0,38.0,34.0,33.0,30.0,35.0,31.0,29.0,33.0,32.0,27.0,28.0,32.0,37.0,32.0,38.0,36.0,29.0,30.0,33.0,35.0,40.0,38.0,41.0,37.0,37.0,35.0,34.0,36.0,32.0,24.0,34.0,38.0,34.0,30.0,32.0,34.0,32.0,27.0,23.0,30.0,28.0,27.0,22.0,26.0,29.0,22.0,21.0,20.0,22.0,27.0,30.0,34.0,34.0,29.0,24.0,25.0,26.0,28.0,29.0,24.0,24.0,20.0,24.0,28.0,37.0,42.0,39.0,34.0,35.0,38.0,43.0,41.0,41.0,42.0,42.0,39.0,29.0,21.0,21.0,24.0,17.0,12.0,9.0,16.0,19.0,21.0,16.0,17.0,21.0,18.0,21.0,22.0,19.0,21.0,27.0,27.0,30.0,26.0,27.0,28.0,27.0,25.0,24.0,26.0,24.0,21.0,26.0,22.0,21.0,21.0,19.0,20.0,19.0,16.0,15.0,16.0,20.0,18.0,19.0,19.0,19.0,13.0,14.0,15.0,17.0,21.0,19.0,19.0,16.0,15.0,21.0,20.0,17.0,12.0,18.0,20.0,20.0,19.0
Chelsea,Manhattan,neighborhood,135.0,160.0,159.0,151.0,117.0,117.0,127.0,121.0,112.0,119.0,112.0,84.0,92.0,97.0,111.0,92.0,111.0,109.0,117.0,117.0,113.0,119.0,119.0,108.0,121.0,114.0,132.0,137.0,163.0,165.0,140.0,139.0,130.0,121.0,112.0,106.0,128.0,133.0,160.0,195.0,161.0,183.0,180.0,194.0,177.0,166.0,151.0,161.0,171.0,179.0,176.0,192.0,191.0,186.0,210.0,206.0,223.0,228.0,210.0,220.0,197.0,179.0,187.0,210.0,215.0,241.0,256.0,213.0,187.0,212.0,174.0,168.0,183.0,208.0,222.0,200.0,216.0,245.0,274.0,277.0,264.0,245.0,249.0,227.0,248.0,234.0,240.0,222.0,259.0,273.0,279.0,238.0,245.0,249.0,233.0,207.0,210.0,206.0,218.0,216.0,211.0,236.0,242.0,230.0,182.0,175.0,154.0,132.0,152.0,166.0,195.0,207.0,260.0,243.0,220.0,200.0,189.0,183.0,156.0,140.0,156.0,131.0,123.0,126.0,227.0,377.0,481.0,516.0,498.0,451.0,439.0,393.0,394.0,352.0,308.0,236.0,179.0,146.0,136.0,101.0,77.0,90.0,95.0,64.0,90.0,97.0,109.0,104.0,120.0,142.0,148.0,167.0,155.0,157.0,151.0,127.0,173.0,166.0,179.0,178.0,234.0,209.0,250.0,223.0,215.0,187.0,159.0,151.0,166.0,158.0,168.0,173.0,184.0,211.0,222.0,204.0,174.0,147.0,123.0,127.0,128.0,104.0,129.0,158.0,179.0,182.0,195.0,190.0,178.0,165.0,133.0,119.0,128.0,114.0,139.0,153.0,155.0,166.0,179.0,181.0
Chinatown,Manhattan,neighborhood,9.0,7.0,8.0,6.0,12.0,12.0,13.0,9.0,13.0,14.0,23.0,20.0,22.0,16.0,14.0,10.0,9.0,7.0,11.0,12.0,9.0,10.0,11.0,8.0,4.0,7.0,11.0,17.0,21.0,16.0,14.0,10.0,7.0,7.0,13.0,17.0,18.0,17.0,22.0,16.0,16.0,16.0,17.0,8.0,3.0,10.0,9.0,14.0,20.0,18.0,27.0,20.0,31.0,27.0,30.0,37.0,36.0,33.0,26.0,32.0,38.0,32.0,28.0,23.0,32.0,35.0,38.0,43.0,19.0,18.0,20.0,16.0,15.0,19.0,23.0,28.0,29.0,27.0,21.0,30.0,34.0,30.0,31.0,41.0,31.0,36.0,36.0,36.0,30.0,28.0,26.0,31.0,28.0,25.0,36.0,30.0,24.0,29.0,26.0,34.0,34.0,26.0,29.0,34.0,35.0,28.0,23.0,24.0,23.0,29.0,35.0,35.0,46.0,45.0,52.0,41.0,40.0,31.0,25.0,24.0,21.0,15.0,18.0,15.0,25.0,58.0,65.0,75.0,80.0,85.0,68.0,57.0,51.0,58.0,58.0,62.0,38.0,35.0,34.0,26.0,23.0,16.0,14.0,13.0,13.0,11.0,18.0,17.0,11.0,15.0,12.0,20.0,21.0,18.0,13.0,18.0,25.0,27.0,30.0,30.0,29.0,37.0,27.0,31.0,24.0,25.0,21.0,17.0,15.0,14.0,17.0,29.0,39.0,34.0,36.0,23.0,19.0,26.0,25.0,20.0,20.0,9.0,15.0,24.0,29.0,27.0,20.0,20.0,16.0,22.0,15.0,8.0,9.0,8.0,15.0,20.0,16.0,25.0,16.0,11.0
City Island,Bronx,neighborhood,0.0,0.0,0.0,0.0,0.0,0.0,0.0,0.0,0.0,0.0,0.0,0.0,0.0,0.0,0.0,0.0,0.0,0.0,0.0,0.0,0.0,0.0,0.0,0.0,0.0,0.0,0.0,0.0,0.0,0.0,0.0,0.0,1.0,1.0,1.0,1.0,1.0,1.0,1.0,1.0,1.0,0.0,0.0,1.0,1.0,0.0,0.0,0.0,0.0,1.0,2.0,1.0,0.0,0.0,0.0,0.0,0.0,0.0,1.0,1.0,1.0,0.0,0.0,0.0,0.0,0.0,0.0,0.0,0.0,1.0,1.0,1.0,2.0,1.0,1.0,0.0,0.0,0.0,0.0,0.0,0.0,2.0,2.0,2.0,1.0,0.0,0.0,0.0,0.0,0.0,0.0,0.0,0.0,0.0,0.0,0.0,0.0,1.0,1.0,0.0,0.0,0.0,1.0,1.0,1.0,1.0,0.0,1.0,1.0,0.0,1.0,1.0,1.0,0.0,1.0,1.0,0.0,0.0,0.0,0.0,0.0,0.0,1.0,0.0,0.0,0.0,0.0,0.0,0.0,0.0,0.0,0.0,0.0,0.0,0.0,0.0,0.0,0.0,0.0,0.0,1.0,2.0,1.0,0.0,0.0,0.0,0.0,0.0,0.0,0.0,0.0,0.0,0.0,0.0,2.0,3.0,0.0,0.0,0.0,0.0,1.0,0.0,0.0,1.0,1.0,0.0,0.0,0.0,1.0,1.0,0.0,0.0,0.0,0.0,0.0,0.0,0.0,0.0,1.0,1.0,1.0,1.0,0.0,1.0,0.0,0.0,0.0,1.0,1.0,1.0,1.0,1.0,1.0,0.0,0.0,1.0,1.0,0.0,1.0,1.0
Civic Center,Manhattan,neighborhood,0.0,0.0,0.0,0.0,1.0,1.0,1.0,1.0,1.0,0.0,0.0,1.0,1.0,1.0,1.0,1.0,0.0,0.0,0.0,0.0,0.0,0.0,0.0,0.0,0.0,0.0,0.0,0.0,0.0,0.0,0.0,0.0,0.0,0.0,0.0,0.0,0.0,0.0,0.0,0.0,1.0,1.0,1.0,0.0,0.0,1.0,0.0,1.0,2.0,2.0,2.0,1.0,1.0,1.0,0.0,0.0,0.0,1.0,1.0,1.0,1.0,0.0,0.0,0.0,0.0,0.0,0.0,0.0,0.0,0.0,0.0,0.0,0.0,0.0,0.0,0.0,0.0,0.0,0.0,0.0,0.0,0.0,0.0,0.0,0.0,0.0,0.0,0.0,2.0,6.0,2.0,2.0,5.0,2.0,0.0,0.0,1.0,1.0,1.0,1.0,5.0,0.0,0.0,0.0,0.0,0.0,0.0,0.0,0.0,0.0,0.0,2.0,1.0,0.0,0.0,1.0,1.0,1.0,1.0,1.0,1.0,1.0,0.0,0.0,0.0,0.0,0.0,0.0,0.0,0.0,0.0,0.0,0.0,0.0,0.0,0.0,0.0,0.0,0.0,0.0,0.0,1.0,1.0,0.0,0.0,0.0,0.0,0.0,0.0,0.0,0.0,0.0,0.0,0.0,0.0,0.0,0.0,0.0,0.0,0.0,0.0,0.0,0.0,0.0,0.0,1.0,1.0,1.0,0.0,0.0,0.0,0.0,0.0,0.0,0.0,0.0,0.0,0.0,0.0,0.0,0.0,0.0,0.0,0.0,0.0,0.0,0.0,0.0,0.0,0.0,0.0,0.0,0.0,0.0,0.0,0.0,0.0,0.0,0.0,0.0
Clearview,Queens,neighborhood,2.0,2.0,2.0,1.0,1.0,0.0,0.0,0.0,0.0,0.0,0.0,1.0,1.0,0.0,1.0,2.0,3.0,3.0,2.0,1.0,0.0,0.0,0.0,0.0,0.0,0.0,0.0,1.0,1.0,0.0,0.0,0.0,0.0,0.0,0.0,0.0,0.0,0.0,0.0,0.0,1.0,0.0,0.0,0.0,1.0,1.0,1.0,1.0,0.0,0.0,1.0,2.0,0.0,1.0,1.0,2.0,2.0,2.0,1.0,0.0,1.0,1.0,0.0,0.0,0.0,0.0,0.0,0.0,0.0,0.0,0.0,0.0,0.0,0.0,0.0,0.0,1.0,2.0,1.0,0.0,0.0,0.0,1.0,1.0,1.0,0.0,0.0,0.0,0.0,0.0,1.0,0.0,0.0,0.0,1.0,1.0,1.0,0.0,0.0,0.0,0.0,0.0,1.0,1.0,1.0,0.0,0.0,1.0,0.0,1.0,1.0,4.0,1.0,0.0,0.0,0.0,2.0,2.0,1.0,0.0,1.0,1.0,1.0,3.0,2.0,5.0,5.0,4.0,3.0,3.0,2.0,0.0,0.0,2.0,3.0,0.0,0.0,1.0,0.0,0.0,0.0,1.0,2.0,1.0,2.0,1.0,1.0,0.0,0.0,1.0,3.0,1.0,2.0,4.0,3.0,2.0,2.0,0.0,0.0,0.0,2.0,3.0,3.0,1.0,1.0,0.0,0.0,1.0,2.0,1.0,0.0,0.0,0.0,1.0,1.0,3.0,2.0,0.0,1.0,1.0,0.0,2.0,2.0,3.0,4.0,4.0,2.0,1.0,1.0,2.0,2.0,1.0,0.0,0.0,0.0,0.0,2.0,4.0,3.0,0.0
Clinton Hill,Brooklyn,neighborhood,22.0,24.0,33.0,33.0,27.0,26.0,18.0,24.0,34.0,32.0,43.0,53.0,37.0,34.0,48.0,48.0,53.0,53.0,57.0,56.0,37.0,35.0,48.0,47.0,37.0,29.0,30.0,34.0,34.0,55.0,55.0,58.0,63.0,45.0,38.0,44.0,39.0,43.0,48.0,55.0,56.0,47.0,63.0,89.0,80.0,95.0,83.0,81.0,70.0,76.0,87.0,75.0,92.0,114.0,157.0,146.0,124.0,136.0,125.0,138.0,132.0,95.0,91.0,114.0,126.0,163.0,139.0,155.0,149.0,120.0,115.0,110.0,135.0,111.0,93.0,95.0,106.0,104.0,126.0,125.0,127.0,128.0,139.0,147.0,162.0,148.0,145.0,127.0,129.0,151.0,163.0,127.0,127.0,152.0,133.0,118.0,114.0,84.0,89.0,96.0,101.0,115.0,122.0,136.0,89.0,107.0,96.0,84.0,83.0,103.0,105.0,88.0,92.0,80.0,108.0,109.0,89.0,87.0,70.0,47.0,55.0,49.0,42.0,42.0,75.0,115.0,167.0,184.0,195.0,180.0,166.0,184.0,155.0,121.0,127.0,88.0,88.0,107.0,91.0,64.0,36.0,38.0,27.0,31.0,35.0,36.0,40.0,34.0,42.0,57.0,51.0,67.0,58.0,68.0,66.0,67.0,70.0,67.0,78.0,64.0,80.0,82.0,83.0,95.0,79.0,86.0,80.0,69.0,83.0,65.0,60.0,84.0,108.0,139.0,124.0,108.0,94.0,87.0,66.0,66.0,66.0,81.0,83.0,85.0,69.0,77.0,100.0,109.0,122.0,91.0,75.0,81.0,66.0,54.0,62.0,46.0,67.0,109.0,113.0,110.0
Co-op City,Bronx,neighborhood,0.0,0.0,0.0,0.0,0.0,0.0,0.0,0.0,0.0,0.0,0.0,0.0,0.0,0.0,0.0,0.0,0.0,0.0,0.0,0.0,0.0,0.0,0.0,0.0,0.0,0.0,0.0,0.0,0.0,0.0,0.0,0.0,0.0,0.0,1.0,1.0,1.0,1.0,0.0,0.0,0.0,0.0,0.0,0.0,0.0,0.0,0.0,0.0,0.0,0.0,0.0,0.0,0.0,0.0,0.0,0.0,0.0,0.0,0.0,0.0,0.0,0.0,0.0,1.0,1.0,1.0,0.0,0.0,0.0,0.0,0.0,0.0,0.0,0.0,0.0,0.0,0.0,0.0,0.0,0.0,0.0,0.0,0.0,0.0,0.0,0.0,0.0,0.0,0.0,0.0,0.0,0.0,0.0,0.0,0.0,0.0,0.0,0.0,0.0,0.0,0.0,0.0,0.0,0.0,0.0,0.0,0.0,0.0,0.0,0.0,0.0,0.0,0.0,0.0,0.0,0.0,0.0,0.0,0.0,0.0,0.0,0.0,0.0,0.0,0.0,0.0,0.0,0.0,0.0,0.0,0.0,0.0,0.0,0.0,0.0,0.0,0.0,0.0,0.0,0.0,0.0,0.0,0.0,0.0,2.0,1.0,0.0,0.0,0.0,0.0,0.0,0.0,0.0,0.0,1.0,1.0,0.0,0.0,0.0,0.0,0.0,0.0,0.0,0.0,0.0,0.0,0.0,0.0,0.0,0.0,0.0,0.0,0.0,0.0,0.0,0.0,0.0,1.0,0.0,0.0,0.0,0.0,0.0,0.0,0.0,0.0,0.0,0.0,0.0,0.0,0.0,0.0,0.0,0.0,0.0,0.0,0.0,0.0,0.0,0.0
Cobble Hill,Brooklyn,neighborhood,8.0,7.0,8.0,9.0,9.0,8.0,11.0,10.0,7.0,11.0,9.0,3.0,6.0,7.0,6.0,9.0,10.0,17.0,25.0,10.0,6.0,17.0,19.0,13.0,14.0,9.0,13.0,9.0,11.0,16.0,17.0,17.0,15.0,12.0,11.0,13.0,15.0,10.0,10.0,21.0,19.0,17.0,28.0,28.0,29.0,27.0,21.0,26.0,30.0,24.0,19.0,18.0,21.0,21.0,33.0,52.0,58.0,43.0,56.0,58.0,42.0,34.0,34.0,35.0,39.0,41.0,44.0,53.0,53.0,56.0,55.0,46.0,54.0,35.0,45.0,46.0,47.0,52.0,47.0,58.0,50.0,49.0,45.0,41.0,50.0,43.0,51.0,51.0,55.0,49.0,71.0,57.0,49.0,53.0,40.0,35.0,46.0,34.0,43.0,51.0,59.0,46.0,41.0,37.0,41.0,33.0,36.0,45.0,54.0,37.0,29.0,29.0,36.0,43.0,36.0,36.0,33.0,19.0,9.0,19.0,15.0,20.0,26.0,19.0,41.0,66.0,61.0,75.0,72.0,91.0,96.0,62.0,47.0,51.0,59.0,41.0,31.0,34.0,22.0,18.0,22.0,19.0,15.0,11.0,7.0,17.0,18.0,22.0,25.0,30.0,41.0,43.0,38.0,33.0,37.0,24.0,15.0,16.0,23.0,21.0,22.0,33.0,31.0,34.0,25.0,27.0,23.0,18.0,17.0,15.0,20.0,24.0,16.0,15.0,24.0,30.0,26.0,29.0,23.0,19.0,15.0,22.0,23.0,16.0,24.0,25.0,36.0,37.0,25.0,23.0,17.0,16.0,7.0,13.0,19.0,19.0,25.0,30.0,29.0,18.0
College Point,Queens,neighborhood,5.0,3.0,3.0,2.0,0.0,0.0,0.0,0.0,0.0,0.0,0.0,0.0,0.0,1.0,1.0,1.0,1.0,1.0,1.0,1.0,0.0,0.0,1.0,1.0,2.0,0.0,0.0,1.0,1.0,0.0,1.0,1.0,1.0,0.0,0.0,0.0,0.0,0.0,1.0,1.0,0.0,0.0,0.0,0.0,0.0,0.0,0.0,0.0,0.0,0.0,0.0,1.0,2.0,3.0,1.0,0.0,1.0,0.0,1.0,0.0,0.0,0.0,1.0,3.0,2.0,1.0,0.0,0.0,0.0,4.0,3.0,0.0,0.0,2.0,1.0,1.0,3.0,4.0,1.0,1.0,2.0,3.0,3.0,2.0,3.0,2.0,2.0,6.0,5.0,8.0,6.0,1.0,1.0,0.0,0.0,0.0,0.0,3.0,3.0,5.0,6.0,6.0,7.0,7.0,5.0,4.0,2.0,2.0,2.0,2.0,2.0,1.0,2.0,0.0,2.0,2.0,1.0,2.0,4.0,4.0,1.0,2.0,1.0,1.0,1.0,3.0,3.0,1.0,1.0,3.0,2.0,1.0,2.0,4.0,2.0,1.0,1.0,2.0,2.0,3.0,3.0,3.0,6.0,3.0,4.0,2.0,2.0,6.0,7.0,5.0,5.0,5.0,5.0,3.0,2.0,8.0,10.0,7.0,3.0,3.0,8.0,5.0,9.0,6.0,5.0,4.0,7.0,5.0,6.0,4.0,5.0,7.0,4.0,1.0,4.0,4.0,5.0,6.0,5.0,2.0,7.0,11.0,6.0,4.0,4.0,2.0,1.0,1.0,4.0,3.0,1.0,1.0,2.0,2.0,3.0,3.0,1.0,3.0,2.0,2.0
Columbia St Waterfront District,Brooklyn,neighborhood,4.0,3.0,3.0,3.0,6.0,9.0,9.0,9.0,6.0,5.0,6.0,2.0,2.0,10.0,19.0,17.0,14.0,3.0,6.0,9.0,4.0,9.0,4.0,5.0,9.0,14.0,9.0,2.0,5.0,17.0,19.0,13.0,3.0,7.0,9.0,6.0,7.0,7.0,9.0,11.0,8.0,6.0,13.0,21.0,21.0,22.0,15.0,16.0,20.0,15.0,18.0,19.0,19.0,20.0,14.0,12.0,8.0,6.0,15.0,15.0,19.0,18.0,15.0,18.0,23.0,28.0,32.0,44.0,33.0,29.0,22.0,21.0,23.0,30.0,24.0,28.0,34.0,44.0,38.0,38.0,31.0,33.0,31.0,24.0,22.0,20.0,20.0,18.0,21.0,28.0,30.0,26.0,41.0,32.0,24.0,15.0,15.0,16.0,8.0,15.0,24.0,19.0,14.0,19.0,22.0,25.0,17.0,15.0,24.0,15.0,18.0,23.0,21.0,18.0,10.0,14.0,15.0,16.0,12.0,6.0,8.0,8.0,7.0,8.0,16.0,22.0,45.0,41.0,46.0,44.0,40.0,31.0,31.0,19.0,18.0,22.0,12.0,14.0,8.0,5.0,6.0,6.0,9.0,7.0,6.0,8.0,6.0,10.0,17.0,9.0,3.0,5.0,9.0,13.0,8.0,8.0,9.0,3.0,8.0,4.0,8.0,12.0,14.0,10.0,8.0,11.0,5.0,5.0,10.0,10.0,12.0,12.0,10.0,18.0,16.0,10.0,11.0,12.0,8.0,5.0,3.0,6.0,5.0,7.0,13.0,12.0,17.0,12.0,9.0,8.0,8.0,11.0,10.0,13.0,8.0,9.0,10.0,8.0,10.0,14.0
Concourse,Bronx,neighborhood,2.0,2.0,3.0,4.0,2.0,2.0,1.0,1.0,3.0,5.0,2.0,2.0,2.0,0.0,1.0,0.0,0.0,3.0,4.0,4.0,2.0,0.0,1.0,1.0,3.0,3.0,1.0,3.0,4.0,5.0,6.0,4.0,5.0,5.0,6.0,4.0,6.0,3.0,3.0,4.0,4.0,5.0,4.0,3.0,4.0,3.0,2.0,4.0,4.0,3.0,2.0,6.0,7.0,7.0,8.0,9.0,12.0,14.0,11.0,6.0,5.0,5.0,6.0,7.0,11.0,18.0,21.0,20.0,12.0,13.0,11.0,19.0,17.0,8.0,12.0,13.0,12.0,12.0,15.0,14.0,21.0,19.0,13.0,17.0,16.0,15.0,12.0,12.0,18.0,12.0,10.0,13.0,13.0,14.0,16.0,11.0,8.0,15.0,10.0,11.0,13.0,8.0,13.0,11.0,14.0,28.0,19.0,19.0,36.0,29.0,30.0,40.0,45.0,37.0,29.0,19.0,18.0,18.0,15.0,19.0,19.0,12.0,16.0,5.0,8.0,17.0,16.0,14.0,13.0,14.0,15.0,21.0,33.0,32.0,32.0,47.0,38.0,29.0,27.0,25.0,21.0,17.0,25.0,16.0,17.0,17.0,18.0,11.0,9.0,14.0,15.0,26.0,15.0,20.0,24.0,28.0,28.0,31.0,26.0,21.0,18.0,10.0,8.0,13.0,10.0,13.0,11.0,7.0,10.0,18.0,12.0,7.0,17.0,16.0,22.0,14.0,22.0,22.0,23.0,26.0,19.0,23.0,23.0,16.0,15.0,21.0,17.0,15.0,14.0,14.0,10.0,11.0,12.0,6.0,10.0,11.0,7.0,20.0,19.0,23.0
Coney Island,Brooklyn,neighborhood,2.0,0.0,0.0,0.0,0.0,0.0,0.0,0.0,0.0,0.0,0.0,0.0,0.0,0.0,0.0,0.0,0.0,0.0,0.0,0.0,0.0,0.0,0.0,1.0,1.0,3.0,3.0,3.0,4.0,3.0,4.0,7.0,8.0,12.0,10.0,3.0,6.0,7.0,8.0,10.0,10.0,10.0,15.0,12.0,6.0,7.0,11.0,11.0,6.0,10.0,7.0,8.0,3.0,2.0,4.0,5.0,9.0,10.0,8.0,12.0,17.0,10.0,14.0,12.0,19.0,23.0,25.0,26.0,29.0,23.0,11.0,15.0,22.0,19.0,15.0,16.0,23.0,16.0,17.0,18.0,17.0,19.0,15.0,13.0,19.0,23.0,19.0,16.0,19.0,16.0,19.0,10.0,17.0,16.0,13.0,11.0,8.0,9.0,19.0,22.0,21.0,17.0,22.0,19.0,19.0,13.0,6.0,6.0,8.0,4.0,10.0,7.0,8.0,8.0,7.0,5.0,7.0,8.0,11.0,11.0,16.0,15.0,16.0,16.0,15.0,20.0,18.0,17.0,21.0,19.0,23.0,25.0,28.0,24.0,23.0,21.0,30.0,29.0,25.0,26.0,17.0,18.0,21.0,20.0,24.0,20.0,14.0,8.0,4.0,4.0,4.0,6.0,7.0,11.0,16.0,18.0,17.0,16.0,11.0,11.0,6.0,9.0,9.0,11.0,8.0,9.0,8.0,12.0,19.0,13.0,11.0,9.0,15.0,22.0,18.0,16.0,19.0,18.0,18.0,21.0,33.0,38.0,42.0,48.0,52.0,38.0,46.0,46.0,55.0,35.0,39.0,32.0,33.0,37.0,35.0,33.0,25.0,32.0,41.0,36.0
Corona,Queens,neighborhood,7.0,7.0,6.0,6.0,30.0,30.0,30.0,30.0,31.0,31.0,31.0,32.0,31.0,32.0,2.0,2.0,2.0,2.0,1.0,1.0,1.0,1.0,1.0,1.0,1.0,1.0,1.0,1.0,0.0,0.0,2.0,1.0,1.0,0.0,0.0,0.0,0.0,0.0,0.0,0.0,1.0,1.0,1.0,0.0,1.0,1.0,1.0,0.0,0.0,0.0,0.0,6.0,15.0,2.0,6.0,4.0,0.0,3.0,4.0,2.0,2.0,1.0,2.0,2.0,2.0,3.0,6.0,4.0,13.0,15.0,14.0,15.0,9.0,8.0,11.0,11.0,6.0,7.0,11.0,16.0,14.0,14.0,15.0,13.0,13.0,6.0,15.0,19.0,16.0,19.0,16.0,7.0,4.0,8.0,11.0,11.0,11.0,16.0,14.0,9.0,6.0,9.0,10.0,7.0,6.0,9.0,12.0,11.0,10.0,6.0,4.0,11.0,12.0,6.0,6.0,9.0,5.0,7.0,8.0,10.0,12.0,10.0,13.0,8.0,10.0,17.0,16.0,10.0,6.0,11.0,15.0,18.0,16.0,13.0,12.0,13.0,8.0,10.0,10.0,11.0,9.0,1.0,5.0,4.0,11.0,19.0,21.0,16.0,11.0,6.0,5.0,4.0,8.0,12.0,7.0,8.0,13.0,10.0,9.0,7.0,5.0,3.0,9.0,15.0,7.0,3.0,7.0,4.0,2.0,4.0,3.0,3.0,5.0,7.0,5.0,5.0,5.0,6.0,4.0,4.0,7.0,5.0,4.0,0.0,4.0,6.0,7.0,13.0,11.0,7.0,10.0,10.0,17.0,21.0,20.0,9.0,9.0,6.0,10.0,7.0
Country Club,Bronx,neighborhood,0.0,0.0,0.0,0.0,0.0,0.0,0.0,0.0,0.0,0.0,0.0,0.0,0.0,0.0,0.0,0.0,0.0,0.0,0.0,0.0,0.0,0.0,0.0,0.0,0.0,0.0,0.0,0.0,1.0,1.0,1.0,0.0,0.0,0.0,0.0,1.0,0.0,0.0,0.0,0.0,0.0,0.0,0.0,0.0,0.0,0.0,1.0,1.0,1.0,1.0,0.0,1.0,0.0,1.0,1.0,0.0,0.0,0.0,0.0,0.0,0.0,0.0,0.0,0.0,0.0,0.0,0.0,0.0,0.0,0.0,2.0,2.0,0.0,0.0,0.0,1.0,1.0,1.0,1.0,1.0,0.0,0.0,0.0,0.0,0.0,0.0,0.0,0.0,1.0,2.0,3.0,1.0,1.0,1.0,0.0,1.0,0.0,0.0,0.0,0.0,2.0,3.0,0.0,0.0,0.0,0.0,0.0,0.0,0.0,0.0,0.0,1.0,2.0,1.0,1.0,0.0,1.0,3.0,1.0,0.0,1.0,1.0,1.0,0.0,2.0,0.0,0.0,0.0,0.0,0.0,0.0,1.0,1.0,0.0,1.0,2.0,3.0,2.0,1.0,2.0,2.0,2.0,1.0,1.0,2.0,3.0,2.0,1.0,1.0,3.0,2.0,1.0,3.0,3.0,2.0,0.0,0.0,0.0,1.0,1.0,2.0,2.0,0.0,0.0,0.0,0.0,0.0,0.0,0.0,0.0,0.0,0.0,0.0,0.0,0.0,0.0,0.0,0.0,2.0,1.0,2.0,1.0,0.0,1.0,0.0,1.0,1.0,3.0,1.0,4.0,0.0,3.0,1.0,2.0,0.0,4.0,4.0,6.0,2.0,4.0
Crotona Park East,Bronx,neighborhood,0.0,0.0,0.0,0.0,0.0,0.0,0.0,0.0,0.0,0.0,0.0,0.0,0.0,0.0,0.0,0.0,0.0,0.0,0.0,0.0,1.0,1.0,0.0,0.0,0.0,0.0,0.0,0.0,0.0,0.0,0.0,0.0,0.0,0.0,1.0,1.0,0.0,0.0,0.0,0.0,0.0,0.0,0.0,0.0,0.0,0.0,0.0,0.0,0.0,1.0,0.0,0.0,0.0,0.0,0.0,0.0,0.0,0.0,0.0,0.0,0.0,1.0,1.0,0.0,0.0,0.0,0.0,0.0,0.0,1.0,3.0,0.0,1.0,1.0,2.0,2.0,0.0,0.0,0.0,0.0,0.0,4.0,2.0,1.0,2.0,1.0,1.0,1.0,1.0,1.0,0.0,0.0,0.0,1.0,5.0,5.0,4.0,1.0,1.0,1.0,1.0,1.0,2.0,1.0,2.0,1.0,1.0,3.0,4.0,4.0,7.0,1.0,3.0,6.0,1.0,4.0,4.0,0.0,1.0,1.0,6.0,6.0,7.0,4.0,4.0,4.0,1.0,2.0,4.0,5.0,1.0,0.0,0.0,0.0,1.0,2.0,1.0,1.0,2.0,5.0,2.0,4.0,6.0,17.0,10.0,5.0,6.0,3.0,3.0,5.0,4.0,5.0,4.0,4.0,9.0,9.0,3.0,4.0,4.0,4.0,2.0,5.0,3.0,3.0,3.0,4.0,1.0,2.0,1.0,3.0,4.0,2.0,1.0,1.0,0.0,1.0,4.0,4.0,4.0,6.0,4.0,0.0,0.0,1.0,1.0,1.0,1.0,0.0,0.0,1.0,3.0,2.0,0.0,3.0,7.0,8.0,3.0,3.0,1.0,1.0
Crown Heights,Brooklyn,neighborhood,28.0,27.0,28.0,31.0,29.0,17.0,22.0,28.0,22.0,18.0,30.0,34.0,47.0,45.0,36.0,40.0,39.0,39.0,45.0,34.0,33.0,28.0,34.0,36.0,42.0,34.0,29.0,32.0,39.0,32.0,42.0,36.0,26.0,27.0,41.0,48.0,53.0,54.0,47.0,46.0,54.0,44.0,54.0,71.0,82.0,114.0,102.0,103.0,113.0,125.0,128.0,123.0,149.0,183.0,239.0,256.0,221.0,263.0,272.0,285.0,266.0,271.0,267.0,319.0,360.0,440.0,486.0,540.0,454.0,358.0,293.0,239.0,241.0,226.0,238.0,276.0,287.0,336.0,365.0,413.0,374.0,348.0,326.0,276.0,292.0,321.0,448.0,483.0,615.0,648.0,629.0,442.0,454.0,453.0,467.0,432.0,388.0,322.0,338.0,450.0,523.0,558.0,531.0,446.0,416.0,506.0,505.0,474.0,452.0,494.0,563.0,486.0,471.0,537.0,489.0,484.0,414.0,257.0,256.0,230.0,291.0,283.0,281.0,242.0,362.0,565.0,678.0,747.0,809.0,721.0,648.0,616.0,611.0,530.0,542.0,569.0,601.0,588.0,575.0,509.0,315.0,372.0,349.0,340.0,348.0,218.0,256.0,230.0,286.0,298.0,292.0,343.0,343.0,304.0,312.0,261.0,319.0,300.0,290.0,282.0,346.0,362.0,362.0,379.0,363.0,380.0,354.0,259.0,249.0,262.0,259.0,217.0,293.0,388.0,410.0,414.0,352.0,394.0,365.0,329.0,343.0,322.0,345.0,293.0,307.0,346.0,376.0,372.0,389.0,334.0,260.0,232.0,265.0,279.0,335.0,298.0,371.0,369.0,406.0,350.0
DUMBO,Brooklyn,neighborhood,15.0,15.0,14.0,18.0,22.0,29.0,21.0,18.0,21.0,22.0,22.0,21.0,15.0,17.0,19.0,23.0,15.0,22.0,28.0,26.0,26.0,22.0,19.0,14.0,29.0,29.0,29.0,30.0,35.0,38.0,38.0,35.0,27.0,22.0,17.0,12.0,11.0,11.0,15.0,27.0,31.0,25.0,33.0,50.0,29.0,21.0,26.0,19.0,27.0,32.0,40.0,37.0,40.0,43.0,42.0,40.0,41.0,42.0,46.0,35.0,36.0,32.0,35.0,31.0,27.0,40.0,34.0,42.0,51.0,45.0,31.0,29.0,33.0,30.0,34.0,35.0,44.0,45.0,48.0,45.0,40.0,35.0,34.0,38.0,44.0,49.0,47.0,55.0,47.0,53.0,47.0,42.0,41.0,41.0,32.0,28.0,21.0,24.0,29.0,19.0,26.0,35.0,30.0,34.0,18.0,16.0,23.0,26.0,29.0,19.0,29.0,32.0,34.0,39.0,35.0,28.0,21.0,18.0,19.0,18.0,33.0,31.0,27.0,20.0,37.0,53.0,69.0,86.0,82.0,71.0,63.0,59.0,47.0,45.0,45.0,30.0,22.0,29.0,28.0,21.0,16.0,14.0,19.0,10.0,14.0,15.0,33.0,35.0,37.0,30.0,35.0,40.0,44.0,40.0,47.0,32.0,35.0,23.0,27.0,29.0,30.0,27.0,26.0,30.0,38.0,35.0,41.0,30.0,32.0,35.0,36.0,41.0,61.0,71.0,102.0,128.0,131.0,127.0,114.0,96.0,131.0,98.0,91.0,86.0,106.0,118.0,102.0,123.0,134.0,115.0,76.0,56.0,51.0,60.0,73.0,99.0,83.0,72.0,109.0,103.0
Ditmas Park,Brooklyn,neighborhood,1.0,1.0,1.0,0.0,1.0,3.0,5.0,3.0,2.0,4.0,6.0,5.0,7.0,10.0,11.0,8.0,7.0,13.0,12.0,9.0,6.0,11.0,9.0,6.0,6.0,9.0,7.0,8.0,6.0,7.0,9.0,8.0,12.0,13.0,10.0,10.0,13.0,7.0,5.0,7.0,10.0,10.0,15.0,15.0,9.0,6.0,11.0,13.0,17.0,15.0,13.0,20.0,27.0,26.0,33.0,33.0,31.0,35.0,34.0,46.0,68.0,54.0,77.0,72.0,68.0,64.0,79.0,88.0,74.0,75.0,65.0,47.0,41.0,59.0,63.0,51.0,62.0,52.0,47.0,39.0,45.0,50.0,57.0,65.0,84.0,74.0,86.0,80.0,97.0,95.0,104.0,55.0,52.0,66.0,55.0,56.0,60.0,74.0,71.0,61.0,88.0,68.0,136.0,104.0,68.0,79.0,98.0,91.0,107.0,116.0,127.0,82.0,104.0,85.0,77.0,82.0,101.0,76.0,63.0,67.0,62.0,58.0,58.0,44.0,60.0,80.0,91.0,98.0,115.0,99.0,94.0,77.0,97.0,91.0,96.0,75.0,90.0,92.0,85.0,81.0,68.0,91.0,88.0,59.0,50.0,53.0,52.0,37.0,50.0,34.0,34.0,26.0,35.0,38.0,56.0,56.0,57.0,58.0,64.0,50.0,38.0,33.0,34.0,35.0,20.0,34.0,40.0,38.0,38.0,32.0,46.0,41.0,44.0,41.0,48.0,57.0,42.0,42.0,34.0,44.0,43.0,34.0,34.0,35.0,48.0,49.0,45.0,30.0,30.0,35.0,32.0,33.0,38.0,32.0,26.0,29.0,48.0,45.0,43.0,42.0
Douglaston,Queens,neighborhood,0.0,0.0,0.0,0.0,0.0,0.0,0.0,0.0,0.0,1.0,1.0,2.0,1.0,0.0,1.0,1.0,2.0,2.0,1.0,1.0,1.0,0.0,0.0,0.0,0.0,0.0,0.0,0.0,0.0,0.0,1.0,4.0,2.0,3.0,4.0,3.0,3.0,2.0,2.0,1.0,1.0,1.0,0.0,0.0,1.0,1.0,0.0,5.0,4.0,1.0,0.0,0.0,0.0,0.0,1.0,1.0,0.0,0.0,1.0,1.0,1.0,0.0,0.0,0.0,0.0,0.0,1.0,0.0,0.0,0.0,0.0,0.0,1.0,2.0,2.0,2.0,0.0,0.0,0.0,3.0,3.0,3.0,2.0,2.0,2.0,2.0,2.0,4.0,6.0,4.0,6.0,2.0,2.0,1.0,1.0,1.0,0.0,0.0,1.0,0.0,1.0,0.0,1.0,1.0,1.0,3.0,3.0,5.0,1.0,0.0,1.0,0.0,1.0,1.0,0.0,1.0,0.0,1.0,0.0,1.0,3.0,4.0,2.0,3.0,4.0,3.0,2.0,2.0,2.0,2.0,2.0,2.0,2.0,2.0,2.0,2.0,2.0,2.0,2.0,2.0,3.0,2.0,1.0,2.0,1.0,1.0,4.0,1.0,1.0,1.0,1.0,2.0,3.0,2.0,1.0,3.0,5.0,1.0,1.0,3.0,3.0,2.0,1.0,3.0,2.0,1.0,4.0,4.0,1.0,1.0,1.0,1.0,1.0,1.0,2.0,4.0,1.0,2.0,2.0,1.0,1.0,2.0,2.0,2.0,3.0,1.0,1.0,0.0,1.0,1.0,1.0,0.0,0.0,0.0,1.0,1.0,1.0,0.0,0.0,0.0
Downtown Brooklyn,Brooklyn,neighborhood,44.0,44.0,46.0,40.0,31.0,23.0,30.0,31.0,22.0,26.0,27.0,18.0,16.0,15.0,17.0,22.0,25.0,27.0,35.0,38.0,32.0,25.0,30.0,26.0,29.0,33.0,37.0,31.0,35.0,42.0,39.0,43.0,34.0,35.0,38.0,52.0,38.0,34.0,32.0,29.0,32.0,32.0,42.0,47.0,52.0,62.0,59.0,67.0,61.0,66.0,56.0,51.0,47.0,62.0,71.0,96.0,93.0,91.0,81.0,83.0,92.0,70.0,69.0,73.0,77.0,65.0,74.0,80.0,79.0,92.0,93.0,85.0,114.0,101.0,101.0,116.0,127.0,154.0,138.0,142.0,122.0,116.0,126.0,107.0,105.0,107.0,91.0,89.0,93.0,111.0,109.0,105.0,107.0,127.0,112.0,113.0,133.0,110.0,162.0,126.0,112.0,97.0,96.0,100.0,92.0,95.0,79.0,76.0,65.0,73.0,81.0,99.0,102.0,91.0,101.0,95.0,98.0,94.0,70.0,65.0,82.0,65.0,47.0,50.0,99.0,156.0,199.0,223.0,210.0,195.0,167.0,131.0,134.0,119.0,134.0,138.0,139.0,150.0,92.0,109.0,117.0,103.0,120.0,118.0,110.0,88.0,92.0,95.0,81.0,90.0,85.0,89.0,86.0,96.0,101.0,105.0,107.0,103.0,102.0,104.0,99.0,111.0,94.0,96.0,101.0,98.0,79.0,79.0,96.0,69.0,72.0,76.0,115.0,111.0,132.0,148.0,149.0,126.0,121.0,112.0,127.0,91.0,101.0,98.0,122.0,137.0,164.0,180.0,172.0,170.0,154.0,167.0,175.0,163.0,186.0,186.0,201.0,208.0,231.0,216.0
Dyker Heights,Brooklyn,neighborhood,1.0,1.0,1.0,1.0,3.0,2.0,2.0,1.0,0.0,0.0,0.0,1.0,3.0,1.0,1.0,2.0,4.0,3.0,2.0,2.0,2.0,4.0,4.0,2.0,2.0,3.0,2.0,3.0,2.0,2.0,2.0,1.0,1.0,1.0,1.0,1.0,1.0,1.0,0.0,0.0,0.0,0.0,0.0,2.0,4.0,5.0,9.0,7.0,7.0,10.0,7.0,5.0,6.0,10.0,8.0,9.0,7.0,12.0,15.0,12.0,11.0,11.0,16.0,17.0,22.0,22.0,15.0,19.0,21.0,18.0,24.0,14.0,10.0,11.0,7.0,13.0,18.0,14.0,19.0,24.0,16.0,18.0,20.0,22.0,32.0,28.0,33.0,29.0,23.0,17.0,16.0,6.0,9.0,13.0,10.0,9.0,14.0,15.0,21.0,23.0,22.0,28.0,22.0,19.0,26.0,17.0,16.0,11.0,16.0,14.0,8.0,8.0,18.0,21.0,14.0,13.0,17.0,12.0,14.0,9.0,10.0,8.0,4.0,1.0,7.0,10.0,18.0,15.0,19.0,24.0,21.0,28.0,25.0,21.0,30.0,24.0,20.0,24.0,18.0,16.0,15.0,22.0,18.0,15.0,23.0,20.0,18.0,17.0,22.0,21.0,15.0,9.0,9.0,14.0,7.0,10.0,15.0,11.0,10.0,8.0,4.0,7.0,11.0,6.0,6.0,10.0,6.0,4.0,6.0,3.0,10.0,6.0,7.0,10.0,10.0,7.0,10.0,8.0,5.0,6.0,8.0,8.0,11.0,10.0,9.0,3.0,8.0,4.0,7.0,9.0,10.0,5.0,5.0,5.0,1.0,4.0,3.0,5.0,6.0,5.0
East Elmhurst,Queens,neighborhood,0.0,0.0,0.0,0.0,0.0,0.0,0.0,0.0,0.0,0.0,0.0,0.0,0.0,0.0,0.0,0.0,0.0,0.0,0.0,0.0,0.0,0.0,0.0,0.0,0.0,0.0,0.0,0.0,0.0,0.0,0.0,0.0,0.0,0.0,0.0,0.0,0.0,0.0,0.0,0.0,0.0,0.0,0.0,0.0,0.0,0.0,1.0,1.0,1.0,1.0,2.0,3.0,3.0,2.0,2.0,4.0,1.0,1.0,3.0,3.0,1.0,1.0,1.0,1.0,1.0,1.0,0.0,0.0,0.0,0.0,1.0,1.0,0.0,0.0,0.0,1.0,1.0,0.0,1.0,1.0,1.0,0.0,0.0,0.0,0.0,1.0,1.0,3.0,3.0,2.0,2.0,1.0,1.0,1.0,1.0,0.0,2.0,3.0,3.0,3.0,2.0,2.0,1.0,2.0,0.0,2.0,3.0,7.0,4.0,1.0,1.0,2.0,3.0,3.0,1.0,1.0,3.0,2.0,4.0,4.0,3.0,6.0,5.0,2.0,2.0,3.0,7.0,6.0,1.0,1.0,4.0,2.0,2.0,2.0,0.0,3.0,3.0,1.0,1.0,2.0,6.0,4.0,3.0,3.0,0.0,5.0,4.0,1.0,1.0,1.0,1.0,0.0,1.0,1.0,2.0,7.0,9.0,2.0,3.0,3.0,6.0,7.0,2.0,1.0,4.0,4.0,1.0,0.0,3.0,1.0,4.0,3.0,1.0,4.0,2.0,2.0,0.0,2.0,2.0,6.0,3.0,2.0,5.0,3.0,3.0,2.0,5.0,1.0,0.0,1.0,1.0,0.0,0.0,1.0,0.0,0.0,3.0,3.0,4.0,1.0
East Flatbush,Brooklyn,neighborhood,4.0,3.0,3.0,5.0,1.0,1.0,4.0,5.0,5.0,4.0,3.0,2.0,1.0,3.0,4.0,4.0,3.0,4.0,3.0,5.0,5.0,3.0,4.0,4.0,2.0,5.0,4.0,4.0,4.0,2.0,2.0,1.0,3.0,1.0,2.0,4.0,3.0,6.0,4.0,4.0,6.0,4.0,9.0,12.0,6.0,5.0,15.0,14.0,21.0,25.0,16.0,17.0,19.0,15.0,20.0,28.0,29.0,44.0,46.0,33.0,32.0,44.0,46.0,35.0,27.0,37.0,51.0,71.0,100.0,98.0,81.0,62.0,42.0,43.0,60.0,49.0,70.0,77.0,60.0,48.0,57.0,52.0,47.0,44.0,72.0,75.0,93.0,95.0,98.0,93.0,81.0,60.0,92.0,87.0,64.0,66.0,92.0,82.0,92.0,96.0,85.0,86.0,104.0,112.0,55.0,72.0,67.0,50.0,63.0,66.0,76.0,79.0,92.0,89.0,92.0,79.0,75.0,63.0,85.0,85.0,93.0,97.0,72.0,41.0,48.0,65.0,68.0,88.0,94.0,86.0,79.0,75.0,80.0,79.0,77.0,83.0,71.0,76.0,70.0,71.0,47.0,52.0,78.0,58.0,87.0,144.0,145.0,98.0,111.0,80.0,74.0,96.0,91.0,96.0,91.0,74.0,85.0,89.0,94.0,73.0,88.0,90.0,86.0,95.0,82.0,94.0,114.0,104.0,101.0,77.0,79.0,87.0,118.0,138.0,155.0,146.0,128.0,89.0,88.0,90.0,127.0,106.0,81.0,86.0,94.0,118.0,132.0,124.0,119.0,125.0,103.0,116.0,126.0,108.0,128.0,124.0,117.0,134.0,153.0,151.0
East Harlem,Manhattan,neighborhood,43.0,37.0,42.0,33.0,42.0,56.0,67.0,60.0,47.0,37.0,37.0,44.0,46.0,42.0,41.0,43.0,46.0,41.0,39.0,55.0,42.0,39.0,42.0,40.0,44.0,64.0,66.0,68.0,68.0,76.0,58.0,57.0,48.0,48.0,52.0,52.0,72.0,73.0,77.0,77.0,88.0,85.0,89.0,96.0,94.0,100.0,103.0,107.0,108.0,118.0,122.0,139.0,159.0,164.0,166.0,186.0,180.0,207.0,164.0,152.0,177.0,176.0,178.0,181.0,163.0,188.0,243.0,265.0,193.0,165.0,179.0,185.0,166.0,143.0,182.0,199.0,187.0,186.0,228.0,224.0,182.0,155.0,148.0,134.0,136.0,128.0,143.0,129.0,152.0,192.0,200.0,189.0,200.0,192.0,178.0,139.0,133.0,146.0,160.0,148.0,182.0,185.0,200.0,205.0,173.0,186.0,166.0,145.0,160.0,159.0,180.0,166.0,201.0,167.0,160.0,183.0,170.0,143.0,109.0,101.0,126.0,114.0,113.0,102.0,137.0,175.0,224.0,263.0,245.0,237.0,222.0,188.0,197.0,170.0,181.0,179.0,208.0,216.0,182.0,192.0,172.0,186.0,166.0,108.0,92.0,94.0,88.0,128.0,136.0,127.0,133.0,150.0,127.0,125.0,98.0,105.0,122.0,114.0,112.0,110.0,154.0,162.0,174.0,179.0,153.0,187.0,159.0,140.0,155.0,148.0,130.0,141.0,151.0,148.0,163.0,177.0,169.0,143.0,129.0,99.0,92.0,87.0,95.0,115.0,124.0,148.0,177.0,157.0,140.0,136.0,106.0,98.0,88.0,96.0,123.0,126.0,133.0,119.0,134.0,143.0
East New York,Brooklyn,neighborhood,0.0,0.0,0.0,0.0,0.0,1.0,1.0,2.0,3.0,2.0,0.0,0.0,2.0,3.0,3.0,4.0,4.0,3.0,4.0,4.0,3.0,4.0,3.0,3.0,0.0,0.0,0.0,0.0,1.0,2.0,4.0,6.0,7.0,6.0,5.0,4.0,13.0,14.0,10.0,10.0,6.0,3.0,9.0,10.0,6.0,8.0,12.0,12.0,19.0,22.0,16.0,9.0,9.0,11.0,19.0,23.0,16.0,11.0,9.0,13.0,24.0,18.0,9.0,10.0,12.0,23.0,20.0,23.0,20.0,18.0,17.0,15.0,16.0,16.0,18.0,19.0,24.0,28.0,22.0,25.0,25.0,31.0,34.0,33.0,35.0,45.0,36.0,26.0,29.0,47.0,35.0,16.0,18.0,24.0,30.0,25.0,26.0,26.0,28.0,25.0,15.0,18.0,25.0,29.0,31.0,29.0,22.0,28.0,47.0,34.0,36.0,28.0,29.0,26.0,36.0,34.0,34.0,48.0,56.0,43.0,56.0,41.0,35.0,23.0,26.0,35.0,42.0,41.0,30.0,34.0,34.0,25.0,33.0,33.0,30.0,35.0,44.0,55.0,45.0,43.0,29.0,39.0,38.0,37.0,42.0,37.0,40.0,61.0,57.0,48.0,52.0,36.0,33.0,40.0,39.0,41.0,45.0,53.0,57.0,36.0,47.0,36.0,50.0,106.0,107.0,70.0,58.0,53.0,51.0,54.0,74.0,61.0,82.0,96.0,96.0,88.0,94.0,58.0,63.0,43.0,52.0,25.0,28.0,26.0,30.0,35.0,25.0,36.0,41.0,36.0,30.0,49.0,52.0,46.0,53.0,65.0,51.0,70.0,65.0,95.0
East Tremont,Bronx,neighborhood,0.0,0.0,1.0,1.0,1.0,1.0,0.0,0.0,0.0,0.0,0.0,0.0,0.0,0.0,0.0,0.0,0.0,0.0,0.0,1.0,1.0,1.0,0.0,0.0,0.0,0.0,0.0,0.0,0.0,3.0,3.0,3.0,2.0,2.0,0.0,0.0,0.0,0.0,1.0,1.0,1.0,1.0,0.0,0.0,0.0,0.0,0.0,0.0,0.0,3.0,2.0,4.0,1.0,1.0,3.0,6.0,5.0,3.0,3.0,5.0,7.0,5.0,1.0,5.0,9.0,9.0,6.0,8.0,11.0,5.0,5.0,5.0,3.0,2.0,5.0,4.0,3.0,1.0,2.0,2.0,3.0,2.0,2.0,1.0,3.0,5.0,5.0,3.0,3.0,7.0,7.0,3.0,7.0,7.0,5.0,10.0,7.0,6.0,7.0,5.0,1.0,4.0,7.0,8.0,6.0,7.0,10.0,6.0,4.0,2.0,5.0,2.0,4.0,2.0,1.0,2.0,3.0,1.0,2.0,2.0,4.0,4.0,3.0,2.0,3.0,5.0,2.0,1.0,4.0,5.0,5.0,6.0,7.0,4.0,4.0,2.0,3.0,10.0,9.0,8.0,6.0,7.0,9.0,7.0,4.0,4.0,3.0,4.0,3.0,5.0,10.0,6.0,4.0,4.0,12.0,6.0,7.0,7.0,4.0,1.0,3.0,7.0,6.0,4.0,6.0,7.0,4.0,4.0,3.0,0.0,3.0,5.0,3.0,1.0,2.0,5.0,3.0,4.0,5.0,3.0,3.0,4.0,6.0,4.0,3.0,3.0,4.0,0.0,1.0,3.0,1.0,2.0,1.0,2.0,2.0,0.0,1.0,2.0,3.0,2.0
East Village,Manhattan,neighborhood,146.0,154.0,173.0,155.0,152.0,158.0,157.0,129.0,101.0,85.0,87.0,96.0,104.0,80.0,88.0,121.0,138.0,157.0,160.0,160.0,123.0,115.0,100.0,107.0,105.0,105.0,125.0,163.0,174.0,208.0,286.0,221.0,162.0,156.0,152.0,140.0,163.0,158.0,140.0,224.0,278.0,352.0,362.0,391.0,310.0,259.0,203.0,181.0,198.0,216.0,233.0,257.0,374.0,394.0,418.0,383.0,329.0,297.0,270.0,266.0,269.0,207.0,267.0,334.0,381.0,475.0,519.0,482.0,366.0,340.0,299.0,265.0,290.0,276.0,307.0,373.0,422.0,471.0,500.0,491.0,405.0,359.0,336.0,317.0,346.0,343.0,363.0,462.0,527.0,589.0,667.0,496.0,378.0,356.0,270.0,268.0,289.0,252.0,281.0,370.0,465.0,540.0,612.0,519.0,357.0,328.0,260.0,213.0,237.0,244.0,296.0,394.0,502.0,593.0,620.0,497.0,324.0,252.0,190.0,158.0,186.0,171.0,198.0,207.0,462.0,727.0,996.0,1020.0,987.0,957.0,805.0,697.0,610.0,471.0,483.0,415.0,359.0,387.0,384.0,289.0,223.0,158.0,144.0,166.0,166.0,153.0,206.0,266.0,318.0,385.0,423.0,384.0,270.0,245.0,216.0,219.0,245.0,241.0,284.0,339.0,437.0,545.0,615.0,583.0,396.0,332.0,274.0,253.0,256.0,235.0,297.0,332.0,423.0,519.0,618.0,564.0,442.0,385.0,316.0,248.0,203.0,177.0,279.0,363.0,486.0,538.0,495.0,397.0,343.0,271.0,188.0,164.0,179.0,187.0,242.0,310.0,396.0,419.0,401.0,335.0
Eastchester,Bronx,neighborhood,0.0,0.0,0.0,0.0,0.0,0.0,0.0,0.0,0.0,0.0,0.0,0.0,0.0,0.0,0.0,0.0,0.0,0.0,0.0,1.0,1.0,0.0,0.0,0.0,0.0,0.0,0.0,0.0,0.0,0.0,0.0,0.0,0.0,0.0,0.0,0.0,0.0,0.0,0.0,0.0,0.0,0.0,0.0,0.0,0.0,0.0,0.0,0.0,0.0,0.0,0.0,0.0,0.0,0.0,0.0,0.0,0.0,0.0,0.0,0.0,0.0,0.0,0.0,0.0,0.0,1.0,1.0,2.0,0.0,0.0,0.0,0.0,0.0,0.0,0.0,0.0,0.0,0.0,0.0,0.0,3.0,4.0,3.0,0.0,0.0,0.0,0.0,0.0,0.0,0.0,0.0,0.0,0.0,0.0,0.0,0.0,1.0,1.0,4.0,1.0,0.0,0.0,1.0,0.0,1.0,2.0,2.0,3.0,4.0,2.0,0.0,0.0,2.0,2.0,4.0,4.0,2.0,3.0,3.0,1.0,3.0,1.0,0.0,1.0,0.0,2.0,1.0,0.0,1.0,3.0,2.0,1.0,1.0,1.0,0.0,1.0,3.0,2.0,2.0,2.0,1.0,1.0,2.0,1.0,0.0,1.0,2.0,0.0,0.0,0.0,0.0,1.0,2.0,1.0,0.0,0.0,0.0,0.0,0.0,1.0,1.0,2.0,1.0,0.0,0.0,0.0,0.0,0.0,0.0,0.0,0.0,0.0,0.0,0.0,0.0,1.0,0.0,0.0,0.0,0.0,0.0,0.0,0.0,0.0,0.0,0.0,0.0,0.0,0.0,0.0,0.0,0.0,0.0,0.0,0.0,0.0,1.0,1.0,3.0,1.0
Edenwald,Bronx,neighborhood,0.0,0.0,0.0,0.0,0.0,0.0,0.0,0.0,0.0,0.0,0.0,0.0,0.0,0.0,0.0,0.0,0.0,0.0,0.0,0.0,0.0,0.0,0.0,0.0,0.0,0.0,0.0,0.0,0.0,0.0,0.0,0.0,0.0,0.0,0.0,0.0,0.0,0.0,0.0,0.0,0.0,0.0,1.0,1.0,2.0,2.0,0.0,0.0,0.0,0.0,0.0,0.0,0.0,0.0,0.0,1.0,1.0,1.0,1.0,1.0,0.0,0.0,0.0,0.0,0.0,0.0,0.0,0.0,0.0,0.0,0.0,0.0,1.0,1.0,1.0,0.0,0.0,0.0,0.0,0.0,0.0,1.0,1.0,1.0,1.0,1.0,0.0,0.0,0.0,0.0,1.0,0.0,0.0,0.0,0.0,0.0,1.0,1.0,1.0,1.0,2.0,3.0,0.0,0.0,0.0,1.0,1.0,1.0,1.0,0.0,0.0,1.0,4.0,0.0,0.0,1.0,1.0,0.0,0.0,0.0,0.0,0.0,0.0,0.0,0.0,0.0,0.0,0.0,0.0,0.0,0.0,0.0,0.0,0.0,0.0,1.0,3.0,1.0,0.0,0.0,2.0,1.0,1.0,0.0,0.0,0.0,0.0,1.0,1.0,0.0,3.0,4.0,1.0,4.0,6.0,3.0,3.0,2.0,6.0,1.0,1.0,1.0,1.0,2.0,0.0,0.0,0.0,2.0,1.0,0.0,0.0,0.0,0.0,0.0,1.0,0.0,1.0,1.0,0.0,0.0,0.0,1.0,1.0,1.0,0.0,0.0,0.0,1.0,1.0,0.0,0.0,0.0,0.0,0.0,0.0,0.0,1.0,0.0,1.0,2.0
Elmhurst,Queens,neighborhood,1.0,1.0,1.0,1.0,1.0,1.0,0.0,0.0,1.0,2.0,2.0,1.0,1.0,0.0,1.0,1.0,2.0,2.0,2.0,0.0,0.0,0.0,0.0,0.0,1.0,1.0,1.0,1.0,1.0,0.0,1.0,2.0,2.0,13.0,8.0,4.0,4.0,5.0,11.0,9.0,9.0,6.0,7.0,4.0,2.0,7.0,8.0,6.0,8.0,8.0,9.0,13.0,14.0,17.0,19.0,13.0,14.0,9.0,4.0,7.0,10.0,10.0,13.0,10.0,9.0,13.0,21.0,25.0,25.0,23.0,22.0,14.0,13.0,25.0,17.0,20.0,15.0,21.0,17.0,18.0,25.0,15.0,17.0,20.0,33.0,43.0,44.0,42.0,46.0,48.0,43.0,28.0,24.0,25.0,23.0,26.0,36.0,39.0,51.0,29.0,30.0,25.0,23.0,42.0,29.0,35.0,26.0,35.0,46.0,32.0,28.0,19.0,23.0,18.0,26.0,22.0,13.0,21.0,18.0,11.0,23.0,18.0,9.0,7.0,11.0,17.0,26.0,36.0,38.0,26.0,27.0,32.0,29.0,24.0,35.0,25.0,23.0,26.0,31.0,36.0,45.0,41.0,38.0,29.0,23.0,24.0,22.0,21.0,22.0,21.0,22.0,31.0,32.0,23.0,32.0,36.0,31.0,24.0,40.0,33.0,26.0,18.0,16.0,13.0,23.0,32.0,29.0,32.0,36.0,18.0,11.0,15.0,20.0,29.0,23.0,24.0,26.0,31.0,28.0,26.0,24.0,36.0,38.0,24.0,45.0,41.0,30.0,26.0,20.0,19.0,23.0,20.0,25.0,24.0,27.0,26.0,20.0,20.0,20.0,33.0
Financial District,Manhattan,neighborhood,143.0,146.0,133.0,124.0,101.0,103.0,98.0,109.0,99.0,112.0,138.0,142.0,143.0,124.0,132.0,123.0,121.0,144.0,153.0,174.0,174.0,164.0,176.0,161.0,168.0,157.0,173.0,169.0,164.0,177.0,195.0,185.0,172.0,202.0,205.0,220.0,240.0,210.0,232.0,254.0,272.0,274.0,296.0,272.0,284.0,318.0,194.0,203.0,209.0,193.0,216.0,268.0,243.0,217.0,197.0,206.0,193.0,180.0,151.0,148.0,153.0,148.0,144.0,140.0,168.0,203.0,176.0,169.0,181.0,165.0,149.0,137.0,141.0,148.0,149.0,152.0,166.0,187.0,187.0,198.0,186.0,195.0,177.0,152.0,158.0,174.0,204.0,202.0,212.0,221.0,219.0,189.0,174.0,191.0,184.0,151.0,172.0,162.0,136.0,140.0,150.0,153.0,164.0,158.0,146.0,154.0,137.0,127.0,125.0,141.0,138.0,143.0,151.0,155.0,161.0,171.0,166.0,153.0,137.0,118.0,113.0,96.0,103.0,101.0,145.0,213.0,267.0,329.0,310.0,277.0,225.0,198.0,194.0,188.0,188.0,145.0,128.0,113.0,97.0,113.0,103.0,115.0,97.0,84.0,87.0,79.0,83.0,89.0,106.0,103.0,123.0,128.0,126.0,140.0,123.0,117.0,128.0,104.0,113.0,135.0,128.0,117.0,108.0,125.0,130.0,121.0,118.0,125.0,144.0,118.0,113.0,126.0,129.0,150.0,144.0,126.0,122.0,141.0,130.0,108.0,109.0,115.0,129.0,127.0,135.0,143.0,127.0,132.0,146.0,147.0,123.0,119.0,140.0,132.0,129.0,122.0,140.0,147.0,150.0,157.0
Flatbush,Brooklyn,neighborhood,5.0,5.0,4.0,5.0,3.0,4.0,4.0,7.0,5.0,4.0,4.0,4.0,3.0,3.0,4.0,33.0,15.0,12.0,10.0,6.0,4.0,6.0,7.0,6.0,6.0,5.0,2.0,2.0,2.0,4.0,6.0,6.0,4.0,7.0,5.0,4.0,8.0,4.0,9.0,15.0,14.0,18.0,16.0,26.0,23.0,29.0,22.0,21.0,27.0,22.0,16.0,17.0,20.0,29.0,56.0,74.0,86.0,100.0,111.0,109.0,88.0,83.0,75.0,75.0,83.0,96.0,101.0,101.0,89.0,89.0,81.0,72.0,72.0,56.0,64.0,70.0,68.0,90.0,98.0,92.0,110.0,114.0,136.0,135.0,148.0,141.0,162.0,165.0,191.0,180.0,166.0,133.0,145.0,139.0,155.0,151.0,175.0,155.0,126.0,127.0,149.0,169.0,236.0,236.0,153.0,220.0,296.0,319.0,406.0,301.0,204.0,163.0,191.0,168.0,206.0,223.0,224.0,197.0,164.0,147.0,163.0,179.0,134.0,98.0,163.0,191.0,249.0,281.0,272.0,251.0,221.0,222.0,244.0,232.0,244.0,214.0,276.0,326.0,320.0,354.0,221.0,275.0,250.0,174.0,201.0,196.0,209.0,191.0,224.0,190.0,199.0,257.0,228.0,201.0,234.0,185.0,196.0,215.0,210.0,199.0,259.0,257.0,263.0,241.0,155.0,214.0,273.0,196.0,211.0,190.0,195.0,193.0,342.0,303.0,362.0,381.0,363.0,289.0,280.0,262.0,222.0,187.0,187.0,213.0,344.0,371.0,430.0,350.0,291.0,269.0,268.0,235.0,279.0,232.0,252.0,258.0,406.0,449.0,361.0,334.0
Flatiron,Manhattan,neighborhood,87.0,87.0,80.0,76.0,71.0,69.0,65.0,73.0,70.0,65.0,66.0,60.0,54.0,44.0,49.0,52.0,60.0,57.0,57.0,64.0,57.0,60.0,52.0,42.0,53.0,45.0,50.0,63.0,88.0,80.0,85.0,89.0,85.0,76.0,72.0,81.0,76.0,79.0,91.0,88.0,83.0,81.0,89.0,99.0,82.0,122.0,202.0,170.0,146.0,110.0,92.0,66.0,83.0,86.0,102.0,112.0,114.0,111.0,92.0,110.0,128.0,120.0,139.0,137.0,152.0,156.0,144.0,144.0,141.0,129.0,116.0,118.0,130.0,120.0,119.0,115.0,113.0,127.0,144.0,132.0,130.0,137.0,139.0,106.0,112.0,117.0,131.0,128.0,155.0,158.0,149.0,120.0,117.0,128.0,107.0,100.0,105.0,94.0,86.0,97.0,111.0,115.0,123.0,119.0,98.0,102.0,78.0,67.0,76.0,77.0,76.0,91.0,95.0,104.0,119.0,127.0,94.0,91.0,85.0,81.0,76.0,59.0,66.0,57.0,126.0,183.0,229.0,258.0,261.0,254.0,221.0,204.0,203.0,173.0,155.0,117.0,110.0,88.0,87.0,62.0,64.0,49.0,48.0,47.0,40.0,52.0,76.0,85.0,85.0,97.0,104.0,98.0,98.0,79.0,73.0,71.0,77.0,76.0,83.0,101.0,119.0,122.0,118.0,130.0,127.0,126.0,113.0,102.0,95.0,86.0,85.0,87.0,85.0,100.0,110.0,96.0,89.0,102.0,95.0,86.0,78.0,49.0,53.0,81.0,77.0,75.0,83.0,84.0,53.0,62.0,58.0,54.0,46.0,38.0,65.0,73.0,57.0,62.0,79.0,74.0
Flatlands,Brooklyn,neighborhood,0.0,1.0,1.0,1.0,0.0,0.0,0.0,0.0,0.0,0.0,0.0,0.0,1.0,2.0,3.0,2.0,2.0,2.0,3.0,4.0,3.0,1.0,0.0,0.0,0.0,0.0,0.0,0.0,0.0,0.0,0.0,1.0,1.0,2.0,0.0,0.0,0.0,0.0,0.0,2.0,1.0,0.0,0.0,0.0,0.0,0.0,0.0,0.0,0.0,0.0,1.0,2.0,1.0,4.0,2.0,0.0,0.0,1.0,1.0,1.0,3.0,3.0,2.0,1.0,0.0,0.0,0.0,1.0,1.0,5.0,2.0,2.0,2.0,1.0,1.0,0.0,0.0,1.0,1.0,1.0,1.0,3.0,1.0,0.0,2.0,1.0,1.0,1.0,2.0,2.0,1.0,0.0,0.0,0.0,1.0,3.0,4.0,3.0,2.0,0.0,1.0,2.0,1.0,8.0,5.0,4.0,2.0,2.0,3.0,2.0,2.0,1.0,1.0,2.0,3.0,3.0,7.0,5.0,4.0,7.0,2.0,1.0,4.0,2.0,1.0,1.0,5.0,4.0,2.0,0.0,0.0,1.0,1.0,0.0,0.0,2.0,3.0,2.0,1.0,1.0,0.0,0.0,0.0,1.0,4.0,3.0,3.0,3.0,1.0,3.0,0.0,1.0,2.0,2.0,4.0,2.0,3.0,2.0,3.0,1.0,0.0,1.0,1.0,4.0,4.0,2.0,6.0,5.0,4.0,4.0,5.0,6.0,2.0,5.0,3.0,1.0,2.0,1.0,0.0,2.0,1.0,1.0,2.0,7.0,3.0,1.0,6.0,6.0,1.0,2.0,0.0,1.0,2.0,0.0,1.0,2.0,2.0,4.0,1.0,2.0
Floral Park,Queens,neighborhood,0.0,0.0,0.0,0.0,0.0,0.0,0.0,0.0,0.0,0.0,0.0,0.0,0.0,0.0,0.0,0.0,0.0,0.0,0.0,0.0,0.0,0.0,0.0,0.0,0.0,0.0,0.0,0.0,0.0,0.0,0.0,0.0,0.0,0.0,0.0,0.0,0.0,0.0,0.0,0.0,0.0,0.0,0.0,0.0,0.0,1.0,1.0,1.0,1.0,1.0,1.0,1.0,0.0,0.0,0.0,0.0,0.0,0.0,0.0,0.0,0.0,0.0,0.0,0.0,0.0,0.0,0.0,0.0,0.0,0.0,1.0,1.0,1.0,0.0,0.0,0.0,0.0,0.0,0.0,0.0,0.0,0.0,0.0,0.0,0.0,0.0,0.0,0.0,0.0,0.0,0.0,1.0,0.0,0.0,0.0,0.0,0.0,0.0,0.0,0.0,0.0,0.0,0.0,0.0,0.0,0.0,0.0,0.0,0.0,0.0,0.0,0.0,0.0,0.0,1.0,1.0,1.0,1.0,1.0,0.0,0.0,1.0,1.0,0.0,0.0,0.0,0.0,0.0,0.0,0.0,0.0,0.0,0.0,0.0,0.0,0.0,0.0,0.0,0.0,0.0,0.0,0.0,0.0,0.0,0.0,0.0,0.0,0.0,0.0,0.0,0.0,2.0,1.0,1.0,0.0,0.0,0.0,0.0,0.0,0.0,0.0,0.0,0.0,0.0,0.0,0.0,0.0,0.0,0.0,0.0,0.0,0.0,0.0,0.0,0.0,0.0,0.0,0.0,0.0,0.0,0.0,0.0,0.0,0.0,0.0,0.0,0.0,0.0,0.0,0.0,0.0,0.0,0.0,0.0,0.0,0.0,0.0,0.0,0.0,0.0
Flushing,Queens,neighborhood,6.0,9.0,6.0,5.0,2.0,0.0,4.0,3.0,2.0,1.0,1.0,1.0,3.0,2.0,2.0,3.0,10.0,7.0,5.0,8.0,9.0,7.0,4.0,6.0,6.0,8.0,8.0,10.0,14.0,11.0,16.0,15.0,14.0,9.0,11.0,9.0,11.0,11.0,12.0,13.0,14.0,15.0,12.0,17.0,18.0,11.0,8.0,9.0,10.0,13.0,20.0,21.0,22.0,31.0,25.0,21.0,18.0,21.0,22.0,20.0,20.0,24.0,19.0,19.0,20.0,23.0,39.0,42.0,36.0,31.0,37.0,36.0,30.0,24.0,35.0,33.0,32.0,36.0,25.0,35.0,40.0,31.0,24.0,30.0,35.0,42.0,45.0,70.0,88.0,106.0,132.0,62.0,46.0,51.0,55.0,51.0,50.0,47.0,52.0,53.0,54.0,56.0,50.0,44.0,52.0,61.0,64.0,60.0,52.0,50.0,51.0,55.0,64.0,60.0,59.0,56.0,57.0,66.0,61.0,60.0,52.0,48.0,32.0,19.0,27.0,34.0,56.0,64.0,69.0,81.0,75.0,56.0,74.0,70.0,91.0,86.0,59.0,68.0,71.0,65.0,47.0,41.0,45.0,49.0,55.0,60.0,80.0,56.0,59.0,42.0,41.0,47.0,47.0,57.0,54.0,66.0,66.0,59.0,57.0,44.0,46.0,53.0,46.0,44.0,38.0,43.0,42.0,50.0,67.0,55.0,63.0,49.0,35.0,54.0,52.0,39.0,41.0,41.0,38.0,37.0,33.0,37.0,54.0,51.0,61.0,55.0,37.0,39.0,37.0,38.0,43.0,44.0,51.0,45.0,68.0,86.0,70.0,66.0,56.0,60.0
Fordham,Bronx,neighborhood,0.0,0.0,0.0,0.0,0.0,0.0,0.0,0.0,0.0,0.0,0.0,0.0,0.0,0.0,0.0,0.0,0.0,0.0,0.0,0.0,0.0,0.0,1.0,1.0,1.0,1.0,1.0,0.0,0.0,0.0,0.0,3.0,3.0,7.0,8.0,3.0,1.0,2.0,2.0,0.0,0.0,1.0,0.0,0.0,1.0,2.0,4.0,3.0,3.0,1.0,1.0,0.0,1.0,0.0,0.0,0.0,1.0,2.0,5.0,13.0,8.0,8.0,4.0,2.0,2.0,8.0,11.0,11.0,15.0,24.0,16.0,13.0,7.0,4.0,11.0,11.0,13.0,10.0,10.0,9.0,8.0,9.0,14.0,9.0,10.0,18.0,13.0,10.0,12.0,14.0,11.0,5.0,12.0,10.0,8.0,8.0,8.0,12.0,9.0,10.0,15.0,8.0,12.0,16.0,13.0,8.0,8.0,10.0,14.0,7.0,8.0,14.0,12.0,11.0,14.0,12.0,12.0,6.0,4.0,6.0,7.0,7.0,8.0,3.0,4.0,8.0,9.0,9.0,7.0,9.0,7.0,6.0,9.0,8.0,4.0,2.0,7.0,11.0,12.0,19.0,21.0,16.0,10.0,6.0,7.0,13.0,14.0,11.0,9.0,10.0,8.0,7.0,9.0,10.0,10.0,8.0,6.0,13.0,7.0,3.0,9.0,11.0,4.0,6.0,5.0,9.0,15.0,9.0,6.0,8.0,6.0,3.0,13.0,8.0,11.0,7.0,10.0,7.0,7.0,4.0,7.0,11.0,13.0,3.0,3.0,1.0,5.0,7.0,9.0,9.0,4.0,2.0,5.0,5.0,6.0,4.0,9.0,6.0,2.0,3.0
Forest Hills,Queens,neighborhood,31.0,19.0,23.0,27.0,20.0,18.0,20.0,18.0,21.0,28.0,29.0,28.0,24.0,25.0,30.0,34.0,38.0,29.0,38.0,40.0,33.0,41.0,37.0,34.0,26.0,29.0,33.0,37.0,27.0,22.0,38.0,33.0,30.0,29.0,32.0,31.0,28.0,30.0,39.0,40.0,38.0,27.0,25.0,22.0,25.0,29.0,44.0,32.0,39.0,38.0,38.0,67.0,69.0,58.0,78.0,65.0,55.0,85.0,90.0,75.0,50.0,53.0,55.0,65.0,75.0,79.0,72.0,78.0,89.0,91.0,82.0,68.0,63.0,66.0,69.0,63.0,68.0,79.0,79.0,70.0,81.0,89.0,77.0,72.0,86.0,95.0,120.0,117.0,117.0,150.0,157.0,83.0,95.0,97.0,76.0,65.0,72.0,67.0,91.0,77.0,70.0,87.0,92.0,105.0,84.0,93.0,117.0,88.0,93.0,86.0,93.0,100.0,95.0,115.0,113.0,119.0,99.0,123.0,95.0,84.0,86.0,77.0,69.0,44.0,64.0,75.0,111.0,105.0,124.0,109.0,111.0,108.0,140.0,123.0,128.0,111.0,109.0,111.0,112.0,131.0,153.0,144.0,115.0,98.0,92.0,106.0,86.0,93.0,92.0,75.0,87.0,109.0,105.0,94.0,79.0,72.0,61.0,53.0,70.0,72.0,72.0,67.0,71.0,81.0,68.0,61.0,45.0,50.0,62.0,51.0,65.0,46.0,55.0,59.0,58.0,67.0,44.0,49.0,50.0,40.0,45.0,59.0,70.0,50.0,69.0,83.0,68.0,73.0,70.0,71.0,64.0,53.0,53.0,60.0,61.0,58.0,65.0,55.0,52.0,63.0
Fort Greene,Brooklyn,neighborhood,41.0,35.0,35.0,36.0,32.0,23.0,27.0,23.0,23.0,24.0,24.0,22.0,22.0,21.0,27.0,34.0,36.0,33.0,33.0,42.0,37.0,47.0,34.0,16.0,21.0,22.0,32.0,42.0,36.0,33.0,43.0,37.0,24.0,21.0,22.0,27.0,30.0,37.0,29.0,35.0,39.0,40.0,54.0,48.0,52.0,48.0,55.0,64.0,70.0,60.0,50.0,46.0,57.0,62.0,78.0,93.0,79.0,73.0,58.0,66.0,54.0,76.0,83.0,99.0,103.0,111.0,104.0,113.0,96.0,85.0,75.0,68.0,52.0,61.0,72.0,82.0,89.0,96.0,97.0,95.0,112.0,105.0,93.0,91.0,98.0,97.0,101.0,113.0,117.0,122.0,115.0,85.0,80.0,83.0,71.0,54.0,54.0,66.0,65.0,78.0,79.0,78.0,80.0,64.0,54.0,59.0,49.0,55.0,64.0,60.0,68.0,71.0,83.0,75.0,94.0,73.0,44.0,48.0,36.0,37.0,42.0,41.0,48.0,34.0,63.0,97.0,136.0,145.0,143.0,134.0,113.0,85.0,70.0,61.0,71.0,60.0,52.0,61.0,46.0,54.0,47.0,44.0,34.0,46.0,47.0,52.0,49.0,39.0,41.0,38.0,31.0,42.0,37.0,43.0,49.0,32.0,29.0,32.0,43.0,44.0,33.0,32.0,48.0,56.0,57.0,75.0,71.0,49.0,44.0,46.0,36.0,29.0,45.0,68.0,68.0,62.0,50.0,54.0,53.0,33.0,43.0,37.0,44.0,74.0,91.0,137.0,141.0,147.0,215.0,172.0,117.0,105.0,108.0,114.0,119.0,128.0,87.0,88.0,111.0,106.0
Fresh Meadows,Queens,neighborhood,0.0,0.0,0.0,0.0,0.0,0.0,0.0,0.0,0.0,0.0,0.0,0.0,0.0,0.0,0.0,0.0,0.0,0.0,0.0,0.0,0.0,0.0,0.0,1.0,0.0,0.0,1.0,1.0,1.0,0.0,0.0,0.0,0.0,0.0,0.0,0.0,3.0,3.0,3.0,2.0,1.0,0.0,0.0,0.0,1.0,0.0,0.0,0.0,0.0,1.0,2.0,5.0,2.0,1.0,2.0,2.0,0.0,0.0,0.0,4.0,5.0,2.0,2.0,3.0,3.0,2.0,0.0,0.0,0.0,0.0,1.0,1.0,1.0,1.0,1.0,0.0,2.0,4.0,4.0,2.0,2.0,1.0,1.0,0.0,2.0,4.0,5.0,7.0,8.0,3.0,2.0,2.0,1.0,1.0,1.0,0.0,0.0,1.0,1.0,1.0,1.0,2.0,1.0,1.0,3.0,2.0,2.0,1.0,1.0,4.0,6.0,7.0,4.0,0.0,2.0,1.0,2.0,0.0,1.0,0.0,1.0,1.0,1.0,1.0,0.0,0.0,0.0,0.0,0.0,0.0,0.0,1.0,2.0,1.0,0.0,0.0,0.0,0.0,1.0,1.0,1.0,0.0,0.0,2.0,2.0,0.0,0.0,2.0,3.0,4.0,1.0,0.0,0.0,0.0,1.0,0.0,0.0,0.0,0.0,0.0,0.0,0.0,11.0,17.0,8.0,5.0,7.0,6.0,10.0,16.0,15.0,11.0,12.0,5.0,3.0,3.0,8.0,7.0,8.0,2.0,6.0,9.0,11.0,9.0,18.0,18.0,13.0,10.0,9.0,9.0,9.0,13.0,17.0,14.0,21.0,20.0,13.0,25.0,30.0,23.0
Gerritsen Beach,Brooklyn,neighborhood,0.0,0.0,0.0,0.0,0.0,0.0,0.0,1.0,1.0,0.0,0.0,0.0,0.0,0.0,0.0,0.0,0.0,0.0,0.0,0.0,0.0,0.0,0.0,0.0,0.0,0.0,0.0,0.0,0.0,0.0,0.0,0.0,0.0,0.0,0.0,0.0,0.0,0.0,0.0,0.0,0.0,0.0,0.0,0.0,0.0,0.0,0.0,0.0,0.0,0.0,0.0,0.0,1.0,1.0,1.0,0.0,1.0,1.0,0.0,0.0,0.0,0.0,0.0,0.0,0.0,0.0,0.0,0.0,0.0,0.0,0.0,0.0,0.0,0.0,0.0,0.0,0.0,0.0,0.0,0.0,0.0,0.0,0.0,0.0,0.0,0.0,0.0,0.0,0.0,0.0,0.0,0.0,0.0,1.0,1.0,1.0,2.0,2.0,0.0,1.0,1.0,0.0,1.0,1.0,1.0,1.0,2.0,2.0,1.0,1.0,1.0,0.0,0.0,0.0,0.0,0.0,0.0,0.0,1.0,0.0,0.0,0.0,0.0,0.0,0.0,0.0,0.0,0.0,0.0,0.0,0.0,0.0,0.0,0.0,0.0,0.0,0.0,0.0,0.0,0.0,0.0,0.0,1.0,0.0,0.0,0.0,0.0,0.0,0.0,0.0,1.0,1.0,1.0,1.0,1.0,0.0,0.0,0.0,0.0,0.0,0.0,2.0,0.0,0.0,0.0,0.0,1.0,2.0,1.0,1.0,1.0,0.0,0.0,0.0,0.0,0.0,0.0,0.0,0.0,0.0,0.0,0.0,0.0,0.0,0.0,0.0,0.0,0.0,0.0,0.0,0.0,0.0,0.0,0.0,0.0,0.0,0.0,0.0,0.0,0.0
Glen Oaks,Queens,neighborhood,0.0,0.0,0.0,0.0,0.0,0.0,0.0,0.0,0.0,0.0,0.0,1.0,1.0,1.0,1.0,1.0,1.0,3.0,3.0,1.0,3.0,3.0,2.0,1.0,1.0,0.0,0.0,0.0,0.0,0.0,2.0,2.0,3.0,3.0,2.0,1.0,1.0,1.0,1.0,0.0,1.0,1.0,1.0,1.0,2.0,2.0,1.0,1.0,2.0,3.0,4.0,3.0,3.0,3.0,3.0,4.0,3.0,4.0,2.0,3.0,4.0,3.0,3.0,3.0,3.0,4.0,2.0,0.0,0.0,1.0,2.0,1.0,0.0,1.0,3.0,1.0,3.0,5.0,5.0,5.0,1.0,2.0,3.0,3.0,5.0,3.0,1.0,1.0,0.0,1.0,0.0,0.0,0.0,0.0,0.0,0.0,2.0,2.0,4.0,1.0,0.0,2.0,2.0,7.0,3.0,4.0,4.0,3.0,2.0,1.0,0.0,3.0,3.0,2.0,0.0,0.0,3.0,2.0,3.0,5.0,4.0,4.0,5.0,1.0,0.0,4.0,4.0,2.0,3.0,2.0,4.0,4.0,5.0,2.0,2.0,1.0,0.0,0.0,4.0,3.0,2.0,2.0,0.0,1.0,1.0,1.0,1.0,3.0,1.0,0.0,4.0,4.0,1.0,2.0,3.0,0.0,1.0,1.0,1.0,0.0,0.0,1.0,0.0,3.0,1.0,2.0,2.0,2.0,3.0,2.0,2.0,4.0,3.0,0.0,0.0,0.0,0.0,1.0,0.0,0.0,2.0,2.0,1.0,1.0,0.0,0.0,2.0,2.0,3.0,2.0,2.0,2.0,3.0,2.0,1.0,2.0,5.0,2.0,5.0,4.0
Glendale,Queens,neighborhood,0.0,0.0,0.0,0.0,0.0,0.0,0.0,0.0,1.0,2.0,3.0,4.0,3.0,3.0,0.0,0.0,0.0,0.0,2.0,2.0,0.0,1.0,2.0,0.0,1.0,0.0,1.0,1.0,3.0,5.0,3.0,3.0,3.0,5.0,6.0,6.0,6.0,3.0,3.0,2.0,1.0,1.0,3.0,1.0,3.0,3.0,1.0,0.0,2.0,5.0,3.0,2.0,3.0,4.0,4.0,2.0,2.0,7.0,8.0,9.0,7.0,6.0,7.0,5.0,7.0,5.0,7.0,10.0,14.0,8.0,7.0,11.0,14.0,17.0,14.0,9.0,9.0,8.0,10.0,9.0,14.0,20.0,17.0,10.0,13.0,13.0,17.0,25.0,23.0,24.0,20.0,9.0,15.0,14.0,11.0,10.0,15.0,20.0,19.0,17.0,14.0,14.0,19.0,17.0,23.0,20.0,27.0,28.0,37.0,27.0,23.0,17.0,20.0,12.0,22.0,25.0,16.0,28.0,16.0,18.0,16.0,11.0,4.0,0.0,4.0,11.0,9.0,13.0,10.0,13.0,16.0,15.0,8.0,6.0,15.0,23.0,25.0,31.0,15.0,19.0,18.0,12.0,22.0,21.0,26.0,19.0,20.0,18.0,26.0,24.0,26.0,30.0,27.0,19.0,16.0,10.0,9.0,16.0,19.0,19.0,20.0,22.0,22.0,19.0,15.0,18.0,20.0,15.0,14.0,20.0,16.0,7.0,9.0,13.0,13.0,8.0,13.0,12.0,10.0,12.0,16.0,21.0,21.0,18.0,16.0,20.0,18.0,12.0,14.0,12.0,7.0,11.0,14.0,18.0,22.0,18.0,18.0,22.0,17.0,18.0
Gowanus,Brooklyn,neighborhood,3.0,4.0,3.0,4.0,5.0,4.0,4.0,3.0,7.0,6.0,6.0,6.0,15.0,17.0,5.0,6.0,11.0,9.0,7.0,2.0,4.0,4.0,6.0,3.0,3.0,3.0,4.0,4.0,3.0,6.0,7.0,9.0,8.0,12.0,11.0,12.0,17.0,17.0,12.0,16.0,12.0,14.0,21.0,24.0,23.0,20.0,31.0,34.0,41.0,32.0,18.0,26.0,38.0,55.0,49.0,48.0,46.0,92.0,106.0,68.0,56.0,42.0,52.0,39.0,37.0,42.0,42.0,46.0,47.0,54.0,45.0,39.0,33.0,43.0,62.0,64.0,54.0,45.0,33.0,42.0,58.0,55.0,49.0,46.0,43.0,39.0,50.0,72.0,72.0,82.0,86.0,71.0,70.0,68.0,70.0,67.0,60.0,56.0,53.0,51.0,67.0,70.0,61.0,62.0,49.0,64.0,45.0,27.0,29.0,28.0,38.0,46.0,58.0,49.0,32.0,37.0,29.0,23.0,20.0,17.0,27.0,29.0,23.0,21.0,34.0,51.0,53.0,78.0,65.0,71.0,71.0,76.0,82.0,87.0,77.0,68.0,54.0,47.0,51.0,31.0,30.0,29.0,23.0,16.0,19.0,20.0,27.0,17.0,18.0,26.0,33.0,28.0,24.0,23.0,13.0,12.0,19.0,20.0,29.0,17.0,20.0,26.0,41.0,33.0,30.0,37.0,35.0,34.0,35.0,33.0,29.0,20.0,24.0,23.0,44.0,51.0,42.0,31.0,32.0,34.0,57.0,79.0,75.0,70.0,101.0,121.0,136.0,134.0,141.0,138.0,122.0,142.0,157.0,132.0,119.0,85.0,98.0,99.0,112.0,125.0
Gramercy Park,Manhattan,neighborhood,48.0,51.0,58.0,50.0,37.0,46.0,38.0,35.0,24.0,33.0,36.0,30.0,38.0,31.0,31.0,31.0,31.0,31.0,31.0,32.0,37.0,39.0,38.0,36.0,39.0,31.0,33.0,35.0,55.0,48.0,70.0,76.0,55.0,44.0,43.0,49.0,47.0,49.0,49.0,61.0,61.0,52.0,62.0,61.0,46.0,44.0,40.0,34.0,48.0,44.0,49.0,55.0,60.0,67.0,77.0,62.0,57.0,53.0,62.0,48.0,55.0,57.0,64.0,83.0,97.0,89.0,94.0,92.0,76.0,79.0,60.0,57.0,59.0,64.0,59.0,86.0,92.0,102.0,107.0,120.0,94.0,103.0,103.0,100.0,88.0,88.0,94.0,110.0,125.0,135.0,129.0,84.0,68.0,86.0,86.0,80.0,82.0,69.0,71.0,82.0,109.0,120.0,131.0,109.0,100.0,84.0,61.0,56.0,55.0,51.0,64.0,95.0,101.0,101.0,116.0,105.0,84.0,69.0,49.0,45.0,42.0,26.0,41.0,47.0,87.0,144.0,201.0,204.0,195.0,183.0,154.0,135.0,126.0,114.0,112.0,107.0,75.0,70.0,56.0,51.0,47.0,30.0,35.0,30.0,34.0,33.0,36.0,39.0,60.0,51.0,57.0,59.0,45.0,43.0,39.0,43.0,63.0,60.0,67.0,72.0,69.0,76.0,85.0,100.0,65.0,58.0,50.0,46.0,51.0,46.0,55.0,45.0,72.0,94.0,90.0,103.0,87.0,76.0,51.0,42.0,38.0,30.0,40.0,49.0,71.0,61.0,82.0,77.0,53.0,50.0,50.0,47.0,38.0,49.0,66.0,54.0,54.0,50.0,57.0,62.0
Gravesend,Brooklyn,neighborhood,5.0,6.0,4.0,4.0,2.0,1.0,3.0,3.0,3.0,3.0,3.0,2.0,5.0,7.0,3.0,2.0,4.0,5.0,8.0,9.0,5.0,5.0,4.0,4.0,4.0,4.0,1.0,0.0,3.0,3.0,5.0,7.0,8.0,10.0,14.0,14.0,23.0,14.0,17.0,15.0,12.0,14.0,18.0,14.0,12.0,16.0,11.0,12.0,11.0,9.0,9.0,9.0,10.0,12.0,8.0,8.0,9.0,6.0,8.0,18.0,21.0,16.0,21.0,32.0,33.0,22.0,19.0,22.0,23.0,37.0,27.0,22.0,19.0,15.0,24.0,20.0,25.0,21.0,16.0,23.0,23.0,28.0,22.0,31.0,37.0,44.0,45.0,35.0,40.0,43.0,41.0,9.0,16.0,15.0,17.0,19.0,15.0,21.0,31.0,30.0,35.0,25.0,32.0,40.0,35.0,35.0,27.0,27.0,23.0,28.0,47.0,35.0,25.0,18.0,33.0,32.0,34.0,31.0,19.0,13.0,23.0,27.0,16.0,5.0,17.0,21.0,22.0,20.0,29.0,24.0,16.0,19.0,17.0,15.0,27.0,27.0,28.0,32.0,34.0,27.0,14.0,30.0,30.0,29.0,35.0,28.0,36.0,38.0,40.0,33.0,25.0,25.0,20.0,20.0,21.0,26.0,17.0,15.0,23.0,26.0,21.0,24.0,23.0,21.0,19.0,21.0,15.0,13.0,17.0,23.0,24.0,13.0,19.0,27.0,34.0,35.0,38.0,34.0,35.0,32.0,39.0,32.0,40.0,35.0,44.0,29.0,30.0,33.0,28.0,24.0,24.0,25.0,25.0,25.0,27.0,28.0,24.0,25.0,30.0,39.0
Greenpoint,Brooklyn,neighborhood,43.0,39.0,43.0,37.0,27.0,29.0,21.0,13.0,15.0,34.0,32.0,43.0,39.0,31.0,26.0,27.0,31.0,32.0,35.0,24.0,25.0,31.0,23.0,21.0,28.0,30.0,33.0,27.0,42.0,32.0,41.0,48.0,40.0,30.0,35.0,51.0,49.0,50.0,58.0,67.0,50.0,60.0,53.0,58.0,72.0,77.0,80.0,109.0,104.0,98.0,115.0,119.0,119.0,122.0,144.0,174.0,173.0,181.0,171.0,175.0,191.0,194.0,204.0,227.0,337.0,350.0,271.0,241.0,240.0,244.0,196.0,149.0,146.0,142.0,147.0,182.0,215.0,266.0,320.0,311.0,261.0,237.0,223.0,192.0,227.0,244.0,302.0,342.0,316.0,293.0,279.0,241.0,283.0,315.0,272.0,230.0,233.0,220.0,237.0,246.0,294.0,267.0,293.0,293.0,230.0,263.0,225.0,192.0,273.0,245.0,237.0,216.0,215.0,192.0,182.0,136.0,111.0,84.0,100.0,85.0,90.0,82.0,65.0,94.0,178.0,289.0,350.0,413.0,437.0,438.0,341.0,325.0,323.0,280.0,306.0,260.0,212.0,161.0,165.0,135.0,72.0,70.0,59.0,49.0,66.0,52.0,60.0,67.0,84.0,121.0,135.0,144.0,147.0,164.0,160.0,122.0,149.0,139.0,129.0,121.0,124.0,148.0,189.0,208.0,216.0,204.0,168.0,169.0,193.0,204.0,186.0,194.0,213.0,216.0,212.0,234.0,200.0,183.0,168.0,137.0,185.0,184.0,183.0,155.0,186.0,198.0,246.0,242.0,236.0,209.0,205.0,174.0,170.0,180.0,208.0,197.0,181.0,227.0,225.0,212.0
Greenwich Village,Manhattan,neighborhood,93.0,83.0,92.0,107.0,108.0,114.0,118.0,116.0,82.0,67.0,80.0,101.0,101.0,90.0,100.0,80.0,80.0,80.0,83.0,84.0,75.0,92.0,81.0,83.0,88.0,76.0,81.0,68.0,92.0,93.0,112.0,119.0,126.0,113.0,97.0,92.0,82.0,85.0,91.0,109.0,108.0,124.0,122.0,125.0,147.0,107.0,93.0,89.0,84.0,92.0,90.0,95.0,96.0,106.0,130.0,119.0,115.0,114.0,108.0,90.0,76.0,72.0,86.0,93.0,95.0,106.0,141.0,124.0,103.0,101.0,89.0,85.0,104.0,114.0,132.0,124.0,133.0,124.0,160.0,156.0,158.0,152.0,142.0,124.0,127.0,109.0,130.0,136.0,155.0,166.0,154.0,139.0,127.0,117.0,101.0,82.0,112.0,102.0,103.0,119.0,139.0,144.0,159.0,127.0,95.0,96.0,83.0,75.0,76.0,68.0,83.0,105.0,131.0,131.0,138.0,126.0,114.0,112.0,82.0,66.0,67.0,63.0,61.0,37.0,102.0,184.0,249.0,262.0,266.0,284.0,232.0,198.0,187.0,150.0,135.0,113.0,94.0,93.0,74.0,68.0,55.0,46.0,53.0,46.0,50.0,39.0,39.0,52.0,75.0,82.0,97.0,94.0,73.0,77.0,57.0,49.0,70.0,54.0,76.0,91.0,96.0,118.0,124.0,120.0,116.0,97.0,66.0,65.0,88.0,69.0,61.0,68.0,94.0,109.0,118.0,128.0,100.0,75.0,56.0,62.0,65.0,39.0,47.0,70.0,103.0,104.0,104.0,106.0,79.0,63.0,49.0,38.0,58.0,49.0,52.0,65.0,81.0,85.0,108.0,89.0
Greenwood,Brooklyn,neighborhood,13.0,10.0,8.0,6.0,11.0,11.0,7.0,8.0,6.0,7.0,8.0,6.0,8.0,9.0,13.0,14.0,12.0,18.0,19.0,18.0,8.0,8.0,7.0,6.0,6.0,7.0,11.0,10.0,13.0,18.0,14.0,11.0,10.0,12.0,10.0,12.0,15.0,11.0,9.0,11.0,8.0,16.0,18.0,24.0,32.0,40.0,34.0,32.0,42.0,48.0,51.0,50.0,69.0,56.0,69.0,69.0,57.0,48.0,29.0,36.0,46.0,58.0,64.0,55.0,55.0,67.0,76.0,70.0,64.0,69.0,63.0,50.0,48.0,52.0,50.0,52.0,61.0,86.0,88.0,93.0,89.0,73.0,63.0,56.0,55.0,55.0,68.0,67.0,92.0,98.0,110.0,87.0,62.0,117.0,65.0,77.0,71.0,57.0,66.0,79.0,98.0,127.0,148.0,149.0,82.0,85.0,72.0,75.0,74.0,68.0,70.0,80.0,72.0,82.0,70.0,69.0,66.0,79.0,76.0,46.0,63.0,54.0,34.0,40.0,73.0,71.0,95.0,121.0,105.0,117.0,104.0,80.0,78.0,62.0,75.0,94.0,91.0,88.0,85.0,92.0,59.0,60.0,60.0,47.0,39.0,31.0,37.0,37.0,37.0,36.0,49.0,54.0,48.0,39.0,43.0,42.0,52.0,56.0,65.0,51.0,62.0,69.0,68.0,69.0,49.0,46.0,50.0,51.0,47.0,46.0,37.0,49.0,51.0,54.0,70.0,69.0,48.0,56.0,47.0,38.0,44.0,44.0,33.0,44.0,47.0,65.0,71.0,82.0,64.0,71.0,60.0,65.0,65.0,57.0,75.0,59.0,55.0,63.0,56.0,43.0
Hamilton Heights,Manhattan,neighborhood,29.0,34.0,20.0,21.0,23.0,27.0,15.0,22.0,20.0,22.0,21.0,26.0,25.0,28.0,28.0,29.0,35.0,34.0,37.0,39.0,46.0,44.0,44.0,40.0,36.0,47.0,47.0,44.0,40.0,33.0,57.0,55.0,52.0,54.0,42.0,56.0,52.0,38.0,44.0,56.0,62.0,59.0,56.0,44.0,44.0,37.0,36.0,42.0,46.0,51.0,52.0,61.0,69.0,73.0,77.0,90.0,78.0,89.0,104.0,84.0,85.0,62.0,61.0,72.0,72.0,80.0,86.0,97.0,80.0,76.0,69.0,68.0,89.0,107.0,106.0,119.0,120.0,127.0,97.0,87.0,91.0,95.0,108.0,114.0,129.0,145.0,147.0,134.0,133.0,120.0,120.0,91.0,102.0,113.0,89.0,63.0,72.0,67.0,79.0,97.0,98.0,120.0,135.0,117.0,86.0,107.0,94.0,83.0,97.0,86.0,101.0,99.0,87.0,120.0,119.0,105.0,93.0,92.0,81.0,69.0,72.0,80.0,61.0,53.0,90.0,109.0,156.0,185.0,202.0,199.0,163.0,145.0,131.0,132.0,139.0,125.0,126.0,131.0,135.0,148.0,139.0,132.0,100.0,94.0,78.0,69.0,78.0,82.0,85.0,67.0,66.0,70.0,77.0,52.0,48.0,44.0,57.0,58.0,65.0,71.0,74.0,75.0,89.0,108.0,66.0,70.0,74.0,69.0,77.0,60.0,53.0,62.0,66.0,81.0,82.0,87.0,88.0,83.0,66.0,36.0,53.0,59.0,70.0,56.0,74.0,76.0,85.0,73.0,77.0,76.0,74.0,76.0,90.0,81.0,87.0,75.0,67.0,54.0,61.0,54.0
Highbridge,Bronx,neighborhood,1.0,2.0,5.0,2.0,1.0,0.0,0.0,0.0,0.0,0.0,0.0,0.0,0.0,0.0,0.0,0.0,1.0,1.0,0.0,0.0,2.0,4.0,4.0,1.0,1.0,1.0,1.0,1.0,0.0,0.0,0.0,0.0,1.0,2.0,3.0,1.0,2.0,1.0,3.0,3.0,2.0,2.0,2.0,0.0,0.0,0.0,1.0,2.0,3.0,0.0,0.0,0.0,0.0,0.0,0.0,2.0,5.0,5.0,4.0,4.0,6.0,4.0,3.0,2.0,3.0,4.0,3.0,7.0,4.0,3.0,2.0,6.0,5.0,3.0,3.0,3.0,7.0,9.0,11.0,6.0,4.0,4.0,6.0,3.0,9.0,11.0,7.0,9.0,7.0,17.0,14.0,13.0,7.0,10.0,9.0,11.0,9.0,7.0,8.0,8.0,11.0,12.0,11.0,10.0,8.0,15.0,14.0,11.0,9.0,15.0,11.0,5.0,7.0,11.0,20.0,20.0,10.0,8.0,7.0,5.0,10.0,14.0,9.0,5.0,5.0,5.0,4.0,3.0,6.0,7.0,6.0,7.0,7.0,6.0,10.0,15.0,14.0,17.0,10.0,7.0,8.0,6.0,2.0,1.0,3.0,2.0,5.0,5.0,7.0,13.0,10.0,10.0,6.0,5.0,3.0,8.0,9.0,7.0,3.0,2.0,5.0,5.0,3.0,3.0,3.0,4.0,6.0,10.0,10.0,9.0,6.0,5.0,7.0,3.0,4.0,5.0,8.0,3.0,4.0,5.0,7.0,5.0,4.0,4.0,4.0,4.0,6.0,3.0,1.0,1.0,0.0,2.0,2.0,2.0,3.0,5.0,1.0,1.0,2.0,3.0
Hillcrest,Queens,neighborhood,0.0,0.0,0.0,0.0,0.0,0.0,0.0,0.0,0.0,0.0,0.0,0.0,0.0,0.0,0.0,0.0,0.0,0.0,0.0,0.0,0.0,0.0,0.0,0.0,0.0,0.0,0.0,0.0,0.0,1.0,2.0,1.0,1.0,0.0,0.0,0.0,0.0,0.0,0.0,0.0,0.0,0.0,0.0,0.0,0.0,0.0,0.0,0.0,0.0,0.0,0.0,0.0,0.0,1.0,0.0,0.0,1.0,1.0,0.0,0.0,0.0,0.0,0.0,3.0,2.0,1.0,0.0,0.0,1.0,1.0,1.0,2.0,1.0,1.0,3.0,2.0,4.0,3.0,2.0,2.0,1.0,3.0,2.0,2.0,1.0,1.0,2.0,3.0,2.0,4.0,8.0,5.0,3.0,2.0,1.0,1.0,0.0,1.0,0.0,4.0,4.0,2.0,1.0,2.0,2.0,2.0,2.0,1.0,1.0,1.0,2.0,2.0,4.0,3.0,5.0,5.0,3.0,2.0,1.0,2.0,1.0,2.0,1.0,0.0,2.0,2.0,3.0,2.0,2.0,3.0,2.0,0.0,0.0,0.0,0.0,0.0,2.0,3.0,4.0,0.0,0.0,0.0,0.0,0.0,1.0,6.0,3.0,1.0,1.0,1.0,0.0,0.0,0.0,0.0,0.0,0.0,1.0,0.0,1.0,1.0,1.0,0.0,0.0,0.0,3.0,5.0,1.0,0.0,1.0,3.0,5.0,5.0,1.0,0.0,0.0,0.0,1.0,0.0,0.0,0.0,1.0,0.0,0.0,1.0,1.0,0.0,1.0,1.0,2.0,1.0,0.0,0.0,0.0,0.0,1.0,2.0,0.0,2.0,1.0,0.0
Hollis,Queens,neighborhood,0.0,0.0,0.0,0.0,0.0,0.0,0.0,0.0,0.0,0.0,0.0,0.0,0.0,0.0,0.0,0.0,0.0,0.0,0.0,0.0,0.0,0.0,0.0,0.0,0.0,0.0,0.0,0.0,0.0,0.0,0.0,0.0,0.0,0.0,0.0,0.0,0.0,0.0,0.0,0.0,0.0,0.0,0.0,0.0,0.0,0.0,0.0,0.0,0.0,0.0,0.0,0.0,0.0,0.0,0.0,0.0,0.0,0.0,0.0,0.0,0.0,2.0,1.0,1.0,1.0,1.0,1.0,0.0,0.0,0.0,0.0,0.0,0.0,0.0,0.0,0.0,0.0,0.0,0.0,0.0,0.0,0.0,0.0,0.0,0.0,1.0,1.0,1.0,0.0,0.0,1.0,2.0,1.0,1.0,0.0,0.0,0.0,0.0,0.0,0.0,1.0,0.0,0.0,0.0,1.0,3.0,3.0,2.0,2.0,1.0,1.0,2.0,2.0,2.0,1.0,1.0,1.0,2.0,2.0,1.0,1.0,2.0,2.0,2.0,1.0,2.0,2.0,1.0,0.0,0.0,0.0,2.0,2.0,1.0,2.0,1.0,1.0,2.0,2.0,0.0,4.0,3.0,5.0,6.0,3.0,0.0,1.0,0.0,0.0,0.0,0.0,2.0,2.0,4.0,3.0,2.0,2.0,0.0,0.0,0.0,0.0,1.0,1.0,0.0,2.0,1.0,1.0,1.0,0.0,4.0,4.0,0.0,2.0,4.0,1.0,1.0,1.0,0.0,2.0,1.0,3.0,3.0,5.0,2.0,0.0,0.0,0.0,1.0,4.0,4.0,1.0,0.0,0.0,0.0,0.0,0.0,0.0,2.0,5.0,1.0
Howard Beach,Queens,neighborhood,0.0,0.0,0.0,0.0,0.0,0.0,0.0,0.0,0.0,0.0,0.0,0.0,0.0,0.0,0.0,0.0,0.0,0.0,0.0,0.0,0.0,0.0,0.0,0.0,0.0,0.0,0.0,0.0,0.0,0.0,0.0,0.0,0.0,0.0,0.0,0.0,0.0,0.0,0.0,0.0,0.0,0.0,0.0,0.0,0.0,0.0,0.0,1.0,3.0,1.0,1.0,2.0,2.0,1.0,1.0,0.0,0.0,2.0,2.0,0.0,0.0,0.0,0.0,0.0,0.0,0.0,1.0,1.0,0.0,2.0,2.0,1.0,0.0,0.0,0.0,2.0,2.0,1.0,1.0,1.0,1.0,1.0,0.0,0.0,0.0,0.0,0.0,0.0,2.0,2.0,2.0,0.0,2.0,4.0,2.0,0.0,0.0,0.0,4.0,4.0,1.0,0.0,2.0,3.0,2.0,1.0,2.0,3.0,2.0,0.0,1.0,1.0,1.0,2.0,4.0,2.0,0.0,1.0,1.0,0.0,2.0,3.0,2.0,3.0,2.0,2.0,1.0,2.0,3.0,1.0,0.0,0.0,0.0,0.0,0.0,0.0,0.0,0.0,1.0,1.0,0.0,1.0,2.0,4.0,2.0,2.0,2.0,3.0,2.0,2.0,4.0,8.0,7.0,4.0,10.0,6.0,1.0,3.0,3.0,2.0,1.0,1.0,1.0,0.0,2.0,0.0,1.0,0.0,1.0,2.0,0.0,2.0,2.0,1.0,1.0,2.0,2.0,1.0,1.0,1.0,3.0,1.0,2.0,3.0,3.0,0.0,1.0,1.0,2.0,2.0,0.0,0.0,0.0,0.0,0.0,2.0,1.0,1.0,1.0,1.0
Hunts Point,Bronx,neighborhood,0.0,0.0,0.0,0.0,0.0,0.0,0.0,0.0,0.0,0.0,0.0,0.0,0.0,0.0,0.0,0.0,0.0,0.0,0.0,0.0,0.0,0.0,0.0,0.0,0.0,0.0,0.0,0.0,0.0,0.0,0.0,1.0,1.0,1.0,1.0,1.0,1.0,1.0,0.0,0.0,0.0,0.0,0.0,0.0,0.0,0.0,0.0,0.0,0.0,0.0,0.0,0.0,0.0,0.0,0.0,0.0,0.0,0.0,0.0,0.0,0.0,0.0,0.0,0.0,0.0,0.0,0.0,0.0,1.0,1.0,1.0,1.0,1.0,2.0,2.0,0.0,0.0,0.0,0.0,0.0,0.0,0.0,1.0,3.0,2.0,3.0,2.0,2.0,3.0,5.0,6.0,1.0,1.0,1.0,3.0,1.0,6.0,4.0,2.0,0.0,0.0,0.0,0.0,0.0,0.0,0.0,0.0,0.0,0.0,0.0,0.0,0.0,0.0,0.0,0.0,0.0,2.0,0.0,0.0,0.0,3.0,1.0,1.0,1.0,1.0,0.0,0.0,0.0,0.0,3.0,3.0,1.0,1.0,1.0,1.0,0.0,1.0,0.0,1.0,2.0,2.0,1.0,0.0,0.0,1.0,1.0,1.0,0.0,0.0,0.0,0.0,1.0,0.0,0.0,0.0,0.0,0.0,0.0,2.0,4.0,1.0,0.0,0.0,0.0,0.0,0.0,0.0,2.0,2.0,0.0,0.0,0.0,0.0,0.0,0.0,0.0,0.0,2.0,1.0,1.0,0.0,0.0,0.0,0.0,1.0,1.0,0.0,0.0,0.0,0.0,0.0,1.0,1.0,0.0,0.0,0.0,1.0,0.0,0.0,1.0
Inwood,Manhattan,neighborhood,9.0,9.0,7.0,6.0,6.0,8.0,5.0,6.0,9.0,8.0,7.0,10.0,7.0,5.0,9.0,9.0,9.0,8.0,9.0,12.0,8.0,9.0,7.0,12.0,11.0,10.0,10.0,10.0,11.0,16.0,11.0,12.0,9.0,17.0,13.0,12.0,11.0,10.0,12.0,8.0,9.0,8.0,8.0,9.0,7.0,25.0,28.0,25.0,23.0,21.0,23.0,34.0,27.0,24.0,29.0,32.0,31.0,44.0,36.0,35.0,36.0,34.0,49.0,48.0,43.0,46.0,58.0,48.0,37.0,39.0,55.0,52.0,48.0,37.0,40.0,40.0,41.0,49.0,54.0,44.0,31.0,40.0,42.0,37.0,50.0,60.0,67.0,57.0,66.0,76.0,76.0,49.0,33.0,42.0,41.0,35.0,46.0,47.0,54.0,55.0,53.0,61.0,61.0,61.0,68.0,81.0,53.0,38.0,38.0,42.0,51.0,49.0,45.0,58.0,73.0,71.0,44.0,45.0,39.0,46.0,38.0,40.0,29.0,22.0,44.0,46.0,51.0,49.0,51.0,58.0,50.0,42.0,52.0,57.0,53.0,51.0,38.0,39.0,46.0,60.0,52.0,45.0,45.0,44.0,47.0,53.0,46.0,49.0,57.0,40.0,41.0,44.0,40.0,26.0,24.0,28.0,23.0,24.0,25.0,23.0,28.0,29.0,31.0,24.0,29.0,31.0,32.0,36.0,36.0,32.0,30.0,25.0,26.0,27.0,36.0,35.0,33.0,23.0,24.0,23.0,30.0,23.0,24.0,27.0,36.0,35.0,52.0,45.0,49.0,47.0,38.0,26.0,37.0,41.0,39.0,32.0,25.0,24.0,32.0,30.0
Jackson Heights,Queens,neighborhood,3.0,2.0,4.0,3.0,1.0,1.0,2.0,3.0,4.0,5.0,5.0,6.0,3.0,3.0,4.0,4.0,6.0,7.0,4.0,8.0,3.0,2.0,5.0,6.0,6.0,4.0,1.0,2.0,3.0,3.0,4.0,3.0,4.0,6.0,9.0,6.0,8.0,6.0,6.0,11.0,8.0,3.0,5.0,6.0,3.0,6.0,11.0,12.0,11.0,14.0,16.0,21.0,23.0,18.0,12.0,19.0,19.0,20.0,20.0,17.0,17.0,23.0,29.0,37.0,16.0,23.0,23.0,35.0,31.0,35.0,35.0,32.0,28.0,25.0,29.0,25.0,21.0,19.0,18.0,22.0,23.0,28.0,26.0,22.0,43.0,45.0,50.0,57.0,60.0,43.0,40.0,27.0,43.0,47.0,40.0,49.0,39.0,49.0,34.0,39.0,32.0,23.0,31.0,35.0,42.0,44.0,39.0,38.0,41.0,22.0,30.0,30.0,50.0,41.0,34.0,24.0,29.0,25.0,28.0,28.0,34.0,27.0,28.0,17.0,25.0,28.0,45.0,43.0,55.0,53.0,48.0,40.0,41.0,36.0,47.0,39.0,31.0,41.0,41.0,26.0,31.0,37.0,43.0,27.0,23.0,21.0,32.0,41.0,37.0,32.0,22.0,37.0,26.0,32.0,32.0,27.0,30.0,44.0,47.0,28.0,34.0,31.0,45.0,40.0,45.0,30.0,29.0,22.0,30.0,31.0,28.0,14.0,12.0,20.0,28.0,16.0,28.0,21.0,18.0,28.0,32.0,33.0,31.0,22.0,23.0,17.0,11.0,17.0,22.0,16.0,15.0,19.0,22.0,24.0,26.0,18.0,26.0,31.0,37.0,31.0
Jamaica,Queens,neighborhood,0.0,0.0,0.0,0.0,0.0,0.0,0.0,0.0,2.0,2.0,2.0,2.0,7.0,7.0,2.0,5.0,4.0,2.0,2.0,2.0,1.0,1.0,1.0,1.0,5.0,5.0,5.0,5.0,5.0,5.0,5.0,0.0,0.0,1.0,1.0,0.0,0.0,1.0,1.0,3.0,4.0,5.0,5.0,3.0,5.0,6.0,5.0,4.0,2.0,2.0,2.0,2.0,2.0,1.0,2.0,2.0,3.0,4.0,7.0,7.0,2.0,1.0,1.0,2.0,2.0,3.0,3.0,7.0,6.0,3.0,6.0,5.0,4.0,4.0,3.0,2.0,1.0,3.0,2.0,7.0,8.0,9.0,8.0,7.0,7.0,10.0,16.0,10.0,14.0,25.0,30.0,2.0,3.0,3.0,2.0,5.0,5.0,5.0,5.0,5.0,3.0,4.0,5.0,11.0,11.0,15.0,16.0,13.0,14.0,5.0,9.0,11.0,9.0,11.0,9.0,14.0,16.0,16.0,7.0,8.0,11.0,11.0,7.0,3.0,6.0,9.0,14.0,12.0,14.0,12.0,12.0,10.0,20.0,23.0,24.0,25.0,19.0,24.0,17.0,27.0,18.0,23.0,24.0,18.0,31.0,30.0,27.0,34.0,44.0,36.0,51.0,50.0,37.0,25.0,33.0,37.0,34.0,27.0,38.0,34.0,31.0,34.0,48.0,43.0,46.0,67.0,88.0,65.0,67.0,54.0,60.0,60.0,53.0,56.0,56.0,55.0,57.0,66.0,59.0,58.0,65.0,71.0,77.0,74.0,71.0,81.0,76.0,65.0,67.0,74.0,60.0,60.0,74.0,69.0,80.0,77.0,74.0,90.0,83.0,75.0
Jamaica Estates,Queens,neighborhood,0.0,0.0,0.0,0.0,0.0,0.0,0.0,0.0,0.0,0.0,0.0,0.0,0.0,0.0,0.0,0.0,0.0,0.0,0.0,2.0,2.0,1.0,2.0,1.0,0.0,0.0,0.0,0.0,1.0,1.0,0.0,0.0,0.0,0.0,0.0,0.0,1.0,2.0,2.0,2.0,0.0,0.0,0.0,0.0,0.0,0.0,0.0,2.0,3.0,3.0,3.0,1.0,1.0,1.0,2.0,1.0,3.0,3.0,6.0,5.0,5.0,2.0,2.0,0.0,2.0,2.0,4.0,2.0,3.0,4.0,3.0,4.0,5.0,3.0,4.0,4.0,4.0,4.0,4.0,8.0,8.0,10.0,12.0,14.0,9.0,6.0,4.0,3.0,5.0,5.0,3.0,1.0,0.0,1.0,5.0,2.0,2.0,3.0,3.0,2.0,5.0,10.0,9.0,12.0,7.0,8.0,6.0,3.0,2.0,4.0,2.0,2.0,4.0,6.0,5.0,5.0,2.0,2.0,4.0,4.0,5.0,11.0,10.0,3.0,6.0,5.0,5.0,8.0,5.0,6.0,9.0,6.0,7.0,4.0,6.0,8.0,7.0,4.0,7.0,2.0,1.0,1.0,0.0,3.0,6.0,5.0,3.0,8.0,4.0,8.0,12.0,19.0,9.0,5.0,7.0,16.0,14.0,5.0,8.0,9.0,6.0,11.0,5.0,4.0,4.0,2.0,1.0,2.0,3.0,2.0,8.0,10.0,16.0,18.0,16.0,8.0,9.0,5.0,11.0,8.0,4.0,6.0,8.0,5.0,10.0,10.0,8.0,3.0,4.0,4.0,6.0,8.0,3.0,3.0,2.0,3.0,2.0,6.0,2.0,2.0
Jamaica Hills,Queens,neighborhood,0.0,0.0,0.0,0.0,0.0,0.0,1.0,1.0,0.0,0.0,0.0,0.0,0.0,0.0,1.0,1.0,1.0,1.0,1.0,1.0,0.0,0.0,0.0,0.0,0.0,0.0,0.0,2.0,1.0,1.0,0.0,0.0,0.0,0.0,0.0,0.0,0.0,0.0,0.0,0.0,1.0,1.0,0.0,0.0,0.0,0.0,0.0,0.0,0.0,0.0,0.0,0.0,0.0,0.0,1.0,1.0,1.0,1.0,1.0,1.0,1.0,0.0,0.0,0.0,0.0,1.0,0.0,0.0,2.0,1.0,0.0,0.0,1.0,1.0,0.0,0.0,0.0,0.0,1.0,4.0,1.0,0.0,1.0,1.0,3.0,2.0,1.0,2.0,4.0,2.0,4.0,1.0,0.0,0.0,0.0,0.0,0.0,2.0,3.0,1.0,3.0,3.0,4.0,2.0,2.0,2.0,0.0,0.0,2.0,1.0,1.0,2.0,4.0,4.0,4.0,2.0,1.0,3.0,3.0,3.0,5.0,1.0,2.0,1.0,1.0,1.0,1.0,0.0,0.0,0.0,1.0,1.0,2.0,4.0,2.0,4.0,5.0,3.0,1.0,2.0,4.0,9.0,3.0,3.0,2.0,1.0,0.0,1.0,0.0,2.0,5.0,6.0,3.0,5.0,4.0,7.0,4.0,1.0,2.0,3.0,3.0,1.0,2.0,5.0,6.0,4.0,6.0,5.0,6.0,2.0,3.0,2.0,2.0,2.0,1.0,3.0,1.0,0.0,0.0,1.0,1.0,4.0,6.0,6.0,7.0,3.0,1.0,2.0,2.0,2.0,0.0,0.0,0.0,1.0,2.0,4.0,4.0,7.0,6.0,2.0
Kensington,Brooklyn,neighborhood,4.0,3.0,2.0,2.0,3.0,5.0,5.0,5.0,2.0,3.0,4.0,3.0,3.0,8.0,19.0,6.0,8.0,6.0,3.0,2.0,2.0,1.0,2.0,5.0,7.0,4.0,3.0,6.0,5.0,5.0,5.0,8.0,8.0,7.0,7.0,7.0,6.0,5.0,5.0,4.0,11.0,13.0,11.0,7.0,12.0,32.0,31.0,23.0,25.0,17.0,23.0,22.0,26.0,26.0,29.0,29.0,32.0,35.0,43.0,55.0,53.0,48.0,44.0,37.0,39.0,66.0,56.0,65.0,77.0,77.0,69.0,57.0,58.0,52.0,54.0,60.0,49.0,45.0,46.0,57.0,58.0,54.0,55.0,53.0,59.0,65.0,75.0,74.0,75.0,113.0,112.0,93.0,82.0,79.0,77.0,73.0,83.0,86.0,90.0,85.0,85.0,80.0,116.0,111.0,75.0,84.0,93.0,90.0,79.0,79.0,75.0,93.0,117.0,96.0,72.0,75.0,55.0,54.0,52.0,29.0,41.0,46.0,63.0,34.0,52.0,77.0,108.0,93.0,100.0,86.0,62.0,68.0,65.0,60.0,60.0,56.0,55.0,80.0,86.0,90.0,81.0,64.0,48.0,46.0,37.0,46.0,45.0,41.0,46.0,52.0,55.0,57.0,48.0,39.0,29.0,17.0,34.0,45.0,36.0,29.0,54.0,42.0,44.0,35.0,28.0,22.0,34.0,17.0,19.0,31.0,43.0,44.0,37.0,48.0,46.0,48.0,46.0,46.0,47.0,50.0,42.0,35.0,35.0,34.0,54.0,62.0,51.0,39.0,38.0,28.0,29.0,12.0,19.0,34.0,25.0,29.0,38.0,39.0,32.0,30.0
Kew Gardens,Queens,neighborhood,3.0,4.0,6.0,5.0,6.0,6.0,6.0,5.0,3.0,3.0,2.0,0.0,3.0,6.0,5.0,3.0,2.0,1.0,2.0,3.0,4.0,5.0,4.0,2.0,2.0,4.0,2.0,5.0,10.0,13.0,14.0,21.0,28.0,30.0,27.0,17.0,9.0,7.0,7.0,7.0,13.0,12.0,11.0,9.0,11.0,16.0,19.0,19.0,22.0,18.0,17.0,14.0,10.0,18.0,19.0,16.0,17.0,13.0,11.0,14.0,17.0,18.0,22.0,28.0,29.0,22.0,24.0,34.0,33.0,42.0,41.0,50.0,40.0,27.0,23.0,15.0,21.0,29.0,38.0,39.0,34.0,37.0,33.0,32.0,35.0,38.0,51.0,47.0,57.0,65.0,59.0,23.0,19.0,29.0,36.0,35.0,36.0,22.0,30.0,33.0,42.0,52.0,38.0,39.0,42.0,48.0,31.0,32.0,35.0,25.0,34.0,48.0,53.0,26.0,22.0,29.0,20.0,25.0,29.0,31.0,41.0,38.0,28.0,18.0,21.0,21.0,42.0,49.0,45.0,48.0,46.0,33.0,47.0,38.0,30.0,38.0,43.0,41.0,38.0,47.0,42.0,55.0,41.0,44.0,54.0,50.0,48.0,34.0,26.0,24.0,30.0,55.0,42.0,36.0,38.0,31.0,41.0,39.0,19.0,12.0,21.0,38.0,43.0,45.0,29.0,23.0,35.0,34.0,42.0,39.0,42.0,46.0,45.0,39.0,25.0,29.0,23.0,40.0,30.0,47.0,55.0,38.0,48.0,32.0,25.0,23.0,24.0,30.0,37.0,34.0,28.0,32.0,32.0,39.0,41.0,23.0,16.0,23.0,28.0,28.0
Kew Gardens Hills,Queens,neighborhood,0.0,0.0,0.0,0.0,0.0,1.0,1.0,0.0,2.0,2.0,2.0,0.0,1.0,1.0,1.0,1.0,1.0,3.0,3.0,3.0,1.0,2.0,2.0,2.0,1.0,2.0,3.0,3.0,3.0,3.0,1.0,2.0,3.0,2.0,1.0,1.0,2.0,2.0,0.0,2.0,4.0,1.0,1.0,2.0,5.0,7.0,7.0,8.0,9.0,7.0,5.0,10.0,10.0,9.0,5.0,4.0,6.0,8.0,8.0,13.0,13.0,16.0,18.0,15.0,15.0,14.0,23.0,21.0,15.0,10.0,11.0,16.0,18.0,18.0,31.0,21.0,35.0,55.0,46.0,7.0,8.0,16.0,15.0,7.0,25.0,33.0,26.0,27.0,31.0,34.0,43.0,25.0,21.0,23.0,25.0,23.0,29.0,30.0,27.0,20.0,20.0,19.0,26.0,23.0,32.0,33.0,25.0,28.0,15.0,12.0,13.0,15.0,18.0,15.0,28.0,36.0,22.0,18.0,14.0,26.0,19.0,25.0,15.0,11.0,15.0,15.0,15.0,16.0,14.0,11.0,5.0,5.0,13.0,10.0,6.0,11.0,8.0,5.0,7.0,6.0,9.0,8.0,14.0,9.0,11.0,12.0,10.0,12.0,10.0,8.0,11.0,17.0,19.0,12.0,12.0,10.0,12.0,17.0,16.0,9.0,8.0,10.0,16.0,20.0,18.0,9.0,4.0,6.0,7.0,13.0,6.0,9.0,7.0,8.0,9.0,11.0,6.0,7.0,6.0,7.0,10.0,8.0,16.0,14.0,21.0,18.0,11.0,16.0,14.0,15.0,11.0,14.0,16.0,15.0,19.0,21.0,15.0,23.0,23.0,17.0
Kingsbridge,Bronx,neighborhood,2.0,2.0,2.0,1.0,0.0,0.0,0.0,1.0,2.0,1.0,1.0,1.0,1.0,1.0,1.0,1.0,1.0,1.0,3.0,2.0,0.0,1.0,1.0,1.0,1.0,13.0,14.0,11.0,6.0,1.0,2.0,3.0,5.0,9.0,7.0,6.0,6.0,5.0,3.0,3.0,2.0,2.0,2.0,4.0,6.0,7.0,10.0,12.0,6.0,4.0,8.0,6.0,4.0,4.0,4.0,4.0,5.0,9.0,6.0,7.0,9.0,13.0,20.0,15.0,8.0,8.0,12.0,10.0,11.0,9.0,13.0,25.0,29.0,29.0,29.0,20.0,23.0,26.0,23.0,40.0,27.0,26.0,22.0,22.0,18.0,17.0,15.0,13.0,14.0,14.0,14.0,10.0,15.0,19.0,15.0,11.0,13.0,16.0,20.0,21.0,24.0,25.0,27.0,30.0,21.0,31.0,31.0,25.0,10.0,20.0,25.0,21.0,26.0,18.0,15.0,23.0,30.0,23.0,10.0,11.0,13.0,11.0,13.0,11.0,11.0,7.0,13.0,15.0,16.0,11.0,16.0,12.0,18.0,12.0,12.0,15.0,11.0,15.0,11.0,19.0,14.0,18.0,12.0,12.0,10.0,10.0,11.0,11.0,15.0,15.0,7.0,5.0,3.0,7.0,8.0,8.0,15.0,19.0,16.0,13.0,7.0,4.0,12.0,11.0,9.0,12.0,8.0,8.0,11.0,12.0,9.0,10.0,13.0,15.0,13.0,6.0,8.0,8.0,12.0,12.0,11.0,12.0,17.0,13.0,12.0,10.0,11.0,14.0,11.0,12.0,11.0,13.0,16.0,13.0,13.0,15.0,13.0,9.0,16.0,19.0
Laconia,Bronx,neighborhood,0.0,0.0,0.0,0.0,0.0,0.0,0.0,0.0,0.0,0.0,0.0,0.0,0.0,0.0,0.0,0.0,0.0,0.0,0.0,0.0,0.0,0.0,0.0,0.0,0.0,0.0,0.0,0.0,0.0,0.0,0.0,0.0,0.0,0.0,0.0,0.0,0.0,0.0,0.0,0.0,0.0,0.0,0.0,0.0,0.0,0.0,0.0,0.0,0.0,0.0,0.0,0.0,0.0,0.0,0.0,0.0,0.0,0.0,0.0,0.0,0.0,0.0,0.0,0.0,0.0,0.0,0.0,1.0,1.0,1.0,0.0,0.0,0.0,0.0,0.0,0.0,0.0,0.0,0.0,0.0,0.0,0.0,0.0,1.0,0.0,0.0,0.0,0.0,0.0,0.0,0.0,0.0,0.0,0.0,0.0,0.0,0.0,0.0,0.0,0.0,0.0,0.0,1.0,0.0,0.0,0.0,0.0,0.0,1.0,1.0,1.0,0.0,0.0,0.0,2.0,0.0,0.0,0.0,0.0,0.0,0.0,0.0,0.0,0.0,0.0,0.0,0.0,0.0,0.0,1.0,1.0,0.0,0.0,0.0,0.0,0.0,1.0,1.0,1.0,0.0,0.0,0.0,0.0,0.0,0.0,0.0,0.0,0.0,0.0,0.0,0.0,0.0,0.0,0.0,0.0,0.0,0.0,0.0,1.0,3.0,2.0,2.0,1.0,1.0,1.0,2.0,2.0,1.0,1.0,1.0,1.0,1.0,0.0,0.0,0.0,0.0,0.0,0.0,0.0,0.0,0.0,0.0,1.0,1.0,1.0,0.0,0.0,0.0,0.0,0.0,0.0,0.0,1.0,0.0,0.0,1.0,0.0,0.0,0.0,0.0
Laurelton,Queens,neighborhood,0.0,0.0,0.0,0.0,0.0,0.0,0.0,0.0,0.0,0.0,0.0,0.0,0.0,0.0,0.0,0.0,0.0,0.0,0.0,0.0,0.0,0.0,0.0,0.0,0.0,0.0,0.0,0.0,0.0,0.0,0.0,0.0,0.0,0.0,0.0,0.0,0.0,0.0,0.0,0.0,0.0,0.0,0.0,1.0,0.0,0.0,0.0,0.0,0.0,0.0,0.0,0.0,0.0,0.0,0.0,1.0,0.0,0.0,0.0,0.0,0.0,0.0,0.0,0.0,0.0,0.0,0.0,1.0,1.0,0.0,0.0,0.0,0.0,0.0,0.0,0.0,0.0,0.0,0.0,0.0,0.0,0.0,0.0,0.0,0.0,0.0,0.0,0.0,0.0,0.0,1.0,1.0,0.0,0.0,0.0,1.0,3.0,3.0,2.0,0.0,0.0,0.0,0.0,0.0,0.0,0.0,0.0,0.0,0.0,0.0,0.0,0.0,0.0,1.0,1.0,0.0,0.0,0.0,0.0,0.0,1.0,0.0,0.0,0.0,0.0,0.0,0.0,0.0,0.0,0.0,0.0,0.0,1.0,1.0,0.0,0.0,0.0,0.0,0.0,0.0,0.0,0.0,1.0,1.0,0.0,0.0,0.0,0.0,0.0,0.0,0.0,0.0,0.0,5.0,5.0,4.0,0.0,0.0,0.0,0.0,0.0,0.0,0.0,0.0,2.0,3.0,1.0,3.0,0.0,0.0,1.0,1.0,0.0,0.0,0.0,0.0,0.0,1.0,1.0,1.0,0.0,1.0,0.0,1.0,1.0,2.0,0.0,1.0,0.0,0.0,0.0,1.0,1.0,1.0,2.0,5.0,4.0,7.0,5.0,3.0
Little Italy,Manhattan,neighborhood,34.0,32.0,24.0,21.0,19.0,21.0,26.0,23.0,16.0,19.0,19.0,25.0,27.0,25.0,27.0,25.0,16.0,18.0,22.0,27.0,22.0,15.0,17.0,19.0,22.0,18.0,19.0,17.0,19.0,23.0,17.0,23.0,14.0,13.0,11.0,16.0,17.0,26.0,22.0,21.0,20.0,24.0,27.0,19.0,14.0,14.0,10.0,9.0,19.0,21.0,26.0,22.0,26.0,21.0,22.0,24.0,20.0,20.0,24.0,26.0,26.0,27.0,27.0,28.0,28.0,27.0,21.0,20.0,18.0,26.0,26.0,35.0,29.0,31.0,30.0,38.0,41.0,46.0,32.0,30.0,20.0,30.0,32.0,37.0,43.0,36.0,35.0,34.0,47.0,46.0,56.0,37.0,28.0,24.0,15.0,18.0,19.0,16.0,16.0,17.0,38.0,26.0,33.0,40.0,34.0,31.0,36.0,28.0,27.0,35.0,32.0,38.0,38.0,29.0,33.0,27.0,29.0,33.0,28.0,18.0,14.0,13.0,29.0,21.0,58.0,66.0,75.0,70.0,78.0,73.0,52.0,56.0,55.0,55.0,44.0,45.0,31.0,29.0,36.0,28.0,11.0,15.0,11.0,14.0,15.0,12.0,12.0,10.0,18.0,22.0,28.0,23.0,24.0,19.0,28.0,27.0,29.0,21.0,28.0,29.0,25.0,42.0,45.0,27.0,23.0,29.0,17.0,11.0,12.0,16.0,19.0,24.0,31.0,39.0,51.0,41.0,32.0,27.0,31.0,13.0,16.0,14.0,12.0,16.0,27.0,29.0,33.0,29.0,23.0,16.0,11.0,12.0,13.0,13.0,19.0,22.0,23.0,24.0,32.0,20.0
Little Neck,Queens,neighborhood,0.0,0.0,0.0,0.0,0.0,0.0,0.0,0.0,0.0,0.0,0.0,0.0,0.0,0.0,0.0,0.0,0.0,0.0,0.0,0.0,0.0,0.0,0.0,0.0,0.0,0.0,1.0,1.0,1.0,1.0,0.0,0.0,0.0,1.0,1.0,2.0,4.0,4.0,5.0,3.0,3.0,1.0,0.0,0.0,1.0,0.0,0.0,0.0,0.0,0.0,0.0,0.0,0.0,0.0,0.0,0.0,0.0,1.0,1.0,1.0,1.0,3.0,1.0,1.0,0.0,0.0,0.0,0.0,0.0,0.0,0.0,0.0,0.0,0.0,1.0,1.0,1.0,2.0,2.0,0.0,0.0,0.0,0.0,2.0,2.0,1.0,2.0,3.0,3.0,4.0,4.0,0.0,0.0,0.0,0.0,0.0,0.0,0.0,0.0,0.0,0.0,0.0,1.0,1.0,1.0,2.0,3.0,1.0,1.0,0.0,0.0,0.0,0.0,0.0,0.0,0.0,0.0,0.0,0.0,1.0,1.0,1.0,1.0,1.0,1.0,0.0,0.0,0.0,0.0,0.0,0.0,0.0,0.0,1.0,1.0,0.0,0.0,0.0,0.0,0.0,0.0,1.0,0.0,3.0,1.0,0.0,0.0,0.0,2.0,3.0,2.0,1.0,1.0,2.0,1.0,1.0,0.0,0.0,1.0,2.0,1.0,0.0,1.0,1.0,1.0,1.0,0.0,1.0,1.0,1.0,2.0,1.0,1.0,0.0,2.0,1.0,0.0,0.0,0.0,0.0,0.0,0.0,0.0,0.0,0.0,0.0,1.0,1.0,1.0,0.0,0.0,0.0,0.0,0.0,0.0,1.0,2.0,2.0,1.0,0.0
Long Island City,Queens,neighborhood,33.0,47.0,53.0,51.0,28.0,32.0,31.0,33.0,48.0,45.0,24.0,23.0,17.0,15.0,13.0,12.0,22.0,31.0,37.0,37.0,44.0,35.0,37.0,22.0,28.0,121.0,121.0,96.0,121.0,117.0,109.0,67.0,51.0,43.0,34.0,34.0,37.0,43.0,56.0,40.0,49.0,75.0,109.0,129.0,131.0,132.0,148.0,127.0,120.0,107.0,90.0,196.0,165.0,177.0,113.0,129.0,144.0,131.0,122.0,117.0,94.0,103.0,121.0,121.0,134.0,149.0,187.0,193.0,170.0,197.0,202.0,165.0,165.0,158.0,157.0,183.0,202.0,177.0,194.0,224.0,200.0,178.0,181.0,170.0,172.0,133.0,143.0,137.0,162.0,206.0,211.0,194.0,201.0,253.0,215.0,178.0,169.0,163.0,213.0,220.0,196.0,187.0,156.0,130.0,150.0,188.0,202.0,162.0,167.0,170.0,185.0,219.0,220.0,177.0,165.0,158.0,164.0,187.0,174.0,149.0,167.0,147.0,109.0,120.0,178.0,267.0,293.0,308.0,328.0,331.0,319.0,298.0,282.0,250.0,260.0,269.0,235.0,248.0,220.0,219.0,174.0,204.0,173.0,186.0,177.0,154.0,159.0,174.0,197.0,180.0,200.0,204.0,192.0,177.0,193.0,188.0,216.0,186.0,192.0,187.0,202.0,195.0,230.0,247.0,183.0,208.0,176.0,169.0,193.0,167.0,172.0,183.0,263.0,257.0,344.0,374.0,363.0,317.0,290.0,279.0,266.0,262.0,312.0,318.0,301.0,288.0,372.0,367.0,321.0,322.0,268.0,263.0,296.0,246.0,284.0,279.0,312.0,298.0,332.0,320.0
Longwood,Bronx,neighborhood,0.0,0.0,0.0,0.0,0.0,0.0,3.0,3.0,0.0,0.0,0.0,0.0,0.0,0.0,0.0,0.0,0.0,0.0,0.0,1.0,2.0,2.0,0.0,0.0,0.0,0.0,0.0,0.0,0.0,0.0,0.0,0.0,0.0,0.0,0.0,0.0,0.0,0.0,0.0,1.0,1.0,0.0,0.0,0.0,0.0,0.0,0.0,1.0,1.0,1.0,0.0,1.0,1.0,2.0,2.0,1.0,1.0,1.0,0.0,0.0,0.0,0.0,0.0,1.0,1.0,0.0,0.0,0.0,0.0,1.0,1.0,1.0,1.0,0.0,1.0,1.0,1.0,3.0,2.0,2.0,0.0,1.0,1.0,0.0,0.0,2.0,8.0,5.0,3.0,3.0,4.0,3.0,3.0,2.0,1.0,2.0,1.0,1.0,1.0,0.0,1.0,4.0,8.0,6.0,3.0,2.0,2.0,3.0,4.0,4.0,7.0,6.0,3.0,6.0,6.0,2.0,2.0,3.0,3.0,2.0,3.0,5.0,3.0,3.0,4.0,2.0,1.0,5.0,6.0,7.0,2.0,3.0,3.0,1.0,0.0,0.0,0.0,2.0,2.0,3.0,2.0,1.0,1.0,1.0,1.0,1.0,1.0,2.0,3.0,2.0,2.0,3.0,2.0,1.0,0.0,1.0,1.0,2.0,1.0,1.0,2.0,2.0,1.0,0.0,0.0,1.0,1.0,1.0,1.0,1.0,4.0,5.0,1.0,0.0,0.0,1.0,0.0,1.0,1.0,1.0,0.0,0.0,0.0,2.0,3.0,1.0,1.0,0.0,4.0,1.0,0.0,0.0,0.0,0.0,0.0,0.0,1.0,3.0,1.0,3.0
Lower East Side,Manhattan,neighborhood,74.0,94.0,94.0,82.0,81.0,79.0,72.0,71.0,51.0,51.0,42.0,37.0,39.0,39.0,46.0,70.0,96.0,107.0,123.0,122.0,88.0,85.0,82.0,79.0,82.0,72.0,62.0,71.0,91.0,92.0,95.0,100.0,84.0,87.0,85.0,87.0,106.0,104.0,102.0,123.0,130.0,104.0,132.0,129.0,117.0,127.0,103.0,89.0,98.0,99.0,115.0,107.0,130.0,133.0,173.0,182.0,178.0,167.0,141.0,115.0,126.0,115.0,148.0,164.0,147.0,168.0,174.0,171.0,150.0,157.0,137.0,137.0,145.0,147.0,156.0,165.0,180.0,173.0,201.0,218.0,191.0,188.0,197.0,187.0,194.0,178.0,209.0,219.0,242.0,255.0,263.0,227.0,187.0,173.0,166.0,147.0,160.0,154.0,166.0,203.0,235.0,253.0,290.0,276.0,185.0,156.0,149.0,120.0,126.0,157.0,187.0,233.0,249.0,264.0,306.0,275.0,207.0,186.0,143.0,117.0,108.0,127.0,114.0,125.0,261.0,399.0,522.0,584.0,575.0,608.0,532.0,453.0,443.0,355.0,379.0,350.0,288.0,252.0,213.0,154.0,141.0,150.0,128.0,99.0,116.0,134.0,163.0,184.0,215.0,219.0,250.0,221.0,198.0,213.0,190.0,134.0,165.0,175.0,220.0,245.0,279.0,269.0,316.0,318.0,255.0,255.0,231.0,181.0,178.0,188.0,192.0,228.0,301.0,317.0,319.0,294.0,280.0,245.0,181.0,159.0,140.0,132.0,155.0,176.0,200.0,255.0,268.0,242.0,185.0,159.0,110.0,84.0,101.0,74.0,125.0,152.0,175.0,210.0,214.0,195.0
Manhattan,Manhattan,borough,3267.0,3363.0,3324.0,3253.0,3032.0,3226.0,3172.0,2947.0,2466.0,2543.0,2524.0,2511.0,2664.0,2531.0,2741.0,2722.0,2839.0,3005.0,3106.0,3241.0,3001.0,2920.0,2753.0,2639.0,2788.0,2752.0,2974.0,3032.0,3400.0,3634.0,3996.0,3986.0,3485.0,3433.0,3345.0,3226.0,3397.0,3275.0,3471.0,3884.0,4065.0,4217.0,4632.0,4695.0,4270.0,4597.0,4074.0,3900.0,4011.0,3995.0,4293.0,4714.0,5328.0,5235.0,5292.0,5308.0,4983.0,4967.0,4560.0,4395.0,4565.0,4305.0,4741.0,5037.0,5317.0,5842.0,6206.0,5905.0,5315.0,5307.0,4936.0,4656.0,4796.0,4859.0,5225.0,5537.0,6011.0,6589.0,6816.0,6986.0,6341.0,6089.0,5944.0,5418.0,5827.0,5547.0,6004.0,6118.0,6906.0,7392.0,7409.0,5987.0,5445.0,5569.0,5101.0,4438.0,4750.0,4546.0,4764.0,5157.0,5852.0,6179.0,6593.0,6280.0,5185.0,5290.0,4668.0,4094.0,4382.0,4281.0,4694.0,5232.0,5813.0,6113.0,6174.0,5715.0,4795.0,4497.0,3924.0,3414.0,3687.0,3270.0,3121.0,2905.0,5131.0,7792.0,10273.0,11403.0,11161.0,10997.0,9473.0,8660.0,8289.0,7248.0,7197.0,6608.0,5857.0,5493.0,5081.0,4482.0,3650.0,3354.0,2947.0,2594.0,2648.0,2630.0,3037.0,3193.0,3671.0,3892.0,4240.0,4384.0,3961.0,3903.0,3727.0,3447.0,3863.0,3618.0,3952.0,4199.0,4856.0,5271.0,5700.0,5763.0,4877.0,4855.0,4327.0,3880.0,4041.0,3677.0,3696.0,4035.0,4718.0,5096.0,5720.0,5421.0,4803.0,4431.0,3703.0,3256.0,3191.0,2864.0,3271.0,3766.0,4499.0,4655.0,5029.0,4708.0,4190.0,3867.0,3212.0,2904.0,3047.0,2849.0,3377.0,3626.0,3914.0,4212.0,4369.0,4038.0
Manhattan Beach,Brooklyn,neighborhood,0.0,0.0,0.0,0.0,0.0,0.0,0.0,0.0,0.0,0.0,0.0,0.0,0.0,0.0,0.0,0.0,0.0,0.0,0.0,0.0,0.0,0.0,0.0,1.0,1.0,0.0,0.0,0.0,0.0,0.0,0.0,0.0,0.0,0.0,0.0,0.0,0.0,0.0,0.0,0.0,0.0,1.0,1.0,1.0,0.0,1.0,1.0,0.0,0.0,0.0,0.0,0.0,0.0,0.0,0.0,0.0,0.0,0.0,0.0,0.0,0.0,0.0,0.0,0.0,0.0,1.0,3.0,4.0,3.0,2.0,4.0,4.0,4.0,4.0,4.0,5.0,6.0,3.0,1.0,1.0,4.0,2.0,1.0,1.0,4.0,5.0,5.0,4.0,3.0,1.0,0.0,0.0,0.0,0.0,0.0,0.0,1.0,3.0,1.0,1.0,1.0,1.0,0.0,0.0,0.0,0.0,0.0,1.0,0.0,0.0,0.0,1.0,1.0,1.0,1.0,1.0,1.0,1.0,0.0,0.0,0.0,0.0,0.0,0.0,0.0,0.0,1.0,1.0,1.0,2.0,2.0,1.0,1.0,2.0,0.0,0.0,1.0,1.0,0.0,2.0,1.0,1.0,1.0,0.0,0.0,0.0,0.0,0.0,0.0,0.0,0.0,0.0,0.0,0.0,1.0,1.0,0.0,0.0,0.0,0.0,0.0,0.0,0.0,2.0,1.0,3.0,3.0,1.0,0.0,0.0,0.0,0.0,0.0,0.0,0.0,0.0,1.0,0.0,0.0,0.0,0.0,1.0,1.0,0.0,0.0,0.0,0.0,0.0,0.0,0.0,1.0,1.0,0.0,0.0,0.0,0.0,0.0,1.0,0.0,0.0
Marble Hill,Manhattan,neighborhood,0.0,0.0,0.0,1.0,1.0,0.0,0.0,0.0,0.0,0.0,0.0,0.0,0.0,0.0,0.0,0.0,0.0,0.0,0.0,0.0,0.0,0.0,0.0,0.0,0.0,0.0,0.0,0.0,0.0,0.0,0.0,0.0,1.0,1.0,0.0,0.0,0.0,0.0,0.0,0.0,0.0,0.0,1.0,1.0,1.0,2.0,1.0,2.0,1.0,1.0,1.0,1.0,1.0,2.0,2.0,2.0,2.0,1.0,1.0,2.0,3.0,2.0,2.0,2.0,1.0,4.0,2.0,2.0,1.0,0.0,0.0,0.0,0.0,0.0,0.0,0.0,0.0,0.0,1.0,3.0,4.0,4.0,4.0,1.0,1.0,0.0,1.0,1.0,2.0,2.0,6.0,10.0,5.0,5.0,4.0,2.0,1.0,4.0,6.0,6.0,5.0,3.0,5.0,5.0,4.0,4.0,4.0,2.0,3.0,7.0,11.0,7.0,2.0,1.0,4.0,8.0,4.0,3.0,4.0,2.0,1.0,1.0,2.0,0.0,1.0,0.0,1.0,3.0,0.0,0.0,0.0,0.0,0.0,2.0,0.0,2.0,1.0,2.0,1.0,1.0,2.0,1.0,2.0,2.0,5.0,3.0,1.0,0.0,2.0,3.0,1.0,2.0,1.0,4.0,3.0,3.0,2.0,3.0,1.0,3.0,4.0,2.0,1.0,2.0,3.0,2.0,0.0,0.0,1.0,1.0,1.0,1.0,0.0,1.0,1.0,1.0,1.0,1.0,1.0,1.0,1.0,0.0,0.0,0.0,1.0,0.0,4.0,8.0,10.0,6.0,7.0,9.0,5.0,4.0,7.0,7.0,5.0,1.0,1.0,0.0
Marine Park,Brooklyn,neighborhood,0.0,0.0,0.0,0.0,0.0,0.0,1.0,1.0,0.0,0.0,0.0,0.0,0.0,2.0,2.0,1.0,1.0,1.0,1.0,2.0,2.0,0.0,0.0,0.0,0.0,0.0,0.0,0.0,0.0,0.0,0.0,0.0,1.0,1.0,1.0,0.0,0.0,0.0,0.0,0.0,0.0,0.0,0.0,0.0,1.0,1.0,0.0,1.0,1.0,1.0,0.0,2.0,2.0,2.0,0.0,0.0,1.0,4.0,4.0,4.0,3.0,1.0,2.0,4.0,6.0,7.0,6.0,9.0,9.0,3.0,4.0,6.0,2.0,1.0,2.0,3.0,6.0,5.0,4.0,2.0,0.0,1.0,1.0,3.0,8.0,8.0,6.0,6.0,7.0,7.0,9.0,7.0,3.0,1.0,2.0,4.0,4.0,4.0,3.0,5.0,3.0,4.0,3.0,5.0,3.0,3.0,1.0,0.0,0.0,6.0,2.0,2.0,3.0,1.0,2.0,7.0,6.0,2.0,4.0,3.0,1.0,2.0,2.0,2.0,3.0,3.0,1.0,5.0,7.0,4.0,9.0,13.0,9.0,2.0,4.0,3.0,5.0,2.0,1.0,2.0,4.0,4.0,1.0,0.0,1.0,1.0,5.0,3.0,3.0,2.0,1.0,6.0,4.0,1.0,2.0,2.0,4.0,2.0,1.0,1.0,3.0,2.0,1.0,0.0,0.0,0.0,0.0,2.0,3.0,6.0,2.0,1.0,1.0,3.0,4.0,3.0,7.0,4.0,1.0,1.0,1.0,1.0,0.0,0.0,3.0,3.0,1.0,2.0,1.0,2.0,4.0,2.0,3.0,1.0,0.0,0.0,0.0,0.0,0.0,0.0
Maspeth,Queens,neighborhood,0.0,0.0,0.0,0.0,1.0,0.0,0.0,1.0,2.0,3.0,3.0,2.0,1.0,1.0,2.0,1.0,1.0,0.0,0.0,0.0,0.0,0.0,2.0,2.0,2.0,2.0,0.0,0.0,0.0,1.0,1.0,1.0,1.0,2.0,3.0,1.0,5.0,3.0,2.0,2.0,1.0,2.0,1.0,1.0,1.0,1.0,4.0,3.0,6.0,10.0,10.0,2.0,4.0,4.0,4.0,5.0,2.0,4.0,4.0,5.0,7.0,4.0,4.0,6.0,9.0,13.0,9.0,5.0,7.0,10.0,17.0,19.0,20.0,12.0,11.0,21.0,16.0,10.0,13.0,18.0,20.0,18.0,15.0,15.0,15.0,18.0,18.0,21.0,31.0,30.0,32.0,22.0,19.0,18.0,18.0,13.0,17.0,16.0,10.0,10.0,21.0,21.0,16.0,21.0,23.0,43.0,31.0,30.0,32.0,28.0,20.0,19.0,22.0,28.0,22.0,30.0,25.0,29.0,23.0,15.0,17.0,17.0,17.0,20.0,16.0,15.0,21.0,39.0,27.0,18.0,18.0,22.0,31.0,22.0,27.0,21.0,26.0,27.0,28.0,24.0,23.0,26.0,19.0,15.0,23.0,26.0,31.0,29.0,23.0,27.0,28.0,31.0,27.0,39.0,38.0,15.0,29.0,30.0,31.0,32.0,25.0,23.0,28.0,27.0,23.0,22.0,23.0,17.0,19.0,14.0,17.0,13.0,20.0,22.0,22.0,13.0,14.0,19.0,20.0,18.0,24.0,21.0,23.0,28.0,19.0,17.0,26.0,17.0,16.0,20.0,17.0,14.0,24.0,19.0,34.0,29.0,14.0,14.0,24.0,36.0
Melrose,Bronx,neighborhood,0.0,0.0,0.0,0.0,0.0,1.0,1.0,1.0,1.0,1.0,0.0,0.0,0.0,0.0,0.0,0.0,0.0,0.0,0.0,1.0,4.0,5.0,7.0,4.0,1.0,0.0,0.0,0.0,0.0,0.0,0.0,0.0,0.0,0.0,0.0,0.0,0.0,0.0,0.0,0.0,0.0,0.0,0.0,0.0,1.0,1.0,1.0,0.0,0.0,0.0,0.0,0.0,1.0,3.0,2.0,0.0,2.0,2.0,0.0,0.0,0.0,0.0,2.0,3.0,2.0,1.0,1.0,2.0,3.0,2.0,3.0,2.0,3.0,4.0,2.0,1.0,1.0,1.0,1.0,3.0,5.0,3.0,0.0,0.0,3.0,4.0,5.0,5.0,7.0,6.0,5.0,1.0,1.0,2.0,5.0,4.0,4.0,3.0,1.0,2.0,3.0,7.0,5.0,8.0,4.0,5.0,3.0,2.0,2.0,3.0,4.0,3.0,7.0,6.0,16.0,12.0,11.0,12.0,5.0,5.0,12.0,6.0,2.0,1.0,2.0,2.0,3.0,5.0,2.0,3.0,2.0,2.0,5.0,2.0,2.0,5.0,4.0,6.0,5.0,2.0,1.0,3.0,10.0,10.0,7.0,3.0,3.0,2.0,2.0,5.0,7.0,10.0,12.0,6.0,2.0,1.0,3.0,2.0,3.0,3.0,0.0,2.0,2.0,5.0,6.0,5.0,2.0,2.0,4.0,3.0,2.0,3.0,4.0,7.0,3.0,4.0,3.0,1.0,2.0,2.0,3.0,9.0,8.0,7.0,6.0,3.0,4.0,4.0,5.0,6.0,5.0,5.0,4.0,3.0,3.0,5.0,9.0,6.0,3.0,2.0
Middle Village,Queens,neighborhood,0.0,0.0,0.0,0.0,0.0,0.0,0.0,0.0,0.0,0.0,0.0,0.0,0.0,0.0,1.0,1.0,0.0,0.0,0.0,0.0,1.0,0.0,0.0,0.0,0.0,0.0,0.0,0.0,0.0,0.0,0.0,0.0,0.0,0.0,0.0,0.0,0.0,0.0,0.0,0.0,0.0,0.0,0.0,0.0,0.0,0.0,1.0,1.0,1.0,1.0,0.0,0.0,2.0,7.0,5.0,0.0,3.0,6.0,8.0,4.0,6.0,2.0,8.0,6.0,4.0,5.0,4.0,4.0,6.0,5.0,5.0,2.0,3.0,3.0,6.0,4.0,2.0,2.0,3.0,2.0,9.0,13.0,11.0,8.0,6.0,8.0,10.0,9.0,15.0,19.0,13.0,7.0,4.0,6.0,5.0,5.0,7.0,9.0,6.0,5.0,7.0,6.0,9.0,12.0,15.0,9.0,15.0,12.0,14.0,8.0,6.0,9.0,10.0,12.0,11.0,12.0,6.0,7.0,9.0,7.0,8.0,5.0,6.0,2.0,6.0,7.0,7.0,8.0,8.0,9.0,12.0,10.0,9.0,7.0,7.0,8.0,10.0,12.0,9.0,7.0,8.0,10.0,18.0,16.0,19.0,22.0,15.0,13.0,14.0,13.0,16.0,19.0,7.0,8.0,7.0,9.0,8.0,8.0,10.0,5.0,9.0,8.0,10.0,17.0,8.0,5.0,8.0,11.0,13.0,20.0,13.0,6.0,6.0,7.0,7.0,12.0,8.0,13.0,13.0,6.0,2.0,3.0,10.0,15.0,12.0,4.0,5.0,5.0,5.0,7.0,5.0,3.0,1.0,6.0,10.0,6.0,8.0,8.0,6.0,8.0
Midtown,Manhattan,neighborhood,129.0,125.0,110.0,116.0,96.0,89.0,86.0,96.0,76.0,89.0,86.0,101.0,99.0,95.0,97.0,90.0,96.0,104.0,107.0,119.0,113.0,109.0,109.0,103.0,103.0,115.0,113.0,119.0,125.0,120.0,131.0,110.0,113.0,108.0,99.0,101.0,108.0,116.0,121.0,110.0,127.0,114.0,117.0,118.0,120.0,114.0,104.0,91.0,91.0,98.0,113.0,124.0,116.0,117.0,121.0,120.0,121.0,143.0,145.0,140.0,140.0,118.0,134.0,124.0,118.0,126.0,125.0,120.0,128.0,157.0,137.0,144.0,149.0,165.0,175.0,162.0,162.0,165.0,147.0,160.0,164.0,166.0,151.0,139.0,155.0,128.0,148.0,159.0,173.0,177.0,155.0,117.0,131.0,142.0,141.0,136.0,137.0,109.0,103.0,110.0,110.0,106.0,109.0,116.0,110.0,126.0,116.0,97.0,112.0,98.0,99.0,118.0,129.0,122.0,133.0,104.0,96.0,105.0,109.0,108.0,121.0,95.0,91.0,73.0,95.0,131.0,175.0,206.0,198.0,217.0,202.0,191.0,199.0,172.0,163.0,157.0,138.0,109.0,91.0,98.0,88.0,82.0,70.0,56.0,60.0,59.0,79.0,65.0,70.0,71.0,82.0,106.0,93.0,88.0,92.0,107.0,100.0,91.0,98.0,97.0,118.0,115.0,117.0,115.0,127.0,143.0,125.0,113.0,127.0,118.0,108.0,108.0,106.0,104.0,126.0,121.0,102.0,107.0,96.0,79.0,82.0,79.0,88.0,95.0,103.0,103.0,99.0,104.0,96.0,101.0,92.0,81.0,75.0,80.0,115.0,130.0,118.0,122.0,110.0,99.0
Midtown East,Manhattan,neighborhood,301.0,338.0,364.0,347.0,311.0,313.0,313.0,309.0,223.0,233.0,218.0,220.0,231.0,239.0,267.0,292.0,307.0,323.0,299.0,327.0,313.0,295.0,271.0,243.0,239.0,254.0,268.0,258.0,269.0,285.0,352.0,351.0,340.0,331.0,325.0,293.0,315.0,299.0,354.0,401.0,385.0,385.0,419.0,396.0,364.0,379.0,361.0,337.0,365.0,358.0,419.0,450.0,486.0,424.0,413.0,409.0,397.0,389.0,365.0,358.0,361.0,342.0,389.0,448.0,470.0,501.0,501.0,481.0,487.0,441.0,409.0,407.0,408.0,392.0,426.0,468.0,517.0,548.0,561.0,651.0,531.0,549.0,526.0,472.0,505.0,486.0,541.0,609.0,676.0,727.0,707.0,559.0,525.0,571.0,538.0,473.0,461.0,446.0,469.0,522.0,614.0,598.0,607.0,567.0,518.0,536.0,468.0,416.0,458.0,403.0,446.0,488.0,543.0,608.0,597.0,565.0,501.0,469.0,440.0,413.0,406.0,334.0,285.0,274.0,496.0,741.0,968.0,1111.0,1058.0,1073.0,955.0,926.0,852.0,774.0,779.0,732.0,639.0,522.0,447.0,387.0,299.0,284.0,273.0,260.0,304.0,293.0,345.0,303.0,354.0,363.0,402.0,421.0,402.0,402.0,443.0,390.0,394.0,394.0,439.0,466.0,534.0,566.0,579.0,610.0,551.0,541.0,470.0,417.0,414.0,392.0,396.0,449.0,555.0,549.0,621.0,590.0,503.0,458.0,365.0,332.0,331.0,336.0,352.0,426.0,504.0,465.0,521.0,523.0,473.0,420.0,358.0,321.0,328.0,325.0,372.0,394.0,394.0,398.0,430.0,424.0
Midtown South,Manhattan,neighborhood,43.0,38.0,38.0,36.0,36.0,39.0,40.0,44.0,47.0,43.0,44.0,38.0,35.0,29.0,37.0,30.0,30.0,27.0,26.0,32.0,31.0,29.0,22.0,15.0,21.0,25.0,35.0,43.0,46.0,39.0,41.0,50.0,40.0,37.0,44.0,35.0,36.0,32.0,32.0,38.0,41.0,34.0,43.0,45.0,43.0,52.0,48.0,45.0,48.0,44.0,27.0,34.0,41.0,51.0,51.0,53.0,47.0,55.0,41.0,50.0,45.0,44.0,49.0,49.0,52.0,54.0,51.0,53.0,47.0,50.0,53.0,41.0,38.0,49.0,49.0,50.0,52.0,62.0,65.0,60.0,51.0,58.0,61.0,63.0,66.0,53.0,61.0,58.0,64.0,71.0,70.0,61.0,46.0,50.0,53.0,48.0,51.0,48.0,49.0,50.0,49.0,53.0,71.0,67.0,56.0,60.0,53.0,47.0,50.0,52.0,59.0,74.0,72.0,66.0,57.0,53.0,50.0,58.0,50.0,41.0,42.0,43.0,52.0,40.0,69.0,93.0,114.0,121.0,113.0,117.0,118.0,116.0,107.0,82.0,89.0,71.0,61.0,66.0,36.0,32.0,38.0,29.0,19.0,7.0,15.0,22.0,39.0,37.0,48.0,53.0,45.0,46.0,42.0,41.0,33.0,30.0,35.0,42.0,44.0,44.0,57.0,63.0,68.0,71.0,57.0,41.0,37.0,41.0,36.0,38.0,43.0,58.0,59.0,65.0,62.0,70.0,55.0,45.0,35.0,33.0,28.0,33.0,36.0,47.0,51.0,50.0,54.0,50.0,48.0,46.0,35.0,29.0,26.0,31.0,29.0,37.0,32.0,54.0,66.0,53.0
Midtown West,Manhattan,neighborhood,148.0,165.0,177.0,190.0,176.0,198.0,226.0,153.0,143.0,166.0,171.0,162.0,172.0,161.0,162.0,172.0,190.0,174.0,169.0,188.0,201.0,195.0,197.0,185.0,202.0,191.0,191.0,194.0,195.0,213.0,258.0,261.0,216.0,228.0,262.0,253.0,263.0,273.0,280.0,285.0,264.0,293.0,296.0,316.0,256.0,286.0,265.0,273.0,274.0,265.0,306.0,274.0,304.0,315.0,337.0,382.0,359.0,381.0,336.0,323.0,346.0,390.0,390.0,413.0,383.0,414.0,408.0,407.0,387.0,408.0,408.0,373.0,362.0,367.0,424.0,427.0,454.0,513.0,478.0,487.0,444.0,428.0,451.0,417.0,474.0,426.0,448.0,461.0,512.0,493.0,515.0,494.0,410.0,425.0,387.0,338.0,366.0,350.0,354.0,399.0,469.0,466.0,448.0,461.0,393.0,457.0,405.0,404.0,400.0,383.0,376.0,419.0,452.0,455.0,439.0,409.0,366.0,380.0,327.0,308.0,351.0,331.0,294.0,297.0,400.0,588.0,760.0,804.0,786.0,790.0,702.0,604.0,569.0,497.0,512.0,473.0,397.0,371.0,350.0,290.0,228.0,223.0,192.0,199.0,175.0,192.0,227.0,222.0,233.0,247.0,299.0,319.0,275.0,300.0,303.0,305.0,336.0,300.0,319.0,338.0,377.0,389.0,455.0,462.0,406.0,371.0,347.0,339.0,356.0,325.0,323.0,350.0,369.0,408.0,451.0,444.0,395.0,383.0,316.0,296.0,312.0,290.0,299.0,325.0,386.0,395.0,411.0,377.0,338.0,343.0,291.0,260.0,307.0,273.0,297.0,320.0,339.0,389.0,386.0,331.0
Midwood,Brooklyn,neighborhood,4.0,5.0,4.0,5.0,3.0,3.0,4.0,5.0,0.0,3.0,4.0,4.0,5.0,6.0,9.0,7.0,6.0,2.0,6.0,13.0,12.0,11.0,11.0,13.0,8.0,8.0,6.0,4.0,11.0,14.0,13.0,15.0,4.0,7.0,7.0,4.0,8.0,7.0,7.0,13.0,15.0,11.0,13.0,12.0,10.0,10.0,14.0,12.0,10.0,7.0,13.0,14.0,17.0,27.0,38.0,43.0,35.0,30.0,21.0,24.0,22.0,26.0,34.0,35.0,31.0,37.0,45.0,59.0,48.0,57.0,51.0,46.0,38.0,50.0,48.0,48.0,54.0,47.0,42.0,52.0,45.0,32.0,44.0,46.0,59.0,81.0,109.0,108.0,118.0,128.0,92.0,39.0,57.0,64.0,65.0,63.0,70.0,74.0,72.0,58.0,70.0,78.0,83.0,61.0,67.0,90.0,75.0,64.0,66.0,63.0,76.0,76.0,91.0,86.0,85.0,113.0,87.0,86.0,102.0,80.0,64.0,70.0,64.0,41.0,80.0,62.0,77.0,75.0,78.0,73.0,73.0,79.0,87.0,70.0,87.0,92.0,103.0,89.0,89.0,101.0,83.0,97.0,78.0,71.0,60.0,55.0,75.0,48.0,75.0,71.0,72.0,78.0,50.0,41.0,56.0,49.0,61.0,64.0,63.0,55.0,47.0,55.0,61.0,56.0,50.0,56.0,61.0,50.0,44.0,50.0,44.0,57.0,67.0,58.0,70.0,84.0,83.0,68.0,67.0,65.0,70.0,53.0,51.0,46.0,67.0,79.0,92.0,75.0,60.0,69.0,59.0,59.0,78.0,67.0,64.0,63.0,81.0,84.0,83.0,67.0
Mill Basin,Brooklyn,neighborhood,0.0,0.0,0.0,0.0,0.0,0.0,0.0,0.0,0.0,0.0,0.0,0.0,0.0,0.0,0.0,0.0,0.0,0.0,0.0,0.0,0.0,0.0,0.0,0.0,0.0,0.0,0.0,0.0,0.0,0.0,0.0,0.0,0.0,0.0,0.0,0.0,0.0,0.0,0.0,0.0,0.0,0.0,0.0,1.0,1.0,3.0,3.0,0.0,0.0,0.0,0.0,0.0,0.0,2.0,3.0,3.0,3.0,3.0,2.0,2.0,2.0,3.0,2.0,1.0,0.0,1.0,1.0,0.0,0.0,0.0,0.0,0.0,0.0,0.0,0.0,0.0,0.0,0.0,0.0,0.0,0.0,0.0,0.0,0.0,0.0,0.0,0.0,1.0,2.0,3.0,1.0,0.0,0.0,0.0,0.0,2.0,0.0,0.0,0.0,0.0,1.0,1.0,0.0,0.0,0.0,0.0,0.0,0.0,0.0,0.0,2.0,2.0,1.0,1.0,0.0,1.0,1.0,1.0,1.0,1.0,2.0,0.0,0.0,0.0,0.0,0.0,0.0,0.0,0.0,0.0,1.0,1.0,0.0,0.0,0.0,0.0,1.0,3.0,1.0,3.0,1.0,0.0,0.0,1.0,1.0,1.0,0.0,0.0,0.0,0.0,0.0,0.0,0.0,0.0,0.0,0.0,0.0,0.0,0.0,0.0,1.0,2.0,0.0,0.0,0.0,0.0,0.0,0.0,0.0,0.0,0.0,0.0,1.0,1.0,0.0,1.0,1.0,1.0,0.0,0.0,0.0,1.0,1.0,0.0,0.0,0.0,0.0,0.0,0.0,1.0,1.0,1.0,1.0,0.0,1.0,0.0,0.0,0.0,0.0,1.0
Morningside Heights,Manhattan,neighborhood,17.0,22.0,23.0,23.0,17.0,17.0,17.0,14.0,9.0,13.0,9.0,11.0,11.0,10.0,12.0,15.0,22.0,22.0,21.0,23.0,15.0,13.0,12.0,14.0,11.0,17.0,14.0,22.0,22.0,25.0,29.0,31.0,17.0,13.0,12.0,10.0,12.0,16.0,19.0,18.0,20.0,23.0,32.0,39.0,18.0,18.0,17.0,19.0,28.0,15.0,16.0,24.0,40.0,41.0,49.0,40.0,32.0,30.0,28.0,28.0,28.0,21.0,32.0,44.0,41.0,45.0,57.0,49.0,45.0,36.0,39.0,40.0,47.0,36.0,37.0,35.0,41.0,48.0,49.0,59.0,62.0,53.0,52.0,46.0,42.0,40.0,31.0,32.0,42.0,64.0,67.0,54.0,63.0,68.0,44.0,25.0,34.0,32.0,33.0,34.0,39.0,40.0,53.0,45.0,29.0,29.0,30.0,36.0,49.0,29.0,30.0,35.0,42.0,59.0,77.0,58.0,30.0,32.0,31.0,29.0,35.0,36.0,34.0,25.0,33.0,52.0,74.0,94.0,72.0,73.0,54.0,47.0,41.0,33.0,47.0,52.0,66.0,73.0,61.0,40.0,23.0,23.0,21.0,22.0,23.0,22.0,18.0,28.0,43.0,38.0,41.0,39.0,27.0,30.0,36.0,33.0,25.0,18.0,20.0,22.0,44.0,57.0,52.0,43.0,30.0,24.0,28.0,26.0,32.0,25.0,27.0,34.0,40.0,49.0,59.0,53.0,41.0,36.0,28.0,28.0,27.0,23.0,27.0,42.0,50.0,47.0,62.0,63.0,49.0,38.0,33.0,19.0,19.0,17.0,15.0,24.0,43.0,56.0,57.0,52.0
Morris Heights,Bronx,neighborhood,0.0,0.0,0.0,0.0,0.0,0.0,0.0,1.0,1.0,0.0,0.0,0.0,0.0,0.0,0.0,0.0,0.0,0.0,0.0,0.0,0.0,0.0,0.0,0.0,0.0,0.0,0.0,0.0,0.0,0.0,0.0,1.0,1.0,1.0,1.0,1.0,0.0,0.0,0.0,0.0,1.0,1.0,0.0,0.0,0.0,0.0,1.0,1.0,2.0,1.0,1.0,1.0,1.0,1.0,2.0,2.0,0.0,0.0,1.0,1.0,2.0,2.0,2.0,2.0,2.0,1.0,2.0,2.0,8.0,8.0,6.0,5.0,7.0,10.0,11.0,4.0,4.0,5.0,4.0,5.0,3.0,1.0,2.0,3.0,2.0,4.0,8.0,4.0,6.0,10.0,8.0,5.0,4.0,6.0,5.0,3.0,1.0,3.0,3.0,4.0,5.0,2.0,4.0,8.0,9.0,3.0,1.0,4.0,4.0,4.0,4.0,4.0,5.0,5.0,9.0,7.0,10.0,12.0,8.0,9.0,4.0,4.0,3.0,1.0,0.0,7.0,7.0,10.0,12.0,9.0,6.0,6.0,3.0,2.0,4.0,5.0,6.0,3.0,5.0,5.0,6.0,8.0,6.0,3.0,2.0,2.0,3.0,3.0,5.0,4.0,1.0,5.0,7.0,5.0,10.0,11.0,4.0,3.0,6.0,4.0,2.0,0.0,0.0,0.0,0.0,1.0,2.0,2.0,3.0,3.0,0.0,2.0,4.0,2.0,2.0,2.0,1.0,1.0,1.0,2.0,2.0,1.0,2.0,1.0,2.0,1.0,2.0,0.0,0.0,1.0,1.0,1.0,2.0,1.0,1.0,3.0,0.0,0.0,2.0,3.0
Morris Park,Bronx,neighborhood,0.0,0.0,0.0,0.0,0.0,0.0,0.0,0.0,0.0,2.0,1.0,0.0,0.0,0.0,0.0,0.0,2.0,2.0,0.0,0.0,0.0,1.0,1.0,1.0,1.0,0.0,1.0,1.0,1.0,1.0,1.0,1.0,2.0,2.0,2.0,0.0,0.0,1.0,1.0,0.0,0.0,0.0,1.0,1.0,0.0,0.0,0.0,1.0,1.0,2.0,4.0,4.0,4.0,3.0,5.0,7.0,5.0,8.0,6.0,2.0,5.0,4.0,7.0,7.0,6.0,9.0,12.0,11.0,6.0,4.0,6.0,8.0,8.0,13.0,11.0,12.0,7.0,13.0,9.0,16.0,14.0,13.0,13.0,7.0,5.0,3.0,4.0,10.0,12.0,17.0,10.0,9.0,14.0,12.0,9.0,7.0,16.0,14.0,12.0,12.0,13.0,15.0,14.0,9.0,5.0,12.0,8.0,6.0,8.0,12.0,6.0,7.0,14.0,10.0,4.0,2.0,2.0,2.0,6.0,5.0,4.0,1.0,6.0,8.0,2.0,10.0,11.0,5.0,4.0,5.0,4.0,1.0,0.0,4.0,7.0,6.0,5.0,4.0,5.0,6.0,3.0,3.0,3.0,2.0,1.0,1.0,2.0,1.0,1.0,4.0,6.0,7.0,2.0,2.0,1.0,4.0,5.0,5.0,4.0,7.0,1.0,3.0,4.0,3.0,1.0,1.0,4.0,2.0,0.0,3.0,5.0,6.0,5.0,3.0,2.0,0.0,1.0,1.0,1.0,2.0,5.0,5.0,3.0,3.0,3.0,3.0,1.0,2.0,4.0,4.0,0.0,1.0,1.0,0.0,2.0,2.0,3.0,0.0,3.0,5.0
Morrisania,Bronx,neighborhood,0.0,0.0,0.0,0.0,0.0,0.0,0.0,0.0,0.0,0.0,0.0,0.0,0.0,0.0,0.0,0.0,0.0,0.0,0.0,0.0,0.0,0.0,0.0,0.0,0.0,0.0,0.0,0.0,0.0,0.0,0.0,0.0,0.0,1.0,1.0,1.0,0.0,1.0,1.0,0.0,1.0,1.0,0.0,0.0,0.0,1.0,0.0,1.0,1.0,0.0,0.0,0.0,0.0,0.0,0.0,0.0,3.0,1.0,0.0,0.0,1.0,1.0,0.0,2.0,4.0,1.0,0.0,0.0,1.0,0.0,1.0,1.0,3.0,1.0,1.0,0.0,1.0,2.0,1.0,1.0,4.0,6.0,4.0,2.0,1.0,1.0,1.0,3.0,0.0,0.0,0.0,0.0,0.0,0.0,2.0,5.0,6.0,2.0,1.0,1.0,1.0,0.0,2.0,3.0,5.0,0.0,4.0,4.0,7.0,2.0,5.0,6.0,11.0,6.0,3.0,6.0,2.0,5.0,2.0,3.0,7.0,3.0,4.0,0.0,5.0,1.0,1.0,1.0,1.0,3.0,3.0,1.0,2.0,3.0,4.0,5.0,2.0,2.0,1.0,1.0,1.0,1.0,1.0,1.0,0.0,0.0,1.0,1.0,2.0,3.0,1.0,0.0,3.0,0.0,5.0,5.0,5.0,4.0,8.0,1.0,0.0,0.0,3.0,1.0,4.0,2.0,0.0,0.0,1.0,2.0,0.0,0.0,0.0,0.0,1.0,4.0,0.0,1.0,6.0,5.0,6.0,5.0,1.0,0.0,1.0,0.0,0.0,1.0,3.0,4.0,1.0,0.0,1.0,4.0,1.0,1.0,1.0,3.0,2.0,0.0
Mott Haven,Bronx,neighborhood,3.0,3.0,3.0,3.0,5.0,2.0,4.0,5.0,3.0,2.0,3.0,3.0,3.0,2.0,2.0,6.0,8.0,10.0,4.0,3.0,4.0,4.0,1.0,0.0,0.0,0.0,0.0,0.0,2.0,3.0,6.0,5.0,4.0,2.0,3.0,1.0,1.0,1.0,2.0,6.0,6.0,10.0,10.0,12.0,6.0,4.0,5.0,7.0,7.0,8.0,6.0,4.0,5.0,5.0,7.0,7.0,12.0,8.0,7.0,11.0,11.0,15.0,23.0,31.0,25.0,10.0,15.0,9.0,10.0,18.0,18.0,22.0,19.0,11.0,14.0,13.0,13.0,22.0,34.0,42.0,34.0,27.0,20.0,18.0,24.0,28.0,15.0,13.0,14.0,21.0,24.0,17.0,15.0,20.0,24.0,16.0,18.0,24.0,21.0,19.0,22.0,31.0,31.0,46.0,39.0,46.0,35.0,28.0,21.0,15.0,18.0,35.0,45.0,40.0,40.0,63.0,58.0,40.0,24.0,21.0,15.0,15.0,11.0,16.0,21.0,30.0,35.0,42.0,69.0,68.0,55.0,55.0,51.0,51.0,51.0,53.0,49.0,35.0,52.0,89.0,73.0,65.0,65.0,60.0,64.0,88.0,118.0,47.0,63.0,75.0,92.0,81.0,80.0,76.0,61.0,70.0,50.0,52.0,70.0,67.0,103.0,102.0,105.0,150.0,132.0,135.0,139.0,131.0,148.0,138.0,156.0,154.0,177.0,195.0,211.0,204.0,191.0,220.0,189.0,156.0,177.0,121.0,154.0,187.0,174.0,181.0,187.0,239.0,301.0,354.0,237.0,195.0,188.0,240.0,182.0,170.0,192.0,212.0,246.0,259.0
NYC,,city,4111.0,4203.0,4220.0,4111.0,3811.0,3979.0,3907.0,3683.0,3104.0,3255.0,3261.0,3229.0,3425.0,3355.0,3584.0,3576.0,3756.0,3951.0,4113.0,4226.0,3874.0,3789.0,3573.0,3410.0,3678.0,3781.0,4027.0,4121.0,4636.0,4922.0,5338.0,5238.0,4638.0,4687.0,4629.0,4484.0,4697.0,4535.0,4804.0,5359.0,5612.0,5830.0,6587.0,6803.0,6279.0,6936.0,6466.0,6373.0,6705.0,6622.0,7053.0,7837.0,8754.0,8872.0,9324.0,9662.0,9184.0,9219.0,8840.0,8671.0,8866.0,8612.0,9393.0,9886.0,10667.0,11930.0,12519.0,12358.0,11006.0,10927.0,10003.0,9187.0,9462.0,9357.0,10084.0,10620.0,11672.0,12670.0,13153.0,13717.0,12693.0,12230.0,11984.0,10905.0,12283.0,12238.0,13735.0,13891.0,15658.0,16959.0,16755.0,12632.0,12148.0,12705.0,11716.0,10244.0,10948.0,10655.0,11408.0,12114.0,13673.0,14142.0,15100.0,14906.0,12506.0,13718.0,12652.0,11360.0,11994.0,11077.0,11768.0,12038.0,13110.0,13123.0,13388.0,12537.0,10642.0,9784.0,8637.0,7514.0,8255.0,7670.0,6982.0,6060.0,10771.0,15691.0,20209.0,22398.0,22570.0,21896.0,19294.0,17802.0,17486.0,15406.0,15891.0,15058.0,14050.0,13699.0,12599.0,11251.0,8900.0,8877.0,8129.0,7111.0,7192.0,6908.0,7771.0,7320.0,7997.0,8459.0,9175.0,9869.0,9000.0,8685.0,8618.0,7778.0,8596.0,8279.0,9004.0,8632.0,9970.0,10752.0,11405.0,11841.0,10211.0,10382.0,9783.0,8574.0,9031.0,8307.0,8449.0,8683.0,10463.0,11316.0,12764.0,12495.0,11245.0,10413.0,9221.0,8296.0,8545.0,7745.0,8645.0,9198.0,10628.0,11201.0,12063.0,11622.0,10889.0,10110.0,8544.0,7791.0,8066.0,7748.0,8944.0,9077.0,9718.0,10762.0,11380.0,10501.0
New Hyde Park,Queens,neighborhood,0.0,0.0,0.0,0.0,0.0,0.0,0.0,0.0,0.0,0.0,0.0,0.0,0.0,0.0,0.0,0.0,0.0,0.0,0.0,0.0,0.0,0.0,0.0,0.0,0.0,0.0,0.0,0.0,1.0,1.0,0.0,0.0,0.0,0.0,0.0,0.0,0.0,0.0,0.0,0.0,0.0,0.0,0.0,0.0,0.0,0.0,0.0,0.0,0.0,0.0,0.0,0.0,0.0,0.0,0.0,0.0,0.0,0.0,0.0,0.0,0.0,0.0,0.0,0.0,0.0,0.0,0.0,0.0,0.0,0.0,0.0,0.0,0.0,0.0,0.0,0.0,0.0,0.0,0.0,0.0,0.0,0.0,0.0,0.0,0.0,0.0,0.0,0.0,0.0,0.0,0.0,0.0,0.0,0.0,0.0,1.0,1.0,0.0,0.0,0.0,0.0,0.0,0.0,0.0,0.0,0.0,0.0,0.0,0.0,0.0,0.0,0.0,0.0,0.0,0.0,1.0,1.0,0.0,0.0,0.0,0.0,0.0,0.0,0.0,0.0,0.0,0.0,0.0,0.0,0.0,0.0,0.0,1.0,0.0,0.0,0.0,0.0,0.0,0.0,0.0,0.0,0.0,0.0,0.0,0.0,0.0,0.0,0.0,0.0,0.0,0.0,0.0,0.0,1.0,1.0,0.0,0.0,0.0,0.0,0.0,0.0,0.0,0.0,0.0,0.0,0.0,0.0,1.0,0.0,0.0,0.0,0.0,0.0,0.0,0.0,0.0,0.0,0.0,0.0,0.0,0.0,0.0,1.0,1.0,0.0,0.0,0.0,0.0,0.0,0.0,0.0,0.0,0.0,0.0,0.0,0.0,0.0,0.0,0.0,0.0
Nolita,Manhattan,neighborhood,44.0,54.0,62.0,56.0,62.0,71.0,69.0,52.0,35.0,25.0,11.0,9.0,13.0,16.0,23.0,24.0,35.0,46.0,42.0,35.0,23.0,23.0,28.0,39.0,30.0,28.0,33.0,31.0,55.0,63.0,58.0,44.0,39.0,38.0,42.0,37.0,37.0,41.0,44.0,58.0,50.0,55.0,80.0,65.0,64.0,104.0,50.0,43.0,43.0,36.0,32.0,43.0,49.0,63.0,75.0,83.0,73.0,52.0,22.0,28.0,30.0,26.0,29.0,34.0,50.0,53.0,69.0,59.0,41.0,53.0,42.0,42.0,35.0,33.0,47.0,55.0,50.0,77.0,80.0,87.0,72.0,54.0,48.0,51.0,48.0,39.0,58.0,61.0,62.0,86.0,80.0,63.0,51.0,38.0,53.0,48.0,56.0,56.0,48.0,48.0,59.0,83.0,90.0,67.0,51.0,45.0,36.0,36.0,42.0,53.0,51.0,46.0,56.0,74.0,72.0,42.0,37.0,52.0,47.0,41.0,44.0,43.0,33.0,31.0,59.0,106.0,138.0,142.0,142.0,131.0,100.0,89.0,91.0,71.0,84.0,67.0,46.0,39.0,42.0,34.0,23.0,21.0,20.0,13.0,20.0,15.0,23.0,35.0,31.0,51.0,73.0,71.0,50.0,45.0,39.0,36.0,45.0,34.0,46.0,44.0,50.0,60.0,59.0,59.0,46.0,48.0,43.0,35.0,34.0,39.0,36.0,47.0,59.0,63.0,83.0,65.0,52.0,48.0,45.0,40.0,39.0,28.0,29.0,55.0,61.0,45.0,50.0,47.0,46.0,41.0,35.0,41.0,42.0,34.0,38.0,42.0,54.0,57.0,57.0,60.0
North Corona,Queens,neighborhood,1.0,1.0,1.0,1.0,0.0,0.0,0.0,0.0,0.0,0.0,0.0,0.0,0.0,0.0,0.0,0.0,0.0,0.0,0.0,0.0,0.0,0.0,0.0,0.0,0.0,0.0,0.0,1.0,3.0,3.0,2.0,0.0,0.0,0.0,0.0,0.0,0.0,0.0,0.0,1.0,1.0,0.0,1.0,0.0,0.0,0.0,1.0,0.0,0.0,0.0,0.0,0.0,0.0,2.0,0.0,1.0,0.0,1.0,1.0,0.0,2.0,3.0,4.0,2.0,2.0,2.0,3.0,1.0,0.0,1.0,3.0,2.0,2.0,4.0,2.0,1.0,3.0,3.0,3.0,0.0,0.0,0.0,1.0,2.0,2.0,2.0,4.0,6.0,4.0,4.0,2.0,0.0,3.0,2.0,1.0,1.0,2.0,2.0,2.0,1.0,1.0,5.0,6.0,6.0,4.0,1.0,2.0,2.0,1.0,0.0,1.0,2.0,4.0,2.0,4.0,2.0,0.0,3.0,2.0,4.0,2.0,1.0,2.0,0.0,0.0,1.0,3.0,3.0,2.0,4.0,6.0,5.0,6.0,3.0,4.0,3.0,3.0,4.0,6.0,1.0,1.0,4.0,1.0,1.0,1.0,0.0,0.0,3.0,5.0,2.0,1.0,3.0,4.0,7.0,3.0,5.0,1.0,3.0,3.0,2.0,3.0,5.0,2.0,7.0,2.0,1.0,3.0,4.0,8.0,1.0,10.0,8.0,7.0,4.0,5.0,9.0,6.0,5.0,6.0,2.0,5.0,3.0,4.0,1.0,3.0,6.0,11.0,11.0,5.0,2.0,5.0,9.0,4.0,3.0,3.0,1.0,1.0,2.0,4.0,4.0
Norwood,Bronx,neighborhood,0.0,0.0,0.0,0.0,0.0,0.0,1.0,0.0,1.0,1.0,0.0,0.0,0.0,0.0,1.0,0.0,1.0,0.0,0.0,0.0,0.0,0.0,1.0,1.0,1.0,0.0,0.0,1.0,0.0,0.0,0.0,0.0,2.0,2.0,1.0,3.0,3.0,4.0,3.0,6.0,4.0,4.0,3.0,2.0,1.0,3.0,3.0,2.0,2.0,2.0,2.0,1.0,1.0,1.0,3.0,3.0,0.0,0.0,2.0,3.0,3.0,5.0,3.0,2.0,9.0,8.0,15.0,12.0,9.0,15.0,12.0,9.0,2.0,4.0,9.0,6.0,5.0,15.0,20.0,19.0,16.0,19.0,19.0,12.0,13.0,17.0,9.0,10.0,7.0,9.0,9.0,3.0,4.0,5.0,9.0,8.0,11.0,7.0,2.0,1.0,5.0,13.0,14.0,6.0,2.0,7.0,14.0,11.0,17.0,7.0,6.0,7.0,9.0,11.0,16.0,18.0,10.0,9.0,15.0,12.0,4.0,5.0,3.0,2.0,5.0,6.0,11.0,11.0,5.0,7.0,5.0,10.0,14.0,9.0,4.0,4.0,4.0,6.0,6.0,5.0,11.0,3.0,3.0,3.0,6.0,7.0,10.0,6.0,3.0,4.0,3.0,7.0,7.0,13.0,14.0,11.0,6.0,4.0,5.0,2.0,0.0,3.0,4.0,4.0,3.0,4.0,6.0,8.0,5.0,3.0,0.0,1.0,4.0,2.0,6.0,7.0,2.0,2.0,5.0,5.0,7.0,9.0,0.0,2.0,5.0,7.0,4.0,3.0,2.0,3.0,2.0,2.0,5.0,4.0,5.0,9.0,6.0,1.0,2.0,2.0
Oakland Gardens,Queens,neighborhood,0.0,0.0,0.0,0.0,0.0,0.0,0.0,0.0,0.0,0.0,0.0,2.0,2.0,1.0,1.0,1.0,1.0,1.0,2.0,2.0,1.0,1.0,1.0,0.0,1.0,0.0,0.0,0.0,0.0,0.0,1.0,3.0,3.0,3.0,3.0,2.0,1.0,1.0,2.0,1.0,1.0,0.0,1.0,2.0,3.0,1.0,0.0,1.0,0.0,0.0,0.0,2.0,3.0,2.0,4.0,5.0,2.0,2.0,2.0,3.0,9.0,6.0,2.0,6.0,8.0,7.0,4.0,4.0,4.0,6.0,5.0,2.0,3.0,4.0,7.0,4.0,5.0,5.0,7.0,5.0,6.0,6.0,6.0,3.0,3.0,4.0,2.0,4.0,7.0,7.0,7.0,6.0,1.0,2.0,2.0,3.0,4.0,3.0,0.0,0.0,1.0,3.0,2.0,1.0,5.0,3.0,5.0,4.0,5.0,4.0,4.0,2.0,1.0,5.0,6.0,2.0,6.0,1.0,4.0,2.0,4.0,1.0,2.0,4.0,3.0,4.0,3.0,3.0,8.0,7.0,3.0,2.0,4.0,1.0,12.0,10.0,8.0,13.0,8.0,8.0,9.0,13.0,14.0,13.0,28.0,24.0,32.0,30.0,23.0,24.0,32.0,24.0,20.0,12.0,19.0,30.0,10.0,18.0,33.0,27.0,20.0,20.0,30.0,42.0,26.0,22.0,29.0,32.0,40.0,23.0,21.0,22.0,20.0,28.0,28.0,40.0,28.0,23.0,25.0,25.0,25.0,27.0,42.0,32.0,30.0,33.0,25.0,12.0,11.0,8.0,15.0,16.0,15.0,22.0,31.0,29.0,22.0,29.0,45.0,42.0
Old Mill Basin,Brooklyn,neighborhood,0.0,0.0,0.0,0.0,0.0,0.0,0.0,0.0,0.0,0.0,0.0,0.0,0.0,0.0,0.0,0.0,0.0,0.0,0.0,0.0,0.0,0.0,0.0,0.0,0.0,0.0,0.0,0.0,0.0,0.0,0.0,0.0,0.0,0.0,0.0,0.0,0.0,0.0,0.0,0.0,0.0,1.0,1.0,0.0,1.0,0.0,5.0,1.0,0.0,0.0,0.0,0.0,0.0,0.0,0.0,0.0,0.0,0.0,0.0,0.0,0.0,0.0,0.0,0.0,0.0,0.0,0.0,0.0,0.0,0.0,1.0,2.0,2.0,1.0,3.0,1.0,0.0,1.0,2.0,2.0,2.0,2.0,1.0,1.0,1.0,2.0,0.0,0.0,0.0,0.0,0.0,0.0,0.0,0.0,0.0,1.0,2.0,5.0,5.0,3.0,3.0,1.0,1.0,0.0,0.0,1.0,0.0,0.0,0.0,1.0,1.0,2.0,0.0,0.0,1.0,2.0,0.0,1.0,2.0,2.0,1.0,1.0,0.0,0.0,0.0,0.0,0.0,0.0,0.0,0.0,1.0,1.0,0.0,0.0,0.0,0.0,0.0,0.0,0.0,1.0,3.0,2.0,1.0,0.0,0.0,0.0,1.0,0.0,1.0,1.0,3.0,5.0,0.0,0.0,0.0,1.0,2.0,2.0,1.0,1.0,3.0,0.0,0.0,1.0,0.0,0.0,0.0,2.0,1.0,2.0,1.0,0.0,0.0,1.0,0.0,0.0,0.0,0.0,0.0,0.0,0.0,0.0,0.0,1.0,3.0,2.0,0.0,1.0,0.0,0.0,0.0,1.0,0.0,0.0,0.0,0.0,0.0,1.0,3.0,3.0
Ozone Park,Queens,neighborhood,0.0,0.0,0.0,0.0,0.0,0.0,0.0,0.0,0.0,0.0,0.0,0.0,0.0,0.0,0.0,0.0,0.0,1.0,1.0,1.0,0.0,0.0,0.0,0.0,0.0,0.0,0.0,0.0,0.0,0.0,0.0,0.0,0.0,0.0,0.0,0.0,0.0,0.0,0.0,0.0,0.0,0.0,0.0,0.0,0.0,0.0,0.0,0.0,0.0,0.0,0.0,0.0,0.0,0.0,0.0,0.0,1.0,2.0,3.0,3.0,3.0,1.0,1.0,0.0,0.0,0.0,0.0,0.0,0.0,0.0,0.0,1.0,0.0,0.0,0.0,0.0,0.0,0.0,0.0,0.0,0.0,0.0,1.0,1.0,1.0,0.0,0.0,0.0,0.0,4.0,5.0,1.0,1.0,1.0,3.0,3.0,3.0,2.0,2.0,1.0,0.0,0.0,0.0,0.0,0.0,0.0,1.0,1.0,1.0,0.0,3.0,3.0,1.0,0.0,0.0,0.0,0.0,0.0,9.0,3.0,4.0,2.0,2.0,2.0,4.0,2.0,1.0,3.0,1.0,0.0,0.0,1.0,4.0,2.0,0.0,0.0,0.0,0.0,0.0,0.0,1.0,0.0,1.0,1.0,0.0,0.0,3.0,3.0,1.0,2.0,3.0,2.0,2.0,1.0,1.0,0.0,0.0,1.0,2.0,1.0,3.0,2.0,0.0,1.0,0.0,0.0,1.0,1.0,3.0,2.0,0.0,1.0,1.0,3.0,1.0,1.0,2.0,2.0,2.0,2.0,2.0,2.0,1.0,0.0,0.0,1.0,5.0,2.0,2.0,3.0,2.0,1.0,0.0,2.0,2.0,1.0,0.0,1.0,0.0,0.0
Park Slope,Brooklyn,neighborhood,73.0,58.0,67.0,63.0,72.0,75.0,69.0,63.0,51.0,58.0,56.0,54.0,64.0,63.0,69.0,69.0,60.0,74.0,85.0,80.0,56.0,45.0,46.0,48.0,62.0,66.0,62.0,61.0,93.0,107.0,108.0,73.0,74.0,94.0,102.0,95.0,93.0,89.0,96.0,104.0,126.0,136.0,153.0,169.0,130.0,156.0,159.0,164.0,166.0,165.0,184.0,213.0,251.0,251.0,247.0,271.0,298.0,299.0,283.0,269.0,297.0,259.0,309.0,295.0,298.0,324.0,347.0,316.0,275.0,269.0,233.0,212.0,218.0,224.0,265.0,278.0,294.0,269.0,286.0,303.0,272.0,293.0,287.0,253.0,298.0,329.0,365.0,375.0,417.0,463.0,413.0,326.0,305.0,314.0,309.0,245.0,270.0,281.0,280.0,288.0,312.0,291.0,327.0,278.0,229.0,224.0,247.0,221.0,212.0,237.0,259.0,235.0,229.0,239.0,287.0,232.0,176.0,162.0,141.0,129.0,124.0,124.0,98.0,90.0,206.0,336.0,483.0,471.0,489.0,502.0,400.0,349.0,312.0,265.0,287.0,263.0,204.0,189.0,205.0,161.0,111.0,120.0,111.0,96.0,91.0,89.0,98.0,92.0,98.0,120.0,153.0,162.0,140.0,139.0,121.0,110.0,99.0,97.0,105.0,109.0,150.0,188.0,157.0,166.0,138.0,160.0,145.0,116.0,117.0,119.0,111.0,95.0,143.0,171.0,195.0,194.0,169.0,141.0,124.0,107.0,104.0,85.0,96.0,116.0,140.0,142.0,166.0,171.0,163.0,131.0,107.0,105.0,87.0,76.0,103.0,101.0,117.0,133.0,137.0,134.0
Parkchester,Bronx,neighborhood,0.0,0.0,0.0,0.0,0.0,1.0,1.0,0.0,0.0,1.0,1.0,1.0,1.0,4.0,3.0,3.0,8.0,9.0,3.0,3.0,1.0,2.0,1.0,1.0,1.0,1.0,1.0,2.0,1.0,1.0,1.0,1.0,1.0,1.0,1.0,1.0,1.0,1.0,1.0,2.0,1.0,2.0,2.0,2.0,4.0,4.0,5.0,3.0,1.0,0.0,0.0,0.0,0.0,0.0,8.0,11.0,7.0,12.0,14.0,11.0,19.0,25.0,18.0,7.0,3.0,6.0,4.0,9.0,11.0,8.0,6.0,15.0,11.0,4.0,5.0,5.0,3.0,6.0,6.0,8.0,12.0,18.0,17.0,15.0,12.0,8.0,4.0,12.0,15.0,17.0,9.0,11.0,9.0,9.0,4.0,2.0,2.0,2.0,0.0,1.0,3.0,1.0,6.0,6.0,5.0,8.0,4.0,0.0,0.0,2.0,4.0,6.0,5.0,3.0,11.0,6.0,3.0,3.0,2.0,0.0,1.0,2.0,3.0,2.0,4.0,4.0,3.0,2.0,2.0,2.0,2.0,2.0,4.0,1.0,0.0,1.0,2.0,4.0,4.0,13.0,8.0,10.0,8.0,7.0,7.0,6.0,5.0,7.0,4.0,4.0,3.0,8.0,4.0,7.0,4.0,4.0,1.0,2.0,6.0,4.0,3.0,4.0,1.0,2.0,1.0,3.0,3.0,3.0,1.0,1.0,0.0,0.0,1.0,1.0,0.0,3.0,3.0,4.0,8.0,7.0,6.0,12.0,5.0,0.0,5.0,7.0,4.0,3.0,1.0,3.0,2.0,3.0,2.0,1.0,0.0,0.0,1.0,1.0,3.0,3.0
Pelham Bay,Bronx,neighborhood,0.0,0.0,0.0,0.0,0.0,1.0,1.0,1.0,1.0,1.0,0.0,0.0,0.0,0.0,0.0,0.0,0.0,0.0,0.0,1.0,1.0,0.0,0.0,1.0,2.0,1.0,0.0,0.0,0.0,0.0,0.0,0.0,0.0,0.0,0.0,0.0,0.0,2.0,2.0,1.0,1.0,0.0,0.0,0.0,0.0,0.0,1.0,0.0,0.0,0.0,0.0,0.0,0.0,0.0,1.0,1.0,1.0,0.0,0.0,0.0,0.0,1.0,1.0,1.0,1.0,1.0,0.0,2.0,1.0,0.0,1.0,1.0,1.0,1.0,1.0,1.0,2.0,2.0,3.0,2.0,2.0,3.0,3.0,3.0,2.0,1.0,0.0,2.0,3.0,7.0,5.0,7.0,9.0,4.0,3.0,2.0,0.0,0.0,2.0,6.0,6.0,1.0,3.0,7.0,5.0,6.0,12.0,12.0,3.0,0.0,0.0,0.0,1.0,2.0,1.0,2.0,1.0,1.0,2.0,1.0,3.0,1.0,0.0,0.0,0.0,0.0,2.0,2.0,2.0,1.0,0.0,1.0,1.0,1.0,1.0,2.0,3.0,4.0,2.0,3.0,3.0,3.0,2.0,2.0,3.0,4.0,3.0,3.0,5.0,3.0,3.0,5.0,3.0,7.0,3.0,3.0,4.0,2.0,2.0,0.0,3.0,2.0,0.0,2.0,1.0,4.0,1.0,0.0,0.0,1.0,2.0,1.0,1.0,5.0,3.0,1.0,0.0,1.0,0.0,2.0,8.0,9.0,10.0,11.0,10.0,7.0,7.0,8.0,8.0,5.0,5.0,4.0,9.0,4.0,5.0,4.0,3.0,5.0,3.0,0.0
Pelham Gardens,Bronx,neighborhood,0.0,0.0,0.0,0.0,0.0,0.0,0.0,1.0,0.0,0.0,0.0,0.0,0.0,0.0,0.0,0.0,0.0,0.0,0.0,0.0,0.0,0.0,0.0,0.0,0.0,0.0,0.0,0.0,0.0,0.0,0.0,1.0,1.0,1.0,0.0,0.0,0.0,0.0,0.0,0.0,0.0,0.0,0.0,0.0,0.0,0.0,0.0,0.0,0.0,0.0,1.0,1.0,1.0,1.0,1.0,0.0,0.0,0.0,0.0,0.0,0.0,0.0,0.0,0.0,0.0,0.0,0.0,0.0,1.0,1.0,1.0,1.0,1.0,2.0,2.0,1.0,0.0,0.0,0.0,0.0,0.0,1.0,2.0,2.0,1.0,1.0,2.0,2.0,2.0,4.0,6.0,8.0,2.0,1.0,4.0,1.0,0.0,0.0,0.0,0.0,0.0,0.0,1.0,5.0,2.0,3.0,3.0,3.0,3.0,1.0,0.0,0.0,0.0,0.0,1.0,1.0,2.0,1.0,0.0,0.0,1.0,1.0,1.0,0.0,0.0,1.0,1.0,0.0,0.0,3.0,0.0,0.0,0.0,0.0,0.0,0.0,0.0,1.0,1.0,0.0,1.0,0.0,1.0,0.0,0.0,0.0,1.0,0.0,0.0,0.0,0.0,1.0,1.0,1.0,2.0,1.0,1.0,1.0,0.0,0.0,0.0,1.0,0.0,1.0,3.0,1.0,1.0,0.0,3.0,2.0,2.0,3.0,1.0,0.0,0.0,1.0,0.0,1.0,3.0,1.0,0.0,0.0,1.0,2.0,1.0,0.0,0.0,1.0,1.0,1.0,0.0,1.0,1.0,1.0,1.0,3.0,2.0,1.0,1.0,1.0
Pelham Parkway,Bronx,neighborhood,0.0,0.0,0.0,0.0,0.0,0.0,0.0,0.0,0.0,0.0,0.0,0.0,0.0,0.0,0.0,0.0,0.0,0.0,0.0,0.0,0.0,0.0,0.0,1.0,1.0,0.0,0.0,0.0,0.0,0.0,0.0,0.0,0.0,0.0,0.0,0.0,0.0,0.0,0.0,0.0,0.0,0.0,0.0,0.0,0.0,0.0,0.0,0.0,0.0,0.0,0.0,0.0,0.0,0.0,0.0,3.0,3.0,1.0,1.0,0.0,0.0,2.0,2.0,5.0,4.0,4.0,2.0,2.0,2.0,2.0,1.0,0.0,0.0,0.0,1.0,2.0,2.0,0.0,0.0,1.0,1.0,1.0,3.0,2.0,1.0,1.0,0.0,1.0,3.0,4.0,2.0,1.0,1.0,3.0,3.0,2.0,2.0,5.0,6.0,5.0,5.0,5.0,5.0,6.0,5.0,2.0,2.0,3.0,3.0,3.0,2.0,1.0,2.0,2.0,6.0,3.0,8.0,6.0,3.0,4.0,5.0,4.0,4.0,6.0,7.0,5.0,9.0,12.0,9.0,8.0,9.0,11.0,10.0,7.0,8.0,5.0,3.0,7.0,7.0,7.0,2.0,3.0,6.0,6.0,4.0,8.0,6.0,3.0,4.0,5.0,2.0,3.0,4.0,2.0,4.0,5.0,4.0,3.0,9.0,6.0,8.0,6.0,8.0,7.0,3.0,7.0,7.0,5.0,7.0,4.0,5.0,5.0,6.0,2.0,3.0,5.0,4.0,6.0,7.0,7.0,2.0,0.0,1.0,1.0,1.0,1.0,2.0,2.0,2.0,1.0,1.0,1.0,0.0,0.0,3.0,1.0,7.0,6.0,2.0,1.0
Pomonok,Queens,neighborhood,0.0,0.0,0.0,0.0,0.0,0.0,0.0,0.0,0.0,0.0,0.0,0.0,0.0,0.0,0.0,0.0,0.0,0.0,0.0,0.0,0.0,0.0,0.0,0.0,0.0,0.0,0.0,0.0,0.0,0.0,0.0,0.0,0.0,0.0,0.0,1.0,1.0,0.0,0.0,0.0,0.0,0.0,0.0,0.0,0.0,0.0,0.0,0.0,0.0,0.0,0.0,0.0,0.0,0.0,0.0,0.0,0.0,0.0,0.0,2.0,0.0,0.0,0.0,0.0,0.0,0.0,0.0,0.0,0.0,0.0,0.0,0.0,5.0,5.0,5.0,4.0,2.0,1.0,1.0,0.0,0.0,0.0,0.0,0.0,1.0,5.0,5.0,3.0,3.0,1.0,2.0,1.0,2.0,1.0,2.0,1.0,0.0,0.0,1.0,2.0,0.0,0.0,1.0,2.0,0.0,0.0,0.0,0.0,0.0,2.0,2.0,1.0,0.0,0.0,0.0,0.0,1.0,1.0,1.0,0.0,2.0,2.0,1.0,0.0,0.0,1.0,0.0,0.0,0.0,0.0,0.0,0.0,1.0,0.0,0.0,0.0,2.0,3.0,2.0,1.0,1.0,0.0,0.0,1.0,2.0,0.0,0.0,0.0,1.0,2.0,5.0,3.0,0.0,0.0,2.0,0.0,0.0,1.0,3.0,2.0,3.0,1.0,2.0,1.0,2.0,0.0,0.0,2.0,0.0,1.0,2.0,1.0,0.0,0.0,1.0,0.0,0.0,0.0,1.0,0.0,1.0,0.0,0.0,1.0,1.0,1.0,0.0,1.0,1.0,1.0,0.0,0.0,2.0,2.0,1.0,2.0,3.0,1.0,1.0,2.0
Port Morris,Bronx,neighborhood,0.0,0.0,0.0,0.0,0.0,0.0,0.0,0.0,0.0,0.0,0.0,0.0,0.0,0.0,0.0,0.0,0.0,0.0,0.0,0.0,0.0,0.0,0.0,0.0,0.0,0.0,0.0,0.0,0.0,0.0,0.0,0.0,0.0,0.0,0.0,0.0,0.0,0.0,0.0,0.0,0.0,0.0,0.0,0.0,0.0,0.0,0.0,0.0,0.0,0.0,0.0,0.0,0.0,0.0,0.0,0.0,0.0,0.0,0.0,0.0,0.0,0.0,0.0,0.0,0.0,0.0,0.0,0.0,0.0,0.0,0.0,0.0,0.0,0.0,0.0,0.0,0.0,0.0,0.0,0.0,0.0,0.0,0.0,0.0,0.0,0.0,0.0,0.0,0.0,1.0,1.0,1.0,0.0,0.0,0.0,0.0,0.0,0.0,0.0,0.0,0.0,0.0,0.0,0.0,0.0,0.0,0.0,0.0,1.0,1.0,1.0,1.0,1.0,0.0,0.0,0.0,0.0,0.0,0.0,0.0,0.0,0.0,0.0,0.0,0.0,0.0,0.0,0.0,0.0,0.0,0.0,0.0,0.0,0.0,0.0,0.0,0.0,0.0,0.0,0.0,0.0,0.0,0.0,0.0,0.0,0.0,0.0,0.0,0.0,0.0,0.0,0.0,0.0,0.0,0.0,0.0,3.0,2.0,2.0,1.0,0.0,1.0,0.0,0.0,0.0,0.0,0.0,0.0,0.0,0.0,0.0,0.0,0.0,2.0,1.0,3.0,0.0,0.0,0.0,0.0,0.0,0.0,0.0,0.0,0.0,0.0,0.0,0.0,1.0,1.0,1.0,1.0,1.0,0.0,0.0,0.0,0.0,0.0,1.0,1.0
Prospect Heights,Brooklyn,neighborhood,13.0,12.0,12.0,22.0,26.0,24.0,25.0,14.0,7.0,6.0,12.0,8.0,7.0,9.0,13.0,11.0,14.0,16.0,14.0,16.0,11.0,12.0,10.0,12.0,15.0,14.0,20.0,17.0,21.0,27.0,24.0,24.0,15.0,23.0,20.0,13.0,18.0,25.0,28.0,35.0,38.0,32.0,37.0,45.0,37.0,46.0,50.0,35.0,32.0,38.0,35.0,36.0,50.0,53.0,59.0,82.0,96.0,94.0,79.0,79.0,64.0,74.0,83.0,77.0,80.0,91.0,118.0,98.0,63.0,51.0,59.0,49.0,51.0,44.0,56.0,55.0,66.0,71.0,78.0,71.0,67.0,84.0,76.0,60.0,72.0,68.0,89.0,91.0,103.0,114.0,119.0,95.0,78.0,86.0,84.0,56.0,64.0,68.0,67.0,63.0,82.0,112.0,114.0,85.0,56.0,82.0,95.0,63.0,81.0,79.0,64.0,62.0,78.0,87.0,88.0,58.0,50.0,50.0,36.0,36.0,34.0,41.0,33.0,24.0,60.0,100.0,119.0,129.0,132.0,127.0,89.0,86.0,71.0,70.0,73.0,62.0,70.0,60.0,49.0,45.0,35.0,38.0,36.0,34.0,39.0,32.0,34.0,32.0,35.0,38.0,56.0,41.0,46.0,42.0,38.0,40.0,42.0,36.0,46.0,45.0,53.0,60.0,56.0,54.0,44.0,44.0,44.0,52.0,53.0,52.0,31.0,27.0,48.0,46.0,40.0,39.0,39.0,34.0,35.0,29.0,32.0,25.0,25.0,27.0,44.0,42.0,69.0,62.0,48.0,43.0,37.0,28.0,37.0,32.0,33.0,37.0,30.0,34.0,46.0,51.0
Prospect Lefferts Gardens,Brooklyn,neighborhood,8.0,6.0,3.0,4.0,4.0,4.0,2.0,4.0,4.0,2.0,3.0,3.0,3.0,3.0,4.0,6.0,5.0,5.0,3.0,5.0,7.0,3.0,6.0,8.0,11.0,9.0,12.0,13.0,8.0,7.0,10.0,13.0,5.0,4.0,7.0,5.0,4.0,1.0,6.0,11.0,10.0,9.0,12.0,16.0,16.0,20.0,15.0,15.0,18.0,21.0,26.0,28.0,27.0,36.0,38.0,49.0,50.0,51.0,60.0,56.0,64.0,74.0,80.0,73.0,63.0,61.0,65.0,70.0,51.0,56.0,46.0,43.0,50.0,65.0,59.0,65.0,63.0,57.0,82.0,113.0,131.0,118.0,130.0,115.0,105.0,88.0,111.0,107.0,109.0,109.0,112.0,77.0,82.0,80.0,81.0,73.0,95.0,105.0,108.0,124.0,145.0,157.0,95.0,122.0,101.0,158.0,138.0,126.0,135.0,157.0,147.0,101.0,118.0,110.0,118.0,75.0,71.0,68.0,61.0,52.0,77.0,56.0,50.0,52.0,68.0,96.0,144.0,168.0,189.0,171.0,130.0,113.0,123.0,115.0,85.0,74.0,108.0,117.0,124.0,113.0,105.0,111.0,86.0,78.0,87.0,60.0,56.0,44.0,48.0,43.0,76.0,78.0,59.0,53.0,77.0,70.0,62.0,54.0,55.0,45.0,52.0,65.0,67.0,78.0,61.0,58.0,61.0,50.0,84.0,75.0,94.0,64.0,90.0,88.0,108.0,118.0,100.0,71.0,51.0,65.0,62.0,35.0,49.0,50.0,59.0,59.0,84.0,79.0,71.0,64.0,49.0,52.0,51.0,59.0,74.0,76.0,72.0,70.0,67.0,69.0
Prospect Park South,Brooklyn,neighborhood,3.0,4.0,3.0,3.0,2.0,2.0,2.0,3.0,2.0,3.0,3.0,2.0,2.0,2.0,2.0,2.0,1.0,2.0,3.0,3.0,2.0,2.0,2.0,2.0,1.0,1.0,2.0,2.0,2.0,1.0,3.0,3.0,3.0,5.0,4.0,3.0,8.0,6.0,5.0,3.0,5.0,5.0,4.0,1.0,3.0,7.0,10.0,11.0,12.0,9.0,13.0,15.0,15.0,16.0,19.0,24.0,14.0,25.0,25.0,25.0,38.0,39.0,44.0,36.0,33.0,29.0,37.0,33.0,31.0,37.0,27.0,33.0,35.0,33.0,31.0,33.0,39.0,43.0,52.0,52.0,56.0,58.0,53.0,42.0,48.0,50.0,54.0,50.0,58.0,64.0,56.0,43.0,46.0,60.0,54.0,65.0,96.0,108.0,81.0,84.0,67.0,60.0,63.0,81.0,61.0,93.0,114.0,121.0,107.0,106.0,83.0,60.0,96.0,82.0,43.0,54.0,45.0,41.0,36.0,28.0,39.0,47.0,41.0,31.0,46.0,74.0,62.0,64.0,74.0,69.0,77.0,63.0,58.0,43.0,46.0,63.0,73.0,81.0,66.0,49.0,41.0,57.0,47.0,30.0,29.0,27.0,30.0,17.0,17.0,29.0,37.0,29.0,28.0,22.0,34.0,23.0,36.0,28.0,28.0,12.0,14.0,23.0,29.0,30.0,20.0,29.0,32.0,16.0,34.0,21.0,20.0,21.0,22.0,30.0,34.0,57.0,61.0,38.0,28.0,16.0,32.0,50.0,33.0,20.0,34.0,22.0,32.0,29.0,25.0,32.0,25.0,23.0,15.0,18.0,15.0,17.0,15.0,30.0,34.0,20.0
Queens,Queens,borough,169.0,178.0,183.0,173.0,147.0,146.0,143.0,130.0,157.0,183.0,156.0,146.0,138.0,137.0,113.0,130.0,166.0,166.0,179.0,184.0,155.0,158.0,153.0,140.0,151.0,273.0,274.0,278.0,302.0,292.0,301.0,261.0,228.0,248.0,247.0,236.0,249.0,238.0,287.0,288.0,311.0,319.0,366.0,382.0,412.0,449.0,497.0,494.0,564.0,571.0,598.0,830.0,872.0,870.0,762.0,755.0,765.0,857.0,838.0,856.0,769.0,835.0,960.0,969.0,1104.0,1213.0,1149.0,1154.0,1088.0,1280.0,1293.0,1139.0,1079.0,1022.0,1119.0,1184.0,1224.0,1304.0,1314.0,1339.0,1335.0,1434.0,1404.0,1275.0,1593.0,1752.0,2018.0,2002.0,2155.0,2385.0,2309.0,1450.0,1540.0,1642.0,1529.0,1399.0,1466.0,1513.0,1691.0,1651.0,1716.0,1752.0,1684.0,1645.0,1542.0,1791.0,1709.0,1545.0,1568.0,1405.0,1532.0,1618.0,1709.0,1573.0,1652.0,1522.0,1416.0,1473.0,1297.0,1133.0,1239.0,1122.0,931.0,681.0,1107.0,1554.0,2000.0,2188.0,2367.0,2424.0,2298.0,2064.0,2204.0,1996.0,2195.0,2077.0,1913.0,1905.0,1794.0,1638.0,1513.0,1568.0,1419.0,1325.0,1355.0,1328.0,1351.0,1151.0,1119.0,1051.0,1160.0,1339.0,1286.0,1298.0,1257.0,1121.0,1248.0,1219.0,1280.0,1100.0,1160.0,1193.0,1316.0,1353.0,1243.0,1297.0,1304.0,1163.0,1269.0,1138.0,1191.0,1158.0,1291.0,1336.0,1474.0,1426.0,1390.0,1414.0,1362.0,1292.0,1402.0,1335.0,1478.0,1406.0,1438.0,1395.0,1402.0,1414.0,1486.0,1499.0,1364.0,1256.0,1312.0,1203.0,1375.0,1308.0,1259.0,1401.0,1515.0,1432.0
Queens Village,Queens,neighborhood,0.0,0.0,0.0,0.0,0.0,0.0,0.0,0.0,0.0,0.0,0.0,0.0,0.0,0.0,0.0,0.0,0.0,0.0,0.0,0.0,0.0,0.0,0.0,0.0,0.0,0.0,0.0,0.0,0.0,0.0,0.0,0.0,0.0,0.0,0.0,0.0,0.0,0.0,0.0,0.0,0.0,0.0,0.0,0.0,0.0,0.0,0.0,0.0,0.0,0.0,1.0,1.0,1.0,0.0,0.0,0.0,2.0,5.0,5.0,5.0,4.0,4.0,3.0,1.0,0.0,1.0,2.0,2.0,4.0,4.0,2.0,6.0,5.0,2.0,2.0,2.0,3.0,1.0,1.0,2.0,3.0,6.0,5.0,2.0,5.0,2.0,2.0,1.0,1.0,2.0,3.0,1.0,0.0,0.0,3.0,0.0,4.0,4.0,3.0,2.0,3.0,3.0,1.0,0.0,3.0,1.0,2.0,3.0,2.0,4.0,2.0,2.0,5.0,0.0,0.0,0.0,1.0,2.0,3.0,3.0,3.0,2.0,1.0,2.0,1.0,5.0,1.0,2.0,3.0,3.0,1.0,1.0,2.0,1.0,2.0,0.0,0.0,2.0,0.0,1.0,4.0,3.0,4.0,4.0,2.0,7.0,5.0,1.0,1.0,1.0,0.0,0.0,0.0,3.0,4.0,2.0,4.0,4.0,4.0,0.0,5.0,2.0,1.0,1.0,3.0,1.0,3.0,9.0,3.0,4.0,3.0,2.0,2.0,1.0,1.0,1.0,0.0,0.0,0.0,1.0,4.0,2.0,2.0,4.0,3.0,3.0,2.0,3.0,5.0,2.0,1.0,0.0,2.0,2.0,0.0,0.0,2.0,4.0,1.0,1.0
Red Hook,Brooklyn,neighborhood,2.0,0.0,0.0,0.0,0.0,0.0,1.0,1.0,2.0,2.0,7.0,6.0,5.0,2.0,1.0,2.0,0.0,3.0,3.0,0.0,0.0,1.0,2.0,1.0,1.0,0.0,5.0,4.0,4.0,4.0,2.0,3.0,3.0,3.0,3.0,4.0,9.0,11.0,8.0,7.0,12.0,11.0,8.0,7.0,9.0,7.0,4.0,7.0,7.0,9.0,11.0,11.0,12.0,15.0,15.0,10.0,12.0,14.0,14.0,12.0,14.0,13.0,18.0,11.0,13.0,16.0,16.0,13.0,11.0,11.0,10.0,15.0,13.0,13.0,18.0,21.0,23.0,17.0,10.0,11.0,14.0,13.0,13.0,15.0,18.0,23.0,27.0,19.0,26.0,33.0,36.0,27.0,34.0,37.0,37.0,26.0,29.0,22.0,29.0,23.0,22.0,27.0,20.0,34.0,39.0,29.0,22.0,21.0,22.0,11.0,22.0,15.0,14.0,13.0,15.0,18.0,20.0,19.0,13.0,8.0,8.0,10.0,9.0,5.0,14.0,13.0,11.0,12.0,22.0,15.0,18.0,23.0,19.0,12.0,19.0,14.0,13.0,19.0,19.0,9.0,10.0,8.0,8.0,4.0,6.0,6.0,7.0,8.0,5.0,11.0,11.0,11.0,15.0,15.0,11.0,10.0,13.0,8.0,9.0,8.0,10.0,10.0,7.0,12.0,15.0,26.0,18.0,12.0,12.0,13.0,13.0,13.0,12.0,6.0,12.0,13.0,14.0,14.0,8.0,8.0,8.0,4.0,8.0,17.0,13.0,14.0,12.0,16.0,11.0,12.0,9.0,13.0,9.0,6.0,10.0,17.0,8.0,5.0,6.0,5.0
Rego Park,Queens,neighborhood,5.0,8.0,9.0,7.0,6.0,7.0,6.0,4.0,2.0,4.0,5.0,4.0,7.0,9.0,5.0,8.0,13.0,13.0,11.0,6.0,7.0,9.0,5.0,12.0,15.0,11.0,7.0,8.0,7.0,7.0,6.0,3.0,4.0,4.0,6.0,8.0,8.0,11.0,9.0,9.0,10.0,7.0,9.0,9.0,8.0,16.0,16.0,15.0,16.0,21.0,19.0,20.0,22.0,18.0,27.0,18.0,21.0,32.0,25.0,21.0,17.0,27.0,40.0,45.0,42.0,42.0,45.0,40.0,53.0,71.0,83.0,60.0,61.0,55.0,47.0,40.0,39.0,49.0,69.0,49.0,55.0,52.0,62.0,45.0,49.0,61.0,63.0,53.0,62.0,59.0,62.0,52.0,49.0,66.0,53.0,52.0,54.0,38.0,56.0,68.0,68.0,69.0,68.0,57.0,60.0,84.0,72.0,71.0,71.0,61.0,73.0,74.0,53.0,62.0,59.0,61.0,79.0,65.0,64.0,59.0,72.0,68.0,43.0,26.0,41.0,40.0,40.0,55.0,66.0,67.0,70.0,54.0,75.0,89.0,83.0,83.0,83.0,90.0,83.0,74.0,70.0,64.0,63.0,65.0,61.0,49.0,69.0,49.0,38.0,35.0,60.0,75.0,61.0,59.0,60.0,35.0,42.0,60.0,65.0,42.0,44.0,53.0,33.0,34.0,43.0,48.0,35.0,33.0,40.0,57.0,48.0,37.0,26.0,32.0,38.0,41.0,39.0,46.0,42.0,32.0,31.0,27.0,34.0,31.0,26.0,32.0,43.0,48.0,65.0,60.0,47.0,38.0,43.0,42.0,44.0,52.0,38.0,39.0,47.0,49.0
Richmond Hill,Queens,neighborhood,0.0,0.0,0.0,0.0,0.0,0.0,0.0,0.0,0.0,0.0,0.0,0.0,0.0,0.0,0.0,2.0,3.0,0.0,0.0,0.0,0.0,1.0,1.0,0.0,0.0,0.0,0.0,0.0,0.0,0.0,0.0,0.0,0.0,0.0,0.0,1.0,1.0,1.0,1.0,0.0,0.0,0.0,1.0,1.0,0.0,0.0,4.0,4.0,2.0,1.0,1.0,1.0,2.0,0.0,0.0,0.0,0.0,0.0,2.0,3.0,5.0,6.0,8.0,5.0,4.0,9.0,8.0,6.0,1.0,0.0,0.0,0.0,0.0,1.0,2.0,3.0,3.0,3.0,1.0,1.0,3.0,2.0,1.0,1.0,2.0,3.0,2.0,0.0,4.0,5.0,5.0,3.0,4.0,2.0,1.0,0.0,1.0,1.0,2.0,3.0,3.0,1.0,3.0,3.0,4.0,5.0,2.0,0.0,4.0,3.0,1.0,3.0,1.0,0.0,2.0,6.0,2.0,3.0,2.0,7.0,8.0,4.0,3.0,1.0,4.0,2.0,0.0,0.0,0.0,0.0,4.0,2.0,5.0,3.0,2.0,4.0,4.0,4.0,8.0,5.0,4.0,8.0,2.0,2.0,5.0,2.0,1.0,0.0,1.0,2.0,1.0,3.0,6.0,6.0,4.0,1.0,4.0,6.0,3.0,5.0,3.0,3.0,3.0,5.0,12.0,9.0,2.0,1.0,4.0,2.0,1.0,0.0,2.0,5.0,5.0,0.0,0.0,2.0,3.0,3.0,3.0,6.0,2.0,4.0,7.0,4.0,4.0,1.0,2.0,1.0,0.0,0.0,0.0,1.0,1.0,3.0,2.0,6.0,9.0,6.0
Ridgewood,Queens,neighborhood,3.0,3.0,2.0,2.0,1.0,0.0,1.0,1.0,1.0,4.0,3.0,4.0,4.0,5.0,5.0,4.0,4.0,3.0,2.0,5.0,5.0,6.0,5.0,4.0,1.0,34.0,35.0,40.0,7.0,15.0,17.0,13.0,7.0,21.0,19.0,17.0,15.0,11.0,11.0,11.0,11.0,8.0,9.0,12.0,10.0,10.0,13.0,16.0,12.0,19.0,15.0,18.0,25.0,33.0,35.0,32.0,29.0,46.0,38.0,37.0,37.0,33.0,42.0,44.0,39.0,47.0,45.0,63.0,76.0,97.0,98.0,95.0,97.0,85.0,95.0,82.0,92.0,111.0,105.0,136.0,123.0,163.0,151.0,134.0,159.0,149.0,192.0,183.0,182.0,160.0,165.0,109.0,115.0,129.0,166.0,126.0,150.0,164.0,167.0,168.0,163.0,154.0,140.0,156.0,135.0,156.0,161.0,137.0,144.0,145.0,133.0,134.0,132.0,120.0,113.0,85.0,75.0,64.0,71.0,75.0,81.0,77.0,83.0,54.0,110.0,142.0,169.0,184.0,179.0,204.0,201.0,172.0,164.0,155.0,172.0,198.0,197.0,171.0,177.0,137.0,91.0,119.0,94.0,102.0,113.0,93.0,107.0,74.0,77.0,66.0,87.0,94.0,84.0,81.0,70.0,63.0,86.0,76.0,84.0,84.0,105.0,96.0,86.0,96.0,89.0,102.0,115.0,85.0,84.0,77.0,60.0,60.0,82.0,74.0,129.0,138.0,126.0,105.0,122.0,108.0,136.0,110.0,84.0,79.0,65.0,97.0,87.0,91.0,112.0,104.0,114.0,90.0,87.0,70.0,72.0,70.0,82.0,126.0,111.0,86.0
Riverdale,Bronx,neighborhood,43.0,49.0,46.0,42.0,37.0,26.0,26.0,33.0,20.0,14.0,26.0,27.0,23.0,22.0,26.0,27.0,28.0,24.0,34.0,39.0,39.0,37.0,26.0,23.0,25.0,28.0,34.0,33.0,40.0,38.0,44.0,45.0,42.0,41.0,41.0,38.0,29.0,26.0,24.0,28.0,36.0,33.0,33.0,40.0,28.0,21.0,31.0,29.0,28.0,39.0,44.0,39.0,43.0,51.0,55.0,55.0,54.0,48.0,51.0,49.0,45.0,33.0,47.0,43.0,31.0,45.0,52.0,54.0,61.0,60.0,61.0,59.0,58.0,56.0,50.0,41.0,50.0,53.0,49.0,51.0,48.0,46.0,54.0,55.0,70.0,54.0,58.0,57.0,68.0,71.0,58.0,39.0,52.0,52.0,39.0,44.0,58.0,55.0,57.0,68.0,65.0,62.0,64.0,69.0,64.0,88.0,68.0,77.0,89.0,76.0,68.0,61.0,70.0,70.0,68.0,54.0,49.0,48.0,60.0,50.0,55.0,54.0,46.0,31.0,54.0,49.0,57.0,56.0,61.0,55.0,56.0,52.0,48.0,55.0,52.0,46.0,53.0,54.0,69.0,72.0,55.0,56.0,49.0,51.0,46.0,44.0,45.0,44.0,48.0,41.0,47.0,48.0,42.0,51.0,49.0,49.0,48.0,49.0,62.0,50.0,52.0,43.0,35.0,53.0,50.0,63.0,46.0,38.0,41.0,37.0,36.0,27.0,33.0,49.0,61.0,53.0,44.0,53.0,54.0,41.0,50.0,37.0,42.0,56.0,44.0,35.0,28.0,29.0,33.0,27.0,28.0,27.0,33.0,32.0,38.0,32.0,29.0,32.0,42.0,48.0
Rockaway All,Queens,neighborhood,2.0,2.0,0.0,0.0,0.0,0.0,0.0,0.0,0.0,7.0,7.0,0.0,0.0,2.0,3.0,3.0,2.0,0.0,0.0,1.0,1.0,0.0,0.0,0.0,0.0,0.0,0.0,0.0,0.0,0.0,0.0,2.0,1.0,0.0,0.0,0.0,0.0,0.0,0.0,0.0,2.0,3.0,6.0,16.0,17.0,16.0,15.0,15.0,14.0,11.0,9.0,12.0,10.0,10.0,7.0,3.0,5.0,8.0,7.0,7.0,6.0,4.0,6.0,4.0,12.0,15.0,13.0,14.0,19.0,9.0,5.0,5.0,5.0,3.0,3.0,4.0,8.0,21.0,34.0,32.0,20.0,21.0,24.0,21.0,20.0,15.0,11.0,8.0,10.0,17.0,21.0,12.0,15.0,17.0,9.0,9.0,10.0,14.0,14.0,16.0,13.0,11.0,15.0,18.0,14.0,23.0,19.0,15.0,22.0,19.0,20.0,11.0,18.0,13.0,15.0,18.0,21.0,21.0,13.0,5.0,13.0,8.0,9.0,8.0,10.0,19.0,23.0,15.0,16.0,12.0,8.0,7.0,11.0,12.0,15.0,13.0,12.0,13.0,11.0,15.0,13.0,10.0,15.0,19.0,20.0,17.0,15.0,14.0,9.0,14.0,19.0,19.0,17.0,15.0,13.0,13.0,11.0,7.0,8.0,7.0,13.0,14.0,13.0,15.0,15.0,24.0,27.0,17.0,12.0,16.0,13.0,18.0,19.0,14.0,12.0,6.0,10.0,11.0,10.0,5.0,10.0,9.0,17.0,6.0,8.0,12.0,19.0,17.0,21.0,19.0,14.0,14.0,11.0,15.0,13.0,16.0,16.0,21.0,14.0,15.0
Roosevelt Island,Manhattan,neighborhood,8.0,9.0,9.0,9.0,9.0,10.0,21.0,14.0,13.0,13.0,15.0,12.0,11.0,12.0,17.0,14.0,11.0,11.0,11.0,11.0,12.0,10.0,12.0,13.0,9.0,9.0,8.0,12.0,15.0,15.0,18.0,9.0,5.0,5.0,13.0,13.0,15.0,7.0,9.0,12.0,15.0,14.0,20.0,12.0,8.0,7.0,6.0,3.0,9.0,10.0,10.0,12.0,15.0,11.0,9.0,16.0,17.0,19.0,11.0,15.0,13.0,14.0,19.0,8.0,12.0,17.0,20.0,23.0,29.0,24.0,26.0,19.0,18.0,19.0,24.0,11.0,12.0,17.0,18.0,15.0,22.0,20.0,19.0,18.0,20.0,20.0,18.0,15.0,11.0,14.0,10.0,12.0,11.0,13.0,12.0,8.0,14.0,22.0,22.0,20.0,20.0,24.0,25.0,23.0,19.0,17.0,20.0,19.0,22.0,21.0,15.0,21.0,28.0,25.0,26.0,27.0,24.0,21.0,22.0,23.0,20.0,15.0,18.0,15.0,21.0,26.0,33.0,28.0,30.0,29.0,29.0,29.0,27.0,30.0,23.0,27.0,28.0,25.0,20.0,23.0,18.0,14.0,9.0,11.0,14.0,19.0,18.0,13.0,11.0,18.0,15.0,21.0,17.0,20.0,22.0,21.0,21.0,23.0,20.0,16.0,15.0,15.0,21.0,24.0,24.0,34.0,21.0,10.0,13.0,20.0,13.0,14.0,13.0,11.0,11.0,13.0,15.0,14.0,13.0,14.0,21.0,18.0,20.0,24.0,10.0,15.0,16.0,11.0,18.0,18.0,16.0,15.0,15.0,12.0,12.0,14.0,15.0,15.0,15.0,11.0
Rosedale,Queens,neighborhood,0.0,0.0,0.0,0.0,0.0,0.0,0.0,0.0,0.0,0.0,0.0,0.0,0.0,0.0,0.0,0.0,0.0,0.0,0.0,0.0,0.0,0.0,0.0,0.0,0.0,0.0,0.0,0.0,0.0,0.0,0.0,0.0,0.0,0.0,0.0,0.0,0.0,0.0,0.0,0.0,0.0,0.0,0.0,0.0,0.0,0.0,0.0,0.0,0.0,0.0,0.0,0.0,0.0,0.0,0.0,0.0,0.0,0.0,0.0,1.0,0.0,0.0,0.0,0.0,0.0,0.0,0.0,0.0,1.0,1.0,1.0,0.0,0.0,0.0,0.0,0.0,0.0,0.0,0.0,0.0,0.0,0.0,1.0,0.0,0.0,0.0,0.0,0.0,0.0,0.0,1.0,0.0,0.0,0.0,0.0,0.0,0.0,0.0,1.0,1.0,0.0,1.0,1.0,1.0,0.0,0.0,0.0,0.0,0.0,1.0,1.0,0.0,0.0,0.0,0.0,0.0,0.0,0.0,0.0,0.0,0.0,0.0,0.0,0.0,0.0,0.0,0.0,0.0,0.0,1.0,1.0,1.0,1.0,0.0,0.0,0.0,0.0,0.0,0.0,0.0,0.0,0.0,0.0,0.0,1.0,0.0,0.0,0.0,0.0,0.0,0.0,0.0,0.0,2.0,1.0,1.0,1.0,1.0,0.0,0.0,0.0,1.0,1.0,0.0,0.0,1.0,0.0,0.0,0.0,0.0,0.0,0.0,0.0,0.0,0.0,0.0,0.0,0.0,0.0,0.0,1.0,1.0,0.0,0.0,0.0,0.0,0.0,0.0,0.0,0.0,0.0,0.0,0.0,0.0,0.0,0.0,1.0,1.0,0.0,0.0
Schuylerville,Bronx,neighborhood,0.0,0.0,0.0,0.0,0.0,0.0,0.0,0.0,0.0,0.0,0.0,0.0,0.0,0.0,0.0,0.0,0.0,0.0,0.0,0.0,0.0,0.0,0.0,0.0,0.0,0.0,0.0,0.0,0.0,0.0,0.0,0.0,0.0,0.0,1.0,1.0,1.0,0.0,0.0,0.0,0.0,0.0,0.0,0.0,0.0,0.0,0.0,0.0,0.0,0.0,0.0,0.0,0.0,0.0,0.0,1.0,1.0,0.0,1.0,2.0,1.0,0.0,1.0,1.0,0.0,0.0,0.0,0.0,0.0,0.0,1.0,0.0,1.0,2.0,1.0,2.0,2.0,0.0,0.0,1.0,1.0,0.0,1.0,1.0,2.0,2.0,5.0,4.0,2.0,1.0,0.0,0.0,0.0,1.0,1.0,0.0,0.0,0.0,0.0,1.0,0.0,1.0,3.0,2.0,3.0,1.0,1.0,1.0,1.0,1.0,0.0,1.0,0.0,0.0,1.0,1.0,1.0,0.0,1.0,1.0,2.0,1.0,0.0,0.0,2.0,2.0,1.0,2.0,2.0,2.0,1.0,1.0,1.0,2.0,1.0,0.0,1.0,3.0,0.0,0.0,0.0,1.0,2.0,2.0,0.0,1.0,1.0,0.0,0.0,0.0,1.0,1.0,2.0,2.0,2.0,0.0,0.0,0.0,2.0,3.0,1.0,0.0,0.0,3.0,1.0,1.0,2.0,0.0,0.0,0.0,0.0,1.0,0.0,1.0,0.0,0.0,1.0,0.0,0.0,0.0,0.0,0.0,0.0,0.0,1.0,1.0,1.0,2.0,1.0,3.0,1.0,1.0,0.0,0.0,0.0,0.0,0.0,0.0,0.0,0.0
Seagate,Brooklyn,neighborhood,0.0,0.0,0.0,0.0,0.0,0.0,0.0,0.0,0.0,0.0,0.0,0.0,0.0,0.0,0.0,0.0,0.0,0.0,0.0,0.0,0.0,0.0,0.0,0.0,0.0,0.0,0.0,0.0,0.0,0.0,0.0,0.0,0.0,0.0,0.0,0.0,0.0,1.0,1.0,1.0,1.0,1.0,1.0,1.0,0.0,0.0,0.0,0.0,0.0,0.0,0.0,0.0,0.0,0.0,0.0,0.0,0.0,0.0,0.0,0.0,0.0,0.0,0.0,0.0,0.0,0.0,0.0,0.0,1.0,1.0,0.0,1.0,0.0,0.0,0.0,1.0,1.0,2.0,2.0,0.0,1.0,1.0,1.0,1.0,1.0,0.0,1.0,1.0,1.0,1.0,1.0,0.0,0.0,1.0,2.0,1.0,1.0,3.0,3.0,3.0,2.0,2.0,1.0,0.0,1.0,1.0,1.0,0.0,1.0,0.0,0.0,0.0,0.0,0.0,0.0,1.0,0.0,0.0,0.0,0.0,0.0,0.0,0.0,0.0,0.0,0.0,0.0,0.0,0.0,0.0,0.0,0.0,0.0,0.0,0.0,0.0,0.0,0.0,0.0,1.0,1.0,1.0,4.0,2.0,1.0,0.0,0.0,0.0,0.0,1.0,0.0,1.0,1.0,1.0,2.0,2.0,1.0,0.0,0.0,0.0,0.0,0.0,1.0,1.0,2.0,2.0,1.0,0.0,1.0,0.0,1.0,2.0,2.0,0.0,2.0,3.0,0.0,0.0,1.0,2.0,1.0,0.0,0.0,1.0,1.0,0.0,0.0,0.0,1.0,0.0,0.0,0.0,0.0,0.0,0.0,0.0,0.0,0.0,0.0,0.0
Sheepshead Bay,Brooklyn,neighborhood,5.0,4.0,6.0,6.0,4.0,3.0,2.0,2.0,2.0,3.0,6.0,26.0,31.0,21.0,19.0,15.0,18.0,17.0,12.0,10.0,12.0,11.0,4.0,8.0,6.0,12.0,8.0,20.0,26.0,9.0,16.0,18.0,5.0,12.0,8.0,5.0,10.0,9.0,14.0,20.0,13.0,13.0,40.0,26.0,28.0,17.0,18.0,27.0,26.0,36.0,31.0,29.0,28.0,34.0,34.0,41.0,47.0,32.0,26.0,19.0,23.0,23.0,37.0,37.0,37.0,35.0,41.0,34.0,38.0,49.0,38.0,36.0,39.0,33.0,43.0,41.0,37.0,33.0,25.0,26.0,43.0,40.0,51.0,48.0,63.0,75.0,89.0,81.0,85.0,68.0,55.0,38.0,48.0,47.0,53.0,38.0,47.0,47.0,45.0,52.0,68.0,59.0,63.0,56.0,65.0,63.0,58.0,38.0,48.0,45.0,60.0,60.0,101.0,72.0,50.0,54.0,50.0,41.0,50.0,40.0,37.0,30.0,22.0,24.0,24.0,34.0,40.0,53.0,45.0,54.0,57.0,66.0,54.0,61.0,63.0,44.0,55.0,60.0,63.0,49.0,50.0,55.0,45.0,40.0,39.0,39.0,51.0,34.0,31.0,39.0,38.0,34.0,34.0,26.0,26.0,28.0,32.0,31.0,38.0,25.0,20.0,26.0,26.0,47.0,51.0,39.0,32.0,47.0,46.0,47.0,33.0,27.0,32.0,37.0,50.0,45.0,33.0,32.0,36.0,34.0,39.0,36.0,27.0,35.0,29.0,20.0,26.0,27.0,31.0,19.0,18.0,22.0,26.0,32.0,27.0,30.0,35.0,40.0,33.0,35.0
Soho,Manhattan,neighborhood,80.0,77.0,75.0,86.0,78.0,95.0,86.0,72.0,70.0,63.0,68.0,70.0,69.0,61.0,83.0,87.0,83.0,88.0,104.0,109.0,67.0,51.0,47.0,46.0,64.0,71.0,68.0,62.0,94.0,110.0,126.0,117.0,87.0,90.0,81.0,69.0,71.0,74.0,70.0,80.0,94.0,95.0,139.0,148.0,116.0,110.0,95.0,79.0,80.0,63.0,68.0,88.0,105.0,116.0,113.0,122.0,100.0,90.0,81.0,67.0,63.0,75.0,76.0,93.0,100.0,120.0,131.0,114.0,86.0,93.0,72.0,73.0,84.0,75.0,88.0,110.0,129.0,131.0,125.0,110.0,99.0,96.0,93.0,83.0,88.0,80.0,93.0,107.0,132.0,130.0,136.0,127.0,128.0,123.0,100.0,88.0,80.0,81.0,85.0,106.0,135.0,122.0,108.0,120.0,97.0,85.0,65.0,54.0,60.0,63.0,74.0,76.0,101.0,120.0,112.0,100.0,100.0,80.0,70.0,57.0,48.0,47.0,42.0,45.0,94.0,144.0,203.0,247.0,234.0,210.0,179.0,153.0,143.0,121.0,122.0,115.0,100.0,85.0,70.0,66.0,57.0,39.0,38.0,39.0,40.0,43.0,39.0,57.0,58.0,72.0,63.0,54.0,60.0,59.0,50.0,46.0,69.0,52.0,52.0,68.0,110.0,115.0,118.0,110.0,93.0,82.0,80.0,63.0,72.0,73.0,63.0,74.0,92.0,104.0,118.0,100.0,76.0,80.0,63.0,68.0,58.0,43.0,52.0,64.0,84.0,90.0,93.0,64.0,56.0,53.0,52.0,53.0,50.0,45.0,58.0,65.0,67.0,83.0,70.0,64.0
Soundview,Bronx,neighborhood,0.0,0.0,0.0,0.0,0.0,0.0,0.0,0.0,0.0,0.0,0.0,0.0,0.0,0.0,0.0,1.0,1.0,1.0,1.0,0.0,0.0,0.0,0.0,0.0,0.0,0.0,0.0,0.0,0.0,1.0,1.0,2.0,3.0,0.0,0.0,0.0,1.0,0.0,0.0,0.0,0.0,1.0,2.0,1.0,0.0,0.0,0.0,0.0,0.0,0.0,1.0,1.0,1.0,1.0,0.0,0.0,0.0,0.0,4.0,8.0,3.0,6.0,6.0,5.0,5.0,3.0,0.0,1.0,2.0,3.0,4.0,11.0,11.0,9.0,8.0,4.0,3.0,5.0,4.0,6.0,6.0,6.0,5.0,7.0,5.0,4.0,4.0,7.0,5.0,9.0,4.0,3.0,1.0,2.0,3.0,4.0,4.0,6.0,7.0,5.0,7.0,6.0,6.0,5.0,6.0,7.0,8.0,10.0,13.0,5.0,9.0,9.0,8.0,5.0,6.0,6.0,7.0,2.0,9.0,4.0,2.0,0.0,3.0,3.0,5.0,4.0,5.0,7.0,4.0,2.0,3.0,3.0,4.0,4.0,4.0,2.0,3.0,2.0,4.0,3.0,4.0,7.0,5.0,3.0,5.0,3.0,2.0,3.0,13.0,11.0,11.0,5.0,6.0,4.0,1.0,1.0,2.0,6.0,7.0,5.0,6.0,4.0,4.0,6.0,7.0,3.0,3.0,4.0,4.0,3.0,3.0,4.0,2.0,1.0,1.0,1.0,1.0,1.0,5.0,3.0,1.0,3.0,5.0,8.0,3.0,0.0,0.0,1.0,1.0,4.0,3.0,2.0,2.0,0.0,1.0,1.0,2.0,0.0,3.0,2.0
South Jamaica,Queens,neighborhood,0.0,0.0,0.0,0.0,0.0,0.0,0.0,0.0,0.0,0.0,0.0,0.0,0.0,0.0,0.0,0.0,0.0,0.0,0.0,0.0,0.0,0.0,0.0,0.0,0.0,0.0,0.0,0.0,0.0,0.0,0.0,0.0,0.0,0.0,0.0,0.0,0.0,0.0,0.0,0.0,0.0,0.0,0.0,0.0,0.0,0.0,0.0,0.0,0.0,0.0,0.0,0.0,0.0,0.0,0.0,0.0,0.0,0.0,0.0,0.0,2.0,2.0,0.0,0.0,0.0,0.0,0.0,0.0,0.0,0.0,0.0,0.0,0.0,1.0,1.0,0.0,0.0,0.0,0.0,0.0,0.0,0.0,1.0,1.0,1.0,1.0,0.0,0.0,1.0,1.0,1.0,0.0,0.0,0.0,0.0,0.0,1.0,1.0,0.0,0.0,1.0,1.0,0.0,0.0,0.0,0.0,1.0,0.0,1.0,1.0,1.0,1.0,0.0,1.0,2.0,0.0,3.0,2.0,1.0,0.0,2.0,1.0,0.0,0.0,1.0,0.0,0.0,0.0,0.0,0.0,1.0,4.0,0.0,2.0,0.0,0.0,1.0,0.0,1.0,0.0,0.0,0.0,1.0,1.0,0.0,1.0,2.0,1.0,0.0,1.0,2.0,0.0,2.0,3.0,4.0,2.0,3.0,1.0,4.0,2.0,5.0,6.0,0.0,3.0,3.0,0.0,1.0,1.0,2.0,3.0,1.0,4.0,5.0,0.0,0.0,1.0,2.0,0.0,0.0,0.0,0.0,0.0,1.0,1.0,1.0,0.0,1.0,2.0,2.0,2.0,1.0,3.0,2.0,2.0,4.0,6.0,5.0,5.0,2.0,1.0
South Ozone Park,Queens,neighborhood,0.0,0.0,0.0,0.0,1.0,1.0,1.0,0.0,0.0,0.0,0.0,0.0,0.0,0.0,0.0,0.0,0.0,0.0,0.0,0.0,0.0,0.0,0.0,0.0,1.0,1.0,1.0,0.0,0.0,0.0,0.0,0.0,0.0,0.0,0.0,0.0,0.0,0.0,0.0,0.0,0.0,0.0,0.0,0.0,0.0,1.0,1.0,0.0,0.0,0.0,0.0,0.0,0.0,0.0,0.0,1.0,1.0,0.0,0.0,3.0,2.0,2.0,2.0,1.0,1.0,0.0,0.0,0.0,0.0,0.0,0.0,0.0,0.0,0.0,0.0,1.0,0.0,0.0,0.0,0.0,0.0,0.0,0.0,0.0,0.0,1.0,1.0,0.0,1.0,2.0,1.0,1.0,2.0,3.0,1.0,1.0,0.0,0.0,0.0,1.0,1.0,2.0,1.0,0.0,0.0,0.0,1.0,1.0,1.0,0.0,0.0,0.0,2.0,3.0,2.0,1.0,0.0,1.0,1.0,1.0,1.0,1.0,1.0,1.0,1.0,1.0,1.0,2.0,3.0,2.0,3.0,3.0,3.0,1.0,1.0,0.0,0.0,2.0,2.0,2.0,1.0,3.0,1.0,2.0,2.0,0.0,2.0,1.0,1.0,1.0,5.0,3.0,1.0,0.0,2.0,3.0,1.0,2.0,3.0,3.0,2.0,3.0,2.0,2.0,2.0,3.0,1.0,2.0,3.0,1.0,1.0,0.0,0.0,0.0,0.0,1.0,3.0,3.0,1.0,1.0,1.0,0.0,0.0,0.0,0.0,0.0,0.0,0.0,0.0,0.0,1.0,1.0,1.0,1.0,0.0,0.0,0.0,1.0,1.0,1.0
South Richmond Hill,Queens,neighborhood,0.0,0.0,0.0,0.0,0.0,0.0,0.0,0.0,0.0,1.0,1.0,1.0,1.0,1.0,1.0,2.0,2.0,1.0,1.0,1.0,0.0,0.0,0.0,0.0,0.0,0.0,0.0,0.0,0.0,0.0,0.0,0.0,0.0,0.0,0.0,0.0,0.0,0.0,0.0,0.0,0.0,0.0,0.0,0.0,0.0,0.0,0.0,0.0,0.0,0.0,0.0,0.0,0.0,2.0,2.0,2.0,0.0,0.0,0.0,0.0,0.0,0.0,0.0,0.0,0.0,0.0,0.0,0.0,0.0,0.0,0.0,0.0,1.0,1.0,0.0,0.0,0.0,0.0,0.0,0.0,2.0,1.0,0.0,0.0,0.0,0.0,0.0,0.0,0.0,1.0,2.0,3.0,1.0,2.0,1.0,2.0,3.0,1.0,2.0,2.0,0.0,0.0,0.0,1.0,0.0,1.0,1.0,1.0,2.0,3.0,1.0,0.0,1.0,3.0,1.0,2.0,0.0,1.0,0.0,1.0,1.0,3.0,3.0,2.0,1.0,1.0,1.0,0.0,0.0,0.0,1.0,2.0,2.0,3.0,4.0,3.0,2.0,3.0,0.0,0.0,1.0,1.0,0.0,0.0,3.0,4.0,1.0,2.0,5.0,2.0,4.0,2.0,0.0,1.0,1.0,4.0,1.0,3.0,2.0,1.0,2.0,1.0,1.0,2.0,1.0,2.0,1.0,0.0,1.0,1.0,1.0,1.0,0.0,1.0,0.0,0.0,0.0,0.0,0.0,0.0,1.0,1.0,1.0,1.0,0.0,0.0,0.0,0.0,0.0,0.0,0.0,1.0,1.0,1.0,0.0,0.0,0.0,0.0,0.0,1.0
Springfield Gardens,Queens,neighborhood,0.0,0.0,0.0,0.0,0.0,0.0,0.0,0.0,0.0,0.0,0.0,0.0,0.0,0.0,0.0,0.0,0.0,0.0,0.0,0.0,0.0,1.0,2.0,2.0,2.0,2.0,0.0,0.0,0.0,0.0,1.0,1.0,0.0,0.0,0.0,0.0,0.0,0.0,1.0,1.0,0.0,0.0,0.0,0.0,0.0,0.0,1.0,1.0,0.0,0.0,0.0,0.0,0.0,0.0,0.0,0.0,0.0,0.0,0.0,0.0,0.0,0.0,0.0,0.0,0.0,0.0,0.0,0.0,0.0,0.0,0.0,0.0,0.0,0.0,0.0,0.0,0.0,1.0,3.0,1.0,1.0,1.0,0.0,1.0,0.0,0.0,0.0,0.0,0.0,0.0,1.0,0.0,0.0,0.0,4.0,1.0,1.0,1.0,0.0,0.0,0.0,0.0,0.0,1.0,1.0,4.0,3.0,2.0,0.0,1.0,1.0,1.0,1.0,0.0,2.0,1.0,1.0,2.0,1.0,1.0,1.0,2.0,2.0,0.0,0.0,1.0,1.0,0.0,1.0,0.0,2.0,2.0,2.0,0.0,0.0,0.0,0.0,0.0,0.0,0.0,0.0,0.0,0.0,0.0,0.0,0.0,0.0,0.0,0.0,1.0,1.0,0.0,0.0,1.0,1.0,1.0,1.0,3.0,3.0,2.0,1.0,0.0,0.0,0.0,0.0,1.0,1.0,2.0,1.0,1.0,0.0,0.0,1.0,1.0,1.0,0.0,0.0,0.0,0.0,0.0,0.0,4.0,1.0,1.0,3.0,1.0,3.0,1.0,0.0,1.0,2.0,0.0,1.0,1.0,1.0,0.0,1.0,1.0,0.0,0.0
St. Albans,Queens,neighborhood,0.0,0.0,0.0,0.0,0.0,0.0,0.0,0.0,0.0,0.0,0.0,0.0,0.0,0.0,0.0,0.0,1.0,1.0,1.0,1.0,0.0,0.0,0.0,0.0,0.0,0.0,0.0,0.0,0.0,0.0,0.0,2.0,3.0,2.0,2.0,1.0,2.0,3.0,1.0,0.0,0.0,0.0,0.0,3.0,3.0,3.0,1.0,0.0,0.0,0.0,0.0,0.0,0.0,0.0,0.0,0.0,0.0,0.0,0.0,0.0,0.0,0.0,0.0,1.0,0.0,0.0,1.0,1.0,2.0,0.0,1.0,3.0,2.0,2.0,1.0,0.0,0.0,0.0,0.0,0.0,0.0,0.0,0.0,0.0,1.0,1.0,1.0,0.0,2.0,1.0,2.0,0.0,0.0,0.0,0.0,2.0,0.0,0.0,0.0,0.0,0.0,1.0,2.0,0.0,0.0,1.0,1.0,0.0,1.0,1.0,1.0,4.0,2.0,1.0,2.0,2.0,1.0,1.0,0.0,1.0,1.0,1.0,1.0,1.0,0.0,0.0,1.0,0.0,1.0,1.0,2.0,0.0,0.0,0.0,1.0,1.0,0.0,0.0,1.0,1.0,0.0,0.0,2.0,0.0,0.0,0.0,0.0,0.0,0.0,2.0,5.0,5.0,6.0,1.0,2.0,2.0,2.0,0.0,0.0,0.0,2.0,4.0,3.0,1.0,4.0,4.0,2.0,0.0,0.0,1.0,1.0,1.0,0.0,3.0,5.0,4.0,0.0,1.0,0.0,0.0,1.0,1.0,2.0,1.0,4.0,3.0,1.0,0.0,0.0,1.0,2.0,3.0,7.0,5.0,5.0,3.0,0.0,3.0,5.0,5.0
Staten Island,Staten Island,borough,4.0,1.0,2.0,2.0,1.0,2.0,2.0,2.0,2.0,2.0,1.0,1.0,1.0,1.0,1.0,2.0,1.0,1.0,2.0,3.0,1.0,1.0,0.0,0.0,1.0,1.0,0.0,3.0,3.0,2.0,1.0,0.0,3.0,5.0,6.0,7.0,5.0,5.0,3.0,3.0,12.0,17.0,16.0,6.0,7.0,16.0,27.0,23.0,12.0,11.0,10.0,10.0,15.0,15.0,20.0,11.0,16.0,14.0,16.0,21.0,19.0,24.0,28.0,38.0,37.0,22.0,20.0,22.0,26.0,31.0,25.0,26.0,20.0,19.0,21.0,24.0,21.0,21.0,22.0,28.0,26.0,31.0,38.0,30.0,30.0,34.0,36.0,30.0,33.0,26.0,32.0,16.0,18.0,17.0,26.0,23.0,32.0,29.0,38.0,20.0,21.0,22.0,24.0,29.0,30.0,24.0,21.0,21.0,23.0,31.0,22.0,13.0,15.0,12.0,11.0,17.0,21.0,22.0,24.0,18.0,19.0,15.0,11.0,5.0,8.0,10.0,9.0,14.0,13.0,14.0,12.0,9.0,9.0,11.0,9.0,15.0,16.0,17.0,8.0,14.0,12.0,18.0,19.0,12.0,9.0,16.0,23.0,22.0,28.0,30.0,33.0,31.0,21.0,24.0,25.0,21.0,30.0,28.0,31.0,22.0,19.0,22.0,11.0,18.0,13.0,16.0,19.0,13.0,18.0,14.0,14.0,9.0,11.0,9.0,13.0,13.0,13.0,16.0,10.0,18.0,25.0,25.0,21.0,22.0,15.0,27.0,15.0,20.0,15.0,12.0,17.0,17.0,11.0,13.0,16.0,16.0,10.0,10.0,16.0,15.0
Stuyvesant Town/PCV,Manhattan,neighborhood,2.0,2.0,1.0,1.0,2.0,3.0,3.0,2.0,0.0,0.0,0.0,1.0,4.0,6.0,6.0,6.0,6.0,7.0,7.0,7.0,9.0,3.0,9.0,10.0,9.0,9.0,10.0,11.0,2.0,4.0,9.0,19.0,31.0,38.0,35.0,29.0,33.0,16.0,9.0,8.0,3.0,1.0,5.0,5.0,5.0,38.0,38.0,14.0,9.0,106.0,176.0,452.0,469.0,311.0,24.0,30.0,20.0,24.0,19.0,19.0,10.0,7.0,15.0,31.0,130.0,113.0,174.0,159.0,104.0,69.0,26.0,19.0,33.0,44.0,38.0,53.0,42.0,48.0,69.0,54.0,42.0,32.0,30.0,27.0,43.0,35.0,35.0,42.0,50.0,51.0,63.0,45.0,42.0,31.0,28.0,13.0,33.0,33.0,46.0,59.0,57.0,31.0,29.0,40.0,50.0,45.0,35.0,52.0,22.0,19.0,23.0,28.0,22.0,19.0,22.0,22.0,11.0,9.0,6.0,5.0,7.0,5.0,4.0,3.0,5.0,19.0,18.0,19.0,17.0,27.0,17.0,14.0,9.0,12.0,10.0,16.0,17.0,20.0,33.0,27.0,17.0,17.0,14.0,17.0,15.0,17.0,27.0,28.0,34.0,35.0,19.0,27.0,24.0,22.0,15.0,13.0,21.0,33.0,23.0,20.0,30.0,33.0,42.0,20.0,14.0,20.0,26.0,25.0,29.0,21.0,16.0,15.0,20.0,30.0,28.0,23.0,18.0,23.0,16.0,24.0,21.0,16.0,18.0,21.0,28.0,34.0,37.0,25.0,29.0,26.0,27.0,32.0,28.0,27.0,20.0,14.0,16.0,27.0,29.0,44.0
Sunnyside,Queens,neighborhood,19.0,22.0,21.0,23.0,14.0,16.0,13.0,11.0,11.0,13.0,11.0,9.0,9.0,4.0,5.0,11.0,12.0,10.0,15.0,14.0,1.0,3.0,4.0,6.0,6.0,7.0,8.0,7.0,8.0,9.0,7.0,6.0,5.0,6.0,4.0,5.0,5.0,11.0,15.0,23.0,18.0,12.0,9.0,10.0,14.0,14.0,17.0,16.0,18.0,21.0,27.0,24.0,27.0,30.0,23.0,26.0,41.0,37.0,28.0,26.0,36.0,29.0,49.0,52.0,48.0,60.0,57.0,69.0,66.0,96.0,81.0,78.0,78.0,74.0,72.0,65.0,58.0,59.0,67.0,78.0,67.0,58.0,70.0,62.0,101.0,99.0,101.0,99.0,110.0,113.0,90.0,85.0,84.0,97.0,90.0,91.0,108.0,105.0,121.0,123.0,104.0,92.0,135.0,108.0,72.0,89.0,85.0,87.0,80.0,62.0,75.0,75.0,83.0,96.0,79.0,76.0,94.0,89.0,53.0,42.0,44.0,30.0,36.0,22.0,62.0,91.0,119.0,114.0,138.0,135.0,107.0,91.0,99.0,102.0,107.0,95.0,79.0,89.0,100.0,62.0,52.0,49.0,45.0,47.0,41.0,42.0,47.0,25.0,28.0,24.0,32.0,40.0,30.0,38.0,38.0,37.0,27.0,46.0,42.0,28.0,23.0,27.0,33.0,36.0,40.0,56.0,58.0,34.0,25.0,20.0,28.0,35.0,35.0,29.0,47.0,33.0,29.0,40.0,48.0,28.0,42.0,31.0,32.0,32.0,45.0,28.0,31.0,38.0,42.0,48.0,53.0,49.0,42.0,33.0,31.0,28.0,27.0,35.0,35.0,32.0
Sunset Park,Brooklyn,neighborhood,12.0,12.0,14.0,13.0,11.0,6.0,5.0,5.0,5.0,7.0,6.0,6.0,3.0,6.0,11.0,8.0,5.0,5.0,6.0,6.0,3.0,5.0,3.0,4.0,4.0,3.0,5.0,3.0,6.0,11.0,7.0,6.0,5.0,9.0,11.0,7.0,9.0,12.0,18.0,12.0,13.0,14.0,19.0,19.0,16.0,19.0,22.0,23.0,44.0,35.0,35.0,51.0,43.0,30.0,41.0,47.0,53.0,52.0,34.0,35.0,33.0,40.0,37.0,30.0,34.0,42.0,42.0,48.0,32.0,40.0,33.0,31.0,45.0,37.0,58.0,61.0,55.0,40.0,36.0,50.0,52.0,57.0,56.0,46.0,44.0,46.0,65.0,75.0,89.0,90.0,88.0,77.0,78.0,90.0,61.0,59.0,59.0,50.0,72.0,85.0,116.0,117.0,75.0,87.0,76.0,101.0,76.0,51.0,65.0,51.0,76.0,95.0,69.0,59.0,78.0,100.0,70.0,60.0,59.0,46.0,48.0,43.0,43.0,32.0,46.0,55.0,95.0,108.0,114.0,131.0,106.0,90.0,85.0,76.0,67.0,75.0,83.0,78.0,77.0,84.0,60.0,60.0,57.0,44.0,40.0,35.0,34.0,31.0,33.0,38.0,27.0,36.0,57.0,44.0,38.0,42.0,57.0,58.0,72.0,67.0,61.0,37.0,42.0,51.0,43.0,49.0,48.0,36.0,42.0,46.0,39.0,38.0,38.0,35.0,58.0,49.0,44.0,36.0,33.0,29.0,38.0,35.0,31.0,43.0,46.0,44.0,37.0,46.0,47.0,52.0,47.0,37.0,44.0,42.0,37.0,45.0,46.0,44.0,46.0,46.0
Throgs Neck,Bronx,neighborhood,0.0,0.0,0.0,0.0,0.0,0.0,0.0,0.0,0.0,0.0,0.0,0.0,0.0,0.0,0.0,0.0,0.0,0.0,0.0,0.0,0.0,0.0,0.0,0.0,0.0,0.0,0.0,0.0,0.0,0.0,0.0,0.0,0.0,0.0,0.0,0.0,0.0,0.0,0.0,0.0,0.0,0.0,0.0,0.0,0.0,0.0,0.0,0.0,0.0,0.0,1.0,1.0,0.0,0.0,0.0,0.0,0.0,0.0,1.0,2.0,2.0,0.0,2.0,2.0,0.0,0.0,0.0,0.0,2.0,2.0,3.0,8.0,4.0,1.0,1.0,2.0,2.0,3.0,1.0,2.0,3.0,3.0,4.0,4.0,3.0,2.0,2.0,2.0,4.0,6.0,9.0,4.0,7.0,7.0,6.0,4.0,3.0,6.0,4.0,2.0,1.0,2.0,6.0,5.0,3.0,4.0,5.0,1.0,2.0,4.0,3.0,3.0,15.0,9.0,6.0,3.0,4.0,2.0,4.0,3.0,1.0,1.0,0.0,2.0,3.0,4.0,1.0,1.0,1.0,0.0,2.0,3.0,4.0,6.0,6.0,6.0,2.0,4.0,6.0,5.0,5.0,6.0,5.0,7.0,5.0,3.0,2.0,3.0,5.0,1.0,1.0,2.0,2.0,2.0,9.0,7.0,2.0,4.0,6.0,5.0,5.0,3.0,3.0,4.0,2.0,4.0,6.0,9.0,6.0,2.0,2.0,6.0,5.0,2.0,1.0,2.0,1.0,2.0,3.0,4.0,5.0,4.0,2.0,2.0,2.0,3.0,2.0,0.0,2.0,8.0,7.0,2.0,0.0,2.0,6.0,6.0,4.0,7.0,5.0,2.0
Tremont,Bronx,neighborhood,0.0,0.0,0.0,0.0,0.0,0.0,0.0,0.0,0.0,0.0,0.0,0.0,0.0,0.0,0.0,0.0,0.0,0.0,0.0,0.0,0.0,0.0,0.0,0.0,0.0,0.0,0.0,0.0,0.0,0.0,0.0,0.0,0.0,0.0,0.0,0.0,0.0,0.0,0.0,0.0,0.0,0.0,0.0,0.0,0.0,0.0,0.0,1.0,2.0,0.0,0.0,0.0,0.0,0.0,0.0,1.0,4.0,1.0,1.0,1.0,2.0,4.0,6.0,8.0,5.0,5.0,10.0,11.0,5.0,5.0,4.0,9.0,14.0,12.0,8.0,7.0,5.0,6.0,4.0,9.0,9.0,7.0,9.0,3.0,4.0,4.0,5.0,7.0,9.0,9.0,10.0,8.0,14.0,16.0,13.0,4.0,14.0,10.0,10.0,4.0,5.0,3.0,2.0,9.0,8.0,12.0,18.0,7.0,6.0,10.0,7.0,5.0,6.0,6.0,19.0,18.0,16.0,13.0,6.0,4.0,5.0,2.0,4.0,2.0,2.0,4.0,2.0,1.0,0.0,3.0,1.0,2.0,5.0,9.0,6.0,5.0,2.0,5.0,8.0,3.0,4.0,7.0,7.0,8.0,4.0,5.0,9.0,6.0,7.0,10.0,12.0,11.0,7.0,7.0,7.0,4.0,4.0,6.0,11.0,4.0,4.0,8.0,5.0,5.0,4.0,3.0,3.0,5.0,4.0,0.0,1.0,0.0,1.0,3.0,3.0,6.0,3.0,4.0,3.0,1.0,3.0,2.0,1.0,4.0,5.0,1.0,0.0,4.0,5.0,3.0,4.0,2.0,2.0,2.0,5.0,7.0,7.0,0.0,4.0,2.0
Tribeca,Manhattan,neighborhood,53.0,57.0,67.0,69.0,66.0,53.0,60.0,48.0,50.0,48.0,47.0,50.0,54.0,63.0,63.0,57.0,62.0,77.0,69.0,83.0,87.0,80.0,66.0,63.0,67.0,63.0,76.0,72.0,73.0,89.0,82.0,85.0,83.0,83.0,66.0,60.0,75.0,94.0,106.0,106.0,117.0,101.0,115.0,120.0,131.0,153.0,132.0,113.0,113.0,93.0,132.0,131.0,118.0,122.0,114.0,117.0,103.0,100.0,82.0,84.0,86.0,78.0,108.0,123.0,127.0,121.0,115.0,113.0,111.0,120.0,111.0,104.0,101.0,109.0,109.0,136.0,144.0,132.0,139.0,139.0,139.0,143.0,139.0,120.0,153.0,145.0,167.0,146.0,161.0,168.0,156.0,138.0,141.0,128.0,124.0,109.0,108.0,104.0,113.0,97.0,118.0,117.0,123.0,113.0,88.0,76.0,85.0,69.0,84.0,66.0,85.0,110.0,162.0,164.0,140.0,121.0,94.0,103.0,96.0,76.0,94.0,76.0,73.0,67.0,124.0,167.0,222.0,230.0,264.0,212.0,183.0,172.0,184.0,154.0,127.0,102.0,73.0,63.0,60.0,54.0,36.0,53.0,40.0,29.0,37.0,43.0,39.0,32.0,52.0,72.0,77.0,65.0,66.0,71.0,75.0,69.0,68.0,65.0,65.0,67.0,68.0,80.0,76.0,87.0,81.0,75.0,69.0,62.0,67.0,68.0,80.0,83.0,78.0,66.0,82.0,74.0,67.0,65.0,60.0,63.0,63.0,48.0,48.0,60.0,64.0,75.0,74.0,81.0,81.0,92.0,75.0,57.0,62.0,44.0,61.0,72.0,70.0,70.0,81.0,81.0
University Heights,Bronx,neighborhood,2.0,1.0,0.0,0.0,0.0,0.0,0.0,0.0,0.0,0.0,0.0,1.0,1.0,1.0,0.0,0.0,0.0,3.0,5.0,4.0,4.0,6.0,3.0,1.0,4.0,3.0,3.0,3.0,3.0,1.0,2.0,6.0,5.0,5.0,3.0,5.0,5.0,5.0,4.0,2.0,2.0,4.0,2.0,2.0,4.0,4.0,2.0,2.0,2.0,2.0,1.0,1.0,0.0,0.0,1.0,4.0,5.0,7.0,5.0,6.0,7.0,6.0,7.0,13.0,12.0,10.0,13.0,3.0,3.0,3.0,2.0,3.0,5.0,5.0,4.0,5.0,6.0,5.0,5.0,7.0,4.0,5.0,8.0,5.0,10.0,5.0,4.0,6.0,8.0,4.0,4.0,8.0,5.0,8.0,6.0,3.0,4.0,4.0,8.0,9.0,5.0,7.0,8.0,8.0,5.0,12.0,10.0,6.0,3.0,11.0,15.0,11.0,9.0,12.0,10.0,7.0,7.0,8.0,12.0,10.0,6.0,5.0,2.0,2.0,3.0,2.0,3.0,4.0,4.0,7.0,4.0,7.0,7.0,10.0,13.0,11.0,13.0,13.0,9.0,11.0,6.0,8.0,9.0,8.0,11.0,11.0,6.0,7.0,8.0,13.0,14.0,13.0,11.0,9.0,10.0,16.0,18.0,16.0,14.0,13.0,13.0,11.0,13.0,10.0,11.0,14.0,6.0,6.0,10.0,10.0,5.0,6.0,3.0,5.0,5.0,7.0,8.0,9.0,8.0,8.0,7.0,10.0,8.0,5.0,8.0,11.0,6.0,7.0,9.0,11.0,10.0,5.0,7.0,3.0,5.0,1.0,0.0,1.0,5.0,3.0
Upper East Side,Manhattan,neighborhood,584.0,609.0,573.0,543.0,504.0,576.0,582.0,584.0,509.0,546.0,529.0,557.0,590.0,553.0,590.0,549.0,551.0,579.0,573.0,570.0,529.0,503.0,450.0,435.0,448.0,436.0,500.0,487.0,524.0,608.0,613.0,624.0,552.0,515.0,472.0,442.0,472.0,425.0,473.0,527.0,540.0,567.0,690.0,746.0,678.0,770.0,681.0,631.0,608.0,642.0,604.0,628.0,725.0,681.0,726.0,732.0,705.0,684.0,663.0,582.0,614.0,605.0,703.0,728.0,771.0,863.0,866.0,848.0,798.0,861.0,789.0,697.0,757.0,762.0,834.0,903.0,980.0,1029.0,1066.0,1081.0,1068.0,1021.0,936.0,839.0,893.0,814.0,858.0,864.0,934.0,974.0,926.0,732.0,744.0,797.0,763.0,648.0,679.0,672.0,706.0,714.0,761.0,849.0,900.0,870.0,707.0,772.0,659.0,544.0,584.0,603.0,677.0,730.0,801.0,827.0,837.0,784.0,630.0,567.0,486.0,408.0,464.0,426.0,408.0,357.0,643.0,1054.0,1436.0,1605.0,1597.0,1593.0,1395.0,1252.0,1265.0,1101.0,1094.0,1092.0,961.0,961.0,901.0,795.0,564.0,478.0,422.0,330.0,313.0,308.0,321.0,370.0,474.0,540.0,555.0,622.0,588.0,528.0,497.0,444.0,501.0,471.0,477.0,539.0,607.0,673.0,755.0,794.0,685.0,673.0,571.0,518.0,534.0,477.0,468.0,491.0,562.0,610.0,776.0,792.0,738.0,655.0,510.0,414.0,352.0,310.0,364.0,410.0,526.0,576.0,608.0,526.0,500.0,441.0,365.0,344.0,334.0,302.0,352.0,385.0,435.0,498.0,499.0,465.0
Upper West Side,Manhattan,neighborhood,566.0,536.0,551.0,580.0,530.0,561.0,510.0,444.0,401.0,405.0,420.0,372.0,402.0,398.0,373.0,357.0,365.0,421.0,491.0,522.0,507.0,533.0,460.0,441.0,461.0,445.0,450.0,441.0,501.0,555.0,592.0,609.0,505.0,500.0,471.0,428.0,417.0,423.0,440.0,442.0,496.0,535.0,602.0,634.0,606.0,635.0,549.0,585.0,559.0,525.0,570.0,546.0,614.0,718.0,779.0,724.0,692.0,636.0,583.0,592.0,618.0,571.0,615.0,672.0,691.0,747.0,875.0,839.0,769.0,713.0,662.0,611.0,602.0,605.0,660.0,673.0,758.0,893.0,937.0,940.0,845.0,808.0,742.0,664.0,700.0,678.0,741.0,714.0,858.0,951.0,942.0,808.0,700.0,724.0,668.0,568.0,620.0,566.0,609.0,620.0,693.0,756.0,794.0,781.0,641.0,642.0,585.0,502.0,526.0,494.0,516.0,546.0,608.0,672.0,658.0,666.0,571.0,553.0,483.0,398.0,482.0,417.0,388.0,387.0,628.0,952.0,1258.0,1400.0,1375.0,1393.0,1179.0,1138.0,1063.0,941.0,886.0,779.0,716.0,637.0,622.0,490.0,409.0,371.0,319.0,285.0,306.0,294.0,364.0,392.0,423.0,453.0,483.0,535.0,488.0,500.0,481.0,423.0,493.0,452.0,465.0,465.0,531.0,614.0,673.0,642.0,540.0,586.0,534.0,439.0,440.0,393.0,402.0,405.0,482.0,535.0,630.0,544.0,504.0,459.0,371.0,329.0,385.0,343.0,374.0,400.0,456.0,475.0,542.0,524.0,492.0,435.0,349.0,310.0,311.0,287.0,345.0,373.0,434.0,449.0,505.0,454.0
Utopia,Queens,neighborhood,0.0,0.0,0.0,0.0,0.0,0.0,0.0,0.0,1.0,1.0,0.0,0.0,0.0,0.0,0.0,0.0,0.0,0.0,0.0,0.0,0.0,0.0,0.0,0.0,0.0,0.0,0.0,0.0,0.0,0.0,0.0,0.0,0.0,0.0,0.0,0.0,0.0,0.0,0.0,0.0,0.0,0.0,0.0,0.0,0.0,0.0,0.0,0.0,0.0,0.0,0.0,0.0,0.0,0.0,0.0,0.0,0.0,0.0,0.0,0.0,0.0,0.0,0.0,0.0,0.0,0.0,0.0,0.0,0.0,0.0,0.0,0.0,0.0,0.0,0.0,0.0,0.0,0.0,0.0,0.0,0.0,0.0,0.0,0.0,0.0,0.0,0.0,0.0,0.0,0.0,0.0,1.0,0.0,0.0,0.0,0.0,0.0,0.0,0.0,0.0,0.0,0.0,0.0,0.0,0.0,0.0,0.0,0.0,0.0,0.0,0.0,0.0,0.0,0.0,0.0,1.0,0.0,0.0,0.0,0.0,0.0,0.0,0.0,0.0,0.0,0.0,0.0,0.0,0.0,0.0,0.0,0.0,0.0,0.0,0.0,0.0,0.0,0.0,0.0,0.0,0.0,0.0,0.0,0.0,0.0,0.0,0.0,0.0,0.0,0.0,0.0,1.0,0.0,0.0,0.0,0.0,0.0,0.0,0.0,0.0,0.0,0.0,0.0,0.0,0.0,0.0,0.0,0.0,0.0,0.0,0.0,0.0,0.0,0.0,0.0,0.0,0.0,0.0,0.0,0.0,0.0,0.0,0.0,0.0,0.0,0.0,0.0,0.0,0.0,0.0,0.0,0.0,1.0,1.0,0.0,0.0,0.0,0.0,2.0,2.0
Van Nest,Bronx,neighborhood,0.0,0.0,0.0,0.0,0.0,1.0,1.0,0.0,1.0,1.0,0.0,1.0,0.0,0.0,0.0,0.0,0.0,1.0,1.0,1.0,1.0,0.0,0.0,0.0,0.0,0.0,0.0,0.0,0.0,0.0,0.0,0.0,0.0,0.0,0.0,0.0,0.0,0.0,0.0,0.0,0.0,0.0,0.0,0.0,0.0,0.0,1.0,1.0,0.0,0.0,0.0,0.0,0.0,0.0,0.0,0.0,0.0,0.0,0.0,0.0,0.0,0.0,1.0,1.0,2.0,4.0,4.0,5.0,4.0,2.0,0.0,0.0,0.0,0.0,0.0,2.0,1.0,1.0,0.0,0.0,0.0,3.0,2.0,1.0,0.0,0.0,1.0,3.0,2.0,1.0,1.0,1.0,1.0,1.0,1.0,1.0,2.0,2.0,1.0,1.0,1.0,0.0,0.0,1.0,0.0,0.0,0.0,0.0,0.0,0.0,1.0,1.0,1.0,0.0,1.0,0.0,2.0,1.0,2.0,2.0,2.0,1.0,0.0,0.0,0.0,1.0,1.0,0.0,1.0,1.0,0.0,0.0,0.0,0.0,0.0,0.0,0.0,0.0,1.0,1.0,0.0,0.0,0.0,5.0,2.0,3.0,2.0,2.0,0.0,0.0,1.0,0.0,1.0,1.0,1.0,1.0,2.0,3.0,1.0,0.0,1.0,1.0,1.0,1.0,1.0,1.0,1.0,0.0,0.0,1.0,1.0,0.0,0.0,0.0,0.0,0.0,0.0,0.0,0.0,0.0,0.0,0.0,0.0,0.0,0.0,0.0,0.0,0.0,1.0,0.0,0.0,0.0,2.0,2.0,1.0,0.0,1.0,0.0,0.0,0.0
Wakefield,Bronx,neighborhood,0.0,0.0,0.0,0.0,0.0,0.0,0.0,0.0,0.0,0.0,0.0,0.0,0.0,0.0,0.0,0.0,0.0,0.0,0.0,0.0,0.0,0.0,0.0,0.0,0.0,0.0,1.0,1.0,1.0,1.0,2.0,2.0,2.0,0.0,1.0,1.0,1.0,1.0,1.0,1.0,0.0,0.0,2.0,0.0,0.0,1.0,3.0,2.0,1.0,0.0,0.0,1.0,0.0,0.0,1.0,1.0,1.0,0.0,0.0,0.0,1.0,3.0,3.0,4.0,3.0,3.0,3.0,4.0,4.0,6.0,5.0,3.0,1.0,2.0,4.0,4.0,1.0,1.0,1.0,3.0,4.0,4.0,1.0,1.0,1.0,2.0,4.0,3.0,4.0,4.0,4.0,0.0,2.0,1.0,2.0,2.0,0.0,1.0,3.0,1.0,3.0,9.0,5.0,4.0,2.0,1.0,0.0,5.0,6.0,7.0,8.0,6.0,7.0,6.0,7.0,4.0,7.0,1.0,2.0,1.0,3.0,5.0,6.0,3.0,4.0,1.0,0.0,0.0,2.0,3.0,4.0,5.0,6.0,7.0,6.0,8.0,9.0,5.0,4.0,2.0,5.0,11.0,4.0,2.0,0.0,1.0,3.0,5.0,2.0,2.0,7.0,6.0,3.0,2.0,6.0,6.0,5.0,8.0,8.0,2.0,1.0,1.0,0.0,1.0,0.0,2.0,5.0,2.0,0.0,2.0,4.0,4.0,3.0,0.0,2.0,1.0,0.0,1.0,0.0,2.0,0.0,1.0,2.0,0.0,4.0,5.0,1.0,1.0,1.0,0.0,1.0,1.0,1.0,1.0,0.0,0.0,2.0,1.0,4.0,4.0
Washington Heights,Manhattan,neighborhood,33.0,35.0,35.0,32.0,43.0,42.0,41.0,33.0,26.0,30.0,28.0,28.0,29.0,30.0,34.0,44.0,45.0,40.0,36.0,33.0,31.0,28.0,36.0,37.0,44.0,48.0,53.0,55.0,75.0,70.0,89.0,105.0,88.0,90.0,95.0,112.0,103.0,103.0,102.0,113.0,119.0,120.0,112.0,114.0,85.0,102.0,109.0,95.0,110.0,109.0,135.0,136.0,171.0,189.0,220.0,180.0,174.0,245.0,239.0,242.0,275.0,240.0,248.0,225.0,217.0,237.0,240.0,194.0,184.0,213.0,228.0,203.0,193.0,194.0,189.0,191.0,224.0,244.0,263.0,293.0,259.0,240.0,296.0,300.0,327.0,335.0,328.0,299.0,335.0,382.0,397.0,241.0,207.0,227.0,222.0,197.0,203.0,199.0,238.0,247.0,270.0,282.0,308.0,349.0,292.0,303.0,286.0,239.0,242.0,207.0,189.0,217.0,238.0,248.0,231.0,216.0,216.0,204.0,198.0,160.0,146.0,127.0,114.0,90.0,152.0,213.0,293.0,347.0,334.0,350.0,287.0,279.0,235.0,228.0,246.0,227.0,232.0,278.0,275.0,282.0,257.0,255.0,213.0,195.0,185.0,200.0,230.0,172.0,180.0,165.0,158.0,148.0,132.0,138.0,144.0,159.0,161.0,130.0,141.0,134.0,132.0,163.0,183.0,194.0,157.0,164.0,167.0,153.0,140.0,107.0,106.0,124.0,151.0,148.0,176.0,176.0,169.0,166.0,162.0,140.0,138.0,144.0,132.0,125.0,138.0,143.0,164.0,173.0,153.0,146.0,119.0,121.0,159.0,143.0,162.0,119.0,135.0,139.0,118.0,98.0
West Harlem,Manhattan,neighborhood,2.0,4.0,5.0,7.0,7.0,3.0,6.0,5.0,3.0,2.0,3.0,3.0,7.0,7.0,12.0,12.0,15.0,11.0,12.0,12.0,6.0,9.0,5.0,9.0,13.0,8.0,11.0,12.0,12.0,15.0,15.0,7.0,7.0,6.0,10.0,10.0,18.0,16.0,18.0,24.0,20.0,24.0,22.0,15.0,9.0,19.0,19.0,18.0,18.0,19.0,15.0,12.0,22.0,26.0,30.0,31.0,14.0,22.0,23.0,20.0,26.0,33.0,25.0,20.0,24.0,22.0,42.0,44.0,29.0,22.0,26.0,30.0,26.0,22.0,17.0,14.0,18.0,12.0,20.0,26.0,19.0,13.0,11.0,9.0,14.0,14.0,19.0,19.0,17.0,17.0,21.0,23.0,24.0,21.0,17.0,25.0,20.0,26.0,26.0,25.0,32.0,27.0,40.0,28.0,37.0,39.0,42.0,43.0,36.0,25.0,24.0,28.0,28.0,33.0,29.0,22.0,17.0,24.0,24.0,19.0,18.0,12.0,16.0,19.0,16.0,28.0,51.0,69.0,66.0,55.0,45.0,40.0,45.0,38.0,47.0,38.0,46.0,53.0,52.0,46.0,36.0,32.0,24.0,16.0,18.0,20.0,19.0,14.0,21.0,15.0,22.0,21.0,23.0,24.0,23.0,21.0,16.0,17.0,17.0,19.0,20.0,29.0,23.0,34.0,21.0,29.0,26.0,22.0,19.0,14.0,15.0,18.0,14.0,17.0,20.0,28.0,24.0,26.0,23.0,27.0,21.0,10.0,9.0,10.0,18.0,32.0,54.0,48.0,43.0,35.0,24.0,24.0,21.0,19.0,23.0,29.0,20.0,31.0,29.0,32.0
West Village,Manhattan,neighborhood,114.0,119.0,131.0,132.0,136.0,133.0,104.0,101.0,59.0,67.0,59.0,56.0,73.0,67.0,88.0,83.0,89.0,113.0,125.0,118.0,89.0,69.0,65.0,77.0,91.0,94.0,115.0,126.0,152.0,124.0,143.0,146.0,124.0,98.0,111.0,110.0,125.0,89.0,102.0,115.0,125.0,137.0,139.0,130.0,123.0,121.0,108.0,110.0,128.0,110.0,144.0,131.0,167.0,156.0,168.0,170.0,170.0,164.0,145.0,138.0,133.0,129.0,142.0,139.0,164.0,177.0,165.0,159.0,149.0,135.0,130.0,146.0,150.0,179.0,171.0,177.0,188.0,196.0,193.0,211.0,188.0,163.0,163.0,141.0,136.0,140.0,159.0,181.0,208.0,228.0,235.0,189.0,147.0,129.0,108.0,88.0,138.0,131.0,119.0,151.0,186.0,178.0,193.0,173.0,124.0,118.0,113.0,93.0,109.0,109.0,136.0,166.0,185.0,173.0,183.0,190.0,134.0,121.0,104.0,76.0,75.0,73.0,76.0,84.0,162.0,259.0,346.0,383.0,363.0,315.0,238.0,231.0,214.0,171.0,163.0,161.0,132.0,99.0,84.0,77.0,68.0,49.0,40.0,42.0,38.0,35.0,47.0,70.0,92.0,88.0,109.0,121.0,98.0,102.0,100.0,87.0,98.0,88.0,106.0,123.0,124.0,133.0,134.0,131.0,106.0,99.0,89.0,73.0,73.0,73.0,85.0,126.0,169.0,163.0,135.0,123.0,86.0,87.0,78.0,50.0,58.0,56.0,86.0,127.0,149.0,135.0,148.0,161.0,125.0,113.0,87.0,81.0,81.0,84.0,95.0,113.0,120.0,132.0,147.0,147.0
Westchester Village,Bronx,neighborhood,2.0,2.0,2.0,0.0,0.0,0.0,0.0,0.0,0.0,0.0,0.0,0.0,0.0,0.0,0.0,0.0,0.0,2.0,2.0,1.0,0.0,0.0,0.0,0.0,0.0,0.0,0.0,0.0,0.0,0.0,0.0,0.0,0.0,2.0,2.0,0.0,0.0,0.0,1.0,1.0,0.0,0.0,1.0,1.0,1.0,0.0,0.0,0.0,0.0,0.0,0.0,0.0,0.0,0.0,1.0,0.0,1.0,2.0,2.0,2.0,1.0,1.0,1.0,0.0,0.0,0.0,2.0,2.0,1.0,0.0,3.0,3.0,0.0,0.0,0.0,0.0,0.0,0.0,0.0,0.0,0.0,0.0,1.0,1.0,0.0,0.0,1.0,1.0,1.0,3.0,4.0,1.0,1.0,3.0,5.0,2.0,1.0,2.0,1.0,2.0,1.0,0.0,0.0,1.0,1.0,1.0,2.0,1.0,0.0,2.0,3.0,1.0,2.0,4.0,1.0,1.0,0.0,1.0,1.0,1.0,1.0,2.0,1.0,2.0,3.0,0.0,1.0,0.0,0.0,1.0,1.0,0.0,2.0,3.0,1.0,1.0,1.0,4.0,5.0,2.0,0.0,0.0,0.0,0.0,1.0,0.0,1.0,0.0,0.0,0.0,1.0,2.0,2.0,2.0,1.0,0.0,2.0,0.0,0.0,0.0,1.0,2.0,1.0,0.0,5.0,2.0,1.0,1.0,0.0,2.0,2.0,2.0,1.0,0.0,0.0,1.0,1.0,0.0,1.0,0.0,1.0,0.0,0.0,0.0,0.0,0.0,1.0,0.0,1.0,1.0,0.0,0.0,1.0,0.0,1.0,0.0,0.0,0.0,0.0,0.0
Whitestone,Queens,neighborhood,1.0,3.0,3.0,0.0,0.0,0.0,0.0,0.0,0.0,0.0,0.0,0.0,0.0,0.0,0.0,0.0,0.0,0.0,0.0,1.0,2.0,2.0,2.0,1.0,1.0,3.0,4.0,1.0,3.0,2.0,3.0,3.0,2.0,5.0,4.0,3.0,4.0,3.0,3.0,1.0,1.0,1.0,1.0,1.0,1.0,1.0,4.0,4.0,3.0,5.0,7.0,6.0,4.0,5.0,4.0,4.0,3.0,0.0,0.0,1.0,1.0,1.0,6.0,2.0,5.0,5.0,3.0,2.0,2.0,4.0,3.0,2.0,3.0,3.0,6.0,5.0,4.0,1.0,3.0,1.0,2.0,0.0,1.0,2.0,3.0,4.0,4.0,3.0,4.0,7.0,6.0,4.0,5.0,3.0,1.0,1.0,3.0,3.0,3.0,1.0,4.0,9.0,10.0,6.0,5.0,8.0,4.0,2.0,4.0,4.0,6.0,3.0,5.0,7.0,7.0,9.0,4.0,2.0,2.0,2.0,6.0,4.0,2.0,2.0,1.0,3.0,7.0,10.0,8.0,4.0,4.0,4.0,5.0,3.0,1.0,2.0,2.0,2.0,4.0,2.0,1.0,1.0,2.0,4.0,3.0,2.0,8.0,6.0,2.0,5.0,4.0,8.0,4.0,6.0,8.0,11.0,9.0,4.0,7.0,13.0,5.0,3.0,3.0,3.0,4.0,6.0,4.0,3.0,3.0,3.0,4.0,3.0,3.0,6.0,2.0,6.0,5.0,10.0,8.0,4.0,2.0,2.0,7.0,3.0,2.0,4.0,4.0,2.0,4.0,4.0,6.0,9.0,7.0,3.0,2.0,1.0,3.0,4.0,5.0,2.0
Williamsbridge,Bronx,neighborhood,0.0,0.0,0.0,0.0,0.0,0.0,0.0,0.0,0.0,0.0,0.0,0.0,0.0,0.0,0.0,0.0,0.0,0.0,0.0,1.0,1.0,0.0,1.0,0.0,0.0,0.0,5.0,6.0,4.0,4.0,3.0,2.0,2.0,0.0,0.0,1.0,1.0,1.0,1.0,1.0,0.0,0.0,1.0,0.0,0.0,1.0,1.0,4.0,4.0,2.0,1.0,1.0,1.0,2.0,3.0,0.0,0.0,0.0,0.0,0.0,0.0,0.0,1.0,4.0,7.0,7.0,5.0,3.0,3.0,3.0,4.0,2.0,1.0,1.0,1.0,2.0,3.0,2.0,4.0,2.0,3.0,2.0,3.0,2.0,3.0,5.0,5.0,3.0,2.0,2.0,1.0,1.0,2.0,1.0,4.0,3.0,1.0,0.0,1.0,1.0,4.0,5.0,6.0,2.0,2.0,3.0,3.0,3.0,7.0,1.0,2.0,5.0,3.0,5.0,7.0,9.0,5.0,1.0,1.0,3.0,5.0,6.0,0.0,0.0,0.0,1.0,2.0,5.0,7.0,4.0,4.0,4.0,3.0,3.0,3.0,4.0,4.0,3.0,3.0,2.0,1.0,2.0,2.0,0.0,2.0,2.0,3.0,8.0,3.0,2.0,2.0,4.0,5.0,2.0,4.0,3.0,1.0,2.0,5.0,3.0,2.0,2.0,3.0,5.0,2.0,3.0,3.0,2.0,3.0,6.0,2.0,3.0,4.0,4.0,6.0,6.0,2.0,2.0,2.0,0.0,1.0,4.0,4.0,3.0,3.0,0.0,2.0,2.0,3.0,2.0,4.0,3.0,2.0,3.0,3.0,4.0,6.0,6.0,2.0,3.0
Williamsburg,Brooklyn,neighborhood,110.0,126.0,152.0,137.0,120.0,127.0,118.0,131.0,77.0,84.0,92.0,83.0,62.0,78.0,90.0,85.0,112.0,111.0,101.0,103.0,121.0,122.0,107.0,122.0,156.0,152.0,139.0,156.0,170.0,171.0,182.0,174.0,221.0,240.0,247.0,257.0,226.0,194.0,176.0,202.0,190.0,237.0,304.0,306.0,284.0,327.0,317.0,369.0,409.0,314.0,364.0,428.0,454.0,464.0,607.0,649.0,533.0,467.0,503.0,473.0,500.0,517.0,545.0,548.0,591.0,679.0,804.0,856.0,655.0,564.0,476.0,452.0,591.0,553.0,563.0,599.0,816.0,844.0,900.0,902.0,742.0,637.0,572.0,499.0,652.0,642.0,745.0,735.0,902.0,974.0,1000.0,895.0,773.0,720.0,601.0,543.0,580.0,581.0,707.0,857.0,1035.0,1055.0,1298.0,1448.0,1236.0,1270.0,1120.0,1010.0,1056.0,722.0,724.0,653.0,640.0,669.0,643.0,626.0,462.0,387.0,323.0,255.0,311.0,344.0,332.0,399.0,817.0,1164.0,1448.0,1686.0,1611.0,1438.0,1253.0,1204.0,1154.0,985.0,1021.0,1054.0,862.0,725.0,625.0,509.0,320.0,320.0,306.0,259.0,270.0,253.0,277.0,247.0,349.0,441.0,486.0,535.0,434.0,392.0,423.0,380.0,409.0,382.0,459.0,444.0,547.0,637.0,657.0,694.0,557.0,531.0,544.0,448.0,418.0,390.0,472.0,475.0,622.0,720.0,853.0,829.0,765.0,578.0,477.0,433.0,421.0,433.0,523.0,560.0,706.0,790.0,880.0,844.0,761.0,564.0,451.0,381.0,386.0,402.0,539.0,583.0,585.0,654.0,793.0,734.0
Windsor Terrace,Brooklyn,neighborhood,5.0,5.0,3.0,4.0,4.0,6.0,7.0,8.0,3.0,11.0,14.0,8.0,15.0,18.0,11.0,10.0,11.0,8.0,9.0,8.0,9.0,9.0,10.0,13.0,10.0,12.0,14.0,11.0,6.0,4.0,13.0,14.0,9.0,12.0,13.0,11.0,14.0,11.0,5.0,6.0,7.0,13.0,21.0,26.0,22.0,23.0,23.0,16.0,21.0,21.0,19.0,20.0,19.0,22.0,19.0,17.0,32.0,38.0,34.0,36.0,37.0,42.0,41.0,43.0,37.0,51.0,47.0,43.0,40.0,28.0,23.0,15.0,24.0,28.0,34.0,33.0,33.0,37.0,35.0,45.0,45.0,40.0,40.0,34.0,45.0,43.0,37.0,40.0,38.0,58.0,52.0,47.0,57.0,62.0,62.0,53.0,39.0,46.0,47.0,50.0,38.0,50.0,49.0,56.0,46.0,57.0,50.0,45.0,35.0,34.0,31.0,47.0,58.0,49.0,38.0,57.0,32.0,30.0,22.0,18.0,25.0,26.0,21.0,18.0,22.0,42.0,51.0,46.0,56.0,53.0,53.0,58.0,61.0,32.0,44.0,37.0,35.0,33.0,28.0,26.0,23.0,20.0,14.0,12.0,14.0,14.0,18.0,16.0,19.0,16.0,18.0,25.0,20.0,11.0,15.0,13.0,16.0,6.0,14.0,12.0,11.0,14.0,21.0,22.0,27.0,20.0,16.0,12.0,12.0,21.0,7.0,15.0,13.0,20.0,29.0,35.0,41.0,48.0,42.0,42.0,27.0,17.0,23.0,25.0,25.0,38.0,37.0,40.0,44.0,43.0,27.0,19.0,22.0,22.0,22.0,28.0,22.0,32.0,33.0,38.0
Woodhaven,Queens,neighborhood,0.0,0.0,0.0,0.0,0.0,0.0,0.0,0.0,0.0,0.0,0.0,0.0,1.0,1.0,1.0,2.0,2.0,1.0,1.0,1.0,0.0,0.0,1.0,1.0,1.0,1.0,0.0,0.0,0.0,0.0,0.0,1.0,2.0,1.0,1.0,0.0,0.0,0.0,0.0,0.0,0.0,2.0,2.0,0.0,0.0,0.0,1.0,0.0,0.0,1.0,4.0,4.0,3.0,2.0,1.0,2.0,1.0,0.0,2.0,2.0,1.0,1.0,1.0,10.0,19.0,2.0,2.0,1.0,2.0,5.0,3.0,4.0,2.0,3.0,2.0,1.0,2.0,1.0,3.0,2.0,0.0,1.0,2.0,3.0,3.0,7.0,10.0,13.0,9.0,4.0,5.0,3.0,2.0,2.0,5.0,3.0,3.0,1.0,1.0,4.0,2.0,2.0,7.0,5.0,4.0,5.0,6.0,6.0,6.0,8.0,4.0,0.0,1.0,1.0,3.0,2.0,2.0,3.0,5.0,5.0,9.0,4.0,1.0,1.0,0.0,2.0,3.0,2.0,3.0,5.0,3.0,5.0,3.0,2.0,2.0,1.0,3.0,3.0,3.0,5.0,7.0,10.0,12.0,13.0,11.0,7.0,8.0,7.0,8.0,8.0,5.0,5.0,6.0,4.0,13.0,10.0,8.0,6.0,5.0,6.0,8.0,8.0,7.0,8.0,12.0,8.0,6.0,10.0,8.0,9.0,7.0,6.0,4.0,6.0,8.0,10.0,4.0,8.0,7.0,5.0,6.0,3.0,3.0,2.0,3.0,6.0,9.0,4.0,5.0,1.0,0.0,0.0,4.0,4.0,5.0,1.0,2.0,3.0,4.0,1.0
Woodlawn,Bronx,neighborhood,0.0,0.0,0.0,0.0,0.0,0.0,0.0,0.0,0.0,0.0,0.0,0.0,1.0,1.0,1.0,1.0,1.0,1.0,1.0,2.0,1.0,1.0,1.0,1.0,2.0,0.0,0.0,0.0,0.0,1.0,1.0,0.0,0.0,0.0,0.0,0.0,0.0,0.0,0.0,0.0,0.0,0.0,0.0,0.0,0.0,0.0,0.0,0.0,0.0,1.0,1.0,0.0,0.0,0.0,0.0,0.0,0.0,0.0,0.0,0.0,0.0,0.0,0.0,0.0,0.0,0.0,0.0,0.0,0.0,0.0,0.0,0.0,0.0,0.0,0.0,2.0,1.0,1.0,1.0,1.0,1.0,0.0,1.0,2.0,3.0,5.0,6.0,2.0,2.0,2.0,4.0,1.0,1.0,5.0,4.0,1.0,0.0,1.0,1.0,1.0,1.0,0.0,0.0,3.0,2.0,1.0,2.0,3.0,2.0,2.0,0.0,1.0,1.0,0.0,1.0,1.0,1.0,1.0,1.0,1.0,1.0,3.0,1.0,1.0,1.0,1.0,0.0,2.0,2.0,0.0,1.0,1.0,2.0,4.0,1.0,1.0,1.0,0.0,0.0,1.0,3.0,4.0,2.0,3.0,3.0,5.0,4.0,3.0,5.0,4.0,1.0,0.0,0.0,0.0,0.0,0.0,1.0,3.0,1.0,1.0,1.0,0.0,0.0,0.0,1.0,1.0,0.0,0.0,0.0,0.0,0.0,0.0,0.0,0.0,0.0,1.0,0.0,0.0,2.0,2.0,2.0,1.0,1.0,0.0,0.0,1.0,1.0,1.0,0.0,0.0,0.0,0.0,0.0,0.0,0.0,0.0,0.0,1.0,1.0,1.0
Woodside,Queens,neighborhood,6.0,5.0,4.0,11.0,8.0,9.0,6.0,3.0,3.0,1.0,0.0,0.0,0.0,1.0,2.0,1.0,1.0,0.0,1.0,2.0,0.0,0.0,0.0,1.0,1.0,1.0,1.0,1.0,3.0,3.0,3.0,2.0,2.0,2.0,0.0,4.0,4.0,1.0,1.0,0.0,0.0,2.0,5.0,6.0,6.0,5.0,11.0,14.0,18.0,13.0,10.0,11.0,12.0,15.0,11.0,6.0,10.0,15.0,12.0,15.0,25.0,43.0,29.0,24.0,30.0,34.0,21.0,20.0,23.0,32.0,38.0,23.0,14.0,19.0,21.0,13.0,15.0,19.0,21.0,16.0,14.0,18.0,31.0,33.0,36.0,47.0,58.0,51.0,44.0,71.0,74.0,41.0,46.0,57.0,41.0,46.0,36.0,29.0,38.0,57.0,49.0,42.0,25.0,39.0,46.0,31.0,41.0,50.0,33.0,20.0,41.0,41.0,45.0,38.0,30.0,26.0,27.0,23.0,27.0,25.0,20.0,22.0,19.0,7.0,12.0,28.0,40.0,52.0,44.0,33.0,43.0,50.0,40.0,30.0,30.0,27.0,25.0,31.0,39.0,28.0,37.0,32.0,27.0,23.0,20.0,21.0,30.0,17.0,13.0,14.0,21.0,18.0,14.0,24.0,25.0,25.0,26.0,32.0,35.0,30.0,28.0,28.0,36.0,49.0,49.0,42.0,34.0,27.0,33.0,33.0,33.0,41.0,49.0,38.0,33.0,39.0,38.0,36.0,42.0,39.0,49.0,42.0,39.0,41.0,37.0,28.0,25.0,38.0,43.0,42.0,47.0,43.0,49.0,46.0,61.0,42.0,30.0,33.0,38.0,32.0
Woodstock,Bronx,neighborhood,0.0,1.0,1.0,1.0,1.0,1.0,0.0,0.0,0.0,0.0,0.0,0.0,0.0,0.0,0.0,0.0,0.0,0.0,0.0,0.0,0.0,0.0,0.0,1.0,1.0,1.0,1.0,1.0,2.0,2.0,2.0,1.0,2.0,1.0,1.0,1.0,3.0,3.0,3.0,5.0,1.0,0.0,1.0,2.0,2.0,2.0,3.0,2.0,2.0,2.0,2.0,4.0,5.0,5.0,4.0,5.0,4.0,3.0,1.0,1.0,1.0,0.0,0.0,1.0,2.0,1.0,0.0,2.0,3.0,3.0,1.0,2.0,1.0,0.0,1.0,2.0,4.0,3.0,4.0,5.0,5.0,3.0,2.0,1.0,1.0,2.0,1.0,1.0,4.0,3.0,3.0,5.0,5.0,6.0,5.0,2.0,4.0,1.0,0.0,2.0,2.0,1.0,9.0,12.0,7.0,5.0,8.0,10.0,2.0,2.0,3.0,9.0,13.0,16.0,6.0,13.0,14.0,9.0,7.0,1.0,6.0,10.0,10.0,2.0,3.0,4.0,5.0,4.0,3.0,2.0,2.0,3.0,6.0,4.0,3.0,5.0,6.0,11.0,4.0,17.0,13.0,10.0,4.0,2.0,6.0,6.0,4.0,4.0,4.0,6.0,10.0,8.0,10.0,5.0,1.0,3.0,3.0,9.0,11.0,10.0,8.0,4.0,2.0,1.0,4.0,5.0,3.0,2.0,1.0,4.0,1.0,0.0,2.0,0.0,5.0,9.0,3.0,4.0,2.0,2.0,4.0,2.0,2.0,3.0,1.0,1.0,2.0,1.0,2.0,1.0,0.0,1.0,1.0,0.0,4.0,3.0,1.0,5.0,4.0,3.0
