areaName,Borough,areaType,2010-01,2010-02,2010-03,2010-04,2010-05,2010-06,2010-07,2010-08,2010-09,2010-10,2010-11,2010-12,2011-01,2011-02,2011-03,2011-04,2011-05,2011-06,2011-07,2011-08,2011-09,2011-10,2011-11,2011-12,2012-01,2012-02,2012-03,2012-04,2012-05,2012-06,2012-07,2012-08,2012-09,2012-10,2012-11,2012-12,2013-01,2013-02,2013-03,2013-04,2013-05,2013-06,2013-07,2013-08,2013-09,2013-10,2013-11,2013-12,2014-01,2014-02,2014-03,2014-04,2014-05,2014-06,2014-07,2014-08,2014-09,2014-10,2014-11,2014-12,2015-01,2015-02,2015-03,2015-04,2015-05,2015-06,2015-07,2015-08,2015-09,2015-10,2015-11,2015-12,2016-01,2016-02,2016-03,2016-04,2016-05,2016-06,2016-07,2016-08,2016-09,2016-10,2016-11,2016-12,2017-01,2017-02,2017-03,2017-04,2017-05,2017-06,2017-07,2017-08,2017-09,2017-10,2017-11,2017-12,2018-01,2018-02,2018-03,2018-04,2018-05,2018-06,2018-07,2018-08,2018-09,2018-10,2018-11,2018-12,2019-01,2019-02,2019-03,2019-04,2019-05,2019-06,2019-07,2019-08,2019-09,2019-10,2019-11,2019-12,2020-01,2020-02,2020-03,2020-04,2020-05,2020-06,2020-07,2020-08,2020-09,2020-10,2020-11,2020-12,2021-01,2021-02,2021-03,2021-04,2021-05,2021-06,2021-07,2021-08,2021-09,2021-10,2021-11,2021-12,2022-01,2022-02,2022-03,2022-04,2022-05,2022-06,2022-07,2022-08,2022-09,2022-10,2022-11,2022-12,2023-01,2023-02,2023-03,2023-04,2023-05,2023-06,2023-07,2023-08,2023-09,2023-10,2023-11,2023-12,2024-01,2024-02,2024-03,2024-04,2024-05,2024-06,2024-07,2024-08,2024-09,2024-10,2024-11,2024-12,2025-01,2025-02,2025-03,2025-04,2025-05,2025-06,2025-07,2025-08,2025-09,2025-10,2025-11,2025-12,2026-01,2026-02,2026-03,2026-04,2026-05,2026-06,2026-07,2026-08
Astoria,Queens,neighborhood,12.0,13.0,16.0,13.0,12.0,11.0,6.0,4.0,1.0,3.0,8.0,8.0,4.0,4.0,5.0,6.0,10.0,14.0,9.0,9.0,8.0,7.0,9.0,13.0,15.0,12.0,14.0,19.0,18.0,19.0,21.0,14.0,8.0,17.0,17.0,18.0,29.0,33.0,36.0,49.0,67.0,54.0,54.0,44.0,49.0,73.0,93.0,97.0,116.0,129.0,159.0,198.0,224.0,217.0,128.0,122.0,140.0,143.0,217.0,230.0,171.0,224.0,238.0,273.0,340.0,310.0,263.0,192.0,149.0,182.0,183.0,141.0,146.0,155.0,182.0,201.0,227.0,225.0,254.0,261.0,269.0,232.0,213.0,230.0,304.0,339.0,370.0,383.0,437.0,483.0,476.0,280.0,275.0,262.0,261.0,199.0,209.0,247.0,267.0,282.0,347.0,382.0,370.0,327.0,295.0,275.0,187.0,176.0,208.0,228.0,258.0,290.0,322.0,336.0,376.0,340.0,225.0,220.0,182.0,152.0,174.0,180.0,168.0,125.0,203.0,363.0,464.0,462.0,472.0,515.0,460.0,432.0,467.0,380.0,409.0,346.0,380.0,379.0,316.0,294.0,295.0,274.0,260.0,235.0,209.0,177.0,189.0,183.0,150.0,171.0,129.0,152.0,159.0,160.0,168.0,154.0,195.0,133.0,190.0,170.0,209.0,215.0,254.0,228.0,212.0,259.0,274.0,188.0,171.0,194.0,225.0,223.0,215.0,236.0,255.0,193.0,184.0,204.0,196.0,154.0,155.0,148.0,151.0,166.0,171.0,191.0,211.0,187.0,176.0,141.0,133.0,113.0,127.0,105.0,94.0,107.0,111.0,126.0,177.0,171.0
Auburndale,Queens,neighborhood,1.0,0.0,0.0,1.0,1.0,1.0,0.0,0.0,0.0,0.0,0.0,0.0,0.0,0.0,0.0,0.0,2.0,3.0,3.0,3.0,3.0,1.0,1.0,1.0,2.0,2.0,3.0,5.0,3.0,5.0,6.0,2.0,3.0,2.0,4.0,5.0,3.0,3.0,3.0,4.0,2.0,0.0,0.0,4.0,3.0,3.0,1.0,0.0,1.0,1.0,1.0,2.0,2.0,0.0,3.0,4.0,3.0,3.0,3.0,4.0,4.0,5.0,9.0,9.0,4.0,1.0,2.0,3.0,7.0,5.0,5.0,3.0,2.0,3.0,3.0,4.0,6.0,7.0,7.0,5.0,5.0,7.0,4.0,2.0,5.0,6.0,10.0,9.0,9.0,14.0,9.0,5.0,6.0,4.0,5.0,8.0,9.0,8.0,9.0,6.0,6.0,8.0,11.0,3.0,5.0,2.0,3.0,3.0,5.0,7.0,8.0,6.0,5.0,3.0,2.0,8.0,7.0,8.0,4.0,3.0,3.0,6.0,4.0,2.0,5.0,5.0,1.0,4.0,4.0,2.0,3.0,2.0,3.0,2.0,6.0,4.0,2.0,5.0,3.0,3.0,5.0,4.0,5.0,2.0,1.0,1.0,5.0,5.0,5.0,5.0,6.0,5.0,5.0,4.0,4.0,2.0,4.0,9.0,3.0,2.0,7.0,4.0,5.0,6.0,8.0,7.0,2.0,1.0,2.0,2.0,7.0,7.0,6.0,4.0,2.0,1.0,1.0,1.0,1.0,1.0,1.0,1.0,2.0,4.0,5.0,3.0,2.0,1.0,5.0,5.0,2.0,5.0,4.0,3.0,3.0,3.0,2.0,3.0,2.0,3.0
Bath Beach,Brooklyn,neighborhood,1.0,1.0,0.0,1.0,2.0,2.0,0.0,1.0,1.0,0.0,0.0,0.0,0.0,0.0,0.0,0.0,1.0,1.0,1.0,1.0,1.0,1.0,1.0,1.0,2.0,2.0,2.0,3.0,2.0,2.0,1.0,1.0,0.0,1.0,1.0,0.0,0.0,1.0,2.0,1.0,1.0,1.0,2.0,3.0,2.0,2.0,3.0,3.0,4.0,4.0,4.0,5.0,6.0,6.0,8.0,5.0,6.0,7.0,7.0,6.0,7.0,9.0,8.0,10.0,8.0,9.0,8.0,6.0,8.0,11.0,11.0,10.0,15.0,12.0,13.0,14.0,14.0,13.0,10.0,10.0,15.0,15.0,12.0,12.0,17.0,14.0,16.0,17.0,15.0,17.0,15.0,5.0,9.0,12.0,8.0,7.0,14.0,15.0,16.0,18.0,17.0,9.0,7.0,7.0,16.0,16.0,13.0,5.0,12.0,6.0,6.0,13.0,10.0,9.0,12.0,5.0,7.0,10.0,8.0,7.0,6.0,6.0,8.0,4.0,1.0,3.0,4.0,9.0,7.0,4.0,6.0,11.0,9.0,12.0,9.0,12.0,10.0,12.0,11.0,14.0,8.0,15.0,13.0,8.0,8.0,6.0,5.0,8.0,8.0,8.0,7.0,8.0,7.0,7.0,6.0,3.0,3.0,3.0,3.0,7.0,9.0,4.0,11.0,11.0,4.0,6.0,4.0,2.0,5.0,6.0,7.0,8.0,4.0,4.0,4.0,7.0,6.0,4.0,8.0,13.0,7.0,5.0,5.0,6.0,3.0,1.0,4.0,7.0,4.0,4.0,0.0,0.0,2.0,3.0,3.0,6.0,4.0,3.0,3.0,2.0
Battery Park City,Manhattan,neighborhood,26.0,22.0,19.0,23.0,15.0,13.0,9.0,8.0,14.0,12.0,10.0,15.0,15.0,15.0,13.0,17.0,25.0,33.0,34.0,39.0,36.0,37.0,39.0,31.0,24.0,29.0,28.0,32.0,35.0,43.0,53.0,40.0,37.0,38.0,44.0,34.0,29.0,27.0,34.0,37.0,39.0,39.0,38.0,45.0,37.0,33.0,24.0,29.0,24.0,26.0,33.0,35.0,29.0,32.0,29.0,33.0,32.0,35.0,29.0,23.0,23.0,16.0,19.0,21.0,27.0,26.0,24.0,39.0,32.0,38.0,34.0,32.0,39.0,34.0,37.0,30.0,34.0,35.0,30.0,42.0,42.0,30.0,24.0,20.0,25.0,25.0,26.0,30.0,36.0,32.0,33.0,26.0,26.0,30.0,21.0,17.0,16.0,17.0,14.0,15.0,27.0,29.0,28.0,30.0,30.0,29.0,21.0,12.0,16.0,12.0,16.0,18.0,27.0,33.0,29.0,24.0,15.0,19.0,16.0,9.0,8.0,10.0,10.0,6.0,30.0,43.0,48.0,48.0,42.0,40.0,40.0,40.0,43.0,33.0,38.0,34.0,18.0,16.0,17.0,14.0,8.0,4.0,7.0,10.0,9.0,6.0,7.0,11.0,10.0,9.0,19.0,21.0,19.0,17.0,19.0,11.0,13.0,11.0,13.0,11.0,11.0,16.0,25.0,26.0,22.0,20.0,11.0,11.0,8.0,9.0,12.0,14.0,21.0,19.0,20.0,16.0,15.0,17.0,12.0,10.0,13.0,13.0,10.0,5.0,8.0,13.0,23.0,22.0,18.0,20.0,15.0,15.0,13.0,9.0,7.0,7.0,10.0,13.0,8.0,9.0
Bay Ridge,Brooklyn,neighborhood,4.0,4.0,3.0,2.0,3.0,3.0,2.0,3.0,3.0,6.0,7.0,5.0,9.0,6.0,10.0,11.0,9.0,7.0,7.0,5.0,4.0,7.0,8.0,6.0,7.0,8.0,8.0,8.0,9.0,4.0,3.0,6.0,8.0,8.0,7.0,6.0,6.0,4.0,10.0,8.0,7.0,5.0,8.0,13.0,17.0,31.0,36.0,35.0,36.0,36.0,30.0,23.0,35.0,40.0,43.0,46.0,52.0,57.0,59.0,57.0,62.0,39.0,35.0,42.0,54.0,45.0,43.0,33.0,35.0,44.0,44.0,46.0,44.0,45.0,48.0,56.0,53.0,59.0,60.0,51.0,56.0,60.0,58.0,52.0,62.0,79.0,88.0,86.0,103.0,120.0,129.0,77.0,61.0,75.0,73.0,64.0,80.0,86.0,90.0,114.0,113.0,125.0,105.0,124.0,117.0,118.0,90.0,76.0,93.0,113.0,112.0,88.0,91.0,99.0,109.0,107.0,68.0,88.0,82.0,59.0,65.0,60.0,45.0,20.0,30.0,54.0,77.0,86.0,114.0,110.0,90.0,69.0,57.0,58.0,71.0,60.0,63.0,72.0,73.0,65.0,44.0,45.0,46.0,40.0,39.0,46.0,58.0,63.0,65.0,60.0,51.0,52.0,48.0,54.0,49.0,40.0,56.0,62.0,69.0,41.0,39.0,36.0,42.0,37.0,51.0,56.0,37.0,29.0,40.0,37.0,33.0,27.0,30.0,35.0,35.0,35.0,29.0,37.0,47.0,40.0,36.0,47.0,49.0,39.0,43.0,42.0,31.0,38.0,33.0,38.0,34.0,29.0,34.0,26.0,30.0,24.0,42.0,31.0,43.0,37.0
Baychester,Bronx,neighborhood,0.0,0.0,0.0,0.0,0.0,0.0,0.0,0.0,0.0,0.0,0.0,0.0,0.0,0.0,0.0,0.0,0.0,0.0,0.0,0.0,0.0,0.0,0.0,0.0,0.0,0.0,0.0,1.0,1.0,1.0,0.0,0.0,0.0,0.0,0.0,0.0,0.0,0.0,0.0,0.0,1.0,0.0,0.0,0.0,0.0,0.0,0.0,0.0,0.0,0.0,0.0,0.0,0.0,0.0,0.0,0.0,0.0,0.0,0.0,0.0,0.0,0.0,0.0,0.0,0.0,0.0,0.0,0.0,0.0,0.0,0.0,0.0,0.0,0.0,0.0,0.0,0.0,0.0,0.0,0.0,0.0,0.0,0.0,0.0,0.0,0.0,1.0,2.0,2.0,2.0,0.0,0.0,0.0,0.0,0.0,0.0,0.0,0.0,0.0,0.0,0.0,0.0,0.0,0.0,0.0,0.0,0.0,0.0,0.0,1.0,1.0,0.0,1.0,1.0,0.0,0.0,0.0,0.0,0.0,1.0,0.0,1.0,1.0,3.0,3.0,4.0,4.0,5.0,3.0,1.0,2.0,2.0,1.0,1.0,1.0,1.0,0.0,0.0,0.0,0.0,0.0,0.0,0.0,0.0,0.0,2.0,1.0,2.0,2.0,0.0,1.0,0.0,0.0,0.0,0.0,1.0,0.0,0.0,1.0,1.0,0.0,0.0,3.0,2.0,0.0,0.0,1.0,0.0,0.0,2.0,4.0,2.0,1.0,0.0,2.0,1.0,0.0,1.0,2.0,0.0,0.0,0.0,1.0,2.0,0.0,0.0,0.0,0.0,0.0,0.0,0.0,0.0,0.0,0.0,1.0,2.0,1.0,1.0,1.0,3.0
Bayside,Queens,neighborhood,3.0,3.0,2.0,0.0,0.0,0.0,0.0,0.0,0.0,0.0,0.0,1.0,0.0,0.0,1.0,3.0,5.0,2.0,5.0,8.0,6.0,7.0,7.0,4.0,3.0,3.0,9.0,7.0,10.0,8.0,8.0,8.0,6.0,4.0,4.0,6.0,4.0,7.0,9.0,7.0,6.0,7.0,7.0,3.0,6.0,6.0,8.0,7.0,6.0,4.0,7.0,5.0,8.0,9.0,12.0,17.0,14.0,14.0,14.0,12.0,18.0,16.0,16.0,15.0,13.0,10.0,15.0,13.0,13.0,7.0,8.0,8.0,10.0,24.0,22.0,26.0,22.0,16.0,13.0,10.0,17.0,17.0,19.0,21.0,20.0,18.0,22.0,19.0,22.0,24.0,42.0,21.0,18.0,19.0,20.0,17.0,17.0,24.0,21.0,12.0,14.0,18.0,20.0,16.0,13.0,13.0,10.0,11.0,10.0,12.0,17.0,7.0,8.0,11.0,14.0,14.0,19.0,19.0,14.0,13.0,8.0,5.0,5.0,2.0,2.0,8.0,10.0,13.0,9.0,9.0,10.0,7.0,7.0,8.0,9.0,9.0,6.0,8.0,11.0,12.0,10.0,11.0,7.0,9.0,9.0,10.0,13.0,17.0,18.0,11.0,9.0,11.0,14.0,13.0,15.0,13.0,10.0,14.0,13.0,15.0,6.0,9.0,18.0,17.0,15.0,9.0,11.0,10.0,8.0,8.0,9.0,9.0,8.0,11.0,18.0,15.0,12.0,22.0,15.0,10.0,8.0,7.0,12.0,12.0,14.0,14.0,12.0,4.0,10.0,11.0,7.0,8.0,6.0,9.0,14.0,12.0,10.0,10.0,9.0,8.0
Bedford Park,Bronx,neighborhood,0.0,0.0,0.0,0.0,0.0,0.0,0.0,0.0,0.0,0.0,0.0,0.0,0.0,0.0,0.0,0.0,1.0,1.0,0.0,0.0,0.0,0.0,0.0,0.0,0.0,0.0,0.0,0.0,0.0,0.0,0.0,0.0,0.0,0.0,0.0,0.0,0.0,0.0,1.0,0.0,0.0,0.0,0.0,0.0,0.0,0.0,0.0,0.0,0.0,0.0,0.0,0.0,0.0,1.0,5.0,3.0,4.0,3.0,3.0,2.0,2.0,1.0,4.0,4.0,3.0,3.0,5.0,4.0,6.0,13.0,6.0,8.0,5.0,3.0,1.0,2.0,2.0,1.0,3.0,8.0,4.0,5.0,1.0,2.0,6.0,6.0,5.0,5.0,8.0,8.0,7.0,3.0,1.0,4.0,2.0,1.0,2.0,3.0,4.0,1.0,1.0,0.0,1.0,1.0,2.0,5.0,3.0,2.0,1.0,0.0,2.0,2.0,1.0,1.0,2.0,3.0,3.0,1.0,1.0,4.0,3.0,7.0,2.0,0.0,0.0,0.0,1.0,0.0,0.0,0.0,0.0,0.0,1.0,4.0,4.0,1.0,0.0,1.0,1.0,1.0,2.0,1.0,1.0,2.0,3.0,2.0,3.0,5.0,6.0,4.0,4.0,6.0,6.0,3.0,5.0,7.0,2.0,4.0,5.0,6.0,5.0,1.0,2.0,1.0,0.0,2.0,0.0,0.0,2.0,2.0,4.0,2.0,1.0,2.0,0.0,0.0,1.0,0.0,0.0,2.0,2.0,1.0,2.0,3.0,0.0,0.0,0.0,0.0,0.0,0.0,0.0,0.0,2.0,2.0,0.0,0.0,0.0,1.0,2.0,2.0
Bedford-Stuyvesant,Brooklyn,neighborhood,36.0,34.0,33.0,35.0,28.0,27.0,18.0,17.0,11.0,13.0,15.0,44.0,49.0,32.0,24.0,32.0,29.0,34.0,40.0,38.0,25.0,26.0,39.0,37.0,41.0,41.0,46.0,64.0,68.0,68.0,64.0,82.0,79.0,56.0,51.0,53.0,70.0,78.0,78.0,80.0,84.0,103.0,131.0,158.0,142.0,174.0,181.0,210.0,251.0,261.0,299.0,324.0,336.0,352.0,405.0,505.0,448.0,404.0,471.0,473.0,451.0,445.0,508.0,549.0,580.0,652.0,776.0,756.0,587.0,500.0,383.0,356.0,386.0,391.0,437.0,473.0,547.0,580.0,690.0,732.0,684.0,639.0,635.0,573.0,622.0,558.0,619.0,632.0,791.0,930.0,974.0,607.0,511.0,549.0,549.0,424.0,456.0,416.0,446.0,526.0,686.0,773.0,914.0,857.0,613.0,803.0,654.0,655.0,691.0,611.0,648.0,646.0,737.0,787.0,866.0,773.0,559.0,489.0,434.0,348.0,399.0,326.0,300.0,299.0,636.0,898.0,1192.0,1371.0,1344.0,1129.0,1079.0,983.0,903.0,840.0,899.0,888.0,1018.0,1162.0,1233.0,1058.0,728.0,737.0,634.0,568.0,578.0,375.0,421.0,401.0,434.0,498.0,531.0,549.0,495.0,479.0,414.0,355.0,439.0,385.0,444.0,456.0,540.0,644.0,593.0,571.0,442.0,419.0,402.0,358.0,428.0,398.0,422.0,385.0,486.0,561.0,598.0,644.0,566.0,477.0,408.0,382.0,361.0,374.0,366.0,440.0,495.0,536.0,585.0,466.0,397.0,354.0,316.0,262.0,250.0,252.0,311.0,354.0,379.0,513.0,551.0,486.0
Bellerose,Queens,neighborhood,0.0,0.0,0.0,0.0,0.0,0.0,0.0,0.0,0.0,0.0,0.0,0.0,0.0,0.0,0.0,0.0,0.0,0.0,0.0,0.0,0.0,0.0,0.0,0.0,0.0,0.0,0.0,0.0,0.0,0.0,0.0,0.0,0.0,0.0,0.0,0.0,0.0,0.0,0.0,0.0,0.0,0.0,0.0,0.0,0.0,2.0,3.0,4.0,4.0,2.0,2.0,3.0,3.0,3.0,2.0,2.0,4.0,3.0,3.0,3.0,3.0,2.0,1.0,2.0,1.0,2.0,1.0,3.0,2.0,2.0,2.0,2.0,2.0,1.0,2.0,1.0,3.0,4.0,3.0,3.0,2.0,5.0,6.0,2.0,2.0,2.0,1.0,0.0,0.0,3.0,4.0,1.0,0.0,1.0,1.0,1.0,0.0,2.0,2.0,0.0,1.0,1.0,1.0,1.0,1.0,2.0,3.0,2.0,1.0,2.0,1.0,1.0,1.0,2.0,2.0,3.0,3.0,1.0,2.0,2.0,2.0,1.0,1.0,1.0,1.0,0.0,0.0,0.0,0.0,0.0,1.0,1.0,1.0,0.0,0.0,0.0,0.0,0.0,0.0,0.0,1.0,0.0,0.0,0.0,0.0,0.0,1.0,2.0,1.0,0.0,0.0,0.0,2.0,2.0,1.0,1.0,1.0,3.0,2.0,1.0,0.0,0.0,2.0,3.0,2.0,2.0,0.0,0.0,1.0,1.0,3.0,1.0,2.0,0.0,0.0,2.0,4.0,0.0,0.0,0.0,0.0,1.0,1.0,0.0,0.0,0.0,1.0,1.0,2.0,3.0,1.0,0.0,0.0,0.0,1.0,0.0,0.0,0.0,0.0,2.0
Belmont,Bronx,neighborhood,0.0,0.0,1.0,1.0,0.0,0.0,0.0,0.0,0.0,0.0,0.0,0.0,0.0,0.0,0.0,0.0,0.0,0.0,0.0,0.0,1.0,1.0,0.0,0.0,0.0,0.0,0.0,0.0,0.0,0.0,0.0,0.0,2.0,20.0,41.0,3.0,4.0,1.0,1.0,0.0,0.0,0.0,3.0,3.0,1.0,2.0,2.0,2.0,2.0,2.0,0.0,0.0,0.0,0.0,0.0,0.0,0.0,0.0,1.0,3.0,5.0,8.0,6.0,3.0,0.0,0.0,2.0,3.0,3.0,1.0,6.0,4.0,2.0,2.0,2.0,3.0,5.0,5.0,6.0,10.0,11.0,8.0,6.0,8.0,7.0,7.0,8.0,6.0,7.0,9.0,12.0,10.0,10.0,9.0,8.0,2.0,1.0,2.0,5.0,7.0,14.0,17.0,18.0,16.0,20.0,19.0,18.0,13.0,15.0,13.0,14.0,11.0,14.0,11.0,18.0,23.0,27.0,17.0,13.0,6.0,3.0,4.0,5.0,3.0,9.0,14.0,15.0,15.0,14.0,7.0,6.0,8.0,11.0,12.0,8.0,8.0,12.0,16.0,11.0,10.0,4.0,7.0,9.0,2.0,4.0,3.0,4.0,6.0,14.0,10.0,11.0,16.0,9.0,9.0,10.0,9.0,8.0,11.0,9.0,8.0,10.0,12.0,7.0,7.0,5.0,4.0,5.0,4.0,7.0,7.0,8.0,9.0,16.0,10.0,13.0,8.0,4.0,3.0,5.0,2.0,4.0,15.0,19.0,16.0,15.0,16.0,12.0,11.0,12.0,12.0,11.0,5.0,4.0,3.0,2.0,2.0,3.0,3.0,4.0,3.0
Bensonhurst,Brooklyn,neighborhood,0.0,0.0,0.0,0.0,0.0,1.0,1.0,1.0,1.0,2.0,2.0,2.0,2.0,2.0,2.0,2.0,2.0,4.0,3.0,3.0,2.0,2.0,3.0,5.0,1.0,1.0,0.0,1.0,3.0,3.0,2.0,3.0,2.0,0.0,0.0,0.0,0.0,0.0,0.0,2.0,3.0,3.0,3.0,3.0,3.0,3.0,2.0,2.0,1.0,4.0,7.0,4.0,8.0,7.0,6.0,6.0,5.0,4.0,4.0,3.0,6.0,9.0,8.0,9.0,13.0,7.0,5.0,6.0,7.0,7.0,10.0,15.0,12.0,12.0,10.0,8.0,16.0,10.0,9.0,16.0,15.0,17.0,17.0,8.0,13.0,9.0,14.0,8.0,12.0,16.0,14.0,8.0,6.0,5.0,5.0,7.0,11.0,11.0,16.0,23.0,12.0,11.0,6.0,16.0,32.0,31.0,31.0,21.0,23.0,15.0,18.0,17.0,19.0,14.0,23.0,25.0,13.0,8.0,6.0,7.0,5.0,7.0,6.0,2.0,5.0,5.0,4.0,17.0,15.0,7.0,9.0,7.0,9.0,10.0,11.0,9.0,12.0,10.0,24.0,23.0,18.0,17.0,13.0,12.0,17.0,23.0,19.0,20.0,14.0,12.0,5.0,13.0,10.0,9.0,14.0,17.0,14.0,9.0,8.0,5.0,4.0,7.0,11.0,8.0,14.0,15.0,5.0,3.0,4.0,6.0,6.0,7.0,7.0,13.0,8.0,12.0,10.0,7.0,4.0,3.0,9.0,9.0,6.0,7.0,6.0,8.0,7.0,6.0,12.0,10.0,6.0,5.0,8.0,5.0,6.0,2.0,5.0,6.0,8.0,9.0
Bergen Beach,Brooklyn,neighborhood,0.0,0.0,0.0,0.0,0.0,0.0,0.0,0.0,0.0,0.0,0.0,0.0,0.0,0.0,0.0,0.0,1.0,0.0,0.0,0.0,0.0,0.0,0.0,0.0,0.0,0.0,1.0,1.0,1.0,1.0,2.0,1.0,1.0,1.0,0.0,0.0,0.0,0.0,0.0,0.0,0.0,1.0,1.0,2.0,4.0,3.0,0.0,0.0,1.0,1.0,1.0,1.0,1.0,1.0,3.0,5.0,9.0,7.0,6.0,5.0,3.0,2.0,2.0,5.0,5.0,3.0,3.0,2.0,3.0,2.0,0.0,1.0,1.0,1.0,2.0,1.0,2.0,0.0,2.0,3.0,2.0,9.0,10.0,7.0,10.0,16.0,19.0,14.0,6.0,3.0,5.0,13.0,8.0,8.0,8.0,5.0,2.0,1.0,4.0,4.0,8.0,7.0,9.0,9.0,7.0,6.0,9.0,8.0,7.0,11.0,7.0,6.0,2.0,3.0,2.0,5.0,9.0,6.0,7.0,9.0,7.0,7.0,5.0,3.0,1.0,2.0,3.0,7.0,5.0,5.0,3.0,2.0,5.0,3.0,1.0,0.0,4.0,4.0,7.0,4.0,4.0,3.0,2.0,1.0,3.0,5.0,4.0,0.0,2.0,4.0,7.0,11.0,15.0,20.0,12.0,11.0,3.0,4.0,8.0,11.0,8.0,14.0,12.0,13.0,9.0,6.0,7.0,7.0,7.0,10.0,7.0,7.0,10.0,6.0,3.0,3.0,8.0,9.0,7.0,4.0,2.0,1.0,0.0,0.0,1.0,1.0,1.0,3.0,4.0,2.0,2.0,5.0,3.0,2.0,1.0,1.0,1.0,2.0,5.0,5.0
Boerum Hill,Brooklyn,neighborhood,6.0,6.0,7.0,7.0,6.0,5.0,6.0,7.0,6.0,5.0,2.0,2.0,4.0,3.0,7.0,6.0,6.0,5.0,3.0,5.0,3.0,3.0,3.0,4.0,3.0,5.0,6.0,6.0,7.0,10.0,10.0,13.0,6.0,4.0,9.0,4.0,5.0,4.0,5.0,10.0,12.0,9.0,12.0,15.0,23.0,20.0,12.0,15.0,24.0,16.0,16.0,27.0,21.0,32.0,31.0,28.0,43.0,30.0,20.0,12.0,7.0,8.0,12.0,15.0,16.0,23.0,29.0,26.0,15.0,11.0,3.0,4.0,9.0,7.0,13.0,23.0,41.0,36.0,31.0,35.0,27.0,27.0,25.0,21.0,27.0,27.0,27.0,32.0,38.0,29.0,29.0,26.0,28.0,28.0,28.0,19.0,15.0,16.0,16.0,18.0,26.0,27.0,22.0,19.0,21.0,24.0,27.0,20.0,17.0,15.0,14.0,20.0,35.0,39.0,37.0,42.0,32.0,25.0,15.0,8.0,7.0,8.0,9.0,12.0,26.0,44.0,59.0,62.0,66.0,68.0,53.0,48.0,34.0,33.0,24.0,17.0,29.0,22.0,29.0,15.0,13.0,14.0,6.0,5.0,12.0,9.0,5.0,5.0,20.0,24.0,27.0,12.0,13.0,19.0,16.0,18.0,18.0,23.0,28.0,22.0,19.0,32.0,39.0,27.0,18.0,20.0,18.0,18.0,13.0,18.0,14.0,11.0,13.0,15.0,34.0,36.0,34.0,27.0,28.0,19.0,13.0,10.0,9.0,19.0,32.0,32.0,33.0,26.0,16.0,19.0,22.0,23.0,18.0,13.0,19.0,15.0,16.0,24.0,26.0,18.0
Borough Park,Brooklyn,neighborhood,2.0,2.0,2.0,2.0,2.0,0.0,0.0,0.0,1.0,0.0,1.0,1.0,1.0,1.0,1.0,0.0,0.0,0.0,0.0,0.0,0.0,0.0,0.0,1.0,2.0,2.0,1.0,1.0,2.0,3.0,2.0,2.0,2.0,1.0,1.0,1.0,0.0,1.0,1.0,0.0,1.0,3.0,3.0,2.0,3.0,2.0,1.0,2.0,1.0,2.0,3.0,4.0,4.0,4.0,3.0,4.0,2.0,4.0,5.0,5.0,4.0,4.0,4.0,6.0,5.0,3.0,3.0,8.0,10.0,9.0,3.0,5.0,5.0,8.0,12.0,8.0,7.0,10.0,7.0,6.0,7.0,3.0,4.0,2.0,5.0,5.0,5.0,7.0,11.0,14.0,13.0,6.0,7.0,12.0,5.0,3.0,1.0,4.0,2.0,4.0,7.0,10.0,13.0,8.0,8.0,13.0,13.0,6.0,14.0,11.0,10.0,11.0,20.0,8.0,11.0,6.0,3.0,5.0,7.0,4.0,7.0,11.0,14.0,5.0,11.0,9.0,12.0,19.0,12.0,8.0,5.0,5.0,8.0,10.0,16.0,13.0,8.0,5.0,9.0,17.0,13.0,15.0,13.0,8.0,5.0,5.0,7.0,5.0,11.0,16.0,12.0,9.0,5.0,9.0,8.0,7.0,3.0,3.0,6.0,3.0,4.0,8.0,12.0,9.0,7.0,2.0,1.0,3.0,4.0,3.0,3.0,4.0,5.0,7.0,7.0,9.0,5.0,3.0,13.0,8.0,7.0,8.0,14.0,8.0,2.0,6.0,11.0,7.0,3.0,10.0,11.0,9.0,1.0,4.0,4.0,9.0,11.0,15.0,15.0,15.0
Briarwood,Queens,neighborhood,0.0,0.0,0.0,0.0,1.0,1.0,0.0,0.0,0.0,0.0,0.0,1.0,1.0,2.0,2.0,2.0,2.0,2.0,2.0,1.0,0.0,0.0,0.0,1.0,0.0,0.0,0.0,0.0,0.0,0.0,0.0,1.0,1.0,1.0,1.0,1.0,2.0,1.0,1.0,2.0,2.0,1.0,1.0,1.0,1.0,0.0,0.0,1.0,6.0,5.0,5.0,3.0,4.0,3.0,3.0,0.0,2.0,3.0,3.0,1.0,0.0,1.0,2.0,2.0,4.0,10.0,7.0,5.0,5.0,9.0,5.0,3.0,2.0,3.0,4.0,7.0,10.0,7.0,5.0,4.0,2.0,2.0,4.0,3.0,6.0,4.0,7.0,8.0,7.0,7.0,11.0,7.0,7.0,5.0,6.0,5.0,6.0,1.0,1.0,3.0,3.0,3.0,6.0,6.0,5.0,4.0,5.0,8.0,9.0,5.0,3.0,5.0,7.0,2.0,6.0,13.0,11.0,6.0,4.0,2.0,4.0,2.0,1.0,0.0,0.0,1.0,7.0,8.0,8.0,12.0,8.0,7.0,4.0,3.0,4.0,2.0,0.0,0.0,3.0,2.0,4.0,6.0,8.0,7.0,11.0,12.0,11.0,2.0,6.0,6.0,4.0,4.0,3.0,2.0,1.0,2.0,3.0,3.0,6.0,4.0,3.0,1.0,3.0,1.0,1.0,3.0,1.0,6.0,3.0,1.0,2.0,1.0,3.0,7.0,4.0,2.0,0.0,2.0,3.0,2.0,1.0,0.0,0.0,2.0,2.0,1.0,5.0,4.0,3.0,7.0,5.0,2.0,1.0,3.0,3.0,3.0,1.0,3.0,1.0,1.0
Brighton Beach,Brooklyn,neighborhood,2.0,2.0,1.0,1.0,0.0,0.0,0.0,0.0,0.0,0.0,0.0,0.0,0.0,0.0,0.0,0.0,0.0,0.0,0.0,0.0,0.0,0.0,0.0,0.0,0.0,0.0,0.0,0.0,0.0,0.0,0.0,0.0,1.0,1.0,2.0,2.0,3.0,3.0,1.0,2.0,2.0,1.0,3.0,4.0,4.0,4.0,4.0,3.0,2.0,3.0,4.0,2.0,2.0,2.0,5.0,7.0,3.0,2.0,3.0,3.0,4.0,7.0,11.0,12.0,12.0,11.0,10.0,10.0,12.0,14.0,18.0,16.0,11.0,10.0,11.0,12.0,10.0,3.0,6.0,7.0,6.0,6.0,8.0,7.0,9.0,6.0,6.0,9.0,15.0,17.0,13.0,6.0,5.0,7.0,9.0,5.0,4.0,10.0,8.0,4.0,6.0,5.0,5.0,7.0,11.0,9.0,3.0,5.0,5.0,6.0,5.0,5.0,3.0,2.0,6.0,6.0,4.0,2.0,1.0,1.0,0.0,0.0,3.0,3.0,4.0,4.0,3.0,5.0,6.0,5.0,6.0,7.0,5.0,6.0,6.0,5.0,5.0,3.0,4.0,8.0,5.0,4.0,3.0,3.0,5.0,7.0,5.0,6.0,7.0,6.0,4.0,9.0,7.0,3.0,6.0,3.0,7.0,5.0,16.0,7.0,4.0,4.0,0.0,4.0,4.0,5.0,3.0,2.0,0.0,3.0,2.0,3.0,5.0,7.0,6.0,3.0,4.0,3.0,2.0,2.0,2.0,3.0,4.0,2.0,1.0,2.0,3.0,2.0,1.0,0.0,2.0,2.0,4.0,4.0,4.0,6.0,5.0,6.0,4.0,1.0
Bronx,Bronx,borough,19.0,22.0,25.0,22.0,23.0,23.0,26.0,23.0,21.0,27.0,28.0,28.0,32.0,22.0,28.0,26.0,32.0,33.0,29.0,33.0,30.0,36.0,34.0,29.0,30.0,31.0,35.0,41.0,39.0,36.0,41.0,47.0,44.0,61.0,80.0,38.0,40.0,33.0,39.0,40.0,40.0,45.0,49.0,51.0,51.0,50.0,62.0,67.0,67.0,64.0,54.0,53.0,53.0,67.0,73.0,81.0,78.0,67.0,78.0,89.0,103.0,117.0,116.0,107.0,102.0,120.0,137.0,145.0,125.0,150.0,151.0,119.0,116.0,109.0,108.0,102.0,123.0,136.0,151.0,176.0,178.0,170.0,176.0,171.0,197.0,208.0,239.0,199.0,191.0,170.0,191.0,127.0,118.0,150.0,142.0,108.0,125.0,130.0,156.0,168.0,197.0,211.0,236.0,251.0,227.0,283.0,243.0,239.0,281.0,263.0,261.0,236.0,234.0,203.0,220.0,231.0,237.0,199.0,191.0,156.0,150.0,147.0,118.0,90.0,114.0,156.0,189.0,181.0,147.0,129.0,120.0,120.0,134.0,144.0,130.0,122.0,129.0,166.0,171.0,163.0,154.0,167.0,181.0,152.0,137.0,154.0,184.0,175.0,204.0,184.0,179.0,184.0,168.0,176.0,177.0,161.0,186.0,170.0,168.0,163.0,152.0,161.0,155.0,166.0,147.0,134.0,138.0,119.0,123.0,120.0,139.0,132.0,134.0,140.0,146.0,128.0,126.0,130.0,127.0,126.0,121.0,146.0,167.0,179.0,164.0,158.0,124.0,125.0,118.0,130.0,127.0,111.0,98.0,86.0,87.0,105.0,121.0,126.0,131.0,133.0
Bronxwood,Bronx,neighborhood,0.0,0.0,0.0,0.0,0.0,0.0,0.0,0.0,0.0,0.0,0.0,0.0,0.0,0.0,0.0,0.0,1.0,1.0,0.0,0.0,0.0,0.0,0.0,0.0,0.0,0.0,0.0,0.0,0.0,0.0,0.0,2.0,2.0,0.0,0.0,0.0,0.0,0.0,1.0,1.0,0.0,0.0,0.0,0.0,0.0,0.0,1.0,1.0,1.0,0.0,0.0,0.0,0.0,0.0,0.0,0.0,0.0,1.0,1.0,1.0,0.0,0.0,0.0,0.0,2.0,2.0,3.0,1.0,1.0,1.0,1.0,0.0,0.0,0.0,0.0,0.0,0.0,0.0,1.0,2.0,1.0,2.0,2.0,2.0,1.0,2.0,2.0,5.0,4.0,2.0,1.0,0.0,0.0,2.0,2.0,3.0,4.0,2.0,5.0,4.0,2.0,2.0,5.0,3.0,0.0,0.0,0.0,0.0,0.0,1.0,1.0,2.0,3.0,3.0,1.0,10.0,11.0,5.0,4.0,3.0,3.0,3.0,0.0,1.0,1.0,1.0,1.0,2.0,3.0,0.0,0.0,1.0,0.0,1.0,1.0,1.0,1.0,0.0,0.0,0.0,0.0,0.0,0.0,2.0,1.0,6.0,8.0,4.0,4.0,5.0,1.0,0.0,0.0,1.0,1.0,2.0,3.0,6.0,4.0,1.0,1.0,1.0,2.0,5.0,7.0,4.0,3.0,2.0,3.0,0.0,1.0,0.0,2.0,1.0,0.0,1.0,1.0,3.0,2.0,0.0,0.0,2.0,0.0,0.0,0.0,0.0,0.0,1.0,2.0,2.0,1.0,1.0,2.0,1.0,2.0,3.0,1.0,1.0,0.0,0.0
Brooklyn,Brooklyn,borough,245.0,239.0,241.0,246.0,230.0,233.0,228.0,232.0,206.0,186.0,188.0,209.0,251.0,238.0,246.0,263.0,300.0,337.0,350.0,299.0,222.0,213.0,251.0,235.0,276.0,318.0,360.0,405.0,417.0,448.0,476.0,485.0,465.0,421.0,403.0,402.0,471.0,458.0,453.0,520.0,604.0,677.0,876.0,984.0,883.0,993.0,982.0,981.0,1091.0,1064.0,1244.0,1394.0,1604.0,1738.0,2036.0,2128.0,2029.0,1842.0,1826.0,1801.0,1995.0,2125.0,2260.0,2413.0,2616.0,3110.0,3724.0,3687.0,2828.0,2405.0,1971.0,1879.0,1965.0,1971.0,2235.0,2444.0,3065.0,3348.0,3622.0,3908.0,3463.0,3002.0,2958.0,2648.0,2983.0,2896.0,3398.0,3531.0,4258.0,4989.0,5127.0,3450.0,3012.0,2923.0,2843.0,2362.0,2535.0,2438.0,2683.0,3095.0,4016.0,4599.0,5390.0,5533.0,4294.0,4786.0,4223.0,3950.0,4056.0,3600.0,3743.0,3666.0,4127.0,4072.0,4346.0,4112.0,3090.0,2551.0,2194.0,1872.0,2063.0,2001.0,1832.0,1630.0,3283.0,4770.0,6380.0,7327.0,6952.0,5944.0,5329.0,4821.0,4705.0,4326.0,4554.0,4502.0,4763.0,4886.0,5042.0,4628.0,3010.0,3034.0,2740.0,2421.0,2435.0,2242.0,2631.0,2342.0,2605.0,2810.0,3079.0,3014.0,2688.0,2405.0,2420.0,2097.0,2382.0,2139.0,2446.0,2269.0,2802.0,3211.0,3256.0,3153.0,2652.0,2556.0,2401.0,2042.0,2239.0,2194.0,2369.0,2256.0,2773.0,3034.0,3523.0,3546.0,3104.0,2691.0,2412.0,2112.0,2100.0,1909.0,2065.0,2226.0,2687.0,2905.0,3128.0,2842.0,2355.0,2026.0,1772.0,1656.0,1576.0,1512.0,1868.0,1974.0,2362.0,2762.0,2944.0,2534.0
Brooklyn Heights,Brooklyn,neighborhood,2.0,5.0,8.0,2.0,6.0,8.0,8.0,9.0,12.0,13.0,8.0,5.0,5.0,7.0,9.0,12.0,11.0,13.0,14.0,11.0,5.0,9.0,8.0,7.0,7.0,7.0,11.0,14.0,17.0,23.0,19.0,18.0,19.0,14.0,11.0,6.0,16.0,13.0,4.0,7.0,18.0,16.0,23.0,19.0,18.0,20.0,18.0,13.0,11.0,13.0,16.0,13.0,23.0,30.0,32.0,39.0,37.0,27.0,27.0,29.0,28.0,22.0,19.0,24.0,25.0,26.0,36.0,40.0,34.0,34.0,30.0,27.0,33.0,32.0,23.0,17.0,21.0,30.0,37.0,41.0,47.0,37.0,38.0,35.0,31.0,37.0,37.0,42.0,43.0,60.0,47.0,41.0,27.0,33.0,17.0,16.0,20.0,14.0,11.0,12.0,16.0,27.0,38.0,30.0,40.0,30.0,27.0,30.0,31.0,35.0,35.0,30.0,37.0,43.0,39.0,38.0,35.0,33.0,22.0,16.0,24.0,24.0,23.0,22.0,44.0,65.0,87.0,86.0,89.0,68.0,53.0,42.0,29.0,26.0,24.0,15.0,21.0,19.0,25.0,17.0,17.0,10.0,16.0,12.0,12.0,13.0,12.0,13.0,14.0,19.0,26.0,29.0,34.0,25.0,33.0,29.0,26.0,26.0,31.0,25.0,27.0,36.0,31.0,31.0,34.0,42.0,42.0,30.0,35.0,34.0,31.0,29.0,31.0,36.0,43.0,40.0,30.0,28.0,19.0,17.0,26.0,19.0,17.0,14.0,22.0,31.0,25.0,36.0,26.0,25.0,20.0,12.0,12.0,13.0,15.0,14.0,16.0,20.0,24.0,20.0
Brookville,Queens,neighborhood,1.0,1.0,1.0,0.0,0.0,0.0,0.0,0.0,0.0,0.0,0.0,0.0,0.0,0.0,0.0,0.0,0.0,0.0,0.0,0.0,0.0,0.0,0.0,0.0,0.0,0.0,0.0,0.0,0.0,1.0,1.0,0.0,0.0,0.0,0.0,0.0,0.0,0.0,0.0,0.0,0.0,0.0,0.0,0.0,0.0,0.0,0.0,0.0,0.0,0.0,0.0,0.0,0.0,0.0,0.0,0.0,0.0,0.0,1.0,0.0,0.0,0.0,0.0,0.0,0.0,1.0,1.0,0.0,0.0,0.0,0.0,0.0,0.0,0.0,0.0,0.0,0.0,0.0,0.0,0.0,1.0,1.0,0.0,0.0,0.0,0.0,0.0,1.0,1.0,1.0,1.0,0.0,0.0,0.0,0.0,0.0,0.0,0.0,0.0,0.0,0.0,2.0,2.0,3.0,1.0,1.0,2.0,1.0,2.0,2.0,0.0,1.0,1.0,1.0,0.0,0.0,0.0,0.0,0.0,2.0,2.0,3.0,0.0,1.0,1.0,1.0,0.0,0.0,1.0,1.0,1.0,1.0,0.0,1.0,0.0,1.0,1.0,3.0,1.0,1.0,3.0,2.0,0.0,1.0,0.0,0.0,1.0,1.0,1.0,0.0,0.0,0.0,0.0,1.0,3.0,1.0,3.0,4.0,2.0,2.0,1.0,0.0,2.0,2.0,4.0,4.0,0.0,0.0,1.0,2.0,3.0,2.0,2.0,3.0,2.0,1.0,2.0,2.0,0.0,0.0,3.0,0.0,0.0,1.0,1.0,0.0,2.0,2.0,3.0,0.0,0.0,1.0,2.0,2.0,1.0,0.0,3.0,2.0,0.0,0.0
Brownsville,Brooklyn,neighborhood,1.0,0.0,0.0,0.0,0.0,0.0,0.0,0.0,0.0,0.0,0.0,0.0,1.0,1.0,1.0,1.0,1.0,1.0,2.0,2.0,0.0,0.0,0.0,0.0,0.0,0.0,0.0,0.0,0.0,0.0,1.0,1.0,1.0,0.0,0.0,0.0,1.0,1.0,1.0,2.0,2.0,3.0,2.0,1.0,1.0,1.0,1.0,0.0,1.0,2.0,3.0,1.0,3.0,6.0,7.0,6.0,4.0,5.0,7.0,4.0,1.0,1.0,3.0,6.0,5.0,3.0,5.0,7.0,10.0,15.0,9.0,13.0,12.0,8.0,11.0,10.0,9.0,11.0,14.0,23.0,20.0,16.0,13.0,13.0,11.0,15.0,16.0,18.0,22.0,32.0,24.0,6.0,9.0,11.0,11.0,8.0,6.0,9.0,9.0,11.0,15.0,10.0,17.0,11.0,12.0,19.0,28.0,25.0,26.0,23.0,30.0,25.0,35.0,35.0,22.0,21.0,20.0,15.0,17.0,20.0,9.0,7.0,13.0,6.0,8.0,5.0,13.0,24.0,17.0,13.0,23.0,19.0,18.0,8.0,12.0,13.0,14.0,16.0,31.0,32.0,15.0,30.0,32.0,14.0,17.0,14.0,30.0,21.0,28.0,18.0,22.0,22.0,27.0,17.0,14.0,17.0,27.0,29.0,26.0,12.0,22.0,18.0,12.0,18.0,15.0,17.0,22.0,16.0,13.0,11.0,19.0,14.0,17.0,8.0,11.0,12.0,12.0,11.0,15.0,18.0,17.0,13.0,19.0,15.0,11.0,13.0,21.0,20.0,25.0,22.0,13.0,12.0,12.0,13.0,12.0,14.0,23.0,13.0,11.0,17.0
Bushwick,Brooklyn,neighborhood,3.0,1.0,2.0,2.0,0.0,0.0,2.0,1.0,2.0,2.0,4.0,7.0,7.0,9.0,8.0,15.0,15.0,10.0,14.0,12.0,5.0,5.0,9.0,10.0,12.0,24.0,32.0,33.0,20.0,34.0,45.0,39.0,37.0,26.0,21.0,23.0,29.0,25.0,30.0,32.0,33.0,33.0,56.0,78.0,70.0,119.0,135.0,126.0,114.0,135.0,189.0,217.0,238.0,273.0,316.0,290.0,285.0,215.0,201.0,205.0,283.0,325.0,378.0,429.0,434.0,568.0,773.0,780.0,557.0,458.0,330.0,277.0,279.0,332.0,384.0,433.0,687.0,750.0,795.0,774.0,640.0,510.0,472.0,416.0,427.0,421.0,554.0,639.0,841.0,1038.0,1064.0,753.0,662.0,517.0,500.0,408.0,461.0,417.0,474.0,555.0,780.0,996.0,1273.0,1369.0,1030.0,1154.0,1054.0,976.0,937.0,791.0,727.0,648.0,724.0,683.0,883.0,826.0,564.0,366.0,294.0,202.0,247.0,283.0,264.0,278.0,613.0,883.0,1293.0,1553.0,1454.0,1195.0,1086.0,976.0,1035.0,1045.0,1135.0,1071.0,1273.0,1252.0,1330.0,1145.0,671.0,617.0,545.0,481.0,512.0,503.0,654.0,563.0,536.0,530.0,617.0,643.0,588.0,457.0,481.0,403.0,385.0,408.0,418.0,387.0,539.0,581.0,635.0,605.0,516.0,495.0,485.0,387.0,470.0,502.0,516.0,496.0,504.0,589.0,796.0,787.0,637.0,540.0,444.0,383.0,370.0,344.0,404.0,455.0,572.0,570.0,666.0,628.0,471.0,354.0,310.0,312.0,324.0,333.0,405.0,464.0,573.0,672.0,680.0,494.0
Cambria Heights,Queens,neighborhood,0.0,0.0,0.0,0.0,0.0,0.0,0.0,0.0,0.0,0.0,0.0,0.0,0.0,0.0,0.0,0.0,0.0,0.0,0.0,0.0,0.0,0.0,0.0,0.0,0.0,0.0,0.0,0.0,0.0,0.0,0.0,0.0,0.0,0.0,0.0,0.0,0.0,0.0,0.0,0.0,0.0,0.0,0.0,0.0,0.0,0.0,0.0,0.0,0.0,0.0,0.0,0.0,0.0,0.0,0.0,0.0,0.0,0.0,0.0,0.0,0.0,0.0,0.0,0.0,0.0,0.0,0.0,0.0,0.0,0.0,0.0,0.0,1.0,1.0,0.0,0.0,1.0,1.0,0.0,0.0,0.0,0.0,0.0,0.0,0.0,0.0,1.0,1.0,0.0,0.0,0.0,0.0,0.0,1.0,1.0,1.0,1.0,1.0,1.0,0.0,0.0,0.0,0.0,0.0,0.0,0.0,1.0,0.0,1.0,1.0,1.0,1.0,1.0,0.0,0.0,0.0,0.0,0.0,0.0,0.0,0.0,1.0,0.0,0.0,0.0,0.0,0.0,0.0,0.0,0.0,0.0,0.0,0.0,0.0,1.0,1.0,1.0,0.0,1.0,0.0,0.0,1.0,2.0,1.0,0.0,0.0,1.0,0.0,0.0,0.0,0.0,1.0,2.0,3.0,2.0,1.0,2.0,1.0,2.0,0.0,2.0,0.0,0.0,0.0,0.0,1.0,0.0,0.0,0.0,0.0,0.0,0.0,0.0,1.0,1.0,0.0,0.0,0.0,1.0,1.0,1.0,1.0,1.0,1.0,1.0,0.0,0.0,1.0,1.0,0.0,0.0,1.0,1.0,1.0,1.0,0.0,1.0,3.0,0.0,0.0
Canarsie,Brooklyn,neighborhood,1.0,2.0,2.0,1.0,0.0,0.0,0.0,0.0,0.0,0.0,1.0,1.0,1.0,1.0,2.0,4.0,5.0,4.0,5.0,4.0,2.0,2.0,4.0,3.0,2.0,0.0,0.0,0.0,1.0,2.0,1.0,2.0,2.0,0.0,1.0,1.0,2.0,1.0,2.0,3.0,5.0,3.0,1.0,1.0,4.0,5.0,4.0,3.0,2.0,0.0,1.0,1.0,1.0,2.0,5.0,5.0,5.0,8.0,6.0,11.0,9.0,8.0,11.0,8.0,7.0,11.0,14.0,13.0,15.0,10.0,12.0,11.0,7.0,8.0,5.0,4.0,10.0,6.0,4.0,4.0,9.0,8.0,9.0,7.0,10.0,9.0,11.0,11.0,18.0,22.0,22.0,10.0,13.0,12.0,14.0,10.0,19.0,19.0,19.0,15.0,19.0,22.0,16.0,27.0,22.0,19.0,14.0,13.0,12.0,12.0,19.0,10.0,9.0,11.0,15.0,24.0,12.0,14.0,9.0,10.0,16.0,13.0,8.0,5.0,5.0,6.0,8.0,10.0,13.0,10.0,12.0,12.0,10.0,10.0,7.0,8.0,11.0,11.0,8.0,6.0,7.0,16.0,14.0,16.0,13.0,14.0,22.0,20.0,17.0,14.0,18.0,17.0,11.0,13.0,23.0,16.0,15.0,8.0,21.0,13.0,15.0,27.0,24.0,15.0,9.0,15.0,14.0,9.0,11.0,19.0,12.0,15.0,18.0,12.0,13.0,11.0,12.0,21.0,25.0,13.0,12.0,9.0,16.0,17.0,15.0,11.0,9.0,7.0,12.0,9.0,11.0,12.0,8.0,9.0,14.0,14.0,13.0,15.0,13.0,22.0
Carroll Gardens,Brooklyn,neighborhood,14.0,10.0,7.0,8.0,7.0,4.0,3.0,4.0,3.0,6.0,6.0,7.0,7.0,4.0,2.0,4.0,10.0,15.0,16.0,19.0,20.0,6.0,5.0,7.0,13.0,12.0,21.0,18.0,18.0,15.0,18.0,16.0,15.0,10.0,12.0,9.0,5.0,6.0,6.0,6.0,11.0,18.0,23.0,21.0,18.0,10.0,8.0,11.0,12.0,16.0,18.0,24.0,20.0,23.0,23.0,32.0,45.0,35.0,24.0,21.0,18.0,23.0,25.0,30.0,27.0,32.0,34.0,31.0,21.0,23.0,25.0,21.0,19.0,19.0,20.0,25.0,30.0,52.0,62.0,45.0,45.0,44.0,41.0,37.0,28.0,21.0,22.0,21.0,38.0,37.0,36.0,30.0,28.0,46.0,33.0,22.0,26.0,38.0,27.0,33.0,46.0,46.0,42.0,32.0,30.0,31.0,22.0,16.0,22.0,24.0,19.0,17.0,20.0,32.0,43.0,46.0,38.0,32.0,31.0,14.0,11.0,12.0,20.0,17.0,30.0,50.0,78.0,105.0,78.0,74.0,59.0,41.0,36.0,21.0,30.0,30.0,34.0,39.0,25.0,29.0,19.0,17.0,14.0,12.0,14.0,16.0,14.0,27.0,32.0,37.0,36.0,30.0,25.0,28.0,29.0,22.0,18.0,23.0,32.0,31.0,30.0,40.0,37.0,43.0,30.0,26.0,15.0,15.0,18.0,16.0,18.0,25.0,35.0,50.0,33.0,39.0,37.0,42.0,32.0,24.0,29.0,16.0,19.0,26.0,40.0,40.0,26.0,20.0,17.0,13.0,17.0,13.0,13.0,12.0,17.0,23.0,37.0,41.0,32.0,31.0
Castle Hill,Bronx,neighborhood,0.0,0.0,0.0,0.0,0.0,0.0,0.0,0.0,1.0,1.0,1.0,0.0,0.0,0.0,0.0,0.0,0.0,0.0,0.0,0.0,0.0,0.0,0.0,0.0,0.0,0.0,0.0,0.0,0.0,0.0,0.0,0.0,0.0,0.0,0.0,0.0,0.0,0.0,0.0,0.0,0.0,0.0,0.0,0.0,0.0,0.0,0.0,0.0,0.0,0.0,0.0,0.0,0.0,0.0,0.0,0.0,0.0,0.0,1.0,1.0,0.0,1.0,0.0,0.0,0.0,0.0,0.0,2.0,1.0,1.0,1.0,1.0,2.0,1.0,2.0,2.0,2.0,1.0,3.0,9.0,9.0,11.0,12.0,14.0,10.0,3.0,3.0,3.0,1.0,1.0,0.0,1.0,2.0,3.0,2.0,1.0,1.0,0.0,3.0,3.0,2.0,3.0,3.0,5.0,4.0,2.0,4.0,4.0,5.0,3.0,2.0,1.0,3.0,1.0,1.0,2.0,1.0,0.0,0.0,0.0,2.0,2.0,2.0,0.0,0.0,2.0,4.0,3.0,2.0,2.0,1.0,1.0,2.0,3.0,2.0,0.0,2.0,1.0,2.0,2.0,3.0,2.0,2.0,2.0,7.0,5.0,3.0,2.0,1.0,3.0,3.0,2.0,2.0,1.0,0.0,1.0,2.0,1.0,2.0,1.0,0.0,0.0,1.0,2.0,0.0,0.0,0.0,0.0,0.0,0.0,0.0,1.0,0.0,0.0,0.0,1.0,0.0,0.0,1.0,1.0,1.0,2.0,0.0,0.0,0.0,1.0,1.0,0.0,1.0,1.0,1.0,2.0,1.0,0.0,0.0,0.0,0.0,0.0,1.0,1.0
Central Harlem,Manhattan,neighborhood,70.0,66.0,62.0,54.0,47.0,64.0,52.0,50.0,40.0,37.0,34.0,34.0,37.0,39.0,37.0,34.0,44.0,45.0,49.0,54.0,58.0,59.0,54.0,39.0,65.0,64.0,60.0,68.0,71.0,88.0,111.0,102.0,87.0,90.0,82.0,83.0,92.0,84.0,82.0,92.0,129.0,133.0,113.0,101.0,92.0,95.0,109.0,100.0,108.0,109.0,107.0,106.0,121.0,120.0,150.0,156.0,132.0,134.0,136.0,139.0,148.0,161.0,186.0,193.0,179.0,180.0,181.0,191.0,186.0,166.0,174.0,180.0,193.0,176.0,180.0,180.0,209.0,216.0,207.0,254.0,239.0,240.0,270.0,215.0,206.0,191.0,195.0,192.0,211.0,250.0,276.0,199.0,140.0,154.0,134.0,111.0,124.0,135.0,158.0,172.0,184.0,188.0,203.0,247.0,196.0,212.0,205.0,164.0,146.0,139.0,148.0,181.0,222.0,247.0,239.0,187.0,163.0,154.0,117.0,86.0,106.0,94.0,98.0,71.0,144.0,232.0,340.0,413.0,380.0,379.0,306.0,275.0,260.0,223.0,213.0,212.0,224.0,256.0,262.0,221.0,184.0,186.0,172.0,129.0,138.0,125.0,112.0,102.0,106.0,149.0,189.0,175.0,133.0,132.0,136.0,116.0,118.0,99.0,143.0,134.0,147.0,159.0,189.0,200.0,158.0,173.0,168.0,133.0,135.0,173.0,145.0,146.0,176.0,191.0,225.0,203.0,176.0,147.0,131.0,122.0,115.0,102.0,121.0,126.0,153.0,155.0,147.0,127.0,113.0,107.0,82.0,67.0,68.0,79.0,90.0,106.0,147.0,173.0,170.0,120.0
Central Park South,Manhattan,neighborhood,9.0,6.0,7.0,7.0,5.0,2.0,2.0,6.0,6.0,7.0,9.0,9.0,5.0,5.0,4.0,4.0,5.0,3.0,6.0,10.0,11.0,11.0,7.0,9.0,7.0,9.0,8.0,9.0,6.0,7.0,7.0,9.0,6.0,5.0,6.0,6.0,6.0,5.0,8.0,7.0,5.0,4.0,6.0,4.0,3.0,7.0,5.0,7.0,5.0,7.0,3.0,6.0,9.0,9.0,8.0,11.0,12.0,14.0,10.0,10.0,13.0,11.0,7.0,9.0,6.0,6.0,8.0,9.0,9.0,11.0,12.0,9.0,9.0,10.0,13.0,15.0,16.0,14.0,12.0,9.0,8.0,10.0,12.0,16.0,14.0,12.0,14.0,13.0,14.0,16.0,17.0,9.0,7.0,10.0,5.0,6.0,8.0,6.0,8.0,8.0,9.0,7.0,7.0,5.0,7.0,4.0,5.0,5.0,5.0,6.0,7.0,6.0,6.0,6.0,7.0,6.0,7.0,7.0,7.0,8.0,9.0,11.0,10.0,6.0,10.0,11.0,16.0,15.0,19.0,18.0,19.0,16.0,19.0,17.0,15.0,16.0,16.0,12.0,11.0,11.0,12.0,7.0,7.0,6.0,7.0,5.0,6.0,4.0,5.0,9.0,7.0,7.0,8.0,7.0,10.0,8.0,10.0,12.0,11.0,11.0,8.0,8.0,9.0,11.0,16.0,17.0,16.0,13.0,11.0,13.0,12.0,11.0,9.0,6.0,9.0,8.0,4.0,3.0,2.0,7.0,9.0,7.0,4.0,6.0,6.0,4.0,3.0,5.0,9.0,10.0,13.0,17.0,13.0,10.0,8.0,9.0,9.0,8.0,11.0,7.0
Chelsea,Manhattan,neighborhood,55.0,44.0,35.0,44.0,50.0,74.0,88.0,66.0,39.0,39.0,37.0,42.0,45.0,32.0,34.0,44.0,55.0,52.0,46.0,62.0,57.0,46.0,38.0,41.0,47.0,45.0,34.0,37.0,54.0,64.0,55.0,57.0,57.0,49.0,42.0,46.0,58.0,60.0,64.0,67.0,79.0,73.0,71.0,58.0,54.0,58.0,58.0,62.0,59.0,59.0,68.0,73.0,74.0,90.0,95.0,78.0,62.0,65.0,68.0,82.0,73.0,76.0,82.0,100.0,119.0,134.0,146.0,112.0,96.0,93.0,88.0,77.0,75.0,78.0,78.0,81.0,96.0,107.0,120.0,118.0,115.0,116.0,103.0,91.0,99.0,96.0,113.0,110.0,122.0,113.0,123.0,90.0,89.0,99.0,97.0,81.0,81.0,69.0,77.0,96.0,127.0,112.0,113.0,111.0,82.0,85.0,71.0,51.0,48.0,60.0,77.0,117.0,124.0,138.0,107.0,93.0,82.0,79.0,70.0,65.0,71.0,66.0,59.0,60.0,115.0,192.0,241.0,286.0,243.0,224.0,189.0,148.0,134.0,102.0,94.0,93.0,96.0,78.0,72.0,86.0,53.0,34.0,32.0,27.0,28.0,32.0,39.0,53.0,70.0,82.0,107.0,96.0,89.0,90.0,86.0,77.0,71.0,69.0,84.0,103.0,127.0,135.0,142.0,137.0,100.0,91.0,83.0,64.0,66.0,63.0,56.0,83.0,114.0,119.0,136.0,124.0,86.0,77.0,50.0,48.0,42.0,50.0,58.0,90.0,101.0,92.0,127.0,101.0,63.0,54.0,48.0,52.0,42.0,37.0,49.0,54.0,78.0,94.0,99.0,80.0
Chinatown,Manhattan,neighborhood,3.0,3.0,2.0,3.0,3.0,4.0,7.0,9.0,6.0,4.0,6.0,6.0,6.0,5.0,4.0,3.0,3.0,4.0,4.0,3.0,2.0,2.0,2.0,4.0,6.0,5.0,6.0,3.0,6.0,5.0,5.0,4.0,3.0,4.0,3.0,3.0,3.0,4.0,4.0,7.0,4.0,5.0,5.0,7.0,9.0,8.0,5.0,2.0,2.0,2.0,6.0,8.0,10.0,8.0,10.0,8.0,7.0,11.0,9.0,11.0,8.0,8.0,9.0,5.0,4.0,10.0,14.0,15.0,8.0,9.0,11.0,8.0,5.0,6.0,8.0,11.0,11.0,8.0,13.0,13.0,12.0,8.0,8.0,6.0,4.0,8.0,16.0,20.0,22.0,16.0,17.0,15.0,12.0,11.0,13.0,15.0,12.0,12.0,9.0,9.0,16.0,13.0,9.0,14.0,10.0,14.0,13.0,10.0,8.0,13.0,10.0,10.0,12.0,14.0,19.0,10.0,14.0,14.0,14.0,9.0,9.0,8.0,13.0,5.0,9.0,16.0,26.0,40.0,43.0,36.0,27.0,22.0,20.0,18.0,18.0,20.0,16.0,13.0,14.0,9.0,8.0,6.0,7.0,7.0,11.0,11.0,8.0,9.0,12.0,11.0,7.0,7.0,9.0,10.0,8.0,7.0,7.0,6.0,9.0,11.0,10.0,12.0,11.0,13.0,9.0,11.0,14.0,9.0,7.0,2.0,2.0,9.0,8.0,9.0,14.0,7.0,15.0,22.0,16.0,15.0,12.0,9.0,6.0,5.0,10.0,12.0,10.0,10.0,4.0,9.0,7.0,5.0,3.0,3.0,5.0,6.0,9.0,9.0,9.0,6.0
City Island,Bronx,neighborhood,0.0,0.0,0.0,0.0,0.0,0.0,0.0,0.0,0.0,0.0,0.0,0.0,0.0,0.0,0.0,0.0,0.0,0.0,0.0,0.0,0.0,0.0,0.0,0.0,0.0,0.0,0.0,0.0,0.0,0.0,0.0,0.0,0.0,0.0,0.0,0.0,0.0,0.0,0.0,0.0,0.0,0.0,0.0,0.0,0.0,0.0,0.0,0.0,0.0,0.0,0.0,0.0,0.0,0.0,0.0,1.0,1.0,1.0,1.0,0.0,0.0,0.0,0.0,0.0,0.0,0.0,0.0,0.0,0.0,0.0,0.0,0.0,1.0,1.0,1.0,0.0,0.0,0.0,0.0,0.0,0.0,0.0,0.0,0.0,0.0,0.0,0.0,0.0,0.0,1.0,1.0,1.0,0.0,0.0,0.0,0.0,0.0,0.0,0.0,0.0,0.0,0.0,0.0,0.0,0.0,0.0,0.0,0.0,0.0,0.0,0.0,0.0,1.0,1.0,1.0,0.0,0.0,0.0,0.0,0.0,0.0,0.0,0.0,0.0,0.0,0.0,0.0,0.0,1.0,1.0,0.0,0.0,0.0,0.0,0.0,0.0,0.0,0.0,0.0,0.0,1.0,2.0,3.0,1.0,0.0,2.0,4.0,2.0,0.0,0.0,0.0,0.0,0.0,0.0,0.0,0.0,0.0,0.0,0.0,1.0,1.0,1.0,1.0,1.0,0.0,1.0,2.0,1.0,1.0,1.0,1.0,0.0,0.0,0.0,0.0,1.0,1.0,1.0,0.0,0.0,0.0,0.0,0.0,0.0,1.0,1.0,0.0,0.0,0.0,0.0,1.0,1.0,1.0,1.0,1.0,1.0,1.0,1.0,1.0,0.0
Civic Center,Manhattan,neighborhood,0.0,0.0,0.0,0.0,0.0,0.0,0.0,0.0,0.0,0.0,0.0,0.0,0.0,0.0,0.0,0.0,0.0,0.0,0.0,0.0,0.0,0.0,0.0,0.0,0.0,0.0,0.0,0.0,0.0,0.0,0.0,0.0,0.0,0.0,0.0,0.0,0.0,0.0,0.0,0.0,0.0,0.0,1.0,1.0,1.0,1.0,1.0,0.0,0.0,0.0,0.0,0.0,0.0,0.0,0.0,0.0,0.0,0.0,0.0,0.0,0.0,0.0,0.0,0.0,0.0,0.0,0.0,0.0,0.0,0.0,0.0,0.0,0.0,0.0,0.0,0.0,0.0,0.0,0.0,0.0,0.0,0.0,0.0,0.0,0.0,0.0,0.0,0.0,0.0,1.0,1.0,1.0,0.0,0.0,0.0,0.0,0.0,0.0,0.0,0.0,0.0,0.0,0.0,0.0,0.0,0.0,0.0,0.0,0.0,0.0,0.0,1.0,3.0,0.0,0.0,0.0,0.0,0.0,0.0,0.0,0.0,0.0,0.0,0.0,0.0,0.0,0.0,0.0,0.0,0.0,0.0,0.0,0.0,0.0,0.0,0.0,0.0,0.0,0.0,0.0,0.0,0.0,0.0,0.0,0.0,0.0,0.0,0.0,0.0,0.0,0.0,0.0,1.0,1.0,0.0,0.0,1.0,0.0,2.0,0.0,0.0,0.0,0.0,0.0,0.0,0.0,0.0,0.0,0.0,0.0,0.0,0.0,0.0,0.0,0.0,0.0,0.0,0.0,0.0,0.0,0.0,1.0,1.0,0.0,0.0,0.0,0.0,0.0,0.0,0.0,0.0,0.0,0.0,0.0,0.0,0.0,0.0,0.0,0.0,0.0
Clearview,Queens,neighborhood,1.0,1.0,1.0,1.0,0.0,0.0,0.0,0.0,0.0,0.0,0.0,0.0,0.0,0.0,0.0,0.0,1.0,1.0,1.0,1.0,0.0,0.0,1.0,0.0,0.0,0.0,0.0,0.0,0.0,0.0,0.0,0.0,0.0,0.0,0.0,0.0,0.0,0.0,0.0,0.0,0.0,0.0,0.0,0.0,0.0,0.0,0.0,0.0,0.0,0.0,0.0,1.0,1.0,1.0,2.0,2.0,0.0,0.0,1.0,1.0,0.0,0.0,1.0,0.0,1.0,1.0,1.0,1.0,0.0,0.0,0.0,0.0,3.0,2.0,2.0,0.0,0.0,1.0,2.0,2.0,1.0,2.0,2.0,1.0,1.0,2.0,2.0,1.0,3.0,7.0,6.0,0.0,1.0,2.0,3.0,0.0,1.0,1.0,1.0,0.0,0.0,0.0,0.0,0.0,0.0,0.0,1.0,1.0,1.0,4.0,4.0,5.0,2.0,2.0,2.0,1.0,1.0,3.0,2.0,1.0,1.0,3.0,1.0,1.0,1.0,2.0,4.0,2.0,3.0,4.0,8.0,6.0,3.0,1.0,0.0,0.0,0.0,0.0,0.0,0.0,0.0,0.0,0.0,0.0,2.0,0.0,0.0,0.0,1.0,0.0,0.0,1.0,1.0,3.0,0.0,0.0,2.0,0.0,6.0,2.0,3.0,2.0,1.0,1.0,1.0,0.0,0.0,1.0,0.0,1.0,1.0,1.0,0.0,0.0,2.0,2.0,5.0,3.0,1.0,1.0,2.0,3.0,4.0,5.0,4.0,4.0,0.0,0.0,0.0,2.0,1.0,0.0,0.0,0.0,0.0,0.0,0.0,0.0,0.0,0.0
Clinton Hill,Brooklyn,neighborhood,10.0,10.0,9.0,9.0,8.0,9.0,14.0,21.0,15.0,6.0,14.0,14.0,25.0,25.0,16.0,19.0,18.0,13.0,10.0,11.0,11.0,9.0,11.0,12.0,9.0,14.0,8.0,14.0,13.0,29.0,28.0,28.0,22.0,18.0,15.0,13.0,14.0,17.0,18.0,25.0,23.0,28.0,22.0,32.0,30.0,29.0,38.0,40.0,42.0,34.0,36.0,46.0,54.0,61.0,76.0,82.0,84.0,77.0,61.0,72.0,85.0,88.0,92.0,57.0,60.0,72.0,83.0,98.0,94.0,77.0,57.0,54.0,54.0,51.0,53.0,45.0,40.0,70.0,81.0,97.0,82.0,67.0,72.0,66.0,66.0,72.0,86.0,86.0,96.0,88.0,91.0,70.0,64.0,67.0,49.0,38.0,42.0,36.0,49.0,80.0,88.0,87.0,87.0,77.0,49.0,72.0,73.0,83.0,103.0,78.0,101.0,87.0,93.0,112.0,73.0,81.0,49.0,38.0,39.0,29.0,28.0,40.0,45.0,45.0,68.0,113.0,146.0,178.0,174.0,131.0,120.0,91.0,86.0,76.0,69.0,76.0,88.0,96.0,71.0,63.0,36.0,30.0,20.0,21.0,38.0,34.0,32.0,28.0,34.0,40.0,47.0,62.0,44.0,52.0,48.0,41.0,38.0,36.0,51.0,44.0,58.0,62.0,59.0,63.0,51.0,56.0,65.0,50.0,45.0,20.0,27.0,23.0,35.0,39.0,64.0,77.0,55.0,44.0,43.0,33.0,33.0,27.0,38.0,27.0,44.0,50.0,67.0,75.0,51.0,38.0,29.0,11.0,12.0,10.0,20.0,24.0,46.0,58.0,54.0,44.0
Co-op City,Bronx,neighborhood,0.0,0.0,0.0,0.0,0.0,0.0,0.0,0.0,0.0,0.0,0.0,0.0,0.0,0.0,0.0,0.0,0.0,0.0,0.0,0.0,0.0,0.0,0.0,0.0,0.0,0.0,0.0,0.0,0.0,0.0,0.0,0.0,0.0,0.0,0.0,0.0,0.0,0.0,0.0,0.0,0.0,0.0,0.0,0.0,0.0,0.0,7.0,8.0,8.0,8.0,0.0,0.0,0.0,0.0,0.0,0.0,0.0,0.0,0.0,0.0,0.0,0.0,0.0,1.0,1.0,0.0,0.0,0.0,0.0,0.0,0.0,0.0,0.0,0.0,0.0,0.0,0.0,0.0,0.0,0.0,0.0,0.0,0.0,0.0,0.0,0.0,0.0,0.0,0.0,0.0,0.0,0.0,0.0,0.0,0.0,0.0,1.0,1.0,0.0,0.0,0.0,0.0,0.0,0.0,0.0,0.0,0.0,0.0,0.0,0.0,0.0,0.0,0.0,0.0,0.0,0.0,0.0,0.0,0.0,0.0,0.0,0.0,0.0,0.0,0.0,0.0,0.0,0.0,0.0,0.0,0.0,0.0,0.0,0.0,0.0,0.0,0.0,0.0,0.0,0.0,0.0,1.0,2.0,2.0,0.0,0.0,0.0,0.0,0.0,0.0,0.0,0.0,0.0,0.0,0.0,1.0,1.0,0.0,0.0,0.0,0.0,0.0,0.0,0.0,0.0,0.0,0.0,0.0,0.0,0.0,0.0,0.0,0.0,0.0,0.0,0.0,0.0,0.0,0.0,0.0,0.0,0.0,0.0,1.0,1.0,0.0,0.0,0.0,0.0,0.0,0.0,0.0,0.0,0.0,0.0,0.0,0.0,0.0,0.0,0.0
Cobble Hill,Brooklyn,neighborhood,1.0,5.0,4.0,2.0,2.0,5.0,7.0,5.0,4.0,3.0,2.0,2.0,3.0,4.0,3.0,3.0,7.0,7.0,4.0,5.0,2.0,1.0,4.0,3.0,3.0,3.0,5.0,9.0,10.0,5.0,3.0,5.0,6.0,2.0,2.0,3.0,6.0,2.0,3.0,8.0,8.0,14.0,14.0,14.0,12.0,8.0,5.0,3.0,7.0,11.0,8.0,9.0,13.0,26.0,27.0,27.0,18.0,18.0,9.0,9.0,8.0,13.0,11.0,14.0,15.0,13.0,22.0,28.0,24.0,24.0,14.0,13.0,15.0,13.0,11.0,20.0,23.0,18.0,21.0,17.0,18.0,19.0,15.0,12.0,7.0,10.0,14.0,17.0,22.0,24.0,25.0,22.0,17.0,18.0,11.0,8.0,17.0,12.0,9.0,16.0,24.0,23.0,30.0,33.0,21.0,19.0,20.0,14.0,12.0,6.0,4.0,8.0,8.0,17.0,32.0,24.0,24.0,30.0,26.0,24.0,15.0,15.0,14.0,13.0,29.0,42.0,48.0,57.0,60.0,59.0,40.0,34.0,32.0,28.0,20.0,10.0,16.0,9.0,15.0,13.0,8.0,7.0,5.0,7.0,3.0,7.0,7.0,6.0,13.0,19.0,21.0,14.0,13.0,18.0,18.0,15.0,15.0,14.0,18.0,19.0,27.0,29.0,32.0,33.0,29.0,16.0,11.0,10.0,10.0,11.0,12.0,12.0,19.0,11.0,13.0,14.0,13.0,11.0,13.0,6.0,5.0,6.0,5.0,6.0,15.0,13.0,11.0,16.0,13.0,10.0,5.0,5.0,4.0,6.0,14.0,13.0,14.0,12.0,11.0,19.0
College Point,Queens,neighborhood,0.0,0.0,0.0,0.0,0.0,0.0,0.0,0.0,0.0,0.0,0.0,0.0,0.0,0.0,0.0,0.0,0.0,1.0,1.0,1.0,1.0,2.0,1.0,0.0,0.0,0.0,0.0,0.0,1.0,1.0,1.0,2.0,1.0,1.0,1.0,1.0,1.0,2.0,3.0,3.0,0.0,0.0,0.0,0.0,0.0,0.0,0.0,0.0,0.0,0.0,0.0,0.0,0.0,0.0,0.0,0.0,0.0,0.0,0.0,1.0,1.0,0.0,0.0,1.0,2.0,2.0,3.0,2.0,0.0,5.0,2.0,3.0,2.0,1.0,2.0,2.0,2.0,3.0,2.0,3.0,2.0,3.0,3.0,5.0,5.0,3.0,1.0,2.0,3.0,11.0,16.0,7.0,5.0,7.0,4.0,1.0,3.0,2.0,3.0,5.0,3.0,2.0,0.0,1.0,4.0,4.0,10.0,7.0,7.0,0.0,4.0,3.0,2.0,6.0,4.0,2.0,1.0,3.0,1.0,2.0,2.0,1.0,0.0,0.0,2.0,1.0,2.0,4.0,2.0,3.0,0.0,0.0,4.0,3.0,2.0,2.0,5.0,3.0,1.0,2.0,2.0,3.0,1.0,0.0,1.0,2.0,2.0,2.0,0.0,4.0,3.0,7.0,10.0,7.0,9.0,6.0,9.0,5.0,4.0,2.0,3.0,3.0,8.0,3.0,2.0,2.0,2.0,4.0,10.0,9.0,3.0,5.0,6.0,5.0,4.0,1.0,2.0,3.0,7.0,9.0,4.0,2.0,3.0,6.0,6.0,2.0,3.0,3.0,4.0,2.0,2.0,2.0,4.0,3.0,2.0,4.0,9.0,3.0,1.0,4.0
Columbia St Waterfront District,Brooklyn,neighborhood,3.0,2.0,0.0,1.0,5.0,5.0,3.0,4.0,4.0,2.0,0.0,0.0,3.0,0.0,0.0,2.0,2.0,0.0,4.0,5.0,0.0,1.0,2.0,2.0,3.0,1.0,0.0,2.0,3.0,2.0,2.0,3.0,1.0,2.0,2.0,2.0,2.0,2.0,5.0,5.0,7.0,8.0,18.0,10.0,6.0,2.0,6.0,6.0,8.0,5.0,4.0,9.0,8.0,14.0,9.0,6.0,2.0,2.0,7.0,8.0,10.0,13.0,15.0,15.0,14.0,12.0,4.0,4.0,6.0,6.0,6.0,3.0,5.0,9.0,10.0,11.0,11.0,9.0,14.0,16.0,11.0,6.0,5.0,6.0,12.0,12.0,13.0,6.0,9.0,6.0,7.0,8.0,9.0,7.0,2.0,2.0,2.0,2.0,1.0,6.0,11.0,10.0,6.0,11.0,14.0,12.0,17.0,7.0,17.0,13.0,7.0,10.0,13.0,12.0,9.0,8.0,5.0,4.0,0.0,2.0,3.0,2.0,5.0,5.0,8.0,14.0,21.0,15.0,9.0,7.0,4.0,2.0,4.0,2.0,4.0,3.0,1.0,4.0,4.0,2.0,6.0,3.0,4.0,5.0,4.0,4.0,1.0,1.0,2.0,3.0,2.0,5.0,7.0,5.0,8.0,4.0,4.0,3.0,2.0,2.0,6.0,6.0,11.0,9.0,4.0,3.0,3.0,2.0,3.0,3.0,0.0,2.0,4.0,2.0,5.0,7.0,3.0,1.0,1.0,3.0,2.0,1.0,2.0,4.0,9.0,3.0,4.0,2.0,4.0,6.0,5.0,2.0,2.0,2.0,3.0,1.0,1.0,3.0,3.0,3.0
Concourse,Bronx,neighborhood,1.0,1.0,1.0,1.0,0.0,1.0,2.0,2.0,2.0,3.0,3.0,2.0,2.0,2.0,5.0,3.0,3.0,3.0,0.0,0.0,3.0,3.0,2.0,1.0,2.0,4.0,3.0,1.0,2.0,3.0,6.0,7.0,4.0,6.0,5.0,5.0,5.0,4.0,4.0,3.0,3.0,3.0,2.0,2.0,1.0,1.0,1.0,4.0,5.0,4.0,5.0,4.0,2.0,1.0,2.0,4.0,4.0,4.0,1.0,1.0,0.0,2.0,4.0,2.0,3.0,7.0,6.0,8.0,8.0,9.0,10.0,8.0,5.0,5.0,4.0,6.0,5.0,7.0,6.0,6.0,6.0,6.0,7.0,9.0,8.0,8.0,13.0,5.0,6.0,6.0,8.0,10.0,10.0,6.0,6.0,5.0,8.0,8.0,5.0,11.0,11.0,10.0,11.0,13.0,13.0,19.0,14.0,14.0,12.0,20.0,14.0,16.0,15.0,4.0,5.0,6.0,8.0,9.0,9.0,8.0,4.0,6.0,9.0,5.0,5.0,11.0,12.0,7.0,4.0,8.0,4.0,4.0,8.0,13.0,11.0,16.0,15.0,9.0,11.0,10.0,9.0,13.0,14.0,12.0,8.0,7.0,8.0,16.0,17.0,15.0,7.0,9.0,8.0,15.0,7.0,5.0,9.0,12.0,13.0,11.0,11.0,10.0,6.0,4.0,5.0,5.0,3.0,3.0,5.0,6.0,7.0,6.0,3.0,4.0,5.0,3.0,3.0,5.0,4.0,5.0,4.0,2.0,4.0,6.0,7.0,2.0,2.0,3.0,4.0,5.0,3.0,4.0,3.0,3.0,3.0,3.0,3.0,3.0,4.0,1.0
Coney Island,Brooklyn,neighborhood,2.0,2.0,2.0,0.0,0.0,0.0,0.0,0.0,0.0,0.0,0.0,0.0,0.0,0.0,0.0,0.0,0.0,0.0,0.0,0.0,0.0,0.0,0.0,0.0,1.0,1.0,0.0,0.0,0.0,0.0,0.0,0.0,0.0,1.0,1.0,1.0,2.0,2.0,2.0,3.0,4.0,4.0,6.0,6.0,7.0,5.0,5.0,3.0,2.0,0.0,2.0,4.0,4.0,3.0,5.0,3.0,5.0,4.0,5.0,5.0,9.0,9.0,6.0,4.0,4.0,5.0,9.0,14.0,21.0,15.0,5.0,5.0,15.0,7.0,5.0,2.0,1.0,1.0,1.0,3.0,7.0,6.0,4.0,2.0,2.0,2.0,5.0,4.0,1.0,1.0,0.0,0.0,2.0,4.0,1.0,4.0,4.0,4.0,4.0,4.0,4.0,6.0,5.0,2.0,0.0,3.0,2.0,2.0,2.0,2.0,3.0,0.0,2.0,3.0,3.0,1.0,2.0,6.0,4.0,4.0,4.0,4.0,1.0,1.0,1.0,2.0,1.0,4.0,3.0,4.0,5.0,5.0,4.0,4.0,3.0,6.0,6.0,8.0,9.0,7.0,5.0,5.0,6.0,4.0,5.0,6.0,4.0,3.0,3.0,2.0,3.0,4.0,6.0,7.0,5.0,6.0,4.0,0.0,2.0,5.0,1.0,3.0,1.0,1.0,1.0,2.0,2.0,2.0,5.0,3.0,3.0,3.0,5.0,5.0,4.0,6.0,7.0,6.0,9.0,15.0,19.0,11.0,13.0,14.0,9.0,6.0,8.0,4.0,8.0,9.0,8.0,11.0,13.0,8.0,12.0,10.0,9.0,7.0,11.0,7.0
Corona,Queens,neighborhood,1.0,1.0,1.0,1.0,19.0,19.0,19.0,19.0,19.0,19.0,19.0,20.0,20.0,20.0,1.0,1.0,1.0,1.0,2.0,3.0,2.0,1.0,1.0,1.0,0.0,0.0,0.0,0.0,1.0,0.0,1.0,1.0,1.0,1.0,1.0,1.0,1.0,0.0,1.0,1.0,0.0,0.0,0.0,0.0,0.0,0.0,1.0,1.0,1.0,0.0,0.0,4.0,15.0,3.0,5.0,6.0,4.0,3.0,3.0,2.0,2.0,1.0,0.0,4.0,5.0,10.0,6.0,3.0,4.0,6.0,7.0,10.0,10.0,7.0,3.0,6.0,4.0,5.0,3.0,9.0,10.0,11.0,10.0,9.0,8.0,6.0,9.0,11.0,9.0,15.0,17.0,10.0,5.0,6.0,1.0,4.0,8.0,11.0,8.0,10.0,7.0,7.0,5.0,7.0,3.0,5.0,6.0,6.0,6.0,8.0,8.0,13.0,13.0,6.0,3.0,4.0,6.0,7.0,5.0,3.0,7.0,10.0,6.0,5.0,4.0,4.0,7.0,6.0,2.0,8.0,7.0,3.0,2.0,5.0,11.0,13.0,8.0,8.0,5.0,3.0,2.0,0.0,5.0,3.0,7.0,9.0,6.0,3.0,1.0,4.0,3.0,3.0,4.0,3.0,2.0,2.0,9.0,6.0,2.0,4.0,1.0,2.0,2.0,7.0,5.0,1.0,5.0,6.0,5.0,1.0,2.0,7.0,4.0,3.0,1.0,1.0,2.0,4.0,2.0,2.0,2.0,0.0,1.0,3.0,1.0,3.0,3.0,5.0,7.0,4.0,5.0,6.0,5.0,5.0,8.0,3.0,3.0,2.0,6.0,8.0
Country Club,Bronx,neighborhood,0.0,0.0,0.0,0.0,0.0,0.0,0.0,0.0,0.0,0.0,0.0,0.0,0.0,0.0,0.0,0.0,0.0,0.0,0.0,0.0,0.0,0.0,0.0,0.0,0.0,0.0,0.0,0.0,0.0,0.0,0.0,0.0,0.0,0.0,0.0,0.0,0.0,0.0,0.0,0.0,0.0,0.0,0.0,0.0,0.0,0.0,1.0,1.0,1.0,1.0,1.0,0.0,0.0,0.0,0.0,0.0,0.0,0.0,0.0,0.0,0.0,0.0,0.0,0.0,0.0,0.0,0.0,0.0,0.0,2.0,3.0,0.0,0.0,1.0,1.0,0.0,0.0,1.0,1.0,0.0,0.0,0.0,0.0,0.0,0.0,0.0,0.0,0.0,0.0,0.0,0.0,0.0,0.0,1.0,1.0,0.0,0.0,0.0,0.0,0.0,0.0,0.0,0.0,0.0,1.0,1.0,0.0,0.0,2.0,2.0,2.0,1.0,0.0,1.0,0.0,0.0,0.0,0.0,0.0,0.0,1.0,1.0,0.0,0.0,0.0,0.0,0.0,0.0,0.0,0.0,0.0,1.0,0.0,0.0,0.0,0.0,0.0,0.0,0.0,1.0,1.0,1.0,1.0,1.0,1.0,1.0,2.0,2.0,0.0,1.0,1.0,2.0,1.0,0.0,1.0,3.0,1.0,1.0,1.0,1.0,0.0,2.0,1.0,0.0,0.0,0.0,0.0,1.0,0.0,2.0,2.0,1.0,0.0,0.0,0.0,0.0,1.0,1.0,0.0,1.0,1.0,1.0,2.0,2.0,2.0,1.0,0.0,1.0,1.0,1.0,2.0,1.0,0.0,0.0,1.0,2.0,2.0,2.0,0.0,0.0
Crotona Park East,Bronx,neighborhood,1.0,1.0,0.0,0.0,1.0,1.0,0.0,0.0,0.0,0.0,0.0,0.0,0.0,0.0,0.0,0.0,0.0,0.0,1.0,1.0,0.0,0.0,0.0,0.0,0.0,0.0,0.0,0.0,0.0,0.0,0.0,0.0,0.0,0.0,0.0,0.0,0.0,1.0,1.0,1.0,0.0,0.0,0.0,0.0,1.0,1.0,1.0,1.0,1.0,2.0,1.0,0.0,0.0,1.0,1.0,0.0,0.0,0.0,0.0,1.0,0.0,0.0,0.0,0.0,1.0,1.0,0.0,0.0,0.0,0.0,0.0,1.0,2.0,2.0,2.0,0.0,0.0,0.0,1.0,0.0,0.0,3.0,3.0,0.0,0.0,0.0,1.0,1.0,1.0,1.0,0.0,0.0,0.0,0.0,0.0,0.0,0.0,2.0,2.0,0.0,0.0,3.0,2.0,5.0,4.0,3.0,4.0,2.0,7.0,6.0,6.0,6.0,7.0,4.0,3.0,7.0,5.0,4.0,6.0,1.0,3.0,2.0,5.0,2.0,2.0,6.0,6.0,4.0,4.0,2.0,4.0,2.0,0.0,1.0,1.0,1.0,4.0,1.0,5.0,7.0,4.0,2.0,6.0,2.0,0.0,2.0,7.0,8.0,8.0,6.0,6.0,7.0,5.0,5.0,9.0,11.0,8.0,6.0,2.0,0.0,1.0,2.0,2.0,4.0,4.0,3.0,3.0,1.0,0.0,1.0,1.0,1.0,5.0,3.0,3.0,0.0,4.0,3.0,5.0,2.0,2.0,6.0,5.0,3.0,1.0,3.0,3.0,0.0,1.0,2.0,2.0,1.0,2.0,4.0,2.0,3.0,2.0,0.0,1.0,1.0
Crown Heights,Brooklyn,neighborhood,13.0,19.0,19.0,24.0,21.0,19.0,10.0,12.0,9.0,6.0,9.0,10.0,20.0,17.0,11.0,10.0,17.0,27.0,30.0,23.0,23.0,16.0,18.0,17.0,39.0,43.0,47.0,47.0,36.0,27.0,37.0,34.0,23.0,33.0,30.0,30.0,36.0,40.0,33.0,39.0,36.0,50.0,68.0,71.0,67.0,96.0,101.0,102.0,127.0,125.0,181.0,167.0,203.0,183.0,248.0,281.0,248.0,217.0,225.0,230.0,295.0,345.0,337.0,327.0,358.0,441.0,472.0,443.0,332.0,278.0,221.0,243.0,243.0,249.0,274.0,266.0,310.0,371.0,419.0,494.0,404.0,335.0,335.0,276.0,308.0,290.0,386.0,407.0,452.0,610.0,663.0,382.0,346.0,322.0,368.0,363.0,344.0,296.0,347.0,372.0,491.0,543.0,620.0,625.0,434.0,433.0,434.0,435.0,387.0,391.0,439.0,439.0,529.0,593.0,550.0,515.0,468.0,336.0,292.0,302.0,355.0,304.0,251.0,220.0,406.0,586.0,674.0,866.0,846.0,714.0,619.0,591.0,602.0,539.0,546.0,588.0,562.0,634.0,651.0,651.0,411.0,445.0,402.0,324.0,283.0,303.0,345.0,296.0,341.0,341.0,375.0,383.0,321.0,265.0,260.0,221.0,299.0,294.0,340.0,298.0,317.0,321.0,299.0,309.0,249.0,245.0,255.0,224.0,206.0,196.0,234.0,233.0,339.0,358.0,366.0,328.0,312.0,258.0,234.0,225.0,247.0,208.0,233.0,225.0,251.0,291.0,291.0,309.0,233.0,208.0,150.0,161.0,140.0,158.0,181.0,175.0,237.0,286.0,264.0,237.0
DUMBO,Brooklyn,neighborhood,3.0,4.0,5.0,8.0,7.0,3.0,3.0,1.0,1.0,2.0,2.0,3.0,4.0,4.0,5.0,4.0,7.0,9.0,8.0,9.0,5.0,6.0,5.0,4.0,6.0,9.0,9.0,2.0,6.0,7.0,4.0,4.0,5.0,3.0,5.0,2.0,1.0,3.0,3.0,6.0,8.0,8.0,5.0,5.0,4.0,4.0,5.0,7.0,9.0,6.0,7.0,7.0,7.0,10.0,11.0,13.0,7.0,5.0,6.0,6.0,4.0,3.0,6.0,5.0,4.0,4.0,7.0,9.0,9.0,9.0,10.0,10.0,8.0,5.0,6.0,8.0,12.0,12.0,15.0,14.0,15.0,16.0,13.0,12.0,14.0,19.0,22.0,19.0,24.0,24.0,22.0,17.0,13.0,18.0,18.0,19.0,21.0,17.0,11.0,7.0,7.0,8.0,12.0,8.0,9.0,12.0,15.0,12.0,12.0,9.0,13.0,16.0,19.0,22.0,21.0,18.0,15.0,15.0,15.0,10.0,10.0,9.0,7.0,6.0,15.0,22.0,29.0,31.0,29.0,25.0,25.0,21.0,14.0,13.0,12.0,12.0,10.0,14.0,7.0,5.0,5.0,4.0,4.0,0.0,1.0,5.0,3.0,8.0,13.0,19.0,26.0,20.0,19.0,16.0,16.0,12.0,15.0,12.0,12.0,16.0,23.0,29.0,33.0,27.0,24.0,18.0,14.0,16.0,11.0,9.0,14.0,18.0,23.0,24.0,21.0,24.0,23.0,15.0,12.0,12.0,10.0,3.0,2.0,5.0,15.0,15.0,18.0,14.0,9.0,14.0,14.0,7.0,5.0,6.0,6.0,8.0,6.0,11.0,18.0,18.0
Ditmas Park,Brooklyn,neighborhood,4.0,3.0,5.0,3.0,1.0,1.0,3.0,4.0,3.0,2.0,2.0,2.0,1.0,3.0,3.0,1.0,3.0,6.0,6.0,4.0,6.0,5.0,5.0,4.0,6.0,5.0,4.0,3.0,2.0,3.0,5.0,6.0,3.0,5.0,3.0,4.0,6.0,5.0,4.0,3.0,8.0,7.0,8.0,6.0,4.0,2.0,9.0,10.0,9.0,6.0,8.0,12.0,15.0,17.0,22.0,18.0,15.0,26.0,22.0,22.0,27.0,47.0,45.0,33.0,37.0,50.0,52.0,42.0,27.0,31.0,24.0,26.0,29.0,21.0,32.0,35.0,29.0,27.0,21.0,26.0,17.0,20.0,22.0,14.0,25.0,29.0,41.0,42.0,68.0,73.0,55.0,19.0,28.0,33.0,29.0,23.0,18.0,27.0,28.0,33.0,37.0,31.0,38.0,38.0,30.0,40.0,33.0,44.0,37.0,33.0,50.0,50.0,73.0,54.0,48.0,51.0,50.0,42.0,46.0,38.0,35.0,28.0,26.0,15.0,28.0,54.0,80.0,82.0,69.0,56.0,41.0,39.0,30.0,23.0,24.0,32.0,37.0,45.0,30.0,41.0,32.0,39.0,26.0,23.0,17.0,21.0,18.0,13.0,24.0,31.0,27.0,24.0,22.0,16.0,15.0,13.0,23.0,18.0,27.0,20.0,22.0,27.0,28.0,12.0,9.0,18.0,23.0,14.0,16.0,16.0,15.0,17.0,35.0,32.0,25.0,25.0,23.0,19.0,20.0,11.0,13.0,10.0,13.0,16.0,21.0,26.0,21.0,24.0,17.0,13.0,11.0,13.0,12.0,15.0,15.0,8.0,17.0,17.0,16.0,13.0
Douglaston,Queens,neighborhood,3.0,3.0,3.0,1.0,0.0,0.0,1.0,1.0,1.0,0.0,0.0,1.0,1.0,1.0,1.0,2.0,2.0,1.0,1.0,1.0,1.0,1.0,2.0,0.0,0.0,0.0,0.0,1.0,1.0,0.0,2.0,2.0,1.0,1.0,1.0,2.0,2.0,1.0,1.0,1.0,0.0,2.0,6.0,7.0,7.0,7.0,4.0,3.0,2.0,4.0,2.0,1.0,2.0,1.0,0.0,0.0,0.0,1.0,2.0,3.0,5.0,6.0,4.0,1.0,0.0,2.0,4.0,2.0,1.0,1.0,1.0,0.0,1.0,1.0,2.0,4.0,2.0,3.0,2.0,2.0,1.0,3.0,2.0,3.0,4.0,1.0,0.0,1.0,2.0,3.0,5.0,1.0,1.0,3.0,2.0,3.0,1.0,1.0,1.0,2.0,1.0,0.0,0.0,2.0,2.0,3.0,2.0,2.0,3.0,3.0,3.0,1.0,1.0,1.0,2.0,3.0,2.0,1.0,3.0,2.0,2.0,3.0,6.0,5.0,2.0,1.0,1.0,0.0,0.0,1.0,2.0,2.0,1.0,0.0,1.0,1.0,0.0,3.0,1.0,0.0,0.0,1.0,1.0,1.0,1.0,1.0,0.0,1.0,0.0,1.0,0.0,0.0,1.0,1.0,0.0,1.0,2.0,2.0,2.0,0.0,0.0,0.0,2.0,4.0,3.0,3.0,1.0,0.0,1.0,1.0,1.0,0.0,0.0,1.0,2.0,2.0,1.0,1.0,2.0,4.0,2.0,1.0,1.0,1.0,2.0,3.0,2.0,2.0,1.0,0.0,0.0,0.0,0.0,1.0,2.0,2.0,1.0,0.0,1.0,0.0
Downtown Brooklyn,Brooklyn,neighborhood,9.0,9.0,9.0,7.0,5.0,4.0,8.0,7.0,9.0,5.0,6.0,1.0,2.0,1.0,1.0,1.0,4.0,2.0,2.0,1.0,0.0,0.0,3.0,3.0,2.0,2.0,3.0,4.0,5.0,6.0,6.0,4.0,3.0,4.0,3.0,4.0,6.0,4.0,6.0,6.0,6.0,6.0,6.0,4.0,5.0,4.0,5.0,6.0,6.0,7.0,6.0,5.0,5.0,4.0,5.0,4.0,4.0,6.0,5.0,3.0,4.0,5.0,3.0,5.0,6.0,8.0,8.0,10.0,10.0,5.0,7.0,10.0,12.0,12.0,16.0,27.0,33.0,39.0,23.0,25.0,19.0,20.0,20.0,20.0,25.0,20.0,21.0,22.0,23.0,27.0,29.0,24.0,25.0,37.0,28.0,31.0,34.0,31.0,23.0,22.0,23.0,20.0,24.0,16.0,10.0,14.0,9.0,5.0,8.0,12.0,14.0,19.0,19.0,13.0,16.0,13.0,13.0,10.0,8.0,10.0,9.0,3.0,3.0,7.0,21.0,32.0,40.0,33.0,38.0,36.0,29.0,25.0,22.0,20.0,13.0,8.0,15.0,28.0,34.0,33.0,24.0,29.0,29.0,29.0,29.0,27.0,23.0,17.0,14.0,14.0,20.0,22.0,12.0,9.0,12.0,11.0,24.0,25.0,30.0,21.0,19.0,24.0,25.0,24.0,26.0,18.0,12.0,10.0,18.0,14.0,10.0,17.0,21.0,25.0,33.0,31.0,37.0,30.0,34.0,25.0,30.0,24.0,21.0,29.0,25.0,35.0,36.0,33.0,38.0,33.0,36.0,27.0,29.0,23.0,26.0,27.0,34.0,37.0,40.0,54.0
Dyker Heights,Brooklyn,neighborhood,1.0,0.0,0.0,0.0,1.0,1.0,0.0,2.0,1.0,1.0,1.0,1.0,1.0,2.0,3.0,2.0,3.0,2.0,3.0,3.0,2.0,2.0,5.0,5.0,4.0,4.0,4.0,4.0,2.0,1.0,1.0,0.0,1.0,2.0,1.0,1.0,1.0,1.0,1.0,1.0,1.0,1.0,1.0,4.0,2.0,2.0,3.0,1.0,3.0,7.0,5.0,4.0,2.0,5.0,7.0,8.0,8.0,6.0,7.0,8.0,5.0,2.0,1.0,5.0,6.0,13.0,14.0,11.0,8.0,8.0,7.0,6.0,6.0,9.0,11.0,15.0,14.0,12.0,19.0,20.0,21.0,21.0,20.0,24.0,30.0,31.0,38.0,27.0,23.0,21.0,28.0,8.0,15.0,14.0,26.0,14.0,15.0,12.0,20.0,21.0,24.0,18.0,24.0,25.0,22.0,28.0,24.0,22.0,24.0,31.0,26.0,22.0,27.0,21.0,17.0,19.0,10.0,18.0,19.0,14.0,14.0,15.0,8.0,5.0,8.0,12.0,11.0,15.0,18.0,18.0,16.0,19.0,13.0,19.0,22.0,25.0,29.0,23.0,17.0,13.0,11.0,15.0,9.0,7.0,4.0,4.0,12.0,16.0,15.0,13.0,14.0,13.0,14.0,21.0,15.0,11.0,12.0,8.0,10.0,9.0,10.0,11.0,15.0,13.0,16.0,11.0,9.0,10.0,13.0,13.0,10.0,11.0,8.0,10.0,13.0,12.0,13.0,12.0,11.0,10.0,14.0,13.0,10.0,8.0,11.0,7.0,11.0,8.0,8.0,9.0,7.0,7.0,3.0,4.0,5.0,7.0,4.0,7.0,6.0,5.0
East Elmhurst,Queens,neighborhood,1.0,1.0,1.0,1.0,1.0,1.0,1.0,1.0,1.0,0.0,0.0,0.0,0.0,0.0,0.0,0.0,0.0,0.0,0.0,0.0,1.0,1.0,0.0,0.0,0.0,0.0,0.0,0.0,0.0,0.0,0.0,0.0,0.0,0.0,0.0,0.0,0.0,0.0,0.0,0.0,0.0,0.0,0.0,0.0,0.0,0.0,0.0,0.0,0.0,1.0,1.0,6.0,5.0,1.0,1.0,1.0,0.0,0.0,1.0,1.0,1.0,1.0,1.0,1.0,1.0,2.0,1.0,1.0,0.0,0.0,1.0,2.0,1.0,4.0,3.0,1.0,0.0,1.0,1.0,0.0,1.0,2.0,1.0,0.0,0.0,2.0,3.0,4.0,7.0,7.0,7.0,2.0,2.0,1.0,1.0,1.0,1.0,1.0,0.0,0.0,1.0,1.0,1.0,5.0,2.0,2.0,3.0,4.0,1.0,1.0,1.0,2.0,2.0,1.0,4.0,3.0,1.0,0.0,2.0,2.0,2.0,3.0,3.0,1.0,5.0,4.0,4.0,5.0,3.0,5.0,2.0,2.0,1.0,1.0,3.0,3.0,4.0,0.0,1.0,2.0,1.0,3.0,1.0,1.0,3.0,2.0,3.0,3.0,1.0,1.0,0.0,0.0,1.0,1.0,3.0,1.0,1.0,3.0,3.0,5.0,8.0,5.0,1.0,1.0,0.0,3.0,3.0,2.0,4.0,6.0,4.0,9.0,6.0,3.0,6.0,3.0,3.0,4.0,5.0,3.0,9.0,6.0,3.0,3.0,2.0,1.0,0.0,2.0,2.0,0.0,0.0,1.0,2.0,2.0,4.0,2.0,0.0,3.0,4.0,4.0
East Flatbush,Brooklyn,neighborhood,5.0,2.0,2.0,4.0,2.0,2.0,10.0,11.0,14.0,8.0,4.0,4.0,2.0,7.0,9.0,12.0,11.0,10.0,14.0,15.0,14.0,11.0,12.0,6.0,10.0,10.0,9.0,9.0,9.0,9.0,12.0,11.0,8.0,3.0,2.0,3.0,4.0,4.0,4.0,4.0,14.0,7.0,13.0,19.0,10.0,8.0,10.0,11.0,14.0,22.0,17.0,19.0,26.0,25.0,24.0,36.0,35.0,25.0,19.0,19.0,20.0,14.0,34.0,26.0,32.0,51.0,54.0,50.0,50.0,37.0,42.0,44.0,50.0,44.0,58.0,61.0,68.0,72.0,52.0,63.0,64.0,57.0,69.0,62.0,78.0,81.0,83.0,84.0,86.0,90.0,92.0,63.0,60.0,49.0,43.0,51.0,55.0,53.0,64.0,73.0,74.0,80.0,98.0,114.0,118.0,97.0,88.0,79.0,60.0,52.0,74.0,66.0,67.0,74.0,73.0,87.0,71.0,64.0,68.0,64.0,82.0,57.0,41.0,38.0,49.0,62.0,56.0,59.0,55.0,56.0,62.0,50.0,55.0,46.0,60.0,47.0,50.0,59.0,50.0,53.0,49.0,54.0,53.0,45.0,65.0,81.0,114.0,90.0,101.0,86.0,91.0,88.0,65.0,59.0,80.0,66.0,68.0,62.0,77.0,56.0,69.0,64.0,58.0,62.0,49.0,68.0,72.0,68.0,67.0,74.0,75.0,60.0,65.0,55.0,59.0,74.0,69.0,57.0,64.0,58.0,57.0,60.0,43.0,26.0,41.0,53.0,45.0,42.0,65.0,76.0,81.0,93.0,63.0,48.0,36.0,33.0,34.0,50.0,56.0,52.0
East Harlem,Manhattan,neighborhood,15.0,17.0,18.0,19.0,25.0,26.0,27.0,23.0,10.0,15.0,13.0,9.0,10.0,12.0,8.0,7.0,10.0,7.0,7.0,14.0,13.0,15.0,16.0,23.0,20.0,21.0,18.0,17.0,17.0,20.0,18.0,22.0,20.0,19.0,19.0,23.0,35.0,39.0,40.0,37.0,44.0,40.0,50.0,43.0,39.0,52.0,53.0,37.0,32.0,46.0,58.0,60.0,69.0,69.0,83.0,70.0,52.0,43.0,39.0,51.0,64.0,66.0,79.0,93.0,93.0,93.0,108.0,111.0,103.0,90.0,72.0,63.0,57.0,60.0,69.0,99.0,118.0,112.0,116.0,93.0,68.0,61.0,71.0,61.0,63.0,51.0,53.0,58.0,80.0,102.0,101.0,88.0,86.0,89.0,72.0,61.0,56.0,62.0,75.0,71.0,87.0,78.0,82.0,87.0,65.0,70.0,61.0,52.0,52.0,52.0,64.0,77.0,98.0,97.0,94.0,90.0,72.0,70.0,54.0,39.0,44.0,34.0,42.0,43.0,79.0,118.0,151.0,155.0,142.0,142.0,123.0,111.0,104.0,80.0,94.0,103.0,105.0,125.0,143.0,115.0,93.0,80.0,81.0,78.0,94.0,60.0,59.0,61.0,79.0,74.0,82.0,86.0,80.0,58.0,65.0,64.0,83.0,70.0,89.0,60.0,91.0,89.0,100.0,117.0,104.0,105.0,92.0,74.0,72.0,75.0,83.0,76.0,79.0,97.0,104.0,97.0,73.0,81.0,62.0,50.0,42.0,37.0,50.0,51.0,53.0,56.0,78.0,78.0,70.0,72.0,45.0,43.0,41.0,32.0,31.0,59.0,70.0,77.0,99.0,89.0
East New York,Brooklyn,neighborhood,1.0,0.0,0.0,0.0,0.0,0.0,0.0,1.0,3.0,2.0,2.0,2.0,2.0,2.0,3.0,3.0,3.0,2.0,2.0,1.0,3.0,6.0,4.0,3.0,1.0,2.0,3.0,3.0,5.0,2.0,2.0,3.0,5.0,6.0,7.0,8.0,11.0,10.0,8.0,7.0,5.0,3.0,7.0,7.0,6.0,7.0,9.0,8.0,11.0,9.0,9.0,6.0,8.0,9.0,15.0,15.0,20.0,19.0,18.0,23.0,28.0,22.0,17.0,13.0,14.0,24.0,24.0,19.0,28.0,25.0,22.0,25.0,15.0,26.0,32.0,37.0,36.0,26.0,37.0,42.0,37.0,29.0,42.0,36.0,42.0,51.0,71.0,65.0,78.0,92.0,83.0,35.0,33.0,35.0,33.0,35.0,47.0,44.0,63.0,58.0,62.0,54.0,58.0,71.0,60.0,51.0,42.0,46.0,53.0,64.0,66.0,60.0,48.0,67.0,74.0,48.0,52.0,67.0,56.0,61.0,59.0,61.0,54.0,30.0,40.0,48.0,45.0,47.0,51.0,51.0,51.0,44.0,54.0,45.0,60.0,54.0,53.0,54.0,69.0,69.0,51.0,46.0,70.0,60.0,60.0,38.0,41.0,37.0,48.0,53.0,41.0,46.0,49.0,39.0,52.0,42.0,43.0,44.0,50.0,47.0,49.0,57.0,53.0,42.0,43.0,58.0,65.0,60.0,59.0,59.0,47.0,45.0,49.0,42.0,51.0,57.0,62.0,59.0,42.0,43.0,54.0,42.0,55.0,50.0,48.0,48.0,38.0,24.0,27.0,33.0,25.0,25.0,23.0,24.0,37.0,40.0,55.0,64.0,50.0,53.0
East Tremont,Bronx,neighborhood,0.0,0.0,0.0,0.0,0.0,0.0,0.0,0.0,0.0,0.0,0.0,0.0,0.0,0.0,0.0,0.0,0.0,0.0,0.0,0.0,0.0,0.0,0.0,0.0,0.0,0.0,0.0,0.0,1.0,1.0,1.0,1.0,1.0,1.0,1.0,2.0,2.0,2.0,1.0,1.0,0.0,0.0,0.0,0.0,1.0,1.0,1.0,1.0,1.0,1.0,0.0,0.0,3.0,3.0,2.0,3.0,2.0,1.0,3.0,2.0,2.0,3.0,5.0,3.0,4.0,5.0,2.0,9.0,8.0,10.0,14.0,8.0,5.0,2.0,0.0,0.0,1.0,2.0,3.0,5.0,5.0,3.0,2.0,1.0,2.0,5.0,4.0,8.0,8.0,6.0,8.0,2.0,2.0,3.0,3.0,1.0,5.0,4.0,3.0,4.0,1.0,6.0,10.0,8.0,5.0,13.0,9.0,11.0,12.0,7.0,20.0,12.0,4.0,4.0,1.0,3.0,2.0,4.0,6.0,0.0,3.0,3.0,2.0,1.0,3.0,4.0,6.0,3.0,0.0,1.0,4.0,4.0,4.0,3.0,0.0,0.0,2.0,8.0,4.0,4.0,13.0,11.0,8.0,6.0,2.0,2.0,2.0,1.0,1.0,0.0,1.0,3.0,6.0,4.0,3.0,3.0,3.0,2.0,9.0,8.0,5.0,2.0,2.0,5.0,4.0,6.0,3.0,3.0,3.0,1.0,5.0,4.0,3.0,4.0,1.0,1.0,4.0,4.0,3.0,6.0,3.0,4.0,2.0,2.0,3.0,5.0,1.0,3.0,1.0,2.0,1.0,3.0,4.0,3.0,3.0,0.0,3.0,4.0,2.0,2.0
East Village,Manhattan,neighborhood,47.0,41.0,45.0,56.0,76.0,105.0,91.0,57.0,30.0,23.0,20.0,11.0,17.0,23.0,29.0,62.0,73.0,73.0,74.0,80.0,59.0,34.0,29.0,33.0,46.0,50.0,58.0,77.0,92.0,118.0,154.0,137.0,101.0,86.0,83.0,67.0,86.0,88.0,82.0,108.0,140.0,172.0,213.0,206.0,149.0,103.0,89.0,87.0,100.0,91.0,91.0,115.0,201.0,197.0,219.0,209.0,190.0,154.0,145.0,144.0,138.0,92.0,113.0,179.0,222.0,291.0,349.0,250.0,152.0,127.0,105.0,107.0,108.0,103.0,138.0,168.0,221.0,243.0,263.0,261.0,175.0,167.0,119.0,107.0,128.0,141.0,175.0,256.0,338.0,407.0,398.0,333.0,206.0,166.0,123.0,102.0,96.0,94.0,129.0,235.0,347.0,390.0,376.0,335.0,242.0,192.0,138.0,120.0,104.0,132.0,164.0,249.0,353.0,413.0,403.0,304.0,177.0,123.0,79.0,74.0,61.0,65.0,75.0,129.0,315.0,506.0,709.0,753.0,675.0,600.0,485.0,416.0,377.0,273.0,266.0,221.0,223.0,253.0,263.0,209.0,112.0,116.0,121.0,132.0,158.0,148.0,157.0,196.0,288.0,312.0,265.0,218.0,147.0,145.0,131.0,139.0,176.0,175.0,221.0,307.0,428.0,431.0,428.0,357.0,267.0,228.0,176.0,143.0,121.0,125.0,187.0,290.0,385.0,436.0,484.0,437.0,277.0,196.0,136.0,117.0,114.0,101.0,139.0,251.0,340.0,384.0,356.0,277.0,184.0,151.0,92.0,91.0,101.0,123.0,173.0,212.0,257.0,293.0,224.0,197.0
Eastchester,Bronx,neighborhood,0.0,0.0,0.0,0.0,0.0,0.0,0.0,0.0,0.0,0.0,0.0,0.0,0.0,0.0,0.0,0.0,0.0,0.0,0.0,0.0,0.0,0.0,0.0,0.0,0.0,0.0,0.0,0.0,0.0,0.0,0.0,0.0,0.0,0.0,0.0,0.0,0.0,0.0,0.0,0.0,0.0,0.0,0.0,0.0,0.0,0.0,0.0,0.0,0.0,0.0,0.0,0.0,0.0,0.0,0.0,0.0,0.0,0.0,0.0,0.0,0.0,0.0,0.0,0.0,0.0,0.0,0.0,0.0,0.0,0.0,0.0,0.0,0.0,0.0,0.0,0.0,0.0,0.0,0.0,0.0,1.0,1.0,0.0,0.0,0.0,0.0,0.0,0.0,0.0,0.0,0.0,0.0,0.0,0.0,0.0,0.0,0.0,0.0,0.0,0.0,0.0,0.0,0.0,0.0,0.0,2.0,1.0,5.0,0.0,0.0,0.0,0.0,1.0,0.0,2.0,0.0,0.0,0.0,0.0,0.0,0.0,0.0,0.0,0.0,0.0,0.0,1.0,2.0,1.0,2.0,0.0,0.0,1.0,2.0,2.0,0.0,0.0,0.0,0.0,0.0,0.0,0.0,0.0,0.0,2.0,1.0,0.0,3.0,1.0,0.0,0.0,0.0,0.0,0.0,0.0,0.0,0.0,0.0,0.0,0.0,0.0,0.0,0.0,0.0,0.0,1.0,1.0,1.0,0.0,0.0,0.0,0.0,0.0,0.0,0.0,0.0,1.0,1.0,0.0,1.0,1.0,0.0,0.0,0.0,0.0,1.0,1.0,3.0,0.0,0.0,0.0,0.0,0.0,0.0,0.0,0.0,0.0,0.0,2.0,1.0
Edenwald,Bronx,neighborhood,0.0,0.0,0.0,0.0,0.0,0.0,0.0,0.0,0.0,0.0,0.0,0.0,0.0,0.0,0.0,0.0,0.0,0.0,0.0,1.0,1.0,0.0,0.0,0.0,0.0,0.0,0.0,0.0,1.0,1.0,0.0,0.0,0.0,0.0,0.0,0.0,0.0,2.0,2.0,3.0,1.0,1.0,0.0,0.0,1.0,1.0,1.0,1.0,0.0,0.0,0.0,1.0,0.0,0.0,0.0,0.0,0.0,1.0,1.0,0.0,0.0,0.0,0.0,0.0,0.0,0.0,0.0,0.0,0.0,0.0,0.0,0.0,0.0,0.0,0.0,1.0,2.0,3.0,2.0,1.0,0.0,0.0,0.0,0.0,1.0,3.0,3.0,3.0,2.0,1.0,1.0,0.0,0.0,0.0,0.0,0.0,0.0,0.0,1.0,1.0,1.0,0.0,0.0,0.0,0.0,0.0,1.0,2.0,1.0,1.0,0.0,0.0,0.0,2.0,4.0,4.0,2.0,0.0,0.0,0.0,2.0,4.0,0.0,0.0,2.0,1.0,1.0,0.0,0.0,0.0,0.0,0.0,0.0,0.0,0.0,1.0,2.0,1.0,1.0,1.0,2.0,0.0,1.0,1.0,0.0,1.0,2.0,1.0,0.0,0.0,2.0,2.0,1.0,1.0,1.0,2.0,1.0,0.0,1.0,2.0,3.0,3.0,6.0,4.0,4.0,3.0,2.0,3.0,2.0,2.0,1.0,0.0,2.0,1.0,1.0,0.0,1.0,0.0,0.0,2.0,2.0,0.0,0.0,0.0,1.0,0.0,1.0,2.0,2.0,2.0,0.0,1.0,1.0,1.0,1.0,1.0,1.0,1.0,0.0,0.0
Elmhurst,Queens,neighborhood,1.0,1.0,1.0,1.0,2.0,1.0,0.0,0.0,0.0,0.0,0.0,1.0,2.0,2.0,1.0,1.0,1.0,0.0,0.0,1.0,1.0,1.0,1.0,0.0,1.0,1.0,1.0,1.0,1.0,0.0,0.0,1.0,0.0,1.0,1.0,1.0,1.0,0.0,1.0,1.0,1.0,1.0,0.0,0.0,0.0,2.0,2.0,2.0,2.0,2.0,2.0,2.0,2.0,3.0,3.0,1.0,1.0,4.0,7.0,5.0,4.0,1.0,2.0,6.0,3.0,12.0,3.0,4.0,6.0,5.0,5.0,1.0,3.0,3.0,4.0,8.0,10.0,14.0,12.0,8.0,6.0,8.0,9.0,9.0,10.0,27.0,33.0,25.0,25.0,28.0,34.0,7.0,11.0,10.0,10.0,6.0,13.0,10.0,18.0,16.0,14.0,12.0,11.0,13.0,14.0,13.0,16.0,16.0,16.0,14.0,13.0,8.0,14.0,20.0,21.0,23.0,11.0,17.0,19.0,11.0,18.0,16.0,12.0,5.0,11.0,11.0,17.0,21.0,23.0,22.0,21.0,16.0,12.0,14.0,15.0,14.0,15.0,22.0,14.0,13.0,21.0,20.0,24.0,13.0,14.0,7.0,17.0,17.0,9.0,9.0,15.0,13.0,16.0,12.0,10.0,10.0,18.0,16.0,11.0,16.0,14.0,7.0,9.0,11.0,9.0,10.0,10.0,15.0,20.0,19.0,13.0,11.0,8.0,17.0,10.0,13.0,9.0,9.0,9.0,8.0,12.0,12.0,12.0,13.0,7.0,5.0,5.0,10.0,17.0,11.0,6.0,5.0,4.0,7.0,10.0,7.0,11.0,8.0,10.0,10.0
Financial District,Manhattan,neighborhood,41.0,40.0,33.0,25.0,27.0,38.0,33.0,25.0,17.0,32.0,33.0,32.0,35.0,28.0,26.0,24.0,29.0,31.0,33.0,37.0,32.0,30.0,31.0,36.0,33.0,43.0,54.0,47.0,59.0,62.0,59.0,69.0,66.0,83.0,71.0,63.0,82.0,82.0,69.0,76.0,80.0,97.0,97.0,115.0,103.0,96.0,41.0,34.0,34.0,34.0,39.0,54.0,53.0,55.0,48.0,50.0,49.0,40.0,38.0,32.0,19.0,14.0,24.0,21.0,34.0,36.0,53.0,54.0,43.0,64.0,48.0,40.0,35.0,40.0,38.0,47.0,44.0,44.0,38.0,41.0,50.0,48.0,44.0,39.0,57.0,59.0,62.0,60.0,70.0,75.0,69.0,77.0,73.0,83.0,84.0,76.0,84.0,75.0,69.0,83.0,76.0,69.0,66.0,67.0,54.0,50.0,45.0,35.0,47.0,31.0,32.0,49.0,65.0,92.0,88.0,69.0,85.0,80.0,58.0,34.0,42.0,39.0,37.0,26.0,51.0,69.0,105.0,129.0,110.0,117.0,87.0,80.0,83.0,71.0,72.0,56.0,45.0,48.0,39.0,52.0,53.0,56.0,46.0,43.0,33.0,27.0,32.0,23.0,30.0,43.0,51.0,64.0,54.0,57.0,54.0,45.0,44.0,36.0,36.0,27.0,34.0,51.0,61.0,61.0,57.0,55.0,47.0,41.0,43.0,45.0,63.0,40.0,44.0,50.0,56.0,61.0,48.0,61.0,51.0,43.0,44.0,31.0,29.0,42.0,44.0,36.0,43.0,62.0,55.0,61.0,37.0,27.0,37.0,49.0,56.0,40.0,54.0,52.0,60.0,52.0
Flatbush,Brooklyn,neighborhood,3.0,2.0,3.0,3.0,3.0,4.0,4.0,3.0,3.0,1.0,1.0,3.0,4.0,3.0,3.0,4.0,3.0,3.0,2.0,2.0,2.0,3.0,4.0,3.0,2.0,3.0,4.0,2.0,1.0,2.0,2.0,5.0,5.0,6.0,6.0,8.0,9.0,10.0,10.0,9.0,12.0,11.0,11.0,18.0,17.0,15.0,9.0,11.0,12.0,13.0,16.0,24.0,28.0,23.0,26.0,26.0,27.0,32.0,50.0,53.0,52.0,60.0,47.0,49.0,71.0,86.0,61.0,68.0,58.0,58.0,61.0,68.0,57.0,61.0,58.0,61.0,65.0,72.0,61.0,65.0,65.0,63.0,89.0,95.0,100.0,103.0,112.0,107.0,129.0,161.0,168.0,92.0,97.0,122.0,120.0,76.0,94.0,98.0,91.0,71.0,104.0,124.0,143.0,158.0,119.0,158.0,166.0,138.0,109.0,125.0,155.0,154.0,147.0,143.0,145.0,146.0,109.0,91.0,72.0,96.0,105.0,106.0,97.0,49.0,83.0,129.0,171.0,202.0,173.0,159.0,145.0,137.0,136.0,131.0,116.0,99.0,110.0,118.0,121.0,126.0,84.0,108.0,125.0,114.0,117.0,146.0,142.0,112.0,136.0,155.0,157.0,122.0,106.0,89.0,95.0,95.0,110.0,98.0,106.0,94.0,116.0,161.0,147.0,171.0,143.0,135.0,121.0,92.0,108.0,122.0,126.0,105.0,142.0,124.0,153.0,144.0,125.0,131.0,135.0,111.0,94.0,90.0,109.0,116.0,133.0,125.0,139.0,118.0,118.0,95.0,69.0,86.0,92.0,51.0,71.0,102.0,134.0,127.0,130.0,130.0
Flatiron,Manhattan,neighborhood,22.0,21.0,22.0,28.0,27.0,23.0,26.0,30.0,25.0,27.0,20.0,18.0,20.0,21.0,17.0,23.0,29.0,27.0,25.0,25.0,30.0,32.0,26.0,20.0,15.0,11.0,20.0,23.0,38.0,43.0,40.0,37.0,33.0,30.0,27.0,18.0,22.0,21.0,25.0,38.0,43.0,36.0,39.0,37.0,33.0,33.0,28.0,29.0,38.0,34.0,36.0,37.0,38.0,33.0,38.0,45.0,38.0,34.0,32.0,28.0,30.0,34.0,47.0,52.0,50.0,59.0,56.0,40.0,43.0,43.0,43.0,39.0,38.0,47.0,44.0,48.0,59.0,71.0,63.0,58.0,53.0,52.0,45.0,40.0,41.0,27.0,35.0,49.0,66.0,55.0,57.0,51.0,56.0,69.0,61.0,49.0,40.0,35.0,34.0,38.0,64.0,72.0,69.0,48.0,40.0,37.0,23.0,13.0,18.0,20.0,25.0,44.0,56.0,60.0,56.0,50.0,51.0,35.0,31.0,25.0,24.0,19.0,30.0,35.0,70.0,92.0,114.0,117.0,125.0,106.0,94.0,76.0,65.0,49.0,52.0,44.0,34.0,43.0,39.0,34.0,28.0,22.0,24.0,22.0,19.0,19.0,24.0,35.0,47.0,45.0,43.0,42.0,34.0,36.0,43.0,44.0,39.0,37.0,40.0,50.0,63.0,77.0,65.0,74.0,49.0,42.0,33.0,40.0,39.0,27.0,25.0,42.0,66.0,72.0,69.0,66.0,47.0,45.0,32.0,28.0,22.0,26.0,33.0,40.0,47.0,36.0,33.0,44.0,28.0,35.0,22.0,15.0,19.0,19.0,21.0,25.0,34.0,35.0,34.0,27.0
Flatlands,Brooklyn,neighborhood,0.0,0.0,0.0,0.0,0.0,0.0,0.0,0.0,0.0,0.0,0.0,0.0,0.0,0.0,0.0,0.0,0.0,0.0,0.0,0.0,0.0,0.0,0.0,0.0,0.0,0.0,0.0,1.0,1.0,1.0,0.0,0.0,0.0,1.0,1.0,1.0,0.0,0.0,0.0,0.0,0.0,1.0,1.0,1.0,0.0,0.0,0.0,0.0,0.0,0.0,0.0,0.0,0.0,0.0,0.0,0.0,0.0,0.0,0.0,1.0,4.0,3.0,2.0,4.0,4.0,1.0,3.0,2.0,2.0,1.0,4.0,4.0,3.0,2.0,1.0,1.0,2.0,2.0,3.0,3.0,3.0,4.0,3.0,2.0,2.0,1.0,5.0,6.0,9.0,5.0,3.0,1.0,2.0,4.0,6.0,3.0,5.0,4.0,6.0,7.0,5.0,5.0,4.0,3.0,6.0,7.0,6.0,4.0,3.0,8.0,10.0,3.0,1.0,6.0,1.0,1.0,3.0,4.0,3.0,5.0,5.0,1.0,2.0,3.0,0.0,1.0,3.0,4.0,2.0,2.0,3.0,2.0,3.0,2.0,0.0,5.0,5.0,4.0,6.0,2.0,2.0,1.0,4.0,2.0,5.0,3.0,6.0,5.0,4.0,7.0,8.0,5.0,5.0,6.0,5.0,4.0,4.0,6.0,7.0,5.0,7.0,5.0,4.0,2.0,2.0,3.0,9.0,5.0,6.0,8.0,7.0,2.0,3.0,3.0,2.0,3.0,2.0,6.0,4.0,4.0,3.0,2.0,1.0,2.0,5.0,6.0,3.0,3.0,3.0,2.0,3.0,5.0,1.0,0.0,1.0,5.0,7.0,1.0,1.0,2.0
Floral Park,Queens,neighborhood,0.0,0.0,0.0,0.0,0.0,0.0,0.0,0.0,0.0,0.0,0.0,0.0,0.0,0.0,0.0,0.0,0.0,0.0,0.0,0.0,0.0,0.0,0.0,0.0,0.0,1.0,1.0,0.0,0.0,0.0,0.0,0.0,0.0,0.0,0.0,0.0,0.0,0.0,0.0,0.0,0.0,0.0,0.0,0.0,0.0,0.0,0.0,0.0,0.0,1.0,1.0,1.0,0.0,0.0,0.0,0.0,0.0,0.0,0.0,0.0,0.0,0.0,0.0,0.0,0.0,0.0,0.0,0.0,0.0,0.0,0.0,0.0,0.0,0.0,0.0,0.0,0.0,0.0,0.0,0.0,0.0,0.0,0.0,0.0,0.0,0.0,0.0,0.0,0.0,0.0,0.0,0.0,0.0,0.0,0.0,0.0,0.0,0.0,0.0,0.0,0.0,0.0,0.0,0.0,0.0,0.0,0.0,0.0,0.0,0.0,0.0,0.0,0.0,0.0,0.0,0.0,0.0,0.0,0.0,0.0,0.0,0.0,0.0,0.0,0.0,0.0,0.0,0.0,0.0,0.0,0.0,0.0,0.0,0.0,0.0,0.0,0.0,0.0,0.0,0.0,0.0,0.0,0.0,0.0,0.0,0.0,0.0,0.0,0.0,0.0,0.0,0.0,0.0,0.0,0.0,0.0,0.0,1.0,1.0,0.0,1.0,1.0,0.0,0.0,0.0,0.0,0.0,0.0,0.0,0.0,0.0,0.0,0.0,0.0,0.0,0.0,0.0,0.0,0.0,0.0,0.0,0.0,0.0,0.0,0.0,0.0,0.0,0.0,0.0,0.0,0.0,0.0,0.0,0.0,0.0,0.0,0.0,0.0,0.0,0.0
Flushing,Queens,neighborhood,10.0,5.0,3.0,2.0,1.0,0.0,0.0,0.0,0.0,1.0,1.0,1.0,2.0,4.0,4.0,3.0,4.0,7.0,10.0,12.0,11.0,13.0,9.0,7.0,4.0,4.0,4.0,6.0,5.0,4.0,7.0,8.0,6.0,4.0,4.0,6.0,4.0,3.0,4.0,6.0,3.0,4.0,6.0,12.0,10.0,6.0,7.0,7.0,6.0,10.0,11.0,14.0,11.0,11.0,10.0,13.0,17.0,20.0,17.0,16.0,18.0,16.0,19.0,25.0,24.0,18.0,17.0,20.0,19.0,27.0,24.0,18.0,12.0,16.0,28.0,20.0,17.0,18.0,19.0,15.0,23.0,26.0,20.0,21.0,28.0,29.0,29.0,19.0,27.0,35.0,47.0,21.0,10.0,9.0,12.0,8.0,13.0,16.0,12.0,16.0,17.0,12.0,25.0,30.0,29.0,33.0,27.0,24.0,18.0,21.0,27.0,18.0,24.0,21.0,22.0,27.0,24.0,26.0,18.0,16.0,24.0,23.0,14.0,6.0,12.0,19.0,20.0,16.0,19.0,20.0,16.0,16.0,17.0,20.0,15.0,15.0,17.0,17.0,18.0,16.0,19.0,12.0,9.0,9.0,14.0,12.0,26.0,24.0,28.0,40.0,39.0,29.0,23.0,32.0,25.0,30.0,26.0,19.0,31.0,27.0,25.0,28.0,14.0,14.0,10.0,16.0,13.0,9.0,17.0,9.0,10.0,8.0,18.0,17.0,24.0,18.0,20.0,20.0,16.0,12.0,11.0,15.0,19.0,13.0,20.0,25.0,5.0,10.0,15.0,21.0,19.0,16.0,8.0,7.0,9.0,13.0,16.0,15.0,8.0,7.0
Fordham,Bronx,neighborhood,0.0,0.0,0.0,0.0,0.0,0.0,0.0,0.0,0.0,0.0,0.0,0.0,0.0,0.0,0.0,0.0,0.0,0.0,0.0,0.0,0.0,0.0,0.0,0.0,0.0,0.0,0.0,2.0,1.0,1.0,0.0,0.0,0.0,0.0,0.0,0.0,0.0,0.0,0.0,0.0,0.0,0.0,0.0,0.0,0.0,0.0,0.0,0.0,0.0,0.0,0.0,0.0,1.0,1.0,0.0,1.0,1.0,2.0,1.0,1.0,2.0,4.0,4.0,1.0,1.0,2.0,0.0,2.0,2.0,3.0,3.0,6.0,7.0,3.0,3.0,2.0,6.0,6.0,6.0,7.0,7.0,7.0,8.0,9.0,11.0,11.0,24.0,20.0,13.0,8.0,6.0,1.0,2.0,3.0,3.0,2.0,3.0,9.0,8.0,5.0,4.0,8.0,14.0,27.0,24.0,17.0,6.0,9.0,10.0,17.0,17.0,13.0,20.0,18.0,17.0,14.0,16.0,12.0,8.0,2.0,3.0,2.0,2.0,3.0,2.0,5.0,7.0,7.0,7.0,9.0,10.0,7.0,6.0,4.0,5.0,3.0,4.0,8.0,8.0,6.0,3.0,2.0,6.0,5.0,7.0,9.0,11.0,5.0,9.0,6.0,2.0,4.0,3.0,4.0,5.0,4.0,8.0,6.0,3.0,2.0,2.0,3.0,5.0,4.0,4.0,3.0,2.0,2.0,4.0,3.0,1.0,3.0,6.0,4.0,4.0,4.0,4.0,5.0,2.0,5.0,4.0,6.0,4.0,4.0,3.0,6.0,2.0,2.0,4.0,4.0,4.0,2.0,1.0,0.0,1.0,1.0,0.0,3.0,8.0,4.0
Forest Hills,Queens,neighborhood,12.0,12.0,11.0,4.0,1.0,1.0,3.0,5.0,5.0,4.0,6.0,7.0,8.0,7.0,7.0,10.0,9.0,9.0,11.0,14.0,13.0,18.0,15.0,9.0,8.0,6.0,20.0,18.0,15.0,13.0,17.0,13.0,14.0,14.0,13.0,21.0,21.0,22.0,15.0,14.0,10.0,9.0,14.0,15.0,20.0,18.0,21.0,21.0,19.0,18.0,22.0,34.0,34.0,22.0,28.0,33.0,28.0,25.0,23.0,20.0,32.0,35.0,45.0,47.0,60.0,60.0,52.0,62.0,64.0,56.0,52.0,49.0,36.0,28.0,34.0,31.0,45.0,50.0,47.0,40.0,47.0,53.0,54.0,59.0,61.0,58.0,49.0,65.0,66.0,78.0,90.0,62.0,62.0,57.0,50.0,45.0,37.0,43.0,41.0,43.0,43.0,37.0,51.0,47.0,44.0,42.0,45.0,47.0,45.0,48.0,46.0,41.0,63.0,58.0,63.0,64.0,48.0,41.0,33.0,37.0,33.0,30.0,19.0,16.0,25.0,35.0,48.0,47.0,47.0,45.0,47.0,42.0,47.0,43.0,31.0,36.0,47.0,53.0,52.0,54.0,44.0,44.0,42.0,42.0,36.0,29.0,47.0,48.0,52.0,54.0,60.0,44.0,39.0,42.0,27.0,21.0,29.0,21.0,24.0,19.0,25.0,37.0,41.0,47.0,42.0,36.0,32.0,26.0,37.0,33.0,23.0,24.0,25.0,24.0,28.0,35.0,39.0,40.0,35.0,25.0,33.0,29.0,27.0,24.0,30.0,23.0,29.0,25.0,29.0,32.0,21.0,20.0,20.0,21.0,32.0,38.0,35.0,31.0,33.0,36.0
Fort Greene,Brooklyn,neighborhood,10.0,14.0,13.0,16.0,12.0,11.0,11.0,9.0,7.0,6.0,5.0,5.0,11.0,8.0,6.0,14.0,11.0,11.0,6.0,3.0,7.0,10.0,11.0,7.0,7.0,11.0,9.0,10.0,9.0,6.0,8.0,10.0,8.0,7.0,12.0,9.0,7.0,13.0,24.0,20.0,17.0,11.0,16.0,20.0,23.0,22.0,19.0,17.0,22.0,19.0,22.0,20.0,25.0,41.0,41.0,43.0,28.0,33.0,26.0,23.0,30.0,37.0,36.0,35.0,37.0,44.0,62.0,66.0,42.0,45.0,44.0,29.0,26.0,23.0,27.0,26.0,32.0,36.0,48.0,49.0,35.0,31.0,32.0,33.0,44.0,50.0,50.0,45.0,43.0,58.0,68.0,38.0,24.0,14.0,15.0,17.0,14.0,16.0,16.0,17.0,26.0,37.0,54.0,38.0,26.0,27.0,16.0,17.0,15.0,20.0,23.0,32.0,39.0,39.0,53.0,37.0,20.0,19.0,23.0,16.0,20.0,21.0,15.0,13.0,21.0,44.0,64.0,77.0,74.0,83.0,63.0,46.0,37.0,24.0,17.0,20.0,28.0,26.0,24.0,21.0,17.0,18.0,25.0,17.0,22.0,27.0,34.0,12.0,16.0,9.0,16.0,20.0,25.0,21.0,17.0,13.0,10.0,13.0,20.0,25.0,28.0,40.0,38.0,44.0,42.0,32.0,26.0,18.0,17.0,16.0,14.0,16.0,41.0,51.0,52.0,37.0,32.0,31.0,22.0,24.0,15.0,19.0,25.0,27.0,37.0,48.0,39.0,31.0,25.0,26.0,30.0,23.0,17.0,16.0,29.0,23.0,24.0,28.0,33.0,32.0
Fresh Meadows,Queens,neighborhood,0.0,0.0,0.0,0.0,0.0,0.0,0.0,0.0,0.0,0.0,0.0,0.0,0.0,0.0,0.0,0.0,0.0,0.0,0.0,1.0,1.0,0.0,0.0,0.0,0.0,0.0,0.0,1.0,1.0,1.0,0.0,0.0,0.0,0.0,0.0,0.0,0.0,0.0,0.0,1.0,1.0,0.0,0.0,0.0,1.0,1.0,0.0,0.0,0.0,0.0,0.0,0.0,1.0,2.0,3.0,1.0,1.0,2.0,1.0,0.0,0.0,0.0,1.0,1.0,0.0,0.0,0.0,2.0,4.0,2.0,2.0,0.0,0.0,0.0,0.0,0.0,0.0,0.0,1.0,1.0,1.0,0.0,1.0,1.0,2.0,3.0,3.0,3.0,4.0,4.0,8.0,0.0,0.0,0.0,0.0,0.0,1.0,1.0,1.0,0.0,0.0,0.0,0.0,0.0,0.0,2.0,3.0,1.0,1.0,0.0,0.0,1.0,1.0,1.0,2.0,1.0,1.0,1.0,1.0,3.0,3.0,1.0,1.0,1.0,1.0,2.0,1.0,0.0,0.0,1.0,1.0,2.0,4.0,4.0,2.0,0.0,2.0,1.0,0.0,0.0,0.0,0.0,0.0,1.0,0.0,0.0,0.0,0.0,0.0,0.0,1.0,1.0,2.0,0.0,1.0,0.0,0.0,1.0,1.0,2.0,3.0,1.0,0.0,1.0,1.0,0.0,1.0,1.0,0.0,0.0,0.0,0.0,3.0,1.0,0.0,1.0,0.0,0.0,0.0,1.0,3.0,3.0,7.0,2.0,2.0,3.0,1.0,1.0,1.0,0.0,1.0,1.0,0.0,0.0,0.0,1.0,1.0,3.0,4.0,1.0
Gerritsen Beach,Brooklyn,neighborhood,0.0,0.0,0.0,0.0,0.0,0.0,0.0,0.0,0.0,0.0,0.0,0.0,0.0,0.0,0.0,0.0,0.0,0.0,0.0,0.0,0.0,0.0,0.0,0.0,0.0,0.0,0.0,0.0,0.0,0.0,0.0,0.0,0.0,0.0,0.0,0.0,0.0,0.0,0.0,0.0,0.0,0.0,0.0,0.0,0.0,0.0,0.0,0.0,0.0,1.0,1.0,0.0,0.0,1.0,1.0,0.0,0.0,0.0,0.0,0.0,0.0,0.0,0.0,0.0,0.0,0.0,0.0,0.0,0.0,0.0,0.0,0.0,0.0,0.0,0.0,0.0,0.0,0.0,0.0,1.0,1.0,1.0,1.0,1.0,0.0,0.0,0.0,0.0,0.0,1.0,1.0,0.0,0.0,0.0,0.0,0.0,2.0,2.0,2.0,1.0,0.0,0.0,0.0,0.0,0.0,3.0,4.0,1.0,1.0,0.0,0.0,0.0,0.0,0.0,1.0,1.0,1.0,0.0,0.0,0.0,0.0,0.0,0.0,0.0,0.0,0.0,0.0,0.0,0.0,0.0,1.0,1.0,0.0,0.0,0.0,0.0,0.0,0.0,0.0,0.0,0.0,0.0,1.0,1.0,0.0,0.0,0.0,0.0,0.0,0.0,0.0,0.0,0.0,0.0,0.0,0.0,0.0,0.0,0.0,0.0,0.0,0.0,0.0,1.0,1.0,0.0,1.0,1.0,0.0,0.0,0.0,0.0,0.0,0.0,0.0,0.0,0.0,0.0,1.0,0.0,0.0,0.0,0.0,0.0,1.0,1.0,0.0,0.0,1.0,1.0,1.0,1.0,0.0,1.0,2.0,1.0,1.0,1.0,0.0,0.0
Glen Oaks,Queens,neighborhood,1.0,0.0,0.0,0.0,0.0,0.0,0.0,0.0,0.0,0.0,0.0,0.0,0.0,0.0,0.0,0.0,1.0,1.0,2.0,2.0,0.0,1.0,2.0,2.0,1.0,1.0,0.0,0.0,1.0,1.0,0.0,0.0,0.0,1.0,1.0,0.0,0.0,0.0,0.0,0.0,0.0,0.0,0.0,0.0,1.0,1.0,1.0,1.0,0.0,1.0,1.0,0.0,0.0,1.0,1.0,1.0,1.0,1.0,1.0,1.0,2.0,2.0,0.0,0.0,1.0,1.0,2.0,2.0,3.0,2.0,2.0,1.0,0.0,0.0,0.0,2.0,2.0,1.0,1.0,0.0,2.0,4.0,5.0,4.0,4.0,2.0,2.0,2.0,1.0,3.0,3.0,1.0,2.0,1.0,1.0,1.0,1.0,0.0,1.0,1.0,1.0,1.0,0.0,0.0,0.0,3.0,1.0,0.0,0.0,0.0,0.0,0.0,0.0,1.0,2.0,2.0,1.0,2.0,2.0,1.0,1.0,1.0,1.0,0.0,0.0,0.0,0.0,0.0,0.0,0.0,0.0,0.0,0.0,0.0,0.0,0.0,0.0,0.0,0.0,0.0,1.0,2.0,2.0,0.0,0.0,0.0,0.0,0.0,0.0,0.0,0.0,0.0,0.0,1.0,1.0,0.0,0.0,0.0,1.0,2.0,2.0,1.0,1.0,2.0,2.0,1.0,2.0,3.0,1.0,3.0,1.0,1.0,1.0,0.0,0.0,1.0,0.0,2.0,1.0,1.0,0.0,0.0,1.0,3.0,1.0,0.0,1.0,2.0,1.0,1.0,0.0,0.0,0.0,0.0,1.0,0.0,0.0,0.0,0.0,0.0
Glendale,Queens,neighborhood,1.0,1.0,1.0,1.0,0.0,0.0,0.0,0.0,0.0,0.0,0.0,0.0,0.0,0.0,0.0,0.0,0.0,0.0,1.0,1.0,1.0,2.0,3.0,4.0,2.0,1.0,1.0,0.0,1.0,0.0,1.0,1.0,3.0,4.0,3.0,2.0,3.0,1.0,0.0,0.0,1.0,1.0,2.0,2.0,2.0,2.0,1.0,1.0,0.0,2.0,2.0,4.0,4.0,1.0,4.0,2.0,2.0,2.0,1.0,1.0,1.0,6.0,5.0,7.0,8.0,10.0,15.0,11.0,10.0,6.0,3.0,6.0,6.0,5.0,11.0,15.0,18.0,12.0,10.0,7.0,10.0,16.0,21.0,20.0,20.0,19.0,24.0,19.0,26.0,23.0,22.0,8.0,8.0,11.0,12.0,7.0,8.0,14.0,16.0,24.0,24.0,22.0,25.0,17.0,19.0,25.0,34.0,24.0,17.0,18.0,36.0,26.0,23.0,18.0,17.0,28.0,36.0,28.0,19.0,14.0,21.0,11.0,9.0,8.0,13.0,14.0,21.0,23.0,22.0,25.0,28.0,29.0,33.0,19.0,20.0,20.0,18.0,19.0,18.0,18.0,19.0,15.0,19.0,11.0,12.0,7.0,12.0,12.0,15.0,19.0,10.0,16.0,18.0,11.0,15.0,11.0,14.0,18.0,14.0,14.0,13.0,13.0,15.0,11.0,15.0,14.0,14.0,9.0,9.0,13.0,10.0,11.0,9.0,9.0,10.0,12.0,12.0,11.0,17.0,10.0,11.0,9.0,13.0,15.0,20.0,17.0,27.0,25.0,24.0,19.0,17.0,6.0,9.0,9.0,19.0,19.0,16.0,22.0,23.0,18.0
Gowanus,Brooklyn,neighborhood,0.0,0.0,0.0,0.0,1.0,0.0,1.0,1.0,0.0,1.0,3.0,4.0,3.0,1.0,2.0,1.0,3.0,3.0,3.0,3.0,1.0,0.0,1.0,1.0,0.0,0.0,0.0,0.0,1.0,3.0,3.0,7.0,4.0,1.0,0.0,1.0,1.0,2.0,1.0,2.0,3.0,11.0,10.0,10.0,8.0,8.0,10.0,10.0,11.0,11.0,20.0,26.0,24.0,18.0,15.0,10.0,6.0,9.0,8.0,7.0,11.0,21.0,18.0,24.0,24.0,30.0,33.0,27.0,23.0,20.0,17.0,18.0,14.0,14.0,16.0,15.0,14.0,21.0,12.0,18.0,14.0,12.0,13.0,11.0,16.0,16.0,15.0,20.0,22.0,23.0,31.0,32.0,25.0,12.0,11.0,10.0,15.0,20.0,16.0,13.0,33.0,20.0,24.0,18.0,15.0,18.0,17.0,12.0,11.0,8.0,6.0,6.0,12.0,15.0,11.0,22.0,37.0,22.0,18.0,21.0,10.0,17.0,17.0,10.0,20.0,25.0,24.0,31.0,44.0,29.0,25.0,29.0,27.0,28.0,34.0,23.0,26.0,31.0,22.0,25.0,13.0,13.0,7.0,6.0,13.0,15.0,7.0,8.0,20.0,25.0,19.0,8.0,8.0,7.0,7.0,6.0,9.0,10.0,9.0,8.0,18.0,23.0,27.0,22.0,23.0,12.0,9.0,8.0,6.0,5.0,9.0,10.0,17.0,14.0,29.0,12.0,17.0,24.0,19.0,27.0,27.0,24.0,22.0,14.0,24.0,20.0,30.0,25.0,22.0,26.0,23.0,22.0,19.0,21.0,11.0,8.0,11.0,19.0,25.0,26.0
Gramercy Park,Manhattan,neighborhood,21.0,19.0,23.0,28.0,23.0,25.0,20.0,20.0,21.0,15.0,15.0,14.0,11.0,13.0,14.0,24.0,22.0,19.0,15.0,22.0,26.0,24.0,18.0,20.0,21.0,28.0,23.0,25.0,41.0,36.0,48.0,45.0,36.0,28.0,36.0,31.0,29.0,28.0,37.0,51.0,67.0,47.0,63.0,70.0,53.0,49.0,35.0,33.0,41.0,41.0,47.0,50.0,56.0,61.0,60.0,51.0,50.0,36.0,39.0,43.0,46.0,45.0,49.0,60.0,77.0,71.0,68.0,73.0,56.0,41.0,38.0,39.0,39.0,43.0,52.0,59.0,66.0,71.0,65.0,82.0,54.0,39.0,42.0,40.0,43.0,47.0,58.0,80.0,93.0,86.0,86.0,65.0,50.0,35.0,36.0,33.0,41.0,47.0,44.0,79.0,96.0,93.0,93.0,79.0,62.0,44.0,44.0,48.0,42.0,42.0,44.0,71.0,94.0,109.0,120.0,99.0,66.0,41.0,33.0,22.0,22.0,21.0,24.0,31.0,74.0,138.0,171.0,156.0,165.0,160.0,137.0,111.0,102.0,72.0,71.0,59.0,49.0,57.0,51.0,42.0,29.0,27.0,26.0,20.0,32.0,28.0,36.0,33.0,34.0,64.0,52.0,36.0,34.0,45.0,43.0,39.0,57.0,52.0,53.0,58.0,68.0,78.0,82.0,77.0,62.0,45.0,43.0,40.0,46.0,41.0,42.0,58.0,74.0,75.0,75.0,65.0,52.0,37.0,33.0,27.0,27.0,24.0,28.0,39.0,59.0,69.0,77.0,62.0,47.0,39.0,21.0,19.0,23.0,24.0,34.0,46.0,45.0,50.0,55.0,38.0
Gravesend,Brooklyn,neighborhood,0.0,1.0,2.0,2.0,1.0,0.0,1.0,0.0,1.0,2.0,2.0,2.0,0.0,0.0,3.0,3.0,1.0,1.0,2.0,3.0,0.0,1.0,1.0,1.0,1.0,0.0,0.0,0.0,1.0,2.0,1.0,3.0,5.0,7.0,7.0,3.0,3.0,2.0,2.0,1.0,2.0,5.0,2.0,2.0,2.0,3.0,1.0,3.0,3.0,2.0,3.0,5.0,2.0,2.0,6.0,6.0,3.0,6.0,8.0,5.0,8.0,12.0,21.0,24.0,18.0,10.0,13.0,14.0,9.0,9.0,11.0,15.0,29.0,9.0,9.0,13.0,15.0,12.0,12.0,10.0,20.0,19.0,16.0,12.0,21.0,21.0,22.0,17.0,14.0,22.0,25.0,7.0,8.0,7.0,9.0,7.0,10.0,11.0,13.0,15.0,21.0,16.0,13.0,15.0,18.0,33.0,20.0,14.0,7.0,10.0,10.0,15.0,18.0,13.0,17.0,8.0,11.0,13.0,22.0,20.0,21.0,15.0,11.0,2.0,4.0,8.0,15.0,14.0,12.0,11.0,10.0,8.0,13.0,15.0,18.0,15.0,16.0,16.0,16.0,22.0,16.0,15.0,17.0,14.0,15.0,21.0,27.0,22.0,17.0,25.0,22.0,9.0,8.0,11.0,15.0,11.0,17.0,12.0,12.0,9.0,2.0,3.0,10.0,10.0,14.0,16.0,11.0,11.0,12.0,11.0,8.0,8.0,7.0,7.0,9.0,12.0,10.0,11.0,14.0,15.0,18.0,12.0,12.0,13.0,16.0,9.0,11.0,8.0,6.0,4.0,6.0,2.0,5.0,11.0,16.0,12.0,19.0,12.0,10.0,4.0
Greenpoint,Brooklyn,neighborhood,16.0,13.0,20.0,13.0,7.0,5.0,6.0,5.0,6.0,6.0,4.0,7.0,7.0,11.0,12.0,9.0,15.0,18.0,13.0,12.0,7.0,4.0,9.0,16.0,13.0,14.0,16.0,20.0,28.0,22.0,17.0,13.0,14.0,17.0,14.0,14.0,15.0,24.0,21.0,22.0,29.0,38.0,52.0,54.0,46.0,40.0,32.0,39.0,44.0,42.0,45.0,48.0,75.0,73.0,82.0,79.0,68.0,55.0,43.0,38.0,39.0,30.0,53.0,71.0,90.0,78.0,94.0,118.0,107.0,75.0,54.0,54.0,49.0,46.0,69.0,74.0,88.0,101.0,120.0,157.0,148.0,105.0,94.0,98.0,149.0,131.0,147.0,134.0,140.0,147.0,161.0,124.0,122.0,98.0,90.0,67.0,85.0,76.0,93.0,122.0,155.0,177.0,210.0,196.0,160.0,182.0,155.0,107.0,156.0,112.0,97.0,119.0,110.0,103.0,123.0,108.0,66.0,57.0,39.0,26.0,27.0,45.0,35.0,28.0,73.0,138.0,221.0,300.0,284.0,247.0,207.0,173.0,172.0,141.0,140.0,130.0,102.0,88.0,129.0,123.0,69.0,59.0,41.0,36.0,39.0,32.0,45.0,36.0,45.0,75.0,86.0,100.0,85.0,78.0,50.0,52.0,63.0,53.0,54.0,53.0,100.0,103.0,107.0,115.0,107.0,111.0,95.0,73.0,93.0,82.0,69.0,79.0,86.0,108.0,152.0,161.0,161.0,126.0,119.0,103.0,109.0,85.0,79.0,87.0,108.0,111.0,101.0,122.0,118.0,83.0,71.0,71.0,79.0,62.0,81.0,61.0,70.0,78.0,114.0,86.0
Greenwich Village,Manhattan,neighborhood,40.0,37.0,38.0,54.0,53.0,44.0,30.0,23.0,16.0,20.0,22.0,27.0,19.0,21.0,24.0,23.0,28.0,36.0,20.0,27.0,27.0,36.0,40.0,40.0,34.0,25.0,32.0,38.0,36.0,47.0,40.0,40.0,23.0,27.0,32.0,35.0,34.0,39.0,40.0,45.0,40.0,33.0,36.0,41.0,34.0,27.0,16.0,18.0,18.0,21.0,28.0,44.0,45.0,46.0,44.0,46.0,27.0,16.0,22.0,23.0,21.0,21.0,25.0,32.0,37.0,32.0,39.0,35.0,32.0,35.0,31.0,28.0,36.0,33.0,34.0,34.0,47.0,52.0,55.0,61.0,59.0,51.0,40.0,36.0,43.0,38.0,45.0,48.0,55.0,54.0,57.0,50.0,44.0,42.0,33.0,26.0,25.0,34.0,37.0,39.0,41.0,42.0,53.0,46.0,41.0,30.0,27.0,30.0,40.0,31.0,37.0,45.0,63.0,67.0,75.0,72.0,62.0,49.0,35.0,40.0,39.0,31.0,27.0,23.0,43.0,76.0,97.0,132.0,149.0,127.0,89.0,89.0,66.0,49.0,43.0,31.0,34.0,35.0,31.0,34.0,14.0,16.0,15.0,8.0,16.0,18.0,12.0,23.0,35.0,40.0,38.0,52.0,47.0,37.0,39.0,36.0,40.0,39.0,31.0,33.0,39.0,55.0,48.0,44.0,49.0,51.0,50.0,42.0,43.0,30.0,28.0,41.0,54.0,59.0,59.0,66.0,63.0,50.0,37.0,40.0,26.0,21.0,29.0,31.0,46.0,39.0,37.0,35.0,35.0,33.0,23.0,21.0,18.0,19.0,19.0,33.0,35.0,32.0,30.0,22.0
Greenwood,Brooklyn,neighborhood,6.0,6.0,1.0,3.0,4.0,4.0,1.0,1.0,1.0,3.0,4.0,2.0,1.0,2.0,4.0,3.0,2.0,2.0,2.0,3.0,2.0,1.0,4.0,2.0,4.0,3.0,1.0,1.0,2.0,3.0,3.0,2.0,1.0,0.0,2.0,1.0,3.0,2.0,3.0,3.0,3.0,3.0,7.0,7.0,1.0,3.0,6.0,5.0,4.0,6.0,11.0,9.0,19.0,20.0,24.0,12.0,6.0,8.0,12.0,10.0,17.0,9.0,6.0,9.0,17.0,24.0,24.0,19.0,16.0,15.0,14.0,12.0,10.0,12.0,7.0,2.0,12.0,28.0,30.0,38.0,28.0,14.0,13.0,15.0,14.0,16.0,27.0,43.0,54.0,54.0,52.0,44.0,32.0,49.0,37.0,27.0,26.0,29.0,40.0,42.0,54.0,61.0,38.0,45.0,34.0,34.0,20.0,24.0,37.0,47.0,41.0,42.0,37.0,28.0,42.0,33.0,18.0,12.0,13.0,8.0,17.0,22.0,9.0,13.0,22.0,36.0,51.0,55.0,40.0,43.0,34.0,33.0,41.0,26.0,30.0,40.0,46.0,37.0,43.0,47.0,25.0,32.0,29.0,13.0,12.0,18.0,21.0,26.0,27.0,20.0,18.0,18.0,16.0,24.0,21.0,32.0,43.0,28.0,18.0,20.0,28.0,30.0,31.0,30.0,29.0,38.0,26.0,24.0,17.0,22.0,25.0,26.0,30.0,26.0,23.0,31.0,23.0,20.0,13.0,9.0,10.0,12.0,14.0,24.0,18.0,29.0,31.0,33.0,45.0,29.0,22.0,24.0,28.0,18.0,19.0,19.0,24.0,20.0,12.0,18.0
Hamilton Heights,Manhattan,neighborhood,16.0,21.0,26.0,29.0,25.0,23.0,27.0,25.0,32.0,31.0,23.0,30.0,29.0,23.0,19.0,22.0,29.0,36.0,32.0,24.0,18.0,19.0,17.0,21.0,21.0,26.0,25.0,25.0,28.0,34.0,47.0,46.0,43.0,40.0,39.0,37.0,47.0,45.0,57.0,70.0,82.0,83.0,80.0,61.0,73.0,63.0,66.0,65.0,86.0,88.0,80.0,71.0,85.0,82.0,106.0,99.0,71.0,74.0,98.0,117.0,138.0,146.0,141.0,123.0,122.0,123.0,147.0,104.0,84.0,79.0,88.0,98.0,92.0,97.0,111.0,113.0,105.0,115.0,140.0,140.0,121.0,104.0,116.0,114.0,118.0,119.0,144.0,147.0,170.0,170.0,156.0,114.0,101.0,106.0,91.0,77.0,81.0,70.0,96.0,116.0,94.0,101.0,149.0,144.0,129.0,160.0,146.0,110.0,111.0,100.0,110.0,135.0,119.0,117.0,124.0,136.0,102.0,68.0,62.0,59.0,55.0,55.0,62.0,57.0,99.0,155.0,212.0,270.0,286.0,283.0,243.0,216.0,222.0,183.0,185.0,173.0,199.0,209.0,208.0,184.0,160.0,159.0,164.0,144.0,130.0,127.0,140.0,95.0,76.0,81.0,79.0,86.0,101.0,112.0,87.0,62.0,68.0,73.0,79.0,57.0,66.0,94.0,117.0,128.0,109.0,108.0,92.0,80.0,104.0,78.0,61.0,55.0,70.0,72.0,82.0,91.0,85.0,64.0,64.0,61.0,54.0,38.0,56.0,56.0,56.0,54.0,76.0,78.0,79.0,66.0,57.0,50.0,56.0,67.0,68.0,50.0,47.0,52.0,59.0,62.0
Highbridge,Bronx,neighborhood,0.0,1.0,4.0,1.0,0.0,0.0,0.0,0.0,0.0,0.0,0.0,0.0,0.0,0.0,0.0,0.0,0.0,0.0,0.0,0.0,0.0,0.0,0.0,0.0,0.0,0.0,0.0,1.0,1.0,0.0,0.0,0.0,0.0,0.0,0.0,2.0,2.0,1.0,2.0,1.0,1.0,0.0,1.0,1.0,0.0,0.0,0.0,0.0,0.0,0.0,0.0,0.0,0.0,0.0,0.0,1.0,1.0,1.0,1.0,1.0,1.0,0.0,0.0,0.0,1.0,2.0,2.0,3.0,2.0,4.0,4.0,2.0,5.0,3.0,1.0,3.0,3.0,5.0,6.0,5.0,5.0,5.0,4.0,4.0,4.0,6.0,6.0,0.0,1.0,3.0,4.0,1.0,2.0,4.0,1.0,1.0,1.0,1.0,1.0,2.0,2.0,1.0,5.0,5.0,8.0,12.0,15.0,9.0,12.0,8.0,9.0,3.0,2.0,0.0,2.0,0.0,0.0,0.0,2.0,5.0,4.0,4.0,1.0,1.0,0.0,2.0,3.0,2.0,1.0,3.0,5.0,3.0,3.0,1.0,2.0,4.0,3.0,0.0,1.0,3.0,2.0,3.0,1.0,2.0,0.0,0.0,8.0,5.0,5.0,3.0,3.0,1.0,3.0,2.0,3.0,4.0,6.0,4.0,5.0,7.0,2.0,2.0,5.0,3.0,1.0,0.0,0.0,1.0,0.0,0.0,1.0,2.0,1.0,0.0,1.0,3.0,2.0,2.0,1.0,0.0,1.0,1.0,0.0,2.0,2.0,0.0,0.0,0.0,0.0,0.0,1.0,1.0,0.0,1.0,1.0,1.0,1.0,1.0,5.0,7.0
Hillcrest,Queens,neighborhood,0.0,0.0,0.0,0.0,0.0,0.0,0.0,0.0,0.0,0.0,0.0,0.0,0.0,0.0,0.0,0.0,0.0,0.0,0.0,0.0,0.0,0.0,0.0,0.0,0.0,0.0,0.0,0.0,0.0,0.0,2.0,2.0,0.0,0.0,0.0,0.0,0.0,0.0,0.0,0.0,0.0,0.0,0.0,0.0,1.0,1.0,1.0,1.0,1.0,1.0,0.0,0.0,0.0,0.0,0.0,1.0,0.0,0.0,1.0,1.0,2.0,2.0,2.0,0.0,0.0,1.0,1.0,0.0,0.0,2.0,1.0,1.0,1.0,1.0,2.0,0.0,0.0,0.0,1.0,2.0,2.0,1.0,3.0,3.0,3.0,4.0,7.0,13.0,9.0,15.0,15.0,3.0,0.0,0.0,3.0,1.0,3.0,4.0,5.0,8.0,5.0,4.0,7.0,8.0,8.0,5.0,5.0,9.0,9.0,7.0,8.0,6.0,6.0,5.0,4.0,2.0,2.0,3.0,3.0,3.0,3.0,3.0,2.0,2.0,3.0,6.0,6.0,2.0,1.0,1.0,1.0,0.0,0.0,1.0,3.0,2.0,0.0,0.0,0.0,0.0,1.0,2.0,5.0,3.0,1.0,1.0,2.0,3.0,3.0,3.0,2.0,6.0,5.0,10.0,7.0,3.0,7.0,7.0,5.0,3.0,2.0,1.0,2.0,4.0,4.0,3.0,6.0,3.0,4.0,1.0,0.0,0.0,0.0,2.0,3.0,2.0,2.0,1.0,2.0,3.0,1.0,2.0,2.0,1.0,1.0,0.0,3.0,2.0,5.0,5.0,6.0,4.0,1.0,2.0,2.0,1.0,2.0,2.0,1.0,0.0
Hollis,Queens,neighborhood,0.0,0.0,0.0,0.0,0.0,0.0,0.0,0.0,0.0,0.0,0.0,0.0,0.0,0.0,0.0,0.0,0.0,0.0,0.0,0.0,0.0,0.0,0.0,0.0,0.0,0.0,0.0,0.0,0.0,0.0,0.0,0.0,0.0,0.0,0.0,0.0,0.0,0.0,0.0,0.0,0.0,0.0,0.0,1.0,1.0,2.0,2.0,1.0,1.0,0.0,0.0,1.0,1.0,0.0,0.0,0.0,0.0,0.0,0.0,0.0,0.0,0.0,0.0,0.0,1.0,0.0,1.0,2.0,2.0,2.0,1.0,1.0,1.0,0.0,0.0,1.0,1.0,0.0,0.0,0.0,0.0,0.0,0.0,0.0,2.0,0.0,1.0,1.0,1.0,1.0,0.0,0.0,1.0,1.0,1.0,1.0,1.0,3.0,2.0,0.0,1.0,3.0,3.0,1.0,0.0,1.0,1.0,0.0,2.0,2.0,0.0,1.0,0.0,0.0,0.0,1.0,2.0,4.0,1.0,3.0,2.0,1.0,1.0,1.0,3.0,1.0,1.0,1.0,1.0,1.0,1.0,0.0,0.0,1.0,4.0,0.0,0.0,0.0,0.0,1.0,1.0,1.0,3.0,2.0,1.0,2.0,3.0,0.0,1.0,0.0,0.0,0.0,2.0,1.0,0.0,1.0,1.0,0.0,1.0,2.0,2.0,2.0,1.0,2.0,2.0,2.0,1.0,0.0,0.0,8.0,8.0,3.0,3.0,1.0,2.0,2.0,3.0,1.0,0.0,0.0,0.0,0.0,3.0,4.0,2.0,0.0,2.0,2.0,0.0,0.0,2.0,1.0,2.0,1.0,1.0,1.0,2.0,2.0,2.0,1.0
Howard Beach,Queens,neighborhood,1.0,1.0,1.0,1.0,1.0,1.0,0.0,0.0,0.0,0.0,0.0,0.0,0.0,0.0,0.0,0.0,0.0,0.0,0.0,0.0,1.0,1.0,1.0,3.0,1.0,0.0,2.0,0.0,0.0,0.0,0.0,0.0,0.0,0.0,0.0,1.0,0.0,1.0,0.0,0.0,0.0,0.0,0.0,1.0,2.0,1.0,0.0,1.0,0.0,0.0,1.0,0.0,0.0,0.0,1.0,0.0,0.0,1.0,0.0,1.0,1.0,1.0,1.0,1.0,1.0,0.0,0.0,0.0,0.0,1.0,1.0,0.0,0.0,0.0,0.0,1.0,1.0,1.0,3.0,2.0,2.0,3.0,2.0,0.0,3.0,2.0,2.0,4.0,5.0,6.0,7.0,3.0,2.0,2.0,2.0,3.0,3.0,1.0,3.0,2.0,3.0,2.0,4.0,3.0,6.0,6.0,6.0,6.0,5.0,2.0,2.0,4.0,3.0,4.0,2.0,3.0,2.0,4.0,3.0,3.0,2.0,3.0,2.0,2.0,3.0,1.0,0.0,0.0,3.0,2.0,2.0,2.0,2.0,1.0,2.0,1.0,2.0,3.0,2.0,1.0,1.0,5.0,3.0,1.0,5.0,3.0,9.0,8.0,10.0,2.0,5.0,10.0,6.0,3.0,1.0,2.0,2.0,2.0,4.0,5.0,5.0,1.0,3.0,3.0,4.0,7.0,6.0,1.0,1.0,2.0,1.0,1.0,1.0,1.0,0.0,3.0,1.0,5.0,2.0,3.0,3.0,2.0,2.0,3.0,2.0,2.0,0.0,2.0,1.0,1.0,0.0,0.0,2.0,0.0,2.0,4.0,5.0,5.0,3.0,2.0
Hunts Point,Bronx,neighborhood,0.0,0.0,0.0,0.0,0.0,0.0,0.0,0.0,0.0,0.0,0.0,0.0,0.0,0.0,0.0,0.0,0.0,0.0,0.0,0.0,0.0,0.0,0.0,0.0,0.0,0.0,0.0,0.0,0.0,0.0,0.0,0.0,0.0,0.0,0.0,0.0,0.0,0.0,0.0,0.0,0.0,0.0,2.0,2.0,0.0,0.0,0.0,0.0,0.0,0.0,0.0,0.0,0.0,0.0,0.0,0.0,0.0,0.0,0.0,0.0,1.0,1.0,1.0,1.0,0.0,0.0,0.0,0.0,0.0,1.0,1.0,0.0,0.0,0.0,0.0,0.0,0.0,1.0,1.0,1.0,1.0,0.0,0.0,0.0,0.0,0.0,0.0,3.0,3.0,1.0,2.0,0.0,0.0,4.0,6.0,3.0,2.0,2.0,3.0,2.0,2.0,3.0,2.0,2.0,2.0,0.0,2.0,1.0,0.0,0.0,0.0,0.0,0.0,2.0,3.0,3.0,2.0,2.0,2.0,2.0,2.0,2.0,2.0,2.0,0.0,0.0,1.0,1.0,1.0,1.0,0.0,0.0,0.0,0.0,0.0,0.0,0.0,0.0,0.0,0.0,0.0,0.0,0.0,1.0,2.0,2.0,2.0,1.0,1.0,0.0,2.0,2.0,2.0,1.0,2.0,0.0,0.0,0.0,1.0,0.0,0.0,1.0,1.0,1.0,2.0,2.0,1.0,2.0,1.0,0.0,0.0,1.0,3.0,3.0,3.0,7.0,0.0,2.0,3.0,1.0,2.0,2.0,3.0,2.0,1.0,1.0,0.0,0.0,0.0,0.0,0.0,2.0,1.0,0.0,0.0,1.0,3.0,2.0,2.0,2.0
Inwood,Manhattan,neighborhood,0.0,0.0,2.0,2.0,1.0,1.0,1.0,1.0,1.0,2.0,4.0,6.0,7.0,4.0,2.0,1.0,5.0,6.0,5.0,5.0,4.0,7.0,5.0,4.0,3.0,1.0,2.0,4.0,4.0,7.0,10.0,15.0,11.0,10.0,4.0,4.0,3.0,5.0,4.0,3.0,3.0,6.0,4.0,5.0,2.0,2.0,2.0,2.0,3.0,3.0,9.0,11.0,7.0,6.0,7.0,7.0,8.0,13.0,12.0,15.0,21.0,18.0,18.0,15.0,10.0,7.0,9.0,10.0,11.0,13.0,9.0,10.0,13.0,14.0,17.0,17.0,17.0,16.0,21.0,18.0,19.0,19.0,21.0,17.0,18.0,16.0,18.0,21.0,20.0,20.0,22.0,21.0,16.0,10.0,14.0,17.0,17.0,14.0,11.0,13.0,19.0,18.0,24.0,28.0,25.0,27.0,27.0,23.0,23.0,35.0,32.0,30.0,29.0,23.0,22.0,28.0,25.0,20.0,12.0,9.0,10.0,13.0,7.0,5.0,9.0,15.0,22.0,33.0,34.0,33.0,29.0,31.0,27.0,30.0,26.0,23.0,18.0,18.0,17.0,20.0,19.0,15.0,17.0,20.0,23.0,21.0,22.0,17.0,12.0,11.0,12.0,13.0,17.0,13.0,12.0,13.0,19.0,10.0,8.0,11.0,11.0,11.0,10.0,12.0,17.0,11.0,16.0,11.0,12.0,20.0,17.0,16.0,17.0,6.0,11.0,12.0,12.0,12.0,9.0,11.0,10.0,8.0,13.0,15.0,9.0,3.0,8.0,7.0,9.0,6.0,12.0,16.0,11.0,9.0,11.0,9.0,6.0,11.0,12.0,7.0
Jackson Heights,Queens,neighborhood,0.0,1.0,1.0,1.0,1.0,1.0,1.0,0.0,0.0,0.0,0.0,1.0,1.0,1.0,1.0,1.0,1.0,1.0,1.0,1.0,1.0,1.0,3.0,2.0,4.0,4.0,4.0,3.0,2.0,4.0,2.0,0.0,2.0,4.0,3.0,2.0,3.0,2.0,3.0,3.0,3.0,1.0,3.0,2.0,2.0,3.0,3.0,3.0,5.0,8.0,7.0,4.0,4.0,6.0,6.0,4.0,5.0,10.0,10.0,11.0,17.0,11.0,9.0,10.0,13.0,9.0,7.0,7.0,9.0,9.0,10.0,9.0,11.0,11.0,12.0,12.0,8.0,13.0,9.0,7.0,7.0,20.0,17.0,15.0,17.0,19.0,23.0,23.0,30.0,29.0,30.0,8.0,14.0,19.0,18.0,12.0,21.0,22.0,23.0,18.0,19.0,17.0,14.0,12.0,19.0,17.0,16.0,15.0,16.0,15.0,22.0,35.0,19.0,18.0,27.0,22.0,16.0,13.0,20.0,19.0,24.0,22.0,16.0,11.0,15.0,28.0,27.0,29.0,32.0,23.0,16.0,15.0,16.0,10.0,17.0,10.0,20.0,16.0,12.0,13.0,14.0,15.0,13.0,7.0,5.0,5.0,14.0,18.0,13.0,13.0,18.0,24.0,17.0,10.0,13.0,11.0,13.0,12.0,15.0,20.0,13.0,21.0,24.0,30.0,21.0,20.0,20.0,13.0,16.0,13.0,10.0,7.0,9.0,21.0,24.0,23.0,20.0,16.0,12.0,10.0,18.0,15.0,8.0,13.0,7.0,6.0,5.0,14.0,15.0,17.0,12.0,7.0,7.0,2.0,6.0,9.0,13.0,13.0,9.0,12.0
Jamaica,Queens,neighborhood,0.0,0.0,0.0,0.0,0.0,0.0,0.0,0.0,0.0,0.0,0.0,0.0,1.0,2.0,1.0,1.0,1.0,1.0,0.0,0.0,0.0,1.0,2.0,2.0,1.0,0.0,0.0,0.0,0.0,2.0,2.0,2.0,1.0,1.0,1.0,0.0,0.0,2.0,2.0,2.0,2.0,2.0,0.0,0.0,0.0,0.0,3.0,3.0,4.0,2.0,2.0,1.0,0.0,1.0,1.0,1.0,4.0,3.0,3.0,5.0,5.0,1.0,2.0,1.0,1.0,2.0,1.0,1.0,0.0,2.0,2.0,2.0,2.0,2.0,5.0,4.0,3.0,2.0,2.0,5.0,4.0,4.0,4.0,4.0,4.0,6.0,9.0,6.0,6.0,7.0,9.0,0.0,1.0,12.0,6.0,7.0,4.0,3.0,5.0,6.0,8.0,10.0,9.0,4.0,3.0,2.0,3.0,1.0,7.0,10.0,12.0,6.0,5.0,5.0,7.0,8.0,10.0,6.0,7.0,7.0,7.0,9.0,9.0,5.0,4.0,4.0,7.0,7.0,8.0,6.0,8.0,7.0,8.0,11.0,9.0,4.0,5.0,6.0,9.0,22.0,15.0,16.0,18.0,11.0,13.0,11.0,11.0,12.0,14.0,11.0,9.0,9.0,13.0,12.0,9.0,14.0,12.0,10.0,9.0,14.0,12.0,7.0,7.0,10.0,7.0,10.0,17.0,16.0,17.0,14.0,9.0,8.0,3.0,8.0,9.0,10.0,10.0,8.0,9.0,11.0,15.0,14.0,14.0,9.0,12.0,8.0,9.0,11.0,15.0,14.0,13.0,6.0,4.0,5.0,9.0,10.0,11.0,16.0,20.0,22.0
Jamaica Estates,Queens,neighborhood,1.0,1.0,0.0,0.0,0.0,0.0,0.0,0.0,0.0,0.0,0.0,0.0,1.0,1.0,1.0,1.0,1.0,1.0,1.0,1.0,1.0,0.0,0.0,0.0,0.0,0.0,0.0,0.0,0.0,0.0,0.0,0.0,0.0,0.0,0.0,0.0,0.0,0.0,1.0,1.0,0.0,0.0,0.0,0.0,0.0,0.0,1.0,2.0,1.0,0.0,0.0,0.0,1.0,1.0,2.0,3.0,2.0,2.0,2.0,1.0,1.0,1.0,1.0,2.0,2.0,5.0,1.0,1.0,2.0,1.0,2.0,3.0,3.0,4.0,4.0,5.0,5.0,6.0,4.0,6.0,6.0,3.0,5.0,6.0,5.0,7.0,8.0,3.0,5.0,8.0,10.0,6.0,5.0,5.0,2.0,3.0,6.0,8.0,8.0,7.0,4.0,6.0,9.0,8.0,6.0,7.0,8.0,5.0,0.0,3.0,5.0,3.0,5.0,3.0,1.0,1.0,3.0,2.0,1.0,2.0,2.0,3.0,4.0,1.0,5.0,5.0,4.0,4.0,3.0,4.0,2.0,1.0,0.0,1.0,1.0,2.0,1.0,3.0,1.0,2.0,2.0,4.0,2.0,3.0,3.0,1.0,3.0,3.0,3.0,5.0,5.0,6.0,3.0,6.0,6.0,4.0,3.0,4.0,3.0,3.0,2.0,2.0,6.0,9.0,9.0,5.0,6.0,1.0,1.0,4.0,4.0,2.0,0.0,0.0,3.0,6.0,2.0,0.0,1.0,2.0,4.0,4.0,4.0,3.0,3.0,2.0,2.0,6.0,7.0,4.0,3.0,3.0,2.0,1.0,2.0,2.0,1.0,0.0,2.0,4.0
Jamaica Hills,Queens,neighborhood,0.0,0.0,0.0,0.0,0.0,0.0,0.0,0.0,0.0,0.0,0.0,1.0,1.0,1.0,1.0,2.0,2.0,2.0,2.0,2.0,2.0,2.0,2.0,0.0,0.0,0.0,0.0,0.0,0.0,0.0,0.0,0.0,0.0,0.0,0.0,0.0,0.0,1.0,1.0,1.0,0.0,0.0,0.0,0.0,0.0,0.0,0.0,0.0,1.0,1.0,0.0,0.0,0.0,2.0,2.0,2.0,0.0,0.0,1.0,1.0,2.0,3.0,0.0,0.0,0.0,0.0,1.0,0.0,0.0,1.0,0.0,0.0,0.0,0.0,1.0,1.0,0.0,2.0,2.0,2.0,3.0,1.0,2.0,3.0,3.0,2.0,4.0,5.0,4.0,3.0,5.0,3.0,2.0,1.0,0.0,0.0,0.0,2.0,2.0,1.0,4.0,5.0,4.0,2.0,2.0,3.0,2.0,2.0,2.0,2.0,2.0,2.0,1.0,2.0,3.0,3.0,4.0,2.0,4.0,1.0,1.0,1.0,1.0,1.0,0.0,1.0,1.0,1.0,2.0,2.0,1.0,3.0,2.0,4.0,2.0,1.0,2.0,2.0,2.0,3.0,1.0,0.0,0.0,0.0,0.0,0.0,2.0,0.0,0.0,1.0,4.0,1.0,4.0,5.0,5.0,3.0,1.0,0.0,0.0,0.0,1.0,0.0,0.0,5.0,3.0,2.0,3.0,2.0,2.0,1.0,2.0,1.0,2.0,0.0,0.0,0.0,1.0,1.0,2.0,2.0,1.0,2.0,3.0,4.0,0.0,0.0,0.0,2.0,3.0,1.0,0.0,0.0,0.0,0.0,0.0,0.0,0.0,1.0,0.0,2.0
Kensington,Brooklyn,neighborhood,2.0,2.0,1.0,3.0,2.0,2.0,2.0,3.0,7.0,6.0,8.0,5.0,1.0,2.0,5.0,7.0,6.0,6.0,5.0,4.0,5.0,5.0,4.0,4.0,2.0,3.0,5.0,9.0,7.0,3.0,5.0,3.0,6.0,3.0,4.0,2.0,5.0,5.0,7.0,4.0,4.0,2.0,4.0,8.0,10.0,13.0,9.0,6.0,6.0,5.0,9.0,11.0,15.0,19.0,13.0,17.0,24.0,23.0,27.0,30.0,25.0,30.0,26.0,30.0,28.0,32.0,32.0,23.0,21.0,29.0,24.0,23.0,27.0,15.0,21.0,33.0,28.0,38.0,44.0,41.0,38.0,43.0,35.0,30.0,40.0,35.0,30.0,31.0,27.0,35.0,41.0,27.0,25.0,25.0,33.0,24.0,26.0,21.0,21.0,19.0,23.0,26.0,30.0,22.0,26.0,44.0,51.0,42.0,37.0,44.0,40.0,48.0,53.0,44.0,62.0,55.0,38.0,41.0,38.0,29.0,26.0,36.0,23.0,9.0,14.0,33.0,44.0,53.0,58.0,42.0,30.0,32.0,26.0,31.0,17.0,15.0,18.0,28.0,33.0,37.0,29.0,36.0,40.0,24.0,34.0,34.0,36.0,30.0,36.0,39.0,48.0,35.0,25.0,20.0,21.0,17.0,21.0,27.0,25.0,20.0,25.0,30.0,35.0,19.0,17.0,9.0,15.0,13.0,12.0,18.0,25.0,18.0,28.0,30.0,25.0,18.0,12.0,19.0,17.0,19.0,20.0,16.0,19.0,22.0,34.0,38.0,39.0,31.0,14.0,13.0,10.0,8.0,8.0,7.0,8.0,14.0,19.0,20.0,27.0,31.0
Kew Gardens,Queens,neighborhood,2.0,3.0,3.0,3.0,1.0,0.0,0.0,0.0,1.0,1.0,0.0,0.0,0.0,0.0,0.0,1.0,2.0,3.0,3.0,5.0,3.0,3.0,4.0,2.0,2.0,2.0,1.0,0.0,1.0,2.0,1.0,1.0,0.0,0.0,0.0,0.0,0.0,1.0,1.0,0.0,1.0,3.0,5.0,5.0,7.0,7.0,8.0,9.0,8.0,4.0,5.0,4.0,3.0,5.0,4.0,6.0,5.0,4.0,5.0,7.0,2.0,6.0,9.0,3.0,4.0,4.0,6.0,9.0,10.0,10.0,7.0,2.0,3.0,3.0,3.0,8.0,8.0,3.0,6.0,11.0,10.0,7.0,8.0,13.0,9.0,12.0,15.0,10.0,14.0,21.0,20.0,7.0,12.0,16.0,14.0,10.0,8.0,7.0,7.0,6.0,10.0,17.0,16.0,21.0,18.0,25.0,20.0,16.0,10.0,13.0,10.0,15.0,13.0,15.0,22.0,23.0,17.0,19.0,10.0,11.0,5.0,11.0,11.0,9.0,3.0,7.0,9.0,9.0,17.0,12.0,15.0,17.0,18.0,12.0,13.0,19.0,11.0,11.0,12.0,12.0,8.0,13.0,12.0,17.0,11.0,15.0,10.0,7.0,8.0,8.0,12.0,12.0,6.0,6.0,10.0,9.0,16.0,7.0,7.0,9.0,7.0,6.0,7.0,16.0,10.0,8.0,5.0,6.0,4.0,4.0,2.0,2.0,5.0,1.0,4.0,3.0,3.0,4.0,6.0,13.0,6.0,6.0,8.0,9.0,3.0,5.0,7.0,6.0,3.0,6.0,7.0,6.0,6.0,4.0,8.0,4.0,6.0,6.0,4.0,4.0
Kew Gardens Hills,Queens,neighborhood,2.0,2.0,2.0,1.0,0.0,1.0,2.0,4.0,4.0,3.0,0.0,2.0,1.0,1.0,1.0,2.0,5.0,4.0,1.0,1.0,0.0,0.0,0.0,0.0,0.0,1.0,2.0,1.0,1.0,1.0,0.0,0.0,0.0,0.0,1.0,1.0,2.0,2.0,2.0,2.0,1.0,0.0,2.0,2.0,1.0,2.0,1.0,0.0,0.0,0.0,1.0,1.0,0.0,0.0,0.0,0.0,0.0,1.0,6.0,4.0,6.0,4.0,4.0,3.0,3.0,3.0,4.0,4.0,4.0,6.0,9.0,6.0,3.0,1.0,1.0,6.0,5.0,3.0,3.0,2.0,5.0,5.0,5.0,6.0,8.0,7.0,5.0,5.0,5.0,7.0,9.0,6.0,6.0,6.0,3.0,4.0,3.0,1.0,1.0,1.0,1.0,4.0,3.0,4.0,3.0,6.0,3.0,1.0,1.0,2.0,1.0,2.0,2.0,3.0,5.0,3.0,4.0,6.0,8.0,2.0,1.0,2.0,1.0,3.0,3.0,4.0,3.0,2.0,1.0,2.0,1.0,0.0,3.0,4.0,6.0,2.0,2.0,2.0,0.0,2.0,2.0,1.0,4.0,1.0,8.0,5.0,6.0,5.0,3.0,3.0,3.0,6.0,6.0,6.0,13.0,9.0,7.0,1.0,3.0,1.0,2.0,3.0,5.0,7.0,3.0,3.0,2.0,2.0,4.0,7.0,3.0,6.0,1.0,2.0,2.0,2.0,2.0,1.0,2.0,2.0,1.0,6.0,9.0,8.0,4.0,5.0,6.0,6.0,5.0,5.0,5.0,5.0,4.0,4.0,5.0,3.0,0.0,6.0,5.0,2.0
Kingsbridge,Bronx,neighborhood,1.0,1.0,1.0,1.0,0.0,0.0,0.0,0.0,0.0,0.0,0.0,0.0,4.0,3.0,2.0,2.0,3.0,1.0,2.0,1.0,0.0,0.0,0.0,0.0,0.0,2.0,5.0,4.0,3.0,1.0,2.0,4.0,3.0,4.0,4.0,4.0,5.0,4.0,3.0,2.0,2.0,3.0,1.0,4.0,4.0,4.0,4.0,3.0,2.0,1.0,1.0,3.0,4.0,6.0,6.0,6.0,7.0,3.0,7.0,6.0,6.0,7.0,6.0,4.0,6.0,8.0,12.0,16.0,9.0,6.0,6.0,4.0,2.0,5.0,4.0,6.0,6.0,10.0,12.0,21.0,19.0,18.0,21.0,18.0,17.0,13.0,19.0,12.0,17.0,15.0,17.0,10.0,9.0,11.0,14.0,7.0,4.0,4.0,3.0,11.0,16.0,15.0,10.0,18.0,15.0,15.0,11.0,10.0,11.0,13.0,18.0,17.0,17.0,9.0,5.0,10.0,14.0,12.0,13.0,13.0,7.0,7.0,4.0,3.0,5.0,7.0,5.0,7.0,7.0,4.0,5.0,4.0,5.0,6.0,8.0,7.0,8.0,7.0,11.0,14.0,18.0,15.0,4.0,3.0,4.0,6.0,6.0,10.0,9.0,7.0,8.0,5.0,4.0,8.0,9.0,7.0,8.0,7.0,6.0,8.0,8.0,8.0,6.0,7.0,9.0,12.0,14.0,10.0,7.0,7.0,9.0,7.0,14.0,16.0,17.0,9.0,11.0,8.0,15.0,15.0,9.0,9.0,8.0,11.0,11.0,12.0,7.0,6.0,6.0,6.0,6.0,4.0,4.0,5.0,6.0,10.0,6.0,7.0,7.0,3.0
Laconia,Bronx,neighborhood,0.0,0.0,0.0,0.0,0.0,0.0,1.0,1.0,0.0,0.0,0.0,0.0,0.0,0.0,0.0,0.0,0.0,0.0,0.0,1.0,1.0,1.0,1.0,1.0,1.0,0.0,0.0,0.0,0.0,0.0,0.0,0.0,0.0,0.0,0.0,0.0,0.0,0.0,0.0,0.0,0.0,0.0,0.0,0.0,0.0,0.0,0.0,0.0,0.0,1.0,1.0,1.0,1.0,0.0,0.0,0.0,0.0,0.0,0.0,1.0,0.0,0.0,0.0,0.0,0.0,1.0,1.0,0.0,0.0,0.0,0.0,1.0,1.0,0.0,0.0,0.0,0.0,0.0,0.0,0.0,0.0,0.0,0.0,1.0,1.0,1.0,1.0,2.0,1.0,1.0,0.0,0.0,0.0,0.0,0.0,0.0,1.0,0.0,0.0,0.0,0.0,0.0,0.0,0.0,0.0,0.0,0.0,0.0,0.0,0.0,1.0,1.0,1.0,3.0,1.0,1.0,1.0,1.0,2.0,3.0,1.0,2.0,2.0,1.0,1.0,2.0,1.0,0.0,0.0,0.0,0.0,0.0,0.0,0.0,1.0,0.0,0.0,0.0,0.0,0.0,1.0,2.0,1.0,0.0,2.0,4.0,5.0,3.0,3.0,0.0,0.0,0.0,2.0,2.0,0.0,1.0,2.0,2.0,2.0,2.0,0.0,0.0,2.0,2.0,2.0,2.0,3.0,2.0,3.0,3.0,2.0,0.0,4.0,2.0,1.0,2.0,2.0,0.0,0.0,0.0,0.0,1.0,1.0,1.0,1.0,1.0,0.0,0.0,1.0,2.0,0.0,0.0,0.0,0.0,0.0,0.0,2.0,1.0,0.0,0.0
Laurelton,Queens,neighborhood,0.0,0.0,0.0,0.0,0.0,0.0,0.0,0.0,0.0,0.0,0.0,0.0,0.0,0.0,0.0,0.0,0.0,0.0,0.0,0.0,0.0,0.0,0.0,0.0,0.0,0.0,0.0,0.0,0.0,0.0,0.0,0.0,0.0,0.0,0.0,0.0,0.0,0.0,0.0,0.0,0.0,0.0,0.0,0.0,0.0,0.0,0.0,0.0,0.0,0.0,0.0,0.0,0.0,0.0,0.0,0.0,1.0,1.0,1.0,0.0,0.0,0.0,0.0,0.0,0.0,0.0,0.0,0.0,1.0,1.0,1.0,0.0,0.0,1.0,1.0,1.0,0.0,0.0,1.0,0.0,1.0,1.0,1.0,0.0,0.0,0.0,0.0,2.0,3.0,4.0,3.0,1.0,0.0,0.0,0.0,0.0,0.0,0.0,2.0,1.0,1.0,1.0,1.0,0.0,0.0,1.0,0.0,0.0,0.0,2.0,2.0,0.0,1.0,1.0,1.0,0.0,0.0,0.0,0.0,0.0,4.0,6.0,3.0,2.0,0.0,0.0,0.0,0.0,0.0,0.0,0.0,1.0,0.0,2.0,2.0,1.0,0.0,0.0,0.0,1.0,1.0,0.0,1.0,3.0,2.0,0.0,0.0,1.0,0.0,2.0,5.0,1.0,1.0,0.0,1.0,0.0,2.0,1.0,0.0,0.0,0.0,0.0,2.0,2.0,2.0,3.0,1.0,0.0,2.0,0.0,0.0,0.0,1.0,1.0,1.0,1.0,0.0,0.0,0.0,0.0,1.0,0.0,1.0,2.0,3.0,5.0,1.0,5.0,5.0,2.0,1.0,0.0,0.0,0.0,0.0,1.0,2.0,0.0,1.0,3.0
Little Italy,Manhattan,neighborhood,10.0,15.0,11.0,10.0,10.0,8.0,11.0,11.0,7.0,19.0,21.0,23.0,19.0,16.0,19.0,9.0,4.0,6.0,17.0,12.0,12.0,7.0,5.0,9.0,10.0,12.0,9.0,6.0,3.0,2.0,3.0,11.0,4.0,4.0,8.0,11.0,9.0,8.0,3.0,7.0,7.0,8.0,7.0,7.0,9.0,14.0,13.0,9.0,9.0,8.0,9.0,10.0,13.0,9.0,6.0,13.0,7.0,6.0,7.0,6.0,4.0,4.0,3.0,5.0,5.0,8.0,18.0,22.0,6.0,7.0,10.0,16.0,13.0,16.0,14.0,10.0,9.0,13.0,18.0,21.0,15.0,15.0,22.0,23.0,24.0,18.0,10.0,14.0,12.0,13.0,15.0,7.0,4.0,6.0,4.0,7.0,5.0,5.0,14.0,17.0,13.0,15.0,22.0,12.0,5.0,4.0,6.0,10.0,11.0,14.0,10.0,10.0,23.0,29.0,24.0,36.0,29.0,20.0,20.0,11.0,8.0,8.0,10.0,15.0,24.0,36.0,46.0,36.0,34.0,39.0,29.0,30.0,27.0,23.0,24.0,19.0,11.0,14.0,10.0,12.0,10.0,9.0,10.0,8.0,8.0,8.0,8.0,6.0,14.0,16.0,20.0,8.0,5.0,10.0,7.0,7.0,11.0,12.0,16.0,12.0,10.0,15.0,19.0,17.0,15.0,17.0,17.0,12.0,11.0,13.0,11.0,14.0,12.0,18.0,19.0,17.0,12.0,17.0,20.0,20.0,19.0,10.0,16.0,17.0,17.0,14.0,10.0,7.0,5.0,4.0,5.0,2.0,1.0,2.0,7.0,9.0,18.0,20.0,16.0,18.0
Little Neck,Queens,neighborhood,1.0,1.0,1.0,0.0,1.0,1.0,1.0,1.0,1.0,1.0,1.0,1.0,1.0,1.0,1.0,0.0,0.0,0.0,0.0,0.0,0.0,0.0,0.0,0.0,1.0,1.0,0.0,1.0,1.0,0.0,0.0,2.0,3.0,1.0,0.0,0.0,1.0,1.0,1.0,1.0,2.0,3.0,2.0,1.0,1.0,0.0,2.0,2.0,0.0,0.0,0.0,0.0,0.0,5.0,4.0,6.0,7.0,7.0,4.0,3.0,4.0,1.0,1.0,5.0,5.0,2.0,1.0,2.0,2.0,4.0,4.0,3.0,2.0,2.0,2.0,3.0,4.0,3.0,6.0,4.0,5.0,6.0,3.0,1.0,3.0,5.0,3.0,3.0,3.0,9.0,11.0,2.0,1.0,1.0,1.0,2.0,0.0,0.0,1.0,1.0,3.0,1.0,3.0,3.0,1.0,1.0,2.0,2.0,2.0,3.0,2.0,3.0,3.0,5.0,3.0,6.0,6.0,8.0,5.0,4.0,2.0,2.0,0.0,0.0,1.0,0.0,2.0,4.0,2.0,1.0,1.0,0.0,0.0,0.0,0.0,0.0,0.0,1.0,2.0,1.0,0.0,4.0,3.0,1.0,5.0,2.0,4.0,5.0,3.0,1.0,2.0,0.0,1.0,2.0,1.0,1.0,1.0,1.0,1.0,1.0,1.0,1.0,0.0,1.0,2.0,0.0,1.0,1.0,3.0,6.0,4.0,2.0,3.0,4.0,6.0,3.0,2.0,2.0,2.0,2.0,1.0,1.0,3.0,2.0,1.0,2.0,2.0,1.0,0.0,1.0,1.0,3.0,0.0,1.0,1.0,1.0,2.0,1.0,4.0,3.0
Long Island City,Queens,neighborhood,7.0,8.0,7.0,5.0,4.0,6.0,3.0,3.0,3.0,3.0,2.0,3.0,3.0,2.0,0.0,2.0,3.0,3.0,5.0,6.0,5.0,7.0,4.0,6.0,9.0,7.0,5.0,5.0,5.0,9.0,13.0,12.0,12.0,11.0,5.0,12.0,11.0,7.0,5.0,16.0,9.0,10.0,19.0,24.0,21.0,18.0,25.0,18.0,25.0,24.0,20.0,35.0,27.0,36.0,20.0,24.0,14.0,13.0,18.0,47.0,27.0,23.0,18.0,16.0,18.0,22.0,26.0,29.0,26.0,29.0,29.0,33.0,30.0,30.0,26.0,28.0,54.0,39.0,49.0,44.0,50.0,51.0,42.0,48.0,46.0,42.0,39.0,33.0,46.0,47.0,52.0,42.0,37.0,59.0,53.0,47.0,34.0,26.0,35.0,29.0,45.0,42.0,42.0,55.0,49.0,40.0,37.0,39.0,47.0,44.0,39.0,36.0,43.0,39.0,58.0,36.0,39.0,55.0,54.0,34.0,41.0,41.0,38.0,51.0,54.0,69.0,90.0,96.0,92.0,106.0,93.0,65.0,84.0,73.0,68.0,77.0,86.0,79.0,44.0,56.0,55.0,64.0,88.0,50.0,31.0,35.0,29.0,29.0,44.0,50.0,29.0,29.0,32.0,32.0,43.0,33.0,42.0,41.0,43.0,55.0,80.0,71.0,70.0,75.0,71.0,65.0,74.0,75.0,51.0,45.0,30.0,31.0,42.0,55.0,93.0,86.0,72.0,61.0,75.0,84.0,76.0,46.0,52.0,56.0,61.0,74.0,70.0,55.0,41.0,41.0,41.0,39.0,42.0,40.0,42.0,44.0,57.0,57.0,76.0,82.0
Longwood,Bronx,neighborhood,0.0,0.0,0.0,0.0,0.0,0.0,3.0,3.0,0.0,0.0,0.0,0.0,0.0,0.0,0.0,0.0,0.0,0.0,0.0,0.0,0.0,0.0,0.0,0.0,0.0,0.0,0.0,0.0,0.0,0.0,0.0,0.0,0.0,0.0,0.0,0.0,0.0,0.0,0.0,0.0,0.0,0.0,0.0,0.0,0.0,0.0,0.0,0.0,0.0,0.0,0.0,0.0,0.0,0.0,0.0,0.0,0.0,0.0,0.0,0.0,2.0,3.0,3.0,2.0,1.0,1.0,1.0,3.0,2.0,2.0,2.0,2.0,3.0,3.0,3.0,5.0,4.0,4.0,2.0,2.0,1.0,0.0,1.0,1.0,1.0,3.0,1.0,0.0,0.0,0.0,1.0,1.0,0.0,0.0,0.0,0.0,0.0,1.0,2.0,0.0,1.0,2.0,5.0,3.0,3.0,5.0,2.0,3.0,7.0,3.0,7.0,5.0,7.0,5.0,1.0,3.0,3.0,2.0,2.0,1.0,0.0,1.0,1.0,0.0,0.0,0.0,1.0,3.0,2.0,2.0,1.0,0.0,2.0,1.0,2.0,2.0,4.0,4.0,4.0,1.0,2.0,4.0,3.0,2.0,1.0,1.0,1.0,0.0,4.0,5.0,3.0,3.0,1.0,3.0,2.0,2.0,1.0,2.0,0.0,1.0,0.0,0.0,0.0,0.0,2.0,1.0,0.0,1.0,1.0,1.0,1.0,1.0,1.0,0.0,1.0,1.0,2.0,1.0,0.0,0.0,1.0,1.0,1.0,1.0,1.0,2.0,1.0,1.0,0.0,0.0,0.0,0.0,0.0,0.0,0.0,0.0,0.0,0.0,0.0,0.0
Lower East Side,Manhattan,neighborhood,28.0,37.0,43.0,39.0,44.0,56.0,40.0,33.0,12.0,8.0,13.0,21.0,21.0,18.0,21.0,16.0,31.0,48.0,48.0,43.0,25.0,12.0,18.0,19.0,26.0,41.0,30.0,39.0,40.0,51.0,50.0,33.0,9.0,21.0,20.0,22.0,31.0,46.0,44.0,50.0,48.0,74.0,81.0,56.0,46.0,48.0,45.0,34.0,29.0,24.0,36.0,39.0,41.0,61.0,81.0,97.0,78.0,57.0,50.0,49.0,46.0,48.0,51.0,49.0,36.0,44.0,65.0,72.0,57.0,48.0,43.0,48.0,49.0,41.0,41.0,78.0,75.0,93.0,120.0,121.0,99.0,85.0,75.0,65.0,63.0,63.0,76.0,90.0,123.0,144.0,147.0,116.0,93.0,88.0,74.0,56.0,58.0,63.0,110.0,129.0,136.0,114.0,132.0,123.0,96.0,105.0,62.0,56.0,71.0,54.0,71.0,125.0,169.0,149.0,135.0,132.0,102.0,73.0,59.0,49.0,57.0,59.0,75.0,75.0,145.0,230.0,334.0,332.0,299.0,290.0,237.0,224.0,218.0,199.0,170.0,177.0,140.0,113.0,122.0,102.0,78.0,66.0,70.0,52.0,69.0,76.0,91.0,111.0,117.0,111.0,131.0,157.0,143.0,104.0,79.0,81.0,103.0,99.0,107.0,119.0,138.0,167.0,172.0,169.0,155.0,150.0,136.0,105.0,96.0,80.0,100.0,136.0,155.0,174.0,208.0,200.0,163.0,136.0,95.0,78.0,72.0,67.0,81.0,104.0,111.0,146.0,126.0,105.0,75.0,71.0,44.0,47.0,54.0,35.0,64.0,107.0,116.0,107.0,104.0,68.0
Manhattan,Manhattan,borough,1325.0,1276.0,1258.0,1379.0,1317.0,1480.0,1361.0,1192.0,980.0,993.0,961.0,1024.0,990.0,944.0,982.0,1054.0,1303.0,1367.0,1412.0,1423.0,1270.0,1228.0,1144.0,1068.0,1062.0,1100.0,1148.0,1272.0,1462.0,1637.0,1834.0,1795.0,1507.0,1475.0,1453.0,1374.0,1547.0,1543.0,1590.0,1821.0,2064.0,2051.0,2250.0,2236.0,1955.0,1915.0,1695.0,1608.0,1707.0,1670.0,1817.0,1973.0,2268.0,2320.0,2596.0,2506.0,2242.0,2172.0,2030.0,1976.0,2088.0,2084.0,2229.0,2436.0,2699.0,2977.0,3167.0,3009.0,2662.0,2493.0,2258.0,2185.0,2188.0,2217.0,2444.0,2709.0,3092.0,3417.0,3568.0,3635.0,3219.0,3026.0,2943.0,2674.0,2810.0,2618.0,2836.0,3074.0,3611.0,3923.0,4019.0,3249.0,2820.0,2796.0,2461.0,2134.0,2198.0,2104.0,2304.0,2694.0,3201.0,3356.0,3586.0,3503.0,2813.0,2899.0,2512.0,2171.0,2174.0,2050.0,2346.0,2848.0,3429.0,3675.0,3731.0,3309.0,2704.0,2392.0,2071.0,1782.0,1815.0,1621.0,1590.0,1613.0,2846.0,4406.0,5978.0,6656.0,6352.0,6058.0,5127.0,4524.0,4265.0,3600.0,3519.0,3262.0,3140.0,3231.0,3115.0,2784.0,2161.0,1972.0,1836.0,1649.0,1764.0,1661.0,1806.0,1900.0,2269.0,2600.0,2703.0,2639.0,2298.0,2216.0,2068.0,1878.0,2107.0,2005.0,2325.0,2487.0,3059.0,3464.0,3663.0,3590.0,3076.0,2900.0,2627.0,2213.0,2262.0,2065.0,2108.0,2440.0,3068.0,3265.0,3615.0,3296.0,2721.0,2396.0,1991.0,1738.0,1697.0,1512.0,1670.0,2112.0,2607.0,2749.0,2882.0,2542.0,2096.0,1852.0,1472.0,1378.0,1348.0,1310.0,1542.0,1785.0,2104.0,2434.0,2502.0,2210.0
Manhattan Beach,Brooklyn,neighborhood,0.0,0.0,0.0,0.0,2.0,2.0,2.0,2.0,2.0,0.0,0.0,0.0,0.0,0.0,0.0,0.0,0.0,0.0,0.0,0.0,0.0,0.0,0.0,0.0,1.0,1.0,1.0,1.0,1.0,0.0,2.0,2.0,2.0,2.0,2.0,2.0,2.0,0.0,0.0,1.0,1.0,1.0,1.0,0.0,0.0,1.0,0.0,0.0,0.0,0.0,0.0,0.0,0.0,1.0,0.0,0.0,0.0,0.0,0.0,1.0,0.0,0.0,1.0,1.0,1.0,0.0,2.0,3.0,4.0,3.0,4.0,5.0,5.0,4.0,3.0,3.0,5.0,2.0,2.0,2.0,4.0,5.0,4.0,4.0,5.0,5.0,0.0,1.0,5.0,5.0,6.0,3.0,2.0,2.0,2.0,0.0,0.0,0.0,0.0,0.0,0.0,0.0,0.0,2.0,1.0,0.0,2.0,5.0,7.0,4.0,2.0,0.0,1.0,2.0,1.0,1.0,2.0,1.0,2.0,1.0,0.0,0.0,0.0,0.0,0.0,0.0,0.0,1.0,1.0,0.0,0.0,1.0,1.0,0.0,0.0,0.0,0.0,0.0,0.0,0.0,0.0,0.0,0.0,1.0,2.0,1.0,1.0,1.0,1.0,0.0,0.0,0.0,0.0,0.0,0.0,0.0,0.0,1.0,0.0,0.0,0.0,0.0,0.0,0.0,0.0,0.0,0.0,0.0,0.0,0.0,0.0,0.0,0.0,1.0,1.0,3.0,3.0,2.0,2.0,0.0,0.0,0.0,0.0,0.0,0.0,0.0,1.0,1.0,2.0,0.0,1.0,2.0,2.0,3.0,2.0,0.0,0.0,1.0,0.0,0.0
Marble Hill,Manhattan,neighborhood,0.0,0.0,0.0,0.0,0.0,0.0,0.0,0.0,0.0,0.0,0.0,0.0,0.0,0.0,0.0,0.0,0.0,0.0,0.0,0.0,0.0,0.0,0.0,0.0,0.0,0.0,0.0,0.0,0.0,0.0,0.0,0.0,1.0,0.0,1.0,1.0,1.0,1.0,1.0,1.0,0.0,0.0,0.0,2.0,1.0,2.0,2.0,1.0,0.0,0.0,1.0,0.0,0.0,0.0,0.0,2.0,2.0,0.0,0.0,1.0,1.0,2.0,2.0,2.0,2.0,2.0,0.0,0.0,0.0,0.0,0.0,0.0,0.0,1.0,2.0,1.0,1.0,2.0,0.0,0.0,0.0,1.0,1.0,1.0,2.0,1.0,0.0,0.0,0.0,1.0,2.0,3.0,1.0,0.0,0.0,1.0,2.0,4.0,4.0,4.0,2.0,2.0,4.0,4.0,4.0,2.0,3.0,4.0,3.0,1.0,3.0,3.0,3.0,2.0,4.0,2.0,2.0,3.0,8.0,7.0,6.0,6.0,6.0,5.0,3.0,1.0,0.0,0.0,1.0,1.0,1.0,2.0,3.0,3.0,2.0,2.0,2.0,2.0,2.0,2.0,1.0,0.0,0.0,0.0,0.0,0.0,0.0,1.0,0.0,0.0,1.0,1.0,2.0,2.0,1.0,1.0,0.0,0.0,0.0,0.0,0.0,0.0,0.0,0.0,0.0,0.0,0.0,0.0,2.0,1.0,1.0,2.0,3.0,2.0,3.0,3.0,1.0,2.0,1.0,1.0,1.0,1.0,1.0,1.0,1.0,1.0,2.0,2.0,3.0,3.0,2.0,1.0,1.0,1.0,1.0,1.0,2.0,3.0,2.0,2.0
Marine Park,Brooklyn,neighborhood,0.0,0.0,0.0,0.0,0.0,0.0,0.0,0.0,0.0,0.0,0.0,0.0,0.0,0.0,0.0,0.0,0.0,0.0,0.0,0.0,0.0,1.0,1.0,0.0,0.0,0.0,0.0,0.0,0.0,0.0,0.0,0.0,0.0,0.0,0.0,0.0,0.0,0.0,0.0,0.0,0.0,0.0,0.0,0.0,0.0,1.0,1.0,1.0,1.0,1.0,1.0,0.0,0.0,1.0,1.0,1.0,0.0,2.0,2.0,3.0,1.0,1.0,1.0,3.0,3.0,1.0,1.0,1.0,1.0,2.0,2.0,4.0,3.0,2.0,5.0,3.0,3.0,2.0,2.0,5.0,7.0,4.0,3.0,4.0,2.0,2.0,1.0,1.0,2.0,2.0,3.0,3.0,0.0,3.0,3.0,9.0,6.0,5.0,3.0,2.0,2.0,1.0,4.0,2.0,3.0,6.0,10.0,9.0,4.0,3.0,6.0,4.0,4.0,4.0,1.0,9.0,8.0,6.0,3.0,4.0,3.0,1.0,0.0,0.0,0.0,0.0,0.0,0.0,1.0,1.0,3.0,2.0,6.0,5.0,5.0,4.0,3.0,3.0,2.0,2.0,4.0,1.0,1.0,4.0,1.0,2.0,4.0,6.0,4.0,8.0,4.0,2.0,1.0,2.0,7.0,5.0,0.0,2.0,3.0,2.0,2.0,1.0,2.0,2.0,2.0,2.0,4.0,2.0,1.0,1.0,1.0,2.0,1.0,2.0,0.0,0.0,1.0,5.0,3.0,1.0,3.0,3.0,5.0,3.0,3.0,3.0,3.0,4.0,2.0,3.0,4.0,7.0,4.0,4.0,1.0,1.0,1.0,0.0,1.0,2.0
Maspeth,Queens,neighborhood,0.0,0.0,1.0,1.0,1.0,0.0,0.0,0.0,0.0,0.0,0.0,0.0,0.0,0.0,0.0,0.0,0.0,0.0,0.0,0.0,0.0,0.0,0.0,0.0,0.0,0.0,1.0,2.0,1.0,2.0,4.0,3.0,2.0,0.0,3.0,2.0,1.0,6.0,5.0,3.0,3.0,0.0,2.0,1.0,0.0,0.0,0.0,0.0,1.0,2.0,2.0,3.0,2.0,4.0,2.0,2.0,6.0,4.0,2.0,3.0,21.0,34.0,46.0,20.0,10.0,11.0,14.0,7.0,4.0,6.0,12.0,14.0,9.0,7.0,4.0,11.0,11.0,7.0,5.0,7.0,13.0,19.0,18.0,20.0,19.0,26.0,26.0,20.0,35.0,43.0,44.0,27.0,22.0,17.0,15.0,14.0,22.0,23.0,25.0,23.0,17.0,19.0,14.0,26.0,18.0,29.0,28.0,25.0,30.0,28.0,20.0,13.0,15.0,24.0,25.0,26.0,22.0,21.0,15.0,10.0,9.0,15.0,9.0,8.0,13.0,18.0,25.0,28.0,17.0,13.0,12.0,19.0,22.0,26.0,22.0,20.0,22.0,15.0,15.0,22.0,21.0,18.0,13.0,7.0,10.0,15.0,16.0,13.0,14.0,16.0,8.0,20.0,14.0,19.0,24.0,18.0,16.0,18.0,27.0,19.0,16.0,17.0,12.0,17.0,12.0,16.0,16.0,4.0,11.0,9.0,13.0,9.0,7.0,6.0,12.0,19.0,15.0,19.0,13.0,12.0,26.0,18.0,18.0,20.0,24.0,10.0,13.0,20.0,22.0,21.0,25.0,10.0,10.0,9.0,12.0,10.0,19.0,32.0,31.0,30.0
Melrose,Bronx,neighborhood,0.0,0.0,0.0,0.0,0.0,1.0,1.0,0.0,0.0,0.0,0.0,0.0,0.0,0.0,0.0,0.0,0.0,0.0,0.0,0.0,1.0,0.0,0.0,0.0,0.0,0.0,0.0,0.0,0.0,0.0,0.0,0.0,0.0,0.0,0.0,0.0,0.0,0.0,0.0,0.0,0.0,0.0,0.0,0.0,0.0,0.0,2.0,2.0,2.0,1.0,0.0,0.0,0.0,0.0,0.0,1.0,1.0,2.0,1.0,2.0,1.0,0.0,0.0,0.0,0.0,0.0,0.0,0.0,0.0,0.0,1.0,0.0,0.0,0.0,0.0,1.0,0.0,1.0,0.0,1.0,1.0,1.0,1.0,0.0,1.0,2.0,3.0,4.0,4.0,5.0,11.0,7.0,5.0,6.0,4.0,0.0,2.0,6.0,6.0,2.0,6.0,6.0,1.0,6.0,3.0,3.0,0.0,1.0,4.0,6.0,4.0,2.0,5.0,5.0,7.0,6.0,6.0,3.0,4.0,5.0,2.0,3.0,3.0,3.0,1.0,3.0,5.0,7.0,1.0,1.0,2.0,1.0,2.0,1.0,1.0,2.0,2.0,2.0,1.0,1.0,3.0,4.0,4.0,4.0,4.0,2.0,4.0,2.0,3.0,0.0,0.0,2.0,4.0,3.0,1.0,4.0,3.0,5.0,6.0,6.0,4.0,6.0,6.0,5.0,5.0,3.0,3.0,2.0,4.0,3.0,1.0,1.0,3.0,3.0,2.0,4.0,5.0,3.0,3.0,3.0,3.0,2.0,1.0,4.0,3.0,3.0,1.0,2.0,2.0,0.0,0.0,2.0,3.0,0.0,0.0,2.0,2.0,1.0,0.0,1.0
Middle Village,Queens,neighborhood,0.0,0.0,0.0,0.0,0.0,0.0,0.0,0.0,0.0,0.0,0.0,0.0,0.0,0.0,0.0,0.0,0.0,0.0,0.0,0.0,0.0,0.0,0.0,0.0,0.0,0.0,0.0,0.0,1.0,1.0,0.0,0.0,0.0,0.0,0.0,0.0,0.0,0.0,0.0,0.0,0.0,0.0,0.0,1.0,1.0,1.0,0.0,0.0,2.0,3.0,1.0,1.0,1.0,1.0,2.0,1.0,0.0,3.0,4.0,3.0,4.0,2.0,5.0,7.0,8.0,10.0,10.0,7.0,4.0,7.0,9.0,12.0,8.0,4.0,5.0,4.0,6.0,4.0,4.0,5.0,4.0,5.0,6.0,6.0,10.0,11.0,11.0,9.0,6.0,6.0,6.0,4.0,7.0,8.0,4.0,3.0,1.0,4.0,7.0,7.0,4.0,8.0,8.0,9.0,8.0,5.0,10.0,10.0,10.0,8.0,9.0,10.0,8.0,4.0,7.0,8.0,14.0,13.0,12.0,7.0,8.0,10.0,6.0,3.0,3.0,6.0,8.0,5.0,7.0,8.0,12.0,7.0,10.0,7.0,9.0,12.0,11.0,10.0,6.0,13.0,8.0,14.0,20.0,15.0,7.0,3.0,10.0,12.0,9.0,12.0,4.0,7.0,11.0,10.0,7.0,10.0,10.0,19.0,10.0,13.0,14.0,7.0,13.0,11.0,6.0,13.0,12.0,14.0,15.0,11.0,9.0,3.0,6.0,9.0,7.0,10.0,9.0,4.0,6.0,5.0,9.0,7.0,7.0,3.0,5.0,4.0,2.0,5.0,12.0,8.0,4.0,3.0,2.0,3.0,7.0,6.0,8.0,8.0,6.0,5.0
Midtown,Manhattan,neighborhood,15.0,12.0,13.0,17.0,18.0,16.0,20.0,29.0,34.0,27.0,19.0,18.0,22.0,20.0,18.0,22.0,26.0,24.0,23.0,24.0,26.0,23.0,21.0,18.0,20.0,19.0,12.0,24.0,48.0,46.0,37.0,43.0,43.0,34.0,31.0,30.0,29.0,33.0,32.0,27.0,31.0,24.0,35.0,38.0,39.0,34.0,30.0,24.0,29.0,26.0,30.0,35.0,40.0,33.0,49.0,40.0,36.0,44.0,45.0,35.0,35.0,44.0,48.0,47.0,43.0,45.0,42.0,46.0,44.0,48.0,37.0,51.0,49.0,61.0,53.0,56.0,64.0,57.0,50.0,44.0,40.0,48.0,55.0,46.0,56.0,51.0,62.0,63.0,80.0,70.0,68.0,51.0,53.0,38.0,39.0,40.0,43.0,34.0,33.0,46.0,45.0,50.0,41.0,46.0,50.0,54.0,53.0,55.0,49.0,39.0,50.0,45.0,46.0,45.0,52.0,49.0,48.0,53.0,65.0,66.0,60.0,61.0,56.0,48.0,48.0,57.0,78.0,95.0,96.0,85.0,76.0,68.0,76.0,77.0,76.0,68.0,61.0,48.0,39.0,32.0,26.0,29.0,29.0,25.0,29.0,32.0,36.0,32.0,38.0,39.0,46.0,46.0,50.0,49.0,45.0,42.0,42.0,45.0,44.0,44.0,56.0,62.0,55.0,61.0,58.0,60.0,51.0,45.0,54.0,43.0,44.0,46.0,51.0,42.0,52.0,54.0,45.0,46.0,42.0,34.0,22.0,25.0,32.0,44.0,40.0,40.0,43.0,48.0,48.0,46.0,38.0,37.0,29.0,22.0,28.0,37.0,41.0,37.0,39.0,53.0
Midtown East,Manhattan,neighborhood,130.0,123.0,121.0,122.0,120.0,137.0,114.0,111.0,96.0,84.0,87.0,93.0,85.0,105.0,94.0,119.0,157.0,149.0,158.0,132.0,108.0,117.0,105.0,89.0,88.0,86.0,95.0,117.0,115.0,111.0,125.0,127.0,120.0,111.0,111.0,111.0,122.0,131.0,139.0,134.0,148.0,132.0,158.0,159.0,145.0,166.0,155.0,150.0,157.0,152.0,154.0,180.0,172.0,157.0,188.0,196.0,159.0,168.0,168.0,149.0,162.0,163.0,163.0,172.0,201.0,213.0,224.0,226.0,235.0,220.0,181.0,167.0,171.0,169.0,187.0,211.0,196.0,228.0,237.0,260.0,237.0,261.0,220.0,175.0,175.0,179.0,197.0,223.0,276.0,319.0,292.0,238.0,224.0,232.0,196.0,162.0,171.0,164.0,186.0,211.0,284.0,271.0,288.0,268.0,228.0,239.0,187.0,179.0,187.0,168.0,199.0,243.0,267.0,269.0,284.0,249.0,209.0,214.0,199.0,175.0,193.0,160.0,129.0,137.0,220.0,333.0,452.0,540.0,507.0,475.0,404.0,356.0,334.0,294.0,301.0,276.0,266.0,256.0,222.0,179.0,151.0,152.0,135.0,118.0,139.0,155.0,174.0,187.0,178.0,198.0,204.0,205.0,178.0,193.0,150.0,150.0,167.0,171.0,206.0,260.0,269.0,290.0,295.0,285.0,275.0,248.0,235.0,192.0,175.0,177.0,167.0,207.0,284.0,287.0,303.0,285.0,235.0,236.0,183.0,165.0,164.0,154.0,150.0,199.0,259.0,241.0,219.0,214.0,173.0,144.0,127.0,118.0,105.0,120.0,154.0,190.0,220.0,215.0,216.0,178.0
Midtown South,Manhattan,neighborhood,6.0,7.0,12.0,10.0,7.0,3.0,4.0,6.0,6.0,10.0,9.0,5.0,6.0,6.0,7.0,12.0,12.0,6.0,10.0,9.0,6.0,4.0,9.0,8.0,8.0,5.0,6.0,6.0,10.0,6.0,6.0,7.0,8.0,11.0,14.0,9.0,10.0,10.0,11.0,6.0,12.0,12.0,14.0,14.0,11.0,10.0,6.0,7.0,8.0,7.0,7.0,9.0,16.0,10.0,6.0,6.0,8.0,7.0,9.0,11.0,15.0,12.0,11.0,10.0,3.0,11.0,12.0,16.0,12.0,13.0,14.0,12.0,10.0,11.0,10.0,11.0,20.0,28.0,24.0,26.0,22.0,21.0,15.0,17.0,22.0,16.0,22.0,25.0,32.0,24.0,26.0,23.0,20.0,21.0,15.0,15.0,14.0,12.0,11.0,13.0,20.0,24.0,23.0,25.0,15.0,16.0,16.0,14.0,20.0,12.0,14.0,19.0,21.0,22.0,21.0,16.0,15.0,13.0,10.0,8.0,6.0,8.0,6.0,10.0,18.0,23.0,38.0,51.0,41.0,38.0,38.0,33.0,27.0,25.0,18.0,20.0,15.0,18.0,14.0,10.0,17.0,15.0,15.0,14.0,13.0,11.0,8.0,8.0,9.0,16.0,15.0,16.0,17.0,14.0,11.0,10.0,11.0,7.0,8.0,9.0,12.0,11.0,12.0,16.0,15.0,14.0,16.0,17.0,18.0,15.0,18.0,25.0,30.0,37.0,23.0,17.0,21.0,20.0,17.0,16.0,16.0,15.0,12.0,12.0,18.0,13.0,18.0,14.0,17.0,13.0,10.0,11.0,7.0,7.0,7.0,15.0,10.0,20.0,19.0,24.0
Midtown West,Manhattan,neighborhood,47.0,41.0,43.0,44.0,38.0,44.0,37.0,18.0,14.0,24.0,24.0,24.0,24.0,24.0,27.0,27.0,42.0,37.0,34.0,36.0,35.0,35.0,37.0,40.0,34.0,32.0,42.0,39.0,31.0,42.0,54.0,59.0,53.0,53.0,54.0,51.0,66.0,67.0,68.0,70.0,69.0,77.0,87.0,89.0,80.0,88.0,87.0,83.0,93.0,80.0,78.0,66.0,100.0,79.0,97.0,83.0,70.0,95.0,93.0,94.0,110.0,131.0,115.0,144.0,116.0,123.0,124.0,155.0,132.0,124.0,118.0,111.0,98.0,105.0,138.0,133.0,141.0,138.0,165.0,186.0,172.0,149.0,147.0,135.0,142.0,130.0,135.0,153.0,172.0,174.0,197.0,156.0,137.0,131.0,121.0,135.0,120.0,126.0,127.0,141.0,152.0,161.0,161.0,168.0,137.0,155.0,144.0,139.0,140.0,128.0,149.0,144.0,150.0,165.0,159.0,161.0,141.0,122.0,119.0,110.0,103.0,88.0,84.0,105.0,141.0,213.0,287.0,291.0,283.0,275.0,229.0,209.0,210.0,192.0,204.0,175.0,139.0,141.0,116.0,108.0,87.0,89.0,60.0,60.0,70.0,83.0,87.0,85.0,113.0,110.0,112.0,110.0,84.0,88.0,90.0,93.0,98.0,82.0,100.0,120.0,142.0,144.0,158.0,166.0,137.0,139.0,135.0,135.0,135.0,94.0,114.0,119.0,151.0,169.0,160.0,137.0,125.0,129.0,111.0,96.0,98.0,89.0,105.0,127.0,156.0,151.0,179.0,148.0,98.0,85.0,66.0,60.0,74.0,66.0,80.0,92.0,108.0,112.0,152.0,149.0
Midwood,Brooklyn,neighborhood,5.0,5.0,5.0,5.0,4.0,5.0,6.0,4.0,2.0,3.0,5.0,5.0,4.0,9.0,8.0,5.0,9.0,8.0,6.0,3.0,5.0,4.0,2.0,4.0,2.0,1.0,0.0,1.0,1.0,0.0,1.0,0.0,3.0,4.0,4.0,3.0,2.0,4.0,7.0,6.0,6.0,7.0,4.0,4.0,3.0,3.0,5.0,5.0,6.0,7.0,10.0,9.0,10.0,13.0,13.0,15.0,11.0,8.0,8.0,9.0,9.0,11.0,11.0,13.0,13.0,28.0,28.0,31.0,34.0,31.0,25.0,22.0,11.0,16.0,24.0,40.0,38.0,34.0,33.0,27.0,32.0,27.0,28.0,30.0,28.0,34.0,44.0,36.0,44.0,39.0,36.0,22.0,23.0,19.0,29.0,20.0,17.0,11.0,19.0,33.0,31.0,35.0,41.0,38.0,31.0,38.0,34.0,32.0,42.0,31.0,54.0,42.0,39.0,23.0,34.0,59.0,38.0,30.0,28.0,34.0,39.0,27.0,26.0,15.0,23.0,34.0,31.0,38.0,25.0,28.0,30.0,35.0,29.0,22.0,19.0,20.0,19.0,31.0,20.0,20.0,27.0,36.0,29.0,26.0,18.0,20.0,27.0,28.0,33.0,28.0,30.0,27.0,24.0,20.0,27.0,19.0,22.0,18.0,23.0,21.0,22.0,15.0,14.0,26.0,24.0,21.0,17.0,26.0,20.0,21.0,21.0,22.0,27.0,32.0,31.0,18.0,26.0,21.0,19.0,28.0,21.0,20.0,17.0,20.0,26.0,27.0,27.0,16.0,15.0,18.0,23.0,31.0,34.0,22.0,25.0,24.0,27.0,21.0,14.0,13.0
Mill Basin,Brooklyn,neighborhood,0.0,0.0,0.0,0.0,0.0,0.0,0.0,0.0,0.0,0.0,0.0,0.0,0.0,0.0,0.0,0.0,0.0,0.0,0.0,0.0,0.0,0.0,0.0,0.0,0.0,0.0,1.0,1.0,0.0,0.0,0.0,0.0,0.0,1.0,1.0,0.0,0.0,0.0,1.0,1.0,1.0,0.0,0.0,1.0,1.0,1.0,1.0,0.0,0.0,0.0,0.0,0.0,0.0,1.0,1.0,2.0,2.0,3.0,3.0,0.0,0.0,0.0,0.0,0.0,0.0,0.0,2.0,0.0,1.0,1.0,1.0,1.0,2.0,2.0,3.0,2.0,3.0,1.0,0.0,0.0,0.0,0.0,1.0,2.0,2.0,3.0,3.0,3.0,1.0,1.0,1.0,0.0,0.0,1.0,3.0,3.0,2.0,5.0,4.0,2.0,1.0,1.0,4.0,9.0,7.0,4.0,4.0,4.0,2.0,1.0,1.0,0.0,0.0,1.0,1.0,0.0,1.0,0.0,2.0,2.0,2.0,0.0,1.0,1.0,0.0,1.0,1.0,0.0,1.0,0.0,1.0,1.0,1.0,0.0,1.0,2.0,2.0,2.0,1.0,1.0,1.0,1.0,1.0,0.0,1.0,3.0,3.0,2.0,1.0,1.0,1.0,1.0,2.0,2.0,1.0,1.0,3.0,2.0,4.0,1.0,1.0,2.0,2.0,2.0,3.0,4.0,0.0,0.0,0.0,0.0,1.0,0.0,0.0,0.0,0.0,0.0,0.0,1.0,1.0,1.0,1.0,1.0,0.0,0.0,1.0,3.0,1.0,0.0,1.0,1.0,1.0,0.0,0.0,0.0,2.0,2.0,0.0,0.0,0.0,0.0
Morningside Heights,Manhattan,neighborhood,13.0,13.0,17.0,16.0,6.0,8.0,11.0,3.0,2.0,9.0,14.0,10.0,10.0,10.0,12.0,13.0,15.0,8.0,7.0,9.0,3.0,5.0,5.0,4.0,4.0,6.0,10.0,19.0,15.0,21.0,34.0,27.0,11.0,8.0,7.0,10.0,11.0,8.0,14.0,17.0,15.0,24.0,32.0,30.0,16.0,13.0,12.0,11.0,15.0,9.0,11.0,14.0,22.0,18.0,25.0,23.0,13.0,14.0,13.0,13.0,15.0,15.0,14.0,20.0,32.0,40.0,45.0,53.0,43.0,35.0,33.0,27.0,27.0,31.0,34.0,49.0,52.0,61.0,63.0,65.0,46.0,55.0,57.0,50.0,59.0,43.0,31.0,35.0,48.0,66.0,72.0,54.0,58.0,48.0,46.0,33.0,41.0,44.0,39.0,32.0,37.0,62.0,70.0,74.0,49.0,59.0,47.0,44.0,47.0,26.0,34.0,44.0,52.0,54.0,62.0,63.0,38.0,32.0,28.0,35.0,32.0,35.0,34.0,20.0,49.0,70.0,88.0,87.0,79.0,76.0,69.0,68.0,64.0,49.0,60.0,61.0,63.0,79.0,71.0,43.0,22.0,17.0,21.0,19.0,19.0,15.0,18.0,30.0,45.0,56.0,50.0,34.0,31.0,25.0,24.0,17.0,21.0,21.0,24.0,18.0,36.0,57.0,64.0,43.0,49.0,40.0,40.0,48.0,44.0,29.0,26.0,27.0,41.0,56.0,71.0,58.0,47.0,43.0,38.0,31.0,35.0,31.0,38.0,39.0,53.0,50.0,50.0,41.0,44.0,34.0,25.0,22.0,28.0,27.0,33.0,32.0,28.0,44.0,50.0,49.0
Morris Heights,Bronx,neighborhood,0.0,0.0,0.0,0.0,0.0,0.0,0.0,0.0,0.0,0.0,0.0,0.0,0.0,0.0,0.0,0.0,0.0,0.0,0.0,0.0,0.0,0.0,0.0,0.0,0.0,0.0,0.0,0.0,0.0,0.0,0.0,0.0,0.0,0.0,0.0,0.0,0.0,0.0,0.0,0.0,0.0,0.0,0.0,0.0,0.0,1.0,1.0,0.0,0.0,0.0,0.0,1.0,1.0,0.0,1.0,1.0,1.0,1.0,1.0,2.0,1.0,2.0,2.0,1.0,0.0,2.0,3.0,5.0,1.0,0.0,1.0,1.0,1.0,1.0,2.0,2.0,4.0,3.0,1.0,2.0,3.0,1.0,3.0,2.0,1.0,1.0,4.0,2.0,1.0,1.0,1.0,0.0,0.0,1.0,1.0,1.0,0.0,0.0,0.0,0.0,1.0,3.0,2.0,3.0,0.0,0.0,1.0,2.0,1.0,1.0,0.0,0.0,0.0,1.0,3.0,4.0,12.0,11.0,3.0,3.0,7.0,8.0,3.0,2.0,4.0,2.0,1.0,2.0,0.0,0.0,0.0,0.0,1.0,0.0,0.0,2.0,0.0,0.0,0.0,2.0,1.0,0.0,0.0,0.0,2.0,1.0,1.0,1.0,2.0,2.0,1.0,1.0,6.0,4.0,1.0,0.0,1.0,2.0,1.0,1.0,3.0,4.0,4.0,1.0,1.0,1.0,1.0,1.0,1.0,1.0,2.0,1.0,0.0,0.0,0.0,1.0,3.0,3.0,3.0,5.0,0.0,0.0,1.0,4.0,5.0,1.0,1.0,2.0,0.0,2.0,3.0,1.0,2.0,1.0,1.0,0.0,2.0,2.0,2.0,3.0
Morris Park,Bronx,neighborhood,0.0,0.0,0.0,0.0,0.0,2.0,3.0,2.0,1.0,0.0,0.0,0.0,0.0,0.0,0.0,0.0,0.0,0.0,0.0,0.0,0.0,0.0,0.0,0.0,0.0,0.0,0.0,0.0,0.0,0.0,0.0,0.0,0.0,1.0,1.0,0.0,0.0,0.0,0.0,1.0,1.0,1.0,0.0,0.0,0.0,0.0,1.0,2.0,1.0,0.0,0.0,0.0,0.0,0.0,2.0,3.0,2.0,2.0,1.0,0.0,1.0,0.0,0.0,3.0,4.0,5.0,1.0,2.0,1.0,3.0,3.0,6.0,7.0,6.0,6.0,5.0,5.0,4.0,2.0,2.0,4.0,3.0,1.0,2.0,3.0,1.0,1.0,1.0,4.0,3.0,5.0,1.0,3.0,4.0,5.0,2.0,3.0,1.0,1.0,2.0,3.0,3.0,5.0,6.0,4.0,6.0,7.0,5.0,9.0,11.0,9.0,10.0,10.0,8.0,3.0,5.0,3.0,9.0,7.0,1.0,1.0,3.0,4.0,2.0,1.0,2.0,2.0,1.0,3.0,4.0,2.0,2.0,2.0,2.0,2.0,2.0,2.0,0.0,0.0,0.0,0.0,0.0,1.0,1.0,1.0,0.0,0.0,2.0,4.0,3.0,2.0,3.0,3.0,0.0,0.0,0.0,1.0,0.0,0.0,1.0,2.0,3.0,3.0,3.0,5.0,3.0,1.0,1.0,0.0,1.0,1.0,1.0,0.0,1.0,1.0,0.0,3.0,0.0,0.0,0.0,1.0,0.0,1.0,1.0,1.0,4.0,1.0,1.0,1.0,1.0,1.0,0.0,0.0,0.0,0.0,1.0,2.0,0.0,1.0,1.0
Morrisania,Bronx,neighborhood,0.0,0.0,0.0,0.0,0.0,0.0,0.0,0.0,1.0,1.0,1.0,1.0,0.0,1.0,1.0,2.0,2.0,2.0,0.0,0.0,0.0,0.0,0.0,0.0,0.0,0.0,0.0,0.0,0.0,0.0,0.0,0.0,0.0,0.0,1.0,1.0,1.0,0.0,0.0,0.0,0.0,0.0,0.0,0.0,0.0,0.0,0.0,1.0,1.0,1.0,0.0,0.0,0.0,0.0,0.0,0.0,2.0,1.0,0.0,0.0,0.0,0.0,1.0,4.0,2.0,1.0,2.0,2.0,4.0,3.0,3.0,2.0,4.0,3.0,2.0,1.0,1.0,2.0,1.0,3.0,6.0,8.0,2.0,2.0,4.0,2.0,0.0,0.0,1.0,1.0,1.0,1.0,2.0,2.0,2.0,4.0,5.0,2.0,2.0,2.0,5.0,8.0,5.0,3.0,6.0,12.0,4.0,8.0,5.0,0.0,2.0,3.0,3.0,4.0,10.0,10.0,9.0,5.0,2.0,3.0,7.0,3.0,2.0,2.0,2.0,2.0,3.0,2.0,4.0,1.0,4.0,3.0,0.0,3.0,3.0,3.0,4.0,2.0,1.0,1.0,2.0,2.0,7.0,0.0,2.0,0.0,1.0,0.0,4.0,1.0,6.0,1.0,0.0,1.0,1.0,3.0,3.0,0.0,2.0,3.0,6.0,3.0,3.0,1.0,3.0,4.0,4.0,1.0,6.0,4.0,2.0,1.0,1.0,2.0,2.0,4.0,2.0,3.0,7.0,7.0,2.0,2.0,3.0,1.0,1.0,1.0,3.0,1.0,9.0,15.0,11.0,4.0,2.0,2.0,3.0,8.0,8.0,6.0,2.0,5.0
Mott Haven,Bronx,neighborhood,0.0,1.0,1.0,1.0,3.0,2.0,1.0,1.0,1.0,3.0,2.0,4.0,5.0,2.0,1.0,1.0,1.0,1.0,1.0,2.0,1.0,1.0,0.0,1.0,0.0,1.0,2.0,1.0,1.0,2.0,1.0,2.0,1.0,0.0,0.0,0.0,0.0,0.0,0.0,0.0,1.0,5.0,6.0,3.0,2.0,2.0,2.0,4.0,2.0,4.0,5.0,5.0,1.0,1.0,0.0,3.0,5.0,0.0,1.0,2.0,6.0,10.0,15.0,15.0,17.0,11.0,7.0,4.0,9.0,11.0,10.0,8.0,10.0,13.0,10.0,4.0,2.0,8.0,15.0,16.0,21.0,19.0,23.0,24.0,26.0,27.0,20.0,13.0,12.0,9.0,12.0,12.0,6.0,9.0,12.0,8.0,13.0,16.0,23.0,18.0,28.0,28.0,26.0,30.0,20.0,25.0,16.0,9.0,14.0,18.0,10.0,13.0,11.0,17.0,29.0,29.0,20.0,9.0,6.0,8.0,3.0,5.0,5.0,5.0,6.0,8.0,16.0,21.0,24.0,13.0,6.0,10.0,7.0,8.0,8.0,10.0,11.0,16.0,14.0,10.0,5.0,11.0,16.0,17.0,12.0,5.0,10.0,10.0,16.0,21.0,20.0,18.0,12.0,16.0,22.0,19.0,25.0,23.0,15.0,17.0,24.0,26.0,20.0,26.0,19.0,16.0,15.0,15.0,9.0,9.0,17.0,23.0,15.0,35.0,29.0,18.0,17.0,13.0,7.0,14.0,24.0,24.0,27.0,23.0,24.0,25.0,29.0,35.0,26.0,16.0,14.0,21.0,19.0,14.0,12.0,15.0,20.0,21.0,16.0,24.0
NYC,,city,1667.0,1613.0,1598.0,1702.0,1627.0,1789.0,1658.0,1490.0,1247.0,1244.0,1218.0,1321.0,1336.0,1271.0,1305.0,1399.0,1713.0,1821.0,1875.0,1848.0,1599.0,1566.0,1522.0,1412.0,1448.0,1524.0,1635.0,1814.0,2005.0,2224.0,2478.0,2437.0,2103.0,2054.0,2027.0,1925.0,2175.0,2154.0,2207.0,2528.0,2851.0,2894.0,3324.0,3420.0,3049.0,3183.0,3011.0,2926.0,3148.0,3082.0,3435.0,3816.0,4365.0,4543.0,5038.0,5077.0,4711.0,4449.0,4413.0,4412.0,4681.0,4850.0,5179.0,5557.0,6145.0,6918.0,7666.0,7405.0,6163.0,5714.0,5013.0,4706.0,4756.0,4850.0,5407.0,5925.0,7066.0,7672.0,8137.0,8510.0,7673.0,6997.0,6848.0,6289.0,6927.0,6717.0,7592.0,7915.0,9372.0,10590.0,10867.0,7669.0,6766.0,6688.0,6213.0,5263.0,5588.0,5492.0,6059.0,6915.0,8463.0,9248.0,10307.0,10347.0,8270.0,8951.0,7850.0,7117.0,7306.0,6704.0,7277.0,7686.0,8759.0,8972.0,9396.0,8663.0,6858.0,5932.0,5120.0,4357.0,4670.0,4393.0,4079.0,3737.0,6856.0,10258.0,13769.0,15453.0,14682.0,13353.0,11672.0,10441.0,10201.0,9036.0,9249.0,8862.0,9097.0,9357.0,9285.0,8557.0,6184.0,6037.0,5615.0,4903.0,4984.0,4641.0,5325.0,5084.0,5745.0,6284.0,6574.0,6577.0,5900.0,5506.0,5359.0,4734.0,5354.0,4907.0,5625.0,5556.0,6720.0,7550.0,7858.0,7725.0,6597.0,6359.0,5967.0,5027.0,5293.0,5035.0,5258.0,5463.0,6651.0,7179.0,8132.0,7757.0,6672.0,5949.0,5207.0,4571.0,4535.0,4112.0,4512.0,5161.0,6135.0,6509.0,6851.0,6161.0,5215.0,4616.0,3922.0,3631.0,3465.0,3297.0,3977.0,4388.0,5211.0,6004.0,6264.0,5562.0
New Hyde Park,Queens,neighborhood,0.0,0.0,0.0,0.0,0.0,0.0,0.0,0.0,0.0,0.0,0.0,0.0,0.0,0.0,0.0,0.0,0.0,0.0,0.0,0.0,0.0,0.0,0.0,0.0,0.0,0.0,0.0,0.0,0.0,0.0,0.0,0.0,0.0,0.0,0.0,0.0,0.0,0.0,0.0,0.0,0.0,0.0,0.0,0.0,0.0,0.0,0.0,0.0,0.0,0.0,0.0,0.0,0.0,0.0,0.0,0.0,0.0,0.0,0.0,0.0,0.0,0.0,0.0,0.0,0.0,0.0,0.0,0.0,0.0,0.0,0.0,0.0,0.0,0.0,0.0,0.0,0.0,0.0,0.0,0.0,0.0,0.0,0.0,0.0,0.0,0.0,0.0,0.0,0.0,0.0,0.0,0.0,0.0,0.0,0.0,0.0,0.0,0.0,0.0,0.0,0.0,0.0,0.0,0.0,0.0,0.0,0.0,0.0,0.0,0.0,0.0,0.0,0.0,0.0,0.0,0.0,0.0,0.0,0.0,0.0,0.0,0.0,0.0,0.0,0.0,0.0,0.0,0.0,0.0,1.0,1.0,0.0,0.0,0.0,0.0,0.0,0.0,0.0,0.0,0.0,0.0,0.0,0.0,0.0,0.0,0.0,0.0,0.0,0.0,0.0,0.0,0.0,0.0,0.0,0.0,0.0,2.0,0.0,0.0,0.0,0.0,0.0,0.0,0.0,0.0,0.0,0.0,0.0,0.0,1.0,0.0,0.0,0.0,0.0,0.0,0.0,0.0,0.0,0.0,0.0,0.0,0.0,0.0,0.0,0.0,0.0,1.0,1.0,0.0,0.0,0.0,0.0,0.0,0.0,0.0,0.0,0.0,0.0,0.0,0.0
Nolita,Manhattan,neighborhood,7.0,7.0,6.0,6.0,2.0,3.0,3.0,8.0,6.0,1.0,3.0,2.0,6.0,8.0,4.0,2.0,8.0,4.0,9.0,10.0,5.0,5.0,5.0,5.0,5.0,5.0,9.0,8.0,8.0,10.0,16.0,9.0,3.0,7.0,10.0,7.0,4.0,3.0,5.0,10.0,12.0,20.0,21.0,19.0,17.0,26.0,10.0,14.0,12.0,11.0,20.0,18.0,18.0,13.0,22.0,13.0,12.0,12.0,9.0,15.0,11.0,11.0,6.0,9.0,11.0,21.0,33.0,30.0,17.0,12.0,9.0,9.0,10.0,13.0,10.0,12.0,16.0,19.0,22.0,32.0,29.0,20.0,23.0,26.0,24.0,22.0,24.0,23.0,21.0,31.0,48.0,33.0,24.0,18.0,16.0,17.0,16.0,19.0,21.0,22.0,17.0,17.0,37.0,29.0,16.0,17.0,19.0,15.0,7.0,9.0,14.0,23.0,23.0,25.0,32.0,35.0,25.0,17.0,19.0,21.0,15.0,15.0,16.0,29.0,44.0,63.0,79.0,82.0,70.0,65.0,48.0,31.0,26.0,30.0,34.0,28.0,22.0,35.0,25.0,20.0,4.0,13.0,11.0,5.0,6.0,4.0,7.0,16.0,19.0,30.0,21.0,37.0,19.0,22.0,25.0,22.0,17.0,11.0,16.0,14.0,17.0,27.0,32.0,34.0,26.0,22.0,26.0,16.0,18.0,12.0,13.0,16.0,24.0,26.0,32.0,48.0,41.0,27.0,23.0,19.0,13.0,13.0,10.0,12.0,16.0,23.0,36.0,36.0,14.0,8.0,10.0,10.0,10.0,8.0,15.0,12.0,19.0,24.0,28.0,44.0
North Corona,Queens,neighborhood,0.0,0.0,0.0,0.0,0.0,0.0,0.0,0.0,0.0,0.0,0.0,0.0,0.0,0.0,0.0,0.0,0.0,0.0,0.0,0.0,0.0,0.0,0.0,0.0,0.0,0.0,0.0,0.0,0.0,2.0,2.0,1.0,0.0,0.0,1.0,3.0,2.0,1.0,1.0,1.0,1.0,0.0,0.0,0.0,1.0,2.0,1.0,1.0,0.0,1.0,2.0,2.0,1.0,3.0,3.0,2.0,1.0,0.0,1.0,2.0,2.0,1.0,1.0,2.0,1.0,1.0,1.0,1.0,0.0,5.0,6.0,2.0,1.0,0.0,0.0,1.0,1.0,1.0,1.0,1.0,0.0,0.0,0.0,0.0,1.0,2.0,1.0,2.0,2.0,5.0,3.0,1.0,0.0,1.0,1.0,0.0,0.0,0.0,2.0,3.0,2.0,2.0,1.0,0.0,0.0,0.0,2.0,1.0,0.0,0.0,1.0,6.0,4.0,7.0,7.0,0.0,1.0,0.0,0.0,0.0,1.0,0.0,0.0,0.0,1.0,1.0,0.0,0.0,0.0,1.0,3.0,1.0,1.0,1.0,5.0,4.0,3.0,4.0,3.0,2.0,0.0,0.0,0.0,0.0,0.0,0.0,2.0,6.0,9.0,0.0,1.0,3.0,3.0,2.0,0.0,0.0,0.0,0.0,0.0,5.0,12.0,14.0,2.0,1.0,3.0,1.0,4.0,4.0,4.0,5.0,8.0,10.0,3.0,1.0,2.0,2.0,1.0,1.0,1.0,0.0,1.0,1.0,2.0,4.0,2.0,1.0,1.0,1.0,0.0,0.0,5.0,5.0,2.0,0.0,1.0,1.0,1.0,1.0,0.0,3.0
Norwood,Bronx,neighborhood,0.0,0.0,0.0,0.0,0.0,0.0,0.0,0.0,0.0,0.0,0.0,0.0,0.0,0.0,0.0,0.0,1.0,1.0,2.0,1.0,0.0,0.0,0.0,0.0,0.0,1.0,2.0,1.0,1.0,0.0,1.0,2.0,1.0,0.0,0.0,0.0,0.0,0.0,0.0,1.0,0.0,0.0,1.0,1.0,2.0,3.0,1.0,2.0,3.0,3.0,2.0,0.0,0.0,0.0,0.0,1.0,0.0,0.0,1.0,1.0,2.0,4.0,5.0,8.0,10.0,14.0,18.0,17.0,9.0,15.0,11.0,4.0,3.0,4.0,3.0,7.0,8.0,4.0,3.0,4.0,4.0,4.0,5.0,1.0,3.0,2.0,1.0,3.0,0.0,1.0,5.0,7.0,5.0,6.0,8.0,6.0,3.0,2.0,3.0,1.0,1.0,7.0,6.0,2.0,2.0,5.0,9.0,8.0,8.0,8.0,8.0,3.0,0.0,3.0,3.0,0.0,2.0,2.0,3.0,2.0,2.0,1.0,1.0,2.0,1.0,5.0,6.0,2.0,2.0,2.0,0.0,2.0,3.0,2.0,1.0,2.0,1.0,5.0,3.0,0.0,7.0,1.0,6.0,8.0,2.0,5.0,4.0,4.0,2.0,2.0,5.0,5.0,5.0,7.0,4.0,4.0,7.0,4.0,1.0,1.0,4.0,3.0,2.0,2.0,0.0,0.0,0.0,0.0,0.0,1.0,2.0,2.0,1.0,1.0,1.0,2.0,2.0,6.0,7.0,0.0,2.0,3.0,0.0,1.0,0.0,0.0,1.0,1.0,0.0,0.0,0.0,1.0,0.0,0.0,1.0,1.0,3.0,1.0,0.0,2.0
Oakland Gardens,Queens,neighborhood,0.0,0.0,0.0,0.0,0.0,0.0,0.0,0.0,0.0,0.0,0.0,0.0,0.0,0.0,0.0,0.0,0.0,0.0,0.0,0.0,0.0,0.0,0.0,0.0,2.0,1.0,0.0,1.0,1.0,1.0,2.0,2.0,1.0,0.0,0.0,1.0,1.0,0.0,1.0,1.0,1.0,0.0,0.0,0.0,0.0,0.0,0.0,1.0,1.0,1.0,2.0,2.0,2.0,2.0,1.0,4.0,2.0,1.0,4.0,7.0,6.0,4.0,4.0,4.0,4.0,4.0,4.0,4.0,3.0,4.0,3.0,2.0,1.0,1.0,1.0,3.0,3.0,3.0,2.0,2.0,3.0,6.0,5.0,3.0,1.0,3.0,4.0,7.0,8.0,5.0,6.0,3.0,2.0,1.0,0.0,0.0,1.0,0.0,0.0,0.0,2.0,2.0,1.0,0.0,1.0,1.0,2.0,5.0,6.0,2.0,2.0,0.0,2.0,3.0,2.0,0.0,0.0,0.0,0.0,0.0,1.0,2.0,4.0,3.0,4.0,2.0,1.0,0.0,0.0,0.0,2.0,1.0,1.0,1.0,9.0,5.0,3.0,1.0,1.0,5.0,14.0,20.0,15.0,9.0,18.0,16.0,17.0,11.0,11.0,10.0,9.0,8.0,10.0,9.0,6.0,10.0,11.0,18.0,25.0,19.0,7.0,7.0,10.0,14.0,4.0,3.0,8.0,15.0,22.0,16.0,17.0,14.0,16.0,12.0,13.0,14.0,12.0,26.0,32.0,28.0,26.0,20.0,25.0,16.0,17.0,22.0,23.0,20.0,14.0,11.0,17.0,16.0,19.0,18.0,22.0,21.0,14.0,11.0,14.0,11.0
Old Mill Basin,Brooklyn,neighborhood,0.0,0.0,0.0,0.0,0.0,0.0,0.0,0.0,0.0,0.0,0.0,0.0,0.0,0.0,0.0,0.0,0.0,0.0,0.0,0.0,0.0,0.0,0.0,0.0,0.0,0.0,0.0,0.0,0.0,0.0,0.0,0.0,0.0,0.0,0.0,0.0,0.0,0.0,0.0,0.0,1.0,1.0,1.0,0.0,0.0,0.0,0.0,0.0,0.0,0.0,0.0,0.0,0.0,0.0,0.0,0.0,0.0,0.0,0.0,0.0,0.0,0.0,0.0,0.0,0.0,0.0,0.0,0.0,1.0,8.0,3.0,2.0,0.0,0.0,0.0,0.0,0.0,1.0,2.0,1.0,1.0,1.0,1.0,1.0,0.0,0.0,0.0,0.0,0.0,0.0,0.0,0.0,0.0,0.0,0.0,0.0,0.0,1.0,1.0,0.0,0.0,0.0,0.0,0.0,0.0,0.0,1.0,0.0,0.0,0.0,0.0,0.0,0.0,0.0,0.0,0.0,0.0,0.0,0.0,0.0,0.0,0.0,0.0,0.0,0.0,2.0,1.0,2.0,1.0,1.0,0.0,0.0,0.0,4.0,0.0,2.0,1.0,1.0,1.0,0.0,0.0,2.0,2.0,0.0,0.0,0.0,0.0,1.0,1.0,0.0,0.0,0.0,1.0,0.0,0.0,3.0,1.0,1.0,1.0,1.0,1.0,0.0,0.0,0.0,1.0,1.0,0.0,1.0,0.0,0.0,2.0,0.0,0.0,0.0,0.0,0.0,1.0,2.0,0.0,0.0,2.0,1.0,0.0,1.0,1.0,0.0,1.0,0.0,0.0,0.0,0.0,0.0,0.0,0.0,0.0,0.0,0.0,0.0,0.0,0.0
Ozone Park,Queens,neighborhood,0.0,0.0,0.0,0.0,0.0,0.0,0.0,0.0,0.0,0.0,0.0,1.0,1.0,1.0,1.0,1.0,1.0,1.0,1.0,1.0,1.0,1.0,1.0,0.0,0.0,0.0,0.0,0.0,0.0,0.0,0.0,0.0,0.0,0.0,0.0,0.0,0.0,0.0,0.0,0.0,0.0,0.0,0.0,0.0,0.0,1.0,1.0,1.0,1.0,0.0,0.0,0.0,0.0,0.0,0.0,0.0,1.0,1.0,2.0,1.0,1.0,0.0,0.0,0.0,0.0,0.0,0.0,0.0,0.0,0.0,2.0,2.0,1.0,1.0,1.0,1.0,1.0,0.0,0.0,0.0,1.0,2.0,3.0,2.0,2.0,2.0,2.0,4.0,3.0,3.0,1.0,0.0,0.0,0.0,1.0,2.0,1.0,2.0,1.0,1.0,1.0,1.0,4.0,1.0,1.0,0.0,2.0,1.0,2.0,1.0,1.0,1.0,1.0,0.0,1.0,0.0,0.0,2.0,1.0,1.0,1.0,0.0,0.0,1.0,0.0,1.0,2.0,1.0,1.0,4.0,3.0,2.0,3.0,3.0,3.0,2.0,0.0,0.0,1.0,1.0,1.0,2.0,1.0,0.0,1.0,1.0,4.0,0.0,2.0,1.0,0.0,0.0,2.0,2.0,2.0,1.0,0.0,2.0,2.0,1.0,1.0,0.0,0.0,2.0,4.0,0.0,0.0,1.0,1.0,1.0,2.0,3.0,1.0,1.0,2.0,3.0,3.0,1.0,3.0,3.0,1.0,1.0,1.0,2.0,2.0,2.0,1.0,2.0,3.0,0.0,1.0,2.0,2.0,0.0,1.0,2.0,0.0,1.0,1.0,0.0
Park Slope,Brooklyn,neighborhood,36.0,34.0,37.0,38.0,45.0,50.0,44.0,37.0,29.0,21.0,21.0,22.0,29.0,30.0,37.0,32.0,41.0,53.0,58.0,38.0,22.0,21.0,25.0,20.0,18.0,22.0,35.0,43.0,46.0,62.0,59.0,65.0,69.0,62.0,56.0,59.0,53.0,40.0,32.0,60.0,88.0,91.0,96.0,94.0,69.0,66.0,55.0,55.0,64.0,59.0,64.0,79.0,124.0,131.0,138.0,131.0,120.0,138.0,131.0,108.0,117.0,131.0,123.0,133.0,169.0,220.0,255.0,230.0,185.0,142.0,115.0,97.0,100.0,97.0,123.0,145.0,169.0,185.0,208.0,218.0,199.0,188.0,154.0,132.0,138.0,132.0,164.0,159.0,191.0,219.0,213.0,160.0,149.0,160.0,145.0,120.0,98.0,74.0,82.0,122.0,156.0,157.0,173.0,160.0,127.0,136.0,115.0,104.0,90.0,89.0,117.0,136.0,183.0,163.0,147.0,134.0,110.0,152.0,97.0,65.0,63.0,77.0,68.0,48.0,132.0,233.0,282.0,322.0,312.0,266.0,223.0,171.0,157.0,145.0,136.0,126.0,109.0,100.0,115.0,97.0,78.0,86.0,66.0,51.0,44.0,38.0,47.0,49.0,98.0,95.0,144.0,115.0,127.0,106.0,99.0,87.0,104.0,70.0,69.0,84.0,102.0,120.0,149.0,124.0,96.0,103.0,81.0,67.0,73.0,62.0,79.0,63.0,87.0,109.0,111.0,117.0,83.0,87.0,87.0,78.0,66.0,48.0,55.0,65.0,87.0,109.0,99.0,97.0,83.0,70.0,49.0,47.0,48.0,40.0,58.0,56.0,65.0,99.0,117.0,103.0
Parkchester,Bronx,neighborhood,0.0,0.0,0.0,0.0,0.0,0.0,0.0,0.0,0.0,0.0,0.0,0.0,0.0,2.0,3.0,3.0,3.0,2.0,0.0,0.0,1.0,1.0,1.0,1.0,1.0,1.0,1.0,2.0,1.0,1.0,1.0,1.0,1.0,1.0,1.0,1.0,2.0,2.0,2.0,3.0,2.0,2.0,1.0,1.0,2.0,2.0,0.0,0.0,0.0,0.0,0.0,0.0,0.0,0.0,2.0,3.0,2.0,1.0,2.0,2.0,0.0,1.0,1.0,0.0,1.0,1.0,1.0,4.0,3.0,3.0,2.0,1.0,1.0,1.0,1.0,2.0,3.0,1.0,3.0,4.0,3.0,1.0,3.0,5.0,7.0,6.0,5.0,6.0,4.0,5.0,5.0,4.0,2.0,3.0,1.0,2.0,2.0,0.0,0.0,0.0,1.0,1.0,1.0,0.0,0.0,2.0,1.0,1.0,4.0,2.0,0.0,2.0,1.0,0.0,2.0,0.0,0.0,1.0,1.0,1.0,1.0,1.0,1.0,1.0,1.0,0.0,0.0,0.0,0.0,2.0,2.0,1.0,1.0,1.0,1.0,0.0,1.0,0.0,0.0,2.0,4.0,5.0,3.0,1.0,0.0,0.0,0.0,0.0,0.0,1.0,1.0,1.0,2.0,2.0,1.0,0.0,2.0,2.0,3.0,3.0,3.0,3.0,0.0,0.0,2.0,4.0,1.0,3.0,2.0,0.0,1.0,1.0,3.0,2.0,1.0,1.0,1.0,0.0,0.0,0.0,0.0,0.0,0.0,0.0,0.0,2.0,1.0,1.0,0.0,0.0,1.0,0.0,0.0,0.0,0.0,2.0,3.0,3.0,2.0,3.0
Pelham Bay,Bronx,neighborhood,0.0,0.0,0.0,0.0,0.0,0.0,0.0,0.0,0.0,0.0,0.0,0.0,0.0,0.0,0.0,0.0,0.0,0.0,0.0,0.0,0.0,0.0,1.0,1.0,1.0,1.0,1.0,1.0,2.0,1.0,1.0,0.0,0.0,0.0,0.0,0.0,0.0,1.0,1.0,1.0,1.0,1.0,0.0,0.0,0.0,0.0,0.0,0.0,1.0,1.0,2.0,2.0,2.0,2.0,1.0,1.0,1.0,2.0,0.0,1.0,1.0,10.0,4.0,0.0,0.0,2.0,11.0,6.0,0.0,0.0,0.0,2.0,1.0,0.0,0.0,0.0,1.0,2.0,1.0,0.0,0.0,1.0,1.0,0.0,0.0,0.0,0.0,0.0,0.0,0.0,0.0,0.0,0.0,1.0,0.0,0.0,1.0,0.0,0.0,1.0,0.0,0.0,0.0,0.0,1.0,0.0,0.0,1.0,1.0,2.0,2.0,5.0,2.0,1.0,1.0,2.0,0.0,1.0,0.0,0.0,0.0,1.0,0.0,0.0,0.0,0.0,0.0,1.0,0.0,0.0,0.0,1.0,1.0,1.0,1.0,0.0,1.0,0.0,1.0,0.0,0.0,1.0,1.0,1.0,2.0,0.0,1.0,0.0,1.0,1.0,2.0,1.0,1.0,1.0,3.0,4.0,1.0,1.0,2.0,2.0,2.0,1.0,0.0,0.0,0.0,0.0,0.0,0.0,0.0,0.0,2.0,2.0,0.0,0.0,2.0,2.0,2.0,0.0,0.0,1.0,2.0,2.0,3.0,2.0,5.0,5.0,5.0,1.0,3.0,2.0,3.0,1.0,1.0,2.0,4.0,3.0,2.0,4.0,2.0,2.0
Pelham Gardens,Bronx,neighborhood,0.0,0.0,0.0,0.0,0.0,0.0,0.0,0.0,0.0,0.0,0.0,0.0,0.0,0.0,0.0,0.0,0.0,0.0,0.0,0.0,1.0,2.0,2.0,0.0,0.0,0.0,0.0,0.0,0.0,1.0,1.0,0.0,0.0,0.0,0.0,0.0,0.0,0.0,0.0,0.0,0.0,0.0,0.0,0.0,0.0,0.0,0.0,0.0,0.0,1.0,1.0,0.0,0.0,0.0,0.0,0.0,0.0,0.0,0.0,0.0,0.0,0.0,0.0,0.0,0.0,0.0,0.0,0.0,0.0,0.0,4.0,5.0,3.0,1.0,0.0,0.0,1.0,1.0,0.0,0.0,0.0,2.0,1.0,1.0,2.0,2.0,1.0,0.0,0.0,0.0,2.0,2.0,3.0,3.0,4.0,0.0,0.0,0.0,0.0,1.0,1.0,0.0,0.0,1.0,1.0,0.0,0.0,0.0,1.0,1.0,1.0,1.0,1.0,1.0,0.0,0.0,0.0,0.0,2.0,0.0,0.0,0.0,0.0,1.0,0.0,1.0,1.0,1.0,1.0,0.0,0.0,0.0,0.0,0.0,0.0,1.0,1.0,1.0,2.0,3.0,2.0,1.0,3.0,3.0,3.0,3.0,1.0,1.0,0.0,0.0,0.0,1.0,1.0,2.0,2.0,1.0,0.0,0.0,1.0,1.0,0.0,1.0,0.0,1.0,0.0,1.0,0.0,1.0,1.0,1.0,0.0,1.0,1.0,0.0,1.0,2.0,0.0,0.0,0.0,0.0,0.0,0.0,1.0,1.0,0.0,0.0,1.0,1.0,0.0,0.0,0.0,0.0,0.0,0.0,0.0,0.0,0.0,0.0,0.0,0.0
Pelham Parkway,Bronx,neighborhood,0.0,0.0,0.0,0.0,0.0,0.0,0.0,0.0,0.0,0.0,0.0,0.0,0.0,0.0,0.0,0.0,0.0,0.0,0.0,0.0,0.0,0.0,0.0,0.0,0.0,0.0,0.0,0.0,0.0,0.0,0.0,0.0,0.0,0.0,0.0,0.0,0.0,0.0,0.0,0.0,0.0,0.0,0.0,0.0,0.0,0.0,0.0,0.0,0.0,0.0,0.0,0.0,0.0,0.0,0.0,0.0,0.0,0.0,0.0,0.0,0.0,1.0,1.0,1.0,1.0,0.0,0.0,0.0,0.0,0.0,0.0,0.0,1.0,1.0,1.0,1.0,0.0,0.0,0.0,0.0,0.0,0.0,0.0,0.0,0.0,0.0,0.0,0.0,0.0,0.0,0.0,0.0,1.0,1.0,0.0,0.0,0.0,0.0,1.0,1.0,0.0,0.0,0.0,0.0,0.0,1.0,1.0,0.0,1.0,0.0,0.0,0.0,0.0,1.0,1.0,1.0,3.0,0.0,1.0,3.0,5.0,1.0,2.0,1.0,2.0,2.0,5.0,3.0,2.0,3.0,3.0,1.0,1.0,1.0,2.0,2.0,0.0,4.0,4.0,0.0,0.0,1.0,3.0,4.0,3.0,2.0,3.0,1.0,2.0,0.0,0.0,1.0,2.0,0.0,0.0,1.0,2.0,2.0,4.0,3.0,2.0,1.0,0.0,0.0,2.0,1.0,0.0,1.0,3.0,1.0,0.0,0.0,3.0,1.0,1.0,2.0,1.0,3.0,2.0,0.0,2.0,2.0,1.0,1.0,0.0,1.0,0.0,0.0,0.0,0.0,1.0,1.0,0.0,0.0,0.0,1.0,1.0,0.0,0.0,1.0
Pomonok,Queens,neighborhood,1.0,1.0,0.0,0.0,0.0,0.0,0.0,0.0,0.0,0.0,0.0,3.0,3.0,1.0,1.0,0.0,1.0,1.0,1.0,0.0,0.0,0.0,0.0,0.0,0.0,0.0,0.0,0.0,0.0,0.0,2.0,3.0,3.0,1.0,0.0,0.0,0.0,0.0,0.0,0.0,0.0,1.0,1.0,1.0,1.0,1.0,1.0,1.0,0.0,0.0,1.0,1.0,0.0,0.0,0.0,1.0,2.0,2.0,2.0,2.0,1.0,1.0,1.0,0.0,0.0,0.0,0.0,2.0,2.0,2.0,2.0,3.0,2.0,2.0,2.0,2.0,4.0,3.0,0.0,0.0,1.0,2.0,1.0,0.0,0.0,1.0,1.0,1.0,2.0,6.0,8.0,2.0,2.0,3.0,4.0,3.0,0.0,0.0,2.0,2.0,2.0,0.0,3.0,3.0,4.0,3.0,3.0,4.0,2.0,2.0,2.0,4.0,2.0,2.0,1.0,4.0,4.0,1.0,0.0,2.0,2.0,1.0,2.0,1.0,1.0,0.0,3.0,2.0,1.0,1.0,2.0,5.0,6.0,5.0,1.0,0.0,2.0,3.0,2.0,1.0,1.0,1.0,2.0,1.0,1.0,0.0,1.0,2.0,2.0,2.0,1.0,1.0,3.0,3.0,3.0,2.0,0.0,1.0,2.0,2.0,6.0,3.0,3.0,3.0,0.0,1.0,3.0,3.0,2.0,1.0,2.0,0.0,0.0,1.0,2.0,7.0,6.0,3.0,3.0,1.0,0.0,1.0,3.0,3.0,2.0,2.0,0.0,1.0,0.0,1.0,1.0,1.0,1.0,1.0,0.0,0.0,0.0,0.0,1.0,2.0
Port Morris,Bronx,neighborhood,0.0,0.0,0.0,0.0,0.0,0.0,0.0,0.0,0.0,0.0,0.0,0.0,0.0,0.0,0.0,0.0,0.0,0.0,0.0,0.0,0.0,0.0,0.0,0.0,0.0,0.0,0.0,0.0,0.0,0.0,0.0,0.0,0.0,0.0,0.0,0.0,0.0,0.0,0.0,0.0,0.0,0.0,0.0,0.0,0.0,0.0,0.0,0.0,0.0,0.0,0.0,0.0,0.0,0.0,0.0,0.0,0.0,0.0,0.0,0.0,0.0,0.0,0.0,0.0,0.0,0.0,0.0,0.0,0.0,0.0,0.0,0.0,0.0,0.0,0.0,0.0,0.0,0.0,0.0,0.0,0.0,0.0,0.0,0.0,1.0,3.0,3.0,0.0,0.0,0.0,0.0,0.0,0.0,0.0,0.0,0.0,0.0,0.0,1.0,1.0,0.0,0.0,0.0,3.0,3.0,3.0,7.0,7.0,3.0,1.0,2.0,1.0,1.0,0.0,0.0,0.0,0.0,0.0,0.0,0.0,0.0,0.0,0.0,0.0,0.0,0.0,0.0,0.0,0.0,0.0,0.0,0.0,0.0,0.0,0.0,1.0,1.0,1.0,0.0,0.0,0.0,0.0,0.0,0.0,0.0,0.0,0.0,0.0,0.0,0.0,0.0,0.0,0.0,0.0,0.0,0.0,0.0,0.0,0.0,0.0,0.0,0.0,0.0,0.0,0.0,0.0,0.0,0.0,0.0,0.0,0.0,0.0,0.0,1.0,2.0,0.0,0.0,0.0,0.0,0.0,0.0,0.0,0.0,0.0,0.0,0.0,0.0,1.0,1.0,0.0,0.0,0.0,0.0,0.0,0.0,0.0,0.0,0.0,0.0,0.0
Prospect Heights,Brooklyn,neighborhood,3.0,5.0,9.0,10.0,7.0,12.0,16.0,10.0,6.0,7.0,6.0,7.0,8.0,6.0,8.0,7.0,9.0,9.0,13.0,8.0,7.0,8.0,2.0,3.0,6.0,8.0,5.0,7.0,6.0,9.0,9.0,10.0,3.0,11.0,4.0,7.0,8.0,5.0,11.0,18.0,13.0,13.0,18.0,24.0,20.0,25.0,33.0,25.0,18.0,11.0,13.0,24.0,32.0,26.0,35.0,28.0,46.0,49.0,43.0,36.0,47.0,42.0,45.0,42.0,40.0,49.0,64.0,63.0,38.0,16.0,15.0,19.0,18.0,17.0,25.0,30.0,36.0,32.0,22.0,37.0,49.0,52.0,40.0,29.0,30.0,25.0,27.0,32.0,39.0,57.0,40.0,31.0,27.0,27.0,34.0,23.0,26.0,35.0,29.0,28.0,36.0,32.0,48.0,31.0,24.0,42.0,26.0,28.0,31.0,26.0,24.0,36.0,47.0,55.0,63.0,33.0,48.0,34.0,28.0,22.0,18.0,13.0,21.0,17.0,48.0,70.0,80.0,77.0,83.0,89.0,59.0,59.0,61.0,56.0,44.0,40.0,39.0,39.0,23.0,23.0,17.0,16.0,8.0,8.0,9.0,19.0,17.0,10.0,19.0,23.0,23.0,32.0,14.0,18.0,25.0,22.0,21.0,22.0,22.0,21.0,22.0,35.0,27.0,25.0,29.0,30.0,21.0,20.0,11.0,9.0,12.0,11.0,22.0,35.0,46.0,46.0,21.0,23.0,23.0,23.0,17.0,13.0,19.0,18.0,22.0,30.0,31.0,19.0,9.0,17.0,12.0,9.0,7.0,10.0,12.0,13.0,15.0,17.0,26.0,15.0
Prospect Lefferts Gardens,Brooklyn,neighborhood,3.0,2.0,3.0,2.0,2.0,1.0,1.0,0.0,0.0,0.0,0.0,1.0,4.0,6.0,5.0,2.0,4.0,4.0,2.0,3.0,1.0,3.0,5.0,3.0,4.0,6.0,9.0,8.0,9.0,6.0,6.0,6.0,5.0,4.0,2.0,2.0,2.0,4.0,5.0,8.0,11.0,12.0,16.0,22.0,10.0,8.0,3.0,5.0,8.0,12.0,13.0,16.0,15.0,16.0,27.0,23.0,22.0,22.0,34.0,45.0,42.0,44.0,55.0,63.0,63.0,49.0,32.0,34.0,23.0,19.0,22.0,17.0,17.0,22.0,29.0,34.0,36.0,36.0,46.0,66.0,70.0,64.0,78.0,76.0,83.0,76.0,63.0,53.0,52.0,63.0,77.0,46.0,34.0,37.0,57.0,50.0,46.0,61.0,64.0,85.0,104.0,117.0,97.0,63.0,56.0,72.0,84.0,85.0,76.0,83.0,116.0,97.0,128.0,90.0,70.0,65.0,47.0,42.0,37.0,27.0,32.0,38.0,38.0,38.0,76.0,91.0,120.0,112.0,109.0,102.0,96.0,81.0,79.0,75.0,59.0,64.0,93.0,107.0,88.0,99.0,70.0,52.0,46.0,54.0,43.0,38.0,49.0,46.0,48.0,64.0,55.0,44.0,31.0,51.0,56.0,38.0,55.0,36.0,42.0,33.0,51.0,86.0,63.0,67.0,58.0,58.0,61.0,53.0,39.0,50.0,72.0,59.0,73.0,65.0,72.0,63.0,56.0,49.0,44.0,38.0,39.0,33.0,41.0,39.0,64.0,73.0,81.0,71.0,41.0,41.0,36.0,25.0,30.0,27.0,31.0,34.0,38.0,60.0,60.0,35.0
Prospect Park South,Brooklyn,neighborhood,0.0,0.0,0.0,0.0,0.0,0.0,0.0,1.0,1.0,1.0,1.0,1.0,1.0,2.0,1.0,1.0,2.0,2.0,2.0,2.0,0.0,0.0,0.0,1.0,1.0,1.0,0.0,0.0,1.0,4.0,2.0,0.0,0.0,0.0,0.0,1.0,10.0,7.0,0.0,1.0,1.0,1.0,2.0,3.0,1.0,5.0,8.0,8.0,5.0,4.0,7.0,9.0,6.0,3.0,7.0,9.0,22.0,22.0,17.0,21.0,17.0,14.0,16.0,15.0,16.0,16.0,19.0,23.0,15.0,12.0,11.0,12.0,14.0,23.0,20.0,14.0,15.0,20.0,36.0,30.0,24.0,20.0,24.0,25.0,31.0,24.0,27.0,33.0,35.0,39.0,31.0,20.0,25.0,24.0,30.0,30.0,39.0,28.0,26.0,29.0,20.0,43.0,26.0,46.0,38.0,33.0,41.0,49.0,62.0,51.0,50.0,61.0,81.0,50.0,27.0,37.0,30.0,7.0,9.0,18.0,14.0,15.0,17.0,13.0,30.0,24.0,37.0,50.0,48.0,46.0,46.0,39.0,34.0,21.0,21.0,24.0,37.0,43.0,38.0,33.0,28.0,29.0,30.0,27.0,15.0,5.0,9.0,8.0,7.0,16.0,10.0,11.0,12.0,17.0,22.0,22.0,14.0,10.0,8.0,7.0,10.0,12.0,11.0,22.0,13.0,8.0,7.0,12.0,11.0,7.0,8.0,9.0,8.0,10.0,15.0,11.0,13.0,5.0,6.0,8.0,9.0,11.0,15.0,8.0,8.0,11.0,9.0,10.0,10.0,4.0,8.0,16.0,18.0,9.0,12.0,14.0,15.0,9.0,7.0,6.0
Queens,Queens,borough,77.0,75.0,73.0,54.0,56.0,52.0,42.0,42.0,38.0,36.0,38.0,57.0,60.0,65.0,47.0,54.0,75.0,82.0,81.0,92.0,75.0,87.0,92.0,78.0,79.0,73.0,89.0,94.0,86.0,101.0,126.0,108.0,86.0,94.0,89.0,110.0,117.0,120.0,121.0,143.0,138.0,115.0,144.0,144.0,159.0,223.0,264.0,260.0,274.0,274.0,308.0,384.0,423.0,400.0,311.0,343.0,343.0,350.0,457.0,521.0,471.0,498.0,554.0,578.0,705.0,693.0,619.0,543.0,528.0,645.0,609.0,498.0,461.0,525.0,589.0,639.0,753.0,737.0,767.0,758.0,774.0,763.0,735.0,762.0,909.0,967.0,1085.0,1070.0,1265.0,1475.0,1507.0,834.0,807.0,813.0,755.0,641.0,708.0,795.0,897.0,941.0,1028.0,1064.0,1083.0,1041.0,919.0,956.0,848.0,736.0,770.0,772.0,907.0,916.0,951.0,1011.0,1083.0,999.0,813.0,778.0,652.0,541.0,636.0,613.0,525.0,400.0,601.0,917.0,1209.0,1285.0,1227.0,1215.0,1088.0,964.0,1088.0,953.0,1038.0,964.0,1049.0,1062.0,941.0,966.0,847.0,848.0,844.0,663.0,634.0,571.0,689.0,655.0,652.0,675.0,589.0,710.0,712.0,684.0,663.0,573.0,659.0,568.0,663.0,612.0,690.0,698.0,773.0,796.0,705.0,755.0,785.0,636.0,646.0,642.0,626.0,618.0,662.0,726.0,831.0,766.0,705.0,711.0,660.0,580.0,598.0,530.0,595.0,637.0,668.0,684.0,699.0,633.0,625.0,587.0,532.0,473.0,429.0,379.0,467.0,511.0,611.0,661.0,675.0,672.0
Queens Village,Queens,neighborhood,0.0,0.0,0.0,0.0,0.0,0.0,0.0,0.0,0.0,0.0,0.0,0.0,0.0,0.0,0.0,0.0,0.0,0.0,0.0,0.0,0.0,0.0,0.0,0.0,0.0,0.0,0.0,0.0,0.0,0.0,0.0,0.0,0.0,0.0,0.0,0.0,0.0,0.0,0.0,0.0,0.0,0.0,0.0,0.0,0.0,0.0,0.0,1.0,1.0,1.0,1.0,1.0,1.0,1.0,0.0,2.0,1.0,3.0,1.0,2.0,2.0,0.0,0.0,0.0,0.0,0.0,0.0,0.0,1.0,2.0,2.0,1.0,0.0,1.0,1.0,1.0,4.0,2.0,3.0,2.0,2.0,3.0,3.0,2.0,1.0,2.0,1.0,1.0,0.0,3.0,3.0,1.0,0.0,2.0,0.0,0.0,0.0,1.0,1.0,1.0,0.0,1.0,1.0,1.0,2.0,2.0,1.0,0.0,0.0,0.0,0.0,0.0,2.0,3.0,1.0,0.0,3.0,4.0,4.0,2.0,3.0,6.0,5.0,3.0,3.0,4.0,5.0,3.0,4.0,4.0,3.0,3.0,3.0,2.0,1.0,1.0,2.0,2.0,3.0,2.0,3.0,4.0,3.0,3.0,5.0,4.0,4.0,2.0,1.0,1.0,1.0,0.0,1.0,0.0,1.0,2.0,1.0,1.0,3.0,1.0,2.0,2.0,4.0,5.0,2.0,0.0,1.0,3.0,2.0,1.0,2.0,1.0,0.0,2.0,3.0,2.0,1.0,1.0,1.0,1.0,1.0,0.0,1.0,1.0,2.0,2.0,3.0,3.0,3.0,1.0,0.0,1.0,3.0,1.0,0.0,1.0,0.0,1.0,2.0,2.0
Red Hook,Brooklyn,neighborhood,1.0,1.0,0.0,0.0,0.0,0.0,1.0,1.0,5.0,6.0,5.0,2.0,1.0,2.0,2.0,2.0,2.0,3.0,3.0,2.0,1.0,2.0,2.0,3.0,0.0,0.0,0.0,0.0,3.0,3.0,6.0,3.0,2.0,4.0,5.0,8.0,10.0,8.0,4.0,6.0,15.0,13.0,6.0,4.0,5.0,6.0,5.0,6.0,5.0,7.0,5.0,2.0,6.0,8.0,6.0,3.0,1.0,2.0,2.0,2.0,4.0,4.0,1.0,4.0,4.0,6.0,4.0,2.0,3.0,15.0,18.0,18.0,26.0,22.0,15.0,16.0,18.0,17.0,14.0,8.0,10.0,7.0,6.0,5.0,6.0,6.0,11.0,13.0,8.0,10.0,14.0,15.0,15.0,16.0,13.0,5.0,8.0,12.0,16.0,12.0,13.0,8.0,9.0,10.0,6.0,6.0,8.0,5.0,12.0,8.0,10.0,12.0,12.0,10.0,9.0,8.0,10.0,14.0,12.0,5.0,3.0,3.0,2.0,2.0,8.0,11.0,11.0,10.0,10.0,8.0,6.0,8.0,8.0,13.0,8.0,6.0,3.0,2.0,2.0,3.0,0.0,10.0,12.0,3.0,4.0,1.0,3.0,2.0,3.0,2.0,5.0,4.0,1.0,3.0,3.0,2.0,5.0,6.0,2.0,0.0,1.0,3.0,1.0,3.0,4.0,5.0,6.0,4.0,5.0,6.0,10.0,8.0,10.0,12.0,11.0,9.0,5.0,3.0,6.0,7.0,10.0,3.0,1.0,4.0,5.0,6.0,12.0,18.0,22.0,16.0,11.0,12.0,12.0,9.0,6.0,6.0,8.0,11.0,9.0,7.0
Rego Park,Queens,neighborhood,4.0,3.0,3.0,3.0,4.0,5.0,4.0,4.0,2.0,1.0,1.0,2.0,4.0,5.0,5.0,4.0,6.0,8.0,6.0,3.0,2.0,4.0,5.0,4.0,3.0,2.0,3.0,4.0,2.0,3.0,5.0,4.0,3.0,2.0,1.0,0.0,1.0,1.0,3.0,2.0,2.0,2.0,5.0,2.0,3.0,3.0,4.0,4.0,3.0,1.0,2.0,3.0,3.0,4.0,4.0,6.0,8.0,3.0,7.0,21.0,13.0,7.0,7.0,4.0,9.0,8.0,8.0,18.0,19.0,15.0,17.0,17.0,10.0,17.0,19.0,17.0,23.0,25.0,18.0,15.0,17.0,15.0,14.0,14.0,20.0,16.0,17.0,24.0,23.0,29.0,26.0,27.0,18.0,26.0,19.0,18.0,20.0,21.0,20.0,24.0,18.0,16.0,21.0,17.0,17.0,19.0,19.0,18.0,21.0,22.0,31.0,27.0,24.0,23.0,31.0,33.0,23.0,17.0,17.0,17.0,13.0,7.0,7.0,5.0,11.0,18.0,10.0,16.0,16.0,16.0,16.0,11.0,20.0,19.0,22.0,21.0,9.0,7.0,16.0,19.0,25.0,18.0,22.0,24.0,8.0,9.0,12.0,9.0,19.0,15.0,19.0,25.0,18.0,31.0,23.0,15.0,18.0,17.0,18.0,12.0,13.0,11.0,17.0,18.0,15.0,12.0,8.0,8.0,11.0,15.0,13.0,15.0,12.0,10.0,13.0,11.0,10.0,10.0,9.0,9.0,12.0,13.0,16.0,10.0,10.0,11.0,6.0,6.0,8.0,9.0,7.0,4.0,7.0,6.0,5.0,7.0,14.0,13.0,13.0,16.0
Richmond Hill,Queens,neighborhood,0.0,0.0,0.0,0.0,0.0,0.0,0.0,0.0,0.0,0.0,0.0,0.0,0.0,0.0,0.0,0.0,0.0,0.0,0.0,0.0,0.0,0.0,0.0,0.0,0.0,0.0,0.0,0.0,0.0,0.0,0.0,0.0,0.0,0.0,0.0,0.0,1.0,1.0,0.0,0.0,0.0,0.0,0.0,0.0,1.0,1.0,0.0,1.0,1.0,0.0,0.0,0.0,0.0,1.0,1.0,2.0,0.0,0.0,0.0,0.0,1.0,1.0,1.0,0.0,0.0,0.0,0.0,1.0,2.0,3.0,4.0,3.0,2.0,4.0,5.0,3.0,1.0,1.0,1.0,0.0,1.0,1.0,2.0,2.0,3.0,3.0,3.0,2.0,3.0,3.0,1.0,1.0,1.0,1.0,1.0,1.0,2.0,2.0,5.0,4.0,1.0,0.0,2.0,3.0,4.0,2.0,1.0,3.0,4.0,1.0,1.0,1.0,3.0,4.0,3.0,2.0,1.0,2.0,4.0,1.0,2.0,3.0,3.0,0.0,2.0,5.0,3.0,3.0,1.0,3.0,2.0,1.0,3.0,3.0,3.0,5.0,3.0,4.0,3.0,9.0,4.0,2.0,2.0,3.0,1.0,1.0,1.0,5.0,7.0,6.0,7.0,5.0,6.0,6.0,8.0,6.0,4.0,1.0,2.0,0.0,4.0,6.0,1.0,1.0,1.0,3.0,3.0,4.0,6.0,5.0,6.0,5.0,3.0,2.0,0.0,2.0,2.0,2.0,3.0,5.0,5.0,6.0,5.0,2.0,2.0,3.0,3.0,0.0,2.0,3.0,2.0,2.0,0.0,1.0,1.0,1.0,2.0,0.0,4.0,7.0
Ridgewood,Queens,neighborhood,1.0,1.0,1.0,2.0,1.0,0.0,0.0,0.0,0.0,0.0,0.0,0.0,0.0,0.0,0.0,0.0,0.0,0.0,0.0,0.0,0.0,3.0,5.0,2.0,2.0,11.0,8.0,10.0,2.0,6.0,7.0,7.0,1.0,7.0,5.0,5.0,6.0,5.0,4.0,5.0,4.0,2.0,4.0,4.0,4.0,42.0,40.0,31.0,24.0,20.0,21.0,22.0,33.0,21.0,26.0,29.0,24.0,29.0,40.0,48.0,42.0,37.0,60.0,68.0,117.0,122.0,92.0,88.0,106.0,137.0,131.0,92.0,97.0,132.0,141.0,137.0,179.0,195.0,206.0,201.0,175.0,157.0,151.0,168.0,191.0,187.0,249.0,238.0,295.0,343.0,324.0,190.0,189.0,153.0,159.0,164.0,188.0,202.0,249.0,261.0,294.0,290.0,299.0,287.0,236.0,265.0,225.0,158.0,176.0,162.0,218.0,213.0,230.0,268.0,231.0,193.0,140.0,105.0,88.0,72.0,114.0,92.0,82.0,63.0,123.0,190.0,290.0,345.0,295.0,224.0,201.0,167.0,203.0,189.0,219.0,216.0,257.0,301.0,302.0,268.0,168.0,164.0,149.0,112.0,105.0,105.0,121.0,103.0,108.0,130.0,109.0,176.0,165.0,139.0,119.0,96.0,79.0,58.0,77.0,67.0,92.0,115.0,141.0,122.0,118.0,123.0,126.0,99.0,82.0,95.0,79.0,91.0,146.0,171.0,174.0,165.0,155.0,139.0,107.0,84.0,66.0,63.0,78.0,94.0,126.0,138.0,154.0,121.0,100.0,111.0,101.0,105.0,54.0,36.0,72.0,95.0,154.0,171.0,117.0,106.0
Riverdale,Bronx,neighborhood,14.0,15.0,14.0,13.0,17.0,15.0,14.0,12.0,12.0,16.0,18.0,18.0,19.0,10.0,12.0,13.0,17.0,20.0,22.0,25.0,19.0,24.0,22.0,20.0,22.0,19.0,18.0,25.0,23.0,20.0,22.0,21.0,22.0,23.0,21.0,16.0,15.0,13.0,16.0,21.0,23.0,25.0,27.0,30.0,29.0,28.0,33.0,30.0,32.0,29.0,33.0,36.0,37.0,50.0,47.0,43.0,40.0,31.0,35.0,43.0,55.0,43.0,33.0,32.0,23.0,27.0,35.0,28.0,31.0,27.0,23.0,20.0,24.0,23.0,26.0,27.0,29.0,32.0,37.0,41.0,42.0,39.0,46.0,44.0,46.0,49.0,47.0,46.0,45.0,44.0,46.0,30.0,30.0,37.0,31.0,31.0,35.0,39.0,44.0,55.0,55.0,48.0,63.0,46.0,41.0,58.0,62.0,61.0,76.0,68.0,64.0,56.0,45.0,42.0,53.0,48.0,40.0,46.0,49.0,43.0,40.0,38.0,39.0,33.0,43.0,43.0,47.0,47.0,44.0,43.0,42.0,40.0,41.0,41.0,31.0,30.0,29.0,44.0,48.0,45.0,35.0,42.0,35.0,32.0,30.0,37.0,47.0,45.0,51.0,63.0,53.0,50.0,46.0,53.0,49.0,30.0,31.0,28.0,36.0,32.0,27.0,39.0,45.0,51.0,45.0,31.0,36.0,29.0,34.0,26.0,25.0,33.0,24.0,24.0,31.0,28.0,25.0,34.0,30.0,27.0,28.0,32.0,48.0,47.0,40.0,41.0,29.0,29.0,20.0,26.0,30.0,22.0,21.0,20.0,20.0,17.0,15.0,22.0,29.0,30.0
Rockaway All,Queens,neighborhood,2.0,3.0,2.0,2.0,2.0,0.0,0.0,0.0,0.0,0.0,0.0,1.0,1.0,1.0,2.0,1.0,2.0,2.0,1.0,1.0,1.0,0.0,1.0,1.0,3.0,2.0,2.0,1.0,0.0,1.0,1.0,1.0,2.0,1.0,0.0,0.0,0.0,1.0,2.0,2.0,2.0,3.0,3.0,2.0,2.0,9.0,9.0,11.0,9.0,8.0,6.0,6.0,4.0,6.0,6.0,13.0,10.0,10.0,10.0,11.0,10.0,8.0,9.0,13.0,9.0,8.0,8.0,5.0,5.0,10.0,4.0,1.0,3.0,4.0,3.0,8.0,19.0,16.0,14.0,13.0,8.0,9.0,11.0,7.0,8.0,13.0,12.0,12.0,16.0,16.0,15.0,3.0,6.0,10.0,10.0,4.0,6.0,11.0,14.0,17.0,15.0,17.0,19.0,17.0,17.0,22.0,28.0,22.0,16.0,19.0,23.0,22.0,20.0,27.0,20.0,18.0,25.0,22.0,16.0,16.0,22.0,16.0,15.0,12.0,18.0,14.0,15.0,13.0,9.0,11.0,10.0,9.0,8.0,10.0,7.0,9.0,9.0,10.0,11.0,13.0,11.0,19.0,15.0,17.0,18.0,18.0,16.0,23.0,22.0,20.0,16.0,21.0,20.0,21.0,15.0,13.0,17.0,14.0,14.0,10.0,8.0,13.0,9.0,14.0,15.0,19.0,21.0,19.0,20.0,12.0,19.0,19.0,17.0,16.0,15.0,15.0,16.0,16.0,13.0,11.0,16.0,16.0,19.0,25.0,16.0,21.0,26.0,13.0,9.0,13.0,11.0,12.0,14.0,17.0,14.0,14.0,17.0,12.0,9.0,7.0
Roosevelt Island,Manhattan,neighborhood,7.0,11.0,10.0,11.0,5.0,4.0,4.0,6.0,5.0,5.0,3.0,4.0,3.0,3.0,4.0,6.0,7.0,8.0,7.0,8.0,8.0,9.0,5.0,5.0,4.0,7.0,5.0,6.0,5.0,5.0,5.0,3.0,2.0,1.0,5.0,5.0,5.0,2.0,3.0,3.0,11.0,7.0,6.0,8.0,12.0,10.0,8.0,6.0,7.0,6.0,3.0,7.0,5.0,6.0,7.0,9.0,5.0,8.0,5.0,6.0,4.0,6.0,8.0,4.0,5.0,7.0,6.0,9.0,9.0,7.0,6.0,5.0,4.0,5.0,16.0,7.0,9.0,8.0,8.0,5.0,8.0,7.0,10.0,8.0,17.0,15.0,14.0,11.0,9.0,7.0,3.0,5.0,3.0,6.0,6.0,7.0,6.0,11.0,12.0,10.0,14.0,18.0,18.0,21.0,27.0,27.0,20.0,22.0,23.0,21.0,17.0,18.0,23.0,24.0,16.0,12.0,7.0,5.0,5.0,7.0,12.0,9.0,7.0,8.0,10.0,14.0,19.0,16.0,15.0,14.0,12.0,11.0,13.0,10.0,10.0,14.0,12.0,18.0,21.0,11.0,7.0,8.0,5.0,3.0,5.0,3.0,5.0,10.0,10.0,12.0,12.0,14.0,10.0,11.0,11.0,13.0,11.0,10.0,12.0,5.0,3.0,12.0,14.0,13.0,11.0,22.0,7.0,5.0,9.0,9.0,5.0,8.0,6.0,7.0,8.0,9.0,7.0,6.0,7.0,5.0,9.0,6.0,8.0,9.0,8.0,9.0,12.0,12.0,14.0,10.0,7.0,6.0,4.0,4.0,6.0,8.0,10.0,10.0,10.0,7.0
Rosedale,Queens,neighborhood,0.0,0.0,0.0,0.0,0.0,0.0,0.0,0.0,0.0,0.0,0.0,0.0,0.0,0.0,0.0,0.0,0.0,0.0,0.0,0.0,0.0,0.0,0.0,0.0,0.0,0.0,0.0,0.0,0.0,0.0,0.0,0.0,0.0,0.0,0.0,0.0,0.0,0.0,0.0,0.0,0.0,0.0,0.0,0.0,0.0,0.0,1.0,1.0,1.0,0.0,1.0,1.0,0.0,1.0,1.0,1.0,0.0,0.0,0.0,1.0,0.0,0.0,0.0,0.0,0.0,0.0,1.0,2.0,1.0,1.0,2.0,4.0,3.0,3.0,2.0,4.0,2.0,0.0,1.0,2.0,6.0,3.0,1.0,1.0,2.0,3.0,3.0,1.0,4.0,6.0,4.0,1.0,1.0,1.0,1.0,1.0,2.0,0.0,1.0,0.0,0.0,2.0,2.0,3.0,3.0,4.0,1.0,2.0,1.0,0.0,0.0,3.0,3.0,2.0,1.0,1.0,1.0,1.0,0.0,1.0,1.0,0.0,0.0,1.0,1.0,1.0,1.0,0.0,0.0,2.0,2.0,0.0,0.0,0.0,2.0,2.0,1.0,1.0,1.0,1.0,0.0,4.0,2.0,2.0,2.0,0.0,0.0,0.0,0.0,0.0,3.0,4.0,6.0,2.0,3.0,0.0,2.0,3.0,1.0,1.0,3.0,1.0,2.0,1.0,0.0,1.0,0.0,0.0,1.0,2.0,4.0,3.0,3.0,2.0,2.0,3.0,2.0,4.0,6.0,5.0,3.0,0.0,2.0,3.0,3.0,2.0,0.0,0.0,0.0,2.0,4.0,1.0,0.0,0.0,1.0,1.0,0.0,0.0,0.0,1.0
Schuylerville,Bronx,neighborhood,1.0,1.0,1.0,1.0,0.0,0.0,0.0,0.0,0.0,0.0,0.0,0.0,0.0,0.0,0.0,0.0,0.0,0.0,0.0,0.0,0.0,0.0,0.0,0.0,0.0,0.0,0.0,0.0,0.0,0.0,0.0,0.0,1.0,1.0,1.0,1.0,0.0,0.0,0.0,0.0,1.0,0.0,0.0,1.0,1.0,0.0,0.0,0.0,0.0,0.0,0.0,0.0,0.0,0.0,0.0,0.0,0.0,0.0,0.0,1.0,1.0,0.0,0.0,0.0,0.0,1.0,1.0,1.0,2.0,2.0,1.0,1.0,3.0,0.0,0.0,1.0,3.0,2.0,2.0,2.0,3.0,1.0,1.0,1.0,3.0,4.0,3.0,2.0,2.0,2.0,1.0,0.0,1.0,0.0,0.0,0.0,0.0,0.0,0.0,0.0,1.0,0.0,3.0,5.0,2.0,2.0,0.0,1.0,1.0,1.0,1.0,2.0,2.0,4.0,5.0,4.0,3.0,1.0,2.0,3.0,1.0,0.0,0.0,1.0,3.0,3.0,2.0,2.0,1.0,0.0,0.0,1.0,3.0,2.0,2.0,1.0,0.0,6.0,4.0,5.0,2.0,2.0,0.0,1.0,0.0,1.0,1.0,1.0,0.0,0.0,0.0,0.0,1.0,2.0,1.0,2.0,1.0,3.0,2.0,4.0,2.0,0.0,0.0,0.0,1.0,1.0,0.0,0.0,0.0,0.0,0.0,0.0,0.0,1.0,0.0,1.0,0.0,0.0,0.0,1.0,1.0,1.0,0.0,0.0,0.0,0.0,3.0,1.0,2.0,0.0,1.0,0.0,0.0,1.0,2.0,2.0,0.0,0.0,0.0,0.0
Seagate,Brooklyn,neighborhood,0.0,0.0,0.0,0.0,0.0,0.0,0.0,0.0,0.0,0.0,0.0,0.0,0.0,0.0,0.0,0.0,0.0,0.0,0.0,0.0,0.0,0.0,0.0,0.0,0.0,0.0,0.0,0.0,0.0,0.0,0.0,0.0,0.0,0.0,0.0,0.0,0.0,0.0,0.0,0.0,0.0,0.0,0.0,0.0,0.0,0.0,0.0,0.0,0.0,0.0,0.0,1.0,1.0,0.0,0.0,0.0,0.0,0.0,0.0,0.0,0.0,0.0,0.0,0.0,0.0,0.0,0.0,0.0,0.0,2.0,1.0,0.0,0.0,0.0,0.0,0.0,1.0,2.0,2.0,2.0,2.0,1.0,1.0,1.0,1.0,0.0,0.0,0.0,2.0,2.0,1.0,0.0,1.0,3.0,0.0,1.0,0.0,1.0,1.0,3.0,4.0,2.0,1.0,0.0,1.0,2.0,1.0,1.0,1.0,0.0,0.0,0.0,1.0,1.0,1.0,0.0,0.0,0.0,0.0,0.0,1.0,1.0,1.0,0.0,0.0,0.0,1.0,0.0,0.0,1.0,1.0,1.0,1.0,0.0,1.0,1.0,1.0,0.0,1.0,1.0,3.0,2.0,1.0,0.0,0.0,0.0,0.0,0.0,0.0,0.0,1.0,0.0,2.0,1.0,2.0,2.0,3.0,4.0,1.0,0.0,0.0,0.0,0.0,1.0,1.0,0.0,1.0,1.0,3.0,1.0,1.0,2.0,3.0,3.0,4.0,3.0,1.0,0.0,0.0,2.0,0.0,0.0,0.0,1.0,0.0,1.0,0.0,0.0,0.0,0.0,0.0,0.0,0.0,0.0,0.0,0.0,1.0,1.0,0.0,0.0
Sheepshead Bay,Brooklyn,neighborhood,1.0,1.0,1.0,2.0,2.0,1.0,0.0,1.0,1.0,1.0,2.0,2.0,2.0,3.0,6.0,6.0,5.0,6.0,4.0,4.0,5.0,4.0,2.0,1.0,1.0,4.0,6.0,5.0,0.0,0.0,0.0,2.0,1.0,0.0,3.0,5.0,4.0,5.0,1.0,1.0,3.0,4.0,9.0,10.0,9.0,8.0,7.0,9.0,7.0,12.0,11.0,9.0,6.0,10.0,14.0,16.0,21.0,13.0,10.0,15.0,18.0,15.0,17.0,18.0,25.0,16.0,10.0,11.0,18.0,29.0,24.0,18.0,25.0,14.0,16.0,17.0,26.0,24.0,21.0,17.0,21.0,17.0,19.0,26.0,27.0,42.0,54.0,45.0,43.0,43.0,37.0,19.0,9.0,10.0,9.0,15.0,13.0,16.0,22.0,24.0,33.0,31.0,27.0,21.0,26.0,24.0,26.0,27.0,17.0,21.0,31.0,29.0,39.0,30.0,31.0,33.0,35.0,13.0,12.0,21.0,28.0,21.0,20.0,14.0,20.0,21.0,23.0,17.0,18.0,17.0,22.0,22.0,23.0,26.0,26.0,24.0,22.0,19.0,14.0,16.0,15.0,26.0,15.0,10.0,14.0,17.0,24.0,17.0,27.0,19.0,22.0,14.0,18.0,17.0,12.0,21.0,18.0,18.0,16.0,10.0,8.0,9.0,7.0,9.0,11.0,17.0,12.0,17.0,18.0,13.0,14.0,12.0,13.0,16.0,14.0,12.0,12.0,13.0,12.0,10.0,6.0,4.0,13.0,15.0,9.0,5.0,8.0,11.0,12.0,7.0,9.0,12.0,9.0,15.0,16.0,13.0,15.0,15.0,14.0,13.0
Soho,Manhattan,neighborhood,41.0,26.0,24.0,20.0,19.0,26.0,24.0,27.0,27.0,24.0,27.0,21.0,20.0,21.0,29.0,37.0,46.0,42.0,48.0,48.0,43.0,44.0,44.0,36.0,34.0,28.0,25.0,32.0,46.0,51.0,56.0,55.0,36.0,38.0,36.0,32.0,50.0,54.0,65.0,71.0,60.0,48.0,61.0,70.0,61.0,37.0,31.0,27.0,28.0,24.0,34.0,49.0,61.0,47.0,61.0,58.0,43.0,43.0,36.0,34.0,33.0,31.0,39.0,46.0,56.0,63.0,70.0,59.0,40.0,40.0,45.0,55.0,54.0,44.0,43.0,64.0,67.0,69.0,88.0,75.0,76.0,68.0,72.0,66.0,64.0,59.0,52.0,59.0,71.0,70.0,84.0,80.0,60.0,66.0,58.0,46.0,41.0,44.0,52.0,55.0,72.0,73.0,80.0,89.0,58.0,44.0,34.0,35.0,30.0,31.0,38.0,51.0,59.0,59.0,59.0,54.0,51.0,46.0,32.0,22.0,25.0,22.0,22.0,28.0,60.0,82.0,114.0,141.0,125.0,111.0,110.0,98.0,86.0,67.0,65.0,53.0,55.0,46.0,49.0,50.0,31.0,34.0,32.0,27.0,22.0,25.0,34.0,34.0,44.0,54.0,56.0,53.0,42.0,43.0,42.0,43.0,46.0,42.0,39.0,42.0,57.0,80.0,80.0,94.0,77.0,56.0,63.0,42.0,46.0,41.0,49.0,64.0,75.0,87.0,83.0,65.0,58.0,44.0,40.0,25.0,29.0,25.0,35.0,40.0,49.0,44.0,52.0,46.0,32.0,33.0,26.0,26.0,23.0,21.0,30.0,34.0,40.0,48.0,51.0,37.0
Soundview,Bronx,neighborhood,0.0,0.0,0.0,0.0,0.0,0.0,0.0,0.0,0.0,0.0,0.0,0.0,0.0,0.0,0.0,0.0,0.0,0.0,0.0,1.0,1.0,1.0,1.0,1.0,0.0,0.0,0.0,0.0,0.0,0.0,0.0,0.0,0.0,0.0,0.0,1.0,2.0,1.0,1.0,0.0,0.0,0.0,0.0,0.0,1.0,1.0,0.0,0.0,0.0,1.0,1.0,0.0,0.0,0.0,0.0,0.0,0.0,1.0,2.0,4.0,4.0,5.0,6.0,4.0,3.0,1.0,2.0,2.0,2.0,1.0,0.0,1.0,1.0,0.0,1.0,1.0,1.0,2.0,5.0,5.0,4.0,3.0,5.0,4.0,5.0,5.0,8.0,6.0,8.0,5.0,6.0,2.0,4.0,4.0,1.0,1.0,0.0,0.0,1.0,4.0,5.0,2.0,3.0,5.0,4.0,4.0,5.0,5.0,3.0,3.0,7.0,11.0,6.0,3.0,2.0,5.0,3.0,9.0,13.0,6.0,8.0,9.0,5.0,4.0,4.0,2.0,3.0,6.0,3.0,5.0,8.0,8.0,5.0,4.0,5.0,5.0,4.0,1.0,2.0,3.0,3.0,4.0,5.0,9.0,8.0,8.0,2.0,2.0,4.0,2.0,5.0,7.0,6.0,4.0,4.0,2.0,5.0,3.0,3.0,3.0,2.0,1.0,0.0,1.0,1.0,1.0,2.0,0.0,5.0,4.0,4.0,5.0,10.0,7.0,3.0,3.0,4.0,6.0,3.0,4.0,4.0,3.0,4.0,4.0,3.0,3.0,3.0,1.0,5.0,5.0,7.0,5.0,3.0,4.0,4.0,5.0,8.0,2.0,1.0,1.0
South Jamaica,Queens,neighborhood,0.0,0.0,0.0,0.0,0.0,0.0,0.0,0.0,0.0,0.0,0.0,0.0,0.0,0.0,0.0,0.0,0.0,0.0,0.0,0.0,0.0,0.0,0.0,0.0,0.0,0.0,0.0,0.0,1.0,1.0,1.0,0.0,0.0,0.0,0.0,0.0,0.0,1.0,1.0,1.0,1.0,1.0,1.0,1.0,1.0,1.0,1.0,0.0,1.0,1.0,1.0,1.0,1.0,1.0,0.0,0.0,0.0,1.0,1.0,1.0,1.0,1.0,0.0,1.0,1.0,0.0,0.0,0.0,1.0,1.0,2.0,1.0,0.0,0.0,0.0,0.0,0.0,1.0,0.0,0.0,0.0,0.0,1.0,1.0,0.0,0.0,0.0,0.0,3.0,4.0,3.0,0.0,1.0,3.0,1.0,0.0,2.0,3.0,1.0,1.0,1.0,1.0,1.0,1.0,1.0,1.0,1.0,2.0,1.0,2.0,2.0,0.0,1.0,0.0,1.0,4.0,3.0,0.0,1.0,1.0,2.0,3.0,2.0,2.0,3.0,1.0,2.0,2.0,0.0,0.0,0.0,0.0,1.0,0.0,0.0,0.0,1.0,1.0,0.0,0.0,1.0,0.0,3.0,2.0,0.0,3.0,4.0,7.0,4.0,3.0,4.0,5.0,1.0,3.0,4.0,4.0,4.0,0.0,2.0,5.0,2.0,1.0,0.0,1.0,1.0,1.0,2.0,0.0,3.0,6.0,7.0,3.0,3.0,3.0,3.0,1.0,3.0,0.0,0.0,1.0,1.0,0.0,2.0,2.0,5.0,5.0,8.0,6.0,7.0,10.0,3.0,1.0,0.0,2.0,7.0,9.0,7.0,3.0,3.0,0.0
South Ozone Park,Queens,neighborhood,0.0,0.0,0.0,0.0,0.0,0.0,0.0,0.0,0.0,0.0,0.0,0.0,0.0,0.0,0.0,0.0,0.0,0.0,0.0,0.0,0.0,0.0,0.0,0.0,0.0,0.0,0.0,0.0,0.0,0.0,0.0,0.0,0.0,0.0,0.0,0.0,0.0,0.0,0.0,0.0,0.0,0.0,1.0,1.0,1.0,1.0,1.0,1.0,0.0,0.0,0.0,0.0,0.0,0.0,0.0,0.0,0.0,0.0,0.0,0.0,1.0,1.0,0.0,0.0,0.0,0.0,1.0,1.0,1.0,1.0,0.0,0.0,0.0,1.0,1.0,0.0,0.0,0.0,0.0,0.0,0.0,0.0,0.0,0.0,0.0,2.0,2.0,1.0,2.0,2.0,2.0,0.0,0.0,0.0,0.0,0.0,1.0,1.0,2.0,1.0,2.0,2.0,2.0,2.0,0.0,0.0,0.0,1.0,1.0,0.0,1.0,0.0,0.0,0.0,2.0,1.0,1.0,2.0,2.0,1.0,1.0,2.0,1.0,0.0,0.0,0.0,0.0,2.0,3.0,6.0,3.0,5.0,1.0,0.0,1.0,1.0,1.0,0.0,1.0,1.0,0.0,1.0,3.0,4.0,5.0,1.0,1.0,2.0,2.0,4.0,1.0,3.0,3.0,3.0,1.0,0.0,0.0,2.0,3.0,3.0,1.0,1.0,4.0,1.0,5.0,8.0,5.0,1.0,2.0,1.0,1.0,2.0,3.0,2.0,1.0,3.0,3.0,1.0,0.0,1.0,1.0,0.0,0.0,0.0,0.0,1.0,1.0,1.0,2.0,1.0,0.0,0.0,1.0,1.0,0.0,1.0,2.0,0.0,0.0,1.0
South Richmond Hill,Queens,neighborhood,0.0,0.0,0.0,0.0,0.0,0.0,0.0,0.0,0.0,0.0,0.0,0.0,0.0,0.0,0.0,0.0,0.0,0.0,0.0,0.0,0.0,0.0,0.0,0.0,0.0,0.0,0.0,0.0,0.0,0.0,0.0,0.0,0.0,0.0,0.0,0.0,0.0,0.0,0.0,0.0,0.0,0.0,0.0,0.0,0.0,0.0,0.0,0.0,0.0,0.0,1.0,3.0,2.0,0.0,0.0,0.0,0.0,0.0,0.0,0.0,0.0,1.0,1.0,1.0,1.0,1.0,1.0,0.0,0.0,0.0,0.0,0.0,0.0,0.0,2.0,3.0,2.0,1.0,2.0,2.0,1.0,0.0,0.0,1.0,0.0,0.0,1.0,1.0,1.0,3.0,1.0,0.0,1.0,1.0,1.0,1.0,0.0,1.0,0.0,2.0,2.0,1.0,1.0,1.0,2.0,2.0,1.0,2.0,2.0,1.0,2.0,2.0,3.0,2.0,2.0,0.0,1.0,2.0,4.0,4.0,4.0,2.0,1.0,0.0,1.0,1.0,1.0,2.0,0.0,2.0,1.0,1.0,2.0,2.0,1.0,1.0,0.0,1.0,1.0,1.0,1.0,2.0,4.0,2.0,2.0,3.0,4.0,3.0,0.0,0.0,0.0,1.0,1.0,1.0,2.0,2.0,1.0,1.0,1.0,2.0,0.0,0.0,1.0,0.0,0.0,0.0,0.0,2.0,3.0,1.0,1.0,0.0,1.0,0.0,3.0,1.0,1.0,1.0,0.0,1.0,3.0,1.0,2.0,2.0,0.0,0.0,0.0,1.0,3.0,1.0,1.0,0.0,1.0,0.0,1.0,2.0,1.0,1.0,1.0,1.0
Springfield Gardens,Queens,neighborhood,0.0,0.0,0.0,0.0,0.0,0.0,0.0,0.0,0.0,0.0,0.0,0.0,0.0,1.0,1.0,1.0,1.0,1.0,0.0,1.0,1.0,1.0,2.0,2.0,2.0,1.0,0.0,0.0,0.0,1.0,0.0,0.0,0.0,0.0,0.0,0.0,0.0,0.0,0.0,0.0,0.0,0.0,0.0,0.0,0.0,0.0,1.0,1.0,1.0,1.0,1.0,0.0,0.0,1.0,1.0,0.0,0.0,0.0,0.0,0.0,1.0,0.0,0.0,0.0,0.0,0.0,0.0,0.0,0.0,0.0,0.0,0.0,1.0,0.0,0.0,0.0,0.0,0.0,0.0,0.0,0.0,1.0,2.0,2.0,1.0,0.0,1.0,2.0,3.0,3.0,0.0,2.0,3.0,3.0,0.0,0.0,1.0,0.0,0.0,3.0,3.0,3.0,5.0,2.0,1.0,0.0,2.0,2.0,2.0,2.0,0.0,0.0,0.0,2.0,2.0,4.0,2.0,2.0,1.0,2.0,3.0,3.0,3.0,3.0,3.0,3.0,3.0,2.0,2.0,1.0,1.0,4.0,2.0,5.0,4.0,5.0,6.0,2.0,2.0,4.0,2.0,2.0,2.0,2.0,2.0,0.0,1.0,2.0,0.0,3.0,2.0,3.0,1.0,0.0,3.0,2.0,5.0,3.0,3.0,2.0,2.0,3.0,0.0,2.0,1.0,3.0,2.0,6.0,4.0,7.0,7.0,7.0,7.0,5.0,2.0,5.0,3.0,4.0,3.0,4.0,1.0,1.0,2.0,1.0,6.0,1.0,0.0,1.0,2.0,1.0,2.0,4.0,3.0,2.0,2.0,4.0,7.0,5.0,2.0,0.0
St. Albans,Queens,neighborhood,0.0,0.0,0.0,0.0,0.0,0.0,0.0,0.0,0.0,0.0,0.0,0.0,0.0,0.0,0.0,0.0,1.0,1.0,1.0,1.0,0.0,0.0,0.0,1.0,1.0,1.0,1.0,1.0,1.0,1.0,1.0,0.0,0.0,1.0,1.0,2.0,2.0,1.0,1.0,1.0,1.0,0.0,0.0,0.0,0.0,0.0,0.0,0.0,0.0,1.0,0.0,0.0,1.0,1.0,1.0,2.0,3.0,3.0,1.0,1.0,1.0,1.0,1.0,2.0,2.0,0.0,0.0,1.0,1.0,1.0,4.0,3.0,1.0,3.0,2.0,2.0,2.0,2.0,3.0,2.0,2.0,3.0,5.0,2.0,1.0,1.0,4.0,5.0,5.0,4.0,5.0,1.0,2.0,2.0,6.0,2.0,0.0,0.0,0.0,1.0,1.0,1.0,0.0,1.0,1.0,2.0,1.0,2.0,0.0,0.0,1.0,4.0,2.0,4.0,3.0,2.0,1.0,1.0,2.0,4.0,4.0,2.0,0.0,2.0,2.0,1.0,2.0,0.0,0.0,0.0,0.0,2.0,1.0,2.0,1.0,1.0,2.0,0.0,0.0,1.0,1.0,3.0,3.0,2.0,2.0,4.0,4.0,1.0,0.0,0.0,1.0,3.0,4.0,3.0,3.0,5.0,5.0,3.0,4.0,5.0,3.0,3.0,2.0,4.0,5.0,3.0,2.0,5.0,3.0,6.0,4.0,2.0,1.0,1.0,5.0,4.0,2.0,2.0,1.0,2.0,2.0,2.0,2.0,2.0,4.0,3.0,3.0,2.0,0.0,0.0,2.0,4.0,1.0,1.0,2.0,1.0,2.0,5.0,2.0,1.0
Staten Island,Staten Island,borough,1.0,1.0,1.0,1.0,1.0,1.0,1.0,1.0,2.0,2.0,3.0,3.0,3.0,2.0,2.0,2.0,3.0,2.0,3.0,1.0,2.0,2.0,1.0,2.0,1.0,1.0,2.0,2.0,1.0,2.0,0.0,1.0,1.0,3.0,2.0,1.0,0.0,0.0,4.0,4.0,5.0,6.0,5.0,5.0,1.0,2.0,8.0,10.0,9.0,10.0,12.0,12.0,17.0,18.0,22.0,19.0,19.0,18.0,22.0,25.0,24.0,26.0,20.0,23.0,23.0,18.0,19.0,21.0,20.0,21.0,24.0,25.0,26.0,28.0,31.0,30.0,32.0,34.0,29.0,33.0,39.0,36.0,36.0,34.0,28.0,28.0,34.0,40.0,46.0,33.0,23.0,8.0,9.0,6.0,12.0,18.0,22.0,25.0,19.0,17.0,21.0,18.0,12.0,19.0,16.0,26.0,24.0,21.0,25.0,19.0,20.0,20.0,18.0,11.0,16.0,12.0,14.0,12.0,12.0,6.0,6.0,11.0,14.0,4.0,12.0,9.0,13.0,4.0,4.0,7.0,8.0,12.0,9.0,13.0,8.0,12.0,16.0,12.0,16.0,16.0,12.0,16.0,14.0,18.0,14.0,13.0,15.0,12.0,15.0,15.0,24.0,30.0,34.0,25.0,31.0,25.0,20.0,25.0,23.0,25.0,17.0,16.0,11.0,20.0,17.0,14.0,16.0,17.0,23.0,14.0,16.0,17.0,14.0,14.0,17.0,21.0,16.0,21.0,17.0,15.0,19.0,15.0,15.0,7.0,9.0,13.0,18.0,19.0,21.0,21.0,19.0,13.0,14.0,10.0,13.0,13.0,13.0,21.0,12.0,13.0
Stuyvesant Town/PCV,Manhattan,neighborhood,0.0,0.0,0.0,0.0,1.0,2.0,2.0,0.0,0.0,0.0,0.0,0.0,1.0,0.0,0.0,0.0,0.0,0.0,0.0,0.0,0.0,0.0,0.0,0.0,0.0,0.0,0.0,0.0,0.0,0.0,6.0,8.0,8.0,6.0,4.0,4.0,7.0,5.0,5.0,3.0,3.0,1.0,0.0,0.0,0.0,6.0,6.0,0.0,4.0,12.0,14.0,30.0,20.0,11.0,9.0,9.0,8.0,4.0,1.0,5.0,2.0,3.0,5.0,11.0,33.0,16.0,21.0,23.0,18.0,15.0,12.0,9.0,15.0,14.0,12.0,14.0,16.0,15.0,20.0,17.0,11.0,15.0,10.0,12.0,19.0,10.0,12.0,13.0,12.0,25.0,28.0,37.0,34.0,22.0,19.0,13.0,19.0,10.0,10.0,12.0,21.0,20.0,14.0,34.0,38.0,36.0,21.0,17.0,3.0,6.0,9.0,12.0,7.0,5.0,3.0,7.0,1.0,2.0,1.0,0.0,0.0,2.0,1.0,2.0,5.0,15.0,12.0,17.0,11.0,13.0,9.0,10.0,9.0,5.0,5.0,10.0,5.0,9.0,20.0,14.0,9.0,9.0,8.0,8.0,4.0,6.0,5.0,3.0,4.0,1.0,0.0,3.0,9.0,8.0,6.0,6.0,16.0,26.0,18.0,17.0,22.0,28.0,21.0,26.0,17.0,26.0,12.0,20.0,24.0,13.0,13.0,12.0,17.0,10.0,22.0,15.0,15.0,13.0,11.0,16.0,17.0,15.0,15.0,14.0,19.0,23.0,23.0,21.0,20.0,21.0,18.0,25.0,18.0,18.0,12.0,9.0,13.0,20.0,14.0,5.0
Sunnyside,Queens,neighborhood,4.0,5.0,7.0,7.0,1.0,1.0,0.0,0.0,0.0,0.0,0.0,0.0,1.0,2.0,5.0,4.0,3.0,3.0,2.0,2.0,0.0,0.0,0.0,1.0,2.0,3.0,3.0,2.0,2.0,1.0,2.0,2.0,0.0,1.0,1.0,2.0,2.0,2.0,4.0,4.0,5.0,3.0,2.0,3.0,2.0,1.0,2.0,0.0,2.0,5.0,7.0,6.0,6.0,6.0,5.0,7.0,5.0,6.0,8.0,13.0,13.0,10.0,12.0,12.0,14.0,15.0,17.0,11.0,17.0,18.0,18.0,17.0,15.0,15.0,10.0,9.0,9.0,10.0,15.0,22.0,16.0,17.0,22.0,15.0,18.0,25.0,22.0,20.0,28.0,40.0,34.0,20.0,17.0,23.0,17.0,13.0,14.0,27.0,33.0,52.0,36.0,32.0,23.0,40.0,22.0,15.0,25.0,18.0,15.0,14.0,28.0,30.0,13.0,14.0,26.0,24.0,31.0,38.0,32.0,20.0,17.0,15.0,18.0,12.0,12.0,26.0,32.0,42.0,47.0,39.0,22.0,17.0,29.0,27.0,32.0,34.0,24.0,17.0,17.0,32.0,16.0,17.0,18.0,10.0,15.0,20.0,13.0,15.0,20.0,11.0,6.0,4.0,10.0,10.0,8.0,15.0,14.0,17.0,16.0,10.0,16.0,19.0,20.0,19.0,16.0,12.0,12.0,11.0,10.0,12.0,11.0,15.0,12.0,18.0,17.0,12.0,12.0,9.0,4.0,10.0,14.0,11.0,14.0,19.0,20.0,20.0,8.0,9.0,8.0,6.0,6.0,5.0,11.0,12.0,4.0,7.0,9.0,17.0,12.0,18.0
Sunset Park,Brooklyn,neighborhood,2.0,2.0,1.0,1.0,2.0,2.0,2.0,4.0,3.0,6.0,3.0,3.0,2.0,4.0,4.0,4.0,3.0,4.0,4.0,4.0,0.0,0.0,1.0,1.0,1.0,1.0,3.0,1.0,1.0,2.0,2.0,3.0,5.0,5.0,4.0,4.0,4.0,3.0,5.0,6.0,9.0,12.0,14.0,8.0,10.0,6.0,4.0,9.0,11.0,10.0,7.0,12.0,11.0,11.0,11.0,5.0,4.0,8.0,7.0,4.0,9.0,15.0,13.0,11.0,10.0,16.0,17.0,15.0,18.0,25.0,10.0,13.0,17.0,15.0,16.0,22.0,26.0,40.0,30.0,24.0,15.0,17.0,19.0,19.0,34.0,28.0,41.0,37.0,46.0,55.0,61.0,32.0,26.0,29.0,37.0,28.0,32.0,38.0,45.0,49.0,58.0,53.0,53.0,51.0,47.0,51.0,43.0,28.0,43.0,31.0,40.0,51.0,61.0,42.0,49.0,43.0,24.0,28.0,32.0,30.0,30.0,22.0,30.0,17.0,20.0,24.0,48.0,53.0,48.0,42.0,36.0,35.0,26.0,24.0,24.0,35.0,41.0,32.0,33.0,38.0,45.0,35.0,28.0,27.0,24.0,26.0,26.0,40.0,34.0,27.0,28.0,23.0,24.0,20.0,15.0,6.0,8.0,10.0,28.0,27.0,18.0,31.0,32.0,27.0,23.0,17.0,19.0,18.0,21.0,20.0,17.0,13.0,23.0,17.0,29.0,23.0,14.0,25.0,26.0,15.0,28.0,20.0,18.0,13.0,21.0,16.0,24.0,37.0,26.0,32.0,24.0,23.0,16.0,19.0,25.0,27.0,30.0,29.0,32.0,31.0
Throgs Neck,Bronx,neighborhood,1.0,1.0,1.0,2.0,2.0,1.0,1.0,1.0,2.0,1.0,1.0,1.0,1.0,1.0,3.0,2.0,0.0,0.0,0.0,0.0,0.0,1.0,1.0,1.0,1.0,1.0,1.0,0.0,0.0,1.0,2.0,4.0,3.0,2.0,2.0,0.0,1.0,1.0,1.0,1.0,1.0,1.0,1.0,2.0,1.0,1.0,0.0,0.0,0.0,0.0,0.0,0.0,0.0,0.0,0.0,0.0,0.0,0.0,0.0,0.0,0.0,1.0,5.0,5.0,7.0,9.0,6.0,8.0,9.0,10.0,9.0,7.0,5.0,3.0,3.0,1.0,3.0,2.0,3.0,2.0,3.0,2.0,3.0,1.0,1.0,3.0,3.0,2.0,4.0,4.0,3.0,2.0,3.0,3.0,5.0,5.0,7.0,3.0,3.0,3.0,2.0,6.0,6.0,5.0,5.0,8.0,11.0,7.0,3.0,3.0,5.0,6.0,14.0,5.0,4.0,2.0,5.0,8.0,8.0,6.0,5.0,2.0,4.0,3.0,3.0,8.0,4.0,0.0,1.0,3.0,1.0,0.0,1.0,4.0,3.0,3.0,4.0,5.0,3.0,5.0,6.0,4.0,6.0,1.0,2.0,6.0,6.0,5.0,2.0,5.0,9.0,8.0,7.0,4.0,3.0,6.0,8.0,6.0,7.0,6.0,3.0,2.0,3.0,0.0,1.0,3.0,5.0,4.0,3.0,3.0,4.0,1.0,1.0,0.0,2.0,1.0,5.0,2.0,3.0,6.0,5.0,4.0,6.0,8.0,11.0,7.0,4.0,0.0,3.0,8.0,6.0,9.0,5.0,6.0,6.0,3.0,3.0,9.0,7.0,5.0
Tremont,Bronx,neighborhood,0.0,0.0,0.0,0.0,0.0,0.0,0.0,0.0,0.0,0.0,0.0,0.0,0.0,0.0,0.0,0.0,0.0,1.0,1.0,0.0,0.0,0.0,0.0,0.0,0.0,0.0,0.0,0.0,0.0,1.0,1.0,0.0,0.0,0.0,0.0,0.0,0.0,0.0,0.0,0.0,0.0,1.0,2.0,1.0,1.0,0.0,0.0,0.0,0.0,0.0,0.0,0.0,0.0,0.0,2.0,2.0,2.0,3.0,3.0,2.0,3.0,2.0,1.0,4.0,3.0,3.0,6.0,4.0,1.0,5.0,7.0,4.0,5.0,6.0,6.0,4.0,8.0,7.0,5.0,10.0,6.0,5.0,4.0,2.0,1.0,1.0,3.0,5.0,6.0,2.0,0.0,1.0,2.0,2.0,3.0,2.0,3.0,4.0,3.0,2.0,1.0,1.0,2.0,9.0,8.0,11.0,7.0,2.0,3.0,4.0,2.0,1.0,2.0,5.0,4.0,3.0,1.0,0.0,0.0,0.0,2.0,0.0,2.0,1.0,3.0,2.0,1.0,1.0,0.0,1.0,0.0,1.0,1.0,3.0,3.0,1.0,1.0,3.0,4.0,2.0,3.0,2.0,2.0,2.0,3.0,4.0,2.0,1.0,3.0,3.0,2.0,2.0,2.0,1.0,2.0,4.0,9.0,4.0,3.0,2.0,5.0,9.0,1.0,2.0,2.0,2.0,3.0,2.0,1.0,1.0,1.0,1.0,2.0,0.0,1.0,3.0,2.0,1.0,3.0,3.0,0.0,0.0,1.0,2.0,0.0,2.0,0.0,0.0,0.0,0.0,1.0,1.0,1.0,0.0,0.0,1.0,2.0,1.0,2.0,1.0
Tribeca,Manhattan,neighborhood,59.0,60.0,63.0,63.0,71.0,71.0,48.0,33.0,35.0,32.0,28.0,25.0,28.0,32.0,44.0,42.0,55.0,67.0,78.0,72.0,63.0,69.0,67.0,55.0,63.0,66.0,66.0,74.0,77.0,56.0,62.0,57.0,61.0,64.0,46.0,41.0,48.0,46.0,42.0,54.0,71.0,65.0,67.0,68.0,68.0,60.0,47.0,39.0,41.0,53.0,66.0,73.0,81.0,87.0,80.0,85.0,87.0,72.0,55.0,54.0,60.0,55.0,72.0,63.0,71.0,82.0,78.0,68.0,67.0,72.0,61.0,55.0,54.0,63.0,69.0,74.0,110.0,136.0,136.0,125.0,139.0,115.0,123.0,107.0,111.0,109.0,128.0,126.0,158.0,154.0,130.0,108.0,112.0,123.0,121.0,99.0,97.0,81.0,77.0,73.0,89.0,101.0,89.0,96.0,88.0,80.0,74.0,64.0,77.0,59.0,71.0,92.0,141.0,128.0,110.0,105.0,104.0,100.0,84.0,72.0,73.0,70.0,77.0,59.0,95.0,151.0,203.0,220.0,241.0,215.0,186.0,168.0,142.0,116.0,81.0,74.0,75.0,84.0,61.0,55.0,45.0,39.0,44.0,42.0,35.0,37.0,43.0,42.0,54.0,71.0,83.0,85.0,94.0,103.0,94.0,77.0,79.0,69.0,79.0,87.0,122.0,113.0,126.0,128.0,107.0,109.0,98.0,77.0,79.0,75.0,71.0,54.0,72.0,85.0,103.0,96.0,97.0,74.0,70.0,61.0,66.0,64.0,60.0,67.0,86.0,78.0,90.0,80.0,66.0,50.0,61.0,54.0,49.0,44.0,56.0,51.0,53.0,86.0,87.0,92.0
University Heights,Bronx,neighborhood,0.0,0.0,0.0,0.0,0.0,0.0,0.0,0.0,0.0,0.0,0.0,0.0,0.0,0.0,0.0,0.0,0.0,0.0,0.0,0.0,0.0,0.0,0.0,0.0,0.0,0.0,1.0,1.0,1.0,0.0,1.0,2.0,1.0,1.0,1.0,1.0,0.0,0.0,1.0,0.0,0.0,0.0,1.0,0.0,1.0,1.0,1.0,1.0,3.0,3.0,1.0,0.0,0.0,0.0,0.0,2.0,2.0,3.0,3.0,3.0,3.0,3.0,3.0,4.0,4.0,6.0,5.0,3.0,4.0,3.0,5.0,3.0,1.0,2.0,5.0,5.0,6.0,7.0,7.0,3.0,4.0,6.0,6.0,6.0,7.0,8.0,13.0,10.0,7.0,9.0,9.0,9.0,5.0,7.0,7.0,8.0,6.0,3.0,6.0,4.0,7.0,6.0,9.0,6.0,3.0,5.0,5.0,5.0,7.0,7.0,9.0,12.0,13.0,9.0,8.0,3.0,7.0,8.0,8.0,8.0,6.0,2.0,3.0,1.0,2.0,0.0,1.0,3.0,3.0,5.0,3.0,4.0,5.0,4.0,5.0,6.0,3.0,3.0,5.0,6.0,4.0,6.0,11.0,12.0,7.0,7.0,6.0,5.0,4.0,3.0,4.0,2.0,1.0,2.0,4.0,2.0,2.0,2.0,6.0,4.0,2.0,1.0,3.0,6.0,2.0,3.0,4.0,3.0,1.0,3.0,4.0,6.0,2.0,0.0,1.0,1.0,1.0,1.0,2.0,0.0,2.0,5.0,5.0,5.0,6.0,1.0,5.0,7.0,4.0,8.0,5.0,3.0,3.0,2.0,1.0,3.0,3.0,4.0,2.0,2.0
Upper East Side,Manhattan,neighborhood,260.0,252.0,239.0,273.0,275.0,306.0,299.0,266.0,244.0,227.0,224.0,258.0,219.0,190.0,209.0,205.0,238.0,277.0,275.0,274.0,236.0,220.0,204.0,164.0,158.0,163.0,199.0,235.0,246.0,286.0,312.0,301.0,257.0,259.0,260.0,226.0,236.0,223.0,224.0,294.0,309.0,294.0,336.0,372.0,335.0,342.0,322.0,308.0,304.0,289.0,297.0,317.0,370.0,403.0,415.0,399.0,418.0,387.0,355.0,297.0,329.0,309.0,304.0,325.0,408.0,454.0,447.0,424.0,409.0,398.0,335.0,300.0,319.0,311.0,358.0,401.0,497.0,551.0,554.0,520.0,476.0,470.0,455.0,420.0,437.0,405.0,415.0,420.0,465.0,517.0,509.0,398.0,377.0,381.0,363.0,317.0,318.0,275.0,282.0,323.0,389.0,434.0,453.0,426.0,324.0,352.0,314.0,265.0,264.0,267.0,282.0,343.0,430.0,475.0,493.0,400.0,372.0,351.0,305.0,262.0,257.0,198.0,177.0,201.0,321.0,502.0,690.0,763.0,770.0,767.0,695.0,627.0,611.0,490.0,491.0,441.0,396.0,374.0,369.0,316.0,248.0,217.0,207.0,169.0,183.0,169.0,188.0,218.0,259.0,326.0,331.0,357.0,319.0,316.0,315.0,260.0,306.0,269.0,293.0,322.0,427.0,501.0,531.0,513.0,479.0,473.0,396.0,305.0,314.0,286.0,289.0,334.0,371.0,377.0,445.0,407.0,353.0,309.0,260.0,209.0,195.0,180.0,184.0,243.0,293.0,338.0,358.0,317.0,280.0,246.0,211.0,189.0,179.0,152.0,137.0,180.0,238.0,273.0,272.0,255.0
Upper West Side,Manhattan,neighborhood,253.0,244.0,238.0,281.0,254.0,273.0,256.0,226.0,184.0,199.0,186.0,195.0,193.0,185.0,194.0,187.0,225.0,244.0,270.0,269.0,269.0,276.0,243.0,235.0,208.0,216.0,203.0,198.0,255.0,289.0,296.0,311.0,274.0,262.0,259.0,254.0,266.0,264.0,261.0,278.0,319.0,334.0,357.0,361.0,318.0,322.0,294.0,288.0,304.0,283.0,300.0,298.0,342.0,419.0,449.0,413.0,373.0,384.0,298.0,261.0,285.0,308.0,325.0,332.0,395.0,497.0,511.0,502.0,474.0,419.0,390.0,367.0,366.0,366.0,392.0,414.0,469.0,541.0,528.0,539.0,504.0,464.0,430.0,374.0,368.0,350.0,367.0,373.0,442.0,492.0,525.0,473.0,454.0,443.0,372.0,310.0,338.0,318.0,302.0,370.0,403.0,438.0,468.0,477.0,424.0,410.0,360.0,320.0,315.0,277.0,317.0,339.0,392.0,438.0,495.0,461.0,410.0,360.0,314.0,258.0,285.0,257.0,243.0,232.0,390.0,599.0,781.0,834.0,784.0,791.0,639.0,564.0,544.0,472.0,455.0,406.0,423.0,423.0,408.0,363.0,286.0,237.0,190.0,175.0,170.0,160.0,192.0,211.0,258.0,314.0,360.0,360.0,322.0,287.0,269.0,239.0,252.0,254.0,314.0,304.0,378.0,444.0,487.0,455.0,400.0,377.0,355.0,287.0,307.0,269.0,261.0,292.0,401.0,437.0,473.0,397.0,362.0,325.0,292.0,244.0,243.0,197.0,193.0,243.0,318.0,393.0,408.0,357.0,326.0,264.0,216.0,189.0,184.0,170.0,186.0,197.0,220.0,298.0,343.0,296.0
Utopia,Queens,neighborhood,0.0,0.0,0.0,0.0,0.0,0.0,0.0,0.0,0.0,0.0,0.0,0.0,0.0,0.0,0.0,1.0,1.0,1.0,1.0,1.0,1.0,1.0,1.0,1.0,1.0,1.0,1.0,1.0,1.0,1.0,1.0,1.0,1.0,1.0,1.0,1.0,1.0,1.0,1.0,1.0,1.0,1.0,1.0,1.0,1.0,1.0,1.0,1.0,1.0,1.0,1.0,1.0,1.0,1.0,1.0,1.0,2.0,1.0,1.0,1.0,1.0,1.0,1.0,1.0,1.0,0.0,1.0,1.0,1.0,1.0,1.0,1.0,1.0,1.0,1.0,1.0,1.0,1.0,1.0,0.0,0.0,0.0,0.0,0.0,1.0,0.0,0.0,0.0,0.0,0.0,0.0,0.0,1.0,1.0,1.0,1.0,0.0,0.0,0.0,0.0,0.0,0.0,1.0,3.0,2.0,3.0,1.0,0.0,0.0,1.0,2.0,2.0,1.0,0.0,0.0,0.0,0.0,0.0,0.0,0.0,0.0,0.0,0.0,0.0,0.0,0.0,0.0,0.0,0.0,1.0,1.0,1.0,0.0,0.0,0.0,0.0,1.0,0.0,0.0,0.0,0.0,0.0,0.0,0.0,0.0,0.0,1.0,2.0,2.0,0.0,0.0,1.0,1.0,0.0,1.0,1.0,1.0,1.0,1.0,1.0,1.0,0.0,0.0,2.0,3.0,2.0,4.0,3.0,1.0,1.0,0.0,0.0,0.0,0.0,0.0,1.0,2.0,0.0,0.0,0.0,0.0,0.0,0.0,0.0,1.0,1.0,0.0,0.0,2.0,2.0,0.0,1.0,0.0,0.0,0.0,0.0,0.0,1.0,2.0,0.0
Van Nest,Bronx,neighborhood,0.0,0.0,1.0,1.0,0.0,0.0,0.0,1.0,1.0,1.0,1.0,1.0,1.0,1.0,1.0,0.0,0.0,0.0,0.0,0.0,0.0,0.0,0.0,0.0,0.0,0.0,0.0,0.0,0.0,0.0,0.0,0.0,0.0,0.0,0.0,0.0,0.0,0.0,0.0,0.0,1.0,1.0,0.0,0.0,0.0,0.0,0.0,0.0,0.0,0.0,0.0,0.0,0.0,0.0,0.0,0.0,0.0,0.0,1.0,1.0,0.0,0.0,0.0,0.0,0.0,0.0,0.0,0.0,0.0,0.0,1.0,3.0,3.0,4.0,4.0,1.0,0.0,1.0,3.0,2.0,2.0,2.0,0.0,1.0,3.0,8.0,8.0,7.0,6.0,3.0,3.0,2.0,3.0,3.0,1.0,3.0,6.0,6.0,5.0,3.0,3.0,2.0,0.0,2.0,2.0,1.0,0.0,5.0,2.0,2.0,4.0,3.0,5.0,3.0,1.0,2.0,1.0,1.0,2.0,3.0,2.0,3.0,0.0,0.0,2.0,4.0,4.0,3.0,2.0,0.0,0.0,0.0,0.0,1.0,1.0,1.0,1.0,0.0,4.0,2.0,0.0,0.0,1.0,0.0,2.0,5.0,3.0,5.0,6.0,2.0,1.0,0.0,1.0,1.0,1.0,2.0,1.0,0.0,1.0,3.0,4.0,2.0,1.0,3.0,1.0,0.0,2.0,0.0,0.0,2.0,2.0,0.0,0.0,1.0,0.0,1.0,2.0,4.0,4.0,2.0,1.0,2.0,1.0,2.0,2.0,3.0,0.0,1.0,2.0,3.0,2.0,2.0,2.0,3.0,2.0,2.0,2.0,2.0,4.0,4.0
Wakefield,Bronx,neighborhood,0.0,0.0,0.0,0.0,0.0,0.0,0.0,0.0,0.0,0.0,0.0,0.0,0.0,0.0,0.0,0.0,0.0,0.0,0.0,0.0,0.0,0.0,1.0,1.0,1.0,1.0,1.0,1.0,0.0,0.0,0.0,0.0,0.0,0.0,0.0,0.0,0.0,0.0,0.0,0.0,1.0,1.0,1.0,0.0,2.0,1.0,1.0,1.0,0.0,0.0,0.0,0.0,1.0,1.0,1.0,1.0,0.0,0.0,1.0,0.0,1.0,1.0,0.0,1.0,0.0,0.0,1.0,3.0,2.0,5.0,3.0,0.0,0.0,3.0,6.0,3.0,4.0,5.0,6.0,0.0,0.0,1.0,0.0,0.0,1.0,3.0,6.0,5.0,1.0,0.0,0.0,3.0,1.0,2.0,1.0,2.0,0.0,1.0,1.0,2.0,2.0,9.0,10.0,7.0,7.0,7.0,2.0,5.0,13.0,14.0,8.0,5.0,1.0,5.0,7.0,9.0,16.0,2.0,1.0,3.0,7.0,5.0,0.0,2.0,1.0,1.0,3.0,6.0,1.0,0.0,0.0,1.0,4.0,2.0,3.0,4.0,2.0,7.0,5.0,4.0,2.0,5.0,2.0,3.0,4.0,5.0,5.0,5.0,8.0,4.0,3.0,6.0,4.0,4.0,4.0,3.0,8.0,9.0,4.0,4.0,1.0,3.0,2.0,2.0,1.0,3.0,4.0,1.0,1.0,1.0,7.0,4.0,2.0,4.0,6.0,6.0,5.0,5.0,3.0,7.0,2.0,3.0,4.0,3.0,2.0,2.0,1.0,3.0,3.0,3.0,4.0,4.0,4.0,2.0,1.0,2.0,3.0,3.0,4.0,2.0
Washington Heights,Manhattan,neighborhood,35.0,36.0,35.0,28.0,27.0,38.0,36.0,29.0,21.0,26.0,24.0,34.0,41.0,36.0,32.0,31.0,36.0,27.0,23.0,25.0,18.0,19.0,30.0,38.0,32.0,30.0,38.0,32.0,34.0,41.0,60.0,65.0,52.0,50.0,61.0,71.0,76.0,74.0,87.0,107.0,117.0,94.0,95.0,82.0,58.0,56.0,57.0,60.0,67.0,74.0,90.0,91.0,101.0,97.0,126.0,128.0,137.0,157.0,162.0,181.0,188.0,185.0,206.0,217.0,206.0,169.0,180.0,179.0,168.0,164.0,153.0,163.0,151.0,172.0,184.0,199.0,212.0,242.0,279.0,297.0,218.0,198.0,237.0,280.0,296.0,249.0,246.0,237.0,258.0,277.0,305.0,201.0,155.0,181.0,158.0,153.0,168.0,163.0,196.0,166.0,197.0,227.0,269.0,243.0,185.0,248.0,247.0,192.0,188.0,199.0,217.0,190.0,208.0,228.0,257.0,243.0,164.0,147.0,145.0,135.0,118.0,97.0,94.0,76.0,113.0,187.0,270.0,351.0,332.0,325.0,302.0,250.0,217.0,229.0,230.0,238.0,256.0,311.0,309.0,335.0,293.0,252.0,230.0,233.0,235.0,206.0,214.0,184.0,215.0,237.0,212.0,165.0,137.0,124.0,106.0,96.0,109.0,107.0,126.0,122.0,148.0,183.0,175.0,193.0,152.0,114.0,122.0,127.0,143.0,137.0,118.0,114.0,144.0,144.0,155.0,132.0,110.0,99.0,100.0,92.0,117.0,104.0,104.0,112.0,142.0,134.0,142.0,110.0,104.0,101.0,84.0,92.0,87.0,71.0,69.0,73.0,75.0,89.0,107.0,112.0
West Harlem,Manhattan,neighborhood,12.0,10.0,12.0,11.0,9.0,10.0,10.0,7.0,0.0,8.0,13.0,12.0,9.0,9.0,10.0,9.0,12.0,12.0,4.0,4.0,3.0,3.0,4.0,3.0,3.0,3.0,4.0,2.0,3.0,4.0,4.0,9.0,4.0,3.0,6.0,7.0,13.0,10.0,8.0,7.0,12.0,16.0,25.0,16.0,12.0,14.0,11.0,11.0,17.0,16.0,20.0,17.0,18.0,16.0,26.0,22.0,19.0,18.0,20.0,20.0,22.0,24.0,26.0,35.0,33.0,31.0,30.0,32.0,23.0,13.0,13.0,15.0,13.0,14.0,15.0,17.0,20.0,29.0,37.0,36.0,51.0,38.0,34.0,28.0,27.0,22.0,34.0,48.0,45.0,27.0,38.0,32.0,23.0,21.0,20.0,16.0,19.0,20.0,30.0,41.0,46.0,29.0,45.0,49.0,34.0,45.0,31.0,24.0,29.0,16.0,16.0,19.0,25.0,30.0,35.0,34.0,14.0,20.0,26.0,20.0,16.0,19.0,17.0,12.0,21.0,36.0,57.0,67.0,74.0,69.0,53.0,46.0,46.0,47.0,42.0,46.0,54.0,36.0,38.0,54.0,40.0,25.0,22.0,23.0,23.0,11.0,10.0,15.0,25.0,24.0,26.0,19.0,10.0,9.0,11.0,14.0,19.0,35.0,40.0,48.0,39.0,25.0,33.0,34.0,19.0,14.0,19.0,20.0,13.0,15.0,17.0,15.0,21.0,24.0,29.0,24.0,16.0,13.0,9.0,9.0,6.0,8.0,10.0,15.0,20.0,26.0,36.0,25.0,21.0,23.0,20.0,22.0,21.0,22.0,30.0,27.0,19.0,31.0,36.0,37.0
West Village,Manhattan,neighborhood,37.0,45.0,39.0,56.0,34.0,33.0,29.0,36.0,30.0,26.0,20.0,26.0,27.0,20.0,27.0,29.0,32.0,36.0,51.0,46.0,37.0,28.0,20.0,19.0,23.0,24.0,27.0,30.0,39.0,42.0,61.0,47.0,38.0,34.0,32.0,32.0,37.0,31.0,32.0,44.0,65.0,53.0,52.0,51.0,45.0,40.0,27.0,31.0,33.0,35.0,42.0,50.0,51.0,46.0,52.0,47.0,37.0,27.0,27.0,27.0,24.0,25.0,32.0,42.0,63.0,83.0,59.0,50.0,53.0,49.0,45.0,45.0,46.0,39.0,47.0,56.0,75.0,83.0,76.0,76.0,61.0,51.0,42.0,39.0,45.0,46.0,57.0,77.0,90.0,115.0,117.0,95.0,82.0,67.0,47.0,35.0,41.0,41.0,37.0,55.0,77.0,88.0,99.0,78.0,52.0,52.0,48.0,43.0,50.0,50.0,69.0,95.0,119.0,112.0,103.0,81.0,51.0,55.0,44.0,43.0,48.0,41.0,42.0,54.0,90.0,131.0,178.0,185.0,175.0,143.0,120.0,97.0,89.0,71.0,63.0,69.0,68.0,61.0,52.0,47.0,33.0,33.0,28.0,22.0,36.0,33.0,32.0,45.0,63.0,55.0,72.0,66.0,53.0,48.0,49.0,46.0,53.0,56.0,64.0,71.0,80.0,89.0,102.0,86.0,65.0,62.0,58.0,58.0,62.0,52.0,58.0,74.0,93.0,72.0,81.0,78.0,59.0,44.0,36.0,37.0,44.0,40.0,39.0,57.0,69.0,72.0,60.0,51.0,42.0,33.0,27.0,29.0,29.0,40.0,55.0,55.0,73.0,98.0,86.0,68.0
Westchester Village,Bronx,neighborhood,0.0,0.0,0.0,0.0,0.0,0.0,0.0,0.0,0.0,0.0,0.0,0.0,0.0,0.0,0.0,0.0,0.0,0.0,0.0,0.0,0.0,0.0,0.0,0.0,0.0,0.0,0.0,0.0,0.0,0.0,0.0,0.0,0.0,0.0,0.0,0.0,0.0,0.0,0.0,0.0,0.0,0.0,0.0,0.0,0.0,0.0,0.0,0.0,0.0,0.0,0.0,0.0,0.0,0.0,0.0,0.0,0.0,0.0,0.0,0.0,0.0,0.0,0.0,1.0,2.0,1.0,2.0,2.0,0.0,0.0,0.0,2.0,1.0,1.0,1.0,2.0,2.0,0.0,0.0,0.0,0.0,0.0,0.0,0.0,0.0,0.0,0.0,1.0,1.0,1.0,0.0,0.0,0.0,0.0,0.0,0.0,0.0,2.0,4.0,3.0,2.0,1.0,0.0,0.0,0.0,0.0,0.0,1.0,3.0,0.0,0.0,0.0,1.0,2.0,0.0,1.0,1.0,0.0,0.0,2.0,3.0,1.0,1.0,1.0,1.0,2.0,2.0,0.0,1.0,0.0,0.0,2.0,4.0,5.0,4.0,0.0,0.0,0.0,0.0,0.0,0.0,1.0,1.0,0.0,1.0,1.0,0.0,0.0,0.0,0.0,0.0,2.0,0.0,0.0,1.0,1.0,1.0,2.0,1.0,0.0,1.0,0.0,0.0,0.0,2.0,2.0,0.0,0.0,1.0,2.0,2.0,1.0,0.0,0.0,0.0,1.0,0.0,1.0,1.0,0.0,0.0,0.0,0.0,0.0,0.0,0.0,0.0,0.0,0.0,0.0,1.0,0.0,1.0,1.0,1.0,0.0,0.0,0.0,0.0,1.0
Whitestone,Queens,neighborhood,3.0,3.0,3.0,2.0,1.0,0.0,0.0,0.0,0.0,0.0,0.0,2.0,2.0,4.0,4.0,4.0,5.0,5.0,4.0,3.0,4.0,4.0,4.0,3.0,4.0,3.0,2.0,3.0,5.0,6.0,8.0,8.0,7.0,8.0,10.0,10.0,8.0,7.0,5.0,4.0,4.0,3.0,2.0,2.0,2.0,2.0,6.0,13.0,10.0,3.0,3.0,4.0,5.0,4.0,4.0,7.0,7.0,1.0,5.0,9.0,10.0,6.0,4.0,3.0,5.0,2.0,2.0,2.0,1.0,30.0,8.0,7.0,7.0,12.0,20.0,14.0,12.0,10.0,6.0,8.0,6.0,8.0,6.0,5.0,13.0,18.0,13.0,8.0,9.0,11.0,12.0,4.0,2.0,2.0,4.0,4.0,3.0,4.0,2.0,6.0,8.0,7.0,6.0,1.0,0.0,3.0,3.0,6.0,6.0,7.0,8.0,8.0,5.0,3.0,7.0,6.0,6.0,7.0,3.0,5.0,6.0,3.0,1.0,1.0,3.0,3.0,9.0,7.0,8.0,4.0,1.0,4.0,7.0,3.0,5.0,5.0,11.0,4.0,9.0,12.0,13.0,6.0,5.0,2.0,4.0,2.0,3.0,5.0,6.0,8.0,7.0,9.0,10.0,10.0,8.0,5.0,6.0,12.0,10.0,8.0,6.0,7.0,5.0,4.0,4.0,5.0,5.0,4.0,3.0,3.0,8.0,9.0,7.0,5.0,0.0,4.0,3.0,8.0,8.0,2.0,7.0,10.0,10.0,9.0,5.0,0.0,7.0,5.0,4.0,7.0,9.0,10.0,8.0,10.0,8.0,12.0,15.0,14.0,13.0,17.0
Williamsbridge,Bronx,neighborhood,0.0,0.0,0.0,0.0,0.0,0.0,0.0,0.0,0.0,0.0,0.0,0.0,0.0,0.0,0.0,0.0,0.0,0.0,0.0,0.0,0.0,0.0,0.0,0.0,0.0,0.0,0.0,0.0,0.0,0.0,0.0,0.0,0.0,0.0,0.0,0.0,0.0,0.0,0.0,0.0,0.0,0.0,0.0,0.0,0.0,0.0,0.0,0.0,0.0,0.0,0.0,0.0,0.0,0.0,1.0,0.0,0.0,2.0,3.0,3.0,2.0,1.0,2.0,0.0,0.0,0.0,0.0,0.0,1.0,6.0,7.0,2.0,1.0,1.0,3.0,2.0,2.0,2.0,2.0,0.0,0.0,0.0,1.0,2.0,3.0,4.0,7.0,5.0,6.0,6.0,5.0,1.0,1.0,1.0,3.0,3.0,4.0,3.0,2.0,0.0,4.0,4.0,4.0,1.0,2.0,8.0,6.0,9.0,7.0,7.0,5.0,2.0,8.0,7.0,7.0,4.0,7.0,6.0,3.0,2.0,3.0,7.0,5.0,0.0,1.0,4.0,6.0,2.0,3.0,1.0,2.0,1.0,3.0,4.0,4.0,1.0,0.0,6.0,6.0,5.0,3.0,2.0,7.0,2.0,3.0,2.0,3.0,3.0,4.0,6.0,8.0,7.0,6.0,3.0,7.0,6.0,5.0,4.0,2.0,4.0,1.0,1.0,5.0,6.0,2.0,3.0,7.0,12.0,7.0,13.0,7.0,5.0,2.0,2.0,3.0,3.0,3.0,4.0,5.0,3.0,2.0,6.0,6.0,8.0,7.0,2.0,1.0,2.0,1.0,1.0,2.0,3.0,2.0,3.0,4.0,5.0,11.0,10.0,12.0,11.0
Williamsburg,Brooklyn,neighborhood,29.0,24.0,22.0,28.0,30.0,35.0,30.0,33.0,24.0,31.0,25.0,18.0,16.0,14.0,16.0,16.0,14.0,23.0,30.0,24.0,23.0,25.0,25.0,23.0,37.0,40.0,40.0,46.0,57.0,58.0,76.0,65.0,74.0,72.0,81.0,93.0,104.0,93.0,88.0,85.0,80.0,95.0,162.0,183.0,169.0,182.0,154.0,135.0,153.0,107.0,100.0,147.0,151.0,172.0,228.0,222.0,217.0,190.0,155.0,135.0,145.0,157.0,159.0,195.0,227.0,299.0,461.0,475.0,267.0,179.0,187.0,176.0,213.0,210.0,232.0,259.0,386.0,404.0,422.0,502.0,386.0,301.0,313.0,260.0,307.0,295.0,324.0,377.0,490.0,530.0,546.0,474.0,356.0,327.0,284.0,232.0,245.0,271.0,301.0,349.0,521.0,686.0,902.0,1041.0,780.0,793.0,605.0,594.0,674.0,498.0,444.0,448.0,445.0,423.0,440.0,456.0,290.0,226.0,192.0,154.0,177.0,216.0,222.0,270.0,595.0,812.0,1141.0,1139.0,998.0,842.0,764.0,745.0,740.0,627.0,744.0,790.0,664.0,546.0,531.0,502.0,257.0,229.0,224.0,270.0,253.0,206.0,240.0,209.0,228.0,296.0,338.0,321.0,290.0,240.0,279.0,251.0,289.0,185.0,244.0,268.0,372.0,403.0,464.0,438.0,349.0,294.0,271.0,229.0,260.0,230.0,304.0,310.0,375.0,411.0,482.0,508.0,464.0,356.0,298.0,218.0,225.0,222.0,228.0,269.0,322.0,382.0,452.0,353.0,274.0,221.0,218.0,170.0,149.0,166.0,237.0,241.0,253.0,275.0,352.0,307.0
Windsor Terrace,Brooklyn,neighborhood,4.0,4.0,3.0,1.0,0.0,0.0,2.0,6.0,5.0,1.0,5.0,7.0,8.0,4.0,4.0,3.0,5.0,9.0,7.0,4.0,1.0,3.0,3.0,2.0,2.0,4.0,5.0,3.0,3.0,6.0,6.0,4.0,8.0,13.0,8.0,3.0,3.0,4.0,4.0,6.0,6.0,10.0,8.0,13.0,17.0,16.0,19.0,12.0,13.0,10.0,12.0,9.0,11.0,13.0,11.0,9.0,11.0,8.0,12.0,13.0,18.0,23.0,16.0,19.0,14.0,18.0,18.0,16.0,19.0,15.0,10.0,11.0,14.0,14.0,19.0,23.0,23.0,19.0,20.0,23.0,23.0,19.0,10.0,11.0,18.0,16.0,17.0,23.0,25.0,26.0,27.0,23.0,23.0,15.0,8.0,9.0,11.0,12.0,14.0,21.0,19.0,18.0,19.0,28.0,16.0,18.0,24.0,13.0,14.0,16.0,18.0,16.0,28.0,32.0,30.0,34.0,21.0,16.0,6.0,5.0,5.0,2.0,4.0,7.0,7.0,18.0,27.0,29.0,38.0,32.0,28.0,17.0,10.0,13.0,15.0,13.0,9.0,12.0,13.0,7.0,10.0,10.0,9.0,8.0,6.0,4.0,7.0,5.0,4.0,9.0,14.0,18.0,6.0,5.0,7.0,5.0,3.0,3.0,3.0,3.0,7.0,15.0,12.0,6.0,5.0,2.0,1.0,2.0,5.0,9.0,7.0,8.0,8.0,11.0,17.0,21.0,14.0,10.0,6.0,4.0,2.0,7.0,8.0,6.0,9.0,10.0,13.0,16.0,12.0,8.0,6.0,1.0,2.0,6.0,5.0,5.0,3.0,5.0,15.0,9.0
Woodhaven,Queens,neighborhood,0.0,0.0,0.0,0.0,0.0,1.0,1.0,0.0,0.0,0.0,0.0,0.0,0.0,0.0,0.0,0.0,0.0,0.0,1.0,1.0,1.0,1.0,2.0,2.0,2.0,1.0,1.0,1.0,1.0,1.0,2.0,2.0,2.0,3.0,3.0,2.0,2.0,2.0,1.0,1.0,1.0,1.0,1.0,1.0,1.0,1.0,1.0,1.0,1.0,1.0,2.0,2.0,2.0,1.0,1.0,1.0,1.0,1.0,2.0,2.0,0.0,0.0,1.0,2.0,4.0,3.0,5.0,1.0,4.0,5.0,3.0,3.0,2.0,0.0,0.0,2.0,1.0,0.0,0.0,4.0,5.0,3.0,1.0,1.0,2.0,5.0,4.0,3.0,7.0,8.0,5.0,6.0,8.0,7.0,3.0,6.0,8.0,6.0,9.0,3.0,4.0,2.0,2.0,1.0,2.0,4.0,3.0,3.0,5.0,7.0,5.0,7.0,3.0,4.0,5.0,3.0,4.0,0.0,1.0,4.0,4.0,5.0,1.0,0.0,1.0,2.0,9.0,8.0,8.0,7.0,5.0,4.0,4.0,4.0,3.0,8.0,7.0,5.0,1.0,1.0,5.0,7.0,7.0,5.0,8.0,8.0,8.0,6.0,11.0,4.0,9.0,5.0,3.0,5.0,13.0,10.0,10.0,8.0,13.0,10.0,12.0,8.0,6.0,9.0,9.0,9.0,9.0,5.0,4.0,1.0,3.0,5.0,7.0,10.0,16.0,14.0,12.0,6.0,5.0,5.0,4.0,6.0,2.0,4.0,2.0,5.0,6.0,3.0,3.0,4.0,5.0,3.0,4.0,3.0,4.0,5.0,7.0,9.0,9.0,5.0
Woodlawn,Bronx,neighborhood,0.0,0.0,0.0,0.0,0.0,0.0,0.0,0.0,0.0,0.0,0.0,0.0,0.0,0.0,0.0,0.0,0.0,0.0,0.0,0.0,0.0,0.0,0.0,0.0,0.0,0.0,0.0,0.0,0.0,0.0,0.0,0.0,1.0,0.0,0.0,0.0,0.0,0.0,0.0,0.0,0.0,0.0,0.0,0.0,0.0,0.0,0.0,0.0,0.0,0.0,0.0,0.0,0.0,0.0,0.0,1.0,0.0,0.0,0.0,0.0,0.0,2.0,1.0,0.0,0.0,0.0,0.0,0.0,0.0,0.0,0.0,0.0,0.0,0.0,0.0,0.0,2.0,2.0,0.0,0.0,0.0,1.0,0.0,0.0,1.0,1.0,0.0,0.0,0.0,0.0,1.0,1.0,1.0,3.0,2.0,0.0,0.0,0.0,1.0,1.0,0.0,0.0,0.0,0.0,1.0,0.0,2.0,3.0,2.0,1.0,1.0,2.0,1.0,0.0,0.0,0.0,1.0,3.0,3.0,2.0,1.0,0.0,0.0,0.0,0.0,0.0,2.0,2.0,0.0,0.0,1.0,1.0,2.0,1.0,1.0,0.0,0.0,0.0,1.0,1.0,1.0,1.0,0.0,0.0,0.0,2.0,3.0,2.0,0.0,0.0,0.0,1.0,1.0,1.0,1.0,0.0,1.0,2.0,0.0,0.0,0.0,0.0,0.0,0.0,1.0,0.0,0.0,0.0,0.0,0.0,0.0,0.0,0.0,1.0,2.0,1.0,0.0,0.0,0.0,0.0,0.0,1.0,0.0,2.0,1.0,1.0,1.0,0.0,0.0,0.0,0.0,0.0,0.0,0.0,0.0,0.0,0.0,0.0,0.0,0.0
Woodside,Queens,neighborhood,0.0,0.0,0.0,0.0,0.0,0.0,0.0,0.0,0.0,0.0,0.0,0.0,1.0,1.0,0.0,0.0,1.0,2.0,2.0,4.0,2.0,2.0,3.0,4.0,3.0,1.0,0.0,0.0,0.0,2.0,3.0,2.0,2.0,1.0,2.0,2.0,2.0,1.0,2.0,2.0,1.0,0.0,0.0,0.0,2.0,1.0,6.0,5.0,5.0,4.0,1.0,1.0,6.0,7.0,7.0,10.0,15.0,15.0,17.0,11.0,11.0,13.0,9.0,3.0,4.0,8.0,12.0,10.0,12.0,13.0,10.0,6.0,4.0,8.0,10.0,18.0,14.0,15.0,17.0,17.0,18.0,15.0,17.0,21.0,32.0,20.0,26.0,28.0,30.0,29.0,35.0,27.0,30.0,27.0,14.0,7.0,24.0,27.0,26.0,29.0,29.0,37.0,24.0,23.0,25.0,28.0,24.0,21.0,15.0,12.0,13.0,17.0,15.0,22.0,26.0,22.0,26.0,31.0,20.0,16.0,17.0,22.0,25.0,13.0,14.0,23.0,31.0,38.0,31.0,34.0,29.0,21.0,22.0,20.0,32.0,26.0,39.0,30.0,17.0,24.0,24.0,21.0,17.0,6.0,15.0,9.0,19.0,15.0,12.0,4.0,7.0,14.0,23.0,14.0,13.0,10.0,17.0,24.0,20.0,16.0,16.0,16.0,15.0,21.0,11.0,20.0,28.0,23.0,40.0,22.0,20.0,19.0,21.0,11.0,23.0,23.0,18.0,26.0,18.0,14.0,14.0,17.0,17.0,27.0,26.0,26.0,17.0,15.0,20.0,19.0,15.0,22.0,23.0,18.0,21.0,17.0,11.0,13.0,26.0,28.0
Woodstock,Bronx,neighborhood,0.0,0.0,0.0,0.0,0.0,0.0,0.0,0.0,0.0,1.0,1.0,1.0,0.0,0.0,0.0,0.0,0.0,0.0,0.0,0.0,0.0,1.0,2.0,1.0,1.0,0.0,0.0,0.0,0.0,1.0,1.0,1.0,1.0,1.0,1.0,1.0,1.0,0.0,1.0,0.0,0.0,0.0,0.0,0.0,0.0,0.0,1.0,2.0,1.0,0.0,0.0,0.0,0.0,0.0,0.0,0.0,0.0,1.0,2.0,2.0,1.0,1.0,1.0,1.0,1.0,3.0,2.0,3.0,4.0,3.0,3.0,2.0,1.0,5.0,4.0,2.0,2.0,1.0,2.0,2.0,2.0,1.0,3.0,4.0,8.0,7.0,10.0,5.0,5.0,3.0,6.0,2.0,2.0,2.0,3.0,4.0,2.0,3.0,4.0,11.0,12.0,6.0,2.0,3.0,8.0,7.0,6.0,7.0,14.0,7.0,2.0,5.0,5.0,6.0,3.0,4.0,2.0,4.0,4.0,2.0,2.0,3.0,0.0,0.0,0.0,3.0,5.0,7.0,1.0,2.0,2.0,3.0,3.0,2.0,1.0,0.0,2.0,3.0,3.0,4.0,4.0,3.0,2.0,2.0,2.0,2.0,1.0,2.0,2.0,0.0,1.0,1.0,2.0,4.0,5.0,3.0,5.0,4.0,4.0,3.0,4.0,3.0,3.0,3.0,1.0,3.0,6.0,5.0,5.0,5.0,6.0,2.0,1.0,2.0,2.0,1.0,1.0,1.0,1.0,0.0,3.0,1.0,1.0,3.0,3.0,1.0,1.0,1.0,1.0,1.0,1.0,2.0,2.0,0.0,0.0,1.0,2.0,4.0,5.0,3.0
