{"type":"FeatureCollection","name":"bkcb6_parks_athletic_facilities","crs":{"type":"name","properties":{"name":"urn:ogc:def:crs:OGC:1.3:CRS84"}},"features":[{"type":"Feature","properties":{"layer":"park","name":"St. Mary's Park","gispropnum":"B118B","sign_name":"St. Mary's Park","feature_class":"PARK","subcategory":"Neighborhood Plgd","type_category":"Playground","borough":"B","communityboard":"306","acres":"0.367","address":"440 SMITH STREET","location":"Smith St. bet. Nelson St. and Huntington St.","waterfront":"False","included_reason":"intersects BKCB6 boundary","source_file":"Parks_Properties_20260421.geojson","facility_id":null,"sport":null,"facility_type":null,"status":null,"field_number":null,"surface_type":null,"accessible":null,"field_lighted":null,"zipcode":null},"geometry":{"type":"MultiPolygon","coordinates":[[[[-73.9972876730406,40.67600876309302],[-73.99754997789537,40.67608334961126],[-73.9977934658831,40.67556189523474],[-73.99753072159417,40.67548825749957],[-73.9972876730406,40.67600876309302]]]]}},{"type":"Feature","properties":{"layer":"park","name":"Admiral Triangle","gispropnum":"B210F","sign_name":"Admiral Triangle","feature_class":"PARK","subcategory":"Neighborhood Plgd","type_category":"Playground","borough":"B","communityboard":"306","acres":"0.433","address":"558 CLINTON STREET","location":"Hamilton Ave., Nelson St. Clinton St.","waterfront":"False","included_reason":"intersects BKCB6 boundary","source_file":"Parks_Properties_20260421.geojson","facility_id":null,"sport":null,"facility_type":null,"status":null,"field_number":null,"surface_type":null,"accessible":null,"field_lighted":null,"zipcode":null},"geometry":{"type":"MultiPolygon","coordinates":[[[[-74.00083742049672,40.67701179612154],[-74.00137239737056,40.67715918632332],[-74.00102984906486,40.67661239378169],[-74.00083742049672,40.67701179612154]]]]}},{"type":"Feature","properties":{"layer":"park","name":"Carroll Park","gispropnum":"B019","sign_name":"Carroll Park","feature_class":"PARK","subcategory":"Neighborhood Plgd","type_category":"Neighborhood Park","borough":"B","communityboard":"306","acres":"1.874","address":"375 COURT STREET","location":"Court St., Smith St., bet. Carroll St. and President St.","waterfront":"False","included_reason":"intersects BKCB6 boundary","source_file":"Parks_Properties_20260421.geojson","facility_id":null,"sport":null,"facility_type":null,"status":null,"field_number":null,"surface_type":null,"accessible":null,"field_lighted":null,"zipcode":null},"geometry":{"type":"MultiPolygon","coordinates":[[[[-73.99448698908022,40.680974882530734],[-73.99613129403394,40.68160868373135],[-73.99637391474644,40.681100765607525],[-73.99471358201185,40.68063923187904],[-73.99448698908022,40.680974882530734]]]]}},{"type":"Feature","properties":{"layer":"park","name":"Pirates Cove Garden","gispropnum":"B560","sign_name":"Pirate's Cove Garden","feature_class":"PARK","subcategory":null,"type_category":"Garden","borough":"B","communityboard":"306","acres":"0.032","address":"Columbia St. bet. Rapelye St. and Woodhull St.","location":"Columbia St. bet. Rapelye St. and Woodhull St.","waterfront":"False","included_reason":"intersects BKCB6 boundary","source_file":"Parks_Properties_20260421.geojson","facility_id":null,"sport":null,"facility_type":null,"status":null,"field_number":null,"surface_type":null,"accessible":null,"field_lighted":null,"zipcode":null},"geometry":{"type":"MultiPolygon","coordinates":[[[[-74.00405241030495,40.681378027811355],[-74.00430234096056,40.681447850911375],[-74.00432756028215,40.68139559222694],[-74.00407763452769,40.68132577098209],[-74.00405241030495,40.681378027811355]]]]}},{"type":"Feature","properties":{"layer":"park","name":"Harold Ickes Playground","gispropnum":"B210H","sign_name":"Harold Ickes Playground","feature_class":"PARK","subcategory":"Neighborhood Plgd","type_category":"Playground","borough":"B","communityboard":"306","acres":"1.816","address":"100 HAMILTON AVENUE","location":"Hamitlon Ave. ber. Van Brunt St. and Woodull St.","waterfront":"False","included_reason":"intersects BKCB6 boundary","source_file":"Parks_Properties_20260421.geojson","facility_id":null,"sport":null,"facility_type":null,"status":null,"field_number":null,"surface_type":null,"accessible":null,"field_lighted":null,"zipcode":null},"geometry":{"type":"MultiPolygon","coordinates":[[[[-74.00576643156036,40.682895880170705],[-74.00603745973133,40.68308161439442],[-74.00654205472814,40.682653895779964],[-74.0063649842811,40.682534024776984],[-74.00609957833363,40.68189294695532],[-74.00605655186914,40.68190792387761],[-74.00547027459058,40.68211199173269],[-74.00530182696154,40.682077364043714],[-74.00529909324221,40.682076858080684],[-74.00529547591361,40.68207655387346],[-74.00529230929843,40.68207661525408],[-74.00528922432669,40.68207697199954],[-74.00528612281926,40.68207764302505],[-74.00528294563628,40.68207869317045],[-74.0052802357135,40.682079936004286],[-74.00527786766179,40.6820813481191],[-74.00527530211238,40.68208334827855],[-74.00527359059525,40.68208508815031],[-74.0052720766413,40.682087070251214],[-74.00527093648479,40.6820890703453],[-74.00527019613226,40.68209087050694],[-74.00526971601207,40.68209260131705],[-74.00526973981194,40.68209439694109],[-74.00527048284508,40.68209657975326],[-74.00576643156036,40.682895880170705]],[[-74.00620553530946,40.68246810955319],[-74.0057577143759,40.68257734177538],[-74.00558678354868,40.682202241962116],[-74.0055643252051,40.682148113147576],[-74.00600590349998,40.68200944329101],[-74.00620553530946,40.68246810955319]]]]}},{"type":"Feature","properties":{"layer":"park","name":"Bartel-Pritchard Square","gispropnum":"B003","sign_name":"Bartel-Pritchard Square","feature_class":"PARK","subcategory":"Sitting Area/Triangle/Mall","type_category":"Triangle/Plaza","borough":"B","communityboard":"355","acres":"1.711","address":"Prospect Park W., 15 St.","location":"Prospect Park W., 15 St.","waterfront":"False","included_reason":"intersects BKCB6 boundary","source_file":"Parks_Properties_20260421.geojson","facility_id":null,"sport":null,"facility_type":null,"status":null,"field_number":null,"surface_type":null,"accessible":null,"field_lighted":null,"zipcode":null},"geometry":{"type":"MultiPolygon","coordinates":[[[[-73.97984506009364,40.661429377147904],[-73.97991604265872,40.66142591897312],[-73.97998586012218,40.661415577004725],[-73.98005336890347,40.66139852124415],[-73.98011745968594,40.661375031564255],[-73.98017707870484,40.66134549321013],[-73.98023124903577,40.66131039139911],[-73.98027907887578,40.66127030321693],[-73.98031978519744,40.661225885914405],[-73.98035269848096,40.661177869703536],[-73.9803772780911,40.661127042450474],[-73.98039312055704,40.6610742388705],[-73.98039996667018,40.66102032612027],[-73.98039770266959,40.660966189389676],[-73.98038636615715,40.660912716593735],[-73.98036614491647,40.660860787566364],[-73.9803373686393,40.660811254247776],[-73.98030051010981,40.660764929878916],[-73.98025617692986,40.660722574592235],[-73.98020509378361,40.66068488460306],[-73.98014810244112,40.66065247870256],[-73.9800861369283,40.66062588834836],[-73.98002021406938,40.66060555136012],[-73.97995141811825,40.66059180021066],[-73.97988087829256,40.66058486112198],[-73.97980975222139,40.66058484865967],[-73.9797392082101,40.66059176302844],[-73.97967040395687,40.66060549006838],[-73.97960446881595,40.6606258039532],[-73.979542487242,40.660652372590086],[-73.97948547632365,40.66068475851578],[-73.97943437040787,40.66072243059996],[-73.97939001163857,40.660764770346525],[-73.97935312512043,40.66081108179419],[-73.97932431891458,40.6608606050235],[-73.97930406629662,40.660912526959294],[-73.97929269747301,40.660965995776934],[-73.97929040075903,40.66102013170843],[-73.97929721429311,40.66107404685202],[-73.97931302484913,40.661126855978054],[-73.9793375737427,40.66117769183913],[-73.97937045800725,40.66122571957869],[-73.9794111374839,40.66127015114116],[-73.9794589430941,40.66131025608006],[-73.97951309220778,40.661345376870194],[-73.97957269337063,40.661374936113376],[-73.97963676995175,40.661398448250054],[-73.9797042684193,40.66141552766582],[-73.97977407962583,40.66142589409916],[-73.97984506009364,40.661429377147904]]]]}},{"type":"Feature","properties":{"layer":"park","name":"Red Hook Recreation Area","gispropnum":"B126","sign_name":"Red Hook Recreation Area","feature_class":"PARK","subcategory":"Large Park","type_category":"Community Park","borough":"B","communityboard":"306","acres":"58.503","address":"825 HENRY STREET","location":"Halleck St., Bush St. bet. Otsego St. and Court St.","waterfront":"True","included_reason":"intersects BKCB6 boundary","source_file":"Parks_Properties_20260421.geojson","facility_id":null,"sport":null,"facility_type":null,"status":null,"field_number":null,"surface_type":null,"accessible":null,"field_lighted":null,"zipcode":null},"geometry":{"type":"MultiPolygon","coordinates":[[[[-74.00342102840533,40.67179112362838],[-74.00414179771073,40.67199230025398],[-74.00547448985574,40.67236425909181],[-74.0082499871143,40.67313884723899],[-74.00846585768366,40.67268514843793],[-74.0084756906588,40.67266448449343],[-74.0084824408343,40.67264843951758],[-74.00848839346922,40.67262943640788],[-74.00849382126395,40.672603468752406],[-74.00849635669181,40.67257289247365],[-74.00849503195387,40.67254440657549],[-74.00849145251503,40.672521910170026],[-74.00848355652049,40.672493279773455],[-74.00833766194721,40.67199936596147],[-74.00833113174613,40.67197719755085],[-74.00832674630271,40.671958900299586],[-74.00832375329128,40.67194356204036],[-74.00832052289124,40.67192144111757],[-74.00831864688894,40.671900787936494],[-74.00831791186687,40.67186789577038],[-74.0083191672093,40.671843289100856],[-74.00832502107748,40.67180072132214],[-74.00833583517422,40.671757562445684],[-74.00834833920766,40.67172266117017],[-74.0083556475662,40.671706666588285],[-74.00910378157373,40.670142883854176],[-74.006970890944,40.669547635462116],[-74.00608847679436,40.671073937574945],[-74.00605163905219,40.67115135681982],[-74.00534918643322,40.67095530351454],[-74.00472265210212,40.670780432851004],[-74.00465252346898,40.67092544029023],[-74.00393590364736,40.67072518432225],[-74.00342102840533,40.67179112362838]]],[[[-74.00139361247379,40.67122521201732],[-74.00316910766193,40.67172080690693],[-74.0036917226995,40.67063885370614],[-74.0019162524296,40.67014326591747],[-74.00139361247379,40.67122521201732]]],[[[-74.00277824663644,40.673147656276015],[-74.00436249605725,40.67359027780572],[-74.00491994194297,40.6724368188389],[-74.00332635737726,40.671994589715055],[-74.00277824663644,40.673147656276015]]],[[[-74.00456260892514,40.67366148457415],[-74.0059439040935,40.67404455102034],[-74.00651201326299,40.67286312375608],[-74.00513485882068,40.67248106976788],[-74.00456260892514,40.67366148457415]]],[[[-74.00877586099494,40.672629199616196],[-74.00933795460445,40.672785492000024],[-74.01050755353823,40.67311069140518],[-74.01089149117877,40.67231526039052],[-74.0091685870203,40.67183855086936],[-74.00877586099494,40.672629199616196]]],[[[-74.00105736627373,40.67194434817333],[-74.00280265425529,40.67242985237349],[-74.00305709746448,40.671901867530806],[-74.00131030165649,40.671415944835594],[-74.00105736627373,40.67194434817333]]],[[[-74.00250036706265,40.67373036343194],[-74.00409775468694,40.674172190433886],[-74.00430584500646,40.67374033276005],[-74.00271183453212,40.673291938386996],[-74.00250036706265,40.67373036343194]]]]}},{"type":"Feature","properties":{"layer":"park","name":"St. Mary's Park","gispropnum":"B118A","sign_name":"St. Mary's Park","feature_class":"PARK","subcategory":"Neighborhood Plgd","type_category":"Recreational Field/Courts","borough":"B","communityboard":"306","acres":"0.345","address":"422 SMITH STREET","location":"Smith St. bet. Luquer St. and Nelson St.","waterfront":"False","included_reason":"intersects BKCB6 boundary","source_file":"Parks_Properties_20260421.geojson","facility_id":null,"sport":null,"facility_type":null,"status":null,"field_number":null,"surface_type":null,"accessible":null,"field_lighted":null,"zipcode":null},"geometry":{"type":"MultiPolygon","coordinates":[[[[-73.99697310394723,40.67665744104305],[-73.99721733087368,40.67672690210707],[-73.99746703821155,40.67620553866362],[-73.99722180284215,40.676135753915545],[-73.99697310394723,40.67665744104305]]]]}},{"type":"Feature","properties":{"layer":"park","name":"Dimattina Playground","gispropnum":"B223A","sign_name":"Dimattina Playground","feature_class":"PARK","subcategory":"Neighborhood Plgd","type_category":"Recreational Field/Courts","borough":"B","communityboard":"306","acres":"1.38","address":"100 RAPELYE STREET","location":"Rapelye St., Hicks St., Coles St.","waterfront":"False","included_reason":"intersects BKCB6 boundary","source_file":"Parks_Properties_20260421.geojson","facility_id":null,"sport":null,"facility_type":null,"status":null,"field_number":null,"surface_type":null,"accessible":null,"field_lighted":null,"zipcode":null},"geometry":{"type":"MultiPolygon","coordinates":[[[[-74.00300179905186,40.679434507924],[-74.00294936789605,40.679459857859825],[-74.00289790898464,40.679484727773016],[-74.00286056009388,40.67950499838621],[-74.0028236843682,40.67952636310056],[-74.00278770525912,40.67954861208648],[-74.00275265351854,40.67957170301984],[-74.00271858119088,40.679595613387455],[-74.00268550956673,40.679620329681924],[-74.00265316068365,40.67964607073547],[-74.00262206440212,40.67967135158847],[-74.00259244077326,40.67969714209098],[-74.00256397161847,40.67972367458387],[-74.00253670898279,40.679750919349935],[-74.00251066942606,40.67977885567777],[-74.00248588251893,40.67980744304445],[-74.00246206557304,40.67983706057339],[-74.00242473861402,40.6798840105826],[-74.00238947334509,40.67993141889842],[-74.00235604621967,40.67997958359755],[-74.00232401605672,40.68002919088248],[-74.00231195975665,40.68004698889072],[-74.00230114543928,40.680064290689444],[-74.00229107278065,40.68008185452204],[-74.0022731760961,40.68011768994427],[-74.00226539110386,40.68013590660213],[-74.00225837497608,40.68015432135753],[-74.0022521430892,40.680172890085025],[-74.00224206042742,40.680210440828574],[-74.00223500594265,40.68024949807277],[-74.00222767347032,40.68028839052761],[-74.00284388719793,40.680462199620756],[-74.00312536850349,40.679873405437135],[-74.003135984808,40.679851201165796],[-74.00314253941153,40.67983416505628],[-74.00315363649906,40.679798670979054],[-74.00316152209251,40.67976268080552],[-74.00316425245101,40.67974455607776],[-74.00316616663396,40.67972637463993],[-74.00316725754504,40.67970814009434],[-74.00316754647807,40.67968988846106],[-74.00316699674364,40.67967116768277],[-74.0031665336227,40.67965802288713],[-74.00316394906933,40.67963281035661],[-74.00315906624066,40.67960781041045],[-74.0031519194479,40.67958314551737],[-74.00314255364546,40.67955889041848],[-74.00313717702649,40.679547263123375],[-74.00311669650996,40.679509460986225],[-74.00309633549492,40.67947187766704],[-74.00307942666934,40.67944738953217],[-74.0030507928779,40.67941083121114],[-74.00300179905186,40.679434507924]]],[[[-74.00270638924076,40.679151857282974],[-74.00269971907272,40.67917874590016],[-74.00269129117585,40.67920534729389],[-74.00268112920239,40.67923159572565],[-74.0026692544391,40.679257424556496],[-74.00265279039144,40.67928777407432],[-74.00263273515395,40.679317043955095],[-74.00261086893055,40.67934568801588],[-74.00258023455814,40.679383201435755],[-74.00252693280363,40.67944240243577],[-74.002463937787,40.67951009456892],[-74.00241474254118,40.679564964854336],[-74.00235392615855,40.67963390229186],[-74.00232180109005,40.679670826735695],[-74.00225705916266,40.67975605450525],[-74.00224080633281,40.67978035880516],[-74.00223135224007,40.679795054482796],[-74.00221909611857,40.679814776884896],[-74.00219579511567,40.67985464490369],[-74.0021715337853,40.67990012584163],[-74.00215652191562,40.6799307931402],[-74.0021447296225,40.67995654626991],[-74.00212723051688,40.679998098127676],[-74.00212155442435,40.680012614523605],[-74.00211149390955,40.680041380738736],[-74.00209524882493,40.680090215027555],[-74.00204585230088,40.68023980215178],[-74.0020492601672,40.68024074042704],[-74.0020705142784,40.68017649375295],[-74.00208482914158,40.68013322107964],[-74.00210276320381,40.68007901159165],[-74.00211499756925,40.680042025442674],[-74.00212063809936,40.6800249786024],[-74.00213085008622,40.67999847087361],[-74.0021486058536,40.67995639130915],[-74.00217322659819,40.67990442126313],[-74.00219766415432,40.67985831176248],[-74.00222422729638,40.6798128875067],[-74.00223354653782,40.679797907269744],[-74.00224309998386,40.679783014377335],[-74.002259531414,40.67975838318688],[-74.002287132064,40.67971950023203],[-74.00230153031963,40.679700310884165],[-74.00232484817846,40.67967229271157],[-74.00235695195556,40.67963539528278],[-74.00241772457262,40.67956650737284],[-74.00246688433297,40.679511675809046],[-74.00252989472456,40.679443967464714],[-74.00258331002627,40.679384634085174],[-74.00261400945104,40.67934703601464],[-74.00263592298505,40.67931832891618],[-74.00265604209156,40.679288963578855],[-74.00267259839387,40.67925845556787],[-74.00268228627434,40.67923771919679],[-74.00268453702444,40.67923249075754],[-74.00269475695067,40.67920610544591],[-74.00270323215446,40.67917936357056],[-74.00270994016648,40.67915233267101],[-74.0027146704963,40.67912634641442],[-74.00271118460995,40.67912541446417],[-74.00270638924076,40.679151857282974]]],[[[-74.00356791160027,40.678167222957235],[-74.00353320277284,40.67823646008869],[-74.00388615656827,40.67832919990465],[-74.00388740667196,40.67832662529139],[-74.0035378985221,40.67823479129099],[-74.0035726085265,40.678165553257564],[-74.00335097293976,40.678107317346566],[-74.0033360116534,40.678137156330855],[-74.00333846971171,40.67813994965569],[-74.00335309629074,40.67811077886261],[-74.00356791160027,40.678167222957235]]],[[[-74.00244140074655,40.67866627249388],[-74.00241761570503,40.67871693143849],[-74.0023945580184,40.6787660405773],[-74.00236106251353,40.67883737822511],[-74.00233509280328,40.678892689254106],[-74.00233847931379,40.67889363022296],[-74.00245449640563,40.67864653473866],[-74.00245210696038,40.678643471239305],[-74.00244140074655,40.67866627249388]]]]}},{"type":"Feature","properties":{"layer":"park","name":"Boerum Park","gispropnum":"B361","sign_name":"Boerum Park","feature_class":"PARK","subcategory":"JOP","type_category":"Jointly Operated Playground","borough":"B","communityboard":"306","acres":"0.918","address":"364 WARREN STREET","location":"Warren St. to Baltic St. between Hoyt St. and Smith St.","waterfront":"False","included_reason":"intersects BKCB6 boundary","source_file":"Parks_Properties_20260421.geojson","facility_id":null,"sport":null,"facility_type":null,"status":null,"field_number":null,"surface_type":null,"accessible":null,"field_lighted":null,"zipcode":null},"geometry":{"type":"MultiPolygon","coordinates":[[[[-73.98983909685951,40.68477945476472],[-73.99046830904055,40.68502459874523],[-73.99080995618436,40.68452512593113],[-73.99018035700696,40.6842805528951],[-73.98983909685951,40.68477945476472]]]]}},{"type":"Feature","properties":{"layer":"park","name":"Cobble Hill Park","gispropnum":"B326","sign_name":"Cobble Hill Park","feature_class":"PARK","subcategory":"Neighborhood Plgd","type_category":"Neighborhood Park","borough":"B","communityboard":"306","acres":"0.585","address":"172 CONGRESS STREET","location":"Clinton St. between Verandah Pl. and Congress St.","waterfront":"False","included_reason":"intersects BKCB6 boundary","source_file":"Parks_Properties_20260421.geojson","facility_id":null,"sport":null,"facility_type":null,"status":null,"field_number":null,"surface_type":null,"accessible":null,"field_lighted":null,"zipcode":null},"geometry":{"type":"MultiPolygon","coordinates":[[[[-73.9954797752875,40.688193804919464],[-73.99646913350682,40.688466620351036],[-73.99656786297727,40.68825958900088],[-73.99559916546544,40.687944406044814],[-73.9954797752875,40.688193804919464]]]]}},{"type":"Feature","properties":{"layer":"park","name":"Coffey Park","gispropnum":"B077","sign_name":"Coffey Park","feature_class":"PARK","subcategory":"Large Park","type_category":"Neighborhood Park","borough":"B","communityboard":"306","acres":"8.271","address":"85 RICHARDS STREET","location":"Verona St. bet. Richard St. and Dwight St.","waterfront":"False","included_reason":"intersects BKCB6 boundary","source_file":"Parks_Properties_20260421.geojson","facility_id":null,"sport":null,"facility_type":null,"status":null,"field_number":null,"surface_type":null,"accessible":null,"field_lighted":null,"zipcode":null},"geometry":{"type":"MultiPolygon","coordinates":[[[[-74.0069323017119,40.677948432611615],[-74.00826795010447,40.678859525501814],[-74.00999478418517,40.677382984941346],[-74.0086576899044,40.67647660372451],[-74.0069323017119,40.677948432611615]]]]}},{"type":"Feature","properties":{"layer":"park","name":"Washington Skate Park","gispropnum":"B111A","sign_name":"Washington Skate Park","feature_class":"PARK","subcategory":"JOP","type_category":"Jointly Operated Playground","borough":"B","communityboard":"306","acres":"1.549","address":"364 5 AVENUE","location":"5 St., 4 St. bet. 4 Ave. and 5 Ave.","waterfront":"False","included_reason":"intersects BKCB6 boundary","source_file":"Parks_Properties_20260421.geojson","facility_id":null,"sport":null,"facility_type":null,"status":null,"field_number":null,"surface_type":null,"accessible":null,"field_lighted":null,"zipcode":null},"geometry":{"type":"MultiPolygon","coordinates":[[[[-73.98508748296607,40.672669430533055],[-73.9851177250841,40.67267624594564],[-73.98513248794114,40.67268157260047],[-73.98514619439207,40.67268792570423],[-73.98517363103389,40.6727056036541],[-73.98518548084022,40.67271621505004],[-73.98519536237316,40.672727769931406],[-73.9852075078209,40.67274926859124],[-73.98521225297016,40.6727651677961],[-73.98521410643971,40.67279127486881],[-73.98521345846977,40.67280118495463],[-73.9852127954306,40.67280437809609],[-73.98521043217207,40.672815745895434],[-73.98519855419691,40.67284136582461],[-73.98519062984981,40.672852120557636],[-73.9851759689183,40.67286694204913],[-73.98515536240559,40.67288159347488],[-73.98513702084439,40.672890842999294],[-73.98512372221764,40.67289589677246],[-73.98510612200835,40.672900814009516],[-73.98508162666911,40.67290472807667],[-73.98598096271728,40.67333771968801],[-73.98607416960941,40.67322642193983],[-73.98574909604613,40.67306833272803],[-73.98576733616451,40.67304655152539],[-73.9861535653264,40.67258535840595],[-73.98534822931263,40.67219530046894],[-73.98494607233975,40.67267310152741],[-73.9849541699531,40.67267555198785],[-73.98499559342801,40.67267792034941],[-73.98500933030691,40.67267512514001],[-73.9850184994206,40.672672566169794],[-73.98506493934694,40.67266748970019],[-73.98508748296607,40.672669430533055]]]]}},{"type":"Feature","properties":{"layer":"park","name":"Summit Street Community Garden","gispropnum":"B411","sign_name":"Summit Street Community Garden","feature_class":"PARK","subcategory":"Sitting Area/Triangle/Mall","type_category":"Garden","borough":"B","communityboard":"306","acres":"0.103","address":"281-285 COLUMBIA STREET","location":"Summit St. bet. Columbia St. and Hicks St.","waterfront":"False","included_reason":"intersects BKCB6 boundary","source_file":"Parks_Properties_20260421.geojson","facility_id":null,"sport":null,"facility_type":null,"status":null,"field_number":null,"surface_type":null,"accessible":null,"field_lighted":null,"zipcode":null},"geometry":{"type":"MultiPolygon","coordinates":[[[[-74.00344509328919,40.68248704425502],[-74.00377044959245,40.68257704043451],[-74.00384370428276,40.68242618029235],[-74.00359097993062,40.682355610665994],[-74.00357005903592,40.68239869281105],[-74.0035438061609,40.682452758686615],[-74.0034714586216,40.68243274606622],[-74.00344509328919,40.68248704425502]]]]}},{"type":"Feature","properties":{"layer":"park","name":"The Backyard","gispropnum":"B410","sign_name":"The Backyard","feature_class":"PARK","subcategory":"Greenthumb","type_category":"Garden","borough":"B","communityboard":"306","acres":"0.225","address":"71 HAMILTON AVENUE","location":"Hamilton Ave., Van Brunt St., Summit St.","waterfront":"False","included_reason":"intersects BKCB6 boundary","source_file":"Parks_Properties_20260421.geojson","facility_id":null,"sport":null,"facility_type":null,"status":null,"field_number":null,"surface_type":null,"accessible":null,"field_lighted":null,"zipcode":null},"geometry":{"type":"MultiPolygon","coordinates":[[[[-74.00533072358304,40.68316722605134],[-74.00536225606712,40.6831896275733],[-74.00538197290064,40.68320363414788],[-74.00542878133771,40.68323688612958],[-74.0054389171781,40.68324408616074],[-74.00549862498809,40.68328650113371],[-74.00555348852606,40.683325475445436],[-74.00555489510229,40.68332647494805],[-74.005611625468,40.683366775598834],[-74.0056020277003,40.68338631721963],[-74.00567989065723,40.683408001381004],[-74.0058187963295,40.683446683222115],[-74.0058390100645,40.68340552961046],[-74.00581167364042,40.68336169667588],[-74.00577831416575,40.68330820782579],[-74.00574738598034,40.683258614467775],[-74.00571693935512,40.6832097937182],[-74.005684509933,40.68315779514441],[-74.00565358188702,40.6831082008597],[-74.00562574644847,40.68306356734693],[-74.00533072358304,40.68316722605134]]]]}},{"type":"Feature","properties":{"layer":"park","name":"The Amazing Garden","gispropnum":"B409","sign_name":"The Amazing Garden","feature_class":"PARK","subcategory":"Greenthumb","type_category":"Garden","borough":"B","communityboard":"306","acres":"0.103","address":"265 COLUMBIA STREET","location":"Carroll St. and Columbia St.","waterfront":"False","included_reason":"intersects BKCB6 boundary","source_file":"Parks_Properties_20260421.geojson","facility_id":null,"sport":null,"facility_type":null,"status":null,"field_number":null,"surface_type":null,"accessible":null,"field_lighted":null,"zipcode":null},"geometry":{"type":"MultiPolygon","coordinates":[[[[-74.0032176416544,40.68307352411317],[-74.00319269877805,40.68312503150722],[-74.00316775704606,40.68317653889543],[-74.00344362820574,40.68325337182871],[-74.0034685697534,40.68320186438117],[-74.0034935124454,40.68315035692781],[-74.00352032508664,40.68309498620652],[-74.00324445449377,40.68301815345565],[-74.0032176416544,40.68307352411317]]]]}},{"type":"Feature","properties":{"layer":"park","name":"Human Compass Garden","gispropnum":"B408","sign_name":"Human Compass Garden","feature_class":"PARK","subcategory":"Greenthumb","type_category":"Garden","borough":"B","communityboard":"306","acres":"0.073","address":"207 COLUMBIA STREET","location":"Sackett St. and Columbia St.","waterfront":"False","included_reason":"intersects BKCB6 boundary","source_file":"Parks_Properties_20260421.geojson","facility_id":null,"sport":null,"facility_type":null,"status":null,"field_number":null,"surface_type":null,"accessible":null,"field_lighted":null,"zipcode":null},"geometry":{"type":"MultiPolygon","coordinates":[[[[-74.00230389555124,40.68482218374873],[-74.00228454745225,40.6848622606009],[-74.00235863386257,40.68488291959434],[-74.00262213972726,40.68495640212096],[-74.00264156808446,40.68491615501354],[-74.00266635827938,40.68486480174177],[-74.00232868715416,40.684770829648606],[-74.00230389555124,40.68482218374873]]]]}},{"type":"Feature","properties":{"layer":"park","name":"Gardens Of Union","gispropnum":"B399","sign_name":"Gardens Of Union","feature_class":"PARK","subcategory":"Greenthumb","type_category":"Garden","borough":"B","communityboard":"306","acres":"0.203","address":"636 UNION STREET","location":"Union St. between 4 Ave. and 5 Ave.","waterfront":"False","included_reason":"intersects BKCB6 boundary","source_file":"Parks_Properties_20260421.geojson","facility_id":null,"sport":null,"facility_type":null,"status":null,"field_number":null,"surface_type":null,"accessible":null,"field_lighted":null,"zipcode":null},"geometry":{"type":"MultiPolygon","coordinates":[[[[-73.98229892793522,40.67700810251741],[-73.98242053436311,40.67705495152748],[-73.98254516037284,40.6771029634313],[-73.98270436804555,40.67686964700798],[-73.98269763500132,40.67686705341378],[-73.98261285640515,40.676834392472884],[-73.98257974827075,40.67682163707714],[-73.98254015548098,40.67680638446128],[-73.98245814925255,40.67677479093671],[-73.98229892793522,40.67700810251741]]],[[[-73.98219490586021,40.67696802707106],[-73.98224341967588,40.67698671754663],[-73.98240264350176,40.67675340694298],[-73.98236135482465,40.67673750113284],[-73.98235413217627,40.676734718335375],[-73.98219490586021,40.67696802707106]]]]}},{"type":"Feature","properties":{"layer":"park","name":"Mother Cabrini Park","gispropnum":"B390","sign_name":"Mother Cabrini Park","feature_class":"PARK","subcategory":"Neighborhood Plgd","type_category":"Playground","borough":"B","communityboard":"306","acres":"0.467","address":"45 PRESIDENT STREET","location":"President St. and Van Brunt St.","waterfront":"False","included_reason":"intersects BKCB6 boundary","source_file":"Parks_Properties_20260421.geojson","facility_id":null,"sport":null,"facility_type":null,"status":null,"field_number":null,"surface_type":null,"accessible":null,"field_lighted":null,"zipcode":null},"geometry":{"type":"MultiPolygon","coordinates":[[[[-74.00506496661217,40.684519302071116],[-74.00513536619607,40.684538985083975],[-74.00520305564066,40.68455791354565],[-74.00527074867252,40.684576841066814],[-74.00536742981078,40.68437579688123],[-74.0052997405044,40.684356869416334],[-74.00523205005359,40.6843379419116],[-74.0051616530191,40.684318257156264],[-74.00502253888196,40.68427935661073],[-74.00460268957211,40.68416195436495],[-74.00447790017465,40.684421431553616],[-74.0045490991653,40.684441340923215],[-74.004614696864,40.6844596835794],[-74.00489775208138,40.68453883425088],[-74.00494480932522,40.68455199234765],[-74.0049729057717,40.68449356489822],[-74.00506496661217,40.684519302071116]]]]}},{"type":"Feature","properties":{"layer":"park","name":"Park Slope Playground","gispropnum":"B320","sign_name":"Park Slope Playground","feature_class":"PARK","subcategory":"JOP","type_category":"Jointly Operated Playground","borough":"B","communityboard":"306","acres":"0.955","address":"40 LINCOLN PLACE","location":"Berkeley Pl. and Lincoln Pl. between 5 Ave. and 6 Ave.","waterfront":"False","included_reason":"intersects BKCB6 boundary","source_file":"Parks_Properties_20260421.geojson","facility_id":null,"sport":null,"facility_type":null,"status":null,"field_number":null,"surface_type":null,"accessible":null,"field_lighted":null,"zipcode":null},"geometry":{"type":"MultiPolygon","coordinates":[[[[-73.97803688309779,40.676630744709755],[-73.9783448706049,40.67675094796363],[-73.97826263890697,40.676873074671626],[-73.97829472082428,40.676885596081746],[-73.97818617514665,40.677046803705906],[-73.97838312942812,40.67712367189075],[-73.97873157528795,40.677259663215516],[-73.97890148483486,40.67700672821697],[-73.97907028191987,40.67675544880418],[-73.97872198947452,40.67661923249565],[-73.97818582767178,40.6764095381834],[-73.97803688309779,40.676630744709755]]]]}},{"type":"Feature","properties":{"layer":"park","name":"Nicholas Naquan Heyward Jr. Park","gispropnum":"B230","sign_name":"Nicholas Naquan Heyward Jr. Park","feature_class":"PARK","subcategory":"Neighborhood Plgd","type_category":"Neighborhood Park","borough":"B","communityboard":"306","acres":"1.041","address":"160 WYCKOFF STREET","location":"Wyckoff St. between Hoyt St. and Bond St.","waterfront":"False","included_reason":"intersects BKCB6 boundary","source_file":"Parks_Properties_20260421.geojson","facility_id":null,"sport":null,"facility_type":null,"status":null,"field_number":null,"surface_type":null,"accessible":null,"field_lighted":null,"zipcode":null},"geometry":{"type":"MultiPolygon","coordinates":[[[[-73.9874808027048,40.6842120102947],[-73.98724277223694,40.68456420394086],[-73.98825275546214,40.68495609622758],[-73.98849078199471,40.684603899608796],[-73.9874808027048,40.6842120102947]]]]}},{"type":"Feature","properties":{"layer":"park","name":"Thomas Greene Playground","gispropnum":"B145","sign_name":"Thomas Greene Playground","feature_class":"PARK","subcategory":"Neighborhood Plgd","type_category":"Community Park","borough":"B","communityboard":"306","acres":"2.525","address":"225 NEVINS STREET","location":"Nevins St., 3 Ave., bet. De Graw St. and Douglas St.","waterfront":"False","included_reason":"intersects BKCB6 boundary","source_file":"Parks_Properties_20260421.geojson","facility_id":null,"sport":null,"facility_type":null,"status":null,"field_number":null,"surface_type":null,"accessible":null,"field_lighted":null,"zipcode":null},"geometry":{"type":"MultiPolygon","coordinates":[[[[-73.98430020422195,40.68021747190527],[-73.98607080446492,40.68090676980581],[-73.98640308389719,40.68041596353052],[-73.98463229422951,40.67972797822214],[-73.98430020422195,40.68021747190527]]]]}},{"type":"Feature","properties":{"layer":"park","name":"Cough Triangle","gispropnum":"B210C","sign_name":"Cough Triangle","feature_class":"PARK","subcategory":"Sitting Area/Triangle/Mall","type_category":"Triangle/Plaza","borough":"B","communityboard":"306","acres":"0.032","address":"566 COURT STREET","location":"Hamilton Ave., Court St. Garnet St.","waterfront":"False","included_reason":"intersects BKCB6 boundary","source_file":"Parks_Properties_20260421.geojson","facility_id":null,"sport":null,"facility_type":null,"status":null,"field_number":null,"surface_type":null,"accessible":null,"field_lighted":null,"zipcode":null},"geometry":{"type":"MultiPolygon","coordinates":[[[[-73.99980509221093,40.67452973076007],[-74.00000241288551,40.67458503875151],[-73.99987558764154,40.67438205721268],[-73.99980509221093,40.67452973076007]]]]}},{"type":"Feature","properties":{"layer":"park","name":"Ennis Playground","gispropnum":"B095","sign_name":"Ennis Playground","feature_class":"PARK","subcategory":"Neighborhood Plgd","type_category":"Playground","borough":"B","communityboard":"306","acres":"0.554","address":"124 11 STREET","location":"11 St., 12 St. bet. 2 Ave. and 3 Ave.","waterfront":"False","included_reason":"intersects BKCB6 boundary","source_file":"Parks_Properties_20260421.geojson","facility_id":null,"sport":null,"facility_type":null,"status":null,"field_number":null,"surface_type":null,"accessible":null,"field_lighted":null,"zipcode":null},"geometry":{"type":"MultiPolygon","coordinates":[[[[-73.99424820391394,40.670575864555694],[-73.9939377518486,40.67042621357743],[-73.99373836067385,40.670664727807655],[-73.99356666006273,40.670581979883195],[-73.99336747291024,40.67082023863185],[-73.99384929371033,40.671053128758956],[-73.99424820391394,40.670575864555694]]]]}},{"type":"Feature","properties":{"layer":"park","name":"Park","gispropnum":"B607","sign_name":"Park","feature_class":"PARK","subcategory":null,"type_category":"Undeveloped","borough":"B","communityboard":"306","acres":"0.172","address":"W. 9 St. bet. Smith St. and Gowanus Canal","location":"W. 9 St. bet. Smith St. and Gowanus Canal","waterfront":"True","included_reason":"intersects BKCB6 boundary","source_file":"Parks_Properties_20260421.geojson","facility_id":null,"sport":null,"facility_type":null,"status":null,"field_number":null,"surface_type":null,"accessible":null,"field_lighted":null,"zipcode":null},"geometry":{"type":"MultiPolygon","coordinates":[[[[-73.99641750174982,40.674381528733896],[-73.99644833201295,40.67446321360003],[-73.99639812079232,40.67449500201765],[-73.99646435275352,40.67452626634881],[-73.99656977120932,40.67457602929403],[-73.9967813363723,40.67432462243966],[-73.99655367712143,40.67421356704115],[-73.99641750174982,40.674381528733896]]]]}},{"type":"Feature","properties":{"layer":"park","name":"Valentino Pier","gispropnum":"B418","sign_name":"Valentino Pier","feature_class":"PARK","subcategory":"Neighborhood Park","type_category":"Neighborhood Park","borough":"B","communityboard":"306","acres":"4.525","address":"104 FERRIS STREET","location":"Ferris St. between Coffey St. and Van Dyke St.","waterfront":"True","included_reason":"intersects BKCB6 boundary","source_file":"Parks_Properties_20260421.geojson","facility_id":null,"sport":null,"facility_type":null,"status":null,"field_number":null,"surface_type":null,"accessible":null,"field_lighted":null,"zipcode":null},"geometry":{"type":"MultiPolygon","coordinates":[[[[-74.01821884592034,40.678897159014745],[-74.01841174879921,40.67873081949117],[-74.0198462866333,40.67874933781278],[-74.01999998904382,40.678254575720175],[-74.02002598112195,40.67815792977744],[-74.02004496812994,40.67807606069148],[-74.02005240555833,40.6780360801503],[-74.02006542516615,40.67796607998131],[-74.02008140057448,40.67788019781903],[-74.01792600656927,40.677948494038645],[-74.01800826060061,40.67800231845852],[-74.01767360560716,40.67828703831207],[-74.01720420718165,40.67797987639975],[-74.01705636134861,40.67810606500576],[-74.01821884592034,40.678897159014745]]]]}},{"type":"Feature","properties":{"layer":"park","name":"Van Voorhees Playground","gispropnum":"B050","sign_name":"Van Voorhees Playground","feature_class":"PARK","subcategory":"Neighborhood Plgd","type_category":"Playground","borough":"B","communityboard":"306","acres":"5.739","address":"50 COLUMBIA STREET","location":"Columbia St., Hicks St. bet. Congress St. and Atlantic Ave.","waterfront":"False","included_reason":"intersects BKCB6 boundary","source_file":"Parks_Properties_20260421.geojson","facility_id":null,"sport":null,"facility_type":null,"status":null,"field_number":null,"surface_type":null,"accessible":null,"field_lighted":null,"zipcode":null},"geometry":{"type":"MultiPolygon","coordinates":[[[[-73.99922892592204,40.69019032643876],[-73.99921704698345,40.69019089098035],[-73.99920520116613,40.690191766197955],[-73.99919340030043,40.6901929493902],[-73.9991816621318,40.69019443785567],[-73.99916999612446,40.69019623249492],[-73.99915841647476,40.69019833060663],[-73.99914693856228,40.690200726787765],[-73.99913557540019,40.690203422839474],[-73.99912692732582,40.69020574429723],[-73.99911838453872,40.69020828728141],[-73.9991099636015,40.690211048190065],[-73.99910166806326,40.69021402432175],[-73.99909350857135,40.690217212074494],[-73.99908549459013,40.690220608746884],[-73.99907763795004,40.69022420893599],[-73.99906994338325,40.690228009039764],[-73.99906242390331,40.690232004555824],[-73.99905508424236,40.69023619008112],[-73.99904793623081,40.69024056471536],[-73.99904098578409,40.69024511855289],[-73.99903424118348,40.690249848892336],[-73.99902771071037,40.69025475033065],[-73.99902140028001,40.69025981746495],[-73.99901532172305,40.69026504219069],[-73.99900947385642,40.690270420005305],[-73.99900386969372,40.690275948207486],[-73.99899851515036,40.690281615991054],[-73.99899341495859,40.69028741705254],[-73.99898857503386,40.69029334598898],[-73.99898400010836,40.69029939559633],[-73.99897969728062,40.69030556137211],[-73.99897567128292,40.69031183431122],[-73.99897192329848,40.69031820630912],[-73.99896552520556,40.69033017137058],[-73.99895965474609,40.69034229402622],[-73.99895432138503,40.690354558967506],[-73.99894952867187,40.69036695268683],[-73.99894528370551,40.690379461676635],[-73.99893805051258,40.690456831001036],[-73.99896425122235,40.69054857732268],[-73.9993054577658,40.69136187831161],[-73.99935439744453,40.69149536525037],[-73.99937421492878,40.69150093503309],[-73.99986021098886,40.69053671763777],[-73.99986018141894,40.69053369731659],[-73.99985961121116,40.69052337653449],[-73.99985857724852,40.69051307556306],[-73.999857075982,40.690502807910036],[-73.99985511096105,40.69049258438155],[-73.999852686918,40.690482420286315],[-73.99984980148692,40.69047232462941],[-73.99984646531536,40.690462310918505],[-73.99984267485445,40.690452391760765],[-73.99983844075169,40.690442576161246],[-73.99983376537332,40.69043287852818],[-73.99982865345174,40.69042330786661],[-73.99982366338267,40.69041476649154],[-73.99981966470177,40.69040850611772],[-73.99981351998295,40.690399502777154],[-73.99980643474542,40.69038999514729],[-73.99979996114013,40.690382053510426],[-73.99979313262196,40.69037428567164],[-73.99978595865545,40.69036670063591],[-73.99977844870496,40.690359305607444],[-73.99977060986879,40.69035211319326],[-73.99976245161123,40.69034512699539],[-73.99975398576287,40.69033835781999],[-73.99974521823879,40.690331812871044],[-73.99973616086947,40.69032550115365],[-73.99972682666832,40.690319428971456],[-73.99971722391668,40.690313603528445],[-73.9997073656279,40.69030803292916],[-73.99969726126628,40.69030272077568],[-73.9996869250283,40.69029767697364],[-73.9996763675612,40.69029290242349],[-73.99966560306147,40.69028840883189],[-73.9996546409933,40.69028419709929],[-73.99964349555307,40.69028027442983],[-73.99963217975423,40.69027664352501],[-73.99962070897608,40.69027331158894],[-73.99956277185538,40.69025766136456],[-73.99949519060426,40.690240141603645],[-73.99942549529501,40.69022207337994],[-73.99935775558951,40.690204428366165],[-73.9993464362618,40.69020163040788],[-73.9993349974447,40.690199129617206],[-73.99932345215159,40.690196927795114],[-73.99931181457877,40.69019502854374],[-73.99930009892263,40.69019343276368],[-73.99928831819645,40.69019214225599],[-73.99927648541345,40.69019116062285],[-73.99926461713618,40.69019048696371],[-73.99925272519475,40.69019012307977],[-73.9992408237856,40.69019007077212],[-73.99922892592204,40.69019032643876]]],[[[-73.99896653696602,40.68977930312842],[-73.99896781696457,40.68978225952491],[-73.99897615355141,40.68979946660655],[-73.99898527449896,40.689816442262625],[-73.99899516797781,40.68983316488042],[-73.99900581860909,40.6898496164494],[-73.99901722047841,40.68986577355596],[-73.99902935347484,40.68988161999045],[-73.99903687627751,40.68989069992863],[-73.99904480841613,40.68989957815477],[-73.99905313806056,40.689908243862526],[-73.99906185574679,40.68991668354397],[-73.99907095082753,40.689924889994884],[-73.99908041265577,40.68993285150838],[-73.99909022821818,40.68994055997972],[-73.99910039159963,40.68994800730404],[-73.99911088505475,40.68995518177451],[-73.99912169675326,40.68996207618686],[-73.99913281604783,40.68996868243624],[-73.99914422519292,40.68997499241785],[-73.99915591590731,40.689980999827974],[-73.99916787281148,40.68998669566121],[-73.99918007934286,40.689992074514294],[-73.99919252367107,40.689997128282556],[-73.9992051915995,40.69000185246315],[-73.99921806301647,40.69000624255329],[-73.99923112727448,40.690010288647244],[-73.99924436662793,40.69001399074482],[-73.99931031735585,40.69003141879141],[-73.99937708323169,40.69004898818515],[-73.99944384795963,40.6900665575401],[-73.99951061390578,40.690084128657304],[-73.99957737988713,40.69010169793473],[-73.99964414472068,40.690119267173365],[-73.99971090958937,40.690136837273755],[-73.99977767567626,40.69015440733537],[-73.99984444061533,40.69017197735823],[-73.99985138507,40.69017385583795],[-73.99985840878931,40.69017555871728],[-73.9998655023088,40.69017708329463],[-73.99987265734718,40.69017842506746],[-73.99987986798924,40.690179587637765],[-73.99988712477047,40.69018056920452],[-73.99989441940953,40.69018136436461],[-73.99990174599124,40.690181975819534],[-73.99990909505111,40.69018240086784],[-73.99991645830784,40.6901826395094],[-73.9999238286631,40.690182694445824],[-73.99993119783548,40.69018256297554],[-73.99993855399455,40.690182244198006],[-73.99994589477421,40.69018173901379],[-73.99995320952686,40.69018104922389],[-73.99996048997129,40.690180174828306],[-73.99996772782606,40.69017911852855],[-73.99997491717595,40.69017787942414],[-73.99998204737349,40.69017645931619],[-73.99998911132037,40.690174859105106],[-73.99999773096775,40.69017277711906],[-74.00000625123897,40.69017047450662],[-74.00001466385272,40.69016795036736],[-74.00002296052757,40.69016521190533],[-74.00003112825007,40.69016226002109],[-74.00003916228798,40.690159097416284],[-74.00004704844467,40.690155729493895],[-74.00005380952783,40.69015260921265],[-74.00028989891243,40.68968419069088],[-73.99915955547831,40.68937476982294],[-73.99896653696602,40.68977930312842]]],[[[-73.99815187716754,40.69060134802133],[-73.99852393224936,40.69070602904382],[-73.99851966928549,40.69013914963884],[-73.99853948326812,40.68979690353498],[-73.99815187716754,40.69060134802133]]],[[[-73.99871776194324,40.69084684190486],[-73.9985247859384,40.691262191358454],[-73.99892629871292,40.69137504270087],[-73.99889245871148,40.69128251646249],[-73.99881942117645,40.69108281074865],[-73.99871776194324,40.69084684190486]]],[[[-73.99884405375501,40.690120731555574],[-73.99884751903514,40.69018040499871],[-73.99885346279976,40.69023996500141],[-73.99886302665072,40.69030192670781],[-73.99886741449623,40.69030588900913],[-73.99887249091687,40.690307338885226],[-73.99887844400999,40.69030664104564],[-73.99888358438857,40.690303717129304],[-73.99889187182261,40.69029134145659],[-73.99889923526638,40.690280757795655],[-73.99890706009188,40.69027036774897],[-73.99891533210221,40.69026018122195],[-73.99892404538193,40.6902502081201],[-73.99893319046626,40.69024046375188],[-73.99894275197555,40.69023095261969],[-73.99895272754333,40.69022169093266],[-73.99896309942382,40.69021268589455],[-73.9989738617015,40.6902039501124],[-73.9989849966307,40.690195488989055],[-73.99899649592984,40.69018731603204],[-73.99900834776842,40.690179439345776],[-73.99902053440078,40.69017186343254],[-73.99903304517944,40.69016460270037],[-73.99904586827384,40.69015766345257],[-73.99905898948758,40.69015104929108],[-73.99907238752579,40.69014477462381],[-73.9990860529243,40.69013883945056],[-73.99909997148654,40.69013325547784],[-73.9991092666911,40.690129826395875],[-73.99911870977162,40.69012664225386],[-73.99912829126386,40.69012370665373],[-73.99913799933745,40.69012102049595],[-73.99914782216199,40.690118591884996],[-73.99915774909024,40.690116419019674],[-73.99916776829181,40.69011450820353],[-73.99917786675334,40.690112858535926],[-73.99918803264453,40.69011147091723],[-73.9991982565011,40.69011035255148],[-73.99920852530971,40.69010950073709],[-73.99921882487402,40.690108914573365],[-73.99922914572979,40.69010860036383],[-73.99923947486361,40.6901085563074],[-73.99924979926226,40.69010877970248],[-73.99926010827849,40.69010927234994],[-73.9992703877159,40.690110033349214],[-73.99928062692723,40.69011106179975],[-73.9992908140822,40.69011235680098],[-73.99930093853364,40.69011391655184],[-73.9993109849021,40.69011573925117],[-73.9993209449064,40.69011782399843],[-73.99933080435018,40.69012016719162],[-73.99934055140322,40.690122764327974],[-73.99935017896736,40.69012561630809],[-73.99941310124547,40.69014312082199],[-73.99944450620258,40.69015185775707],[-73.99947602473968,40.690160624400974],[-73.99953894826695,40.69017812794548],[-73.99960187064416,40.690195631455595],[-73.99966479423743,40.69021313673221],[-73.99972771668077,40.69023064107395],[-73.99979064034012,40.690248144480705],[-73.99984433511209,40.690262976018246],[-73.9998527820412,40.69026530745803],[-73.99991492495731,40.69028247220276],[-73.9999782426688,40.69029930552529],[-73.9999800562764,40.690298940817804],[-73.99998856710246,40.69028205439553],[-73.99998760292154,40.690280971078025],[-73.99997904004768,40.69027775984675],[-73.99971466665012,40.69020224876153],[-73.99944359545228,40.69012883793343],[-73.99938628195565,40.69011381978318],[-73.99932866917365,40.69009897900374],[-73.99927105641733,40.690084135493855],[-73.99920641289283,40.690067924027275],[-73.99919245542476,40.690064263343935],[-73.99917867068653,40.69006023975332],[-73.99916507405791,40.69005586136018],[-73.99915168091844,40.690051131766815],[-73.99913850901383,40.69004605727693],[-73.9991255701746,40.690040641492814],[-73.99911288451241,40.69003489432035],[-73.99910046267472,40.69002882026224],[-73.99908832240718,40.69002242562229],[-73.99907647435698,40.69001572120685],[-73.99906493626989,40.69000871061822],[-73.99905371879304,40.69000140286169],[-73.99904283493983,40.68999381054468],[-73.99903229772357,40.689985939070404],[-73.99902212015765,40.68997779744427],[-73.99901231407223,40.689969395572085],[-73.9990028924806,40.689960745160754],[-73.99899386366381,40.68995185341451],[-73.99898523945198,40.689942732940736],[-73.99897702812622,40.6899333936453],[-73.99896924151665,40.68992384543398],[-73.99896188790417,40.689914100914145],[-73.9989549767529,40.689904169091115],[-73.99894851516055,40.68989406707475],[-73.99894250904217,40.689883800268255],[-73.99893696786162,40.689873383080034],[-73.99893189871678,40.68986282811738],[-73.99892942626192,40.689857078317324],[-73.99884367782046,40.690036791112625],[-73.99884307050081,40.69006100410603],[-73.99884405375501,40.690120731555574]]],[[[-73.99976051754399,40.69028608124192],[-73.9998014011097,40.690314068369275],[-73.99983629848931,40.69034641125596],[-73.99986441940749,40.69038237688866],[-73.99988512501405,40.690421148506225],[-73.99989794681315,40.690461848111894],[-73.99996328896627,40.69033220667149],[-73.99976051754399,40.69028608124192]]],[[[-73.99851647841416,40.69110558211906],[-73.99851639326643,40.69110411968465],[-73.99851598041067,40.691102689664525],[-73.99851525404267,40.69110133438295],[-73.9985142342736,40.691100093462744],[-73.99851295186211,40.69109900292478],[-73.99851144229929,40.691098094287554],[-73.99850975290691,40.691097395467494],[-73.9985079310068,40.69109692627657],[-73.99850603101945,40.69109670022314],[-73.99850410854836,40.69109672451203],[-73.99850221919729,40.69109699824343],[-73.9985004185702,40.69109751331351],[-73.99849875990502,40.69109825441412],[-73.99849729170771,40.691099199933745],[-73.99849605656897,40.69110032195693],[-73.99846078765361,40.691132700339665],[-73.99842053928869,40.691161519815516],[-73.99837592785941,40.69118633823603],[-73.9983276336384,40.69120677739048],[-73.99847044826299,40.691246918847696],[-73.99851647841416,40.69110558211906]]]]}},{"type":"Feature","properties":{"layer":"park","name":"President Street Garden","gispropnum":"B570","sign_name":"Dolly's Park","feature_class":"PARK","subcategory":null,"type_category":"Garden","borough":"B","communityboard":"306","acres":"0.052","address":"503 PRESIDENT STREET","location":"President St. bet. Nevins St. and 3 Ave.","waterfront":"False","included_reason":"intersects BKCB6 boundary","source_file":"Parks_Properties_20260421.geojson","facility_id":null,"sport":null,"facility_type":null,"status":null,"field_number":null,"surface_type":null,"accessible":null,"field_lighted":null,"zipcode":null},"geometry":{"type":"MultiPolygon","coordinates":[[[[-73.98623518828349,40.67825130680228],[-73.98630317081057,40.67827766126908],[-73.98647141161015,40.678028952749976],[-73.98640342927028,40.67800259748128],[-73.98623518828349,40.67825130680228]]]]}},{"type":"Feature","properties":{"layer":"park","name":"Washington Park","gispropnum":"B111","sign_name":"Washington Park","feature_class":"PARK","subcategory":"Neighborhood Plgd","type_category":"Neighborhood Park","borough":"B","communityboard":"306","acres":"3.03","address":"1 4 AVENUE","location":"3 St., 4 St. bet. 4 Ave. and 5 Ave.","waterfront":"False","included_reason":"intersects BKCB6 boundary","source_file":"Parks_Properties_20260421.geojson","facility_id":null,"sport":null,"facility_type":null,"status":null,"field_number":null,"surface_type":null,"accessible":null,"field_lighted":null,"zipcode":null},"geometry":{"type":"MultiPolygon","coordinates":[[[[-73.98558138430056,40.673814846028776],[-73.98598096271728,40.67333771968801],[-73.98508162666911,40.67290472807667],[-73.98507284467607,40.672905520291394],[-73.98506148084311,40.67290598528331],[-73.98504888120435,40.672905764821444],[-73.9850372350019,40.672904871797414],[-73.98502673852978,40.67290348634009],[-73.98501629659,40.67290153986796],[-73.98500380996173,40.67289843056335],[-73.98499085285256,40.67289422436857],[-73.9849774111253,40.67288867724206],[-73.98496474431063,40.67288216126092],[-73.98495411183127,40.672875523074445],[-73.98494762085394,40.67287083324309],[-73.98493711541238,40.67286206265177],[-73.98492815356053,40.67285277176399],[-73.9849190040987,40.67284152493202],[-73.98490853051587,40.67282789606307],[-73.98489886790459,40.67281598368147],[-73.98488868551038,40.67280656925975],[-73.98487787597516,40.67279845509857],[-73.98486812213044,40.67279251671976],[-73.9848505438925,40.67278405406671],[-73.98384952950475,40.672302090055375],[-73.98344665271549,40.672784563943104],[-73.98558138430056,40.673814846028776]]]]}},{"type":"Feature","properties":{"layer":"park","name":"South Brooklyn Children's Garden","gispropnum":"B559","sign_name":"South Brooklyn Children's Garden","feature_class":"PARK","subcategory":null,"type_category":"Garden","borough":"B","communityboard":"306","acres":"0.083","address":"204 COLUMBIA STREET","location":"Columbia St. bet. Sackett St. and De Graw St.","waterfront":"False","included_reason":"intersects BKCB6 boundary","source_file":"Parks_Properties_20260421.geojson","facility_id":null,"sport":null,"facility_type":null,"status":null,"field_number":null,"surface_type":null,"accessible":null,"field_lighted":null,"zipcode":null},"geometry":{"type":"MultiPolygon","coordinates":[[[[-74.00273402302695,40.68521366639799],[-74.0027095781695,40.685264826063516],[-74.00299764324066,40.68534528522698],[-74.003038264127,40.68535663153538],[-74.0030854265392,40.685260501337716],[-74.00275558405566,40.685168543840376],[-74.00273402302695,40.68521366639799]]]]}},{"type":"Feature","properties":{"layer":"park","name":"Dimattina Playground","gispropnum":"B223B","sign_name":"Dimattina Playground","feature_class":"PARK","subcategory":"Neighborhood Plgd","type_category":"Playground","borough":"B","communityboard":"306","acres":"0.52","address":"70 WOODHULL STREET","location":"Hicks St. bet. Woodhull St. and Rapelye St.","waterfront":"False","included_reason":"intersects BKCB6 boundary","source_file":"Parks_Properties_20260421.geojson","facility_id":null,"sport":null,"facility_type":null,"status":null,"field_number":null,"surface_type":null,"accessible":null,"field_lighted":null,"zipcode":null},"geometry":{"type":"MultiPolygon","coordinates":[[[[-74.00178411679866,40.680625296865806],[-74.00178615372133,40.680625865959236],[-74.00187077593914,40.68064949681052],[-74.00195401660895,40.68067274220291],[-74.00183020044595,40.68093052094653],[-74.00239151501299,40.681087273066986],[-74.00240350689852,40.681082710812056],[-74.00215989725487,40.68064438673118],[-74.00215467217164,40.68063412546904],[-74.00214010417015,40.68060551640242],[-74.00212073085795,40.680561297908056],[-74.0021072153767,40.6805242771137],[-74.00209232123757,40.68046722170077],[-74.00208691476969,40.68044322669516],[-74.00208376037124,40.68041546119506],[-74.00190988429203,40.68036702734941],[-74.0018355996789,40.68052169909237],[-74.00183407612914,40.680521274974474],[-74.00178411679866,40.680625296865806]]],[[[-74.00221348475058,40.68049530467335],[-74.00223072323318,40.680545835799016],[-74.00225420506811,40.68060006611228],[-74.00251431380919,40.68106510068953],[-74.00251760572434,40.68106398127839],[-74.00225760934474,40.68059916102869],[-74.00223419611959,40.68054509911098],[-74.00223344019041,40.680542883860504],[-74.00221702269938,40.68049477600336],[-74.00221601711637,40.68049047606698],[-74.00221005815263,40.68046499973187],[-74.00220646645055,40.680449640629064],[-74.00220308104568,40.680448697855454],[-74.00221348475058,40.68049530467335]]]]}},{"type":"Feature","properties":{"layer":"park","name":"Todd Triangle","gispropnum":"B126A","sign_name":"Todd Triangle","feature_class":"PARK","subcategory":"Sitting Area/Triangle/Mall","type_category":"Triangle/Plaza","borough":"B","communityboard":"306","acres":"0.035","address":"Halleck St. at Columbia St.","location":"Halleck St. at Columbia St.","waterfront":"False","included_reason":"intersects BKCB6 boundary","source_file":"Parks_Properties_20260421.geojson","facility_id":null,"sport":null,"facility_type":null,"status":null,"field_number":null,"surface_type":null,"accessible":null,"field_lighted":null,"zipcode":null},"geometry":{"type":"MultiPolygon","coordinates":[[[[-74.00869209569818,40.67223341785083],[-74.00880806388082,40.6719983610545],[-74.00860009456824,40.67193554694108],[-74.00869209569818,40.67223341785083]]]]}},{"type":"Feature","properties":{"layer":"park","name":"Park","gispropnum":"B223C","sign_name":"Park","feature_class":"PARK","subcategory":"Neighborhood Park","type_category":"Strip","borough":"B","communityboard":"306","acres":"0.003","address":"Hicks St. and Summit St.","location":"Hicks St. and Summit St.","waterfront":"False","included_reason":"intersects BKCB6 boundary","source_file":"Parks_Properties_20260421.geojson","facility_id":null,"sport":null,"facility_type":null,"status":null,"field_number":null,"surface_type":null,"accessible":null,"field_lighted":null,"zipcode":null},"geometry":{"type":"MultiPolygon","coordinates":[[[[-74.00257420854815,40.68237156799902],[-74.00270244238502,40.68210749380306],[-74.00269905688887,40.68210654834269],[-74.00257206972225,40.68236805604194],[-74.00254154811269,40.68235961259962],[-74.00254029788147,40.68236218809748],[-74.00257420854815,40.68237156799902]]]]}},{"type":"Feature","properties":{"layer":"park","name":"Grand Army Plaza","gispropnum":"B040","sign_name":"Grand Army Plaza","feature_class":"PARK","subcategory":"Flagship Park","type_category":"Triangle/Plaza","borough":"B","communityboard":"306308","acres":"14.257","address":"Flatbush Ave., Eastern Pkwy. and Prospect Park","location":"Flatbush Ave., Eastern Pkwy. and Prospect Park","waterfront":"False","included_reason":"intersects BKCB6 boundary","source_file":"Parks_Properties_20260421.geojson","facility_id":null,"sport":null,"facility_type":null,"status":null,"field_number":null,"surface_type":null,"accessible":null,"field_lighted":null,"zipcode":null},"geometry":{"type":"MultiPolygon","coordinates":[[[[-73.96995801577084,40.67345446597232],[-73.9711971686413,40.67516474560703],[-73.97124364778078,40.6752260660898],[-73.97131794352391,40.675122522718006],[-73.97138491534504,40.675016121942846],[-73.97144437271558,40.674907164501676],[-73.97149614876372,40.67479595744034],[-73.97154009790823,40.67468281501282],[-73.97157609585919,40.67456805507898],[-73.97160404079933,40.67445200180661],[-73.97162385456697,40.674334983870125],[-73.97163548147503,40.67421732904742],[-73.97163888830751,40.67409937052335],[-73.97163406550469,40.67398144058637],[-73.97162102716176,40.67386387152886],[-73.97159673811032,40.67373897129957],[-73.97156380158204,40.67361522428714],[-73.97152230854641,40.67349297810548],[-73.97147237717579,40.673372574970465],[-73.97141414574776,40.673254352598725],[-73.97134777737615,40.673138643308384],[-73.9712734600124,40.67302576951688],[-73.97119140052887,40.67291604914253],[-73.9711322912128,40.672836112704736],[-73.97106619659243,40.672759413632335],[-73.97099342049088,40.67268630499196],[-73.97091429866748,40.67261712274805],[-73.97082919645203,40.67255218576267],[-73.97073850519742,40.67249179399368],[-73.97064264228067,40.67243622579378],[-73.96995801577084,40.67345446597232]]],[[[-73.96980124341572,40.67556891518387],[-73.96980741438198,40.67557328970363],[-73.96989804305103,40.67560156440342],[-73.96999161027203,40.67562360733467],[-73.9700873756773,40.67563924269747],[-73.97018458586085,40.67564834962211],[-73.97028247320004,40.67565085496505],[-73.97038026768173,40.67564673871491],[-73.9704771957211,40.67563603399256],[-73.97057249553949,40.67561882525369],[-73.97066541361751,40.675595247387484],[-73.97075521888937,40.67556548662034],[-73.97084120156154,40.67552977871457],[-73.97092268494384,40.67548840356776],[-73.97099902663123,40.67544168881485],[-73.97070830908996,40.67503904988245],[-73.97070662466199,40.67503671621939],[-73.97023528964804,40.67438382725497],[-73.96980124341572,40.67556891518387]]],[[[-73.96860748355363,40.67395613985598],[-73.96862852147902,40.674078784938345],[-73.96865756839134,40.674200478551754],[-73.96869455114398,40.674320918097116],[-73.96873937884612,40.67443980277013],[-73.96879193812927,40.6745568371621],[-73.96885210024395,40.674671730361176],[-73.9688975050101,40.6747615618092],[-73.96894901507625,40.67484946418212],[-73.96900648982447,40.67493519609588],[-73.96906976970574,40.675018524265305],[-73.96913868452134,40.67509921990452],[-73.96921881682519,40.67518276232938],[-73.96930498668429,40.67526274567246],[-73.96939691981744,40.67533891770318],[-73.96949432892295,40.67541103789413],[-73.96999434906422,40.67405007342404],[-73.96953318607784,40.673411252001685],[-73.96949220509512,40.67335446726601],[-73.96918813644477,40.672933134255125],[-73.96906962787241,40.67276891962833],[-73.96901707144622,40.67269609343065],[-73.96894109161441,40.672777182347396],[-73.96887178182399,40.672861665258736],[-73.96880940598857,40.672949224366285],[-73.96875419609808,40.67303953015579],[-73.96870636049623,40.67313224319983],[-73.9686660803324,40.67322701415697],[-73.96865337315634,40.67326181290401],[-73.96864848344646,40.67322712462911],[-73.96862799518205,40.67331684997417],[-73.96861184966154,40.67340708709156],[-73.96859282958498,40.673513323773534],[-73.96858305702024,40.67362028428914],[-73.9685825748102,40.67372750218564],[-73.96859138558484,40.67383451099707],[-73.96859450646964,40.67383284769716],[-73.96860748355363,40.67395613985598]]],[[[-73.96990494067222,40.67223688354323],[-73.96987303637343,40.67223756949041],[-73.96979747830606,40.67224218012915],[-73.9697225617351,40.67225096567581],[-73.96964868288083,40.67226387940923],[-73.96957623442601,40.672280852996195],[-73.96949454770903,40.672305490174566],[-73.96941588043092,40.67233528624881],[-73.96934079447105,40.67237002705223],[-73.96926982452436,40.6724094668939],[-73.96922378856743,40.67243908784274],[-73.96928236279352,40.67251694043],[-73.96938363851314,40.67266167661687],[-73.96973263922968,40.673143389688654],[-73.97025763977035,40.672438322363824],[-73.97035360801338,40.67230943927948],[-73.9702679834272,40.67228286819337],[-73.97017959816156,40.67226218749859],[-73.97008915229509,40.6722475612646],[-73.9699973589356,40.67223910403803],[-73.96990494067222,40.67223688354323]]]]}},{"type":"Feature","properties":{"layer":"park","name":"Brooklyn Bridge Park","gispropnum":"B431","sign_name":"Brooklyn Bridge Park","feature_class":"PARK","subcategory":"Large Park","type_category":"Community Park","borough":"B","communityboard":"302306","acres":"21.377","address":"Brooklyn Waterfront From Washington St To Atlantic Ave","location":"Brooklyn Waterfront From Washington St To Atlantic Ave","waterfront":"True","included_reason":"explicitly included","source_file":"Parks_Properties_20260421.geojson","facility_id":null,"sport":null,"facility_type":null,"status":null,"field_number":null,"surface_type":null,"accessible":null,"field_lighted":null,"zipcode":null},"geometry":{"type":"MultiPolygon","coordinates":[[[[-74.0022845385326,40.692612600052875],[-74.00224239161932,40.69259273016345],[-74.00173584550278,40.69241699751394],[-74.000208557189,40.69199435104787],[-74.00007302800266,40.69227341838704],[-74.00032632925402,40.692343292350614],[-74.0003061697572,40.69238731038003],[-74.00022321622373,40.69256843524237],[-74.00016753074613,40.69255382721606],[-74.00009549032805,40.692534929133856],[-73.99996291510122,40.692500150457136],[-73.9997816335117,40.692873423668786],[-74.0010399344921,40.69320348326403],[-74.00132898651425,40.6932793016709],[-74.001949412724,40.69349528444165],[-74.0034708811142,40.69404141142762],[-74.00400393365769,40.69322518550917],[-74.0022845385326,40.692612600052875]],[[-74.00041097262135,40.69289359823316],[-74.00030824591468,40.692866477807115],[-74.0003869913758,40.69269023008246],[-74.00089761957076,40.69283108636325],[-74.0008822540346,40.6928636760441],[-74.00081754305218,40.693000933598015],[-74.00041097262135,40.69289359823316]]],[[[-73.98949867594689,40.704562631907386],[-73.98949227103812,40.7046809549392],[-73.98945358121772,40.705388122186775],[-73.98996382515789,40.70531208089039],[-73.99006495794104,40.70529675575436],[-73.99009771863854,40.70529179135602],[-73.99017914288437,40.70527945322007],[-73.99025868559512,40.705267399428934],[-73.9904029390007,40.70524553992367],[-73.9904878853867,40.70522813108271],[-73.99073048733463,40.70517841292423],[-73.99078399319768,40.70430397278832],[-73.99080457327774,40.70396763965126],[-73.9904703745466,40.70395495397571],[-73.99004016459804,40.703938622796066],[-73.98964445928895,40.70392359976028],[-73.98961117140759,40.70448334486809],[-73.98950538555007,40.70447801504941],[-73.98949867594689,40.704562631907386]]],[[[-73.99887955136728,40.696430034752275],[-73.99876166323799,40.69667964029559],[-73.99919739954679,40.69682955697067],[-73.99962224210738,40.69697205623813],[-73.99988185634115,40.69704975571144],[-74.000066934086,40.69711373085657],[-74.00118266251492,40.69749939354706],[-74.0014202808992,40.697142730319136],[-73.99921061998097,40.696346938205565],[-73.99921953286827,40.69632955027036],[-73.99940172227106,40.69639325811873],[-73.99959319249264,40.69610008719912],[-73.99915217348382,40.695972660469636],[-73.99911884817553,40.69603599596812],[-73.99904442375939,40.696185179683596],[-73.99829036911285,40.69597783604568],[-73.99825260226228,40.696055367807475],[-73.99816733740234,40.696234927779116],[-73.99887955136728,40.696430034752275]]],[[[-73.99477757955981,40.704104659083995],[-73.99473809675963,40.70404436893378],[-73.99439778890596,40.703748359201846],[-73.99434609519611,40.70370191728818],[-73.99434710459344,40.70370124105349],[-73.99417886572148,40.7035495108604],[-73.99418231808505,40.7034190413002],[-73.99450230751722,40.70305505938856],[-73.99499146694112,40.70321367713629],[-73.99511833910846,40.70298249421112],[-73.99486123680285,40.70287859818371],[-73.99486117999881,40.70287869093389],[-73.994861196573,40.702878581972676],[-73.99476148277897,40.70299661385596],[-73.99474986365918,40.70300412809704],[-73.99473689690302,40.703010235675976],[-73.99472287715615,40.70301479882756],[-73.99470811681088,40.703017714006876],[-73.99469295073897,40.703018916392296],[-73.99467771854233,40.70301837808348],[-73.99439729458652,40.702970509780315],[-73.99438665939493,40.70297009592725],[-73.99437606787878,40.70297093378669],[-73.99436577089251,40.70297300265911],[-73.99435601692616,40.70297625392911],[-73.99434703672367,40.702980609263726],[-73.9943390444652,40.70298596601529],[-73.99433223185143,40.70299219451972],[-73.9942740586281,40.703062529711765],[-73.99399035425975,40.70341389041644],[-73.99331028042494,40.70339564095162],[-73.99327491508053,40.70339127230956],[-73.99300393861593,40.70339238540003],[-73.99358997802459,40.704510480358984],[-73.99377927404426,40.70445470765537],[-73.99382418487356,40.704531150898596],[-73.99386391809263,40.70455181165924],[-73.99434098101808,40.70442712245432],[-73.99477757955981,40.704104659083995]],[[-73.99427236619144,40.70422357462583],[-73.99426845399142,40.70422633630018],[-73.99427058491322,40.70422850934072],[-73.99428412177159,40.7042423148565],[-73.99423564522047,40.70427689748728],[-73.9942133452318,40.70425928236162],[-73.99419621588594,40.70424574951148],[-73.99417790687458,40.70425851694075],[-73.99412395597183,40.70421676558116],[-73.99414320469582,40.70420194504173],[-73.99410300665511,40.70416689237626],[-73.99415236714745,40.70413191542169],[-73.9941711091752,40.70414664604067],[-73.99417574677474,40.70414339002547],[-73.99425441786113,40.70408814849253],[-73.99423794078821,40.704071780870336],[-73.99428782539577,40.704036106887436],[-73.99430670706701,40.70405069250909],[-73.9943908060868,40.7039905712782],[-73.99439624243696,40.70398668403429],[-73.99437989782778,40.70397096480698],[-73.99443030056919,40.70393522234834],[-73.9944723719744,40.70396800299971],[-73.99449205936514,40.70395540218375],[-73.99454336914255,40.70399771696732],[-73.99452545653949,40.70401204055515],[-73.99456243999751,40.704043613345085],[-73.9945120550025,40.70407925680566],[-73.99449412097361,40.704066112982225],[-73.9944882278529,40.70407024514794],[-73.99440319051244,40.704129877425984],[-73.99442155150007,40.70414551029833],[-73.9944102397635,40.704153427047565],[-73.99437066937331,40.70418112035354],[-73.99436594600354,40.70417723981794],[-73.99435303956474,40.70416662935778],[-73.99427236619144,40.70422357462583]]],[[[-74.00037655009052,40.69427018708683],[-74.00031683175726,40.69439334228905],[-74.00217902128479,40.69488712544064],[-74.00276730838692,40.6951187075452],[-74.00295588771819,40.694829963376414],[-74.00076000424167,40.694221401716426],[-73.9993243997849,40.69381488196123],[-73.9992586136828,40.693976903617674],[-74.00037655009052,40.69427018708683]]],[[[-73.99620585888765,40.70337345723919],[-73.99616618813812,40.703356632565196],[-73.99615274089356,40.70336515455922],[-73.99515311911719,40.702996549067194],[-73.99508274126966,40.70309956102237],[-73.99510425849243,40.703107392789576],[-73.99605512363685,40.70345347164065],[-73.99620585888765,40.70337345723919]]],[[[-73.98760320788278,40.70451879197504],[-73.98742387333807,40.70449979243866],[-73.9873972334945,40.70496447779615],[-73.98757653794601,40.704973835592696],[-73.98760320788278,40.70451879197504]]],[[[-74.00229146658474,40.69260975519477],[-74.00228878449762,40.69260882501828],[-74.0022845385326,40.692612600052875],[-74.00229146658474,40.69260975519477]]]]}},{"type":"Feature","properties":{"layer":"park","name":"Prospect Park","gispropnum":"B073","sign_name":"Prospect Park","feature_class":"PARK","subcategory":"Flagship Park","type_category":"Flagship Park","borough":"B","communityboard":"306307308309314","acres":"526.25","address":"95 PROSPECT PARK WEST","location":"Prospect Pk W, Flatbush, Parkside, Ocean Aves","waterfront":"False","included_reason":"explicitly included","source_file":"Parks_Properties_20260421.geojson","facility_id":null,"sport":null,"facility_type":null,"status":null,"field_number":null,"surface_type":null,"accessible":null,"field_lighted":null,"zipcode":null},"geometry":{"type":"MultiPolygon","coordinates":[[[[-73.96881026705002,40.6718894604612],[-73.96899390422477,40.672133540731444],[-73.96918566545467,40.672388416452854],[-73.96920041919765,40.67240802642096],[-73.96922067399016,40.67243494734108],[-73.96922378856743,40.67243908784274],[-73.96926982452436,40.6724094668939],[-73.96934079447064,40.67237002795273],[-73.96941588043092,40.67233528624881],[-73.96949454770903,40.672305490174566],[-73.96957623442601,40.672280852996195],[-73.96951948617897,40.67190023159976],[-73.96951529364749,40.671873906626246],[-73.9696476078578,40.671863487527965],[-73.96977001996255,40.67185384732331],[-73.96983832906436,40.67184846756326],[-73.96984832624231,40.67190675963727],[-73.96986173958952,40.671984977405806],[-73.96990494067222,40.67223688354323],[-73.9699973589356,40.67223910403803],[-73.97008915229509,40.6722475612646],[-73.97017959816156,40.67226218749859],[-73.9702679834272,40.67228286819337],[-73.97035360801338,40.67230943927948],[-73.97037871687942,40.67227571784936],[-73.97038440326453,40.672268080242546],[-73.97071908584184,40.67181859267088],[-73.97077349445584,40.67174551888384],[-73.97081539436712,40.67169451803051],[-73.97152849989828,40.670775801854816],[-73.97225004644172,40.669911693160074],[-73.97401336084685,40.66780163142269],[-73.97446744821376,40.66724882634669],[-73.97863960767101,40.662252578236114],[-73.97917445878002,40.661603743544134],[-73.97936302930086,40.66137498333822],[-73.9793626935068,40.66137101560285],[-73.97943027257423,40.6612874615888],[-73.97939915621018,40.66125827928963],[-73.97937156679038,40.66122710747328],[-73.97934772300405,40.66119419202254],[-73.9793231447431,40.66115030994604],[-73.97930521761401,40.66110459741048],[-73.97929416728583,40.661057637994254],[-73.97929013664455,40.661010029667835],[-73.97929317633547,40.66096237938921],[-73.97930324831489,40.66091529229805],[-73.97932022348671,40.66086936991415],[-73.97923236108046,40.66082689203388],[-73.97879459605862,40.66061519530515],[-73.97835683854684,40.66040349240357],[-73.97796738168442,40.66021507994596],[-73.97488962799628,40.65872278496233],[-73.97472666086495,40.658643311093805],[-73.9746161555952,40.658586953139164],[-73.9745004757164,40.658512707868645],[-73.9744001969469,40.65843476478618],[-73.9743116859743,40.658351876805476],[-73.9742571619203,40.658290557438725],[-73.97420816106475,40.6582268186953],[-73.97413590859698,40.65810999734847],[-73.97409032751386,40.65800411694029],[-73.97400819636805,40.65773146156142],[-73.97396333379395,40.65757635991396],[-73.97391580281949,40.65756588874215],[-73.9738711747171,40.65754961437942],[-73.97383066253045,40.65752797925894],[-73.97379536572512,40.65750157077236],[-73.97376624418017,40.65747110595478],[-73.9737440874508,40.657437413466546],[-73.97372949822531,40.65740140657333],[-73.97372287223209,40.65736406332959],[-73.97372438879219,40.657326398660146],[-73.97373400728553,40.65728943554249],[-73.97375146716328,40.65725417709083],[-73.97377629268962,40.657221581343116],[-73.97380781069086,40.6571925333493],[-73.97384516593758,40.657167821762215],[-73.97376611618215,40.65689452301478],[-73.97372618946065,40.65675650879232],[-73.97367087541456,40.65656532991881],[-73.97358216790086,40.6562587322016],[-73.97322870980074,40.65503705776614],[-73.97264229124544,40.653010091605175],[-73.97250607370955,40.65253923356902],[-73.97245006296731,40.65234562155066],[-73.9723248708826,40.65191286769459],[-73.97225547955394,40.651672997271035],[-73.97218571945724,40.65167508403039],[-73.9720971065656,40.65167166671541],[-73.9720093903812,40.65166149386884],[-73.97192345883957,40.65164466656753],[-73.97184017737935,40.65162135612556],[-73.97176038894409,40.65159179779062],[-73.9716848986109,40.651556288938885],[-73.97161446886044,40.651515189073386],[-73.97154981012031,40.6514689126171],[-73.97149157603587,40.651417928010765],[-73.97144035519746,40.65136274870511],[-73.97139666404615,40.65130393315869],[-73.96943042352741,40.65206792160188],[-73.96550383526703,40.653593457005684],[-73.96316628162302,40.65450153320794],[-73.96248161246446,40.65476749486724],[-73.96247994434694,40.6548279856595],[-73.96246938592878,40.6548879530519],[-73.9624500700424,40.65494664155149],[-73.96242223947797,40.655003311908736],[-73.96238624698003,40.65505725012271],[-73.96234254341914,40.65510777644313],[-73.96229168015277,40.6551542543764],[-73.96223429956112,40.655196099688446],[-73.96217112203966,40.65523278310252],[-73.96212731680119,40.65525364087157],[-73.96236240946239,40.656729623060144],[-73.96256116726666,40.65793503332967],[-73.96296375219673,40.66053396285604],[-73.96307263076562,40.66120346612363],[-73.96308155194083,40.6612565607349],[-73.96309048613855,40.66130965444881],[-73.96309940970228,40.661362758063966],[-73.96310833210069,40.661415856274644],[-73.9631172545197,40.661468942777546],[-73.96312617812904,40.66152204098654],[-73.96313509938798,40.66157513829322],[-73.9631440218432,40.661628236499816],[-73.96315294431356,40.66168133290436],[-73.9631618668031,40.66173442030266],[-73.96317078930093,40.66178751850619],[-73.96317971181293,40.661840616708666],[-73.96318863434016,40.661893713109116],[-73.96319755688104,40.661946810409056],[-73.96320635685707,40.66199917284737],[-73.96321288554572,40.6620294295835],[-73.96321829469046,40.66206125195904],[-73.96322229537047,40.66209318194593],[-73.96322487340328,40.662125201529314],[-73.96322577697521,40.662189358204415],[-73.963224090732,40.66222140974328],[-73.96322098191273,40.662253406796204],[-73.96321645290875,40.662285298034355],[-73.96321058197688,40.662316701663755],[-73.96320516457835,40.66234268883212],[-73.9631906400746,40.66239491413179],[-73.9631816230873,40.66242070473488],[-73.96317170747362,40.662444137497765],[-73.96316011754162,40.662471524791194],[-73.96313409648721,40.66252109528055],[-73.96311943599297,40.66254533878365],[-73.96310367592866,40.66256919380958],[-73.96308702339424,40.66259238216488],[-73.96306188870774,40.66262567428865],[-73.96303536829097,40.6626585175044],[-73.96300761004676,40.66269075877099],[-73.96294853509897,40.662753232886836],[-73.96290980428104,40.662791041188484],[-73.96287146624732,40.66282845607804],[-73.96283312934817,40.66286587996021],[-73.96279479477812,40.66290329122299],[-73.96276956059802,40.662927921183645],[-73.96271976897563,40.66297652032858],[-73.96270286967076,40.662998600011754],[-73.96269019309716,40.66302312056055],[-73.96267705126334,40.66304854237374],[-73.96266517946982,40.66310146906526],[-73.9626649856918,40.66317512852924],[-73.96268347407408,40.66324033460513],[-73.96272830088654,40.66330926564486],[-73.9627399925414,40.66332052408419],[-73.9633447581005,40.664200730700436],[-73.96358974462619,40.66455728951008],[-73.96375717432979,40.664800968000186],[-73.96561854438609,40.66747350966295],[-73.96643171859606,40.66861696080661],[-73.96701456426722,40.66942049557235],[-73.96705899074875,40.66948174425974],[-73.96720926254136,40.669688910265336],[-73.96745289213094,40.67002570110671],[-73.96763448821453,40.67027774358327],[-73.96781608567109,40.67052978486504],[-73.96796739803742,40.67073979217085],[-73.96819930171347,40.671061648477405],[-73.96843656414805,40.67139093772688],[-73.96865136050928,40.67167824913678],[-73.96867498940337,40.67170965474044],[-73.96881026705002,40.6718894604612]]]]}},{"type":"Feature","properties":{"layer":"athletic_facility","name":"Washington Skate Park","gispropnum":"B111A","sign_name":null,"feature_class":null,"subcategory":null,"type_category":null,"borough":"B","communityboard":"306","acres":null,"address":null,"location":null,"waterfront":null,"included_reason":"intersects BKCB6 boundary","source_file":"Athletic_Facilities_20260421.geojson","facility_id":"B111A-HANDBALL-11","sport":"HDB","facility_type":"Handball","status":"Active","field_number":"07","surface_type":"Concrete","accessible":"False","field_lighted":"False","zipcode":"11215"},"geometry":{"type":"MultiPolygon","coordinates":[[[[-73.98584802894564,40.673234004598406],[-73.98590730274479,40.67316359069319],[-73.98578022098197,40.67310173128144],[-73.9857209482864,40.673172145121804],[-73.98584802894564,40.673234004598406]]]]}},{"type":"Feature","properties":{"layer":"athletic_facility","name":"Van Voorhees Playground","gispropnum":"B050","sign_name":null,"feature_class":null,"subcategory":null,"type_category":null,"borough":"B","communityboard":"306","acres":null,"address":null,"location":null,"waterfront":null,"included_reason":"intersects BKCB6 boundary","source_file":"Athletic_Facilities_20260421.geojson","facility_id":"B050-HANDBALL-5","sport":"HDB","facility_type":"Handball","status":"Active","field_number":"03","surface_type":"Asphalt","accessible":"False","field_lighted":"False","zipcode":"11201"},"geometry":{"type":"MultiPolygon","coordinates":[[[[-73.99961522713566,40.69041136744668],[-73.99947919716826,40.690374896127544],[-73.99944671015272,40.69044388519126],[-73.99958193340903,40.69047962442833],[-73.99961522713566,40.69041136744668]]]]}},{"type":"Feature","properties":{"layer":"athletic_facility","name":"Van Voorhees Playground","gispropnum":"B050","sign_name":null,"feature_class":null,"subcategory":null,"type_category":null,"borough":"B","communityboard":"306","acres":null,"address":null,"location":null,"waterfront":null,"included_reason":"intersects BKCB6 boundary","source_file":"Athletic_Facilities_20260421.geojson","facility_id":"B050-HANDBALL-6","sport":"HDB","facility_type":"Handball","status":"Active","field_number":"04","surface_type":"Asphalt","accessible":"False","field_lighted":"False","zipcode":"11201"},"geometry":{"type":"MultiPolygon","coordinates":[[[[-73.99961522713566,40.69041136744668],[-73.99964648237435,40.690349235739255],[-73.99950820473335,40.69031249159175],[-73.99947919716826,40.690374896127544],[-73.99961522713566,40.69041136744668]]]]}},{"type":"Feature","properties":{"layer":"athletic_facility","name":"Van Voorhees Playground","gispropnum":"B050","sign_name":null,"feature_class":null,"subcategory":null,"type_category":null,"borough":"B","communityboard":"306","acres":null,"address":null,"location":null,"waterfront":null,"included_reason":"intersects BKCB6 boundary","source_file":"Athletic_Facilities_20260421.geojson","facility_id":"B050-HANDBALL-7","sport":"HDB","facility_type":"Handball","status":"Active","field_number":"01","surface_type":"Asphalt","accessible":"False","field_lighted":"False","zipcode":"11201"},"geometry":{"type":"MultiPolygon","coordinates":[[[[-73.99961522713566,40.69041136744668],[-73.99958193340903,40.69047962442833],[-73.99971819196547,40.69051825685768],[-73.99975151988315,40.69044923440086],[-73.99961522713566,40.69041136744668]]]]}},{"type":"Feature","properties":{"layer":"athletic_facility","name":"Van Voorhees Playground","gispropnum":"B050","sign_name":null,"feature_class":null,"subcategory":null,"type_category":null,"borough":"B","communityboard":"306","acres":null,"address":null,"location":null,"waterfront":null,"included_reason":"intersects BKCB6 boundary","source_file":"Athletic_Facilities_20260421.geojson","facility_id":"B050-HANDBALL-8","sport":"HDB","facility_type":"Handball","status":"Active","field_number":"08","surface_type":"Asphalt","accessible":"False","field_lighted":"False","zipcode":"11201"},"geometry":{"type":"MultiPolygon","coordinates":[[[[-73.99935779516396,40.69027181196813],[-73.99919912577359,40.69023073496424],[-73.99917191144671,40.690293428500446],[-73.99932870701943,40.690335139491914],[-73.99935779516396,40.69027181196813]]]]}},{"type":"Feature","properties":{"layer":"athletic_facility","name":"Harold Ickes Playground","gispropnum":"B210H","sign_name":null,"feature_class":null,"subcategory":null,"type_category":null,"borough":"B","communityboard":"306","acres":null,"address":null,"location":null,"waterfront":null,"included_reason":"intersects BKCB6 boundary","source_file":"Athletic_Facilities_20260421.geojson","facility_id":"B210H-HANDBALL-2","sport":"HDB","facility_type":"Handball","status":"Active","field_number":"02","surface_type":"Asphalt","accessible":"False","field_lighted":"False","zipcode":"11231"},"geometry":{"type":"MultiPolygon","coordinates":[[[[-74.00566693780866,40.68246324124414],[-74.00562648650639,40.682371288134796],[-74.00553593221659,40.68239229341594],[-74.00557675367138,40.68248442664171],[-74.00566693780866,40.68246324124414]]]]}},{"type":"Feature","properties":{"layer":"athletic_facility","name":"Nicholas Naquan Heyward Jr. Park","gispropnum":"B230","sign_name":null,"feature_class":null,"subcategory":null,"type_category":null,"borough":"B","communityboard":"306","acres":null,"address":null,"location":null,"waterfront":null,"included_reason":"intersects BKCB6 boundary","source_file":"Athletic_Facilities_20260421.geojson","facility_id":"B230-HANDBALL-1","sport":"HDB","facility_type":"Handball","status":"Active","field_number":"01","surface_type":"Concrete","accessible":"False","field_lighted":"False","zipcode":"11217"},"geometry":{"type":"MultiPolygon","coordinates":[[[[-73.98749058939433,40.68442505313004],[-73.98737346188827,40.68438047750829],[-73.98726876352858,40.684534953627086],[-73.98739181186629,40.684579530903925],[-73.98749058939433,40.68442505313004]]]]}},{"type":"Feature","properties":{"layer":"athletic_facility","name":"Thomas Greene Playground","gispropnum":"B145","sign_name":null,"feature_class":null,"subcategory":null,"type_category":null,"borough":"B","communityboard":"306","acres":null,"address":null,"location":null,"waterfront":null,"included_reason":"intersects BKCB6 boundary","source_file":"Athletic_Facilities_20260421.geojson","facility_id":"B145-HANDBALL-5","sport":"HDB","facility_type":"Handball","status":"Active","field_number":"05","surface_type":"Asphalt","accessible":"False","field_lighted":"False","zipcode":"11217"},"geometry":{"type":"MultiPolygon","coordinates":[[[[-73.98613116792555,40.680616640405],[-73.98623604490979,40.680657123911146],[-73.98630694034881,40.68055387399873],[-73.98620130769176,40.68051308879379],[-73.98613116792555,40.680616640405]]]]}},{"type":"Feature","properties":{"layer":"athletic_facility","name":"Thomas Greene Playground","gispropnum":"B145","sign_name":null,"feature_class":null,"subcategory":null,"type_category":null,"borough":"B","communityboard":"306","acres":null,"address":null,"location":null,"waterfront":null,"included_reason":"intersects BKCB6 boundary","source_file":"Athletic_Facilities_20260421.geojson","facility_id":"B145-HANDBALL-4","sport":"HDB","facility_type":"Handball","status":"Active","field_number":"04","surface_type":"Asphalt","accessible":"False","field_lighted":"False","zipcode":"11217"},"geometry":{"type":"MultiPolygon","coordinates":[[[[-73.98613116792555,40.680616640405],[-73.98601853209347,40.68057297884615],[-73.98594126648547,40.680687098810914],[-73.98605439935022,40.680730363378245],[-73.98613116792555,40.680616640405]]]]}},{"type":"Feature","properties":{"layer":"athletic_facility","name":"Thomas Greene Playground","gispropnum":"B145","sign_name":null,"feature_class":null,"subcategory":null,"type_category":null,"borough":"B","communityboard":"306","acres":null,"address":null,"location":null,"waterfront":null,"included_reason":"intersects BKCB6 boundary","source_file":"Athletic_Facilities_20260421.geojson","facility_id":"B145-HANDBALL-3","sport":"HDB","facility_type":"Handball","status":"Active","field_number":"06","surface_type":"Asphalt","accessible":"False","field_lighted":"False","zipcode":"11217"},"geometry":{"type":"MultiPolygon","coordinates":[[[[-73.98620130769176,40.68051308879379],[-73.98608867198878,40.68046942640255],[-73.98601853209347,40.68057297884615],[-73.98613116792555,40.680616640405],[-73.98620130769176,40.68051308879379]]]]}},{"type":"Feature","properties":{"layer":"athletic_facility","name":"Thomas Greene Playground","gispropnum":"B145","sign_name":null,"feature_class":null,"subcategory":null,"type_category":null,"borough":"B","communityboard":"306","acres":null,"address":null,"location":null,"waterfront":null,"included_reason":"intersects BKCB6 boundary","source_file":"Athletic_Facilities_20260421.geojson","facility_id":"B145-HANDBALL-2","sport":"HDB","facility_type":"Handball","status":"Active","field_number":"08","surface_type":"Asphalt","accessible":"False","field_lighted":"False","zipcode":"11217"},"geometry":{"type":"MultiPolygon","coordinates":[[[[-73.98628448003623,40.680386808811086],[-73.98617184567519,40.6803431456002],[-73.98608867198878,40.68046942640255],[-73.98620130769176,40.68051308879379],[-73.98628448003623,40.680386808811086]]]]}},{"type":"Feature","properties":{"layer":"athletic_facility","name":"Van Voorhees Playground","gispropnum":"B050","sign_name":null,"feature_class":null,"subcategory":null,"type_category":null,"borough":"B","communityboard":"306","acres":null,"address":null,"location":null,"waterfront":null,"included_reason":"intersects BKCB6 boundary","source_file":"Athletic_Facilities_20260421.geojson","facility_id":"B050-HANDBALL-1","sport":"HDB","facility_type":"Handball","status":"Active","field_number":"05","surface_type":"Asphalt","accessible":"False","field_lighted":"False","zipcode":"11201"},"geometry":{"type":"MultiPolygon","coordinates":[[[[-73.99944671015272,40.69044388519126],[-73.99947919716826,40.690374896127544],[-73.99932870701943,40.690335139491914],[-73.9992981742653,40.69040366386062],[-73.99944671015272,40.69044388519126]]]]}},{"type":"Feature","properties":{"layer":"athletic_facility","name":"Van Voorhees Playground","gispropnum":"B050","sign_name":null,"feature_class":null,"subcategory":null,"type_category":null,"borough":"B","communityboard":"306","acres":null,"address":null,"location":null,"waterfront":null,"included_reason":"intersects BKCB6 boundary","source_file":"Athletic_Facilities_20260421.geojson","facility_id":"B050-HANDBALL-3","sport":"HDB","facility_type":"Handball","status":"Active","field_number":"06","surface_type":"Asphalt","accessible":"False","field_lighted":"False","zipcode":"11201"},"geometry":{"type":"MultiPolygon","coordinates":[[[[-73.99950820473335,40.69031249159175],[-73.99935779516396,40.69027181196813],[-73.99932870701943,40.690335139491914],[-73.99947919716826,40.690374896127544],[-73.99950820473335,40.69031249159175]]]]}},{"type":"Feature","properties":{"layer":"athletic_facility","name":"Van Voorhees Playground","gispropnum":"B050","sign_name":null,"feature_class":null,"subcategory":null,"type_category":null,"borough":"B","communityboard":"306","acres":null,"address":null,"location":null,"waterfront":null,"included_reason":"intersects BKCB6 boundary","source_file":"Athletic_Facilities_20260421.geojson","facility_id":"B050-HANDBALL-2","sport":"HDB","facility_type":"Handball","status":"Active","field_number":"02","surface_type":"Asphalt","accessible":"False","field_lighted":"False","zipcode":"11201"},"geometry":{"type":"MultiPolygon","coordinates":[[[[-73.99961522713566,40.69041136744668],[-73.99975151988315,40.69044923440086],[-73.99978188181093,40.690387643863424],[-73.99964648237435,40.690349235739255],[-73.99961522713566,40.69041136744668]]]]}},{"type":"Feature","properties":{"layer":"athletic_facility","name":"Washington Skate Park","gispropnum":"B111A","sign_name":null,"feature_class":null,"subcategory":null,"type_category":null,"borough":"B","communityboard":"306","acres":null,"address":null,"location":null,"waterfront":null,"included_reason":"intersects BKCB6 boundary","source_file":"Athletic_Facilities_20260421.geojson","facility_id":"B111A-HANDBALL-4","sport":"HDB","facility_type":"Handball","status":"Active","field_number":"08","surface_type":"Concrete","accessible":"False","field_lighted":"False","zipcode":"11215"},"geometry":{"type":"MultiPolygon","coordinates":[[[[-73.98597255297389,40.67329480011415],[-73.98603182787852,40.673224385244936],[-73.98590730274479,40.67316359069319],[-73.98584802894564,40.673234004598406],[-73.98597255297389,40.67329480011415]]]]}},{"type":"Feature","properties":{"layer":"athletic_facility","name":"Harold Ickes Playground","gispropnum":"B210H","sign_name":null,"feature_class":null,"subcategory":null,"type_category":null,"borough":"B","communityboard":"306","acres":null,"address":null,"location":null,"waterfront":null,"included_reason":"intersects BKCB6 boundary","source_file":"Athletic_Facilities_20260421.geojson","facility_id":"B210H-HANDBALL-1","sport":"HDB","facility_type":"Handball","status":"Active","field_number":"01","surface_type":"Asphalt","accessible":"False","field_lighted":"False","zipcode":"11231"},"geometry":{"type":"MultiPolygon","coordinates":[[[[-74.00557675367138,40.68248442664171],[-74.00561750805842,40.682579470316746],[-74.0057074629208,40.68255937812288],[-74.00566693780866,40.68246324124414],[-74.00557675367138,40.68248442664171]]]]}},{"type":"Feature","properties":{"layer":"athletic_facility","name":"Washington Skate Park","gispropnum":"B111A","sign_name":null,"feature_class":null,"subcategory":null,"type_category":null,"borough":"B","communityboard":"306","acres":null,"address":null,"location":null,"waterfront":null,"included_reason":"intersects BKCB6 boundary","source_file":"Athletic_Facilities_20260421.geojson","facility_id":"B111A-HANDBALL-1","sport":"HDB","facility_type":"Handball","status":"Active","field_number":"04","surface_type":"Concrete","accessible":"False","field_lighted":"False","zipcode":"11215"},"geometry":{"type":"MultiPolygon","coordinates":[[[[-73.98543991122935,40.6728366401016],[-73.98552948378955,40.67287796073324],[-73.98561020031458,40.67277590106849],[-73.98552468224125,40.67273462333357],[-73.98543991122935,40.6728366401016]]]]}},{"type":"Feature","properties":{"layer":"athletic_facility","name":"Washington Skate Park","gispropnum":"B111A","sign_name":null,"feature_class":null,"subcategory":null,"type_category":null,"borough":"B","communityboard":"306","acres":null,"address":null,"location":null,"waterfront":null,"included_reason":"intersects BKCB6 boundary","source_file":"Athletic_Facilities_20260421.geojson","facility_id":"B111A-HANDBALL-2","sport":"HDB","facility_type":"Handball","status":"Active","field_number":"02","surface_type":"Concrete","accessible":"False","field_lighted":"False","zipcode":"11215"},"geometry":{"type":"MultiPolygon","coordinates":[[[[-73.98552948378955,40.67287796073324],[-73.98544709400772,40.67297743655063],[-73.98552702455012,40.67301574914342],[-73.98561127818057,40.67291660669297],[-73.98552948378955,40.67287796073324]]]]}},{"type":"Feature","properties":{"layer":"athletic_facility","name":"Washington Skate Park","gispropnum":"B111A","sign_name":null,"feature_class":null,"subcategory":null,"type_category":null,"borough":"B","communityboard":"306","acres":null,"address":null,"location":null,"waterfront":null,"included_reason":"intersects BKCB6 boundary","source_file":"Athletic_Facilities_20260421.geojson","facility_id":"B111A-HANDBALL-3","sport":"HDB","facility_type":"Handball","status":"Active","field_number":"01","surface_type":"Concrete","accessible":"False","field_lighted":"False","zipcode":"11215"},"geometry":{"type":"MultiPolygon","coordinates":[[[[-73.98561127818057,40.67291660669297],[-73.98552702455012,40.67301574914342],[-73.98561198485218,40.673056472988584],[-73.98569598539032,40.67295691890954],[-73.98561127818057,40.67291660669297]]]]}},{"type":"Feature","properties":{"layer":"athletic_facility","name":"Thomas Greene Playground","gispropnum":"B145","sign_name":null,"feature_class":null,"subcategory":null,"type_category":null,"borough":"B","communityboard":"306","acres":null,"address":null,"location":null,"waterfront":null,"included_reason":"intersects BKCB6 boundary","source_file":"Athletic_Facilities_20260421.geojson","facility_id":"B145-HANDBALL-1","sport":"HDB","facility_type":"Handball","status":"Active","field_number":"02","surface_type":"Asphalt","accessible":"False","field_lighted":"False","zipcode":"11217"},"geometry":{"type":"MultiPolygon","coordinates":[[[[-73.98605439935022,40.680730363378245],[-73.98594126648547,40.680687098810914],[-73.98586031324388,40.68080842058219],[-73.98597344507908,40.6808516852283],[-73.98605439935022,40.680730363378245]]]]}},{"type":"Feature","properties":{"layer":"athletic_facility","name":"Carroll Park","gispropnum":"B019","sign_name":null,"feature_class":null,"subcategory":null,"type_category":null,"borough":"B","communityboard":"306","acres":null,"address":null,"location":null,"waterfront":null,"included_reason":"intersects BKCB6 boundary","source_file":"Athletic_Facilities_20260421.geojson","facility_id":"B019-BOCCE-2","sport":"BOC","facility_type":"Bocce","status":"Active","field_number":"02","surface_type":"Sand","accessible":"False","field_lighted":"False","zipcode":"11231"},"geometry":{"type":"MultiPolygon","coordinates":[[[[-73.99569235531476,40.68096774966678],[-73.99594134362995,40.681036584120974],[-73.99595611855139,40.681004773976014],[-73.9957081085824,40.68093590717149],[-73.99569235531476,40.68096774966678]]]]}},{"type":"Feature","properties":{"layer":"athletic_facility","name":"Carroll Park","gispropnum":"B019","sign_name":null,"feature_class":null,"subcategory":null,"type_category":null,"borough":"B","communityboard":"306","acres":null,"address":null,"location":null,"waterfront":null,"included_reason":"intersects BKCB6 boundary","source_file":"Athletic_Facilities_20260421.geojson","facility_id":"B019-BOCCE-1","sport":"BOC","facility_type":"Bocce","status":"Active","field_number":"01","surface_type":"Sand","accessible":"False","field_lighted":"False","zipcode":"11231"},"geometry":{"type":"MultiPolygon","coordinates":[[[[-73.9955898819741,40.681118753916216],[-73.99568966506531,40.680937063642865],[-73.99564858333586,40.680924403567936],[-73.99554880138425,40.68110534908072],[-73.9955898819741,40.681118753916216]]]]}},{"type":"Feature","properties":{"layer":"athletic_facility","name":"Dimattina Playground","gispropnum":"B223A","sign_name":null,"feature_class":null,"subcategory":null,"type_category":null,"borough":"B","communityboard":"306","acres":null,"address":null,"location":null,"waterfront":null,"included_reason":"intersects BKCB6 boundary","source_file":"Athletic_Facilities_20260421.geojson","facility_id":"B223A-BASEBALL-1","sport":"SFB","facility_type":"60ft base path, 150-200ft fence","status":"Active","field_number":"01","surface_type":"Natural","accessible":"False","field_lighted":"True","zipcode":"11231"},"geometry":{"type":"MultiPolygon","coordinates":[[[[-74.00300846350049,40.67999091757115],[-74.00296898043793,40.67995718172728],[-74.00292348041046,40.67992816832001],[-74.00287292983967,40.67990449236949],[-74.00281839804535,40.67988665542929],[-74.00276104186887,40.6798750365827],[-74.00270207846822,40.679869881637266],[-74.00264275574784,40.67987129952417],[-74.00258433343468,40.67987926049754],[-74.00252804759432,40.679893596135486],[-74.00247509288971,40.67991400114095],[-74.00242659182868,40.67994004504907],[-74.00238357347388,40.67997117402768],[-74.00234694742082,40.680006729788374],[-74.00231749196999,40.68004595679001],[-74.00229583046966,40.680088024751406],[-74.00228242303545,40.68013204125807],[-74.0022775547211,40.680177073374395],[-74.00228132605477,40.68022216655421],[-74.00229365895176,40.68026636445211],[-74.00250914059848,40.68032945899262],[-74.00276572902966,40.68040459022349],[-74.00283051165783,40.680386969185335],[-74.002930751168,40.68016387686227],[-74.00300846350049,40.67999091757115]]]]}},{"type":"Feature","properties":{"layer":"athletic_facility","name":"Red Hook Recreation Area","gispropnum":"B126","sign_name":null,"feature_class":null,"subcategory":null,"type_category":null,"borough":"B","communityboard":"306","acres":null,"address":null,"location":null,"waterfront":null,"included_reason":"intersects BKCB6 boundary","source_file":"Athletic_Facilities_20260421.geojson","facility_id":"B126-ZN03-TRACK-1","sport":"TRK","facility_type":"Track","status":"Active","field_number":"01","surface_type":"Rubber","accessible":"False","field_lighted":"False","zipcode":"11231"},"geometry":{"type":"MultiPolygon","coordinates":[[[[-74.00769978057959,40.67264281411024],[-74.00773853675922,40.67255482127391],[-74.00770081714614,40.67254465698872],[-74.00777168809232,40.672519340543055],[-74.00783627652946,40.67248566229795],[-74.00789289597672,40.67244450128235],[-74.0079400669664,40.67239693372569],[-74.00796917380431,40.67235670209825],[-74.00799148673813,40.67231402783761],[-74.00800665931939,40.67226957195004],[-74.00801445509943,40.672224025149944],[-74.00801453559035,40.67217535950218],[-74.00800619869632,40.67212710957766],[-74.00798959001084,40.67208011554519],[-74.00796499823197,40.67203519504904],[-74.00793285279418,40.6719931324033],[-74.00789371203754,40.671954657881166],[-74.00784825847548,40.6719204432134],[-74.0077972834171,40.67189108357943],[-74.00769843218511,40.67185312901696],[-74.00658218234567,40.67154240616927],[-74.00648997523427,40.671524886480135],[-74.00642064547172,40.67152084795717],[-74.00635126321119,40.67152432419523],[-74.006283226388,40.67153524577823],[-74.00621790572288,40.67155339200815],[-74.00615661870492,40.671578398110384],[-74.00610059884349,40.67160975973745],[-74.0060509755643,40.671646844675834],[-74.00600874819183,40.67168890545384],[-74.00597644860696,40.67173240292318],[-74.00595207580182,40.671778797831415],[-74.00593606732089,40.671827257184425],[-74.00592871050398,40.67187691017259],[-74.00593013775543,40.67192686708173],[-74.0059403218124,40.67197623009919],[-74.0059590828415,40.672024113125026],[-74.0059860813417,40.67206965708123],[-74.00594835868628,40.672059092392324],[-74.0059091870268,40.672139908446454],[-74.00769978057959,40.67264281411024]],[[-74.0077225885259,40.671959759207084],[-74.00776747341706,40.67198600890564],[-74.00780672915586,40.67201705061019],[-74.00783948399643,40.67205219369063],[-74.0078650069201,40.67209065475426],[-74.00788273247578,40.67213157925567],[-74.00789226433109,40.67217405590421],[-74.0078933906516,40.67221714007593],[-74.00788608765323,40.67225987272412],[-74.00787051605816,40.67230130199164],[-74.00784702346499,40.67234050662429],[-74.00781613252504,40.67237661398263],[-74.00777852911888,40.672408820754825],[-74.00773505289688,40.6724364100678],[-74.00768667007897,40.672458767699084],[-74.007634455715,40.672475397387295],[-74.00757957476114,40.67248592713776],[-74.00752324659807,40.67249012363353],[-74.00746672492365,40.67248789313756],[-74.00626607101944,40.67215067863511],[-74.00621524274005,40.672129727304025],[-74.0061693340809,40.67210298987654],[-74.00612947105905,40.67207112367459],[-74.00609663067381,40.67203491029984],[-74.00607161843327,40.67199523672329],[-74.00605504824682,40.67195307547406],[-74.00604732586675,40.67190946302749],[-74.00604864179053,40.67186546648585],[-74.00605896179961,40.671822166468914],[-74.00607803523765,40.67178062379444],[-74.00610539146233,40.67174185786632],[-74.00614036231619,40.67170681875804],[-74.00618208922228,40.671676366500755],[-74.00622954683678,40.671651248570484],[-74.00628157498052,40.67163207917486],[-74.00633689401238,40.671619329347706],[-74.00639414976997,40.6716133125389],[-74.00645193722083,40.67161417470785],[-74.0065088394904,40.67162189612254],[-74.0077225885259,40.671959759207084]]]]}},{"type":"Feature","properties":{"layer":"athletic_facility","name":"Red Hook Recreation Area","gispropnum":"B126","sign_name":null,"feature_class":null,"subcategory":null,"type_category":null,"borough":"B","communityboard":"306","acres":null,"address":null,"location":null,"waterfront":null,"included_reason":"intersects BKCB6 boundary","source_file":"Athletic_Facilities_20260421.geojson","facility_id":"B126-ZN03-HANDBALL-1","sport":"HDB","facility_type":"Handball","status":"Active","field_number":"05","surface_type":"Asphalt","accessible":"False","field_lighted":"False","zipcode":"11231"},"geometry":{"type":"MultiPolygon","coordinates":[[[[-74.0082823107497,40.67272402262805],[-74.00833637578283,40.672610044123395],[-74.00824650418853,40.67258601945294],[-74.0081924390213,40.67269999791571],[-74.0082823107497,40.67272402262805]]]]}},{"type":"Feature","properties":{"layer":"athletic_facility","name":"Red Hook Recreation Area","gispropnum":"B126","sign_name":null,"feature_class":null,"subcategory":null,"type_category":null,"borough":"B","communityboard":"306","acres":null,"address":null,"location":null,"waterfront":null,"included_reason":"intersects BKCB6 boundary","source_file":"Athletic_Facilities_20260421.geojson","facility_id":"B126-ZN03-HANDBALL-2","sport":"HDB","facility_type":"Handball","status":"Active","field_number":"06","surface_type":"Asphalt","accessible":"False","field_lighted":"False","zipcode":"11231"},"geometry":{"type":"MultiPolygon","coordinates":[[[[-74.00833637578283,40.672610044123395],[-74.00839206434398,40.67249468318258],[-74.00830219288507,40.67247065855529],[-74.00824650418853,40.67258601945294],[-74.00833637578283,40.672610044123395]]]]}},{"type":"Feature","properties":{"layer":"athletic_facility","name":"Red Hook Recreation Area","gispropnum":"B126","sign_name":null,"feature_class":null,"subcategory":null,"type_category":null,"borough":"B","communityboard":"306","acres":null,"address":null,"location":null,"waterfront":null,"included_reason":"intersects BKCB6 boundary","source_file":"Athletic_Facilities_20260421.geojson","facility_id":"B126-ZN03-HANDBALL-3","sport":"HDB","facility_type":"Handball","status":"Active","field_number":"08","surface_type":"Asphalt","accessible":"False","field_lighted":"False","zipcode":"11231"},"geometry":{"type":"MultiPolygon","coordinates":[[[[-74.00824650418853,40.67258601945294],[-74.00830219288507,40.67247065855529],[-74.00821500151444,40.67244632478965],[-74.00815931268735,40.67256168474494],[-74.00824650418853,40.67258601945294]]]]}},{"type":"Feature","properties":{"layer":"athletic_facility","name":"Red Hook Recreation Area","gispropnum":"B126","sign_name":null,"feature_class":null,"subcategory":null,"type_category":null,"borough":"B","communityboard":"306","acres":null,"address":null,"location":null,"waterfront":null,"included_reason":"intersects BKCB6 boundary","source_file":"Athletic_Facilities_20260421.geojson","facility_id":"B126-ZN03-HANDBALL-4","sport":"HDB","facility_type":"Handball","status":"Active","field_number":"07","surface_type":"Asphalt","accessible":"False","field_lighted":"False","zipcode":"11231"},"geometry":{"type":"MultiPolygon","coordinates":[[[[-74.0081924390213,40.67269999791571],[-74.00824650418853,40.67258601945294],[-74.00815931268735,40.67256168474494],[-74.00810524620813,40.6726756631672],[-74.0081924390213,40.67269999791571]]]]}},{"type":"Feature","properties":{"layer":"athletic_facility","name":"Red Hook Recreation Area","gispropnum":"B126","sign_name":null,"feature_class":null,"subcategory":null,"type_category":null,"borough":"B","communityboard":"306","acres":null,"address":null,"location":null,"waterfront":null,"included_reason":"intersects BKCB6 boundary","source_file":"Athletic_Facilities_20260421.geojson","facility_id":"B126-ZN03-HANDBALL-5","sport":"HDB","facility_type":"Handball","status":"Active","field_number":"01","surface_type":"Asphalt","accessible":"False","field_lighted":"False","zipcode":"11231"},"geometry":{"type":"MultiPolygon","coordinates":[[[[-74.00822089238272,40.67285649370955],[-74.00807841886079,40.672817022517066],[-74.0080446705779,40.67288454190381],[-74.00818714540668,40.67292401223718],[-74.00822089238272,40.67285649370955]]]]}},{"type":"Feature","properties":{"layer":"athletic_facility","name":"Red Hook Recreation Area","gispropnum":"B126","sign_name":null,"feature_class":null,"subcategory":null,"type_category":null,"borough":"B","communityboard":"306","acres":null,"address":null,"location":null,"waterfront":null,"included_reason":"intersects BKCB6 boundary","source_file":"Athletic_Facilities_20260421.geojson","facility_id":"B126-ZN03-HANDBALL-6","sport":"HDB","facility_type":"Handball","status":"Active","field_number":"03","surface_type":"Asphalt","accessible":"False","field_lighted":"False","zipcode":"11231"},"geometry":{"type":"MultiPolygon","coordinates":[[[[-74.00807841886079,40.672817022517066],[-74.00793126417511,40.67277694722514],[-74.00789751694603,40.67284446476794],[-74.0080446705779,40.67288454190381],[-74.00807841886079,40.672817022517066]]]]}},{"type":"Feature","properties":{"layer":"athletic_facility","name":"Red Hook Recreation Area","gispropnum":"B126","sign_name":null,"feature_class":null,"subcategory":null,"type_category":null,"borough":"B","communityboard":"306","acres":null,"address":null,"location":null,"waterfront":null,"included_reason":"intersects BKCB6 boundary","source_file":"Athletic_Facilities_20260421.geojson","facility_id":"B126-ZN03-HANDBALL-7","sport":"HDB","facility_type":"Handball","status":"Active","field_number":"02","surface_type":"Asphalt","accessible":"False","field_lighted":"False","zipcode":"11231"},"geometry":{"type":"MultiPolygon","coordinates":[[[[-74.00825238499175,40.67278891409815],[-74.00810990923007,40.672749442944514],[-74.00807841886079,40.672817022517066],[-74.00822089356554,40.672856494609974],[-74.00825238499175,40.67278891409815]]]]}},{"type":"Feature","properties":{"layer":"athletic_facility","name":"Red Hook Recreation Area","gispropnum":"B126","sign_name":null,"feature_class":null,"subcategory":null,"type_category":null,"borough":"B","communityboard":"306","acres":null,"address":null,"location":null,"waterfront":null,"included_reason":"intersects BKCB6 boundary","source_file":"Athletic_Facilities_20260421.geojson","facility_id":"B126-ZN03-HANDBALL-8","sport":"HDB","facility_type":"Handball","status":"Active","field_number":"04","surface_type":"Asphalt","accessible":"False","field_lighted":"False","zipcode":"11231"},"geometry":{"type":"MultiPolygon","coordinates":[[[[-74.00810990923007,40.672749442944514],[-74.00796275704029,40.6727093694934],[-74.00793126417511,40.67277694722514],[-74.00807841886079,40.672817022517066],[-74.00810990923007,40.672749442944514]]]]}},{"type":"Feature","properties":{"layer":"athletic_facility","name":"Red Hook Recreation Area","gispropnum":"B126","sign_name":null,"feature_class":null,"subcategory":null,"type_category":null,"borough":"B","communityboard":"306","acres":null,"address":null,"location":null,"waterfront":null,"included_reason":"intersects BKCB6 boundary","source_file":"Athletic_Facilities_20260421.geojson","facility_id":"B126-ZN02-SOCCER-1","sport":"SCR","facility_type":"147-295ft W x 295-393ft L","status":"Inactive","field_number":"05 HS","surface_type":"Natural","accessible":"False","field_lighted":"False","zipcode":"11231"},"geometry":{"type":"MultiPolygon","coordinates":[[[[-74.0083495664162,40.67037752172542],[-74.00725914080544,40.67006598404638],[-74.00723381280474,40.670058747298754],[-74.00697618416517,40.670572411789095],[-74.00701931476213,40.670584454459224],[-74.00809902650902,40.670885923783764],[-74.0083495664162,40.67037752172542]]]]}},{"type":"Feature","properties":{"layer":"athletic_facility","name":"Red Hook Recreation Area","gispropnum":"B126","sign_name":null,"feature_class":null,"subcategory":null,"type_category":null,"borough":"B","communityboard":"306","acres":null,"address":null,"location":null,"waterfront":null,"included_reason":"intersects BKCB6 boundary","source_file":"Athletic_Facilities_20260421.geojson","facility_id":"B126-ZN02-SOCCER-2","sport":"SCR","facility_type":"147-295ft W x 295-393ft L","status":"Inactive","field_number":"04 HS","surface_type":"Natural","accessible":"False","field_lighted":"False","zipcode":"11231"},"geometry":{"type":"MultiPolygon","coordinates":[[[[-74.00808451832866,40.67092498915944],[-74.00697112777316,40.670614115862755],[-74.00672139029783,40.6711120400632],[-74.00782929243996,40.67142710082686],[-74.00808451832866,40.67092498915944]]]]}},{"type":"Feature","properties":{"layer":"athletic_facility","name":"Red Hook Recreation Area","gispropnum":"B126","sign_name":null,"feature_class":null,"subcategory":null,"type_category":null,"borough":"B","communityboard":"306","acres":null,"address":null,"location":null,"waterfront":null,"included_reason":"intersects BKCB6 boundary","source_file":"Athletic_Facilities_20260421.geojson","facility_id":"B126-01-BASKETBALL-4","sport":"BKB","facility_type":"Half Court","status":"Active","field_number":"04","surface_type":"Asphalt","accessible":"False","field_lighted":"False","zipcode":"11231"},"geometry":{"type":"MultiPolygon","coordinates":[[[[-74.00293034662508,40.67373011644845],[-74.00280326327176,40.6736940323758],[-74.00277029338847,40.67376202385995],[-74.00289737687628,40.67379863206848],[-74.00293034662508,40.67373011644845]]]]}},{"type":"Feature","properties":{"layer":"athletic_facility","name":"Red Hook Recreation Area","gispropnum":"B126","sign_name":null,"feature_class":null,"subcategory":null,"type_category":null,"borough":"B","communityboard":"306","acres":null,"address":null,"location":null,"waterfront":null,"included_reason":"intersects BKCB6 boundary","source_file":"Athletic_Facilities_20260421.geojson","facility_id":"B126-01-BASKETBALL-2","sport":"BKB","facility_type":"Full Court","status":"Active","field_number":"02","surface_type":"Asphalt","accessible":"False","field_lighted":"False","zipcode":"11231"},"geometry":{"type":"MultiPolygon","coordinates":[[[[-74.00406938218067,40.67393149278861],[-74.00385917738923,40.67387396882918],[-74.00379873537926,40.67400263102146],[-74.0040089394042,40.67406120148892],[-74.00406938218067,40.67393149278861]]]]}},{"type":"Feature","properties":{"layer":"athletic_facility","name":"Red Hook Recreation Area","gispropnum":"B126","sign_name":null,"feature_class":null,"subcategory":null,"type_category":null,"borough":"B","communityboard":"306","acres":null,"address":null,"location":null,"waterfront":null,"included_reason":"intersects BKCB6 boundary","source_file":"Athletic_Facilities_20260421.geojson","facility_id":"B126-01-BASKETBALL-1","sport":"BKB","facility_type":"Full Court","status":"Active","field_number":"01","surface_type":"Asphalt","accessible":"False","field_lighted":"True","zipcode":"11231"},"geometry":{"type":"MultiPolygon","coordinates":[[[[-74.0041487513956,40.673768190561255],[-74.00393717375374,40.673708574896274],[-74.00387535774631,40.67383828357687],[-74.00408830997603,40.67389580740939],[-74.0041487513956,40.673768190561255]]]]}},{"type":"Feature","properties":{"layer":"athletic_facility","name":"Coffey Park","gispropnum":"B077","sign_name":null,"feature_class":null,"subcategory":null,"type_category":null,"borough":"B","communityboard":"306","acres":null,"address":null,"location":null,"waterfront":null,"included_reason":"intersects BKCB6 boundary","source_file":"Athletic_Facilities_20260421.geojson","facility_id":"B077-01-BASKETBALL-1","sport":"BKB","facility_type":"Full Court","status":"Active","field_number":"01","surface_type":"Asphalt","accessible":"False","field_lighted":"False","zipcode":"11231"},"geometry":{"type":"MultiPolygon","coordinates":[[[[-74.00919664660697,40.677222360970866],[-74.00906301314349,40.6771318716528],[-74.00888234489868,40.67728460132043],[-74.0090170335106,40.67737521053244],[-74.00919664660697,40.677222360970866]]]]}},{"type":"Feature","properties":{"layer":"athletic_facility","name":"Red Hook Recreation Area","gispropnum":"B126","sign_name":null,"feature_class":null,"subcategory":null,"type_category":null,"borough":"B","communityboard":"306","acres":null,"address":null,"location":null,"waterfront":null,"included_reason":"intersects BKCB6 boundary","source_file":"Athletic_Facilities_20260421.geojson","facility_id":"B126-01-BASKETBALL-5","sport":"BKB","facility_type":"Full Court","status":"Active","field_number":"03","surface_type":"Asphalt","accessible":"False","field_lighted":"False","zipcode":"11231"},"geometry":{"type":"MultiPolygon","coordinates":[[[[-74.00284892115499,40.67369826727696],[-74.00294508274781,40.67349429099467],[-74.00277884459625,40.67344774750674],[-74.00268062214968,40.67365015410159],[-74.00284892115499,40.67369826727696]]]]}},{"type":"Feature","properties":{"layer":"athletic_facility","name":"Red Hook Recreation Area","gispropnum":"B126","sign_name":null,"feature_class":null,"subcategory":null,"type_category":null,"borough":"B","communityboard":"306","acres":null,"address":null,"location":null,"waterfront":null,"included_reason":"intersects BKCB6 boundary","source_file":"Athletic_Facilities_20260421.geojson","facility_id":"B126-01-BASKETBALL-3","sport":"BKB","facility_type":"Half Court","status":"Active","field_number":"05","surface_type":"Asphalt","accessible":"False","field_lighted":"False","zipcode":"11231"},"geometry":{"type":"MultiPolygon","coordinates":[[[[-74.00272252548953,40.67367212028136],[-74.00259475520227,40.67363655829313],[-74.00256315947063,40.67370402738869],[-74.00269024271309,40.67374011172652],[-74.00272252548953,40.67367212028136]]]]}},{"type":"Feature","properties":{"layer":"athletic_facility","name":"Red Hook Recreation Area","gispropnum":"B126","sign_name":null,"feature_class":null,"subcategory":null,"type_category":null,"borough":"B","communityboard":"306","acres":null,"address":null,"location":null,"waterfront":null,"included_reason":"intersects BKCB6 boundary","source_file":"Athletic_Facilities_20260421.geojson","facility_id":"B126-01-VOLLEYBALL-2","sport":"VLB","facility_type":"Volleyball","status":"Active","field_number":"02","surface_type":"Asphalt","accessible":"False","field_lighted":"False","zipcode":"11231"},"geometry":{"type":"MultiPolygon","coordinates":[[[[-74.0032849077901,40.673795956132054],[-74.0033741997408,40.67361080855836],[-74.00323269140276,40.6735710638875],[-74.00314339921096,40.67375830324867],[-74.0032849077901,40.673795956132054]]]]}},{"type":"Feature","properties":{"layer":"athletic_facility","name":"Red Hook Recreation Area","gispropnum":"B126","sign_name":null,"feature_class":null,"subcategory":null,"type_category":null,"borough":"B","communityboard":"306","acres":null,"address":null,"location":null,"waterfront":null,"included_reason":"intersects BKCB6 boundary","source_file":"Athletic_Facilities_20260421.geojson","facility_id":"B126-01-VOLLEYBALL-1","sport":"VLB","facility_type":"Volleyball","status":"Active","field_number":"01","surface_type":"Asphalt","accessible":"False","field_lighted":"False","zipcode":"11231"},"geometry":{"type":"MultiPolygon","coordinates":[[[[-74.00355350051328,40.67387021542418],[-74.00364279181782,40.67368506764368],[-74.0035012831621,40.67364532330354],[-74.003411991625,40.6738325628715],[-74.00355350051328,40.67387021542418]]]]}},{"type":"Feature","properties":{"layer":"athletic_facility","name":"Red Hook Recreation Area","gispropnum":"B126","sign_name":null,"feature_class":null,"subcategory":null,"type_category":null,"borough":"B","communityboard":"306","acres":null,"address":null,"location":null,"waterfront":null,"included_reason":"intersects BKCB6 boundary","source_file":"Athletic_Facilities_20260421.geojson","facility_id":"B126-01-TRACK-1","sport":"TRK","facility_type":"Jogging Path","status":"Active","field_number":"01","surface_type":"Asphalt","accessible":"False","field_lighted":"False","zipcode":"11231"},"geometry":{"type":"MultiPolygon","coordinates":[[[[-74.00346937254417,40.67391733203657],[-74.00349746424956,40.67391949692461],[-74.00352568827948,40.673918905325344],[-74.00355358099142,40.67391556715861],[-74.00358068347641,40.67390953737031],[-74.00360654747305,40.67390091503177],[-74.00363074837796,40.673889841538056],[-74.00365288879425,40.67387650060788],[-74.00367260207946,40.67386111017872],[-74.00369199811853,40.67384103527726],[-74.00370726859622,40.673818991079116],[-74.00371807527557,40.67379546747707],[-74.00372417927368,40.673770983176745],[-74.00372544579218,40.67374607939275],[-74.00372184529847,40.67372130904242],[-74.00371345943829,40.67369721963589],[-74.00370047275494,40.673674343370415],[-74.00375139448268,40.673688608580974],[-74.00376919274713,40.6736510394126],[-74.00316197183874,40.67348145650084],[-74.00314379369551,40.673520718554755],[-74.00319784353759,40.67353465433654],[-74.00317341904908,40.673543598027756],[-74.00315062921625,40.6735547659412],[-74.0031298205748,40.67356798697052],[-74.00311131127377,40.67358306029335],[-74.00309538279667,40.67359975537137],[-74.00308227759605,40.673617818253874],[-74.00307219672801,40.67363697247836],[-74.00306529393866,40.673656927175145],[-74.00306116272277,40.67368548351736],[-74.00306351771222,40.673714155853254],[-74.00307228791137,40.67374209860066],[-74.00308721426707,40.67376848419186],[-74.0031046844782,40.67378937657074],[-74.00312601864869,40.673808073386404],[-74.00315074839033,40.67382416401467],[-74.0031783308024,40.67383729456597],[-74.00346937254417,40.67391733203657]],[[-74.00359168427867,40.67364613458251],[-74.00361491414708,40.67365855105678],[-74.00363500397891,40.673673815954665],[-74.00365135882653,40.6736914763376],[-74.00366349609793,40.67371101082429],[-74.00367105501951,40.67373183949597],[-74.0036738120136,40.67375334730883],[-74.00367168543053,40.67377489580072],[-74.00366473909928,40.67379584830516],[-74.00365317759757,40.6738155834595],[-74.00363734270564,40.673833517717775],[-74.00361770512815,40.67384911975957],[-74.00359484557126,40.673861927600605],[-74.00356944055062,40.67387156210121],[-74.00354224110205,40.67387773777325],[-74.00351405504021,40.67388027268686],[-74.00348571502396,40.67387909027224],[-74.0031983306041,40.673801254500205],[-74.00317504878005,40.67379004823564],[-74.00315456049029,40.67377603228296],[-74.00313744530224,40.673759601053334],[-74.00312418461675,40.67374122010149],[-74.00311515575339,40.673721407214714],[-74.00311061302644,40.67370072340791],[-74.00311068301333,40.67367975221197],[-74.00311536573741,40.673659086165756],[-74.00312452757112,40.673639308806095],[-74.00313791069799,40.6736209793588],[-74.00315513547751,40.6736046156289],[-74.00317571818638,40.67359067869187],[-74.00319907456618,40.67357956388815],[-74.0032245470257,40.67357158371325],[-74.00325141410255,40.67356696421546],[-74.00327891766568,40.67356583689059],[-74.00330628183825,40.67356823147747],[-74.00359168427867,40.67364613458251]]]]}},{"type":"Feature","properties":{"layer":"athletic_facility","name":"Coffey Park","gispropnum":"B077","sign_name":null,"feature_class":null,"subcategory":null,"type_category":null,"borough":"B","communityboard":"306","acres":null,"address":null,"location":null,"waterfront":null,"included_reason":"intersects BKCB6 boundary","source_file":"Athletic_Facilities_20260421.geojson","facility_id":"B077-01-HANDBALL-4","sport":"HDB","facility_type":"Handball","status":"Active","field_number":"01","surface_type":"Asphalt","accessible":"False","field_lighted":"False","zipcode":"11231"},"geometry":{"type":"MultiPolygon","coordinates":[[[[-74.00925191012854,40.67707847861169],[-74.00914156927759,40.677173091899746],[-74.00921900566222,40.677224871617376],[-74.00932904129692,40.677130066470816],[-74.00925191012854,40.67707847861169]]]]}},{"type":"Feature","properties":{"layer":"athletic_facility","name":"Coffey Park","gispropnum":"B077","sign_name":null,"feature_class":null,"subcategory":null,"type_category":null,"borough":"B","communityboard":"306","acres":null,"address":null,"location":null,"waterfront":null,"included_reason":"intersects BKCB6 boundary","source_file":"Athletic_Facilities_20260421.geojson","facility_id":"B077-01-HANDBALL-3","sport":"HDB","facility_type":"Handball","status":"Active","field_number":"03","surface_type":"Asphalt","accessible":"False","field_lighted":"False","zipcode":"11231"},"geometry":{"type":"MultiPolygon","coordinates":[[[[-74.00943635211313,40.677040117916995],[-74.00936084467914,40.676986515545856],[-74.00925191012854,40.67707847861169],[-74.00932904129692,40.677130066470816],[-74.00943635211313,40.677040117916995]]]]}},{"type":"Feature","properties":{"layer":"athletic_facility","name":"Red Hook Recreation Area","gispropnum":"B126","sign_name":null,"feature_class":null,"subcategory":null,"type_category":null,"borough":"B","communityboard":"306","acres":null,"address":null,"location":null,"waterfront":null,"included_reason":"intersects BKCB6 boundary","source_file":"Athletic_Facilities_20260421.geojson","facility_id":"B126-ZN02-BASEBALL-1","sport":"BSB","facility_type":"90ft base path, 200+ft fence","status":"Inactive","field_number":"02","surface_type":"Natural","accessible":"False","field_lighted":"False","zipcode":"11231"},"geometry":{"type":"MultiPolygon","coordinates":[[[[-74.00698648244507,40.67118742711859],[-74.00703802262316,40.67115599058988],[-74.00708363333142,40.67111962678345],[-74.00712250921717,40.671078980525074],[-74.00715396202884,40.67103476777405],[-74.00717743835563,40.67098776931761],[-74.00719252199023,40.670938816362415],[-74.00719894693545,40.67088877252242],[-74.00719660094943,40.670838522112255],[-74.00718552435929,40.67078895213647],[-74.00716591242349,40.6707409387818],[-74.00713811177981,40.67069532850685],[-74.00710261452961,40.6706529281371],[-74.00706004640759,40.6706144859554],[-74.00701115968367,40.67058068089658],[-74.00695681778652,40.67055211084279],[-74.00689797992715,40.670529278216264],[-74.00683568572431,40.67051258908098],[-74.00677103391536,40.67050233513357],[-74.00670516934831,40.670498700008515],[-74.00663925223238,40.67050174667291],[-74.00657444749578,40.67051142192965],[-74.00651189995055,40.67052755371738],[-74.00644203653471,40.670681550280776],[-74.0063122945715,40.67096753052773],[-74.00633980801548,40.67101996151956],[-74.00698648244507,40.67118742711859]]]]}},{"type":"Feature","properties":{"layer":"athletic_facility","name":"Red Hook Recreation Area","gispropnum":"B126","sign_name":null,"feature_class":null,"subcategory":null,"type_category":null,"borough":"B","communityboard":"306","acres":null,"address":null,"location":null,"waterfront":null,"included_reason":"intersects BKCB6 boundary","source_file":"Athletic_Facilities_20260421.geojson","facility_id":"B126-ZN02-BASEBALL-2","sport":"BSB","facility_type":"90ft base path, 200+ft fence","status":"Inactive","field_number":"04","surface_type":"Natural","accessible":"False","field_lighted":"False","zipcode":"11231"},"geometry":{"type":"MultiPolygon","coordinates":[[[[-74.00873780255615,40.670566955926994],[-74.00889850657711,40.67025272407296],[-74.00886096494503,40.670202830312334],[-74.00840449762693,40.6700766267112],[-74.00825442146993,40.67003513372145],[-74.00819967132874,40.67006323011599],[-74.00815033139696,40.67009663554013],[-74.00810728388272,40.67013475199642],[-74.00807129626988,40.670176899548785],[-74.00804301185684,40.670222324427534],[-74.00802293556609,40.67027021613911],[-74.00801142803077,40.670319718272616],[-74.00800869258585,40.67036994651027],[-74.00801477999904,40.670420003935845],[-74.008029580192,40.67046899634384],[-74.0080528281542,40.67051604844853],[-74.0080841110392,40.67056032009293],[-74.00812286816507,40.67060101885668],[-74.0081684075733,40.67063741896605],[-74.00821991549071,40.67066886939846],[-74.00827647170642,40.67069480919122],[-74.00833706613084,40.67071477374413],[-74.00840061653825,40.67072840742629],[-74.0084659874916,40.67073546627683],[-74.00853201045082,40.67073582430707],[-74.00859750624576,40.67072947530049],[-74.00866130518371,40.67071653191045],[-74.00873780255615,40.670566955926994]]]]}},{"type":"Feature","properties":{"layer":"athletic_facility","name":"Coffey Park","gispropnum":"B077","sign_name":null,"feature_class":null,"subcategory":null,"type_category":null,"borough":"B","communityboard":"306","acres":null,"address":null,"location":null,"waterfront":null,"included_reason":"intersects BKCB6 boundary","source_file":"Athletic_Facilities_20260421.geojson","facility_id":"B077-01-BASEBALL-1","sport":"SFB","facility_type":"60ft base path, 150-200ft fence","status":"Active","field_number":"01","surface_type":"Asphalt","accessible":"False","field_lighted":"False","zipcode":"11231"},"geometry":{"type":"MultiPolygon","coordinates":[[[[-74.0097345471344,40.67757011167916],[-74.0097354361395,40.677542552254636],[-74.00973044657627,40.67751524817297],[-74.00971970984976,40.67748892073452],[-74.009702565885,40.67746309272054],[-74.00967990210576,40.677439861352106],[-74.00965237744184,40.67741990375774],[-74.00962079510947,40.67740380159922],[-74.00958607540397,40.677392023064186],[-74.00954923085968,40.67738491206242],[-74.00951133431293,40.67738267742254],[-74.00947348933127,40.677385381188174],[-74.00943680182834,40.677392947625464],[-74.00940233866508,40.67740515422118],[-74.00937110399656,40.67742164609276],[-74.00934400970347,40.677441942293974],[-74.00932184464115,40.677465451125705],[-74.00930525571708,40.67749148724681],[-74.00929472423735,40.67751929328799],[-74.00929055881109,40.677548056961776],[-74.00929288116019,40.67757694168103],[-74.00949628905207,40.67771601675749],[-74.009562567253,40.67771590680849],[-74.00965816888703,40.67763486151421],[-74.0097345471344,40.67757011167916]]]]}},{"type":"Feature","properties":{"layer":"athletic_facility","name":"Red Hook Recreation Area","gispropnum":"B126","sign_name":null,"feature_class":null,"subcategory":null,"type_category":null,"borough":"B","communityboard":"306","acres":null,"address":null,"location":null,"waterfront":null,"included_reason":"intersects BKCB6 boundary","source_file":"Athletic_Facilities_20260421.geojson","facility_id":"B126-ZN02-BASEBALL-3","sport":"BSB","facility_type":"90ft base path, 200+ft fence","status":"Inactive","field_number":"03","surface_type":"Natural","accessible":"False","field_lighted":"False","zipcode":"11231"},"geometry":{"type":"MultiPolygon","coordinates":[[[[-74.00685265312089,40.67006825216082],[-74.00670862788944,40.670314000498884],[-74.00675255645722,40.67035980714702],[-74.0068033608142,40.670401288196345],[-74.00686031236374,40.670437849341106],[-74.006922593808,40.67046896562092],[-74.00698931334155,40.670494190425806],[-74.00705951411453,40.67051316360059],[-74.00713218960836,40.670525612345166],[-74.00720629783034,40.67053135751772],[-74.00728077787315,40.67053031813612],[-74.00735456056034,40.67052250867632],[-74.00742658855411,40.67050804087178],[-74.00749582818341,40.67048712281211],[-74.00756128955088,40.67046005263812],[-74.00762203126449,40.6704272203415],[-74.00767718527398,40.6703890951563],[-74.00772595923642,40.67034622465697],[-74.00776765425547,40.67029922305025],[-74.00780167197658,40.670248763969894],[-74.0078275264119,40.67019557056958],[-74.00784484630377,40.67014040561662],[-74.0078533822183,40.67008406068492],[-74.00785301363825,40.670027341745964],[-74.00784374423029,40.66997106376587],[-74.00782570775452,40.66991603269475],[-74.00763393133218,40.66985731486334],[-74.0071227700706,40.66970080834334],[-74.00705758739821,40.66971857322698],[-74.00685265312089,40.67006825216082]]]]}},{"type":"Feature","properties":{"layer":"athletic_facility","name":"Red Hook Recreation Area","gispropnum":"B126","sign_name":null,"feature_class":null,"subcategory":null,"type_category":null,"borough":"B","communityboard":"306","acres":null,"address":null,"location":null,"waterfront":null,"included_reason":"intersects BKCB6 boundary","source_file":"Athletic_Facilities_20260421.geojson","facility_id":"B126-ZN02-BASEBALL-4","sport":"BSB","facility_type":"90ft base path, 200+ft fence","status":"Inactive","field_number":"01","surface_type":"Natural","accessible":"False","field_lighted":"False","zipcode":"11231"},"geometry":{"type":"MultiPolygon","coordinates":[[[[-74.00849380404964,40.67107523586666],[-74.00844616575822,40.671036533424484],[-74.00839227639773,40.67100291752906],[-74.00833306682438,40.67097496983721],[-74.00826955657807,40.67095317114275],[-74.0082028432385,40.67093789777562],[-74.00813407522301,40.6709294125997],[-74.0080644411439,40.67092786321243],[-74.00799514024142,40.670933274743405],[-74.00792736819413,40.67094555525826],[-74.00786229464903,40.670964493058584],[-74.00780104193483,40.670989760285295],[-74.00774466614152,40.67102092192439],[-74.00769414056367,40.67105743940974],[-74.007650335597,40.671098685031936],[-74.00761400809431,40.67114394463991],[-74.00758578362685,40.671192439253645],[-74.00756614938852,40.6712433322683],[-74.0075554447345,40.67129574566352],[-74.00755385408519,40.67134877441183],[-74.00820069494415,40.67155899503666],[-74.00827752765761,40.67153183719802],[-74.00849380404964,40.67107523586666]]]]}},{"type":"Feature","properties":{"layer":"athletic_facility","name":"Coffey Park","gispropnum":"B077","sign_name":null,"feature_class":null,"subcategory":null,"type_category":null,"borough":"B","communityboard":"306","acres":null,"address":null,"location":null,"waterfront":null,"included_reason":"intersects BKCB6 boundary","source_file":"Athletic_Facilities_20260421.geojson","facility_id":"B077-01-HANDBALL-1","sport":"HDB","facility_type":"Handball","status":"Active","field_number":"02","surface_type":"Asphalt","accessible":"False","field_lighted":"False","zipcode":"11231"},"geometry":{"type":"MultiPolygon","coordinates":[[[[-74.00925191012854,40.67707847861169],[-74.00917346948363,40.677025247365734],[-74.00906121112551,40.6771187747095],[-74.00914156927759,40.677173091899746],[-74.00925191012854,40.67707847861169]]]]}},{"type":"Feature","properties":{"layer":"athletic_facility","name":"Coffey Park","gispropnum":"B077","sign_name":null,"feature_class":null,"subcategory":null,"type_category":null,"borough":"B","communityboard":"306","acres":null,"address":null,"location":null,"waterfront":null,"included_reason":"intersects BKCB6 boundary","source_file":"Athletic_Facilities_20260421.geojson","facility_id":"B077-01-HANDBALL-2","sport":"HDB","facility_type":"Handball","status":"Active","field_number":"04","surface_type":"Asphalt","accessible":"False","field_lighted":"False","zipcode":"11231"},"geometry":{"type":"MultiPolygon","coordinates":[[[[-74.00936084467914,40.676986515545856],[-74.00928416427014,40.67693469984061],[-74.00917346948363,40.677025247365734],[-74.00925191012854,40.67707847861169],[-74.00936084467914,40.676986515545856]]]]}},{"type":"Feature","properties":{"layer":"athletic_facility","name":"Park Slope Playground","gispropnum":"B320","sign_name":null,"feature_class":null,"subcategory":null,"type_category":null,"borough":"B","communityboard":"306","acres":null,"address":null,"location":null,"waterfront":null,"included_reason":"intersects BKCB6 boundary","source_file":"Athletic_Facilities_20260421.geojson","facility_id":"B320-TENNIS-1","sport":"TNS","facility_type":"Tennis","status":"Inactive","field_number":"01","surface_type":null,"accessible":"False","field_lighted":"False","zipcode":"11217"},"geometry":{"type":"MultiPolygon","coordinates":[[[[-73.97848399883875,40.676579599807674],[-73.97823210067776,40.676479705151614],[-73.97817097865712,40.67656904264505],[-73.97842287706365,40.67666893833433],[-73.97848399883875,40.676579599807674]]]]}},{"type":"Feature","properties":{"layer":"athletic_facility","name":"Boerum Park","gispropnum":"B361","sign_name":null,"feature_class":null,"subcategory":null,"type_category":null,"borough":"B","communityboard":"306","acres":null,"address":null,"location":null,"waterfront":null,"included_reason":"intersects BKCB6 boundary","source_file":"Athletic_Facilities_20260421.geojson","facility_id":"B361-TENNIS-1","sport":"TNS","facility_type":"Tennis","status":"Inactive","field_number":"01","surface_type":null,"accessible":"False","field_lighted":"False","zipcode":"11201"},"geometry":{"type":"MultiPolygon","coordinates":[[[[-73.99053612330108,40.68477167883123],[-73.99067355810848,40.684576631552865],[-73.99055040432944,40.68452608737001],[-73.99041523380941,40.68472668365738],[-73.99053612330108,40.68477167883123]]]]}},{"type":"Feature","properties":{"layer":"athletic_facility","name":"Washington Skate Park","gispropnum":"B111A","sign_name":null,"feature_class":null,"subcategory":null,"type_category":null,"borough":"B","communityboard":"306","acres":null,"address":null,"location":null,"waterfront":null,"included_reason":"intersects BKCB6 boundary","source_file":"Athletic_Facilities_20260421.geojson","facility_id":"B111A-HANDBALL-14","sport":"HDB","facility_type":null,"status":"Inactive","field_number":null,"surface_type":null,"accessible":"False","field_lighted":"False","zipcode":"11215"},"geometry":{"type":"MultiPolygon","coordinates":[[[[-73.9857076228529,40.673285678609034],[-73.9856379843149,40.67325188801397],[-73.98556612951883,40.67333773232898],[-73.98563576811004,40.673371522967194],[-73.9857076228529,40.673285678609034]]]]}},{"type":"Feature","properties":{"layer":"athletic_facility","name":"Washington Skate Park","gispropnum":"B111A","sign_name":null,"feature_class":null,"subcategory":null,"type_category":null,"borough":"B","communityboard":"306","acres":null,"address":null,"location":null,"waterfront":null,"included_reason":"intersects BKCB6 boundary","source_file":"Athletic_Facilities_20260421.geojson","facility_id":"B111A-HANDBALL-13","sport":"HDB","facility_type":null,"status":"Inactive","field_number":null,"surface_type":null,"accessible":"False","field_lighted":"False","zipcode":"11215"},"geometry":{"type":"MultiPolygon","coordinates":[[[[-73.98587284103844,40.673365503561946],[-73.98580320351634,40.673331712166856],[-73.98573134766438,40.673417555683564],[-73.98580098760542,40.673451346221604],[-73.98587284103844,40.673365503561946]]]]}},{"type":"Feature","properties":{"layer":"athletic_facility","name":"Washington Skate Park","gispropnum":"B111A","sign_name":null,"feature_class":null,"subcategory":null,"type_category":null,"borough":"B","communityboard":"306","acres":null,"address":null,"location":null,"waterfront":null,"included_reason":"intersects BKCB6 boundary","source_file":"Athletic_Facilities_20260421.geojson","facility_id":"B111A-HANDBALL-12","sport":"HDB","facility_type":null,"status":"Inactive","field_number":null,"surface_type":null,"accessible":"False","field_lighted":"False","zipcode":"11215"},"geometry":{"type":"MultiPolygon","coordinates":[[[[-73.98578190346903,40.67347048881507],[-73.98571226470041,40.67343669826574],[-73.9856404109838,40.673522541724886],[-73.98571004862269,40.673556333217704],[-73.98578190346903,40.67347048881507]]]]}},{"type":"Feature","properties":{"layer":"athletic_facility","name":"Washington Skate Park","gispropnum":"B111A","sign_name":null,"feature_class":null,"subcategory":null,"type_category":null,"borough":"B","communityboard":"306","acres":null,"address":null,"location":null,"waterfront":null,"included_reason":"intersects BKCB6 boundary","source_file":"Athletic_Facilities_20260421.geojson","facility_id":"B111A-HANDBALL-10","sport":"HDB","facility_type":null,"status":"Inactive","field_number":null,"surface_type":null,"accessible":"False","field_lighted":"False","zipcode":"11215"},"geometry":{"type":"MultiPolygon","coordinates":[[[[-73.98561668394929,40.67339066463291],[-73.98554704534756,40.67335687488378],[-73.98547519268698,40.67344271824071],[-73.98554483015926,40.67347650803285],[-73.98561668394929,40.67339066463291]]]]}},{"type":"Feature","properties":{"layer":"athletic_facility","name":"Washington Skate Park","gispropnum":"B111A","sign_name":null,"feature_class":null,"subcategory":null,"type_category":null,"borough":"B","communityboard":"306","acres":null,"address":null,"location":null,"waterfront":null,"included_reason":"intersects BKCB6 boundary","source_file":"Athletic_Facilities_20260421.geojson","facility_id":"B111A-HANDBALL-6","sport":"HDB","facility_type":null,"status":"Inactive","field_number":null,"surface_type":null,"accessible":"False","field_lighted":"False","zipcode":"11215"},"geometry":{"type":"MultiPolygon","coordinates":[[[[-73.9856995892787,40.67343089107026],[-73.9856299494104,40.67339710047078],[-73.98555809563024,40.67348294477942],[-73.98562773318633,40.67351673542175],[-73.9856995892787,40.67343089107026]]]]}},{"type":"Feature","properties":{"layer":"athletic_facility","name":"Washington Skate Park","gispropnum":"B111A","sign_name":null,"feature_class":null,"subcategory":null,"type_category":null,"borough":"B","communityboard":"306","acres":null,"address":null,"location":null,"waterfront":null,"included_reason":"intersects BKCB6 boundary","source_file":"Athletic_Facilities_20260421.geojson","facility_id":"B111A-HANDBALL-5","sport":"HDB","facility_type":null,"status":"Inactive","field_number":null,"surface_type":null,"accessible":"False","field_lighted":"False","zipcode":"11215"},"geometry":{"type":"MultiPolygon","coordinates":[[[[-73.98579052574114,40.67332590498106],[-73.98572088711897,40.673292115336835],[-73.98564903238665,40.673377957902204],[-73.98571867106172,40.673411749390596],[-73.98579052574114,40.67332590498106]]]]}},{"type":"Feature","properties":{"layer":"athletic_facility","name":"Red Hook Recreation Area","gispropnum":"B126","sign_name":null,"feature_class":null,"subcategory":null,"type_category":null,"borough":"B","communityboard":"306","acres":null,"address":null,"location":null,"waterfront":null,"included_reason":"intersects BKCB6 boundary","source_file":"Athletic_Facilities_20260421.geojson","facility_id":"B126-ZN04-CRICKET-2","sport":"CRK","facility_type":null,"status":"Inactive","field_number":null,"surface_type":"Synthetic","accessible":"False","field_lighted":"False","zipcode":"11231"},"geometry":{"type":"MultiPolygon","coordinates":[[[[-74.0056818300953,40.67333609576623],[-74.00573432084934,40.6733429109616],[-74.0057875679986,40.673343137926686],[-74.00584015459967,40.673336770428804],[-74.00589068264927,40.67332397873777],[-74.00593780738541,40.67330510332041],[-74.0059802751356,40.673280645832904],[-74.00601695525141,40.673251256511364],[-74.00604687204158,40.673217718860684],[-74.00606922960706,40.67318092353757],[-74.00608343312805,40.67314185033816],[-74.00608910423581,40.67310153938048],[-74.00608609283533,40.67306106228665],[-74.00607447828408,40.67302149606789],[-74.00605457056975,40.67298389430792],[-74.00602689847838,40.672949257447094],[-74.00599219894578,40.672918505767925],[-74.00595139576549,40.67289245868507],[-74.00590557238301,40.67287180863253],[-74.00535244375882,40.67274062613851],[-74.0052983700938,40.67273702838198],[-74.00524426030903,40.67274028712389],[-74.00519160225936,40.67275031134504],[-74.00514184593952,40.67276682542499],[-74.00509635854318,40.67278937544731],[-74.00505639371374,40.672817340006425],[-74.00502305133435,40.67284995092067],[-74.00499724677782,40.672886309441886],[-74.0049796931677,40.67292541597247],[-74.00497087062732,40.672966193479354],[-74.00497102391515,40.673007519912055],[-74.00498014823208,40.67304825882075],[-74.00499799276953,40.67308728907289],[-74.00502406662346,40.67312353637138],[-74.00505765062205,40.673156002971545],[-74.00509782334689,40.67318379469623],[-74.00514347651024,40.67320614885184],[-74.0056818300953,40.67333609576623]]]]}},{"type":"Feature","properties":{"layer":"athletic_facility","name":"Van Voorhees Playground","gispropnum":"B050","sign_name":null,"feature_class":null,"subcategory":null,"type_category":null,"borough":"B","communityboard":"306","acres":null,"address":null,"location":null,"waterfront":null,"included_reason":"intersects BKCB6 boundary","source_file":"Athletic_Facilities_20260421.geojson","facility_id":"B050-BASKETBALL-2","sport":"BKB","facility_type":"Half Court","status":"Active","field_number":"02","surface_type":"Asphalt","accessible":"False","field_lighted":"False","zipcode":"11201"},"geometry":{"type":"MultiPolygon","coordinates":[[[[-73.99999028019417,40.68998402864758],[-73.99993498363739,40.69011528293425],[-73.99996042020935,40.690116951596764],[-73.99998587097971,40.69011542613337],[-74.000010650964,40.69011074526601],[-74.00003408700842,40.69010303776884],[-74.00005455242952,40.69009308799046],[-74.00007272865803,40.69008083109499],[-74.00008817205352,40.69006656605431],[-74.00010050522698,40.69005064316942],[-74.00010942650526,40.69003345146337],[-74.00011471702878,40.69001541147678],[-73.99999028019417,40.68998402864758]]]]}},{"type":"Feature","properties":{"layer":"athletic_facility","name":"Van Voorhees Playground","gispropnum":"B050","sign_name":null,"feature_class":null,"subcategory":null,"type_category":null,"borough":"B","communityboard":"306","acres":null,"address":null,"location":null,"waterfront":null,"included_reason":"intersects BKCB6 boundary","source_file":"Athletic_Facilities_20260421.geojson","facility_id":"B050-TENNIS-2","sport":"TNS","facility_type":"Tennis","status":"Active","field_number":"02","surface_type":"Asphalt","accessible":"False","field_lighted":"False","zipcode":"11201"},"geometry":{"type":"MultiPolygon","coordinates":[[[[-74.0000805685074,40.689946858135116],[-74.00016911840987,40.68974107005081],[-74.00004043023728,40.68971072647324],[-73.99995637078966,40.68991653967549],[-74.0000805685074,40.689946858135116]]]]}},{"type":"Feature","properties":{"layer":"athletic_facility","name":"Van Voorhees Playground","gispropnum":"B050","sign_name":null,"feature_class":null,"subcategory":null,"type_category":null,"borough":"B","communityboard":"306","acres":null,"address":null,"location":null,"waterfront":null,"included_reason":"intersects BKCB6 boundary","source_file":"Athletic_Facilities_20260421.geojson","facility_id":"B050-TENNIS-1","sport":"TNS","facility_type":"Tennis","status":"Active","field_number":"01","surface_type":"Asphalt","accessible":"False","field_lighted":"False","zipcode":"11201"},"geometry":{"type":"MultiPolygon","coordinates":[[[[-73.99992750585746,40.68990861694544],[-74.00001224799499,40.689703806035276],[-73.99989276160075,40.689673453285934],[-73.99980179635983,40.689878028163854],[-73.99992750585746,40.68990861694544]]]]}},{"type":"Feature","properties":{"layer":"athletic_facility","name":"Harold Ickes Playground","gispropnum":"B210H","sign_name":null,"feature_class":null,"subcategory":null,"type_category":null,"borough":"B","communityboard":"306","acres":null,"address":null,"location":null,"waterfront":null,"included_reason":"intersects BKCB6 boundary","source_file":"Athletic_Facilities_20260421.geojson","facility_id":"B210H-BASEBALL-1","sport":"SFB","facility_type":"60ft base path, 150-200ft fence","status":"Active","field_number":"01","surface_type":"Asphalt","accessible":"False","field_lighted":"False","zipcode":"11231"},"geometry":{"type":"MultiPolygon","coordinates":[[[[-74.00612247832997,40.682965831716466],[-74.00627038307596,40.682842234505685],[-74.00626789858343,40.68282564357053],[-74.0062465605846,40.68278102335996],[-74.00620646242142,40.68274464926516],[-74.00615244025124,40.68272090921304],[-74.00612219858553,40.682714742304874],[-74.00605982255318,40.68271474560671],[-74.00600120845372,40.682730990349874],[-74.00595342869661,40.68276151575527],[-74.00592224371925,40.68280264113896],[-74.0059114171002,40.68284911902591],[-74.00608279391258,40.68296583382114],[-74.00612247832997,40.682965831716466]]]]}},{"type":"Feature","properties":{"layer":"athletic_facility","name":"Carroll Park","gispropnum":"B019","sign_name":null,"feature_class":null,"subcategory":null,"type_category":null,"borough":"B","communityboard":"306","acres":null,"address":null,"location":null,"waterfront":null,"included_reason":"intersects BKCB6 boundary","source_file":"Athletic_Facilities_20260421.geojson","facility_id":"B019-BASEBALL-1","sport":"SFB","facility_type":"60ft base path, 150-200ft fence","status":"Active","field_number":"01","surface_type":"Asphalt","accessible":"False","field_lighted":"False","zipcode":"11231"},"geometry":{"type":"MultiPolygon","coordinates":[[[[-73.99621204593734,40.68128395920267],[-73.99619807252846,40.68120082056882],[-73.99613079451989,40.68112514991775],[-73.99603598847297,40.681092551678006],[-73.99584637764538,40.681049472493726],[-73.99573780657371,40.681073914783],[-73.99564848638593,40.68115935583094],[-73.99560476106237,40.68123223008259],[-73.99556193654756,40.68134747714671],[-73.99604334629645,40.681526074774965],[-73.99611011906887,40.68150801814039],[-73.99621204593734,40.68128395920267]]]]}},{"type":"Feature","properties":{"layer":"athletic_facility","name":"Red Hook Recreation Area","gispropnum":"B126","sign_name":null,"feature_class":null,"subcategory":null,"type_category":null,"borough":"B","communityboard":"306","acres":null,"address":null,"location":null,"waterfront":null,"included_reason":"intersects BKCB6 boundary","source_file":"Athletic_Facilities_20260421.geojson","facility_id":"B126-ZN04-CRICKET-1","sport":"CRK","facility_type":null,"status":"Inactive","field_number":null,"surface_type":"Synthetic","accessible":"False","field_lighted":"False","zipcode":"11231"},"geometry":{"type":"MultiPolygon","coordinates":[[[[-74.00563998881701,40.673763344487796],[-74.00569247990303,40.673770159701895],[-74.00574572739323,40.67377038668633],[-74.0057983143352,40.673764019207894],[-74.00584884271655,40.67375122753592],[-74.00589596776636,40.673732352136646],[-74.00593843580396,40.67370789466585],[-74.00597511617319,40.67367850535915],[-74.00600503317604,40.67364496772108],[-74.00602739090782,40.67360817240798],[-74.00604159454433,40.673569099215754],[-74.0060472657137,40.6735287882622],[-74.0060442543193,40.67348831116934],[-74.00603263971848,40.6734487449484],[-74.00601273190021,40.67341114318311],[-74.0059850596533,40.673376506314],[-74.0059503599177,40.673345754623796],[-74.00590955649236,40.67331970752744],[-74.0058637328293,40.67329905745929],[-74.00531060074404,40.67316787477083],[-74.00525652673488,40.67316427699482],[-74.00520241660148,40.6731675357169],[-74.00514975820815,40.673177559918365],[-74.00510000155921,40.67319407397939],[-74.00505451385732,40.67321662398401],[-74.00501454875432,40.67324458852717],[-74.00498120614087,40.6732771994276],[-74.00495540139623,40.67331355793757],[-74.00493784764912,40.67335266445974],[-74.00492902502663,40.673393441961316],[-74.00492917828952,40.67343476839196],[-74.00493830263935,40.6734755073019],[-74.00495614726663,40.67351453755852],[-74.00498222126485,40.673550784864624],[-74.0050158054582,40.67358325147534],[-74.00505597842294,40.67361104321321],[-74.00510163186473,40.67363339738427],[-74.00563998881701,40.673763344487796]]]]}},{"type":"Feature","properties":{"layer":"athletic_facility","name":"Red Hook Recreation Area","gispropnum":"B126","sign_name":null,"feature_class":null,"subcategory":null,"type_category":null,"borough":"B","communityboard":"306","acres":null,"address":null,"location":null,"waterfront":null,"included_reason":"intersects BKCB6 boundary","source_file":"Athletic_Facilities_20260421.geojson","facility_id":"B126-ZN02-CRICKET-1","sport":"CRK","facility_type":null,"status":"Inactive","field_number":null,"surface_type":"Natural","accessible":"False","field_lighted":"False","zipcode":"11231"},"geometry":{"type":"MultiPolygon","coordinates":[[[[-74.00821200810411,40.67022799474081],[-74.00822432690245,40.670188926800805],[-74.00822816687744,40.67014885449079],[-74.00822342882942,40.670108838625914],[-74.00821023472044,40.670069936401504],[-74.00818893594852,40.670033176178244],[-74.00816009560181,40.66999953046842],[-74.00812447426176,40.66996988802144],[-74.0080830146249,40.6699450331137],[-74.00803681311534,40.66992562213819],[-74.00798709149895,40.669912168298154],[-74.00793516376771,40.66990502900307],[-74.00788240302451,40.669904390562586],[-74.00783020363926,40.66991027089105],[-74.00777994577014,40.6699225150071],[-74.00773295751988,40.66994079863852],[-74.00769048300619,40.66996463902983],[-74.00765364333584,40.669993404850004],[-74.00762341295356,40.670026336004966],[-74.00760059125992,40.67006256254906],[-74.00727468139534,40.67076087116637],[-74.00726241278969,40.67079992549111],[-74.00725861358919,40.67083997705128],[-74.00726338540586,40.670879967735786],[-74.00727659922568,40.67091884214784],[-74.00729790960146,40.67095557371886],[-74.00732675110639,40.670989192625406],[-74.00736236317196,40.67101881100251],[-74.00740380546496,40.671043646356566],[-74.0074499839091,40.671063043176964],[-74.00749967907205,40.67107648914447],[-74.00755157691842,40.67108362863711],[-74.00760430902454,40.6710842744353],[-74.00765648333063,40.67107840862016],[-74.00770671962447,40.67106618527307],[-74.00775369212008,40.671047928671406],[-74.00779616257398,40.671024120678744],[-74.00783300630434,40.670995389035724],[-74.00786325240173,40.67096249384913],[-74.00788610146692,40.67092630237505],[-74.00821200810411,40.67022799474081]]]]}},{"type":"Feature","properties":{"layer":"athletic_facility","name":"Ennis Playground","gispropnum":"B095","sign_name":null,"feature_class":null,"subcategory":null,"type_category":null,"borough":"B","communityboard":"306","acres":null,"address":null,"location":null,"waterfront":null,"included_reason":"intersects BKCB6 boundary","source_file":"Athletic_Facilities_20260421.geojson","facility_id":"B095-BASKETBALL-1","sport":"BKB","facility_type":"Full Court","status":"Active","field_number":"01","surface_type":"Asphalt","accessible":"False","field_lighted":"False","zipcode":"11215"},"geometry":{"type":"MultiPolygon","coordinates":[[[[-73.99412741359342,40.670675758025645],[-73.99420956410668,40.670575692419966],[-73.99399930862982,40.67047857727156],[-73.9939232406277,40.6705774651756],[-73.99412741359342,40.670675758025645]]]]}},{"type":"Feature","properties":{"layer":"athletic_facility","name":"Park Slope Playground","gispropnum":"B320","sign_name":null,"feature_class":null,"subcategory":null,"type_category":null,"borough":"B","communityboard":"306","acres":null,"address":null,"location":null,"waterfront":null,"included_reason":"intersects BKCB6 boundary","source_file":"Athletic_Facilities_20260421.geojson","facility_id":"B320-BASKETBALL-2","sport":"BKB","facility_type":"Full Court","status":"Active","field_number":"01","surface_type":"Asphalt","accessible":"False","field_lighted":"False","zipcode":"11217"},"geometry":{"type":"MultiPolygon","coordinates":[[[[-73.97842033724707,40.67700628327764],[-73.97854390832644,40.676824054818304],[-73.97839206270895,40.67676377296167],[-73.97826920284614,40.67694762952422],[-73.97842033724707,40.67700628327764]]]]}},{"type":"Feature","properties":{"layer":"athletic_facility","name":"Park Slope Playground","gispropnum":"B320","sign_name":null,"feature_class":null,"subcategory":null,"type_category":null,"borough":"B","communityboard":"306","acres":null,"address":null,"location":null,"waterfront":null,"included_reason":"intersects BKCB6 boundary","source_file":"Athletic_Facilities_20260421.geojson","facility_id":"B320-BASKETBALL-1","sport":"BKB","facility_type":"Half Court","status":"Active","field_number":"02","surface_type":"Asphalt","accessible":"False","field_lighted":"False","zipcode":"11217"},"geometry":{"type":"MultiPolygon","coordinates":[[[[-73.97821386967516,40.67703163347959],[-73.97836438569827,40.677090008929724],[-73.97841208345875,40.67702135634533],[-73.97826000302523,40.67696196398037],[-73.97821386967516,40.67703163347959]]]]}},{"type":"Feature","properties":{"layer":"athletic_facility","name":"Washington Skate Park","gispropnum":"B111A","sign_name":null,"feature_class":null,"subcategory":null,"type_category":null,"borough":"B","communityboard":"306","acres":null,"address":null,"location":null,"waterfront":null,"included_reason":"intersects BKCB6 boundary","source_file":"Athletic_Facilities_20260421.geojson","facility_id":"B111A-BASKETBALL-4","sport":"BKB","facility_type":"Full Court","status":"Active","field_number":"02","surface_type":"Asphalt","accessible":"False","field_lighted":"False","zipcode":"11215"},"geometry":{"type":"MultiPolygon","coordinates":[[[[-73.9854430745058,40.672703638917916],[-73.9855531799858,40.672571784959075],[-73.98540095353171,40.67249977405811],[-73.98529116377505,40.672631101111435],[-73.9854430745058,40.672703638917916]]]]}},{"type":"Feature","properties":{"layer":"athletic_facility","name":"St. Mary's Park","gispropnum":"B118A","sign_name":null,"feature_class":null,"subcategory":null,"type_category":null,"borough":"B","communityboard":"306","acres":null,"address":null,"location":null,"waterfront":null,"included_reason":"intersects BKCB6 boundary","source_file":"Athletic_Facilities_20260421.geojson","facility_id":"B118A-BASKETBALL-2","sport":"BKB","facility_type":"Full Court","status":"Inactive","field_number":"02","surface_type":"Asphalt","accessible":"False","field_lighted":"False","zipcode":"11231"},"geometry":{"type":"MultiPolygon","coordinates":[[[[-73.99740575098123,40.67631541540648],[-73.99744907809561,40.676220232866605],[-73.99722454955527,40.6761577643637],[-73.99717799323783,40.67625038387561],[-73.99740575098123,40.67631541540648]]]]}},{"type":"Feature","properties":{"layer":"athletic_facility","name":"St. Mary's Park","gispropnum":"B118A","sign_name":null,"feature_class":null,"subcategory":null,"type_category":null,"borough":"B","communityboard":"306","acres":null,"address":null,"location":null,"waterfront":null,"included_reason":"intersects BKCB6 boundary","source_file":"Athletic_Facilities_20260421.geojson","facility_id":"B118A-BASKETBALL-1","sport":"BKB","facility_type":"Full Court","status":"Inactive","field_number":"01","surface_type":"Asphalt","accessible":"False","field_lighted":"False","zipcode":"11231"},"geometry":{"type":"MultiPolygon","coordinates":[[[[-73.99721510896117,40.67671310886963],[-73.997258436606,40.6766179264061],[-73.99703266611537,40.67655617431192],[-73.9969873500455,40.67664807696447],[-73.99721510896117,40.67671310886963]]]]}},{"type":"Feature","properties":{"layer":"athletic_facility","name":"Carroll Park","gispropnum":"B019","sign_name":null,"feature_class":null,"subcategory":null,"type_category":null,"borough":"B","communityboard":"306","acres":null,"address":null,"location":null,"waterfront":null,"included_reason":"intersects BKCB6 boundary","source_file":"Athletic_Facilities_20260421.geojson","facility_id":"B019-BASKETBALL-3","sport":"BKB","facility_type":"Half Court","status":"Active","field_number":"03","surface_type":"Asphalt","accessible":"False","field_lighted":"False","zipcode":"11231"},"geometry":{"type":"MultiPolygon","coordinates":[[[[-73.99622951548484,40.68129239489294],[-73.99629143702748,40.68116683280641],[-73.99614984682233,40.6811316693793],[-73.99609502958418,40.68125491460845],[-73.99622951548484,40.68129239489294]]]]}},{"type":"Feature","properties":{"layer":"athletic_facility","name":"Carroll Park","gispropnum":"B019","sign_name":null,"feature_class":null,"subcategory":null,"type_category":null,"borough":"B","communityboard":"306","acres":null,"address":null,"location":null,"waterfront":null,"included_reason":"intersects BKCB6 boundary","source_file":"Athletic_Facilities_20260421.geojson","facility_id":"B019-BASKETBALL-2","sport":"BKB","facility_type":"Half Court","status":"Active","field_number":"02","surface_type":"Asphalt","accessible":"False","field_lighted":"False","zipcode":"11231"},"geometry":{"type":"MultiPolygon","coordinates":[[[[-73.99560063986053,40.681143103332005],[-73.9957219831893,40.681184319940456],[-73.99579191098208,40.681064175912],[-73.99566846926278,40.681025062898925],[-73.99560063986053,40.681143103332005]]]]}},{"type":"Feature","properties":{"layer":"athletic_facility","name":"Carroll Park","gispropnum":"B019","sign_name":null,"feature_class":null,"subcategory":null,"type_category":null,"borough":"B","communityboard":"306","acres":null,"address":null,"location":null,"waterfront":null,"included_reason":"intersects BKCB6 boundary","source_file":"Athletic_Facilities_20260421.geojson","facility_id":"B019-BASKETBALL-1","sport":"BKB","facility_type":"Half Court","status":"Active","field_number":"01","surface_type":"Asphalt","accessible":"False","field_lighted":"False","zipcode":"11231"},"geometry":{"type":"MultiPolygon","coordinates":[[[[-73.99560063986053,40.681143103332005],[-73.9955319359647,40.68126266555841],[-73.99565295068876,40.681302926780724],[-73.9957219831893,40.681184319940456],[-73.99560063986053,40.681143103332005]]]]}},{"type":"Feature","properties":{"layer":"athletic_facility","name":"Ennis Playground","gispropnum":"B095","sign_name":null,"feature_class":null,"subcategory":null,"type_category":null,"borough":"B","communityboard":"306","acres":null,"address":null,"location":null,"waterfront":null,"included_reason":"intersects BKCB6 boundary","source_file":"Athletic_Facilities_20260421.geojson","facility_id":"B095-BASKETBALL-2","sport":"BKB","facility_type":"Half Court","status":"Removed","field_number":"02","surface_type":"Asphalt","accessible":"False","field_lighted":"False","zipcode":"11215"},"geometry":{"type":"MultiPolygon","coordinates":[[[[-73.99378430684403,40.670630967276736],[-73.99373388002316,40.67069625730788],[-73.99382358739248,40.6707366691834],[-73.99387347240493,40.67067220845904],[-73.99378430684403,40.670630967276736]]]]}},{"type":"Feature","properties":{"layer":"athletic_facility","name":"Red Hook Recreation Area","gispropnum":"B126","sign_name":null,"feature_class":null,"subcategory":null,"type_category":null,"borough":"B","communityboard":"306","acres":null,"address":null,"location":null,"waterfront":null,"included_reason":"intersects BKCB6 boundary","source_file":"Athletic_Facilities_20260421.geojson","facility_id":"B126-ZN03-SOCCER-1","sport":"SCR","facility_type":"160 x 360ft rectangular","status":"Closed Temporarily","field_number":"03","surface_type":"Synthetic","accessible":"False","field_lighted":"False","zipcode":"11231"},"geometry":{"type":"MultiPolygon","coordinates":[[[[-74.00770318098462,40.671967407683425],[-74.00647770027548,40.671626480602164],[-74.00624969180025,40.67210347812123],[-74.00746419113679,40.672452775912035],[-74.00770318098462,40.671967407683425]]]]}},{"type":"Feature","properties":{"layer":"athletic_facility","name":"Red Hook Recreation Area","gispropnum":"B126","sign_name":null,"feature_class":null,"subcategory":null,"type_category":null,"borough":"B","communityboard":"306","acres":null,"address":null,"location":null,"waterfront":null,"included_reason":"intersects BKCB6 boundary","source_file":"Athletic_Facilities_20260421.geojson","facility_id":"B126-ZN07-SOCCER-1","sport":"SCR","facility_type":"45-146ft W x 75-294ft L","status":"Active","field_number":"06","surface_type":"Natural","accessible":"False","field_lighted":"False","zipcode":"11231"},"geometry":{"type":"MultiPolygon","coordinates":[[[[-74.00155545157104,40.67162787895044],[-74.00141532882304,40.67192599542844],[-74.0022423762664,40.6721550607434],[-74.00238386908342,40.6718611261311],[-74.00155545157104,40.67162787895044]]]]}},{"type":"Feature","properties":{"layer":"athletic_facility","name":"Red Hook Recreation Area","gispropnum":"B126","sign_name":null,"feature_class":null,"subcategory":null,"type_category":null,"borough":"B","communityboard":"306","acres":null,"address":null,"location":null,"waterfront":null,"included_reason":"intersects BKCB6 boundary","source_file":"Athletic_Facilities_20260421.geojson","facility_id":"B126-ZN05-SOCCER-1","sport":"SCR","facility_type":"147-295ft W x 295-393ft L","status":"Closed Temporarily","field_number":"02","surface_type":"Synthetic","accessible":"False","field_lighted":"False","zipcode":"11231"},"geometry":{"type":"MultiPolygon","coordinates":[[[[-74.0035240064977,40.67172702724846],[-74.00421721664812,40.67192437075069],[-74.0046926147562,40.67104436611871],[-74.00397810762581,40.6708344279893],[-74.0035240064977,40.67172702724846]]]]}},{"type":"Feature","properties":{"layer":"athletic_facility","name":"Thomas Greene Playground","gispropnum":"B145","sign_name":null,"feature_class":null,"subcategory":null,"type_category":null,"borough":"B","communityboard":"306","acres":null,"address":null,"location":null,"waterfront":null,"included_reason":"intersects BKCB6 boundary","source_file":"Athletic_Facilities_20260421.geojson","facility_id":"B145-BASKETBALL-4","sport":"BKB","facility_type":"Full Court","status":"Active","field_number":"02","surface_type":"Asphalt","accessible":"False","field_lighted":"False","zipcode":"11217"},"geometry":{"type":"MultiPolygon","coordinates":[[[[-73.98534428027088,40.68020933029891],[-73.98542630493199,40.680084730244744],[-73.98514841531188,40.6799762853913],[-73.98506513884838,40.68010064735083],[-73.98534428027088,40.68020933029891]]]]}},{"type":"Feature","properties":{"layer":"athletic_facility","name":"Thomas Greene Playground","gispropnum":"B145","sign_name":null,"feature_class":null,"subcategory":null,"type_category":null,"borough":"B","communityboard":"306","acres":null,"address":null,"location":null,"waterfront":null,"included_reason":"intersects BKCB6 boundary","source_file":"Athletic_Facilities_20260421.geojson","facility_id":"B145-BASKETBALL-3","sport":"BKB","facility_type":"Full Court","status":"Active","field_number":"01","surface_type":"Asphalt","accessible":"False","field_lighted":"False","zipcode":"11217"},"geometry":{"type":"MultiPolygon","coordinates":[[[[-73.98514342984227,40.68049000746049],[-73.98522212608754,40.68037320287866],[-73.98495608379562,40.68026731564587],[-73.98487960908811,40.68038734688202],[-73.98514342984227,40.68049000746049]]]]}},{"type":"Feature","properties":{"layer":"athletic_facility","name":"Nicholas Naquan Heyward Jr. Park","gispropnum":"B230","sign_name":null,"feature_class":null,"subcategory":null,"type_category":null,"borough":"B","communityboard":"306","acres":null,"address":null,"location":null,"waterfront":null,"included_reason":"intersects BKCB6 boundary","source_file":"Athletic_Facilities_20260421.geojson","facility_id":"B230-BASKETBALL-2","sport":"BKB","facility_type":"Full Court","status":"Active","field_number":"02","surface_type":"Asphalt","accessible":"False","field_lighted":"False","zipcode":"11217"},"geometry":{"type":"MultiPolygon","coordinates":[[[[-73.98777741401605,40.68451213662806],[-73.98785257256266,40.68439345415874],[-73.98759308495741,40.68429321458826],[-73.98751707787629,40.68441199045095],[-73.98777741401605,40.68451213662806]]]]}},{"type":"Feature","properties":{"layer":"athletic_facility","name":"Nicholas Naquan Heyward Jr. Park","gispropnum":"B230","sign_name":null,"feature_class":null,"subcategory":null,"type_category":null,"borough":"B","communityboard":"306","acres":null,"address":null,"location":null,"waterfront":null,"included_reason":"intersects BKCB6 boundary","source_file":"Athletic_Facilities_20260421.geojson","facility_id":"B230-BASKETBALL-1","sport":"BKB","facility_type":"Full Court","status":"Active","field_number":"01","surface_type":"Asphalt","accessible":"False","field_lighted":"False","zipcode":"11217"},"geometry":{"type":"MultiPolygon","coordinates":[[[[-73.98767476103997,40.684657366854815],[-73.98775195178746,40.684541083639914],[-73.98749553239433,40.684440379512665],[-73.98741959123537,40.684559055358996],[-73.98767476103997,40.684657366854815]]]]}},{"type":"Feature","properties":{"layer":"athletic_facility","name":"Van Voorhees Playground","gispropnum":"B050","sign_name":null,"feature_class":null,"subcategory":null,"type_category":null,"borough":"B","communityboard":"306","acres":null,"address":null,"location":null,"waterfront":null,"included_reason":"intersects BKCB6 boundary","source_file":"Athletic_Facilities_20260421.geojson","facility_id":"B050-BASKETBALL-1","sport":"BKB","facility_type":"Full Court","status":"Active","field_number":"01","surface_type":"Asphalt","accessible":"False","field_lighted":"False","zipcode":"11201"},"geometry":{"type":"MultiPolygon","coordinates":[[[[-73.99997711178115,40.68999910323716],[-73.9997125146747,40.68993257026128],[-73.99965721761382,40.690063824415326],[-73.99992121893354,40.6901299054592],[-73.99997711178115,40.68999910323716]]]]}},{"type":"Feature","properties":{"layer":"athletic_facility","name":"Boerum Park","gispropnum":"B361","sign_name":null,"feature_class":null,"subcategory":null,"type_category":null,"borough":"B","communityboard":"306","acres":null,"address":null,"location":null,"waterfront":null,"included_reason":"intersects BKCB6 boundary","source_file":"Athletic_Facilities_20260421.geojson","facility_id":"B361-BASKETBALL-1","sport":"BKB","facility_type":"Full Court","status":"Active","field_number":"01","surface_type":"Asphalt","accessible":"False","field_lighted":"False","zipcode":"11201"},"geometry":{"type":"MultiPolygon","coordinates":[[[[-73.99057927431247,40.68484230696904],[-73.99034645957963,40.68475207509966],[-73.99026547246817,40.684875307194496],[-73.99049590610711,40.6849664944748],[-73.99057927431247,40.68484230696904]]]]}},{"type":"Feature","properties":{"layer":"athletic_facility","name":"Thomas Greene Playground","gispropnum":"B145","sign_name":null,"feature_class":null,"subcategory":null,"type_category":null,"borough":"B","communityboard":"306","acres":null,"address":null,"location":null,"waterfront":null,"included_reason":"intersects BKCB6 boundary","source_file":"Athletic_Facilities_20260421.geojson","facility_id":"B145-BASKETBALL-2","sport":"BKB","facility_type":"Half Court","status":"Active","field_number":"03","surface_type":"Asphalt","accessible":"False","field_lighted":"False","zipcode":"11217"},"geometry":{"type":"MultiPolygon","coordinates":[[[[-73.98545230853773,40.68010312744134],[-73.9853959462689,40.680189513846074],[-73.9855473712728,40.68024724692906],[-73.98560268902109,40.68016041366503],[-73.98545230853773,40.68010312744134]]]]}},{"type":"Feature","properties":{"layer":"athletic_facility","name":"Thomas Greene Playground","gispropnum":"B145","sign_name":null,"feature_class":null,"subcategory":null,"type_category":null,"borough":"B","communityboard":"306","acres":null,"address":null,"location":null,"waterfront":null,"included_reason":"intersects BKCB6 boundary","source_file":"Athletic_Facilities_20260421.geojson","facility_id":"B145-BASKETBALL-1","sport":"BKB","facility_type":"Half Court","status":"Active","field_number":"04","surface_type":"Asphalt","accessible":"False","field_lighted":"False","zipcode":"11217"},"geometry":{"type":"MultiPolygon","coordinates":[[[[-73.98525258228791,40.680395954678254],[-73.98518823681397,40.68050141825072],[-73.98534176388385,40.6805557074054],[-73.98540495663795,40.68045213558217],[-73.98525258228791,40.680395954678254]]]]}},{"type":"Feature","properties":{"layer":"athletic_facility","name":"Washington Skate Park","gispropnum":"B111A","sign_name":null,"feature_class":null,"subcategory":null,"type_category":null,"borough":"B","communityboard":"306","acres":null,"address":null,"location":null,"waterfront":null,"included_reason":"intersects BKCB6 boundary","source_file":"Athletic_Facilities_20260421.geojson","facility_id":"B111A-BASKETBALL-3","sport":"BKB","facility_type":"Full Court","status":"Active","field_number":"01","surface_type":"Asphalt","accessible":"False","field_lighted":"False","zipcode":"11215"},"geometry":{"type":"MultiPolygon","coordinates":[[[[-73.98573567285956,40.672793145349154],[-73.98581688922545,40.67269682008083],[-73.98563995680288,40.67261069807793],[-73.98556137037399,40.67270845357049],[-73.98573567285956,40.672793145349154]]]]}},{"type":"Feature","properties":{"layer":"athletic_facility","name":"Washington Skate Park","gispropnum":"B111A","sign_name":null,"feature_class":null,"subcategory":null,"type_category":null,"borough":"B","communityboard":"306","acres":null,"address":null,"location":null,"waterfront":null,"included_reason":"intersects BKCB6 boundary","source_file":"Athletic_Facilities_20260421.geojson","facility_id":"B111A-BASKETBALL-5","sport":"BKB","facility_type":"Full Court","status":"Active","field_number":"05","surface_type":"Asphalt","accessible":"False","field_lighted":"False","zipcode":"11215"},"geometry":{"type":"MultiPolygon","coordinates":[[[[-73.9855164184356,40.67231548201073],[-73.98533573040122,40.67222707085387],[-73.98525906927108,40.672320312107175],[-73.9854390056789,40.67240672144308],[-73.9855164184356,40.67231548201073]]]]}},{"type":"Feature","properties":{"layer":"athletic_facility","name":"Washington Skate Park","gispropnum":"B111A","sign_name":null,"feature_class":null,"subcategory":null,"type_category":null,"borough":"B","communityboard":"306","acres":null,"address":null,"location":null,"waterfront":null,"included_reason":"intersects BKCB6 boundary","source_file":"Athletic_Facilities_20260421.geojson","facility_id":"B111A-BASKETBALL-6","sport":"BKB","facility_type":"Full Court","status":"Active","field_number":"03","surface_type":"Asphalt","accessible":"False","field_lighted":"False","zipcode":"11215"},"geometry":{"type":"MultiPolygon","coordinates":[[[[-73.98530109169094,40.67257175302809],[-73.98511927597981,40.672483913217086],[-73.98504336554203,40.67257601076667],[-73.98522425399493,40.67266451695878],[-73.98530109169094,40.67257175302809]]]]}},{"type":"Feature","properties":{"layer":"athletic_facility","name":"Washington Skate Park","gispropnum":"B111A","sign_name":null,"feature_class":null,"subcategory":null,"type_category":null,"borough":"B","communityboard":"306","acres":null,"address":null,"location":null,"waterfront":null,"included_reason":"intersects BKCB6 boundary","source_file":"Athletic_Facilities_20260421.geojson","facility_id":"B111A-BASKETBALL-7","sport":"BKB","facility_type":"Full Court","status":"Active","field_number":"04","surface_type":"Asphalt","accessible":"False","field_lighted":"False","zipcode":"11215"},"geometry":{"type":"MultiPolygon","coordinates":[[[[-73.9854166015614,40.6724486880158],[-73.98523464066723,40.672360355785614],[-73.98515797936987,40.67245302514292],[-73.98533829198706,40.67254000651059],[-73.9854166015614,40.6724486880158]]]]}},{"type":"Feature","properties":{"layer":"athletic_facility","name":"Washington Skate Park","gispropnum":"B111A","sign_name":null,"feature_class":null,"subcategory":null,"type_category":null,"borough":"B","communityboard":"306","acres":null,"address":null,"location":null,"waterfront":null,"included_reason":"intersects BKCB6 boundary","source_file":"Athletic_Facilities_20260421.geojson","facility_id":"B111A-HANDBALL-7","sport":"HDB","facility_type":"Handball","status":"Active","field_number":"05","surface_type":"Concrete","accessible":"False","field_lighted":"False","zipcode":"11215"},"geometry":{"type":"MultiPolygon","coordinates":[[[[-73.98552948378955,40.67287796073324],[-73.98561127818057,40.67291660669297],[-73.98569297951339,40.6728160932783],[-73.98561020031458,40.67277590106849],[-73.98552948378955,40.67287796073324]]]]}},{"type":"Feature","properties":{"layer":"athletic_facility","name":"Washington Skate Park","gispropnum":"B111A","sign_name":null,"feature_class":null,"subcategory":null,"type_category":null,"borough":"B","communityboard":"306","acres":null,"address":null,"location":null,"waterfront":null,"included_reason":"intersects BKCB6 boundary","source_file":"Athletic_Facilities_20260421.geojson","facility_id":"B111A-HANDBALL-8","sport":"HDB","facility_type":"Handball","status":"Active","field_number":"06","surface_type":"Concrete","accessible":"False","field_lighted":"False","zipcode":"11215"},"geometry":{"type":"MultiPolygon","coordinates":[[[[-73.98561127818057,40.67291660669297],[-73.98569598539032,40.67295691890954],[-73.98577945804412,40.672857991461306],[-73.98569297951339,40.6728160932783],[-73.98561127818057,40.67291660669297]]]]}},{"type":"Feature","properties":{"layer":"athletic_facility","name":"Washington Skate Park","gispropnum":"B111A","sign_name":null,"feature_class":null,"subcategory":null,"type_category":null,"borough":"B","communityboard":"306","acres":null,"address":null,"location":null,"waterfront":null,"included_reason":"intersects BKCB6 boundary","source_file":"Athletic_Facilities_20260421.geojson","facility_id":"B111A-HANDBALL-9","sport":"HDB","facility_type":"Handball","status":"Active","field_number":"03","surface_type":"Concrete","accessible":"False","field_lighted":"False","zipcode":"11215"},"geometry":{"type":"MultiPolygon","coordinates":[[[[-73.98543991122935,40.6728366401016],[-73.98535840394786,40.6729349254867],[-73.98544709400772,40.67297743655063],[-73.98552948378955,40.67287796073324],[-73.98543991122935,40.6728366401016]]]]}},{"type":"Feature","properties":{"layer":"athletic_facility","name":"Thomas Greene Playground","gispropnum":"B145","sign_name":null,"feature_class":null,"subcategory":null,"type_category":null,"borough":"B","communityboard":"306","acres":null,"address":null,"location":null,"waterfront":null,"included_reason":"intersects BKCB6 boundary","source_file":"Athletic_Facilities_20260421.geojson","facility_id":"B145-HANDBALL-6","sport":"HDB","facility_type":"Handball","status":"Active","field_number":"01","surface_type":"Asphalt","accessible":"False","field_lighted":"False","zipcode":"11217"},"geometry":{"type":"MultiPolygon","coordinates":[[[[-73.98615817884358,40.680770435286675],[-73.98605439935022,40.680730363378245],[-73.98597344507908,40.6808516852283],[-73.98607722471277,40.68089175630867],[-73.98615817884358,40.680770435286675]]]]}},{"type":"Feature","properties":{"layer":"athletic_facility","name":"Thomas Greene Playground","gispropnum":"B145","sign_name":null,"feature_class":null,"subcategory":null,"type_category":null,"borough":"B","communityboard":"306","acres":null,"address":null,"location":null,"waterfront":null,"included_reason":"intersects BKCB6 boundary","source_file":"Athletic_Facilities_20260421.geojson","facility_id":"B145-HANDBALL-7","sport":"HDB","facility_type":"Handball","status":"Active","field_number":"07","surface_type":"Asphalt","accessible":"False","field_lighted":"False","zipcode":"11217"},"geometry":{"type":"MultiPolygon","coordinates":[[[[-73.98620130769176,40.68051308879379],[-73.98630694034881,40.68055387399873],[-73.98639011017859,40.680427593039475],[-73.98628448003623,40.680386808811086],[-73.98620130769176,40.68051308879379]]]]}},{"type":"Feature","properties":{"layer":"athletic_facility","name":"Thomas Greene Playground","gispropnum":"B145","sign_name":null,"feature_class":null,"subcategory":null,"type_category":null,"borough":"B","communityboard":"306","acres":null,"address":null,"location":null,"waterfront":null,"included_reason":"intersects BKCB6 boundary","source_file":"Athletic_Facilities_20260421.geojson","facility_id":"B145-HANDBALL-8","sport":"HDB","facility_type":"Handball","status":"Active","field_number":"03","surface_type":"Asphalt","accessible":"False","field_lighted":"False","zipcode":"11217"},"geometry":{"type":"MultiPolygon","coordinates":[[[[-73.98623604490979,40.680657123911146],[-73.98613116792555,40.680616640405],[-73.98605439935022,40.680730363378245],[-73.98615817884358,40.680770435286675],[-73.98623604490979,40.680657123911146]]]]}},{"type":"Feature","properties":{"layer":"athletic_facility","name":"Van Voorhees Playground","gispropnum":"B050","sign_name":null,"feature_class":null,"subcategory":null,"type_category":null,"borough":"B","communityboard":"306","acres":null,"address":null,"location":null,"waterfront":null,"included_reason":"intersects BKCB6 boundary","source_file":"Athletic_Facilities_20260421.geojson","facility_id":"B050-HANDBALL-4","sport":"HDB","facility_type":"Handball","status":"Active","field_number":"07","surface_type":"Asphalt","accessible":"False","field_lighted":"False","zipcode":"11201"},"geometry":{"type":"MultiPolygon","coordinates":[[[[-73.9992981742653,40.69040366386062],[-73.99932870701943,40.690335139491914],[-73.99917191144671,40.690293428500446],[-73.99914197717074,40.690362028475484],[-73.9992981742653,40.69040366386062]]]]}},{"type":"Feature","properties":{"layer":"athletic_facility","name":"Nicholas Naquan Heyward Jr. Park","gispropnum":"B230","sign_name":null,"feature_class":null,"subcategory":null,"type_category":null,"borough":"B","communityboard":"306","acres":null,"address":null,"location":null,"waterfront":null,"included_reason":"intersects BKCB6 boundary","source_file":"Athletic_Facilities_20260421.geojson","facility_id":"B230-HANDBALL-2","sport":"HDB","facility_type":"Handball","status":"Active","field_number":"02","surface_type":"Concrete","accessible":"False","field_lighted":"False","zipcode":"11217"},"geometry":{"type":"MultiPolygon","coordinates":[[[[-73.98760008539234,40.68426244388316],[-73.98748428916947,40.684216446605355],[-73.98737346188827,40.68438047750829],[-73.98749058939433,40.68442505313004],[-73.98760008539234,40.68426244388316]]]]}},{"type":"Feature","properties":{"layer":"athletic_facility","name":"Red Hook Recreation Area","gispropnum":"B126","sign_name":null,"feature_class":null,"subcategory":null,"type_category":null,"borough":"B","communityboard":"306","acres":null,"address":null,"location":null,"waterfront":null,"included_reason":"intersects BKCB6 boundary","source_file":"Athletic_Facilities_20260421.geojson","facility_id":"B126-BASEBALL-4","sport":"BSB","facility_type":"90ft base path, 200+ft fence","status":"Active","field_number":"03","surface_type":"Synthetic - Multi","accessible":"False","field_lighted":"False","zipcode":"11231"},"geometry":{"type":"MultiPolygon","coordinates":[[[[-74.00812044056858,40.67142091841897],[-74.00819113911096,40.67138957367432],[-74.00843184366032,40.67084351441678],[-74.00813273478887,40.67075126554534],[-74.00795314344505,40.67076247150647],[-74.00778071465989,40.67079565107853],[-74.00763100750883,40.67086831378328],[-74.0075628258531,40.67089798756439],[-74.00750165193867,40.6709408281834],[-74.00742115495623,40.670994268182575],[-74.00734774180718,40.67106527852774],[-74.00728216591703,40.6711979015869],[-74.00812044056858,40.67142091841897]]]]}},{"type":"Feature","properties":{"layer":"athletic_facility","name":"Red Hook Recreation Area","gispropnum":"B126","sign_name":null,"feature_class":null,"subcategory":null,"type_category":null,"borough":"B","communityboard":"306","acres":null,"address":null,"location":null,"waterfront":null,"included_reason":"intersects BKCB6 boundary","source_file":"Athletic_Facilities_20260421.geojson","facility_id":"B126-BASEBALL-3","sport":"BSB","facility_type":"90ft base path, 200+ft fence","status":"Active","field_number":"04","surface_type":"Synthetic - Multi","accessible":"False","field_lighted":"False","zipcode":"11231"},"geometry":{"type":"MultiPolygon","coordinates":[[[[-74.00772394817618,40.670403304860635],[-74.00775694421561,40.67047554018376],[-74.00781741447601,40.67053905394282],[-74.00795858333639,40.670649085440736],[-74.0080552637094,40.67070532850344],[-74.00816538050418,40.67074885165289],[-74.00840539026768,40.67080636018892],[-74.0087478800304,40.67028538291043],[-74.00870818238974,40.67024407838],[-74.00770640746927,40.67006373878679],[-74.00769226083032,40.67016164917311],[-74.00768669271132,40.670212731282],[-74.00768508878954,40.67022129168863],[-74.0076735578223,40.67023370876475],[-74.00769957818189,40.670233920448396],[-74.00768134172071,40.67023912484544],[-74.00770602102003,40.670240260545995],[-74.00768534076285,40.670242345721995],[-74.00767509702698,40.67023828508139],[-74.00768842952003,40.67024890847191],[-74.00767629910615,40.67024234542516],[-74.00772394817618,40.670403304860635]]]]}},{"type":"Feature","properties":{"layer":"athletic_facility","name":"Red Hook Recreation Area","gispropnum":"B126","sign_name":null,"feature_class":null,"subcategory":null,"type_category":null,"borough":"B","communityboard":"306","acres":null,"address":null,"location":null,"waterfront":null,"included_reason":"intersects BKCB6 boundary","source_file":"Athletic_Facilities_20260421.geojson","facility_id":"B126-BASEBALL-2","sport":"BSB","facility_type":"90ft base path, 200+ft fence","status":"Active","field_number":"02","surface_type":"Synthetic - Multi","accessible":"False","field_lighted":"False","zipcode":"11231"},"geometry":{"type":"MultiPolygon","coordinates":[[[[-74.00700357231148,40.66983364889543],[-74.00679445691158,40.67038379441011],[-74.00691730523071,40.67041604985406],[-74.0070393893142,40.67042271796934],[-74.00716345877062,40.67041472724199],[-74.00722764558381,40.67040155499096],[-74.00728191472285,40.67038123233949],[-74.00741928706326,40.67033142596161],[-74.00755556698368,40.670245070272486],[-74.00764060664174,40.670148589738645],[-74.00770592354263,40.67004146366961],[-74.00705382796015,40.66981087809288],[-74.00700357231148,40.66983364889543]]]]}},{"type":"Feature","properties":{"layer":"athletic_facility","name":"Red Hook Recreation Area","gispropnum":"B126","sign_name":null,"feature_class":null,"subcategory":null,"type_category":null,"borough":"B","communityboard":"306","acres":null,"address":null,"location":null,"waterfront":null,"included_reason":"intersects BKCB6 boundary","source_file":"Athletic_Facilities_20260421.geojson","facility_id":"B126-BASEBALL-1","sport":"BSB","facility_type":"90ft base path, 200+ft fence","status":"Active","field_number":"01","surface_type":"Synthetic - Multi","accessible":"False","field_lighted":"False","zipcode":"11231"},"geometry":{"type":"MultiPolygon","coordinates":[[[[-74.0065358140909,40.670938608803105],[-74.00719164653674,40.671111953995364],[-74.0071839897089,40.67111195357324],[-74.0072069615511,40.67111358387022],[-74.00724425718349,40.67102862060929],[-74.00725612009116,40.67090182640301],[-74.00723271580296,40.67078345963775],[-74.007181500189,40.67068424676618],[-74.00710982446847,40.670588449891135],[-74.00701052534572,40.67050923494608],[-74.00690468012667,40.67045160656191],[-74.0068053219647,40.67041530640339],[-74.00651354647256,40.67090515141881],[-74.0065358140909,40.670938608803105]]]]}},{"type":"Feature","properties":{"layer":"athletic_facility","name":"Red Hook Recreation Area","gispropnum":"B126","sign_name":null,"feature_class":null,"subcategory":null,"type_category":null,"borough":"B","communityboard":"306","acres":null,"address":null,"location":null,"waterfront":null,"included_reason":"intersects BKCB6 boundary","source_file":"Athletic_Facilities_20260421.geojson","facility_id":"B126-SOCCER-5","sport":"SCR","facility_type":null,"status":"Active","field_number":"05","surface_type":"Synthetic - Large/Full","accessible":"False","field_lighted":"False","zipcode":"11231"},"geometry":{"type":"MultiPolygon","coordinates":[[[[-74.00735599688863,40.67109573612974],[-74.00772684827778,40.670077840387776],[-74.00743901105906,40.669983887873364],[-74.00713081889744,40.66991748356918],[-74.00669761277148,40.670978116811675],[-74.00735599688863,40.67109573612974]]]]}},{"type":"Feature","properties":{"layer":"athletic_facility","name":"Red Hook Recreation Area","gispropnum":"B126","sign_name":null,"feature_class":null,"subcategory":null,"type_category":null,"borough":"B","communityboard":"306","acres":null,"address":null,"location":null,"waterfront":null,"included_reason":"intersects BKCB6 boundary","source_file":"Athletic_Facilities_20260421.geojson","facility_id":"B126-SOCCER-2","sport":"SCR","facility_type":null,"status":"Active","field_number":"04","surface_type":"Synthetic - Large/Full","accessible":"False","field_lighted":"False","zipcode":null},"geometry":{"type":"MultiPolygon","coordinates":[[[[-74.00848252432279,40.670245369468795],[-74.00780224059929,40.670094966704866],[-74.0073921093659,40.67112587586361],[-74.0080352076867,40.67126619066256],[-74.00848252432279,40.670245369468795]]]]}},{"type":"Feature","properties":{"layer":"athletic_facility","name":"Red Hook Recreation Area","gispropnum":"B126","sign_name":null,"feature_class":null,"subcategory":null,"type_category":null,"borough":"B","communityboard":"306","acres":null,"address":null,"location":null,"waterfront":null,"included_reason":"intersects BKCB6 boundary","source_file":"Athletic_Facilities_20260421.geojson","facility_id":"B126-ZN04-SOCCER-2","sport":"SCR","facility_type":"147-295ft W x 295-393ft L","status":"Active","field_number":"08","surface_type":"Synthetic - Multi","accessible":"False","field_lighted":"False","zipcode":"11231"},"geometry":{"type":"MultiPolygon","coordinates":[[[[-74.00507247275992,40.67317198916338],[-74.0048875531012,40.67360103676417],[-74.00576604690922,40.673823326047355],[-74.00596044267029,40.67339713208855],[-74.00507247275992,40.67317198916338]]]]}},{"type":"Feature","properties":{"layer":"athletic_facility","name":"Red Hook Recreation Area","gispropnum":"B126","sign_name":null,"feature_class":null,"subcategory":null,"type_category":null,"borough":"B","communityboard":"306","acres":null,"address":null,"location":null,"waterfront":null,"included_reason":"intersects BKCB6 boundary","source_file":"Athletic_Facilities_20260421.geojson","facility_id":"B126-ZN04-SOCCER-1","sport":"SCR","facility_type":"147-295ft W x 295-393ft L","status":"Active","field_number":"07 HS","surface_type":"Synthetic - Multi","accessible":"False","field_lighted":"False","zipcode":"11231"},"geometry":{"type":"MultiPolygon","coordinates":[[[[-74.00525687461489,40.67264103717252],[-74.00504047042197,40.673112882560304],[-74.00608636702503,40.673395781927375],[-74.00630278996921,40.672928117479664],[-74.00525687461489,40.67264103717252]]]]}},{"type":"Feature","properties":{"layer":"athletic_facility","name":"Red Hook Recreation Area","gispropnum":"B126","sign_name":null,"feature_class":null,"subcategory":null,"type_category":null,"borough":"B","communityboard":"306","acres":null,"address":null,"location":null,"waterfront":null,"included_reason":"intersects BKCB6 boundary","source_file":"Athletic_Facilities_20260421.geojson","facility_id":"B126-SOCCER-4","sport":"SCR","facility_type":null,"status":"Active","field_number":"03","surface_type":"Synthetic - Large/Full","accessible":"True","field_lighted":"False","zipcode":"11231"},"geometry":{"type":"MultiPolygon","coordinates":[[[[-74.00755795519174,40.67240870488179],[-74.00771108527111,40.672060964381146],[-74.00642642298202,40.67171687269621],[-74.0063453098023,40.67190107308748],[-74.00627329290866,40.6720646160035],[-74.00755795519174,40.67240870488179]]]]}},{"type":"Feature","properties":{"layer":"athletic_facility","name":"Red Hook Recreation Area","gispropnum":"B126","sign_name":null,"feature_class":null,"subcategory":null,"type_category":null,"borough":"B","communityboard":"306","acres":null,"address":null,"location":null,"waterfront":null,"included_reason":"intersects BKCB6 boundary","source_file":"Athletic_Facilities_20260421.geojson","facility_id":"B126-ZN05-BASEBALL-1","sport":"BSB","facility_type":"90ft base path, 200+ft fence","status":"Active","field_number":"09","surface_type":"Synthetic - Large/Full","accessible":"False","field_lighted":"True","zipcode":"11231"},"geometry":{"type":"MultiPolygon","coordinates":[[[[-74.00584239236584,40.67129817414282],[-74.00573257216575,40.67127200438933],[-74.00561980548098,40.67125454806092],[-74.00550528327052,40.67124599059812],[-74.00539021067463,40.67124642109031],[-74.00527580346905,40.67125583497745],[-74.00516326796142,40.6712741331507],[-74.00505379034969,40.671301123753665],[-74.00494852607949,40.671336520381416],[-74.00484858447166,40.6713799501853],[-74.00475502044527,40.67143095567376],[-74.00466881914375,40.67148899921462],[-74.00459089120501,40.671553467537],[-74.00452205857044,40.671623681636845],[-74.00446304620547,40.671698900378104],[-74.004414477369,40.67177833039793],[-74.00437686415083,40.67186113511125],[-74.00543905211582,40.67216483357992],[-74.00549948358602,40.672139045354925],[-74.00584239236584,40.67129817414282]]]]}},{"type":"Feature","properties":{"layer":"athletic_facility","name":"Washington Park","gispropnum":"B111","sign_name":null,"feature_class":null,"subcategory":null,"type_category":null,"borough":"B","communityboard":"306","acres":null,"address":null,"location":null,"waterfront":null,"included_reason":"intersects BKCB6 boundary","source_file":"Athletic_Facilities_20260421.geojson","facility_id":"B111-BASEBALL-1","sport":"SFB","facility_type":"60ft base path, 150-200ft fence","status":"Active","field_number":"01","surface_type":"Synthetic - Multi","accessible":"False","field_lighted":"False","zipcode":"11215"},"geometry":{"type":"MultiPolygon","coordinates":[[[[-73.9858850643029,40.673361794940085],[-73.98582844134552,40.67332962158076],[-73.9857669289468,40.67330315955584],[-73.9857015157789,40.673282832222554],[-73.98563325084982,40.673268965691655],[-73.98556323167786,40.67326178432416],[-73.98549258182321,40.673261401723444],[-73.98542243432983,40.67326782613651],[-73.98535391871901,40.673280951447396],[-73.98528813260263,40.67330056978027],[-73.9852261322241,40.67332636429409],[-73.98516891589854,40.673357921787286],[-73.9851173991757,40.67339473449474],[-73.9850724101067,40.67343621269421],[-73.98503467268482,40.67348168920575],[-73.98503179284776,40.673486289562554],[-73.98509820632825,40.67351848709482],[-73.98511933973141,40.67352873228845],[-73.98551255113692,40.67371927832842],[-73.98557094322685,40.67370975731678],[-73.9858850643029,40.673361794940085]]]]}},{"type":"Feature","properties":{"layer":"athletic_facility","name":"Washington Park","gispropnum":"B111","sign_name":null,"feature_class":null,"subcategory":null,"type_category":null,"borough":"B","communityboard":"306","acres":null,"address":null,"location":null,"waterfront":null,"included_reason":"intersects BKCB6 boundary","source_file":"Athletic_Facilities_20260421.geojson","facility_id":"B111-SOCCER-2","sport":"SCR","facility_type":"45-146ft W x 75-294ft L","status":"Active","field_number":"01B","surface_type":"Synthetic - Multi","accessible":"False","field_lighted":"False","zipcode":"11215"},"geometry":{"type":"MultiPolygon","coordinates":[[[[-73.985841901825,40.673336729202504],[-73.98544203481076,40.67314287404422],[-73.98511933973141,40.67352873228845],[-73.98551920930392,40.673722588559414],[-73.985841901825,40.673336729202504]]]]}},{"type":"Feature","properties":{"layer":"athletic_facility","name":"Washington Park","gispropnum":"B111","sign_name":null,"feature_class":null,"subcategory":null,"type_category":null,"borough":"B","communityboard":"306","acres":null,"address":null,"location":null,"waterfront":null,"included_reason":"intersects BKCB6 boundary","source_file":"Athletic_Facilities_20260421.geojson","facility_id":"B111-SOCCER-1","sport":"SCR","facility_type":"45-146ft W x 75-294ft L","status":"Active","field_number":"01A","surface_type":"Synthetic - Multi","accessible":"False","field_lighted":"False","zipcode":"11215"},"geometry":{"type":"MultiPolygon","coordinates":[[[[-73.98542090029771,40.67313262800873],[-73.98503702695736,40.67294652509753],[-73.98471433166739,40.67333238311555],[-73.98509820632825,40.67351848709482],[-73.98542090029771,40.67313262800873]]]]}},{"type":"Feature","properties":{"layer":"athletic_facility","name":"Van Voorhees Playground","gispropnum":"B050","sign_name":null,"feature_class":null,"subcategory":null,"type_category":null,"borough":"B","communityboard":"306","acres":null,"address":null,"location":null,"waterfront":null,"included_reason":"intersects BKCB6 boundary","source_file":"Athletic_Facilities_20260421.geojson","facility_id":"B050-BASEBALL-1","sport":"SFB","facility_type":"60ft base path, 150-200ft fence","status":"Active","field_number":"01","surface_type":"Synthetic - Large/Full","accessible":"False","field_lighted":"False","zipcode":"11201"},"geometry":{"type":"MultiPolygon","coordinates":[[[[-73.99978205521909,40.690540503273674],[-73.99940142902567,40.690443290625936],[-73.99935125348016,40.690458423477956],[-73.99930498190672,40.69047956995868],[-73.99926384703919,40.69050616635945],[-73.99922894793427,40.690537503989155],[-73.99920121448018,40.69057274628323],[-73.99918138373525,40.69061095401675],[-73.99916998691295,40.69065110961777],[-73.99916732808516,40.690692141480326],[-73.99917347589853,40.69073295548198],[-73.99918826830414,40.6907724647009],[-73.99921131018898,40.69080961372958],[-73.99924198757049,40.690843413795726],[-73.99927948179138,40.690872963474426],[-73.99932279436298,40.690897473903746],[-73.99937076944268,40.690916293099335],[-73.99942212932613,40.69092891856272],[-73.99947550402489,40.69093501349117],[-73.99952946912558,40.69093441488322],[-73.99958258719903,40.69092714074313],[-73.99963344211109,40.69091338287685],[-73.99968067806525,40.69089350869296],[-73.99968104599263,40.690894101231606],[-73.99981610437862,40.69060282784911],[-73.99978205521909,40.690540503273674]]]]}},{"type":"Feature","properties":{"layer":"athletic_facility","name":"Van Voorhees Playground","gispropnum":"B050","sign_name":null,"feature_class":null,"subcategory":null,"type_category":null,"borough":"B","communityboard":"306","acres":null,"address":null,"location":null,"waterfront":null,"included_reason":"intersects BKCB6 boundary","source_file":"Athletic_Facilities_20260421.geojson","facility_id":"B050-FOOTBALL-7","sport":"FTB","facility_type":"45-146ft W x 75-294ft L","status":"Active","field_number":"01","surface_type":"Synthetic - Large/Full","accessible":"False","field_lighted":"False","zipcode":"11201"},"geometry":{"type":"MultiPolygon","coordinates":[[[[-73.99939043605576,40.69045370590366],[-73.9991976127541,40.690911166301625],[-73.99958825824336,40.691012191525985],[-73.9997811122849,40.69055396504317],[-73.99939043605576,40.69045370590366]]]]}},{"type":"Feature","properties":{"layer":"athletic_facility","name":"Red Hook Recreation Area","gispropnum":"B126","sign_name":null,"feature_class":null,"subcategory":null,"type_category":null,"borough":"B","communityboard":"306","acres":null,"address":null,"location":null,"waterfront":null,"included_reason":"intersects BKCB6 boundary","source_file":"Athletic_Facilities_20260421.geojson","facility_id":"B126-ZN04-BASEBALL-3","sport":"SFB","facility_type":"60ft base path, 150-200ft fence","status":"Active","field_number":"07","surface_type":"Synthetic - Multi","accessible":"False","field_lighted":"False","zipcode":"11231"},"geometry":{"type":"MultiPolygon","coordinates":[[[[-74.00562638352557,40.67387428680319],[-74.00591746538547,40.67395830285763],[-74.00599149508632,40.673930808104174],[-74.00611298306032,40.673674717754395],[-74.00608074580008,40.67362027612459],[-74.00602441351478,40.67357739205919],[-74.00596075656762,40.673561194208695],[-74.00587670427005,40.6735440428205],[-74.00577531308049,40.673542142464946],[-74.00569144702709,40.67355834871101],[-74.00561759844965,40.673598380234246],[-74.00556753322948,40.67366128364337],[-74.00555376842124,40.673718467013195],[-74.00555377318295,40.67377564971712],[-74.00557380603942,40.673825206791484],[-74.00562638352557,40.67387428680319]]]]}},{"type":"Feature","properties":{"layer":"athletic_facility","name":"Red Hook Recreation Area","gispropnum":"B126","sign_name":null,"feature_class":null,"subcategory":null,"type_category":null,"borough":"B","communityboard":"306","acres":null,"address":null,"location":null,"waterfront":null,"included_reason":"intersects BKCB6 boundary","source_file":"Athletic_Facilities_20260421.geojson","facility_id":"B126-ZN04-BASEBALL-1","sport":"SFB","facility_type":"60ft base path, 150-200ft fence","status":"Active","field_number":"06","surface_type":"Synthetic - Multi","accessible":"False","field_lighted":"False","zipcode":"11231"},"geometry":{"type":"MultiPolygon","coordinates":[[[[-74.00498093340002,40.67369528876773],[-74.00502522379975,40.673647608172736],[-74.00504469141745,40.67361057724189],[-74.00505460343085,40.67357140980554],[-74.00505460040795,40.67353152329271],[-74.0050446824754,40.67349235672635],[-74.00502520931198,40.673455327498964],[-74.00499688239977,40.673421771939566],[-74.00496072846049,40.67339290569278],[-74.00491805214062,40.673369771491856],[-74.00487039697784,40.67335320314135],[-74.0048194838975,40.67334380120651],[-74.00473577405951,40.673344421535475],[-74.00463676641446,40.67356338850603],[-74.00467899576012,40.673621356551706],[-74.00498093340002,40.67369528876773]]]]}},{"type":"Feature","properties":{"layer":"athletic_facility","name":"Red Hook Recreation Area","gispropnum":"B126","sign_name":null,"feature_class":null,"subcategory":null,"type_category":null,"borough":"B","communityboard":"306","acres":null,"address":null,"location":null,"waterfront":null,"included_reason":"intersects BKCB6 boundary","source_file":"Athletic_Facilities_20260421.geojson","facility_id":"B126-ZN04-BASEBALL-2","sport":"SFB","facility_type":"60ft base path, 150-200ft fence","status":"Active","field_number":"08","surface_type":"Synthetic - Multi","accessible":"False","field_lighted":"False","zipcode":"11231"},"geometry":{"type":"MultiPolygon","coordinates":[[[[-74.00606755819187,40.67284068290365],[-74.00601703255863,40.67287582455777],[-74.00599114382283,40.67290397961352],[-74.00597206907888,40.672935130323616],[-74.00596038897307,40.67296832841893],[-74.0059564570642,40.673002568008044],[-74.00596039509271,40.67303680538837],[-74.00597208115583,40.673070003172136],[-74.00599116153465,40.67310115189787],[-74.00601705542682,40.67312930334998],[-74.00604897623779,40.67315360477743],[-74.00608595523623,40.673173316003044],[-74.00612686875986,40.6731878382394],[-74.0061704725173,40.673196732097644],[-74.00621544180274,40.67319972479021],[-74.00626040934719,40.67319672723894],[-74.0063040114465,40.67318782866954],[-74.00634656738613,40.673172572504825],[-74.00645359492003,40.67296613066842],[-74.0064257073486,40.6729067117395],[-74.00610662236681,40.67282363048341],[-74.00606755819187,40.67284068290365]]]]}},{"type":"Feature","properties":{"layer":"athletic_facility","name":"Red Hook Recreation Area","gispropnum":"B126","sign_name":null,"feature_class":null,"subcategory":null,"type_category":null,"borough":"B","communityboard":"306","acres":null,"address":null,"location":null,"waterfront":null,"included_reason":"intersects BKCB6 boundary","source_file":"Athletic_Facilities_20260421.geojson","facility_id":"B126-ZN04-BASEBALL-4","sport":"SFB","facility_type":"60ft base path, 150-200ft fence","status":"Active","field_number":"05","surface_type":"Synthetic - Multi","accessible":"False","field_lighted":"False","zipcode":"11231"},"geometry":{"type":"MultiPolygon","coordinates":[[[[-74.00497189458197,40.67288289758798],[-74.00511289264944,40.672936926817954],[-74.00516670104373,40.67294947039061],[-74.00522251955512,40.67295491058371],[-74.00527874199703,40.672953088977344],[-74.00533375273686,40.672944060577215],[-74.00538596691109,40.67292808210603],[-74.00543388365094,40.6729056156028],[-74.0054761239301,40.67287730680781],[-74.00551147314296,40.672843968950474],[-74.00553891540291,40.67280656293583],[-74.00555765837619,40.67276616312218],[-74.00557896700857,40.672673200112165],[-74.00518425355213,40.67256277129305],[-74.00511443839136,40.672580948614616],[-74.00497189458197,40.67288289758798]]]]}},{"type":"Feature","properties":{"layer":"athletic_facility","name":"Red Hook Recreation Area","gispropnum":"B126","sign_name":null,"feature_class":null,"subcategory":null,"type_category":null,"borough":"B","communityboard":"306","acres":null,"address":null,"location":null,"waterfront":null,"included_reason":"intersects BKCB6 boundary","source_file":"Athletic_Facilities_20260421.geojson","facility_id":"B126-SOCCER-1","sport":"SCR","facility_type":"Unknown","status":"Active","field_number":"02","surface_type":"Synthetic - Large/Full","accessible":"False","field_lighted":"False","zipcode":null},"geometry":{"type":"MultiPolygon","coordinates":[[[[-74.0042007231385,40.6719164801392],[-74.00464152848936,40.6710359123523],[-74.0040021020894,40.67085177558509],[-74.00356129779267,40.67173234544371],[-74.0042007231385,40.6719164801392]]]]}},{"type":"Feature","properties":{"layer":"athletic_facility","name":"Red Hook Recreation Area","gispropnum":"B126","sign_name":null,"feature_class":null,"subcategory":null,"type_category":null,"borough":"B","communityboard":"306","acres":null,"address":null,"location":null,"waterfront":null,"included_reason":"intersects BKCB6 boundary","source_file":"Athletic_Facilities_20260421.geojson","facility_id":"B126-ZN06-SOCCER-1","sport":"SCR","facility_type":"147-295ft W x 295-393ft L","status":"Active","field_number":"01","surface_type":"Synthetic - Large/Full","accessible":"False","field_lighted":"False","zipcode":"11231"},"geometry":{"type":"MultiPolygon","coordinates":[[[[-74.00293337221865,40.67131254925438],[-74.00317513854934,40.670806269523744],[-74.00215439871147,40.67052177623998],[-74.00191399878183,40.67102805381995],[-74.00293337221865,40.67131254925438]]]]}},{"type":"Feature","properties":{"layer":"athletic_facility","name":"Park Slope Playground","gispropnum":"B320","sign_name":null,"feature_class":null,"subcategory":null,"type_category":null,"borough":"B","communityboard":"306","acres":null,"address":null,"location":null,"waterfront":null,"included_reason":"intersects BKCB6 boundary","source_file":"Athletic_Facilities_20260421.geojson","facility_id":"B320-MPPA-10","sport":"MPPA","facility_type":"45-146ft W x 75-294ft L","status":"Active","field_number":"01","surface_type":"Synthetic - Multi","accessible":"False","field_lighted":"False","zipcode":"11217"},"geometry":{"type":"MultiPolygon","coordinates":[[[[-73.97865121300721,40.67663388786943],[-73.97844702516072,40.67655184172461],[-73.9783419443165,40.676707335484586],[-73.97854519887083,40.676786966459794],[-73.97865121300721,40.67663388786943]]]]}},{"type":"Feature","properties":{"layer":"athletic_facility","name":"Ennis Playground","gispropnum":"B095","sign_name":null,"feature_class":null,"subcategory":null,"type_category":null,"borough":"B","communityboard":"306","acres":null,"address":null,"location":null,"waterfront":null,"included_reason":"intersects BKCB6 boundary","source_file":"Athletic_Facilities_20260421.geojson","facility_id":"B095-MPPA-1","sport":"MPPA","facility_type":"45-146ft W x 75-294ft L","status":"Active","field_number":"01","surface_type":"Synthetic - Multi","accessible":"False","field_lighted":"False","zipcode":"11215"},"geometry":{"type":"MultiPolygon","coordinates":[[[[-73.99388735182322,40.67078317340056],[-73.99389663958291,40.6707957865116],[-73.99390357961136,40.670809246882435],[-73.99390804183338,40.67082330236229],[-73.99392689205924,40.670819283458385],[-73.99394458345205,40.67081290333921],[-73.99396061098129,40.670804345683884],[-73.99397451573695,40.6707938545087],[-73.99398590030502,40.67078172966524],[-73.99399443941297,40.67076831693524],[-73.99399988820882,40.67075400172705],[-73.99400209172431,40.67073919106596],[-73.99400098724038,40.67072430999219],[-73.99399660547117,40.67070978355044],[-73.99398907292999,40.67069602598407],[-73.99397860365086,40.67068343262983],[-73.99396549682481,40.67067236100729],[-73.99395012852078,40.67066312991772],[-73.99393293631222,40.67065600143329],[-73.99391441336368,40.67065117999624],[-73.9938950883261,40.670648804313366],[-73.99387551351026,40.670648941051816],[-73.99387043309684,40.67068266237991],[-73.99387072919993,40.67071660462047],[-73.9938763959598,40.67075027158917],[-73.99388735182322,40.67078317340056]]]]}},{"type":"Feature","properties":{"layer":"athletic_facility","name":"Park Slope Playground","gispropnum":"B320","sign_name":null,"feature_class":null,"subcategory":null,"type_category":null,"borough":"B","communityboard":"306","acres":null,"address":null,"location":null,"waterfront":null,"included_reason":"intersects BKCB6 boundary","source_file":"Athletic_Facilities_20260421.geojson","facility_id":"B320-BASKETBALL-3","sport":"BKB","facility_type":"Half Court","status":"Active","field_number":"03","surface_type":"Asphalt","accessible":"False","field_lighted":"False","zipcode":"11217"},"geometry":{"type":"MultiPolygon","coordinates":[[[[-73.97816484965448,40.67661156108666],[-73.97831536468662,40.676669936603965],[-73.97836306219712,40.67660128403635],[-73.97821098276512,40.67654189160357],[-73.97816484965448,40.67661156108666]]]]}},{"type":"Feature","properties":{"layer":"athletic_facility","name":"St. Mary's Park","gispropnum":"B118A","sign_name":null,"feature_class":null,"subcategory":null,"type_category":null,"borough":"B","communityboard":"306","acres":null,"address":null,"location":null,"waterfront":null,"included_reason":"intersects BKCB6 boundary","source_file":"Athletic_Facilities_20260421.geojson","facility_id":"B118A-TRACK-1","sport":"TRK","facility_type":"Track","status":"Active","field_number":"01","surface_type":"Asphalt","accessible":"False","field_lighted":"False","zipcode":"11231"},"geometry":{"type":"MultiPolygon","coordinates":[[[[-73.99739895090137,40.67619877878126],[-73.99728750574256,40.67616706458056],[-73.99728095430186,40.67616571455431],[-73.99727419938665,40.67616520110106],[-73.99726742669476,40.67616553863343],[-73.99726081837663,40.67616671725014],[-73.99725455303515,40.6761687063379],[-73.99724880217754,40.67617145006904],[-73.99724372075272,40.67617487640605],[-73.9972394459687,40.676178890798376],[-73.99723609492659,40.676183384286595],[-73.99723375752387,40.67618823620392],[-73.9970161969795,40.676631385775515],[-73.99701392697509,40.67663600895914],[-73.99701219982616,40.67664175870076],[-73.99701167676383,40.676647643550794],[-73.99701236962288,40.67665351852677],[-73.99701426066817,40.676659238645264],[-73.99701730495968,40.676664662524324],[-73.99702142680437,40.67666965688565],[-73.99702652448673,40.67667409835606],[-73.99703247263463,40.67667787796984],[-73.99703912340179,40.67668090206956],[-73.99704631474727,40.676683096808745],[-73.99713179133398,40.67670742097298],[-73.99713797969208,40.67670905285969],[-73.99714444486229,40.67670985087638],[-73.99715099404833,40.67670979070425],[-73.9971574320873,40.67670887504003],[-73.99716356736366,40.67670712999395],[-73.9971692177232,40.676704608691935],[-73.99717421520455,40.67670138587264],[-73.99717841077036,40.67669755608659],[-73.99718167903865,40.67669323549715],[-73.99718431100236,40.67668787479752],[-73.99738255047326,40.67628407426625],[-73.99741112790242,40.676225863838226],[-73.99741197721633,40.67622413486901],[-73.9974130738064,40.676220548143405],[-73.99741334835736,40.67621687224833],[-73.99741279376855,40.676213213444406],[-73.99741142422927,40.676209681594706],[-73.99740928231628,40.676206380259394],[-73.99740643071402,40.67620340579491],[-73.99740295221469,40.676200847354025],[-73.99739895090137,40.67619877878126]],[[-73.99714287863246,40.676686860697096],[-73.99705420380965,40.67666162603882],[-73.99705183586836,40.67666095239319],[-73.99704878902395,40.67665969969911],[-73.9970460402616,40.67665809491138],[-73.99704366054748,40.67665617945545],[-73.99704170783694,40.67665400106017],[-73.99704023417081,40.67665161555883],[-73.99703927503043,40.67664908148574],[-73.9970388552517,40.676646464579214],[-73.99703898429418,40.67664382967649],[-73.99703965978915,40.67664124341563],[-73.99704090657556,40.67663870309568],[-73.99713599445931,40.67644499758131],[-73.99715391896922,40.67640848305418],[-73.99722895021256,40.676255641418784],[-73.99725881830061,40.67619479885479],[-73.99726094508682,40.67619183351035],[-73.99726368218225,40.67618917255436],[-73.99726695388499,40.67618688982722],[-73.99727067384859,40.67618504566128],[-73.99727473916795,40.6761836904829],[-73.99727904220725,40.67618286121066],[-73.99728346468638,40.676182580354585],[-73.99728788832569,40.67618285421541],[-73.99729219366338,40.6761836764868],[-73.99737389899246,40.67620692606969],[-73.99737790030554,40.67620899464336],[-73.99738137880429,40.67621155308502],[-73.99738423040579,40.676214527550115],[-73.9973863723178,40.676217828885896],[-73.9973877418559,40.67622136073586],[-73.99738829644346,40.67622501953991],[-73.99738802189104,40.67622869543492],[-73.99738692529948,40.676232282160285],[-73.99738607598483,40.676234011129296],[-73.99735749853032,40.67629222155108],[-73.99728246399212,40.67644506056801],[-73.99726453717712,40.67648157691598],[-73.9972001436117,40.67661274524172],[-73.99716906398815,40.67667605156583],[-73.99716816734599,40.67667787688709],[-73.9971665550894,40.67668013803983],[-73.99716449219423,40.67668217495326],[-73.99716203070594,40.67668393810036],[-73.99715923331505,40.67668538155638],[-73.99715617217409,40.67668646930253],[-73.9971529218009,40.67668717342467],[-73.99714956617527,40.676687477715525],[-73.99714619045946,40.67668737227164],[-73.99714287863246,40.676686860697096]]]]}},{"type":"Feature","properties":{"layer":"athletic_facility","name":"St. Mary's Park","gispropnum":"B118A","sign_name":null,"feature_class":null,"subcategory":null,"type_category":null,"borough":"B","communityboard":"306","acres":null,"address":null,"location":null,"waterfront":null,"included_reason":"intersects BKCB6 boundary","source_file":"Athletic_Facilities_20260421.geojson","facility_id":"B118A-BASKETBALL-3","sport":"BKB","facility_type":"Half Court","status":"Active","field_number":"01","surface_type":"Asphalt","accessible":"False","field_lighted":"False","zipcode":"11231"},"geometry":{"type":"MultiPolygon","coordinates":[[[[-73.9972001436117,40.67661274524172],[-73.99704677517447,40.67656910066318],[-73.99700782907203,40.67664842960014],[-73.99714287863246,40.676686860697096],[-73.99714619045946,40.67668737227164],[-73.99714956617527,40.676687477715525],[-73.99715292180086,40.67668717432517],[-73.99715617217409,40.67668646930253],[-73.99715923331505,40.67668538155638],[-73.99716203070594,40.67668393810036],[-73.99716449219423,40.67668217495326],[-73.9971665550894,40.67668013803983],[-73.99716816734599,40.67667787688709],[-73.99716906517106,40.67667604886431],[-73.9972001436117,40.67661274524172]]]]}},{"type":"Feature","properties":{"layer":"athletic_facility","name":"Washington Skate Park","gispropnum":"B111A","sign_name":null,"feature_class":null,"subcategory":null,"type_category":null,"borough":"B","communityboard":"306","acres":null,"address":null,"location":null,"waterfront":null,"included_reason":"intersects BKCB6 boundary","source_file":"Athletic_Facilities_20260421.geojson","facility_id":"B111A-BASKETBALL-1","sport":"BKB","facility_type":null,"status":"Inactive","field_number":null,"surface_type":null,"accessible":"False","field_lighted":"False","zipcode":"11215"},"geometry":{"type":"MultiPolygon","coordinates":[[[[-73.98554971668719,40.67350101886572],[-73.98545514004324,40.673455278793085],[-73.98537584586157,40.673549402282454],[-73.98546990266814,40.6735928802603],[-73.98554971668719,40.67350101886572]]]]}},{"type":"Feature","properties":{"layer":"athletic_facility","name":"Washington Skate Park","gispropnum":"B111A","sign_name":null,"feature_class":null,"subcategory":null,"type_category":null,"borough":"B","communityboard":"306","acres":null,"address":null,"location":null,"waterfront":null,"included_reason":"intersects BKCB6 boundary","source_file":"Athletic_Facilities_20260421.geojson","facility_id":"B111A-BASKETBALL-2","sport":"BKB","facility_type":null,"status":"Inactive","field_number":null,"surface_type":null,"accessible":"False","field_lighted":"False","zipcode":"11215"},"geometry":{"type":"MultiPolygon","coordinates":[[[[-73.98567426209918,40.67356243065731],[-73.98557696178187,40.673515000979776],[-73.98543355726132,40.67367205345009],[-73.98553085663009,40.67371898976567],[-73.98567426209918,40.67356243065731]]]]}},{"type":"Feature","properties":{"layer":"athletic_facility","name":"Park Slope Playground","gispropnum":"B320","sign_name":null,"feature_class":null,"subcategory":null,"type_category":null,"borough":"B","communityboard":"306","acres":null,"address":null,"location":null,"waterfront":null,"included_reason":"intersects BKCB6 boundary","source_file":"Athletic_Facilities_20260421.geojson","facility_id":"B320-BASEBALL-1","sport":"SFB","facility_type":"45-60ft base path, less than 150ft fence","status":"Inactive","field_number":"01","surface_type":"Asphalt","accessible":"False","field_lighted":"False","zipcode":"11217"},"geometry":{"type":"MultiPolygon","coordinates":[[[[-73.97864992280454,40.67668488107787],[-73.97861963196293,40.67665303235158],[-73.97857657309426,40.676631320135996],[-73.97852623704992,40.67662251272346],[-73.97847504723919,40.6766277342483],[-73.9784295329145,40.67664631955269],[-73.97839550001937,40.676675895976864],[-73.97837728948201,40.67671269209045],[-73.97837722468992,40.67675201305386],[-73.97856084156133,40.676823466336636],[-73.97864992280454,40.67668488107787]]]]}},{"type":"Feature","properties":{"layer":"athletic_facility","name":"Prospect Park","gispropnum":"B073","sign_name":null,"feature_class":null,"subcategory":null,"type_category":null,"borough":"B","communityboard":"355","acres":null,"address":null,"location":null,"waterfront":null,"included_reason":"parent park explicitly included","source_file":"Athletic_Facilities_20260421.geojson","facility_id":"B073-ZN15-BASEBALL-3","sport":"SFB","facility_type":"60ft base path, 150-200ft fence","status":"Active","field_number":"04","surface_type":"Natural","accessible":"False","field_lighted":"False","zipcode":"11215"},"geometry":{"type":"MultiPolygon","coordinates":[[[[-73.97252431745808,40.66168410703085],[-73.97242360614582,40.66208872184177],[-73.97245469086971,40.66213080141157],[-73.97249324022576,40.66216913210751],[-73.97253848942725,40.662202950101815],[-73.97258953646764,40.66223158428704],[-73.97264536695116,40.662254463486974],[-73.97270486945956,40.66227113267018],[-73.97276686038381,40.66228126106139],[-73.97283010520903,40.66228464664939],[-73.97289334689553,40.662281221597084],[-73.9729553271656,40.66227105404806],[-73.97301481133941,40.662254347231226],[-73.97307061672038,40.66223143316415],[-73.97312163388473,40.66220276725417],[-73.97316684560606,40.662168921098086],[-73.97320535406128,40.66213056627882],[-73.97323639265863,40.66208846716298],[-73.97325934378364,40.66204346109316],[-73.97327375181172,40.66199644398207],[-73.97327932784509,40.6619483505017],[-73.97327596154277,40.66190013787648],[-73.97326372230921,40.66185276607225],[-73.97324285102347,40.66180717618177],[-73.97321376359028,40.6617642769182],[-73.97263454241039,40.66162773396634],[-73.97252431745808,40.66168410703085]]]]}},{"type":"Feature","properties":{"layer":"athletic_facility","name":"Prospect Park","gispropnum":"B073","sign_name":null,"feature_class":null,"subcategory":null,"type_category":null,"borough":"B","communityboard":"355","acres":null,"address":null,"location":null,"waterfront":null,"included_reason":"parent park explicitly included","source_file":"Athletic_Facilities_20260421.geojson","facility_id":"B073-ZN15-BASEBALL-7","sport":"SFB","facility_type":"60ft base path, 150-200ft fence","status":"Active","field_number":"05","surface_type":"Natural","accessible":"False","field_lighted":"False","zipcode":"11215"},"geometry":{"type":"MultiPolygon","coordinates":[[[[-73.97343022822153,40.6610701811783],[-73.97278374937987,40.661281695517914],[-73.97278193979388,40.66133463464752],[-73.9727888822246,40.661387327304986],[-73.97280446587531,40.661438937783245],[-73.97282844513171,40.661488647451414],[-73.97286043837289,40.661535667361896],[-73.97289993860682,40.661579252661596],[-73.97294631937886,40.66161871069843],[-73.97299884540755,40.66165341723363],[-73.97305668322515,40.66168282094771],[-73.97311891536346,40.66170645605125],[-73.97318455572534,40.66172394679206],[-73.97325256140806,40.66173501556282],[-73.97332185517047,40.661739488309856],[-73.97339133726055,40.66173729273511],[-73.97345990670081,40.661728463704456],[-73.97352647548037,40.66171314235011],[-73.97358998629699,40.66169157067175],[-73.97364943384405,40.66166409154073],[-73.97370387309284,40.66163113969676],[-73.97375244294543,40.661593239050916],[-73.97379437215228,40.661550990079206],[-73.97349936790913,40.661085723831604],[-73.97343022822153,40.6610701811783]]]]}},{"type":"Feature","properties":{"layer":"athletic_facility","name":"Prospect Park","gispropnum":"B073","sign_name":null,"feature_class":null,"subcategory":null,"type_category":null,"borough":"B","communityboard":"355","acres":null,"address":null,"location":null,"waterfront":null,"included_reason":"parent park explicitly included","source_file":"Athletic_Facilities_20260421.geojson","facility_id":"B073-ZN15-BASEBALL-6","sport":"SFB","facility_type":"60ft base path, 150-200ft fence","status":"Active","field_number":"06","surface_type":"Natural","accessible":"False","field_lighted":"False","zipcode":"11215"},"geometry":{"type":"MultiPolygon","coordinates":[[[[-73.97389044298967,40.66157382290546],[-73.97396079632733,40.661583974164415],[-73.97403225915093,40.66158741768437],[-73.9741037328837,40.66158410188656],[-73.97417411772635,40.661574077853516],[-73.97424233276246,40.661557497532435],[-73.97430733014885,40.66153461824076],[-73.97436811049468,40.661505790062115],[-73.9744237394178,40.661471455849444],[-73.97447336173883,40.661432144923964],[-73.97451621685903,40.66138845957035],[-73.97455164349188,40.66134107233553],[-73.97457909858835,40.66129071162409],[-73.97459816088777,40.66123815089227],[-73.9746085356512,40.661184197842275],[-73.9746100641251,40.6611296809165],[-73.97460272354311,40.66107544029209],[-73.97458662595015,40.66102230716874],[-73.97456202056715,40.66097109926685],[-73.97452928197106,40.66092260371529],[-73.97448891719303,40.66087756534666],[-73.9744415432538,40.66083667588668],[-73.97438789071408,40.66080056495049],[-73.97432878357635,40.66076978653084],[-73.9736543097812,40.66099254876929],[-73.97362680708572,40.661045198363695],[-73.97389044298967,40.66157382290546]]]]}},{"type":"Feature","properties":{"layer":"athletic_facility","name":"Prospect Park","gispropnum":"B073","sign_name":null,"feature_class":null,"subcategory":null,"type_category":null,"borough":"B","communityboard":"355","acres":null,"address":null,"location":null,"waterfront":null,"included_reason":"parent park explicitly included","source_file":"Athletic_Facilities_20260421.geojson","facility_id":"B073-ZN15-BASEBALL-1","sport":"BSB","facility_type":"90ft base path, 200+ft fence","status":"Active","field_number":"03","surface_type":"Natural","accessible":"False","field_lighted":"False","zipcode":"11215"},"geometry":{"type":"MultiPolygon","coordinates":[[[[-73.97456619062494,40.66237792735497],[-73.97412470210755,40.66181144195775],[-73.97405036781537,40.66181108481766],[-73.97397650981269,40.66181749421701],[-73.97390418648685,40.66183057674317],[-73.97383443379492,40.6618501471283],[-73.97376825107632,40.66187592374326],[-73.9737065880431,40.661907536699076],[-73.97365032585732,40.66194453504615],[-73.97360027240153,40.66198638677254],[-73.97355714453538,40.66203249230727],[-73.97352155863217,40.662082192621945],[-73.97349402702845,40.66213477463265],[-73.97347494264477,40.66218948470358],[-73.97346457898001,40.662245539452876],[-73.9734630841937,40.66230213565639],[-73.97347048109904,40.66235846285517],[-73.97348666361043,40.662413712359374],[-73.97351139791742,40.66246709435868],[-73.97354433194154,40.66251784332786],[-73.97358499296435,40.66256523243473],[-73.97363279708313,40.66260858254802],[-73.97368706221438,40.66264727214675],[-73.9737470080898,40.66268074722612],[-73.9738117775398,40.66270852760716],[-73.9745264809898,40.66244506556414],[-73.97456619062494,40.66237792735497]]]]}},{"type":"Feature","properties":{"layer":"athletic_facility","name":"Prospect Park","gispropnum":"B073","sign_name":null,"feature_class":null,"subcategory":null,"type_category":null,"borough":"B","communityboard":"355","acres":null,"address":null,"location":null,"waterfront":null,"included_reason":"parent park explicitly included","source_file":"Athletic_Facilities_20260421.geojson","facility_id":"B073-ZN15-BASEBALL-2","sport":"SFB","facility_type":"60ft base path, 150-200ft fence","status":"Active","field_number":"07","surface_type":"Natural","accessible":"False","field_lighted":"False","zipcode":"11215"},"geometry":{"type":"MultiPolygon","coordinates":[[[[-73.97472642069397,40.661396504333325],[-73.97479580537338,40.661416321011735],[-73.97486780711284,40.66142966440781],[-73.9749413900661,40.661436343381574],[-73.97501549351615,40.66143626044387],[-73.9750890507947,40.66142941896478],[-73.97516100111213,40.66141591507155],[-73.97523030965944,40.66139594485679],[-73.97529597707339,40.6613697953755],[-73.97535705717578,40.66133784374742],[-73.97541267235017,40.661300549956174],[-73.97546201827487,40.6612584505457],[-73.97550438639315,40.66121215322179],[-73.97553916628316,40.66116232334387],[-73.97556585630174,40.66110967942428],[-73.97558407304834,40.66105498052253],[-73.97559355255149,40.66099901273748],[-73.97559415972937,40.660942583805806],[-73.97558588484698,40.66088650599136],[-73.97556884824832,40.660831586180535],[-73.97554329326304,40.66077861687572],[-73.97550959094072,40.660728359987125],[-73.97546822467983,40.660681539625905],[-73.9754197914135,40.66063883039834],[-73.9753649874222,40.66060084749738],[-73.97459416347077,40.66073017499891],[-73.97455449152841,40.660772445477164],[-73.97472642069397,40.661396504333325]]]]}},{"type":"Feature","properties":{"layer":"athletic_facility","name":"Prospect Park","gispropnum":"B073","sign_name":null,"feature_class":null,"subcategory":null,"type_category":null,"borough":"B","communityboard":"355","acres":null,"address":null,"location":null,"waterfront":null,"included_reason":"parent park explicitly included","source_file":"Athletic_Facilities_20260421.geojson","facility_id":"B073-ZN15-BASEBALL-5","sport":"BSB","facility_type":"90ft base path, 200+ft fence","status":"Active","field_number":"02","surface_type":"Natural","accessible":"False","field_lighted":"False","zipcode":"11215"},"geometry":{"type":"MultiPolygon","coordinates":[[[[-73.9755084176874,40.661939910877564],[-73.97548559972354,40.661877788401114],[-73.97545390008302,40.66181796844605],[-73.97541370757105,40.66176118500904],[-73.97536551506461,40.66170813518644],[-73.97530991241977,40.66165946926761],[-73.97524758529109,40.661615784431845],[-73.9751792950312,40.661577616639775],[-73.97510588105814,40.66154543433107],[-73.97502824312015,40.66151963301793],[-73.9749473353866,40.66150052717992],[-73.97486414871024,40.661488352962],[-73.97477970471921,40.66148325916844],[-73.97469503807991,40.661485309060325],[-73.974611189405,40.66149447585126],[-73.97452918633279,40.66151064810659],[-73.97445003406894,40.661533627939896],[-73.97437470592733,40.66156313191118],[-73.97430412322505,40.66159880002717],[-73.97423915410143,40.661640193038934],[-73.97418059459429,40.66168680324343],[-73.97412916390792,40.66173805988469],[-73.97468523769756,40.66234102614391],[-73.97479986797538,40.6623444093384],[-73.9755084176874,40.661939910877564]]]]}},{"type":"Feature","properties":{"layer":"athletic_facility","name":"Prospect Park","gispropnum":"B073","sign_name":null,"feature_class":null,"subcategory":null,"type_category":null,"borough":"B","communityboard":"355","acres":null,"address":null,"location":null,"waterfront":null,"included_reason":"parent park explicitly included","source_file":"Athletic_Facilities_20260421.geojson","facility_id":"B073-ZN15-SOCCER-3","sport":"SCR","facility_type":"147-295ft W x 295-393ft L","status":"Active","field_number":"03","surface_type":"Natural","accessible":"False","field_lighted":"False","zipcode":"11215"},"geometry":{"type":"MultiPolygon","coordinates":[[[[-73.97370250763228,40.66262008188895],[-73.97378084576982,40.66171184173128],[-73.9731112534215,40.66167488215718],[-73.97302751049077,40.66257952843832],[-73.97370250763228,40.66262008188895]]]]}},{"type":"Feature","properties":{"layer":"athletic_facility","name":"Prospect Park","gispropnum":"B073","sign_name":null,"feature_class":null,"subcategory":null,"type_category":null,"borough":"B","communityboard":"355","acres":null,"address":null,"location":null,"waterfront":null,"included_reason":"parent park explicitly included","source_file":"Athletic_Facilities_20260421.geojson","facility_id":"B073-ZN15-SOCCER-2","sport":"SCR","facility_type":"147-295ft W x 295-393ft L","status":"Active","field_number":"02","surface_type":"Natural","accessible":"False","field_lighted":"False","zipcode":"11215"},"geometry":{"type":"MultiPolygon","coordinates":[[[[-73.97479257306597,40.66197452517291],[-73.97484215001516,40.66106511175246],[-73.97417158795774,40.661040450183485],[-73.97411649614315,40.66194636897596],[-73.97479257306597,40.66197452517291]]]]}},{"type":"Feature","properties":{"layer":"athletic_facility","name":"Prospect Park","gispropnum":"B073","sign_name":null,"feature_class":null,"subcategory":null,"type_category":null,"borough":"B","communityboard":"355","acres":null,"address":null,"location":null,"waterfront":null,"included_reason":"parent park explicitly included","source_file":"Athletic_Facilities_20260421.geojson","facility_id":"B073-ZN15-SOCCER-1","sport":"SCR","facility_type":"147-295ft W x 295-393ft L","status":"Active","field_number":"01","surface_type":"Natural","accessible":"False","field_lighted":"False","zipcode":"11215"},"geometry":{"type":"MultiPolygon","coordinates":[[[[-73.97593797249154,40.66179876545314],[-73.97582746741936,40.66089246710109],[-73.97515859589157,40.66093628600915],[-73.97526302186436,40.66183968313082],[-73.97593797249154,40.66179876545314]]]]}},{"type":"Feature","properties":{"layer":"athletic_facility","name":"Prospect Park","gispropnum":"B073","sign_name":null,"feature_class":null,"subcategory":null,"type_category":null,"borough":"B","communityboard":"355","acres":null,"address":null,"location":null,"waterfront":null,"included_reason":"parent park explicitly included","source_file":"Athletic_Facilities_20260421.geojson","facility_id":"B073-ZN24-HOCKEY-1","sport":"HKY","facility_type":"Hockey","status":"Inactive","field_number":"01","surface_type":"Concrete","accessible":"False","field_lighted":"False","zipcode":"11215"},"geometry":{"type":"MultiPolygon","coordinates":[[[[-73.96542504077227,40.65816057544318],[-73.96545593015512,40.65817049401028],[-73.96548943036238,40.65817144330515],[-73.96552120176193,40.658163299554424],[-73.9655471311501,40.65814711783374],[-73.96573461665936,40.657927207309925],[-73.96574406165149,40.657903013237465],[-73.96573972892546,40.657877988386836],[-73.9657184511109,40.65785355913161],[-73.9652330194017,40.65761694402329],[-73.96520212211219,40.65761140370588],[-73.96517073759928,40.657615024190186],[-73.96513331851803,40.65763533301531],[-73.96493892155499,40.65786412946143],[-73.96492867636732,40.65788713814391],[-73.96493244522432,40.657911263237],[-73.96495234734067,40.65793385156207],[-73.96542504077227,40.65816057544318]]]]}},{"type":"Feature","properties":{"layer":"athletic_facility","name":"Prospect Park","gispropnum":"B073","sign_name":null,"feature_class":null,"subcategory":null,"type_category":null,"borough":"B","communityboard":"355","acres":null,"address":null,"location":null,"waterfront":null,"included_reason":"parent park explicitly included","source_file":"Athletic_Facilities_20260421.geojson","facility_id":"B073-ZN14-CRICKET-1","sport":"CRK","facility_type":"60 ft Cricket Pitch","status":"Inactive","field_number":null,"surface_type":"Natural","accessible":"False","field_lighted":"False","zipcode":"11215"},"geometry":{"type":"MultiPolygon","coordinates":[[[[-73.97172494391374,40.6645261667023],[-73.97175009731103,40.66449043590222],[-73.97176728826213,40.66445206553105],[-73.97177605986802,40.664412078466455],[-73.9717761763591,40.66437153726144],[-73.97176763729463,40.66433152073415],[-73.97175066692962,40.66429309424835],[-73.97172572013892,40.66425727909726],[-73.97169345877373,40.66422502908527],[-73.97165474102941,40.66419720170893],[-73.97161059780225,40.66417453744041],[-73.97156220313313,40.66415763990959],[-73.97151084465156,40.664146957887056],[-73.97145788810404,40.66414277537028],[-73.97140474424627,40.66414520437177],[-73.97135282627438,40.664154180406065],[-73.9713035143493,40.66416946338127],[-73.97125812129896,40.664190648396534],[-73.97121785477526,40.66421717023441],[-73.97087884035906,40.66457484013777],[-73.97085718834596,40.664612736474794],[-73.97084406181793,40.66465283582987],[-73.97083982196052,40.66469403696637],[-73.97084458518037,40.66473520436402],[-73.97085821953833,40.66477520603962],[-73.97088035064861,40.664812940564175],[-73.97091036994028,40.664847370384415],[-73.97094745001843,40.66487754704189],[-73.97099057185018,40.664902640897594],[-73.97103854840701,40.664921961850624],[-73.9710900589535,40.66493497645761],[-73.97114368688229,40.664941328654706],[-73.97119795519279,40.66494084246843],[-73.97125137142801,40.66493353103278],[-73.97130246552011,40.66491959569771],[-73.97134983118542,40.66489942153695],[-73.97139216495867,40.664873561147736],[-73.97172494391374,40.6645261667023]]]]}},{"type":"Feature","properties":{"layer":"athletic_facility","name":"Prospect Park","gispropnum":"B073","sign_name":null,"feature_class":null,"subcategory":null,"type_category":null,"borough":"B","communityboard":"355","acres":null,"address":null,"location":null,"waterfront":null,"included_reason":"parent park explicitly included","source_file":"Athletic_Facilities_20260421.geojson","facility_id":"B073-ZN12-CRICKET-1","sport":"CRK","facility_type":"60 ft Cricket Pitch","status":"Inactive","field_number":null,"surface_type":"Natural","accessible":"False","field_lighted":"False","zipcode":"11215"},"geometry":{"type":"MultiPolygon","coordinates":[[[[-73.9680613573258,40.667057580262856],[-73.96802267612844,40.66702972196655],[-73.96797856302574,40.66700702210082],[-73.96793018971024,40.66699008433179],[-73.96787884265756,40.66697936107222],[-73.96782589120437,40.666975136363625],[-73.96777274024714,40.66697752226138],[-73.96772080777532,40.66698645612693],[-73.96767147165471,40.667001700612914],[-73.96762604715721,40.667022849059755],[-73.96758574319813,40.66704933899027],[-73.96755162921691,40.66708046560752],[-73.96752461624574,40.667115401600164],[-73.96750542023831,40.66715321604203],[-73.96749455377618,40.66719290410624],[-73.96749230595103,40.667233409571736],[-73.96749873525295,40.66727365453824],[-73.96751367073664,40.66731256824264],[-73.96753671673667,40.66734911497694],[-73.96790103116453,40.667692068768076],[-73.96794337512642,40.66771791997363],[-73.96799074808932,40.66773808580609],[-73.96804184821973,40.667752011179914],[-73.96809526952451,40.66775931208058],[-73.96814953969118,40.667759788182785],[-73.96820316621145,40.6677534264655],[-73.96825467422786,40.667740402123286],[-73.9683026455656,40.667721073173496],[-73.96834576131388,40.66769597146237],[-73.96838283376547,40.66766578826501],[-73.96841284190643,40.66763135358238],[-73.96843496335713,40.66759361543739],[-73.96844858621108,40.66755361196134],[-73.9684533362469,40.66751244438544],[-73.96844908403763,40.66747124462351],[-73.9684359461443,40.6674311473564],[-73.96841428276448,40.66739325581181],[-73.9680613573258,40.667057580262856]]]]}},{"type":"Feature","properties":{"layer":"athletic_facility","name":"Prospect Park","gispropnum":"B073","sign_name":null,"feature_class":null,"subcategory":null,"type_category":null,"borough":"B","communityboard":"355","acres":null,"address":null,"location":null,"waterfront":null,"included_reason":"parent park explicitly included","source_file":"Athletic_Facilities_20260421.geojson","facility_id":"B073-ZN13-CRICKET-3","sport":"CRK","facility_type":"60 ft Cricket Pitch","status":"Inactive","field_number":null,"surface_type":"Natural","accessible":"False","field_lighted":"False","zipcode":"11215"},"geometry":{"type":"MultiPolygon","coordinates":[[[[-73.97008840872147,40.669351119941346],[-73.97009428456822,40.669310826099476],[-73.97009147968274,40.669270341792966],[-73.97008006810685,40.66923074225589],[-73.97006035332785,40.669193082969024],[-73.97003286001394,40.669158364537566],[-73.96999831983017,40.669127511075814],[-73.9699576525269,40.66910134318723],[-73.96991193874712,40.669080558147115],[-73.96986239520047,40.66906570828428],[-73.96981034155488,40.66905718836598],[-73.96975716023235,40.66905522568216],[-73.96970426684736,40.66905987193341],[-73.96965306999839,40.66907100322064],[-73.96960492987466,40.669088324536226],[-73.96956112868887,40.669111374258904],[-73.96952283164373,40.66913953945104],[-73.96949105735929,40.6691720702588],[-73.96946665184434,40.66920810151658],[-73.96932687383253,40.66963617122516],[-73.9693253078909,40.66967748105663],[-73.96933273284908,40.66971841957095],[-73.96934894345479,40.66975786016685],[-73.96937349316742,40.669794717600524],[-73.96940570833456,40.66982797770712],[-73.96944470118741,40.669856725320656],[-73.96948939939607,40.669880168596826],[-73.9695385732598,40.66989766333483],[-73.96959086763361,40.669908728295496],[-73.96964484450037,40.669913057820466],[-73.96969901963051,40.669910533548915],[-73.96975190161254,40.66990122532864],[-73.96980203443292,40.66988538852565],[-73.96984803887445,40.669863458631525],[-73.9698886491861,40.669836040466315],[-73.96992274739108,40.66980388747488],[-73.96994939640976,40.66976788462492],[-73.97008840872147,40.669351119941346]]]]}},{"type":"Feature","properties":{"layer":"athletic_facility","name":"Prospect Park","gispropnum":"B073","sign_name":null,"feature_class":null,"subcategory":null,"type_category":null,"borough":"B","communityboard":"355","acres":null,"address":null,"location":null,"waterfront":null,"included_reason":"parent park explicitly included","source_file":"Athletic_Facilities_20260421.geojson","facility_id":"B073-ZN19-CRICKET-1","sport":"CRK","facility_type":"60 ft Cricket Pitch","status":"Inactive","field_number":null,"surface_type":"Natural","accessible":"False","field_lighted":"False","zipcode":"11215"},"geometry":{"type":"MultiPolygon","coordinates":[[[[-73.9691366823761,40.66096717265694],[-73.96917732339323,40.66094154945297],[-73.96921197350765,40.660911250050376],[-73.96923971826104,40.6608770747691],[-73.96925982289669,40.660839926635724],[-73.96927175720214,40.660800788876585],[-73.96927520379857,40.66076069610279],[-73.96927007234181,40.66072070729841],[-73.96925649834925,40.660681880605246],[-73.96923484203012,40.660645241805],[-73.96920567410407,40.66061176090214],[-73.96916976753656,40.66058232150491],[-73.9691280703477,40.66055770370866],[-73.96908168552248,40.66053855617546],[-73.96903183790492,40.66052538712088],[-73.96897984819324,40.66051854359532],[-73.96892708800812,40.66051820697031],[-73.96887495506483,40.6605243857276],[-73.96882482469184,40.66053691634684],[-73.96877802499732,40.66055546870156],[-73.96796707671619,40.660965152721026],[-73.96792648842785,40.660990787218864],[-73.96789188971759,40.661021089850536],[-73.96786419151742,40.661055259416294],[-73.9678441262516,40.661092394708824],[-73.96783222417585,40.66113151431741],[-73.9678288003544,40.661171584539936],[-73.96783394281884,40.66121154909591],[-73.96784751728585,40.661250350740374],[-73.96786916595555,40.66128696638381],[-73.96789831695968,40.661320428707484],[-73.96793419853759,40.66134985318342],[-73.9679758650387,40.66137446419747],[-73.96802221701769,40.661393610364435],[-73.96807202724027,40.66140678704887],[-73.96812398443284,40.66141364628363],[-73.9681767133826,40.661414006681554],[-73.96822882223809,40.66140785885201],[-73.96827893680451,40.66139536541038],[-73.96832573129436,40.6613768555832],[-73.9691366823761,40.66096717265694]]]]}},{"type":"Feature","properties":{"layer":"athletic_facility","name":"Prospect Park","gispropnum":"B073","sign_name":null,"feature_class":null,"subcategory":null,"type_category":null,"borough":"B","communityboard":"355","acres":null,"address":null,"location":null,"waterfront":null,"included_reason":"parent park explicitly included","source_file":"Athletic_Facilities_20260421.geojson","facility_id":"B073-ZN13-CRICKET-2","sport":"CRK","facility_type":"60 ft Cricket Pitch","status":"Inactive","field_number":null,"surface_type":"Natural","accessible":"False","field_lighted":"False","zipcode":"11215"},"geometry":{"type":"MultiPolygon","coordinates":[[[[-73.96991836923847,40.6701838237178],[-73.96992424526131,40.67014352988863],[-73.96992144044407,40.67010304558194],[-73.96991002882667,40.670063446031975],[-73.96989031389755,40.6700257867197],[-73.96986282032886,40.669991068251065],[-73.96982827979251,40.66996021474124],[-73.96978761204824,40.66993404679516],[-73.96974189775078,40.66991326168955],[-73.96969235362339,40.66989841175499],[-73.9696402993497,40.66988989176057],[-73.96958711736822,40.66988792899833],[-73.96953422331099,40.66989257517097],[-73.96948302579452,40.66990370638138],[-73.96943488502556,40.66992102762415],[-73.96939108323421,40.66994407727975],[-73.96935278563913,40.669972242412484],[-73.96932101087503,40.67000477317007],[-73.96929660496357,40.670040804388236],[-73.96915682411523,40.670468873847696],[-73.96915525804877,40.67051018367275],[-73.96916268299528,40.67055112219398],[-73.96917889370282,40.67059056280991],[-73.96920344362793,40.670627420276276],[-73.96923565911247,40.67066068042718],[-73.96927465237891,40.67068942809551],[-73.96931935108579,40.67071287143541],[-73.96936852551883,40.67073036624436],[-73.96942082051737,40.67074143128122],[-73.96947479804697,40.67074576088551],[-73.96952897385994,40.67074323669429],[-73.9695818565259,40.67073392855312],[-73.96963199001252,40.670718091825776],[-73.96967799508435,40.67069616200184],[-73.96971860597294,40.670668743899384],[-73.96975270468558,40.67063659096151],[-73.96977935412878,40.670600588154514],[-73.96991836923847,40.6701838237178]]]]}},{"type":"Feature","properties":{"layer":"athletic_facility","name":"Prospect Park","gispropnum":"B073","sign_name":null,"feature_class":null,"subcategory":null,"type_category":null,"borough":"B","communityboard":"355","acres":null,"address":null,"location":null,"waterfront":null,"included_reason":"parent park explicitly included","source_file":"Athletic_Facilities_20260421.geojson","facility_id":"B073-ZN13-CRICKET-1","sport":"CRK","facility_type":"60 ft Cricket Pitch","status":"Inactive","field_number":null,"surface_type":"Natural","accessible":"False","field_lighted":"False","zipcode":"11215"},"geometry":{"type":"MultiPolygon","coordinates":[[[[-73.97016657643626,40.6683434596753],[-73.97016458624705,40.66830330966844],[-73.97015407587425,40.66826393639732],[-73.97013532515511,40.66822638092835],[-73.97010883037184,40.66819163485422],[-73.97007528888527,40.668160617777495],[-73.97003559086757,40.66813415029368],[-73.96999078383287,40.668112930569464],[-73.96994205372127,40.66809751993],[-73.96989068706259,40.668088326640614],[-73.96983804259945,40.66808559329281],[-73.96978551344662,40.668089392292025],[-73.96973448570114,40.66809962314525],[-73.96968631124247,40.668116015155505],[-73.96964226160682,40.66813813551391],[-73.96960350196639,40.66816539829719],[-73.96957105682401,40.66819708426973],[-73.9695457851717,40.668232354383534],[-73.96952835445934,40.668270276786416],[-73.9695192240262,40.6683098493296],[-73.96945300917714,40.6690492226333],[-73.96945504154658,40.669089350147296],[-73.96946558239863,40.66912869647113],[-73.96948435311289,40.6691662232341],[-73.96951085979826,40.66920093973416],[-73.96954440155825,40.66923192905562],[-73.96958409176678,40.66925837238932],[-73.96962888289367,40.66927957155287],[-73.96967759251534,40.66929496700846],[-73.96972893405925,40.66930415137968],[-73.96978155109636,40.66930688296852],[-73.9698340540044,40.66930308936764],[-73.96988505781341,40.66929287107241],[-73.96993321295979,40.66927649698623],[-73.96997725023037,40.66925440082997],[-73.97001600560806,40.669227164938526],[-73.9700484545744,40.66919550946282],[-73.97007374286945,40.66916026986445],[-73.97009119951014,40.66912237620622],[-73.97010036636573,40.66908283064644],[-73.97016657643626,40.6683434596753]]]]}},{"type":"Feature","properties":{"layer":"athletic_facility","name":"Prospect Park","gispropnum":"B073","sign_name":null,"feature_class":null,"subcategory":null,"type_category":null,"borough":"B","communityboard":"355","acres":null,"address":null,"location":null,"waterfront":null,"included_reason":"parent park explicitly included","source_file":"Athletic_Facilities_20260421.geojson","facility_id":"B073-ZN15-BASEBALL-4","sport":"SFB","facility_type":"60ft base path, 150-200ft fence","status":"Active","field_number":"01","surface_type":"Natural","accessible":"False","field_lighted":"False","zipcode":"11215"},"geometry":{"type":"MultiPolygon","coordinates":[[[[-73.97664796709695,40.6612638654803],[-73.9766438196735,40.66119715078196],[-73.97608452525162,40.66081066929204],[-73.97601907767132,40.66081979500764],[-73.9759557881956,40.66083542736839],[-73.97589576611247,40.66085729285327],[-73.97584006635806,40.660885007168346],[-73.97578966468146,40.660918084246426],[-73.97574544581772,40.660955943447824],[-73.9757081845634,40.6609979212626],[-73.97567853631257,40.66104328121372],[-73.975657020496,40.66109122736032],[-73.97564401466201,40.66114091870459],[-73.97563974737562,40.66119148179687],[-73.97564429229622,40.66124203234663],[-73.97565757053864,40.66129168152643],[-73.97567934948073,40.6613395584847],[-73.97570924630435,40.661384823854625],[-73.97574673626715,40.66142668236326],[-73.97579116333748,40.66146440174532],[-73.9758417461043,40.66149731814823],[-73.97589759905615,40.66152485414737],[-73.9759577408556,40.661546528654284],[-73.9760211168071,40.661561959623484],[-73.97608661422665,40.661570875762884],[-73.97615308490928,40.66157312284268],[-73.97664796709695,40.6612638654803]]]]}},{"type":"Feature","properties":{"layer":"athletic_facility","name":"Brooklyn Bridge Park","gispropnum":"B431","sign_name":null,"feature_class":null,"subcategory":null,"type_category":null,"borough":"B","communityboard":"302","acres":null,"address":null,"location":null,"waterfront":null,"included_reason":"parent park explicitly included","source_file":"Athletic_Facilities_20260421.geojson","facility_id":"B431-VOLLEYBALL-3","sport":"VLB","facility_type":"Volleyball","status":"Inactive","field_number":"03","surface_type":"Sand","accessible":"False","field_lighted":"False","zipcode":"11201"},"geometry":{"type":"MultiPolygon","coordinates":[[[[-74.00198742454586,40.69321604466315],[-74.00189485700723,40.69318463993777],[-74.00180294298586,40.69334161161174],[-74.00189550833282,40.69337301280836],[-74.00198742454586,40.69321604466315]]]]}},{"type":"Feature","properties":{"layer":"athletic_facility","name":"Brooklyn Bridge Park","gispropnum":"B431","sign_name":null,"feature_class":null,"subcategory":null,"type_category":null,"borough":"B","communityboard":"302","acres":null,"address":null,"location":null,"waterfront":null,"included_reason":"parent park explicitly included","source_file":"Athletic_Facilities_20260421.geojson","facility_id":"B431-VOLLEYBALL-2","sport":"VLB","facility_type":"Volleyball","status":"Inactive","field_number":"02","surface_type":"Sand","accessible":"False","field_lighted":"False","zipcode":"11201"},"geometry":{"type":"MultiPolygon","coordinates":[[[[-74.00181556991483,40.69315743492113],[-74.00172300253844,40.693126030057314],[-74.00163108819328,40.693283001595155],[-74.00172365337798,40.69331440293028],[-74.00181556991483,40.69315743492113]]]]}},{"type":"Feature","properties":{"layer":"athletic_facility","name":"Brooklyn Bridge Park","gispropnum":"B431","sign_name":null,"feature_class":null,"subcategory":null,"type_category":null,"borough":"B","communityboard":"302","acres":null,"address":null,"location":null,"waterfront":null,"included_reason":"parent park explicitly included","source_file":"Athletic_Facilities_20260421.geojson","facility_id":"B431-VOLLEYBALL-1","sport":"VLB","facility_type":"Volleyball","status":"Inactive","field_number":"01","surface_type":"Sand","accessible":"False","field_lighted":"False","zipcode":"11201"},"geometry":{"type":"MultiPolygon","coordinates":[[[[-74.00164653369889,40.69309811077509],[-74.00155396648455,40.69306670577505],[-74.00146205182317,40.69322367717906],[-74.0015546168459,40.693255078650395],[-74.00164653369889,40.69309811077509]]]]}},{"type":"Feature","properties":{"layer":"athletic_facility","name":"Brooklyn Bridge Park","gispropnum":"B431","sign_name":null,"feature_class":null,"subcategory":null,"type_category":null,"borough":"B","communityboard":"302","acres":null,"address":null,"location":null,"waterfront":null,"included_reason":"parent park explicitly included","source_file":"Athletic_Facilities_20260421.geojson","facility_id":"B431-SOCCER-3","sport":"SCR","facility_type":"147-295ft W x 295-393ft L","status":"Inactive","field_number":"03","surface_type":"Synthetic","accessible":"False","field_lighted":"False","zipcode":"11201"},"geometry":{"type":"MultiPolygon","coordinates":[[[[-74.00276496836508,40.69483847076231],[-74.00222350018937,40.694652683316086],[-74.00182271837954,40.69532871061916],[-74.00236418856232,40.69551449633307],[-74.00276496836508,40.69483847076231]]]]}},{"type":"Feature","properties":{"layer":"athletic_facility","name":"Brooklyn Bridge Park","gispropnum":"B431","sign_name":null,"feature_class":null,"subcategory":null,"type_category":null,"borough":"B","communityboard":"302","acres":null,"address":null,"location":null,"waterfront":null,"included_reason":"parent park explicitly included","source_file":"Athletic_Facilities_20260421.geojson","facility_id":"B431-SOCCER-2","sport":"SCR","facility_type":"147-295ft W x 295-393ft L","status":"Inactive","field_number":"02","surface_type":"Synthetic","accessible":"False","field_lighted":"False","zipcode":"11201"},"geometry":{"type":"MultiPolygon","coordinates":[[[[-74.00216643644708,40.694634531869376],[-74.00162497159545,40.69444874160238],[-74.00122418494277,40.69512476683858],[-74.00176565180142,40.69531055537326],[-74.00216643644708,40.694634531869376]]]]}},{"type":"Feature","properties":{"layer":"athletic_facility","name":"Brooklyn Bridge Park","gispropnum":"B431","sign_name":null,"feature_class":null,"subcategory":null,"type_category":null,"borough":"B","communityboard":"302","acres":null,"address":null,"location":null,"waterfront":null,"included_reason":"parent park explicitly included","source_file":"Athletic_Facilities_20260421.geojson","facility_id":"B431-SOCCER-1","sport":"SCR","facility_type":"147-295ft W x 295-393ft L","status":"Inactive","field_number":"01","surface_type":"Synthetic","accessible":"False","field_lighted":"False","zipcode":"11201"},"geometry":{"type":"MultiPolygon","coordinates":[[[[-74.00155789182494,40.69442677812408],[-74.00101643035627,40.69424098498913],[-74.00061563878224,40.694917008123944],[-74.00115710225786,40.69510279952657],[-74.00155789182494,40.69442677812408]]]]}},{"type":"Feature","properties":{"layer":"athletic_facility","name":"Brooklyn Bridge Park","gispropnum":"B431","sign_name":null,"feature_class":null,"subcategory":null,"type_category":null,"borough":"B","communityboard":"302","acres":null,"address":null,"location":null,"waterfront":null,"included_reason":"parent park explicitly included","source_file":"Athletic_Facilities_20260421.geojson","facility_id":"B431-HANDBALL-1","sport":"HDB","facility_type":"Handball","status":"Inactive","field_number":"01","surface_type":"Concrete","accessible":"False","field_lighted":"False","zipcode":"11201"},"geometry":{"type":"MultiPolygon","coordinates":[[[[-73.99796113293439,40.69953518853408],[-73.99786855851846,40.69950378059549],[-73.99780410673768,40.69961382737009],[-73.99789667890977,40.69964523175798],[-73.99796113293439,40.69953518853408]]]]}},{"type":"Feature","properties":{"layer":"athletic_facility","name":"Brooklyn Bridge Park","gispropnum":"B431","sign_name":null,"feature_class":null,"subcategory":null,"type_category":null,"borough":"B","communityboard":"302","acres":null,"address":null,"location":null,"waterfront":null,"included_reason":"parent park explicitly included","source_file":"Athletic_Facilities_20260421.geojson","facility_id":"B431-HANDBALL-4","sport":"HDB","facility_type":"Handball","status":"Inactive","field_number":"04","surface_type":"Concrete","accessible":"False","field_lighted":"False","zipcode":"11201"},"geometry":{"type":"MultiPolygon","coordinates":[[[[-73.9980300085522,40.69941963331341],[-73.99793743426429,40.69938822542976],[-73.99787298270888,40.69949827224455],[-73.99796555475298,40.69952967657752],[-73.9980300085522,40.69941963331341]]]]}},{"type":"Feature","properties":{"layer":"athletic_facility","name":"Brooklyn Bridge Park","gispropnum":"B431","sign_name":null,"feature_class":null,"subcategory":null,"type_category":null,"borough":"B","communityboard":"302","acres":null,"address":null,"location":null,"waterfront":null,"included_reason":"parent park explicitly included","source_file":"Athletic_Facilities_20260421.geojson","facility_id":"B431-HANDBALL-2","sport":"HDB","facility_type":"Handball","status":"Inactive","field_number":"02","surface_type":"Concrete","accessible":"False","field_lighted":"False","zipcode":"11201"},"geometry":{"type":"MultiPolygon","coordinates":[[[[-73.99806600673598,40.6995721203468],[-73.99797343221937,40.69954071249275],[-73.99790898057599,40.69965075932555],[-73.99800155284876,40.699682163628914],[-73.99806600673598,40.6995721203468]]]]}},{"type":"Feature","properties":{"layer":"athletic_facility","name":"Brooklyn Bridge Park","gispropnum":"B431","sign_name":null,"feature_class":null,"subcategory":null,"type_category":null,"borough":"B","communityboard":"302","acres":null,"address":null,"location":null,"waterfront":null,"included_reason":"parent park explicitly included","source_file":"Athletic_Facilities_20260421.geojson","facility_id":"B431-HANDBALL-5","sport":"HDB","facility_type":"Handball","status":"Inactive","field_number":"05","surface_type":"Concrete","accessible":"False","field_lighted":"False","zipcode":"11201"},"geometry":{"type":"MultiPolygon","coordinates":[[[[-73.99813644762656,40.699455373711736],[-73.99804387323881,40.699423965913844],[-73.99797942182458,40.699534012787716],[-73.99807199396842,40.69956541703495],[-73.99813644762656,40.699455373711736]]]]}},{"type":"Feature","properties":{"layer":"athletic_facility","name":"Brooklyn Bridge Park","gispropnum":"B431","sign_name":null,"feature_class":null,"subcategory":null,"type_category":null,"borough":"B","communityboard":"302","acres":null,"address":null,"location":null,"waterfront":null,"included_reason":"parent park explicitly included","source_file":"Athletic_Facilities_20260421.geojson","facility_id":"B431-HANDBALL-3","sport":"HDB","facility_type":"Handball","status":"Inactive","field_number":"03","surface_type":"Concrete","accessible":"False","field_lighted":"False","zipcode":"11201"},"geometry":{"type":"MultiPolygon","coordinates":[[[[-73.99817714098454,40.69961024444122],[-73.99808456636262,40.69957883667666],[-73.99802011486582,40.69968888357116],[-73.99811268724389,40.69972028778503],[-73.99817714098454,40.69961024444122]]]]}},{"type":"Feature","properties":{"layer":"athletic_facility","name":"Brooklyn Bridge Park","gispropnum":"B431","sign_name":null,"feature_class":null,"subcategory":null,"type_category":null,"borough":"B","communityboard":"302","acres":null,"address":null,"location":null,"waterfront":null,"included_reason":"parent park explicitly included","source_file":"Athletic_Facilities_20260421.geojson","facility_id":"B431-HANDBALL-6","sport":"HDB","facility_type":"Handball","status":"Inactive","field_number":"06","surface_type":"Concrete","accessible":"False","field_lighted":"False","zipcode":"11201"},"geometry":{"type":"MultiPolygon","coordinates":[[[[-73.99824601636817,40.699492306337284],[-73.99815344187758,40.699460898627656],[-73.9980889906085,40.699570945562385],[-73.99818156285522,40.69960234972131],[-73.99824601636817,40.699492306337284]]]]}},{"type":"Feature","properties":{"layer":"athletic_facility","name":"Brooklyn Bridge Park","gispropnum":"B431","sign_name":null,"feature_class":null,"subcategory":null,"type_category":null,"borough":"B","communityboard":"302","acres":null,"address":null,"location":null,"waterfront":null,"included_reason":"parent park explicitly included","source_file":"Athletic_Facilities_20260421.geojson","facility_id":"B431-BASKETBALL-1","sport":"BKB","facility_type":"Full Court","status":"Inactive","field_number":"01","surface_type":"Concrete","accessible":"False","field_lighted":"False","zipcode":"11201"},"geometry":{"type":"MultiPolygon","coordinates":[[[[-73.99829052023085,40.69917443882059],[-73.99813602510804,40.69912087936056],[-73.99800704015951,40.699340076270914],[-73.9981615333203,40.699393633200955],[-73.99829052023085,40.69917443882059]]]]}},{"type":"Feature","properties":{"layer":"athletic_facility","name":"Brooklyn Bridge Park","gispropnum":"B431","sign_name":null,"feature_class":null,"subcategory":null,"type_category":null,"borough":"B","communityboard":"302","acres":null,"address":null,"location":null,"waterfront":null,"included_reason":"parent park explicitly included","source_file":"Athletic_Facilities_20260421.geojson","facility_id":"B431-BASKETBALL-2","sport":"BKB","facility_type":"Full Court","status":"Inactive","field_number":"02","surface_type":"Concrete","accessible":"False","field_lighted":"False","zipcode":"11201"},"geometry":{"type":"MultiPolygon","coordinates":[[[[-73.99855223199273,40.699262122579185],[-73.99839773645647,40.69920856347109],[-73.99826875219871,40.69942776067223],[-73.998423245773,40.699481317250445],[-73.99855223199273,40.699262122579185]]]]}},{"type":"Feature","properties":{"layer":"athletic_facility","name":"Brooklyn Bridge Park","gispropnum":"B431","sign_name":null,"feature_class":null,"subcategory":null,"type_category":null,"borough":"B","communityboard":"302","acres":null,"address":null,"location":null,"waterfront":null,"included_reason":"parent park explicitly included","source_file":"Athletic_Facilities_20260421.geojson","facility_id":"B431-BASKETBALL-3","sport":"BKB","facility_type":"Full Court","status":"Inactive","field_number":"03","surface_type":"Concrete","accessible":"False","field_lighted":"False","zipcode":"11201"},"geometry":{"type":"MultiPolygon","coordinates":[[[[-73.99881091304688,40.69935116278226],[-73.99865641709647,40.69929760402199],[-73.99852743351703,40.699516801510555],[-73.9986819275054,40.69957035774092],[-73.99881091304688,40.69935116278226]]]]}},{"type":"Feature","properties":{"layer":"athletic_facility","name":"Brooklyn Bridge Park","gispropnum":"B431","sign_name":null,"feature_class":null,"subcategory":null,"type_category":null,"borough":"B","communityboard":"302","acres":null,"address":null,"location":null,"waterfront":null,"included_reason":"parent park explicitly included","source_file":"Athletic_Facilities_20260421.geojson","facility_id":"B431-BASKETBALL-4","sport":"BKB","facility_type":"Full Court","status":"Inactive","field_number":"04","surface_type":"Concrete","accessible":"False","field_lighted":"False","zipcode":"11201"},"geometry":{"type":"MultiPolygon","coordinates":[[[[-73.99907816592739,40.699441300196234],[-73.99892366955338,40.69938774179533],[-73.99879468667822,40.69960693958085],[-73.99894918109018,40.699660495451816],[-73.99907816592739,40.699441300196234]]]]}},{"type":"Feature","properties":{"layer":"athletic_facility","name":"Brooklyn Bridge Park","gispropnum":"B431","sign_name":null,"feature_class":null,"subcategory":null,"type_category":null,"borough":"B","communityboard":"302","acres":null,"address":null,"location":null,"waterfront":null,"included_reason":"parent park explicitly included","source_file":"Athletic_Facilities_20260421.geojson","facility_id":"B431-BASKETBALL-5","sport":"BKB","facility_type":"Full Court","status":"Inactive","field_number":"05","surface_type":"Concrete","accessible":"False","field_lighted":"False","zipcode":"11201"},"geometry":{"type":"MultiPolygon","coordinates":[[[[-73.99933361941687,40.69952898122426],[-73.99917912263447,40.69947542316685],[-73.99905014042957,40.69969462123619],[-73.99920463524994,40.699748176763656],[-73.99933361941687,40.69952898122426]]]]}},{"type":"Feature","properties":{"layer":"athletic_facility","name":"Brooklyn Bridge Park","gispropnum":"B431","sign_name":null,"feature_class":null,"subcategory":null,"type_category":null,"borough":"B","communityboard":"302","acres":null,"address":null,"location":null,"waterfront":null,"included_reason":"parent park explicitly included","source_file":"Athletic_Facilities_20260421.geojson","facility_id":"B431-HOCKEY-1","sport":"HKY","facility_type":"Hockey","status":"Inactive","field_number":"01","surface_type":"Concrete","accessible":"False","field_lighted":"False","zipcode":"11201"},"geometry":{"type":"MultiPolygon","coordinates":[[[[-73.9990886104831,40.699845636527954],[-73.99852545449066,40.699655541588655],[-73.99851789143086,40.69965451220613],[-73.99851020884651,40.69965439954297],[-73.9985025996006,40.69965520630305],[-73.99849525064056,40.69965691267769],[-73.99848834418151,40.69965947634521],[-73.99848205415667,40.69966283427215],[-73.9984765343853,40.6996669018125],[-73.99847192212204,40.69967157901129],[-73.99839274313454,40.69980606671585],[-73.99839142842498,40.69981267825737],[-73.99839155250105,40.699819364561506],[-73.9983931130012,40.699825945525774],[-73.99839606615109,40.6998322428481],[-73.99840033267988,40.69983808813156],[-73.998405799003,40.699843323784776],[-73.99841231722228,40.699847807524655],[-73.9989754721498,40.70003790031126],[-73.99898487161043,40.70003914670329],[-73.9989944130761,40.700039156692704],[-73.9990038161239,40.70003792937647],[-73.99901280742942,40.700035499872364],[-73.99902112431697,40.70003194111964],[-73.9990285218588,40.70002735487427],[-73.99903478470715,40.700021877112],[-73.99911504296914,40.699884508239585],[-73.99911591625946,40.69987864321098],[-73.99911548328106,40.699872750256475],[-73.99911375704757,40.69986699597089],[-73.99911078488556,40.69986154424771],[-73.99910665316807,40.69985654907507],[-73.99910147784813,40.69985215273469],[-73.99909540564285,40.6998484803988],[-73.9990886104831,40.699845636527954]]]]}}]}